Major radius (central)
   0.460739855E+01
Major radius (axis)
   0.475139324E+01
Magnetic field at major radius
   0.108629630E+02
Total toroidal current
   0.125759204E+02
Number of poloidal modes
   16
Number of radial mesh points
  151
Radial mesh: sqrt(Psi/Psilim)
   0.000000000E+00   0.794216060E-02   0.158753952E-01   0.237999935E-01
   0.317150567E-01   0.396196689E-01   0.475130978E-01   0.553949734E-01
   0.632654248E-01   0.711251380E-01   0.789752875E-01   0.868173617E-01
   0.946529523E-01   0.102483550E+00   0.110310372E+00   0.118134246E+00
   0.125955581E+00   0.133774380E+00   0.141590284E+00   0.149402632E+00
   0.157210557E+00   0.165013114E+00   0.172809384E+00   0.180598517E+00
   0.188379739E+00   0.196152385E+00   0.203915945E+00   0.211670109E+00
   0.219414731E+00   0.227149752E+00   0.234875126E+00   0.242590795E+00
   0.250296671E+00   0.257992617E+00   0.265678411E+00   0.273353743E+00
   0.281018246E+00   0.288671546E+00   0.296313281E+00   0.303943107E+00
   0.311560683E+00   0.319165674E+00   0.326757754E+00   0.334336596E+00
   0.341901861E+00   0.349453201E+00   0.356990257E+00   0.364512684E+00
   0.372020150E+00   0.379512336E+00   0.386988933E+00   0.394449634E+00
   0.401894142E+00   0.409322167E+00   0.416733425E+00   0.424127628E+00
   0.431504488E+00   0.438863711E+00   0.446205005E+00   0.453528076E+00
   0.460832632E+00   0.468118379E+00   0.475385024E+00   0.482632274E+00
   0.489859830E+00   0.497067390E+00   0.504254648E+00   0.511421295E+00
   0.518567022E+00   0.525691520E+00   0.532794481E+00   0.539875601E+00
   0.546934578E+00   0.553971110E+00   0.560984897E+00   0.567975634E+00
   0.574943013E+00   0.581886722E+00   0.588806443E+00   0.595701853E+00
   0.602572624E+00   0.609418425E+00   0.616238925E+00   0.623033789E+00
   0.629802684E+00   0.636545275E+00   0.643261226E+00   0.649950201E+00
   0.656611861E+00   0.663245863E+00   0.669851865E+00   0.676429517E+00
   0.682978468E+00   0.689498364E+00   0.695988847E+00   0.702449558E+00
   0.708880136E+00   0.715280215E+00   0.721649432E+00   0.727987419E+00
   0.734293807E+00   0.740568225E+00   0.746810301E+00   0.753019657E+00
   0.759195915E+00   0.765338693E+00   0.771447604E+00   0.777522258E+00
   0.783562262E+00   0.789567218E+00   0.795536724E+00   0.801470376E+00
   0.807367763E+00   0.813228474E+00   0.819052092E+00   0.824838196E+00
   0.830586359E+00   0.836296154E+00   0.841967144E+00   0.847598888E+00
   0.853190941E+00   0.858742851E+00   0.864254161E+00   0.869724407E+00
   0.875153119E+00   0.880539821E+00   0.885884028E+00   0.891185248E+00
   0.896442977E+00   0.901656701E+00   0.906825894E+00   0.911950015E+00
   0.917028513E+00   0.922060826E+00   0.927046384E+00   0.931984607E+00
   0.936874911E+00   0.941716709E+00   0.946509427E+00   0.951252506E+00
   0.955945406E+00   0.960587594E+00   0.965178527E+00   0.969717623E+00
   0.974204258E+00   0.978637808E+00   0.983017747E+00   0.987343756E+00
   0.991615810E+00   0.995834278E+00   0.100000000E+01
Fourier equilibrium coefficients
   0.475139324E+01   0.475138712E+01   0.475136876E+01   0.475133816E+01
   0.475129532E+01   0.475124025E+01   0.475117293E+01   0.475109338E+01
   0.475100158E+01   0.475089755E+01   0.475078128E+01   0.475065277E+01
   0.475051202E+01   0.475035903E+01   0.475019380E+01   0.475001634E+01
   0.474982663E+01   0.474962469E+01   0.474941050E+01   0.474918408E+01
   0.474894542E+01   0.474869452E+01   0.474843138E+01   0.474815681E+01
   0.474787164E+01   0.474757609E+01   0.474727042E+01   0.474695494E+01
   0.474662991E+01   0.474629544E+01   0.474595163E+01   0.474559859E+01
   0.474523660E+01   0.474486595E+01   0.474448694E+01   0.474409981E+01
   0.474370480E+01   0.474330217E+01   0.474289219E+01   0.474247514E+01
   0.474205128E+01   0.474162079E+01   0.474118381E+01   0.474074052E+01
   0.474029109E+01   0.473983575E+01   0.473937473E+01   0.473890835E+01
   0.473843700E+01   0.473796102E+01   0.473748076E+01   0.473699653E+01
   0.473650865E+01   0.473601735E+01   0.473552283E+01   0.473502531E+01
   0.473452497E+01   0.473402201E+01   0.473351661E+01   0.473300893E+01
   0.473249913E+01   0.473198737E+01   0.473147381E+01   0.473095858E+01
   0.473044183E+01   0.472992369E+01   0.472940426E+01   0.472888366E+01
   0.472836198E+01   0.472783932E+01   0.472731576E+01   0.472679137E+01
   0.472626624E+01   0.472574043E+01   0.472521400E+01   0.472468702E+01
   0.472415953E+01   0.472363159E+01   0.472310324E+01   0.472257453E+01
   0.472204551E+01   0.472151620E+01   0.472098665E+01   0.472045690E+01
   0.471992699E+01   0.471939694E+01   0.471886680E+01   0.471833660E+01
   0.471780637E+01   0.471727613E+01   0.471674593E+01   0.471621579E+01
   0.471568576E+01   0.471515587E+01   0.471462618E+01   0.471409672E+01
   0.471356754E+01   0.471303870E+01   0.471251028E+01   0.471198237E+01
   0.471145507E+01   0.471092847E+01   0.471040267E+01   0.470987780E+01
   0.470935396E+01   0.470883129E+01   0.470830993E+01   0.470778999E+01
   0.470727161E+01   0.470675493E+01   0.470624009E+01   0.470572725E+01
   0.470521656E+01   0.470470820E+01   0.470420236E+01   0.470369923E+01
   0.470319902E+01   0.470270196E+01   0.470220828E+01   0.470171826E+01
   0.470123214E+01   0.470075023E+01   0.470027282E+01   0.469980023E+01
   0.469933280E+01   0.469887085E+01   0.469841474E+01   0.469796483E+01
   0.469752162E+01   0.469708564E+01   0.469665740E+01   0.469623744E+01
   0.469582632E+01   0.469542441E+01   0.469503150E+01   0.469464723E+01
   0.469427109E+01   0.469390208E+01   0.469353905E+01   0.469318107E+01
   0.469282803E+01   0.469248001E+01   0.469213713E+01   0.469179962E+01
   0.469146777E+01   0.469114329E+01   0.469083379E+01   0.469054836E+01
   0.469029606E+01   0.469008598E+01   0.468992719E+01
   0.548277644E-01   0.548273179E-01   0.548259784E-01   0.548237458E-01
   0.548206202E-01   0.548166016E-01   0.548116900E-01   0.548058853E-01
   0.547991876E-01   0.547915969E-01   0.547831132E-01   0.547737364E-01
   0.547634666E-01   0.547523038E-01   0.547402480E-01   0.547272991E-01
   0.547134573E-01   0.546987223E-01   0.546830944E-01   0.546665735E-01
   0.546491595E-01   0.546308525E-01   0.546116524E-01   0.545915941E-01
   0.545707121E-01   0.545489998E-01   0.545265055E-01   0.545032918E-01
   0.544794032E-01   0.544548141E-01   0.544294811E-01   0.544033777E-01
   0.543765442E-01   0.543490374E-01   0.543209029E-01   0.542921396E-01
   0.542627350E-01   0.542326819E-01   0.542019948E-01   0.541706937E-01
   0.541387955E-01   0.541063042E-01   0.540732207E-01   0.540395453E-01
   0.540052758E-01   0.539704095E-01   0.539349504E-01   0.538989294E-01
   0.538623841E-01   0.538253443E-01   0.537878097E-01   0.537497724E-01
   0.537112283E-01   0.536721890E-01   0.536326699E-01   0.535926814E-01
   0.535522132E-01   0.535112498E-01   0.534697788E-01   0.534277980E-01
   0.533853084E-01   0.533423091E-01   0.532987926E-01   0.532547500E-01
   0.532101707E-01   0.531650383E-01   0.531193351E-01   0.530730444E-01
   0.530261540E-01   0.529786526E-01   0.529305262E-01   0.528817487E-01
   0.528322910E-01   0.527821259E-01   0.527312341E-01   0.526795981E-01
   0.526271972E-01   0.525739975E-01   0.525199620E-01   0.524650550E-01
   0.524092465E-01   0.523525080E-01   0.522948091E-01   0.522361114E-01
   0.521763745E-01   0.521155573E-01   0.520536158E-01   0.519905051E-01
   0.519261800E-01   0.518605946E-01   0.517937027E-01   0.517254560E-01
   0.516557976E-01   0.515846684E-01   0.515120098E-01   0.514377643E-01
   0.513618749E-01   0.512842820E-01   0.512049154E-01   0.511237025E-01
   0.510405700E-01   0.509554429E-01   0.508682456E-01   0.507789004E-01
   0.506873208E-01   0.505934185E-01   0.504971023E-01   0.503982715E-01
   0.502968230E-01   0.501926506E-01   0.500856364E-01   0.499756595E-01
   0.498625959E-01   0.497463100E-01   0.496266630E-01   0.495035130E-01
   0.493767054E-01   0.492460825E-01   0.491114802E-01   0.489727097E-01
   0.488295759E-01   0.486818756E-01   0.485293742E-01   0.483718291E-01
   0.482089899E-01   0.480405739E-01   0.478662909E-01   0.476858432E-01
   0.474989040E-01   0.473051393E-01   0.471042074E-01   0.468957357E-01
   0.466793440E-01   0.464546136E-01   0.462209736E-01   0.459778144E-01
   0.457244808E-01   0.454601335E-01   0.451838870E-01   0.448948394E-01
   0.445920212E-01   0.442744467E-01   0.439412750E-01   0.435922463E-01
   0.432272461E-01   0.428456009E-01   0.424444015E-01   0.420201797E-01
   0.415694674E-01   0.410887966E-01   0.405746990E-01
   0.000000000E+00   0.780966221E-02   0.156160388E-01   0.234153335E-01
   0.312046255E-01   0.389818689E-01   0.467458935E-01   0.544964237E-01
   0.622341605E-01   0.699607618E-01   0.776787450E-01   0.853911711E-01
   0.931017777E-01   0.100814516E+00   0.108531638E+00   0.116254713E+00
   0.123984640E+00   0.131720129E+00   0.139458623E+00   0.147197440E+00
   0.154936386E+00   0.162676025E+00   0.170416785E+00   0.178158226E+00
   0.185899554E+00   0.193639780E+00   0.201377589E+00   0.209111435E+00
   0.216840325E+00   0.224566282E+00   0.232292471E+00   0.240021592E+00
   0.247752916E+00   0.255484601E+00   0.263215040E+00   0.270944440E+00
   0.278673555E+00   0.286402996E+00   0.294132475E+00   0.301861421E+00
   0.309589315E+00   0.317316057E+00   0.325041661E+00   0.332766147E+00
   0.340489542E+00   0.348211878E+00   0.355933160E+00   0.363653262E+00
   0.371372014E+00   0.379089257E+00   0.386804907E+00   0.394518900E+00
   0.402231178E+00   0.409941723E+00   0.417650529E+00   0.425357573E+00
   0.433062756E+00   0.440765951E+00   0.448467051E+00   0.456166039E+00
   0.463862922E+00   0.471557689E+00   0.479250237E+00   0.486940436E+00
   0.494628165E+00   0.502313373E+00   0.509996025E+00   0.517676084E+00
   0.525353508E+00   0.533028248E+00   0.540700253E+00   0.548369439E+00
   0.556035713E+00   0.563698984E+00   0.571359171E+00   0.579016194E+00
   0.586669973E+00   0.594320429E+00   0.601967485E+00   0.609611061E+00
   0.617251078E+00   0.624887453E+00   0.632520095E+00   0.640148884E+00
   0.647773685E+00   0.655394374E+00   0.663010862E+00   0.670623072E+00
   0.678230921E+00   0.685834312E+00   0.693433146E+00   0.701027303E+00
   0.708616602E+00   0.716200837E+00   0.723779831E+00   0.731353520E+00
   0.738921874E+00   0.746484825E+00   0.754042146E+00   0.761593564E+00
   0.769138833E+00   0.776677844E+00   0.784210525E+00   0.791736773E+00
   0.799256365E+00   0.806769041E+00   0.814274551E+00   0.821772691E+00
   0.829263270E+00   0.836746095E+00   0.844220966E+00   0.851687683E+00
   0.859146028E+00   0.866595716E+00   0.874036442E+00   0.881467901E+00
   0.888889819E+00   0.896301920E+00   0.903703927E+00   0.911095550E+00
   0.918476496E+00   0.925846443E+00   0.933204967E+00   0.940551616E+00
   0.947885953E+00   0.955207636E+00   0.962516346E+00   0.969811726E+00
   0.977093278E+00   0.984360460E+00   0.991612718E+00   0.998849478E+00
   0.100607015E+01   0.101327417E+01   0.102046107E+01   0.102763041E+01
   0.103478182E+01   0.104191516E+01   0.104903038E+01   0.105612735E+01
   0.106320563E+01   0.107026471E+01   0.107730410E+01   0.108432357E+01
   0.109132292E+01   0.109830111E+01   0.110525369E+01   0.111217520E+01
   0.111906008E+01   0.112590262E+01   0.113269696E+01
   0.000000000E+00   0.943963235E-02   0.188753063E-01   0.283025083E-01
   0.377176764E-01   0.471182000E-01   0.565024198E-01   0.658697184E-01
   0.752208951E-01   0.845580752E-01   0.938844847E-01   0.103203838E+00
   0.112520595E+00   0.121839460E+00   0.131163101E+00   0.140493363E+00
   0.149831289E+00   0.159175336E+00   0.168522460E+00   0.177869459E+00
   0.187216068E+00   0.196562911E+00   0.205910454E+00   0.215258190E+00
   0.224605213E+00   0.233950379E+00   0.243292118E+00   0.252628575E+00
   0.261958566E+00   0.271284571E+00   0.280610457E+00   0.289939539E+00
   0.299271002E+00   0.308602702E+00   0.317932774E+00   0.327261523E+00
   0.336589910E+00   0.345918735E+00   0.355247753E+00   0.364576394E+00
   0.373904148E+00   0.383230967E+00   0.392556936E+00   0.401882149E+00
   0.411206734E+00   0.420530832E+00   0.429854566E+00   0.439177932E+00
   0.448500892E+00   0.457823423E+00   0.467145593E+00   0.476467497E+00
   0.485789238E+00   0.495110943E+00   0.504432751E+00   0.513754783E+00
   0.523077064E+00   0.532399592E+00   0.541722388E+00   0.551045586E+00
   0.560369356E+00   0.569693845E+00   0.579019082E+00   0.588345065E+00
   0.597671809E+00   0.606999412E+00   0.616327998E+00   0.625657688E+00
   0.634988592E+00   0.644320818E+00   0.653654466E+00   0.662989604E+00
   0.672326287E+00   0.681664575E+00   0.691004544E+00   0.700346272E+00
   0.709689839E+00   0.719035330E+00   0.728382833E+00   0.737732438E+00
   0.747084237E+00   0.756438327E+00   0.765794796E+00   0.775153699E+00
   0.784515079E+00   0.793878994E+00   0.803245555E+00   0.812614887E+00
   0.821987116E+00   0.831362362E+00   0.840740741E+00   0.850122355E+00
   0.859507232E+00   0.868895382E+00   0.878286851E+00   0.887681850E+00
   0.897080639E+00   0.906483440E+00   0.915890298E+00   0.925301211E+00
   0.934716223E+00   0.944135572E+00   0.953559554E+00   0.962988440E+00
   0.972422370E+00   0.981861452E+00   0.991305816E+00   0.100075568E+01
   0.101021127E+01   0.101967284E+01   0.102914067E+01   0.103861503E+01
   0.104809622E+01   0.105758447E+01   0.106708000E+01   0.107658307E+01
   0.108609402E+01   0.109561322E+01   0.110514106E+01   0.111467798E+01
   0.112422445E+01   0.113378091E+01   0.114334777E+01   0.115292540E+01
   0.116251424E+01   0.117211488E+01   0.118172798E+01   0.119135419E+01
   0.120099413E+01   0.121064846E+01   0.122031786E+01   0.123000322E+01
   0.123970551E+01   0.124942559E+01   0.125916395E+01   0.126892096E+01
   0.127869687E+01   0.128849144E+01   0.129830425E+01   0.130813500E+01
   0.131798373E+01   0.132785058E+01   0.133773590E+01   0.134764092E+01
   0.135756710E+01   0.136751745E+01   0.137750097E+01   0.138752844E+01
   0.139761089E+01   0.140775964E+01   0.141798627E+01
   0.000000000E+00   0.170021003E-03   0.339789858E-03   0.508979818E-03
   0.677392023E-03   0.844955499E-03   0.101172716E-02   0.117782972E-02
   0.134319439E-02   0.150762302E-02   0.167091367E-02   0.183316932E-02
   0.199466789E-02   0.215571587E-02   0.231635412E-02   0.247651435E-02
   0.263611061E-02   0.279511863E-02   0.295352765E-02   0.311132644E-02
   0.326852347E-02   0.342513352E-02   0.358116531E-02   0.373659724E-02
   0.389139441E-02   0.404552453E-02   0.419898894E-02   0.435179979E-02
   0.450397346E-02   0.465553699E-02   0.480652319E-02   0.495696329E-02
   0.510686901E-02   0.525624659E-02   0.540510182E-02   0.555343962E-02
   0.570126441E-02   0.584858089E-02   0.599539656E-02   0.614171965E-02
   0.628755726E-02   0.643291135E-02   0.657778207E-02   0.672216821E-02
   0.686606522E-02   0.700946689E-02   0.715237296E-02   0.729481130E-02
   0.743681911E-02   0.757842919E-02   0.771964795E-02   0.786047430E-02
   0.800090937E-02   0.814096605E-02   0.828066073E-02   0.842000580E-02
   0.855899532E-02   0.869761753E-02   0.883586253E-02   0.897373260E-02
   0.911123312E-02   0.924836757E-02   0.938513171E-02   0.952151871E-02
   0.965752061E-02   0.979312721E-02   0.992832704E-02   0.100631087E-01
   0.101974641E-01   0.103313854E-01   0.104648623E-01   0.105978749E-01
   0.107304002E-01   0.108624157E-01   0.109939050E-01   0.111248531E-01
   0.112552420E-01   0.113850433E-01   0.115142249E-01   0.116427551E-01
   0.117706088E-01   0.118977617E-01   0.120241869E-01   0.121498497E-01
   0.122747126E-01   0.123987364E-01   0.125218814E-01   0.126441064E-01
   0.127653693E-01   0.128856284E-01   0.130048411E-01   0.131229616E-01
   0.132399347E-01   0.133557016E-01   0.134702034E-01   0.135833870E-01
   0.136951998E-01   0.138055854E-01   0.139144760E-01   0.140217995E-01
   0.141274828E-01   0.142314539E-01   0.143336403E-01   0.144339656E-01
   0.145323456E-01   0.146286921E-01   0.147229134E-01   0.148149090E-01
   0.149045748E-01   0.149918022E-01   0.150764726E-01   0.151584629E-01
   0.152376447E-01   0.153138778E-01   0.153870163E-01   0.154569089E-01
   0.155233921E-01   0.155862966E-01   0.156454448E-01   0.157006373E-01
   0.157516658E-01   0.157983100E-01   0.158403172E-01   0.158774215E-01
   0.159093440E-01   0.159357694E-01   0.159563680E-01   0.159707945E-01
   0.159786626E-01   0.159795692E-01   0.159730990E-01   0.159588149E-01
   0.159362672E-01   0.159049475E-01   0.158641394E-01   0.158130598E-01
   0.157508531E-01   0.156764245E-01   0.155885982E-01   0.154861223E-01
   0.153675240E-01   0.152312472E-01   0.150759498E-01   0.149012694E-01
   0.147070962E-01   0.144926374E-01   0.142543107E-01   0.139877461E-01
   0.136884656E-01   0.133518832E-01   0.129733048E-01
   0.000000000E+00   0.284054589E-04   0.570000239E-04   0.860447226E-04
   0.115677289E-03   0.145912161E-03   0.176640487E-03   0.207703284E-03
   0.239194573E-03   0.271388208E-03   0.304587432E-03   0.338751805E-03
   0.373654284E-03   0.409039922E-03   0.444915637E-03   0.481396077E-03
   0.518596649E-03   0.556496464E-03   0.595021550E-03   0.634095258E-03
   0.673693505E-03   0.713808230E-03   0.754434582E-03   0.795576434E-03
   0.837242509E-03   0.879433145E-03   0.922101293E-03   0.965181182E-03
   0.100861803E-02   0.105243020E-02   0.109666188E-02   0.114134652E-02
   0.118644472E-02   0.123189283E-02   0.127763414E-02   0.132366239E-02
   0.136998697E-02   0.141661393E-02   0.146352548E-02   0.151069671E-02
   0.155810532E-02   0.160574345E-02   0.165360789E-02   0.170169600E-02
   0.175000398E-02   0.179852834E-02   0.184726063E-02   0.189616923E-02
   0.194521481E-02   0.199436320E-02   0.204360859E-02   0.209295361E-02
   0.214239863E-02   0.219193021E-02   0.224153110E-02   0.229118833E-02
   0.234090755E-02   0.239070048E-02   0.244057756E-02   0.249053839E-02
   0.254058013E-02   0.259070171E-02   0.264090796E-02   0.269120597E-02
   0.274160468E-02   0.279211762E-02   0.284276044E-02   0.289354866E-02
   0.294449310E-02   0.299560394E-02   0.304689442E-02   0.309838775E-02
   0.315011090E-02   0.320209013E-02   0.325434387E-02   0.330688916E-02
   0.335974635E-02   0.341294690E-02   0.346652631E-02   0.352051976E-02
   0.357495621E-02   0.362986375E-02   0.368527281E-02   0.374122020E-02
   0.379774541E-02   0.385488938E-02   0.391269471E-02   0.397120547E-02
   0.403046677E-02   0.409052362E-02   0.415142196E-02   0.421321040E-02
   0.427594424E-02   0.433968176E-02   0.440448195E-02   0.447040150E-02
   0.453749761E-02   0.460583050E-02   0.467546843E-02   0.474648306E-02
   0.481894762E-02   0.489293610E-02   0.496852398E-02   0.504578969E-02
   0.512481821E-02   0.520569771E-02   0.528851982E-02   0.537338391E-02
   0.546039311E-02   0.554965454E-02   0.564128457E-02   0.573540391E-02
   0.583213765E-02   0.593162042E-02   0.603399156E-02   0.613939517E-02
   0.624798535E-02   0.635992127E-02   0.647536970E-02   0.659451761E-02
   0.671756030E-02   0.684470311E-02   0.697617905E-02   0.711223222E-02
   0.725311724E-02   0.739911504E-02   0.755051797E-02   0.770762998E-02
   0.787078250E-02   0.804031946E-02   0.821659661E-02   0.839999518E-02
   0.859090896E-02   0.878977471E-02   0.899717828E-02   0.921375423E-02
   0.944019248E-02   0.967736342E-02   0.992619946E-02   0.101876443E-01
   0.104626216E-01   0.107520644E-01   0.110568407E-01   0.113774928E-01
   0.117144846E-01   0.120687288E-01   0.124429404E-01   0.128403507E-01
   0.132642697E-01   0.137180863E-01   0.142052683E-01
  -0.000000000E+00  -0.179728819E-05  -0.719813636E-05  -0.162160199E-04
  -0.288644142E-04  -0.451567947E-04  -0.651066367E-04  -0.887274156E-04
  -0.116032607E-03  -0.147035686E-03  -0.181750128E-03  -0.220189409E-03
  -0.262367003E-03  -0.308296387E-03  -0.357991035E-03  -0.411464424E-03
  -0.468730028E-03  -0.529801323E-03  -0.594691784E-03  -0.663414887E-03
  -0.735984107E-03  -0.812412919E-03  -0.892714799E-03  -0.976943538E-03
  -0.106514394E-02  -0.115733605E-02  -0.125352986E-02  -0.135373099E-02
  -0.145795354E-02  -0.156625494E-02  -0.167870941E-02  -0.179538792E-02
  -0.191632502E-02  -0.204154475E-02  -0.217107454E-02  -0.230495925E-02
  -0.244324991E-02  -0.258599513E-02  -0.273322670E-02  -0.288497131E-02
  -0.304125902E-02  -0.320213662E-02  -0.336765655E-02  -0.353787131E-02
  -0.371282830E-02  -0.389257411E-02  -0.407715741E-02  -0.426663288E-02
  -0.446105787E-02  -0.466049238E-02  -0.486500291E-02  -0.507465918E-02
  -0.528953169E-02  -0.550968768E-02  -0.573519466E-02  -0.596611907E-02
  -0.620251852E-02  -0.644444854E-02  -0.669196709E-02  -0.694514083E-02
  -0.720403962E-02  -0.746873415E-02  -0.773929497E-02  -0.801579337E-02
  -0.829830258E-02  -0.858690038E-02  -0.888166678E-02  -0.918268326E-02
  -0.949003308E-02  -0.980380099E-02  -0.101240734E-01  -0.104509393E-01
  -0.107844894E-01  -0.111248166E-01  -0.114720189E-01  -0.118261971E-01
  -0.121874538E-01  -0.125558954E-01  -0.129316304E-01  -0.133147705E-01
  -0.137054335E-01  -0.141037409E-01  -0.145098167E-01  -0.149237889E-01
  -0.153457886E-01  -0.157759508E-01  -0.162144188E-01  -0.166613408E-01
  -0.171168682E-01  -0.175811598E-01  -0.180543783E-01  -0.185366899E-01
  -0.190282660E-01  -0.195292816E-01  -0.200399188E-01  -0.205603803E-01
  -0.210908766E-01  -0.216316224E-01  -0.221828354E-01  -0.227447371E-01
  -0.233175586E-01  -0.239015566E-01  -0.244969990E-01  -0.251041592E-01
  -0.257233192E-01  -0.263547671E-01  -0.269988005E-01  -0.276557401E-01
  -0.283259169E-01  -0.290096730E-01  -0.297073746E-01  -0.304193997E-01
  -0.311461378E-01  -0.318880020E-01  -0.326454179E-01  -0.334188266E-01
  -0.342087076E-01  -0.350155571E-01  -0.358398905E-01  -0.366822686E-01
  -0.375432724E-01  -0.384235015E-01  -0.393235934E-01  -0.402442050E-01
  -0.411860227E-01  -0.421498129E-01  -0.431363741E-01  -0.441465405E-01
  -0.451812404E-01  -0.462414411E-01  -0.473281366E-01  -0.484423686E-01
  -0.495852070E-01  -0.507577145E-01  -0.519608601E-01  -0.531956008E-01
  -0.544628862E-01  -0.557635856E-01  -0.570985568E-01  -0.584688002E-01
  -0.598758570E-01  -0.613214317E-01  -0.628072616E-01  -0.643351123E-01
  -0.659067821E-01  -0.675248202E-01  -0.691947154E-01  -0.709228161E-01
  -0.727156232E-01  -0.745797904E-01  -0.765221241E-01
   0.000000000E+00   0.122910457E-05   0.492312186E-05   0.110921073E-04
   0.197461161E-04   0.308952039E-04   0.445494259E-04   0.607188376E-04
   0.794134943E-04   0.100643451E-03   0.124418764E-03   0.150749488E-03
   0.179645679E-03   0.211117392E-03   0.245174682E-03   0.281827604E-03
   0.321086215E-03   0.362960569E-03   0.407460723E-03   0.454596730E-03
   0.504378647E-03   0.556816529E-03   0.611920432E-03   0.669729241E-03
   0.730275141E-03   0.793573062E-03   0.859631291E-03   0.928455259E-03
   0.100005604E-02   0.107447360E-02   0.115175912E-02   0.123196164E-02
   0.131510609E-02   0.140121045E-02   0.149029484E-02   0.158239023E-02
   0.167753145E-02   0.177575161E-02   0.187707238E-02   0.198151191E-02
   0.208909059E-02   0.219984028E-02   0.231379667E-02   0.243099534E-02
   0.255146785E-02   0.267524506E-02   0.280235901E-02   0.293284555E-02
   0.306674209E-02   0.320408752E-02   0.334492427E-02   0.348929648E-02
   0.363724874E-02   0.378882372E-02   0.394406417E-02   0.410301184E-02
   0.426570168E-02   0.443216688E-02   0.460244205E-02   0.477656762E-02
   0.495458597E-02   0.513653977E-02   0.532247093E-02   0.551242153E-02
   0.570643466E-02   0.590455606E-02   0.610683265E-02   0.631331203E-02
   0.652404252E-02   0.673907310E-02   0.695845351E-02   0.718223445E-02
   0.741046741E-02   0.764320506E-02   0.788050282E-02   0.812241745E-02
   0.836900671E-02   0.862032987E-02   0.887644721E-02   0.913742056E-02
   0.940331509E-02   0.967419765E-02   0.995013631E-02   0.102312008E-01
   0.105174621E-01   0.108089931E-01   0.111058713E-01   0.114081763E-01
   0.117159895E-01   0.120293953E-01   0.123484801E-01   0.126733316E-01
   0.130040391E-01   0.133406935E-01   0.136833892E-01   0.140322322E-01
   0.143873326E-01   0.147488020E-01   0.151167507E-01   0.154912900E-01
   0.158725360E-01   0.162606187E-01   0.166556737E-01   0.170578385E-01
   0.174672522E-01   0.178840562E-01   0.183083959E-01   0.187404271E-01
   0.191803103E-01   0.196282107E-01   0.200843036E-01   0.205487691E-01
   0.210217921E-01   0.215035658E-01   0.219942881E-01   0.224941638E-01
   0.230034143E-01   0.235222687E-01   0.240509632E-01   0.245897515E-01
   0.251388955E-01   0.256986627E-01   0.262693288E-01   0.268511755E-01
   0.274444977E-01   0.280496287E-01   0.286669166E-01   0.292967249E-01
   0.299394597E-01   0.305955440E-01   0.312654059E-01   0.319494697E-01
   0.326481644E-01   0.333619123E-01   0.340910859E-01   0.348360487E-01
   0.355971630E-01   0.363747692E-01   0.371692057E-01   0.379808634E-01
   0.388103358E-01   0.396582773E-01   0.405253997E-01   0.414126113E-01
   0.423208851E-01   0.432513270E-01   0.442055204E-01   0.451851985E-01
   0.461921336E-01   0.472281365E-01   0.482950569E-01
   0.000000000E+00   0.242287737E-06   0.970012558E-06   0.218446687E-05
   0.388694310E-05   0.607873364E-05   0.876113092E-05   0.119354273E-04
   0.156029153E-04   0.197648873E-04   0.244226356E-04   0.295774528E-04
   0.352306311E-04   0.413834631E-04   0.480372410E-04   0.551932575E-04
   0.628528048E-04   0.710171754E-04   0.796876616E-04   0.888655560E-04
   0.985521508E-04   0.108748739E-03   0.119456612E-03   0.130691873E-03
   0.142469766E-03   0.154798972E-03   0.167665157E-03   0.181044839E-03
   0.194921003E-03   0.209317212E-03   0.224271652E-03   0.239815943E-03
   0.255937504E-03   0.272608988E-03   0.289808643E-03   0.307551212E-03
   0.325863215E-03   0.344768339E-03   0.364269381E-03   0.384362969E-03
   0.405046738E-03   0.426325306E-03   0.448205328E-03   0.470694889E-03
   0.493807233E-03   0.517557634E-03   0.541958383E-03   0.567006417E-03
   0.592693825E-03   0.619016651E-03   0.645990938E-03   0.673638960E-03
   0.701980355E-03   0.731019498E-03   0.760756431E-03   0.791193873E-03
   0.822347137E-03   0.854235472E-03   0.886876830E-03   0.920280990E-03
   0.954455601E-03   0.989409187E-03   0.102515392E-02   0.106170318E-02
   0.109907112E-02   0.113727408E-02   0.117632935E-02   0.121625366E-02
   0.125705979E-02   0.129875962E-02   0.134136690E-02   0.138490280E-02
   0.142939095E-02   0.147485384E-02   0.152130714E-02   0.156876482E-02
   0.161724298E-02   0.166676588E-02   0.171736046E-02   0.176905314E-02
   0.182186597E-02   0.187582012E-02   0.193093812E-02   0.198724692E-02
   0.204477507E-02   0.210355178E-02   0.216360694E-02   0.222497107E-02
   0.228767547E-02   0.235175242E-02   0.241723500E-02   0.248415760E-02
   0.255255802E-02   0.262247557E-02   0.269395018E-02   0.276702170E-02
   0.284173059E-02   0.291811953E-02   0.299623792E-02   0.307613775E-02
   0.315787184E-02   0.324149290E-02   0.332705441E-02   0.341461220E-02
   0.350422832E-02   0.359596742E-02   0.368989610E-02   0.378608456E-02
   0.388460503E-02   0.398553272E-02   0.408895035E-02   0.419494387E-02
   0.430360206E-02   0.441501944E-02   0.452929350E-02   0.464652521E-02
   0.476682340E-02   0.489030068E-02   0.501707520E-02   0.514728076E-02
   0.528105734E-02   0.541855091E-02   0.555992260E-02   0.570534008E-02
   0.585497969E-02   0.600904218E-02   0.616773793E-02   0.633128187E-02
   0.649989362E-02   0.667379740E-02   0.685323094E-02   0.703847283E-02
   0.722981670E-02   0.742757012E-02   0.763207821E-02   0.784370130E-02
   0.806280929E-02   0.828978752E-02   0.852503119E-02   0.876901782E-02
   0.902253458E-02   0.928646274E-02   0.956149457E-02   0.984749214E-02
   0.101440960E-01   0.104515108E-01   0.107722728E-01   0.111095702E-01
   0.114666724E-01   0.118469298E-01   0.122537738E-01
   0.000000000E+00   0.229624434E-06   0.918985999E-06   0.206881709E-05
   0.367985010E-05   0.575281742E-05   0.828845146E-05   0.112874846E-04
   0.147506492E-04   0.186786778E-04   0.230723026E-04   0.279322561E-04
   0.332592706E-04   0.390540787E-04   0.453174126E-04   0.520500047E-04
   0.592525876E-04   0.669258934E-04   0.750706547E-04   0.836876039E-04
   0.927774732E-04   0.102340995E-03   0.112378902E-03   0.122901284E-03
   0.133917740E-03   0.145433287E-03   0.157437081E-03   0.169911921E-03
   0.182845135E-03   0.196252587E-03   0.210160413E-03   0.224590134E-03
   0.239532274E-03   0.254966996E-03   0.270878238E-03   0.287274937E-03
   0.304174050E-03   0.321590443E-03   0.339524228E-03   0.357971083E-03
   0.376927331E-03   0.396394267E-03   0.416374572E-03   0.436871750E-03
   0.457892416E-03   0.479444378E-03   0.501533372E-03   0.524154884E-03
   0.547301103E-03   0.570966823E-03   0.595160366E-03   0.619894212E-03
   0.645178938E-03   0.671014534E-03   0.697397924E-03   0.724327568E-03
   0.751809635E-03   0.779852613E-03   0.808464049E-03   0.837646216E-03
   0.867399921E-03   0.897726364E-03   0.928628799E-03   0.960111067E-03
   0.992177381E-03   0.102483327E-02   0.105808474E-02   0.109193724E-02
   0.112639328E-02   0.116145456E-02   0.119712382E-02   0.123340835E-02
   0.127031683E-02   0.130785704E-02   0.134603197E-02   0.138484336E-02
   0.142429402E-02   0.146439158E-02   0.150514513E-02   0.154656320E-02
   0.158865132E-02   0.163141421E-02   0.167485718E-02   0.171898769E-02
   0.176381388E-02   0.180934404E-02   0.185558642E-02   0.190254938E-02
   0.195024144E-02   0.199867108E-02   0.204784694E-02   0.209777809E-02
   0.214847497E-02   0.219994853E-02   0.225220971E-02   0.230526871E-02
   0.235913565E-02   0.241382156E-02   0.246934060E-02   0.252570804E-02
   0.258293905E-02   0.264104760E-02   0.270004752E-02   0.275995343E-02
   0.282078234E-02   0.288255220E-02   0.294528134E-02   0.300898865E-02
   0.307369343E-02   0.313941586E-02   0.320617849E-02   0.327400487E-02
   0.334291909E-02   0.341294596E-02   0.348411087E-02   0.355643987E-02
   0.362996000E-02   0.370469898E-02   0.378068635E-02   0.385795738E-02
   0.393654939E-02   0.401650114E-02   0.409785480E-02   0.418065410E-02
   0.426494499E-02   0.435077967E-02   0.443821278E-02   0.452729681E-02
   0.461807192E-02   0.471057551E-02   0.480484830E-02   0.490094274E-02
   0.499891506E-02   0.509882323E-02   0.520072901E-02   0.530469602E-02
   0.541078160E-02   0.551901401E-02   0.562941405E-02   0.574203093E-02
   0.585702971E-02   0.597460844E-02   0.609485150E-02   0.621736778E-02
   0.634163416E-02   0.646737341E-02   0.659535177E-02   0.672662097E-02
   0.686226070E-02   0.700337869E-02   0.715111063E-02
  -0.000000000E+00  -0.249916682E-03  -0.499711617E-03  -0.749242485E-03
  -0.998402232E-03  -0.124711907E-02  -0.149535646E-02  -0.174310640E-02
  -0.199036137E-02  -0.223712114E-02  -0.248340983E-02  -0.272932234E-02
  -0.297500487E-02  -0.322061505E-02  -0.346621358E-02  -0.371182188E-02
  -0.395743930E-02  -0.420301452E-02  -0.444846291E-02  -0.469369710E-02
  -0.493870706E-02  -0.518350713E-02  -0.542810659E-02  -0.567248107E-02
  -0.591659267E-02  -0.616039967E-02  -0.640386332E-02  -0.664694288E-02
  -0.688961426E-02  -0.713193745E-02  -0.737400525E-02  -0.761589767E-02
  -0.785759563E-02  -0.809904852E-02  -0.834021313E-02  -0.858109983E-02
  -0.882173562E-02  -0.906214488E-02  -0.930233036E-02  -0.954228868E-02
  -0.978201778E-02  -0.100215230E-01  -0.102608119E-01  -0.104998927E-01
  -0.107387728E-01  -0.109774598E-01  -0.112159631E-01  -0.114542979E-01
  -0.116924818E-01  -0.119305333E-01  -0.121684718E-01  -0.124063178E-01
  -0.126440923E-01  -0.128818153E-01  -0.131195072E-01  -0.133571879E-01
  -0.135948729E-01  -0.138325770E-01  -0.140703159E-01  -0.143081094E-01
  -0.145459788E-01  -0.147839451E-01  -0.150220257E-01  -0.152602375E-01
  -0.154985978E-01  -0.157371251E-01  -0.159758386E-01  -0.162147577E-01
  -0.164539027E-01  -0.166932942E-01  -0.169329523E-01  -0.171728945E-01
  -0.174131376E-01  -0.176536990E-01  -0.178945986E-01  -0.181358570E-01
  -0.183774945E-01  -0.186195295E-01  -0.188619802E-01  -0.191048650E-01
  -0.193482047E-01  -0.195920207E-01  -0.198363342E-01  -0.200811643E-01
  -0.203265301E-01  -0.205724510E-01  -0.208189490E-01  -0.210660468E-01
  -0.213137674E-01  -0.215621338E-01  -0.218111694E-01  -0.220608975E-01
  -0.223113394E-01  -0.225625165E-01  -0.228144515E-01  -0.230671725E-01
  -0.233207093E-01  -0.235750912E-01  -0.238303446E-01  -0.240864949E-01
  -0.243435694E-01  -0.246016025E-01  -0.248606306E-01  -0.251206898E-01
  -0.253818123E-01  -0.256440296E-01  -0.259073745E-01  -0.261718832E-01
  -0.264375931E-01  -0.267045422E-01  -0.269727692E-01  -0.272423135E-01
  -0.275132144E-01  -0.277855104E-01  -0.280592400E-01  -0.283344414E-01
  -0.286111513E-01  -0.288894059E-01  -0.291692434E-01  -0.294507076E-01
  -0.297338446E-01  -0.300187021E-01  -0.303053338E-01  -0.305937956E-01
  -0.308841392E-01  -0.311763976E-01  -0.314705989E-01  -0.317667662E-01
  -0.320649011E-01  -0.323649997E-01  -0.326670608E-01  -0.329710996E-01
  -0.332771351E-01  -0.335851612E-01  -0.338950700E-01  -0.342067244E-01
  -0.345199614E-01  -0.348345273E-01  -0.351501388E-01  -0.354665381E-01
  -0.357835952E-01  -0.361012108E-01  -0.364192206E-01  -0.367372059E-01
  -0.370546735E-01  -0.373714508E-01  -0.376887063E-01  -0.380079796E-01
  -0.383308526E-01  -0.386589491E-01  -0.389939352E-01
  -0.000000000E+00  -0.283197193E-03  -0.566287155E-03  -0.849163213E-03
  -0.113171774E-02  -0.141384215E-02  -0.169542692E-02  -0.197638473E-02
  -0.225674653E-02  -0.253663834E-02  -0.281623596E-02  -0.309565585E-02
  -0.337500106E-02  -0.365437556E-02  -0.393385291E-02  -0.421349298E-02
  -0.449333397E-02  -0.477333925E-02  -0.505342967E-02  -0.533351959E-02
  -0.561359478E-02  -0.589366092E-02  -0.617372150E-02  -0.645377225E-02
  -0.673380506E-02  -0.701380328E-02  -0.729372105E-02  -0.757349850E-02
  -0.785309769E-02  -0.813260191E-02  -0.841214014E-02  -0.869182528E-02
  -0.897164440E-02  -0.925154459E-02  -0.953148101E-02  -0.981147027E-02
  -0.100915477E-01  -0.103717451E-01  -0.106520692E-01  -0.109325189E-01
  -0.112130942E-01  -0.114938029E-01  -0.117746546E-01  -0.120556604E-01
  -0.123368374E-01  -0.126182043E-01  -0.128997805E-01  -0.131815849E-01
  -0.134636362E-01  -0.137459545E-01  -0.140285612E-01  -0.143114791E-01
  -0.145947307E-01  -0.148783350E-01  -0.151623105E-01  -0.154466755E-01
  -0.157314460E-01  -0.160166376E-01  -0.163022667E-01  -0.165883529E-01
  -0.168749169E-01  -0.171619785E-01  -0.174495523E-01  -0.177376516E-01
  -0.180262904E-01  -0.183154862E-01  -0.186052574E-01  -0.188956222E-01
  -0.191865963E-01  -0.194781951E-01  -0.197704335E-01  -0.200633265E-01
  -0.203568886E-01  -0.206511342E-01  -0.209460767E-01  -0.212417290E-01
  -0.215381042E-01  -0.218352165E-01  -0.221330800E-01  -0.224317088E-01
  -0.227311163E-01  -0.230313153E-01  -0.233323186E-01  -0.236341383E-01
  -0.239367861E-01  -0.242402740E-01  -0.245446150E-01  -0.248498224E-01
  -0.251559097E-01  -0.254628898E-01  -0.257707758E-01  -0.260795799E-01
  -0.263893116E-01  -0.266999791E-01  -0.270115925E-01  -0.273241682E-01
  -0.276377243E-01  -0.279522780E-01  -0.282678406E-01  -0.285844218E-01
  -0.289020330E-01  -0.292206930E-01  -0.295404228E-01  -0.298612425E-01
  -0.301831683E-01  -0.305062154E-01  -0.308303996E-01  -0.311557377E-01
  -0.314822470E-01  -0.318099453E-01  -0.321388507E-01  -0.324689816E-01
  -0.328003562E-01  -0.331329904E-01  -0.334668996E-01  -0.338021010E-01
  -0.341386187E-01  -0.344764787E-01  -0.348157070E-01  -0.351563286E-01
  -0.354983685E-01  -0.358418492E-01  -0.361867831E-01  -0.365331798E-01
  -0.368810496E-01  -0.372304075E-01  -0.375812692E-01  -0.379336538E-01
  -0.382875927E-01  -0.386431214E-01  -0.390002806E-01  -0.393591323E-01
  -0.397197449E-01  -0.400821684E-01  -0.404463743E-01  -0.408123122E-01
  -0.411798896E-01  -0.415488475E-01  -0.419188785E-01  -0.422896612E-01
  -0.426608479E-01  -0.430320766E-01  -0.434030787E-01  -0.437739943E-01
  -0.441450727E-01  -0.445166647E-01  -0.448895100E-01  -0.452644639E-01
  -0.456424047E-01  -0.460242338E-01  -0.464108759E-01
   0.000000000E+00   0.240470306E-04   0.481060666E-04   0.721943153E-04
   0.963200666E-04   0.120482693E-03   0.144672650E-03   0.168878693E-03
   0.193117786E-03   0.217427878E-03   0.241852679E-03   0.266403370E-03
   0.291074729E-03   0.315859396E-03   0.340770327E-03   0.365828849E-03
   0.391054500E-03   0.416447849E-03   0.442000924E-03   0.467705215E-03
   0.493564348E-03   0.519585697E-03   0.545776658E-03   0.572143231E-03
   0.598691018E-03   0.625424212E-03   0.652340996E-03   0.679436927E-03
   0.706710445E-03   0.734176790E-03   0.761857417E-03   0.789771466E-03
   0.817920812E-03   0.846301759E-03   0.874911738E-03   0.903757079E-03
   0.932846793E-03   0.962189472E-03   0.991790592E-03   0.102165471E-02
   0.105178709E-02   0.108219628E-02   0.111289202E-02   0.114388379E-02
   0.117517892E-02   0.120678422E-02   0.123870658E-02   0.127095317E-02
   0.130353127E-02   0.133644811E-02   0.136971051E-02   0.140332520E-02
   0.143729900E-02   0.147163915E-02   0.150635305E-02   0.154144882E-02
   0.157693742E-02   0.161283077E-02   0.164914065E-02   0.168587694E-02
   0.172304913E-02   0.176066703E-02   0.179874135E-02   0.183728319E-02
   0.187630391E-02   0.191581531E-02   0.195582951E-02   0.199635873E-02
   0.203741503E-02   0.207901055E-02   0.212115787E-02   0.216387073E-02
   0.220716337E-02   0.225105003E-02   0.229554399E-02   0.234065847E-02
   0.238640727E-02   0.243280619E-02   0.247987178E-02   0.252762055E-02
   0.257606779E-02   0.262522862E-02   0.267511869E-02   0.272575519E-02
   0.277715590E-02   0.282933892E-02   0.288232283E-02   0.293612654E-02
   0.299076928E-02   0.304627065E-02   0.310265056E-02   0.315992940E-02
   0.321812841E-02   0.327726933E-02   0.333737437E-02   0.339846658E-02
   0.346056953E-02   0.352370725E-02   0.358790459E-02   0.365318688E-02
   0.371958020E-02   0.378711221E-02   0.385581138E-02   0.392570670E-02
   0.399682792E-02   0.406920533E-02   0.414287013E-02   0.421785568E-02
   0.429419636E-02   0.437192758E-02   0.445108730E-02   0.453171464E-02
   0.461384975E-02   0.469753491E-02   0.478281349E-02   0.486973019E-02
   0.495833267E-02   0.504867002E-02   0.514079312E-02   0.523475736E-02
   0.533062010E-02   0.542844119E-02   0.552828736E-02   0.563022809E-02
   0.573433488E-02   0.584068341E-02   0.594935148E-02   0.606042132E-02
   0.617398855E-02   0.629015370E-02   0.640902065E-02   0.653070062E-02
   0.665530837E-02   0.678296475E-02   0.691380821E-02   0.704798386E-02
   0.718565753E-02   0.732706995E-02   0.747248541E-02   0.762217080E-02
   0.777638493E-02   0.793538868E-02   0.809945124E-02   0.826885886E-02
   0.844390657E-02   0.862493923E-02   0.881248546E-02   0.900713040E-02
   0.920947239E-02   0.942012300E-02   0.963970701E-02
  -0.000000000E+00  -0.319854941E-04  -0.639685707E-04  -0.959503864E-04
  -0.127925971E-03  -0.159884228E-03  -0.191807934E-03  -0.223679309E-03
  -0.255503087E-03  -0.287300947E-03  -0.319099790E-03  -0.350902312E-03
  -0.382699388E-03  -0.414480340E-03  -0.446247622E-03  -0.478009011E-03
  -0.509769792E-03  -0.541517471E-03  -0.573231053E-03  -0.604888816E-03
  -0.636481785E-03  -0.668004821E-03  -0.699452460E-03  -0.730816794E-03
  -0.762088965E-03  -0.793258844E-03  -0.824312085E-03  -0.855232296E-03
  -0.886005616E-03  -0.916633105E-03  -0.947121318E-03  -0.977474551E-03
  -0.100768098E-02  -0.103772348E-02  -0.106758620E-02  -0.109726271E-02
  -0.112674946E-02  -0.115604219E-02  -0.118513202E-02  -0.121400859E-02
  -0.124266159E-02  -0.127108177E-02  -0.129926004E-02  -0.132718744E-02
  -0.135485564E-02  -0.138225652E-02  -0.140938154E-02  -0.143622062E-02
  -0.146276307E-02  -0.148899877E-02  -0.151492040E-02  -0.154052150E-02
  -0.156579542E-02  -0.159073429E-02  -0.161532989E-02  -0.163957383E-02
  -0.166345695E-02  -0.168696981E-02  -0.171010319E-02  -0.173284890E-02
  -0.175519909E-02  -0.177714570E-02  -0.179867984E-02  -0.181979237E-02
  -0.184047428E-02  -0.186071717E-02  -0.188051285E-02  -0.189985298E-02
  -0.191872871E-02  -0.193713100E-02  -0.195505079E-02  -0.197247881E-02
  -0.198940573E-02  -0.200582218E-02  -0.202171876E-02  -0.203708601E-02
  -0.205191429E-02  -0.206619320E-02  -0.207991209E-02  -0.209306036E-02
  -0.210562792E-02  -0.211760474E-02  -0.212898049E-02  -0.213974367E-02
  -0.214988237E-02  -0.215938458E-02  -0.216823822E-02  -0.217643110E-02
  -0.218395083E-02  -0.219078458E-02  -0.219691929E-02  -0.220234157E-02
  -0.220703717E-02  -0.221099146E-02  -0.221418966E-02  -0.221661699E-02
  -0.221825854E-02  -0.221909891E-02  -0.221912129E-02  -0.221830835E-02
  -0.221664247E-02  -0.221410580E-02  -0.221068022E-02  -0.220634715E-02
  -0.220108690E-02  -0.219487926E-02  -0.218770356E-02  -0.217953803E-02
  -0.217036040E-02  -0.216014775E-02  -0.214887547E-02  -0.213651829E-02
  -0.212305020E-02  -0.210844376E-02  -0.209267076E-02  -0.207570227E-02
  -0.205750772E-02  -0.203805573E-02  -0.201731385E-02  -0.199524690E-02
  -0.197181849E-02  -0.194699088E-02  -0.192072269E-02  -0.189297100E-02
  -0.186369163E-02  -0.183283755E-02  -0.180036036E-02  -0.176620895E-02
  -0.173032384E-02  -0.169264252E-02  -0.165310218E-02  -0.161164257E-02
  -0.156820333E-02  -0.152271971E-02  -0.147511254E-02  -0.142529775E-02
  -0.137317330E-02  -0.131856937E-02  -0.126129554E-02  -0.120116027E-02
  -0.113798134E-02  -0.107157592E-02  -0.100177772E-02  -0.928499376E-03
  -0.851673217E-03  -0.771207975E-03  -0.686918239E-03  -0.598591509E-03
  -0.506010973E-03  -0.408955513E-03  -0.307199697E-03
  -0.000000000E+00  -0.605682715E-06  -0.242386534E-05  -0.545624960E-05
  -0.970453722E-05  -0.151704299E-04  -0.218556294E-04  -0.297618374E-04
  -0.388907557E-04  -0.492440859E-04  -0.608235298E-04  -0.736307892E-04
  -0.876675656E-04  -0.102935561E-03  -0.119436477E-03  -0.137172015E-03
  -0.156143877E-03  -0.176353765E-03  -0.197803381E-03  -0.220494425E-03
  -0.244428601E-03  -0.269607609E-03  -0.296033151E-03  -0.323711136E-03
  -0.352646334E-03  -0.382839147E-03  -0.414288350E-03  -0.446991844E-03
  -0.480949494E-03  -0.516171520E-03  -0.552672117E-03  -0.590464047E-03
  -0.629548782E-03  -0.669924216E-03  -0.711588543E-03  -0.754543659E-03
  -0.798792439E-03  -0.844338361E-03  -0.891187469E-03  -0.939346772E-03
  -0.988823817E-03  -0.103962717E-02  -0.109176600E-02  -0.114524584E-02
  -0.120005539E-02  -0.125617756E-02  -0.131359866E-02  -0.137232487E-02
  -0.143236824E-02  -0.149374007E-02  -0.155644568E-02  -0.162048887E-02
  -0.168587298E-02  -0.175259913E-02  -0.182066770E-02  -0.189007893E-02
  -0.196083302E-02  -0.203293000E-02  -0.210637006E-02  -0.218115441E-02
  -0.225728453E-02  -0.233476118E-02  -0.241358248E-02  -0.249374565E-02
  -0.257524793E-02  -0.265808767E-02  -0.274226337E-02  -0.282777336E-02
  -0.291461578E-02  -0.300278861E-02  -0.309228952E-02  -0.318311556E-02
  -0.327526346E-02  -0.336872983E-02  -0.346351145E-02  -0.355960501E-02
  -0.365700692E-02  -0.375571308E-02  -0.385571908E-02  -0.395702040E-02
  -0.405961264E-02  -0.416349130E-02  -0.426865150E-02  -0.437508747E-02
  -0.448279297E-02  -0.459176178E-02  -0.470198830E-02  -0.481346694E-02
  -0.492619173E-02  -0.504015553E-02  -0.515535073E-02  -0.527176932E-02
  -0.538940225E-02  -0.550824002E-02  -0.562827310E-02  -0.574949272E-02
  -0.587189015E-02  -0.599545564E-02  -0.612017586E-02  -0.624603630E-02
  -0.637302222E-02  -0.650111933E-02  -0.663031317E-02  -0.676058817E-02
  -0.689192536E-02  -0.702430447E-02  -0.715770448E-02  -0.729210287E-02
  -0.742747630E-02  -0.756380021E-02  -0.770104688E-02  -0.783918723E-02
  -0.797819031E-02  -0.811801972E-02  -0.825863694E-02  -0.840000100E-02
  -0.854206379E-02  -0.868477446E-02  -0.882808037E-02  -0.897192557E-02
  -0.911625224E-02  -0.926099809E-02  -0.940608705E-02  -0.955143804E-02
  -0.969696370E-02  -0.984255738E-02  -0.998810538E-02  -0.101334883E-01
  -0.102785720E-01  -0.104232161E-01  -0.105672728E-01  -0.107105734E-01
  -0.108529411E-01  -0.109941989E-01  -0.111341826E-01  -0.112727284E-01
  -0.114096661E-01  -0.115448086E-01  -0.116779620E-01  -0.118089169E-01
  -0.119374139E-01  -0.120631767E-01  -0.121859745E-01  -0.123057802E-01
  -0.124226202E-01  -0.125361669E-01  -0.126446476E-01  -0.127458815E-01
  -0.128376315E-01  -0.129176040E-01  -0.129834494E-01
  -0.000000000E+00  -0.818029034E-06  -0.327766563E-05  -0.738723401E-05
  -0.131550584E-04  -0.205894631E-04  -0.296987723E-04  -0.404913102E-04
  -0.529754011E-04  -0.671593691E-04  -0.830515387E-04  -0.100660234E-03
  -0.119993779E-03  -0.141060498E-03  -0.163868716E-03  -0.188426756E-03
  -0.214742943E-03  -0.242825601E-03  -0.272683055E-03  -0.304323628E-03
  -0.337755645E-03  -0.372987429E-03  -0.410027306E-03  -0.448908432E-03
  -0.489658411E-03  -0.532291378E-03  -0.576815330E-03  -0.623235785E-03
  -0.671562569E-03  -0.721827613E-03  -0.774071415E-03  -0.828333295E-03
  -0.884636028E-03  -0.942997867E-03  -0.100343894E-02  -0.106598767E-02
  -0.113067564E-02  -0.119753235E-02  -0.126657430E-02  -0.133781386E-02
  -0.141126517E-02  -0.148695251E-02  -0.156490334E-02  -0.164514770E-02
  -0.172772413E-02  -0.181267471E-02  -0.190004023E-02  -0.198985061E-02
  -0.208213305E-02  -0.217691684E-02  -0.227423947E-02  -0.237414139E-02
  -0.247666375E-02  -0.258184711E-02  -0.268973256E-02  -0.280036018E-02
  -0.291376296E-02  -0.302997212E-02  -0.314902022E-02  -0.327094511E-02
  -0.339578643E-02  -0.352358447E-02  -0.365438025E-02  -0.378821540E-02
  -0.392513247E-02  -0.406517584E-02  -0.420839087E-02  -0.435482363E-02
  -0.450452084E-02  -0.465752988E-02  -0.481389894E-02  -0.497367717E-02
  -0.513691455E-02  -0.530366220E-02  -0.547397367E-02  -0.564790383E-02
  -0.582550849E-02  -0.600684481E-02  -0.619197098E-02  -0.638094656E-02
  -0.657383402E-02  -0.677069736E-02  -0.697160177E-02  -0.717661404E-02
  -0.738580220E-02  -0.759923596E-02  -0.781698851E-02  -0.803913488E-02
  -0.826575177E-02  -0.849691892E-02  -0.873271787E-02  -0.897323146E-02
  -0.921854369E-02  -0.946873988E-02  -0.972390871E-02  -0.998414843E-02
  -0.102495612E-01  -0.105202504E-01  -0.107963193E-01  -0.110778723E-01
  -0.113650181E-01  -0.116578771E-01  -0.119565745E-01  -0.122612377E-01
  -0.125719955E-01  -0.128889786E-01  -0.132123218E-01  -0.135421680E-01
  -0.138786644E-01  -0.142219623E-01  -0.145722217E-01  -0.149296070E-01
  -0.152942870E-01  -0.156664381E-01  -0.160462410E-01  -0.164338829E-01
  -0.168295665E-01  -0.172335016E-01  -0.176459040E-01  -0.180670013E-01
  -0.184970277E-01  -0.189362228E-01  -0.193848354E-01  -0.198431201E-01
  -0.203113440E-01  -0.207898123E-01  -0.212788439E-01  -0.217787706E-01
  -0.222899575E-01  -0.228127832E-01  -0.233476307E-01  -0.238948775E-01
  -0.244549047E-01  -0.250280779E-01  -0.256146787E-01  -0.262149691E-01
  -0.268292000E-01  -0.274575665E-01  -0.281002498E-01  -0.287574799E-01
  -0.294296838E-01  -0.301173444E-01  -0.308209500E-01  -0.315409817E-01
  -0.322779252E-01  -0.330325539E-01  -0.338067854E-01  -0.346028676E-01
  -0.354231027E-01  -0.362698472E-01  -0.371455122E-01
   0.000000000E+00   0.705244339E-07   0.281625677E-06   0.632595643E-06
   0.112272624E-05   0.175130939E-05   0.251763700E-05   0.342100098E-05
   0.446069324E-05   0.563600570E-05   0.694623028E-05   0.839065887E-05
   0.996858341E-05   0.116792958E-04   0.135220879E-04   0.154962517E-04
   0.176010791E-04   0.198358620E-04   0.221998923E-04   0.246924620E-04
   0.273128629E-04   0.300603869E-04   0.329343260E-04   0.359274130E-04
   0.390328531E-04   0.422551663E-04   0.455949706E-04   0.490519023E-04
   0.526243462E-04   0.563049262E-04   0.600839364E-04   0.639534716E-04
   0.679167334E-04   0.719807515E-04   0.761504197E-04   0.804178469E-04
   0.847708762E-04   0.891985475E-04   0.936987019E-04   0.982717827E-04
   0.102917001E-03   0.107627217E-03   0.112393182E-03   0.117206743E-03
   0.122066232E-03   0.126971945E-03   0.131923792E-03   0.136918955E-03
   0.141953880E-03   0.147023906E-03   0.152119890E-03   0.157231103E-03
   0.162347925E-03   0.167467097E-03   0.172587173E-03   0.177705450E-03
   0.182813361E-03   0.187900496E-03   0.192957232E-03   0.197978536E-03
   0.202960623E-03   0.207899015E-03   0.212786161E-03   0.217613539E-03
   0.222372557E-03   0.227055014E-03   0.231652685E-03   0.236157423E-03
   0.240561922E-03   0.244859033E-03   0.249040964E-03   0.253097526E-03
   0.257017711E-03   0.260790877E-03   0.264408750E-03   0.267863617E-03
   0.271147023E-03   0.274247675E-03   0.277153340E-03   0.279851958E-03
   0.282333028E-03   0.284586345E-03   0.286601195E-03   0.288365227E-03
   0.289865480E-03   0.291088906E-03   0.292022843E-03   0.292654578E-03
   0.292971007E-03   0.292958047E-03   0.292601179E-03   0.291885604E-03
   0.290796182E-03   0.289317490E-03   0.287433926E-03   0.285129963E-03
   0.282389918E-03   0.279197344E-03   0.275533432E-03   0.271378495E-03
   0.266712967E-03   0.261518926E-03   0.255778677E-03   0.249473653E-03
   0.242582486E-03   0.235082799E-03   0.226952011E-03   0.218167925E-03
   0.208708177E-03   0.198549747E-03   0.187668020E-03   0.176037660E-03
   0.163632701E-03   0.150425903E-03   0.136389351E-03   0.121494665E-03
   0.105712982E-03   0.890149712E-04   0.713704501E-04   0.527472017E-04
   0.331120860E-04   0.124311665E-04  -0.933106164E-05  -0.322109454E-04
  -0.562460623E-04  -0.814771710E-04  -0.107946374E-03  -0.135697007E-03
  -0.164775226E-03  -0.195228508E-03  -0.227102842E-03  -0.260435667E-03
  -0.295262541E-03  -0.331620564E-03  -0.369551903E-03  -0.409100459E-03
  -0.450326536E-03  -0.493355196E-03  -0.538330459E-03  -0.585361252E-03
  -0.634403739E-03  -0.685372901E-03  -0.738222362E-03  -0.793072466E-03
  -0.850088699E-03  -0.909405946E-03  -0.971023332E-03  -0.103490416E-02
  -0.110100987E-02  -0.116930002E-02  -0.123973229E-02
  -0.000000000E+00  -0.127766606E-06  -0.512244867E-06  -0.115520244E-05
  -0.205840700E-05  -0.322362620E-05  -0.465262771E-05  -0.634717918E-05
  -0.830904828E-05  -0.105400027E-04  -0.130418100E-04  -0.158162380E-04
  -0.188650542E-04  -0.221900264E-04  -0.257929222E-04  -0.296755093E-04
  -0.338395553E-04  -0.382868279E-04  -0.430190948E-04  -0.480381235E-04
  -0.533456819E-04  -0.589435375E-04  -0.648334580E-04  -0.710314007E-04
  -0.775521443E-04  -0.843987101E-04  -0.915606207E-04  -0.990216303E-04
  -0.106770802E-03  -0.114829325E-03  -0.123230111E-03  -0.132000277E-03
  -0.141128776E-03  -0.150591716E-03  -0.160370472E-03  -0.170480219E-03
  -0.180947104E-03  -0.191794403E-03  -0.203024666E-03  -0.214634272E-03
  -0.226621070E-03  -0.238992044E-03  -0.251756966E-03  -0.264925890E-03
  -0.278508407E-03  -0.292514272E-03  -0.306951261E-03  -0.321817690E-03
  -0.337108767E-03  -0.352823172E-03  -0.368976714E-03  -0.385590612E-03
  -0.402683467E-03  -0.420259011E-03  -0.438316714E-03  -0.456858595E-03
  -0.475898886E-03  -0.495455595E-03  -0.515545280E-03  -0.536175938E-03
  -0.557353259E-03  -0.579083915E-03  -0.601379032E-03  -0.624251118E-03
  -0.647713235E-03  -0.671779733E-03  -0.696465593E-03  -0.721785266E-03
  -0.747749754E-03  -0.774369220E-03  -0.801655500E-03  -0.829627086E-03
  -0.858304645E-03  -0.887707774E-03  -0.917849748E-03  -0.948742261E-03
  -0.980398840E-03  -0.101284034E-02  -0.104608994E-02  -0.108017034E-02
  -0.111510022E-02  -0.115089742E-02  -0.118758096E-02  -0.122517371E-02
  -0.126369990E-02  -0.130318423E-02  -0.134365157E-02  -0.138512720E-02
  -0.142763704E-02  -0.147120809E-02  -0.151586797E-02  -0.156164537E-02
  -0.160857145E-02  -0.165667849E-02  -0.170599920E-02  -0.175656587E-02
  -0.180841111E-02  -0.186156941E-02  -0.191608099E-02  -0.197198822E-02
  -0.202933380E-02  -0.208815903E-02  -0.214850544E-02  -0.221041645E-02
  -0.227394085E-02  -0.233912956E-02  -0.240603478E-02  -0.247471063E-02
  -0.254521256E-02  -0.261759809E-02  -0.269192987E-02  -0.276827285E-02
  -0.284669386E-02  -0.292726346E-02  -0.301005423E-02  -0.309514087E-02
  -0.318260237E-02  -0.327251998E-02  -0.336497868E-02  -0.346007390E-02
  -0.355790521E-02  -0.365857592E-02  -0.376219837E-02  -0.386888899E-02
  -0.397876918E-02  -0.409197350E-02  -0.420864199E-02  -0.432891717E-02
  -0.445294283E-02  -0.458086515E-02  -0.471283550E-02  -0.484901762E-02
  -0.498958079E-02  -0.513470415E-02  -0.528459691E-02  -0.543947918E-02
  -0.559958747E-02  -0.576521120E-02  -0.593665805E-02  -0.611424169E-02
  -0.629827991E-02  -0.648909638E-02  -0.668696035E-02  -0.689190069E-02
  -0.710388242E-02  -0.732308713E-02  -0.755058629E-02  -0.778770137E-02
  -0.803578645E-02  -0.829622827E-02  -0.857044616E-02
   0.000000000E+00   0.232473372E-04   0.464985393E-04   0.697679166E-04
   0.930518731E-04   0.116328906E-03   0.139559608E-03   0.162700458E-03
   0.185760973E-03   0.208789916E-03   0.231850277E-03   0.254961672E-03
   0.278124599E-03   0.301336221E-03   0.324603608E-03   0.347936689E-03
   0.371343085E-03   0.394820826E-03   0.418362774E-03   0.441962348E-03
   0.465626902E-03   0.489368877E-03   0.513199788E-03   0.537121773E-03
   0.561133535E-03   0.585233571E-03   0.609423331E-03   0.633704897E-03
   0.658082321E-03   0.682568881E-03   0.707181560E-03   0.731936122E-03
   0.756837758E-03   0.781888402E-03   0.807091046E-03   0.832455020E-03
   0.857991768E-03   0.883711990E-03   0.909621378E-03   0.935724090E-03
   0.962025600E-03   0.988537790E-03   0.101527473E-02   0.104224931E-02
   0.106946729E-02   0.109693233E-02   0.112465010E-02   0.115263596E-02
   0.118090847E-02   0.120948534E-02   0.123837807E-02   0.126759653E-02
   0.129715108E-02   0.132705376E-02   0.135731729E-02   0.138795509E-02
   0.141898296E-02   0.145041763E-02   0.148227564E-02   0.151457122E-02
   0.154731816E-02   0.158053096E-02   0.161422641E-02   0.164842218E-02
   0.168313633E-02   0.171838718E-02   0.175419340E-02   0.179057395E-02
   0.182754783E-02   0.186513427E-02   0.190335336E-02   0.194222763E-02
   0.198178061E-02   0.202203608E-02   0.206301726E-02   0.210474751E-02
   0.214725108E-02   0.219055442E-02   0.223468501E-02   0.227967084E-02
   0.232554052E-02   0.237232317E-02   0.242004896E-02   0.246875048E-02
   0.251846146E-02   0.256921640E-02   0.262105079E-02   0.267400090E-02
   0.272810414E-02   0.278340024E-02   0.283993016E-02   0.289773604E-02
   0.295686244E-02   0.301735520E-02   0.307926156E-02   0.314263172E-02
   0.320751736E-02   0.327397179E-02   0.334205164E-02   0.341181529E-02
   0.348332317E-02   0.355664049E-02   0.363183475E-02   0.370897545E-02
   0.378813609E-02   0.386939234E-02   0.395282240E-02   0.403851019E-02
   0.412654235E-02   0.421700854E-02   0.431000514E-02   0.440563174E-02
   0.450399119E-02   0.460519322E-02   0.470935100E-02   0.481658232E-02
   0.492701654E-02   0.504078804E-02   0.515803670E-02   0.527891627E-02
   0.540358648E-02   0.553221262E-02   0.566497228E-02   0.580204898E-02
   0.594363313E-02   0.608993155E-02   0.624115845E-02   0.639753813E-02
   0.655932233E-02   0.672677380E-02   0.690016784E-02   0.707981395E-02
   0.726603537E-02   0.745915703E-02   0.765949017E-02   0.786734688E-02
   0.808303774E-02   0.830684919E-02   0.853906496E-02   0.878000172E-02
   0.903009606E-02   0.928982202E-02   0.955966720E-02   0.984014521E-02
   0.101317838E-01   0.104353302E-01   0.107523903E-01   0.110848209E-01
   0.114345241E-01   0.118034461E-01   0.121935785E-01
   0.000000000E+00   0.256096354E-04   0.512131925E-04   0.768076298E-04
   0.102384700E-03   0.127930949E-03   0.153427718E-03   0.178858026E-03
   0.204235102E-03   0.229595495E-03   0.254982877E-03   0.280405165E-03
   0.305852581E-03   0.331312849E-03   0.356793547E-03   0.382310217E-03
   0.407878281E-03   0.433503038E-03   0.459185740E-03   0.484924919E-03
   0.510712404E-03   0.536535958E-03   0.562385212E-03   0.588268128E-03
   0.614199429E-03   0.640191085E-03   0.666235484E-03   0.692317795E-03
   0.718426327E-03   0.744571203E-03   0.770770152E-03   0.797038875E-03
   0.823376887E-03   0.849778593E-03   0.876238711E-03   0.902756657E-03
   0.929333039E-03   0.955968339E-03   0.982662787E-03   0.100941647E-02
   0.103622846E-02   0.106309392E-02   0.109000653E-02   0.111696160E-02
   0.114396342E-02   0.117101908E-02   0.119813375E-02   0.122530247E-02
   0.125251711E-02   0.127977032E-02   0.130706020E-02   0.133438631E-02
   0.136174755E-02   0.138914007E-02   0.141655908E-02   0.144399933E-02
   0.147145453E-02   0.149891781E-02   0.152638250E-02   0.155384372E-02
   0.158129695E-02   0.160873687E-02   0.163615527E-02   0.166354289E-02
   0.169089045E-02   0.171818999E-02   0.174543367E-02   0.177261311E-02
   0.179971853E-02   0.182673951E-02   0.185366525E-02   0.188048443E-02
   0.190718533E-02   0.193375572E-02   0.196018242E-02   0.198645174E-02
   0.201254963E-02   0.203846207E-02   0.206417475E-02   0.208967270E-02
   0.211493963E-02   0.213995853E-02   0.216471183E-02   0.218918110E-02
   0.221334733E-02   0.223719094E-02   0.226069171E-02   0.228382882E-02
   0.230658082E-02   0.232892499E-02   0.235083793E-02   0.237229533E-02
   0.239327095E-02   0.241373758E-02   0.243366754E-02   0.245303316E-02
   0.247180630E-02   0.248995765E-02   0.250745489E-02   0.252426437E-02
   0.254035160E-02   0.255568110E-02   0.257021654E-02   0.258392054E-02
   0.259675374E-02   0.260867567E-02   0.261964445E-02   0.262961503E-02
   0.263854087E-02   0.264637403E-02   0.265306400E-02   0.265855879E-02
   0.266280488E-02   0.266574554E-02   0.266732241E-02   0.266747606E-02
   0.266614650E-02   0.266327269E-02   0.265879056E-02   0.265262711E-02
   0.264470594E-02   0.263494647E-02   0.262325596E-02   0.260953706E-02
   0.259369167E-02   0.257562504E-02   0.255524196E-02   0.253244684E-02
   0.250714810E-02   0.247925407E-02   0.244866949E-02   0.241528923E-02
   0.237900423E-02   0.233970571E-02   0.229729187E-02   0.225166153E-02
   0.220269888E-02   0.215023329E-02   0.209407739E-02   0.203401864E-02
   0.196975406E-02   0.190095214E-02   0.182735380E-02   0.174901659E-02
   0.166608287E-02   0.157850899E-02   0.148547872E-02   0.138596071E-02
   0.127889780E-02   0.116320709E-02   0.103777989E-02
  -0.000000000E+00  -0.497971008E-05  -0.995619751E-05  -0.149256113E-04
  -0.198851777E-04  -0.248331999E-04  -0.297690583E-04  -0.346926536E-04
  -0.396021009E-04  -0.444942858E-04  -0.493658146E-04  -0.542151100E-04
  -0.590415292E-04  -0.638446976E-04  -0.686236985E-04  -0.733775042E-04
  -0.781046888E-04  -0.828017583E-04  -0.874641651E-04  -0.920871414E-04
  -0.966671258E-04  -0.101200820E-03  -0.105684890E-03  -0.110116214E-03
  -0.114491708E-03  -0.118808206E-03  -0.123062278E-03  -0.127250365E-03
  -0.131369198E-03  -0.135417010E-03  -0.139392616E-03  -0.143294426E-03
  -0.147118353E-03  -0.150859448E-03  -0.154512902E-03  -0.158075341E-03
  -0.161543784E-03  -0.164915084E-03  -0.168185298E-03  -0.171350199E-03
  -0.174405832E-03  -0.177349721E-03  -0.180179869E-03  -0.182894166E-03
  -0.185489645E-03  -0.187963104E-03  -0.190311119E-03  -0.192529353E-03
  -0.194613141E-03  -0.196557925E-03  -0.198359976E-03  -0.200015776E-03
  -0.201521638E-03  -0.202873218E-03  -0.204065940E-03  -0.205095420E-03
  -0.205958320E-03  -0.206651607E-03  -0.207172034E-03  -0.207515364E-03
  -0.207677056E-03  -0.207652632E-03  -0.207438095E-03  -0.207029563E-03
  -0.206423027E-03  -0.205613996E-03  -0.204597817E-03  -0.203369802E-03
  -0.201925294E-03  -0.200259609E-03  -0.198368050E-03  -0.196246009E-03
  -0.193888879E-03  -0.191291924E-03  -0.188450011E-03  -0.185357854E-03
  -0.182010189E-03  -0.178402039E-03  -0.174528474E-03  -0.170384434E-03
  -0.165964449E-03  -0.161262895E-03  -0.156274157E-03  -0.150992856E-03
  -0.145413641E-03  -0.139531008E-03  -0.133338963E-03  -0.126831332E-03
  -0.120002007E-03  -0.112845381E-03  -0.105355948E-03  -0.975280749E-04
  -0.893557210E-04  -0.808326974E-04  -0.719527756E-04  -0.627097528E-04
  -0.530973917E-04  -0.431096474E-04  -0.327414299E-04  -0.219878976E-04
  -0.108439891E-04   0.696273951E-06   0.126391395E-04   0.249904971E-04
   0.377546259E-04   0.509353599E-04   0.645366743E-04   0.785632647E-04
   0.930200074E-04   0.107911469E-03   0.123240967E-03   0.139011449E-03
   0.155225437E-03   0.171883954E-03   0.188987527E-03   0.206536514E-03
   0.224531032E-03   0.242971021E-03   0.261855864E-03   0.281183148E-03
   0.300949830E-03   0.321151829E-03   0.341781575E-03   0.362830318E-03
   0.384286424E-03   0.406127743E-03   0.428328798E-03   0.450865626E-03
   0.473723088E-03   0.496887970E-03   0.520344186E-03   0.544065276E-03
   0.568021492E-03   0.592182421E-03   0.616517623E-03   0.640996026E-03
   0.665595794E-03   0.690335133E-03   0.715243110E-03   0.740293349E-03
   0.765231629E-03   0.789739360E-03   0.813623493E-03   0.837227109E-03
   0.861039643E-03   0.885262905E-03   0.908889831E-03   0.930579985E-03
   0.948956925E-03   0.962608212E-03   0.970085407E-03
   0.000000000E+00   0.582797540E-05   0.116515819E-04   0.174667689E-04
   0.232689401E-04   0.290529539E-04   0.348131230E-04   0.405438360E-04
   0.462421320E-04   0.519070790E-04   0.575385608E-04   0.631343534E-04
   0.686913555E-04   0.742062125E-04   0.796753426E-04   0.850949233E-04
   0.904607926E-04   0.957681280E-04   0.101011642E-03   0.106185846E-03
   0.111285692E-03   0.116306143E-03   0.121242114E-03   0.126088789E-03
   0.130841395E-03   0.135495014E-03   0.140044229E-03   0.144483386E-03
   0.148806931E-03   0.153010224E-03   0.157088921E-03   0.161038688E-03
   0.164855023E-03   0.168533395E-03   0.172069299E-03   0.175458250E-03
   0.178695792E-03   0.181777525E-03   0.184699232E-03   0.187456778E-03
   0.190045420E-03   0.192457714E-03   0.194685248E-03   0.196719951E-03
   0.198556280E-03   0.200189382E-03   0.201614334E-03   0.202825793E-03
   0.203818292E-03   0.204586567E-03   0.205126266E-03   0.205433341E-03
   0.205503828E-03   0.205333840E-03   0.204919576E-03   0.204256576E-03
   0.203337381E-03   0.202153579E-03   0.200697265E-03   0.198963384E-03
   0.196947672E-03   0.194645506E-03   0.192050548E-03   0.189155945E-03
   0.185954957E-03   0.182441627E-03   0.178610183E-03   0.174454815E-03
   0.169969612E-03   0.165148614E-03   0.159985611E-03   0.154473441E-03
   0.148604623E-03   0.142371900E-03   0.135769265E-03   0.128791038E-03
   0.121431076E-03   0.113681326E-03   0.105533141E-03   0.969781792E-04
   0.880098085E-04   0.786218306E-04   0.688076227E-04   0.585588393E-04
   0.478665979E-04   0.367220486E-04   0.251168706E-04   0.130428170E-04
   0.491443305E-06  -0.125462489E-04  -0.260794846E-04  -0.401176974E-04
  -0.546708232E-04  -0.697490294E-04  -0.853624991E-04  -0.101521052E-03
  -0.118234495E-03  -0.135513183E-03  -0.153369387E-03  -0.171816024E-03
  -0.190865975E-03  -0.210531292E-03  -0.230823932E-03  -0.251756387E-03
  -0.273342841E-03  -0.295598093E-03  -0.318537173E-03  -0.342175290E-03
  -0.366527877E-03  -0.391611012E-03  -0.417442642E-03  -0.444041438E-03
  -0.471426674E-03  -0.499619069E-03  -0.528640002E-03  -0.558511275E-03
  -0.589255228E-03  -0.620894633E-03  -0.653453257E-03  -0.686957710E-03
  -0.721435711E-03  -0.756916454E-03  -0.793433545E-03  -0.831022241E-03
  -0.869720014E-03  -0.909571174E-03  -0.950622513E-03  -0.992920996E-03
  -0.103651123E-02  -0.108143787E-02  -0.112774572E-02  -0.117547778E-02
  -0.122467711E-02  -0.127539086E-02  -0.132768062E-02  -0.138161264E-02
  -0.143726305E-02  -0.149474412E-02  -0.155417941E-02  -0.161571635E-02
  -0.167959061E-02  -0.174606505E-02  -0.181530500E-02  -0.188706038E-02
  -0.196096745E-02  -0.203685220E-02  -0.211534384E-02  -0.219729176E-02
  -0.228356748E-02  -0.237506468E-02  -0.247269915E-02
   0.000000000E+00   0.143326509E-06   0.574679845E-06   0.129612072E-05
   0.230970985E-05   0.361750794E-05   0.522157570E-05   0.712397385E-05
   0.932676311E-05   0.118320042E-04   0.146417578E-04   0.177580846E-04
   0.211830454E-04   0.249187008E-04   0.289671116E-04   0.333303385E-04
   0.380104422E-04   0.430094834E-04   0.483295228E-04   0.539726212E-04
   0.599408392E-04   0.662362375E-04   0.728608770E-04   0.798256336E-04
   0.871400099E-04   0.948087278E-04   0.102832143E-03   0.111208875E-03
   0.119939070E-03   0.129031867E-03   0.138499720E-03   0.148354385E-03
   0.158600725E-03   0.169241560E-03   0.180281517E-03   0.191733758E-03
   0.203614598E-03   0.215937672E-03   0.228701453E-03   0.241899428E-03
   0.255526380E-03   0.269586768E-03   0.284087790E-03   0.299040627E-03
   0.314472328E-03   0.330415835E-03   0.346898790E-03   0.363919306E-03
   0.381466549E-03   0.399533001E-03   0.418130191E-03   0.437275202E-03
   0.456985394E-03   0.477276808E-03   0.498165551E-03   0.519667104E-03
   0.541792626E-03   0.564552181E-03   0.587956414E-03   0.612018264E-03
   0.636751460E-03   0.662170068E-03   0.688288740E-03   0.715122494E-03
   0.742686718E-03   0.770997415E-03   0.800070982E-03   0.829924079E-03
   0.860573433E-03   0.892036010E-03   0.924329242E-03   0.957471535E-03
   0.991481810E-03   0.102637935E-02   0.106218378E-02   0.109891509E-02
   0.113659380E-02   0.117524154E-02   0.121488049E-02   0.125553328E-02
   0.129722283E-02   0.133997250E-02   0.138380628E-02   0.142874964E-02
   0.147482876E-02   0.152207030E-02   0.157050142E-02   0.162014973E-02
   0.167104359E-02   0.172321291E-02   0.177668838E-02   0.183150132E-02
   0.188768386E-02   0.194526877E-02   0.200428969E-02   0.206478219E-02
   0.212678279E-02   0.219032884E-02   0.225545911E-02   0.232221325E-02
   0.239063214E-02   0.246075954E-02   0.253264055E-02   0.260632114E-02
   0.268184822E-02   0.275926955E-02   0.283863406E-02   0.291999275E-02
   0.300339782E-02   0.308890296E-02   0.317656513E-02   0.326644289E-02
   0.335859590E-02   0.345308516E-02   0.354997279E-02   0.364932273E-02
   0.375120303E-02   0.385568370E-02   0.396283619E-02   0.407273417E-02
   0.418545281E-02   0.430106889E-02   0.441966191E-02   0.454131305E-02
   0.466610587E-02   0.479412939E-02   0.492547519E-02   0.506023645E-02
   0.519850813E-02   0.534038683E-02   0.548597025E-02   0.563535600E-02
   0.578864275E-02   0.594591975E-02   0.610723344E-02   0.627261904E-02
   0.644209658E-02   0.661562603E-02   0.679314977E-02   0.697463448E-02
   0.716015477E-02   0.734981387E-02   0.754369833E-02   0.774182203E-02
   0.794417936E-02   0.815081019E-02   0.836194348E-02   0.857786082E-02
   0.879885010E-02   0.902520554E-02   0.925722768E-02
   0.000000000E+00   0.168033036E-06   0.674207727E-06   0.152163745E-05
   0.271343559E-05   0.425271551E-05   0.614259059E-05   0.838617421E-05
   0.109865798E-04   0.139469206E-04   0.172703101E-04   0.209598617E-04
   0.250186886E-04   0.294499044E-04   0.342566224E-04   0.394419559E-04
   0.450090184E-04   0.509609231E-04   0.573007836E-04   0.640317131E-04
   0.711568250E-04   0.786792328E-04   0.866020498E-04   0.949366938E-04
   0.103692507E-03   0.112875780E-03   0.122491792E-03   0.132545541E-03
   0.143042953E-03   0.153993959E-03   0.165410154E-03   0.177303553E-03
   0.189685366E-03   0.202566957E-03   0.215959446E-03   0.229871296E-03
   0.244310242E-03   0.259284357E-03   0.274803205E-03   0.290876898E-03
   0.307515453E-03   0.324727807E-03   0.342522636E-03   0.360909315E-03
   0.379900080E-03   0.399508216E-03   0.419748343E-03   0.440639359E-03
   0.462201942E-03   0.484456170E-03   0.507416813E-03   0.531097374E-03
   0.555511934E-03   0.580676478E-03   0.606607744E-03   0.633322275E-03
   0.660834675E-03   0.689159129E-03   0.718310317E-03   0.748304609E-03
   0.779159014E-03   0.810891010E-03   0.843519159E-03   0.877062560E-03
   0.911540680E-03   0.946973410E-03   0.983381013E-03   0.102078412E-02
   0.105920375E-02   0.109866128E-02   0.113917841E-02   0.118077699E-02
   0.122347916E-02   0.126730766E-02   0.131228663E-02   0.135844090E-02
   0.140579563E-02   0.145437615E-02   0.150420811E-02   0.155531786E-02
   0.160773343E-02   0.166148362E-02   0.171659772E-02   0.177310530E-02
   0.183103640E-02   0.189042179E-02   0.195129371E-02   0.201368522E-02
   0.207763011E-02   0.214316353E-02   0.221032145E-02   0.227914033E-02
   0.234965694E-02   0.242190854E-02   0.249593396E-02   0.257177653E-02
   0.264948134E-02   0.272909412E-02   0.281066046E-02   0.289422650E-02
   0.297984024E-02   0.306755490E-02   0.315742577E-02   0.324950922E-02
   0.334386265E-02   0.344054454E-02   0.353961501E-02   0.364113781E-02
   0.374517849E-02   0.385180442E-02   0.396108679E-02   0.407309874E-02
   0.418791553E-02   0.430561708E-02   0.442628558E-02   0.455000638E-02
   0.467687303E-02   0.480698252E-02   0.494043430E-02   0.507733203E-02
   0.521778193E-02   0.536189333E-02   0.550978217E-02   0.566156769E-02
   0.581737609E-02   0.597735505E-02   0.614166005E-02   0.631045197E-02
   0.648390433E-02   0.666219648E-02   0.684551226E-02   0.703404301E-02
   0.722798474E-02   0.742752212E-02   0.763278248E-02   0.784387934E-02
   0.806091913E-02   0.828397647E-02   0.851311760E-02   0.874843063E-02
   0.899009380E-02   0.923831074E-02   0.949325074E-02   0.975493328E-02
   0.100233376E-01   0.102987070E-01   0.105823647E-01   0.108759383E-01
   0.111810969E-01   0.114995506E-01   0.118330509E-01
  -0.000000000E+00  -0.352007582E-07  -0.141233031E-06  -0.318741814E-06
  -0.568372106E-06  -0.890768903E-06  -0.128657720E-05  -0.175644200E-05
  -0.230100829E-05  -0.292092108E-05  -0.361682535E-05  -0.438936611E-05
  -0.523918835E-05  -0.616693708E-05  -0.717325728E-05  -0.825879395E-05
  -0.942419209E-05  -0.106700967E-04  -0.119971528E-04  -0.134060053E-04
  -0.148972993E-04  -0.164716798E-04  -0.181297917E-04  -0.198758710E-04
  -0.217137239E-04  -0.236584529E-04  -0.257099830E-04  -0.278632449E-04
  -0.301135922E-04  -0.324619823E-04  -0.349110345E-04  -0.374641448E-04
  -0.401273758E-04  -0.429079783E-04  -0.458117604E-04  -0.488363287E-04
  -0.519764955E-04  -0.552290183E-04  -0.586015222E-04  -0.621052271E-04
  -0.657499660E-04  -0.695366398E-04  -0.734634654E-04  -0.775293428E-04
  -0.817374439E-04  -0.860921998E-04  -0.905985364E-04  -0.952628568E-04
  -0.100092207E-03  -0.105093037E-03  -0.110268226E-03  -0.115619634E-03
  -0.121149925E-03  -0.126865462E-03  -0.132773800E-03  -0.138881874E-03
  -0.145193087E-03  -0.151709854E-03  -0.158435619E-03  -0.165378390E-03
  -0.172547633E-03  -0.179952262E-03  -0.187597743E-03  -0.195488659E-03
  -0.203630170E-03  -0.212029810E-03  -0.220695891E-03  -0.229636868E-03
  -0.238861099E-03  -0.248377063E-03  -0.258193253E-03  -0.268317625E-03
  -0.278758094E-03  -0.289523215E-03  -0.300623754E-03  -0.312071272E-03
  -0.323877144E-03  -0.336051060E-03  -0.348602386E-03  -0.361541232E-03
  -0.374880303E-03  -0.388633210E-03  -0.402813553E-03  -0.417433865E-03
  -0.432506573E-03  -0.448044692E-03  -0.464062930E-03  -0.480576677E-03
  -0.497601703E-03  -0.515154319E-03  -0.533251231E-03  -0.551909493E-03
  -0.571146523E-03  -0.590980091E-03  -0.611428773E-03  -0.632513382E-03
  -0.654255651E-03  -0.676677555E-03  -0.699800638E-03  -0.723646637E-03
  -0.748238240E-03  -0.773600740E-03  -0.799760496E-03  -0.826744532E-03
  -0.854580926E-03  -0.883298446E-03  -0.912926716E-03  -0.943497105E-03
  -0.975041897E-03  -0.100759444E-02  -0.104119048E-02  -0.107586691E-02
  -0.111166185E-02  -0.114861625E-02  -0.118677238E-02  -0.122617378E-02
  -0.126686663E-02  -0.130889843E-02  -0.135231822E-02  -0.139717846E-02
  -0.144353323E-02  -0.149143884E-02  -0.154095743E-02  -0.159215356E-02
  -0.164509418E-02  -0.169985199E-02  -0.175650230E-02  -0.181512321E-02
  -0.187579974E-02  -0.193861996E-02  -0.200367635E-02  -0.207107400E-02
  -0.214092287E-02  -0.221333345E-02  -0.228841153E-02  -0.236626319E-02
  -0.244700653E-02  -0.253080261E-02  -0.261782617E-02  -0.270826511E-02
  -0.280234939E-02  -0.290032360E-02  -0.300244514E-02  -0.310900706E-02
  -0.322031632E-02  -0.333667408E-02  -0.345833764E-02  -0.358555659E-02
  -0.371858505E-02  -0.385768170E-02  -0.400310977E-02
   0.000000000E+00   0.441553698E-07   0.177444491E-06   0.401101883E-06
   0.716362063E-06   0.112445955E-05   0.162662886E-05   0.222410452E-05
   0.291812103E-05   0.370991293E-05   0.460071472E-05   0.559176093E-05
   0.668428608E-05   0.787952468E-05   0.917871125E-05   0.105830803E-04
   0.120938664E-04   0.137123040E-04   0.154396276E-04   0.172770718E-04
   0.192258711E-04   0.212872600E-04   0.234624730E-04   0.257629069E-04
   0.281991355E-04   0.307610500E-04   0.334416006E-04   0.362337199E-04
   0.391341977E-04   0.421602266E-04   0.453368136E-04   0.486837654E-04
   0.521885247E-04   0.558274175E-04   0.595821882E-04   0.634682634E-04
   0.675121410E-04   0.717366483E-04   0.761399724E-04   0.807127532E-04
   0.854480500E-04   0.903534993E-04   0.954412467E-04   0.100722515E-03
   0.106201797E-03   0.111881731E-03   0.117763747E-03   0.123844613E-03
   0.130119369E-03   0.136586181E-03   0.143258398E-03   0.150154205E-03
   0.157288997E-03   0.164662843E-03   0.172271340E-03   0.180112745E-03
   0.188198400E-03   0.196543632E-03   0.205161810E-03   0.214055689E-03
   0.223225020E-03   0.232670870E-03   0.242400822E-03   0.252424375E-03
   0.262751073E-03   0.273389688E-03   0.284348951E-03   0.295637103E-03
   0.307259728E-03   0.319221694E-03   0.331529262E-03   0.344194550E-03
   0.357231520E-03   0.370652867E-03   0.384464681E-03   0.398671266E-03
   0.413278583E-03   0.428299740E-03   0.443750012E-03   0.459643811E-03
   0.475990635E-03   0.492798757E-03   0.510077435E-03   0.527839809E-03
   0.546100257E-03   0.564873156E-03   0.584171896E-03   0.604009781E-03
   0.624400460E-03   0.645358253E-03   0.666897847E-03   0.689034525E-03
   0.711785184E-03   0.735167398E-03   0.759198619E-03   0.783894736E-03
   0.809271409E-03   0.835345665E-03   0.862139402E-03   0.889676146E-03
   0.917979074E-03   0.947068378E-03   0.976963718E-03   0.100768593E-02
   0.103925970E-02   0.107171108E-02   0.110506660E-02   0.113935304E-02
   0.117459767E-02   0.121082866E-02   0.124807648E-02   0.128637262E-02
   0.132574935E-02   0.136624037E-02   0.140788023E-02   0.145070428E-02
   0.149474931E-02   0.154005298E-02   0.158665482E-02   0.163459986E-02
   0.168393525E-02   0.173470952E-02   0.178697413E-02   0.184078203E-02
   0.189618827E-02   0.195325338E-02   0.201204017E-02   0.207261214E-02
   0.213503175E-02   0.219936203E-02   0.226566607E-02   0.233400366E-02
   0.240443446E-02   0.247702486E-02   0.255186568E-02   0.262905544E-02
   0.270869831E-02   0.279091537E-02   0.287583394E-02   0.296356611E-02
   0.305415417E-02   0.314762235E-02   0.324398566E-02   0.334322330E-02
   0.344530389E-02   0.355029292E-02   0.365865449E-02   0.377096451E-02
   0.388781332E-02   0.400980567E-02   0.413756071E-02
  -0.000000000E+00  -0.291443522E-05  -0.582662313E-05  -0.873508674E-05
  -0.116370285E-04  -0.145283304E-04  -0.174035537E-04  -0.202579700E-04
  -0.230959736E-04  -0.259290514E-04  -0.287707708E-04  -0.316232482E-04
  -0.344828469E-04  -0.373431590E-04  -0.401954881E-04  -0.430285930E-04
  -0.458326501E-04  -0.486135201E-04  -0.513840858E-04  -0.541566519E-04
  -0.569291437E-04  -0.596942372E-04  -0.624439813E-04  -0.651732038E-04
  -0.678771182E-04  -0.705523782E-04  -0.732036360E-04  -0.758387224E-04
  -0.784636094E-04  -0.810718293E-04  -0.836525257E-04  -0.861962262E-04
  -0.887039098E-04  -0.911799151E-04  -0.936278471E-04  -0.960457602E-04
  -0.984300120E-04  -0.100776968E-03  -0.103083974E-03  -0.105348565E-03
  -0.107568060E-03  -0.109739190E-03  -0.111858406E-03  -0.113921996E-03
  -0.115926107E-03  -0.117866726E-03  -0.119739756E-03  -0.121541275E-03
  -0.123267313E-03  -0.124914384E-03  -0.126481397E-03  -0.127968016E-03
  -0.129373272E-03  -0.130693024E-03  -0.131922159E-03  -0.133055124E-03
  -0.134085154E-03  -0.135004945E-03  -0.135807574E-03  -0.136488647E-03
  -0.137044406E-03  -0.137470743E-03  -0.137762150E-03  -0.137912647E-03
  -0.137916033E-03  -0.137765676E-03  -0.137454704E-03  -0.136976270E-03
  -0.136324185E-03  -0.135492354E-03  -0.134474281E-03  -0.133262136E-03
  -0.131847595E-03  -0.130222347E-03  -0.128378791E-03  -0.126309405E-03
  -0.124006316E-03  -0.121460620E-03  -0.118662995E-03  -0.115604063E-03
  -0.112274838E-03  -0.108666316E-03  -0.104769077E-03  -0.100572496E-03
  -0.960654630E-04  -0.912368744E-04  -0.860763788E-04  -0.805736936E-04
  -0.747181381E-04  -0.684979164E-04  -0.619007762E-04  -0.549142059E-04
  -0.475253413E-04  -0.397210514E-04  -0.314880895E-04  -0.228134675E-04
  -0.136841101E-04  -0.408656512E-05   0.599352340E-05   0.165709270E-04
   0.276605372E-04   0.392769695E-04   0.514349311E-04   0.641494447E-04
   0.774361496E-04   0.913110212E-04   0.105790062E-03   0.120888647E-03
   0.136622134E-03   0.153006391E-03   0.170058779E-03   0.187797232E-03
   0.206239358E-03   0.225400623E-03   0.245296049E-03   0.265940384E-03
   0.287346834E-03   0.309528252E-03   0.332497374E-03   0.356266296E-03
   0.380846968E-03   0.406252156E-03   0.432497911E-03   0.459601249E-03
   0.487576666E-03   0.516427885E-03   0.546155629E-03   0.576754317E-03
   0.608193793E-03   0.640436565E-03   0.673453566E-03   0.707254479E-03
   0.741859088E-03   0.777279413E-03   0.813494851E-03   0.850475691E-03
   0.888187520E-03   0.926580257E-03   0.965598539E-03   0.100521273E-02
   0.104550291E-02   0.108657922E-02   0.112845122E-02   0.117071120E-02
   0.121283482E-02   0.125433279E-02   0.129490241E-02   0.133428355E-02
   0.137220982E-02   0.140840847E-02   0.144260050E-02
  -0.000000000E+00  -0.315569726E-05  -0.630604096E-05  -0.944230420E-05
  -0.125615429E-04  -0.156665960E-04  -0.187660849E-04  -0.218711726E-04
  -0.249821345E-04  -0.280915994E-04  -0.311886877E-04  -0.342659362E-04
  -0.373163821E-04  -0.403347557E-04  -0.433270632E-04  -0.463054893E-04
  -0.492824175E-04  -0.522573495E-04  -0.552248470E-04  -0.581776636E-04
  -0.611062720E-04  -0.639991771E-04  -0.668471067E-04  -0.696566949E-04
  -0.724408665E-04  -0.752097326E-04  -0.779526378E-04  -0.806513545E-04
  -0.832900108E-04  -0.858713667E-04  -0.884044302E-04  -0.908965007E-04
  -0.933422324E-04  -0.957321890E-04  -0.980570160E-04  -0.100310782E-03
  -0.102488304E-03  -0.104584749E-03  -0.106597463E-03  -0.108524477E-03
  -0.110362515E-03  -0.112102327E-03  -0.113732554E-03  -0.115243589E-03
  -0.116635495E-03  -0.117911357E-03  -0.119072019E-03  -0.120106877E-03
  -0.121001698E-03  -0.121742701E-03  -0.122320700E-03  -0.122727549E-03
  -0.122954848E-03  -0.122993829E-03  -0.122835454E-03  -0.122470261E-03
  -0.121887759E-03  -0.121076953E-03  -0.120026727E-03  -0.118726440E-03
  -0.117165400E-03  -0.115332218E-03  -0.113213367E-03  -0.110794461E-03
  -0.108061007E-03  -0.104999382E-03  -0.101595965E-03  -0.978365628E-04
  -0.937055483E-04  -0.891866313E-04  -0.842630456E-04  -0.789173078E-04
  -0.731314346E-04  -0.668869024E-04  -0.601642893E-04  -0.529435988E-04
  -0.452043546E-04  -0.369255501E-04  -0.280856945E-04  -0.186625722E-04
  -0.863244787E-05   0.202921012E-05   0.133475957E-04   0.253489259E-04
   0.380601116E-04   0.515088910E-04   0.657245957E-04   0.807374484E-04
   0.965784782E-04   0.113280003E-03   0.130875184E-03   0.149398243E-03
   0.168885592E-03   0.189374791E-03   0.210904448E-03   0.233515020E-03
   0.257248074E-03   0.282146508E-03   0.308256020E-03   0.335623748E-03
   0.364298405E-03   0.394332135E-03   0.425778786E-03   0.458693653E-03
   0.493134480E-03   0.529160525E-03   0.566833201E-03   0.606219040E-03
   0.647386928E-03   0.690407706E-03   0.735355827E-03   0.782307809E-03
   0.831342758E-03   0.882545625E-03   0.936004162E-03   0.991808957E-03
   0.105005675E-02   0.111084731E-02   0.117428486E-02   0.124048546E-02
   0.130957006E-02   0.138166367E-02   0.145690009E-02   0.153541748E-02
   0.161735810E-02   0.170287240E-02   0.179211517E-02   0.188524921E-02
   0.198246044E-02   0.208394362E-02   0.218989402E-02   0.230049672E-02
   0.241593674E-02   0.253640282E-02   0.266208877E-02   0.279319222E-02
   0.292991780E-02   0.307248812E-02   0.322113338E-02   0.337608787E-02
   0.353759016E-02   0.370588293E-02   0.388124424E-02   0.406408332E-02
   0.425484963E-02   0.445412792E-02   0.466302302E-02   0.488279414E-02
   0.511473073E-02   0.536015238E-02   0.562040893E-02
   0.000000000E+00   0.980347964E-06   0.195979029E-05   0.293749425E-05
   0.391250213E-05   0.488373119E-05   0.584997368E-05   0.680990532E-05
   0.776212033E-05   0.870512294E-05   0.963745606E-05   0.105582130E-04
   0.114668221E-04   0.123630492E-04   0.132473981E-04   0.141208971E-04
   0.149842834E-04   0.158354741E-04   0.166711012E-04   0.174877994E-04
   0.182844469E-04   0.190606828E-04   0.198162611E-04   0.205508474E-04
   0.212641618E-04   0.219556833E-04   0.226234878E-04   0.232651021E-04
   0.238784367E-04   0.244637926E-04   0.250223344E-04   0.255548507E-04
   0.260595642E-04   0.265338441E-04   0.269753649E-04   0.273838173E-04
   0.277595390E-04   0.281022386E-04   0.284084906E-04   0.286737773E-04
   0.288944153E-04   0.290713637E-04   0.292070706E-04   0.293043726E-04
   0.293665912E-04   0.293974524E-04   0.293994634E-04   0.293688557E-04
   0.292998804E-04   0.291872663E-04   0.290291747E-04   0.288246640E-04
   0.285730248E-04   0.282745067E-04   0.279296888E-04   0.275392485E-04
   0.271039310E-04   0.266245759E-04   0.261017987E-04   0.255349628E-04
   0.249230832E-04   0.242654049E-04   0.235622219E-04   0.228141528E-04
   0.220217114E-04   0.211847584E-04   0.203029895E-04   0.193762732E-04
   0.184051734E-04   0.173904814E-04   0.163330432E-04   0.152337257E-04
   0.140934467E-04   0.129130904E-04   0.116932117E-04   0.104343029E-04
   0.913702904E-05   0.780267004E-05   0.643271952E-05   0.502870591E-05
   0.359206714E-05   0.212426465E-05   0.626913248E-06  -0.897938674E-06
  -0.244806509E-05  -0.402122551E-05  -0.561539688E-05  -0.722856107E-05
  -0.885847417E-05  -0.105021795E-04  -0.121564552E-04  -0.138179806E-04
  -0.154833742E-04  -0.171491586E-04  -0.188117775E-04  -0.204676838E-04
  -0.221132585E-04  -0.237445136E-04  -0.253562676E-04  -0.269429097E-04
  -0.284988130E-04  -0.300187995E-04  -0.314977085E-04  -0.329299388E-04
  -0.343084963E-04  -0.356258802E-04  -0.368744918E-04  -0.380469562E-04
  -0.391358224E-04  -0.401330389E-04  -0.410286599E-04  -0.418120542E-04
  -0.424724590E-04  -0.429994101E-04  -0.433823390E-04  -0.436099917E-04
  -0.436690674E-04  -0.435454950E-04  -0.432244463E-04  -0.426890402E-04
  -0.419215596E-04  -0.409038929E-04  -0.396176125E-04  -0.380439009E-04
  -0.361628750E-04  -0.339515926E-04  -0.313859307E-04  -0.284402452E-04
  -0.250843701E-04  -0.212864483E-04  -0.170119193E-04  -0.122174646E-04
  -0.685672735E-05  -0.884989497E-06   0.573247322E-05   0.130282946E-04
   0.210497436E-04   0.299016601E-04   0.397057896E-04   0.505615293E-04
   0.624681929E-04   0.753987218E-04   0.893349968E-04   0.104299178E-03
   0.120323953E-03   0.137494751E-03   0.156109593E-03   0.176527178E-03
   0.199115285E-03   0.224250772E-03   0.252319577E-03
  -0.000000000E+00  -0.109865030E-05  -0.219627318E-05  -0.329252705E-05
  -0.438589463E-05  -0.547368292E-05  -0.655202321E-05  -0.761679785E-05
  -0.866747954E-05  -0.970620464E-05  -0.107359395E-04  -0.117560282E-04
  -0.127640669E-04  -0.137571122E-04  -0.147326579E-04  -0.156881155E-04
  -0.166210549E-04  -0.175308477E-04  -0.184176691E-04  -0.192815586E-04
  -0.201206086E-04  -0.209321626E-04  -0.217136047E-04  -0.224634222E-04
  -0.231804589E-04  -0.238635128E-04  -0.245109534E-04  -0.251210034E-04
  -0.256916310E-04  -0.262198523E-04  -0.267022618E-04  -0.271359430E-04
  -0.275207873E-04  -0.278576802E-04  -0.281471096E-04  -0.283868196E-04
  -0.285736877E-04  -0.287052971E-04  -0.287827988E-04  -0.288085790E-04
  -0.287837463E-04  -0.287027875E-04  -0.285579937E-04  -0.283418197E-04
  -0.280493480E-04  -0.276762205E-04  -0.272189103E-04  -0.266779238E-04
  -0.260550811E-04  -0.253518476E-04  -0.245671086E-04  -0.236990791E-04
  -0.227461096E-04  -0.217071002E-04  -0.205811425E-04  -0.193665554E-04
  -0.180582516E-04  -0.166500362E-04  -0.151364399E-04  -0.135159387E-04
  -0.117881234E-04  -0.995203160E-05  -0.800402752E-05  -0.593967813E-05
  -0.375479361E-05  -0.144663255E-05   0.987170645E-06   0.354911517E-05
   0.624225758E-05   0.906983266E-05   0.120353606E-04   0.151433913E-04
   0.183988351E-04   0.218062815E-04   0.253686011E-04   0.290882082E-04
   0.329681105E-04   0.370138119E-04   0.412315868E-04   0.456273605E-04
   0.502050850E-04   0.549682173E-04   0.599207365E-04   0.650687141E-04
   0.704188802E-04   0.759778745E-04   0.817514633E-04   0.877452571E-04
   0.939652037E-04   0.100418347E-03   0.107112129E-03   0.114054239E-03
   0.121252888E-03   0.128716552E-03   0.136453721E-03   0.144472369E-03
   0.152780438E-03   0.161386755E-03   0.170303311E-03   0.179543146E-03
   0.189119148E-03   0.199042593E-03   0.209324497E-03   0.219976824E-03
   0.231014759E-03   0.242454591E-03   0.254312841E-03   0.266605814E-03
   0.279350017E-03   0.292563030E-03   0.306265731E-03   0.320480217E-03
   0.335229407E-03   0.350537995E-03   0.366431558E-03   0.382936512E-03
   0.400080942E-03   0.417893821E-03   0.436405791E-03   0.455652340E-03
   0.475670815E-03   0.496500410E-03   0.518185255E-03   0.540771508E-03
   0.564309224E-03   0.588861099E-03   0.614494231E-03   0.641275619E-03
   0.669266985E-03   0.698529663E-03   0.729127304E-03   0.761129093E-03
   0.794606713E-03   0.829635581E-03   0.866301794E-03   0.904695559E-03
   0.944919718E-03   0.987122657E-03   0.103146714E-02   0.107813806E-02
   0.112739861E-02   0.117953701E-02   0.123471848E-02   0.129258793E-02
   0.135264714E-02   0.141469756E-02   0.147980177E-02   0.154936977E-02
   0.162484866E-02   0.170772257E-02   0.179951272E-02
  -0.000000000E+00  -0.287067054E-07  -0.115393794E-06  -0.260911726E-06
  -0.466110959E-06  -0.731841952E-06  -0.105895516E-05  -0.144830106E-05
  -0.190073008E-05  -0.241709271E-05  -0.299823939E-05  -0.364502058E-05
  -0.435828675E-05  -0.513888834E-05  -0.598767583E-05  -0.690549967E-05
  -0.789321032E-05  -0.895165824E-05  -0.100816939E-04  -0.112841677E-04
  -0.125599302E-04  -0.139098318E-04  -0.153347229E-04  -0.168347324E-04
  -0.184094221E-04  -0.200538093E-04  -0.217725339E-04  -0.235736898E-04
  -0.254646533E-04  -0.274460197E-04  -0.295162167E-04  -0.316742728E-04
  -0.339232540E-04  -0.362675755E-04  -0.387107691E-04  -0.412514524E-04
  -0.438865534E-04  -0.466153137E-04  -0.494483915E-04  -0.524004418E-04
  -0.554846605E-04  -0.587038944E-04  -0.620580034E-04  -0.655439529E-04
  -0.691476985E-04  -0.728509984E-04  -0.766415528E-04  -0.805374799E-04
  -0.845665283E-04  -0.887530550E-04  -0.931001674E-04  -0.976050466E-04
  -0.102265530E-03  -0.107083794E-03  -0.112063166E-03  -0.117207160E-03
  -0.122519981E-03  -0.128006089E-03  -0.133669861E-03  -0.139515036E-03
  -0.145545206E-03  -0.151764363E-03  -0.158178077E-03  -0.164792454E-03
  -0.171613453E-03  -0.178645899E-03  -0.185894363E-03  -0.193363751E-03
  -0.201060185E-03  -0.208990217E-03  -0.217160380E-03  -0.225576656E-03
  -0.234244960E-03  -0.243171592E-03  -0.252364150E-03  -0.261830709E-03
  -0.271579244E-03  -0.281616724E-03  -0.291949935E-03  -0.302586109E-03
  -0.313534006E-03  -0.324802929E-03  -0.336402352E-03  -0.348341810E-03
  -0.360631000E-03  -0.373279913E-03  -0.386299154E-03  -0.399699648E-03
  -0.413492620E-03  -0.427689821E-03  -0.442303318E-03  -0.457345522E-03
  -0.472829486E-03  -0.488768632E-03  -0.505177026E-03  -0.522070551E-03
  -0.539465825E-03  -0.557379848E-03  -0.575830060E-03  -0.594834286E-03
  -0.614411147E-03  -0.634581371E-03  -0.655366575E-03  -0.676789089E-03
  -0.698872700E-03  -0.721641962E-03  -0.745122429E-03  -0.769342117E-03
  -0.794330141E-03  -0.820116525E-03  -0.846733043E-03  -0.874212429E-03
  -0.902589216E-03  -0.931903104E-03  -0.962195806E-03  -0.993510493E-03
  -0.102589342E-02  -0.105939240E-02  -0.109405690E-02  -0.112993997E-02
  -0.116709641E-02  -0.120558376E-02  -0.124546716E-02  -0.128681474E-02
  -0.132970037E-02  -0.137421655E-02  -0.142046224E-02  -0.146853868E-02
  -0.151854927E-02  -0.157059970E-02  -0.162479846E-02  -0.168125842E-02
  -0.174009535E-02  -0.180142180E-02  -0.186533002E-02  -0.193190813E-02
  -0.200125192E-02  -0.207348421E-02  -0.214873651E-02  -0.222717547E-02
  -0.230910262E-02  -0.239485983E-02  -0.248472827E-02  -0.257871829E-02
  -0.267676890E-02  -0.277899909E-02  -0.288626826E-02  -0.299964356E-02
  -0.312021905E-02  -0.324911563E-02  -0.338748107E-02
  -0.000000000E+00  -0.330948121E-07  -0.132883240E-06  -0.300121272E-06
  -0.535564895E-06  -0.839970097E-06  -0.121409286E-05  -0.165868919E-05
  -0.217451505E-05  -0.276232644E-05  -0.342287936E-05  -0.415692977E-05
  -0.496523368E-05  -0.584854706E-05  -0.680762592E-05  -0.784322623E-05
  -0.895610398E-05  -0.101470152E-04  -0.114167158E-04  -0.127659618E-04
  -0.141955092E-04  -0.157061139E-04  -0.172985321E-04  -0.189761646E-04
  -0.207419086E-04  -0.226021505E-04  -0.245574973E-04  -0.266066412E-04
  -0.287487362E-04  -0.309864191E-04  -0.333235111E-04  -0.357641215E-04
  -0.383125101E-04  -0.409731950E-04  -0.437501512E-04  -0.466440887E-04
  -0.496546304E-04  -0.527815192E-04  -0.560259571E-04  -0.593895137E-04
  -0.628739711E-04  -0.664820865E-04  -0.702169609E-04  -0.740822551E-04
  -0.780836017E-04  -0.822274202E-04  -0.865197429E-04  -0.909638306E-04
  -0.955621979E-04  -0.100317584E-03  -0.105233752E-03  -0.110314802E-03
  -0.115564692E-03  -0.120986481E-03  -0.126582984E-03  -0.132357069E-03
  -0.138311860E-03  -0.144450561E-03  -0.150776568E-03  -0.157294032E-03
  -0.164007365E-03  -0.170920868E-03  -0.178038098E-03  -0.185362428E-03
  -0.192897490E-03  -0.200647943E-03  -0.208618790E-03  -0.216814962E-03
  -0.225240764E-03  -0.233900373E-03  -0.242798012E-03  -0.251937978E-03
  -0.261324620E-03  -0.270962351E-03  -0.280855732E-03  -0.291009397E-03
  -0.301428071E-03  -0.312116684E-03  -0.323080266E-03  -0.334323955E-03
  -0.345853143E-03  -0.357673343E-03  -0.369790020E-03  -0.382208204E-03
  -0.394932844E-03  -0.407969058E-03  -0.421322520E-03  -0.434999109E-03
  -0.449004803E-03  -0.463345780E-03  -0.478028327E-03  -0.493058648E-03
  -0.508442356E-03  -0.524184935E-03  -0.540292320E-03  -0.556772143E-03
  -0.573632579E-03  -0.590881666E-03  -0.608526445E-03  -0.626573758E-03
  -0.645030903E-03  -0.663906804E-03  -0.683210926E-03  -0.702952794E-03
  -0.723141689E-03  -0.743786934E-03  -0.764898092E-03  -0.786485290E-03
  -0.808558913E-03  -0.831129671E-03  -0.854209057E-03  -0.877808916E-03
  -0.901941246E-03  -0.926618052E-03  -0.951851485E-03  -0.977654647E-03
  -0.100404393E-02  -0.103103683E-02  -0.105865136E-02  -0.108690666E-02
  -0.111582246E-02  -0.114541863E-02  -0.117571462E-02  -0.120673001E-02
  -0.123848509E-02  -0.127100189E-02  -0.130430320E-02  -0.133841462E-02
  -0.137337190E-02  -0.140921399E-02  -0.144598297E-02  -0.148373075E-02
  -0.152251273E-02  -0.156238405E-02  -0.160339493E-02  -0.164559508E-02
  -0.168902671E-02  -0.173369851E-02  -0.177961025E-02  -0.182674623E-02
  -0.187502942E-02  -0.192436493E-02  -0.197469156E-02  -0.202609442E-02
  -0.207869802E-02  -0.213266578E-02  -0.218830919E-02  -0.224598408E-02
  -0.230605529E-02  -0.236889674E-02  -0.243489140E-02
   0.000000000E+00   0.123188499E-07   0.491742557E-07   0.110414501E-06
   0.195887871E-06   0.305442649E-06   0.438927120E-06   0.596189567E-06
   0.777078274E-06   0.981441527E-06   0.120912761E-05   0.145998480E-05
   0.173386139E-05   0.203060567E-05   0.235006590E-05   0.269209039E-05
   0.305652741E-05   0.344322525E-05   0.385203219E-05   0.428279652E-05
   0.473536651E-05   0.520959046E-05   0.570531665E-05   0.623022523E-05
   0.679209751E-05   0.740540926E-05   0.806210796E-05   0.874602229E-05
   0.944321314E-05   0.101581325E-04   0.109013288E-04   0.116824951E-04
   0.125026996E-04   0.133604628E-04   0.142538742E-04   0.151802224E-04
   0.161362908E-04   0.171199674E-04   0.181350739E-04   0.191874292E-04
   0.202815907E-04   0.214149716E-04   0.225827125E-04   0.237818219E-04
   0.250188044E-04   0.263032573E-04   0.276429029E-04   0.290350645E-04
   0.304739060E-04   0.319542222E-04   0.334753065E-04   0.350376321E-04
   0.366421494E-04   0.382917662E-04   0.399900662E-04   0.417400216E-04
   0.435413648E-04   0.453928826E-04   0.472939758E-04   0.492470265E-04
   0.512553171E-04   0.533216100E-04   0.554459829E-04   0.576277441E-04
   0.598666195E-04   0.621643708E-04   0.645233551E-04   0.669457573E-04
   0.694327599E-04   0.719852854E-04   0.746043144E-04   0.772910701E-04
   0.800468520E-04   0.828731230E-04   0.857719575E-04   0.887456364E-04
   0.917962050E-04   0.949245350E-04   0.981311750E-04   0.101417069E-03
   0.104784875E-03   0.108237765E-03   0.111778657E-03   0.115409115E-03
   0.119130355E-03   0.122943791E-03   0.126851662E-03   0.130856458E-03
   0.134960809E-03   0.139167747E-03   0.143480463E-03   0.147902039E-03
   0.152434871E-03   0.157081197E-03   0.161843510E-03   0.166725242E-03
   0.171730132E-03   0.176861953E-03   0.182124371E-03   0.187521076E-03
   0.193055934E-03   0.198733300E-03   0.204557725E-03   0.210533984E-03
   0.216667469E-03   0.222963822E-03   0.229428789E-03   0.236068157E-03
   0.242887814E-03   0.249894025E-03   0.257094219E-03   0.264496258E-03
   0.272108139E-03   0.279937876E-03   0.287993613E-03   0.296284124E-03
   0.304820218E-03   0.313613424E-03   0.322675861E-03   0.332021240E-03
   0.341663928E-03   0.351619096E-03   0.361904181E-03   0.372537512E-03
   0.383537758E-03   0.394923666E-03   0.406714305E-03   0.418930873E-03
   0.431601949E-03   0.444758538E-03   0.458433947E-03   0.472668582E-03
   0.487505416E-03   0.502986187E-03   0.519144492E-03   0.536012321E-03
   0.553617287E-03   0.571967363E-03   0.591065340E-03   0.610937301E-03
   0.631704647E-03   0.653515801E-03   0.676493378E-03   0.700643675E-03
   0.725942597E-03   0.752457158E-03   0.780627526E-03   0.810998989E-03
   0.844130912E-03   0.880596738E-03   0.920983985E-03
  -0.000000000E+00  -0.113665379E-07  -0.459146606E-07  -0.104317131E-06
  -0.187246714E-06  -0.295376171E-06  -0.429378266E-06  -0.589925762E-06
  -0.777691423E-06  -0.993348013E-06  -0.123756829E-05  -0.151102503E-05
  -0.181439098E-05  -0.214833892E-05  -0.251354160E-05  -0.291067179E-05
  -0.334040225E-05  -0.380340574E-05  -0.430035503E-05  -0.483192289E-05
  -0.539878207E-05  -0.600160533E-05  -0.664106545E-05  -0.731832504E-05
  -0.803409820E-05  -0.876344564E-05  -0.950625763E-05  -0.102702812E-04
  -0.110644825E-04  -0.118982650E-04  -0.127820642E-04  -0.137225771E-04
  -0.147064982E-04  -0.157132410E-04  -0.167273341E-04  -0.177634188E-04
  -0.188462513E-04  -0.199959813E-04  -0.212041946E-04  -0.224534416E-04
  -0.237296589E-04  -0.250393710E-04  -0.263954452E-04  -0.278086249E-04
  -0.292768254E-04  -0.307941191E-04  -0.323544314E-04  -0.339531014E-04
  -0.355855568E-04  -0.372495906E-04  -0.389540547E-04  -0.407114006E-04
  -0.425312137E-04  -0.444081363E-04  -0.463323241E-04  -0.482965828E-04
  -0.503072298E-04  -0.523746134E-04  -0.545067306E-04  -0.566996417E-04
  -0.589458970E-04  -0.612395937E-04  -0.635829760E-04  -0.659805954E-04
  -0.684364968E-04  -0.709517978E-04  -0.735268429E-04  -0.761616040E-04
  -0.788545851E-04  -0.816038019E-04  -0.844082558E-04  -0.872714631E-04
  -0.901982816E-04  -0.931921950E-04  -0.962502904E-04  -0.993677938E-04
  -0.102541368E-03  -0.105774473E-03  -0.109072508E-03  -0.112439609E-03
  -0.115873948E-03  -0.119372014E-03  -0.122931152E-03  -0.126552842E-03
  -0.130239707E-03  -0.133993953E-03  -0.137815766E-03  -0.141704784E-03
  -0.145660581E-03  -0.149682593E-03  -0.153770190E-03  -0.157923059E-03
  -0.162142345E-03  -0.166429606E-03  -0.170785747E-03  -0.175208882E-03
  -0.179696311E-03  -0.184246149E-03  -0.188860226E-03  -0.193541400E-03
  -0.198291718E-03  -0.203109615E-03  -0.207992513E-03  -0.212938206E-03
  -0.217946344E-03  -0.223017048E-03  -0.228150296E-03  -0.233345474E-03
  -0.238601793E-03  -0.243918370E-03  -0.249294046E-03  -0.254727553E-03
  -0.260217544E-03  -0.265762474E-03  -0.271360709E-03  -0.277010288E-03
  -0.282708104E-03  -0.288450669E-03  -0.294234804E-03  -0.300058905E-03
  -0.305921753E-03  -0.311821606E-03  -0.317754673E-03  -0.323716553E-03
  -0.329703172E-03  -0.335712182E-03  -0.341741642E-03  -0.347787449E-03
  -0.353836824E-03  -0.359874454E-03  -0.365883698E-03  -0.371843860E-03
  -0.377732767E-03  -0.383532682E-03  -0.389245741E-03  -0.394879352E-03
  -0.400437392E-03  -0.405908461E-03  -0.411277008E-03  -0.416506099E-03
  -0.421473174E-03  -0.426030970E-03  -0.430038870E-03  -0.433395444E-03
  -0.436007556E-03  -0.437806400E-03  -0.438828531E-03  -0.439138857E-03
  -0.438804474E-03  -0.437894670E-03  -0.436480927E-03
   0.000000000E+00   0.417712055E-06   0.833732898E-06   0.124430671E-05
   0.164921701E-05   0.205178661E-05   0.245887766E-05   0.287807014E-05
   0.330597285E-05   0.373104490E-05   0.413939865E-05   0.452919245E-05
   0.490457060E-05   0.527075705E-05   0.562727260E-05   0.597154272E-05
   0.630244437E-05   0.662716333E-05   0.695703081E-05   0.730081850E-05
   0.764766545E-05   0.797837259E-05   0.827597579E-05   0.854629027E-05
   0.880347400E-05   0.905994751E-05   0.931136224E-05   0.954764790E-05
   0.975955258E-05   0.994644533E-05   0.101103794E-04   0.102535573E-04
   0.103772556E-04   0.104826662E-04   0.105698943E-04   0.106337202E-04
   0.106669899E-04   0.106633007E-04   0.106216723E-04   0.105427395E-04
   0.104266917E-04   0.102710769E-04   0.100726207E-04   0.982875851E-05
   0.954044150E-05   0.920978149E-05   0.883809402E-05   0.842235301E-05
   0.795820190E-05   0.744067311E-05   0.686308408E-05   0.621798457E-05
   0.549885484E-05   0.470440598E-05   0.383485646E-05   0.288976210E-05
   0.186531397E-05   0.756696859E-06  -0.440903300E-06  -0.173173568E-05
  -0.311998016E-05  -0.460994785E-05  -0.620616589E-05  -0.791330243E-05
  -0.973620509E-05  -0.116801031E-04  -0.137504272E-04  -0.159527853E-04
  -0.182930796E-04  -0.207774015E-04  -0.234119528E-04  -0.262029137E-04
  -0.291565614E-04  -0.322795107E-04  -0.355793361E-04  -0.390640095E-04
  -0.427415517E-04  -0.466195483E-04  -0.507055885E-04  -0.550076428E-04
  -0.595347667E-04  -0.642964604E-04  -0.693024801E-04  -0.745629383E-04
  -0.800882123E-04  -0.858889188E-04  -0.919759337E-04  -0.983603739E-04
  -0.105053856E-03  -0.112069313E-03  -0.119420244E-03  -0.127120303E-03
  -0.135182820E-03  -0.143621242E-03  -0.152449759E-03  -0.161684768E-03
  -0.171343520E-03  -0.181443497E-03  -0.192001919E-03  -0.203036202E-03
  -0.214564605E-03  -0.226607748E-03  -0.239187203E-03  -0.252324998E-03
  -0.266043592E-03  -0.280365900E-03  -0.295315765E-03  -0.310919388E-03
  -0.327203998E-03  -0.344197526E-03  -0.361929022E-03  -0.380428269E-03
  -0.399726091E-03  -0.419855724E-03  -0.440851537E-03  -0.462748847E-03
  -0.485584708E-03  -0.509397174E-03  -0.534226073E-03  -0.560116160E-03
  -0.587114152E-03  -0.615267866E-03  -0.644626642E-03  -0.675240940E-03
  -0.707162529E-03  -0.740445477E-03  -0.775145219E-03  -0.811320228E-03
  -0.849038116E-03  -0.888369882E-03  -0.929383317E-03  -0.972128832E-03
  -0.101665285E-02  -0.106300926E-02  -0.111128056E-02  -0.116155782E-02
  -0.121392667E-02  -0.126844487E-02  -0.132516351E-02  -0.138412342E-02
  -0.144532217E-02  -0.150874533E-02  -0.157442204E-02  -0.164256221E-02
  -0.171342629E-02  -0.178723863E-02  -0.186405828E-02  -0.194390178E-02
  -0.202678494E-02  -0.211272280E-02  -0.220172966E-02
   0.000000000E+00   0.447531214E-06   0.892927876E-06   0.133244924E-05
   0.176510803E-05   0.219267046E-05   0.261965617E-05   0.305167587E-05
   0.348854399E-05   0.392594113E-05   0.435730427E-05   0.477649700E-05
   0.517668520E-05   0.555306614E-05   0.591476756E-05   0.627851833E-05
   0.665944787E-05   0.704863088E-05   0.742672088E-05   0.777502132E-05
   0.809415511E-05   0.839171406E-05   0.867580320E-05   0.894975063E-05
   0.921582498E-05   0.947453108E-05   0.971752507E-05   0.993282137E-05
   0.101106358E-04   0.102561332E-04   0.103797282E-04   0.104896586E-04
   0.105795270E-04   0.106380453E-04   0.106550704E-04   0.106295576E-04
   0.105631979E-04   0.104574336E-04   0.103113018E-04   0.101231923E-04
   0.989090556E-05   0.960980836E-05   0.927436132E-05   0.887984743E-05
   0.842613542E-05   0.791452077E-05   0.734510756E-05   0.671207340E-05
   0.600769100E-05   0.522473750E-05   0.435960176E-05   0.340961808E-05
   0.237153563E-05   0.123966275E-05   0.747371263E-08  -0.133123540E-05
  -0.278049042E-05  -0.434375931E-05  -0.602489710E-05  -0.782932651E-05
  -0.976300005E-05  -0.118321968E-04  -0.140440237E-04  -0.164059719E-04
  -0.189254728E-04  -0.216089940E-04  -0.244628437E-04  -0.274937615E-04
  -0.307098868E-04  -0.341198922E-04  -0.377326185E-04  -0.415568753E-04
  -0.456016201E-04  -0.498761440E-04  -0.543904545E-04  -0.591549295E-04
  -0.641802064E-04  -0.694772074E-04  -0.750571164E-04  -0.809315423E-04
  -0.871130515E-04  -0.936146832E-04  -0.100449747E-03  -0.107631715E-03
  -0.115174319E-03  -0.123091943E-03  -0.131400722E-03  -0.140117537E-03
  -0.149259537E-03  -0.158843765E-03  -0.168887502E-03  -0.179408800E-03
  -0.190427727E-03  -0.201965215E-03  -0.214042732E-03  -0.226682478E-03
  -0.239907204E-03  -0.253740549E-03  -0.268208303E-03  -0.283337237E-03
  -0.299155060E-03  -0.315691499E-03  -0.332977297E-03  -0.351044133E-03
  -0.369925437E-03  -0.389655632E-03  -0.410270520E-03  -0.431809259E-03
  -0.454312518E-03  -0.477822123E-03  -0.502381915E-03  -0.528036948E-03
  -0.554834123E-03  -0.582824969E-03  -0.612063037E-03  -0.642604145E-03
  -0.674509843E-03  -0.707844163E-03  -0.742673746E-03  -0.779071647E-03
  -0.817113763E-03  -0.856878252E-03  -0.898447482E-03  -0.941906198E-03
  -0.987343338E-03  -0.103485951E-02  -0.108455993E-02  -0.113655684E-02
  -0.119098405E-02  -0.124798321E-02  -0.130769681E-02  -0.137026122E-02
  -0.143581329E-02  -0.150448740E-02  -0.157639986E-02  -0.165166368E-02
  -0.173039468E-02  -0.181271471E-02  -0.189874858E-02  -0.198863245E-02
  -0.208254248E-02  -0.218066763E-02  -0.228321392E-02  -0.239044556E-02
  -0.250264585E-02  -0.262022453E-02  -0.274408590E-02  -0.287527896E-02
  -0.301487851E-02  -0.316398515E-02  -0.332372527E-02
   0.000000000E+00   0.000000000E+00   0.000000000E+00   0.000000000E+00
   0.000000000E+00   0.000000000E+00   0.000000000E+00   0.000000000E+00
   0.000000000E+00   0.000000000E+00   0.000000000E+00   0.000000000E+00
   0.000000000E+00   0.000000000E+00   0.000000000E+00   0.000000000E+00
   0.000000000E+00   0.000000000E+00   0.000000000E+00   0.000000000E+00
   0.000000000E+00   0.000000000E+00   0.000000000E+00   0.000000000E+00
   0.000000000E+00   0.000000000E+00   0.000000000E+00   0.000000000E+00
   0.000000000E+00   0.000000000E+00   0.000000000E+00   0.000000000E+00
   0.000000000E+00   0.000000000E+00   0.000000000E+00   0.000000000E+00
   0.442068940E-09   0.914181070E-08   0.311951201E-07   0.595891639E-07
   0.801019945E-07   0.756721787E-07   0.297683250E-07  -0.711502762E-07
  -0.235990685E-06  -0.468109804E-06  -0.765033109E-06  -0.111871742E-05
  -0.151626646E-05  -0.194100807E-05  -0.237384173E-05  -0.279476533E-05
  -0.318448983E-05  -0.352605074E-05  -0.380632503E-05  -0.401736243E-05
  -0.415743982E-05  -0.423174747E-05   0.455299714E-05   0.533571831E-05
   0.616602574E-05   0.704642083E-05   0.797813651E-05   0.896206044E-05
   0.999945722E-05   0.110932182E-04   0.122467491E-04   0.134632341E-04
   0.147445482E-04   0.160922305E-04   0.175080674E-04   0.189948566E-04
   0.205557205E-04   0.221938579E-04   0.239125143E-04   0.257150087E-04
   0.276046963E-04   0.295848219E-04   0.316586529E-04   0.338296362E-04
   0.361017457E-04   0.384791658E-04   0.409661704E-04   0.435670823E-04
   0.462863097E-04   0.491284537E-04   0.520985988E-04   0.552020468E-04
   0.584442383E-04   0.618307962E-04   0.653674861E-04   0.690603157E-04
   0.729158845E-04   0.769410615E-04   0.811429167E-04   0.855288500E-04
   0.901064723E-04   0.948837268E-04   0.998693932E-04   0.105072621E-03
   0.110502786E-03   0.116169547E-03   0.122082796E-03   0.128252953E-03
   0.134691943E-03   0.141412291E-03   0.148426822E-03   0.155748708E-03
   0.163391424E-03   0.171369094E-03   0.179697591E-03   0.188393504E-03
   0.197473924E-03   0.206956821E-03   0.216860690E-03   0.227204935E-03
   0.238011446E-03   0.249303123E-03   0.261103906E-03   0.273440417E-03
   0.286340419E-03   0.299832560E-03   0.313947211E-03   0.328715674E-03
   0.344170819E-03   0.360349830E-03   0.377291614E-03   0.395034395E-03
   0.413611045E-03   0.433053488E-03   0.453404037E-03   0.474745523E-03
   0.497172827E-03   0.520776343E-03   0.545620973E-03   0.571765995E-03
   0.599267596E-03   0.628165971E-03   0.658497545E-03   0.690332317E-03
   0.723875334E-03   0.759370470E-03   0.797011187E-03   0.836767765E-03
   0.878551312E-03   0.922358949E-03   0.968547094E-03   0.101757175E-02
   0.106990027E-02   0.112601141E-02   0.118639527E-02
   0.000000000E+00   0.000000000E+00   0.000000000E+00   0.000000000E+00
   0.000000000E+00   0.000000000E+00   0.000000000E+00   0.000000000E+00
   0.000000000E+00   0.000000000E+00   0.000000000E+00   0.000000000E+00
   0.000000000E+00   0.000000000E+00   0.000000000E+00   0.000000000E+00
   0.000000000E+00   0.000000000E+00   0.000000000E+00   0.000000000E+00
   0.000000000E+00   0.000000000E+00   0.000000000E+00   0.000000000E+00
   0.000000000E+00   0.000000000E+00   0.000000000E+00   0.000000000E+00
   0.000000000E+00   0.000000000E+00   0.000000000E+00   0.000000000E+00
  -0.438406587E-09  -0.887305920E-08  -0.293108188E-07  -0.530255336E-07
  -0.638852237E-07  -0.430569386E-07   0.273766993E-07   0.161790006E-06
   0.369276542E-06   0.652701953E-06   0.100844808E-05   0.142674911E-05
   0.189252041E-05   0.238658098E-05   0.288717001E-05   0.337165847E-05
   0.381835647E-05   0.420831693E-05   0.452703662E-05   0.476595501E-05
   0.492365183E-05   0.500664404E-05  -0.455261972E-05  -0.540437997E-05
  -0.630907788E-05  -0.727316145E-05  -0.830212969E-05  -0.939643022E-05
  -0.105550658E-04  -0.117779180E-04  -0.130690702E-04  -0.144338676E-04
  -0.158771604E-04  -0.174010240E-04  -0.190067880E-04  -0.206961798E-04
  -0.224726849E-04  -0.243403295E-04  -0.263033640E-04  -0.283665954E-04
  -0.305350880E-04  -0.328135610E-04  -0.352048350E-04  -0.377112347E-04
  -0.403358395E-04  -0.430848584E-04  -0.459654763E-04  -0.489844698E-04
  -0.521462231E-04  -0.554545334E-04  -0.589138531E-04  -0.625312021E-04
  -0.663144208E-04  -0.702712305E-04  -0.744081904E-04  -0.787316534E-04
  -0.832484103E-04  -0.879666645E-04  -0.928951366E-04  -0.980428398E-04
  -0.103419341E-03  -0.109034519E-03  -0.114898286E-03  -0.121019972E-03
  -0.127408889E-03  -0.134075347E-03  -0.141033166E-03  -0.148297348E-03
  -0.155882761E-03  -0.163802554E-03  -0.172069631E-03  -0.180697897E-03
  -0.189704555E-03  -0.199107969E-03  -0.208926813E-03  -0.219179688E-03
  -0.229885481E-03  -0.241064237E-03  -0.252739476E-03  -0.264936032E-03
  -0.277679527E-03  -0.290997039E-03  -0.304916479E-03  -0.319466671E-03
  -0.334678264E-03  -0.350582881E-03  -0.367213872E-03  -0.384609538E-03
  -0.402810107E-03  -0.421857586E-03  -0.441798495E-03  -0.462681294E-03
  -0.484557796E-03  -0.507490151E-03  -0.531544266E-03  -0.556788030E-03
  -0.583292772E-03  -0.611131888E-03  -0.640376409E-03  -0.671082867E-03
  -0.703304756E-03  -0.737102245E-03  -0.772559938E-03  -0.809770072E-03
  -0.848843775E-03  -0.889962991E-03  -0.933331300E-03  -0.979137731E-03
  -0.102749726E-02  -0.107850725E-02  -0.113221407E-02  -0.118845262E-02
  -0.124699869E-02  -0.130782591E-02  -0.137173254E-02  -0.143974582E-02
  -0.151291962E-02  -0.159233442E-02  -0.167909737E-02
   0.000000000E+00   0.000000000E+00   0.000000000E+00   0.000000000E+00
   0.447421713E-09   0.103286781E-07   0.406379811E-07   0.941542668E-07
   0.167789859E-06   0.254942070E-06   0.347370628E-06   0.436644174E-06
   0.515199071E-06   0.577053791E-06   0.618222099E-06   0.636868312E-06
   0.633247855E-06   0.609476376E-06   0.569170667E-06   0.517004622E-06
   0.458223513E-06   0.398159788E-06   0.341793676E-06   0.293401828E-06
   0.256337241E-06   0.232983721E-06   0.439992224E-05   0.477103283E-05
   0.515735579E-05   0.555895199E-05   0.597669400E-05   0.641174454E-05
   0.686613617E-05   0.734231783E-05   0.784261171E-05   0.836799452E-05
   0.891907242E-05   0.949514018E-05   0.100900146E-04   0.106954307E-04
   0.113050022E-04   0.119229739E-04   0.125569734E-04   0.132155515E-04
   0.139086235E-04   0.146470991E-04   0.154379855E-04   0.162692672E-04
   0.171227480E-04   0.179835032E-04   0.188553639E-04   0.197476306E-04
   0.206687125E-04   0.216208757E-04   0.226047908E-04   0.236209015E-04
   0.246686942E-04   0.257473356E-04   0.268561200E-04   0.279951710E-04
   0.291648246E-04   0.303654174E-04   0.315972995E-04   0.328608231E-04
   0.341564351E-04   0.354849778E-04   0.368474212E-04   0.382445154E-04
   0.396759980E-04   0.411413029E-04   0.426400926E-04   0.441731438E-04
   0.457415511E-04   0.473461296E-04   0.489864196E-04   0.506615858E-04
   0.523710584E-04   0.541155596E-04   0.558961729E-04   0.577137756E-04
   0.595682749E-04   0.614593028E-04   0.633865560E-04   0.653501029E-04
   0.673501030E-04   0.693866894E-04   0.714599060E-04   0.735697646E-04
   0.757162897E-04   0.778995907E-04   0.801197953E-04   0.823770307E-04
   0.846714392E-04   0.870031639E-04   0.893722608E-04   0.917784429E-04
   0.942213168E-04   0.967006682E-04   0.992170926E-04   0.101771411E-03
   0.104364382E-03   0.106996424E-03   0.109667875E-03   0.112379187E-03
   0.115131270E-03   0.117925173E-03   0.120761970E-03   0.123642732E-03
   0.126568552E-03   0.129540799E-03   0.132561882E-03   0.135634535E-03
   0.138761447E-03   0.141944871E-03   0.145186988E-03   0.148490299E-03
   0.151858427E-03   0.155295364E-03   0.158806011E-03   0.162398633E-03
   0.166082554E-03   0.169867506E-03   0.173764050E-03   0.177783181E-03
   0.181935464E-03   0.186228803E-03   0.190670543E-03   0.195273026E-03
   0.200068408E-03   0.205094680E-03   0.210384705E-03   0.215947225E-03
   0.221784800E-03   0.227909043E-03   0.234368529E-03   0.241222388E-03
   0.248536014E-03   0.256395388E-03   0.264893510E-03   0.274074975E-03
   0.283780624E-03   0.293794849E-03   0.304023610E-03   0.314885445E-03
   0.326940279E-03   0.340670345E-03   0.356196230E-03   0.373546732E-03
   0.392750511E-03   0.413836100E-03   0.436831897E-03
   0.000000000E+00   0.000000000E+00   0.000000000E+00   0.450115143E-09
   0.103509624E-07   0.405465772E-07   0.934665011E-07   0.165585344E-06
   0.249865314E-06   0.337701766E-06   0.420417103E-06   0.490348362E-06
   0.541573790E-06   0.570323766E-06   0.575121370E-06   0.556697943E-06
   0.517728955E-06   0.462435517E-06   0.396096849E-06   0.324519049E-06
   0.253505477E-06   0.188374082E-06   0.133567006E-06   0.923977878E-07
   0.669814846E-07   0.443412733E-05   0.482308149E-05   0.522967461E-05
   0.565068859E-05   0.608791149E-05   0.654482603E-05   0.702460104E-05
   0.752755435E-05   0.805313724E-05   0.860088712E-05   0.917115293E-05
   0.976451482E-05   0.103813670E-04   0.110212548E-04   0.116834150E-04
   0.123666302E-04   0.130681388E-04   0.137845373E-04   0.145139284E-04
   0.152617329E-04   0.160358103E-04   0.168430630E-04   0.176841728E-04
   0.185580710E-04   0.194634593E-04   0.203986050E-04   0.213615166E-04
   0.223503538E-04   0.233645239E-04   0.244037324E-04   0.254677083E-04
   0.265563918E-04   0.276697706E-04   0.288079756E-04   0.299717621E-04
   0.311620869E-04   0.323795129E-04   0.336228074E-04   0.348901823E-04
   0.361800799E-04   0.374922755E-04   0.388268961E-04   0.401839088E-04
   0.415625920E-04   0.429620087E-04   0.443810800E-04   0.458183025E-04
   0.472720022E-04   0.487404981E-04   0.502223349E-04   0.517160726E-04
   0.532201305E-04   0.547325296E-04   0.562511260E-04   0.577737319E-04
   0.592982381E-04   0.608225023E-04   0.623441049E-04   0.638597113E-04
   0.653656544E-04   0.668581891E-04   0.683336588E-04   0.697883432E-04
   0.712183406E-04   0.726193694E-04   0.739869507E-04   0.753162393E-04
   0.766013067E-04   0.778358021E-04   0.790133464E-04   0.801280494E-04
   0.811740320E-04   0.821448121E-04   0.830319173E-04   0.838261700E-04
   0.845182352E-04   0.850989465E-04   0.855590036E-04   0.858885366E-04
   0.860760901E-04   0.861095687E-04   0.859763321E-04   0.856624901E-04
   0.851535598E-04   0.844344255E-04   0.834885244E-04   0.822986069E-04
   0.808463906E-04   0.791106944E-04   0.770691847E-04   0.746991587E-04
   0.719781177E-04   0.688832297E-04   0.653903269E-04   0.614713944E-04
   0.570969290E-04   0.522354889E-04   0.468498460E-04   0.409006052E-04
   0.343459515E-04   0.271370916E-04   0.192225482E-04   0.105485501E-04
   0.105574310E-05  -0.931770703E-05  -0.206274330E-04  -0.328995229E-04
  -0.461525727E-04  -0.604109123E-04  -0.757221023E-04  -0.921403826E-04
  -0.109737167E-03  -0.128650373E-03  -0.149037699E-03  -0.171048655E-03
  -0.194787619E-03  -0.220348866E-03  -0.247846138E-03  -0.277466609E-03
  -0.309419655E-03  -0.343930985E-03  -0.381277900E-03  -0.421755790E-03
  -0.465666743E-03  -0.513319549E-03  -0.565029702E-03
   0.000000000E+00   0.000000000E+00   0.000000000E+00   0.000000000E+00
   0.000000000E+00   0.000000000E+00   0.000000000E+00   0.000000000E+00
   0.000000000E+00   0.000000000E+00   0.000000000E+00   0.000000000E+00
   0.000000000E+00   0.000000000E+00   0.000000000E+00  -0.465176715E-09
  -0.110856889E-07  -0.451747314E-07  -0.108807412E-06  -0.202420626E-06
  -0.322589960E-06  -0.463487155E-06  -0.618047268E-06  -0.778874650E-06
  -0.938916899E-06  -0.109193590E-05  -0.123280511E-05  -0.135766221E-05
  -0.146394621E-05  -0.155034828E-05  -0.161670530E-05  -0.166386528E-05
  -0.169355390E-05  -0.170827116E-05  -0.171124739E-05  -0.170648765E-05
  -0.169893376E-05  -0.450736400E-05  -0.475737209E-05  -0.502185530E-05
  -0.530419635E-05  -0.560087944E-05  -0.590612931E-05  -0.621485022E-05
  -0.652669148E-05  -0.684263482E-05  -0.716389032E-05  -0.749225380E-05
  -0.782980332E-05  -0.817824010E-05  -0.853714458E-05  -0.890547289E-05
  -0.928228342E-05  -0.966736080E-05  -0.100606757E-04  -0.104621102E-04
  -0.108711933E-04  -0.112873319E-04  -0.117102551E-04  -0.121411550E-04
  -0.125816838E-04  -0.130330342E-04  -0.134941582E-04  -0.139633429E-04
  -0.144392206E-04  -0.149222039E-04  -0.154132081E-04  -0.159129516E-04
  -0.164211598E-04  -0.169372773E-04  -0.174608235E-04  -0.179917303E-04
  -0.185300385E-04  -0.190758544E-04  -0.196295415E-04  -0.201915474E-04
  -0.207620648E-04  -0.213401660E-04  -0.219245876E-04  -0.225144591E-04
  -0.231107195E-04  -0.237148276E-04  -0.243278450E-04  -0.249489747E-04
  -0.255768956E-04  -0.262105543E-04  -0.268501896E-04  -0.274963937E-04
  -0.281496765E-04  -0.288101186E-04  -0.294776901E-04  -0.301523035E-04
  -0.308336365E-04  -0.315212952E-04  -0.322150701E-04  -0.329155533E-04
  -0.336235682E-04  -0.343397093E-04  -0.350635278E-04  -0.357942860E-04
  -0.365315904E-04  -0.372765438E-04  -0.380306750E-04  -0.387952629E-04
  -0.395703807E-04  -0.403557855E-04  -0.411515467E-04  -0.419590463E-04
  -0.427800468E-04  -0.436161799E-04  -0.444683584E-04  -0.453373257E-04
  -0.462241927E-04  -0.471315071E-04  -0.480622524E-04  -0.490194082E-04
  -0.500056511E-04  -0.510236350E-04  -0.520761940E-04  -0.531666689E-04
  -0.542986002E-04  -0.554758944E-04  -0.567036543E-04  -0.579873976E-04
  -0.593341044E-04  -0.607562425E-04  -0.622679745E-04  -0.638832321E-04
  -0.656137723E-04  -0.674710107E-04  -0.694659580E-04  -0.716071131E-04
  -0.739024535E-04  -0.763611617E-04  -0.789968352E-04  -0.818244499E-04
  -0.848687209E-04  -0.881928366E-04  -0.918712440E-04  -0.959703700E-04
  -0.100517975E-03  -0.105532214E-03  -0.111020717E-03  -0.116947588E-03
  -0.123264738E-03  -0.129995279E-03  -0.137455817E-03  -0.146045203E-03
  -0.156172775E-03  -0.168258365E-03  -0.182732293E-03
   0.000000000E+00   0.000000000E+00   0.000000000E+00   0.000000000E+00
   0.000000000E+00   0.000000000E+00   0.000000000E+00   0.000000000E+00
   0.000000000E+00   0.000000000E+00   0.000000000E+00   0.000000000E+00
   0.000000000E+00   0.000000000E+00   0.484842156E-09   0.114892861E-07
   0.465365336E-07   0.111361493E-06   0.205736077E-06   0.325446407E-06
   0.463904552E-06   0.613428136E-06   0.766221131E-06   0.915089190E-06
   0.105392283E-05   0.117798183E-05   0.128401413E-05   0.137024261E-05
   0.143625304E-05   0.148281660E-05   0.151168018E-05   0.152535796E-05
   0.152695747E-05   0.152007346E-05   0.150878306E-05   0.149777537E-05
   0.471049928E-05   0.499653042E-05   0.530631090E-05   0.561971789E-05
   0.592079309E-05   0.621807148E-05   0.652774656E-05   0.686282573E-05
   0.721780714E-05   0.758154216E-05   0.794379141E-05   0.830147796E-05
   0.865337636E-05   0.899993993E-05   0.934871561E-05   0.970969765E-05
   0.100902449E-04   0.104842287E-04   0.108814295E-04   0.112741133E-04
   0.116673133E-04   0.120698556E-04   0.124881809E-04   0.129168376E-04
   0.133468395E-04   0.137709558E-04   0.141911182E-04   0.146118671E-04
   0.150369082E-04   0.154655038E-04   0.158956846E-04   0.163253696E-04
   0.167523692E-04   0.171743821E-04   0.175897820E-04   0.180000675E-04
   0.184076593E-04   0.188137749E-04   0.192141978E-04   0.196030986E-04
   0.199759927E-04   0.203348172E-04   0.206833276E-04   0.210238599E-04
   0.213522263E-04   0.216623614E-04   0.219491658E-04   0.222123454E-04
   0.224529049E-04   0.226712691E-04   0.228652126E-04   0.230317572E-04
   0.231677753E-04   0.232698365E-04   0.233343489E-04   0.233580276E-04
   0.233391914E-04   0.232765679E-04   0.231681162E-04   0.230086638E-04
   0.227920907E-04   0.225129047E-04   0.221687875E-04   0.217582360E-04
   0.212788111E-04   0.207242344E-04   0.200870842E-04   0.193601403E-04
   0.185376809E-04   0.176142756E-04   0.165840719E-04   0.154398700E-04
   0.141739855E-04   0.127783930E-04   0.112442610E-04   0.956238642E-05
   0.772312004E-05   0.571568083E-05   0.352879768E-05   0.115051630E-05
  -0.143306658E-05  -0.423661631E-05  -0.727516060E-05  -0.105641064E-04
  -0.141192240E-04  -0.179576142E-04  -0.221006902E-04  -0.265713725E-04
  -0.313937604E-04  -0.365950571E-04  -0.422037559E-04  -0.482504529E-04
  -0.547722267E-04  -0.618085062E-04  -0.694002229E-04  -0.775915251E-04
  -0.864281586E-04  -0.959540432E-04  -0.106202485E-03  -0.117204489E-03
  -0.128998033E-03  -0.141647785E-03  -0.155226426E-03  -0.169833086E-03
  -0.185669106E-03  -0.202966198E-03  -0.221900577E-03  -0.242405179E-03
  -0.264347927E-03  -0.287713399E-03  -0.312972803E-03  -0.340732378E-03
  -0.371613964E-03  -0.406255008E-03  -0.445308558E-03
   0.000000000E+00   0.000000000E+00   0.000000000E+00   0.000000000E+00
   0.000000000E+00   0.000000000E+00   0.000000000E+00   0.000000000E+00
   0.000000000E+00   0.000000000E+00   0.000000000E+00   0.000000000E+00
   0.000000000E+00   0.000000000E+00   0.000000000E+00   0.000000000E+00
   0.000000000E+00   0.000000000E+00   0.000000000E+00   0.000000000E+00
   0.000000000E+00   0.000000000E+00   0.000000000E+00   0.000000000E+00
   0.000000000E+00   0.000000000E+00   0.000000000E+00   0.000000000E+00
   0.000000000E+00   0.000000000E+00   0.000000000E+00   0.000000000E+00
   0.000000000E+00   0.000000000E+00   0.440698518E-09   0.978277945E-08
   0.367363244E-07   0.804528784E-07   0.133786456E-06   0.186361641E-06
   0.226979305E-06   0.245420359E-06   0.233707952E-06   0.186888524E-06
   0.103392134E-06  -0.149675359E-07  -0.163293074E-06  -0.334142732E-06
  -0.518248891E-06  -0.705355199E-06  -0.885111965E-06  -0.104796939E-05
  -0.118600823E-05  -0.129364748E-05  -0.136816867E-05  -0.140999631E-05
   0.440939335E-05   0.492779936E-05   0.548194501E-05   0.607319631E-05
   0.670293953E-05   0.737265067E-05   0.808410967E-05   0.883921083E-05
   0.964005208E-05   0.104894205E-04   0.113903603E-04   0.123457004E-04
   0.133570521E-04   0.144257059E-04   0.155533725E-04   0.167435197E-04
   0.180001699E-04   0.193271858E-04   0.207273404E-04   0.222031569E-04
   0.237573965E-04   0.253936743E-04   0.271159015E-04   0.289280728E-04
   0.308342092E-04   0.328384102E-04   0.349449362E-04   0.371584061E-04
   0.394836166E-04   0.419255156E-04   0.444893117E-04   0.471803738E-04
   0.500041818E-04   0.529662802E-04   0.560723206E-04   0.593283464E-04
   0.627416251E-04   0.663198813E-04   0.700708786E-04   0.740019467E-04
   0.781204183E-04   0.824341617E-04   0.869527559E-04   0.916864019E-04
   0.966454432E-04   0.101840043E-03   0.107280482E-03   0.112977662E-03
   0.118944313E-03   0.125193872E-03   0.131740191E-03   0.138597869E-03
   0.145781944E-03   0.153308086E-03   0.161193494E-03   0.169456054E-03
   0.178114151E-03   0.187186955E-03   0.196694154E-03   0.206656921E-03
   0.217101187E-03   0.228054578E-03   0.239545840E-03   0.251606317E-03
   0.264268568E-03   0.277566162E-03   0.291534505E-03   0.306210067E-03
   0.321630433E-03   0.337835287E-03   0.354865489E-03   0.372763390E-03
   0.391574774E-03   0.411347024E-03   0.432140667E-03   0.454066598E-03
   0.477250913E-03   0.501807960E-03   0.527794543E-03   0.555253244E-03
   0.584215168E-03   0.614663244E-03   0.646566985E-03   0.679940138E-03
   0.714980826E-03   0.751938661E-03   0.791017572E-03   0.832216865E-03
   0.875482102E-03   0.920857365E-03   0.968793794E-03   0.101985637E-02
   0.107462431E-02   0.113369109E-02   0.119766443E-02
   0.000000000E+00   0.000000000E+00   0.000000000E+00   0.000000000E+00
   0.000000000E+00   0.000000000E+00   0.000000000E+00   0.000000000E+00
   0.000000000E+00   0.000000000E+00   0.000000000E+00   0.000000000E+00
   0.000000000E+00   0.000000000E+00   0.000000000E+00   0.000000000E+00
   0.000000000E+00   0.000000000E+00   0.000000000E+00   0.000000000E+00
   0.000000000E+00   0.000000000E+00   0.000000000E+00   0.000000000E+00
   0.000000000E+00   0.000000000E+00   0.000000000E+00   0.000000000E+00
   0.000000000E+00   0.000000000E+00   0.000000000E+00   0.000000000E+00
   0.443604249E-09   0.979298679E-08   0.365211903E-07   0.792758676E-07
   0.130293483E-06   0.178592122E-06   0.212470414E-06   0.221375843E-06
   0.197205741E-06   0.135104256E-06   0.338185633E-07  -0.104322373E-06
  -0.273743219E-06  -0.466208568E-06  -0.671596843E-06  -0.878798510E-06
  -0.107667532E-05  -0.125501728E-05  -0.140543410E-05  -0.152211777E-05
  -0.160241308E-05  -0.164713264E-05   0.444897088E-05   0.499203969E-05
   0.557440166E-05   0.619604219E-05   0.685728659E-05   0.756013581E-05
   0.830709220E-05   0.910081728E-05   0.994434726E-05   0.108409024E-04
   0.117934523E-04   0.128035662E-04   0.138724365E-04   0.150016989E-04
   0.161948816E-04   0.174561085E-04   0.187893223E-04   0.201972643E-04
   0.216823913E-04   0.232474242E-04   0.248960647E-04   0.266323480E-04
   0.284603606E-04   0.303840591E-04   0.324074346E-04   0.345346472E-04
   0.367702684E-04   0.391190607E-04   0.415858079E-04   0.441750269E-04
   0.468912307E-04   0.497393125E-04   0.527254512E-04   0.558562811E-04
   0.591384121E-04   0.625778264E-04   0.661804325E-04   0.699524888E-04
   0.739013213E-04   0.780346620E-04   0.823604197E-04   0.868866770E-04
   0.916216931E-04   0.965740538E-04   0.101753129E-03   0.107168650E-03
   0.112830784E-03   0.118750829E-03   0.124940570E-03   0.131412053E-03
   0.138177575E-03   0.145249690E-03   0.152641531E-03   0.160367747E-03
   0.168443627E-03   0.176884863E-03   0.185707753E-03   0.194929009E-03
   0.204566311E-03   0.214640190E-03   0.225172264E-03   0.236184957E-03
   0.247702484E-03   0.259749926E-03   0.272353198E-03   0.285539922E-03
   0.299338606E-03   0.313778838E-03   0.328892717E-03   0.344713506E-03
   0.361277252E-03   0.378629160E-03   0.396817589E-03   0.415894996E-03
   0.435927098E-03   0.456984230E-03   0.479132591E-03   0.502416480E-03
   0.526875078E-03   0.552548660E-03   0.579480115E-03   0.607713506E-03
   0.637302702E-03   0.668339264E-03   0.700926034E-03   0.735162731E-03
   0.771129391E-03   0.808902069E-03   0.848560239E-03   0.890193073E-03
   0.933893479E-03   0.979829773E-03   0.102847084E-02   0.108037216E-02
   0.113610310E-02   0.119624697E-02   0.126140095E-02
   0.000000000E+00   0.000000000E+00   0.000000000E+00   0.000000000E+00
   0.000000000E+00   0.000000000E+00   0.000000000E+00   0.000000000E+00
   0.000000000E+00   0.000000000E+00   0.000000000E+00   0.000000000E+00
   0.000000000E+00   0.000000000E+00   0.000000000E+00   0.000000000E+00
   0.000000000E+00   0.000000000E+00   0.000000000E+00   0.000000000E+00
   0.000000000E+00   0.000000000E+00   0.000000000E+00   0.000000000E+00
   0.000000000E+00   0.000000000E+00   0.000000000E+00   0.000000000E+00
   0.000000000E+00   0.000000000E+00   0.000000000E+00   0.000000000E+00
   0.000000000E+00   0.000000000E+00   0.000000000E+00   0.000000000E+00
   0.000000000E+00  -0.442577172E-09  -0.101585818E-07  -0.397072085E-07
  -0.913026120E-07  -0.161278452E-06  -0.242526146E-06  -0.326434955E-06
  -0.404379329E-06  -0.468798965E-06  -0.513916986E-06  -0.536141706E-06
  -0.534197402E-06  -0.509029521E-06  -0.463529776E-06  -0.402126554E-06
  -0.330286078E-06  -0.253969752E-06  -0.179093127E-06  -0.111031938E-06
  -0.542206169E-07  -0.118887493E-07   0.140191088E-07  -0.436355280E-05
  -0.475344147E-05  -0.516544920E-05  -0.560048052E-05  -0.605941189E-05
  -0.654320771E-05  -0.705313777E-05  -0.759058375E-05  -0.815686825E-05
  -0.875293169E-05  -0.937962136E-05  -0.100378983E-04  -0.107291685E-04
  -0.114549849E-04  -0.122169770E-04  -0.130169527E-04  -0.138568059E-04
  -0.147382996E-04  -0.156624890E-04  -0.166302442E-04  -0.176427984E-04
  -0.187028848E-04  -0.198137017E-04  -0.209781777E-04  -0.221978040E-04
  -0.234737012E-04  -0.248073400E-04  -0.262016344E-04  -0.276599402E-04
  -0.291855778E-04  -0.307814234E-04  -0.324502847E-04  -0.341950275E-04
  -0.360185685E-04  -0.379238822E-04  -0.399142484E-04  -0.419940097E-04
  -0.441678715E-04  -0.464404552E-04  -0.488156597E-04  -0.512972526E-04
  -0.538894006E-04  -0.565976783E-04  -0.594281314E-04  -0.623868930E-04
  -0.654799908E-04  -0.687135267E-04  -0.720939157E-04  -0.756284319E-04
  -0.793246995E-04  -0.831905959E-04  -0.872344895E-04  -0.914650171E-04
  -0.958914297E-04  -0.100524884E-03  -0.105377234E-03  -0.110460578E-03
  -0.115787152E-03  -0.121369430E-03  -0.127220686E-03  -0.133356593E-03
  -0.139793724E-03  -0.146549346E-03  -0.153642384E-03  -0.161092517E-03
  -0.168920583E-03  -0.177150762E-03  -0.185808517E-03  -0.194922865E-03
  -0.204535464E-03  -0.214692041E-03  -0.225435364E-03  -0.236792696E-03
  -0.248787651E-03  -0.261446330E-03  -0.274803754E-03  -0.288897781E-03
  -0.303772341E-03  -0.319493658E-03  -0.336134888E-03  -0.353764252E-03
  -0.372424747E-03  -0.392153386E-03  -0.413019372E-03  -0.435220774E-03
  -0.458992753E-03  -0.484577714E-03  -0.512229403E-03  -0.542209012E-03
  -0.574783859E-03  -0.610227386E-03  -0.648819159E-03
   0.000000000E+00   0.000000000E+00   0.000000000E+00   0.000000000E+00
   0.000000000E+00   0.000000000E+00   0.000000000E+00   0.000000000E+00
   0.000000000E+00   0.000000000E+00   0.000000000E+00   0.000000000E+00
   0.000000000E+00   0.000000000E+00   0.000000000E+00   0.000000000E+00
   0.000000000E+00   0.000000000E+00   0.000000000E+00   0.000000000E+00
   0.000000000E+00   0.000000000E+00   0.000000000E+00   0.000000000E+00
   0.000000000E+00   0.000000000E+00   0.000000000E+00   0.000000000E+00
   0.000000000E+00   0.000000000E+00   0.000000000E+00   0.000000000E+00
   0.000000000E+00   0.000000000E+00   0.000000000E+00   0.464235922E-09
   0.106257651E-07   0.413980635E-07   0.948287242E-07   0.166757268E-06
   0.249430365E-06   0.333579529E-06   0.410010315E-06   0.470752035E-06
   0.509817033E-06   0.523618522E-06   0.511096036E-06   0.473597496E-06
   0.414566929E-06   0.339086866E-06   0.253324435E-06   0.163930188E-06
   0.774386693E-07  -0.280235564E-09  -0.644701471E-07  -0.111788218E-06
  -0.140407303E-06   0.458289083E-05   0.500358079E-05   0.545177518E-05
   0.592433188E-05   0.641912580E-05   0.693905674E-05   0.748850314E-05
   0.807108165E-05   0.868651448E-05   0.933341741E-05   0.100109578E-04
   0.107209973E-04   0.114661746E-04   0.122491337E-04   0.130721965E-04
   0.139376571E-04   0.148473959E-04   0.158013609E-04   0.167989392E-04
   0.178403239E-04   0.189292833E-04   0.200706502E-04   0.212685023E-04
   0.225232158E-04   0.238341474E-04   0.252014570E-04   0.266288836E-04
   0.281212095E-04   0.296827429E-04   0.313153259E-04   0.330201594E-04
   0.347988428E-04   0.366546428E-04   0.385913270E-04   0.406127522E-04
   0.427228319E-04   0.449255661E-04   0.472247286E-04   0.496228707E-04
   0.521222414E-04   0.547259033E-04   0.574401937E-04   0.602724441E-04
   0.632294814E-04   0.663154214E-04   0.695337173E-04   0.728884855E-04
   0.763864229E-04   0.800350222E-04   0.838417162E-04   0.878131228E-04
   0.919557490E-04   0.962767040E-04   0.100785152E-03   0.105490955E-03
   0.110404112E-03   0.115534459E-03   0.120891949E-03   0.126486797E-03
   0.132329619E-03   0.138431302E-03   0.144803407E-03   0.151459563E-03
   0.158414158E-03   0.165682405E-03   0.173281908E-03   0.181231187E-03
   0.189550499E-03   0.198265888E-03   0.207405368E-03   0.216996904E-03
   0.227066191E-03   0.237638748E-03   0.248735220E-03   0.260354813E-03
   0.272490941E-03   0.285144181E-03   0.298345605E-03   0.312134707E-03
   0.326561520E-03   0.341716070E-03   0.357700478E-03   0.374599869E-03
   0.392422413E-03   0.411156179E-03   0.430745568E-03   0.450960223E-03
   0.471519475E-03   0.492270473E-03   0.513603198E-03   0.536056063E-03
   0.560181939E-03   0.586548156E-03   0.615736506E-03
   0.000000000E+00   0.000000000E+00   0.000000000E+00   0.000000000E+00
   0.000000000E+00   0.000000000E+00   0.000000000E+00   0.000000000E+00
   0.000000000E+00   0.000000000E+00   0.000000000E+00   0.000000000E+00
   0.000000000E+00   0.000000000E+00   0.000000000E+00   0.000000000E+00
   0.000000000E+00   0.000000000E+00   0.000000000E+00   0.000000000E+00
   0.000000000E+00   0.000000000E+00   0.000000000E+00   0.000000000E+00
   0.000000000E+00   0.000000000E+00   0.000000000E+00   0.000000000E+00
   0.000000000E+00   0.000000000E+00   0.000000000E+00   0.000000000E+00
   0.000000000E+00   0.000000000E+00   0.000000000E+00   0.000000000E+00
  -0.481819267E-09  -0.117647779E-07  -0.491703907E-07  -0.121583582E-06
  -0.232424642E-06  -0.380946121E-06  -0.563340067E-06  -0.773672932E-06
  -0.100466541E-05  -0.124833454E-05  -0.149651531E-05  -0.174127916E-05
  -0.197526659E-05  -0.219195115E-05  -0.238585226E-05  -0.255271397E-05
  -0.268966708E-05  -0.279539185E-05  -0.287029867E-05  -0.291674392E-05
  -0.293929827E-05  -0.294508492E-05  -0.461397290E-05  -0.476239673E-05
  -0.490987149E-05  -0.505582613E-05  -0.519992342E-05  -0.534188237E-05
  -0.548127491E-05  -0.561708377E-05  -0.574809595E-05  -0.587319151E-05
  -0.599181702E-05  -0.610356195E-05  -0.620784262E-05  -0.630337659E-05
  -0.638865521E-05  -0.646224095E-05  -0.652318193E-05  -0.657063755E-05
  -0.660360470E-05  -0.662047025E-05  -0.661941687E-05  -0.659860419E-05
  -0.655629560E-05  -0.649074286E-05  -0.640007541E-05  -0.628208113E-05
  -0.613440659E-05  -0.595463622E-05  -0.574032339E-05  -0.548896189E-05
  -0.519787625E-05  -0.486391292E-05  -0.448372408E-05  -0.405379934E-05
  -0.357026209E-05  -0.302905721E-05  -0.242610423E-05  -0.175757094E-05
  -0.101962051E-05  -0.208043272E-06   0.682610949E-06   0.165822903E-05
   0.272488006E-05   0.388888062E-05   0.515673414E-05   0.653522611E-05
   0.803178084E-05   0.965412941E-05   0.114102960E-04   0.133089049E-04
   0.153588945E-04   0.175696919E-04   0.199520540E-04   0.225172816E-04
   0.252771253E-04   0.282443186E-04   0.314320788E-04   0.348542348E-04
   0.385261423E-04   0.424638258E-04   0.466839793E-04   0.512048687E-04
   0.560454847E-04   0.612254757E-04   0.667658317E-04   0.726882414E-04
   0.790147281E-04   0.857672064E-04   0.929678998E-04   0.100642119E-03
   0.108826336E-03   0.117560566E-03   0.126883972E-03   0.136829347E-03
   0.147428328E-03   0.158714077E-03   0.170724081E-03   0.183497504E-03
   0.197075508E-03   0.211504987E-03   0.226835028E-03   0.243113688E-03
   0.260381787E-03   0.278678792E-03   0.298052017E-03   0.318578638E-03
   0.340344792E-03   0.363403507E-03   0.387667851E-03   0.413012477E-03
   0.439308110E-03   0.466421552E-03   0.494215678E-03
   0.000000000E+00   0.000000000E+00   0.000000000E+00   0.000000000E+00
   0.000000000E+00   0.000000000E+00   0.000000000E+00   0.000000000E+00
   0.000000000E+00   0.000000000E+00   0.000000000E+00   0.000000000E+00
   0.000000000E+00   0.000000000E+00   0.000000000E+00   0.000000000E+00
   0.000000000E+00   0.000000000E+00   0.000000000E+00   0.000000000E+00
   0.000000000E+00   0.000000000E+00   0.000000000E+00   0.000000000E+00
   0.000000000E+00   0.000000000E+00   0.000000000E+00   0.000000000E+00
   0.000000000E+00   0.000000000E+00   0.000000000E+00   0.000000000E+00
   0.000000000E+00   0.000000000E+00   0.000000000E+00   0.000000000E+00
  -0.494610706E-09  -0.121360131E-07  -0.509719318E-07  -0.126663743E-06
  -0.243341369E-06  -0.400821253E-06  -0.595659098E-06  -0.822052449E-06
  -0.107260818E-05  -0.133898996E-05  -0.161246078E-05  -0.188433556E-05
  -0.214635900E-05  -0.239102363E-05  -0.261184325E-05  -0.280359673E-05
  -0.296255725E-05  -0.308672216E-05  -0.317605837E-05  -0.323277847E-05
  -0.326166255E-05  -0.327044091E-05  -0.472507011E-05  -0.485438723E-05
  -0.498095199E-05  -0.510493993E-05  -0.522463756E-05  -0.533774725E-05
  -0.544219657E-05  -0.553724363E-05  -0.562249333E-05  -0.569742490E-05
  -0.576098725E-05  -0.581196103E-05  -0.584896240E-05  -0.587006261E-05
  -0.587313003E-05  -0.585607264E-05  -0.581722325E-05  -0.575499164E-05
  -0.566756369E-05  -0.555234140E-05  -0.540645070E-05  -0.522705703E-05
  -0.501179962E-05  -0.475839624E-05  -0.446426674E-05  -0.412578980E-05
  -0.373898180E-05  -0.329977068E-05  -0.280411887E-05  -0.224791060E-05
  -0.162685922E-05  -0.936340451E-06  -0.171545605E-06   0.672667206E-06
   0.160239541E-05   0.262411836E-05   0.374442728E-05   0.496980016E-05
   0.630680978E-05   0.776259610E-05   0.934610228E-05   0.110669296E-04
   0.129348601E-04   0.149595955E-04   0.171509997E-04   0.195195524E-04
   0.220774906E-04   0.248377467E-04   0.278138458E-04   0.310207103E-04
   0.344739097E-04   0.381897171E-04   0.421860704E-04   0.464816738E-04
   0.510962164E-04   0.560519847E-04   0.613723528E-04   0.670812506E-04
   0.732031135E-04   0.797629296E-04   0.867874984E-04   0.943092452E-04
   0.102362639E-03   0.110984240E-03   0.120216598E-03   0.130104584E-03
   0.140695561E-03   0.152043722E-03   0.164206003E-03   0.177242463E-03
   0.191221725E-03   0.206215843E-03   0.222290919E-03   0.239483725E-03
   0.257823788E-03   0.277350023E-03   0.298138625E-03   0.320276685E-03
   0.343865726E-03   0.369059984E-03   0.396030153E-03   0.424918789E-03
   0.455741661E-03   0.488481294E-03   0.523188982E-03   0.560199381E-03
   0.599926795E-03   0.642796135E-03   0.689243489E-03   0.739715579E-03
   0.794669584E-03   0.854573135E-03   0.919904316E-03
   0.000000000E+00   0.000000000E+00   0.000000000E+00   0.000000000E+00
   0.000000000E+00   0.000000000E+00   0.000000000E+00   0.000000000E+00
   0.000000000E+00   0.000000000E+00   0.000000000E+00   0.000000000E+00
   0.000000000E+00   0.000000000E+00   0.000000000E+00   0.000000000E+00
   0.000000000E+00   0.000000000E+00   0.000000000E+00   0.000000000E+00
   0.000000000E+00   0.000000000E+00   0.000000000E+00   0.000000000E+00
   0.000000000E+00   0.000000000E+00   0.000000000E+00   0.000000000E+00
   0.000000000E+00   0.000000000E+00   0.000000000E+00   0.000000000E+00
   0.000000000E+00   0.000000000E+00   0.000000000E+00   0.000000000E+00
   0.000000000E+00   0.000000000E+00   0.000000000E+00   0.000000000E+00
   0.000000000E+00   0.000000000E+00   0.000000000E+00   0.000000000E+00
   0.000000000E+00   0.000000000E+00   0.000000000E+00   0.000000000E+00
   0.000000000E+00   0.000000000E+00   0.000000000E+00   0.000000000E+00
   0.000000000E+00   0.000000000E+00   0.000000000E+00   0.000000000E+00
   0.000000000E+00   0.000000000E+00   0.000000000E+00   0.000000000E+00
   0.000000000E+00   0.000000000E+00   0.000000000E+00   0.000000000E+00
   0.000000000E+00   0.000000000E+00   0.000000000E+00   0.000000000E+00
   0.000000000E+00   0.000000000E+00   0.000000000E+00   0.000000000E+00
   0.000000000E+00   0.000000000E+00  -0.453697567E-09  -0.961851484E-08
  -0.340055769E-07  -0.685855880E-07  -0.101244353E-06  -0.116812762E-06
  -0.100188470E-06  -0.386321126E-07   0.766791057E-07   0.249757594E-06
   0.479488500E-06   0.759806933E-06   0.108028643E-05   0.142705584E-05
   0.178396179E-05   0.213389382E-05   0.246018949E-05   0.274803648E-05
   0.298578883E-05   0.316611467E-05   0.328689237E-05   0.335177234E-05
  -0.462706121E-05  -0.533793969E-05  -0.610386256E-05  -0.692748520E-05
  -0.781164270E-05  -0.875973043E-05  -0.977535066E-05  -0.108624383E-04
  -0.120260207E-04  -0.132715106E-04  -0.146043335E-04  -0.160295251E-04
  -0.175521068E-04  -0.191774739E-04  -0.209121964E-04  -0.227632707E-04
  -0.247380628E-04  -0.268449181E-04  -0.290925902E-04  -0.314899508E-04
  -0.340456948E-04  -0.367686166E-04  -0.396680510E-04  -0.427549382E-04
  -0.460408232E-04  -0.495380716E-04  -0.532615736E-04  -0.572271409E-04
  -0.614522988E-04  -0.659603892E-04  -0.707767049E-04  -0.759252073E-04
  -0.814225048E-04  -0.872835340E-04  -0.935262693E-04  -0.100180223E-03
  -0.107278415E-03  -0.114853247E-03  -0.122932241E-03  -0.131542069E-03
  -0.140707544E-03  -0.150444319E-03  -0.160765801E-03  -0.171728340E-03
  -0.183562215E-03  -0.196547431E-03  -0.210882418E-03  -0.226411801E-03
  -0.242884833E-03  -0.260137723E-03  -0.278382379E-03  -0.297932002E-03
  -0.319107884E-03  -0.342239402E-03  -0.367664024E-03
   0.000000000E+00   0.000000000E+00   0.000000000E+00   0.000000000E+00
   0.000000000E+00   0.000000000E+00   0.000000000E+00   0.000000000E+00
   0.000000000E+00   0.000000000E+00   0.000000000E+00   0.000000000E+00
   0.000000000E+00   0.000000000E+00   0.000000000E+00   0.000000000E+00
   0.000000000E+00   0.000000000E+00   0.000000000E+00   0.000000000E+00
   0.000000000E+00   0.000000000E+00   0.000000000E+00   0.000000000E+00
   0.000000000E+00   0.000000000E+00   0.000000000E+00   0.000000000E+00
   0.000000000E+00   0.000000000E+00   0.000000000E+00   0.000000000E+00
   0.000000000E+00   0.000000000E+00   0.000000000E+00   0.000000000E+00
   0.000000000E+00   0.000000000E+00   0.000000000E+00   0.000000000E+00
   0.000000000E+00   0.000000000E+00   0.000000000E+00   0.000000000E+00
   0.000000000E+00   0.000000000E+00   0.000000000E+00   0.000000000E+00
   0.000000000E+00   0.000000000E+00   0.000000000E+00   0.000000000E+00
   0.000000000E+00   0.000000000E+00   0.000000000E+00   0.000000000E+00
   0.000000000E+00   0.000000000E+00   0.000000000E+00   0.000000000E+00
   0.000000000E+00   0.000000000E+00   0.000000000E+00   0.000000000E+00
   0.000000000E+00   0.000000000E+00   0.000000000E+00   0.429084110E-09
   0.900902898E-08   0.314222290E-07   0.621075983E-07   0.886870310E-07
   0.959454711E-07   0.689081199E-07  -0.490287299E-08  -0.133949891E-06
  -0.321817154E-06  -0.566921508E-06  -0.862714339E-06  -0.119829229E-05
  -0.155933438E-05  -0.192928331E-05  -0.229068840E-05  -0.262662800E-05
  -0.292212898E-05  -0.316550090E-05  -0.334950250E-05  -0.347225833E-05
  -0.353784294E-05   0.439300143E-05   0.509961938E-05   0.586324995E-05
   0.668690534E-05   0.757360194E-05   0.852685129E-05   0.955197980E-05
   0.106549091E-04   0.118412297E-04   0.131146352E-04   0.144783732E-04
   0.159366148E-04   0.174971434E-04   0.191688584E-04   0.209604296E-04
   0.228787898E-04   0.249305380E-04   0.271229513E-04   0.294656218E-04
   0.319689305E-04   0.346435974E-04   0.375009046E-04   0.405524882E-04
   0.438106265E-04   0.472893455E-04   0.510033844E-04   0.549683542E-04
   0.592023099E-04   0.637242763E-04   0.685539421E-04   0.737122651E-04
   0.792209034E-04   0.851029537E-04   0.913858071E-04   0.980984620E-04
   0.105271688E-03   0.112941332E-03   0.121145205E-03   0.129923718E-03
   0.139325094E-03   0.149400454E-03   0.160200797E-03   0.171772893E-03
   0.184163163E-03   0.197420867E-03   0.211603809E-03   0.226772937E-03
   0.243003488E-03   0.260424671E-03   0.279182083E-03   0.299413685E-03
   0.321215448E-03   0.344673929E-03   0.369850418E-03   0.396698631E-03
   0.425142846E-03   0.455250920E-03   0.487681788E-03   0.523260189E-03
   0.562832214E-03   0.607265308E-03   0.657448268E-03
   0.000000000E+00   0.000000000E+00   0.000000000E+00   0.000000000E+00
   0.000000000E+00   0.000000000E+00   0.000000000E+00   0.000000000E+00
   0.000000000E+00   0.000000000E+00   0.000000000E+00   0.000000000E+00
   0.000000000E+00   0.000000000E+00   0.000000000E+00   0.000000000E+00
   0.000000000E+00   0.000000000E+00   0.000000000E+00   0.000000000E+00
   0.000000000E+00   0.000000000E+00   0.000000000E+00   0.000000000E+00
   0.000000000E+00   0.000000000E+00   0.000000000E+00   0.000000000E+00
   0.000000000E+00   0.000000000E+00   0.000000000E+00   0.000000000E+00
   0.000000000E+00   0.000000000E+00   0.000000000E+00   0.000000000E+00
   0.000000000E+00   0.000000000E+00   0.000000000E+00   0.000000000E+00
   0.000000000E+00   0.000000000E+00   0.000000000E+00   0.000000000E+00
   0.000000000E+00   0.000000000E+00  -0.466142716E-09  -0.109221891E-07
  -0.436973887E-07  -0.103167655E-06  -0.187811171E-06  -0.292347915E-06
  -0.409465829E-06  -0.531171338E-06  -0.649801902E-06  -0.758738325E-06
  -0.852854500E-06  -0.928742306E-06  -0.984749345E-06  -0.102086723E-05
  -0.103850810E-05  -0.104020713E-05  -0.102928862E-05  -0.100953347E-05
  -0.984885721E-06  -0.959235789E-06  -0.936318189E-06  -0.919761385E-06
  -0.455280982E-05  -0.487631936E-05  -0.521868129E-05  -0.558058519E-05
  -0.596240813E-05  -0.636460671E-05  -0.678798514E-05  -0.723345311E-05
  -0.770193696E-05  -0.819436423E-05  -0.871167768E-05  -0.925489622E-05
  -0.982528887E-05  -0.104242165E-04  -0.110529991E-04  -0.117126755E-04
  -0.124042225E-04  -0.131287383E-04  -0.138877714E-04  -0.146830189E-04
  -0.155162351E-04  -0.163892719E-04  -0.173040417E-04  -0.182623664E-04
  -0.192655496E-04  -0.203147710E-04  -0.214115568E-04  -0.225588147E-04
  -0.237598774E-04  -0.250177976E-04  -0.263341865E-04  -0.277102896E-04
  -0.291478328E-04  -0.306504883E-04  -0.322225132E-04  -0.338680465E-04
  -0.355903823E-04  -0.373926458E-04  -0.392782456E-04  -0.412515496E-04
  -0.433172545E-04  -0.454800980E-04  -0.477446383E-04  -0.501154599E-04
  -0.525976234E-04  -0.551978292E-04  -0.579233280E-04  -0.607814999E-04
  -0.637797047E-04  -0.669254221E-04  -0.702266579E-04  -0.736930414E-04
  -0.773347946E-04  -0.811624540E-04  -0.851870960E-04  -0.894201250E-04
  -0.938737981E-04  -0.985630555E-04  -0.103503796E-03  -0.108716457E-03
  -0.114238773E-03  -0.120113740E-03  -0.126374784E-03  -0.133012924E-03
  -0.140007791E-03  -0.147347040E-03  -0.155053402E-03  -0.163159093E-03
  -0.171706814E-03  -0.180779458E-03  -0.190471977E-03  -0.200854924E-03
  -0.211892237E-03  -0.223519201E-03  -0.235727067E-03  -0.248740698E-03
  -0.262849931E-03  -0.278309597E-03  -0.295209154E-03  -0.313596579E-03
  -0.333520458E-03  -0.355029979E-03  -0.378174939E-03
   0.000000000E+00   0.000000000E+00   0.000000000E+00   0.000000000E+00
   0.000000000E+00   0.000000000E+00   0.000000000E+00   0.000000000E+00
   0.000000000E+00   0.000000000E+00   0.000000000E+00   0.000000000E+00
   0.000000000E+00   0.000000000E+00   0.000000000E+00   0.000000000E+00
   0.000000000E+00   0.000000000E+00   0.000000000E+00   0.000000000E+00
   0.000000000E+00   0.000000000E+00   0.000000000E+00   0.000000000E+00
   0.000000000E+00   0.000000000E+00   0.000000000E+00   0.000000000E+00
   0.000000000E+00   0.000000000E+00   0.000000000E+00   0.000000000E+00
   0.000000000E+00   0.000000000E+00   0.000000000E+00   0.000000000E+00
   0.000000000E+00   0.000000000E+00   0.000000000E+00   0.000000000E+00
   0.000000000E+00   0.000000000E+00   0.000000000E+00   0.000000000E+00
  -0.454167656E-09  -0.106269983E-07  -0.424518072E-07  -0.100058070E-06
  -0.181809642E-06  -0.282417420E-06  -0.394641969E-06  -0.510623508E-06
  -0.622876655E-06  -0.724987320E-06  -0.812049162E-06  -0.880876985E-06
  -0.930034490E-06  -0.959713765E-06  -0.971503927E-06  -0.968086295E-06
  -0.952893506E-06  -0.929769967E-06  -0.902671041E-06  -0.875438356E-06
  -0.851688654E-06  -0.834853558E-06  -0.443867480E-05  -0.475958743E-05
  -0.509786000E-05  -0.545490174E-05  -0.583189404E-05  -0.622890445E-05
  -0.664568328E-05  -0.708224403E-05  -0.753980881E-05  -0.801995455E-05
  -0.852414292E-05  -0.905317894E-05  -0.960770191E-05  -0.101884149E-04
  -0.107962697E-04  -0.114322987E-04  -0.120974743E-04  -0.127924565E-04
  -0.135178234E-04  -0.142743070E-04  -0.150632749E-04  -0.158862886E-04
  -0.167447954E-04  -0.176396459E-04  -0.185715370E-04  -0.195412687E-04
  -0.205500613E-04  -0.215992631E-04  -0.226901575E-04  -0.238236831E-04
  -0.250006925E-04  -0.262221338E-04  -0.274893337E-04  -0.288037349E-04
  -0.301667941E-04  -0.315799435E-04  -0.330446264E-04  -0.345621947E-04
  -0.361335562E-04  -0.377595032E-04  -0.394408929E-04  -0.411788591E-04
  -0.429746148E-04  -0.448292976E-04  -0.467437005E-04  -0.487185230E-04
  -0.507546604E-04  -0.528538269E-04  -0.550179724E-04  -0.572488731E-04
  -0.595474875E-04  -0.619145605E-04  -0.643505648E-04  -0.668548896E-04
  -0.694266028E-04  -0.720648436E-04  -0.747692297E-04  -0.775394743E-04
  -0.803761785E-04  -0.832836598E-04  -0.862672872E-04  -0.893325256E-04
  -0.924847881E-04  -0.957295752E-04  -0.990696719E-04  -0.102496421E-03
  -0.105997969E-03  -0.109563378E-03  -0.113186644E-03  -0.116862895E-03
  -0.120592448E-03  -0.124397147E-03  -0.128304888E-03  -0.132336291E-03
  -0.136480045E-03  -0.140716287E-03  -0.145013821E-03  -0.149297328E-03
  -0.153478496E-03  -0.157500618E-03  -0.161442537E-03  -0.165419864E-03
  -0.169551424E-03  -0.173959255E-03  -0.178768608E-03
   0.000000000E+00   0.000000000E+00   0.000000000E+00   0.000000000E+00
   0.000000000E+00   0.000000000E+00   0.000000000E+00   0.000000000E+00
   0.000000000E+00   0.000000000E+00   0.000000000E+00   0.000000000E+00
   0.000000000E+00   0.000000000E+00   0.000000000E+00   0.000000000E+00
   0.000000000E+00   0.000000000E+00   0.000000000E+00   0.000000000E+00
   0.000000000E+00   0.000000000E+00   0.000000000E+00   0.000000000E+00
   0.000000000E+00   0.000000000E+00   0.000000000E+00   0.000000000E+00
   0.000000000E+00   0.000000000E+00   0.000000000E+00   0.000000000E+00
   0.000000000E+00   0.000000000E+00   0.000000000E+00   0.000000000E+00
   0.000000000E+00   0.000000000E+00   0.000000000E+00   0.000000000E+00
   0.000000000E+00   0.000000000E+00   0.000000000E+00   0.000000000E+00
   0.000000000E+00   0.000000000E+00   0.000000000E+00   0.000000000E+00
   0.000000000E+00   0.000000000E+00   0.000000000E+00   0.000000000E+00
   0.483429632E-09   0.114665169E-07   0.464911149E-07   0.111373655E-06
   0.205999166E-06   0.326272118E-06   0.465708229E-06   0.616699949E-06
   0.771488397E-06   0.922874486E-06   0.106470198E-05   0.119214525E-05
   0.130183442E-05   0.139185077E-05   0.146162499E-05   0.151177114E-05
   0.154388904E-05   0.156036781E-05   0.156422334E-05   0.155900243E-05
   0.154878633E-05   0.153832643E-05   0.469470511E-05   0.497571491E-05
   0.526844396E-05   0.557356307E-05   0.589208053E-05   0.622501755E-05
   0.657332783E-05   0.693797075E-05   0.731971691E-05   0.771846739E-05
   0.813387550E-05   0.856591139E-05   0.901594554E-05   0.948575587E-05
   0.997686261E-05   0.104895291E-04   0.110236803E-04   0.115795560E-04
   0.121587532E-04   0.127632659E-04   0.133948400E-04   0.140540057E-04
   0.147409720E-04   0.154562113E-04   0.162013143E-04   0.169781980E-04
   0.177887855E-04   0.186348572E-04   0.195181889E-04   0.204405728E-04
   0.214037340E-04   0.224094080E-04   0.234595456E-04   0.245568618E-04
   0.257043236E-04   0.269049345E-04   0.281616084E-04   0.294772870E-04
   0.308550380E-04   0.322982310E-04   0.338103727E-04   0.353954345E-04
   0.370590310E-04   0.388073149E-04   0.406465622E-04   0.425830568E-04
   0.446231989E-04   0.467737740E-04   0.490426660E-04   0.514381865E-04
   0.539688120E-04   0.566430800E-04   0.594696868E-04   0.624597072E-04
   0.656332878E-04   0.690133322E-04   0.726248187E-04   0.764992983E-04
   0.806706454E-04   0.851658553E-04   0.899813085E-04   0.951052234E-04
   0.100530782E-03   0.106272910E-03   0.112352384E-03   0.118799239E-03
   0.125679699E-03   0.133070643E-03   0.141051338E-03   0.149704738E-03
   0.159116257E-03   0.169378605E-03   0.180607875E-03   0.192928256E-03
   0.206466850E-03   0.221353664E-03   0.237721618E-03
   0.000000000E+00   0.000000000E+00   0.000000000E+00   0.000000000E+00
   0.000000000E+00   0.000000000E+00   0.000000000E+00   0.000000000E+00
   0.000000000E+00   0.000000000E+00   0.000000000E+00   0.000000000E+00
   0.000000000E+00   0.000000000E+00   0.000000000E+00   0.000000000E+00
   0.000000000E+00   0.000000000E+00   0.000000000E+00   0.000000000E+00
   0.000000000E+00   0.000000000E+00   0.000000000E+00   0.000000000E+00
   0.000000000E+00   0.000000000E+00   0.000000000E+00   0.000000000E+00
   0.000000000E+00   0.000000000E+00   0.000000000E+00   0.000000000E+00
   0.000000000E+00   0.000000000E+00   0.000000000E+00   0.000000000E+00
   0.000000000E+00   0.000000000E+00   0.000000000E+00   0.000000000E+00
   0.000000000E+00   0.000000000E+00   0.000000000E+00   0.000000000E+00
   0.000000000E+00   0.000000000E+00   0.000000000E+00   0.000000000E+00
   0.000000000E+00   0.000000000E+00  -0.478364697E-09  -0.113478560E-07
  -0.460164463E-07  -0.110253163E-06  -0.203959733E-06  -0.323098154E-06
  -0.461263715E-06  -0.610935797E-06  -0.764438800E-06  -0.914645520E-06
  -0.105545533E-05  -0.118207947E-05  -0.129116586E-05  -0.138079565E-05
  -0.145038395E-05  -0.150051704E-05  -0.153275844E-05  -0.154945599E-05
  -0.155358262E-05  -0.154864280E-05  -0.153867723E-05  -0.152839798E-05
  -0.464523294E-05  -0.492272151E-05  -0.521153736E-05  -0.551042009E-05
  -0.581879035E-05  -0.613911043E-05  -0.647474374E-05  -0.682809602E-05
  -0.719714623E-05  -0.757860417E-05  -0.797022639E-05  -0.837461276E-05
  -0.879573873E-05  -0.923669677E-05  -0.969640777E-05  -0.101726345E-04
  -0.106637059E-04  -0.111706386E-04  -0.116951868E-04  -0.122389168E-04
  -0.128024198E-04  -0.133860374E-04  -0.139898812E-04  -0.146131242E-04
  -0.152546556E-04  -0.159139878E-04  -0.165933588E-04  -0.172957844E-04
  -0.180235127E-04  -0.187753200E-04  -0.195490216E-04  -0.203430115E-04
  -0.211583554E-04  -0.219968426E-04  -0.228598175E-04  -0.237466320E-04
  -0.246560887E-04  -0.255873491E-04  -0.265412109E-04  -0.275189152E-04
  -0.285213466E-04  -0.295478325E-04  -0.305972671E-04  -0.316683238E-04
  -0.327589275E-04  -0.338667493E-04  -0.349895344E-04  -0.361255902E-04
  -0.372733278E-04  -0.384310927E-04  -0.395971246E-04  -0.407695950E-04
  -0.419474002E-04  -0.431325501E-04  -0.443279176E-04  -0.455327615E-04
  -0.467313616E-04  -0.479037407E-04  -0.490273195E-04  -0.500708024E-04
  -0.509999538E-04  -0.517890178E-04  -0.524496477E-04  -0.530035402E-04
  -0.534736844E-04  -0.538860757E-04  -0.542680923E-04  -0.546285691E-04
  -0.548985577E-04  -0.549874998E-04  -0.547623726E-04  -0.539255892E-04
  -0.521309087E-04  -0.491112290E-04  -0.449486797E-04  -0.398179418E-04
  -0.338990628E-04  -0.273774562E-04  -0.204439019E-04
   0.000000000E+00   0.000000000E+00   0.000000000E+00   0.000000000E+00
   0.000000000E+00   0.000000000E+00   0.000000000E+00   0.000000000E+00
   0.000000000E+00   0.000000000E+00   0.000000000E+00   0.000000000E+00
   0.000000000E+00   0.000000000E+00   0.000000000E+00   0.000000000E+00
   0.000000000E+00   0.000000000E+00   0.000000000E+00   0.000000000E+00
   0.000000000E+00   0.000000000E+00   0.000000000E+00   0.000000000E+00
   0.000000000E+00   0.000000000E+00   0.000000000E+00   0.000000000E+00
   0.000000000E+00   0.000000000E+00   0.000000000E+00   0.000000000E+00
   0.000000000E+00   0.000000000E+00   0.000000000E+00   0.000000000E+00
   0.000000000E+00   0.000000000E+00   0.000000000E+00   0.000000000E+00
   0.000000000E+00   0.000000000E+00   0.000000000E+00   0.000000000E+00
   0.000000000E+00   0.000000000E+00   0.000000000E+00   0.000000000E+00
   0.000000000E+00   0.000000000E+00   0.000000000E+00   0.000000000E+00
   0.000000000E+00   0.000000000E+00   0.000000000E+00   0.000000000E+00
   0.000000000E+00   0.000000000E+00   0.000000000E+00   0.000000000E+00
   0.000000000E+00   0.000000000E+00   0.000000000E+00   0.000000000E+00
   0.000000000E+00   0.000000000E+00   0.000000000E+00   0.000000000E+00
   0.000000000E+00  -0.452203942E-09  -0.101040320E-07  -0.382501050E-07
  -0.846241721E-07  -0.142585530E-06  -0.202140502E-06  -0.252317163E-06
  -0.282952306E-06  -0.285949630E-06  -0.256068139E-06  -0.191299735E-06
  -0.928950034E-07   0.349038354E-07   0.185363816E-06   0.349936971E-06
   0.519051937E-06   0.682962452E-06   0.832593732E-06   0.960327768E-06
   0.106066853E-05   0.113072811E-05   0.117047481E-05  -0.451177041E-05
  -0.501794415E-05  -0.556375700E-05  -0.615157623E-05  -0.678512235E-05
  -0.746855696E-05  -0.820587642E-05  -0.900000776E-05  -0.985364623E-05
  -0.107699344E-04  -0.117536693E-04  -0.128101814E-04  -0.139448262E-04
  -0.151626001E-04  -0.164684979E-04  -0.178679790E-04  -0.193680262E-04
  -0.209761586E-04  -0.226999576E-04  -0.245466497E-04  -0.265234966E-04
  -0.286384741E-04  -0.309019492E-04  -0.333251107E-04  -0.359193544E-04
  -0.386960437E-04  -0.416667345E-04  -0.448437407E-04  -0.482416361E-04
  -0.518758440E-04  -0.557627913E-04  -0.599218557E-04  -0.643735343E-04
  -0.691392869E-04  -0.742429720E-04  -0.797094943E-04  -0.855640103E-04
  -0.918309077E-04  -0.985347682E-04  -0.105703587E-03  -0.113377623E-03
  -0.121601039E-03  -0.130416303E-03  -0.139855782E-03  -0.149949695E-03
  -0.160727295E-03  -0.172212206E-03  -0.184426842E-03  -0.197407958E-03
  -0.211249614E-03  -0.226062436E-03  -0.241932311E-03  -0.258836450E-03
  -0.276723071E-03  -0.295589781E-03  -0.315640350E-03  -0.337135722E-03
  -0.360343411E-03  -0.385537502E-03  -0.412998648E-03
   0.000000000E+00   0.000000000E+00   0.000000000E+00   0.000000000E+00
   0.000000000E+00   0.000000000E+00   0.000000000E+00   0.000000000E+00
   0.000000000E+00   0.000000000E+00   0.000000000E+00   0.000000000E+00
   0.000000000E+00   0.000000000E+00   0.000000000E+00   0.000000000E+00
   0.000000000E+00   0.000000000E+00   0.000000000E+00   0.000000000E+00
   0.000000000E+00   0.000000000E+00   0.000000000E+00   0.000000000E+00
   0.000000000E+00   0.000000000E+00   0.000000000E+00   0.000000000E+00
   0.000000000E+00   0.000000000E+00   0.000000000E+00   0.000000000E+00
   0.000000000E+00   0.000000000E+00   0.000000000E+00   0.000000000E+00
   0.000000000E+00   0.000000000E+00   0.000000000E+00   0.000000000E+00
   0.000000000E+00   0.000000000E+00   0.000000000E+00   0.000000000E+00
   0.000000000E+00   0.000000000E+00   0.000000000E+00   0.000000000E+00
   0.000000000E+00   0.000000000E+00   0.000000000E+00   0.000000000E+00
   0.000000000E+00   0.000000000E+00   0.000000000E+00   0.000000000E+00
   0.000000000E+00   0.000000000E+00   0.000000000E+00   0.000000000E+00
   0.000000000E+00   0.000000000E+00   0.000000000E+00   0.000000000E+00
   0.000000000E+00   0.000000000E+00  -0.445584432E-09  -0.993285363E-08
  -0.374941537E-07  -0.826535480E-07  -0.138623040E-06  -0.195324604E-06
  -0.241763302E-06  -0.267810666E-06  -0.265457525E-06  -0.229595482E-06
  -0.158386196E-06  -0.532776830E-07   0.812732011E-07   0.238312900E-06
   0.409078735E-06   0.583802744E-06   0.752572586E-06   0.906190330E-06
   0.103696996E-05   0.113941437E-05   0.121071273E-05   0.125099895E-05
  -0.445022806E-05  -0.495809830E-05  -0.550652185E-05  -0.609788941E-05
  -0.673562138E-05  -0.742348590E-05  -0.816515191E-05  -0.896353341E-05
  -0.982139546E-05  -0.107420134E-04  -0.117305638E-04  -0.127928358E-04
  -0.139344698E-04  -0.151599729E-04  -0.164736331E-04  -0.178802469E-04
  -0.193863941E-04  -0.209992511E-04  -0.227262116E-04  -0.245749669E-04
  -0.265534307E-04  -0.286699884E-04  -0.309343420E-04  -0.333567204E-04
  -0.359477564E-04  -0.387189364E-04  -0.416821796E-04  -0.448497465E-04
  -0.482344016E-04  -0.518492613E-04  -0.557085408E-04  -0.598300071E-04
  -0.642326752E-04  -0.689367541E-04  -0.739658896E-04  -0.793450545E-04
  -0.851011784E-04  -0.912672826E-04  -0.978785846E-04  -0.104971811E-03
  -0.112587161E-03  -0.120766454E-03  -0.129546793E-03  -0.138943110E-03
  -0.148964655E-03  -0.159628502E-03  -0.170983677E-03  -0.183088334E-03
  -0.196009895E-03  -0.209849237E-03  -0.224717785E-03  -0.240705623E-03
  -0.257807820E-03  -0.275994291E-03  -0.295289329E-03  -0.315942103E-03
  -0.338264804E-03  -0.362586433E-03  -0.389279654E-03  -0.418735277E-03
  -0.451353586E-03  -0.487544348E-03  -0.527726803E-03
   0.000000000E+00   0.000000000E+00   0.000000000E+00   0.000000000E+00
   0.000000000E+00   0.000000000E+00   0.000000000E+00   0.000000000E+00
   0.000000000E+00   0.000000000E+00   0.000000000E+00   0.000000000E+00
   0.000000000E+00   0.000000000E+00   0.000000000E+00   0.000000000E+00
   0.000000000E+00   0.000000000E+00   0.000000000E+00   0.000000000E+00
   0.000000000E+00   0.000000000E+00   0.000000000E+00   0.000000000E+00
   0.000000000E+00   0.000000000E+00   0.000000000E+00   0.000000000E+00
   0.000000000E+00   0.000000000E+00   0.000000000E+00   0.000000000E+00
   0.000000000E+00   0.000000000E+00   0.000000000E+00   0.000000000E+00
   0.000000000E+00   0.000000000E+00   0.000000000E+00   0.000000000E+00
   0.000000000E+00   0.000000000E+00   0.000000000E+00   0.000000000E+00
   0.000000000E+00   0.000000000E+00   0.000000000E+00   0.000000000E+00
   0.000000000E+00   0.000000000E+00   0.000000000E+00   0.000000000E+00
   0.000000000E+00   0.000000000E+00   0.000000000E+00   0.000000000E+00
   0.000000000E+00   0.000000000E+00   0.000000000E+00   0.000000000E+00
   0.000000000E+00   0.000000000E+00   0.000000000E+00   0.000000000E+00
   0.000000000E+00   0.000000000E+00   0.000000000E+00   0.000000000E+00
   0.000000000E+00   0.478657272E-09   0.109754388E-07   0.428490772E-07
   0.983905398E-07   0.173515893E-06   0.260425074E-06   0.349716223E-06
   0.432005253E-06   0.499100284E-06   0.544780623E-06   0.565229924E-06
   0.559173198E-06   0.527767320E-06   0.474294685E-06   0.403709682E-06
   0.322087621E-06   0.236025788E-06   0.152046266E-06   0.760501871E-07
   0.128730707E-07  -0.340091053E-07  -0.625734368E-07   0.472146741E-05
   0.514756172E-05   0.560384710E-05   0.609165045E-05   0.661291650E-05
   0.716979053E-05   0.776460528E-05   0.840028189E-05   0.907995845E-05
   0.980670848E-05   0.105830664E-04   0.114114681E-04   0.122947548E-04
   0.132372574E-04   0.142437877E-04   0.153190957E-04   0.164672673E-04
   0.176922861E-04   0.189986234E-04   0.203924593E-04   0.218805418E-04
   0.234696598E-04   0.251662225E-04   0.269766531E-04   0.289081434E-04
   0.309705565E-04   0.331746425E-04   0.355316594E-04   0.380540789E-04
   0.407549235E-04   0.436475085E-04   0.467453436E-04   0.500622254E-04
   0.536121513E-04   0.574089586E-04   0.614666645E-04   0.658021107E-04
   0.704427100E-04   0.754191379E-04   0.807658636E-04   0.865303969E-04
   0.927645524E-04   0.995177681E-04   0.106825760E-03   0.114721255E-03
   0.123239943E-03   0.132427516E-03   0.142333004E-03   0.153001982E-03
   0.164462760E-03   0.176739477E-03   0.189877808E-03   0.204009895E-03
   0.219292702E-03   0.235886685E-03   0.253954592E-03   0.273662601E-03
   0.295180705E-03   0.318682709E-03   0.344346235E-03
   0.000000000E+00   0.000000000E+00   0.000000000E+00   0.000000000E+00
   0.000000000E+00   0.000000000E+00   0.000000000E+00   0.000000000E+00
   0.000000000E+00   0.000000000E+00   0.000000000E+00   0.000000000E+00
   0.000000000E+00   0.000000000E+00   0.000000000E+00   0.000000000E+00
   0.000000000E+00   0.000000000E+00   0.000000000E+00   0.000000000E+00
   0.000000000E+00   0.000000000E+00   0.000000000E+00   0.000000000E+00
   0.000000000E+00   0.000000000E+00   0.000000000E+00   0.000000000E+00
   0.000000000E+00   0.000000000E+00   0.000000000E+00   0.000000000E+00
   0.000000000E+00   0.000000000E+00   0.000000000E+00   0.000000000E+00
   0.000000000E+00   0.000000000E+00   0.000000000E+00   0.000000000E+00
   0.000000000E+00   0.000000000E+00   0.000000000E+00   0.000000000E+00
   0.000000000E+00   0.000000000E+00   0.000000000E+00   0.000000000E+00
   0.000000000E+00   0.000000000E+00   0.000000000E+00   0.000000000E+00
   0.000000000E+00   0.000000000E+00   0.000000000E+00   0.000000000E+00
   0.000000000E+00   0.000000000E+00   0.000000000E+00   0.000000000E+00
   0.000000000E+00   0.000000000E+00   0.000000000E+00   0.000000000E+00
   0.000000000E+00  -0.447757616E-09  -0.102328691E-07  -0.397961261E-07
  -0.909680897E-07  -0.159570710E-06  -0.237969988E-06  -0.317102324E-06
  -0.388022563E-06  -0.443021730E-06  -0.476362469E-06  -0.484680174E-06
  -0.467097828E-06  -0.425102538E-06  -0.362231786E-06  -0.283617374E-06
  -0.195435095E-06  -0.104308104E-06  -0.167120071E-07   0.615703321E-07
   0.125896266E-06   0.173065119E-06   0.201426220E-06  -0.442326163E-05
  -0.483517335E-05  -0.527796636E-05  -0.575228690E-05  -0.625911991E-05
  -0.680085100E-05  -0.738028765E-05  -0.800029822E-05  -0.866373622E-05
  -0.937351035E-05  -0.101323883E-04  -0.109423180E-04  -0.118050566E-04
  -0.127230658E-04  -0.137016062E-04  -0.147467926E-04  -0.158643354E-04
  -0.170577162E-04  -0.183298858E-04  -0.196844424E-04  -0.211274715E-04
  -0.226658304E-04  -0.243064381E-04  -0.260558944E-04  -0.279208362E-04
  -0.299083300E-04  -0.320267089E-04  -0.342847895E-04  -0.366918711E-04
  -0.392585526E-04  -0.419959666E-04  -0.449156250E-04  -0.480297492E-04
  -0.513509598E-04  -0.548929159E-04  -0.586725967E-04  -0.627081551E-04
  -0.670187157E-04  -0.716260008E-04  -0.765527986E-04  -0.818239042E-04
  -0.874706002E-04  -0.935264296E-04  -0.100021003E-03  -0.106965447E-03
  -0.114366153E-03  -0.122236180E-03  -0.130615851E-03  -0.139553267E-03
  -0.149107849E-03  -0.159381404E-03  -0.170488697E-03  -0.182520033E-03
  -0.195457451E-03  -0.209254192E-03  -0.223858633E-03  -0.239204880E-03
  -0.255221700E-03  -0.271954812E-03  -0.289931225E-03  -0.309812996E-03
  -0.332279617E-03  -0.358028014E-03  -0.387772549E-03
   0.000000000E+00   0.000000000E+00   0.000000000E+00   0.000000000E+00
   0.000000000E+00   0.000000000E+00   0.000000000E+00   0.000000000E+00
   0.000000000E+00   0.000000000E+00   0.000000000E+00   0.000000000E+00
   0.000000000E+00   0.000000000E+00   0.000000000E+00   0.000000000E+00
   0.000000000E+00   0.000000000E+00   0.000000000E+00   0.000000000E+00
   0.000000000E+00   0.000000000E+00   0.000000000E+00   0.000000000E+00
   0.000000000E+00   0.000000000E+00   0.000000000E+00   0.000000000E+00
   0.000000000E+00   0.000000000E+00   0.000000000E+00   0.000000000E+00
   0.000000000E+00   0.000000000E+00   0.000000000E+00   0.000000000E+00
   0.000000000E+00   0.000000000E+00   0.000000000E+00   0.000000000E+00
   0.000000000E+00   0.000000000E+00   0.000000000E+00   0.000000000E+00
   0.000000000E+00   0.000000000E+00   0.000000000E+00   0.000000000E+00
   0.000000000E+00   0.000000000E+00   0.000000000E+00   0.000000000E+00
   0.000000000E+00   0.000000000E+00   0.000000000E+00   0.000000000E+00
   0.000000000E+00   0.000000000E+00   0.000000000E+00   0.000000000E+00
   0.000000000E+00   0.000000000E+00   0.000000000E+00   0.000000000E+00
   0.000000000E+00   0.000000000E+00   0.000000000E+00   0.000000000E+00
   0.000000000E+00   0.000000000E+00   0.000000000E+00   0.000000000E+00
   0.000000000E+00   0.000000000E+00   0.492716689E-09   0.119891500E-07
   0.499311062E-07   0.123021622E-06   0.234320083E-06   0.382648723E-06
   0.563784328E-06   0.771454743E-06   0.998159772E-06   0.123583605E-05
   0.147638551E-05   0.171208696E-05   0.193591048E-05   0.214175408E-05
   0.232462238E-05   0.248076669E-05   0.260780634E-05   0.270485060E-05
   0.277264093E-05   0.281373312E-05   0.283273886E-05   0.283664642E-05
   0.472639867E-05   0.489450167E-05   0.506238832E-05   0.523020631E-05
   0.539784683E-05   0.556412601E-05   0.572754502E-05   0.588670720E-05
   0.604080035E-05   0.618914792E-05   0.633082469E-05   0.646394746E-05
   0.658633652E-05   0.669594420E-05   0.679147651E-05   0.687181235E-05
   0.693539514E-05   0.697897415E-05   0.699878268E-05   0.699126014E-05
   0.695403308E-05   0.688499530E-05   0.678158350E-05   0.663951861E-05
   0.645398794E-05   0.622000270E-05   0.593225732E-05   0.558526179E-05
   0.517343228E-05   0.469123082E-05   0.413303370E-05   0.349292250E-05
   0.276418113E-05   0.193977030E-05   0.101290713E-05  -0.216552796E-07
  -0.116883673E-05  -0.243579883E-05  -0.383854703E-05  -0.539568550E-05
  -0.712273084E-05  -0.902121899E-05  -0.110890223E-04  -0.133340927E-04
  -0.158057544E-04  -0.185650310E-04  -0.216687350E-04  -0.251516696E-04
  -0.290435244E-04  -0.333352389E-04  -0.378586953E-04  -0.424010510E-04
  -0.467435735E-04  -0.506616409E-04  -0.539247416E-04
   0.000000000E+00   0.000000000E+00   0.000000000E+00   0.000000000E+00
   0.000000000E+00   0.000000000E+00   0.000000000E+00   0.000000000E+00
   0.000000000E+00   0.000000000E+00   0.000000000E+00   0.000000000E+00
   0.000000000E+00   0.000000000E+00   0.000000000E+00   0.000000000E+00
   0.000000000E+00   0.000000000E+00   0.000000000E+00   0.000000000E+00
   0.000000000E+00   0.000000000E+00   0.000000000E+00   0.000000000E+00
   0.000000000E+00   0.000000000E+00   0.000000000E+00   0.000000000E+00
   0.000000000E+00   0.000000000E+00   0.000000000E+00   0.000000000E+00
   0.000000000E+00   0.000000000E+00   0.000000000E+00   0.000000000E+00
   0.000000000E+00   0.000000000E+00   0.000000000E+00   0.000000000E+00
   0.000000000E+00   0.000000000E+00   0.000000000E+00   0.000000000E+00
   0.000000000E+00   0.000000000E+00   0.000000000E+00   0.000000000E+00
   0.000000000E+00   0.000000000E+00   0.000000000E+00   0.000000000E+00
   0.000000000E+00   0.000000000E+00   0.000000000E+00   0.000000000E+00
   0.000000000E+00   0.000000000E+00   0.000000000E+00   0.000000000E+00
   0.000000000E+00   0.000000000E+00   0.000000000E+00   0.000000000E+00
   0.000000000E+00   0.000000000E+00   0.000000000E+00   0.000000000E+00
   0.000000000E+00   0.000000000E+00   0.000000000E+00   0.000000000E+00
   0.000000000E+00   0.000000000E+00   0.000000000E+00   0.000000000E+00
   0.000000000E+00   0.000000000E+00   0.000000000E+00   0.500929182E-09
   0.125205625E-07   0.535564058E-07   0.135499661E-06   0.264944346E-06
   0.443979160E-06   0.670926748E-06   0.941035170E-06   0.124712637E-05
   0.158020644E-05   0.193004248E-05   0.228571081E-05   0.263612145E-05
   0.297052352E-05   0.327899639E-05   0.355293153E-05   0.378550958E-05
   0.397217772E-05   0.411113194E-05   0.420380909E-05   0.425539348E-05
   0.427534288E-05   0.474102729E-05   0.478219073E-05   0.480705637E-05
   0.481288992E-05   0.479669176E-05   0.475543982E-05   0.468630915E-05
   0.458646720E-05   0.445271911E-05   0.428063308E-05   0.406535759E-05
   0.380202178E-05   0.348610706E-05   0.311309926E-05   0.267796981E-05
   0.217394793E-05   0.159367194E-05   0.929178088E-06   0.170660615E-06
  -0.692363646E-06  -0.167081951E-05  -0.277656882E-05  -0.402194444E-05
  -0.541948065E-05  -0.698157396E-05  -0.872080263E-05  -0.106524527E-04
  -0.128019215E-04  -0.151977326E-04  -0.178652312E-04  -0.208145632E-04
  -0.240520316E-04  -0.275883910E-04  -0.314524011E-04  -0.356780056E-04
  -0.403042171E-04  -0.453881062E-04  -0.509924991E-04  -0.571622984E-04
  -0.638648766E-04  -0.710465972E-04  -0.787057095E-04  -0.870564139E-04
  -0.963731132E-04  -0.106910218E-03  -0.118818827E-03  -0.132225912E-03
  -0.147261206E-03  -0.164057207E-03  -0.182749179E-03
   0.000000000E+00   0.000000000E+00   0.000000000E+00   0.000000000E+00
   0.000000000E+00   0.000000000E+00   0.000000000E+00   0.000000000E+00
   0.000000000E+00   0.000000000E+00   0.000000000E+00   0.000000000E+00
   0.000000000E+00   0.000000000E+00   0.000000000E+00   0.000000000E+00
   0.000000000E+00   0.000000000E+00   0.000000000E+00   0.000000000E+00
   0.000000000E+00   0.000000000E+00   0.000000000E+00   0.000000000E+00
   0.000000000E+00   0.000000000E+00   0.000000000E+00   0.000000000E+00
   0.000000000E+00   0.000000000E+00   0.000000000E+00   0.000000000E+00
   0.000000000E+00   0.000000000E+00   0.000000000E+00   0.000000000E+00
   0.000000000E+00   0.000000000E+00   0.000000000E+00   0.000000000E+00
   0.000000000E+00   0.000000000E+00   0.000000000E+00   0.000000000E+00
   0.000000000E+00   0.000000000E+00   0.000000000E+00   0.000000000E+00
   0.000000000E+00   0.000000000E+00   0.000000000E+00   0.000000000E+00
   0.000000000E+00   0.000000000E+00   0.000000000E+00   0.000000000E+00
   0.000000000E+00   0.000000000E+00   0.000000000E+00   0.000000000E+00
   0.000000000E+00   0.000000000E+00   0.000000000E+00   0.000000000E+00
   0.000000000E+00   0.000000000E+00   0.000000000E+00   0.000000000E+00
   0.000000000E+00   0.000000000E+00   0.000000000E+00   0.000000000E+00
   0.000000000E+00   0.000000000E+00   0.000000000E+00   0.000000000E+00
   0.000000000E+00   0.000000000E+00   0.000000000E+00   0.000000000E+00
   0.000000000E+00   0.000000000E+00   0.000000000E+00   0.000000000E+00
   0.000000000E+00   0.000000000E+00   0.000000000E+00   0.000000000E+00
   0.000000000E+00   0.000000000E+00   0.000000000E+00   0.000000000E+00
   0.000000000E+00   0.000000000E+00   0.000000000E+00   0.000000000E+00
   0.000000000E+00   0.000000000E+00   0.000000000E+00   0.000000000E+00
   0.000000000E+00   0.000000000E+00   0.000000000E+00   0.000000000E+00
   0.000000000E+00   0.000000000E+00   0.000000000E+00   0.000000000E+00
   0.000000000E+00   0.418745196E-09   0.767185008E-08   0.212299259E-07
   0.253860327E-07  -0.370768812E-08  -0.920003738E-07  -0.262943904E-06
  -0.534204035E-06  -0.915549762E-06  -0.140778948E-05  -0.200262252E-05
  -0.268327457E-05  -0.342578561E-05  -0.420081891E-05  -0.497585963E-05
  -0.571767156E-05  -0.639488068E-05  -0.698055397E-05  -0.745464208E-05
  -0.780615450E-05  -0.803493563E-05  -0.815291052E-05   0.450385431E-05
   0.563172301E-05   0.695666439E-05   0.848487146E-05   0.102150787E-04
   0.121384923E-04   0.142162494E-04   0.164007670E-04   0.186771720E-04
   0.211677786E-04   0.240330193E-04   0.273815969E-04   0.310988118E-04
   0.350095325E-04   0.390007625E-04   0.432269119E-04   0.479147195E-04
   0.532969918E-04   0.596126025E-04   0.671064925E-04
   0.000000000E+00   0.000000000E+00   0.000000000E+00   0.000000000E+00
   0.000000000E+00   0.000000000E+00   0.000000000E+00   0.000000000E+00
   0.000000000E+00   0.000000000E+00   0.000000000E+00   0.000000000E+00
   0.000000000E+00   0.000000000E+00   0.000000000E+00   0.000000000E+00
   0.000000000E+00   0.000000000E+00   0.000000000E+00   0.000000000E+00
   0.000000000E+00   0.000000000E+00   0.000000000E+00   0.000000000E+00
   0.000000000E+00   0.000000000E+00   0.000000000E+00   0.000000000E+00
   0.000000000E+00   0.000000000E+00   0.000000000E+00   0.000000000E+00
   0.000000000E+00   0.000000000E+00   0.000000000E+00   0.000000000E+00
   0.000000000E+00   0.000000000E+00   0.000000000E+00   0.000000000E+00
   0.000000000E+00   0.000000000E+00   0.000000000E+00   0.000000000E+00
   0.000000000E+00   0.000000000E+00   0.000000000E+00   0.000000000E+00
   0.000000000E+00   0.000000000E+00   0.000000000E+00   0.000000000E+00
   0.000000000E+00   0.000000000E+00   0.000000000E+00   0.000000000E+00
   0.000000000E+00   0.000000000E+00   0.000000000E+00   0.000000000E+00
   0.000000000E+00   0.000000000E+00   0.000000000E+00   0.000000000E+00
   0.000000000E+00   0.000000000E+00   0.000000000E+00   0.000000000E+00
   0.000000000E+00   0.000000000E+00   0.000000000E+00   0.000000000E+00
   0.000000000E+00   0.000000000E+00   0.000000000E+00   0.000000000E+00
   0.000000000E+00   0.000000000E+00   0.000000000E+00   0.000000000E+00
   0.000000000E+00   0.000000000E+00   0.000000000E+00   0.000000000E+00
   0.000000000E+00   0.000000000E+00   0.000000000E+00   0.000000000E+00
   0.000000000E+00   0.000000000E+00   0.000000000E+00   0.000000000E+00
   0.000000000E+00   0.000000000E+00   0.000000000E+00   0.000000000E+00
  -0.443269617E-09  -0.868240419E-08  -0.272008926E-07  -0.445227350E-07
  -0.412998864E-07   0.437440669E-08   0.112897182E-06   0.300218707E-06
   0.575923251E-06   0.942214143E-06   0.139368957E-05   0.191779558E-05
   0.249584274E-05   0.310447288E-05   0.371746250E-05   0.430774908E-05
   0.484956695E-05   0.532057915E-05   0.570389157E-05   0.598983607E-05
   0.617740881E-05   0.627525049E-05  -0.465904720E-05  -0.563336736E-05
  -0.671783851E-05  -0.792162007E-05  -0.925596907E-05  -0.107329007E-04
  -0.123652021E-04  -0.141678732E-04  -0.161567697E-04  -0.183512854E-04
  -0.207839898E-04  -0.234915355E-04  -0.265111997E-04  -0.298797729E-04
  -0.336346085E-04  -0.378069386E-04  -0.424003268E-04  -0.474110509E-04
  -0.528453724E-04  -0.587511481E-04  -0.651878902E-04  -0.722213664E-04
  -0.799382218E-04  -0.884321134E-04  -0.978348684E-04  -0.108426118E-03
  -0.120529221E-03  -0.134431701E-03  -0.150250223E-03  -0.168058910E-03
  -0.187932935E-03  -0.209948513E-03  -0.234182909E-03
   0.000000000E+00   0.000000000E+00   0.000000000E+00   0.000000000E+00
   0.000000000E+00   0.000000000E+00   0.000000000E+00   0.000000000E+00
   0.000000000E+00   0.000000000E+00   0.000000000E+00   0.000000000E+00
   0.000000000E+00   0.000000000E+00   0.000000000E+00   0.000000000E+00
   0.000000000E+00   0.000000000E+00   0.000000000E+00   0.000000000E+00
   0.000000000E+00   0.000000000E+00   0.000000000E+00   0.000000000E+00
   0.000000000E+00   0.000000000E+00   0.000000000E+00   0.000000000E+00
   0.000000000E+00   0.000000000E+00   0.000000000E+00   0.000000000E+00
   0.000000000E+00   0.000000000E+00   0.000000000E+00   0.000000000E+00
   0.000000000E+00   0.000000000E+00   0.000000000E+00   0.000000000E+00
   0.000000000E+00   0.000000000E+00   0.000000000E+00   0.000000000E+00
   0.000000000E+00   0.000000000E+00   0.000000000E+00   0.000000000E+00
   0.000000000E+00   0.000000000E+00   0.000000000E+00   0.000000000E+00
   0.000000000E+00   0.000000000E+00   0.000000000E+00   0.000000000E+00
   0.000000000E+00   0.000000000E+00   0.000000000E+00   0.000000000E+00
   0.000000000E+00   0.000000000E+00   0.000000000E+00   0.000000000E+00
   0.000000000E+00   0.000000000E+00   0.000000000E+00   0.000000000E+00
   0.000000000E+00   0.000000000E+00   0.000000000E+00   0.000000000E+00
   0.000000000E+00   0.000000000E+00   0.000000000E+00   0.000000000E+00
   0.461328970E-09   0.106829433E-07   0.421809449E-07   0.981255070E-07
   0.175681970E-06   0.268371616E-06   0.367960137E-06   0.465916869E-06
   0.554487870E-06   0.627425928E-06   0.680420559E-06   0.711271089E-06
   0.719845882E-06   0.707870808E-06   0.678590012E-06   0.636342065E-06
   0.586094583E-06   0.532980385E-06   0.481878256E-06   0.437081415E-06
   0.402096746E-06   0.379617874E-06   0.453025894E-05   0.489990727E-05
   0.529649122E-05   0.572152056E-05   0.617636917E-05   0.666257516E-05
   0.718225743E-05   0.773772798E-05   0.833143232E-05   0.896617437E-05
   0.964490670E-05   0.103707652E-04   0.111473963E-04   0.119786510E-04
   0.128682798E-04   0.138193150E-04   0.148346489E-04   0.159177267E-04
   0.170740691E-04   0.183098448E-04   0.196314413E-04   0.210456433E-04
   0.225594653E-04   0.241801070E-04   0.259149926E-04   0.277717340E-04
   0.297582722E-04   0.318833496E-04   0.341560650E-04   0.365881497E-04
   0.392014037E-04   0.420206798E-04   0.450677594E-04   0.483499156E-04
   0.518707175E-04   0.556348420E-04   0.596515415E-04   0.639313635E-04
   0.684913887E-04   0.733746678E-04   0.786318125E-04   0.843043485E-04
   0.903929582E-04   0.968875941E-04   0.103799705E-03   0.111229444E-03
   0.119301868E-03   0.128143941E-03   0.137880515E-03   0.148638150E-03
   0.160546413E-03   0.173737875E-03   0.188348112E-03
   0.000000000E+00   0.000000000E+00   0.000000000E+00   0.000000000E+00
   0.000000000E+00   0.000000000E+00   0.000000000E+00   0.000000000E+00
   0.000000000E+00   0.000000000E+00   0.000000000E+00   0.000000000E+00
   0.000000000E+00   0.000000000E+00   0.000000000E+00   0.000000000E+00
   0.000000000E+00   0.000000000E+00   0.000000000E+00   0.000000000E+00
   0.000000000E+00   0.000000000E+00   0.000000000E+00   0.000000000E+00
   0.000000000E+00   0.000000000E+00   0.000000000E+00   0.000000000E+00
   0.000000000E+00   0.000000000E+00   0.000000000E+00   0.000000000E+00
   0.000000000E+00   0.000000000E+00   0.000000000E+00   0.000000000E+00
   0.000000000E+00   0.000000000E+00   0.000000000E+00   0.000000000E+00
   0.000000000E+00   0.000000000E+00   0.000000000E+00   0.000000000E+00
   0.000000000E+00   0.000000000E+00   0.000000000E+00   0.000000000E+00
   0.000000000E+00   0.000000000E+00   0.000000000E+00   0.000000000E+00
   0.000000000E+00   0.000000000E+00   0.000000000E+00   0.000000000E+00
   0.000000000E+00   0.000000000E+00   0.000000000E+00   0.000000000E+00
   0.000000000E+00   0.000000000E+00   0.000000000E+00   0.000000000E+00
   0.000000000E+00   0.000000000E+00   0.000000000E+00   0.000000000E+00
   0.000000000E+00   0.000000000E+00   0.000000000E+00   0.000000000E+00
   0.000000000E+00   0.000000000E+00   0.000000000E+00   0.483596384E-09
   0.112237096E-07   0.444285510E-07   0.103651874E-06   0.186186134E-06
   0.285488873E-06   0.393126550E-06   0.500279843E-06   0.598854423E-06
   0.682241216E-06   0.745770161E-06   0.786901473E-06   0.805198431E-06
   0.802125686E-06   0.780717118E-06   0.745157236E-06   0.700320143E-06
   0.651310072E-06   0.603047502E-06   0.559944873E-06   0.525715899E-06
   0.503362499E-06   0.474406501E-05   0.512172560E-05   0.552589003E-05
   0.595899804E-05   0.642211416E-05   0.691595338E-05   0.744156787E-05
   0.800137903E-05   0.859821706E-05   0.923482357E-05   0.991333296E-05
   0.106357561E-04   0.114043736E-04   0.122224371E-04   0.130935141E-04
   0.140213213E-04   0.150099003E-04   0.160634534E-04   0.171860419E-04
   0.183808345E-04   0.196508122E-04   0.209994852E-04   0.224323520E-04
   0.239555292E-04   0.255755857E-04   0.273004705E-04   0.291386405E-04
   0.310997508E-04   0.331976854E-04   0.354477024E-04   0.378651489E-04
   0.404645055E-04   0.432602877E-04   0.462623477E-04   0.494605480E-04
   0.528392405E-04   0.563905149E-04   0.601396579E-04   0.641210703E-04
   0.683750554E-04   0.729630623E-04   0.779532484E-04   0.833958099E-04
   0.892625611E-04   0.955042272E-04   0.102102659E-03   0.109170893E-03
   0.116858164E-03   0.125321575E-03   0.134738153E-03   0.145293394E-03
   0.157177366E-03   0.170584710E-03   0.185714642E-03
   0.000000000E+00   0.000000000E+00   0.000000000E+00   0.000000000E+00
   0.000000000E+00   0.000000000E+00   0.000000000E+00   0.000000000E+00
   0.000000000E+00   0.000000000E+00   0.000000000E+00   0.000000000E+00
   0.000000000E+00   0.000000000E+00   0.000000000E+00   0.000000000E+00
   0.000000000E+00   0.000000000E+00   0.000000000E+00   0.000000000E+00
   0.000000000E+00   0.000000000E+00   0.000000000E+00   0.000000000E+00
   0.000000000E+00   0.000000000E+00   0.000000000E+00   0.000000000E+00
   0.000000000E+00   0.000000000E+00   0.000000000E+00   0.000000000E+00
   0.000000000E+00   0.000000000E+00   0.000000000E+00   0.000000000E+00
   0.000000000E+00   0.000000000E+00   0.000000000E+00   0.000000000E+00
   0.000000000E+00   0.000000000E+00   0.000000000E+00   0.000000000E+00
   0.000000000E+00   0.000000000E+00   0.000000000E+00   0.000000000E+00
   0.000000000E+00   0.000000000E+00   0.000000000E+00   0.000000000E+00
   0.000000000E+00   0.000000000E+00   0.000000000E+00   0.000000000E+00
   0.000000000E+00   0.000000000E+00   0.000000000E+00   0.000000000E+00
   0.000000000E+00   0.000000000E+00   0.000000000E+00   0.000000000E+00
   0.000000000E+00   0.000000000E+00   0.000000000E+00   0.000000000E+00
   0.000000000E+00   0.000000000E+00   0.000000000E+00   0.000000000E+00
   0.000000000E+00   0.000000000E+00   0.000000000E+00   0.000000000E+00
  -0.452339991E-09  -0.105570973E-07  -0.420523947E-07  -0.988020495E-07
  -0.178891407E-06  -0.276783723E-06  -0.385054588E-06  -0.495742882E-06
  -0.601356753E-06  -0.695573078E-06  -0.773668923E-06  -0.832723461E-06
  -0.871628851E-06  -0.890948541E-06  -0.892661506E-06  -0.879830883E-06
  -0.856235499E-06  -0.826002774E-06  -0.793281478E-06  -0.761992839E-06
  -0.735698473E-06  -0.717623628E-06  -0.442606253E-05  -0.475630149E-05
  -0.510724675E-05  -0.548099970E-05  -0.588013329E-05  -0.630702619E-05
  -0.676301433E-05  -0.724918047E-05  -0.776698298E-05  -0.831935825E-05
  -0.890969268E-05  -0.954111620E-05  -0.102154119E-04  -0.109340346E-04
  -0.116990285E-04  -0.125147736E-04  -0.133863508E-04  -0.143187235E-04
  -0.153159418E-04  -0.163818884E-04  -0.175208192E-04  -0.187382368E-04
  -0.200400699E-04  -0.214327586E-04  -0.229243760E-04  -0.245235734E-04
  -0.262394801E-04  -0.280825010E-04  -0.300635651E-04  -0.321949536E-04
  -0.344936176E-04  -0.369780475E-04  -0.396647978E-04  -0.425611087E-04
  -0.456718764E-04  -0.490047861E-04  -0.525787585E-04  -0.564159599E-04
  -0.605379597E-04  -0.649622943E-04  -0.697057212E-04  -0.747866324E-04
  -0.802290468E-04  -0.860588246E-04  -0.923262972E-04  -0.991793679E-04
  -0.106794117E-03  -0.115322145E-03  -0.124801733E-03  -0.135242273E-03
  -0.146652937E-03  -0.159042684E-03  -0.172420252E-03
   0.000000000E+00   0.000000000E+00   0.000000000E+00   0.000000000E+00
   0.000000000E+00   0.000000000E+00   0.000000000E+00   0.000000000E+00
   0.000000000E+00   0.000000000E+00   0.000000000E+00   0.000000000E+00
   0.000000000E+00   0.000000000E+00   0.000000000E+00   0.000000000E+00
   0.000000000E+00   0.000000000E+00   0.000000000E+00   0.000000000E+00
   0.000000000E+00   0.000000000E+00   0.000000000E+00   0.000000000E+00
   0.000000000E+00   0.000000000E+00   0.000000000E+00   0.000000000E+00
   0.000000000E+00   0.000000000E+00   0.000000000E+00   0.000000000E+00
   0.000000000E+00   0.000000000E+00   0.000000000E+00   0.000000000E+00
   0.000000000E+00   0.000000000E+00   0.000000000E+00   0.000000000E+00
   0.000000000E+00   0.000000000E+00   0.000000000E+00   0.000000000E+00
   0.000000000E+00   0.000000000E+00   0.000000000E+00   0.000000000E+00
   0.000000000E+00   0.000000000E+00   0.000000000E+00   0.000000000E+00
   0.000000000E+00   0.000000000E+00   0.000000000E+00   0.000000000E+00
   0.000000000E+00   0.000000000E+00   0.000000000E+00   0.000000000E+00
   0.000000000E+00   0.000000000E+00   0.000000000E+00   0.000000000E+00
   0.000000000E+00   0.000000000E+00   0.000000000E+00   0.000000000E+00
   0.000000000E+00   0.000000000E+00   0.000000000E+00   0.000000000E+00
   0.000000000E+00   0.000000000E+00   0.000000000E+00   0.473702989E-09
   0.110879554E-07   0.443102614E-07   0.104483080E-06   0.189940367E-06
   0.295203701E-06   0.412752652E-06   0.534408244E-06   0.652368314E-06
   0.759933633E-06   0.851963581E-06   0.925100241E-06   0.977799718E-06
   0.101020953E-05   0.102393088E-05   0.102170468E-05   0.100706010E-05
   0.983964530E-06   0.956513747E-06   0.928701125E-06   0.904304734E-06
   0.886931145E-06   0.462885227E-05   0.496206094E-05   0.531474395E-05
   0.568765651E-05   0.608314083E-05   0.650401236E-05   0.695271789E-05
   0.742991943E-05   0.793581203E-05   0.847093234E-05   0.903725712E-05
   0.963717885E-05   0.102731455E-04   0.109476305E-04   0.116631610E-04
   0.124222454E-04   0.132271228E-04   0.140799974E-04   0.149831985E-04
   0.159394227E-04   0.169515068E-04   0.180222254E-04   0.191539108E-04
   0.203488101E-04   0.216097658E-04   0.229419273E-04   0.243511406E-04
   0.258440567E-04   0.274301455E-04   0.291197983E-04   0.309225967E-04
   0.328439906E-04   0.348884320E-04   0.370560029E-04   0.393288203E-04
   0.416838796E-04   0.441048585E-04   0.466048622E-04   0.492049081E-04
   0.519346825E-04   0.548572497E-04   0.580456500E-04   0.615556594E-04
   0.653668373E-04   0.694384270E-04   0.736871143E-04   0.778609665E-04
   0.816591030E-04   0.849133017E-04   0.880186010E-04   0.915240818E-04
   0.959938704E-04   0.102007138E-03   0.110158100E-03
Safety factor
   0.959839599E+00   0.960099267E+00   0.961074329E+00   0.962641431E+00
   0.964677218E+00   0.967058337E+00   0.969661435E+00   0.972358665E+00
   0.975004214E+00   0.977447775E+00   0.979550503E+00   0.981219385E+00
   0.982372871E+00   0.982984723E+00   0.983249974E+00   0.983418970E+00
   0.983709529E+00   0.984209359E+00   0.984973636E+00   0.986016586E+00
   0.987188620E+00   0.988299194E+00   0.989239303E+00   0.990226092E+00
   0.991558242E+00   0.993424889E+00   0.995576978E+00   0.997655909E+00
   0.999393095E+00   0.100088001E+01   0.100229815E+01   0.100380185E+01
   0.100543693E+01   0.100722202E+01   0.100915978E+01   0.101118878E+01
   0.101323154E+01   0.101523669E+01   0.101725703E+01   0.101937141E+01
   0.102163463E+01   0.102400520E+01   0.102641758E+01   0.102882612E+01
   0.103126488E+01   0.103378784E+01   0.103643496E+01   0.103919010E+01
   0.104202308E+01   0.104490929E+01   0.104784629E+01   0.105083719E+01
   0.105388624E+01   0.105700224E+01   0.106019518E+01   0.106347220E+01
   0.106682926E+01   0.107025953E+01   0.107375809E+01   0.107732766E+01
   0.108097290E+01   0.108469754E+01   0.108850172E+01   0.109238469E+01
   0.109634658E+01   0.110039110E+01   0.110452286E+01   0.110874592E+01
   0.111306222E+01   0.111747314E+01   0.112197931E+01   0.112657818E+01
   0.113126641E+01   0.113604225E+01   0.114091027E+01   0.114587659E+01
   0.115094675E+01   0.115612385E+01   0.116141043E+01   0.116680892E+01
   0.117232143E+01   0.117795003E+01   0.118369689E+01   0.118956486E+01
   0.119555690E+01   0.120167567E+01   0.120792248E+01   0.121429834E+01
   0.122080517E+01   0.122744863E+01   0.123423527E+01   0.124117085E+01
   0.124825772E+01   0.125549742E+01   0.126289222E+01   0.127044734E+01
   0.127816873E+01   0.128606188E+01   0.129413041E+01   0.130237745E+01
   0.131080655E+01   0.131942276E+01   0.132823155E+01   0.133723861E+01
   0.134645063E+01   0.135587455E+01   0.136551711E+01   0.137538424E+01
   0.138548169E+01   0.139581576E+01   0.140639505E+01   0.141722870E+01
   0.142832567E+01   0.143969408E+01   0.145134186E+01   0.146327730E+01
   0.147551011E+01   0.148805036E+01   0.150090867E+01   0.151409783E+01
   0.152763118E+01   0.154152207E+01   0.155578395E+01   0.157043028E+01
   0.158547477E+01   0.160093201E+01   0.161681685E+01   0.163314555E+01
   0.164994020E+01   0.166722431E+01   0.168502129E+01   0.170335419E+01
   0.172224595E+01   0.174172198E+01   0.176181768E+01   0.178257093E+01
   0.180401496E+01   0.182616439E+01   0.184902920E+01   0.187262951E+01
   0.189702611E+01   0.192228995E+01   0.194846516E+01   0.197548861E+01
   0.200327036E+01   0.203178760E+01   0.206128618E+01   0.209207906E+01
   0.212447921E+01   0.215879963E+01   0.219535327E+01
Current profile
   0.000000000E+00   0.110877175E-02   0.443100501E-02   0.995892738E-02
   0.176825718E-01   0.275897837E-01   0.396662291E-01   0.538963052E-01
   0.702668746E-01   0.887663549E-01   0.109385444E+00   0.132122328E+00
   0.156980459E+00   0.183965381E+00   0.213077331E+00   0.244315185E+00
   0.277676664E+00   0.313152980E+00   0.350732112E+00   0.390400692E+00
   0.432145849E+00   0.475953975E+00   0.521809777E+00   0.569694743E+00
   0.619588227E+00   0.671469339E+00   0.725321802E+00   0.781130404E+00
   0.838879850E+00   0.898555364E+00   0.960142153E+00   0.102362601E+01
   0.108899599E+01   0.115624237E+01   0.122535254E+01   0.129629985E+01
   0.136905245E+01   0.144358002E+01   0.151986486E+01   0.159789286E+01
   0.167764766E+01   0.175910233E+01   0.184222628E+01   0.192698936E+01
   0.201336730E+01   0.210133717E+01   0.219087515E+01   0.228195473E+01
   0.237454824E+01   0.246862747E+01   0.256416385E+01   0.266112827E+01
   0.275949128E+01   0.285922375E+01   0.296029628E+01   0.306267899E+01
   0.316634156E+01   0.327125320E+01   0.337738247E+01   0.348469662E+01
   0.359316217E+01   0.370274525E+01   0.381341209E+01   0.392512863E+01
   0.403786028E+01   0.415157182E+01   0.426622749E+01   0.438179115E+01
   0.449822663E+01   0.461549740E+01   0.473356632E+01   0.485239510E+01
   0.497194480E+01   0.509217602E+01   0.521304908E+01   0.533452386E+01
   0.545655981E+01   0.557911609E+01   0.570215145E+01   0.582562404E+01
   0.594949111E+01   0.607370928E+01   0.619823470E+01   0.632302307E+01
   0.644802962E+01   0.657320922E+01   0.669851679E+01   0.682390691E+01
   0.694933354E+01   0.707474958E+01   0.720010726E+01   0.732535836E+01
   0.745045432E+01   0.757534614E+01   0.769998435E+01   0.782431883E+01
   0.794829897E+01   0.807187356E+01   0.819499071E+01   0.831759801E+01
   0.843964268E+01   0.856107173E+01   0.868183178E+01   0.880186903E+01
   0.892112960E+01   0.903955925E+01   0.915710326E+01   0.927370624E+01
   0.938931228E+01   0.950386528E+01   0.961730969E+01   0.972958982E+01
   0.984064915E+01   0.995042905E+01   0.100588700E+02   0.101659118E+02
   0.102714919E+02   0.103755473E+02   0.104780153E+02   0.105788385E+02
   0.106779602E+02   0.107753240E+02   0.108708754E+02   0.109645600E+02
   0.110563203E+02   0.111460864E+02   0.112337847E+02   0.113193410E+02
   0.114026820E+02   0.114837340E+02   0.115624249E+02   0.116386907E+02
   0.117124695E+02   0.117837061E+02   0.118523743E+02   0.119184561E+02
   0.119819295E+02   0.120427536E+02   0.121008828E+02   0.121562848E+02
   0.122089798E+02   0.122590033E+02   0.123063600E+02   0.123509209E+02
   0.123925200E+02   0.124310134E+02   0.124663585E+02   0.124985382E+02
   0.125275358E+02   0.125533350E+02   0.125759204E+02
R*B_phi (m*T)
   0.507921315E+02   0.507921469E+02   0.507921923E+02   0.507922671E+02
   0.507923700E+02   0.507924991E+02   0.507926519E+02   0.507928260E+02
   0.507930180E+02   0.507932244E+02   0.507934415E+02   0.507936648E+02
   0.507938898E+02   0.507941118E+02   0.507943251E+02   0.507945241E+02
   0.507947028E+02   0.507948546E+02   0.507949725E+02   0.507950496E+02
   0.507950785E+02   0.507950515E+02   0.507949611E+02   0.507947991E+02
   0.507945573E+02   0.507942277E+02   0.507938021E+02   0.507932723E+02
   0.507926301E+02   0.507918669E+02   0.507909739E+02   0.507899425E+02
   0.507887644E+02   0.507874313E+02   0.507859351E+02   0.507842684E+02
   0.507824238E+02   0.507803935E+02   0.507781690E+02   0.507757410E+02
   0.507731042E+02   0.507702672E+02   0.507672421E+02   0.507640353E+02
   0.507606301E+02   0.507570040E+02   0.507531355E+02   0.507490072E+02
   0.507446026E+02   0.507399100E+02   0.507349365E+02   0.507296937E+02
   0.507241917E+02   0.507184344E+02   0.507124237E+02   0.507061622E+02
   0.506996541E+02   0.506929040E+02   0.506859162E+02   0.506786955E+02
   0.506712462E+02   0.506635732E+02   0.506556828E+02   0.506475813E+02
   0.506392754E+02   0.506307726E+02   0.506220805E+02   0.506132068E+02
   0.506041599E+02   0.505949485E+02   0.505855811E+02   0.505760666E+02
   0.505664138E+02   0.505566317E+02   0.505467291E+02   0.505367146E+02
   0.505265972E+02   0.505163855E+02   0.505060886E+02   0.504957153E+02
   0.504852746E+02   0.504747754E+02   0.504642269E+02   0.504536380E+02
   0.504430174E+02   0.504323742E+02   0.504217169E+02   0.504110540E+02
   0.504003940E+02   0.503897458E+02   0.503791182E+02   0.503685199E+02
   0.503579582E+02   0.503474407E+02   0.503369742E+02   0.503265647E+02
   0.503162178E+02   0.503059389E+02   0.502957327E+02   0.502856037E+02
   0.502755567E+02   0.502655978E+02   0.502557336E+02   0.502459707E+02
   0.502363167E+02   0.502267796E+02   0.502173672E+02   0.502080875E+02
   0.501989483E+02   0.501899574E+02   0.501811218E+02   0.501724483E+02
   0.501639435E+02   0.501556139E+02   0.501474654E+02   0.501395043E+02
   0.501317364E+02   0.501241674E+02   0.501168031E+02   0.501096495E+02
   0.501027126E+02   0.500959986E+02   0.500895146E+02   0.500832679E+02
   0.500772661E+02   0.500715170E+02   0.500660289E+02   0.500608116E+02
   0.500558818E+02   0.500512578E+02   0.500469576E+02   0.500429965E+02
   0.500393898E+02   0.500361790E+02   0.500335123E+02   0.500315642E+02
   0.500304735E+02   0.500302344E+02   0.500308054E+02   0.500321290E+02
   0.500340847E+02   0.500365362E+02   0.500393273E+02   0.500422220E+02
   0.500449644E+02   0.500473268E+02   0.500491947E+02   0.500504821E+02
   0.500511029E+02   0.500509709E+02   0.500500000E+02
Radial mesh: sqrt(Phi/Philim)
   0.000000000E+00   0.666666667E-02   0.133333333E-01   0.200000000E-01
   0.266666667E-01   0.333333333E-01   0.400000000E-01   0.466666667E-01
   0.533333333E-01   0.600000000E-01   0.666666667E-01   0.733333333E-01
   0.800000000E-01   0.866666667E-01   0.933333333E-01   0.100000000E+00
   0.106666667E+00   0.113333333E+00   0.120000000E+00   0.126666667E+00
   0.133333333E+00   0.140000000E+00   0.146666667E+00   0.153333333E+00
   0.160000000E+00   0.166666667E+00   0.173333333E+00   0.180000000E+00
   0.186666667E+00   0.193333333E+00   0.200000000E+00   0.206666667E+00
   0.213333333E+00   0.220000000E+00   0.226666667E+00   0.233333333E+00
   0.240000000E+00   0.246666667E+00   0.253333333E+00   0.260000000E+00
   0.266666667E+00   0.273333333E+00   0.280000000E+00   0.286666667E+00
   0.293333333E+00   0.300000000E+00   0.306666667E+00   0.313333333E+00
   0.320000000E+00   0.326666667E+00   0.333333333E+00   0.340000000E+00
   0.346666667E+00   0.353333333E+00   0.360000000E+00   0.366666667E+00
   0.373333333E+00   0.380000000E+00   0.386666667E+00   0.393333333E+00
   0.400000000E+00   0.406666667E+00   0.413333333E+00   0.420000000E+00
   0.426666667E+00   0.433333333E+00   0.440000000E+00   0.446666667E+00
   0.453333333E+00   0.460000000E+00   0.466666667E+00   0.473333333E+00
   0.480000000E+00   0.486666667E+00   0.493333333E+00   0.500000000E+00
   0.506666667E+00   0.513333333E+00   0.520000000E+00   0.526666667E+00
   0.533333333E+00   0.540000000E+00   0.546666667E+00   0.553333333E+00
   0.560000000E+00   0.566666667E+00   0.573333333E+00   0.580000000E+00
   0.586666667E+00   0.593333333E+00   0.600000000E+00   0.606666667E+00
   0.613333333E+00   0.620000000E+00   0.626666667E+00   0.633333333E+00
   0.640000000E+00   0.646666667E+00   0.653333333E+00   0.660000000E+00
   0.666666667E+00   0.673333333E+00   0.680000000E+00   0.686666667E+00
   0.693333333E+00   0.700000000E+00   0.706666667E+00   0.713333333E+00
   0.720000000E+00   0.726666667E+00   0.733333333E+00   0.740000000E+00
   0.746666667E+00   0.753333333E+00   0.760000000E+00   0.766666667E+00
   0.773333333E+00   0.780000000E+00   0.786666667E+00   0.793333333E+00
   0.800000000E+00   0.806666667E+00   0.813333333E+00   0.820000000E+00
   0.826666667E+00   0.833333333E+00   0.840000000E+00   0.846666667E+00
   0.853333333E+00   0.860000000E+00   0.866666667E+00   0.873333333E+00
   0.880000000E+00   0.886666667E+00   0.893333333E+00   0.900000000E+00
   0.906666667E+00   0.913333333E+00   0.920000000E+00   0.926666667E+00
   0.933333333E+00   0.940000000E+00   0.946666667E+00   0.953333333E+00
   0.960000000E+00   0.966666667E+00   0.973333333E+00   0.980000000E+00
   0.986666667E+00   0.993333333E+00   0.100000000E+01
Last surface (set to 1: TRANSP)
   0.100000000E+01
