2026-07-21 10:48:13,702 fastran_init_fastran_init_1 DEBUG    __initialize__(): <fastran.driver.fastran_init.fastran_init object at 0x7f0ad2b6b2b0>  fastran_FPP_000001@fastran_init@1 
2026-07-21 10:48:13,709 fastran_init_fastran_init_1 DEBUG    Running - CompID =  fastran_FPP_000001@fastran_init@1
2026-07-21 10:48:13,710 fastran_init_fastran_init_1 DEBUG    _init_event_service(): self.counter = 0 - <fastran.driver.fastran_init.fastran_init object at 0x7f0ad2b6b2b0>
2026-07-21 10:48:13,710 fastran_driver_fastran_driver_2 DEBUG    __initialize__(): <fastran.driver.fastran_driver.fastran_driver object at 0x7f0ad2b6bbe0>  fastran_FPP_000001@fastran_driver@2 
2026-07-21 10:48:13,716 fastran_driver_fastran_driver_2 DEBUG    Running - CompID =  fastran_FPP_000001@fastran_driver@2
2026-07-21 10:48:13,718 fastran_driver_fastran_driver_2 DEBUG    _init_event_service(): self.counter = 0 - <fastran.driver.fastran_driver.fastran_driver object at 0x7f0ad2b6bbe0>
2026-07-21 10:48:13,724 fastran_eq0_efit_3 DEBUG    __initialize__(): <fastran.equilibrium.efit.efit object at 0x7f0ad2b7f6d0>  fastran_FPP_000001@efit@3 
2026-07-21 10:48:13,730 fastran_eq0_efit_3 DEBUG    Running - CompID =  fastran_FPP_000001@efit@3
2026-07-21 10:48:13,731 fastran_eq0_efit_3 DEBUG    _init_event_service(): self.counter = 0 - <fastran.equilibrium.efit.efit object at 0x7f0ad2b7f6d0>
2026-07-21 10:48:13,738 fastran_tr0_fastran_4 DEBUG    __initialize__(): <fastran.solver.fastran.fastran object at 0x7f0ad2b89b50>  fastran_FPP_000001@fastran@4 
2026-07-21 10:48:13,744 fastran_tr0_fastran_4 DEBUG    Running - CompID =  fastran_FPP_000001@fastran@4
2026-07-21 10:48:13,745 fastran_tr0_fastran_4 DEBUG    _init_event_service(): self.counter = 0 - <fastran.solver.fastran.fastran object at 0x7f0ad2b89b50>
2026-07-21 10:48:13,748 fastran__impurity_radiation_5 DEBUG    __initialize__(): <impurity_radiation.impurity_radiation object at 0x7f0ad2b10ac0>  fastran_FPP_000001@impurity_radiation@5 
2026-07-21 10:48:13,755 fastran__impurity_radiation_5 DEBUG    Running - CompID =  fastran_FPP_000001@impurity_radiation@5
2026-07-21 10:48:13,755 fastran__impurity_radiation_5 DEBUG    _init_event_service(): self.counter = 0 - <impurity_radiation.impurity_radiation object at 0x7f0ad2b10ac0>
2026-07-21 10:48:13,759 rf_ic_toric_6   DEBUG    __initialize__(): <fastran.external.rf_ic_toric_abr_mcmd.toric object at 0x7f0ad2b182e0>  fastran_FPP_000001@toric@6 
2026-07-21 10:48:13,767 fastran_eq_efit_7 DEBUG    __initialize__(): <fastran.equilibrium.efit.efit object at 0x7f0ad2b18d60>  fastran_FPP_000001@efit@7 
2026-07-21 10:48:13,768 rf_ic_toric_6   DEBUG    Running - CompID =  fastran_FPP_000001@toric@6
2026-07-21 10:48:13,769 rf_ic_toric_6   DEBUG    _init_event_service(): self.counter = 0 - <fastran.external.rf_ic_toric_abr_mcmd.toric object at 0x7f0ad2b182e0>
2026-07-21 10:48:13,773 fastran_tr_fastran_8 DEBUG    __initialize__(): <fastran.solver.fastran.fastran object at 0x7f0ad2b1f6a0>  fastran_FPP_000001@fastran@8 
2026-07-21 10:48:13,773 fastran_eq_efit_7 DEBUG    Running - CompID =  fastran_FPP_000001@efit@7
2026-07-21 10:48:13,774 fastran_eq_efit_7 DEBUG    _init_event_service(): self.counter = 0 - <fastran.equilibrium.efit.efit object at 0x7f0ad2b18d60>
2026-07-21 10:48:13,779 fastran_tr_fastran_8 DEBUG    Running - CompID =  fastran_FPP_000001@fastran@8
2026-07-21 10:48:13,780 fastran_tr_fastran_8 DEBUG    _init_event_service(): self.counter = 0 - <fastran.solver.fastran.fastran object at 0x7f0ad2b1f6a0>
2026-07-21 10:48:14,083 fastran_init_fastran_init_1 DEBUG    Received Message 
2026-07-21 10:48:14,083 fastran_init_fastran_init_1 DEBUG    Calling method init(0)
2026-07-21 10:48:14,087 fastran_init_fastran_init_1 DEBUG    Received Message 
2026-07-21 10:48:14,087 fastran_init_fastran_init_1 DEBUG    Calling method step(0)
2026-07-21 10:48:14,093 fastran_init_fastran_init_1 DEBUG    _invoke_service(): getTopic  ('_IPS_MONITOR',)
2026-07-21 10:48:14,094 fastran_init_fastran_init_1 DEBUG    _get_service_response(REQUEST|fastran_FPP_000001@fastran_init@1|FRAMEWORK@Framework@0|0)
2026-07-21 10:48:14,105 fastran_init_fastran_init_1 DEBUG    _get_service_response(REQUEST|fastran_FPP_000001@fastran_init@1|FRAMEWORK@Framework@0|0), response = ServiceResponseMessage(sender_id=FRAMEWORK@Framework@0, receiver_id=fastran_FPP_000001@fastran_init@1, request_msg_id=REQUEST|fastran_FPP_000001@fastran_init@1|FRAMEWORK@Framework@0|0,status=0, args=(<ipsframework.cca_es_spec.Topic object at 0x7f0ad2b6bd90>,), message_id=RESPONSE|FRAMEWORK@Framework@0|fastran_FPP_000001@fastran_init@1|7)
2026-07-21 10:48:14,105 fastran_init_fastran_init_1 DEBUG    _invoke_service(): sendEvent  ('_IPS_MONITOR', 'PORTAL_EVENT', {'sim_name': 'fastran_FPP_000001', 'real_sim_name': 'fastran_FPP_000001', 'portal_data': {'code': 'fastran_init_fastran_init', 'eventtype': 'IPS_STAGE_INPUTS', 'ok': True, 'walltime': '3.13', 'time': '2026-07-21|10:48:14PDT', 'trace': {'timestamp': 1784656094088140, 'duration': 5573, 'localEndpoint': {'serviceName': 'stage_input_files'}, 'name': 'instate', 'id': '55339cced059be1a', 'parentId': '4aa442acb149fbac', 'tags': {}}, 'state': 'Running', 'comment': 'Elapsed time = 0.006 Path = /pscratch/sd/h/hswils/github_repos/MANTA_DBSCANS/IC+RAD+TGLF/bcfrom2024/basecase/input Files = instate'}})
2026-07-21 10:48:14,105 fastran_init_fastran_init_1 DEBUG    _get_service_response(REQUEST|fastran_FPP_000001@fastran_init@1|FRAMEWORK@Framework@0|1)
2026-07-21 10:48:14,116 fastran_init_fastran_init_1 DEBUG    _get_service_response(REQUEST|fastran_FPP_000001@fastran_init@1|FRAMEWORK@Framework@0|1), response = ServiceResponseMessage(sender_id=FRAMEWORK@Framework@0, receiver_id=fastran_FPP_000001@fastran_init@1, request_msg_id=REQUEST|fastran_FPP_000001@fastran_init@1|FRAMEWORK@Framework@0|1,status=0, args=(None,), message_id=RESPONSE|FRAMEWORK@Framework@0|fastran_FPP_000001@fastran_init@1|9)
2026-07-21 10:48:14,364 fastran_init_fastran_init_1 DEBUG    _invoke_service(): update_state  (['s000001.00001', 'g000001.00001', 'i000001.00001'], '/pscratch/sd/h/hswils/github_repos/MANTA_DBSCANS/IC+RAD+TGLF/bcfrom2024/basecase/SCAN/work/fastran_init_fastran_init_1', '/pscratch/sd/h/hswils/github_repos/MANTA_DBSCANS/IC+RAD+TGLF/bcfrom2024/basecase/SCAN/work/plasma_state')
2026-07-21 10:48:14,364 fastran_init_fastran_init_1 DEBUG    _get_service_response(REQUEST|fastran_FPP_000001@fastran_init@1|FRAMEWORK@Framework@0|2)
2026-07-21 10:48:14,383 fastran_init_fastran_init_1 DEBUG    _get_service_response(REQUEST|fastran_FPP_000001@fastran_init@1|FRAMEWORK@Framework@0|2), response = ServiceResponseMessage(sender_id=FRAMEWORK@Framework@0, receiver_id=fastran_FPP_000001@fastran_init@1, request_msg_id=REQUEST|fastran_FPP_000001@fastran_init@1|FRAMEWORK@Framework@0|2,status=0, args=(0,), message_id=RESPONSE|FRAMEWORK@Framework@0|fastran_FPP_000001@fastran_init@1|10)
2026-07-21 10:48:14,383 fastran_init_fastran_init_1 DEBUG    _invoke_service(): getTopic  ('_IPS_MONITOR',)
2026-07-21 10:48:14,384 fastran_init_fastran_init_1 DEBUG    _get_service_response(REQUEST|fastran_FPP_000001@fastran_init@1|FRAMEWORK@Framework@0|3)
2026-07-21 10:48:14,394 fastran_init_fastran_init_1 DEBUG    _get_service_response(REQUEST|fastran_FPP_000001@fastran_init@1|FRAMEWORK@Framework@0|3), response = ServiceResponseMessage(sender_id=FRAMEWORK@Framework@0, receiver_id=fastran_FPP_000001@fastran_init@1, request_msg_id=REQUEST|fastran_FPP_000001@fastran_init@1|FRAMEWORK@Framework@0|3,status=0, args=(<ipsframework.cca_es_spec.Topic object at 0x7f0ad2afa040>,), message_id=RESPONSE|FRAMEWORK@Framework@0|fastran_FPP_000001@fastran_init@1|11)
2026-07-21 10:48:14,394 fastran_init_fastran_init_1 DEBUG    _invoke_service(): sendEvent  ('_IPS_MONITOR', 'PORTAL_EVENT', {'sim_name': 'fastran_FPP_000001', 'real_sim_name': 'fastran_FPP_000001', 'portal_data': {'code': 'fastran_init_fastran_init', 'eventtype': 'IPS_UPDATE_STATE', 'ok': True, 'walltime': '3.42', 'time': '2026-07-21|10:48:14PDT', 'trace': {'timestamp': 1784656094364451, 'duration': 19359, 'localEndpoint': {'serviceName': 'update_state'}, 'name': "['s000001.00001', 'g000001.00001', 'i000001.00001']", 'id': '7629e189a66153c0', 'parentId': '4aa442acb149fbac', 'tags': {}}, 'state': 'Running', 'comment': 'Elapsed time = 0.019   files = s000001.00001 g000001.00001 i000001.00001 Success'}})
2026-07-21 10:48:14,394 fastran_init_fastran_init_1 DEBUG    _get_service_response(REQUEST|fastran_FPP_000001@fastran_init@1|FRAMEWORK@Framework@0|4)
2026-07-21 10:48:14,405 fastran_init_fastran_init_1 DEBUG    _get_service_response(REQUEST|fastran_FPP_000001@fastran_init@1|FRAMEWORK@Framework@0|4), response = ServiceResponseMessage(sender_id=FRAMEWORK@Framework@0, receiver_id=fastran_FPP_000001@fastran_init@1, request_msg_id=REQUEST|fastran_FPP_000001@fastran_init@1|FRAMEWORK@Framework@0|4,status=0, args=(None,), message_id=RESPONSE|FRAMEWORK@Framework@0|fastran_FPP_000001@fastran_init@1|12)
2026-07-21 10:48:14,407 fastran_init_fastran_init_1 DEBUG    _invoke_service(): getTopic  ('_IPS_MONITOR',)
2026-07-21 10:48:14,407 fastran_init_fastran_init_1 DEBUG    _get_service_response(REQUEST|fastran_FPP_000001@fastran_init@1|FRAMEWORK@Framework@0|5)
2026-07-21 10:48:14,418 fastran_init_fastran_init_1 DEBUG    _get_service_response(REQUEST|fastran_FPP_000001@fastran_init@1|FRAMEWORK@Framework@0|5), response = ServiceResponseMessage(sender_id=FRAMEWORK@Framework@0, receiver_id=fastran_FPP_000001@fastran_init@1, request_msg_id=REQUEST|fastran_FPP_000001@fastran_init@1|FRAMEWORK@Framework@0|5,status=0, args=(<ipsframework.cca_es_spec.Topic object at 0x7f0ad2afa190>,), message_id=RESPONSE|FRAMEWORK@Framework@0|fastran_FPP_000001@fastran_init@1|13)
2026-07-21 10:48:14,418 fastran_init_fastran_init_1 DEBUG    _invoke_service(): sendEvent  ('_IPS_MONITOR', 'PORTAL_EVENT', {'sim_name': 'fastran_FPP_000001', 'real_sim_name': 'fastran_FPP_000001', 'portal_data': {'code': 'fastran_init_fastran_init', 'eventtype': 'IPS_STAGE_OUTPUTS', 'ok': True, 'walltime': '3.44', 'time': '2026-07-21|10:48:14PDT', 'trace': {'timestamp': 1784656094405541, 'duration': 2092, 'localEndpoint': {'serviceName': 'stage_output_files'}, 'name': '[]', 'id': 'ed019efe11be26d9', 'parentId': '4aa442acb149fbac', 'tags': {}}, 'state': 'Running', 'comment': 'Elapsed time = 0.002 Path = /pscratch/sd/h/hswils/github_repos/MANTA_DBSCANS/IC+RAD+TGLF/bcfrom2024/basecase/SCAN/simulation_results/0/components/fastran_init_fastran_init_1 Files = []'}})
2026-07-21 10:48:14,418 fastran_init_fastran_init_1 DEBUG    _get_service_response(REQUEST|fastran_FPP_000001@fastran_init@1|FRAMEWORK@Framework@0|6)
2026-07-21 10:48:14,429 fastran_init_fastran_init_1 DEBUG    _get_service_response(REQUEST|fastran_FPP_000001@fastran_init@1|FRAMEWORK@Framework@0|6), response = ServiceResponseMessage(sender_id=FRAMEWORK@Framework@0, receiver_id=fastran_FPP_000001@fastran_init@1, request_msg_id=REQUEST|fastran_FPP_000001@fastran_init@1|FRAMEWORK@Framework@0|6,status=0, args=(None,), message_id=RESPONSE|FRAMEWORK@Framework@0|fastran_FPP_000001@fastran_init@1|14)
2026-07-21 10:48:14,430 fastran_init_fastran_init_1 DEBUG    Received Message 
2026-07-21 10:48:14,430 fastran_init_fastran_init_1 DEBUG    Calling method finalize(0)
2026-07-21 10:48:14,431 fastran_driver_fastran_driver_2 DEBUG    Received Message 
2026-07-21 10:48:14,431 fastran_driver_fastran_driver_2 DEBUG    Calling method init(0)
2026-07-21 10:48:14,433 fastran_driver_fastran_driver_2 DEBUG    Received Message 
2026-07-21 10:48:14,433 fastran_driver_fastran_driver_2 DEBUG    Calling method step(0)
2026-07-21 10:48:14,433 fastran_driver_fastran_driver_2 DEBUG    _invoke_service(): getTopic  ('_IPS_MONITOR',)
2026-07-21 10:48:14,433 fastran_driver_fastran_driver_2 DEBUG    _get_service_response(REQUEST|fastran_FPP_000001@fastran_driver@2|FRAMEWORK@Framework@0|0)
2026-07-21 10:48:14,444 fastran_driver_fastran_driver_2 DEBUG    _get_service_response(REQUEST|fastran_FPP_000001@fastran_driver@2|FRAMEWORK@Framework@0|0), response = ServiceResponseMessage(sender_id=FRAMEWORK@Framework@0, receiver_id=fastran_FPP_000001@fastran_driver@2, request_msg_id=REQUEST|fastran_FPP_000001@fastran_driver@2|FRAMEWORK@Framework@0|0,status=0, args=(<ipsframework.cca_es_spec.Topic object at 0x7f0ad2b75580>,), message_id=RESPONSE|FRAMEWORK@Framework@0|fastran_FPP_000001@fastran_driver@2|15)
2026-07-21 10:48:14,444 fastran_driver_fastran_driver_2 DEBUG    _invoke_service(): sendEvent  ('_IPS_MONITOR', 'PORTAL_EVENT', {'sim_name': 'fastran_FPP_000001', 'real_sim_name': 'fastran_FPP_000001', 'portal_data': {'code': 'fastran_driver_fastran_driver', 'eventtype': 'IPS_STAGE_INPUTS', 'ok': True, 'walltime': '3.47', 'time': '2026-07-21|10:48:14PDT', 'trace': {'timestamp': 1784656094433375, 'duration': 125, 'localEndpoint': {'serviceName': 'stage_input_files'}, 'name': '', 'id': 'e70cb59b389672bf', 'parentId': 'f899e3e5886669ce', 'tags': {}}, 'state': 'Running', 'comment': 'Elapsed time = 0.000 Path = /pscratch/sd/h/hswils/github_repos/MANTA_DBSCANS/IC+RAD+TGLF/bcfrom2024/basecase/input Files = '}})
2026-07-21 10:48:14,444 fastran_driver_fastran_driver_2 DEBUG    _get_service_response(REQUEST|fastran_FPP_000001@fastran_driver@2|FRAMEWORK@Framework@0|1)
2026-07-21 10:48:14,455 fastran_driver_fastran_driver_2 DEBUG    _get_service_response(REQUEST|fastran_FPP_000001@fastran_driver@2|FRAMEWORK@Framework@0|1), response = ServiceResponseMessage(sender_id=FRAMEWORK@Framework@0, receiver_id=fastran_FPP_000001@fastran_driver@2, request_msg_id=REQUEST|fastran_FPP_000001@fastran_driver@2|FRAMEWORK@Framework@0|1,status=0, args=(None,), message_id=RESPONSE|FRAMEWORK@Framework@0|fastran_FPP_000001@fastran_driver@2|16)
2026-07-21 10:48:14,455 fastran_driver_fastran_driver_2 DEBUG    _invoke_service(): stage_state  (['s000001.00001', 'g000001.00001', 'i000001.00001'], '/pscratch/sd/h/hswils/github_repos/MANTA_DBSCANS/IC+RAD+TGLF/bcfrom2024/basecase/SCAN/work/plasma_state', '/pscratch/sd/h/hswils/github_repos/MANTA_DBSCANS/IC+RAD+TGLF/bcfrom2024/basecase/SCAN/work/fastran_driver_fastran_driver_2')
2026-07-21 10:48:14,455 fastran_driver_fastran_driver_2 DEBUG    _get_service_response(REQUEST|fastran_FPP_000001@fastran_driver@2|FRAMEWORK@Framework@0|2)
2026-07-21 10:48:14,475 fastran_driver_fastran_driver_2 DEBUG    _get_service_response(REQUEST|fastran_FPP_000001@fastran_driver@2|FRAMEWORK@Framework@0|2), response = ServiceResponseMessage(sender_id=FRAMEWORK@Framework@0, receiver_id=fastran_FPP_000001@fastran_driver@2, request_msg_id=REQUEST|fastran_FPP_000001@fastran_driver@2|FRAMEWORK@Framework@0|2,status=0, args=(0,), message_id=RESPONSE|FRAMEWORK@Framework@0|fastran_FPP_000001@fastran_driver@2|17)
2026-07-21 10:48:14,475 fastran_driver_fastran_driver_2 DEBUG    _invoke_service(): getTopic  ('_IPS_MONITOR',)
2026-07-21 10:48:14,475 fastran_driver_fastran_driver_2 DEBUG    _get_service_response(REQUEST|fastran_FPP_000001@fastran_driver@2|FRAMEWORK@Framework@0|3)
2026-07-21 10:48:14,486 fastran_driver_fastran_driver_2 DEBUG    _get_service_response(REQUEST|fastran_FPP_000001@fastran_driver@2|FRAMEWORK@Framework@0|3), response = ServiceResponseMessage(sender_id=FRAMEWORK@Framework@0, receiver_id=fastran_FPP_000001@fastran_driver@2, request_msg_id=REQUEST|fastran_FPP_000001@fastran_driver@2|FRAMEWORK@Framework@0|3,status=0, args=(<ipsframework.cca_es_spec.Topic object at 0x7f0ad2b75550>,), message_id=RESPONSE|FRAMEWORK@Framework@0|fastran_FPP_000001@fastran_driver@2|18)
2026-07-21 10:48:14,486 fastran_driver_fastran_driver_2 DEBUG    _invoke_service(): sendEvent  ('_IPS_MONITOR', 'PORTAL_EVENT', {'sim_name': 'fastran_FPP_000001', 'real_sim_name': 'fastran_FPP_000001', 'portal_data': {'code': 'fastran_driver_fastran_driver', 'eventtype': 'IPS_STAGE_STATE', 'ok': True, 'walltime': '3.51', 'time': '2026-07-21|10:48:14PDT', 'trace': {'timestamp': 1784656094455688, 'duration': 19621, 'localEndpoint': {'serviceName': 'stage_state'}, 'name': "['s000001.00001', 'g000001.00001', 'i000001.00001']", 'id': '71885aecf25d7412', 'parentId': 'f899e3e5886669ce', 'tags': {}}, 'state': 'Running', 'comment': 'Elapsed time = 0.020  files = s000001.00001 g000001.00001 i000001.00001 Success'}})
2026-07-21 10:48:14,486 fastran_driver_fastran_driver_2 DEBUG    _get_service_response(REQUEST|fastran_FPP_000001@fastran_driver@2|FRAMEWORK@Framework@0|4)
2026-07-21 10:48:14,496 fastran_driver_fastran_driver_2 DEBUG    _get_service_response(REQUEST|fastran_FPP_000001@fastran_driver@2|FRAMEWORK@Framework@0|4), response = ServiceResponseMessage(sender_id=FRAMEWORK@Framework@0, receiver_id=fastran_FPP_000001@fastran_driver@2, request_msg_id=REQUEST|fastran_FPP_000001@fastran_driver@2|FRAMEWORK@Framework@0|4,status=0, args=(None,), message_id=RESPONSE|FRAMEWORK@Framework@0|fastran_FPP_000001@fastran_driver@2|19)
2026-07-21 10:48:14,497 fastran_driver_fastran_driver_2 DEBUG    _invoke_service(): get_port  ('INIT',)
2026-07-21 10:48:14,497 fastran_driver_fastran_driver_2 DEBUG    _get_service_response(REQUEST|fastran_FPP_000001@fastran_driver@2|FRAMEWORK@Framework@0|5)
2026-07-21 10:48:14,507 fastran_driver_fastran_driver_2 DEBUG    _get_service_response(REQUEST|fastran_FPP_000001@fastran_driver@2|FRAMEWORK@Framework@0|5), response = ServiceResponseMessage(sender_id=FRAMEWORK@Framework@0, receiver_id=fastran_FPP_000001@fastran_driver@2, request_msg_id=REQUEST|fastran_FPP_000001@fastran_driver@2|FRAMEWORK@Framework@0|5,status=0, args=(fastran_FPP_000001@fastran_init@1,), message_id=RESPONSE|FRAMEWORK@Framework@0|fastran_FPP_000001@fastran_driver@2|20)
2026-07-21 10:48:14,508 fastran_driver_fastran_driver_2 DEBUG    _invoke_service(): get_port  ('EQ0',)
2026-07-21 10:48:14,508 fastran_driver_fastran_driver_2 DEBUG    _get_service_response(REQUEST|fastran_FPP_000001@fastran_driver@2|FRAMEWORK@Framework@0|6)
2026-07-21 10:48:14,518 fastran_driver_fastran_driver_2 DEBUG    _get_service_response(REQUEST|fastran_FPP_000001@fastran_driver@2|FRAMEWORK@Framework@0|6), response = ServiceResponseMessage(sender_id=FRAMEWORK@Framework@0, receiver_id=fastran_FPP_000001@fastran_driver@2, request_msg_id=REQUEST|fastran_FPP_000001@fastran_driver@2|FRAMEWORK@Framework@0|6,status=0, args=(fastran_FPP_000001@efit@3,), message_id=RESPONSE|FRAMEWORK@Framework@0|fastran_FPP_000001@fastran_driver@2|21)
2026-07-21 10:48:14,519 fastran_driver_fastran_driver_2 DEBUG    _invoke_service(): get_port  ('TR0',)
2026-07-21 10:48:14,519 fastran_driver_fastran_driver_2 DEBUG    _get_service_response(REQUEST|fastran_FPP_000001@fastran_driver@2|FRAMEWORK@Framework@0|7)
2026-07-21 10:48:14,529 fastran_driver_fastran_driver_2 DEBUG    _get_service_response(REQUEST|fastran_FPP_000001@fastran_driver@2|FRAMEWORK@Framework@0|7), response = ServiceResponseMessage(sender_id=FRAMEWORK@Framework@0, receiver_id=fastran_FPP_000001@fastran_driver@2, request_msg_id=REQUEST|fastran_FPP_000001@fastran_driver@2|FRAMEWORK@Framework@0|7,status=0, args=(fastran_FPP_000001@fastran@4,), message_id=RESPONSE|FRAMEWORK@Framework@0|fastran_FPP_000001@fastran_driver@2|22)
2026-07-21 10:48:14,530 fastran_driver_fastran_driver_2 DEBUG    _invoke_service(): get_port  ('RAD',)
2026-07-21 10:48:14,530 fastran_driver_fastran_driver_2 DEBUG    _get_service_response(REQUEST|fastran_FPP_000001@fastran_driver@2|FRAMEWORK@Framework@0|8)
2026-07-21 10:48:14,541 fastran_driver_fastran_driver_2 DEBUG    _get_service_response(REQUEST|fastran_FPP_000001@fastran_driver@2|FRAMEWORK@Framework@0|8), response = ServiceResponseMessage(sender_id=FRAMEWORK@Framework@0, receiver_id=fastran_FPP_000001@fastran_driver@2, request_msg_id=REQUEST|fastran_FPP_000001@fastran_driver@2|FRAMEWORK@Framework@0|8,status=0, args=(fastran_FPP_000001@impurity_radiation@5,), message_id=RESPONSE|FRAMEWORK@Framework@0|fastran_FPP_000001@fastran_driver@2|23)
2026-07-21 10:48:14,541 fastran_driver_fastran_driver_2 DEBUG    _invoke_service(): get_port  ('IC',)
2026-07-21 10:48:14,541 fastran_driver_fastran_driver_2 DEBUG    _get_service_response(REQUEST|fastran_FPP_000001@fastran_driver@2|FRAMEWORK@Framework@0|9)
2026-07-21 10:48:14,551 fastran_driver_fastran_driver_2 DEBUG    _get_service_response(REQUEST|fastran_FPP_000001@fastran_driver@2|FRAMEWORK@Framework@0|9), response = ServiceResponseMessage(sender_id=FRAMEWORK@Framework@0, receiver_id=fastran_FPP_000001@fastran_driver@2, request_msg_id=REQUEST|fastran_FPP_000001@fastran_driver@2|FRAMEWORK@Framework@0|9,status=0, args=(fastran_FPP_000001@toric@6,), message_id=RESPONSE|FRAMEWORK@Framework@0|fastran_FPP_000001@fastran_driver@2|24)
2026-07-21 10:48:14,552 fastran_driver_fastran_driver_2 DEBUG    _invoke_service(): get_port  ('EQ',)
2026-07-21 10:48:14,552 fastran_driver_fastran_driver_2 DEBUG    _get_service_response(REQUEST|fastran_FPP_000001@fastran_driver@2|FRAMEWORK@Framework@0|10)
2026-07-21 10:48:14,562 fastran_driver_fastran_driver_2 DEBUG    _get_service_response(REQUEST|fastran_FPP_000001@fastran_driver@2|FRAMEWORK@Framework@0|10), response = ServiceResponseMessage(sender_id=FRAMEWORK@Framework@0, receiver_id=fastran_FPP_000001@fastran_driver@2, request_msg_id=REQUEST|fastran_FPP_000001@fastran_driver@2|FRAMEWORK@Framework@0|10,status=0, args=(fastran_FPP_000001@efit@7,), message_id=RESPONSE|FRAMEWORK@Framework@0|fastran_FPP_000001@fastran_driver@2|25)
2026-07-21 10:48:14,563 fastran_driver_fastran_driver_2 DEBUG    _invoke_service(): get_port  ('TR',)
2026-07-21 10:48:14,563 fastran_driver_fastran_driver_2 DEBUG    _get_service_response(REQUEST|fastran_FPP_000001@fastran_driver@2|FRAMEWORK@Framework@0|11)
2026-07-21 10:48:14,573 fastran_driver_fastran_driver_2 DEBUG    _get_service_response(REQUEST|fastran_FPP_000001@fastran_driver@2|FRAMEWORK@Framework@0|11), response = ServiceResponseMessage(sender_id=FRAMEWORK@Framework@0, receiver_id=fastran_FPP_000001@fastran_driver@2, request_msg_id=REQUEST|fastran_FPP_000001@fastran_driver@2|FRAMEWORK@Framework@0|11,status=0, args=(fastran_FPP_000001@fastran@8,), message_id=RESPONSE|FRAMEWORK@Framework@0|fastran_FPP_000001@fastran_driver@2|26)
2026-07-21 10:48:14,574 fastran_driver_fastran_driver_2 DEBUG    _invoke_service(): getTopic  ('_IPS_MONITOR',)
2026-07-21 10:48:14,574 fastran_driver_fastran_driver_2 DEBUG    _get_service_response(REQUEST|fastran_FPP_000001@fastran_driver@2|FRAMEWORK@Framework@0|12)
2026-07-21 10:48:14,585 fastran_driver_fastran_driver_2 DEBUG    _get_service_response(REQUEST|fastran_FPP_000001@fastran_driver@2|FRAMEWORK@Framework@0|12), response = ServiceResponseMessage(sender_id=FRAMEWORK@Framework@0, receiver_id=fastran_FPP_000001@fastran_driver@2, request_msg_id=REQUEST|fastran_FPP_000001@fastran_driver@2|FRAMEWORK@Framework@0|12,status=0, args=(<ipsframework.cca_es_spec.Topic object at 0x7f0ad2b75940>,), message_id=RESPONSE|FRAMEWORK@Framework@0|fastran_FPP_000001@fastran_driver@2|27)
2026-07-21 10:48:14,585 fastran_driver_fastran_driver_2 DEBUG    _invoke_service(): sendEvent  ('_IPS_MONITOR', 'PORTAL_EVENT', {'sim_name': 'fastran_FPP_000001', 'real_sim_name': 'fastran_FPP_000001', 'portal_data': {'code': 'fastran_driver_fastran_driver', 'eventtype': 'IPS_CALL_BEGIN', 'ok': True, 'walltime': '3.61', 'time': '2026-07-21|10:48:14PDT', 'state': 'Running', 'comment': 'Target = fastran_FPP_000001@efit@3:init(0)'}})
2026-07-21 10:48:14,585 fastran_driver_fastran_driver_2 DEBUG    _get_service_response(REQUEST|fastran_FPP_000001@fastran_driver@2|FRAMEWORK@Framework@0|13)
2026-07-21 10:48:14,596 fastran_driver_fastran_driver_2 DEBUG    _get_service_response(REQUEST|fastran_FPP_000001@fastran_driver@2|FRAMEWORK@Framework@0|13), response = ServiceResponseMessage(sender_id=FRAMEWORK@Framework@0, receiver_id=fastran_FPP_000001@fastran_driver@2, request_msg_id=REQUEST|fastran_FPP_000001@fastran_driver@2|FRAMEWORK@Framework@0|13,status=0, args=(None,), message_id=RESPONSE|FRAMEWORK@Framework@0|fastran_FPP_000001@fastran_driver@2|28)
2026-07-21 10:48:14,596 fastran_driver_fastran_driver_2 DEBUG    _invoke_service(): init_call  ('init', '0')
2026-07-21 10:48:14,596 fastran_driver_fastran_driver_2 DEBUG    _get_service_response(REQUEST|fastran_FPP_000001@fastran_driver@2|FRAMEWORK@Framework@0|14)
2026-07-21 10:48:14,597 fastran_eq0_efit_3 DEBUG    Received Message 
2026-07-21 10:48:14,597 fastran_eq0_efit_3 DEBUG    Calling method init(0)
2026-07-21 10:48:14,600 fastran_eq0_efit_3 DEBUG    _invoke_service(): stage_state  (['s000001.00001', 'g000001.00001', 'i000001.00001'], '/pscratch/sd/h/hswils/github_repos/MANTA_DBSCANS/IC+RAD+TGLF/bcfrom2024/basecase/SCAN/work/plasma_state', '/pscratch/sd/h/hswils/github_repos/MANTA_DBSCANS/IC+RAD+TGLF/bcfrom2024/basecase/SCAN/work/fastran_eq0_efit_3')
2026-07-21 10:48:14,600 fastran_eq0_efit_3 DEBUG    _get_service_response(REQUEST|fastran_FPP_000001@efit@3|FRAMEWORK@Framework@0|0)
2026-07-21 10:48:14,607 fastran_driver_fastran_driver_2 DEBUG    _get_service_response(REQUEST|fastran_FPP_000001@fastran_driver@2|FRAMEWORK@Framework@0|14), response = ServiceResponseMessage(sender_id=FRAMEWORK@Framework@0, receiver_id=fastran_FPP_000001@fastran_driver@2, request_msg_id=REQUEST|fastran_FPP_000001@fastran_driver@2|FRAMEWORK@Framework@0|14,status=0, args=(11,), message_id=RESPONSE|FRAMEWORK@Framework@0|fastran_FPP_000001@fastran_driver@2|29)
2026-07-21 10:48:14,607 fastran_driver_fastran_driver_2 DEBUG    _invoke_service(): wait_call  (11, True)
2026-07-21 10:48:14,607 fastran_driver_fastran_driver_2 DEBUG    _get_service_response(REQUEST|fastran_FPP_000001@fastran_driver@2|FRAMEWORK@Framework@0|15)
2026-07-21 10:48:14,620 fastran_eq0_efit_3 DEBUG    _get_service_response(REQUEST|fastran_FPP_000001@efit@3|FRAMEWORK@Framework@0|0), response = ServiceResponseMessage(sender_id=FRAMEWORK@Framework@0, receiver_id=fastran_FPP_000001@efit@3, request_msg_id=REQUEST|fastran_FPP_000001@efit@3|FRAMEWORK@Framework@0|0,status=0, args=(0,), message_id=RESPONSE|FRAMEWORK@Framework@0|fastran_FPP_000001@efit@3|30)
2026-07-21 10:48:14,621 fastran_eq0_efit_3 DEBUG    _invoke_service(): getTopic  ('_IPS_MONITOR',)
2026-07-21 10:48:14,621 fastran_eq0_efit_3 DEBUG    _get_service_response(REQUEST|fastran_FPP_000001@efit@3|FRAMEWORK@Framework@0|1)
2026-07-21 10:48:14,631 fastran_eq0_efit_3 DEBUG    _get_service_response(REQUEST|fastran_FPP_000001@efit@3|FRAMEWORK@Framework@0|1), response = ServiceResponseMessage(sender_id=FRAMEWORK@Framework@0, receiver_id=fastran_FPP_000001@efit@3, request_msg_id=REQUEST|fastran_FPP_000001@efit@3|FRAMEWORK@Framework@0|1,status=0, args=(<ipsframework.cca_es_spec.Topic object at 0x7f0ad2b89190>,), message_id=RESPONSE|FRAMEWORK@Framework@0|fastran_FPP_000001@efit@3|32)
2026-07-21 10:48:14,631 fastran_eq0_efit_3 DEBUG    _invoke_service(): sendEvent  ('_IPS_MONITOR', 'PORTAL_EVENT', {'sim_name': 'fastran_FPP_000001', 'real_sim_name': 'fastran_FPP_000001', 'portal_data': {'code': 'fastran_eq0_efit', 'eventtype': 'IPS_STAGE_STATE', 'ok': True, 'walltime': '3.66', 'time': '2026-07-21|10:48:14PDT', 'trace': {'timestamp': 1784656094600293, 'duration': 20410, 'localEndpoint': {'serviceName': 'stage_state'}, 'name': "['s000001.00001', 'g000001.00001', 'i000001.00001']", 'id': '71885aecf25d7412', 'parentId': '545edfc5a3ffe396', 'tags': {}}, 'state': 'Running', 'comment': 'Elapsed time = 0.020  files = s000001.00001 g000001.00001 i000001.00001 Success'}})
2026-07-21 10:48:14,631 fastran_eq0_efit_3 DEBUG    _get_service_response(REQUEST|fastran_FPP_000001@efit@3|FRAMEWORK@Framework@0|2)
2026-07-21 10:48:14,642 fastran_eq0_efit_3 DEBUG    _get_service_response(REQUEST|fastran_FPP_000001@efit@3|FRAMEWORK@Framework@0|2), response = ServiceResponseMessage(sender_id=FRAMEWORK@Framework@0, receiver_id=fastran_FPP_000001@efit@3, request_msg_id=REQUEST|fastran_FPP_000001@efit@3|FRAMEWORK@Framework@0|2,status=0, args=(None,), message_id=RESPONSE|FRAMEWORK@Framework@0|fastran_FPP_000001@efit@3|33)
2026-07-21 10:48:16,159 fastran_eq0_efit_3 DEBUG    _invoke_service(): update_state  (['s000001.00001', 'g000001.00001', 'i000001.00001'], '/pscratch/sd/h/hswils/github_repos/MANTA_DBSCANS/IC+RAD+TGLF/bcfrom2024/basecase/SCAN/work/fastran_eq0_efit_3', '/pscratch/sd/h/hswils/github_repos/MANTA_DBSCANS/IC+RAD+TGLF/bcfrom2024/basecase/SCAN/work/plasma_state')
2026-07-21 10:48:16,159 fastran_eq0_efit_3 DEBUG    _get_service_response(REQUEST|fastran_FPP_000001@efit@3|FRAMEWORK@Framework@0|3)
2026-07-21 10:48:16,180 fastran_eq0_efit_3 DEBUG    _get_service_response(REQUEST|fastran_FPP_000001@efit@3|FRAMEWORK@Framework@0|3), response = ServiceResponseMessage(sender_id=FRAMEWORK@Framework@0, receiver_id=fastran_FPP_000001@efit@3, request_msg_id=REQUEST|fastran_FPP_000001@efit@3|FRAMEWORK@Framework@0|3,status=0, args=(0,), message_id=RESPONSE|FRAMEWORK@Framework@0|fastran_FPP_000001@efit@3|37)
2026-07-21 10:48:16,180 fastran_eq0_efit_3 DEBUG    _invoke_service(): getTopic  ('_IPS_MONITOR',)
2026-07-21 10:48:16,180 fastran_eq0_efit_3 DEBUG    _get_service_response(REQUEST|fastran_FPP_000001@efit@3|FRAMEWORK@Framework@0|4)
2026-07-21 10:48:16,190 fastran_eq0_efit_3 DEBUG    _get_service_response(REQUEST|fastran_FPP_000001@efit@3|FRAMEWORK@Framework@0|4), response = ServiceResponseMessage(sender_id=FRAMEWORK@Framework@0, receiver_id=fastran_FPP_000001@efit@3, request_msg_id=REQUEST|fastran_FPP_000001@efit@3|FRAMEWORK@Framework@0|4,status=0, args=(<ipsframework.cca_es_spec.Topic object at 0x7f0ad2b7f850>,), message_id=RESPONSE|FRAMEWORK@Framework@0|fastran_FPP_000001@efit@3|38)
2026-07-21 10:48:16,190 fastran_eq0_efit_3 DEBUG    _invoke_service(): sendEvent  ('_IPS_MONITOR', 'PORTAL_EVENT', {'sim_name': 'fastran_FPP_000001', 'real_sim_name': 'fastran_FPP_000001', 'portal_data': {'code': 'fastran_eq0_efit', 'eventtype': 'IPS_UPDATE_STATE', 'ok': True, 'walltime': '5.22', 'time': '2026-07-21|10:48:16PDT', 'trace': {'timestamp': 1784656096158804, 'duration': 21313, 'localEndpoint': {'serviceName': 'update_state'}, 'name': "['s000001.00001', 'g000001.00001', 'i000001.00001']", 'id': '7629e189a66153c0', 'parentId': '545edfc5a3ffe396', 'tags': {}}, 'state': 'Running', 'comment': 'Elapsed time = 0.021   files = s000001.00001 g000001.00001 i000001.00001 Success'}})
2026-07-21 10:48:16,190 fastran_eq0_efit_3 DEBUG    _get_service_response(REQUEST|fastran_FPP_000001@efit@3|FRAMEWORK@Framework@0|5)
2026-07-21 10:48:16,201 fastran_eq0_efit_3 DEBUG    _get_service_response(REQUEST|fastran_FPP_000001@efit@3|FRAMEWORK@Framework@0|5), response = ServiceResponseMessage(sender_id=FRAMEWORK@Framework@0, receiver_id=fastran_FPP_000001@efit@3, request_msg_id=REQUEST|fastran_FPP_000001@efit@3|FRAMEWORK@Framework@0|5,status=0, args=(None,), message_id=RESPONSE|FRAMEWORK@Framework@0|fastran_FPP_000001@efit@3|39)
2026-07-21 10:48:16,212 fastran_driver_fastran_driver_2 DEBUG    _get_service_response(REQUEST|fastran_FPP_000001@fastran_driver@2|FRAMEWORK@Framework@0|15), response = ServiceResponseMessage(sender_id=FRAMEWORK@Framework@0, receiver_id=fastran_FPP_000001@fastran_driver@2, request_msg_id=REQUEST|fastran_FPP_000001@fastran_driver@2|FRAMEWORK@Framework@0|15,status=0, args=((None,),), message_id=RESPONSE|FRAMEWORK@Framework@0|fastran_FPP_000001@fastran_driver@2|40)
2026-07-21 10:48:16,212 fastran_driver_fastran_driver_2 DEBUG    _invoke_service(): getTopic  ('_IPS_MONITOR',)
2026-07-21 10:48:16,212 fastran_driver_fastran_driver_2 DEBUG    _get_service_response(REQUEST|fastran_FPP_000001@fastran_driver@2|FRAMEWORK@Framework@0|16)
2026-07-21 10:48:16,223 fastran_driver_fastran_driver_2 DEBUG    _get_service_response(REQUEST|fastran_FPP_000001@fastran_driver@2|FRAMEWORK@Framework@0|16), response = ServiceResponseMessage(sender_id=FRAMEWORK@Framework@0, receiver_id=fastran_FPP_000001@fastran_driver@2, request_msg_id=REQUEST|fastran_FPP_000001@fastran_driver@2|FRAMEWORK@Framework@0|16,status=0, args=(<ipsframework.cca_es_spec.Topic object at 0x7f0ad2b755b0>,), message_id=RESPONSE|FRAMEWORK@Framework@0|fastran_FPP_000001@fastran_driver@2|41)
2026-07-21 10:48:16,223 fastran_driver_fastran_driver_2 DEBUG    _invoke_service(): sendEvent  ('_IPS_MONITOR', 'PORTAL_EVENT', {'sim_name': 'fastran_FPP_000001', 'real_sim_name': 'fastran_FPP_000001', 'portal_data': {'code': 'fastran_driver_fastran_driver', 'eventtype': 'IPS_CALL_END', 'ok': True, 'walltime': '5.25', 'time': '2026-07-21|10:48:16PDT', 'trace': {'timestamp': 1784656094607859, 'duration': 1604734, 'localEndpoint': {'serviceName': 'fastran_FPP_000001@efit@3'}, 'name': 'init(0)', 'id': '545edfc5a3ffe396', 'parentId': 'f899e3e5886669ce', 'tags': {}}, 'state': 'Running', 'comment': 'Target = fastran_FPP_000001@efit@3:init(0)'}})
2026-07-21 10:48:16,223 fastran_driver_fastran_driver_2 DEBUG    _get_service_response(REQUEST|fastran_FPP_000001@fastran_driver@2|FRAMEWORK@Framework@0|17)
2026-07-21 10:48:16,234 fastran_driver_fastran_driver_2 DEBUG    _get_service_response(REQUEST|fastran_FPP_000001@fastran_driver@2|FRAMEWORK@Framework@0|17), response = ServiceResponseMessage(sender_id=FRAMEWORK@Framework@0, receiver_id=fastran_FPP_000001@fastran_driver@2, request_msg_id=REQUEST|fastran_FPP_000001@fastran_driver@2|FRAMEWORK@Framework@0|17,status=0, args=(None,), message_id=RESPONSE|FRAMEWORK@Framework@0|fastran_FPP_000001@fastran_driver@2|42)
2026-07-21 10:48:16,234 fastran_driver_fastran_driver_2 DEBUG    _invoke_service(): getTopic  ('_IPS_MONITOR',)
2026-07-21 10:48:16,235 fastran_driver_fastran_driver_2 DEBUG    _get_service_response(REQUEST|fastran_FPP_000001@fastran_driver@2|FRAMEWORK@Framework@0|18)
2026-07-21 10:48:16,245 fastran_driver_fastran_driver_2 DEBUG    _get_service_response(REQUEST|fastran_FPP_000001@fastran_driver@2|FRAMEWORK@Framework@0|18), response = ServiceResponseMessage(sender_id=FRAMEWORK@Framework@0, receiver_id=fastran_FPP_000001@fastran_driver@2, request_msg_id=REQUEST|fastran_FPP_000001@fastran_driver@2|FRAMEWORK@Framework@0|18,status=0, args=(<ipsframework.cca_es_spec.Topic object at 0x7f0ad2b75610>,), message_id=RESPONSE|FRAMEWORK@Framework@0|fastran_FPP_000001@fastran_driver@2|43)
2026-07-21 10:48:16,245 fastran_driver_fastran_driver_2 DEBUG    _invoke_service(): sendEvent  ('_IPS_MONITOR', 'PORTAL_EVENT', {'sim_name': 'fastran_FPP_000001', 'real_sim_name': 'fastran_FPP_000001', 'portal_data': {'code': 'fastran_driver_fastran_driver', 'eventtype': 'IPS_CALL_BEGIN', 'ok': True, 'walltime': '5.27', 'time': '2026-07-21|10:48:16PDT', 'state': 'Running', 'comment': 'Target = fastran_FPP_000001@fastran@4:init(0)'}})
2026-07-21 10:48:16,246 fastran_driver_fastran_driver_2 DEBUG    _get_service_response(REQUEST|fastran_FPP_000001@fastran_driver@2|FRAMEWORK@Framework@0|19)
2026-07-21 10:48:16,256 fastran_driver_fastran_driver_2 DEBUG    _get_service_response(REQUEST|fastran_FPP_000001@fastran_driver@2|FRAMEWORK@Framework@0|19), response = ServiceResponseMessage(sender_id=FRAMEWORK@Framework@0, receiver_id=fastran_FPP_000001@fastran_driver@2, request_msg_id=REQUEST|fastran_FPP_000001@fastran_driver@2|FRAMEWORK@Framework@0|19,status=0, args=(None,), message_id=RESPONSE|FRAMEWORK@Framework@0|fastran_FPP_000001@fastran_driver@2|44)
2026-07-21 10:48:16,257 fastran_driver_fastran_driver_2 DEBUG    _invoke_service(): init_call  ('init', '0')
2026-07-21 10:48:16,257 fastran_driver_fastran_driver_2 DEBUG    _get_service_response(REQUEST|fastran_FPP_000001@fastran_driver@2|FRAMEWORK@Framework@0|20)
2026-07-21 10:48:16,258 fastran_tr0_fastran_4 DEBUG    Received Message 
2026-07-21 10:48:16,258 fastran_tr0_fastran_4 DEBUG    Calling method init(0)
2026-07-21 10:48:16,268 fastran_driver_fastran_driver_2 DEBUG    _get_service_response(REQUEST|fastran_FPP_000001@fastran_driver@2|FRAMEWORK@Framework@0|20), response = ServiceResponseMessage(sender_id=FRAMEWORK@Framework@0, receiver_id=fastran_FPP_000001@fastran_driver@2, request_msg_id=REQUEST|fastran_FPP_000001@fastran_driver@2|FRAMEWORK@Framework@0|20,status=0, args=(12,), message_id=RESPONSE|FRAMEWORK@Framework@0|fastran_FPP_000001@fastran_driver@2|45)
2026-07-21 10:48:16,268 fastran_driver_fastran_driver_2 DEBUG    _invoke_service(): wait_call  (12, True)
2026-07-21 10:48:16,268 fastran_driver_fastran_driver_2 DEBUG    _get_service_response(REQUEST|fastran_FPP_000001@fastran_driver@2|FRAMEWORK@Framework@0|21)
2026-07-21 10:48:16,279 fastran_driver_fastran_driver_2 DEBUG    _get_service_response(REQUEST|fastran_FPP_000001@fastran_driver@2|FRAMEWORK@Framework@0|21), response = ServiceResponseMessage(sender_id=FRAMEWORK@Framework@0, receiver_id=fastran_FPP_000001@fastran_driver@2, request_msg_id=REQUEST|fastran_FPP_000001@fastran_driver@2|FRAMEWORK@Framework@0|21,status=0, args=((None,),), message_id=RESPONSE|FRAMEWORK@Framework@0|fastran_FPP_000001@fastran_driver@2|46)
2026-07-21 10:48:16,279 fastran_driver_fastran_driver_2 DEBUG    _invoke_service(): getTopic  ('_IPS_MONITOR',)
2026-07-21 10:48:16,279 fastran_driver_fastran_driver_2 DEBUG    _get_service_response(REQUEST|fastran_FPP_000001@fastran_driver@2|FRAMEWORK@Framework@0|22)
2026-07-21 10:48:16,290 fastran_driver_fastran_driver_2 DEBUG    _get_service_response(REQUEST|fastran_FPP_000001@fastran_driver@2|FRAMEWORK@Framework@0|22), response = ServiceResponseMessage(sender_id=FRAMEWORK@Framework@0, receiver_id=fastran_FPP_000001@fastran_driver@2, request_msg_id=REQUEST|fastran_FPP_000001@fastran_driver@2|FRAMEWORK@Framework@0|22,status=0, args=(<ipsframework.cca_es_spec.Topic object at 0x7f0ad2b755b0>,), message_id=RESPONSE|FRAMEWORK@Framework@0|fastran_FPP_000001@fastran_driver@2|47)
2026-07-21 10:48:16,290 fastran_driver_fastran_driver_2 DEBUG    _invoke_service(): sendEvent  ('_IPS_MONITOR', 'PORTAL_EVENT', {'sim_name': 'fastran_FPP_000001', 'real_sim_name': 'fastran_FPP_000001', 'portal_data': {'code': 'fastran_driver_fastran_driver', 'eventtype': 'IPS_CALL_END', 'ok': True, 'walltime': '5.32', 'time': '2026-07-21|10:48:16PDT', 'trace': {'timestamp': 1784656096268437, 'duration': 10740, 'localEndpoint': {'serviceName': 'fastran_FPP_000001@fastran@4'}, 'name': 'init(0)', 'id': '2dfda25fbdd3f2fb', 'parentId': 'f899e3e5886669ce', 'tags': {}}, 'state': 'Running', 'comment': 'Target = fastran_FPP_000001@fastran@4:init(0)'}})
2026-07-21 10:48:16,290 fastran_driver_fastran_driver_2 DEBUG    _get_service_response(REQUEST|fastran_FPP_000001@fastran_driver@2|FRAMEWORK@Framework@0|23)
2026-07-21 10:48:16,301 fastran_driver_fastran_driver_2 DEBUG    _get_service_response(REQUEST|fastran_FPP_000001@fastran_driver@2|FRAMEWORK@Framework@0|23), response = ServiceResponseMessage(sender_id=FRAMEWORK@Framework@0, receiver_id=fastran_FPP_000001@fastran_driver@2, request_msg_id=REQUEST|fastran_FPP_000001@fastran_driver@2|FRAMEWORK@Framework@0|23,status=0, args=(None,), message_id=RESPONSE|FRAMEWORK@Framework@0|fastran_FPP_000001@fastran_driver@2|48)
2026-07-21 10:48:16,301 fastran_driver_fastran_driver_2 DEBUG    _invoke_service(): getTopic  ('_IPS_MONITOR',)
2026-07-21 10:48:16,301 fastran_driver_fastran_driver_2 DEBUG    _get_service_response(REQUEST|fastran_FPP_000001@fastran_driver@2|FRAMEWORK@Framework@0|24)
2026-07-21 10:48:16,312 fastran_driver_fastran_driver_2 DEBUG    _get_service_response(REQUEST|fastran_FPP_000001@fastran_driver@2|FRAMEWORK@Framework@0|24), response = ServiceResponseMessage(sender_id=FRAMEWORK@Framework@0, receiver_id=fastran_FPP_000001@fastran_driver@2, request_msg_id=REQUEST|fastran_FPP_000001@fastran_driver@2|FRAMEWORK@Framework@0|24,status=0, args=(<ipsframework.cca_es_spec.Topic object at 0x7f0ad2b75550>,), message_id=RESPONSE|FRAMEWORK@Framework@0|fastran_FPP_000001@fastran_driver@2|49)
2026-07-21 10:48:16,312 fastran_driver_fastran_driver_2 DEBUG    _invoke_service(): sendEvent  ('_IPS_MONITOR', 'PORTAL_EVENT', {'sim_name': 'fastran_FPP_000001', 'real_sim_name': 'fastran_FPP_000001', 'portal_data': {'code': 'fastran_driver_fastran_driver', 'eventtype': 'IPS_CALL_BEGIN', 'ok': True, 'walltime': '5.34', 'time': '2026-07-21|10:48:16PDT', 'state': 'Running', 'comment': 'Target = fastran_FPP_000001@impurity_radiation@5:init(0)'}})
2026-07-21 10:48:16,312 fastran_driver_fastran_driver_2 DEBUG    _get_service_response(REQUEST|fastran_FPP_000001@fastran_driver@2|FRAMEWORK@Framework@0|25)
2026-07-21 10:48:16,323 fastran_driver_fastran_driver_2 DEBUG    _get_service_response(REQUEST|fastran_FPP_000001@fastran_driver@2|FRAMEWORK@Framework@0|25), response = ServiceResponseMessage(sender_id=FRAMEWORK@Framework@0, receiver_id=fastran_FPP_000001@fastran_driver@2, request_msg_id=REQUEST|fastran_FPP_000001@fastran_driver@2|FRAMEWORK@Framework@0|25,status=0, args=(None,), message_id=RESPONSE|FRAMEWORK@Framework@0|fastran_FPP_000001@fastran_driver@2|50)
2026-07-21 10:48:16,323 fastran_driver_fastran_driver_2 DEBUG    _invoke_service(): init_call  ('init', '0')
2026-07-21 10:48:16,323 fastran_driver_fastran_driver_2 DEBUG    _get_service_response(REQUEST|fastran_FPP_000001@fastran_driver@2|FRAMEWORK@Framework@0|26)
2026-07-21 10:48:16,325 fastran__impurity_radiation_5 DEBUG    Received Message 
2026-07-21 10:48:16,325 fastran__impurity_radiation_5 DEBUG    Calling method init(0)
2026-07-21 10:48:16,325 fastran__impurity_radiation_5 DEBUG    _invoke_service(): stage_state  (['s000001.00001', 'g000001.00001', 'i000001.00001'], '/pscratch/sd/h/hswils/github_repos/MANTA_DBSCANS/IC+RAD+TGLF/bcfrom2024/basecase/SCAN/work/plasma_state', '/pscratch/sd/h/hswils/github_repos/MANTA_DBSCANS/IC+RAD+TGLF/bcfrom2024/basecase/SCAN/work/fastran__impurity_radiation_5')
2026-07-21 10:48:16,325 fastran__impurity_radiation_5 DEBUG    _get_service_response(REQUEST|fastran_FPP_000001@impurity_radiation@5|FRAMEWORK@Framework@0|0)
2026-07-21 10:48:16,334 fastran_driver_fastran_driver_2 DEBUG    _get_service_response(REQUEST|fastran_FPP_000001@fastran_driver@2|FRAMEWORK@Framework@0|26), response = ServiceResponseMessage(sender_id=FRAMEWORK@Framework@0, receiver_id=fastran_FPP_000001@fastran_driver@2, request_msg_id=REQUEST|fastran_FPP_000001@fastran_driver@2|FRAMEWORK@Framework@0|26,status=0, args=(13,), message_id=RESPONSE|FRAMEWORK@Framework@0|fastran_FPP_000001@fastran_driver@2|51)
2026-07-21 10:48:16,335 fastran_driver_fastran_driver_2 DEBUG    _invoke_service(): wait_call  (13, True)
2026-07-21 10:48:16,335 fastran_driver_fastran_driver_2 DEBUG    _get_service_response(REQUEST|fastran_FPP_000001@fastran_driver@2|FRAMEWORK@Framework@0|27)
2026-07-21 10:48:16,347 fastran__impurity_radiation_5 DEBUG    _get_service_response(REQUEST|fastran_FPP_000001@impurity_radiation@5|FRAMEWORK@Framework@0|0), response = ServiceResponseMessage(sender_id=FRAMEWORK@Framework@0, receiver_id=fastran_FPP_000001@impurity_radiation@5, request_msg_id=REQUEST|fastran_FPP_000001@impurity_radiation@5|FRAMEWORK@Framework@0|0,status=0, args=(0,), message_id=RESPONSE|FRAMEWORK@Framework@0|fastran_FPP_000001@impurity_radiation@5|52)
2026-07-21 10:48:16,347 fastran__impurity_radiation_5 DEBUG    _invoke_service(): getTopic  ('_IPS_MONITOR',)
2026-07-21 10:48:16,348 fastran__impurity_radiation_5 DEBUG    _get_service_response(REQUEST|fastran_FPP_000001@impurity_radiation@5|FRAMEWORK@Framework@0|1)
2026-07-21 10:48:16,358 fastran__impurity_radiation_5 DEBUG    _get_service_response(REQUEST|fastran_FPP_000001@impurity_radiation@5|FRAMEWORK@Framework@0|1), response = ServiceResponseMessage(sender_id=FRAMEWORK@Framework@0, receiver_id=fastran_FPP_000001@impurity_radiation@5, request_msg_id=REQUEST|fastran_FPP_000001@impurity_radiation@5|FRAMEWORK@Framework@0|1,status=0, args=(<ipsframework.cca_es_spec.Topic object at 0x7f0ad2b1e160>,), message_id=RESPONSE|FRAMEWORK@Framework@0|fastran_FPP_000001@impurity_radiation@5|53)
2026-07-21 10:48:16,358 fastran__impurity_radiation_5 DEBUG    _invoke_service(): sendEvent  ('_IPS_MONITOR', 'PORTAL_EVENT', {'sim_name': 'fastran_FPP_000001', 'real_sim_name': 'fastran_FPP_000001', 'portal_data': {'code': 'fastran__impurity_radiation', 'eventtype': 'IPS_STAGE_STATE', 'ok': True, 'walltime': '5.38', 'time': '2026-07-21|10:48:16PDT', 'trace': {'timestamp': 1784656096325342, 'duration': 22335, 'localEndpoint': {'serviceName': 'stage_state'}, 'name': "['s000001.00001', 'g000001.00001', 'i000001.00001']", 'id': '71885aecf25d7412', 'parentId': '1a9b8874f301cc93', 'tags': {}}, 'state': 'Running', 'comment': 'Elapsed time = 0.022  files = s000001.00001 g000001.00001 i000001.00001 Success'}})
2026-07-21 10:48:16,358 fastran__impurity_radiation_5 DEBUG    _get_service_response(REQUEST|fastran_FPP_000001@impurity_radiation@5|FRAMEWORK@Framework@0|2)
2026-07-21 10:48:16,369 fastran__impurity_radiation_5 DEBUG    _get_service_response(REQUEST|fastran_FPP_000001@impurity_radiation@5|FRAMEWORK@Framework@0|2), response = ServiceResponseMessage(sender_id=FRAMEWORK@Framework@0, receiver_id=fastran_FPP_000001@impurity_radiation@5, request_msg_id=REQUEST|fastran_FPP_000001@impurity_radiation@5|FRAMEWORK@Framework@0|2,status=0, args=(None,), message_id=RESPONSE|FRAMEWORK@Framework@0|fastran_FPP_000001@impurity_radiation@5|54)
2026-07-21 10:48:16,530 fastran_driver_fastran_driver_2 DEBUG    _get_service_response(REQUEST|fastran_FPP_000001@fastran_driver@2|FRAMEWORK@Framework@0|27), response = ServiceResponseMessage(sender_id=FRAMEWORK@Framework@0, receiver_id=fastran_FPP_000001@fastran_driver@2, request_msg_id=REQUEST|fastran_FPP_000001@fastran_driver@2|FRAMEWORK@Framework@0|27,status=0, args=((None,),), message_id=RESPONSE|FRAMEWORK@Framework@0|fastran_FPP_000001@fastran_driver@2|55)
2026-07-21 10:48:16,530 fastran_driver_fastran_driver_2 DEBUG    _invoke_service(): getTopic  ('_IPS_MONITOR',)
2026-07-21 10:48:16,530 fastran_driver_fastran_driver_2 DEBUG    _get_service_response(REQUEST|fastran_FPP_000001@fastran_driver@2|FRAMEWORK@Framework@0|28)
2026-07-21 10:48:16,541 fastran_driver_fastran_driver_2 DEBUG    _get_service_response(REQUEST|fastran_FPP_000001@fastran_driver@2|FRAMEWORK@Framework@0|28), response = ServiceResponseMessage(sender_id=FRAMEWORK@Framework@0, receiver_id=fastran_FPP_000001@fastran_driver@2, request_msg_id=REQUEST|fastran_FPP_000001@fastran_driver@2|FRAMEWORK@Framework@0|28,status=0, args=(<ipsframework.cca_es_spec.Topic object at 0x7f0ad2b755b0>,), message_id=RESPONSE|FRAMEWORK@Framework@0|fastran_FPP_000001@fastran_driver@2|56)
2026-07-21 10:48:16,541 fastran_driver_fastran_driver_2 DEBUG    _invoke_service(): sendEvent  ('_IPS_MONITOR', 'PORTAL_EVENT', {'sim_name': 'fastran_FPP_000001', 'real_sim_name': 'fastran_FPP_000001', 'portal_data': {'code': 'fastran_driver_fastran_driver', 'eventtype': 'IPS_CALL_END', 'ok': True, 'walltime': '5.57', 'time': '2026-07-21|10:48:16PDT', 'trace': {'timestamp': 1784656096335036, 'duration': 195687, 'localEndpoint': {'serviceName': 'fastran_FPP_000001@impurity_radiation@5'}, 'name': 'init(0)', 'id': '1a9b8874f301cc93', 'parentId': 'f899e3e5886669ce', 'tags': {}}, 'state': 'Running', 'comment': 'Target = fastran_FPP_000001@impurity_radiation@5:init(0)'}})
2026-07-21 10:48:16,541 fastran_driver_fastran_driver_2 DEBUG    _get_service_response(REQUEST|fastran_FPP_000001@fastran_driver@2|FRAMEWORK@Framework@0|29)
2026-07-21 10:48:16,552 fastran_driver_fastran_driver_2 DEBUG    _get_service_response(REQUEST|fastran_FPP_000001@fastran_driver@2|FRAMEWORK@Framework@0|29), response = ServiceResponseMessage(sender_id=FRAMEWORK@Framework@0, receiver_id=fastran_FPP_000001@fastran_driver@2, request_msg_id=REQUEST|fastran_FPP_000001@fastran_driver@2|FRAMEWORK@Framework@0|29,status=0, args=(None,), message_id=RESPONSE|FRAMEWORK@Framework@0|fastran_FPP_000001@fastran_driver@2|57)
2026-07-21 10:48:16,553 fastran_driver_fastran_driver_2 DEBUG    _invoke_service(): getTopic  ('_IPS_MONITOR',)
2026-07-21 10:48:16,553 fastran_driver_fastran_driver_2 DEBUG    _get_service_response(REQUEST|fastran_FPP_000001@fastran_driver@2|FRAMEWORK@Framework@0|30)
2026-07-21 10:48:16,563 fastran_driver_fastran_driver_2 DEBUG    _get_service_response(REQUEST|fastran_FPP_000001@fastran_driver@2|FRAMEWORK@Framework@0|30), response = ServiceResponseMessage(sender_id=FRAMEWORK@Framework@0, receiver_id=fastran_FPP_000001@fastran_driver@2, request_msg_id=REQUEST|fastran_FPP_000001@fastran_driver@2|FRAMEWORK@Framework@0|30,status=0, args=(<ipsframework.cca_es_spec.Topic object at 0x7f0ad2b75610>,), message_id=RESPONSE|FRAMEWORK@Framework@0|fastran_FPP_000001@fastran_driver@2|58)
2026-07-21 10:48:16,564 fastran_driver_fastran_driver_2 DEBUG    _invoke_service(): sendEvent  ('_IPS_MONITOR', 'PORTAL_EVENT', {'sim_name': 'fastran_FPP_000001', 'real_sim_name': 'fastran_FPP_000001', 'portal_data': {'code': 'fastran_driver_fastran_driver', 'eventtype': 'IPS_CALL_BEGIN', 'ok': True, 'walltime': '5.59', 'time': '2026-07-21|10:48:16PDT', 'state': 'Running', 'comment': 'Target = fastran_FPP_000001@toric@6:init(0)'}})
2026-07-21 10:48:16,564 fastran_driver_fastran_driver_2 DEBUG    _get_service_response(REQUEST|fastran_FPP_000001@fastran_driver@2|FRAMEWORK@Framework@0|31)
2026-07-21 10:48:16,574 fastran_driver_fastran_driver_2 DEBUG    _get_service_response(REQUEST|fastran_FPP_000001@fastran_driver@2|FRAMEWORK@Framework@0|31), response = ServiceResponseMessage(sender_id=FRAMEWORK@Framework@0, receiver_id=fastran_FPP_000001@fastran_driver@2, request_msg_id=REQUEST|fastran_FPP_000001@fastran_driver@2|FRAMEWORK@Framework@0|31,status=0, args=(None,), message_id=RESPONSE|FRAMEWORK@Framework@0|fastran_FPP_000001@fastran_driver@2|59)
2026-07-21 10:48:16,575 fastran_driver_fastran_driver_2 DEBUG    _invoke_service(): init_call  ('init', '0')
2026-07-21 10:48:16,575 fastran_driver_fastran_driver_2 DEBUG    _get_service_response(REQUEST|fastran_FPP_000001@fastran_driver@2|FRAMEWORK@Framework@0|32)
2026-07-21 10:48:16,576 rf_ic_toric_6   DEBUG    Received Message 
2026-07-21 10:48:16,576 rf_ic_toric_6   DEBUG    Calling method init(0)
2026-07-21 10:48:16,576 rf_ic_toric_6   DEBUG    _invoke_service(): stage_state  (['s000001.00001', 'g000001.00001'], '/pscratch/sd/h/hswils/github_repos/MANTA_DBSCANS/IC+RAD+TGLF/bcfrom2024/basecase/SCAN/work/plasma_state', '/pscratch/sd/h/hswils/github_repos/MANTA_DBSCANS/IC+RAD+TGLF/bcfrom2024/basecase/SCAN/work/rf_ic_toric_6')
2026-07-21 10:48:16,577 rf_ic_toric_6   DEBUG    _get_service_response(REQUEST|fastran_FPP_000001@toric@6|FRAMEWORK@Framework@0|0)
2026-07-21 10:48:16,586 fastran_driver_fastran_driver_2 DEBUG    _get_service_response(REQUEST|fastran_FPP_000001@fastran_driver@2|FRAMEWORK@Framework@0|32), response = ServiceResponseMessage(sender_id=FRAMEWORK@Framework@0, receiver_id=fastran_FPP_000001@fastran_driver@2, request_msg_id=REQUEST|fastran_FPP_000001@fastran_driver@2|FRAMEWORK@Framework@0|32,status=0, args=(14,), message_id=RESPONSE|FRAMEWORK@Framework@0|fastran_FPP_000001@fastran_driver@2|60)
2026-07-21 10:48:16,586 fastran_driver_fastran_driver_2 DEBUG    _invoke_service(): wait_call  (14, True)
2026-07-21 10:48:16,586 fastran_driver_fastran_driver_2 DEBUG    _get_service_response(REQUEST|fastran_FPP_000001@fastran_driver@2|FRAMEWORK@Framework@0|33)
2026-07-21 10:48:16,596 rf_ic_toric_6   DEBUG    _get_service_response(REQUEST|fastran_FPP_000001@toric@6|FRAMEWORK@Framework@0|0), response = ServiceResponseMessage(sender_id=FRAMEWORK@Framework@0, receiver_id=fastran_FPP_000001@toric@6, request_msg_id=REQUEST|fastran_FPP_000001@toric@6|FRAMEWORK@Framework@0|0,status=0, args=(0,), message_id=RESPONSE|FRAMEWORK@Framework@0|fastran_FPP_000001@toric@6|61)
2026-07-21 10:48:16,596 rf_ic_toric_6   DEBUG    _invoke_service(): getTopic  ('_IPS_MONITOR',)
2026-07-21 10:48:16,596 rf_ic_toric_6   DEBUG    _get_service_response(REQUEST|fastran_FPP_000001@toric@6|FRAMEWORK@Framework@0|1)
2026-07-21 10:48:16,607 rf_ic_toric_6   DEBUG    _get_service_response(REQUEST|fastran_FPP_000001@toric@6|FRAMEWORK@Framework@0|1), response = ServiceResponseMessage(sender_id=FRAMEWORK@Framework@0, receiver_id=fastran_FPP_000001@toric@6, request_msg_id=REQUEST|fastran_FPP_000001@toric@6|FRAMEWORK@Framework@0|1,status=0, args=(<ipsframework.cca_es_spec.Topic object at 0x7f0ad2b270a0>,), message_id=RESPONSE|FRAMEWORK@Framework@0|fastran_FPP_000001@toric@6|62)
2026-07-21 10:48:16,607 rf_ic_toric_6   DEBUG    _invoke_service(): sendEvent  ('_IPS_MONITOR', 'PORTAL_EVENT', {'sim_name': 'fastran_FPP_000001', 'real_sim_name': 'fastran_FPP_000001', 'portal_data': {'code': 'rf_ic_toric', 'eventtype': 'IPS_STAGE_STATE', 'ok': True, 'walltime': '5.63', 'time': '2026-07-21|10:48:16PDT', 'trace': {'timestamp': 1784656096576812, 'duration': 19561, 'localEndpoint': {'serviceName': 'stage_state'}, 'name': "['s000001.00001', 'g000001.00001']", 'id': '32793a28c0f8ba4b', 'parentId': 'c7077054b3f68c86', 'tags': {}}, 'state': 'Running', 'comment': 'Elapsed time = 0.020  files = s000001.00001 g000001.00001 Success'}})
2026-07-21 10:48:16,607 rf_ic_toric_6   DEBUG    _get_service_response(REQUEST|fastran_FPP_000001@toric@6|FRAMEWORK@Framework@0|2)
2026-07-21 10:48:16,618 rf_ic_toric_6   DEBUG    _get_service_response(REQUEST|fastran_FPP_000001@toric@6|FRAMEWORK@Framework@0|2), response = ServiceResponseMessage(sender_id=FRAMEWORK@Framework@0, receiver_id=fastran_FPP_000001@toric@6, request_msg_id=REQUEST|fastran_FPP_000001@toric@6|FRAMEWORK@Framework@0|2,status=0, args=(None,), message_id=RESPONSE|FRAMEWORK@Framework@0|fastran_FPP_000001@toric@6|63)
2026-07-21 10:48:16,631 rf_ic_toric_6   DEBUG    _invoke_service(): getTopic  ('_IPS_MONITOR',)
2026-07-21 10:48:16,631 rf_ic_toric_6   DEBUG    _get_service_response(REQUEST|fastran_FPP_000001@toric@6|FRAMEWORK@Framework@0|3)
2026-07-21 10:48:16,642 rf_ic_toric_6   DEBUG    _get_service_response(REQUEST|fastran_FPP_000001@toric@6|FRAMEWORK@Framework@0|3), response = ServiceResponseMessage(sender_id=FRAMEWORK@Framework@0, receiver_id=fastran_FPP_000001@toric@6, request_msg_id=REQUEST|fastran_FPP_000001@toric@6|FRAMEWORK@Framework@0|3,status=0, args=(<ipsframework.cca_es_spec.Topic object at 0x7f0ad2b27160>,), message_id=RESPONSE|FRAMEWORK@Framework@0|fastran_FPP_000001@toric@6|64)
2026-07-21 10:48:16,642 rf_ic_toric_6   DEBUG    _invoke_service(): sendEvent  ('_IPS_MONITOR', 'PORTAL_EVENT', {'sim_name': 'fastran_FPP_000001', 'real_sim_name': 'fastran_FPP_000001', 'portal_data': {'code': 'rf_ic_toric', 'eventtype': 'IPS_STAGE_INPUTS', 'ok': True, 'walltime': '5.67', 'time': '2026-07-21|10:48:16PDT', 'trace': {'timestamp': 1784656096618134, 'duration': 13390, 'localEndpoint': {'serviceName': 'stage_input_files'}, 'name': 'machine.inp equigs_gen.ind torica.inp', 'id': 'b108389cfa22cdf4', 'parentId': 'c7077054b3f68c86', 'tags': {}}, 'state': 'Running', 'comment': 'Elapsed time = 0.013 Path = /pscratch/sd/h/hswils/github_repos/MANTA_DBSCANS/IC+RAD+TGLF/bcfrom2024/basecase/input Files = machine.inp equigs_gen.ind torica.inp'}})
2026-07-21 10:48:16,642 rf_ic_toric_6   DEBUG    _get_service_response(REQUEST|fastran_FPP_000001@toric@6|FRAMEWORK@Framework@0|4)
2026-07-21 10:48:16,652 rf_ic_toric_6   DEBUG    _get_service_response(REQUEST|fastran_FPP_000001@toric@6|FRAMEWORK@Framework@0|4), response = ServiceResponseMessage(sender_id=FRAMEWORK@Framework@0, receiver_id=fastran_FPP_000001@toric@6, request_msg_id=REQUEST|fastran_FPP_000001@toric@6|FRAMEWORK@Framework@0|4,status=0, args=(None,), message_id=RESPONSE|FRAMEWORK@Framework@0|fastran_FPP_000001@toric@6|65)
2026-07-21 10:48:16,652 rf_ic_toric_6   DEBUG    _invoke_service(): update_state  (['s000001.00001', 'g000001.00001'], '/pscratch/sd/h/hswils/github_repos/MANTA_DBSCANS/IC+RAD+TGLF/bcfrom2024/basecase/SCAN/work/rf_ic_toric_6', '/pscratch/sd/h/hswils/github_repos/MANTA_DBSCANS/IC+RAD+TGLF/bcfrom2024/basecase/SCAN/work/plasma_state')
2026-07-21 10:48:16,652 rf_ic_toric_6   DEBUG    _get_service_response(REQUEST|fastran_FPP_000001@toric@6|FRAMEWORK@Framework@0|5)
2026-07-21 10:48:16,671 rf_ic_toric_6   DEBUG    _get_service_response(REQUEST|fastran_FPP_000001@toric@6|FRAMEWORK@Framework@0|5), response = ServiceResponseMessage(sender_id=FRAMEWORK@Framework@0, receiver_id=fastran_FPP_000001@toric@6, request_msg_id=REQUEST|fastran_FPP_000001@toric@6|FRAMEWORK@Framework@0|5,status=0, args=(0,), message_id=RESPONSE|FRAMEWORK@Framework@0|fastran_FPP_000001@toric@6|66)
2026-07-21 10:48:16,672 rf_ic_toric_6   DEBUG    _invoke_service(): getTopic  ('_IPS_MONITOR',)
2026-07-21 10:48:16,672 rf_ic_toric_6   DEBUG    _get_service_response(REQUEST|fastran_FPP_000001@toric@6|FRAMEWORK@Framework@0|6)
2026-07-21 10:48:16,682 rf_ic_toric_6   DEBUG    _get_service_response(REQUEST|fastran_FPP_000001@toric@6|FRAMEWORK@Framework@0|6), response = ServiceResponseMessage(sender_id=FRAMEWORK@Framework@0, receiver_id=fastran_FPP_000001@toric@6, request_msg_id=REQUEST|fastran_FPP_000001@toric@6|FRAMEWORK@Framework@0|6,status=0, args=(<ipsframework.cca_es_spec.Topic object at 0x7f0ad2b27220>,), message_id=RESPONSE|FRAMEWORK@Framework@0|fastran_FPP_000001@toric@6|68)
2026-07-21 10:48:16,682 rf_ic_toric_6   DEBUG    _invoke_service(): sendEvent  ('_IPS_MONITOR', 'PORTAL_EVENT', {'sim_name': 'fastran_FPP_000001', 'real_sim_name': 'fastran_FPP_000001', 'portal_data': {'code': 'rf_ic_toric', 'eventtype': 'IPS_UPDATE_STATE', 'ok': True, 'walltime': '5.71', 'time': '2026-07-21|10:48:16PDT', 'trace': {'timestamp': 1784656096652852, 'duration': 19179, 'localEndpoint': {'serviceName': 'update_state'}, 'name': "['s000001.00001', 'g000001.00001']", 'id': 'd2ceaa619acd7d5c', 'parentId': 'c7077054b3f68c86', 'tags': {}}, 'state': 'Running', 'comment': 'Elapsed time = 0.019   files = s000001.00001 g000001.00001 Success'}})
2026-07-21 10:48:16,682 rf_ic_toric_6   DEBUG    _get_service_response(REQUEST|fastran_FPP_000001@toric@6|FRAMEWORK@Framework@0|7)
2026-07-21 10:48:16,693 rf_ic_toric_6   DEBUG    _get_service_response(REQUEST|fastran_FPP_000001@toric@6|FRAMEWORK@Framework@0|7), response = ServiceResponseMessage(sender_id=FRAMEWORK@Framework@0, receiver_id=fastran_FPP_000001@toric@6, request_msg_id=REQUEST|fastran_FPP_000001@toric@6|FRAMEWORK@Framework@0|7,status=0, args=(None,), message_id=RESPONSE|FRAMEWORK@Framework@0|fastran_FPP_000001@toric@6|69)
2026-07-21 10:48:16,887 rf_ic_toric_6   DEBUG    _invoke_service(): getTopic  ('_IPS_MONITOR',)
2026-07-21 10:48:16,887 rf_ic_toric_6   DEBUG    _get_service_response(REQUEST|fastran_FPP_000001@toric@6|FRAMEWORK@Framework@0|8)
2026-07-21 10:48:16,898 rf_ic_toric_6   DEBUG    _get_service_response(REQUEST|fastran_FPP_000001@toric@6|FRAMEWORK@Framework@0|8), response = ServiceResponseMessage(sender_id=FRAMEWORK@Framework@0, receiver_id=fastran_FPP_000001@toric@6, request_msg_id=REQUEST|fastran_FPP_000001@toric@6|FRAMEWORK@Framework@0|8,status=0, args=(<ipsframework.cca_es_spec.Topic object at 0x7f0ad2b27100>,), message_id=RESPONSE|FRAMEWORK@Framework@0|fastran_FPP_000001@toric@6|70)
2026-07-21 10:48:16,898 rf_ic_toric_6   DEBUG    _invoke_service(): sendEvent  ('_IPS_MONITOR', 'PORTAL_EVENT', {'sim_name': 'fastran_FPP_000001', 'real_sim_name': 'fastran_FPP_000001', 'portal_data': {'code': 'rf_ic_toric', 'eventtype': 'IPS_STAGE_OUTPUTS', 'ok': True, 'walltime': '5.92', 'time': '2026-07-21|10:48:16PDT', 'trace': {'timestamp': 1784656096860733, 'duration': 26463, 'localEndpoint': {'serviceName': 'stage_output_files'}, 'name': "['torica.inp', 'machine.inp', 'log.toric', 'toric.nc', 'profstat.dat', 'equigs.data', 'equidt.data', 'toric_cfg.nc']", 'id': '749f5c33ef51fb56', 'parentId': 'c7077054b3f68c86', 'tags': {}}, 'state': 'Running', 'comment': "Elapsed time = 0.026 Path = /pscratch/sd/h/hswils/github_repos/MANTA_DBSCANS/IC+RAD+TGLF/bcfrom2024/basecase/SCAN/simulation_results/0/components/rf_ic_toric_6 Files = ['torica.inp', 'machine.inp', 'log.toric', 'toric.nc', 'profstat.dat', 'equigs.data', 'equidt.data', 'toric_cfg.nc']"}})
2026-07-21 10:48:16,898 rf_ic_toric_6   DEBUG    _get_service_response(REQUEST|fastran_FPP_000001@toric@6|FRAMEWORK@Framework@0|9)
2026-07-21 10:48:16,909 rf_ic_toric_6   DEBUG    _get_service_response(REQUEST|fastran_FPP_000001@toric@6|FRAMEWORK@Framework@0|9), response = ServiceResponseMessage(sender_id=FRAMEWORK@Framework@0, receiver_id=fastran_FPP_000001@toric@6, request_msg_id=REQUEST|fastran_FPP_000001@toric@6|FRAMEWORK@Framework@0|9,status=0, args=(None,), message_id=RESPONSE|FRAMEWORK@Framework@0|fastran_FPP_000001@toric@6|71)
2026-07-21 10:48:16,919 fastran_driver_fastran_driver_2 DEBUG    _get_service_response(REQUEST|fastran_FPP_000001@fastran_driver@2|FRAMEWORK@Framework@0|33), response = ServiceResponseMessage(sender_id=FRAMEWORK@Framework@0, receiver_id=fastran_FPP_000001@fastran_driver@2, request_msg_id=REQUEST|fastran_FPP_000001@fastran_driver@2|FRAMEWORK@Framework@0|33,status=0, args=((0,),), message_id=RESPONSE|FRAMEWORK@Framework@0|fastran_FPP_000001@fastran_driver@2|72)
2026-07-21 10:48:16,919 fastran_driver_fastran_driver_2 DEBUG    _invoke_service(): getTopic  ('_IPS_MONITOR',)
2026-07-21 10:48:16,920 fastran_driver_fastran_driver_2 DEBUG    _get_service_response(REQUEST|fastran_FPP_000001@fastran_driver@2|FRAMEWORK@Framework@0|34)
2026-07-21 10:48:16,930 fastran_driver_fastran_driver_2 DEBUG    _get_service_response(REQUEST|fastran_FPP_000001@fastran_driver@2|FRAMEWORK@Framework@0|34), response = ServiceResponseMessage(sender_id=FRAMEWORK@Framework@0, receiver_id=fastran_FPP_000001@fastran_driver@2, request_msg_id=REQUEST|fastran_FPP_000001@fastran_driver@2|FRAMEWORK@Framework@0|34,status=0, args=(<ipsframework.cca_es_spec.Topic object at 0x7f0ad2b755b0>,), message_id=RESPONSE|FRAMEWORK@Framework@0|fastran_FPP_000001@fastran_driver@2|73)
2026-07-21 10:48:16,930 fastran_driver_fastran_driver_2 DEBUG    _invoke_service(): sendEvent  ('_IPS_MONITOR', 'PORTAL_EVENT', {'sim_name': 'fastran_FPP_000001', 'real_sim_name': 'fastran_FPP_000001', 'portal_data': {'code': 'fastran_driver_fastran_driver', 'eventtype': 'IPS_CALL_END', 'ok': True, 'walltime': '5.96', 'time': '2026-07-21|10:48:16PDT', 'trace': {'timestamp': 1784656096586397, 'duration': 333450, 'localEndpoint': {'serviceName': 'fastran_FPP_000001@toric@6'}, 'name': 'init(0)', 'id': 'c7077054b3f68c86', 'parentId': 'f899e3e5886669ce', 'tags': {}}, 'state': 'Running', 'comment': 'Target = fastran_FPP_000001@toric@6:init(0)'}})
2026-07-21 10:48:16,930 fastran_driver_fastran_driver_2 DEBUG    _get_service_response(REQUEST|fastran_FPP_000001@fastran_driver@2|FRAMEWORK@Framework@0|35)
2026-07-21 10:48:16,941 fastran_driver_fastran_driver_2 DEBUG    _get_service_response(REQUEST|fastran_FPP_000001@fastran_driver@2|FRAMEWORK@Framework@0|35), response = ServiceResponseMessage(sender_id=FRAMEWORK@Framework@0, receiver_id=fastran_FPP_000001@fastran_driver@2, request_msg_id=REQUEST|fastran_FPP_000001@fastran_driver@2|FRAMEWORK@Framework@0|35,status=0, args=(None,), message_id=RESPONSE|FRAMEWORK@Framework@0|fastran_FPP_000001@fastran_driver@2|74)
2026-07-21 10:48:16,941 fastran_driver_fastran_driver_2 DEBUG    _invoke_service(): getTopic  ('_IPS_MONITOR',)
2026-07-21 10:48:16,942 fastran_driver_fastran_driver_2 DEBUG    _get_service_response(REQUEST|fastran_FPP_000001@fastran_driver@2|FRAMEWORK@Framework@0|36)
2026-07-21 10:48:16,952 fastran_driver_fastran_driver_2 DEBUG    _get_service_response(REQUEST|fastran_FPP_000001@fastran_driver@2|FRAMEWORK@Framework@0|36), response = ServiceResponseMessage(sender_id=FRAMEWORK@Framework@0, receiver_id=fastran_FPP_000001@fastran_driver@2, request_msg_id=REQUEST|fastran_FPP_000001@fastran_driver@2|FRAMEWORK@Framework@0|36,status=0, args=(<ipsframework.cca_es_spec.Topic object at 0x7f0ad2b75550>,), message_id=RESPONSE|FRAMEWORK@Framework@0|fastran_FPP_000001@fastran_driver@2|75)
2026-07-21 10:48:16,952 fastran_driver_fastran_driver_2 DEBUG    _invoke_service(): sendEvent  ('_IPS_MONITOR', 'PORTAL_EVENT', {'sim_name': 'fastran_FPP_000001', 'real_sim_name': 'fastran_FPP_000001', 'portal_data': {'code': 'fastran_driver_fastran_driver', 'eventtype': 'IPS_CALL_BEGIN', 'ok': True, 'walltime': '5.98', 'time': '2026-07-21|10:48:16PDT', 'state': 'Running', 'comment': 'Target = fastran_FPP_000001@efit@7:init(0)'}})
2026-07-21 10:48:16,952 fastran_driver_fastran_driver_2 DEBUG    _get_service_response(REQUEST|fastran_FPP_000001@fastran_driver@2|FRAMEWORK@Framework@0|37)
2026-07-21 10:48:16,963 fastran_driver_fastran_driver_2 DEBUG    _get_service_response(REQUEST|fastran_FPP_000001@fastran_driver@2|FRAMEWORK@Framework@0|37), response = ServiceResponseMessage(sender_id=FRAMEWORK@Framework@0, receiver_id=fastran_FPP_000001@fastran_driver@2, request_msg_id=REQUEST|fastran_FPP_000001@fastran_driver@2|FRAMEWORK@Framework@0|37,status=0, args=(None,), message_id=RESPONSE|FRAMEWORK@Framework@0|fastran_FPP_000001@fastran_driver@2|76)
2026-07-21 10:48:16,963 fastran_driver_fastran_driver_2 DEBUG    _invoke_service(): init_call  ('init', '0')
2026-07-21 10:48:16,963 fastran_driver_fastran_driver_2 DEBUG    _get_service_response(REQUEST|fastran_FPP_000001@fastran_driver@2|FRAMEWORK@Framework@0|38)
2026-07-21 10:48:16,964 fastran_eq_efit_7 DEBUG    Received Message 
2026-07-21 10:48:16,964 fastran_eq_efit_7 DEBUG    Calling method init(0)
2026-07-21 10:48:16,974 fastran_driver_fastran_driver_2 DEBUG    _get_service_response(REQUEST|fastran_FPP_000001@fastran_driver@2|FRAMEWORK@Framework@0|38), response = ServiceResponseMessage(sender_id=FRAMEWORK@Framework@0, receiver_id=fastran_FPP_000001@fastran_driver@2, request_msg_id=REQUEST|fastran_FPP_000001@fastran_driver@2|FRAMEWORK@Framework@0|38,status=0, args=(15,), message_id=RESPONSE|FRAMEWORK@Framework@0|fastran_FPP_000001@fastran_driver@2|77)
2026-07-21 10:48:16,974 fastran_driver_fastran_driver_2 DEBUG    _invoke_service(): wait_call  (15, True)
2026-07-21 10:48:16,974 fastran_driver_fastran_driver_2 DEBUG    _get_service_response(REQUEST|fastran_FPP_000001@fastran_driver@2|FRAMEWORK@Framework@0|39)
2026-07-21 10:48:16,985 fastran_driver_fastran_driver_2 DEBUG    _get_service_response(REQUEST|fastran_FPP_000001@fastran_driver@2|FRAMEWORK@Framework@0|39), response = ServiceResponseMessage(sender_id=FRAMEWORK@Framework@0, receiver_id=fastran_FPP_000001@fastran_driver@2, request_msg_id=REQUEST|fastran_FPP_000001@fastran_driver@2|FRAMEWORK@Framework@0|39,status=0, args=((None,),), message_id=RESPONSE|FRAMEWORK@Framework@0|fastran_FPP_000001@fastran_driver@2|78)
2026-07-21 10:48:16,985 fastran_driver_fastran_driver_2 DEBUG    _invoke_service(): getTopic  ('_IPS_MONITOR',)
2026-07-21 10:48:16,985 fastran_driver_fastran_driver_2 DEBUG    _get_service_response(REQUEST|fastran_FPP_000001@fastran_driver@2|FRAMEWORK@Framework@0|40)
2026-07-21 10:48:16,995 fastran_driver_fastran_driver_2 DEBUG    _get_service_response(REQUEST|fastran_FPP_000001@fastran_driver@2|FRAMEWORK@Framework@0|40), response = ServiceResponseMessage(sender_id=FRAMEWORK@Framework@0, receiver_id=fastran_FPP_000001@fastran_driver@2, request_msg_id=REQUEST|fastran_FPP_000001@fastran_driver@2|FRAMEWORK@Framework@0|40,status=0, args=(<ipsframework.cca_es_spec.Topic object at 0x7f0ad2b755b0>,), message_id=RESPONSE|FRAMEWORK@Framework@0|fastran_FPP_000001@fastran_driver@2|79)
2026-07-21 10:48:16,995 fastran_driver_fastran_driver_2 DEBUG    _invoke_service(): sendEvent  ('_IPS_MONITOR', 'PORTAL_EVENT', {'sim_name': 'fastran_FPP_000001', 'real_sim_name': 'fastran_FPP_000001', 'portal_data': {'code': 'fastran_driver_fastran_driver', 'eventtype': 'IPS_CALL_END', 'ok': True, 'walltime': '6.02', 'time': '2026-07-21|10:48:16PDT', 'trace': {'timestamp': 1784656096974730, 'duration': 10585, 'localEndpoint': {'serviceName': 'fastran_FPP_000001@efit@7'}, 'name': 'init(0)', 'id': '87f19c9b49f8de42', 'parentId': 'f899e3e5886669ce', 'tags': {}}, 'state': 'Running', 'comment': 'Target = fastran_FPP_000001@efit@7:init(0)'}})
2026-07-21 10:48:16,996 fastran_driver_fastran_driver_2 DEBUG    _get_service_response(REQUEST|fastran_FPP_000001@fastran_driver@2|FRAMEWORK@Framework@0|41)
2026-07-21 10:48:17,006 fastran_driver_fastran_driver_2 DEBUG    _get_service_response(REQUEST|fastran_FPP_000001@fastran_driver@2|FRAMEWORK@Framework@0|41), response = ServiceResponseMessage(sender_id=FRAMEWORK@Framework@0, receiver_id=fastran_FPP_000001@fastran_driver@2, request_msg_id=REQUEST|fastran_FPP_000001@fastran_driver@2|FRAMEWORK@Framework@0|41,status=0, args=(None,), message_id=RESPONSE|FRAMEWORK@Framework@0|fastran_FPP_000001@fastran_driver@2|80)
2026-07-21 10:48:17,006 fastran_driver_fastran_driver_2 DEBUG    _invoke_service(): getTopic  ('_IPS_MONITOR',)
2026-07-21 10:48:17,007 fastran_driver_fastran_driver_2 DEBUG    _get_service_response(REQUEST|fastran_FPP_000001@fastran_driver@2|FRAMEWORK@Framework@0|42)
2026-07-21 10:48:17,017 fastran_driver_fastran_driver_2 DEBUG    _get_service_response(REQUEST|fastran_FPP_000001@fastran_driver@2|FRAMEWORK@Framework@0|42), response = ServiceResponseMessage(sender_id=FRAMEWORK@Framework@0, receiver_id=fastran_FPP_000001@fastran_driver@2, request_msg_id=REQUEST|fastran_FPP_000001@fastran_driver@2|FRAMEWORK@Framework@0|42,status=0, args=(<ipsframework.cca_es_spec.Topic object at 0x7f0ad2b758b0>,), message_id=RESPONSE|FRAMEWORK@Framework@0|fastran_FPP_000001@fastran_driver@2|81)
2026-07-21 10:48:17,017 fastran_driver_fastran_driver_2 DEBUG    _invoke_service(): sendEvent  ('_IPS_MONITOR', 'PORTAL_EVENT', {'sim_name': 'fastran_FPP_000001', 'real_sim_name': 'fastran_FPP_000001', 'portal_data': {'code': 'fastran_driver_fastran_driver', 'eventtype': 'IPS_CALL_BEGIN', 'ok': True, 'walltime': '6.04', 'time': '2026-07-21|10:48:17PDT', 'state': 'Running', 'comment': 'Target = fastran_FPP_000001@fastran@8:init(0)'}})
2026-07-21 10:48:17,017 fastran_driver_fastran_driver_2 DEBUG    _get_service_response(REQUEST|fastran_FPP_000001@fastran_driver@2|FRAMEWORK@Framework@0|43)
2026-07-21 10:48:17,028 fastran_driver_fastran_driver_2 DEBUG    _get_service_response(REQUEST|fastran_FPP_000001@fastran_driver@2|FRAMEWORK@Framework@0|43), response = ServiceResponseMessage(sender_id=FRAMEWORK@Framework@0, receiver_id=fastran_FPP_000001@fastran_driver@2, request_msg_id=REQUEST|fastran_FPP_000001@fastran_driver@2|FRAMEWORK@Framework@0|43,status=0, args=(None,), message_id=RESPONSE|FRAMEWORK@Framework@0|fastran_FPP_000001@fastran_driver@2|82)
2026-07-21 10:48:17,028 fastran_driver_fastran_driver_2 DEBUG    _invoke_service(): init_call  ('init', '0')
2026-07-21 10:48:17,028 fastran_driver_fastran_driver_2 DEBUG    _get_service_response(REQUEST|fastran_FPP_000001@fastran_driver@2|FRAMEWORK@Framework@0|44)
2026-07-21 10:48:17,029 fastran_tr_fastran_8 DEBUG    Received Message 
2026-07-21 10:48:17,029 fastran_tr_fastran_8 DEBUG    Calling method init(0)
2026-07-21 10:48:17,039 fastran_driver_fastran_driver_2 DEBUG    _get_service_response(REQUEST|fastran_FPP_000001@fastran_driver@2|FRAMEWORK@Framework@0|44), response = ServiceResponseMessage(sender_id=FRAMEWORK@Framework@0, receiver_id=fastran_FPP_000001@fastran_driver@2, request_msg_id=REQUEST|fastran_FPP_000001@fastran_driver@2|FRAMEWORK@Framework@0|44,status=0, args=(16,), message_id=RESPONSE|FRAMEWORK@Framework@0|fastran_FPP_000001@fastran_driver@2|83)
2026-07-21 10:48:17,039 fastran_driver_fastran_driver_2 DEBUG    _invoke_service(): wait_call  (16, True)
2026-07-21 10:48:17,039 fastran_driver_fastran_driver_2 DEBUG    _get_service_response(REQUEST|fastran_FPP_000001@fastran_driver@2|FRAMEWORK@Framework@0|45)
2026-07-21 10:48:17,050 fastran_driver_fastran_driver_2 DEBUG    _get_service_response(REQUEST|fastran_FPP_000001@fastran_driver@2|FRAMEWORK@Framework@0|45), response = ServiceResponseMessage(sender_id=FRAMEWORK@Framework@0, receiver_id=fastran_FPP_000001@fastran_driver@2, request_msg_id=REQUEST|fastran_FPP_000001@fastran_driver@2|FRAMEWORK@Framework@0|45,status=0, args=((None,),), message_id=RESPONSE|FRAMEWORK@Framework@0|fastran_FPP_000001@fastran_driver@2|84)
2026-07-21 10:48:17,050 fastran_driver_fastran_driver_2 DEBUG    _invoke_service(): getTopic  ('_IPS_MONITOR',)
2026-07-21 10:48:17,050 fastran_driver_fastran_driver_2 DEBUG    _get_service_response(REQUEST|fastran_FPP_000001@fastran_driver@2|FRAMEWORK@Framework@0|46)
2026-07-21 10:48:17,061 fastran_driver_fastran_driver_2 DEBUG    _get_service_response(REQUEST|fastran_FPP_000001@fastran_driver@2|FRAMEWORK@Framework@0|46), response = ServiceResponseMessage(sender_id=FRAMEWORK@Framework@0, receiver_id=fastran_FPP_000001@fastran_driver@2, request_msg_id=REQUEST|fastran_FPP_000001@fastran_driver@2|FRAMEWORK@Framework@0|46,status=0, args=(<ipsframework.cca_es_spec.Topic object at 0x7f0ad2b755b0>,), message_id=RESPONSE|FRAMEWORK@Framework@0|fastran_FPP_000001@fastran_driver@2|85)
2026-07-21 10:48:17,061 fastran_driver_fastran_driver_2 DEBUG    _invoke_service(): sendEvent  ('_IPS_MONITOR', 'PORTAL_EVENT', {'sim_name': 'fastran_FPP_000001', 'real_sim_name': 'fastran_FPP_000001', 'portal_data': {'code': 'fastran_driver_fastran_driver', 'eventtype': 'IPS_CALL_END', 'ok': True, 'walltime': '6.09', 'time': '2026-07-21|10:48:17PDT', 'trace': {'timestamp': 1784656097039708, 'duration': 10718, 'localEndpoint': {'serviceName': 'fastran_FPP_000001@fastran@8'}, 'name': 'init(0)', 'id': '3832a100988b6d1f', 'parentId': 'f899e3e5886669ce', 'tags': {}}, 'state': 'Running', 'comment': 'Target = fastran_FPP_000001@fastran@8:init(0)'}})
2026-07-21 10:48:17,061 fastran_driver_fastran_driver_2 DEBUG    _get_service_response(REQUEST|fastran_FPP_000001@fastran_driver@2|FRAMEWORK@Framework@0|47)
2026-07-21 10:48:17,071 fastran_driver_fastran_driver_2 DEBUG    _get_service_response(REQUEST|fastran_FPP_000001@fastran_driver@2|FRAMEWORK@Framework@0|47), response = ServiceResponseMessage(sender_id=FRAMEWORK@Framework@0, receiver_id=fastran_FPP_000001@fastran_driver@2, request_msg_id=REQUEST|fastran_FPP_000001@fastran_driver@2|FRAMEWORK@Framework@0|47,status=0, args=(None,), message_id=RESPONSE|FRAMEWORK@Framework@0|fastran_FPP_000001@fastran_driver@2|86)
2026-07-21 10:48:17,071 fastran_driver_fastran_driver_2 DEBUG    _invoke_service(): stage_state  (['s000001.00001', 'g000001.00001', 'i000001.00001'], '/pscratch/sd/h/hswils/github_repos/MANTA_DBSCANS/IC+RAD+TGLF/bcfrom2024/basecase/SCAN/work/plasma_state', '/pscratch/sd/h/hswils/github_repos/MANTA_DBSCANS/IC+RAD+TGLF/bcfrom2024/basecase/SCAN/work/fastran_driver_fastran_driver_2')
2026-07-21 10:48:17,072 fastran_driver_fastran_driver_2 DEBUG    _get_service_response(REQUEST|fastran_FPP_000001@fastran_driver@2|FRAMEWORK@Framework@0|48)
2026-07-21 10:48:17,092 fastran_driver_fastran_driver_2 DEBUG    _get_service_response(REQUEST|fastran_FPP_000001@fastran_driver@2|FRAMEWORK@Framework@0|48), response = ServiceResponseMessage(sender_id=FRAMEWORK@Framework@0, receiver_id=fastran_FPP_000001@fastran_driver@2, request_msg_id=REQUEST|fastran_FPP_000001@fastran_driver@2|FRAMEWORK@Framework@0|48,status=0, args=(0,), message_id=RESPONSE|FRAMEWORK@Framework@0|fastran_FPP_000001@fastran_driver@2|87)
2026-07-21 10:48:17,092 fastran_driver_fastran_driver_2 DEBUG    _invoke_service(): getTopic  ('_IPS_MONITOR',)
2026-07-21 10:48:17,092 fastran_driver_fastran_driver_2 DEBUG    _get_service_response(REQUEST|fastran_FPP_000001@fastran_driver@2|FRAMEWORK@Framework@0|49)
2026-07-21 10:48:17,103 fastran_driver_fastran_driver_2 DEBUG    _get_service_response(REQUEST|fastran_FPP_000001@fastran_driver@2|FRAMEWORK@Framework@0|49), response = ServiceResponseMessage(sender_id=FRAMEWORK@Framework@0, receiver_id=fastran_FPP_000001@fastran_driver@2, request_msg_id=REQUEST|fastran_FPP_000001@fastran_driver@2|FRAMEWORK@Framework@0|49,status=0, args=(<ipsframework.cca_es_spec.Topic object at 0x7f0ad2b75610>,), message_id=RESPONSE|FRAMEWORK@Framework@0|fastran_FPP_000001@fastran_driver@2|88)
2026-07-21 10:48:17,103 fastran_driver_fastran_driver_2 DEBUG    _invoke_service(): sendEvent  ('_IPS_MONITOR', 'PORTAL_EVENT', {'sim_name': 'fastran_FPP_000001', 'real_sim_name': 'fastran_FPP_000001', 'portal_data': {'code': 'fastran_driver_fastran_driver', 'eventtype': 'IPS_STAGE_STATE', 'ok': True, 'walltime': '6.13', 'time': '2026-07-21|10:48:17PDT', 'trace': {'timestamp': 1784656097071830, 'duration': 20885, 'localEndpoint': {'serviceName': 'stage_state'}, 'name': "['s000001.00001', 'g000001.00001', 'i000001.00001']", 'id': '71885aecf25d7412', 'parentId': 'f899e3e5886669ce', 'tags': {}}, 'state': 'Running', 'comment': 'Elapsed time = 0.021  files = s000001.00001 g000001.00001 i000001.00001 Success'}})
2026-07-21 10:48:17,103 fastran_driver_fastran_driver_2 DEBUG    _get_service_response(REQUEST|fastran_FPP_000001@fastran_driver@2|FRAMEWORK@Framework@0|50)
2026-07-21 10:48:17,113 fastran_driver_fastran_driver_2 DEBUG    _get_service_response(REQUEST|fastran_FPP_000001@fastran_driver@2|FRAMEWORK@Framework@0|50), response = ServiceResponseMessage(sender_id=FRAMEWORK@Framework@0, receiver_id=fastran_FPP_000001@fastran_driver@2, request_msg_id=REQUEST|fastran_FPP_000001@fastran_driver@2|FRAMEWORK@Framework@0|50,status=0, args=(None,), message_id=RESPONSE|FRAMEWORK@Framework@0|fastran_FPP_000001@fastran_driver@2|89)
2026-07-21 10:48:17,115 fastran_driver_fastran_driver_2 DEBUG    _invoke_service(): getTopic  ('_IPS_MONITOR',)
2026-07-21 10:48:17,115 fastran_driver_fastran_driver_2 DEBUG    _get_service_response(REQUEST|fastran_FPP_000001@fastran_driver@2|FRAMEWORK@Framework@0|51)
2026-07-21 10:48:17,125 fastran_driver_fastran_driver_2 DEBUG    _get_service_response(REQUEST|fastran_FPP_000001@fastran_driver@2|FRAMEWORK@Framework@0|51), response = ServiceResponseMessage(sender_id=FRAMEWORK@Framework@0, receiver_id=fastran_FPP_000001@fastran_driver@2, request_msg_id=REQUEST|fastran_FPP_000001@fastran_driver@2|FRAMEWORK@Framework@0|51,status=0, args=(<ipsframework.cca_es_spec.Topic object at 0x7f0ad2b75a60>,), message_id=RESPONSE|FRAMEWORK@Framework@0|fastran_FPP_000001@fastran_driver@2|90)
2026-07-21 10:48:17,125 fastran_driver_fastran_driver_2 DEBUG    _invoke_service(): sendEvent  ('_IPS_MONITOR', 'PORTAL_EVENT', {'sim_name': 'fastran_FPP_000001', 'real_sim_name': 'fastran_FPP_000001', 'portal_data': {'code': 'fastran_driver_fastran_driver', 'eventtype': 'IPS_STAGE_OUTPUTS', 'ok': True, 'walltime': '6.15', 'time': '2026-07-21|10:48:17PDT', 'trace': {'timestamp': 1784656097114015, 'duration': 1143, 'localEndpoint': {'serviceName': 'stage_output_files'}, 'name': '[]', 'id': 'ed019efe11be26d9', 'parentId': 'f899e3e5886669ce', 'tags': {}}, 'state': 'Running', 'comment': 'Elapsed time = 0.001 Path = /pscratch/sd/h/hswils/github_repos/MANTA_DBSCANS/IC+RAD+TGLF/bcfrom2024/basecase/SCAN/simulation_results/0/components/fastran_driver_fastran_driver_2 Files = []'}})
2026-07-21 10:48:17,125 fastran_driver_fastran_driver_2 DEBUG    _get_service_response(REQUEST|fastran_FPP_000001@fastran_driver@2|FRAMEWORK@Framework@0|52)
2026-07-21 10:48:17,136 fastran_driver_fastran_driver_2 DEBUG    _get_service_response(REQUEST|fastran_FPP_000001@fastran_driver@2|FRAMEWORK@Framework@0|52), response = ServiceResponseMessage(sender_id=FRAMEWORK@Framework@0, receiver_id=fastran_FPP_000001@fastran_driver@2, request_msg_id=REQUEST|fastran_FPP_000001@fastran_driver@2|FRAMEWORK@Framework@0|52,status=0, args=(None,), message_id=RESPONSE|FRAMEWORK@Framework@0|fastran_FPP_000001@fastran_driver@2|91)
2026-07-21 10:48:17,136 fastran_driver_fastran_driver_2 DEBUG    _invoke_service(): getTopic  ('_IPS_MONITOR',)
2026-07-21 10:48:17,136 fastran_driver_fastran_driver_2 DEBUG    _get_service_response(REQUEST|fastran_FPP_000001@fastran_driver@2|FRAMEWORK@Framework@0|53)
2026-07-21 10:48:17,147 fastran_driver_fastran_driver_2 DEBUG    _get_service_response(REQUEST|fastran_FPP_000001@fastran_driver@2|FRAMEWORK@Framework@0|53), response = ServiceResponseMessage(sender_id=FRAMEWORK@Framework@0, receiver_id=fastran_FPP_000001@fastran_driver@2, request_msg_id=REQUEST|fastran_FPP_000001@fastran_driver@2|FRAMEWORK@Framework@0|53,status=0, args=(<ipsframework.cca_es_spec.Topic object at 0x7f0ad2b75910>,), message_id=RESPONSE|FRAMEWORK@Framework@0|fastran_FPP_000001@fastran_driver@2|92)
2026-07-21 10:48:17,147 fastran_driver_fastran_driver_2 DEBUG    _invoke_service(): sendEvent  ('_IPS_MONITOR', 'PORTALBRIDGE_UPDATE_TIMESTAMP', {'sim_name': 'fastran_FPP_000001', 'real_sim_name': 'fastran_FPP_000001', 'portal_data': {'phystimestamp': 'preprocess_0', 'eventtype': 'PORTALBRIDGE_UPDATE_TIMESTAMP'}})
2026-07-21 10:48:17,147 fastran_driver_fastran_driver_2 DEBUG    _get_service_response(REQUEST|fastran_FPP_000001@fastran_driver@2|FRAMEWORK@Framework@0|54)
2026-07-21 10:48:17,158 fastran_driver_fastran_driver_2 DEBUG    _get_service_response(REQUEST|fastran_FPP_000001@fastran_driver@2|FRAMEWORK@Framework@0|54), response = ServiceResponseMessage(sender_id=FRAMEWORK@Framework@0, receiver_id=fastran_FPP_000001@fastran_driver@2, request_msg_id=REQUEST|fastran_FPP_000001@fastran_driver@2|FRAMEWORK@Framework@0|54,status=0, args=(None,), message_id=RESPONSE|FRAMEWORK@Framework@0|fastran_FPP_000001@fastran_driver@2|93)
2026-07-21 10:48:17,158 fastran_driver_fastran_driver_2 DEBUG    _invoke_service(): getTopic  ('_IPS_MONITOR',)
2026-07-21 10:48:17,158 fastran_driver_fastran_driver_2 DEBUG    _get_service_response(REQUEST|fastran_FPP_000001@fastran_driver@2|FRAMEWORK@Framework@0|55)
2026-07-21 10:48:17,168 fastran_driver_fastran_driver_2 DEBUG    _get_service_response(REQUEST|fastran_FPP_000001@fastran_driver@2|FRAMEWORK@Framework@0|55), response = ServiceResponseMessage(sender_id=FRAMEWORK@Framework@0, receiver_id=fastran_FPP_000001@fastran_driver@2, request_msg_id=REQUEST|fastran_FPP_000001@fastran_driver@2|FRAMEWORK@Framework@0|55,status=0, args=(<ipsframework.cca_es_spec.Topic object at 0x7f0ad2b75a60>,), message_id=RESPONSE|FRAMEWORK@Framework@0|fastran_FPP_000001@fastran_driver@2|94)
2026-07-21 10:48:17,168 fastran_driver_fastran_driver_2 DEBUG    _invoke_service(): sendEvent  ('_IPS_MONITOR', 'PORTAL_EVENT', {'sim_name': 'fastran_FPP_000001', 'real_sim_name': 'fastran_FPP_000001', 'portal_data': {'code': 'fastran_driver_fastran_driver', 'eventtype': 'IPS_UPDATE_TIME_STAMP', 'ok': True, 'walltime': '6.19', 'time': '2026-07-21|10:48:17PDT', 'state': 'Running', 'comment': 'Timestamp = preprocess_0'}})
2026-07-21 10:48:17,169 fastran_driver_fastran_driver_2 DEBUG    _get_service_response(REQUEST|fastran_FPP_000001@fastran_driver@2|FRAMEWORK@Framework@0|56)
2026-07-21 10:48:17,179 fastran_driver_fastran_driver_2 DEBUG    _get_service_response(REQUEST|fastran_FPP_000001@fastran_driver@2|FRAMEWORK@Framework@0|56), response = ServiceResponseMessage(sender_id=FRAMEWORK@Framework@0, receiver_id=fastran_FPP_000001@fastran_driver@2, request_msg_id=REQUEST|fastran_FPP_000001@fastran_driver@2|FRAMEWORK@Framework@0|56,status=0, args=(None,), message_id=RESPONSE|FRAMEWORK@Framework@0|fastran_FPP_000001@fastran_driver@2|95)
2026-07-21 10:48:17,179 fastran_driver_fastran_driver_2 DEBUG    _invoke_service(): getTopic  ('_IPS_MONITOR',)
2026-07-21 10:48:17,179 fastran_driver_fastran_driver_2 DEBUG    _get_service_response(REQUEST|fastran_FPP_000001@fastran_driver@2|FRAMEWORK@Framework@0|57)
2026-07-21 10:48:17,190 fastran_driver_fastran_driver_2 DEBUG    _get_service_response(REQUEST|fastran_FPP_000001@fastran_driver@2|FRAMEWORK@Framework@0|57), response = ServiceResponseMessage(sender_id=FRAMEWORK@Framework@0, receiver_id=fastran_FPP_000001@fastran_driver@2, request_msg_id=REQUEST|fastran_FPP_000001@fastran_driver@2|FRAMEWORK@Framework@0|57,status=0, args=(<ipsframework.cca_es_spec.Topic object at 0x7f0ad2b75610>,), message_id=RESPONSE|FRAMEWORK@Framework@0|fastran_FPP_000001@fastran_driver@2|97)
2026-07-21 10:48:17,190 fastran_driver_fastran_driver_2 DEBUG    _invoke_service(): sendEvent  ('_IPS_MONITOR', 'PORTAL_EVENT', {'sim_name': 'fastran_FPP_000001', 'real_sim_name': 'fastran_FPP_000001', 'portal_data': {'code': 'fastran_driver_fastran_driver', 'eventtype': 'IPS_CALL_BEGIN', 'ok': True, 'walltime': '6.22', 'time': '2026-07-21|10:48:17PDT', 'state': 'Running', 'comment': 'Target = fastran_FPP_000001@efit@3:step(preprocess_0)'}})
2026-07-21 10:48:17,190 fastran_driver_fastran_driver_2 DEBUG    _get_service_response(REQUEST|fastran_FPP_000001@fastran_driver@2|FRAMEWORK@Framework@0|58)
2026-07-21 10:48:17,201 fastran_driver_fastran_driver_2 DEBUG    _get_service_response(REQUEST|fastran_FPP_000001@fastran_driver@2|FRAMEWORK@Framework@0|58), response = ServiceResponseMessage(sender_id=FRAMEWORK@Framework@0, receiver_id=fastran_FPP_000001@fastran_driver@2, request_msg_id=REQUEST|fastran_FPP_000001@fastran_driver@2|FRAMEWORK@Framework@0|58,status=0, args=(None,), message_id=RESPONSE|FRAMEWORK@Framework@0|fastran_FPP_000001@fastran_driver@2|98)
2026-07-21 10:48:17,201 fastran_driver_fastran_driver_2 DEBUG    _invoke_service(): init_call  ('step', 'preprocess_0')
2026-07-21 10:48:17,201 fastran_driver_fastran_driver_2 DEBUG    _get_service_response(REQUEST|fastran_FPP_000001@fastran_driver@2|FRAMEWORK@Framework@0|59)
2026-07-21 10:48:17,201 fastran_eq0_efit_3 DEBUG    Received Message 
2026-07-21 10:48:17,202 fastran_eq0_efit_3 DEBUG    Calling method step(preprocess_0)
2026-07-21 10:48:17,202 fastran_eq0_efit_3 DEBUG    _invoke_service(): stage_state  (['s000001.00001', 'g000001.00001', 'i000001.00001'], '/pscratch/sd/h/hswils/github_repos/MANTA_DBSCANS/IC+RAD+TGLF/bcfrom2024/basecase/SCAN/work/plasma_state', '/pscratch/sd/h/hswils/github_repos/MANTA_DBSCANS/IC+RAD+TGLF/bcfrom2024/basecase/SCAN/work/fastran_eq0_efit_3')
2026-07-21 10:48:17,202 fastran_eq0_efit_3 DEBUG    _get_service_response(REQUEST|fastran_FPP_000001@efit@3|FRAMEWORK@Framework@0|6)
2026-07-21 10:48:17,212 fastran_driver_fastran_driver_2 DEBUG    _get_service_response(REQUEST|fastran_FPP_000001@fastran_driver@2|FRAMEWORK@Framework@0|59), response = ServiceResponseMessage(sender_id=FRAMEWORK@Framework@0, receiver_id=fastran_FPP_000001@fastran_driver@2, request_msg_id=REQUEST|fastran_FPP_000001@fastran_driver@2|FRAMEWORK@Framework@0|59,status=0, args=(17,), message_id=RESPONSE|FRAMEWORK@Framework@0|fastran_FPP_000001@fastran_driver@2|99)
2026-07-21 10:48:17,212 fastran_driver_fastran_driver_2 DEBUG    _invoke_service(): wait_call  (17, True)
2026-07-21 10:48:17,212 fastran_driver_fastran_driver_2 DEBUG    _get_service_response(REQUEST|fastran_FPP_000001@fastran_driver@2|FRAMEWORK@Framework@0|60)
2026-07-21 10:48:17,223 fastran_eq0_efit_3 DEBUG    _get_service_response(REQUEST|fastran_FPP_000001@efit@3|FRAMEWORK@Framework@0|6), response = ServiceResponseMessage(sender_id=FRAMEWORK@Framework@0, receiver_id=fastran_FPP_000001@efit@3, request_msg_id=REQUEST|fastran_FPP_000001@efit@3|FRAMEWORK@Framework@0|6,status=0, args=(0,), message_id=RESPONSE|FRAMEWORK@Framework@0|fastran_FPP_000001@efit@3|100)
2026-07-21 10:48:17,223 fastran_eq0_efit_3 DEBUG    _invoke_service(): getTopic  ('_IPS_MONITOR',)
2026-07-21 10:48:17,223 fastran_eq0_efit_3 DEBUG    _get_service_response(REQUEST|fastran_FPP_000001@efit@3|FRAMEWORK@Framework@0|7)
2026-07-21 10:48:17,233 fastran_eq0_efit_3 DEBUG    _get_service_response(REQUEST|fastran_FPP_000001@efit@3|FRAMEWORK@Framework@0|7), response = ServiceResponseMessage(sender_id=FRAMEWORK@Framework@0, receiver_id=fastran_FPP_000001@efit@3, request_msg_id=REQUEST|fastran_FPP_000001@efit@3|FRAMEWORK@Framework@0|7,status=0, args=(<ipsframework.cca_es_spec.Topic object at 0x7f0ad2b89550>,), message_id=RESPONSE|FRAMEWORK@Framework@0|fastran_FPP_000001@efit@3|101)
2026-07-21 10:48:17,233 fastran_eq0_efit_3 DEBUG    _invoke_service(): sendEvent  ('_IPS_MONITOR', 'PORTAL_EVENT', {'sim_name': 'fastran_FPP_000001', 'real_sim_name': 'fastran_FPP_000001', 'portal_data': {'code': 'fastran_eq0_efit', 'eventtype': 'IPS_STAGE_STATE', 'ok': True, 'walltime': '6.26', 'time': '2026-07-21|10:48:17PDT', 'trace': {'timestamp': 1784656097202171, 'duration': 20963, 'localEndpoint': {'serviceName': 'stage_state'}, 'name': "['s000001.00001', 'g000001.00001', 'i000001.00001']", 'id': '71885aecf25d7412', 'parentId': '6bdb4f9fe7725998', 'tags': {}}, 'state': 'Running', 'comment': 'Elapsed time = 0.021  files = s000001.00001 g000001.00001 i000001.00001 Success'}})
2026-07-21 10:48:17,233 fastran_eq0_efit_3 DEBUG    _get_service_response(REQUEST|fastran_FPP_000001@efit@3|FRAMEWORK@Framework@0|8)
2026-07-21 10:48:17,244 fastran_eq0_efit_3 DEBUG    _get_service_response(REQUEST|fastran_FPP_000001@efit@3|FRAMEWORK@Framework@0|8), response = ServiceResponseMessage(sender_id=FRAMEWORK@Framework@0, receiver_id=fastran_FPP_000001@efit@3, request_msg_id=REQUEST|fastran_FPP_000001@efit@3|FRAMEWORK@Framework@0|8,status=0, args=(None,), message_id=RESPONSE|FRAMEWORK@Framework@0|fastran_FPP_000001@efit@3|102)
2026-07-21 10:48:32,503 fastran_eq0_efit_3 DEBUG    _invoke_service(): update_state  (['s000001.00001', 'g000001.00001', 'i000001.00001'], '/pscratch/sd/h/hswils/github_repos/MANTA_DBSCANS/IC+RAD+TGLF/bcfrom2024/basecase/SCAN/work/fastran_eq0_efit_3', '/pscratch/sd/h/hswils/github_repos/MANTA_DBSCANS/IC+RAD+TGLF/bcfrom2024/basecase/SCAN/work/plasma_state')
2026-07-21 10:48:32,504 fastran_eq0_efit_3 DEBUG    _get_service_response(REQUEST|fastran_FPP_000001@efit@3|FRAMEWORK@Framework@0|9)
2026-07-21 10:48:32,525 fastran_eq0_efit_3 DEBUG    _get_service_response(REQUEST|fastran_FPP_000001@efit@3|FRAMEWORK@Framework@0|9), response = ServiceResponseMessage(sender_id=FRAMEWORK@Framework@0, receiver_id=fastran_FPP_000001@efit@3, request_msg_id=REQUEST|fastran_FPP_000001@efit@3|FRAMEWORK@Framework@0|9,status=0, args=(0,), message_id=RESPONSE|FRAMEWORK@Framework@0|fastran_FPP_000001@efit@3|132)
2026-07-21 10:48:32,525 fastran_eq0_efit_3 DEBUG    _invoke_service(): getTopic  ('_IPS_MONITOR',)
2026-07-21 10:48:32,526 fastran_eq0_efit_3 DEBUG    _get_service_response(REQUEST|fastran_FPP_000001@efit@3|FRAMEWORK@Framework@0|10)
2026-07-21 10:48:32,536 fastran_eq0_efit_3 DEBUG    _get_service_response(REQUEST|fastran_FPP_000001@efit@3|FRAMEWORK@Framework@0|10), response = ServiceResponseMessage(sender_id=FRAMEWORK@Framework@0, receiver_id=fastran_FPP_000001@efit@3, request_msg_id=REQUEST|fastran_FPP_000001@efit@3|FRAMEWORK@Framework@0|10,status=0, args=(<ipsframework.cca_es_spec.Topic object at 0x7f0ad2b898e0>,), message_id=RESPONSE|FRAMEWORK@Framework@0|fastran_FPP_000001@efit@3|134)
2026-07-21 10:48:32,536 fastran_eq0_efit_3 DEBUG    _invoke_service(): sendEvent  ('_IPS_MONITOR', 'PORTAL_EVENT', {'sim_name': 'fastran_FPP_000001', 'real_sim_name': 'fastran_FPP_000001', 'portal_data': {'code': 'fastran_eq0_efit', 'eventtype': 'IPS_UPDATE_STATE', 'ok': True, 'walltime': '21.56', 'time': '2026-07-21|10:48:32PDT', 'trace': {'timestamp': 1784656112502670, 'duration': 22923, 'localEndpoint': {'serviceName': 'update_state'}, 'name': "['s000001.00001', 'g000001.00001', 'i000001.00001']", 'id': '7629e189a66153c0', 'parentId': '6bdb4f9fe7725998', 'tags': {}}, 'state': 'Running', 'comment': 'Elapsed time = 0.023   files = s000001.00001 g000001.00001 i000001.00001 Success'}})
2026-07-21 10:48:32,536 fastran_eq0_efit_3 DEBUG    _get_service_response(REQUEST|fastran_FPP_000001@efit@3|FRAMEWORK@Framework@0|11)
2026-07-21 10:48:32,547 fastran_eq0_efit_3 DEBUG    _get_service_response(REQUEST|fastran_FPP_000001@efit@3|FRAMEWORK@Framework@0|11), response = ServiceResponseMessage(sender_id=FRAMEWORK@Framework@0, receiver_id=fastran_FPP_000001@efit@3, request_msg_id=REQUEST|fastran_FPP_000001@efit@3|FRAMEWORK@Framework@0|11,status=0, args=(None,), message_id=RESPONSE|FRAMEWORK@Framework@0|fastran_FPP_000001@efit@3|135)
2026-07-21 10:48:32,575 fastran_eq0_efit_3 DEBUG    _invoke_service(): getTopic  ('_IPS_MONITOR',)
2026-07-21 10:48:32,575 fastran_eq0_efit_3 DEBUG    _get_service_response(REQUEST|fastran_FPP_000001@efit@3|FRAMEWORK@Framework@0|12)
2026-07-21 10:48:32,585 fastran_eq0_efit_3 DEBUG    _get_service_response(REQUEST|fastran_FPP_000001@efit@3|FRAMEWORK@Framework@0|12), response = ServiceResponseMessage(sender_id=FRAMEWORK@Framework@0, receiver_id=fastran_FPP_000001@efit@3, request_msg_id=REQUEST|fastran_FPP_000001@efit@3|FRAMEWORK@Framework@0|12,status=0, args=(<ipsframework.cca_es_spec.Topic object at 0x7f0ad2b89d30>,), message_id=RESPONSE|FRAMEWORK@Framework@0|fastran_FPP_000001@efit@3|136)
2026-07-21 10:48:32,585 fastran_eq0_efit_3 DEBUG    _invoke_service(): sendEvent  ('_IPS_MONITOR', 'PORTAL_EVENT', {'sim_name': 'fastran_FPP_000001', 'real_sim_name': 'fastran_FPP_000001', 'portal_data': {'code': 'fastran_eq0_efit', 'eventtype': 'IPS_STAGE_OUTPUTS', 'ok': True, 'walltime': '21.61', 'time': '2026-07-21|10:48:32PDT', 'trace': {'timestamp': 1784656112547346, 'duration': 27794, 'localEndpoint': {'serviceName': 'stage_output_files'}, 'name': "['g*.*', 'a*.*', 'm*.*', 'k*.*', 'efit.log', 's*.*']", 'id': '80725d8eee5776f1', 'parentId': '6bdb4f9fe7725998', 'tags': {}}, 'state': 'Running', 'comment': "Elapsed time = 0.028 Path = /pscratch/sd/h/hswils/github_repos/MANTA_DBSCANS/IC+RAD+TGLF/bcfrom2024/basecase/SCAN/simulation_results/preprocess_0/components/fastran_eq0_efit_3 Files = ['g*.*', 'a*.*', 'm*.*', 'k*.*', 'efit.log', 's*.*']"}})
2026-07-21 10:48:32,585 fastran_eq0_efit_3 DEBUG    _get_service_response(REQUEST|fastran_FPP_000001@efit@3|FRAMEWORK@Framework@0|13)
2026-07-21 10:48:32,596 fastran_eq0_efit_3 DEBUG    _get_service_response(REQUEST|fastran_FPP_000001@efit@3|FRAMEWORK@Framework@0|13), response = ServiceResponseMessage(sender_id=FRAMEWORK@Framework@0, receiver_id=fastran_FPP_000001@efit@3, request_msg_id=REQUEST|fastran_FPP_000001@efit@3|FRAMEWORK@Framework@0|13,status=0, args=(None,), message_id=RESPONSE|FRAMEWORK@Framework@0|fastran_FPP_000001@efit@3|137)
2026-07-21 10:48:32,607 fastran_driver_fastran_driver_2 DEBUG    _get_service_response(REQUEST|fastran_FPP_000001@fastran_driver@2|FRAMEWORK@Framework@0|60), response = ServiceResponseMessage(sender_id=FRAMEWORK@Framework@0, receiver_id=fastran_FPP_000001@fastran_driver@2, request_msg_id=REQUEST|fastran_FPP_000001@fastran_driver@2|FRAMEWORK@Framework@0|60,status=0, args=((None,),), message_id=RESPONSE|FRAMEWORK@Framework@0|fastran_FPP_000001@fastran_driver@2|138)
2026-07-21 10:48:32,608 fastran_driver_fastran_driver_2 DEBUG    _invoke_service(): getTopic  ('_IPS_MONITOR',)
2026-07-21 10:48:32,608 fastran_driver_fastran_driver_2 DEBUG    _get_service_response(REQUEST|fastran_FPP_000001@fastran_driver@2|FRAMEWORK@Framework@0|61)
2026-07-21 10:48:32,618 fastran_driver_fastran_driver_2 DEBUG    _get_service_response(REQUEST|fastran_FPP_000001@fastran_driver@2|FRAMEWORK@Framework@0|61), response = ServiceResponseMessage(sender_id=FRAMEWORK@Framework@0, receiver_id=fastran_FPP_000001@fastran_driver@2, request_msg_id=REQUEST|fastran_FPP_000001@fastran_driver@2|FRAMEWORK@Framework@0|61,status=0, args=(<ipsframework.cca_es_spec.Topic object at 0x7f0ad2b75970>,), message_id=RESPONSE|FRAMEWORK@Framework@0|fastran_FPP_000001@fastran_driver@2|139)
2026-07-21 10:48:32,618 fastran_driver_fastran_driver_2 DEBUG    _invoke_service(): sendEvent  ('_IPS_MONITOR', 'PORTAL_EVENT', {'sim_name': 'fastran_FPP_000001', 'real_sim_name': 'fastran_FPP_000001', 'portal_data': {'code': 'fastran_driver_fastran_driver', 'eventtype': 'IPS_CALL_END', 'ok': True, 'walltime': '21.64', 'time': '2026-07-21|10:48:32PDT', 'trace': {'timestamp': 1784656097212077, 'duration': 15395921, 'localEndpoint': {'serviceName': 'fastran_FPP_000001@efit@3'}, 'name': 'step(preprocess_0)', 'id': '6bdb4f9fe7725998', 'parentId': 'f899e3e5886669ce', 'tags': {}}, 'state': 'Running', 'comment': 'Target = fastran_FPP_000001@efit@3:step(preprocess_0)'}})
2026-07-21 10:48:32,618 fastran_driver_fastran_driver_2 DEBUG    _get_service_response(REQUEST|fastran_FPP_000001@fastran_driver@2|FRAMEWORK@Framework@0|62)
2026-07-21 10:48:32,629 fastran_driver_fastran_driver_2 DEBUG    _get_service_response(REQUEST|fastran_FPP_000001@fastran_driver@2|FRAMEWORK@Framework@0|62), response = ServiceResponseMessage(sender_id=FRAMEWORK@Framework@0, receiver_id=fastran_FPP_000001@fastran_driver@2, request_msg_id=REQUEST|fastran_FPP_000001@fastran_driver@2|FRAMEWORK@Framework@0|62,status=0, args=(None,), message_id=RESPONSE|FRAMEWORK@Framework@0|fastran_FPP_000001@fastran_driver@2|140)
2026-07-21 10:48:32,629 fastran_driver_fastran_driver_2 DEBUG    _invoke_service(): getTopic  ('_IPS_MONITOR',)
2026-07-21 10:48:32,629 fastran_driver_fastran_driver_2 DEBUG    _get_service_response(REQUEST|fastran_FPP_000001@fastran_driver@2|FRAMEWORK@Framework@0|63)
2026-07-21 10:48:32,640 fastran_driver_fastran_driver_2 DEBUG    _get_service_response(REQUEST|fastran_FPP_000001@fastran_driver@2|FRAMEWORK@Framework@0|63), response = ServiceResponseMessage(sender_id=FRAMEWORK@Framework@0, receiver_id=fastran_FPP_000001@fastran_driver@2, request_msg_id=REQUEST|fastran_FPP_000001@fastran_driver@2|FRAMEWORK@Framework@0|63,status=0, args=(<ipsframework.cca_es_spec.Topic object at 0x7f0ad2b75bb0>,), message_id=RESPONSE|FRAMEWORK@Framework@0|fastran_FPP_000001@fastran_driver@2|141)
2026-07-21 10:48:32,640 fastran_driver_fastran_driver_2 DEBUG    _invoke_service(): sendEvent  ('_IPS_MONITOR', 'PORTAL_EVENT', {'sim_name': 'fastran_FPP_000001', 'real_sim_name': 'fastran_FPP_000001', 'portal_data': {'code': 'fastran_driver_fastran_driver', 'eventtype': 'IPS_CALL_BEGIN', 'ok': True, 'walltime': '21.67', 'time': '2026-07-21|10:48:32PDT', 'state': 'Running', 'comment': 'Target = fastran_FPP_000001@fastran@4:step(preprocess_0)'}})
2026-07-21 10:48:32,640 fastran_driver_fastran_driver_2 DEBUG    _get_service_response(REQUEST|fastran_FPP_000001@fastran_driver@2|FRAMEWORK@Framework@0|64)
2026-07-21 10:48:32,651 fastran_driver_fastran_driver_2 DEBUG    _get_service_response(REQUEST|fastran_FPP_000001@fastran_driver@2|FRAMEWORK@Framework@0|64), response = ServiceResponseMessage(sender_id=FRAMEWORK@Framework@0, receiver_id=fastran_FPP_000001@fastran_driver@2, request_msg_id=REQUEST|fastran_FPP_000001@fastran_driver@2|FRAMEWORK@Framework@0|64,status=0, args=(None,), message_id=RESPONSE|FRAMEWORK@Framework@0|fastran_FPP_000001@fastran_driver@2|142)
2026-07-21 10:48:32,651 fastran_driver_fastran_driver_2 DEBUG    _invoke_service(): init_call  ('step', 'preprocess_0')
2026-07-21 10:48:32,651 fastran_driver_fastran_driver_2 DEBUG    _get_service_response(REQUEST|fastran_FPP_000001@fastran_driver@2|FRAMEWORK@Framework@0|65)
2026-07-21 10:48:32,652 fastran_tr0_fastran_4 DEBUG    Received Message 
2026-07-21 10:48:32,652 fastran_tr0_fastran_4 DEBUG    Calling method step(preprocess_0)
2026-07-21 10:48:32,652 fastran_tr0_fastran_4 DEBUG    _invoke_service(): stage_state  (['s000001.00001', 'g000001.00001', 'i000001.00001'], '/pscratch/sd/h/hswils/github_repos/MANTA_DBSCANS/IC+RAD+TGLF/bcfrom2024/basecase/SCAN/work/plasma_state', '/pscratch/sd/h/hswils/github_repos/MANTA_DBSCANS/IC+RAD+TGLF/bcfrom2024/basecase/SCAN/work/fastran_tr0_fastran_4')
2026-07-21 10:48:32,652 fastran_tr0_fastran_4 DEBUG    _get_service_response(REQUEST|fastran_FPP_000001@fastran@4|FRAMEWORK@Framework@0|0)
2026-07-21 10:48:32,662 fastran_driver_fastran_driver_2 DEBUG    _get_service_response(REQUEST|fastran_FPP_000001@fastran_driver@2|FRAMEWORK@Framework@0|65), response = ServiceResponseMessage(sender_id=FRAMEWORK@Framework@0, receiver_id=fastran_FPP_000001@fastran_driver@2, request_msg_id=REQUEST|fastran_FPP_000001@fastran_driver@2|FRAMEWORK@Framework@0|65,status=0, args=(18,), message_id=RESPONSE|FRAMEWORK@Framework@0|fastran_FPP_000001@fastran_driver@2|143)
2026-07-21 10:48:32,662 fastran_driver_fastran_driver_2 DEBUG    _invoke_service(): wait_call  (18, True)
2026-07-21 10:48:32,662 fastran_driver_fastran_driver_2 DEBUG    _get_service_response(REQUEST|fastran_FPP_000001@fastran_driver@2|FRAMEWORK@Framework@0|66)
2026-07-21 10:48:32,673 fastran_tr0_fastran_4 DEBUG    _get_service_response(REQUEST|fastran_FPP_000001@fastran@4|FRAMEWORK@Framework@0|0), response = ServiceResponseMessage(sender_id=FRAMEWORK@Framework@0, receiver_id=fastran_FPP_000001@fastran@4, request_msg_id=REQUEST|fastran_FPP_000001@fastran@4|FRAMEWORK@Framework@0|0,status=0, args=(0,), message_id=RESPONSE|FRAMEWORK@Framework@0|fastran_FPP_000001@fastran@4|144)
2026-07-21 10:48:32,673 fastran_tr0_fastran_4 DEBUG    _invoke_service(): getTopic  ('_IPS_MONITOR',)
2026-07-21 10:48:32,673 fastran_tr0_fastran_4 DEBUG    _get_service_response(REQUEST|fastran_FPP_000001@fastran@4|FRAMEWORK@Framework@0|1)
2026-07-21 10:48:32,684 fastran_tr0_fastran_4 DEBUG    _get_service_response(REQUEST|fastran_FPP_000001@fastran@4|FRAMEWORK@Framework@0|1), response = ServiceResponseMessage(sender_id=FRAMEWORK@Framework@0, receiver_id=fastran_FPP_000001@fastran@4, request_msg_id=REQUEST|fastran_FPP_000001@fastran@4|FRAMEWORK@Framework@0|1,status=0, args=(<ipsframework.cca_es_spec.Topic object at 0x7f0ad2b10760>,), message_id=RESPONSE|FRAMEWORK@Framework@0|fastran_FPP_000001@fastran@4|145)
2026-07-21 10:48:32,684 fastran_tr0_fastran_4 DEBUG    _invoke_service(): sendEvent  ('_IPS_MONITOR', 'PORTAL_EVENT', {'sim_name': 'fastran_FPP_000001', 'real_sim_name': 'fastran_FPP_000001', 'portal_data': {'code': 'fastran_tr0_fastran', 'eventtype': 'IPS_STAGE_STATE', 'ok': True, 'walltime': '21.71', 'time': '2026-07-21|10:48:32PDT', 'trace': {'timestamp': 1784656112652359, 'duration': 21021, 'localEndpoint': {'serviceName': 'stage_state'}, 'name': "['s000001.00001', 'g000001.00001', 'i000001.00001']", 'id': '71885aecf25d7412', 'parentId': 'dc94d487f5ccfee0', 'tags': {}}, 'state': 'Running', 'comment': 'Elapsed time = 0.021  files = s000001.00001 g000001.00001 i000001.00001 Success'}})
2026-07-21 10:48:32,684 fastran_tr0_fastran_4 DEBUG    _get_service_response(REQUEST|fastran_FPP_000001@fastran@4|FRAMEWORK@Framework@0|2)
2026-07-21 10:48:32,695 fastran_tr0_fastran_4 DEBUG    _get_service_response(REQUEST|fastran_FPP_000001@fastran@4|FRAMEWORK@Framework@0|2), response = ServiceResponseMessage(sender_id=FRAMEWORK@Framework@0, receiver_id=fastran_FPP_000001@fastran@4, request_msg_id=REQUEST|fastran_FPP_000001@fastran@4|FRAMEWORK@Framework@0|2,status=0, args=(None,), message_id=RESPONSE|FRAMEWORK@Framework@0|fastran_FPP_000001@fastran@4|146)
2026-07-21 10:48:32,704 fastran_tr0_fastran_4 DEBUG    _invoke_service(): getTopic  ('_IPS_MONITOR',)
2026-07-21 10:48:32,704 fastran_tr0_fastran_4 DEBUG    _get_service_response(REQUEST|fastran_FPP_000001@fastran@4|FRAMEWORK@Framework@0|3)
2026-07-21 10:48:32,715 fastran_tr0_fastran_4 DEBUG    _get_service_response(REQUEST|fastran_FPP_000001@fastran@4|FRAMEWORK@Framework@0|3), response = ServiceResponseMessage(sender_id=FRAMEWORK@Framework@0, receiver_id=fastran_FPP_000001@fastran@4, request_msg_id=REQUEST|fastran_FPP_000001@fastran@4|FRAMEWORK@Framework@0|3,status=0, args=(<ipsframework.cca_es_spec.Topic object at 0x7f0ad2b107f0>,), message_id=RESPONSE|FRAMEWORK@Framework@0|fastran_FPP_000001@fastran@4|147)
2026-07-21 10:48:32,715 fastran_tr0_fastran_4 DEBUG    _invoke_service(): sendEvent  ('_IPS_MONITOR', 'PORTAL_EVENT', {'sim_name': 'fastran_FPP_000001', 'real_sim_name': 'fastran_FPP_000001', 'portal_data': {'code': 'fastran_tr0_fastran', 'eventtype': 'IPS_STAGE_INPUTS', 'ok': True, 'walltime': '21.74', 'time': '2026-07-21|10:48:32PDT', 'trace': {'timestamp': 1784656112695501, 'duration': 9355, 'localEndpoint': {'serviceName': 'stage_input_files'}, 'name': 'infastran0 intglf', 'id': 'dca1af508bf5af99', 'parentId': 'dc94d487f5ccfee0', 'tags': {}}, 'state': 'Running', 'comment': 'Elapsed time = 0.009 Path = /pscratch/sd/h/hswils/github_repos/MANTA_DBSCANS/IC+RAD+TGLF/bcfrom2024/basecase/input Files = infastran0 intglf'}})
2026-07-21 10:48:32,715 fastran_tr0_fastran_4 DEBUG    _get_service_response(REQUEST|fastran_FPP_000001@fastran@4|FRAMEWORK@Framework@0|4)
2026-07-21 10:48:32,726 fastran_tr0_fastran_4 DEBUG    _get_service_response(REQUEST|fastran_FPP_000001@fastran@4|FRAMEWORK@Framework@0|4), response = ServiceResponseMessage(sender_id=FRAMEWORK@Framework@0, receiver_id=fastran_FPP_000001@fastran@4, request_msg_id=REQUEST|fastran_FPP_000001@fastran@4|FRAMEWORK@Framework@0|4,status=0, args=(None,), message_id=RESPONSE|FRAMEWORK@Framework@0|fastran_FPP_000001@fastran@4|148)
2026-07-21 10:48:32,949 fastran_tr0_fastran_4 DEBUG    _invoke_service(): init_task  (TaskInit(nproc=1, binary='/global/common/software/atom/perlmutter/binaries/fastran/default/xfastran_ver1.07', working_dir='/pscratch/sd/h/hswils/github_repos/MANTA_DBSCANS/IC+RAD+TGLF/bcfrom2024/basecase/SCAN/work/fastran_tr0_fastran_4', tppn=0, tcpp=0, tgpp=0, block=True, omp=False, wnodes=True, wsocks=True, cmd_args=('1', '1')),)
2026-07-21 10:48:32,949 fastran_tr0_fastran_4 DEBUG    _get_service_response(REQUEST|fastran_FPP_000001@fastran@4|FRAMEWORK@Framework@0|5)
2026-07-21 10:48:32,961 fastran_tr0_fastran_4 DEBUG    _get_service_response(REQUEST|fastran_FPP_000001@fastran@4|FRAMEWORK@Framework@0|5), response = ServiceResponseMessage(sender_id=FRAMEWORK@Framework@0, receiver_id=fastran_FPP_000001@fastran@4, request_msg_id=REQUEST|fastran_FPP_000001@fastran@4|FRAMEWORK@Framework@0|5,status=0, args=((1, 'srun -N 1 -n 1 -c 128 --threads-per-core=1 --cpu-bind=cores /global/common/software/atom/perlmutter/binaries/fastran/default/xfastran_ver1.07 1 1', None, 128),), message_id=RESPONSE|FRAMEWORK@Framework@0|fastran_FPP_000001@fastran@4|149)
2026-07-21 10:48:32,962 fastran_tr0_fastran_4 DEBUG    Launching command : srun -N 1 -n 1 -c 128 --threads-per-core=1 --cpu-bind=cores /global/common/software/atom/perlmutter/binaries/fastran/default/xfastran_ver1.07 1 1
2026-07-21 10:48:32,987 fastran_tr0_fastran_4 DEBUG    _invoke_service(): getTopic  ('_IPS_MONITOR',)
2026-07-21 10:48:32,987 fastran_tr0_fastran_4 DEBUG    _get_service_response(REQUEST|fastran_FPP_000001@fastran@4|FRAMEWORK@Framework@0|6)
2026-07-21 10:48:32,998 fastran_tr0_fastran_4 DEBUG    _get_service_response(REQUEST|fastran_FPP_000001@fastran@4|FRAMEWORK@Framework@0|6), response = ServiceResponseMessage(sender_id=FRAMEWORK@Framework@0, receiver_id=fastran_FPP_000001@fastran@4, request_msg_id=REQUEST|fastran_FPP_000001@fastran@4|FRAMEWORK@Framework@0|6,status=0, args=(<ipsframework.cca_es_spec.Topic object at 0x7f0ad2b10790>,), message_id=RESPONSE|FRAMEWORK@Framework@0|fastran_FPP_000001@fastran@4|150)
2026-07-21 10:48:32,998 fastran_tr0_fastran_4 DEBUG    _invoke_service(): sendEvent  ('_IPS_MONITOR', 'PORTAL_EVENT', {'sim_name': 'fastran_FPP_000001', 'real_sim_name': 'fastran_FPP_000001', 'portal_data': {'code': 'fastran_tr0_fastran', 'eventtype': 'IPS_LAUNCH_TASK', 'ok': True, 'walltime': '22.02', 'time': '2026-07-21|10:48:32PDT', 'state': 'Running', 'comment': 'task_id = 1 , Tag = None , nproc = 1 , Target = srun -N 1 -n 1 -c 128 --threads-per-core=1 --cpu-bind=cores /global/common/software/atom/perlmutter/binaries/fastran/default/xfastran_ver1.07 1 1'}})
2026-07-21 10:48:32,998 fastran_tr0_fastran_4 DEBUG    _get_service_response(REQUEST|fastran_FPP_000001@fastran@4|FRAMEWORK@Framework@0|7)
2026-07-21 10:48:33,009 fastran_tr0_fastran_4 DEBUG    _get_service_response(REQUEST|fastran_FPP_000001@fastran@4|FRAMEWORK@Framework@0|7), response = ServiceResponseMessage(sender_id=FRAMEWORK@Framework@0, receiver_id=fastran_FPP_000001@fastran@4, request_msg_id=REQUEST|fastran_FPP_000001@fastran@4|FRAMEWORK@Framework@0|7,status=0, args=(None,), message_id=RESPONSE|FRAMEWORK@Framework@0|fastran_FPP_000001@fastran@4|151)
2026-07-21 10:48:34,090 fastran_tr0_fastran_4 DEBUG    _invoke_service(): getTopic  ('_IPS_MONITOR',)
2026-07-21 10:48:34,090 fastran_tr0_fastran_4 DEBUG    _get_service_response(REQUEST|fastran_FPP_000001@fastran@4|FRAMEWORK@Framework@0|8)
2026-07-21 10:48:34,101 fastran_tr0_fastran_4 DEBUG    _get_service_response(REQUEST|fastran_FPP_000001@fastran@4|FRAMEWORK@Framework@0|8), response = ServiceResponseMessage(sender_id=FRAMEWORK@Framework@0, receiver_id=fastran_FPP_000001@fastran@4, request_msg_id=REQUEST|fastran_FPP_000001@fastran@4|FRAMEWORK@Framework@0|8,status=0, args=(<ipsframework.cca_es_spec.Topic object at 0x7f0ad2b10970>,), message_id=RESPONSE|FRAMEWORK@Framework@0|fastran_FPP_000001@fastran@4|155)
2026-07-21 10:48:34,101 fastran_tr0_fastran_4 DEBUG    _invoke_service(): sendEvent  ('_IPS_MONITOR', 'PORTAL_EVENT', {'sim_name': 'fastran_FPP_000001', 'real_sim_name': 'fastran_FPP_000001', 'portal_data': {'code': 'fastran_tr0_fastran', 'eventtype': 'IPS_TASK_END', 'ok': True, 'walltime': '23.13', 'time': '2026-07-21|10:48:34PDT', 'trace': {'timestamp': 1784656112987234, 'duration': 1103042, 'localEndpoint': {'serviceName': '/global/common/software/atom/perlmutter/binaries/fastran/default/xfastran_ver1.07'}, 'name': '1 1', 'id': '9f56dce9f2ad0f49', 'parentId': 'dc94d487f5ccfee0', 'tags': {'procs_requested': '1', 'cores_allocated': '128'}}, 'state': 'Running', 'comment': 'task_id = 1  elapsed time = 1.10 S'}})
2026-07-21 10:48:34,101 fastran_tr0_fastran_4 DEBUG    _get_service_response(REQUEST|fastran_FPP_000001@fastran@4|FRAMEWORK@Framework@0|9)
2026-07-21 10:48:34,111 fastran_tr0_fastran_4 DEBUG    _get_service_response(REQUEST|fastran_FPP_000001@fastran@4|FRAMEWORK@Framework@0|9), response = ServiceResponseMessage(sender_id=FRAMEWORK@Framework@0, receiver_id=fastran_FPP_000001@fastran@4, request_msg_id=REQUEST|fastran_FPP_000001@fastran@4|FRAMEWORK@Framework@0|9,status=0, args=(None,), message_id=RESPONSE|FRAMEWORK@Framework@0|fastran_FPP_000001@fastran@4|156)
2026-07-21 10:48:34,112 fastran_tr0_fastran_4 DEBUG    _invoke_service(): finish_task  (1, 0)
2026-07-21 10:48:34,112 fastran_tr0_fastran_4 DEBUG    _get_service_response(REQUEST|fastran_FPP_000001@fastran@4|FRAMEWORK@Framework@0|10)
2026-07-21 10:48:34,122 fastran_tr0_fastran_4 DEBUG    _get_service_response(REQUEST|fastran_FPP_000001@fastran@4|FRAMEWORK@Framework@0|10), response = ServiceResponseMessage(sender_id=FRAMEWORK@Framework@0, receiver_id=fastran_FPP_000001@fastran@4, request_msg_id=REQUEST|fastran_FPP_000001@fastran@4|FRAMEWORK@Framework@0|10,status=0, args=(0,), message_id=RESPONSE|FRAMEWORK@Framework@0|fastran_FPP_000001@fastran@4|157)
2026-07-21 10:48:34,384 fastran_tr0_fastran_4 DEBUG    _invoke_service(): update_state  (['s000001.00001', 'g000001.00001', 'i000001.00001'], '/pscratch/sd/h/hswils/github_repos/MANTA_DBSCANS/IC+RAD+TGLF/bcfrom2024/basecase/SCAN/work/fastran_tr0_fastran_4', '/pscratch/sd/h/hswils/github_repos/MANTA_DBSCANS/IC+RAD+TGLF/bcfrom2024/basecase/SCAN/work/plasma_state')
2026-07-21 10:48:34,384 fastran_tr0_fastran_4 DEBUG    _get_service_response(REQUEST|fastran_FPP_000001@fastran@4|FRAMEWORK@Framework@0|11)
2026-07-21 10:48:34,405 fastran_tr0_fastran_4 DEBUG    _get_service_response(REQUEST|fastran_FPP_000001@fastran@4|FRAMEWORK@Framework@0|11), response = ServiceResponseMessage(sender_id=FRAMEWORK@Framework@0, receiver_id=fastran_FPP_000001@fastran@4, request_msg_id=REQUEST|fastran_FPP_000001@fastran@4|FRAMEWORK@Framework@0|11,status=0, args=(0,), message_id=RESPONSE|FRAMEWORK@Framework@0|fastran_FPP_000001@fastran@4|158)
2026-07-21 10:48:34,405 fastran_tr0_fastran_4 DEBUG    _invoke_service(): getTopic  ('_IPS_MONITOR',)
2026-07-21 10:48:34,405 fastran_tr0_fastran_4 DEBUG    _get_service_response(REQUEST|fastran_FPP_000001@fastran@4|FRAMEWORK@Framework@0|12)
2026-07-21 10:48:34,416 fastran_tr0_fastran_4 DEBUG    _get_service_response(REQUEST|fastran_FPP_000001@fastran@4|FRAMEWORK@Framework@0|12), response = ServiceResponseMessage(sender_id=FRAMEWORK@Framework@0, receiver_id=fastran_FPP_000001@fastran@4, request_msg_id=REQUEST|fastran_FPP_000001@fastran@4|FRAMEWORK@Framework@0|12,status=0, args=(<ipsframework.cca_es_spec.Topic object at 0x7f0ad2b10fa0>,), message_id=RESPONSE|FRAMEWORK@Framework@0|fastran_FPP_000001@fastran@4|159)
2026-07-21 10:48:34,416 fastran_tr0_fastran_4 DEBUG    _invoke_service(): sendEvent  ('_IPS_MONITOR', 'PORTAL_EVENT', {'sim_name': 'fastran_FPP_000001', 'real_sim_name': 'fastran_FPP_000001', 'portal_data': {'code': 'fastran_tr0_fastran', 'eventtype': 'IPS_UPDATE_STATE', 'ok': True, 'walltime': '23.44', 'time': '2026-07-21|10:48:34PDT', 'trace': {'timestamp': 1784656114384720, 'duration': 20735, 'localEndpoint': {'serviceName': 'update_state'}, 'name': "['s000001.00001', 'g000001.00001', 'i000001.00001']", 'id': '7629e189a66153c0', 'parentId': 'dc94d487f5ccfee0', 'tags': {}}, 'state': 'Running', 'comment': 'Elapsed time = 0.021   files = s000001.00001 g000001.00001 i000001.00001 Success'}})
2026-07-21 10:48:34,416 fastran_tr0_fastran_4 DEBUG    _get_service_response(REQUEST|fastran_FPP_000001@fastran@4|FRAMEWORK@Framework@0|13)
2026-07-21 10:48:34,426 fastran_tr0_fastran_4 DEBUG    _get_service_response(REQUEST|fastran_FPP_000001@fastran@4|FRAMEWORK@Framework@0|13), response = ServiceResponseMessage(sender_id=FRAMEWORK@Framework@0, receiver_id=fastran_FPP_000001@fastran@4, request_msg_id=REQUEST|fastran_FPP_000001@fastran@4|FRAMEWORK@Framework@0|13,status=0, args=(None,), message_id=RESPONSE|FRAMEWORK@Framework@0|fastran_FPP_000001@fastran@4|160)
2026-07-21 10:48:34,445 fastran_tr0_fastran_4 DEBUG    _invoke_service(): getTopic  ('_IPS_MONITOR',)
2026-07-21 10:48:34,445 fastran_tr0_fastran_4 DEBUG    _get_service_response(REQUEST|fastran_FPP_000001@fastran@4|FRAMEWORK@Framework@0|14)
2026-07-21 10:48:34,455 fastran_tr0_fastran_4 DEBUG    _get_service_response(REQUEST|fastran_FPP_000001@fastran@4|FRAMEWORK@Framework@0|14), response = ServiceResponseMessage(sender_id=FRAMEWORK@Framework@0, receiver_id=fastran_FPP_000001@fastran@4, request_msg_id=REQUEST|fastran_FPP_000001@fastran@4|FRAMEWORK@Framework@0|14,status=0, args=(<ipsframework.cca_es_spec.Topic object at 0x7f0ad2b10f40>,), message_id=RESPONSE|FRAMEWORK@Framework@0|fastran_FPP_000001@fastran@4|161)
2026-07-21 10:48:34,455 fastran_tr0_fastran_4 DEBUG    _invoke_service(): sendEvent  ('_IPS_MONITOR', 'PORTAL_EVENT', {'sim_name': 'fastran_FPP_000001', 'real_sim_name': 'fastran_FPP_000001', 'portal_data': {'code': 'fastran_tr0_fastran', 'eventtype': 'IPS_STAGE_OUTPUTS', 'ok': True, 'walltime': '23.48', 'time': '2026-07-21|10:48:34PDT', 'trace': {'timestamp': 1784656114426859, 'duration': 18238, 'localEndpoint': {'serviceName': 'stage_output_files'}, 'name': "['fastran.nc', 'inprof', 'inmetric', 'infastran', 'intglf', 'xfastran.log', 'i000001.00001']", 'id': '7349cfaaafc33980', 'parentId': 'dc94d487f5ccfee0', 'tags': {}}, 'state': 'Running', 'comment': "Elapsed time = 0.018 Path = /pscratch/sd/h/hswils/github_repos/MANTA_DBSCANS/IC+RAD+TGLF/bcfrom2024/basecase/SCAN/simulation_results/preprocess_0/components/fastran_tr0_fastran_4 Files = ['fastran.nc', 'inprof', 'inmetric', 'infastran', 'intglf', 'xfastran.log', 'i000001.00001']"}})
2026-07-21 10:48:34,455 fastran_tr0_fastran_4 DEBUG    _get_service_response(REQUEST|fastran_FPP_000001@fastran@4|FRAMEWORK@Framework@0|15)
2026-07-21 10:48:34,466 fastran_tr0_fastran_4 DEBUG    _get_service_response(REQUEST|fastran_FPP_000001@fastran@4|FRAMEWORK@Framework@0|15), response = ServiceResponseMessage(sender_id=FRAMEWORK@Framework@0, receiver_id=fastran_FPP_000001@fastran@4, request_msg_id=REQUEST|fastran_FPP_000001@fastran@4|FRAMEWORK@Framework@0|15,status=0, args=(None,), message_id=RESPONSE|FRAMEWORK@Framework@0|fastran_FPP_000001@fastran@4|162)
2026-07-21 10:48:34,476 fastran_driver_fastran_driver_2 DEBUG    _get_service_response(REQUEST|fastran_FPP_000001@fastran_driver@2|FRAMEWORK@Framework@0|66), response = ServiceResponseMessage(sender_id=FRAMEWORK@Framework@0, receiver_id=fastran_FPP_000001@fastran_driver@2, request_msg_id=REQUEST|fastran_FPP_000001@fastran_driver@2|FRAMEWORK@Framework@0|66,status=0, args=((None,),), message_id=RESPONSE|FRAMEWORK@Framework@0|fastran_FPP_000001@fastran_driver@2|163)
2026-07-21 10:48:34,477 fastran_driver_fastran_driver_2 DEBUG    _invoke_service(): getTopic  ('_IPS_MONITOR',)
2026-07-21 10:48:34,477 fastran_driver_fastran_driver_2 DEBUG    _get_service_response(REQUEST|fastran_FPP_000001@fastran_driver@2|FRAMEWORK@Framework@0|67)
2026-07-21 10:48:34,487 fastran_driver_fastran_driver_2 DEBUG    _get_service_response(REQUEST|fastran_FPP_000001@fastran_driver@2|FRAMEWORK@Framework@0|67), response = ServiceResponseMessage(sender_id=FRAMEWORK@Framework@0, receiver_id=fastran_FPP_000001@fastran_driver@2, request_msg_id=REQUEST|fastran_FPP_000001@fastran_driver@2|FRAMEWORK@Framework@0|67,status=0, args=(<ipsframework.cca_es_spec.Topic object at 0x7f0ad2b75b20>,), message_id=RESPONSE|FRAMEWORK@Framework@0|fastran_FPP_000001@fastran_driver@2|164)
2026-07-21 10:48:34,487 fastran_driver_fastran_driver_2 DEBUG    _invoke_service(): sendEvent  ('_IPS_MONITOR', 'PORTAL_EVENT', {'sim_name': 'fastran_FPP_000001', 'real_sim_name': 'fastran_FPP_000001', 'portal_data': {'code': 'fastran_driver_fastran_driver', 'eventtype': 'IPS_CALL_END', 'ok': True, 'walltime': '23.51', 'time': '2026-07-21|10:48:34PDT', 'trace': {'timestamp': 1784656112662116, 'duration': 1814914, 'localEndpoint': {'serviceName': 'fastran_FPP_000001@fastran@4'}, 'name': 'step(preprocess_0)', 'id': 'dc94d487f5ccfee0', 'parentId': 'f899e3e5886669ce', 'tags': {}}, 'state': 'Running', 'comment': 'Target = fastran_FPP_000001@fastran@4:step(preprocess_0)'}})
2026-07-21 10:48:34,487 fastran_driver_fastran_driver_2 DEBUG    _get_service_response(REQUEST|fastran_FPP_000001@fastran_driver@2|FRAMEWORK@Framework@0|68)
2026-07-21 10:48:34,498 fastran_driver_fastran_driver_2 DEBUG    _get_service_response(REQUEST|fastran_FPP_000001@fastran_driver@2|FRAMEWORK@Framework@0|68), response = ServiceResponseMessage(sender_id=FRAMEWORK@Framework@0, receiver_id=fastran_FPP_000001@fastran_driver@2, request_msg_id=REQUEST|fastran_FPP_000001@fastran_driver@2|FRAMEWORK@Framework@0|68,status=0, args=(None,), message_id=RESPONSE|FRAMEWORK@Framework@0|fastran_FPP_000001@fastran_driver@2|165)
2026-07-21 10:48:34,499 fastran_driver_fastran_driver_2 DEBUG    _invoke_service(): getTopic  ('_IPS_MONITOR',)
2026-07-21 10:48:34,499 fastran_driver_fastran_driver_2 DEBUG    _get_service_response(REQUEST|fastran_FPP_000001@fastran_driver@2|FRAMEWORK@Framework@0|69)
2026-07-21 10:48:34,510 fastran_driver_fastran_driver_2 DEBUG    _get_service_response(REQUEST|fastran_FPP_000001@fastran_driver@2|FRAMEWORK@Framework@0|69), response = ServiceResponseMessage(sender_id=FRAMEWORK@Framework@0, receiver_id=fastran_FPP_000001@fastran_driver@2, request_msg_id=REQUEST|fastran_FPP_000001@fastran_driver@2|FRAMEWORK@Framework@0|69,status=0, args=(<ipsframework.cca_es_spec.Topic object at 0x7f0ad2b75610>,), message_id=RESPONSE|FRAMEWORK@Framework@0|fastran_FPP_000001@fastran_driver@2|166)
2026-07-21 10:48:34,510 fastran_driver_fastran_driver_2 DEBUG    _invoke_service(): sendEvent  ('_IPS_MONITOR', 'PORTALBRIDGE_UPDATE_TIMESTAMP', {'sim_name': 'fastran_FPP_000001', 'real_sim_name': 'fastran_FPP_000001', 'portal_data': {'phystimestamp': 0, 'eventtype': 'PORTALBRIDGE_UPDATE_TIMESTAMP'}})
2026-07-21 10:48:34,510 fastran_driver_fastran_driver_2 DEBUG    _get_service_response(REQUEST|fastran_FPP_000001@fastran_driver@2|FRAMEWORK@Framework@0|70)
2026-07-21 10:48:34,521 fastran_driver_fastran_driver_2 DEBUG    _get_service_response(REQUEST|fastran_FPP_000001@fastran_driver@2|FRAMEWORK@Framework@0|70), response = ServiceResponseMessage(sender_id=FRAMEWORK@Framework@0, receiver_id=fastran_FPP_000001@fastran_driver@2, request_msg_id=REQUEST|fastran_FPP_000001@fastran_driver@2|FRAMEWORK@Framework@0|70,status=0, args=(None,), message_id=RESPONSE|FRAMEWORK@Framework@0|fastran_FPP_000001@fastran_driver@2|167)
2026-07-21 10:48:34,521 fastran_driver_fastran_driver_2 DEBUG    _invoke_service(): getTopic  ('_IPS_MONITOR',)
2026-07-21 10:48:34,521 fastran_driver_fastran_driver_2 DEBUG    _get_service_response(REQUEST|fastran_FPP_000001@fastran_driver@2|FRAMEWORK@Framework@0|71)
2026-07-21 10:48:34,531 fastran_driver_fastran_driver_2 DEBUG    _get_service_response(REQUEST|fastran_FPP_000001@fastran_driver@2|FRAMEWORK@Framework@0|71), response = ServiceResponseMessage(sender_id=FRAMEWORK@Framework@0, receiver_id=fastran_FPP_000001@fastran_driver@2, request_msg_id=REQUEST|fastran_FPP_000001@fastran_driver@2|FRAMEWORK@Framework@0|71,status=0, args=(<ipsframework.cca_es_spec.Topic object at 0x7f0ad2b75b20>,), message_id=RESPONSE|FRAMEWORK@Framework@0|fastran_FPP_000001@fastran_driver@2|168)
2026-07-21 10:48:34,531 fastran_driver_fastran_driver_2 DEBUG    _invoke_service(): sendEvent  ('_IPS_MONITOR', 'PORTAL_EVENT', {'sim_name': 'fastran_FPP_000001', 'real_sim_name': 'fastran_FPP_000001', 'portal_data': {'code': 'fastran_driver_fastran_driver', 'eventtype': 'IPS_UPDATE_TIME_STAMP', 'ok': True, 'walltime': '23.56', 'time': '2026-07-21|10:48:34PDT', 'state': 'Running', 'comment': 'Timestamp = 0'}})
2026-07-21 10:48:34,531 fastran_driver_fastran_driver_2 DEBUG    _get_service_response(REQUEST|fastran_FPP_000001@fastran_driver@2|FRAMEWORK@Framework@0|72)
2026-07-21 10:48:34,542 fastran_driver_fastran_driver_2 DEBUG    _get_service_response(REQUEST|fastran_FPP_000001@fastran_driver@2|FRAMEWORK@Framework@0|72), response = ServiceResponseMessage(sender_id=FRAMEWORK@Framework@0, receiver_id=fastran_FPP_000001@fastran_driver@2, request_msg_id=REQUEST|fastran_FPP_000001@fastran_driver@2|FRAMEWORK@Framework@0|72,status=0, args=(None,), message_id=RESPONSE|FRAMEWORK@Framework@0|fastran_FPP_000001@fastran_driver@2|169)
2026-07-21 10:48:34,543 fastran_driver_fastran_driver_2 DEBUG    _invoke_service(): getTopic  ('_IPS_MONITOR',)
2026-07-21 10:48:34,543 fastran_driver_fastran_driver_2 DEBUG    _get_service_response(REQUEST|fastran_FPP_000001@fastran_driver@2|FRAMEWORK@Framework@0|73)
2026-07-21 10:48:34,553 fastran_driver_fastran_driver_2 DEBUG    _get_service_response(REQUEST|fastran_FPP_000001@fastran_driver@2|FRAMEWORK@Framework@0|73), response = ServiceResponseMessage(sender_id=FRAMEWORK@Framework@0, receiver_id=fastran_FPP_000001@fastran_driver@2, request_msg_id=REQUEST|fastran_FPP_000001@fastran_driver@2|FRAMEWORK@Framework@0|73,status=0, args=(<ipsframework.cca_es_spec.Topic object at 0x7f0ad2b75af0>,), message_id=RESPONSE|FRAMEWORK@Framework@0|fastran_FPP_000001@fastran_driver@2|170)
2026-07-21 10:48:34,554 fastran_driver_fastran_driver_2 DEBUG    _invoke_service(): sendEvent  ('_IPS_MONITOR', 'PORTAL_EVENT', {'sim_name': 'fastran_FPP_000001', 'real_sim_name': 'fastran_FPP_000001', 'portal_data': {'code': 'fastran_driver_fastran_driver', 'eventtype': 'IPS_CALL_BEGIN', 'ok': True, 'walltime': '23.58', 'time': '2026-07-21|10:48:34PDT', 'state': 'Running', 'comment': 'Target = fastran_FPP_000001@impurity_radiation@5:step(0)'}})
2026-07-21 10:48:34,554 fastran_driver_fastran_driver_2 DEBUG    _get_service_response(REQUEST|fastran_FPP_000001@fastran_driver@2|FRAMEWORK@Framework@0|74)
2026-07-21 10:48:34,564 fastran_driver_fastran_driver_2 DEBUG    _get_service_response(REQUEST|fastran_FPP_000001@fastran_driver@2|FRAMEWORK@Framework@0|74), response = ServiceResponseMessage(sender_id=FRAMEWORK@Framework@0, receiver_id=fastran_FPP_000001@fastran_driver@2, request_msg_id=REQUEST|fastran_FPP_000001@fastran_driver@2|FRAMEWORK@Framework@0|74,status=0, args=(None,), message_id=RESPONSE|FRAMEWORK@Framework@0|fastran_FPP_000001@fastran_driver@2|171)
2026-07-21 10:48:34,564 fastran_driver_fastran_driver_2 DEBUG    _invoke_service(): init_call  ('step', 0)
2026-07-21 10:48:34,565 fastran_driver_fastran_driver_2 DEBUG    _get_service_response(REQUEST|fastran_FPP_000001@fastran_driver@2|FRAMEWORK@Framework@0|75)
2026-07-21 10:48:34,565 fastran__impurity_radiation_5 DEBUG    Received Message 
2026-07-21 10:48:34,565 fastran__impurity_radiation_5 DEBUG    Calling method step(0)
2026-07-21 10:48:34,565 fastran__impurity_radiation_5 DEBUG    _invoke_service(): stage_state  (['s000001.00001', 'g000001.00001', 'i000001.00001'], '/pscratch/sd/h/hswils/github_repos/MANTA_DBSCANS/IC+RAD+TGLF/bcfrom2024/basecase/SCAN/work/plasma_state', '/pscratch/sd/h/hswils/github_repos/MANTA_DBSCANS/IC+RAD+TGLF/bcfrom2024/basecase/SCAN/work/fastran__impurity_radiation_5')
2026-07-21 10:48:34,566 fastran__impurity_radiation_5 DEBUG    _get_service_response(REQUEST|fastran_FPP_000001@impurity_radiation@5|FRAMEWORK@Framework@0|3)
2026-07-21 10:48:34,575 fastran_driver_fastran_driver_2 DEBUG    _get_service_response(REQUEST|fastran_FPP_000001@fastran_driver@2|FRAMEWORK@Framework@0|75), response = ServiceResponseMessage(sender_id=FRAMEWORK@Framework@0, receiver_id=fastran_FPP_000001@fastran_driver@2, request_msg_id=REQUEST|fastran_FPP_000001@fastran_driver@2|FRAMEWORK@Framework@0|75,status=0, args=(19,), message_id=RESPONSE|FRAMEWORK@Framework@0|fastran_FPP_000001@fastran_driver@2|173)
2026-07-21 10:48:34,575 fastran_driver_fastran_driver_2 DEBUG    _invoke_service(): wait_call  (19, True)
2026-07-21 10:48:34,575 fastran_driver_fastran_driver_2 DEBUG    _get_service_response(REQUEST|fastran_FPP_000001@fastran_driver@2|FRAMEWORK@Framework@0|76)
2026-07-21 10:48:34,587 fastran__impurity_radiation_5 DEBUG    _get_service_response(REQUEST|fastran_FPP_000001@impurity_radiation@5|FRAMEWORK@Framework@0|3), response = ServiceResponseMessage(sender_id=FRAMEWORK@Framework@0, receiver_id=fastran_FPP_000001@impurity_radiation@5, request_msg_id=REQUEST|fastran_FPP_000001@impurity_radiation@5|FRAMEWORK@Framework@0|3,status=0, args=(0,), message_id=RESPONSE|FRAMEWORK@Framework@0|fastran_FPP_000001@impurity_radiation@5|174)
2026-07-21 10:48:34,587 fastran__impurity_radiation_5 DEBUG    _invoke_service(): getTopic  ('_IPS_MONITOR',)
2026-07-21 10:48:34,587 fastran__impurity_radiation_5 DEBUG    _get_service_response(REQUEST|fastran_FPP_000001@impurity_radiation@5|FRAMEWORK@Framework@0|4)
2026-07-21 10:48:34,597 fastran__impurity_radiation_5 DEBUG    _get_service_response(REQUEST|fastran_FPP_000001@impurity_radiation@5|FRAMEWORK@Framework@0|4), response = ServiceResponseMessage(sender_id=FRAMEWORK@Framework@0, receiver_id=fastran_FPP_000001@impurity_radiation@5, request_msg_id=REQUEST|fastran_FPP_000001@impurity_radiation@5|FRAMEWORK@Framework@0|4,status=0, args=(<ipsframework.cca_es_spec.Topic object at 0x7f0ad2b1ebb0>,), message_id=RESPONSE|FRAMEWORK@Framework@0|fastran_FPP_000001@impurity_radiation@5|175)
2026-07-21 10:48:34,597 fastran__impurity_radiation_5 DEBUG    _invoke_service(): sendEvent  ('_IPS_MONITOR', 'PORTAL_EVENT', {'sim_name': 'fastran_FPP_000001', 'real_sim_name': 'fastran_FPP_000001', 'portal_data': {'code': 'fastran__impurity_radiation', 'eventtype': 'IPS_STAGE_STATE', 'ok': True, 'walltime': '23.62', 'time': '2026-07-21|10:48:34PDT', 'trace': {'timestamp': 1784656114565833, 'duration': 21299, 'localEndpoint': {'serviceName': 'stage_state'}, 'name': "['s000001.00001', 'g000001.00001', 'i000001.00001']", 'id': '71885aecf25d7412', 'parentId': '6a4482facc9b4129', 'tags': {}}, 'state': 'Running', 'comment': 'Elapsed time = 0.021  files = s000001.00001 g000001.00001 i000001.00001 Success'}})
2026-07-21 10:48:34,597 fastran__impurity_radiation_5 DEBUG    _get_service_response(REQUEST|fastran_FPP_000001@impurity_radiation@5|FRAMEWORK@Framework@0|5)
2026-07-21 10:48:34,608 fastran__impurity_radiation_5 DEBUG    _get_service_response(REQUEST|fastran_FPP_000001@impurity_radiation@5|FRAMEWORK@Framework@0|5), response = ServiceResponseMessage(sender_id=FRAMEWORK@Framework@0, receiver_id=fastran_FPP_000001@impurity_radiation@5, request_msg_id=REQUEST|fastran_FPP_000001@impurity_radiation@5|FRAMEWORK@Framework@0|5,status=0, args=(None,), message_id=RESPONSE|FRAMEWORK@Framework@0|fastran_FPP_000001@impurity_radiation@5|176)
2026-07-21 10:48:34,608 fastran__impurity_radiation_5 DEBUG    _invoke_service(): getTopic  ('_IPS_MONITOR',)
2026-07-21 10:48:34,608 fastran__impurity_radiation_5 DEBUG    _get_service_response(REQUEST|fastran_FPP_000001@impurity_radiation@5|FRAMEWORK@Framework@0|6)
2026-07-21 10:48:34,619 fastran__impurity_radiation_5 DEBUG    _get_service_response(REQUEST|fastran_FPP_000001@impurity_radiation@5|FRAMEWORK@Framework@0|6), response = ServiceResponseMessage(sender_id=FRAMEWORK@Framework@0, receiver_id=fastran_FPP_000001@impurity_radiation@5, request_msg_id=REQUEST|fastran_FPP_000001@impurity_radiation@5|FRAMEWORK@Framework@0|6,status=0, args=(<ipsframework.cca_es_spec.Topic object at 0x7f0ad2b1ee20>,), message_id=RESPONSE|FRAMEWORK@Framework@0|fastran_FPP_000001@impurity_radiation@5|177)
2026-07-21 10:48:34,619 fastran__impurity_radiation_5 DEBUG    _invoke_service(): sendEvent  ('_IPS_MONITOR', 'PORTAL_EVENT', {'sim_name': 'fastran_FPP_000001', 'real_sim_name': 'fastran_FPP_000001', 'portal_data': {'code': 'fastran__impurity_radiation', 'eventtype': 'IPS_STAGE_INPUTS', 'ok': True, 'walltime': '23.65', 'time': '2026-07-21|10:48:34PDT', 'trace': {'timestamp': 1784656114608540, 'duration': 99, 'localEndpoint': {'serviceName': 'stage_input_files'}, 'name': '', 'id': 'e70cb59b389672bf', 'parentId': '6a4482facc9b4129', 'tags': {}}, 'state': 'Running', 'comment': 'Elapsed time = 0.000 Path = /pscratch/sd/h/hswils/github_repos/MANTA_DBSCANS/IC+RAD+TGLF/bcfrom2024/basecase/input Files = '}})
2026-07-21 10:48:34,619 fastran__impurity_radiation_5 DEBUG    _get_service_response(REQUEST|fastran_FPP_000001@impurity_radiation@5|FRAMEWORK@Framework@0|7)
2026-07-21 10:48:34,630 fastran__impurity_radiation_5 DEBUG    _get_service_response(REQUEST|fastran_FPP_000001@impurity_radiation@5|FRAMEWORK@Framework@0|7), response = ServiceResponseMessage(sender_id=FRAMEWORK@Framework@0, receiver_id=fastran_FPP_000001@impurity_radiation@5, request_msg_id=REQUEST|fastran_FPP_000001@impurity_radiation@5|FRAMEWORK@Framework@0|7,status=0, args=(None,), message_id=RESPONSE|FRAMEWORK@Framework@0|fastran_FPP_000001@impurity_radiation@5|178)
2026-07-21 10:48:34,858 fastran__impurity_radiation_5 DEBUG    _invoke_service(): update_state  (['s000001.00001', 'g000001.00001', 'i000001.00001'], '/pscratch/sd/h/hswils/github_repos/MANTA_DBSCANS/IC+RAD+TGLF/bcfrom2024/basecase/SCAN/work/fastran__impurity_radiation_5', '/pscratch/sd/h/hswils/github_repos/MANTA_DBSCANS/IC+RAD+TGLF/bcfrom2024/basecase/SCAN/work/plasma_state')
2026-07-21 10:48:34,858 fastran__impurity_radiation_5 DEBUG    _get_service_response(REQUEST|fastran_FPP_000001@impurity_radiation@5|FRAMEWORK@Framework@0|8)
2026-07-21 10:48:34,878 fastran__impurity_radiation_5 DEBUG    _get_service_response(REQUEST|fastran_FPP_000001@impurity_radiation@5|FRAMEWORK@Framework@0|8), response = ServiceResponseMessage(sender_id=FRAMEWORK@Framework@0, receiver_id=fastran_FPP_000001@impurity_radiation@5, request_msg_id=REQUEST|fastran_FPP_000001@impurity_radiation@5|FRAMEWORK@Framework@0|8,status=0, args=(0,), message_id=RESPONSE|FRAMEWORK@Framework@0|fastran_FPP_000001@impurity_radiation@5|179)
2026-07-21 10:48:34,879 fastran__impurity_radiation_5 DEBUG    _invoke_service(): getTopic  ('_IPS_MONITOR',)
2026-07-21 10:48:34,879 fastran__impurity_radiation_5 DEBUG    _get_service_response(REQUEST|fastran_FPP_000001@impurity_radiation@5|FRAMEWORK@Framework@0|9)
2026-07-21 10:48:34,889 fastran__impurity_radiation_5 DEBUG    _get_service_response(REQUEST|fastran_FPP_000001@impurity_radiation@5|FRAMEWORK@Framework@0|9), response = ServiceResponseMessage(sender_id=FRAMEWORK@Framework@0, receiver_id=fastran_FPP_000001@impurity_radiation@5, request_msg_id=REQUEST|fastran_FPP_000001@impurity_radiation@5|FRAMEWORK@Framework@0|9,status=0, args=(<ipsframework.cca_es_spec.Topic object at 0x7f0ad2b1ef70>,), message_id=RESPONSE|FRAMEWORK@Framework@0|fastran_FPP_000001@impurity_radiation@5|180)
2026-07-21 10:48:34,889 fastran__impurity_radiation_5 DEBUG    _invoke_service(): sendEvent  ('_IPS_MONITOR', 'PORTAL_EVENT', {'sim_name': 'fastran_FPP_000001', 'real_sim_name': 'fastran_FPP_000001', 'portal_data': {'code': 'fastran__impurity_radiation', 'eventtype': 'IPS_UPDATE_STATE', 'ok': True, 'walltime': '23.92', 'time': '2026-07-21|10:48:34PDT', 'trace': {'timestamp': 1784656114858330, 'duration': 20637, 'localEndpoint': {'serviceName': 'update_state'}, 'name': "['s000001.00001', 'g000001.00001', 'i000001.00001']", 'id': '7629e189a66153c0', 'parentId': '6a4482facc9b4129', 'tags': {}}, 'state': 'Running', 'comment': 'Elapsed time = 0.021   files = s000001.00001 g000001.00001 i000001.00001 Success'}})
2026-07-21 10:48:34,889 fastran__impurity_radiation_5 DEBUG    _get_service_response(REQUEST|fastran_FPP_000001@impurity_radiation@5|FRAMEWORK@Framework@0|10)
2026-07-21 10:48:34,900 fastran__impurity_radiation_5 DEBUG    _get_service_response(REQUEST|fastran_FPP_000001@impurity_radiation@5|FRAMEWORK@Framework@0|10), response = ServiceResponseMessage(sender_id=FRAMEWORK@Framework@0, receiver_id=fastran_FPP_000001@impurity_radiation@5, request_msg_id=REQUEST|fastran_FPP_000001@impurity_radiation@5|FRAMEWORK@Framework@0|10,status=0, args=(None,), message_id=RESPONSE|FRAMEWORK@Framework@0|fastran_FPP_000001@impurity_radiation@5|181)
2026-07-21 10:48:34,901 fastran__impurity_radiation_5 DEBUG    _invoke_service(): getTopic  ('_IPS_MONITOR',)
2026-07-21 10:48:34,901 fastran__impurity_radiation_5 DEBUG    _get_service_response(REQUEST|fastran_FPP_000001@impurity_radiation@5|FRAMEWORK@Framework@0|11)
2026-07-21 10:48:34,911 fastran__impurity_radiation_5 DEBUG    _get_service_response(REQUEST|fastran_FPP_000001@impurity_radiation@5|FRAMEWORK@Framework@0|11), response = ServiceResponseMessage(sender_id=FRAMEWORK@Framework@0, receiver_id=fastran_FPP_000001@impurity_radiation@5, request_msg_id=REQUEST|fastran_FPP_000001@impurity_radiation@5|FRAMEWORK@Framework@0|11,status=0, args=(<ipsframework.cca_es_spec.Topic object at 0x7f0ad2b1edf0>,), message_id=RESPONSE|FRAMEWORK@Framework@0|fastran_FPP_000001@impurity_radiation@5|182)
2026-07-21 10:48:34,911 fastran__impurity_radiation_5 DEBUG    _invoke_service(): sendEvent  ('_IPS_MONITOR', 'PORTAL_EVENT', {'sim_name': 'fastran_FPP_000001', 'real_sim_name': 'fastran_FPP_000001', 'portal_data': {'code': 'fastran__impurity_radiation', 'eventtype': 'IPS_STAGE_OUTPUTS', 'ok': True, 'walltime': '23.94', 'time': '2026-07-21|10:48:34PDT', 'trace': {'timestamp': 1784656114900480, 'duration': 684, 'localEndpoint': {'serviceName': 'stage_output_files'}, 'name': '[]', 'id': 'ed019efe11be26d9', 'parentId': '6a4482facc9b4129', 'tags': {}}, 'state': 'Running', 'comment': 'Elapsed time = 0.001 Path = /pscratch/sd/h/hswils/github_repos/MANTA_DBSCANS/IC+RAD+TGLF/bcfrom2024/basecase/SCAN/simulation_results/0/components/fastran__impurity_radiation_5 Files = []'}})
2026-07-21 10:48:34,911 fastran__impurity_radiation_5 DEBUG    _get_service_response(REQUEST|fastran_FPP_000001@impurity_radiation@5|FRAMEWORK@Framework@0|12)
2026-07-21 10:48:34,922 fastran__impurity_radiation_5 DEBUG    _get_service_response(REQUEST|fastran_FPP_000001@impurity_radiation@5|FRAMEWORK@Framework@0|12), response = ServiceResponseMessage(sender_id=FRAMEWORK@Framework@0, receiver_id=fastran_FPP_000001@impurity_radiation@5, request_msg_id=REQUEST|fastran_FPP_000001@impurity_radiation@5|FRAMEWORK@Framework@0|12,status=0, args=(None,), message_id=RESPONSE|FRAMEWORK@Framework@0|fastran_FPP_000001@impurity_radiation@5|183)
2026-07-21 10:48:34,933 fastran_driver_fastran_driver_2 DEBUG    _get_service_response(REQUEST|fastran_FPP_000001@fastran_driver@2|FRAMEWORK@Framework@0|76), response = ServiceResponseMessage(sender_id=FRAMEWORK@Framework@0, receiver_id=fastran_FPP_000001@fastran_driver@2, request_msg_id=REQUEST|fastran_FPP_000001@fastran_driver@2|FRAMEWORK@Framework@0|76,status=0, args=((None,),), message_id=RESPONSE|FRAMEWORK@Framework@0|fastran_FPP_000001@fastran_driver@2|184)
2026-07-21 10:48:34,933 fastran_driver_fastran_driver_2 DEBUG    _invoke_service(): getTopic  ('_IPS_MONITOR',)
2026-07-21 10:48:34,933 fastran_driver_fastran_driver_2 DEBUG    _get_service_response(REQUEST|fastran_FPP_000001@fastran_driver@2|FRAMEWORK@Framework@0|77)
2026-07-21 10:48:34,944 fastran_driver_fastran_driver_2 DEBUG    _get_service_response(REQUEST|fastran_FPP_000001@fastran_driver@2|FRAMEWORK@Framework@0|77), response = ServiceResponseMessage(sender_id=FRAMEWORK@Framework@0, receiver_id=fastran_FPP_000001@fastran_driver@2, request_msg_id=REQUEST|fastran_FPP_000001@fastran_driver@2|FRAMEWORK@Framework@0|77,status=0, args=(<ipsframework.cca_es_spec.Topic object at 0x7f0ad2b75910>,), message_id=RESPONSE|FRAMEWORK@Framework@0|fastran_FPP_000001@fastran_driver@2|185)
2026-07-21 10:48:34,944 fastran_driver_fastran_driver_2 DEBUG    _invoke_service(): sendEvent  ('_IPS_MONITOR', 'PORTAL_EVENT', {'sim_name': 'fastran_FPP_000001', 'real_sim_name': 'fastran_FPP_000001', 'portal_data': {'code': 'fastran_driver_fastran_driver', 'eventtype': 'IPS_CALL_END', 'ok': True, 'walltime': '23.97', 'time': '2026-07-21|10:48:34PDT', 'trace': {'timestamp': 1784656114575744, 'duration': 357588, 'localEndpoint': {'serviceName': 'fastran_FPP_000001@impurity_radiation@5'}, 'name': 'step(0)', 'id': '6a4482facc9b4129', 'parentId': 'f899e3e5886669ce', 'tags': {}}, 'state': 'Running', 'comment': 'Target = fastran_FPP_000001@impurity_radiation@5:step(0)'}})
2026-07-21 10:48:34,944 fastran_driver_fastran_driver_2 DEBUG    _get_service_response(REQUEST|fastran_FPP_000001@fastran_driver@2|FRAMEWORK@Framework@0|78)
2026-07-21 10:48:34,955 fastran_driver_fastran_driver_2 DEBUG    _get_service_response(REQUEST|fastran_FPP_000001@fastran_driver@2|FRAMEWORK@Framework@0|78), response = ServiceResponseMessage(sender_id=FRAMEWORK@Framework@0, receiver_id=fastran_FPP_000001@fastran_driver@2, request_msg_id=REQUEST|fastran_FPP_000001@fastran_driver@2|FRAMEWORK@Framework@0|78,status=0, args=(None,), message_id=RESPONSE|FRAMEWORK@Framework@0|fastran_FPP_000001@fastran_driver@2|186)
2026-07-21 10:48:34,955 fastran_driver_fastran_driver_2 DEBUG    _invoke_service(): getTopic  ('_IPS_MONITOR',)
2026-07-21 10:48:34,955 fastran_driver_fastran_driver_2 DEBUG    _get_service_response(REQUEST|fastran_FPP_000001@fastran_driver@2|FRAMEWORK@Framework@0|79)
2026-07-21 10:48:34,966 fastran_driver_fastran_driver_2 DEBUG    _get_service_response(REQUEST|fastran_FPP_000001@fastran_driver@2|FRAMEWORK@Framework@0|79), response = ServiceResponseMessage(sender_id=FRAMEWORK@Framework@0, receiver_id=fastran_FPP_000001@fastran_driver@2, request_msg_id=REQUEST|fastran_FPP_000001@fastran_driver@2|FRAMEWORK@Framework@0|79,status=0, args=(<ipsframework.cca_es_spec.Topic object at 0x7f0ad2b75b50>,), message_id=RESPONSE|FRAMEWORK@Framework@0|fastran_FPP_000001@fastran_driver@2|187)
2026-07-21 10:48:34,966 fastran_driver_fastran_driver_2 DEBUG    _invoke_service(): sendEvent  ('_IPS_MONITOR', 'PORTAL_EVENT', {'sim_name': 'fastran_FPP_000001', 'real_sim_name': 'fastran_FPP_000001', 'portal_data': {'code': 'fastran_driver_fastran_driver', 'eventtype': 'IPS_CALL_BEGIN', 'ok': True, 'walltime': '23.99', 'time': '2026-07-21|10:48:34PDT', 'state': 'Running', 'comment': 'Target = fastran_FPP_000001@toric@6:step(0)'}})
2026-07-21 10:48:34,966 fastran_driver_fastran_driver_2 DEBUG    _get_service_response(REQUEST|fastran_FPP_000001@fastran_driver@2|FRAMEWORK@Framework@0|80)
2026-07-21 10:48:34,977 fastran_driver_fastran_driver_2 DEBUG    _get_service_response(REQUEST|fastran_FPP_000001@fastran_driver@2|FRAMEWORK@Framework@0|80), response = ServiceResponseMessage(sender_id=FRAMEWORK@Framework@0, receiver_id=fastran_FPP_000001@fastran_driver@2, request_msg_id=REQUEST|fastran_FPP_000001@fastran_driver@2|FRAMEWORK@Framework@0|80,status=0, args=(None,), message_id=RESPONSE|FRAMEWORK@Framework@0|fastran_FPP_000001@fastran_driver@2|188)
2026-07-21 10:48:34,977 fastran_driver_fastran_driver_2 DEBUG    _invoke_service(): init_call  ('step', 0)
2026-07-21 10:48:34,977 fastran_driver_fastran_driver_2 DEBUG    _get_service_response(REQUEST|fastran_FPP_000001@fastran_driver@2|FRAMEWORK@Framework@0|81)
2026-07-21 10:48:34,978 rf_ic_toric_6   DEBUG    Received Message 
2026-07-21 10:48:34,978 rf_ic_toric_6   DEBUG    Calling method step(0)
2026-07-21 10:48:34,978 rf_ic_toric_6   DEBUG    _invoke_service(): stage_state  (['s000001.00001', 'g000001.00001'], '/pscratch/sd/h/hswils/github_repos/MANTA_DBSCANS/IC+RAD+TGLF/bcfrom2024/basecase/SCAN/work/plasma_state', '/pscratch/sd/h/hswils/github_repos/MANTA_DBSCANS/IC+RAD+TGLF/bcfrom2024/basecase/SCAN/work/rf_ic_toric_6')
2026-07-21 10:48:34,979 rf_ic_toric_6   DEBUG    _get_service_response(REQUEST|fastran_FPP_000001@toric@6|FRAMEWORK@Framework@0|10)
2026-07-21 10:48:34,988 fastran_driver_fastran_driver_2 DEBUG    _get_service_response(REQUEST|fastran_FPP_000001@fastran_driver@2|FRAMEWORK@Framework@0|81), response = ServiceResponseMessage(sender_id=FRAMEWORK@Framework@0, receiver_id=fastran_FPP_000001@fastran_driver@2, request_msg_id=REQUEST|fastran_FPP_000001@fastran_driver@2|FRAMEWORK@Framework@0|81,status=0, args=(20,), message_id=RESPONSE|FRAMEWORK@Framework@0|fastran_FPP_000001@fastran_driver@2|189)
2026-07-21 10:48:34,988 fastran_driver_fastran_driver_2 DEBUG    _invoke_service(): wait_call  (20, True)
2026-07-21 10:48:34,988 fastran_driver_fastran_driver_2 DEBUG    _get_service_response(REQUEST|fastran_FPP_000001@fastran_driver@2|FRAMEWORK@Framework@0|82)
2026-07-21 10:48:34,997 rf_ic_toric_6   DEBUG    _get_service_response(REQUEST|fastran_FPP_000001@toric@6|FRAMEWORK@Framework@0|10), response = ServiceResponseMessage(sender_id=FRAMEWORK@Framework@0, receiver_id=fastran_FPP_000001@toric@6, request_msg_id=REQUEST|fastran_FPP_000001@toric@6|FRAMEWORK@Framework@0|10,status=0, args=(0,), message_id=RESPONSE|FRAMEWORK@Framework@0|fastran_FPP_000001@toric@6|190)
2026-07-21 10:48:34,997 rf_ic_toric_6   DEBUG    _invoke_service(): getTopic  ('_IPS_MONITOR',)
2026-07-21 10:48:34,997 rf_ic_toric_6   DEBUG    _get_service_response(REQUEST|fastran_FPP_000001@toric@6|FRAMEWORK@Framework@0|11)
2026-07-21 10:48:35,008 rf_ic_toric_6   DEBUG    _get_service_response(REQUEST|fastran_FPP_000001@toric@6|FRAMEWORK@Framework@0|11), response = ServiceResponseMessage(sender_id=FRAMEWORK@Framework@0, receiver_id=fastran_FPP_000001@toric@6, request_msg_id=REQUEST|fastran_FPP_000001@toric@6|FRAMEWORK@Framework@0|11,status=0, args=(<ipsframework.cca_es_spec.Topic object at 0x7f0ad2b27550>,), message_id=RESPONSE|FRAMEWORK@Framework@0|fastran_FPP_000001@toric@6|191)
2026-07-21 10:48:35,008 rf_ic_toric_6   DEBUG    _invoke_service(): sendEvent  ('_IPS_MONITOR', 'PORTAL_EVENT', {'sim_name': 'fastran_FPP_000001', 'real_sim_name': 'fastran_FPP_000001', 'portal_data': {'code': 'rf_ic_toric', 'eventtype': 'IPS_STAGE_STATE', 'ok': True, 'walltime': '24.03', 'time': '2026-07-21|10:48:34PDT', 'trace': {'timestamp': 1784656114978795, 'duration': 18959, 'localEndpoint': {'serviceName': 'stage_state'}, 'name': "['s000001.00001', 'g000001.00001']", 'id': '32793a28c0f8ba4b', 'parentId': 'de7a2383cb3fe6fb', 'tags': {}}, 'state': 'Running', 'comment': 'Elapsed time = 0.019  files = s000001.00001 g000001.00001 Success'}})
2026-07-21 10:48:35,008 rf_ic_toric_6   DEBUG    _get_service_response(REQUEST|fastran_FPP_000001@toric@6|FRAMEWORK@Framework@0|12)
2026-07-21 10:48:35,019 rf_ic_toric_6   DEBUG    _get_service_response(REQUEST|fastran_FPP_000001@toric@6|FRAMEWORK@Framework@0|12), response = ServiceResponseMessage(sender_id=FRAMEWORK@Framework@0, receiver_id=fastran_FPP_000001@toric@6, request_msg_id=REQUEST|fastran_FPP_000001@toric@6|FRAMEWORK@Framework@0|12,status=0, args=(None,), message_id=RESPONSE|FRAMEWORK@Framework@0|fastran_FPP_000001@toric@6|192)
2026-07-21 10:48:35,030 rf_ic_toric_6   DEBUG    _invoke_service(): getTopic  ('_IPS_MONITOR',)
2026-07-21 10:48:35,030 rf_ic_toric_6   DEBUG    _get_service_response(REQUEST|fastran_FPP_000001@toric@6|FRAMEWORK@Framework@0|13)
2026-07-21 10:48:35,041 rf_ic_toric_6   DEBUG    _get_service_response(REQUEST|fastran_FPP_000001@toric@6|FRAMEWORK@Framework@0|13), response = ServiceResponseMessage(sender_id=FRAMEWORK@Framework@0, receiver_id=fastran_FPP_000001@toric@6, request_msg_id=REQUEST|fastran_FPP_000001@toric@6|FRAMEWORK@Framework@0|13,status=0, args=(<ipsframework.cca_es_spec.Topic object at 0x7f0ad2b27640>,), message_id=RESPONSE|FRAMEWORK@Framework@0|fastran_FPP_000001@toric@6|193)
2026-07-21 10:48:35,041 rf_ic_toric_6   DEBUG    _invoke_service(): sendEvent  ('_IPS_MONITOR', 'PORTAL_EVENT', {'sim_name': 'fastran_FPP_000001', 'real_sim_name': 'fastran_FPP_000001', 'portal_data': {'code': 'rf_ic_toric', 'eventtype': 'IPS_STAGE_INPUTS', 'ok': True, 'walltime': '24.07', 'time': '2026-07-21|10:48:35PDT', 'trace': {'timestamp': 1784656115019413, 'duration': 11234, 'localEndpoint': {'serviceName': 'stage_input_files'}, 'name': 'machine.inp equigs_gen.ind torica.inp', 'id': 'b108389cfa22cdf4', 'parentId': 'de7a2383cb3fe6fb', 'tags': {}}, 'state': 'Running', 'comment': 'Elapsed time = 0.011 Path = /pscratch/sd/h/hswils/github_repos/MANTA_DBSCANS/IC+RAD+TGLF/bcfrom2024/basecase/input Files = machine.inp equigs_gen.ind torica.inp'}})
2026-07-21 10:48:35,041 rf_ic_toric_6   DEBUG    _get_service_response(REQUEST|fastran_FPP_000001@toric@6|FRAMEWORK@Framework@0|14)
2026-07-21 10:48:35,052 rf_ic_toric_6   DEBUG    _get_service_response(REQUEST|fastran_FPP_000001@toric@6|FRAMEWORK@Framework@0|14), response = ServiceResponseMessage(sender_id=FRAMEWORK@Framework@0, receiver_id=fastran_FPP_000001@toric@6, request_msg_id=REQUEST|fastran_FPP_000001@toric@6|FRAMEWORK@Framework@0|14,status=0, args=(None,), message_id=RESPONSE|FRAMEWORK@Framework@0|fastran_FPP_000001@toric@6|194)
2026-07-21 10:48:35,681 rf_ic_toric_6   DEBUG    _invoke_service(): init_task  (TaskInit(nproc=24, binary='/global/common/software/atom/perlmutter/binaries/toric/default/Ptoric.e', working_dir='/pscratch/sd/h/hswils/github_repos/MANTA_DBSCANS/IC+RAD+TGLF/bcfrom2024/basecase/SCAN/work/rf_ic_toric_6', tppn=0, tcpp=0, tgpp=0, block=True, omp=False, wnodes=True, wsocks=True, cmd_args=()),)
2026-07-21 10:48:35,681 rf_ic_toric_6   DEBUG    _get_service_response(REQUEST|fastran_FPP_000001@toric@6|FRAMEWORK@Framework@0|15)
2026-07-21 10:48:35,693 rf_ic_toric_6   DEBUG    _get_service_response(REQUEST|fastran_FPP_000001@toric@6|FRAMEWORK@Framework@0|15), response = ServiceResponseMessage(sender_id=FRAMEWORK@Framework@0, receiver_id=fastran_FPP_000001@toric@6, request_msg_id=REQUEST|fastran_FPP_000001@toric@6|FRAMEWORK@Framework@0|15,status=0, args=((2, 'srun -N 1 -n 24 -c 5 --threads-per-core=1 --cpu-bind=cores /global/common/software/atom/perlmutter/binaries/toric/default/Ptoric.e ', None, 128),), message_id=RESPONSE|FRAMEWORK@Framework@0|fastran_FPP_000001@toric@6|197)
2026-07-21 10:48:35,695 rf_ic_toric_6   DEBUG    Launching command : srun -N 1 -n 24 -c 5 --threads-per-core=1 --cpu-bind=cores /global/common/software/atom/perlmutter/binaries/toric/default/Ptoric.e 
2026-07-21 10:48:35,714 rf_ic_toric_6   DEBUG    _invoke_service(): getTopic  ('_IPS_MONITOR',)
2026-07-21 10:48:35,714 rf_ic_toric_6   DEBUG    _get_service_response(REQUEST|fastran_FPP_000001@toric@6|FRAMEWORK@Framework@0|16)
2026-07-21 10:48:35,725 rf_ic_toric_6   DEBUG    _get_service_response(REQUEST|fastran_FPP_000001@toric@6|FRAMEWORK@Framework@0|16), response = ServiceResponseMessage(sender_id=FRAMEWORK@Framework@0, receiver_id=fastran_FPP_000001@toric@6, request_msg_id=REQUEST|fastran_FPP_000001@toric@6|FRAMEWORK@Framework@0|16,status=0, args=(<ipsframework.cca_es_spec.Topic object at 0x7f0ad2b44f70>,), message_id=RESPONSE|FRAMEWORK@Framework@0|fastran_FPP_000001@toric@6|198)
2026-07-21 10:48:35,725 rf_ic_toric_6   DEBUG    _invoke_service(): sendEvent  ('_IPS_MONITOR', 'PORTAL_EVENT', {'sim_name': 'fastran_FPP_000001', 'real_sim_name': 'fastran_FPP_000001', 'portal_data': {'code': 'rf_ic_toric', 'eventtype': 'IPS_LAUNCH_TASK', 'ok': True, 'walltime': '24.75', 'time': '2026-07-21|10:48:35PDT', 'state': 'Running', 'comment': 'task_id = 2 , Tag = None , nproc = 24 , Target = srun -N 1 -n 24 -c 5 --threads-per-core=1 --cpu-bind=cores /global/common/software/atom/perlmutter/binaries/toric/default/Ptoric.e '}})
2026-07-21 10:48:35,725 rf_ic_toric_6   DEBUG    _get_service_response(REQUEST|fastran_FPP_000001@toric@6|FRAMEWORK@Framework@0|17)
2026-07-21 10:48:35,736 rf_ic_toric_6   DEBUG    _get_service_response(REQUEST|fastran_FPP_000001@toric@6|FRAMEWORK@Framework@0|17), response = ServiceResponseMessage(sender_id=FRAMEWORK@Framework@0, receiver_id=fastran_FPP_000001@toric@6, request_msg_id=REQUEST|fastran_FPP_000001@toric@6|FRAMEWORK@Framework@0|17,status=0, args=(None,), message_id=RESPONSE|FRAMEWORK@Framework@0|fastran_FPP_000001@toric@6|199)
2026-07-21 10:54:31,235 rf_ic_toric_6   DEBUG    _invoke_service(): getTopic  ('_IPS_MONITOR',)
2026-07-21 10:54:31,235 rf_ic_toric_6   DEBUG    _get_service_response(REQUEST|fastran_FPP_000001@toric@6|FRAMEWORK@Framework@0|18)
2026-07-21 10:54:31,246 rf_ic_toric_6   DEBUG    _get_service_response(REQUEST|fastran_FPP_000001@toric@6|FRAMEWORK@Framework@0|18), response = ServiceResponseMessage(sender_id=FRAMEWORK@Framework@0, receiver_id=fastran_FPP_000001@toric@6, request_msg_id=REQUEST|fastran_FPP_000001@toric@6|FRAMEWORK@Framework@0|18,status=0, args=(<ipsframework.cca_es_spec.Topic object at 0x7f0ad2b44f40>,), message_id=RESPONSE|FRAMEWORK@Framework@0|fastran_FPP_000001@toric@6|895)
2026-07-21 10:54:31,246 rf_ic_toric_6   DEBUG    _invoke_service(): sendEvent  ('_IPS_MONITOR', 'PORTAL_EVENT', {'sim_name': 'fastran_FPP_000001', 'real_sim_name': 'fastran_FPP_000001', 'portal_data': {'code': 'rf_ic_toric', 'eventtype': 'IPS_TASK_END', 'ok': True, 'walltime': '380.27', 'time': '2026-07-21|10:54:31PDT', 'trace': {'timestamp': 1784656115714030, 'duration': 355521093, 'localEndpoint': {'serviceName': '/global/common/software/atom/perlmutter/binaries/toric/default/Ptoric.e'}, 'name': '', 'id': '2bc83162d12c30de', 'parentId': 'de7a2383cb3fe6fb', 'tags': {'procs_requested': '24', 'cores_allocated': '128'}}, 'state': 'Running', 'comment': 'task_id = 2  elapsed time = 355.52 S'}})
2026-07-21 10:54:31,246 rf_ic_toric_6   DEBUG    _get_service_response(REQUEST|fastran_FPP_000001@toric@6|FRAMEWORK@Framework@0|19)
2026-07-21 10:54:31,257 rf_ic_toric_6   DEBUG    _get_service_response(REQUEST|fastran_FPP_000001@toric@6|FRAMEWORK@Framework@0|19), response = ServiceResponseMessage(sender_id=FRAMEWORK@Framework@0, receiver_id=fastran_FPP_000001@toric@6, request_msg_id=REQUEST|fastran_FPP_000001@toric@6|FRAMEWORK@Framework@0|19,status=0, args=(None,), message_id=RESPONSE|FRAMEWORK@Framework@0|fastran_FPP_000001@toric@6|896)
2026-07-21 10:54:31,257 rf_ic_toric_6   DEBUG    _invoke_service(): finish_task  (2, 0)
2026-07-21 10:54:31,257 rf_ic_toric_6   DEBUG    _get_service_response(REQUEST|fastran_FPP_000001@toric@6|FRAMEWORK@Framework@0|20)
2026-07-21 10:54:31,269 rf_ic_toric_6   DEBUG    _get_service_response(REQUEST|fastran_FPP_000001@toric@6|FRAMEWORK@Framework@0|20), response = ServiceResponseMessage(sender_id=FRAMEWORK@Framework@0, receiver_id=fastran_FPP_000001@toric@6, request_msg_id=REQUEST|fastran_FPP_000001@toric@6|FRAMEWORK@Framework@0|20,status=0, args=(0,), message_id=RESPONSE|FRAMEWORK@Framework@0|fastran_FPP_000001@toric@6|897)
2026-07-21 10:54:31,481 rf_ic_toric_6   DEBUG    _invoke_service(): merge_current_plasma_state  ('/pscratch/sd/h/hswils/github_repos/MANTA_DBSCANS/IC+RAD+TGLF/bcfrom2024/basecase/SCAN/work/rf_ic_toric_6/RF_IC_s000001.00001', '/pscratch/sd/h/hswils/github_repos/MANTA_DBSCANS/IC+RAD+TGLF/bcfrom2024/basecase/SCAN/work/plasma_state/s000001.00001', 'log.update_state', '/global/common/software/atom/perlmutter/binaries/update-state/default/update_state')
2026-07-21 10:54:31,481 rf_ic_toric_6   DEBUG    _get_service_response(REQUEST|fastran_FPP_000001@toric@6|FRAMEWORK@Framework@0|21)
2026-07-21 10:54:31,653 rf_ic_toric_6   DEBUG    _get_service_response(REQUEST|fastran_FPP_000001@toric@6|FRAMEWORK@Framework@0|21), response = ServiceResponseMessage(sender_id=FRAMEWORK@Framework@0, receiver_id=fastran_FPP_000001@toric@6, request_msg_id=REQUEST|fastran_FPP_000001@toric@6|FRAMEWORK@Framework@0|21,status=0, args=(1,), message_id=RESPONSE|FRAMEWORK@Framework@0|fastran_FPP_000001@toric@6|899)
2026-07-21 10:54:31,653 rf_ic_toric_6   DEBUG    _invoke_service(): getTopic  ('_IPS_MONITOR',)
2026-07-21 10:54:31,653 rf_ic_toric_6   DEBUG    _get_service_response(REQUEST|fastran_FPP_000001@toric@6|FRAMEWORK@Framework@0|22)
2026-07-21 10:54:31,664 rf_ic_toric_6   DEBUG    _get_service_response(REQUEST|fastran_FPP_000001@toric@6|FRAMEWORK@Framework@0|22), response = ServiceResponseMessage(sender_id=FRAMEWORK@Framework@0, receiver_id=fastran_FPP_000001@toric@6, request_msg_id=REQUEST|fastran_FPP_000001@toric@6|FRAMEWORK@Framework@0|22,status=0, args=(<ipsframework.cca_es_spec.Topic object at 0x7f0ad2b44f10>,), message_id=RESPONSE|FRAMEWORK@Framework@0|fastran_FPP_000001@toric@6|900)
2026-07-21 10:54:31,664 rf_ic_toric_6   DEBUG    _invoke_service(): sendEvent  ('_IPS_MONITOR', 'PORTAL_EVENT', {'sim_name': 'fastran_FPP_000001', 'real_sim_name': 'fastran_FPP_000001', 'portal_data': {'code': 'rf_ic_toric', 'eventtype': 'IPS_MERGE_PLASMA_STATE', 'ok': False, 'walltime': '380.69', 'time': '2026-07-21|10:54:31PDT', 'state': 'Running', 'comment': ' Error in call to update_state() : '}})
2026-07-21 10:54:31,664 rf_ic_toric_6   DEBUG    _get_service_response(REQUEST|fastran_FPP_000001@toric@6|FRAMEWORK@Framework@0|23)
2026-07-21 10:54:31,675 rf_ic_toric_6   DEBUG    _get_service_response(REQUEST|fastran_FPP_000001@toric@6|FRAMEWORK@Framework@0|23), response = ServiceResponseMessage(sender_id=FRAMEWORK@Framework@0, receiver_id=fastran_FPP_000001@toric@6, request_msg_id=REQUEST|fastran_FPP_000001@toric@6|FRAMEWORK@Framework@0|23,status=0, args=(None,), message_id=RESPONSE|FRAMEWORK@Framework@0|fastran_FPP_000001@toric@6|901)
2026-07-21 10:54:31,675 rf_ic_toric_6   ERROR    Error merging update /pscratch/sd/h/hswils/github_repos/MANTA_DBSCANS/IC+RAD+TGLF/bcfrom2024/basecase/SCAN/work/rf_ic_toric_6/RF_IC_s000001.00001 into current plasma state file s000001.00001
2026-07-21 10:54:31,675 rf_ic_toric_6   DEBUG    _invoke_service(): update_state  (['s000001.00001', 'g000001.00001'], '/pscratch/sd/h/hswils/github_repos/MANTA_DBSCANS/IC+RAD+TGLF/bcfrom2024/basecase/SCAN/work/rf_ic_toric_6', '/pscratch/sd/h/hswils/github_repos/MANTA_DBSCANS/IC+RAD+TGLF/bcfrom2024/basecase/SCAN/work/plasma_state')
2026-07-21 10:54:31,675 rf_ic_toric_6   DEBUG    _get_service_response(REQUEST|fastran_FPP_000001@toric@6|FRAMEWORK@Framework@0|24)
2026-07-21 10:54:31,694 rf_ic_toric_6   DEBUG    _get_service_response(REQUEST|fastran_FPP_000001@toric@6|FRAMEWORK@Framework@0|24), response = ServiceResponseMessage(sender_id=FRAMEWORK@Framework@0, receiver_id=fastran_FPP_000001@toric@6, request_msg_id=REQUEST|fastran_FPP_000001@toric@6|FRAMEWORK@Framework@0|24,status=0, args=(0,), message_id=RESPONSE|FRAMEWORK@Framework@0|fastran_FPP_000001@toric@6|902)
2026-07-21 10:54:31,695 rf_ic_toric_6   DEBUG    _invoke_service(): getTopic  ('_IPS_MONITOR',)
2026-07-21 10:54:31,695 rf_ic_toric_6   DEBUG    _get_service_response(REQUEST|fastran_FPP_000001@toric@6|FRAMEWORK@Framework@0|25)
2026-07-21 10:54:31,705 rf_ic_toric_6   DEBUG    _get_service_response(REQUEST|fastran_FPP_000001@toric@6|FRAMEWORK@Framework@0|25), response = ServiceResponseMessage(sender_id=FRAMEWORK@Framework@0, receiver_id=fastran_FPP_000001@toric@6, request_msg_id=REQUEST|fastran_FPP_000001@toric@6|FRAMEWORK@Framework@0|25,status=0, args=(<ipsframework.cca_es_spec.Topic object at 0x7f0ad2abf0a0>,), message_id=RESPONSE|FRAMEWORK@Framework@0|fastran_FPP_000001@toric@6|903)
2026-07-21 10:54:31,705 rf_ic_toric_6   DEBUG    _invoke_service(): sendEvent  ('_IPS_MONITOR', 'PORTAL_EVENT', {'sim_name': 'fastran_FPP_000001', 'real_sim_name': 'fastran_FPP_000001', 'portal_data': {'code': 'rf_ic_toric', 'eventtype': 'IPS_UPDATE_STATE', 'ok': True, 'walltime': '380.73', 'time': '2026-07-21|10:54:31PDT', 'trace': {'timestamp': 1784656471675457, 'duration': 19571, 'localEndpoint': {'serviceName': 'update_state'}, 'name': "['s000001.00001', 'g000001.00001']", 'id': 'd2ceaa619acd7d5c', 'parentId': 'de7a2383cb3fe6fb', 'tags': {}}, 'state': 'Running', 'comment': 'Elapsed time = 0.020   files = s000001.00001 g000001.00001 Success'}})
2026-07-21 10:54:31,705 rf_ic_toric_6   DEBUG    _get_service_response(REQUEST|fastran_FPP_000001@toric@6|FRAMEWORK@Framework@0|26)
2026-07-21 10:54:31,716 rf_ic_toric_6   DEBUG    _get_service_response(REQUEST|fastran_FPP_000001@toric@6|FRAMEWORK@Framework@0|26), response = ServiceResponseMessage(sender_id=FRAMEWORK@Framework@0, receiver_id=fastran_FPP_000001@toric@6, request_msg_id=REQUEST|fastran_FPP_000001@toric@6|FRAMEWORK@Framework@0|26,status=0, args=(None,), message_id=RESPONSE|FRAMEWORK@Framework@0|fastran_FPP_000001@toric@6|904)
2026-07-21 10:54:31,844 rf_ic_toric_6   DEBUG    _invoke_service(): getTopic  ('_IPS_MONITOR',)
2026-07-21 10:54:31,844 rf_ic_toric_6   DEBUG    _get_service_response(REQUEST|fastran_FPP_000001@toric@6|FRAMEWORK@Framework@0|27)
2026-07-21 10:54:31,854 rf_ic_toric_6   DEBUG    _get_service_response(REQUEST|fastran_FPP_000001@toric@6|FRAMEWORK@Framework@0|27), response = ServiceResponseMessage(sender_id=FRAMEWORK@Framework@0, receiver_id=fastran_FPP_000001@toric@6, request_msg_id=REQUEST|fastran_FPP_000001@toric@6|FRAMEWORK@Framework@0|27,status=0, args=(<ipsframework.cca_es_spec.Topic object at 0x7f0ad2abf1c0>,), message_id=RESPONSE|FRAMEWORK@Framework@0|fastran_FPP_000001@toric@6|905)
2026-07-21 10:54:31,854 rf_ic_toric_6   DEBUG    _invoke_service(): sendEvent  ('_IPS_MONITOR', 'PORTAL_EVENT', {'sim_name': 'fastran_FPP_000001', 'real_sim_name': 'fastran_FPP_000001', 'portal_data': {'code': 'rf_ic_toric', 'eventtype': 'IPS_STAGE_OUTPUTS', 'ok': True, 'walltime': '380.88', 'time': '2026-07-21|10:54:31PDT', 'trace': {'timestamp': 1784656471716576, 'duration': 127317, 'localEndpoint': {'serviceName': 'stage_output_files'}, 'name': "['torica.inp', 'machine.inp', 'log.toric', 'toric.nc', 'profstat.dat', 'equigs.data', 'equidt.data', 'toric_cfg.nc']", 'id': '749f5c33ef51fb56', 'parentId': 'de7a2383cb3fe6fb', 'tags': {}}, 'state': 'Running', 'comment': "Elapsed time = 0.127 Path = /pscratch/sd/h/hswils/github_repos/MANTA_DBSCANS/IC+RAD+TGLF/bcfrom2024/basecase/SCAN/simulation_results/0/components/rf_ic_toric_6 Files = ['torica.inp', 'machine.inp', 'log.toric', 'toric.nc', 'profstat.dat', 'equigs.data', 'equidt.data', 'toric_cfg.nc']"}})
2026-07-21 10:54:31,854 rf_ic_toric_6   DEBUG    _get_service_response(REQUEST|fastran_FPP_000001@toric@6|FRAMEWORK@Framework@0|28)
2026-07-21 10:54:31,865 rf_ic_toric_6   DEBUG    _get_service_response(REQUEST|fastran_FPP_000001@toric@6|FRAMEWORK@Framework@0|28), response = ServiceResponseMessage(sender_id=FRAMEWORK@Framework@0, receiver_id=fastran_FPP_000001@toric@6, request_msg_id=REQUEST|fastran_FPP_000001@toric@6|FRAMEWORK@Framework@0|28,status=0, args=(None,), message_id=RESPONSE|FRAMEWORK@Framework@0|fastran_FPP_000001@toric@6|906)
2026-07-21 10:54:31,877 fastran_driver_fastran_driver_2 DEBUG    _get_service_response(REQUEST|fastran_FPP_000001@fastran_driver@2|FRAMEWORK@Framework@0|82), response = ServiceResponseMessage(sender_id=FRAMEWORK@Framework@0, receiver_id=fastran_FPP_000001@fastran_driver@2, request_msg_id=REQUEST|fastran_FPP_000001@fastran_driver@2|FRAMEWORK@Framework@0|82,status=0, args=((0,),), message_id=RESPONSE|FRAMEWORK@Framework@0|fastran_FPP_000001@fastran_driver@2|907)
2026-07-21 10:54:31,878 fastran_driver_fastran_driver_2 DEBUG    _invoke_service(): getTopic  ('_IPS_MONITOR',)
2026-07-21 10:54:31,878 fastran_driver_fastran_driver_2 DEBUG    _get_service_response(REQUEST|fastran_FPP_000001@fastran_driver@2|FRAMEWORK@Framework@0|83)
2026-07-21 10:54:31,889 fastran_driver_fastran_driver_2 DEBUG    _get_service_response(REQUEST|fastran_FPP_000001@fastran_driver@2|FRAMEWORK@Framework@0|83), response = ServiceResponseMessage(sender_id=FRAMEWORK@Framework@0, receiver_id=fastran_FPP_000001@fastran_driver@2, request_msg_id=REQUEST|fastran_FPP_000001@fastran_driver@2|FRAMEWORK@Framework@0|83,status=0, args=(<ipsframework.cca_es_spec.Topic object at 0x7f0ad2b759a0>,), message_id=RESPONSE|FRAMEWORK@Framework@0|fastran_FPP_000001@fastran_driver@2|908)
2026-07-21 10:54:31,889 fastran_driver_fastran_driver_2 DEBUG    _invoke_service(): sendEvent  ('_IPS_MONITOR', 'PORTAL_EVENT', {'sim_name': 'fastran_FPP_000001', 'real_sim_name': 'fastran_FPP_000001', 'portal_data': {'code': 'fastran_driver_fastran_driver', 'eventtype': 'IPS_CALL_END', 'ok': True, 'walltime': '380.91', 'time': '2026-07-21|10:54:31PDT', 'trace': {'timestamp': 1784656114988617, 'duration': 356889373, 'localEndpoint': {'serviceName': 'fastran_FPP_000001@toric@6'}, 'name': 'step(0)', 'id': 'de7a2383cb3fe6fb', 'parentId': 'f899e3e5886669ce', 'tags': {}}, 'state': 'Running', 'comment': 'Target = fastran_FPP_000001@toric@6:step(0)'}})
2026-07-21 10:54:31,889 fastran_driver_fastran_driver_2 DEBUG    _get_service_response(REQUEST|fastran_FPP_000001@fastran_driver@2|FRAMEWORK@Framework@0|84)
2026-07-21 10:54:31,900 fastran_driver_fastran_driver_2 DEBUG    _get_service_response(REQUEST|fastran_FPP_000001@fastran_driver@2|FRAMEWORK@Framework@0|84), response = ServiceResponseMessage(sender_id=FRAMEWORK@Framework@0, receiver_id=fastran_FPP_000001@fastran_driver@2, request_msg_id=REQUEST|fastran_FPP_000001@fastran_driver@2|FRAMEWORK@Framework@0|84,status=0, args=(None,), message_id=RESPONSE|FRAMEWORK@Framework@0|fastran_FPP_000001@fastran_driver@2|909)
2026-07-21 10:54:31,901 fastran_driver_fastran_driver_2 DEBUG    _invoke_service(): getTopic  ('_IPS_MONITOR',)
2026-07-21 10:54:31,901 fastran_driver_fastran_driver_2 DEBUG    _get_service_response(REQUEST|fastran_FPP_000001@fastran_driver@2|FRAMEWORK@Framework@0|85)
2026-07-21 10:54:31,911 fastran_driver_fastran_driver_2 DEBUG    _get_service_response(REQUEST|fastran_FPP_000001@fastran_driver@2|FRAMEWORK@Framework@0|85), response = ServiceResponseMessage(sender_id=FRAMEWORK@Framework@0, receiver_id=fastran_FPP_000001@fastran_driver@2, request_msg_id=REQUEST|fastran_FPP_000001@fastran_driver@2|FRAMEWORK@Framework@0|85,status=0, args=(<ipsframework.cca_es_spec.Topic object at 0x7f0ad2b75b80>,), message_id=RESPONSE|FRAMEWORK@Framework@0|fastran_FPP_000001@fastran_driver@2|910)
2026-07-21 10:54:31,911 fastran_driver_fastran_driver_2 DEBUG    _invoke_service(): sendEvent  ('_IPS_MONITOR', 'PORTAL_EVENT', {'sim_name': 'fastran_FPP_000001', 'real_sim_name': 'fastran_FPP_000001', 'portal_data': {'code': 'fastran_driver_fastran_driver', 'eventtype': 'IPS_CALL_BEGIN', 'ok': True, 'walltime': '380.94', 'time': '2026-07-21|10:54:31PDT', 'state': 'Running', 'comment': 'Target = fastran_FPP_000001@efit@7:step(0)'}})
2026-07-21 10:54:31,911 fastran_driver_fastran_driver_2 DEBUG    _get_service_response(REQUEST|fastran_FPP_000001@fastran_driver@2|FRAMEWORK@Framework@0|86)
2026-07-21 10:54:31,922 fastran_driver_fastran_driver_2 DEBUG    _get_service_response(REQUEST|fastran_FPP_000001@fastran_driver@2|FRAMEWORK@Framework@0|86), response = ServiceResponseMessage(sender_id=FRAMEWORK@Framework@0, receiver_id=fastran_FPP_000001@fastran_driver@2, request_msg_id=REQUEST|fastran_FPP_000001@fastran_driver@2|FRAMEWORK@Framework@0|86,status=0, args=(None,), message_id=RESPONSE|FRAMEWORK@Framework@0|fastran_FPP_000001@fastran_driver@2|911)
2026-07-21 10:54:31,922 fastran_driver_fastran_driver_2 DEBUG    _invoke_service(): init_call  ('step', 0)
2026-07-21 10:54:31,923 fastran_driver_fastran_driver_2 DEBUG    _get_service_response(REQUEST|fastran_FPP_000001@fastran_driver@2|FRAMEWORK@Framework@0|87)
2026-07-21 10:54:31,923 fastran_eq_efit_7 DEBUG    Received Message 
2026-07-21 10:54:31,924 fastran_eq_efit_7 DEBUG    Calling method step(0)
2026-07-21 10:54:31,924 fastran_eq_efit_7 DEBUG    _invoke_service(): stage_state  (['s000001.00001', 'g000001.00001', 'i000001.00001'], '/pscratch/sd/h/hswils/github_repos/MANTA_DBSCANS/IC+RAD+TGLF/bcfrom2024/basecase/SCAN/work/plasma_state', '/pscratch/sd/h/hswils/github_repos/MANTA_DBSCANS/IC+RAD+TGLF/bcfrom2024/basecase/SCAN/work/fastran_eq_efit_7')
2026-07-21 10:54:31,924 fastran_eq_efit_7 DEBUG    _get_service_response(REQUEST|fastran_FPP_000001@efit@7|FRAMEWORK@Framework@0|0)
2026-07-21 10:54:31,934 fastran_driver_fastran_driver_2 DEBUG    _get_service_response(REQUEST|fastran_FPP_000001@fastran_driver@2|FRAMEWORK@Framework@0|87), response = ServiceResponseMessage(sender_id=FRAMEWORK@Framework@0, receiver_id=fastran_FPP_000001@fastran_driver@2, request_msg_id=REQUEST|fastran_FPP_000001@fastran_driver@2|FRAMEWORK@Framework@0|87,status=0, args=(21,), message_id=RESPONSE|FRAMEWORK@Framework@0|fastran_FPP_000001@fastran_driver@2|912)
2026-07-21 10:54:31,934 fastran_driver_fastran_driver_2 DEBUG    _invoke_service(): wait_call  (21, True)
2026-07-21 10:54:31,934 fastran_driver_fastran_driver_2 DEBUG    _get_service_response(REQUEST|fastran_FPP_000001@fastran_driver@2|FRAMEWORK@Framework@0|88)
2026-07-21 10:54:31,946 fastran_eq_efit_7 DEBUG    _get_service_response(REQUEST|fastran_FPP_000001@efit@7|FRAMEWORK@Framework@0|0), response = ServiceResponseMessage(sender_id=FRAMEWORK@Framework@0, receiver_id=fastran_FPP_000001@efit@7, request_msg_id=REQUEST|fastran_FPP_000001@efit@7|FRAMEWORK@Framework@0|0,status=0, args=(0,), message_id=RESPONSE|FRAMEWORK@Framework@0|fastran_FPP_000001@efit@7|913)
2026-07-21 10:54:31,946 fastran_eq_efit_7 DEBUG    _invoke_service(): getTopic  ('_IPS_MONITOR',)
2026-07-21 10:54:31,946 fastran_eq_efit_7 DEBUG    _get_service_response(REQUEST|fastran_FPP_000001@efit@7|FRAMEWORK@Framework@0|1)
2026-07-21 10:54:31,957 fastran_eq_efit_7 DEBUG    _get_service_response(REQUEST|fastran_FPP_000001@efit@7|FRAMEWORK@Framework@0|1), response = ServiceResponseMessage(sender_id=FRAMEWORK@Framework@0, receiver_id=fastran_FPP_000001@efit@7, request_msg_id=REQUEST|fastran_FPP_000001@efit@7|FRAMEWORK@Framework@0|1,status=0, args=(<ipsframework.cca_es_spec.Topic object at 0x7f0ad2b1fa00>,), message_id=RESPONSE|FRAMEWORK@Framework@0|fastran_FPP_000001@efit@7|914)
2026-07-21 10:54:31,957 fastran_eq_efit_7 DEBUG    _invoke_service(): sendEvent  ('_IPS_MONITOR', 'PORTAL_EVENT', {'sim_name': 'fastran_FPP_000001', 'real_sim_name': 'fastran_FPP_000001', 'portal_data': {'code': 'fastran_eq_efit', 'eventtype': 'IPS_STAGE_STATE', 'ok': True, 'walltime': '380.98', 'time': '2026-07-21|10:54:31PDT', 'trace': {'timestamp': 1784656471924361, 'duration': 22142, 'localEndpoint': {'serviceName': 'stage_state'}, 'name': "['s000001.00001', 'g000001.00001', 'i000001.00001']", 'id': '71885aecf25d7412', 'parentId': '13bf82df7dd38026', 'tags': {}}, 'state': 'Running', 'comment': 'Elapsed time = 0.022  files = s000001.00001 g000001.00001 i000001.00001 Success'}})
2026-07-21 10:54:31,957 fastran_eq_efit_7 DEBUG    _get_service_response(REQUEST|fastran_FPP_000001@efit@7|FRAMEWORK@Framework@0|2)
2026-07-21 10:54:31,968 fastran_eq_efit_7 DEBUG    _get_service_response(REQUEST|fastran_FPP_000001@efit@7|FRAMEWORK@Framework@0|2), response = ServiceResponseMessage(sender_id=FRAMEWORK@Framework@0, receiver_id=fastran_FPP_000001@efit@7, request_msg_id=REQUEST|fastran_FPP_000001@efit@7|FRAMEWORK@Framework@0|2,status=0, args=(None,), message_id=RESPONSE|FRAMEWORK@Framework@0|fastran_FPP_000001@efit@7|916)
2026-07-21 10:54:34,574 fastran_eq_efit_7 DEBUG    _invoke_service(): update_state  (['s000001.00001', 'g000001.00001', 'i000001.00001'], '/pscratch/sd/h/hswils/github_repos/MANTA_DBSCANS/IC+RAD+TGLF/bcfrom2024/basecase/SCAN/work/fastran_eq_efit_7', '/pscratch/sd/h/hswils/github_repos/MANTA_DBSCANS/IC+RAD+TGLF/bcfrom2024/basecase/SCAN/work/plasma_state')
2026-07-21 10:54:34,575 fastran_eq_efit_7 DEBUG    _get_service_response(REQUEST|fastran_FPP_000001@efit@7|FRAMEWORK@Framework@0|3)
2026-07-21 10:54:34,596 fastran_eq_efit_7 DEBUG    _get_service_response(REQUEST|fastran_FPP_000001@efit@7|FRAMEWORK@Framework@0|3), response = ServiceResponseMessage(sender_id=FRAMEWORK@Framework@0, receiver_id=fastran_FPP_000001@efit@7, request_msg_id=REQUEST|fastran_FPP_000001@efit@7|FRAMEWORK@Framework@0|3,status=0, args=(0,), message_id=RESPONSE|FRAMEWORK@Framework@0|fastran_FPP_000001@efit@7|922)
2026-07-21 10:54:34,597 fastran_eq_efit_7 DEBUG    _invoke_service(): getTopic  ('_IPS_MONITOR',)
2026-07-21 10:54:34,597 fastran_eq_efit_7 DEBUG    _get_service_response(REQUEST|fastran_FPP_000001@efit@7|FRAMEWORK@Framework@0|4)
2026-07-21 10:54:34,607 fastran_eq_efit_7 DEBUG    _get_service_response(REQUEST|fastran_FPP_000001@efit@7|FRAMEWORK@Framework@0|4), response = ServiceResponseMessage(sender_id=FRAMEWORK@Framework@0, receiver_id=fastran_FPP_000001@efit@7, request_msg_id=REQUEST|fastran_FPP_000001@efit@7|FRAMEWORK@Framework@0|4,status=0, args=(<ipsframework.cca_es_spec.Topic object at 0x7f0ad2b1f970>,), message_id=RESPONSE|FRAMEWORK@Framework@0|fastran_FPP_000001@efit@7|923)
2026-07-21 10:54:34,607 fastran_eq_efit_7 DEBUG    _invoke_service(): sendEvent  ('_IPS_MONITOR', 'PORTAL_EVENT', {'sim_name': 'fastran_FPP_000001', 'real_sim_name': 'fastran_FPP_000001', 'portal_data': {'code': 'fastran_eq_efit', 'eventtype': 'IPS_UPDATE_STATE', 'ok': True, 'walltime': '383.63', 'time': '2026-07-21|10:54:34PDT', 'trace': {'timestamp': 1784656474573360, 'duration': 23472, 'localEndpoint': {'serviceName': 'update_state'}, 'name': "['s000001.00001', 'g000001.00001', 'i000001.00001']", 'id': '7629e189a66153c0', 'parentId': '13bf82df7dd38026', 'tags': {}}, 'state': 'Running', 'comment': 'Elapsed time = 0.023   files = s000001.00001 g000001.00001 i000001.00001 Success'}})
2026-07-21 10:54:34,607 fastran_eq_efit_7 DEBUG    _get_service_response(REQUEST|fastran_FPP_000001@efit@7|FRAMEWORK@Framework@0|5)
2026-07-21 10:54:34,618 fastran_eq_efit_7 DEBUG    _get_service_response(REQUEST|fastran_FPP_000001@efit@7|FRAMEWORK@Framework@0|5), response = ServiceResponseMessage(sender_id=FRAMEWORK@Framework@0, receiver_id=fastran_FPP_000001@efit@7, request_msg_id=REQUEST|fastran_FPP_000001@efit@7|FRAMEWORK@Framework@0|5,status=0, args=(None,), message_id=RESPONSE|FRAMEWORK@Framework@0|fastran_FPP_000001@efit@7|924)
2026-07-21 10:54:34,646 fastran_eq_efit_7 DEBUG    _invoke_service(): getTopic  ('_IPS_MONITOR',)
2026-07-21 10:54:34,646 fastran_eq_efit_7 DEBUG    _get_service_response(REQUEST|fastran_FPP_000001@efit@7|FRAMEWORK@Framework@0|6)
2026-07-21 10:54:34,656 fastran_eq_efit_7 DEBUG    _get_service_response(REQUEST|fastran_FPP_000001@efit@7|FRAMEWORK@Framework@0|6), response = ServiceResponseMessage(sender_id=FRAMEWORK@Framework@0, receiver_id=fastran_FPP_000001@efit@7, request_msg_id=REQUEST|fastran_FPP_000001@efit@7|FRAMEWORK@Framework@0|6,status=0, args=(<ipsframework.cca_es_spec.Topic object at 0x7f0ad2b1f970>,), message_id=RESPONSE|FRAMEWORK@Framework@0|fastran_FPP_000001@efit@7|925)
2026-07-21 10:54:34,657 fastran_eq_efit_7 DEBUG    _invoke_service(): sendEvent  ('_IPS_MONITOR', 'PORTAL_EVENT', {'sim_name': 'fastran_FPP_000001', 'real_sim_name': 'fastran_FPP_000001', 'portal_data': {'code': 'fastran_eq_efit', 'eventtype': 'IPS_STAGE_OUTPUTS', 'ok': True, 'walltime': '383.68', 'time': '2026-07-21|10:54:34PDT', 'trace': {'timestamp': 1784656474618520, 'duration': 27777, 'localEndpoint': {'serviceName': 'stage_output_files'}, 'name': "['g*.*', 'a*.*', 'm*.*', 'k*.*', 'efit.log', 's*.*']", 'id': '80725d8eee5776f1', 'parentId': '13bf82df7dd38026', 'tags': {}}, 'state': 'Running', 'comment': "Elapsed time = 0.028 Path = /pscratch/sd/h/hswils/github_repos/MANTA_DBSCANS/IC+RAD+TGLF/bcfrom2024/basecase/SCAN/simulation_results/0/components/fastran_eq_efit_7 Files = ['g*.*', 'a*.*', 'm*.*', 'k*.*', 'efit.log', 's*.*']"}})
2026-07-21 10:54:34,657 fastran_eq_efit_7 DEBUG    _get_service_response(REQUEST|fastran_FPP_000001@efit@7|FRAMEWORK@Framework@0|7)
2026-07-21 10:54:34,667 fastran_eq_efit_7 DEBUG    _get_service_response(REQUEST|fastran_FPP_000001@efit@7|FRAMEWORK@Framework@0|7), response = ServiceResponseMessage(sender_id=FRAMEWORK@Framework@0, receiver_id=fastran_FPP_000001@efit@7, request_msg_id=REQUEST|fastran_FPP_000001@efit@7|FRAMEWORK@Framework@0|7,status=0, args=(None,), message_id=RESPONSE|FRAMEWORK@Framework@0|fastran_FPP_000001@efit@7|926)
2026-07-21 10:54:34,679 fastran_driver_fastran_driver_2 DEBUG    _get_service_response(REQUEST|fastran_FPP_000001@fastran_driver@2|FRAMEWORK@Framework@0|88), response = ServiceResponseMessage(sender_id=FRAMEWORK@Framework@0, receiver_id=fastran_FPP_000001@fastran_driver@2, request_msg_id=REQUEST|fastran_FPP_000001@fastran_driver@2|FRAMEWORK@Framework@0|88,status=0, args=((None,),), message_id=RESPONSE|FRAMEWORK@Framework@0|fastran_FPP_000001@fastran_driver@2|927)
2026-07-21 10:54:34,679 fastran_driver_fastran_driver_2 DEBUG    _invoke_service(): getTopic  ('_IPS_MONITOR',)
2026-07-21 10:54:34,679 fastran_driver_fastran_driver_2 DEBUG    _get_service_response(REQUEST|fastran_FPP_000001@fastran_driver@2|FRAMEWORK@Framework@0|89)
2026-07-21 10:54:34,691 fastran_driver_fastran_driver_2 DEBUG    _get_service_response(REQUEST|fastran_FPP_000001@fastran_driver@2|FRAMEWORK@Framework@0|89), response = ServiceResponseMessage(sender_id=FRAMEWORK@Framework@0, receiver_id=fastran_FPP_000001@fastran_driver@2, request_msg_id=REQUEST|fastran_FPP_000001@fastran_driver@2|FRAMEWORK@Framework@0|89,status=0, args=(<ipsframework.cca_es_spec.Topic object at 0x7f0ad2b75ac0>,), message_id=RESPONSE|FRAMEWORK@Framework@0|fastran_FPP_000001@fastran_driver@2|928)
2026-07-21 10:54:34,691 fastran_driver_fastran_driver_2 DEBUG    _invoke_service(): sendEvent  ('_IPS_MONITOR', 'PORTAL_EVENT', {'sim_name': 'fastran_FPP_000001', 'real_sim_name': 'fastran_FPP_000001', 'portal_data': {'code': 'fastran_driver_fastran_driver', 'eventtype': 'IPS_CALL_END', 'ok': True, 'walltime': '383.72', 'time': '2026-07-21|10:54:34PDT', 'trace': {'timestamp': 1784656471934067, 'duration': 2745535, 'localEndpoint': {'serviceName': 'fastran_FPP_000001@efit@7'}, 'name': 'step(0)', 'id': '13bf82df7dd38026', 'parentId': 'f899e3e5886669ce', 'tags': {}}, 'state': 'Running', 'comment': 'Target = fastran_FPP_000001@efit@7:step(0)'}})
2026-07-21 10:54:34,691 fastran_driver_fastran_driver_2 DEBUG    _get_service_response(REQUEST|fastran_FPP_000001@fastran_driver@2|FRAMEWORK@Framework@0|90)
2026-07-21 10:54:34,702 fastran_driver_fastran_driver_2 DEBUG    _get_service_response(REQUEST|fastran_FPP_000001@fastran_driver@2|FRAMEWORK@Framework@0|90), response = ServiceResponseMessage(sender_id=FRAMEWORK@Framework@0, receiver_id=fastran_FPP_000001@fastran_driver@2, request_msg_id=REQUEST|fastran_FPP_000001@fastran_driver@2|FRAMEWORK@Framework@0|90,status=0, args=(None,), message_id=RESPONSE|FRAMEWORK@Framework@0|fastran_FPP_000001@fastran_driver@2|929)
2026-07-21 10:54:34,703 fastran_driver_fastran_driver_2 DEBUG    _invoke_service(): getTopic  ('_IPS_MONITOR',)
2026-07-21 10:54:34,703 fastran_driver_fastran_driver_2 DEBUG    _get_service_response(REQUEST|fastran_FPP_000001@fastran_driver@2|FRAMEWORK@Framework@0|91)
2026-07-21 10:54:34,714 fastran_driver_fastran_driver_2 DEBUG    _get_service_response(REQUEST|fastran_FPP_000001@fastran_driver@2|FRAMEWORK@Framework@0|91), response = ServiceResponseMessage(sender_id=FRAMEWORK@Framework@0, receiver_id=fastran_FPP_000001@fastran_driver@2, request_msg_id=REQUEST|fastran_FPP_000001@fastran_driver@2|FRAMEWORK@Framework@0|91,status=0, args=(<ipsframework.cca_es_spec.Topic object at 0x7f0ad2b75be0>,), message_id=RESPONSE|FRAMEWORK@Framework@0|fastran_FPP_000001@fastran_driver@2|930)
2026-07-21 10:54:34,714 fastran_driver_fastran_driver_2 DEBUG    _invoke_service(): sendEvent  ('_IPS_MONITOR', 'PORTAL_EVENT', {'sim_name': 'fastran_FPP_000001', 'real_sim_name': 'fastran_FPP_000001', 'portal_data': {'code': 'fastran_driver_fastran_driver', 'eventtype': 'IPS_CALL_BEGIN', 'ok': True, 'walltime': '383.74', 'time': '2026-07-21|10:54:34PDT', 'state': 'Running', 'comment': 'Target = fastran_FPP_000001@fastran@8:step(0)'}})
2026-07-21 10:54:34,714 fastran_driver_fastran_driver_2 DEBUG    _get_service_response(REQUEST|fastran_FPP_000001@fastran_driver@2|FRAMEWORK@Framework@0|92)
2026-07-21 10:54:34,724 fastran_driver_fastran_driver_2 DEBUG    _get_service_response(REQUEST|fastran_FPP_000001@fastran_driver@2|FRAMEWORK@Framework@0|92), response = ServiceResponseMessage(sender_id=FRAMEWORK@Framework@0, receiver_id=fastran_FPP_000001@fastran_driver@2, request_msg_id=REQUEST|fastran_FPP_000001@fastran_driver@2|FRAMEWORK@Framework@0|92,status=0, args=(None,), message_id=RESPONSE|FRAMEWORK@Framework@0|fastran_FPP_000001@fastran_driver@2|931)
2026-07-21 10:54:34,724 fastran_driver_fastran_driver_2 DEBUG    _invoke_service(): init_call  ('step', 0)
2026-07-21 10:54:34,725 fastran_driver_fastran_driver_2 DEBUG    _get_service_response(REQUEST|fastran_FPP_000001@fastran_driver@2|FRAMEWORK@Framework@0|93)
2026-07-21 10:54:34,725 fastran_tr_fastran_8 DEBUG    Received Message 
2026-07-21 10:54:34,725 fastran_tr_fastran_8 DEBUG    Calling method step(0)
2026-07-21 10:54:34,726 fastran_tr_fastran_8 DEBUG    _invoke_service(): stage_state  (['s000001.00001', 'g000001.00001', 'i000001.00001'], '/pscratch/sd/h/hswils/github_repos/MANTA_DBSCANS/IC+RAD+TGLF/bcfrom2024/basecase/SCAN/work/plasma_state', '/pscratch/sd/h/hswils/github_repos/MANTA_DBSCANS/IC+RAD+TGLF/bcfrom2024/basecase/SCAN/work/fastran_tr_fastran_8')
2026-07-21 10:54:34,726 fastran_tr_fastran_8 DEBUG    _get_service_response(REQUEST|fastran_FPP_000001@fastran@8|FRAMEWORK@Framework@0|0)
2026-07-21 10:54:34,735 fastran_driver_fastran_driver_2 DEBUG    _get_service_response(REQUEST|fastran_FPP_000001@fastran_driver@2|FRAMEWORK@Framework@0|93), response = ServiceResponseMessage(sender_id=FRAMEWORK@Framework@0, receiver_id=fastran_FPP_000001@fastran_driver@2, request_msg_id=REQUEST|fastran_FPP_000001@fastran_driver@2|FRAMEWORK@Framework@0|93,status=0, args=(22,), message_id=RESPONSE|FRAMEWORK@Framework@0|fastran_FPP_000001@fastran_driver@2|932)
2026-07-21 10:54:34,735 fastran_driver_fastran_driver_2 DEBUG    _invoke_service(): wait_call  (22, True)
2026-07-21 10:54:34,736 fastran_driver_fastran_driver_2 DEBUG    _get_service_response(REQUEST|fastran_FPP_000001@fastran_driver@2|FRAMEWORK@Framework@0|94)
2026-07-21 10:54:34,748 fastran_tr_fastran_8 DEBUG    _get_service_response(REQUEST|fastran_FPP_000001@fastran@8|FRAMEWORK@Framework@0|0), response = ServiceResponseMessage(sender_id=FRAMEWORK@Framework@0, receiver_id=fastran_FPP_000001@fastran@8, request_msg_id=REQUEST|fastran_FPP_000001@fastran@8|FRAMEWORK@Framework@0|0,status=0, args=(0,), message_id=RESPONSE|FRAMEWORK@Framework@0|fastran_FPP_000001@fastran@8|933)
2026-07-21 10:54:34,748 fastran_tr_fastran_8 DEBUG    _invoke_service(): getTopic  ('_IPS_MONITOR',)
2026-07-21 10:54:34,748 fastran_tr_fastran_8 DEBUG    _get_service_response(REQUEST|fastran_FPP_000001@fastran@8|FRAMEWORK@Framework@0|1)
2026-07-21 10:54:34,759 fastran_tr_fastran_8 DEBUG    _get_service_response(REQUEST|fastran_FPP_000001@fastran@8|FRAMEWORK@Framework@0|1), response = ServiceResponseMessage(sender_id=FRAMEWORK@Framework@0, receiver_id=fastran_FPP_000001@fastran@8, request_msg_id=REQUEST|fastran_FPP_000001@fastran@8|FRAMEWORK@Framework@0|1,status=0, args=(<ipsframework.cca_es_spec.Topic object at 0x7f0ad2b2b3a0>,), message_id=RESPONSE|FRAMEWORK@Framework@0|fastran_FPP_000001@fastran@8|934)
2026-07-21 10:54:34,759 fastran_tr_fastran_8 DEBUG    _invoke_service(): sendEvent  ('_IPS_MONITOR', 'PORTAL_EVENT', {'sim_name': 'fastran_FPP_000001', 'real_sim_name': 'fastran_FPP_000001', 'portal_data': {'code': 'fastran_tr_fastran', 'eventtype': 'IPS_STAGE_STATE', 'ok': True, 'walltime': '383.78', 'time': '2026-07-21|10:54:34PDT', 'trace': {'timestamp': 1784656474726007, 'duration': 22108, 'localEndpoint': {'serviceName': 'stage_state'}, 'name': "['s000001.00001', 'g000001.00001', 'i000001.00001']", 'id': '71885aecf25d7412', 'parentId': 'df5e6cd0e63af24f', 'tags': {}}, 'state': 'Running', 'comment': 'Elapsed time = 0.022  files = s000001.00001 g000001.00001 i000001.00001 Success'}})
2026-07-21 10:54:34,759 fastran_tr_fastran_8 DEBUG    _get_service_response(REQUEST|fastran_FPP_000001@fastran@8|FRAMEWORK@Framework@0|2)
2026-07-21 10:54:34,769 fastran_tr_fastran_8 DEBUG    _get_service_response(REQUEST|fastran_FPP_000001@fastran@8|FRAMEWORK@Framework@0|2), response = ServiceResponseMessage(sender_id=FRAMEWORK@Framework@0, receiver_id=fastran_FPP_000001@fastran@8, request_msg_id=REQUEST|fastran_FPP_000001@fastran@8|FRAMEWORK@Framework@0|2,status=0, args=(None,), message_id=RESPONSE|FRAMEWORK@Framework@0|fastran_FPP_000001@fastran@8|935)
2026-07-21 10:54:34,779 fastran_tr_fastran_8 DEBUG    _invoke_service(): getTopic  ('_IPS_MONITOR',)
2026-07-21 10:54:34,779 fastran_tr_fastran_8 DEBUG    _get_service_response(REQUEST|fastran_FPP_000001@fastran@8|FRAMEWORK@Framework@0|3)
2026-07-21 10:54:34,790 fastran_tr_fastran_8 DEBUG    _get_service_response(REQUEST|fastran_FPP_000001@fastran@8|FRAMEWORK@Framework@0|3), response = ServiceResponseMessage(sender_id=FRAMEWORK@Framework@0, receiver_id=fastran_FPP_000001@fastran@8, request_msg_id=REQUEST|fastran_FPP_000001@fastran@8|FRAMEWORK@Framework@0|3,status=0, args=(<ipsframework.cca_es_spec.Topic object at 0x7f0ad2b1f790>,), message_id=RESPONSE|FRAMEWORK@Framework@0|fastran_FPP_000001@fastran@8|936)
2026-07-21 10:54:34,790 fastran_tr_fastran_8 DEBUG    _invoke_service(): sendEvent  ('_IPS_MONITOR', 'PORTAL_EVENT', {'sim_name': 'fastran_FPP_000001', 'real_sim_name': 'fastran_FPP_000001', 'portal_data': {'code': 'fastran_tr_fastran', 'eventtype': 'IPS_STAGE_INPUTS', 'ok': True, 'walltime': '383.82', 'time': '2026-07-21|10:54:34PDT', 'trace': {'timestamp': 1784656474770226, 'duration': 9468, 'localEndpoint': {'serviceName': 'stage_input_files'}, 'name': 'infastran intglf', 'id': '5ff6e2efe4653e6c', 'parentId': 'df5e6cd0e63af24f', 'tags': {}}, 'state': 'Running', 'comment': 'Elapsed time = 0.009 Path = /pscratch/sd/h/hswils/github_repos/MANTA_DBSCANS/IC+RAD+TGLF/bcfrom2024/basecase/input Files = infastran intglf'}})
2026-07-21 10:54:34,790 fastran_tr_fastran_8 DEBUG    _get_service_response(REQUEST|fastran_FPP_000001@fastran@8|FRAMEWORK@Framework@0|4)
2026-07-21 10:54:34,801 fastran_tr_fastran_8 DEBUG    _get_service_response(REQUEST|fastran_FPP_000001@fastran@8|FRAMEWORK@Framework@0|4), response = ServiceResponseMessage(sender_id=FRAMEWORK@Framework@0, receiver_id=fastran_FPP_000001@fastran@8, request_msg_id=REQUEST|fastran_FPP_000001@fastran@8|FRAMEWORK@Framework@0|4,status=0, args=(None,), message_id=RESPONSE|FRAMEWORK@Framework@0|fastran_FPP_000001@fastran@8|937)
2026-07-21 10:54:35,047 fastran_tr_fastran_8 DEBUG    _invoke_service(): init_task  (TaskInit(nproc=126, binary='/global/common/software/atom/perlmutter/binaries/fastran/default/xfastran_ver1.07', working_dir='/pscratch/sd/h/hswils/github_repos/MANTA_DBSCANS/IC+RAD+TGLF/bcfrom2024/basecase/SCAN/work/fastran_tr_fastran_8', tppn=0, tcpp=0, tgpp=0, block=True, omp=False, wnodes=True, wsocks=True, cmd_args=('6', '21')),)
2026-07-21 10:54:35,047 fastran_tr_fastran_8 DEBUG    _get_service_response(REQUEST|fastran_FPP_000001@fastran@8|FRAMEWORK@Framework@0|5)
2026-07-21 10:54:35,058 fastran_tr_fastran_8 DEBUG    _get_service_response(REQUEST|fastran_FPP_000001@fastran@8|FRAMEWORK@Framework@0|5), response = ServiceResponseMessage(sender_id=FRAMEWORK@Framework@0, receiver_id=fastran_FPP_000001@fastran@8, request_msg_id=REQUEST|fastran_FPP_000001@fastran@8|FRAMEWORK@Framework@0|5,status=0, args=((3, 'srun -N 1 -n 126 -c 1 --threads-per-core=1 --cpu-bind=cores /global/common/software/atom/perlmutter/binaries/fastran/default/xfastran_ver1.07 6 21', None, 128),), message_id=RESPONSE|FRAMEWORK@Framework@0|fastran_FPP_000001@fastran@8|939)
2026-07-21 10:54:35,059 fastran_tr_fastran_8 DEBUG    Launching command : srun -N 1 -n 126 -c 1 --threads-per-core=1 --cpu-bind=cores /global/common/software/atom/perlmutter/binaries/fastran/default/xfastran_ver1.07 6 21
2026-07-21 10:54:35,077 fastran_tr_fastran_8 DEBUG    _invoke_service(): getTopic  ('_IPS_MONITOR',)
2026-07-21 10:54:35,077 fastran_tr_fastran_8 DEBUG    _get_service_response(REQUEST|fastran_FPP_000001@fastran@8|FRAMEWORK@Framework@0|6)
2026-07-21 10:54:35,088 fastran_tr_fastran_8 DEBUG    _get_service_response(REQUEST|fastran_FPP_000001@fastran@8|FRAMEWORK@Framework@0|6), response = ServiceResponseMessage(sender_id=FRAMEWORK@Framework@0, receiver_id=fastran_FPP_000001@fastran@8, request_msg_id=REQUEST|fastran_FPP_000001@fastran@8|FRAMEWORK@Framework@0|6,status=0, args=(<ipsframework.cca_es_spec.Topic object at 0x7f0ad2b18e80>,), message_id=RESPONSE|FRAMEWORK@Framework@0|fastran_FPP_000001@fastran@8|940)
2026-07-21 10:54:35,088 fastran_tr_fastran_8 DEBUG    _invoke_service(): sendEvent  ('_IPS_MONITOR', 'PORTAL_EVENT', {'sim_name': 'fastran_FPP_000001', 'real_sim_name': 'fastran_FPP_000001', 'portal_data': {'code': 'fastran_tr_fastran', 'eventtype': 'IPS_LAUNCH_TASK', 'ok': True, 'walltime': '384.11', 'time': '2026-07-21|10:54:35PDT', 'state': 'Running', 'comment': 'task_id = 3 , Tag = None , nproc = 126 , Target = srun -N 1 -n 126 -c 1 --threads-per-core=1 --cpu-bind=cores /global/common/software/atom/perlmutter/binaries/fastran/default/xfastran_ver1.07 6 21'}})
2026-07-21 10:54:35,088 fastran_tr_fastran_8 DEBUG    _get_service_response(REQUEST|fastran_FPP_000001@fastran@8|FRAMEWORK@Framework@0|7)
2026-07-21 10:54:35,099 fastran_tr_fastran_8 DEBUG    _get_service_response(REQUEST|fastran_FPP_000001@fastran@8|FRAMEWORK@Framework@0|7), response = ServiceResponseMessage(sender_id=FRAMEWORK@Framework@0, receiver_id=fastran_FPP_000001@fastran@8, request_msg_id=REQUEST|fastran_FPP_000001@fastran@8|FRAMEWORK@Framework@0|7,status=0, args=(None,), message_id=RESPONSE|FRAMEWORK@Framework@0|fastran_FPP_000001@fastran@8|941)
2026-07-21 10:55:28,923 fastran_tr_fastran_8 DEBUG    _invoke_service(): getTopic  ('_IPS_MONITOR',)
2026-07-21 10:55:28,923 fastran_tr_fastran_8 DEBUG    _get_service_response(REQUEST|fastran_FPP_000001@fastran@8|FRAMEWORK@Framework@0|8)
2026-07-21 10:55:28,934 fastran_tr_fastran_8 DEBUG    _get_service_response(REQUEST|fastran_FPP_000001@fastran@8|FRAMEWORK@Framework@0|8), response = ServiceResponseMessage(sender_id=FRAMEWORK@Framework@0, receiver_id=fastran_FPP_000001@fastran@8, request_msg_id=REQUEST|fastran_FPP_000001@fastran@8|FRAMEWORK@Framework@0|8,status=0, args=(<ipsframework.cca_es_spec.Topic object at 0x7f0ad2b185b0>,), message_id=RESPONSE|FRAMEWORK@Framework@0|fastran_FPP_000001@fastran@8|1047)
2026-07-21 10:55:28,934 fastran_tr_fastran_8 DEBUG    _invoke_service(): sendEvent  ('_IPS_MONITOR', 'PORTAL_EVENT', {'sim_name': 'fastran_FPP_000001', 'real_sim_name': 'fastran_FPP_000001', 'portal_data': {'code': 'fastran_tr_fastran', 'eventtype': 'IPS_TASK_END', 'ok': True, 'walltime': '437.96', 'time': '2026-07-21|10:55:28PDT', 'trace': {'timestamp': 1784656475076984, 'duration': 53846310, 'localEndpoint': {'serviceName': '/global/common/software/atom/perlmutter/binaries/fastran/default/xfastran_ver1.07'}, 'name': '6 21', 'id': '8d3011dceed0d201', 'parentId': 'df5e6cd0e63af24f', 'tags': {'procs_requested': '126', 'cores_allocated': '128'}}, 'state': 'Running', 'comment': 'task_id = 3  elapsed time = 53.85 S'}})
2026-07-21 10:55:28,934 fastran_tr_fastran_8 DEBUG    _get_service_response(REQUEST|fastran_FPP_000001@fastran@8|FRAMEWORK@Framework@0|9)
2026-07-21 10:55:28,946 fastran_tr_fastran_8 DEBUG    _get_service_response(REQUEST|fastran_FPP_000001@fastran@8|FRAMEWORK@Framework@0|9), response = ServiceResponseMessage(sender_id=FRAMEWORK@Framework@0, receiver_id=fastran_FPP_000001@fastran@8, request_msg_id=REQUEST|fastran_FPP_000001@fastran@8|FRAMEWORK@Framework@0|9,status=0, args=(None,), message_id=RESPONSE|FRAMEWORK@Framework@0|fastran_FPP_000001@fastran@8|1048)
2026-07-21 10:55:28,946 fastran_tr_fastran_8 DEBUG    _invoke_service(): finish_task  (3, 0)
2026-07-21 10:55:28,946 fastran_tr_fastran_8 DEBUG    _get_service_response(REQUEST|fastran_FPP_000001@fastran@8|FRAMEWORK@Framework@0|10)
2026-07-21 10:55:28,957 fastran_tr_fastran_8 DEBUG    _get_service_response(REQUEST|fastran_FPP_000001@fastran@8|FRAMEWORK@Framework@0|10), response = ServiceResponseMessage(sender_id=FRAMEWORK@Framework@0, receiver_id=fastran_FPP_000001@fastran@8, request_msg_id=REQUEST|fastran_FPP_000001@fastran@8|FRAMEWORK@Framework@0|10,status=0, args=(0,), message_id=RESPONSE|FRAMEWORK@Framework@0|fastran_FPP_000001@fastran@8|1049)
2026-07-21 10:55:29,251 fastran_tr_fastran_8 DEBUG    _invoke_service(): update_state  (['s000001.00001', 'g000001.00001', 'i000001.00001'], '/pscratch/sd/h/hswils/github_repos/MANTA_DBSCANS/IC+RAD+TGLF/bcfrom2024/basecase/SCAN/work/fastran_tr_fastran_8', '/pscratch/sd/h/hswils/github_repos/MANTA_DBSCANS/IC+RAD+TGLF/bcfrom2024/basecase/SCAN/work/plasma_state')
2026-07-21 10:55:29,251 fastran_tr_fastran_8 DEBUG    _get_service_response(REQUEST|fastran_FPP_000001@fastran@8|FRAMEWORK@Framework@0|11)
2026-07-21 10:55:29,271 fastran_tr_fastran_8 DEBUG    _get_service_response(REQUEST|fastran_FPP_000001@fastran@8|FRAMEWORK@Framework@0|11), response = ServiceResponseMessage(sender_id=FRAMEWORK@Framework@0, receiver_id=fastran_FPP_000001@fastran@8, request_msg_id=REQUEST|fastran_FPP_000001@fastran@8|FRAMEWORK@Framework@0|11,status=0, args=(0,), message_id=RESPONSE|FRAMEWORK@Framework@0|fastran_FPP_000001@fastran@8|1050)
2026-07-21 10:55:29,271 fastran_tr_fastran_8 DEBUG    _invoke_service(): getTopic  ('_IPS_MONITOR',)
2026-07-21 10:55:29,271 fastran_tr_fastran_8 DEBUG    _get_service_response(REQUEST|fastran_FPP_000001@fastran@8|FRAMEWORK@Framework@0|12)
2026-07-21 10:55:29,282 fastran_tr_fastran_8 DEBUG    _get_service_response(REQUEST|fastran_FPP_000001@fastran@8|FRAMEWORK@Framework@0|12), response = ServiceResponseMessage(sender_id=FRAMEWORK@Framework@0, receiver_id=fastran_FPP_000001@fastran@8, request_msg_id=REQUEST|fastran_FPP_000001@fastran@8|FRAMEWORK@Framework@0|12,status=0, args=(<ipsframework.cca_es_spec.Topic object at 0x7f0ad2b2ba30>,), message_id=RESPONSE|FRAMEWORK@Framework@0|fastran_FPP_000001@fastran@8|1052)
2026-07-21 10:55:29,282 fastran_tr_fastran_8 DEBUG    _invoke_service(): sendEvent  ('_IPS_MONITOR', 'PORTAL_EVENT', {'sim_name': 'fastran_FPP_000001', 'real_sim_name': 'fastran_FPP_000001', 'portal_data': {'code': 'fastran_tr_fastran', 'eventtype': 'IPS_UPDATE_STATE', 'ok': True, 'walltime': '438.31', 'time': '2026-07-21|10:55:29PDT', 'trace': {'timestamp': 1784656529251372, 'duration': 20169, 'localEndpoint': {'serviceName': 'update_state'}, 'name': "['s000001.00001', 'g000001.00001', 'i000001.00001']", 'id': '7629e189a66153c0', 'parentId': 'df5e6cd0e63af24f', 'tags': {}}, 'state': 'Running', 'comment': 'Elapsed time = 0.020   files = s000001.00001 g000001.00001 i000001.00001 Success'}})
2026-07-21 10:55:29,282 fastran_tr_fastran_8 DEBUG    _get_service_response(REQUEST|fastran_FPP_000001@fastran@8|FRAMEWORK@Framework@0|13)
2026-07-21 10:55:29,293 fastran_tr_fastran_8 DEBUG    _get_service_response(REQUEST|fastran_FPP_000001@fastran@8|FRAMEWORK@Framework@0|13), response = ServiceResponseMessage(sender_id=FRAMEWORK@Framework@0, receiver_id=fastran_FPP_000001@fastran@8, request_msg_id=REQUEST|fastran_FPP_000001@fastran@8|FRAMEWORK@Framework@0|13,status=0, args=(None,), message_id=RESPONSE|FRAMEWORK@Framework@0|fastran_FPP_000001@fastran@8|1053)
2026-07-21 10:55:29,312 fastran_tr_fastran_8 DEBUG    _invoke_service(): getTopic  ('_IPS_MONITOR',)
2026-07-21 10:55:29,312 fastran_tr_fastran_8 DEBUG    _get_service_response(REQUEST|fastran_FPP_000001@fastran@8|FRAMEWORK@Framework@0|14)
2026-07-21 10:55:29,322 fastran_tr_fastran_8 DEBUG    _get_service_response(REQUEST|fastran_FPP_000001@fastran@8|FRAMEWORK@Framework@0|14), response = ServiceResponseMessage(sender_id=FRAMEWORK@Framework@0, receiver_id=fastran_FPP_000001@fastran@8, request_msg_id=REQUEST|fastran_FPP_000001@fastran@8|FRAMEWORK@Framework@0|14,status=0, args=(<ipsframework.cca_es_spec.Topic object at 0x7f0ad2b2bac0>,), message_id=RESPONSE|FRAMEWORK@Framework@0|fastran_FPP_000001@fastran@8|1054)
2026-07-21 10:55:29,322 fastran_tr_fastran_8 DEBUG    _invoke_service(): sendEvent  ('_IPS_MONITOR', 'PORTAL_EVENT', {'sim_name': 'fastran_FPP_000001', 'real_sim_name': 'fastran_FPP_000001', 'portal_data': {'code': 'fastran_tr_fastran', 'eventtype': 'IPS_STAGE_OUTPUTS', 'ok': True, 'walltime': '438.35', 'time': '2026-07-21|10:55:29PDT', 'trace': {'timestamp': 1784656529293042, 'duration': 18924, 'localEndpoint': {'serviceName': 'stage_output_files'}, 'name': "['fastran.nc', 'inprof', 'inmetric', 'infastran', 'intglf', 'xfastran.log', 'i000001.00001']", 'id': '7349cfaaafc33980', 'parentId': 'df5e6cd0e63af24f', 'tags': {}}, 'state': 'Running', 'comment': "Elapsed time = 0.019 Path = /pscratch/sd/h/hswils/github_repos/MANTA_DBSCANS/IC+RAD+TGLF/bcfrom2024/basecase/SCAN/simulation_results/0/components/fastran_tr_fastran_8 Files = ['fastran.nc', 'inprof', 'inmetric', 'infastran', 'intglf', 'xfastran.log', 'i000001.00001']"}})
2026-07-21 10:55:29,322 fastran_tr_fastran_8 DEBUG    _get_service_response(REQUEST|fastran_FPP_000001@fastran@8|FRAMEWORK@Framework@0|15)
2026-07-21 10:55:29,333 fastran_tr_fastran_8 DEBUG    _get_service_response(REQUEST|fastran_FPP_000001@fastran@8|FRAMEWORK@Framework@0|15), response = ServiceResponseMessage(sender_id=FRAMEWORK@Framework@0, receiver_id=fastran_FPP_000001@fastran@8, request_msg_id=REQUEST|fastran_FPP_000001@fastran@8|FRAMEWORK@Framework@0|15,status=0, args=(None,), message_id=RESPONSE|FRAMEWORK@Framework@0|fastran_FPP_000001@fastran@8|1055)
2026-07-21 10:55:29,343 fastran_driver_fastran_driver_2 DEBUG    _get_service_response(REQUEST|fastran_FPP_000001@fastran_driver@2|FRAMEWORK@Framework@0|94), response = ServiceResponseMessage(sender_id=FRAMEWORK@Framework@0, receiver_id=fastran_FPP_000001@fastran_driver@2, request_msg_id=REQUEST|fastran_FPP_000001@fastran_driver@2|FRAMEWORK@Framework@0|94,status=0, args=((None,),), message_id=RESPONSE|FRAMEWORK@Framework@0|fastran_FPP_000001@fastran_driver@2|1056)
2026-07-21 10:55:29,344 fastran_driver_fastran_driver_2 DEBUG    _invoke_service(): getTopic  ('_IPS_MONITOR',)
2026-07-21 10:55:29,344 fastran_driver_fastran_driver_2 DEBUG    _get_service_response(REQUEST|fastran_FPP_000001@fastran_driver@2|FRAMEWORK@Framework@0|95)
2026-07-21 10:55:29,355 fastran_driver_fastran_driver_2 DEBUG    _get_service_response(REQUEST|fastran_FPP_000001@fastran_driver@2|FRAMEWORK@Framework@0|95), response = ServiceResponseMessage(sender_id=FRAMEWORK@Framework@0, receiver_id=fastran_FPP_000001@fastran_driver@2, request_msg_id=REQUEST|fastran_FPP_000001@fastran_driver@2|FRAMEWORK@Framework@0|95,status=0, args=(<ipsframework.cca_es_spec.Topic object at 0x7f0ad2b75af0>,), message_id=RESPONSE|FRAMEWORK@Framework@0|fastran_FPP_000001@fastran_driver@2|1057)
2026-07-21 10:55:29,355 fastran_driver_fastran_driver_2 DEBUG    _invoke_service(): sendEvent  ('_IPS_MONITOR', 'PORTAL_EVENT', {'sim_name': 'fastran_FPP_000001', 'real_sim_name': 'fastran_FPP_000001', 'portal_data': {'code': 'fastran_driver_fastran_driver', 'eventtype': 'IPS_CALL_END', 'ok': True, 'walltime': '438.38', 'time': '2026-07-21|10:55:29PDT', 'trace': {'timestamp': 1784656474735894, 'duration': 54608138, 'localEndpoint': {'serviceName': 'fastran_FPP_000001@fastran@8'}, 'name': 'step(0)', 'id': 'df5e6cd0e63af24f', 'parentId': 'f899e3e5886669ce', 'tags': {}}, 'state': 'Running', 'comment': 'Target = fastran_FPP_000001@fastran@8:step(0)'}})
2026-07-21 10:55:29,355 fastran_driver_fastran_driver_2 DEBUG    _get_service_response(REQUEST|fastran_FPP_000001@fastran_driver@2|FRAMEWORK@Framework@0|96)
2026-07-21 10:55:29,366 fastran_driver_fastran_driver_2 DEBUG    _get_service_response(REQUEST|fastran_FPP_000001@fastran_driver@2|FRAMEWORK@Framework@0|96), response = ServiceResponseMessage(sender_id=FRAMEWORK@Framework@0, receiver_id=fastran_FPP_000001@fastran_driver@2, request_msg_id=REQUEST|fastran_FPP_000001@fastran_driver@2|FRAMEWORK@Framework@0|96,status=0, args=(None,), message_id=RESPONSE|FRAMEWORK@Framework@0|fastran_FPP_000001@fastran_driver@2|1058)
2026-07-21 10:55:29,366 fastran_driver_fastran_driver_2 DEBUG    _invoke_service(): stage_state  (['s000001.00001', 'g000001.00001', 'i000001.00001'], '/pscratch/sd/h/hswils/github_repos/MANTA_DBSCANS/IC+RAD+TGLF/bcfrom2024/basecase/SCAN/work/plasma_state', '/pscratch/sd/h/hswils/github_repos/MANTA_DBSCANS/IC+RAD+TGLF/bcfrom2024/basecase/SCAN/work/fastran_driver_fastran_driver_2')
2026-07-21 10:55:29,366 fastran_driver_fastran_driver_2 DEBUG    _get_service_response(REQUEST|fastran_FPP_000001@fastran_driver@2|FRAMEWORK@Framework@0|97)
2026-07-21 10:55:29,388 fastran_driver_fastran_driver_2 DEBUG    _get_service_response(REQUEST|fastran_FPP_000001@fastran_driver@2|FRAMEWORK@Framework@0|97), response = ServiceResponseMessage(sender_id=FRAMEWORK@Framework@0, receiver_id=fastran_FPP_000001@fastran_driver@2, request_msg_id=REQUEST|fastran_FPP_000001@fastran_driver@2|FRAMEWORK@Framework@0|97,status=0, args=(0,), message_id=RESPONSE|FRAMEWORK@Framework@0|fastran_FPP_000001@fastran_driver@2|1059)
2026-07-21 10:55:29,388 fastran_driver_fastran_driver_2 DEBUG    _invoke_service(): getTopic  ('_IPS_MONITOR',)
2026-07-21 10:55:29,388 fastran_driver_fastran_driver_2 DEBUG    _get_service_response(REQUEST|fastran_FPP_000001@fastran_driver@2|FRAMEWORK@Framework@0|98)
2026-07-21 10:55:29,398 fastran_driver_fastran_driver_2 DEBUG    _get_service_response(REQUEST|fastran_FPP_000001@fastran_driver@2|FRAMEWORK@Framework@0|98), response = ServiceResponseMessage(sender_id=FRAMEWORK@Framework@0, receiver_id=fastran_FPP_000001@fastran_driver@2, request_msg_id=REQUEST|fastran_FPP_000001@fastran_driver@2|FRAMEWORK@Framework@0|98,status=0, args=(<ipsframework.cca_es_spec.Topic object at 0x7f0ad2b75610>,), message_id=RESPONSE|FRAMEWORK@Framework@0|fastran_FPP_000001@fastran_driver@2|1060)
2026-07-21 10:55:29,398 fastran_driver_fastran_driver_2 DEBUG    _invoke_service(): sendEvent  ('_IPS_MONITOR', 'PORTAL_EVENT', {'sim_name': 'fastran_FPP_000001', 'real_sim_name': 'fastran_FPP_000001', 'portal_data': {'code': 'fastran_driver_fastran_driver', 'eventtype': 'IPS_STAGE_STATE', 'ok': True, 'walltime': '438.42', 'time': '2026-07-21|10:55:29PDT', 'trace': {'timestamp': 1784656529366408, 'duration': 21849, 'localEndpoint': {'serviceName': 'stage_state'}, 'name': "['s000001.00001', 'g000001.00001', 'i000001.00001']", 'id': '71885aecf25d7412', 'parentId': 'f899e3e5886669ce', 'tags': {}}, 'state': 'Running', 'comment': 'Elapsed time = 0.022  files = s000001.00001 g000001.00001 i000001.00001 Success'}})
2026-07-21 10:55:29,399 fastran_driver_fastran_driver_2 DEBUG    _get_service_response(REQUEST|fastran_FPP_000001@fastran_driver@2|FRAMEWORK@Framework@0|99)
2026-07-21 10:55:29,409 fastran_driver_fastran_driver_2 DEBUG    _get_service_response(REQUEST|fastran_FPP_000001@fastran_driver@2|FRAMEWORK@Framework@0|99), response = ServiceResponseMessage(sender_id=FRAMEWORK@Framework@0, receiver_id=fastran_FPP_000001@fastran_driver@2, request_msg_id=REQUEST|fastran_FPP_000001@fastran_driver@2|FRAMEWORK@Framework@0|99,status=0, args=(None,), message_id=RESPONSE|FRAMEWORK@Framework@0|fastran_FPP_000001@fastran_driver@2|1061)
2026-07-21 10:55:29,411 fastran_driver_fastran_driver_2 DEBUG    _invoke_service(): getTopic  ('_IPS_MONITOR',)
2026-07-21 10:55:29,411 fastran_driver_fastran_driver_2 DEBUG    _get_service_response(REQUEST|fastran_FPP_000001@fastran_driver@2|FRAMEWORK@Framework@0|100)
2026-07-21 10:55:29,421 fastran_driver_fastran_driver_2 DEBUG    _get_service_response(REQUEST|fastran_FPP_000001@fastran_driver@2|FRAMEWORK@Framework@0|100), response = ServiceResponseMessage(sender_id=FRAMEWORK@Framework@0, receiver_id=fastran_FPP_000001@fastran_driver@2, request_msg_id=REQUEST|fastran_FPP_000001@fastran_driver@2|FRAMEWORK@Framework@0|100,status=0, args=(<ipsframework.cca_es_spec.Topic object at 0x7f0ad2b75c40>,), message_id=RESPONSE|FRAMEWORK@Framework@0|fastran_FPP_000001@fastran_driver@2|1062)
2026-07-21 10:55:29,421 fastran_driver_fastran_driver_2 DEBUG    _invoke_service(): sendEvent  ('_IPS_MONITOR', 'PORTAL_EVENT', {'sim_name': 'fastran_FPP_000001', 'real_sim_name': 'fastran_FPP_000001', 'portal_data': {'code': 'fastran_driver_fastran_driver', 'eventtype': 'IPS_STAGE_OUTPUTS', 'ok': True, 'walltime': '438.45', 'time': '2026-07-21|10:55:29PDT', 'trace': {'timestamp': 1784656529409767, 'duration': 1356, 'localEndpoint': {'serviceName': 'stage_output_files'}, 'name': '[]', 'id': 'ed019efe11be26d9', 'parentId': 'f899e3e5886669ce', 'tags': {}}, 'state': 'Running', 'comment': 'Elapsed time = 0.001 Path = /pscratch/sd/h/hswils/github_repos/MANTA_DBSCANS/IC+RAD+TGLF/bcfrom2024/basecase/SCAN/simulation_results/0/components/fastran_driver_fastran_driver_2 Files = []'}})
2026-07-21 10:55:29,421 fastran_driver_fastran_driver_2 DEBUG    _get_service_response(REQUEST|fastran_FPP_000001@fastran_driver@2|FRAMEWORK@Framework@0|101)
2026-07-21 10:55:29,432 fastran_driver_fastran_driver_2 DEBUG    _get_service_response(REQUEST|fastran_FPP_000001@fastran_driver@2|FRAMEWORK@Framework@0|101), response = ServiceResponseMessage(sender_id=FRAMEWORK@Framework@0, receiver_id=fastran_FPP_000001@fastran_driver@2, request_msg_id=REQUEST|fastran_FPP_000001@fastran_driver@2|FRAMEWORK@Framework@0|101,status=0, args=(None,), message_id=RESPONSE|FRAMEWORK@Framework@0|fastran_FPP_000001@fastran_driver@2|1063)
2026-07-21 10:55:29,432 fastran_driver_fastran_driver_2 DEBUG    _invoke_service(): getTopic  ('_IPS_MONITOR',)
2026-07-21 10:55:29,432 fastran_driver_fastran_driver_2 DEBUG    _get_service_response(REQUEST|fastran_FPP_000001@fastran_driver@2|FRAMEWORK@Framework@0|102)
2026-07-21 10:55:29,443 fastran_driver_fastran_driver_2 DEBUG    _get_service_response(REQUEST|fastran_FPP_000001@fastran_driver@2|FRAMEWORK@Framework@0|102), response = ServiceResponseMessage(sender_id=FRAMEWORK@Framework@0, receiver_id=fastran_FPP_000001@fastran_driver@2, request_msg_id=REQUEST|fastran_FPP_000001@fastran_driver@2|FRAMEWORK@Framework@0|102,status=0, args=(<ipsframework.cca_es_spec.Topic object at 0x7f0ad2b759a0>,), message_id=RESPONSE|FRAMEWORK@Framework@0|fastran_FPP_000001@fastran_driver@2|1064)
2026-07-21 10:55:29,443 fastran_driver_fastran_driver_2 DEBUG    _invoke_service(): sendEvent  ('_IPS_MONITOR', 'PORTALBRIDGE_UPDATE_TIMESTAMP', {'sim_name': 'fastran_FPP_000001', 'real_sim_name': 'fastran_FPP_000001', 'portal_data': {'phystimestamp': 1, 'eventtype': 'PORTALBRIDGE_UPDATE_TIMESTAMP'}})
2026-07-21 10:55:29,443 fastran_driver_fastran_driver_2 DEBUG    _get_service_response(REQUEST|fastran_FPP_000001@fastran_driver@2|FRAMEWORK@Framework@0|103)
2026-07-21 10:55:29,454 fastran_driver_fastran_driver_2 DEBUG    _get_service_response(REQUEST|fastran_FPP_000001@fastran_driver@2|FRAMEWORK@Framework@0|103), response = ServiceResponseMessage(sender_id=FRAMEWORK@Framework@0, receiver_id=fastran_FPP_000001@fastran_driver@2, request_msg_id=REQUEST|fastran_FPP_000001@fastran_driver@2|FRAMEWORK@Framework@0|103,status=0, args=(None,), message_id=RESPONSE|FRAMEWORK@Framework@0|fastran_FPP_000001@fastran_driver@2|1065)
2026-07-21 10:55:29,454 fastran_driver_fastran_driver_2 DEBUG    _invoke_service(): getTopic  ('_IPS_MONITOR',)
2026-07-21 10:55:29,454 fastran_driver_fastran_driver_2 DEBUG    _get_service_response(REQUEST|fastran_FPP_000001@fastran_driver@2|FRAMEWORK@Framework@0|104)
2026-07-21 10:55:29,465 fastran_driver_fastran_driver_2 DEBUG    _get_service_response(REQUEST|fastran_FPP_000001@fastran_driver@2|FRAMEWORK@Framework@0|104), response = ServiceResponseMessage(sender_id=FRAMEWORK@Framework@0, receiver_id=fastran_FPP_000001@fastran_driver@2, request_msg_id=REQUEST|fastran_FPP_000001@fastran_driver@2|FRAMEWORK@Framework@0|104,status=0, args=(<ipsframework.cca_es_spec.Topic object at 0x7f0ad2b75c40>,), message_id=RESPONSE|FRAMEWORK@Framework@0|fastran_FPP_000001@fastran_driver@2|1066)
2026-07-21 10:55:29,465 fastran_driver_fastran_driver_2 DEBUG    _invoke_service(): sendEvent  ('_IPS_MONITOR', 'PORTAL_EVENT', {'sim_name': 'fastran_FPP_000001', 'real_sim_name': 'fastran_FPP_000001', 'portal_data': {'code': 'fastran_driver_fastran_driver', 'eventtype': 'IPS_UPDATE_TIME_STAMP', 'ok': True, 'walltime': '438.49', 'time': '2026-07-21|10:55:29PDT', 'state': 'Running', 'comment': 'Timestamp = 1'}})
2026-07-21 10:55:29,465 fastran_driver_fastran_driver_2 DEBUG    _get_service_response(REQUEST|fastran_FPP_000001@fastran_driver@2|FRAMEWORK@Framework@0|105)
2026-07-21 10:55:29,476 fastran_driver_fastran_driver_2 DEBUG    _get_service_response(REQUEST|fastran_FPP_000001@fastran_driver@2|FRAMEWORK@Framework@0|105), response = ServiceResponseMessage(sender_id=FRAMEWORK@Framework@0, receiver_id=fastran_FPP_000001@fastran_driver@2, request_msg_id=REQUEST|fastran_FPP_000001@fastran_driver@2|FRAMEWORK@Framework@0|105,status=0, args=(None,), message_id=RESPONSE|FRAMEWORK@Framework@0|fastran_FPP_000001@fastran_driver@2|1067)
2026-07-21 10:55:29,476 fastran_driver_fastran_driver_2 DEBUG    _invoke_service(): getTopic  ('_IPS_MONITOR',)
2026-07-21 10:55:29,476 fastran_driver_fastran_driver_2 DEBUG    _get_service_response(REQUEST|fastran_FPP_000001@fastran_driver@2|FRAMEWORK@Framework@0|106)
2026-07-21 10:55:29,487 fastran_driver_fastran_driver_2 DEBUG    _get_service_response(REQUEST|fastran_FPP_000001@fastran_driver@2|FRAMEWORK@Framework@0|106), response = ServiceResponseMessage(sender_id=FRAMEWORK@Framework@0, receiver_id=fastran_FPP_000001@fastran_driver@2, request_msg_id=REQUEST|fastran_FPP_000001@fastran_driver@2|FRAMEWORK@Framework@0|106,status=0, args=(<ipsframework.cca_es_spec.Topic object at 0x7f0ad2b75c70>,), message_id=RESPONSE|FRAMEWORK@Framework@0|fastran_FPP_000001@fastran_driver@2|1068)
2026-07-21 10:55:29,487 fastran_driver_fastran_driver_2 DEBUG    _invoke_service(): sendEvent  ('_IPS_MONITOR', 'PORTAL_EVENT', {'sim_name': 'fastran_FPP_000001', 'real_sim_name': 'fastran_FPP_000001', 'portal_data': {'code': 'fastran_driver_fastran_driver', 'eventtype': 'IPS_CALL_BEGIN', 'ok': True, 'walltime': '438.51', 'time': '2026-07-21|10:55:29PDT', 'state': 'Running', 'comment': 'Target = fastran_FPP_000001@impurity_radiation@5:step(1)'}})
2026-07-21 10:55:29,487 fastran_driver_fastran_driver_2 DEBUG    _get_service_response(REQUEST|fastran_FPP_000001@fastran_driver@2|FRAMEWORK@Framework@0|107)
2026-07-21 10:55:29,498 fastran_driver_fastran_driver_2 DEBUG    _get_service_response(REQUEST|fastran_FPP_000001@fastran_driver@2|FRAMEWORK@Framework@0|107), response = ServiceResponseMessage(sender_id=FRAMEWORK@Framework@0, receiver_id=fastran_FPP_000001@fastran_driver@2, request_msg_id=REQUEST|fastran_FPP_000001@fastran_driver@2|FRAMEWORK@Framework@0|107,status=0, args=(None,), message_id=RESPONSE|FRAMEWORK@Framework@0|fastran_FPP_000001@fastran_driver@2|1069)
2026-07-21 10:55:29,498 fastran_driver_fastran_driver_2 DEBUG    _invoke_service(): init_call  ('step', 1)
2026-07-21 10:55:29,498 fastran_driver_fastran_driver_2 DEBUG    _get_service_response(REQUEST|fastran_FPP_000001@fastran_driver@2|FRAMEWORK@Framework@0|108)
2026-07-21 10:55:29,499 fastran__impurity_radiation_5 DEBUG    Received Message 
2026-07-21 10:55:29,499 fastran__impurity_radiation_5 DEBUG    Calling method step(1)
2026-07-21 10:55:29,500 fastran__impurity_radiation_5 DEBUG    _invoke_service(): stage_state  (['s000001.00001', 'g000001.00001', 'i000001.00001'], '/pscratch/sd/h/hswils/github_repos/MANTA_DBSCANS/IC+RAD+TGLF/bcfrom2024/basecase/SCAN/work/plasma_state', '/pscratch/sd/h/hswils/github_repos/MANTA_DBSCANS/IC+RAD+TGLF/bcfrom2024/basecase/SCAN/work/fastran__impurity_radiation_5')
2026-07-21 10:55:29,500 fastran__impurity_radiation_5 DEBUG    _get_service_response(REQUEST|fastran_FPP_000001@impurity_radiation@5|FRAMEWORK@Framework@0|13)
2026-07-21 10:55:29,509 fastran_driver_fastran_driver_2 DEBUG    _get_service_response(REQUEST|fastran_FPP_000001@fastran_driver@2|FRAMEWORK@Framework@0|108), response = ServiceResponseMessage(sender_id=FRAMEWORK@Framework@0, receiver_id=fastran_FPP_000001@fastran_driver@2, request_msg_id=REQUEST|fastran_FPP_000001@fastran_driver@2|FRAMEWORK@Framework@0|108,status=0, args=(23,), message_id=RESPONSE|FRAMEWORK@Framework@0|fastran_FPP_000001@fastran_driver@2|1070)
2026-07-21 10:55:29,509 fastran_driver_fastran_driver_2 DEBUG    _invoke_service(): wait_call  (23, True)
2026-07-21 10:55:29,509 fastran_driver_fastran_driver_2 DEBUG    _get_service_response(REQUEST|fastran_FPP_000001@fastran_driver@2|FRAMEWORK@Framework@0|109)
2026-07-21 10:55:29,520 fastran__impurity_radiation_5 DEBUG    _get_service_response(REQUEST|fastran_FPP_000001@impurity_radiation@5|FRAMEWORK@Framework@0|13), response = ServiceResponseMessage(sender_id=FRAMEWORK@Framework@0, receiver_id=fastran_FPP_000001@impurity_radiation@5, request_msg_id=REQUEST|fastran_FPP_000001@impurity_radiation@5|FRAMEWORK@Framework@0|13,status=0, args=(0,), message_id=RESPONSE|FRAMEWORK@Framework@0|fastran_FPP_000001@impurity_radiation@5|1071)
2026-07-21 10:55:29,520 fastran__impurity_radiation_5 DEBUG    _invoke_service(): getTopic  ('_IPS_MONITOR',)
2026-07-21 10:55:29,520 fastran__impurity_radiation_5 DEBUG    _get_service_response(REQUEST|fastran_FPP_000001@impurity_radiation@5|FRAMEWORK@Framework@0|14)
2026-07-21 10:55:29,531 fastran__impurity_radiation_5 DEBUG    _get_service_response(REQUEST|fastran_FPP_000001@impurity_radiation@5|FRAMEWORK@Framework@0|14), response = ServiceResponseMessage(sender_id=FRAMEWORK@Framework@0, receiver_id=fastran_FPP_000001@impurity_radiation@5, request_msg_id=REQUEST|fastran_FPP_000001@impurity_radiation@5|FRAMEWORK@Framework@0|14,status=0, args=(<ipsframework.cca_es_spec.Topic object at 0x7f0ad2b39040>,), message_id=RESPONSE|FRAMEWORK@Framework@0|fastran_FPP_000001@impurity_radiation@5|1072)
2026-07-21 10:55:29,531 fastran__impurity_radiation_5 DEBUG    _invoke_service(): sendEvent  ('_IPS_MONITOR', 'PORTAL_EVENT', {'sim_name': 'fastran_FPP_000001', 'real_sim_name': 'fastran_FPP_000001', 'portal_data': {'code': 'fastran__impurity_radiation', 'eventtype': 'IPS_STAGE_STATE', 'ok': True, 'walltime': '438.56', 'time': '2026-07-21|10:55:29PDT', 'trace': {'timestamp': 1784656529500035, 'duration': 20702, 'localEndpoint': {'serviceName': 'stage_state'}, 'name': "['s000001.00001', 'g000001.00001', 'i000001.00001']", 'id': '71885aecf25d7412', 'parentId': 'dfc15df24f18fdb7', 'tags': {}}, 'state': 'Running', 'comment': 'Elapsed time = 0.021  files = s000001.00001 g000001.00001 i000001.00001 Success'}})
2026-07-21 10:55:29,531 fastran__impurity_radiation_5 DEBUG    _get_service_response(REQUEST|fastran_FPP_000001@impurity_radiation@5|FRAMEWORK@Framework@0|15)
2026-07-21 10:55:29,542 fastran__impurity_radiation_5 DEBUG    _get_service_response(REQUEST|fastran_FPP_000001@impurity_radiation@5|FRAMEWORK@Framework@0|15), response = ServiceResponseMessage(sender_id=FRAMEWORK@Framework@0, receiver_id=fastran_FPP_000001@impurity_radiation@5, request_msg_id=REQUEST|fastran_FPP_000001@impurity_radiation@5|FRAMEWORK@Framework@0|15,status=0, args=(None,), message_id=RESPONSE|FRAMEWORK@Framework@0|fastran_FPP_000001@impurity_radiation@5|1073)
2026-07-21 10:55:29,542 fastran__impurity_radiation_5 DEBUG    _invoke_service(): getTopic  ('_IPS_MONITOR',)
2026-07-21 10:55:29,542 fastran__impurity_radiation_5 DEBUG    _get_service_response(REQUEST|fastran_FPP_000001@impurity_radiation@5|FRAMEWORK@Framework@0|16)
2026-07-21 10:55:29,553 fastran__impurity_radiation_5 DEBUG    _get_service_response(REQUEST|fastran_FPP_000001@impurity_radiation@5|FRAMEWORK@Framework@0|16), response = ServiceResponseMessage(sender_id=FRAMEWORK@Framework@0, receiver_id=fastran_FPP_000001@impurity_radiation@5, request_msg_id=REQUEST|fastran_FPP_000001@impurity_radiation@5|FRAMEWORK@Framework@0|16,status=0, args=(<ipsframework.cca_es_spec.Topic object at 0x7f0ad2b392b0>,), message_id=RESPONSE|FRAMEWORK@Framework@0|fastran_FPP_000001@impurity_radiation@5|1074)
2026-07-21 10:55:29,553 fastran__impurity_radiation_5 DEBUG    _invoke_service(): sendEvent  ('_IPS_MONITOR', 'PORTAL_EVENT', {'sim_name': 'fastran_FPP_000001', 'real_sim_name': 'fastran_FPP_000001', 'portal_data': {'code': 'fastran__impurity_radiation', 'eventtype': 'IPS_STAGE_INPUTS', 'ok': True, 'walltime': '438.58', 'time': '2026-07-21|10:55:29PDT', 'trace': {'timestamp': 1784656529542389, 'duration': 66, 'localEndpoint': {'serviceName': 'stage_input_files'}, 'name': '', 'id': 'e70cb59b389672bf', 'parentId': 'dfc15df24f18fdb7', 'tags': {}}, 'state': 'Running', 'comment': 'Elapsed time = 0.000 Path = /pscratch/sd/h/hswils/github_repos/MANTA_DBSCANS/IC+RAD+TGLF/bcfrom2024/basecase/input Files = '}})
2026-07-21 10:55:29,553 fastran__impurity_radiation_5 DEBUG    _get_service_response(REQUEST|fastran_FPP_000001@impurity_radiation@5|FRAMEWORK@Framework@0|17)
2026-07-21 10:55:29,564 fastran__impurity_radiation_5 DEBUG    _get_service_response(REQUEST|fastran_FPP_000001@impurity_radiation@5|FRAMEWORK@Framework@0|17), response = ServiceResponseMessage(sender_id=FRAMEWORK@Framework@0, receiver_id=fastran_FPP_000001@impurity_radiation@5, request_msg_id=REQUEST|fastran_FPP_000001@impurity_radiation@5|FRAMEWORK@Framework@0|17,status=0, args=(None,), message_id=RESPONSE|FRAMEWORK@Framework@0|fastran_FPP_000001@impurity_radiation@5|1075)
2026-07-21 10:55:29,782 fastran__impurity_radiation_5 DEBUG    _invoke_service(): update_state  (['s000001.00001', 'g000001.00001', 'i000001.00001'], '/pscratch/sd/h/hswils/github_repos/MANTA_DBSCANS/IC+RAD+TGLF/bcfrom2024/basecase/SCAN/work/fastran__impurity_radiation_5', '/pscratch/sd/h/hswils/github_repos/MANTA_DBSCANS/IC+RAD+TGLF/bcfrom2024/basecase/SCAN/work/plasma_state')
2026-07-21 10:55:29,782 fastran__impurity_radiation_5 DEBUG    _get_service_response(REQUEST|fastran_FPP_000001@impurity_radiation@5|FRAMEWORK@Framework@0|18)
2026-07-21 10:55:29,803 fastran__impurity_radiation_5 DEBUG    _get_service_response(REQUEST|fastran_FPP_000001@impurity_radiation@5|FRAMEWORK@Framework@0|18), response = ServiceResponseMessage(sender_id=FRAMEWORK@Framework@0, receiver_id=fastran_FPP_000001@impurity_radiation@5, request_msg_id=REQUEST|fastran_FPP_000001@impurity_radiation@5|FRAMEWORK@Framework@0|18,status=0, args=(0,), message_id=RESPONSE|FRAMEWORK@Framework@0|fastran_FPP_000001@impurity_radiation@5|1077)
2026-07-21 10:55:29,804 fastran__impurity_radiation_5 DEBUG    _invoke_service(): getTopic  ('_IPS_MONITOR',)
2026-07-21 10:55:29,804 fastran__impurity_radiation_5 DEBUG    _get_service_response(REQUEST|fastran_FPP_000001@impurity_radiation@5|FRAMEWORK@Framework@0|19)
2026-07-21 10:55:29,814 fastran__impurity_radiation_5 DEBUG    _get_service_response(REQUEST|fastran_FPP_000001@impurity_radiation@5|FRAMEWORK@Framework@0|19), response = ServiceResponseMessage(sender_id=FRAMEWORK@Framework@0, receiver_id=fastran_FPP_000001@impurity_radiation@5, request_msg_id=REQUEST|fastran_FPP_000001@impurity_radiation@5|FRAMEWORK@Framework@0|19,status=0, args=(<ipsframework.cca_es_spec.Topic object at 0x7f0ad2b39400>,), message_id=RESPONSE|FRAMEWORK@Framework@0|fastran_FPP_000001@impurity_radiation@5|1078)
2026-07-21 10:55:29,814 fastran__impurity_radiation_5 DEBUG    _invoke_service(): sendEvent  ('_IPS_MONITOR', 'PORTAL_EVENT', {'sim_name': 'fastran_FPP_000001', 'real_sim_name': 'fastran_FPP_000001', 'portal_data': {'code': 'fastran__impurity_radiation', 'eventtype': 'IPS_UPDATE_STATE', 'ok': True, 'walltime': '438.84', 'time': '2026-07-21|10:55:29PDT', 'trace': {'timestamp': 1784656529782613, 'duration': 21355, 'localEndpoint': {'serviceName': 'update_state'}, 'name': "['s000001.00001', 'g000001.00001', 'i000001.00001']", 'id': '7629e189a66153c0', 'parentId': 'dfc15df24f18fdb7', 'tags': {}}, 'state': 'Running', 'comment': 'Elapsed time = 0.021   files = s000001.00001 g000001.00001 i000001.00001 Success'}})
2026-07-21 10:55:29,814 fastran__impurity_radiation_5 DEBUG    _get_service_response(REQUEST|fastran_FPP_000001@impurity_radiation@5|FRAMEWORK@Framework@0|20)
2026-07-21 10:55:29,825 fastran__impurity_radiation_5 DEBUG    _get_service_response(REQUEST|fastran_FPP_000001@impurity_radiation@5|FRAMEWORK@Framework@0|20), response = ServiceResponseMessage(sender_id=FRAMEWORK@Framework@0, receiver_id=fastran_FPP_000001@impurity_radiation@5, request_msg_id=REQUEST|fastran_FPP_000001@impurity_radiation@5|FRAMEWORK@Framework@0|20,status=0, args=(None,), message_id=RESPONSE|FRAMEWORK@Framework@0|fastran_FPP_000001@impurity_radiation@5|1079)
2026-07-21 10:55:29,826 fastran__impurity_radiation_5 DEBUG    _invoke_service(): getTopic  ('_IPS_MONITOR',)
2026-07-21 10:55:29,826 fastran__impurity_radiation_5 DEBUG    _get_service_response(REQUEST|fastran_FPP_000001@impurity_radiation@5|FRAMEWORK@Framework@0|21)
2026-07-21 10:55:29,837 fastran__impurity_radiation_5 DEBUG    _get_service_response(REQUEST|fastran_FPP_000001@impurity_radiation@5|FRAMEWORK@Framework@0|21), response = ServiceResponseMessage(sender_id=FRAMEWORK@Framework@0, receiver_id=fastran_FPP_000001@impurity_radiation@5, request_msg_id=REQUEST|fastran_FPP_000001@impurity_radiation@5|FRAMEWORK@Framework@0|21,status=0, args=(<ipsframework.cca_es_spec.Topic object at 0x7f0ad2b39370>,), message_id=RESPONSE|FRAMEWORK@Framework@0|fastran_FPP_000001@impurity_radiation@5|1080)
2026-07-21 10:55:29,837 fastran__impurity_radiation_5 DEBUG    _invoke_service(): sendEvent  ('_IPS_MONITOR', 'PORTAL_EVENT', {'sim_name': 'fastran_FPP_000001', 'real_sim_name': 'fastran_FPP_000001', 'portal_data': {'code': 'fastran__impurity_radiation', 'eventtype': 'IPS_STAGE_OUTPUTS', 'ok': True, 'walltime': '438.86', 'time': '2026-07-21|10:55:29PDT', 'trace': {'timestamp': 1784656529825437, 'duration': 1172, 'localEndpoint': {'serviceName': 'stage_output_files'}, 'name': '[]', 'id': 'ed019efe11be26d9', 'parentId': 'dfc15df24f18fdb7', 'tags': {}}, 'state': 'Running', 'comment': 'Elapsed time = 0.001 Path = /pscratch/sd/h/hswils/github_repos/MANTA_DBSCANS/IC+RAD+TGLF/bcfrom2024/basecase/SCAN/simulation_results/1/components/fastran__impurity_radiation_5 Files = []'}})
2026-07-21 10:55:29,837 fastran__impurity_radiation_5 DEBUG    _get_service_response(REQUEST|fastran_FPP_000001@impurity_radiation@5|FRAMEWORK@Framework@0|22)
2026-07-21 10:55:29,848 fastran__impurity_radiation_5 DEBUG    _get_service_response(REQUEST|fastran_FPP_000001@impurity_radiation@5|FRAMEWORK@Framework@0|22), response = ServiceResponseMessage(sender_id=FRAMEWORK@Framework@0, receiver_id=fastran_FPP_000001@impurity_radiation@5, request_msg_id=REQUEST|fastran_FPP_000001@impurity_radiation@5|FRAMEWORK@Framework@0|22,status=0, args=(None,), message_id=RESPONSE|FRAMEWORK@Framework@0|fastran_FPP_000001@impurity_radiation@5|1081)
2026-07-21 10:55:29,859 fastran_driver_fastran_driver_2 DEBUG    _get_service_response(REQUEST|fastran_FPP_000001@fastran_driver@2|FRAMEWORK@Framework@0|109), response = ServiceResponseMessage(sender_id=FRAMEWORK@Framework@0, receiver_id=fastran_FPP_000001@fastran_driver@2, request_msg_id=REQUEST|fastran_FPP_000001@fastran_driver@2|FRAMEWORK@Framework@0|109,status=0, args=((None,),), message_id=RESPONSE|FRAMEWORK@Framework@0|fastran_FPP_000001@fastran_driver@2|1082)
2026-07-21 10:55:29,859 fastran_driver_fastran_driver_2 DEBUG    _invoke_service(): getTopic  ('_IPS_MONITOR',)
2026-07-21 10:55:29,859 fastran_driver_fastran_driver_2 DEBUG    _get_service_response(REQUEST|fastran_FPP_000001@fastran_driver@2|FRAMEWORK@Framework@0|110)
2026-07-21 10:55:29,870 fastran_driver_fastran_driver_2 DEBUG    _get_service_response(REQUEST|fastran_FPP_000001@fastran_driver@2|FRAMEWORK@Framework@0|110), response = ServiceResponseMessage(sender_id=FRAMEWORK@Framework@0, receiver_id=fastran_FPP_000001@fastran_driver@2, request_msg_id=REQUEST|fastran_FPP_000001@fastran_driver@2|FRAMEWORK@Framework@0|110,status=0, args=(<ipsframework.cca_es_spec.Topic object at 0x7f0ad2b75910>,), message_id=RESPONSE|FRAMEWORK@Framework@0|fastran_FPP_000001@fastran_driver@2|1083)
2026-07-21 10:55:29,870 fastran_driver_fastran_driver_2 DEBUG    _invoke_service(): sendEvent  ('_IPS_MONITOR', 'PORTAL_EVENT', {'sim_name': 'fastran_FPP_000001', 'real_sim_name': 'fastran_FPP_000001', 'portal_data': {'code': 'fastran_driver_fastran_driver', 'eventtype': 'IPS_CALL_END', 'ok': True, 'walltime': '438.90', 'time': '2026-07-21|10:55:29PDT', 'trace': {'timestamp': 1784656529509538, 'duration': 349651, 'localEndpoint': {'serviceName': 'fastran_FPP_000001@impurity_radiation@5'}, 'name': 'step(1)', 'id': 'dfc15df24f18fdb7', 'parentId': 'f899e3e5886669ce', 'tags': {}}, 'state': 'Running', 'comment': 'Target = fastran_FPP_000001@impurity_radiation@5:step(1)'}})
2026-07-21 10:55:29,870 fastran_driver_fastran_driver_2 DEBUG    _get_service_response(REQUEST|fastran_FPP_000001@fastran_driver@2|FRAMEWORK@Framework@0|111)
2026-07-21 10:55:29,881 fastran_driver_fastran_driver_2 DEBUG    _get_service_response(REQUEST|fastran_FPP_000001@fastran_driver@2|FRAMEWORK@Framework@0|111), response = ServiceResponseMessage(sender_id=FRAMEWORK@Framework@0, receiver_id=fastran_FPP_000001@fastran_driver@2, request_msg_id=REQUEST|fastran_FPP_000001@fastran_driver@2|FRAMEWORK@Framework@0|111,status=0, args=(None,), message_id=RESPONSE|FRAMEWORK@Framework@0|fastran_FPP_000001@fastran_driver@2|1084)
2026-07-21 10:55:29,881 fastran_driver_fastran_driver_2 DEBUG    _invoke_service(): getTopic  ('_IPS_MONITOR',)
2026-07-21 10:55:29,881 fastran_driver_fastran_driver_2 DEBUG    _get_service_response(REQUEST|fastran_FPP_000001@fastran_driver@2|FRAMEWORK@Framework@0|112)
2026-07-21 10:55:29,892 fastran_driver_fastran_driver_2 DEBUG    _get_service_response(REQUEST|fastran_FPP_000001@fastran_driver@2|FRAMEWORK@Framework@0|112), response = ServiceResponseMessage(sender_id=FRAMEWORK@Framework@0, receiver_id=fastran_FPP_000001@fastran_driver@2, request_msg_id=REQUEST|fastran_FPP_000001@fastran_driver@2|FRAMEWORK@Framework@0|112,status=0, args=(<ipsframework.cca_es_spec.Topic object at 0x7f0ad2b75cd0>,), message_id=RESPONSE|FRAMEWORK@Framework@0|fastran_FPP_000001@fastran_driver@2|1085)
2026-07-21 10:55:29,892 fastran_driver_fastran_driver_2 DEBUG    _invoke_service(): sendEvent  ('_IPS_MONITOR', 'PORTAL_EVENT', {'sim_name': 'fastran_FPP_000001', 'real_sim_name': 'fastran_FPP_000001', 'portal_data': {'code': 'fastran_driver_fastran_driver', 'eventtype': 'IPS_CALL_BEGIN', 'ok': True, 'walltime': '438.92', 'time': '2026-07-21|10:55:29PDT', 'state': 'Running', 'comment': 'Target = fastran_FPP_000001@toric@6:step(1)'}})
2026-07-21 10:55:29,892 fastran_driver_fastran_driver_2 DEBUG    _get_service_response(REQUEST|fastran_FPP_000001@fastran_driver@2|FRAMEWORK@Framework@0|113)
2026-07-21 10:55:29,903 fastran_driver_fastran_driver_2 DEBUG    _get_service_response(REQUEST|fastran_FPP_000001@fastran_driver@2|FRAMEWORK@Framework@0|113), response = ServiceResponseMessage(sender_id=FRAMEWORK@Framework@0, receiver_id=fastran_FPP_000001@fastran_driver@2, request_msg_id=REQUEST|fastran_FPP_000001@fastran_driver@2|FRAMEWORK@Framework@0|113,status=0, args=(None,), message_id=RESPONSE|FRAMEWORK@Framework@0|fastran_FPP_000001@fastran_driver@2|1086)
2026-07-21 10:55:29,903 fastran_driver_fastran_driver_2 DEBUG    _invoke_service(): init_call  ('step', 1)
2026-07-21 10:55:29,903 fastran_driver_fastran_driver_2 DEBUG    _get_service_response(REQUEST|fastran_FPP_000001@fastran_driver@2|FRAMEWORK@Framework@0|114)
2026-07-21 10:55:29,904 rf_ic_toric_6   DEBUG    Received Message 
2026-07-21 10:55:29,904 rf_ic_toric_6   DEBUG    Calling method step(1)
2026-07-21 10:55:29,905 rf_ic_toric_6   DEBUG    _invoke_service(): stage_state  (['s000001.00001', 'g000001.00001'], '/pscratch/sd/h/hswils/github_repos/MANTA_DBSCANS/IC+RAD+TGLF/bcfrom2024/basecase/SCAN/work/plasma_state', '/pscratch/sd/h/hswils/github_repos/MANTA_DBSCANS/IC+RAD+TGLF/bcfrom2024/basecase/SCAN/work/rf_ic_toric_6')
2026-07-21 10:55:29,905 rf_ic_toric_6   DEBUG    _get_service_response(REQUEST|fastran_FPP_000001@toric@6|FRAMEWORK@Framework@0|29)
2026-07-21 10:55:29,914 fastran_driver_fastran_driver_2 DEBUG    _get_service_response(REQUEST|fastran_FPP_000001@fastran_driver@2|FRAMEWORK@Framework@0|114), response = ServiceResponseMessage(sender_id=FRAMEWORK@Framework@0, receiver_id=fastran_FPP_000001@fastran_driver@2, request_msg_id=REQUEST|fastran_FPP_000001@fastran_driver@2|FRAMEWORK@Framework@0|114,status=0, args=(24,), message_id=RESPONSE|FRAMEWORK@Framework@0|fastran_FPP_000001@fastran_driver@2|1087)
2026-07-21 10:55:29,914 fastran_driver_fastran_driver_2 DEBUG    _invoke_service(): wait_call  (24, True)
2026-07-21 10:55:29,914 fastran_driver_fastran_driver_2 DEBUG    _get_service_response(REQUEST|fastran_FPP_000001@fastran_driver@2|FRAMEWORK@Framework@0|115)
2026-07-21 10:55:29,924 rf_ic_toric_6   DEBUG    _get_service_response(REQUEST|fastran_FPP_000001@toric@6|FRAMEWORK@Framework@0|29), response = ServiceResponseMessage(sender_id=FRAMEWORK@Framework@0, receiver_id=fastran_FPP_000001@toric@6, request_msg_id=REQUEST|fastran_FPP_000001@toric@6|FRAMEWORK@Framework@0|29,status=0, args=(0,), message_id=RESPONSE|FRAMEWORK@Framework@0|fastran_FPP_000001@toric@6|1088)
2026-07-21 10:55:29,924 rf_ic_toric_6   DEBUG    _invoke_service(): getTopic  ('_IPS_MONITOR',)
2026-07-21 10:55:29,924 rf_ic_toric_6   DEBUG    _get_service_response(REQUEST|fastran_FPP_000001@toric@6|FRAMEWORK@Framework@0|30)
2026-07-21 10:55:29,934 rf_ic_toric_6   DEBUG    _get_service_response(REQUEST|fastran_FPP_000001@toric@6|FRAMEWORK@Framework@0|30), response = ServiceResponseMessage(sender_id=FRAMEWORK@Framework@0, receiver_id=fastran_FPP_000001@toric@6, request_msg_id=REQUEST|fastran_FPP_000001@toric@6|FRAMEWORK@Framework@0|30,status=0, args=(<ipsframework.cca_es_spec.Topic object at 0x7f0ad2abf340>,), message_id=RESPONSE|FRAMEWORK@Framework@0|fastran_FPP_000001@toric@6|1089)
2026-07-21 10:55:29,935 rf_ic_toric_6   DEBUG    _invoke_service(): sendEvent  ('_IPS_MONITOR', 'PORTAL_EVENT', {'sim_name': 'fastran_FPP_000001', 'real_sim_name': 'fastran_FPP_000001', 'portal_data': {'code': 'rf_ic_toric', 'eventtype': 'IPS_STAGE_STATE', 'ok': True, 'walltime': '438.96', 'time': '2026-07-21|10:55:29PDT', 'trace': {'timestamp': 1784656529905001, 'duration': 19213, 'localEndpoint': {'serviceName': 'stage_state'}, 'name': "['s000001.00001', 'g000001.00001']", 'id': '32793a28c0f8ba4b', 'parentId': '1164a817dbb3ee96', 'tags': {}}, 'state': 'Running', 'comment': 'Elapsed time = 0.019  files = s000001.00001 g000001.00001 Success'}})
2026-07-21 10:55:29,935 rf_ic_toric_6   DEBUG    _get_service_response(REQUEST|fastran_FPP_000001@toric@6|FRAMEWORK@Framework@0|31)
2026-07-21 10:55:29,946 rf_ic_toric_6   DEBUG    _get_service_response(REQUEST|fastran_FPP_000001@toric@6|FRAMEWORK@Framework@0|31), response = ServiceResponseMessage(sender_id=FRAMEWORK@Framework@0, receiver_id=fastran_FPP_000001@toric@6, request_msg_id=REQUEST|fastran_FPP_000001@toric@6|FRAMEWORK@Framework@0|31,status=0, args=(None,), message_id=RESPONSE|FRAMEWORK@Framework@0|fastran_FPP_000001@toric@6|1090)
2026-07-21 10:55:29,957 rf_ic_toric_6   DEBUG    _invoke_service(): getTopic  ('_IPS_MONITOR',)
2026-07-21 10:55:29,957 rf_ic_toric_6   DEBUG    _get_service_response(REQUEST|fastran_FPP_000001@toric@6|FRAMEWORK@Framework@0|32)
2026-07-21 10:55:29,967 rf_ic_toric_6   DEBUG    _get_service_response(REQUEST|fastran_FPP_000001@toric@6|FRAMEWORK@Framework@0|32), response = ServiceResponseMessage(sender_id=FRAMEWORK@Framework@0, receiver_id=fastran_FPP_000001@toric@6, request_msg_id=REQUEST|fastran_FPP_000001@toric@6|FRAMEWORK@Framework@0|32,status=0, args=(<ipsframework.cca_es_spec.Topic object at 0x7f0ad2abf430>,), message_id=RESPONSE|FRAMEWORK@Framework@0|fastran_FPP_000001@toric@6|1091)
2026-07-21 10:55:29,967 rf_ic_toric_6   DEBUG    _invoke_service(): sendEvent  ('_IPS_MONITOR', 'PORTAL_EVENT', {'sim_name': 'fastran_FPP_000001', 'real_sim_name': 'fastran_FPP_000001', 'portal_data': {'code': 'rf_ic_toric', 'eventtype': 'IPS_STAGE_INPUTS', 'ok': True, 'walltime': '438.99', 'time': '2026-07-21|10:55:29PDT', 'trace': {'timestamp': 1784656529946220, 'duration': 10787, 'localEndpoint': {'serviceName': 'stage_input_files'}, 'name': 'machine.inp equigs_gen.ind torica.inp', 'id': 'b108389cfa22cdf4', 'parentId': '1164a817dbb3ee96', 'tags': {}}, 'state': 'Running', 'comment': 'Elapsed time = 0.011 Path = /pscratch/sd/h/hswils/github_repos/MANTA_DBSCANS/IC+RAD+TGLF/bcfrom2024/basecase/input Files = machine.inp equigs_gen.ind torica.inp'}})
2026-07-21 10:55:29,967 rf_ic_toric_6   DEBUG    _get_service_response(REQUEST|fastran_FPP_000001@toric@6|FRAMEWORK@Framework@0|33)
2026-07-21 10:55:29,978 rf_ic_toric_6   DEBUG    _get_service_response(REQUEST|fastran_FPP_000001@toric@6|FRAMEWORK@Framework@0|33), response = ServiceResponseMessage(sender_id=FRAMEWORK@Framework@0, receiver_id=fastran_FPP_000001@toric@6, request_msg_id=REQUEST|fastran_FPP_000001@toric@6|FRAMEWORK@Framework@0|33,status=0, args=(None,), message_id=RESPONSE|FRAMEWORK@Framework@0|fastran_FPP_000001@toric@6|1092)
2026-07-21 10:55:30,248 rf_ic_toric_6   DEBUG    _invoke_service(): init_task  (TaskInit(nproc=24, binary='/global/common/software/atom/perlmutter/binaries/toric/default/Ptoric.e', working_dir='/pscratch/sd/h/hswils/github_repos/MANTA_DBSCANS/IC+RAD+TGLF/bcfrom2024/basecase/SCAN/work/rf_ic_toric_6', tppn=0, tcpp=0, tgpp=0, block=True, omp=False, wnodes=True, wsocks=True, cmd_args=()),)
2026-07-21 10:55:30,249 rf_ic_toric_6   DEBUG    _get_service_response(REQUEST|fastran_FPP_000001@toric@6|FRAMEWORK@Framework@0|34)
2026-07-21 10:55:30,260 rf_ic_toric_6   DEBUG    _get_service_response(REQUEST|fastran_FPP_000001@toric@6|FRAMEWORK@Framework@0|34), response = ServiceResponseMessage(sender_id=FRAMEWORK@Framework@0, receiver_id=fastran_FPP_000001@toric@6, request_msg_id=REQUEST|fastran_FPP_000001@toric@6|FRAMEWORK@Framework@0|34,status=0, args=((4, 'srun -N 1 -n 24 -c 5 --threads-per-core=1 --cpu-bind=cores /global/common/software/atom/perlmutter/binaries/toric/default/Ptoric.e ', None, 128),), message_id=RESPONSE|FRAMEWORK@Framework@0|fastran_FPP_000001@toric@6|1093)
2026-07-21 10:55:30,264 rf_ic_toric_6   DEBUG    Launching command : srun -N 1 -n 24 -c 5 --threads-per-core=1 --cpu-bind=cores /global/common/software/atom/perlmutter/binaries/toric/default/Ptoric.e 
2026-07-21 10:55:30,285 rf_ic_toric_6   DEBUG    _invoke_service(): getTopic  ('_IPS_MONITOR',)
2026-07-21 10:55:30,286 rf_ic_toric_6   DEBUG    _get_service_response(REQUEST|fastran_FPP_000001@toric@6|FRAMEWORK@Framework@0|35)
2026-07-21 10:55:30,297 rf_ic_toric_6   DEBUG    _get_service_response(REQUEST|fastran_FPP_000001@toric@6|FRAMEWORK@Framework@0|35), response = ServiceResponseMessage(sender_id=FRAMEWORK@Framework@0, receiver_id=fastran_FPP_000001@toric@6, request_msg_id=REQUEST|fastran_FPP_000001@toric@6|FRAMEWORK@Framework@0|35,status=0, args=(<ipsframework.cca_es_spec.Topic object at 0x7f0ad2ade2e0>,), message_id=RESPONSE|FRAMEWORK@Framework@0|fastran_FPP_000001@toric@6|1094)
2026-07-21 10:55:30,297 rf_ic_toric_6   DEBUG    _invoke_service(): sendEvent  ('_IPS_MONITOR', 'PORTAL_EVENT', {'sim_name': 'fastran_FPP_000001', 'real_sim_name': 'fastran_FPP_000001', 'portal_data': {'code': 'rf_ic_toric', 'eventtype': 'IPS_LAUNCH_TASK', 'ok': True, 'walltime': '439.32', 'time': '2026-07-21|10:55:30PDT', 'state': 'Running', 'comment': 'task_id = 4 , Tag = None , nproc = 24 , Target = srun -N 1 -n 24 -c 5 --threads-per-core=1 --cpu-bind=cores /global/common/software/atom/perlmutter/binaries/toric/default/Ptoric.e '}})
2026-07-21 10:55:30,297 rf_ic_toric_6   DEBUG    _get_service_response(REQUEST|fastran_FPP_000001@toric@6|FRAMEWORK@Framework@0|36)
2026-07-21 10:55:30,307 rf_ic_toric_6   DEBUG    _get_service_response(REQUEST|fastran_FPP_000001@toric@6|FRAMEWORK@Framework@0|36), response = ServiceResponseMessage(sender_id=FRAMEWORK@Framework@0, receiver_id=fastran_FPP_000001@toric@6, request_msg_id=REQUEST|fastran_FPP_000001@toric@6|FRAMEWORK@Framework@0|36,status=0, args=(None,), message_id=RESPONSE|FRAMEWORK@Framework@0|fastran_FPP_000001@toric@6|1096)
2026-07-21 11:01:20,003 rf_ic_toric_6   DEBUG    _invoke_service(): getTopic  ('_IPS_MONITOR',)
2026-07-21 11:01:20,004 rf_ic_toric_6   DEBUG    _get_service_response(REQUEST|fastran_FPP_000001@toric@6|FRAMEWORK@Framework@0|37)
2026-07-21 11:01:20,014 rf_ic_toric_6   DEBUG    _get_service_response(REQUEST|fastran_FPP_000001@toric@6|FRAMEWORK@Framework@0|37), response = ServiceResponseMessage(sender_id=FRAMEWORK@Framework@0, receiver_id=fastran_FPP_000001@toric@6, request_msg_id=REQUEST|fastran_FPP_000001@toric@6|FRAMEWORK@Framework@0|37,status=0, args=(<ipsframework.cca_es_spec.Topic object at 0x7f0ad2ade3a0>,), message_id=RESPONSE|FRAMEWORK@Framework@0|fastran_FPP_000001@toric@6|1781)
2026-07-21 11:01:20,014 rf_ic_toric_6   DEBUG    _invoke_service(): sendEvent  ('_IPS_MONITOR', 'PORTAL_EVENT', {'sim_name': 'fastran_FPP_000001', 'real_sim_name': 'fastran_FPP_000001', 'portal_data': {'code': 'rf_ic_toric', 'eventtype': 'IPS_TASK_END', 'ok': True, 'walltime': '789.04', 'time': '2026-07-21|11:01:20PDT', 'trace': {'timestamp': 1784656530285378, 'duration': 349718225, 'localEndpoint': {'serviceName': '/global/common/software/atom/perlmutter/binaries/toric/default/Ptoric.e'}, 'name': '', 'id': 'ac839985b9bcea4c', 'parentId': '1164a817dbb3ee96', 'tags': {'procs_requested': '24', 'cores_allocated': '128'}}, 'state': 'Running', 'comment': 'task_id = 4  elapsed time = 349.72 S'}})
2026-07-21 11:01:20,015 rf_ic_toric_6   DEBUG    _get_service_response(REQUEST|fastran_FPP_000001@toric@6|FRAMEWORK@Framework@0|38)
2026-07-21 11:01:20,026 rf_ic_toric_6   DEBUG    _get_service_response(REQUEST|fastran_FPP_000001@toric@6|FRAMEWORK@Framework@0|38), response = ServiceResponseMessage(sender_id=FRAMEWORK@Framework@0, receiver_id=fastran_FPP_000001@toric@6, request_msg_id=REQUEST|fastran_FPP_000001@toric@6|FRAMEWORK@Framework@0|38,status=0, args=(None,), message_id=RESPONSE|FRAMEWORK@Framework@0|fastran_FPP_000001@toric@6|1782)
2026-07-21 11:01:20,026 rf_ic_toric_6   DEBUG    _invoke_service(): finish_task  (4, 0)
2026-07-21 11:01:20,026 rf_ic_toric_6   DEBUG    _get_service_response(REQUEST|fastran_FPP_000001@toric@6|FRAMEWORK@Framework@0|39)
2026-07-21 11:01:20,037 rf_ic_toric_6   DEBUG    _get_service_response(REQUEST|fastran_FPP_000001@toric@6|FRAMEWORK@Framework@0|39), response = ServiceResponseMessage(sender_id=FRAMEWORK@Framework@0, receiver_id=fastran_FPP_000001@toric@6, request_msg_id=REQUEST|fastran_FPP_000001@toric@6|FRAMEWORK@Framework@0|39,status=0, args=(0,), message_id=RESPONSE|FRAMEWORK@Framework@0|fastran_FPP_000001@toric@6|1783)
2026-07-21 11:01:20,224 rf_ic_toric_6   DEBUG    _invoke_service(): merge_current_plasma_state  ('/pscratch/sd/h/hswils/github_repos/MANTA_DBSCANS/IC+RAD+TGLF/bcfrom2024/basecase/SCAN/work/rf_ic_toric_6/RF_IC_s000001.00001', '/pscratch/sd/h/hswils/github_repos/MANTA_DBSCANS/IC+RAD+TGLF/bcfrom2024/basecase/SCAN/work/plasma_state/s000001.00001', 'log.update_state', '/global/common/software/atom/perlmutter/binaries/update-state/default/update_state')
2026-07-21 11:01:20,225 rf_ic_toric_6   DEBUG    _get_service_response(REQUEST|fastran_FPP_000001@toric@6|FRAMEWORK@Framework@0|40)
2026-07-21 11:01:20,388 rf_ic_toric_6   DEBUG    _get_service_response(REQUEST|fastran_FPP_000001@toric@6|FRAMEWORK@Framework@0|40), response = ServiceResponseMessage(sender_id=FRAMEWORK@Framework@0, receiver_id=fastran_FPP_000001@toric@6, request_msg_id=REQUEST|fastran_FPP_000001@toric@6|FRAMEWORK@Framework@0|40,status=0, args=(0,), message_id=RESPONSE|FRAMEWORK@Framework@0|fastran_FPP_000001@toric@6|1784)
2026-07-21 11:01:20,388 rf_ic_toric_6   DEBUG    _invoke_service(): getTopic  ('_IPS_MONITOR',)
2026-07-21 11:01:20,388 rf_ic_toric_6   DEBUG    _get_service_response(REQUEST|fastran_FPP_000001@toric@6|FRAMEWORK@Framework@0|41)
2026-07-21 11:01:20,399 rf_ic_toric_6   DEBUG    _get_service_response(REQUEST|fastran_FPP_000001@toric@6|FRAMEWORK@Framework@0|41), response = ServiceResponseMessage(sender_id=FRAMEWORK@Framework@0, receiver_id=fastran_FPP_000001@toric@6, request_msg_id=REQUEST|fastran_FPP_000001@toric@6|FRAMEWORK@Framework@0|41,status=0, args=(<ipsframework.cca_es_spec.Topic object at 0x7f0ad2ade190>,), message_id=RESPONSE|FRAMEWORK@Framework@0|fastran_FPP_000001@toric@6|1785)
2026-07-21 11:01:20,399 rf_ic_toric_6   DEBUG    _invoke_service(): sendEvent  ('_IPS_MONITOR', 'PORTAL_EVENT', {'sim_name': 'fastran_FPP_000001', 'real_sim_name': 'fastran_FPP_000001', 'portal_data': {'code': 'rf_ic_toric', 'eventtype': 'IPS_MERGE_PLASMA_STATE', 'ok': True, 'walltime': '789.42', 'time': '2026-07-21|11:01:20PDT', 'state': 'Running', 'comment': 'Success'}})
2026-07-21 11:01:20,399 rf_ic_toric_6   DEBUG    _get_service_response(REQUEST|fastran_FPP_000001@toric@6|FRAMEWORK@Framework@0|42)
2026-07-21 11:01:20,410 rf_ic_toric_6   DEBUG    _get_service_response(REQUEST|fastran_FPP_000001@toric@6|FRAMEWORK@Framework@0|42), response = ServiceResponseMessage(sender_id=FRAMEWORK@Framework@0, receiver_id=fastran_FPP_000001@toric@6, request_msg_id=REQUEST|fastran_FPP_000001@toric@6|FRAMEWORK@Framework@0|42,status=0, args=(None,), message_id=RESPONSE|FRAMEWORK@Framework@0|fastran_FPP_000001@toric@6|1786)
2026-07-21 11:01:20,537 rf_ic_toric_6   DEBUG    _invoke_service(): getTopic  ('_IPS_MONITOR',)
2026-07-21 11:01:20,538 rf_ic_toric_6   DEBUG    _get_service_response(REQUEST|fastran_FPP_000001@toric@6|FRAMEWORK@Framework@0|43)
2026-07-21 11:01:20,548 rf_ic_toric_6   DEBUG    _get_service_response(REQUEST|fastran_FPP_000001@toric@6|FRAMEWORK@Framework@0|43), response = ServiceResponseMessage(sender_id=FRAMEWORK@Framework@0, receiver_id=fastran_FPP_000001@toric@6, request_msg_id=REQUEST|fastran_FPP_000001@toric@6|FRAMEWORK@Framework@0|43,status=0, args=(<ipsframework.cca_es_spec.Topic object at 0x7f0ad2ade1f0>,), message_id=RESPONSE|FRAMEWORK@Framework@0|fastran_FPP_000001@toric@6|1788)
2026-07-21 11:01:20,548 rf_ic_toric_6   DEBUG    _invoke_service(): sendEvent  ('_IPS_MONITOR', 'PORTAL_EVENT', {'sim_name': 'fastran_FPP_000001', 'real_sim_name': 'fastran_FPP_000001', 'portal_data': {'code': 'rf_ic_toric', 'eventtype': 'IPS_STAGE_OUTPUTS', 'ok': True, 'walltime': '789.57', 'time': '2026-07-21|11:01:20PDT', 'trace': {'timestamp': 1784656880410750, 'duration': 127090, 'localEndpoint': {'serviceName': 'stage_output_files'}, 'name': "['torica.inp', 'machine.inp', 'log.toric', 'toric.nc', 'profstat.dat', 'equigs.data', 'equidt.data', 'toric_cfg.nc']", 'id': '749f5c33ef51fb56', 'parentId': '1164a817dbb3ee96', 'tags': {}}, 'state': 'Running', 'comment': "Elapsed time = 0.127 Path = /pscratch/sd/h/hswils/github_repos/MANTA_DBSCANS/IC+RAD+TGLF/bcfrom2024/basecase/SCAN/simulation_results/1/components/rf_ic_toric_6 Files = ['torica.inp', 'machine.inp', 'log.toric', 'toric.nc', 'profstat.dat', 'equigs.data', 'equidt.data', 'toric_cfg.nc']"}})
2026-07-21 11:01:20,549 rf_ic_toric_6   DEBUG    _get_service_response(REQUEST|fastran_FPP_000001@toric@6|FRAMEWORK@Framework@0|44)
2026-07-21 11:01:20,559 rf_ic_toric_6   DEBUG    _get_service_response(REQUEST|fastran_FPP_000001@toric@6|FRAMEWORK@Framework@0|44), response = ServiceResponseMessage(sender_id=FRAMEWORK@Framework@0, receiver_id=fastran_FPP_000001@toric@6, request_msg_id=REQUEST|fastran_FPP_000001@toric@6|FRAMEWORK@Framework@0|44,status=0, args=(None,), message_id=RESPONSE|FRAMEWORK@Framework@0|fastran_FPP_000001@toric@6|1789)
2026-07-21 11:01:20,570 fastran_driver_fastran_driver_2 DEBUG    _get_service_response(REQUEST|fastran_FPP_000001@fastran_driver@2|FRAMEWORK@Framework@0|115), response = ServiceResponseMessage(sender_id=FRAMEWORK@Framework@0, receiver_id=fastran_FPP_000001@fastran_driver@2, request_msg_id=REQUEST|fastran_FPP_000001@fastran_driver@2|FRAMEWORK@Framework@0|115,status=0, args=((0,),), message_id=RESPONSE|FRAMEWORK@Framework@0|fastran_FPP_000001@fastran_driver@2|1790)
2026-07-21 11:01:20,571 fastran_driver_fastran_driver_2 DEBUG    _invoke_service(): getTopic  ('_IPS_MONITOR',)
2026-07-21 11:01:20,571 fastran_driver_fastran_driver_2 DEBUG    _get_service_response(REQUEST|fastran_FPP_000001@fastran_driver@2|FRAMEWORK@Framework@0|116)
2026-07-21 11:01:20,581 fastran_driver_fastran_driver_2 DEBUG    _get_service_response(REQUEST|fastran_FPP_000001@fastran_driver@2|FRAMEWORK@Framework@0|116), response = ServiceResponseMessage(sender_id=FRAMEWORK@Framework@0, receiver_id=fastran_FPP_000001@fastran_driver@2, request_msg_id=REQUEST|fastran_FPP_000001@fastran_driver@2|FRAMEWORK@Framework@0|116,status=0, args=(<ipsframework.cca_es_spec.Topic object at 0x7f0ad2b75ac0>,), message_id=RESPONSE|FRAMEWORK@Framework@0|fastran_FPP_000001@fastran_driver@2|1791)
2026-07-21 11:01:20,582 fastran_driver_fastran_driver_2 DEBUG    _invoke_service(): sendEvent  ('_IPS_MONITOR', 'PORTAL_EVENT', {'sim_name': 'fastran_FPP_000001', 'real_sim_name': 'fastran_FPP_000001', 'portal_data': {'code': 'fastran_driver_fastran_driver', 'eventtype': 'IPS_CALL_END', 'ok': True, 'walltime': '789.61', 'time': '2026-07-21|11:01:20PDT', 'trace': {'timestamp': 1784656529914775, 'duration': 350656211, 'localEndpoint': {'serviceName': 'fastran_FPP_000001@toric@6'}, 'name': 'step(1)', 'id': '1164a817dbb3ee96', 'parentId': 'f899e3e5886669ce', 'tags': {}}, 'state': 'Running', 'comment': 'Target = fastran_FPP_000001@toric@6:step(1)'}})
2026-07-21 11:01:20,582 fastran_driver_fastran_driver_2 DEBUG    _get_service_response(REQUEST|fastran_FPP_000001@fastran_driver@2|FRAMEWORK@Framework@0|117)
2026-07-21 11:01:20,592 fastran_driver_fastran_driver_2 DEBUG    _get_service_response(REQUEST|fastran_FPP_000001@fastran_driver@2|FRAMEWORK@Framework@0|117), response = ServiceResponseMessage(sender_id=FRAMEWORK@Framework@0, receiver_id=fastran_FPP_000001@fastran_driver@2, request_msg_id=REQUEST|fastran_FPP_000001@fastran_driver@2|FRAMEWORK@Framework@0|117,status=0, args=(None,), message_id=RESPONSE|FRAMEWORK@Framework@0|fastran_FPP_000001@fastran_driver@2|1792)
2026-07-21 11:01:20,593 fastran_driver_fastran_driver_2 DEBUG    _invoke_service(): getTopic  ('_IPS_MONITOR',)
2026-07-21 11:01:20,593 fastran_driver_fastran_driver_2 DEBUG    _get_service_response(REQUEST|fastran_FPP_000001@fastran_driver@2|FRAMEWORK@Framework@0|118)
2026-07-21 11:01:20,603 fastran_driver_fastran_driver_2 DEBUG    _get_service_response(REQUEST|fastran_FPP_000001@fastran_driver@2|FRAMEWORK@Framework@0|118), response = ServiceResponseMessage(sender_id=FRAMEWORK@Framework@0, receiver_id=fastran_FPP_000001@fastran_driver@2, request_msg_id=REQUEST|fastran_FPP_000001@fastran_driver@2|FRAMEWORK@Framework@0|118,status=0, args=(<ipsframework.cca_es_spec.Topic object at 0x7f0ad2b75d30>,), message_id=RESPONSE|FRAMEWORK@Framework@0|fastran_FPP_000001@fastran_driver@2|1793)
2026-07-21 11:01:20,603 fastran_driver_fastran_driver_2 DEBUG    _invoke_service(): sendEvent  ('_IPS_MONITOR', 'PORTAL_EVENT', {'sim_name': 'fastran_FPP_000001', 'real_sim_name': 'fastran_FPP_000001', 'portal_data': {'code': 'fastran_driver_fastran_driver', 'eventtype': 'IPS_CALL_BEGIN', 'ok': True, 'walltime': '789.63', 'time': '2026-07-21|11:01:20PDT', 'state': 'Running', 'comment': 'Target = fastran_FPP_000001@efit@7:step(1)'}})
2026-07-21 11:01:20,603 fastran_driver_fastran_driver_2 DEBUG    _get_service_response(REQUEST|fastran_FPP_000001@fastran_driver@2|FRAMEWORK@Framework@0|119)
2026-07-21 11:01:20,614 fastran_driver_fastran_driver_2 DEBUG    _get_service_response(REQUEST|fastran_FPP_000001@fastran_driver@2|FRAMEWORK@Framework@0|119), response = ServiceResponseMessage(sender_id=FRAMEWORK@Framework@0, receiver_id=fastran_FPP_000001@fastran_driver@2, request_msg_id=REQUEST|fastran_FPP_000001@fastran_driver@2|FRAMEWORK@Framework@0|119,status=0, args=(None,), message_id=RESPONSE|FRAMEWORK@Framework@0|fastran_FPP_000001@fastran_driver@2|1794)
2026-07-21 11:01:20,614 fastran_driver_fastran_driver_2 DEBUG    _invoke_service(): init_call  ('step', 1)
2026-07-21 11:01:20,614 fastran_driver_fastran_driver_2 DEBUG    _get_service_response(REQUEST|fastran_FPP_000001@fastran_driver@2|FRAMEWORK@Framework@0|120)
2026-07-21 11:01:20,615 fastran_eq_efit_7 DEBUG    Received Message 
2026-07-21 11:01:20,615 fastran_eq_efit_7 DEBUG    Calling method step(1)
2026-07-21 11:01:20,616 fastran_eq_efit_7 DEBUG    _invoke_service(): stage_state  (['s000001.00001', 'g000001.00001', 'i000001.00001'], '/pscratch/sd/h/hswils/github_repos/MANTA_DBSCANS/IC+RAD+TGLF/bcfrom2024/basecase/SCAN/work/plasma_state', '/pscratch/sd/h/hswils/github_repos/MANTA_DBSCANS/IC+RAD+TGLF/bcfrom2024/basecase/SCAN/work/fastran_eq_efit_7')
2026-07-21 11:01:20,616 fastran_eq_efit_7 DEBUG    _get_service_response(REQUEST|fastran_FPP_000001@efit@7|FRAMEWORK@Framework@0|8)
2026-07-21 11:01:20,625 fastran_driver_fastran_driver_2 DEBUG    _get_service_response(REQUEST|fastran_FPP_000001@fastran_driver@2|FRAMEWORK@Framework@0|120), response = ServiceResponseMessage(sender_id=FRAMEWORK@Framework@0, receiver_id=fastran_FPP_000001@fastran_driver@2, request_msg_id=REQUEST|fastran_FPP_000001@fastran_driver@2|FRAMEWORK@Framework@0|120,status=0, args=(25,), message_id=RESPONSE|FRAMEWORK@Framework@0|fastran_FPP_000001@fastran_driver@2|1795)
2026-07-21 11:01:20,625 fastran_driver_fastran_driver_2 DEBUG    _invoke_service(): wait_call  (25, True)
2026-07-21 11:01:20,625 fastran_driver_fastran_driver_2 DEBUG    _get_service_response(REQUEST|fastran_FPP_000001@fastran_driver@2|FRAMEWORK@Framework@0|121)
2026-07-21 11:01:20,637 fastran_eq_efit_7 DEBUG    _get_service_response(REQUEST|fastran_FPP_000001@efit@7|FRAMEWORK@Framework@0|8), response = ServiceResponseMessage(sender_id=FRAMEWORK@Framework@0, receiver_id=fastran_FPP_000001@efit@7, request_msg_id=REQUEST|fastran_FPP_000001@efit@7|FRAMEWORK@Framework@0|8,status=0, args=(0,), message_id=RESPONSE|FRAMEWORK@Framework@0|fastran_FPP_000001@efit@7|1796)
2026-07-21 11:01:20,637 fastran_eq_efit_7 DEBUG    _invoke_service(): getTopic  ('_IPS_MONITOR',)
2026-07-21 11:01:20,637 fastran_eq_efit_7 DEBUG    _get_service_response(REQUEST|fastran_FPP_000001@efit@7|FRAMEWORK@Framework@0|9)
2026-07-21 11:01:20,648 fastran_eq_efit_7 DEBUG    _get_service_response(REQUEST|fastran_FPP_000001@efit@7|FRAMEWORK@Framework@0|9), response = ServiceResponseMessage(sender_id=FRAMEWORK@Framework@0, receiver_id=fastran_FPP_000001@efit@7, request_msg_id=REQUEST|fastran_FPP_000001@efit@7|FRAMEWORK@Framework@0|9,status=0, args=(<ipsframework.cca_es_spec.Topic object at 0x7f0ad2b1f760>,), message_id=RESPONSE|FRAMEWORK@Framework@0|fastran_FPP_000001@efit@7|1797)
2026-07-21 11:01:20,648 fastran_eq_efit_7 DEBUG    _invoke_service(): sendEvent  ('_IPS_MONITOR', 'PORTAL_EVENT', {'sim_name': 'fastran_FPP_000001', 'real_sim_name': 'fastran_FPP_000001', 'portal_data': {'code': 'fastran_eq_efit', 'eventtype': 'IPS_STAGE_STATE', 'ok': True, 'walltime': '789.67', 'time': '2026-07-21|11:01:20PDT', 'trace': {'timestamp': 1784656880615940, 'duration': 21503, 'localEndpoint': {'serviceName': 'stage_state'}, 'name': "['s000001.00001', 'g000001.00001', 'i000001.00001']", 'id': '71885aecf25d7412', 'parentId': 'b1669d50980f7a5f', 'tags': {}}, 'state': 'Running', 'comment': 'Elapsed time = 0.022  files = s000001.00001 g000001.00001 i000001.00001 Success'}})
2026-07-21 11:01:20,648 fastran_eq_efit_7 DEBUG    _get_service_response(REQUEST|fastran_FPP_000001@efit@7|FRAMEWORK@Framework@0|10)
2026-07-21 11:01:20,658 fastran_eq_efit_7 DEBUG    _get_service_response(REQUEST|fastran_FPP_000001@efit@7|FRAMEWORK@Framework@0|10), response = ServiceResponseMessage(sender_id=FRAMEWORK@Framework@0, receiver_id=fastran_FPP_000001@efit@7, request_msg_id=REQUEST|fastran_FPP_000001@efit@7|FRAMEWORK@Framework@0|10,status=0, args=(None,), message_id=RESPONSE|FRAMEWORK@Framework@0|fastran_FPP_000001@efit@7|1798)
2026-07-21 11:01:23,243 fastran_eq_efit_7 DEBUG    _invoke_service(): update_state  (['s000001.00001', 'g000001.00001', 'i000001.00001'], '/pscratch/sd/h/hswils/github_repos/MANTA_DBSCANS/IC+RAD+TGLF/bcfrom2024/basecase/SCAN/work/fastran_eq_efit_7', '/pscratch/sd/h/hswils/github_repos/MANTA_DBSCANS/IC+RAD+TGLF/bcfrom2024/basecase/SCAN/work/plasma_state')
2026-07-21 11:01:23,243 fastran_eq_efit_7 DEBUG    _get_service_response(REQUEST|fastran_FPP_000001@efit@7|FRAMEWORK@Framework@0|11)
2026-07-21 11:01:23,266 fastran_eq_efit_7 DEBUG    _get_service_response(REQUEST|fastran_FPP_000001@efit@7|FRAMEWORK@Framework@0|11), response = ServiceResponseMessage(sender_id=FRAMEWORK@Framework@0, receiver_id=fastran_FPP_000001@efit@7, request_msg_id=REQUEST|fastran_FPP_000001@efit@7|FRAMEWORK@Framework@0|11,status=0, args=(0,), message_id=RESPONSE|FRAMEWORK@Framework@0|fastran_FPP_000001@efit@7|1804)
2026-07-21 11:01:23,266 fastran_eq_efit_7 DEBUG    _invoke_service(): getTopic  ('_IPS_MONITOR',)
2026-07-21 11:01:23,266 fastran_eq_efit_7 DEBUG    _get_service_response(REQUEST|fastran_FPP_000001@efit@7|FRAMEWORK@Framework@0|12)
2026-07-21 11:01:23,277 fastran_eq_efit_7 DEBUG    _get_service_response(REQUEST|fastran_FPP_000001@efit@7|FRAMEWORK@Framework@0|12), response = ServiceResponseMessage(sender_id=FRAMEWORK@Framework@0, receiver_id=fastran_FPP_000001@efit@7, request_msg_id=REQUEST|fastran_FPP_000001@efit@7|FRAMEWORK@Framework@0|12,status=0, args=(<ipsframework.cca_es_spec.Topic object at 0x7f0ad2b1fe50>,), message_id=RESPONSE|FRAMEWORK@Framework@0|fastran_FPP_000001@efit@7|1805)
2026-07-21 11:01:23,277 fastran_eq_efit_7 DEBUG    _invoke_service(): sendEvent  ('_IPS_MONITOR', 'PORTAL_EVENT', {'sim_name': 'fastran_FPP_000001', 'real_sim_name': 'fastran_FPP_000001', 'portal_data': {'code': 'fastran_eq_efit', 'eventtype': 'IPS_UPDATE_STATE', 'ok': True, 'walltime': '792.30', 'time': '2026-07-21|11:01:23PDT', 'trace': {'timestamp': 1784656883242812, 'duration': 23855, 'localEndpoint': {'serviceName': 'update_state'}, 'name': "['s000001.00001', 'g000001.00001', 'i000001.00001']", 'id': '7629e189a66153c0', 'parentId': 'b1669d50980f7a5f', 'tags': {}}, 'state': 'Running', 'comment': 'Elapsed time = 0.024   files = s000001.00001 g000001.00001 i000001.00001 Success'}})
2026-07-21 11:01:23,277 fastran_eq_efit_7 DEBUG    _get_service_response(REQUEST|fastran_FPP_000001@efit@7|FRAMEWORK@Framework@0|13)
2026-07-21 11:01:23,288 fastran_eq_efit_7 DEBUG    _get_service_response(REQUEST|fastran_FPP_000001@efit@7|FRAMEWORK@Framework@0|13), response = ServiceResponseMessage(sender_id=FRAMEWORK@Framework@0, receiver_id=fastran_FPP_000001@efit@7, request_msg_id=REQUEST|fastran_FPP_000001@efit@7|FRAMEWORK@Framework@0|13,status=0, args=(None,), message_id=RESPONSE|FRAMEWORK@Framework@0|fastran_FPP_000001@efit@7|1806)
2026-07-21 11:01:23,314 fastran_eq_efit_7 DEBUG    _invoke_service(): getTopic  ('_IPS_MONITOR',)
2026-07-21 11:01:23,314 fastran_eq_efit_7 DEBUG    _get_service_response(REQUEST|fastran_FPP_000001@efit@7|FRAMEWORK@Framework@0|14)
2026-07-21 11:01:23,325 fastran_eq_efit_7 DEBUG    _get_service_response(REQUEST|fastran_FPP_000001@efit@7|FRAMEWORK@Framework@0|14), response = ServiceResponseMessage(sender_id=FRAMEWORK@Framework@0, receiver_id=fastran_FPP_000001@efit@7, request_msg_id=REQUEST|fastran_FPP_000001@efit@7|FRAMEWORK@Framework@0|14,status=0, args=(<ipsframework.cca_es_spec.Topic object at 0x7f0ad2b1fc70>,), message_id=RESPONSE|FRAMEWORK@Framework@0|fastran_FPP_000001@efit@7|1807)
2026-07-21 11:01:23,325 fastran_eq_efit_7 DEBUG    _invoke_service(): sendEvent  ('_IPS_MONITOR', 'PORTAL_EVENT', {'sim_name': 'fastran_FPP_000001', 'real_sim_name': 'fastran_FPP_000001', 'portal_data': {'code': 'fastran_eq_efit', 'eventtype': 'IPS_STAGE_OUTPUTS', 'ok': True, 'walltime': '792.35', 'time': '2026-07-21|11:01:23PDT', 'trace': {'timestamp': 1784656883288493, 'duration': 26125, 'localEndpoint': {'serviceName': 'stage_output_files'}, 'name': "['g*.*', 'a*.*', 'm*.*', 'k*.*', 'efit.log', 's*.*']", 'id': '80725d8eee5776f1', 'parentId': 'b1669d50980f7a5f', 'tags': {}}, 'state': 'Running', 'comment': "Elapsed time = 0.026 Path = /pscratch/sd/h/hswils/github_repos/MANTA_DBSCANS/IC+RAD+TGLF/bcfrom2024/basecase/SCAN/simulation_results/1/components/fastran_eq_efit_7 Files = ['g*.*', 'a*.*', 'm*.*', 'k*.*', 'efit.log', 's*.*']"}})
2026-07-21 11:01:23,325 fastran_eq_efit_7 DEBUG    _get_service_response(REQUEST|fastran_FPP_000001@efit@7|FRAMEWORK@Framework@0|15)
2026-07-21 11:01:23,336 fastran_eq_efit_7 DEBUG    _get_service_response(REQUEST|fastran_FPP_000001@efit@7|FRAMEWORK@Framework@0|15), response = ServiceResponseMessage(sender_id=FRAMEWORK@Framework@0, receiver_id=fastran_FPP_000001@efit@7, request_msg_id=REQUEST|fastran_FPP_000001@efit@7|FRAMEWORK@Framework@0|15,status=0, args=(None,), message_id=RESPONSE|FRAMEWORK@Framework@0|fastran_FPP_000001@efit@7|1808)
2026-07-21 11:01:23,347 fastran_driver_fastran_driver_2 DEBUG    _get_service_response(REQUEST|fastran_FPP_000001@fastran_driver@2|FRAMEWORK@Framework@0|121), response = ServiceResponseMessage(sender_id=FRAMEWORK@Framework@0, receiver_id=fastran_FPP_000001@fastran_driver@2, request_msg_id=REQUEST|fastran_FPP_000001@fastran_driver@2|FRAMEWORK@Framework@0|121,status=0, args=((None,),), message_id=RESPONSE|FRAMEWORK@Framework@0|fastran_FPP_000001@fastran_driver@2|1809)
2026-07-21 11:01:23,347 fastran_driver_fastran_driver_2 DEBUG    _invoke_service(): getTopic  ('_IPS_MONITOR',)
2026-07-21 11:01:23,348 fastran_driver_fastran_driver_2 DEBUG    _get_service_response(REQUEST|fastran_FPP_000001@fastran_driver@2|FRAMEWORK@Framework@0|122)
2026-07-21 11:01:23,358 fastran_driver_fastran_driver_2 DEBUG    _get_service_response(REQUEST|fastran_FPP_000001@fastran_driver@2|FRAMEWORK@Framework@0|122), response = ServiceResponseMessage(sender_id=FRAMEWORK@Framework@0, receiver_id=fastran_FPP_000001@fastran_driver@2, request_msg_id=REQUEST|fastran_FPP_000001@fastran_driver@2|FRAMEWORK@Framework@0|122,status=0, args=(<ipsframework.cca_es_spec.Topic object at 0x7f0ad2b75c70>,), message_id=RESPONSE|FRAMEWORK@Framework@0|fastran_FPP_000001@fastran_driver@2|1810)
2026-07-21 11:01:23,358 fastran_driver_fastran_driver_2 DEBUG    _invoke_service(): sendEvent  ('_IPS_MONITOR', 'PORTAL_EVENT', {'sim_name': 'fastran_FPP_000001', 'real_sim_name': 'fastran_FPP_000001', 'portal_data': {'code': 'fastran_driver_fastran_driver', 'eventtype': 'IPS_CALL_END', 'ok': True, 'walltime': '792.38', 'time': '2026-07-21|11:01:23PDT', 'trace': {'timestamp': 1784656880625402, 'duration': 2722485, 'localEndpoint': {'serviceName': 'fastran_FPP_000001@efit@7'}, 'name': 'step(1)', 'id': 'b1669d50980f7a5f', 'parentId': 'f899e3e5886669ce', 'tags': {}}, 'state': 'Running', 'comment': 'Target = fastran_FPP_000001@efit@7:step(1)'}})
2026-07-21 11:01:23,358 fastran_driver_fastran_driver_2 DEBUG    _get_service_response(REQUEST|fastran_FPP_000001@fastran_driver@2|FRAMEWORK@Framework@0|123)
2026-07-21 11:01:23,369 fastran_driver_fastran_driver_2 DEBUG    _get_service_response(REQUEST|fastran_FPP_000001@fastran_driver@2|FRAMEWORK@Framework@0|123), response = ServiceResponseMessage(sender_id=FRAMEWORK@Framework@0, receiver_id=fastran_FPP_000001@fastran_driver@2, request_msg_id=REQUEST|fastran_FPP_000001@fastran_driver@2|FRAMEWORK@Framework@0|123,status=0, args=(None,), message_id=RESPONSE|FRAMEWORK@Framework@0|fastran_FPP_000001@fastran_driver@2|1811)
2026-07-21 11:01:23,369 fastran_driver_fastran_driver_2 DEBUG    _invoke_service(): getTopic  ('_IPS_MONITOR',)
2026-07-21 11:01:23,370 fastran_driver_fastran_driver_2 DEBUG    _get_service_response(REQUEST|fastran_FPP_000001@fastran_driver@2|FRAMEWORK@Framework@0|124)
2026-07-21 11:01:23,380 fastran_driver_fastran_driver_2 DEBUG    _get_service_response(REQUEST|fastran_FPP_000001@fastran_driver@2|FRAMEWORK@Framework@0|124), response = ServiceResponseMessage(sender_id=FRAMEWORK@Framework@0, receiver_id=fastran_FPP_000001@fastran_driver@2, request_msg_id=REQUEST|fastran_FPP_000001@fastran_driver@2|FRAMEWORK@Framework@0|124,status=0, args=(<ipsframework.cca_es_spec.Topic object at 0x7f0ad2b75d00>,), message_id=RESPONSE|FRAMEWORK@Framework@0|fastran_FPP_000001@fastran_driver@2|1812)
2026-07-21 11:01:23,380 fastran_driver_fastran_driver_2 DEBUG    _invoke_service(): sendEvent  ('_IPS_MONITOR', 'PORTAL_EVENT', {'sim_name': 'fastran_FPP_000001', 'real_sim_name': 'fastran_FPP_000001', 'portal_data': {'code': 'fastran_driver_fastran_driver', 'eventtype': 'IPS_CALL_BEGIN', 'ok': True, 'walltime': '792.41', 'time': '2026-07-21|11:01:23PDT', 'state': 'Running', 'comment': 'Target = fastran_FPP_000001@fastran@8:step(1)'}})
2026-07-21 11:01:23,381 fastran_driver_fastran_driver_2 DEBUG    _get_service_response(REQUEST|fastran_FPP_000001@fastran_driver@2|FRAMEWORK@Framework@0|125)
2026-07-21 11:01:23,391 fastran_driver_fastran_driver_2 DEBUG    _get_service_response(REQUEST|fastran_FPP_000001@fastran_driver@2|FRAMEWORK@Framework@0|125), response = ServiceResponseMessage(sender_id=FRAMEWORK@Framework@0, receiver_id=fastran_FPP_000001@fastran_driver@2, request_msg_id=REQUEST|fastran_FPP_000001@fastran_driver@2|FRAMEWORK@Framework@0|125,status=0, args=(None,), message_id=RESPONSE|FRAMEWORK@Framework@0|fastran_FPP_000001@fastran_driver@2|1813)
2026-07-21 11:01:23,392 fastran_driver_fastran_driver_2 DEBUG    _invoke_service(): init_call  ('step', 1)
2026-07-21 11:01:23,392 fastran_driver_fastran_driver_2 DEBUG    _get_service_response(REQUEST|fastran_FPP_000001@fastran_driver@2|FRAMEWORK@Framework@0|126)
2026-07-21 11:01:23,393 fastran_tr_fastran_8 DEBUG    Received Message 
2026-07-21 11:01:23,393 fastran_tr_fastran_8 DEBUG    Calling method step(1)
2026-07-21 11:01:23,393 fastran_tr_fastran_8 DEBUG    _invoke_service(): stage_state  (['s000001.00001', 'g000001.00001', 'i000001.00001'], '/pscratch/sd/h/hswils/github_repos/MANTA_DBSCANS/IC+RAD+TGLF/bcfrom2024/basecase/SCAN/work/plasma_state', '/pscratch/sd/h/hswils/github_repos/MANTA_DBSCANS/IC+RAD+TGLF/bcfrom2024/basecase/SCAN/work/fastran_tr_fastran_8')
2026-07-21 11:01:23,393 fastran_tr_fastran_8 DEBUG    _get_service_response(REQUEST|fastran_FPP_000001@fastran@8|FRAMEWORK@Framework@0|16)
2026-07-21 11:01:23,403 fastran_driver_fastran_driver_2 DEBUG    _get_service_response(REQUEST|fastran_FPP_000001@fastran_driver@2|FRAMEWORK@Framework@0|126), response = ServiceResponseMessage(sender_id=FRAMEWORK@Framework@0, receiver_id=fastran_FPP_000001@fastran_driver@2, request_msg_id=REQUEST|fastran_FPP_000001@fastran_driver@2|FRAMEWORK@Framework@0|126,status=0, args=(26,), message_id=RESPONSE|FRAMEWORK@Framework@0|fastran_FPP_000001@fastran_driver@2|1814)
2026-07-21 11:01:23,403 fastran_driver_fastran_driver_2 DEBUG    _invoke_service(): wait_call  (26, True)
2026-07-21 11:01:23,403 fastran_driver_fastran_driver_2 DEBUG    _get_service_response(REQUEST|fastran_FPP_000001@fastran_driver@2|FRAMEWORK@Framework@0|127)
2026-07-21 11:01:23,414 fastran_tr_fastran_8 DEBUG    _get_service_response(REQUEST|fastran_FPP_000001@fastran@8|FRAMEWORK@Framework@0|16), response = ServiceResponseMessage(sender_id=FRAMEWORK@Framework@0, receiver_id=fastran_FPP_000001@fastran@8, request_msg_id=REQUEST|fastran_FPP_000001@fastran@8|FRAMEWORK@Framework@0|16,status=0, args=(0,), message_id=RESPONSE|FRAMEWORK@Framework@0|fastran_FPP_000001@fastran@8|1815)
2026-07-21 11:01:23,414 fastran_tr_fastran_8 DEBUG    _invoke_service(): getTopic  ('_IPS_MONITOR',)
2026-07-21 11:01:23,414 fastran_tr_fastran_8 DEBUG    _get_service_response(REQUEST|fastran_FPP_000001@fastran@8|FRAMEWORK@Framework@0|17)
2026-07-21 11:01:23,425 fastran_tr_fastran_8 DEBUG    _get_service_response(REQUEST|fastran_FPP_000001@fastran@8|FRAMEWORK@Framework@0|17), response = ServiceResponseMessage(sender_id=FRAMEWORK@Framework@0, receiver_id=fastran_FPP_000001@fastran@8, request_msg_id=REQUEST|fastran_FPP_000001@fastran@8|FRAMEWORK@Framework@0|17,status=0, args=(<ipsframework.cca_es_spec.Topic object at 0x7f0ad2b2b130>,), message_id=RESPONSE|FRAMEWORK@Framework@0|fastran_FPP_000001@fastran@8|1816)
2026-07-21 11:01:23,425 fastran_tr_fastran_8 DEBUG    _invoke_service(): sendEvent  ('_IPS_MONITOR', 'PORTAL_EVENT', {'sim_name': 'fastran_FPP_000001', 'real_sim_name': 'fastran_FPP_000001', 'portal_data': {'code': 'fastran_tr_fastran', 'eventtype': 'IPS_STAGE_STATE', 'ok': True, 'walltime': '792.45', 'time': '2026-07-21|11:01:23PDT', 'trace': {'timestamp': 1784656883393465, 'duration': 21045, 'localEndpoint': {'serviceName': 'stage_state'}, 'name': "['s000001.00001', 'g000001.00001', 'i000001.00001']", 'id': '71885aecf25d7412', 'parentId': '2246e8405ba31c8d', 'tags': {}}, 'state': 'Running', 'comment': 'Elapsed time = 0.021  files = s000001.00001 g000001.00001 i000001.00001 Success'}})
2026-07-21 11:01:23,425 fastran_tr_fastran_8 DEBUG    _get_service_response(REQUEST|fastran_FPP_000001@fastran@8|FRAMEWORK@Framework@0|18)
2026-07-21 11:01:23,435 fastran_tr_fastran_8 DEBUG    _get_service_response(REQUEST|fastran_FPP_000001@fastran@8|FRAMEWORK@Framework@0|18), response = ServiceResponseMessage(sender_id=FRAMEWORK@Framework@0, receiver_id=fastran_FPP_000001@fastran@8, request_msg_id=REQUEST|fastran_FPP_000001@fastran@8|FRAMEWORK@Framework@0|18,status=0, args=(None,), message_id=RESPONSE|FRAMEWORK@Framework@0|fastran_FPP_000001@fastran@8|1817)
2026-07-21 11:01:23,443 fastran_tr_fastran_8 DEBUG    _invoke_service(): getTopic  ('_IPS_MONITOR',)
2026-07-21 11:01:23,444 fastran_tr_fastran_8 DEBUG    _get_service_response(REQUEST|fastran_FPP_000001@fastran@8|FRAMEWORK@Framework@0|19)
2026-07-21 11:01:23,454 fastran_tr_fastran_8 DEBUG    _get_service_response(REQUEST|fastran_FPP_000001@fastran@8|FRAMEWORK@Framework@0|19), response = ServiceResponseMessage(sender_id=FRAMEWORK@Framework@0, receiver_id=fastran_FPP_000001@fastran@8, request_msg_id=REQUEST|fastran_FPP_000001@fastran@8|FRAMEWORK@Framework@0|19,status=0, args=(<ipsframework.cca_es_spec.Topic object at 0x7f0ad2b2baf0>,), message_id=RESPONSE|FRAMEWORK@Framework@0|fastran_FPP_000001@fastran@8|1818)
2026-07-21 11:01:23,454 fastran_tr_fastran_8 DEBUG    _invoke_service(): sendEvent  ('_IPS_MONITOR', 'PORTAL_EVENT', {'sim_name': 'fastran_FPP_000001', 'real_sim_name': 'fastran_FPP_000001', 'portal_data': {'code': 'fastran_tr_fastran', 'eventtype': 'IPS_STAGE_INPUTS', 'ok': True, 'walltime': '792.48', 'time': '2026-07-21|11:01:23PDT', 'trace': {'timestamp': 1784656883436204, 'duration': 7567, 'localEndpoint': {'serviceName': 'stage_input_files'}, 'name': 'infastran intglf', 'id': '5ff6e2efe4653e6c', 'parentId': '2246e8405ba31c8d', 'tags': {}}, 'state': 'Running', 'comment': 'Elapsed time = 0.008 Path = /pscratch/sd/h/hswils/github_repos/MANTA_DBSCANS/IC+RAD+TGLF/bcfrom2024/basecase/input Files = infastran intglf'}})
2026-07-21 11:01:23,454 fastran_tr_fastran_8 DEBUG    _get_service_response(REQUEST|fastran_FPP_000001@fastran@8|FRAMEWORK@Framework@0|20)
2026-07-21 11:01:23,465 fastran_tr_fastran_8 DEBUG    _get_service_response(REQUEST|fastran_FPP_000001@fastran@8|FRAMEWORK@Framework@0|20), response = ServiceResponseMessage(sender_id=FRAMEWORK@Framework@0, receiver_id=fastran_FPP_000001@fastran@8, request_msg_id=REQUEST|fastran_FPP_000001@fastran@8|FRAMEWORK@Framework@0|20,status=0, args=(None,), message_id=RESPONSE|FRAMEWORK@Framework@0|fastran_FPP_000001@fastran@8|1819)
2026-07-21 11:01:23,694 fastran_tr_fastran_8 DEBUG    _invoke_service(): init_task  (TaskInit(nproc=126, binary='/global/common/software/atom/perlmutter/binaries/fastran/default/xfastran_ver1.07', working_dir='/pscratch/sd/h/hswils/github_repos/MANTA_DBSCANS/IC+RAD+TGLF/bcfrom2024/basecase/SCAN/work/fastran_tr_fastran_8', tppn=0, tcpp=0, tgpp=0, block=True, omp=False, wnodes=True, wsocks=True, cmd_args=('6', '21')),)
2026-07-21 11:01:23,694 fastran_tr_fastran_8 DEBUG    _get_service_response(REQUEST|fastran_FPP_000001@fastran@8|FRAMEWORK@Framework@0|21)
2026-07-21 11:01:23,705 fastran_tr_fastran_8 DEBUG    _get_service_response(REQUEST|fastran_FPP_000001@fastran@8|FRAMEWORK@Framework@0|21), response = ServiceResponseMessage(sender_id=FRAMEWORK@Framework@0, receiver_id=fastran_FPP_000001@fastran@8, request_msg_id=REQUEST|fastran_FPP_000001@fastran@8|FRAMEWORK@Framework@0|21,status=0, args=((5, 'srun -N 1 -n 126 -c 1 --threads-per-core=1 --cpu-bind=cores /global/common/software/atom/perlmutter/binaries/fastran/default/xfastran_ver1.07 6 21', None, 128),), message_id=RESPONSE|FRAMEWORK@Framework@0|fastran_FPP_000001@fastran@8|1821)
2026-07-21 11:01:23,706 fastran_tr_fastran_8 DEBUG    Launching command : srun -N 1 -n 126 -c 1 --threads-per-core=1 --cpu-bind=cores /global/common/software/atom/perlmutter/binaries/fastran/default/xfastran_ver1.07 6 21
2026-07-21 11:01:23,726 fastran_tr_fastran_8 DEBUG    _invoke_service(): getTopic  ('_IPS_MONITOR',)
2026-07-21 11:01:23,726 fastran_tr_fastran_8 DEBUG    _get_service_response(REQUEST|fastran_FPP_000001@fastran@8|FRAMEWORK@Framework@0|22)
2026-07-21 11:01:23,737 fastran_tr_fastran_8 DEBUG    _get_service_response(REQUEST|fastran_FPP_000001@fastran@8|FRAMEWORK@Framework@0|22), response = ServiceResponseMessage(sender_id=FRAMEWORK@Framework@0, receiver_id=fastran_FPP_000001@fastran@8, request_msg_id=REQUEST|fastran_FPP_000001@fastran@8|FRAMEWORK@Framework@0|22,status=0, args=(<ipsframework.cca_es_spec.Topic object at 0x7f0ad2b2bd60>,), message_id=RESPONSE|FRAMEWORK@Framework@0|fastran_FPP_000001@fastran@8|1822)
2026-07-21 11:01:23,737 fastran_tr_fastran_8 DEBUG    _invoke_service(): sendEvent  ('_IPS_MONITOR', 'PORTAL_EVENT', {'sim_name': 'fastran_FPP_000001', 'real_sim_name': 'fastran_FPP_000001', 'portal_data': {'code': 'fastran_tr_fastran', 'eventtype': 'IPS_LAUNCH_TASK', 'ok': True, 'walltime': '792.76', 'time': '2026-07-21|11:01:23PDT', 'state': 'Running', 'comment': 'task_id = 5 , Tag = None , nproc = 126 , Target = srun -N 1 -n 126 -c 1 --threads-per-core=1 --cpu-bind=cores /global/common/software/atom/perlmutter/binaries/fastran/default/xfastran_ver1.07 6 21'}})
2026-07-21 11:01:23,737 fastran_tr_fastran_8 DEBUG    _get_service_response(REQUEST|fastran_FPP_000001@fastran@8|FRAMEWORK@Framework@0|23)
2026-07-21 11:01:23,748 fastran_tr_fastran_8 DEBUG    _get_service_response(REQUEST|fastran_FPP_000001@fastran@8|FRAMEWORK@Framework@0|23), response = ServiceResponseMessage(sender_id=FRAMEWORK@Framework@0, receiver_id=fastran_FPP_000001@fastran@8, request_msg_id=REQUEST|fastran_FPP_000001@fastran@8|FRAMEWORK@Framework@0|23,status=0, args=(None,), message_id=RESPONSE|FRAMEWORK@Framework@0|fastran_FPP_000001@fastran@8|1823)
2026-07-21 11:02:16,770 fastran_tr_fastran_8 DEBUG    _invoke_service(): getTopic  ('_IPS_MONITOR',)
2026-07-21 11:02:16,771 fastran_tr_fastran_8 DEBUG    _get_service_response(REQUEST|fastran_FPP_000001@fastran@8|FRAMEWORK@Framework@0|24)
2026-07-21 11:02:16,782 fastran_tr_fastran_8 DEBUG    _get_service_response(REQUEST|fastran_FPP_000001@fastran@8|FRAMEWORK@Framework@0|24), response = ServiceResponseMessage(sender_id=FRAMEWORK@Framework@0, receiver_id=fastran_FPP_000001@fastran@8, request_msg_id=REQUEST|fastran_FPP_000001@fastran@8|FRAMEWORK@Framework@0|24,status=0, args=(<ipsframework.cca_es_spec.Topic object at 0x7f0ad2b2b7f0>,), message_id=RESPONSE|FRAMEWORK@Framework@0|fastran_FPP_000001@fastran@8|1927)
2026-07-21 11:02:16,782 fastran_tr_fastran_8 DEBUG    _invoke_service(): sendEvent  ('_IPS_MONITOR', 'PORTAL_EVENT', {'sim_name': 'fastran_FPP_000001', 'real_sim_name': 'fastran_FPP_000001', 'portal_data': {'code': 'fastran_tr_fastran', 'eventtype': 'IPS_TASK_END', 'ok': True, 'walltime': '845.81', 'time': '2026-07-21|11:02:16PDT', 'trace': {'timestamp': 1784656883725849, 'duration': 53044749, 'localEndpoint': {'serviceName': '/global/common/software/atom/perlmutter/binaries/fastran/default/xfastran_ver1.07'}, 'name': '6 21', 'id': '3678a338c36fffdc', 'parentId': '2246e8405ba31c8d', 'tags': {'procs_requested': '126', 'cores_allocated': '128'}}, 'state': 'Running', 'comment': 'task_id = 5  elapsed time = 53.04 S'}})
2026-07-21 11:02:16,782 fastran_tr_fastran_8 DEBUG    _get_service_response(REQUEST|fastran_FPP_000001@fastran@8|FRAMEWORK@Framework@0|25)
2026-07-21 11:02:16,792 fastran_tr_fastran_8 DEBUG    _get_service_response(REQUEST|fastran_FPP_000001@fastran@8|FRAMEWORK@Framework@0|25), response = ServiceResponseMessage(sender_id=FRAMEWORK@Framework@0, receiver_id=fastran_FPP_000001@fastran@8, request_msg_id=REQUEST|fastran_FPP_000001@fastran@8|FRAMEWORK@Framework@0|25,status=0, args=(None,), message_id=RESPONSE|FRAMEWORK@Framework@0|fastran_FPP_000001@fastran@8|1928)
2026-07-21 11:02:16,793 fastran_tr_fastran_8 DEBUG    _invoke_service(): finish_task  (5, 0)
2026-07-21 11:02:16,793 fastran_tr_fastran_8 DEBUG    _get_service_response(REQUEST|fastran_FPP_000001@fastran@8|FRAMEWORK@Framework@0|26)
2026-07-21 11:02:16,803 fastran_tr_fastran_8 DEBUG    _get_service_response(REQUEST|fastran_FPP_000001@fastran@8|FRAMEWORK@Framework@0|26), response = ServiceResponseMessage(sender_id=FRAMEWORK@Framework@0, receiver_id=fastran_FPP_000001@fastran@8, request_msg_id=REQUEST|fastran_FPP_000001@fastran@8|FRAMEWORK@Framework@0|26,status=0, args=(0,), message_id=RESPONSE|FRAMEWORK@Framework@0|fastran_FPP_000001@fastran@8|1930)
2026-07-21 11:02:17,080 fastran_tr_fastran_8 DEBUG    _invoke_service(): update_state  (['s000001.00001', 'g000001.00001', 'i000001.00001'], '/pscratch/sd/h/hswils/github_repos/MANTA_DBSCANS/IC+RAD+TGLF/bcfrom2024/basecase/SCAN/work/fastran_tr_fastran_8', '/pscratch/sd/h/hswils/github_repos/MANTA_DBSCANS/IC+RAD+TGLF/bcfrom2024/basecase/SCAN/work/plasma_state')
2026-07-21 11:02:17,080 fastran_tr_fastran_8 DEBUG    _get_service_response(REQUEST|fastran_FPP_000001@fastran@8|FRAMEWORK@Framework@0|27)
2026-07-21 11:02:17,099 fastran_tr_fastran_8 DEBUG    _get_service_response(REQUEST|fastran_FPP_000001@fastran@8|FRAMEWORK@Framework@0|27), response = ServiceResponseMessage(sender_id=FRAMEWORK@Framework@0, receiver_id=fastran_FPP_000001@fastran@8, request_msg_id=REQUEST|fastran_FPP_000001@fastran@8|FRAMEWORK@Framework@0|27,status=0, args=(0,), message_id=RESPONSE|FRAMEWORK@Framework@0|fastran_FPP_000001@fastran@8|1931)
2026-07-21 11:02:17,100 fastran_tr_fastran_8 DEBUG    _invoke_service(): getTopic  ('_IPS_MONITOR',)
2026-07-21 11:02:17,100 fastran_tr_fastran_8 DEBUG    _get_service_response(REQUEST|fastran_FPP_000001@fastran@8|FRAMEWORK@Framework@0|28)
2026-07-21 11:02:17,110 fastran_tr_fastran_8 DEBUG    _get_service_response(REQUEST|fastran_FPP_000001@fastran@8|FRAMEWORK@Framework@0|28), response = ServiceResponseMessage(sender_id=FRAMEWORK@Framework@0, receiver_id=fastran_FPP_000001@fastran@8, request_msg_id=REQUEST|fastran_FPP_000001@fastran@8|FRAMEWORK@Framework@0|28,status=0, args=(<ipsframework.cca_es_spec.Topic object at 0x7f0ad2a6b5b0>,), message_id=RESPONSE|FRAMEWORK@Framework@0|fastran_FPP_000001@fastran@8|1932)
2026-07-21 11:02:17,110 fastran_tr_fastran_8 DEBUG    _invoke_service(): sendEvent  ('_IPS_MONITOR', 'PORTAL_EVENT', {'sim_name': 'fastran_FPP_000001', 'real_sim_name': 'fastran_FPP_000001', 'portal_data': {'code': 'fastran_tr_fastran', 'eventtype': 'IPS_UPDATE_STATE', 'ok': True, 'walltime': '846.14', 'time': '2026-07-21|11:02:17PDT', 'trace': {'timestamp': 1784656937079947, 'duration': 20091, 'localEndpoint': {'serviceName': 'update_state'}, 'name': "['s000001.00001', 'g000001.00001', 'i000001.00001']", 'id': '7629e189a66153c0', 'parentId': '2246e8405ba31c8d', 'tags': {}}, 'state': 'Running', 'comment': 'Elapsed time = 0.020   files = s000001.00001 g000001.00001 i000001.00001 Success'}})
2026-07-21 11:02:17,110 fastran_tr_fastran_8 DEBUG    _get_service_response(REQUEST|fastran_FPP_000001@fastran@8|FRAMEWORK@Framework@0|29)
2026-07-21 11:02:17,121 fastran_tr_fastran_8 DEBUG    _get_service_response(REQUEST|fastran_FPP_000001@fastran@8|FRAMEWORK@Framework@0|29), response = ServiceResponseMessage(sender_id=FRAMEWORK@Framework@0, receiver_id=fastran_FPP_000001@fastran@8, request_msg_id=REQUEST|fastran_FPP_000001@fastran@8|FRAMEWORK@Framework@0|29,status=0, args=(None,), message_id=RESPONSE|FRAMEWORK@Framework@0|fastran_FPP_000001@fastran@8|1933)
2026-07-21 11:02:17,141 fastran_tr_fastran_8 DEBUG    _invoke_service(): getTopic  ('_IPS_MONITOR',)
2026-07-21 11:02:17,141 fastran_tr_fastran_8 DEBUG    _get_service_response(REQUEST|fastran_FPP_000001@fastran@8|FRAMEWORK@Framework@0|30)
2026-07-21 11:02:17,152 fastran_tr_fastran_8 DEBUG    _get_service_response(REQUEST|fastran_FPP_000001@fastran@8|FRAMEWORK@Framework@0|30), response = ServiceResponseMessage(sender_id=FRAMEWORK@Framework@0, receiver_id=fastran_FPP_000001@fastran@8, request_msg_id=REQUEST|fastran_FPP_000001@fastran@8|FRAMEWORK@Framework@0|30,status=0, args=(<ipsframework.cca_es_spec.Topic object at 0x7f0ad2a6b6a0>,), message_id=RESPONSE|FRAMEWORK@Framework@0|fastran_FPP_000001@fastran@8|1934)
2026-07-21 11:02:17,152 fastran_tr_fastran_8 DEBUG    _invoke_service(): sendEvent  ('_IPS_MONITOR', 'PORTAL_EVENT', {'sim_name': 'fastran_FPP_000001', 'real_sim_name': 'fastran_FPP_000001', 'portal_data': {'code': 'fastran_tr_fastran', 'eventtype': 'IPS_STAGE_OUTPUTS', 'ok': True, 'walltime': '846.18', 'time': '2026-07-21|11:02:17PDT', 'trace': {'timestamp': 1784656937121695, 'duration': 19826, 'localEndpoint': {'serviceName': 'stage_output_files'}, 'name': "['fastran.nc', 'inprof', 'inmetric', 'infastran', 'intglf', 'xfastran.log', 'i000001.00001']", 'id': '7349cfaaafc33980', 'parentId': '2246e8405ba31c8d', 'tags': {}}, 'state': 'Running', 'comment': "Elapsed time = 0.020 Path = /pscratch/sd/h/hswils/github_repos/MANTA_DBSCANS/IC+RAD+TGLF/bcfrom2024/basecase/SCAN/simulation_results/1/components/fastran_tr_fastran_8 Files = ['fastran.nc', 'inprof', 'inmetric', 'infastran', 'intglf', 'xfastran.log', 'i000001.00001']"}})
2026-07-21 11:02:17,152 fastran_tr_fastran_8 DEBUG    _get_service_response(REQUEST|fastran_FPP_000001@fastran@8|FRAMEWORK@Framework@0|31)
2026-07-21 11:02:17,162 fastran_tr_fastran_8 DEBUG    _get_service_response(REQUEST|fastran_FPP_000001@fastran@8|FRAMEWORK@Framework@0|31), response = ServiceResponseMessage(sender_id=FRAMEWORK@Framework@0, receiver_id=fastran_FPP_000001@fastran@8, request_msg_id=REQUEST|fastran_FPP_000001@fastran@8|FRAMEWORK@Framework@0|31,status=0, args=(None,), message_id=RESPONSE|FRAMEWORK@Framework@0|fastran_FPP_000001@fastran@8|1935)
2026-07-21 11:02:17,173 fastran_driver_fastran_driver_2 DEBUG    _get_service_response(REQUEST|fastran_FPP_000001@fastran_driver@2|FRAMEWORK@Framework@0|127), response = ServiceResponseMessage(sender_id=FRAMEWORK@Framework@0, receiver_id=fastran_FPP_000001@fastran_driver@2, request_msg_id=REQUEST|fastran_FPP_000001@fastran_driver@2|FRAMEWORK@Framework@0|127,status=0, args=((None,),), message_id=RESPONSE|FRAMEWORK@Framework@0|fastran_FPP_000001@fastran_driver@2|1936)
2026-07-21 11:02:17,173 fastran_driver_fastran_driver_2 DEBUG    _invoke_service(): getTopic  ('_IPS_MONITOR',)
2026-07-21 11:02:17,173 fastran_driver_fastran_driver_2 DEBUG    _get_service_response(REQUEST|fastran_FPP_000001@fastran_driver@2|FRAMEWORK@Framework@0|128)
2026-07-21 11:02:17,184 fastran_driver_fastran_driver_2 DEBUG    _get_service_response(REQUEST|fastran_FPP_000001@fastran_driver@2|FRAMEWORK@Framework@0|128), response = ServiceResponseMessage(sender_id=FRAMEWORK@Framework@0, receiver_id=fastran_FPP_000001@fastran_driver@2, request_msg_id=REQUEST|fastran_FPP_000001@fastran_driver@2|FRAMEWORK@Framework@0|128,status=0, args=(<ipsframework.cca_es_spec.Topic object at 0x7f0ad2b759a0>,), message_id=RESPONSE|FRAMEWORK@Framework@0|fastran_FPP_000001@fastran_driver@2|1937)
2026-07-21 11:02:17,184 fastran_driver_fastran_driver_2 DEBUG    _invoke_service(): sendEvent  ('_IPS_MONITOR', 'PORTAL_EVENT', {'sim_name': 'fastran_FPP_000001', 'real_sim_name': 'fastran_FPP_000001', 'portal_data': {'code': 'fastran_driver_fastran_driver', 'eventtype': 'IPS_CALL_END', 'ok': True, 'walltime': '846.21', 'time': '2026-07-21|11:02:17PDT', 'trace': {'timestamp': 1784656883403235, 'duration': 53770379, 'localEndpoint': {'serviceName': 'fastran_FPP_000001@fastran@8'}, 'name': 'step(1)', 'id': '2246e8405ba31c8d', 'parentId': 'f899e3e5886669ce', 'tags': {}}, 'state': 'Running', 'comment': 'Target = fastran_FPP_000001@fastran@8:step(1)'}})
2026-07-21 11:02:17,184 fastran_driver_fastran_driver_2 DEBUG    _get_service_response(REQUEST|fastran_FPP_000001@fastran_driver@2|FRAMEWORK@Framework@0|129)
2026-07-21 11:02:17,195 fastran_driver_fastran_driver_2 DEBUG    _get_service_response(REQUEST|fastran_FPP_000001@fastran_driver@2|FRAMEWORK@Framework@0|129), response = ServiceResponseMessage(sender_id=FRAMEWORK@Framework@0, receiver_id=fastran_FPP_000001@fastran_driver@2, request_msg_id=REQUEST|fastran_FPP_000001@fastran_driver@2|FRAMEWORK@Framework@0|129,status=0, args=(None,), message_id=RESPONSE|FRAMEWORK@Framework@0|fastran_FPP_000001@fastran_driver@2|1938)
2026-07-21 11:02:17,195 fastran_driver_fastran_driver_2 DEBUG    _invoke_service(): stage_state  (['s000001.00001', 'g000001.00001', 'i000001.00001'], '/pscratch/sd/h/hswils/github_repos/MANTA_DBSCANS/IC+RAD+TGLF/bcfrom2024/basecase/SCAN/work/plasma_state', '/pscratch/sd/h/hswils/github_repos/MANTA_DBSCANS/IC+RAD+TGLF/bcfrom2024/basecase/SCAN/work/fastran_driver_fastran_driver_2')
2026-07-21 11:02:17,195 fastran_driver_fastran_driver_2 DEBUG    _get_service_response(REQUEST|fastran_FPP_000001@fastran_driver@2|FRAMEWORK@Framework@0|130)
2026-07-21 11:02:17,216 fastran_driver_fastran_driver_2 DEBUG    _get_service_response(REQUEST|fastran_FPP_000001@fastran_driver@2|FRAMEWORK@Framework@0|130), response = ServiceResponseMessage(sender_id=FRAMEWORK@Framework@0, receiver_id=fastran_FPP_000001@fastran_driver@2, request_msg_id=REQUEST|fastran_FPP_000001@fastran_driver@2|FRAMEWORK@Framework@0|130,status=0, args=(0,), message_id=RESPONSE|FRAMEWORK@Framework@0|fastran_FPP_000001@fastran_driver@2|1939)
2026-07-21 11:02:17,216 fastran_driver_fastran_driver_2 DEBUG    _invoke_service(): getTopic  ('_IPS_MONITOR',)
2026-07-21 11:02:17,216 fastran_driver_fastran_driver_2 DEBUG    _get_service_response(REQUEST|fastran_FPP_000001@fastran_driver@2|FRAMEWORK@Framework@0|131)
2026-07-21 11:02:17,227 fastran_driver_fastran_driver_2 DEBUG    _get_service_response(REQUEST|fastran_FPP_000001@fastran_driver@2|FRAMEWORK@Framework@0|131), response = ServiceResponseMessage(sender_id=FRAMEWORK@Framework@0, receiver_id=fastran_FPP_000001@fastran_driver@2, request_msg_id=REQUEST|fastran_FPP_000001@fastran_driver@2|FRAMEWORK@Framework@0|131,status=0, args=(<ipsframework.cca_es_spec.Topic object at 0x7f0ad2b75cd0>,), message_id=RESPONSE|FRAMEWORK@Framework@0|fastran_FPP_000001@fastran_driver@2|1940)
2026-07-21 11:02:17,227 fastran_driver_fastran_driver_2 DEBUG    _invoke_service(): sendEvent  ('_IPS_MONITOR', 'PORTAL_EVENT', {'sim_name': 'fastran_FPP_000001', 'real_sim_name': 'fastran_FPP_000001', 'portal_data': {'code': 'fastran_driver_fastran_driver', 'eventtype': 'IPS_STAGE_STATE', 'ok': True, 'walltime': '846.25', 'time': '2026-07-21|11:02:17PDT', 'trace': {'timestamp': 1784656937195326, 'duration': 21407, 'localEndpoint': {'serviceName': 'stage_state'}, 'name': "['s000001.00001', 'g000001.00001', 'i000001.00001']", 'id': '71885aecf25d7412', 'parentId': 'f899e3e5886669ce', 'tags': {}}, 'state': 'Running', 'comment': 'Elapsed time = 0.021  files = s000001.00001 g000001.00001 i000001.00001 Success'}})
2026-07-21 11:02:17,227 fastran_driver_fastran_driver_2 DEBUG    _get_service_response(REQUEST|fastran_FPP_000001@fastran_driver@2|FRAMEWORK@Framework@0|132)
2026-07-21 11:02:17,238 fastran_driver_fastran_driver_2 DEBUG    _get_service_response(REQUEST|fastran_FPP_000001@fastran_driver@2|FRAMEWORK@Framework@0|132), response = ServiceResponseMessage(sender_id=FRAMEWORK@Framework@0, receiver_id=fastran_FPP_000001@fastran_driver@2, request_msg_id=REQUEST|fastran_FPP_000001@fastran_driver@2|FRAMEWORK@Framework@0|132,status=0, args=(None,), message_id=RESPONSE|FRAMEWORK@Framework@0|fastran_FPP_000001@fastran_driver@2|1941)
2026-07-21 11:02:17,238 fastran_driver_fastran_driver_2 DEBUG    _invoke_service(): getTopic  ('_IPS_MONITOR',)
2026-07-21 11:02:17,238 fastran_driver_fastran_driver_2 DEBUG    _get_service_response(REQUEST|fastran_FPP_000001@fastran_driver@2|FRAMEWORK@Framework@0|133)
2026-07-21 11:02:17,249 fastran_driver_fastran_driver_2 DEBUG    _get_service_response(REQUEST|fastran_FPP_000001@fastran_driver@2|FRAMEWORK@Framework@0|133), response = ServiceResponseMessage(sender_id=FRAMEWORK@Framework@0, receiver_id=fastran_FPP_000001@fastran_driver@2, request_msg_id=REQUEST|fastran_FPP_000001@fastran_driver@2|FRAMEWORK@Framework@0|133,status=0, args=(<ipsframework.cca_es_spec.Topic object at 0x7f0ad2b75dc0>,), message_id=RESPONSE|FRAMEWORK@Framework@0|fastran_FPP_000001@fastran_driver@2|1942)
2026-07-21 11:02:17,249 fastran_driver_fastran_driver_2 DEBUG    _invoke_service(): sendEvent  ('_IPS_MONITOR', 'PORTAL_EVENT', {'sim_name': 'fastran_FPP_000001', 'real_sim_name': 'fastran_FPP_000001', 'portal_data': {'code': 'fastran_driver_fastran_driver', 'eventtype': 'IPS_STAGE_OUTPUTS', 'ok': True, 'walltime': '846.28', 'time': '2026-07-21|11:02:17PDT', 'trace': {'timestamp': 1784656937238356, 'duration': 351, 'localEndpoint': {'serviceName': 'stage_output_files'}, 'name': '[]', 'id': 'ed019efe11be26d9', 'parentId': 'f899e3e5886669ce', 'tags': {}}, 'state': 'Running', 'comment': 'Elapsed time = 0.000 Path = /pscratch/sd/h/hswils/github_repos/MANTA_DBSCANS/IC+RAD+TGLF/bcfrom2024/basecase/SCAN/simulation_results/1/components/fastran_driver_fastran_driver_2 Files = []'}})
2026-07-21 11:02:17,249 fastran_driver_fastran_driver_2 DEBUG    _get_service_response(REQUEST|fastran_FPP_000001@fastran_driver@2|FRAMEWORK@Framework@0|134)
2026-07-21 11:02:17,260 fastran_driver_fastran_driver_2 DEBUG    _get_service_response(REQUEST|fastran_FPP_000001@fastran_driver@2|FRAMEWORK@Framework@0|134), response = ServiceResponseMessage(sender_id=FRAMEWORK@Framework@0, receiver_id=fastran_FPP_000001@fastran_driver@2, request_msg_id=REQUEST|fastran_FPP_000001@fastran_driver@2|FRAMEWORK@Framework@0|134,status=0, args=(None,), message_id=RESPONSE|FRAMEWORK@Framework@0|fastran_FPP_000001@fastran_driver@2|1943)
2026-07-21 11:02:17,260 fastran_driver_fastran_driver_2 DEBUG    _invoke_service(): getTopic  ('_IPS_MONITOR',)
2026-07-21 11:02:17,261 fastran_driver_fastran_driver_2 DEBUG    _get_service_response(REQUEST|fastran_FPP_000001@fastran_driver@2|FRAMEWORK@Framework@0|135)
2026-07-21 11:02:17,271 fastran_driver_fastran_driver_2 DEBUG    _get_service_response(REQUEST|fastran_FPP_000001@fastran_driver@2|FRAMEWORK@Framework@0|135), response = ServiceResponseMessage(sender_id=FRAMEWORK@Framework@0, receiver_id=fastran_FPP_000001@fastran_driver@2, request_msg_id=REQUEST|fastran_FPP_000001@fastran_driver@2|FRAMEWORK@Framework@0|135,status=0, args=(<ipsframework.cca_es_spec.Topic object at 0x7f0ad2b75ac0>,), message_id=RESPONSE|FRAMEWORK@Framework@0|fastran_FPP_000001@fastran_driver@2|1944)
2026-07-21 11:02:17,271 fastran_driver_fastran_driver_2 DEBUG    _invoke_service(): sendEvent  ('_IPS_MONITOR', 'PORTALBRIDGE_UPDATE_TIMESTAMP', {'sim_name': 'fastran_FPP_000001', 'real_sim_name': 'fastran_FPP_000001', 'portal_data': {'phystimestamp': 2, 'eventtype': 'PORTALBRIDGE_UPDATE_TIMESTAMP'}})
2026-07-21 11:02:17,271 fastran_driver_fastran_driver_2 DEBUG    _get_service_response(REQUEST|fastran_FPP_000001@fastran_driver@2|FRAMEWORK@Framework@0|136)
2026-07-21 11:02:17,282 fastran_driver_fastran_driver_2 DEBUG    _get_service_response(REQUEST|fastran_FPP_000001@fastran_driver@2|FRAMEWORK@Framework@0|136), response = ServiceResponseMessage(sender_id=FRAMEWORK@Framework@0, receiver_id=fastran_FPP_000001@fastran_driver@2, request_msg_id=REQUEST|fastran_FPP_000001@fastran_driver@2|FRAMEWORK@Framework@0|136,status=0, args=(None,), message_id=RESPONSE|FRAMEWORK@Framework@0|fastran_FPP_000001@fastran_driver@2|1945)
2026-07-21 11:02:17,282 fastran_driver_fastran_driver_2 DEBUG    _invoke_service(): getTopic  ('_IPS_MONITOR',)
2026-07-21 11:02:17,282 fastran_driver_fastran_driver_2 DEBUG    _get_service_response(REQUEST|fastran_FPP_000001@fastran_driver@2|FRAMEWORK@Framework@0|137)
2026-07-21 11:02:17,293 fastran_driver_fastran_driver_2 DEBUG    _get_service_response(REQUEST|fastran_FPP_000001@fastran_driver@2|FRAMEWORK@Framework@0|137), response = ServiceResponseMessage(sender_id=FRAMEWORK@Framework@0, receiver_id=fastran_FPP_000001@fastran_driver@2, request_msg_id=REQUEST|fastran_FPP_000001@fastran_driver@2|FRAMEWORK@Framework@0|137,status=0, args=(<ipsframework.cca_es_spec.Topic object at 0x7f0ad2b75dc0>,), message_id=RESPONSE|FRAMEWORK@Framework@0|fastran_FPP_000001@fastran_driver@2|1946)
2026-07-21 11:02:17,293 fastran_driver_fastran_driver_2 DEBUG    _invoke_service(): sendEvent  ('_IPS_MONITOR', 'PORTAL_EVENT', {'sim_name': 'fastran_FPP_000001', 'real_sim_name': 'fastran_FPP_000001', 'portal_data': {'code': 'fastran_driver_fastran_driver', 'eventtype': 'IPS_UPDATE_TIME_STAMP', 'ok': True, 'walltime': '846.32', 'time': '2026-07-21|11:02:17PDT', 'state': 'Running', 'comment': 'Timestamp = 2'}})
2026-07-21 11:02:17,293 fastran_driver_fastran_driver_2 DEBUG    _get_service_response(REQUEST|fastran_FPP_000001@fastran_driver@2|FRAMEWORK@Framework@0|138)
2026-07-21 11:02:17,304 fastran_driver_fastran_driver_2 DEBUG    _get_service_response(REQUEST|fastran_FPP_000001@fastran_driver@2|FRAMEWORK@Framework@0|138), response = ServiceResponseMessage(sender_id=FRAMEWORK@Framework@0, receiver_id=fastran_FPP_000001@fastran_driver@2, request_msg_id=REQUEST|fastran_FPP_000001@fastran_driver@2|FRAMEWORK@Framework@0|138,status=0, args=(None,), message_id=RESPONSE|FRAMEWORK@Framework@0|fastran_FPP_000001@fastran_driver@2|1947)
2026-07-21 11:02:17,304 fastran_driver_fastran_driver_2 DEBUG    _invoke_service(): getTopic  ('_IPS_MONITOR',)
2026-07-21 11:02:17,304 fastran_driver_fastran_driver_2 DEBUG    _get_service_response(REQUEST|fastran_FPP_000001@fastran_driver@2|FRAMEWORK@Framework@0|139)
2026-07-21 11:02:17,315 fastran_driver_fastran_driver_2 DEBUG    _get_service_response(REQUEST|fastran_FPP_000001@fastran_driver@2|FRAMEWORK@Framework@0|139), response = ServiceResponseMessage(sender_id=FRAMEWORK@Framework@0, receiver_id=fastran_FPP_000001@fastran_driver@2, request_msg_id=REQUEST|fastran_FPP_000001@fastran_driver@2|FRAMEWORK@Framework@0|139,status=0, args=(<ipsframework.cca_es_spec.Topic object at 0x7f0ad2b75df0>,), message_id=RESPONSE|FRAMEWORK@Framework@0|fastran_FPP_000001@fastran_driver@2|1949)
2026-07-21 11:02:17,315 fastran_driver_fastran_driver_2 DEBUG    _invoke_service(): sendEvent  ('_IPS_MONITOR', 'PORTAL_EVENT', {'sim_name': 'fastran_FPP_000001', 'real_sim_name': 'fastran_FPP_000001', 'portal_data': {'code': 'fastran_driver_fastran_driver', 'eventtype': 'IPS_CALL_BEGIN', 'ok': True, 'walltime': '846.34', 'time': '2026-07-21|11:02:17PDT', 'state': 'Running', 'comment': 'Target = fastran_FPP_000001@impurity_radiation@5:step(2)'}})
2026-07-21 11:02:17,315 fastran_driver_fastran_driver_2 DEBUG    _get_service_response(REQUEST|fastran_FPP_000001@fastran_driver@2|FRAMEWORK@Framework@0|140)
2026-07-21 11:02:17,325 fastran_driver_fastran_driver_2 DEBUG    _get_service_response(REQUEST|fastran_FPP_000001@fastran_driver@2|FRAMEWORK@Framework@0|140), response = ServiceResponseMessage(sender_id=FRAMEWORK@Framework@0, receiver_id=fastran_FPP_000001@fastran_driver@2, request_msg_id=REQUEST|fastran_FPP_000001@fastran_driver@2|FRAMEWORK@Framework@0|140,status=0, args=(None,), message_id=RESPONSE|FRAMEWORK@Framework@0|fastran_FPP_000001@fastran_driver@2|1950)
2026-07-21 11:02:17,325 fastran_driver_fastran_driver_2 DEBUG    _invoke_service(): init_call  ('step', 2)
2026-07-21 11:02:17,325 fastran_driver_fastran_driver_2 DEBUG    _get_service_response(REQUEST|fastran_FPP_000001@fastran_driver@2|FRAMEWORK@Framework@0|141)
2026-07-21 11:02:17,326 fastran__impurity_radiation_5 DEBUG    Received Message 
2026-07-21 11:02:17,326 fastran__impurity_radiation_5 DEBUG    Calling method step(2)
2026-07-21 11:02:17,327 fastran__impurity_radiation_5 DEBUG    _invoke_service(): stage_state  (['s000001.00001', 'g000001.00001', 'i000001.00001'], '/pscratch/sd/h/hswils/github_repos/MANTA_DBSCANS/IC+RAD+TGLF/bcfrom2024/basecase/SCAN/work/plasma_state', '/pscratch/sd/h/hswils/github_repos/MANTA_DBSCANS/IC+RAD+TGLF/bcfrom2024/basecase/SCAN/work/fastran__impurity_radiation_5')
2026-07-21 11:02:17,327 fastran__impurity_radiation_5 DEBUG    _get_service_response(REQUEST|fastran_FPP_000001@impurity_radiation@5|FRAMEWORK@Framework@0|23)
2026-07-21 11:02:17,336 fastran_driver_fastran_driver_2 DEBUG    _get_service_response(REQUEST|fastran_FPP_000001@fastran_driver@2|FRAMEWORK@Framework@0|141), response = ServiceResponseMessage(sender_id=FRAMEWORK@Framework@0, receiver_id=fastran_FPP_000001@fastran_driver@2, request_msg_id=REQUEST|fastran_FPP_000001@fastran_driver@2|FRAMEWORK@Framework@0|141,status=0, args=(27,), message_id=RESPONSE|FRAMEWORK@Framework@0|fastran_FPP_000001@fastran_driver@2|1951)
2026-07-21 11:02:17,336 fastran_driver_fastran_driver_2 DEBUG    _invoke_service(): wait_call  (27, True)
2026-07-21 11:02:17,336 fastran_driver_fastran_driver_2 DEBUG    _get_service_response(REQUEST|fastran_FPP_000001@fastran_driver@2|FRAMEWORK@Framework@0|142)
2026-07-21 11:02:17,347 fastran__impurity_radiation_5 DEBUG    _get_service_response(REQUEST|fastran_FPP_000001@impurity_radiation@5|FRAMEWORK@Framework@0|23), response = ServiceResponseMessage(sender_id=FRAMEWORK@Framework@0, receiver_id=fastran_FPP_000001@impurity_radiation@5, request_msg_id=REQUEST|fastran_FPP_000001@impurity_radiation@5|FRAMEWORK@Framework@0|23,status=0, args=(0,), message_id=RESPONSE|FRAMEWORK@Framework@0|fastran_FPP_000001@impurity_radiation@5|1952)
2026-07-21 11:02:17,347 fastran__impurity_radiation_5 DEBUG    _invoke_service(): getTopic  ('_IPS_MONITOR',)
2026-07-21 11:02:17,347 fastran__impurity_radiation_5 DEBUG    _get_service_response(REQUEST|fastran_FPP_000001@impurity_radiation@5|FRAMEWORK@Framework@0|24)
2026-07-21 11:02:17,358 fastran__impurity_radiation_5 DEBUG    _get_service_response(REQUEST|fastran_FPP_000001@impurity_radiation@5|FRAMEWORK@Framework@0|24), response = ServiceResponseMessage(sender_id=FRAMEWORK@Framework@0, receiver_id=fastran_FPP_000001@impurity_radiation@5, request_msg_id=REQUEST|fastran_FPP_000001@impurity_radiation@5|FRAMEWORK@Framework@0|24,status=0, args=(<ipsframework.cca_es_spec.Topic object at 0x7f0ad2b39280>,), message_id=RESPONSE|FRAMEWORK@Framework@0|fastran_FPP_000001@impurity_radiation@5|1953)
2026-07-21 11:02:17,358 fastran__impurity_radiation_5 DEBUG    _invoke_service(): sendEvent  ('_IPS_MONITOR', 'PORTAL_EVENT', {'sim_name': 'fastran_FPP_000001', 'real_sim_name': 'fastran_FPP_000001', 'portal_data': {'code': 'fastran__impurity_radiation', 'eventtype': 'IPS_STAGE_STATE', 'ok': True, 'walltime': '846.38', 'time': '2026-07-21|11:02:17PDT', 'trace': {'timestamp': 1784656937326908, 'duration': 20702, 'localEndpoint': {'serviceName': 'stage_state'}, 'name': "['s000001.00001', 'g000001.00001', 'i000001.00001']", 'id': '71885aecf25d7412', 'parentId': 'bb6121ebffb698a2', 'tags': {}}, 'state': 'Running', 'comment': 'Elapsed time = 0.021  files = s000001.00001 g000001.00001 i000001.00001 Success'}})
2026-07-21 11:02:17,358 fastran__impurity_radiation_5 DEBUG    _get_service_response(REQUEST|fastran_FPP_000001@impurity_radiation@5|FRAMEWORK@Framework@0|25)
2026-07-21 11:02:17,369 fastran__impurity_radiation_5 DEBUG    _get_service_response(REQUEST|fastran_FPP_000001@impurity_radiation@5|FRAMEWORK@Framework@0|25), response = ServiceResponseMessage(sender_id=FRAMEWORK@Framework@0, receiver_id=fastran_FPP_000001@impurity_radiation@5, request_msg_id=REQUEST|fastran_FPP_000001@impurity_radiation@5|FRAMEWORK@Framework@0|25,status=0, args=(None,), message_id=RESPONSE|FRAMEWORK@Framework@0|fastran_FPP_000001@impurity_radiation@5|1954)
2026-07-21 11:02:17,369 fastran__impurity_radiation_5 DEBUG    _invoke_service(): getTopic  ('_IPS_MONITOR',)
2026-07-21 11:02:17,369 fastran__impurity_radiation_5 DEBUG    _get_service_response(REQUEST|fastran_FPP_000001@impurity_radiation@5|FRAMEWORK@Framework@0|26)
2026-07-21 11:02:17,380 fastran__impurity_radiation_5 DEBUG    _get_service_response(REQUEST|fastran_FPP_000001@impurity_radiation@5|FRAMEWORK@Framework@0|26), response = ServiceResponseMessage(sender_id=FRAMEWORK@Framework@0, receiver_id=fastran_FPP_000001@impurity_radiation@5, request_msg_id=REQUEST|fastran_FPP_000001@impurity_radiation@5|FRAMEWORK@Framework@0|26,status=0, args=(<ipsframework.cca_es_spec.Topic object at 0x7f0ad2b396d0>,), message_id=RESPONSE|FRAMEWORK@Framework@0|fastran_FPP_000001@impurity_radiation@5|1955)
2026-07-21 11:02:17,380 fastran__impurity_radiation_5 DEBUG    _invoke_service(): sendEvent  ('_IPS_MONITOR', 'PORTAL_EVENT', {'sim_name': 'fastran_FPP_000001', 'real_sim_name': 'fastran_FPP_000001', 'portal_data': {'code': 'fastran__impurity_radiation', 'eventtype': 'IPS_STAGE_INPUTS', 'ok': True, 'walltime': '846.41', 'time': '2026-07-21|11:02:17PDT', 'trace': {'timestamp': 1784656937369318, 'duration': 66, 'localEndpoint': {'serviceName': 'stage_input_files'}, 'name': '', 'id': 'e70cb59b389672bf', 'parentId': 'bb6121ebffb698a2', 'tags': {}}, 'state': 'Running', 'comment': 'Elapsed time = 0.000 Path = /pscratch/sd/h/hswils/github_repos/MANTA_DBSCANS/IC+RAD+TGLF/bcfrom2024/basecase/input Files = '}})
2026-07-21 11:02:17,380 fastran__impurity_radiation_5 DEBUG    _get_service_response(REQUEST|fastran_FPP_000001@impurity_radiation@5|FRAMEWORK@Framework@0|27)
2026-07-21 11:02:17,391 fastran__impurity_radiation_5 DEBUG    _get_service_response(REQUEST|fastran_FPP_000001@impurity_radiation@5|FRAMEWORK@Framework@0|27), response = ServiceResponseMessage(sender_id=FRAMEWORK@Framework@0, receiver_id=fastran_FPP_000001@impurity_radiation@5, request_msg_id=REQUEST|fastran_FPP_000001@impurity_radiation@5|FRAMEWORK@Framework@0|27,status=0, args=(None,), message_id=RESPONSE|FRAMEWORK@Framework@0|fastran_FPP_000001@impurity_radiation@5|1956)
2026-07-21 11:02:17,611 fastran__impurity_radiation_5 DEBUG    _invoke_service(): update_state  (['s000001.00001', 'g000001.00001', 'i000001.00001'], '/pscratch/sd/h/hswils/github_repos/MANTA_DBSCANS/IC+RAD+TGLF/bcfrom2024/basecase/SCAN/work/fastran__impurity_radiation_5', '/pscratch/sd/h/hswils/github_repos/MANTA_DBSCANS/IC+RAD+TGLF/bcfrom2024/basecase/SCAN/work/plasma_state')
2026-07-21 11:02:17,611 fastran__impurity_radiation_5 DEBUG    _get_service_response(REQUEST|fastran_FPP_000001@impurity_radiation@5|FRAMEWORK@Framework@0|28)
2026-07-21 11:02:17,631 fastran__impurity_radiation_5 DEBUG    _get_service_response(REQUEST|fastran_FPP_000001@impurity_radiation@5|FRAMEWORK@Framework@0|28), response = ServiceResponseMessage(sender_id=FRAMEWORK@Framework@0, receiver_id=fastran_FPP_000001@impurity_radiation@5, request_msg_id=REQUEST|fastran_FPP_000001@impurity_radiation@5|FRAMEWORK@Framework@0|28,status=0, args=(0,), message_id=RESPONSE|FRAMEWORK@Framework@0|fastran_FPP_000001@impurity_radiation@5|1957)
2026-07-21 11:02:17,632 fastran__impurity_radiation_5 DEBUG    _invoke_service(): getTopic  ('_IPS_MONITOR',)
2026-07-21 11:02:17,632 fastran__impurity_radiation_5 DEBUG    _get_service_response(REQUEST|fastran_FPP_000001@impurity_radiation@5|FRAMEWORK@Framework@0|29)
2026-07-21 11:02:17,642 fastran__impurity_radiation_5 DEBUG    _get_service_response(REQUEST|fastran_FPP_000001@impurity_radiation@5|FRAMEWORK@Framework@0|29), response = ServiceResponseMessage(sender_id=FRAMEWORK@Framework@0, receiver_id=fastran_FPP_000001@impurity_radiation@5, request_msg_id=REQUEST|fastran_FPP_000001@impurity_radiation@5|FRAMEWORK@Framework@0|29,status=0, args=(<ipsframework.cca_es_spec.Topic object at 0x7f0ad2b39820>,), message_id=RESPONSE|FRAMEWORK@Framework@0|fastran_FPP_000001@impurity_radiation@5|1958)
2026-07-21 11:02:17,642 fastran__impurity_radiation_5 DEBUG    _invoke_service(): sendEvent  ('_IPS_MONITOR', 'PORTAL_EVENT', {'sim_name': 'fastran_FPP_000001', 'real_sim_name': 'fastran_FPP_000001', 'portal_data': {'code': 'fastran__impurity_radiation', 'eventtype': 'IPS_UPDATE_STATE', 'ok': True, 'walltime': '846.67', 'time': '2026-07-21|11:02:17PDT', 'trace': {'timestamp': 1784656937611557, 'duration': 20485, 'localEndpoint': {'serviceName': 'update_state'}, 'name': "['s000001.00001', 'g000001.00001', 'i000001.00001']", 'id': '7629e189a66153c0', 'parentId': 'bb6121ebffb698a2', 'tags': {}}, 'state': 'Running', 'comment': 'Elapsed time = 0.020   files = s000001.00001 g000001.00001 i000001.00001 Success'}})
2026-07-21 11:02:17,642 fastran__impurity_radiation_5 DEBUG    _get_service_response(REQUEST|fastran_FPP_000001@impurity_radiation@5|FRAMEWORK@Framework@0|30)
2026-07-21 11:02:17,653 fastran__impurity_radiation_5 DEBUG    _get_service_response(REQUEST|fastran_FPP_000001@impurity_radiation@5|FRAMEWORK@Framework@0|30), response = ServiceResponseMessage(sender_id=FRAMEWORK@Framework@0, receiver_id=fastran_FPP_000001@impurity_radiation@5, request_msg_id=REQUEST|fastran_FPP_000001@impurity_radiation@5|FRAMEWORK@Framework@0|30,status=0, args=(None,), message_id=RESPONSE|FRAMEWORK@Framework@0|fastran_FPP_000001@impurity_radiation@5|1959)
2026-07-21 11:02:17,653 fastran__impurity_radiation_5 DEBUG    _invoke_service(): getTopic  ('_IPS_MONITOR',)
2026-07-21 11:02:17,653 fastran__impurity_radiation_5 DEBUG    _get_service_response(REQUEST|fastran_FPP_000001@impurity_radiation@5|FRAMEWORK@Framework@0|31)
2026-07-21 11:02:17,664 fastran__impurity_radiation_5 DEBUG    _get_service_response(REQUEST|fastran_FPP_000001@impurity_radiation@5|FRAMEWORK@Framework@0|31), response = ServiceResponseMessage(sender_id=FRAMEWORK@Framework@0, receiver_id=fastran_FPP_000001@impurity_radiation@5, request_msg_id=REQUEST|fastran_FPP_000001@impurity_radiation@5|FRAMEWORK@Framework@0|31,status=0, args=(<ipsframework.cca_es_spec.Topic object at 0x7f0ad2b39790>,), message_id=RESPONSE|FRAMEWORK@Framework@0|fastran_FPP_000001@impurity_radiation@5|1960)
2026-07-21 11:02:17,664 fastran__impurity_radiation_5 DEBUG    _invoke_service(): sendEvent  ('_IPS_MONITOR', 'PORTAL_EVENT', {'sim_name': 'fastran_FPP_000001', 'real_sim_name': 'fastran_FPP_000001', 'portal_data': {'code': 'fastran__impurity_radiation', 'eventtype': 'IPS_STAGE_OUTPUTS', 'ok': True, 'walltime': '846.69', 'time': '2026-07-21|11:02:17PDT', 'trace': {'timestamp': 1784656937653492, 'duration': 256, 'localEndpoint': {'serviceName': 'stage_output_files'}, 'name': '[]', 'id': 'ed019efe11be26d9', 'parentId': 'bb6121ebffb698a2', 'tags': {}}, 'state': 'Running', 'comment': 'Elapsed time = 0.000 Path = /pscratch/sd/h/hswils/github_repos/MANTA_DBSCANS/IC+RAD+TGLF/bcfrom2024/basecase/SCAN/simulation_results/2/components/fastran__impurity_radiation_5 Files = []'}})
2026-07-21 11:02:17,664 fastran__impurity_radiation_5 DEBUG    _get_service_response(REQUEST|fastran_FPP_000001@impurity_radiation@5|FRAMEWORK@Framework@0|32)
2026-07-21 11:02:17,675 fastran__impurity_radiation_5 DEBUG    _get_service_response(REQUEST|fastran_FPP_000001@impurity_radiation@5|FRAMEWORK@Framework@0|32), response = ServiceResponseMessage(sender_id=FRAMEWORK@Framework@0, receiver_id=fastran_FPP_000001@impurity_radiation@5, request_msg_id=REQUEST|fastran_FPP_000001@impurity_radiation@5|FRAMEWORK@Framework@0|32,status=0, args=(None,), message_id=RESPONSE|FRAMEWORK@Framework@0|fastran_FPP_000001@impurity_radiation@5|1961)
2026-07-21 11:02:17,686 fastran_driver_fastran_driver_2 DEBUG    _get_service_response(REQUEST|fastran_FPP_000001@fastran_driver@2|FRAMEWORK@Framework@0|142), response = ServiceResponseMessage(sender_id=FRAMEWORK@Framework@0, receiver_id=fastran_FPP_000001@fastran_driver@2, request_msg_id=REQUEST|fastran_FPP_000001@fastran_driver@2|FRAMEWORK@Framework@0|142,status=0, args=((None,),), message_id=RESPONSE|FRAMEWORK@Framework@0|fastran_FPP_000001@fastran_driver@2|1962)
2026-07-21 11:02:17,686 fastran_driver_fastran_driver_2 DEBUG    _invoke_service(): getTopic  ('_IPS_MONITOR',)
2026-07-21 11:02:17,686 fastran_driver_fastran_driver_2 DEBUG    _get_service_response(REQUEST|fastran_FPP_000001@fastran_driver@2|FRAMEWORK@Framework@0|143)
2026-07-21 11:02:17,697 fastran_driver_fastran_driver_2 DEBUG    _get_service_response(REQUEST|fastran_FPP_000001@fastran_driver@2|FRAMEWORK@Framework@0|143), response = ServiceResponseMessage(sender_id=FRAMEWORK@Framework@0, receiver_id=fastran_FPP_000001@fastran_driver@2, request_msg_id=REQUEST|fastran_FPP_000001@fastran_driver@2|FRAMEWORK@Framework@0|143,status=0, args=(<ipsframework.cca_es_spec.Topic object at 0x7f0ad2b75910>,), message_id=RESPONSE|FRAMEWORK@Framework@0|fastran_FPP_000001@fastran_driver@2|1963)
2026-07-21 11:02:17,697 fastran_driver_fastran_driver_2 DEBUG    _invoke_service(): sendEvent  ('_IPS_MONITOR', 'PORTAL_EVENT', {'sim_name': 'fastran_FPP_000001', 'real_sim_name': 'fastran_FPP_000001', 'portal_data': {'code': 'fastran_driver_fastran_driver', 'eventtype': 'IPS_CALL_END', 'ok': True, 'walltime': '846.72', 'time': '2026-07-21|11:02:17PDT', 'trace': {'timestamp': 1784656937336484, 'duration': 349741, 'localEndpoint': {'serviceName': 'fastran_FPP_000001@impurity_radiation@5'}, 'name': 'step(2)', 'id': 'bb6121ebffb698a2', 'parentId': 'f899e3e5886669ce', 'tags': {}}, 'state': 'Running', 'comment': 'Target = fastran_FPP_000001@impurity_radiation@5:step(2)'}})
2026-07-21 11:02:17,697 fastran_driver_fastran_driver_2 DEBUG    _get_service_response(REQUEST|fastran_FPP_000001@fastran_driver@2|FRAMEWORK@Framework@0|144)
2026-07-21 11:02:17,708 fastran_driver_fastran_driver_2 DEBUG    _get_service_response(REQUEST|fastran_FPP_000001@fastran_driver@2|FRAMEWORK@Framework@0|144), response = ServiceResponseMessage(sender_id=FRAMEWORK@Framework@0, receiver_id=fastran_FPP_000001@fastran_driver@2, request_msg_id=REQUEST|fastran_FPP_000001@fastran_driver@2|FRAMEWORK@Framework@0|144,status=0, args=(None,), message_id=RESPONSE|FRAMEWORK@Framework@0|fastran_FPP_000001@fastran_driver@2|1964)
2026-07-21 11:02:17,708 fastran_driver_fastran_driver_2 DEBUG    _invoke_service(): getTopic  ('_IPS_MONITOR',)
2026-07-21 11:02:17,708 fastran_driver_fastran_driver_2 DEBUG    _get_service_response(REQUEST|fastran_FPP_000001@fastran_driver@2|FRAMEWORK@Framework@0|145)
2026-07-21 11:02:17,719 fastran_driver_fastran_driver_2 DEBUG    _get_service_response(REQUEST|fastran_FPP_000001@fastran_driver@2|FRAMEWORK@Framework@0|145), response = ServiceResponseMessage(sender_id=FRAMEWORK@Framework@0, receiver_id=fastran_FPP_000001@fastran_driver@2, request_msg_id=REQUEST|fastran_FPP_000001@fastran_driver@2|FRAMEWORK@Framework@0|145,status=0, args=(<ipsframework.cca_es_spec.Topic object at 0x7f0ad2b75e50>,), message_id=RESPONSE|FRAMEWORK@Framework@0|fastran_FPP_000001@fastran_driver@2|1965)
2026-07-21 11:02:17,719 fastran_driver_fastran_driver_2 DEBUG    _invoke_service(): sendEvent  ('_IPS_MONITOR', 'PORTAL_EVENT', {'sim_name': 'fastran_FPP_000001', 'real_sim_name': 'fastran_FPP_000001', 'portal_data': {'code': 'fastran_driver_fastran_driver', 'eventtype': 'IPS_CALL_BEGIN', 'ok': True, 'walltime': '846.74', 'time': '2026-07-21|11:02:17PDT', 'state': 'Running', 'comment': 'Target = fastran_FPP_000001@toric@6:step(2)'}})
2026-07-21 11:02:17,719 fastran_driver_fastran_driver_2 DEBUG    _get_service_response(REQUEST|fastran_FPP_000001@fastran_driver@2|FRAMEWORK@Framework@0|146)
2026-07-21 11:02:17,730 fastran_driver_fastran_driver_2 DEBUG    _get_service_response(REQUEST|fastran_FPP_000001@fastran_driver@2|FRAMEWORK@Framework@0|146), response = ServiceResponseMessage(sender_id=FRAMEWORK@Framework@0, receiver_id=fastran_FPP_000001@fastran_driver@2, request_msg_id=REQUEST|fastran_FPP_000001@fastran_driver@2|FRAMEWORK@Framework@0|146,status=0, args=(None,), message_id=RESPONSE|FRAMEWORK@Framework@0|fastran_FPP_000001@fastran_driver@2|1966)
2026-07-21 11:02:17,730 fastran_driver_fastran_driver_2 DEBUG    _invoke_service(): init_call  ('step', 2)
2026-07-21 11:02:17,730 fastran_driver_fastran_driver_2 DEBUG    _get_service_response(REQUEST|fastran_FPP_000001@fastran_driver@2|FRAMEWORK@Framework@0|147)
2026-07-21 11:02:17,731 rf_ic_toric_6   DEBUG    Received Message 
2026-07-21 11:02:17,731 rf_ic_toric_6   DEBUG    Calling method step(2)
2026-07-21 11:02:17,732 rf_ic_toric_6   DEBUG    _invoke_service(): stage_state  (['s000001.00001', 'g000001.00001'], '/pscratch/sd/h/hswils/github_repos/MANTA_DBSCANS/IC+RAD+TGLF/bcfrom2024/basecase/SCAN/work/plasma_state', '/pscratch/sd/h/hswils/github_repos/MANTA_DBSCANS/IC+RAD+TGLF/bcfrom2024/basecase/SCAN/work/rf_ic_toric_6')
2026-07-21 11:02:17,732 rf_ic_toric_6   DEBUG    _get_service_response(REQUEST|fastran_FPP_000001@toric@6|FRAMEWORK@Framework@0|45)
2026-07-21 11:02:17,741 fastran_driver_fastran_driver_2 DEBUG    _get_service_response(REQUEST|fastran_FPP_000001@fastran_driver@2|FRAMEWORK@Framework@0|147), response = ServiceResponseMessage(sender_id=FRAMEWORK@Framework@0, receiver_id=fastran_FPP_000001@fastran_driver@2, request_msg_id=REQUEST|fastran_FPP_000001@fastran_driver@2|FRAMEWORK@Framework@0|147,status=0, args=(28,), message_id=RESPONSE|FRAMEWORK@Framework@0|fastran_FPP_000001@fastran_driver@2|1967)
2026-07-21 11:02:17,741 fastran_driver_fastran_driver_2 DEBUG    _invoke_service(): wait_call  (28, True)
2026-07-21 11:02:17,741 fastran_driver_fastran_driver_2 DEBUG    _get_service_response(REQUEST|fastran_FPP_000001@fastran_driver@2|FRAMEWORK@Framework@0|148)
2026-07-21 11:02:17,751 rf_ic_toric_6   DEBUG    _get_service_response(REQUEST|fastran_FPP_000001@toric@6|FRAMEWORK@Framework@0|45), response = ServiceResponseMessage(sender_id=FRAMEWORK@Framework@0, receiver_id=fastran_FPP_000001@toric@6, request_msg_id=REQUEST|fastran_FPP_000001@toric@6|FRAMEWORK@Framework@0|45,status=0, args=(0,), message_id=RESPONSE|FRAMEWORK@Framework@0|fastran_FPP_000001@toric@6|1968)
2026-07-21 11:02:17,751 rf_ic_toric_6   DEBUG    _invoke_service(): getTopic  ('_IPS_MONITOR',)
2026-07-21 11:02:17,751 rf_ic_toric_6   DEBUG    _get_service_response(REQUEST|fastran_FPP_000001@toric@6|FRAMEWORK@Framework@0|46)
2026-07-21 11:02:17,761 rf_ic_toric_6   DEBUG    _get_service_response(REQUEST|fastran_FPP_000001@toric@6|FRAMEWORK@Framework@0|46), response = ServiceResponseMessage(sender_id=FRAMEWORK@Framework@0, receiver_id=fastran_FPP_000001@toric@6, request_msg_id=REQUEST|fastran_FPP_000001@toric@6|FRAMEWORK@Framework@0|46,status=0, args=(<ipsframework.cca_es_spec.Topic object at 0x7f0ad2ade4c0>,), message_id=RESPONSE|FRAMEWORK@Framework@0|fastran_FPP_000001@toric@6|1969)
2026-07-21 11:02:17,761 rf_ic_toric_6   DEBUG    _invoke_service(): sendEvent  ('_IPS_MONITOR', 'PORTAL_EVENT', {'sim_name': 'fastran_FPP_000001', 'real_sim_name': 'fastran_FPP_000001', 'portal_data': {'code': 'rf_ic_toric', 'eventtype': 'IPS_STAGE_STATE', 'ok': True, 'walltime': '846.79', 'time': '2026-07-21|11:02:17PDT', 'trace': {'timestamp': 1784656937731998, 'duration': 19249, 'localEndpoint': {'serviceName': 'stage_state'}, 'name': "['s000001.00001', 'g000001.00001']", 'id': '32793a28c0f8ba4b', 'parentId': 'a8e9901f5f2073b5', 'tags': {}}, 'state': 'Running', 'comment': 'Elapsed time = 0.019  files = s000001.00001 g000001.00001 Success'}})
2026-07-21 11:02:17,762 rf_ic_toric_6   DEBUG    _get_service_response(REQUEST|fastran_FPP_000001@toric@6|FRAMEWORK@Framework@0|47)
2026-07-21 11:02:17,772 rf_ic_toric_6   DEBUG    _get_service_response(REQUEST|fastran_FPP_000001@toric@6|FRAMEWORK@Framework@0|47), response = ServiceResponseMessage(sender_id=FRAMEWORK@Framework@0, receiver_id=fastran_FPP_000001@toric@6, request_msg_id=REQUEST|fastran_FPP_000001@toric@6|FRAMEWORK@Framework@0|47,status=0, args=(None,), message_id=RESPONSE|FRAMEWORK@Framework@0|fastran_FPP_000001@toric@6|1970)
2026-07-21 11:02:17,783 rf_ic_toric_6   DEBUG    _invoke_service(): getTopic  ('_IPS_MONITOR',)
2026-07-21 11:02:17,783 rf_ic_toric_6   DEBUG    _get_service_response(REQUEST|fastran_FPP_000001@toric@6|FRAMEWORK@Framework@0|48)
2026-07-21 11:02:17,793 rf_ic_toric_6   DEBUG    _get_service_response(REQUEST|fastran_FPP_000001@toric@6|FRAMEWORK@Framework@0|48), response = ServiceResponseMessage(sender_id=FRAMEWORK@Framework@0, receiver_id=fastran_FPP_000001@toric@6, request_msg_id=REQUEST|fastran_FPP_000001@toric@6|FRAMEWORK@Framework@0|48,status=0, args=(<ipsframework.cca_es_spec.Topic object at 0x7f0ad2ade5b0>,), message_id=RESPONSE|FRAMEWORK@Framework@0|fastran_FPP_000001@toric@6|1971)
2026-07-21 11:02:17,793 rf_ic_toric_6   DEBUG    _invoke_service(): sendEvent  ('_IPS_MONITOR', 'PORTAL_EVENT', {'sim_name': 'fastran_FPP_000001', 'real_sim_name': 'fastran_FPP_000001', 'portal_data': {'code': 'rf_ic_toric', 'eventtype': 'IPS_STAGE_INPUTS', 'ok': True, 'walltime': '846.82', 'time': '2026-07-21|11:02:17PDT', 'trace': {'timestamp': 1784656937772675, 'duration': 10361, 'localEndpoint': {'serviceName': 'stage_input_files'}, 'name': 'machine.inp equigs_gen.ind torica.inp', 'id': 'b108389cfa22cdf4', 'parentId': 'a8e9901f5f2073b5', 'tags': {}}, 'state': 'Running', 'comment': 'Elapsed time = 0.010 Path = /pscratch/sd/h/hswils/github_repos/MANTA_DBSCANS/IC+RAD+TGLF/bcfrom2024/basecase/input Files = machine.inp equigs_gen.ind torica.inp'}})
2026-07-21 11:02:17,793 rf_ic_toric_6   DEBUG    _get_service_response(REQUEST|fastran_FPP_000001@toric@6|FRAMEWORK@Framework@0|49)
2026-07-21 11:02:17,804 rf_ic_toric_6   DEBUG    _get_service_response(REQUEST|fastran_FPP_000001@toric@6|FRAMEWORK@Framework@0|49), response = ServiceResponseMessage(sender_id=FRAMEWORK@Framework@0, receiver_id=fastran_FPP_000001@toric@6, request_msg_id=REQUEST|fastran_FPP_000001@toric@6|FRAMEWORK@Framework@0|49,status=0, args=(None,), message_id=RESPONSE|FRAMEWORK@Framework@0|fastran_FPP_000001@toric@6|1972)
2026-07-21 11:02:18,071 rf_ic_toric_6   DEBUG    _invoke_service(): init_task  (TaskInit(nproc=24, binary='/global/common/software/atom/perlmutter/binaries/toric/default/Ptoric.e', working_dir='/pscratch/sd/h/hswils/github_repos/MANTA_DBSCANS/IC+RAD+TGLF/bcfrom2024/basecase/SCAN/work/rf_ic_toric_6', tppn=0, tcpp=0, tgpp=0, block=True, omp=False, wnodes=True, wsocks=True, cmd_args=()),)
2026-07-21 11:02:18,071 rf_ic_toric_6   DEBUG    _get_service_response(REQUEST|fastran_FPP_000001@toric@6|FRAMEWORK@Framework@0|50)
2026-07-21 11:02:18,083 rf_ic_toric_6   DEBUG    _get_service_response(REQUEST|fastran_FPP_000001@toric@6|FRAMEWORK@Framework@0|50), response = ServiceResponseMessage(sender_id=FRAMEWORK@Framework@0, receiver_id=fastran_FPP_000001@toric@6, request_msg_id=REQUEST|fastran_FPP_000001@toric@6|FRAMEWORK@Framework@0|50,status=0, args=((6, 'srun -N 1 -n 24 -c 5 --threads-per-core=1 --cpu-bind=cores /global/common/software/atom/perlmutter/binaries/toric/default/Ptoric.e ', None, 128),), message_id=RESPONSE|FRAMEWORK@Framework@0|fastran_FPP_000001@toric@6|1974)
2026-07-21 11:02:18,087 rf_ic_toric_6   DEBUG    Launching command : srun -N 1 -n 24 -c 5 --threads-per-core=1 --cpu-bind=cores /global/common/software/atom/perlmutter/binaries/toric/default/Ptoric.e 
2026-07-21 11:02:18,108 rf_ic_toric_6   DEBUG    _invoke_service(): getTopic  ('_IPS_MONITOR',)
2026-07-21 11:02:18,108 rf_ic_toric_6   DEBUG    _get_service_response(REQUEST|fastran_FPP_000001@toric@6|FRAMEWORK@Framework@0|51)
2026-07-21 11:02:18,119 rf_ic_toric_6   DEBUG    _get_service_response(REQUEST|fastran_FPP_000001@toric@6|FRAMEWORK@Framework@0|51), response = ServiceResponseMessage(sender_id=FRAMEWORK@Framework@0, receiver_id=fastran_FPP_000001@toric@6, request_msg_id=REQUEST|fastran_FPP_000001@toric@6|FRAMEWORK@Framework@0|51,status=0, args=(<ipsframework.cca_es_spec.Topic object at 0x7f0ad2a7f520>,), message_id=RESPONSE|FRAMEWORK@Framework@0|fastran_FPP_000001@toric@6|1975)
2026-07-21 11:02:18,119 rf_ic_toric_6   DEBUG    _invoke_service(): sendEvent  ('_IPS_MONITOR', 'PORTAL_EVENT', {'sim_name': 'fastran_FPP_000001', 'real_sim_name': 'fastran_FPP_000001', 'portal_data': {'code': 'rf_ic_toric', 'eventtype': 'IPS_LAUNCH_TASK', 'ok': True, 'walltime': '847.14', 'time': '2026-07-21|11:02:18PDT', 'state': 'Running', 'comment': 'task_id = 6 , Tag = None , nproc = 24 , Target = srun -N 1 -n 24 -c 5 --threads-per-core=1 --cpu-bind=cores /global/common/software/atom/perlmutter/binaries/toric/default/Ptoric.e '}})
2026-07-21 11:02:18,119 rf_ic_toric_6   DEBUG    _get_service_response(REQUEST|fastran_FPP_000001@toric@6|FRAMEWORK@Framework@0|52)
2026-07-21 11:02:18,130 rf_ic_toric_6   DEBUG    _get_service_response(REQUEST|fastran_FPP_000001@toric@6|FRAMEWORK@Framework@0|52), response = ServiceResponseMessage(sender_id=FRAMEWORK@Framework@0, receiver_id=fastran_FPP_000001@toric@6, request_msg_id=REQUEST|fastran_FPP_000001@toric@6|FRAMEWORK@Framework@0|52,status=0, args=(None,), message_id=RESPONSE|FRAMEWORK@Framework@0|fastran_FPP_000001@toric@6|1976)
2026-07-21 11:08:11,476 rf_ic_toric_6   DEBUG    _invoke_service(): getTopic  ('_IPS_MONITOR',)
2026-07-21 11:08:11,476 rf_ic_toric_6   DEBUG    _get_service_response(REQUEST|fastran_FPP_000001@toric@6|FRAMEWORK@Framework@0|53)
2026-07-21 11:08:11,487 rf_ic_toric_6   DEBUG    _get_service_response(REQUEST|fastran_FPP_000001@toric@6|FRAMEWORK@Framework@0|53), response = ServiceResponseMessage(sender_id=FRAMEWORK@Framework@0, receiver_id=fastran_FPP_000001@toric@6, request_msg_id=REQUEST|fastran_FPP_000001@toric@6|FRAMEWORK@Framework@0|53,status=0, args=(<ipsframework.cca_es_spec.Topic object at 0x7f0ad2a7f5e0>,), message_id=RESPONSE|FRAMEWORK@Framework@0|fastran_FPP_000001@toric@6|2668)
2026-07-21 11:08:11,487 rf_ic_toric_6   DEBUG    _invoke_service(): sendEvent  ('_IPS_MONITOR', 'PORTAL_EVENT', {'sim_name': 'fastran_FPP_000001', 'real_sim_name': 'fastran_FPP_000001', 'portal_data': {'code': 'rf_ic_toric', 'eventtype': 'IPS_TASK_END', 'ok': True, 'walltime': '1200.51', 'time': '2026-07-21|11:08:11PDT', 'trace': {'timestamp': 1784656938108080, 'duration': 353368304, 'localEndpoint': {'serviceName': '/global/common/software/atom/perlmutter/binaries/toric/default/Ptoric.e'}, 'name': '', 'id': '9495ef9c66f5dbbf', 'parentId': 'a8e9901f5f2073b5', 'tags': {'procs_requested': '24', 'cores_allocated': '128'}}, 'state': 'Running', 'comment': 'task_id = 6  elapsed time = 353.37 S'}})
2026-07-21 11:08:11,488 rf_ic_toric_6   DEBUG    _get_service_response(REQUEST|fastran_FPP_000001@toric@6|FRAMEWORK@Framework@0|54)
2026-07-21 11:08:11,498 rf_ic_toric_6   DEBUG    _get_service_response(REQUEST|fastran_FPP_000001@toric@6|FRAMEWORK@Framework@0|54), response = ServiceResponseMessage(sender_id=FRAMEWORK@Framework@0, receiver_id=fastran_FPP_000001@toric@6, request_msg_id=REQUEST|fastran_FPP_000001@toric@6|FRAMEWORK@Framework@0|54,status=0, args=(None,), message_id=RESPONSE|FRAMEWORK@Framework@0|fastran_FPP_000001@toric@6|2669)
2026-07-21 11:08:11,499 rf_ic_toric_6   DEBUG    _invoke_service(): finish_task  (6, 0)
2026-07-21 11:08:11,499 rf_ic_toric_6   DEBUG    _get_service_response(REQUEST|fastran_FPP_000001@toric@6|FRAMEWORK@Framework@0|55)
2026-07-21 11:08:11,510 rf_ic_toric_6   DEBUG    _get_service_response(REQUEST|fastran_FPP_000001@toric@6|FRAMEWORK@Framework@0|55), response = ServiceResponseMessage(sender_id=FRAMEWORK@Framework@0, receiver_id=fastran_FPP_000001@toric@6, request_msg_id=REQUEST|fastran_FPP_000001@toric@6|FRAMEWORK@Framework@0|55,status=0, args=(0,), message_id=RESPONSE|FRAMEWORK@Framework@0|fastran_FPP_000001@toric@6|2670)
2026-07-21 11:08:11,685 rf_ic_toric_6   DEBUG    _invoke_service(): merge_current_plasma_state  ('/pscratch/sd/h/hswils/github_repos/MANTA_DBSCANS/IC+RAD+TGLF/bcfrom2024/basecase/SCAN/work/rf_ic_toric_6/RF_IC_s000001.00001', '/pscratch/sd/h/hswils/github_repos/MANTA_DBSCANS/IC+RAD+TGLF/bcfrom2024/basecase/SCAN/work/plasma_state/s000001.00001', 'log.update_state', '/global/common/software/atom/perlmutter/binaries/update-state/default/update_state')
2026-07-21 11:08:11,686 rf_ic_toric_6   DEBUG    _get_service_response(REQUEST|fastran_FPP_000001@toric@6|FRAMEWORK@Framework@0|56)
2026-07-21 11:08:11,847 rf_ic_toric_6   DEBUG    _get_service_response(REQUEST|fastran_FPP_000001@toric@6|FRAMEWORK@Framework@0|56), response = ServiceResponseMessage(sender_id=FRAMEWORK@Framework@0, receiver_id=fastran_FPP_000001@toric@6, request_msg_id=REQUEST|fastran_FPP_000001@toric@6|FRAMEWORK@Framework@0|56,status=0, args=(0,), message_id=RESPONSE|FRAMEWORK@Framework@0|fastran_FPP_000001@toric@6|2672)
2026-07-21 11:08:11,848 rf_ic_toric_6   DEBUG    _invoke_service(): getTopic  ('_IPS_MONITOR',)
2026-07-21 11:08:11,848 rf_ic_toric_6   DEBUG    _get_service_response(REQUEST|fastran_FPP_000001@toric@6|FRAMEWORK@Framework@0|57)
2026-07-21 11:08:11,858 rf_ic_toric_6   DEBUG    _get_service_response(REQUEST|fastran_FPP_000001@toric@6|FRAMEWORK@Framework@0|57), response = ServiceResponseMessage(sender_id=FRAMEWORK@Framework@0, receiver_id=fastran_FPP_000001@toric@6, request_msg_id=REQUEST|fastran_FPP_000001@toric@6|FRAMEWORK@Framework@0|57,status=0, args=(<ipsframework.cca_es_spec.Topic object at 0x7f0ad2a7f3d0>,), message_id=RESPONSE|FRAMEWORK@Framework@0|fastran_FPP_000001@toric@6|2673)
2026-07-21 11:08:11,859 rf_ic_toric_6   DEBUG    _invoke_service(): sendEvent  ('_IPS_MONITOR', 'PORTAL_EVENT', {'sim_name': 'fastran_FPP_000001', 'real_sim_name': 'fastran_FPP_000001', 'portal_data': {'code': 'rf_ic_toric', 'eventtype': 'IPS_MERGE_PLASMA_STATE', 'ok': True, 'walltime': '1200.88', 'time': '2026-07-21|11:08:11PDT', 'state': 'Running', 'comment': 'Success'}})
2026-07-21 11:08:11,859 rf_ic_toric_6   DEBUG    _get_service_response(REQUEST|fastran_FPP_000001@toric@6|FRAMEWORK@Framework@0|58)
2026-07-21 11:08:11,869 rf_ic_toric_6   DEBUG    _get_service_response(REQUEST|fastran_FPP_000001@toric@6|FRAMEWORK@Framework@0|58), response = ServiceResponseMessage(sender_id=FRAMEWORK@Framework@0, receiver_id=fastran_FPP_000001@toric@6, request_msg_id=REQUEST|fastran_FPP_000001@toric@6|FRAMEWORK@Framework@0|58,status=0, args=(None,), message_id=RESPONSE|FRAMEWORK@Framework@0|fastran_FPP_000001@toric@6|2674)
2026-07-21 11:08:11,998 rf_ic_toric_6   DEBUG    _invoke_service(): getTopic  ('_IPS_MONITOR',)
2026-07-21 11:08:11,998 rf_ic_toric_6   DEBUG    _get_service_response(REQUEST|fastran_FPP_000001@toric@6|FRAMEWORK@Framework@0|59)
2026-07-21 11:08:12,009 rf_ic_toric_6   DEBUG    _get_service_response(REQUEST|fastran_FPP_000001@toric@6|FRAMEWORK@Framework@0|59), response = ServiceResponseMessage(sender_id=FRAMEWORK@Framework@0, receiver_id=fastran_FPP_000001@toric@6, request_msg_id=REQUEST|fastran_FPP_000001@toric@6|FRAMEWORK@Framework@0|59,status=0, args=(<ipsframework.cca_es_spec.Topic object at 0x7f0ad2a7f430>,), message_id=RESPONSE|FRAMEWORK@Framework@0|fastran_FPP_000001@toric@6|2675)
2026-07-21 11:08:12,009 rf_ic_toric_6   DEBUG    _invoke_service(): sendEvent  ('_IPS_MONITOR', 'PORTAL_EVENT', {'sim_name': 'fastran_FPP_000001', 'real_sim_name': 'fastran_FPP_000001', 'portal_data': {'code': 'rf_ic_toric', 'eventtype': 'IPS_STAGE_OUTPUTS', 'ok': True, 'walltime': '1201.03', 'time': '2026-07-21|11:08:11PDT', 'trace': {'timestamp': 1784657291870034, 'duration': 128330, 'localEndpoint': {'serviceName': 'stage_output_files'}, 'name': "['torica.inp', 'machine.inp', 'log.toric', 'toric.nc', 'profstat.dat', 'equigs.data', 'equidt.data', 'toric_cfg.nc']", 'id': '749f5c33ef51fb56', 'parentId': 'a8e9901f5f2073b5', 'tags': {}}, 'state': 'Running', 'comment': "Elapsed time = 0.128 Path = /pscratch/sd/h/hswils/github_repos/MANTA_DBSCANS/IC+RAD+TGLF/bcfrom2024/basecase/SCAN/simulation_results/2/components/rf_ic_toric_6 Files = ['torica.inp', 'machine.inp', 'log.toric', 'toric.nc', 'profstat.dat', 'equigs.data', 'equidt.data', 'toric_cfg.nc']"}})
2026-07-21 11:08:12,009 rf_ic_toric_6   DEBUG    _get_service_response(REQUEST|fastran_FPP_000001@toric@6|FRAMEWORK@Framework@0|60)
2026-07-21 11:08:12,019 rf_ic_toric_6   DEBUG    _get_service_response(REQUEST|fastran_FPP_000001@toric@6|FRAMEWORK@Framework@0|60), response = ServiceResponseMessage(sender_id=FRAMEWORK@Framework@0, receiver_id=fastran_FPP_000001@toric@6, request_msg_id=REQUEST|fastran_FPP_000001@toric@6|FRAMEWORK@Framework@0|60,status=0, args=(None,), message_id=RESPONSE|FRAMEWORK@Framework@0|fastran_FPP_000001@toric@6|2676)
2026-07-21 11:08:12,031 fastran_driver_fastran_driver_2 DEBUG    _get_service_response(REQUEST|fastran_FPP_000001@fastran_driver@2|FRAMEWORK@Framework@0|148), response = ServiceResponseMessage(sender_id=FRAMEWORK@Framework@0, receiver_id=fastran_FPP_000001@fastran_driver@2, request_msg_id=REQUEST|fastran_FPP_000001@fastran_driver@2|FRAMEWORK@Framework@0|148,status=0, args=((0,),), message_id=RESPONSE|FRAMEWORK@Framework@0|fastran_FPP_000001@fastran_driver@2|2677)
2026-07-21 11:08:12,031 fastran_driver_fastran_driver_2 DEBUG    _invoke_service(): getTopic  ('_IPS_MONITOR',)
2026-07-21 11:08:12,031 fastran_driver_fastran_driver_2 DEBUG    _get_service_response(REQUEST|fastran_FPP_000001@fastran_driver@2|FRAMEWORK@Framework@0|149)
2026-07-21 11:08:12,042 fastran_driver_fastran_driver_2 DEBUG    _get_service_response(REQUEST|fastran_FPP_000001@fastran_driver@2|FRAMEWORK@Framework@0|149), response = ServiceResponseMessage(sender_id=FRAMEWORK@Framework@0, receiver_id=fastran_FPP_000001@fastran_driver@2, request_msg_id=REQUEST|fastran_FPP_000001@fastran_driver@2|FRAMEWORK@Framework@0|149,status=0, args=(<ipsframework.cca_es_spec.Topic object at 0x7f0ad2b75c70>,), message_id=RESPONSE|FRAMEWORK@Framework@0|fastran_FPP_000001@fastran_driver@2|2678)
2026-07-21 11:08:12,042 fastran_driver_fastran_driver_2 DEBUG    _invoke_service(): sendEvent  ('_IPS_MONITOR', 'PORTAL_EVENT', {'sim_name': 'fastran_FPP_000001', 'real_sim_name': 'fastran_FPP_000001', 'portal_data': {'code': 'fastran_driver_fastran_driver', 'eventtype': 'IPS_CALL_END', 'ok': True, 'walltime': '1201.07', 'time': '2026-07-21|11:08:12PDT', 'trace': {'timestamp': 1784656937741813, 'duration': 354289568, 'localEndpoint': {'serviceName': 'fastran_FPP_000001@toric@6'}, 'name': 'step(2)', 'id': 'a8e9901f5f2073b5', 'parentId': 'f899e3e5886669ce', 'tags': {}}, 'state': 'Running', 'comment': 'Target = fastran_FPP_000001@toric@6:step(2)'}})
2026-07-21 11:08:12,042 fastran_driver_fastran_driver_2 DEBUG    _get_service_response(REQUEST|fastran_FPP_000001@fastran_driver@2|FRAMEWORK@Framework@0|150)
2026-07-21 11:08:12,053 fastran_driver_fastran_driver_2 DEBUG    _get_service_response(REQUEST|fastran_FPP_000001@fastran_driver@2|FRAMEWORK@Framework@0|150), response = ServiceResponseMessage(sender_id=FRAMEWORK@Framework@0, receiver_id=fastran_FPP_000001@fastran_driver@2, request_msg_id=REQUEST|fastran_FPP_000001@fastran_driver@2|FRAMEWORK@Framework@0|150,status=0, args=(None,), message_id=RESPONSE|FRAMEWORK@Framework@0|fastran_FPP_000001@fastran_driver@2|2679)
2026-07-21 11:08:12,054 fastran_driver_fastran_driver_2 DEBUG    _invoke_service(): getTopic  ('_IPS_MONITOR',)
2026-07-21 11:08:12,054 fastran_driver_fastran_driver_2 DEBUG    _get_service_response(REQUEST|fastran_FPP_000001@fastran_driver@2|FRAMEWORK@Framework@0|151)
2026-07-21 11:08:12,065 fastran_driver_fastran_driver_2 DEBUG    _get_service_response(REQUEST|fastran_FPP_000001@fastran_driver@2|FRAMEWORK@Framework@0|151), response = ServiceResponseMessage(sender_id=FRAMEWORK@Framework@0, receiver_id=fastran_FPP_000001@fastran_driver@2, request_msg_id=REQUEST|fastran_FPP_000001@fastran_driver@2|FRAMEWORK@Framework@0|151,status=0, args=(<ipsframework.cca_es_spec.Topic object at 0x7f0ad2b75eb0>,), message_id=RESPONSE|FRAMEWORK@Framework@0|fastran_FPP_000001@fastran_driver@2|2680)
2026-07-21 11:08:12,065 fastran_driver_fastran_driver_2 DEBUG    _invoke_service(): sendEvent  ('_IPS_MONITOR', 'PORTAL_EVENT', {'sim_name': 'fastran_FPP_000001', 'real_sim_name': 'fastran_FPP_000001', 'portal_data': {'code': 'fastran_driver_fastran_driver', 'eventtype': 'IPS_CALL_BEGIN', 'ok': True, 'walltime': '1201.09', 'time': '2026-07-21|11:08:12PDT', 'state': 'Running', 'comment': 'Target = fastran_FPP_000001@efit@7:step(2)'}})
2026-07-21 11:08:12,065 fastran_driver_fastran_driver_2 DEBUG    _get_service_response(REQUEST|fastran_FPP_000001@fastran_driver@2|FRAMEWORK@Framework@0|152)
2026-07-21 11:08:12,076 fastran_driver_fastran_driver_2 DEBUG    _get_service_response(REQUEST|fastran_FPP_000001@fastran_driver@2|FRAMEWORK@Framework@0|152), response = ServiceResponseMessage(sender_id=FRAMEWORK@Framework@0, receiver_id=fastran_FPP_000001@fastran_driver@2, request_msg_id=REQUEST|fastran_FPP_000001@fastran_driver@2|FRAMEWORK@Framework@0|152,status=0, args=(None,), message_id=RESPONSE|FRAMEWORK@Framework@0|fastran_FPP_000001@fastran_driver@2|2681)
2026-07-21 11:08:12,076 fastran_driver_fastran_driver_2 DEBUG    _invoke_service(): init_call  ('step', 2)
2026-07-21 11:08:12,076 fastran_driver_fastran_driver_2 DEBUG    _get_service_response(REQUEST|fastran_FPP_000001@fastran_driver@2|FRAMEWORK@Framework@0|153)
2026-07-21 11:08:12,077 fastran_eq_efit_7 DEBUG    Received Message 
2026-07-21 11:08:12,077 fastran_eq_efit_7 DEBUG    Calling method step(2)
2026-07-21 11:08:12,077 fastran_eq_efit_7 DEBUG    _invoke_service(): stage_state  (['s000001.00001', 'g000001.00001', 'i000001.00001'], '/pscratch/sd/h/hswils/github_repos/MANTA_DBSCANS/IC+RAD+TGLF/bcfrom2024/basecase/SCAN/work/plasma_state', '/pscratch/sd/h/hswils/github_repos/MANTA_DBSCANS/IC+RAD+TGLF/bcfrom2024/basecase/SCAN/work/fastran_eq_efit_7')
2026-07-21 11:08:12,077 fastran_eq_efit_7 DEBUG    _get_service_response(REQUEST|fastran_FPP_000001@efit@7|FRAMEWORK@Framework@0|16)
2026-07-21 11:08:12,087 fastran_driver_fastran_driver_2 DEBUG    _get_service_response(REQUEST|fastran_FPP_000001@fastran_driver@2|FRAMEWORK@Framework@0|153), response = ServiceResponseMessage(sender_id=FRAMEWORK@Framework@0, receiver_id=fastran_FPP_000001@fastran_driver@2, request_msg_id=REQUEST|fastran_FPP_000001@fastran_driver@2|FRAMEWORK@Framework@0|153,status=0, args=(29,), message_id=RESPONSE|FRAMEWORK@Framework@0|fastran_FPP_000001@fastran_driver@2|2682)
2026-07-21 11:08:12,087 fastran_driver_fastran_driver_2 DEBUG    _invoke_service(): wait_call  (29, True)
2026-07-21 11:08:12,087 fastran_driver_fastran_driver_2 DEBUG    _get_service_response(REQUEST|fastran_FPP_000001@fastran_driver@2|FRAMEWORK@Framework@0|154)
2026-07-21 11:08:12,098 fastran_eq_efit_7 DEBUG    _get_service_response(REQUEST|fastran_FPP_000001@efit@7|FRAMEWORK@Framework@0|16), response = ServiceResponseMessage(sender_id=FRAMEWORK@Framework@0, receiver_id=fastran_FPP_000001@efit@7, request_msg_id=REQUEST|fastran_FPP_000001@efit@7|FRAMEWORK@Framework@0|16,status=0, args=(0,), message_id=RESPONSE|FRAMEWORK@Framework@0|fastran_FPP_000001@efit@7|2683)
2026-07-21 11:08:12,098 fastran_eq_efit_7 DEBUG    _invoke_service(): getTopic  ('_IPS_MONITOR',)
2026-07-21 11:08:12,098 fastran_eq_efit_7 DEBUG    _get_service_response(REQUEST|fastran_FPP_000001@efit@7|FRAMEWORK@Framework@0|17)
2026-07-21 11:08:12,108 fastran_eq_efit_7 DEBUG    _get_service_response(REQUEST|fastran_FPP_000001@efit@7|FRAMEWORK@Framework@0|17), response = ServiceResponseMessage(sender_id=FRAMEWORK@Framework@0, receiver_id=fastran_FPP_000001@efit@7, request_msg_id=REQUEST|fastran_FPP_000001@efit@7|FRAMEWORK@Framework@0|17,status=0, args=(<ipsframework.cca_es_spec.Topic object at 0x7f0ad2b1fc40>,), message_id=RESPONSE|FRAMEWORK@Framework@0|fastran_FPP_000001@efit@7|2684)
2026-07-21 11:08:12,109 fastran_eq_efit_7 DEBUG    _invoke_service(): sendEvent  ('_IPS_MONITOR', 'PORTAL_EVENT', {'sim_name': 'fastran_FPP_000001', 'real_sim_name': 'fastran_FPP_000001', 'portal_data': {'code': 'fastran_eq_efit', 'eventtype': 'IPS_STAGE_STATE', 'ok': True, 'walltime': '1201.13', 'time': '2026-07-21|11:08:12PDT', 'trace': {'timestamp': 1784657292077618, 'duration': 20569, 'localEndpoint': {'serviceName': 'stage_state'}, 'name': "['s000001.00001', 'g000001.00001', 'i000001.00001']", 'id': '71885aecf25d7412', 'parentId': '75686f9034225e05', 'tags': {}}, 'state': 'Running', 'comment': 'Elapsed time = 0.021  files = s000001.00001 g000001.00001 i000001.00001 Success'}})
2026-07-21 11:08:12,109 fastran_eq_efit_7 DEBUG    _get_service_response(REQUEST|fastran_FPP_000001@efit@7|FRAMEWORK@Framework@0|18)
2026-07-21 11:08:12,119 fastran_eq_efit_7 DEBUG    _get_service_response(REQUEST|fastran_FPP_000001@efit@7|FRAMEWORK@Framework@0|18), response = ServiceResponseMessage(sender_id=FRAMEWORK@Framework@0, receiver_id=fastran_FPP_000001@efit@7, request_msg_id=REQUEST|fastran_FPP_000001@efit@7|FRAMEWORK@Framework@0|18,status=0, args=(None,), message_id=RESPONSE|FRAMEWORK@Framework@0|fastran_FPP_000001@efit@7|2685)
2026-07-21 11:08:14,678 fastran_eq_efit_7 DEBUG    _invoke_service(): update_state  (['s000001.00001', 'g000001.00001', 'i000001.00001'], '/pscratch/sd/h/hswils/github_repos/MANTA_DBSCANS/IC+RAD+TGLF/bcfrom2024/basecase/SCAN/work/fastran_eq_efit_7', '/pscratch/sd/h/hswils/github_repos/MANTA_DBSCANS/IC+RAD+TGLF/bcfrom2024/basecase/SCAN/work/plasma_state')
2026-07-21 11:08:14,678 fastran_eq_efit_7 DEBUG    _get_service_response(REQUEST|fastran_FPP_000001@efit@7|FRAMEWORK@Framework@0|19)
2026-07-21 11:08:14,699 fastran_eq_efit_7 DEBUG    _get_service_response(REQUEST|fastran_FPP_000001@efit@7|FRAMEWORK@Framework@0|19), response = ServiceResponseMessage(sender_id=FRAMEWORK@Framework@0, receiver_id=fastran_FPP_000001@efit@7, request_msg_id=REQUEST|fastran_FPP_000001@efit@7|FRAMEWORK@Framework@0|19,status=0, args=(0,), message_id=RESPONSE|FRAMEWORK@Framework@0|fastran_FPP_000001@efit@7|2691)
2026-07-21 11:08:14,699 fastran_eq_efit_7 DEBUG    _invoke_service(): getTopic  ('_IPS_MONITOR',)
2026-07-21 11:08:14,699 fastran_eq_efit_7 DEBUG    _get_service_response(REQUEST|fastran_FPP_000001@efit@7|FRAMEWORK@Framework@0|20)
2026-07-21 11:08:14,710 fastran_eq_efit_7 DEBUG    _get_service_response(REQUEST|fastran_FPP_000001@efit@7|FRAMEWORK@Framework@0|20), response = ServiceResponseMessage(sender_id=FRAMEWORK@Framework@0, receiver_id=fastran_FPP_000001@efit@7, request_msg_id=REQUEST|fastran_FPP_000001@efit@7|FRAMEWORK@Framework@0|20,status=0, args=(<ipsframework.cca_es_spec.Topic object at 0x7f0ad2adf070>,), message_id=RESPONSE|FRAMEWORK@Framework@0|fastran_FPP_000001@efit@7|2693)
2026-07-21 11:08:14,710 fastran_eq_efit_7 DEBUG    _invoke_service(): sendEvent  ('_IPS_MONITOR', 'PORTAL_EVENT', {'sim_name': 'fastran_FPP_000001', 'real_sim_name': 'fastran_FPP_000001', 'portal_data': {'code': 'fastran_eq_efit', 'eventtype': 'IPS_UPDATE_STATE', 'ok': True, 'walltime': '1203.74', 'time': '2026-07-21|11:08:14PDT', 'trace': {'timestamp': 1784657294677903, 'duration': 21360, 'localEndpoint': {'serviceName': 'update_state'}, 'name': "['s000001.00001', 'g000001.00001', 'i000001.00001']", 'id': '7629e189a66153c0', 'parentId': '75686f9034225e05', 'tags': {}}, 'state': 'Running', 'comment': 'Elapsed time = 0.021   files = s000001.00001 g000001.00001 i000001.00001 Success'}})
2026-07-21 11:08:14,710 fastran_eq_efit_7 DEBUG    _get_service_response(REQUEST|fastran_FPP_000001@efit@7|FRAMEWORK@Framework@0|21)
2026-07-21 11:08:14,720 fastran_eq_efit_7 DEBUG    _get_service_response(REQUEST|fastran_FPP_000001@efit@7|FRAMEWORK@Framework@0|21), response = ServiceResponseMessage(sender_id=FRAMEWORK@Framework@0, receiver_id=fastran_FPP_000001@efit@7, request_msg_id=REQUEST|fastran_FPP_000001@efit@7|FRAMEWORK@Framework@0|21,status=0, args=(None,), message_id=RESPONSE|FRAMEWORK@Framework@0|fastran_FPP_000001@efit@7|2694)
2026-07-21 11:08:14,746 fastran_eq_efit_7 DEBUG    _invoke_service(): getTopic  ('_IPS_MONITOR',)
2026-07-21 11:08:14,746 fastran_eq_efit_7 DEBUG    _get_service_response(REQUEST|fastran_FPP_000001@efit@7|FRAMEWORK@Framework@0|22)
2026-07-21 11:08:14,757 fastran_eq_efit_7 DEBUG    _get_service_response(REQUEST|fastran_FPP_000001@efit@7|FRAMEWORK@Framework@0|22), response = ServiceResponseMessage(sender_id=FRAMEWORK@Framework@0, receiver_id=fastran_FPP_000001@efit@7, request_msg_id=REQUEST|fastran_FPP_000001@efit@7|FRAMEWORK@Framework@0|22,status=0, args=(<ipsframework.cca_es_spec.Topic object at 0x7f0ad2b3d0d0>,), message_id=RESPONSE|FRAMEWORK@Framework@0|fastran_FPP_000001@efit@7|2695)
2026-07-21 11:08:14,757 fastran_eq_efit_7 DEBUG    _invoke_service(): sendEvent  ('_IPS_MONITOR', 'PORTAL_EVENT', {'sim_name': 'fastran_FPP_000001', 'real_sim_name': 'fastran_FPP_000001', 'portal_data': {'code': 'fastran_eq_efit', 'eventtype': 'IPS_STAGE_OUTPUTS', 'ok': True, 'walltime': '1203.78', 'time': '2026-07-21|11:08:14PDT', 'trace': {'timestamp': 1784657294720698, 'duration': 26113, 'localEndpoint': {'serviceName': 'stage_output_files'}, 'name': "['g*.*', 'a*.*', 'm*.*', 'k*.*', 'efit.log', 's*.*']", 'id': '80725d8eee5776f1', 'parentId': '75686f9034225e05', 'tags': {}}, 'state': 'Running', 'comment': "Elapsed time = 0.026 Path = /pscratch/sd/h/hswils/github_repos/MANTA_DBSCANS/IC+RAD+TGLF/bcfrom2024/basecase/SCAN/simulation_results/2/components/fastran_eq_efit_7 Files = ['g*.*', 'a*.*', 'm*.*', 'k*.*', 'efit.log', 's*.*']"}})
2026-07-21 11:08:14,757 fastran_eq_efit_7 DEBUG    _get_service_response(REQUEST|fastran_FPP_000001@efit@7|FRAMEWORK@Framework@0|23)
2026-07-21 11:08:14,768 fastran_eq_efit_7 DEBUG    _get_service_response(REQUEST|fastran_FPP_000001@efit@7|FRAMEWORK@Framework@0|23), response = ServiceResponseMessage(sender_id=FRAMEWORK@Framework@0, receiver_id=fastran_FPP_000001@efit@7, request_msg_id=REQUEST|fastran_FPP_000001@efit@7|FRAMEWORK@Framework@0|23,status=0, args=(None,), message_id=RESPONSE|FRAMEWORK@Framework@0|fastran_FPP_000001@efit@7|2696)
2026-07-21 11:08:14,779 fastran_driver_fastran_driver_2 DEBUG    _get_service_response(REQUEST|fastran_FPP_000001@fastran_driver@2|FRAMEWORK@Framework@0|154), response = ServiceResponseMessage(sender_id=FRAMEWORK@Framework@0, receiver_id=fastran_FPP_000001@fastran_driver@2, request_msg_id=REQUEST|fastran_FPP_000001@fastran_driver@2|FRAMEWORK@Framework@0|154,status=0, args=((None,),), message_id=RESPONSE|FRAMEWORK@Framework@0|fastran_FPP_000001@fastran_driver@2|2697)
2026-07-21 11:08:14,779 fastran_driver_fastran_driver_2 DEBUG    _invoke_service(): getTopic  ('_IPS_MONITOR',)
2026-07-21 11:08:14,779 fastran_driver_fastran_driver_2 DEBUG    _get_service_response(REQUEST|fastran_FPP_000001@fastran_driver@2|FRAMEWORK@Framework@0|155)
2026-07-21 11:08:14,790 fastran_driver_fastran_driver_2 DEBUG    _get_service_response(REQUEST|fastran_FPP_000001@fastran_driver@2|FRAMEWORK@Framework@0|155), response = ServiceResponseMessage(sender_id=FRAMEWORK@Framework@0, receiver_id=fastran_FPP_000001@fastran_driver@2, request_msg_id=REQUEST|fastran_FPP_000001@fastran_driver@2|FRAMEWORK@Framework@0|155,status=0, args=(<ipsframework.cca_es_spec.Topic object at 0x7f0ad2b75ca0>,), message_id=RESPONSE|FRAMEWORK@Framework@0|fastran_FPP_000001@fastran_driver@2|2698)
2026-07-21 11:08:14,790 fastran_driver_fastran_driver_2 DEBUG    _invoke_service(): sendEvent  ('_IPS_MONITOR', 'PORTAL_EVENT', {'sim_name': 'fastran_FPP_000001', 'real_sim_name': 'fastran_FPP_000001', 'portal_data': {'code': 'fastran_driver_fastran_driver', 'eventtype': 'IPS_CALL_END', 'ok': True, 'walltime': '1203.82', 'time': '2026-07-21|11:08:14PDT', 'trace': {'timestamp': 1784657292087450, 'duration': 2692226, 'localEndpoint': {'serviceName': 'fastran_FPP_000001@efit@7'}, 'name': 'step(2)', 'id': '75686f9034225e05', 'parentId': 'f899e3e5886669ce', 'tags': {}}, 'state': 'Running', 'comment': 'Target = fastran_FPP_000001@efit@7:step(2)'}})
2026-07-21 11:08:14,790 fastran_driver_fastran_driver_2 DEBUG    _get_service_response(REQUEST|fastran_FPP_000001@fastran_driver@2|FRAMEWORK@Framework@0|156)
2026-07-21 11:08:14,801 fastran_driver_fastran_driver_2 DEBUG    _get_service_response(REQUEST|fastran_FPP_000001@fastran_driver@2|FRAMEWORK@Framework@0|156), response = ServiceResponseMessage(sender_id=FRAMEWORK@Framework@0, receiver_id=fastran_FPP_000001@fastran_driver@2, request_msg_id=REQUEST|fastran_FPP_000001@fastran_driver@2|FRAMEWORK@Framework@0|156,status=0, args=(None,), message_id=RESPONSE|FRAMEWORK@Framework@0|fastran_FPP_000001@fastran_driver@2|2699)
2026-07-21 11:08:14,801 fastran_driver_fastran_driver_2 DEBUG    _invoke_service(): getTopic  ('_IPS_MONITOR',)
2026-07-21 11:08:14,801 fastran_driver_fastran_driver_2 DEBUG    _get_service_response(REQUEST|fastran_FPP_000001@fastran_driver@2|FRAMEWORK@Framework@0|157)
2026-07-21 11:08:14,812 fastran_driver_fastran_driver_2 DEBUG    _get_service_response(REQUEST|fastran_FPP_000001@fastran_driver@2|FRAMEWORK@Framework@0|157), response = ServiceResponseMessage(sender_id=FRAMEWORK@Framework@0, receiver_id=fastran_FPP_000001@fastran_driver@2, request_msg_id=REQUEST|fastran_FPP_000001@fastran_driver@2|FRAMEWORK@Framework@0|157,status=0, args=(<ipsframework.cca_es_spec.Topic object at 0x7f0ad2b75e80>,), message_id=RESPONSE|FRAMEWORK@Framework@0|fastran_FPP_000001@fastran_driver@2|2700)
2026-07-21 11:08:14,812 fastran_driver_fastran_driver_2 DEBUG    _invoke_service(): sendEvent  ('_IPS_MONITOR', 'PORTAL_EVENT', {'sim_name': 'fastran_FPP_000001', 'real_sim_name': 'fastran_FPP_000001', 'portal_data': {'code': 'fastran_driver_fastran_driver', 'eventtype': 'IPS_CALL_BEGIN', 'ok': True, 'walltime': '1203.84', 'time': '2026-07-21|11:08:14PDT', 'state': 'Running', 'comment': 'Target = fastran_FPP_000001@fastran@8:step(2)'}})
2026-07-21 11:08:14,812 fastran_driver_fastran_driver_2 DEBUG    _get_service_response(REQUEST|fastran_FPP_000001@fastran_driver@2|FRAMEWORK@Framework@0|158)
2026-07-21 11:08:14,823 fastran_driver_fastran_driver_2 DEBUG    _get_service_response(REQUEST|fastran_FPP_000001@fastran_driver@2|FRAMEWORK@Framework@0|158), response = ServiceResponseMessage(sender_id=FRAMEWORK@Framework@0, receiver_id=fastran_FPP_000001@fastran_driver@2, request_msg_id=REQUEST|fastran_FPP_000001@fastran_driver@2|FRAMEWORK@Framework@0|158,status=0, args=(None,), message_id=RESPONSE|FRAMEWORK@Framework@0|fastran_FPP_000001@fastran_driver@2|2701)
2026-07-21 11:08:14,823 fastran_driver_fastran_driver_2 DEBUG    _invoke_service(): init_call  ('step', 2)
2026-07-21 11:08:14,823 fastran_driver_fastran_driver_2 DEBUG    _get_service_response(REQUEST|fastran_FPP_000001@fastran_driver@2|FRAMEWORK@Framework@0|159)
2026-07-21 11:08:14,824 fastran_tr_fastran_8 DEBUG    Received Message 
2026-07-21 11:08:14,824 fastran_tr_fastran_8 DEBUG    Calling method step(2)
2026-07-21 11:08:14,825 fastran_tr_fastran_8 DEBUG    _invoke_service(): stage_state  (['s000001.00001', 'g000001.00001', 'i000001.00001'], '/pscratch/sd/h/hswils/github_repos/MANTA_DBSCANS/IC+RAD+TGLF/bcfrom2024/basecase/SCAN/work/plasma_state', '/pscratch/sd/h/hswils/github_repos/MANTA_DBSCANS/IC+RAD+TGLF/bcfrom2024/basecase/SCAN/work/fastran_tr_fastran_8')
2026-07-21 11:08:14,825 fastran_tr_fastran_8 DEBUG    _get_service_response(REQUEST|fastran_FPP_000001@fastran@8|FRAMEWORK@Framework@0|32)
2026-07-21 11:08:14,834 fastran_driver_fastran_driver_2 DEBUG    _get_service_response(REQUEST|fastran_FPP_000001@fastran_driver@2|FRAMEWORK@Framework@0|159), response = ServiceResponseMessage(sender_id=FRAMEWORK@Framework@0, receiver_id=fastran_FPP_000001@fastran_driver@2, request_msg_id=REQUEST|fastran_FPP_000001@fastran_driver@2|FRAMEWORK@Framework@0|159,status=0, args=(30,), message_id=RESPONSE|FRAMEWORK@Framework@0|fastran_FPP_000001@fastran_driver@2|2702)
2026-07-21 11:08:14,834 fastran_driver_fastran_driver_2 DEBUG    _invoke_service(): wait_call  (30, True)
2026-07-21 11:08:14,834 fastran_driver_fastran_driver_2 DEBUG    _get_service_response(REQUEST|fastran_FPP_000001@fastran_driver@2|FRAMEWORK@Framework@0|160)
2026-07-21 11:08:14,846 fastran_tr_fastran_8 DEBUG    _get_service_response(REQUEST|fastran_FPP_000001@fastran@8|FRAMEWORK@Framework@0|32), response = ServiceResponseMessage(sender_id=FRAMEWORK@Framework@0, receiver_id=fastran_FPP_000001@fastran@8, request_msg_id=REQUEST|fastran_FPP_000001@fastran@8|FRAMEWORK@Framework@0|32,status=0, args=(0,), message_id=RESPONSE|FRAMEWORK@Framework@0|fastran_FPP_000001@fastran@8|2703)
2026-07-21 11:08:14,846 fastran_tr_fastran_8 DEBUG    _invoke_service(): getTopic  ('_IPS_MONITOR',)
2026-07-21 11:08:14,846 fastran_tr_fastran_8 DEBUG    _get_service_response(REQUEST|fastran_FPP_000001@fastran@8|FRAMEWORK@Framework@0|33)
2026-07-21 11:08:14,856 fastran_tr_fastran_8 DEBUG    _get_service_response(REQUEST|fastran_FPP_000001@fastran@8|FRAMEWORK@Framework@0|33), response = ServiceResponseMessage(sender_id=FRAMEWORK@Framework@0, receiver_id=fastran_FPP_000001@fastran@8, request_msg_id=REQUEST|fastran_FPP_000001@fastran@8|FRAMEWORK@Framework@0|33,status=0, args=(<ipsframework.cca_es_spec.Topic object at 0x7f0ad2a6b6a0>,), message_id=RESPONSE|FRAMEWORK@Framework@0|fastran_FPP_000001@fastran@8|2704)
2026-07-21 11:08:14,856 fastran_tr_fastran_8 DEBUG    _invoke_service(): sendEvent  ('_IPS_MONITOR', 'PORTAL_EVENT', {'sim_name': 'fastran_FPP_000001', 'real_sim_name': 'fastran_FPP_000001', 'portal_data': {'code': 'fastran_tr_fastran', 'eventtype': 'IPS_STAGE_STATE', 'ok': True, 'walltime': '1203.88', 'time': '2026-07-21|11:08:14PDT', 'trace': {'timestamp': 1784657294824913, 'duration': 21306, 'localEndpoint': {'serviceName': 'stage_state'}, 'name': "['s000001.00001', 'g000001.00001', 'i000001.00001']", 'id': '71885aecf25d7412', 'parentId': '37654f3c7b48c26a', 'tags': {}}, 'state': 'Running', 'comment': 'Elapsed time = 0.021  files = s000001.00001 g000001.00001 i000001.00001 Success'}})
2026-07-21 11:08:14,857 fastran_tr_fastran_8 DEBUG    _get_service_response(REQUEST|fastran_FPP_000001@fastran@8|FRAMEWORK@Framework@0|34)
2026-07-21 11:08:14,867 fastran_tr_fastran_8 DEBUG    _get_service_response(REQUEST|fastran_FPP_000001@fastran@8|FRAMEWORK@Framework@0|34), response = ServiceResponseMessage(sender_id=FRAMEWORK@Framework@0, receiver_id=fastran_FPP_000001@fastran@8, request_msg_id=REQUEST|fastran_FPP_000001@fastran@8|FRAMEWORK@Framework@0|34,status=0, args=(None,), message_id=RESPONSE|FRAMEWORK@Framework@0|fastran_FPP_000001@fastran@8|2705)
2026-07-21 11:08:14,876 fastran_tr_fastran_8 DEBUG    _invoke_service(): getTopic  ('_IPS_MONITOR',)
2026-07-21 11:08:14,876 fastran_tr_fastran_8 DEBUG    _get_service_response(REQUEST|fastran_FPP_000001@fastran@8|FRAMEWORK@Framework@0|35)
2026-07-21 11:08:14,886 fastran_tr_fastran_8 DEBUG    _get_service_response(REQUEST|fastran_FPP_000001@fastran@8|FRAMEWORK@Framework@0|35), response = ServiceResponseMessage(sender_id=FRAMEWORK@Framework@0, receiver_id=fastran_FPP_000001@fastran@8, request_msg_id=REQUEST|fastran_FPP_000001@fastran@8|FRAMEWORK@Framework@0|35,status=0, args=(<ipsframework.cca_es_spec.Topic object at 0x7f0ad2a6b580>,), message_id=RESPONSE|FRAMEWORK@Framework@0|fastran_FPP_000001@fastran@8|2706)
2026-07-21 11:08:14,886 fastran_tr_fastran_8 DEBUG    _invoke_service(): sendEvent  ('_IPS_MONITOR', 'PORTAL_EVENT', {'sim_name': 'fastran_FPP_000001', 'real_sim_name': 'fastran_FPP_000001', 'portal_data': {'code': 'fastran_tr_fastran', 'eventtype': 'IPS_STAGE_INPUTS', 'ok': True, 'walltime': '1203.91', 'time': '2026-07-21|11:08:14PDT', 'trace': {'timestamp': 1784657294867823, 'duration': 8358, 'localEndpoint': {'serviceName': 'stage_input_files'}, 'name': 'infastran intglf', 'id': '5ff6e2efe4653e6c', 'parentId': '37654f3c7b48c26a', 'tags': {}}, 'state': 'Running', 'comment': 'Elapsed time = 0.008 Path = /pscratch/sd/h/hswils/github_repos/MANTA_DBSCANS/IC+RAD+TGLF/bcfrom2024/basecase/input Files = infastran intglf'}})
2026-07-21 11:08:14,886 fastran_tr_fastran_8 DEBUG    _get_service_response(REQUEST|fastran_FPP_000001@fastran@8|FRAMEWORK@Framework@0|36)
2026-07-21 11:08:14,897 fastran_tr_fastran_8 DEBUG    _get_service_response(REQUEST|fastran_FPP_000001@fastran@8|FRAMEWORK@Framework@0|36), response = ServiceResponseMessage(sender_id=FRAMEWORK@Framework@0, receiver_id=fastran_FPP_000001@fastran@8, request_msg_id=REQUEST|fastran_FPP_000001@fastran@8|FRAMEWORK@Framework@0|36,status=0, args=(None,), message_id=RESPONSE|FRAMEWORK@Framework@0|fastran_FPP_000001@fastran@8|2707)
2026-07-21 11:08:15,144 fastran_tr_fastran_8 DEBUG    _invoke_service(): init_task  (TaskInit(nproc=126, binary='/global/common/software/atom/perlmutter/binaries/fastran/default/xfastran_ver1.07', working_dir='/pscratch/sd/h/hswils/github_repos/MANTA_DBSCANS/IC+RAD+TGLF/bcfrom2024/basecase/SCAN/work/fastran_tr_fastran_8', tppn=0, tcpp=0, tgpp=0, block=True, omp=False, wnodes=True, wsocks=True, cmd_args=('6', '21')),)
2026-07-21 11:08:15,144 fastran_tr_fastran_8 DEBUG    _get_service_response(REQUEST|fastran_FPP_000001@fastran@8|FRAMEWORK@Framework@0|37)
2026-07-21 11:08:15,157 fastran_tr_fastran_8 DEBUG    _get_service_response(REQUEST|fastran_FPP_000001@fastran@8|FRAMEWORK@Framework@0|37), response = ServiceResponseMessage(sender_id=FRAMEWORK@Framework@0, receiver_id=fastran_FPP_000001@fastran@8, request_msg_id=REQUEST|fastran_FPP_000001@fastran@8|FRAMEWORK@Framework@0|37,status=0, args=((7, 'srun -N 1 -n 126 -c 1 --threads-per-core=1 --cpu-bind=cores /global/common/software/atom/perlmutter/binaries/fastran/default/xfastran_ver1.07 6 21', None, 128),), message_id=RESPONSE|FRAMEWORK@Framework@0|fastran_FPP_000001@fastran@8|2708)
2026-07-21 11:08:15,158 fastran_tr_fastran_8 DEBUG    Launching command : srun -N 1 -n 126 -c 1 --threads-per-core=1 --cpu-bind=cores /global/common/software/atom/perlmutter/binaries/fastran/default/xfastran_ver1.07 6 21
2026-07-21 11:08:15,178 fastran_tr_fastran_8 DEBUG    _invoke_service(): getTopic  ('_IPS_MONITOR',)
2026-07-21 11:08:15,178 fastran_tr_fastran_8 DEBUG    _get_service_response(REQUEST|fastran_FPP_000001@fastran@8|FRAMEWORK@Framework@0|38)
2026-07-21 11:08:15,189 fastran_tr_fastran_8 DEBUG    _get_service_response(REQUEST|fastran_FPP_000001@fastran@8|FRAMEWORK@Framework@0|38), response = ServiceResponseMessage(sender_id=FRAMEWORK@Framework@0, receiver_id=fastran_FPP_000001@fastran@8, request_msg_id=REQUEST|fastran_FPP_000001@fastran@8|FRAMEWORK@Framework@0|38,status=0, args=(<ipsframework.cca_es_spec.Topic object at 0x7f0ad2a6b910>,), message_id=RESPONSE|FRAMEWORK@Framework@0|fastran_FPP_000001@fastran@8|2709)
2026-07-21 11:08:15,189 fastran_tr_fastran_8 DEBUG    _invoke_service(): sendEvent  ('_IPS_MONITOR', 'PORTAL_EVENT', {'sim_name': 'fastran_FPP_000001', 'real_sim_name': 'fastran_FPP_000001', 'portal_data': {'code': 'fastran_tr_fastran', 'eventtype': 'IPS_LAUNCH_TASK', 'ok': True, 'walltime': '1204.21', 'time': '2026-07-21|11:08:15PDT', 'state': 'Running', 'comment': 'task_id = 7 , Tag = None , nproc = 126 , Target = srun -N 1 -n 126 -c 1 --threads-per-core=1 --cpu-bind=cores /global/common/software/atom/perlmutter/binaries/fastran/default/xfastran_ver1.07 6 21'}})
2026-07-21 11:08:15,189 fastran_tr_fastran_8 DEBUG    _get_service_response(REQUEST|fastran_FPP_000001@fastran@8|FRAMEWORK@Framework@0|39)
2026-07-21 11:08:15,200 fastran_tr_fastran_8 DEBUG    _get_service_response(REQUEST|fastran_FPP_000001@fastran@8|FRAMEWORK@Framework@0|39), response = ServiceResponseMessage(sender_id=FRAMEWORK@Framework@0, receiver_id=fastran_FPP_000001@fastran@8, request_msg_id=REQUEST|fastran_FPP_000001@fastran@8|FRAMEWORK@Framework@0|39,status=0, args=(None,), message_id=RESPONSE|FRAMEWORK@Framework@0|fastran_FPP_000001@fastran@8|2710)
2026-07-21 11:09:08,470 fastran_tr_fastran_8 DEBUG    _invoke_service(): getTopic  ('_IPS_MONITOR',)
2026-07-21 11:09:08,470 fastran_tr_fastran_8 DEBUG    _get_service_response(REQUEST|fastran_FPP_000001@fastran@8|FRAMEWORK@Framework@0|40)
2026-07-21 11:09:08,481 fastran_tr_fastran_8 DEBUG    _get_service_response(REQUEST|fastran_FPP_000001@fastran@8|FRAMEWORK@Framework@0|40), response = ServiceResponseMessage(sender_id=FRAMEWORK@Framework@0, receiver_id=fastran_FPP_000001@fastran@8, request_msg_id=REQUEST|fastran_FPP_000001@fastran@8|FRAMEWORK@Framework@0|40,status=0, args=(<ipsframework.cca_es_spec.Topic object at 0x7f0ad2a6b4f0>,), message_id=RESPONSE|FRAMEWORK@Framework@0|fastran_FPP_000001@fastran@8|2816)
2026-07-21 11:09:08,481 fastran_tr_fastran_8 DEBUG    _invoke_service(): sendEvent  ('_IPS_MONITOR', 'PORTAL_EVENT', {'sim_name': 'fastran_FPP_000001', 'real_sim_name': 'fastran_FPP_000001', 'portal_data': {'code': 'fastran_tr_fastran', 'eventtype': 'IPS_TASK_END', 'ok': True, 'walltime': '1257.51', 'time': '2026-07-21|11:09:08PDT', 'trace': {'timestamp': 1784657295177926, 'duration': 53291971, 'localEndpoint': {'serviceName': '/global/common/software/atom/perlmutter/binaries/fastran/default/xfastran_ver1.07'}, 'name': '6 21', 'id': 'e0a63e6dc6c299b0', 'parentId': '37654f3c7b48c26a', 'tags': {'procs_requested': '126', 'cores_allocated': '128'}}, 'state': 'Running', 'comment': 'task_id = 7  elapsed time = 53.29 S'}})
2026-07-21 11:09:08,481 fastran_tr_fastran_8 DEBUG    _get_service_response(REQUEST|fastran_FPP_000001@fastran@8|FRAMEWORK@Framework@0|41)
2026-07-21 11:09:08,492 fastran_tr_fastran_8 DEBUG    _get_service_response(REQUEST|fastran_FPP_000001@fastran@8|FRAMEWORK@Framework@0|41), response = ServiceResponseMessage(sender_id=FRAMEWORK@Framework@0, receiver_id=fastran_FPP_000001@fastran@8, request_msg_id=REQUEST|fastran_FPP_000001@fastran@8|FRAMEWORK@Framework@0|41,status=0, args=(None,), message_id=RESPONSE|FRAMEWORK@Framework@0|fastran_FPP_000001@fastran@8|2817)
2026-07-21 11:09:08,492 fastran_tr_fastran_8 DEBUG    _invoke_service(): finish_task  (7, 0)
2026-07-21 11:09:08,492 fastran_tr_fastran_8 DEBUG    _get_service_response(REQUEST|fastran_FPP_000001@fastran@8|FRAMEWORK@Framework@0|42)
2026-07-21 11:09:08,503 fastran_tr_fastran_8 DEBUG    _get_service_response(REQUEST|fastran_FPP_000001@fastran@8|FRAMEWORK@Framework@0|42), response = ServiceResponseMessage(sender_id=FRAMEWORK@Framework@0, receiver_id=fastran_FPP_000001@fastran@8, request_msg_id=REQUEST|fastran_FPP_000001@fastran@8|FRAMEWORK@Framework@0|42,status=0, args=(0,), message_id=RESPONSE|FRAMEWORK@Framework@0|fastran_FPP_000001@fastran@8|2818)
2026-07-21 11:09:08,785 fastran_tr_fastran_8 DEBUG    _invoke_service(): update_state  (['s000001.00001', 'g000001.00001', 'i000001.00001'], '/pscratch/sd/h/hswils/github_repos/MANTA_DBSCANS/IC+RAD+TGLF/bcfrom2024/basecase/SCAN/work/fastran_tr_fastran_8', '/pscratch/sd/h/hswils/github_repos/MANTA_DBSCANS/IC+RAD+TGLF/bcfrom2024/basecase/SCAN/work/plasma_state')
2026-07-21 11:09:08,785 fastran_tr_fastran_8 DEBUG    _get_service_response(REQUEST|fastran_FPP_000001@fastran@8|FRAMEWORK@Framework@0|43)
2026-07-21 11:09:08,805 fastran_tr_fastran_8 DEBUG    _get_service_response(REQUEST|fastran_FPP_000001@fastran@8|FRAMEWORK@Framework@0|43), response = ServiceResponseMessage(sender_id=FRAMEWORK@Framework@0, receiver_id=fastran_FPP_000001@fastran@8, request_msg_id=REQUEST|fastran_FPP_000001@fastran@8|FRAMEWORK@Framework@0|43,status=0, args=(0,), message_id=RESPONSE|FRAMEWORK@Framework@0|fastran_FPP_000001@fastran@8|2819)
2026-07-21 11:09:08,805 fastran_tr_fastran_8 DEBUG    _invoke_service(): getTopic  ('_IPS_MONITOR',)
2026-07-21 11:09:08,805 fastran_tr_fastran_8 DEBUG    _get_service_response(REQUEST|fastran_FPP_000001@fastran@8|FRAMEWORK@Framework@0|44)
2026-07-21 11:09:08,816 fastran_tr_fastran_8 DEBUG    _get_service_response(REQUEST|fastran_FPP_000001@fastran@8|FRAMEWORK@Framework@0|44), response = ServiceResponseMessage(sender_id=FRAMEWORK@Framework@0, receiver_id=fastran_FPP_000001@fastran@8, request_msg_id=REQUEST|fastran_FPP_000001@fastran@8|FRAMEWORK@Framework@0|44,status=0, args=(<ipsframework.cca_es_spec.Topic object at 0x7f0ad2a6b6d0>,), message_id=RESPONSE|FRAMEWORK@Framework@0|fastran_FPP_000001@fastran@8|2820)
2026-07-21 11:09:08,816 fastran_tr_fastran_8 DEBUG    _invoke_service(): sendEvent  ('_IPS_MONITOR', 'PORTAL_EVENT', {'sim_name': 'fastran_FPP_000001', 'real_sim_name': 'fastran_FPP_000001', 'portal_data': {'code': 'fastran_tr_fastran', 'eventtype': 'IPS_UPDATE_STATE', 'ok': True, 'walltime': '1257.84', 'time': '2026-07-21|11:09:08PDT', 'trace': {'timestamp': 1784657348784840, 'duration': 20640, 'localEndpoint': {'serviceName': 'update_state'}, 'name': "['s000001.00001', 'g000001.00001', 'i000001.00001']", 'id': '7629e189a66153c0', 'parentId': '37654f3c7b48c26a', 'tags': {}}, 'state': 'Running', 'comment': 'Elapsed time = 0.021   files = s000001.00001 g000001.00001 i000001.00001 Success'}})
2026-07-21 11:09:08,816 fastran_tr_fastran_8 DEBUG    _get_service_response(REQUEST|fastran_FPP_000001@fastran@8|FRAMEWORK@Framework@0|45)
2026-07-21 11:09:08,827 fastran_tr_fastran_8 DEBUG    _get_service_response(REQUEST|fastran_FPP_000001@fastran@8|FRAMEWORK@Framework@0|45), response = ServiceResponseMessage(sender_id=FRAMEWORK@Framework@0, receiver_id=fastran_FPP_000001@fastran@8, request_msg_id=REQUEST|fastran_FPP_000001@fastran@8|FRAMEWORK@Framework@0|45,status=0, args=(None,), message_id=RESPONSE|FRAMEWORK@Framework@0|fastran_FPP_000001@fastran@8|2821)
2026-07-21 11:09:08,846 fastran_tr_fastran_8 DEBUG    _invoke_service(): getTopic  ('_IPS_MONITOR',)
2026-07-21 11:09:08,847 fastran_tr_fastran_8 DEBUG    _get_service_response(REQUEST|fastran_FPP_000001@fastran@8|FRAMEWORK@Framework@0|46)
2026-07-21 11:09:08,857 fastran_tr_fastran_8 DEBUG    _get_service_response(REQUEST|fastran_FPP_000001@fastran@8|FRAMEWORK@Framework@0|46), response = ServiceResponseMessage(sender_id=FRAMEWORK@Framework@0, receiver_id=fastran_FPP_000001@fastran@8, request_msg_id=REQUEST|fastran_FPP_000001@fastran@8|FRAMEWORK@Framework@0|46,status=0, args=(<ipsframework.cca_es_spec.Topic object at 0x7f0ad2a6b400>,), message_id=RESPONSE|FRAMEWORK@Framework@0|fastran_FPP_000001@fastran@8|2822)
2026-07-21 11:09:08,857 fastran_tr_fastran_8 DEBUG    _invoke_service(): sendEvent  ('_IPS_MONITOR', 'PORTAL_EVENT', {'sim_name': 'fastran_FPP_000001', 'real_sim_name': 'fastran_FPP_000001', 'portal_data': {'code': 'fastran_tr_fastran', 'eventtype': 'IPS_STAGE_OUTPUTS', 'ok': True, 'walltime': '1257.88', 'time': '2026-07-21|11:09:08PDT', 'trace': {'timestamp': 1784657348827196, 'duration': 19663, 'localEndpoint': {'serviceName': 'stage_output_files'}, 'name': "['fastran.nc', 'inprof', 'inmetric', 'infastran', 'intglf', 'xfastran.log', 'i000001.00001']", 'id': '7349cfaaafc33980', 'parentId': '37654f3c7b48c26a', 'tags': {}}, 'state': 'Running', 'comment': "Elapsed time = 0.020 Path = /pscratch/sd/h/hswils/github_repos/MANTA_DBSCANS/IC+RAD+TGLF/bcfrom2024/basecase/SCAN/simulation_results/2/components/fastran_tr_fastran_8 Files = ['fastran.nc', 'inprof', 'inmetric', 'infastran', 'intglf', 'xfastran.log', 'i000001.00001']"}})
2026-07-21 11:09:08,857 fastran_tr_fastran_8 DEBUG    _get_service_response(REQUEST|fastran_FPP_000001@fastran@8|FRAMEWORK@Framework@0|47)
2026-07-21 11:09:08,867 fastran_tr_fastran_8 DEBUG    _get_service_response(REQUEST|fastran_FPP_000001@fastran@8|FRAMEWORK@Framework@0|47), response = ServiceResponseMessage(sender_id=FRAMEWORK@Framework@0, receiver_id=fastran_FPP_000001@fastran@8, request_msg_id=REQUEST|fastran_FPP_000001@fastran@8|FRAMEWORK@Framework@0|47,status=0, args=(None,), message_id=RESPONSE|FRAMEWORK@Framework@0|fastran_FPP_000001@fastran@8|2823)
2026-07-21 11:09:08,878 fastran_driver_fastran_driver_2 DEBUG    _get_service_response(REQUEST|fastran_FPP_000001@fastran_driver@2|FRAMEWORK@Framework@0|160), response = ServiceResponseMessage(sender_id=FRAMEWORK@Framework@0, receiver_id=fastran_FPP_000001@fastran_driver@2, request_msg_id=REQUEST|fastran_FPP_000001@fastran_driver@2|FRAMEWORK@Framework@0|160,status=0, args=((None,),), message_id=RESPONSE|FRAMEWORK@Framework@0|fastran_FPP_000001@fastran_driver@2|2824)
2026-07-21 11:09:08,879 fastran_driver_fastran_driver_2 DEBUG    _invoke_service(): getTopic  ('_IPS_MONITOR',)
2026-07-21 11:09:08,879 fastran_driver_fastran_driver_2 DEBUG    _get_service_response(REQUEST|fastran_FPP_000001@fastran_driver@2|FRAMEWORK@Framework@0|161)
2026-07-21 11:09:08,889 fastran_driver_fastran_driver_2 DEBUG    _get_service_response(REQUEST|fastran_FPP_000001@fastran_driver@2|FRAMEWORK@Framework@0|161), response = ServiceResponseMessage(sender_id=FRAMEWORK@Framework@0, receiver_id=fastran_FPP_000001@fastran_driver@2, request_msg_id=REQUEST|fastran_FPP_000001@fastran_driver@2|FRAMEWORK@Framework@0|161,status=0, args=(<ipsframework.cca_es_spec.Topic object at 0x7f0ad2b75df0>,), message_id=RESPONSE|FRAMEWORK@Framework@0|fastran_FPP_000001@fastran_driver@2|2825)
2026-07-21 11:09:08,889 fastran_driver_fastran_driver_2 DEBUG    _invoke_service(): sendEvent  ('_IPS_MONITOR', 'PORTAL_EVENT', {'sim_name': 'fastran_FPP_000001', 'real_sim_name': 'fastran_FPP_000001', 'portal_data': {'code': 'fastran_driver_fastran_driver', 'eventtype': 'IPS_CALL_END', 'ok': True, 'walltime': '1257.92', 'time': '2026-07-21|11:09:08PDT', 'trace': {'timestamp': 1784657294834786, 'duration': 54044128, 'localEndpoint': {'serviceName': 'fastran_FPP_000001@fastran@8'}, 'name': 'step(2)', 'id': '37654f3c7b48c26a', 'parentId': 'f899e3e5886669ce', 'tags': {}}, 'state': 'Running', 'comment': 'Target = fastran_FPP_000001@fastran@8:step(2)'}})
2026-07-21 11:09:08,889 fastran_driver_fastran_driver_2 DEBUG    _get_service_response(REQUEST|fastran_FPP_000001@fastran_driver@2|FRAMEWORK@Framework@0|162)
2026-07-21 11:09:08,900 fastran_driver_fastran_driver_2 DEBUG    _get_service_response(REQUEST|fastran_FPP_000001@fastran_driver@2|FRAMEWORK@Framework@0|162), response = ServiceResponseMessage(sender_id=FRAMEWORK@Framework@0, receiver_id=fastran_FPP_000001@fastran_driver@2, request_msg_id=REQUEST|fastran_FPP_000001@fastran_driver@2|FRAMEWORK@Framework@0|162,status=0, args=(None,), message_id=RESPONSE|FRAMEWORK@Framework@0|fastran_FPP_000001@fastran_driver@2|2826)
2026-07-21 11:09:08,900 fastran_driver_fastran_driver_2 DEBUG    _invoke_service(): stage_state  (['s000001.00001', 'g000001.00001', 'i000001.00001'], '/pscratch/sd/h/hswils/github_repos/MANTA_DBSCANS/IC+RAD+TGLF/bcfrom2024/basecase/SCAN/work/plasma_state', '/pscratch/sd/h/hswils/github_repos/MANTA_DBSCANS/IC+RAD+TGLF/bcfrom2024/basecase/SCAN/work/fastran_driver_fastran_driver_2')
2026-07-21 11:09:08,900 fastran_driver_fastran_driver_2 DEBUG    _get_service_response(REQUEST|fastran_FPP_000001@fastran_driver@2|FRAMEWORK@Framework@0|163)
2026-07-21 11:09:08,921 fastran_driver_fastran_driver_2 DEBUG    _get_service_response(REQUEST|fastran_FPP_000001@fastran_driver@2|FRAMEWORK@Framework@0|163), response = ServiceResponseMessage(sender_id=FRAMEWORK@Framework@0, receiver_id=fastran_FPP_000001@fastran_driver@2, request_msg_id=REQUEST|fastran_FPP_000001@fastran_driver@2|FRAMEWORK@Framework@0|163,status=0, args=(0,), message_id=RESPONSE|FRAMEWORK@Framework@0|fastran_FPP_000001@fastran_driver@2|2827)
2026-07-21 11:09:08,921 fastran_driver_fastran_driver_2 DEBUG    _invoke_service(): getTopic  ('_IPS_MONITOR',)
2026-07-21 11:09:08,921 fastran_driver_fastran_driver_2 DEBUG    _get_service_response(REQUEST|fastran_FPP_000001@fastran_driver@2|FRAMEWORK@Framework@0|164)
2026-07-21 11:09:08,932 fastran_driver_fastran_driver_2 DEBUG    _get_service_response(REQUEST|fastran_FPP_000001@fastran_driver@2|FRAMEWORK@Framework@0|164), response = ServiceResponseMessage(sender_id=FRAMEWORK@Framework@0, receiver_id=fastran_FPP_000001@fastran_driver@2, request_msg_id=REQUEST|fastran_FPP_000001@fastran_driver@2|FRAMEWORK@Framework@0|164,status=0, args=(<ipsframework.cca_es_spec.Topic object at 0x7f0ad2b75eb0>,), message_id=RESPONSE|FRAMEWORK@Framework@0|fastran_FPP_000001@fastran_driver@2|2828)
2026-07-21 11:09:08,932 fastran_driver_fastran_driver_2 DEBUG    _invoke_service(): sendEvent  ('_IPS_MONITOR', 'PORTAL_EVENT', {'sim_name': 'fastran_FPP_000001', 'real_sim_name': 'fastran_FPP_000001', 'portal_data': {'code': 'fastran_driver_fastran_driver', 'eventtype': 'IPS_STAGE_STATE', 'ok': True, 'walltime': '1257.96', 'time': '2026-07-21|11:09:08PDT', 'trace': {'timestamp': 1784657348900453, 'duration': 21155, 'localEndpoint': {'serviceName': 'stage_state'}, 'name': "['s000001.00001', 'g000001.00001', 'i000001.00001']", 'id': '71885aecf25d7412', 'parentId': 'f899e3e5886669ce', 'tags': {}}, 'state': 'Running', 'comment': 'Elapsed time = 0.021  files = s000001.00001 g000001.00001 i000001.00001 Success'}})
2026-07-21 11:09:08,932 fastran_driver_fastran_driver_2 DEBUG    _get_service_response(REQUEST|fastran_FPP_000001@fastran_driver@2|FRAMEWORK@Framework@0|165)
2026-07-21 11:09:08,942 fastran_driver_fastran_driver_2 DEBUG    _get_service_response(REQUEST|fastran_FPP_000001@fastran_driver@2|FRAMEWORK@Framework@0|165), response = ServiceResponseMessage(sender_id=FRAMEWORK@Framework@0, receiver_id=fastran_FPP_000001@fastran_driver@2, request_msg_id=REQUEST|fastran_FPP_000001@fastran_driver@2|FRAMEWORK@Framework@0|165,status=0, args=(None,), message_id=RESPONSE|FRAMEWORK@Framework@0|fastran_FPP_000001@fastran_driver@2|2829)
2026-07-21 11:09:08,943 fastran_driver_fastran_driver_2 DEBUG    _invoke_service(): getTopic  ('_IPS_MONITOR',)
2026-07-21 11:09:08,943 fastran_driver_fastran_driver_2 DEBUG    _get_service_response(REQUEST|fastran_FPP_000001@fastran_driver@2|FRAMEWORK@Framework@0|166)
2026-07-21 11:09:08,953 fastran_driver_fastran_driver_2 DEBUG    _get_service_response(REQUEST|fastran_FPP_000001@fastran_driver@2|FRAMEWORK@Framework@0|166), response = ServiceResponseMessage(sender_id=FRAMEWORK@Framework@0, receiver_id=fastran_FPP_000001@fastran_driver@2, request_msg_id=REQUEST|fastran_FPP_000001@fastran_driver@2|FRAMEWORK@Framework@0|166,status=0, args=(<ipsframework.cca_es_spec.Topic object at 0x7f0ad2b75f40>,), message_id=RESPONSE|FRAMEWORK@Framework@0|fastran_FPP_000001@fastran_driver@2|2831)
2026-07-21 11:09:08,953 fastran_driver_fastran_driver_2 DEBUG    _invoke_service(): sendEvent  ('_IPS_MONITOR', 'PORTAL_EVENT', {'sim_name': 'fastran_FPP_000001', 'real_sim_name': 'fastran_FPP_000001', 'portal_data': {'code': 'fastran_driver_fastran_driver', 'eventtype': 'IPS_STAGE_OUTPUTS', 'ok': True, 'walltime': '1257.98', 'time': '2026-07-21|11:09:08PDT', 'trace': {'timestamp': 1784657348942752, 'duration': 381, 'localEndpoint': {'serviceName': 'stage_output_files'}, 'name': '[]', 'id': 'ed019efe11be26d9', 'parentId': 'f899e3e5886669ce', 'tags': {}}, 'state': 'Running', 'comment': 'Elapsed time = 0.000 Path = /pscratch/sd/h/hswils/github_repos/MANTA_DBSCANS/IC+RAD+TGLF/bcfrom2024/basecase/SCAN/simulation_results/2/components/fastran_driver_fastran_driver_2 Files = []'}})
2026-07-21 11:09:08,953 fastran_driver_fastran_driver_2 DEBUG    _get_service_response(REQUEST|fastran_FPP_000001@fastran_driver@2|FRAMEWORK@Framework@0|167)
2026-07-21 11:09:08,964 fastran_driver_fastran_driver_2 DEBUG    _get_service_response(REQUEST|fastran_FPP_000001@fastran_driver@2|FRAMEWORK@Framework@0|167), response = ServiceResponseMessage(sender_id=FRAMEWORK@Framework@0, receiver_id=fastran_FPP_000001@fastran_driver@2, request_msg_id=REQUEST|fastran_FPP_000001@fastran_driver@2|FRAMEWORK@Framework@0|167,status=0, args=(None,), message_id=RESPONSE|FRAMEWORK@Framework@0|fastran_FPP_000001@fastran_driver@2|2832)
2026-07-21 11:09:08,964 fastran_driver_fastran_driver_2 DEBUG    _invoke_service(): getTopic  ('_IPS_MONITOR',)
2026-07-21 11:09:08,964 fastran_driver_fastran_driver_2 DEBUG    _get_service_response(REQUEST|fastran_FPP_000001@fastran_driver@2|FRAMEWORK@Framework@0|168)
2026-07-21 11:09:08,975 fastran_driver_fastran_driver_2 DEBUG    _get_service_response(REQUEST|fastran_FPP_000001@fastran_driver@2|FRAMEWORK@Framework@0|168), response = ServiceResponseMessage(sender_id=FRAMEWORK@Framework@0, receiver_id=fastran_FPP_000001@fastran_driver@2, request_msg_id=REQUEST|fastran_FPP_000001@fastran_driver@2|FRAMEWORK@Framework@0|168,status=0, args=(<ipsframework.cca_es_spec.Topic object at 0x7f0ad2b75c70>,), message_id=RESPONSE|FRAMEWORK@Framework@0|fastran_FPP_000001@fastran_driver@2|2833)
2026-07-21 11:09:08,975 fastran_driver_fastran_driver_2 DEBUG    _invoke_service(): sendEvent  ('_IPS_MONITOR', 'PORTALBRIDGE_UPDATE_TIMESTAMP', {'sim_name': 'fastran_FPP_000001', 'real_sim_name': 'fastran_FPP_000001', 'portal_data': {'phystimestamp': 3, 'eventtype': 'PORTALBRIDGE_UPDATE_TIMESTAMP'}})
2026-07-21 11:09:08,975 fastran_driver_fastran_driver_2 DEBUG    _get_service_response(REQUEST|fastran_FPP_000001@fastran_driver@2|FRAMEWORK@Framework@0|169)
2026-07-21 11:09:08,986 fastran_driver_fastran_driver_2 DEBUG    _get_service_response(REQUEST|fastran_FPP_000001@fastran_driver@2|FRAMEWORK@Framework@0|169), response = ServiceResponseMessage(sender_id=FRAMEWORK@Framework@0, receiver_id=fastran_FPP_000001@fastran_driver@2, request_msg_id=REQUEST|fastran_FPP_000001@fastran_driver@2|FRAMEWORK@Framework@0|169,status=0, args=(None,), message_id=RESPONSE|FRAMEWORK@Framework@0|fastran_FPP_000001@fastran_driver@2|2834)
2026-07-21 11:09:08,986 fastran_driver_fastran_driver_2 DEBUG    _invoke_service(): getTopic  ('_IPS_MONITOR',)
2026-07-21 11:09:08,986 fastran_driver_fastran_driver_2 DEBUG    _get_service_response(REQUEST|fastran_FPP_000001@fastran_driver@2|FRAMEWORK@Framework@0|170)
2026-07-21 11:09:08,997 fastran_driver_fastran_driver_2 DEBUG    _get_service_response(REQUEST|fastran_FPP_000001@fastran_driver@2|FRAMEWORK@Framework@0|170), response = ServiceResponseMessage(sender_id=FRAMEWORK@Framework@0, receiver_id=fastran_FPP_000001@fastran_driver@2, request_msg_id=REQUEST|fastran_FPP_000001@fastran_driver@2|FRAMEWORK@Framework@0|170,status=0, args=(<ipsframework.cca_es_spec.Topic object at 0x7f0ad2b75f40>,), message_id=RESPONSE|FRAMEWORK@Framework@0|fastran_FPP_000001@fastran_driver@2|2835)
2026-07-21 11:09:08,997 fastran_driver_fastran_driver_2 DEBUG    _invoke_service(): sendEvent  ('_IPS_MONITOR', 'PORTAL_EVENT', {'sim_name': 'fastran_FPP_000001', 'real_sim_name': 'fastran_FPP_000001', 'portal_data': {'code': 'fastran_driver_fastran_driver', 'eventtype': 'IPS_UPDATE_TIME_STAMP', 'ok': True, 'walltime': '1258.02', 'time': '2026-07-21|11:09:08PDT', 'state': 'Running', 'comment': 'Timestamp = 3'}})
2026-07-21 11:09:08,997 fastran_driver_fastran_driver_2 DEBUG    _get_service_response(REQUEST|fastran_FPP_000001@fastran_driver@2|FRAMEWORK@Framework@0|171)
2026-07-21 11:09:09,008 fastran_driver_fastran_driver_2 DEBUG    _get_service_response(REQUEST|fastran_FPP_000001@fastran_driver@2|FRAMEWORK@Framework@0|171), response = ServiceResponseMessage(sender_id=FRAMEWORK@Framework@0, receiver_id=fastran_FPP_000001@fastran_driver@2, request_msg_id=REQUEST|fastran_FPP_000001@fastran_driver@2|FRAMEWORK@Framework@0|171,status=0, args=(None,), message_id=RESPONSE|FRAMEWORK@Framework@0|fastran_FPP_000001@fastran_driver@2|2836)
2026-07-21 11:09:09,008 fastran_driver_fastran_driver_2 DEBUG    _invoke_service(): getTopic  ('_IPS_MONITOR',)
2026-07-21 11:09:09,008 fastran_driver_fastran_driver_2 DEBUG    _get_service_response(REQUEST|fastran_FPP_000001@fastran_driver@2|FRAMEWORK@Framework@0|172)
2026-07-21 11:09:09,019 fastran_driver_fastran_driver_2 DEBUG    _get_service_response(REQUEST|fastran_FPP_000001@fastran_driver@2|FRAMEWORK@Framework@0|172), response = ServiceResponseMessage(sender_id=FRAMEWORK@Framework@0, receiver_id=fastran_FPP_000001@fastran_driver@2, request_msg_id=REQUEST|fastran_FPP_000001@fastran_driver@2|FRAMEWORK@Framework@0|172,status=0, args=(<ipsframework.cca_es_spec.Topic object at 0x7f0ad2b75f70>,), message_id=RESPONSE|FRAMEWORK@Framework@0|fastran_FPP_000001@fastran_driver@2|2837)
2026-07-21 11:09:09,019 fastran_driver_fastran_driver_2 DEBUG    _invoke_service(): sendEvent  ('_IPS_MONITOR', 'PORTAL_EVENT', {'sim_name': 'fastran_FPP_000001', 'real_sim_name': 'fastran_FPP_000001', 'portal_data': {'code': 'fastran_driver_fastran_driver', 'eventtype': 'IPS_CALL_BEGIN', 'ok': True, 'walltime': '1258.05', 'time': '2026-07-21|11:09:09PDT', 'state': 'Running', 'comment': 'Target = fastran_FPP_000001@impurity_radiation@5:step(3)'}})
2026-07-21 11:09:09,019 fastran_driver_fastran_driver_2 DEBUG    _get_service_response(REQUEST|fastran_FPP_000001@fastran_driver@2|FRAMEWORK@Framework@0|173)
2026-07-21 11:09:09,030 fastran_driver_fastran_driver_2 DEBUG    _get_service_response(REQUEST|fastran_FPP_000001@fastran_driver@2|FRAMEWORK@Framework@0|173), response = ServiceResponseMessage(sender_id=FRAMEWORK@Framework@0, receiver_id=fastran_FPP_000001@fastran_driver@2, request_msg_id=REQUEST|fastran_FPP_000001@fastran_driver@2|FRAMEWORK@Framework@0|173,status=0, args=(None,), message_id=RESPONSE|FRAMEWORK@Framework@0|fastran_FPP_000001@fastran_driver@2|2838)
2026-07-21 11:09:09,030 fastran_driver_fastran_driver_2 DEBUG    _invoke_service(): init_call  ('step', 3)
2026-07-21 11:09:09,030 fastran_driver_fastran_driver_2 DEBUG    _get_service_response(REQUEST|fastran_FPP_000001@fastran_driver@2|FRAMEWORK@Framework@0|174)
2026-07-21 11:09:09,031 fastran__impurity_radiation_5 DEBUG    Received Message 
2026-07-21 11:09:09,031 fastran__impurity_radiation_5 DEBUG    Calling method step(3)
2026-07-21 11:09:09,032 fastran__impurity_radiation_5 DEBUG    _invoke_service(): stage_state  (['s000001.00001', 'g000001.00001', 'i000001.00001'], '/pscratch/sd/h/hswils/github_repos/MANTA_DBSCANS/IC+RAD+TGLF/bcfrom2024/basecase/SCAN/work/plasma_state', '/pscratch/sd/h/hswils/github_repos/MANTA_DBSCANS/IC+RAD+TGLF/bcfrom2024/basecase/SCAN/work/fastran__impurity_radiation_5')
2026-07-21 11:09:09,032 fastran__impurity_radiation_5 DEBUG    _get_service_response(REQUEST|fastran_FPP_000001@impurity_radiation@5|FRAMEWORK@Framework@0|33)
2026-07-21 11:09:09,041 fastran_driver_fastran_driver_2 DEBUG    _get_service_response(REQUEST|fastran_FPP_000001@fastran_driver@2|FRAMEWORK@Framework@0|174), response = ServiceResponseMessage(sender_id=FRAMEWORK@Framework@0, receiver_id=fastran_FPP_000001@fastran_driver@2, request_msg_id=REQUEST|fastran_FPP_000001@fastran_driver@2|FRAMEWORK@Framework@0|174,status=0, args=(31,), message_id=RESPONSE|FRAMEWORK@Framework@0|fastran_FPP_000001@fastran_driver@2|2839)
2026-07-21 11:09:09,041 fastran_driver_fastran_driver_2 DEBUG    _invoke_service(): wait_call  (31, True)
2026-07-21 11:09:09,041 fastran_driver_fastran_driver_2 DEBUG    _get_service_response(REQUEST|fastran_FPP_000001@fastran_driver@2|FRAMEWORK@Framework@0|175)
2026-07-21 11:09:09,055 fastran__impurity_radiation_5 DEBUG    _get_service_response(REQUEST|fastran_FPP_000001@impurity_radiation@5|FRAMEWORK@Framework@0|33), response = ServiceResponseMessage(sender_id=FRAMEWORK@Framework@0, receiver_id=fastran_FPP_000001@impurity_radiation@5, request_msg_id=REQUEST|fastran_FPP_000001@impurity_radiation@5|FRAMEWORK@Framework@0|33,status=0, args=(0,), message_id=RESPONSE|FRAMEWORK@Framework@0|fastran_FPP_000001@impurity_radiation@5|2840)
2026-07-21 11:09:09,055 fastran__impurity_radiation_5 DEBUG    _invoke_service(): getTopic  ('_IPS_MONITOR',)
2026-07-21 11:09:09,055 fastran__impurity_radiation_5 DEBUG    _get_service_response(REQUEST|fastran_FPP_000001@impurity_radiation@5|FRAMEWORK@Framework@0|34)
2026-07-21 11:09:09,065 fastran__impurity_radiation_5 DEBUG    _get_service_response(REQUEST|fastran_FPP_000001@impurity_radiation@5|FRAMEWORK@Framework@0|34), response = ServiceResponseMessage(sender_id=FRAMEWORK@Framework@0, receiver_id=fastran_FPP_000001@impurity_radiation@5, request_msg_id=REQUEST|fastran_FPP_000001@impurity_radiation@5|FRAMEWORK@Framework@0|34,status=0, args=(<ipsframework.cca_es_spec.Topic object at 0x7f0ad2b396a0>,), message_id=RESPONSE|FRAMEWORK@Framework@0|fastran_FPP_000001@impurity_radiation@5|2841)
2026-07-21 11:09:09,065 fastran__impurity_radiation_5 DEBUG    _invoke_service(): sendEvent  ('_IPS_MONITOR', 'PORTAL_EVENT', {'sim_name': 'fastran_FPP_000001', 'real_sim_name': 'fastran_FPP_000001', 'portal_data': {'code': 'fastran__impurity_radiation', 'eventtype': 'IPS_STAGE_STATE', 'ok': True, 'walltime': '1258.09', 'time': '2026-07-21|11:09:09PDT', 'trace': {'timestamp': 1784657349031887, 'duration': 23237, 'localEndpoint': {'serviceName': 'stage_state'}, 'name': "['s000001.00001', 'g000001.00001', 'i000001.00001']", 'id': '71885aecf25d7412', 'parentId': '917c9fa0783dd566', 'tags': {}}, 'state': 'Running', 'comment': 'Elapsed time = 0.023  files = s000001.00001 g000001.00001 i000001.00001 Success'}})
2026-07-21 11:09:09,065 fastran__impurity_radiation_5 DEBUG    _get_service_response(REQUEST|fastran_FPP_000001@impurity_radiation@5|FRAMEWORK@Framework@0|35)
2026-07-21 11:09:09,076 fastran__impurity_radiation_5 DEBUG    _get_service_response(REQUEST|fastran_FPP_000001@impurity_radiation@5|FRAMEWORK@Framework@0|35), response = ServiceResponseMessage(sender_id=FRAMEWORK@Framework@0, receiver_id=fastran_FPP_000001@impurity_radiation@5, request_msg_id=REQUEST|fastran_FPP_000001@impurity_radiation@5|FRAMEWORK@Framework@0|35,status=0, args=(None,), message_id=RESPONSE|FRAMEWORK@Framework@0|fastran_FPP_000001@impurity_radiation@5|2842)
2026-07-21 11:09:09,076 fastran__impurity_radiation_5 DEBUG    _invoke_service(): getTopic  ('_IPS_MONITOR',)
2026-07-21 11:09:09,076 fastran__impurity_radiation_5 DEBUG    _get_service_response(REQUEST|fastran_FPP_000001@impurity_radiation@5|FRAMEWORK@Framework@0|36)
2026-07-21 11:09:09,087 fastran__impurity_radiation_5 DEBUG    _get_service_response(REQUEST|fastran_FPP_000001@impurity_radiation@5|FRAMEWORK@Framework@0|36), response = ServiceResponseMessage(sender_id=FRAMEWORK@Framework@0, receiver_id=fastran_FPP_000001@impurity_radiation@5, request_msg_id=REQUEST|fastran_FPP_000001@impurity_radiation@5|FRAMEWORK@Framework@0|36,status=0, args=(<ipsframework.cca_es_spec.Topic object at 0x7f0ad2b39b50>,), message_id=RESPONSE|FRAMEWORK@Framework@0|fastran_FPP_000001@impurity_radiation@5|2843)
2026-07-21 11:09:09,087 fastran__impurity_radiation_5 DEBUG    _invoke_service(): sendEvent  ('_IPS_MONITOR', 'PORTAL_EVENT', {'sim_name': 'fastran_FPP_000001', 'real_sim_name': 'fastran_FPP_000001', 'portal_data': {'code': 'fastran__impurity_radiation', 'eventtype': 'IPS_STAGE_INPUTS', 'ok': True, 'walltime': '1258.11', 'time': '2026-07-21|11:09:09PDT', 'trace': {'timestamp': 1784657349076713, 'duration': 79, 'localEndpoint': {'serviceName': 'stage_input_files'}, 'name': '', 'id': 'e70cb59b389672bf', 'parentId': '917c9fa0783dd566', 'tags': {}}, 'state': 'Running', 'comment': 'Elapsed time = 0.000 Path = /pscratch/sd/h/hswils/github_repos/MANTA_DBSCANS/IC+RAD+TGLF/bcfrom2024/basecase/input Files = '}})
2026-07-21 11:09:09,087 fastran__impurity_radiation_5 DEBUG    _get_service_response(REQUEST|fastran_FPP_000001@impurity_radiation@5|FRAMEWORK@Framework@0|37)
2026-07-21 11:09:09,098 fastran__impurity_radiation_5 DEBUG    _get_service_response(REQUEST|fastran_FPP_000001@impurity_radiation@5|FRAMEWORK@Framework@0|37), response = ServiceResponseMessage(sender_id=FRAMEWORK@Framework@0, receiver_id=fastran_FPP_000001@impurity_radiation@5, request_msg_id=REQUEST|fastran_FPP_000001@impurity_radiation@5|FRAMEWORK@Framework@0|37,status=0, args=(None,), message_id=RESPONSE|FRAMEWORK@Framework@0|fastran_FPP_000001@impurity_radiation@5|2844)
2026-07-21 11:09:09,316 fastran__impurity_radiation_5 DEBUG    _invoke_service(): update_state  (['s000001.00001', 'g000001.00001', 'i000001.00001'], '/pscratch/sd/h/hswils/github_repos/MANTA_DBSCANS/IC+RAD+TGLF/bcfrom2024/basecase/SCAN/work/fastran__impurity_radiation_5', '/pscratch/sd/h/hswils/github_repos/MANTA_DBSCANS/IC+RAD+TGLF/bcfrom2024/basecase/SCAN/work/plasma_state')
2026-07-21 11:09:09,316 fastran__impurity_radiation_5 DEBUG    _get_service_response(REQUEST|fastran_FPP_000001@impurity_radiation@5|FRAMEWORK@Framework@0|38)
2026-07-21 11:09:09,337 fastran__impurity_radiation_5 DEBUG    _get_service_response(REQUEST|fastran_FPP_000001@impurity_radiation@5|FRAMEWORK@Framework@0|38), response = ServiceResponseMessage(sender_id=FRAMEWORK@Framework@0, receiver_id=fastran_FPP_000001@impurity_radiation@5, request_msg_id=REQUEST|fastran_FPP_000001@impurity_radiation@5|FRAMEWORK@Framework@0|38,status=0, args=(0,), message_id=RESPONSE|FRAMEWORK@Framework@0|fastran_FPP_000001@impurity_radiation@5|2845)
2026-07-21 11:09:09,337 fastran__impurity_radiation_5 DEBUG    _invoke_service(): getTopic  ('_IPS_MONITOR',)
2026-07-21 11:09:09,337 fastran__impurity_radiation_5 DEBUG    _get_service_response(REQUEST|fastran_FPP_000001@impurity_radiation@5|FRAMEWORK@Framework@0|39)
2026-07-21 11:09:09,347 fastran__impurity_radiation_5 DEBUG    _get_service_response(REQUEST|fastran_FPP_000001@impurity_radiation@5|FRAMEWORK@Framework@0|39), response = ServiceResponseMessage(sender_id=FRAMEWORK@Framework@0, receiver_id=fastran_FPP_000001@impurity_radiation@5, request_msg_id=REQUEST|fastran_FPP_000001@impurity_radiation@5|FRAMEWORK@Framework@0|39,status=0, args=(<ipsframework.cca_es_spec.Topic object at 0x7f0ad2b39ca0>,), message_id=RESPONSE|FRAMEWORK@Framework@0|fastran_FPP_000001@impurity_radiation@5|2846)
2026-07-21 11:09:09,347 fastran__impurity_radiation_5 DEBUG    _invoke_service(): sendEvent  ('_IPS_MONITOR', 'PORTAL_EVENT', {'sim_name': 'fastran_FPP_000001', 'real_sim_name': 'fastran_FPP_000001', 'portal_data': {'code': 'fastran__impurity_radiation', 'eventtype': 'IPS_UPDATE_STATE', 'ok': True, 'walltime': '1258.37', 'time': '2026-07-21|11:09:09PDT', 'trace': {'timestamp': 1784657349316146, 'duration': 21092, 'localEndpoint': {'serviceName': 'update_state'}, 'name': "['s000001.00001', 'g000001.00001', 'i000001.00001']", 'id': '7629e189a66153c0', 'parentId': '917c9fa0783dd566', 'tags': {}}, 'state': 'Running', 'comment': 'Elapsed time = 0.021   files = s000001.00001 g000001.00001 i000001.00001 Success'}})
2026-07-21 11:09:09,347 fastran__impurity_radiation_5 DEBUG    _get_service_response(REQUEST|fastran_FPP_000001@impurity_radiation@5|FRAMEWORK@Framework@0|40)
2026-07-21 11:09:09,358 fastran__impurity_radiation_5 DEBUG    _get_service_response(REQUEST|fastran_FPP_000001@impurity_radiation@5|FRAMEWORK@Framework@0|40), response = ServiceResponseMessage(sender_id=FRAMEWORK@Framework@0, receiver_id=fastran_FPP_000001@impurity_radiation@5, request_msg_id=REQUEST|fastran_FPP_000001@impurity_radiation@5|FRAMEWORK@Framework@0|40,status=0, args=(None,), message_id=RESPONSE|FRAMEWORK@Framework@0|fastran_FPP_000001@impurity_radiation@5|2847)
2026-07-21 11:09:09,358 fastran__impurity_radiation_5 DEBUG    _invoke_service(): getTopic  ('_IPS_MONITOR',)
2026-07-21 11:09:09,359 fastran__impurity_radiation_5 DEBUG    _get_service_response(REQUEST|fastran_FPP_000001@impurity_radiation@5|FRAMEWORK@Framework@0|41)
2026-07-21 11:09:09,369 fastran__impurity_radiation_5 DEBUG    _get_service_response(REQUEST|fastran_FPP_000001@impurity_radiation@5|FRAMEWORK@Framework@0|41), response = ServiceResponseMessage(sender_id=FRAMEWORK@Framework@0, receiver_id=fastran_FPP_000001@impurity_radiation@5, request_msg_id=REQUEST|fastran_FPP_000001@impurity_radiation@5|FRAMEWORK@Framework@0|41,status=0, args=(<ipsframework.cca_es_spec.Topic object at 0x7f0ad2b39c10>,), message_id=RESPONSE|FRAMEWORK@Framework@0|fastran_FPP_000001@impurity_radiation@5|2848)
2026-07-21 11:09:09,369 fastran__impurity_radiation_5 DEBUG    _invoke_service(): sendEvent  ('_IPS_MONITOR', 'PORTAL_EVENT', {'sim_name': 'fastran_FPP_000001', 'real_sim_name': 'fastran_FPP_000001', 'portal_data': {'code': 'fastran__impurity_radiation', 'eventtype': 'IPS_STAGE_OUTPUTS', 'ok': True, 'walltime': '1258.40', 'time': '2026-07-21|11:09:09PDT', 'trace': {'timestamp': 1784657349358687, 'duration': 231, 'localEndpoint': {'serviceName': 'stage_output_files'}, 'name': '[]', 'id': 'ed019efe11be26d9', 'parentId': '917c9fa0783dd566', 'tags': {}}, 'state': 'Running', 'comment': 'Elapsed time = 0.000 Path = /pscratch/sd/h/hswils/github_repos/MANTA_DBSCANS/IC+RAD+TGLF/bcfrom2024/basecase/SCAN/simulation_results/3/components/fastran__impurity_radiation_5 Files = []'}})
2026-07-21 11:09:09,369 fastran__impurity_radiation_5 DEBUG    _get_service_response(REQUEST|fastran_FPP_000001@impurity_radiation@5|FRAMEWORK@Framework@0|42)
2026-07-21 11:09:09,380 fastran__impurity_radiation_5 DEBUG    _get_service_response(REQUEST|fastran_FPP_000001@impurity_radiation@5|FRAMEWORK@Framework@0|42), response = ServiceResponseMessage(sender_id=FRAMEWORK@Framework@0, receiver_id=fastran_FPP_000001@impurity_radiation@5, request_msg_id=REQUEST|fastran_FPP_000001@impurity_radiation@5|FRAMEWORK@Framework@0|42,status=0, args=(None,), message_id=RESPONSE|FRAMEWORK@Framework@0|fastran_FPP_000001@impurity_radiation@5|2849)
2026-07-21 11:09:09,391 fastran_driver_fastran_driver_2 DEBUG    _get_service_response(REQUEST|fastran_FPP_000001@fastran_driver@2|FRAMEWORK@Framework@0|175), response = ServiceResponseMessage(sender_id=FRAMEWORK@Framework@0, receiver_id=fastran_FPP_000001@fastran_driver@2, request_msg_id=REQUEST|fastran_FPP_000001@fastran_driver@2|FRAMEWORK@Framework@0|175,status=0, args=((None,),), message_id=RESPONSE|FRAMEWORK@Framework@0|fastran_FPP_000001@fastran_driver@2|2850)
2026-07-21 11:09:09,391 fastran_driver_fastran_driver_2 DEBUG    _invoke_service(): getTopic  ('_IPS_MONITOR',)
2026-07-21 11:09:09,391 fastran_driver_fastran_driver_2 DEBUG    _get_service_response(REQUEST|fastran_FPP_000001@fastran_driver@2|FRAMEWORK@Framework@0|176)
2026-07-21 11:09:09,402 fastran_driver_fastran_driver_2 DEBUG    _get_service_response(REQUEST|fastran_FPP_000001@fastran_driver@2|FRAMEWORK@Framework@0|176), response = ServiceResponseMessage(sender_id=FRAMEWORK@Framework@0, receiver_id=fastran_FPP_000001@fastran_driver@2, request_msg_id=REQUEST|fastran_FPP_000001@fastran_driver@2|FRAMEWORK@Framework@0|176,status=0, args=(<ipsframework.cca_es_spec.Topic object at 0x7f0ad2b75910>,), message_id=RESPONSE|FRAMEWORK@Framework@0|fastran_FPP_000001@fastran_driver@2|2851)
2026-07-21 11:09:09,402 fastran_driver_fastran_driver_2 DEBUG    _invoke_service(): sendEvent  ('_IPS_MONITOR', 'PORTAL_EVENT', {'sim_name': 'fastran_FPP_000001', 'real_sim_name': 'fastran_FPP_000001', 'portal_data': {'code': 'fastran_driver_fastran_driver', 'eventtype': 'IPS_CALL_END', 'ok': True, 'walltime': '1258.43', 'time': '2026-07-21|11:09:09PDT', 'trace': {'timestamp': 1784657349041619, 'duration': 350026, 'localEndpoint': {'serviceName': 'fastran_FPP_000001@impurity_radiation@5'}, 'name': 'step(3)', 'id': '917c9fa0783dd566', 'parentId': 'f899e3e5886669ce', 'tags': {}}, 'state': 'Running', 'comment': 'Target = fastran_FPP_000001@impurity_radiation@5:step(3)'}})
2026-07-21 11:09:09,402 fastran_driver_fastran_driver_2 DEBUG    _get_service_response(REQUEST|fastran_FPP_000001@fastran_driver@2|FRAMEWORK@Framework@0|177)
2026-07-21 11:09:09,413 fastran_driver_fastran_driver_2 DEBUG    _get_service_response(REQUEST|fastran_FPP_000001@fastran_driver@2|FRAMEWORK@Framework@0|177), response = ServiceResponseMessage(sender_id=FRAMEWORK@Framework@0, receiver_id=fastran_FPP_000001@fastran_driver@2, request_msg_id=REQUEST|fastran_FPP_000001@fastran_driver@2|FRAMEWORK@Framework@0|177,status=0, args=(None,), message_id=RESPONSE|FRAMEWORK@Framework@0|fastran_FPP_000001@fastran_driver@2|2852)
2026-07-21 11:09:09,414 fastran_driver_fastran_driver_2 DEBUG    _invoke_service(): getTopic  ('_IPS_MONITOR',)
2026-07-21 11:09:09,414 fastran_driver_fastran_driver_2 DEBUG    _get_service_response(REQUEST|fastran_FPP_000001@fastran_driver@2|FRAMEWORK@Framework@0|178)
2026-07-21 11:09:09,425 fastran_driver_fastran_driver_2 DEBUG    _get_service_response(REQUEST|fastran_FPP_000001@fastran_driver@2|FRAMEWORK@Framework@0|178), response = ServiceResponseMessage(sender_id=FRAMEWORK@Framework@0, receiver_id=fastran_FPP_000001@fastran_driver@2, request_msg_id=REQUEST|fastran_FPP_000001@fastran_driver@2|FRAMEWORK@Framework@0|178,status=0, args=(<ipsframework.cca_es_spec.Topic object at 0x7f0ad2b75f40>,), message_id=RESPONSE|FRAMEWORK@Framework@0|fastran_FPP_000001@fastran_driver@2|2853)
2026-07-21 11:09:09,425 fastran_driver_fastran_driver_2 DEBUG    _invoke_service(): sendEvent  ('_IPS_MONITOR', 'PORTAL_EVENT', {'sim_name': 'fastran_FPP_000001', 'real_sim_name': 'fastran_FPP_000001', 'portal_data': {'code': 'fastran_driver_fastran_driver', 'eventtype': 'IPS_CALL_BEGIN', 'ok': True, 'walltime': '1258.45', 'time': '2026-07-21|11:09:09PDT', 'state': 'Running', 'comment': 'Target = fastran_FPP_000001@toric@6:step(3)'}})
2026-07-21 11:09:09,425 fastran_driver_fastran_driver_2 DEBUG    _get_service_response(REQUEST|fastran_FPP_000001@fastran_driver@2|FRAMEWORK@Framework@0|179)
2026-07-21 11:09:09,436 fastran_driver_fastran_driver_2 DEBUG    _get_service_response(REQUEST|fastran_FPP_000001@fastran_driver@2|FRAMEWORK@Framework@0|179), response = ServiceResponseMessage(sender_id=FRAMEWORK@Framework@0, receiver_id=fastran_FPP_000001@fastran_driver@2, request_msg_id=REQUEST|fastran_FPP_000001@fastran_driver@2|FRAMEWORK@Framework@0|179,status=0, args=(None,), message_id=RESPONSE|FRAMEWORK@Framework@0|fastran_FPP_000001@fastran_driver@2|2854)
2026-07-21 11:09:09,436 fastran_driver_fastran_driver_2 DEBUG    _invoke_service(): init_call  ('step', 3)
2026-07-21 11:09:09,436 fastran_driver_fastran_driver_2 DEBUG    _get_service_response(REQUEST|fastran_FPP_000001@fastran_driver@2|FRAMEWORK@Framework@0|180)
2026-07-21 11:09:09,437 rf_ic_toric_6   DEBUG    Received Message 
2026-07-21 11:09:09,437 rf_ic_toric_6   DEBUG    Calling method step(3)
2026-07-21 11:09:09,437 rf_ic_toric_6   DEBUG    _invoke_service(): stage_state  (['s000001.00001', 'g000001.00001'], '/pscratch/sd/h/hswils/github_repos/MANTA_DBSCANS/IC+RAD+TGLF/bcfrom2024/basecase/SCAN/work/plasma_state', '/pscratch/sd/h/hswils/github_repos/MANTA_DBSCANS/IC+RAD+TGLF/bcfrom2024/basecase/SCAN/work/rf_ic_toric_6')
2026-07-21 11:09:09,437 rf_ic_toric_6   DEBUG    _get_service_response(REQUEST|fastran_FPP_000001@toric@6|FRAMEWORK@Framework@0|61)
2026-07-21 11:09:09,447 fastran_driver_fastran_driver_2 DEBUG    _get_service_response(REQUEST|fastran_FPP_000001@fastran_driver@2|FRAMEWORK@Framework@0|180), response = ServiceResponseMessage(sender_id=FRAMEWORK@Framework@0, receiver_id=fastran_FPP_000001@fastran_driver@2, request_msg_id=REQUEST|fastran_FPP_000001@fastran_driver@2|FRAMEWORK@Framework@0|180,status=0, args=(32,), message_id=RESPONSE|FRAMEWORK@Framework@0|fastran_FPP_000001@fastran_driver@2|2855)
2026-07-21 11:09:09,447 fastran_driver_fastran_driver_2 DEBUG    _invoke_service(): wait_call  (32, True)
2026-07-21 11:09:09,447 fastran_driver_fastran_driver_2 DEBUG    _get_service_response(REQUEST|fastran_FPP_000001@fastran_driver@2|FRAMEWORK@Framework@0|181)
2026-07-21 11:09:09,456 rf_ic_toric_6   DEBUG    _get_service_response(REQUEST|fastran_FPP_000001@toric@6|FRAMEWORK@Framework@0|61), response = ServiceResponseMessage(sender_id=FRAMEWORK@Framework@0, receiver_id=fastran_FPP_000001@toric@6, request_msg_id=REQUEST|fastran_FPP_000001@toric@6|FRAMEWORK@Framework@0|61,status=0, args=(0,), message_id=RESPONSE|FRAMEWORK@Framework@0|fastran_FPP_000001@toric@6|2856)
2026-07-21 11:09:09,456 rf_ic_toric_6   DEBUG    _invoke_service(): getTopic  ('_IPS_MONITOR',)
2026-07-21 11:09:09,456 rf_ic_toric_6   DEBUG    _get_service_response(REQUEST|fastran_FPP_000001@toric@6|FRAMEWORK@Framework@0|62)
2026-07-21 11:09:09,467 rf_ic_toric_6   DEBUG    _get_service_response(REQUEST|fastran_FPP_000001@toric@6|FRAMEWORK@Framework@0|62), response = ServiceResponseMessage(sender_id=FRAMEWORK@Framework@0, receiver_id=fastran_FPP_000001@toric@6, request_msg_id=REQUEST|fastran_FPP_000001@toric@6|FRAMEWORK@Framework@0|62,status=0, args=(<ipsframework.cca_es_spec.Topic object at 0x7f0ad2a7f700>,), message_id=RESPONSE|FRAMEWORK@Framework@0|fastran_FPP_000001@toric@6|2858)
2026-07-21 11:09:09,467 rf_ic_toric_6   DEBUG    _invoke_service(): sendEvent  ('_IPS_MONITOR', 'PORTAL_EVENT', {'sim_name': 'fastran_FPP_000001', 'real_sim_name': 'fastran_FPP_000001', 'portal_data': {'code': 'rf_ic_toric', 'eventtype': 'IPS_STAGE_STATE', 'ok': True, 'walltime': '1258.49', 'time': '2026-07-21|11:09:09PDT', 'trace': {'timestamp': 1784657349437580, 'duration': 19242, 'localEndpoint': {'serviceName': 'stage_state'}, 'name': "['s000001.00001', 'g000001.00001']", 'id': '32793a28c0f8ba4b', 'parentId': 'f374af5a0ab47e36', 'tags': {}}, 'state': 'Running', 'comment': 'Elapsed time = 0.019  files = s000001.00001 g000001.00001 Success'}})
2026-07-21 11:09:09,467 rf_ic_toric_6   DEBUG    _get_service_response(REQUEST|fastran_FPP_000001@toric@6|FRAMEWORK@Framework@0|63)
2026-07-21 11:09:09,478 rf_ic_toric_6   DEBUG    _get_service_response(REQUEST|fastran_FPP_000001@toric@6|FRAMEWORK@Framework@0|63), response = ServiceResponseMessage(sender_id=FRAMEWORK@Framework@0, receiver_id=fastran_FPP_000001@toric@6, request_msg_id=REQUEST|fastran_FPP_000001@toric@6|FRAMEWORK@Framework@0|63,status=0, args=(None,), message_id=RESPONSE|FRAMEWORK@Framework@0|fastran_FPP_000001@toric@6|2859)
2026-07-21 11:09:09,489 rf_ic_toric_6   DEBUG    _invoke_service(): getTopic  ('_IPS_MONITOR',)
2026-07-21 11:09:09,489 rf_ic_toric_6   DEBUG    _get_service_response(REQUEST|fastran_FPP_000001@toric@6|FRAMEWORK@Framework@0|64)
2026-07-21 11:09:09,500 rf_ic_toric_6   DEBUG    _get_service_response(REQUEST|fastran_FPP_000001@toric@6|FRAMEWORK@Framework@0|64), response = ServiceResponseMessage(sender_id=FRAMEWORK@Framework@0, receiver_id=fastran_FPP_000001@toric@6, request_msg_id=REQUEST|fastran_FPP_000001@toric@6|FRAMEWORK@Framework@0|64,status=0, args=(<ipsframework.cca_es_spec.Topic object at 0x7f0ad2a7f7f0>,), message_id=RESPONSE|FRAMEWORK@Framework@0|fastran_FPP_000001@toric@6|2860)
2026-07-21 11:09:09,500 rf_ic_toric_6   DEBUG    _invoke_service(): sendEvent  ('_IPS_MONITOR', 'PORTAL_EVENT', {'sim_name': 'fastran_FPP_000001', 'real_sim_name': 'fastran_FPP_000001', 'portal_data': {'code': 'rf_ic_toric', 'eventtype': 'IPS_STAGE_INPUTS', 'ok': True, 'walltime': '1258.53', 'time': '2026-07-21|11:09:09PDT', 'trace': {'timestamp': 1784657349478147, 'duration': 11493, 'localEndpoint': {'serviceName': 'stage_input_files'}, 'name': 'machine.inp equigs_gen.ind torica.inp', 'id': 'b108389cfa22cdf4', 'parentId': 'f374af5a0ab47e36', 'tags': {}}, 'state': 'Running', 'comment': 'Elapsed time = 0.011 Path = /pscratch/sd/h/hswils/github_repos/MANTA_DBSCANS/IC+RAD+TGLF/bcfrom2024/basecase/input Files = machine.inp equigs_gen.ind torica.inp'}})
2026-07-21 11:09:09,500 rf_ic_toric_6   DEBUG    _get_service_response(REQUEST|fastran_FPP_000001@toric@6|FRAMEWORK@Framework@0|65)
2026-07-21 11:09:09,510 rf_ic_toric_6   DEBUG    _get_service_response(REQUEST|fastran_FPP_000001@toric@6|FRAMEWORK@Framework@0|65), response = ServiceResponseMessage(sender_id=FRAMEWORK@Framework@0, receiver_id=fastran_FPP_000001@toric@6, request_msg_id=REQUEST|fastran_FPP_000001@toric@6|FRAMEWORK@Framework@0|65,status=0, args=(None,), message_id=RESPONSE|FRAMEWORK@Framework@0|fastran_FPP_000001@toric@6|2861)
2026-07-21 11:09:09,771 rf_ic_toric_6   DEBUG    _invoke_service(): init_task  (TaskInit(nproc=24, binary='/global/common/software/atom/perlmutter/binaries/toric/default/Ptoric.e', working_dir='/pscratch/sd/h/hswils/github_repos/MANTA_DBSCANS/IC+RAD+TGLF/bcfrom2024/basecase/SCAN/work/rf_ic_toric_6', tppn=0, tcpp=0, tgpp=0, block=True, omp=False, wnodes=True, wsocks=True, cmd_args=()),)
2026-07-21 11:09:09,771 rf_ic_toric_6   DEBUG    _get_service_response(REQUEST|fastran_FPP_000001@toric@6|FRAMEWORK@Framework@0|66)
2026-07-21 11:09:09,783 rf_ic_toric_6   DEBUG    _get_service_response(REQUEST|fastran_FPP_000001@toric@6|FRAMEWORK@Framework@0|66), response = ServiceResponseMessage(sender_id=FRAMEWORK@Framework@0, receiver_id=fastran_FPP_000001@toric@6, request_msg_id=REQUEST|fastran_FPP_000001@toric@6|FRAMEWORK@Framework@0|66,status=0, args=((8, 'srun -N 1 -n 24 -c 5 --threads-per-core=1 --cpu-bind=cores /global/common/software/atom/perlmutter/binaries/toric/default/Ptoric.e ', None, 128),), message_id=RESPONSE|FRAMEWORK@Framework@0|fastran_FPP_000001@toric@6|2862)
2026-07-21 11:09:09,787 rf_ic_toric_6   DEBUG    Launching command : srun -N 1 -n 24 -c 5 --threads-per-core=1 --cpu-bind=cores /global/common/software/atom/perlmutter/binaries/toric/default/Ptoric.e 
2026-07-21 11:09:09,806 rf_ic_toric_6   DEBUG    _invoke_service(): getTopic  ('_IPS_MONITOR',)
2026-07-21 11:09:09,807 rf_ic_toric_6   DEBUG    _get_service_response(REQUEST|fastran_FPP_000001@toric@6|FRAMEWORK@Framework@0|67)
2026-07-21 11:09:09,818 rf_ic_toric_6   DEBUG    _get_service_response(REQUEST|fastran_FPP_000001@toric@6|FRAMEWORK@Framework@0|67), response = ServiceResponseMessage(sender_id=FRAMEWORK@Framework@0, receiver_id=fastran_FPP_000001@toric@6, request_msg_id=REQUEST|fastran_FPP_000001@toric@6|FRAMEWORK@Framework@0|67,status=0, args=(<ipsframework.cca_es_spec.Topic object at 0x7f0ad2aa1760>,), message_id=RESPONSE|FRAMEWORK@Framework@0|fastran_FPP_000001@toric@6|2863)
2026-07-21 11:09:09,818 rf_ic_toric_6   DEBUG    _invoke_service(): sendEvent  ('_IPS_MONITOR', 'PORTAL_EVENT', {'sim_name': 'fastran_FPP_000001', 'real_sim_name': 'fastran_FPP_000001', 'portal_data': {'code': 'rf_ic_toric', 'eventtype': 'IPS_LAUNCH_TASK', 'ok': True, 'walltime': '1258.84', 'time': '2026-07-21|11:09:09PDT', 'state': 'Running', 'comment': 'task_id = 8 , Tag = None , nproc = 24 , Target = srun -N 1 -n 24 -c 5 --threads-per-core=1 --cpu-bind=cores /global/common/software/atom/perlmutter/binaries/toric/default/Ptoric.e '}})
2026-07-21 11:09:09,818 rf_ic_toric_6   DEBUG    _get_service_response(REQUEST|fastran_FPP_000001@toric@6|FRAMEWORK@Framework@0|68)
2026-07-21 11:09:09,829 rf_ic_toric_6   DEBUG    _get_service_response(REQUEST|fastran_FPP_000001@toric@6|FRAMEWORK@Framework@0|68), response = ServiceResponseMessage(sender_id=FRAMEWORK@Framework@0, receiver_id=fastran_FPP_000001@toric@6, request_msg_id=REQUEST|fastran_FPP_000001@toric@6|FRAMEWORK@Framework@0|68,status=0, args=(None,), message_id=RESPONSE|FRAMEWORK@Framework@0|fastran_FPP_000001@toric@6|2864)
2026-07-21 11:15:01,939 rf_ic_toric_6   DEBUG    _invoke_service(): getTopic  ('_IPS_MONITOR',)
2026-07-21 11:15:01,939 rf_ic_toric_6   DEBUG    _get_service_response(REQUEST|fastran_FPP_000001@toric@6|FRAMEWORK@Framework@0|69)
2026-07-21 11:15:01,950 rf_ic_toric_6   DEBUG    _get_service_response(REQUEST|fastran_FPP_000001@toric@6|FRAMEWORK@Framework@0|69), response = ServiceResponseMessage(sender_id=FRAMEWORK@Framework@0, receiver_id=fastran_FPP_000001@toric@6, request_msg_id=REQUEST|fastran_FPP_000001@toric@6|FRAMEWORK@Framework@0|69,status=0, args=(<ipsframework.cca_es_spec.Topic object at 0x7f0ad2aa1820>,), message_id=RESPONSE|FRAMEWORK@Framework@0|fastran_FPP_000001@toric@6|3554)
2026-07-21 11:15:01,950 rf_ic_toric_6   DEBUG    _invoke_service(): sendEvent  ('_IPS_MONITOR', 'PORTAL_EVENT', {'sim_name': 'fastran_FPP_000001', 'real_sim_name': 'fastran_FPP_000001', 'portal_data': {'code': 'rf_ic_toric', 'eventtype': 'IPS_TASK_END', 'ok': True, 'walltime': '1610.98', 'time': '2026-07-21|11:15:01PDT', 'trace': {'timestamp': 1784657349806144, 'duration': 352133033, 'localEndpoint': {'serviceName': '/global/common/software/atom/perlmutter/binaries/toric/default/Ptoric.e'}, 'name': '', 'id': 'aaa300c1af89ab13', 'parentId': 'f374af5a0ab47e36', 'tags': {'procs_requested': '24', 'cores_allocated': '128'}}, 'state': 'Running', 'comment': 'task_id = 8  elapsed time = 352.13 S'}})
2026-07-21 11:15:01,951 rf_ic_toric_6   DEBUG    _get_service_response(REQUEST|fastran_FPP_000001@toric@6|FRAMEWORK@Framework@0|70)
2026-07-21 11:15:01,962 rf_ic_toric_6   DEBUG    _get_service_response(REQUEST|fastran_FPP_000001@toric@6|FRAMEWORK@Framework@0|70), response = ServiceResponseMessage(sender_id=FRAMEWORK@Framework@0, receiver_id=fastran_FPP_000001@toric@6, request_msg_id=REQUEST|fastran_FPP_000001@toric@6|FRAMEWORK@Framework@0|70,status=0, args=(None,), message_id=RESPONSE|FRAMEWORK@Framework@0|fastran_FPP_000001@toric@6|3555)
2026-07-21 11:15:01,962 rf_ic_toric_6   DEBUG    _invoke_service(): finish_task  (8, 0)
2026-07-21 11:15:01,962 rf_ic_toric_6   DEBUG    _get_service_response(REQUEST|fastran_FPP_000001@toric@6|FRAMEWORK@Framework@0|71)
2026-07-21 11:15:01,973 rf_ic_toric_6   DEBUG    _get_service_response(REQUEST|fastran_FPP_000001@toric@6|FRAMEWORK@Framework@0|71), response = ServiceResponseMessage(sender_id=FRAMEWORK@Framework@0, receiver_id=fastran_FPP_000001@toric@6, request_msg_id=REQUEST|fastran_FPP_000001@toric@6|FRAMEWORK@Framework@0|71,status=0, args=(0,), message_id=RESPONSE|FRAMEWORK@Framework@0|fastran_FPP_000001@toric@6|3556)
2026-07-21 11:15:02,359 rf_ic_toric_6   DEBUG    _invoke_service(): merge_current_plasma_state  ('/pscratch/sd/h/hswils/github_repos/MANTA_DBSCANS/IC+RAD+TGLF/bcfrom2024/basecase/SCAN/work/rf_ic_toric_6/RF_IC_s000001.00001', '/pscratch/sd/h/hswils/github_repos/MANTA_DBSCANS/IC+RAD+TGLF/bcfrom2024/basecase/SCAN/work/plasma_state/s000001.00001', 'log.update_state', '/global/common/software/atom/perlmutter/binaries/update-state/default/update_state')
2026-07-21 11:15:02,360 rf_ic_toric_6   DEBUG    _get_service_response(REQUEST|fastran_FPP_000001@toric@6|FRAMEWORK@Framework@0|72)
2026-07-21 11:15:02,536 rf_ic_toric_6   DEBUG    _get_service_response(REQUEST|fastran_FPP_000001@toric@6|FRAMEWORK@Framework@0|72), response = ServiceResponseMessage(sender_id=FRAMEWORK@Framework@0, receiver_id=fastran_FPP_000001@toric@6, request_msg_id=REQUEST|fastran_FPP_000001@toric@6|FRAMEWORK@Framework@0|72,status=0, args=(0,), message_id=RESPONSE|FRAMEWORK@Framework@0|fastran_FPP_000001@toric@6|3558)
2026-07-21 11:15:02,536 rf_ic_toric_6   DEBUG    _invoke_service(): getTopic  ('_IPS_MONITOR',)
2026-07-21 11:15:02,536 rf_ic_toric_6   DEBUG    _get_service_response(REQUEST|fastran_FPP_000001@toric@6|FRAMEWORK@Framework@0|73)
2026-07-21 11:15:02,546 rf_ic_toric_6   DEBUG    _get_service_response(REQUEST|fastran_FPP_000001@toric@6|FRAMEWORK@Framework@0|73), response = ServiceResponseMessage(sender_id=FRAMEWORK@Framework@0, receiver_id=fastran_FPP_000001@toric@6, request_msg_id=REQUEST|fastran_FPP_000001@toric@6|FRAMEWORK@Framework@0|73,status=0, args=(<ipsframework.cca_es_spec.Topic object at 0x7f0ad2aa1610>,), message_id=RESPONSE|FRAMEWORK@Framework@0|fastran_FPP_000001@toric@6|3559)
2026-07-21 11:15:02,547 rf_ic_toric_6   DEBUG    _invoke_service(): sendEvent  ('_IPS_MONITOR', 'PORTAL_EVENT', {'sim_name': 'fastran_FPP_000001', 'real_sim_name': 'fastran_FPP_000001', 'portal_data': {'code': 'rf_ic_toric', 'eventtype': 'IPS_MERGE_PLASMA_STATE', 'ok': True, 'walltime': '1611.57', 'time': '2026-07-21|11:15:02PDT', 'state': 'Running', 'comment': 'Success'}})
2026-07-21 11:15:02,547 rf_ic_toric_6   DEBUG    _get_service_response(REQUEST|fastran_FPP_000001@toric@6|FRAMEWORK@Framework@0|74)
2026-07-21 11:15:02,558 rf_ic_toric_6   DEBUG    _get_service_response(REQUEST|fastran_FPP_000001@toric@6|FRAMEWORK@Framework@0|74), response = ServiceResponseMessage(sender_id=FRAMEWORK@Framework@0, receiver_id=fastran_FPP_000001@toric@6, request_msg_id=REQUEST|fastran_FPP_000001@toric@6|FRAMEWORK@Framework@0|74,status=0, args=(None,), message_id=RESPONSE|FRAMEWORK@Framework@0|fastran_FPP_000001@toric@6|3560)
2026-07-21 11:15:02,690 rf_ic_toric_6   DEBUG    _invoke_service(): getTopic  ('_IPS_MONITOR',)
2026-07-21 11:15:02,690 rf_ic_toric_6   DEBUG    _get_service_response(REQUEST|fastran_FPP_000001@toric@6|FRAMEWORK@Framework@0|75)
2026-07-21 11:15:02,700 rf_ic_toric_6   DEBUG    _get_service_response(REQUEST|fastran_FPP_000001@toric@6|FRAMEWORK@Framework@0|75), response = ServiceResponseMessage(sender_id=FRAMEWORK@Framework@0, receiver_id=fastran_FPP_000001@toric@6, request_msg_id=REQUEST|fastran_FPP_000001@toric@6|FRAMEWORK@Framework@0|75,status=0, args=(<ipsframework.cca_es_spec.Topic object at 0x7f0ad2aa1670>,), message_id=RESPONSE|FRAMEWORK@Framework@0|fastran_FPP_000001@toric@6|3561)
2026-07-21 11:15:02,701 rf_ic_toric_6   DEBUG    _invoke_service(): sendEvent  ('_IPS_MONITOR', 'PORTAL_EVENT', {'sim_name': 'fastran_FPP_000001', 'real_sim_name': 'fastran_FPP_000001', 'portal_data': {'code': 'rf_ic_toric', 'eventtype': 'IPS_STAGE_OUTPUTS', 'ok': True, 'walltime': '1611.73', 'time': '2026-07-21|11:15:02PDT', 'trace': {'timestamp': 1784657702558308, 'duration': 131636, 'localEndpoint': {'serviceName': 'stage_output_files'}, 'name': "['torica.inp', 'machine.inp', 'log.toric', 'toric.nc', 'profstat.dat', 'equigs.data', 'equidt.data', 'toric_cfg.nc']", 'id': '749f5c33ef51fb56', 'parentId': 'f374af5a0ab47e36', 'tags': {}}, 'state': 'Running', 'comment': "Elapsed time = 0.132 Path = /pscratch/sd/h/hswils/github_repos/MANTA_DBSCANS/IC+RAD+TGLF/bcfrom2024/basecase/SCAN/simulation_results/3/components/rf_ic_toric_6 Files = ['torica.inp', 'machine.inp', 'log.toric', 'toric.nc', 'profstat.dat', 'equigs.data', 'equidt.data', 'toric_cfg.nc']"}})
2026-07-21 11:15:02,701 rf_ic_toric_6   DEBUG    _get_service_response(REQUEST|fastran_FPP_000001@toric@6|FRAMEWORK@Framework@0|76)
2026-07-21 11:15:02,711 rf_ic_toric_6   DEBUG    _get_service_response(REQUEST|fastran_FPP_000001@toric@6|FRAMEWORK@Framework@0|76), response = ServiceResponseMessage(sender_id=FRAMEWORK@Framework@0, receiver_id=fastran_FPP_000001@toric@6, request_msg_id=REQUEST|fastran_FPP_000001@toric@6|FRAMEWORK@Framework@0|76,status=0, args=(None,), message_id=RESPONSE|FRAMEWORK@Framework@0|fastran_FPP_000001@toric@6|3562)
2026-07-21 11:15:02,722 fastran_driver_fastran_driver_2 DEBUG    _get_service_response(REQUEST|fastran_FPP_000001@fastran_driver@2|FRAMEWORK@Framework@0|181), response = ServiceResponseMessage(sender_id=FRAMEWORK@Framework@0, receiver_id=fastran_FPP_000001@fastran_driver@2, request_msg_id=REQUEST|fastran_FPP_000001@fastran_driver@2|FRAMEWORK@Framework@0|181,status=0, args=((0,),), message_id=RESPONSE|FRAMEWORK@Framework@0|fastran_FPP_000001@fastran_driver@2|3563)
2026-07-21 11:15:02,722 fastran_driver_fastran_driver_2 DEBUG    _invoke_service(): getTopic  ('_IPS_MONITOR',)
2026-07-21 11:15:02,722 fastran_driver_fastran_driver_2 DEBUG    _get_service_response(REQUEST|fastran_FPP_000001@fastran_driver@2|FRAMEWORK@Framework@0|182)
2026-07-21 11:15:02,733 fastran_driver_fastran_driver_2 DEBUG    _get_service_response(REQUEST|fastran_FPP_000001@fastran_driver@2|FRAMEWORK@Framework@0|182), response = ServiceResponseMessage(sender_id=FRAMEWORK@Framework@0, receiver_id=fastran_FPP_000001@fastran_driver@2, request_msg_id=REQUEST|fastran_FPP_000001@fastran_driver@2|FRAMEWORK@Framework@0|182,status=0, args=(<ipsframework.cca_es_spec.Topic object at 0x7f0ad2b75ca0>,), message_id=RESPONSE|FRAMEWORK@Framework@0|fastran_FPP_000001@fastran_driver@2|3564)
2026-07-21 11:15:02,733 fastran_driver_fastran_driver_2 DEBUG    _invoke_service(): sendEvent  ('_IPS_MONITOR', 'PORTAL_EVENT', {'sim_name': 'fastran_FPP_000001', 'real_sim_name': 'fastran_FPP_000001', 'portal_data': {'code': 'fastran_driver_fastran_driver', 'eventtype': 'IPS_CALL_END', 'ok': True, 'walltime': '1611.76', 'time': '2026-07-21|11:15:02PDT', 'trace': {'timestamp': 1784657349447359, 'duration': 353275197, 'localEndpoint': {'serviceName': 'fastran_FPP_000001@toric@6'}, 'name': 'step(3)', 'id': 'f374af5a0ab47e36', 'parentId': 'f899e3e5886669ce', 'tags': {}}, 'state': 'Running', 'comment': 'Target = fastran_FPP_000001@toric@6:step(3)'}})
2026-07-21 11:15:02,733 fastran_driver_fastran_driver_2 DEBUG    _get_service_response(REQUEST|fastran_FPP_000001@fastran_driver@2|FRAMEWORK@Framework@0|183)
2026-07-21 11:15:02,744 fastran_driver_fastran_driver_2 DEBUG    _get_service_response(REQUEST|fastran_FPP_000001@fastran_driver@2|FRAMEWORK@Framework@0|183), response = ServiceResponseMessage(sender_id=FRAMEWORK@Framework@0, receiver_id=fastran_FPP_000001@fastran_driver@2, request_msg_id=REQUEST|fastran_FPP_000001@fastran_driver@2|FRAMEWORK@Framework@0|183,status=0, args=(None,), message_id=RESPONSE|FRAMEWORK@Framework@0|fastran_FPP_000001@fastran_driver@2|3565)
2026-07-21 11:15:02,744 fastran_driver_fastran_driver_2 DEBUG    _invoke_service(): getTopic  ('_IPS_MONITOR',)
2026-07-21 11:15:02,744 fastran_driver_fastran_driver_2 DEBUG    _get_service_response(REQUEST|fastran_FPP_000001@fastran_driver@2|FRAMEWORK@Framework@0|184)
2026-07-21 11:15:02,755 fastran_driver_fastran_driver_2 DEBUG    _get_service_response(REQUEST|fastran_FPP_000001@fastran_driver@2|FRAMEWORK@Framework@0|184), response = ServiceResponseMessage(sender_id=FRAMEWORK@Framework@0, receiver_id=fastran_FPP_000001@fastran_driver@2, request_msg_id=REQUEST|fastran_FPP_000001@fastran_driver@2|FRAMEWORK@Framework@0|184,status=0, args=(<ipsframework.cca_es_spec.Topic object at 0x7f0ad2b75910>,), message_id=RESPONSE|FRAMEWORK@Framework@0|fastran_FPP_000001@fastran_driver@2|3567)
2026-07-21 11:15:02,755 fastran_driver_fastran_driver_2 DEBUG    _invoke_service(): sendEvent  ('_IPS_MONITOR', 'PORTAL_EVENT', {'sim_name': 'fastran_FPP_000001', 'real_sim_name': 'fastran_FPP_000001', 'portal_data': {'code': 'fastran_driver_fastran_driver', 'eventtype': 'IPS_CALL_BEGIN', 'ok': True, 'walltime': '1611.78', 'time': '2026-07-21|11:15:02PDT', 'state': 'Running', 'comment': 'Target = fastran_FPP_000001@efit@7:step(3)'}})
2026-07-21 11:15:02,755 fastran_driver_fastran_driver_2 DEBUG    _get_service_response(REQUEST|fastran_FPP_000001@fastran_driver@2|FRAMEWORK@Framework@0|185)
2026-07-21 11:15:02,766 fastran_driver_fastran_driver_2 DEBUG    _get_service_response(REQUEST|fastran_FPP_000001@fastran_driver@2|FRAMEWORK@Framework@0|185), response = ServiceResponseMessage(sender_id=FRAMEWORK@Framework@0, receiver_id=fastran_FPP_000001@fastran_driver@2, request_msg_id=REQUEST|fastran_FPP_000001@fastran_driver@2|FRAMEWORK@Framework@0|185,status=0, args=(None,), message_id=RESPONSE|FRAMEWORK@Framework@0|fastran_FPP_000001@fastran_driver@2|3568)
2026-07-21 11:15:02,766 fastran_driver_fastran_driver_2 DEBUG    _invoke_service(): init_call  ('step', 3)
2026-07-21 11:15:02,766 fastran_driver_fastran_driver_2 DEBUG    _get_service_response(REQUEST|fastran_FPP_000001@fastran_driver@2|FRAMEWORK@Framework@0|186)
2026-07-21 11:15:02,767 fastran_eq_efit_7 DEBUG    Received Message 
2026-07-21 11:15:02,767 fastran_eq_efit_7 DEBUG    Calling method step(3)
2026-07-21 11:15:02,767 fastran_eq_efit_7 DEBUG    _invoke_service(): stage_state  (['s000001.00001', 'g000001.00001', 'i000001.00001'], '/pscratch/sd/h/hswils/github_repos/MANTA_DBSCANS/IC+RAD+TGLF/bcfrom2024/basecase/SCAN/work/plasma_state', '/pscratch/sd/h/hswils/github_repos/MANTA_DBSCANS/IC+RAD+TGLF/bcfrom2024/basecase/SCAN/work/fastran_eq_efit_7')
2026-07-21 11:15:02,768 fastran_eq_efit_7 DEBUG    _get_service_response(REQUEST|fastran_FPP_000001@efit@7|FRAMEWORK@Framework@0|24)
2026-07-21 11:15:02,777 fastran_driver_fastran_driver_2 DEBUG    _get_service_response(REQUEST|fastran_FPP_000001@fastran_driver@2|FRAMEWORK@Framework@0|186), response = ServiceResponseMessage(sender_id=FRAMEWORK@Framework@0, receiver_id=fastran_FPP_000001@fastran_driver@2, request_msg_id=REQUEST|fastran_FPP_000001@fastran_driver@2|FRAMEWORK@Framework@0|186,status=0, args=(33,), message_id=RESPONSE|FRAMEWORK@Framework@0|fastran_FPP_000001@fastran_driver@2|3569)
2026-07-21 11:15:02,777 fastran_driver_fastran_driver_2 DEBUG    _invoke_service(): wait_call  (33, True)
2026-07-21 11:15:02,777 fastran_driver_fastran_driver_2 DEBUG    _get_service_response(REQUEST|fastran_FPP_000001@fastran_driver@2|FRAMEWORK@Framework@0|187)
2026-07-21 11:15:02,788 fastran_eq_efit_7 DEBUG    _get_service_response(REQUEST|fastran_FPP_000001@efit@7|FRAMEWORK@Framework@0|24), response = ServiceResponseMessage(sender_id=FRAMEWORK@Framework@0, receiver_id=fastran_FPP_000001@efit@7, request_msg_id=REQUEST|fastran_FPP_000001@efit@7|FRAMEWORK@Framework@0|24,status=0, args=(0,), message_id=RESPONSE|FRAMEWORK@Framework@0|fastran_FPP_000001@efit@7|3570)
2026-07-21 11:15:02,788 fastran_eq_efit_7 DEBUG    _invoke_service(): getTopic  ('_IPS_MONITOR',)
2026-07-21 11:15:02,788 fastran_eq_efit_7 DEBUG    _get_service_response(REQUEST|fastran_FPP_000001@efit@7|FRAMEWORK@Framework@0|25)
2026-07-21 11:15:02,798 fastran_eq_efit_7 DEBUG    _get_service_response(REQUEST|fastran_FPP_000001@efit@7|FRAMEWORK@Framework@0|25), response = ServiceResponseMessage(sender_id=FRAMEWORK@Framework@0, receiver_id=fastran_FPP_000001@efit@7, request_msg_id=REQUEST|fastran_FPP_000001@efit@7|FRAMEWORK@Framework@0|25,status=0, args=(<ipsframework.cca_es_spec.Topic object at 0x7f0ad2b1f280>,), message_id=RESPONSE|FRAMEWORK@Framework@0|fastran_FPP_000001@efit@7|3571)
2026-07-21 11:15:02,798 fastran_eq_efit_7 DEBUG    _invoke_service(): sendEvent  ('_IPS_MONITOR', 'PORTAL_EVENT', {'sim_name': 'fastran_FPP_000001', 'real_sim_name': 'fastran_FPP_000001', 'portal_data': {'code': 'fastran_eq_efit', 'eventtype': 'IPS_STAGE_STATE', 'ok': True, 'walltime': '1611.82', 'time': '2026-07-21|11:15:02PDT', 'trace': {'timestamp': 1784657702767782, 'duration': 20365, 'localEndpoint': {'serviceName': 'stage_state'}, 'name': "['s000001.00001', 'g000001.00001', 'i000001.00001']", 'id': '71885aecf25d7412', 'parentId': '1317b13b8666eb0a', 'tags': {}}, 'state': 'Running', 'comment': 'Elapsed time = 0.020  files = s000001.00001 g000001.00001 i000001.00001 Success'}})
2026-07-21 11:15:02,798 fastran_eq_efit_7 DEBUG    _get_service_response(REQUEST|fastran_FPP_000001@efit@7|FRAMEWORK@Framework@0|26)
2026-07-21 11:15:02,809 fastran_eq_efit_7 DEBUG    _get_service_response(REQUEST|fastran_FPP_000001@efit@7|FRAMEWORK@Framework@0|26), response = ServiceResponseMessage(sender_id=FRAMEWORK@Framework@0, receiver_id=fastran_FPP_000001@efit@7, request_msg_id=REQUEST|fastran_FPP_000001@efit@7|FRAMEWORK@Framework@0|26,status=0, args=(None,), message_id=RESPONSE|FRAMEWORK@Framework@0|fastran_FPP_000001@efit@7|3572)
2026-07-21 11:15:05,550 fastran_eq_efit_7 DEBUG    _invoke_service(): update_state  (['s000001.00001', 'g000001.00001', 'i000001.00001'], '/pscratch/sd/h/hswils/github_repos/MANTA_DBSCANS/IC+RAD+TGLF/bcfrom2024/basecase/SCAN/work/fastran_eq_efit_7', '/pscratch/sd/h/hswils/github_repos/MANTA_DBSCANS/IC+RAD+TGLF/bcfrom2024/basecase/SCAN/work/plasma_state')
2026-07-21 11:15:05,551 fastran_eq_efit_7 DEBUG    _get_service_response(REQUEST|fastran_FPP_000001@efit@7|FRAMEWORK@Framework@0|27)
2026-07-21 11:15:05,572 fastran_eq_efit_7 DEBUG    _get_service_response(REQUEST|fastran_FPP_000001@efit@7|FRAMEWORK@Framework@0|27), response = ServiceResponseMessage(sender_id=FRAMEWORK@Framework@0, receiver_id=fastran_FPP_000001@efit@7, request_msg_id=REQUEST|fastran_FPP_000001@efit@7|FRAMEWORK@Framework@0|27,status=0, args=(0,), message_id=RESPONSE|FRAMEWORK@Framework@0|fastran_FPP_000001@efit@7|3578)
2026-07-21 11:15:05,572 fastran_eq_efit_7 DEBUG    _invoke_service(): getTopic  ('_IPS_MONITOR',)
2026-07-21 11:15:05,572 fastran_eq_efit_7 DEBUG    _get_service_response(REQUEST|fastran_FPP_000001@efit@7|FRAMEWORK@Framework@0|28)
2026-07-21 11:15:05,583 fastran_eq_efit_7 DEBUG    _get_service_response(REQUEST|fastran_FPP_000001@efit@7|FRAMEWORK@Framework@0|28), response = ServiceResponseMessage(sender_id=FRAMEWORK@Framework@0, receiver_id=fastran_FPP_000001@efit@7, request_msg_id=REQUEST|fastran_FPP_000001@efit@7|FRAMEWORK@Framework@0|28,status=0, args=(<ipsframework.cca_es_spec.Topic object at 0x7f0ad2b3d490>,), message_id=RESPONSE|FRAMEWORK@Framework@0|fastran_FPP_000001@efit@7|3579)
2026-07-21 11:15:05,583 fastran_eq_efit_7 DEBUG    _invoke_service(): sendEvent  ('_IPS_MONITOR', 'PORTAL_EVENT', {'sim_name': 'fastran_FPP_000001', 'real_sim_name': 'fastran_FPP_000001', 'portal_data': {'code': 'fastran_eq_efit', 'eventtype': 'IPS_UPDATE_STATE', 'ok': True, 'walltime': '1614.61', 'time': '2026-07-21|11:15:05PDT', 'trace': {'timestamp': 1784657705550529, 'duration': 22105, 'localEndpoint': {'serviceName': 'update_state'}, 'name': "['s000001.00001', 'g000001.00001', 'i000001.00001']", 'id': '7629e189a66153c0', 'parentId': '1317b13b8666eb0a', 'tags': {}}, 'state': 'Running', 'comment': 'Elapsed time = 0.022   files = s000001.00001 g000001.00001 i000001.00001 Success'}})
2026-07-21 11:15:05,583 fastran_eq_efit_7 DEBUG    _get_service_response(REQUEST|fastran_FPP_000001@efit@7|FRAMEWORK@Framework@0|29)
2026-07-21 11:15:05,594 fastran_eq_efit_7 DEBUG    _get_service_response(REQUEST|fastran_FPP_000001@efit@7|FRAMEWORK@Framework@0|29), response = ServiceResponseMessage(sender_id=FRAMEWORK@Framework@0, receiver_id=fastran_FPP_000001@efit@7, request_msg_id=REQUEST|fastran_FPP_000001@efit@7|FRAMEWORK@Framework@0|29,status=0, args=(None,), message_id=RESPONSE|FRAMEWORK@Framework@0|fastran_FPP_000001@efit@7|3580)
2026-07-21 11:15:05,621 fastran_eq_efit_7 DEBUG    _invoke_service(): getTopic  ('_IPS_MONITOR',)
2026-07-21 11:15:05,621 fastran_eq_efit_7 DEBUG    _get_service_response(REQUEST|fastran_FPP_000001@efit@7|FRAMEWORK@Framework@0|30)
2026-07-21 11:15:05,632 fastran_eq_efit_7 DEBUG    _get_service_response(REQUEST|fastran_FPP_000001@efit@7|FRAMEWORK@Framework@0|30), response = ServiceResponseMessage(sender_id=FRAMEWORK@Framework@0, receiver_id=fastran_FPP_000001@efit@7, request_msg_id=REQUEST|fastran_FPP_000001@efit@7|FRAMEWORK@Framework@0|30,status=0, args=(<ipsframework.cca_es_spec.Topic object at 0x7f0ad2b3d310>,), message_id=RESPONSE|FRAMEWORK@Framework@0|fastran_FPP_000001@efit@7|3581)
2026-07-21 11:15:05,632 fastran_eq_efit_7 DEBUG    _invoke_service(): sendEvent  ('_IPS_MONITOR', 'PORTAL_EVENT', {'sim_name': 'fastran_FPP_000001', 'real_sim_name': 'fastran_FPP_000001', 'portal_data': {'code': 'fastran_eq_efit', 'eventtype': 'IPS_STAGE_OUTPUTS', 'ok': True, 'walltime': '1614.66', 'time': '2026-07-21|11:15:05PDT', 'trace': {'timestamp': 1784657705594211, 'duration': 27466, 'localEndpoint': {'serviceName': 'stage_output_files'}, 'name': "['g*.*', 'a*.*', 'm*.*', 'k*.*', 'efit.log', 's*.*']", 'id': '80725d8eee5776f1', 'parentId': '1317b13b8666eb0a', 'tags': {}}, 'state': 'Running', 'comment': "Elapsed time = 0.027 Path = /pscratch/sd/h/hswils/github_repos/MANTA_DBSCANS/IC+RAD+TGLF/bcfrom2024/basecase/SCAN/simulation_results/3/components/fastran_eq_efit_7 Files = ['g*.*', 'a*.*', 'm*.*', 'k*.*', 'efit.log', 's*.*']"}})
2026-07-21 11:15:05,632 fastran_eq_efit_7 DEBUG    _get_service_response(REQUEST|fastran_FPP_000001@efit@7|FRAMEWORK@Framework@0|31)
2026-07-21 11:15:05,642 fastran_eq_efit_7 DEBUG    _get_service_response(REQUEST|fastran_FPP_000001@efit@7|FRAMEWORK@Framework@0|31), response = ServiceResponseMessage(sender_id=FRAMEWORK@Framework@0, receiver_id=fastran_FPP_000001@efit@7, request_msg_id=REQUEST|fastran_FPP_000001@efit@7|FRAMEWORK@Framework@0|31,status=0, args=(None,), message_id=RESPONSE|FRAMEWORK@Framework@0|fastran_FPP_000001@efit@7|3582)
2026-07-21 11:15:05,654 fastran_driver_fastran_driver_2 DEBUG    _get_service_response(REQUEST|fastran_FPP_000001@fastran_driver@2|FRAMEWORK@Framework@0|187), response = ServiceResponseMessage(sender_id=FRAMEWORK@Framework@0, receiver_id=fastran_FPP_000001@fastran_driver@2, request_msg_id=REQUEST|fastran_FPP_000001@fastran_driver@2|FRAMEWORK@Framework@0|187,status=0, args=((None,),), message_id=RESPONSE|FRAMEWORK@Framework@0|fastran_FPP_000001@fastran_driver@2|3583)
2026-07-21 11:15:05,654 fastran_driver_fastran_driver_2 DEBUG    _invoke_service(): getTopic  ('_IPS_MONITOR',)
2026-07-21 11:15:05,655 fastran_driver_fastran_driver_2 DEBUG    _get_service_response(REQUEST|fastran_FPP_000001@fastran_driver@2|FRAMEWORK@Framework@0|188)
2026-07-21 11:15:05,665 fastran_driver_fastran_driver_2 DEBUG    _get_service_response(REQUEST|fastran_FPP_000001@fastran_driver@2|FRAMEWORK@Framework@0|188), response = ServiceResponseMessage(sender_id=FRAMEWORK@Framework@0, receiver_id=fastran_FPP_000001@fastran_driver@2, request_msg_id=REQUEST|fastran_FPP_000001@fastran_driver@2|FRAMEWORK@Framework@0|188,status=0, args=(<ipsframework.cca_es_spec.Topic object at 0x7f0ad2b75c70>,), message_id=RESPONSE|FRAMEWORK@Framework@0|fastran_FPP_000001@fastran_driver@2|3584)
2026-07-21 11:15:05,665 fastran_driver_fastran_driver_2 DEBUG    _invoke_service(): sendEvent  ('_IPS_MONITOR', 'PORTAL_EVENT', {'sim_name': 'fastran_FPP_000001', 'real_sim_name': 'fastran_FPP_000001', 'portal_data': {'code': 'fastran_driver_fastran_driver', 'eventtype': 'IPS_CALL_END', 'ok': True, 'walltime': '1614.69', 'time': '2026-07-21|11:15:05PDT', 'trace': {'timestamp': 1784657702777665, 'duration': 2877193, 'localEndpoint': {'serviceName': 'fastran_FPP_000001@efit@7'}, 'name': 'step(3)', 'id': '1317b13b8666eb0a', 'parentId': 'f899e3e5886669ce', 'tags': {}}, 'state': 'Running', 'comment': 'Target = fastran_FPP_000001@efit@7:step(3)'}})
2026-07-21 11:15:05,665 fastran_driver_fastran_driver_2 DEBUG    _get_service_response(REQUEST|fastran_FPP_000001@fastran_driver@2|FRAMEWORK@Framework@0|189)
2026-07-21 11:15:05,676 fastran_driver_fastran_driver_2 DEBUG    _get_service_response(REQUEST|fastran_FPP_000001@fastran_driver@2|FRAMEWORK@Framework@0|189), response = ServiceResponseMessage(sender_id=FRAMEWORK@Framework@0, receiver_id=fastran_FPP_000001@fastran_driver@2, request_msg_id=REQUEST|fastran_FPP_000001@fastran_driver@2|FRAMEWORK@Framework@0|189,status=0, args=(None,), message_id=RESPONSE|FRAMEWORK@Framework@0|fastran_FPP_000001@fastran_driver@2|3585)
2026-07-21 11:15:05,676 fastran_driver_fastran_driver_2 DEBUG    _invoke_service(): getTopic  ('_IPS_MONITOR',)
2026-07-21 11:15:05,676 fastran_driver_fastran_driver_2 DEBUG    _get_service_response(REQUEST|fastran_FPP_000001@fastran_driver@2|FRAMEWORK@Framework@0|190)
2026-07-21 11:15:05,687 fastran_driver_fastran_driver_2 DEBUG    _get_service_response(REQUEST|fastran_FPP_000001@fastran_driver@2|FRAMEWORK@Framework@0|190), response = ServiceResponseMessage(sender_id=FRAMEWORK@Framework@0, receiver_id=fastran_FPP_000001@fastran_driver@2, request_msg_id=REQUEST|fastran_FPP_000001@fastran_driver@2|FRAMEWORK@Framework@0|190,status=0, args=(<ipsframework.cca_es_spec.Topic object at 0x7f0ad2b75ca0>,), message_id=RESPONSE|FRAMEWORK@Framework@0|fastran_FPP_000001@fastran_driver@2|3586)
2026-07-21 11:15:05,687 fastran_driver_fastran_driver_2 DEBUG    _invoke_service(): sendEvent  ('_IPS_MONITOR', 'PORTAL_EVENT', {'sim_name': 'fastran_FPP_000001', 'real_sim_name': 'fastran_FPP_000001', 'portal_data': {'code': 'fastran_driver_fastran_driver', 'eventtype': 'IPS_CALL_BEGIN', 'ok': True, 'walltime': '1614.71', 'time': '2026-07-21|11:15:05PDT', 'state': 'Running', 'comment': 'Target = fastran_FPP_000001@fastran@8:step(3)'}})
2026-07-21 11:15:05,687 fastran_driver_fastran_driver_2 DEBUG    _get_service_response(REQUEST|fastran_FPP_000001@fastran_driver@2|FRAMEWORK@Framework@0|191)
2026-07-21 11:15:05,698 fastran_driver_fastran_driver_2 DEBUG    _get_service_response(REQUEST|fastran_FPP_000001@fastran_driver@2|FRAMEWORK@Framework@0|191), response = ServiceResponseMessage(sender_id=FRAMEWORK@Framework@0, receiver_id=fastran_FPP_000001@fastran_driver@2, request_msg_id=REQUEST|fastran_FPP_000001@fastran_driver@2|FRAMEWORK@Framework@0|191,status=0, args=(None,), message_id=RESPONSE|FRAMEWORK@Framework@0|fastran_FPP_000001@fastran_driver@2|3587)
2026-07-21 11:15:05,698 fastran_driver_fastran_driver_2 DEBUG    _invoke_service(): init_call  ('step', 3)
2026-07-21 11:15:05,698 fastran_driver_fastran_driver_2 DEBUG    _get_service_response(REQUEST|fastran_FPP_000001@fastran_driver@2|FRAMEWORK@Framework@0|192)
2026-07-21 11:15:05,699 fastran_tr_fastran_8 DEBUG    Received Message 
2026-07-21 11:15:05,699 fastran_tr_fastran_8 DEBUG    Calling method step(3)
2026-07-21 11:15:05,700 fastran_tr_fastran_8 DEBUG    _invoke_service(): stage_state  (['s000001.00001', 'g000001.00001', 'i000001.00001'], '/pscratch/sd/h/hswils/github_repos/MANTA_DBSCANS/IC+RAD+TGLF/bcfrom2024/basecase/SCAN/work/plasma_state', '/pscratch/sd/h/hswils/github_repos/MANTA_DBSCANS/IC+RAD+TGLF/bcfrom2024/basecase/SCAN/work/fastran_tr_fastran_8')
2026-07-21 11:15:05,700 fastran_tr_fastran_8 DEBUG    _get_service_response(REQUEST|fastran_FPP_000001@fastran@8|FRAMEWORK@Framework@0|48)
2026-07-21 11:15:05,709 fastran_driver_fastran_driver_2 DEBUG    _get_service_response(REQUEST|fastran_FPP_000001@fastran_driver@2|FRAMEWORK@Framework@0|192), response = ServiceResponseMessage(sender_id=FRAMEWORK@Framework@0, receiver_id=fastran_FPP_000001@fastran_driver@2, request_msg_id=REQUEST|fastran_FPP_000001@fastran_driver@2|FRAMEWORK@Framework@0|192,status=0, args=(34,), message_id=RESPONSE|FRAMEWORK@Framework@0|fastran_FPP_000001@fastran_driver@2|3588)
2026-07-21 11:15:05,709 fastran_driver_fastran_driver_2 DEBUG    _invoke_service(): wait_call  (34, True)
2026-07-21 11:15:05,709 fastran_driver_fastran_driver_2 DEBUG    _get_service_response(REQUEST|fastran_FPP_000001@fastran_driver@2|FRAMEWORK@Framework@0|193)
2026-07-21 11:15:05,721 fastran_tr_fastran_8 DEBUG    _get_service_response(REQUEST|fastran_FPP_000001@fastran@8|FRAMEWORK@Framework@0|48), response = ServiceResponseMessage(sender_id=FRAMEWORK@Framework@0, receiver_id=fastran_FPP_000001@fastran@8, request_msg_id=REQUEST|fastran_FPP_000001@fastran@8|FRAMEWORK@Framework@0|48,status=0, args=(0,), message_id=RESPONSE|FRAMEWORK@Framework@0|fastran_FPP_000001@fastran@8|3589)
2026-07-21 11:15:05,721 fastran_tr_fastran_8 DEBUG    _invoke_service(): getTopic  ('_IPS_MONITOR',)
2026-07-21 11:15:05,721 fastran_tr_fastran_8 DEBUG    _get_service_response(REQUEST|fastran_FPP_000001@fastran@8|FRAMEWORK@Framework@0|49)
2026-07-21 11:15:05,731 fastran_tr_fastran_8 DEBUG    _get_service_response(REQUEST|fastran_FPP_000001@fastran@8|FRAMEWORK@Framework@0|49), response = ServiceResponseMessage(sender_id=FRAMEWORK@Framework@0, receiver_id=fastran_FPP_000001@fastran@8, request_msg_id=REQUEST|fastran_FPP_000001@fastran@8|FRAMEWORK@Framework@0|49,status=0, args=(<ipsframework.cca_es_spec.Topic object at 0x7f0ad2a6b4c0>,), message_id=RESPONSE|FRAMEWORK@Framework@0|fastran_FPP_000001@fastran@8|3590)
2026-07-21 11:15:05,732 fastran_tr_fastran_8 DEBUG    _invoke_service(): sendEvent  ('_IPS_MONITOR', 'PORTAL_EVENT', {'sim_name': 'fastran_FPP_000001', 'real_sim_name': 'fastran_FPP_000001', 'portal_data': {'code': 'fastran_tr_fastran', 'eventtype': 'IPS_STAGE_STATE', 'ok': True, 'walltime': '1614.76', 'time': '2026-07-21|11:15:05PDT', 'trace': {'timestamp': 1784657705700110, 'duration': 21220, 'localEndpoint': {'serviceName': 'stage_state'}, 'name': "['s000001.00001', 'g000001.00001', 'i000001.00001']", 'id': '71885aecf25d7412', 'parentId': '013a85ae9ab26b7c', 'tags': {}}, 'state': 'Running', 'comment': 'Elapsed time = 0.021  files = s000001.00001 g000001.00001 i000001.00001 Success'}})
2026-07-21 11:15:05,732 fastran_tr_fastran_8 DEBUG    _get_service_response(REQUEST|fastran_FPP_000001@fastran@8|FRAMEWORK@Framework@0|50)
2026-07-21 11:15:05,742 fastran_tr_fastran_8 DEBUG    _get_service_response(REQUEST|fastran_FPP_000001@fastran@8|FRAMEWORK@Framework@0|50), response = ServiceResponseMessage(sender_id=FRAMEWORK@Framework@0, receiver_id=fastran_FPP_000001@fastran@8, request_msg_id=REQUEST|fastran_FPP_000001@fastran@8|FRAMEWORK@Framework@0|50,status=0, args=(None,), message_id=RESPONSE|FRAMEWORK@Framework@0|fastran_FPP_000001@fastran@8|3591)
2026-07-21 11:15:05,750 fastran_tr_fastran_8 DEBUG    _invoke_service(): getTopic  ('_IPS_MONITOR',)
2026-07-21 11:15:05,750 fastran_tr_fastran_8 DEBUG    _get_service_response(REQUEST|fastran_FPP_000001@fastran@8|FRAMEWORK@Framework@0|51)
2026-07-21 11:15:05,761 fastran_tr_fastran_8 DEBUG    _get_service_response(REQUEST|fastran_FPP_000001@fastran@8|FRAMEWORK@Framework@0|51), response = ServiceResponseMessage(sender_id=FRAMEWORK@Framework@0, receiver_id=fastran_FPP_000001@fastran@8, request_msg_id=REQUEST|fastran_FPP_000001@fastran@8|FRAMEWORK@Framework@0|51,status=0, args=(<ipsframework.cca_es_spec.Topic object at 0x7f0ad2b2bc40>,), message_id=RESPONSE|FRAMEWORK@Framework@0|fastran_FPP_000001@fastran@8|3592)
2026-07-21 11:15:05,761 fastran_tr_fastran_8 DEBUG    _invoke_service(): sendEvent  ('_IPS_MONITOR', 'PORTAL_EVENT', {'sim_name': 'fastran_FPP_000001', 'real_sim_name': 'fastran_FPP_000001', 'portal_data': {'code': 'fastran_tr_fastran', 'eventtype': 'IPS_STAGE_INPUTS', 'ok': True, 'walltime': '1614.79', 'time': '2026-07-21|11:15:05PDT', 'trace': {'timestamp': 1784657705742987, 'duration': 7739, 'localEndpoint': {'serviceName': 'stage_input_files'}, 'name': 'infastran intglf', 'id': '5ff6e2efe4653e6c', 'parentId': '013a85ae9ab26b7c', 'tags': {}}, 'state': 'Running', 'comment': 'Elapsed time = 0.008 Path = /pscratch/sd/h/hswils/github_repos/MANTA_DBSCANS/IC+RAD+TGLF/bcfrom2024/basecase/input Files = infastran intglf'}})
2026-07-21 11:15:05,761 fastran_tr_fastran_8 DEBUG    _get_service_response(REQUEST|fastran_FPP_000001@fastran@8|FRAMEWORK@Framework@0|52)
2026-07-21 11:15:05,771 fastran_tr_fastran_8 DEBUG    _get_service_response(REQUEST|fastran_FPP_000001@fastran@8|FRAMEWORK@Framework@0|52), response = ServiceResponseMessage(sender_id=FRAMEWORK@Framework@0, receiver_id=fastran_FPP_000001@fastran@8, request_msg_id=REQUEST|fastran_FPP_000001@fastran@8|FRAMEWORK@Framework@0|52,status=0, args=(None,), message_id=RESPONSE|FRAMEWORK@Framework@0|fastran_FPP_000001@fastran@8|3593)
2026-07-21 11:15:06,093 fastran_tr_fastran_8 DEBUG    _invoke_service(): init_task  (TaskInit(nproc=126, binary='/global/common/software/atom/perlmutter/binaries/fastran/default/xfastran_ver1.07', working_dir='/pscratch/sd/h/hswils/github_repos/MANTA_DBSCANS/IC+RAD+TGLF/bcfrom2024/basecase/SCAN/work/fastran_tr_fastran_8', tppn=0, tcpp=0, tgpp=0, block=True, omp=False, wnodes=True, wsocks=True, cmd_args=('6', '21')),)
2026-07-21 11:15:06,093 fastran_tr_fastran_8 DEBUG    _get_service_response(REQUEST|fastran_FPP_000001@fastran@8|FRAMEWORK@Framework@0|53)
2026-07-21 11:15:06,104 fastran_tr_fastran_8 DEBUG    _get_service_response(REQUEST|fastran_FPP_000001@fastran@8|FRAMEWORK@Framework@0|53), response = ServiceResponseMessage(sender_id=FRAMEWORK@Framework@0, receiver_id=fastran_FPP_000001@fastran@8, request_msg_id=REQUEST|fastran_FPP_000001@fastran@8|FRAMEWORK@Framework@0|53,status=0, args=((9, 'srun -N 1 -n 126 -c 1 --threads-per-core=1 --cpu-bind=cores /global/common/software/atom/perlmutter/binaries/fastran/default/xfastran_ver1.07 6 21', None, 128),), message_id=RESPONSE|FRAMEWORK@Framework@0|fastran_FPP_000001@fastran@8|3595)
2026-07-21 11:15:06,106 fastran_tr_fastran_8 DEBUG    Launching command : srun -N 1 -n 126 -c 1 --threads-per-core=1 --cpu-bind=cores /global/common/software/atom/perlmutter/binaries/fastran/default/xfastran_ver1.07 6 21
2026-07-21 11:15:06,137 fastran_tr_fastran_8 DEBUG    _invoke_service(): getTopic  ('_IPS_MONITOR',)
2026-07-21 11:15:06,137 fastran_tr_fastran_8 DEBUG    _get_service_response(REQUEST|fastran_FPP_000001@fastran@8|FRAMEWORK@Framework@0|54)
2026-07-21 11:15:06,148 fastran_tr_fastran_8 DEBUG    _get_service_response(REQUEST|fastran_FPP_000001@fastran@8|FRAMEWORK@Framework@0|54), response = ServiceResponseMessage(sender_id=FRAMEWORK@Framework@0, receiver_id=fastran_FPP_000001@fastran@8, request_msg_id=REQUEST|fastran_FPP_000001@fastran@8|FRAMEWORK@Framework@0|54,status=0, args=(<ipsframework.cca_es_spec.Topic object at 0x7f0ad2b2bb20>,), message_id=RESPONSE|FRAMEWORK@Framework@0|fastran_FPP_000001@fastran@8|3596)
2026-07-21 11:15:06,148 fastran_tr_fastran_8 DEBUG    _invoke_service(): sendEvent  ('_IPS_MONITOR', 'PORTAL_EVENT', {'sim_name': 'fastran_FPP_000001', 'real_sim_name': 'fastran_FPP_000001', 'portal_data': {'code': 'fastran_tr_fastran', 'eventtype': 'IPS_LAUNCH_TASK', 'ok': True, 'walltime': '1615.17', 'time': '2026-07-21|11:15:06PDT', 'state': 'Running', 'comment': 'task_id = 9 , Tag = None , nproc = 126 , Target = srun -N 1 -n 126 -c 1 --threads-per-core=1 --cpu-bind=cores /global/common/software/atom/perlmutter/binaries/fastran/default/xfastran_ver1.07 6 21'}})
2026-07-21 11:15:06,148 fastran_tr_fastran_8 DEBUG    _get_service_response(REQUEST|fastran_FPP_000001@fastran@8|FRAMEWORK@Framework@0|55)
2026-07-21 11:15:06,159 fastran_tr_fastran_8 DEBUG    _get_service_response(REQUEST|fastran_FPP_000001@fastran@8|FRAMEWORK@Framework@0|55), response = ServiceResponseMessage(sender_id=FRAMEWORK@Framework@0, receiver_id=fastran_FPP_000001@fastran@8, request_msg_id=REQUEST|fastran_FPP_000001@fastran@8|FRAMEWORK@Framework@0|55,status=0, args=(None,), message_id=RESPONSE|FRAMEWORK@Framework@0|fastran_FPP_000001@fastran@8|3597)
2026-07-21 11:16:02,287 fastran_tr_fastran_8 DEBUG    _invoke_service(): getTopic  ('_IPS_MONITOR',)
2026-07-21 11:16:02,288 fastran_tr_fastran_8 DEBUG    _get_service_response(REQUEST|fastran_FPP_000001@fastran@8|FRAMEWORK@Framework@0|56)
2026-07-21 11:16:02,298 fastran_tr_fastran_8 DEBUG    _get_service_response(REQUEST|fastran_FPP_000001@fastran@8|FRAMEWORK@Framework@0|56), response = ServiceResponseMessage(sender_id=FRAMEWORK@Framework@0, receiver_id=fastran_FPP_000001@fastran@8, request_msg_id=REQUEST|fastran_FPP_000001@fastran@8|FRAMEWORK@Framework@0|56,status=0, args=(<ipsframework.cca_es_spec.Topic object at 0x7f0ad2b2ba30>,), message_id=RESPONSE|FRAMEWORK@Framework@0|fastran_FPP_000001@fastran@8|3708)
2026-07-21 11:16:02,299 fastran_tr_fastran_8 DEBUG    _invoke_service(): sendEvent  ('_IPS_MONITOR', 'PORTAL_EVENT', {'sim_name': 'fastran_FPP_000001', 'real_sim_name': 'fastran_FPP_000001', 'portal_data': {'code': 'fastran_tr_fastran', 'eventtype': 'IPS_TASK_END', 'ok': True, 'walltime': '1671.32', 'time': '2026-07-21|11:16:02PDT', 'trace': {'timestamp': 1784657706137054, 'duration': 56150423, 'localEndpoint': {'serviceName': '/global/common/software/atom/perlmutter/binaries/fastran/default/xfastran_ver1.07'}, 'name': '6 21', 'id': 'ad0cfcca51c066f5', 'parentId': '013a85ae9ab26b7c', 'tags': {'procs_requested': '126', 'cores_allocated': '128'}}, 'state': 'Running', 'comment': 'task_id = 9  elapsed time = 56.15 S'}})
2026-07-21 11:16:02,299 fastran_tr_fastran_8 DEBUG    _get_service_response(REQUEST|fastran_FPP_000001@fastran@8|FRAMEWORK@Framework@0|57)
2026-07-21 11:16:02,310 fastran_tr_fastran_8 DEBUG    _get_service_response(REQUEST|fastran_FPP_000001@fastran@8|FRAMEWORK@Framework@0|57), response = ServiceResponseMessage(sender_id=FRAMEWORK@Framework@0, receiver_id=fastran_FPP_000001@fastran@8, request_msg_id=REQUEST|fastran_FPP_000001@fastran@8|FRAMEWORK@Framework@0|57,status=0, args=(None,), message_id=RESPONSE|FRAMEWORK@Framework@0|fastran_FPP_000001@fastran@8|3709)
2026-07-21 11:16:02,310 fastran_tr_fastran_8 DEBUG    _invoke_service(): finish_task  (9, 0)
2026-07-21 11:16:02,310 fastran_tr_fastran_8 DEBUG    _get_service_response(REQUEST|fastran_FPP_000001@fastran@8|FRAMEWORK@Framework@0|58)
2026-07-21 11:16:02,321 fastran_tr_fastran_8 DEBUG    _get_service_response(REQUEST|fastran_FPP_000001@fastran@8|FRAMEWORK@Framework@0|58), response = ServiceResponseMessage(sender_id=FRAMEWORK@Framework@0, receiver_id=fastran_FPP_000001@fastran@8, request_msg_id=REQUEST|fastran_FPP_000001@fastran@8|FRAMEWORK@Framework@0|58,status=0, args=(0,), message_id=RESPONSE|FRAMEWORK@Framework@0|fastran_FPP_000001@fastran@8|3710)
2026-07-21 11:16:02,719 fastran_tr_fastran_8 DEBUG    _invoke_service(): update_state  (['s000001.00001', 'g000001.00001', 'i000001.00001'], '/pscratch/sd/h/hswils/github_repos/MANTA_DBSCANS/IC+RAD+TGLF/bcfrom2024/basecase/SCAN/work/fastran_tr_fastran_8', '/pscratch/sd/h/hswils/github_repos/MANTA_DBSCANS/IC+RAD+TGLF/bcfrom2024/basecase/SCAN/work/plasma_state')
2026-07-21 11:16:02,720 fastran_tr_fastran_8 DEBUG    _get_service_response(REQUEST|fastran_FPP_000001@fastran@8|FRAMEWORK@Framework@0|59)
2026-07-21 11:16:02,740 fastran_tr_fastran_8 DEBUG    _get_service_response(REQUEST|fastran_FPP_000001@fastran@8|FRAMEWORK@Framework@0|59), response = ServiceResponseMessage(sender_id=FRAMEWORK@Framework@0, receiver_id=fastran_FPP_000001@fastran@8, request_msg_id=REQUEST|fastran_FPP_000001@fastran@8|FRAMEWORK@Framework@0|59,status=0, args=(0,), message_id=RESPONSE|FRAMEWORK@Framework@0|fastran_FPP_000001@fastran@8|3712)
2026-07-21 11:16:02,740 fastran_tr_fastran_8 DEBUG    _invoke_service(): getTopic  ('_IPS_MONITOR',)
2026-07-21 11:16:02,740 fastran_tr_fastran_8 DEBUG    _get_service_response(REQUEST|fastran_FPP_000001@fastran@8|FRAMEWORK@Framework@0|60)
2026-07-21 11:16:02,751 fastran_tr_fastran_8 DEBUG    _get_service_response(REQUEST|fastran_FPP_000001@fastran@8|FRAMEWORK@Framework@0|60), response = ServiceResponseMessage(sender_id=FRAMEWORK@Framework@0, receiver_id=fastran_FPP_000001@fastran@8, request_msg_id=REQUEST|fastran_FPP_000001@fastran@8|FRAMEWORK@Framework@0|60,status=0, args=(<ipsframework.cca_es_spec.Topic object at 0x7f0ad2a78490>,), message_id=RESPONSE|FRAMEWORK@Framework@0|fastran_FPP_000001@fastran@8|3713)
2026-07-21 11:16:02,751 fastran_tr_fastran_8 DEBUG    _invoke_service(): sendEvent  ('_IPS_MONITOR', 'PORTAL_EVENT', {'sim_name': 'fastran_FPP_000001', 'real_sim_name': 'fastran_FPP_000001', 'portal_data': {'code': 'fastran_tr_fastran', 'eventtype': 'IPS_UPDATE_STATE', 'ok': True, 'walltime': '1671.78', 'time': '2026-07-21|11:16:02PDT', 'trace': {'timestamp': 1784657762719780, 'duration': 20654, 'localEndpoint': {'serviceName': 'update_state'}, 'name': "['s000001.00001', 'g000001.00001', 'i000001.00001']", 'id': '7629e189a66153c0', 'parentId': '013a85ae9ab26b7c', 'tags': {}}, 'state': 'Running', 'comment': 'Elapsed time = 0.021   files = s000001.00001 g000001.00001 i000001.00001 Success'}})
2026-07-21 11:16:02,751 fastran_tr_fastran_8 DEBUG    _get_service_response(REQUEST|fastran_FPP_000001@fastran@8|FRAMEWORK@Framework@0|61)
2026-07-21 11:16:02,761 fastran_tr_fastran_8 DEBUG    _get_service_response(REQUEST|fastran_FPP_000001@fastran@8|FRAMEWORK@Framework@0|61), response = ServiceResponseMessage(sender_id=FRAMEWORK@Framework@0, receiver_id=fastran_FPP_000001@fastran@8, request_msg_id=REQUEST|fastran_FPP_000001@fastran@8|FRAMEWORK@Framework@0|61,status=0, args=(None,), message_id=RESPONSE|FRAMEWORK@Framework@0|fastran_FPP_000001@fastran@8|3714)
2026-07-21 11:16:02,781 fastran_tr_fastran_8 DEBUG    _invoke_service(): getTopic  ('_IPS_MONITOR',)
2026-07-21 11:16:02,781 fastran_tr_fastran_8 DEBUG    _get_service_response(REQUEST|fastran_FPP_000001@fastran@8|FRAMEWORK@Framework@0|62)
2026-07-21 11:16:02,792 fastran_tr_fastran_8 DEBUG    _get_service_response(REQUEST|fastran_FPP_000001@fastran@8|FRAMEWORK@Framework@0|62), response = ServiceResponseMessage(sender_id=FRAMEWORK@Framework@0, receiver_id=fastran_FPP_000001@fastran@8, request_msg_id=REQUEST|fastran_FPP_000001@fastran@8|FRAMEWORK@Framework@0|62,status=0, args=(<ipsframework.cca_es_spec.Topic object at 0x7f0ad2a78580>,), message_id=RESPONSE|FRAMEWORK@Framework@0|fastran_FPP_000001@fastran@8|3715)
2026-07-21 11:16:02,792 fastran_tr_fastran_8 DEBUG    _invoke_service(): sendEvent  ('_IPS_MONITOR', 'PORTAL_EVENT', {'sim_name': 'fastran_FPP_000001', 'real_sim_name': 'fastran_FPP_000001', 'portal_data': {'code': 'fastran_tr_fastran', 'eventtype': 'IPS_STAGE_OUTPUTS', 'ok': True, 'walltime': '1671.82', 'time': '2026-07-21|11:16:02PDT', 'trace': {'timestamp': 1784657762761878, 'duration': 19570, 'localEndpoint': {'serviceName': 'stage_output_files'}, 'name': "['fastran.nc', 'inprof', 'inmetric', 'infastran', 'intglf', 'xfastran.log', 'i000001.00001']", 'id': '7349cfaaafc33980', 'parentId': '013a85ae9ab26b7c', 'tags': {}}, 'state': 'Running', 'comment': "Elapsed time = 0.020 Path = /pscratch/sd/h/hswils/github_repos/MANTA_DBSCANS/IC+RAD+TGLF/bcfrom2024/basecase/SCAN/simulation_results/3/components/fastran_tr_fastran_8 Files = ['fastran.nc', 'inprof', 'inmetric', 'infastran', 'intglf', 'xfastran.log', 'i000001.00001']"}})
2026-07-21 11:16:02,792 fastran_tr_fastran_8 DEBUG    _get_service_response(REQUEST|fastran_FPP_000001@fastran@8|FRAMEWORK@Framework@0|63)
2026-07-21 11:16:02,802 fastran_tr_fastran_8 DEBUG    _get_service_response(REQUEST|fastran_FPP_000001@fastran@8|FRAMEWORK@Framework@0|63), response = ServiceResponseMessage(sender_id=FRAMEWORK@Framework@0, receiver_id=fastran_FPP_000001@fastran@8, request_msg_id=REQUEST|fastran_FPP_000001@fastran@8|FRAMEWORK@Framework@0|63,status=0, args=(None,), message_id=RESPONSE|FRAMEWORK@Framework@0|fastran_FPP_000001@fastran@8|3716)
2026-07-21 11:16:02,813 fastran_driver_fastran_driver_2 DEBUG    _get_service_response(REQUEST|fastran_FPP_000001@fastran_driver@2|FRAMEWORK@Framework@0|193), response = ServiceResponseMessage(sender_id=FRAMEWORK@Framework@0, receiver_id=fastran_FPP_000001@fastran_driver@2, request_msg_id=REQUEST|fastran_FPP_000001@fastran_driver@2|FRAMEWORK@Framework@0|193,status=0, args=((None,),), message_id=RESPONSE|FRAMEWORK@Framework@0|fastran_FPP_000001@fastran_driver@2|3717)
2026-07-21 11:16:02,813 fastran_driver_fastran_driver_2 DEBUG    _invoke_service(): getTopic  ('_IPS_MONITOR',)
2026-07-21 11:16:02,813 fastran_driver_fastran_driver_2 DEBUG    _get_service_response(REQUEST|fastran_FPP_000001@fastran_driver@2|FRAMEWORK@Framework@0|194)
2026-07-21 11:16:02,824 fastran_driver_fastran_driver_2 DEBUG    _get_service_response(REQUEST|fastran_FPP_000001@fastran_driver@2|FRAMEWORK@Framework@0|194), response = ServiceResponseMessage(sender_id=FRAMEWORK@Framework@0, receiver_id=fastran_FPP_000001@fastran_driver@2, request_msg_id=REQUEST|fastran_FPP_000001@fastran_driver@2|FRAMEWORK@Framework@0|194,status=0, args=(<ipsframework.cca_es_spec.Topic object at 0x7f0ad2b75fa0>,), message_id=RESPONSE|FRAMEWORK@Framework@0|fastran_FPP_000001@fastran_driver@2|3718)
2026-07-21 11:16:02,824 fastran_driver_fastran_driver_2 DEBUG    _invoke_service(): sendEvent  ('_IPS_MONITOR', 'PORTAL_EVENT', {'sim_name': 'fastran_FPP_000001', 'real_sim_name': 'fastran_FPP_000001', 'portal_data': {'code': 'fastran_driver_fastran_driver', 'eventtype': 'IPS_CALL_END', 'ok': True, 'walltime': '1671.85', 'time': '2026-07-21|11:16:02PDT', 'trace': {'timestamp': 1784657705709874, 'duration': 57103585, 'localEndpoint': {'serviceName': 'fastran_FPP_000001@fastran@8'}, 'name': 'step(3)', 'id': '013a85ae9ab26b7c', 'parentId': 'f899e3e5886669ce', 'tags': {}}, 'state': 'Running', 'comment': 'Target = fastran_FPP_000001@fastran@8:step(3)'}})
2026-07-21 11:16:02,824 fastran_driver_fastran_driver_2 DEBUG    _get_service_response(REQUEST|fastran_FPP_000001@fastran_driver@2|FRAMEWORK@Framework@0|195)
2026-07-21 11:16:02,835 fastran_driver_fastran_driver_2 DEBUG    _get_service_response(REQUEST|fastran_FPP_000001@fastran_driver@2|FRAMEWORK@Framework@0|195), response = ServiceResponseMessage(sender_id=FRAMEWORK@Framework@0, receiver_id=fastran_FPP_000001@fastran_driver@2, request_msg_id=REQUEST|fastran_FPP_000001@fastran_driver@2|FRAMEWORK@Framework@0|195,status=0, args=(None,), message_id=RESPONSE|FRAMEWORK@Framework@0|fastran_FPP_000001@fastran_driver@2|3719)
2026-07-21 11:16:02,835 fastran_driver_fastran_driver_2 DEBUG    _invoke_service(): stage_state  (['s000001.00001', 'g000001.00001', 'i000001.00001'], '/pscratch/sd/h/hswils/github_repos/MANTA_DBSCANS/IC+RAD+TGLF/bcfrom2024/basecase/SCAN/work/plasma_state', '/pscratch/sd/h/hswils/github_repos/MANTA_DBSCANS/IC+RAD+TGLF/bcfrom2024/basecase/SCAN/work/fastran_driver_fastran_driver_2')
2026-07-21 11:16:02,835 fastran_driver_fastran_driver_2 DEBUG    _get_service_response(REQUEST|fastran_FPP_000001@fastran_driver@2|FRAMEWORK@Framework@0|196)
2026-07-21 11:16:02,856 fastran_driver_fastran_driver_2 DEBUG    _get_service_response(REQUEST|fastran_FPP_000001@fastran_driver@2|FRAMEWORK@Framework@0|196), response = ServiceResponseMessage(sender_id=FRAMEWORK@Framework@0, receiver_id=fastran_FPP_000001@fastran_driver@2, request_msg_id=REQUEST|fastran_FPP_000001@fastran_driver@2|FRAMEWORK@Framework@0|196,status=0, args=(0,), message_id=RESPONSE|FRAMEWORK@Framework@0|fastran_FPP_000001@fastran_driver@2|3720)
2026-07-21 11:16:02,856 fastran_driver_fastran_driver_2 DEBUG    _invoke_service(): getTopic  ('_IPS_MONITOR',)
2026-07-21 11:16:02,856 fastran_driver_fastran_driver_2 DEBUG    _get_service_response(REQUEST|fastran_FPP_000001@fastran_driver@2|FRAMEWORK@Framework@0|197)
2026-07-21 11:16:02,866 fastran_driver_fastran_driver_2 DEBUG    _get_service_response(REQUEST|fastran_FPP_000001@fastran_driver@2|FRAMEWORK@Framework@0|197), response = ServiceResponseMessage(sender_id=FRAMEWORK@Framework@0, receiver_id=fastran_FPP_000001@fastran_driver@2, request_msg_id=REQUEST|fastran_FPP_000001@fastran_driver@2|FRAMEWORK@Framework@0|197,status=0, args=(<ipsframework.cca_es_spec.Topic object at 0x7f0ad2b6bd00>,), message_id=RESPONSE|FRAMEWORK@Framework@0|fastran_FPP_000001@fastran_driver@2|3721)
2026-07-21 11:16:02,866 fastran_driver_fastran_driver_2 DEBUG    _invoke_service(): sendEvent  ('_IPS_MONITOR', 'PORTAL_EVENT', {'sim_name': 'fastran_FPP_000001', 'real_sim_name': 'fastran_FPP_000001', 'portal_data': {'code': 'fastran_driver_fastran_driver', 'eventtype': 'IPS_STAGE_STATE', 'ok': True, 'walltime': '1671.89', 'time': '2026-07-21|11:16:02PDT', 'trace': {'timestamp': 1784657762835409, 'duration': 20844, 'localEndpoint': {'serviceName': 'stage_state'}, 'name': "['s000001.00001', 'g000001.00001', 'i000001.00001']", 'id': '71885aecf25d7412', 'parentId': 'f899e3e5886669ce', 'tags': {}}, 'state': 'Running', 'comment': 'Elapsed time = 0.021  files = s000001.00001 g000001.00001 i000001.00001 Success'}})
2026-07-21 11:16:02,867 fastran_driver_fastran_driver_2 DEBUG    _get_service_response(REQUEST|fastran_FPP_000001@fastran_driver@2|FRAMEWORK@Framework@0|198)
2026-07-21 11:16:02,877 fastran_driver_fastran_driver_2 DEBUG    _get_service_response(REQUEST|fastran_FPP_000001@fastran_driver@2|FRAMEWORK@Framework@0|198), response = ServiceResponseMessage(sender_id=FRAMEWORK@Framework@0, receiver_id=fastran_FPP_000001@fastran_driver@2, request_msg_id=REQUEST|fastran_FPP_000001@fastran_driver@2|FRAMEWORK@Framework@0|198,status=0, args=(None,), message_id=RESPONSE|FRAMEWORK@Framework@0|fastran_FPP_000001@fastran_driver@2|3722)
2026-07-21 11:16:02,877 fastran_driver_fastran_driver_2 DEBUG    _invoke_service(): getTopic  ('_IPS_MONITOR',)
2026-07-21 11:16:02,878 fastran_driver_fastran_driver_2 DEBUG    _get_service_response(REQUEST|fastran_FPP_000001@fastran_driver@2|FRAMEWORK@Framework@0|199)
2026-07-21 11:16:02,888 fastran_driver_fastran_driver_2 DEBUG    _get_service_response(REQUEST|fastran_FPP_000001@fastran_driver@2|FRAMEWORK@Framework@0|199), response = ServiceResponseMessage(sender_id=FRAMEWORK@Framework@0, receiver_id=fastran_FPP_000001@fastran_driver@2, request_msg_id=REQUEST|fastran_FPP_000001@fastran_driver@2|FRAMEWORK@Framework@0|199,status=0, args=(<ipsframework.cca_es_spec.Topic object at 0x7f0ad2b88100>,), message_id=RESPONSE|FRAMEWORK@Framework@0|fastran_FPP_000001@fastran_driver@2|3723)
2026-07-21 11:16:02,888 fastran_driver_fastran_driver_2 DEBUG    _invoke_service(): sendEvent  ('_IPS_MONITOR', 'PORTAL_EVENT', {'sim_name': 'fastran_FPP_000001', 'real_sim_name': 'fastran_FPP_000001', 'portal_data': {'code': 'fastran_driver_fastran_driver', 'eventtype': 'IPS_STAGE_OUTPUTS', 'ok': True, 'walltime': '1671.91', 'time': '2026-07-21|11:16:02PDT', 'trace': {'timestamp': 1784657762877741, 'duration': 164, 'localEndpoint': {'serviceName': 'stage_output_files'}, 'name': '[]', 'id': 'ed019efe11be26d9', 'parentId': 'f899e3e5886669ce', 'tags': {}}, 'state': 'Running', 'comment': 'Elapsed time = 0.000 Path = /pscratch/sd/h/hswils/github_repos/MANTA_DBSCANS/IC+RAD+TGLF/bcfrom2024/basecase/SCAN/simulation_results/3/components/fastran_driver_fastran_driver_2 Files = []'}})
2026-07-21 11:16:02,888 fastran_driver_fastran_driver_2 DEBUG    _get_service_response(REQUEST|fastran_FPP_000001@fastran_driver@2|FRAMEWORK@Framework@0|200)
2026-07-21 11:16:02,899 fastran_driver_fastran_driver_2 DEBUG    _get_service_response(REQUEST|fastran_FPP_000001@fastran_driver@2|FRAMEWORK@Framework@0|200), response = ServiceResponseMessage(sender_id=FRAMEWORK@Framework@0, receiver_id=fastran_FPP_000001@fastran_driver@2, request_msg_id=REQUEST|fastran_FPP_000001@fastran_driver@2|FRAMEWORK@Framework@0|200,status=0, args=(None,), message_id=RESPONSE|FRAMEWORK@Framework@0|fastran_FPP_000001@fastran_driver@2|3724)
2026-07-21 11:16:02,900 fastran_driver_fastran_driver_2 DEBUG    _invoke_service(): getTopic  ('_IPS_MONITOR',)
2026-07-21 11:16:02,900 fastran_driver_fastran_driver_2 DEBUG    _get_service_response(REQUEST|fastran_FPP_000001@fastran_driver@2|FRAMEWORK@Framework@0|201)
2026-07-21 11:16:02,910 fastran_driver_fastran_driver_2 DEBUG    _get_service_response(REQUEST|fastran_FPP_000001@fastran_driver@2|FRAMEWORK@Framework@0|201), response = ServiceResponseMessage(sender_id=FRAMEWORK@Framework@0, receiver_id=fastran_FPP_000001@fastran_driver@2, request_msg_id=REQUEST|fastran_FPP_000001@fastran_driver@2|FRAMEWORK@Framework@0|201,status=0, args=(<ipsframework.cca_es_spec.Topic object at 0x7f0ad2b88070>,), message_id=RESPONSE|FRAMEWORK@Framework@0|fastran_FPP_000001@fastran_driver@2|3725)
2026-07-21 11:16:02,910 fastran_driver_fastran_driver_2 DEBUG    _invoke_service(): sendEvent  ('_IPS_MONITOR', 'PORTALBRIDGE_UPDATE_TIMESTAMP', {'sim_name': 'fastran_FPP_000001', 'real_sim_name': 'fastran_FPP_000001', 'portal_data': {'phystimestamp': 4, 'eventtype': 'PORTALBRIDGE_UPDATE_TIMESTAMP'}})
2026-07-21 11:16:02,910 fastran_driver_fastran_driver_2 DEBUG    _get_service_response(REQUEST|fastran_FPP_000001@fastran_driver@2|FRAMEWORK@Framework@0|202)
2026-07-21 11:16:02,921 fastran_driver_fastran_driver_2 DEBUG    _get_service_response(REQUEST|fastran_FPP_000001@fastran_driver@2|FRAMEWORK@Framework@0|202), response = ServiceResponseMessage(sender_id=FRAMEWORK@Framework@0, receiver_id=fastran_FPP_000001@fastran_driver@2, request_msg_id=REQUEST|fastran_FPP_000001@fastran_driver@2|FRAMEWORK@Framework@0|202,status=0, args=(None,), message_id=RESPONSE|FRAMEWORK@Framework@0|fastran_FPP_000001@fastran_driver@2|3726)
2026-07-21 11:16:02,921 fastran_driver_fastran_driver_2 DEBUG    _invoke_service(): getTopic  ('_IPS_MONITOR',)
2026-07-21 11:16:02,921 fastran_driver_fastran_driver_2 DEBUG    _get_service_response(REQUEST|fastran_FPP_000001@fastran_driver@2|FRAMEWORK@Framework@0|203)
2026-07-21 11:16:02,932 fastran_driver_fastran_driver_2 DEBUG    _get_service_response(REQUEST|fastran_FPP_000001@fastran_driver@2|FRAMEWORK@Framework@0|203), response = ServiceResponseMessage(sender_id=FRAMEWORK@Framework@0, receiver_id=fastran_FPP_000001@fastran_driver@2, request_msg_id=REQUEST|fastran_FPP_000001@fastran_driver@2|FRAMEWORK@Framework@0|203,status=0, args=(<ipsframework.cca_es_spec.Topic object at 0x7f0ad2b88100>,), message_id=RESPONSE|FRAMEWORK@Framework@0|fastran_FPP_000001@fastran_driver@2|3727)
2026-07-21 11:16:02,932 fastran_driver_fastran_driver_2 DEBUG    _invoke_service(): sendEvent  ('_IPS_MONITOR', 'PORTAL_EVENT', {'sim_name': 'fastran_FPP_000001', 'real_sim_name': 'fastran_FPP_000001', 'portal_data': {'code': 'fastran_driver_fastran_driver', 'eventtype': 'IPS_UPDATE_TIME_STAMP', 'ok': True, 'walltime': '1671.96', 'time': '2026-07-21|11:16:02PDT', 'state': 'Running', 'comment': 'Timestamp = 4'}})
2026-07-21 11:16:02,932 fastran_driver_fastran_driver_2 DEBUG    _get_service_response(REQUEST|fastran_FPP_000001@fastran_driver@2|FRAMEWORK@Framework@0|204)
2026-07-21 11:16:02,943 fastran_driver_fastran_driver_2 DEBUG    _get_service_response(REQUEST|fastran_FPP_000001@fastran_driver@2|FRAMEWORK@Framework@0|204), response = ServiceResponseMessage(sender_id=FRAMEWORK@Framework@0, receiver_id=fastran_FPP_000001@fastran_driver@2, request_msg_id=REQUEST|fastran_FPP_000001@fastran_driver@2|FRAMEWORK@Framework@0|204,status=0, args=(None,), message_id=RESPONSE|FRAMEWORK@Framework@0|fastran_FPP_000001@fastran_driver@2|3728)
2026-07-21 11:16:02,943 fastran_driver_fastran_driver_2 DEBUG    _invoke_service(): getTopic  ('_IPS_MONITOR',)
2026-07-21 11:16:02,944 fastran_driver_fastran_driver_2 DEBUG    _get_service_response(REQUEST|fastran_FPP_000001@fastran_driver@2|FRAMEWORK@Framework@0|205)
2026-07-21 11:16:02,954 fastran_driver_fastran_driver_2 DEBUG    _get_service_response(REQUEST|fastran_FPP_000001@fastran_driver@2|FRAMEWORK@Framework@0|205), response = ServiceResponseMessage(sender_id=FRAMEWORK@Framework@0, receiver_id=fastran_FPP_000001@fastran_driver@2, request_msg_id=REQUEST|fastran_FPP_000001@fastran_driver@2|FRAMEWORK@Framework@0|205,status=0, args=(<ipsframework.cca_es_spec.Topic object at 0x7f0ad2b88130>,), message_id=RESPONSE|FRAMEWORK@Framework@0|fastran_FPP_000001@fastran_driver@2|3729)
2026-07-21 11:16:02,954 fastran_driver_fastran_driver_2 DEBUG    _invoke_service(): sendEvent  ('_IPS_MONITOR', 'PORTAL_EVENT', {'sim_name': 'fastran_FPP_000001', 'real_sim_name': 'fastran_FPP_000001', 'portal_data': {'code': 'fastran_driver_fastran_driver', 'eventtype': 'IPS_CALL_BEGIN', 'ok': True, 'walltime': '1671.98', 'time': '2026-07-21|11:16:02PDT', 'state': 'Running', 'comment': 'Target = fastran_FPP_000001@impurity_radiation@5:step(4)'}})
2026-07-21 11:16:02,954 fastran_driver_fastran_driver_2 DEBUG    _get_service_response(REQUEST|fastran_FPP_000001@fastran_driver@2|FRAMEWORK@Framework@0|206)
2026-07-21 11:16:02,965 fastran_driver_fastran_driver_2 DEBUG    _get_service_response(REQUEST|fastran_FPP_000001@fastran_driver@2|FRAMEWORK@Framework@0|206), response = ServiceResponseMessage(sender_id=FRAMEWORK@Framework@0, receiver_id=fastran_FPP_000001@fastran_driver@2, request_msg_id=REQUEST|fastran_FPP_000001@fastran_driver@2|FRAMEWORK@Framework@0|206,status=0, args=(None,), message_id=RESPONSE|FRAMEWORK@Framework@0|fastran_FPP_000001@fastran_driver@2|3730)
2026-07-21 11:16:02,965 fastran_driver_fastran_driver_2 DEBUG    _invoke_service(): init_call  ('step', 4)
2026-07-21 11:16:02,965 fastran_driver_fastran_driver_2 DEBUG    _get_service_response(REQUEST|fastran_FPP_000001@fastran_driver@2|FRAMEWORK@Framework@0|207)
2026-07-21 11:16:02,966 fastran__impurity_radiation_5 DEBUG    Received Message 
2026-07-21 11:16:02,966 fastran__impurity_radiation_5 DEBUG    Calling method step(4)
2026-07-21 11:16:02,967 fastran__impurity_radiation_5 DEBUG    _invoke_service(): stage_state  (['s000001.00001', 'g000001.00001', 'i000001.00001'], '/pscratch/sd/h/hswils/github_repos/MANTA_DBSCANS/IC+RAD+TGLF/bcfrom2024/basecase/SCAN/work/plasma_state', '/pscratch/sd/h/hswils/github_repos/MANTA_DBSCANS/IC+RAD+TGLF/bcfrom2024/basecase/SCAN/work/fastran__impurity_radiation_5')
2026-07-21 11:16:02,967 fastran__impurity_radiation_5 DEBUG    _get_service_response(REQUEST|fastran_FPP_000001@impurity_radiation@5|FRAMEWORK@Framework@0|43)
2026-07-21 11:16:02,976 fastran_driver_fastran_driver_2 DEBUG    _get_service_response(REQUEST|fastran_FPP_000001@fastran_driver@2|FRAMEWORK@Framework@0|207), response = ServiceResponseMessage(sender_id=FRAMEWORK@Framework@0, receiver_id=fastran_FPP_000001@fastran_driver@2, request_msg_id=REQUEST|fastran_FPP_000001@fastran_driver@2|FRAMEWORK@Framework@0|207,status=0, args=(35,), message_id=RESPONSE|FRAMEWORK@Framework@0|fastran_FPP_000001@fastran_driver@2|3731)
2026-07-21 11:16:02,976 fastran_driver_fastran_driver_2 DEBUG    _invoke_service(): wait_call  (35, True)
2026-07-21 11:16:02,977 fastran_driver_fastran_driver_2 DEBUG    _get_service_response(REQUEST|fastran_FPP_000001@fastran_driver@2|FRAMEWORK@Framework@0|208)
2026-07-21 11:16:02,986 fastran__impurity_radiation_5 DEBUG    _get_service_response(REQUEST|fastran_FPP_000001@impurity_radiation@5|FRAMEWORK@Framework@0|43), response = ServiceResponseMessage(sender_id=FRAMEWORK@Framework@0, receiver_id=fastran_FPP_000001@impurity_radiation@5, request_msg_id=REQUEST|fastran_FPP_000001@impurity_radiation@5|FRAMEWORK@Framework@0|43,status=0, args=(0,), message_id=RESPONSE|FRAMEWORK@Framework@0|fastran_FPP_000001@impurity_radiation@5|3732)
2026-07-21 11:16:02,986 fastran__impurity_radiation_5 DEBUG    _invoke_service(): getTopic  ('_IPS_MONITOR',)
2026-07-21 11:16:02,986 fastran__impurity_radiation_5 DEBUG    _get_service_response(REQUEST|fastran_FPP_000001@impurity_radiation@5|FRAMEWORK@Framework@0|44)
2026-07-21 11:16:02,997 fastran__impurity_radiation_5 DEBUG    _get_service_response(REQUEST|fastran_FPP_000001@impurity_radiation@5|FRAMEWORK@Framework@0|44), response = ServiceResponseMessage(sender_id=FRAMEWORK@Framework@0, receiver_id=fastran_FPP_000001@impurity_radiation@5, request_msg_id=REQUEST|fastran_FPP_000001@impurity_radiation@5|FRAMEWORK@Framework@0|44,status=0, args=(<ipsframework.cca_es_spec.Topic object at 0x7f0ad2b39b20>,), message_id=RESPONSE|FRAMEWORK@Framework@0|fastran_FPP_000001@impurity_radiation@5|3733)
2026-07-21 11:16:02,997 fastran__impurity_radiation_5 DEBUG    _invoke_service(): sendEvent  ('_IPS_MONITOR', 'PORTAL_EVENT', {'sim_name': 'fastran_FPP_000001', 'real_sim_name': 'fastran_FPP_000001', 'portal_data': {'code': 'fastran__impurity_radiation', 'eventtype': 'IPS_STAGE_STATE', 'ok': True, 'walltime': '1672.02', 'time': '2026-07-21|11:16:02PDT', 'trace': {'timestamp': 1784657762967233, 'duration': 19582, 'localEndpoint': {'serviceName': 'stage_state'}, 'name': "['s000001.00001', 'g000001.00001', 'i000001.00001']", 'id': '71885aecf25d7412', 'parentId': '220051d240fcdcac', 'tags': {}}, 'state': 'Running', 'comment': 'Elapsed time = 0.020  files = s000001.00001 g000001.00001 i000001.00001 Success'}})
2026-07-21 11:16:02,997 fastran__impurity_radiation_5 DEBUG    _get_service_response(REQUEST|fastran_FPP_000001@impurity_radiation@5|FRAMEWORK@Framework@0|45)
2026-07-21 11:16:03,008 fastran__impurity_radiation_5 DEBUG    _get_service_response(REQUEST|fastran_FPP_000001@impurity_radiation@5|FRAMEWORK@Framework@0|45), response = ServiceResponseMessage(sender_id=FRAMEWORK@Framework@0, receiver_id=fastran_FPP_000001@impurity_radiation@5, request_msg_id=REQUEST|fastran_FPP_000001@impurity_radiation@5|FRAMEWORK@Framework@0|45,status=0, args=(None,), message_id=RESPONSE|FRAMEWORK@Framework@0|fastran_FPP_000001@impurity_radiation@5|3734)
2026-07-21 11:16:03,008 fastran__impurity_radiation_5 DEBUG    _invoke_service(): getTopic  ('_IPS_MONITOR',)
2026-07-21 11:16:03,008 fastran__impurity_radiation_5 DEBUG    _get_service_response(REQUEST|fastran_FPP_000001@impurity_radiation@5|FRAMEWORK@Framework@0|46)
2026-07-21 11:16:03,018 fastran__impurity_radiation_5 DEBUG    _get_service_response(REQUEST|fastran_FPP_000001@impurity_radiation@5|FRAMEWORK@Framework@0|46), response = ServiceResponseMessage(sender_id=FRAMEWORK@Framework@0, receiver_id=fastran_FPP_000001@impurity_radiation@5, request_msg_id=REQUEST|fastran_FPP_000001@impurity_radiation@5|FRAMEWORK@Framework@0|46,status=0, args=(<ipsframework.cca_es_spec.Topic object at 0x7f0ad2b39f70>,), message_id=RESPONSE|FRAMEWORK@Framework@0|fastran_FPP_000001@impurity_radiation@5|3735)
2026-07-21 11:16:03,018 fastran__impurity_radiation_5 DEBUG    _invoke_service(): sendEvent  ('_IPS_MONITOR', 'PORTAL_EVENT', {'sim_name': 'fastran_FPP_000001', 'real_sim_name': 'fastran_FPP_000001', 'portal_data': {'code': 'fastran__impurity_radiation', 'eventtype': 'IPS_STAGE_INPUTS', 'ok': True, 'walltime': '1672.04', 'time': '2026-07-21|11:16:03PDT', 'trace': {'timestamp': 1784657763008196, 'duration': 75, 'localEndpoint': {'serviceName': 'stage_input_files'}, 'name': '', 'id': 'e70cb59b389672bf', 'parentId': '220051d240fcdcac', 'tags': {}}, 'state': 'Running', 'comment': 'Elapsed time = 0.000 Path = /pscratch/sd/h/hswils/github_repos/MANTA_DBSCANS/IC+RAD+TGLF/bcfrom2024/basecase/input Files = '}})
2026-07-21 11:16:03,018 fastran__impurity_radiation_5 DEBUG    _get_service_response(REQUEST|fastran_FPP_000001@impurity_radiation@5|FRAMEWORK@Framework@0|47)
2026-07-21 11:16:03,029 fastran__impurity_radiation_5 DEBUG    _get_service_response(REQUEST|fastran_FPP_000001@impurity_radiation@5|FRAMEWORK@Framework@0|47), response = ServiceResponseMessage(sender_id=FRAMEWORK@Framework@0, receiver_id=fastran_FPP_000001@impurity_radiation@5, request_msg_id=REQUEST|fastran_FPP_000001@impurity_radiation@5|FRAMEWORK@Framework@0|47,status=0, args=(None,), message_id=RESPONSE|FRAMEWORK@Framework@0|fastran_FPP_000001@impurity_radiation@5|3736)
2026-07-21 11:16:03,292 fastran__impurity_radiation_5 DEBUG    _invoke_service(): update_state  (['s000001.00001', 'g000001.00001', 'i000001.00001'], '/pscratch/sd/h/hswils/github_repos/MANTA_DBSCANS/IC+RAD+TGLF/bcfrom2024/basecase/SCAN/work/fastran__impurity_radiation_5', '/pscratch/sd/h/hswils/github_repos/MANTA_DBSCANS/IC+RAD+TGLF/bcfrom2024/basecase/SCAN/work/plasma_state')
2026-07-21 11:16:03,293 fastran__impurity_radiation_5 DEBUG    _get_service_response(REQUEST|fastran_FPP_000001@impurity_radiation@5|FRAMEWORK@Framework@0|48)
2026-07-21 11:16:03,315 fastran__impurity_radiation_5 DEBUG    _get_service_response(REQUEST|fastran_FPP_000001@impurity_radiation@5|FRAMEWORK@Framework@0|48), response = ServiceResponseMessage(sender_id=FRAMEWORK@Framework@0, receiver_id=fastran_FPP_000001@impurity_radiation@5, request_msg_id=REQUEST|fastran_FPP_000001@impurity_radiation@5|FRAMEWORK@Framework@0|48,status=0, args=(0,), message_id=RESPONSE|FRAMEWORK@Framework@0|fastran_FPP_000001@impurity_radiation@5|3738)
2026-07-21 11:16:03,315 fastran__impurity_radiation_5 DEBUG    _invoke_service(): getTopic  ('_IPS_MONITOR',)
2026-07-21 11:16:03,315 fastran__impurity_radiation_5 DEBUG    _get_service_response(REQUEST|fastran_FPP_000001@impurity_radiation@5|FRAMEWORK@Framework@0|49)
2026-07-21 11:16:03,326 fastran__impurity_radiation_5 DEBUG    _get_service_response(REQUEST|fastran_FPP_000001@impurity_radiation@5|FRAMEWORK@Framework@0|49), response = ServiceResponseMessage(sender_id=FRAMEWORK@Framework@0, receiver_id=fastran_FPP_000001@impurity_radiation@5, request_msg_id=REQUEST|fastran_FPP_000001@impurity_radiation@5|FRAMEWORK@Framework@0|49,status=0, args=(<ipsframework.cca_es_spec.Topic object at 0x7f0ad2b2a070>,), message_id=RESPONSE|FRAMEWORK@Framework@0|fastran_FPP_000001@impurity_radiation@5|3739)
2026-07-21 11:16:03,326 fastran__impurity_radiation_5 DEBUG    _invoke_service(): sendEvent  ('_IPS_MONITOR', 'PORTAL_EVENT', {'sim_name': 'fastran_FPP_000001', 'real_sim_name': 'fastran_FPP_000001', 'portal_data': {'code': 'fastran__impurity_radiation', 'eventtype': 'IPS_UPDATE_STATE', 'ok': True, 'walltime': '1672.35', 'time': '2026-07-21|11:16:03PDT', 'trace': {'timestamp': 1784657763291491, 'duration': 23610, 'localEndpoint': {'serviceName': 'update_state'}, 'name': "['s000001.00001', 'g000001.00001', 'i000001.00001']", 'id': '7629e189a66153c0', 'parentId': '220051d240fcdcac', 'tags': {}}, 'state': 'Running', 'comment': 'Elapsed time = 0.024   files = s000001.00001 g000001.00001 i000001.00001 Success'}})
2026-07-21 11:16:03,326 fastran__impurity_radiation_5 DEBUG    _get_service_response(REQUEST|fastran_FPP_000001@impurity_radiation@5|FRAMEWORK@Framework@0|50)
2026-07-21 11:16:03,337 fastran__impurity_radiation_5 DEBUG    _get_service_response(REQUEST|fastran_FPP_000001@impurity_radiation@5|FRAMEWORK@Framework@0|50), response = ServiceResponseMessage(sender_id=FRAMEWORK@Framework@0, receiver_id=fastran_FPP_000001@impurity_radiation@5, request_msg_id=REQUEST|fastran_FPP_000001@impurity_radiation@5|FRAMEWORK@Framework@0|50,status=0, args=(None,), message_id=RESPONSE|FRAMEWORK@Framework@0|fastran_FPP_000001@impurity_radiation@5|3740)
2026-07-21 11:16:03,337 fastran__impurity_radiation_5 DEBUG    _invoke_service(): getTopic  ('_IPS_MONITOR',)
2026-07-21 11:16:03,338 fastran__impurity_radiation_5 DEBUG    _get_service_response(REQUEST|fastran_FPP_000001@impurity_radiation@5|FRAMEWORK@Framework@0|51)
2026-07-21 11:16:03,348 fastran__impurity_radiation_5 DEBUG    _get_service_response(REQUEST|fastran_FPP_000001@impurity_radiation@5|FRAMEWORK@Framework@0|51), response = ServiceResponseMessage(sender_id=FRAMEWORK@Framework@0, receiver_id=fastran_FPP_000001@impurity_radiation@5, request_msg_id=REQUEST|fastran_FPP_000001@impurity_radiation@5|FRAMEWORK@Framework@0|51,status=0, args=(<ipsframework.cca_es_spec.Topic object at 0x7f0ad2b2a160>,), message_id=RESPONSE|FRAMEWORK@Framework@0|fastran_FPP_000001@impurity_radiation@5|3741)
2026-07-21 11:16:03,348 fastran__impurity_radiation_5 DEBUG    _invoke_service(): sendEvent  ('_IPS_MONITOR', 'PORTAL_EVENT', {'sim_name': 'fastran_FPP_000001', 'real_sim_name': 'fastran_FPP_000001', 'portal_data': {'code': 'fastran__impurity_radiation', 'eventtype': 'IPS_STAGE_OUTPUTS', 'ok': True, 'walltime': '1672.37', 'time': '2026-07-21|11:16:03PDT', 'trace': {'timestamp': 1784657763337198, 'duration': 582, 'localEndpoint': {'serviceName': 'stage_output_files'}, 'name': '[]', 'id': 'ed019efe11be26d9', 'parentId': '220051d240fcdcac', 'tags': {}}, 'state': 'Running', 'comment': 'Elapsed time = 0.001 Path = /pscratch/sd/h/hswils/github_repos/MANTA_DBSCANS/IC+RAD+TGLF/bcfrom2024/basecase/SCAN/simulation_results/4/components/fastran__impurity_radiation_5 Files = []'}})
2026-07-21 11:16:03,348 fastran__impurity_radiation_5 DEBUG    _get_service_response(REQUEST|fastran_FPP_000001@impurity_radiation@5|FRAMEWORK@Framework@0|52)
2026-07-21 11:16:03,359 fastran__impurity_radiation_5 DEBUG    _get_service_response(REQUEST|fastran_FPP_000001@impurity_radiation@5|FRAMEWORK@Framework@0|52), response = ServiceResponseMessage(sender_id=FRAMEWORK@Framework@0, receiver_id=fastran_FPP_000001@impurity_radiation@5, request_msg_id=REQUEST|fastran_FPP_000001@impurity_radiation@5|FRAMEWORK@Framework@0|52,status=0, args=(None,), message_id=RESPONSE|FRAMEWORK@Framework@0|fastran_FPP_000001@impurity_radiation@5|3742)
2026-07-21 11:16:03,370 fastran_driver_fastran_driver_2 DEBUG    _get_service_response(REQUEST|fastran_FPP_000001@fastran_driver@2|FRAMEWORK@Framework@0|208), response = ServiceResponseMessage(sender_id=FRAMEWORK@Framework@0, receiver_id=fastran_FPP_000001@fastran_driver@2, request_msg_id=REQUEST|fastran_FPP_000001@fastran_driver@2|FRAMEWORK@Framework@0|208,status=0, args=((None,),), message_id=RESPONSE|FRAMEWORK@Framework@0|fastran_FPP_000001@fastran_driver@2|3743)
2026-07-21 11:16:03,370 fastran_driver_fastran_driver_2 DEBUG    _invoke_service(): getTopic  ('_IPS_MONITOR',)
2026-07-21 11:16:03,370 fastran_driver_fastran_driver_2 DEBUG    _get_service_response(REQUEST|fastran_FPP_000001@fastran_driver@2|FRAMEWORK@Framework@0|209)
2026-07-21 11:16:03,381 fastran_driver_fastran_driver_2 DEBUG    _get_service_response(REQUEST|fastran_FPP_000001@fastran_driver@2|FRAMEWORK@Framework@0|209), response = ServiceResponseMessage(sender_id=FRAMEWORK@Framework@0, receiver_id=fastran_FPP_000001@fastran_driver@2, request_msg_id=REQUEST|fastran_FPP_000001@fastran_driver@2|FRAMEWORK@Framework@0|209,status=0, args=(<ipsframework.cca_es_spec.Topic object at 0x7f0ad2b88040>,), message_id=RESPONSE|FRAMEWORK@Framework@0|fastran_FPP_000001@fastran_driver@2|3744)
2026-07-21 11:16:03,381 fastran_driver_fastran_driver_2 DEBUG    _invoke_service(): sendEvent  ('_IPS_MONITOR', 'PORTAL_EVENT', {'sim_name': 'fastran_FPP_000001', 'real_sim_name': 'fastran_FPP_000001', 'portal_data': {'code': 'fastran_driver_fastran_driver', 'eventtype': 'IPS_CALL_END', 'ok': True, 'walltime': '1672.41', 'time': '2026-07-21|11:16:03PDT', 'trace': {'timestamp': 1784657762976949, 'duration': 393651, 'localEndpoint': {'serviceName': 'fastran_FPP_000001@impurity_radiation@5'}, 'name': 'step(4)', 'id': '220051d240fcdcac', 'parentId': 'f899e3e5886669ce', 'tags': {}}, 'state': 'Running', 'comment': 'Target = fastran_FPP_000001@impurity_radiation@5:step(4)'}})
2026-07-21 11:16:03,381 fastran_driver_fastran_driver_2 DEBUG    _get_service_response(REQUEST|fastran_FPP_000001@fastran_driver@2|FRAMEWORK@Framework@0|210)
2026-07-21 11:16:03,392 fastran_driver_fastran_driver_2 DEBUG    _get_service_response(REQUEST|fastran_FPP_000001@fastran_driver@2|FRAMEWORK@Framework@0|210), response = ServiceResponseMessage(sender_id=FRAMEWORK@Framework@0, receiver_id=fastran_FPP_000001@fastran_driver@2, request_msg_id=REQUEST|fastran_FPP_000001@fastran_driver@2|FRAMEWORK@Framework@0|210,status=0, args=(None,), message_id=RESPONSE|FRAMEWORK@Framework@0|fastran_FPP_000001@fastran_driver@2|3745)
2026-07-21 11:16:03,392 fastran_driver_fastran_driver_2 DEBUG    _invoke_service(): getTopic  ('_IPS_MONITOR',)
2026-07-21 11:16:03,392 fastran_driver_fastran_driver_2 DEBUG    _get_service_response(REQUEST|fastran_FPP_000001@fastran_driver@2|FRAMEWORK@Framework@0|211)
2026-07-21 11:16:03,403 fastran_driver_fastran_driver_2 DEBUG    _get_service_response(REQUEST|fastran_FPP_000001@fastran_driver@2|FRAMEWORK@Framework@0|211), response = ServiceResponseMessage(sender_id=FRAMEWORK@Framework@0, receiver_id=fastran_FPP_000001@fastran_driver@2, request_msg_id=REQUEST|fastran_FPP_000001@fastran_driver@2|FRAMEWORK@Framework@0|211,status=0, args=(<ipsframework.cca_es_spec.Topic object at 0x7f0ad2b880a0>,), message_id=RESPONSE|FRAMEWORK@Framework@0|fastran_FPP_000001@fastran_driver@2|3746)
2026-07-21 11:16:03,403 fastran_driver_fastran_driver_2 DEBUG    _invoke_service(): sendEvent  ('_IPS_MONITOR', 'PORTAL_EVENT', {'sim_name': 'fastran_FPP_000001', 'real_sim_name': 'fastran_FPP_000001', 'portal_data': {'code': 'fastran_driver_fastran_driver', 'eventtype': 'IPS_CALL_BEGIN', 'ok': True, 'walltime': '1672.43', 'time': '2026-07-21|11:16:03PDT', 'state': 'Running', 'comment': 'Target = fastran_FPP_000001@toric@6:step(4)'}})
2026-07-21 11:16:03,403 fastran_driver_fastran_driver_2 DEBUG    _get_service_response(REQUEST|fastran_FPP_000001@fastran_driver@2|FRAMEWORK@Framework@0|212)
2026-07-21 11:16:03,414 fastran_driver_fastran_driver_2 DEBUG    _get_service_response(REQUEST|fastran_FPP_000001@fastran_driver@2|FRAMEWORK@Framework@0|212), response = ServiceResponseMessage(sender_id=FRAMEWORK@Framework@0, receiver_id=fastran_FPP_000001@fastran_driver@2, request_msg_id=REQUEST|fastran_FPP_000001@fastran_driver@2|FRAMEWORK@Framework@0|212,status=0, args=(None,), message_id=RESPONSE|FRAMEWORK@Framework@0|fastran_FPP_000001@fastran_driver@2|3747)
2026-07-21 11:16:03,414 fastran_driver_fastran_driver_2 DEBUG    _invoke_service(): init_call  ('step', 4)
2026-07-21 11:16:03,414 fastran_driver_fastran_driver_2 DEBUG    _get_service_response(REQUEST|fastran_FPP_000001@fastran_driver@2|FRAMEWORK@Framework@0|213)
2026-07-21 11:16:03,415 rf_ic_toric_6   DEBUG    Received Message 
2026-07-21 11:16:03,415 rf_ic_toric_6   DEBUG    Calling method step(4)
2026-07-21 11:16:03,416 rf_ic_toric_6   DEBUG    _invoke_service(): stage_state  (['s000001.00001', 'g000001.00001'], '/pscratch/sd/h/hswils/github_repos/MANTA_DBSCANS/IC+RAD+TGLF/bcfrom2024/basecase/SCAN/work/plasma_state', '/pscratch/sd/h/hswils/github_repos/MANTA_DBSCANS/IC+RAD+TGLF/bcfrom2024/basecase/SCAN/work/rf_ic_toric_6')
2026-07-21 11:16:03,416 rf_ic_toric_6   DEBUG    _get_service_response(REQUEST|fastran_FPP_000001@toric@6|FRAMEWORK@Framework@0|77)
2026-07-21 11:16:03,425 fastran_driver_fastran_driver_2 DEBUG    _get_service_response(REQUEST|fastran_FPP_000001@fastran_driver@2|FRAMEWORK@Framework@0|213), response = ServiceResponseMessage(sender_id=FRAMEWORK@Framework@0, receiver_id=fastran_FPP_000001@fastran_driver@2, request_msg_id=REQUEST|fastran_FPP_000001@fastran_driver@2|FRAMEWORK@Framework@0|213,status=0, args=(36,), message_id=RESPONSE|FRAMEWORK@Framework@0|fastran_FPP_000001@fastran_driver@2|3748)
2026-07-21 11:16:03,425 fastran_driver_fastran_driver_2 DEBUG    _invoke_service(): wait_call  (36, True)
2026-07-21 11:16:03,425 fastran_driver_fastran_driver_2 DEBUG    _get_service_response(REQUEST|fastran_FPP_000001@fastran_driver@2|FRAMEWORK@Framework@0|214)
2026-07-21 11:16:03,435 rf_ic_toric_6   DEBUG    _get_service_response(REQUEST|fastran_FPP_000001@toric@6|FRAMEWORK@Framework@0|77), response = ServiceResponseMessage(sender_id=FRAMEWORK@Framework@0, receiver_id=fastran_FPP_000001@toric@6, request_msg_id=REQUEST|fastran_FPP_000001@toric@6|FRAMEWORK@Framework@0|77,status=0, args=(0,), message_id=RESPONSE|FRAMEWORK@Framework@0|fastran_FPP_000001@toric@6|3749)
2026-07-21 11:16:03,435 rf_ic_toric_6   DEBUG    _invoke_service(): getTopic  ('_IPS_MONITOR',)
2026-07-21 11:16:03,435 rf_ic_toric_6   DEBUG    _get_service_response(REQUEST|fastran_FPP_000001@toric@6|FRAMEWORK@Framework@0|78)
2026-07-21 11:16:03,446 rf_ic_toric_6   DEBUG    _get_service_response(REQUEST|fastran_FPP_000001@toric@6|FRAMEWORK@Framework@0|78), response = ServiceResponseMessage(sender_id=FRAMEWORK@Framework@0, receiver_id=fastran_FPP_000001@toric@6, request_msg_id=REQUEST|fastran_FPP_000001@toric@6|FRAMEWORK@Framework@0|78,status=0, args=(<ipsframework.cca_es_spec.Topic object at 0x7f0ad2aa1940>,), message_id=RESPONSE|FRAMEWORK@Framework@0|fastran_FPP_000001@toric@6|3750)
2026-07-21 11:16:03,446 rf_ic_toric_6   DEBUG    _invoke_service(): sendEvent  ('_IPS_MONITOR', 'PORTAL_EVENT', {'sim_name': 'fastran_FPP_000001', 'real_sim_name': 'fastran_FPP_000001', 'portal_data': {'code': 'rf_ic_toric', 'eventtype': 'IPS_STAGE_STATE', 'ok': True, 'walltime': '1672.47', 'time': '2026-07-21|11:16:03PDT', 'trace': {'timestamp': 1784657763416136, 'duration': 19522, 'localEndpoint': {'serviceName': 'stage_state'}, 'name': "['s000001.00001', 'g000001.00001']", 'id': '32793a28c0f8ba4b', 'parentId': '1cb2762569bcd0b4', 'tags': {}}, 'state': 'Running', 'comment': 'Elapsed time = 0.020  files = s000001.00001 g000001.00001 Success'}})
2026-07-21 11:16:03,446 rf_ic_toric_6   DEBUG    _get_service_response(REQUEST|fastran_FPP_000001@toric@6|FRAMEWORK@Framework@0|79)
2026-07-21 11:16:03,457 rf_ic_toric_6   DEBUG    _get_service_response(REQUEST|fastran_FPP_000001@toric@6|FRAMEWORK@Framework@0|79), response = ServiceResponseMessage(sender_id=FRAMEWORK@Framework@0, receiver_id=fastran_FPP_000001@toric@6, request_msg_id=REQUEST|fastran_FPP_000001@toric@6|FRAMEWORK@Framework@0|79,status=0, args=(None,), message_id=RESPONSE|FRAMEWORK@Framework@0|fastran_FPP_000001@toric@6|3751)
2026-07-21 11:16:03,468 rf_ic_toric_6   DEBUG    _invoke_service(): getTopic  ('_IPS_MONITOR',)
2026-07-21 11:16:03,468 rf_ic_toric_6   DEBUG    _get_service_response(REQUEST|fastran_FPP_000001@toric@6|FRAMEWORK@Framework@0|80)
2026-07-21 11:16:03,478 rf_ic_toric_6   DEBUG    _get_service_response(REQUEST|fastran_FPP_000001@toric@6|FRAMEWORK@Framework@0|80), response = ServiceResponseMessage(sender_id=FRAMEWORK@Framework@0, receiver_id=fastran_FPP_000001@toric@6, request_msg_id=REQUEST|fastran_FPP_000001@toric@6|FRAMEWORK@Framework@0|80,status=0, args=(<ipsframework.cca_es_spec.Topic object at 0x7f0ad2aa1a30>,), message_id=RESPONSE|FRAMEWORK@Framework@0|fastran_FPP_000001@toric@6|3752)
2026-07-21 11:16:03,478 rf_ic_toric_6   DEBUG    _invoke_service(): sendEvent  ('_IPS_MONITOR', 'PORTAL_EVENT', {'sim_name': 'fastran_FPP_000001', 'real_sim_name': 'fastran_FPP_000001', 'portal_data': {'code': 'rf_ic_toric', 'eventtype': 'IPS_STAGE_INPUTS', 'ok': True, 'walltime': '1672.50', 'time': '2026-07-21|11:16:03PDT', 'trace': {'timestamp': 1784657763457306, 'duration': 10868, 'localEndpoint': {'serviceName': 'stage_input_files'}, 'name': 'machine.inp equigs_gen.ind torica.inp', 'id': 'b108389cfa22cdf4', 'parentId': '1cb2762569bcd0b4', 'tags': {}}, 'state': 'Running', 'comment': 'Elapsed time = 0.011 Path = /pscratch/sd/h/hswils/github_repos/MANTA_DBSCANS/IC+RAD+TGLF/bcfrom2024/basecase/input Files = machine.inp equigs_gen.ind torica.inp'}})
2026-07-21 11:16:03,478 rf_ic_toric_6   DEBUG    _get_service_response(REQUEST|fastran_FPP_000001@toric@6|FRAMEWORK@Framework@0|81)
2026-07-21 11:16:03,489 rf_ic_toric_6   DEBUG    _get_service_response(REQUEST|fastran_FPP_000001@toric@6|FRAMEWORK@Framework@0|81), response = ServiceResponseMessage(sender_id=FRAMEWORK@Framework@0, receiver_id=fastran_FPP_000001@toric@6, request_msg_id=REQUEST|fastran_FPP_000001@toric@6|FRAMEWORK@Framework@0|81,status=0, args=(None,), message_id=RESPONSE|FRAMEWORK@Framework@0|fastran_FPP_000001@toric@6|3753)
2026-07-21 11:16:03,902 rf_ic_toric_6   DEBUG    _invoke_service(): init_task  (TaskInit(nproc=24, binary='/global/common/software/atom/perlmutter/binaries/toric/default/Ptoric.e', working_dir='/pscratch/sd/h/hswils/github_repos/MANTA_DBSCANS/IC+RAD+TGLF/bcfrom2024/basecase/SCAN/work/rf_ic_toric_6', tppn=0, tcpp=0, tgpp=0, block=True, omp=False, wnodes=True, wsocks=True, cmd_args=()),)
2026-07-21 11:16:03,902 rf_ic_toric_6   DEBUG    _get_service_response(REQUEST|fastran_FPP_000001@toric@6|FRAMEWORK@Framework@0|82)
2026-07-21 11:16:03,914 rf_ic_toric_6   DEBUG    _get_service_response(REQUEST|fastran_FPP_000001@toric@6|FRAMEWORK@Framework@0|82), response = ServiceResponseMessage(sender_id=FRAMEWORK@Framework@0, receiver_id=fastran_FPP_000001@toric@6, request_msg_id=REQUEST|fastran_FPP_000001@toric@6|FRAMEWORK@Framework@0|82,status=0, args=((10, 'srun -N 1 -n 24 -c 5 --threads-per-core=1 --cpu-bind=cores /global/common/software/atom/perlmutter/binaries/toric/default/Ptoric.e ', None, 128),), message_id=RESPONSE|FRAMEWORK@Framework@0|fastran_FPP_000001@toric@6|3755)
2026-07-21 11:16:03,918 rf_ic_toric_6   DEBUG    Launching command : srun -N 1 -n 24 -c 5 --threads-per-core=1 --cpu-bind=cores /global/common/software/atom/perlmutter/binaries/toric/default/Ptoric.e 
2026-07-21 11:16:03,970 rf_ic_toric_6   DEBUG    _invoke_service(): getTopic  ('_IPS_MONITOR',)
2026-07-21 11:16:03,971 rf_ic_toric_6   DEBUG    _get_service_response(REQUEST|fastran_FPP_000001@toric@6|FRAMEWORK@Framework@0|83)
2026-07-21 11:16:03,981 rf_ic_toric_6   DEBUG    _get_service_response(REQUEST|fastran_FPP_000001@toric@6|FRAMEWORK@Framework@0|83), response = ServiceResponseMessage(sender_id=FRAMEWORK@Framework@0, receiver_id=fastran_FPP_000001@toric@6, request_msg_id=REQUEST|fastran_FPP_000001@toric@6|FRAMEWORK@Framework@0|83,status=0, args=(<ipsframework.cca_es_spec.Topic object at 0x7f0ad2a449a0>,), message_id=RESPONSE|FRAMEWORK@Framework@0|fastran_FPP_000001@toric@6|3756)
2026-07-21 11:16:03,981 rf_ic_toric_6   DEBUG    _invoke_service(): sendEvent  ('_IPS_MONITOR', 'PORTAL_EVENT', {'sim_name': 'fastran_FPP_000001', 'real_sim_name': 'fastran_FPP_000001', 'portal_data': {'code': 'rf_ic_toric', 'eventtype': 'IPS_LAUNCH_TASK', 'ok': True, 'walltime': '1673.01', 'time': '2026-07-21|11:16:03PDT', 'state': 'Running', 'comment': 'task_id = 10 , Tag = None , nproc = 24 , Target = srun -N 1 -n 24 -c 5 --threads-per-core=1 --cpu-bind=cores /global/common/software/atom/perlmutter/binaries/toric/default/Ptoric.e '}})
2026-07-21 11:16:03,982 rf_ic_toric_6   DEBUG    _get_service_response(REQUEST|fastran_FPP_000001@toric@6|FRAMEWORK@Framework@0|84)
2026-07-21 11:16:03,992 rf_ic_toric_6   DEBUG    _get_service_response(REQUEST|fastran_FPP_000001@toric@6|FRAMEWORK@Framework@0|84), response = ServiceResponseMessage(sender_id=FRAMEWORK@Framework@0, receiver_id=fastran_FPP_000001@toric@6, request_msg_id=REQUEST|fastran_FPP_000001@toric@6|FRAMEWORK@Framework@0|84,status=0, args=(None,), message_id=RESPONSE|FRAMEWORK@Framework@0|fastran_FPP_000001@toric@6|3757)
2026-07-21 11:21:56,816 rf_ic_toric_6   DEBUG    _invoke_service(): getTopic  ('_IPS_MONITOR',)
2026-07-21 11:21:56,816 rf_ic_toric_6   DEBUG    _get_service_response(REQUEST|fastran_FPP_000001@toric@6|FRAMEWORK@Framework@0|85)
2026-07-21 11:21:56,827 rf_ic_toric_6   DEBUG    _get_service_response(REQUEST|fastran_FPP_000001@toric@6|FRAMEWORK@Framework@0|85), response = ServiceResponseMessage(sender_id=FRAMEWORK@Framework@0, receiver_id=fastran_FPP_000001@toric@6, request_msg_id=REQUEST|fastran_FPP_000001@toric@6|FRAMEWORK@Framework@0|85,status=0, args=(<ipsframework.cca_es_spec.Topic object at 0x7f0ad2a44a60>,), message_id=RESPONSE|FRAMEWORK@Framework@0|fastran_FPP_000001@toric@6|4448)
2026-07-21 11:21:56,827 rf_ic_toric_6   DEBUG    _invoke_service(): sendEvent  ('_IPS_MONITOR', 'PORTAL_EVENT', {'sim_name': 'fastran_FPP_000001', 'real_sim_name': 'fastran_FPP_000001', 'portal_data': {'code': 'rf_ic_toric', 'eventtype': 'IPS_TASK_END', 'ok': True, 'walltime': '2025.85', 'time': '2026-07-21|11:21:56PDT', 'trace': {'timestamp': 1784657763970150, 'duration': 352845801, 'localEndpoint': {'serviceName': '/global/common/software/atom/perlmutter/binaries/toric/default/Ptoric.e'}, 'name': '', 'id': 'fbbe941d62a41d04', 'parentId': '1cb2762569bcd0b4', 'tags': {'procs_requested': '24', 'cores_allocated': '128'}}, 'state': 'Running', 'comment': 'task_id = 10  elapsed time = 352.85 S'}})
2026-07-21 11:21:56,827 rf_ic_toric_6   DEBUG    _get_service_response(REQUEST|fastran_FPP_000001@toric@6|FRAMEWORK@Framework@0|86)
2026-07-21 11:21:56,839 rf_ic_toric_6   DEBUG    _get_service_response(REQUEST|fastran_FPP_000001@toric@6|FRAMEWORK@Framework@0|86), response = ServiceResponseMessage(sender_id=FRAMEWORK@Framework@0, receiver_id=fastran_FPP_000001@toric@6, request_msg_id=REQUEST|fastran_FPP_000001@toric@6|FRAMEWORK@Framework@0|86,status=0, args=(None,), message_id=RESPONSE|FRAMEWORK@Framework@0|fastran_FPP_000001@toric@6|4449)
2026-07-21 11:21:56,839 rf_ic_toric_6   DEBUG    _invoke_service(): finish_task  (10, 0)
2026-07-21 11:21:56,839 rf_ic_toric_6   DEBUG    _get_service_response(REQUEST|fastran_FPP_000001@toric@6|FRAMEWORK@Framework@0|87)
2026-07-21 11:21:56,850 rf_ic_toric_6   DEBUG    _get_service_response(REQUEST|fastran_FPP_000001@toric@6|FRAMEWORK@Framework@0|87), response = ServiceResponseMessage(sender_id=FRAMEWORK@Framework@0, receiver_id=fastran_FPP_000001@toric@6, request_msg_id=REQUEST|fastran_FPP_000001@toric@6|FRAMEWORK@Framework@0|87,status=0, args=(0,), message_id=RESPONSE|FRAMEWORK@Framework@0|fastran_FPP_000001@toric@6|4450)
2026-07-21 11:21:57,193 rf_ic_toric_6   DEBUG    _invoke_service(): merge_current_plasma_state  ('/pscratch/sd/h/hswils/github_repos/MANTA_DBSCANS/IC+RAD+TGLF/bcfrom2024/basecase/SCAN/work/rf_ic_toric_6/RF_IC_s000001.00001', '/pscratch/sd/h/hswils/github_repos/MANTA_DBSCANS/IC+RAD+TGLF/bcfrom2024/basecase/SCAN/work/plasma_state/s000001.00001', 'log.update_state', '/global/common/software/atom/perlmutter/binaries/update-state/default/update_state')
2026-07-21 11:21:57,193 rf_ic_toric_6   DEBUG    _get_service_response(REQUEST|fastran_FPP_000001@toric@6|FRAMEWORK@Framework@0|88)
2026-07-21 11:21:57,421 rf_ic_toric_6   DEBUG    _get_service_response(REQUEST|fastran_FPP_000001@toric@6|FRAMEWORK@Framework@0|88), response = ServiceResponseMessage(sender_id=FRAMEWORK@Framework@0, receiver_id=fastran_FPP_000001@toric@6, request_msg_id=REQUEST|fastran_FPP_000001@toric@6|FRAMEWORK@Framework@0|88,status=0, args=(0,), message_id=RESPONSE|FRAMEWORK@Framework@0|fastran_FPP_000001@toric@6|4452)
2026-07-21 11:21:57,421 rf_ic_toric_6   DEBUG    _invoke_service(): getTopic  ('_IPS_MONITOR',)
2026-07-21 11:21:57,422 rf_ic_toric_6   DEBUG    _get_service_response(REQUEST|fastran_FPP_000001@toric@6|FRAMEWORK@Framework@0|89)
2026-07-21 11:21:57,432 rf_ic_toric_6   DEBUG    _get_service_response(REQUEST|fastran_FPP_000001@toric@6|FRAMEWORK@Framework@0|89), response = ServiceResponseMessage(sender_id=FRAMEWORK@Framework@0, receiver_id=fastran_FPP_000001@toric@6, request_msg_id=REQUEST|fastran_FPP_000001@toric@6|FRAMEWORK@Framework@0|89,status=0, args=(<ipsframework.cca_es_spec.Topic object at 0x7f0ad2a44850>,), message_id=RESPONSE|FRAMEWORK@Framework@0|fastran_FPP_000001@toric@6|4453)
2026-07-21 11:21:57,432 rf_ic_toric_6   DEBUG    _invoke_service(): sendEvent  ('_IPS_MONITOR', 'PORTAL_EVENT', {'sim_name': 'fastran_FPP_000001', 'real_sim_name': 'fastran_FPP_000001', 'portal_data': {'code': 'rf_ic_toric', 'eventtype': 'IPS_MERGE_PLASMA_STATE', 'ok': True, 'walltime': '2026.46', 'time': '2026-07-21|11:21:57PDT', 'state': 'Running', 'comment': 'Success'}})
2026-07-21 11:21:57,432 rf_ic_toric_6   DEBUG    _get_service_response(REQUEST|fastran_FPP_000001@toric@6|FRAMEWORK@Framework@0|90)
2026-07-21 11:21:57,443 rf_ic_toric_6   DEBUG    _get_service_response(REQUEST|fastran_FPP_000001@toric@6|FRAMEWORK@Framework@0|90), response = ServiceResponseMessage(sender_id=FRAMEWORK@Framework@0, receiver_id=fastran_FPP_000001@toric@6, request_msg_id=REQUEST|fastran_FPP_000001@toric@6|FRAMEWORK@Framework@0|90,status=0, args=(None,), message_id=RESPONSE|FRAMEWORK@Framework@0|fastran_FPP_000001@toric@6|4454)
2026-07-21 11:21:57,577 rf_ic_toric_6   DEBUG    _invoke_service(): getTopic  ('_IPS_MONITOR',)
2026-07-21 11:21:57,577 rf_ic_toric_6   DEBUG    _get_service_response(REQUEST|fastran_FPP_000001@toric@6|FRAMEWORK@Framework@0|91)
2026-07-21 11:21:57,588 rf_ic_toric_6   DEBUG    _get_service_response(REQUEST|fastran_FPP_000001@toric@6|FRAMEWORK@Framework@0|91), response = ServiceResponseMessage(sender_id=FRAMEWORK@Framework@0, receiver_id=fastran_FPP_000001@toric@6, request_msg_id=REQUEST|fastran_FPP_000001@toric@6|FRAMEWORK@Framework@0|91,status=0, args=(<ipsframework.cca_es_spec.Topic object at 0x7f0ad2a448b0>,), message_id=RESPONSE|FRAMEWORK@Framework@0|fastran_FPP_000001@toric@6|4456)
2026-07-21 11:21:57,588 rf_ic_toric_6   DEBUG    _invoke_service(): sendEvent  ('_IPS_MONITOR', 'PORTAL_EVENT', {'sim_name': 'fastran_FPP_000001', 'real_sim_name': 'fastran_FPP_000001', 'portal_data': {'code': 'rf_ic_toric', 'eventtype': 'IPS_STAGE_OUTPUTS', 'ok': True, 'walltime': '2026.61', 'time': '2026-07-21|11:21:57PDT', 'trace': {'timestamp': 1784658117443871, 'duration': 133476, 'localEndpoint': {'serviceName': 'stage_output_files'}, 'name': "['torica.inp', 'machine.inp', 'log.toric', 'toric.nc', 'profstat.dat', 'equigs.data', 'equidt.data', 'toric_cfg.nc']", 'id': '749f5c33ef51fb56', 'parentId': '1cb2762569bcd0b4', 'tags': {}}, 'state': 'Running', 'comment': "Elapsed time = 0.133 Path = /pscratch/sd/h/hswils/github_repos/MANTA_DBSCANS/IC+RAD+TGLF/bcfrom2024/basecase/SCAN/simulation_results/4/components/rf_ic_toric_6 Files = ['torica.inp', 'machine.inp', 'log.toric', 'toric.nc', 'profstat.dat', 'equigs.data', 'equidt.data', 'toric_cfg.nc']"}})
2026-07-21 11:21:57,588 rf_ic_toric_6   DEBUG    _get_service_response(REQUEST|fastran_FPP_000001@toric@6|FRAMEWORK@Framework@0|92)
2026-07-21 11:21:57,598 rf_ic_toric_6   DEBUG    _get_service_response(REQUEST|fastran_FPP_000001@toric@6|FRAMEWORK@Framework@0|92), response = ServiceResponseMessage(sender_id=FRAMEWORK@Framework@0, receiver_id=fastran_FPP_000001@toric@6, request_msg_id=REQUEST|fastran_FPP_000001@toric@6|FRAMEWORK@Framework@0|92,status=0, args=(None,), message_id=RESPONSE|FRAMEWORK@Framework@0|fastran_FPP_000001@toric@6|4457)
2026-07-21 11:21:57,609 fastran_driver_fastran_driver_2 DEBUG    _get_service_response(REQUEST|fastran_FPP_000001@fastran_driver@2|FRAMEWORK@Framework@0|214), response = ServiceResponseMessage(sender_id=FRAMEWORK@Framework@0, receiver_id=fastran_FPP_000001@fastran_driver@2, request_msg_id=REQUEST|fastran_FPP_000001@fastran_driver@2|FRAMEWORK@Framework@0|214,status=0, args=((0,),), message_id=RESPONSE|FRAMEWORK@Framework@0|fastran_FPP_000001@fastran_driver@2|4458)
2026-07-21 11:21:57,609 fastran_driver_fastran_driver_2 DEBUG    _invoke_service(): getTopic  ('_IPS_MONITOR',)
2026-07-21 11:21:57,609 fastran_driver_fastran_driver_2 DEBUG    _get_service_response(REQUEST|fastran_FPP_000001@fastran_driver@2|FRAMEWORK@Framework@0|215)
2026-07-21 11:21:57,620 fastran_driver_fastran_driver_2 DEBUG    _get_service_response(REQUEST|fastran_FPP_000001@fastran_driver@2|FRAMEWORK@Framework@0|215), response = ServiceResponseMessage(sender_id=FRAMEWORK@Framework@0, receiver_id=fastran_FPP_000001@fastran_driver@2, request_msg_id=REQUEST|fastran_FPP_000001@fastran_driver@2|FRAMEWORK@Framework@0|215,status=0, args=(<ipsframework.cca_es_spec.Topic object at 0x7f0ad2b880d0>,), message_id=RESPONSE|FRAMEWORK@Framework@0|fastran_FPP_000001@fastran_driver@2|4459)
2026-07-21 11:21:57,620 fastran_driver_fastran_driver_2 DEBUG    _invoke_service(): sendEvent  ('_IPS_MONITOR', 'PORTAL_EVENT', {'sim_name': 'fastran_FPP_000001', 'real_sim_name': 'fastran_FPP_000001', 'portal_data': {'code': 'fastran_driver_fastran_driver', 'eventtype': 'IPS_CALL_END', 'ok': True, 'walltime': '2026.65', 'time': '2026-07-21|11:21:57PDT', 'trace': {'timestamp': 1784657763425808, 'duration': 354183802, 'localEndpoint': {'serviceName': 'fastran_FPP_000001@toric@6'}, 'name': 'step(4)', 'id': '1cb2762569bcd0b4', 'parentId': 'f899e3e5886669ce', 'tags': {}}, 'state': 'Running', 'comment': 'Target = fastran_FPP_000001@toric@6:step(4)'}})
2026-07-21 11:21:57,620 fastran_driver_fastran_driver_2 DEBUG    _get_service_response(REQUEST|fastran_FPP_000001@fastran_driver@2|FRAMEWORK@Framework@0|216)
2026-07-21 11:21:57,631 fastran_driver_fastran_driver_2 DEBUG    _get_service_response(REQUEST|fastran_FPP_000001@fastran_driver@2|FRAMEWORK@Framework@0|216), response = ServiceResponseMessage(sender_id=FRAMEWORK@Framework@0, receiver_id=fastran_FPP_000001@fastran_driver@2, request_msg_id=REQUEST|fastran_FPP_000001@fastran_driver@2|FRAMEWORK@Framework@0|216,status=0, args=(None,), message_id=RESPONSE|FRAMEWORK@Framework@0|fastran_FPP_000001@fastran_driver@2|4460)
2026-07-21 11:21:57,631 fastran_driver_fastran_driver_2 DEBUG    _invoke_service(): getTopic  ('_IPS_MONITOR',)
2026-07-21 11:21:57,631 fastran_driver_fastran_driver_2 DEBUG    _get_service_response(REQUEST|fastran_FPP_000001@fastran_driver@2|FRAMEWORK@Framework@0|217)
2026-07-21 11:21:57,642 fastran_driver_fastran_driver_2 DEBUG    _get_service_response(REQUEST|fastran_FPP_000001@fastran_driver@2|FRAMEWORK@Framework@0|217), response = ServiceResponseMessage(sender_id=FRAMEWORK@Framework@0, receiver_id=fastran_FPP_000001@fastran_driver@2, request_msg_id=REQUEST|fastran_FPP_000001@fastran_driver@2|FRAMEWORK@Framework@0|217,status=0, args=(<ipsframework.cca_es_spec.Topic object at 0x7f0ad2b88130>,), message_id=RESPONSE|FRAMEWORK@Framework@0|fastran_FPP_000001@fastran_driver@2|4461)
2026-07-21 11:21:57,642 fastran_driver_fastran_driver_2 DEBUG    _invoke_service(): sendEvent  ('_IPS_MONITOR', 'PORTAL_EVENT', {'sim_name': 'fastran_FPP_000001', 'real_sim_name': 'fastran_FPP_000001', 'portal_data': {'code': 'fastran_driver_fastran_driver', 'eventtype': 'IPS_CALL_BEGIN', 'ok': True, 'walltime': '2026.67', 'time': '2026-07-21|11:21:57PDT', 'state': 'Running', 'comment': 'Target = fastran_FPP_000001@efit@7:step(4)'}})
2026-07-21 11:21:57,642 fastran_driver_fastran_driver_2 DEBUG    _get_service_response(REQUEST|fastran_FPP_000001@fastran_driver@2|FRAMEWORK@Framework@0|218)
2026-07-21 11:21:57,653 fastran_driver_fastran_driver_2 DEBUG    _get_service_response(REQUEST|fastran_FPP_000001@fastran_driver@2|FRAMEWORK@Framework@0|218), response = ServiceResponseMessage(sender_id=FRAMEWORK@Framework@0, receiver_id=fastran_FPP_000001@fastran_driver@2, request_msg_id=REQUEST|fastran_FPP_000001@fastran_driver@2|FRAMEWORK@Framework@0|218,status=0, args=(None,), message_id=RESPONSE|FRAMEWORK@Framework@0|fastran_FPP_000001@fastran_driver@2|4462)
2026-07-21 11:21:57,653 fastran_driver_fastran_driver_2 DEBUG    _invoke_service(): init_call  ('step', 4)
2026-07-21 11:21:57,653 fastran_driver_fastran_driver_2 DEBUG    _get_service_response(REQUEST|fastran_FPP_000001@fastran_driver@2|FRAMEWORK@Framework@0|219)
2026-07-21 11:21:57,654 fastran_eq_efit_7 DEBUG    Received Message 
2026-07-21 11:21:57,654 fastran_eq_efit_7 DEBUG    Calling method step(4)
2026-07-21 11:21:57,655 fastran_eq_efit_7 DEBUG    _invoke_service(): stage_state  (['s000001.00001', 'g000001.00001', 'i000001.00001'], '/pscratch/sd/h/hswils/github_repos/MANTA_DBSCANS/IC+RAD+TGLF/bcfrom2024/basecase/SCAN/work/plasma_state', '/pscratch/sd/h/hswils/github_repos/MANTA_DBSCANS/IC+RAD+TGLF/bcfrom2024/basecase/SCAN/work/fastran_eq_efit_7')
2026-07-21 11:21:57,655 fastran_eq_efit_7 DEBUG    _get_service_response(REQUEST|fastran_FPP_000001@efit@7|FRAMEWORK@Framework@0|32)
2026-07-21 11:21:57,664 fastran_driver_fastran_driver_2 DEBUG    _get_service_response(REQUEST|fastran_FPP_000001@fastran_driver@2|FRAMEWORK@Framework@0|219), response = ServiceResponseMessage(sender_id=FRAMEWORK@Framework@0, receiver_id=fastran_FPP_000001@fastran_driver@2, request_msg_id=REQUEST|fastran_FPP_000001@fastran_driver@2|FRAMEWORK@Framework@0|219,status=0, args=(37,), message_id=RESPONSE|FRAMEWORK@Framework@0|fastran_FPP_000001@fastran_driver@2|4463)
2026-07-21 11:21:57,664 fastran_driver_fastran_driver_2 DEBUG    _invoke_service(): wait_call  (37, True)
2026-07-21 11:21:57,664 fastran_driver_fastran_driver_2 DEBUG    _get_service_response(REQUEST|fastran_FPP_000001@fastran_driver@2|FRAMEWORK@Framework@0|220)
2026-07-21 11:21:57,675 fastran_eq_efit_7 DEBUG    _get_service_response(REQUEST|fastran_FPP_000001@efit@7|FRAMEWORK@Framework@0|32), response = ServiceResponseMessage(sender_id=FRAMEWORK@Framework@0, receiver_id=fastran_FPP_000001@efit@7, request_msg_id=REQUEST|fastran_FPP_000001@efit@7|FRAMEWORK@Framework@0|32,status=0, args=(0,), message_id=RESPONSE|FRAMEWORK@Framework@0|fastran_FPP_000001@efit@7|4464)
2026-07-21 11:21:57,675 fastran_eq_efit_7 DEBUG    _invoke_service(): getTopic  ('_IPS_MONITOR',)
2026-07-21 11:21:57,675 fastran_eq_efit_7 DEBUG    _get_service_response(REQUEST|fastran_FPP_000001@efit@7|FRAMEWORK@Framework@0|33)
2026-07-21 11:21:57,686 fastran_eq_efit_7 DEBUG    _get_service_response(REQUEST|fastran_FPP_000001@efit@7|FRAMEWORK@Framework@0|33), response = ServiceResponseMessage(sender_id=FRAMEWORK@Framework@0, receiver_id=fastran_FPP_000001@efit@7, request_msg_id=REQUEST|fastran_FPP_000001@efit@7|FRAMEWORK@Framework@0|33,status=0, args=(<ipsframework.cca_es_spec.Topic object at 0x7f0ad2b1f8b0>,), message_id=RESPONSE|FRAMEWORK@Framework@0|fastran_FPP_000001@efit@7|4465)
2026-07-21 11:21:57,686 fastran_eq_efit_7 DEBUG    _invoke_service(): sendEvent  ('_IPS_MONITOR', 'PORTAL_EVENT', {'sim_name': 'fastran_FPP_000001', 'real_sim_name': 'fastran_FPP_000001', 'portal_data': {'code': 'fastran_eq_efit', 'eventtype': 'IPS_STAGE_STATE', 'ok': True, 'walltime': '2026.71', 'time': '2026-07-21|11:21:57PDT', 'trace': {'timestamp': 1784658117654985, 'duration': 20660, 'localEndpoint': {'serviceName': 'stage_state'}, 'name': "['s000001.00001', 'g000001.00001', 'i000001.00001']", 'id': '71885aecf25d7412', 'parentId': '46114afab1f00ff7', 'tags': {}}, 'state': 'Running', 'comment': 'Elapsed time = 0.021  files = s000001.00001 g000001.00001 i000001.00001 Success'}})
2026-07-21 11:21:57,686 fastran_eq_efit_7 DEBUG    _get_service_response(REQUEST|fastran_FPP_000001@efit@7|FRAMEWORK@Framework@0|34)
2026-07-21 11:21:57,697 fastran_eq_efit_7 DEBUG    _get_service_response(REQUEST|fastran_FPP_000001@efit@7|FRAMEWORK@Framework@0|34), response = ServiceResponseMessage(sender_id=FRAMEWORK@Framework@0, receiver_id=fastran_FPP_000001@efit@7, request_msg_id=REQUEST|fastran_FPP_000001@efit@7|FRAMEWORK@Framework@0|34,status=0, args=(None,), message_id=RESPONSE|FRAMEWORK@Framework@0|fastran_FPP_000001@efit@7|4466)
2026-07-21 11:22:00,461 fastran_eq_efit_7 DEBUG    _invoke_service(): update_state  (['s000001.00001', 'g000001.00001', 'i000001.00001'], '/pscratch/sd/h/hswils/github_repos/MANTA_DBSCANS/IC+RAD+TGLF/bcfrom2024/basecase/SCAN/work/fastran_eq_efit_7', '/pscratch/sd/h/hswils/github_repos/MANTA_DBSCANS/IC+RAD+TGLF/bcfrom2024/basecase/SCAN/work/plasma_state')
2026-07-21 11:22:00,462 fastran_eq_efit_7 DEBUG    _get_service_response(REQUEST|fastran_FPP_000001@efit@7|FRAMEWORK@Framework@0|35)
2026-07-21 11:22:00,483 fastran_eq_efit_7 DEBUG    _get_service_response(REQUEST|fastran_FPP_000001@efit@7|FRAMEWORK@Framework@0|35), response = ServiceResponseMessage(sender_id=FRAMEWORK@Framework@0, receiver_id=fastran_FPP_000001@efit@7, request_msg_id=REQUEST|fastran_FPP_000001@efit@7|FRAMEWORK@Framework@0|35,status=0, args=(0,), message_id=RESPONSE|FRAMEWORK@Framework@0|fastran_FPP_000001@efit@7|4472)
2026-07-21 11:22:00,483 fastran_eq_efit_7 DEBUG    _invoke_service(): getTopic  ('_IPS_MONITOR',)
2026-07-21 11:22:00,483 fastran_eq_efit_7 DEBUG    _get_service_response(REQUEST|fastran_FPP_000001@efit@7|FRAMEWORK@Framework@0|36)
2026-07-21 11:22:00,494 fastran_eq_efit_7 DEBUG    _get_service_response(REQUEST|fastran_FPP_000001@efit@7|FRAMEWORK@Framework@0|36), response = ServiceResponseMessage(sender_id=FRAMEWORK@Framework@0, receiver_id=fastran_FPP_000001@efit@7, request_msg_id=REQUEST|fastran_FPP_000001@efit@7|FRAMEWORK@Framework@0|36,status=0, args=(<ipsframework.cca_es_spec.Topic object at 0x7f0ad2b3d280>,), message_id=RESPONSE|FRAMEWORK@Framework@0|fastran_FPP_000001@efit@7|4473)
2026-07-21 11:22:00,494 fastran_eq_efit_7 DEBUG    _invoke_service(): sendEvent  ('_IPS_MONITOR', 'PORTAL_EVENT', {'sim_name': 'fastran_FPP_000001', 'real_sim_name': 'fastran_FPP_000001', 'portal_data': {'code': 'fastran_eq_efit', 'eventtype': 'IPS_UPDATE_STATE', 'ok': True, 'walltime': '2029.52', 'time': '2026-07-21|11:22:00PDT', 'trace': {'timestamp': 1784658120461281, 'duration': 21892, 'localEndpoint': {'serviceName': 'update_state'}, 'name': "['s000001.00001', 'g000001.00001', 'i000001.00001']", 'id': '7629e189a66153c0', 'parentId': '46114afab1f00ff7', 'tags': {}}, 'state': 'Running', 'comment': 'Elapsed time = 0.022   files = s000001.00001 g000001.00001 i000001.00001 Success'}})
2026-07-21 11:22:00,494 fastran_eq_efit_7 DEBUG    _get_service_response(REQUEST|fastran_FPP_000001@efit@7|FRAMEWORK@Framework@0|37)
2026-07-21 11:22:00,504 fastran_eq_efit_7 DEBUG    _get_service_response(REQUEST|fastran_FPP_000001@efit@7|FRAMEWORK@Framework@0|37), response = ServiceResponseMessage(sender_id=FRAMEWORK@Framework@0, receiver_id=fastran_FPP_000001@efit@7, request_msg_id=REQUEST|fastran_FPP_000001@efit@7|FRAMEWORK@Framework@0|37,status=0, args=(None,), message_id=RESPONSE|FRAMEWORK@Framework@0|fastran_FPP_000001@efit@7|4474)
2026-07-21 11:22:00,530 fastran_eq_efit_7 DEBUG    _invoke_service(): getTopic  ('_IPS_MONITOR',)
2026-07-21 11:22:00,530 fastran_eq_efit_7 DEBUG    _get_service_response(REQUEST|fastran_FPP_000001@efit@7|FRAMEWORK@Framework@0|38)
2026-07-21 11:22:00,541 fastran_eq_efit_7 DEBUG    _get_service_response(REQUEST|fastran_FPP_000001@efit@7|FRAMEWORK@Framework@0|38), response = ServiceResponseMessage(sender_id=FRAMEWORK@Framework@0, receiver_id=fastran_FPP_000001@efit@7, request_msg_id=REQUEST|fastran_FPP_000001@efit@7|FRAMEWORK@Framework@0|38,status=0, args=(<ipsframework.cca_es_spec.Topic object at 0x7f0ad2b3d5b0>,), message_id=RESPONSE|FRAMEWORK@Framework@0|fastran_FPP_000001@efit@7|4476)
2026-07-21 11:22:00,541 fastran_eq_efit_7 DEBUG    _invoke_service(): sendEvent  ('_IPS_MONITOR', 'PORTAL_EVENT', {'sim_name': 'fastran_FPP_000001', 'real_sim_name': 'fastran_FPP_000001', 'portal_data': {'code': 'fastran_eq_efit', 'eventtype': 'IPS_STAGE_OUTPUTS', 'ok': True, 'walltime': '2029.57', 'time': '2026-07-21|11:22:00PDT', 'trace': {'timestamp': 1784658120504745, 'duration': 26091, 'localEndpoint': {'serviceName': 'stage_output_files'}, 'name': "['g*.*', 'a*.*', 'm*.*', 'k*.*', 'efit.log', 's*.*']", 'id': '80725d8eee5776f1', 'parentId': '46114afab1f00ff7', 'tags': {}}, 'state': 'Running', 'comment': "Elapsed time = 0.026 Path = /pscratch/sd/h/hswils/github_repos/MANTA_DBSCANS/IC+RAD+TGLF/bcfrom2024/basecase/SCAN/simulation_results/4/components/fastran_eq_efit_7 Files = ['g*.*', 'a*.*', 'm*.*', 'k*.*', 'efit.log', 's*.*']"}})
2026-07-21 11:22:00,541 fastran_eq_efit_7 DEBUG    _get_service_response(REQUEST|fastran_FPP_000001@efit@7|FRAMEWORK@Framework@0|39)
2026-07-21 11:22:00,551 fastran_eq_efit_7 DEBUG    _get_service_response(REQUEST|fastran_FPP_000001@efit@7|FRAMEWORK@Framework@0|39), response = ServiceResponseMessage(sender_id=FRAMEWORK@Framework@0, receiver_id=fastran_FPP_000001@efit@7, request_msg_id=REQUEST|fastran_FPP_000001@efit@7|FRAMEWORK@Framework@0|39,status=0, args=(None,), message_id=RESPONSE|FRAMEWORK@Framework@0|fastran_FPP_000001@efit@7|4477)
2026-07-21 11:22:00,564 fastran_driver_fastran_driver_2 DEBUG    _get_service_response(REQUEST|fastran_FPP_000001@fastran_driver@2|FRAMEWORK@Framework@0|220), response = ServiceResponseMessage(sender_id=FRAMEWORK@Framework@0, receiver_id=fastran_FPP_000001@fastran_driver@2, request_msg_id=REQUEST|fastran_FPP_000001@fastran_driver@2|FRAMEWORK@Framework@0|220,status=0, args=((None,),), message_id=RESPONSE|FRAMEWORK@Framework@0|fastran_FPP_000001@fastran_driver@2|4478)
2026-07-21 11:22:00,564 fastran_driver_fastran_driver_2 DEBUG    _invoke_service(): getTopic  ('_IPS_MONITOR',)
2026-07-21 11:22:00,564 fastran_driver_fastran_driver_2 DEBUG    _get_service_response(REQUEST|fastran_FPP_000001@fastran_driver@2|FRAMEWORK@Framework@0|221)
2026-07-21 11:22:00,575 fastran_driver_fastran_driver_2 DEBUG    _get_service_response(REQUEST|fastran_FPP_000001@fastran_driver@2|FRAMEWORK@Framework@0|221), response = ServiceResponseMessage(sender_id=FRAMEWORK@Framework@0, receiver_id=fastran_FPP_000001@fastran_driver@2, request_msg_id=REQUEST|fastran_FPP_000001@fastran_driver@2|FRAMEWORK@Framework@0|221,status=0, args=(<ipsframework.cca_es_spec.Topic object at 0x7f0ad2b880a0>,), message_id=RESPONSE|FRAMEWORK@Framework@0|fastran_FPP_000001@fastran_driver@2|4479)
2026-07-21 11:22:00,575 fastran_driver_fastran_driver_2 DEBUG    _invoke_service(): sendEvent  ('_IPS_MONITOR', 'PORTAL_EVENT', {'sim_name': 'fastran_FPP_000001', 'real_sim_name': 'fastran_FPP_000001', 'portal_data': {'code': 'fastran_driver_fastran_driver', 'eventtype': 'IPS_CALL_END', 'ok': True, 'walltime': '2029.60', 'time': '2026-07-21|11:22:00PDT', 'trace': {'timestamp': 1784658117664653, 'duration': 2899772, 'localEndpoint': {'serviceName': 'fastran_FPP_000001@efit@7'}, 'name': 'step(4)', 'id': '46114afab1f00ff7', 'parentId': 'f899e3e5886669ce', 'tags': {}}, 'state': 'Running', 'comment': 'Target = fastran_FPP_000001@efit@7:step(4)'}})
2026-07-21 11:22:00,575 fastran_driver_fastran_driver_2 DEBUG    _get_service_response(REQUEST|fastran_FPP_000001@fastran_driver@2|FRAMEWORK@Framework@0|222)
2026-07-21 11:22:00,586 fastran_driver_fastran_driver_2 DEBUG    _get_service_response(REQUEST|fastran_FPP_000001@fastran_driver@2|FRAMEWORK@Framework@0|222), response = ServiceResponseMessage(sender_id=FRAMEWORK@Framework@0, receiver_id=fastran_FPP_000001@fastran_driver@2, request_msg_id=REQUEST|fastran_FPP_000001@fastran_driver@2|FRAMEWORK@Framework@0|222,status=0, args=(None,), message_id=RESPONSE|FRAMEWORK@Framework@0|fastran_FPP_000001@fastran_driver@2|4480)
2026-07-21 11:22:00,586 fastran_driver_fastran_driver_2 DEBUG    _invoke_service(): getTopic  ('_IPS_MONITOR',)
2026-07-21 11:22:00,586 fastran_driver_fastran_driver_2 DEBUG    _get_service_response(REQUEST|fastran_FPP_000001@fastran_driver@2|FRAMEWORK@Framework@0|223)
2026-07-21 11:22:00,597 fastran_driver_fastran_driver_2 DEBUG    _get_service_response(REQUEST|fastran_FPP_000001@fastran_driver@2|FRAMEWORK@Framework@0|223), response = ServiceResponseMessage(sender_id=FRAMEWORK@Framework@0, receiver_id=fastran_FPP_000001@fastran_driver@2, request_msg_id=REQUEST|fastran_FPP_000001@fastran_driver@2|FRAMEWORK@Framework@0|223,status=0, args=(<ipsframework.cca_es_spec.Topic object at 0x7f0ad2b88040>,), message_id=RESPONSE|FRAMEWORK@Framework@0|fastran_FPP_000001@fastran_driver@2|4481)
2026-07-21 11:22:00,597 fastran_driver_fastran_driver_2 DEBUG    _invoke_service(): sendEvent  ('_IPS_MONITOR', 'PORTAL_EVENT', {'sim_name': 'fastran_FPP_000001', 'real_sim_name': 'fastran_FPP_000001', 'portal_data': {'code': 'fastran_driver_fastran_driver', 'eventtype': 'IPS_CALL_BEGIN', 'ok': True, 'walltime': '2029.62', 'time': '2026-07-21|11:22:00PDT', 'state': 'Running', 'comment': 'Target = fastran_FPP_000001@fastran@8:step(4)'}})
2026-07-21 11:22:00,597 fastran_driver_fastran_driver_2 DEBUG    _get_service_response(REQUEST|fastran_FPP_000001@fastran_driver@2|FRAMEWORK@Framework@0|224)
2026-07-21 11:22:00,608 fastran_driver_fastran_driver_2 DEBUG    _get_service_response(REQUEST|fastran_FPP_000001@fastran_driver@2|FRAMEWORK@Framework@0|224), response = ServiceResponseMessage(sender_id=FRAMEWORK@Framework@0, receiver_id=fastran_FPP_000001@fastran_driver@2, request_msg_id=REQUEST|fastran_FPP_000001@fastran_driver@2|FRAMEWORK@Framework@0|224,status=0, args=(None,), message_id=RESPONSE|FRAMEWORK@Framework@0|fastran_FPP_000001@fastran_driver@2|4482)
2026-07-21 11:22:00,608 fastran_driver_fastran_driver_2 DEBUG    _invoke_service(): init_call  ('step', 4)
2026-07-21 11:22:00,608 fastran_driver_fastran_driver_2 DEBUG    _get_service_response(REQUEST|fastran_FPP_000001@fastran_driver@2|FRAMEWORK@Framework@0|225)
2026-07-21 11:22:00,609 fastran_tr_fastran_8 DEBUG    Received Message 
2026-07-21 11:22:00,609 fastran_tr_fastran_8 DEBUG    Calling method step(4)
2026-07-21 11:22:00,609 fastran_tr_fastran_8 DEBUG    _invoke_service(): stage_state  (['s000001.00001', 'g000001.00001', 'i000001.00001'], '/pscratch/sd/h/hswils/github_repos/MANTA_DBSCANS/IC+RAD+TGLF/bcfrom2024/basecase/SCAN/work/plasma_state', '/pscratch/sd/h/hswils/github_repos/MANTA_DBSCANS/IC+RAD+TGLF/bcfrom2024/basecase/SCAN/work/fastran_tr_fastran_8')
2026-07-21 11:22:00,609 fastran_tr_fastran_8 DEBUG    _get_service_response(REQUEST|fastran_FPP_000001@fastran@8|FRAMEWORK@Framework@0|64)
2026-07-21 11:22:00,619 fastran_driver_fastran_driver_2 DEBUG    _get_service_response(REQUEST|fastran_FPP_000001@fastran_driver@2|FRAMEWORK@Framework@0|225), response = ServiceResponseMessage(sender_id=FRAMEWORK@Framework@0, receiver_id=fastran_FPP_000001@fastran_driver@2, request_msg_id=REQUEST|fastran_FPP_000001@fastran_driver@2|FRAMEWORK@Framework@0|225,status=0, args=(38,), message_id=RESPONSE|FRAMEWORK@Framework@0|fastran_FPP_000001@fastran_driver@2|4483)
2026-07-21 11:22:00,619 fastran_driver_fastran_driver_2 DEBUG    _invoke_service(): wait_call  (38, True)
2026-07-21 11:22:00,619 fastran_driver_fastran_driver_2 DEBUG    _get_service_response(REQUEST|fastran_FPP_000001@fastran_driver@2|FRAMEWORK@Framework@0|226)
2026-07-21 11:22:00,630 fastran_tr_fastran_8 DEBUG    _get_service_response(REQUEST|fastran_FPP_000001@fastran@8|FRAMEWORK@Framework@0|64), response = ServiceResponseMessage(sender_id=FRAMEWORK@Framework@0, receiver_id=fastran_FPP_000001@fastran@8, request_msg_id=REQUEST|fastran_FPP_000001@fastran@8|FRAMEWORK@Framework@0|64,status=0, args=(0,), message_id=RESPONSE|FRAMEWORK@Framework@0|fastran_FPP_000001@fastran@8|4484)
2026-07-21 11:22:00,630 fastran_tr_fastran_8 DEBUG    _invoke_service(): getTopic  ('_IPS_MONITOR',)
2026-07-21 11:22:00,630 fastran_tr_fastran_8 DEBUG    _get_service_response(REQUEST|fastran_FPP_000001@fastran@8|FRAMEWORK@Framework@0|65)
2026-07-21 11:22:00,641 fastran_tr_fastran_8 DEBUG    _get_service_response(REQUEST|fastran_FPP_000001@fastran@8|FRAMEWORK@Framework@0|65), response = ServiceResponseMessage(sender_id=FRAMEWORK@Framework@0, receiver_id=fastran_FPP_000001@fastran@8, request_msg_id=REQUEST|fastran_FPP_000001@fastran@8|FRAMEWORK@Framework@0|65,status=0, args=(<ipsframework.cca_es_spec.Topic object at 0x7f0ad2a78580>,), message_id=RESPONSE|FRAMEWORK@Framework@0|fastran_FPP_000001@fastran@8|4485)
2026-07-21 11:22:00,641 fastran_tr_fastran_8 DEBUG    _invoke_service(): sendEvent  ('_IPS_MONITOR', 'PORTAL_EVENT', {'sim_name': 'fastran_FPP_000001', 'real_sim_name': 'fastran_FPP_000001', 'portal_data': {'code': 'fastran_tr_fastran', 'eventtype': 'IPS_STAGE_STATE', 'ok': True, 'walltime': '2029.67', 'time': '2026-07-21|11:22:00PDT', 'trace': {'timestamp': 1784658120609554, 'duration': 20972, 'localEndpoint': {'serviceName': 'stage_state'}, 'name': "['s000001.00001', 'g000001.00001', 'i000001.00001']", 'id': '71885aecf25d7412', 'parentId': 'eb091b4eeea33c28', 'tags': {}}, 'state': 'Running', 'comment': 'Elapsed time = 0.021  files = s000001.00001 g000001.00001 i000001.00001 Success'}})
2026-07-21 11:22:00,641 fastran_tr_fastran_8 DEBUG    _get_service_response(REQUEST|fastran_FPP_000001@fastran@8|FRAMEWORK@Framework@0|66)
2026-07-21 11:22:00,651 fastran_tr_fastran_8 DEBUG    _get_service_response(REQUEST|fastran_FPP_000001@fastran@8|FRAMEWORK@Framework@0|66), response = ServiceResponseMessage(sender_id=FRAMEWORK@Framework@0, receiver_id=fastran_FPP_000001@fastran@8, request_msg_id=REQUEST|fastran_FPP_000001@fastran@8|FRAMEWORK@Framework@0|66,status=0, args=(None,), message_id=RESPONSE|FRAMEWORK@Framework@0|fastran_FPP_000001@fastran@8|4486)
2026-07-21 11:22:00,659 fastran_tr_fastran_8 DEBUG    _invoke_service(): getTopic  ('_IPS_MONITOR',)
2026-07-21 11:22:00,659 fastran_tr_fastran_8 DEBUG    _get_service_response(REQUEST|fastran_FPP_000001@fastran@8|FRAMEWORK@Framework@0|67)
2026-07-21 11:22:00,669 fastran_tr_fastran_8 DEBUG    _get_service_response(REQUEST|fastran_FPP_000001@fastran@8|FRAMEWORK@Framework@0|67), response = ServiceResponseMessage(sender_id=FRAMEWORK@Framework@0, receiver_id=fastran_FPP_000001@fastran@8, request_msg_id=REQUEST|fastran_FPP_000001@fastran@8|FRAMEWORK@Framework@0|67,status=0, args=(<ipsframework.cca_es_spec.Topic object at 0x7f0ad2a78460>,), message_id=RESPONSE|FRAMEWORK@Framework@0|fastran_FPP_000001@fastran@8|4487)
2026-07-21 11:22:00,669 fastran_tr_fastran_8 DEBUG    _invoke_service(): sendEvent  ('_IPS_MONITOR', 'PORTAL_EVENT', {'sim_name': 'fastran_FPP_000001', 'real_sim_name': 'fastran_FPP_000001', 'portal_data': {'code': 'fastran_tr_fastran', 'eventtype': 'IPS_STAGE_INPUTS', 'ok': True, 'walltime': '2029.70', 'time': '2026-07-21|11:22:00PDT', 'trace': {'timestamp': 1784658120651990, 'duration': 7033, 'localEndpoint': {'serviceName': 'stage_input_files'}, 'name': 'infastran intglf', 'id': '5ff6e2efe4653e6c', 'parentId': 'eb091b4eeea33c28', 'tags': {}}, 'state': 'Running', 'comment': 'Elapsed time = 0.007 Path = /pscratch/sd/h/hswils/github_repos/MANTA_DBSCANS/IC+RAD+TGLF/bcfrom2024/basecase/input Files = infastran intglf'}})
2026-07-21 11:22:00,669 fastran_tr_fastran_8 DEBUG    _get_service_response(REQUEST|fastran_FPP_000001@fastran@8|FRAMEWORK@Framework@0|68)
2026-07-21 11:22:00,680 fastran_tr_fastran_8 DEBUG    _get_service_response(REQUEST|fastran_FPP_000001@fastran@8|FRAMEWORK@Framework@0|68), response = ServiceResponseMessage(sender_id=FRAMEWORK@Framework@0, receiver_id=fastran_FPP_000001@fastran@8, request_msg_id=REQUEST|fastran_FPP_000001@fastran@8|FRAMEWORK@Framework@0|68,status=0, args=(None,), message_id=RESPONSE|FRAMEWORK@Framework@0|fastran_FPP_000001@fastran@8|4488)
2026-07-21 11:22:00,979 fastran_tr_fastran_8 DEBUG    _invoke_service(): init_task  (TaskInit(nproc=126, binary='/global/common/software/atom/perlmutter/binaries/fastran/default/xfastran_ver1.07', working_dir='/pscratch/sd/h/hswils/github_repos/MANTA_DBSCANS/IC+RAD+TGLF/bcfrom2024/basecase/SCAN/work/fastran_tr_fastran_8', tppn=0, tcpp=0, tgpp=0, block=True, omp=False, wnodes=True, wsocks=True, cmd_args=('6', '21')),)
2026-07-21 11:22:00,979 fastran_tr_fastran_8 DEBUG    _get_service_response(REQUEST|fastran_FPP_000001@fastran@8|FRAMEWORK@Framework@0|69)
2026-07-21 11:22:00,990 fastran_tr_fastran_8 DEBUG    _get_service_response(REQUEST|fastran_FPP_000001@fastran@8|FRAMEWORK@Framework@0|69), response = ServiceResponseMessage(sender_id=FRAMEWORK@Framework@0, receiver_id=fastran_FPP_000001@fastran@8, request_msg_id=REQUEST|fastran_FPP_000001@fastran@8|FRAMEWORK@Framework@0|69,status=0, args=((11, 'srun -N 1 -n 126 -c 1 --threads-per-core=1 --cpu-bind=cores /global/common/software/atom/perlmutter/binaries/fastran/default/xfastran_ver1.07 6 21', None, 128),), message_id=RESPONSE|FRAMEWORK@Framework@0|fastran_FPP_000001@fastran@8|4489)
2026-07-21 11:22:00,992 fastran_tr_fastran_8 DEBUG    Launching command : srun -N 1 -n 126 -c 1 --threads-per-core=1 --cpu-bind=cores /global/common/software/atom/perlmutter/binaries/fastran/default/xfastran_ver1.07 6 21
2026-07-21 11:22:01,038 fastran_tr_fastran_8 DEBUG    _invoke_service(): getTopic  ('_IPS_MONITOR',)
2026-07-21 11:22:01,038 fastran_tr_fastran_8 DEBUG    _get_service_response(REQUEST|fastran_FPP_000001@fastran@8|FRAMEWORK@Framework@0|70)
2026-07-21 11:22:01,049 fastran_tr_fastran_8 DEBUG    _get_service_response(REQUEST|fastran_FPP_000001@fastran@8|FRAMEWORK@Framework@0|70), response = ServiceResponseMessage(sender_id=FRAMEWORK@Framework@0, receiver_id=fastran_FPP_000001@fastran@8, request_msg_id=REQUEST|fastran_FPP_000001@fastran@8|FRAMEWORK@Framework@0|70,status=0, args=(<ipsframework.cca_es_spec.Topic object at 0x7f0ad2a787f0>,), message_id=RESPONSE|FRAMEWORK@Framework@0|fastran_FPP_000001@fastran@8|4491)
2026-07-21 11:22:01,049 fastran_tr_fastran_8 DEBUG    _invoke_service(): sendEvent  ('_IPS_MONITOR', 'PORTAL_EVENT', {'sim_name': 'fastran_FPP_000001', 'real_sim_name': 'fastran_FPP_000001', 'portal_data': {'code': 'fastran_tr_fastran', 'eventtype': 'IPS_LAUNCH_TASK', 'ok': True, 'walltime': '2030.07', 'time': '2026-07-21|11:22:01PDT', 'state': 'Running', 'comment': 'task_id = 11 , Tag = None , nproc = 126 , Target = srun -N 1 -n 126 -c 1 --threads-per-core=1 --cpu-bind=cores /global/common/software/atom/perlmutter/binaries/fastran/default/xfastran_ver1.07 6 21'}})
2026-07-21 11:22:01,050 fastran_tr_fastran_8 DEBUG    _get_service_response(REQUEST|fastran_FPP_000001@fastran@8|FRAMEWORK@Framework@0|71)
2026-07-21 11:22:01,060 fastran_tr_fastran_8 DEBUG    _get_service_response(REQUEST|fastran_FPP_000001@fastran@8|FRAMEWORK@Framework@0|71), response = ServiceResponseMessage(sender_id=FRAMEWORK@Framework@0, receiver_id=fastran_FPP_000001@fastran@8, request_msg_id=REQUEST|fastran_FPP_000001@fastran@8|FRAMEWORK@Framework@0|71,status=0, args=(None,), message_id=RESPONSE|FRAMEWORK@Framework@0|fastran_FPP_000001@fastran@8|4492)
2026-07-21 11:22:54,869 fastran_tr_fastran_8 DEBUG    _invoke_service(): getTopic  ('_IPS_MONITOR',)
2026-07-21 11:22:54,869 fastran_tr_fastran_8 DEBUG    _get_service_response(REQUEST|fastran_FPP_000001@fastran@8|FRAMEWORK@Framework@0|72)
2026-07-21 11:22:54,880 fastran_tr_fastran_8 DEBUG    _get_service_response(REQUEST|fastran_FPP_000001@fastran@8|FRAMEWORK@Framework@0|72), response = ServiceResponseMessage(sender_id=FRAMEWORK@Framework@0, receiver_id=fastran_FPP_000001@fastran@8, request_msg_id=REQUEST|fastran_FPP_000001@fastran@8|FRAMEWORK@Framework@0|72,status=0, args=(<ipsframework.cca_es_spec.Topic object at 0x7f0ad2a783d0>,), message_id=RESPONSE|FRAMEWORK@Framework@0|fastran_FPP_000001@fastran@8|4598)
2026-07-21 11:22:54,880 fastran_tr_fastran_8 DEBUG    _invoke_service(): sendEvent  ('_IPS_MONITOR', 'PORTAL_EVENT', {'sim_name': 'fastran_FPP_000001', 'real_sim_name': 'fastran_FPP_000001', 'portal_data': {'code': 'fastran_tr_fastran', 'eventtype': 'IPS_TASK_END', 'ok': True, 'walltime': '2083.91', 'time': '2026-07-21|11:22:54PDT', 'trace': {'timestamp': 1784658121038263, 'duration': 53831256, 'localEndpoint': {'serviceName': '/global/common/software/atom/perlmutter/binaries/fastran/default/xfastran_ver1.07'}, 'name': '6 21', 'id': '9f0fb67862897270', 'parentId': 'eb091b4eeea33c28', 'tags': {'procs_requested': '126', 'cores_allocated': '128'}}, 'state': 'Running', 'comment': 'task_id = 11  elapsed time = 53.83 S'}})
2026-07-21 11:22:54,881 fastran_tr_fastran_8 DEBUG    _get_service_response(REQUEST|fastran_FPP_000001@fastran@8|FRAMEWORK@Framework@0|73)
2026-07-21 11:22:54,891 fastran_tr_fastran_8 DEBUG    _get_service_response(REQUEST|fastran_FPP_000001@fastran@8|FRAMEWORK@Framework@0|73), response = ServiceResponseMessage(sender_id=FRAMEWORK@Framework@0, receiver_id=fastran_FPP_000001@fastran@8, request_msg_id=REQUEST|fastran_FPP_000001@fastran@8|FRAMEWORK@Framework@0|73,status=0, args=(None,), message_id=RESPONSE|FRAMEWORK@Framework@0|fastran_FPP_000001@fastran@8|4599)
2026-07-21 11:22:54,891 fastran_tr_fastran_8 DEBUG    _invoke_service(): finish_task  (11, 0)
2026-07-21 11:22:54,892 fastran_tr_fastran_8 DEBUG    _get_service_response(REQUEST|fastran_FPP_000001@fastran@8|FRAMEWORK@Framework@0|74)
2026-07-21 11:22:54,903 fastran_tr_fastran_8 DEBUG    _get_service_response(REQUEST|fastran_FPP_000001@fastran@8|FRAMEWORK@Framework@0|74), response = ServiceResponseMessage(sender_id=FRAMEWORK@Framework@0, receiver_id=fastran_FPP_000001@fastran@8, request_msg_id=REQUEST|fastran_FPP_000001@fastran@8|FRAMEWORK@Framework@0|74,status=0, args=(0,), message_id=RESPONSE|FRAMEWORK@Framework@0|fastran_FPP_000001@fastran@8|4600)
2026-07-21 11:22:55,341 fastran_tr_fastran_8 DEBUG    _invoke_service(): update_state  (['s000001.00001', 'g000001.00001', 'i000001.00001'], '/pscratch/sd/h/hswils/github_repos/MANTA_DBSCANS/IC+RAD+TGLF/bcfrom2024/basecase/SCAN/work/fastran_tr_fastran_8', '/pscratch/sd/h/hswils/github_repos/MANTA_DBSCANS/IC+RAD+TGLF/bcfrom2024/basecase/SCAN/work/plasma_state')
2026-07-21 11:22:55,341 fastran_tr_fastran_8 DEBUG    _get_service_response(REQUEST|fastran_FPP_000001@fastran@8|FRAMEWORK@Framework@0|75)
2026-07-21 11:22:55,361 fastran_tr_fastran_8 DEBUG    _get_service_response(REQUEST|fastran_FPP_000001@fastran@8|FRAMEWORK@Framework@0|75), response = ServiceResponseMessage(sender_id=FRAMEWORK@Framework@0, receiver_id=fastran_FPP_000001@fastran@8, request_msg_id=REQUEST|fastran_FPP_000001@fastran@8|FRAMEWORK@Framework@0|75,status=0, args=(0,), message_id=RESPONSE|FRAMEWORK@Framework@0|fastran_FPP_000001@fastran@8|4602)
2026-07-21 11:22:55,361 fastran_tr_fastran_8 DEBUG    _invoke_service(): getTopic  ('_IPS_MONITOR',)
2026-07-21 11:22:55,362 fastran_tr_fastran_8 DEBUG    _get_service_response(REQUEST|fastran_FPP_000001@fastran@8|FRAMEWORK@Framework@0|76)
2026-07-21 11:22:55,372 fastran_tr_fastran_8 DEBUG    _get_service_response(REQUEST|fastran_FPP_000001@fastran@8|FRAMEWORK@Framework@0|76), response = ServiceResponseMessage(sender_id=FRAMEWORK@Framework@0, receiver_id=fastran_FPP_000001@fastran@8, request_msg_id=REQUEST|fastran_FPP_000001@fastran@8|FRAMEWORK@Framework@0|76,status=0, args=(<ipsframework.cca_es_spec.Topic object at 0x7f0ad2a785b0>,), message_id=RESPONSE|FRAMEWORK@Framework@0|fastran_FPP_000001@fastran@8|4603)
2026-07-21 11:22:55,372 fastran_tr_fastran_8 DEBUG    _invoke_service(): sendEvent  ('_IPS_MONITOR', 'PORTAL_EVENT', {'sim_name': 'fastran_FPP_000001', 'real_sim_name': 'fastran_FPP_000001', 'portal_data': {'code': 'fastran_tr_fastran', 'eventtype': 'IPS_UPDATE_STATE', 'ok': True, 'walltime': '2084.40', 'time': '2026-07-21|11:22:55PDT', 'trace': {'timestamp': 1784658175341560, 'duration': 20320, 'localEndpoint': {'serviceName': 'update_state'}, 'name': "['s000001.00001', 'g000001.00001', 'i000001.00001']", 'id': '7629e189a66153c0', 'parentId': 'eb091b4eeea33c28', 'tags': {}}, 'state': 'Running', 'comment': 'Elapsed time = 0.020   files = s000001.00001 g000001.00001 i000001.00001 Success'}})
2026-07-21 11:22:55,372 fastran_tr_fastran_8 DEBUG    _get_service_response(REQUEST|fastran_FPP_000001@fastran@8|FRAMEWORK@Framework@0|77)
2026-07-21 11:22:55,383 fastran_tr_fastran_8 DEBUG    _get_service_response(REQUEST|fastran_FPP_000001@fastran@8|FRAMEWORK@Framework@0|77), response = ServiceResponseMessage(sender_id=FRAMEWORK@Framework@0, receiver_id=fastran_FPP_000001@fastran@8, request_msg_id=REQUEST|fastran_FPP_000001@fastran@8|FRAMEWORK@Framework@0|77,status=0, args=(None,), message_id=RESPONSE|FRAMEWORK@Framework@0|fastran_FPP_000001@fastran@8|4604)
2026-07-21 11:22:55,403 fastran_tr_fastran_8 DEBUG    _invoke_service(): getTopic  ('_IPS_MONITOR',)
2026-07-21 11:22:55,403 fastran_tr_fastran_8 DEBUG    _get_service_response(REQUEST|fastran_FPP_000001@fastran@8|FRAMEWORK@Framework@0|78)
2026-07-21 11:22:55,413 fastran_tr_fastran_8 DEBUG    _get_service_response(REQUEST|fastran_FPP_000001@fastran@8|FRAMEWORK@Framework@0|78), response = ServiceResponseMessage(sender_id=FRAMEWORK@Framework@0, receiver_id=fastran_FPP_000001@fastran@8, request_msg_id=REQUEST|fastran_FPP_000001@fastran@8|FRAMEWORK@Framework@0|78,status=0, args=(<ipsframework.cca_es_spec.Topic object at 0x7f0ad2a78f40>,), message_id=RESPONSE|FRAMEWORK@Framework@0|fastran_FPP_000001@fastran@8|4605)
2026-07-21 11:22:55,413 fastran_tr_fastran_8 DEBUG    _invoke_service(): sendEvent  ('_IPS_MONITOR', 'PORTAL_EVENT', {'sim_name': 'fastran_FPP_000001', 'real_sim_name': 'fastran_FPP_000001', 'portal_data': {'code': 'fastran_tr_fastran', 'eventtype': 'IPS_STAGE_OUTPUTS', 'ok': True, 'walltime': '2084.44', 'time': '2026-07-21|11:22:55PDT', 'trace': {'timestamp': 1784658175383225, 'duration': 20086, 'localEndpoint': {'serviceName': 'stage_output_files'}, 'name': "['fastran.nc', 'inprof', 'inmetric', 'infastran', 'intglf', 'xfastran.log', 'i000001.00001']", 'id': '7349cfaaafc33980', 'parentId': 'eb091b4eeea33c28', 'tags': {}}, 'state': 'Running', 'comment': "Elapsed time = 0.020 Path = /pscratch/sd/h/hswils/github_repos/MANTA_DBSCANS/IC+RAD+TGLF/bcfrom2024/basecase/SCAN/simulation_results/4/components/fastran_tr_fastran_8 Files = ['fastran.nc', 'inprof', 'inmetric', 'infastran', 'intglf', 'xfastran.log', 'i000001.00001']"}})
2026-07-21 11:22:55,414 fastran_tr_fastran_8 DEBUG    _get_service_response(REQUEST|fastran_FPP_000001@fastran@8|FRAMEWORK@Framework@0|79)
2026-07-21 11:22:55,424 fastran_tr_fastran_8 DEBUG    _get_service_response(REQUEST|fastran_FPP_000001@fastran@8|FRAMEWORK@Framework@0|79), response = ServiceResponseMessage(sender_id=FRAMEWORK@Framework@0, receiver_id=fastran_FPP_000001@fastran@8, request_msg_id=REQUEST|fastran_FPP_000001@fastran@8|FRAMEWORK@Framework@0|79,status=0, args=(None,), message_id=RESPONSE|FRAMEWORK@Framework@0|fastran_FPP_000001@fastran@8|4606)
2026-07-21 11:22:55,434 fastran_driver_fastran_driver_2 DEBUG    _get_service_response(REQUEST|fastran_FPP_000001@fastran_driver@2|FRAMEWORK@Framework@0|226), response = ServiceResponseMessage(sender_id=FRAMEWORK@Framework@0, receiver_id=fastran_FPP_000001@fastran_driver@2, request_msg_id=REQUEST|fastran_FPP_000001@fastran_driver@2|FRAMEWORK@Framework@0|226,status=0, args=((None,),), message_id=RESPONSE|FRAMEWORK@Framework@0|fastran_FPP_000001@fastran_driver@2|4607)
2026-07-21 11:22:55,435 fastran_driver_fastran_driver_2 DEBUG    _invoke_service(): getTopic  ('_IPS_MONITOR',)
2026-07-21 11:22:55,435 fastran_driver_fastran_driver_2 DEBUG    _get_service_response(REQUEST|fastran_FPP_000001@fastran_driver@2|FRAMEWORK@Framework@0|227)
2026-07-21 11:22:55,445 fastran_driver_fastran_driver_2 DEBUG    _get_service_response(REQUEST|fastran_FPP_000001@fastran_driver@2|FRAMEWORK@Framework@0|227), response = ServiceResponseMessage(sender_id=FRAMEWORK@Framework@0, receiver_id=fastran_FPP_000001@fastran_driver@2, request_msg_id=REQUEST|fastran_FPP_000001@fastran_driver@2|FRAMEWORK@Framework@0|227,status=0, args=(<ipsframework.cca_es_spec.Topic object at 0x7f0ad2b88130>,), message_id=RESPONSE|FRAMEWORK@Framework@0|fastran_FPP_000001@fastran_driver@2|4608)
2026-07-21 11:22:55,445 fastran_driver_fastran_driver_2 DEBUG    _invoke_service(): sendEvent  ('_IPS_MONITOR', 'PORTAL_EVENT', {'sim_name': 'fastran_FPP_000001', 'real_sim_name': 'fastran_FPP_000001', 'portal_data': {'code': 'fastran_driver_fastran_driver', 'eventtype': 'IPS_CALL_END', 'ok': True, 'walltime': '2084.47', 'time': '2026-07-21|11:22:55PDT', 'trace': {'timestamp': 1784658120619456, 'duration': 54815608, 'localEndpoint': {'serviceName': 'fastran_FPP_000001@fastran@8'}, 'name': 'step(4)', 'id': 'eb091b4eeea33c28', 'parentId': 'f899e3e5886669ce', 'tags': {}}, 'state': 'Running', 'comment': 'Target = fastran_FPP_000001@fastran@8:step(4)'}})
2026-07-21 11:22:55,445 fastran_driver_fastran_driver_2 DEBUG    _get_service_response(REQUEST|fastran_FPP_000001@fastran_driver@2|FRAMEWORK@Framework@0|228)
2026-07-21 11:22:55,456 fastran_driver_fastran_driver_2 DEBUG    _get_service_response(REQUEST|fastran_FPP_000001@fastran_driver@2|FRAMEWORK@Framework@0|228), response = ServiceResponseMessage(sender_id=FRAMEWORK@Framework@0, receiver_id=fastran_FPP_000001@fastran_driver@2, request_msg_id=REQUEST|fastran_FPP_000001@fastran_driver@2|FRAMEWORK@Framework@0|228,status=0, args=(None,), message_id=RESPONSE|FRAMEWORK@Framework@0|fastran_FPP_000001@fastran_driver@2|4609)
2026-07-21 11:22:55,456 fastran_driver_fastran_driver_2 DEBUG    _invoke_service(): stage_state  (['s000001.00001', 'g000001.00001', 'i000001.00001'], '/pscratch/sd/h/hswils/github_repos/MANTA_DBSCANS/IC+RAD+TGLF/bcfrom2024/basecase/SCAN/work/plasma_state', '/pscratch/sd/h/hswils/github_repos/MANTA_DBSCANS/IC+RAD+TGLF/bcfrom2024/basecase/SCAN/work/fastran_driver_fastran_driver_2')
2026-07-21 11:22:55,457 fastran_driver_fastran_driver_2 DEBUG    _get_service_response(REQUEST|fastran_FPP_000001@fastran_driver@2|FRAMEWORK@Framework@0|229)
2026-07-21 11:22:55,477 fastran_driver_fastran_driver_2 DEBUG    _get_service_response(REQUEST|fastran_FPP_000001@fastran_driver@2|FRAMEWORK@Framework@0|229), response = ServiceResponseMessage(sender_id=FRAMEWORK@Framework@0, receiver_id=fastran_FPP_000001@fastran_driver@2, request_msg_id=REQUEST|fastran_FPP_000001@fastran_driver@2|FRAMEWORK@Framework@0|229,status=0, args=(0,), message_id=RESPONSE|FRAMEWORK@Framework@0|fastran_FPP_000001@fastran_driver@2|4610)
2026-07-21 11:22:55,477 fastran_driver_fastran_driver_2 DEBUG    _invoke_service(): getTopic  ('_IPS_MONITOR',)
2026-07-21 11:22:55,477 fastran_driver_fastran_driver_2 DEBUG    _get_service_response(REQUEST|fastran_FPP_000001@fastran_driver@2|FRAMEWORK@Framework@0|230)
2026-07-21 11:22:55,488 fastran_driver_fastran_driver_2 DEBUG    _get_service_response(REQUEST|fastran_FPP_000001@fastran_driver@2|FRAMEWORK@Framework@0|230), response = ServiceResponseMessage(sender_id=FRAMEWORK@Framework@0, receiver_id=fastran_FPP_000001@fastran_driver@2, request_msg_id=REQUEST|fastran_FPP_000001@fastran_driver@2|FRAMEWORK@Framework@0|230,status=0, args=(<ipsframework.cca_es_spec.Topic object at 0x7f0ad2b88040>,), message_id=RESPONSE|FRAMEWORK@Framework@0|fastran_FPP_000001@fastran_driver@2|4611)
2026-07-21 11:22:55,488 fastran_driver_fastran_driver_2 DEBUG    _invoke_service(): sendEvent  ('_IPS_MONITOR', 'PORTAL_EVENT', {'sim_name': 'fastran_FPP_000001', 'real_sim_name': 'fastran_FPP_000001', 'portal_data': {'code': 'fastran_driver_fastran_driver', 'eventtype': 'IPS_STAGE_STATE', 'ok': True, 'walltime': '2084.51', 'time': '2026-07-21|11:22:55PDT', 'trace': {'timestamp': 1784658175456884, 'duration': 20630, 'localEndpoint': {'serviceName': 'stage_state'}, 'name': "['s000001.00001', 'g000001.00001', 'i000001.00001']", 'id': '71885aecf25d7412', 'parentId': 'f899e3e5886669ce', 'tags': {}}, 'state': 'Running', 'comment': 'Elapsed time = 0.021  files = s000001.00001 g000001.00001 i000001.00001 Success'}})
2026-07-21 11:22:55,488 fastran_driver_fastran_driver_2 DEBUG    _get_service_response(REQUEST|fastran_FPP_000001@fastran_driver@2|FRAMEWORK@Framework@0|231)
2026-07-21 11:22:55,498 fastran_driver_fastran_driver_2 DEBUG    _get_service_response(REQUEST|fastran_FPP_000001@fastran_driver@2|FRAMEWORK@Framework@0|231), response = ServiceResponseMessage(sender_id=FRAMEWORK@Framework@0, receiver_id=fastran_FPP_000001@fastran_driver@2, request_msg_id=REQUEST|fastran_FPP_000001@fastran_driver@2|FRAMEWORK@Framework@0|231,status=0, args=(None,), message_id=RESPONSE|FRAMEWORK@Framework@0|fastran_FPP_000001@fastran_driver@2|4612)
2026-07-21 11:22:55,499 fastran_driver_fastran_driver_2 DEBUG    _invoke_service(): getTopic  ('_IPS_MONITOR',)
2026-07-21 11:22:55,499 fastran_driver_fastran_driver_2 DEBUG    _get_service_response(REQUEST|fastran_FPP_000001@fastran_driver@2|FRAMEWORK@Framework@0|232)
2026-07-21 11:22:55,510 fastran_driver_fastran_driver_2 DEBUG    _get_service_response(REQUEST|fastran_FPP_000001@fastran_driver@2|FRAMEWORK@Framework@0|232), response = ServiceResponseMessage(sender_id=FRAMEWORK@Framework@0, receiver_id=fastran_FPP_000001@fastran_driver@2, request_msg_id=REQUEST|fastran_FPP_000001@fastran_driver@2|FRAMEWORK@Framework@0|232,status=0, args=(<ipsframework.cca_es_spec.Topic object at 0x7f0ad2b88280>,), message_id=RESPONSE|FRAMEWORK@Framework@0|fastran_FPP_000001@fastran_driver@2|4613)
2026-07-21 11:22:55,510 fastran_driver_fastran_driver_2 DEBUG    _invoke_service(): sendEvent  ('_IPS_MONITOR', 'PORTAL_EVENT', {'sim_name': 'fastran_FPP_000001', 'real_sim_name': 'fastran_FPP_000001', 'portal_data': {'code': 'fastran_driver_fastran_driver', 'eventtype': 'IPS_STAGE_OUTPUTS', 'ok': True, 'walltime': '2084.54', 'time': '2026-07-21|11:22:55PDT', 'trace': {'timestamp': 1784658175498985, 'duration': 253, 'localEndpoint': {'serviceName': 'stage_output_files'}, 'name': '[]', 'id': 'ed019efe11be26d9', 'parentId': 'f899e3e5886669ce', 'tags': {}}, 'state': 'Running', 'comment': 'Elapsed time = 0.000 Path = /pscratch/sd/h/hswils/github_repos/MANTA_DBSCANS/IC+RAD+TGLF/bcfrom2024/basecase/SCAN/simulation_results/4/components/fastran_driver_fastran_driver_2 Files = []'}})
2026-07-21 11:22:55,510 fastran_driver_fastran_driver_2 DEBUG    _get_service_response(REQUEST|fastran_FPP_000001@fastran_driver@2|FRAMEWORK@Framework@0|233)
2026-07-21 11:22:55,521 fastran_driver_fastran_driver_2 DEBUG    _get_service_response(REQUEST|fastran_FPP_000001@fastran_driver@2|FRAMEWORK@Framework@0|233), response = ServiceResponseMessage(sender_id=FRAMEWORK@Framework@0, receiver_id=fastran_FPP_000001@fastran_driver@2, request_msg_id=REQUEST|fastran_FPP_000001@fastran_driver@2|FRAMEWORK@Framework@0|233,status=0, args=(None,), message_id=RESPONSE|FRAMEWORK@Framework@0|fastran_FPP_000001@fastran_driver@2|4614)
2026-07-21 11:22:55,521 fastran_driver_fastran_driver_2 DEBUG    _invoke_service(): getTopic  ('_IPS_MONITOR',)
2026-07-21 11:22:55,521 fastran_driver_fastran_driver_2 DEBUG    _get_service_response(REQUEST|fastran_FPP_000001@fastran_driver@2|FRAMEWORK@Framework@0|234)
2026-07-21 11:22:55,532 fastran_driver_fastran_driver_2 DEBUG    _get_service_response(REQUEST|fastran_FPP_000001@fastran_driver@2|FRAMEWORK@Framework@0|234), response = ServiceResponseMessage(sender_id=FRAMEWORK@Framework@0, receiver_id=fastran_FPP_000001@fastran_driver@2, request_msg_id=REQUEST|fastran_FPP_000001@fastran_driver@2|FRAMEWORK@Framework@0|234,status=0, args=(<ipsframework.cca_es_spec.Topic object at 0x7f0ad2b88190>,), message_id=RESPONSE|FRAMEWORK@Framework@0|fastran_FPP_000001@fastran_driver@2|4615)
2026-07-21 11:22:55,532 fastran_driver_fastran_driver_2 DEBUG    _invoke_service(): sendEvent  ('_IPS_MONITOR', 'PORTAL_EVENT', {'sim_name': 'fastran_FPP_000001', 'real_sim_name': 'fastran_FPP_000001', 'portal_data': {'code': 'fastran_driver_fastran_driver', 'eventtype': 'IPS_CALL_BEGIN', 'ok': True, 'walltime': '2084.56', 'time': '2026-07-21|11:22:55PDT', 'state': 'Running', 'comment': 'Target = fastran_FPP_000001@efit@3:finalize(4)'}})
2026-07-21 11:22:55,532 fastran_driver_fastran_driver_2 DEBUG    _get_service_response(REQUEST|fastran_FPP_000001@fastran_driver@2|FRAMEWORK@Framework@0|235)
2026-07-21 11:22:55,543 fastran_driver_fastran_driver_2 DEBUG    _get_service_response(REQUEST|fastran_FPP_000001@fastran_driver@2|FRAMEWORK@Framework@0|235), response = ServiceResponseMessage(sender_id=FRAMEWORK@Framework@0, receiver_id=fastran_FPP_000001@fastran_driver@2, request_msg_id=REQUEST|fastran_FPP_000001@fastran_driver@2|FRAMEWORK@Framework@0|235,status=0, args=(None,), message_id=RESPONSE|FRAMEWORK@Framework@0|fastran_FPP_000001@fastran_driver@2|4616)
2026-07-21 11:22:55,543 fastran_driver_fastran_driver_2 DEBUG    _invoke_service(): init_call  ('finalize', 4)
2026-07-21 11:22:55,543 fastran_driver_fastran_driver_2 DEBUG    _get_service_response(REQUEST|fastran_FPP_000001@fastran_driver@2|FRAMEWORK@Framework@0|236)
2026-07-21 11:22:55,544 fastran_eq0_efit_3 DEBUG    Received Message 
2026-07-21 11:22:55,544 fastran_eq0_efit_3 DEBUG    Calling method finalize(4)
2026-07-21 11:22:55,554 fastran_driver_fastran_driver_2 DEBUG    _get_service_response(REQUEST|fastran_FPP_000001@fastran_driver@2|FRAMEWORK@Framework@0|236), response = ServiceResponseMessage(sender_id=FRAMEWORK@Framework@0, receiver_id=fastran_FPP_000001@fastran_driver@2, request_msg_id=REQUEST|fastran_FPP_000001@fastran_driver@2|FRAMEWORK@Framework@0|236,status=0, args=(39,), message_id=RESPONSE|FRAMEWORK@Framework@0|fastran_FPP_000001@fastran_driver@2|4617)
2026-07-21 11:22:55,554 fastran_driver_fastran_driver_2 DEBUG    _invoke_service(): wait_call  (39, True)
2026-07-21 11:22:55,554 fastran_driver_fastran_driver_2 DEBUG    _get_service_response(REQUEST|fastran_FPP_000001@fastran_driver@2|FRAMEWORK@Framework@0|237)
2026-07-21 11:22:55,565 fastran_driver_fastran_driver_2 DEBUG    _get_service_response(REQUEST|fastran_FPP_000001@fastran_driver@2|FRAMEWORK@Framework@0|237), response = ServiceResponseMessage(sender_id=FRAMEWORK@Framework@0, receiver_id=fastran_FPP_000001@fastran_driver@2, request_msg_id=REQUEST|fastran_FPP_000001@fastran_driver@2|FRAMEWORK@Framework@0|237,status=0, args=((None,),), message_id=RESPONSE|FRAMEWORK@Framework@0|fastran_FPP_000001@fastran_driver@2|4618)
2026-07-21 11:22:55,565 fastran_driver_fastran_driver_2 DEBUG    _invoke_service(): getTopic  ('_IPS_MONITOR',)
2026-07-21 11:22:55,565 fastran_driver_fastran_driver_2 DEBUG    _get_service_response(REQUEST|fastran_FPP_000001@fastran_driver@2|FRAMEWORK@Framework@0|238)
2026-07-21 11:22:55,575 fastran_driver_fastran_driver_2 DEBUG    _get_service_response(REQUEST|fastran_FPP_000001@fastran_driver@2|FRAMEWORK@Framework@0|238), response = ServiceResponseMessage(sender_id=FRAMEWORK@Framework@0, receiver_id=fastran_FPP_000001@fastran_driver@2, request_msg_id=REQUEST|fastran_FPP_000001@fastran_driver@2|FRAMEWORK@Framework@0|238,status=0, args=(<ipsframework.cca_es_spec.Topic object at 0x7f0ad2b88280>,), message_id=RESPONSE|FRAMEWORK@Framework@0|fastran_FPP_000001@fastran_driver@2|4619)
2026-07-21 11:22:55,575 fastran_driver_fastran_driver_2 DEBUG    _invoke_service(): sendEvent  ('_IPS_MONITOR', 'PORTAL_EVENT', {'sim_name': 'fastran_FPP_000001', 'real_sim_name': 'fastran_FPP_000001', 'portal_data': {'code': 'fastran_driver_fastran_driver', 'eventtype': 'IPS_CALL_END', 'ok': True, 'walltime': '2084.60', 'time': '2026-07-21|11:22:55PDT', 'trace': {'timestamp': 1784658175554519, 'duration': 10575, 'localEndpoint': {'serviceName': 'fastran_FPP_000001@efit@3'}, 'name': 'finalize(4)', 'id': '2f98dd4a52e552c0', 'parentId': 'f899e3e5886669ce', 'tags': {}}, 'state': 'Running', 'comment': 'Target = fastran_FPP_000001@efit@3:finalize(4)'}})
2026-07-21 11:22:55,575 fastran_driver_fastran_driver_2 DEBUG    _get_service_response(REQUEST|fastran_FPP_000001@fastran_driver@2|FRAMEWORK@Framework@0|239)
2026-07-21 11:22:55,586 fastran_driver_fastran_driver_2 DEBUG    _get_service_response(REQUEST|fastran_FPP_000001@fastran_driver@2|FRAMEWORK@Framework@0|239), response = ServiceResponseMessage(sender_id=FRAMEWORK@Framework@0, receiver_id=fastran_FPP_000001@fastran_driver@2, request_msg_id=REQUEST|fastran_FPP_000001@fastran_driver@2|FRAMEWORK@Framework@0|239,status=0, args=(None,), message_id=RESPONSE|FRAMEWORK@Framework@0|fastran_FPP_000001@fastran_driver@2|4620)
2026-07-21 11:22:55,586 fastran_driver_fastran_driver_2 DEBUG    _invoke_service(): getTopic  ('_IPS_MONITOR',)
2026-07-21 11:22:55,586 fastran_driver_fastran_driver_2 DEBUG    _get_service_response(REQUEST|fastran_FPP_000001@fastran_driver@2|FRAMEWORK@Framework@0|240)
2026-07-21 11:22:55,597 fastran_driver_fastran_driver_2 DEBUG    _get_service_response(REQUEST|fastran_FPP_000001@fastran_driver@2|FRAMEWORK@Framework@0|240), response = ServiceResponseMessage(sender_id=FRAMEWORK@Framework@0, receiver_id=fastran_FPP_000001@fastran_driver@2, request_msg_id=REQUEST|fastran_FPP_000001@fastran_driver@2|FRAMEWORK@Framework@0|240,status=0, args=(<ipsframework.cca_es_spec.Topic object at 0x7f0ad2b88190>,), message_id=RESPONSE|FRAMEWORK@Framework@0|fastran_FPP_000001@fastran_driver@2|4621)
2026-07-21 11:22:55,597 fastran_driver_fastran_driver_2 DEBUG    _invoke_service(): sendEvent  ('_IPS_MONITOR', 'PORTAL_EVENT', {'sim_name': 'fastran_FPP_000001', 'real_sim_name': 'fastran_FPP_000001', 'portal_data': {'code': 'fastran_driver_fastran_driver', 'eventtype': 'IPS_CALL_BEGIN', 'ok': True, 'walltime': '2084.62', 'time': '2026-07-21|11:22:55PDT', 'state': 'Running', 'comment': 'Target = fastran_FPP_000001@fastran@4:finalize(4)'}})
2026-07-21 11:22:55,597 fastran_driver_fastran_driver_2 DEBUG    _get_service_response(REQUEST|fastran_FPP_000001@fastran_driver@2|FRAMEWORK@Framework@0|241)
2026-07-21 11:22:55,608 fastran_driver_fastran_driver_2 DEBUG    _get_service_response(REQUEST|fastran_FPP_000001@fastran_driver@2|FRAMEWORK@Framework@0|241), response = ServiceResponseMessage(sender_id=FRAMEWORK@Framework@0, receiver_id=fastran_FPP_000001@fastran_driver@2, request_msg_id=REQUEST|fastran_FPP_000001@fastran_driver@2|FRAMEWORK@Framework@0|241,status=0, args=(None,), message_id=RESPONSE|FRAMEWORK@Framework@0|fastran_FPP_000001@fastran_driver@2|4622)
2026-07-21 11:22:55,608 fastran_driver_fastran_driver_2 DEBUG    _invoke_service(): init_call  ('finalize', 4)
2026-07-21 11:22:55,609 fastran_driver_fastran_driver_2 DEBUG    _get_service_response(REQUEST|fastran_FPP_000001@fastran_driver@2|FRAMEWORK@Framework@0|242)
2026-07-21 11:22:55,609 fastran_tr0_fastran_4 DEBUG    Received Message 
2026-07-21 11:22:55,609 fastran_tr0_fastran_4 DEBUG    Calling method finalize(4)
2026-07-21 11:22:55,619 fastran_driver_fastran_driver_2 DEBUG    _get_service_response(REQUEST|fastran_FPP_000001@fastran_driver@2|FRAMEWORK@Framework@0|242), response = ServiceResponseMessage(sender_id=FRAMEWORK@Framework@0, receiver_id=fastran_FPP_000001@fastran_driver@2, request_msg_id=REQUEST|fastran_FPP_000001@fastran_driver@2|FRAMEWORK@Framework@0|242,status=0, args=(40,), message_id=RESPONSE|FRAMEWORK@Framework@0|fastran_FPP_000001@fastran_driver@2|4623)
2026-07-21 11:22:55,620 fastran_driver_fastran_driver_2 DEBUG    _invoke_service(): wait_call  (40, True)
2026-07-21 11:22:55,620 fastran_driver_fastran_driver_2 DEBUG    _get_service_response(REQUEST|fastran_FPP_000001@fastran_driver@2|FRAMEWORK@Framework@0|243)
2026-07-21 11:22:55,630 fastran_driver_fastran_driver_2 DEBUG    _get_service_response(REQUEST|fastran_FPP_000001@fastran_driver@2|FRAMEWORK@Framework@0|243), response = ServiceResponseMessage(sender_id=FRAMEWORK@Framework@0, receiver_id=fastran_FPP_000001@fastran_driver@2, request_msg_id=REQUEST|fastran_FPP_000001@fastran_driver@2|FRAMEWORK@Framework@0|243,status=0, args=((None,),), message_id=RESPONSE|FRAMEWORK@Framework@0|fastran_FPP_000001@fastran_driver@2|4624)
2026-07-21 11:22:55,631 fastran_driver_fastran_driver_2 DEBUG    _invoke_service(): getTopic  ('_IPS_MONITOR',)
2026-07-21 11:22:55,631 fastran_driver_fastran_driver_2 DEBUG    _get_service_response(REQUEST|fastran_FPP_000001@fastran_driver@2|FRAMEWORK@Framework@0|244)
2026-07-21 11:22:55,641 fastran_driver_fastran_driver_2 DEBUG    _get_service_response(REQUEST|fastran_FPP_000001@fastran_driver@2|FRAMEWORK@Framework@0|244), response = ServiceResponseMessage(sender_id=FRAMEWORK@Framework@0, receiver_id=fastran_FPP_000001@fastran_driver@2, request_msg_id=REQUEST|fastran_FPP_000001@fastran_driver@2|FRAMEWORK@Framework@0|244,status=0, args=(<ipsframework.cca_es_spec.Topic object at 0x7f0ad2b88280>,), message_id=RESPONSE|FRAMEWORK@Framework@0|fastran_FPP_000001@fastran_driver@2|4625)
2026-07-21 11:22:55,642 fastran_driver_fastran_driver_2 DEBUG    _invoke_service(): sendEvent  ('_IPS_MONITOR', 'PORTAL_EVENT', {'sim_name': 'fastran_FPP_000001', 'real_sim_name': 'fastran_FPP_000001', 'portal_data': {'code': 'fastran_driver_fastran_driver', 'eventtype': 'IPS_CALL_END', 'ok': True, 'walltime': '2084.67', 'time': '2026-07-21|11:22:55PDT', 'trace': {'timestamp': 1784658175620020, 'duration': 10928, 'localEndpoint': {'serviceName': 'fastran_FPP_000001@fastran@4'}, 'name': 'finalize(4)', 'id': 'ffbe4872e79e23a5', 'parentId': 'f899e3e5886669ce', 'tags': {}}, 'state': 'Running', 'comment': 'Target = fastran_FPP_000001@fastran@4:finalize(4)'}})
2026-07-21 11:22:55,642 fastran_driver_fastran_driver_2 DEBUG    _get_service_response(REQUEST|fastran_FPP_000001@fastran_driver@2|FRAMEWORK@Framework@0|245)
2026-07-21 11:22:55,653 fastran_driver_fastran_driver_2 DEBUG    _get_service_response(REQUEST|fastran_FPP_000001@fastran_driver@2|FRAMEWORK@Framework@0|245), response = ServiceResponseMessage(sender_id=FRAMEWORK@Framework@0, receiver_id=fastran_FPP_000001@fastran_driver@2, request_msg_id=REQUEST|fastran_FPP_000001@fastran_driver@2|FRAMEWORK@Framework@0|245,status=0, args=(None,), message_id=RESPONSE|FRAMEWORK@Framework@0|fastran_FPP_000001@fastran_driver@2|4626)
2026-07-21 11:22:55,653 fastran_driver_fastran_driver_2 DEBUG    _invoke_service(): getTopic  ('_IPS_MONITOR',)
2026-07-21 11:22:55,653 fastran_driver_fastran_driver_2 DEBUG    _get_service_response(REQUEST|fastran_FPP_000001@fastran_driver@2|FRAMEWORK@Framework@0|246)
2026-07-21 11:22:55,664 fastran_driver_fastran_driver_2 DEBUG    _get_service_response(REQUEST|fastran_FPP_000001@fastran_driver@2|FRAMEWORK@Framework@0|246), response = ServiceResponseMessage(sender_id=FRAMEWORK@Framework@0, receiver_id=fastran_FPP_000001@fastran_driver@2, request_msg_id=REQUEST|fastran_FPP_000001@fastran_driver@2|FRAMEWORK@Framework@0|246,status=0, args=(<ipsframework.cca_es_spec.Topic object at 0x7f0ad2b88190>,), message_id=RESPONSE|FRAMEWORK@Framework@0|fastran_FPP_000001@fastran_driver@2|4627)
2026-07-21 11:22:55,664 fastran_driver_fastran_driver_2 DEBUG    _invoke_service(): sendEvent  ('_IPS_MONITOR', 'PORTAL_EVENT', {'sim_name': 'fastran_FPP_000001', 'real_sim_name': 'fastran_FPP_000001', 'portal_data': {'code': 'fastran_driver_fastran_driver', 'eventtype': 'IPS_CALL_BEGIN', 'ok': True, 'walltime': '2084.69', 'time': '2026-07-21|11:22:55PDT', 'state': 'Running', 'comment': 'Target = fastran_FPP_000001@impurity_radiation@5:finalize(4)'}})
2026-07-21 11:22:55,664 fastran_driver_fastran_driver_2 DEBUG    _get_service_response(REQUEST|fastran_FPP_000001@fastran_driver@2|FRAMEWORK@Framework@0|247)
2026-07-21 11:22:55,675 fastran_driver_fastran_driver_2 DEBUG    _get_service_response(REQUEST|fastran_FPP_000001@fastran_driver@2|FRAMEWORK@Framework@0|247), response = ServiceResponseMessage(sender_id=FRAMEWORK@Framework@0, receiver_id=fastran_FPP_000001@fastran_driver@2, request_msg_id=REQUEST|fastran_FPP_000001@fastran_driver@2|FRAMEWORK@Framework@0|247,status=0, args=(None,), message_id=RESPONSE|FRAMEWORK@Framework@0|fastran_FPP_000001@fastran_driver@2|4628)
2026-07-21 11:22:55,675 fastran_driver_fastran_driver_2 DEBUG    _invoke_service(): init_call  ('finalize', 4)
2026-07-21 11:22:55,675 fastran_driver_fastran_driver_2 DEBUG    _get_service_response(REQUEST|fastran_FPP_000001@fastran_driver@2|FRAMEWORK@Framework@0|248)
2026-07-21 11:22:55,676 fastran__impurity_radiation_5 DEBUG    Received Message 
2026-07-21 11:22:55,676 fastran__impurity_radiation_5 DEBUG    Calling method finalize(4)
2026-07-21 11:22:55,686 fastran_driver_fastran_driver_2 DEBUG    _get_service_response(REQUEST|fastran_FPP_000001@fastran_driver@2|FRAMEWORK@Framework@0|248), response = ServiceResponseMessage(sender_id=FRAMEWORK@Framework@0, receiver_id=fastran_FPP_000001@fastran_driver@2, request_msg_id=REQUEST|fastran_FPP_000001@fastran_driver@2|FRAMEWORK@Framework@0|248,status=0, args=(41,), message_id=RESPONSE|FRAMEWORK@Framework@0|fastran_FPP_000001@fastran_driver@2|4629)
2026-07-21 11:22:55,686 fastran_driver_fastran_driver_2 DEBUG    _invoke_service(): wait_call  (41, True)
2026-07-21 11:22:55,686 fastran_driver_fastran_driver_2 DEBUG    _get_service_response(REQUEST|fastran_FPP_000001@fastran_driver@2|FRAMEWORK@Framework@0|249)
2026-07-21 11:22:55,697 fastran_driver_fastran_driver_2 DEBUG    _get_service_response(REQUEST|fastran_FPP_000001@fastran_driver@2|FRAMEWORK@Framework@0|249), response = ServiceResponseMessage(sender_id=FRAMEWORK@Framework@0, receiver_id=fastran_FPP_000001@fastran_driver@2, request_msg_id=REQUEST|fastran_FPP_000001@fastran_driver@2|FRAMEWORK@Framework@0|249,status=0, args=((None,),), message_id=RESPONSE|FRAMEWORK@Framework@0|fastran_FPP_000001@fastran_driver@2|4630)
2026-07-21 11:22:55,697 fastran_driver_fastran_driver_2 DEBUG    _invoke_service(): getTopic  ('_IPS_MONITOR',)
2026-07-21 11:22:55,697 fastran_driver_fastran_driver_2 DEBUG    _get_service_response(REQUEST|fastran_FPP_000001@fastran_driver@2|FRAMEWORK@Framework@0|250)
2026-07-21 11:22:55,708 fastran_driver_fastran_driver_2 DEBUG    _get_service_response(REQUEST|fastran_FPP_000001@fastran_driver@2|FRAMEWORK@Framework@0|250), response = ServiceResponseMessage(sender_id=FRAMEWORK@Framework@0, receiver_id=fastran_FPP_000001@fastran_driver@2, request_msg_id=REQUEST|fastran_FPP_000001@fastran_driver@2|FRAMEWORK@Framework@0|250,status=0, args=(<ipsframework.cca_es_spec.Topic object at 0x7f0ad2b88280>,), message_id=RESPONSE|FRAMEWORK@Framework@0|fastran_FPP_000001@fastran_driver@2|4631)
2026-07-21 11:22:55,708 fastran_driver_fastran_driver_2 DEBUG    _invoke_service(): sendEvent  ('_IPS_MONITOR', 'PORTAL_EVENT', {'sim_name': 'fastran_FPP_000001', 'real_sim_name': 'fastran_FPP_000001', 'portal_data': {'code': 'fastran_driver_fastran_driver', 'eventtype': 'IPS_CALL_END', 'ok': True, 'walltime': '2084.73', 'time': '2026-07-21|11:22:55PDT', 'trace': {'timestamp': 1784658175686328, 'duration': 11003, 'localEndpoint': {'serviceName': 'fastran_FPP_000001@impurity_radiation@5'}, 'name': 'finalize(4)', 'id': 'fa434151541e4005', 'parentId': 'f899e3e5886669ce', 'tags': {}}, 'state': 'Running', 'comment': 'Target = fastran_FPP_000001@impurity_radiation@5:finalize(4)'}})
2026-07-21 11:22:55,708 fastran_driver_fastran_driver_2 DEBUG    _get_service_response(REQUEST|fastran_FPP_000001@fastran_driver@2|FRAMEWORK@Framework@0|251)
2026-07-21 11:22:55,719 fastran_driver_fastran_driver_2 DEBUG    _get_service_response(REQUEST|fastran_FPP_000001@fastran_driver@2|FRAMEWORK@Framework@0|251), response = ServiceResponseMessage(sender_id=FRAMEWORK@Framework@0, receiver_id=fastran_FPP_000001@fastran_driver@2, request_msg_id=REQUEST|fastran_FPP_000001@fastran_driver@2|FRAMEWORK@Framework@0|251,status=0, args=(None,), message_id=RESPONSE|FRAMEWORK@Framework@0|fastran_FPP_000001@fastran_driver@2|4632)
2026-07-21 11:22:55,719 fastran_driver_fastran_driver_2 DEBUG    _invoke_service(): getTopic  ('_IPS_MONITOR',)
2026-07-21 11:22:55,719 fastran_driver_fastran_driver_2 DEBUG    _get_service_response(REQUEST|fastran_FPP_000001@fastran_driver@2|FRAMEWORK@Framework@0|252)
2026-07-21 11:22:55,730 fastran_driver_fastran_driver_2 DEBUG    _get_service_response(REQUEST|fastran_FPP_000001@fastran_driver@2|FRAMEWORK@Framework@0|252), response = ServiceResponseMessage(sender_id=FRAMEWORK@Framework@0, receiver_id=fastran_FPP_000001@fastran_driver@2, request_msg_id=REQUEST|fastran_FPP_000001@fastran_driver@2|FRAMEWORK@Framework@0|252,status=0, args=(<ipsframework.cca_es_spec.Topic object at 0x7f0ad2b88190>,), message_id=RESPONSE|FRAMEWORK@Framework@0|fastran_FPP_000001@fastran_driver@2|4633)
2026-07-21 11:22:55,730 fastran_driver_fastran_driver_2 DEBUG    _invoke_service(): sendEvent  ('_IPS_MONITOR', 'PORTAL_EVENT', {'sim_name': 'fastran_FPP_000001', 'real_sim_name': 'fastran_FPP_000001', 'portal_data': {'code': 'fastran_driver_fastran_driver', 'eventtype': 'IPS_CALL_BEGIN', 'ok': True, 'walltime': '2084.76', 'time': '2026-07-21|11:22:55PDT', 'state': 'Running', 'comment': 'Target = fastran_FPP_000001@toric@6:finalize(4)'}})
2026-07-21 11:22:55,730 fastran_driver_fastran_driver_2 DEBUG    _get_service_response(REQUEST|fastran_FPP_000001@fastran_driver@2|FRAMEWORK@Framework@0|253)
2026-07-21 11:22:55,741 fastran_driver_fastran_driver_2 DEBUG    _get_service_response(REQUEST|fastran_FPP_000001@fastran_driver@2|FRAMEWORK@Framework@0|253), response = ServiceResponseMessage(sender_id=FRAMEWORK@Framework@0, receiver_id=fastran_FPP_000001@fastran_driver@2, request_msg_id=REQUEST|fastran_FPP_000001@fastran_driver@2|FRAMEWORK@Framework@0|253,status=0, args=(None,), message_id=RESPONSE|FRAMEWORK@Framework@0|fastran_FPP_000001@fastran_driver@2|4634)
2026-07-21 11:22:55,741 fastran_driver_fastran_driver_2 DEBUG    _invoke_service(): init_call  ('finalize', 4)
2026-07-21 11:22:55,741 fastran_driver_fastran_driver_2 DEBUG    _get_service_response(REQUEST|fastran_FPP_000001@fastran_driver@2|FRAMEWORK@Framework@0|254)
2026-07-21 11:22:55,742 rf_ic_toric_6   DEBUG    Received Message 
2026-07-21 11:22:55,742 rf_ic_toric_6   DEBUG    Calling method finalize(4)
2026-07-21 11:22:55,752 fastran_driver_fastran_driver_2 DEBUG    _get_service_response(REQUEST|fastran_FPP_000001@fastran_driver@2|FRAMEWORK@Framework@0|254), response = ServiceResponseMessage(sender_id=FRAMEWORK@Framework@0, receiver_id=fastran_FPP_000001@fastran_driver@2, request_msg_id=REQUEST|fastran_FPP_000001@fastran_driver@2|FRAMEWORK@Framework@0|254,status=0, args=(42,), message_id=RESPONSE|FRAMEWORK@Framework@0|fastran_FPP_000001@fastran_driver@2|4635)
2026-07-21 11:22:55,752 fastran_driver_fastran_driver_2 DEBUG    _invoke_service(): wait_call  (42, True)
2026-07-21 11:22:55,753 fastran_driver_fastran_driver_2 DEBUG    _get_service_response(REQUEST|fastran_FPP_000001@fastran_driver@2|FRAMEWORK@Framework@0|255)
2026-07-21 11:22:55,763 fastran_driver_fastran_driver_2 DEBUG    _get_service_response(REQUEST|fastran_FPP_000001@fastran_driver@2|FRAMEWORK@Framework@0|255), response = ServiceResponseMessage(sender_id=FRAMEWORK@Framework@0, receiver_id=fastran_FPP_000001@fastran_driver@2, request_msg_id=REQUEST|fastran_FPP_000001@fastran_driver@2|FRAMEWORK@Framework@0|255,status=0, args=((None,),), message_id=RESPONSE|FRAMEWORK@Framework@0|fastran_FPP_000001@fastran_driver@2|4636)
2026-07-21 11:22:55,764 fastran_driver_fastran_driver_2 DEBUG    _invoke_service(): getTopic  ('_IPS_MONITOR',)
2026-07-21 11:22:55,764 fastran_driver_fastran_driver_2 DEBUG    _get_service_response(REQUEST|fastran_FPP_000001@fastran_driver@2|FRAMEWORK@Framework@0|256)
2026-07-21 11:22:55,774 fastran_driver_fastran_driver_2 DEBUG    _get_service_response(REQUEST|fastran_FPP_000001@fastran_driver@2|FRAMEWORK@Framework@0|256), response = ServiceResponseMessage(sender_id=FRAMEWORK@Framework@0, receiver_id=fastran_FPP_000001@fastran_driver@2, request_msg_id=REQUEST|fastran_FPP_000001@fastran_driver@2|FRAMEWORK@Framework@0|256,status=0, args=(<ipsframework.cca_es_spec.Topic object at 0x7f0ad2b88280>,), message_id=RESPONSE|FRAMEWORK@Framework@0|fastran_FPP_000001@fastran_driver@2|4637)
2026-07-21 11:22:55,775 fastran_driver_fastran_driver_2 DEBUG    _invoke_service(): sendEvent  ('_IPS_MONITOR', 'PORTAL_EVENT', {'sim_name': 'fastran_FPP_000001', 'real_sim_name': 'fastran_FPP_000001', 'portal_data': {'code': 'fastran_driver_fastran_driver', 'eventtype': 'IPS_CALL_END', 'ok': True, 'walltime': '2084.80', 'time': '2026-07-21|11:22:55PDT', 'trace': {'timestamp': 1784658175752925, 'duration': 11020, 'localEndpoint': {'serviceName': 'fastran_FPP_000001@toric@6'}, 'name': 'finalize(4)', 'id': '4722cce4963857b4', 'parentId': 'f899e3e5886669ce', 'tags': {}}, 'state': 'Running', 'comment': 'Target = fastran_FPP_000001@toric@6:finalize(4)'}})
2026-07-21 11:22:55,775 fastran_driver_fastran_driver_2 DEBUG    _get_service_response(REQUEST|fastran_FPP_000001@fastran_driver@2|FRAMEWORK@Framework@0|257)
2026-07-21 11:22:55,786 fastran_driver_fastran_driver_2 DEBUG    _get_service_response(REQUEST|fastran_FPP_000001@fastran_driver@2|FRAMEWORK@Framework@0|257), response = ServiceResponseMessage(sender_id=FRAMEWORK@Framework@0, receiver_id=fastran_FPP_000001@fastran_driver@2, request_msg_id=REQUEST|fastran_FPP_000001@fastran_driver@2|FRAMEWORK@Framework@0|257,status=0, args=(None,), message_id=RESPONSE|FRAMEWORK@Framework@0|fastran_FPP_000001@fastran_driver@2|4638)
2026-07-21 11:22:55,786 fastran_driver_fastran_driver_2 DEBUG    _invoke_service(): getTopic  ('_IPS_MONITOR',)
2026-07-21 11:22:55,786 fastran_driver_fastran_driver_2 DEBUG    _get_service_response(REQUEST|fastran_FPP_000001@fastran_driver@2|FRAMEWORK@Framework@0|258)
2026-07-21 11:22:55,797 fastran_driver_fastran_driver_2 DEBUG    _get_service_response(REQUEST|fastran_FPP_000001@fastran_driver@2|FRAMEWORK@Framework@0|258), response = ServiceResponseMessage(sender_id=FRAMEWORK@Framework@0, receiver_id=fastran_FPP_000001@fastran_driver@2, request_msg_id=REQUEST|fastran_FPP_000001@fastran_driver@2|FRAMEWORK@Framework@0|258,status=0, args=(<ipsframework.cca_es_spec.Topic object at 0x7f0ad2b88190>,), message_id=RESPONSE|FRAMEWORK@Framework@0|fastran_FPP_000001@fastran_driver@2|4639)
2026-07-21 11:22:55,797 fastran_driver_fastran_driver_2 DEBUG    _invoke_service(): sendEvent  ('_IPS_MONITOR', 'PORTAL_EVENT', {'sim_name': 'fastran_FPP_000001', 'real_sim_name': 'fastran_FPP_000001', 'portal_data': {'code': 'fastran_driver_fastran_driver', 'eventtype': 'IPS_CALL_BEGIN', 'ok': True, 'walltime': '2084.82', 'time': '2026-07-21|11:22:55PDT', 'state': 'Running', 'comment': 'Target = fastran_FPP_000001@efit@7:finalize(4)'}})
2026-07-21 11:22:55,797 fastran_driver_fastran_driver_2 DEBUG    _get_service_response(REQUEST|fastran_FPP_000001@fastran_driver@2|FRAMEWORK@Framework@0|259)
2026-07-21 11:22:55,808 fastran_driver_fastran_driver_2 DEBUG    _get_service_response(REQUEST|fastran_FPP_000001@fastran_driver@2|FRAMEWORK@Framework@0|259), response = ServiceResponseMessage(sender_id=FRAMEWORK@Framework@0, receiver_id=fastran_FPP_000001@fastran_driver@2, request_msg_id=REQUEST|fastran_FPP_000001@fastran_driver@2|FRAMEWORK@Framework@0|259,status=0, args=(None,), message_id=RESPONSE|FRAMEWORK@Framework@0|fastran_FPP_000001@fastran_driver@2|4641)
2026-07-21 11:22:55,808 fastran_driver_fastran_driver_2 DEBUG    _invoke_service(): init_call  ('finalize', 4)
2026-07-21 11:22:55,808 fastran_driver_fastran_driver_2 DEBUG    _get_service_response(REQUEST|fastran_FPP_000001@fastran_driver@2|FRAMEWORK@Framework@0|260)
2026-07-21 11:22:55,809 fastran_eq_efit_7 DEBUG    Received Message 
2026-07-21 11:22:55,809 fastran_eq_efit_7 DEBUG    Calling method finalize(4)
2026-07-21 11:22:55,819 fastran_driver_fastran_driver_2 DEBUG    _get_service_response(REQUEST|fastran_FPP_000001@fastran_driver@2|FRAMEWORK@Framework@0|260), response = ServiceResponseMessage(sender_id=FRAMEWORK@Framework@0, receiver_id=fastran_FPP_000001@fastran_driver@2, request_msg_id=REQUEST|fastran_FPP_000001@fastran_driver@2|FRAMEWORK@Framework@0|260,status=0, args=(43,), message_id=RESPONSE|FRAMEWORK@Framework@0|fastran_FPP_000001@fastran_driver@2|4642)
2026-07-21 11:22:55,819 fastran_driver_fastran_driver_2 DEBUG    _invoke_service(): wait_call  (43, True)
2026-07-21 11:22:55,819 fastran_driver_fastran_driver_2 DEBUG    _get_service_response(REQUEST|fastran_FPP_000001@fastran_driver@2|FRAMEWORK@Framework@0|261)
2026-07-21 11:22:55,829 fastran_driver_fastran_driver_2 DEBUG    _get_service_response(REQUEST|fastran_FPP_000001@fastran_driver@2|FRAMEWORK@Framework@0|261), response = ServiceResponseMessage(sender_id=FRAMEWORK@Framework@0, receiver_id=fastran_FPP_000001@fastran_driver@2, request_msg_id=REQUEST|fastran_FPP_000001@fastran_driver@2|FRAMEWORK@Framework@0|261,status=0, args=((None,),), message_id=RESPONSE|FRAMEWORK@Framework@0|fastran_FPP_000001@fastran_driver@2|4643)
2026-07-21 11:22:55,830 fastran_driver_fastran_driver_2 DEBUG    _invoke_service(): getTopic  ('_IPS_MONITOR',)
2026-07-21 11:22:55,830 fastran_driver_fastran_driver_2 DEBUG    _get_service_response(REQUEST|fastran_FPP_000001@fastran_driver@2|FRAMEWORK@Framework@0|262)
2026-07-21 11:22:55,840 fastran_driver_fastran_driver_2 DEBUG    _get_service_response(REQUEST|fastran_FPP_000001@fastran_driver@2|FRAMEWORK@Framework@0|262), response = ServiceResponseMessage(sender_id=FRAMEWORK@Framework@0, receiver_id=fastran_FPP_000001@fastran_driver@2, request_msg_id=REQUEST|fastran_FPP_000001@fastran_driver@2|FRAMEWORK@Framework@0|262,status=0, args=(<ipsframework.cca_es_spec.Topic object at 0x7f0ad2b88280>,), message_id=RESPONSE|FRAMEWORK@Framework@0|fastran_FPP_000001@fastran_driver@2|4644)
2026-07-21 11:22:55,840 fastran_driver_fastran_driver_2 DEBUG    _invoke_service(): sendEvent  ('_IPS_MONITOR', 'PORTAL_EVENT', {'sim_name': 'fastran_FPP_000001', 'real_sim_name': 'fastran_FPP_000001', 'portal_data': {'code': 'fastran_driver_fastran_driver', 'eventtype': 'IPS_CALL_END', 'ok': True, 'walltime': '2084.87', 'time': '2026-07-21|11:22:55PDT', 'trace': {'timestamp': 1784658175819420, 'duration': 10611, 'localEndpoint': {'serviceName': 'fastran_FPP_000001@efit@7'}, 'name': 'finalize(4)', 'id': 'a282c5e99f2dec53', 'parentId': 'f899e3e5886669ce', 'tags': {}}, 'state': 'Running', 'comment': 'Target = fastran_FPP_000001@efit@7:finalize(4)'}})
2026-07-21 11:22:55,840 fastran_driver_fastran_driver_2 DEBUG    _get_service_response(REQUEST|fastran_FPP_000001@fastran_driver@2|FRAMEWORK@Framework@0|263)
2026-07-21 11:22:55,851 fastran_driver_fastran_driver_2 DEBUG    _get_service_response(REQUEST|fastran_FPP_000001@fastran_driver@2|FRAMEWORK@Framework@0|263), response = ServiceResponseMessage(sender_id=FRAMEWORK@Framework@0, receiver_id=fastran_FPP_000001@fastran_driver@2, request_msg_id=REQUEST|fastran_FPP_000001@fastran_driver@2|FRAMEWORK@Framework@0|263,status=0, args=(None,), message_id=RESPONSE|FRAMEWORK@Framework@0|fastran_FPP_000001@fastran_driver@2|4645)
2026-07-21 11:22:55,851 fastran_driver_fastran_driver_2 DEBUG    _invoke_service(): getTopic  ('_IPS_MONITOR',)
2026-07-21 11:22:55,852 fastran_driver_fastran_driver_2 DEBUG    _get_service_response(REQUEST|fastran_FPP_000001@fastran_driver@2|FRAMEWORK@Framework@0|264)
2026-07-21 11:22:55,862 fastran_driver_fastran_driver_2 DEBUG    _get_service_response(REQUEST|fastran_FPP_000001@fastran_driver@2|FRAMEWORK@Framework@0|264), response = ServiceResponseMessage(sender_id=FRAMEWORK@Framework@0, receiver_id=fastran_FPP_000001@fastran_driver@2, request_msg_id=REQUEST|fastran_FPP_000001@fastran_driver@2|FRAMEWORK@Framework@0|264,status=0, args=(<ipsframework.cca_es_spec.Topic object at 0x7f0ad2b88190>,), message_id=RESPONSE|FRAMEWORK@Framework@0|fastran_FPP_000001@fastran_driver@2|4646)
2026-07-21 11:22:55,862 fastran_driver_fastran_driver_2 DEBUG    _invoke_service(): sendEvent  ('_IPS_MONITOR', 'PORTAL_EVENT', {'sim_name': 'fastran_FPP_000001', 'real_sim_name': 'fastran_FPP_000001', 'portal_data': {'code': 'fastran_driver_fastran_driver', 'eventtype': 'IPS_CALL_BEGIN', 'ok': True, 'walltime': '2084.89', 'time': '2026-07-21|11:22:55PDT', 'state': 'Running', 'comment': 'Target = fastran_FPP_000001@fastran@8:finalize(4)'}})
2026-07-21 11:22:55,862 fastran_driver_fastran_driver_2 DEBUG    _get_service_response(REQUEST|fastran_FPP_000001@fastran_driver@2|FRAMEWORK@Framework@0|265)
2026-07-21 11:22:55,873 fastran_driver_fastran_driver_2 DEBUG    _get_service_response(REQUEST|fastran_FPP_000001@fastran_driver@2|FRAMEWORK@Framework@0|265), response = ServiceResponseMessage(sender_id=FRAMEWORK@Framework@0, receiver_id=fastran_FPP_000001@fastran_driver@2, request_msg_id=REQUEST|fastran_FPP_000001@fastran_driver@2|FRAMEWORK@Framework@0|265,status=0, args=(None,), message_id=RESPONSE|FRAMEWORK@Framework@0|fastran_FPP_000001@fastran_driver@2|4647)
2026-07-21 11:22:55,873 fastran_driver_fastran_driver_2 DEBUG    _invoke_service(): init_call  ('finalize', 4)
2026-07-21 11:22:55,873 fastran_driver_fastran_driver_2 DEBUG    _get_service_response(REQUEST|fastran_FPP_000001@fastran_driver@2|FRAMEWORK@Framework@0|266)
2026-07-21 11:22:55,874 fastran_tr_fastran_8 DEBUG    Received Message 
2026-07-21 11:22:55,874 fastran_tr_fastran_8 DEBUG    Calling method finalize(4)
2026-07-21 11:22:55,884 fastran_driver_fastran_driver_2 DEBUG    _get_service_response(REQUEST|fastran_FPP_000001@fastran_driver@2|FRAMEWORK@Framework@0|266), response = ServiceResponseMessage(sender_id=FRAMEWORK@Framework@0, receiver_id=fastran_FPP_000001@fastran_driver@2, request_msg_id=REQUEST|fastran_FPP_000001@fastran_driver@2|FRAMEWORK@Framework@0|266,status=0, args=(44,), message_id=RESPONSE|FRAMEWORK@Framework@0|fastran_FPP_000001@fastran_driver@2|4648)
2026-07-21 11:22:55,884 fastran_driver_fastran_driver_2 DEBUG    _invoke_service(): wait_call  (44, True)
2026-07-21 11:22:55,884 fastran_driver_fastran_driver_2 DEBUG    _get_service_response(REQUEST|fastran_FPP_000001@fastran_driver@2|FRAMEWORK@Framework@0|267)
2026-07-21 11:22:55,894 fastran_driver_fastran_driver_2 DEBUG    _get_service_response(REQUEST|fastran_FPP_000001@fastran_driver@2|FRAMEWORK@Framework@0|267), response = ServiceResponseMessage(sender_id=FRAMEWORK@Framework@0, receiver_id=fastran_FPP_000001@fastran_driver@2, request_msg_id=REQUEST|fastran_FPP_000001@fastran_driver@2|FRAMEWORK@Framework@0|267,status=0, args=((None,),), message_id=RESPONSE|FRAMEWORK@Framework@0|fastran_FPP_000001@fastran_driver@2|4649)
2026-07-21 11:22:55,894 fastran_driver_fastran_driver_2 DEBUG    _invoke_service(): getTopic  ('_IPS_MONITOR',)
2026-07-21 11:22:55,894 fastran_driver_fastran_driver_2 DEBUG    _get_service_response(REQUEST|fastran_FPP_000001@fastran_driver@2|FRAMEWORK@Framework@0|268)
2026-07-21 11:22:55,905 fastran_driver_fastran_driver_2 DEBUG    _get_service_response(REQUEST|fastran_FPP_000001@fastran_driver@2|FRAMEWORK@Framework@0|268), response = ServiceResponseMessage(sender_id=FRAMEWORK@Framework@0, receiver_id=fastran_FPP_000001@fastran_driver@2, request_msg_id=REQUEST|fastran_FPP_000001@fastran_driver@2|FRAMEWORK@Framework@0|268,status=0, args=(<ipsframework.cca_es_spec.Topic object at 0x7f0ad2b88280>,), message_id=RESPONSE|FRAMEWORK@Framework@0|fastran_FPP_000001@fastran_driver@2|4650)
2026-07-21 11:22:55,905 fastran_driver_fastran_driver_2 DEBUG    _invoke_service(): sendEvent  ('_IPS_MONITOR', 'PORTAL_EVENT', {'sim_name': 'fastran_FPP_000001', 'real_sim_name': 'fastran_FPP_000001', 'portal_data': {'code': 'fastran_driver_fastran_driver', 'eventtype': 'IPS_CALL_END', 'ok': True, 'walltime': '2084.93', 'time': '2026-07-21|11:22:55PDT', 'trace': {'timestamp': 1784658175884125, 'duration': 10617, 'localEndpoint': {'serviceName': 'fastran_FPP_000001@fastran@8'}, 'name': 'finalize(4)', 'id': '8117c2f7b58744ea', 'parentId': 'f899e3e5886669ce', 'tags': {}}, 'state': 'Running', 'comment': 'Target = fastran_FPP_000001@fastran@8:finalize(4)'}})
2026-07-21 11:22:55,905 fastran_driver_fastran_driver_2 DEBUG    _get_service_response(REQUEST|fastran_FPP_000001@fastran_driver@2|FRAMEWORK@Framework@0|269)
2026-07-21 11:22:55,916 fastran_driver_fastran_driver_2 DEBUG    _get_service_response(REQUEST|fastran_FPP_000001@fastran_driver@2|FRAMEWORK@Framework@0|269), response = ServiceResponseMessage(sender_id=FRAMEWORK@Framework@0, receiver_id=fastran_FPP_000001@fastran_driver@2, request_msg_id=REQUEST|fastran_FPP_000001@fastran_driver@2|FRAMEWORK@Framework@0|269,status=0, args=(None,), message_id=RESPONSE|FRAMEWORK@Framework@0|fastran_FPP_000001@fastran_driver@2|4651)
2026-07-21 11:22:55,917 fastran_driver_fastran_driver_2 DEBUG    Received Message 
2026-07-21 11:22:55,917 fastran_driver_fastran_driver_2 DEBUG    Calling method finalize(0)
2026-07-21 11:22:55,934 fastran_driver_fastran_driver_2 DEBUG    Received Message 
2026-07-21 11:22:55,934 fastran_driver_fastran_driver_2 DEBUG    Calling method terminate(0)
2026-07-21 11:22:55,934 fastran_driver_fastran_driver_2 DEBUG    Calling self.sys_exit(0)
2026-07-21 11:22:55,934 fastran_init_fastran_init_1 DEBUG    Received Message 
2026-07-21 11:22:55,935 fastran__impurity_radiation_5 DEBUG    Received Message 
2026-07-21 11:22:55,935 fastran_eq_efit_7 DEBUG    Received Message 
2026-07-21 11:22:55,935 fastran_init_fastran_init_1 DEBUG    Calling method terminate(0)
2026-07-21 11:22:55,935 fastran_eq0_efit_3 DEBUG    Received Message 
2026-07-21 11:22:55,935 fastran__impurity_radiation_5 DEBUG    Calling method terminate(0)
2026-07-21 11:22:55,935 fastran_tr0_fastran_4 DEBUG    Received Message 
2026-07-21 11:22:55,935 rf_ic_toric_6   DEBUG    Received Message 
2026-07-21 11:22:55,935 fastran_eq_efit_7 DEBUG    Calling method terminate(0)
2026-07-21 11:22:55,935 fastran_tr_fastran_8 DEBUG    Received Message 
2026-07-21 11:22:55,935 fastran_eq0_efit_3 DEBUG    Calling method terminate(0)
2026-07-21 11:22:55,935 fastran_init_fastran_init_1 DEBUG    Calling self.sys_exit(0)
2026-07-21 11:22:55,935 fastran_tr0_fastran_4 DEBUG    Calling method terminate(0)
2026-07-21 11:22:55,935 rf_ic_toric_6   DEBUG    Calling method terminate(0)
2026-07-21 11:22:55,935 fastran__impurity_radiation_5 DEBUG    Calling self.sys_exit(0)
2026-07-21 11:22:55,935 fastran_eq_efit_7 DEBUG    Calling self.sys_exit(0)
2026-07-21 11:22:55,935 fastran_tr_fastran_8 DEBUG    Calling method terminate(0)
2026-07-21 11:22:55,935 fastran_eq0_efit_3 DEBUG    Calling self.sys_exit(0)
2026-07-21 11:22:55,935 rf_ic_toric_6   DEBUG    Calling self.sys_exit(0)
2026-07-21 11:22:55,935 fastran_tr0_fastran_4 DEBUG    Calling self.sys_exit(0)
2026-07-21 11:22:55,935 fastran_tr_fastran_8 DEBUG    Calling self.sys_exit(0)
