fastran_init.init() started
state_files: s000001.00001 g000001.00001 i000001.00001
create null s000001.00001
create null g000001.00001
create null i000001.00001
fastran_init.step() started
tokamak_id = FPP
shot_number = 000001
INPUT_DIR = /pscratch/sd/h/hswils/github_repos/MANTA_DBSCANS/IC+RAD+PELLET+TGLF/bcfrom2024/SCAN_sntot_paux_Kr0000/input
model_beam = 0
start dakota update
update_namelist called
instate R0 updated
instate A0 updated
instate KAPPA updated
instate DELTA updated
instate B0 updated
instate IP updated
instate XMID updated
instate XWID updated
instate H98_TARGET updated
instate_method: model
Shape from instate data array
ne from model profile, ped
te from model profile, ped
ti from model profile, ped
density_beam from model profile, parab
j_tot from model profile, parab
omega from model profile, parab
zeff from model profile, const
tbeami from model profile, const
density_alpha from model profile, zero
walpha from model profile, zero
wbeam from the model profile
density_model = 1: impurity = f*ne
init from instate: instate
11.0 4.55 1.2000000000000002 1.3648990770545528 -0.45664330874377446
usng analytic volume
end
rho_rad prad 100 100
integrated :  0.0
rho pohme 100 100
integrated :  0.0
Icurt=2.888e+00MA
rho_nbi pbe 100 100
integrated :  0.0
rho_nbi pbi 100 100
integrated :  0.0
rho_nbi sbedep 100 100
integrated :  0.0
rho_nbi tqbe 100 100
integrated :  0.0
Icurbeam=0.000e+00MA
rho_ecrf peech 100 100
integrated :  0.0
rho_icrf picrf_totals 9 100
integrated :  0.0
rho_icrf picrf_totals 9 100
integrated :  0.0
Icurech=0.000e+00MA
Icurich=0.000e+00MA
fastran_init.finalize() called
********************************************************************************
FASTRAN DIRVER INIT
PORTS (all) = ['INIT', 'DRIVER', 'EQ0', 'TR0', 'RAD', 'PELLET', 'IC', 'EQ', 'TR']
PORTS = ['INIT', 'DRIVER', 'EQ0', 'TR0', 'RAD', 'PELLET', 'IC', 'EQ', 'TR']
SIMULATION_MODE = NORMAL
*** t0 = 0
EQ0 init ********
>>> efit.init() started
INPUT: SCALE found 1 , mapped value =  enabled
INPUT: R0_SCALE found 1.7 , mapped value =  1.7
INPUT: B0_SCALE found 2.0 , mapped value =  2.0
efit time = 1
init_run =  1
force free
scaled  1.7 2.0
NCAPTC: : NetCDF: Variable not found
Warning: ieee_overflow is signaling
Warning: ieee_underflow is signaling
Warning: ieee_inexact is signaling
FORTRAN STOP
ps_update disabled
Icurt=2.862e+00MA
TR0 init ********
fastran.init() entered
RAD init ********
radiation.init() started
model_beam = 0
[74 36  2  2]
z_imp = 74, spec = tungsten
[5.e+16]
1000000000000000.0 1e+21
1.0 49999.9995007974
z_imp = 36, spec = krypton
[5.e+16]
1e+16 1e+21
1.0 49999.9995007974
z_imp = 2, spec = helium
[5.e+16]
49999999500797.3 2.0000000199681083e+21
0.2000921266122983 15006.865839882254
z_imp = 2, spec = helium
[5.e+16]
49999999500797.3 2.0000000199681083e+21
0.2000921266122983 15006.865839882254
PELLET init ********
pellet_model.init() called
IC init ********
toric.init() called
('touching ', 'torica.inp')
('touching ', 'machine.inp')
('touching ', 'log.toric')
('touching ', 'toric.nc')
('touching ', 'profstat.dat')
('touching ', 'equigs.data')
('touching ', 'equidt.data')
('touching ', 'toric_cfg.nc')
EQ init ********
>>> efit.init() started
INPUT: SCALE found 1 , mapped value =  enabled
INPUT: R0_SCALE found 1.7 , mapped value =  1.7
INPUT: B0_SCALE found 2.0 , mapped value =  2.0
efit time = 5
init_run =  0
TR init ********
fastran.init() entered
nstep_pre: 1

========================================================================
= fastran driver: preprocess iteration number =  0

EQ0 step
>>> efit.step() started
INPUT: PRESSURE found kinetic , mapped value =  kinetic
INPUT: RELAX_PROFILE not found, use default value: 0
INPUT: RELAX_METRIC not found, use default value: 0.5
INPUT: BETAN_TARGET not found, use default value: -1.0
model_pressure = kinetic
betan = 2.150559470298543
INPUT: TOPOLOGY found DN , mapped value =  DN
INPUT: ERROR not found, use default value: 1.0e-4
INPUT: MAX_EFIT_ERROR not found, use default value: 0.1
init_run_step = 0
niter =  10
*** generate kfile 0
r0 = 4.55
b0 = 11.0
ip = 9999999.995
ip, ip cal, ip/(ip cal) = 10.000 2.863 3.493
weigting upper xpoint: [2, 3, 4, 5]
weigting lower xpoint: [9, 10, 11, 12]
run efit
efit, subprocess
elapsed time =  0.347  1.298
error_efit = 9.094e-05
*** generate kfile 1
apply underrelaxation
r0 = 4.55
b0 = 11.0
ip = 9999999.995
inmtric under-relax: 0.5
ip, ip cal, ip/(ip cal) = 10.000 2.896 3.453
weigting upper xpoint: [2, 3, 4, 5]
weigting lower xpoint: [9, 10, 11, 12]
diff_p = 0.12468477162045843
diff_f = 0.575478943575002
run efit
efit, subprocess
elapsed time =  0.410  1.233
error_efit = 9.062e-05
*** generate kfile 2
apply underrelaxation
r0 = 4.55
b0 = 11.0
ip = 9999999.995
inmtric under-relax: 0.5
ip, ip cal, ip/(ip cal) = 10.000 2.894 3.455
weigting upper xpoint: [2, 3, 4, 5]
weigting lower xpoint: [9, 10, 11, 12]
diff_p = 0.11197989216316925
diff_f = 0.5503095358769426
run efit
efit, subprocess
elapsed time =  0.395  1.393
error_efit = 7.92e-05
*** generate kfile 3
apply underrelaxation
r0 = 4.55
b0 = 11.0
ip = 9999999.995
inmtric under-relax: 0.5
ip, ip cal, ip/(ip cal) = 10.000 2.878 3.475
weigting upper xpoint: [2, 3, 4, 5]
weigting lower xpoint: [9, 10, 11, 12]
diff_p = 0.07563365726185493
diff_f = 0.3522829802188181
run efit
efit, subprocess
elapsed time =  0.417  1.262
error_efit = 8.278e-05
*** generate kfile 4
apply underrelaxation
r0 = 4.55
b0 = 11.0
ip = 9999999.995
  ps_init_tag: Plasma State v2.055 f90 module initialization.
  %ps_update_fromxplasma: allocating nr,nz  =          129 ,         129
  %ps_update_fromxplasma: allocating nlim   =            5
  %ps_mhdeq_derive: compute <1/R^2> and <|grad(rho)|^2/R^2>.
  %ps_mhdeq_derive: compute metric averages <1/R>, <|grad(rho)|>, etc.
  %ps_mhdeq_derive: compute R & Z minmax profiles; triangularity, etc.
  %ps_mhdeq_derive: compute <1/B^2>, NCLASS moments, etc.
  %ps_mhdeq_nclass: allocating 16 Pfirsch-Schlutter moments profiles.
  %ps_mhdeq_derive: compute NC sqrt-singular flux surface averages.
  %ps_mhdeq_derive: compute profiles of Bmin, Bmax.
  %ps_update_fromxplasma: allocating nr,nz  =          129 ,         129
  %ps_update_fromxplasma: allocating nlim   =            5
  %ps_mhdeq_derive: compute <1/R^2> and <|grad(rho)|^2/R^2>.
  %ps_mhdeq_derive: compute metric averages <1/R>, <|grad(rho)|>, etc.
  %ps_mhdeq_derive: compute R & Z minmax profiles; triangularity, etc.
  %ps_mhdeq_derive: compute <1/B^2>, NCLASS moments, etc.
  %ps_mhdeq_nclass: allocating 16 Pfirsch-Schlutter moments profiles.
  %ps_mhdeq_derive: compute NC sqrt-singular flux surface averages.
  %ps_mhdeq_derive: compute profiles of Bmin, Bmax.
  %ps_update_fromxplasma: allocating nr,nz  =          129 ,         129
  %ps_update_fromxplasma: allocating nlim   =            5
  %ps_mhdeq_derive: compute <1/R^2> and <|grad(rho)|^2/R^2>.
  %ps_mhdeq_derive: compute metric averages <1/R>, <|grad(rho)|>, etc.
  %ps_mhdeq_derive: compute R & Z minmax profiles; triangularity, etc.
  %ps_mhdeq_derive: compute <1/B^2>, NCLASS moments, etc.
  %ps_mhdeq_nclass: allocating 16 Pfirsch-Schlutter moments profiles.
  %ps_mhdeq_derive: compute NC sqrt-singular flux surface averages.
  %ps_mhdeq_derive: compute profiles of Bmin, Bmax.
  %ps_update_fromxplasma: allocating nr,nz  =          129 ,         129
  %ps_update_fromxplasma: allocating nlim   =            5
  %ps_mhdeq_derive: compute <1/R^2> and <|grad(rho)|^2/R^2>.
  %ps_mhdeq_derive: compute metric averages <1/R>, <|grad(rho)|>, etc.
  %ps_mhdeq_derive: compute R & Z minmax profiles; triangularity, etc.
  %ps_mhdeq_derive: compute <1/B^2>, NCLASS moments, etc.
  %ps_mhdeq_nclass: allocating 16 Pfirsch-Schlutter moments profiles.
  %ps_mhdeq_derive: compute NC sqrt-singular flux surface averages.
  %ps_mhdeq_derive: compute profiles of Bmin, Bmax.
  %ps_update_fromxplasma: allocating nr,nz  =          129 ,         129
  %ps_update_fromxplasma: allocating nlim   =            5
  %ps_mhdeq_derive: compute <1/R^2> and <|grad(rho)|^2/R^2>.
  %ps_mhdeq_derive: compute metric averages <1/R>, <|grad(rho)|>, etc.
  %ps_mhdeq_derive: compute R & Z minmax profiles; triangularity, etc.
  %ps_mhdeq_derive: compute <1/B^2>, NCLASS moments, etc.
  %ps_mhdeq_nclass: allocating 16 Pfirsch-Schlutter moments profiles.
  %ps_mhdeq_derive: compute NC sqrt-singular flux surface averages.
  %ps_mhdeq_derive: compute profiles of Bmin, Bmax.
  %ps_update_fromxplasma: allocating nr,nz  =          129 ,         129
  %ps_update_fromxplasma: allocating nlim   =            5
  %ps_mhdeq_derive: compute <1/R^2> and <|grad(rho)|^2/R^2>.
  %ps_mhdeq_derive: compute metric averages <1/R>, <|grad(rho)|>, etc.
  %ps_mhdeq_derive: compute R & Z minmax profiles; triangularity, etc.
  %ps_mhdeq_derive: compute <1/B^2>, NCLASS moments, etc.
  %ps_mhdeq_nclass: allocating 16 Pfirsch-Schlutter moments profiles.
  %ps_mhdeq_derive: compute NC sqrt-singular flux surface averages.
  %ps_mhdeq_derive: compute profiles of Bmin, Bmax.
  %ps_update_fromxplasma: allocating nr,nz  =          129 ,         129
  %ps_update_fromxplasma: allocating nlim   =            5
  %ps_mhdeq_derive: compute <1/R^2> and <|grad(rho)|^2/R^2>.
  %ps_mhdeq_derive: compute metric averages <1/R>, <|grad(rho)|>, etc.
  %ps_mhdeq_derive: compute R & Z minmax profiles; triangularity, etc.
  %ps_mhdeq_derive: compute <1/B^2>, NCLASS moments, etc.
  %ps_mhdeq_nclass: allocating 16 Pfirsch-Schlutter moments profiles.
  %ps_mhdeq_derive: compute NC sqrt-singular flux surface averages.
  %ps_mhdeq_derive: compute profiles of Bmin, Bmax.
inmtric under-relax: 0.5
ip, ip cal, ip/(ip cal) = 10.000 2.860 3.497
weigting upper xpoint: [2, 3, 4, 5]
weigting lower xpoint: [9, 10, 11, 12]
diff_p = 0.04455520840507363
diff_f = 0.19463255666114315
run efit
efit, subprocess
elapsed time =  0.395  1.219
error_efit = 9.026e-05
*** generate kfile 5
apply underrelaxation
r0 = 4.55
b0 = 11.0
ip = 9999999.995
inmtric under-relax: 0.5
ip, ip cal, ip/(ip cal) = 10.000 2.845 3.515
weigting upper xpoint: [2, 3, 4, 5]
weigting lower xpoint: [9, 10, 11, 12]
diff_p = 0.024078469145853418
diff_f = 0.10214364403701386
run efit
efit, subprocess
elapsed time =  0.398  1.256
error_efit = 9.408e-05
*** generate kfile 6
apply underrelaxation
r0 = 4.55
b0 = 11.0
ip = 9999999.995
inmtric under-relax: 0.5
ip, ip cal, ip/(ip cal) = 10.000 2.835 3.528
weigting upper xpoint: [2, 3, 4, 5]
weigting lower xpoint: [9, 10, 11, 12]
diff_p = 0.012269562624369519
diff_f = 0.052737928858237304
run efit
efit, subprocess
elapsed time =  0.385  1.301
error_efit = 8.768e-05
*** generate kfile 7
apply underrelaxation
r0 = 4.55
b0 = 11.0
ip = 9999999.995
inmtric under-relax: 0.5
ip, ip cal, ip/(ip cal) = 10.000 2.828 3.536
weigting upper xpoint: [2, 3, 4, 5]
weigting lower xpoint: [9, 10, 11, 12]
diff_p = 0.006098496915353646
diff_f = 0.02736861464025249
run efit
efit, subprocess
elapsed time =  0.382  1.189
error_efit = 7.199e-05
*** generate kfile 8
apply underrelaxation
r0 = 4.55
b0 = 11.0
ip = 9999999.995
inmtric under-relax: 0.5
ip, ip cal, ip/(ip cal) = 10.000 2.823 3.542
weigting upper xpoint: [2, 3, 4, 5]
weigting lower xpoint: [9, 10, 11, 12]
diff_p = 0.003006310445985855
diff_f = 0.01441163624127392
run efit
efit, subprocess
elapsed time =  0.383  1.186
error_efit = 6.614e-05
*** generate kfile 9
apply underrelaxation
r0 = 4.55
b0 = 11.0
ip = 9999999.995
inmtric under-relax: 0.5
ip, ip cal, ip/(ip cal) = 10.000 2.821 3.545
weigting upper xpoint: [2, 3, 4, 5]
weigting lower xpoint: [9, 10, 11, 12]
diff_p = 0.0015032296836847941
diff_f = 0.007893206044340087
converged
Icurt=2.818e+00MA
EQ0 step finished
TR0 step
fastran.step() entered
update_next = disabled
update_instate =  True
[1, 1, 74, 36, 2, 2]
['D', 'T', 'W', 'Kr', 'He3', 'He4']
ion D
ion T
imp W
imp Kr
imp He3
He4 found
model_beam = 0
dump_vol_profile : rho_nbi pbe 0.0
dump_vol_profile : rho_nbi pbi 0.0
dump_vol_profile : rho_nbi pbth 0.0
dump_vol_profile : rho_nbi pbth 0.0
dump_vol_profile : rho_fus pfuse 0.0
dump_vol_profile : rho_fus pfusi 0.0
dump_vol_profile : rho_fus pfusth 0.0
dump_vol_profile : rho_ecrf peech 0.0
dump_vol_profile : rho_icrf picrf_totals 0.0
dump_vol_profile : rho_lhrf pelh 0.0
S_name =  ['e                               ' 'D                               '
 'T                               ' 'W                               '
 'Kr                              ' 'He3                             '
 'He4                             ']
0 e                               
1 D                               
processing 1 D                               
dump_vol_profile : rho_icrf picrf_totals 0.0
2 T                               
processing 2 T                               
dump_vol_profile : rho_icrf picrf_totals 0.0
3 W                               
processing 3 W                               
dump_vol_profile : rho_icrf picrf_totals 0.0
4 Kr                              
processing 4 Kr                              
dump_vol_profile : rho_icrf picrf_totals 0.0
5 He3                             
processing 5 He3                             
dump_vol_profile : rho_icrf picrf_totals 0.0
6 He4                             
processing 6 He4                             
dump_vol_profile : rho_icrf picrf_totals 0.0
dump_vol_profile : rho_lhrf pilh 0.0
dump_vol_profile : rho_nbi tqbe 0.0
dump_vol_profile : rho_nbi tqbi 0.0
dump_vol_profile : rho_nbi tqbjxb 0.0
dump_vol_profile : rho_nbi tqbth 0.0
dump_vol_profile : rho_nbi sbedep 0.0
dump_vol_profile : rho_nbi sbehalo 0.0
dump_vol_profile : rho sn_trans 0.0
dump_vol_profile : rho_rad prad 0.0
dump_vol_profile : rho pohme 0.0
/global/common/software/atom/perlmutter/binaries/fastran/default/xfastran_ver1.07
ncpu =  1
n1d  =  1
nky  =  1
[1, 1, 74, 36, 2, 2]
['D', 'T', 'W', 'Kr', 'He3', 'He4']
ion D
ion T
imp W
imp Kr
imp He3
He4 found
nspec_th = 6
Icurt=1.000e+01MA
Icurr_bootstrap=3.225e+00MA
Icurr_ohmic=0.000e+00MA
rho_fus pfuse 100 100
integrated :  107265109.96879295
rho_fus pfusi 100 100
integrated :  44796894.26512914
model_beam = 0
density_model = 1: impurity = f*ne
He profile found
TR0 step finished
number of iteration : 5

========================================================================
= fastran driver: iteration number =  0

RAD step
radiation.step() started
model_beam = 0
0 [63680.54669417 63680.54669417 63525.02484792 63360.68643506
 63187.99920064 63007.44019592 62819.49253252 62624.6421173
 62423.37484436 62216.17323459 62003.5134104  61785.86214939
 61563.67373613 61337.38678919 61107.42150563 60874.1658298
 60637.93145195 60398.97481316 60157.5041478  59913.67485122
 59667.58509123 59419.27102118 59168.70206955 58915.77573318
 58660.31280862 58402.05188276 58140.66020074 57875.83912506
 57607.27207909 57334.56928091 57057.2637067  56774.80665816
 56486.56374513 56191.81072392 55889.7344981  55579.69203788
 55261.36990096 54934.46147612 54598.63805727 54253.54839362
 53898.81820552 53534.05652579 53159.21497304 52774.82398838
 52381.53074694 51980.05780097 51571.20449447 51155.85116609
 50735.24418398 50311.31132714 49886.20477907 49462.24147394
 49041.9067799  48627.93341165 48223.7902726  47833.4305475
 47461.07497793 47111.22769804 46788.6960935  46498.60813237
 46246.45353911 46038.13171463 45879.98533486 45777.43122875
 45733.88887035 45752.84407268 45838.09832643 45991.00670782
 46203.46990411 46464.40864173 46761.42139235 47076.33823501
 47374.24117134 47613.64614256 47749.82222362 47746.23850923
 47587.02466946 47259.8975428  46756.69695498 46116.36193474
 45416.52542868 44733.56396103 44141.9786067  43720.67116484
 43554.32844215 43741.71073223 44343.16543573 45390.72070522
 46981.64667966 49185.56986242 51763.64850156 53888.88788462
 54231.32923291 51877.76560312 48372.32090134 47379.15478077
 49903.89717894 43203.58767337 26571.70561998 37837.19010683
  4164.69791119]
1 [63680.54669417 63680.54669417 63525.02484792 63360.68643506
 63187.99920064 63007.44019592 62819.49253252 62624.6421173
 62423.37484436 62216.17323459 62003.5134104  61785.86214939
 61563.67373613 61337.38678919 61107.42150563 60874.1658298
 60637.93145195 60398.97481316 60157.5041478  59913.67485122
 59667.58509123 59419.27102118 59168.70206955 58915.77573318
 58660.31280862 58402.05188276 58140.66020074 57875.83912506
 57607.27207909 57334.56928091 57057.2637067  56774.80665816
 56486.56374513 56191.81072392 55889.7344981  55579.69203788
 55261.36990096 54934.46147612 54598.63805727 54253.54839362
 53898.81820552 53534.05652579 53159.21497304 52774.82398838
 52381.53074694 51980.05780097 51571.20449447 51155.85116609
 50735.24418398 50311.31132714 49886.20477907 49462.24147394
 49041.9067799  48627.93341165 48223.7902726  47833.4305475
 47461.07497793 47111.22769804 46788.6960935  46498.60813237
 46246.45353911 46038.13171463 45879.98533486 45777.43122875
 45733.88887035 45752.84407268 45838.09832643 45991.00670782
 46203.46990411 46464.40864173 46761.42139235 47076.33823501
 47374.24117134 47613.64614256 47749.82222362 47746.23850923
 47587.02466946 47259.8975428  46756.69695498 46116.36193474
 45416.52542868 44733.56396103 44141.9786067  43720.67116484
 43554.32844215 43741.71073223 44343.16543573 45390.72070522
 46981.64667966 49185.56986242 51763.64850156 53888.88788462
 54231.32923291 51877.76560312 48372.32090134 47379.15478077
 49903.89717894 43203.58767337 26571.70561998 37837.19010683
  4164.69791119]
2 [76639.02203298 76639.02203298 76440.35413497 76229.86972473
 76008.09342912 75775.55996955 75532.81085154 75280.39102748
 75018.84610216 74748.71887583 74470.54628273 74184.85642603
 73892.16536908 73592.9738945  73287.76476513 72976.98880094
 72661.02084514 72340.18075375 72014.74038166 71684.91889482
 71350.87836814 71012.71895251 70670.47414344 70324.10548906
 69973.49785055 69618.45379286 69258.70449036 68894.01506398
 68524.13258709 68148.73069921 67767.4056086  67379.67157309
 66984.95688344 66582.59967134 66171.84886516 65752.12308067
 65323.17014417 64884.74426269 64436.57710157 63978.37730822
 63509.82997976 63030.60301654 62540.70631918 62040.72806058
 61531.37251554 61013.41873972 60487.72190443 59955.21753589
 59417.20646514 58875.67026062 58332.81413874 57791.00732678
 57252.78670738 56676.99818921 56096.72135224 55531.46287051
 54985.53115644 54463.51571375 53970.30699562 53511.1137383
 53091.50407568 52717.45349135 52395.37836723 52130.76680132
 51927.10706614 51787.95117677 51717.16405086 51716.16121864
 51776.90045694 51888.35573582 52038.17416106 52208.22875989
 52363.63723297 52462.94175016 52461.42490057 52322.55195461
 52030.42481154 51572.69914485 50941.10676627 50174.41265962
 49349.9826441  48543.79483488 47829.76739033 47285.96184545
 46995.86995042 47056.57699012 47526.12626947 48433.45951454
 49871.87431212 51906.19852205 54292.39092548 56198.92318605
 56293.88680514 53667.25445974 49873.48006837 48593.68019211
 50852.682684   43922.29843427 27101.81166699 38230.20351644
  4530.38538989]
3 [158301.3923103  158301.3923103  157647.4834285  156945.70997918
 156196.70639405 155401.13843734 154559.70715032 153673.15208083
 152742.25499211 151767.8413637  150750.78191363 149691.99356692
 148592.43902184 147453.12535898 146275.10296688 145059.45165847
 143807.23642896 142519.52753127 141197.40560754 139841.95473904
 138454.25533492 137035.37617888 135586.3663131  134108.2457449
 132601.99746317 131068.55750712 129508.82282001 127923.7524188
 126314.31291237 124681.41958869 123025.93049569 121348.63949142
 119650.27095029 117931.47458335 116192.82578452 114435.08450722
 112659.35557438 110866.76646641 109058.43992388 107235.49516475
 105399.04916944 103550.22533595 101690.51449782  99822.0137757
  97946.96603752  96067.72064617  94186.73592537  92306.58456375
  90430.23865092  88561.38503794  86703.96667758  84862.12100735
  83040.18029247  81065.6776799   79074.49018852  77136.39462364
  75257.33354954  73443.44874503  71701.08893244  70036.81398423
  68457.42224167  66969.98443295  65581.86270733  64299.32707672
  63126.47012749  62067.25747607  61125.76521777  60303.4077425
  59591.92147921  58979.83375392  58454.11763975  57995.74582648
  57568.71401039  57130.22880678  56634.03508018  56041.87257513
  55335.94661845  54501.86359852  53529.17223698  52454.33880199
  51352.33100751  50296.6422235   49358.62752191  48613.71084896
  48142.67344884  48039.82403706  48360.3934488   49130.56555069
  50441.15170867  52355.20461398  54628.3589805   56431.14408865
  56436.57774436  53741.1519156   49903.51640399  48602.40582608
  50854.2756173   43922.4473341   27101.81637375  38230.20353238
   4530.38538989]
prad for Haley: [-0.15830139 -0.15830139 -0.15764748 -0.15694571 -0.15619671 -0.15540114
 -0.15455971 -0.15367315 -0.15274225 -0.15176784 -0.15075078 -0.14969199
 -0.14859244 -0.14745313 -0.1462751  -0.14505945 -0.14380724 -0.14251953
 -0.14119741 -0.13984195 -0.13845426 -0.13703538 -0.13558637 -0.13410825
 -0.132602   -0.13106856 -0.12950882 -0.12792375 -0.12631431 -0.12468142
 -0.12302593 -0.12134864 -0.11965027 -0.11793147 -0.11619283 -0.11443508
 -0.11265936 -0.11086677 -0.10905844 -0.1072355  -0.10539905 -0.10355023
 -0.10169051 -0.09982201 -0.09794697 -0.09606772 -0.09418674 -0.09230658
 -0.09043024 -0.08856139 -0.08670397 -0.08486212 -0.08304018 -0.08106568
 -0.07907449 -0.07713639 -0.07525733 -0.07344345 -0.07170109 -0.07003681
 -0.06845742 -0.06696998 -0.06558186 -0.06429933 -0.06312647 -0.06206726
 -0.06112577 -0.06030341 -0.05959192 -0.05897983 -0.05845412 -0.05799575
 -0.05756871 -0.05713023 -0.05663404 -0.05604187 -0.05533595 -0.05450186
 -0.05352917 -0.05245434 -0.05135233 -0.05029664 -0.04935863 -0.04861371
 -0.04814267 -0.04803982 -0.04836039 -0.04913057 -0.05044115 -0.0523552
 -0.05462836 -0.05643114 -0.05643658 -0.05374115 -0.04990352 -0.04860241
 -0.05085428 -0.04392245 -0.02710182 -0.0382302  -0.00453039]
rho_rad prad 100 100
integrated :  10888665.38518672
RAD step finished
PELLET step
pellet_model.init() started
start dakota update
INPELLET SN_TOTAL 0 updated
npellet = 1
sn_peak = [-1]
xmid = [0.6]
xwid = [0.1]
[3.30476411e-10 5.99163959e-10 1.07549391e-09 1.91129305e-09
 3.36282032e-09 5.85783454e-09 1.01024706e-08 1.72494456e-08
 2.91594779e-08 4.88024250e-08 8.08649115e-08 1.32658745e-07
 2.15461018e-07 3.46464376e-07 5.51576203e-07 8.69379730e-07
 1.35665855e-06 2.09598734e-06 3.20600215e-06 4.85507585e-06
 7.27922736e-06 1.08051700e-05 1.58794326e-05 2.31044381e-05
 3.32822667e-05 4.74665249e-05 6.70222547e-05 9.36931166e-05
 1.29674145e-04 1.77687204e-04 2.41054904e-04 3.23767195e-04
 4.30533322e-04 5.66810325e-04 7.38798135e-04 9.53390639e-04
 1.21807220e-03 1.54075021e-03 1.92951648e-03 2.39233397e-03
 2.93664991e-03 3.56894290e-03 4.29421791e-03 5.11547084e-03
 6.03315110e-03 7.04465692e-03 8.14390215e-03 9.32099558e-03
 1.05620717e-02 1.18493077e-02 1.31611518e-02 1.44727771e-02
 1.57567595e-02 1.69839613e-02 1.81245876e-02 1.91493629e-02
 2.00307671e-02 2.07442572e-02 2.12694005e-02 2.15908464e-02
 2.16990709e-02 2.15908464e-02 2.12694005e-02 2.07442572e-02
 2.00307671e-02 1.91493629e-02 1.81245876e-02 1.69839613e-02
 1.57567595e-02 1.44727771e-02 1.31611518e-02 1.18493077e-02
 1.05620717e-02 9.32099558e-03 8.14390215e-03 7.04465692e-03
 6.03315110e-03 5.11547084e-03 4.29421791e-03 3.56894290e-03
 2.93664991e-03 2.39233397e-03 1.92951648e-03 1.54075021e-03
 1.21807220e-03 9.53390639e-04 7.38798135e-04 5.66810325e-04
 4.30533322e-04 3.23767195e-04 2.41054904e-04 1.77687204e-04
 1.29674145e-04 9.36931166e-05 6.70222547e-05 4.74665249e-05
 3.32822667e-05 2.31044381e-05 1.58794326e-05 1.08051700e-05
 7.27922736e-06]
[4.95714616e+12 8.98745939e+12 1.61324086e+13 2.86693958e+13
 5.04423048e+13 8.78675181e+13 1.51537058e+14 2.58741684e+14
 4.37392169e+14 7.32036374e+14 1.21297367e+15 1.98988117e+15
 3.23191527e+15 5.19696564e+15 8.27364305e+15 1.30406959e+16
 2.03498782e+16 3.14398100e+16 4.80900322e+16 7.28261377e+16
 1.09188410e+17 1.62077550e+17 2.38191489e+17 3.46566571e+17
 4.99234001e+17 7.11997874e+17 1.00533382e+18 1.40539675e+18
 1.94511217e+18 2.66530806e+18 3.61582356e+18 4.85650793e+18
 6.45799983e+18 8.50215488e+18 1.10819720e+19 1.43008596e+19
 1.82710830e+19 2.31112531e+19 2.89427473e+19 3.58850095e+19
 4.40497487e+19 5.35341435e+19 6.44132686e+19 7.67320626e+19
 9.04972666e+19 1.05669854e+20 1.22158532e+20 1.39814934e+20
 1.58431076e+20 1.77739616e+20 1.97417277e+20 2.17091657e+20
 2.36351392e+20 2.54759419e+20 2.71868813e+20 2.87240443e+20
 3.00461506e+20 3.11163858e+20 3.19041008e+20 3.23862695e+20
 3.25486064e+20 3.23862695e+20 3.19041008e+20 3.11163858e+20
 3.00461506e+20 2.87240443e+20 2.71868813e+20 2.54759419e+20
 2.36351392e+20 2.17091657e+20 1.97417277e+20 1.77739616e+20
 1.58431076e+20 1.39814934e+20 1.22158532e+20 1.05669854e+20
 9.04972666e+19 7.67320626e+19 6.44132686e+19 5.35341435e+19
 4.40497487e+19 3.58850095e+19 2.89427473e+19 2.31112531e+19
 1.82710830e+19 1.43008596e+19 1.10819720e+19 8.50215488e+18
 6.45799983e+18 4.85650793e+18 3.61582356e+18 2.66530806e+18
 1.94511217e+18 1.40539675e+18 1.00533382e+18 7.11997874e+17
 4.99234001e+17 3.46566571e+17 2.38191489e+17 1.62077550e+17
 1.09188410e+17]
rho sn_trans 7 100
integrated :  1.4999708820661533e+22
PELLET step finished
IC step
toric.step() called
cur_state_file =  s000001.00001
('Total IC power = ', 40000000.0)
power =  40000000.0
 using s000001.00001 as default state.
  ps_init_tag: Plasma State v2.055 f90 module initialization.
 Prepare toric input reading machine.inp
 ps%ns(1,0)   3.0124254110000002E+020
 <n_e(m-3)-PS> =   2.0426245253824024E+020
 <n_e(m-3)-Interpolated> =   2.0551745140441734E+020
 Thermal ion name, A, Z, dens, temp = 
 D           2           1   1.0646152281973912E+020   28.025338370000000     
 Thermal ion name, A, Z, dens, temp = 
 T           3           1   1.0646152281973912E+020   28.025338370000000     
 Thermal ion name, A, Z, dens, temp = 
 W         182          74   4518638116500000.0        28.025338370000000     
 Thermal ion name, A, Z, dens, temp = 
 Kr          83          36   0.0000000000000000        28.025338370000000     
 Thermal ion name, A, Z, dens, temp = 
 He3           3           2   6.0248508220000000E+018   28.025338370000000     
 Thermal ion name, A, Z, dens, temp = 
 He4           4           2   3.7967707297950384E+019   28.025338370000000     
 Fast ion name, A, Z = D_beam           2           1
 Fast ion name, A, Z = He4_fusn           4           2
('prepare_eqdsk', '/global/common/software/atom/perlmutter/binaries/geqxpl/default/geqxpl', 'g000001.00001')
Note: The following floating-point exceptions are signalling: IEEE_UNDERFLOW_FLAG IEEE_DENORMAL
  
  G-EQdsk data accepted, maximum rel. GS error:    1.7252487847578692E-002
  
  Bphi is counter-clockwise viewed from above (nsnccwb = 1)
  
  Jphi is counter-clockwise viewed from above (nsnccwi = 1)
  
 equigs_write completion code (0=normal):           0
('toric processors = ', '24')
  -- get (restore) plasma state from file -- 
 process_toric_output: cur_state_file = s000001.00001
  ps_init_tag: Plasma State v2.055 f90 module initialization.
 freq_ic, picrf  alloc? T T
 RF alloc? T         900
    number of icrf sources =            1
    number of species =            8           6
 process toric output: profile and spec sizes:
 toric mesh, PS mesh         459         101
 toric species, PS species counts           8           6
 powers in percent
 total:   100.00000000000000     
 electron total   25.127573547448343        2.5901612240447771     
 ion totals fundamental   2.6581168909930220E-005   0.0000000000000000        0.0000000000000000        0.0000000000000000        63.177672416539636        7.3499650288764260E-012   0.0000000000000000        0.0000000000000000     
 ion totals harmonic   6.1646267784980703E-019   9.1045662307909812        0.0000000000000000        0.0000000000000000        0.0000000000000000        0.0000000000000000        0.0000000000000000        0.0000000000000000     
    number of thermal species (ps%nspec_th) =            6
    number of icrf sources (ps%nicrf_src) =            1
 ps%freq_ic =    0.0000000000000000     
 ps%icrf_src_name = IC00                            
 ps%power_ic =    40000000.000000000     
 ICRF Power   40000000.000000000     
   --storing toric data in current plasma state
 Total FW Driven Current (A)   440516.98750707717     
 Total ICRF Power (W)   40000000.000000000     
 FWCD Effciency (A/W)   1.1012924687676930E-002
 Total FW Driven Current from each source-> Interpolated (A)   440516.98750486830     
 Total FW Driven Current from all sources -> Interpolated (A)   440516.98750486830     
  *ps_update_file_write: normal exit,            6  update elements written.
 Stored Partial RF Plasma State
 electron power, integral
   11087370.845034128      Watts
 FW ion power, integral
   28912629.154958650      Watts
error but neglected...
IC step finished
EQ step
>>> efit.step() started
INPUT: PRESSURE found kinetic , mapped value =  kinetic
INPUT: RELAX_PROFILE not found, use default value: 0
INPUT: RELAX_METRIC not found, use default value: 0.5
INPUT: BETAN_TARGET not found, use default value: -1.0
model_pressure = kinetic
betan = 2.0783337905026653
INPUT: TOPOLOGY found DN , mapped value =  DN
INPUT: ERROR not found, use default value: 1.0e-4
INPUT: MAX_EFIT_ERROR not found, use default value: 0.1
init_run_step = 0
niter =  10
*** generate kfile 0
r0 = 4.55
b0 = 11.0
ip = 9999999.995
ip, ip cal, ip/(ip cal) = 10.000 10.002 1.000
weigting upper xpoint: [2, 3, 4, 5]
weigting lower xpoint: [9, 10, 11, 12]
run efit
efit, subprocess
elapsed time =  0.385  1.341
error_efit = 7.144e-05
*** generate kfile 1
apply underrelaxation
r0 = 4.55
b0 = 11.0
ip = 9999999.995
inmtric under-relax: 0.5
ip, ip cal, ip/(ip cal) = 10.000 9.984 1.002
weigting upper xpoint: [2, 3, 4, 5]
weigting lower xpoint: [9, 10, 11, 12]
diff_p = 0.00033044667301502427
diff_f = 0.0014167261063241035
converged
Icurt=9.966e+00MA
EQ step finished
TR step
fastran.step() entered
update_next = disabled
update_instate =  True
[1, 1, 74, 36, 2, 2]
['D', 'T', 'W', 'Kr', 'He3', 'He4']
ion D
ion T
imp W
imp Kr
imp He3
He4 found
model_beam = 0
dump_vol_profile : rho_nbi pbe 0.0
dump_vol_profile : rho_nbi pbi 0.0
dump_vol_profile : rho_nbi pbth 0.0
dump_vol_profile : rho_nbi pbth 0.0
dump_vol_profile : rho_fus pfuse 107265109.96879295
dump_vol_profile : rho_fus pfusi 44796894.26512914
dump_vol_profile : rho_fus pfusth 0.0
dump_vol_profile : rho_ecrf peech 0.0
dump_vol_profile : rho_icrf picrf_totals 11087370.845034128
dump_vol_profile : rho_lhrf pelh 0.0
S_name =  ['e                               ' 'D                               '
 'T                               ' 'W                               '
 'Kr                              ' 'He3                             '
 'He4                             ']
0 e                               
1 D                               
processing 1 D                               
dump_vol_profile : rho_icrf picrf_totals 19.436801568949534
2 T                               
processing 2 T                               
dump_vol_profile : rho_icrf picrf_totals 3641522.3237352804
3 W                               
processing 3 W                               
dump_vol_profile : rho_icrf picrf_totals 6.104197235265751e-35
4 Kr                              
processing 4 Kr                              
dump_vol_profile : rho_icrf picrf_totals 0.0
5 He3                             
processing 5 He3                             
dump_vol_profile : rho_icrf picrf_totals 25271087.394419085
6 He4                             
processing 6 He4                             
dump_vol_profile : rho_icrf picrf_totals 2.6925646398893427e-06
dump_vol_profile : rho_lhrf pilh 0.0
dump_vol_profile : rho_nbi tqbe 0.0
dump_vol_profile : rho_nbi tqbi 0.0
dump_vol_profile : rho_nbi tqbjxb 0.0
dump_vol_profile : rho_nbi tqbth 0.0
dump_vol_profile : rho_nbi sbedep 0.0
dump_vol_profile : rho_nbi sbehalo 0.0
dump_vol_profile : rho sn_trans 1.4999708820661533e+22
dump_vol_profile : rho_rad prad 10888665.38518672
dump_vol_profile : rho pohme 0.0
/global/common/software/atom/perlmutter/binaries/fastran/default/xfastran_ver1.07
ncpu =  126
n1d  =  6
nky  =  21
[1, 1, 74, 36, 2, 2]
['D', 'T', 'W', 'Kr', 'He3', 'He4']
ion D
ion T
imp W
imp Kr
imp He3
He4 found
nspec_th = 6
Icurt=1.000e+01MA
Icurr_bootstrap=2.438e+00MA
Icurr_ohmic=0.000e+00MA
rho_fus pfuse 100 100
integrated :  75810667.49996985
rho_fus pfusi 100 100
integrated :  26661790.0235533
model_beam = 0
density_model = 1: impurity = f*ne
He profile found
TR step finished

========================================================================
= fastran driver: iteration number =  1

RAD step
radiation.step() started
model_beam = 0
0 [66881.15104874 66880.50778623 66878.57572978 66875.34731602
 66870.8074177  66864.92956299 66857.6706457  66848.96413016
 66838.71175541 66826.77374522 66812.95753269 66797.00501123
 66778.57832827 66757.2442442  66732.45708773 66703.55653082
 66669.906621   66630.87778324 66585.77645217 66533.84016396
 66474.23332135 66406.04290371 66328.27417146 66239.8464215
 66139.74256411 66027.56729708 65903.22324734 65766.78454527
 65618.51557473 65458.88977168 65288.70062026 65089.69547866
 64863.33412243 64640.87681915 64453.68032717 64333.21291432
 64269.00191814 64229.48090958 64214.78197507 64225.12386604
 64260.87970449 64322.30491916 64410.2622282  64526.38799885
 64672.59008749 64851.0689771  65062.673893   65303.57451493
 65568.63001019 65852.25031224 66148.32872127 66446.36504148
 66731.25572391 66987.44524894 67198.48070218 67347.20364208
 67425.08398961 67425.10488171 67330.24038515 67125.20167336
 66797.22050485 66335.9952382  65738.46723767 65012.01086397
 64165.65910877 63209.15488128 62151.71049241 61002.71654622
 59787.29989408 58536.62990946 57278.46763946 56036.94603958
 54832.69798646 53684.70971774 52612.01489255 51633.61117944
 50767.85726548 50033.83463275 49453.00021575 49047.03581599
 48819.83371143 48774.82395013 48911.45695349 49216.68150725
 49672.56113783 50243.61598365 50771.50224336 51147.67317045
 51406.67353334 51596.8339466  51763.64850156 53888.88788462
 54231.32923291 51877.76560312 48372.32090134 47379.15478077
 49903.89717894 43203.58767337 26571.70561998 37837.19010683
  4164.69791119]
1 [66881.15104874 66880.50778623 66878.57572978 66875.34731602
 66870.8074177  66864.92956299 66857.6706457  66848.96413016
 66838.71175541 66826.77374522 66812.95753269 66797.00501123
 66778.57832827 66757.2442442  66732.45708773 66703.55653082
 66669.906621   66630.87778324 66585.77645217 66533.84016396
 66474.23332135 66406.04290371 66328.27417146 66239.8464215
 66139.74256411 66027.56729708 65903.22324734 65766.78454527
 65618.51557473 65458.88977168 65288.70062026 65089.69547866
 64863.33412243 64640.87681915 64453.68032717 64333.21291432
 64269.00191814 64229.48090958 64214.78197507 64225.12386604
 64260.87970449 64322.30491916 64410.2622282  64526.38799885
 64672.59008749 64851.0689771  65062.673893   65303.57451493
 65568.63001019 65852.25031224 66148.32872127 66446.36504148
 66731.25572391 66987.44524894 67198.48070218 67347.20364208
 67425.08398961 67425.10488171 67330.24038515 67125.20167336
 66797.22050485 66335.9952382  65738.46723767 65012.01086397
 64165.65910877 63209.15488128 62151.71049241 61002.71654622
 59787.29989408 58536.62990946 57278.46763946 56036.94603958
 54832.69798646 53684.70971774 52612.01489255 51633.61117944
 50767.85726548 50033.83463275 49453.00021575 49047.03581599
 48819.83371143 48774.82395013 48911.45695349 49216.68150725
 49672.56113783 50243.61598365 50771.50224336 51147.67317045
 51406.67353334 51596.8339466  51763.64850156 53888.88788462
 54231.32923291 51877.76560312 48372.32090134 47379.15478077
 49903.89717894 43203.58767337 26571.70561998 37837.19010683
  4164.69791119]
2 [79521.01810132 79518.6754454  79511.64657923 79499.92804922
 79483.51157157 79462.3802424  79436.50323516 79405.828989
 79370.27689286 79329.7274719  79284.01108496 79232.89514486
 79176.06987817 79113.13264668 79043.57086222 78966.75971767
 78882.10117238 78789.00590401 78686.82288778 78574.8344327
 78452.25188797 78318.21129196 78171.76901294 78011.89743847
 77837.63448392 77648.6416961  77444.88032232 77226.48481028
 76993.78148185 76747.30725381 76487.92055453 76194.79802157
 75870.13892999 75550.17171052 75271.13475953 75046.77878404
 74835.04373916 74651.95470503 74496.80730076 74369.00932901
 74268.14737449 74193.2295791  74144.06008366 74121.8064374
 74127.93043954 74164.20975546 74231.61547169 74326.30968128
 74442.57952977 74574.2996693  74714.86557403 74852.33945347
 74970.4419377  75053.56448637 75085.23310754 75048.3008273
 74935.76055912 74742.9719756  74454.17504931 74055.27770501
 73534.63797225 72882.86392854 72097.38412415 71185.98689332
 70158.08636161 69023.77490414 67792.4538022  66473.51484143
 65092.12240817 63679.47429183 62263.35146868 60867.81003264
 59513.32797102 58218.7898302  57003.12957631 55885.24726727
 54883.33857692 54016.32205305 53305.56099824 52772.64654585
 52421.38322289 52255.07129974 52273.16346991 52462.71494111
 52805.88783578 53267.2932262  53689.6044508  53964.50680778
 54125.49926103 54219.93293898 54292.39092548 56198.92318605
 56293.88680514 53667.25445974 49873.48006837 48593.68019211
 50852.682684   43922.29843427 27101.81166699 38230.20351644
  4530.38538989]
3 [153283.65143321 153264.61193888 153211.01732828 153128.14351532
 153021.27918146 152895.74576598 152753.10375652 152579.67724452
 152357.7630549  152069.21254315 151695.07259877 151199.91248323
 150566.15773554 149799.85371973 148906.2639975  147890.35373596
 146744.09217046 145458.56418029 144038.3323075  142489.54230481
 140820.64302884 139070.84841473 137269.43326569 135413.15862008
 133500.36882772 131531.56144    129502.37520873 127416.16786153
 125286.17678445 123125.26445072 120945.94080458 118736.03415887
 116517.21018515 114350.49888696 112293.61297099 110304.45919949
 108251.99468626 106314.1402647  104482.18800191 102747.86263368
 101103.41077653  99535.44232605  98036.92229663  96610.38017672
  95258.71104009  93985.13931605  92799.56146349  91704.5412067
  90692.05007519  89753.69309553  88880.62503827  88054.33369771
  87252.81915134  86459.45828649  85656.68715992  84826.21429981
  83962.87065659  83064.78231519  82115.96829762  81101.60818196
  80008.91814692  78826.80013698  77550.43397194  76185.37667615
  74738.81176821  73218.62782558  71631.99087472  69986.04174862
  68303.84425966  66614.62025467  64944.2981446   63315.13922794
  61745.92466728  60254.01986996  58856.96036871  57572.36059474
  56417.20954636  55409.33791702  54569.14326188  53917.32842134
  53456.88133275  53190.40574549  53116.6708265   53222.03919392
  53488.0472127   53878.74077086  54235.85551035  54450.58729566
  54556.50140955  54600.9186853   54628.31024714  56431.11856809
  56436.56693879  53741.14857146  49903.51574481  48602.40575728
  50854.27561436  43922.44733406  27101.81637375  38230.20353238
   4530.38538989]
prad for Haley: [-0.15328365 -0.15326461 -0.15321102 -0.15312814 -0.15302128 -0.15289575
 -0.1527531  -0.15257968 -0.15235776 -0.15206921 -0.15169507 -0.15119991
 -0.15056616 -0.14979985 -0.14890626 -0.14789035 -0.14674409 -0.14545856
 -0.14403833 -0.14248954 -0.14082064 -0.13907085 -0.13726943 -0.13541316
 -0.13350037 -0.13153156 -0.12950238 -0.12741617 -0.12528618 -0.12312526
 -0.12094594 -0.11873603 -0.11651721 -0.1143505  -0.11229361 -0.11030446
 -0.10825199 -0.10631414 -0.10448219 -0.10274786 -0.10110341 -0.09953544
 -0.09803692 -0.09661038 -0.09525871 -0.09398514 -0.09279956 -0.09170454
 -0.09069205 -0.08975369 -0.08888063 -0.08805433 -0.08725282 -0.08645946
 -0.08565669 -0.08482621 -0.08396287 -0.08306478 -0.08211597 -0.08110161
 -0.08000892 -0.0788268  -0.07755043 -0.07618538 -0.07473881 -0.07321863
 -0.07163199 -0.06998604 -0.06830384 -0.06661462 -0.0649443  -0.06331514
 -0.06174592 -0.06025402 -0.05885696 -0.05757236 -0.05641721 -0.05540934
 -0.05456914 -0.05391733 -0.05345688 -0.05319041 -0.05311667 -0.05322204
 -0.05348805 -0.05387874 -0.05423586 -0.05445059 -0.0545565  -0.05460092
 -0.05462831 -0.05643112 -0.05643657 -0.05374115 -0.04990352 -0.04860241
 -0.05085428 -0.04392245 -0.02710182 -0.0382302  -0.00453039]
rho_rad prad 100 100
integrated :  11299397.322750332
RAD step finished
PELLET step
pellet_model.init() started
start dakota update
INPELLET SN_TOTAL 0 updated
npellet = 1
sn_peak = [-1]
xmid = [0.6]
xwid = [0.1]
[3.31093699e-10 6.00283123e-10 1.07750279e-09 1.91486311e-09
 3.36910165e-09 5.86877625e-09 1.01213407e-08 1.72816654e-08
 2.92139442e-08 4.88935818e-08 8.10159571e-08 1.32906535e-07
 2.15863473e-07 3.47111529e-07 5.52606479e-07 8.71003623e-07
 1.35919261e-06 2.09990238e-06 3.21199056e-06 4.86414452e-06
 7.29282405e-06 1.08253527e-05 1.59090934e-05 2.31475943e-05
 3.33444338e-05 4.75551865e-05 6.71474439e-05 9.38681236e-05
 1.29916360e-04 1.78019102e-04 2.41505164e-04 3.24371952e-04
 4.31337505e-04 5.67869056e-04 7.40178118e-04 9.55171454e-04
 1.22034741e-03 1.54362814e-03 1.93312058e-03 2.39680255e-03
 2.94213521e-03 3.57560924e-03 4.30223897e-03 5.12502590e-03
 6.04442028e-03 7.05781546e-03 8.15911395e-03 9.33840604e-03
 1.05818004e-02 1.18714407e-02 1.31857352e-02 1.44998105e-02
 1.57861911e-02 1.70156852e-02 1.81584420e-02 1.91851315e-02
 2.00681821e-02 2.07830049e-02 2.13091291e-02 2.16311754e-02
 2.17396021e-02 2.16311754e-02 2.13091291e-02 2.07830049e-02
 2.00681821e-02 1.91851315e-02 1.81584420e-02 1.70156852e-02
 1.57861911e-02 1.44998105e-02 1.31857352e-02 1.18714407e-02
 1.05818004e-02 9.33840604e-03 8.15911395e-03 7.05781546e-03
 6.04442028e-03 5.12502590e-03 4.30223897e-03 3.57560924e-03
 2.94213521e-03 2.39680255e-03 1.93312058e-03 1.54362814e-03
 1.22034741e-03 9.55171454e-04 7.40178118e-04 5.67869056e-04
 4.31337505e-04 3.24371952e-04 2.41505164e-04 1.78019102e-04
 1.29916360e-04 9.38681236e-05 6.71474439e-05 4.75551865e-05
 3.33444338e-05 2.31475943e-05 1.59090934e-05 1.08253527e-05
 7.29282405e-06]
[4.96640549e+12 9.00424684e+12 1.61625419e+13 2.87229466e+13
 5.05365248e+13 8.80316437e+13 1.51820111e+14 2.59224981e+14
 4.38209163e+14 7.33403727e+14 1.21523936e+15 1.99359802e+15
 3.23795209e+15 5.20667293e+15 8.28909718e+15 1.30650543e+16
 2.03878892e+16 3.14985357e+16 4.81798584e+16 7.29621679e+16
 1.09392361e+17 1.62380291e+17 2.38636401e+17 3.47213915e+17
 5.00166508e+17 7.13327797e+17 1.00721166e+18 1.40802185e+18
 1.94874540e+18 2.67028653e+18 3.62257747e+18 4.86557928e+18
 6.47006257e+18 8.51803584e+18 1.11026718e+19 1.43275718e+19
 1.83052111e+19 2.31544220e+19 2.89968087e+19 3.59520383e+19
 4.41320281e+19 5.36341386e+19 6.45335846e+19 7.68753885e+19
 9.06663042e+19 1.05867232e+20 1.22386709e+20 1.40076091e+20
 1.58727005e+20 1.78071611e+20 1.97786028e+20 2.17497157e+20
 2.36792867e+20 2.55235278e+20 2.72376630e+20 2.87776973e+20
 3.01022731e+20 3.11745073e+20 3.19636937e+20 3.24467631e+20
 3.26094031e+20 3.24467631e+20 3.19636937e+20 3.11745073e+20
 3.01022731e+20 2.87776973e+20 2.72376630e+20 2.55235278e+20
 2.36792867e+20 2.17497157e+20 1.97786028e+20 1.78071611e+20
 1.58727005e+20 1.40076091e+20 1.22386709e+20 1.05867232e+20
 9.06663042e+19 7.68753885e+19 6.45335846e+19 5.36341386e+19
 4.41320281e+19 3.59520383e+19 2.89968087e+19 2.31544220e+19
 1.83052111e+19 1.43275718e+19 1.11026718e+19 8.51803584e+18
 6.47006257e+18 4.86557928e+18 3.62257747e+18 2.67028653e+18
 1.94874540e+18 1.40802185e+18 1.00721166e+18 7.13327797e+17
 5.00166508e+17 3.47213915e+17 2.38636401e+17 1.62380291e+17
 1.09392361e+17]
rho sn_trans 7 100
integrated :  1.499960593356464e+22
PELLET step finished
IC step
toric.step() called
cur_state_file =  s000001.00001
('Total IC power = ', 40000000.0)
power =  40000000.0
 using s000001.00001 as default state.
  ps_init_tag: Plasma State v2.055 f90 module initialization.
 Prepare toric input reading machine.inp
 ps%ns(1,0)   2.9749551393523479E+020
 <n_e(m-3)-PS> =   2.0852035985308733E+020
 <n_e(m-3)-Interpolated> =   2.0980792873293696E+020
 Thermal ion name, A, Z, dens, temp = 
 D           2           1   1.0791396118932521E+020   25.039246572873015     
 Thermal ion name, A, Z, dens, temp = 
 T           3           1   1.0791396118932521E+020   25.039246572873015     
 Thermal ion name, A, Z, dens, temp = 
 W         182          74   4462432709028522.5        25.039246572873015     
 Thermal ion name, A, Z, dens, temp = 
 Kr          83          36   0.0000000000000000        25.039246572873015     
 Thermal ion name, A, Z, dens, temp = 
 He3           3           2   5.9499102787046963E+018   25.039246572873015     
 Thermal ion name, A, Z, dens, temp = 
 He4           4           2   3.4718775489353466E+019   25.039246572873015     
 Fast ion name, A, Z = D_beam           2           1
 Fast ion name, A, Z = He4_fusn           4           2
('prepare_eqdsk', '/global/common/software/atom/perlmutter/binaries/geqxpl/default/geqxpl', 'g000001.00001')
Note: The following floating-point exceptions are signalling: IEEE_UNDERFLOW_FLAG IEEE_DENORMAL
  
  G-EQdsk data accepted, maximum rel. GS error:    1.8249426995268828E-002
  
  Bphi is counter-clockwise viewed from above (nsnccwb = 1)
  
  Jphi is counter-clockwise viewed from above (nsnccwi = 1)
  
 equigs_write completion code (0=normal):           0
('toric processors = ', '24')
  -- get (restore) plasma state from file -- 
 process_toric_output: cur_state_file = s000001.00001
  ps_init_tag: Plasma State v2.055 f90 module initialization.
 freq_ic, picrf  alloc? T T
 RF alloc? T         900
    number of icrf sources =            1
    number of species =            8           6
 process toric output: profile and spec sizes:
 toric mesh, PS mesh         459         101
 toric species, PS species counts           8           6
 powers in percent
 total:   100.00000000000000     
 electron total   19.482040660071597       0.91603435984852521     
 ion totals fundamental   5.2410458544410871E-005   0.0000000000000000        0.0000000000000000        0.0000000000000000        70.914859074499788        2.0549897643830415E-011   0.0000000000000000        0.0000000000000000     
 ion totals harmonic   0.0000000000000000        8.6870134951009970        0.0000000000000000        0.0000000000000000        0.0000000000000000        0.0000000000000000        0.0000000000000000        0.0000000000000000     
    number of thermal species (ps%nspec_th) =            6
    number of icrf sources (ps%nicrf_src) =            1
 ps%freq_ic =    0.0000000000000000     
 ps%icrf_src_name = IC00                            
 ps%power_ic =    40000000.000000000     
 ICRF Power   40000000.000000000     
   --storing toric data in current plasma state
 Total FW Driven Current (A)   265643.54449276382     
 Total ICRF Power (W)   40000000.000000000     
 FWCD Effciency (A/W)   6.6410886123190955E-003
 Total FW Driven Current from each source-> Interpolated (A)   265643.54449269193     
 Total FW Driven Current from all sources -> Interpolated (A)   265643.54449269193     
  *ps_update_file_write: normal exit,            5  update elements written.
 Stored Partial RF Plasma State
 electron power, integral
   8158909.2031982327      Watts
 FW ion power, integral
   31841090.796775326      Watts
('merged TORIC plasma state data ', '/pscratch/sd/h/hswils/github_repos/MANTA_DBSCANS/IC+RAD+PELLET+TGLF/bcfrom2024/SCAN_sntot_paux_Kr0000/SCAN/simulation_491350_0006/work/rf_ic_toric_64/RF_IC_s000001.00001')
IC step finished
EQ step
>>> efit.step() started
INPUT: PRESSURE found kinetic , mapped value =  kinetic
INPUT: RELAX_PROFILE not found, use default value: 0
INPUT: RELAX_METRIC not found, use default value: 0.5
INPUT: BETAN_TARGET not found, use default value: -1.0
model_pressure = kinetic
betan = 1.621550548807247
INPUT: TOPOLOGY found DN , mapped value =  DN
INPUT: ERROR not found, use default value: 1.0e-4
INPUT: MAX_EFIT_ERROR not found, use default value: 0.1
init_run_step = 0
niter =  10
*** generate kfile 0
r0 = 4.55
b0 = 11.0
ip = 9999999.995
ip, ip cal, ip/(ip cal) = 10.000 10.003 1.000
weigting upper xpoint: [2, 3, 4, 5]
weigting lower xpoint: [9, 10, 11, 12]
run efit
efit, subprocess
elapsed time =  0.378  1.324
error_efit = 7.767e-05
*** generate kfile 1
apply underrelaxation
r0 = 4.55
b0 = 11.0
ip = 9999999.995
inmtric under-relax: 0.5
ip, ip cal, ip/(ip cal) = 10.000 9.911 1.009
weigting upper xpoint: [2, 3, 4, 5]
weigting lower xpoint: [9, 10, 11, 12]
diff_p = 0.002464564949159625
diff_f = 0.00508046798857137
converged
  ps_init_tag: Plasma State v2.055 f90 module initialization.
  %ps_update_fromxplasma: allocating nr,nz  =          129 ,         129
  %ps_update_fromxplasma: allocating nlim   =            5
  %ps_mhdeq_derive: compute <1/R^2> and <|grad(rho)|^2/R^2>.
  %ps_mhdeq_derive: compute metric averages <1/R>, <|grad(rho)|>, etc.
  %ps_mhdeq_derive: compute R & Z minmax profiles; triangularity, etc.
  %ps_mhdeq_derive: compute <1/B^2>, NCLASS moments, etc.
  %ps_mhdeq_nclass: allocating 16 Pfirsch-Schlutter moments profiles.
  %ps_mhdeq_derive: compute NC sqrt-singular flux surface averages.
  %ps_mhdeq_derive: compute profiles of Bmin, Bmax.
  %ps_update_fromxplasma: allocating nr,nz  =          129 ,         129
  %ps_update_fromxplasma: allocating nlim   =            5
  %ps_mhdeq_derive: compute <1/R^2> and <|grad(rho)|^2/R^2>.
  %ps_mhdeq_derive: compute metric averages <1/R>, <|grad(rho)|>, etc.
  %ps_mhdeq_derive: compute R & Z minmax profiles; triangularity, etc.
  %ps_mhdeq_derive: compute <1/B^2>, NCLASS moments, etc.
  %ps_mhdeq_nclass: allocating 16 Pfirsch-Schlutter moments profiles.
  %ps_mhdeq_derive: compute NC sqrt-singular flux surface averages.
  %ps_mhdeq_derive: compute profiles of Bmin, Bmax.
  %ps_mhdeq_derive: compute <1/R^2> and <|grad(rho)|^2/R^2>.
  %ps_mhdeq_derive: compute metric averages <1/R>, <|grad(rho)|>, etc.
  %ps_mhdeq_derive: compute R & Z minmax profiles; triangularity, etc.
  %ps_mhdeq_derive: compute <1/B^2>, NCLASS moments, etc.
  %ps_mhdeq_derive: compute NC sqrt-singular flux surface averages.
  %ps_mhdeq_derive: compute profiles of Bmin, Bmax.
  %ps_update_fromxplasma: allocating nr,nz  =          129 ,         129
  %ps_update_fromxplasma: allocating nlim   =            5
  %ps_mhdeq_derive: compute <1/R^2> and <|grad(rho)|^2/R^2>.
  %ps_mhdeq_derive: compute metric averages <1/R>, <|grad(rho)|>, etc.
  %ps_mhdeq_derive: compute R & Z minmax profiles; triangularity, etc.
  %ps_mhdeq_derive: compute <1/B^2>, NCLASS moments, etc.
  %ps_mhdeq_nclass: allocating 16 Pfirsch-Schlutter moments profiles.
  %ps_mhdeq_derive: compute NC sqrt-singular flux surface averages.
  %ps_mhdeq_derive: compute profiles of Bmin, Bmax.
  %ps_update_fromxplasma: allocating nr,nz  =          129 ,         129
  %ps_update_fromxplasma: allocating nlim   =            5
  %ps_mhdeq_derive: compute <1/R^2> and <|grad(rho)|^2/R^2>.
  %ps_mhdeq_derive: compute metric averages <1/R>, <|grad(rho)|>, etc.
  %ps_mhdeq_derive: compute R & Z minmax profiles; triangularity, etc.
  %ps_mhdeq_derive: compute <1/B^2>, NCLASS moments, etc.
  %ps_mhdeq_nclass: allocating 16 Pfirsch-Schlutter moments profiles.
  %ps_mhdeq_derive: compute NC sqrt-singular flux surface averages.
  %ps_mhdeq_derive: compute profiles of Bmin, Bmax.
  %ps_update_fromxplasma: allocating nr,nz  =          129 ,         129
  %ps_update_fromxplasma: allocating nlim   =            5
  %ps_mhdeq_derive: compute <1/R^2> and <|grad(rho)|^2/R^2>.
  %ps_mhdeq_derive: compute metric averages <1/R>, <|grad(rho)|>, etc.
  %ps_mhdeq_derive: compute R & Z minmax profiles; triangularity, etc.
  %ps_mhdeq_derive: compute <1/B^2>, NCLASS moments, etc.
  %ps_mhdeq_nclass: allocating 16 Pfirsch-Schlutter moments profiles.
  %ps_mhdeq_derive: compute NC sqrt-singular flux surface averages.
  %ps_mhdeq_derive: compute profiles of Bmin, Bmax.
  %ps_mhdeq_derive: compute <1/R^2> and <|grad(rho)|^2/R^2>.
  %ps_mhdeq_derive: compute metric averages <1/R>, <|grad(rho)|>, etc.
  %ps_mhdeq_derive: compute R & Z minmax profiles; triangularity, etc.
  %ps_mhdeq_derive: compute <1/B^2>, NCLASS moments, etc.
  %ps_mhdeq_derive: compute NC sqrt-singular flux surface averages.
  %ps_mhdeq_derive: compute profiles of Bmin, Bmax.
  %ps_update_fromxplasma: allocating nr,nz  =          129 ,         129
  %ps_update_fromxplasma: allocating nlim   =            5
  %ps_mhdeq_derive: compute <1/R^2> and <|grad(rho)|^2/R^2>.
  %ps_mhdeq_derive: compute metric averages <1/R>, <|grad(rho)|>, etc.
  %ps_mhdeq_derive: compute R & Z minmax profiles; triangularity, etc.
  %ps_mhdeq_derive: compute <1/B^2>, NCLASS moments, etc.
Icurt=9.821e+00MA
EQ step finished
TR step
fastran.step() entered
update_next = disabled
update_instate =  True
[1, 1, 74, 36, 2, 2]
['D', 'T', 'W', 'Kr', 'He3', 'He4']
ion D
ion T
imp W
imp Kr
imp He3
He4 found
model_beam = 0
dump_vol_profile : rho_nbi pbe 0.0
dump_vol_profile : rho_nbi pbi 0.0
dump_vol_profile : rho_nbi pbth 0.0
dump_vol_profile : rho_nbi pbth 0.0
dump_vol_profile : rho_fus pfuse 75810667.49996985
dump_vol_profile : rho_fus pfusi 26661790.0235533
dump_vol_profile : rho_fus pfusth 0.0
dump_vol_profile : rho_ecrf peech 0.0
dump_vol_profile : rho_icrf picrf_totals 8158909.203198233
dump_vol_profile : rho_lhrf pelh 0.0
S_name =  ['e                               ' 'D                               '
 'T                               ' 'W                               '
 'Kr                              ' 'He3                             '
 'He4                             ']
0 e                               
1 D                               
processing 1 D                               
dump_vol_profile : rho_icrf picrf_totals 36.101645783850515
2 T                               
processing 2 T                               
dump_vol_profile : rho_icrf picrf_totals 3474558.390641342
3 W                               
processing 3 W                               
dump_vol_profile : rho_icrf picrf_totals 6.977210597449698e-36
4 Kr                              
processing 4 Kr                              
dump_vol_profile : rho_icrf picrf_totals 0.0
5 He3                             
processing 5 He3                             
dump_vol_profile : rho_icrf picrf_totals 28366496.30448045
6 He4                             
processing 6 He4                             
dump_vol_profile : rho_icrf picrf_totals 7.781914881844666e-06
dump_vol_profile : rho_lhrf pilh 0.0
dump_vol_profile : rho_nbi tqbe 0.0
dump_vol_profile : rho_nbi tqbi 0.0
dump_vol_profile : rho_nbi tqbjxb 0.0
dump_vol_profile : rho_nbi tqbth 0.0
dump_vol_profile : rho_nbi sbedep 0.0
dump_vol_profile : rho_nbi sbehalo 0.0
dump_vol_profile : rho sn_trans 1.499960593356464e+22
dump_vol_profile : rho_rad prad 11299397.322750332
dump_vol_profile : rho pohme 0.0
/global/common/software/atom/perlmutter/binaries/fastran/default/xfastran_ver1.07
ncpu =  126
n1d  =  6
nky  =  21
[1, 1, 74, 36, 2, 2]
['D', 'T', 'W', 'Kr', 'He3', 'He4']
ion D
ion T
imp W
imp Kr
imp He3
He4 found
nspec_th = 6
Icurt=1.000e+01MA
Icurr_bootstrap=2.329e+00MA
Icurr_ohmic=0.000e+00MA
rho_fus pfuse 100 100
integrated :  72533887.24780297
rho_fus pfusi 100 100
integrated :  25154871.05642289
model_beam = 0
density_model = 1: impurity = f*ne
He profile found
TR step finished

========================================================================
= fastran driver: iteration number =  2

RAD step
radiation.step() started
model_beam = 0
0 [62816.65815801 62817.3654634  62819.48076877 62822.98359111
 62827.83762329 62833.9874797  62841.35413824 62849.82907667
 62859.26710178 62869.47786995 62880.21609882 62891.17047226
 62901.95145088 62912.11642876 62921.22797144 62928.80703724
 62934.32146984 62937.18237329 62936.74030727 62932.28132562
 62923.02288534 62908.109659   62886.61035067 62857.72046568
 62821.08552867 62776.51716275 62723.95841994 62663.5004539
 62595.39953219 62520.11957576 62438.8676796  62342.57157778
 62232.00243398 62124.00576898 62035.59025886 61984.05957224
 61969.31882998 61980.04758441 62017.4022609  62082.5782773
 62176.80806751 62302.80846761 62461.64020936 62652.15531589
 62873.32102572 63124.21644094 63401.77861111 63700.8136387
 64016.83160476 64345.06387126 64680.41131448 65012.5354211
 65325.62357294 65605.23912539 65836.04841446 66001.99955455
 66092.48491361 66096.17816093 65996.7145023  65779.78219367
 65433.71470828 64950.64466242 64333.18396291 63590.04770131
 62730.91518104 61766.17240887 60705.647283   59562.26408175
 58364.42494015 57140.74583684 55916.35040282 54712.56874925
 53547.38503062 52437.52890492 51399.67863381 50450.12394572
 49604.94416582 48879.43795363 48289.72533048 47852.80652672
 47572.02111993 47442.01424435 47463.01290328 47638.38022778
 47970.93589575 48458.4866895  49069.04392605 49751.05269648
 50459.00101598 51147.92261589 51763.64850156 53888.88788462
 54231.32923291 51877.76560312 48372.32090134 47379.15478077
 49903.89717894 43203.58767337 26571.70561998 37837.19010683
  4164.69791119]
1 [62816.65815801 62817.3654634  62819.48076877 62822.98359111
 62827.83762329 62833.9874797  62841.35413824 62849.82907667
 62859.26710178 62869.47786995 62880.21609882 62891.17047226
 62901.95145088 62912.11642876 62921.22797144 62928.80703724
 62934.32146984 62937.18237329 62936.74030727 62932.28132562
 62923.02288534 62908.109659   62886.61035067 62857.72046568
 62821.08552867 62776.51716275 62723.95841994 62663.5004539
 62595.39953219 62520.11957576 62438.8676796  62342.57157778
 62232.00243398 62124.00576898 62035.59025886 61984.05957224
 61969.31882998 61980.04758441 62017.4022609  62082.5782773
 62176.80806751 62302.80846761 62461.64020936 62652.15531589
 62873.32102572 63124.21644094 63401.77861111 63700.8136387
 64016.83160476 64345.06387126 64680.41131448 65012.5354211
 65325.62357294 65605.23912539 65836.04841446 66001.99955455
 66092.48491361 66096.17816093 65996.7145023  65779.78219367
 65433.71470828 64950.64466242 64333.18396291 63590.04770131
 62730.91518104 61766.17240887 60705.647283   59562.26408175
 58364.42494015 57140.74583684 55916.35040282 54712.56874925
 53547.38503062 52437.52890492 51399.67863381 50450.12394572
 49604.94416582 48879.43795363 48289.72533048 47852.80652672
 47572.02111993 47442.01424435 47463.01290328 47638.38022778
 47970.93589575 48458.4866895  49069.04392605 49751.05269648
 50459.00101598 51147.92261589 51763.64850156 53888.88788462
 54231.32923291 51877.76560312 48372.32090134 47379.15478077
 49903.89717894 43203.58767337 26571.70561998 37837.19010683
  4164.69791119]
2 [74586.53203276 74585.95668153 74584.2248555  74581.3185862
 74577.20575432 74571.83683085 74565.14031262 74557.01685055
 74547.33206879 74535.90807354 74522.51365124 74506.85315825
 74488.55431446 74467.19334127 74442.35317935 74413.576688
 74380.35511415 74342.12444228 74298.26156307 74248.08028378
 74190.82720773 74125.67751571 74051.73174964 73968.21854866
 73874.81783239 73771.37684394 73657.87544318 73534.4427411
 73401.37407277 73259.17349638 73109.08927278 72940.86389041
 72755.74209598 72573.07426086 72412.3390302  72229.64348283
 72081.23623589 71961.18619955 71870.18556627 71808.98329652
 71778.38264524 71780.76235359 71816.53594938 71883.7008752
 71980.40385301 72104.93784798 72253.38439177 72419.79484143
 72599.0978001  72785.98076321 72974.83996829 73154.44693017
 73308.52159693 73422.80308992 73482.15461392 73470.74166866
 73379.28878777 73198.48062702 72913.15614748 72510.14320618
 71978.84929609 71312.3383821  70513.78663155 69592.35638893
 68558.13973974 67421.902182   66193.70062947 64886.48112047
 63528.68288533 62148.94984743 60772.42510714 59420.36456359
 58110.61129687 56859.80868628 55684.54953454 54601.03906785
 53625.30632207 52772.50369456 52058.53255565 51500.18628313
 51100.60914372 50853.73818505 50759.62590699 50822.21415051
 51044.85517225 51425.84312711 51937.31853315 52529.17798523
 53152.54213902 53759.30972749 54292.39092548 56198.92318605
 56293.88680514 53667.25445974 49873.48006837 48593.68019211
 50852.682684   43922.29843427 27101.81166699 38230.20351644
  4530.38538989]
3 [142898.58153964 142884.87557271 142846.41107879 142787.15150195
 142711.05543785 142622.09036605 142521.19827774 142397.11930647
 142235.35929951 142021.06018569 141738.73060328 141356.18555097
 140854.88099628 140238.24252683 139508.88104761 138668.85992671
 137704.5869511  136609.15509123 135396.1065252  134082.13430761
 132688.13648379 131229.24709966 129701.76909006 128103.70843544
 126435.65136369 124700.6148901  122901.49108214 121048.03520903
 119155.48002736 117239.10950092 115314.68052656 113382.9885383
 111456.68161438 109568.68482223 107750.455268   105760.23967156
 103856.3608439  102050.49048324 100341.48436123  98728.07528119
  97208.8867488   95783.84676077  94450.49327055  93204.20706703
  92040.88501161  90956.88020987  89947.13094844  89004.68257612
  88122.99412181  87295.35291004  86514.80813259  85767.77254504
  85036.65172093  84307.22443789  83564.13306793  82791.09103983
  81980.16891875  81123.86862734  80206.71273977  79214.7362107
  78136.16819872  76962.4328687   75694.61727326  74339.76453421
  72905.83563985  71401.48100208  69834.62096582  68216.02256595
  66572.06612497  64929.46145343  63311.54091512  61737.79735658
  60224.42987979  58786.62946414  57439.64916842  56198.46015802
  55078.00195173  54092.35751073  53256.38500411  52585.94000826
  52083.32422054  51741.45368273  51559.74027528  51541.87622049
  51690.91580474  52004.81799917  52456.50392308  52995.59689399
  53571.60601852  54135.18680699  54628.31024714  56431.11856809
  56436.56693879  53741.14857146  49903.51574481  48602.40575728
  50854.27561436  43922.44733406  27101.81637375  38230.20353238
   4530.38538989]
prad for Haley: [-0.14289858 -0.14288488 -0.14284641 -0.14278715 -0.14271106 -0.14262209
 -0.1425212  -0.14239712 -0.14223536 -0.14202106 -0.14173873 -0.14135619
 -0.14085488 -0.14023824 -0.13950888 -0.13866886 -0.13770459 -0.13660916
 -0.13539611 -0.13408213 -0.13268814 -0.13122925 -0.12970177 -0.12810371
 -0.12643565 -0.12470061 -0.12290149 -0.12104804 -0.11915548 -0.11723911
 -0.11531468 -0.11338299 -0.11145668 -0.10956868 -0.10775046 -0.10576024
 -0.10385636 -0.10205049 -0.10034148 -0.09872808 -0.09720889 -0.09578385
 -0.09445049 -0.09320421 -0.09204089 -0.09095688 -0.08994713 -0.08900468
 -0.08812299 -0.08729535 -0.08651481 -0.08576777 -0.08503665 -0.08430722
 -0.08356413 -0.08279109 -0.08198017 -0.08112387 -0.08020671 -0.07921474
 -0.07813617 -0.07696243 -0.07569462 -0.07433976 -0.07290584 -0.07140148
 -0.06983462 -0.06821602 -0.06657207 -0.06492946 -0.06331154 -0.0617378
 -0.06022443 -0.05878663 -0.05743965 -0.05619846 -0.055078   -0.05409236
 -0.05325639 -0.05258594 -0.05208332 -0.05174145 -0.05155974 -0.05154188
 -0.05169092 -0.05200482 -0.0524565  -0.0529956  -0.05357161 -0.05413519
 -0.05462831 -0.05643112 -0.05643657 -0.05374115 -0.04990352 -0.04860241
 -0.05085428 -0.04392245 -0.02710182 -0.0382302  -0.00453039]
rho_rad prad 100 100
integrated :  10828298.930716109
RAD step finished
PELLET step
pellet_model.init() started
start dakota update
INPELLET SN_TOTAL 0 updated
npellet = 1
sn_peak = [-1]
xmid = [0.6]
xwid = [0.1]
[3.35396565e-10 6.08084351e-10 1.09150593e-09 1.93974851e-09
 3.41288621e-09 5.94504636e-09 1.02528768e-08 1.75062565e-08
 2.95936061e-08 4.95289986e-08 8.20688336e-08 1.34633777e-07
 2.18668816e-07 3.51622560e-07 5.59788105e-07 8.82323112e-07
 1.37685657e-06 2.12719253e-06 3.25373332e-06 4.92735853e-06
 7.38760097e-06 1.09660381e-05 1.61158466e-05 2.34484185e-05
 3.37777753e-05 4.81732096e-05 6.80200864e-05 9.50880258e-05
 1.31604742e-04 1.80332623e-04 2.44643745e-04 3.28587462e-04
 4.36943130e-04 5.75249034e-04 7.49797410e-04 9.67584781e-04
 1.23620694e-03 1.56368900e-03 1.95824325e-03 2.42795119e-03
 2.98037094e-03 3.62207755e-03 4.35815050e-03 5.19163030e-03
 6.12297305e-03 7.14953823e-03 8.26514910e-03 9.45976717e-03
 1.07193205e-02 1.20257210e-02 1.33570959e-02 1.46882488e-02
 1.59913471e-02 1.72368196e-02 1.83944276e-02 1.94344598e-02
 2.03289864e-02 2.10530990e-02 2.15860608e-02 2.19122923e-02
 2.20221281e-02 2.19122923e-02 2.15860608e-02 2.10530990e-02
 2.03289864e-02 1.94344598e-02 1.83944276e-02 1.72368196e-02
 1.59913471e-02 1.46882488e-02 1.33570959e-02 1.20257210e-02
 1.07193205e-02 9.45976717e-03 8.26514910e-03 7.14953823e-03
 6.12297305e-03 5.19163030e-03 4.35815050e-03 3.62207755e-03
 2.98037094e-03 2.42795119e-03 1.95824325e-03 1.56368900e-03
 1.23620694e-03 9.67584781e-04 7.49797410e-04 5.75249034e-04
 4.36943130e-04 3.28587462e-04 2.44643745e-04 1.80332623e-04
 1.31604742e-04 9.50880258e-05 6.80200864e-05 4.81732096e-05
 3.37777753e-05 2.34484185e-05 1.61158466e-05 1.09660381e-05
 7.38760097e-06]
[5.03094847e+12 9.12126527e+12 1.63725889e+13 2.90962276e+13
 5.11932931e+13 8.91756954e+13 1.53793152e+14 2.62593847e+14
 4.43904092e+14 7.42934979e+14 1.23103250e+15 2.01950665e+15
 3.28003224e+15 5.27433841e+15 8.39682158e+15 1.32348467e+16
 2.06528485e+16 3.19078880e+16 4.88059997e+16 7.39103780e+16
 1.10814014e+17 1.64490571e+17 2.41737699e+17 3.51726277e+17
 5.06666629e+17 7.22598145e+17 1.02030130e+18 1.42632039e+18
 1.97407113e+18 2.70498934e+18 3.66965617e+18 4.92881193e+18
 6.55414695e+18 8.62873551e+18 1.12469611e+19 1.45137717e+19
 1.85431041e+19 2.34553349e+19 2.93736488e+19 3.64192679e+19
 4.47055642e+19 5.43311633e+19 6.53722575e+19 7.78744545e+19
 9.18445957e+19 1.07243073e+20 1.23977236e+20 1.41896508e+20
 1.60789808e+20 1.80385815e+20 2.00356438e+20 2.20323732e+20
 2.39870207e+20 2.58552294e+20 2.75916414e+20 2.91516898e+20
 3.04934797e+20 3.15796485e+20 3.23790911e+20 3.28684384e+20
 3.30331922e+20 3.28684384e+20 3.23790911e+20 3.15796485e+20
 3.04934797e+20 2.91516898e+20 2.75916414e+20 2.58552294e+20
 2.39870207e+20 2.20323732e+20 2.00356438e+20 1.80385815e+20
 1.60789808e+20 1.41896508e+20 1.23977236e+20 1.07243073e+20
 9.18445957e+19 7.78744545e+19 6.53722575e+19 5.43311633e+19
 4.47055642e+19 3.64192679e+19 2.93736488e+19 2.34553349e+19
 1.85431041e+19 1.45137717e+19 1.12469611e+19 8.62873551e+18
 6.55414695e+18 4.92881193e+18 3.66965617e+18 2.70498934e+18
 1.97407113e+18 1.42632039e+18 1.02030130e+18 7.22598145e+17
 5.06666629e+17 3.51726277e+17 2.41737699e+17 1.64490571e+17
 1.10814014e+17]
rho sn_trans 7 100
integrated :  1.5000353921085573e+22
PELLET step finished
IC step
toric.step() called
cur_state_file =  s000001.00001
('Total IC power = ', 40000000.0)
power =  40000000.0
 using s000001.00001 as default state.
  ps_init_tag: Plasma State v2.055 f90 module initialization.
 Prepare toric input reading machine.inp
 ps%ns(1,0)   2.8707668381035453E+020
 <n_e(m-3)-PS> =   2.0525555608790440E+020
 <n_e(m-3)-Interpolated> =   2.0653307979385658E+020
 Thermal ion name, A, Z, dens, temp = 
 D           2           1   1.0431653888516732E+020   25.795247850915203     
 Thermal ion name, A, Z, dens, temp = 
 T           3           1   1.0431653888516732E+020   25.795247850915203     
 Thermal ion name, A, Z, dens, temp = 
 W         182          74   4306150257155318.5        25.795247850915203     
 Thermal ion name, A, Z, dens, temp = 
 Kr          83          36   0.0000000000000000        25.795247850915203     
 Thermal ion name, A, Z, dens, temp = 
 He3           3           2   5.7415336762070917E+018   25.795247850915203     
 Thermal ion name, A, Z, dens, temp = 
 He4           4           2   3.3320941784288100E+019   25.795247850915203     
 Fast ion name, A, Z = D_beam           2           1
 Fast ion name, A, Z = He4_fusn           4           2
('prepare_eqdsk', '/global/common/software/atom/perlmutter/binaries/geqxpl/default/geqxpl', 'g000001.00001')
Note: The following floating-point exceptions are signalling: IEEE_UNDERFLOW_FLAG IEEE_DENORMAL
  
  G-EQdsk data accepted, maximum rel. GS error:    3.6742245537657654E-002
  
  Bphi is counter-clockwise viewed from above (nsnccwb = 1)
  
  Jphi is counter-clockwise viewed from above (nsnccwi = 1)
  
 equigs_write completion code (0=normal):           0
('toric processors = ', '24')
  -- get (restore) plasma state from file -- 
 process_toric_output: cur_state_file = s000001.00001
  ps_init_tag: Plasma State v2.055 f90 module initialization.
 freq_ic, picrf  alloc? T T
 RF alloc? T         900
    number of icrf sources =            1
    number of species =            8           6
 process toric output: profile and spec sizes:
 toric mesh, PS mesh         459         101
 toric species, PS species counts           8           6
 powers in percent
 total:   99.999999999999972     
 electron total   17.754306215370057        1.4076633036788881     
 ion totals fundamental   9.1672530393950818E-005   0.0000000000000000        0.0000000000000000        0.0000000000000000        71.957421769459557        2.8385718899720157E-011   0.0000000000000000        0.0000000000000000     
 ion totals harmonic   0.0000000000000000        8.8805170389327035        0.0000000000000000        0.0000000000000000        0.0000000000000000        0.0000000000000000        0.0000000000000000        0.0000000000000000     
    number of thermal species (ps%nspec_th) =            6
    number of icrf sources (ps%nicrf_src) =            1
 ps%freq_ic =    0.0000000000000000     
 ps%icrf_src_name = IC00                            
 ps%power_ic =    40000000.000000000     
 ICRF Power   40000000.000000000     
   --storing toric data in current plasma state
 Total FW Driven Current (A)   239916.73234384420     
 Total ICRF Power (W)   40000000.000000000     
 FWCD Effciency (A/W)   5.9979183085961049E-003
 Total FW Driven Current from each source-> Interpolated (A)   239916.73234377269     
 Total FW Driven Current from all sources -> Interpolated (A)   239916.73234377269     
  *ps_update_file_write: normal exit,            5  update elements written.
 Stored Partial RF Plasma State
 electron power, integral
   7663992.0593580650      Watts
 FW ion power, integral
   32336007.940618701      Watts
('merged TORIC plasma state data ', '/pscratch/sd/h/hswils/github_repos/MANTA_DBSCANS/IC+RAD+PELLET+TGLF/bcfrom2024/SCAN_sntot_paux_Kr0000/SCAN/simulation_491350_0006/work/rf_ic_toric_64/RF_IC_s000001.00001')
IC step finished
EQ step
>>> efit.step() started
INPUT: PRESSURE found kinetic , mapped value =  kinetic
INPUT: RELAX_PROFILE not found, use default value: 0
INPUT: RELAX_METRIC not found, use default value: 0.5
INPUT: BETAN_TARGET not found, use default value: -1.0
model_pressure = kinetic
betan = 1.5791722578625673
INPUT: TOPOLOGY found DN , mapped value =  DN
INPUT: ERROR not found, use default value: 1.0e-4
INPUT: MAX_EFIT_ERROR not found, use default value: 0.1
init_run_step = 0
niter =  10
*** generate kfile 0
r0 = 4.55
b0 = 11.0
ip = 9999999.995
ip, ip cal, ip/(ip cal) = 10.000 10.003 1.000
weigting upper xpoint: [2, 3, 4, 5]
weigting lower xpoint: [9, 10, 11, 12]
run efit
efit, subprocess
elapsed time =  0.356  1.303
error_efit = 7.5e-05
*** generate kfile 1
apply underrelaxation
r0 = 4.55
b0 = 11.0
ip = 9999999.995
inmtric under-relax: 0.5
ip, ip cal, ip/(ip cal) = 10.000 9.993 1.001
weigting upper xpoint: [2, 3, 4, 5]
weigting lower xpoint: [9, 10, 11, 12]
diff_p = 0.0013292435174866134
diff_f = 0.003247911383981475
converged
Icurt=9.984e+00MA
EQ step finished
TR step
fastran.step() entered
update_next = disabled
update_instate =  True
[1, 1, 74, 36, 2, 2]
['D', 'T', 'W', 'Kr', 'He3', 'He4']
ion D
ion T
imp W
imp Kr
imp He3
He4 found
model_beam = 0
dump_vol_profile : rho_nbi pbe 0.0
dump_vol_profile : rho_nbi pbi 0.0
dump_vol_profile : rho_nbi pbth 0.0
dump_vol_profile : rho_nbi pbth 0.0
dump_vol_profile : rho_fus pfuse 72533887.24780297
dump_vol_profile : rho_fus pfusi 25154871.05642289
dump_vol_profile : rho_fus pfusth 0.0
dump_vol_profile : rho_ecrf peech 0.0
dump_vol_profile : rho_icrf picrf_totals 7663992.059358065
dump_vol_profile : rho_lhrf pelh 0.0
S_name =  ['e                               ' 'D                               '
 'T                               ' 'W                               '
 'Kr                              ' 'He3                             '
 'He4                             ']
0 e                               
1 D                               
processing 1 D                               
dump_vol_profile : rho_icrf picrf_totals 63.89691154061123
2 T                               
processing 2 T                               
dump_vol_profile : rho_icrf picrf_totals 3551937.9798371233
3 W                               
processing 3 W                               
dump_vol_profile : rho_icrf picrf_totals 5.892890440530566e-37
4 Kr                              
processing 4 Kr                              
dump_vol_profile : rho_icrf picrf_totals 0.0
5 He3                             
processing 5 He3                             
dump_vol_profile : rho_icrf picrf_totals 28784006.063860536
6 He4                             
processing 6 He4                             
dump_vol_profile : rho_icrf picrf_totals 9.496674963955477e-06
dump_vol_profile : rho_lhrf pilh 0.0
dump_vol_profile : rho_nbi tqbe 0.0
dump_vol_profile : rho_nbi tqbi 0.0
dump_vol_profile : rho_nbi tqbjxb 0.0
dump_vol_profile : rho_nbi tqbth 0.0
dump_vol_profile : rho_nbi sbedep 0.0
dump_vol_profile : rho_nbi sbehalo 0.0
dump_vol_profile : rho sn_trans 1.5000353921085573e+22
dump_vol_profile : rho_rad prad 10828298.930716109
dump_vol_profile : rho pohme 0.0
/global/common/software/atom/perlmutter/binaries/fastran/default/xfastran_ver1.07
ncpu =  126
n1d  =  6
nky  =  21
[1, 1, 74, 36, 2, 2]
['D', 'T', 'W', 'Kr', 'He3', 'He4']
ion D
ion T
imp W
imp Kr
imp He3
He4 found
nspec_th = 6
Icurt=1.000e+01MA
Icurr_bootstrap=2.305e+00MA
Icurr_ohmic=0.000e+00MA
rho_fus pfuse 100 100
integrated :  72096188.07333292
rho_fus pfusi 100 100
integrated :  24947855.18832571
model_beam = 0
density_model = 1: impurity = f*ne
He profile found
TR step finished

========================================================================
= fastran driver: iteration number =  3

RAD step
radiation.step() started
model_beam = 0
0 [61954.02762544 61955.08423244 61958.24700252 61963.494141
 61970.78718294 61980.06778081 61991.25320368 62004.23054504
 62018.84963564 62034.91465814 62052.17446077 62070.31156946
 62088.93427787 62107.62912911 62125.96923518 62143.47903364
 62159.62996308 62173.8367889  62185.45373968 62193.77047562
 62198.00791521 62197.31395156 62190.76728843 62177.66651137
 62157.70007504 62130.68942683 62096.58571857 62055.48644283
 62007.65246165 61953.5796779  61894.5945967  61816.27332795
 61717.35711914 61619.72268604 61545.42273789 61516.8719696
 61531.58905542 61571.10912713 61634.54794821 61721.05180409
 61829.83615236 61962.29106646 62120.75127411 62306.11800932
 62519.58053695 62762.63967162 63033.76191136 63327.69620844
 63640.03499175 63965.94432219 64300.09038964 64631.91750493
 64945.38239798 65225.66621303 65457.08482665 65623.23955909
 65713.41100993 65716.73922145 65617.31435835 65401.24433947
 65057.2491333  64577.77091335 63965.24110751 63228.29490846
 62376.5357151  61420.25837606 60369.10919493 59235.11706573
 58045.81571588 56829.64132634 55611.59439008 54412.90048747
 53251.50284298 52144.09583615 51107.28268108 50157.32005424
 49310.34433851 48581.47502284 47986.42896336 47542.23049138
 47253.35779779 47113.30969392 47123.13980299 47289.48726902
 47618.69936595 48112.97523563 48754.84479199 49497.53839371
 50285.61256468 51063.19069565 51763.64850156 53888.88788462
 54231.32923291 51877.76560312 48372.32090134 47379.15478077
 49903.89717894 43203.58767337 26571.70561998 37837.19010683
  4164.69791119]
1 [61954.02762544 61955.08423244 61958.24700252 61963.494141
 61970.78718294 61980.06778081 61991.25320368 62004.23054504
 62018.84963564 62034.91465814 62052.17446077 62070.31156946
 62088.93427787 62107.62912911 62125.96923518 62143.47903364
 62159.62996308 62173.8367889  62185.45373968 62193.77047562
 62198.00791521 62197.31395156 62190.76728843 62177.66651137
 62157.70007504 62130.68942683 62096.58571857 62055.48644283
 62007.65246165 61953.5796779  61894.5945967  61816.27332795
 61717.35711914 61619.72268604 61545.42273789 61516.8719696
 61531.58905542 61571.10912713 61634.54794821 61721.05180409
 61829.83615236 61962.29106646 62120.75127411 62306.11800932
 62519.58053695 62762.63967162 63033.76191136 63327.69620844
 63640.03499175 63965.94432219 64300.09038964 64631.91750493
 64945.38239798 65225.66621303 65457.08482665 65623.23955909
 65713.41100993 65716.73922145 65617.31435835 65401.24433947
 65057.2491333  64577.77091335 63965.24110751 63228.29490846
 62376.5357151  61420.25837606 60369.10919493 59235.11706573
 58045.81571588 56829.64132634 55611.59439008 54412.90048747
 53251.50284298 52144.09583615 51107.28268108 50157.32005424
 49310.34433851 48581.47502284 47986.42896336 47542.23049138
 47253.35779779 47113.30969392 47123.13980299 47289.48726902
 47618.69936595 48112.97523563 48754.84479199 49497.53839371
 50285.61256468 51063.19069565 51763.64850156 53888.88788462
 54231.32923291 51877.76560312 48372.32090134 47379.15478077
 49903.89717894 43203.58767337 26571.70561998 37837.19010683
  4164.69791119]
2 [73549.17520536 73549.03814367 73548.6206448  73547.90312464
 73546.85080005 73545.41047268 73543.5060229  73541.03261083
 73537.84958088 73533.77206662 73528.56129326 73521.91357705
 73513.45240125 73502.78088233 73489.49007245 73473.12369797
 73453.17381519 73429.07711535 73400.21103871 73365.88971957
 73325.35978834 73277.79606194 73222.30535296 73158.21551261
 73085.24538897 73003.2479204  72912.20681607 72812.25316016
 72703.68240763 72587.0260217  72463.6470006  72316.97997052
 72145.89565489 71975.68140309 71829.11556714 71666.5951891
 71554.10966923 71469.74045995 71411.7337492  71378.39350875
 71368.11914269 71381.33576458 71419.55767954 71483.12368723
 71572.68440218 71689.22645108 71830.94875111 71992.3301722
 72168.48871682 72354.14965779 72543.57303235 72725.1259212
 72881.94773002 72999.25059079 73061.40911934 73052.1112749
 72961.97907869 72782.27691253 72498.32927041 72097.41301703
 71569.35011508 70907.53301569 70114.96216113 69200.72547233
 68174.84439891 67047.99833237 65830.06323445 64533.08753823
 63184.64270862 61813.19357494 60443.76085606 59097.49602392
 57792.20569717 56544.50498856 55370.9182394  54287.62379238
 53310.73393901 52455.22602854 51736.57241652 51171.56655634
 50764.46908381 50507.90427929 50402.72479757 50456.32696948
 50675.75499448 51063.84585266 51608.25397979 52264.01170205
 52971.52922382 53671.0662937  54292.39092548 56198.92318605
 56293.88680514 53667.25445974 49873.48006837 48593.68019211
 50852.682684   43922.29843427 27101.81166699 38230.20351644
  4530.38538989]
3 [141552.96474821 141540.19137711 141504.20046732 141448.46578826
 141376.45083557 141291.622715   141194.36593048 141072.6347297
 140911.04443264 140693.74924288 140404.10646488 140017.54131067
 139518.38050684 138901.22482164 138158.903777   137282.24897517
 136273.36528452 135147.53846746 133915.50970246 132591.14294793
 131192.30716434 129732.70534235 128209.57611688 126621.29923939
 124968.75224116 123255.16204912 121486.43919928 119673.02345141
 117826.84439248 115959.98554944 114085.18880556 112191.60101251
 110290.95698531 108428.70942752 106636.51106445 104678.77121354
 102864.08455973 101156.43094573  99546.78913099  98026.38833603
  96586.77651385  95218.1333172   93916.33763456  92682.11584012
  91516.64322437  90421.51784772  89400.12029773  88450.88930646
  87567.74026683  86744.16110136  85973.12851241  85238.80780065
  84520.84360391  83804.0512526   83072.24504022  82308.41109902
  81504.80647679  80655.00559367  79744.12200125  78758.72858965
  77687.54300314  76522.33153465  75263.98936275  73919.50432394
  72496.78584887  71004.4171921   69450.1661809   67843.93050459
  66211.24057185  64578.64401019  62969.36675321  61402.8143427
  59895.16824002  58461.60720875  57117.32981355  55877.29246372
  54756.54526557  53769.00644881  52929.09402449  52252.65655086
  51743.10837883  51391.99215642  51199.51560592  51172.89307784
  51318.92041379  51640.1338438   52125.15740671  52728.77188051
  53389.59846146  54046.5291125   54628.31024714  56431.11856809
  56436.56693879  53741.14857146  49903.51574481  48602.40575728
  50854.27561436  43922.44733406  27101.81637375  38230.20353238
   4530.38538989]
prad for Haley: [-0.14155296 -0.14154019 -0.1415042  -0.14144847 -0.14137645 -0.14129162
 -0.14119437 -0.14107263 -0.14091104 -0.14069375 -0.14040411 -0.14001754
 -0.13951838 -0.13890122 -0.1381589  -0.13728225 -0.13627337 -0.13514754
 -0.13391551 -0.13259114 -0.13119231 -0.12973271 -0.12820958 -0.1266213
 -0.12496875 -0.12325516 -0.12148644 -0.11967302 -0.11782684 -0.11595999
 -0.11408519 -0.1121916  -0.11029096 -0.10842871 -0.10663651 -0.10467877
 -0.10286408 -0.10115643 -0.09954679 -0.09802639 -0.09658678 -0.09521813
 -0.09391634 -0.09268212 -0.09151664 -0.09042152 -0.08940012 -0.08845089
 -0.08756774 -0.08674416 -0.08597313 -0.08523881 -0.08452084 -0.08380405
 -0.08307225 -0.08230841 -0.08150481 -0.08065501 -0.07974412 -0.07875873
 -0.07768754 -0.07652233 -0.07526399 -0.0739195  -0.07249679 -0.07100442
 -0.06945017 -0.06784393 -0.06621124 -0.06457864 -0.06296937 -0.06140281
 -0.05989517 -0.05846161 -0.05711733 -0.05587729 -0.05475655 -0.05376901
 -0.05292909 -0.05225266 -0.05174311 -0.05139199 -0.05119952 -0.05117289
 -0.05131892 -0.05164013 -0.05212516 -0.05272877 -0.0533896  -0.05404653
 -0.05462831 -0.05643112 -0.05643657 -0.05374115 -0.04990352 -0.04860241
 -0.05085428 -0.04392245 -0.02710182 -0.0382302  -0.00453039]
rho_rad prad 100 100
integrated :  10746914.266733527
RAD step finished
PELLET step
pellet_model.init() started
start dakota update
INPELLET SN_TOTAL 0 updated
npellet = 1
sn_peak = [-1]
xmid = [0.6]
xwid = [0.1]
[3.35759676e-10 6.08742683e-10 1.09268763e-09 1.94184854e-09
 3.41658111e-09 5.95148266e-09 1.02639769e-08 1.75252093e-08
 2.96256451e-08 4.95826203e-08 8.21576839e-08 1.34779536e-07
 2.18905554e-07 3.52003238e-07 5.60394150e-07 8.83278343e-07
 1.37834719e-06 2.12949550e-06 3.25725591e-06 4.93269305e-06
 7.39559902e-06 1.09779103e-05 1.61332941e-05 2.34738045e-05
 3.38143442e-05 4.82253635e-05 6.80937271e-05 9.51909711e-05
 1.31747221e-04 1.80527857e-04 2.44908604e-04 3.28943202e-04
 4.37416179e-04 5.75871817e-04 7.50609164e-04 9.68632319e-04
 1.23754530e-03 1.56538190e-03 1.96036331e-03 2.43057977e-03
 2.98359759e-03 3.62599893e-03 4.36286878e-03 5.19725092e-03
 6.12960197e-03 7.15727854e-03 8.27409721e-03 9.47000862e-03
 1.07309256e-02 1.20387404e-02 1.33715567e-02 1.47041507e-02
 1.60086599e-02 1.72554807e-02 1.84143420e-02 1.94555002e-02
 2.03509952e-02 2.10758918e-02 2.16094305e-02 2.19360152e-02
 2.20459700e-02 2.19360152e-02 2.16094305e-02 2.10758918e-02
 2.03509952e-02 1.94555002e-02 1.84143420e-02 1.72554807e-02
 1.60086599e-02 1.47041507e-02 1.33715567e-02 1.20387404e-02
 1.07309256e-02 9.47000862e-03 8.27409721e-03 7.15727854e-03
 6.12960197e-03 5.19725092e-03 4.36286878e-03 3.62599893e-03
 2.98359759e-03 2.43057977e-03 1.96036331e-03 1.56538190e-03
 1.23754530e-03 9.68632319e-04 7.50609164e-04 5.75871817e-04
 4.37416179e-04 3.28943202e-04 2.44908604e-04 1.80527857e-04
 1.31747221e-04 9.51909711e-05 6.80937271e-05 4.82253635e-05
 3.38143442e-05 2.34738045e-05 1.61332941e-05 1.09779103e-05
 7.39559902e-06]
[5.03639514e+12 9.13114024e+12 1.63903144e+13 2.91277281e+13
 5.12487166e+13 8.92722399e+13 1.53959653e+14 2.62878139e+14
 4.44384677e+14 7.43739304e+14 1.23236526e+15 2.02169304e+15
 3.28358331e+15 5.28004857e+15 8.40591225e+15 1.32491751e+16
 2.06752079e+16 3.19424325e+16 4.88588387e+16 7.39903957e+16
 1.10933985e+17 1.64668654e+17 2.41999412e+17 3.52107067e+17
 5.07215162e+17 7.23380452e+17 1.02140591e+18 1.42786457e+18
 1.97620832e+18 2.70791785e+18 3.67362906e+18 4.93414802e+18
 6.56124268e+18 8.63807726e+18 1.12591375e+19 1.45294848e+19
 1.85631794e+19 2.34807284e+19 2.94054496e+19 3.64586965e+19
 4.47539638e+19 5.43899839e+19 6.54430316e+19 7.79587638e+19
 9.19440296e+19 1.07359178e+20 1.24111458e+20 1.42050129e+20
 1.60963884e+20 1.80581106e+20 2.00573351e+20 2.20562261e+20
 2.40129898e+20 2.58832211e+20 2.76215130e+20 2.91832503e+20
 3.05264929e+20 3.16138377e+20 3.24141458e+20 3.29040228e+20
 3.30689549e+20 3.29040228e+20 3.24141458e+20 3.16138377e+20
 3.05264929e+20 2.91832503e+20 2.76215130e+20 2.58832211e+20
 2.40129898e+20 2.20562261e+20 2.00573351e+20 1.80581106e+20
 1.60963884e+20 1.42050129e+20 1.24111458e+20 1.07359178e+20
 9.19440296e+19 7.79587638e+19 6.54430316e+19 5.43899839e+19
 4.47539638e+19 3.64586965e+19 2.94054496e+19 2.34807284e+19
 1.85631794e+19 1.45294848e+19 1.12591375e+19 8.63807726e+18
 6.56124268e+18 4.93414802e+18 3.67362906e+18 2.70791785e+18
 1.97620832e+18 1.42786457e+18 1.02140591e+18 7.23380452e+17
 5.07215162e+17 3.52107067e+17 2.41999412e+17 1.64668654e+17
 1.10933985e+17]
rho sn_trans 7 100
integrated :  1.5000128196929728e+22
PELLET step finished
IC step
toric.step() called
cur_state_file =  s000001.00001
('Total IC power = ', 40000000.0)
power =  40000000.0
 using s000001.00001 as default state.
  ps_init_tag: Plasma State v2.055 f90 module initialization.
 Prepare toric input reading machine.inp
 ps%ns(1,0)   2.8493836488950484E+020
 <n_e(m-3)-PS> =   2.0461956475952592E+020
 <n_e(m-3)-Interpolated> =   2.0589885369192166E+020
 Thermal ion name, A, Z, dens, temp = 
 D           2           1   1.0319263481195428E+020   26.001259355004208     
 Thermal ion name, A, Z, dens, temp = 
 T           3           1   1.0319263481195428E+020   26.001259355004208     
 Thermal ion name, A, Z, dens, temp = 
 W         182          74   4274075473342572.5        26.001259355004208     
 Thermal ion name, A, Z, dens, temp = 
 Kr          83          36   0.0000000000000000        26.001259355004208     
 Thermal ion name, A, Z, dens, temp = 
 He3           3           2   5.6987672977900974E+018   26.001259355004208     
 Thermal ion name, A, Z, dens, temp = 
 He4           4           2   3.3419639542494384E+019   26.001259355004208     
 Fast ion name, A, Z = D_beam           2           1
 Fast ion name, A, Z = He4_fusn           4           2
('prepare_eqdsk', '/global/common/software/atom/perlmutter/binaries/geqxpl/default/geqxpl', 'g000001.00001')
Note: The following floating-point exceptions are signalling: IEEE_UNDERFLOW_FLAG IEEE_DENORMAL
  
  G-EQdsk data accepted, maximum rel. GS error:    3.7497727127289784E-002
  
  Bphi is counter-clockwise viewed from above (nsnccwb = 1)
  
  Jphi is counter-clockwise viewed from above (nsnccwi = 1)
  
 equigs_write completion code (0=normal):           0
('toric processors = ', '24')
  -- get (restore) plasma state from file -- 
 process_toric_output: cur_state_file = s000001.00001
  ps_init_tag: Plasma State v2.055 f90 module initialization.
 freq_ic, picrf  alloc? T T
 RF alloc? T         900
    number of icrf sources =            1
    number of species =            8           6
 process toric output: profile and spec sizes:
 toric mesh, PS mesh         459         101
 toric species, PS species counts           8           6
 powers in percent
 total:   100.00000000000000     
 electron total   14.293772888810981        2.9110853956047675     
 ion totals fundamental   4.5353112192705692E-005   0.0000000000000000        0.0000000000000000        0.0000000000000000        73.155296572044307        8.5898611948212557E-011   0.0000000000000000        0.0000000000000000     
 ion totals harmonic   0.0000000000000000        9.6397997903418542        0.0000000000000000        0.0000000000000000        0.0000000000000000        0.0000000000000000        0.0000000000000000        0.0000000000000000     
    number of thermal species (ps%nspec_th) =            6
    number of icrf sources (ps%nicrf_src) =            1
 ps%freq_ic =    0.0000000000000000     
 ps%icrf_src_name = IC00                            
 ps%power_ic =    40000000.000000000     
 ICRF Power   40000000.000000000     
   --storing toric data in current plasma state
 Total FW Driven Current (A)   202631.33825125039     
 Total ICRF Power (W)   40000000.000000000     
 FWCD Effciency (A/W)   5.0657834562812601E-003
 Total FW Driven Current from each source-> Interpolated (A)   202631.33824913416     
 Total FW Driven Current from all sources -> Interpolated (A)   202631.33824913416     
  *ps_update_file_write: normal exit,            5  update elements written.
 Stored Partial RF Plasma State
 electron power, integral
   6881145.7818251764      Watts
 FW ion power, integral
   33118854.218166281      Watts
('merged TORIC plasma state data ', '/pscratch/sd/h/hswils/github_repos/MANTA_DBSCANS/IC+RAD+PELLET+TGLF/bcfrom2024/SCAN_sntot_paux_Kr0000/SCAN/simulation_491350_0006/work/rf_ic_toric_64/RF_IC_s000001.00001')
IC step finished
EQ step
>>> efit.step() started
INPUT: PRESSURE found kinetic , mapped value =  kinetic
INPUT: RELAX_PROFILE not found, use default value: 0
INPUT: RELAX_METRIC not found, use default value: 0.5
INPUT: BETAN_TARGET not found, use default value: -1.0
model_pressure = kinetic
betan = 1.5731424530983824
INPUT: TOPOLOGY found DN , mapped value =  DN
INPUT: ERROR not found, use default value: 1.0e-4
INPUT: MAX_EFIT_ERROR not found, use default value: 0.1
init_run_step = 0
niter =  10
*** generate kfile 0
r0 = 4.55
b0 = 11.0
ip = 9999999.995
ip, ip cal, ip/(ip cal) = 10.000 10.003 1.000
weigting upper xpoint: [2, 3, 4, 5]
weigting lower xpoint: [9, 10, 11, 12]
run efit
efit, subprocess
elapsed time =  0.372  1.284
error_efit = 7.825e-05
*** generate kfile 1
apply underrelaxation
r0 = 4.55
b0 = 11.0
ip = 9999999.995
inmtric under-relax: 0.5
ip, ip cal, ip/(ip cal) = 10.000 10.000 1.000
weigting upper xpoint: [2, 3, 4, 5]
weigting lower xpoint: [9, 10, 11, 12]
diff_p = 0.0003811172543272512
diff_f = 0.0005696002711777584
converged
  %ps_mhdeq_nclass: allocating 16 Pfirsch-Schlutter moments profiles.
  %ps_mhdeq_derive: compute NC sqrt-singular flux surface averages.
  %ps_mhdeq_derive: compute profiles of Bmin, Bmax.
  %ps_update_fromxplasma: allocating nr,nz  =          129 ,         129
  %ps_update_fromxplasma: allocating nlim   =            5
  %ps_mhdeq_derive: compute <1/R^2> and <|grad(rho)|^2/R^2>.
  %ps_mhdeq_derive: compute metric averages <1/R>, <|grad(rho)|>, etc.
  %ps_mhdeq_derive: compute R & Z minmax profiles; triangularity, etc.
  %ps_mhdeq_derive: compute <1/B^2>, NCLASS moments, etc.
  %ps_mhdeq_nclass: allocating 16 Pfirsch-Schlutter moments profiles.
  %ps_mhdeq_derive: compute NC sqrt-singular flux surface averages.
  %ps_mhdeq_derive: compute profiles of Bmin, Bmax.
  %ps_update_fromxplasma: allocating nr,nz  =          129 ,         129
  %ps_update_fromxplasma: allocating nlim   =            5
  %ps_mhdeq_derive: compute <1/R^2> and <|grad(rho)|^2/R^2>.
  %ps_mhdeq_derive: compute metric averages <1/R>, <|grad(rho)|>, etc.
  %ps_mhdeq_derive: compute R & Z minmax profiles; triangularity, etc.
  %ps_mhdeq_derive: compute <1/B^2>, NCLASS moments, etc.
  %ps_mhdeq_nclass: allocating 16 Pfirsch-Schlutter moments profiles.
  %ps_mhdeq_derive: compute NC sqrt-singular flux surface averages.
  %ps_mhdeq_derive: compute profiles of Bmin, Bmax.
  %ps_mhdeq_derive: compute <1/R^2> and <|grad(rho)|^2/R^2>.
  %ps_mhdeq_derive: compute metric averages <1/R>, <|grad(rho)|>, etc.
  %ps_mhdeq_derive: compute R & Z minmax profiles; triangularity, etc.
  %ps_mhdeq_derive: compute <1/B^2>, NCLASS moments, etc.
  %ps_mhdeq_derive: compute NC sqrt-singular flux surface averages.
  %ps_mhdeq_derive: compute profiles of Bmin, Bmax.
  %ps_update_fromxplasma: allocating nr,nz  =          129 ,         129
  %ps_update_fromxplasma: allocating nlim   =            5
  %ps_mhdeq_derive: compute <1/R^2> and <|grad(rho)|^2/R^2>.
  %ps_mhdeq_derive: compute metric averages <1/R>, <|grad(rho)|>, etc.
  %ps_mhdeq_derive: compute R & Z minmax profiles; triangularity, etc.
  %ps_mhdeq_derive: compute <1/B^2>, NCLASS moments, etc.
  %ps_mhdeq_nclass: allocating 16 Pfirsch-Schlutter moments profiles.
  %ps_mhdeq_derive: compute NC sqrt-singular flux surface averages.
  %ps_mhdeq_derive: compute profiles of Bmin, Bmax.
  %ps_update_fromxplasma: allocating nr,nz  =          129 ,         129
  %ps_update_fromxplasma: allocating nlim   =            5
  %ps_mhdeq_derive: compute <1/R^2> and <|grad(rho)|^2/R^2>.
  %ps_mhdeq_derive: compute metric averages <1/R>, <|grad(rho)|>, etc.
  %ps_mhdeq_derive: compute R & Z minmax profiles; triangularity, etc.
  %ps_mhdeq_derive: compute <1/B^2>, NCLASS moments, etc.
  %ps_mhdeq_nclass: allocating 16 Pfirsch-Schlutter moments profiles.
  %ps_mhdeq_derive: compute NC sqrt-singular flux surface averages.
  %ps_mhdeq_derive: compute profiles of Bmin, Bmax.
  %ps_update_fromxplasma: allocating nr,nz  =          129 ,         129
  %ps_update_fromxplasma: allocating nlim   =            5
  %ps_mhdeq_derive: compute <1/R^2> and <|grad(rho)|^2/R^2>.
  %ps_mhdeq_derive: compute metric averages <1/R>, <|grad(rho)|>, etc.
  %ps_mhdeq_derive: compute R & Z minmax profiles; triangularity, etc.
  %ps_mhdeq_derive: compute <1/B^2>, NCLASS moments, etc.
  %ps_mhdeq_nclass: allocating 16 Pfirsch-Schlutter moments profiles.
  %ps_mhdeq_derive: compute NC sqrt-singular flux surface averages.
  %ps_mhdeq_derive: compute profiles of Bmin, Bmax.
  %ps_mhdeq_derive: compute <1/R^2> and <|grad(rho)|^2/R^2>.
  %ps_mhdeq_derive: compute metric averages <1/R>, <|grad(rho)|>, etc.
  %ps_mhdeq_derive: compute R & Z minmax profiles; triangularity, etc.
  %ps_mhdeq_derive: compute <1/B^2>, NCLASS moments, etc.
  %ps_mhdeq_derive: compute NC sqrt-singular flux surface averages.
  %ps_mhdeq_derive: compute profiles of Bmin, Bmax.
  %ps_update_fromxplasma: allocating nr,nz  =          129 ,         129
  %ps_update_fromxplasma: allocating nlim   =            5
  %ps_mhdeq_derive: compute <1/R^2> and <|grad(rho)|^2/R^2>.
  %ps_mhdeq_derive: compute metric averages <1/R>, <|grad(rho)|>, etc.
Icurt=9.998e+00MA
EQ step finished
TR step
fastran.step() entered
update_next = disabled
update_instate =  True
[1, 1, 74, 36, 2, 2]
['D', 'T', 'W', 'Kr', 'He3', 'He4']
ion D
ion T
imp W
imp Kr
imp He3
He4 found
model_beam = 0
dump_vol_profile : rho_nbi pbe 0.0
dump_vol_profile : rho_nbi pbi 0.0
dump_vol_profile : rho_nbi pbth 0.0
dump_vol_profile : rho_nbi pbth 0.0
dump_vol_profile : rho_fus pfuse 72096188.07333292
dump_vol_profile : rho_fus pfusi 24947855.18832571
dump_vol_profile : rho_fus pfusth 0.0
dump_vol_profile : rho_ecrf peech 0.0
dump_vol_profile : rho_icrf picrf_totals 6881145.781825176
dump_vol_profile : rho_lhrf pelh 0.0
S_name =  ['e                               ' 'D                               '
 'T                               ' 'W                               '
 'Kr                              ' 'He3                             '
 'He4                             ']
0 e                               
1 D                               
processing 1 D                               
dump_vol_profile : rho_icrf picrf_totals 32.536133779965795
2 T                               
processing 2 T                               
dump_vol_profile : rho_icrf picrf_totals 3855644.986526694
3 W                               
processing 3 W                               
dump_vol_profile : rho_icrf picrf_totals -3.9967773718660714e-37
4 Kr                              
processing 4 Kr                              
dump_vol_profile : rho_icrf picrf_totals 0.0
5 He3                             
processing 5 He3                             
dump_vol_profile : rho_icrf picrf_totals 29263176.695472263
6 He4                             
processing 6 He4                             
dump_vol_profile : rho_icrf picrf_totals 3.35671906342122e-05
dump_vol_profile : rho_lhrf pilh 0.0
dump_vol_profile : rho_nbi tqbe 0.0
dump_vol_profile : rho_nbi tqbi 0.0
dump_vol_profile : rho_nbi tqbjxb 0.0
dump_vol_profile : rho_nbi tqbth 0.0
dump_vol_profile : rho_nbi sbedep 0.0
dump_vol_profile : rho_nbi sbehalo 0.0
dump_vol_profile : rho sn_trans 1.5000128196929728e+22
dump_vol_profile : rho_rad prad 10746914.266733527
dump_vol_profile : rho pohme 0.0
/global/common/software/atom/perlmutter/binaries/fastran/default/xfastran_ver1.07
ncpu =  126
n1d  =  6
nky  =  21
[1, 1, 74, 36, 2, 2]
['D', 'T', 'W', 'Kr', 'He3', 'He4']
ion D
ion T
imp W
imp Kr
imp He3
He4 found
nspec_th = 6
Icurt=1.000e+01MA
Icurr_bootstrap=2.307e+00MA
Icurr_ohmic=0.000e+00MA
rho_fus pfuse 100 100
integrated :  73077256.50879607
rho_fus pfusi 100 100
integrated :  25271375.460748862
model_beam = 0
density_model = 1: impurity = f*ne
He profile found
TR step finished

========================================================================
= fastran driver: iteration number =  4

RAD step
radiation.step() started
model_beam = 0
0 [61249.78956085 61250.99683228 61254.61214409 61260.61539988
 61268.97114213 61279.62560497 61292.5025843  61307.4981217
 61324.47399812 61343.25003307 61363.59518551 61385.21745389
 61407.75381933 61430.80668614 61453.9753293  61476.81581763
 61498.83481634 61519.48615471 61538.16720967 61554.2151234
 61566.90287699 61575.43524688 61578.94483753 61576.63864379
 61568.1402503  61553.24076013 61531.84836073 61504.00376613
 61469.89605802 61429.88322211 61384.85367405 61303.49100362
 61176.91485564 61040.7135191  60930.78984921 60883.40881323
 60891.6319755  60923.01875618 60976.19183621 61049.75082504
 61142.30227475 61253.04286623 61383.49598634 61536.04997976
 61713.49454161 61919.08404836 62155.05475133 62418.60249359
 62705.33889    63010.38115429 63328.27046234 63649.06524401
 63957.76673826 64238.70982858 64475.28843467 64650.14226022
 64754.42652897 64782.28957089 64718.00981563 64547.31126678
 64258.22087478 63841.10014616 63292.18183933 62618.42026987
 61828.89658665 60933.44000674 59941.3972937  58861.24066301
 57713.35074502 56527.05538979 55328.75492498 54140.96310837
 52982.84307267 51872.16259377 50826.13713901 49862.05030832
 48997.1267053  48247.41577829 47629.26668761 47161.27232232
 46854.57205902 46702.86036442 46706.98047749 46874.6777823
 47213.73915073 47729.94738749 48416.44983081 49228.04347161
 50101.71334613 50972.63519572 51763.64850156 53888.88788462
 54231.32923291 51877.76560312 48372.32090134 47379.15478077
 49903.89717894 43203.58767337 26571.70561998 37837.19010683
  4164.69791119]
1 [61249.78956085 61250.99683228 61254.61214409 61260.61539988
 61268.97114213 61279.62560497 61292.5025843  61307.4981217
 61324.47399812 61343.25003307 61363.59518551 61385.21745389
 61407.75381933 61430.80668614 61453.9753293  61476.81581763
 61498.83481634 61519.48615471 61538.16720967 61554.2151234
 61566.90287699 61575.43524688 61578.94483753 61576.63864379
 61568.1402503  61553.24076013 61531.84836073 61504.00376613
 61469.89605802 61429.88322211 61384.85367405 61303.49100362
 61176.91485564 61040.7135191  60930.78984921 60883.40881323
 60891.6319755  60923.01875618 60976.19183621 61049.75082504
 61142.30227475 61253.04286623 61383.49598634 61536.04997976
 61713.49454161 61919.08404836 62155.05475133 62418.60249359
 62705.33889    63010.38115429 63328.27046234 63649.06524401
 63957.76673826 64238.70982858 64475.28843467 64650.14226022
 64754.42652897 64782.28957089 64718.00981563 64547.31126678
 64258.22087478 63841.10014616 63292.18183933 62618.42026987
 61828.89658665 60933.44000674 59941.3972937  58861.24066301
 57713.35074502 56527.05538979 55328.75492498 54140.96310837
 52982.84307267 51872.16259377 50826.13713901 49862.05030832
 48997.1267053  48247.41577829 47629.26668761 47161.27232232
 46854.57205902 46702.86036442 46706.98047749 46874.6777823
 47213.73915073 47729.94738749 48416.44983081 49228.04347161
 50101.71334613 50972.63519572 51763.64850156 53888.88788462
 54231.32923291 51877.76560312 48372.32090134 47379.15478077
 49903.89717894 43203.58767337 26571.70561998 37837.19010683
  4164.69791119]
2 [72714.98380143 72715.07528391 72715.34388021 72715.77144741
 72716.32578168 72716.95766785 72717.59674516 72718.14618544
 72718.47617992 72718.41623027 72717.74624001 72716.18640406
 72713.3871401  72708.96551604 72702.53668343 72693.67378534
 72681.90174242 72666.69380316 72647.46790879 72623.58289128
 72594.33452629 72558.95146796 72516.59125888 72466.48686893
 72408.2888701  72341.81633978 72267.00640054 72183.92963518
 72092.80590008 71994.02483299 71888.50734966 71739.82930744
 71537.8861231  71324.07022621 71140.00646792 70986.62499443
 70868.53491314 70777.07728445 70709.95638678 70664.88291579
 70639.60287071 70631.83428907 70641.94112473 70671.96230875
 70724.35389682 70802.05299993 70907.62684587 71038.48405502
 71189.7780446  71356.1998431  71531.89703347 71705.61372414
 71861.13200157 71982.58861619 72053.21754394 72055.53794372
 71982.01827601 71829.05912722 71582.20914681 71228.39644762
 70756.78416078 70158.70152709 69430.95842426 68580.98062686
 67618.28526175 66553.10317642 65395.03144048 64152.57359549
 62846.15100572 61505.12296393 60155.91264262 58820.96140187
 57519.30391147 56268.64029201 55086.11805598 53988.95269505
 52994.36209018 52118.25943006 51376.74219704 50788.16566847
 50363.44536373 50095.35955322 49984.53251576 50039.4946715
 50268.75536926 50678.75847437 51267.95438651 51993.01670947
 52786.65847657 53580.0754271  54292.39092548 56198.92318605
 56293.88680514 53667.25445974 49873.48006837 48593.68019211
 50852.682684   43922.29843427 27101.81166699 38230.20351644
  4530.38538989]
3 [142875.17799622 142856.61655982 142805.60906693 142729.12981775
 142634.16705036 142527.78173462 142412.15951625 142269.50202517
 142076.49860525 141808.80863632 141440.24504543 140943.17165984
 140308.84434297 139535.92885313 138621.48339139 137561.20437611
 136376.68488807 135098.40192417 133737.11542704 132307.67611302
 130829.7449092  129320.78406988 127778.46469808 126197.32717743
 124573.00319284 122901.94900568 121179.2427627  119407.92438791
 117596.82117904 115754.54793182 113889.8202175  111961.54046448
 109974.8490814  108005.72862802 106126.65775344 104230.88635702
 102380.58059255 100646.66932349  99018.95798333  97487.21811225
  96041.27939148  94663.1918315   93342.66351816  92081.50408832
  90882.06600802  89747.28427155  88686.12948478  87701.84572509
  86788.7820585   85940.78610555  85151.0997647   84404.03492223
  83679.23872258  82960.25406396  82229.62842216  81469.11469156
  80673.09735145  79840.74885333  78957.6227593   78010.11895342
  76986.43558717  75876.33425937  74674.53940273  73386.42114177
  72019.41494458  70581.67395294  69080.70443253  67522.85904278
  65926.50075798  64319.05247784  62725.12216929  61165.37431378
  59657.19544895  58216.83843912  56860.11211871  55602.99565775
  54461.63620095  53450.86875514  52585.70831594  51883.54060515
  51354.4132977   50989.99345189  50790.23672387  50763.48092407
  50917.97656131  51259.85654964  51788.51016672  52460.34938412
  53206.31831613  53956.2648429   54628.31024714  56431.11856809
  56436.56693879  53741.14857146  49903.51574481  48602.40575728
  50854.27561436  43922.44733406  27101.81637375  38230.20353238
   4530.38538989]
prad for Haley: [-0.14287518 -0.14285662 -0.14280561 -0.14272913 -0.14263417 -0.14252778
 -0.14241216 -0.1422695  -0.1420765  -0.14180881 -0.14144025 -0.14094317
 -0.14030884 -0.13953593 -0.13862148 -0.1375612  -0.13637668 -0.1350984
 -0.13373712 -0.13230768 -0.13082974 -0.12932078 -0.12777846 -0.12619733
 -0.124573   -0.12290195 -0.12117924 -0.11940792 -0.11759682 -0.11575455
 -0.11388982 -0.11196154 -0.10997485 -0.10800573 -0.10612666 -0.10423089
 -0.10238058 -0.10064667 -0.09901896 -0.09748722 -0.09604128 -0.09466319
 -0.09334266 -0.0920815  -0.09088207 -0.08974728 -0.08868613 -0.08770185
 -0.08678878 -0.08594079 -0.0851511  -0.08440403 -0.08367924 -0.08296025
 -0.08222963 -0.08146911 -0.0806731  -0.07984075 -0.07895762 -0.07801012
 -0.07698644 -0.07587633 -0.07467454 -0.07338642 -0.07201941 -0.07058167
 -0.0690807  -0.06752286 -0.0659265  -0.06431905 -0.06272512 -0.06116537
 -0.0596572  -0.05821684 -0.05686011 -0.055603   -0.05446164 -0.05345087
 -0.05258571 -0.05188354 -0.05135441 -0.05098999 -0.05079024 -0.05076348
 -0.05091798 -0.05125986 -0.05178851 -0.05246035 -0.05320632 -0.05395626
 -0.05462831 -0.05643112 -0.05643657 -0.05374115 -0.04990352 -0.04860241
 -0.05085428 -0.04392245 -0.02710182 -0.0382302  -0.00453039]
rho_rad prad 100 100
integrated :  10693730.799246086
RAD step finished
PELLET step
pellet_model.init() started
start dakota update
INPELLET SN_TOTAL 0 updated
npellet = 1
sn_peak = [-1]
xmid = [0.6]
xwid = [0.1]
[3.35832298e-10 6.08874349e-10 1.09292397e-09 1.94226855e-09
 3.41732009e-09 5.95276992e-09 1.02661969e-08 1.75289999e-08
 2.96320529e-08 4.95933446e-08 8.21754540e-08 1.34808688e-07
 2.18952901e-07 3.52079374e-07 5.60515359e-07 8.83469389e-07
 1.37864532e-06 2.12995609e-06 3.25796043e-06 4.93375995e-06
 7.39719863e-06 1.09802847e-05 1.61367837e-05 2.34788817e-05
 3.38216579e-05 4.82357943e-05 6.81084553e-05 9.52115602e-05
 1.31775717e-04 1.80566903e-04 2.44961576e-04 3.29014349e-04
 4.37510788e-04 5.75996374e-04 7.50771515e-04 9.68841827e-04
 1.23781297e-03 1.56572048e-03 1.96078732e-03 2.43110548e-03
 2.98424292e-03 3.62678320e-03 4.36381243e-03 5.19837505e-03
 6.13092776e-03 7.15882661e-03 8.27588683e-03 9.47205691e-03
 1.07332466e-02 1.20413443e-02 1.33744489e-02 1.47073311e-02
 1.60121224e-02 1.72592130e-02 1.84183249e-02 1.94597083e-02
 2.03553970e-02 2.10804503e-02 2.16141045e-02 2.19407598e-02
 2.20507383e-02 2.19407598e-02 2.16141045e-02 2.10804503e-02
 2.03553970e-02 1.94597083e-02 1.84183249e-02 1.72592130e-02
 1.60121224e-02 1.47073311e-02 1.33744489e-02 1.20413443e-02
 1.07332466e-02 9.47205691e-03 8.27588683e-03 7.15882661e-03
 6.13092776e-03 5.19837505e-03 4.36381243e-03 3.62678320e-03
 2.98424292e-03 2.43110548e-03 1.96078732e-03 1.56572048e-03
 1.23781297e-03 9.68841827e-04 7.50771515e-04 5.75996374e-04
 4.37510788e-04 3.29014349e-04 2.44961576e-04 1.80566903e-04
 1.31775717e-04 9.52115602e-05 6.81084553e-05 4.82357943e-05
 3.38216579e-05 2.34788817e-05 1.61367837e-05 1.09802847e-05
 7.39719863e-06]
[5.03748447e+12 9.13311523e+12 1.63938595e+13 2.91340282e+13
 5.12598013e+13 8.92915488e+13 1.53992954e+14 2.62934998e+14
 4.44480794e+14 7.43900169e+14 1.23263181e+15 2.02213031e+15
 3.28429352e+15 5.28119061e+15 8.40773038e+15 1.32520408e+16
 2.06796798e+16 3.19493414e+16 4.88694065e+16 7.40063993e+16
 1.10957979e+17 1.64704271e+17 2.42051755e+17 3.52183225e+17
 5.07324869e+17 7.23536914e+17 1.02162683e+18 1.42817340e+18
 1.97663576e+18 2.70850355e+18 3.67442364e+18 4.93521524e+18
 6.56266183e+18 8.63994560e+18 1.12615727e+19 1.45326274e+19
 1.85671945e+19 2.34858071e+19 2.94118098e+19 3.64665823e+19
 4.47636438e+19 5.44017481e+19 6.54571865e+19 7.79756257e+19
 9.19639164e+19 1.07382399e+20 1.24138303e+20 1.42080854e+20
 1.60998699e+20 1.80620164e+20 2.00616733e+20 2.20609967e+20
 2.40181836e+20 2.58888194e+20 2.76274873e+20 2.91895624e+20
 3.05330955e+20 3.16206755e+20 3.24211567e+20 3.29111397e+20
 3.30761075e+20 3.29111397e+20 3.24211567e+20 3.16206755e+20
 3.05330955e+20 2.91895624e+20 2.76274873e+20 2.58888194e+20
 2.40181836e+20 2.20609967e+20 2.00616733e+20 1.80620164e+20
 1.60998699e+20 1.42080854e+20 1.24138303e+20 1.07382399e+20
 9.19639164e+19 7.79756257e+19 6.54571865e+19 5.44017481e+19
 4.47636438e+19 3.64665823e+19 2.94118098e+19 2.34858071e+19
 1.85671945e+19 1.45326274e+19 1.12615727e+19 8.63994560e+18
 6.56266183e+18 4.93521524e+18 3.67442364e+18 2.70850355e+18
 1.97663576e+18 1.42817340e+18 1.02162683e+18 7.23536914e+17
 5.07324869e+17 3.52183225e+17 2.42051755e+17 1.64704271e+17
 1.10957979e+17]
rho sn_trans 7 100
integrated :  1.4999778592825731e+22
PELLET step finished
IC step
toric.step() called
cur_state_file =  s000001.00001
('Total IC power = ', 40000000.0)
power =  40000000.0
 using s000001.00001 as default state.
  ps_init_tag: Plasma State v2.055 f90 module initialization.
 Prepare toric input reading machine.inp
 ps%ns(1,0)   2.8333766944665610E+020
 <n_e(m-3)-PS> =   2.0409789307716429E+020
 <n_e(m-3)-Interpolated> =   2.0538878076141211E+020
 Thermal ion name, A, Z, dens, temp = 
 D           2           1   1.0117350158064827E+020   26.091870469629601     
 Thermal ion name, A, Z, dens, temp = 
 T           3           1   1.0117350158064827E+020   26.091870469629601     
 Thermal ion name, A, Z, dens, temp = 
 W         182          74   4250065041699841.5        26.091870469629601     
 Thermal ion name, A, Z, dens, temp = 
 Kr          83          36   0.0000000000000000        26.091870469629601     
 Thermal ion name, A, Z, dens, temp = 
 He3           3           2   5.6667533889331220E+018   26.091870469629601     
 Thermal ion name, A, Z, dens, temp = 
 He4           4           2   3.4671327347203768E+019   26.091870469629601     
 Fast ion name, A, Z = D_beam           2           1
 Fast ion name, A, Z = He4_fusn           4           2
('prepare_eqdsk', '/global/common/software/atom/perlmutter/binaries/geqxpl/default/geqxpl', 'g000001.00001')
Note: The following floating-point exceptions are signalling: IEEE_UNDERFLOW_FLAG IEEE_DENORMAL
  
  G-EQdsk data accepted, maximum rel. GS error:    3.7983542640825062E-002
  
  Bphi is counter-clockwise viewed from above (nsnccwb = 1)
  
  Jphi is counter-clockwise viewed from above (nsnccwi = 1)
  
 equigs_write completion code (0=normal):           0
('toric processors = ', '24')
  -- get (restore) plasma state from file -- 
 process_toric_output: cur_state_file = s000001.00001
  ps_init_tag: Plasma State v2.055 f90 module initialization.
 freq_ic, picrf  alloc? T T
 RF alloc? T         900
    number of icrf sources =            1
    number of species =            8           6
 process toric output: profile and spec sizes:
 toric mesh, PS mesh         459         101
 toric species, PS species counts           8           6
 powers in percent
 total:   100.00000000000001     
 electron total   14.168455478091795        2.8824206161801733     
 ion totals fundamental   4.7870634082548397E-005   0.0000000000000000        0.0000000000000000        0.0000000000000000        73.314662412628678        1.0390388842914407E-010   0.0000000000000000        0.0000000000000000     
 ion totals harmonic   0.0000000000000000        9.6344136223613788        0.0000000000000000        0.0000000000000000        0.0000000000000000        0.0000000000000000        0.0000000000000000        0.0000000000000000     
    number of thermal species (ps%nspec_th) =            6
    number of icrf sources (ps%nicrf_src) =            1
 ps%freq_ic =    0.0000000000000000     
 ps%icrf_src_name = IC00                            
 ps%power_ic =    40000000.000000000     
 ICRF Power   40000000.000000000     
   --storing toric data in current plasma state
 Total FW Driven Current (A)   200580.18555441304     
 Total ICRF Power (W)   40000000.000000000     
 FWCD Effciency (A/W)   5.0145046388603261E-003
 Total FW Driven Current from each source-> Interpolated (A)   200580.18555439136     
 Total FW Driven Current from all sources -> Interpolated (A)   200580.18555439136     
  *ps_update_file_write: normal exit,            5  update elements written.
 Stored Partial RF Plasma State
 electron power, integral
   6819586.9676561095      Watts
 FW ion power, integral
   33180413.032336324      Watts
('merged TORIC plasma state data ', '/pscratch/sd/h/hswils/github_repos/MANTA_DBSCANS/IC+RAD+PELLET+TGLF/bcfrom2024/SCAN_sntot_paux_Kr0000/SCAN/simulation_491350_0006/work/rf_ic_toric_64/RF_IC_s000001.00001')
IC step finished
EQ step
>>> efit.step() started
INPUT: PRESSURE found kinetic , mapped value =  kinetic
INPUT: RELAX_PROFILE not found, use default value: 0
INPUT: RELAX_METRIC not found, use default value: 0.5
INPUT: BETAN_TARGET not found, use default value: -1.0
model_pressure = kinetic
betan = 1.5785520641844015
INPUT: TOPOLOGY found DN , mapped value =  DN
INPUT: ERROR not found, use default value: 1.0e-4
INPUT: MAX_EFIT_ERROR not found, use default value: 0.1
init_run_step = 0
niter =  10
*** generate kfile 0
r0 = 4.55
b0 = 11.0
ip = 9999999.995
ip, ip cal, ip/(ip cal) = 10.000 10.003 1.000
weigting upper xpoint: [2, 3, 4, 5]
weigting lower xpoint: [9, 10, 11, 12]
run efit
efit, subprocess
elapsed time =  0.357  1.323
error_efit = 7.515e-05
*** generate kfile 1
apply underrelaxation
r0 = 4.55
b0 = 11.0
ip = 9999999.995
inmtric under-relax: 0.5
ip, ip cal, ip/(ip cal) = 10.000 10.004 1.000
weigting upper xpoint: [2, 3, 4, 5]
weigting lower xpoint: [9, 10, 11, 12]
diff_p = 5.3089448732611954e-05
diff_f = 0.00011946295162821338
converged
Icurt=1.001e+01MA
EQ step finished
TR step
fastran.step() entered
update_next = disabled
update_instate =  True
[1, 1, 74, 36, 2, 2]
['D', 'T', 'W', 'Kr', 'He3', 'He4']
ion D
ion T
imp W
imp Kr
imp He3
He4 found
model_beam = 0
dump_vol_profile : rho_nbi pbe 0.0
dump_vol_profile : rho_nbi pbi 0.0
dump_vol_profile : rho_nbi pbth 0.0
dump_vol_profile : rho_nbi pbth 0.0
dump_vol_profile : rho_fus pfuse 73077256.50879607
dump_vol_profile : rho_fus pfusi 25271375.460748862
dump_vol_profile : rho_fus pfusth 0.0
dump_vol_profile : rho_ecrf peech 0.0
dump_vol_profile : rho_icrf picrf_totals 6819586.9676561095
dump_vol_profile : rho_lhrf pelh 0.0
S_name =  ['e                               ' 'D                               '
 'T                               ' 'W                               '
 'Kr                              ' 'He3                             '
 'He4                             ']
0 e                               
1 D                               
processing 1 D                               
dump_vol_profile : rho_icrf picrf_totals 33.36184435168708
2 T                               
processing 2 T                               
dump_vol_profile : rho_icrf picrf_totals 3853582.173626682
3 W                               
processing 3 W                               
dump_vol_profile : rho_icrf picrf_totals -2.5267527628388172e-36
4 Kr                              
processing 4 Kr                              
dump_vol_profile : rho_icrf picrf_totals 0.0
5 He3                             
processing 5 He3                             
dump_vol_profile : rho_icrf picrf_totals 29326797.49682462
6 He4                             
processing 6 He4                             
dump_vol_profile : rho_icrf picrf_totals 4.068501732419652e-05
dump_vol_profile : rho_lhrf pilh 0.0
dump_vol_profile : rho_nbi tqbe 0.0
dump_vol_profile : rho_nbi tqbi 0.0
dump_vol_profile : rho_nbi tqbjxb 0.0
dump_vol_profile : rho_nbi tqbth 0.0
dump_vol_profile : rho_nbi sbedep 0.0
dump_vol_profile : rho_nbi sbehalo 0.0
dump_vol_profile : rho sn_trans 1.4999778592825731e+22
dump_vol_profile : rho_rad prad 10693730.799246086
dump_vol_profile : rho pohme 0.0
/global/common/software/atom/perlmutter/binaries/fastran/default/xfastran_ver1.07
ncpu =  126
n1d  =  6
nky  =  21
[1, 1, 74, 36, 2, 2]
['D', 'T', 'W', 'Kr', 'He3', 'He4']
ion D
ion T
imp W
imp Kr
imp He3
He4 found
nspec_th = 6
Icurt=1.000e+01MA
Icurr_bootstrap=2.322e+00MA
Icurr_ohmic=0.000e+00MA
rho_fus pfuse 100 100
integrated :  73452808.46403392
rho_fus pfusi 100 100
integrated :  25411522.137768235
model_beam = 0
density_model = 1: impurity = f*ne
He profile found
TR step finished

========================================================================
= fastran driver: finalize

EQ0 finalize
>>> efit.finalize() started
EQ0 finalize finished
TR0 finalize
fastran.finalize() entered
TR0 finalize finished
RAD finalize
radiation.finalize() called
RAD finalize finished
PELLET finalize
pellet_model.finalize() called
PELLET finalize finished
IC finalize
toric.finalize() called
IC finalize finished
EQ finalize
>>> efit.finalize() started
EQ finalize finished
TR finalize
fastran.finalize() entered
TR finalize finished
********************************************************************************
FASTRAN DIRVER FINALIZE
/pscratch/sd/h/hswils/github_repos/MANTA_DBSCANS/IC+RAD+PELLET+TGLF/bcfrom2024/SCAN_sntot_paux_Kr0000/SCAN/simulation_491350_0006/work/plasma_state/a000001.00001
/pscratch/sd/h/hswils/github_repos/MANTA_DBSCANS/IC+RAD+PELLET+TGLF/bcfrom2024/SCAN_sntot_paux_Kr0000/SCAN/simulation_491350_0006/work/plasma_state/s000001.00001
/pscratch/sd/h/hswils/github_repos/MANTA_DBSCANS/IC+RAD+PELLET+TGLF/bcfrom2024/SCAN_sntot_paux_Kr0000/SCAN/simulation_491350_0006/work/plasma_state/g000001.00001
/pscratch/sd/h/hswils/github_repos/MANTA_DBSCANS/IC+RAD+PELLET+TGLF/bcfrom2024/SCAN_sntot_paux_Kr0000/SCAN/simulation_491350_0006/work/plasma_state/i000001.00001
/pscratch/sd/h/hswils/github_repos/MANTA_DBSCANS/IC+RAD+PELLET+TGLF/bcfrom2024/SCAN_sntot_paux_Kr0000/SCAN/simulation_491350_0006/work/plasma_state/f000001.00001
/pscratch/sd/h/hswils/github_repos/MANTA_DBSCANS/IC+RAD+PELLET+TGLF/bcfrom2024/SCAN_sntot_paux_Kr0000/SCAN/simulation_491350_0006/work/plasma_state/a000001.00005
