  EFITD    01/01/2017    #000001     0ms           3 129 129
 4.550000000E+00 8.564705882E+00 4.550000000E+00 2.248235294E+00 0.000000000E+00
 4.744758789E+00 5.325472264E-02-1.835593215E+01-1.193628006E+01 1.100000000E+01
 9.999999995E+06-1.835593215E+01 0.000000000E+00 4.744758789E+00 0.000000000E+00
 5.325472264E-02 0.000000000E+00-1.193628006E+01 0.000000000E+00 0.000000000E+00
 5.086577835E+01 5.085800588E+01 5.085000317E+01 5.084178246E+01 5.083335389E+01
 5.082472748E+01 5.081591338E+01 5.080692175E+01 5.079776260E+01 5.078844609E+01
 5.077898208E+01 5.076938087E+01 5.075965218E+01 5.074980410E+01 5.073983974E+01
 5.072976894E+01 5.071960865E+01 5.070937357E+01 5.069907696E+01 5.068872986E+01
 5.067834242E+01 5.066792334E+01 5.065748099E+01 5.064702260E+01 5.063655479E+01
 5.062608360E+01 5.061561446E+01 5.060515269E+01 5.059470269E+01 5.058426918E+01
 5.057385613E+01 5.056346766E+01 5.055310716E+01 5.054277832E+01 5.053248421E+01
 5.052222749E+01 5.051201111E+01 5.050183830E+01 5.049171156E+01 5.048163326E+01
 5.047160545E+01 5.046163093E+01 5.045171190E+01 5.044184999E+01 5.043204770E+01
 5.042230694E+01 5.041262933E+01 5.040301693E+01 5.039347151E+01 5.038399469E+01
 5.037458838E+01 5.036525391E+01 5.035599304E+01 5.034680739E+01 5.033769844E+01
 5.032866751E+01 5.031971621E+01 5.031084603E+01 5.030205813E+01 5.029335414E+01
 5.028473538E+01 5.027620304E+01 5.026775842E+01 5.025940302E+01 5.025113800E+01
 5.024296468E+01 5.023488411E+01 5.022689790E+01 5.021900693E+01 5.021121267E+01
 5.020351616E+01 5.019591871E+01 5.018842152E+01 5.018102575E+01 5.017373258E+01
 5.016654334E+01 5.015945906E+01 5.015248106E+01 5.014561037E+01 5.013884847E+01
 5.013219623E+01 5.012565529E+01 5.011922636E+01 5.011291094E+01 5.010671033E+01
 5.010062543E+01 5.009465785E+01 5.008880862E+01 5.008307922E+01 5.007747068E+01
 5.007198432E+01 5.006662146E+01 5.006138358E+01 5.005627185E+01 5.005128761E+01
 5.004643232E+01 5.004170745E+01 5.003711419E+01 5.003265414E+01 5.002832879E+01
 5.002413975E+01 5.002008865E+01 5.001617724E+01 5.001240730E+01 5.000878118E+01
 5.000530108E+01 5.000197025E+01 4.999879237E+01 4.999577274E+01 4.999291871E+01
 4.999024104E+01 4.998775576E+01 4.998548835E+01 4.998347678E+01 4.998178376E+01
 4.998050293E+01 4.997978441E+01 4.997984992E+01 4.998102035E+01 4.998371084E+01
 4.998838565E+01 4.999535777E+01 5.000458978E+01 5.001538439E+01 5.002649034E+01
 5.003660765E+01 5.004457532E+01 5.004938483E+01 5.005000000E+01
 1.500793341E+06 1.475185751E+06 1.450208008E+06 1.425842985E+06 1.402073552E+06
 1.378882580E+06 1.356252939E+06 1.334167505E+06 1.312609146E+06 1.291560737E+06
 1.271005145E+06 1.250925246E+06 1.231303913E+06 1.212127709E+06 1.193391682E+06
 1.175079473E+06 1.157160791E+06 1.139609599E+06 1.122403411E+06 1.105522323E+06
 1.088949032E+06 1.072668352E+06 1.056666229E+06 1.040930031E+06 1.025448610E+06
 1.010211927E+06 9.952107553E+05 9.804366008E+05 9.658816651E+05 9.515387698E+05
 9.374012296E+05 9.234627556E+05 9.097174551E+05 8.961599556E+05 8.827855019E+05
 8.695898500E+05 8.565686195E+05 8.437170341E+05 8.310310552E+05 8.185078850E+05
 8.061441776E+05 7.939357948E+05 7.818800688E+05 7.699747215E+05 7.582161351E+05
 7.466020196E+05 7.351303242E+05 7.237979573E+05 7.126033156E+05 7.015440336E+05
 6.906179483E+05 6.798235021E+05 6.691584411E+05 6.586213950E+05 6.482104098E+05
 6.379240849E+05 6.277607746E+05 6.177190905E+05 6.077976168E+05 5.979950196E+05
 5.883100435E+05 5.787414421E+05 5.692880933E+05 5.599488111E+05 5.507226247E+05
 5.416083692E+05 5.326052402E+05 5.237120820E+05 5.149282201E+05 5.062525595E+05
 4.976844708E+05 4.892230104E+05 4.808674582E+05 4.726171519E+05 4.644711899E+05
 4.564291699E+05 4.484901330E+05 4.406537283E+05 4.329191905E+05 4.252859358E+05
 4.177535769E+05 4.103212941E+05 4.029888907E+05 3.957556287E+05 3.886211269E+05
 3.815850192E+05 3.746466251E+05 3.678058357E+05 3.610619944E+05 3.544148322E+05
 3.478640434E+05 3.414090564E+05 3.350498228E+05 3.287857768E+05 3.226167189E+05
 3.165423888E+05 3.105622905E+05 3.046763756E+05 2.988840965E+05 2.931852449E+05
 2.875794265E+05 2.820660515E+05 2.766447158E+05 2.713143978E+05 2.660740998E+05
 2.609219413E+05 2.558552454E+05 2.508697171E+05 2.459585949E+05 2.411110157E+05
 2.363097091E+05 2.315269808E+05 2.267178461E+05 2.218120545E+05 2.166933649E+05
 2.111846021E+05 2.050004488E+05 1.977177946E+05 1.887214037E+05 1.772129679E+05
 1.622967691E+05 1.433626537E+05 1.204730111E+05 9.496138746E+04 6.923267497E+04
 4.579478409E+04 2.688680052E+04 1.442617361E+04 1.029631795E+04
-7.762879465E+00-8.001880370E+00-8.226899725E+00-8.441486295E+00-8.645674510E+00
-8.839507215E+00-9.022995410E+00-9.196165330E+00-9.359046565E+00-9.511663700E+00
-9.654043740E+00-9.786209730E+00-9.908186090E+00-1.002411245E+01-1.013935043E+01
-1.023586388E+01-1.031620788E+01-1.038265113E+01-1.043692386E+01-1.048020231E+01
-1.051425183E+01-1.053967646E+01-1.055714748E+01-1.056760116E+01-1.057176247E+01
-1.057014288E+01-1.056315326E+01-1.055119131E+01-1.053463394E+01-1.051379939E+01
-1.048892075E+01-1.046019827E+01-1.042788016E+01-1.039228432E+01-1.035377475E+01
-1.031254884E+01-1.026825712E+01-1.022079828E+01-1.017110133E+01-1.011958404E+01
-1.006522583E+01-1.000815926E+01-9.949868005E+00-9.889293810E+00-9.826007070E+00
-9.761887795E+00-9.695312715E+00-9.626746580E+00-9.557357205E+00-9.485112725E+00
-9.412276885E+00-9.337219375E+00-9.260803915E+00-9.183123455E+00-9.103417235E+00
-9.023056130E+00-8.940382715E+00-8.857310990E+00-8.771886530E+00-8.686139055E+00
-8.598110565E+00-8.509743110E+00-8.419218005E+00-8.328265055E+00-8.235372200E+00
-8.141817915E+00-8.046688430E+00-7.950516860E+00-7.853251890E+00-7.754468370E+00
-7.655078530E+00-7.553809230E+00-7.452144865E+00-7.348645425E+00-7.244459145E+00
-7.138955615E+00-7.032138465E+00-6.924627710E+00-6.815332645E+00-6.705502815E+00
-6.594076665E+00-6.481613985E+00-6.368192600E+00-6.253124625E+00-6.137436965E+00
-6.020089515E+00-5.901742165E+00-5.782309390E+00-5.661255380E+00-5.539475810E+00
-5.416003609E+00-5.291466466E+00-5.165758131E+00-5.038383598E+00-4.910164485E+00
-4.780185267E+00-4.649044224E+00-4.516565311E+00-4.382338955E+00-4.247058354E+00
-4.109784536E+00-3.971163070E+00-3.830682405E+00-3.688120854E+00-3.543649060E+00
-3.396104299E+00-3.245731440E+00-3.090535822E+00-2.929873771E+00-2.760057635E+00
-2.578060650E+00-2.376055363E+00-2.143871240E+00-1.865495632E+00-1.509208657E+00
-1.043715184E+00-3.882587797E-01 5.187219499E-01 1.814071743E+00 3.548659109E+00
 5.769712575E+00 8.129560780E+00 1.027792562E+01 1.124960578E+01 1.090351823E+01
 9.281916490E+00 6.617552535E+00 2.980862335E+00-1.752938671E+00
-5.169485209E+05-5.042193934E+05-4.918317844E+05-4.797856931E+05-4.680811195E+05
-4.567180644E+05-4.456965271E+05-4.350165075E+05-4.246780064E+05-4.146810230E+05
-4.050255574E+05-3.957116102E+05-3.867391808E+05-3.779607883E+05-3.691861003E+05
-3.610599459E+05-3.534931412E+05-3.464054062E+05-3.397352116E+05-3.334413022E+05
-3.274609540E+05-3.217726623E+05-3.163528140E+05-3.111681955E+05-3.061929035E+05
-3.014087999E+05-2.968011578E+05-2.923558417E+05-2.880593516E+05-2.839002460E+05
-2.798702061E+05-2.759620339E+05-2.721668315E+05-2.684730001E+05-2.648674345E+05
-2.613428882E+05-2.579118539E+05-2.545779869E+05-2.513076777E+05-2.480857441E+05
-2.449486151E+05-2.418917024E+05-2.388612036E+05-2.358948914E+05-2.330086481E+05
-2.301339177E+05-2.273291399E+05-2.245779133E+05-2.218369404E+05-2.191801855E+05
-2.165253101E+05-2.139307570E+05-2.113657758E+05-2.088257299E+05-2.063389257E+05
-2.038545486E+05-2.014332638E+05-1.990045117E+05-1.966396159E+05-1.942639605E+05
-1.919491072E+05-1.896233053E+05-1.873530801E+05-1.850746105E+05-1.828431674E+05
-1.806109021E+05-1.784119301E+05-1.762253824E+05-1.740534632E+05-1.719106659E+05
-1.697637495E+05-1.676585521E+05-1.655403561E+05-1.634617016E+05-1.613793372E+05
-1.593167278E+05-1.572725890E+05-1.552240400E+05-1.532103975E+05-1.511850508E+05
-1.491870027E+05-1.471942369E+05-1.452040163E+05-1.432407379E+05-1.412657048E+05
-1.393170826E+05-1.373690923E+05-1.354248510E+05-1.335029668E+05-1.315695935E+05
-1.296598257E+05-1.277492325E+05-1.258414640E+05-1.239532885E+05-1.220536177E+05
-1.201757850E+05-1.182958531E+05-1.164200765E+05-1.145618153E+05-1.126944359E+05
-1.108518659E+05-1.090080259E+05-1.071815609E+05-1.053784563E+05-1.035917992E+05
-1.018636609E+05-1.001837531E+05-9.862690373E+04-9.721662087E+04-9.609296011E+04
-9.537138431E+04-9.535210608E+04-9.642440992E+04-9.920654204E+04-1.049142648E+05
-1.147616919E+05-1.318472004E+05-1.585672140E+05-2.001868095E+05-2.587414251E+05
-3.360800380E+05-4.189661085E+05-4.938167656E+05-5.235242914E+05-5.024737381E+05
-4.321719301E+05-3.218321401E+05-1.750671369E+05 1.037861002E+04
 1.766555236E+00 1.846527937E+00 1.929692236E+00 2.016131460E+00 2.105882481E+00
 2.198916099E+00 2.295117922E+00 2.394273770E+00 2.496063644E+00 2.600065615E+00
 2.705766252E+00 2.812570726E+00 2.919805222E+00 3.026706475E+00 3.133111425E+00
 3.220912724E+00 3.279115673E+00 3.298259951E+00 3.290476852E+00 3.298173762E+00
 3.328992920E+00 3.385494875E+00 3.471904885E+00 3.575278159E+00 3.654183905E+00
 3.712774771E+00 3.754152799E+00 3.780388776E+00 3.792746113E+00 3.791894960E+00
 3.778095568E+00 3.751346700E+00 3.711445682E+00 3.657940885E+00 3.590037741E+00
 3.506499036E+00 3.405518343E+00 3.284525324E+00 3.139892961E+00 2.966574458E+00
 2.757892518E+00 2.554244904E+00 2.379702385E+00 2.228986022E+00 2.098257278E+00
 1.984912337E+00 1.887275459E+00 1.804359124E+00 1.735708876E+00 1.681314737E+00
 1.641571635E+00 1.617278244E+00 1.609670046E+00 1.620487248E+00 1.652081925E+00
 1.707568278E+00 1.791005392E+00 1.907543297E+00 2.057424279E+00 2.157374147E+00
 2.213753570E+00 2.223070272E+00 2.181008124E+00 2.103119516E+00 1.982605555E+00
 1.811792339E+00 1.603803801E+00 1.348910121E+00 1.036018138E+00 6.752363074E-01
 2.529104997E-01-2.188620633E-01-6.551788966E-01-1.062545665E+00-1.445992328E+00
-1.809553769E+00-2.156416533E+00-2.489099237E+00-2.809605241E+00-3.119539894E+00
-3.420198308E+00-3.712630929E+00-3.997692712E+00-4.276080400E+00-4.548360776E+00
-4.814992565E+00-5.076343282E+00-5.332702550E+00-5.584292543E+00-5.831276334E+00
-6.073764674E+00-6.311821507E+00-6.545468582E+00-6.774689470E+00-6.999432873E+00
-7.219615738E+00-7.435126130E+00-7.645825956E+00-7.851553680E+00-8.052126921E+00
-8.247345335E+00-8.436993330E+00-8.620843296E+00-8.798658562E+00-8.970196823E+00
-9.135213528E+00-9.293465308E+00-9.444713758E+00-9.588728944E+00-9.725293107E+00
-9.854203971E+00-9.975278212E+00-1.008835469E+01-1.019329700E+01-1.028999624E+01
-1.037837295E+01-1.045837866E+01-1.052999723E+01-1.059324543E+01-1.064817298E+01
-1.069486236E+01-1.073342778E+01-1.076401398E+01-1.078679457E+01-1.080196982E+01
-1.080976440E+01-1.081042481E+01-1.080421660E+01-1.079142134E+01 1.815555287E+00
 1.900608735E+00 1.989627553E+00 2.082845098E+00 2.180454104E+00 2.282568908E+00
 2.389181160E+00 2.500121460E+00 2.615046535E+00 2.733464933E+00 2.854792322E+00
 2.978411489E+00 3.104077697E+00 3.219627663E+00 3.307250393E+00 3.363360183E+00
 3.391033751E+00 3.384014548E+00 3.349518937E+00 3.333045426E+00 3.340476079E+00
 3.373058530E+00 3.434189389E+00 3.512826209E+00 3.570793550E+00 3.612603768E+00
 3.640473035E+00 3.655612088E+00 3.658668656E+00 3.649908069E+00 3.629337594E+00
 3.596811468E+00 3.552067526E+00 3.494674187E+00 3.423945678E+00 3.338867827E+00
 3.238018751E+00 3.119443839E+00 2.980415424E+00 2.816869066E+00 2.621828752E+00
 2.431689351E+00 2.267173055E+00 2.123069576E+00 1.996483521E+00 1.885630896E+00
 1.789415125E+00 1.707245795E+00 1.638950030E+00 1.584732451E+00 1.545168796E+00
 1.521227923E+00 1.514321152E+00 1.526379048E+00 1.559953216E+00 1.618330940E+00
 1.705628103E+00 1.826792351E+00 1.978992990E+00 2.085458850E+00 2.144025324E+00
 2.153700780E+00 2.114083279E+00 2.033895249E+00 1.909210416E+00 1.736527592E+00
 1.521806756E+00 1.258059038E+00 9.384819376E-01 5.658978811E-01 1.298717553E-01
-3.518703044E-01-8.008631481E-01-1.220180627E+00-1.614649383E+00-1.988357743E+00
-2.344653724E+00-2.686234979E+00-3.015263925E+00-3.333475417E+00-3.642266047E+00
-3.942764484E+00-4.235885551E+00-4.522371474E+00-4.802823524E+00-5.077725800E+00
-5.347464099E+00-5.612340179E+00-5.872582872E+00-6.128357299E+00-6.379771532E+00
-6.626882661E+00-6.869701323E+00-7.108195685E+00-7.342294866E+00-7.571892135E+00
-7.796847467E+00-8.016990538E+00-8.232123486E+00-8.442023468E+00-8.646445935E+00
-8.845127620E+00-9.037790088E+00-9.224143126E+00-9.403888954E+00-9.576726010E+00
-9.742353521E+00-9.900475875E+00-1.005080707E+01-1.019307545E+01-1.032702804E+01
-1.045243478E+01-1.056909276E+01-1.067682969E+01-1.077550721E+01-1.086502350E+01
-1.094531545E+01-1.101636009E+01-1.107817518E+01-1.113081959E+01-1.117439245E+01
-1.120903201E+01-1.123491375E+01-1.125224811E+01-1.126127759E+01-1.126227352E+01
-1.125553271E+01-1.124137365E+01-1.122013298E+01 1.856039343E+00 1.945416374E+00
 2.039576085E+00 2.138994942E+00 2.244155786E+00 2.355484582E+00 2.473238355E+00
 2.597354110E+00 2.727351360E+00 2.862422758E+00 3.001700770E+00 3.141920267E+00
 3.246065360E+00 3.330100582E+00 3.387708989E+00 3.414329475E+00 3.413930672E+00
 3.380868331E+00 3.323882900E+00 3.284351447E+00 3.266065961E+00 3.266585188E+00
 3.282751189E+00 3.306660102E+00 3.327891846E+00 3.342430493E+00 3.348915448E+00
 3.346742443E+00 3.335567374E+00 3.315126207E+00 3.285154057E+00 3.245343874E+00
 3.195323319E+00 3.134641159E+00 3.062760593E+00 2.979061765E+00 2.882862124E+00
 2.773477569E+00 2.650388558E+00 2.513741232E+00 2.366326200E+00 2.218611364E+00
 2.079670391E+00 1.951931890E+00 1.835940177E+00 1.731775782E+00 1.639450172E+00
 1.559056155E+00 1.490840773E+00 1.435251619E+00 1.392977752E+00 1.364996590E+00
 1.352635691E+00 1.357658895E+00 1.382389696E+00 1.429889283E+00 1.504202006E+00
 1.610619843E+00 1.747045786E+00 1.838686338E+00 1.883741093E+00 1.881995806E+00
 1.833407122E+00 1.746022604E+00 1.616127496E+00 1.440527971E+00 1.224686676E+00
 9.620947342E-01 6.464447078E-01 2.799022295E-01-1.482220719E-01-6.210334904E-01
-1.062126225E+00-1.475295278E+00-1.865683827E+00-2.237273483E+00-2.593144894E+00
-2.935711830E+00-3.266890949E+00-3.588220929E+00-3.900947190E+00-4.206083428E+00
-4.504457121E+00-4.796743633E+00-5.083492191E+00-5.365145760E+00-5.642056333E+00
-5.914496827E+00-6.182670544E+00-6.446718452E+00-6.706724907E+00-6.962722609E+00
-7.214696233E+00-7.462585811E+00-7.706289381E+00-7.945665694E+00-8.180536430E+00
-8.410688874E+00-8.635878197E+00-8.855830339E+00-9.070244961E+00-9.278798790E+00
-9.481149330E+00-9.676939112E+00-9.865799950E+00-1.004735826E+01-1.022123991E+01
-1.038707616E+01-1.054450910E+01-1.069319759E+01-1.083282299E+01-1.096309478E+01
-1.108375584E+01-1.119458712E+01-1.129541193E+01-1.138609960E+01-1.146656782E+01
-1.153678484E+01-1.159677011E+01-1.164659441E+01-1.168637868E+01-1.171629258E+01
-1.173655142E+01-1.174741315E+01-1.174917442E+01-1.174216601E+01-1.172674846E+01
-1.170330691E+01-1.167224637E+01 1.886073393E+00 1.978377475E+00 2.076147766E+00
 2.180194964E+00 2.291487241E+00 2.411141033E+00 2.540312929E+00 2.679675848E+00
 2.828147338E+00 2.978502359E+00 3.106642862E+00 3.211805566E+00 3.290413860E+00
 3.343734458E+00 3.368178361E+00 3.364637029E+00 3.337130628E+00 3.280072451E+00
 3.211260561E+00 3.160029426E+00 3.124493696E+00 3.101261319E+00 3.086980433E+00
 3.077865171E+00 3.070126159E+00 3.060700498E+00 3.047454523E+00 3.028967660E+00
 3.004274710E+00 2.972684272E+00 2.933666392E+00 2.886786361E+00 2.831668848E+00
 2.767984226E+00 2.695454988E+00 2.613885885E+00 2.523228052E+00 2.423696840E+00
 2.315973467E+00 2.201509060E+00 2.082818641E+00 1.963318151E+00 1.846414751E+00
 1.734688610E+00 1.629822964E+00 1.532890037E+00 1.444621767E+00 1.365592334E+00
 1.296333987E+00 1.237412971E+00 1.189483964E+00 1.153334990E+00 1.129931828E+00
 1.120472044E+00 1.126466387E+00 1.149891659E+00 1.193550303E+00 1.262130491E+00
 1.358600328E+00 1.410025149E+00 1.424666431E+00 1.399800487E+00 1.331515392E+00
 1.232507571E+00 1.096276836E+00 9.164805692E-01 7.044774325E-01 4.520770605E-01
 1.508033545E-01-1.902110338E-01-5.840186547E-01-1.022439433E+00-1.431524319E+00
-1.819887779E+00-2.191905476E+00-2.550279100E+00-2.896969512E+00-3.233518591E+00
-3.561186046E+00-3.881019754E+00-4.193898155E+00-4.500559198E+00-4.801621493E+00
-5.097600856E+00-5.388923072E+00-5.675934423E+00-5.958909718E+00-6.238058994E+00
-6.513532755E+00-6.785426113E+00-7.053782287E+00-7.318594895E+00-7.579810473E+00
-7.837330167E+00-8.091011274E+00-8.340668735E+00-8.586076793E+00-8.826970725E+00
-9.063048732E+00-9.293974267E+00-9.519378986E+00-9.738866099E+00-9.952014233E+00
-1.015838215E+01-1.035751401E+01-1.054894510E+01-1.073220865E+01-1.090684239E+01
-1.107239614E+01-1.122843924E+01-1.137456804E+01-1.151041340E+01-1.163564749E+01
-1.174999038E+01-1.185321551E+01-1.194515442E+01-1.202570030E+01-1.209481035E+01
-1.215250673E+01-1.219887654E+01-1.223407021E+01-1.225829872E+01-1.227183003E+01
-1.227498437E+01-1.226812863E+01-1.225167039E+01-1.222605168E+01-1.219174221E+01
-1.214923297E+01 1.904283725E+00 1.997378100E+00 2.096142012E+00 2.201663521E+00
 2.315378420E+00 2.439222249E+00 2.575968484E+00 2.730292906E+00 2.884170411E+00
 3.011377125E+00 3.113496018E+00 3.193238947E+00 3.235739699E+00 3.255002825E+00
 3.247561577E+00 3.207397002E+00 3.146634010E+00 3.085269001E+00 3.029063376E+00
 2.979822895E+00 2.937944087E+00 2.902620936E+00 2.872349250E+00 2.845271634E+00
 2.819442324E+00 2.793050074E+00 2.764552913E+00 2.732711648E+00 2.696559155E+00
 2.655348054E+00 2.608501485E+00 2.555576487E+00 2.496242343E+00 2.430274127E+00
 2.357561784E+00 2.278136082E+00 2.192212916E+00 2.100255610E+00 2.003047254E+00
 1.901747609E+00 1.797885895E+00 1.693242004E+00 1.589632930E+00 1.488704968E+00
 1.391824032E+00 1.300070519E+00 1.214291436E+00 1.135166795E+00 1.063268625E+00
 9.991058191E-01 9.431539131E-01 8.958700879E-01 8.576917617E-01 8.290131275E-01
 8.101242897E-01 8.010717670E-01 8.013094585E-01 8.086102800E-01 8.153086796E-01
 8.070038122E-01 7.748559623E-01 7.156627217E-01 6.279578287E-01 5.108430244E-01
 3.636205635E-01 1.856690431E-01-2.358224869E-02-2.646096017E-01-5.376171633E-01
-8.420472725E-01-1.174942035E+00-1.525973756E+00-1.880139732E+00-2.230491482E+00
-2.575003420E+00-2.913166217E+00-3.245030973E+00-3.570885500E+00-3.891116171E+00
-4.206139927E+00-4.516368333E+00-4.822187690E+00-5.123948455E+00-5.421959320E+00
-5.716484693E+00-6.007743359E+00-6.295908319E+00-6.581106833E+00-6.863420654E+00
-7.142886305E+00-7.419495159E+00-7.693193434E+00-7.963882160E+00-8.231417058E+00
-8.495608458E+00-8.756221425E+00-9.012975946E+00-9.265547571E+00-9.513568507E+00
-9.756629357E+00-9.994281323E+00-1.022603956E+01-1.045138711E+01-1.066978015E+01
-1.088065388E+01-1.108342974E+01-1.127752330E+01-1.146235325E+01-1.163735060E+01
-1.180196874E+01-1.195569343E+01-1.209805263E+01-1.222862603E+01-1.234705366E+01
-1.245304360E+01-1.254637815E+01-1.262691874E+01-1.269460901E+01-1.274947601E+01
-1.279162963E+01-1.282126045E+01-1.283863566E+01-1.284409360E+01-1.283803699E+01
-1.282092544E+01-1.279326675E+01-1.275560830E+01-1.270852816E+01-1.265262622E+01
 1.910655430E+00 2.001885478E+00 2.098141791E+00 2.200527881E+00 2.310531938E+00
 2.430118070E+00 2.561806958E+00 2.708598796E+00 2.848928142E+00 2.954953074E+00
 3.029292305E+00 3.074247128E+00 3.086889680E+00 3.069943130E+00 3.023735936E+00
 2.971667457E+00 2.919086619E+00 2.867253878E+00 2.817287230E+00 2.769995387E+00
 2.725719137E+00 2.684299602E+00 2.645161385E+00 2.607445393E+00 2.570145220E+00
 2.532224758E+00 2.492704482E+00 2.450712662E+00 2.405506791E+00 2.356475752E+00
 2.303133005E+00 2.245108341E+00 2.182142869E+00 2.114089654E+00 2.040921222E+00
 1.962743880E+00 1.879817384E+00 1.792576259E+00 1.701645708E+00 1.607841705E+00
 1.512144712E+00 1.415643060E+00 1.319455483E+00 1.224653486E+00 1.132203895E+00
 1.042939876E+00 9.575562906E-01 8.766191476E-01 8.005791230E-01 7.297816337E-01
 6.644679565E-01 6.047625772E-01 5.506405404E-01 5.018649938E-01 4.578784343E-01
 4.176213618E-01 3.792488761E-01 3.397722912E-01 2.948982016E-01 2.396029147E-01
 1.693028594E-01 8.055318770E-02-2.900734568E-02-1.609566867E-01-3.163284207E-01
-4.957379027E-01-6.994073476E-01-9.270937542E-01-1.177903997E+00-1.449978828E+00
-1.740123090E+00-2.043785553E+00-2.355932977E+00-2.672320521E+00-2.990019867E+00
-3.307218649E+00-3.622859708E+00-3.936362398E+00-4.247441421E+00-4.555992799E+00
-4.862021524E+00-5.165594811E+00-5.466810960E+00-5.765778635E+00-6.062602520E+00
-6.357373193E+00-6.650159839E+00-6.941004695E+00-7.229918870E+00-7.516878648E+00
-7.801822525E+00-8.084648536E+00-8.365211613E+00-8.643321498E+00-8.918740573E+00
-9.191182092E+00-9.460308797E+00-9.725732172E+00-9.987011812E+00-1.024365637E+01
-1.049512478E+01-1.074082916E+01-1.098013857E+01-1.121238461E+01-1.143686833E+01
-1.165286865E+01-1.185965232E+01-1.205648531E+01-1.224264510E+01-1.241743399E+01
-1.258019245E+01-1.273031290E+01-1.286725258E+01-1.299054551E+01-1.309981318E+01
-1.319477314E+01-1.327524574E+01-1.334115800E+01-1.339254538E+01-1.342955062E+01
-1.345242021E+01-1.346149839E+01-1.345721924E+01-1.344009685E+01-1.341071441E+01
-1.336971211E+01-1.331777527E+01-1.325562169E+01-1.318399029E+01 1.907328623E+00
 1.994121684E+00 2.084278796E+00 2.178652524E+00 2.278469387E+00 2.385366701E+00
 2.501393902E+00 2.628979431E+00 2.744885144E+00 2.823392809E+00 2.866493879E+00
 2.877072314E+00 2.851514665E+00 2.815368780E+00 2.775074782E+00 2.731713287E+00
 2.686346230E+00 2.639917900E+00 2.593211545E+00 2.546797147E+00 2.500991202E+00
 2.455846794E+00 2.411177982E+00 2.366609634E+00 2.321638921E+00 2.275696431E+00
 2.228198707E+00 2.178588232E+00 2.126360545E+00 2.071080758E+00 2.012392789E+00
 1.950024680E+00 1.883792619E+00 1.813605432E+00 1.739470320E+00 1.661499694E+00
 1.579917945E+00 1.495065989E+00 1.407400499E+00 1.317484651E+00 1.225968183E+00
 1.133557167E+00 1.040977058E+00 9.489349608E-01 8.580869083E-01 7.690136527E-01
 6.822051275E-01 5.980512429E-01 5.168352520E-01 4.387258305E-01 3.637640472E-01
 2.918416198E-01 2.226669773E-01 1.557158054E-01 9.016438941E-02 2.480948818E-02
-4.200781672E-02-1.124328278E-01-1.890217951E-01-2.745283285E-01-3.716122566E-01
-4.825965445E-01-6.093471416E-01-7.532555243E-01-9.152648472E-01-1.095893919E+00
-1.295236270E+00-1.512927949E+00-1.748091272E+00-1.999281311E+00-2.264489972E+00
-2.541275015E+00-2.827029460E+00-3.119297825E+00-3.416001747E+00-3.715518368E+00
-4.016650159E+00-4.318548545E+00-4.620631832E+00-4.922514261E+00-5.223950022E+00
-5.524790303E+00-5.824950986E+00-6.124388497E+00-6.423081323E+00-6.721015990E+00
-7.018175792E+00-7.314532008E+00-7.610036373E+00-7.904614699E+00-8.198161278E+00
-8.490533642E+00-8.781547875E+00-9.070973964E+00-9.358531743E+00-9.643886790E+00
-9.926647044E+00-1.020635977E+01-1.048250950E+01-1.075451672E+01-1.102173808E+01
-1.128346778E+01-1.153894120E+01-1.178734029E+01-1.202780138E+01-1.225942518E+01
-1.248128949E+01-1.269246349E+01-1.289202452E+01-1.307907587E+01-1.325276541E+01
-1.341230460E+01-1.355698662E+01-1.368620334E+01-1.379946030E+01-1.389638888E+01
-1.397675549E+01-1.404046727E+01-1.408757396E+01-1.411826607E+01-1.413286924E+01
-1.413183536E+01-1.411573081E+01-1.408522187E+01-1.404105896E+01-1.398405964E+01
-1.391509110E+01-1.383505359E+01-1.374486417E+01 1.899081239E+00 1.979716958E+00
 2.060955265E+00 2.143191010E+00 2.227266242E+00 2.314476080E+00 2.406570420E+00
 2.505815542E+00 2.590957808E+00 2.631645533E+00 2.636233135E+00 2.621477288E+00
 2.598828070E+00 2.569611546E+00 2.535176512E+00 2.496671038E+00 2.455072040E+00
 2.411197359E+00 2.365704776E+00 2.319085135E+00 2.271657526E+00 2.223572797E+00
 2.174828136E+00 2.125291684E+00 2.074733649E+00 2.022859535E+00 1.969341788E+00
 1.913847220E+00 1.856059192E+00 1.795694506E+00 1.732515932E+00 1.666341346E+00
 1.597050739E+00 1.524591734E+00 1.448984096E+00 1.370323164E+00 1.288781574E+00
 1.204608443E+00 1.118124938E+00 1.029715275E+00 9.398128039E-01 8.488817569E-01
 7.573960082E-01 6.658170055E-01 5.745727701E-01 4.840394701E-01 3.945258573E-01
 3.062600159E-01 2.193771809E-01 1.339069405E-01 4.975824324E-02-3.329914913E-02
-1.156574460E-01-1.978973195E-01-2.808154337E-01-3.654470070E-01-4.530732777E-01
-5.452009854E-01-6.435037529E-01-7.497267488E-01-8.655719487E-01-9.925902399E-01
-1.132100259E+00-1.285138702E+00-1.452434313E+00-1.634393999E+00-1.831092512E+00
-2.042263076E+00-2.267293357E+00-2.505237453E+00-2.754857548E+00-3.014703971E+00
-3.283227651E+00-3.558901821E+00-3.840323920E+00-4.126278887E+00-4.415762460E+00
-4.707974705E+00-5.002296858E+00-5.298261485E+00-5.595522504E+00-5.893827602E+00
-6.192994676E+00-6.492891464E+00-6.793419230E+00-7.094498546E+00-7.396057547E+00
-7.698021730E+00-8.000305164E+00-8.302802182E+00-8.605380245E+00-8.907872456E+00
-9.210070946E+00-9.511720171E+00-9.812510218E+00-1.011207046E+01-1.040996344E+01
-1.070567926E+01-1.099863056E+01-1.128814864E+01-1.157348131E+01-1.185379212E+01
-1.212816242E+01-1.239559646E+01-1.265502934E+01-1.290533894E+01-1.314536156E+01
-1.337391100E+01-1.358980077E+01-1.379186894E+01-1.397900436E+01-1.415017365E+01
-1.430444701E+01-1.444102288E+01-1.455924911E+01-1.465864070E+01-1.473889273E+01
-1.479988836E+01-1.484170118E+01-1.486459205E+01-1.486900055E+01-1.485553137E+01
-1.482493642E+01-1.477809350E+01-1.471598268E+01-1.463966166E+01-1.455024083E+01
-1.444885982E+01-1.433666589E+01 1.893603451E+00 1.968168668E+00 2.039136114E+00
 2.106227768E+00 2.169990447E+00 2.231528544E+00 2.292069620E+00 2.353057310E+00
 2.392722622E+00 2.403148964E+00 2.400937392E+00 2.388526909E+00 2.367890010E+00
 2.340557651E+00 2.307766239E+00 2.270535476E+00 2.229711752E+00 2.185991941E+00
 2.139935803E+00 2.091972802E+00 2.042407707E+00 1.991428058E+00 1.939115300E+00
 1.885459711E+00 1.830378421E+00 1.773734964E+00 1.715358808E+00 1.655063634E+00
 1.592663435E+00 1.527986110E+00 1.460884520E+00 1.391245301E+00 1.318995679E+00
 1.244108613E+00 1.166606334E+00 1.086562316E+00 1.004101376E+00 9.193977073E-01
 8.326703838E-01 7.441762377E-01 6.542000978E-01 5.630427298E-01 4.710071453E-01
 3.783840995E-01 2.854376109E-01 1.923910951E-01 9.941441649E-02 6.611787479E-03
-8.598982244E-02-1.784522227E-01-2.709378846E-01-3.637222864E-01-4.572063230E-01
-5.519276066E-01-6.485684992E-01-7.479576332E-01-8.510611051E-01-9.589598406E-01
-1.072811783E+00-1.193801095E+00-1.323080204E+00-1.461712554E+00-1.610622755E+00
-1.770557740E+00-1.942059249E+00-2.125445955E+00-2.320803634E+00-2.527982951E+00
-2.746606343E+00-2.976086564E+00-3.215659291E+00-3.464429741E+00-3.721429425E+00
-3.985675358E+00-4.256223232E+00-4.532207253E+00-4.812864928E+00-5.097546642E+00
-5.385714360E+00-5.676932839E+00-5.970856941E+00-6.267217018E+00-6.565804569E+00
-6.866458255E+00-7.169051328E+00-7.473479933E+00-7.779652425E+00-8.087479685E+00
-8.396865814E+00-8.707699589E+00-9.019845674E+00-9.333136226E+00-9.647362314E+00
-9.962264964E+00-1.027752623E+01-1.059275991E+01-1.090750221E+01-1.122120227E+01
-1.153321365E+01-1.184278610E+01-1.214905914E+01-1.245105772E+01-1.274769115E+01
-1.303775582E+01-1.331994281E+01-1.359285121E+01-1.385500717E+01-1.410488917E+01
-1.434095867E+01-1.456169489E+01-1.476563287E+01-1.495140229E+01-1.511776558E+01
-1.526365357E+01-1.538819647E+01-1.549074961E+01-1.557091214E+01-1.562853827E+01
-1.566374048E+01-1.567688462E+01-1.566857638E+01-1.563964081E+01-1.559109474E+01
-1.552411461E+01-1.544000086E+01-1.534014105E+01-1.522597412E+01-1.509895682E+01
-1.496053404E+01 1.902079260E+00 1.974505099E+00 2.036032046E+00 2.085351925E+00
 2.123904272E+00 2.154912405E+00 2.180500142E+00 2.199909838E+00 2.210207652E+00
 2.210133353E+00 2.200724807E+00 2.183324058E+00 2.159119296E+00 2.129127726E+00
 2.094219440E+00 2.055138663E+00 2.012518571E+00 1.966890955E+00 1.918692497E+00
 1.868269413E+00 1.815881998E+00 1.761710207E+00 1.705860936E+00 1.648377236E+00
 1.589249130E+00 1.528425502E+00 1.465826317E+00 1.401354578E+00 1.334907417E+00
 1.266385961E+00 1.195703837E+00 1.122794187E+00 1.047615220E+00 9.701543650E-01
 8.904309545E-01 8.084974840E-01 7.244392962E-01 6.383726583E-01 5.504411252E-01
 4.608101619E-01 3.696601998E-01 2.771782567E-01 1.835485399E-01 8.894236779E-02
-6.492156077E-03-1.026403924E-01-1.994311100E-01-2.968460093E-01-3.949287931E-01
-4.937937638E-01-5.936338613E-01-6.947278548E-01-7.974461994E-01-9.022546175E-01
-1.009714308E+00-1.120477296E+00-1.235275639E+00-1.354903656E+00-1.480193220E+00
-1.611983493E+00-1.751087496E+00-1.898258485E+00-2.054159049E+00-2.219334986E+00
-2.394195097E+00-2.578997441E+00-2.773842047E+00-2.978670397E+00-3.193271975E+00
-3.417298249E+00-3.650283993E+00-3.891674989E+00-4.140859830E+00-4.397202866E+00
-4.660074747E+00-4.928877906E+00-5.203065086E+00-5.482151007E+00-5.765717172E+00
-6.053411784E+00-6.344945930E+00-6.640086837E+00-6.938650473E+00-7.240492637E+00
-7.545500409E+00-7.853583252E+00-8.164664375E+00-8.478672151E+00-8.795531407E+00
-9.115154794E+00-9.437433806E+00-9.762229168E+00-1.008936098E+01-1.041859798E+01
-1.074964576E+01-1.108213453E+01-1.141560556E+01-1.174949753E+01-1.208313183E+01
-1.241569845E+01-1.274624291E+01-1.307365493E+01-1.339666082E+01-1.371382113E+01
-1.402353486E+01-1.432405289E+01-1.461350054E+01-1.488991101E+01-1.515126807E+01
-1.539555684E+01-1.562081976E+01-1.582521488E+01-1.600707235E+01-1.616494708E+01
-1.629766438E+01-1.640435712E+01-1.648449293E+01-1.653789066E+01-1.656472503E+01
-1.656551901E+01-1.654112380E+01-1.649268734E+01-1.642161173E+01-1.632950309E+01
-1.621811665E+01-1.608930066E+01-1.594494285E+01-1.578692247E+01-1.561707006E+01
 1.942145490E+00 2.027104127E+00 2.082763396E+00 2.109030506E+00 2.102980259E+00
 2.094769091E+00 2.087785555E+00 2.079001523E+00 2.066694644E+00 2.049793761E+00
 2.027870951E+00 2.000960636E+00 1.969345168E+00 1.933413878E+00 1.893587033E+00
 1.850276407E+00 1.803864356E+00 1.754692367E+00 1.703054743E+00 1.649195451E+00
 1.593307376E+00 1.535533547E+00 1.475970183E+00 1.414671361E+00 1.351654938E+00
 1.286909465E+00 1.220401566E+00 1.152083473E+00 1.081900293E+00 1.009796727E+00
 9.357230505E-01 8.596401871E-01 7.815237960E-01 7.013672934E-01 6.191837994E-01
 5.350069057E-01 4.488902899E-01 3.609061214E-01 2.711422649E-01 1.796983156E-01
 8.668058023E-02-7.803866517E-03-1.036538381E-01-2.007811846E-01-2.991181935E-01
-3.986250232E-01-4.992969683E-01-6.011714209E-01-7.043343030E-01-8.089259348E-01
-9.151459797E-01-1.023257258E+00-1.133588041E+00-1.246532217E+00-1.362546873E+00
-1.482146617E+00-1.605894296E+00-1.734387943E+00-1.868244256E+00-2.008079398E+00
-2.154488256E+00-2.308023606E+00-2.469176603E+00-2.638359767E+00-2.815893487E+00
-3.001996548E+00-3.196781197E+00-3.400252870E+00-3.612314699E+00-3.832776727E+00
-4.061369300E+00-4.297759861E+00-4.541572133E+00-4.792405621E+00-5.049854673E+00
-5.313524940E+00-5.583047016E+00-5.858085928E+00-6.138347483E+00-6.423580984E+00
-6.713579426E+00-7.008177176E+00-7.307246619E+00-7.610693119E+00-7.918449500E+00
-8.230469822E+00-8.546722723E+00-8.867184486E+00-9.191831194E+00-9.520630817E+00
-9.853534184E+00-1.019046537E+01-1.053131056E+01-1.087590572E+01-1.122402290E+01
-1.157535431E+01-1.192949457E+01-1.228592092E+01-1.264397163E+01-1.300282270E+01
-1.336146388E+01-1.371867602E+01-1.407301043E+01-1.442277521E+01-1.476602985E+01
-1.510059402E+01-1.542407222E+01-1.573389722E+01-1.602739163E+01-1.630184456E+01
-1.655459805E+01-1.678313667E+01-1.698517382E+01-1.715872976E+01-1.730219777E+01
-1.741439714E+01-1.749461218E+01-1.754261611E+01-1.755867921E+01-1.754355949E+01
-1.749847429E+01-1.742505222E+01-1.732526723E+01-1.720135798E+01-1.705573984E+01
-1.689091584E+01-1.670939480E+01-1.651362164E+01-1.630592309E+01 1.954720209E+00
 2.044176649E+00 2.093827856E+00 2.102822268E+00 2.070016857E+00 2.033972279E+00
 2.001828164E+00 1.970976852E+00 1.939724455E+00 1.906909628E+00 1.871796305E+00
 1.833977958E+00 1.793285681E+00 1.749708818E+00 1.703333969E+00 1.654301586E+00
 1.602776203E+00 1.548926371E+00 1.492911336E+00 1.434872425E+00 1.374927889E+00
 1.313170374E+00 1.249666464E+00 1.184457861E+00 1.117563881E+00 1.048984867E+00
 9.787062734E-01 9.067030378E-01 8.329440390E-01 7.573963628E-01 6.800292109E-01
 6.008172771E-01 5.197435173E-01 4.368011628E-01 3.519950009E-01 2.653417882E-01
 1.768698333E-01 8.661771759E-02-5.367830857E-03-9.903486015E-02-1.943298414E-01
-2.912019376E-01-3.896077585E-01-4.895164583E-01-5.909150077E-01-6.938134855E-01
-7.982502075E-01-9.042965846E-01-1.012061485E+00-1.121694952E+00-1.233391107E+00
-1.347389969E+00-1.463977946E+00-1.583486726E+00-1.706290289E+00-1.832799850E+00
-1.963456596E+00-2.098722314E+00-2.239068141E+00-2.384961961E+00-2.536855021E+00
-2.695168595E+00-2.860281469E+00-3.032518920E+00-3.212143875E+00-3.399350679E+00
-3.594261763E+00-3.796927466E+00-4.007328894E+00-4.225383807E+00-4.450955027E+00
-4.683861042E+00-4.923887837E+00-5.170801339E+00-5.424359796E+00-5.684324842E+00
-5.950471232E+00-6.222594523E+00-6.500516907E+00-6.784090558E+00-7.073199760E+00
-7.367760790E+00-7.667720892E+00-7.973055954E+00-8.283767276E+00-8.599877592E+00
-8.921426379E+00-9.248464463E+00-9.581047947E+00-9.919230928E+00-1.026305777E+01
-1.061255341E+01-1.096771249E+01-1.132848624E+01-1.169476713E+01-1.206637026E+01
-1.244301169E+01-1.282428217E+01-1.320961708E+01-1.359826108E+01-1.398922893E+01
-1.438126320E+01-1.477279115E+01-1.516188589E+01-1.554623802E+01-1.592314630E+01
-1.628953688E+01-1.664201760E+01-1.697696984E+01-1.729067208E+01-1.757944229E+01
-1.783978352E+01-1.806851834E+01-1.826290307E+01-1.842071917E+01-1.854034348E+01
-1.862080008E+01-1.866179548E+01-1.866373632E+01-1.862772429E+01-1.855552250E+01
-1.844948702E+01-1.831246232E+01-1.814764691E+01-1.795844259E+01-1.774830534E+01
-1.752061441E+01-1.727857065E+01-1.702512716E+01 1.927203434E+00 2.012413588E+00
 2.055292738E+00 2.053405933E+00 2.011405681E+00 1.959670961E+00 1.910644694E+00
 1.863558558E+00 1.817300500E+00 1.770964537E+00 1.723864068E+00 1.675511243E+00
 1.625583935E+00 1.573889608E+00 1.520331468E+00 1.464879605E+00 1.407547824E+00
 1.348375706E+00 1.287415229E+00 1.224721032E+00 1.160343646E+00 1.094325066E+00
 1.026696270E+00 9.574762550E-01 8.866722412E-01 8.142808563E-01 7.402899222E-01
 6.646807005E-01 5.874303239E-01 5.085142704E-01 4.279086994E-01 3.455924947E-01
 2.615489717E-01 1.757670932E-01 8.824217941E-02-1.023952962E-03-9.202344089E-02
-1.847434202E-01-2.791676523E-01-3.752786989E-01-4.730605854E-01-5.725018880E-01
-6.735991358E-01-7.763604295E-01-8.808091879E-01-9.869878321E-01-1.094961355E+00
-1.204820580E+00-1.316685024E+00-1.430705205E+00-1.547064198E+00-1.665978381E+00
-1.787697122E+00-1.912501319E+00-2.040700645E+00-2.172629470E+00-2.308641398E+00
-2.449102609E+00-2.594384125E+00-2.744853353E+00-2.900865283E+00-3.062753776E+00
-3.230823417E+00-3.405342374E+00-3.586536636E+00-3.774585933E+00-3.969621594E+00
-4.171726401E+00-4.380936464E+00-4.597245085E+00-4.820608018E+00-5.050950562E+00
-5.288175205E+00-5.532169856E+00-5.782816158E+00-6.039997413E+00-6.303605705E+00
-6.573547856E+00-6.849750582E+00-7.132164004E+00-7.420764286E+00-7.715555014E+00
-8.016567508E+00-8.323860475E+00-8.637518465E+00-8.957650102E+00-9.284384969E+00
-9.617870381E+00-9.958267007E+00-1.030574352E+01-1.066047011E+01-1.102261077E+01
-1.139231329E+01-1.176969720E+01-1.215483849E+01-1.254775042E+01-1.294835930E+01
-1.335647405E+01-1.377174795E+01-1.419363103E+01-1.462131147E+01-1.505364547E+01
-1.548907633E+01-1.592554737E+01-1.636041828E+01-1.679040271E+01-1.721155190E+01
-1.761931087E+01-1.800866135E+01-1.837434325E+01-1.871111779E+01-1.901402503E+01
-1.927859790E+01-1.950101899E+01-1.967822644E+01-1.980798680E+01-1.988895093E+01
-1.992070446E+01-1.990381138E+01-1.983984079E+01-1.973135314E+01-1.958182045E+01
-1.939546134E+01-1.917699841E+01-1.893137331E+01-1.866347188E+01-1.837790494E+01
-1.807886454E+01-1.777005312E+01 1.882986405E+00 1.965183283E+00 2.001814130E+00
 1.991413697E+00 1.935269708E+00 1.871460848E+00 1.810387587E+00 1.751193724E+00
 1.693183023E+00 1.635728553E+00 1.578297478E+00 1.520459216E+00 1.461881230E+00
 1.402317676E+00 1.341594895E+00 1.279596382E+00 1.216248766E+00 1.151509588E+00
 1.085357145E+00 1.017782382E+00 9.487826198E-01 8.783570040E-01 8.065033200E-01
 7.332160441E-01 6.584853738E-01 5.822970466E-01 5.046327418E-01 4.254709199E-01
 3.447879204E-01 2.625591792E-01 1.787604373E-01 9.336884117E-02 6.363837541E-03
-8.227221041E-02-1.725537357E-01-2.644920514E-01-3.580958305E-01-4.533719829E-01
-5.503269187E-01-6.489682003E-01-7.493064931E-01-8.513578010E-01-9.551459172E-01
-1.060704989E+00-1.168082154E+00-1.277340072E+00-1.388559385E+00-1.501840858E+00
-1.617307234E+00-1.735104579E+00-1.855403097E+00-1.978397301E+00-2.104305393E+00
-2.233367877E+00-2.365845261E+00-2.502014928E+00-2.642167115E+00-2.786600217E+00
-2.935615428E+00-3.089511037E+00-3.248576556E+00-3.413086957E+00-3.583297362E+00
-3.759438374E+00-3.941712328E+00-4.130290791E+00-4.325312958E+00-4.526885994E+00
-4.735086019E+00-4.949960862E+00-5.171533810E+00-5.399808053E+00-5.634772284E+00
-5.876406291E+00-6.124686788E+00-6.379593447E+00-6.641114251E+00-6.909250341E+00
-7.184020432E+00-7.465464555E+00-7.753646654E+00-8.048657150E+00-8.350614123E+00
-8.659664374E+00-8.975983860E+00-9.299777142E+00-9.631276872E+00-9.970742298E+00
-1.031845725E+01-1.067472739E+01-1.103987642E+01-1.141424089E+01-1.179816361E+01
-1.219198451E+01-1.259602853E+01-1.301058939E+01-1.343590749E+01-1.387214044E+01
-1.431932258E+01-1.477731044E+01-1.524570895E+01-1.572377194E+01-1.621027128E+01
-1.670332905E+01-1.720021745E+01-1.769714880E+01-1.818911392E+01-1.866986527E+01
-1.913214043E+01-1.956813375E+01-1.997008776E+01-2.033081407E+01-2.064402870E+01
-2.090450739E+01-2.110812962E+01-2.125188513E+01-2.133389374E+01-2.135346739E+01
-2.131122170E+01-2.120921983E+01-2.105109200E+01-2.084203130E+01-2.058855602E+01
-2.029800827E+01-1.997790847E+01-1.963537136E+01-1.927672978E+01-1.890738115E+01
-1.853179160E+01 1.818758948E+00 1.896760814E+00 1.927561589E+00 1.910122839E+00
 1.843601009E+00 1.770794592E+00 1.700462782E+00 1.631806369E+00 1.564378781E+00
 1.497752011E+00 1.431533353E+00 1.365377793E+00 1.298993064E+00 1.232139122E+00
 1.164623993E+00 1.096297580E+00 1.027044623E+00 9.567776596E-01 8.854305195E-01
 8.129525943E-01 7.393040552E-01 6.644520077E-01 5.883675329E-01 5.110235713E-01
 4.323934931E-01 3.524502581E-01 2.711660904E-01 1.885124699E-01 1.044604099E-01
 1.898086708E-02-6.795478824E-02-1.563743288E-01-2.463043235E-01-3.377699479E-01
-4.307949918E-01-5.254021044E-01-6.216132815E-01-7.194506417E-01-8.189374030E-01
-9.200991710E-01-1.022965381E+00-1.127570928E+00-1.233957943E+00-1.342177593E+00
-1.452291956E+00-1.564375740E+00-1.678517963E+00-1.794823366E+00-1.913413561E+00
-2.034427832E+00-2.158023513E+00-2.284375867E+00-2.413677461E+00-2.546136966E+00
-2.681977341E+00-2.821433517E+00-2.964749482E+00-3.112174982E+00-3.263961814E+00
-3.420359983E+00-3.581613739E+00-3.747957795E+00-3.919613836E+00-4.096787506E+00
-4.279666005E+00-4.468416565E+00-4.663185473E+00-4.864098454E+00-5.071261570E+00
-5.284763114E+00-5.504676291E+00-5.731062720E+00-5.963976182E+00-6.203466832E+00
-6.449585849E+00-6.702389850E+00-6.961945263E+00-7.228332618E+00-7.501650415E+00
-7.782018742E+00-8.069582470E+00-8.364514010E+00-8.667015835E+00-8.977322567E+00
-9.295702829E+00-9.622460745E+00-9.957937275E+00-1.030251109E+01-1.065659937E+01
-1.102065827E+01-1.139518242E+01-1.178070455E+01-1.217779335E+01-1.258705032E+01
-1.300910455E+01-1.344460439E+01-1.389420459E+01-1.435854676E+01-1.483823023E+01
-1.533376724E+01-1.584551581E+01-1.637357616E+01-1.691763182E+01-1.747670378E+01
-1.804877503E+01-1.863024486E+01-1.921523981E+01-1.979504388E+01-2.035825452E+01
-2.089210456E+01-2.138431730E+01-2.182434317E+01-2.220367348E+01-2.251564928E+01
-2.275515963E+01-2.291840640E+01-2.300279398E+01-2.300696994E+01-2.293104823E+01
-2.277704920E+01-2.254953737E+01-2.225622160E+01-2.190790175E+01-2.151718318E+01
-2.109644578E+01-2.065634171E+01-2.020533236E+01-1.974987558E+01-1.929480811E+01
 1.731937981E+00 1.803280015E+00 1.828462508E+00 1.805041885E+00 1.738064004E+00
 1.658928064E+00 1.581062192E+00 1.504673300E+00 1.429470575E+00 1.355152821E+00
 1.281428627E+00 1.208026885E+00 1.134703318E+00 1.061243533E+00 9.874633374E-01
 9.132071007E-01 8.383448843E-01 7.627688879E-01 6.863897463E-01 6.091329004E-01
 5.309353232E-01 4.517426556E-01 3.715068188E-01 2.901841584E-01 2.077339868E-01
 1.241175731E-01 3.929746110E-02-4.676292767E-02-1.340994880E-01-2.227474861E-01
-3.127415381E-01-4.041155766E-01-4.969028510E-01-5.911360137E-01-6.868473131E-01
-7.840689384E-01-8.828335041E-01-9.831747164E-01-1.085128196E+00-1.188732452E+00
-1.294029968E+00-1.401068429E+00-1.509901982E+00-1.620592554E+00-1.733211119E+00
-1.847838954E+00-1.964568714E+00-2.083505401E+00-2.204767068E+00-2.328485281E+00
-2.454805276E+00-2.583885746E+00-2.715898270E+00-2.851026359E+00-2.989464101E+00
-3.131414449E+00-3.277087168E+00-3.426696516E+00-3.580458735E+00-3.738589425E+00
-3.901300928E+00-4.068799835E+00-4.241284781E+00-4.418944381E+00-4.601955971E+00
-4.790484515E+00-4.984682372E+00-5.184689525E+00-5.390634456E+00-5.602635797E+00
-5.820804336E+00-6.045245705E+00-6.276063286E+00-6.513361723E+00-6.757250429E+00
-7.007847365E+00-7.265282745E+00-7.529702858E+00-7.801273812E+00-8.080185077E+00
-8.366652955E+00-8.660924006E+00-8.963278202E+00-9.274032351E+00-9.593543174E+00
-9.922210534E+00-1.026048082E+01-1.060885039E+01-1.096786918E+01-1.133814472E+01
-1.172034609E+01-1.211520851E+01-1.252353771E+01-1.294621488E+01-1.338420137E+01
-1.383854283E+01-1.431037282E+01-1.480091420E+01-1.531147709E+01-1.584345038E+01
-1.639828129E+01-1.697743349E+01-1.758230366E+01-1.821405469E+01-1.887327037E+01
-1.955919750E+01-2.026799796E+01-2.098903078E+01-2.170093925E+01-2.237702233E+01
-2.299602350E+01-2.354387007E+01-2.401108853E+01-2.439087504E+01-2.467803977E+01
-2.486843718E+01-2.495867463E+01-2.494602965E+01-2.482861256E+01-2.460596615E+01
-2.428063302E+01-2.386173231E+01-2.336961759E+01-2.283208152E+01-2.227217694E+01
-2.170473021E+01-2.113897126E+01-2.058079988E+01-2.003405433E+01 1.639918747E+00
 1.707574850E+00 1.727666164E+00 1.698592091E+00 1.622587353E+00 1.536718696E+00
 1.452444427E+00 1.369522040E+00 1.287735698E+00 1.206860207E+00 1.126670101E+00
 1.046947699E+00 9.674889171E-01 8.881069284E-01 8.086339274E-01 7.289213517E-01
 6.488390142E-01 5.682735202E-01 4.871262336E-01 4.053111499E-01 3.227527282E-01
 2.393839370E-01 1.551444730E-01 6.997927311E-02-1.616271744E-02-1.033295183E-01
-1.915668567E-01-2.809187156E-01-3.714277328E-01-4.631354842E-01-5.560827076E-01
-6.503094877E-01-7.458554523E-01-8.427600162E-01-9.410626694E-01-1.040803367E+00
-1.142023008E+00-1.244764003E+00-1.349070944E+00-1.454991394E+00-1.562576700E+00
-1.671882922E+00-1.782971753E+00-1.895911469E+00-2.010777843E+00-2.127654991E+00
-2.246636152E+00-2.367824292E+00-2.491332582E+00-2.617284659E+00-2.745814659E+00
-2.877067027E+00-3.011196046E+00-3.148365101E+00-3.288745713E+00-3.432516313E+00
-3.579860808E+00-3.730966991E+00-3.886024850E+00-4.045224838E+00-4.208756114E+00
-4.376804983E+00-4.549553548E+00-4.727178359E+00-4.909849815E+00-5.097731464E+00
-5.290980272E+00-5.489746783E+00-5.694176184E+00-5.904409524E+00-6.120585566E+00
-6.342842996E+00-6.571322824E+00-6.806171221E+00-7.047542751E+00-7.295603401E+00
-7.550534093E+00-7.812534188E+00-8.081825109E+00-8.358653888E+00-8.643297070E+00
-8.936064372E+00-9.237302860E+00-9.547400934E+00-9.866792850E+00-1.019596350E+01
-1.053545343E+01-1.088586478E+01-1.124786771E+01-1.162220767E+01-1.200971375E+01
-1.241130847E+01-1.282801907E+01-1.326099082E+01-1.371150264E+01-1.418098597E+01
-1.467104739E+01-1.518349628E+01-1.572037903E+01-1.628402240E+01-1.687708947E+01
-1.750265522E+01-1.816431282E+01-1.886633429E+01-1.961393720E+01-2.041379419E+01
-2.127525880E+01-2.221513924E+01-2.319388544E+01-2.408551070E+01-2.488197747E+01
-2.556763684E+01-2.613713730E+01-2.659713653E+01-2.694732493E+01-2.718161173E+01
-2.728572023E+01-2.725468298E+01-2.709368444E+01-2.679884439E+01-2.635765616E+01
-2.574284400E+01-2.496773783E+01-2.420351173E+01-2.345681024E+01-2.273224658E+01
-2.203254481E+01-2.135918304E+01-2.071278365E+01 1.536927476E+00 1.600870218E+00
 1.616139323E+00 1.581845811E+00 1.496306493E+00 1.404583222E+00 1.314743108E+00
 1.226188121E+00 1.138738721E+00 1.052209890E+00 9.664140906E-01 8.811676499E-01
 7.962954269E-01 7.116338401E-01 6.270324986E-01 5.423547108E-01 4.574772320E-01
 3.722894249E-01 2.866920951E-01 2.005961505E-01 1.139212157E-01 2.659428761E-02
-6.145151099E-02-1.502780411E-01-2.399431069E-01-3.305012623E-01-4.220044779E-01
-5.145026802E-01-6.080441975E-01-7.026761158E-01-7.984445835E-01-8.953951185E-01
-9.935728761E-01-1.093022949E+00-1.193790713E+00-1.295922198E+00-1.399464542E+00
-1.504466489E+00-1.610978928E+00-1.719055531E+00-1.828753392E+00-1.940133723E+00
-2.053262539E+00-2.168211375E+00-2.285057914E+00-2.403886632E+00-2.524789301E+00
-2.647865440E+00-2.773222617E+00-2.900976610E+00-3.031251424E+00-3.164179106E+00
-3.299899412E+00-3.438559287E+00-3.580312178E+00-3.725317186E+00-3.873738100E+00
-4.025742357E+00-4.181499851E+00-4.341181901E+00-4.504960209E+00-4.673005690E+00
-4.845487759E+00-5.022573785E+00-5.204428456E+00-5.391213940E+00-5.583089922E+00
-5.780214234E+00-5.982743647E+00-6.190835284E+00-6.404648003E+00-6.624344524E+00
-6.850093395E+00-7.082071716E+00-7.320467580E+00-7.565483379E+00-7.817338529E+00
-8.076273246E+00-8.342551702E+00-8.616465964E+00-8.898339893E+00-9.188533125E+00
-9.487445956E+00-9.795523795E+00-1.011326272E+01-1.044121537E+01-1.077999766E+01
-1.113029606E+01-1.149287661E+01-1.186859484E+01-1.225840766E+01-1.266338725E+01
-1.308473805E+01-1.352381673E+01-1.398215717E+01-1.446150082E+01-1.496383506E+01
-1.549144158E+01-1.604695938E+01-1.663346781E+01-1.725459945E+01-1.791469877E+01
-1.861905363E+01-1.937425003E+01-2.018874497E+01-2.107383276E+01-2.204524381E+01
-2.312503002E+01-2.434844145E+01-2.546948042E+01-2.642680700E+01-2.725202881E+01
-2.794889947E+01-2.851778246E+01-2.892972559E+01-2.918502475E+01-2.930576157E+01
-2.928792086E+01-2.912372988E+01-2.877281835E+01-2.822412584E+01-2.748047290E+01
-2.650951695E+01-2.549459080E+01-2.454663785E+01-2.365665676E+01-2.281881845E+01
-2.202895199E+01-2.128363747E+01 1.412758876E+00 1.470005081E+00 1.480344749E+00
 1.441438440E+00 1.358270950E+00 1.262616665E+00 1.167924407E+00 1.074492628E+00
 9.821591423E-01 8.907502536E-01 8.000939925E-01 7.100251817E-01 6.203882612E-01
 5.310385571E-01 4.418426202E-01 3.526779104E-01 2.634322017E-01 1.740027461E-01
 8.429536476E-02-5.776501882E-03-9.629273383E-02-1.873274315E-01-2.789497525E-01
-3.712246707E-01-4.642136557E-01-5.579752689E-01-6.525656684E-01-7.480390674E-01
-8.444481113E-01-9.418442199E-01-1.040277899E+00-1.139799052E+00-1.240457243E+00
-1.342302040E+00-1.445383310E+00-1.549751604E+00-1.655458529E+00-1.762557188E+00
-1.871102638E+00-1.981152378E+00-2.092766878E+00-2.206010094E+00-2.320950022E+00
-2.437659199E+00-2.556215208E+00-2.676701108E+00-2.799205848E+00-2.923824569E+00
-3.050658810E+00-3.179816653E+00-3.311412716E+00-3.445568034E+00-3.582409847E+00
-3.722071238E+00-3.864690675E+00-4.010411450E+00-4.159381128E+00-4.311750722E+00
-4.467674126E+00-4.627307400E+00-4.790808062E+00-4.958334576E+00-5.130046036E+00
-5.306101693E+00-5.486660997E+00-5.671883711E+00-5.861930189E+00-6.056962285E+00
-6.257143937E+00-6.462642554E+00-6.673630389E+00-6.890286392E+00-7.112798026E+00
-7.341363626E+00-7.576194846E+00-7.817519371E+00-8.065583962E+00-8.320657437E+00
-8.583034306E+00-8.853038392E+00-9.131026770E+00-9.417394101E+00-9.712577560E+00
-1.001706184E+01-1.033138524E+01-1.065614605E+01-1.099201019E+01-1.133971974E+01
-1.170010304E+01-1.207408624E+01-1.246270708E+01-1.286713158E+01-1.328867347E+01
-1.372881832E+01-1.418925279E+01-1.467190082E+01-1.517896852E+01-1.571300109E+01
-1.627695509E+01-1.687429114E+01-1.750909498E+01-1.818623537E+01-1.891157169E+01
-1.969222184E+01-2.053689316E+01-2.145623814E+01-2.246309410E+01-2.357229865E+01
-2.479963980E+01-2.609173797E+01-2.721415135E+01-2.817430474E+01-2.897585613E+01
-2.961355274E+01-3.008171218E+01-3.039261648E+01-3.054982591E+01-3.054778586E+01
-3.037126159E+01-3.000430035E+01-2.944784226E+01-2.869239686E+01-2.771937812E+01
-2.653743631E+01-2.541801826E+01-2.438200537E+01-2.342078808E+01-2.252703813E+01
-2.169433279E+01 1.285343192E+00 1.338590523E+00 1.344306637E+00 1.300801555E+00
 1.210971847E+00 1.110659679E+00 1.011792794E+00 9.142213351E-01 8.177456436E-01
 7.221764492E-01 6.273413215E-01 5.330854845E-01 4.392700638E-01 3.457696202E-01
 2.524697887E-01 1.592653735E-01 6.605887958E-02-2.724060095E-02-1.207182571E-01
-2.144542612E-01-3.085243624E-01-4.030004131E-01-4.979508269E-01-5.934410297E-01
-6.895338239E-01-7.862897622E-01-8.837674705E-01-9.820239400E-01-1.081114822E+00
-1.181094676E+00-1.282017244E+00-1.383935690E+00-1.486902868E+00-1.590971597E+00
-1.696194964E+00-1.802626614E+00-1.910321112E+00-2.019334282E+00-2.129723608E+00
-2.241548625E+00-2.354871329E+00-2.469756611E+00-2.586272657E+00-2.704491353E+00
-2.824488671E+00-2.946345010E+00-3.070145488E+00-3.195980195E+00-3.323944359E+00
-3.454138460E+00-3.586668253E+00-3.721644718E+00-3.859183917E+00-3.999406814E+00
-4.142438911E+00-4.288410071E+00-4.437454017E+00-4.589707935E+00-4.745312126E+00
-4.904409649E+00-5.067145927E+00-5.233668470E+00-5.404126838E+00-5.578672560E+00
-5.757459253E+00-5.940642860E+00-6.128382278E+00-6.320839989E+00-6.518182927E+00
-6.720583662E+00-6.928221854E+00-7.141285594E+00-7.359973494E+00-7.584496655E+00
-7.815080835E+00-8.051969088E+00-8.295424442E+00-8.545732936E+00-8.803206809E+00
-9.068188203E+00-9.341052870E+00-9.622214618E+00-9.912129967E+00-1.021130339E+01
-1.052029328E+01-1.083971864E+01-1.117026676E+01-1.151270198E+01-1.186787572E+01
-1.223673868E+01-1.262035460E+01-1.301991688E+01-1.343676860E+01-1.387242592E+01
-1.432860721E+01-1.480726768E+01-1.531064218E+01-1.584129741E+01-1.640219607E+01
-1.699677563E+01-1.762904418E+01-1.830369517E+01-1.902624064E+01-1.980315665E+01
-2.064202202E+01-2.155161510E+01-2.254191091E+01-2.362391892E+01-2.480934142E+01
-2.611239309E+01-2.736907413E+01-2.843514181E+01-2.929768851E+01-2.998853964E+01
-3.051707236E+01-3.088609894E+01-3.108154547E+01-3.108399315E+01-3.091707977E+01
-3.058009783E+01-3.006536205E+01-2.934702568E+01-2.839625556E+01-2.722749003E+01
-2.597600445E+01-2.482529854E+01-2.376760540E+01-2.279373253E+01-2.189496706E+01
 1.149380312E+00 1.198887302E+00 1.200086819E+00 1.152155471E+00 1.052533646E+00
 9.482208027E-01 8.460523176E-01 7.451996916E-01 6.453771307E-01 5.463640780E-01
 4.479902226E-01 3.501210002E-01 2.526451621E-01 1.554659671E-01 5.849560449E-02
-3.834810984E-02-1.351435898E-01-2.319664729E-01-3.288901257E-01-4.259858992E-01
-5.233232557E-01-6.209698410E-01-7.189915738E-01-8.174526985E-01-9.164158875E-01
-1.015942355E+00-1.116091957E+00-1.216923355E+00-1.318494138E+00-1.420860998E+00
-1.524079906E+00-1.628206284E+00-1.733295241E+00-1.839401765E+00-1.946580988E+00
-2.054888443E+00-2.164380337E+00-2.275113866E+00-2.387147518E+00-2.500541409E+00
-2.615357611E+00-2.731660500E+00-2.849517082E+00-2.968997309E+00-3.090174397E+00
-3.213125093E+00-3.337929916E+00-3.464673367E+00-3.593444084E+00-3.724334944E+00
-3.857443126E+00-3.992870129E+00-4.130721622E+00-4.271107549E+00-4.414141773E+00
-4.559942020E+00-4.708629678E+00-4.860329603E+00-5.015169883E+00-5.173281756E+00
-5.334799377E+00-5.499860012E+00-5.668603725E+00-5.841173852E+00-6.017717075E+00
-6.198383899E+00-6.383329242E+00-6.572713026E+00-6.766701278E+00-6.965466962E+00
-7.169191471E+00-7.378066011E+00-7.592293249E+00-7.812089095E+00-8.037684979E+00
-8.269329865E+00-8.507293046E+00-8.751866668E+00-9.003368801E+00-9.262146749E+00
-9.528580674E+00-9.803087618E+00-1.008612579E+01-1.037819975E+01-1.067986564E+01
-1.099173770E+01-1.131449514E+01-1.164889048E+01-1.199575858E+01-1.235602766E+01
-1.273073187E+01-1.312102568E+01-1.352820150E+01-1.395370971E+01-1.439918276E+01
-1.486646367E+01-1.535763970E+01-1.587508208E+01-1.642149306E+01-1.699996035E+01
-1.761401964E+01-1.826772458E+01-1.896572139E+01-1.971332433E+01-2.051658435E+01
-2.138234261E+01-2.231826261E+01-2.333284299E+01-2.443542488E+01-2.563619574E+01
-2.692696073E+01-2.804474363E+01-2.896338171E+01-2.970166441E+01-3.026697756E+01
-3.065907302E+01-3.086744991E+01-3.090304655E+01-3.077548724E+01-3.048180304E+01
-3.001074480E+01-2.934117052E+01-2.847489937E+01-2.741198756E+01-2.614853424E+01
-2.491877319E+01-2.379919278E+01-2.277787836E+01-2.184319054E+01 9.879841163E-01
 1.029272570E+00 1.025290128E+00 9.740424181E-01 8.800023312E-01 7.746449204E-01
 6.705691663E-01 5.675642002E-01 4.652725571E-01 3.634998994E-01 2.621395491E-01
 1.611241606E-01 6.040122072E-02-4.007824497E-02-1.403644031E-01-2.405102252E-01
-3.405716836E-01-4.406073482E-01-5.406777854E-01-6.408449122E-01-7.411714364E-01
-8.417203732E-01-9.425546627E-01-1.043736871E+00-1.145328985E+00-1.247392270E+00
-1.349987201E+00-1.453173427E+00-1.557009783E+00-1.661554369E+00-1.766864599E+00
-1.872997355E+00-1.980009103E+00-2.087956091E+00-2.196894509E+00-2.306880718E+00
-2.417971487E+00-2.530224227E+00-2.643697267E+00-2.758450099E+00-2.874543696E+00
-2.992040751E+00-3.111005971E+00-3.231506351E+00-3.353611402E+00-3.477393417E+00
-3.602927650E+00-3.730292528E+00-3.859569777E+00-3.990844536E+00-4.124205542E+00
-4.259744931E+00-4.397558562E+00-4.537745838E+00-4.680409592E+00-4.825656240E+00
-4.973595588E+00-5.124340831E+00-5.278008433E+00-5.434718285E+00-5.594593588E+00
-5.757760972E+00-5.924350770E+00-6.094497174E+00-6.268338517E+00-6.446017974E+00
-6.627683923E+00-6.813490690E+00-7.003599577E+00-7.198179646E+00-7.397409137E+00
-7.601476459E+00-7.810582035E+00-8.024939685E+00-8.244778634E+00-8.470345402E+00
-8.701906170E+00-8.939749105E+00-9.184187036E+00-9.435560294E+00-9.694240138E+00
-9.960631906E+00-1.023517927E+01-1.051836815E+01-1.081073173E+01-1.111285572E+01
-1.142538429E+01-1.174902679E+01-1.208456549E+01-1.243286414E+01-1.279487798E+01
-1.317166479E+01-1.356439796E+01-1.397438114E+01-1.440306508E+01-1.485206672E+01
-1.532319079E+01-1.581845414E+01-1.634011236E+01-1.689068905E+01-1.747300667E+01
-1.809021845E+01-1.874584009E+01-1.944378169E+01-2.018838041E+01-2.098444227E+01
-2.183730953E+01-2.275299074E+01-2.373841727E+01-2.480191908E+01-2.595442708E+01
-2.709483557E+01-2.803849007E+01-2.879129489E+01-2.934397149E+01-2.972215571E+01
-2.994462562E+01-3.001652893E+01-2.993303031E+01-2.967067728E+01-2.924380575E+01
-2.866005869E+01-2.791473755E+01-2.699283694E+01-2.586004872E+01-2.459951775E+01
-2.346290451E+01-2.243825077E+01-2.150813944E+01 8.189526269E-01 8.514299685E-01
 8.415959347E-01 7.884649223E-01 6.941286754E-01 5.900853783E-01 4.863635986E-01
 3.824497004E-01 2.783655472E-01 1.742420443E-01 7.019018660E-02-3.371753203E-02
-1.374428189E-01-2.409741711E-01-3.443203829E-01-4.475054782E-01-5.505648467E-01
-6.535423199E-01-7.564878916E-01-8.594560155E-01-9.625042300E-01-1.065692131E+00
-1.169080565E+00-1.272730997E+00-1.376705058E+00-1.481064203E+00-1.585869453E+00
-1.691181255E+00-1.797059370E+00-1.903562853E+00-2.010750058E+00-2.118678702E+00
-2.227405932E+00-2.336988480E+00-2.447482781E+00-2.558945148E+00-2.671431974E+00
-2.784999935E+00-2.899706190E+00-3.015608633E+00-3.132766114E+00-3.251238683E+00
-3.371087817E+00-3.492376653E+00-3.615170217E+00-3.739535617E+00-3.865542242E+00
-3.993261954E+00-4.122769165E+00-4.254141101E+00-4.387457823E+00-4.522802265E+00
-4.660260396E+00-4.799921338E+00-4.941877166E+00-5.086223188E+00-5.233057901E+00
-5.382482954E+00-5.534603388E+00-5.689527549E+00-5.847367370E+00-6.008238449E+00
-6.172260481E+00-6.339557219E+00-6.510257301E+00-6.684494369E+00-6.862407858E+00
-7.044143622E+00-7.229854807E+00-7.419702596E+00-7.613857389E+00-7.812500029E+00
-8.015822902E+00-8.224031555E+00-8.437346150E+00-8.656003359E+00-8.880258014E+00
-9.110385439E+00-9.346683412E+00-9.589474771E+00-9.839109972E+00-1.009596997E+01
-1.036046935E+01-1.063305972E+01-1.091423344E+01-1.120452774E+01-1.150452921E+01
-1.181487873E+01-1.213627685E+01-1.246948982E+01-1.281535616E+01-1.317479368E+01
-1.354880734E+01-1.393849747E+01-1.434506860E+01-1.476983850E+01-1.521424741E+01
-1.567986659E+01-1.616840594E+01-1.668171964E+01-1.722180839E+01-1.779081758E+01
-1.839102898E+01-1.902484634E+01-1.969477483E+01-2.040339930E+01-2.115337392E+01
-2.194745356E+01-2.278864290E+01-2.368066641E+01-2.462938678E+01-2.564262235E+01
-2.653087248E+01-2.721401558E+01-2.771709368E+01-2.807130962E+01-2.828695267E+01
-2.836565742E+01-2.829380770E+01-2.807229929E+01-2.771814256E+01-2.723241789E+01
-2.660996618E+01-2.583079346E+01-2.489011045E+01-2.379530455E+01-2.271063866E+01
-2.174961140E+01-2.087926695E+01 6.346168960E-01 6.504623685E-01 6.331019920E-01
 5.802922960E-01 4.983202419E-01 4.010531066E-01 2.980527077E-01 1.927296156E-01
 8.636632101E-02-2.043336705E-02-1.273473723E-01-2.341957569E-01-3.408799105E-01
-4.473519197E-01-5.535974323E-01-6.596252406E-01-7.654605442E-01-8.711403392E-01
-9.767101433E-01-1.082221601E+00-1.187730667E+00-1.293296232E+00-1.398979092E+00
-1.504841117E+00-1.610944642E+00-1.717352011E+00-1.824125225E+00-1.931325692E+00
-2.039014095E+00-2.147250272E+00-2.256093191E+00-2.365600974E+00-2.475830926E+00
-2.586839643E+00-2.698683119E+00-2.811416876E+00-2.925096143E+00-3.039776013E+00
-3.155511643E+00-3.272358442E+00-3.390372294E+00-3.509609743E+00-3.630128210E+00
-3.751986208E+00-3.875243532E+00-3.999961437E+00-4.126202886E+00-4.254032596E+00
-4.383517310E+00-4.514725897E+00-4.647729553E+00-4.782601716E+00-4.919418468E+00
-5.058258408E+00-5.199202780E+00-5.342335739E+00-5.487744278E+00-5.635518426E+00
-5.785751322E+00-5.938539533E+00-6.093983093E+00-6.252185703E+00-6.413255315E+00
-6.577304099E+00-6.744449110E+00-6.914812683E+00-7.088522984E+00-7.265714600E+00
-7.446529407E+00-7.631117203E+00-7.819636725E+00-8.012256603E+00-8.209156537E+00
-8.410528322E+00-8.616577464E+00-8.827524166E+00-9.043605335E+00-9.265075765E+00
-9.492210228E+00-9.725305203E+00-9.964680846E+00-1.021068332E+01-1.046368680E+01
-1.072409615E+01-1.099234930E+01-1.126892005E+01-1.155432104E+01-1.184910641E+01
-1.215387526E+01-1.246927450E+01-1.279600208E+01-1.313480993E+01-1.348650673E+01
-1.385196004E+01-1.423209755E+01-1.462790729E+01-1.504043558E+01-1.547078260E+01
-1.592009373E+01-1.638954585E+01-1.688032619E+01-1.739360148E+01-1.793047407E+01
-1.849192046E+01-1.907870599E+01-1.969126593E+01-2.032953541E+01-2.099269365E+01
-2.167874429E+01-2.238372004E+01-2.309978844E+01-2.380848016E+01-2.445653542E+01
-2.499189149E+01-2.540566121E+01-2.569843126E+01-2.587183725E+01-2.592745851E+01
-2.586664226E+01-2.569060315E+01-2.540068142E+01-2.499866815E+01-2.448720397E+01
-2.387050320E+01-2.315612936E+01-2.236087294E+01-2.153473249E+01-2.074018987E+01
-1.999019314E+01 4.988778551E-01 5.185233589E-01 4.967913078E-01 4.322459115E-01
 3.295007695E-01 2.202644975E-01 1.107064225E-01 6.365169274E-04-1.097204022E-01
-2.201223065E-01-3.303924220E-01-4.404169633E-01-5.501307106E-01-6.595042574E-01
-7.685345424E-01-8.772379400E-01-9.856452564E-01-1.093797999E+00-1.201745538E+00
-1.309542950E+00-1.417249327E+00-1.524926458E+00-1.632637795E+00-1.740447637E+00
-1.848420518E+00-1.956620725E+00-2.065111922E+00-2.173956917E+00-2.283217470E+00
-2.392954187E+00-2.503226474E+00-2.614092538E+00-2.725609426E+00-2.837833073E+00
-2.950818445E+00-3.064619617E+00-3.179289952E+00-3.294882229E+00-3.411448828E+00
-3.529041919E+00-3.647713616E+00-3.767516199E+00-3.888502288E+00-4.010725028E+00
-4.134238318E+00-4.259096893E+00-4.385356663E+00-4.513074715E+00-4.642309599E+00
-4.773121436E+00-4.905572005E+00-5.039725054E+00-5.175646301E+00-5.313403551E+00
-5.453067014E+00-5.594709225E+00-5.738405356E+00-5.884233300E+00-6.032273944E+00
-6.182611248E+00-6.335332520E+00-6.490528811E+00-6.648295034E+00-6.808730477E+00
-6.971938993E+00-7.138029721E+00-7.307117390E+00-7.479322955E+00-7.654774268E+00
-7.833606704E+00-8.015963912E+00-8.201998723E+00-8.391874012E+00-8.585763609E+00
-8.783853320E+00-8.986342152E+00-9.193443332E+00-9.405385494E+00-9.622414057E+00
-9.844792482E+00-1.007280366E+01-1.030675119E+01-1.054696099E+01-1.079378262E+01
-1.104759063E+01-1.130878599E+01-1.157779746E+01-1.185508244E+01-1.214112812E+01
-1.243645176E+01-1.274160105E+01-1.305715324E+01-1.338371353E+01-1.372191239E+01
-1.407240093E+01-1.443584385E+01-1.481290949E+01-1.520425577E+01-1.561051060E+01
-1.603224515E+01-1.646993776E+01-1.692392553E+01-1.739433880E+01-1.788101331E+01
-1.838337028E+01-1.890025068E+01-1.942967988E+01-1.996852338E+01-2.051196641E+01
-2.105271836E+01-2.157987979E+01-2.207789946E+01-2.252754501E+01-2.291058498E+01
-2.321416532E+01-2.343091171E+01-2.355708098E+01-2.359109716E+01-2.353277710E+01
-2.338301597E+01-2.314376380E+01-2.281822872E+01-2.241132065E+01-2.193041174E+01
-2.138648650E+01-2.079536044E+01-2.017717113E+01-1.955185234E+01-1.893393721E+01
 3.447604268E-01 3.634770861E-01 3.376899485E-01 2.657185326E-01 1.548795396E-01
 3.673699341E-02-8.015617948E-02-1.960724047E-01-3.112480602E-01-4.257799359E-01
-5.397024104E-01-6.530305359E-01-7.657795400E-01-8.779722745E-01-9.896411687E-01
-1.100827844E+00-1.211581853E+00-1.321959119E+00-1.432020473E+00-1.541830300E+00
-1.651455383E+00-1.760963915E+00-1.870424723E+00-1.979906602E+00-2.089477803E+00
-2.199205640E+00-2.309156200E+00-2.419394122E+00-2.529982469E+00-2.640982629E+00
-2.752454302E+00-2.864455509E+00-2.977042626E+00-3.090270480E+00-3.204192439E+00
-3.318860536E+00-3.434325596E+00-3.550637413E+00-3.667844888E+00-3.785996199E+00
-3.905138996E+00-4.025320549E+00-4.146587964E+00-4.268988343E+00-4.392568966E+00
-4.517377504E+00-4.643462105E+00-4.770871662E+00-4.899655936E+00-5.029865793E+00
-5.161553239E+00-5.294771698E+00-5.429576095E+00-5.566023046E+00-5.704171097E+00
-5.844080766E+00-5.985814895E+00-6.129438571E+00-6.275019679E+00-6.422628902E+00
-6.572339994E+00-6.724230139E+00-6.878380184E+00-7.034875073E+00-7.193804126E+00
-7.355261505E+00-7.519346576E+00-7.686164573E+00-7.855827037E+00-8.028452244E+00
-8.204166113E+00-8.383102681E+00-8.565404770E+00-8.751224737E+00-8.940725339E+00
-9.134080328E+00-9.331475313E+00-9.533108590E+00-9.739191931E+00-9.949951250E+00
-1.016562751E+01-1.038647733E+01-1.061277357E+01-1.084480591E+01-1.108288114E+01
-1.132732337E+01-1.157847386E+01-1.183669057E+01-1.210234715E+01-1.237583152E+01
-1.265754329E+01-1.294789061E+01-1.324728533E+01-1.355613666E+01-1.387484271E+01
-1.420377909E+01-1.454328427E+01-1.489364035E+01-1.525504814E+01-1.562759552E+01
-1.601121613E+01-1.640563724E+01-1.681031275E+01-1.722433734E+01-1.764633708E+01
-1.807432968E+01-1.850554782E+01-1.893622099E+01-1.936132334E+01-1.977432776E+01
-2.016707788E+01-2.052998710E+01-2.085276912E+01-2.112560310E+01-2.134022000E+01
-2.149043493E+01-2.157213008E+01-2.158298539E+01-2.152220342E+01-2.139033553E+01
-2.118923268E+01-2.092211160E+01-2.059371400E+01-2.021050776E+01-1.978081406E+01
-1.931464259E+01-1.882299278E+01-1.831665215E+01-1.780499598E+01 1.825131761E-01
 1.989510281E-01 1.694059829E-01 9.183648882E-02-3.303317925E-02-1.575913368E-01
-2.800890208E-01-4.010515306E-01-5.206958162E-01-6.391792431E-01-7.566175308E-01
-8.731011084E-01-9.887074032E-01-1.103508642E+00-1.217576117E+00-1.330982226E+00
-1.443801116E+00-1.556108621E+00-1.667981831E+00-1.779498491E+00-1.890736413E+00
-2.001772906E+00-2.112684276E+00-2.223545435E+00-2.334429555E+00-2.445407840E+00
-2.556549345E+00-2.667920846E+00-2.779586797E+00-2.891609303E+00-3.004048133E+00
-3.116960786E+00-3.230402566E+00-3.344426671E+00-3.459084319E+00-3.574424882E+00
-3.690496024E+00-3.807343868E+00-3.925013137E+00-4.043547338E+00-4.162988914E+00
-4.283379461E+00-4.404759873E+00-4.527170496E+00-4.650651360E+00-4.775242296E+00
-4.900983217E+00-5.027914113E+00-5.156075447E+00-5.285508154E+00-5.416253879E+00
-5.548355174E+00-5.681855654E+00-5.816800154E+00-5.953234969E+00-6.091208009E+00
-6.230768995E+00-6.371969659E+00-6.514864094E+00-6.659508762E+00-6.805962996E+00
-6.954289088E+00-7.104552715E+00-7.256823220E+00-7.411173925E+00-7.567682526E+00
-7.726431523E+00-7.887508503E+00-8.051006762E+00-8.217025625E+00-8.385670959E+00
-8.557055720E+00-8.731300393E+00-8.908533378E+00-9.088891706E+00-9.272521391E+00
-9.459577902E+00-9.650226519E+00-9.844642805E+00-1.004301288E+01-1.024553347E+01
-1.045241228E+01-1.066386755E+01-1.088012806E+01-1.110143258E+01-1.132802889E+01
-1.156017265E+01-1.179812578E+01-1.204215400E+01-1.229252388E+01-1.254949888E+01
-1.281333411E+01-1.308426987E+01-1.336252341E+01-1.364827820E+01-1.394167124E+01
-1.424277636E+01-1.455158427E+01-1.486797727E+01-1.519169889E+01-1.552231592E+01
-1.585917323E+01-1.620133837E+01-1.654753637E+01-1.689607280E+01-1.724474677E+01
-1.759075656E+01-1.793060755E+01-1.826004004E+01-1.857400933E+01-1.886676071E+01
-1.913204107E+01-1.936345499E+01-1.955490842E+01-1.970103253E+01-1.979748777E+01
-1.984111606E+01-1.982997333E+01-1.976330217E+01-1.964149270E+01-1.946605868E+01
-1.923963333E+01-1.896596988E+01-1.864991520E+01-1.829730714E+01-1.791474798E+01
-1.750923461E+01-1.708769399E+01-1.665653586E+01-8.878600331E-03 3.275133526E-03
-3.074041492E-02-1.124474240E-01-2.357914762E-01-3.646608960E-01-4.915798310E-01
-6.166809402E-01-7.401164435E-01-8.620300139E-01-9.825536585E-01-1.101808802E+00
-1.219908827E+00-1.336961546E+00-1.453071036E+00-1.568338734E+00-1.682864017E+00
-1.796744299E+00-1.910074981E+00-2.022949212E+00-2.135457668E+00-2.247688300E+00
-2.359726125E+00-2.471653080E+00-2.583547909E+00-2.695486081E+00-2.807539792E+00
-2.919777954E+00-3.032266261E+00-3.145067249E+00-3.258240385E+00-3.371842190E+00
-3.485926359E+00-3.600543887E+00-3.715743231E+00-3.831570453E+00-3.948069392E+00
-4.065281761E+00-4.183247482E+00-4.302004615E+00-4.421589802E+00-4.542038147E+00
-4.663383691E+00-4.785659332E+00-4.908897142E+00-5.033128561E+00-5.158384438E+00
-5.284695348E+00-5.412091706E+00-5.540603968E+00-5.670262827E+00-5.801099288E+00
-5.933144991E+00-6.066432360E+00-6.200994767E+00-6.336866843E+00-6.474084482E+00
-6.612685270E+00-6.752708605E+00-6.894196056E+00-7.037191432E+00-7.181741266E+00
-7.327894884E+00-7.475704925E+00-7.625227452E+00-7.776522472E+00-7.929654087E+00
-8.084690929E+00-8.241706558E+00-8.400779654E+00-8.561994570E+00-8.725441453E+00
-8.891216829E+00-9.059423570E+00-9.230171522E+00-9.403577425E+00-9.579765227E+00
-9.758866169E+00-9.941018737E+00-1.012636855E+01-1.031506821E+01-1.050727664E+01
-1.070315873E+01-1.090288430E+01-1.110662693E+01-1.131456239E+01-1.152686675E+01
-1.174371388E+01-1.196527202E+01-1.219170029E+01-1.242314337E+01-1.265972592E+01
-1.290154507E+01-1.314866171E+01-1.340108961E+01-1.365878262E+01-1.392161908E+01
-1.418938348E+01-1.446174455E+01-1.473822945E+01-1.501819413E+01-1.530078903E+01
-1.558492037E+01-1.586920802E+01-1.615194093E+01-1.643103319E+01-1.670398588E+01
-1.696786212E+01-1.721928672E+01-1.745448297E+01-1.766935927E+01-1.785965117E+01
-1.802111209E+01-1.814972998E+01-1.824193886E+01-1.829479469E+01-1.830610021E+01
-1.827447891E+01-1.819940878E+01-1.808122987E+01-1.792113535E+01-1.772114872E+01
-1.748408223E+01-1.721346592E+01-1.691343493E+01-1.658856802E+01-1.624368154E+01
-1.588360114E+01-1.551294367E+01-2.112610067E-01-2.038367187E-01-2.420993861E-01
-3.277679756E-01-4.528315831E-01-5.853636180E-01-7.159507340E-01-8.444585876E-01
-9.710069327E-01-1.095730152E+00-1.218767893E+00-1.340260853E+00-1.460348289E+00
-1.579166594E+00-1.696848459E+00-1.813522355E+00-1.929312214E+00-2.044337178E+00
-2.158711443E+00-2.272544170E+00-2.385939448E+00-2.498996278E+00-2.611808652E+00
-2.724465619E+00-2.837051408E+00-2.949645558E+00-3.062323072E+00-3.175154578E+00
-3.288206507E+00-3.401541264E+00-3.515217402E+00-3.629289811E+00-3.743809904E+00
-3.858825786E+00-3.974382438E+00-4.090521887E+00-4.207283410E+00-4.324703649E+00
-4.442816920E+00-4.561655256E+00-4.681248598E+00-4.801625000E+00-4.922810859E+00
-5.044830957E+00-5.167708815E+00-5.291466616E+00-5.416125634E+00-5.541706319E+00
-5.668228369E+00-5.795711090E+00-5.924173473E+00-6.053634390E+00-6.184112870E+00
-6.315628181E+00-6.448200060E+00-6.581849075E+00-6.716596540E+00-6.852465149E+00
-6.989478778E+00-7.127663156E+00-7.267045702E+00-7.407656166E+00-7.549526616E+00
-7.692691882E+00-7.837189827E+00-7.983061425E+00-8.130351436E+00-8.279108318E+00
-8.429384710E+00-8.581237623E+00-8.734728637E+00-8.889924219E+00-9.046895879E+00
-9.205720208E+00-9.366479118E+00-9.529259641E+00-9.694154050E+00-9.861259544E+00
-1.003067809E+01-1.020251590E+01-1.037688271E+01-1.055389124E+01-1.073365598E+01
-1.091629186E+01-1.110191278E+01-1.129062945E+01-1.148254696E+01-1.167776191E+01
-1.187635877E+01-1.207840554E+01-1.228394884E+01-1.249300757E+01-1.270556609E+01
-1.292156547E+01-1.314089384E+01-1.336337490E+01-1.358875456E+01-1.381668580E+01
-1.404671145E+01-1.427824480E+01-1.451054840E+01-1.474271103E+01-1.497362404E+01
-1.520195758E+01-1.542613875E+01-1.564433483E+01-1.585444398E+01-1.605409899E+01
-1.624068846E+01-1.641140020E+01-1.656328972E+01-1.669337338E+01-1.679874112E+01
-1.687667901E+01-1.692479003E+01-1.694110138E+01-1.692415046E+01-1.687304620E+01
-1.678750635E+01-1.666787290E+01-1.651510837E+01-1.633077368E+01-1.611698649E+01
-1.587635834E+01-1.561190876E+01-1.532695767E+01-1.502500129E+01-1.470958129E+01
-1.438415995E+01-4.197413630E-01-4.158532508E-01-4.581880610E-01-5.482341621E-01
-6.842588395E-01-8.206698419E-01-9.543488748E-01-1.085619871E+00-1.214611799E+00
-1.341472127E+00-1.466361524E+00-1.589447371E+00-1.710898702E+00-1.830882499E+00
-1.949561121E+00-2.067090634E+00-2.183619773E+00-2.299289421E+00-2.414232418E+00
-2.528573589E+00-2.642429920E+00-2.755910863E+00-2.869118647E+00-2.982148631E+00
-3.095089683E+00-3.208024517E+00-3.321030042E+00-3.434177688E+00-3.547533712E+00
-3.661159490E+00-3.775111770E+00-3.889442957E+00-4.004201305E+00-4.119431223E+00
-4.235173371E+00-4.351464940E+00-4.468339933E+00-4.585829121E+00-4.703960437E+00
-4.822759097E+00-4.942247716E+00-5.062446546E+00-5.183373631E+00-5.305044967E+00
-5.427474738E+00-5.550675315E+00-5.674657652E+00-5.799431322E+00-5.925004718E+00
-6.051385325E+00-6.178579683E+00-6.306593861E+00-6.435433491E+00-6.565103972E+00
-6.695610702E+00-6.826959393E+00-6.959156034E+00-7.092207520E+00-7.226121455E+00
-7.360906744E+00-7.496573629E+00-7.633134167E+00-7.770602148E+00-7.908993726E+00
-8.048327497E+00-8.188624657E+00-8.329909556E+00-8.472209615E+00-8.615555684E+00
-8.759982317E+00-8.905527769E+00-9.052234158E+00-9.200147700E+00-9.349318393E+00
-9.499800291E+00-9.651651077E+00-9.804932014E+00-9.959707482E+00-1.011604434E+01
-1.027401150E+01-1.043367893E+01-1.059511661E+01-1.075839313E+01-1.092357437E+01
-1.109072131E+01-1.125988802E+01-1.143111888E+01-1.160444551E+01-1.177988308E+01
-1.195742617E+01-1.213704372E+01-1.231867362E+01-1.250221599E+01-1.268752586E+01
-1.287440487E+01-1.306259179E+01-1.325175202E+01-1.344146609E+01-1.363121707E+01
-1.382037731E+01-1.400819469E+01-1.419377882E+01-1.437608804E+01-1.455391859E+01
-1.472589643E+01-1.489047466E+01-1.504593764E+01-1.519041471E+01-1.532190476E+01
-1.543831425E+01-1.553750790E+01-1.561737130E+01-1.567588262E+01-1.571118826E+01
-1.572167736E+01-1.570604973E+01-1.566337309E+01-1.559312636E+01-1.549522793E+01
-1.537004864E+01-1.521840911E+01-1.504156260E+01-1.484116216E+01-1.461921374E+01
-1.437801564E+01-1.412008612E+01-1.384808370E+01-1.356472443E+01-1.327270240E+01
-6.555921866E-01-6.569320122E-01-7.037725607E-01-7.975491062E-01-9.327379724E-01
-1.071899840E+00-1.208081736E+00-1.341440891E+00-1.472141102E+00-1.600371739E+00
-1.726337590E+00-1.850250017E+00-1.972320038E+00-2.092753328E+00-2.211746857E+00
-2.329486880E+00-2.446147908E+00-2.561892407E+00-2.676870934E+00-2.791222600E+00
-2.905075681E+00-3.018548291E+00-3.131749106E+00-3.244778038E+00-3.357726875E+00
-3.470679892E+00-3.583714383E+00-3.696901140E+00-3.810304916E+00-3.923984806E+00
-4.037994609E+00-4.152383077E+00-4.267194379E+00-4.382468187E+00-4.498239963E+00
-4.614541225E+00-4.731399709E+00-4.848839609E+00-4.966881764E+00-5.085543748E+00
-5.204840178E+00-5.324782676E+00-5.445380344E+00-5.566639643E+00-5.688564671E+00
-5.811157437E+00-5.934417783E+00-6.058343779E+00-6.182931761E+00-6.308176646E+00
-6.434071972E+00-6.560610176E+00-6.687782707E+00-6.815580465E+00-6.943993638E+00
-7.073012298E+00-7.202626399E+00-7.332826012E+00-7.463601760E+00-7.594944896E+00
-7.726847540E+00-7.859303073E+00-7.992306335E+00-8.125853739E+00-8.259943867E+00
-8.394577271E+00-8.529757103E+00-8.665489076E+00-8.801781699E+00-8.938646478E+00
-9.076097991E+00-9.214153926E+00-9.352835128E+00-9.492165392E+00-9.632171510E+00
-9.772882796E+00-9.914330808E+00-1.005654884E+01-1.019957120E+01-1.034343250E+01
-1.048816648E+01-1.063380496E+01-1.078037624E+01-1.092790344E+01-1.107640253E+01
-1.122587999E+01-1.137633009E+01-1.152773196E+01-1.168004600E+01-1.183320996E+01
-1.198713460E+01-1.214169862E+01-1.229674326E+01-1.245206606E+01-1.260741424E+01
-1.276247740E+01-1.291687984E+01-1.307017240E+01-1.322182386E+01-1.337121282E+01
-1.351761954E+01-1.366021876E+01-1.379807419E+01-1.393013491E+01-1.405523536E+01
-1.417209932E+01-1.427934932E+01-1.437552246E+01-1.445909341E+01-1.452850460E+01
-1.458220384E+01-1.461868799E+01-1.463655066E+01-1.463453176E+01-1.461156603E+01
-1.456682723E+01-1.449976613E+01-1.441013984E+01-1.429803117E+01-1.416385755E+01
-1.400836848E+01-1.383263247E+01-1.363801269E+01-1.342613309E+01-1.319883540E+01
-1.295812905E+01-1.270613675E+01-1.244503787E+01-1.217701360E+01-9.085646707E-01
-9.157080332E-01-9.670970367E-01-1.064415131E+00-1.199513564E+00-1.340783082E+00
-1.478752820E+00-1.613368175E+00-1.744869948E+00-1.873528043E+00-1.999622918E+00
-2.123433719E+00-2.245229994E+00-2.365266554E+00-2.483780661E+00-2.600990973E+00
-2.717097587E+00-2.832282814E+00-2.946712313E+00-3.060536396E+00-3.173891364E+00
-3.286900805E+00-3.399676774E+00-3.512320874E+00-3.624925216E+00-3.737573248E+00
-3.850340498E+00-3.963295221E+00-4.076498877E+00-4.190006773E+00-4.303868277E+00
-4.418127320E+00-4.532822669E+00-4.647988287E+00-4.763653370E+00-4.879842856E+00
-4.996577470E+00-5.113873916E+00-5.231745040E+00-5.350200217E+00-5.469245162E+00
-5.588882316E+00-5.709111089E+00-5.829927659E+00-5.951325565E+00-6.073295508E+00
-6.195825668E+00-6.318901941E+00-6.442507897E+00-6.566625216E+00-6.691233606E+00
-6.816311163E+00-6.941834600E+00-7.067779215E+00-7.194119438E+00-7.320828831E+00
-7.447880367E+00-7.575246624E+00-7.702900260E+00-7.830813969E+00-7.958960922E+00
-8.087314996E+00-8.215851056E+00-8.344545145E+00-8.473374808E+00-8.602319358E+00
-8.731360004E+00-8.860480157E+00-8.989665515E+00-9.118904260E+00-9.248187171E+00
-9.377507551E+00-9.506861183E+00-9.636246414E+00-9.765663637E+00-9.895115138E+00
-1.002460470E+01-1.015413685E+01-1.028371620E+01-1.041334657E+01-1.054302982E+01
-1.067276456E+01-1.080254473E+01-1.093235764E+01-1.106218213E+01-1.119198622E+01
-1.132172462E+01-1.145133573E+01-1.158073853E+01-1.170982921E+01-1.183847709E+01
-1.196652062E+01-1.209376277E+01-1.221996639E+01-1.234484892E+01-1.246807728E+01
-1.258926235E+01-1.270795376E+01-1.282363460E+01-1.293571684E+01-1.304353726E+01
-1.314635497E+01-1.324334998E+01-1.333362431E+01-1.341620583E+01-1.349005518E+01
-1.355407663E+01-1.360713327E+01-1.364806678E+01-1.367572133E+01-1.368897196E+01
-1.368675563E+01-1.366810499E+01-1.363218188E+01-1.357831058E+01-1.350600741E+01
-1.341500656E+01-1.330527980E+01-1.317704964E+01-1.303079453E+01-1.286724682E+01
-1.268738209E+01-1.249240109E+01-1.228370432E+01-1.206286046E+01-1.183156977E+01
-1.159162398E+01-1.134486477E+01-1.109314232E+01-1.173334988E+00-1.185163111E+00
-1.241064728E+00-1.342316818E+00-1.486271164E+00-1.629592574E+00-1.768341833E+00
-1.903060580E+00-2.034143941E+00-2.161998130E+00-2.287020275E+00-2.409584555E+00
-2.530034984E+00-2.648682939E+00-2.765807514E+00-2.881657544E+00-2.996454287E+00
-3.110394389E+00-3.223652707E+00-3.336384943E+00-3.448729955E+00-3.560811769E+00
-3.672741325E+00-3.784617920E+00-3.896530467E+00-4.008558505E+00-4.120773161E+00
-4.233237726E+00-4.346008424E+00-4.459134857E+00-4.572660483E+00-4.686622928E+00
-4.801054420E+00-4.915981910E+00-5.031427499E+00-5.147408524E+00-5.263937750E+00
-5.381023686E+00-5.498670510E+00-5.616878458E+00-5.735643825E+00-5.854959167E+00
-5.974813411E+00-6.095192019E+00-6.216077065E+00-6.337447470E+00-6.459279121E+00
-6.581544913E+00-6.704215059E+00-6.827257251E+00-6.950636701E+00-7.074316491E+00
-7.198257538E+00-7.322419141E+00-7.446758908E+00-7.571233105E+00-7.695796856E+00
-7.820404419E+00-7.945009500E+00-8.069565450E+00-8.194025423E+00-8.318343008E+00
-8.442472186E+00-8.566367648E+00-8.689985305E+00-8.813282214E+00-8.936217201E+00
-9.058750711E+00-9.180845273E+00-9.302465469E+00-9.423578242E+00-9.544152665E+00
-9.664160093E+00-9.783574051E+00-9.902369874E+00-1.002052444E+01-1.013801571E+01
-1.025482215E+01-1.037092188E+01-1.048629175E+01-1.060090625E+01-1.071473612E+01
-1.082774687E+01-1.093989699E+01-1.105113601E+01-1.116140229E+01-1.127062064E+01
-1.137869968E+01-1.148552897E+01-1.159097598E+01-1.169488288E+01-1.179706307E+01
-1.189729768E+01-1.199533197E+01-1.209087145E+01-1.218357853E+01-1.227306882E+01
-1.235890798E+01-1.244060908E+01-1.251763046E+01-1.258937452E+01-1.265518772E+01
-1.271436236E+01-1.276613964E+01-1.280971537E+01-1.284424808E+01-1.286886968E+01
-1.288269924E+01-1.288485958E+01-1.287449656E+01-1.285080080E+01-1.281303121E+01
-1.276053923E+01-1.269279357E+01-1.260940323E+01-1.251013902E+01-1.239495153E+01
-1.226398505E+01-1.211758649E+01-1.195630901E+01-1.178090947E+01-1.159234002E+01
-1.139173373E+01-1.118038464E+01-1.095972264E+01-1.073128466E+01-1.049668239E+01
-1.025756859E+01-1.001560280E+01-1.470915897E+00-1.489499076E+00-1.550334633E+00
-1.654696339E+00-1.797872550E+00-1.941326168E+00-2.079239490E+00-2.212333854E+00
-2.341265683E+00-2.466654399E+00-2.589058158E+00-2.708966151E+00-2.826800803E+00
-2.942924567E+00-3.057648059E+00-3.171238043E+00-3.283924501E+00-3.395906659E+00
-3.507357975E+00-3.618430184E+00-3.729256612E+00-3.839954816E+00-3.950628726E+00
-4.061370324E+00-4.172261127E+00-4.283373196E+00-4.394770161E+00-4.506507890E+00
-4.618635079E+00-4.731193848E+00-4.844220010E+00-4.957743548E+00-5.071788810E+00
-5.186374827E+00-5.301515506E+00-5.417219633E+00-5.533491384E+00-5.650330169E+00
-5.767730827E+00-5.885683940E+00-6.004175562E+00-6.123187806E+00-6.242698567E+00
-6.362681883E+00-6.483107849E+00-6.603942937E+00-6.725150032E+00-6.846688514E+00
-6.968514610E+00-7.090581239E+00-7.212838402E+00-7.335233383E+00-7.457710749E+00
-7.580212778E+00-7.702679466E+00-7.825048917E+00-7.947257580E+00-8.069240406E+00
-8.190931245E+00-8.312263039E+00-8.433168099E+00-8.553578660E+00-8.673426798E+00
-8.792645059E+00-8.911166703E+00-9.028925894E+00-9.145858095E+00-9.261900306E+00
-9.376991382E+00-9.491072103E+00-9.604085342E+00-9.715976294E+00-9.826692322E+00
-9.936182956E+00-1.004439965E+01-1.015129565E+01-1.025682532E+01-1.036094372E+01
-1.046360576E+01-1.056476531E+01-1.066437414E+01-1.076238037E+01-1.085872723E+01
-1.095335104E+01-1.104617959E+01-1.113712981E+01-1.122610563E+01-1.131299545E+01
-1.139766985E+01-1.147997865E+01-1.155974832E+01-1.163677927E+01-1.171084303E+01
-1.178167960E+01-1.184899491E+01-1.191245827E+01-1.197170071E+01-1.202631299E+01
-1.207584475E+01-1.211980415E+01-1.215765845E+01-1.218883577E+01-1.221272797E+01
-1.222869545E+01-1.223607319E+01-1.223417911E+01-1.222232412E+01-1.219982433E+01
-1.216601523E+01-1.212026761E+01-1.206200498E+01-1.199072202E+01-1.190600353E+01
-1.180754310E+01-1.169516120E+01-1.156882137E+01-1.142864386E+01-1.127491673E+01
-1.110810251E+01-1.092884118E+01-1.073794789E+01-1.053640630E+01-1.032535641E+01
-1.010607772E+01-9.879967713E+00-9.648516553E+00-9.413278222E+00-9.175839760E+00
-8.937789033E+00-1.800184780E+00-1.827499788E+00-1.893614211E+00-2.000025815E+00
-2.138940350E+00-2.279794340E+00-2.414121305E+00-2.542879320E+00-2.667152707E+00
-2.787846414E+00-2.905691014E+00-3.021270982E+00-3.135055075E+00-3.247422486E+00
-3.358683472E+00-3.469095007E+00-3.578872542E+00-3.688198746E+00-3.797230072E+00
-3.906101672E+00-4.014931092E+00-4.123821163E+00-4.232862015E+00-4.342132919E+00
-4.451703454E+00-4.561634610E+00-4.671979498E+00-4.782783938E+00-4.894087132E+00
-5.005921822E+00-5.118314839E+00-5.231287103E+00-5.344854137E+00-5.459025950E+00
-5.573807347E+00-5.689198092E+00-5.805192749E+00-5.921781192E+00-6.038948330E+00
-6.156674307E+00-6.274934656E+00-6.393700339E+00-6.512937748E+00-6.632608904E+00
-6.752671452E+00-6.873078861E+00-6.993780385E+00-7.114721378E+00-7.235843253E+00
-7.357083640E+00-7.478376665E+00-7.599653024E+00-7.720840104E+00-7.841862377E+00
-7.962641439E+00-8.083096325E+00-8.203143782E+00-8.322698474E+00-8.441673406E+00
-8.559980088E+00-8.677528966E+00-8.794229696E+00-8.909991503E+00-9.024723652E+00
-9.138335719E+00-9.250737916E+00-9.361841593E+00-9.471559520E+00-9.579806163E+00
-9.686497954E+00-9.791553654E+00-9.894894502E+00-9.996444183E+00-1.009612902E+01
-1.019387774E+01-1.028962143E+01-1.038329292E+01-1.047482669E+01-1.056415769E+01
-1.065122087E+01-1.073594972E+01-1.081827522E+01-1.089812413E+01-1.097541740E+01
-1.105006813E+01-1.112197967E+01-1.119104323E+01-1.125713582E+01-1.132011788E+01
-1.137983075E+01-1.143609461E+01-1.148870605E+01-1.153743603E+01-1.158202783E+01
-1.162219538E+01-1.165762186E+01-1.168795870E+01-1.171282497E+01-1.173180748E+01
-1.174446168E+01-1.175031317E+01-1.174886052E+01-1.173957893E+01-1.172192540E+01
-1.169534503E+01-1.165927918E+01-1.161317461E+01-1.155649453E+01-1.148873106E+01
-1.140941866E+01-1.131814898E+01-1.121458628E+01-1.109848323E+01-1.096969663E+01
-1.082820241E+01-1.067410969E+01-1.050767284E+01-1.032930141E+01-1.013956678E+01
-9.939205703E+00-9.729119362E+00-9.510368266E+00-9.284162245E+00-9.051845130E+00
-8.814874967E+00-8.574799081E+00-8.333225276E+00-8.091789842E+00-7.852123195E+00
-2.159605388E+00-2.197223098E+00-2.269007716E+00-2.375801661E+00-2.515517384E+00
-2.649395789E+00-2.775210639E+00-2.895392917E+00-3.011542897E+00-3.124761323E+00
-3.235820369E+00-3.345277982E+00-3.453550202E+00-3.560956695E+00-3.667749904E+00
-3.774134098E+00-3.880278107E+00-3.986323948E+00-4.092392917E+00-4.198589657E+00
-4.305005418E+00-4.411719903E+00-4.518803244E+00-4.626316864E+00-4.734314503E+00
-4.842842771E+00-4.951941737E+00-5.061645205E+00-5.171981070E+00-5.282971435E+00
-5.394632768E+00-5.506976181E+00-5.620007307E+00-5.733726502E+00-5.848128957E+00
-5.963204548E+00-6.078938028E+00-6.195309026E+00-6.312292052E+00-6.429856610E+00
-6.547967045E+00-6.666582892E+00-6.785658529E+00-6.905143523E+00-7.024982638E+00
-7.145115789E+00-7.265478204E+00-7.386000502E+00-7.506608807E+00-7.627224875E+00
-7.747766162E+00-7.868146071E+00-7.988274139E+00-8.108056125E+00-8.227394358E+00
-8.346187856E+00-8.464332647E+00-8.581722194E+00-8.698247361E+00-8.813797201E+00
-8.928258953E+00-9.041518594E+00-9.153461199E+00-9.263971484E+00-9.372934050E+00
-9.480234047E+00-9.585757455E+00-9.689391670E+00-9.791025901E+00-9.890551565E+00
-9.987862717E+00-1.008285625E+01-1.017543232E+01-1.026549434E+01-1.035294918E+01
-1.043770699E+01-1.051968113E+01-1.059878779E+01-1.067494527E+01-1.074807341E+01
-1.081809225E+01-1.088492078E+01-1.094847551E+01-1.100866845E+01-1.106540518E+01
-1.111858287E+01-1.116808795E+01-1.121379388E+01-1.125555891E+01-1.129322385E+01
-1.132661005E+01-1.135551745E+01-1.137972291E+01-1.139897869E+01-1.141301128E+01
-1.142152080E+01-1.142418052E+01-1.142063708E+01-1.141051124E+01-1.139339949E+01
-1.136887611E+01-1.133649645E+01-1.129580096E+01-1.124632034E+01-1.118758193E+01
-1.111911720E+01-1.104047036E+01-1.095120839E+01-1.085093213E+01-1.073928853E+01
-1.061598354E+01-1.048079611E+01-1.033359242E+01-1.017434038E+01-1.000312393E+01
-9.820156661E+00-9.625794313E+00-9.420545921E+00-9.205082374E+00-8.980242088E+00
-8.747033290E+00-8.506631533E+00-8.260372215E+00-8.009737102E+00-7.756334626E+00
-7.501873809E+00-7.248131870E+00-6.996916997E+00-6.750026976E+00-2.579429276E+00
-2.637656247E+00-2.716523843E+00-2.816188898E+00-2.937889122E+00-3.052546569E+00
-3.161511018E+00-3.267453578E+00-3.371568538E+00-3.474529098E+00-3.576758033E+00
-3.678543203E+00-3.780093881E+00-3.881570685E+00-3.983102471E+00-4.084796432E+00
-4.186744163E+00-4.289025566E+00-4.391711402E+00-4.494864907E+00-4.598542698E+00
-4.702795638E+00-4.807669116E+00-4.913203359E+00-5.019433628E+00-5.126390182E+00
-5.234098434E+00-5.342578950E+00-5.451847254E+00-5.561913983E+00-5.672784692E+00
-5.784460012E+00-5.896935294E+00-6.010200885E+00-6.124241814E+00-6.239037946E+00
-6.354563792E+00-6.470788501E+00-6.587676023E+00-6.705184713E+00-6.823267647E+00
-6.941872463E+00-7.060941401E+00-7.180411188E+00-7.300213267E+00-7.420273648E+00
-7.540513059E+00-7.660847028E+00-7.781185764E+00-7.901434512E+00-8.021493554E+00
-8.141258322E+00-8.260619603E+00-8.379463690E+00-8.497672702E+00-8.615124696E+00
-8.731693991E+00-8.847251474E+00-8.961665001E+00-9.074799589E+00-9.186518052E+00
-9.296681269E+00-9.405148666E+00-9.511778797E+00-9.616429827E+00-9.718960155E+00
-9.819228967E+00-9.917096830E+00-1.001242624E+01-1.010508237E+01-1.019493356E+01
-1.028185171E+01-1.036571280E+01-1.044639736E+01-1.052379051E+01-1.059778240E+01
-1.066826824E+01-1.073514803E+01-1.079832653E+01-1.085771219E+01-1.091321643E+01
-1.096475191E+01-1.101223101E+01-1.105556373E+01-1.109465564E+01-1.112940532E+01
-1.115970210E+01-1.118542357E+01-1.120643332E+01-1.122257861E+01-1.123368844E+01
-1.123957177E+01-1.124001599E+01-1.123478606E+01-1.122362336E+01-1.120624570E+01
-1.118234712E+01-1.115159870E+01-1.111364981E+01-1.106812956E+01-1.101464969E+01
-1.095280769E+01-1.088219085E+01-1.080238142E+01-1.071296244E+01-1.061352492E+01
-1.050367579E+01-1.038304699E+01-1.025130585E+01-1.010816607E+01-9.953400061E+00
-9.786852105E+00-9.608452037E+00-9.418229995E+00-9.216331167E+00-9.003030992E+00
-8.778749860E+00-8.544067531E+00-8.299735938E+00-8.046689907E+00-7.786054956E+00
-7.519150328E+00-7.247486550E+00-6.972755188E+00-6.696809896E+00-6.421637854E+00
-6.149320758E+00-5.881987072E+00-5.621756712E+00-3.055916782E+00-3.149021784E+00
-3.236547840E+00-3.318386248E+00-3.396035415E+00-3.477272465E+00-3.562652087E+00
-3.650674132E+00-3.740518690E+00-3.831744109E+00-3.924096404E+00-4.017423645E+00
-4.111634433E+00-4.206675441E+00-4.302518657E+00-4.399153206E+00-4.496580034E+00
-4.594808164E+00-4.693852054E+00-4.793729475E+00-4.894460046E+00-4.996063822E+00
-5.098560345E+00-5.201967936E+00-5.306302747E+00-5.411578452E+00-5.517805530E+00
-5.624991151E+00-5.733138429E+00-5.842246417E+00-5.952309836E+00-6.063318679E+00
-6.175258053E+00-6.288108219E+00-6.401844158E+00-6.516435493E+00-6.631846569E+00
-6.748036094E+00-6.864957145E+00-6.982557044E+00-7.100777403E+00-7.219553881E+00
-7.338816270E+00-7.458488371E+00-7.578488077E+00-7.698727173E+00-7.819111612E+00
-7.939541242E+00-8.059910158E+00-8.180106467E+00-8.300012639E+00-8.419505513E+00
-8.538456412E+00-8.656731338E+00-8.774191252E+00-8.890692228E+00-9.006085732E+00
-9.120219051E+00-9.232935417E+00-9.344074672E+00-9.453473505E+00-9.560966007E+00
-9.666384258E+00-9.769558841E+00-9.870319474E+00-9.968495873E+00-1.006391823E+01
-1.015641826E+01-1.024582991E+01-1.033199017E+01-1.041474004E+01-1.049392499E+01
-1.056939586E+01-1.064100918E+01-1.070862798E+01-1.077212211E+01-1.083136904E+01
-1.088625425E+01-1.093667130E+01-1.098252140E+01-1.102371226E+01-1.106015646E+01
-1.109176933E+01-1.111846656E+01-1.114016178E+01-1.115676343E+01-1.116817218E+01
-1.117427792E+01-1.117495697E+01-1.117006985E+01-1.115945901E+01-1.114294726E+01
-1.112033633E+01-1.109140591E+01-1.105591332E+01-1.101359316E+01-1.096415789E+01
-1.090729859E+01-1.084268635E+01-1.076997406E+01-1.068879910E+01-1.059878641E+01
-1.049955242E+01-1.039070979E+01-1.027187275E+01-1.014266368E+01-1.000272036E+01
-9.851704366E+00-9.689310389E+00-9.515276857E+00-9.329397398E+00-9.131533720E+00
-8.921629679E+00-8.699726408E+00-8.465978865E+00-8.220673678E+00-7.964247588E+00
-7.697307422E+00-7.420649714E+00-7.135280325E+00-6.842432019E+00-6.543578483E+00
-6.240442331E+00-5.934993366E+00-5.629434477E+00-5.326171026E+00-5.027762820E+00
-4.736857762E+00-4.456111912E+00-3.500057244E+00-3.617805800E+00-3.712731215E+00
-3.784177665E+00-3.835307363E+00-3.893312661E+00-3.959841998E+00-4.032379471E+00
-4.109312991E+00-4.189600291E+00-4.272551767E+00-4.357700340E+00-4.444723725E+00
-4.533396991E+00-4.623562031E+00-4.715108210E+00-4.807958622E+00-4.902060825E+00
-4.997379992E+00-5.093894098E+00-5.191589905E+00-5.290460163E+00-5.390501523E+00
-5.491712489E+00-5.594092194E+00-5.697639060E+00-5.802350135E+00-5.908220019E+00
-6.015240479E+00-6.123399773E+00-6.232682182E+00-6.343067729E+00-6.454531751E+00
-6.567044739E+00-6.680571862E+00-6.795073012E+00-6.910502369E+00-7.026808398E+00
-7.143933537E+00-7.261814195E+00-7.380380478E+00-7.499556189E+00-7.619258628E+00
-7.739398635E+00-7.859880390E+00-7.980601377E+00-8.101452422E+00-8.222317610E+00
-8.343074333E+00-8.463593281E+00-8.583738607E+00-8.703367802E+00-8.822332136E+00
-8.940476454E+00-9.057639692E+00-9.173654876E+00-9.288349516E+00-9.401545843E+00
-9.513061321E+00-9.622708802E+00-9.730297202E+00-9.835632045E+00-9.938515862E+00
-1.003874910E+01-1.013613062E+01-1.023045877E+01-1.032153224E+01-1.040915095E+01
-1.049311743E+01-1.057323787E+01-1.064932356E+01-1.072119144E+01-1.078866537E+01
-1.085157623E+01-1.090976293E+01-1.096307335E+01-1.101136572E+01-1.105451079E+01
-1.109239298E+01-1.112491030E+01-1.115197296E+01-1.117350077E+01-1.118942042E+01
-1.119966268E+01-1.120415900E+01-1.120283798E+01-1.119562146E+01-1.118242091E+01
-1.116313377E+01-1.113764090E+01-1.110580396E+01-1.106746399E+01-1.102243982E+01
-1.097052753E+01-1.091150001E+01-1.084510727E+01-1.077107677E+01-1.068911449E+01
-1.059890623E+01-1.050011950E+01-1.039240600E+01-1.027540430E+01-1.014874341E+01
-1.001204694E+01-9.864938053E+00-9.707044767E+00-9.538006741E+00-9.357482581E+00
-9.165158237E+00-8.960756652E+00-8.744048720E+00-8.514865576E+00-8.273112663E+00
-8.018785803E+00-7.751989286E+00-7.472956553E+00-7.182073914E+00-6.879906746E+00
-6.567229482E+00-6.245057714E+00-5.914682634E+00-5.577704560E+00-5.236062997E+00
-4.892056457E+00-4.548345371E+00-4.207927666E+00-3.874080838E+00-3.550266008E+00
-3.239999728E+00-3.892693849E+00-4.023271041E+00-4.124290566E+00-4.194549385E+00
-4.235798794E+00-4.284288007E+00-4.340552813E+00-4.403048489E+00-4.470610707E+00
-4.542323673E+00-4.617488286E+00-4.695578095E+00-4.776198752E+00-4.859055472E+00
-4.943928093E+00-5.030652753E+00-5.119107551E+00-5.209202499E+00-5.300871250E+00
-5.394065183E+00-5.488748565E+00-5.584894879E+00-5.682483992E+00-5.781499712E+00
-5.881927973E+00-5.983755340E+00-6.086967865E+00-6.191549946E+00-6.297483500E+00
-6.404747486E+00-6.513317045E+00-6.623163177E+00-6.734252355E+00-6.846545928E+00
-6.960000005E+00-7.074565179E+00-7.190186016E+00-7.306801053E+00-7.424342603E+00
-7.542736278E+00-7.661901075E+00-7.781749094E+00-7.902185383E+00-8.023107819E+00
-8.144406950E+00-8.265965920E+00-8.387660383E+00-8.509358471E+00-8.630920672E+00
-8.752199907E+00-8.873041416E+00-8.993283112E+00-9.112755263E+00-9.231281004E+00
-9.348676185E+00-9.464749877E+00-9.579304414E+00-9.692135707E+00-9.803033760E+00
-9.911782978E+00-1.001816257E+01-1.012194725E+01-1.022290780E+01-1.032081183E+01
-1.041542453E+01-1.050650973E+01-1.059383086E+01-1.067715221E+01-1.075624060E+01
-1.083086753E+01-1.090081127E+01-1.096585797E+01-1.102580235E+01-1.108044773E+01
-1.112960566E+01-1.117309657E+01-1.121075309E+01-1.124242715E+01-1.126799456E+01
-1.128735566E+01-1.130043238E+01-1.130716172E+01-1.130749220E+01-1.130138095E+01
-1.128879034E+01-1.126968262E+01-1.124401395E+01-1.121172897E+01-1.117275624E+01
-1.112700465E+01-1.107436106E+01-1.101468858E+01-1.094782546E+01-1.087358476E+01
-1.079175427E+01-1.070209704E+01-1.060435175E+01-1.049823409E+01-1.038343776E+01
-1.025963638E+01-1.012648545E+01-9.983624819E+00-9.830681415E+00-9.667272907E+00
-9.493011451E+00-9.307508372E+00-9.110379411E+00-8.901250904E+00-8.679767038E+00
-8.445597726E+00-8.198448695E+00-7.938072321E+00-7.664281143E+00-7.376963542E+00
-7.076102419E+00-6.761797927E+00-6.434294854E+00-6.094015558E+00-5.741600436E+00
-5.377955945E+00-5.004312285E+00-4.622289003E+00-4.233966927E+00-3.841958050E+00
-3.449459676E+00-3.060269037E+00-2.678730652E+00-2.309594075E+00-1.957784487E+00
-4.242472825E+00-4.380970623E+00-4.487127925E+00-4.559726112E+00-4.605802438E+00
-4.651234192E+00-4.702622951E+00-4.759435959E+00-4.820990702E+00-4.886672947E+00
-4.955959670E+00-5.028420472E+00-5.103708878E+00-5.181550392E+00-5.261729896E+00
-5.344080297E+00-5.428472562E+00-5.514807761E+00-5.603010010E+00-5.693021078E+00
-5.784796127E+00-5.878299778E+00-5.973503347E+00-6.070382644E+00-6.168915685E+00
-6.269081389E+00-6.370858285E+00-6.474223364E+00-6.579151095E+00-6.685613031E+00
-6.793576787E+00-6.903005682E+00-7.013858426E+00-7.126088329E+00-7.239643308E+00
-7.354465325E+00-7.470490123E+00-7.587646938E+00-7.705858392E+00-7.825039934E+00
-7.945099803E+00-8.065938830E+00-8.187450087E+00-8.309518843E+00-8.432022212E+00
-8.554829152E+00-8.677800190E+00-8.800787499E+00-8.923634508E+00-9.046176134E+00
-9.168238586E+00-9.289639446E+00-9.410187708E+00-9.529683773E+00-9.647919891E+00
-9.764679918E+00-9.879739907E+00-9.992868231E+00-1.010382589E+01-1.021236705E+01
-1.031823925E+01-1.042118418E+01-1.052093820E+01-1.061723317E+01-1.070979742E+01
-1.079835675E+01-1.088263503E+01-1.096235491E+01-1.103724002E+01-1.110702073E+01
-1.117143783E+01-1.123024475E+01-1.128320771E+01-1.133010350E+01-1.137071448E+01
-1.140482246E+01-1.143220922E+01-1.145269287E+01-1.146613829E+01-1.147245966E+01
-1.147161392E+01-1.146356863E+01-1.144830368E+01-1.142581575E+01-1.139611654E+01
-1.135922311E+01-1.131514515E+01-1.126387632E+01-1.120538806E+01-1.113962599E+01
-1.106650742E+01-1.098592060E+01-1.089772434E+01-1.080174819E+01-1.069779311E+01
-1.058563216E+01-1.046501136E+01-1.033565091E+01-1.019724626E+01-1.004946959E+01
-9.891971316E+00-9.724382197E+00-9.546315012E+00-9.357367496E+00-9.157124735E+00
-8.945162716E+00-8.721051946E+00-8.484362029E+00-8.234666705E+00-7.971550116E+00
-7.694614170E+00-7.403487255E+00-7.097835502E+00-6.777375788E+00-6.441892875E+00
-6.091260725E+00-5.725469685E+00-5.344662145E+00-4.949178709E+00-4.539618956E+00
-4.116921808E+00-3.682470722E+00-3.238229832E+00-2.786912061E+00-2.332168359E+00
-1.878756367E+00-1.432598531E+00-1.000604593E+00-5.901911731E-01-4.576767260E+00
-4.722627236E+00-4.833826062E+00-4.909186963E+00-4.954339574E+00-4.998925584E+00
-5.048305141E+00-5.102141498E+00-5.160063042E+00-5.221707655E+00-5.286743398E+00
-5.354879230E+00-5.425868156E+00-5.499505537E+00-5.575625109E+00-5.654093780E+00
-5.734806040E+00-5.817678835E+00-5.902646999E+00-5.989659156E+00-6.078674289E+00
-6.169658793E+00-6.262584063E+00-6.357424609E+00-6.454156198E+00-6.552754680E+00
-6.653194722E+00-6.755448861E+00-6.859486760E+00-6.965274536E+00-7.072774130E+00
-7.181942754E+00-7.292732576E+00-7.405090094E+00-7.518955932E+00-7.634264531E+00
-7.750943552E+00-7.868913804E+00-7.988088805E+00-8.108374629E+00-8.229669387E+00
-8.351863196E+00-8.474837662E+00-8.598465918E+00-8.722612037E+00-8.847131149E+00
-8.971868926E+00-9.096661666E+00-9.221335892E+00-9.345708400E+00-9.469586132E+00
-9.592766103E+00-9.715035441E+00-9.836171381E+00-9.955941468E+00-1.007410367E+01
-1.019040667E+01-1.030458991E+01-1.041638406E+01-1.052551127E+01-1.063168555E+01
-1.073461318E+01-1.083399338E+01-1.092951888E+01-1.102087741E+01-1.110775470E+01
-1.118983289E+01-1.126678505E+01-1.133827198E+01-1.140396935E+01-1.146357356E+01
-1.151680530E+01-1.156341048E+01-1.160315704E+01-1.163582010E+01-1.166114178E+01
-1.167872361E+01-1.168831440E+01-1.168976086E+01-1.168301481E+01-1.166818250E+01
-1.164525704E+01-1.161423366E+01-1.157515527E+01-1.152811748E+01-1.147323705E+01
-1.141060781E+01-1.134029324E+01-1.126232092E+01-1.117668009E+01-1.108332167E+01
-1.098215920E+01-1.087307060E+01-1.075589940E+01-1.063045642E+01-1.049652101E+01
-1.035384228E+01-1.020214011E+01-1.004110627E+01-9.870405483E+00-9.689676408E+00
-9.498532661E+00-9.296564332E+00-9.083338858E+00-8.858402833E+00-8.621283543E+00
-8.371490824E+00-8.108519303E+00-7.831851311E+00-7.540959688E+00-7.235312191E+00
-6.914376337E+00-6.577625951E+00-6.224549473E+00-5.854661387E+00-5.467517033E+00
-5.062733214E+00-4.640016328E+00-4.199202236E+00-3.740312648E+00-3.263637346E+00
-2.769855827E+00-2.260221748E+00-1.736846809E+00-1.203137225E+00-6.644277535E-01
-1.287179586E-01 3.930478014E-01 8.881323290E-01-4.897903971E+00-5.050216909E+00
-5.166583219E+00-5.244827591E+00-5.286956863E+00-5.331959245E+00-5.380827163E+00
-5.433225015E+00-5.488977080E+00-5.547904723E+00-5.609836674E+00-5.674616874E+00
-5.742108922E+00-5.812197104E+00-5.884785796E+00-5.959797382E+00-6.037169771E+00
-6.116853593E+00-6.198809489E+00-6.283005665E+00-6.369415604E+00-6.458016258E+00
-6.548786391E+00-6.641705160E+00-6.736750896E+00-6.833900354E+00-6.933127687E+00
-7.034403780E+00-7.137695734E+00-7.242966238E+00-7.350173174E+00-7.459269146E+00
-7.570201121E+00-7.682909961E+00-7.797330225E+00-7.913389615E+00-8.031008820E+00
-8.150101083E+00-8.270571846E+00-8.392318474E+00-8.515229822E+00-8.639186037E+00
-8.764058127E+00-8.889707563E+00-9.015986205E+00-9.142735746E+00-9.269787597E+00
-9.396962453E+00-9.524070212E+00-9.650909741E+00-9.777268639E+00-9.902923157E+00
-1.002763816E+01-1.015116717E+01-1.027325244E+01-1.039362509E+01-1.051200534E+01
-1.062810271E+01-1.074161631E+01-1.085223495E+01-1.095963727E+01-1.106349212E+01
-1.116345925E+01-1.125918691E+01-1.135031191E+01-1.143648565E+01-1.151736784E+01
-1.159259293E+01-1.166166327E+01-1.172417916E+01-1.177978186E+01-1.182815508E+01
-1.186903827E+01-1.190224217E+01-1.192767744E+01-1.194542580E+01-1.195388777E+01
-1.195292209E+01-1.194233406E+01-1.192194111E+01-1.189294797E+01-1.185496306E+01
-1.180783604E+01-1.175163990E+01-1.168666625E+01-1.161328765E+01-1.153170777E+01
-1.144207908E+01-1.134449237E+01-1.123897995E+01-1.112552158E+01-1.100405008E+01
-1.087445603E+01-1.073659118E+01-1.059027079E+01-1.043527571E+01-1.027135351E+01
-1.009821970E+01-9.915558094E+00-9.723021781E+00-9.520233122E+00-9.306784372E+00
-9.082237532E+00-8.846124538E+00-8.597947266E+00-8.337177294E+00-8.063255783E+00
-7.775593123E+00-7.473568620E+00-7.156530216E+00-6.823794099E+00-6.474644739E+00
-6.108335166E+00-5.724087679E+00-5.321095973E+00-4.898528291E+00-4.455533610E+00
-3.991250860E+00-3.504824660E+00-2.995429474E+00-2.462309188E+00-1.904841716E+00
-1.322650165E+00-7.158068244E-01-8.524642927E-02 5.662719333E-01 1.231530538E+00
 1.892134120E+00 2.516787804E+00-5.196219077E+00-5.353783025E+00-5.474392079E+00
-5.556702490E+00-5.607793549E+00-5.654343335E+00-5.703422039E+00-5.755155738E+00
-5.809511416E+00-5.866451013E+00-5.925937416E+00-5.987937488E+00-6.052423494E+00
-6.119373803E+00-6.188772301E+00-6.260607641E+00-6.334872061E+00-6.411560203E+00
-6.490667969E+00-6.572191222E+00-6.656125157E+00-6.742463114E+00-6.831196110E+00
-6.922312049E+00-7.015795370E+00-7.111626451E+00-7.209781377E+00-7.310231386E+00
-7.412942792E+00-7.517876354E+00-7.624987393E+00-7.734225005E+00-7.845532257E+00
-7.958845403E+00-8.074093996E+00-8.191200263E+00-8.310078746E+00-8.430636227E+00
-8.552771095E+00-8.676373032E+00-8.801322620E+00-8.927491022E+00-9.054739555E+00
-9.182919091E+00-9.311869984E+00-9.441421441E+00-9.571391238E+00-9.701585216E+00
-9.831797201E+00-9.961808367E+00-1.009138724E+01-1.022028928E+01-1.034825685E+01
-1.047501920E+01-1.060029253E+01-1.072378025E+01-1.084517331E+01-1.096415021E+01
-1.108037760E+01-1.119351069E+01-1.130319154E+01-1.140904839E+01-1.151071020E+01
-1.160778093E+01-1.169975357E+01-1.178626835E+01-1.186708139E+01-1.194216563E+01
-1.201004844E+01-1.207045986E+01-1.212298154E+01-1.216721430E+01-1.220283853E+01
-1.222960758E+01-1.224732021E+01-1.225575948E+01-1.225455808E+01-1.224346042E+01
-1.222224568E+01-1.219071373E+01-1.214873311E+01-1.209600442E+01-1.203229927E+01
-1.195774401E+01-1.187331738E+01-1.178053088E+01-1.167927937E+01-1.156983881E+01
-1.145235128E+01-1.132686953E+01-1.119338071E+01-1.105181970E+01-1.090207678E+01
-1.074400198E+01-1.057740789E+01-1.040207134E+01-1.021773436E+01-1.002410456E+01
-9.820855525E+00-9.607626623E+00-9.384022606E+00-9.149612959E+00-8.903931076E+00
-8.646472963E+00-8.376695698E+00-8.094015543E+00-7.797805459E+00-7.487392310E+00
-7.162053278E+00-6.821011844E+00-6.463432824E+00-6.088416535E+00-5.694992103E+00
-5.282109380E+00-4.848629808E+00-4.393315305E+00-3.914815330E+00-3.411651226E+00
-2.882196896E+00-2.324653750E+00-1.737016383E+00-1.117021551E+00-4.620648064E-01
 2.309519843E-01 9.659392984E-01 1.748416701E+00 2.588116418E+00 3.495964433E+00
 4.312401676E+00-5.495403448E+00-5.658806085E+00-5.783987852E+00-5.869646014E+00
-5.921888634E+00-5.969688124E+00-6.019174058E+00-6.070471017E+00-6.123663197E+00
-6.178837512E+00-6.236081192E+00-6.295479104E+00-6.357111700E+00-6.421053366E+00
-6.487371278E+00-6.556124890E+00-6.627365459E+00-6.701136167E+00-6.777472001E+00
-6.856400225E+00-6.937940460E+00-7.022105037E+00-7.108899276E+00-7.198321601E+00
-7.290363974E+00-7.385011739E+00-7.482243935E+00-7.582033259E+00-7.684346102E+00
-7.789142358E+00-7.896375455E+00-8.005992206E+00-8.117932486E+00-8.232129080E+00
-8.348507486E+00-8.466985436E+00-8.587472550E+00-8.709870250E+00-8.834070937E+00
-8.959957872E+00-9.087404582E+00-9.216274511E+00-9.346420344E+00-9.477683735E+00
-9.609894678E+00-9.742870951E+00-9.876417843E+00-1.001032737E+01-1.014437802E+01
-1.027833419E+01-1.041194573E+01-1.054494762E+01-1.067705955E+01-1.080798592E+01
-1.093741579E+01-1.106502364E+01-1.119047049E+01-1.131340220E+01-1.143345088E+01
-1.155024428E+01-1.166338974E+01-1.177242366E+01-1.187703533E+01-1.197708725E+01
-1.207101409E+01-1.215856018E+01-1.223922532E+01-1.231247817E+01-1.237774089E+01
-1.243458467E+01-1.248262323E+01-1.252149773E+01-1.255088329E+01-1.257049291E+01
-1.258007362E+01-1.257939497E+01-1.256824361E+01-1.254645478E+01-1.251391961E+01
-1.247058807E+01-1.241644787E+01-1.235144159E+01-1.227532506E+01-1.218752101E+01
-1.208744380E+01-1.197543481E+01-1.185335073E+01-1.172341954E+01-1.158567368E+01
-1.144009978E+01-1.128664418E+01-1.112521580E+01-1.095568753E+01-1.077789736E+01
-1.059164846E+01-1.039670942E+01-1.019281400E+01-9.979660824E+00-9.756912795E+00
-9.524196171E+00-9.281099586E+00-9.027172471E+00-8.761923083E+00-8.484816302E+00
-8.195270518E+00-7.892654357E+00-7.576281957E+00-7.245408044E+00-6.899221387E+00
-6.536837355E+00-6.157288541E+00-5.759513922E+00-5.342345431E+00-4.904491797E+00
-4.444518927E+00-3.960825836E+00-3.451614731E+00-2.914853311E+00-2.348226532E+00
-1.749072710E+00-1.114296389E+00-4.402443277E-01 2.774792105E-01 1.044300217E+00
 1.867136524E+00 2.755122477E+00 3.720547205E+00 4.769424016E+00 5.731666316E+00
-5.797087344E+00-5.965874791E+00-6.096569022E+00-6.184493979E+00-6.232710471E+00
-6.281425047E+00-6.331092572E+00-6.381708870E+00-6.433485081E+00-6.486643811E+00
-6.541405892E+00-6.597981598E+00-6.656564773E+00-6.717329247E+00-6.780427297E+00
-6.845989690E+00-6.914126428E+00-6.984928286E+00-7.058468273E+00-7.134803595E+00
-7.213977118E+00-7.296018905E+00-7.380947512E+00-7.468770977E+00-7.559488039E+00
-7.653088494E+00-7.749554060E+00-7.848858734E+00-7.950968987E+00-8.055844080E+00
-8.163436065E+00-8.273689782E+00-8.386542824E+00-8.501925257E+00-8.619759384E+00
-8.739959514E+00-8.862431639E+00-8.987072889E+00-9.113771132E+00-9.242404587E+00
-9.372841146E+00-9.504937950E+00-9.638540789E+00-9.773483437E+00-9.909587063E+00
-1.004665967E+01-1.018449549E+01-1.032287414E+01-1.046156023E+01-1.060030258E+01
-1.073883359E+01-1.087686852E+01-1.101410468E+01-1.115022083E+01-1.128487634E+01
-1.141771318E+01-1.154836663E+01-1.167644680E+01-1.180151593E+01-1.192323242E+01
-1.204134632E+01-1.215451093E+01-1.226240759E+01-1.236433672E+01-1.245946866E+01
-1.254721786E+01-1.262707906E+01-1.269856757E+01-1.276121158E+01-1.281457538E+01
-1.285825821E+01-1.289189289E+01-1.291514682E+01-1.292772301E+01-1.292936017E+01
-1.291983265E+01-1.289895299E+01-1.286657869E+01-1.282261783E+01-1.276703179E+01
-1.269983370E+01-1.262108045E+01-1.253085982E+01-1.242925391E+01-1.231617149E+01
-1.219084907E+01-1.205222023E+01-1.190151821E+01-1.174339782E+01-1.157776019E+01
-1.140449935E+01-1.122349161E+01-1.103458904E+01-1.083761539E+01-1.063236342E+01
-1.041859325E+01-1.019603099E+01-9.964367504E+00-9.723257231E+00-9.472316655E+00
-9.211122787E+00-8.939210715E+00-8.656071204E+00-8.361147386E+00-8.053830740E+00
-7.733456326E+00-7.399296990E+00-7.050556318E+00-6.686360198E+00-6.305746462E+00
-5.907652789E+00-5.490901535E+00-5.054181732E+00-4.596027058E+00-4.114789010E+00
-3.608604049E+00-3.075352970E+00-2.512610923E+00-1.917584957E+00-1.287035920E+00
-6.171801835E-01 9.643404780E-02 8.590809546E-01 1.677043152E+00 2.557816617E+00
 3.510285077E+00 4.544745661E+00 5.670780769E+00 6.723119238E+00-6.085230162E+00
-6.259820720E+00-6.393942171E+00-6.486171611E+00-6.543444644E+00-6.593080296E+00
-6.642245520E+00-6.691423786E+00-6.741007037E+00-6.791393795E+00-6.842968558E+00
-6.896086706E+00-6.951065838E+00-7.008182574E+00-7.067672640E+00-7.129733269E+00
-7.194526786E+00-7.262184429E+00-7.332810371E+00-7.406485142E+00-7.483269063E+00
-7.563204725E+00-7.646319589E+00-7.732627878E+00-7.822131996E+00-7.914824062E+00
-8.010686702E+00-8.109693833E+00-8.211811375E+00-8.316997407E+00-8.425202522E+00
-8.536369868E+00-8.650435106E+00-8.767326213E+00-8.886963486E+00-9.009258788E+00
-9.134115590E+00-9.261428343E+00-9.391081804E+00-9.522950801E+00-9.656899368E+00
-9.792780152E+00-9.930433861E+00-1.006968832E+01-1.021035792E+01-1.035224283E+01
-1.049512805E+01-1.063878293E+01-1.078296008E+01-1.092739487E+01-1.107180437E+01
-1.121588661E+01-1.135931881E+01-1.150175582E+01-1.164282083E+01-1.178208439E+01
-1.191922225E+01-1.205388725E+01-1.218506333E+01-1.231245811E+01-1.243505253E+01
-1.255185318E+01-1.266221304E+01-1.276554656E+01-1.286126484E+01-1.294881090E+01
-1.302766040E+01-1.309731696E+01-1.315731134E+01-1.320720474E+01-1.324659072E+01
-1.327509657E+01-1.329238475E+01-1.329815422E+01-1.329214213E+01-1.327412558E+01
-1.324392422E+01-1.320140380E+01-1.314647911E+01-1.307911736E+01-1.299933969E+01
-1.290722324E+01-1.280290293E+01-1.268657145E+01-1.255846378E+01-1.241876557E+01
-1.226721642E+01-1.210224542E+01-1.192394940E+01-1.173847111E+01-1.154569024E+01
-1.134547317E+01-1.113766477E+01-1.092208315E+01-1.069851621E+01-1.046671967E+01
-1.022641535E+01-9.977290015E+00-9.718993920E+00-9.451139140E+00-9.173297722E+00
-8.884999001E+00-8.585726731E+00-8.274915216E+00-7.951944787E+00-7.616136397E+00
-7.266744889E+00-6.902951154E+00-6.523852396E+00-6.128450596E+00-5.715638555E+00
-5.284183158E+00-4.832704761E+00-4.359652689E+00-3.863275069E+00-3.341582516E+00
-2.792303762E+00-2.212832061E+00-1.600160508E+00-9.508048952E-01-2.607134966E-01
 4.748349136E-01 1.261339437E+00 2.105179075E+00 3.013684469E+00 3.995141494E+00
 5.058681556E+00 6.217261681E+00 7.338897629E+00-6.387352966E+00-6.568280416E+00
-6.706915245E+00-6.801816425E+00-6.859537230E+00-6.908582406E+00-6.955895158E+00
-7.002188100E+00-7.048132320E+00-7.094380624E+00-7.141531721E+00-7.190111788E+00
-7.240569386E+00-7.293278689E+00-7.348546656E+00-7.406621700E+00-7.467702234E+00
-7.531944595E+00-7.599469817E+00-7.670369544E+00-7.744710792E+00-7.822539896E+00
-7.903885853E+00-7.988762808E+00-8.077172336E+00-8.169104825E+00-8.264540968E+00
-8.363452556E+00-8.465803341E+00-8.571549354E+00-8.680639337E+00-8.793014624E+00
-8.908609418E+00-9.027350358E+00-9.149156440E+00-9.273938502E+00-9.401598953E+00
-9.532031061E+00-9.665118440E+00-9.800734382E+00-9.938741108E+00-1.007898910E+01
-1.022131607E+01-1.036554641E+01-1.051149003E+01-1.065894166E+01-1.080767979E+01
-1.095746570E+01-1.110804259E+01-1.125913474E+01-1.141044674E+01-1.156166509E+01
-1.171245233E+01-1.186247117E+01-1.201138234E+01-1.215812667E+01-1.230287583E+01
-1.244441406E+01-1.258147403E+01-1.271332514E+01-1.283930592E+01-1.295874813E+01
-1.307101845E+01-1.317551177E+01-1.327164496E+01-1.335886003E+01-1.343662601E+01
-1.350443995E+01-1.356182772E+01-1.360834583E+01-1.364358315E+01-1.366716272E+01
-1.367874337E+01-1.367802189E+01-1.366473478E+01-1.363866077E+01-1.359962319E+01
-1.354749278E+01-1.348219066E+01-1.340369118E+01-1.331202491E+01-1.320728137E+01
-1.308961292E+01-1.295923802E+01-1.281644433E+01-1.266158395E+01-1.249502780E+01
-1.231686626E+01-1.212567318E+01-1.192063884E+01-1.170866879E+01-1.148964769E+01
-1.126343142E+01-1.102984376E+01-1.078867475E+01-1.053968029E+01-1.028258190E+01
-1.001706629E+01-9.742784470E+00-9.459350450E+00-9.166339228E+00-8.863284239E+00
-8.549674395E+00-8.224950227E+00-7.888499078E+00-7.539649861E+00-7.177666126E+00
-6.801738179E+00-6.410973430E+00-6.004385009E+00-5.580877734E+00-5.139231767E+00
-4.678082437E+00-4.195896090E+00-3.690941086E+00-3.161252386E+00-2.604589138E+00
-2.018383397E+00-1.399678771E+00-7.450577677E-01-5.055730082E-02 6.884264694E-01
 1.477239626E+00 2.322068231E+00 3.230013294E+00 4.209112283E+00 5.268267330E+00
 6.418952285E+00 7.541449421E+00-6.710046380E+00-6.896330390E+00-7.042899040E+00
-7.136415141E+00-7.186443012E+00-7.232552984E+00-7.275569212E+00-7.316457960E+00
-7.356370278E+00-7.396336927E+00-7.437223902E+00-7.479733219E+00-7.524422890E+00
-7.571731702E+00-7.622001996E+00-7.675499204E+00-7.732427454E+00-7.792941979E+00
-7.857158849E+00-7.925162497E+00-7.997011823E+00-8.072744770E+00-8.152382101E+00
-8.235930357E+00-8.323383863E+00-8.414726703E+00-8.509934015E+00-8.608972863E+00
-8.711802979E+00-8.818377242E+00-8.928641913E+00-9.042536670E+00-9.159994575E+00
-9.280941753E+00-9.405297161E+00-9.532971993E+00-9.663869287E+00-9.797883139E+00
-9.934898108E+00-1.007478831E+01-1.021741673E+01-1.036263414E+01-1.051027819E+01
-1.066017253E+01-1.081212563E+01-1.096592975E+01-1.112135992E+01-1.127817233E+01
-1.143610308E+01-1.159486776E+01-1.175415314E+01-1.191365317E+01-1.207293169E+01
-1.223166560E+01-1.238939971E+01-1.254434353E+01-1.269553131E+01-1.284224250E+01
-1.298375016E+01-1.311936146E+01-1.324840585E+01-1.337022934E+01-1.348419896E+01
-1.358970432E+01-1.368615842E+01-1.377299888E+01-1.384968954E+01-1.391572200E+01
-1.397061710E+01-1.401392649E+01-1.404523481E+01-1.406416133E+01-1.407036202E+01
-1.406353189E+01-1.404340716E+01-1.400976767E+01-1.396243967E+01-1.390129822E+01
-1.382627060E+01-1.373733876E+01-1.363454296E+01-1.351798485E+01-1.338783134E+01
-1.324431869E+01-1.308775717E+01-1.291853602E+01-1.273712518E+01-1.254404800E+01
-1.233962719E+01-1.212251364E+01-1.189163188E+01-1.165418475E+01-1.141005031E+01
-1.115906293E+01-1.090101564E+01-1.063566448E+01-1.036273138E+01-1.008190539E+01
-9.792842521E+00-9.495164579E+00-9.188457597E+00-8.872269231E+00-8.546106125E+00
-8.209430164E+00-7.861654300E+00-7.502137626E+00-7.130179190E+00-6.745010864E+00
-6.345789033E+00-5.931584388E+00-5.501369908E+00-5.054006563E+00-4.588226169E+00
-4.102610987E+00-3.595568844E+00-3.065303615E+00-2.509779187E+00-1.926675808E+00
-1.313336776E+00-6.667029640E-01 1.676811528E-02 7.412030188E-01 1.511438122E+00
 2.333175388E+00 3.213168023E+00 4.159417414E+00 5.181316164E+00 6.289465916E+00
 7.376055665E+00-7.034310758E+00-7.231456740E+00-7.379583275E+00-7.477004784E+00
-7.530992473E+00-7.570673084E+00-7.604844620E+00-7.635993171E+00-7.666131015E+00
-7.696761664E+00-7.728969385E+00-7.763534401E+00-7.801022760E+00-7.841848627E+00
-7.886316795E+00-7.934651720E+00-7.987017580E+00-8.043532808E+00-8.104280458E+00
-8.169315926E+00-8.238672700E+00-8.312366895E+00-8.390400520E+00-8.472763962E+00
-8.559438231E+00-8.650396101E+00-8.745603571E+00-8.845020336E+00-8.948600534E+00
-9.056292948E+00-9.168040999E+00-9.283782989E+00-9.403451465E+00-9.526973265E+00
-9.654268761E+00-9.785251394E+00-9.919826881E+00-1.005789259E+01-1.019933650E+01
-1.034403653E+01-1.049185917E+01-1.064265879E+01-1.079627631E+01-1.095253796E+01
-1.111125398E+01-1.127221792E+01-1.143520600E+01-1.159997425E+01-1.176625225E+01
-1.193377541E+01-1.210208562E+01-1.227136870E+01-1.244064533E+01-1.260801854E+01
-1.277255182E+01-1.293344788E+01-1.308995494E+01-1.324134893E+01-1.338691936E+01
-1.352597293E+01-1.365783452E+01-1.378184766E+01-1.389737611E+01-1.400380527E+01
-1.410054355E+01-1.418702374E+01-1.426270476E+01-1.432707308E+01-1.437964468E+01
-1.441996671E+01-1.444761965E+01-1.446221931E+01-1.446341917E+01-1.445091264E+01
-1.442443561E+01-1.438376903E+01-1.432874168E+01-1.425923278E+01-1.417517537E+01
-1.407655904E+01-1.396343324E+01-1.383591100E+01-1.369417254E+01-1.353846938E+01
-1.336912924E+01-1.318656140E+01-1.299126261E+01-1.278382161E+01-1.256489909E+01
-1.233496586E+01-1.209242808E+01-1.183686885E+01-1.157528276E+01-1.130750603E+01
-1.103331806E+01-1.075246391E+01-1.046466126E+01-1.016960128E+01-9.866948083E+00
-9.556336795E+00-9.237371927E+00-8.909624933E+00-8.572631769E+00-8.225889780E+00
-7.868854272E+00-7.500934531E+00-7.121488982E+00-6.729819628E+00-6.325165708E+00
-5.906695860E+00-5.473499569E+00-5.024576408E+00-4.558824106E+00-4.075023927E+00
-3.571823875E+00-3.047718234E+00-2.501023348E+00-1.929847949E+00-1.332056312E+00
-7.052211519E-01-4.656107285E-02 6.471465419E-01 1.379693650E+00 2.155640959E+00
 2.980643530E+00 3.861993653E+00 4.809477738E+00 5.835748422E+00 6.853773676E+00
-7.401787573E+00-7.612819771E+00-7.766514046E+00-7.860368625E+00-7.906551053E+00
-7.929917037E+00-7.945702099E+00-7.959852762E+00-7.975049279E+00-7.992710689E+00
-8.013677536E+00-8.038484822E+00-8.067488244E+00-8.100930146E+00-8.138976437E+00
-8.181739407E+00-8.229292573E+00-8.281680260E+00-8.338924925E+00-8.401032046E+00
-8.467993977E+00-8.539792755E+00-8.616402256E+00-8.697789858E+00-8.783917659E+00
-8.874743305E+00-8.970220739E+00-9.070300592E+00-9.174930150E+00-9.284053779E+00
-9.397612422E+00-9.515543511E+00-9.637780581E+00-9.764252594E+00-9.894883431E+00
-1.002959110E+01-1.016828672E+01-1.031087377E+01-1.045724684E+01-1.060729070E+01
-1.076087919E+01-1.091787397E+01-1.107812333E+01-1.124146009E+01-1.140769928E+01
-1.157663699E+01-1.174806040E+01-1.192174703E+01-1.209730554E+01-1.227519496E+01
-1.245438916E+01-1.263278820E+01-1.280938209E+01-1.298333123E+01-1.315385110E+01
-1.332017740E+01-1.348156272E+01-1.363727628E+01-1.378660374E+01-1.392884766E+01
-1.406332847E+01-1.418938557E+01-1.430637832E+01-1.441368770E+01-1.451071730E+01
-1.459689510E+01-1.467167510E+01-1.473453892E+01-1.478499774E+01-1.482259441E+01
-1.484690535E+01-1.485754314E+01-1.485415870E+01-1.483644395E+01-1.480413442E+01
-1.475701192E+01-1.469490760E+01-1.461770467E+01-1.452534159E+01-1.441781508E+01
-1.429518343E+01-1.415757003E+01-1.400516698E+01-1.383823926E+01-1.365712884E+01
-1.346226001E+01-1.325414474E+01-1.303338936E+01-1.280069925E+01-1.255685692E+01
-1.230237810E+01-1.203495316E+01-1.175639369E+01-1.147250347E+01-1.118296821E+01
-1.088749709E+01-1.058579882E+01-1.027756937E+01-9.962485837E+00-9.640203121E+00
-9.310351460E+00-8.972534576E+00-8.626327471E+00-8.271274531E+00-7.906886892E+00
-7.532639952E+00-7.147969987E+00-6.752270919E+00-6.344890219E+00-5.925124531E+00
-5.492214790E+00-5.045340389E+00-4.583613466E+00-4.106071854E+00-3.611671791E+00
-3.099279877E+00-2.567664302E+00-2.015485199E+00-1.441283833E+00-8.434698523E-01
-2.203049518E-01 4.301206387E-01 1.109926748E+00 1.821515290E+00 2.567721849E+00
 3.352181214E+00 4.180399706E+00 5.063725838E+00 5.948366486E+00-7.910621977E+00
-8.163042703E+00-8.335614997E+00-8.388236715E+00-8.336203621E+00-8.307380845E+00
-8.289705054E+00-8.279308899E+00-8.275343447E+00-8.277503903E+00-8.285649653E+00
-8.299699533E+00-8.319595352E+00-8.345286993E+00-8.376725878E+00-8.413862402E+00
-8.456644756E+00-8.505018923E+00-8.558928799E+00-8.618316624E+00-8.683123458E+00
-8.753289689E+00-8.828755391E+00-8.909460481E+00-8.995345110E+00-9.086349668E+00
-9.182414780E+00-9.283481191E+00-9.389489563E+00-9.500380248E+00-9.616092688E+00
-9.736565106E+00-9.861733714E+00-9.991532085E+00-1.012589029E+01-1.026473381E+01
-1.040798260E+01-1.055554971E+01-1.070734006E+01-1.086324908E+01-1.102316158E+01
-1.118695111E+01-1.135447960E+01-1.152559573E+01-1.170012120E+01-1.187782048E+01
-1.205849317E+01-1.224250054E+01-1.242959614E+01-1.261725612E+01-1.280426737E+01
-1.298974145E+01-1.317286280E+01-1.335283561E+01-1.352887957E+01-1.370022899E+01
-1.386613336E+01-1.402585772E+01-1.417868336E+01-1.432390861E+01-1.446084959E+01
-1.458884135E+01-1.470723885E+01-1.481541851E+01-1.491277931E+01-1.499874463E+01
-1.507276355E+01-1.513431301E+01-1.518289962E+01-1.521806181E+01-1.523937218E+01
-1.524643985E+01-1.523891322E+01-1.521648253E+01-1.517888271E+01-1.512589647E+01
-1.505735696E+01-1.497315109E+01-1.487322245E+01-1.475757451E+01-1.462627384E+01
-1.447945363E+01-1.431731693E+01-1.414014056E+01-1.394827927E+01-1.374217013E+01
-1.352233740E+01-1.328939810E+01-1.304406765E+01-1.278716361E+01-1.251956985E+01
-1.224166220E+01-1.194996101E+01-1.165098655E+01-1.134704406E+01-1.103789239E+01
-1.072327428E+01-1.040291196E+01-1.007650742E+01-9.743743093E+00-9.404281528E+00
-9.057765218E+00-8.703815456E+00-8.342031475E+00-7.971989417E+00-7.593240840E+00
-7.205311693E+00-6.807700896E+00-6.399879161E+00-5.981287688E+00-5.551337419E+00
-5.109408290E+00-4.654849544E+00-4.186980282E+00-3.705092191E+00-3.208453539E+00
-2.696316424E+00-2.167927993E+00-1.622547745E+00-1.059473759E+00-4.780826072E-01
 1.221089035E-01 7.413450609E-01 1.379464839E+00 2.035597969E+00 2.707542586E+00
 3.390280517E+00 4.071967021E+00 4.727129819E+00-8.270694102E+00-8.560748964E+00
-8.730390822E+00-8.775556790E+00-8.716892925E+00-8.654808932E+00-8.608947765E+00
-8.576108948E+00-8.554061498E+00-8.541413323E+00-8.537269313E+00-8.541024138E+00
-8.552245863E+00-8.570610077E+00-8.595861668E+00-8.627791782E+00-8.666223753E+00
-8.711004120E+00-8.761996838E+00-8.819079455E+00-8.882140312E+00-8.951077090E+00
-9.025795114E+00-9.106206482E+00-9.192229324E+00-9.283786929E+00-9.380807275E+00
-9.483222242E+00-9.590967095E+00-9.703979783E+00-9.822200299E+00-9.945569860E+00
-1.007403019E+01-1.020752244E+01-1.034598635E+01-1.048935886E+01-1.063757298E+01
-1.079055598E+01-1.094822757E+01-1.111049767E+01-1.127726429E+01-1.144841345E+01
-1.162382686E+01-1.180341706E+01-1.198711802E+01-1.217433559E+01-1.236661282E+01
-1.256133937E+01-1.275675742E+01-1.295186544E+01-1.314580621E+01-1.333775335E+01
-1.352689715E+01-1.371244137E+01-1.389360360E+01-1.406961528E+01-1.423972280E+01
-1.440318765E+01-1.455928752E+01-1.470731694E+01-1.484658818E+01-1.497643233E+01
-1.509620045E+01-1.520526471E+01-1.530301985E+01-1.538888474E+01-1.546230405E+01
-1.552275002E+01-1.556972480E+01-1.560276247E+01-1.562143151E+01-1.562533763E+01
-1.561412631E+01-1.558748589E+01-1.554515060E+01-1.548690342E+01-1.541257947E+01
-1.532206902E+01-1.521532057E+01-1.509234402E+01-1.495321394E+01-1.479807285E+01
-1.462713420E+01-1.444068649E+01-1.423909655E+01-1.402281401E+01-1.379237565E+01
-1.354841059E+01-1.329164645E+01-1.302291606E+01-1.274316233E+01-1.245337640E+01
-1.215344739E+01-1.184022531E+01-1.152265817E+01-1.120066062E+01-1.087402512E+01
-1.054249848E+01-1.020580538E+01-9.863655529E+00-9.515745511E+00-9.161759029E+00
-8.801366944E+00-8.434227111E+00-8.059984465E+00-7.678271097E+00-7.288706803E+00
-6.890899680E+00-6.484447383E+00-6.068938781E+00-5.643956636E+00-5.209081268E+00
-4.763895636E+00-4.307992509E+00-3.840984511E+00-3.362517789E+00-2.872290777E+00
-2.370080260E+00-1.855777440E+00-1.329438399E+00-7.913556589E-01-2.421612216E-01
 3.170221752E-01 8.843549484E-01 1.456939401E+00 2.030315578E+00 2.597796772E+00
 3.149905969E+00 3.674708894E+00-8.569346938E+00-8.872152688E+00-9.046424191E+00
-9.087549650E+00-9.019953036E+00-8.943289992E+00-8.881905493E+00-8.834430376E+00
-8.799274687E+00-8.775169062E+00-8.761131119E+00-8.756401676E+00-8.760387026E+00
-8.772613707E+00-8.792696475E+00-8.820315330E+00-8.855199597E+00-8.897116823E+00
-8.945864810E+00-9.001265946E+00-9.063162990E+00-9.131415837E+00-9.205899317E+00
-9.286501062E+00-9.373120093E+00-9.465665318E+00-9.564054551E+00-9.668213524E+00
-9.778074589E+00-9.893576125E+00-1.001466156E+01-1.014127824E+01-1.027337666E+01
-1.041090953E+01-1.055383041E+01-1.070209263E+01-1.085564791E+01-1.101444442E+01
-1.117842433E+01-1.134751917E+01-1.152164076E+01-1.170065967E+01-1.188435346E+01
-1.207273355E+01-1.226688432E+01-1.246609770E+01-1.266761889E+01-1.287015965E+01
-1.307280856E+01-1.327471353E+01-1.347503982E+01-1.367296492E+01-1.386767851E+01
-1.405838272E+01-1.424429303E+01-1.442463852E+01-1.459866295E+01-1.476562499E+01
-1.492479946E+01-1.507547796E+01-1.521696962E+01-1.534860234E+01-1.546972386E+01
-1.557970273E+01-1.567793000E+01-1.576382042E+01-1.583681445E+01-1.589638004E+01
-1.594201470E+01-1.597324812E+01-1.598964450E+01-1.599080571E+01-1.597637398E+01
-1.594603539E+01-1.589952284E+01-1.583661950E+01-1.575716199E+01-1.566104361E+01
-1.554821767E+01-1.541870034E+01-1.527257398E+01-1.510999022E+01-1.493117303E+01
-1.473642217E+01-1.452611673E+01-1.430071890E+01-1.406077823E+01-1.380693677E+01
-1.353993451E+01-1.326061665E+01-1.296994145E+01-1.266898269E+01-1.235877726E+01
-1.203769980E+01-1.170675698E+01-1.137259229E+01-1.103477591E+01-1.069299444E+01
-1.034697007E+01-9.996433072E+00-9.641112612E+00-9.280733804E+00-8.915017229E+00
-8.543679133E+00-8.166432652E+00-7.782988909E+00-7.393058912E+00-6.996355952E+00
-6.592598601E+00-6.181514649E+00-5.762846230E+00-5.336356434E+00-4.901837708E+00
-4.459122919E+00-4.008099622E+00-3.548728398E+00-3.081066909E+00-2.605301114E+00
-2.121786008E+00-1.631098936E+00-1.134109316E+00-6.320695827E-01-1.267321724E-01
 3.795041831E-01 8.834234602E-01 1.380820566E+00 1.866390712E+00 2.333787726E+00
 2.775959106E+00-8.827053187E+00-9.137297747E+00-9.318653073E+00-9.355514393E+00
-9.256864298E+00-9.172489053E+00-9.103283729E+00-9.047544311E+00-9.004298977E+00
-8.972650607E+00-8.951802233E+00-8.941063463E+00-8.939842481E+00-8.947633165E+00
-8.964001296E+00-8.988572660E+00-9.021022883E+00-9.061069473E+00-9.108465121E+00
-9.162992816E+00-9.224461511E+00-9.292702972E+00-9.367568940E+00-9.448928883E+00
-9.536667955E+00-9.630685529E+00-9.730893509E+00-9.837215224E+00-9.949584049E+00
-1.006794238E+01-1.019224058E+01-1.032243594E+01-1.045849170E+01-1.060037594E+01
-1.074806081E+01-1.090152109E+01-1.106073370E+01-1.122567688E+01-1.139633095E+01
-1.157268135E+01-1.175472868E+01-1.194250971E+01-1.213454210E+01-1.233413462E+01
-1.253888280E+01-1.274630926E+01-1.295524439E+01-1.316477852E+01-1.337404858E+01
-1.358220744E+01-1.378842005E+01-1.399186273E+01-1.419172375E+01-1.438720382E+01
-1.457751656E+01-1.476188943E+01-1.493956420E+01-1.510979775E+01-1.527186287E+01
-1.542504897E+01-1.556866323E+01-1.570203113E+01-1.582449794E+01-1.593542944E+01
-1.603421357E+01-1.612026167E+01-1.619301028E+01-1.625192315E+01-1.629649328E+01
-1.632624564E+01-1.634073991E+01-1.633957353E+01-1.632238503E+01-1.628885752E+01
-1.623872216E+01-1.617176169E+01-1.608781389E+01-1.598677494E+01-1.586860257E+01
-1.573331931E+01-1.558101516E+01-1.541185102E+01-1.522606127E+01-1.502395702E+01
-1.480592945E+01-1.457245352E+01-1.432409174E+01-1.406149889E+01-1.378542732E+01
-1.349673335E+01-1.319638437E+01-1.288546707E+01-1.256517630E+01-1.223633626E+01
-1.189477448E+01-1.154993590E+01-1.120201190E+01-1.085091669E+01-1.049646798E+01
-1.013844965E+01-9.776633760E+00-9.410788940E+00-9.040684040E+00-8.666090741E+00
-8.286785572E+00-7.902552544E+00-7.513185877E+00-7.118493578E+00-6.718301817E+00
-6.312459971E+00-5.900847204E+00-5.483380578E+00-5.060024833E+00-4.630804672E+00
-4.195820089E+00-3.755265126E+00-3.309451131E+00-2.858835525E+00-2.404056939E+00
-1.945977912E+00-1.485735875E+00-1.024802539E+00-5.650498325E-01-1.088173941E-01
 3.410290574E-01 7.810668792E-01 1.207338636E+00 1.615453048E+00 2.000775716E+00
-8.971196263E+00-9.286920388E+00-9.467645129E+00-9.508790760E+00-9.432421713E+00
-9.346518566E+00-9.273833740E+00-9.214039590E+00-9.166552654E+00-9.130758461E+00
-9.106050815E+00-9.091854843E+00-9.087638889E+00-9.092919291E+00-9.107260490E+00
-9.130272905E+00-9.161609785E+00-9.200963264E+00-9.248061054E+00-9.302662662E+00
-9.364556593E+00-9.433557198E+00-9.509502389E+00-9.592251234E+00-9.681681951E+00
-9.777690289E+00-9.880187600E+00-9.989099735E+00-1.010436558E+01-1.022593578E+01
-1.035377184E+01-1.048784487E+01-1.062813474E+01-1.077462900E+01-1.092732198E+01
-1.108621365E+01-1.125130809E+01-1.142261184E+01-1.160013158E+01-1.178387343E+01
-1.197385139E+01-1.216967084E+01-1.237374829E+01-1.258313868E+01-1.279565714E+01
-1.301021308E+01-1.322590113E+01-1.344184976E+01-1.365720110E+01-1.387110845E+01
-1.408273609E+01-1.429125966E+01-1.449586652E+01-1.469575630E+01-1.489014178E+01
-1.507824934E+01-1.525931973E+01-1.543260885E+01-1.559738857E+01-1.575294734E+01
-1.589859109E+01-1.603364429E+01-1.615745047E+01-1.626937377E+01-1.636879976E+01
-1.645513700E+01-1.652781868E+01-1.658630442E+01-1.663008279E+01-1.665867378E+01
-1.667163187E+01-1.666854951E+01-1.664906072E+01-1.661284488E+01-1.655963067E+01
-1.648919988E+01-1.640139099E+01-1.629610276E+01-1.617329723E+01-1.603300315E+01
-1.587531840E+01-1.570041304E+01-1.550853186E+01-1.529999750E+01-1.507521335E+01
-1.483466704E+01-1.457893398E+01-1.430868184E+01-1.402467547E+01-1.372778303E+01
-1.341898300E+01-1.309937356E+01-1.277018247E+01-1.243271454E+01-1.208666921E+01
-1.173045683E+01-1.137270875E+01-1.101292282E+01-1.065078897E+01-1.028606589E+01
-9.918539118E+00-9.548007524E+00-9.174279984E+00-8.797175812E+00-8.416526774E+00
-8.032179765E+00-7.644000472E+00-7.251877160E+00-6.855725553E+00-6.455494708E+00
-6.051173712E+00-5.642799875E+00-5.230468505E+00-4.814344487E+00-4.394676273E+00
-3.971811954E+00-3.546218900E+00-3.118505810E+00-2.689448592E+00-2.260019051E+00
-1.831416039E+00-1.405097382E+00-9.828097062E-01-5.666114483E-01-1.588823945E-01
 2.376886357E-01 6.201462712E-01 9.853467797E-01 1.330070973E+00-9.082321137E+00
-9.400219626E+00-9.583035520E+00-9.625856327E+00-9.554614458E+00-9.468797714E+00
-9.395237043E+00-9.334219075E+00-9.285351196E+00-9.248173933E+00-9.222199090E+00
-9.206933822E+00-9.201898208E+00-9.206636713E+00-9.220725204E+00-9.243774537E+00
-9.275431654E+00-9.315379234E+00-9.363334311E+00-9.419046268E+00-9.482294784E+00
-9.552887472E+00-9.630657674E+00-9.715462450E+00-9.807180488E+00-9.905710455E+00
-1.001096930E+01-1.012289074E+01-1.024142405E+01-1.036653281E+01-1.049819374E+01
-1.063639589E+01-1.078113957E+01-1.093243581E+01-1.109030553E+01-1.125477888E+01
-1.142589407E+01-1.160369366E+01-1.178821345E+01-1.197945073E+01-1.217738533E+01
-1.238453556E+01-1.259760659E+01-1.281435991E+01-1.303370999E+01-1.325475389E+01
-1.347661677E+01-1.369843427E+01-1.391935110E+01-1.413852157E+01-1.435511028E+01
-1.456829273E+01-1.477725627E+01-1.498120039E+01-1.517933746E+01-1.537089379E+01
-1.555511009E+01-1.573124238E+01-1.589856248E+01-1.605635908E+01-1.620393813E+01
-1.634062388E+01-1.646575970E+01-1.657870888E+01-1.667885579E+01-1.676560693E+01
-1.683839266E+01-1.689666891E+01-1.693991956E+01-1.696765933E+01-1.697943690E+01
-1.697483882E+01-1.695349350E+01-1.691507568E+01-1.685931061E+01-1.678597845E+01
-1.669491795E+01-1.658603012E+01-1.645928141E+01-1.631470667E+01-1.615241167E+01
-1.597257566E+01-1.577545402E+01-1.556138095E+01-1.533077179E+01-1.508412660E+01
-1.482203360E+01-1.454517295E+01-1.425432159E+01-1.395035880E+01-1.363427197E+01
-1.330716450E+01-1.297026318E+01-1.262491585E+01-1.227228556E+01-1.190843064E+01
-1.154264882E+01-1.117527381E+01-1.080630621E+01-1.043563022E+01-1.006309325E+01
-9.688536431E+00-9.311807418E+00-8.932766539E+00-8.551291457E+00-8.167280523E+00
-7.780656987E+00-7.391373058E+00-6.999414789E+00-6.604807592E+00-6.207622780E+00
-5.807984854E+00-5.406080094E+00-5.002166525E+00-4.596585069E+00-4.189772348E+00
-3.782274702E+00-3.374763965E+00-2.968053824E+00-2.563116856E+00-2.161100821E+00
-1.763342781E+00-1.371378811E+00-9.869464432E-01-6.119764801E-01-2.485709564E-01
 1.010354498E-01 4.345312239E-01 7.495993081E-01-9.172273342E+00-9.494119672E+00
-9.679946534E+00-9.722142824E+00-9.627317605E+00-9.541237438E+00-9.468623727E+00
-9.408522224E+00-9.360575696E+00-9.324368205E+00-9.299445322E+00-9.285338036E+00
-9.281581281E+00-9.287727560E+00-9.303355891E+00-9.328077288E+00-9.361537470E+00
-9.403417424E+00-9.453433042E+00-9.511333665E+00-9.576900155E+00-9.649942923E+00
-9.730299881E+00-9.817834313E+00-9.912432947E+00-1.001400430E+01-1.012247689E+01
-1.023779810E+01-1.035993261E+01-1.048886133E+01-1.062458045E+01-1.076710052E+01
-1.091644559E+01-1.107265291E+01-1.123577289E+01-1.140587088E+01-1.158303220E+01
-1.176737453E+01-1.195907523E+01-1.215747923E+01-1.236607837E+01-1.258168962E+01
-1.280168561E+01-1.302489977E+01-1.325041142E+01-1.347733774E+01-1.370480729E+01
-1.393195724E+01-1.415793341E+01-1.438189083E+01-1.460299477E+01-1.482042135E+01
-1.503335814E+01-1.524100524E+01-1.544257563E+01-1.563729628E+01-1.582440874E+01
-1.600317002E+01-1.617285313E+01-1.633274781E+01-1.648216136E+01-1.662041926E+01
-1.674686574E+01-1.686086459E+01-1.696180004E+01-1.704907755E+01-1.712212536E+01
-1.718039610E+01-1.722336907E+01-1.725055311E+01-1.726149034E+01-1.725576023E+01
-1.723298441E+01-1.719283172E+01-1.713502297E+01-1.705933585E+01-1.696560888E+01
-1.685374519E+01-1.672371555E+01-1.657556104E+01-1.640939538E+01-1.622540724E+01
-1.602386237E+01-1.580510615E+01-1.556956575E+01-1.531775338E+01-1.505026935E+01
-1.476780613E+01-1.447115257E+01-1.416119944E+01-1.383894573E+01-1.350550657E+01
-1.316212336E+01-1.281017607E+01-1.245115011E+01-1.208507118E+01-1.171008669E+01
-1.133513746E+01-1.095976263E+01-1.058368737E+01-1.020671286E+01-9.828677728E+00
-9.449445880E+00-9.068904087E+00-8.686962833E+00-8.303559041E+00-7.918659182E+00
-7.532263098E+00-7.144408297E+00-6.755174997E+00-6.364691440E+00-5.973140244E+00
-5.580765249E+00-5.187879247E+00-4.794872328E+00-4.402220948E+00-4.010497301E+00
-3.620379287E+00-3.232659665E+00-2.848254896E+00-2.468211933E+00-2.093712242E+00
-1.726071638E+00-1.366734324E+00-1.017259743E+00-6.793008769E-01-3.545734262E-01
-4.481604390E-02 2.482569289E-01-9.169760263E+00-9.491272172E+00-9.676837226E+00
-9.721962297E+00-9.647245850E+00-9.564200998E+00-9.494199140E+00-9.436965586E+00
-9.392086011E+00-9.359084199E+00-9.337454460E+00-9.326687244E+00-9.326287657E+00
-9.335788070E+00-9.354755446E+00-9.382795241E+00-9.419552785E+00-9.464712684E+00
-9.517997373E+00-9.579165019E+00-9.648007240E+00-9.724346580E+00-9.808034388E+00
-9.898948367E+00-9.996990887E+00-1.010208717E+01-1.021418351E+01-1.033324626E+01
-1.045926049E+01-1.059222893E+01-1.073217110E+01-1.087912232E+01-1.103313269E+01
-1.119426566E+01-1.136259592E+01-1.153820672E+01-1.172118742E+01-1.191163608E+01
-1.210968817E+01-1.231815571E+01-1.253516001E+01-1.275736712E+01-1.298344395E+01
-1.321245197E+01-1.344350330E+01-1.367572129E+01-1.390823647E+01-1.414018717E+01
-1.437072017E+01-1.459899146E+01-1.482416723E+01-1.504542443E+01-1.526195168E+01
-1.547295007E+01-1.567763383E+01-1.587523133E+01-1.606498586E+01-1.624615628E+01
-1.641801770E+01-1.657986213E+01-1.673099936E+01-1.687075715E+01-1.699848198E+01
-1.711353952E+01-1.721531508E+01-1.730321435E+01-1.737666439E+01-1.743511502E+01
-1.747804103E+01-1.750494502E+01-1.751536154E+01-1.750886178E+01-1.748505917E+01
-1.744361509E+01-1.738424487E+01-1.730672277E+01-1.721088665E+01-1.709664159E+01
-1.696396274E+01-1.681289766E+01-1.664356812E+01-1.645617206E+01-1.625098549E+01
-1.602836448E+01-1.578874748E+01-1.553265797E+01-1.526070737E+01-1.497359925E+01
-1.467213316E+01-1.435720986E+01-1.402983771E+01-1.369114002E+01-1.334236483E+01
-1.298489747E+01-1.262026843E+01-1.224983021E+01-1.186906865E+01-1.148822739E+01
-1.110746019E+01-1.072672581E+01-1.034591705E+01-9.964914011E+00-9.583606533E+00
-9.201904472E+00-8.819743135E+00-8.437087022E+00-8.053933178E+00-7.670314582E+00
-7.286303845E+00-6.902017235E+00-6.517619085E+00-6.133326762E+00-5.749415626E+00
-5.366224826E+00-4.984162972E+00-4.603713964E+00-4.225442827E+00-3.850000904E+00
-3.478130651E+00-3.110668742E+00-2.748547527E+00-2.392793789E+00-2.044524194E+00
-1.704936579E+00-1.375296492E+00-1.056918562E+00-7.511426032E-01-4.593049658E-01
-1.827059825E-01-9.127434113E+00-9.446857036E+00-9.632708128E+00-9.680069617E+00
-9.615360572E+00-9.536663306E+00-9.471167025E+00-9.419003638E+00-9.379561708E+00
-9.352187956E+00-9.336236236E+00-9.331094125E+00-9.336197309E+00-9.351036002E+00
-9.375156048E+00-9.408157190E+00-9.449689722E+00-9.499450308E+00-9.557178244E+00
-9.622651358E+00-9.695682583E+00-9.776116724E+00-9.863827822E+00-9.958716592E+00
-1.006070857E+01-1.016975218E+01-1.028581748E+01-1.040889489E+01-1.053899435E+01
-1.067614454E+01-1.082039234E+01-1.097180241E+01-1.113045641E+01-1.129645175E+01
-1.146989761E+01-1.165090445E+01-1.183955544E+01-1.203582999E+01-1.224181145E+01
-1.245852954E+01-1.268172389E+01-1.290954327E+01-1.314097567E+01-1.337511886E+01
-1.361108837E+01-1.384800759E+01-1.408500738E+01-1.432122667E+01-1.455581306E+01
-1.478792361E+01-1.501672556E+01-1.524139714E+01-1.546112845E+01-1.567512213E+01
-1.588259426E+01-1.608277532E+01-1.627491094E+01-1.645826251E+01-1.663210806E+01
-1.679574296E+01-1.694848019E+01-1.708965110E+01-1.721860578E+01-1.733471308E+01
-1.743736097E+01-1.752595666E+01-1.759992709E+01-1.765871991E+01-1.770180524E+01
-1.772867929E+01-1.773886828E+01-1.773193414E+01-1.770748089E+01-1.766516121E+01
-1.760468328E+01-1.752581703E+01-1.742839899E+01-1.731233606E+01-1.717760801E+01
-1.702426908E+01-1.685244916E+01-1.666235540E+01-1.645427361E+01-1.622856981E+01
-1.598569260E+01-1.572617549E+01-1.545063987E+01-1.515979852E+01-1.485445967E+01
-1.453553184E+01-1.420402931E+01-1.386107907E+01-1.350792832E+01-1.314595262E+01
-1.277666112E+01-1.240161902E+01-1.201987461E+01-1.163265098E+01-1.124669282E+01
-1.086173245E+01-1.047756486E+01-1.009403188E+01-9.711013450E+00-9.328423843E+00
-8.946210499E+00-8.564354387E+00-8.182871898E+00-7.801816891E+00-7.421283529E+00
-7.041409395E+00-6.662378798E+00-6.284426204E+00-5.907840053E+00-5.532966508E+00
-5.160212877E+00-4.790051203E+00-4.423021215E+00-4.059732656E+00-3.700866762E+00
-3.347176185E+00-2.999483552E+00-2.658677670E+00-2.325707352E+00-2.001572313E+00
-1.687311007E+00-1.383985234E+00-1.092661745E+00-8.143911190E-01-5.501846875E-01
-9.058777344E+00-9.378488316E+00-9.564802782E+00-9.612736387E+00-9.530148566E+00
-9.456058488E+00-9.397767931E+00-9.353647776E+00-9.322661037E+00-9.303835577E+00
-9.296299885E+00-9.299296156E+00-9.312176668E+00-9.334392589E+00-9.365481017E+00
-9.405052531E+00-9.452780118E+00-9.508390307E+00-9.571655488E+00-9.642387965E+00
-9.720435222E+00-9.805675911E+00-9.898016772E+00-9.997390158E+00-1.010375202E+01
-1.021708034E+01-1.033737392E+01-1.046465157E+01-1.059895146E+01-1.074033099E+01
-1.088886693E+01-1.104465618E+01-1.120781773E+01-1.137849705E+01-1.155687529E+01
-1.174319090E+01-1.193778996E+01-1.213930838E+01-1.235300291E+01-1.257562785E+01
-1.280392164E+01-1.303659772E+01-1.327270244E+01-1.351133324E+01-1.375160246E+01
-1.399263216E+01-1.423355324E+01-1.447350525E+01-1.471163690E+01-1.494710667E+01
-1.517908333E+01-1.540674681E+01-1.562928914E+01-1.584591520E+01-1.605584331E+01
-1.625830661E+01-1.645255344E+01-1.663784845E+01-1.681347324E+01-1.697872693E+01
-1.713292678E+01-1.727540874E+01-1.740552755E+01-1.752265678E+01-1.762618852E+01
-1.771553299E+01-1.779011836E+01-1.784938909E+01-1.789281026E+01-1.791987114E+01
-1.793009020E+01-1.792302080E+01-1.789825795E+01-1.785544558E+01-1.779428360E+01
-1.771453509E+01-1.761603246E+01-1.749868472E+01-1.736247661E+01-1.720746928E+01
-1.703380093E+01-1.684168761E+01-1.663142409E+01-1.640338554E+01-1.615802948E+01
-1.589589788E+01-1.561762019E+01-1.532391664E+01-1.501560206E+01-1.469359060E+01
-1.435890143E+01-1.401266544E+01-1.365613420E+01-1.329069185E+01-1.291787301E+01
-1.253937395E+01-1.215632180E+01-1.176406082E+01-1.137393950E+01-1.098555356E+01
-1.059865703E+01-1.021308486E+01-9.828722210E+00-9.445492523E+00-9.063354076E+00
-8.682299463E+00-8.302357050E+00-7.923592713E+00-7.546112082E+00-7.170063100E+00
-6.795638273E+00-6.423077225E+00-6.052669188E+00-5.684755200E+00-5.319730238E+00
-4.958044598E+00-4.600205384E+00-4.246776441E+00-3.898378168E+00-3.555685580E+00
-3.219425245E+00-2.890370536E+00-2.569335046E+00-2.257164042E+00-1.954723857E+00
-1.662889336E+00-1.382529390E+00-1.114491128E+00-8.595829046E-01-8.894327003E+00
-9.207720112E+00-9.392457822E+00-9.444418382E+00-9.381663184E+00-9.318126187E+00
-9.271593539E+00-9.240001116E+00-9.221616888E+00-9.215026856E+00-9.219115273E+00
-9.233012324E+00-9.256039593E+00-9.287664403E+00-9.327465378E+00-9.375106799E+00
-9.430320119E+00-9.492890495E+00-9.562646935E+00-9.639455363E+00-9.723213183E+00
-9.813845418E+00-9.911301678E+00-1.001555415E+01-1.012659593E+01-1.024443967E+01
-1.036911708E+01-1.050067814E+01-1.063919103E+01-1.078474188E+01-1.093743529E+01
-1.109739432E+01-1.126476119E+01-1.143969712E+01-1.162238095E+01-1.181300289E+01
-1.201174501E+01-1.221995958E+01-1.244012751E+01-1.266763945E+01-1.290036490E+01
-1.313725008E+01-1.337738026E+01-1.361986277E+01-1.386381424E+01-1.410835949E+01
-1.435263163E+01-1.459577230E+01-1.483693234E+01-1.507527218E+01-1.530996286E+01
-1.554018673E+01-1.576513820E+01-1.598402452E+01-1.619606707E+01-1.640050175E+01
-1.659658021E+01-1.678357069E+01-1.696075856E+01-1.712744733E+01-1.728295913E+01
-1.742663525E+01-1.755783623E+01-1.767594194E+01-1.778035078E+01-1.787047563E+01
-1.794574284E+01-1.800559475E+01-1.804949230E+01-1.807691928E+01-1.808738718E+01
-1.808044169E+01-1.805566970E+01-1.801270682E+01-1.795124537E+01-1.787104203E+01
-1.777192474E+01-1.765379859E+01-1.751665167E+01-1.736055337E+01-1.718565042E+01
-1.699216730E+01-1.678040701E+01-1.655075237E+01-1.630366827E+01-1.603970330E+01
-1.575949312E+01-1.546376324E+01-1.515333267E+01-1.482911865E+01-1.449214124E+01
-1.414352968E+01-1.378452878E+01-1.341650723E+01-1.304096725E+01-1.265954835E+01
-1.227377872E+01-1.187925859E+01-1.148650465E+01-1.109565472E+01-1.070669836E+01
-1.031957481E+01-9.934216856E+00-9.550571034E+00-9.168608072E+00-8.788328717E+00
-8.409767247E+00-8.032994502E+00-7.658119892E+00-7.285293688E+00-6.914708669E+00
-6.546601822E+00-6.181255915E+00-5.819000640E+00-5.460213363E+00-5.105319754E+00
-4.754793470E+00-4.409155289E+00-4.068971419E+00-3.734850825E+00-3.407441396E+00
-3.087424809E+00-2.775510147E+00-2.472426117E+00-2.178911853E+00-1.895706495E+00
-1.623537646E+00-1.363108966E+00-1.115087277E+00-8.657627867E+00-8.958210122E+00
-9.140547986E+00-9.200313453E+00-9.161742561E+00-9.117578476E+00-9.090950630E+00
-9.078815867E+00-9.078623126E+00-9.088689155E+00-9.107894620E+00-9.135474430E+00
-9.170889957E+00-9.213751976E+00-9.263773306E+00-9.320739419E+00-9.384489093E+00
-9.454902160E+00-9.531890997E+00-9.615394967E+00-9.705376485E+00-9.801818294E+00
-9.904721771E+00-1.001410563E+01-1.013000502E+01-1.025247116E+01-1.038157122E+01
-1.051738806E+01-1.066002053E+01-1.080958379E+01-1.096620961E+01-1.113004662E+01
-1.130126066E+01-1.148003459E+01-1.166656713E+01-1.186107049E+01-1.206376625E+01
-1.227759890E+01-1.250245645E+01-1.273389772E+01-1.297029974E+01-1.321068684E+01
-1.345416052E+01-1.369983555E+01-1.394683360E+01-1.419428344E+01-1.444132156E+01
-1.468709265E+01-1.493075040E+01-1.517145821E+01-1.540838976E+01-1.564073024E+01
-1.586767700E+01-1.608844029E+01-1.630224454E+01-1.650832911E+01-1.670594902E+01
-1.689437623E+01-1.707290025E+01-1.724082903E+01-1.739748987E+01-1.754222996E+01
-1.767441675E+01-1.779343821E+01-1.789869658E+01-1.798960548E+01-1.806559137E+01
-1.812609518E+01-1.817057493E+01-1.819851016E+01-1.820940700E+01-1.820280503E+01
-1.817828425E+01-1.813547345E+01-1.807405830E+01-1.799378956E+01-1.789449072E+01
-1.777606406E+01-1.763849554E+01-1.748185948E+01-1.730631176E+01-1.711208482E+01
-1.689948859E+01-1.666891210E+01-1.642082548E+01-1.615578227E+01-1.587442195E+01
-1.557747345E+01-1.526575835E+01-1.494019506E+01-1.460180346E+01-1.425171033E+01
-1.389115478E+01-1.352149454E+01-1.314421200E+01-1.276091711E+01-1.237325032E+01
-1.197951436E+01-1.158373527E+01-1.119055484E+01-1.079984840E+01-1.041150411E+01
-1.002542999E+01-9.641559715E+00-9.259856629E+00-8.880316916E+00-8.502971936E+00
-8.127889969E+00-7.755177905E+00-7.384982544E+00-7.017491704E+00-6.652935317E+00
-6.291586224E+00-5.933760249E+00-5.579816752E+00-5.230157724E+00-4.885227193E+00
-4.545509533E+00-4.211526864E+00-3.883836219E+00-3.563025151E+00-3.249706762E+00
-2.944513577E+00-2.648090422E+00-2.361086375E+00-2.084145848E+00-1.817898989E+00
-1.562951560E+00-1.319874624E+00-8.349276440E+00-8.625726712E+00-8.804060472E+00
-8.881779691E+00-8.859649700E+00-8.852579352E+00-8.859764312E+00-8.876233069E+00
-8.900294409E+00-8.931169491E+00-8.968445173E+00-9.011883800E+00-9.061342116E+00
-9.116732654E+00-9.178003368E+00-9.245126482E+00-9.318092028E+00-9.396904260E+00
-9.481579412E+00-9.572144708E+00-9.668637736E+00-9.771106246E+00-9.879608392E+00
-9.994212848E+00-1.011499940E+01-1.024205917E+01-1.037549542E+01-1.051542404E+01
-1.066197437E+01-1.081528983E+01-1.097552863E+01-1.114286496E+01-1.131748964E+01
-1.149961116E+01-1.168945741E+01-1.188727744E+01-1.209334573E+01-1.231129528E+01
-1.253953994E+01-1.277401846E+01-1.301330088E+01-1.325643734E+01-1.350253496E+01
-1.375071235E+01-1.400009500E+01-1.424981531E+01-1.449901337E+01-1.474683723E+01
-1.499244402E+01-1.523500044E+01-1.547368360E+01-1.570768185E+01-1.593619587E+01
-1.615843924E+01-1.637363979E+01-1.658104041E+01-1.677989982E+01-1.696949368E+01
-1.714911560E+01-1.731807806E+01-1.747571344E+01-1.762137476E+01-1.775443685E+01
-1.787429405E+01-1.798035041E+01-1.807202164E+01-1.814873508E+01-1.820993113E+01
-1.825506636E+01-1.828361772E+01-1.829508794E+01-1.828901246E+01-1.826496648E+01
-1.822257355E+01-1.816151421E+01-1.808153458E+01-1.798245417E+01-1.786417250E+01
-1.772667430E+01-1.757003214E+01-1.739440944E+01-1.720004532E+01-1.698725481E+01
-1.675643101E+01-1.650804724E+01-1.624265952E+01-1.596090935E+01-1.566352710E+01
-1.535133511E+01-1.502525223E+01-1.468629836E+01-1.433560014E+01-1.397439737E+01
-1.360405064E+01-1.322605136E+01-1.284203436E+01-1.245375337E+01-1.206132897E+01
-1.166311147E+01-1.126815311E+01-1.087619945E+01-1.048706354E+01-1.010060899E+01
-9.716742136E+00-9.335409010E+00-8.956593730E+00-8.580318794E+00-8.206645231E+00
-7.835673154E+00-7.467542549E+00-7.102433628E+00-6.740567420E+00-6.382205773E+00
-6.027651470E+00-5.677247639E+00-5.331376845E+00-4.990459755E+00-4.654953045E+00
-4.325346763E+00-4.002160859E+00-3.685941084E+00-3.377253834E+00-3.076680471E+00
-2.784810649E+00-2.502235016E+00-2.229537260E+00-1.967285696E+00-1.716024525E+00
-1.476265015E+00-7.901957419E+00-8.121372274E+00-8.291780329E+00-8.410962580E+00
-8.489646016E+00-8.547759750E+00-8.598922949E+00-8.648732035E+00-8.699617666E+00
-8.752859686E+00-8.809232920E+00-8.869253575E+00-8.933290115E+00-9.001620460E+00
-9.074463908E+00-9.152000827E+00-9.234385112E+00-9.321752806E+00-9.414228334E+00
-9.511928948E+00-9.614968313E+00-9.723459310E+00-9.837516352E+00-9.957257245E+00
-1.008280495E+01-1.021428914E+01-1.035184746E+01-1.049562688E+01-1.064578492E+01
-1.080249099E+01-1.096592751E+01-1.113629120E+01-1.131379458E+01-1.149866771E+01
-1.169116025E+01-1.189154465E+01-1.210012117E+01-1.232066568E+01-1.255123327E+01
-1.278787973E+01-1.302922597E+01-1.327432951E+01-1.352230037E+01-1.377226002E+01
-1.402333715E+01-1.427466766E+01-1.452539513E+01-1.477467136E+01-1.502165716E+01
-1.526552286E+01-1.550544923E+01-1.574062830E+01-1.597026442E+01-1.619357491E+01
-1.640979118E+01-1.661815971E+01-1.681794296E+01-1.700842051E+01-1.718888982E+01
-1.735866749E+01-1.751709034E+01-1.766351652E+01-1.779732712E+01-1.791791974E+01
-1.802470156E+01-1.811709053E+01-1.819451551E+01-1.825641780E+01-1.830225391E+01
-1.833149999E+01-1.834365748E+01-1.833826097E+01-1.831488262E+01-1.827314229E+01
-1.821271776E+01-1.813335200E+01-1.803486167E+01-1.791714373E+01-1.778018116E+01
-1.762404552E+01-1.744890112E+01-1.725499108E+01-1.704263298E+01-1.681222125E+01
-1.656422982E+01-1.629921470E+01-1.601781691E+01-1.572076589E+01-1.540888264E+01
-1.508308461E+01-1.474439034E+01-1.439392529E+01-1.403292886E+01-1.366276308E+01
-1.328492392E+01-1.290105589E+01-1.251294806E+01-1.212150569E+01-1.172224694E+01
-1.132653574E+01-1.093411488E+01-1.054478332E+01-1.015838873E+01-9.774823050E+00
-9.394019686E+00-9.015952124E+00-8.640633407E+00-8.268115935E+00-7.898491824E+00
-7.531892903E+00-7.168490993E+00-6.808498218E+00-6.452166616E+00-6.099787978E+00
-5.751693177E+00-5.408250873E+00-5.069866050E+00-4.736977812E+00-4.410056507E+00
-4.089600418E+00-3.776131402E+00-3.470190085E+00-3.172330210E+00-2.883112289E+00
-2.603096676E+00-2.332836074E+00-2.072867675E+00-1.823705040E+00-1.585829967E+00
-7.567725943E+00-7.764953127E+00-7.930977349E+00-8.064680971E+00-8.170366900E+00
-8.260703129E+00-8.342268816E+00-8.418673993E+00-8.492566444E+00-8.565808651E+00
-8.639713199E+00-8.715227402E+00-8.793055836E+00-8.873738428E+00-8.957701321E+00
-9.045290203E+00-9.136793240E+00-9.232457071E+00-9.332498235E+00-9.437111836E+00
-9.546477849E+00-9.660766283E+00-9.780141118E+00-9.904763534E+00-1.003479475E+01
-1.017039829E+01-1.031174193E+01-1.045899967E+01-1.061235342E+01-1.077199445E+01
-1.093812513E+01-1.111096026E+01-1.129072866E+01-1.147767458E+01-1.167205903E+01
-1.187416112E+01-1.208427922E+01-1.230589034E+01-1.253773857E+01-1.277566420E+01
-1.301822850E+01-1.326448573E+01-1.351354779E+01-1.376453900E+01-1.401659102E+01
-1.426884332E+01-1.452044296E+01-1.477054564E+01-1.501831599E+01-1.526292842E+01
-1.550356764E+01-1.573942966E+01-1.596972288E+01-1.619366848E+01-1.641050178E+01
-1.661947305E+01-1.681984855E+01-1.701091144E+01-1.719196284E+01-1.736232283E+01
-1.752133175E+01-1.766835120E+01-1.780276582E+01-1.792397627E+01-1.803139257E+01
-1.812443545E+01-1.820253613E+01-1.826513783E+01-1.831169869E+01-1.834169587E+01
-1.835463222E+01-1.835004382E+01-1.832750242E+01-1.828662636E+01-1.822709272E+01
-1.814864347E+01-1.805109364E+01-1.793433850E+01-1.779835898E+01-1.764322474E+01
-1.746909799E+01-1.727622135E+01-1.706491103E+01-1.683555958E+01-1.658863847E+01
-1.632470076E+01-1.604438420E+01-1.574841442E+01-1.543760834E+01-1.511287897E+01
-1.477524021E+01-1.442581253E+01-1.406583000E+01-1.369664858E+01-1.331975642E+01
-1.293678621E+01-1.254951393E+01-1.215911756E+01-1.176009978E+01-1.136467702E+01
-1.097262514E+01-1.058375577E+01-1.019791825E+01-9.815000564E+00-9.434929394E+00
-9.057670384E+00-8.683228299E+00-8.311647347E+00-7.943011289E+00-7.577443840E+00
-7.215108900E+00-6.856210478E+00-6.500992850E+00-6.149739965E+00-5.802774859E+00
-5.460458663E+00-5.123188877E+00-4.791397356E+00-4.465547592E+00-4.146131248E+00
-3.833664056E+00-3.528681070E+00-3.231730958E+00-2.943369778E+00-2.664154052E+00
-2.394633252E+00-2.135341933E+00-1.886791554E+00-1.649462279E+00-7.298057460E+00
-7.485108298E+00-7.648140227E+00-7.786375587E+00-7.902373435E+00-8.007779670E+00
-8.106421530E+00-8.200161458E+00-8.290705755E+00-8.379508408E+00-8.467760892E+00
-8.556424466E+00-8.646274036E+00-8.737939043E+00-8.831936878E+00-8.928699318E+00
-9.028592616E+00-9.131933267E+00-9.238999706E+00-9.350041684E+00-9.465287677E+00
-9.584950480E+00-9.709232054E+00-9.838327425E+00-9.972427797E+00-1.011172351E+01
-1.025640620E+01-1.040667116E+01-1.056271915E+01-1.072475837E+01-1.089300609E+01
-1.106769030E+01-1.124905146E+01-1.143734365E+01-1.163283533E+01-1.183580791E+01
-1.204654902E+01-1.226761853E+01-1.249959646E+01-1.273785828E+01-1.298075425E+01
-1.322731552E+01-1.347665302E+01-1.372789272E+01-1.398016912E+01-1.423262479E+01
-1.448441064E+01-1.473468624E+01-1.498262026E+01-1.522739131E+01-1.546818856E+01
-1.570421223E+01-1.593467487E+01-1.615880187E+01-1.637583268E+01-1.658502150E+01
-1.678563832E+01-1.697696972E+01-1.715832005E+01-1.732901237E+01-1.748838931E+01
-1.763581426E+01-1.777067248E+01-1.789236749E+01-1.800031222E+01-1.809393017E+01
-1.817265580E+01-1.823593572E+01-1.828323149E+01-1.831402399E+01-1.832781872E+01
-1.832415258E+01-1.830260078E+01-1.826278558E+01-1.820438506E+01-1.812714166E+01
-1.803087018E+01-1.791546481E+01-1.778090446E+01-1.762725565E+01-1.745467681E+01
-1.726340478E+01-1.705375026E+01-1.682610026E+01-1.658092044E+01-1.631875774E+01
-1.604024354E+01-1.574609656E+01-1.543712652E+01-1.511423864E+01-1.477843848E+01
-1.443083763E+01-1.407266045E+01-1.370525176E+01-1.333008646E+01-1.294877993E+01
-1.256308598E+01-1.217424214E+01-1.177650727E+01-1.138229856E+01-1.099140852E+01
-1.060365521E+01-1.021888797E+01-9.836990648E+00-9.457883460E+00-9.081524485E+00
-8.707910217E+00-8.337076274E+00-7.969098066E+00-7.604091188E+00-7.242211822E+00
-6.883657158E+00-6.528665405E+00-6.177515786E+00-5.830528064E+00-5.488061836E+00
-5.150515113E+00-4.818322745E+00-4.491953699E+00-4.171908031E+00-3.858712868E+00
-3.552917584E+00-3.255088255E+00-2.965801118E+00-2.685635330E+00-2.415165026E+00
-2.154950799E+00-1.905530809E+00-1.667411725E+00-7.070738963E+00-7.251507004E+00
-7.412187982E+00-7.551697119E+00-7.670877045E+00-7.784082631E+00-7.892538011E+00
-7.997183919E+00-8.099056713E+00-8.199145352E+00-8.298348297E+00-8.397458024E+00
-8.497162561E+00-8.598055496E+00-8.700648941E+00-8.805386807E+00-8.912657176E+00
-9.022802861E+00-9.136130466E+00-9.252917914E+00-9.373420906E+00-9.497878043E+00
-9.626515279E+00-9.759549745E+00-9.897192856E+00-1.003965311E+01-1.018713854E+01
-1.033985879E+01-1.049802736E+01-1.066186319E+01-1.083159283E+01-1.100745224E+01
-1.118968904E+01-1.137856537E+01-1.157436228E+01-1.177738761E+01-1.198799217E+01
-1.220697655E+01-1.243763925E+01-1.267522010E+01-1.291752129E+01-1.316350273E+01
-1.341226670E+01-1.366293932E+01-1.391465748E+01-1.416656704E+01-1.441782269E+01
-1.466758814E+01-1.491503653E+01-1.515935090E+01-1.539972477E+01-1.563536292E+01
-1.586548254E+01-1.608931322E+01-1.630609865E+01-1.651509702E+01-1.671558197E+01
-1.690684356E+01-1.708818904E+01-1.725894377E+01-1.741845199E+01-1.756607760E+01
-1.770120468E+01-1.782323782E+01-1.793159281E+01-1.802569639E+01-1.810498681E+01
-1.816891508E+01-1.821694770E+01-1.824857057E+01-1.826329446E+01-1.826066121E+01
-1.824025119E+01-1.820169117E+01-1.814466293E+01-1.806891150E+01-1.797425286E+01
-1.786058091E+01-1.772787239E+01-1.757618984E+01-1.740568522E+01-1.721658503E+01
-1.700919068E+01-1.678388013E+01-1.654111009E+01-1.628141839E+01-1.600542673E+01
-1.571384365E+01-1.540746841E+01-1.508719505E+01-1.475401747E+01-1.440903485E+01
-1.405345861E+01-1.368862028E+01-1.331598134E+01-1.293714427E+01-1.255384950E+01
-1.216726304E+01-1.177174044E+01-1.137961094E+01-1.099065143E+01-1.060466734E+01
-1.022149687E+01-9.841013703E+00-9.463128284E+00-9.087788764E+00-8.714981905E+00
-8.344733749E+00-7.977110252E+00-7.612218145E+00-7.250205608E+00-6.891263138E+00
-6.535624017E+00-6.183564749E+00-5.835405294E+00-5.491508716E+00-5.152280711E+00
-4.818168181E+00-4.489657434E+00-4.167271255E+00-3.851565416E+00-3.543123989E+00
-3.242553510E+00-2.950476215E+00-2.667522114E+00-2.394320080E+00-2.131488082E+00
-1.879622767E+00-1.639288694E+00-6.867857519E+00-7.043867749E+00-7.202081784E+00
-7.341888306E+00-7.465768875E+00-7.583347420E+00-7.697587393E+00-7.809118906E+00
-7.918580226E+00-8.026624751E+00-8.133889249E+00-8.240973812E+00-8.348431169E+00
-8.456763899E+00-8.566425604E+00-8.677825130E+00-8.791331647E+00-8.907280246E+00
-9.025977256E+00-9.147705327E+00-9.272727725E+00-9.401292585E+00-9.533636106E+00
-9.669985819E+00-9.810563305E+00-9.955586481E+00-1.010527185E+01-1.025983645E+01
-1.041949963E+01-1.058448481E+01-1.075502095E+01-1.093134437E+01-1.111369996E+01
-1.130234296E+01-1.149753975E+01-1.169956796E+01-1.190871333E+01-1.212525697E+01
-1.235290346E+01-1.258873814E+01-1.282950426E+01-1.307399755E+01-1.332130839E+01
-1.357056556E+01-1.382090986E+01-1.407149132E+01-1.432146886E+01-1.457001057E+01
-1.481629412E+01-1.505950729E+01-1.529884822E+01-1.553352653E+01-1.576276397E+01
-1.598579461E+01-1.620186652E+01-1.641024179E+01-1.661019776E+01-1.680102777E+01
-1.698204186E+01-1.715256748E+01-1.731195022E+01-1.745955404E+01-1.759476189E+01
-1.771697532E+01-1.782561383E+01-1.792010726E+01-1.799989821E+01-1.806444304E+01
-1.811321431E+01-1.814570484E+01-1.816143250E+01-1.815994644E+01-1.814083399E+01
-1.810372856E+01-1.804831733E+01-1.797434951E+01-1.788164338E+01-1.777009284E+01
-1.763967200E+01-1.749044059E+01-1.732253758E+01-1.713617674E+01-1.693164746E+01
-1.670931588E+01-1.646962686E+01-1.621310617E+01-1.594036277E+01-1.565209234E+01
-1.534908010E+01-1.503220552E+01-1.470244704E+01-1.436088774E+01-1.400872241E+01
-1.364726587E+01-1.327796389E+01-1.290240657E+01-1.252232173E+01-1.213863044E+01
-1.174631734E+01-1.135718396E+01-1.097096517E+01-1.058743881E+01-1.020642399E+01
-9.827779780E+00-9.451404258E+00-9.077233949E+00-8.705244151E+00-8.335449402E+00
-7.967904387E+00-7.602705006E+00-7.239989745E+00-6.879940945E+00-6.522786175E+00
-6.168799417E+00-5.818302092E+00-5.471663920E+00-5.129303124E+00-4.791686192E+00
-4.459326849E+00-4.132784171E+00-3.812659477E+00-3.499592069E+00-3.194253465E+00
-2.897340121E+00-2.609564586E+00-2.331645102E+00-2.064293821E+00-1.808203893E+00
-1.564035795E+00-6.688704649E+00-6.861060956E+00-7.017079351E+00-7.156215259E+00
-7.280601714E+00-7.400394653E+00-7.518055660E+00-7.633949967E+00-7.748477279E+00
-7.862067638E+00-7.975161882E+00-8.088196278E+00-8.201592123E+00-8.315749555E+00
-8.431044639E+00-8.547828896E+00-8.666430047E+00-8.787154226E+00-8.910288219E+00
-9.036101989E+00-9.164851474E+00-9.296780989E+00-9.432125431E+00-9.571112803E+00
-9.713965831E+00-9.860904006E+00-1.001214521E+01-1.016790735E+01-1.032840969E+01
-1.049387421E+01-1.066452701E+01-1.084059933E+01-1.102232868E+01-1.120995959E+01
-1.140374403E+01-1.160394116E+01-1.181081592E+01-1.202463632E+01-1.224720906E+01
-1.247982147E+01-1.271800328E+01-1.296004117E+01-1.320497309E+01-1.345192603E+01
-1.370004405E+01-1.394848080E+01-1.419639922E+01-1.444297180E+01-1.468738070E+01
-1.492881845E+01-1.516648811E+01-1.539960412E+01-1.562739273E+01-1.584909298E+01
-1.606395703E+01-1.627125119E+01-1.647025646E+01-1.666026937E+01-1.684060268E+01
-1.701058589E+01-1.716956581E+01-1.731690692E+01-1.745199160E+01-1.757421996E+01
-1.768300949E+01-1.777779424E+01-1.785802197E+01-1.792315487E+01-1.797267284E+01
-1.800607664E+01-1.802289290E+01-1.802267971E+01-1.800503319E+01-1.796959481E+01
-1.791605876E+01-1.784417933E+01-1.775377782E+01-1.764474811E+01-1.751706324E+01
-1.737077334E+01-1.720600343E+01-1.702295334E+01-1.682189864E+01-1.660319160E+01
-1.636726287E+01-1.611462332E+01-1.584586705E+01-1.556167337E+01-1.526281093E+01
-1.495014127E+01-1.462462376E+01-1.428732100E+01-1.393940543E+01-1.358216784E+01
-1.321702878E+01-1.284555235E+01-1.246942548E+01-1.208894503E+01-1.170106139E+01
-1.131598431E+01-1.093340830E+01-1.055308939E+01-1.017483373E+01-9.798490281E+00
-9.423947058E+00-9.051129286E+00-8.679999651E+00-8.310558825E+00-7.942847034E+00
-7.576945716E+00-7.212979609E+00-6.851119114E+00-6.491582346E+00-6.134637850E+00
-5.780606650E+00-5.429864616E+00-5.082844153E+00-4.740035428E+00-4.401987153E+00
-4.069305761E+00-3.742653919E+00-3.422746902E+00-3.110347307E+00-2.806257481E+00
-2.511309551E+00-2.226353043E+00-1.952240158E+00-1.689809024E+00-1.439865437E+00
-6.527472436E+00-6.696374417E+00-6.850659601E+00-6.988294871E+00-7.110417919E+00
-7.231177951E+00-7.350811678E+00-7.469455775E+00-7.587358654E+00-7.704799341E+00
-7.822075300E+00-7.939493333E+00-8.057361935E+00-8.175985978E+00-8.295662925E+00
-8.416680747E+00-8.539316930E+00-8.663838170E+00-8.790500993E+00-8.919552394E+00
-9.051231015E+00-9.185768285E+00-9.323389568E+00-9.464315619E+00-9.608763487E+00
-9.756948017E+00-9.909082753E+00-1.006538108E+01-1.022605725E+01-1.039132745E+01
-1.056141062E+01-1.073652940E+01-1.091691098E+01-1.110278795E+01-1.129439901E+01
-1.149198977E+01-1.169581365E+01-1.190613229E+01-1.212321597E+01-1.235025631E+01
-1.258458787E+01-1.282313081E+01-1.306471005E+01-1.330842989E+01-1.355343265E+01
-1.379887388E+01-1.404391966E+01-1.428774620E+01-1.452954013E+01-1.476849861E+01
-1.500382965E+01-1.523475266E+01-1.546049885E+01-1.568031180E+01-1.589344807E+01
-1.609917832E+01-1.629678716E+01-1.648557460E+01-1.666485603E+01-1.683396316E+01
-1.699224437E+01-1.713906506E+01-1.727380791E+01-1.739587300E+01-1.750467774E+01
-1.759965665E+01-1.768026139E+01-1.774596125E+01-1.779624435E+01-1.783062032E+01
-1.784862549E+01-1.784982807E+01-1.783383416E+01-1.780029431E+01-1.774891044E+01
-1.767944240E+01-1.759171523E+01-1.748562364E+01-1.736113369E+01-1.721828405E+01
-1.705718654E+01-1.687802689E+01-1.668106573E+01-1.646663996E+01-1.623516410E+01
-1.598713237E+01-1.572312126E+01-1.544379209E+01-1.514989418E+01-1.484226896E+01
-1.452185397E+01-1.418968780E+01-1.384691587E+01-1.349479758E+01-1.313471451E+01
-1.276818012E+01-1.239676969E+01-1.201937905E+01-1.163738657E+01-1.125756023E+01
-1.087959649E+01-1.050327088E+01-1.012840380E+01-9.754848788E+00-9.382490173E+00
-9.011243169E+00-8.641055688E+00-8.271910514E+00-7.903827897E+00-7.536868394E+00
-7.171136020E+00-6.806781515E+00-6.444006131E+00-6.083065451E+00-5.724273368E+00
-5.368006183E+00-5.014706627E+00-4.664887441E+00-4.319134412E+00-3.978108501E+00
-3.642546195E+00-3.313258215E+00-2.991125452E+00-2.677091787E+00-2.372153250E+00
-2.077343229E+00-1.793713695E+00-1.522312768E+00-1.264159326E+00-6.372665370E+00
-6.538659727E+00-6.690298347E+00-6.827070105E+00-6.951294235E+00-7.072507949E+00
-7.193216644E+00-7.313579256E+00-7.433740105E+00-7.553867425E+00-7.674149150E+00
-7.794788345E+00-7.915998986E+00-8.038002182E+00-8.161023060E+00-8.285288204E+00
-8.411023964E+00-8.538454993E+00-8.667803583E+00-8.799289147E+00-8.933128026E+00
-9.069533726E+00-9.208717228E+00-9.350887112E+00-9.496250382E+00-9.645012820E+00
-9.797379498E+00-9.953555530E+00-1.011374658E+01-1.027815949E+01-1.044700281E+01
-1.062048758E+01-1.079882785E+01-1.098224143E+01-1.117095117E+01-1.136518641E+01
-1.156518644E+01-1.177120682E+01-1.198353411E+01-1.220257569E+01-1.243109914E+01
-1.266498990E+01-1.290220260E+01-1.314172867E+01-1.338269624E+01-1.362426004E+01
-1.386558854E+01-1.410586170E+01-1.434427049E+01-1.458001683E+01-1.481231385E+01
-1.504038598E+01-1.526346941E+01-1.548081262E+01-1.569167694E+01-1.589533707E+01
-1.609108189E+01-1.627821464E+01-1.645605382E+01-1.662393375E+01-1.678120476E+01
-1.692723380E+01-1.706140486E+01-1.718311910E+01-1.729179523E+01-1.738686981E+01
-1.746779798E+01-1.753405427E+01-1.758513418E+01-1.762055715E+01-1.763986986E+01
-1.764265125E+01-1.762851780E+01-1.759712978E+01-1.754819733E+01-1.748148625E+01
-1.739682308E+01-1.729409926E+01-1.717327359E+01-1.703437435E+01-1.687750076E+01
-1.670282427E+01-1.651059003E+01-1.630111824E+01-1.607480615E+01-1.583212984E+01
-1.557364672E+01-1.529999860E+01-1.501191441E+01-1.471021412E+01-1.439581322E+01
-1.406972710E+01-1.373307592E+01-1.338708977E+01-1.303311112E+01-1.267258512E+01
-1.230681595E+01-1.193197912E+01-1.155768278E+01-1.118428032E+01-1.081181454E+01
-1.044020435E+01-1.006932545E+01-9.699046725E+00-9.329247957E+00-8.959829194E+00
-8.590716406E+00-8.221866292E+00-7.853269870E+00-7.484956571E+00-7.116998495E+00
-6.749514944E+00-6.382677303E+00-6.016714956E+00-5.651921071E+00-5.288659264E+00
-4.927370531E+00-4.568580220E+00-4.212904812E+00-3.861058174E+00-3.513856384E+00
-3.172220254E+00-2.837174818E+00-2.509844314E+00-2.191441633E+00-1.883251321E+00
-1.586605533E+00-1.302853215E+00-1.033323554E+00-6.229644266E+00-6.392699520E+00
-6.542096994E+00-6.677352906E+00-6.800668450E+00-6.921787527E+00-7.043044266E+00
-7.164507416E+00-7.286232335E+00-7.408293921E+00-7.530787558E+00-7.653828135E+00
-7.777548546E+00-7.902096932E+00-8.027634474E+00-8.154332481E+00-8.282370101E+00
-8.411932234E+00-8.543207840E+00-8.676388555E+00-8.811667634E+00-8.949239235E+00
-9.089297912E+00-9.232038218E+00-9.377654707E+00-9.526341774E+00-9.678293776E+00
-9.833705187E+00-9.992770678E+00-1.015568555E+01-1.032264570E+01-1.049384805E+01
-1.066949060E+01-1.084977281E+01-1.103489541E+01-1.122506040E+01-1.142046983E+01
-1.162132276E+01-1.182780675E+01-1.204007518E+01-1.225987776E+01-1.248758596E+01
-1.271937205E+01-1.295372067E+01-1.318970601E+01-1.342648087E+01-1.366321728E+01
-1.389909971E+01-1.413332386E+01-1.436509688E+01-1.459363695E+01-1.481817386E+01
-1.503794914E+01-1.525221629E+01-1.546024161E+01-1.566130431E+01-1.585469744E+01
-1.603972816E+01-1.621571838E+01-1.638200547E+01-1.653794251E+01-1.668289878E+01
-1.681626046E+01-1.693743095E+01-1.704583157E+01-1.714090208E+01-1.722210179E+01
-1.728891085E+01-1.734083205E+01-1.737739343E+01-1.739815158E+01-1.740269585E+01
-1.739065292E+01-1.736169205E+01-1.731553031E+01-1.725193740E+01-1.717074038E+01
-1.707182725E+01-1.695515000E+01-1.682072711E+01-1.666864544E+01-1.649906229E+01
-1.631220691E+01-1.610838225E+01-1.588796740E+01-1.565141913E+01-1.539927479E+01
-1.513215547E+01-1.485076875E+01-1.455591361E+01-1.424848436E+01-1.392947726E+01
-1.359999745E+01-1.326126965E+01-1.291465268E+01-1.256164432E+01-1.220330127E+01
-1.183439485E+01-1.146661100E+01-1.109955292E+01-1.073294399E+01-1.036655822E+01
-1.000019708E+01-9.633682746E+00-9.266857674E+00-8.899586366E+00-8.531758111E+00
-8.163290051E+00-7.794130890E+00-7.424265065E+00-7.053717436E+00-6.682558764E+00
-6.310912133E+00-5.938960119E+00-5.566953104E+00-5.195218691E+00-4.824172268E+00
-4.454328467E+00-4.086313577E+00-3.720877938E+00-3.358908209E+00-3.001437686E+00
-2.649653345E+00-2.304897306E+00-1.968660209E+00-1.642563940E+00-1.328331789E+00
-1.027745385E+00-7.425898517E-01-6.096565082E+00-6.255401349E+00-6.403630085E+00
-6.536157877E+00-6.656002586E+00-6.776774438E+00-6.898369655E+00-7.020663695E+00
-7.143615782E+00-7.267206924E+00-7.391443819E+00-7.516360745E+00-7.642018731E+00
-7.768503233E+00-7.895921025E+00-8.024396725E+00-8.154069806E+00-8.285091366E+00
-8.417621600E+00-8.551827838E+00-8.687882529E+00-8.825961947E+00-8.966245042E+00
-9.108912539E+00-9.254146343E+00-9.402128991E+00-9.553043414E+00-9.707072464E+00
-9.864399071E+00-1.002520581E+01-1.018967495E+01-1.035798842E+01-1.053032755E+01
-1.070687286E+01-1.088780401E+01-1.107329890E+01-1.126353331E+01-1.145867958E+01
-1.165890588E+01-1.186437774E+01-1.207526857E+01-1.229362643E+01-1.251849973E+01
-1.274659179E+01-1.297660043E+01-1.320763734E+01-1.343887307E+01-1.366949578E+01
-1.389870615E+01-1.412571631E+01-1.434974993E+01-1.457004225E+01-1.478584018E+01
-1.499640262E+01-1.520100096E+01-1.539891937E+01-1.558945550E+01-1.577192090E+01
-1.594564144E+01-1.610995822E+01-1.626422772E+01-1.640782260E+01-1.654013216E+01
-1.666056325E+01-1.676854079E+01-1.686350883E+01-1.694493177E+01-1.701229574E+01
-1.706511067E+01-1.710291288E+01-1.712526792E+01-1.713177423E+01-1.712206729E+01
-1.709582394E+01-1.705276670E+01-1.699266831E+01-1.691535569E+01-1.682071340E+01
-1.670868695E+01-1.657928537E+01-1.643258363E+01-1.626872487E+01-1.608792243E+01
-1.589046169E+01-1.567670263E+01-1.544708212E+01-1.520211639E+01-1.494240468E+01
-1.466863218E+01-1.438157473E+01-1.408210369E+01-1.377119179E+01-1.344992104E+01
-1.311949195E+01-1.278123427E+01-1.243655195E+01-1.208507843E+01-1.172469868E+01
-1.136490502E+01-1.100523619E+01-1.064534282E+01-1.028493828E+01-9.923773816E+00
-9.561627204E+00-9.198297828E+00-8.833605948E+00-8.467393376E+00-8.099525682E+00
-7.729895385E+00-7.358425972E+00-6.985076624E+00-6.609848486E+00-6.232791594E+00
-5.854013664E+00-5.473690300E+00-5.092077282E+00-4.709524946E+00-4.326495053E+00
-3.943580048E+00-3.561524745E+00-3.181249831E+00-2.803875853E+00-2.430745743E+00
-2.063442045E+00-1.703793844E+00-1.353867051E+00-1.015931572E+00-6.924012441E-01
-3.857471911E-01-5.959399490E+00-6.116210203E+00-6.260875910E+00-6.392954590E+00
-6.514606345E+00-6.635396911E+00-6.757479142E+00-6.880701822E+00-7.004899791E+00
-7.129944095E+00-7.255749473E+00-7.382274872E+00-7.509519976E+00-7.637520088E+00
-7.766340650E+00-7.896071963E+00-8.026824505E+00-8.158724942E+00-8.291912513E+00
-8.426536344E+00-8.562753045E+00-8.700724745E+00-8.840617709E+00-8.982600841E+00
-9.126844858E+00-9.273521540E+00-9.422802787E+00-9.574860497E+00-9.729865781E+00
-9.887988764E+00-1.004939827E+01-1.021426140E+01-1.038274323E+01-1.055500647E+01
-1.073121098E+01-1.091151328E+01-1.109606613E+01-1.128501782E+01-1.147851209E+01
-1.167668812E+01-1.187968130E+01-1.208762185E+01-1.230243144E+01-1.252281532E+01
-1.274577461E+01-1.297008360E+01-1.319487558E+01-1.341933803E+01-1.364267575E+01
-1.386410599E+01-1.408285783E+01-1.429817194E+01-1.450930082E+01-1.471550886E+01
-1.491607285E+01-1.511028244E+01-1.529744037E+01-1.547686292E+01-1.564788072E+01
-1.580983934E+01-1.596209952E+01-1.610403809E+01-1.623504858E+01-1.635454228E+01
-1.646194870E+01-1.655671702E+01-1.663831730E+01-1.670624215E+01-1.676000861E+01
-1.679916057E+01-1.682327167E+01-1.683194828E+01-1.682483314E+01-1.680160923E+01
-1.676200347E+01-1.670579056E+01-1.663279676E+01-1.654290318E+01-1.643604895E+01
-1.631223402E+01-1.617152163E+01-1.601404101E+01-1.583998943E+01-1.564963458E+01
-1.544331697E+01-1.522145270E+01-1.498453632E+01-1.473314399E+01-1.446793739E+01
-1.418966767E+01-1.389918075E+01-1.359742322E+01-1.328544864E+01-1.296442465E+01
-1.263562786E+01-1.230015661E+01-1.195438660E+01-1.160497047E+01-1.125486020E+01
-1.090386712E+01-1.055174682E+01-1.019824057E+01-9.843091106E+00-9.486048860E+00
-9.126874762E+00-8.765342029E+00-8.401238025E+00-8.034366461E+00-7.664550279E+00
-7.291635505E+00-6.915495629E+00-6.536037827E+00-6.153209934E+00-5.767009900E+00
-5.377496944E+00-4.984805810E+00-4.589164304E+00-4.190914964E+00-3.790541636E+00
-3.388701881E+00-2.986265613E+00-2.584360219E+00-2.184420664E+00-1.788240792E+00
-1.398017621E+00-1.016374644E+00-6.463446141E-01-2.912921098E-01 4.523251455E-02
-5.826877608E+00-5.979959579E+00-6.122067055E+00-6.252793318E+00-6.374259817E+00
-6.495624942E+00-6.618858182E+00-6.743580830E+00-6.869446135E+00-6.996196897E+00
-7.123661219E+00-7.251739775E+00-7.380392338E+00-7.509625921E+00-7.639484652E+00
-7.770042009E+00-7.901394562E+00-8.033656842E+00-8.166957449E+00-8.301435581E+00
-8.437238748E+00-8.574520371E+00-8.713438046E+00-8.854152405E+00-8.996825536E+00
-9.141620393E+00-9.288699696E+00-9.438225415E+00-9.590358102E+00-9.745256338E+00
-9.903076381E+00-1.006397145E+01-1.022809155E+01-1.039558265E+01-1.056658646E+01
-1.074123970E+01-1.091967369E+01-1.110201340E+01-1.128837708E+01-1.147887535E+01
-1.167360986E+01-1.187267128E+01-1.207613575E+01-1.228552051E+01-1.249992938E+01
-1.271643366E+01-1.293379743E+01-1.315116573E+01-1.336774234E+01-1.358274847E+01
-1.379541814E+01-1.400499725E+01-1.421074381E+01-1.441192801E+01-1.460783241E+01
-1.479775218E+01-1.498099575E+01-1.515688487E+01-1.532475557E+01-1.548395845E+01
-1.563385945E+01-1.577384055E+01-1.590330040E+01-1.602165550E+01-1.612834091E+01
-1.622281165E+01-1.630454400E+01-1.637303714E+01-1.642781514E+01-1.646842908E+01
-1.649445971E+01-1.650552033E+01-1.650125986E+01-1.648136613E+01-1.644556930E+01
-1.639364538E+01-1.632541936E+01-1.624076872E+01-1.613962619E+01-1.602198267E+01
-1.588789014E+01-1.573746387E+01-1.557088503E+01-1.538840356E+01-1.519034036E+01
-1.497709034E+01-1.474912550E+01-1.450699825E+01-1.425134557E+01-1.398289346E+01
-1.370246225E+01-1.341097330E+01-1.310945732E+01-1.279906281E+01-1.248101633E+01
-1.215548602E+01-1.181828558E+01-1.147997112E+01-1.114024424E+01-1.079881918E+01
-1.045540989E+01-1.010972896E+01-9.761488778E+00-9.410403143E+00-9.056188500E+00
-8.698565116E+00-8.337258456E+00-7.972000646E+00-7.602532831E+00-7.228607743E+00
-6.849993557E+00-6.466478620E+00-6.077877795E+00-5.684040616E+00-5.284861967E+00
-4.880295986E+00-4.470374233E+00-4.055229168E+00-3.635125237E+00-3.210499328E+00
-2.782013785E+00-2.350625681E+00-1.917676009E+00-1.485001217E+00-1.055063655E+00
-6.310826086E-01-2.171186017E-01 1.819714234E-01 5.607904339E-01-5.694462380E+00
-5.842424659E+00-5.982271920E+00-6.111878101E+00-6.231960467E+00-6.355492037E+00
-6.481428773E+00-6.608868943E+00-6.737259619E+00-6.866256177E+00-6.995656852E+00
-7.125357946E+00-7.255324670E+00-7.385571996E+00-7.516151732E+00-7.647143348E+00
-7.778647548E+00-7.910781269E+00-8.043673858E+00-8.177464040E+00-8.312297474E+00
-8.448324940E+00-8.585700412E+00-8.724579949E+00-8.865120361E+00-9.007478376E+00
-9.151809662E+00-9.298268191E+00-9.447005492E+00-9.598170101E+00-9.751907005E+00
-9.908357059E+00-1.006765642E+01-1.022993606E+01-1.039532119E+01-1.056393048E+01
-1.073587561E+01-1.091126046E+01-1.109018040E+01-1.127272121E+01-1.145895822E+01
-1.164895462E+01-1.184275955E+01-1.204040460E+01-1.224264005E+01-1.244964632E+01
-1.265847563E+01-1.286777060E+01-1.307666681E+01-1.328437816E+01-1.349014091E+01
-1.369320572E+01-1.389283598E+01-1.408830773E+01-1.427890950E+01-1.446394259E+01
-1.464272132E+01-1.481457356E+01-1.497884124E+01-1.513488091E+01-1.528206439E+01
-1.541977960E+01-1.554743119E+01-1.566444175E+01-1.577025258E+01-1.586432507E+01
-1.594614213E+01-1.601520963E+01-1.607105858E+01-1.611324683E+01-1.614136176E+01
-1.615502265E+01-1.615388358E+01-1.613763629E+01-1.610601345E+01-1.605879151E+01
-1.599579389E+01-1.591689400E+01-1.582201811E+01-1.571114831E+01-1.558432509E+01
-1.544165011E+01-1.528328860E+01-1.510947255E+01-1.492050293E+01-1.471675297E+01
-1.449867162E+01-1.426678687E+01-1.402170997E+01-1.376414020E+01-1.349487051E+01
-1.321479382E+01-1.292491007E+01-1.262632106E+01-1.231995862E+01-1.200294492E+01
-1.167861514E+01-1.135247906E+01-1.102416078E+01-1.069332351E+01-1.035964405E+01
-1.002280163E+01-9.682473166E+00-9.338331605E+00-8.990044930E+00-8.637276160E+00
-8.279683428E+00-7.916920258E+00-7.548636508E+00-7.174479438E+00-6.794095557E+00
-6.407133267E+00-6.013246681E+00-5.612100987E+00-5.203379846E+00-4.786795645E+00
-4.362103833E+00-3.929122574E+00-3.487760042E+00-3.038052919E+00-2.580220822E+00
-2.114744863E+00-1.642483022E+00-1.164842769E+00-6.840416749E-01-2.034924869E-01
 2.716891793E-01 7.342543515E-01 1.175075448E+00-5.547354040E+00-5.687186723E+00
-5.823215529E+00-5.955420208E+00-6.083894095E+00-6.214060179E+00-6.345570722E+00
-6.477527895E+00-6.609518715E+00-6.741350204E+00-6.872945022E+00-7.004294501E+00
-7.135434810E+00-7.266433596E+00-7.397381873E+00-7.528388264E+00-7.659575103E+00
-7.791075047E+00-7.923028871E+00-8.055583257E+00-8.188889105E+00-8.323099992E+00
-8.458370915E+00-8.594857303E+00-8.732713879E+00-8.872093826E+00-9.013148082E+00
-9.156024630E+00-9.300867870E+00-9.447817944E+00-9.597010187E+00-9.748574698E+00
-9.902635504E+00-1.005931021E+01-1.021870930E+01-1.038093543E+01-1.054608286E+01
-1.071423673E+01-1.088547217E+01-1.105985391E+01-1.123743558E+01-1.141825984E+01
-1.160236011E+01-1.178976625E+01-1.198051928E+01-1.217405015E+01-1.237216070E+01
-1.257221505E+01-1.277246605E+01-1.297198477E+01-1.316999202E+01-1.336574055E+01
-1.355849931E+01-1.374755048E+01-1.393218879E+01-1.411172190E+01-1.428547054E+01
-1.445276893E+01-1.461296553E+01-1.476542338E+01-1.490952095E+01-1.504465291E+01
-1.517023068E+01-1.528568356E+01-1.539045972E+01-1.548402752E+01-1.556587672E+01
-1.563552028E+01-1.569249581E+01-1.573636783E+01-1.576672966E+01-1.578320606E+01
-1.578545551E+01-1.577317312E+01-1.574609317E+01-1.570399207E+01-1.564669114E+01
-1.557405954E+01-1.548601706E+01-1.538253689E+01-1.526364817E+01-1.512943894E+01
-1.498005856E+01-1.481572094E+01-1.463670703E+01-1.444336824E+01-1.423612955E+01
-1.401549375E+01-1.378204561E+01-1.353645678E+01-1.327949191E+01-1.301201517E+01
-1.273499223E+01-1.244940874E+01-1.215493762E+01-1.184787691E+01-1.153810298E+01
-1.122547815E+01-1.090975458E+01-1.059063641E+01-1.026780266E+01-9.940915787E+00
-9.609624163E+00-9.273562397E+00-8.932350837E+00-8.585594980E+00-8.232884245E+00
-7.873791231E+00-7.507870449E+00-7.134657542E+00-6.753668449E+00-6.364398941E+00
-5.966324454E+00-5.558900809E+00-5.141565856E+00-4.713742515E+00-4.274844289E+00
-3.824283586E+00-3.361484828E+00-2.885904311E+00-2.397060579E+00-1.894581414E+00
-1.378279080E+00-8.482773019E-01-3.052433867E-01 2.491363081E-01 8.110217961E-01
 1.371354529E+00 1.910659535E+00-5.394075427E+00-5.520039584E+00-5.652055737E+00
-5.790246930E+00-5.933933133E+00-6.075964569E+00-6.215416498E+00-6.352986523E+00
-6.489044524E+00-6.623827527E+00-6.757517477E+00-6.890273075E+00-7.022244313E+00
-7.153579097E+00-7.284426748E+00-7.414939151E+00-7.545270948E+00-7.675579421E+00
-7.806023979E+00-7.936765173E+00-8.067964108E+00-8.199781610E+00-8.332377366E+00
-8.465909246E+00-8.600532604E+00-8.736399598E+00-8.873658487E+00-9.012453237E+00
-9.152922848E+00-9.295200725E+00-9.439414326E+00-9.585684487E+00-9.734124915E+00
-9.884841633E+00-1.003793223E+01-1.019348544E+01-1.035158018E+01-1.051228487E+01
-1.067565666E+01-1.084174030E+01-1.101056691E+01-1.118215241E+01-1.135649475E+01
-1.153356836E+01-1.171331167E+01-1.189559611E+01-1.208033295E+01-1.226824017E+01
-1.245849775E+01-1.264883929E+01-1.283820503E+01-1.302580734E+01-1.321091548E+01
-1.339281640E+01-1.357081117E+01-1.374421369E+01-1.391235089E+01-1.407456359E+01
-1.423020698E+01-1.437865131E+01-1.451928230E+01-1.465150191E+01-1.477472920E+01
-1.488840088E+01-1.499197261E+01-1.508492006E+01-1.516674035E+01-1.523695334E+01
-1.529510360E+01-1.534076186E+01-1.537352728E+01-1.539302954E+01-1.539893115E+01
-1.539092980E+01-1.536876104E+01-1.533220069E+01-1.528106778E+01-1.521522700E+01
-1.513459153E+01-1.503912548E+01-1.492884690E+01-1.480383026E+01-1.466420919E+01
-1.451017939E+01-1.434200172E+01-1.416000506E+01-1.396459024E+01-1.375623368E+01
-1.353549233E+01-1.330300899E+01-1.305951885E+01-1.280585563E+01-1.254292248E+01
-1.227118313E+01-1.198712590E+01-1.169550803E+01-1.140075859E+01-1.110249983E+01
-1.080039073E+01-1.049409307E+01-1.018325878E+01-9.867524218E+00-9.546507635E+00
-9.219806769E+00-8.886997093E+00-8.547629654E+00-8.201228783E+00-7.847289384E+00
-7.485273971E+00-7.114609287E+00-6.734682437E+00-6.344836754E+00-5.944366953E+00
-5.532514047E+00-5.108459517E+00-4.671319285E+00-4.220136618E+00-3.753874995E+00
-3.271409500E+00-2.771517036E+00-2.252863711E+00-1.713986687E+00-1.153264552E+00
-5.688620815E-01 4.138578575E-02 6.802535185E-01 1.351944771E+00 2.065127402E+00
 2.778679551E+00-5.263265559E+00-5.379316203E+00-5.507732764E+00-5.648698766E+00
-5.803595702E+00-5.953360416E+00-6.098642327E+00-6.240547449E+00-6.379751438E+00
-6.516727087E+00-6.651828317E+00-6.785339513E+00-6.917503847E+00-7.048540024E+00
-7.178651737E+00-7.308033343E+00-7.436873052E+00-7.565354701E+00-7.693658621E+00
-7.821961988E+00-7.950438712E+00-8.079259234E+00-8.208590291E+00-8.338594405E+00
-8.469429449E+00-8.601248330E+00-8.734198442E+00-8.868421227E+00-9.004051747E+00
-9.141218364E+00-9.280042033E+00-9.420635948E+00-9.563105148E+00-9.707545767E+00
-9.854044562E+00-1.000267824E+01-1.015351284E+01-1.030660277E+01-1.046199011E+01
-1.061970350E+01-1.077975705E+01-1.094214909E+01-1.110686065E+01-1.127385437E+01
-1.144307458E+01-1.161445307E+01-1.178793277E+01-1.196349326E+01-1.213986265E+01
-1.231875088E+01-1.249833564E+01-1.267688913E+01-1.285353396E+01-1.302752916E+01
-1.319817889E+01-1.336480123E+01-1.352672805E+01-1.368330604E+01-1.383389735E+01
-1.397787983E+01-1.411464737E+01-1.424361024E+01-1.436419554E+01-1.447584817E+01
-1.457803174E+01-1.467022978E+01-1.475194688E+01-1.482271024E+01-1.488207116E+01
-1.492960679E+01-1.496492185E+01-1.498765067E+01-1.499745934E+01-1.499404784E+01
-1.497715251E+01-1.494654842E+01-1.490205192E+01-1.484352312E+01-1.477086839E+01
-1.468404319E+01-1.458305428E+01-1.446796277E+01-1.433888662E+01-1.419600353E+01
-1.403955391E+01-1.386984413E+01-1.368724990E+01-1.349222013E+01-1.328528159E+01
-1.306704382E+01-1.283820404E+01-1.259953345E+01-1.235163233E+01-1.209273106E+01
-1.182206739E+01-1.154765843E+01-1.126923816E+01-1.098651270E+01-1.069916771E+01
-1.040686859E+01-1.010925901E+01-9.805959349E+00-9.496564630E+00-9.180642406E+00
-8.857730209E+00-8.527332593E+00-8.188917590E+00-7.841912651E+00-7.485699601E+00
-7.119609127E+00-6.742913959E+00-6.354820872E+00-5.954461546E+00-5.540881339E+00
-5.113026518E+00-4.669728620E+00-4.209685778E+00-3.731440172E+00-3.233349553E+00
-2.713551349E+00-2.169914659E+00-1.599973575E+00-1.000829102E+00-3.689966196E-01
 2.998431443E-01 1.011259230E+00 1.772725544E+00 2.593905425E+00 3.408270371E+00
-5.171158060E+00-5.282435763E+00-5.408059156E+00-5.548496381E+00-5.701525321E+00
-5.853237145E+00-6.000716508E+00-6.144490649E+00-6.285056040E+00-6.422839885E+00
-6.558207651E+00-6.691476896E+00-6.822930114E+00-6.952824737E+00-7.081399959E+00
-7.208881696E+00-7.335485499E+00-7.461418570E+00-7.586880978E+00-7.712066055E+00
-7.837161065E+00-7.962346891E+00-8.087798267E+00-8.213683389E+00-8.340163873E+00
-8.467394518E+00-8.595522796E+00-8.724688849E+00-8.855025098E+00-8.986655769E+00
-9.119696736E+00-9.254254887E+00-9.390428013E+00-9.528304052E+00-9.667960699E+00
-9.809464776E+00-9.952871599E+00-1.009822431E+01-1.024555289E+01-1.039487350E+01
-1.054618723E+01-1.069947920E+01-1.085471730E+01-1.101185089E+01-1.117080992E+01
-1.133150303E+01-1.149381376E+01-1.165758592E+01-1.182258313E+01-1.198876479E+01
-1.215521984E+01-1.232291892E+01-1.249012142E+01-1.265539020E+01-1.281796632E+01
-1.297713890E+01-1.313223681E+01-1.328261067E+01-1.342762912E+01-1.356667930E+01
-1.369916509E+01-1.382450587E+01-1.394213764E+01-1.405151390E+01-1.415210669E+01
-1.424340753E+01-1.432492890E+01-1.439620544E+01-1.445679549E+01-1.450628257E+01
-1.454427689E+01-1.457041745E+01-1.458437348E+01-1.458584705E+01-1.457457501E+01
-1.455033129E+01-1.451292945E+01-1.446222482E+01-1.439811725E+01-1.432055322E+01
-1.422952869E+01-1.412509155E+01-1.400734422E+01-1.387644665E+01-1.373261913E+01
-1.357614543E+01-1.340737623E+01-1.322673269E+01-1.303470967E+01-1.283187708E+01
-1.261886160E+01-1.239616586E+01-1.216277220E+01-1.191578222E+01-1.166412466E+01
-1.140781787E+01-1.114671292E+01-1.088057339E+01-1.060911031E+01-1.033199715E+01
-1.004887517E+01-9.759354995E+00-9.463015760E+00-9.159403192E+00-8.848026851E+00
-8.528356500E+00-8.199817779E+00-7.861787036E+00-7.513584834E+00-7.154468416E+00
-6.783622810E+00-6.400149794E+00-6.003055009E+00-5.591232283E+00-5.163444874E+00
-4.718302738E+00-4.254235147E+00-3.769457131E+00-3.261928842E+00-2.729305384E+00
-2.168874886E+00-1.577481406E+00-9.514287267E-01-2.863611542E-01 4.228785338E-01
 1.182399756E+00 1.999373679E+00 2.881894058E+00 3.747548501E+00-5.103312364E+00
-5.211330176E+00-5.334422366E+00-5.473179805E+00-5.624640538E+00-5.775922516E+00
-5.923257993E+00-6.066853774E+00-6.207036362E+00-6.344133478E+00-6.478461578E+00
-6.610321553E+00-6.739998692E+00-6.867763473E+00-6.993873604E+00-7.118575095E+00
-7.242103671E+00-7.364685326E+00-7.486537071E+00-7.607867013E+00-7.728874866E+00
-7.849751717E+00-7.970680259E+00-8.091834678E+00-8.213380606E+00-8.335475051E+00
-8.458266310E+00-8.581893738E+00-8.706487630E+00-8.832169137E+00-8.959049680E+00
-9.087231147E+00-9.216805139E+00-9.347852781E+00-9.480444281E+00-9.614638463E+00
-9.750482054E+00-9.888009212E+00-1.002724062E+01-1.016818291E+01-1.031082755E+01
-1.045515005E+01-1.060110872E+01-1.074864356E+01-1.089767482E+01-1.104810128E+01
-1.119979825E+01-1.135261483E+01-1.150637467E+01-1.166089116E+01-1.181592868E+01
-1.197139072E+01-1.212594523E+01-1.228058379E+01-1.243418563E+01-1.258518851E+01
-1.273280833E+01-1.287638059E+01-1.301527198E+01-1.314888633E+01-1.327664216E+01
-1.339796793E+01-1.351230806E+01-1.361912478E+01-1.371789883E+01-1.380812982E+01
-1.388933804E+01-1.396106582E+01-1.402287886E+01-1.407436742E+01-1.411514747E+01
-1.414486236E+01-1.416318449E+01-1.416981751E+01-1.416449834E+01-1.414699961E+01
-1.411713177E+01-1.407474553E+01-1.401973398E+01-1.395203512E+01-1.387163408E+01
-1.377856579E+01-1.367291748E+01-1.355483156E+01-1.342450847E+01-1.328221030E+01
-1.312826395E+01-1.296306463E+01-1.278707721E+01-1.260081806E+01-1.240469914E+01
-1.219799778E+01-1.197792169E+01-1.174970304E+01-1.151691632E+01-1.127916858E+01
-1.103614224E+01-1.078753252E+01-1.053302273E+01-1.027227376E+01-1.000491900E+01
-9.730561374E+00-9.448770223E+00-9.159078700E+00-8.860980212E+00-8.553924310E+00
-8.237311930E+00-7.910489517E+00-7.572741780E+00-7.223283175E+00-6.861247551E+00
-6.485675693E+00-6.095500003E+00-5.689526327E+00-5.266411705E+00-4.824637573E+00
-4.362477180E+00-3.877956642E+00-3.368807788E+00-2.832412788E+00-2.265739448E+00
-1.665268376E+00-1.026915338E+00-3.459564024E-01 3.830294765E-01 1.166177091E+00
 2.010280266E+00 2.924096774E+00 3.816110833E+00-5.055573903E+00-5.160497300E+00
-5.281181607E+00-5.417982717E+00-5.570884594E+00-5.720753323E+00-5.866507276E+00
-6.008448211E+00-6.146811618E+00-6.281858596E+00-6.413864505E+00-6.543110263E+00
-6.669876352E+00-6.794439000E+00-6.917067737E+00-7.038023820E+00-7.157559324E+00
-7.275916398E+00-7.393326984E+00-7.510012624E+00-7.626184420E+00-7.742042913E+00
-7.857778126E+00-7.973569838E+00-8.089587346E+00-8.205989785E+00-8.322926005E+00
-8.440534729E+00-8.558944362E+00-8.678273099E+00-8.798628658E+00-8.920108278E+00
-9.042798439E+00-9.166774472E+00-9.292100440E+00-9.418828509E+00-9.546998746E+00
-9.676638299E+00-9.807760957E+00-9.940366404E+00-1.007443955E+01-1.020994951E+01
-1.034684880E+01-1.048507230E+01-1.062453609E+01-1.076513619E+01-1.090674736E+01
-1.104922180E+01-1.119238828E+01-1.133605116E+01-1.147998467E+01-1.162393040E+01
-1.176754336E+01-1.191064401E+01-1.205290806E+01-1.219368620E+01-1.233280915E+01
-1.246888409E+01-1.260100418E+01-1.272861436E+01-1.285115409E+01-1.296803846E+01
-1.307871430E+01-1.318265481E+01-1.327935003E+01-1.336830627E+01-1.344905087E+01
-1.352113419E+01-1.358413039E+01-1.363763753E+01-1.368127800E+01-1.371469937E+01
-1.373757653E+01-1.374961398E+01-1.375054817E+01-1.374014977E+01-1.371822608E+01
-1.368462295E+01-1.363922713E+01-1.358196824E+01-1.351282092E+01-1.343180733E+01
-1.333899955E+01-1.323452227E+01-1.311855614E+01-1.299134082E+01-1.285317736E+01
-1.270442600E+01-1.254547665E+01-1.237655946E+01-1.219683101E+01-1.200403498E+01
-1.180185984E+01-1.159456659E+01-1.138196737E+01-1.116382168E+01-1.093986508E+01
-1.070981267E+01-1.047335655E+01-1.023016245E+01-9.979866685E+00-9.722073442E+00
-9.456352130E+00-9.182234450E+00-8.899211089E+00-8.606727737E+00-8.304180367E+00
-7.990909317E+00-7.666192360E+00-7.329236113E+00-6.979165559E+00-6.615011518E+00
-6.235695316E+00-5.840009881E+00-5.426597160E+00-4.993920268E+00-4.540229920E+00
-4.063523177E+00-3.561494361E+00-3.031475830E+00-2.470369142E+00-1.874566965E+00
-1.239870171E+00-5.614096951E-01 1.664084114E-01 9.499059153E-01 1.796048756E+00
 2.714724922E+00 3.605039610E+00-5.035758459E+00-5.138811890E+00-5.257358710E+00
-5.391894089E+00-5.540202884E+00-5.687515115E+00-5.830667813E+00-5.969809788E+00
-6.105141623E+00-6.236901326E+00-6.365352875E+00-6.490776080E+00-6.613458479E+00
-6.733688907E+00-6.851752969E+00-6.967929217E+00-7.082487063E+00-7.195685005E+00
-7.307769605E+00-7.418975168E+00-7.529523237E+00-7.639622825E+00-7.749470415E+00
-7.859250160E+00-7.969134155E+00-8.079282834E+00-8.189844890E+00-8.300957826E+00
-8.412747798E+00-8.525329891E+00-8.638808081E+00-8.753275308E+00-8.868813250E+00
-8.985492192E+00-9.103370880E+00-9.222496199E+00-9.342902742E+00-9.464612413E+00
-9.587634040E+00-9.711962617E+00-9.837578879E+00-9.964448391E+00-1.009252104E+01
-1.022172992E+01-1.035199076E+01-1.048320084E+01-1.061523819E+01-1.074796050E+01
-1.088120457E+01-1.101478522E+01-1.114849460E+01-1.128210236E+01-1.141535793E+01
-1.154801133E+01-1.167979298E+01-1.181042984E+01-1.193976070E+01-1.206592529E+01
-1.218956552E+01-1.231027642E+01-1.242708373E+01-1.253906010E+01-1.264564208E+01
-1.274634153E+01-1.284066023E+01-1.292809758E+01-1.300818399E+01-1.308047986E+01
-1.314457160E+01-1.320006899E+01-1.324660270E+01-1.328382346E+01-1.331140638E+01
-1.332905487E+01-1.333650329E+01-1.333351987E+01-1.331990834E+01-1.329551014E+01
-1.326020591E+01-1.321391750E+01-1.315660960E+01-1.308829178E+01-1.300902055E+01
-1.291890161E+01-1.281809283E+01-1.270680512E+01-1.258528870E+01-1.245376708E+01
-1.231216128E+01-1.215923151E+01-1.199381900E+01-1.181932631E+01-1.163924397E+01
-1.145345280E+01-1.126180002E+01-1.106409555E+01-1.086011515E+01-1.064960247E+01
-1.043226986E+01-1.020779808E+01-9.975835199E+00-9.735995590E+00-9.487858112E+00
-9.230964038E+00-8.964814496E+00-8.688867116E+00-8.402532250E+00-8.105167808E+00
-7.796073311E+00-7.474482525E+00-7.139554235E+00-6.790361259E+00-6.425876934E+00
-6.044958445E+00-5.646326696E+00-5.228541095E+00-4.789968977E+00-4.328747231E+00
-3.842734719E+00-3.329452626E+00-2.786009205E+00-2.209005262E+00-1.594416125E+00
-9.374493274E-01-2.323878184E-01 5.275435309E-01 1.350197738E+00 2.242879397E+00
 3.079247449E+00-5.037737088E+00-5.139356663E+00-5.255912916E+00-5.388008419E+00
-5.532537293E+00-5.676636754E+00-5.816318459E+00-5.951632367E+00-6.082791863E+00
-6.210054736E+00-6.333709311E+00-6.454062743E+00-6.571431093E+00-6.686131565E+00
-6.798476593E+00-6.908769316E+00-7.017300657E+00-7.124347672E+00-7.230172286E+00
-7.335021100E+00-7.439125151E+00-7.542700385E+00-7.645947936E+00-7.749054753E+00
-7.852194035E+00-7.955525782E+00-8.059197308E+00-8.163343516E+00-8.268087489E+00
-8.373540451E+00-8.479802160E+00-8.586960990E+00-8.695093887E+00-8.804266372E+00
-8.914532461E+00-9.025934469E+00-9.138502575E+00-9.252254786E+00-9.367196420E+00
-9.483319479E+00-9.600602569E+00-9.719009877E+00-9.838490971E+00-9.958979897E+00
-1.008039463E+01-1.020263638E+01-1.032558898E+01-1.044911819E+01-1.057307106E+01
-1.069727560E+01-1.082154035E+01-1.094565432E+01-1.106938758E+01-1.119249135E+01
-1.131469316E+01-1.143568955E+01-1.155512837E+01-1.167253824E+01-1.178767664E+01
-1.190029781E+01-1.201021660E+01-1.211607935E+01-1.221774404E+01-1.231470501E+01
-1.240632924E+01-1.249195955E+01-1.257112736E+01-1.264341823E+01-1.270844330E+01
-1.276583740E+01-1.281524675E+01-1.285631480E+01-1.288870923E+01-1.291212754E+01
-1.292629991E+01-1.293099098E+01-1.292600150E+01-1.291116923E+01-1.288636998E+01
-1.285151862E+01-1.280657092E+01-1.275152379E+01-1.268641504E+01-1.261131913E+01
-1.252633895E+01-1.243158249E+01-1.232701352E+01-1.221194956E+01-1.208518370E+01
-1.194729143E+01-1.180187824E+01-1.165033501E+01-1.149266441E+01-1.132881144E+01
-1.115867051E+01-1.098209049E+01-1.079887891E+01-1.060880485E+01-1.041160127E+01
-1.020696636E+01-9.994564013E+00-9.774023837E+00-9.544940767E+00-9.306874045E+00
-9.059345796E+00-8.801838828E+00-8.533794184E+00-8.254607636E+00-7.963625277E+00
-7.660138472E+00-7.343377084E+00-7.012501635E+00-6.666593372E+00-6.304642338E+00
-5.925532589E+00-5.528024073E+00-5.110729898E+00-4.672087609E+00-4.210322548E+00
-3.723398870E+00-3.208952925E+00-2.664198498E+00-2.085785446E+00-1.469579605E+00
-8.103098088E-01-1.010137585E-01 6.676793358E-01 1.500341056E+00 2.266944532E+00
-5.060147838E+00-5.160124150E+00-5.274804646E+00-5.404525125E+00-5.548726748E+00
-5.689249705E+00-5.824550690E+00-5.954941350E+00-6.080701773E+00-6.202157281E+00
-6.319662464E+00-6.433586416E+00-6.544300868E+00-6.652171366E+00-6.757550888E+00
-6.860775903E+00-6.962163928E+00-7.062012430E+00-7.160598777E+00-7.258180405E+00
-7.354995718E+00-7.451264918E+00-7.547190951E+00-7.642960687E+00-7.738745750E+00
-7.834703263E+00-7.930976837E+00-8.027697119E+00-8.124982267E+00-8.222938463E+00
-8.321660305E+00-8.421230963E+00-8.521722262E+00-8.623194878E+00-8.725698257E+00
-8.829270536E+00-8.933938271E+00-9.039716434E+00-9.146607822E+00-9.254603019E+00
-9.363679724E+00-9.473802597E+00-9.584922585E+00-9.696976492E+00-9.809886545E+00
-9.923559800E+00-1.003788759E+01-1.015274531E+01-1.026799162E+01-1.038346821E+01
-1.049899961E+01-1.061439256E+01-1.072943585E+01-1.084389945E+01-1.095753299E+01
-1.107006410E+01-1.118119745E+01-1.129061921E+01-1.139802823E+01-1.150311269E+01
-1.160552509E+01-1.170482366E+01-1.180069564E+01-1.189290995E+01-1.198141979E+01
-1.206469875E+01-1.214251792E+01-1.221446405E+01-1.228014177E+01-1.233924726E+01
-1.239149370E+01-1.243642934E+01-1.247369832E+01-1.250299023E+01-1.252402996E+01
-1.253657905E+01-1.254043749E+01-1.253544167E+01-1.252146224E+01-1.249840420E+01
-1.246620770E+01-1.242484124E+01-1.237428156E+01-1.231443989E+01-1.224501433E+01
-1.216543925E+01-1.207536290E+01-1.197499771E+01-1.186597731E+01-1.175041963E+01
-1.162820943E+01-1.149948713E+01-1.136430525E+01-1.122264590E+01-1.107443222E+01
-1.091953658E+01-1.075778607E+01-1.058896683E+01-1.041282713E+01-1.022907976E+01
-1.003740353E+01-9.837444449E+00-9.628816194E+00-9.411100470E+00-9.183846785E+00
-8.946571750E+00-8.698758330E+00-8.439854147E+00-8.169269671E+00-7.886375657E+00
-7.590499915E+00-7.280923645E+00-6.956876395E+00-6.617530665E+00-6.261995006E+00
-5.889305832E+00-5.498418000E+00-5.088192755E+00-4.657383032E+00-4.204614546E+00
-3.728359228E+00-3.226896445E+00-2.698248885E+00-2.140065943E+00-1.549379872E+00
-9.219965666E-01-2.505052825E-01 4.734142959E-01 1.127775225E+00-5.112728502E+00
-5.212311137E+00-5.325423347E+00-5.452466767E+00-5.591490663E+00-5.727277125E+00
-5.857048153E+00-5.981163265E+00-6.100035011E+00-6.214119121E+00-6.323889331E+00
-6.429818038E+00-6.532362471E+00-6.631956532E+00-6.729005955E+00-6.823886569E+00
-6.916944142E+00-7.008495404E+00-7.098829938E+00-7.188211958E+00-7.276882427E+00
-7.365061037E+00-7.452948013E+00-7.540725657E+00-7.628560036E+00-7.716601930E+00
-7.804988213E+00-7.893842519E+00-7.983275954E+00-8.073387962E+00-8.164266443E+00
-8.255988343E+00-8.348619734E+00-8.442215973E+00-8.536821856E+00-8.632471425E+00
-8.729188043E+00-8.826984121E+00-8.925860919E+00-9.025808312E+00-9.126804434E+00
-9.228815480E+00-9.331795116E+00-9.435684362E+00-9.540410999E+00-9.645889216E+00
-9.752019293E+00-9.858687209E+00-9.965764246E+00-1.007310679E+01-1.018055588E+01
-1.028793704E+01-1.039506009E+01-1.050171867E+01-1.060769017E+01-1.071273582E+01
-1.081660146E+01-1.091901990E+01-1.101971430E+01-1.111839564E+01-1.121475912E+01
-1.130848506E+01-1.139926032E+01-1.148676946E+01-1.157066340E+01-1.165046093E+01
-1.172579713E+01-1.179636775E+01-1.186195331E+01-1.192248021E+01-1.197813610E+01
-1.202726882E+01-1.206965025E+01-1.210499584E+01-1.213303154E+01-1.215352595E+01
-1.216628728E+01-1.217114520E+01-1.216793231E+01-1.215646714E+01-1.213654177E+01
-1.210792076E+01-1.207036885E+01-1.202371509E+01-1.196795463E+01-1.190355006E+01
-1.183217077E+01-1.175336177E+01-1.166728865E+01-1.157433734E+01-1.147469817E+01
-1.136848031E+01-1.125572218E+01-1.113640061E+01-1.101043819E+01-1.087770918E+01
-1.073804446E+01-1.059123520E+01-1.043703618E+01-1.027516838E+01-1.010532102E+01
-9.927153639E+00-9.740297315E+00-9.544356241E+00-9.338908724E+00-9.123508138E+00
-8.897683699E+00-8.660941302E+00-8.412763834E+00-8.152611917E+00-7.879924350E+00
-7.594118576E+00-7.294591589E+00-6.980721080E+00-6.651867165E+00-6.307375502E+00
-5.946581938E+00-5.568820115E+00-5.173433128E+00-4.759792483E+00-4.327327874E+00
-3.875576779E+00-3.404268966E+00-2.913482297E+00-2.403958228E+00-1.877836667E+00
-1.340669017E+00-8.065531403E-01-2.994491261E-01-5.194725216E+00-5.294883829E+00
-5.406727344E+00-5.530749947E+00-5.663870776E+00-5.793564030E+00-5.916159514E+00
-6.032127852E+00-6.142125829E+00-6.246831152E+00-6.346904071E+00-6.442964849E+00
-6.535582490E+00-6.625271784E+00-6.712494214E+00-6.797661856E+00-6.881142148E+00
-6.963262812E+00-7.044316585E+00-7.124565471E+00-7.204244604E+00-7.283565323E+00
-7.362718083E+00-7.441874626E+00-7.521190026E+00-7.600804230E+00-7.680843315E+00
-7.761420672E+00-7.842637833E+00-7.924585101E+00-8.007342062E+00-8.090978099E+00
-8.175552508E+00-8.261114812E+00-8.347704727E+00-8.435352274E+00-8.524077627E+00
-8.613891028E+00-8.704792754E+00-8.796772640E+00-8.889810080E+00-8.983873672E+00
-9.078920866E+00-9.174897803E+00-9.271738804E+00-9.369366253E+00-9.467690280E+00
-9.566608369E+00-9.666005080E+00-9.765752049E+00-9.865707559E+00-9.965716533E+00
-1.006561026E+01-1.016520673E+01-1.026431023E+01-1.036271219E+01-1.046019146E+01
-1.055651515E+01-1.065143969E+01-1.074471089E+01-1.083606397E+01-1.092522484E+01
-1.101191219E+01-1.109583588E+01-1.117669266E+01-1.125416548E+01-1.132795348E+01
-1.139777800E+01-1.146338231E+01-1.152451939E+01-1.158090464E+01-1.163207650E+01
-1.167768288E+01-1.171742471E+01-1.175103946E+01-1.177829600E+01-1.179898981E+01
-1.181293603E+01-1.181996296E+01-1.181990764E+01-1.181261603E+01-1.179795077E+01
-1.177580995E+01-1.174615774E+01-1.170906290E+01-1.166473665E+01-1.161350615E+01
-1.155550498E+01-1.149085850E+01-1.141969508E+01-1.134210135E+01-1.125811627E+01
-1.116773071E+01-1.107088853E+01-1.096748941E+01-1.085739164E+01-1.074041519E+01
-1.061634424E+01-1.048493011E+01-1.034589357E+01-1.019892730E+01-1.004369827E+01
-9.879849949E+00-9.707004501E+00-9.524765293E+00-9.332719107E+00-9.130438855E+00
-8.917486142E+00-8.693414298E+00-8.457771810E+00-8.210106216E+00-7.949968601E+00
-7.676919270E+00-7.390534879E+00-7.090417338E+00-6.776205868E+00-6.447592721E+00
-6.104345246E+00-5.746336183E+00-5.373586807E+00-4.986329771E+00-4.585101890E+00
-4.170884715E+00-3.745321326E+00-3.311049415E+00-2.872185479E+00-2.434887051E+00
-2.007566144E+00-1.600008262E+00-5.307845582E+00-5.409230259E+00-5.520164558E+00
-5.640798355E+00-5.770357061E+00-5.892117321E+00-6.004923990E+00-6.109936547E+00
-6.208251119E+00-6.300894448E+00-6.388784064E+00-6.472717920E+00-6.553380498E+00
-6.631356009E+00-6.707143248E+00-6.781169618E+00-6.853803343E+00-6.925363755E+00
-6.996129524E+00-7.066345477E+00-7.136227876E+00-7.205968832E+00-7.275739732E+00
-7.345693956E+00-7.415969086E+00-7.486688797E+00-7.557963998E+00-7.629894172E+00
-7.702568203E+00-7.776064929E+00-7.850453850E+00-7.925795248E+00-8.002140735E+00
-8.079533098E+00-8.158006734E+00-8.237587330E+00-8.318291947E+00-8.400129055E+00
-8.483098063E+00-8.567189476E+00-8.652384461E+00-8.738654770E+00-8.825962302E+00
-8.914259070E+00-9.003486841E+00-9.093576825E+00-9.184449632E+00-9.276014762E+00
-9.368170763E+00-9.460804715E+00-9.553792472E+00-9.646998225E+00-9.740274779E+00
-9.833463433E+00-9.926394337E+00-1.001888657E+01-1.011074861E+01-1.020177894E+01
-1.029176648E+01-1.038049105E+01-1.046772400E+01-1.055322878E+01-1.063676202E+01
-1.071807374E+01-1.079690839E+01-1.087300720E+01-1.094611340E+01-1.101597465E+01
-1.108234122E+01-1.114496033E+01-1.120356561E+01-1.125787089E+01-1.130760236E+01
-1.135250633E+01-1.139235025E+01-1.142692216E+01-1.145602924E+01-1.147949593E+01
-1.149716214E+01-1.150888325E+01-1.151453164E+01-1.151400212E+01-1.150721939E+01
-1.149414787E+01-1.147479891E+01-1.144922917E+01-1.141751934E+01-1.137973178E+01
-1.133591256E+01-1.128608992E+01-1.123026618E+01-1.116841212E+01-1.110046419E+01
-1.102632336E+01-1.094585510E+01-1.085889062E+01-1.076522815E+01-1.066463492E+01
-1.055684914E+01-1.044158246E+01-1.031852226E+01-1.018733455E+01-1.004766656E+01
-9.899150130E+00-9.741404828E+00-9.574041820E+00-9.396667865E+00-9.208889797E+00
-9.010319612E+00-8.800580220E+00-8.579311986E+00-8.346180449E+00-8.100885467E+00
-7.843172205E+00-7.572844415E+00-7.289781535E+00-6.993959691E+00-6.685479192E+00
-6.364599877E+00-6.031787522E+00-5.687775229E+00-5.333643443E+00-4.970923612E+00
-4.601726313E+00-4.228885334E+00-3.856085826E+00-3.487908309E+00-3.129692100E+00
-2.787167502E+00-5.466723021E+00-5.572481760E+00-5.683279935E+00-5.799068692E+00
-5.918862025E+00-6.028337371E+00-6.126829476E+00-6.216452421E+00-6.299022788E+00
-6.376028606E+00-6.448653269E+00-6.517830619E+00-6.584300455E+00-6.648655183E+00
-6.711375276E+00-6.772856225E+00-6.833428036E+00-6.893369893E+00-6.952920871E+00
-7.012288012E+00-7.071652277E+00-7.131173272E+00-7.190992597E+00-7.251236647E+00
-7.312018692E+00-7.373440384E+00-7.435593090E+00-7.498558719E+00-7.562410634E+00
-7.627214079E+00-7.693026539E+00-7.759898049E+00-7.827871438E+00-7.896982400E+00
-7.967259383E+00-8.038723700E+00-8.111389418E+00-8.185263194E+00-8.260344242E+00
-8.336623971E+00-8.414085874E+00-8.492705366E+00-8.572449508E+00-8.653276814E+00
-8.735136892E+00-8.817970524E+00-8.901709157E+00-8.986274897E+00-9.071580318E+00
-9.157528380E+00-9.244012232E+00-9.330915332E+00-9.418111325E+00-9.505464245E+00
-9.592828591E+00-9.680049602E+00-9.766963536E+00-9.853398100E+00-9.939172805E+00
-1.002409952E+01-1.010798299E+01-1.019062139E+01-1.027180719E+01-1.035132782E+01
-1.042896679E+01-1.050450494E+01-1.057772198E+01-1.064839736E+01-1.071630992E+01
-1.078123712E+01-1.084295371E+01-1.090123355E+01-1.095585541E+01-1.100660748E+01
-1.105328969E+01-1.109571512E+01-1.113371012E+01-1.116711451E+01-1.119578138E+01
-1.121957784E+01-1.123838601E+01-1.125210513E+01-1.126065378E+01-1.126397182E+01
-1.126202006E+01-1.125477616E+01-1.124222570E+01-1.122435098E+01-1.120112408E+01
-1.117250176E+01-1.113842045E+01-1.109879248E+01-1.105350315E+01-1.100240902E+01
-1.094533748E+01-1.088208640E+01-1.081242523E+01-1.073609609E+01-1.065281555E+01
-1.056227681E+01-1.046415218E+01-1.035809614E+01-1.024374857E+01-1.012073880E+01
-9.988689550E+00-9.847221996E+00-9.695960938E+00-9.534540870E+00-9.362612596E+00
-9.179850719E+00-8.985962225E+00-8.780696103E+00-8.563854371E+00-8.335305122E+00
-8.094997332E+00-7.842979030E+00-7.579418332E+00-7.304629250E+00-7.019102226E+00
-6.723541244E+00-6.418907330E+00-6.106468470E+00-5.787853940E+00-5.465107298E+00
-5.140726771E+00-4.817675809E+00-4.499341841E+00-4.189426816E+00-3.891770773E+00
-5.682700609E+00-5.799129446E+00-5.911263255E+00-6.018525941E+00-6.120206664E+00
-6.208539876E+00-6.284480575E+00-6.351763256E+00-6.413010291E+00-6.469981211E+00
-6.523879346E+00-6.575554892E+00-6.625629293E+00-6.674572069E+00-6.722748649E+00
-6.770451139E+00-6.817918572E+00-6.865350743E+00-6.912917620E+00-6.960766162E+00
-7.009024968E+00-7.057807981E+00-7.107216890E+00-7.157343219E+00-7.208269550E+00
-7.260070819E+00-7.312814872E+00-7.366563211E+00-7.421371350E+00-7.477289089E+00
-7.534360713E+00-7.592625109E+00-7.652115687E+00-7.712860462E+00-7.774882046E+00
-7.838197304E+00-7.902817425E+00-7.968747728E+00-8.035987345E+00-8.104529146E+00
-8.174359539E+00-8.245458073E+00-8.317797526E+00-8.391343344E+00-8.466053723E+00
-8.541879259E+00-8.618762742E+00-8.696639164E+00-8.775435361E+00-8.855070092E+00
-8.935453881E+00-9.016489057E+00-9.098069636E+00-9.180081637E+00-9.262402883E+00
-9.344903592E+00-9.427446182E+00-9.509885980E+00-9.592071298E+00-9.673844028E+00
-9.755039913E+00-9.835489341E+00-9.915017773E+00-9.993446454E+00-1.007059320E+01
-1.014627316E+01-1.022029969E+01-1.029248489E+01-1.036264005E+01-1.043057609E+01
-1.049610401E+01-1.055903630E+01-1.061918910E+01-1.067638401E+01-1.073044987E+01
-1.078122380E+01-1.082855180E+01-1.087228931E+01-1.091230131E+01-1.094846278E+01
-1.098065896E+01-1.100878571E+01-1.103274965E+01-1.105246754E+01-1.106786456E+01
-1.107887101E+01-1.108541790E+01-1.108743120E+01-1.108482715E+01-1.107750792E+01
-1.106535763E+01-1.104823934E+01-1.102599253E+01-1.099843155E+01-1.096534448E+01
-1.092649295E+01-1.088161250E+01-1.083041357E+01-1.077258300E+01-1.070778602E+01
-1.063566921E+01-1.055586333E+01-1.046798742E+01-1.037165298E+01-1.026646919E+01
-1.015204841E+01-1.002801277E+01-9.894001204E+00-9.749677364E+00-9.594738428E+00
-9.428924914E+00-9.252031274E+00-9.063917997E+00-8.864524802E+00-8.653885414E+00
-8.432144074E+00-8.199574016E+00-7.956598032E+00-7.703811209E+00-7.442005471E+00
-7.172195347E+00-6.895643268E+00-6.613881627E+00-6.328727201E+00-6.042282095E+00
-5.756914401E+00-5.475212371E+00-5.199909996E+00-4.933788073E+00-5.975570782E+00
-6.119253005E+00-6.236320109E+00-6.324388046E+00-6.387631637E+00-6.435035007E+00
-6.474657741E+00-6.510498740E+00-6.544327699E+00-6.577054465E+00-6.609216917E+00
-6.641166494E+00-6.673150782E+00-6.705354839E+00-6.737923811E+00-6.770976133E+00
-6.804611879E+00-6.838917648E+00-6.873970347E+00-6.909839359E+00-6.946588195E+00
-6.984275520E+00-7.022956021E+00-7.062680798E+00-7.103497840E+00-7.145452101E+00
-7.188585659E+00-7.232937875E+00-7.278545114E+00-7.325440943E+00-7.373655780E+00
-7.423216967E+00-7.474148498E+00-7.526470822E+00-7.580200722E+00-7.635351004E+00
-7.691930374E+00-7.749943166E+00-7.809389027E+00-7.870262912E+00-7.932554500E+00
-7.996248266E+00-8.061323054E+00-8.127752032E+00-8.195502264E+00-8.264534704E+00
-8.334803885E+00-8.406257840E+00-8.478837904E+00-8.552478752E+00-8.627108088E+00
-8.702646876E+00-8.779009146E+00-8.856102155E+00-8.933826417E+00-9.012075871E+00
-9.090738111E+00-9.169694584E+00-9.248820907E+00-9.327987103E+00-9.407058149E+00
-9.485894297E+00-9.564351582E+00-9.642282454E+00-9.719536053E+00-9.795959235E+00
-9.871396688E+00-9.945691840E+00-1.001868721E+01-1.009022516E+01-1.016014830E+01
-1.022830064E+01-1.029452861E+01-1.035868193E+01-1.042061466E+01-1.048018593E+01
-1.053726024E+01-1.059170787E+01-1.064340493E+01-1.069223329E+01-1.073808039E+01
-1.078083883E+01-1.082040550E+01-1.085668032E+01-1.088956449E+01-1.091895781E+01
-1.094475543E+01-1.096684460E+01-1.098510082E+01-1.099938478E+01-1.100953906E+01
-1.101538567E+01-1.101672386E+01-1.101332851E+01-1.100494901E+01-1.099130888E+01
-1.097210602E+01-1.094701316E+01-1.091567975E+01-1.087773349E+01-1.083278343E+01
-1.078042317E+01-1.072023511E+01-1.065179535E+01-1.057467929E+01-1.048846836E+01
-1.039275701E+01-1.028716115E+01-1.017132689E+01-1.004494057E+01-9.907739200E+00
-9.759522008E+00-9.600162598E+00-9.429622004E+00-9.247962359E+00-9.055361274E+00
-8.852126970E+00-8.638713365E+00-8.415735323E+00-8.183983468E+00-7.944436871E+00
-7.698273136E+00-7.446873323E+00-7.191819508E+00-6.934882529E+00-6.677997201E+00
-6.423223948E+00-6.172696591E+00-5.928559592E+00-6.346129600E+00-6.545731966E+00
-6.672751431E+00-6.728477257E+00-6.703604883E+00-6.684642589E+00-6.677764510E+00
-6.677165444E+00-6.680758062E+00-6.687481697E+00-6.696722312E+00-6.708095843E+00
-6.721349701E+00-6.736312344E+00-6.752865099E+00-6.770925387E+00-6.790436118E+00
-6.811358877E+00-6.833669238E+00-6.857353332E+00-6.882405405E+00-6.908826169E+00
-6.936621256E+00-6.965800083E+00-6.996375139E+00-7.028360885E+00-7.061773474E+00
-7.096629925E+00-7.132947655E+00-7.170744195E+00-7.210036566E+00-7.250840960E+00
-7.293172390E+00-7.337044369E+00-7.382468480E+00-7.429454100E+00-7.478008125E+00
-7.528134572E+00-7.579834388E+00-7.633105130E+00-7.687940651E+00-7.744330826E+00
-7.802261432E+00-7.861713675E+00-7.922664192E+00-7.985084694E+00-8.048941888E+00
-8.114197164E+00-8.180806630E+00-8.248720841E+00-8.317884756E+00-8.388237779E+00
-8.459713601E+00-8.532240278E+00-8.605740353E+00-8.680130772E+00-8.755323280E+00
-8.831224344E+00-8.907735504E+00-8.984753693E+00-9.062171351E+00-9.139876899E+00
-9.217755134E+00-9.295687503E+00-9.373552657E+00-9.451226843E+00-9.528584299E+00
-9.605497922E+00-9.681839509E+00-9.757480340E+00-9.832291700E+00-9.906145541E+00
-9.978914997E+00-1.005047482E+01-1.012070208E+01-1.018947637E+01-1.025668002E+01
-1.032219801E+01-1.038591794E+01-1.044772956E+01-1.050752426E+01-1.056519421E+01
-1.062063112E+01-1.067372507E+01-1.072436233E+01-1.077242324E+01-1.081777974E+01
-1.086029236E+01-1.089980773E+01-1.093615541E+01-1.096914548E+01-1.099856618E+01
-1.102418170E+01-1.104573071E+01-1.106292508E+01-1.107544935E+01-1.108296041E+01
-1.108508837E+01-1.108143736E+01-1.107158775E+01-1.105509882E+01-1.103151220E+01
-1.100035620E+01-1.096115142E+01-1.091341686E+01-1.085667709E+01-1.079047068E+01
-1.071435930E+01-1.062793766E+01-1.053084451E+01-1.042277414E+01-1.030348850E+01
-1.017282993E+01-1.003073396E+01-9.877241996E+00-9.712514245E+00-9.536841785E+00
-9.350657612E+00-9.154546766E+00-8.949253931E+00-8.735688481E+00-8.514926015E+00
-8.288204456E+00-8.056914990E+00-7.822585481E+00-7.586856472E+00-7.351449394E+00
-7.118127992E+00-6.888653925E+00-6.609201590E+00-6.828125374E+00-6.959337704E+00
-6.998857724E+00-6.957113342E+00-6.902729218E+00-6.861284192E+00-6.830184574E+00
-6.806894827E+00-6.789678116E+00-6.777344584E+00-6.769061764E+00-6.764232759E+00
-6.762419962E+00-6.763296358E+00-6.766613970E+00-6.772182498E+00-6.779854905E+00
-6.789517131E+00-6.801080684E+00-6.814477326E+00-6.829654733E+00-6.846573626E+00
-6.865205005E+00-6.885528582E+00-6.907530762E+00-6.931203705E+00-6.956543945E+00
-6.983551638E+00-7.012229662E+00-7.042583019E+00-7.074618053E+00-7.108342014E+00
-7.143762544E+00-7.180887130E+00-7.219722746E+00-7.260275498E+00-7.302550074E+00
-7.346549549E+00-7.392275064E+00-7.439725398E+00-7.488896690E+00-7.539782243E+00
-7.592372126E+00-7.646653143E+00-7.702608311E+00-7.760216947E+00-7.819454228E+00
-7.880291235E+00-7.942694677E+00-8.006626809E+00-8.072045394E+00-8.138903628E+00
-8.207150132E+00-8.276728920E+00-8.347579437E+00-8.419636831E+00-8.492831719E+00
-8.567090663E+00-8.642336241E+00-8.718487214E+00-8.795458794E+00-8.873163042E+00
-8.951508945E+00-9.030403010E+00-9.109749299E+00-9.189450063E+00-9.269405897E+00
-9.349516137E+00-9.429679330E+00-9.509793431E+00-9.589756200E+00-9.669465671E+00
-9.748820116E+00-9.827718554E+00-9.906060517E+00-9.983746208E+00-1.006067606E+01
-1.013675060E+01-1.021186955E+01-1.028593122E+01-1.035883141E+01-1.043046211E+01
-1.050070985E+01-1.056945397E+01-1.063656436E+01-1.070189926E+01-1.076530254E+01
-1.082660134E+01-1.088560329E+01-1.094209397E+01-1.099583459E+01-1.104655975E+01
-1.109397569E+01-1.113775862E+01-1.117755385E+01-1.121297524E+01-1.124360534E+01
-1.126899609E+01-1.128867064E+01-1.130212575E+01-1.130883520E+01-1.130825450E+01
-1.129982642E+01-1.128298786E+01-1.125717802E+01-1.122184744E+01-1.117646852E+01
-1.112054684E+01-1.105363348E+01-1.097533805E+01-1.088534204E+01-1.078341247E+01
-1.066941527E+01-1.054332831E+01-1.040525311E+01-1.025542579E+01-1.009422568E+01
-9.922181891E+00-9.739977118E+00-9.548448086E+00-9.348581864E+00-9.141508224E+00
-8.928486759E+00-8.710889350E+00-8.490177039E+00-8.267872763E+00-8.045529758E+00
-7.824697397E+00-6.814194912E+00-7.043744469E+00-7.175950723E+00-7.207632622E+00
-7.145264758E+00-7.070595038E+00-7.007878491E+00-6.955318865E+00-6.911266005E+00
-6.874342906E+00-6.843445406E+00-6.817702822E+00-6.796431340E+00-6.779092373E+00
-6.765259503E+00-6.754592952E+00-6.746820431E+00-6.741722684E+00-6.739122493E+00
-6.738876484E+00-6.740868706E+00-6.745005467E+00-6.751211514E+00-6.759426842E+00
-6.769604174E+00-6.781706826E+00-6.795706906E+00-6.811584044E+00-6.829324016E+00
-6.848917761E+00-6.870360394E+00-6.893650495E+00-6.918789444E+00-6.945780590E+00
-6.974628936E+00-7.005340432E+00-7.037921658E+00-7.072379192E+00-7.108719458E+00
-7.146948168E+00-7.187070011E+00-7.229088335E+00-7.273004874E+00-7.318819392E+00
-7.366529406E+00-7.416130111E+00-7.467613822E+00-7.520970060E+00-7.576185311E+00
-7.633242633E+00-7.692121854E+00-7.752799216E+00-7.815247376E+00-7.879435287E+00
-7.945328279E+00-8.012887936E+00-8.082072181E+00-8.152835350E+00-8.225128233E+00
-8.298898232E+00-8.374089479E+00-8.450642994E+00-8.528496958E+00-8.607586837E+00
-8.687845652E+00-8.769204217E+00-8.851591377E+00-8.934934284E+00-9.019158630E+00
-9.104188887E+00-9.189948463E+00-9.276360057E+00-9.363345540E+00-9.450826232E+00
-9.538722822E+00-9.626955211E+00-9.715442317E+00-9.804101597E+00-9.892848461E+00
-9.981595641E+00-1.007025201E+01-1.015872166E+01-1.024690224E+01-1.033468335E+01
-1.042194474E+01-1.050855396E+01-1.059436425E+01-1.067921177E+01-1.076291317E+01
-1.084526270E+01-1.092602961E+01-1.100495527E+01-1.108175094E+01-1.115609506E+01
-1.122763148E+01-1.129596762E+01-1.136067335E+01-1.142128035E+01-1.147728236E+01
-1.152813596E+01-1.157326288E+01-1.161205287E+01-1.164386830E+01-1.166804988E+01
-1.168392418E+01-1.169081239E+01-1.168804069E+01-1.167495235E+01-1.165092099E+01
-1.161536489E+01-1.156776240E+01-1.150766759E+01-1.143472604E+01-1.134869008E+01
-1.124943323E+01-1.113696280E+01-1.101143058E+01-1.087314112E+01-1.072255655E+01
-1.056029822E+01-1.038714436E+01-1.020402363E+01-1.001200439E+01-9.812279732E+00
-9.606148206E+00-9.394991113E+00-9.180246287E+00-8.963379812E+00-8.745856041E+00
-6.969493444E+00-7.205344394E+00-7.337038301E+00-7.363687895E+00-7.280003870E+00
-7.192479209E+00-7.115908280E+00-7.048337118E+00-6.988789765E+00-6.936349519E+00
-6.890191361E+00-6.849597319E+00-6.813954971E+00-6.782748108E+00-6.755544049E+00
-6.731981345E+00-6.711758394E+00-6.694623633E+00-6.680367419E+00-6.668815134E+00
-6.659821710E+00-6.653266743E+00-6.649050948E+00-6.647092807E+00-6.647325971E+00
-6.649697095E+00-6.654163942E+00-6.660693654E+00-6.669261724E+00-6.679850462E+00
-6.692448166E+00-6.707048335E+00-6.723648646E+00-6.742250397E+00-6.762857884E+00
-6.785477765E+00-6.810118708E+00-6.836790641E+00-6.865504597E+00-6.896272158E+00
-6.929105027E+00-6.964014904E+00-7.001012861E+00-7.040109260E+00-7.081313320E+00
-7.124632922E+00-7.170074290E+00-7.217641797E+00-7.267337769E+00-7.319162283E+00
-7.373112819E+00-7.429184452E+00-7.487369419E+00-7.547657123E+00-7.610034049E+00
-7.674483768E+00-7.740986817E+00-7.809520778E+00-7.880060159E+00-7.952576711E+00
-8.027039230E+00-8.103413912E+00-8.181664154E+00-8.261751109E+00-8.343633487E+00
-8.427267830E+00-8.512608828E+00-8.599609244E+00-8.688220338E+00-8.778391682E+00
-8.870071661E+00-8.963207165E+00-9.057743982E+00-9.153626360E+00-9.250797291E+00
-9.349197831E+00-9.448767110E+00-9.549441577E+00-9.651154331E+00-9.753834376E+00
-9.857405434E+00-9.961784727E+00-1.006688136E+01-1.017259471E+01-1.027881222E+01
-1.038540724E+01-1.049223666E+01-1.059913801E+01-1.070592669E+01-1.081239284E+01
-1.091829830E+01-1.102337339E+01-1.112731354E+01-1.122977641E+01-1.133037874E+01
-1.142869382E+01-1.152424903E+01-1.161652433E+01-1.170495104E+01-1.178891184E+01
-1.186774180E+01-1.194073071E+01-1.200712687E+01-1.206614293E+01-1.211696355E+01
-1.215875497E+01-1.219067705E+01-1.221189731E+01-1.222160666E+01-1.221903732E+01
-1.220348156E+01-1.217431140E+01-1.213099814E+01-1.207313156E+01-1.200043752E+01
-1.191279312E+01-1.181023963E+01-1.169299125E+01-1.156144024E+01-1.141615734E+01
-1.125788776E+01-1.108754223E+01-1.090618340E+01-1.071500785E+01-1.051532444E+01
-1.030852884E+01-1.009607626E+01-9.879452450E+00-9.660144091E+00-7.055162757E+00
-7.287285949E+00-7.417338248E+00-7.440493565E+00-7.368585967E+00-7.274801203E+00
-7.188417701E+00-7.109840484E+00-7.038517847E+00-6.973862109E+00-6.915297097E+00
-6.862281426E+00-6.814321462E+00-6.770976015E+00-6.731856489E+00-6.696623971E+00
-6.664985293E+00-6.636688024E+00-6.611516019E+00-6.589284811E+00-6.569837789E+00
-6.553042610E+00-6.538787893E+00-6.526980734E+00-6.517544305E+00-6.510415686E+00
-6.505544287E+00-6.502890159E+00-6.502422805E+00-6.504119887E+00-6.507966315E+00
-6.513953342E+00-6.522077737E+00-6.532340998E+00-6.544748956E+00-6.559310868E+00
-6.576039187E+00-6.594948804E+00-6.616056897E+00-6.639382221E+00-6.664944948E+00
-6.692766039E+00-6.722867241E+00-6.755270422E+00-6.789997408E+00-6.827069790E+00
-6.866508410E+00-6.908333284E+00-6.952563205E+00-6.999215705E+00-7.048306662E+00
-7.099850221E+00-7.153858516E+00-7.210341594E+00-7.269307375E+00-7.330761296E+00
-7.394706548E+00-7.461143682E+00-7.530070847E+00-7.601483709E+00-7.675375412E+00
-7.751736698E+00-7.830555825E+00-7.911818926E+00-7.995509806E+00-8.081610186E+00
-8.170099892E+00-8.260956781E+00-8.354157058E+00-8.449675191E+00-8.547483995E+00
-8.647554747E+00-8.749857111E+00-8.854358897E+00-8.961026064E+00-9.069822365E+00
-9.180708755E+00-9.293643117E+00-9.408579313E+00-9.525466284E+00-9.644247057E+00
-9.764857214E+00-9.887223434E+00-1.001126168E+01-1.013687491E+01-1.026395083E+01
-1.039235908E+01-1.052194840E+01-1.065254326E+01-1.078394046E+01-1.091590527E+01
-1.104816755E+01-1.118041758E+01-1.131230194E+01-1.144341920E+01-1.157331583E+01
-1.170148233E+01-1.182734984E+01-1.195028707E+01-1.206959867E+01-1.218452435E+01
-1.229423944E+01-1.239785786E+01-1.249443681E+01-1.258298432E+01-1.266246965E+01
-1.273183666E+01-1.279002065E+01-1.283596786E+01-1.286865787E+01-1.288712818E+01
-1.289050001E+01-1.287800447E+01-1.284900794E+01-1.280303598E+01-1.273979349E+01
-1.265918174E+01-1.256130986E+01-1.244650128E+01-1.231529399E+01-1.216843501E+01
-1.200686833E+01-1.183171768E+01-1.164426363E+01-1.144591668E+01-1.123818688E+01
-1.102265132E+01-1.080092081E+01-1.057460703E+01-7.123956122E+00-7.356917730E+00
-7.485090450E+00-7.504586209E+00-7.423702168E+00-7.322872863E+00-7.228938815E+00
-7.141858143E+00-7.061290084E+00-6.986848880E+00-6.918131201E+00-6.854735844E+00
-6.796278037E+00-6.742398026E+00-6.692766472E+00-6.647086188E+00-6.605092252E+00
-6.566550633E+00-6.531256456E+00-6.499031439E+00-6.469721491E+00-6.443194389E+00
-6.419337530E+00-6.398055804E+00-6.379269783E+00-6.362913866E+00-6.348935140E+00
-6.337291606E+00-6.327951391E+00-6.320891483E+00-6.316096835E+00-6.313559564E+00
-6.313278254E+00-6.315257158E+00-6.319505695E+00-6.326037889E+00-6.334871746E+00
-6.346028896E+00-6.359534161E+00-6.375415002E+00-6.393701245E+00-6.414424684E+00
-6.437618690E+00-6.463317896E+00-6.491557840E+00-6.522374650E+00-6.555804810E+00
-6.591884766E+00-6.630650684E+00-6.672138261E+00-6.716382247E+00-6.763416605E+00
-6.813273798E+00-6.865984992E+00-6.921579697E+00-6.980085689E+00-7.041528696E+00
-7.105932515E+00-7.173318816E+00-7.243707061E+00-7.317114548E+00-7.393556287E+00
-7.473045083E+00-7.555591653E+00-7.641204506E+00-7.729890105E+00-7.821652980E+00
-7.916495732E+00-8.014419148E+00-8.115422243E+00-8.219502418E+00-8.326655298E+00
-8.436874778E+00-8.550152898E+00-8.666479651E+00-8.785842823E+00-8.908227325E+00
-9.033614913E+00-9.161983250E+00-9.293305229E+00-9.427547675E+00-9.564670125E+00
-9.704623172E+00-9.847346497E+00-9.992766896E+00-1.014079541E+01-1.029132478E+01
-1.044422587E+01-1.059934427E+01-1.075649598E+01-1.091546317E+01-1.107598923E+01
-1.123777335E+01-1.140046530E+01-1.156365920E+01-1.172688774E+01-1.188961590E+01
-1.205123521E+01-1.221105799E+01-1.236831277E+01-1.252214045E+01-1.267159210E+01
-1.281562939E+01-1.295312704E+01-1.308287935E+01-1.320361047E+01-1.331398916E+01
-1.341264871E+01-1.349821133E+01-1.356931747E+01-1.362465864E+01-1.366301323E+01
-1.368328303E+01-1.368452922E+01-1.366600607E+01-1.362719032E+01-1.356780454E+01
-1.348783417E+01-1.338753639E+01-1.326744095E+01-1.312834231E+01-1.297128413E+01
-1.279753542E+01-1.260856036E+01-1.240598217E+01-1.219154312E+01-1.196706251E+01
-1.173439408E+01-1.149538551E+01-7.172773215E+00-7.408506361E+00-7.534168563E+00
-7.549950315E+00-7.447990606E+00-7.340515361E+00-7.240459659E+00-7.146535737E+00
-7.058497822E+00-6.976070356E+00-6.898954024E+00-6.826840920E+00-6.759426961E+00
-6.696420238E+00-6.637547163E+00-6.582555385E+00-6.531215678E+00-6.483321905E+00
-6.438690743E+00-6.397160418E+00-6.358589368E+00-6.322854747E+00-6.289851083E+00
-6.259488624E+00-6.231692040E+00-6.206399198E+00-6.183559981E+00-6.163135188E+00
-6.145095664E+00-6.129421393E+00-6.116100713E+00-6.105129566E+00-6.096510947E+00
-6.090254272E+00-6.086374788E+00-6.084893181E+00-6.085835019E+00-6.089230208E+00
-6.095112905E+00-6.103520739E+00-6.114494722E+00-6.128078628E+00-6.144318829E+00
-6.163263945E+00-6.184964288E+00-6.209471785E+00-6.236839470E+00-6.267121317E+00
-6.300371699E+00-6.336645341E+00-6.375996889E+00-6.418480597E+00-6.464150126E+00
-6.513058271E+00-6.565256723E+00-6.620795875E+00-6.679724542E+00-6.742089924E+00
-6.807937370E+00-6.877310219E+00-6.950249919E+00-7.026795672E+00-7.106984711E+00
-7.190851981E+00-7.278430501E+00-7.369751120E+00-7.464842756E+00-7.563732399E+00
-7.666445224E+00-7.773004634E+00-7.883432457E+00-7.997748746E+00-8.115972059E+00
-8.238119259E+00-8.364205396E+00-8.494243551E+00-8.628244480E+00-8.766216259E+00
-8.908163498E+00-9.054086749E+00-9.203981323E+00-9.357836071E+00-9.515631962E+00
-9.677340157E+00-9.842919640E+00-1.001231494E+01-1.018545285E+01-1.036223889E+01
-1.054255348E+01-1.072624715E+01-1.091313547E+01-1.110299299E+01-1.129554691E+01
-1.149046995E+01-1.168737233E+01-1.188579331E+01-1.208519249E+01-1.228494040E+01
-1.248430893E+01-1.268246266E+01-1.287845019E+01-1.307119733E+01-1.325950256E+01
-1.344203541E+01-1.361733929E+01-1.378384016E+01-1.393986135E+01-1.408364625E+01
-1.421338919E+01-1.432727417E+01-1.442352044E+01-1.450043360E+01-1.455645909E+01
-1.459023565E+01-1.460064469E+01-1.458685409E+01-1.454835274E+01-1.448497515E+01
-1.439691470E+01-1.428472514E+01-1.414931029E+01-1.399190225E+01-1.381402848E+01
-1.361746919E+01-1.340420672E+01-1.317636914E+01-1.293617107E+01-1.268585553E+01
-1.242763886E+01-7.162260991E+00-7.390462306E+00-7.513381100E+00-7.526264015E+00
-7.440431590E+00-7.330378808E+00-7.225267398E+00-7.125728181E+00-7.031572276E+00
-6.942566992E+00-6.858461395E+00-6.778999194E+00-6.703928154E+00-6.633006442E+00
-6.566006884E+00-6.502719206E+00-6.442950941E+00-6.386528065E+00-6.333294319E+00
-6.283110821E+00-6.235855041E+00-6.191420165E+00-6.149713883E+00-6.110657474E+00
-6.074185182E+00-6.040242910E+00-6.008787872E+00-5.979787444E+00-5.953218816E+00
-5.929068038E+00-5.907329794E+00-5.888006446E+00-5.871107844E+00-5.856650693E+00
-5.844658161E+00-5.835159403E+00-5.828189287E+00-5.823787763E+00-5.821999787E+00
-5.822874647E+00-5.826465926E+00-5.832830830E+00-5.842030036E+00-5.854127370E+00
-5.869189259E+00-5.887284494E+00-5.908483994E+00-5.932860214E+00-5.960486948E+00
-5.991439015E+00-6.025791788E+00-6.063620911E+00-6.105002031E+00-6.150010441E+00
-6.198720683E+00-6.251206474E+00-6.307540230E+00-6.367793026E+00-6.432034205E+00
-6.500331376E+00-6.572750140E+00-6.649354046E+00-6.730204558E+00-6.815360932E+00
-6.904880297E+00-6.998817694E+00-7.097226075E+00-7.200156502E+00-7.307658144E+00
-7.419778557E+00-7.536563760E+00-7.658058272E+00-7.784305355E+00-7.915346969E+00
-8.051223970E+00-8.191975876E+00-8.337640747E+00-8.488255027E+00-8.643852993E+00
-8.804466284E+00-8.970122950E+00-9.140846592E+00-9.316654783E+00-9.497557569E+00
-9.683555266E+00-9.874636013E+00-1.007077271E+01-1.027191940E+01-1.047800692E+01
-1.068893810E+01-1.090458170E+01-1.112476578E+01-1.134926988E+01-1.157781629E+01
-1.181005996E+01-1.204557740E+01-1.228385416E+01-1.252427156E+01-1.276609204E+01
-1.300844437E+01-1.325030816E+01-1.349049948E+01-1.372765794E+01-1.396023694E+01
-1.418649883E+01-1.440451725E+01-1.461218909E+01-1.480725787E+01-1.498735151E+01
-1.515003366E+01-1.529286907E+01-1.541349932E+01-1.550972455E+01-1.557958552E+01
-1.562143983E+01-1.563402744E+01-1.561652225E+01-1.556856737E+01-1.549029404E+01
-1.538232374E+01-1.524575434E+01-1.508212973E+01-1.489339406E+01-1.468183045E+01
-1.444998671E+01-1.420059201E+01-1.393646825E+01-1.366044420E+01-1.337527662E+01
-7.144842556E+00-7.370826010E+00-7.490644952E+00-7.500089024E+00-7.408552025E+00
-7.294284078E+00-7.185003088E+00-7.080929217E+00-6.981833084E+00-6.887465802E+00
-6.797579906E+00-6.711939000E+00-6.630322016E+00-6.552525062E+00-6.478361307E+00
-6.407660468E+00-6.340268060E+00-6.276044492E+00-6.214864396E+00-6.156615799E+00
-6.101199809E+00-6.048529709E+00-5.998530678E+00-5.951139207E+00-5.906302577E+00
-5.863978397E+00-5.824134358E+00-5.786747413E+00-5.751803771E+00-5.719298231E+00
-5.689233946E+00-5.661622026E+00-5.636481028E+00-5.613836956E+00-5.593722550E+00
-5.576177210E+00-5.561246599E+00-5.548982252E+00-5.539441376E+00-5.532686458E+00
-5.528784911E+00-5.527808835E+00-5.529834546E+00-5.534942300E+00-5.543216058E+00
-5.554742812E+00-5.569612512E+00-5.587917508E+00-5.609752242E+00-5.635212767E+00
-5.664396480E+00-5.697401562E+00-5.734326709E+00-5.775270695E+00-5.820331979E+00
-5.869608388E+00-5.923196806E+00-5.981192736E+00-6.043690224E+00-6.110781464E+00
-6.182556601E+00-6.259103654E+00-6.340508395E+00-6.426854311E+00-6.518222445E+00
-6.614691635E+00-6.716338554E+00-6.823237821E+00-6.935462130E+00-7.053082596E+00
-7.176168916E+00-7.304789605E+00-7.439012390E+00-7.578904291E+00-7.724531969E+00
-7.875961852E+00-8.033260289E+00-8.196493430E+00-8.365727270E+00-8.541027250E+00
-8.722457907E+00-8.910081964E+00-9.103959465E+00-9.304146516E+00-9.510693309E+00
-9.723642004E+00-9.943023961E+00-1.016885620E+01-1.040113727E+01-1.063984202E+01
-1.088491554E+01-1.113626575E+01-1.139375467E+01-1.165718827E+01-1.192630441E+01
-1.220075884E+01-1.248010925E+01-1.276379712E+01-1.305112689E+01-1.334124357E+01
-1.363310772E+01-1.392547000E+01-1.421684474E+01-1.450548556E+01-1.478936530E+01
-1.506616331E+01-1.533326557E+01-1.558778253E+01-1.582658992E+01-1.604639644E+01
-1.624383882E+01-1.641559996E+01-1.655854073E+01-1.666983313E+01-1.674708133E+01
-1.678842183E+01-1.679259697E+01-1.675900192E+01-1.668770773E+01-1.657946294E+01
-1.643567513E+01-1.625837201E+01-1.605013988E+01-1.581403752E+01-1.555348562E+01
-1.527213677E+01-1.497373483E+01-1.466197761E+01-1.434039620E+01-7.117502648E+00
-7.345891937E+00-7.461310774E+00-7.466844867E+00-7.352015048E+00-7.233150592E+00
-7.120777354E+00-7.013366053E+00-6.910546063E+00-6.811997066E+00-6.717446105E+00
-6.626664744E+00-6.539461068E+00-6.455671295E+00-6.375153116E+00-6.297780609E+00
-6.223441213E+00-6.152033591E+00-6.083466496E+00-6.017658173E+00-5.954535813E+00
-5.894035748E+00-5.836103093E+00-5.780691713E+00-5.727764414E+00-5.677292633E+00
-5.629256432E+00-5.583644387E+00-5.540453621E+00-5.499689334E+00-5.461364924E+00
-5.425501743E+00-5.392128790E+00-5.361282627E+00-5.333007146E+00-5.307353328E+00
-5.284379011E+00-5.264148693E+00-5.246733173E+00-5.232209360E+00-5.220659990E+00
-5.212173279E+00-5.206842525E+00-5.204765989E+00-5.206046307E+00-5.210790209E+00
-5.219108094E+00-5.231113667E+00-5.246923353E+00-5.266656020E+00-5.290432386E+00
-5.318374551E+00-5.350605714E+00-5.387249354E+00-5.428429105E+00-5.474268090E+00
-5.524888604E+00-5.580411641E+00-5.640956583E+00-5.706640876E+00-5.777579726E+00
-5.853885932E+00-5.935669693E+00-6.023038609E+00-6.116097443E+00-6.214948514E+00
-6.319691541E+00-6.430423959E+00-6.547241193E+00-6.670237012E+00-6.799503809E+00
-6.935133186E+00-7.077216314E+00-7.225844439E+00-7.381109403E+00-7.543104188E+00
-7.711923233E+00-7.887662948E+00-8.070421831E+00-8.260300824E+00-8.457403309E+00
-8.661834601E+00-8.873701984E+00-9.093113411E+00-9.320176640E+00-9.554997497E+00
-9.797677632E+00-1.004831152E+01-1.030698286E+01-1.057375956E+01-1.084868815E+01
-1.113178614E+01-1.142303306E+01-1.172235954E+01-1.202963380E+01-1.234464574E+01
-1.266708763E+01-1.299653131E+01-1.333240132E+01-1.367394344E+01-1.402018868E+01
-1.436991229E+01-1.472158871E+01-1.507334331E+01-1.542290412E+01-1.576755802E+01
-1.610411929E+01-1.642892135E+01-1.673784565E+01-1.702640184E+01-1.728986770E+01
-1.752348527E+01-1.772269246E+01-1.788335764E+01-1.800198239E+01-1.807585160E+01
-1.810312646E+01-1.808289070E+01-1.801516521E+01-1.790090266E+01-1.774196731E+01
-1.754109625E+01-1.730183214E+01-1.702841384E+01-1.672561420E+01-1.639852773E+01
-1.605232587E+01-1.569201478E+01-1.532223256E+01-7.028843053E+00-7.245401583E+00
-7.357501114E+00-7.360784291E+00-7.265567444E+00-7.147144258E+00-7.033430422E+00
-6.924308565E+00-6.819201765E+00-6.717701097E+00-6.619533051E+00-6.524513909E+00
-6.432514521E+00-6.343437215E+00-6.257202209E+00-6.173740001E+00-6.092987357E+00
-6.014885807E+00-5.939380942E+00-5.866422725E+00-5.795965846E+00-5.727970236E+00
-5.662401618E+00-5.599232177E+00-5.538440793E+00-5.480013442E+00-5.423943583E+00
-5.370232239E+00-5.318888317E+00-5.269928480E+00-5.223377394E+00-5.179267601E+00
-5.137639526E+00-5.098541473E+00-5.062029544E+00-5.028167293E+00-4.997025990E+00
-4.968684082E+00-4.943227220E+00-4.920747994E+00-4.901345572E+00-4.885125700E+00
-4.872200037E+00-4.862686150E+00-4.856706924E+00-4.854390289E+00-4.855868705E+00
-4.861278731E+00-4.870760587E+00-4.884457450E+00-4.902515217E+00-4.925081554E+00
-4.952305707E+00-4.984337668E+00-5.021327627E+00-5.063425577E+00-5.110780526E+00
-5.163540141E+00-5.221850280E+00-5.285854512E+00-5.355693690E+00-5.431505909E+00
-5.513425991E+00-5.601585531E+00-5.696112853E+00-5.797133048E+00-5.904768175E+00
-6.019137535E+00-6.140357947E+00-6.268544378E+00-6.403810415E+00-6.546268899E+00
-6.696032747E+00-6.853215625E+00-7.017932935E+00-7.190302481E+00-7.370445531E+00
-7.558487614E+00-7.754559297E+00-7.958796942E+00-8.171343410E+00-8.392348418E+00
-8.621968932E+00-8.860369090E+00-9.107719924E+00-9.364198533E+00-9.629986902E+00
-9.905269854E+00-1.019023256E+01-1.048505639E+01-1.078991440E+01-1.110496456E+01
-1.143034162E+01-1.176614630E+01-1.211243224E+01-1.246918912E+01-1.283632174E+01
-1.321362441E+01-1.360074906E+01-1.399716638E+01-1.440211839E+01-1.481456130E+01
-1.523309707E+01-1.565589291E+01-1.608058905E+01-1.650419755E+01-1.692300008E+01
-1.733246204E+01-1.772719303E+01-1.810099902E+01-1.844707390E+01-1.875835115E+01
-1.902797263E+01-1.924976570E+01-1.941861146E+01-1.953064851E+01-1.958333464E+01
-1.957542730E+01-1.950694117E+01-1.937911764E+01-1.919441630E+01-1.895651757E+01
-1.867030603E+01-1.834178456E+01-1.797786514E+01-1.758600321E+01-1.717370926E+01
-1.674804630E+01-1.631524369E+01-6.930079054E+00-7.138435139E+00-7.245340593E+00
-7.246990987E+00-7.152603060E+00-7.036316021E+00-6.924379011E+00-6.815893531E+00
-6.710139756E+00-6.606827787E+00-6.505867479E+00-6.407247052E+00-6.310978797E+00
-6.217076544E+00-6.125547661E+00-6.036391203E+00-5.949598697E+00-5.865155922E+00
-5.783044989E+00-5.703246161E+00-5.625739855E+00-5.550508144E+00-5.477536019E+00
-5.406812643E+00-5.338332266E+00-5.272094846E+00-5.208106846E+00-5.146381662E+00
-5.086940057E+00-5.029810279E+00-4.975028656E+00-4.922639393E+00-4.872694892E+00
-4.825255826E+00-4.780391026E+00-4.738177676E+00-4.698701074E+00-4.662054676E+00
-4.628339935E+00-4.597666144E+00-4.570150201E+00-4.545916488E+00-4.525096403E+00
-4.507828315E+00-4.494256859E+00-4.484532816E+00-4.478812443E+00-4.477257001E+00
-4.480032322E+00-4.487307979E+00-4.499256936E+00-4.516054557E+00-4.537878141E+00
-4.564906164E+00-4.597317421E+00-4.635290509E+00-4.679003000E+00-4.728630850E+00
-4.784347771E+00-4.846324559E+00-4.914728739E+00-4.989724251E+00-5.071470859E+00
-5.160124229E+00-5.255835812E+00-5.358752843E+00-5.469018577E+00-5.586772724E+00
-5.712151803E+00-5.845289928E+00-5.986319402E+00-6.135371818E+00-6.292578967E+00
-6.458073978E+00-6.631992622E+00-6.814474607E+00-7.005665042E+00-7.205715653E+00
-7.414786479E+00-7.633047213E+00-7.860678618E+00-8.097873830E+00-8.344839655E+00
-8.601797516E+00-8.868984321E+00-9.146652974E+00-9.435072492E+00-9.734527615E+00
-1.004531762E+01-1.036775450E+01-1.070216000E+01-1.104886102E+01-1.140818361E+01
-1.178044440E+01-1.216593946E+01-1.256492927E+01-1.297761929E+01-1.340413458E+01
-1.384448734E+01-1.429853500E+01-1.476592631E+01-1.524603301E+01-1.573786181E+01
-1.623994224E+01-1.675018347E+01-1.726569238E+01-1.778254740E+01-1.829553145E+01
-1.879785565E+01-1.928097264E+01-1.973468320E+01-2.014778231E+01-2.050924936E+01
-2.080950933E+01-2.104117585E+01-2.119915101E+01-2.128036864E+01-2.128348169E+01
-2.120864322E+01-2.105742117E+01-2.083284234E+01-2.053954508E+01-2.018399547E+01
-1.977466270E+01-1.932194287E+01-1.883755458E+01-1.833333237E+01-1.781985618E+01
-1.730558409E+01-6.814380640E+00-7.011659437E+00-7.109419307E+00-7.113796954E+00
-7.009876622E+00-6.903581659E+00-6.798534904E+00-6.692946606E+00-6.587462715E+00
-6.482700973E+00-6.379108719E+00-6.276995629E+00-6.176574105E+00-6.077988507E+00
-5.981335400E+00-5.886677628E+00-5.794054235E+00-5.703487599E+00-5.614989147E+00
-5.528563290E+00-5.444210739E+00-5.361931217E+00-5.281725355E+00-5.203596305E+00
-5.127551316E+00-5.053602563E+00-4.981768130E+00-4.912072759E+00-4.844548285E+00
-4.779234265E+00-4.716178293E+00-4.655436237E+00-4.597072516E+00-4.541160332E+00
-4.487781794E+00-4.437027914E+00-4.388998766E+00-4.343803367E+00-4.301559837E+00
-4.262395041E+00-4.226444670E+00-4.193852925E+00-4.164772320E+00-4.139363408E+00
-4.117794264E+00-4.100240257E+00-4.086883369E+00-4.077911693E+00-4.073518838E+00
-4.073903059E+00-4.079266830E+00-4.089815656E+00-4.105757408E+00-4.127301572E+00
-4.154657988E+00-4.188036378E+00-4.227645007E+00-4.273690247E+00-4.326375437E+00
-4.385900372E+00-4.452460392E+00-4.526246151E+00-4.607442982E+00-4.696230625E+00
-4.792783263E+00-4.897269329E+00-5.009852013E+00-5.130689504E+00-5.259935695E+00
-5.397740933E+00-5.544253085E+00-5.699618753E+00-5.863984465E+00-6.037498478E+00
-6.220312363E+00-6.412582809E+00-6.614473679E+00-6.826158013E+00-7.047820397E+00
-7.279658930E+00-7.521887825E+00-7.774739539E+00-8.038467211E+00-8.313346832E+00
-8.599679650E+00-8.897794174E+00-9.208047993E+00-9.530829463E+00-9.866558976E+00
-1.021568954E+01-1.057870680E+01-1.095612786E+01-1.134849903E+01-1.175639145E+01
-1.218039440E+01-1.262110574E+01-1.307911760E+01-1.355499688E+01-1.404925845E+01
-1.456232859E+01-1.509449588E+01-1.564584504E+01-1.621616808E+01-1.680484331E+01
-1.741066926E+01-1.803162995E+01-1.866455461E+01-1.930460698E+01-1.994450321E+01
-2.057336234E+01-2.117543693E+01-2.173036358E+01-2.221740422E+01-2.262091560E+01
-2.293152504E+01-2.314429439E+01-2.325694693E+01-2.326886732E+01-2.318066200E+01
-2.299406878E+01-2.271212035E+01-2.233955891E+01-2.188357033E+01-2.135493458E+01
-2.076942712E+01-2.014800673E+01-1.951293915E+01-1.888163522E+01-1.826461473E+01
-6.658390809E+00-6.823407987E+00-6.912112261E+00-6.919857754E+00-6.861183448E+00
-6.770945126E+00-6.669672146E+00-6.564032786E+00-6.456731449E+00-6.349128315E+00
-6.242000098E+00-6.135825894E+00-6.030915026E+00-5.927472331E+00-5.825635075E+00
-5.725495256E+00-5.627113863E+00-5.530530966E+00-5.435772687E+00-5.342856203E+00
-5.251793767E+00-5.162595624E+00-5.075272450E+00-4.989837169E+00-4.906306486E+00
-4.824702030E+00-4.745051382E+00-4.667388897E+00-4.591756340E+00-4.518203509E+00
-4.446788520E+00-4.377578429E+00-4.310649395E+00-4.246087034E+00-4.183986611E+00
-4.124453206E+00-4.067601863E+00-4.013557714E+00-3.962456018E+00-3.914441979E+00
-3.869670977E+00-3.828308189E+00-3.790528473E+00-3.756516067E+00-3.726464244E+00
-3.700574834E+00-3.679057706E+00-3.662130122E+00-3.650016008E+00-3.642945151E+00
-3.641152294E+00-3.644876155E+00-3.654358381E+00-3.669842460E+00-3.691572577E+00
-3.719792450E+00-3.754744209E+00-3.796667226E+00-3.845797086E+00-3.902364562E+00
-3.966594748E+00-4.038706277E+00-4.118910720E+00-4.207412206E+00-4.304407180E+00
-4.410084441E+00-4.524625306E+00-4.648204116E+00-4.780989067E+00-4.923143191E+00
-5.074825466E+00-5.236192581E+00-5.407400440E+00-5.588606325E+00-5.779971101E+00
-5.981661508E+00-6.193853067E+00-6.416732532E+00-6.650501194E+00-6.895377835E+00
-7.151602083E+00-7.419437833E+00-7.699176915E+00-7.991142482E+00-8.295693144E+00
-8.613226718E+00-8.944184118E+00-9.289053541E+00-9.648374361E+00-1.002274111E+01
-1.041280735E+01-1.081928900E+01-1.124296715E+01-1.168469026E+01-1.214537468E+01
-1.262600338E+01-1.312762190E+01-1.365133030E+01-1.419826978E+01-1.476960195E+01
-1.536647793E+01-1.598999468E+01-1.664113309E+01-1.732067222E+01-1.802907038E+01
-1.876629565E+01-1.953157584E+01-2.032299770E+01-2.113677794E+01-2.196563792E+01
-2.279365176E+01-2.357395429E+01-2.423993560E+01-2.477444175E+01-2.517711917E+01
-2.544949449E+01-2.559318389E+01-2.560965300E+01-2.550021701E+01-2.526618706E+01
-2.490920139E+01-2.443172498E+01-2.383777770E+01-2.313440455E+01-2.233616081E+01
-2.148531066E+01-2.065661963E+01-1.987450265E+01-1.913879086E+01-6.617283277E+00
-6.796306523E+00-6.881349388E+00-6.868825242E+00-6.773125243E+00-6.660105384E+00
-6.547243044E+00-6.434158611E+00-6.321025244E+00-6.208230355E+00-6.096130824E+00
-5.985005004E+00-5.875058246E+00-5.766437863E+00-5.659247947E+00-5.553560560E+00
-5.449425108E+00-5.346875002E+00-5.245933172E+00-5.146616048E+00-5.048937065E+00
-4.952909067E+00-4.858546395E+00-4.765866779E+00-4.674892400E+00-4.585651194E+00
-4.498177791E+00-4.412514191E+00-4.328710392E+00-4.246825139E+00-4.166926236E+00
-4.089090986E+00-4.013406697E+00-3.939970882E+00-3.868891688E+00-3.800288109E+00
-3.734290186E+00-3.671039239E+00-3.610687992E+00-3.553400638E+00-3.499352872E+00
-3.448731835E+00-3.401735935E+00-3.358574651E+00-3.319468162E+00-3.284646910E+00
-3.254351004E+00-3.228829548E+00-3.208339810E+00-3.193146268E+00-3.183519541E+00
-3.179735218E+00-3.182072558E+00-3.190813125E+00-3.206239350E+00-3.228633044E+00
-3.258273918E+00-3.295438089E+00-3.340396670E+00-3.393414426E+00-3.454748545E+00
-3.524647610E+00-3.603350707E+00-3.691086828E+00-3.788074457E+00-3.894521508E+00
-4.010625545E+00-4.136574258E+00-4.272546408E+00-4.418712989E+00-4.575238768E+00
-4.742284059E+00-4.920007092E+00-5.108566408E+00-5.308123504E+00-5.518846221E+00
-5.740911698E+00-5.974510313E+00-6.219849186E+00-6.477156557E+00-6.746685883E+00
-7.028720403E+00-7.323578109E+00-7.631616745E+00-7.953239130E+00-8.288899222E+00
-8.639107869E+00-9.004439751E+00-9.385540146E+00-9.783132819E+00-1.019802778E+01
-1.063113038E+01-1.108345034E+01-1.155611146E+01-1.205036177E+01-1.256758367E+01
-1.310930343E+01-1.367719994E+01-1.427311159E+01-1.489903950E+01-1.555714672E+01
-1.624975099E+01-1.697931063E+01-1.774840341E+01-1.855970229E+01-1.941595914E+01
-2.032002310E+01-2.127495928E+01-2.228444046E+01-2.335392729E+01-2.449299215E+01
-2.556045988E+01-2.641388299E+01-2.707658065E+01-2.755065970E+01-2.786390112E+01
-2.803034562E+01-2.805208579E+01-2.792015265E+01-2.761899832E+01-2.716646091E+01
-2.656881984E+01-2.582183034E+01-2.490912633E+01-2.380496410E+01-2.263374537E+01
-2.160836046E+01-2.068729220E+01-1.984683128E+01-6.555935773E+00-6.738917617E+00
-6.820713356E+00-6.797658547E+00-6.671874641E+00-6.544677485E+00-6.420800817E+00
-6.298860700E+00-6.178397541E+00-6.059227070E+00-5.941305831E+00-5.824650409E+00
-5.709296029E+00-5.595277992E+00-5.482624665E+00-5.371356220E+00-5.261485700E+00
-5.153021061E+00-5.045967467E+00-4.940329171E+00-4.836111808E+00-4.733323652E+00
-4.631977232E+00-4.532090356E+00-4.433687294E+00-4.336799368E+00-4.241465820E+00
-4.147734284E+00-4.055661535E+00-3.965313840E+00-3.876767404E+00-3.790108942E+00
-3.705435957E+00-3.622857210E+00-3.542493101E+00-3.464476016E+00-3.388950667E+00
-3.316074408E+00-3.246017490E+00-3.178963250E+00-3.115108266E+00-3.054662390E+00
-2.997848701E+00-2.944903349E+00-2.896075256E+00-2.851625673E+00-2.811827609E+00
-2.776965058E+00-2.747332096E+00-2.723231758E+00-2.704974801E+00-2.692878235E+00
-2.687263779E+00-2.688456106E+00-2.696781047E+00-2.712563666E+00-2.736126331E+00
-2.767786746E+00-2.807856073E+00-2.856637104E+00-2.914422599E+00-2.981493820E+00
-3.058119285E+00-3.144553829E+00-3.241037988E+00-3.347797747E+00-3.465044665E+00
-3.592976443E+00-3.731777883E+00-3.881622314E+00-4.042673424E+00-4.215087451E+00
-4.399015979E+00-4.594608843E+00-4.802017613E+00-5.021399334E+00-5.252920624E+00
-5.496761972E+00-5.753122620E+00-6.022225331E+00-6.304321905E+00-6.599698656E+00
-6.908682558E+00-7.231647551E+00-7.569021587E+00-7.921294005E+00-8.289023684E+00
-8.672848181E+00-9.073493505E+00-9.491785268E+00-9.928661171E+00-1.038518495E+01
-1.086256239E+01-1.136215910E+01-1.188552102E+01-1.243439721E+01-1.301076578E+01
-1.361686208E+01-1.425520993E+01-1.492865459E+01-1.564039719E+01-1.639402932E+01
-1.719356710E+01-1.804348632E+01-1.894876381E+01-1.991494142E+01-2.094824553E+01
-2.205582467E+01-2.324619910E+01-2.453008068E+01-2.586457077E+01-2.698479756E+01
-2.790000760E+01-2.862405686E+01-2.914879279E+01-2.947772133E+01-2.963815291E+01
-2.963582382E+01-2.946944044E+01-2.911568094E+01-2.856700135E+01-2.784010226E+01
-2.693029339E+01-2.582513207E+01-2.450461102E+01-2.328720577E+01-2.219505210E+01
-2.120891177E+01-2.031168985E+01-6.441443527E+00-6.621443756E+00-6.698846797E+00
-6.670294023E+00-6.548224597E+00-6.413556049E+00-6.281837596E+00-6.152577970E+00
-6.025405202E+00-5.900052994E+00-5.776340621E+00-5.654146811E+00-5.533388474E+00
-5.414005168E+00-5.295950405E+00-5.179186360E+00-5.063681633E+00-4.949410337E+00
-4.836352143E+00-4.724492711E+00-4.613824080E+00-4.504345503E+00-4.396063716E+00
-4.288993732E+00-4.183159149E+00-4.078592630E+00-3.975336214E+00-3.873441763E+00
-3.772971278E+00-3.673997352E+00-3.576603513E+00-3.480884665E+00-3.386947516E+00
-3.294911061E+00-3.204907022E+00-3.117080362E+00-3.031589733E+00-2.948607952E+00
-2.868322405E+00-2.790935443E+00-2.716664652E+00-2.645743099E+00-2.578419387E+00
-2.514957655E+00-2.455637352E+00-2.400752877E+00-2.350612991E+00-2.305540033E+00
-2.265868910E+00-2.231945821E+00-2.204126784E+00-2.182775896E+00-2.168263378E+00
-2.160963439E+00-2.161251940E+00-2.169503946E+00-2.186091168E+00-2.211379408E+00
-2.245725987E+00-2.289477313E+00-2.342966575E+00-2.406511684E+00-2.480413529E+00
-2.564954550E+00-2.660397793E+00-2.766986382E+00-2.884943518E+00-3.014473025E+00
-3.155760410E+00-3.308974522E+00-3.474269709E+00-3.651788543E+00-3.841665010E+00
-4.044028205E+00-4.259006432E+00-4.486731766E+00-4.727344860E+00-4.981000239E+00
-5.247871890E+00-5.528159133E+00-5.822092809E+00-6.129941975E+00-6.452020839E+00
-6.788696366E+00-7.140396393E+00-7.507618334E+00-7.890939111E+00-8.291025873E+00
-8.708648244E+00-9.144692232E+00-9.600176112E+00-1.007626894E+01-1.057431217E+01
-1.109584483E+01-1.164263337E+01-1.221670701E+01-1.282039906E+01-1.345639603E+01
-1.412779458E+01-1.483816743E+01-1.559163699E+01-1.639295577E+01-1.724758824E+01
-1.816178780E+01-1.914265959E+01-2.019820086E+01-2.133731903E+01-2.256983889E+01
-2.390651744E+01-2.535375344E+01-2.669374862E+01-2.781131561E+01-2.871175255E+01
-2.941942758E+01-2.994439120E+01-3.028817832E+01-3.043907167E+01-3.039332484E+01
-3.016478753E+01-2.975189921E+01-2.914459673E+01-2.831956746E+01-2.726336653E+01
-2.598255623E+01-2.466735967E+01-2.347463507E+01-2.239072884E+01-2.140286007E+01
-2.049897243E+01-6.310431384E+00-6.485939668E+00-6.559224781E+00-6.526370164E+00
-6.405092387E+00-6.265244535E+00-6.127655914E+00-5.992598062E+00-5.859809368E+00
-5.729046938E+00-5.600100772E+00-5.472793377E+00-5.346975628E+00-5.222522431E+00
-5.099328472E+00-4.977305537E+00-4.856380147E+00-4.736492571E+00-4.617595728E+00
-4.499654750E+00-4.382646508E+00-4.266559460E+00-4.151393330E+00-4.037159030E+00
-3.923878510E+00-3.811584749E+00-3.700321729E+00-3.590144568E+00-3.481119634E+00
-3.373324822E+00-3.266849860E+00-3.161796702E+00-3.058280022E+00-2.956427736E+00
-2.856381592E+00-2.758297825E+00-2.662347786E+00-2.568718629E+00-2.477613946E+00
-2.389254384E+00-2.303878174E+00-2.221741592E+00-2.143119260E+00-2.068304315E+00
-1.997608377E+00-1.931361301E+00-1.869910654E+00-1.813620959E+00-1.762872575E+00
-1.718060299E+00-1.679591639E+00-1.647884718E+00-1.623365901E+00-1.606467086E+00
-1.597622765E+00-1.597266824E+00-1.605829225E+00-1.623732578E+00-1.651388727E+00
-1.689195389E+00-1.737533025E+00-1.796761934E+00-1.867219774E+00-1.949219502E+00
-2.043047881E+00-2.148964604E+00-2.267202057E+00-2.397965792E+00-2.541435728E+00
-2.697768053E+00-2.867097810E+00-3.049542173E+00-3.245204337E+00-3.454177942E+00
-3.676552045E+00-3.912416509E+00-4.161867810E+00-4.425015170E+00-4.701987048E+00
-4.992937848E+00-5.298055033E+00-5.617566526E+00-5.951748397E+00-6.300933335E+00
-6.665519350E+00-7.045979468E+00-7.442872214E+00-7.856853624E+00-8.288690563E+00
-8.739276016E+00-9.209647010E+00-9.701005772E+00-1.021474451E+01-1.075247541E+01
-1.131606693E+01-1.190768793E+01-1.252986132E+01-1.318553056E+01-1.387814066E+01
-1.461173730E+01-1.539108633E+01-1.622181351E+01-1.711056031E+01-1.806513863E+01
-1.909465152E+01-2.020952211E+01-2.142136336E+01-2.274265104E+01-2.418667321E+01
-2.564624731E+01-2.691317916E+01-2.798837028E+01-2.884814316E+01-2.951288076E+01
-3.000244173E+01-3.031905226E+01-3.045716348E+01-3.038267546E+01-3.010732053E+01
-2.963945237E+01-2.896976348E+01-2.808091814E+01-2.692758316E+01-2.559665851E+01
-2.437464961E+01-2.325513279E+01-2.222800494E+01-2.128363078E+01-2.041304170E+01
-6.179988560E+00-6.353957162E+00-6.423592410E+00-6.385700248E+00-6.245200654E+00
-6.099753818E+00-5.957534291E+00-5.817874334E+00-5.680538419E+00-5.545290939E+00
-5.411903062E+00-5.280160537E+00-5.149867981E+00-5.020851290E+00-4.892957911E+00
-4.766056959E+00-4.640038352E+00-4.514811906E+00-4.390306387E+00-4.266468369E+00
-4.143261054E+00-4.020663482E+00-3.898669407E+00-3.777286532E+00-3.656535866E+00
-3.536451144E+00-3.417078457E+00-3.298476029E+00-3.180714171E+00-3.063875358E+00
-2.948054503E+00-2.833359366E+00-2.719911057E+00-2.607844728E+00-2.497310314E+00
-2.388473389E+00-2.281516066E+00-2.176637955E+00-2.074057110E+00-1.974010978E+00
-1.876757278E+00-1.782574766E+00-1.691763911E+00-1.604647350E+00-1.521570140E+00
-1.442899717E+00-1.369025574E+00-1.300358531E+00-1.237329650E+00-1.180388697E+00
-1.130002136E+00-1.086650692E+00-1.050826422E+00-1.023029365E+00-1.003763761E+00
-9.935339458E-01-9.928399758E-01-1.002173060E+00-1.022010939E+00-1.052813341E+00
-1.095017601E+00-1.149034647E+00-1.215245445E+00-1.293998023E+00-1.385605255E+00
-1.490343405E+00-1.608451578E+00-1.740132105E+00-1.885551842E+00-2.044844454E+00
-2.218113547E+00-2.405436684E+00-2.606870137E+00-2.822454320E+00-3.052219823E+00
-3.296193872E+00-3.554407205E+00-3.826901263E+00-4.113735593E+00-4.414995475E+00
-4.730799699E+00-5.061308617E+00-5.406732387E+00-5.767339514E+00-6.143465954E+00
-6.535524849E+00-6.944017002E+00-7.369542619E+00-7.812814395E+00-8.274672714E+00
-8.756103227E+00-9.258257573E+00-9.782478437E+00-1.033032981E+01-1.090363407E+01
-1.150451825E+01-1.213547189E+01-1.279942067E+01-1.349982098E+01-1.424078264E+01
-1.502722924E+01-1.586510896E+01-1.676166858E+01-1.772579740E+01-1.876841482E+01
-1.990278392E+01-2.114445980E+01-2.251046950E+01-2.399628002E+01-2.532825005E+01
-2.646975357E+01-2.743824565E+01-2.823841976E+01-2.886716117E+01-2.931204736E+01
-2.957779582E+01-2.967207020E+01-2.958929043E+01-2.931487824E+01-2.882361017E+01
-2.810716102E+01-2.715905811E+01-2.597057619E+01-2.478771105E+01-2.369712252E+01
-2.268886279E+01-2.175465950E+01-2.088730365E+01-2.008038202E+01-6.009895896E+00
-6.179070676E+00-6.244549700E+00-6.203043842E+00-6.065765725E+00-5.916960855E+00
-5.771134880E+00-5.627936676E+00-5.487111724E+00-5.348390020E+00-5.211498962E+00
-5.076174929E+00-4.942171794E+00-4.809266242E+00-4.677261318E+00-4.545987407E+00
-4.415302395E+00-4.285090766E+00-4.155262018E+00-4.025748897E+00-3.896505515E+00
-3.767505530E+00-3.638740325E+00-3.510217511E+00-3.381959610E+00-3.254003019E+00
-3.126397195E+00-2.999204152E+00-2.872498198E+00-2.746365921E+00-2.620906413E+00
-2.496231721E+00-2.372467494E+00-2.249753832E+00-2.128246283E+00-2.008116957E+00
-1.889555827E+00-1.772772004E+00-1.657995161E+00-1.545476894E+00-1.435492088E+00
-1.328340177E+00-1.224346283E+00-1.123862138E+00-1.027266783E+00-9.349669006E-01
-8.473967845E-01-7.650178585E-01-6.883176448E-01-6.178081835E-01-5.540238265E-01
-4.975183810E-01-4.488615679E-01-4.086348840E-01-3.774267882E-01-3.558273924E-01
-3.444226825E-01-3.437884240E-01-3.544839025E-01-3.770456709E-01-4.119815011E-01
-4.597647311E-01-5.208292102E-01-5.955650457E-01-6.843152788E-01-7.873736702E-01
-9.049836755E-01-1.037338678E+00-1.184583509E+00-1.346817198E+00-1.524096927E+00
-1.716443063E+00-1.923845151E+00-2.146268700E+00-2.383662614E+00-2.635967108E+00
-2.903121952E+00-3.185074908E+00-3.481790240E+00-3.793257239E+00-4.119498714E+00
-4.460579469E+00-4.816614591E+00-5.187778148E+00-5.574311736E+00-5.976533384E+00
-6.394847329E+00-6.829754138E+00-7.281862174E+00-7.751900677E+00-8.240734422E+00
-8.749381483E+00-9.279034003E+00-9.831083523E+00-1.040715211E+01-1.100913116E+01
-1.163923057E+01-1.230004220E+01-1.299462344E+01-1.372661027E+01-1.450037493E+01
-1.532125377E+01-1.619589316E+01-1.713280101E+01-1.814326958E+01-1.924293065E+01
-2.045388116E+01-2.180713757E+01-2.314599013E+01-2.432271742E+01-2.531373660E+01
-2.615725053E+01-2.686146157E+01-2.742659711E+01-2.783806816E+01-2.806195534E+01
-2.812923778E+01-2.803933636E+01-2.778251667E+01-2.732945128E+01-2.662756289E+01
-2.568301116E+01-2.462123484E+01-2.363370206E+01-2.271010484E+01-2.184339762E+01
-2.102871896E+01-2.026219252E+01-1.954041073E+01-5.819257799E+00-5.982595033E+00
-6.044040286E+00-5.999621328E+00-5.867267090E+00-5.716379891E+00-5.568003841E+00
-5.422418084E+00-5.279292296E+00-5.138269835E+00-4.998994375E+00-4.861124995E+00
-4.724347288E+00-4.588380378E+00-4.452980422E+00-4.317941600E+00-4.183095165E+00
-4.048307158E+00-3.913475847E+00-3.778528254E+00-3.643417119E+00-3.508117852E+00
-3.372625769E+00-3.236953727E+00-3.101130135E+00-2.965197372E+00-2.829210605E+00
-2.693237008E+00-2.557355350E+00-2.421655913E+00-2.286240777E+00-2.151224362E+00
-2.016734292E+00-1.882912484E+00-1.749916480E+00-1.617920980E+00-1.487119532E+00
-1.357726390E+00-1.229978429E+00-1.104137146E+00-9.804906523E-01-8.593556144E-01
-7.410790571E-01-6.260399889E-01-5.146507385E-01-4.073579000E-01-3.046428615E-01
-2.070217017E-01-1.150444749E-01-2.929371250E-02 4.961790873E-02 1.210507988E-01
 1.843426340E-01 2.388134843E-01 2.837718614E-01 3.185216178E-01 3.423695663E-01
 3.546336617E-01 3.546515317E-01 3.417890987E-01 3.154490262E-01 2.750786892E-01
 2.201773712E-01 1.503024170E-01 6.507408068E-02-3.582113407E-02-1.526287894E-01
-2.855265747E-01-4.346261327E-01-5.999765962E-01-7.815697236E-01-9.793464752E-01
-1.193204764E+00-1.423008228E+00-1.668595656E+00-1.929790891E+00-2.206412935E+00
-2.498286016E+00-2.805249507E+00-3.127167493E+00-3.463937968E+00-3.815501563E+00
-4.181849913E+00-4.563033559E+00-4.959169800E+00-5.370450117E+00-5.797148019E+00
-6.239626649E+00-6.698347451E+00-7.173879033E+00-7.666907534E+00-8.178247966E+00
-8.708857808E+00-9.259852729E+00-9.832525338E+00-1.042836796E+01-1.104910025E+01
-1.169670376E+01-1.237346517E+01-1.308203266E+01-1.382549101E+01-1.460746666E+01
-1.543228377E+01-1.630521714E+01-1.723295797E+01-1.822466068E+01-1.929542747E+01
-2.044584057E+01-2.150226525E+01-2.245860649E+01-2.330830657E+01-2.403884453E+01
-2.463690769E+01-2.510818700E+01-2.545601948E+01-2.567620029E+01-2.575611830E+01
-2.568111665E+01-2.545417020E+01-2.507276119E+01-2.452139162E+01-2.376821345E+01
-2.299623972E+01-2.224069622E+01-2.150714441E+01-2.079894148E+01-2.011795485E+01
-1.946504072E+01-1.884034393E+01-5.627135178E+00-5.788091005E+00-5.846050924E+00
-5.797902317E+00-5.650532878E+00-5.497001638E+00-5.347400824E+00-5.200893873E+00
-5.056972497E+00-4.915124228E+00-4.774855672E+00-4.635712278E+00-4.497290048E+00
-4.359241322E+00-4.221275532E+00-4.083157109E+00-3.944700916E+00-3.805767312E+00
-3.666256327E+00-3.526102241E+00-3.385268467E+00-3.243742957E+00-3.101534284E+00
-2.958668303E+00-2.815185506E+00-2.671138927E+00-2.526592663E+00-2.381620915E+00
-2.236307485E+00-2.090745784E+00-1.945039205E+00-1.799301915E+00-1.653659970E+00
-1.508252809E+00-1.363234984E+00-1.218778203E+00-1.075073609E+00-9.323342565E-01
-7.907977502E-01-6.507290500E-01-5.124232720E-01-3.762085533E-01-2.424487902E-01
-1.115462342E-01 1.605621035E-02 1.398730834E-01 2.593750022E-01 3.739879722E-01
 4.830935302E-01 5.860298628E-01 6.820940492E-01 7.705455417E-01 8.506109848E-01
 9.214904324E-01 9.823649284E-01 1.032405423E+00 1.070782849E+00 1.096679157E+00
 1.109299000E+00 1.107881739E+00 1.091713303E+00 1.060137538E+00 1.012566536E+00
 9.484895133E-01 8.674799348E-01 7.692004444E-01 6.534054943E-01 5.199414748E-01
 3.687443278E-01 1.998347904E-01 1.331141036E-02-1.906583607E-01-4.118486469E-01
-6.499867923E-01-9.047657781E-01-1.175856975E+00-1.462922847E+00-1.765629327E+00
-2.083657541E+00-2.416714711E+00-2.764544131E+00-3.126934163E+00-3.503726218E+00
-3.894821876E+00-4.300189138E+00-4.719868030E+00-5.153975586E+00-5.602710616E+00
-6.066357856E+00-6.545292389E+00-7.039983695E+00-7.550999910E+00-8.079011847E+00
-8.624797126E+00-9.189243848E+00-9.773353223E+00-1.037824072E+01-1.100513356E+01
-1.165536251E+01-1.233034229E+01-1.303153189E+01-1.376035673E+01-1.451805454E+01
-1.530536083E+01-1.612183011E+01-1.696428318E+01-1.782334975E+01-1.867858254E+01
-1.950108955E+01-2.026573073E+01-2.095552994E+01-2.155918290E+01-2.206868579E+01
-2.247800470E+01-2.278235837E+01-2.297784044E+01-2.306127601E+01-2.303032363E+01
-2.288397956E+01-2.262394371E+01-2.225788030E+01-2.180474155E+01-2.129396255E+01
-2.075263947E+01-2.019880651E+01-1.964365981E+01-1.909430634E+01-1.855535663E+01
-1.802980628E+01-5.396044048E+00-5.551776524E+00-5.606116560E+00-5.555870969E+00
-5.410435954E+00-5.257085122E+00-5.108241994E+00-4.962897833E+00-4.820251809E+00
-4.679537844E+00-4.540060070E+00-4.401213510E+00-4.262490703E+00-4.123479651E+00
-3.983856296E+00-3.843374515E+00-3.701855119E+00-3.559175236E+00-3.415258449E+00
-3.270066105E+00-3.123589791E+00-2.975845055E+00-2.826866209E+00-2.676702195E+00
-2.525413357E+00-2.373069073E+00-2.219746097E+00-2.065527580E+00-1.910502707E+00
-1.754766843E+00-1.598422214E+00-1.441578977E+00-1.284356793E+00-1.126886729E+00
-9.693135699E-01-8.117984532E-01-6.545218397E-01-4.976867851E-01-3.415224672E-01
-1.862879288E-01-3.227600509E-02 1.201826700E-01 2.707156415E-01 4.189047126E-01
 5.642822569E-01 7.063279115E-01 8.444658528E-01 9.780628250E-01 1.106427191E+00
 1.228809170E+00 1.344402593E+00 1.452348309E+00 1.551739491E+00 1.641628953E+00
 1.721038572E+00 1.788970710E+00 1.844421572E+00 1.886396136E+00 1.913924328E+00
 1.926077830E+00 1.921986977E+00 1.900857052E+00 1.861983231E+00 1.804763581E+00
 1.728709475E+00 1.633452925E+00 1.518750511E+00 1.384483689E+00 1.230655465E+00
 1.057383650E+00 8.648909214E-01 6.534922829E-01 4.235803955E-01 1.756094885E-01
-8.992147745E-02-3.724858016E-01-6.715455381E-01-9.865670484E-01-1.317035213E+00
-1.662466055E+00-2.022417626E+00-2.396499164E+00-2.784378479E+00-3.185787778E+00
-3.600528009E+00-4.028471896E+00-4.469565879E+00-4.923830826E+00-5.391362239E+00
-5.872328944E+00-6.366971158E+00-6.875597299E+00-7.398579255E+00-7.936345296E+00
-8.489370261E+00-9.058161180E+00-9.643236309E+00-1.024509464E+01-1.086417047E+01
-1.150076583E+01-1.215494751E+01-1.282639050E+01-1.351413590E+01-1.421622057E+01
-1.492912994E+01-1.564707363E+01-1.636128696E+01-1.705994165E+01-1.772928789E+01
-1.835565230E+01-1.892701808E+01-1.943357781E+01-1.986760846E+01-2.022314742E+01
-2.049571084E+01-2.068213839E+01-2.078059542E+01-2.079076421E+01-2.071426301E+01
-2.055529827E+01-2.032137110E+01-2.002346626E+01-1.967498617E+01-1.928961616E+01
-1.887945301E+01-1.845424925E+01-1.802150041E+01-1.758683993E+01-1.715445171E+01
-5.129350245E+00-5.277573505E+00-5.328426238E+00-5.277955599E+00-5.143724342E+00
-4.994102844E+00-4.849174738E+00-4.708161970E+00-4.569770471E+00-4.432853133E+00
-4.296452162E+00-4.159800651E+00-4.022306508E+00-3.883528696E+00-3.743152245E+00
-3.600964359E+00-3.456833410E+00-3.310691028E+00-3.162517298E+00-3.012328671E+00
-2.860168318E+00-2.706098427E+00-2.550194250E+00-2.392539542E+00-2.233223176E+00
-2.072336806E+00-1.909973382E+00-1.746226432E+00-1.581190011E+00-1.414959212E+00
-1.247631262E+00-1.079307091E+00-9.100933566E-01-7.401049389E-01-5.694678642E-01
-3.983226421E-01-2.268280339E-01-5.516522888E-02 1.164576068E-01 2.878004035E-01
 4.585859498E-01 6.284944067E-01 7.971576316E-01 9.641534854E-01 1.129000198E+00
 1.291151075E+00 1.449989654E+00 1.604825738E+00 1.754892487E+00 1.899345013E+00
 2.037260837E+00 2.167642577E+00 2.289423285E+00 2.401474667E+00 2.502618473E+00
 2.591641045E+00 2.667310954E+00 2.728399356E+00 2.773702491E+00 2.802065573E+00
 2.812407140E+00 2.803742743E+00 2.775206915E+00 2.726072363E+00 2.655765390E+00
 2.563876784E+00 2.450167633E+00 2.314569775E+00 2.157180842E+00 1.978254223E+00
 1.778184456E+00 1.557488827E+00 1.316786178E+00 1.056773920E+00 7.782043761E-01
 4.818615244E-01 1.685389649E-01-1.609801269E-01-5.059405320E-01-8.656297395E-01
-1.239389816E+00-1.626626435E+00-2.026815213E+00-2.439505683E+00-2.864323057E+00
-3.300968163E+00-3.749215686E+00-4.208910953E+00-4.679965287E+00-5.162349930E+00
-5.656088563E+00-6.161247572E+00-6.677924470E+00-7.206232768E+00-7.746283215E+00
-8.298158866E+00-8.861882887E+00-9.437375771E+00-1.002439825E+01-1.062247457E+01
-1.123079055E+01-1.184805823E+01-1.247234248E+01-1.310084906E+01-1.372969425E+01
-1.435370735E+01-1.496636323E+01-1.555995513E+01-1.612604926E+01-1.665611409E+01
-1.714212015E+01-1.757695608E+01-1.795463812E+01-1.827037895E+01-1.852059797E+01
-1.870293583E+01-1.881630890E+01-1.886101816E+01-1.883890054E+01-1.875347357E+01
-1.860997451E+01-1.841517113E+01-1.817688018E+01-1.790328427E+01-1.760226192E+01
-1.728091821E+01-1.694536461E+01-1.660069018E+01-1.625104021E+01-4.845454191E+00
-4.988045568E+00-5.036072707E+00-4.986537760E+00-4.847082127E+00-4.704699842E+00
-4.569061915E+00-4.437367063E+00-4.307527086E+00-4.177931581E+00-4.047389786E+00
-3.915054271E+00-3.780348006E+00-3.642901245E+00-3.502499704E+00-3.359043404E+00
-3.212514839E+00-3.062954705E+00-2.910443585E+00-2.755088109E+00-2.597010584E+00
-2.436341205E+00-2.273212326E+00-2.107754314E+00-1.940092724E+00-1.770346509E+00
-1.598627161E+00-1.425038577E+00-1.249677598E+00-1.072635148E+00-8.939978566E-01
-7.138502236E-01-5.322772371E-01-3.493674696E-01-1.652166637E-01 2.006818682E-02
 2.063642343E-01 3.935276386E-01 5.813878780E-01 7.697415021E-01 9.583453585E-01
 1.146909315E+00 1.335088554E+00 1.522475550E+00 1.708591878E+00 1.892880058E+00
 2.074695739E+00 2.253300526E+00 2.427855956E+00 2.597419047E+00 2.760940154E+00
 2.917263637E+00 3.065132142E+00 3.203195044E+00 3.330021622E+00 3.444119202E+00
 3.543956357E+00 3.627990712E+00 3.694700658E+00 3.742619749E+00 3.770372292E+00
 3.776708459E+00 3.760537037E+00 3.720954164E+00 3.657266469E+00 3.569007363E+00
 3.455945663E+00 3.318086042E+00 3.155661317E+00 2.969117039E+00 2.759089234E+00
 2.526376649E+00 2.271909055E+00 1.996713404E+00 1.701879649E+00 1.388527956E+00
 1.057778616E+00 7.107258062E-01 3.484157779E-01-2.817026573E-02-4.181286386E-01
-8.206413445E-01-1.234980404E+00-1.660508835E+00-2.096678878E+00-2.543027890E+00
-2.999172314E+00-3.464800019E+00-3.939661129E+00-4.423557360E+00-4.916329844E+00
-5.417844898E+00-5.927977665E+00-6.446592808E+00-6.973521148E+00-7.508531805E+00
-8.051297922E+00-8.601354590E+00-9.158047386E+00-9.720469539E+00-1.028738687E+01
-1.085715075E+01-1.142760286E+01-1.199598064E+01-1.255884051E+01-1.311202457E+01
-1.365069924E+01-1.416948703E+01-1.466268845E+01-1.512456096E+01-1.554960413E+01
-1.593280533E+01-1.626982470E+01-1.655712142E+01-1.679203967E+01-1.697287209E+01
-1.709891528E+01-1.717051982E+01-1.718912508E+01-1.715725784E+01-1.707846496E+01
-1.695715688E+01-1.679836202E+01-1.660742315E+01-1.638969104E+01-1.615026867E+01
-1.589383466E+01-1.562454898E+01-1.534602343E+01-4.501689680E+00-4.631265130E+00
-4.676272555E+00-4.634248597E+00-4.509098782E+00-4.385660825E+00-4.268905172E+00
-4.154137998E+00-4.038585991E+00-3.920479611E+00-3.798709055E+00-3.672626425E+00
-3.541906400E+00-3.406442129E+00-3.266270002E+00-3.121517522E+00-2.972367857E+00
-2.819035732E+00-2.661750872E+00-2.500746439E+00-2.336250840E+00-2.168481997E+00
-1.997643328E+00-1.823921196E+00-1.647483409E+00-1.468478681E+00-1.287036842E+00
-1.103269705E+00-9.172724739E-01-7.291256721E-01-5.388974804E-01-3.466465334E-01
-1.524251529E-01 4.371696874E-02 2.417285724E-01 4.415520785E-01 6.431182079E-01
 8.463399161E-01 1.051105570E+00 1.257271330E+00 1.464652693E+00 1.673015188E+00
 1.882064250E+00 2.091434361E+00 2.300677558E+00 2.509251497E+00 2.716507386E+00
 2.921678166E+00 3.123867501E+00 3.322040254E+00 3.515015371E+00 3.701462230E+00
 3.879901592E+00 4.048712497E+00 4.206146073E+00 4.350347421E+00 4.479385623E+00
 4.591291902E+00 4.684104923E+00 4.755921036E+00 4.804947457E+00 4.829555384E+00
 4.828329477E+00 4.800111873E+00 4.744037049E+00 4.659556687E+00 4.546452239E+00
 4.404835480E+00 4.235136060E+00 4.038077268E+00 3.814641537E+00 3.566027060E+00
 3.293599228E+00 2.998839217E+00 2.683293193E+00 2.348524946E+00 1.996074171E+00
 1.627421877E+00 1.243963640E+00 8.469906494E-01 4.376779413E-01 1.707898215E-02
-4.138745549E-01-8.543688116E-01-1.303700589E+00-1.761267794E+00-2.226558080E+00
-2.699136171E+00-3.178630058E+00-3.664716168E+00-4.157103419E+00-4.655515981E+00
-5.159674368E+00-5.669274458E+00-6.183964020E+00-6.703315732E+00-7.226796837E+00
-7.753734041E+00-8.283273840E+00-8.814338783E+00-9.345579564E+00-9.875326564E+00
-1.040154422E+01-1.092179538E+01-1.143322414E+01-1.193256719E+01-1.241620241E+01
-1.288023844E+01-1.332064058E+01-1.373338189E+01-1.411460139E+01-1.446075373E+01
-1.476873871E+01-1.503600616E+01-1.526063740E+01-1.544140575E+01-1.557781921E+01
-1.567014420E+01-1.571940674E+01-1.572736384E+01-1.569643877E+01-1.562961631E+01
-1.553030375E+01-1.540216945E+01-1.524897881E+01-1.507444590E+01-1.488211470E+01
-1.467527536E+01-1.445691475E+01-4.067597489E+00-4.162832184E+00-4.203250388E+00
-4.186450520E+00-4.120712762E+00-4.041406975E+00-3.957965925E+00-3.869200767E+00
-3.773781515E+00-3.670762097E+00-3.559748510E+00-3.440790532E+00-3.314191003E+00
-3.180371386E+00-3.039798856E+00-2.892949251E+00-2.740287941E+00-2.582259488E+00
-2.419281515E+00-2.251740810E+00-2.079990711E+00-1.904349455E+00-1.725099320E+00
-1.542486521E+00-1.356721816E+00-1.167981729E+00-9.764102995E-01-7.821212654E-01
-5.852006274E-01-3.857094726E-01-1.836871393E-01 2.084538213E-02 2.278816948E-01
 4.374258611E-01 6.494877815E-01 8.640780051E-01 1.081201784E+00 1.300852298E+00
 1.523002897E+00 1.747598171E+00 1.974543868E+00 2.203695457E+00 2.434845343E+00
 2.667708740E+00 2.901908196E+00 3.136956931E+00 3.372241138E+00 3.607001647E+00
 3.840315488E+00 4.071078214E+00 4.297988101E+00 4.519533942E+00 4.733988396E+00
 4.939409002E+00 5.133649725E+00 5.314384749E+00 5.479146580E+00 5.625378170E+00
 5.750498435E+00 5.851977946E+00 5.927420087E+00 5.974643127E+00 5.991757243E+00
 5.977231853E+00 5.929949399E+00 5.849242694E+00 5.734914191E+00 5.587235902E+00
 5.406929974E+00 5.195130398E+00 4.953327920E+00 4.683301613E+00 4.387041413E+00
 4.066667904E+00 3.724354273E+00 3.362256536E+00 2.982454948E+00 2.586909108E+00
 2.177426853E+00 1.755645974E+00 1.323026889E+00 8.808540557E-01 4.302439307E-01
-2.784252630E-02-4.925843850E-01-9.632834915E-01-1.439346302E+00-1.920265318E+00
-2.405600404E+00-2.894959994E+00-3.387982238E+00-3.884315755E+00-4.383599851E+00
-4.885443810E+00-5.389405043E+00-5.894965806E+00-6.401508122E+00-6.908287424E+00
-7.414404661E+00-7.918777932E+00-8.420114822E+00-8.916887904E+00-9.407315623E+00
-9.889352962E+00-1.036069550E+01-1.081880104E+01-1.126093087E+01-1.168421148E+01
-1.208571374E+01-1.246254436E+01-1.281194269E+01-1.313137566E+01-1.341862463E+01
-1.367186044E+01-1.388970457E+01-1.407127482E+01-1.421621533E+01-1.432470972E+01
-1.439747543E+01-1.443573810E+01-1.444118449E+01-1.441589512E+01-1.436226013E+01
-1.428288473E+01-1.418049210E+01-1.405783204E+01-1.391760158E+01-1.376238193E+01
-1.359459274E+01-3.641030003E+00-3.703828776E+00-3.741152908E+00-3.751580944E+00
-3.738221948E+00-3.706726301E+00-3.661540485E+00-3.603827607E+00-3.531868006E+00
-3.444725166E+00-3.343672113E+00-3.230291456E+00-3.105957615E+00-2.971839001E+00
-2.828941729E+00-2.678145105E+00-2.520226395E+00-2.355877121E+00-2.185713435E+00
-2.010282413E+00-1.830065942E+00-1.645483442E+00-1.456894277E+00-1.264600361E+00
-1.068849143E+00-8.698369578E-01-6.677127070E-01-4.625816257E-01-2.545091862E-01
-4.352495624E-02 1.703734970E-01 3.872166855E-01 6.070591618E-01 8.299752604E-01
 1.056054447E+00 1.285396129E+00 1.518103647E+00 1.754277257E+00 1.994005827E+00
 2.237357041E+00 2.484365877E+00 2.735021218E+00 2.989250423E+00 3.246901774E+00
 3.507724683E+00 3.771347565E+00 4.037253352E+00 4.304752790E+00 4.572955740E+00
 4.840741059E+00 5.106726976E+00 5.369242964E+00 5.626307282E+00 5.875613302E+00
 6.114530693E+00 6.340125356E+00 6.549204101E+00 6.738385649E+00 6.904197154E+00
 7.043191776E+00 7.152077986E+00 7.227850333E+00 7.267911225E+00 7.270175183E+00
 7.233150513E+00 7.155995293E+00 7.038545860E+00 6.881316923E+00 6.685472534E+00
 6.452766548E+00 6.185455163E+00 5.886185374E+00 5.557867958E+00 5.203546308E+00
 4.826272759E+00 4.429002332E+00 4.014511333E+00 3.585341618E+00 3.143770029E+00
 2.691798271E+00 2.231158680E+00 1.763330820E+00 1.289564779E+00 8.109079953E-01
 3.282332919E-01-1.577332863E-01-6.463857114E-01-1.137212674E+00-1.629773810E+00
-2.123677375E+00-2.618559121E+00-3.114062059E+00-3.609816864E+00-4.105422594E+00
-4.600427478E+00-5.094309799E+00-5.586458673E+00-6.076154867E+00-6.562552518E+00
-7.044661958E+00-7.521334700E+00-7.991252602E+00-8.452922120E+00-8.904676115E+00
-9.344684572E+00-9.770976150E+00-1.018147085E+01-1.057402365E+01-1.094647745E+01
-1.129672231E+01-1.162275831E+01-1.192275750E+01-1.219512223E+01-1.243853657E+01
-1.265200911E+01-1.283490507E+01-1.298696707E+01-1.310832341E+01-1.319948285E+01
-1.326131654E+01-1.329502612E+01-1.330210080E+01-1.328426434E+01-1.324341637E+01
-1.318157137E+01-1.310079981E+01-1.300317422E+01-1.289072332E+01-1.276539542E+01
-3.292438295E+00-3.344320600E+00-3.382207018E+00-3.405602772E+00-3.415420853E+00
-3.413530451E+00-3.402066112E+00-3.383218376E+00-3.341644073E+00-3.263086273E+00
-3.165688104E+00-3.052601815E+00-2.926053020E+00-2.787772280E+00-2.639172554E+00
-2.481446005E+00-2.315621443E+00-2.142598560E+00-1.963167548E+00-1.778019744E+00
-1.587753500E+00-1.392878151E+00-1.193818056E+00-9.909173410E-01-7.844454610E-01
-5.746031548E-01-3.615284920E-01-1.453026022E-01 7.404494220E-02 2.965312040E-01
 5.222153693E-01 7.511945787E-01 9.836000191E-01 1.219593062E+00 1.459361287E+00
 1.703114054E+00 1.951077290E+00 2.203487090E+00 2.460581706E+00 2.722591513E+00
 2.989726673E+00 3.262162188E+00 3.540020182E+00 3.823349246E+00 4.112100565E+00
 4.406100550E+00 4.705019251E+00 5.008334473E+00 5.315290419E+00 5.624851284E+00
 5.935650033E+00 6.245934543E+00 6.553514297E+00 6.855714600E+00 7.149347069E+00
 7.430708808E+00 7.695623460E+00 7.939533363E+00 8.157646901E+00 8.345131012E+00
 8.497329810E+00 8.609983689E+00 8.679425329E+00 8.702739070E+00 8.677878003E+00
 8.603741946E+00 8.480217822E+00 8.308184352E+00 8.089474980E+00 7.826794066E+00
 7.523580180E+00 7.183820836E+00 6.811833047E+00 6.412035200E+00 5.988739341E+00
 5.545986138E+00 5.087434005E+00 4.616301897E+00 4.135355561E+00 3.646925308E+00
 3.152943326E+00 2.654990541E+00 2.154346687E+00 1.652039232E+00 1.148888894E+00
 6.455507591E-01 1.425507739E-01-3.596821212E-01-8.607877288E-01-1.360449636E+00
-1.858372959E+00-2.354264286E+00-2.847813286E+00-3.338675724E+00-3.826457482E+00
-4.310699590E+00-4.790864127E+00-5.266321363E+00-5.736338118E+00-6.200068137E+00
-6.656545310E+00-7.104679895E+00-7.543259539E+00-7.970955305E+00-8.386333772E+00
-8.787876020E+00-9.174002850E+00-9.543106418E+00-9.893587078E+00-1.022389372E+01
-1.053256578E+01-1.081827530E+01-1.107986592E+01-1.131638851E+01-1.152713010E+01
-1.171163649E+01-1.186972662E+01-1.200149802E+01-1.210732386E+01-1.218784046E+01
-1.224392699E+01-1.227667724E+01-1.228736585E+01-1.227741042E+01-1.224833166E+01
-1.220171411E+01-1.213916915E+01-1.206230170E+01-1.197268195E+01-2.991411317E+00
-3.038878703E+00-3.078344588E+00-3.109934585E+00-3.134457925E+00-3.153359938E+00
-3.168637273E+00-3.182811486E+00-3.182648223E+00-3.129941056E+00-3.037485555E+00
-2.916209401E+00-2.781018789E+00-2.633269092E+00-2.474463127E+00-2.305910291E+00
-2.128771915E+00-1.944086725E+00-1.752780795E+00-1.555667712E+00-1.353445503E+00
-1.146695543E+00-9.358859111E-01-7.213789066E-01-5.034408287E-01-2.822521649E-01
-5.791692961E-02 1.695291839E-01 4.001118986E-01 6.339125167E-01 8.710630616E-01
 1.111742268E+00 1.356172343E+00 1.604616335E+00 1.857375831E+00 2.114788584E+00
 2.377225530E+00 2.645086503E+00 2.918793903E+00 3.198783623E+00 3.485492636E+00
 3.779343038E+00 4.080722473E+00 4.389961092E+00 4.707304721E+00 5.032884049E+00
 5.366678114E+00 5.708471088E+00 6.057799282E+00 6.413886687E+00 6.775567206E+00
 7.141191942E+00 7.508524161E+00 7.874627952E+00 8.235764289E+00 8.587319247E+00
 8.923799079E+00 9.238930324E+00 9.525889431E+00 9.777650063E+00 9.987394576E+00
 1.014891184E+01 1.025691890E+01 1.030728351E+01 1.029716177E+01 1.022507917E+01
 1.009098005E+01 9.896252357E+00 9.643713434E+00 9.337524787E+00 8.983000704E+00
 8.586292701E+00 8.153976430E+00 7.692611547E+00 7.208360326E+00 6.706726207E+00
 6.192425712E+00 5.669370671E+00 5.140722555E+00 4.608983728E+00 4.076100432E+00
 3.543563346E+00 3.012498289E+00 2.483744225E+00 1.957919110E+00 1.435474410E+00
 9.167399777E-01 4.019609710E-01-1.086716351E-01-6.149956897E-01-1.116856511E+00
-1.614088712E+00-2.106500418E+00-2.593859533E+00-3.075881530E+00-3.552218720E+00
-4.022450828E+00-4.486077029E+00-4.942509563E+00-5.391069345E+00-5.830983834E+00
-6.261387785E+00-6.681327184E+00-7.089766739E+00-7.485601852E+00-7.867674029E+00
-8.234791089E+00-8.585750213E+00-8.919364578E+00-9.234491647E+00-9.530062400E+00
-9.805110099E+00-1.005879743E+01-1.029044082E+01-1.049953079E+01-1.068574763E+01
-1.084897123E+01-1.098928581E+01-1.110697759E+01-1.120252744E+01-1.127659723E+01
-1.133001177E+01-1.136373656E+01-1.137885262E+01-1.137653012E+01-1.135800141E+01
-1.132453520E+01-1.127741236E+01-1.121790472E+01-2.720495360E+00-2.765061214E+00
-2.805254097E+00-2.841622439E+00-2.875194236E+00-2.907498252E+00-2.940541229E+00
-2.976735481E+00-2.999755071E+00-2.978731801E+00-2.918469214E+00-2.815712735E+00
-2.673677170E+00-2.510514030E+00-2.336543221E+00-2.152768590E+00-1.960390218E+00
-1.760551996E+00-1.554318092E+00-1.342636464E+00-1.126305658E+00-9.059600749E-01
-6.820763314E-01-4.549925792E-01-2.249302676E-01 7.987545096E-03 2.437226301E-01
 4.823116093E-01 7.238582405E-01 9.685271693E-01 1.216539028E+00 1.468166903E+00
 1.723734350E+00 1.983614916E+00 2.248232916E+00 2.518065111E+00 2.793642374E+00
 3.075550309E+00 3.364427232E+00 3.660958018E+00 3.965862553E+00 4.279878406E+00
 4.603738785E+00 4.938146769E+00 5.283747521E+00 5.641097986E+00 6.010631755E+00
 6.392616505E+00 6.787097704E+00 7.193824101E+00 7.612146911E+00 8.040885259E+00
 8.478150545E+00 8.921124502E+00 9.365796841E+00 9.806692135E+00 1.023666218E+01
 1.064687557E+01 1.102715587E+01 1.136671128E+01 1.165507667E+01 1.188294975E+01
 1.204270500E+01 1.212859258E+01 1.213675933E+01 1.206523162E+01 1.191394338E+01
 1.168483478E+01 1.138198821E+01 1.101170267E+01 1.058234319E+01 1.010380974E+01
 9.586630226E+00 9.040933319E+00 8.475651728E+00 7.898139910E+00 7.314152988E+00
 6.728031218E+00 6.142955695E+00 5.561199872E+00 4.984346178E+00 4.413460718E+00
 3.849230393E+00 3.292068175E+00 2.742193626E+00 2.199694328E+00 1.664572822E+00
 1.136782616E+00 6.162560905E-01 1.029262901E-01-4.032558265E-01-9.023075188E-01
-1.394202993E+00-1.878864112E+00-2.356152730E+00-2.825864405E+00-3.287723410E+00
-3.741379059E+00-4.186403438E+00-4.622290776E+00-5.048458561E+00-5.464250759E+00
-5.868943487E+00-6.261752858E+00-6.641845736E+00-7.008353015E+00-7.360385098E+00
-7.697049987E+00-8.017472587E+00-8.320815309E+00-8.606298916E+00-8.873222850E+00
-9.120984421E+00-9.349095984E+00-9.557199205E+00-9.745076165E+00-9.912656893E+00
-1.006002239E+01-1.018740421E+01-1.029517921E+01-1.038386126E+01-1.045408899E+01
-1.050661123E+01-1.054227000E+01-1.056198266E+01-1.056672297E+01-1.055750312E+01
-1.053535584E+01-1.050131873E+01-2.468598545E+00-2.509631948E+00-2.548415844E+00
-2.585721155E+00-2.622744434E+00-2.661188728E+00-2.703333788E+00-2.752004584E+00
-2.792440718E+00-2.790734275E+00-2.753207619E+00-2.677074597E+00-2.563162256E+00
-2.414845317E+00-2.225083533E+00-2.021484802E+00-1.809530721E+00-1.590520653E+00
-1.365806918E+00-1.136606179E+00-9.038636896E-01-6.682202477E-01-4.300692897E-01
-1.896340621E-01 5.297880258E-02 2.977532851E-01 5.447533985E-01 7.941172331E-01
 1.046050894E+00 1.300822059E+00 1.558754377E+00 1.820223977E+00 2.085658730E+00
 2.355540647E+00 2.630411380E+00 2.910880609E+00 3.197636475E+00 3.491456563E+00
 3.793216402E+00 4.103891225E+00 4.424546714E+00 4.756316526E+00 5.100370818E+00
 5.457882387E+00 5.829997751E+00 6.217814807E+00 6.622362624E+00 7.044576147E+00
 7.485258133E+00 7.945018049E+00 8.424176370E+00 8.922617496E+00 9.439566998E+00
 9.973256559E+00 1.052042747E+01 1.107562081E+01 1.163026717E+01 1.217185045E+01
 1.268395905E+01 1.314815358E+01 1.354705904E+01 1.386657872E+01 1.409633840E+01
 1.422915451E+01 1.426039061E+01 1.418755796E+01 1.401024349E+01 1.373038208E+01
 1.335287903E+01 1.288649216E+01 1.234452238E+01 1.174426819E+01 1.110444304E+01
 1.044179301E+01 9.769187386E+00 9.095599384E+00 8.426938019E+00 7.766936878E+00
 7.117845106E+00 6.480915558E+00 5.856738514E+00 5.245469404E+00 4.646984277E+00
 4.060987088E+00 3.487083892E+00 2.924834525E+00 2.373788791E+00 1.833511869E+00
 1.303602300E+00 7.837047596E-01 2.735192101E-01-2.271924988E-01-7.186018485E-01
-1.200810224E+00-1.673846547E+00-2.137665778E+00-2.592148314E+00-3.037100226E+00
-3.472254462E+00-3.897273185E+00-4.311751273E+00-4.715221286E+00-5.107159895E+00
-5.486995890E+00-5.854119845E+00-6.207895541E+00-6.547672417E+00-6.872799678E+00
-7.182641066E+00-7.476590225E+00-7.754085916E+00-8.014627018E+00-8.257786208E+00
-8.483222564E+00-8.690691773E+00-8.880054438E+00-9.051281485E+00-9.204456793E+00
-9.339777359E+00-9.457550063E+00-9.558186313E+00-9.642193884E+00-9.710167273E+00
-9.762776108E+00-9.800752584E+00-9.824878579E+00-9.835972336E+00-9.834875816E+00
-9.822442683E+00-2.228896464E+00-2.264814539E+00-2.299411114E+00-2.333427901E+00
-2.367961752E+00-2.404597201E+00-2.445692070E+00-2.495226820E+00-2.541678219E+00
-2.553760266E+00-2.535245669E+00-2.481928697E+00-2.391083705E+00-2.266322856E+00
-2.104289468E+00-1.906202274E+00-1.673993518E+00-1.430668883E+00-1.182848643E+00
-9.327055272E-01-6.813823181E-01-4.291760108E-01-1.760591143E-01 7.804914851E-02
 3.332309058E-01 5.896022532E-01 8.473482801E-01 1.106733378E+00 1.368093330E+00
 1.631822235E+00 1.898361730E+00 2.168195312E+00 2.441848160E+00 2.719892449E+00
 3.002958382E+00 3.291751456E+00 3.587076784E+00 3.889870438E+00 4.201234802E+00
 4.522467805E+00 4.855066577E+00 5.200686870E+00 5.561065599E+00 5.937947756E+00
 6.333052211E+00 6.748076439E+00 7.184719020E+00 7.644702015E+00 8.129781329E+00
 8.641737846E+00 9.182340513E+00 9.753266475E+00 1.035595187E+01 1.099132165E+01
 1.165929183E+01 1.235780346E+01 1.308080041E+01 1.381383471E+01 1.452712590E+01
 1.517893957E+01 1.573618667E+01 1.618051746E+01 1.650201585E+01 1.669476484E+01
 1.675486501E+01 1.667963034E+01 1.646741739E+01 1.611797907E+01 1.563356399E+01
 1.502151564E+01 1.429996193E+01 1.350478036E+01 1.267981953E+01 1.185489880E+01
 1.104460645E+01 1.025547846E+01 9.490162966E+00 8.749337987E+00 8.032644242E+00
 7.339176694E+00 6.667760377E+00 6.017110721E+00 5.385928613E+00 4.772956984E+00
 4.177013067E+00 3.597006944E+00 3.031950334E+00 2.480960350E+00 1.943259751E+00
 1.418175303E+00 9.051351576E-01 4.036656769E-01-8.661193339E-02-5.659850361E-01
-1.034653022E+00-1.492730793E+00-1.940252393E+00-2.377174878E+00-2.803382532E+00
-3.218691640E+00-3.622855874E+00-4.015572433E+00-4.396489149E+00-4.765212318E+00
-5.121315720E+00-5.464350203E+00-5.793854560E+00-6.109366480E+00-6.410434252E+00
-6.696628581E+00-6.967554254E+00-7.222861130E+00-7.462254740E+00-7.685505188E+00
-7.892455233E+00-8.083026233E+00-8.257222523E+00-8.415133618E+00-8.556934725E+00
-8.682884738E+00-8.793322962E+00-8.888663720E+00-8.969389770E+00-9.036044191E+00
-9.089222029E+00-9.129560646E+00-9.157730538E+00-9.174425879E+00-9.180355423E+00
-1.997863369E+00-2.026960695E+00-2.054748973E+00-2.081700417E+00-2.108450451E+00
-2.135790910E+00-2.164581899E+00-2.195318579E+00-2.226942534E+00-2.253097093E+00
-2.253598432E+00-2.219830541E+00-2.152592468E+00-2.055822082E+00-1.911484587E+00
-1.735421105E+00-1.524221156E+00-1.272100669E+00-9.951296221E-01-7.210195660E-01
-4.510133918E-01-1.827349929E-01 8.495384316E-02 3.524365255E-01 6.197540519E-01
 8.870067878E-01 1.154488425E+00 1.422640559E+00 1.691986434E+00 1.963088580E+00
 2.236527900E+00 2.512896457E+00 2.792798971E+00 3.076860798E+00 3.365742308E+00
 3.660161658E+00 3.960930441E+00 4.269010525E+00 4.585604900E+00 4.912290873E+00
 5.251150693E+00 5.604714342E+00 5.975605217E+00 6.366246567E+00 6.778873668E+00
 7.215675855E+00 7.678929261E+00 8.171097283E+00 8.694910011E+00 9.253432902E+00
 9.850132259E+00 1.048894170E+01 1.117433438E+01 1.191140950E+01 1.270601579E+01
 1.356498797E+01 1.449678105E+01 1.551412580E+01 1.665179184E+01 1.755797200E+01
 1.833727146E+01 1.895822049E+01 1.934690764E+01 1.962235551E+01 1.974360638E+01
 1.962744223E+01 1.939244009E+01 1.899276734E+01 1.833620035E+01 1.753930626E+01
 1.654381216E+01 1.531356422E+01 1.421303093E+01 1.318542765E+01 1.221977046E+01
 1.130868340E+01 1.044619351E+01 9.627177541E+00 8.847159240E+00 8.102208217E+00
 7.388872074E+00 6.704121998E+00 6.045304804E+00 5.410100233E+00 4.796482771E+00
 4.202687925E+00 3.627182575E+00 3.068639666E+00 2.525915969E+00 1.998033266E+00
 1.484162152E+00 9.836081433E-01 4.957997279E-01 2.027798231E-02-4.433125618E-01
-8.952320609E-01-1.335652838E+00-1.764666370E+00-2.182290053E+00-2.588473899E+00
-2.983107372E+00-3.366026423E+00-3.737020914E+00-4.095842437E+00-4.442212536E+00
-4.775831433E+00-5.096386966E+00-5.403563981E+00-5.697053627E+00-5.976562776E+00
-6.241823038E+00-6.492599437E+00-6.728698405E+00-6.949974755E+00-7.156337751E+00
-7.347755835E+00-7.524260131E+00-7.685946499E+00-7.832975844E+00-7.965573569E+00
-8.084027210E+00-8.188682850E+00-8.279940902E+00-8.358250283E+00-8.424102535E+00
-8.478025137E+00-8.520574642E+00-8.552329705E+00-8.573884428E+00-1.774449973E+00
-1.795498180E+00-1.814738498E+00-1.832320192E+00-1.848402860E+00-1.863097205E+00
-1.876358944E+00-1.887839562E+00-1.896771980E+00-1.902025129E+00-1.902270500E+00
-1.891937648E+00-1.846652707E+00-1.767393261E+00-1.649658920E+00-1.493383055E+00
-1.295890785E+00-1.053478451E+00-7.710821828E-01-4.858554353E-01-2.044920712E-01
 7.597424643E-02 3.573164942E-01 6.386232295E-01 9.176636530E-01 1.194518054E+00
 1.469971915E+00 1.744902866E+00 2.020159199E+00 2.296534399E+00 2.574767233E+00
 2.855549760E+00 3.139537611E+00 3.427360925E+00 3.719636091E+00 4.016979812E+00
 4.320029562E+00 4.629479242E+00 4.946155331E+00 5.271223414E+00 5.607013208E+00
 5.959181848E+00 6.332650930E+00 6.729940110E+00 7.153147715E+00 7.604489357E+00
 8.086485958E+00 8.602082096E+00 9.154755030E+00 9.748638406E+00 1.038867604E+01
 1.108082336E+01 1.183232234E+01 1.265209418E+01 1.355133499E+01 1.454448661E+01
 1.565089854E+01 1.689746332E+01 1.829183714E+01 1.945000468E+01 2.040028297E+01
 2.113436186E+01 2.163213269E+01 2.196169090E+01 2.209589088E+01 2.199886328E+01
 2.172824500E+01 2.124470628E+01 2.049762088E+01 1.952983306E+01 1.827929003E+01
 1.679464943E+01 1.547074978E+01 1.427393697E+01 1.317907015E+01 1.216814239E+01
 1.122773427E+01 1.034744992E+01 9.519009185E+00 8.735690884E+00 7.991966043E+00
 7.283241068E+00 6.605670238E+00 5.956014309E+00 5.331531960E+00 4.729895132E+00
 4.149122161E+00 3.587524469E+00 3.043664066E+00 2.516318752E+00 2.004454023E+00
 1.507199822E+00 1.023831305E+00 5.537526692E-01 9.648341424E-02-3.483535149E-01
-7.810421562E-01-1.201782884E+00-1.610701017E+00-2.007854874E+00-2.393243539E+00
-2.766814456E+00-3.128470988E+00-3.478080015E+00-3.815479602E+00-4.140486798E+00
-4.452905406E+00-4.752533964E+00-5.039173386E+00-5.312634675E+00-5.572746050E+00
-5.819360079E+00-6.052359707E+00-6.271663929E+00-6.477232598E+00-6.669070205E+00
-6.847228717E+00-7.011809430E+00-7.162963558E+00-7.300892037E+00-7.425844146E+00
-7.538115104E+00-7.638043310E+00-7.726006209E+00-7.802416231E+00-7.867715910E+00
-7.922372913E+00-7.966874846E+00-8.001724246E+00-1.559130766E+00-1.571602770E+00
-1.581620137E+00-1.589094622E+00-1.593893286E+00-1.595799810E+00-1.594467537E+00
-1.589375007E+00-1.579802454E+00-1.564843239E+00-1.543444249E+00-1.514451233E+00
-1.476723693E+00-1.423660975E+00-1.326284259E+00-1.190269616E+00-1.011085282E+00
-7.821596482E-01-5.077276885E-01-2.260900526E-01 5.572123227E-02 3.409292647E-01
 6.332334672E-01 9.293004101E-01 1.217381241E+00 1.500492116E+00 1.780639725E+00
 2.059320701E+00 2.337722401E+00 2.616813874E+00 2.897397699E+00 3.180160702E+00
 3.465741598E+00 3.754768558E+00 4.047829009E+00 4.345425985E+00 4.647951646E+00
 4.955653813E+00 5.268558727E+00 5.586267705E+00 5.907392123E+00 6.248561093E+00
 6.618002431E+00 7.015656094E+00 7.442556666E+00 7.900470138E+00 8.391808373E+00
 8.919648607E+00 9.487812842E+00 1.010099896E+01 1.076496949E+01 1.148681083E+01
 1.227528085E+01 1.314126415E+01 1.409834567E+01 1.516347403E+01 1.635758319E+01
 1.770583011E+01 1.919727960E+01 2.046620122E+01 2.149905327E+01 2.229496711E+01
 2.285179816E+01 2.321019404E+01 2.335451548E+01 2.326743307E+01 2.297619501E+01
 2.245053828E+01 2.165723980E+01 2.060806048E+01 1.925542930E+01 1.768028594E+01
 1.626002335E+01 1.498105339E+01 1.381985873E+01 1.275681226E+01 1.177599414E+01
 1.086462525E+01 1.001245035E+01 9.211199497E+00 8.454155868E+00 7.735820712E+00
 7.051657487E+00 6.397896356E+00 5.771384908E+00 5.169472915E+00 4.589923094E+00
 4.030841168E+00 3.490620602E+00 2.967898792E+00 2.461521507E+00 1.970514289E+00
 1.494058870E+00 1.031473635E+00 5.821972444E-01 1.457746483E-01-2.781549768E-01
-6.898688749E-01-1.089570245E+00-1.477396959E+00-1.853429684E+00-2.217699611E+00
-2.570195840E+00-2.910872622E+00-3.239656427E+00-3.556452907E+00-3.861153756E+00
-4.153643458E+00-4.433805728E+00-4.701529938E+00-4.956717001E+00-5.199284967E+00
-5.429174105E+00-5.646351360E+00-5.850814290E+00-6.042594216E+00-6.221758551E+00
-6.388412333E+00-6.542699250E+00-6.684801447E+00-6.814938848E+00-6.933367747E+00
-7.040378632E+00-7.136293713E+00-7.221463719E+00-7.296264520E+00-7.361093417E+00
-7.416365482E+00-7.462509456E+00-1.353026535E+00-1.357006203E+00-1.357932960E+00
-1.355574432E+00-1.349641488E+00-1.339765912E+00-1.325477036E+00-1.306180952E+00
-1.281146151E+00-1.249496858E+00-1.210210989E+00-1.162115595E+00-1.103871387E+00
-1.033940861E+00-9.509405388E-01-8.408011302E-01-6.863799635E-01-4.777036655E-01
-2.217513162E-01 4.531462371E-02 3.162764871E-01 5.942494860E-01 8.825449403E-01
 1.176531801E+00 1.462900965E+00 1.744204598E+00 2.022488465E+00 2.299344139E+00
 2.576017694E+00 2.853499878E+00 3.132589799E+00 3.413953610E+00 3.698192915E+00
 3.985879367E+00 4.277520836E+00 4.573507802E+00 4.874067639E+00 5.179204799E+00
 5.488606806E+00 5.801527913E+00 6.116740753E+00 6.452301125E+00 6.817545107E+00
 7.212373294E+00 7.637488333E+00 8.094369821E+00 8.585229828E+00 9.113012500E+00
 9.681450953E+00 1.029518224E+01 1.095992579E+01 1.168273594E+01 1.247234543E+01
 1.333961800E+01 1.429812084E+01 1.536478900E+01 1.656055104E+01 1.791057277E+01
 1.940466319E+01 2.067510133E+01 2.171055148E+01 2.250937042E+01 2.306839549E+01
 2.343011368E+01 2.357808723E+01 2.349392009E+01 2.320675922E+01 2.268554522E+01
 2.189594574E+01 2.085166890E+01 1.950431706E+01 1.793350091E+01 1.651857215E+01
 1.524511682E+01 1.408961200E+01 1.303243767E+01 1.205768675E+01 1.115259365E+01
 1.030691525E+01 9.512391889E+00 8.762314751E+00 8.051191190E+00 7.374488680E+00
 6.728439670E+00 6.109891908E+00 5.516193274E+00 4.945102505E+00 4.394718824E+00
 3.863426804E+00 3.349851959E+00 2.852825245E+00 2.371354084E+00 1.904598588E+00
 1.451851819E+00 1.012523224E+00 5.861245037E-01 1.722574669E-01-2.293966370E-01
-6.190865858E-01-9.969997692E-01-1.363270053E+00-1.717985133E+00-2.061193469E+00
-2.392910923E+00-2.713127122E+00-3.021811618E+00-3.318919859E+00-3.604398915E+00
-3.878193013E+00-4.140248787E+00-4.390520167E+00-4.628973041E+00-4.855589365E+00
-5.070370872E+00-5.273342226E+00-5.464553621E+00-5.644082911E+00-5.812036867E+00
-5.968552244E+00-6.113795780E+00-6.247963919E+00-6.371281945E+00-6.484002487E+00
-6.586403901E+00-6.678787865E+00-6.761477060E+00-6.834812328E+00-6.899149996E+00
-6.954858840E+00
 9.729070650E-01 9.958628540E-01 9.973967000E-01 1.000414750E+00 1.003411420E+00
 1.006596970E+00 1.009920800E+00 1.014717140E+00 1.017734480E+00 1.020969880E+00
 1.024602520E+00 1.027801220E+00 1.031354300E+00 1.034891160E+00 1.038494800E+00
 1.042091330E+00 1.045743890E+00 1.049535100E+00 1.053222340E+00 1.057123440E+00
 1.060902590E+00 1.064854250E+00 1.068738470E+00 1.072754940E+00 1.076787050E+00
 1.080820260E+00 1.084938470E+00 1.089101920E+00 1.093327860E+00 1.097528810E+00
 1.101872030E+00 1.106215930E+00 1.110549830E+00 1.115049560E+00 1.119565660E+00
 1.124078680E+00 1.128651270E+00 1.133339320E+00 1.138086130E+00 1.142820690E+00
 1.147622060E+00 1.152546740E+00 1.157480680E+00 1.162470020E+00 1.167538810E+00
 1.172686440E+00 1.177879980E+00 1.183142550E+00 1.188452400E+00 1.193878400E+00
 1.199350340E+00 1.204873200E+00 1.210504410E+00 1.216203690E+00 1.221990260E+00
 1.227829320E+00 1.233760860E+00 1.239769990E+00 1.245887550E+00 1.252083080E+00
 1.258343710E+00 1.264736430E+00 1.271213500E+00 1.277766600E+00 1.284419900E+00
 1.291180400E+00 1.298058640E+00 1.305043600E+00 1.312132970E+00 1.319324200E+00
 1.326643300E+00 1.334083190E+00 1.341630360E+00 1.349310670E+00 1.357123610E+00
 1.365080040E+00 1.373161140E+00 1.381387200E+00 1.389756190E+00 1.398271620E+00
 1.406946620E+00 1.415777170E+00 1.424777150E+00 1.433949900E+00 1.443295420E+00
 1.452816930E+00 1.462522980E+00 1.472428990E+00 1.482536650E+00 1.492850750E+00
 1.503376180E+00 1.514117060E+00 1.525093170E+00 1.536304320E+00 1.547769370E+00
 1.559495550E+00 1.571482890E+00 1.583756760E+00 1.596329810E+00 1.609204020E+00
 1.622387290E+00 1.635879610E+00 1.649746640E+00 1.663981780E+00 1.678585310E+00
 1.693551730E+00 1.708894120E+00 1.724658160E+00 1.740873590E+00 1.757584300E+00
 1.774817900E+00 1.792636540E+00 1.811110460E+00 1.830237460E+00 1.850014360E+00
 1.870441260E+00 1.891645570E+00 1.913634880E+00 1.936291340E+00 1.959630280E+00
 1.983625280E+00 2.008379510E+00 2.033970180E+00 2.060490610E+00 2.088085580E+00
 2.117188290E+00 2.148035240E+00 2.180729110E+00 2.215968180E+00
  108    6
 3.500000006E+00 0.000000000E+00 3.509323117E+00 1.338235294E-01 3.527922794E+00
 2.443805947E-01 3.548780770E+00 3.345588235E-01 3.568406285E+00 4.014705882E-01
 3.599016544E+00 4.886861177E-01 3.634563419E+00 5.748229466E-01 3.670110294E+00
 6.497548223E-01 3.705657169E+00 7.162286977E-01 3.741204044E+00 7.761277240E-01
 3.776750919E+00 8.307388234E-01 3.812297794E+00 8.809309359E-01 3.855673024E+00
 9.367647059E-01 3.913428396E+00 1.003676471E+00 3.954485294E+00 1.046610442E+00
 3.990032169E+00 1.081299208E+00 4.053097765E+00 1.137500000E+00 4.096672794E+00
 1.172909500E+00 4.138625239E+00 1.204411765E+00 4.203313419E+00 1.249351657E+00
 4.238860294E+00 1.271929030E+00 4.309954044E+00 1.313493834E+00 4.357137303E+00
 1.338235294E+00 4.416594669E+00 1.367488842E+00 4.487688419E+00 1.398267012E+00
 4.523235294E+00 1.412500268E+00 4.594329044E+00 1.438262133E+00 4.665422794E+00
 1.460166258E+00 4.709783501E+00 1.472058824E+00 4.772063419E+00 1.487464537E+00
 4.843157169E+00 1.501186564E+00 4.914250919E+00 1.510798551E+00 4.985344669E+00
 1.515930515E+00 5.056438419E+00 1.515834462E+00 5.127532169E+00 1.509110092E+00
 5.198625919E+00 1.493137108E+00 5.251654965E+00 1.472058824E+00 5.305266544E+00
 1.443414248E+00 5.353437581E+00 1.405147059E+00 5.411907169E+00 1.341977787E+00
 5.447454044E+00 1.291381969E+00 5.483000919E+00 1.228956370E+00 5.518547794E+00
 1.153325770E+00 5.551144610E+00 1.070588235E+00 5.574641746E+00 1.003676471E+00
 5.595839420E+00 9.367647059E-01 5.625188419E+00 8.317070339E-01 5.648296584E+00
 7.360294118E-01 5.662577321E+00 6.691176471E-01 5.686464768E+00 5.352941176E-01
 5.696282169E+00 4.650896518E-01 5.710272857E+00 3.345588235E-01 5.717041357E+00
 2.007352941E-01 5.716133846E+00 6.691176471E-02 5.707444657E+00-6.691176471E-02
 5.696282169E+00-1.626785706E-01 5.680675589E+00-2.676470588E-01 5.660735294E+00
-3.716492646E-01 5.639293151E+00-4.683823529E-01 5.622467653E+00-5.352941176E-01
 5.589641544E+00-6.546450713E-01 5.564988252E+00-7.360294118E-01 5.543193619E+00
-8.029411765E-01 5.518547794E+00-8.745821336E-01 5.483000919E+00-9.700959236E-01
 5.447454044E+00-1.055710019E+00 5.411907169E+00-1.132315695E+00 5.376360294E+00
-1.200321687E+00 5.340813419E+00-1.259735777E+00 5.305266544E+00-1.310332837E+00
 5.269719669E+00-1.351677372E+00 5.207663076E+00-1.405147059E+00 5.163079044E+00
-1.433770076E+00 5.091985294E+00-1.460723422E+00 5.031444279E+00-1.472058824E+00
 4.985344669E+00-1.476267127E+00 4.914250919E+00-1.474211453E+00 4.878704044E+00
-1.470258014E+00 4.807610294E+00-1.458579906E+00 4.736516544E+00-1.441547225E+00
 4.665422794E+00-1.419315207E+00 4.627089526E+00-1.405147059E+00 4.558782169E+00
-1.378185555E+00 4.487688419E+00-1.345628838E+00 4.452141544E+00-1.327948694E+00
 4.381047794E+00-1.289923999E+00 4.345500919E+00-1.269080511E+00 4.274407169E+00
-1.225260892E+00 4.238860294E+00-1.201436769E+00 4.167766544E+00-1.151134701E+00
 4.132219669E+00-1.124123083E+00 4.066175670E+00-1.070588235E+00 4.025579044E+00
-1.035562954E+00 3.990032169E+00-1.003185606E+00 3.921881038E+00-9.367647059E-01
 3.883391544E+00-8.961951822E-01 3.847844669E+00-8.566609254E-01 3.802460453E+00
-8.029411765E-01 3.751002469E+00-7.360294118E-01 3.705657169E+00-6.708411817E-01
 3.670110294E+00-6.136787448E-01 3.634563419E+00-5.500638566E-01 3.599016544E+00
-4.773092495E-01 3.567892831E+00-4.014705882E-01 3.545440374E+00-3.345588235E-01
 3.527646984E+00-2.676470588E-01 3.505565459E+00-1.338235294E-01 3.500000006E+00
 0.000000000E+00
 5.999999995E+00 1.930000000E+00 3.500000006E+00 1.930000000E+00 3.500000006E+00
-1.930000000E+00 5.999999995E+00-1.930000000E+00 5.999999995E+00 1.930000000E+00
 5.999999995E+00 1.930000000E+00
    0 1.100000000E+01    0
