  EFITD    01/01/2017    #000001     3ms           3 129 129
 4.550000000E+00 8.564705882E+00 4.550000000E+00 2.248235294E+00 0.000000000E+00
 4.736159369E+00 6.363832341E-02-1.984250772E+01-1.147533115E+01 1.100000000E+01
 9.999999995E+06-1.984250772E+01 0.000000000E+00 4.736159369E+00 0.000000000E+00
 6.363832341E-02 0.000000000E+00-1.147533115E+01 0.000000000E+00 0.000000000E+00
 5.196396941E+01 5.191060374E+01 5.186003161E+01 5.181151196E+01 5.176466221E+01
 5.171926171E+01 5.167516074E+01 5.163224890E+01 5.159044022E+01 5.154966434E+01
 5.150986340E+01 5.147098736E+01 5.143299338E+01 5.139584259E+01 5.135949701E+01
 5.132392515E+01 5.128910404E+01 5.125501219E+01 5.122162928E+01 5.118893692E+01
 5.115691817E+01 5.112555669E+01 5.109483497E+01 5.106473136E+01 5.103522203E+01
 5.100628636E+01 5.097791007E+01 5.095008345E+01 5.092279825E+01 5.089604549E+01
 5.086981664E+01 5.084410405E+01 5.081890049E+01 5.079419949E+01 5.076999310E+01
 5.074627484E+01 5.072303869E+01 5.070027801E+01 5.067798559E+01 5.065615570E+01
 5.063478199E+01 5.061385771E+01 5.059337783E+01 5.057333605E+01 5.055372587E+01
 5.053454097E+01 5.051577457E+01 5.049742227E+01 5.047948096E+01 5.046194904E+01
 5.044482561E+01 5.042810964E+01 5.041180070E+01 5.039589938E+01 5.038040743E+01
 5.036532678E+01 5.035065800E+01 5.033640067E+01 5.032255316E+01 5.030911430E+01
 5.029608172E+01 5.028345366E+01 5.027122630E+01 5.025939448E+01 5.024795128E+01
 5.023688788E+01 5.022619646E+01 5.021586806E+01 5.020589368E+01 5.019626111E+01
 5.018695520E+01 5.017795974E+01 5.016925973E+01 5.016084367E+01 5.015270231E+01
 5.014482797E+01 5.013721301E+01 5.012985109E+01 5.012273722E+01 5.011586801E+01
 5.010924021E+01 5.010284927E+01 5.009669091E+01 5.009075910E+01 5.008504869E+01
 5.007955379E+01 5.007426792E+01 5.006918549E+01 5.006430002E+01 5.005960710E+01
 5.005510230E+01 5.005078107E+01 5.004663973E+01 5.004267459E+01 5.003888169E+01
 5.003525851E+01 5.003180167E+01 5.002850735E+01 5.002537201E+01 5.002239198E+01
 5.001956342E+01 5.001688295E+01 5.001434806E+01 5.001195655E+01 5.000970813E+01
 5.000760574E+01 5.000565408E+01 5.000386082E+01 5.000223964E+01 5.000081012E+01
 4.999959715E+01 4.999863604E+01 4.999796552E+01 4.999761870E+01 4.999773588E+01
 4.999862397E+01 5.000059623E+01 5.000372833E+01 5.000788867E+01 5.001293959E+01
 5.001873921E+01 5.002503374E+01 5.003143027E+01 5.003748588E+01 5.004277087E+01
 5.004695593E+01 5.004996923E+01 5.005136710E+01 5.005000000E+01
 1.352838361E+06 1.338787881E+06 1.324805847E+06 1.310893593E+06 1.297052455E+06
 1.283283765E+06 1.269588864E+06 1.255969080E+06 1.242425752E+06 1.228960216E+06
 1.215573805E+06 1.202267855E+06 1.189043698E+06 1.175904690E+06 1.162860478E+06
 1.149914259E+06 1.137059663E+06 1.124292149E+06 1.111607900E+06 1.099003590E+06
 1.086476055E+06 1.074023047E+06 1.061646876E+06 1.049359390E+06 1.037178153E+06
 1.025115860E+06 1.013175471E+06 1.001352821E+06 9.896424714E+05 9.780403803E+05
 9.665434595E+05 9.551481604E+05 9.438496705E+05 9.326439361E+05 9.215289245E+05
 9.105017771E+05 8.995583798E+05 8.886970689E+05 8.779169217E+05 8.672150495E+05
 8.565905145E+05 8.460427750E+05 8.355691330E+05 8.251694492E+05 8.148437690E+05
 8.045923677E+05 7.944169513E+05 7.843149185E+05 7.742814412E+05 7.643091748E+05
 7.543894979E+05 7.445151538E+05 7.346767194E+05 7.248639885E+05 7.150642620E+05
 7.052650558E+05 6.954562453E+05 6.856294148E+05 6.757788078E+05 6.658982534E+05
 6.559828115E+05 6.460277090E+05 6.360310641E+05 6.259940778E+05 6.159213269E+05
 6.058199837E+05 5.956967970E+05 5.855596046E+05 5.754168461E+05 5.652829872E+05
 5.551773667E+05 5.451221336E+05 5.351365814E+05 5.252339172E+05 5.154231313E+05
 5.057104008E+05 4.961022385E+05 4.866020143E+05 4.772111498E+05 4.679279572E+05
 4.587504309E+05 4.496786858E+05 4.407132150E+05 4.318566865E+05 4.231107037E+05
 4.144779799E+05 4.059622479E+05 3.975659520E+05 3.892922292E+05 3.811414453E+05
 3.731129743E+05 3.652069583E+05 3.574215461E+05 3.497552916E+05 3.422061954E+05
 3.347701918E+05 3.274446491E+05 3.202277130E+05 3.131162435E+05 3.061077300E+05
 2.991999328E+05 2.923889009E+05 2.856697304E+05 2.790363292E+05 2.724782308E+05
 2.659794497E+05 2.595197924E+05 2.530731229E+05 2.466021651E+05 2.400567088E+05
 2.333772130E+05 2.264826052E+05 2.192850820E+05 2.117060631E+05 2.034633586E+05
 1.939586845E+05 1.825788490E+05 1.691598540E+05 1.539321120E+05 1.371390042E+05
 1.190373966E+05 1.001017222E+05 8.107715231E+04 6.280918064E+04 4.612081980E+04
 3.164064544E+04 1.950168492E+04 1.056107735E+04 7.031946460E+03
-4.372754435E+01-4.107368337E+01-3.920798975E+01-3.774193973E+01-3.649130765E+01
-3.538160774E+01-3.437350933E+01-3.344352215E+01-3.257621856E+01-3.176076821E+01
-3.098920842E+01-3.025554092E+01-2.955498260E+01-2.888551595E+01-2.824770146E+01
-2.762983778E+01-2.703085627E+01-2.644942333E+01-2.588407530E+01-2.533378854E+01
-2.479719451E+01-2.427423498E+01-2.376692714E+01-2.327968593E+01-2.281143634E+01
-2.235767221E+01-2.191328502E+01-2.147615322E+01-2.104633135E+01-2.062401968E+01
-2.020895602E+01-1.980019344E+01-1.939694064E+01-1.900002780E+01-1.860969473E+01
-1.822439564E+01-1.784416200E+01-1.747057455E+01-1.710216789E+01-1.673836533E+01
-1.638104798E+01-1.602823750E+01-1.567978395E+01-1.533772108E+01-1.499981791E+01
-1.466826702E+01-1.434180891E+01-1.401779621E+01-1.369680284E+01-1.337585260E+01
-1.305668864E+01-1.273852910E+01-1.242015693E+01-1.210198825E+01-1.178132191E+01
-1.146095648E+01-1.113992677E+01-1.082056145E+01-1.050265024E+01-1.018595391E+01
-9.871656850E+00-9.558615770E+00-9.250346710E+00-8.945822435E+00-8.648857965E+00
-8.357711450E+00-8.073718620E+00-7.796374080E+00-7.526620640E+00-7.268513835E+00
-7.021996410E+00-6.789424950E+00-6.565969025E+00-6.351328445E+00-6.142216685E+00
-5.939552355E+00-5.742655050E+00-5.549585140E+00-5.360635396E+00-5.172917222E+00
-4.989090029E+00-4.808230768E+00-4.631610379E+00-4.459772889E+00-4.291304815E+00
-4.128584592E+00-3.970071264E+00-3.816292810E+00-3.667323566E+00-3.520828327E+00
-3.378401565E+00-3.239113185E+00-3.102320441E+00-2.969093204E+00-2.837942718E+00
-2.708772544E+00-2.582961766E+00-2.459835884E+00-2.339149098E+00-2.221793101E+00
-2.107196229E+00-1.994694455E+00-1.884346200E+00-1.775286518E+00-1.665017717E+00
-1.551799447E+00-1.434228180E+00-1.309195624E+00-1.171149441E+00-1.015609133E+00
-8.400497325E-01-6.301852095E-01-3.955840730E-01-1.349570629E-01 3.143015827E-01
 1.044070242E+00 1.973030900E+00 2.818825147E+00 3.546178466E+00 4.182328661E+00
 4.692614162E+00 4.940893876E+00 4.850107130E+00 4.420075247E+00 3.671155422E+00
 2.736831752E+00 1.877410645E+00 2.631355892E-01-2.356542193E+00
-2.154608706E+05-2.144240153E+05-2.133667369E+05-2.122890356E+05-2.111909112E+05
-2.100723639E+05-2.089333928E+05-2.077739995E+05-2.065941824E+05-2.053939424E+05
-2.041732801E+05-2.029321940E+05-2.016706850E+05-2.003271384E+05-1.987701655E+05
-1.973290531E+05-1.959668979E+05-1.946647149E+05-1.934192901E+05-1.922189632E+05
-1.910703442E+05-1.899387384E+05-1.887194006E+05-1.872253750E+05-1.854686698E+05
-1.835861774E+05-1.817388625E+05-1.799839831E+05-1.783028337E+05-1.766718451E+05
-1.750849594E+05-1.735627040E+05-1.721229852E+05-1.707248079E+05-1.693472733E+05
-1.680365502E+05-1.667848119E+05-1.655251148E+05-1.643015096E+05-1.631302326E+05
-1.619353340E+05-1.607805735E+05-1.596683634E+05-1.585177305E+05-1.574040747E+05
-1.562452595E+05-1.550791788E+05-1.540000233E+05-1.529816753E+05-1.521271996E+05
-1.513727067E+05-1.507402672E+05-1.502739458E+05-1.499538070E+05-1.498761781E+05
-1.499377918E+05-1.501701348E+05-1.504890752E+05-1.508975727E+05-1.514053382E+05
-1.519649673E+05-1.526187910E+05-1.532360145E+05-1.538530883E+05-1.543302017E+05
-1.547279317E+05-1.549985410E+05-1.551564230E+05-1.551688227E+05-1.548840978E+05
-1.543048556E+05-1.533425212E+05-1.521729394E+05-1.508064255E+05-1.493618535E+05
-1.478063378E+05-1.461626255E+05-1.445037510E+05-1.428167520E+05-1.412094725E+05
-1.395837961E+05-1.379729787E+05-1.363322807E+05-1.346398066E+05-1.329500005E+05
-1.311746267E+05-1.293705440E+05-1.275203860E+05-1.256203137E+05-1.237589867E+05
-1.218781174E+05-1.200122928E+05-1.181882432E+05-1.163664931E+05-1.146037024E+05
-1.129064258E+05-1.112239982E+05-1.095834967E+05-1.079972429E+05-1.064334237E+05
-1.049157903E+05-1.034728038E+05-1.021052203E+05-1.008486282E+05-9.980127647E+04
-9.903377427E+04-9.860424803E+04-9.863641118E+04-9.934736011E+04-1.009157507E+05
-1.034484029E+05-1.074972596E+05-1.127163208E+05-1.191694129E+05-1.330222656E+05
-1.577803253E+05-1.903942134E+05-2.201699382E+05-2.457341725E+05-2.680634677E+05
-2.857687042E+05-2.935823598E+05-2.884885277E+05-2.704336742E+05-2.401591508E+05
-2.028725719E+05-1.685279681E+05-1.050165809E+05-2.959807969E+03
 1.544380197E+00 1.617092938E+00 1.692885524E+00 1.771847209E+00 1.854027197E+00
 1.939417693E+00 2.027937393E+00 2.119419072E+00 2.213604747E+00 2.310149612E+00
 2.408631847E+00 2.508562358E+00 2.609387967E+00 2.710483738E+00 2.811758676E+00
 2.897422630E+00 2.957927546E+00 2.985089156E+00 2.989655325E+00 3.008921568E+00
 3.049804891E+00 3.114855173E+00 3.208181941E+00 3.317543034E+00 3.403584822E+00
 3.470308889E+00 3.520711100E+00 3.556801878E+00 3.579820562E+00 3.590440145E+00
 3.588942628E+00 3.575360905E+00 3.549536563E+00 3.511075272E+00 3.459257951E+00
 3.392946485E+00 3.310463939E+00 3.209409956E+00 3.086382999E+00 2.936635702E+00
 2.753875397E+00 2.576599250E+00 2.427780645E+00 2.302482145E+00 2.197148394E+00
 2.109412931E+00 2.037809507E+00 1.981547820E+00 1.940370890E+00 1.914477206E+00
 1.904491485E+00 1.911474650E+00 1.936970005E+00 1.983087601E+00 2.052632487E+00
 2.149281996E+00 2.277799853E+00 2.444207330E+00 2.648828050E+00 2.795129163E+00
 2.890519899E+00 2.930979554E+00 2.911528789E+00 2.850226264E+00 2.739208162E+00
 2.569593729E+00 2.356618795E+00 2.089014697E+00 1.753930134E+00 1.363099096E+00
 9.006975445E-01 3.807630714E-01-9.823817716E-02-5.438441826E-01-9.618827625E-01
-1.357028921E+00-1.732975004E+00-2.092639934E+00-2.438346239E+00-2.771956034E+00
-3.094972856E+00-3.408617707E+00-3.713886141E+00-4.011591457E+00-4.302397583E+00
-4.586844517E+00-4.865367858E+00-5.138314238E+00-5.405953622E+00-5.668488837E+00
-5.926063651E+00-6.178768996E+00-6.426648528E+00-6.669702956E+00-6.907894180E+00
-7.141148839E+00-7.369361265E+00-7.592396987E+00-7.810095376E+00-8.022272752E+00
-8.228725579E+00-8.429233338E+00-8.623562079E+00-8.811467604E+00-8.992699177E+00
-9.167003105E+00-9.334126644E+00-9.493821735E+00-9.645848950E+00-9.789981310E+00
-9.926008067E+00-1.005373818E+01-1.017300376E+01-1.028366289E+01-1.038560255E+01
-1.047874061E+01-1.056302768E+01-1.063844835E+01-1.070502173E+01-1.076280195E+01
-1.081187734E+01-1.085236993E+01-1.088443388E+01-1.090825371E+01-1.092404216E+01
-1.093203764E+01-1.093250164E+01-1.092571560E+01-1.091197804E+01 1.580303647E+00
 1.657295793E+00 1.738053776E+00 1.822798239E+00 1.911714544E+00 2.004919907E+00
 2.102424848E+00 2.204099980E+00 2.309665187E+00 2.418712681E+00 2.530756026E+00
 2.645283467E+00 2.762113782E+00 2.870636593E+00 2.955304027E+00 3.013031644E+00
 3.046579742E+00 3.050552677E+00 3.031371020E+00 3.029000058E+00 3.048762447E+00
 3.091992624E+00 3.162048648E+00 3.248530707E+00 3.315208287E+00 3.366445387E+00
 3.404410528E+00 3.430307675E+00 3.444799426E+00 3.448180636E+00 3.440498107E+00
 3.421651631E+00 3.391429777E+00 3.349460252E+00 3.295130022E+00 3.227515383E+00
 3.145307225E+00 3.046692857E+00 2.929128137E+00 2.788802121E+00 2.619139956E+00
 2.454833025E+00 2.315671677E+00 2.196786732E+00 2.095523606E+00 2.010300100E+00
 1.940206430E+00 1.884837057E+00 1.844211897E+00 1.818745371E+00 1.809249623E+00
 1.816967623E+00 1.843635897E+00 1.891577661E+00 1.963823954E+00 2.064248906E+00
 2.197679322E+00 2.369899760E+00 2.577668821E+00 2.731994026E+00 2.830397510E+00
 2.871758143E+00 2.855635611E+00 2.792168134E+00 2.676823332E+00 2.505559696E+00
 2.285305625E+00 2.007971495E+00 1.665682237E+00 1.261723044E+00 7.840034451E-01
 2.530893273E-01-2.400176841E-01-6.988751429E-01-1.129074419E+00-1.535351834E+00
-1.921586338E+00-2.290903829E+00-2.645810700E+00-2.988318695E+00-3.320048529E+00
-3.642311486E+00-3.956172197E+00-4.262496534E+00-4.561988179E+00-4.855216727E+00
-5.142639012E+00-5.424616206E+00-5.701426586E+00-5.973276093E+00-6.240306522E+00
-6.502602151E+00-6.760195364E+00-7.013071071E+00-7.261170885E+00-7.504396423E+00
-7.742612705E+00-7.975651220E+00-8.203313081E+00-8.425372018E+00-8.641577728E+00
-8.851659341E+00-9.055329125E+00-9.252286345E+00-9.442221481E+00-9.624820719E+00
-9.799770401E+00-9.966762031E+00-1.012549685E+01-1.027569089E+01-1.041707965E+01
-1.054942266E+01-1.067250776E+01-1.078615513E+01-1.089022049E+01-1.098459809E+01
-1.106922301E+01-1.114407243E+01-1.120916676E+01-1.126456947E+01-1.131038671E+01
-1.134676578E+01-1.137389337E+01-1.139199297E+01-1.140132192E+01-1.140216802E+01
-1.139484587E+01-1.137969305E+01-1.135706608E+01 1.607919822E+00 1.688485005E+00
 1.773540017E+00 1.863518004E+00 1.958857399E+00 2.059946664E+00 2.167026467E+00
 2.280057708E+00 2.398636599E+00 2.522074506E+00 2.649631908E+00 2.778472595E+00
 2.876214349E+00 2.956863263E+00 3.014922117E+00 3.046435848E+00 3.054922594E+00
 3.035489929E+00 2.995844198E+00 2.972267637E+00 2.968131487E+00 2.981323135E+00
 3.008997506E+00 3.043757304E+00 3.075785558E+00 3.101339479E+00 3.119189422E+00
 3.128816051E+00 3.129940969E+00 3.122357411E+00 3.105854748E+00 3.080180419E+00
 3.045018902E+00 2.999979627E+00 2.944591374E+00 2.878305380E+00 2.800515395E+00
 2.710616572E+00 2.608164247E+00 2.493351488E+00 2.368892515E+00 2.244811531E+00
 2.129814246E+00 2.026294229E+00 1.934863801E+00 1.855707700E+00 1.788961491E+00
 1.734858306E+00 1.693802844E+00 1.666421461E+00 1.653608869E+00 1.656583140E+00
 1.676958412E+00 1.716845951E+00 1.778998373E+00 1.867017160E+00 1.985638208E+00
 2.141039285E+00 2.330825137E+00 2.468293142E+00 2.551385021E+00 2.579879054E+00
 2.553749183E+00 2.482349862E+00 2.361393185E+00 2.187193538E+00 1.966102293E+00
 1.690586331E+00 1.353344739E+00 9.569012392E-01 4.888708035E-01-3.114447316E-02
-5.145306418E-01-9.656810168E-01-1.390553463E+00-1.793759910E+00-2.178868601E+00
-2.548675576E+00-2.905401540E+00-3.250830113E+00-3.586406087E+00-3.913306856E+00
-4.232495248E+00-4.544759175E+00-4.850741803E+00-5.150964658E+00-5.445845531E+00
-5.735712340E+00-6.020814051E+00-6.301329376E+00-6.577373520E+00-6.849003809E+00
-7.116224104E+00-7.378988740E+00-7.637205643E+00-7.890739397E+00-8.139414005E+00
-8.383015530E+00-8.621295087E+00-8.853971839E+00-9.080736106E+00-9.301253273E+00
-9.515167643E+00-9.722106931E+00-9.921687194E+00-1.011351795E+01-1.029720795E+01
-1.047237106E+01-1.063863231E+01-1.079563407E+01-1.094304231E+01-1.108055241E+01
-1.120789475E+01-1.132483988E+01-1.143120304E+01-1.152684764E+01-1.161168847E+01
-1.168569341E+01-1.174888440E+01-1.180133753E+01-1.184318202E+01-1.187459825E+01
-1.189581501E+01-1.190710604E+01-1.190878582E+01-1.190120506E+01-1.188474572E+01
-1.185981582E+01-1.182684423E+01 1.625493542E+00 1.708365482E+00 1.796335918E+00
 1.890130083E+00 1.990609815E+00 2.098765642E+00 2.215622389E+00 2.341780934E+00
 2.476305269E+00 2.612881938E+00 2.730425910E+00 2.828283123E+00 2.903337903E+00
 2.956716536E+00 2.985295573E+00 2.989875220E+00 2.973994797E+00 2.932780674E+00
 2.881826981E+00 2.846815906E+00 2.826073453E+00 2.816566114E+00 2.815234444E+00
 2.818574915E+00 2.823061418E+00 2.825845844E+00 2.824954697E+00 2.819086037E+00
 2.807366152E+00 2.789178277E+00 2.764056837E+00 2.731625392E+00 2.691563322E+00
 2.643593485E+00 2.587488990E+00 2.523102427E+00 2.450427455E+00 2.369711507E+00
 2.281648235E+00 2.187667416E+00 2.090215380E+00 1.992600815E+00 1.898130299E+00
 1.809331089E+00 1.727885858E+00 1.654906286E+00 1.591192426E+00 1.537408604E+00
 1.494196247E+00 1.462249447E+00 1.442370783E+00 1.435519250E+00 1.442859412E+00
 1.465822803E+00 1.506201698E+00 1.566326155E+00 1.649480974E+00 1.761135125E+00
 1.904760404E+00 1.995804421E+00 2.043873051E+00 2.045831094E+00 1.997163587E+00
 1.912614056E+00 1.784662846E+00 1.605971621E+00 1.389728313E+00 1.126449292E+00
 8.063184116E-01 4.399386962E-01 1.218468167E-02-4.674473665E-01-9.131921723E-01
-1.335031556E+00-1.738032749E+00-2.125322785E+00-2.499170627E+00-2.861360460E+00
-3.213350394E+00-3.556354078E+00-3.891389964E+00-4.219314869E+00-4.540848763E+00
-4.856593769E+00-5.167049469E+00-5.472624788E+00-5.773647723E+00-6.070373189E+00
-6.362989118E+00-6.651621471E+00-6.936338369E+00-7.217153011E+00-7.494026508E+00
-7.766870057E+00-8.035546704E+00-8.299873441E+00-8.559622737E+00-8.814524629E+00
-9.064269005E+00-9.308508128E+00-9.546859785E+00-9.778910877E+00-1.000422171E+01
-1.022233099E+01-1.043276137E+01-1.063502590E+01-1.082863470E+01-1.101310252E+01
-1.118795646E+01-1.135274390E+01-1.150704059E+01-1.165045853E+01-1.178265320E+01
-1.190333049E+01-1.201225259E+01-1.210924300E+01-1.219419020E+01-1.226705035E+01
-1.232784820E+01-1.237667699E+01-1.241369682E+01-1.243913197E+01-1.245326671E+01
-1.245644048E+01-1.244904217E+01-1.243150361E+01-1.240429285E+01-1.236790732E+01
-1.232286688E+01 1.631771311E+00 1.715035195E+00 1.803590713E+00 1.898405420E+00
 2.000748562E+00 2.112324305E+00 2.235568229E+00 2.374579762E+00 2.513582610E+00
 2.629622064E+00 2.724088592E+00 2.799361459E+00 2.842430746E+00 2.865563376E+00
 2.865729857E+00 2.837665130E+00 2.791986630E+00 2.746198628E+00 2.705334819E+00
 2.670953947E+00 2.643364383E+00 2.621800696E+00 2.604863822E+00 2.590828074E+00
 2.577885043E+00 2.564352884E+00 2.548803729E+00 2.530095537E+00 2.507343204E+00
 2.479869205E+00 2.447157197E+00 2.408817657E+00 2.364567683E+00 2.314225284E+00
 2.257718432E+00 2.195110134E+00 2.126640957E+00 2.052788740E+00 1.974337786E+00
 1.892433436E+00 1.808575688E+00 1.724506653E+00 1.642007938E+00 1.562703475E+00
 1.487955796E+00 1.418861685E+00 1.356302372E+00 1.301007133E+00 1.253609771E+00
 1.214691212E+00 1.184807233E+00 1.164501009E+00 1.154298151E+00 1.154677246E+00
 1.165997746E+00 1.188337195E+00 1.221085804E+00 1.261683900E+00 1.301264248E+00
 1.323148010E+00 1.317104410E+00 1.279439073E+00 1.208469933E+00 1.103172634E+00
 9.627543757E-01 7.865099487E-01 5.737920115E-01 3.240618457E-01 3.709545296E-02
-2.864485638E-01-6.431289639E-01-1.020958849E+00-1.402530704E+00-1.779778088E+00
-2.150344337E+00-2.513632084E+00-2.869694802E+00-3.218861506E+00-3.561576571E+00
-3.898321008E+00-4.229570762E+00-4.555773897E+00-4.877338247E+00-5.194625024E+00
-5.507945481E+00-5.817560047E+00-6.123677932E+00-6.426457521E+00-6.726006847E+00
-7.022383865E+00-7.315596969E+00-7.605605064E+00-7.892317730E+00-8.175595256E+00
-8.455248644E+00-8.731039846E+00-9.002682191E+00-9.269841101E+00-9.532135272E+00
-9.789138718E+00-1.004038302E+01-1.028536112E+01-1.052353138E+01-1.075432327E+01
-1.097714364E+01-1.119138431E+01-1.139643071E+01-1.159167095E+01-1.177650609E+01
-1.195036051E+01-1.211269263E+01-1.226300527E+01-1.240085574E+01-1.252586502E+01
-1.263772587E+01-1.273620951E+01-1.282117073E+01-1.289255101E+01-1.295038013E+01
-1.299477533E+01-1.302593909E+01-1.304415492E+01-1.304978141E+01-1.304324539E+01
-1.302503350E+01-1.299568356E+01-1.295577506E+01-1.290591996E+01-1.284675320E+01
 1.626670877E+00 1.707956136E+00 1.793994891E+00 1.885768187E+00 1.984588443E+00
 2.092179644E+00 2.210748875E+00 2.342920072E+00 2.469808145E+00 2.567032295E+00
 2.636880319E+00 2.681362576E+00 2.697911758E+00 2.688908192E+00 2.654635129E+00
 2.615573090E+00 2.576396651E+00 2.538196699E+00 2.501933431E+00 2.468288422E+00
 2.437524186E+00 2.409455661E+00 2.383523881E+00 2.358915057E+00 2.334684496E+00
 2.309864618E+00 2.283544681E+00 2.254918164E+00 2.223302385E+00 2.188140211E+00
 2.148993420E+00 2.105534865E+00 2.057543757E+00 2.004906405E+00 1.947623519E+00
 1.885823980E+00 1.819783754E+00 1.749946352E+00 1.676938145E+00 1.601568617E+00
 1.524805533E+00 1.447721213E+00 1.371418868E+00 1.296958815E+00 1.225303652E+00
 1.157290447E+00 1.093625710E+00 1.034893460E+00 9.815665071E-01 9.340135143E-01
 8.924961829E-01 8.571511177E-01 8.279491830E-01 8.046209788E-01 7.865290770E-01
 7.724565340E-01 7.602773363E-01 7.465401280E-01 7.262811271E-01 6.936899178E-01
 6.434664970E-01 5.716312243E-01 4.754608097E-01 3.531399462E-01 2.034841745E-01
 2.579357168E-02-1.801763779E-01-4.141312211E-01-6.750231182E-01-9.606844312E-01
-1.267398880E+00-1.589878217E+00-1.922275860E+00-2.259660179E+00-2.598626984E+00
-2.937066978E+00-3.273747489E+00-3.607989319E+00-3.939456750E+00-4.268025426E+00
-4.593698524E+00-4.916552568E+00-5.236701698E+00-5.554273567E+00-5.869392993E+00
-6.182170331E+00-6.492693168E+00-6.801020285E+00-7.107176821E+00-7.411150443E+00
-7.712887883E+00-8.012292417E+00-8.309220828E+00-8.603481281E+00-8.894831156E+00
-9.182975195E+00-9.467563967E+00-9.748193077E+00-1.002440301E+01-1.029567946E+01
-1.056145526E+01-1.082111315E+01-1.107399000E+01-1.131938257E+01-1.155655501E+01
-1.178474766E+01-1.200318782E+01-1.221110153E+01-1.240772693E+01-1.259232800E+01
-1.276420907E+01-1.292272916E+01-1.306731568E+01-1.319747715E+01-1.331281443E+01
-1.341303002E+01-1.349793483E+01-1.356745270E+01-1.362162206E+01-1.366059467E+01
-1.368463202E+01-1.369409902E+01-1.368945539E+01-1.367124554E+01-1.364008686E+01
-1.359665714E+01-1.354168155E+01-1.347592000E+01-1.340015423E+01 1.611962927E+00
 1.688963130E+00 1.769305723E+00 1.853753179E+00 1.943384529E+00 2.039628604E+00
 2.144267736E+00 2.259411862E+00 2.364698228E+00 2.437593273E+00 2.479824967E+00
 2.493904492E+00 2.476656088E+00 2.450435843E+00 2.420871112E+00 2.388896221E+00
 2.355427386E+00 2.321275026E+00 2.287104794E+00 2.253391023E+00 2.220381063E+00
 2.188086648E+00 2.156306046E+00 2.124669192E+00 2.092693627E+00 2.059840291E+00
 2.025561640E+00 1.989338319E+00 1.950703966E+00 1.909260248E+00 1.864685191E+00
 1.816737965E+00 1.765262516E+00 1.710191742E+00 1.651552884E+00 1.589474029E+00
 1.524190512E+00 1.456049231E+00 1.385507892E+00 1.313126152E+00 1.239546526E+00
 1.165465482E+00 1.091597985E+00 1.018641210E+00 9.472427958E-01 8.779769551E-01
 8.113284481E-01 7.476820829E-01 6.873139693E-01 6.303805814E-01 5.769016463E-01
 5.267329707E-01 4.795252806E-01 4.346653034E-01 3.911971991E-01 3.477285506E-01
 3.023412208E-01 2.525550608E-01 1.954148581E-01 1.277376149E-01 4.644984885E-02
-5.113076121E-02-1.671562366E-01-3.032281954E-01-4.604283125E-01-6.393461973E-01
-8.400783988E-01-1.062191128E+00-1.304655047E+00-1.565783316E+00-1.843236302E+00
-2.134171287E+00-2.435554930E+00-2.744530031E+00-3.058677249E+00-3.376106056E+00
-3.695419824E+00-4.015627316E+00-4.336047552E+00-4.656227925E+00-4.975878970E+00
-5.294824848E+00-5.612966272E+00-5.930252379E+00-6.246659726E+00-6.562175901E+00
-6.876787076E+00-7.190467918E+00-7.503173038E+00-7.814830099E+00-8.125333551E+00
-8.434538995E+00-8.742257947E+00-9.048253064E+00-9.352233541E+00-9.653850971E+00
-9.952695603E+00-1.024829323E+01-1.054010285E+01-1.082751556E+01-1.110985440E+01
-1.138637618E+01-1.165627523E+01-1.191868902E+01-1.217270643E+01-1.241737867E+01
-1.265173218E+01-1.287478429E+01-1.308556075E+01-1.328311447E+01-1.346654554E+01
-1.363502107E+01-1.378779446E+01-1.392422353E+01-1.404378610E+01-1.414609307E+01
-1.423089820E+01-1.429810398E+01-1.434776362E+01-1.438007926E+01-1.439539598E+01
-1.439419229E+01-1.437706782E+01-1.434472779E+01-1.429796643E+01-1.423764894E+01
-1.416469297E+01-1.408005111E+01-1.398469373E+01 1.591667119E+00 1.662801007E+00
 1.734942049E+00 1.808456182E+00 1.884076522E+00 1.962912446E+00 2.046459330E+00
 2.136661105E+00 2.214872378E+00 2.254487664E+00 2.262794624E+00 2.254442076E+00
 2.239436614E+00 2.218923610E+00 2.194069616E+00 2.165865613E+00 2.135151993E+00
 2.102628365E+00 2.068852035E+00 2.034231592E+00 1.999022553E+00 1.963330590E+00
 1.927124852E+00 1.890260368E+00 1.852506379E+00 1.813576690E+00 1.773158534E+00
 1.730937650E+00 1.686618550E+00 1.639939897E+00 1.590685913E+00 1.538694689E+00
 1.483864510E+00 1.426158894E+00 1.365610686E+00 1.302325139E+00 1.236481393E+00
 1.168331562E+00 1.098196287E+00 1.026455971E+00 9.535372391E-01 8.798951968E-01
 8.059927258E-01 7.322788430E-01 6.591678747E-01 5.870208044E-01 5.161290052E-01
 4.466997838E-01 3.788423191E-01 3.125524096E-01 2.476942954E-01 1.839781920E-01
 1.209328592E-01 5.787390763E-02-6.129019915E-03-7.227920463E-02-1.420621920E-01
-2.172225707E-01-2.996964878E-01-3.915014718E-01-4.946037251E-01-6.107932427E-01
-7.415899310E-01-8.881861563E-01-1.051416713E+00-1.231742856E+00-1.429240429E+00
-1.643589080E+00-1.874067666E+00-2.119568206E+00-2.378644260E+00-2.649603832E+00
-2.930639826E+00-3.219971244E+00-3.515961433E+00-3.817191538E+00-4.122487618E+00
-4.430913234E+00-4.741742635E+00-5.054426361E+00-5.368556551E+00-5.683835149E+00
-6.000046524E+00-6.317034575E+00-6.634683431E+00-6.952901487E+00-7.271608172E+00
-7.590722245E+00-7.910151984E+00-8.229786048E+00-8.549485396E+00-8.869075412E+00
-9.188338453E+00-9.507006645E+00-9.824754826E+00-1.014119361E+01-1.045586298E+01
-1.076822608E+01-1.107766409E+01-1.138347210E+01-1.168485657E+01-1.198093474E+01
-1.227073686E+01-1.255321123E+01-1.282723309E+01-1.309161684E+01-1.334513283E+01
-1.358652732E+01-1.381454638E+01-1.402796176E+01-1.422559889E+01-1.440636531E+01
-1.456927822E+01-1.471349024E+01-1.483831206E+01-1.494323108E+01-1.502792530E+01
-1.509227148E+01-1.513634790E+01-1.516043084E+01-1.516498570E+01-1.515065250E+01
-1.511822694E+01-1.506863790E+01-1.500292236E+01-1.492219950E+01-1.482764413E+01
-1.472046201E+01-1.460186685E+01 1.572242381E+00 1.637450957E+00 1.700158163E+00
 1.760154336E+00 1.817885968E+00 1.874239104E+00 1.930191837E+00 1.986922221E+00
 2.025305809E+00 2.038364488E+00 2.040598936E+00 2.034119837E+00 2.020635102E+00
 2.001469477E+00 1.977691574E+00 1.950180910E+00 1.919665027E+00 1.886739709E+00
 1.851879439E+00 1.815443114E+00 1.777678921E+00 1.738731049E+00 1.698649756E+00
 1.657405004E+00 1.614902861E+00 1.571003339E+00 1.525538241E+00 1.478327812E+00
 1.429195455E+00 1.377980068E+00 1.324546142E+00 1.268791709E+00 1.210654494E+00
 1.150116499E+00 1.087207139E+00 1.022004816E+00 9.546368122E-01 8.852771147E-01
 8.141418756E-01 7.414822923E-01 6.675749279E-01 5.927097486E-01 5.171765083E-01
 4.412502450E-01 3.651765865E-01 2.891574726E-01 2.133374808E-01 1.377906758E-01
 6.250761460E-02-1.261795207E-02-8.780305184E-02-1.633901899E-01-2.398622329E-01
-3.178560617E-01-3.981724246E-01-4.817782542E-01-5.697969068E-01-6.634823850E-01
-7.641758617E-01-8.732471101E-01-9.920275717E-01-1.121744241E+00-1.263462039E+00
-1.418038954E+00-1.586094285E+00-1.767988032E+00-1.963809601E+00-2.173375349E+00
-2.396236619E+00-2.631701338E+00-2.878871885E+00-3.136699236E+00-3.404048792E+00
-3.679769189E+00-3.962753876E+00-4.251987619E+00-4.546575085E+00-4.845752167E+00
-5.148884616E+00-5.455457838E+00-5.765062357E+00-6.077377070E+00-6.392152737E+00
-6.709196145E+00-7.028355369E+00-7.349506815E+00-7.672543120E+00-7.997362082E+00
-8.323856496E+00-8.651904500E+00-8.981360120E+00-9.312043893E+00-9.643733724E+00
-9.976155199E+00-1.030897197E+01-1.064177569E+01-1.097407625E+01-1.130529168E+01
-1.163473887E+01-1.196162491E+01-1.228504039E+01-1.260395471E+01-1.291721477E+01
-1.322354805E+01-1.352157054E+01-1.380980086E+01-1.408668035E+01-1.435059993E+01
-1.459993235E+01-1.483306921E+01-1.504846097E+01-1.524465825E+01-1.542035207E+01
-1.557441150E+01-1.570591656E+01-1.581418547E+01-1.589879419E+01-1.595958869E+01
-1.599668814E+01-1.601047956E+01-1.600160394E+01-1.597093409E+01-1.591954596E+01
-1.584868417E+01-1.575972447E+01-1.565413499E+01-1.553343788E+01-1.539917428E+01
-1.525287276E+01 1.562996397E+00 1.625387857E+00 1.679293876E+00 1.723649878E+00
 1.759577646E+00 1.789601685E+00 1.815315642E+00 1.835908839E+00 1.848739526E+00
 1.852664890E+00 1.848569743E+00 1.837612961E+00 1.820822719E+00 1.799079459E+00
 1.773135564E+00 1.743633202E+00 1.711116804E+00 1.676041183E+00 1.638776828E+00
 1.599613903E+00 1.558766272E+00 1.516376531E+00 1.472522668E+00 1.427226467E+00
 1.380463401E+00 1.332173501E+00 1.282272535E+00 1.230662900E+00 1.177243741E+00
 1.121919926E+00 1.064609739E+00 1.005251223E+00 9.438071325E-01 8.802685714E-01
 8.146572804E-01 7.470265390E-01 6.774605747E-01 6.060724319E-01 5.330001734E-01
 4.584013999E-01 3.824461931E-01 3.053086653E-01 2.271574141E-01 1.481452545E-01
 6.839858344E-02-1.199331752E-02-9.298884040E-02-1.746043655E-01-2.569242982E-01
-3.401107833E-01-4.244129602E-01-5.101754006E-01-5.978450747E-01-6.879758014E-01
-7.812287549E-01-8.783674329E-01-9.802454473E-01-1.087786194E+00-1.201954519E+00
-1.323721875E+00-1.454027752E+00-1.593740933E+00-1.743623810E+00-1.904302231E+00
-2.076242253E+00-2.259734254E+00-2.454884645E+00-2.661615315E+00-2.879671323E+00
-3.108637164E+00-3.347961600E+00-3.596989793E+00-3.855000287E+00-4.121243233E+00
-4.394975943E+00-4.675492332E+00-4.962144796E+00-5.254357395E+00-5.551631968E+00
-5.853547847E+00-6.159757454E+00-6.469979122E+00-6.783988081E+00-7.101606835E+00
-7.422695085E+00-7.747139951E+00-8.074846246E+00-8.405726660E+00-8.739692545E+00
-9.076643946E+00-9.416460143E+00-9.758989094E+00-1.010403676E+01-1.045135540E+01
-1.080063138E+01-1.115147168E+01-1.150338974E+01-1.185579056E+01-1.220795550E+01
-1.255902711E+01-1.290799507E+01-1.325368447E+01-1.359474762E+01-1.392966133E+01
-1.425673176E+01-1.457410817E+01-1.487980708E+01-1.517174755E+01-1.544779627E+01
-1.570582137E+01-1.594375170E+01-1.615963823E+01-1.635171421E+01-1.651845053E+01
-1.665860424E+01-1.677125768E+01-1.685584750E+01-1.691218184E+01-1.694044539E+01
-1.694119121E+01-1.691531987E+01-1.686404553E+01-1.678885148E+01-1.669143683E+01
-1.657365845E+01-1.643747150E+01-1.628487299E+01-1.611785099E+01-1.593834183E+01
 1.578390705E+00 1.649752655E+00 1.697780519E+00 1.722372551E+00 1.721143445E+00
 1.718204456E+00 1.716192661E+00 1.712585997E+00 1.705911096E+00 1.695245376E+00
 1.680221873E+00 1.660874440E+00 1.637451454E+00 1.610293011E+00 1.579764678E+00
 1.546223116E+00 1.509997833E+00 1.471381229E+00 1.430623125E+00 1.387928131E+00
 1.343455093E+00 1.297318381E+00 1.249590782E+00 1.200307833E+00 1.149473338E+00
 1.097065703E+00 1.043044749E+00 9.873585630E-01 9.299501544E-01 8.707635447E-01
 8.097491776E-01 7.468684535E-01 6.820973509E-01 6.154290339E-01 5.468753972E-01
 4.764675661E-01 4.042552035E-01 3.303047020E-01 2.546961757E-01 1.775193307E-01
 9.886826724E-02 1.883536753E-02-6.249556750E-02-1.450567086E-01-2.288039080E-01
-3.137245112E-01-3.998450950E-01-4.872389429E-01-5.760331377E-01-6.664150148E-01
-7.586377811E-01-8.530248687E-01-9.499726300E-01-1.049950640E+00-1.153499024E+00
-1.261222059E+00-1.373777601E+00-1.491862134E+00-1.616191815E+00-1.747480375E+00
-1.886415240E+00-2.033633548E+00-2.189699612E+00-2.355085385E+00-2.530154845E+00
-2.715153172E+00-2.910201063E+00-3.115294522E+00-3.330310146E+00-3.555015852E+00
-3.789086485E+00-4.032123376E+00-4.283676452E+00-4.543267206E+00-4.810410632E+00
-5.084634375E+00-5.365494680E+00-5.652587390E+00-5.945555509E+00-6.244092236E+00
-6.547941435E+00-6.856895158E+00-7.170789622E+00-7.489499814E+00-7.812933105E+00
-8.141022557E+00-8.473719236E+00-8.810984609E+00-9.152782114E+00-9.499068214E+00
-9.849782866E+00-1.020483888E+01-1.056411002E+01-1.092741804E+01-1.129451765E+01
-1.166507973E+01-1.203867253E+01-1.241474058E+01-1.279258156E+01-1.317132194E+01
-1.354989133E+01-1.392699845E+01-1.430110947E+01-1.467043320E+01-1.503291565E+01
-1.538624913E+01-1.572789826E+01-1.605514618E+01-1.636515939E+01-1.665506910E+01
-1.692206242E+01-1.716347737E+01-1.737689408E+01-1.756021736E+01-1.771174665E+01
-1.783023232E+01-1.791491661E+01-1.796555903E+01-1.798244518E+01-1.796637653E+01
-1.791864063E+01-1.784096022E+01-1.773542326E+01-1.760439807E+01-1.745043962E+01
-1.727619582E+01-1.708432070E+01-1.687740056E+01-1.665789675E+01 1.571332389E+00
 1.645289613E+00 1.687424008E+00 1.697026488E+00 1.673146695E+00 1.646647917E+00
 1.623203836E+00 1.600673297E+00 1.577651087E+00 1.553168804E+00 1.526612591E+00
 1.497646165E+00 1.466134195E+00 1.432075037E+00 1.395548657E+00 1.356679418E+00
 1.315610564E+00 1.272487009E+00 1.227443952E+00 1.180599562E+00 1.132050683E+00
 1.081870826E+00 1.030110000E+00 9.767959509E-01 9.219365813E-01 8.655231922E-01
 8.075342400E-01 7.479393874E-01 6.867035848E-01 6.237909277E-01 5.591681828E-01
 4.928077944E-01 4.246902834E-01 3.548059427E-01 2.831558097E-01 2.097518113E-01
 1.346161000E-01 5.777955043E-02-2.072056886E-02-1.008437111E-01-1.825498855E-01
-2.658041191E-01-3.505814175E-01-4.368720893E-01-5.246872804E-01-6.140645404E-01
-7.050733024E-01-7.978200428E-01-8.924530171E-01-9.891663096E-01-1.088203006E+00
-1.189857197E+00-1.294474497E+00-1.402450778E+00-1.514228749E+00-1.630292158E+00
-1.751157485E+00-1.877363171E+00-2.009456712E+00-2.147980123E+00-2.293454570E+00
-2.446364989E+00-2.607145675E+00-2.776167606E+00-2.953728255E+00-3.140044439E+00
-3.335248543E+00-3.539388332E+00-3.752430348E+00-3.974266762E+00-4.204725140E+00
-4.443580871E+00-4.690570730E+00-4.945407573E+00-5.207794608E+00-5.477438073E+00
-5.754058943E+00-6.037401635E+00-6.327240707E+00-6.623385152E+00-6.925680565E+00
-7.234009298E+00-7.548289362E+00-7.868471863E+00-8.194537377E+00-8.526491617E+00
-8.864360113E+00-9.208182580E+00-9.558005864E+00-9.913876535E+00-1.027583206E+01
-1.064389060E+01-1.101803944E+01-1.139822077E+01-1.178431533E+01-1.217612286E+01
-1.257333872E+01-1.297552633E+01-1.338208504E+01-1.379221289E+01-1.420486497E+01
-1.461870852E+01-1.503207751E+01-1.544293137E+01-1.584882495E+01-1.624689876E+01
-1.663389896E+01-1.700623519E+01-1.736007759E+01-1.769148737E+01-1.799656768E+01
-1.827161750E+01-1.851327401E+01-1.871863327E+01-1.888534706E+01-1.901169717E+01
-1.909665012E+01-1.913989467E+01-1.914186030E+01-1.910371188E+01-1.902731419E+01
-1.891515938E+01-1.877025641E+01-1.859598881E+01-1.839595518E+01-1.817381150E+01
-1.793313261E+01-1.767730444E+01-1.740945096E+01 1.531904887E+00 1.601521093E+00
 1.637244395E+00 1.637101049E+00 1.604793711E+00 1.564640699E+00 1.526582840E+00
 1.489972241E+00 1.453887719E+00 1.417577723E+00 1.380472561E+00 1.342168256E+00
 1.302399505E+00 1.261009508E+00 1.217921432E+00 1.173113927E+00 1.126601404E+00
 1.078418800E+00 1.028610155E+00 9.772204026E-01 9.242896368E-01 8.698494986E-01
 8.139211729E-01 7.565147225E-01 6.976295011E-01 6.372553122E-01 5.753741542E-01
 5.119623129E-01 4.469926264E-01 3.804367028E-01 3.122670339E-01 2.424587862E-01
 1.709912469E-01 9.784880489E-02 2.302142504E-02-5.349543393E-02-1.317014764E-01
-2.115928084E-01-2.931637525E-01-3.764091970E-01-4.613274382E-01-5.479234322E-01
-6.362123872E-01-7.262235767E-01-8.180042482E-01-9.116235435E-01-1.007176257E+00
-1.104786284E+00-1.204609688E+00-1.306837098E+00-1.411695404E+00-1.519448433E+00
-1.630396542E+00-1.744874869E+00-1.863250141E+00-1.985915933E+00-2.113286410E+00
-2.245788628E+00-2.383853641E+00-2.527906749E+00-2.678357364E+00-2.835588964E+00
-2.999949735E+00-3.171744308E+00-3.351227154E+00-3.538597901E+00-3.733998884E+00
-3.937515007E+00-4.149175941E+00-4.368960598E+00-4.596803459E+00-4.832602362E+00
-5.076227881E+00-5.327532466E+00-5.586360490E+00-5.852557036E+00-6.125976364E+00
-6.406488892E+00-6.693987021E+00-6.988389390E+00-7.289643717E+00-7.597728687E+00
-7.912654308E+00-8.234461357E+00-8.563220004E+00-8.899027646E+00-9.242005709E+00
-9.592295913E+00-9.950055579E+00-1.031545180E+01-1.068865474E+01-1.106982877E+01
-1.145912235E+01-1.185665486E+01-1.226250025E+01-1.267666692E+01-1.309907184E+01
-1.352950826E+01-1.396760530E+01-1.441277730E+01-1.486416197E+01-1.532054604E+01
-1.578027972E+01-1.624118442E+01-1.670046410E+01-1.715463945E+01-1.759953053E+01
-1.803031595E+01-1.844168436E+01-1.882806855E+01-1.918392409E+01-1.950400159E+01
-1.978357323E+01-2.001859860E+01-2.020583686E+01-2.034292366E+01-2.042843045E+01
-2.046191766E+01-2.044398101E+01-2.037627967E+01-2.026152187E+01-2.010338021E+01
-1.990631740E+01-1.967532942E+01-1.941564387E+01-1.913242950E+01-1.883056405E+01
-1.851448211E+01-1.818810026E+01 1.478974771E+00 1.545303432E+00 1.575114348E+00
 1.567215261E+00 1.522618219E+00 1.471820653E+00 1.423135756E+00 1.375854937E+00
 1.329399098E+00 1.283246953E+00 1.236955661E+00 1.190167694E+00 1.142607366E+00
 1.094071335E+00 1.044416386E+00 9.935466914E-01 9.414019243E-01 8.879468808E-01
 8.331628544E-01 7.770407752E-01 7.195759273E-01 6.607641460E-01 6.005991985E-01
 5.390712467E-01 4.761661188E-01 4.118652971E-01 3.461463666E-01 2.789838628E-01
 2.103502890E-01 1.402172328E-01 6.855644115E-02-4.659235780E-03-7.945511525E-02
-1.558542358E-01-2.338772402E-01-3.135426306E-01-3.948674091E-01-4.778681178E-01
-5.625622563E-01-6.489700757E-01-7.371166774E-01-8.270344119E-01-9.187654404E-01
-1.012364465E+00-1.107901466E+00-1.205464415E+00-1.305161812E+00-1.407124944E+00
-1.511509789E+00-1.618498419E+00-1.728299762E+00-1.841149672E+00-1.957310136E+00
-2.077067576E+00-2.200730169E+00-2.328624151E+00-2.461089215E+00-2.598473024E+00
-2.741125032E+00-2.889389909E+00-3.043600720E+00-3.204072338E+00-3.371095243E+00
-3.544930195E+00-3.725803905E+00-3.913906028E+00-4.109387613E+00-4.312361173E+00
-4.522902063E+00-4.741051573E+00-4.966821247E+00-5.200198162E+00-5.441151311E+00
-5.689637906E+00-5.945610590E+00-6.209023816E+00-6.479840393E+00-6.758037035E+00
-7.043609369E+00-7.336576188E+00-7.636982604E+00-7.944902807E+00-8.260441558E+00
-8.583735337E+00-8.914952693E+00-9.254293932E+00-9.601990407E+00-9.958302742E+00
-1.032351891E+01-1.069795102E+01-1.108193127E+01-1.147580643E+01-1.187993078E+01
-1.229465628E+01-1.272031984E+01-1.315722584E+01-1.360562298E+01-1.406567268E+01
-1.453740657E+01-1.502066844E+01-1.551503628E+01-1.601971694E+01-1.653340750E+01
-1.705411793E+01-1.757895922E+01-1.810392086E+01-1.862370041E+01-1.913168517E+01
-1.962018879E+01-2.008095028E+01-2.050575981E+01-2.088700969E+01-2.121804931E+01
-2.149334940E+01-2.170854858E+01-2.186046032E+01-2.194709385E+01-2.196771973E+01
-2.192298810E+01-2.181508061E+01-2.164783710E+01-2.142675109E+01-2.115871815E+01
-2.085150571E+01-2.051306986E+01-2.015093736E+01-1.977180787E+01-1.938139117E+01
-1.898441183E+01 1.409965747E+00 1.472114937E+00 1.496411720E+00 1.482009323E+00
 1.428215962E+00 1.369317006E+00 1.312315801E+00 1.256555044E+00 1.201660794E+00
 1.147275240E+00 1.093070492E+00 1.038758740E+00 9.840963272E-01 9.288831841E-01
 8.729592476E-01 8.161991689E-01 7.585062783E-01 6.998066351E-01 6.400434493E-01
 5.791722668E-01 5.171569033E-01 4.539662295E-01 3.895717050E-01 3.239456448E-01
 2.570600644E-01 1.888860529E-01 1.193935450E-01 4.855139268E-02-2.367235991E-02
-9.731009461E-02-1.723942118E-01-2.489567725E-01-3.270292544E-01-4.066424732E-01
-4.878267163E-01-5.706120964E-01-6.550291874E-01-7.411098791E-01-8.288885392E-01
-9.184033537E-01-1.009697914E+00-1.102822962E+00-1.197838246E+00-1.294814450E+00
-1.393835118E+00-1.494998486E+00-1.598419189E+00-1.704229734E+00-1.812581631E+00
-1.923646185E+00-2.037614764E+00-2.154698589E+00-2.275127857E+00-2.399150298E+00
-2.527029025E+00-2.659039765E+00-2.795467496E+00-2.936602560E+00-3.082736388E+00
-3.234157001E+00-3.391144455E+00-3.553966438E+00-3.722874218E+00-3.898099159E+00
-4.079849938E+00-4.268310756E+00-4.463640236E+00-4.665971826E+00-4.875414738E+00
-5.092056361E+00-5.315965131E+00-5.547194512E+00-5.785787530E+00-6.031781494E+00
-6.285213243E+00-6.546124304E+00-6.814565895E+00-7.090603775E+00-7.374322730E+00
-7.665830478E+00-7.965261566E+00-8.272780173E+00-8.588583135E+00-8.912902200E+00
-9.246005912E+00-9.588201349E+00-9.939835539E+00-1.030129645E+01-1.067301356E+01
-1.105545858E+01-1.144914478E+01-1.185462635E+01-1.227249651E+01-1.270338373E+01
-1.314794634E+01-1.360686355E+01-1.408082200E+01-1.457049483E+01-1.507651081E+01
-1.559940719E+01-1.613955811E+01-1.669706544E+01-1.727159048E+01-1.786209368E+01
-1.846643759E+01-1.908080912E+01-1.969899086E+01-2.031175785E+01-2.090704281E+01
-2.147133473E+01-2.199164164E+01-2.245679917E+01-2.285780244E+01-2.318760391E+01
-2.344079390E+01-2.361335201E+01-2.370253014E+01-2.370689573E+01-2.362656781E+01
-2.346368252E+01-2.322306809E+01-2.291287960E+01-2.254454270E+01-2.213139356E+01
-2.168652966E+01-2.122122052E+01-2.074441784E+01-2.026295321E+01-1.978194312E+01
 1.322858059E+00 1.378898180E+00 1.397900996E+00 1.377896100E+00 1.322914952E+00
 1.258110092E+00 1.194230487E+00 1.131428758E+00 1.069459051E+00 1.008067873E+00
 9.470105138E-01 8.860595872E-01 8.250102887E-01 7.636828199E-01 7.019225190E-01
 6.395983681E-01 5.766004865E-01 5.128370978E-01 4.482313379E-01 3.827181848E-01
 3.162416577E-01 2.487524225E-01 1.802057902E-01 1.105601470E-01 3.977577400E-02
-3.218598666E-02-1.053632770E-01-1.797940364E-01-2.555161507E-01-3.325674970E-01
-4.109859419E-01-4.908093516E-01-5.720756396E-01-6.548229443E-01-7.390898810E-01
-8.249159788E-01-9.123422602E-01-1.001411993E+00-1.092171595E+00-1.184671700E+00
-1.278968335E+00-1.375124199E+00-1.473210031E+00-1.573305947E+00-1.675502804E+00
-1.779903444E+00-1.886623832E+00-1.995793988E+00-2.107558689E+00-2.222077845E+00
-2.339526570E+00-2.460094818E+00-2.583986651E+00-2.711419016E+00-2.842620126E+00
-2.977827415E+00-3.117285108E+00-3.261241503E+00-3.409946008E+00-3.563646086E+00
-3.722584204E+00-3.886994918E+00-4.057102246E+00-4.233117362E+00-4.415236993E+00
-4.603642297E+00-4.798498278E+00-4.999954298E+00-5.208144985E+00-5.423191924E+00
-5.645206222E+00-5.874291301E+00-6.110546447E+00-6.354070553E+00-6.604966253E+00
-6.863344180E+00-7.129327221E+00-7.403054691E+00-7.684686630E+00-7.974407662E+00
-8.272431056E+00-8.579002348E+00-8.894402847E+00-9.218953343E+00-9.553017411E+00
-9.897005000E+00-1.025137590E+01-1.061664348E+01-1.099337848E+01-1.138221330E+01
-1.178384609E+01-1.219904556E+01-1.262865570E+01-1.307360096E+01-1.353489098E+01
-1.401362525E+01-1.451099665E+01-1.502829306E+01-1.556689503E+01-1.612826676E+01
-1.671393465E+01-1.732544280E+01-1.796426457E+01-1.863162643E+01-1.932814230E+01
-2.005301154E+01-2.080216985E+01-2.156435523E+01-2.231696775E+01-2.303175304E+01
-2.368621752E+01-2.426546885E+01-2.475948092E+01-2.516105264E+01-2.546469050E+01
-2.566600630E+01-2.576140840E+01-2.574801440E+01-2.562382309E+01-2.538834899E+01
-2.504428083E+01-2.460126562E+01-2.408083741E+01-2.351240132E+01-2.292034752E+01
-2.232036195E+01-2.172220928E+01-2.113213053E+01-2.055418575E+01 1.231628362E+00
 1.283981252E+00 1.298153561E+00 1.272852378E+00 1.209858291E+00 1.138868600E+00
 1.069055997E+00 1.000215348E+00 9.321631575E-01 8.647088260E-01 7.976620677E-01
 7.308394240E-01 6.640689724E-01 5.971932264E-01 5.300704945E-01 4.625749633E-01
 3.945959012E-01 3.260362475E-01 2.568108789E-01 1.868447537E-01 1.160710977E-01
 4.442971484E-02-2.813449770E-02-1.016728137E-01-1.762337112E-01-2.518636868E-01
-3.286078811E-01-4.065105410E-01-4.856153719E-01-5.659657778E-01-6.476051055E-01
-7.305768242E-01-8.149247617E-01-9.006933918E-01-9.879281812E-01-1.076676015E+00
-1.166985748E+00-1.258908840E+00-1.352500091E+00-1.447818466E+00-1.544927996E+00
-1.643898734E+00-1.744807733E+00-1.847740019E+00-1.952789537E+00-2.060060016E+00
-2.169665715E+00-2.281732033E+00-2.396395914E+00-2.513806051E+00-2.634122811E+00
-2.757517914E+00-2.884173787E+00-3.014282656E+00-3.148045325E+00-3.285669698E+00
-3.427369057E+00-3.573360185E+00-3.723861330E+00-3.879090153E+00-4.039261727E+00
-4.204586573E+00-4.375269043E+00-4.551505977E+00-4.733485583E+00-4.921386971E+00
-5.115379991E+00-5.315625785E+00-5.522277657E+00-5.735482682E+00-5.955383527E+00
-6.182121043E+00-6.415837028E+00-6.656677376E+00-6.904795628E+00-7.160356354E+00
-7.423539371E+00-7.694543212E+00-7.973589419E+00-8.260926444E+00-8.556833863E+00
-8.861626477E+00-9.175658681E+00-9.499328958E+00-9.833084610E+00-1.017742691E+01
-1.053291651E+01-1.090017974E+01-1.127991527E+01-1.167290206E+01-1.208000799E+01
-1.250220035E+01-1.294055770E+01-1.339628389E+01-1.387072463E+01-1.436538752E+01
-1.488196589E+01-1.542236785E+01-1.598875282E+01-1.658357709E+01-1.720965321E+01
-1.787022982E+01-1.856910408E+01-1.931079171E+01-2.010080914E+01-2.094621257E+01
-2.185689508E+01-2.285063738E+01-2.388558940E+01-2.482844535E+01-2.567069796E+01
-2.639578673E+01-2.699804677E+01-2.748451987E+01-2.785487598E+01-2.810266844E+01
-2.821278931E+01-2.817998055E+01-2.800972580E+01-2.769791756E+01-2.723132113E+01
-2.658107516E+01-2.576128201E+01-2.495305414E+01-2.416342046E+01-2.339726064E+01
-2.265745547E+01-2.194556756E+01-2.126225410E+01 1.131674669E+00 1.180350866E+00
 1.189942280E+00 1.159727734E+00 1.088349299E+00 1.011913939E+00 9.368782239E-01
 8.627539470E-01 7.893884321E-01 7.166248822E-01 6.443047469E-01 5.722728957E-01
 5.003813649E-01 4.284917685E-01 3.564765848E-01 2.842195079E-01 2.116151722E-01
 1.385684136E-01 6.499325199E-02-9.188261192E-03-8.404722925E-02-1.596490624E-01
-2.360545388E-01-3.133207500E-01-3.915019206E-01-4.706500977E-01-5.508157330E-01
-6.320481377E-01-7.143958949E-01-7.979071900E-01-8.826300977E-01-9.686129020E-01
-1.055904355E+00-1.144554046E+00-1.234612739E+00-1.326132812E+00-1.419168719E+00
-1.513777557E+00-1.610019643E+00-1.707959177E+00-1.807664924E+00-1.909210936E+00
-2.012677291E+00-2.118150760E+00-2.225725512E+00-2.335503700E+00-2.447595979E+00
-2.562121888E+00-2.679210113E+00-2.798998584E+00-2.921634366E+00-3.047273385E+00
-3.176079944E+00-3.308226028E+00-3.443890443E+00-3.583257762E+00-3.726517149E+00
-3.873861057E+00-4.025483898E+00-4.181580580E+00-4.342345478E+00-4.507970861E+00
-4.678646161E+00-4.854557105E+00-5.035885088E+00-5.222807208E+00-5.415496271E+00
-5.614121418E+00-5.818849110E+00-6.029844510E+00-6.247273132E+00-6.471303015E+00
-6.702107161E+00-6.939866412E+00-7.184772209E+00-7.437030058E+00-7.696863038E+00
-7.964515266E+00-8.240256076E+00-8.524383719E+00-8.817230055E+00-9.119164768E+00
-9.430600247E+00-9.751997072E+00-1.008386940E+01-1.042679156E+01-1.078140492E+01
-1.114842604E+01-1.152865595E+01-1.192299058E+01-1.233243356E+01-1.275811102E+01
-1.320128910E+01-1.366339572E+01-1.414604635E+01-1.465107660E+01-1.518058263E+01
-1.573697229E+01-1.632303177E+01-1.694201359E+01-1.759775580E+01-1.829485004E+01
-1.903888630E+01-1.983682840E+01-2.069762011E+01-2.163320734E+01-2.266023004E+01
-2.380201684E+01-2.509586123E+01-2.628147714E+01-2.729395932E+01-2.816674789E+01
-2.890381146E+01-2.950553186E+01-2.994127314E+01-3.021134578E+01-3.033911131E+01
-3.032031922E+01-3.014674323E+01-2.977566671E+01-2.919538501E+01-2.840888061E+01
-2.738193104E+01-2.630851343E+01-2.530601214E+01-2.436490146E+01-2.347901233E+01
-2.264393015E+01-2.185603500E+01 1.014838141E+00 1.057474899E+00 1.062428335E+00
 1.027815795E+00 9.576248492E-01 8.773142957E-01 7.976555905E-01 7.188805822E-01
 6.408520710E-01 5.634237321E-01 4.864507457E-01 4.097938593E-01 3.333216253E-01
 2.569114454E-01 1.804497821E-01 1.038319147E-01 2.696140030E-02-5.025062476E-02
-1.278862272E-01-2.060214898E-01-2.847273170E-01-3.640702099E-01-4.441129846E-01
-5.249154374E-01-6.065349236E-01-6.890268899E-01-7.724453170E-01-8.568431379E-01
-9.422725801E-01-1.028785485E+00-1.116433635E+00-1.205269026E+00-1.295344192E+00
-1.386712519E+00-1.479428599E+00-1.573548615E+00-1.669130744E+00-1.766235630E+00
-1.864926865E+00-1.965271502E+00-2.067340606E+00-2.171209782E+00-2.276959723E+00
-2.384676746E+00-2.494453252E+00-2.606388178E+00-2.720587341E+00-2.837163720E+00
-2.956237611E+00-3.077936684E+00-3.202395893E+00-3.329757273E+00-3.460169575E+00
-3.593787787E+00-3.730772548E+00-3.871289407E+00-4.015508055E+00-4.163601415E+00
-4.315744857E+00-4.472115285E+00-4.632890309E+00-4.798247659E+00-4.968364436E+00
-5.143416910E+00-5.323580212E+00-5.509028565E+00-5.699935523E+00-5.896474678E+00
-6.098820727E+00-6.307150493E+00-6.521644898E+00-6.742490457E+00-6.969881763E+00
-7.204023811E+00-7.445134833E+00-7.693449056E+00-7.949220292E+00-8.212725043E+00
-8.484266526E+00-8.764178531E+00-9.052829756E+00-9.350628574E+00-9.658028077E+00
-9.975531746E+00-1.030369968E+01-1.064315565E+01-1.099459501E+01-1.135879397E+01
-1.173662013E+01-1.212904485E+01-1.253715790E+01-1.296218484E+01-1.340550800E+01
-1.386869166E+01-1.435351331E+01-1.486200155E+01-1.539648406E+01-1.595964747E+01
-1.655461381E+01-1.718503894E+01-1.785524019E+01-1.857036379E+01-1.933660427E+01
-2.016148800E+01-2.105422333E+01-2.202607695E+01-2.309062749E+01-2.426357009E+01
-2.556160581E+01-2.692825172E+01-2.811544857E+01-2.913104903E+01-2.997892048E+01
-3.065350201E+01-3.114877859E+01-3.147774274E+01-3.164415903E+01-3.164214782E+01
-3.145558738E+01-3.106759646E+01-3.047916766E+01-2.968025752E+01-2.865119879E+01
-2.740114222E+01-2.621729584E+01-2.512175195E+01-2.410539943E+01-2.316048298E+01
-2.228020532E+01 8.955078121E-01 9.342923742E-01 9.348779490E-01 8.959031675E-01
 8.196830215E-01 7.349379083E-01 6.512217097E-01 5.684085649E-01 4.863327884E-01
 4.048370157E-01 3.237773219E-01 2.430238541E-01 1.624594313E-01 8.197754836E-02
 1.480497528E-03-7.912217016E-02-1.599148307E-01-2.409767025E-01-3.223825666E-01
-4.042033620E-01-4.865066926E-01-5.693572903E-01-6.528174373E-01-7.369473237E-01
-8.218054339E-01-9.074488493E-01-9.939335721E-01-1.081314785E+00-1.169647146E+00
-1.258985042E+00-1.349382836E+00-1.440895144E+00-1.533577104E+00-1.627484660E+00
-1.722674873E+00-1.819206256E+00-1.917139131E+00-2.016535988E+00-2.117461908E+00
-2.219984958E+00-2.324176633E+00-2.430112251E+00-2.537871395E+00-2.647538289E+00
-2.759202179E+00-2.872957629E+00-2.988904810E+00-3.107149686E+00-3.227804136E+00
-3.350986003E+00-3.476819028E+00-3.605432723E+00-3.736962131E+00-3.871547499E+00
-4.009333921E+00-4.150470757E+00-4.295111367E+00-4.443412282E+00-4.595532913E+00
-4.751634913E+00-4.911881712E+00-5.076438312E+00-5.245470862E+00-5.419146649E+00
-5.597634184E+00-5.781103396E+00-5.969726183E+00-6.163677164E+00-6.363134501E+00
-6.568281323E+00-6.779307059E+00-6.996409141E+00-7.219795122E+00-7.449684773E+00
-7.686312636E+00-7.929930827E+00-8.180811831E+00-8.439251891E+00-8.705574553E+00
-8.980134489E+00-9.263321633E+00-9.555565910E+00-9.857342237E+00-1.016917612E+01
-1.049165012E+01-1.082541082E+01-1.117117712E+01-1.152974944E+01-1.190202058E+01
-1.228898843E+01-1.269177061E+01-1.311162223E+01-1.354995677E+01-1.400837124E+01
-1.448867667E+01-1.499293501E+01-1.552350427E+01-1.608309378E+01-1.667483215E+01
-1.730235056E+01-1.796988412E+01-1.868239331E+01-1.944570516E+01-2.026666662E+01
-2.115329189E+01-2.211486444E+01-2.316193413E+01-2.430614564E+01-2.555987673E+01
-2.693816374E+01-2.826747980E+01-2.939520261E+01-3.030767172E+01-3.103855750E+01
-3.159777874E+01-3.198830811E+01-3.219525190E+01-3.219806106E+01-3.202174367E+01
-3.166554883E+01-3.112134282E+01-3.036177587E+01-2.935633863E+01-2.812030590E+01
-2.679680666E+01-2.557999476E+01-2.446165062E+01-2.343204637E+01-2.248196152E+01
 7.694549910E-01 8.046179687E-01 8.009434082E-01 7.577650095E-01 6.730259205E-01
 5.843905321E-01 4.973332796E-01 4.111863933E-01 3.257169979E-01 2.407442581E-01
 1.561272775E-01 7.175349885E-02-1.247125506E-02-9.662979377E-02-1.807980007E-01
-2.650474571E-01-3.494469197E-01-4.340631139E-01-5.189611552E-01-6.042047631E-01
-6.898563775E-01-7.759772721E-01-8.626276173E-01-9.498665948E-01-1.037752488E+00
-1.126342811E+00-1.215694446E+00-1.305863804E+00-1.396906953E+00-1.488879834E+00
-1.581838416E+00-1.675838923E+00-1.770938041E+00-1.867193152E+00-1.964662614E+00
-2.063406011E+00-2.163484470E+00-2.264960947E+00-2.367900573E+00-2.472370981E+00
-2.578442637E+00-2.686189177E+00-2.795687738E+00-2.907019264E+00-3.020268780E+00
-3.135525655E+00-3.252883805E+00-3.372441850E+00-3.494303220E+00-3.618576217E+00
-3.745373983E+00-3.874814432E+00-4.007020123E+00-4.142118044E+00-4.280239461E+00
-4.421519474E+00-4.566096927E+00-4.714113971E+00-4.865715832E+00-5.021050493E+00
-5.180268578E+00-5.343523192E+00-5.510969844E+00-5.682766603E+00-5.859074297E+00
-6.040056906E+00-6.225882113E+00-6.416722052E+00-6.612754258E+00-6.814162841E+00
-7.021139835E+00-7.233886687E+00-7.452616154E+00-7.677554307E+00-7.908942743E+00
-8.147041025E+00-8.392129476E+00-8.644512024E+00-8.904519621E+00-9.172513638E+00
-9.448889839E+00-9.734082679E+00-1.002856995E+01-1.033287819E+01-1.064758850E+01
-1.097334319E+01-1.131085347E+01-1.166090783E+01-1.202438212E+01-1.240225095E+01
-1.279560096E+01-1.320564646E+01-1.363374765E+01-1.408143194E+01-1.455041978E+01
-1.504265435E+01-1.556033758E+01-1.610597204E+01-1.668241066E+01-1.729291445E+01
-1.794121863E+01-1.863160661E+01-1.936898909E+01-2.015898374E+01-2.100798787E+01
-2.192323522E+01-2.291282964E+01-2.398575901E+01-2.515190272E+01-2.642203587E+01
-2.778748389E+01-2.896999601E+01-2.994188686E+01-3.072303368E+01-3.132124809E+01
-3.173626475E+01-3.195697013E+01-3.199493514E+01-3.186034051E+01-3.155004244E+01
-3.105213644E+01-3.034425063E+01-2.942830773E+01-2.830436539E+01-2.696829441E+01
-2.566792866E+01-2.448419663E+01-2.340449000E+01-2.241649204E+01 6.231696729E-01
 6.511456338E-01 6.426975621E-01 5.962208063E-01 5.152967675E-01 4.251504506E-01
 3.358790740E-01 2.473129401E-01 1.591641459E-01 7.127465371E-02-1.644412874E-02
-1.040499398E-01-1.915891587E-01-2.791057482E-01-3.666449632E-01-4.542545885E-01
-5.419850713E-01-6.298891825E-01-7.180215098E-01-8.064379961E-01-8.951954629E-01
-9.843512559E-01-1.073962969E+00-1.164088223E+00-1.254784549E+00-1.346109289E+00
-1.438119575E+00-1.530872352E+00-1.624424408E+00-1.718832496E+00-1.814153400E+00
-1.910444116E+00-2.007761986E+00-2.106164898E+00-2.205711491E+00-2.306461368E+00
-2.408475353E+00-2.511815733E+00-2.616546518E+00-2.722733736E+00-2.830445676E+00
-2.939753178E+00-3.050729898E+00-3.163452545E+00-3.278001116E+00-3.394459112E+00
-3.512913698E+00-3.633455857E+00-3.756180484E+00-3.881186472E+00-4.008576707E+00
-4.138458053E+00-4.270941323E+00-4.406141210E+00-4.544176106E+00-4.685167954E+00
-4.829242278E+00-4.976527836E+00-5.127156576E+00-5.281263715E+00-5.438987427E+00
-5.600469036E+00-5.765853139E+00-5.935287797E+00-6.108924854E+00-6.286920293E+00
-6.469435019E+00-6.656635495E+00-6.848694525E+00-7.045792598E+00-7.248118829E+00
-7.455872618E+00-7.669264987E+00-7.888520669E+00-8.113879842E+00-8.345600414E+00
-8.583960424E+00-8.829260647E+00-9.081827386E+00-9.342015668E+00-9.610212748E+00
-9.886841656E+00-1.017236557E+01-1.046729222E+01-1.077217904E+01-1.108763895E+01
-1.141434648E+01-1.175304519E+01-1.210455567E+01-1.246978468E+01-1.284973576E+01
-1.324552103E+01-1.365837507E+01-1.408967024E+01-1.454093470E+01-1.501387263E+01
-1.551038693E+01-1.603260514E+01-1.658290762E+01-1.716395839E+01-1.777873797E+01
-1.843057689E+01-1.912318960E+01-1.986070784E+01-2.064771560E+01-2.148929294E+01
-2.239108773E+01-2.335945291E+01-2.440171802E+01-2.552669262E+01-2.674593852E+01
-2.795247511E+01-2.895092139E+01-2.974752129E+01-3.033245434E+01-3.073284192E+01
-3.096854977E+01-3.104502188E+01-3.095713952E+01-3.068008600E+01-3.022902741E+01
-2.961204848E+01-2.882417567E+01-2.784953038E+01-2.665181032E+01-2.531898682E+01
-2.411733259E+01-2.303419334E+01-2.205113908E+01 4.709515491E-01 4.912946870E-01
 4.775552053E-01 4.289363611E-01 3.471161291E-01 2.573462181E-01 1.676712833E-01
 7.768389724E-02-1.259720606E-02-1.030680990E-01-1.936422462E-01-2.842649029E-01
-3.749093632E-01-4.655708407E-01-5.562611664E-01-6.470046495E-01-7.378349724E-01
-8.287928031E-01-9.199240021E-01-1.011278232E+00-1.102907898E+00-1.194867324E+00
-1.287212130E+00-1.379998754E+00-1.473284125E+00-1.567125400E+00-1.661579793E+00
-1.756704509E+00-1.852556664E+00-1.949193325E+00-2.046671542E+00-2.145048431E+00
-2.244381287E+00-2.344727720E+00-2.446145819E+00-2.548694334E+00-2.652432858E+00
-2.757422063E+00-2.863723881E+00-2.971401765E+00-3.080520891E+00-3.191148393E+00
-3.303353589E+00-3.417208183E+00-3.532786453E+00-3.650165457E+00-3.769425162E+00
-3.890648604E+00-4.013921960E+00-4.139334725E+00-4.266979614E+00-4.396952720E+00
-4.529353528E+00-4.664284751E+00-4.801852530E+00-4.942166239E+00-5.085338518E+00
-5.231485241E+00-5.380725473E+00-5.533181667E+00-5.688979545E+00-5.848248337E+00
-6.011120975E+00-6.177734412E+00-6.348229894E+00-6.522753552E+00-6.701456837E+00
-6.884497425E+00-7.072039886E+00-7.264256710E+00-7.461329370E+00-7.663449622E+00
-7.870820845E+00-8.083659615E+00-8.302197365E+00-8.526682230E+00-8.757381180E+00
-8.994582105E+00-9.238596297E+00-9.489760936E+00-9.748442120E+00-1.001503774E+01
-1.028998095E+01-1.057374372E+01-1.086684099E+01-1.116983479E+01-1.148333928E+01
-1.180802590E+01-1.214462917E+01-1.249395295E+01-1.285687754E+01-1.323436719E+01
-1.362747828E+01-1.403736820E+01-1.446530462E+01-1.491267517E+01-1.538099709E+01
-1.587192640E+01-1.638726598E+01-1.692897147E+01-1.749915373E+01-1.810007688E+01
-1.873414955E+01-1.940390960E+01-2.011200242E+01-2.086115789E+01-2.165417939E+01
-2.249397718E+01-2.338372598E+01-2.432736223E+01-2.533108510E+01-2.640316313E+01
-2.734308774E+01-2.806608130E+01-2.859863672E+01-2.897376581E+01-2.920235241E+01
-2.928612331E+01-2.921066919E+01-2.897693532E+01-2.860291772E+01-2.808975732E+01
-2.743199342E+01-2.660846908E+01-2.561411512E+01-2.445674620E+01-2.331016231E+01
-2.229445137E+01-2.137474226E+01 3.067145206E-01 3.132093416E-01 2.928563373E-01
 2.438478223E-01 1.712413819E-01 8.619297192E-02-3.608708875E-03-9.542420990E-02
-1.882260730E-01-2.815328892E-01-3.750899684E-01-4.687570439E-01-5.624593455E-01
-6.561629867E-01-7.498611711E-01-8.435658485E-01-9.373022934E-01-1.031105437E+00
-1.125017244E+00-1.219084808E+00-1.313358907E+00-1.407892954E+00-1.502742151E+00
-1.597962875E+00-1.693612203E+00-1.789747572E+00-1.886426524E+00-1.983706547E+00
-2.081644970E+00-2.180298919E+00-2.279725316E+00-2.379980938E+00-2.481122466E+00
-2.583206614E+00-2.686290236E+00-2.790430479E+00-2.895684951E+00-3.002111890E+00
-3.109770345E+00-3.218720382E+00-3.329023258E+00-3.440741641E+00-3.553939769E+00
-3.668683662E+00-3.785041280E+00-3.903082703E+00-4.022880240E+00-4.144508670E+00
-4.268045205E+00-4.393569706E+00-4.521164715E+00-4.650915571E+00-4.782910448E+00
-4.917240360E+00-5.053999234E+00-5.193284032E+00-5.335194591E+00-5.479833979E+00
-5.627308338E+00-5.777727040E+00-5.931203004E+00-6.087852614E+00-6.247796275E+00
-6.411158488E+00-6.578068404E+00-6.748660099E+00-6.923073400E+00-7.101454321E+00
-7.283955809E+00-7.470738692E+00-7.661972585E+00-7.857836910E+00-8.058522163E+00
-8.264231014E+00-8.475179883E+00-8.691600358E+00-8.913740930E+00-9.141868569E+00
-9.376270730E+00-9.617257447E+00-9.865163377E+00-1.012035005E+01-1.038320845E+01
-1.065416159E+01-1.093366719E+01-1.122222067E+01-1.152035816E+01-1.182865971E+01
-1.214775262E+01-1.247831465E+01-1.282107760E+01-1.317683023E+01-1.354642132E+01
-1.393076191E+01-1.433082680E+01-1.474765457E+01-1.518234571E+01-1.563605761E+01
-1.610999577E+01-1.660539898E+01-1.712351730E+01-1.766557923E+01-1.823274525E+01
-1.882604295E+01-1.944627677E+01-2.009390194E+01-2.076884480E+01-2.147023223E+01
-2.219594729E+01-2.294178795E+01-2.369946287E+01-2.444942622E+01-2.513532175E+01
-2.570206005E+01-2.614023451E+01-2.645046284E+01-2.663447277E+01-2.669393261E+01
-2.663026532E+01-2.644475366E+01-2.613881350E+01-2.571433787E+01-2.517411880E+01
-2.452261347E+01-2.376782288E+01-2.292751093E+01-2.205457800E+01-2.121513271E+01
-2.042287366E+01 1.816718853E-01 1.907682672E-01 1.663503042E-01 1.072575592E-01
 1.720939030E-02-7.818517945E-02-1.739568030E-01-2.702726784E-01-3.669616545E-01
-4.638363491E-01-5.607606166E-01-6.576483019E-01-7.544519250E-01-8.511526217E-01
-9.477526139E-01-1.044269777E+00-1.140733625E+00-1.237182391E+00-1.333660766E+00
-1.430218211E+00-1.526907612E+00-1.623784265E+00-1.720905056E+00-1.818327838E+00
-1.916110957E+00-2.014312891E+00-2.112991972E+00-2.212206220E+00-2.312013207E+00
-2.412470013E+00-2.513633195E+00-2.615558831E+00-2.718302541E+00-2.821919617E+00
-2.926465093E+00-3.031993890E+00-3.138560948E+00-3.246221385E+00-3.355030656E+00
-3.465044728E+00-3.576320241E+00-3.688914693E+00-3.802886602E+00-3.918295684E+00
-4.035203016E+00-4.153671156E+00-4.273764356E+00-4.395548650E+00-4.519092001E+00
-4.644464421E+00-4.771738011E+00-4.900987197E+00-5.032288687E+00-5.165721716E+00
-5.301367877E+00-5.439311564E+00-5.579639732E+00-5.722442249E+00-5.867812020E+00
-6.015844942E+00-6.166640301E+00-6.320301007E+00-6.476933715E+00-6.636649255E+00
-6.799562987E+00-6.965795315E+00-7.135472042E+00-7.308724996E+00-7.485692785E+00
-7.666521304E+00-7.851364760E+00-8.040386308E+00-8.233759184E+00-8.431667501E+00
-8.634307665E+00-8.841889161E+00-9.054636013E+00-9.272788163E+00-9.496602493E+00
-9.726354601E+00-9.962340059E+00-1.020487603E+01-1.045430269E+01-1.071098492E+01
-1.097531358E+01-1.124770739E+01-1.152861387E+01-1.181851086E+01-1.211790732E+01
-1.242734404E+01-1.274739368E+01-1.307866017E+01-1.342177700E+01-1.377740434E+01
-1.414622404E+01-1.452893259E+01-1.492623028E+01-1.533880648E+01-1.576731883E+01
-1.621236523E+01-1.667444548E+01-1.715390993E+01-1.765089053E+01-1.816520769E+01
-1.869624340E+01-1.924276592E+01-1.980268078E+01-2.037266656E+01-2.094762425E+01
-2.151983533E+01-2.207776326E+01-2.260494982E+01-2.308104201E+01-2.348674624E+01
-2.380845865E+01-2.403837367E+01-2.417252794E+01-2.420925129E+01-2.414834746E+01
-2.399076129E+01-2.373855399E+01-2.339511795E+01-2.296564642E+01-2.245793785E+01
-2.188361311E+01-2.125940451E+01-2.060661760E+01-1.994634232E+01-1.929395441E+01
 4.169295154E-02 4.953795589E-02 2.131170252E-02-4.434565069E-02-1.415261270E-01
-2.447295256E-01-3.470523335E-01-4.487229338E-01-5.499399317E-01-6.507882552E-01
-7.513015830E-01-8.514973412E-01-9.513926055E-01-1.051010283E+00-1.150380836E+00
-1.249542045E+00-1.348538078E+00-1.447418296E+00-1.546236133E+00-1.645048029E+00
-1.743912547E+00-1.842889612E+00-1.942039888E+00-2.041424287E+00-2.141103576E+00
-2.241138066E+00-2.341587413E+00-2.442510449E+00-2.543965095E+00-2.646008319E+00
-2.748696109E+00-2.852083539E+00-2.956224783E+00-3.061173233E+00-3.166981584E+00
-3.273701952E+00-3.381386009E+00-3.490085124E+00-3.599850508E+00-3.710733379E+00
-3.822785120E+00-3.936057421E+00-4.050602478E+00-4.166473066E+00-4.283722904E+00
-4.402406439E+00-4.522579423E+00-4.644298708E+00-4.767622605E+00-4.892610843E+00
-5.019324846E+00-5.147827811E+00-5.278184666E+00-5.410462509E+00-5.544730446E+00
-5.681059868E+00-5.819524492E+00-5.960200594E+00-6.103167249E+00-6.248506249E+00
-6.396302618E+00-6.546644649E+00-6.699624301E+00-6.855337510E+00-7.013884390E+00
-7.175369782E+00-7.339903688E+00-7.507601668E+00-7.678585424E+00-7.852983438E+00
-8.030931440E+00-8.212573237E+00-8.398061423E+00-8.587557967E+00-8.781235242E+00
-8.979276610E+00-9.181877414E+00-9.389245879E+00-9.601603703E+00-9.819187243E+00
-1.004224802E+01-1.027105368E+01-1.050588865E+01-1.074705459E+01-1.099487093E+01
-1.124967499E+01-1.151182196E+01-1.178168437E+01-1.205965108E+01-1.234612581E+01
-1.264152459E+01-1.294627229E+01-1.326079749E+01-1.358552615E+01-1.392087227E+01
-1.426722614E+01-1.462493880E+01-1.499430169E+01-1.537552044E+01-1.576868114E+01
-1.617370707E+01-1.659030320E+01-1.701788542E+01-1.745548986E+01-1.790165696E+01
-1.835428377E+01-1.881043692E+01-1.926612190E+01-1.971601621E+01-2.015320912E+01
-2.056906632E+01-2.095344060E+01-2.129544444E+01-2.158468326E+01-2.181240454E+01
-2.197206125E+01-2.205929369E+01-2.207164452E+01-2.200826752E+01-2.186974400E+01
-2.165803035E+01-2.137652839E+01-2.103025336E+01-2.062604733E+01-2.017271315E+01
-1.968084050E+01-1.916206623E+01-1.862780309E+01-1.808796966E+01-1.048802449E-01
-9.938142240E-02-1.311693982E-01-2.018962215E-01-3.109799303E-01-4.199492411E-01
-5.273956617E-01-6.337487815E-01-7.391889267E-01-8.438479784E-01-9.478238240E-01
-1.051193572E+00-1.154023550E+00-1.256375667E+00-1.358310968E+00-1.459891329E+00
-1.561180069E+00-1.662241936E+00-1.763142810E+00-1.863949280E+00-1.964728163E+00
-2.065546105E+00-2.166469177E+00-2.267562592E+00-2.368890435E+00-2.470515495E+00
-2.572499127E+00-2.674901170E+00-2.777779905E+00-2.881192070E+00-2.985192863E+00
-3.089836021E+00-3.195173870E+00-3.301257444E+00-3.408136579E+00-3.515860035E+00
-3.624475636E+00-3.734030399E+00-3.844570679E+00-3.956142332E+00-4.068790852E+00
-4.182561581E+00-4.297499669E+00-4.413650544E+00-4.531059830E+00-4.649773506E+00
-4.769838141E+00-4.891301056E+00-5.014210394E+00-5.138615248E+00-5.264565852E+00
-5.392113700E+00-5.521311706E+00-5.652214358E+00-5.784877762E+00-5.919359913E+00
-6.055720776E+00-6.194022563E+00-6.334329731E+00-6.476709376E+00-6.621231394E+00
-6.767968672E+00-6.916997331E+00-7.068397152E+00-7.222251743E+00-7.378649040E+00
-7.537681476E+00-7.699446563E+00-7.864047252E+00-8.031592362E+00-8.202197098E+00
-8.375983400E+00-8.553080733E+00-8.733626326E+00-8.917765758E+00-9.105653593E+00
-9.297453652E+00-9.493339607E+00-9.693495295E+00-9.898115073E+00-1.010740409E+01
-1.032157834E+01-1.054086460E+01-1.076550024E+01-1.099573263E+01-1.123181832E+01
-1.147402184E+01-1.172261398E+01-1.197786921E+01-1.224006271E+01-1.250946612E+01
-1.278634210E+01-1.307093749E+01-1.336347470E+01-1.366414040E+01-1.397307198E+01
-1.429034020E+01-1.461592776E+01-1.494970304E+01-1.529138739E+01-1.564051567E+01
-1.599638784E+01-1.635801079E+01-1.672402928E+01-1.709264438E+01-1.746152168E+01
-1.782769123E+01-1.818745017E+01-1.853628662E+01-1.886885821E+01-1.917907172E+01
-1.946030695E+01-1.970579317E+01-1.990907909E+01-2.006448085E+01-2.016740403E+01
-2.021450438E+01-2.020372258E+01-2.013425506E+01-2.000651254E+01-1.982209499E+01
-1.958378683E+01-1.929555792E+01-1.896253517E+01-1.859089433E+01-1.818762002E+01
-1.776011427E+01-1.731570540E+01-1.686117447E+01-2.749917796E-01-2.734558963E-01
-3.093739416E-01-3.839783410E-01-4.923790914E-01-6.053968417E-01-7.169933241E-01
-8.272788643E-01-9.363794888E-01-1.044414207E+00-1.151492406E+00-1.257714768E+00
-1.363175341E+00-1.467963591E+00-1.572165959E+00-1.675866786E+00-1.779148831E+00
-1.882093425E+00-1.984780428E+00-2.087288089E+00-2.189692895E+00-2.292069368E+00
-2.394489922E+00-2.497024757E+00-2.599741754E+00-2.702706446E+00-2.805981998E+00
-2.909629214E+00-3.013706596E+00-3.118270372E+00-3.223374620E+00-3.329071325E+00
-3.435410505E+00-3.542440330E+00-3.650207228E+00-3.758756046E+00-3.868130164E+00
-3.978371649E+00-4.089521423E+00-4.201619339E+00-4.314704442E+00-4.428814989E+00
-4.543988723E+00-4.660262997E+00-4.777674765E+00-4.896261024E+00-5.016058730E+00
-5.137104997E+00-5.259437374E+00-5.383093721E+00-5.508112730E+00-5.634533761E+00
-5.762397039E+00-5.891744013E+00-6.022617274E+00-6.155060948E+00-6.289120621E+00
-6.424843729E+00-6.562279600E+00-6.701479846E+00-6.842498328E+00-6.985391700E+00
-7.130219298E+00-7.277043688E+00-7.425930903E+00-7.576950523E+00-7.730176301E+00
-7.885686210E+00-8.043562949E+00-8.203894062E+00-8.366772610E+00-8.532297131E+00
-8.700572152E+00-8.871708541E+00-9.045823511E+00-9.223041169E+00-9.403492401E+00
-9.587315142E+00-9.774654303E+00-9.965661729E+00-1.016049576E+01-1.035932114E+01
-1.056230802E+01-1.076963133E+01-1.098146936E+01-1.119800236E+01-1.141941034E+01
-1.164587060E+01-1.187755422E+01-1.211462213E+01-1.235722008E+01-1.260547213E+01
-1.285947328E+01-1.311927994E+01-1.338489874E+01-1.365627289E+01-1.393326581E+01
-1.421564164E+01-1.450304210E+01-1.479495948E+01-1.509070493E+01-1.538937246E+01
-1.568979791E+01-1.599051436E+01-1.628970515E+01-1.658515719E+01-1.687422069E+01
-1.715378291E+01-1.742026758E+01-1.766967391E+01-1.789766826E+01-1.809973458E+01
-1.827137583E+01-1.840834364E+01-1.850686174E+01-1.856381237E+01-1.857686825E+01
-1.854457062E+01-1.846636518E+01-1.834260998E+01-1.817456603E+01-1.796437300E+01
-1.771500532E+01-1.743019701E+01-1.711432250E+01-1.677222568E+01-1.640900193E+01
-1.602975642E+01-1.563937348E+01-4.539425151E-01-4.567230167E-01-4.965831854E-01
-5.749144717E-01-6.852453250E-01-8.017774622E-01-9.169055883E-01-1.030522680E+00
-1.142726840E+00-1.253627812E+00-1.363339443E+00-1.471976351E+00-1.579651956E+00
-1.686477410E+00-1.792560960E+00-1.898007598E+00-2.002918844E+00-2.107392574E+00
-2.211522924E+00-2.315400244E+00-2.419111047E+00-2.522738048E+00-2.626360179E+00
-2.730052677E+00-2.833887158E+00-2.937931716E+00-3.042251060E+00-3.146906617E+00
-3.251956670E+00-3.357456509E+00-3.463458562E+00-3.570012532E+00-3.677165558E+00
-3.784962360E+00-3.893445370E+00-4.002654925E+00-4.112629302E+00-4.223405060E+00
-4.335017026E+00-4.447498494E+00-4.560881376E+00-4.675196365E+00-4.790473090E+00
-4.906740192E+00-5.024025607E+00-5.142356638E+00-5.261759997E+00-5.382262201E+00
-5.503889567E+00-5.626668337E+00-5.750624867E+00-5.875785950E+00-6.002178652E+00
-6.129830790E+00-6.258770889E+00-6.389028536E+00-6.520634307E+00-6.653620273E+00
-6.788019921E+00-6.923868594E+00-7.061203446E+00-7.200063913E+00-7.340491801E+00
-7.482531549E+00-7.626230478E+00-7.771639057E+00-7.918811027E+00-8.067803911E+00
-8.218679014E+00-8.371501620E+00-8.526341466E+00-8.683272702E+00-8.842374047E+00
-9.003729067E+00-9.167426056E+00-9.333558034E+00-9.502222831E+00-9.673522727E+00
-9.847564139E+00-1.002445727E+01-1.020431538E+01-1.038725404E+01-1.057339011E+01
-1.076284016E+01-1.095571913E+01-1.115213792E+01-1.135220114E+01-1.155600382E+01
-1.176362779E+01-1.197513719E+01-1.219057311E+01-1.240994743E+01-1.263323491E+01
-1.286036477E+01-1.309121000E+01-1.332557545E+01-1.356318380E+01-1.380365947E+01
-1.404651048E+01-1.429110805E+01-1.453666406E+01-1.478220682E+01-1.502655602E+01
-1.526829759E+01-1.550576080E+01-1.573700003E+01-1.595978549E+01-1.617160701E+01
-1.636969629E+01-1.655107297E+01-1.671261718E+01-1.685116793E+01-1.696364247E+01
-1.704716594E+01-1.709919915E+01-1.711765213E+01-1.710097507E+01-1.704822314E+01
-1.695909603E+01-1.683395414E+01-1.667381482E+01-1.648032867E+01-1.625573561E+01
-1.600279825E+01-1.572471102E+01-1.542498636E+01-1.510732321E+01-1.477546869E+01
-1.443308595E+01-6.377520694E-01-6.438768950E-01-6.875307320E-01-7.699187119E-01
-8.896422924E-01-1.009858903E+00-1.128049054E+00-1.244474454E+00-1.359238851E+00
-1.472460658E+00-1.584268793E+00-1.694797568E+00-1.804182698E+00-1.912558412E+00
-2.020055449E+00-2.126799744E+00-2.232911662E+00-2.338505570E+00-2.443689703E+00
-2.548566184E+00-2.653231173E+00-2.757775069E+00-2.862282764E+00-2.966833909E+00
-3.071503197E+00-3.176360604E+00-3.281471667E+00-3.386897731E+00-3.492696161E+00
-3.598920580E+00-3.705621059E+00-3.812844338E+00-3.920633985E+00-4.029030577E+00
-4.138071901E+00-4.247793099E+00-4.358226753E+00-4.469403239E+00-4.581350611E+00
-4.694095029E+00-4.807660685E+00-4.922070035E+00-5.037344002E+00-5.153502086E+00
-5.270562374E+00-5.388542003E+00-5.507456970E+00-5.627322482E+00-5.748153117E+00
-5.869962824E+00-5.992765272E+00-6.116573937E+00-6.241402175E+00-6.367263579E+00
-6.494171978E+00-6.622141713E+00-6.751187874E+00-6.881326418E+00-7.012574247E+00
-7.144949722E+00-7.278472619E+00-7.413164334E+00-7.549048349E+00-7.686150114E+00
-7.824497525E+00-7.964120998E+00-8.105053668E+00-8.247331664E+00-8.390994148E+00
-8.536083594E+00-8.682645821E+00-8.830730041E+00-8.980388929E+00-9.131678551E+00
-9.284658400E+00-9.439390962E+00-9.595941523E+00-9.754377888E+00-9.914769636E+00
-1.007718757E+01-1.024170272E+01-1.040838530E+01-1.057730340E+01-1.074852119E+01
-1.092209721E+01-1.109808195E+01-1.127651500E+01-1.145742196E+01-1.164081068E+01
-1.182666674E+01-1.201494837E+01-1.220558063E+01-1.239844853E+01-1.259338934E+01
-1.279018372E+01-1.298854592E+01-1.318811267E+01-1.338843091E+01-1.358894490E+01
-1.378898184E+01-1.398773748E+01-1.418426166E+01-1.437744455E+01-1.456600497E+01
-1.474848219E+01-1.492323287E+01-1.508843554E+01-1.524210507E+01-1.538211887E+01
-1.550625695E+01-1.561225543E+01-1.569787321E+01-1.576096736E+01-1.579957344E+01
-1.581198427E+01-1.579682176E+01-1.575309752E+01-1.568025853E+01-1.557821715E+01
-1.544736473E+01-1.528856892E+01-1.510315532E+01-1.489287269E+01-1.465984355E+01
-1.440649971E+01-1.413550591E+01-1.384967535E+01-1.355188209E+01-1.324497701E+01
-8.435814269E-01-8.544086836E-01-9.021999471E-01-9.881175102E-01-1.107698793E+00
-1.230688557E+00-1.351466834E+00-1.470158604E+00-1.586893494E+00-1.701821393E+00
-1.815104525E+00-1.926910473E+00-2.037406795E+00-2.146757101E+00-2.255118410E+00
-2.362639615E+00-2.469460632E+00-2.575712176E+00-2.681515866E+00-2.786984544E+00
-2.892222749E+00-2.997327228E+00-3.102387455E+00-3.207486166E+00-3.312699813E+00
-3.418099035E+00-3.523749032E+00-3.629709968E+00-3.736037265E+00-3.842781911E+00
-3.949990735E+00-4.057706630E+00-4.165968796E+00-4.274812888E+00-4.384271293E+00
-4.494373284E+00-4.605145062E+00-4.716610108E+00-4.828789148E+00-4.941700461E+00
-5.055359965E+00-5.169781293E+00-5.284976028E+00-5.400953900E+00-5.517722673E+00
-5.635288611E+00-5.753656440E+00-5.872829511E+00-5.992810030E+00-6.113599138E+00
-6.235197074E+00-6.357603481E+00-6.480817415E+00-6.604837496E+00-6.729662346E+00
-6.855290428E+00-6.981720520E+00-7.108951795E+00-7.236983978E+00-7.365817738E+00
-7.495454573E+00-7.625897357E+00-7.757150348E+00-7.889219454E+00-8.022112318E+00
-8.155838752E+00-8.290410576E+00-8.425842090E+00-8.562149882E+00-8.699353179E+00
-8.837473690E+00-8.976535764E+00-9.116566074E+00-9.257593853E+00-9.399650228E+00
-9.542768294E+00-9.686982407E+00-9.832327711E+00-9.978839429E+00-1.012655207E+01
-1.027549827E+01-1.042570745E+01-1.057720459E+01-1.073000820E+01-1.088412838E+01
-1.103956446E+01-1.119630216E+01-1.135431061E+01-1.151353863E+01-1.167391064E+01
-1.183532223E+01-1.199763477E+01-1.216066989E+01-1.232420290E+01-1.248795596E+01
-1.265159022E+01-1.281469807E+01-1.297679411E+01-1.313730670E+01-1.329556884E+01
-1.345080989E+01-1.360214801E+01-1.374858420E+01-1.388899869E+01-1.402215080E+01
-1.414668327E+01-1.426113214E+01-1.436394366E+01-1.445349833E+01-1.452814315E+01
-1.458623139E+01-1.462616857E+01-1.464646311E+01-1.464577874E+01-1.462298582E+01
-1.457720794E+01-1.450786244E+01-1.441469104E+01-1.429778055E+01-1.415757219E+01
-1.399485885E+01-1.381077122E+01-1.360675217E+01-1.338452062E+01-1.314602598E+01
-1.289339542E+01-1.262887582E+01-1.235477418E+01-1.207339932E+01-1.063110434E+00
-1.079094347E+00-1.131051180E+00-1.220344027E+00-1.340388171E+00-1.465638028E+00
-1.588436434E+00-1.708734207E+00-1.826719955E+00-1.942605393E+00-2.056610760E+00
-2.168955560E+00-2.279852123E+00-2.389501602E+00-2.498091770E+00-2.605796185E+00
-2.712774219E+00-2.819171632E+00-2.925121422E+00-3.030744809E+00-3.136152253E+00
-3.241444418E+00-3.346713051E+00-3.452041803E+00-3.557506927E+00-3.663177920E+00
-3.769118038E+00-3.875384798E+00-3.982030339E+00-4.089101860E+00-4.196641838E+00
-4.304688372E+00-4.413275305E+00-4.522432582E+00-4.632186442E+00-4.742559421E+00
-4.853570706E+00-4.965236177E+00-5.077568637E+00-5.190577857E+00-5.304270851E+00
-5.418651794E+00-5.533722382E+00-5.649481904E+00-5.765927288E+00-5.883053373E+00
-6.000852908E+00-6.119316832E+00-6.238434389E+00-6.358193287E+00-6.478579815E+00
-6.599579040E+00-6.721175005E+00-6.843350927E+00-6.966089312E+00-7.089372195E+00
-7.213181333E+00-7.337498445E+00-7.462305368E+00-7.587584215E+00-7.713317729E+00
-7.839489441E+00-7.966083749E+00-8.093086233E+00-8.220483971E+00-8.348265338E+00
-8.476420565E+00-8.604941613E+00-8.733822376E+00-8.863058639E+00-8.992648155E+00
-9.122590609E+00-9.252887340E+00-9.383541423E+00-9.514556955E+00-9.645939096E+00
-9.777693165E+00-9.909824246E+00-1.004233628E+01-1.017523103E+01-1.030850706E+01
-1.044215840E+01-1.057617276E+01-1.071053005E+01-1.084520014E+01-1.098014058E+01
-1.111529394E+01-1.125058507E+01-1.138591758E+01-1.152117053E+01-1.165619426E+01
-1.179080616E+01-1.192478609E+01-1.205787126E+01-1.218975105E+01-1.232006145E+01
-1.244837944E+01-1.257421740E+01-1.269701776E+01-1.281614793E+01-1.293089646E+01
-1.304046987E+01-1.314399168E+01-1.324050346E+01-1.332896866E+01-1.340828020E+01
-1.347727206E+01-1.353473516E+01-1.357943810E+01-1.361015307E+01-1.362568519E+01
-1.362490579E+01-1.360678794E+01-1.357044212E+01-1.351515099E+01-1.344040109E+01
-1.334591001E+01-1.323164715E+01-1.309784763E+01-1.294501797E+01-1.277393363E+01
-1.258562773E+01-1.238137204E+01-1.216264990E+01-1.193112290E+01-1.168859181E+01
-1.143695430E+01-1.117816095E+01-1.091417115E+01-1.291983371E+00-1.312205341E+00
-1.368292422E+00-1.461279738E+00-1.589026257E+00-1.716507536E+00-1.840532392E+00
-1.961528572E+00-2.079804357E+00-2.195676793E+00-2.309456115E+00-2.421434959E+00
-2.531882851E+00-2.641044277E+00-2.749138996E+00-2.856363579E+00-2.962893487E+00
-3.068885335E+00-3.174479027E+00-3.279799765E+00-3.384959778E+00-3.490059857E+00
-3.595190632E+00-3.700433670E+00-3.805862390E+00-3.911542835E+00-4.017534317E+00
-4.123889915E+00-4.230657038E+00-4.337877606E+00-4.445588656E+00-4.553822296E+00
-4.662606187E+00-4.771963651E+00-4.881913876E+00-4.992472071E+00-5.103649621E+00
-5.215454210E+00-5.327889975E+00-5.440957703E+00-5.554654715E+00-5.668975339E+00
-5.783910748E+00-5.899449162E+00-6.015576160E+00-6.132274448E+00-6.249524364E+00
-6.367303806E+00-6.485588464E+00-6.604351861E+00-6.723565750E+00-6.843200028E+00
-6.963223098E+00-7.083601942E+00-7.204302403E+00-7.325289296E+00-7.446526649E+00
-7.567978020E+00-7.689606568E+00-7.811375260E+00-7.933247256E+00-8.055185995E+00
-8.177155465E+00-8.299120325E+00-8.421046259E+00-8.542900053E+00-8.664649715E+00
-8.786264710E+00-8.907715962E+00-9.028975970E+00-9.150018731E+00-9.270819778E+00
-9.391355904E+00-9.511604968E+00-9.631545654E+00-9.751156923E+00-9.870417460E+00
-9.989305005E+00-1.010779552E+01-1.022586215E+01-1.034347398E+01-1.046059487E+01
-1.057718165E+01-1.069318250E+01-1.080853499E+01-1.092316375E+01-1.103697829E+01
-1.114987006E+01-1.126170991E+01-1.137234474E+01-1.148159433E+01-1.158924786E+01
-1.169506034E+01-1.179874872E+01-1.189998829E+01-1.199840873E+01-1.209359067E+01
-1.218506227E+01-1.227229656E+01-1.235470901E+01-1.243165652E+01-1.250243753E+01
-1.256629351E+01-1.262241265E+01-1.266993580E+01-1.270796475E+01-1.273557407E+01
-1.275182523E+01-1.275578430E+01-1.274654246E+01-1.272323893E+01-1.268508567E+01
-1.263139339E+01-1.256159732E+01-1.247528186E+01-1.237220329E+01-1.225230858E+01
-1.211575025E+01-1.196289593E+01-1.179433176E+01-1.161086002E+01-1.141349017E+01
-1.120342330E+01-1.098203115E+01-1.075082959E+01-1.051144776E+01-1.026559405E+01
-1.001502029E+01-9.761485271E+00-1.547100442E+00-1.573211846E+00-1.633762804E+00
-1.729786839E+00-1.857472608E+00-1.985666985E+00-2.109652667E+00-2.229993854E+00
-2.347201629E+00-2.461758112E+00-2.574097825E+00-2.684601905E+00-2.793600016E+00
-2.901375688E+00-3.008172688E+00-3.114201189E+00-3.219643222E+00-3.324657284E+00
-3.429382132E+00-3.533939869E+00-3.638438397E+00-3.742973424E+00-3.847630044E+00
-3.952484035E+00-4.057602774E+00-4.163046240E+00-4.268867545E+00-4.375113456E+00
-4.481824908E+00-4.589037321E+00-4.696780835E+00-4.805080706E+00-4.913957381E+00
-5.023426699E+00-5.133500087E+00-5.244184674E+00-5.355483417E+00-5.467395172E+00
-5.579914857E+00-5.693033567E+00-5.806738657E+00-5.921013774E+00-6.035839101E+00
-6.151191433E+00-6.267044134E+00-6.383367459E+00-6.500128628E+00-6.617291905E+00
-6.734818758E+00-6.852668134E+00-6.970796337E+00-7.089157587E+00-7.207703856E+00
-7.326385264E+00-7.445150198E+00-7.563945549E+00-7.682716905E+00-7.801408793E+00
-7.919964991E+00-8.038328526E+00-8.156442230E+00-8.274248739E+00-8.391690845E+00
-8.508711694E+00-8.625255024E+00-8.741265362E+00-8.856688179E+00-8.971470088E+00
-9.085559044E+00-9.198904182E+00-9.311456174E+00-9.423166875E+00-9.533989320E+00
-9.643877531E+00-9.752786159E+00-9.860670093E+00-9.967483746E+00-1.007318059E+01
-1.017771200E+01-1.028102661E+01-1.038306882E+01-1.048377761E+01-1.058308492E+01
-1.068091405E+01-1.077717774E+01-1.087177602E+01-1.096459416E+01-1.105550010E+01
-1.114434223E+01-1.123094649E+01-1.131511383E+01-1.139661750E+01-1.147520019E+01
-1.155057137E+01-1.162240470E+01-1.169033570E+01-1.175395961E+01-1.181282973E+01
-1.186645644E+01-1.191430688E+01-1.195580556E+01-1.199033638E+01-1.201724558E+01
-1.203584674E+01-1.204542741E+01-1.204525779E+01-1.203460145E+01-1.201272810E+01
-1.197892885E+01-1.193253276E+01-1.187292544E+01-1.179956858E+01-1.171201989E+01
-1.160995297E+01-1.149317640E+01-1.136165069E+01-1.121550310E+01-1.105503889E+01
-1.088074887E+01-1.069331192E+01-1.049359317E+01-1.028263642E+01-1.006165139E+01
-9.831995851E+00-9.595152790E+00-9.352703377E+00-9.106296470E+00-8.857615754E+00
-8.608345824E+00-1.827426584E+00-1.860987487E+00-1.926272647E+00-2.024498704E+00
-2.149356023E+00-2.276120843E+00-2.397918016E+00-2.515486282E+00-2.629668583E+00
-2.741167406E+00-2.850549538E+00-2.958268680E+00-3.064689405E+00-3.170107562E+00
-3.274766251E+00-3.378867934E+00-3.482583398E+00-3.586058452E+00-3.689418877E+00
-3.792774126E+00-3.896220092E+00-3.999841191E+00-4.103712037E+00-4.207898432E+00
-4.312458608E+00-4.417443625E+00-4.522898202E+00-4.628860950E+00-4.735364808E+00
-4.842437353E+00-4.950100848E+00-5.058372666E+00-5.167265141E+00-5.276785993E+00
-5.386938179E+00-5.497720161E+00-5.609125833E+00-5.721144715E+00-5.833762070E+00
-5.946958752E+00-6.060711554E+00-6.174993133E+00-6.289772087E+00-6.405013116E+00
-6.520677134E+00-6.636721237E+00-6.753099012E+00-6.869760462E+00-6.986652357E+00
-7.103718200E+00-7.220898458E+00-7.338130763E+00-7.455350066E+00-7.572488837E+00
-7.689477260E+00-7.806243472E+00-7.922713874E+00-8.038813136E+00-8.154464744E+00
-8.269591081E+00-8.384113705E+00-8.497953697E+00-8.611031866E+00-8.723268980E+00
-8.834586240E+00-8.944905242E+00-9.054148409E+00-9.162239188E+00-9.269102248E+00
-9.374663439E+00-9.478850228E+00-9.581591263E+00-9.682816806E+00-9.782458068E+00
-9.880447280E+00-9.976717229E+00-1.007120058E+01-1.016382941E+01-1.025453422E+01
-1.034324306E+01-1.042988034E+01-1.051436547E+01-1.059661134E+01-1.067652289E+01
-1.075399492E+01-1.082891053E+01-1.090113868E+01-1.097053245E+01-1.103692640E+01
-1.110013477E+01-1.115994886E+01-1.121613514E+01-1.126843308E+01-1.131655328E+01
-1.136017570E+01-1.139894836E+01-1.143248627E+01-1.146037111E+01-1.148215120E+01
-1.149734243E+01-1.150543007E+01-1.150587154E+01-1.149810055E+01-1.148153231E+01
-1.145557047E+01-1.141961530E+01-1.137307386E+01-1.131537146E+01-1.124596468E+01
-1.116435586E+01-1.107010858E+01-1.096286414E+01-1.084235808E+01-1.070843701E+01
-1.056107447E+01-1.040038557E+01-1.022664004E+01-1.004027267E+01-9.841890099E+00
-9.632274894E+00-9.412384293E+00-9.183344917E+00-8.946441772E+00-8.703102567E+00
-8.454876007E+00-8.203405748E+00-7.950399550E+00-7.697595273E+00-7.446724355E+00
-2.131504476E+00-2.173707559E+00-2.244030646E+00-2.343165762E+00-2.469392747E+00
-2.591325481E+00-2.707090263E+00-2.818583555E+00-2.927044309E+00-3.033321778E+00
-3.138011100E+00-3.241542960E+00-3.344239694E+00-3.446350436E+00-3.548073426E+00
-3.649570536E+00-3.750976883E+00-3.852407342E+00-3.953961034E+00-4.055724337E+00
-4.157773285E+00-4.260174974E+00-4.362988700E+00-4.466266825E+00-4.570055327E+00
-4.674394237E+00-4.779317949E+00-4.884855461E+00-4.991030571E+00-5.097861876E+00
-5.205363006E+00-5.313542630E+00-5.422404491E+00-5.531947486E+00-5.642165705E+00
-5.753048353E+00-5.864579984E+00-5.976740269E+00-6.089504347E+00-6.202842551E+00
-6.316720682E+00-6.431099853E+00-6.545936724E+00-6.661183544E+00-6.776788109E+00
-6.892694000E+00-7.008840541E+00-7.125162999E+00-7.241592742E+00-7.358057313E+00
-7.474480555E+00-7.590782919E+00-7.706881511E+00-7.822690401E+00-7.938120782E+00
-8.053081249E+00-8.167477913E+00-8.281214955E+00-8.394194547E+00-8.506317403E+00
-8.617483016E+00-8.727589892E+00-8.836535910E+00-8.944218671E+00-9.050535815E+00
-9.155385299E+00-9.258665788E+00-9.360276932E+00-9.460119641E+00-9.558096325E+00
-9.654111164E+00-9.748070073E+00-9.839880896E+00-9.929453253E+00-1.001669842E+01
-1.010152888E+01-1.018385797E+01-1.026359923E+01-1.034066576E+01-1.041496907E+01
-1.048641814E+01-1.055491798E+01-1.062036828E+01-1.068266168E+01-1.074168188E+01
-1.079730191E+01-1.084938197E+01-1.089776745E+01-1.094228695E+01-1.098275023E+01
-1.101894633E+01-1.105064182E+01-1.107757923E+01-1.109947574E+01-1.111602199E+01
-1.112688160E+01-1.113169067E+01-1.113005832E+01-1.112156716E+01-1.110577528E+01
-1.108221837E+01-1.105041307E+01-1.100986134E+01-1.096005588E+01-1.090048682E+01
-1.083064953E+01-1.075005401E+01-1.065823515E+01-1.055476460E+01-1.043926366E+01
-1.031141704E+01-1.017098750E+01-1.001783107E+01-9.851912197E+00-9.673319072E+00
-9.482277960E+00-9.279166661E+00-9.064525809E+00-8.839068492E+00-8.603686039E+00
-8.359450304E+00-8.107611150E+00-7.849588565E+00-7.586958004E+00-7.321429787E+00
-7.054821008E+00-6.789021371E+00-6.525953281E+00-6.267527878E+00-2.483389041E+00
-2.542366925E+00-2.618845081E+00-2.712976125E+00-2.825643017E+00-2.933146369E+00
-3.036394606E+00-3.137428275E+00-3.237144510E+00-3.336048162E+00-3.434457911E+00
-3.532592948E+00-3.630614964E+00-3.728650282E+00-3.826802292E+00-3.925158713E+00
-4.023796035E+00-4.122782167E+00-4.222178325E+00-4.322039750E+00-4.422416713E+00
-4.523354642E+00-4.624894473E+00-4.727072572E+00-4.829921009E+00-4.933467363E+00
-5.037734684E+00-5.142741489E+00-5.248501647E+00-5.355024416E+00-5.462314209E+00
-5.570370710E+00-5.679188602E+00-5.788757758E+00-5.899062970E+00-6.010084106E+00
-6.121795949E+00-6.234168163E+00-6.347165406E+00-6.460747176E+00-6.574867966E+00
-6.689477110E+00-6.804518936E+00-6.919932809E+00-7.035653050E+00-7.151609136E+00
-7.267725772E+00-7.383922902E+00-7.500115894E+00-7.616215708E+00-7.732128927E+00
-7.847757998E+00-7.963001548E+00-8.077754302E+00-8.191907676E+00-8.305349657E+00
-8.417965437E+00-8.529637369E+00-8.640245522E+00-8.749667837E+00-8.857780561E+00
-8.964458642E+00-9.069575883E+00-9.173005577E+00-9.274620739E+00-9.374294623E+00
-9.471901072E+00-9.567314955E+00-9.660412715E+00-9.751072609E+00-9.839175256E+00
-9.924603721E+00-1.000724386E+01-1.008698446E+01-1.016371681E+01-1.023733496E+01
-1.030773503E+01-1.037481480E+01-1.043847323E+01-1.049860921E+01-1.055512089E+01
-1.060790414E+01-1.065685106E+01-1.070184828E+01-1.074277509E+01-1.077950123E+01
-1.081188506E+01-1.083977132E+01-1.086298912E+01-1.088135026E+01-1.089464726E+01
-1.090265204E+01-1.090511453E+01-1.090176178E+01-1.089229730E+01-1.087640074E+01
-1.085372806E+01-1.082391234E+01-1.078656480E+01-1.074127697E+01-1.068762299E+01
-1.062516341E+01-1.055344906E+01-1.047202675E+01-1.038044519E+01-1.027826268E+01
-1.016505532E+01-1.004042672E+01-9.904018928E+00-9.755523972E+00-9.594697020E+00
-9.421370113E+00-9.235466896E+00-9.037017982E+00-8.826176830E+00-8.603235587E+00
-8.368641039E+00-8.123009627E+00-7.867141036E+00-7.602029861E+00-7.328873561E+00
-7.049075971E+00-6.764244422E+00-6.476178945E+00-6.186852298E+00-5.898379039E+00
-5.612974546E+00-5.332903644E+00-5.060422096E+00-2.879256406E+00-2.965918705E+00
-3.049762415E+00-3.130757349E+00-3.209779761E+00-3.292070444E+00-3.377737278E+00
-3.465545366E+00-3.554829234E+00-3.645232930E+00-3.736554223E+00-3.828674850E+00
-3.921526483E+00-4.015072457E+00-4.109297192E+00-4.204199279E+00-4.299787109E+00
-4.396075772E+00-4.493084575E+00-4.590835304E+00-4.689350851E+00-4.788654106E+00
-4.888766977E+00-4.989709673E+00-5.091500123E+00-5.194153297E+00-5.297680937E+00
-5.402091159E+00-5.507388021E+00-5.613571287E+00-5.720636307E+00-5.828573705E+00
-5.937369139E+00-6.047003422E+00-6.157452127E+00-6.268685545E+00-6.380668652E+00
-6.493361024E+00-6.606716760E+00-6.720684288E+00-6.835206635E+00-6.950221079E+00
-7.065659379E+00-7.181447663E+00-7.297506501E+00-7.413750870E+00-7.530090349E+00
-7.646429040E+00-7.762665805E+00-7.878694306E+00-7.994403279E+00-8.109676418E+00
-8.224392964E+00-8.338427589E+00-8.451650826E+00-8.563929269E+00-8.675125889E+00
-8.785100384E+00-8.893709381E+00-9.000806985E+00-9.106244935E+00-9.209873319E+00
-9.311540567E+00-9.411094284E+00-9.508381521E+00-9.603249212E+00-9.695545001E+00
-9.785117594E+00-9.871817472E+00-9.955497597E+00-1.003601412E+01-1.011322671E+01
-1.018699915E+01-1.025719954E+01-1.032370034E+01-1.038637824E+01-1.044511405E+01
-1.049979229E+01-1.055030075E+01-1.059652967E+01-1.063837085E+01-1.067571643E+01
-1.070845702E+01-1.073647996E+01-1.075966699E+01-1.077789189E+01-1.079101813E+01
-1.079889664E+01-1.080136350E+01-1.079823816E+01-1.078932168E+01-1.077439540E+01
-1.075321986E+01-1.072553383E+01-1.069105427E+01-1.064947588E+01-1.060047180E+01
-1.054369437E+01-1.047877650E+01-1.040533364E+01-1.032296633E+01-1.023126346E+01
-1.012980641E+01-1.001817380E+01-9.895947289E+00-9.762718270E+00-9.618095587E+00
-9.461714246E+00-9.293245381E+00-9.112407368E+00-8.918977954E+00-8.712807895E+00
-8.493835730E+00-8.262104087E+00-8.017776986E+00-7.761158825E+00-7.492714120E+00
-7.213088587E+00-6.923130017E+00-6.623909202E+00-6.316738648E+00-6.003187509E+00
-5.685089936E+00-5.364543543E+00-5.043893965E+00-4.725702661E+00-4.412695428E+00
-4.107691950E+00-3.813520310E+00-3.249376368E+00-3.355341508E+00-3.445527358E+00
-3.519477652E+00-3.579412536E+00-3.644805748E+00-3.716728771E+00-3.793272771E+00
-3.873206277E+00-3.955731398E+00-4.040321645E+00-4.126623197E+00-4.214395088E+00
-4.303472512E+00-4.393743299E+00-4.485132354E+00-4.577590941E+00-4.671089272E+00
-4.765611038E+00-4.861149344E+00-4.957703676E+00-5.055277345E+00-5.153875867E+00
-5.253505269E+00-5.354171029E+00-5.455877006E+00-5.558624739E+00-5.662412847E+00
-5.767236249E+00-5.873086079E+00-5.979948942E+00-6.087806911E+00-6.196637056E+00
-6.306411285E+00-6.417096069E+00-6.528652482E+00-6.641035767E+00-6.754195374E+00
-6.868074845E+00-6.982611691E+00-7.097737280E+00-7.213376753E+00-7.329449144E+00
-7.445867106E+00-7.562537145E+00-7.679359461E+00-7.796228111E+00-7.913030846E+00
-8.029649547E+00-8.145959989E+00-8.261832193E+00-8.377130547E+00-8.491713963E+00
-8.605436073E+00-8.718145662E+00-8.829686789E+00-8.939899098E+00-9.048618334E+00
-9.155676538E+00-9.260902482E+00-9.364122256E+00-9.465159353E+00-9.563835570E+00
-9.659971010E+00-9.753385028E+00-9.843896544E+00-9.931324756E+00-1.001549004E+01
-1.009621479E+01-1.017332443E+01-1.024664882E+01-1.031602301E+01-1.038128806E+01
-1.044229129E+01-1.049888658E+01-1.055093433E+01-1.059830129E+01-1.064086069E+01
-1.067849179E+01-1.071107967E+01-1.073851449E+01-1.076069031E+01-1.077750329E+01
-1.078884928E+01-1.079462076E+01-1.079470373E+01-1.078897477E+01-1.077729822E+01
-1.075952362E+01-1.073548379E+01-1.070499293E+01-1.066784537E+01-1.062381442E+01
-1.057265189E+01-1.051408778E+01-1.044783027E+01-1.037356624E+01-1.029096219E+01
-1.019966552E+01-1.009930637E+01-9.989499913E+00-9.869849205E+00-9.739948948E+00
-9.599389428E+00-9.447761800E+00-9.284663798E+00-9.109706433E+00-8.922521874E+00
-8.722772234E+00-8.510159812E+00-8.284438402E+00-8.045426611E+00-7.793022551E+00
-7.527220943E+00-7.248132303E+00-6.956004885E+00-6.651249976E+00-6.334469716E+00
-6.006489006E+00-5.668389709E+00-5.321547291E+00-4.967666597E+00-4.608813799E+00
-4.247437718E+00-3.886372552E+00-3.528812246E+00-3.178248461E+00-2.838368512E+00
-2.512918662E+00-3.581505887E+00-3.697941264E+00-3.793484963E+00-3.867275130E+00
-3.920552483E+00-3.979377983E+00-4.044088998E+00-4.113525556E+00-4.186808344E+00
-4.263246616E+00-4.342315141E+00-4.423621659E+00-4.506875721E+00-4.591864136E+00
-4.678431554E+00-4.766465962E+00-4.855887814E+00-4.946641754E+00-5.038690155E+00
-5.132008275E+00-5.226580550E+00-5.322397369E+00-5.419452938E+00-5.517743279E+00
-5.617264688E+00-5.718012555E+00-5.819980420E+00-5.923158943E+00-6.027535597E+00
-6.133093755E+00-6.239812456E+00-6.347665855E+00-6.456623062E+00-6.566647634E+00
-6.677697531E+00-6.789724765E+00-6.902675241E+00-7.016488521E+00-7.131097783E+00
-7.246429626E+00-7.362403914E+00-7.478933652E+00-7.595925069E+00-7.713277305E+00
-7.830882563E+00-7.948626033E+00-8.066385815E+00-8.184033072E+00-8.301432035E+00
-8.418440119E+00-8.534907921E+00-8.650679657E+00-8.765593081E+00-8.879479880E+00
-8.992165869E+00-9.103471427E+00-9.213211694E+00-9.321197041E+00-9.427233505E+00
-9.531123185E+00-9.632664749E+00-9.731653835E+00-9.827883637E+00-9.921145218E+00
-1.001122811E+01-1.009792090E+01-1.018101177E+01-1.026028954E+01-1.033554465E+01
-1.040657121E+01-1.047316940E+01-1.053514745E+01-1.059232254E+01-1.064452095E+01
-1.069157816E+01-1.073333858E+01-1.076965564E+01-1.080039203E+01-1.082542007E+01
-1.084462223E+01-1.085789122E+01-1.086512968E+01-1.086624807E+01-1.086116124E+01
-1.084978337E+01-1.083202323E+01-1.080778010E+01-1.077694016E+01-1.073937375E+01
-1.069493273E+01-1.064344894E+01-1.058473279E+01-1.051857244E+01-1.044473317E+01
-1.036295749E+01-1.027296486E+01-1.017445266E+01-1.006709652E+01-9.950551734E+00
-9.824454643E+00-9.688424655E+00-9.542066476E+00-9.384972994E+00-9.216728784E+00
-9.036914007E+00-8.845109141E+00-8.640900613E+00-8.423886943E+00-8.193686393E+00
-7.949945671E+00-7.692349818E+00-7.420634269E+00-7.134598876E+00-6.834124496E+00
-6.519193163E+00-6.189911727E+00-5.846541405E+00-5.489532688E+00-5.119568286E+00
-4.737614582E+00-4.344982862E+00-3.943399245E+00-3.535081414E+00-3.122813051E+00
-2.710001511E+00-2.300693495E+00-1.899518862E+00-1.511539071E+00-1.142002647E+00
-3.882713617E+00-4.005978525E+00-4.106176852E+00-4.182429515E+00-4.239793717E+00
-4.296885238E+00-4.358437263E+00-4.424045910E+00-4.493202181E+00-4.565450661E+00
-4.640406813E+00-4.717757965E+00-4.797256493E+00-4.878710522E+00-4.961973882E+00
-5.046937121E+00-5.133519707E+00-5.221663409E+00-5.311326897E+00-5.402481369E+00
-5.495106732E+00-5.589189000E+00-5.684717731E+00-5.781684179E+00-5.880079756E+00
-5.979894768E+00-6.081117356E+00-6.183732786E+00-6.287722540E+00-6.393063962E+00
-6.499729553E+00-6.607686769E+00-6.716897432E+00-6.827317650E+00-6.938897309E+00
-7.051579989E+00-7.165302650E+00-7.279995399E+00-7.395581368E+00-7.511976439E+00
-7.629089246E+00-7.746820817E+00-7.865064579E+00-7.983706154E+00-8.102623485E+00
-8.221686435E+00-8.340757068E+00-8.459689488E+00-8.578329842E+00-8.696516593E+00
-8.814080363E+00-8.930844211E+00-9.046623945E+00-9.161228125E+00-9.274458572E+00
-9.386110607E+00-9.495973406E+00-9.603830547E+00-9.709460451E+00-9.812636808E+00
-9.913129329E+00-1.001070414E+01-1.010512422E+01-1.019614989E+01-1.028353890E+01
-1.036704709E+01-1.044642892E+01-1.052143755E+01-1.059182485E+01-1.065734485E+01
-1.071776182E+01-1.077285407E+01-1.082241427E+01-1.086624831E+01-1.090417392E+01
-1.093601984E+01-1.096162551E+01-1.098084197E+01-1.099353316E+01-1.099957846E+01
-1.099887542E+01-1.099134190E+01-1.097691575E+01-1.095554853E+01-1.092719283E+01
-1.089179452E+01-1.084928789E+01-1.079959117E+01-1.074260327E+01-1.067820110E+01
-1.060623834E+01-1.052654416E+01-1.043892281E+01-1.034315339E+01-1.023898973E+01
-1.012616088E+01-1.000437127E+01-9.873301444E+00-9.732608951E+00-9.581929387E+00
-9.420877859E+00-9.249050369E+00-9.066026092E+00-8.871369550E+00-8.664633482E+00
-8.445362040E+00-8.213094686E+00-7.967370764E+00-7.707734820E+00-7.433743099E+00
-7.144971352E+00-6.841024009E+00-6.521545730E+00-6.186235898E+00-5.834866076E+00
-5.467303135E+00-5.083538013E+00-4.683723696E+00-4.268224274E+00-3.837679881E+00
-3.393092199E+00-2.935936622E+00-2.468307255E+00-1.993096201E+00-1.514195197E+00
-1.036675423E+00-5.668494393E-01-1.120819797E-01 3.197220865E-01-4.173322069E+00
-4.302981164E+00-4.407761936E+00-4.486811155E+00-4.544175949E+00-4.601192690E+00
-4.661715488E+00-4.725498573E+00-4.792273989E+00-4.861784065E+00-4.933796662E+00
-5.008112498E+00-5.084567002E+00-5.163028542E+00-5.243394838E+00-5.325588469E+00
-5.409552308E+00-5.495245299E+00-5.582638525E+00-5.671711969E+00-5.762451844E+00
-5.854847943E+00-5.948892033E+00-6.044576036E+00-6.141890813E+00-6.240825095E+00
-6.341364580E+00-6.443491302E+00-6.547182764E+00-6.652411741E+00-6.759145611E+00
-6.867346117E+00-6.976968895E+00-7.087963279E+00-7.200271863E+00-7.313830466E+00
-7.428567578E+00-7.544404481E+00-7.661254652E+00-7.779023771E+00-7.897609439E+00
-8.016900983E+00-8.136779379E+00-8.257116855E+00-8.377777010E+00-8.498614540E+00
-8.619475158E+00-8.740195673E+00-8.860603910E+00-8.980518671E+00-9.099749934E+00
-9.218099010E+00-9.335358539E+00-9.451312970E+00-9.565738789E+00-9.678404763E+00
-9.789072645E+00-9.897497333E+00-1.000342777E+01-1.010660736E+01-1.020677488E+01
-1.030366525E+01-1.039701032E+01-1.048653855E+01-1.057197418E+01-1.065303820E+01
-1.072945157E+01-1.080093098E+01-1.086717868E+01-1.092787948E+01-1.098274889E+01
-1.103153478E+01-1.107400974E+01-1.110996444E+01-1.113920237E+01-1.116153743E+01
-1.117679324E+01-1.118480389E+01-1.118541706E+01-1.117849955E+01-1.116394622E+01
-1.114169268E+01-1.111172602E+01-1.107408007E+01-1.102877293E+01-1.097580493E+01
-1.091516043E+01-1.084680144E+01-1.077066351E+01-1.068665385E+01-1.059465076E+01
-1.049450361E+01-1.038603310E+01-1.026903156E+01-1.014326310E+01-1.000846410E+01
-9.864343479E+00-9.710583250E+00-9.546839022E+00-9.372740521E+00-9.187892297E+00
-8.991874669E+00-8.784244397E+00-8.564536175E+00-8.332263659E+00-8.086921043E+00
-7.827985105E+00-7.554917178E+00-7.267165949E+00-6.964170885E+00-6.645366215E+00
-6.310186203E+00-5.958072130E+00-5.588481114E+00-5.200897892E+00-4.794850895E+00
-4.369933955E+00-3.925836427E+00-3.462385473E+00-2.979606254E+00-2.477809449E+00
-1.957721003E+00-1.420678651E+00-8.689344989E-01-3.061202720E-01 2.620769276E-01
 8.271298132E-01 1.377372504E+00 1.899228332E+00-4.455537590E+00-4.590938018E+00
-4.700395832E+00-4.782335102E+00-4.838195869E+00-4.896050750E+00-4.956619607E+00
-5.019671047E+00-5.085093415E+00-5.152777141E+00-5.222621323E+00-5.294539007E+00
-5.368459038E+00-5.444326415E+00-5.522100872E+00-5.601754751E+00-5.683270716E+00
-5.766639035E+00-5.851855572E+00-5.938919380E+00-6.027831249E+00-6.118591808E+00
-6.211200544E+00-6.305654701E+00-6.401948250E+00-6.500071342E+00-6.600009673E+00
-6.701743979E+00-6.805249477E+00-6.910495789E+00-7.017446316E+00-7.126058189E+00
-7.236281648E+00-7.348060115E+00-7.461329804E+00-7.576019283E+00-7.692049438E+00
-7.809333159E+00-7.927774941E+00-8.047270809E+00-8.167707886E+00-8.288964270E+00
-8.410908761E+00-8.533400585E+00-8.656289161E+00-8.779414131E+00-8.902604898E+00
-9.025680856E+00-9.148451036E+00-9.270714346E+00-9.392259447E+00-9.512864955E+00
-9.632299558E+00-9.750322211E+00-9.866682611E+00-9.981121589E+00-1.009337139E+01
-1.020315637E+01-1.031019354E+01-1.041419326E+01-1.051486044E+01-1.061189615E+01
-1.070500234E+01-1.079387828E+01-1.087821192E+01-1.095767715E+01-1.103197755E+01
-1.110082843E+01-1.116389335E+01-1.122061704E+01-1.127066201E+01-1.131377260E+01
-1.134972699E+01-1.137831817E+01-1.139934530E+01-1.141261035E+01-1.141791762E+01
-1.141507450E+01-1.140389312E+01-1.138419614E+01-1.135583276E+01-1.131871779E+01
-1.127290705E+01-1.121873742E+01-1.115629939E+01-1.108564157E+01-1.100681949E+01
-1.091985359E+01-1.082472200E+01-1.072136330E+01-1.060967995E+01-1.048954014E+01
-1.036077950E+01-1.022320183E+01-1.007657972E+01-9.920655013E+00-9.755139120E+00
-9.579713141E+00-9.394028078E+00-9.197704949E+00-8.990334514E+00-8.771477473E+00
-8.540664147E+00-8.297394285E+00-8.041136745E+00-7.771329143E+00-7.487377575E+00
-7.188655869E+00-6.874505389E+00-6.544234244E+00-6.197117175E+00-5.832395193E+00
-5.449275864E+00-5.046934087E+00-4.624514192E+00-4.181133398E+00-3.715888078E+00
-3.227863956E+00-2.716152451E+00-2.179876748E+00-1.618233735E+00-1.030562946E+00
-4.164650458E-01 2.239807593E-01 8.897762261E-01 1.577978809E+00 2.280893811E+00
 2.978912919E+00 3.638678641E+00-4.722932462E+00-4.863235099E+00-4.976713603E+00
-5.062386501E+00-5.125347521E+00-5.184812372E+00-5.245888296E+00-5.308691089E+00
-5.373229102E+00-5.439512264E+00-5.507554995E+00-5.577376759E+00-5.649001549E+00
-5.722457379E+00-5.797774743E+00-5.874985555E+00-5.954121491E+00-6.035213126E+00
-6.118288434E+00-6.203372234E+00-6.290485134E+00-6.379643169E+00-6.470857213E+00
-6.564132663E+00-6.659469048E+00-6.756859826E+00-6.856292271E+00-6.957747158E+00
-7.061198599E+00-7.166613974E+00-7.273953686E+00-7.383170850E+00-7.494211409E+00
-7.607013508E+00-7.721507566E+00-7.837615851E+00-7.955252312E+00-8.074322157E+00
-8.194721726E+00-8.316338061E+00-8.439048473E+00-8.562720541E+00-8.687211443E+00
-8.812367876E+00-8.938025704E+00-9.064009640E+00-9.190133009E+00-9.316197752E+00
-9.441994069E+00-9.567300495E+00-9.691883907E+00-9.815499476E+00-9.937890833E+00
-1.005879026E+01-1.017791905E+01-1.029498824E+01-1.040969899E+01-1.052174266E+01
-1.063080128E+01-1.073654954E+01-1.083865069E+01-1.093675696E+01-1.103055255E+01
-1.111973813E+01-1.120397485E+01-1.128273499E+01-1.135576850E+01-1.142301513E+01
-1.148468689E+01-1.153844193E+01-1.158437646E+01-1.162240210E+01-1.165237092E+01
-1.167410964E+01-1.168742457E+01-1.169210764E+01-1.168794204E+01-1.167470146E+01
-1.165214320E+01-1.161998937E+01-1.157790592E+01-1.152552257E+01-1.146247239E+01
-1.139126464E+01-1.131133434E+01-1.122260422E+01-1.112535000E+01-1.101967482E+01
-1.090558863E+01-1.078304909E+01-1.065197395E+01-1.051224469E+01-1.036370801E+01
-1.020617640E+01-1.003942869E+01-9.863210554E+00-9.677234370E+00-9.481179392E+00
-9.274691342E+00-9.057381903E+00-8.828827965E+00-8.588570567E+00-8.336113791E+00
-8.070922950E+00-7.792422934E+00-7.499995806E+00-7.192978082E+00-6.870657503E+00
-6.532269252E+00-6.176991343E+00-5.803939263E+00-5.412159945E+00-5.000624164E+00
-4.568218260E+00-4.113733978E+00-3.635856826E+00-3.133152262E+00-2.604048912E+00
-2.046817953E+00-1.459546432E+00-8.401006712E-01-1.860718906E-01 5.053126620E-01
 1.237352210E+00 2.014212115E+00 2.841773062E+00 3.730406159E+00 4.691755110E+00
 5.555748517E+00-4.993155490E+00-5.138835096E+00-5.256586879E+00-5.345453793E+00
-5.409832791E+00-5.470601283E+00-5.532205275E+00-5.594779986E+00-5.658441563E+00
-5.723314587E+00-5.789527304E+00-5.857207050E+00-5.926476712E+00-5.997451849E+00
-6.070238995E+00-6.144934324E+00-6.221623214E+00-6.300380052E+00-6.381268269E+00
-6.464340621E+00-6.549639699E+00-6.637198283E+00-6.727039737E+00-6.819178362E+00
-6.913619951E+00-7.010361745E+00-7.109392988E+00-7.210694966E+00-7.314241045E+00
-7.419996829E+00-7.527920083E+00-7.637960690E+00-7.750060537E+00-7.864153393E+00
-7.980164519E+00-8.098010624E+00-8.217599554E+00-8.338829815E+00-8.461590343E+00
-8.585760141E+00-8.711207735E+00-8.837790972E+00-8.965356471E+00-9.093739150E+00
-9.222761908E+00-9.352235196E+00-9.481956699E+00-9.611711022E+00-9.741269570E+00
-9.870390353E+00-9.998818104E+00-1.012628408E+01-1.025250591E+01-1.037718739E+01
-1.050001938E+01-1.062068100E+01-1.073884229E+01-1.085415976E+01-1.096627347E+01
-1.107483661E+01-1.117946983E+01-1.127962344E+01-1.137502081E+01-1.146556192E+01
-1.155140664E+01-1.163017529E+01-1.170198089E+01-1.176670234E+01-1.182404673E+01
-1.187345497E+01-1.191457227E+01-1.194712690E+01-1.197088834E+01-1.198564815E+01
-1.199120841E+01-1.198737411E+01-1.197394698E+01-1.195071779E+01-1.191745925E+01
-1.187392287E+01-1.181985004E+01-1.175501015E+01-1.167929095E+01-1.159285336E+01
-1.149550517E+01-1.138753219E+01-1.127129314E+01-1.114669055E+01-1.101361853E+01
-1.087200938E+01-1.072178204E+01-1.056282572E+01-1.039499469E+01-1.021810755E+01
-1.003194761E+01-9.836262945E+00-9.630766652E+00-9.415136447E+00-9.189013914E+00
-8.952003484E+00-8.703670940E+00-8.443541520E+00-8.171097716E+00-7.885776592E+00
-7.586966199E+00-7.274001793E+00-6.946161028E+00-6.602658089E+00-6.242637026E+00
-5.865163368E+00-5.469214352E+00-5.053667178E+00-4.617284553E+00-4.158697630E+00
-3.676384996E+00-3.168646899E+00-2.633573463E+00-2.069004530E+00-1.472478123E+00
-8.411624329E-01-1.717629240E-01 5.396098183E-01 1.297636978E+00 2.108098191E+00
 2.978363528E+00 3.918165887E+00 4.940601065E+00 6.052075836E+00 7.071297250E+00
-5.268096771E+00-5.418912302E+00-5.541636149E+00-5.632875172E+00-5.694838170E+00
-5.756508865E+00-5.818274197E+00-5.880209773E+00-5.942558884E+00-6.005579711E+00
-6.069530479E+00-6.134659125E+00-6.201196215E+00-6.269350880E+00-6.339308807E+00
-6.411231731E+00-6.485258456E+00-6.561506114E+00-6.640071865E+00-6.721034665E+00
-6.804456882E+00-6.890386151E+00-6.978856512E+00-7.069889674E+00-7.163496196E+00
-7.259676117E+00-7.358419786E+00-7.459708289E+00-7.563513812E+00-7.669800067E+00
-7.778522219E+00-7.889627078E+00-8.003052906E+00-8.118729532E+00-8.236577922E+00
-8.356509940E+00-8.478428270E+00-8.602225667E+00-8.727784918E+00-8.854978134E+00
-8.983666275E+00-9.113698795E+00-9.244912899E+00-9.377133022E+00-9.510170285E+00
-9.643821821E+00-9.777870304E+00-9.912083397E+00-1.004621371E+01-1.017999877E+01
-1.031316125E+01-1.044540895E+01-1.057643327E+01-1.070590750E+01-1.083348643E+01
-1.095880827E+01-1.108152770E+01-1.120127628E+01-1.131754728E+01-1.143013445E+01
-1.153910124E+01-1.164212669E+01-1.173932189E+01-1.183049666E+01-1.191527519E+01
-1.199299942E+01-1.206320962E+01-1.212551334E+01-1.217952955E+01-1.222487226E+01
-1.226119941E+01-1.228821624E+01-1.230566959E+01-1.231333971E+01-1.231103312E+01
-1.229857686E+01-1.227581187E+01-1.224258537E+01-1.219874483E+01-1.214413140E+01
-1.207857303E+01-1.200186767E+01-1.191376423E+01-1.181401896E+01-1.170244028E+01
-1.157905457E+01-1.144399601E+01-1.130066069E+01-1.114866311E+01-1.098809178E+01
-1.081892586E+01-1.064107860E+01-1.045441423E+01-1.025875581E+01-1.005388900E+01
-9.839563575E+00-9.615493662E+00-9.381357288E+00-9.136794934E+00-8.881408156E+00
-8.614757338E+00-8.336359248E+00-8.045683691E+00-7.742150040E+00-7.425122825E+00
-7.093906218E+00-6.747738000E+00-6.385781686E+00-6.007117581E+00-5.610731864E+00
-5.195503154E+00-4.760186869E+00-4.303395684E+00-3.823576083E+00-3.318979915E+00
-2.787629147E+00-2.227272810E+00-1.635333576E+00-1.008841260E+00-3.443496013E-01
 3.621684867E-01 1.115452709E+00 1.921119761E+00 2.785861603E+00 3.717663864E+00
 4.725991693E+00 5.821817054E+00 7.015350474E+00 8.130431022E+00-5.537137191E+00
-5.693531495E+00-5.819758051E+00-5.914755720E+00-5.983537108E+00-6.045841815E+00
-6.106940039E+00-6.167316431E+00-6.227403356E+00-6.287640235E+00-6.348450648E+00
-6.410226263E+00-6.473318167E+00-6.538033476E+00-6.604635890E+00-6.673348211E+00
-6.744356089E+00-6.817812037E+00-6.893839532E+00-6.972536601E+00-7.053979283E+00
-7.138224235E+00-7.225311447E+00-7.315265937E+00-7.408099683E+00-7.503812723E+00
-7.602394422E+00-7.703824053E+00-7.808071596E+00-7.915097926E+00-8.024855371E+00
-8.137287511E+00-8.252329376E+00-8.369907212E+00-8.489938438E+00-8.612331055E+00
-8.736983612E+00-8.863784491E+00-8.992611553E+00-9.123331629E+00-9.255799770E+00
-9.389858655E+00-9.525338000E+00-9.662053535E+00-9.799806412E+00-9.938382102E+00
-1.007754949E+01-1.021705989E+01-1.035664640E+01-1.049602477E+01-1.063489584E+01
-1.077294902E+01-1.090985568E+01-1.104525816E+01-1.117877014E+01-1.130987003E+01
-1.143833922E+01-1.156418904E+01-1.168521463E+01-1.180146751E+01-1.191265306E+01
-1.201809983E+01-1.211726925E+01-1.220966058E+01-1.229477515E+01-1.237209821E+01
-1.244115595E+01-1.250151520E+01-1.255276771E+01-1.259452975E+01-1.262645182E+01
-1.264822364E+01-1.265957479E+01-1.266027420E+01-1.265012812E+01-1.262897759E+01
-1.259669603E+01-1.255318594E+01-1.249837744E+01-1.243223226E+01-1.235473312E+01
-1.226582563E+01-1.216533244E+01-1.205302771E+01-1.192862310E+01-1.179183333E+01
-1.164270582E+01-1.148182478E+01-1.131040857E+01-1.113077184E+01-1.094279922E+01
-1.074636585E+01-1.054131729E+01-1.032746703E+01-1.010459686E+01-9.872456409E+00
-9.630762161E+00-9.379195729E+00-9.117401652E+00-8.844985270E+00-8.561509802E+00
-8.266493278E+00-7.959405030E+00-7.639661436E+00-7.306620723E+00-6.959577173E+00
-6.597753950E+00-6.220294397E+00-5.826251870E+00-5.414577481E+00-4.984105016E+00
-4.533533116E+00-4.061403538E+00-3.566074828E+00-3.045690379E+00-2.498139601E+00
-1.921010790E+00-1.311533966E+00-6.665119723E-01 1.776168087E-02 7.455989673E-01
 1.522026005E+00 2.352898516E+00 3.245010572E+00 4.206170973E+00 5.245207123E+00
 6.371848033E+00 7.599900569E+00 8.788683152E+00-5.821382638E+00-5.983986259E+00
-6.114546217E+00-6.211971075E+00-6.281033813E+00-6.342406571E+00-6.401301827E+00
-6.458478056E+00-6.514668162E+00-6.570577312E+00-6.626847044E+00-6.684038560E+00
-6.742629575E+00-6.803019087E+00-6.865535683E+00-6.930446885E+00-6.997968326E+00
-7.068271902E+00-7.141492794E+00-7.217735331E+00-7.297078074E+00-7.379577641E+00
-7.465272050E+00-7.554183446E+00-7.646320023E+00-7.741677879E+00-7.840242045E+00
-7.941987816E+00-8.046880994E+00-8.154878830E+00-8.265929988E+00-8.379974738E+00
-8.496945077E+00-8.616764334E+00-8.739347014E+00-8.864598557E+00-8.992414635E+00
-9.122680793E+00-9.255271781E+00-9.390050963E+00-9.526869487E+00-9.665565700E+00
-9.805964037E+00-9.947874438E+00-1.009109100E+01-1.023539077E+01-1.038053175E+01
-1.052625036E+01-1.067225793E+01-1.081823886E+01-1.096385901E+01-1.110881371E+01
-1.125279214E+01-1.139540373E+01-1.153659651E+01-1.167413978E+01-1.180820773E+01
-1.193851931E+01-1.206436527E+01-1.218510580E+01-1.230012553E+01-1.240878188E+01
-1.251047809E+01-1.260467595E+01-1.269084437E+01-1.276846009E+01-1.283702100E+01
-1.289605297E+01-1.294511351E+01-1.298379516E+01-1.301173011E+01-1.302859389E+01
-1.303410745E+01-1.302803816E+01-1.301019993E+01-1.298045202E+01-1.293869802E+01
-1.288488377E+01-1.281899503E+01-1.274105395E+01-1.265111069E+01-1.254922978E+01
-1.243547414E+01-1.230991324E+01-1.217241244E+01-1.202261951E+01-1.186014548E+01
-1.168481701E+01-1.149715312E+01-1.129869274E+01-1.109218850E+01-1.087754769E+01
-1.065460510E+01-1.042316316E+01-1.018300005E+01-9.933868606E+00-9.675492924E+00
-9.407564744E+00-9.129740307E+00-8.841637321E+00-8.542831892E+00-8.232855247E+00
-7.911190075E+00-7.577266307E+00-7.230455882E+00-6.870066909E+00-6.495336540E+00
-6.105422342E+00-5.699392247E+00-5.276212301E+00-4.834731929E+00-4.373666401E+00
-3.891575479E+00-3.386837754E+00-2.857619709E+00-2.301838189E+00-1.717115099E+00
-1.100722885E+00-4.495191842E-01 2.401305652E-01 9.724431328E-01 1.752318879E+00
 2.585449867E+00 3.478423998E+00 4.438804898E+00 5.475154730E+00 6.596957770E+00
 7.816439754E+00 9.005993144E+00-6.127493668E+00-6.296074623E+00-6.433510533E+00
-6.530111239E+00-6.592920808E+00-6.650779352E+00-6.704727603E+00-6.755919721E+00
-6.805598396E+00-6.854853451E+00-6.904589176E+00-6.955533670E+00-7.008264012E+00
-7.063233806E+00-7.120797999E+00-7.181232898E+00-7.244752717E+00-7.311521711E+00
-7.381664381E+00-7.455272922E+00-7.532413209E+00-7.613129488E+00-7.697448156E+00
-7.785380402E+00-7.876924533E+00-7.972067664E+00-8.070787102E+00-8.173051130E+00
-8.278819798E+00-8.388045235E+00-8.500672046E+00-8.616637114E+00-8.735869678E+00
-8.858290939E+00-8.983813825E+00-9.112342359E+00-9.243771188E+00-9.377984872E+00
-9.514857137E+00-9.654250204E+00-9.796013843E+00-9.939984468E+00-1.008598455E+01
-1.023382142E+01-1.038328674E+01-1.053415538E+01-1.068618362E+01-1.083910413E+01
-1.099261307E+01-1.114633260E+01-1.129972469E+01-1.145261664E+01-1.160497583E+01
-1.175490011E+01-1.190239204E+01-1.204689601E+01-1.218778030E+01-1.232436747E+01
-1.245591001E+01-1.258173847E+01-1.270124049E+01-1.281378740E+01-1.291875540E+01
-1.301553521E+01-1.310353282E+01-1.318217367E+01-1.325090927E+01-1.330922355E+01
-1.335663834E+01-1.339271846E+01-1.341707596E+01-1.342937380E+01-1.342932833E+01
-1.341671093E+01-1.339134858E+01-1.335312346E+01-1.330197141E+01-1.323788038E+01
-1.316088690E+01-1.307107220E+01-1.296855652E+01-1.285349153E+01-1.272605053E+01
-1.258641272E+01-1.243472741E+01-1.227109799E+01-1.209521786E+01-1.190656651E+01
-1.170475633E+01-1.149038599E+01-1.126552124E+01-1.103309967E+01-1.079280244E+01
-1.054439079E+01-1.028764316E+01-1.002232715E+01-9.748186182E+00-9.464932808E+00
-9.172244856E+00-8.869762298E+00-8.557084836E+00-8.233768994E+00-7.899324999E+00
-7.553212807E+00-7.194838001E+00-6.823546199E+00-6.438617066E+00-6.039256590E+00
-5.624588176E+00-5.193642250E+00-4.745343370E+00-4.278495139E+00-3.791762039E+00
-3.283647710E+00-2.752468766E+00-2.196323189E+00-1.613052122E+00-1.000193407E+00
-3.549248366E-01 3.260055610E-01 1.046365713E+00 1.810546799E+00 2.623697209E+00
 3.491888509E+00 4.422313290E+00 5.423495062E+00 6.505440549E+00 7.679445706E+00
 8.830593798E+00-6.444868107E+00-6.624458978E+00-6.764331179E+00-6.863104081E+00
-6.926524535E+00-6.976520217E+00-7.020458820E+00-7.060989626E+00-7.100190354E+00
-7.139583784E+00-7.180258319E+00-7.222994024E+00-7.268356042E+00-7.316758379E+00
-7.368506302E+00-7.423825567E+00-7.482882281E+00-7.545797243E+00-7.612656067E+00
-7.683516867E+00-7.758415693E+00-7.837371142E+00-7.920387232E+00-8.007456084E+00
-8.098559849E+00-8.193671894E+00-8.292758139E+00-8.395777450E+00-8.502682391E+00
-8.613419222E+00-8.727928056E+00-8.846142819E+00-8.967990703E+00-9.093392043E+00
-9.222259607E+00-9.354498011E+00-9.490002926E+00-9.628660331E+00-9.770345565E+00
-9.914922269E+00-1.006224159E+01-1.021214101E+01-1.036444335E+01-1.051895615E+01
-1.067547156E+01-1.083376861E+01-1.099361925E+01-1.115479682E+01-1.131711448E+01
-1.148043312E+01-1.164215309E+01-1.180304005E+01-1.196291169E+01-1.212105886E+01
-1.227669063E+01-1.242897946E+01-1.257713420E+01-1.272050234E+01-1.285839985E+01
-1.299013477E+01-1.311501423E+01-1.323234322E+01-1.334143131E+01-1.344160009E+01
-1.353219005E+01-1.361256753E+01-1.368213162E+01-1.374032088E+01-1.378661958E+01
-1.382056335E+01-1.384174378E+01-1.384981250E+01-1.384448407E+01-1.382553762E+01
-1.379281771E+01-1.374623404E+01-1.368575958E+01-1.361142854E+01-1.352333223E+01
-1.342161471E+01-1.330646678E+01-1.317811921E+01-1.303683396E+01-1.288289363E+01
-1.271658369E+01-1.253816380E+01-1.234780402E+01-1.214542480E+01-1.193028854E+01
-1.170175789E+01-1.146032683E+01-1.121110981E+01-1.095415514E+01-1.068940628E+01
-1.041674180E+01-1.013599055E+01-9.846938597E+00-9.549332677E+00-9.242881514E+00
-8.927256045E+00-8.602088558E+00-8.266971270E+00-7.921454005E+00-7.565041675E+00
-7.197190725E+00-6.817305363E+00-6.424732584E+00-6.018756623E+00-5.598592136E+00
-5.163376516E+00-4.712160400E+00-4.243896989E+00-3.757428970E+00-3.251473411E+00
-2.724603800E+00-2.175228530E+00-1.601565086E+00-1.001608568E+00-3.730925106E-01
 2.865612353E-01 9.803090888E-01 1.711578496E+00 2.484404457E+00 3.303641956E+00
 4.175312991E+00 5.107185150E+00 6.109684865E+00 7.196294038E+00 8.274243696E+00
-6.808931964E+00-7.004724583E+00-7.150281067E+00-7.243390607E+00-7.294725744E+00
-7.325581756E+00-7.349483215E+00-7.371932576E+00-7.395431336E+00-7.421305711E+00
-7.450341637E+00-7.483039484E+00-7.519731821E+00-7.560645037E+00-7.605934048E+00
-7.655703459E+00-7.710021275E+00-7.768928075E+00-7.832443718E+00-7.900571788E+00
-7.973303302E+00-8.050619152E+00-8.132492232E+00-8.218888775E+00-8.309769541E+00
-8.405090481E+00-8.504803488E+00-8.608856359E+00-8.717193265E+00-8.829754359E+00
-8.946475774E+00-9.067289192E+00-9.192121370E+00-9.320893391E+00-9.453520114E+00
-9.589909266E+00-9.729960299E+00-9.873563606E+00-1.002059922E+01-1.017093565E+01
-1.032442875E+01-1.048092022E+01-1.064023574E+01-1.080218230E+01-1.096654454E+01
-1.113308473E+01-1.130155951E+01-1.147164839E+01-1.164325485E+01-1.181475371E+01
-1.198604352E+01-1.215673557E+01-1.232610750E+01-1.249326981E+01-1.265746563E+01
-1.281800477E+01-1.297416556E+01-1.312521602E+01-1.327040511E+01-1.340896737E+01
-1.354012907E+01-1.366311590E+01-1.377716050E+01-1.388151079E+01-1.397543826E+01
-1.405824589E+01-1.412927634E+01-1.418791944E+01-1.423361943E+01-1.426588120E+01
-1.428427576E+01-1.428844447E+01-1.427810241E+01-1.425303993E+01-1.421312348E+01
-1.415829497E+01-1.408856970E+01-1.400403351E+01-1.390483844E+01-1.379119726E+01
-1.366337744E+01-1.352169283E+01-1.336649500E+01-1.319816333E+01-1.301709298E+01
-1.282367857E+01-1.261828507E+01-1.240118930E+01-1.217245286E+01-1.193128530E+01
-1.167703330E+01-1.141070705E+01-1.113715408E+01-1.085635682E+01-1.056823878E+01
-1.027266440E+01-9.969449413E+00-9.658368801E+00-9.339161076E+00-9.011530113E+00
-8.675145431E+00-8.329641484E+00-7.974616636E+00-7.609631428E+00-7.234206570E+00
-6.847820532E+00-6.449906519E+00-6.039849272E+00-5.616981132E+00-5.180577507E+00
-4.729851872E+00-4.263950286E+00-3.781944710E+00-3.282826402E+00-2.765497942E+00
-2.228764917E+00-1.671326687E+00-1.091766248E+00-4.885388217E-01 1.400416285E-01
 7.958197247E-01 1.480823619E+00 2.197306093E+00 2.947821220E+00 3.735385878E+00
 4.563869334E+00 5.439136080E+00 6.373278028E+00 7.308954891E+00-7.305152235E+00
-7.542559494E+00-7.706350843E+00-7.758614226E+00-7.713573469E+00-7.691877539E+00
-7.681664394E+00-7.678974137E+00-7.682821471E+00-7.692806218E+00-7.708722913E+00
-7.730445437E+00-7.757883488E+00-7.790963429E+00-7.829619069E+00-7.873787330E+00
-7.923406079E+00-7.978413026E+00-8.038745527E+00-8.104340424E+00-8.175134285E+00
-8.251063479E+00-8.332064418E+00-8.418073667E+00-8.509027873E+00-8.604863800E+00
-8.705518291E+00-8.810927835E+00-8.921028368E+00-9.035754843E+00-9.155040635E+00
-9.278817032E+00-9.407012367E+00-9.539551230E+00-9.676353522E+00-9.817333274E+00
-9.962397346E+00-1.011144436E+01-1.026436303E+01-1.042103088E+01-1.058131318E+01
-1.074506193E+01-1.091211515E+01-1.108229169E+01-1.125536794E+01-1.143103016E+01
-1.160927188E+01-1.178861426E+01-1.196931962E+01-1.215087840E+01-1.233245385E+01
-1.251309778E+01-1.269206496E+01-1.286866752E+01-1.304218610E+01-1.321187339E+01
-1.337694781E+01-1.353659831E+01-1.368999031E+01-1.383627284E+01-1.397458696E+01
-1.410407388E+01-1.422388412E+01-1.433318654E+01-1.443117800E+01-1.451709300E+01
-1.459021296E+01-1.464987524E+01-1.469548117E+01-1.472650341E+01-1.474249201E+01
-1.474307910E+01-1.472798250E+01-1.469700746E+01-1.465004706E+01-1.458708099E+01
-1.450817302E+01-1.441346698E+01-1.430318175E+01-1.417760496E+01-1.403708606E+01
-1.388202810E+01-1.371287850E+01-1.353011824E+01-1.333424981E+01-1.312578483E+01
-1.290522913E+01-1.267305555E+01-1.242964404E+01-1.217514406E+01-1.190870935E+01
-1.162969620E+01-1.133948114E+01-1.104278065E+01-1.073956263E+01-1.042968913E+01
-1.011297644E+01-9.789211646E+00-9.458155945E+00-9.119544497E+00-8.773085434E+00
-8.418459070E+00-8.055317273E+00-7.683282678E+00-7.301948173E+00-6.910875874E+00
-6.509596379E+00-6.097607743E+00-5.674374687E+00-5.239327420E+00-4.791861242E+00
-4.331336154E+00-3.857077052E+00-3.368375054E+00-2.864490141E+00-2.344655883E+00
-1.808087212E+00-1.253992546E+00-6.815923553E-01-9.014724051E-02 5.209994227E-01
 1.152355596E+00 1.804175283E+00 2.476281122E+00 3.167740358E+00 3.876201390E+00
 4.596311284E+00 5.315441160E+00 6.006437353E+00-7.654289343E+00-7.928272198E+00
-8.089480771E+00-8.134104566E+00-8.081628782E+00-8.027012084E+00-7.988681449E+00
-7.963437146E+00-7.949026329E+00-7.944021407E+00-7.947491217E+00-7.958798321E+00
-7.977483914E+00-8.003201322E+00-8.035677076E+00-8.074687270E+00-8.120042669E+00
-8.171579254E+00-8.229152075E+00-8.292630879E+00-8.361897390E+00-8.436843101E+00
-8.517367821E+00-8.603378449E+00-8.694788031E+00-8.791514814E+00-8.893481536E+00
-9.000614717E+00-9.112843793E+00-9.230100486E+00-9.352317777E+00-9.479429239E+00
-9.611367934E+00-9.748065384E+00-9.889450397E+00-1.003544760E+01-1.018597599E+01
-1.034094715E+01-1.050026307E+01-1.066381420E+01-1.083147782E+01-1.100311974E+01
-1.117860652E+01-1.135785241E+01-1.154079111E+01-1.172562956E+01-1.191305095E+01
-1.210283684E+01-1.229422695E+01-1.248623496E+01-1.267799117E+01-1.286881491E+01
-1.305800158E+01-1.324481535E+01-1.342847617E+01-1.360815970E+01-1.378300214E+01
-1.395210647E+01-1.411455029E+01-1.426939317E+01-1.441568540E+01-1.455247745E+01
-1.467883091E+01-1.479382896E+01-1.489658796E+01-1.498626823E+01-1.506208471E+01
-1.512331752E+01-1.516932151E+01-1.519953480E+01-1.521348567E+01-1.521079797E+01
-1.519119481E+01-1.515450011E+01-1.510063866E+01-1.502963417E+01-1.494160547E+01
-1.483676194E+01-1.471539732E+01-1.457788210E+01-1.442465428E+01-1.425621098E+01
-1.407309833E+01-1.387590216E+01-1.366523515E+01-1.344172340E+01-1.320599132E+01
-1.295864667E+01-1.270025322E+01-1.243126099E+01-1.215183013E+01-1.186093910E+01
-1.155807905E+01-1.124548346E+01-1.092754837E+01-1.060391848E+01-1.027435085E+01
-9.938632642E+00-9.596548113E+00-9.247866186E+00-8.892335964E+00-8.529685554E+00
-8.159622181E+00-7.781832778E+00-7.395984540E+00-7.001726026E+00-6.598688026E+00
-6.186484940E+00-5.764716432E+00-5.332969795E+00-4.890822907E+00-4.437848560E+00
-3.973620299E+00-3.497720058E+00-3.009749259E+00-2.509343416E+00-1.996192460E+00
-1.470068597E+00-9.308648704E-01-3.786491113E-01 1.862597071E-01 7.631815357E-01
 1.350913937E+00 1.947491023E+00 2.549819595E+00 3.153141756E+00 3.750326587E+00
 4.331269411E+00 4.883246673E+00-7.941040540E+00-8.227544626E+00-8.393262283E+00
-8.433851045E+00-8.372426162E+00-8.303324655E+00-8.249525964E+00-8.209644220E+00
-8.182086002E+00-8.165569493E+00-8.159094665E+00-8.161883145E+00-8.173322078E+00
-8.192920354E+00-8.220276691E+00-8.255056630E+00-8.296976850E+00-8.345793549E+00
-8.401294563E+00-8.463293217E+00-8.531624153E+00-8.606139980E+00-8.686708551E+00
-8.773211118E+00-8.865540514E+00-8.963599581E+00-9.067300145E+00-9.176561632E+00
-9.291310131E+00-9.411477165E+00-9.536998751E+00-9.667814371E+00-9.803865714E+00
-9.945095572E+00-1.009144650E+01-1.024285936E+01-1.039927144E+01-1.056061432E+01
-1.072681056E+01-1.089776867E+01-1.107337226E+01-1.125345676E+01-1.143775265E+01
-1.162637039E+01-1.181815595E+01-1.201342240E+01-1.221183668E+01-1.241252331E+01
-1.261445827E+01-1.281697720E+01-1.301940303E+01-1.322103481E+01-1.342112329E+01
-1.361886490E+01-1.381340286E+01-1.400383194E+01-1.418920386E+01-1.436853328E+01
-1.454080515E+01-1.470498336E+01-1.486002131E+01-1.500487357E+01-1.513850674E+01
-1.525991174E+01-1.536811670E+01-1.546219960E+01-1.554130173E+01-1.560464043E+01
-1.565151987E+01-1.568134075E+01-1.569360829E+01-1.568793870E+01-1.566406277E+01
-1.562182799E+01-1.556119735E+01-1.548224667E+01-1.538515848E+01-1.527021531E+01
-1.513779212E+01-1.498834898E+01-1.482242062E+01-1.464060625E+01-1.444355743E+01
-1.423196565E+01-1.400655202E+01-1.376805589E+01-1.351721810E+01-1.325476263E+01
-1.298137802E+01-1.269768455E+01-1.240414081E+01-1.210076621E+01-1.178614405E+01
-1.145994796E+01-1.112847542E+01-1.079186506E+01-1.045010778E+01-1.010310773E+01
-9.750716873E+00-9.392753079E+00-9.029010208E+00-8.659263605E+00-8.283273643E+00
-7.900788523E+00-7.511546672E+00-7.115279113E+00-6.711712179E+00-6.300570508E+00
-5.881580945E+00-5.454476994E+00-5.019004807E+00-4.574930311E+00-4.122048750E+00
-3.660196435E+00-3.189266308E+00-2.709227710E+00-2.220152129E+00-1.722246635E+00
-1.215897443E+00-7.017268428E-01-1.806676791E-01 3.459397027E-01 8.762225984E-01
 1.407619996E+00 1.936700211E+00 2.458977740E+00 2.968795285E+00 3.459385877E+00
 3.923229917E+00-8.185757182E+00-8.479545553E+00-8.652056502E+00-8.688530174E+00
-8.597472742E+00-8.520737991E+00-8.459134826E+00-8.410999891E+00-8.375358528E+00
-8.351305855E+00-8.338034069E+00-8.334839699E+00-8.341117098E+00-8.356345961E+00
-8.380078358E+00-8.411927112E+00-8.451555677E+00-8.498670172E+00-8.553013045E+00
-8.614357594E+00-8.682504063E+00-8.757276024E+00-8.838517612E+00-8.926091129E+00
-9.019874908E+00-9.119761745E+00-9.225657120E+00-9.337477824E+00-9.455150611E+00
-9.578611106E+00-9.707802414E+00-9.842674104E+00-9.983181026E+00-1.012928209E+01
-1.028093903E+01-1.043811525E+01-1.060077426E+01-1.076887880E+01-1.094239053E+01
-1.112127245E+01-1.130549742E+01-1.149506788E+01-1.168786616E+01-1.188528376E+01
-1.208741110E+01-1.229355208E+01-1.250266290E+01-1.271386786E+01-1.292653056E+01
-1.314000870E+01-1.335361560E+01-1.356660436E+01-1.377816376E+01-1.398742086E+01
-1.419344487E+01-1.439525068E+01-1.459180319E+01-1.478202483E+01-1.496480488E+01
-1.513900956E+01-1.530349154E+01-1.545710158E+01-1.559870108E+01-1.572717942E+01
-1.584146927E+01-1.594056064E+01-1.602351574E+01-1.608948292E+01-1.613770949E+01
-1.616755322E+01-1.617849253E+01-1.617013367E+01-1.614221590E+01-1.609461321E+01
-1.602733293E+01-1.594051186E+01-1.583440850E+01-1.570939319E+01-1.556593704E+01
-1.540459995E+01-1.522601675E+01-1.503088939E+01-1.481997866E+01-1.459408960E+01
-1.435405564E+01-1.410072550E+01-1.383495340E+01-1.355758182E+01-1.326942151E+01
-1.297123051E+01-1.266368090E+01-1.234724668E+01-1.202174127E+01-1.168564699E+01
-1.134007587E+01-1.099044986E+01-1.063677459E+01-1.027894799E+01-9.916823754E+00
-9.550233344E+00-9.178995086E+00-8.802918524E+00-8.421807491E+00-8.035462981E+00
-7.643686066E+00-7.246280934E+00-6.843058624E+00-6.433841172E+00-6.018466645E+00
-5.596795138E+00-5.168715899E+00-4.734156355E+00-4.293092748E+00-3.845563630E+00
-3.391686195E+00-2.931676542E+00-2.465874696E+00-1.994775305E+00-1.519065272E+00
-1.039669351E+00-5.578046388E-01-7.504390355E-02 4.066140152E-01 8.846721988E-01
 1.356073384E+00 1.817167011E+00 2.263732774E+00 2.691088167E+00 3.094291711E+00
-8.320151905E+00-8.619256020E+00-8.791222984E+00-8.831733539E+00-8.761691494E+00
-8.683366315E+00-8.618288139E+00-8.566116714E+00-8.526263377E+00-8.498106211E+00
-8.481029801E+00-8.474448555E+00-8.477819079E+00-8.490645457E+00-8.512479875E+00
-8.542920619E+00-8.581609236E+00-8.628226750E+00-8.682490431E+00-8.744149937E+00
-8.812984671E+00-8.888800435E+00-8.971427222E+00-9.060716574E+00-9.156539736E+00
-9.258785680E+00-9.367359375E+00-9.482180250E+00-9.603180775E+00-9.730305279E+00
-9.863508531E+00-1.000275472E+01-1.014801630E+01-1.029927290E+01-1.045651039E+01
-1.061971938E+01-1.078889373E+01-1.096402807E+01-1.114511466E+01-1.133214130E+01
-1.152510092E+01-1.172229000E+01-1.192476185E+01-1.213278675E+01-1.234563718E+01
-1.256219012E+01-1.278171943E+01-1.300362290E+01-1.322729176E+01-1.345206578E+01
-1.367721606E+01-1.390194224E+01-1.412537464E+01-1.434657558E+01-1.456454129E+01
-1.477820559E+01-1.498644754E+01-1.518809992E+01-1.538195516E+01-1.556677337E+01
-1.574129545E+01-1.590426209E+01-1.605442809E+01-1.619057903E+01-1.631154686E+01
-1.641622570E+01-1.650358883E+01-1.657270519E+01-1.662275536E+01-1.665304599E+01
-1.666302251E+01-1.665227830E+01-1.662056074E+01-1.656777319E+01-1.649397297E+01
-1.639936575E+01-1.628429631E+01-1.614923578E+01-1.599476675E+01-1.582156723E+01
-1.563039239E+01-1.542205955E+01-1.519743506E+01-1.495742816E+01-1.470298511E+01
-1.443506974E+01-1.415464444E+01-1.386266169E+01-1.356004963E+01-1.324768925E+01
-1.292639416E+01-1.259687254E+01-1.225957033E+01-1.191376352E+01-1.155821100E+01
-1.119550910E+01-1.083023604E+01-1.046205839E+01-1.009075177E+01-9.716129636E+00
-9.338018854E+00-8.956252099E+00-8.570666772E+00-8.181106655E+00-7.787424394E+00
-7.389484890E+00-6.987169472E+00-6.580380429E+00-6.169046687E+00-5.753130106E+00
-5.332633050E+00-4.907607448E+00-4.478165390E+00-4.044491737E+00-3.606858920E+00
-3.165644808E+00-2.721353160E+00-2.274637691E+00-1.826329560E+00-1.377468110E+00
-9.293341358E-01-4.834840159E-01-4.178155133E-02 3.935774317E-01 8.200548674E-01
 1.234783511E+00 1.634612176E+00 2.016189050E+00 2.376081975E+00-8.420753996E+00
-8.721966087E+00-8.895940323E+00-8.938041779E+00-8.872840756E+00-8.794568175E+00
-8.728625028E+00-8.675261619E+00-8.634078204E+00-8.604607389E+00-8.586351642E+00
-8.578807558E+00-8.581483986E+00-8.593913535E+00-8.615660092E+00-8.646322655E+00
-8.685536542E+00-8.732973205E+00-8.788339158E+00-8.851373815E+00-8.921847478E+00
-8.999559172E+00-9.084334201E+00-9.176022178E+00-9.274494898E+00-9.379644525E+00
-9.491381860E+00-9.609634801E+00-9.734346969E+00-9.865476167E+00-1.000299356E+01
-1.014688219E+01-1.029713648E+01-1.045376107E+01-1.061677058E+01-1.078618909E+01
-1.096204940E+01-1.114438955E+01-1.133323952E+01-1.152857782E+01-1.172883221E+01
-1.193518740E+01-1.214792625E+01-1.236630479E+01-1.258917579E+01-1.281587690E+01
-1.304585977E+01-1.327856319E+01-1.351336868E+01-1.374958289E+01-1.398643533E+01
-1.422307903E+01-1.445859052E+01-1.469196869E+01-1.492213934E+01-1.514796264E+01
-1.536823529E+01-1.558169369E+01-1.578702266E+01-1.598287508E+01-1.616788678E+01
-1.634069200E+01-1.649993754E+01-1.664429925E+01-1.677249825E+01-1.688331975E+01
-1.697563354E+01-1.704841474E+01-1.710076405E+01-1.713192698E+01-1.714130904E+01
-1.712848802E+01-1.709322052E+01-1.703544396E+01-1.695527305E+01-1.685299160E+01
-1.672904051E+01-1.658400248E+01-1.641858359E+01-1.623359392E+01-1.602992493E+01
-1.580852860E+01-1.557039739E+01-1.531655084E+01-1.504802801E+01-1.476589401E+01
-1.447122124E+01-1.416506411E+01-1.384845039E+01-1.352236711E+01-1.318773317E+01
-1.284537336E+01-1.249594896E+01-1.213969056E+01-1.177502547E+01-1.140153290E+01
-1.102583517E+01-1.064808690E+01-1.026824022E+01-9.886178015E+00-9.501762491E+00
-9.114853508E+00-8.725317227E+00-8.333030999E+00-7.937887381E+00-7.539798278E+00
-7.138699193E+00-6.734553996E+00-6.327360520E+00-5.917156590E+00-5.504027228E+00
-5.088112656E+00-4.669617908E+00-4.248823152E+00-3.826096179E+00-3.401905789E+00
-2.976837230E+00-2.551608777E+00-2.127089466E+00-1.704317235E+00-1.284516399E+00
-8.691127489E-01-4.597439520E-01-5.826220311E-02 3.332744136E-01 7.126254279E-01
 1.077409034E+00 1.425161557E+00 1.753413401E+00-8.498854757E+00-8.803790311E+00
-8.980617051E+00-9.022144539E+00-8.934641193E+00-8.856174373E+00-8.791204781E+00
-8.738808939E+00-8.698622324E+00-8.670219819E+00-8.653136592E+00-8.646892289E+00
-8.651009744E+00-8.665028932E+00-8.688516305E+00-8.721070464E+00-8.762324955E+00
-8.811949299E+00-8.869648434E+00-8.935161539E+00-9.008260057E+00-9.088745811E+00
-9.176448793E+00-9.271225038E+00-9.372954892E+00-9.481540880E+00-9.596906174E+00
-9.718993093E+00-9.847761686E+00-9.983188433E+00-1.012526510E+01-1.027399763E+01
-1.042940546E+01-1.059152057E+01-1.076038823E+01-1.093606924E+01-1.111864791E+01
-1.130825245E+01-1.150510396E+01-1.170718769E+01-1.191600447E+01-1.213202307E+01
-1.235455531E+01-1.258241803E+01-1.281493695E+01-1.305160910E+01-1.329192863E+01
-1.353533245E+01-1.378117941E+01-1.402874651E+01-1.427722948E+01-1.452573952E+01
-1.477330153E+01-1.501885856E+01-1.526127633E+01-1.549934089E+01-1.573175583E+01
-1.595716091E+01-1.617414704E+01-1.638127237E+01-1.657707389E+01-1.676008103E+01
-1.692882758E+01-1.708186850E+01-1.721779932E+01-1.733527936E+01-1.743305763E+01
-1.750999868E+01-1.756510854E+01-1.759755880E+01-1.760670698E+01-1.759211170E+01
-1.755354112E+01-1.749097417E+01-1.740459457E+01-1.729477858E+01-1.716207787E+01
-1.700719901E+01-1.683098076E+01-1.663437257E+01-1.641841043E+01-1.618419214E+01
-1.593285088E+01-1.566553461E+01-1.538339040E+01-1.508756280E+01-1.477920759E+01
-1.445947763E+01-1.412949182E+01-1.379032638E+01-1.344299943E+01-1.308844012E+01
-1.272746099E+01-1.236064431E+01-1.198778934E+01-1.160699098E+01-1.122032702E+01
-1.083318609E+01-1.044522050E+01-1.005621052E+01-9.665987586E+00-9.274409402E+00
-8.881353234E+00-8.486716015E+00-8.090416582E+00-7.692398988E+00-7.292636600E+00
-6.891136509E+00-6.487944301E+00-6.083149726E+00-5.676892770E+00-5.269370311E+00
-4.860843842E+00-4.451647704E+00-4.042198033E+00-3.633002616E+00-3.224670968E+00
-2.817924836E+00-2.413608291E+00-2.012696983E+00-1.616305509E+00-1.225691746E+00
-8.422566793E-01-4.675381345E-01-1.031967445E-01 2.490071007E-01 5.872461128E-01
 9.096684320E-01 1.214447993E+00-8.486867583E+00-8.791406781E+00-8.967958869E+00
-9.012288430E+00-8.943914194E+00-8.868456884E+00-8.806144493E+00-8.756692797E+00
-8.719678253E+00-8.694613689E+00-8.680981125E+00-8.678257654E+00-8.685934356E+00
-8.703529339E+00-8.730595422E+00-8.766724430E+00-8.811548491E+00-8.864739961E+00
-8.926009809E+00-8.995105799E+00-9.071810016E+00-9.155936494E+00-9.247328938E+00
-9.345858511E+00-9.451421672E+00-9.563938520E+00-9.683351217E+00-9.809622294E+00
-9.942733628E+00-1.008268518E+01-1.022949381E+01-1.038319222E+01-1.054382734E+01
-1.071145802E+01-1.088615181E+01-1.106797898E+01-1.125700403E+01-1.145327488E+01
-1.165681902E+01-1.186700851E+01-1.208487576E+01-1.231007399E+01-1.254147933E+01
-1.277830560E+01-1.302009220E+01-1.326639336E+01-1.351671222E+01-1.377047311E+01
-1.402701594E+01-1.428559591E+01-1.454537897E+01-1.480543833E+01-1.506475798E+01
-1.532223512E+01-1.557667203E+01-1.582677167E+01-1.607115905E+01-1.630839673E+01
-1.653699830E+01-1.675543874E+01-1.696216117E+01-1.715558680E+01-1.733412709E+01
-1.749620470E+01-1.764027658E+01-1.776486097E+01-1.786856757E+01-1.795013022E+01
-1.800844028E+01-1.804257852E+01-1.805184278E+01-1.803576801E+01-1.799413706E+01
-1.792698073E+01-1.783456742E+01-1.771738479E+01-1.757611522E+01-1.741160744E+01
-1.722484811E+01-1.701693366E+01-1.678904403E+01-1.654242023E+01-1.627833855E+01
-1.599808358E+01-1.570292333E+01-1.539409765E+01-1.507282363E+01-1.474031891E+01
-1.439778716E+01-1.404638117E+01-1.368719738E+01-1.332125414E+01-1.294945842E+01
-1.257255960E+01-1.219090891E+01-1.180301129E+01-1.140791282E+01-1.101265246E+01
-1.061738104E+01-1.022205074E+01-9.826551628E+00-9.430763006E+00-9.034574127E+00
-8.637893664E+00-8.240655348E+00-7.842822221E+00-7.444390542E+00-7.045393838E+00
-6.645907087E+00-6.246051283E+00-5.845998326E+00-5.445976336E+00-5.046275135E+00
-4.647252507E+00-4.249339991E+00-3.853049510E+00-3.458979360E+00-3.067819981E+00
-2.680358829E+00-2.297483901E+00-1.920185227E+00-1.549553595E+00-1.186775697E+00
-8.331248893E-01-4.899468357E-01-1.586397068E-01 1.593712908E-01 4.626644271E-01
 7.498561122E-01-8.434480881E+00-8.736888424E+00-8.913654725E+00-8.960145018E+00
-8.901389117E+00-8.830278999E+00-8.772542867E+00-8.728269253E+00-8.696834899E+00
-8.677572738E+00-8.669820981E+00-8.672950185E+00-8.686378740E+00-8.709579563E+00
-8.742081950E+00-8.783469887E+00-8.833378969E+00-8.891492545E+00-8.957537814E+00
-9.031281810E+00-9.112527969E+00-9.201112902E+00-9.296903520E+00-9.399794627E+00
-9.509706871E+00-9.626584819E+00-9.750395612E+00-9.881127626E+00-1.001878957E+01
-1.016340969E+01-1.031503499E+01-1.047373092E+01-1.063958029E+01-1.081268164E+01
-1.099314504E+01-1.118108114E+01-1.137657247E+01-1.157959938E+01-1.178942139E+01
-1.200731926E+01-1.223342599E+01-1.246675563E+01-1.270623765E+01-1.295142354E+01
-1.320191268E+01-1.345727522E+01-1.371700900E+01-1.398052738E+01-1.424715787E+01
-1.451613793E+01-1.478660763E+01-1.505761289E+01-1.532810695E+01-1.559693761E+01
-1.586283901E+01-1.612445335E+01-1.638034838E+01-1.662903004E+01-1.686895042E+01
-1.709850896E+01-1.731605550E+01-1.751990108E+01-1.770833444E+01-1.787964202E+01
-1.803213272E+01-1.816416751E+01-1.827419528E+01-1.836079366E+01-1.842271273E+01
-1.845891880E+01-1.846863370E+01-1.845136306E+01-1.840690998E+01-1.833537246E+01
-1.823712553E+01-1.811279306E+01-1.796321171E+01-1.778939290E+01-1.759248619E+01
-1.737374502E+01-1.713449711E+01-1.687611895E+01-1.660001488E+01-1.630759669E+01
-1.600025408E+01-1.567933044E+01-1.534611700E+01-1.500186910E+01-1.464784090E+01
-1.428525557E+01-1.391527112E+01-1.353897676E+01-1.315736086E+01-1.277127938E+01
-1.238135210E+01-1.198741560E+01-1.158729444E+01-1.118343517E+01-1.078108271E+01
-1.037987516E+01-9.979577967E+00-9.580019076E+00-9.181066382E+00-8.782621070E+00
-8.384617345E+00-7.987023805E+00-7.589846361E+00-7.193130793E+00-6.796966302E+00
-6.401488737E+00-6.006884338E+00-5.613393439E+00-5.221314332E+00-4.831007206E+00
-4.442898043E+00-4.057482133E+00-3.675327305E+00-3.297076352E+00-2.923448527E+00
-2.555239608E+00-2.193320180E+00-1.838631687E+00-1.492179795E+00-1.155024743E+00
-8.282683600E-01-5.130376910E-01-2.104653580E-01 7.833287964E-02 3.522827441E-01
-8.354134916E+00-8.656565152E+00-8.833678600E+00-8.880782260E+00-8.805319513E+00
-8.738940729E+00-8.688513429E+00-8.652432174E+00-8.629645437E+00-8.619161816E+00
-8.620087974E+00-8.631643096E+00-8.653156607E+00-8.684057850E+00-8.723863750E+00
-8.772166408E+00-8.828622498E+00-8.892943854E+00-8.964890260E+00-9.044263105E+00
-9.130900614E+00-9.224673676E+00-9.325482731E+00-9.433255243E+00-9.547943421E+00
-9.669522918E+00-9.797991211E+00-9.933366975E+00-1.007568949E+01-1.022501825E+01
-1.038143348E+01-1.054503685E+01-1.071595383E+01-1.089433814E+01-1.108038158E+01
-1.127433583E+01-1.147656202E+01-1.168462612E+01-1.190079866E+01-1.212590280E+01
-1.235931553E+01-1.259974152E+01-1.284655219E+01-1.309935887E+01-1.335778983E+01
-1.362141892E+01-1.388973944E+01-1.416215992E+01-1.443800045E+01-1.471648384E+01
-1.499673377E+01-1.527777953E+01-1.555854251E+01-1.583781763E+01-1.611429418E+01
-1.638657566E+01-1.665319417E+01-1.691261787E+01-1.716324716E+01-1.740341157E+01
-1.763137677E+01-1.784535508E+01-1.804352028E+01-1.822402510E+01-1.838502564E+01
-1.852471192E+01-1.864134756E+01-1.873332303E+01-1.879921287E+01-1.883783672E+01
-1.884831636E+01-1.883011900E+01-1.878307688E+01-1.870737967E+01-1.860354267E+01
-1.847235930E+01-1.831484739E+01-1.813219914E+01-1.792573863E+01-1.769688049E+01
-1.744709766E+01-1.717789559E+01-1.689079137E+01-1.658729858E+01-1.626891032E+01
-1.593706845E+01-1.559314212E+01-1.523843341E+01-1.487421129E+01-1.450174303E+01
-1.412223972E+01-1.373684000E+01-1.334659540E+01-1.295243200E+01-1.255510208E+01
-1.215490208E+01-1.174997485E+01-1.133998419E+01-1.093192003E+01-1.052574499E+01
-1.012133337E+01-9.718542602E+00-9.317242935E+00-8.917330948E+00-8.518735959E+00
-8.121424084E+00-7.725400997E+00-7.330714332E+00-6.937456204E+00-6.545765455E+00
-6.155830179E+00-5.767890197E+00-5.382239310E+00-4.999227579E+00-4.619263576E+00
-4.242815677E+00-3.870413330E+00-3.502647404E+00-3.140169386E+00-2.783689599E+00
-2.433973804E+00-2.091838108E+00-1.758141958E+00-1.433778987E+00-1.119665754E+00
-8.167283123E-01-5.258868764E-01-2.480388766E-01 1.595906614E-02-8.179499719E+00
-8.475546887E+00-8.651031216E+00-8.702085515E+00-8.645797030E+00-8.590014745E+00
-8.551484986E+00-8.528137834E+00-8.518218135E+00-8.520280763E+00-8.533175813E+00
-8.555999861E+00-8.588043129E+00-8.628744968E+00-8.677659495E+00-8.734429833E+00
-8.798769353E+00-8.870447884E+00-8.949281707E+00-9.035126110E+00-9.127869907E+00
-9.227431267E+00-9.333754755E+00-9.446808930E+00-9.566584651E+00-9.693093896E+00
-9.826368815E+00-9.966461297E+00-1.011344265E+01-1.026740378E+01-1.042845531E+01
-1.059672855E+01-1.077237619E+01-1.095557363E+01-1.114651928E+01-1.134543267E+01
-1.155254287E+01-1.176647603E+01-1.198903979E+01-1.222066892E+01-1.246041511E+01
-1.270713268E+01-1.296041862E+01-1.321994286E+01-1.348535517E+01-1.375623502E+01
-1.403207807E+01-1.431229420E+01-1.459619943E+01-1.488300862E+01-1.517183967E+01
-1.546170742E+01-1.575149768E+01-1.603997287E+01-1.632579677E+01-1.660755427E+01
-1.688376062E+01-1.715285742E+01-1.741320267E+01-1.766307261E+01-1.790066781E+01
-1.812412128E+01-1.833150877E+01-1.852086253E+01-1.869018719E+01-1.883749580E+01
-1.896085302E+01-1.905843237E+01-1.912858867E+01-1.916994572E+01-1.918148583E+01
-1.916262235E+01-1.911323129E+01-1.903363170E+01-1.892452568E+01-1.878692000E+01
-1.862204714E+01-1.843129778E+01-1.821616688E+01-1.797822009E+01-1.771906265E+01
-1.744031225E+01-1.714358092E+01-1.683046195E+01-1.650252079E+01-1.616127665E+01
-1.580816936E+01-1.544454914E+01-1.507170091E+01-1.469089826E+01-1.430339143E+01
-1.391035429E+01-1.351288210E+01-1.311195535E+01-1.270840398E+01-1.230275629E+01
-1.189420201E+01-1.148068314E+01-1.106713962E+01-1.065653945E+01-1.024861204E+01
-9.843138306E+00-9.439944285E+00-9.038899137E+00-8.639914450E+00-8.242944521E+00
-7.847986908E+00-7.455083609E+00-7.064321973E+00-6.675836233E+00-6.289808531E+00
-5.906470576E+00-5.526104542E+00-5.149044222E+00-4.775675688E+00-4.406437531E+00
-4.041820470E+00-3.682366476E+00-3.328666620E+00-2.981358302E+00-2.641121030E+00
-2.308670975E+00-1.984754105E+00-1.670137867E+00-1.365601388E+00-1.071924386E+00
-7.898748392E-01-5.201958125E-01-2.635917023E-01-7.932011736E+00-8.215256009E+00
-8.388270914E+00-8.447011449E+00-8.414354104E+00-8.377964786E+00-8.359527369E+00
-8.355940031E+00-8.364597931E+00-8.383755566E+00-8.412235017E+00-8.449220800E+00
-8.494132366E+00-8.546546215E+00-8.606147387E+00-8.672698542E+00-8.746020139E+00
-8.825977195E+00-8.912470148E+00-9.005429026E+00-9.104809031E+00-9.210587745E+00
-9.322763002E+00-9.441351586E+00-9.566388285E+00-9.697925462E+00-9.836032577E+00
-9.980796349E+00-1.013232075E+01-1.029072753E+01-1.045615627E+01-1.062876512E+01
-1.080873112E+01-1.099624982E+01-1.119153462E+01-1.139481416E+01-1.160632659E+01
-1.182535084E+01-1.205340276E+01-1.229049313E+01-1.253547453E+01-1.278749807E+01
-1.304622748E+01-1.331137376E+01-1.358260434E+01-1.385950727E+01-1.414158545E+01
-1.442825324E+01-1.471882647E+01-1.501251911E+01-1.530844835E+01-1.560561497E+01
-1.590287965E+01-1.619898813E+01-1.649259641E+01-1.678228568E+01-1.706656501E+01
-1.734385870E+01-1.761249867E+01-1.787072869E+01-1.811670808E+01-1.834851655E+01
-1.856415857E+01-1.876156506E+01-1.893861697E+01-1.909317035E+01-1.922309168E+01
-1.932631425E+01-1.940092353E+01-1.944527677E+01-1.945814972E+01-1.943887353E+01
-1.938739601E+01-1.930423150E+01-1.919033718E+01-1.904697925E+01-1.887562313E+01
-1.867785728E+01-1.845533793E+01-1.820975300E+01-1.794280701E+01-1.765620289E+01
-1.735162240E+01-1.703071550E+01-1.669509371E+01-1.634632423E+01-1.598590094E+01
-1.561521632E+01-1.523557346E+01-1.484823629E+01-1.445447145E+01-1.405547900E+01
-1.365238021E+01-1.324619401E+01-1.283779725E+01-1.242784259E+01-1.201628676E+01
-1.160059168E+01-1.118289784E+01-1.076895047E+01-1.035839616E+01-9.950962549E+00
-9.546440499E+00-9.144674621E+00-8.745558892E+00-8.349034293E+00-7.955087978E+00
-7.563752926E+00-7.175108210E+00-6.789279396E+00-6.406439171E+00-6.026807578E+00
-5.650652573E+00-5.278289940E+00-4.910083295E+00-4.546443216E+00-4.187826184E+00
-3.834732626E+00-3.487704371E+00-3.147321057E+00-2.814195739E+00-2.488969373E+00
-2.172304304E+00-1.864876659E+00-1.567367752E+00-1.280454592E+00-1.004799645E+00
-7.410401070E-01-4.897768832E-01-7.610770105E+00-7.869878297E+00-8.038803050E+00
-8.115277924E+00-8.099729691E+00-8.100456055E+00-8.116151877E+00-8.141704006E+00
-8.175245233E+00-8.215866421E+00-8.263063064E+00-8.316532299E+00-8.376083434E+00
-8.441593741E+00-8.512984303E+00-8.590206816E+00-8.673235396E+00-8.762061965E+00
-8.856693497E+00-8.957150362E+00-9.063465261E+00-9.175683029E+00-9.293860600E+00
-9.418066843E+00-9.548383196E+00-9.684903980E+00-9.827736796E+00-9.977003346E+00
-1.013283999E+01-1.029539842E+01-1.046484636E+01-1.064136846E+01-1.082516662E+01
-1.101646079E+01-1.121548919E+01-1.142250874E+01-1.163779613E+01-1.186090368E+01
-1.209325109E+01-1.233458747E+01-1.258365828E+01-1.283982473E+01-1.310278869E+01
-1.337228303E+01-1.364798700E+01-1.392949743E+01-1.421632561E+01-1.450789191E+01
-1.480351530E+01-1.510241426E+01-1.540370696E+01-1.570638289E+01-1.600929230E+01
-1.631117631E+01-1.661069246E+01-1.690642699E+01-1.719688940E+01-1.748049658E+01
-1.775557064E+01-1.802034207E+01-1.827295231E+01-1.851145542E+01-1.873381095E+01
-1.893789317E+01-1.912150544E+01-1.928239161E+01-1.941825817E+01-1.952681547E+01
-1.960585169E+01-1.965336963E+01-1.966781792E+01-1.964838469E+01-1.959515015E+01
-1.950893965E+01-1.939104804E+01-1.924302670E+01-1.906655794E+01-1.886338703E+01
-1.863528634E+01-1.838402963E+01-1.811137756E+01-1.781908159E+01-1.750886449E+01
-1.718240889E+01-1.684135268E+01-1.648728622E+01-1.612173547E+01-1.574612402E+01
-1.536177075E+01-1.496993229E+01-1.457187022E+01-1.416880140E+01-1.376185981E+01
-1.335208710E+01-1.294038793E+01-1.252747692E+01-1.211354118E+01-1.169629593E+01
-1.127626698E+01-1.086036084E+01-1.044827205E+01-1.003974109E+01-9.634557133E+00
-9.232557973E+00-8.833628917E+00-8.437701965E+00-8.044755484E+00-7.654813746E+00
-7.267946920E+00-6.884271195E+00-6.503948658E+00-6.127187496E+00-5.754241794E+00
-5.385410947E+00-5.021039067E+00-4.661513804E+00-4.307264529E+00-3.958760134E+00
-3.616506040E+00-3.281040427E+00-2.952929707E+00-2.632763124E+00-2.321146553E+00
-2.018695416E+00-1.726026920E+00-1.443751572E+00-1.172464245E+00-9.127349050E-01
-6.650992463E-01-7.149298056E+00-7.351312481E+00-7.512208185E+00-7.630112483E+00
-7.714088220E+00-7.780717898E+00-7.841608804E+00-7.901690883E+00-7.963134087E+00
-8.027086785E+00-8.094246738E+00-8.165080510E+00-8.239922640E+00-8.319026782E+00
-8.402594422E+00-8.490792731E+00-8.583765792E+00-8.681642560E+00-8.784542412E+00
-8.892579569E+00-9.005866199E+00-9.124515182E+00-9.248642350E+00-9.378368227E+00
-9.513819835E+00-9.655132116E+00-9.802449311E+00-9.955926300E+00-1.011572974E+01
-1.028203937E+01-1.045504915E+01-1.063496841E+01-1.082202296E+01-1.101645610E+01
-1.121852994E+01-1.142852657E+01-1.164675039E+01-1.187283534E+01-1.210819104E+01
-1.235248461E+01-1.260443317E+01-1.286347864E+01-1.312934561E+01-1.340178071E+01
-1.368047284E+01-1.396502745E+01-1.425496411E+01-1.454971056E+01-1.484859124E+01
-1.515083094E+01-1.545555165E+01-1.576173864E+01-1.606824130E+01-1.637380369E+01
-1.667708893E+01-1.697669086E+01-1.727112321E+01-1.755880360E+01-1.783805496E+01
-1.810710767E+01-1.836410142E+01-1.860708426E+01-1.883400132E+01-1.904271019E+01
-1.923098697E+01-1.939652883E+01-1.953696562E+01-1.964987614E+01-1.973281982E+01
-1.978341882E+01-1.979961667E+01-1.978032531E+01-1.972588772E+01-1.963760392E+01
-1.951712835E+01-1.936623209E+01-1.918672766E+01-1.898043944E+01-1.874918910E+01
-1.849478671E+01-1.821901698E+01-1.792364512E+01-1.761041067E+01-1.728101009E+01
-1.693709220E+01-1.658025573E+01-1.621204074E+01-1.583388894E+01-1.544712979E+01
-1.505301646E+01-1.465279740E+01-1.424769618E+01-1.383885129E+01-1.342731369E+01
-1.301400152E+01-1.259965563E+01-1.218458053E+01-1.176687487E+01-1.134586618E+01
-1.092922875E+01-1.051666236E+01-1.010791136E+01-9.702765538E+00-9.301059981E+00
-8.902675383E+00-8.507537755E+00-8.115618491E+00-7.726934257E+00-7.341547069E+00
-6.959564250E+00-6.581138431E+00-6.206467201E+00-5.835792982E+00-5.469402207E+00
-5.107624451E+00-4.750830972E+00-4.399432822E+00-4.053878562E+00-3.714650844E+00
-3.382262949E+00-3.057254071E+00-2.740184100E+00-2.431627596E+00-2.132167049E+00
-1.842385480E+00-1.562858527E+00-1.294146089E+00-1.036783748E+00-7.912741577E-01
-6.788542946E+00-6.964427611E+00-7.120435644E+00-7.255827089E+00-7.372999350E+00
-7.476222040E+00-7.570198599E+00-7.658776993E+00-7.744699879E+00-7.829858380E+00
-7.915572135E+00-8.002788300E+00-8.092209010E+00-8.184371314E+00-8.279698834E+00
-8.378535445E+00-8.481168131E+00-8.587843218E+00-8.698777911E+00-8.814168657E+00
-8.934197912E+00-9.059038995E+00-9.188860257E+00-9.323828239E+00-9.464110625E+00
-9.609878446E+00-9.761308369E+00-9.918584387E+00-1.008189975E+01-1.025145848E+01
-1.042747718E+01-1.061018646E+01-1.079983264E+01-1.099667892E+01-1.120100686E+01
-1.141311687E+01-1.163332826E+01-1.186120480E+01-1.209822630E+01-1.234414273E+01
-1.259768539E+01-1.285827007E+01-1.312562503E+01-1.339950454E+01-1.367960590E+01
-1.396554267E+01-1.425684247E+01-1.455294058E+01-1.485316884E+01-1.515675903E+01
-1.546283968E+01-1.577040115E+01-1.607829819E+01-1.638528061E+01-1.669001779E+01
-1.699111003E+01-1.728707686E+01-1.757634133E+01-1.785723170E+01-1.812798343E+01
-1.838674120E+01-1.863155697E+01-1.886037882E+01-1.907106734E+01-1.926139974E+01
-1.942907188E+01-1.957170710E+01-1.968686417E+01-1.977204328E+01-1.982468856E+01
-1.984238984E+01-1.982394498E+01-1.976974851E+01-1.968143815E+01-1.956084013E+01
-1.940978686E+01-1.923011491E+01-1.902365995E+01-1.879224969E+01-1.853769873E+01
-1.826179547E+01-1.796630466E+01-1.765296856E+01-1.732348596E+01-1.697950719E+01
-1.662263172E+01-1.625440274E+01-1.587626824E+01-1.548956137E+01-1.509553216E+01
-1.469541948E+01-1.429044634E+01-1.388175125E+01-1.347038602E+01-1.305727207E+01
-1.264315804E+01-1.222840389E+01-1.181140190E+01-1.139079599E+01-1.097464206E+01
-1.056264626E+01-1.015455649E+01-9.750163196E+00-9.349299993E+00-8.951844154E+00
-8.557716879E+00-8.166883615E+00-7.779354409E+00-7.395183948E+00-7.014471832E+00
-6.637362538E+00-6.264045341E+00-5.894753917E+00-5.529765873E+00-5.169401879E+00
-4.814024132E+00-4.464034741E+00-4.119873204E+00-3.782013505E+00-3.450960349E+00
-3.127244770E+00-2.811418897E+00-2.504050044E+00-2.205714001E+00-1.916987720E+00
-1.638441387E+00-1.370630096E+00-1.114085249E+00-8.693058917E-01-6.499071350E+00
-6.663050988E+00-6.815785380E+00-6.956910791E+00-7.087129039E+00-7.207777532E+00
-7.320859681E+00-7.428458718E+00-7.532433657E+00-7.634334267E+00-7.735411236E+00
-7.836663335E+00-7.938890052E+00-8.042737496E+00-8.148735033E+00-8.257323543E+00
-8.368876686E+00-8.483717419E+00-8.602130203E+00-8.724370779E+00-8.850673769E+00
-8.981258549E+00-9.116334288E+00-9.256103854E+00-9.400767236E+00-9.550524346E+00
-9.705577697E+00-9.866134489E+00-1.003240886E+01-1.020462380E+01-1.038301335E+01
-1.056782434E+01-1.075931890E+01-1.095777660E+01-1.116349636E+01-1.137679776E+01
-1.159801706E+01-1.182645536E+01-1.206375332E+01-1.230991099E+01-1.256372917E+01
-1.282447523E+01-1.309186324E+01-1.336564898E+01-1.364553704E+01-1.393114889E+01
-1.422201986E+01-1.451759322E+01-1.481720952E+01-1.512010810E+01-1.542542669E+01
-1.573216972E+01-1.603920293E+01-1.634528354E+01-1.664908657E+01-1.694921683E+01
-1.724420030E+01-1.753246770E+01-1.781235473E+01-1.808210421E+01-1.833986830E+01
-1.858370819E+01-1.881158277E+01-1.902136243E+01-1.921083640E+01-1.937771566E+01
-1.951964474E+01-1.963421988E+01-1.971902383E+01-1.977171406E+01-1.979028110E+01
-1.977361338E+01-1.972195793E+01-1.963652788E+01-1.951893748E+01-1.937093919E+01
-1.919433573E+01-1.899094516E+01-1.876258428E+01-1.851105918E+01-1.823815106E+01
-1.794562023E+01-1.763520298E+01-1.730859277E+01-1.696743496E+01-1.661332456E+01
-1.624780002E+01-1.587230444E+01-1.548816723E+01-1.509663542E+01-1.469894445E+01
-1.429631344E+01-1.388987702E+01-1.348068325E+01-1.306965063E+01-1.265752646E+01
-1.224468397E+01-1.182963551E+01-1.141078002E+01-1.099630320E+01-1.058591579E+01
-1.017936752E+01-9.776448504E+00-9.376990239E+00-8.980866211E+00-8.587992698E+00
-8.198329355E+00-7.811879727E+00-7.428691646E+00-7.048857621E+00-6.672515272E+00
-6.299847335E+00-5.931081654E+00-5.566491069E+00-5.206392507E+00-4.851146354E+00
-4.501154639E+00-4.156859184E+00-3.818738698E+00-3.487305548E+00-3.163101289E+00
-2.846691649E+00-2.538660518E+00-2.239603103E+00-1.950118293E+00-1.670800259E+00
-1.402229532E+00-1.144963675E+00-8.995277816E-01-6.256288501E+00-6.413246371E+00
-6.563315799E+00-6.706299474E+00-6.842451600E+00-6.972076221E+00-7.096150122E+00
-7.215801184E+00-7.332168557E+00-7.446322404E+00-7.559222882E+00-7.671708723E+00
-7.784502666E+00-7.898224382E+00-8.013406391E+00-8.130508796E+00-8.249933037E+00
-8.372033273E+00-8.497126471E+00-8.625500048E+00-8.757418964E+00-8.893131040E+00
-9.032871844E+00-9.176868394E+00-9.325342706E+00-9.478514704E+00-9.636604671E+00
-9.799835725E+00-9.968435986E+00-1.014264051E+01-1.032269373E+01-1.050885147E+01
-1.070138412E+01-1.090058043E+01-1.110675423E+01-1.132025743E+01-1.154150786E+01
-1.176931589E+01-1.200553451E+01-1.225054759E+01-1.250331602E+01-1.276284098E+01
-1.302880873E+01-1.330096697E+01-1.357902575E+01-1.386261500E+01-1.415127734E+01
-1.444446511E+01-1.474152961E+01-1.504171842E+01-1.534418049E+01-1.564794226E+01
-1.595188720E+01-1.625478491E+01-1.655531685E+01-1.685209180E+01-1.714364309E+01
-1.742841381E+01-1.770475222E+01-1.797091445E+01-1.822506752E+01-1.846529147E+01
-1.868957508E+01-1.889581996E+01-1.908185761E+01-1.924546189E+01-1.938437074E+01
-1.949632800E+01-1.957915580E+01-1.963088434E+01-1.964996499E+01-1.963553885E+01
-1.958759551E+01-1.950686560E+01-1.939457214E+01-1.925221842E+01-1.908145522E+01
-1.888400630E+01-1.866162827E+01-1.841608294E+01-1.814912016E+01-1.786248110E+01
-1.755788036E+01-1.723699355E+01-1.690145123E+01-1.655283596E+01-1.619267125E+01
-1.582238307E+01-1.544328884E+01-1.505663197E+01-1.466364980E+01-1.426555415E+01
-1.386347194E+01-1.345844376E+01-1.305137972E+01-1.264301888E+01-1.223371495E+01
-1.182190207E+01-1.140611492E+01-1.099449120E+01-1.058674164E+01-1.018261476E+01
-9.781897968E+00-9.384418608E+00-8.990045166E+00-8.598687853E+00-8.210299548E+00
-7.824876546E+00-7.442459350E+00-7.063133219E+00-6.687029158E+00-6.314324264E+00
-5.945242325E+00-5.580054172E+00-5.219077402E+00-4.862676379E+00-4.511261051E+00
-4.165285653E+00-3.825246527E+00-3.491679129E+00-3.165154063E+00-2.846272142E+00
-2.535658309E+00-2.233954445E+00-1.941811046E+00-1.659877908E+00-1.388793889E+00
-1.129176053E+00-8.816083971E-01-6.046546352E+00-6.198564190E+00-6.346252447E+00
-6.489481422E+00-6.628289725E+00-6.762746503E+00-6.893296690E+00-7.020575008E+00
-7.145277996E+00-7.268113146E+00-7.389764467E+00-7.510871488E+00-7.632019681E+00
-7.753738493E+00-7.876503828E+00-8.000743205E+00-8.126841753E+00-8.255148509E+00
-8.385982489E+00-8.519638083E+00-8.656389786E+00-8.796496767E+00-8.940206412E+00
-9.087757757E+00-9.239384203E+00-9.395316314E+00-9.555783945E+00-9.721018370E+00
-9.891254250E+00-1.006673145E+01-1.024769656E+01-1.043440475E+01-1.062712068E+01
-1.082611933E+01-1.103168469E+01-1.124410339E+01-1.146364570E+01-1.169051189E+01
-1.192466730E+01-1.216724484E+01-1.241761239E+01-1.267456194E+01-1.293769653E+01
-1.320674164E+01-1.348140937E+01-1.376133899E+01-1.404608177E+01-1.433509977E+01
-1.462775742E+01-1.492331423E+01-1.522093110E+01-1.551965958E+01-1.581841324E+01
-1.611598283E+01-1.641106200E+01-1.670226645E+01-1.698814011E+01-1.726714629E+01
-1.753765638E+01-1.779795329E+01-1.804623548E+01-1.828062200E+01-1.849915813E+01
-1.869981801E+01-1.888052345E+01-1.903917115E+01-1.917366741E+01-1.928198067E+01
-1.936222227E+01-1.941275717E+01-1.943234063E+01-1.942024897E+01-1.937634827E+01
-1.930106290E+01-1.919526815E+01-1.906016369E+01-1.889716379E+01-1.870781771E+01
-1.849375173E+01-1.825663004E+01-1.799813494E+01-1.771995280E+01-1.742375067E+01
-1.711116529E+01-1.678379554E+01-1.644319802E+01-1.609086480E+01-1.572819005E+01
-1.535647045E+01-1.497694413E+01-1.459085213E+01-1.419939132E+01-1.380367672E+01
-1.340473479E+01-1.300346073E+01-1.260057548E+01-1.219637402E+01-1.178903950E+01
-1.137762802E+01-1.097002759E+01-1.056594515E+01-1.016512435E+01-9.767346930E+00
-9.372433837E+00-8.980246304E+00-8.590686581E+00-8.203698996E+00-7.819270864E+00
-7.437433585E+00-7.058263673E+00-6.681884092E+00-6.308465521E+00-5.938227491E+00
-5.571439532E+00-5.208422040E+00-4.849547100E+00-4.495238294E+00-4.145970618E+00
-3.802269118E+00-3.464706757E+00-3.133901194E+00-2.810510182E+00-2.495225512E+00
-2.188765366E+00-1.891865082E+00-1.605266277E+00-1.329704611E+00-1.065896317E+00
-8.145239810E-01-5.861094138E+00-6.009186080E+00-6.154615974E+00-6.297300806E+00
-6.437223870E+00-6.574274378E+00-6.708677217E+00-6.840805974E+00-6.971092856E+00
-7.100001514E+00-7.228004659E+00-7.355567873E+00-7.483138612E+00-7.611140103E+00
-7.739968584E+00-7.869993303E+00-8.001557902E+00-8.134982775E+00-8.270567985E+00
-8.408596066E+00-8.549334970E+00-8.693040991E+00-8.839961082E+00-8.990335460E+00
-9.144399614E+00-9.302386277E+00-9.464527311E+00-9.631055291E+00-9.802205076E+00
-9.978215188E+00-1.015932935E+01-1.034579736E+01-1.053787660E+01-1.073583298E+01
-1.093994250E+01-1.115049415E+01-1.136779807E+01-1.159221013E+01-1.182305237E+01
-1.206172596E+01-1.230817487E+01-1.256124410E+01-1.282020352E+01-1.308473462E+01
-1.335454467E+01-1.362928304E+01-1.390851254E+01-1.419170630E+01-1.447824376E+01
-1.476740233E+01-1.505835683E+01-1.535018284E+01-1.564183716E+01-1.593214421E+01
-1.621982232E+01-1.650350506E+01-1.678175340E+01-1.705305746E+01-1.731582785E+01
-1.756839294E+01-1.780900512E+01-1.803584878E+01-1.824705083E+01-1.844069450E+01
-1.861483606E+01-1.876753393E+01-1.889689280E+01-1.900111639E+01-1.907857557E+01
-1.912788941E+01-1.914801071E+01-1.913829770E+01-1.909855169E+01-1.902900769E+01
-1.893028463E+01-1.880331398E+01-1.864926389E+01-1.846947141E+01-1.826538754E+01
-1.803853908E+01-1.779050006E+01-1.752286170E+01-1.723721305E+01-1.693512673E+01
-1.661814884E+01-1.628778739E+01-1.594548089E+01-1.559257674E+01-1.523034361E+01
-1.486001492E+01-1.448282494E+01-1.409994484E+01-1.371246989E+01-1.332140189E+01
-1.292761077E+01-1.253178133E+01-1.213409390E+01-1.173238349E+01-1.132665929E+01
-1.092425779E+01-1.052488037E+01-1.012826220E+01-9.734176134E+00-9.342434088E+00
-8.952887721E+00-8.565429158E+00-8.179991697E+00-7.796550791E+00-7.415125549E+00
-7.035780271E+00-6.658626456E+00-6.283824775E+00-5.911587353E+00-5.542180095E+00
-5.175924814E+00-4.813201358E+00-4.454449265E+00-4.100169062E+00-3.750922681E+00
-3.407332705E+00-3.070080558E+00-2.739902794E+00-2.417585454E+00-2.103956158E+00
-1.799873727E+00-1.506215318E+00-1.223861089E+00-9.536768620E-01-6.964951581E-01
-5.694204433E+00-5.838917695E+00-5.982127443E+00-6.123825758E+00-6.263996329E+00
-6.402331014E+00-6.538990720E+00-6.674199510E+00-6.808224551E+00-6.941364843E+00
-7.073938377E+00-7.206272009E+00-7.338693384E+00-7.471524983E+00-7.605080661E+00
-7.739663397E+00-7.875564668E+00-8.013064248E+00-8.152431153E+00-8.293924592E+00
-8.437795144E+00-8.584286217E+00-8.733635427E+00-8.886076018E+00-9.041838083E+00
-9.201149977E+00-9.364239390E+00-9.531334561E+00-9.702665464E+00-9.878464672E+00
-1.005896834E+01-1.024441713E+01-1.043505704E+01-1.063113983E+01-1.083292326E+01
-1.104067023E+01-1.125464492E+01-1.147509996E+01-1.170223749E+01-1.193589438E+01
-1.217700186E+01-1.242487962E+01-1.267838744E+01-1.293710944E+01-1.320072258E+01
-1.346887987E+01-1.374115804E+01-1.401704427E+01-1.429593489E+01-1.457712966E+01
-1.485982593E+01-1.514312244E+01-1.542601784E+01-1.570739041E+01-1.598600173E+01
-1.626051915E+01-1.652953428E+01-1.679157295E+01-1.704509618E+01-1.728849736E+01
-1.752010474E+01-1.773819207E+01-1.794099251E+01-1.812671599E+01-1.829357146E+01
-1.843979698E+01-1.856369540E+01-1.866368223E+01-1.873834131E+01-1.878648204E+01
-1.880719452E+01-1.879989393E+01-1.876434405E+01-1.870065651E+01-1.860926548E+01
-1.849088623E+01-1.834646484E+01-1.817712899E+01-1.798414601E+01-1.776888170E+01
-1.753276670E+01-1.727726945E+01-1.700387463E+01-1.671406621E+01-1.640931492E+01
-1.609105116E+01-1.576063751E+01-1.541936287E+01-1.506846316E+01-1.470916590E+01
-1.434267576E+01-1.397012654E+01-1.359258137E+01-1.321100243E+01-1.282621943E+01
-1.243884609E+01-1.204886109E+01-1.165380927E+01-1.125505724E+01-1.085903884E+01
-1.046542289E+01-1.007392417E+01-9.684302078E+00-9.296357999E+00-8.909932956E+00
-8.524907059E+00-8.141199657E+00-7.758770523E+00-7.377621548E+00-6.997798948E+00
-6.619396257E+00-6.242557282E+00-5.867479530E+00-5.494418231E+00-5.123690153E+00
-4.755677707E+00-4.390832839E+00-4.029680861E+00-3.672823322E+00-3.320940074E+00
-2.974789719E+00-2.635208058E+00-2.303103845E+00-1.979451297E+00-1.665278840E+00
-1.361653751E+00-1.069662693E+00-7.903884868E-01-5.248838471E-01-5.541950752E+00
-5.683558251E+00-5.824577284E+00-5.964980508E+00-6.104703976E+00-6.243521105E+00
-6.381447732E+00-6.518604263E+00-6.655144156E+00-6.791247151E+00-6.927113790E+00
-7.062959981E+00-7.199012466E+00-7.335504608E+00-7.472673391E+00-7.610756867E+00
-7.749992455E+00-7.890615762E+00-8.032859953E+00-8.176955356E+00-8.323129502E+00
-8.471607359E+00-8.622611809E+00-8.776363764E+00-8.933083190E+00-9.092989264E+00
-9.256301283E+00-9.423239212E+00-9.594024239E+00-9.768879441E+00-9.948030420E+00
-1.013170597E+01-1.032013853E+01-1.051356519E+01-1.071222855E+01-1.091637921E+01
-1.112627990E+01-1.134221714E+01-1.156453024E+01-1.179217418E+01-1.202653446E+01
-1.226767735E+01-1.251456812E+01-1.276632261E+01-1.302255722E+01-1.328291582E+01
-1.354699017E+01-1.381428693E+01-1.408422235E+01-1.435612126E+01-1.462921228E+01
-1.490262420E+01-1.517539253E+01-1.544645504E+01-1.571463829E+01-1.597866654E+01
-1.623718138E+01-1.648875857E+01-1.673191772E+01-1.696512774E+01-1.718680998E+01
-1.739534446E+01-1.758908568E+01-1.776638119E+01-1.792559494E+01-1.806513501E+01
-1.818348661E+01-1.827925032E+01-1.835118309E+01-1.839824018E+01-1.841961319E+01
-1.841476000E+01-1.838342158E+01-1.832562379E+01-1.824166440E+01-1.813208902E+01
-1.799765876E+01-1.783931431E+01-1.765814030E+01-1.745533202E+01-1.723216475E+01
-1.698996820E+01-1.673010421E+01-1.645394979E+01-1.616287066E+01-1.585819408E+01
-1.554119405E+01-1.521309633E+01-1.487510412E+01-1.452841847E+01-1.417419082E+01
-1.381350778E+01-1.344738212E+01-1.307671952E+01-1.270229036E+01-1.232458949E+01
-1.194301283E+01-1.155541854E+01-1.116505429E+01-1.077670392E+01-1.038996428E+01
-1.000453442E+01-9.620171926E+00-9.236675782E+00-8.853880196E+00-8.471653141E+00
-8.089897142E+00-7.708550817E+00-7.327591668E+00-6.947039198E+00-6.566958612E+00
-6.187465468E+00-5.808730366E+00-5.430984696E+00-5.054526672E+00-4.679728143E+00
-4.307041530E+00-3.937006922E+00-3.570259242E+00-3.207534419E+00-2.849674344E+00
-2.497629519E+00-2.152458393E+00-1.815322143E+00-1.487473747E+00-1.170240352E+00
-8.649984024E-01-5.731417668E-01-2.960439428E-01-5.400877860E+00-5.539501145E+00
-5.678288015E+00-5.817230512E+00-5.956257481E+00-6.095096909E+00-6.233705183E+00
-6.372122094E+00-6.510408358E+00-6.648645609E+00-6.786936206E+00-6.925402209E+00
-7.064183366E+00-7.203435029E+00-7.343325353E+00-7.484033014E+00-7.625744922E+00
-7.768654132E+00-7.912958312E+00-8.058858436E+00-8.206557725E+00-8.356260858E+00
-8.508173658E+00-8.662502694E+00-8.819455087E+00-8.979238551E+00-9.142061507E+00
-9.308133008E+00-9.477663287E+00-9.650863565E+00-9.827946636E+00-1.000912687E+01
-1.019462053E+01-1.038464593E+01-1.057942335E+01-1.077917457E+01-1.098412167E+01
-1.119448263E+01-1.141046010E+01-1.163221015E+01-1.185918020E+01-1.209232997E+01
-1.233132120E+01-1.257505392E+01-1.282288362E+01-1.307441085E+01-1.332923150E+01
-1.358687443E+01-1.384678101E+01-1.410830382E+01-1.437070610E+01-1.463315823E+01
-1.489473667E+01-1.515443077E+01-1.541114097E+01-1.566367146E+01-1.591073743E+01
-1.615098443E+01-1.638300456E+01-1.660534744E+01-1.681653125E+01-1.701505010E+01
-1.719938641E+01-1.736802701E+01-1.751948546E+01-1.765232718E+01-1.776519764E+01
-1.785685280E+01-1.792619082E+01-1.797228263E+01-1.799439946E+01-1.799203397E+01
-1.796491328E+01-1.791300201E+01-1.783649577E+01-1.773580622E+01-1.761153938E+01
-1.746447012E+01-1.729551495E+01-1.710570467E+01-1.689615881E+01-1.666806261E+01
-1.642264506E+01-1.616115325E+01-1.588482579E+01-1.559487604E+01-1.529248635E+01
-1.497881997E+01-1.465504371E+01-1.432229628E+01-1.398166121E+01-1.363416421E+01
-1.328074626E+01-1.292223443E+01-1.255928915E+01-1.219214703E+01-1.181913116E+01
-1.143906031E+01-1.105937470E+01-1.068021503E+01-1.030150337E+01-9.923080429E+00
-9.544763471E+00-9.166371733E+00-8.787738792E+00-8.408719109E+00-8.029192713E+00
-7.649068946E+00-7.268290481E+00-6.886837463E+00-6.504732545E+00-6.122046253E+00
-5.738903559E+00-5.355491454E+00-4.972067253E+00-4.588968451E+00-4.206623395E+00
-3.825563447E+00-3.446435325E+00-3.070014285E+00-2.697216499E+00-2.329109813E+00
-1.966920946E+00-1.612036982E+00-1.265998505E+00-9.304817248E-01-6.072676191E-01
-2.981974412E-01-5.116038588E-03-5.268249403E+00-5.403910536E+00-5.540377541E+00
-5.677793948E+00-5.816050426E+00-5.954718035E+00-6.093750559E+00-6.233104069E+00
-6.372744129E+00-6.512655532E+00-6.652847457E+00-6.793355640E+00-6.934242094E+00
-7.075593420E+00-7.217518281E+00-7.360144132E+00-7.503614348E+00-7.648085147E+00
-7.793723187E+00-7.940703244E+00-8.089206435E+00-8.239418685E+00-8.391529584E+00
-8.545731360E+00-8.702218291E+00-8.861185954E+00-9.022831150E+00-9.187351345E+00
-9.354944562E+00-9.525809333E+00-9.700144544E+00-9.878149360E+00-1.006002318E+01
-1.024596544E+01-1.043617535E+01-1.063085108E+01-1.083018813E+01-1.103437585E+01
-1.124359005E+01-1.145797792E+01-1.167762949E+01-1.190183955E+01-1.213150021E+01
-1.236612478E+01-1.260464148E+01-1.284648466E+01-1.309121390E+01-1.333836680E+01
-1.358741192E+01-1.383773369E+01-1.408863238E+01-1.433932376E+01-1.458893812E+01
-1.483651975E+01-1.508103321E+01-1.532136728E+01-1.555633356E+01-1.578466844E+01
-1.600505401E+01-1.621613203E+01-1.641651974E+01-1.660482142E+01-1.677964282E+01
-1.693960496E+01-1.708336204E+01-1.720962205E+01-1.731717054E+01-1.740489519E+01
-1.747181079E+01-1.751708211E+01-1.754004468E+01-1.754022052E+01-1.751732847E+01
-1.747128753E+01-1.740221380E+01-1.731041101E+01-1.719635598E+01-1.706068027E+01
-1.690414960E+01-1.672764270E+01-1.653213029E+01-1.631865085E+01-1.608828774E+01
-1.584214497E+01-1.558132984E+01-1.530694374E+01-1.502008301E+01-1.472185423E+01
-1.441335162E+01-1.409562972E+01-1.376969907E+01-1.343650896E+01-1.309691895E+01
-1.275167193E+01-1.240128449E+01-1.204561262E+01-1.168249155E+01-1.131294797E+01
-1.094350608E+01-1.057387673E+01-1.020381820E+01-9.833106319E+00-9.461527375E+00
-9.088878271E+00-8.714968549E+00-8.339623710E+00-7.962688285E+00-7.584029262E+00
-7.203540304E+00-6.821146077E+00-6.436807736E+00-6.050529180E+00-5.662364662E+00
-5.272427730E+00-4.880901907E+00-4.488053412E+00-4.094246177E+00-3.699958969E+00
-3.305805667E+00-2.912557447E+00-2.521167094E+00-2.132793871E+00-1.748826678E+00
-1.370901883E+00-1.000910493E+00-6.409880535E-01-2.934807791E-01 3.911653369E-02
 3.542499705E-01-5.141837238E+00-5.274307270E+00-5.408436758E+00-5.544261004E+00
-5.681663307E+00-5.820249635E+00-5.959796319E+00-6.100132681E+00-6.241101047E+00
-6.382573092E+00-6.524459184E+00-6.666711413E+00-6.809322135E+00-6.952320427E+00
-7.095767319E+00-7.239750789E+00-7.384381391E+00-7.529787842E+00-7.676113674E+00
-7.823513963E+00-7.972152924E+00-8.122201746E+00-8.273836860E+00-8.427238556E+00
-8.582589804E+00-8.740075348E+00-8.899881033E+00-9.062193021E+00-9.227197590E+00
-9.395080510E+00-9.566026758E+00-9.740220448E+00-9.917844430E+00-1.009908034E+01
-1.028410869E+01-1.047310960E+01-1.066626412E+01-1.086375867E+01-1.106579437E+01
-1.127260983E+01-1.148453457E+01-1.169924449E+01-1.191838383E+01-1.214244547E+01
-1.237076017E+01-1.260222674E+01-1.283624121E+01-1.307230441E+01-1.330989853E+01
-1.354844360E+01-1.378728259E+01-1.402567971E+01-1.426282245E+01-1.449782139E+01
-1.472971102E+01-1.495745590E+01-1.517995855E+01-1.539606280E+01-1.560455805E+01
-1.580419150E+01-1.599368666E+01-1.617175814E+01-1.633712743E+01-1.648853718E+01
-1.662476779E+01-1.674465450E+01-1.684710548E+01-1.693112180E+01-1.699581618E+01
-1.704043167E+01-1.706435696E+01-1.706713933E+01-1.704849255E+01-1.700830058E+01
-1.694661609E+01-1.686365477E+01-1.675978526E+01-1.663551621E+01-1.649148003E+01
-1.632841536E+01-1.614714718E+01-1.594856589E+01-1.573360846E+01-1.550324043E+01
-1.525844684E+01-1.500022746E+01-1.472960236E+01-1.444759053E+01-1.415518763E+01
-1.385336048E+01-1.354303370E+01-1.322506563E+01-1.290022886E+01-1.256916386E+01
-1.223218468E+01-1.188814761E+01-1.153573914E+01-1.117831252E+01-1.082018979E+01
-1.046099213E+01-1.010042015E+01-9.738211008E+00-9.374120084E+00-9.007913934E+00
-8.639368180E+00-8.268268410E+00-7.894411641E+00-7.517609385E+00-7.137690848E+00
-6.754507219E+00-6.367936872E+00-5.977891593E+00-5.584324378E+00-5.187239128E+00
-4.786702427E+00-4.382858437E+00-3.975946863E+00-3.566325631E+00-3.154498327E+00
-2.741147655E+00-2.327175473E+00-1.913749360E+00-1.502354423E+00-1.094846274E+00
-6.934967946E-01-3.010182265E-01 7.945462827E-02 4.444443675E-01 7.902818449E-01
-5.018537256E+00-5.147451036E+00-5.279085568E+00-5.413515318E+00-5.550538915E+00
-5.689591730E+00-5.830228433E+00-5.972062400E+00-6.114752866E+00-6.258029789E+00
-6.401699838E+00-6.545640915E+00-6.689792461E+00-6.834145102E+00-6.978731380E+00
-7.123617368E+00-7.268896126E+00-7.414682071E+00-7.561106638E+00-7.708314343E+00
-7.856459947E+00-8.005705852E+00-8.156220255E+00-8.308175251E+00-8.461745576E+00
-8.617107462E+00-8.774437655E+00-8.933912623E+00-9.095707811E+00-9.259997166E+00
-9.426952470E+00-9.596743061E+00-9.769535241E+00-9.945492125E+00-1.012477328E+01
-1.030753468E+01-1.049392881E+01-1.068410507E+01-1.087821022E+01-1.107638721E+01
-1.127876789E+01-1.148544426E+01-1.169432731E+01-1.190715939E+01-1.212416088E+01
-1.234463104E+01-1.256749782E+01-1.279209702E+01-1.301788762E+01-1.324431755E+01
-1.347077875E+01-1.369659169E+01-1.392100426E+01-1.414319502E+01-1.436227562E+01
-1.457729379E+01-1.478723881E+01-1.499104968E+01-1.518762434E+01-1.537582685E+01
-1.555449649E+01-1.572246112E+01-1.587855587E+01-1.602163687E+01-1.615059761E+01
-1.626438414E+01-1.636201048E+01-1.644257433E+01-1.650527200E+01-1.654941272E+01
-1.657443076E+01-1.657989539E+01-1.656551782E+01-1.653115441E+01-1.647680658E+01
-1.640261694E+01-1.630886215E+01-1.619594245E+01-1.606436883E+01-1.591474887E+01
-1.574777047E+01-1.556418531E+01-1.536479669E+01-1.515044613E+01-1.492201279E+01
-1.468040278E+01-1.442653244E+01-1.416131177E+01-1.388563680E+01-1.360037678E+01
-1.330635288E+01-1.300431754E+01-1.269492279E+01-1.237860369E+01-1.205515318E+01
-1.172266024E+01-1.138154269E+01-1.103823595E+01-1.069280501E+01-1.034512276E+01
-9.994985309E+00-9.642156967E+00-9.286387789E+00-8.927421128E+00-8.564997146E+00
-8.198855216E+00-7.828736015E+00-7.454383760E+00-7.075549175E+00-6.691992514E+00
-6.303487941E+00-5.909828847E+00-5.510834429E+00-5.106358672E+00-4.696301228E+00
-4.280622264E+00-3.859360977E+00-3.432660341E+00-3.000799044E+00-2.564233406E+00
-2.123652258E+00-1.680048489E+00-1.234811224E+00-7.898410268E-01-3.476846946E-01
 8.832941440E-02 5.140042761E-01 9.243205061E-01 1.313701054E+00-4.894813811E+00
-5.019239429E+00-5.148153248E+00-5.281768379E+00-5.419645876E+00-5.560598718E+00
-5.703728328E+00-5.848245342E+00-5.993550617E+00-6.139230735E+00-6.285020738E+00
-6.430766535E+00-6.576395750E+00-6.721896720E+00-6.867303526E+00-7.012685117E+00
-7.158137153E+00-7.303776178E+00-7.449734613E+00-7.596157288E+00-7.743198098E+00
-7.891017949E+00-8.039782318E+00-8.189659990E+00-8.340821170E+00-8.493436773E+00
-8.647677042E+00-8.803710725E+00-8.961704400E+00-9.121821615E+00-9.284222329E+00
-9.449062210E+00-9.616491881E+00-9.786656488E+00-9.959694599E+00-1.013573737E+01
-1.031490707E+01-1.049731467E+01-1.068305587E+01-1.087220346E+01-1.106479280E+01
-1.126079530E+01-1.146007152E+01-1.166288264E+01-1.186835604E+01-1.207692283E+01
-1.228810372E+01-1.250099265E+01-1.271480537E+01-1.292898698E+01-1.314296537E+01
-1.335611764E+01-1.356775773E+01-1.377713430E+01-1.398343516E+01-1.418579228E+01
-1.438328655E+01-1.457495332E+01-1.475979024E+01-1.493676693E+01-1.510483605E+01
-1.526294241E+01-1.541003590E+01-1.554508272E+01-1.566708166E+01-1.577507878E+01
-1.586818107E+01-1.594556938E+01-1.600651115E+01-1.605037178E+01-1.607662427E+01
-1.608485721E+01-1.607478023E+01-1.604622718E+01-1.599915610E+01-1.593364662E+01
-1.584989452E+01-1.574820375E+01-1.562897670E+01-1.549270362E+01-1.533995047E+01
-1.517134730E+01-1.498758255E+01-1.478939241E+01-1.457754835E+01-1.435284273E+01
-1.411607815E+01-1.386805852E+01-1.360957473E+01-1.334138714E+01-1.306420798E+01
-1.277867895E+01-1.248530116E+01-1.218424237E+01-1.187424082E+01-1.155440330E+01
-1.122748724E+01-1.089807031E+01-1.056578121E+01-1.023033282E+01-9.891456605E+00
-9.548880926E+00-9.202324428E+00-8.851494534E+00-8.496087592E+00-8.135789552E+00
-7.770276711E+00-7.399217049E+00-7.022271184E+00-6.639094410E+00-6.249338754E+00
-5.852656282E+00-5.448703078E+00-5.037145154E+00-4.617666410E+00-4.189979233E+00
-3.753839630E+00-3.309067434E+00-2.855574877E+00-2.393406258E+00-1.922794299E+00
-1.444241359E+00-9.586386345E-01-4.674445022E-01 2.704628383E-02 5.213048297E-01
 1.010043736E+00 1.485772461E+00 1.939060385E+00-4.765491501E+00-4.882871986E+00
-5.008642890E+00-5.143226533E+00-5.285122829E+00-5.431492946E+00-5.579985933E+00
-5.729218915E+00-5.878463678E+00-6.027340689E+00-6.175658625E+00-6.323336836E+00
-6.470365511E+00-6.616783616E+00-6.762665143E+00-6.908110245E+00-7.053238932E+00
-7.198186462E+00-7.343099714E+00-7.488134158E+00-7.633451646E+00-7.779218364E+00
-7.925603059E+00-8.072775777E+00-8.220906330E+00-8.370163504E+00-8.520713957E+00
-8.672721236E+00-8.826345223E+00-8.981741110E+00-9.139058971E+00-9.298442651E+00
-9.460029378E+00-9.623948578E+00-9.790321207E+00-9.959258173E+00-1.013085928E+01
-1.030521100E+01-1.048238425E+01-1.066243164E+01-1.084538512E+01-1.103125713E+01
-1.122005245E+01-1.141181003E+01-1.160655148E+01-1.180301897E+01-1.200161279E+01
-1.220213572E+01-1.240382243E+01-1.260574210E+01-1.280730690E+01-1.300791189E+01
-1.320692587E+01-1.340366742E+01-1.359740171E+01-1.378734330E+01-1.397266144E+01
-1.415248634E+01-1.432591589E+01-1.449202281E+01-1.464986381E+01-1.479848981E+01
-1.493695715E+01-1.506433854E+01-1.517973444E+01-1.528228522E+01-1.537118298E+01
-1.544568317E+01-1.550511548E+01-1.554889384E+01-1.557652448E+01-1.558761232E+01
-1.558186563E+01-1.555909856E+01-1.551923171E+01-1.546229006E+01-1.538839930E+01
-1.529777979E+01-1.519074042E+01-1.506767159E+01-1.492903665E+01-1.477536251E+01
-1.460723078E+01-1.442526595E+01-1.423012531E+01-1.402248940E+01-1.380305205E+01
-1.357250656E+01-1.333153032E+01-1.308076980E+01-1.282082107E+01-1.255217822E+01
-1.227508866E+01-1.198884295E+01-1.169199610E+01-1.138541736E+01-1.107498562E+01
-1.076076020E+01-1.044260916E+01-1.012031920E+01-9.793634405E+00-9.462270524E+00
-9.125919922E+00-8.784253537E+00-8.436921584E+00-8.083553474E+00-7.723757498E+00
-7.357120597E+00-6.983207644E+00-6.601561096E+00-6.211700363E+00-5.813121803E+00
-5.405299044E+00-4.987683529E+00-4.559706846E+00-4.120784035E+00-3.670319053E+00
-3.207714016E+00-2.732382546E+00-2.243770529E+00-1.741387514E+00-1.224855356E+00
-6.939859793E-01-1.489125989E-01 4.096705161E-01 9.800169121E-01 1.558156108E+00
 2.134728038E+00 2.689614565E+00-4.619772377E+00-4.721757183E+00-4.843220334E+00
-4.984733236E+00-5.143785372E+00-5.304098676E+00-5.462086284E+00-5.618108698E+00
-5.772328007E+00-5.924859374E+00-6.075812015E+00-6.225300698E+00-6.373449533E+00
-6.520393066E+00-6.666275500E+00-6.811249939E+00-6.955476974E+00-7.099123344E+00
-7.242360278E+00-7.385362392E+00-7.528306195E+00-7.671368984E+00-7.814727582E+00
-7.958557395E+00-8.103031346E+00-8.248319284E+00-8.394586885E+00-8.541994935E+00
-8.690698904E+00-8.840847840E+00-8.992584052E+00-9.146042010E+00-9.301347989E+00
-9.458618925E+00-9.617961630E+00-9.779471764E+00-9.943232698E+00-1.010931428E+01
-1.027777180E+01-1.044864485E+01-1.062195769E+01-1.079772092E+01-1.097593605E+01
-1.115660268E+01-1.133972108E+01-1.152530997E+01-1.171148347E+01-1.189907392E+01
-1.208795855E+01-1.227749572E+01-1.246682635E+01-1.265514226E+01-1.284184390E+01
-1.302629435E+01-1.320783075E+01-1.338574940E+01-1.355930731E+01-1.372772610E+01
-1.389019848E+01-1.404589557E+01-1.419397459E+01-1.433358739E+01-1.446388956E+01
-1.458405029E+01-1.469326253E+01-1.479075318E+01-1.487579329E+01-1.494770754E+01
-1.500588325E+01-1.504977867E+01-1.507893004E+01-1.509295715E+01-1.509156773E+01
-1.507455972E+01-1.504182220E+01-1.499333444E+01-1.492916367E+01-1.484946105E+01
-1.475445724E+01-1.464445595E+01-1.451982660E+01-1.438099647E+01-1.422844284E+01
-1.406268417E+01-1.388427142E+01-1.369377685E+01-1.349178264E+01-1.327886755E+01
-1.305559401E+01-1.282249018E+01-1.258000845E+01-1.232842181E+01-1.206742352E+01
-1.179572554E+01-1.151330160E+01-1.122316676E+01-1.092896698E+01-1.063035768E+01
-1.032705471E+01-1.001877909E+01-9.705237130E+00-9.386113207E+00-9.061066321E+00
-8.729728521E+00-8.391703374E+00-8.046564460E+00-7.693853332E+00-7.333077497E+00
-6.963707708E+00-6.585174803E+00-6.196866123E+00-5.798121692E+00-5.388229213E+00
-4.966419375E+00-4.531859831E+00-4.083649205E+00-3.620810046E+00-3.142281460E+00
-2.646910423E+00-2.133441791E+00-1.600505306E+00-1.046597018E+00-4.700486607E-01
 1.310292607E-01 7.588672934E-01 1.416325726E+00 2.107741249E+00 2.842061535E+00
 3.576810635E+00-4.488548779E+00-4.576842001E+00-4.694177334E+00-4.841090254E+00
-5.020041164E+00-5.192485528E+00-5.359007953E+00-5.521167859E+00-5.679792119E+00
-5.835417232E+00-5.988426512E+00-6.139121402E+00-6.287758905E+00-6.434571279E+00
-6.579777149E+00-6.723587380E+00-6.866208110E+00-7.007842440E+00-7.148690953E+00
-7.288951709E+00-7.428819970E+00-7.568487767E+00-7.708143272E+00-7.847970242E+00
-7.988147432E+00-8.128848001E+00-8.270238923E+00-8.412480396E+00-8.555725327E+00
-8.700118785E+00-8.845797209E+00-8.992888056E+00-9.141508972E+00-9.291767162E+00
-9.443758484E+00-9.597566741E+00-9.753262654E+00-9.910903036E+00-1.007052977E+01
-1.023216894E+01-1.039582999E+01-1.056150506E+01-1.072916719E+01-1.089876657E+01
-1.107022091E+01-1.124339456E+01-1.141805048E+01-1.159429265E+01-1.177062481E+01
-1.194740723E+01-1.212426899E+01-1.230051538E+01-1.247531617E+01-1.264793716E+01
-1.281777559E+01-1.298418895E+01-1.314651729E+01-1.330407119E+01-1.345613509E+01
-1.360197336E+01-1.374083709E+01-1.387197212E+01-1.399462682E+01-1.410806061E+01
-1.421155216E+01-1.430440813E+01-1.438597153E+01-1.445563022E+01-1.451282430E+01
-1.455705347E+01-1.458788273E+01-1.460494763E+01-1.460795785E+01-1.459669980E+01
-1.457103767E+01-1.453091323E+01-1.447634440E+01-1.440742220E+01-1.432430722E+01
-1.422722450E+01-1.411645804E+01-1.399234455E+01-1.385526579E+01-1.370564071E+01
-1.354391616E+01-1.337055663E+01-1.318603369E+01-1.299081338E+01-1.278533718E+01
-1.256998450E+01-1.234498804E+01-1.211016407E+01-1.186442762E+01-1.160733214E+01
-1.134051651E+01-1.106876491E+01-1.079196363E+01-1.050991694E+01-1.022238422E+01
-9.929091332E+00-9.629732974E+00-9.323972755E+00-9.011442095E+00-8.691738886E+00
-8.364425126E+00-8.029024478E+00-7.685019120E+00-7.331845957E+00-6.968891739E+00
-6.595487706E+00-6.210902844E+00-5.814336048E+00-5.404906627E+00-4.981643313E+00
-4.543471057E+00-4.089194882E+00-3.617481234E+00-3.126834246E+00-2.615566947E+00
-2.081764007E+00-1.523232330E+00-9.374322833E-01-3.213764357E-01 3.285279035E-01
 1.016735852E+00 1.748993636E+00 2.533015165E+00 3.378775901E+00 4.217559003E+00
-4.412278702E+00-4.495073960E+00-4.609619789E+00-4.756967598E+00-4.932629224E+00
-5.108706984E+00-5.279085962E+00-5.444466598E+00-5.605493186E+00-5.762697852E+00
-5.916520371E+00-6.067333775E+00-6.215464722E+00-6.361208470E+00-6.504838490E+00
-6.646612963E+00-6.786778373E+00-6.925572177E+00-7.063223798E+00-7.199955487E+00
-7.335982520E+00-7.471513202E+00-7.606748666E+00-7.741882677E+00-7.877101277E+00
-8.012582553E+00-8.148496314E+00-8.285003545E+00-8.422256170E+00-8.560396656E+00
-8.699557543E+00-8.839860889E+00-8.981417879E+00-9.124328035E+00-9.268678864E+00
-9.414544907E+00-9.561987077E+00-9.711051786E+00-9.861770158E+00-1.001415689E+01
-1.016820923E+01-1.032390553E+01-1.048120354E+01-1.064003740E+01-1.080031450E+01
-1.096191241E+01-1.112468056E+01-1.128846155E+01-1.145301815E+01-1.161837515E+01
-1.178294455E+01-1.194691300E+01-1.210981547E+01-1.227098720E+01-1.242968593E+01
-1.258518358E+01-1.273690250E+01-1.288422269E+01-1.302650785E+01-1.316311055E+01
-1.329337060E+01-1.341662169E+01-1.353219879E+01-1.363944513E+01-1.373771876E+01
-1.382639999E+01-1.390489856E+01-1.397266085E+01-1.402917636E+01-1.407398371E+01
-1.410667592E+01-1.412690479E+01-1.413438422E+01-1.412889287E+01-1.411027544E+01
-1.407844268E+01-1.403337064E+01-1.397509828E+01-1.390372494E+01-1.381940596E+01
-1.372234818E+01-1.361280436E+01-1.349106640E+01-1.335745824E+01-1.321232747E+01
-1.305603607E+01-1.288894835E+01-1.271141093E+01-1.252371761E+01-1.232603308E+01
-1.211812610E+01-1.189907557E+01-1.166825437E+01-1.142653372E+01-1.117913864E+01
-1.092609844E+01-1.066731230E+01-1.040259886E+01-1.013172173E+01-9.854401361E+00
-9.570320327E+00-9.279124503E+00-8.980422734E+00-8.673785173E+00-8.358740685E+00
-8.034773534E+00-7.701319326E+00-7.357759691E+00-7.003416174E+00-6.637542711E+00
-6.259316371E+00-5.867826558E+00-5.462061738E+00-5.040893438E+00-4.603057021E+00
-4.147128443E+00-3.671495998E+00-3.174325965E+00-2.653520529E+00-2.106666171E+00
-1.530969790E+00-9.231791303E-01-2.794834867E-01 4.046093434E-01 1.134419750E+00
 1.916251853E+00 2.757506638E+00 3.666538201E+00 4.558224214E+00-4.365951128E+00
-4.445437363E+00-4.557576924E+00-4.703646307E+00-4.877754461E+00-5.054180431E+00
-5.225271748E+00-5.391238762E+00-5.552504306E+00-5.709483688E+00-5.862569796E+00
-6.012130068E+00-6.158508301E+00-6.302028082E+00-6.442995581E+00-6.581702273E+00
-6.718426476E+00-6.853434843E+00-6.986982956E+00-7.119315721E+00-7.250667879E+00
-7.381263848E+00-7.511317999E+00-7.641034499E+00-7.770607231E+00-7.900219834E+00
-8.030045470E+00-8.160246737E+00-8.290975521E+00-8.422372673E+00-8.554567778E+00
-8.687678914E+00-8.821812185E+00-8.957061359E+00-9.093507364E+00-9.231217650E+00
-9.370245604E+00-9.510629995E+00-9.652393909E+00-9.795544125E+00-9.940069886E+00
-1.008594204E+01-1.023311141E+01-1.038150763E+01-1.053103768E+01-1.068158510E+01
-1.083301026E+01-1.098515157E+01-1.113782229E+01-1.129082204E+01-1.144387225E+01
-1.159697148E+01-1.174832198E+01-1.189804099E+01-1.204567543E+01-1.219066917E+01
-1.233240200E+01-1.247016910E+01-1.260336018E+01-1.273141281E+01-1.285373931E+01
-1.296975004E+01-1.307886241E+01-1.318049967E+01-1.327409449E+01-1.335909516E+01
-1.343497290E+01-1.350122852E+01-1.355739782E+01-1.360305668E+01-1.363782543E+01
-1.366137253E+01-1.367341817E+01-1.367373667E+01-1.366215787E+01-1.363856735E+01
-1.360290594E+01-1.355516791E+01-1.349539842E+01-1.342369022E+01-1.334017952E+01
-1.324504139E+01-1.313848442E+01-1.302074418E+01-1.289207361E+01-1.275273157E+01
-1.260296571E+01-1.244297158E+01-1.227286509E+01-1.209225910E+01-1.190049615E+01
-1.169712608E+01-1.148288548E+01-1.126027984E+01-1.103210839E+01-1.079804329E+01
-1.055781942E+01-1.031117789E+01-1.005784259E+01-9.797510146E+00-9.529844956E+00
-9.254476232E+00-8.970995170E+00-8.678952420E+00-8.377854587E+00-8.067160324E+00
-7.746275611E+00-7.414547759E+00-7.071258363E+00-6.715614554E+00-6.346738634E+00
-5.963655000E+00-5.565275130E+00-5.150378319E+00-4.717589218E+00-4.265350180E+00
-3.791887675E+00-3.295172183E+00-2.772869690E+00-2.222284431E+00-1.640292204E+00
-1.023265217E+00-3.669919021E-01 3.334002807E-01 1.083504168E+00 1.889649999E+00
 2.758848902E+00 3.700140591E+00 4.619000310E+00-4.343145755E+00-4.419205637E+00
-4.529085338E+00-4.673587538E+00-4.852709715E+00-5.028341949E+00-5.198243803E+00
-5.362883221E+00-5.522563380E+00-5.677615391E+00-5.828384865E+00-5.975220996E+00
-6.118469749E+00-6.258469721E+00-6.395549502E+00-6.530026373E+00-6.662205245E+00
-6.792378302E+00-6.920824650E+00-7.047810153E+00-7.173587676E+00-7.298396845E+00
-7.422464520E+00-7.546004562E+00-7.669218377E+00-7.792294768E+00-7.915410125E+00
-8.038728625E+00-8.162402151E+00-8.286570255E+00-8.411360118E+00-8.536886510E+00
-8.663251476E+00-8.790544017E+00-8.918839938E+00-9.048201293E+00-9.178675873E+00
-9.310296852E+00-9.443082000E+00-9.577032930E+00-9.712134476E+00-9.848353817E+00
-9.985639419E+00-1.012392040E+01-1.026310544E+01-1.040308244E+01-1.054371785E+01
-1.068485661E+01-1.082632153E+01-1.096791339E+01-1.110940880E+01-1.125057309E+01
-1.139109609E+01-1.153100316E+01-1.166813404E+01-1.180277773E+01-1.193473029E+01
-1.206334696E+01-1.218804250E+01-1.230824535E+01-1.242334596E+01-1.253278963E+01
-1.263608178E+01-1.273272413E+01-1.282221690E+01-1.290406709E+01-1.297780124E+01
-1.304297117E+01-1.309915750E+01-1.314597248E+01-1.318306287E+01-1.321011378E+01
-1.322685254E+01-1.323305154E+01-1.322852992E+01-1.321315375E+01-1.318683511E+01
-1.314953023E+01-1.310123718E+01-1.304199250E+01-1.297186748E+01-1.289096464E+01
-1.279941322E+01-1.269736231E+01-1.258496283E+01-1.246234418E+01-1.232962672E+01
-1.218671924E+01-1.203319009E+01-1.186857667E+01-1.169265430E+01-1.150601125E+01
-1.131033147E+01-1.110861904E+01-1.090073507E+01-1.068648104E+01-1.046562855E+01
-1.023792410E+01-1.000308721E+01-9.760807211E+00-9.510740746E+00-9.252508675E+00
-8.985693837E+00-8.709837943E+00-8.424438414E+00-8.128944214E+00-7.822751273E+00
-7.505196385E+00-7.175550309E+00-6.833008828E+00-6.476682309E+00-6.105582618E+00
-5.718607523E+00-5.314521346E+00-4.891931561E+00-4.449260348E+00-3.984709723E+00
-3.496219405E+00-2.981415723E+00-2.437550926E+00-1.861431891E+00-1.249339620E+00
-5.969436244E-01 1.007787245E-01 8.495989252E-01 1.656040341E+00 2.527291818E+00
 3.473560263E+00 4.390633912E+00-4.360183515E+00-4.434936919E+00-4.543005713E+00
-4.685470934E+00-4.857965020E+00-5.031082283E+00-5.198464754E+00-5.360301469E+00
-5.516848365E+00-5.668407990E+00-5.815314291E+00-5.957919576E+00-6.096584072E+00
-6.231668007E+00-6.363525893E+00-6.492502200E+00-6.618928825E+00-6.743123011E+00
-6.865386478E+00-6.986004910E+00-7.105247796E+00-7.223368592E+00-7.340604916E+00
-7.457179135E+00-7.573298530E+00-7.689155881E+00-7.804929823E+00-7.920785164E+00
-8.036873079E+00-8.153331425E+00-8.270284902E+00-8.387844929E+00-8.506109769E+00
-8.625164367E+00-8.745080231E+00-8.865915082E+00-8.987712575E+00-9.110501903E+00
-9.234297291E+00-9.359097555E+00-9.484885480E+00-9.611627062E+00-9.739271123E+00
-9.867748399E+00-9.996970990E+00-1.012683185E+01-1.025720399E+01-1.038794010E+01
-1.051887156E+01-1.064980754E+01-1.078053333E+01-1.091080800E+01-1.104035674E+01
-1.116887195E+01-1.129590753E+01-1.142131864E+01-1.154517939E+01-1.166531652E+01
-1.178188692E+01-1.189465376E+01-1.200299401E+01-1.210642879E+01-1.220450704E+01
-1.229678491E+01-1.238279703E+01-1.246206945E+01-1.253417262E+01-1.259870957E+01
-1.265530805E+01-1.270361831E+01-1.274331236E+01-1.277408827E+01-1.279567889E+01
-1.280785667E+01-1.281043457E+01-1.280326529E+01-1.278623958E+01-1.275928338E+01
-1.272235410E+01-1.267543636E+01-1.261853660E+01-1.255167876E+01-1.247490284E+01
-1.238827703E+01-1.229183770E+01-1.218544755E+01-1.206885915E+01-1.194177133E+01
-1.180385758E+01-1.165515353E+01-1.149633720E+01-1.132861547E+01-1.115460128E+01
-1.097416372E+01-1.078715784E+01-1.059340763E+01-1.039270414E+01-1.018480536E+01
-9.969436568E+00-9.746289504E+00-9.515021353E+00-9.275253451E+00-9.026569348E+00
-8.768512839E+00-8.500585053E+00-8.222241255E+00-7.932886832E+00-7.631871974E+00
-7.318485759E+00-6.991948321E+00-6.651401624E+00-6.295898193E+00-5.924387056E+00
-5.535696677E+00-5.128514233E+00-4.701359694E+00-4.252554258E+00-3.780180732E+00
-3.282034525E+00-2.755561975E+00-2.197782808E+00-1.605192447E+00-9.736401836E-01
-2.981822153E-01 4.270802914E-01 1.209139042E+00 2.056099063E+00 2.975499024E+00
 3.836845607E+00-4.404883311E+00-4.478914763E+00-4.585371381E+00-4.725555268E+00
-4.893331061E+00-5.063089935E+00-5.226830460E+00-5.384539870E+00-5.536491162E+00
-5.683014936E+00-5.824479771E+00-5.961276902E+00-6.093807412E+00-6.222472189E+00
-6.347664318E+00-6.469763727E+00-6.589133636E+00-6.706118553E+00-6.821042970E+00
-6.934211245E+00-7.045907762E+00-7.156397362E+00-7.265926055E+00-7.374722002E+00
-7.482996066E+00-7.590942604E+00-7.698740450E+00-7.806553189E+00-7.914529947E+00
-8.022805705E+00-8.131501617E+00-8.240725321E+00-8.350571099E+00-8.461119798E+00
-8.572438910E+00-8.684582451E+00-8.797590725E+00-8.911490092E+00-9.026292608E+00
-9.141995710E+00-9.258581749E+00-9.376017512E+00-9.494253748E+00-9.613224622E+00
-9.732847238E+00-9.853021128E+00-9.973627542E+00-1.009452902E+01-1.021556867E+01
-1.033656927E+01-1.045733238E+01-1.057763719E+01-1.069723932E+01-1.081587132E+01
-1.093324420E+01-1.104908067E+01-1.116307432E+01-1.127477489E+01-1.138403520E+01
-1.149097119E+01-1.159318742E+01-1.169096447E+01-1.178416896E+01-1.187254406E+01
-1.195569568E+01-1.203298135E+01-1.210397879E+01-1.216834904E+01-1.222578140E+01
-1.227597164E+01-1.231861101E+01-1.235338626E+01-1.238002723E+01-1.239830807E+01
-1.240804267E+01-1.240907946E+01-1.240129646E+01-1.238459730E+01-1.235890601E+01
-1.232415846E+01-1.228028447E+01-1.222719115E+01-1.216477198E+01-1.209290434E+01
-1.201143155E+01-1.192011889E+01-1.181871452E+01-1.170703947E+01-1.158516409E+01
-1.145321842E+01-1.131482783E+01-1.116957401E+01-1.101756890E+01-1.085879756E+01
-1.069316871E+01-1.052053574E+01-1.034070733E+01-1.015345248E+01-9.958503678E+00
-9.755557934E+00-9.544277363E+00-9.324289052E+00-9.095184274E+00-8.856517462E+00
-8.607804400E+00-8.348520172E+00-8.078096169E+00-7.795916818E+00-7.501314813E+00
-7.193565918E+00-6.871882070E+00-6.535403145E+00-6.183186989E+00-5.814196811E+00
-5.427286252E+00-5.021180510E+00-4.594452980E+00-4.145495739E+00-3.672481385E+00
-3.173312838E+00-2.645554463E+00-2.086334128E+00-1.492197284E+00-8.588796679E-01
-1.809427247E-01 5.487986938E-01 1.340017247E+00 2.197428841E+00 2.986733219E+00
-4.473907201E+00-4.546493056E+00-4.651456955E+00-4.789583770E+00-4.959806294E+00
-5.125960139E+00-5.284883045E+00-5.437047921E+00-5.582819879E+00-5.722620964E+00
-5.856909428E+00-5.986160387E+00-6.110850491E+00-6.231446110E+00-6.348395883E+00
-6.462125479E+00-6.573034878E+00-6.681497389E+00-6.787859645E+00-6.892442160E+00
-6.995540743E+00-7.097427720E+00-7.198353396E+00-7.298547547E+00-7.398220840E+00
-7.497565780E+00-7.596758127E+00-7.695957644E+00-7.795308967E+00-7.894942230E+00
-7.994973622E+00-8.095505858E+00-8.196628254E+00-8.298417167E+00-8.400935990E+00
-8.504235075E+00-8.608351773E+00-8.713310196E+00-8.819121060E+00-8.925781411E+00
-9.033274347E+00-9.141568583E+00-9.250618221E+00-9.360362231E+00-9.470723981E+00
-9.581611081E+00-9.692914709E+00-9.804509182E+00-9.916251599E+00-1.002798133E+01
-1.013951962E+01-1.025066924E+01-1.036121451E+01-1.047092195E+01-1.057954147E+01
-1.068680873E+01-1.079243985E+01-1.089612797E+01-1.099757084E+01-1.109642009E+01
-1.119213337E+01-1.128443239E+01-1.137314644E+01-1.145822614E+01-1.153986121E+01
-1.161569892E+01-1.168588611E+01-1.175035813E+01-1.180895245E+01-1.186145219E+01
-1.190756027E+01-1.194674504E+01-1.197870526E+01-1.200323387E+01-1.202016703E+01
-1.202936297E+01-1.203069151E+01-1.202402693E+01-1.200924135E+01-1.198619663E+01
-1.195473426E+01-1.191466837E+01-1.186579139E+01-1.180789789E+01-1.174082383E+01
-1.166451790E+01-1.157909846E+01-1.148441031E+01-1.138096233E+01-1.127095798E+01
-1.115434128E+01-1.103102361E+01-1.090094724E+01-1.076403357E+01-1.062016751E+01
-1.046919426E+01-1.031092026E+01-1.014511482E+01-9.971511962E+00-9.789811657E+00
-9.599680864E+00-9.400754195E+00-9.192633993E+00-8.974890295E+00-8.747060554E+00
-8.508648655E+00-8.259123812E+00-7.997919148E+00-7.724429373E+00-7.438008262E+00
-7.137965343E+00-6.823561880E+00-6.494006028E+00-6.148446883E+00-5.785967663E+00
-5.405577163E+00-5.006200020E+00-4.586664227E+00-4.145686234E+00-3.681851043E+00
-3.193585191E+00-2.679116339E+00-2.136407307E+00-1.563035524E+00-9.559411983E-01
-3.107980950E-01 3.800420956E-01 1.125166957E+00 1.798579889E+00-4.585333045E+00
-4.658574346E+00-4.762519618E+00-4.898108256E+00-5.061493873E+00-5.222327404E+00
-5.374926460E+00-5.519780416E+00-5.657432864E+00-5.788480939E+00-5.913542342E+00
-6.033229651E+00-6.148132989E+00-6.258809539E+00-6.365777913E+00-6.469516063E+00
-6.570462030E+00-6.669015203E+00-6.765539395E+00-6.860365166E+00-6.953793012E+00
-7.046095932E+00-7.137522062E+00-7.228296844E+00-7.318625075E+00-7.408692601E+00
-7.498667815E+00-7.588702916E+00-7.678934935E+00-7.769486599E+00-7.860466966E+00
-7.951972051E+00-8.044085185E+00-8.136877247E+00-8.230406862E+00-8.324720560E+00
-8.419852660E+00-8.515825381E+00-8.612648455E+00-8.710319204E+00-8.808822183E+00
-8.908128945E+00-9.008197845E+00-9.108973528E+00-9.210386928E+00-9.312354674E+00
-9.414778938E+00-9.517547040E+00-9.620531365E+00-9.723588775E+00-9.826560847E+00
-9.929273475E+00-1.003153727E+01-1.013314762E+01-1.023388525E+01-1.033351646E+01
-1.043179278E+01-1.052845124E+01-1.062321567E+01-1.071579241E+01-1.080587172E+01
-1.089317586E+01-1.097745147E+01-1.105844456E+01-1.113584280E+01-1.120912102E+01
-1.127799007E+01-1.134226604E+01-1.140184770E+01-1.145676336E+01-1.150730740E+01
-1.155110409E+01-1.158830807E+01-1.161889774E+01-1.164278848E+01-1.165986789E+01
-1.167000440E+01-1.167305252E+01-1.166885623E+01-1.165724741E+01-1.163803824E+01
-1.161100927E+01-1.157590606E+01-1.153247374E+01-1.148051459E+01-1.141997442E+01
-1.135286273E+01-1.127870118E+01-1.119747567E+01-1.110947341E+01-1.101480792E+01
-1.091349388E+01-1.080548821E+01-1.069070291E+01-1.056900951E+01-1.044024127E+01
-1.030419536E+01-1.016063445E+01-1.000928857E+01-9.849856582E+00-9.682007546E+00
-9.505382018E+00-9.319593099E+00-9.124227489E+00-8.918846203E+00-8.702985472E+00
-8.476157338E+00-8.237850241E+00-7.987529455E+00-7.724637716E+00-7.448595463E+00
-7.158801660E+00-6.854634312E+00-6.535451921E+00-6.200595141E+00-5.849390126E+00
-5.481153183E+00-5.095198646E+00-4.690851134E+00-4.267464815E+00-3.824454528E+00
-3.361346580E+00-2.877866374E+00-2.374099130E+00-1.850815778E+00-1.310231885E+00
-7.580867790E-01-2.089469655E-01 3.124349014E-01-4.735527645E+00-4.810805097E+00
-4.914140863E+00-5.046698244E+00-5.202353339E+00-5.356024880E+00-5.500121347E+00
-5.635197559E+00-5.762125027E+00-5.881797444E+00-5.995079464E+00-6.102778024E+00
-6.205629337E+00-6.304295349E+00-6.399366774E+00-6.491368448E+00-6.580766227E+00
-6.667973921E+00-6.753359638E+00-6.837251731E+00-6.919943723E+00-7.001698762E+00
-7.082753244E+00-7.163319963E+00-7.243590597E+00-7.323737991E+00-7.403917928E+00
-7.484270513E+00-7.564921389E+00-7.645982726E+00-7.727553968E+00-7.809722462E+00
-7.892563817E+00-7.976142371E+00-8.060511233E+00-8.145712483E+00-8.231777324E+00
-8.318725929E+00-8.406567282E+00-8.495299332E+00-8.584908567E+00-8.675369928E+00
-8.766646616E+00-8.858689777E+00-8.951438460E+00-9.044819067E+00-9.138745511E+00
-9.233118702E+00-9.327826551E+00-9.422743885E+00-9.517732217E+00-9.612640016E+00
-9.707302595E+00-9.801542578E+00-9.895169981E+00-9.987982806E+00-1.007976719E+01
-1.017029841E+01-1.025934163E+01-1.034665342E+01-1.043198500E+01-1.051508864E+01
-1.059571670E+01-1.067361472E+01-1.074851193E+01-1.082012029E+01-1.088818445E+01
-1.095248213E+01-1.101281160E+01-1.106896683E+01-1.112067552E+01-1.116742900E+01
-1.120894033E+01-1.124500642E+01-1.127545768E+01-1.130013830E+01-1.131889682E+01
-1.133158262E+01-1.133804401E+01-1.133812770E+01-1.133167931E+01-1.131854656E+01
-1.129859034E+01-1.127170798E+01-1.123787027E+01-1.119717403E+01-1.114991376E+01
-1.109617282E+01-1.103600218E+01-1.096945602E+01-1.089654997E+01-1.081725329E+01
-1.073149186E+01-1.063915155E+01-1.054008098E+01-1.043409397E+01-1.032097116E+01
-1.020046194E+01-1.007228627E+01-9.936136307E+00-9.791678234E+00-9.638554303E+00
-9.476384310E+00-9.304768078E+00-9.123287226E+00-8.931507537E+00-8.728981473E+00
-8.515250664E+00-8.289849216E+00-8.052306739E+00-7.802152572E+00-7.538920503E+00
-7.262154328E+00-6.971415457E+00-6.666291968E+00-6.346410990E+00-6.011455199E+00
-5.661185285E+00-5.295471507E+00-4.914338135E+00-4.518028261E+00-4.107099740E+00
-3.682570386E+00-3.246141637E+00-2.800542782E+00-2.350030863E+00-1.900971361E+00
-1.462058601E+00-1.043405788E+00-4.924575235E+00-5.002301585E+00-5.105465452E+00
-5.234619095E+00-5.388146553E+00-5.532400577E+00-5.664504433E+00-5.786073883E+00
-5.898571386E+00-6.003351961E+00-6.101615353E+00-6.194397013E+00-6.282579090E+00
-6.366910247E+00-6.448026231E+00-6.526469411E+00-6.602704935E+00-6.677134674E+00
-6.750107981E+00-6.821930674E+00-6.892872202E+00-6.963171091E+00-7.033039700E+00
-7.102667817E+00-7.172225330E+00-7.241864872E+00-7.311723513E+00-7.381924298E+00
-7.452577464E+00-7.523781234E+00-7.595622799E+00-7.668178632E+00-7.741515082E+00
-7.815688608E+00-7.890745898E+00-7.966724144E+00-8.043650888E+00-8.121544212E+00
-8.200412431E+00-8.280254284E+00-8.361058502E+00-8.442803809E+00-8.525458687E+00
-8.608981255E+00-8.693319070E+00-8.778408820E+00-8.864176434E+00-8.950536651E+00
-9.037393102E+00-9.124638265E+00-9.212153352E+00-9.299808464E+00-9.387462670E+00
-9.474964362E+00-9.562151411E+00-9.648851644E+00-9.734883468E+00-9.820056311E+00
-9.904171876E+00-9.987025090E+00-1.006840564E+01-1.014809951E+01-1.022588917E+01
-1.030155298E+01-1.037486504E+01-1.044559779E+01-1.051352926E+01-1.057844393E+01
-1.064012806E+01-1.069836022E+01-1.075289935E+01-1.080348164E+01-1.084987127E+01
-1.089186268E+01-1.092927327E+01-1.096193586E+01-1.098969339E+01-1.101239562E+01
-1.102989758E+01-1.104205933E+01-1.104874763E+01-1.104983946E+01-1.104522872E+01
-1.103483509E+01-1.101861443E+01-1.099656383E+01-1.096871154E+01-1.093506641E+01
-1.089561727E+01-1.085033354E+01-1.079915876E+01-1.074200621E+01-1.067875706E+01
-1.060926030E+01-1.053333324E+01-1.045076255E+01-1.036130540E+01-1.026469110E+01
-1.016062271E+01-1.004877888E+01-9.928815971E+00-9.800370648E+00-9.663062234E+00
-9.516495751E+00-9.360265230E+00-9.193957295E+00-9.017155179E+00-8.829443302E+00
-8.630412500E+00-8.419665750E+00-8.196824975E+00-7.961539010E+00-7.713493055E+00
-7.452419788E+00-7.178113504E+00-6.890447456E+00-6.589395562E+00-6.275060930E+00
-5.947712262E+00-5.607831884E+00-5.256178940E+00-4.893872170E+00-4.522496882E+00
-4.144237288E+00-3.762025126E+00-3.379672158E+00-3.001915370E+00-2.634275995E+00
-2.282679498E+00-5.176409621E+00-5.261223498E+00-5.365287676E+00-5.488920660E+00
-5.629833867E+00-5.758593399E+00-5.872611712E+00-5.974773539E+00-6.067489717E+00
-6.152705348E+00-6.231950105E+00-6.306420780E+00-6.377059289E+00-6.444615716E+00
-6.509695823E+00-6.572795922E+00-6.634328838E+00-6.694642506E+00-6.754033956E+00
-6.812759638E+00-6.871043143E+00-6.929081230E+00-6.987048162E+00-7.045099329E+00
-7.103373851E+00-7.161996622E+00-7.221080089E+00-7.280725349E+00-7.341023217E+00
-7.402055054E+00-7.463893156E+00-7.526601273E+00-7.590234994E+00-7.654841759E+00
-7.720461084E+00-7.787124684E+00-7.854856280E+00-7.923671669E+00-7.993578614E+00
-8.064576642E+00-8.136657084E+00-8.209802724E+00-8.283987715E+00-8.359177425E+00
-8.435328240E+00-8.512387444E+00-8.590293140E+00-8.668973937E+00-8.748349145E+00
-8.828328540E+00-8.908812600E+00-8.989692307E+00-9.070849423E+00-9.152156809E+00
-9.233478457E+00-9.314670126E+00-9.395579580E+00-9.476047328E+00-9.555907147E+00
-9.634987097E+00-9.713110040E+00-9.790094701E+00-9.865756059E+00-9.939905946E+00
-1.001235363E+01-1.008290715E+01-1.015137457E+01-1.021756432E+01-1.028128401E+01
-1.034233869E+01-1.040052985E+01-1.045565814E+01-1.050753171E+01-1.055596998E+01
-1.060080385E+01-1.064187423E+01-1.067903030E+01-1.071212820E+01-1.074103009E+01
-1.076560426E+01-1.078572595E+01-1.080127883E+01-1.081215747E+01-1.081826963E+01
-1.081953757E+01-1.081589626E+01-1.080728682E+01-1.079364508E+01-1.077489499E+01
-1.075094377E+01-1.072167798E+01-1.068696026E+01-1.064662712E+01-1.060048787E+01
-1.054832436E+01-1.048989114E+01-1.042491623E+01-1.035310225E+01-1.027412820E+01
-1.018765132E+01-1.009330945E+01-9.990724047E+00-9.879503275E+00-9.759245859E+00
-9.629545316E+00-9.489994771E+00-9.340192430E+00-9.179747571E+00-9.008287518E+00
-8.825465281E+00-8.630968345E+00-8.424528717E+00-8.205934272E+00-7.975042108E+00
-7.731794230E+00-7.476235869E+00-7.208537543E+00-6.929021461E+00-6.638193310E+00
-6.336780480E+00-6.025776737E+00-5.706494154E+00-5.380618859E+00-5.050265804E+00
-4.718020364E+00-4.386949297E+00-4.060557952E+00-3.742677106E+00-3.437280703E+00
-5.505141123E+00-5.605968616E+00-5.712916621E+00-5.825703945E+00-5.941682211E+00
-6.042679279E+00-6.127531491E+00-6.201108788E+00-6.266775747E+00-6.326752275E+00
-6.382542361E+00-6.435202060E+00-6.485499973E+00-6.534014795E+00-6.581195442E+00
-6.627399736E+00-6.672919824E+00-6.717999270E+00-6.762844882E+00-6.807635021E+00
-6.852525666E+00-6.897654835E+00-6.943145648E+00-6.989108898E+00-7.035644777E+00
-7.082844138E+00-7.130789760E+00-7.179556894E+00-7.229213900E+00-7.279822594E+00
-7.331438647E+00-7.384111664E+00-7.437885376E+00-7.492797528E+00-7.548880035E+00
-7.606158702E+00-7.664653426E+00-7.724377760E+00-7.785338994E+00-7.847537835E+00
-7.910968375E+00-7.975617809E+00-8.041466240E+00-8.108486641E+00-8.176644575E+00
-8.245898044E+00-8.316197445E+00-8.387485332E+00-8.459696501E+00-8.532757945E+00
-8.606588619E+00-8.681099875E+00-8.756195224E+00-8.831770771E+00-8.907715253E+00
-8.983910432E+00-9.060231451E+00-9.136547192E+00-9.212720819E+00-9.288610457E+00
-9.364069382E+00-9.438946972E+00-9.513089058E+00-9.586338436E+00-9.658535578E+00
-9.729518989E+00-9.799126145E+00-9.867193382E+00-9.933556328E+00-9.998049741E+00
-1.006050807E+01-1.012076709E+01-1.017866586E+01-1.023404852E+01-1.028676491E+01
-1.033667045E+01-1.038362581E+01-1.042749641E+01-1.046815187E+01-1.050546613E+01
-1.053931719E+01-1.056958761E+01-1.059616451E+01-1.061893963E+01-1.063780815E+01
-1.065266666E+01-1.066340918E+01-1.066992250E+01-1.067208157E+01-1.066974587E+01
-1.066275574E+01-1.065093018E+01-1.063406440E+01-1.061192889E+01-1.058426851E+01
-1.055080254E+01-1.051122503E+01-1.046520607E+01-1.041239303E+01-1.035241288E+01
-1.028487469E+01-1.020937294E+01-1.012549125E+01-1.003280699E+01-9.930896171E+00
-9.819339521E+00-9.697728899E+00-9.565674765E+00-9.422814213E+00-9.268820307E+00
-9.103411856E+00-8.926364914E+00-8.737524800E+00-8.536820162E+00-8.324277949E+00
-8.100040866E+00-7.864386164E+00-7.617746998E+00-7.360735948E+00-7.094170271E+00
-6.819098618E+00-6.536826954E+00-6.248941334E+00-5.957322796E+00-5.664148146E+00
-5.371869829E+00-5.083168684E+00-4.800876887E+00-4.527875466E+00-5.935493224E+00
-6.075147350E+00-6.189679232E+00-6.276624606E+00-6.339602686E+00-6.386127493E+00
-6.423976158E+00-6.457414987E+00-6.488376589E+00-6.517858632E+00-6.546451435E+00
-6.574541268E+00-6.602400576E+00-6.630233446E+00-6.658200472E+00-6.686433205E+00
-6.715043304E+00-6.744127888E+00-6.773773714E+00-6.804059423E+00-6.835057391E+00
-6.866834912E+00-6.899455064E+00-6.932977222E+00-6.967457371E+00-7.002948466E+00
-7.039500542E+00-7.077160603E+00-7.115972816E+00-7.155978312E+00-7.197215192E+00
-7.239718284E+00-7.283519029E+00-7.328645400E+00-7.375121549E+00-7.422967767E+00
-7.472200088E+00-7.522830255E+00-7.574865398E+00-7.628307802E+00-7.683154749E+00
-7.739398241E+00-7.797024803E+00-7.856015326E+00-7.916344833E+00-7.977982314E+00
-8.040890697E+00-8.105026483E+00-8.170339951E+00-8.236774879E+00-8.304268621E+00
-8.372752151E+00-8.442150058E+00-8.512380707E+00-8.583356356E+00-8.654983470E+00
-8.727162844E+00-8.799790029E+00-8.872755575E+00-8.945945499E+00-9.019241605E+00
-9.092521950E+00-9.165661325E+00-9.238531564E+00-9.311002020E+00-9.382939955E+00
-9.454210979E+00-9.524679403E+00-9.594208469E+00-9.662660795E+00-9.729898915E+00
-9.795785918E+00-9.860186310E+00-9.922966723E+00-9.983996275E+00-1.004314668E+01
-1.010029202E+01-1.015530854E+01-1.020807415E+01-1.025846823E+01-1.030637103E+01
-1.035166323E+01-1.039422530E+01-1.043393641E+01-1.047067287E+01-1.050430625E+01
-1.053470043E+01-1.056170875E+01-1.058517075E+01-1.060490925E+01-1.062072776E+01
-1.063240798E+01-1.063970822E+01-1.064236188E+01-1.064007668E+01-1.063253457E+01
-1.061939166E+01-1.060027945E+01-1.057480616E+01-1.054255884E+01-1.050310623E+01
-1.045600214E+01-1.040078988E+01-1.033700735E+01-1.026419266E+01-1.018189116E+01
-1.008966274E+01-9.987090650E+00-9.873790467E+00-9.749420481E+00-9.613692763E+00
-9.466384984E+00-9.307353179E+00-9.136545182E+00-8.954015012E+00-8.759937638E+00
-8.554624591E+00-8.338539798E+00-8.112315221E+00-7.876766069E+00-7.632903957E+00
-7.381947267E+00-7.125326072E+00-6.864679617E+00-6.601843431E+00-6.338823685E+00
-6.077757233E+00-5.820857919E+00-5.570351129E+00-6.451066078E+00-6.660989976E+00
-6.788725955E+00-6.835923268E+00-6.791309559E+00-6.755575687E+00-6.735268264E+00
-6.723078303E+00-6.716232649E+00-6.713279913E+00-6.713363440E+00-6.715939518E+00
-6.720645755E+00-6.727232517E+00-6.735524359E+00-6.745396425E+00-6.756760146E+00
-6.769553349E+00-6.783733562E+00-6.799273481E+00-6.816157545E+00-6.834379330E+00
-6.853939625E+00-6.874844931E+00-6.897106161E+00-6.920737696E+00-6.945756477E+00
-6.972181259E+00-7.000032096E+00-7.029329594E+00-7.060094554E+00-7.092347466E+00
-7.126108108E+00-7.161394996E+00-7.198225231E+00-7.236614059E+00-7.276574404E+00
-7.318116786E+00-7.361248808E+00-7.405975001E+00-7.452296390E+00-7.500210413E+00
-7.549710531E+00-7.600786027E+00-7.653421890E+00-7.707598420E+00-7.763291229E+00
-7.820471043E+00-7.879103585E+00-7.939149417E+00-8.000563978E+00-8.063297585E+00
-8.127295317E+00-8.192497128E+00-8.258837970E+00-8.326247950E+00-8.394652405E+00
-8.463972144E+00-8.534123719E+00-8.605019623E+00-8.676568649E+00-8.748676040E+00
-8.821244009E+00-8.894171928E+00-8.967356534E+00-9.040692471E+00-9.114072418E+00
-9.187387396E+00-9.260527204E+00-9.333380462E+00-9.405835197E+00-9.477779042E+00
-9.549099631E+00-9.619684873E+00-9.689423071E+00-9.758202764E+00-9.825912690E+00
-9.892441231E+00-9.957676177E+00-1.002150390E+01-1.008380869E+01-1.014447194E+01
-1.020337102E+01-1.026037791E+01-1.031535748E+01-1.036816559E+01-1.041864675E+01
-1.046663173E+01-1.051193485E+01-1.055435154E+01-1.059365597E+01-1.062959893E+01
-1.066190590E+01-1.069027574E+01-1.071437963E+01-1.073386050E+01-1.074833329E+01
-1.075738526E+01-1.076057762E+01-1.075744739E+01-1.074751028E+01-1.073026437E+01
-1.070519473E+01-1.067177891E+01-1.062949370E+01-1.057782240E+01-1.051626368E+01
-1.044434103E+01-1.036161323E+01-1.026768580E+01-1.016222307E+01-1.004496082E+01
-9.915719591E+00-9.774417869E+00-9.621085752E+00-9.455877842E+00-9.279086247E+00
-9.091151803E+00-8.892674679E+00-8.684422056E+00-8.467333607E+00-8.242522477E+00
-8.011271859E+00-7.775024750E+00-7.535367126E+00-7.294002965E+00-7.052720951E+00
-6.813354645E+00-6.577736230E+00-6.830863265E+00-7.065847983E+00-7.199687651E+00
-7.227781620E+00-7.162248147E+00-7.083280602E+00-7.020572210E+00-6.970808630E+00
-6.930784300E+00-6.898277697E+00-6.871751107E+00-6.850119044E+00-6.832597698E+00
-6.818608886E+00-6.807718153E+00-6.799594388E+00-6.793982166E+00-6.790683072E+00
-6.789542150E+00-6.790438285E+00-6.793277117E+00-6.797985560E+00-6.804507786E+00
-6.812801913E+00-6.822837447E+00-6.834593268E+00-6.848055903E+00-6.863218142E+00
-6.880077896E+00-6.898637136E+00-6.918900944E+00-6.940877002E+00-6.964574609E+00
-6.990004325E+00-7.017177337E+00-7.046104876E+00-7.076797933E+00-7.109266753E+00
-7.143520397E+00-7.179566468E+00-7.217410642E+00-7.257056542E+00-7.298505272E+00
-7.341755255E+00-7.386801842E+00-7.433637234E+00-7.482250199E+00-7.532625886E+00
-7.584745698E+00-7.638587059E+00-7.694123531E+00-7.751324464E+00-7.810155224E+00
-7.870576924E+00-7.932546699E+00-7.996017584E+00-8.060938596E+00-8.127255051E+00
-8.194908399E+00-8.263836589E+00-8.333974334E+00-8.405252963E+00-8.477600965E+00
-8.550944113E+00-8.625205539E+00-8.700306089E+00-8.776164562E+00-8.852697747E+00
-8.929820816E+00-9.007447330E+00-9.085489504E+00-9.163858456E+00-9.242464040E+00
-9.321215165E+00-9.400019399E+00-9.478783131E+00-9.557410936E+00-9.635805182E+00
-9.713865481E+00-9.791487857E+00-9.868563845E+00-9.944979344E+00-1.002061340E+01
-1.009533658E+01-1.016900915E+01-1.024147933E+01-1.031258078E+01-1.038213049E+01
-1.044992623E+01-1.051574412E+01-1.057933624E+01-1.064042832E+01-1.069871785E+01
-1.075387227E+01-1.080552741E+01-1.085328695E+01-1.089672163E+01-1.093536967E+01
-1.096873770E+01-1.099630238E+01-1.101751322E+01-1.103179607E+01-1.103855804E+01
-1.103719337E+01-1.102709070E+01-1.100764132E+01-1.097824918E+01-1.093834143E+01
-1.088738071E+01-1.082487786E+01-1.075040561E+01-1.066361275E+01-1.056423826E+01
-1.045212557E+01-1.032723599E+01-1.018966120E+01-1.003963440E+01-9.877539578E+00
-9.703918281E+00-9.519473347E+00-9.325069433E+00-9.121729342E+00-8.910625516E+00
-8.693066955E+00-8.470480580E+00-8.244387281E+00-8.016373507E+00-7.788058131E+00
-7.561057113E+00-7.136156327E+00-7.385253059E+00-7.521314133E+00-7.540649341E+00
-7.450814861E+00-7.347521725E+00-7.259066572E+00-7.183200928E+00-7.117849440E+00
-7.061269439E+00-7.012054966E+00-6.969091178E+00-6.931498175E+00-6.898580046E+00
-6.869783747E+00-6.844667176E+00-6.822874876E+00-6.804119704E+00-6.788169008E+00
-6.774833711E+00-6.763960314E+00-6.755424197E+00-6.749124773E+00-6.744981275E+00
-6.742929443E+00-6.742919002E+00-6.744911302E+00-6.748877504E+00-6.754797158E+00
-6.762656751E+00-6.772448522E+00-6.784169711E+00-6.797821541E+00-6.813408386E+00
-6.830937296E+00-6.850417296E+00-6.871858746E+00-6.895273033E+00-6.920671939E+00
-6.948067281E+00-6.977470526E+00-7.008892469E+00-7.042342723E+00-7.077829602E+00
-7.115359764E+00-7.154937818E+00-7.196566326E+00-7.240245249E+00-7.285972064E+00
-7.333741453E+00-7.383545103E+00-7.435371587E+00-7.489206447E+00-7.545031834E+00
-7.602826710E+00-7.662566725E+00-7.724224182E+00-7.787768153E+00-7.853164556E+00
-7.920376122E+00-7.989362543E+00-8.060080639E+00-8.132484391E+00-8.206525063E+00
-8.282151474E+00-8.359310004E+00-8.437944743E+00-8.517997539E+00-8.599408386E+00
-8.682115074E+00-8.766053658E+00-8.851158222E+00-8.937360882E+00-9.024591743E+00
-9.112778587E+00-9.201846673E+00-9.291718110E+00-9.382311419E+00-9.473540789E+00
-9.565315129E+00-9.657536966E+00-9.750101378E+00-9.842894267E+00-9.935790855E+00
-1.002865387E+01-1.012133124E+01-1.021365394E+01-1.030543352E+01-1.039645947E+01
-1.048649666E+01-1.057528257E+01-1.066252486E+01-1.074789852E+01-1.083104396E+01
-1.091156470E+01-1.098902585E+01-1.106295298E+01-1.113283144E+01-1.119810677E+01
-1.125818557E+01-1.131243787E+01-1.136020028E+01-1.140078073E+01-1.143346475E+01
-1.145752298E+01-1.147222074E+01-1.147682891E+01-1.147063666E+01-1.145296528E+01
-1.142318357E+01-1.138072385E+01-1.132509857E+01-1.125591697E+01-1.117290107E+01
-1.107590094E+01-1.096490790E+01-1.084006595E+01-1.070168020E+01-1.055022211E+01
-1.038633112E+01-1.021081227E+01-1.002462916E+01-9.828892966E+00-9.624846407E+00
-9.413843798E+00-9.197327071E+00-8.976798439E+00-8.753790611E+00-8.529835783E+00
-7.378672207E+00-7.636500082E+00-7.772954676E+00-7.787020710E+00-7.672490561E+00
-7.554124662E+00-7.449197956E+00-7.355343613E+00-7.271334426E+00-7.196013201E+00
-7.128334833E+00-7.067386799E+00-7.012388401E+00-6.962679704E+00-6.917706162E+00
-6.877003457E+00-6.840183308E+00-6.806921107E+00-6.776945667E+00-6.750030522E+00
-6.725986950E+00-6.704657827E+00-6.685912978E+00-6.669645118E+00-6.655766309E+00
-6.644205395E+00-6.634905564E+00-6.627822214E+00-6.622921502E+00-6.620178686E+00
-6.619576903E+00-6.621106183E+00-6.624762352E+00-6.630546316E+00-6.638463156E+00
-6.648521659E+00-6.660733487E+00-6.675112784E+00-6.691675587E+00-6.710439387E+00
-6.731422703E+00-6.754644604E+00-6.780124475E+00-6.807881463E+00-6.837934361E+00
-6.870301176E+00-6.904998810E+00-6.942042943E+00-6.981447562E+00-7.023224999E+00
-7.067385538E+00-7.113937255E+00-7.162886020E+00-7.214235183E+00-7.267985453E+00
-7.324135056E+00-7.382679344E+00-7.443611068E+00-7.506920061E+00-7.572593481E+00
-7.640615725E+00-7.710968432E+00-7.783630722E+00-7.858578876E+00-7.935786851E+00
-8.015226004E+00-8.096865328E+00-8.180671451E+00-8.266608679E+00-8.354638989E+00
-8.444722079E+00-8.536815198E+00-8.630873196E+00-8.726848044E+00-8.824688840E+00
-8.924341252E+00-9.025747007E+00-9.128843304E+00-9.233561983E+00-9.339828421E+00
-9.447560627E+00-9.556667670E+00-9.667048174E+00-9.778588591E+00-9.891161032E+00
-1.000462110E+01-1.011880540E+01-1.023352872E+01-1.034858142E+01-1.046372600E+01
-1.057869427E+01-1.069318388E+01-1.080685520E+01-1.091932816E+01-1.103017921E+01
-1.113893843E+01-1.124508762E+01-1.134805804E+01-1.144722970E+01-1.154193124E+01
-1.163144099E+01-1.171498945E+01-1.179176336E+01-1.186091199E+01-1.192155492E+01
-1.197279246E+01-1.201371828E+01-1.204343412E+01-1.206106677E+01-1.206578664E+01
-1.205682785E+01-1.203350895E+01-1.199525368E+01-1.194161113E+01-1.187227449E+01
-1.178709711E+01-1.168610600E+01-1.156951125E+01-1.143771132E+01-1.129129369E+01
-1.113103038E+01-1.095786875E+01-1.077291699E+01-1.057742522E+01-1.037276266E+01
-1.016039092E+01-9.941835247E+00-9.718653905E+00-9.492407461E+00-7.536252703E+00
-7.790905158E+00-7.926395338E+00-7.937084386E+00-7.836839410E+00-7.711409152E+00
-7.595073101E+00-7.488263545E+00-7.390285009E+00-7.300397143E+00-7.217872913E+00
-7.142028269E+00-7.072238301E+00-7.007943578E+00-6.948650586E+00-6.893928220E+00
-6.843402658E+00-6.796751537E+00-6.753698235E+00-6.714006002E+00-6.677473270E+00
-6.643929089E+00-6.613229058E+00-6.585252143E+00-6.559897562E+00-6.537082379E+00
-6.516739143E+00-6.498814112E+00-6.483265604E+00-6.470062531E+00-6.459183027E+00
-6.450613617E+00-6.444348038E+00-6.440386446E+00-6.438734712E+00-6.439403514E+00
-6.442407941E+00-6.447766826E+00-6.455502233E+00-6.465638865E+00-6.478203710E+00
-6.493225648E+00-6.510734938E+00-6.530762862E+00-6.553341414E+00-6.578502899E+00
-6.606279626E+00-6.636703665E+00-6.669806418E+00-6.705618498E+00-6.744169336E+00
-6.785487103E+00-6.829598353E+00-6.876527908E+00-6.926298620E+00-6.978931331E+00
-7.034444637E+00-7.092854810E+00-7.154175719E+00-7.218418789E+00-7.285592925E+00
-7.355704431E+00-7.428757128E+00-7.504752237E+00-7.583688459E+00-7.665561933E+00
-7.750366393E+00-7.838092896E+00-7.928730135E+00-8.022264242E+00-8.118678786E+00
-8.217954619E+00-8.320069837E+00-8.424999419E+00-8.532715039E+00-8.643184586E+00
-8.756371614E+00-8.872234678E+00-8.990726694E+00-9.111793528E+00-9.235373205E+00
-9.361394254E+00-9.489774175E+00-9.620417383E+00-9.753213286E+00-9.888033522E+00
-1.002472951E+01-1.016312925E+01-1.030303403E+01-1.044421484E+01-1.058640856E+01
-1.072931391E+01-1.087258713E+01-1.101583765E+01-1.115862378E+01-1.130044833E+01
-1.144075467E+01-1.157892301E+01-1.171426765E+01-1.184603468E+01-1.197340138E+01
-1.209547699E+01-1.221130554E+01-1.231987108E+01-1.242010538E+01-1.251089930E+01
-1.259111675E+01-1.265961253E+01-1.271525302E+01-1.275694011E+01-1.278363699E+01
-1.279439554E+01-1.278838420E+01-1.276491495E+01-1.272346835E+01-1.266371533E+01
-1.258553479E+01-1.248902624E+01-1.237451630E+01-1.224255932E+01-1.209393112E+01
-1.192961674E+01-1.175079179E+01-1.155879856E+01-1.135511743E+01-1.114133485E+01
-1.091910894E+01-1.069013446E+01-1.045610793E+01-7.671556721E+00-7.928302378E+00
-8.062529616E+00-8.069693143E+00-7.959518066E+00-7.826257961E+00-7.701351200E+00
-7.584726038E+00-7.475955504E+00-7.374556840E+00-7.280025106E+00-7.191858001E+00
-7.109572924E+00-7.032718399E+00-6.960880302E+00-6.893684260E+00-6.830795892E+00
-6.771919311E+00-6.716794481E+00-6.665194582E+00-6.616922932E+00-6.571809917E+00
-6.529710509E+00-6.490501428E+00-6.454078976E+00-6.420357024E+00-6.389264971E+00
-6.360746357E+00-6.334757212E+00-6.311264954E+00-6.290247124E+00-6.271690484E+00
-6.255590032E+00-6.241948130E+00-6.230774038E+00-6.222082964E+00-6.215895553E+00
-6.212237296E+00-6.211138175E+00-6.212631800E+00-6.216755401E+00-6.223549009E+00
-6.233055174E+00-6.245318694E+00-6.260385941E+00-6.278304747E+00-6.299123926E+00
-6.322892885E+00-6.349661465E+00-6.379479387E+00-6.412396097E+00-6.448460489E+00
-6.487720552E+00-6.530223093E+00-6.576013617E+00-6.625136014E+00-6.677632404E+00
-6.733542893E+00-6.792905582E+00-6.855756166E+00-6.922128173E+00-6.992052572E+00
-7.065557848E+00-7.142670043E+00-7.223412522E+00-7.307806088E+00-7.395869022E+00
-7.487616925E+00-7.583062839E+00-7.682217205E+00-7.785087705E+00-7.891679344E+00
-8.001994209E+00-8.116031237E+00-8.233786093E+00-8.355250702E+00-8.480412730E+00
-8.609255000E+00-8.741754740E+00-8.877882517E+00-9.017601179E+00-9.160864313E+00
-9.307614750E+00-9.457782401E+00-9.611282122E+00-9.768011043E+00-9.927845608E+00
-1.009063823E+01-1.025621338E+01-1.042436354E+01-1.059484444E+01-1.076737009E+01
-1.094160724E+01-1.111716958E+01-1.129361162E+01-1.147042221E+01-1.164701842E+01
-1.182273903E+01-1.199683879E+01-1.216848335E+01-1.233674541E+01-1.250060240E+01
-1.265893664E+01-1.281053834E+01-1.295411238E+01-1.308828899E+01-1.321163979E+01
-1.332269851E+01-1.341998733E+01-1.350204755E+01-1.356747485E+01-1.361495694E+01
-1.364331248E+01-1.365152950E+01-1.363880075E+01-1.360455515E+01-1.354848281E+01
-1.347055268E+01-1.337102229E+01-1.325043849E+01-1.310962946E+01-1.294968788E+01
-1.277194598E+01-1.257794338E+01-1.236938896E+01-1.214811856E+01-1.191605017E+01
-1.167513934E+01-1.142733581E+01-7.781586099E+00-8.042646247E+00-8.174860657E+00
-8.178459343E+00-8.044232302E+00-7.903695200E+00-7.772000190E+00-7.647628156E+00
-7.530277890E+00-7.419610992E+00-7.315259475E+00-7.216844278E+00-7.123990202E+00
-7.036336430E+00-6.953543615E+00-6.875298062E+00-6.801313770E+00-6.731332755E+00
-6.665124491E+00-6.602484732E+00-6.543233937E+00-6.487215376E+00-6.434293593E+00
-6.384352479E+00-6.337293773E+00-6.293035407E+00-6.251510282E+00-6.212664816E+00
-6.176458075E+00-6.142860388E+00-6.111852728E+00-6.083425678E+00-6.057578646E+00
-6.034319316E+00-6.013662855E+00-5.995631329E+00-5.980253222E+00-5.967562811E+00
-5.957599773E+00-5.950408587E+00-5.946038229E+00-5.944541492E+00-5.945974914E+00
-5.950398028E+00-5.957873085E+00-5.968464738E+00-5.982239534E+00-5.999265513E+00
-6.019611941E+00-6.043348869E+00-6.070546703E+00-6.101276047E+00-6.135607110E+00
-6.173609668E+00-6.215352474E+00-6.260903174E+00-6.310327961E+00-6.363691331E+00
-6.421055888E+00-6.482482071E+00-6.548028153E+00-6.617749921E+00-6.691700802E+00
-6.769931463E+00-6.852490049E+00-6.939421989E+00-7.030770069E+00-7.126574397E+00
-7.226872444E+00-7.331698919E+00-7.441086011E+00-7.555063152E+00-7.673657094E+00
-7.796891673E+00-7.924787771E+00-8.057362959E+00-8.194631068E+00-8.336601868E+00
-8.483280245E+00-8.634665410E+00-8.790749839E+00-8.951517889E+00-9.116944346E+00
-9.286992331E+00-9.461611138E+00-9.640733434E+00-9.824272225E+00-1.001211711E+01
-1.020413013E+01-1.040014086E+01-1.059994113E+01-1.080327874E+01-1.100985075E+01
-1.121929586E+01-1.143118622E+01-1.164501832E+01-1.186020391E+01-1.207605987E+01
-1.229179850E+01-1.250651772E+01-1.271919255E+01-1.292866741E+01-1.313365152E+01
-1.333271711E+01-1.352430256E+01-1.370672135E+01-1.387817801E+01-1.403679219E+01
-1.418063145E+01-1.430775218E+01-1.441624833E+01-1.450430548E+01-1.457025788E+01
-1.461264478E+01-1.463026349E+01-1.462221541E+01-1.458794301E+01-1.452725588E+01
-1.444034490E+01-1.432778380E+01-1.419051830E+01-1.402984299E+01-1.384736644E+01
-1.364496602E+01-1.342473418E+01-1.318891854E+01-1.293985939E+01-1.267992764E+01
-1.241146686E+01-7.820746128E+00-8.074027294E+00-8.203952648E+00-8.204954610E+00
-8.090302285E+00-7.947298555E+00-7.810119370E+00-7.679504135E+00-7.555230205E+00
-7.437022060E+00-7.324581174E+00-7.217601019E+00-7.115778459E+00-7.018821270E+00
-6.926453341E+00-6.838417632E+00-6.754477512E+00-6.674417624E+00-6.598043455E+00
-6.525180820E+00-6.455675117E+00-6.389390261E+00-6.326207699E+00-6.266025428E+00
-6.208756847E+00-6.154329856E+00-6.102685987E+00-6.053779419E+00-6.007576267E+00
-5.964053877E+00-5.923199958E+00-5.885012144E+00-5.849497174E+00-5.816670649E+00
-5.786556051E+00-5.759184702E+00-5.734594900E+00-5.712831755E+00-5.693946487E+00
-5.677996185E+00-5.665043297E+00-5.655155156E+00-5.648403626E+00-5.644864709E+00
-5.644618031E+00-5.647746408E+00-5.654335573E+00-5.664473584E+00-5.678250546E+00
-5.695757945E+00-5.717088604E+00-5.742335822E+00-5.771593408E+00-5.804954896E+00
-5.842513465E+00-5.884361309E+00-5.930589558E+00-5.981287767E+00-6.036543717E+00
-6.096443062E+00-6.161069290E+00-6.230503405E+00-6.304823654E+00-6.384105761E+00
-6.468422577E+00-6.557844114E+00-6.652437666E+00-6.752267610E+00-6.857395725E+00
-6.967881110E+00-7.083780342E+00-7.205147477E+00-7.332034206E+00-7.464489779E+00
-7.602561198E+00-7.746292868E+00-7.895726590E+00-8.050901211E+00-8.211852153E+00
-8.378610855E+00-8.551203912E+00-8.729651850E+00-8.913967988E+00-9.104156461E+00
-9.300210100E+00-9.502107904E+00-9.709811853E+00-9.923263045E+00-1.014237736E+01
-1.036704012E+01-1.059709993E+01-1.083236174E+01-1.107257852E+01-1.131744208E+01
-1.156657234E+01-1.181950569E+01-1.207568175E+01-1.233442933E+01-1.259495077E+01
-1.285630625E+01-1.311739768E+01-1.337695309E+01-1.363351302E+01-1.388542022E+01
-1.413081453E+01-1.436763521E+01-1.459363375E+01-1.480639889E+01-1.500339626E+01
-1.518202350E+01-1.533967925E+01-1.547384384E+01-1.558216613E+01-1.566255055E+01
-1.571323820E+01-1.573287658E+01-1.572057422E+01-1.567593821E+01-1.559909436E+01
-1.549068961E+01-1.535187705E+01-1.518428403E+01-1.498996329E+01-1.477132806E+01
-1.453107335E+01-1.427208702E+01-1.399735632E+01-1.370987608E+01-1.341256558E+01
-7.850941692E+00-8.102673443E+00-8.229895026E+00-8.227671413E+00-8.107014410E+00
-7.959632875E+00-7.818019387E+00-7.682443435E+00-7.552647428E+00-7.428349779E+00
-7.309268587E+00-7.195132076E+00-7.085684034E+00-6.980685660E+00-6.879915966E+00
-6.783171335E+00-6.690264976E+00-6.601026409E+00-6.515300795E+00-6.432948503E+00
-6.353844677E+00-6.277878723E+00-6.204953758E+00-6.134986415E+00-6.067906167E+00
-6.003654823E+00-5.942186403E+00-5.883466237E+00-5.827470881E+00-5.774187493E+00
-5.723613470E+00-5.675755945E+00-5.630631544E+00-5.588265797E+00-5.548692865E+00
-5.511955100E+00-5.478102737E+00-5.447193378E+00-5.419291717E+00-5.394469104E+00
-5.372803117E+00-5.354377244E+00-5.339280447E+00-5.327606694E+00-5.319454562E+00
-5.314926725E+00-5.314129600E+00-5.317172874E+00-5.324168915E+00-5.335232414E+00
-5.350479755E+00-5.370028703E+00-5.393997771E+00-5.422505787E+00-5.455671460E+00
-5.493612871E+00-5.536447074E+00-5.584289588E+00-5.637254316E+00-5.695452798E+00
-5.758994325E+00-5.827985396E+00-5.902529708E+00-5.982727926E+00-6.068677722E+00
-6.160473653E+00-6.258207125E+00-6.361966708E+00-6.471838096E+00-6.587904302E+00
-6.710245976E+00-6.838941445E+00-6.974067221E+00-7.115697967E+00-7.263906963E+00
-7.418766037E+00-7.580345829E+00-7.748715841E+00-7.923944154E+00-8.106097196E+00
-8.295239384E+00-8.491432220E+00-8.694733502E+00-8.905195633E+00-9.122864039E+00
-9.347774771E+00-9.579951585E+00-9.819402402E+00-1.006611473E+01-1.032005052E+01
-1.058113939E+01-1.084927118E+01-1.112428665E+01-1.140596650E+01-1.169401894E+01
-1.198806474E+01-1.228762037E+01-1.259207852E+01-1.290068648E+01-1.321252178E+01
-1.352646628E+01-1.384117856E+01-1.415506625E+01-1.446625997E+01-1.477259199E+01
-1.507158283E+01-1.536044130E+01-1.563608345E+01-1.589517604E+01-1.613420832E+01
-1.634959323E+01-1.653779271E+01-1.669545787E+01-1.681957054E+01-1.690757186E+01
-1.695746869E+01-1.696791157E+01-1.693824510E+01-1.686853204E+01-1.675955529E+01
-1.661279819E+01-1.643040332E+01-1.621510702E+01-1.597014803E+01-1.569915010E+01
-1.540598376E+01-1.509461708E+01-1.476896971E+01-1.443278478E+01-7.869104142E+00
-8.124730585E+00-8.247734521E+00-8.241726219E+00-8.094431520E+00-7.942193913E+00
-7.797372895E+00-7.658204483E+00-7.524282431E+00-7.395257231E+00-7.270830825E+00
-7.150752793E+00-7.034810616E+00-6.922820496E+00-6.814619912E+00-6.710062415E+00
-6.609014444E+00-6.511353624E+00-6.416967667E+00-6.325754214E+00-6.237620717E+00
-6.152484554E+00-6.070273115E+00-5.990923989E+00-5.914385131E+00-5.840614659E+00
-5.769581211E+00-5.701263592E+00-5.635650808E+00-5.572741952E+00-5.512545931E+00
-5.455081457E+00-5.400376662E+00-5.348469016E+00-5.299404850E+00-5.253239443E+00
-5.210036384E+00-5.169867577E+00-5.132812728E+00-5.098959026E+00-5.068400989E+00
-5.041239757E+00-5.017583007E+00-4.997544405E+00-4.981243135E+00-4.968803501E+00
-4.960354377E+00-4.956028697E+00-4.955963018E+00-4.960296775E+00-4.969171923E+00
-4.982732268E+00-5.001122800E+00-5.024489257E+00-5.052977455E+00-5.086732738E+00
-5.125899543E+00-5.170620654E+00-5.221037080E+00-5.277287230E+00-5.339506914E+00
-5.407828828E+00-5.482382320E+00-5.563293349E+00-5.650684211E+00-5.744673812E+00
-5.845377394E+00-5.952907050E+00-6.067371598E+00-6.188877261E+00-6.317527775E+00
-6.453424909E+00-6.596668934E+00-6.747359176E+00-6.905594487E+00-7.071473719E+00
-7.245096317E+00-7.426562670E+00-7.615974427E+00-7.813434697E+00-8.019048162E+00
-8.232920808E+00-8.455159484E+00-8.685871239E+00-8.925161898E+00-9.173134530E+00
-9.429887003E+00-9.695509147E+00-9.970078579E+00-1.025365578E+01-1.054627797E+01
-1.084795119E+01-1.115864092E+01-1.147826021E+01-1.180665579E+01-1.214359092E+01
-1.248872499E+01-1.284158942E+01-1.320155891E+01-1.356781837E+01-1.393932446E+01
-1.431476209E+01-1.469249653E+01-1.507052225E+01-1.544641158E+01-1.581726810E+01
-1.617969338E+01-1.652977796E+01-1.686313225E+01-1.717497177E+01-1.746026563E+01
-1.771394508E+01-1.793114960E+01-1.810747625E+01-1.823919502E+01-1.832340841E+01
-1.835815021E+01-1.834243481E+01-1.827627252E+01-1.816066402E+01-1.799757882E+01
-1.778991431E+01-1.754142425E+01-1.725660231E+01-1.694051020E+01-1.659855171E+01
-1.623621291E+01-1.585880477E+01-1.547124767E+01-7.815513202E+00-8.058412476E+00
-8.178483494E+00-8.170607511E+00-8.046890174E+00-7.895607959E+00-7.749528805E+00
-7.608573126E+00-7.472119083E+00-7.339734232E+00-7.211135489E+00-7.086136061E+00
-6.964605025E+00-6.846441796E+00-6.731561113E+00-6.619885320E+00-6.511340859E+00
-6.405856968E+00-6.303365685E+00-6.203802631E+00-6.107107801E+00-6.013226667E+00
-5.922111082E+00-5.833719953E+00-5.748020027E+00-5.664986522E+00-5.584603403E+00
-5.506863775E+00-5.431770120E+00-5.359334533E+00-5.289578605E+00-5.222533738E+00
-5.158240867E+00-5.096750502E+00-5.038122688E+00-4.982426688E+00-4.929741024E+00
-4.880153125E+00-4.833759202E+00-4.790663861E+00-4.750979862E+00-4.714827845E+00
-4.682335741E+00-4.653638687E+00-4.628878247E+00-4.608202166E+00-4.591763668E+00
-4.579721059E+00-4.572236941E+00-4.569477656E+00-4.571612778E+00-4.578814129E+00
-4.591255339E+00-4.609110987E+00-4.632555967E+00-4.661764856E+00-4.696910970E+00
-4.738166132E+00-4.785699716E+00-4.839678344E+00-4.900265206E+00-4.967619948E+00
-5.041898079E+00-5.123250891E+00-5.211825463E+00-5.307764419E+00-5.411206287E+00
-5.522285655E+00-5.641133406E+00-5.767877431E+00-5.902642941E+00-6.045553413E+00
-6.196731023E+00-6.356297870E+00-6.524376524E+00-6.701091173E+00-6.886568524E+00
-7.080938594E+00-7.284335933E+00-7.496900169E+00-7.718776846E+00-7.950117885E+00
-8.191082144E+00-8.441835140E+00-8.702549126E+00-8.973402108E+00-9.254576622E+00
-9.546257765E+00-9.848630282E+00-1.016187478E+01-1.048616240E+01-1.082164811E+01
-1.116846181E+01-1.152669722E+01-1.189639780E+01-1.227753882E+01-1.267000546E+01
-1.307356538E+01-1.348783495E+01-1.391223797E+01-1.434595539E+01-1.478786439E+01
-1.523646590E+01-1.568979893E+01-1.614534262E+01-1.659990877E+01-1.704953308E+01
-1.748938398E+01-1.791372065E+01-1.831594852E+01-1.868882256E+01-1.902482129E+01
-1.931664478E+01-1.955772168E+01-1.974260052E+01-1.986716636E+01-1.992870617E+01
-1.992588830E+01-1.985871723E+01-1.972850123E+01-1.953784324E+01-1.929064405E+01
-1.899208404E+01-1.864853252E+01-1.826732516E+01-1.785637540E+01-1.742365588E+01
-1.697666395E+01-1.652201175E+01-7.750832367E+00-7.985393347E+00-8.100366619E+00
-8.091269023E+00-7.968950318E+00-7.820396736E+00-7.676492498E+00-7.536299903E+00
-7.399069342E+00-7.264531756E+00-7.132632107E+00-7.003391707E+00-6.876848224E+00
-6.753032388E+00-6.631960905E+00-6.513635942E+00-6.398047176E+00-6.285174986E+00
-6.174993251E+00-6.067472500E+00-5.962582238E+00-5.860293191E+00-5.760579199E+00
-5.663418670E+00-5.568795805E+00-5.476701662E+00-5.387135057E+00-5.300103004E+00
-5.215621460E+00-5.133715640E+00-5.054420215E+00-4.977779707E+00-4.903848486E+00
-4.832690931E+00-4.764381507E+00-4.699004606E+00-4.636654629E+00-4.577435668E+00
-4.521461667E+00-4.468855945E+00-4.419751080E+00-4.374288476E+00-4.332618283E+00
-4.294898690E+00-4.261295606E+00-4.231982191E+00-4.207138185E+00-4.186949393E+00
-4.171606864E+00-4.161306252E+00-4.156247077E+00-4.156631771E+00-4.162665053E+00
-4.174552822E+00-4.192501492E+00-4.216717002E+00-4.247404032E+00-4.284765171E+00
-4.329000134E+00-4.380305131E+00-4.438872192E+00-4.504888700E+00-4.578536916E+00
-4.659993861E+00-4.749430960E+00-4.847014164E+00-4.952904260E+00-5.067256875E+00
-5.190223264E+00-5.321950818E+00-5.462583778E+00-5.612264493E+00-5.771134132E+00
-5.939334215E+00-6.117007841E+00-6.304301062E+00-6.501364542E+00-6.708354932E+00
-6.925436723E+00-7.152783508E+00-7.390579794E+00-7.639022420E+00-7.898321895E+00
-8.168703465E+00-8.450408253E+00-8.743693733E+00-9.048833926E+00-9.366119088E+00
-9.695854639E+00-1.003835904E+01-1.039396082E+01-1.076299382E+01-1.114579075E+01
-1.154267427E+01-1.195394498E+01-1.237986573E+01-1.282064078E+01-1.327638918E+01
-1.374710996E+01-1.423263776E+01-1.473258567E+01-1.524627244E+01-1.577262914E+01
-1.631007995E+01-1.685638983E+01-1.740847146E+01-1.796214485E+01-1.851185347E+01
-1.905037070E+01-1.956860142E+01-2.005569537E+01-2.049973374E+01-2.088899371E+01
-2.121328894E+01-2.146475897E+01-2.163797548E+01-2.172966928E+01-2.173839826E+01
-2.166431468E+01-2.150907454E+01-2.127588430E+01-2.096966334E+01-2.059727357E+01
-2.016770571E+01-1.969199860E+01-1.918259685E+01-1.865206856E+01-1.811164922E+01
-1.757031983E+01-7.667988412E+00-7.891183505E+00-7.996490808E+00-7.991045914E+00
-7.857543859E+00-7.720432362E+00-7.584260969E+00-7.447143838E+00-7.309966584E+00
-7.173529720E+00-7.038402959E+00-6.904976234E+00-6.773513522E+00-6.644191330E+00
-6.517124861E+00-6.392385941E+00-6.270015899E+00-6.150034632E+00-6.032447774E+00
-5.917251779E+00-5.804438254E+00-5.693997115E+00-5.585919180E+00-5.480198224E+00
-5.376832870E+00-5.275827568E+00-5.177194060E+00-5.080952045E+00-4.987129891E+00
-4.895765381E+00-4.806905914E+00-4.720609051E+00-4.636942755E+00-4.555985589E+00
-4.477826793E+00-4.402566439E+00-4.330315556E+00-4.261195887E+00-4.195340009E+00
-4.132891140E+00-4.074002936E+00-4.018839298E+00-3.967573859E+00-3.920389930E+00
-3.877479710E+00-3.839043945E+00-3.805291243E+00-3.776437373E+00-3.752704527E+00
-3.734320448E+00-3.721517526E+00-3.714531839E+00-3.713602119E+00-3.718968711E+00
-3.730872477E+00-3.749553732E+00-3.775251153E+00-3.808200753E+00-3.848634910E+00
-3.896781432E+00-3.952862780E+00-4.017095410E+00-4.089689106E+00-4.170846813E+00
-4.260764150E+00-4.359629720E+00-4.467625074E+00-4.584925184E+00-4.711699074E+00
-4.848110684E+00-4.994319894E+00-5.150483830E+00-5.316758395E+00-5.493299726E+00
-5.680266368E+00-5.877820959E+00-6.086132601E+00-6.305379104E+00-6.535749307E+00
-6.777445564E+00-7.030686385E+00-7.295708715E+00-7.572770896E+00-7.862154749E+00
-8.164168378E+00-8.479148173E+00-8.807461215E+00-9.149506660E+00-9.505717542E+00
-9.876561178E+00-1.026253943E+01-1.066418751E+01-1.108207145E+01-1.151678363E+01
-1.196893587E+01-1.243914899E+01-1.292803781E+01-1.343619053E+01-1.396414018E+01
-1.451232570E+01-1.508103991E+01-1.567035928E+01-1.628004927E+01-1.690943607E+01
-1.755722991E+01-1.822127574E+01-1.889819152E+01-1.958282564E+01-2.026742584E+01
-2.094041758E+01-2.158505503E+01-2.217968774E+01-2.270226704E+01-2.313615877E+01
-2.347139212E+01-2.370270913E+01-2.382768015E+01-2.384564123E+01-2.375722701E+01
-2.356427469E+01-2.326999768E+01-2.287942639E+01-2.240018820E+01-2.184373027E+01
-2.122680839E+01-2.057168684E+01-1.990201918E+01-1.923630023E+01-1.858570254E+01
-7.541192774E+00-7.729249040E+00-7.825145682E+00-7.823308614E+00-7.741354175E+00
-7.621600596E+00-7.488799729E+00-7.350892919E+00-7.211083206E+00-7.070975713E+00
-6.931482849E+00-6.793162977E+00-6.656372545E+00-6.521343651E+00-6.388227550E+00
-6.257121519E+00-6.128086035E+00-6.001156321E+00-5.876351171E+00-5.753678661E+00
-5.633141274E+00-5.514739088E+00-5.398473050E+00-5.284346901E+00-5.172369034E+00
-5.062554066E+00-4.954924022E+00-4.849509080E+00-4.746348601E+00-4.645491677E+00
-4.546997681E+00-4.450936627E+00-4.357389716E+00-4.266449576E+00-4.178220338E+00
-4.092818034E+00-4.010370672E+00-3.931018260E+00-3.854912833E+00-3.782218452E+00
-3.713111044E+00-3.647778230E+00-3.586419029E+00-3.529243525E+00-3.476472374E+00
-3.428336260E+00-3.385075238E+00-3.346937957E+00-3.314180783E+00-3.287066826E+00
-3.265864864E+00-3.250848169E+00-3.242293290E+00-3.240478720E+00-3.245683574E+00
-3.258186200E+00-3.278262829E+00-3.306186232E+00-3.342224436E+00-3.386639540E+00
-3.439686652E+00-3.501612934E+00-3.572656893E+00-3.653047809E+00-3.743005431E+00
-3.842739911E+00-3.952452004E+00-4.072333552E+00-4.202568230E+00-4.343332586E+00
-4.494797495E+00-4.657129616E+00-4.830493440E+00-5.015053340E+00-5.210976095E+00
-5.418433483E+00-5.637605088E+00-5.868681561E+00-6.111867700E+00-6.367385914E+00
-6.635479886E+00-6.916418280E+00-7.210498521E+00-7.518051011E+00-7.839443108E+00
-8.175083302E+00-8.525425671E+00-8.890974169E+00-9.272286847E+00-9.669980422E+00
-1.008473398E+01-1.051729299E+01-1.096847219E+01-1.143915798E+01-1.193030895E+01
-1.244295460E+01-1.297819113E+01-1.353717294E+01-1.412109821E+01-1.473118711E+01
-1.536864898E+01-1.603463577E+01-1.673017631E+01-1.745608538E+01-1.821283702E+01
-1.900038467E+01-1.981789538E+01-2.066332404E+01-2.153263839E+01-2.241809220E+01
-2.330275061E+01-2.413680132E+01-2.484945058E+01-2.542245914E+01-2.585544110E+01
-2.615000879E+01-2.630786981E+01-2.633057219E+01-2.621950433E+01-2.597605067E+01
-2.560194348E+01-2.509979382E+01-2.447386548E+01-2.373163718E+01-2.288856870E+01
-2.198956518E+01-2.111406957E+01-2.028802013E+01-1.951123166E+01-7.549838303E+00
-7.757639253E+00-7.850531467E+00-7.824145808E+00-7.696159250E+00-7.547677571E+00
-7.400053298E+00-7.252625115E+00-7.105462443E+00-6.958940205E+00-6.813424066E+00
-6.669201759E+00-6.526483555E+00-6.385416613E+00-6.246100375E+00-6.108599259E+00
-5.972952270E+00-5.839181197E+00-5.707296282E+00-5.577301230E+00-5.449196711E+00
-5.322983590E+00-5.198665138E+00-5.076249039E+00-4.955749002E+00-4.837185949E+00
-4.720589154E+00-4.605997070E+00-4.493458119E+00-4.383031320E+00-4.274786766E+00
-4.168806170E+00-4.065183342E+00-3.964024422E+00-3.865448283E+00-3.769586798E+00
-3.676585077E+00-3.586601645E+00-3.499808548E+00-3.416391429E+00-3.336549474E+00
-3.260495333E+00-3.188454881E+00-3.120666917E+00-3.057382721E+00-2.998865476E+00
-2.945389571E+00-2.897239763E+00-2.854710175E+00-2.818103160E+00-2.787728055E+00
-2.763899737E+00-2.746937150E+00-2.737161656E+00-2.734895369E+00-2.740459387E+00
-2.754172065E+00-2.776347263E+00-2.807292672E+00-2.847308219E+00-2.896684655E+00
-2.955702266E+00-3.024629829E+00-3.103723849E+00-3.193228045E+00-3.293373183E+00
-3.404377231E+00-3.526445913E+00-3.659773567E+00-3.804544458E+00-3.960934420E+00
-4.129112794E+00-4.309244971E+00-4.501494969E+00-4.706028541E+00-4.923016405E+00
-5.152638140E+00-5.395085820E+00-5.650568417E+00-5.919316140E+00-6.201585086E+00
-6.497662394E+00-6.807871298E+00-7.132576672E+00-7.472191026E+00-7.827180573E+00
-8.198072039E+00-8.585459565E+00-8.990012307E+00-9.412482712E+00-9.853715066E+00
-1.031465495E+01-1.079635901E+01-1.130000529E+01-1.182690416E+01-1.237850882E+01
-1.295642586E+01-1.356242430E+01-1.419844278E+01-1.486659341E+01-1.556916057E+01
-1.630859345E+01-1.708749088E+01-1.790857893E+01-1.877468532E+01-1.968872177E+01
-2.065370381E+01-2.167287672E+01-2.275013185E+01-2.389126084E+01-2.510642471E+01
-2.624559327E+01-2.715738432E+01-2.786656802E+01-2.837537346E+01-2.871331260E+01
-2.889529662E+01-2.892354043E+01-2.878850448E+01-2.847365853E+01-2.799795024E+01
-2.736804482E+01-2.657942410E+01-2.561468964E+01-2.444647814E+01-2.320697871E+01
-2.212241305E+01-2.114865728E+01-2.026051136E+01-7.529358115E+00-7.743797518E+00
-7.834038559E+00-7.795583264E+00-7.631022881E+00-7.465363732E+00-7.304353022E+00
-7.146179765E+00-6.990181621E+00-6.836048951E+00-6.683659382E+00-6.532976705E+00
-6.383997256E+00-6.236724936E+00-6.091161045E+00-5.947301210E+00-5.805135699E+00
-5.664651314E+00-5.525833318E+00-5.388667844E+00-5.253143702E+00-5.119254195E+00
-4.986998652E+00-4.856383535E+00-4.727423658E+00-4.600143055E+00-4.474575609E+00
-4.350765840E+00-4.228769500E+00-4.108654000E+00-3.990499005E+00-3.874396906E+00
-3.760453132E+00-3.648786724E+00-3.539530670E+00-3.432832287E+00-3.328853577E+00
-3.227771533E+00-3.129778392E+00-3.035081812E+00-2.943904993E+00-2.856486666E+00
-2.773081004E+00-2.693957356E+00-2.619399885E+00-2.549706992E+00-2.485190601E+00
-2.426175241E+00-2.372996933E+00-2.326001885E+00-2.285544987E+00-2.251988131E+00
-2.225698346E+00-2.207045793E+00-2.196401613E+00-2.194135736E+00-2.200614583E+00
-2.216198819E+00-2.241241114E+00-2.276084040E+00-2.321058118E+00-2.376480069E+00
-2.442651368E+00-2.519857094E+00-2.608365160E+00-2.708425960E+00-2.820272434E+00
-2.944120640E+00-3.080170754E+00-3.228608593E+00-3.389607586E+00-3.563331247E+00
-3.749936078E+00-3.949574876E+00-4.162400566E+00-4.388570181E+00-4.628249435E+00
-4.881617476E+00-5.148872166E+00-5.430235362E+00-5.725958748E+00-6.036330094E+00
-6.361679685E+00-6.702387250E+00-7.058889529E+00-7.431688351E+00-7.821359220E+00
-8.228561284E+00-8.654047699E+00-9.098677606E+00-9.563429443E+00-1.004941581E+01
-1.055790050E+01-1.109031763E+01-1.164829310E+01-1.223366928E+01-1.284853208E+01
-1.349524134E+01-1.417646384E+01-1.489520836E+01-1.565486226E+01-1.645922822E+01
-1.731256055E+01-1.821960230E+01-1.918562944E+01-2.021651874E+01-2.131887480E+01
-2.250028240E+01-2.376978449E+01-2.513875319E+01-2.656159177E+01-2.775682421E+01
-2.873426637E+01-2.950863293E+01-3.007125137E+01-3.042583834E+01-3.060140666E+01
-3.060404369E+01-3.043236687E+01-3.006158540E+01-2.948367538E+01-2.871637652E+01
-2.775469803E+01-2.658541101E+01-2.518724875E+01-2.389863314E+01-2.274308136E+01
-2.170014453E+01-2.075165193E+01-7.440275254E+00-7.652545257E+00-7.738672586E+00
-7.694523670E+00-7.535443837E+00-7.361295811E+00-7.191227023E+00-7.024573517E+00
-6.860816405E+00-6.699568866E+00-6.540554120E+00-6.383574266E+00-6.228483643E+00
-6.075169650E+00-5.923541116E+00-5.773521331E+00-5.625044498E+00-5.478054355E+00
-5.332503427E+00-5.188353416E+00-5.045575326E+00-4.904150166E+00-4.764069189E+00
-4.625334484E+00-4.487959327E+00-4.351968541E+00-4.217398885E+00-4.084299332E+00
-3.952731502E+00-3.822770046E+00-3.694502984E+00-3.568032177E+00-3.443473776E+00
-3.320958706E+00-3.200633152E+00-3.082659087E+00-2.967214750E+00-2.854495122E+00
-2.744712371E+00-2.638096210E+00-2.534894193E+00-2.435371897E+00-2.339812967E+00
-2.248519021E+00-2.161809345E+00-2.080020414E+00-2.003505164E+00-1.932632032E+00
-1.867783727E+00-1.809355737E+00-1.757754585E+00-1.713395766E+00-1.676701502E+00
-1.648098218E+00-1.628013847E+00-1.616874986E+00-1.615103931E+00-1.623115720E+00
-1.641315154E+00-1.670093984E+00-1.709828217E+00-1.760875740E+00-1.823574262E+00
-1.898239648E+00-1.985164767E+00-2.084618823E+00-2.196847301E+00-2.322072478E+00
-2.460494575E+00-2.612293526E+00-2.777631346E+00-2.956655109E+00-3.149500473E+00
-3.356295726E+00-3.577166331E+00-3.812239895E+00-4.061651556E+00-4.325549748E+00
-4.604102243E+00-4.897502848E+00-5.205977831E+00-5.529793452E+00-5.869263527E+00
-6.224757501E+00-6.596709240E+00-6.985626598E+00-7.392101904E+00-7.816823502E+00
-8.260588872E+00-8.724319560E+00-9.209077888E+00-9.716087085E+00-1.024675378E+01
-1.080269519E+01-1.138577081E+01-1.199811970E+01-1.264220478E+01-1.332086472E+01
-1.403737474E+01-1.479551631E+01-1.559965568E+01-1.645482914E+01-1.736683006E+01
-1.834229065E+01-1.938874870E+01-2.051469047E+01-2.172956976E+01-2.304381578E+01
-2.446884866E+01-2.601145765E+01-2.744018945E+01-2.863263064E+01-2.959440196E+01
-3.035138921E+01-3.091426398E+01-3.128464901E+01-3.145008485E+01-3.140658275E+01
-3.116885265E+01-3.073522919E+01-3.009501186E+01-2.922342106E+01-2.810616335E+01
-2.675020625E+01-2.535768462E+01-2.409527840E+01-2.294847368E+01-2.190368394E+01
-2.094809322E+01-7.328493910E+00-7.536634521E+00-7.618976845E+00-7.570691562E+00
-7.413643350E+00-7.234049445E+00-7.057595383E+00-6.884580636E+00-6.714642299E+00
-6.547439253E+00-6.382671472E+00-6.220080814E+00-6.059446603E+00-5.900580550E+00
-5.743321630E+00-5.587532341E+00-5.433096022E+00-5.279914804E+00-5.127908431E+00
-4.977013116E+00-4.827181108E+00-4.678379822E+00-4.530591570E+00-4.383813119E+00
-4.238055502E+00-4.093343659E+00-3.949716437E+00-3.807226643E+00-3.665940940E+00
-3.525940239E+00-3.387319898E+00-3.250190159E+00-3.114676620E+00-2.980920813E+00
-2.849080818E+00-2.719331956E+00-2.591867480E+00-2.466899284E+00-2.344658590E+00
-2.225396579E+00-2.109384949E+00-1.996916357E+00-1.888304705E+00-1.783885259E+00
-1.684014545E+00-1.589069966E+00-1.499449187E+00-1.415569139E+00-1.337864706E+00
-1.266787081E+00-1.202801673E+00-1.146385731E+00-1.098025515E+00-1.058213209E+00
-1.027443481E+00-1.006209818E+00-9.950006921E-01-9.942956076E-01-1.004561161E+00
-1.026247202E+00-1.059783197E+00-1.105574895E+00-1.164001442E+00-1.235412996E+00
-1.320128977E+00-1.418436989E+00-1.530592495E+00-1.656819291E+00-1.797310773E+00
-1.952232018E+00-2.121722630E+00-2.305900355E+00-2.504865371E+00-2.718705209E+00
-2.947500243E+00-3.191329657E+00-3.450277876E+00-3.724441318E+00-4.013935553E+00
-4.318902705E+00-4.639519188E+00-4.976003866E+00-5.328626464E+00-5.697716559E+00
-6.083673263E+00-6.486975395E+00-6.908193102E+00-7.348000465E+00-7.807189684E+00
-8.286687664E+00-8.787575010E+00-9.311108437E+00-9.858747214E+00-1.043218527E+01
-1.103338942E+01-1.166464634E+01-1.232861987E+01-1.302842124E+01-1.376769546E+01
-1.455072647E+01-1.538256408E+01-1.626917272E+01-1.721759641E+01-1.823612385E+01
-1.933441607E+01-2.052353757E+01-2.181581757E+01-2.322450269E+01-2.476370321E+01
-2.631951173E+01-2.767068127E+01-2.881816071E+01-2.973678047E+01-3.044819211E+01
-3.097349039E+01-3.131503322E+01-3.146691671E+01-3.139289751E+01-3.110543614E+01
-3.061340318E+01-2.990690185E+01-2.896750429E+01-2.774703165E+01-2.633782275E+01
-2.504432744E+01-2.385971471E+01-2.277324399E+01-2.177467210E+01-2.085446459E+01
-7.215558366E+00-7.423177410E+00-7.502320439E+00-7.449045323E+00-7.269418993E+00
-7.083992349E+00-6.902836541E+00-6.725101492E+00-6.550467122E+00-6.378611304E+00
-6.209219473E+00-6.041995387E+00-5.876667113E+00-5.712990376E+00-5.550749307E+00
-5.389756405E+00-5.229851631E+00-5.070901303E+00-4.912796365E+00-4.755451122E+00
-4.598801669E+00-4.442804313E+00-4.287434429E+00-4.132685279E+00-3.978566911E+00
-3.825105466E+00-3.672342526E+00-3.520334818E+00-3.369153989E+00-3.218886642E+00
-3.069634587E+00-2.921515207E+00-2.774662044E+00-2.629225495E+00-2.485373635E+00
-2.343293131E+00-2.203190252E+00-2.065291866E+00-1.929846499E+00-1.797125332E+00
-1.667423127E+00-1.541059048E+00-1.418377327E+00-1.299747717E+00-1.185565672E+00
-1.076252249E+00-9.722536107E-01-8.740401495E-01-7.821051472E-01-6.969629490E-01
-6.191466105E-01-5.492050613E-01-4.876997011E-01-4.352005103E-01-3.922817391E-01
-3.595171484E-01-3.374750014E-01-3.267128263E-01-3.277721256E-01-3.411731498E-01
-3.674099034E-01-4.069455202E-01-4.602081891E-01-5.275877329E-01-6.094330161E-01
-7.060502612E-01-8.177023674E-01-9.446092494E-01-1.086949287E+00-1.244861792E+00
-1.418450515E+00-1.607788091E+00-1.812921327E+00-2.033877267E+00-2.270669874E+00
-2.523307256E+00-2.791799291E+00-3.076165595E+00-3.376443735E+00-3.692697637E+00
-4.025026158E+00-4.373571961E+00-4.738530377E+00-5.120158880E+00-5.518786964E+00
-5.934826471E+00-6.368782971E+00-6.821268412E+00-7.293015069E+00-7.784891655E+00
-8.297922234E+00-8.833308168E+00-9.392454788E+00-9.977003504E+00-1.058887125E+01
-1.123029955E+01-1.190391620E+01-1.261281323E+01-1.336064745E+01-1.415177089E+01
-1.499140101E+01-1.588584489E+01-1.684279016E+01-1.787167057E+01-1.898407776E+01
-2.019409440E+01-2.151823943E+01-2.297459631E+01-2.455833844E+01-2.597867151E+01
-2.719666613E+01-2.823086240E+01-2.908623975E+01-2.975948056E+01-3.023737673E+01
-3.052493419E+01-3.063029000E+01-3.054750798E+01-3.026109045E+01-2.974422790E+01
-2.898806788E+01-2.798572694E+01-2.672792808E+01-2.547607388E+01-2.432224885E+01
-2.325587767E+01-2.226816563E+01-2.135144834E+01-2.049890734E+01-7.052124131E+00
-7.255197687E+00-7.330536760E+00-7.274077478E+00-7.099653894E+00-6.911256628E+00
-6.726775604E+00-6.545755881E+00-6.367858901E+00-6.192725422E+00-6.019992143E+00
-5.849306797E+00-5.680339099E+00-5.512788078E+00-5.346386255E+00-5.180901369E+00
-5.016136464E+00-4.851928665E+00-4.688147126E+00-4.524690827E+00-4.361485896E+00
-4.198483397E+00-4.035656816E+00-3.873000086E+00-3.710525946E+00-3.548264437E+00
-3.386261867E+00-3.224580102E+00-3.063296138E+00-2.902502049E+00-2.742305161E+00
-2.582828523E+00-2.424211623E+00-2.266611317E+00-2.110202913E+00-1.955181455E+00
-1.801763105E+00-1.650186590E+00-1.500714734E+00-1.353635959E+00-1.209265750E+00
-1.067948004E+00-9.300562290E-01-7.959945193E-01-6.661982048E-01-5.411341584E-01
-4.213006620E-01-3.072267239E-01-1.994708480E-01-9.861912468E-02-5.282638866E-03
 7.990585849E-02 1.562960252E-01 2.232247304E-01 2.800215484E-01 3.260148620E-01
 3.605384672E-01 3.829385372E-01 3.925807733E-01 3.888575390E-01 3.711947671E-01
 3.390584108E-01 2.919602146E-01 2.294625964E-01 1.511824459E-01 5.679369090E-02
-5.397149393E-02-1.813228988E-01-3.254139297E-01-4.863446791E-01-6.641663397E-01
-8.588868110E-01-1.070477430E+00-1.298880552E+00-1.544017874E+00-1.805799288E+00
-2.084132093E+00-2.378930381E+00-2.690124541E+00-3.017670713E+00-3.361560183E+00
-3.721828685E+00-4.098565671E+00-4.491923559E+00-4.902127174E+00-5.329483634E+00
-5.774392250E+00-6.237356112E+00-6.718993864E+00-7.220053778E+00-7.741429546E+00
-8.284178880E+00-8.849545770E+00-9.438987238E+00-1.005420655E+01-1.069719428E+01
-1.137028058E+01-1.207620245E+01-1.281819271E+01-1.360009992E+01-1.442655576E+01
-1.530321748E+01-1.623713504E+01-1.723733735E+01-1.831581279E+01-1.948916168E+01
-2.078085526E+01-2.222384355E+01-2.365158982E+01-2.490710945E+01-2.596533392E+01
-2.686685170E+01-2.762037170E+01-2.822612854E+01-2.866861253E+01-2.891177294E+01
-2.898852369E+01-2.889824365E+01-2.863058306E+01-2.815437196E+01-2.741373413E+01
-2.641521051E+01-2.529209401E+01-2.424784405E+01-2.327150285E+01-2.235557970E+01
-2.149490512E+01-2.068535655E+01-1.992330997E+01-6.861996136E+00-7.059249047E+00
-7.130966780E+00-7.072238064E+00-6.905185602E+00-6.715473938E+00-6.529064598E+00
-6.346281366E+00-6.166693647E+00-5.989837437E+00-5.815248534E+00-5.642482042E+00
-5.471126632E+00-5.300813136E+00-5.131219463E+00-4.962071671E+00-4.793142702E+00
-4.624249823E+00-4.455250763E+00-4.286039735E+00-4.116543260E+00-3.946716383E+00
-3.776538968E+00-3.606012833E+00-3.435159095E+00-3.264016158E+00-3.092638236E+00
-2.921094305E+00-2.749467569E+00-2.577855332E+00-2.406369268E+00-2.235136071E+00
-2.064298399E+00-1.894016130E+00-1.724467869E+00-1.555852683E+00-1.388391986E+00
-1.222331607E+00-1.057943927E+00-8.955300687E-01-7.354220696E-01-5.779849949E-01
-4.236188610E-01-2.727603937E-01-1.258843780E-01 1.649534663E-02 1.538254596E-01
 2.855133579E-01 4.109281078E-01 5.294022522E-01 6.402345513E-01 7.426937396E-01
 8.360233640E-01 9.194476695E-01 9.921785219E-01 1.053423288E+00 1.102393534E+00
 1.138314359E+00 1.160434087E+00 1.168034098E+00 1.160438445E+00 1.137022892E+00
 1.097223154E+00 1.040541866E+00 9.665541272E-01 8.749113293E-01 7.653430912E-01
 6.376572433E-01 4.917377824E-01 3.275409349E-01 1.450893721E-01-5.553516748E-02
-2.742006220E-01-5.107344401E-01-7.649342100E-01-1.036578769E+00-1.325439535E+00
-1.631291834E+00-1.953925960E+00-2.293157874E+00-2.648839444E+00-3.020868129E+00
-3.409196225E+00-3.813839590E+00-4.234886111E+00-4.672503980E+00-5.126949887E+00
-5.598577519E+00-6.087846586E+00-6.595332316E+00-7.121736488E+00-7.667899528E+00
-8.234814768E+00-8.823645194E+00-9.435743304E+00-1.007267514E+01-1.073624975E+01
-1.142855553E+01-1.215200644E+01-1.290940163E+01-1.370400520E+01-1.453965773E+01
-1.542094199E+01-1.635345203E+01-1.734428752E+01-1.840316634E+01-1.954612755E+01
-2.077378101E+01-2.190160559E+01-2.292311654E+01-2.383133801E+01-2.461295770E+01
-2.525382220E+01-2.575997289E+01-2.613495001E+01-2.637427968E+01-2.646455543E+01
-2.639019708E+01-2.615436118E+01-2.575436780E+01-2.517374368E+01-2.437864146E+01
-2.356353619E+01-2.276585683E+01-2.199150997E+01-2.124405989E+01-2.052548807E+01
-1.983670158E+01-1.917785164E+01-6.668864541E+00-6.864593096E+00-6.933410022E+00
-6.871460774E+00-6.687233009E+00-6.495592990E+00-6.308978892E+00-6.126334858E+00
-5.947009459E+00-5.770345793E+00-5.595711068E+00-5.422521271E+00-5.250256449E+00
-5.078467569E+00-4.906777897E+00-4.734879961E+00-4.562530115E+00-4.389541687E+00
-4.215777961E+00-4.041145089E+00-3.865585369E+00-3.689071707E+00-3.511602382E+00
-3.333196927E+00-3.153892784E+00-2.973742720E+00-2.792812966E+00-2.611182058E+00
-2.428940270E+00-2.246189590E+00-2.063044223E+00-1.879631530E+00-1.696093361E+00
-1.512587776E+00-1.329291085E+00-1.146400163E+00-9.641350426E-01-7.827416929E-01
-6.024949787E-01-4.237017294E-01-2.467038490E-01-7.188143088E-02 1.003442684E-01
 2.695080360E-01 4.350982497E-01 5.965548684E-01 7.532680533E-01 9.045775247E-01
 1.049772867E+00 1.188094933E+00 1.318738484E+00 1.440856273E+00 1.553564581E+00
 1.655950334E+00 1.747079791E+00 1.826008685E+00 1.891793699E+00 1.943505019E+00
 1.980239612E+00 2.001134852E+00 2.005382005E+00 1.992239106E+00 1.961042677E+00
 1.911217834E+00 1.842286355E+00 1.753872315E+00 1.645705078E+00 1.517619446E+00
 1.369553027E+00 1.201540831E+00 1.013707419E+00 8.062568266E-01 5.794607479E-01
 3.336453624E-01 6.917736027E-02-2.135504671E-01-5.141335567E-01-8.321694858E-01
-1.167271172E+00-1.519079128E+00-1.887272626E+00-2.271579736E+00-2.671786248E+00
-3.087743517E+00-3.519375376E+00-3.966684224E+00-4.429756591E+00-4.908767873E+00
-5.403987247E+00-5.915781951E+00-6.444621823E+00-6.991083430E+00-7.555854564E+00
-8.139738339E+00-8.743656974E+00-9.368654624E+00-1.001589830E+01-1.068667528E+01
-1.138238406E+01-1.210451367E+01-1.285460121E+01-1.363414912E+01-1.444446129E+01
-1.528630887E+01-1.615920866E+01-1.705977326E+01-1.797803684E+01-1.889226339E+01
-1.977174337E+01-2.058975501E+01-2.132825213E+01-2.197521622E+01-2.252213644E+01
-2.296259550E+01-2.329150761E+01-2.350471701E+01-2.359884537E+01-2.357140047E+01
-2.342131158E+01-2.315038153E+01-2.276675104E+01-2.229055644E+01-2.175307372E+01
-2.118309369E+01-2.059977766E+01-2.001502052E+01-1.943637212E+01-1.886872957E+01
-1.831527405E+01-6.426564726E+00-6.617305616E+00-6.683113348E+00-6.620028575E+00
-6.439629942E+00-6.249635746E+00-6.065356486E+00-5.885518818E+00-5.709106086E+00
-5.535145285E+00-5.362752218E+00-5.191157183E+00-5.019713953E+00-4.847896706E+00
-4.675290963E+00-4.501580387E+00-4.326532916E+00-4.149987171E+00-3.971839612E+00
-3.792033657E+00-3.610549819E+00-3.427397877E+00-3.242610277E+00-3.056236956E+00
-2.868341380E+00-2.678997637E+00-2.488288535E+00-2.296304481E+00-2.103143147E+00
-1.908909788E+00-1.713718114E+00-1.517691740E+00-1.320966034E+00-1.123690472E+00
-9.260313148E-01-7.281747049E-01-5.303300290E-01-3.327336388E-01-1.356527751E-01
 6.061025329E-02 2.557137662E-01 4.492723166E-01 6.408523074E-01 8.299677430E-01
 1.016076246E+00 1.198575528E+00 1.376800467E+00 1.550021090E+00 1.717441648E+00
 1.878201058E+00 2.031375011E+00 2.175979960E+00 2.310979226E+00 2.435291369E+00
 2.547800925E+00 2.647371402E+00 2.732860459E+00 2.803136854E+00 2.857098792E+00
 2.893692986E+00 2.911933833E+00 2.910921852E+00 2.889860675E+00 2.848071749E+00
 2.785006152E+00 2.700252914E+00 2.593543468E+00 2.464751999E+00 2.313891714E+00
 2.141107146E+00 1.946662966E+00 1.730929751E+00 1.494367381E+00 1.237506844E+00
 9.609311609E-01 6.652561852E-01 3.511119316E-01 1.912501205E-02-3.300974211E-01
-6.959819202E-01-1.078001011E+00-1.475683482E+00-1.888622692E+00-2.316483068E+00
-2.759004943E+00-3.216007923E+00-3.687392934E+00-4.173143118E+00-4.673323720E+00
-5.188080813E+00-5.717639130E+00-6.262298301E+00-6.822427892E+00-7.398459560E+00
-7.990876537E+00-8.600198104E+00-9.226957334E+00-9.871668267E+00-1.053477773E+01
-1.121659320E+01-1.191717349E+01-1.263616200E+01-1.337252959E+01-1.412418076E+01
-1.488737221E+01-1.565594287E+01-1.642057171E+01-1.716868275E+01-1.788565859E+01
-1.855696345E+01-1.916982244E+01-1.971380863E+01-2.018071064E+01-2.056418799E+01
-2.085947184E+01-2.106320013E+01-2.117341969E+01-2.118978955E+01-2.111402635E+01
-2.095059696E+01-2.070746972E+01-2.039631500E+01-2.003137246E+01-1.962718247E+01
-1.919659756E+01-1.874997929E+01-1.829529080E+01-1.783851691E+01-1.738410186E+01
-6.139318871E+00-6.322312180E+00-6.385350304E+00-6.323529104E+00-6.158501407E+00
-5.974639503E+00-5.796701193E+00-5.623688574E+00-5.453967877E+00-5.286089686E+00
-5.118842710E+00-4.951256703E+00-4.782582608E+00-4.612262807E+00-4.439899172E+00
-4.265222763E+00-4.088066567E+00-3.908342720E+00-3.726023134E+00-3.541124199E+00
-3.353694329E+00-3.163804250E+00-2.971539520E+00-2.776994895E+00-2.580270324E+00
-2.381468223E+00-2.180691890E+00-1.978044906E+00-1.773631324E+00-1.567556592E+00
-1.359929078E+00-1.150862168E+00-9.404768660E-01-7.289048355E-01-5.162919131E-01
-3.028020274E-01-8.862152614E-02 1.260360965E-01 3.409250962E-01 5.557620255E-01
 7.702199584E-01 9.839225096E-01 1.196437627E+00 1.407271407E+00 1.615862008E+00
 1.821573873E+00 2.023692549E+00 2.221420398E+00 2.413873523E+00 2.600080358E+00
 2.778982346E+00 2.949437089E+00 3.110224500E+00 3.260056205E+00 3.397588462E+00
 3.521438721E+00 3.630205598E+00 3.722491951E+00 3.796930393E+00 3.852210354E+00
 3.887105657E+00 3.900501357E+00 3.891418635E+00 3.859036525E+00 3.802709369E+00
 3.721979162E+00 3.616582124E+00 3.486449178E+00 3.331700340E+00 3.152633321E+00
 2.949706958E+00 2.723520357E+00 2.474788852E+00 2.204317957E+00 1.912976560E+00
 1.601670554E+00 1.271317861E+00 9.228257469E-01 5.570709386E-01 1.748829369E-01
-2.229694424E-01-6.357882625E-01-1.062953676E+00-1.503928382E+00-1.958259681E+00
-2.425579406E+00-2.905601988E+00-3.398120899E+00-3.903003558E+00-4.420184629E+00
-4.949657803E+00-5.491465259E+00-6.045685045E+00-6.612414912E+00-7.191751820E+00
-7.783765625E+00-8.388464285E+00-9.005748553E+00-9.635350673E+00-1.027675325E+01
-1.092908029E+01-1.159095353E+01-1.226030773E+01-1.293416593E+01-1.360839389E+01
-1.427749066E+01-1.493451629E+01-1.557127599E+01-1.617880272E+01-1.674802601E+01
-1.727040926E+01-1.773839187E+01-1.814561174E+01-1.848697834E+01-1.875868384E+01
-1.895821828E+01-1.908442762E+01-1.913762918E+01-1.911977282E+01-1.903459430E+01
-1.888765703E+01-1.868615094E+01-1.843838082E+01-1.815304023E+01-1.783849985E+01
-1.750230846E+01-1.715095917E+01-1.678985869E+01-1.642341090E+01-5.829861941E+00
-6.007506333E+00-6.068690645E+00-6.009681919E+00-5.839873362E+00-5.666614931E+00
-5.501793332E+00-5.341895965E+00-5.184293208E+00-5.026952063E+00-4.868367596E+00
-4.707469489E+00-4.543531574E+00-4.376091739E+00-4.204885810E+00-4.029794212E+00
-3.850800748E+00-3.667961195E+00-3.481379401E+00-3.291189521E+00-3.097542690E+00
-2.900597254E+00-2.700511669E+00-2.497439619E+00-2.291526809E+00-2.082909240E+00
-1.871712597E+00-1.658052621E+00-1.442036275E+00-1.223763619E+00-1.003330215E+00
-7.808301096E-01-5.563592626E-01-3.300194430E-01-1.019225894E-01 1.278043596E-01
 3.590141554E-01 5.915334140E-01 8.251562549E-01 1.059637420E+00 1.294684842E+00
 1.529951706E+00 1.765028087E+00 1.999432226E+00 2.232601641E+00 2.463884267E+00
 2.692529907E+00 2.917682459E+00 3.138373305E+00 3.353516532E+00 3.561906618E+00
 3.762219344E+00 3.953016713E+00 4.132756552E+00 4.299807478E+00 4.452469493E+00
 4.589000128E+00 4.707646116E+00 4.806679171E+00 4.884434953E+00 4.939353331E+00
 4.970018297E+00 4.975194842E+00 4.953861700E+00 4.905237269E+00 4.828798288E+00
 4.724289568E+00 4.591724190E+00 4.431375111E+00 4.243757358E+00 4.029602929E+00
 3.789829255E+00 3.525503192E+00 3.237802705E+00 2.927978062E+00 2.597314620E+00
 2.247098730E+00 1.878587935E+00 1.492986242E+00 1.091424680E+00 6.749471211E-01
 2.445009841E-01-1.990677187E-01-6.550155829E-01-1.122699873E+00-1.601574014E+00
-2.091180906E+00-2.591144461E+00-3.101159495E+00-3.620980026E+00-4.150405906E+00
-4.689267325E+00-5.237407259E+00-5.794660155E+00-6.360827322E+00-6.935646716E+00
-7.518756297E+00-8.109649075E+00-8.707618309E+00-9.311690482E+00-9.920545326E+00
-1.053242319E+01-1.114502380E+01-1.175540540E+01-1.235990352E+01-1.295409496E+01
-1.353283915E+01-1.409041803E+01-1.462077170E+01-1.511779489E+01-1.557563985E+01
-1.598897747E+01-1.635319380E+01-1.666452425E+01-1.692014470E+01-1.711823914E+01
-1.725805862E+01-1.733997418E+01-1.736551413E+01-1.733736224E+01-1.725928646E+01
-1.713597253E+01-1.697276295E+01-1.677533420E+01-1.654937155E+01-1.630029684E+01
-1.603308128E+01-1.575214458E+01-1.546132450E+01-5.445478764E+00-5.608758436E+00
-5.667976687E+00-5.620052459E+00-5.469752979E+00-5.321744721E+00-5.182082360E+00
-5.044883318E+00-4.906640355E+00-4.765101331E+00-4.618851933E+00-4.467072027E+00
-4.309358795E+00-4.145591912E+00-3.975834733E+00-3.800265959E+00-3.619132510E+00
-3.432717935E+00-3.241320638E+00-3.045238876E+00-2.844760355E+00-2.640155135E+00
-2.431670999E+00-2.219530788E+00-2.003931247E+00-1.785043143E+00-1.563012408E+00
-1.337962066E+00-1.109994853E+00-8.791963413E-01-6.456385248E-01-4.093837804E-01
-1.704892429E-01 7.098845974E-02 3.149880183E-01 5.614377789E-01 8.102495162E-01
 1.061311579E+00 1.314481320E+00 1.569576732E+00 1.826367289E+00 2.084563842E+00
 2.343807732E+00 2.603659009E+00 2.863583959E+00 3.122942135E+00 3.380973144E+00
 3.636783645E+00 3.889335188E+00 4.137433673E+00 4.379721510E+00 4.614673409E+00
 4.840597725E+00 5.055644113E+00 5.257819169E+00 5.445011213E+00 5.615024212E+00
 5.765620959E+00 5.894574217E+00 5.999723844E+00 6.079036762E+00 6.130667196E+00
 6.153012740E+00 6.144764001E+00 6.104944351E+00 6.032937743E+00 5.928503211E+00
 5.791775069E+00 5.623249193E+00 5.423755097E+00 5.194416996E+00 4.936604487E+00
 4.651877424E+00 4.341927728E+00 4.008521548E+00 3.653445572E+00 3.278459774E+00
 2.885258054E+00 2.475437876E+00 2.050478716E+00 1.611728683E+00 1.160398253E+00
 6.975599418E-01 2.241526763E-01-2.590102301E-01-7.512304398E-01-1.251911968E+00
-1.760547087E+00-2.276701044E+00-2.799995708E+00-3.330092044E+00-3.866671270E+00
-4.409414300E+00-4.957978919E+00-5.511974563E+00-6.070933249E+00-6.634276831E+00
-7.201279734E+00-7.771026399E+00-8.342364517E+00-8.913854046E+00-9.483715480E+00
-1.004978131E+01-1.060945801E+01-1.115970742E+01-1.169705925E+01-1.221766217E+01
-1.271737908E+01-1.319192095E+01-1.363700718E+01-1.404853374E+01-1.442273218E+01
-1.475630723E+01-1.504654825E+01-1.529141575E+01-1.548960570E+01-1.564059470E+01
-1.574466554E+01-1.580290811E+01-1.581718922E+01-1.579008366E+01-1.572476298E+01
-1.562484766E+01-1.549423578E+01-1.533692843E+01-1.515687226E+01-1.495783318E+01
-1.474330738E+01-1.451646888E+01-4.948438752E+00-5.071139748E+00-5.126608729E+00
-5.111839498E+00-5.036989172E+00-4.945627618E+00-4.849267681E+00-4.746278195E+00
-4.634851681E+00-4.513700336E+00-4.382288527E+00-4.240684888E+00-4.089301181E+00
-3.928707606E+00-3.759532916E+00-3.582413299E+00-3.397966115E+00-3.206775668E+00
-3.009384935E+00-2.806290517E+00-2.597939539E+00-2.384728044E+00-2.167000688E+00
-1.945051624E+00-1.719126465E+00-1.489425147E+00-1.256105518E+00-1.019287460E+00
-7.790573535E-01-5.354728212E-01-2.885676111E-01-3.835665379E-02 2.151587110E-01
 4.719852704E-01 7.321321321E-01 9.956044773E-01 1.262396680E+00 1.532484698E+00
 1.805817533E+00 2.082307618E+00 2.361819957E+00 2.644159963E+00 2.929059788E+00
 3.216163144E+00 3.505008639E+00 3.795011616E+00 4.085444746E+00 4.375417815E+00
 4.663857151E+00 4.949485905E+00 5.230806196E+00 5.506085404E+00 5.773348565E+00
 6.030379354E+00 6.274733129E+00 6.503763718E+00 6.714666372E+00 6.904536815E+00
 7.070445360E+00 7.209522445E+00 7.319050626E+00 7.396557562E+00 7.439903128E+00
 7.447355688E+00 7.417653009E+00 7.350044496E+00 7.244313061E+00 7.100774842E+00
 6.920257144E+00 6.704054940E+00 6.453868466E+00 6.171725322E+00 5.859892895E+00
 5.520786908E+00 5.156883446E+00 4.770639128E+00 4.364425078E+00 3.940475823E+00
 3.500853790E+00 3.047428713E+00 2.581869093E+00 2.105643745E+00 1.620030678E+00
 1.126131100E+00 6.248868091E-01 1.170995005E-01-3.965489009E-01-9.154755187E-01
-1.439175699E+00-1.967202241E+00-2.499144509E+00-3.034607327E+00-3.573189307E+00
-4.114460302E+00-4.657937773E+00-5.203061500E+00-5.749166702E+00-6.295455780E+00
-6.840968141E+00-7.384550137E+00-7.924825357E+00-8.460168307E+00-8.988684238E+00
-9.508198866E+00-1.001626270E+01-1.051017386E+01-1.098702201E+01-1.144375374E+01
-1.187725664E+01-1.228445665E+01-1.266242063E+01-1.300845742E+01-1.332020990E+01
-1.359573508E+01-1.383356864E+01-1.403277386E+01-1.419297318E+01-1.431436234E+01
-1.439770442E+01-1.444430243E+01-1.445594939E+01-1.443485678E+01-1.438356495E+01
-1.430484290E+01-1.420158495E+01-1.407671364E+01-1.393309552E+01-1.377347395E+01
-1.360042067E+01-4.459299112E+00-4.543873402E+00-4.597596565E+00-4.618691775E+00
-4.610948252E+00-4.581247582E+00-4.534903381E+00-4.473018512E+00-4.392959806E+00
-4.293283992E+00-4.175636616E+00-4.042119825E+00-3.894568126E+00-3.734542632E+00
-3.563386107E+00-3.382268264E+00-3.192217475E+00-2.994141770E+00-2.788842147E+00
-2.577020873E+00-2.359286966E+00-2.136160495E+00-1.908076897E+00-1.675391872E+00
-1.438387096E+00-1.197276575E+00-9.522134016E-01-7.032966457E-01-4.505781368E-01
-1.940690375E-01 6.625388760E-02 3.304422455E-01 5.985701543E-01 8.707284124E-01
 1.147018522E+00 1.427546349E+00 1.712415154E+00 2.001717803E+00 2.295527773E+00
 2.593888806E+00 2.896802849E+00 3.204216063E+00 3.516002672E+00 3.831946408E+00
 4.151719319E+00 4.474857904E+00 4.800736114E+00 5.128535824E+00 5.457214767E+00
 5.785472690E+00 6.111717431E+00 6.434033479E+00 6.750155733E+00 7.057454334E+00
 7.352935060E+00 7.633262293E+00 7.894808864E+00 8.133736498E+00 8.346105079E+00
 8.528005611E+00 8.675706752E+00 8.785802912E+00 8.855352151E+00 8.881994259E+00
 8.864043422E+00 8.800551419E+00 8.691339851E+00 8.537000414E+00 8.338861532E+00
 8.098921179E+00 7.819747161E+00 7.504350996E+00 7.156043597E+00 6.778286462E+00
 6.374551253E+00 5.948199512E+00 5.502390033E+00 5.040015663E+00 4.563668556E+00
 4.075628509E+00 3.577869650E+00 3.072078820E+00 2.559682059E+00 2.041874758E+00
 1.519653305E+00 9.938463816E-01 4.651450415E-01-6.586890796E-02-5.986963421E-01
-1.132895942E+00-1.668060740E+00-2.203795763E+00-2.739696476E+00-3.275327678E+00
-3.810202596E+00-4.343762077E+00-4.875353748E+00-5.404211507E+00-5.929435751E+00
-6.449974719E+00-6.964608729E+00-7.471938202E+00-7.970377595E+00-8.458157095E+00
-8.933334203E+00-9.393816149E+00-9.837395042E+00-1.026179368E+01-1.066472215E+01
-1.104394069E+01-1.139732625E+01-1.172293863E+01-1.201908221E+01-1.228436068E+01
-1.251772246E+01-1.271849491E+01-1.288640635E+01-1.302159473E+01-1.312460242E+01
-1.319635656E+01-1.323813565E+01-1.325152351E+01-1.323835325E+01-1.320064465E+01
-1.314053976E+01-1.306023973E+01-1.296194809E+01-1.284782175E+01-1.271993191E+01
-4.064649679E+00-4.137702021E+00-4.194285686E+00-4.233817092E+00-4.257441929E+00
-4.267473522E+00-4.266539367E+00-4.257369040E+00-4.218717301E+00-4.130882962E+00
-4.018613422E+00-3.886140695E+00-3.736446651E+00-3.571846782E+00-3.394227763E+00
-3.205175930E+00-3.006052836E+00-2.798039867E+00-2.582163531E+00-2.359309222E+00
-2.130229064E+00-1.895548074E+00-1.655770980E+00-1.411290809E+00-1.162398977E+00
-9.092962355E-01-6.521036495E-01-3.908730664E-01-1.255966494E-01 1.437846034E-01
 4.173733397E-01 6.953091943E-01 9.777628275E-01 1.264930388E+00 1.557028124E+00
 1.854286806E+00 2.156945645E+00 2.465245187E+00 2.779418917E+00 3.099683017E+00
 3.426223970E+00 3.759183559E+00 4.098641003E+00 4.444591619E+00 4.796921954E+00
 5.155380247E+00 5.519542051E+00 5.888770121E+00 6.262168086E+00 6.638527849E+00
 7.016271313E+00 7.393388762E+00 7.767378149E+00 8.135192457E+00 8.493205736E+00
 8.837211922E+00 9.162470461E+00 9.463810836E+00 9.735799067E+00 9.972955864E+00
 1.017000429E+01 1.032211783E+01 1.042514294E+01 1.047577901E+01 1.047171167E+01
 1.041170055E+01 1.029562548E+01 1.012449130E+01 9.900385966E+00 9.626385420E+00
 9.306398378E+00 8.944956343E+00 8.546964398E+00 8.117442753E+00 7.661290781E+00
 7.183099909E+00 6.687028054E+00 6.176734184E+00 5.655362947E+00 5.125564808E+00
 4.589537966E+00 4.049081549E+00 3.505652264E+00 2.960419681E+00 2.414317611E+00
 1.868090572E+00 1.322334877E+00 7.775347942E-01 2.340942723E-01-3.076351665E-01
-8.473296049E-01-1.384670450E+00-1.919324145E+00-2.450923444E+00-2.979049945E+00
-3.503217727E+00-4.022858097E+00-4.537305512E+00-5.045785088E+00-5.547402343E+00
-6.041135499E+00-6.525831616E+00-7.000207541E+00-7.462856130E+00-7.912259252E+00
-8.346807764E+00-8.764828263E+00-9.164616891E+00-9.544478142E+00-9.902768043E+00
-1.023793864E+01-1.054858251E+01-1.083347469E+01-1.109160996E+01-1.132223397E+01
-1.152486724E+01-1.169932026E+01-1.184569948E+01-1.196440393E+01-1.205611236E+01
-1.212176127E+01-1.216251520E+01-1.217973072E+01-1.217491606E+01-1.214968913E+01
-1.210573548E+01-1.204476901E+01-1.196849672E+01-1.187858876E+01-3.726444288E+00
-3.795919780E+00-3.856555564E+00-3.908595127E+00-3.953140466E+00-3.992100544E+00
-4.028100400E+00-4.064470964E+00-4.082954518E+00-4.031082921E+00-3.926305365E+00
-3.783526498E+00-3.623115440E+00-3.446877179E+00-3.256822529E+00-3.054697329E+00
-2.842041241E+00-2.620219791E+00-2.390435695E+00-2.153727615E+00-1.910965427E+00
-1.662849468E+00-1.409917238E+00-1.152557040E+00-8.910256778E-01-6.254670690E-01
-3.559296357E-01-8.238139392E-02 1.952774620E-01 4.772043276E-01 7.636059874E-01
 1.054732083E+00 1.350869932E+00 1.652340329E+00 1.959493921E+00 2.272707740E+00
 2.592381368E+00 2.918932092E+00 3.252788490E+00 3.594381722E+00 3.944134001E+00
 4.302443877E+00 4.669667670E+00 5.046097248E+00 5.431932917E+00 5.827250955E+00
 6.231963974E+00 6.645772617E+00 7.068105480E+00 7.498045741E+00 7.934241811E+00
 8.374801620E+00 8.817172375E+00 9.258013337E+00 9.693077073E+00 1.011712735E+01
 1.052393294E+01 1.090638051E+01 1.125673462E+01 1.156703134E+01 1.182954457E+01
 1.203723682E+01 1.218412405E+01 1.226552793E+01 1.227823138E+01 1.222057093E+01
 1.209249238E+01 1.189557885E+01 1.163303469E+01 1.130958871E+01 1.093127700E+01
 1.050508506E+01 1.003847937E+01 9.538907880E+00 9.013367693E+00 8.468108196E+00
 7.908485988E+00 7.338944593E+00 6.763075880E+00 6.183723449E+00 5.603099486E+00
 5.022898710E+00 4.444400809E+00 3.868558954E+00 3.296074394E+00 2.727457872E+00
 2.163080403E+00 1.603214866E+00 1.048070321E+00 4.978204431E-01-4.737260816E-02
-5.873379091E-01-1.121878348E+00-1.650755389E+00-2.173675716E+00-2.690279455E+00
-3.200129906E+00-3.702704882E+00-4.197389793E+00-4.683472802E+00-5.160142549E+00
-5.626488913E+00-6.081506896E+00-6.524105064E+00-6.953117710E+00-7.367321567E+00
-7.765457083E+00-8.146253158E+00-8.508455205E+00-8.850855321E+00-9.172323340E+00
-9.471837561E+00-9.748513393E+00-1.000162932E+01-1.023064852E+01-1.043523552E+01
-1.061526683E+01-1.077083564E+01-1.090224970E+01-1.101002327E+01-1.109486288E+01
-1.115764794E+01-1.119940718E+01-1.122129191E+01-1.122454810E+01-1.121048758E+01
-1.118046064E+01-1.113583054E+01-1.107795080E+01-3.422598926E+00-3.490139172E+00
-3.553514679E+00-3.613541178E+00-3.671655061E+00-3.729946229E+00-3.791135067E+00
-3.858483025E+00-3.909564115E+00-3.902022088E+00-3.842394199E+00-3.726178847E+00
-3.557745375E+00-3.361936950E+00-3.152862952E+00-2.931861171E+00-2.700531104E+00
-2.460384150E+00-2.212807689E+00-1.959011994E+00-1.699983061E+00-1.436462747E+00
-1.168960677E+00-8.977866118E-01-6.230884001E-01-3.448859106E-01-6.309770108E-02
 2.224391462E-01 5.119545001E-01 8.057346018E-01 1.104114535E+00 1.407473080E+00
 1.716229622E+00 2.030842637E+00 2.351809478E+00 2.679666794E+00 3.014991125E+00
 3.358398604E+00 3.710542872E+00 4.072109882E+00 4.443808756E+00 4.826358216E+00
 5.220468431E+00 5.626819314E+00 6.046034753E+00 6.478651837E+00 6.925083430E+00
 7.385569120E+00 7.860111033E+00 8.348387239E+00 8.849635324E+00 9.362498339E+00
 9.884823470E+00 1.041340914E+01 1.094370595E+01 1.146950633E+01 1.198270779E+01
 1.247330075E+01 1.292975168E+01 1.333982981E+01 1.369167581E+01 1.397474940E+01
 1.418041243E+01 1.430215398E+01 1.433561444E+01 1.427856567E+01 1.413094297E+01
 1.389495664E+01 1.357524646E+01 1.317896590E+01 1.271561124E+01 1.219641929E+01
 1.163333870E+01 1.103786473E+01 1.042013600E+01 9.788500411E+00 9.149491530E+00
 8.508037494E+00 7.867751212E+00 7.231215302E+00 6.600227590E+00 5.975999564E+00
 5.359311366E+00 4.750631060E+00 4.150206034E+00 3.558132354E+00 2.974407752E+00
 2.398972347E+00 1.831740027E+00 1.272622893E+00 7.215505926E-01 1.784857502E-01
-3.565635392E-01-8.835334589E-01-1.402296046E+00-1.912652352E+00-2.414326988E+00
-2.906964161E+00-3.390125217E+00-3.863287925E+00-4.325847724E+00-4.777121087E+00
-5.216351527E+00-5.642718200E+00-6.055347035E+00-6.453325032E+00-6.835716894E+00
-7.201584054E+00-7.550005277E+00-7.880098652E+00-8.191043690E+00-8.482103114E+00
-8.752643187E+00-9.002151838E+00-9.230254143E+00-9.436723990E+00-9.621492036E+00
-9.784649216E+00-9.926445871E+00-1.004728675E+01-1.014772175E+01-1.022843314E+01
-1.029022010E+01-1.033398062E+01-1.036069251E+01-1.037139334E+01-1.036716135E+01
-1.034909657E+01-1.031830391E+01-3.138962780E+00-3.203437487E+00-3.266491571E+00
-3.329244480E+00-3.393380219E+00-3.461259452E+00-3.536018785E+00-3.621531710E+00
-3.697564127E+00-3.717636860E+00-3.690407711E+00-3.612051903E+00-3.483697671E+00
-3.309964684E+00-3.081195918E+00-2.835214944E+00-2.579509655E+00-2.315819558E+00
-2.045933441E+00-1.771423873E+00-1.493455100E+00-1.212735182E+00-9.295977087E-01
-6.441187629E-01-3.562080030E-01-6.566376725E-02 2.277965133E-01 5.245188724E-01
 8.249015547E-01 1.129387284E+00 1.438458373E+00 1.752634435E+00 2.072472666E+00
 2.398570460E+00 2.731570229E+00 3.072166097E+00 3.421111885E+00 3.779229355E+00
 4.147414796E+00 4.526641128E+00 4.917953171E+00 5.322453710E+00 5.741283627E+00
 6.175599053E+00 6.626549816E+00 7.095259187E+00 7.582800755E+00 8.090167263E+00
 8.618222657E+00 9.167628489E+00 9.738731472E+00 1.033139328E+01 1.094473546E+01
 1.157675732E+01 1.222377133E+01 1.287959694E+01 1.353452740E+01 1.417438085E+01
 1.478055769E+01 1.533215888E+01 1.580949239E+01 1.619658411E+01 1.648168144E+01
 1.665665015E+01 1.671624431E+01 1.665765338E+01 1.648042043E+01 1.618675089E+01
 1.578221867E+01 1.527676641E+01 1.468548874E+01 1.402801353E+01 1.332557292E+01
 1.259716709E+01 1.185739880E+01 1.111645113E+01 1.038103161E+01 9.655379267E+00
 8.942049113E+00 8.242465033E+00 7.557298546E+00 6.886726791E+00 6.230608995E+00
 5.588607743E+00 4.960273215E+00 4.345101493E+00 3.742575535E+00 3.152193851E+00
 2.573490624E+00 2.006050082E+00 1.449516647E+00 9.036022560E-01 3.680915458E-01
-1.571544192E-01-6.721956331E-01-1.177011629E+00-1.671500867E+00-2.155481097E+00
-2.628690730E+00-3.090791405E+00-3.541371823E+00-3.979953094E+00-4.405995669E+00
-4.818907941E+00-5.218056726E+00-5.602779092E+00-5.972396190E+00-6.326227911E+00
-6.663608842E+00-6.983904537E+00-7.286527829E+00-7.570954828E+00-7.836739415E+00
-8.083526761E+00-8.311064239E+00-8.519210089E+00-8.707939412E+00-8.877347121E+00
-9.027647665E+00-9.159172116E+00-9.272362139E+00-9.367761681E+00-9.446006446E+00
-9.507811729E+00-9.553959210E+00-9.585282930E+00-9.602655544E+00-9.606974684E+00
-9.599150196E+00-2.866829612E+00-2.925863014E+00-2.984648882E+00-3.044268032E+00
-3.106278329E+00-3.172896896E+00-3.247393000E+00-3.335254130E+00-3.420715927E+00
-3.460927029E+00-3.461085744E+00-3.415456966E+00-3.320335713E+00-3.180704089E+00
-2.991992046E+00-2.755895812E+00-2.475079485E+00-2.181070871E+00-1.882911022E+00
-1.583499850E+00-1.284261419E+00-9.853792289E-01-6.865055485E-01-3.871534399E-01
-8.681588149E-02 2.150240055E-01 5.189057126E-01 8.253972797E-01 1.135093410E+00
 1.448611604E+00 1.766590136E+00 2.089689086E+00 2.418594637E+00 2.754026587E+00
 3.096749150E+00 3.447585562E+00 3.807436877E+00 4.177305173E+00 4.558319087E+00
 4.951755970E+00 5.359048061E+00 5.781762032E+00 6.221555566E+00 6.680136737E+00
 7.159246556E+00 7.660664649E+00 8.186224378E+00 8.737824628E+00 9.317430515E+00
 9.927054314E+00 1.056870704E+01 1.124430361E+01 1.195549033E+01 1.270333657E+01
 1.348776864E+01 1.430647343E+01 1.515260422E+01 1.600979622E+01 1.684429438E+01
 1.760878541E+01 1.826576006E+01 1.879442461E+01 1.918354936E+01 1.942643934E+01
 1.951868670E+01 1.945725898E+01 1.924030528E+01 1.886755752E+01 1.834157724E+01
 1.767070361E+01 1.687550613E+01 1.599668424E+01 1.508397680E+01 1.417121098E+01
 1.327493870E+01 1.240257843E+01 1.155713863E+01 1.073939243E+01 9.948935420E+00
 9.184743432E+00 8.445484926E+00 7.729702998E+00 7.035923053E+00 6.362716751E+00
 5.708738727E+00 5.072747236E+00 4.453614277E+00 3.850329553E+00 3.262000588E+00
 2.687850883E+00 2.127216694E+00 1.579543341E+00 1.044381253E+00 5.213819734E-01
 1.029415995E-02-4.890404487E-01-9.766911765E-01-1.452642798E+00-1.916800278E+00
-2.368994043E+00-2.808985924E+00-3.236475885E+00-3.651109651E+00-4.052487336E+00
-4.440172957E+00-4.813705038E+00-5.172607872E+00-5.516403666E+00-5.844624830E+00
-6.156826703E+00-6.452599889E+00-6.731582270E+00-6.993470038E+00-7.238027467E+00
-7.465095305E+00-7.674597395E+00-7.866545162E+00-8.041040177E+00-8.198274433E+00
-8.338528608E+00-8.462168527E+00-8.569639201E+00-8.661458141E+00-8.738206722E+00
-8.800521121E+00-8.849082474E+00-8.884606624E+00-8.907834554E+00-8.919522490E+00
-2.601792365E+00-2.652861348E+00-2.703636685E+00-2.754832203E+00-2.807381044E+00
-2.862426820E+00-2.921203784E+00-2.984444447E+00-3.050752092E+00-3.111470185E+00
-3.138994796E+00-3.121580719E+00-3.060392022E+00-2.960900647E+00-2.798469697E+00
-2.594894306E+00-2.345584354E+00-2.042688785E+00-1.708286636E+00-1.380365683E+00
-1.060548164E+00-7.453384754E-01-4.326969459E-01-1.213683088E-01 1.894987490E-01
 5.006612688E-01 8.129023367E-01 1.127029169E+00 1.443851417E+00 1.764169708E+00
 2.088774401E+00 2.418450696E+00 2.753987657E+00 3.096190272E+00 3.445894784E+00
 3.803988847E+00 4.171439496E+00 4.549334095E+00 4.938942555E+00 5.341805898E+00
 5.759823876E+00 6.195228573E+00 6.650376732E+00 7.127581126E+00 7.629130300E+00
 8.157389979E+00 8.714900979E+00 9.304459385E+00 9.929186836E+00 1.059259692E+01
 1.129866292E+01 1.205188923E+01 1.285739158E+01 1.372099348E+01 1.464936628E+01
 1.565029680E+01 1.673340693E+01 1.791316540E+01 1.922903364E+01 2.028203590E+01
 2.119083336E+01 2.191975615E+01 2.238499768E+01 2.272156545E+01 2.288302413E+01
 2.277500777E+01 2.253201441E+01 2.210207632E+01 2.138061027E+01 2.049983161E+01
 1.939366037E+01 1.802110181E+01 1.679552524E+01 1.565253582E+01 1.457968241E+01
 1.356860509E+01 1.261253417E+01 1.170566259E+01 1.084291628E+01 1.001983905E+01
 9.232515855E+00 8.477510820E+00 7.751812975E+00 7.052787575E+00 6.378132879E+00
 5.725841575E+00 5.094167489E+00 4.481596235E+00 3.886820379E+00 3.308717738E+00
 2.746333011E+00 2.198861917E+00 1.665637582E+00 1.146118671E+00 6.398790363E-01
 1.465984182E-01-3.339459981E-01-8.018874687E-01-1.257277275E+00-1.700092193E+00
-2.130242038E+00-2.547577437E+00-2.951897932E+00-3.342960496E+00-3.720488473E+00
-4.084180976E+00-4.433722556E+00-4.768793353E+00-5.089079001E+00-5.394280736E+00
-5.684125206E+00-5.958373613E+00-6.216830457E+00-6.459350710E+00-6.685846748E+00
-6.896293119E+00-7.090730404E+00-7.269267346E+00-7.432081595E+00-7.579418647E+00
-7.711589679E+00-7.828967800E+00-7.931983329E+00-8.021117961E+00-8.096898345E+00
-8.159889032E+00-8.210685187E+00-8.249905339E+00-8.278184130E+00-2.342712734E+00
-2.383953388E+00-2.424171152E+00-2.463639456E+00-2.502644918E+00-2.541406711E+00
-2.579932128E+00-2.617813266E+00-2.654071830E+00-2.687235747E+00-2.715569315E+00
-2.731532272E+00-2.701824979E+00-2.627906843E+00-2.503745913E+00-2.329405832E+00
-2.101396564E+00-1.814840117E+00-1.476719706E+00-1.138184712E+00-8.086226553E-01
-4.840846058E-01-1.618502650E-01 1.587810936E-01 4.774420034E-01 7.949997993E-01
 1.112626335E+00 1.431459846E+00 1.752557504E+00 2.076900000E+00 2.405407115E+00
 2.738954982E+00 3.078392671E+00 3.424557721E+00 3.778291351E+00 4.140454687E+00
 4.511948764E+00 4.893744320E+00 5.286936533E+00 5.692881053E+00 6.113709732E+00
 6.553667915E+00 7.016639814E+00 7.505144535E+00 8.021570185E+00 8.568528262E+00
 9.149000183E+00 9.766447761E+00 1.042492845E+01 1.112923295E+01 1.188505902E+01
 1.269924114E+01 1.358006321E+01 1.453770510E+01 1.558491954E+01 1.673813409E+01
 1.801933680E+01 1.945906591E+01 2.106603888E+01 2.240475619E+01 2.350736109E+01
 2.436445341E+01 2.495324948E+01 2.535099991E+01 2.552693603E+01 2.544039343E+01
 2.515675615E+01 2.463143223E+01 2.380701652E+01 2.273211207E+01 2.133635206E+01
 1.967493050E+01 1.819566065E+01 1.686038089E+01 1.564058375E+01 1.451585189E+01
 1.347096968E+01 1.249414975E+01 1.157600333E+01 1.070890858E+01 9.886594780E+00
 9.103850960E+00 8.356313102E+00 7.640303880E+00 6.952709455E+00 6.290883145E+00
 5.652569936E+00 5.035845649E+00 4.439068833E+00 3.860841104E+00 3.299975366E+00
 2.755469320E+00 2.226483624E+00 1.712323528E+00 1.212423294E+00 7.263327677E-01
 2.537055654E-01-2.057114416E-01-6.520877873E-01-1.085518433E+00-1.506032384E+00
-1.913601085E+00-2.308146756E+00-2.689550699E+00-3.057661683E+00-3.412304394E+00
-3.753287935E+00-4.080414332E+00-4.393486889E+00-4.692318479E+00-4.976739213E+00
-5.246604101E+00-5.501799596E+00-5.742249578E+00-5.967920714E+00-6.178826401E+00
-6.375029796E+00-6.556646023E+00-6.723842726E+00-6.876839753E+00-7.015908091E+00
-7.141367072E+00-7.253581412E+00-7.352957241E+00-7.439937327E+00-7.514996192E+00
-7.578634800E+00-7.631375110E+00-7.673754725E+00-2.090471653E+00-2.120981295E+00
-2.149542578E+00-2.176104678E+00-2.200556671E+00-2.222675252E+00-2.242061339E+00
-2.258080475E+00-2.269832219E+00-2.276167854E+00-2.275748162E+00-2.267108555E+00
-2.248820161E+00-2.211992208E+00-2.117091083E+00-1.972114067E+00-1.771113545E+00
-1.505405928E+00-1.181198706E+00-8.514993387E-01-5.266251351E-01-2.031122836E-01
 1.226020939E-01 4.495619127E-01 7.714716913E-01 1.090935590E+00 1.409830879E+00
 1.729643977E+00 2.051616980E+00 2.376821711E+00 2.706205916E+00 3.040636011E+00
 3.380948370E+00 3.727980980E+00 4.082562929E+00 4.445495437E+00 4.817543428E+00
 5.199423416E+00 5.591765394E+00 5.994998380E+00 6.409016431E+00 6.844836278E+00
 7.308430566E+00 7.800817372E+00 8.323833250E+00 8.879941757E+00 9.472220561E+00
 1.010442327E+01 1.078109233E+01 1.150772259E+01 1.229098538E+01 1.313902990E+01
 1.406188263E+01 1.507196757E+01 1.618475937E+01 1.741953846E+01 1.880009742E+01
 2.035501173E+01 2.207191795E+01 2.353605771E+01 2.473210291E+01 2.565909540E+01
 2.631462681E+01 2.674481923E+01 2.693195462E+01 2.685639645E+01 2.654906377E+01
 2.597564793E+01 2.509848167E+01 2.393091490E+01 2.241900515E+01 2.065455885E+01
 1.906560330E+01 1.763673408E+01 1.634128480E+01 1.515700015E+01 1.406582835E+01
 1.305327860E+01 1.210772160E+01 1.121977866E+01 1.038183141E+01 9.587642038E+00
 8.832062720E+00 8.110814189E+00 7.420316199E+00 6.757556758E+00 6.119991071E+00
 5.505461990E+00 4.912137373E+00 4.338460360E+00 3.783108945E+00 3.244963663E+00
 2.723080693E+00 2.216669790E+00 1.725075669E+00 1.247762217E+00 7.842988407E-01
 3.343484880E-01-1.023430717E-01-5.259570031E-01-9.366104707E-01-1.334365181E+00
-1.719235593E+00-2.091196846E+00-2.450192537E+00-2.796142306E+00-3.128949326E+00
-3.448507606E+00-3.754709057E+00-4.047450343E+00-4.326639254E+00-4.592200881E+00
-4.844082940E+00-5.082260690E+00-5.306741182E+00-5.517566613E+00-5.714816885E+00
-5.898611416E+00-6.069109971E+00-6.226512815E+00-6.371059931E+00-6.503029396E+00
-6.622735381E+00-6.730525347E+00-6.826776699E+00-6.911893319E+00-6.986301664E+00
-7.050446591E+00-7.104787455E+00-1.846801730E+00-1.866514855E+00-1.883420092E+00
-1.897268764E+00-1.907736815E+00-1.914394995E+00-1.916677814E+00-1.913856396E+00
-1.905020408E+00-1.889071039E+00-1.864720776E+00-1.830490433E+00-1.784692215E+00
-1.725391532E+00-1.650897206E+00-1.542174215E+00-1.376032403E+00-1.139185531E+00
-8.416906898E-01-5.337580607E-01-2.261521119E-01 8.421189751E-02 4.003023584E-01
 7.200467361E-01 1.035933359E+00 1.350080983E+00 1.664238086E+00 1.979833544E+00
 2.298057341E+00 2.619926948E+00 2.946335491E+00 3.278095580E+00 3.615988243E+00
 3.960790770E+00 4.313262391E+00 4.674118245E+00 5.044008222E+00 5.423488009E+00
 5.812970392E+00 6.212663674E+00 6.622553711E+00 7.054525435E+00 7.515225378E+00
 8.005643247E+00 8.527408397E+00 9.082805826E+00 9.674787757E+00 1.030702360E+01
 1.098399871E+01 1.171116800E+01 1.249517370E+01 1.334414229E+01 1.426808114E+01
 1.527939742E+01 1.639355062E+01 1.762980931E+01 1.901196240E+01 2.056859743E+01
 2.228819623E+01 2.375374389E+01 2.495241493E+01 2.588237295E+01 2.654005537E+01
 2.697367024E+01 2.716459410E+01 2.709198043E+01 2.678890156E+01 2.622014539E+01
 2.534678624E+01 2.418438211E+01 2.267805259E+01 2.091809638E+01 1.933476180E+01
 1.791170751E+01 1.662226027E+01 1.544417233E+01 1.435940593E+01 1.335348514E+01
 1.241479416E+01 1.153396543E+01 1.070338950E+01 9.916835062E+00 9.169158912E+00
 8.456084065E+00 7.774030511E+00 7.119984405E+00 6.491396500E+00 5.886102833E+00
 5.302261727E+00 4.738303596E+00 4.192890678E+00 3.664884135E+00 3.153317130E+00
 2.657372401E+00 2.176363535E+00 1.709718995E+00 1.256968381E+00 8.177304473E-01
 3.917024232E-01-2.134956900E-02-4.215993199E-01-8.091686891E-01-1.184135315E+00
-1.546539905E+00-1.896393274E+00-2.233683067E+00-2.558380305E+00-2.870445625E+00
-3.169835301E+00-3.456506940E+00-3.730424846E+00-3.991564990E+00-4.239919519E+00
-4.475500702E+00-4.698344472E+00-4.908513275E+00-5.106098125E+00-5.291220410E+00
-5.464032606E+00-5.624718706E+00-5.773493751E+00-5.910603002E+00-6.036320560E+00
-6.150947236E+00-6.254808509E+00-6.348251721E+00-6.431643404E+00-6.505366164E+00
-6.569815528E+00
 4.287079150E-01 4.592549710E-01 4.694007330E-01 4.786352030E-01 4.871233160E-01
 4.950309620E-01 5.025351100E-01 5.097610110E-01 5.167453240E-01 5.235090480E-01
 5.302874130E-01 5.367296490E-01 5.432382200E-01 5.492886870E-01 5.557132700E-01
 5.621006590E-01 5.683388310E-01 5.745482790E-01 5.807646330E-01 5.869098490E-01
 5.931308780E-01 5.994939420E-01 6.057244720E-01 6.119872130E-01 6.182685180E-01
 6.245474860E-01 6.309007430E-01 6.373043990E-01 6.437872670E-01 6.502493230E-01
 6.567349410E-01 6.632908780E-01 6.698995990E-01 6.765606260E-01 6.833116070E-01
 6.901224810E-01 6.969706790E-01 7.038784670E-01 7.108426390E-01 7.179024880E-01
 7.250303690E-01 7.322510000E-01 7.395457710E-01 7.469217290E-01 7.543741550E-01
 7.619123140E-01 7.695352130E-01 7.772659320E-01 7.850920050E-01 7.930270480E-01
 8.010598290E-01 8.091933140E-01 8.174335710E-01 8.257893760E-01 8.342607470E-01
 8.428468610E-01 8.515677270E-01 8.604086330E-01 8.693851110E-01 8.784922460E-01
 8.877387440E-01 8.971258180E-01 9.066549890E-01 9.163334680E-01 9.261654160E-01
 9.361605900E-01 9.463239120E-01 9.566526040E-01 9.671494510E-01 9.778193050E-01
 9.886705940E-01 9.996990090E-01 1.010925600E+00 1.022349900E+00 1.033982990E+00
 1.045825420E+00 1.057866040E+00 1.070120040E+00 1.082593790E+00 1.095314420E+00
 1.108266120E+00 1.121467780E+00 1.134928290E+00 1.148639830E+00 1.162607830E+00
 1.176840930E+00 1.191370180E+00 1.206187730E+00 1.221314000E+00 1.236748680E+00
 1.252509760E+00 1.268566280E+00 1.284951740E+00 1.301710010E+00 1.318843900E+00
 1.336329870E+00 1.354187210E+00 1.372454390E+00 1.391116580E+00 1.410192180E+00
 1.429708890E+00 1.449689620E+00 1.470145750E+00 1.491052520E+00 1.512414560E+00
 1.534353280E+00 1.556835820E+00 1.579814640E+00 1.603377010E+00 1.627541980E+00
 1.652301670E+00 1.677688260E+00 1.703825370E+00 1.730598800E+00 1.758013040E+00
 1.786139250E+00 1.815173960E+00 1.845001620E+00 1.875562880E+00 1.906998020E+00
 1.939230690E+00 1.972213680E+00 2.006072870E+00 2.040645720E+00 2.075736400E+00
 2.111391130E+00 2.148769070E+00 2.189169980E+00 2.234114640E+00
  107    6
 3.500000006E+00 0.000000000E+00 3.508208875E+00 1.338235294E-01 3.527922794E+00
 2.576050271E-01 3.544956040E+00 3.345588235E-01 3.563505855E+00 4.014705882E-01
 3.599016544E+00 5.071210101E-01 3.634563419E+00 5.955415991E-01 3.668566559E+00
 6.691176471E-01 3.703917784E+00 7.360294118E-01 3.741204044E+00 7.985824906E-01
 3.776750919E+00 8.529243370E-01 3.812297794E+00 9.027584314E-01 3.847844669E+00
 9.486270296E-01 3.894944663E+00 1.003676471E+00 3.954485294E+00 1.065887446E+00
 3.990032169E+00 1.099808921E+00 4.032883239E+00 1.137500000E+00 4.096672794E+00
 1.188633748E+00 4.132219669E+00 1.214698402E+00 4.203313419E+00 1.261849196E+00
 4.238860294E+00 1.283554904E+00 4.309954044E+00 1.322880902E+00 4.345500919E+00
 1.340887684E+00 4.416594669E+00 1.373726726E+00 4.487688419E+00 1.402384623E+00
 4.523235294E+00 1.415834246E+00 4.594329044E+00 1.439686754E+00 4.665422794E+00
 1.459981081E+00 4.714028116E+00 1.472058824E+00 4.772063419E+00 1.485273394E+00
 4.843157169E+00 1.497751571E+00 4.914250919E+00 1.506383716E+00 4.985344669E+00
 1.510802753E+00 5.056438419E+00 1.510202311E+00 5.127532169E+00 1.503100262E+00
 5.198625919E+00 1.486721453E+00 5.237216316E+00 1.472058824E+00 5.305266544E+00
 1.435837416E+00 5.343933220E+00 1.405147059E+00 5.405949881E+00 1.338235294E+00
 5.447454044E+00 1.279067217E+00 5.483000919E+00 1.215983967E+00 5.518547794E+00
 1.140429370E+00 5.546918623E+00 1.070588235E+00 5.571680687E+00 1.003676471E+00
 5.594293625E+00 9.367647059E-01 5.625188419E+00 8.342506391E-01 5.650961867E+00
 7.360294118E-01 5.666743007E+00 6.691176471E-01 5.692889876E+00 5.352941176E-01
 5.703574989E+00 4.683823529E-01 5.718803411E+00 3.345588235E-01 5.725911555E+00
 2.007352941E-01 5.724684688E+00 6.691176471E-02 5.714982321E+00-6.691176471E-02
 5.696742201E+00-2.007352941E-01 5.684547371E+00-2.676470588E-01 5.660735294E+00
-3.763226419E-01 5.637292195E+00-4.683823529E-01 5.618164718E+00-5.352941176E-01
 5.589641544E+00-6.276288307E-01 5.554094669E+00-7.314688477E-01 5.527957489E+00
-8.029411765E-01 5.501908257E+00-8.698529412E-01 5.474375457E+00-9.367647059E-01
 5.445244912E+00-1.003676471E+00 5.411907169E+00-1.075843226E+00 5.376360294E+00
-1.145318956E+00 5.340813419E+00-1.206810147E+00 5.297019268E+00-1.271323529E+00
 5.240814483E+00-1.338235294E+00 5.198625919E+00-1.377243523E+00 5.155829449E+00
-1.405147059E+00 5.091985294E+00-1.436053359E+00 5.020891544E+00-1.452803866E+00
 4.949797794E+00-1.457831817E+00 4.878704044E+00-1.454409703E+00 4.807610294E+00
-1.444288913E+00 4.736516544E+00-1.428405197E+00 4.665422794E+00-1.407098500E+00
 4.629875919E+00-1.394961761E+00 4.558782169E+00-1.368055946E+00 4.491733690E+00
-1.338235294E+00 4.452141544E+00-1.319811137E+00 4.381047794E+00-1.283188372E+00
 4.345500919E+00-1.263179383E+00 4.274407169E+00-1.220794875E+00 4.238860294E+00
-1.197719673E+00 4.167766544E+00-1.148956322E+00 4.132219669E+00-1.122623400E+00
 4.066425438E+00-1.070588235E+00 4.025579044E+00-1.036274089E+00 3.988921701E+00
-1.003676471E+00 3.919701267E+00-9.367647059E-01 3.883391544E+00-8.989782299E-01
 3.847844669E+00-8.597909534E-01 3.799578242E+00-8.029411765E-01 3.748286092E+00
-7.360294118E-01 3.705657169E+00-6.745835406E-01 3.670110294E+00-6.173704114E-01
 3.634563419E+00-5.534314186E-01 3.599016544E+00-4.799737643E-01 3.567321565E+00
-4.014705882E-01 3.545213918E+00-3.345588235E-01 3.527706428E+00-2.676470588E-01
 3.505907646E+00-1.338235294E-01 3.500000006E+00 0.000000000E+00
 5.999999995E+00 1.930000000E+00 3.500000006E+00 1.930000000E+00 3.500000006E+00
-1.930000000E+00 5.999999995E+00-1.930000000E+00 5.999999995E+00 1.930000000E+00
 5.999999995E+00 1.930000000E+00
    0 1.100000000E+01    0
