Major radius (central)
   0.460884946E+01
Major radius (axis)
   0.475820535E+01
Magnetic field at major radius
   0.108595432E+02
Total toroidal current
   0.125777544E+02
Number of poloidal modes
   16
Number of radial mesh points
  151
Radial mesh: sqrt(Psi/Psilim)
   0.000000000E+00   0.795902289E-02   0.159099553E-01   0.238530559E-01
   0.317875037E-01   0.397124600E-01   0.476272492E-01   0.555315204E-01
   0.634253703E-01   0.713093940E-01   0.791846210E-01   0.870523562E-01
   0.949139878E-01   0.102770804E+00   0.110623834E+00   0.118473748E+00
   0.126320826E+00   0.134164985E+00   0.142005816E+00   0.149842654E+00
   0.157674657E+00   0.165500918E+00   0.173320547E+00   0.181132707E+00
   0.188936626E+00   0.196731618E+00   0.204517138E+00   0.212292812E+00
   0.220058426E+00   0.227813868E+00   0.235559073E+00   0.243293990E+00
   0.251018555E+00   0.258732652E+00   0.266436083E+00   0.274128555E+00
   0.281809702E+00   0.289479125E+00   0.297136421E+00   0.304781200E+00
   0.312413094E+00   0.320031750E+00   0.327636830E+00   0.335228001E+00
   0.342804924E+00   0.350367251E+00   0.357914628E+00   0.365446697E+00
   0.372963107E+00   0.380463513E+00   0.387947585E+00   0.395415008E+00
   0.402865482E+00   0.410298726E+00   0.417714469E+00   0.425112446E+00
   0.432492391E+00   0.439854040E+00   0.447197120E+00   0.454521358E+00
   0.461826473E+00   0.469112181E+00   0.476378199E+00   0.483624241E+00
   0.490850024E+00   0.498055265E+00   0.505239680E+00   0.512402984E+00
   0.519544892E+00   0.526665121E+00   0.533763384E+00   0.540839397E+00
   0.547892872E+00   0.554923522E+00   0.561931061E+00   0.568915197E+00
   0.575875638E+00   0.582812085E+00   0.589724236E+00   0.596611784E+00
   0.603474418E+00   0.610311822E+00   0.617123676E+00   0.623909659E+00
   0.630669447E+00   0.637402713E+00   0.644109127E+00   0.650788359E+00
   0.657440075E+00   0.664063942E+00   0.670659621E+00   0.677226770E+00
   0.683765044E+00   0.690274097E+00   0.696753579E+00   0.703203138E+00
   0.709622420E+00   0.716011069E+00   0.722368728E+00   0.728695039E+00
   0.734989642E+00   0.741252174E+00   0.747482273E+00   0.753679569E+00
   0.759843691E+00   0.765974264E+00   0.772070909E+00   0.778133243E+00
   0.784160874E+00   0.790153411E+00   0.796110453E+00   0.802031596E+00
   0.807916433E+00   0.813764551E+00   0.819575534E+00   0.825348960E+00
   0.831084404E+00   0.836781435E+00   0.842439620E+00   0.848058514E+00
   0.853637670E+00   0.859176630E+00   0.864674928E+00   0.870132093E+00
   0.875547646E+00   0.880921107E+00   0.886251990E+00   0.891539807E+00
   0.896784064E+00   0.901984255E+00   0.907139861E+00   0.912250336E+00
   0.917315104E+00   0.922333555E+00   0.927305052E+00   0.932228933E+00
   0.937104533E+00   0.941931199E+00   0.946708317E+00   0.951435325E+00
   0.956111723E+00   0.960737058E+00   0.965310902E+00   0.969832803E+00
   0.974302263E+00   0.978718771E+00   0.983081890E+00   0.987391364E+00
   0.991647209E+00   0.995849808E+00   0.100000000E+01
Fourier equilibrium coefficients
   0.475820535E+01   0.475819844E+01   0.475817774E+01   0.475814323E+01
   0.475809491E+01   0.475803279E+01   0.475795687E+01   0.475786714E+01
   0.475776361E+01   0.475764627E+01   0.475751513E+01   0.475737019E+01
   0.475721144E+01   0.475703888E+01   0.475685252E+01   0.475665236E+01
   0.475643839E+01   0.475621062E+01   0.475596905E+01   0.475571367E+01
   0.475544448E+01   0.475516149E+01   0.475486470E+01   0.475455500E+01
   0.475423329E+01   0.475389980E+01   0.475355486E+01   0.475319876E+01
   0.475283181E+01   0.475245415E+01   0.475206588E+01   0.475166715E+01
   0.475125826E+01   0.475083952E+01   0.475041128E+01   0.474997381E+01
   0.474952740E+01   0.474907233E+01   0.474860893E+01   0.474813753E+01
   0.474765843E+01   0.474717172E+01   0.474667746E+01   0.474617574E+01
   0.474566672E+01   0.474515062E+01   0.474462771E+01   0.474409849E+01
   0.474356350E+01   0.474302330E+01   0.474247836E+01   0.474192914E+01
   0.474137607E+01   0.474081944E+01   0.474025951E+01   0.473969654E+01
   0.473913077E+01   0.473856244E+01   0.473799180E+01   0.473741906E+01
   0.473684445E+01   0.473626818E+01   0.473569046E+01   0.473511148E+01
   0.473453144E+01   0.473395049E+01   0.473336882E+01   0.473278659E+01
   0.473220395E+01   0.473162108E+01   0.473103811E+01   0.473045519E+01
   0.472987245E+01   0.472929003E+01   0.472870806E+01   0.472812664E+01
   0.472754590E+01   0.472696593E+01   0.472638683E+01   0.472580869E+01
   0.472523157E+01   0.472465554E+01   0.472408065E+01   0.472350691E+01
   0.472293433E+01   0.472236294E+01   0.472179272E+01   0.472122367E+01
   0.472065576E+01   0.472008902E+01   0.471952345E+01   0.471895907E+01
   0.471839591E+01   0.471783402E+01   0.471727344E+01   0.471671424E+01
   0.471615651E+01   0.471560032E+01   0.471504580E+01   0.471449305E+01
   0.471394220E+01   0.471339338E+01   0.471284672E+01   0.471230235E+01
   0.471176039E+01   0.471122098E+01   0.471068423E+01   0.471015028E+01
   0.470961924E+01   0.470909125E+01   0.470856645E+01   0.470804496E+01
   0.470752694E+01   0.470701255E+01   0.470650198E+01   0.470599541E+01
   0.470549305E+01   0.470499512E+01   0.470450185E+01   0.470401350E+01
   0.470353033E+01   0.470305262E+01   0.470258070E+01   0.470211496E+01
   0.470165575E+01   0.470120352E+01   0.470075872E+01   0.470032184E+01
   0.469989346E+01   0.469947421E+01   0.469906471E+01   0.469866560E+01
   0.469827750E+01   0.469790109E+01   0.469753717E+01   0.469718659E+01
   0.469685037E+01   0.469653034E+01   0.469622850E+01   0.469594624E+01
   0.469568247E+01   0.469543551E+01   0.469520146E+01   0.469496768E+01
   0.469471935E+01   0.469444549E+01   0.469415056E+01   0.469384288E+01
   0.469353076E+01   0.469322250E+01   0.469292643E+01
   0.547878250E-01   0.547873088E-01   0.547857602E-01   0.547831791E-01
   0.547795656E-01   0.547749196E-01   0.547692413E-01   0.547625305E-01
   0.547547873E-01   0.547460116E-01   0.547362035E-01   0.547253630E-01
   0.547134901E-01   0.547005847E-01   0.546866469E-01   0.546716766E-01
   0.546556740E-01   0.546386389E-01   0.546205714E-01   0.546014714E-01
   0.545813390E-01   0.545601742E-01   0.545379769E-01   0.545147918E-01
   0.544906632E-01   0.544655907E-01   0.544396227E-01   0.544128196E-01
   0.543852251E-01   0.543568145E-01   0.543275460E-01   0.542973963E-01
   0.542664150E-01   0.542346701E-01   0.542022159E-01   0.541690521E-01
   0.541351649E-01   0.541005466E-01   0.540652141E-01   0.540291902E-01
   0.539924907E-01   0.539551014E-01   0.539170008E-01   0.538781728E-01
   0.538386236E-01   0.537983647E-01   0.537574159E-01   0.537158296E-01
   0.536736665E-01   0.536309769E-01   0.535877698E-01   0.535440438E-01
   0.534997997E-01   0.534550467E-01   0.534097964E-01   0.533640560E-01
   0.533178170E-01   0.532710667E-01   0.532237961E-01   0.531760107E-01
   0.531277192E-01   0.530789276E-01   0.530296286E-01   0.529798119E-01
   0.529294669E-01   0.528785814E-01   0.528271428E-01   0.527751393E-01
   0.527225615E-01   0.526694004E-01   0.526156444E-01   0.525612714E-01
   0.525062564E-01   0.524505758E-01   0.523942120E-01   0.523371489E-01
   0.522793675E-01   0.522208375E-01   0.521615257E-01   0.521013996E-01
   0.520404285E-01   0.519785826E-01   0.519158291E-01   0.518521252E-01
   0.517874253E-01   0.517216842E-01   0.516548564E-01   0.515868971E-01
   0.515177597E-01   0.514473933E-01   0.513757455E-01   0.513027624E-01
   0.512283841E-01   0.511525489E-01   0.510751959E-01   0.509962667E-01
   0.509157036E-01   0.508334461E-01   0.507494229E-01   0.506635597E-01
   0.505757819E-01   0.504860123E-01   0.503941729E-01   0.503001832E-01
   0.502039517E-01   0.501053841E-01   0.500043841E-01   0.499008458E-01
   0.497946616E-01   0.496857200E-01   0.495738959E-01   0.494590604E-01
   0.493410819E-01   0.492198151E-01   0.490951119E-01   0.489668203E-01
   0.488347737E-01   0.486988021E-01   0.485587291E-01   0.484143549E-01
   0.482654733E-01   0.481118713E-01   0.479533079E-01   0.477895346E-01
   0.476202916E-01   0.474452720E-01   0.472641574E-01   0.470766172E-01
   0.468822735E-01   0.466807360E-01   0.464716150E-01   0.462545223E-01
   0.460290697E-01   0.457948387E-01   0.455512880E-01   0.452978458E-01
   0.450338132E-01   0.447579816E-01   0.444690152E-01   0.441656664E-01
   0.438470392E-01   0.435123257E-01   0.431610779E-01   0.427942869E-01
   0.424133039E-01   0.420184214E-01   0.416056986E-01   0.411701362E-01
   0.407067350E-01   0.402104957E-01   0.396764190E-01
   0.000000000E+00   0.782013160E-02   0.156373418E-01   0.234482595E-01
   0.312502844E-01   0.390415877E-01   0.468211114E-01   0.545885977E-01
   0.623447094E-01   0.700910009E-01   0.778298104E-01   0.855639293E-01
   0.932967417E-01   0.101031807E+00   0.108771103E+00   0.116515960E+00
   0.124267094E+00   0.132023294E+00   0.139782219E+00   0.147541416E+00
   0.155300678E+00   0.163060487E+00   0.170821213E+00   0.178582503E+00
   0.186343711E+00   0.194103989E+00   0.201862044E+00   0.209616313E+00
   0.217365754E+00   0.225112195E+00   0.232858547E+00   0.240607300E+00
   0.248357796E+00   0.256108365E+00   0.263857562E+00   0.271605663E+00
   0.279353467E+00   0.287101620E+00   0.294849810E+00   0.302597423E+00
   0.310343908E+00   0.318089210E+00   0.325833408E+00   0.333576566E+00
   0.341318623E+00   0.349059482E+00   0.356799039E+00   0.364537182E+00
   0.372273790E+00   0.380008758E+00   0.387742053E+00   0.395473664E+00
   0.403203565E+00   0.410931653E+00   0.418657801E+00   0.426381886E+00
   0.434103814E+00   0.441823502E+00   0.449540880E+00   0.457255963E+00
   0.464968788E+00   0.472679370E+00   0.480387603E+00   0.488093343E+00
   0.495796462E+00   0.503496902E+00   0.511194627E+00   0.518889594E+00
   0.526581747E+00   0.534271022E+00   0.541957354E+00   0.549640679E+00
   0.557320926E+00   0.564998025E+00   0.572671888E+00   0.580342423E+00
   0.588009537E+00   0.595673150E+00   0.603333182E+00   0.610989552E+00
   0.618642173E+00   0.626290955E+00   0.633935802E+00   0.641576602E+00
   0.649213237E+00   0.656845599E+00   0.664473624E+00   0.672097261E+00
   0.679716441E+00   0.687331024E+00   0.694940843E+00   0.702545739E+00
   0.710145574E+00   0.717740218E+00   0.725329543E+00   0.732913441E+00
   0.740491813E+00   0.748064536E+00   0.755631414E+00   0.763192226E+00
   0.770746761E+00   0.778294863E+00   0.785836387E+00   0.793371183E+00
   0.800899063E+00   0.808419830E+00   0.815933277E+00   0.823439165E+00
   0.830937242E+00   0.838427266E+00   0.845909038E+00   0.853382374E+00
   0.860847067E+00   0.868302835E+00   0.875749375E+00   0.883186379E+00
   0.890613541E+00   0.898030551E+00   0.905437099E+00   0.912832892E+00
   0.920217639E+00   0.927591017E+00   0.934952601E+00   0.942301932E+00
   0.949638556E+00   0.956962068E+00   0.964272072E+00   0.971568132E+00
   0.978849668E+00   0.986116053E+00   0.993366655E+00   0.100060085E+01
   0.100781802E+01   0.101501753E+01   0.102219885E+01   0.102936142E+01
   0.103650457E+01   0.104362699E+01   0.105072719E+01   0.105780385E+01
   0.106485630E+01   0.107188406E+01   0.107888769E+01   0.108587200E+01
   0.109284303E+01   0.109980514E+01   0.110675537E+01   0.111368879E+01
   0.112060035E+01   0.112748488E+01   0.113433704E+01
   0.000000000E+00   0.948310110E-02   0.189626286E-01   0.284345099E-01
   0.378955278E-01   0.473433211E-01   0.567763843E-01   0.661941529E-01
   0.755973573E-01   0.849879371E-01   0.943688312E-01   0.103743410E+00
   0.113115716E+00   0.122489994E+00   0.131868570E+00   0.141252983E+00
   0.150644036E+00   0.160040250E+00   0.169438806E+00   0.178836747E+00
   0.188233785E+00   0.197630442E+00   0.207027116E+00   0.216423387E+00
   0.225818500E+00   0.235211462E+00   0.244600711E+00   0.253984360E+00
   0.263361155E+00   0.272733349E+00   0.282104517E+00   0.291477730E+00
   0.300852255E+00   0.310226138E+00   0.319597704E+00   0.328967343E+00
   0.338336083E+00   0.347704779E+00   0.357073182E+00   0.366440704E+00
   0.375806812E+00   0.385171453E+00   0.394534706E+00   0.403896641E+00
   0.413257259E+00   0.422616542E+00   0.431974497E+00   0.441331239E+00
   0.450686917E+00   0.460041691E+00   0.469395725E+00   0.478749194E+00
   0.488102251E+00   0.497454938E+00   0.506807269E+00   0.516159260E+00
   0.525510975E+00   0.534862485E+00   0.544213886E+00   0.553565366E+00
   0.562917139E+00   0.572269395E+00   0.581622181E+00   0.590975498E+00
   0.600329371E+00   0.609683916E+00   0.619039277E+00   0.628395596E+00
   0.637752998E+00   0.647111606E+00   0.656471543E+00   0.665832927E+00
   0.675195877E+00   0.684560509E+00   0.693926924E+00   0.703295219E+00
   0.712665493E+00   0.722037859E+00   0.731412433E+00   0.740789328E+00
   0.750168649E+00   0.759550498E+00   0.768934971E+00   0.778322136E+00
   0.787712056E+00   0.797104807E+00   0.806500520E+00   0.815899347E+00
   0.825301422E+00   0.834706806E+00   0.844115542E+00   0.853527682E+00
   0.862943328E+00   0.872362596E+00   0.881785614E+00   0.891212572E+00
   0.900643673E+00   0.910079110E+00   0.919519001E+00   0.928963445E+00
   0.938412566E+00   0.947866576E+00   0.957325720E+00   0.966790237E+00
   0.976260341E+00   0.985736243E+00   0.995218152E+00   0.100470626E+01
   0.101420074E+01   0.102370181E+01   0.103320976E+01   0.104272491E+01
   0.105224759E+01   0.106177806E+01   0.107131659E+01   0.108086345E+01
   0.109041899E+01   0.109998356E+01   0.110955757E+01   0.111914147E+01
   0.112873578E+01   0.113834097E+01   0.114795750E+01   0.115758578E+01
   0.116722630E+01   0.117687973E+01   0.118654682E+01   0.119622834E+01
   0.120592514E+01   0.121563809E+01   0.122536811E+01   0.123511613E+01
   0.124488313E+01   0.125467009E+01   0.126447800E+01   0.127430787E+01
   0.128416097E+01   0.129403962E+01   0.130394646E+01   0.131388367E+01
   0.132385129E+01   0.133384886E+01   0.134387396E+01   0.135391645E+01
   0.136396400E+01   0.137400764E+01   0.138405331E+01   0.139411086E+01
   0.140419046E+01   0.141430254E+01   0.142445778E+01
   0.000000000E+00   0.170140334E-03   0.339986259E-03   0.509156090E-03
   0.677417757E-03   0.844688799E-03   0.101103637E-02   0.117660798E-02
   0.134134470E-02   0.150505033E-02   0.166752108E-02   0.182885023E-02
   0.198929980E-02   0.214915810E-02   0.230845619E-02   0.246711870E-02
   0.262505530E-02   0.278224861E-02   0.293870083E-02   0.309441322E-02
   0.324939124E-02   0.340364114E-02   0.355716442E-02   0.370994349E-02
   0.386195178E-02   0.401316480E-02   0.416358444E-02   0.431322110E-02
   0.446208858E-02   0.461020904E-02   0.475760923E-02   0.490431643E-02
   0.505034996E-02   0.519572784E-02   0.534046713E-02   0.548457728E-02
   0.562806549E-02   0.577093843E-02   0.591320169E-02   0.605486025E-02
   0.619591599E-02   0.633635908E-02   0.647617514E-02   0.661534997E-02
   0.675387678E-02   0.689175012E-02   0.702897432E-02   0.716559698E-02
   0.730168052E-02   0.743728250E-02   0.757242539E-02   0.770712253E-02
   0.784138624E-02   0.797522461E-02   0.810864429E-02   0.824164972E-02
   0.837423762E-02   0.850640180E-02   0.863813839E-02   0.876945701E-02
   0.890037093E-02   0.903089028E-02   0.916101124E-02   0.929072561E-02
   0.942002501E-02   0.954890385E-02   0.967735669E-02   0.980537790E-02
   0.993296339E-02   0.100601090E-01   0.101868085E-01   0.103130478E-01
   0.104388101E-01   0.105640789E-01   0.106888409E-01   0.108130837E-01
   0.109367921E-01   0.110599434E-01   0.111825121E-01   0.113044719E-01
   0.114257984E-01   0.115464665E-01   0.116664480E-01   0.117857042E-01
   0.119041923E-01   0.120218690E-01   0.121386936E-01   0.122546253E-01
   0.123696209E-01   0.124836320E-01   0.125966079E-01   0.127084952E-01
   0.128192370E-01   0.129287736E-01   0.130370456E-01   0.131440002E-01
   0.132495851E-01   0.133537442E-01   0.134564094E-01   0.135575079E-01
   0.136569659E-01   0.137547099E-01   0.138506653E-01   0.139447536E-01
   0.140368862E-01   0.141269700E-01   0.142149077E-01   0.143005926E-01
   0.143839131E-01   0.144647534E-01   0.145429867E-01   0.146184812E-01
   0.146910995E-01   0.147606900E-01   0.148270945E-01   0.148901490E-01
   0.149496755E-01   0.150054895E-01   0.150573974E-01   0.151051825E-01
   0.151486184E-01   0.151874679E-01   0.152214670E-01   0.152503397E-01
   0.152737944E-01   0.152914938E-01   0.153030834E-01   0.153081864E-01
   0.153063626E-01   0.152971473E-01   0.152800672E-01   0.152546461E-01
   0.152203992E-01   0.151767965E-01   0.151231555E-01   0.150587428E-01
   0.149827069E-01   0.148937690E-01   0.147905157E-01   0.146714519E-01
   0.145348545E-01   0.143789110E-01   0.142022650E-01   0.140055414E-01
   0.137898986E-01   0.135553628E-01   0.132972420E-01   0.130095339E-01
   0.126860835E-01   0.123205830E-01   0.119065721E-01
   0.000000000E+00   0.284625593E-04   0.571747168E-04   0.864747154E-04
   0.116548836E-03   0.147431397E-03   0.179004755E-03   0.211081045E-03
   0.243740819E-03   0.277251301E-03   0.311910488E-03   0.347676562E-03
   0.384323924E-03   0.421600687E-03   0.459515979E-03   0.498187126E-03
   0.537731257E-03   0.578121298E-03   0.619273409E-03   0.661101931E-03
   0.703584228E-03   0.746717792E-03   0.790502493E-03   0.834937904E-03
   0.880025179E-03   0.925757708E-03   0.972087677E-03   0.101895064E-02
   0.106629281E-02   0.111413022E-02   0.116250368E-02   0.121144225E-02
   0.126089842E-02   0.131079883E-02   0.136107821E-02   0.141172942E-02
   0.146276345E-02   0.151418711E-02   0.156597816E-02   0.161810561E-02
   0.167054548E-02   0.172330785E-02   0.177641449E-02   0.182988311E-02
   0.188370294E-02   0.193785522E-02   0.199231394E-02   0.204702478E-02
   0.210192300E-02   0.215695095E-02   0.221209350E-02   0.226734766E-02
   0.232270945E-02   0.237816640E-02   0.243370408E-02   0.248931166E-02
   0.254499253E-02   0.260075505E-02   0.265660555E-02   0.271253635E-02
   0.276853631E-02   0.282459728E-02   0.288072302E-02   0.293692132E-02
   0.299320105E-02   0.304957154E-02   0.310604309E-02   0.316262623E-02
   0.321932842E-02   0.327615699E-02   0.333312210E-02   0.339024298E-02
   0.344754234E-02   0.350504254E-02   0.356275976E-02   0.362070926E-02
   0.367890936E-02   0.373738800E-02   0.379617676E-02   0.385530776E-02
   0.391481028E-02   0.397471380E-02   0.403505088E-02   0.409586269E-02
   0.415719393E-02   0.421909036E-02   0.428159651E-02   0.434475776E-02
   0.440862141E-02   0.447323761E-02   0.453865850E-02   0.460493844E-02
   0.467213580E-02   0.474031131E-02   0.480952622E-02   0.487983819E-02
   0.495130509E-02   0.502398793E-02   0.509795609E-02   0.517328247E-02
   0.525004174E-02   0.532830987E-02   0.540816454E-02   0.548968695E-02
   0.557296686E-02   0.565809787E-02   0.574517713E-02   0.583430924E-02
   0.592560259E-02   0.601917015E-02   0.611513571E-02   0.621362801E-02
   0.631478053E-02   0.641873678E-02   0.652564533E-02   0.663566007E-02
   0.674894624E-02   0.686567481E-02   0.698602463E-02   0.711019517E-02
   0.723839455E-02   0.737084044E-02   0.750777516E-02   0.764945150E-02
   0.779613516E-02   0.794812748E-02   0.810574404E-02   0.826931646E-02
   0.843921996E-02   0.861584738E-02   0.879959827E-02   0.899087300E-02
   0.919007833E-02   0.939765574E-02   0.961416196E-02   0.984019275E-02
   0.100764754E-01   0.103242310E-01   0.105848313E-01   0.108595730E-01
   0.111493436E-01   0.114549384E-01   0.117769125E-01   0.121148007E-01
   0.124678579E-01   0.128361700E-01   0.132232765E-01   0.136336781E-01
   0.140719894E-01   0.145429392E-01   0.150513706E-01
  -0.000000000E+00  -0.178935691E-05  -0.716729011E-05  -0.161485933E-04
  -0.287480603E-04  -0.449804848E-04  -0.648606606E-04  -0.884033812E-04
  -0.115623441E-03  -0.146535632E-03  -0.181154750E-03  -0.219495588E-03
  -0.261572940E-03  -0.307401598E-03  -0.356996358E-03  -0.410372013E-03
  -0.467543356E-03  -0.528525182E-03  -0.593332283E-03  -0.661979454E-03
  -0.734481489E-03  -0.810853181E-03  -0.891109324E-03  -0.975306540E-03
  -0.106349159E-02  -0.115568290E-02  -0.125189396E-02  -0.135213572E-02
  -0.145642636E-02  -0.156482028E-02  -0.167738605E-02  -0.179419068E-02
  -0.191527525E-02  -0.204067402E-02  -0.217042569E-02  -0.230458756E-02
  -0.244322419E-02  -0.258639296E-02  -0.273411049E-02  -0.288637997E-02
  -0.304321150E-02  -0.320465544E-02  -0.337077479E-02  -0.354163181E-02
  -0.371727697E-02  -0.389775824E-02  -0.408312643E-02  -0.427344171E-02
  -0.446876809E-02  -0.466917563E-02  -0.487475374E-02  -0.508559980E-02
  -0.530180847E-02  -0.552345095E-02  -0.575059296E-02  -0.598329907E-02
  -0.622162631E-02  -0.646562976E-02  -0.671536738E-02  -0.697090918E-02
  -0.723232915E-02  -0.749970253E-02  -0.777310602E-02  -0.805261759E-02
  -0.833831669E-02  -0.863028514E-02  -0.892860634E-02  -0.923336568E-02
  -0.954465257E-02  -0.986255863E-02  -0.101871777E-01  -0.105186081E-01
  -0.108569505E-01  -0.112023080E-01  -0.115547870E-01  -0.119144963E-01
  -0.122815470E-01  -0.126560530E-01  -0.130381303E-01  -0.134278977E-01
  -0.138254780E-01  -0.142309967E-01  -0.146445819E-01  -0.150663641E-01
  -0.154964766E-01  -0.159350562E-01  -0.163822474E-01  -0.168381993E-01
  -0.173030641E-01  -0.177770016E-01  -0.182601754E-01  -0.187527546E-01
  -0.192549212E-01  -0.197668634E-01  -0.202887762E-01  -0.208208738E-01
  -0.213633779E-01  -0.219165162E-01  -0.224805253E-01  -0.230556474E-01
  -0.236421334E-01  -0.242402539E-01  -0.248502886E-01  -0.254725250E-01
  -0.261072651E-01  -0.267548189E-01  -0.274155051E-01  -0.280896584E-01
  -0.287776224E-01  -0.294797529E-01  -0.301964344E-01  -0.309280644E-01
  -0.316750532E-01  -0.324378377E-01  -0.332168682E-01  -0.340126122E-01
  -0.348255788E-01  -0.356562957E-01  -0.365053103E-01  -0.373732188E-01
  -0.382606387E-01  -0.391682058E-01  -0.400965918E-01  -0.410464873E-01
  -0.420186217E-01  -0.430138401E-01  -0.440330305E-01  -0.450771270E-01
  -0.461471953E-01  -0.472443518E-01  -0.483697344E-01  -0.495244957E-01
  -0.507098093E-01  -0.519269057E-01  -0.531771747E-01  -0.544620686E-01
  -0.557831556E-01  -0.571423853E-01  -0.585418373E-01  -0.599835433E-01
  -0.614692043E-01  -0.630004586E-01  -0.645778956E-01  -0.661977614E-01
  -0.678550860E-01  -0.695464888E-01  -0.712755024E-01  -0.730475131E-01
  -0.748680422E-01  -0.767427459E-01  -0.786774151E-01
   0.000000000E+00   0.121533937E-05   0.486881433E-05   0.109716101E-04
   0.195349120E-04   0.305699053E-04   0.440877751E-04   0.600997068E-04
   0.786168856E-04   0.996504968E-04   0.123211726E-03   0.149311757E-03
   0.177961777E-03   0.209172970E-03   0.242956522E-03   0.279323618E-03
   0.318285443E-03   0.359853182E-03   0.404038021E-03   0.450851145E-03
   0.500303739E-03   0.552406988E-03   0.607172078E-03   0.664640664E-03
   0.724846941E-03   0.787805445E-03   0.853527271E-03   0.922021811E-03
   0.993303252E-03   0.106740976E-02   0.114438890E-02   0.122428736E-02
   0.130713525E-02   0.139295840E-02   0.148178550E-02   0.157365660E-02
   0.166861632E-02   0.176670400E-02   0.186793007E-02   0.197229532E-02
   0.207980563E-02   0.219049679E-02   0.230441393E-02   0.242160153E-02
   0.254209501E-02   0.266592778E-02   0.279313440E-02   0.292375275E-02
   0.305782216E-02   0.319538618E-02   0.333650306E-02   0.348123675E-02
   0.362964905E-02   0.378178515E-02   0.393768616E-02   0.409739202E-02
   0.426093677E-02   0.442835268E-02   0.459967376E-02   0.477494229E-02
   0.495420309E-02   0.513750145E-02   0.532488281E-02   0.551639306E-02
   0.571207875E-02   0.591198761E-02   0.611616812E-02   0.632466961E-02
   0.653754330E-02   0.675484137E-02   0.697661710E-02   0.720292602E-02
   0.743382488E-02   0.766937141E-02   0.790962500E-02   0.815464606E-02
   0.840449594E-02   0.865923694E-02   0.891893227E-02   0.918364628E-02
   0.945344518E-02   0.972839638E-02   0.100085683E-01   0.102940304E-01
   0.105848531E-01   0.108811087E-01   0.111828737E-01   0.114902265E-01
   0.118032473E-01   0.121220188E-01   0.124466256E-01   0.127771547E-01
   0.131136996E-01   0.134563566E-01   0.138052254E-01   0.141604156E-01
   0.145220406E-01   0.148902160E-01   0.152650600E-01   0.156466926E-01
   0.160352379E-01   0.164308292E-01   0.168336042E-01   0.172437035E-01
   0.176612732E-01   0.180864623E-01   0.185194237E-01   0.189603155E-01
   0.194092993E-01   0.198665423E-01   0.203322239E-01   0.208065297E-01
   0.212896497E-01   0.217817833E-01   0.222831349E-01   0.227939158E-01
   0.233143538E-01   0.238446840E-01   0.243851497E-01   0.249360123E-01
   0.254975422E-01   0.260700160E-01   0.266537215E-01   0.272489532E-01
   0.278560226E-01   0.284752944E-01   0.291071521E-01   0.297519923E-01
   0.304102401E-01   0.310823347E-01   0.317687158E-01   0.324698009E-01
   0.331860072E-01   0.339178013E-01   0.346658287E-01   0.354307916E-01
   0.362134189E-01   0.370145041E-01   0.378348693E-01   0.386752433E-01
   0.395359230E-01   0.404170943E-01   0.413186710E-01   0.422394681E-01
   0.431779867E-01   0.441332492E-01   0.451065388E-01   0.460997463E-01
   0.471148092E-01   0.481537114E-01   0.492184831E-01
   0.000000000E+00   0.250117528E-06   0.100138866E-05   0.225519121E-05
   0.401290300E-05   0.627590185E-05   0.904556559E-05   0.123232720E-04
   0.161103990E-04   0.204083243E-04   0.252184257E-04   0.305420811E-04
   0.363806683E-04   0.427355652E-04   0.496081494E-04   0.569997989E-04
   0.649118915E-04   0.733458050E-04   0.823029172E-04   0.917846059E-04
   0.101792249E-03   0.112327224E-03   0.123390909E-03   0.134998704E-03
   0.147165090E-03   0.159895876E-03   0.173177949E-03   0.186990482E-03
   0.201318998E-03   0.216187697E-03   0.231634855E-03   0.247691332E-03
   0.264340281E-03   0.281548660E-03   0.299289650E-03   0.317577752E-03
   0.336440714E-03   0.355904668E-03   0.375979197E-03   0.396669512E-03
   0.417981113E-03   0.439920672E-03   0.462495302E-03   0.485712368E-03
   0.509579690E-03   0.534105376E-03   0.559295053E-03   0.585143321E-03
   0.611641013E-03   0.638782877E-03   0.666583718E-03   0.695064545E-03
   0.724244715E-03   0.754132578E-03   0.784733577E-03   0.816055332E-03
   0.848114667E-03   0.880931480E-03   0.914523945E-03   0.948900230E-03
   0.984065780E-03   0.102002755E-02   0.105679925E-02   0.109439672E-02
   0.113283614E-02   0.117213354E-02   0.121230525E-02   0.125336743E-02
   0.129533423E-02   0.133821945E-02   0.138203853E-02   0.142681302E-02
   0.147256661E-02   0.151932210E-02   0.156709662E-02   0.161590599E-02
   0.166576791E-02   0.171670721E-02   0.176875110E-02   0.182192655E-02
   0.187625716E-02   0.193176599E-02   0.198847744E-02   0.204641999E-02
   0.210562368E-02   0.216611885E-02   0.222793490E-02   0.229110140E-02
   0.235564907E-02   0.242161151E-02   0.248902360E-02   0.255792167E-02
   0.262834569E-02   0.270033726E-02   0.277393871E-02   0.284919246E-02
   0.292614166E-02   0.300483162E-02   0.308531406E-02   0.316764316E-02
   0.325187426E-02   0.333806353E-02   0.342626822E-02   0.351654804E-02
   0.360896910E-02   0.370360022E-02   0.380051190E-02   0.389977700E-02
   0.400147007E-02   0.410566924E-02   0.421246249E-02   0.432194172E-02
   0.443420178E-02   0.454934318E-02   0.466746955E-02   0.478868855E-02
   0.491311775E-02   0.504087914E-02   0.517209968E-02   0.530691863E-02
   0.544548067E-02   0.558793706E-02   0.573445654E-02   0.588521511E-02
   0.604040130E-02   0.620024321E-02   0.636498307E-02   0.653487049E-02
   0.671016849E-02   0.689114779E-02   0.707808713E-02   0.727127981E-02
   0.747102752E-02   0.767765446E-02   0.789155725E-02   0.811315779E-02
   0.834296229E-02   0.858179141E-02   0.883056231E-02   0.909018079E-02
   0.936143792E-02   0.964510807E-02   0.994143277E-02   0.102484415E-01
   0.105635458E-01   0.108851843E-01   0.112161942E-01   0.115606072E-01
   0.119225614E-01   0.123063011E-01   0.127161773E-01
   0.000000000E+00   0.233086657E-06   0.932925486E-06   0.210038478E-05
   0.373633283E-05   0.584163792E-05   0.841716834E-05   0.114637924E-04
   0.149823784E-04   0.189737945E-04   0.234389092E-04   0.283785906E-04
   0.337937072E-04   0.396851271E-04   0.460537186E-04   0.529003501E-04
   0.602258898E-04   0.680312061E-04   0.763171672E-04   0.850846414E-04
   0.943344969E-04   0.104067602E-03   0.114284825E-03   0.124995935E-03
   0.136210122E-03   0.147930450E-03   0.160147121E-03   0.172845030E-03
   0.186013451E-03   0.199668508E-03   0.213836077E-03   0.228536927E-03
   0.243758981E-03   0.259479011E-03   0.275678014E-03   0.292365180E-03
   0.309558717E-03   0.327275465E-03   0.345519923E-03   0.364293195E-03
   0.383596548E-03   0.403432486E-03   0.423803861E-03   0.444713525E-03
   0.466164227E-03   0.488158702E-03   0.510698039E-03   0.533776419E-03
   0.557385588E-03   0.581519945E-03   0.606187645E-03   0.631401075E-03
   0.657171261E-03   0.683500840E-03   0.710390150E-03   0.737840700E-03
   0.765859372E-03   0.794454755E-03   0.823634245E-03   0.853398973E-03
   0.883748264E-03   0.914682248E-03   0.946205151E-03   0.978322386E-03
   0.101103941E-02   0.104436139E-02   0.107829347E-02   0.111284053E-02
   0.114800588E-02   0.118379238E-02   0.122020380E-02   0.125724759E-02
   0.129493240E-02   0.133326609E-02   0.137225242E-02   0.141189409E-02
   0.145219477E-02   0.149316232E-02   0.153480592E-02   0.157713430E-02
   0.162015371E-02   0.166386979E-02   0.170828866E-02   0.175341831E-02
   0.179926735E-02   0.184584429E-02   0.189315667E-02   0.194121187E-02
   0.199001762E-02   0.203958280E-02   0.208991669E-02   0.214102911E-02
   0.219293137E-02   0.224563540E-02   0.229915318E-02   0.235349611E-02
   0.240867563E-02   0.246470400E-02   0.252159631E-02   0.257936864E-02
   0.263803716E-02   0.269761732E-02   0.275812460E-02   0.281957532E-02
   0.288198819E-02   0.294538290E-02   0.300977934E-02   0.307519692E-02
   0.314165527E-02   0.320917516E-02   0.327778106E-02   0.334749874E-02
   0.341835452E-02   0.349037514E-02   0.356358783E-02   0.363802071E-02
   0.371370380E-02   0.379066803E-02   0.386894559E-02   0.394857173E-02
   0.402958303E-02   0.411201773E-02   0.419591845E-02   0.428132966E-02
   0.436830005E-02   0.445689281E-02   0.454717598E-02   0.463921643E-02
   0.473307161E-02   0.482879735E-02   0.492644951E-02   0.502608087E-02
   0.512774408E-02   0.523149823E-02   0.533742601E-02   0.544561749E-02
   0.555618207E-02   0.566930181E-02   0.578518093E-02   0.590400763E-02
   0.602589001E-02   0.615091684E-02   0.627892306E-02   0.640871000E-02
   0.653878558E-02   0.666811537E-02   0.679764834E-02   0.692886680E-02
   0.706329399E-02   0.720249396E-02   0.734807168E-02
  -0.000000000E+00  -0.254477014E-03  -0.508837202E-03  -0.762943831E-03
  -0.101669430E-02  -0.127002011E-02  -0.152288691E-02  -0.177528676E-02
  -0.202720622E-02  -0.227863406E-02  -0.252958047E-02  -0.278012915E-02
  -0.303041539E-02  -0.328058568E-02  -0.353069153E-02  -0.378074590E-02
  -0.403074052E-02  -0.428061917E-02  -0.453029391E-02  -0.477967546E-02
  -0.502875451E-02  -0.527754790E-02  -0.552606734E-02  -0.577428543E-02
  -0.602215952E-02  -0.626964403E-02  -0.651670080E-02  -0.676329149E-02
  -0.700939326E-02  -0.725505999E-02  -0.750037565E-02  -0.774541207E-02
  -0.799014732E-02  -0.823452948E-02  -0.847851491E-02  -0.872211601E-02
  -0.896536295E-02  -0.920828618E-02  -0.945090454E-02  -0.969323494E-02
  -0.993528978E-02  -0.101770577E-01  -0.104185197E-01  -0.106596570E-01
  -0.109004596E-01  -0.111409193E-01  -0.113810379E-01  -0.116208618E-01
  -0.118604522E-01  -0.120998660E-01  -0.123391259E-01  -0.125782457E-01
  -0.128172399E-01  -0.130561261E-01  -0.132949229E-01  -0.135336498E-01
  -0.137723295E-01  -0.140109856E-01  -0.142496429E-01  -0.144883271E-01
  -0.147270652E-01  -0.149658834E-01  -0.152048033E-01  -0.154438456E-01
  -0.156830312E-01  -0.159223821E-01  -0.161619206E-01  -0.164016701E-01
  -0.166416565E-01  -0.168819070E-01  -0.171224485E-01  -0.173633052E-01
  -0.176045007E-01  -0.178460591E-01  -0.180880058E-01  -0.183303666E-01
  -0.185731674E-01  -0.188164322E-01  -0.190601848E-01  -0.193044494E-01
  -0.195492510E-01  -0.197946146E-01  -0.200405649E-01  -0.202871231E-01
  -0.205343097E-01  -0.207821453E-01  -0.210306512E-01  -0.212798490E-01
  -0.215297605E-01  -0.217804080E-01  -0.220318140E-01  -0.222840017E-01
  -0.225369963E-01  -0.227908239E-01  -0.230455116E-01  -0.233010906E-01
  -0.235575931E-01  -0.238150520E-01  -0.240734992E-01  -0.243329671E-01
  -0.245934892E-01  -0.248551031E-01  -0.251178477E-01  -0.253817624E-01
  -0.256468849E-01  -0.259132532E-01  -0.261809056E-01  -0.264498789E-01
  -0.267202105E-01  -0.269919377E-01  -0.272650979E-01  -0.275397287E-01
  -0.278158681E-01  -0.280935550E-01  -0.283728285E-01  -0.286537295E-01
  -0.289363035E-01  -0.292205980E-01  -0.295066613E-01  -0.297945440E-01
  -0.300842980E-01  -0.303759691E-01  -0.306695782E-01  -0.309651389E-01
  -0.312626655E-01  -0.315621757E-01  -0.318636880E-01  -0.321672453E-01
  -0.324729911E-01  -0.327810980E-01  -0.330917329E-01  -0.334050275E-01
  -0.337211065E-01  -0.340399913E-01  -0.343612766E-01  -0.346844366E-01
  -0.350089972E-01  -0.353347463E-01  -0.356615351E-01  -0.359893437E-01
  -0.363186917E-01  -0.366502489E-01  -0.369841643E-01  -0.373184166E-01
  -0.376503801E-01  -0.379779637E-01  -0.383014665E-01  -0.386218143E-01
  -0.389399609E-01  -0.392568884E-01  -0.395736064E-01
  -0.000000000E+00  -0.289026516E-03  -0.577947967E-03  -0.866657906E-03
  -0.115505225E-02  -0.144302931E-02  -0.173048974E-02  -0.201735632E-02
  -0.230365567E-02  -0.258949854E-02  -0.287504031E-02  -0.316038458E-02
  -0.344562377E-02  -0.373085065E-02  -0.401612659E-02  -0.430149846E-02
  -0.458699341E-02  -0.487257466E-02  -0.515816831E-02  -0.544369440E-02
  -0.572913508E-02  -0.601448954E-02  -0.629975612E-02  -0.658493253E-02
  -0.687001571E-02  -0.715499340E-02  -0.743981633E-02  -0.772441863E-02
  -0.800875619E-02  -0.829290712E-02  -0.857699533E-02  -0.886113018E-02
  -0.914530274E-02  -0.942946691E-02  -0.971358479E-02  -0.999767666E-02
  -0.102817810E-01  -0.105659314E-01  -0.108501288E-01  -0.111343644E-01
  -0.114186308E-01  -0.117029339E-01  -0.119872829E-01  -0.122716891E-01
  -0.125561701E-01  -0.128407462E-01  -0.131254392E-01  -0.134102741E-01
  -0.136952776E-01  -0.139804783E-01  -0.142659082E-01  -0.145516015E-01
  -0.148375902E-01  -0.151238939E-01  -0.154105291E-01  -0.156975123E-01
  -0.159848622E-01  -0.162725981E-01  -0.165607397E-01  -0.168493079E-01
  -0.171383241E-01  -0.174278087E-01  -0.177177776E-01  -0.180082457E-01
  -0.182992285E-01  -0.185907464E-01  -0.188828214E-01  -0.191754748E-01
  -0.194687255E-01  -0.197625920E-01  -0.200570925E-01  -0.203522459E-01
  -0.206480712E-01  -0.209445868E-01  -0.212418095E-01  -0.215397558E-01
  -0.218384418E-01  -0.221378844E-01  -0.224381001E-01  -0.227391052E-01
  -0.230409130E-01  -0.233435364E-01  -0.236469873E-01  -0.239512765E-01
  -0.242564139E-01  -0.245624095E-01  -0.248692746E-01  -0.251770208E-01
  -0.254856588E-01  -0.257951975E-01  -0.261056450E-01  -0.264170098E-01
  -0.267293029E-01  -0.270425357E-01  -0.273567205E-01  -0.276718735E-01
  -0.279880119E-01  -0.283051525E-01  -0.286233096E-01  -0.289424970E-01
  -0.292627291E-01  -0.295840237E-01  -0.299063992E-01  -0.302298739E-01
  -0.305544641E-01  -0.308801857E-01  -0.312070541E-01  -0.315350823E-01
  -0.318642830E-01  -0.321946693E-01  -0.325262573E-01  -0.328590643E-01
  -0.331931065E-01  -0.335283976E-01  -0.338649503E-01  -0.342027775E-01
  -0.345418942E-01  -0.348823154E-01  -0.352240565E-01  -0.355671340E-01
  -0.359115649E-01  -0.362573676E-01  -0.366045667E-01  -0.369531888E-01
  -0.373032611E-01  -0.376548129E-01  -0.380078744E-01  -0.383624673E-01
  -0.387185774E-01  -0.390761802E-01  -0.394352514E-01  -0.397957684E-01
  -0.401577090E-01  -0.405210927E-01  -0.408861141E-01  -0.412530169E-01
  -0.416220556E-01  -0.419935079E-01  -0.423676626E-01  -0.427446039E-01
  -0.431235622E-01  -0.435035292E-01  -0.438833698E-01  -0.442615225E-01
  -0.446362835E-01  -0.450064088E-01  -0.453726591E-01  -0.457363318E-01
  -0.460987621E-01  -0.464613231E-01  -0.468254260E-01
   0.000000000E+00   0.239145103E-04   0.478466917E-04   0.718207431E-04
   0.958496728E-04   0.119935298E-03   0.144068247E-03   0.168235729E-03
   0.192453748E-03   0.216759326E-03   0.241194817E-03   0.265769399E-03
   0.290475290E-03   0.315302595E-03   0.340263687E-03   0.365380241E-03
   0.390672446E-03   0.416141237E-03   0.441779084E-03   0.467577793E-03
   0.493540016E-03   0.519671633E-03   0.545978629E-03   0.572466691E-03
   0.599141491E-03   0.626007383E-03   0.653062716E-03   0.680303276E-03
   0.707727560E-03   0.735349808E-03   0.763190085E-03   0.791266332E-03
   0.819580478E-03   0.848129303E-03   0.876910587E-03   0.905930093E-03
   0.935195985E-03   0.964715137E-03   0.994487830E-03   0.102451208E-02
   0.105478885E-02   0.108533377E-02   0.111616745E-02   0.114730888E-02
   0.117876563E-02   0.121054208E-02   0.124264217E-02   0.127506871E-02
   0.130782396E-02   0.134091084E-02   0.137433603E-02   0.140810731E-02
   0.144223219E-02   0.147671665E-02   0.151156623E-02   0.154678763E-02
   0.158239254E-02   0.161839429E-02   0.165480579E-02   0.169163684E-02
   0.172889650E-02   0.176659419E-02   0.180474039E-02   0.184334605E-02
   0.188242238E-02   0.192198118E-02   0.196203452E-02   0.200259460E-02
   0.204367319E-02   0.208528211E-02   0.212743368E-02   0.217014163E-02
   0.221342030E-02   0.225728404E-02   0.230174627E-02   0.234682035E-02
   0.239252013E-02   0.243886088E-02   0.248585844E-02   0.253352880E-02
   0.258188763E-02   0.263095068E-02   0.268073433E-02   0.273125661E-02
   0.278253628E-02   0.283459226E-02   0.288744327E-02   0.294110813E-02
   0.299560608E-02   0.305095682E-02   0.310718047E-02   0.316429773E-02
   0.322233079E-02   0.328130256E-02   0.334123615E-02   0.340215451E-02
   0.346408079E-02   0.352703878E-02   0.359105374E-02   0.365615163E-02
   0.372235904E-02   0.378970376E-02   0.385821424E-02   0.392791968E-02
   0.399885091E-02   0.407103959E-02   0.414451807E-02   0.421931997E-02
   0.429547965E-02   0.437303268E-02   0.445201776E-02   0.453247492E-02
   0.461444537E-02   0.469797295E-02   0.478310277E-02   0.486988162E-02
   0.495836066E-02   0.504859293E-02   0.514063300E-02   0.523453877E-02
   0.533036981E-02   0.542818707E-02   0.552805376E-02   0.563003452E-02
   0.573419788E-02   0.584062456E-02   0.594939964E-02   0.606061737E-02
   0.617440402E-02   0.629089634E-02   0.641022820E-02   0.653251242E-02
   0.665785798E-02   0.678636788E-02   0.691811477E-02   0.705316402E-02
   0.719163942E-02   0.733390001E-02   0.748037263E-02   0.763146901E-02
   0.778750685E-02   0.794878464E-02   0.811555267E-02   0.828784624E-02
   0.846564395E-02   0.864905011E-02   0.883868769E-02   0.903532491E-02
   0.923974832E-02   0.945276289E-02   0.967519197E-02
  -0.000000000E+00  -0.319845888E-04  -0.639740462E-04  -0.959787739E-04
  -0.127999688E-03  -0.160028222E-03  -0.192046323E-03  -0.224033045E-03
  -0.255991868E-03  -0.287944095E-03  -0.319916189E-03  -0.351909501E-03
  -0.383913020E-03  -0.415914078E-03  -0.447914052E-03  -0.479920010E-03
  -0.511936662E-03  -0.543951036E-03  -0.575941779E-03  -0.607887009E-03
  -0.639778059E-03  -0.671610384E-03  -0.703379138E-03  -0.735076381E-03
  -0.766693043E-03  -0.798218746E-03  -0.829638719E-03  -0.860936066E-03
  -0.892096281E-03  -0.923119275E-03  -0.954010223E-03  -0.984772082E-03
  -0.101539227E-02  -0.104585310E-02  -0.107613840E-02  -0.110624272E-02
  -0.113616399E-02  -0.116589946E-02  -0.119544131E-02  -0.122478025E-02
  -0.125390659E-02  -0.128280965E-02  -0.131147828E-02  -0.133990128E-02
  -0.136806825E-02  -0.139596889E-02  -0.142359269E-02  -0.145092872E-02
  -0.147796584E-02  -0.150469360E-02  -0.153110518E-02  -0.155719491E-02
  -0.158295681E-02  -0.160838302E-02  -0.163346515E-02  -0.165819455E-02
  -0.168256124E-02  -0.170655479E-02  -0.173016505E-02  -0.175338317E-02
  -0.177620068E-02  -0.179860898E-02  -0.182059890E-02  -0.184216108E-02
  -0.186328629E-02  -0.188396595E-02  -0.190419165E-02  -0.192395487E-02
  -0.194324659E-02  -0.196205764E-02  -0.198037883E-02  -0.199820088E-02
  -0.201551453E-02  -0.203231039E-02  -0.204857888E-02  -0.206431032E-02
  -0.207949495E-02  -0.209412287E-02  -0.210818412E-02  -0.212166867E-02
  -0.213456643E-02  -0.214686728E-02  -0.215856077E-02  -0.216963531E-02
  -0.218007894E-02  -0.218987974E-02  -0.219902631E-02  -0.220750738E-02
  -0.221531130E-02  -0.222242539E-02  -0.222883656E-02  -0.223453140E-02
  -0.223949570E-02  -0.224371489E-02  -0.224717433E-02  -0.224985973E-02
  -0.225175673E-02  -0.225285049E-02  -0.225312447E-02  -0.225256154E-02
  -0.225114434E-02  -0.224885531E-02  -0.224567668E-02  -0.224159016E-02
  -0.223657612E-02  -0.223061438E-02  -0.222368434E-02  -0.221576467E-02
  -0.220683364E-02  -0.219686882E-02  -0.218584600E-02  -0.217374023E-02
  -0.216052574E-02  -0.214617484E-02  -0.213065894E-02  -0.211394846E-02
  -0.209601125E-02  -0.207681405E-02  -0.205632277E-02  -0.203450181E-02
  -0.201131467E-02  -0.198672433E-02  -0.196069365E-02  -0.193318496E-02
  -0.190415813E-02  -0.187356481E-02  -0.184135387E-02  -0.180746871E-02
  -0.177183364E-02  -0.173436674E-02  -0.169498950E-02  -0.165364283E-02
  -0.161027191E-02  -0.156482584E-02  -0.151727224E-02  -0.146758340E-02
  -0.141569806E-02  -0.136141871E-02  -0.130450884E-02  -0.124475066E-02
  -0.118202054E-02  -0.111621748E-02  -0.104724150E-02  -0.975001924E-03
  -0.899409498E-03  -0.820287085E-03  -0.737104794E-03  -0.649231688E-03
  -0.556021268E-03  -0.456811481E-03  -0.350924718E-03
  -0.000000000E+00  -0.598067994E-06  -0.239369206E-05  -0.538900231E-05
  -0.958612888E-05  -0.149872019E-04  -0.215943514E-04  -0.294097077E-04
  -0.384354007E-04  -0.486735607E-04  -0.601263177E-04  -0.727958019E-04
  -0.866841434E-04  -0.101793472E-03  -0.118125919E-03  -0.135683613E-03
  -0.154468685E-03  -0.174483264E-03  -0.195729482E-03  -0.218209468E-03
  -0.241925352E-03  -0.266879265E-03  -0.293073336E-03  -0.320513055E-03
  -0.349202491E-03  -0.379136927E-03  -0.410318887E-03  -0.442753185E-03
  -0.476445600E-03  -0.511404638E-03  -0.547640190E-03  -0.585160419E-03
  -0.623963231E-03  -0.664042945E-03  -0.705396230E-03  -0.748033391E-03
  -0.791969340E-03  -0.837216985E-03  -0.883776519E-03  -0.931644151E-03
  -0.980819303E-03  -0.103131758E-02  -0.108316003E-02  -0.113636053E-02
  -0.119089788E-02  -0.124673919E-02  -0.130385742E-02  -0.136226021E-02
  -0.142196535E-02  -0.148299167E-02  -0.154535761E-02  -0.160908244E-02
  -0.167418095E-02  -0.174064539E-02  -0.180846112E-02  -0.187761596E-02
  -0.194811232E-02  -0.201995657E-02  -0.209315476E-02  -0.216771044E-02
  -0.224362658E-02  -0.232090510E-02  -0.239954384E-02  -0.247953924E-02
  -0.256088761E-02  -0.264358585E-02  -0.272763078E-02  -0.281301928E-02
  -0.289974943E-02  -0.298781947E-02  -0.307722726E-02  -0.316796970E-02
  -0.326004323E-02  -0.335344409E-02  -0.344816828E-02  -0.354421161E-02
  -0.364156947E-02  -0.374023633E-02  -0.384020622E-02  -0.394147300E-02
  -0.404403070E-02  -0.414787319E-02  -0.425299421E-02  -0.435938764E-02
  -0.446704722E-02  -0.457596621E-02  -0.468613644E-02  -0.479754919E-02
  -0.491019542E-02  -0.502406592E-02  -0.513915114E-02  -0.525544093E-02
  -0.537292337E-02  -0.549158581E-02  -0.561141536E-02  -0.573239948E-02
  -0.585452544E-02  -0.597777941E-02  -0.610214427E-02  -0.622760163E-02
  -0.635413259E-02  -0.648171781E-02  -0.661033744E-02  -0.673997084E-02
  -0.687059581E-02  -0.700218930E-02  -0.713472692E-02  -0.726818056E-02
  -0.740252062E-02  -0.753771576E-02  -0.767372995E-02  -0.781052527E-02
  -0.794806168E-02  -0.808629354E-02  -0.822517290E-02  -0.836465014E-02
  -0.850467260E-02  -0.864518587E-02  -0.878613289E-02  -0.892744979E-02
  -0.906906979E-02  -0.921091706E-02  -0.935288381E-02  -0.949485187E-02
  -0.963669828E-02  -0.977829022E-02  -0.991948983E-02  -0.100601585E-01
  -0.102001654E-01  -0.103393791E-01  -0.104776529E-01  -0.106147857E-01
  -0.107505585E-01  -0.108847416E-01  -0.110170769E-01  -0.111472941E-01
  -0.112750322E-01  -0.113995800E-01  -0.115201217E-01  -0.116359248E-01
  -0.117466602E-01  -0.118520986E-01  -0.119524197E-01  -0.120494701E-01
  -0.121455693E-01  -0.122424538E-01  -0.123392950E-01  -0.124345835E-01
  -0.125267685E-01  -0.126142587E-01  -0.126954214E-01
  -0.000000000E+00  -0.812374124E-06  -0.325553327E-05  -0.733853259E-05
  -0.130704272E-04  -0.204602724E-04  -0.295171232E-04  -0.402500348E-04
  -0.526680623E-04  -0.667802610E-04  -0.825956860E-04  -0.100123392E-03
  -0.119372435E-03  -0.140351870E-03  -0.163070752E-03  -0.187538135E-03
  -0.213763076E-03  -0.241754630E-03  -0.271521850E-03  -0.303073794E-03
  -0.336419515E-03  -0.371568070E-03  -0.408528512E-03  -0.447336704E-03
  -0.488022470E-03  -0.530602746E-03  -0.575085568E-03  -0.621475500E-03
  -0.669781274E-03  -0.720034158E-03  -0.772273978E-03  -0.826540779E-03
  -0.882864554E-03  -0.941273275E-03  -0.100179615E-02  -0.106446458E-02
  -0.112931143E-02  -0.119636585E-02  -0.126563786E-02  -0.133713094E-02
  -0.141085094E-02  -0.148681998E-02  -0.156506496E-02  -0.164561731E-02
  -0.172852543E-02  -0.181384429E-02  -0.190162618E-02  -0.199190338E-02
  -0.208470291E-02  -0.218005497E-02  -0.227800329E-02  -0.237859621E-02
  -0.248188317E-02  -0.258791306E-02  -0.269673562E-02  -0.280839767E-02
  -0.292292983E-02  -0.304035812E-02  -0.316071058E-02  -0.328402528E-02
  -0.341034326E-02  -0.353970662E-02  -0.367216008E-02  -0.380774958E-02
  -0.394652175E-02  -0.408852390E-02  -0.423380398E-02  -0.438241078E-02
  -0.453439401E-02  -0.468980417E-02  -0.484869296E-02  -0.501111451E-02
  -0.517712429E-02  -0.534677879E-02  -0.552013609E-02  -0.569725536E-02
  -0.587819675E-02  -0.606302147E-02  -0.625179171E-02  -0.644457070E-02
  -0.664142297E-02  -0.684241410E-02  -0.704761048E-02  -0.725707868E-02
  -0.747088600E-02  -0.768910154E-02  -0.791179884E-02  -0.813905344E-02
  -0.837094233E-02  -0.860754470E-02  -0.884894125E-02  -0.909521517E-02
  -0.934645604E-02  -0.960275623E-02  -0.986421136E-02  -0.101309253E-01
  -0.104030057E-01  -0.106805621E-01  -0.109637075E-01  -0.112525567E-01
  -0.115472283E-01  -0.118478484E-01  -0.121545472E-01  -0.124674572E-01
  -0.127867149E-01  -0.131124596E-01  -0.134448336E-01  -0.137839846E-01
  -0.141300635E-01  -0.144832262E-01  -0.148436400E-01  -0.152114779E-01
  -0.155869169E-01  -0.159701426E-01  -0.163613449E-01  -0.167607196E-01
  -0.171684755E-01  -0.175848272E-01  -0.180099965E-01  -0.184442202E-01
  -0.188877428E-01  -0.193408172E-01  -0.198037177E-01  -0.202767282E-01
  -0.207601467E-01  -0.212543138E-01  -0.217595860E-01  -0.222763275E-01
  -0.228049111E-01  -0.233457173E-01  -0.238991318E-01  -0.244655395E-01
  -0.250453298E-01  -0.256389275E-01  -0.262468793E-01  -0.268697715E-01
  -0.275082714E-01  -0.281633376E-01  -0.288360210E-01  -0.295272032E-01
  -0.302370062E-01  -0.309653526E-01  -0.317116572E-01  -0.324733042E-01
  -0.332470930E-01  -0.340306347E-01  -0.348251185E-01  -0.356326823E-01
  -0.364555208E-01  -0.372958848E-01  -0.381560813E-01
   0.000000000E+00   0.726917176E-07   0.290321018E-06   0.652219124E-06
   0.115771726E-05   0.180614664E-05   0.259683849E-05   0.352912403E-05
   0.460233449E-05   0.581580109E-05   0.716885504E-05   0.866082757E-05
   0.102910499E-04   0.120588533E-04   0.139635689E-04   0.160045279E-04
   0.181810617E-04   0.204925014E-04   0.229381782E-04   0.255174233E-04
   0.282295681E-04   0.310739436E-04   0.340498812E-04   0.371509012E-04
   0.403709699E-04   0.437175990E-04   0.471897141E-04   0.507835832E-04
   0.544947650E-04   0.583171613E-04   0.622437382E-04   0.662692410E-04
   0.703981706E-04   0.746385448E-04   0.789956352E-04   0.834591130E-04
   0.880133327E-04   0.926446831E-04   0.973532052E-04   0.102143122E-03
   0.107016072E-03   0.111960378E-03   0.116959935E-03   0.122001473E-03
   0.127087555E-03   0.132225668E-03   0.137422168E-03   0.142675418E-03
   0.147981618E-03   0.153335459E-03   0.158725659E-03   0.164138795E-03
   0.169562830E-03   0.174993978E-03   0.180430757E-03   0.185870416E-03
   0.191304239E-03   0.196721646E-03   0.202113037E-03   0.207474236E-03
   0.212802590E-03   0.218094435E-03   0.223341469E-03   0.228533962E-03
   0.233662442E-03   0.238719449E-03   0.243697973E-03   0.248590797E-03
   0.253390135E-03   0.258087956E-03   0.262675793E-03   0.267143805E-03
   0.271481618E-03   0.275679099E-03   0.279727839E-03   0.283619807E-03
   0.287346285E-03   0.290895955E-03   0.294256634E-03   0.297416333E-03
   0.300364729E-03   0.303091830E-03   0.305587065E-03   0.307837917E-03
   0.309831173E-03   0.311553652E-03   0.312993127E-03   0.314137477E-03
   0.314974024E-03   0.315488352E-03   0.315665385E-03   0.315489910E-03
   0.314946990E-03   0.314021582E-03   0.312698309E-03   0.310961196E-03
   0.308793913E-03   0.306179630E-03   0.303100285E-03   0.299537261E-03
   0.295471801E-03   0.290885587E-03   0.285760203E-03   0.280076568E-03
   0.273813741E-03   0.266950032E-03   0.259463474E-03   0.251332101E-03
   0.242533690E-03   0.233045180E-03   0.222841180E-03   0.211895368E-03
   0.200181004E-03   0.187671062E-03   0.174338108E-03   0.160154309E-03
   0.145091566E-03   0.129121389E-03   0.112214375E-03   0.943387402E-04
   0.754616997E-04   0.555490072E-04   0.345621208E-04   0.124608702E-04
  -0.107955973E-04  -0.352487048E-04  -0.609405513E-04  -0.879127757E-04
  -0.116202968E-03  -0.145848054E-03  -0.176885149E-03  -0.209350624E-03
  -0.243280988E-03  -0.278715524E-03  -0.315703446E-03  -0.354297132E-03
  -0.394584925E-03  -0.436798544E-03  -0.481211354E-03  -0.527980635E-03
  -0.576771086E-03  -0.627111829E-03  -0.678640371E-03  -0.731477280E-03
  -0.785870501E-03  -0.842091837E-03  -0.900489958E-03  -0.961440021E-03
  -0.102532657E-02  -0.109254353E-02  -0.116349421E-02
  -0.000000000E+00  -0.130696502E-06  -0.524085010E-06  -0.118211403E-05
  -0.210673206E-05  -0.329988761E-05  -0.476352918E-05  -0.649960527E-05
  -0.851006439E-05  -0.107968550E-04  -0.133619257E-04  -0.162072250E-04
  -0.193347012E-04  -0.227463030E-04  -0.264439789E-04  -0.304296773E-04
  -0.347053468E-04  -0.392729358E-04  -0.441343929E-04  -0.492916666E-04
  -0.547467053E-04  -0.605014576E-04  -0.665578720E-04  -0.729311412E-04
  -0.796351592E-04  -0.866692906E-04  -0.940251751E-04  -0.101690733E-03
  -0.109658729E-03  -0.117949942E-03  -0.126595534E-03  -0.135620384E-03
  -0.145010118E-03  -0.154736893E-03  -0.164778910E-03  -0.175152897E-03
  -0.185888117E-03  -0.197011247E-03  -0.208528111E-03  -0.220438569E-03
  -0.232744340E-03  -0.245456847E-03  -0.258590722E-03  -0.272158964E-03
  -0.286164958E-03  -0.300609170E-03  -0.315490838E-03  -0.330805703E-03
  -0.346547933E-03  -0.362715455E-03  -0.379324674E-03  -0.396397844E-03
  -0.413955153E-03  -0.432003833E-03  -0.450547590E-03  -0.469592205E-03
  -0.489152711E-03  -0.509247130E-03  -0.529891651E-03  -0.551092400E-03
  -0.572852676E-03  -0.595177414E-03  -0.618079237E-03  -0.641573099E-03
  -0.665673959E-03  -0.690395348E-03  -0.715750645E-03  -0.741753138E-03
  -0.768414843E-03  -0.795747559E-03  -0.823764452E-03  -0.852483814E-03
  -0.881925683E-03  -0.912109273E-03  -0.943048638E-03  -0.974756590E-03
  -0.100724760E-02  -0.104054260E-02  -0.107466464E-02  -0.110963640E-02
  -0.114547719E-02  -0.118220570E-02  -0.121984175E-02  -0.125840899E-02
  -0.129793244E-02  -0.133843727E-02  -0.137994751E-02  -0.142248722E-02
  -0.146608149E-02  -0.151075815E-02  -0.155654621E-02  -0.160347563E-02
  -0.165157856E-02  -0.170088823E-02  -0.175143836E-02  -0.180326268E-02
  -0.185639539E-02  -0.191087239E-02  -0.196673448E-02  -0.202402441E-02
  -0.208278552E-02  -0.214306084E-02  -0.220489393E-02  -0.226833023E-02
  -0.233342016E-02  -0.240021624E-02  -0.246877209E-02  -0.253914261E-02
  -0.261138379E-02  -0.268555423E-02  -0.276171961E-02  -0.283994849E-02
  -0.292031122E-02  -0.300288104E-02  -0.308773308E-02  -0.317494468E-02
  -0.326459765E-02  -0.335677621E-02  -0.345156786E-02  -0.354906859E-02
  -0.364937800E-02  -0.375260044E-02  -0.385885341E-02  -0.396825964E-02
  -0.408094868E-02  -0.419707005E-02  -0.431678083E-02  -0.444023978E-02
  -0.456760204E-02  -0.469902413E-02  -0.483466509E-02  -0.497468496E-02
  -0.511924618E-02  -0.526852831E-02  -0.542277114E-02  -0.558223390E-02
  -0.574723329E-02  -0.591830258E-02  -0.609604093E-02  -0.628095664E-02
  -0.647314451E-02  -0.667259173E-02  -0.687914475E-02  -0.709208981E-02
  -0.731055112E-02  -0.753410707E-02  -0.776425960E-02  -0.800303778E-02
  -0.825252359E-02  -0.851485181E-02  -0.879221012E-02
   0.000000000E+00   0.240857509E-04   0.481727765E-04   0.722700740E-04
   0.963734020E-04   0.120465281E-03   0.144514993E-03   0.168489008E-03
   0.192394177E-03   0.216267306E-03   0.240157277E-03   0.264085408E-03
   0.288062145E-03   0.312094703E-03   0.336184529E-03   0.360328651E-03
   0.384522793E-03   0.408770206E-03   0.433076303E-03   0.457446050E-03
   0.481882571E-03   0.506388070E-03   0.530964906E-03   0.555617984E-03
   0.580353077E-03   0.605175024E-03   0.630083919E-03   0.655077912E-03
   0.680157078E-03   0.705332661E-03   0.730620038E-03   0.756034692E-03
   0.781587591E-03   0.807288799E-03   0.833148285E-03   0.859174227E-03
   0.885374366E-03   0.911754287E-03   0.938310301E-03   0.965035243E-03
   0.991927321E-03   0.101901170E-02   0.104632263E-02   0.107389124E-02
   0.110172704E-02   0.112983351E-02   0.115821290E-02   0.118686447E-02
   0.121578599E-02   0.124497919E-02   0.127446501E-02   0.130427047E-02
   0.133442137E-02   0.136493366E-02   0.139582088E-02   0.142709695E-02
   0.145877652E-02   0.149087465E-02   0.152340641E-02   0.155638601E-02
   0.158982756E-02   0.162374583E-02   0.165815763E-02   0.169308058E-02
   0.172853297E-02   0.176453473E-02   0.180110658E-02   0.183826928E-02
   0.187604238E-02   0.191444535E-02   0.195349871E-02   0.199322627E-02
   0.203365315E-02   0.207480467E-02   0.211670534E-02   0.215937978E-02
   0.220285349E-02   0.224715418E-02   0.229231052E-02   0.233835180E-02
   0.238530790E-02   0.243320931E-02   0.248208731E-02   0.253197467E-02
   0.258290501E-02   0.263491304E-02   0.268803581E-02   0.274231156E-02
   0.279777928E-02   0.285447871E-02   0.291245033E-02   0.297173637E-02
   0.303238384E-02   0.309444177E-02   0.315796044E-02   0.322299224E-02
   0.328959087E-02   0.335781211E-02   0.342771662E-02   0.349936732E-02
   0.357282902E-02   0.364817018E-02   0.372546129E-02   0.380477511E-02
   0.388618930E-02   0.396978396E-02   0.405564158E-02   0.414384902E-02
   0.423449567E-02   0.432767448E-02   0.442348750E-02   0.452204071E-02
   0.462344351E-02   0.472781235E-02   0.483526734E-02   0.494593288E-02
   0.505994342E-02   0.517743806E-02   0.529856161E-02   0.542347328E-02
   0.555233849E-02   0.568532975E-02   0.582263785E-02   0.596446132E-02
   0.611100784E-02   0.626250951E-02   0.641920849E-02   0.658135856E-02
   0.674924527E-02   0.692316693E-02   0.710342841E-02   0.729034169E-02
   0.748422532E-02   0.768542336E-02   0.789436383E-02   0.811150343E-02
   0.833730290E-02   0.857220942E-02   0.881667329E-02   0.907120954E-02
   0.933656894E-02   0.961357582E-02   0.990271218E-02   0.102030149E-01
   0.105131228E-01   0.108320785E-01   0.111606939E-01   0.115002526E-01
   0.118520697E-01   0.122174917E-01   0.125978966E-01
   0.000000000E+00   0.265745428E-04   0.531428268E-04   0.797018680E-04
   0.106243068E-03   0.132752216E-03   0.159209484E-03   0.185596933E-03
   0.211929580E-03   0.238247899E-03   0.264599355E-03   0.290988584E-03
   0.317398370E-03   0.343808806E-03   0.370228657E-03   0.396678676E-03
   0.423179431E-03   0.449734388E-03   0.476340178E-03   0.502991003E-03
   0.529679202E-03   0.556394877E-03   0.583130021E-03   0.609892931E-03
   0.636698078E-03   0.663556956E-03   0.690460605E-03   0.717392455E-03
   0.744339534E-03   0.771313399E-03   0.798334207E-03   0.825419761E-03
   0.852569077E-03   0.879775235E-03   0.907032147E-03   0.934341173E-03
   0.961705833E-03   0.989128541E-03   0.101660633E-02   0.104413434E-02
   0.107170661E-02   0.109931466E-02   0.112694867E-02   0.115460212E-02
   0.118228521E-02   0.121001361E-02   0.123780026E-02   0.126564202E-02
   0.129353102E-02   0.132145972E-02   0.134942430E-02   0.137742181E-02
   0.140544883E-02   0.143350098E-02   0.146157335E-02   0.148966049E-02
   0.151775546E-02   0.154585065E-02   0.157393840E-02   0.160201222E-02
   0.163006570E-02   0.165809177E-02   0.168608143E-02   0.171402486E-02
   0.174191226E-02   0.176973508E-02   0.179748490E-02   0.182515275E-02
   0.185272804E-02   0.188019953E-02   0.190755549E-02   0.193478359E-02
   0.196187096E-02   0.198880432E-02   0.201556966E-02   0.204215249E-02
   0.206853789E-02   0.209471053E-02   0.212065467E-02   0.214635379E-02
   0.217178963E-02   0.219694305E-02   0.222179444E-02   0.224632389E-02
   0.227051099E-02   0.229433481E-02   0.231777367E-02   0.234080534E-02
   0.236340686E-02   0.238555394E-02   0.240722152E-02   0.242838362E-02
   0.244901219E-02   0.246907817E-02   0.248855195E-02   0.250740387E-02
   0.252560375E-02   0.254312014E-02   0.255991818E-02   0.257596157E-02
   0.259121311E-02   0.260563432E-02   0.261918579E-02   0.263182691E-02
   0.264351464E-02   0.265420464E-02   0.266385132E-02   0.267240678E-02
   0.267982176E-02   0.268604565E-02   0.269102518E-02   0.269470564E-02
   0.269703035E-02   0.269793807E-02   0.269736543E-02   0.269524709E-02
   0.269151356E-02   0.268609322E-02   0.267891224E-02   0.266989210E-02
   0.265895187E-02   0.264601029E-02   0.263098932E-02   0.261381078E-02
   0.259439108E-02   0.257262876E-02   0.254841624E-02   0.252162883E-02
   0.249207902E-02   0.245955959E-02   0.242387123E-02   0.238486180E-02
   0.234238923E-02   0.229635237E-02   0.224682412E-02   0.219392550E-02
   0.213774381E-02   0.207821331E-02   0.201522824E-02   0.194852498E-02
   0.187720433E-02   0.180018450E-02   0.171672555E-02   0.162756152E-02
   0.153382566E-02   0.143640145E-02   0.133505558E-02   0.122926189E-02
   0.111848127E-02   0.100216165E-02   0.879738010E-03
  -0.000000000E+00  -0.504356960E-05  -0.100852649E-04  -0.151232347E-04
  -0.201555883E-04  -0.251803957E-04  -0.301956876E-04  -0.351995757E-04
  -0.401907514E-04  -0.451683654E-04  -0.501315017E-04  -0.550775066E-04
  -0.600026917E-04  -0.649035504E-04  -0.697798809E-04  -0.746331245E-04
  -0.794642362E-04  -0.842687880E-04  -0.890399416E-04  -0.937708442E-04
  -0.984586368E-04  -0.103101803E-03  -0.107698641E-03  -0.112245663E-03
  -0.116738717E-03  -0.121173683E-03  -0.125547327E-03  -0.129856673E-03
  -0.134099075E-03  -0.138273236E-03  -0.142378438E-03  -0.146413246E-03
  -0.150372266E-03  -0.154248682E-03  -0.158035984E-03  -0.161730537E-03
  -0.165329526E-03  -0.168830268E-03  -0.172230407E-03  -0.175527754E-03
  -0.178719904E-03  -0.181803180E-03  -0.184773507E-03  -0.187627126E-03
  -0.190361878E-03  -0.192976128E-03  -0.195468187E-03  -0.197835704E-03
  -0.200076186E-03  -0.202186439E-03  -0.204160231E-03  -0.205990300E-03
  -0.207669681E-03  -0.209193673E-03  -0.210558133E-03  -0.211759264E-03
  -0.212794791E-03  -0.213662936E-03  -0.214361558E-03  -0.214886635E-03
  -0.215233600E-03  -0.215398023E-03  -0.215376264E-03  -0.215164896E-03
  -0.214760270E-03  -0.214157791E-03  -0.213352567E-03  -0.212339838E-03
  -0.211115641E-03  -0.209676219E-03  -0.208017723E-03  -0.206135944E-03
  -0.204026550E-03  -0.201685156E-03  -0.199107230E-03  -0.196288175E-03
  -0.193223421E-03  -0.189908644E-03  -0.186339569E-03  -0.182511780E-03
  -0.178420352E-03  -0.174060187E-03  -0.169426231E-03  -0.164513781E-03
  -0.159318203E-03  -0.153834666E-03  -0.148057604E-03  -0.141981208E-03
  -0.135599788E-03  -0.128908372E-03  -0.121902157E-03  -0.114576202E-03
  -0.106925069E-03  -0.989431588E-04  -0.906251300E-04  -0.819668759E-04
  -0.729646252E-04  -0.636144907E-04  -0.539120264E-04  -0.438526378E-04
  -0.334319294E-04  -0.226463400E-04  -0.114925526E-04   0.326102066E-07
   0.119318851E-04   0.242078485E-04   0.368630599E-04   0.499002103E-04
   0.633219838E-04   0.771307047E-04   0.913273965E-04   0.105912661E-03
   0.120886807E-03   0.136249315E-03   0.151999340E-03   0.168135188E-03
   0.184652197E-03   0.201544726E-03   0.218806309E-03   0.236428051E-03
   0.254400134E-03   0.272712417E-03   0.291354688E-03   0.310316426E-03
   0.329584775E-03   0.349138574E-03   0.368953983E-03   0.389004678E-03
   0.409256605E-03   0.429672934E-03   0.450207504E-03   0.470779616E-03
   0.491297850E-03   0.511678066E-03   0.531873689E-03   0.551847064E-03
   0.571553939E-03   0.590925822E-03   0.609886691E-03   0.628311151E-03
   0.645879101E-03   0.662213543E-03   0.677225802E-03   0.692027470E-03
   0.708064693E-03   0.726347449E-03   0.745993625E-03   0.765612639E-03
   0.783775412E-03   0.799014363E-03   0.809823417E-03
   0.000000000E+00   0.592102811E-05   0.118388619E-04   0.177508876E-04
   0.236534962E-04   0.295420835E-04   0.354110500E-04   0.412544384E-04
   0.470685740E-04   0.528514274E-04   0.586018155E-04   0.643180963E-04
   0.699987182E-04   0.756418786E-04   0.812432932E-04   0.867973828E-04
   0.922981941E-04   0.977407977E-04   0.103120439E-03   0.108432239E-03
   0.113671358E-03   0.118832887E-03   0.123911914E-03   0.128903883E-03
   0.133804345E-03   0.138608569E-03   0.143310606E-03   0.147903977E-03
   0.152382309E-03   0.156740560E-03   0.160974086E-03   0.165078335E-03
   0.169048967E-03   0.172881764E-03   0.176572711E-03   0.180118400E-03
   0.183515707E-03   0.186761801E-03   0.189854546E-03   0.192792171E-03
   0.195571228E-03   0.198180415E-03   0.200605694E-03   0.202833761E-03
   0.204857292E-03   0.206670542E-03   0.208268059E-03   0.209645590E-03
   0.210799311E-03   0.211725733E-03   0.212422269E-03   0.212886743E-03
   0.213116877E-03   0.213109186E-03   0.212859931E-03   0.212364460E-03
   0.211614074E-03   0.210598758E-03   0.209309184E-03   0.207739948E-03
   0.205886723E-03   0.203744772E-03   0.201307416E-03   0.198567392E-03
   0.195517637E-03   0.192152278E-03   0.188465750E-03   0.184452348E-03
   0.180105775E-03   0.175419544E-03   0.170386986E-03   0.165000831E-03
   0.159253581E-03   0.153137880E-03   0.146647239E-03   0.139775380E-03
   0.132515704E-03   0.124860364E-03   0.116801108E-03   0.108329840E-03
   0.994394629E-04   0.901231102E-04   0.803734605E-04   0.701814171E-04
   0.595373127E-04   0.484316895E-04   0.368564261E-04   0.248037050E-04
   0.122653667E-04  -0.767984522E-06  -0.143061587E-04  -0.283591906E-04
  -0.429376298E-04  -0.580522735E-04  -0.737139882E-04  -0.899334428E-04
  -0.106721355E-03  -0.124088856E-03  -0.142048351E-03  -0.160612722E-03
  -0.179795047E-03  -0.199608587E-03  -0.220066799E-03  -0.241183605E-03
  -0.262974202E-03  -0.285454307E-03  -0.308639838E-03  -0.332546716E-03
  -0.357191048E-03  -0.382589682E-03  -0.408761717E-03  -0.435727091E-03
  -0.463506351E-03  -0.492121410E-03  -0.521594838E-03  -0.551950231E-03
  -0.583214106E-03  -0.615414123E-03  -0.648578765E-03  -0.682738202E-03
  -0.717923479E-03  -0.754165891E-03  -0.791495916E-03  -0.829944223E-03
  -0.869544650E-03  -0.910342321E-03  -0.952386001E-03  -0.995729504E-03
  -0.104044397E-02  -0.108660629E-02  -0.113429242E-02  -0.118356912E-02
  -0.123450176E-02  -0.128714735E-02  -0.134152487E-02  -0.139764333E-02
  -0.145555153E-02  -0.151546111E-02  -0.157763003E-02  -0.164230132E-02
  -0.170963710E-02  -0.177978120E-02  -0.185270496E-02  -0.192767123E-02
  -0.200374326E-02  -0.208034970E-02  -0.215848264E-02  -0.223955908E-02
  -0.232503424E-02  -0.241640148E-02  -0.251519237E-02
   0.000000000E+00   0.144391165E-06   0.578969193E-06   0.130584088E-05
   0.232711304E-05   0.364489245E-05   0.526128592E-05   0.717840025E-05
   0.939834225E-05   0.119232187E-04   0.147551364E-04   0.178962022E-04
   0.213485228E-04   0.251142050E-04   0.291953558E-04   0.335940818E-04
   0.383124898E-04   0.433526867E-04   0.487167792E-04   0.544068742E-04
   0.604250784E-04   0.667734987E-04   0.734542418E-04   0.804789959E-04
   0.878580446E-04   0.956016726E-04   0.103709428E-03   0.112176987E-03
   0.121001384E-03   0.130189665E-03   0.139752308E-03   0.149700418E-03
   0.160044612E-03   0.170795897E-03   0.181965431E-03   0.193562734E-03
   0.205597123E-03   0.218076435E-03   0.231001260E-03   0.244369645E-03
   0.258179677E-03   0.272432330E-03   0.287129107E-03   0.302278194E-03
   0.317916745E-03   0.334092176E-03   0.350843154E-03   0.368160442E-03
   0.386020156E-03   0.404403001E-03   0.423317801E-03   0.442781309E-03
   0.462812961E-03   0.483440825E-03   0.504696454E-03   0.526607636E-03
   0.549181333E-03   0.572418574E-03   0.596322366E-03   0.620906089E-03
   0.646186114E-03   0.672178984E-03   0.698900671E-03   0.726367231E-03
   0.754595194E-03   0.783602056E-03   0.813405841E-03   0.844024660E-03
   0.875475825E-03   0.907776644E-03   0.940945199E-03   0.975001915E-03
   0.100996815E-02   0.104586553E-02   0.108271536E-02   0.112053916E-02
   0.115935904E-02   0.119919841E-02   0.124008132E-02   0.128203232E-02
   0.132507651E-02   0.136923948E-02   0.141454693E-02   0.146102361E-02
   0.150869429E-02   0.155758479E-02   0.160772404E-02   0.165914220E-02
   0.171186969E-02   0.176593620E-02   0.182137158E-02   0.187820689E-02
   0.193647653E-02   0.199621624E-02   0.205746259E-02   0.212025336E-02
   0.218462718E-02   0.225062383E-02   0.231828568E-02   0.238765641E-02
   0.245878067E-02   0.253170481E-02   0.260647624E-02   0.268314341E-02
   0.276175634E-02   0.284236614E-02   0.292502496E-02   0.300978646E-02
   0.309670541E-02   0.318583811E-02   0.327724438E-02   0.337098569E-02
   0.346712427E-02   0.356572208E-02   0.366684173E-02   0.377054785E-02
   0.387691011E-02   0.398600037E-02   0.409789368E-02   0.421267435E-02
   0.433043022E-02   0.445125019E-02   0.457522231E-02   0.470243553E-02
   0.483297570E-02   0.496691139E-02   0.510430722E-02   0.524523530E-02
   0.538979631E-02   0.553809963E-02   0.569027308E-02   0.584651370E-02
   0.600703979E-02   0.617203819E-02   0.634155276E-02   0.651558986E-02
   0.669414999E-02   0.687721482E-02   0.706475948E-02   0.725679497E-02
   0.745348518E-02   0.765503597E-02   0.786150586E-02   0.807234284E-02
   0.828682408E-02   0.850428045E-02   0.872432578E-02   0.894663896E-02
   0.917088995E-02   0.939673973E-02   0.962384034E-02
   0.000000000E+00   0.169457939E-06   0.680028728E-06   0.153500783E-05
   0.273769070E-05   0.429137280E-05   0.619934960E-05   0.846491655E-05
   0.110913691E-04   0.140820027E-04   0.174401129E-04   0.211689951E-04
   0.252719447E-04   0.297522572E-04   0.346132281E-04   0.398581528E-04
   0.454903269E-04   0.515130457E-04   0.579296047E-04   0.647432993E-04
   0.719574251E-04   0.795752775E-04   0.876001520E-04   0.960446778E-04
   0.104919287E-03   0.114230490E-03   0.123982256E-03   0.134177617E-03
   0.144821032E-03   0.155924133E-03   0.167501349E-03   0.179567681E-03
   0.192136746E-03   0.205222306E-03   0.218837630E-03   0.232991606E-03
   0.247691852E-03   0.262945623E-03   0.278759093E-03   0.295137938E-03
   0.312087898E-03   0.329615882E-03   0.347729053E-03   0.366436203E-03
   0.385753189E-03   0.405698373E-03   0.426291901E-03   0.447558595E-03
   0.469525498E-03   0.492218177E-03   0.515651780E-03   0.539838708E-03
   0.564792242E-03   0.590529437E-03   0.617068612E-03   0.644427674E-03
   0.672621574E-03   0.701664525E-03   0.731570952E-03   0.762356042E-03
   0.794035261E-03   0.826625075E-03   0.860145739E-03   0.894618830E-03
   0.930066203E-03   0.966509422E-03   0.100397027E-02   0.104247094E-02
   0.108203417E-02   0.112268309E-02   0.116444130E-02   0.120733280E-02
   0.125138204E-02   0.129661411E-02   0.134305547E-02   0.139073334E-02
   0.143967528E-02   0.148990889E-02   0.154146211E-02   0.159436331E-02
   0.164864116E-02   0.170432474E-02   0.176144358E-02   0.182002772E-02
   0.188010767E-02   0.194171457E-02   0.200488070E-02   0.206963904E-02
   0.213602336E-02   0.220406940E-02   0.227381376E-02   0.234529411E-02
   0.241855038E-02   0.249362365E-02   0.257055658E-02   0.264939622E-02
   0.273019142E-02   0.281299202E-02   0.289784889E-02   0.298481389E-02
   0.307394045E-02   0.316528563E-02   0.325890822E-02   0.335486811E-02
   0.345322636E-02   0.355404517E-02   0.365738827E-02   0.376332227E-02
   0.387191543E-02   0.398323832E-02   0.409736724E-02   0.421438099E-02
   0.433436085E-02   0.445739359E-02   0.458356864E-02   0.471297766E-02
   0.484571636E-02   0.498188280E-02   0.512157737E-02   0.526490452E-02
   0.541197114E-02   0.556289097E-02   0.571779981E-02   0.587684123E-02
   0.604016827E-02   0.620796368E-02   0.638042086E-02   0.655773148E-02
   0.674006741E-02   0.692759777E-02   0.712048757E-02   0.731887579E-02
   0.752289611E-02   0.773271399E-02   0.794861882E-02   0.817093675E-02
   0.840007774E-02   0.863676999E-02   0.888183787E-02   0.913596206E-02
   0.939917686E-02   0.967134681E-02   0.995188173E-02   0.102383703E-01
   0.105278773E-01   0.108181994E-01   0.111103562E-01   0.114062229E-01
   0.117077265E-01   0.120168456E-01   0.123356104E-01
  -0.000000000E+00  -0.358929535E-07  -0.144006333E-06  -0.324991917E-06
  -0.579501484E-06  -0.908186813E-06  -0.131169968E-05  -0.179069187E-05
  -0.234581516E-05  -0.297772132E-05  -0.368706213E-05  -0.447448938E-05
  -0.534065484E-05  -0.628621030E-05  -0.731180752E-05  -0.841809828E-05
  -0.960573438E-05  -0.108753676E-04  -0.122276497E-04  -0.136632324E-04
  -0.151827676E-04  -0.167869070E-04  -0.184763024E-04  -0.202559548E-04
  -0.221304305E-04  -0.241142391E-04  -0.262063831E-04  -0.284006617E-04
  -0.306917361E-04  -0.330822930E-04  -0.355775945E-04  -0.381830051E-04
  -0.409025337E-04  -0.437399742E-04  -0.466983881E-04  -0.497770764E-04
  -0.529740018E-04  -0.562886635E-04  -0.597285075E-04  -0.633037015E-04
  -0.670223855E-04  -0.708815087E-04  -0.748744177E-04  -0.789963557E-04
  -0.832533143E-04  -0.876546033E-04  -0.922100297E-04  -0.969293538E-04
  -0.101822751E-03  -0.106899027E-03  -0.112159445E-03  -0.117603024E-03
  -0.123229413E-03  -0.129042067E-03  -0.135045502E-03  -0.141244403E-03
  -0.147643896E-03  -0.154249310E-03  -0.161066652E-03  -0.168104323E-03
  -0.175371607E-03  -0.182877172E-03  -0.190626033E-03  -0.198622240E-03
  -0.206870540E-03  -0.215378645E-03  -0.224155213E-03  -0.233208962E-03
  -0.242548088E-03  -0.252180787E-03  -0.262115372E-03  -0.272360085E-03
  -0.282923270E-03  -0.293813816E-03  -0.305042390E-03  -0.316620324E-03
  -0.328558795E-03  -0.340867453E-03  -0.353555666E-03  -0.366633503E-03
  -0.380113465E-03  -0.394008910E-03  -0.408333295E-03  -0.423099495E-03
  -0.438320427E-03  -0.454009536E-03  -0.470181663E-03  -0.486852250E-03
  -0.504037048E-03  -0.521752035E-03  -0.540013492E-03  -0.558838127E-03
  -0.578243398E-03  -0.598247218E-03  -0.618868336E-03  -0.640127837E-03
  -0.662047758E-03  -0.684650358E-03  -0.707957351E-03  -0.731990617E-03
  -0.756772945E-03  -0.782329555E-03  -0.808686686E-03  -0.835871379E-03
  -0.863912307E-03  -0.892839007E-03  -0.922681784E-03  -0.953472260E-03
  -0.985242862E-03  -0.101802714E-02  -0.105186127E-02  -0.108678264E-02
  -0.112282963E-02  -0.116004235E-02  -0.119846195E-02  -0.123813140E-02
  -0.127909871E-02  -0.132141389E-02  -0.136512915E-02  -0.141030252E-02
  -0.145699442E-02  -0.150526598E-02  -0.155517735E-02  -0.160678928E-02
  -0.166016321E-02  -0.171535988E-02  -0.177244065E-02  -0.183147513E-02
  -0.189256327E-02  -0.195581453E-02  -0.202134912E-02  -0.208932363E-02
  -0.215990681E-02  -0.223325212E-02  -0.230943877E-02  -0.238852752E-02
  -0.247057895E-02  -0.255565151E-02  -0.264380339E-02  -0.273516171E-02
  -0.283013207E-02  -0.292919985E-02  -0.303282970E-02  -0.314136487E-02
  -0.325512277E-02  -0.337437325E-02  -0.349917293E-02  -0.362952262E-02
  -0.376542081E-02  -0.390686366E-02  -0.405384497E-02
   0.000000000E+00   0.447578674E-07   0.179937633E-06   0.406898541E-06
   0.726999836E-06   0.114160076E-05   0.165206057E-05   0.225973849E-05
   0.296599378E-05   0.377218569E-05   0.467967344E-05   0.568981630E-05
   0.680397350E-05   0.802350429E-05   0.934976792E-05   0.107841236E-04
   0.123279306E-04   0.139825482E-04   0.157493356E-04   0.176296521E-04
   0.196248569E-04   0.217363092E-04   0.239653683E-04   0.263220531E-04
   0.288154765E-04   0.314320144E-04   0.341674697E-04   0.370199533E-04
   0.399905737E-04   0.430945228E-04   0.463526415E-04   0.497806948E-04
   0.533646381E-04   0.570799640E-04   0.609079740E-04   0.648654499E-04
   0.689809169E-04   0.732791969E-04   0.777594881E-04   0.824132327E-04
   0.872356475E-04   0.922419907E-04   0.974540905E-04   0.102889897E-03
   0.108545581E-03   0.114410557E-03   0.120474056E-03   0.126728959E-03
   0.133168541E-03   0.139790045E-03   0.146609670E-03   0.153649708E-03
   0.160929882E-03   0.168454333E-03   0.176222885E-03   0.184237312E-03
   0.192508568E-03   0.201050477E-03   0.209874742E-03   0.218982231E-03
   0.228370640E-03   0.238039605E-03   0.247998347E-03   0.258258910E-03
   0.268832796E-03   0.279727808E-03   0.290950859E-03   0.302508859E-03
   0.314408437E-03   0.326656188E-03   0.339259745E-03   0.352230837E-03
   0.365582536E-03   0.379326919E-03   0.393470752E-03   0.408019384E-03
   0.422979674E-03   0.438364878E-03   0.454190215E-03   0.470470144E-03
   0.487214662E-03   0.504432675E-03   0.522134043E-03   0.540332336E-03
   0.559042317E-03   0.578278511E-03   0.598053447E-03   0.618379268E-03
   0.639268853E-03   0.660737566E-03   0.682801651E-03   0.705477798E-03
   0.728783517E-03   0.752736794E-03   0.777355623E-03   0.802656934E-03
   0.828657585E-03   0.855375625E-03   0.882833158E-03   0.911053688E-03
   0.940060648E-03   0.969875635E-03   0.100052004E-02   0.103201627E-02
   0.106438969E-02   0.109766682E-02   0.113187463E-02   0.116704037E-02
   0.120319173E-02   0.124035770E-02   0.127857110E-02   0.131786621E-02
   0.135827806E-02   0.139984278E-02   0.144259728E-02   0.148657891E-02
   0.153182466E-02   0.157837191E-02   0.162625936E-02   0.167552906E-02
   0.172622452E-02   0.177839265E-02   0.183209183E-02   0.188738435E-02
   0.194433656E-02   0.200302731E-02   0.206354004E-02   0.212595379E-02
   0.219032419E-02   0.225670141E-02   0.232513192E-02   0.239564518E-02
   0.246826621E-02   0.254304055E-02   0.262009746E-02   0.269959011E-02
   0.278171460E-02   0.286683018E-02   0.295534538E-02   0.304754366E-02
   0.314316873E-02   0.324181778E-02   0.334307130E-02   0.344648143E-02
   0.355158306E-02   0.365815205E-02   0.376698283E-02   0.387914948E-02
   0.399575465E-02   0.411792958E-02   0.424683411E-02
  -0.000000000E+00  -0.307154973E-05  -0.614099159E-05  -0.920754089E-05
  -0.122681446E-04  -0.153174814E-04  -0.183479618E-04  -0.213529108E-04
  -0.243397558E-04  -0.273268427E-04  -0.303345080E-04  -0.333597895E-04
  -0.363870745E-04  -0.393981946E-04  -0.423896752E-04  -0.453635603E-04
  -0.483228682E-04  -0.512698169E-04  -0.542069013E-04  -0.571365021E-04
  -0.600580289E-04  -0.629698102E-04  -0.658693657E-04  -0.687518110E-04
  -0.716109790E-04  -0.744419652E-04  -0.772481493E-04  -0.800360348E-04
  -0.828108060E-04  -0.855681205E-04  -0.883003541E-04  -0.910000536E-04
  -0.936636302E-04  -0.962884705E-04  -0.988732355E-04  -0.101422258E-03
  -0.103942024E-03  -0.106438654E-03  -0.108913913E-03  -0.111368463E-03
  -0.113797971E-03  -0.116176910E-03  -0.118471974E-03  -0.120655765E-03
  -0.122735071E-03  -0.124727126E-03  -0.126649011E-03  -0.128510848E-03
  -0.130321579E-03  -0.132086559E-03  -0.133793472E-03  -0.135424412E-03
  -0.136963288E-03  -0.138405676E-03  -0.139750283E-03  -0.140994954E-03
  -0.142133546E-03  -0.143158654E-03  -0.144063132E-03  -0.144841870E-03
  -0.145490233E-03  -0.146003349E-03  -0.146375588E-03  -0.146601025E-03
  -0.146673310E-03  -0.146584764E-03  -0.146327185E-03  -0.145892671E-03
  -0.145275325E-03  -0.144469733E-03  -0.143469878E-03  -0.142267435E-03
  -0.140853305E-03  -0.139218458E-03  -0.137354880E-03  -0.135254717E-03
  -0.132909730E-03  -0.130310517E-03  -0.127447218E-03  -0.124309965E-03
  -0.120889526E-03  -0.117176721E-03  -0.113161927E-03  -0.108834197E-03
  -0.104182066E-03  -0.991939574E-04  -0.938585762E-04  -0.881645483E-04
  -0.821003510E-04  -0.756544756E-04  -0.688152780E-04  -0.615707409E-04
  -0.539078990E-04  -0.458133687E-04  -0.372737524E-04  -0.282763221E-04
  -0.188083881E-04  -0.885679205E-05   0.159298247E-05   0.125559856E-04
   0.240472923E-04   0.360813064E-04   0.486724067E-04   0.618352925E-04
   0.755853653E-04   0.899383729E-04   0.104910105E-03   0.120515826E-03
   0.136770805E-03   0.153690599E-03   0.171291384E-03   0.189589649E-03
   0.208601225E-03   0.228338634E-03   0.248813573E-03   0.270037996E-03
   0.292024839E-03   0.314787338E-03   0.338338989E-03   0.362694117E-03
   0.387867340E-03   0.413871269E-03   0.440710033E-03   0.468385369E-03
   0.496895171E-03   0.526222665E-03   0.556346604E-03   0.587252633E-03
   0.618957424E-03   0.651485907E-03   0.684855362E-03   0.719050490E-03
   0.754046967E-03   0.789789128E-03   0.826097148E-03   0.862754846E-03
   0.899562677E-03   0.936408456E-03   0.973200375E-03   0.100996662E-02
   0.104722963E-02   0.108565121E-02   0.112564930E-02   0.116659542E-02
   0.120757657E-02   0.124785043E-02   0.128744522E-02   0.132658966E-02
   0.136551933E-02   0.140447664E-02   0.144371085E-02
  -0.000000000E+00  -0.332904311E-05  -0.665372187E-05  -0.996743665E-05
  -0.132674197E-04  -0.165547352E-04  -0.198342791E-04  -0.231128764E-04
  -0.263913983E-04  -0.296666647E-04  -0.329330616E-04  -0.361835224E-04
  -0.394091144E-04  -0.426022423E-04  -0.457689751E-04  -0.489224887E-04
  -0.520759201E-04  -0.552274514E-04  -0.583693660E-04  -0.614925023E-04
  -0.645887352E-04  -0.676493345E-04  -0.706674055E-04  -0.736482798E-04
  -0.766022136E-04  -0.795369543E-04  -0.824423836E-04  -0.853018043E-04
  -0.881008793E-04  -0.908430248E-04  -0.935376986E-04  -0.961925675E-04
  -0.988021638E-04  -0.101356758E-03  -0.103846243E-03  -0.106262158E-03
  -0.108596073E-03  -0.110840213E-03  -0.112991382E-03  -0.115047766E-03
  -0.117007463E-03  -0.118867459E-03  -0.120624474E-03  -0.122274894E-03
  -0.123813594E-03  -0.125234921E-03  -0.126532092E-03  -0.127694138E-03
  -0.128708496E-03  -0.129563110E-03  -0.130250173E-03  -0.130762913E-03
  -0.131093681E-03  -0.131231462E-03  -0.131164030E-03  -0.130879154E-03
  -0.130366023E-03  -0.129614002E-03  -0.128612139E-03  -0.127348973E-03
  -0.125812699E-03  -0.123990890E-03  -0.121869429E-03  -0.119433451E-03
  -0.116667952E-03  -0.113558657E-03  -0.110091247E-03  -0.106250725E-03
  -0.102020269E-03  -0.973822575E-04  -0.923185911E-04  -0.868105817E-04
  -0.808390508E-04  -0.743842605E-04  -0.674255914E-04  -0.599418335E-04
  -0.519112589E-04  -0.433115400E-04  -0.341198238E-04  -0.243123932E-04
  -0.138635355E-04  -0.274657247E-05   0.906564666E-05   0.216003187E-04
   0.348850757E-04   0.489484577E-04   0.638209588E-04   0.795340685E-04
   0.961200900E-04   0.113612601E-03   0.132046028E-03   0.151456110E-03
   0.171881751E-03   0.193363308E-03   0.215942205E-03   0.239661538E-03
   0.264565517E-03   0.290699918E-03   0.318114096E-03   0.346859125E-03
   0.376987644E-03   0.408555372E-03   0.441619700E-03   0.476239675E-03
   0.512477415E-03   0.550396789E-03   0.590063569E-03   0.631547271E-03
   0.674919439E-03   0.720254008E-03   0.767630242E-03   0.817129990E-03
   0.868838213E-03   0.922847486E-03   0.979253783E-03   0.103815585E-02
   0.109965767E-02   0.116386615E-02   0.123089156E-02   0.130085122E-02
   0.137386601E-02   0.145006118E-02   0.152957230E-02   0.161253967E-02
   0.169911387E-02   0.178947894E-02   0.188383052E-02   0.198237390E-02
   0.208534042E-02   0.219297196E-02   0.230550391E-02   0.242312920E-02
   0.254603225E-02   0.267440512E-02   0.280846140E-02   0.294842303E-02
   0.309454458E-02   0.324720097E-02   0.340680439E-02   0.357376246E-02
   0.374843692E-02   0.393118282E-02   0.412215568E-02   0.432068140E-02
   0.452585439E-02   0.473701441E-02   0.495458227E-02   0.517926563E-02
   0.541178919E-02   0.565289472E-02   0.590334105E-02
   0.000000000E+00   0.101031817E-05   0.201988038E-05   0.302792577E-05
   0.403370188E-05   0.503646468E-05   0.603547855E-05   0.702976683E-05
   0.801707836E-05   0.899413698E-05   0.995773043E-05   0.109081713E-04
   0.118478399E-04   0.127794187E-04   0.137021441E-04   0.146138002E-04
   0.155119521E-04   0.163951922E-04   0.172623831E-04   0.181123030E-04
   0.189434966E-04   0.197543732E-04   0.205435358E-04   0.213107540E-04
   0.220562803E-04   0.227801267E-04   0.234805373E-04   0.241551105E-04
   0.248017693E-04   0.254205552E-04   0.260122629E-04   0.265774124E-04
   0.271145518E-04   0.276215846E-04   0.280962358E-04   0.285359818E-04
   0.289381064E-04   0.292999649E-04   0.296197685E-04   0.298959445E-04
   0.301280011E-04   0.303200298E-04   0.304778046E-04   0.306070800E-04
   0.307114814E-04   0.307942758E-04   0.308564282E-04   0.308884291E-04
   0.308772357E-04   0.308115108E-04   0.306904050E-04   0.305160213E-04
   0.302907670E-04   0.300174032E-04   0.296990017E-04   0.293380979E-04
   0.289340708E-04   0.284854293E-04   0.279908437E-04   0.274498618E-04
   0.268622791E-04   0.262280293E-04   0.255475318E-04   0.248213840E-04
   0.240500758E-04   0.232334323E-04   0.223711097E-04   0.214629278E-04
   0.205093671E-04   0.195111242E-04   0.184689008E-04   0.173832299E-04
   0.162546321E-04   0.150836695E-04   0.138709435E-04   0.126170963E-04
   0.113229241E-04   0.998972353E-05   0.861897734E-05   0.721215384E-05
   0.577042338E-05   0.429491648E-05   0.278690052E-05   0.124805075E-05
  -0.319797268E-06  -0.191466297E-05  -0.353420405E-05  -0.517591506E-05
  -0.683726054E-05  -0.851587503E-05  -0.102093792E-04  -0.119151279E-04
  -0.136296271E-04  -0.153490712E-04  -0.170696560E-04  -0.187879741E-04
  -0.205006491E-04  -0.222039893E-04  -0.238933050E-04  -0.255635410E-04
  -0.272095035E-04  -0.288258945E-04  -0.304072796E-04  -0.319478749E-04
  -0.334409199E-04  -0.348792605E-04  -0.362557103E-04  -0.375635467E-04
  -0.387960481E-04  -0.399458252E-04  -0.410032507E-04  -0.419579264E-04
  -0.427990547E-04  -0.435150392E-04  -0.440938585E-04  -0.445229418E-04
  -0.447883945E-04  -0.448757241E-04  -0.447705440E-04  -0.444599723E-04
  -0.439313180E-04  -0.431703795E-04  -0.421576036E-04  -0.408716986E-04
  -0.392884918E-04  -0.373736495E-04  -0.350895355E-04  -0.323999521E-04
  -0.292775049E-04  -0.256966549E-04  -0.216362268E-04  -0.170943354E-04
  -0.120742843E-04  -0.656268074E-05  -0.477151207E-06   0.628420046E-05
   0.138493337E-04   0.224437527E-04   0.323228052E-04   0.436638358E-04
   0.563068410E-04   0.700003894E-04   0.844976126E-04   0.995940746E-04
   0.115091822E-03   0.130935533E-03   0.147665794E-03   0.165988332E-03
   0.186627698E-03   0.210327269E-03   0.237849242E-03
  -0.000000000E+00  -0.113499977E-05  -0.226899339E-05  -0.340153742E-05
  -0.453122377E-05  -0.565567976E-05  -0.677156808E-05  -0.787530226E-05
  -0.896601080E-05  -0.100448216E-04  -0.111135753E-04  -0.121718768E-04
  -0.132183367E-04  -0.142510877E-04  -0.152674077E-04  -0.162639200E-04
  -0.172373942E-04  -0.181872399E-04  -0.191139924E-04  -0.200180371E-04
  -0.208973770E-04  -0.217491091E-04  -0.225704473E-04  -0.233601965E-04
  -0.241177166E-04  -0.248421555E-04  -0.255312270E-04  -0.261821086E-04
  -0.267917548E-04  -0.273568099E-04  -0.278736743E-04  -0.283394206E-04
  -0.287547010E-04  -0.291214730E-04  -0.294415727E-04  -0.297147966E-04
  -0.299404363E-04  -0.301180030E-04  -0.302477652E-04  -0.303303104E-04
  -0.303644956E-04  -0.303413935E-04  -0.302493058E-04  -0.300768929E-04
  -0.298174209E-04  -0.294651968E-04  -0.290161521E-04  -0.284737296E-04
  -0.278438835E-04  -0.271320613E-04  -0.263392665E-04  -0.254654365E-04
  -0.245101146E-04  -0.234708025E-04  -0.223443861E-04  -0.211271975E-04
  -0.198136278E-04  -0.183973375E-04  -0.168726527E-04  -0.152376114E-04
  -0.134912854E-04  -0.116321400E-04  -0.965583265E-05  -0.755716075E-05
  -0.533133252E-05  -0.297581433E-05  -0.488686584E-06   0.213230842E-05
   0.489095025E-05   0.779148116E-05   0.108382756E-04   0.140359573E-04
   0.173892940E-04   0.209029049E-04   0.245804645E-04   0.284254217E-04
   0.324416839E-04   0.366349686E-04   0.410115777E-04   0.455775645E-04
   0.503374625E-04   0.552954419E-04   0.604562158E-04   0.658266066E-04
   0.714141151E-04   0.772260343E-04   0.832682354E-04   0.895462805E-04
   0.960661625E-04   0.102835409E-03   0.109862069E-03   0.117154490E-03
   0.124721720E-03   0.132573138E-03   0.140718291E-03   0.149166771E-03
   0.157928327E-03   0.167013308E-03   0.176433889E-03   0.186202938E-03
   0.196333610E-03   0.206839352E-03   0.217733900E-03   0.229031735E-03
   0.240749459E-03   0.252904515E-03   0.265514562E-03   0.278596924E-03
   0.292169104E-03   0.306249830E-03   0.320861710E-03   0.336028753E-03
   0.351775873E-03   0.368129995E-03   0.385119024E-03   0.402772325E-03
   0.421123308E-03   0.440207007E-03   0.460059500E-03   0.480718670E-03
   0.502223494E-03   0.524614371E-03   0.547934886E-03   0.572230156E-03
   0.597550720E-03   0.623966209E-03   0.651552472E-03   0.680388131E-03
   0.710557501E-03   0.742147837E-03   0.775246692E-03   0.809936698E-03
   0.846300495E-03   0.884426537E-03   0.924421702E-03   0.966399360E-03
   0.101051337E-02   0.105707447E-02   0.110644004E-02   0.115892184E-02
   0.121461857E-02   0.127357462E-02   0.133559620E-02   0.139952426E-02
   0.146392471E-02   0.152793037E-02   0.159309687E-02   0.166163892E-02
   0.173583127E-02   0.181800871E-02   0.191056605E-02
  -0.000000000E+00  -0.293570993E-07  -0.118021540E-06  -0.266883035E-06
  -0.476831300E-06  -0.748756048E-06  -0.108354699E-05  -0.148209385E-05
  -0.194528633E-05  -0.247401415E-05  -0.306916702E-05  -0.373163466E-05
  -0.446230678E-05  -0.526207309E-05  -0.613182331E-05  -0.707244716E-05
  -0.808483434E-05  -0.916987457E-05  -0.103284576E-04  -0.115614730E-04
  -0.128698107E-04  -0.142543603E-04  -0.157160115E-04  -0.172563194E-04
  -0.188762462E-04  -0.205693848E-04  -0.223385180E-04  -0.241895351E-04
  -0.261283582E-04  -0.281583771E-04  -0.302824005E-04  -0.325027759E-04
  -0.348194144E-04  -0.372313360E-04  -0.397382045E-04  -0.423434627E-04
  -0.450518245E-04  -0.478688925E-04  -0.508028605E-04  -0.538631257E-04
  -0.570579330E-04  -0.603884406E-04  -0.638536346E-04  -0.674488357E-04
  -0.711553295E-04  -0.749490709E-04  -0.788148375E-04  -0.827812996E-04
  -0.868912348E-04  -0.911818764E-04  -0.956561827E-04  -0.100307490E-03
  -0.105129246E-03  -0.110118228E-03  -0.115271760E-03  -0.120588849E-03
  -0.126076870E-03  -0.131745737E-03  -0.137604225E-03  -0.143654885E-03
  -0.149898518E-03  -0.156336967E-03  -0.162976963E-03  -0.169826724E-03
  -0.176893871E-03  -0.184182620E-03  -0.191696284E-03  -0.199438828E-03
  -0.207417017E-03  -0.215638497E-03  -0.224110896E-03  -0.232841126E-03
  -0.241836008E-03  -0.251102609E-03  -0.260648572E-03  -0.270481813E-03
  -0.280610312E-03  -0.291041786E-03  -0.301783979E-03  -0.312844917E-03
  -0.324233342E-03  -0.335958313E-03  -0.348029247E-03  -0.360456465E-03
  -0.373250691E-03  -0.386422577E-03  -0.399981759E-03  -0.413937721E-03
  -0.428300698E-03  -0.443083556E-03  -0.458300062E-03  -0.473964102E-03
  -0.490089083E-03  -0.506688484E-03  -0.523776662E-03  -0.541370779E-03
  -0.559489022E-03  -0.578149993E-03  -0.597372697E-03  -0.617176555E-03
  -0.637581766E-03  -0.658610433E-03  -0.680285519E-03  -0.702630900E-03
  -0.725672635E-03  -0.749437786E-03  -0.773954212E-03  -0.799251182E-03
  -0.825358804E-03  -0.852308215E-03  -0.880132748E-03  -0.908866841E-03
  -0.938546776E-03  -0.969214110E-03  -0.100091246E-02  -0.103368728E-02
  -0.106758852E-02  -0.110266812E-02  -0.113898062E-02  -0.117658756E-02
  -0.121555335E-02  -0.125594450E-02  -0.129783181E-02  -0.134128828E-02
  -0.138638940E-02  -0.143321582E-02  -0.148185079E-02  -0.153238320E-02
  -0.158491937E-02  -0.163957189E-02  -0.169647416E-02  -0.175583645E-02
  -0.181789293E-02  -0.188287371E-02  -0.195097451E-02  -0.202238537E-02
  -0.209723930E-02  -0.217542540E-02  -0.225676588E-02  -0.234123477E-02
  -0.242944269E-02  -0.252217719E-02  -0.261996954E-02  -0.272224828E-02
  -0.282814273E-02  -0.293702292E-02  -0.304931469E-02  -0.316572509E-02
  -0.328697916E-02  -0.341381996E-02  -0.354700857E-02
  -0.000000000E+00  -0.338269835E-07  -0.135862607E-06  -0.306938878E-06
  -0.547887807E-06  -0.859541402E-06  -0.124273167E-05  -0.169829063E-05
  -0.222705027E-05  -0.282984262E-05  -0.350749968E-05  -0.426085346E-05
  -0.509073597E-05  -0.599797921E-05  -0.698341521E-05  -0.804787595E-05
  -0.919219346E-05  -0.104171997E-04  -0.117237268E-04  -0.131126067E-04
  -0.145846713E-04  -0.161407528E-04  -0.177816831E-04  -0.195104065E-04
  -0.213293126E-04  -0.232431691E-04  -0.252532045E-04  -0.273595125E-04
  -0.295626189E-04  -0.318656527E-04  -0.342726944E-04  -0.367882620E-04
  -0.394176370E-04  -0.421666091E-04  -0.450400737E-04  -0.480377936E-04
  -0.511577897E-04  -0.543979486E-04  -0.577572301E-04  -0.612346830E-04
  -0.648300980E-04  -0.685472324E-04  -0.723911397E-04  -0.763675339E-04
  -0.804838149E-04  -0.847482079E-04  -0.891684341E-04  -0.937484680E-04
  -0.984912915E-04  -0.103400328E-03  -0.108480883E-03  -0.113738910E-03
  -0.119179649E-03  -0.124804722E-03  -0.130614652E-03  -0.136610388E-03
  -0.142795338E-03  -0.149173596E-03  -0.155749252E-03  -0.162526168E-03
  -0.169508176E-03  -0.176699042E-03  -0.184102172E-03  -0.191720869E-03
  -0.199558896E-03  -0.207621895E-03  -0.215916118E-03  -0.224447657E-03
  -0.233221405E-03  -0.242241983E-03  -0.251513995E-03  -0.261041800E-03
  -0.270829714E-03  -0.280882311E-03  -0.291205122E-03  -0.301804005E-03
  -0.312684773E-03  -0.323852761E-03  -0.335313217E-03  -0.347071364E-03
  -0.359132124E-03  -0.371500368E-03  -0.384181052E-03  -0.397179396E-03
  -0.410500720E-03  -0.424150424E-03  -0.438134094E-03  -0.452457405E-03
  -0.467126124E-03  -0.482146229E-03  -0.497523798E-03  -0.513265075E-03
  -0.529376775E-03  -0.545865801E-03  -0.562739450E-03  -0.580006334E-03
  -0.597675528E-03  -0.615756057E-03  -0.634256214E-03  -0.653184189E-03
  -0.672548564E-03  -0.692359166E-03  -0.712626274E-03  -0.733360067E-03
  -0.754569758E-03  -0.776264397E-03  -0.798453374E-03  -0.821147102E-03
  -0.844356377E-03  -0.868092561E-03  -0.892368798E-03  -0.917198878E-03
  -0.942597142E-03  -0.968579394E-03  -0.995162049E-03  -0.102236146E-02
  -0.105019273E-02  -0.107867085E-02  -0.110780988E-02  -0.113761944E-02
  -0.116810802E-02  -0.119928800E-02  -0.123118761E-02  -0.126383964E-02
  -0.129728388E-02  -0.133158601E-02  -0.136681978E-02  -0.140305128E-02
  -0.144030944E-02  -0.147861389E-02  -0.151796152E-02  -0.155825643E-02
  -0.159937614E-02  -0.164124159E-02  -0.168396259E-02  -0.172770023E-02
  -0.177271465E-02  -0.181965426E-02  -0.186928179E-02  -0.192214369E-02
  -0.197784396E-02  -0.203573273E-02  -0.209506039E-02  -0.215473333E-02
  -0.221354584E-02  -0.227062853E-02  -0.232657776E-02  -0.238238231E-02
  -0.243905883E-02  -0.249765182E-02  -0.255923364E-02
   0.000000000E+00   0.125854477E-07   0.502529362E-07   0.112869184E-06
   0.200300910E-06   0.312414832E-06   0.449077668E-06   0.610156138E-06
   0.795516959E-06   0.100502685E-05   0.123855253E-05   0.149596072E-05
   0.177711813E-05   0.208189148E-05   0.241014750E-05   0.276175290E-05
   0.313657439E-05   0.353447871E-05   0.395533256E-05   0.439900266E-05
   0.486535574E-05   0.535425850E-05   0.586557768E-05   0.640687940E-05
   0.698581866E-05   0.761627596E-05   0.829052815E-05   0.899306108E-05
   0.971054337E-05   0.104474849E-04   0.112143227E-04   0.120208354E-04
   0.128691038E-04   0.137590174E-04   0.146892892E-04   0.156542043E-04
   0.166462214E-04   0.176593418E-04   0.186969023E-04   0.197652233E-04
   0.208704666E-04   0.220159162E-04   0.232042299E-04   0.244387782E-04
   0.257253358E-04   0.270706621E-04   0.284791763E-04   0.299440166E-04
   0.314546337E-04   0.330019722E-04   0.345863332E-04   0.362106274E-04
   0.378781024E-04   0.395926955E-04   0.413587280E-04   0.431798265E-04
   0.450558665E-04   0.469856399E-04   0.489686130E-04   0.510075035E-04
   0.531060151E-04   0.552671805E-04   0.574906586E-04   0.597751259E-04
   0.621199069E-04   0.645274568E-04   0.670011522E-04   0.695440093E-04
   0.721570912E-04   0.748409332E-04   0.775962734E-04   0.804247839E-04
   0.833284133E-04   0.863091669E-04   0.893691304E-04   0.925104489E-04
   0.957351836E-04   0.990448955E-04   0.102441023E-03   0.105925265E-03
   0.109500362E-03   0.113169383E-03   0.116935134E-03   0.120799079E-03
   0.124762322E-03   0.128826431E-03   0.132994918E-03   0.137271882E-03
   0.141661140E-03   0.146165000E-03   0.150785390E-03   0.155524539E-03
   0.160385877E-03   0.165373207E-03   0.170490480E-03   0.175741980E-03
   0.181132154E-03   0.186665445E-03   0.192345975E-03   0.198177840E-03
   0.204165493E-03   0.210314619E-03   0.216631324E-03   0.223121814E-03
   0.229792250E-03   0.236648882E-03   0.243698121E-03   0.250946631E-03
   0.258401242E-03   0.266069284E-03   0.273959687E-03   0.282081955E-03
   0.290445922E-03   0.299062087E-03   0.307941302E-03   0.317095028E-03
   0.326536459E-03   0.336279473E-03   0.346338107E-03   0.356726092E-03
   0.367457294E-03   0.378547129E-03   0.390016450E-03   0.401887891E-03
   0.414186000E-03   0.426941450E-03   0.440187071E-03   0.453957170E-03
   0.468289585E-03   0.483223746E-03   0.498800235E-03   0.515061454E-03
   0.532050995E-03   0.549806122E-03   0.568335437E-03   0.587640008E-03
   0.607756026E-03   0.628863294E-03   0.651182475E-03   0.674916187E-03
   0.700175765E-03   0.727050706E-03   0.755541145E-03   0.785279302E-03
   0.815793909E-03   0.846720392E-03   0.878168454E-03   0.910372742E-03
   0.943574194E-03   0.978020034E-03   0.101396377E-02
  -0.000000000E+00  -0.114730230E-07  -0.463980875E-07  -0.105534187E-06
  -0.189640316E-06  -0.299475466E-06  -0.435798633E-06  -0.599368808E-06
  -0.790944987E-06  -0.101128616E-05  -0.126115133E-05  -0.154129947E-05
  -0.185248960E-05  -0.219548070E-05  -0.257103176E-05  -0.297990177E-05
  -0.342284974E-05  -0.390063466E-05  -0.441401551E-05  -0.496375129E-05
  -0.555060100E-05  -0.617532363E-05  -0.683867817E-05  -0.754050301E-05
  -0.828013054E-05  -0.903088833E-05  -0.979504017E-05  -0.105842661E-04
  -0.114106251E-04  -0.122810426E-04  -0.132015049E-04  -0.141746274E-04
  -0.151866562E-04  -0.162176355E-04  -0.172530651E-04  -0.183095431E-04
  -0.194142521E-04  -0.205897177E-04  -0.218287823E-04  -0.231150050E-04
  -0.244358984E-04  -0.258017336E-04  -0.272299676E-04  -0.287339148E-04
  -0.303044413E-04  -0.319253308E-04  -0.335812233E-04  -0.352654223E-04
  -0.369732642E-04  -0.387030028E-04  -0.404660522E-04  -0.422781981E-04
  -0.441526863E-04  -0.460882209E-04  -0.480793563E-04  -0.501223503E-04
  -0.522220654E-04  -0.543859453E-04  -0.566191523E-04  -0.589159437E-04
  -0.612672527E-04  -0.636661436E-04  -0.661165820E-04  -0.686256747E-04
  -0.711993972E-04  -0.738377097E-04  -0.765389043E-04  -0.793014069E-04
  -0.821246772E-04  -0.850084036E-04  -0.879528676E-04  -0.909609498E-04
  -0.940363264E-04  -0.971816007E-04  -0.100394439E-03  -0.103671060E-03
  -0.107008922E-03  -0.110411314E-03  -0.113883195E-03  -0.117428420E-03
  -0.121045628E-03  -0.124731985E-03  -0.128485433E-03  -0.132307623E-03
  -0.136201236E-03  -0.140168261E-03  -0.144207544E-03  -0.148317032E-03
  -0.152495170E-03  -0.156742806E-03  -0.161061439E-03  -0.165452502E-03
  -0.169917016E-03  -0.174455912E-03  -0.179069628E-03  -0.183756548E-03
  -0.188514446E-03  -0.193341827E-03  -0.198240531E-03  -0.203213321E-03
  -0.208262251E-03  -0.213386172E-03  -0.218583049E-03  -0.223851089E-03
  -0.229189785E-03  -0.234598945E-03  -0.240078277E-03  -0.245627131E-03
  -0.251244743E-03  -0.256930450E-03  -0.262684138E-03  -0.268505825E-03
  -0.274395383E-03  -0.280352100E-03  -0.286375086E-03  -0.292462535E-03
  -0.298609018E-03  -0.304808017E-03  -0.311052962E-03  -0.317337738E-03
  -0.323656209E-03  -0.330003797E-03  -0.336382840E-03  -0.342797554E-03
  -0.349253592E-03  -0.355761971E-03  -0.362335373E-03  -0.368978136E-03
  -0.375659445E-03  -0.382338627E-03  -0.388969040E-03  -0.395483623E-03
  -0.401808546E-03  -0.407895193E-03  -0.413803776E-03  -0.419624237E-03
  -0.425450208E-03  -0.431381678E-03  -0.437522469E-03  -0.443902162E-03
  -0.450240049E-03  -0.456168962E-03  -0.461338881E-03  -0.465501002E-03
  -0.468427930E-03  -0.469986328E-03  -0.470441741E-03  -0.470168914E-03
  -0.469553391E-03  -0.468991518E-03  -0.468890439E-03
   0.000000000E+00   0.447259284E-06   0.893240916E-06   0.133519618E-05
   0.177289818E-05   0.220864187E-05   0.264724403E-05   0.309400767E-05
   0.354628870E-05   0.399553163E-05   0.443142703E-05   0.485218511E-05
   0.526020997E-05   0.565867623E-05   0.604697155E-05   0.642312083E-05
   0.678648211E-05   0.714344917E-05   0.750398920E-05   0.787585478E-05
   0.824965979E-05   0.860875221E-05   0.893813874E-05   0.924137465E-05
   0.952869518E-05   0.980930368E-05   0.100809232E-04   0.103374753E-04
   0.105729540E-04   0.107846397E-04   0.109706534E-04   0.111307042E-04
   0.112714813E-04   0.114024363E-04   0.115290223E-04   0.116358308E-04
   0.117000822E-04   0.117019544E-04   0.116420241E-04   0.115270499E-04
   0.113668823E-04   0.111809905E-04   0.109930573E-04   0.108194335E-04
   0.106385254E-04   0.104164915E-04   0.101227897E-04   0.975044626E-05
   0.929884142E-05   0.876870419E-05   0.816560387E-05   0.749695425E-05
   0.676834960E-05   0.597534798E-05   0.511058570E-05   0.416686224E-05
   0.313896396E-05   0.202207231E-05   0.811444833E-06  -0.496832426E-06
  -0.190650637E-05  -0.342168141E-05  -0.504773718E-05  -0.679051654E-05
  -0.865574467E-05  -0.106480997E-04  -0.127720399E-04  -0.150324688E-04
  -0.174359126E-04  -0.199894664E-04  -0.227002251E-04  -0.255746479E-04
  -0.286191291E-04  -0.318404823E-04  -0.352468288E-04  -0.388467947E-04
  -0.426489786E-04  -0.466611584E-04  -0.508910107E-04  -0.553467902E-04
  -0.600386696E-04  -0.649775205E-04  -0.701742597E-04  -0.756391293E-04
  -0.813823540E-04  -0.874143762E-04  -0.937458788E-04  -0.100387764E-03
  -0.107351633E-03  -0.114651291E-03  -0.122301360E-03  -0.130316497E-03
  -0.138710421E-03  -0.147496804E-03  -0.156690256E-03  -0.166308402E-03
  -0.176369962E-03  -0.186893768E-03  -0.197897789E-03  -0.209400035E-03
  -0.221419516E-03  -0.233978221E-03  -0.247099276E-03  -0.260806334E-03
  -0.275123602E-03  -0.290075815E-03  -0.305688512E-03  -0.321988936E-03
  -0.339005195E-03  -0.356766177E-03  -0.375302172E-03  -0.394644289E-03
  -0.414824948E-03  -0.435879986E-03  -0.457846688E-03  -0.480763273E-03
  -0.504669410E-03  -0.529605738E-03  -0.555614663E-03  -0.582743314E-03
  -0.611040764E-03  -0.640557296E-03  -0.671345036E-03  -0.703457354E-03
  -0.736948498E-03  -0.771873089E-03  -0.808286599E-03  -0.846248794E-03
  -0.885833805E-03  -0.927120627E-03  -0.970192885E-03  -0.101514800E-02
  -0.106208855E-02  -0.111111237E-02  -0.116229149E-02  -0.121569208E-02
  -0.127138105E-02  -0.132942541E-02  -0.138989291E-02  -0.145283106E-02
  -0.151820251E-02  -0.158594634E-02  -0.165603129E-02  -0.172855467E-02
  -0.180364844E-02  -0.188139326E-02  -0.196165332E-02  -0.204423331E-02
  -0.212893169E-02  -0.221554070E-02  -0.230384637E-02
   0.000000000E+00   0.480070229E-06   0.958401439E-06   0.143183643E-05
   0.189964917E-05   0.236354480E-05   0.282765966E-05   0.329680288E-05
   0.376917180E-05   0.423811031E-05   0.469519782E-05   0.513721477E-05
   0.556320979E-05   0.597407975E-05   0.637635326E-05   0.678017819E-05
   0.719423512E-05   0.761103385E-05   0.801584050E-05   0.839437110E-05
   0.874653629E-05   0.907734863E-05   0.939251391E-05   0.969569306E-05
   0.999042617E-05   0.102783558E-04   0.105508712E-04   0.107952495E-04
   0.110011785E-04   0.111745819E-04   0.113271005E-04   0.114677804E-04
   0.115887238E-04   0.116763127E-04   0.117186596E-04   0.117163817E-04
   0.116739815E-04   0.115946470E-04   0.114736103E-04   0.113035612E-04
   0.110776721E-04   0.107930269E-04   0.104477814E-04   0.100415473E-04
   0.957985785E-05   0.907041926E-05   0.851780807E-05   0.791088313E-05
   0.723347680E-05   0.647082410E-05   0.561789926E-05   0.467226242E-05
   0.363095389E-05   0.248867160E-05   0.123934914E-05  -0.122752497E-06
  -0.160135883E-05  -0.319965356E-05  -0.492135440E-05  -0.677246797E-05
  -0.875974698E-05  -0.108901421E-04  -0.131707760E-04  -0.156089664E-04
  -0.182121014E-04  -0.209872266E-04  -0.239414127E-04  -0.270821991E-04
  -0.304185792E-04  -0.339601189E-04  -0.377165599E-04  -0.416975371E-04
  -0.459128327E-04  -0.503725518E-04  -0.550873946E-04  -0.600684106E-04
  -0.653269868E-04  -0.708750750E-04  -0.767249862E-04  -0.828894593E-04
  -0.893820984E-04  -0.962169753E-04  -0.103408399E-03  -0.110970625E-03
  -0.118918124E-03  -0.127266054E-03  -0.136031469E-03  -0.145232213E-03
  -0.154886414E-03  -0.165012077E-03  -0.175627458E-03  -0.186751815E-03
  -0.198407339E-03  -0.210617375E-03  -0.223405773E-03  -0.236796779E-03
  -0.250815135E-03  -0.265486734E-03  -0.280840510E-03  -0.296906687E-03
  -0.313716353E-03  -0.331302016E-03  -0.349697089E-03  -0.368936044E-03
  -0.389055427E-03  -0.410092914E-03  -0.432087474E-03  -0.455080875E-03
  -0.479116279E-03  -0.504238488E-03  -0.530496180E-03  -0.557939822E-03
  -0.586622120E-03  -0.616601596E-03  -0.647939242E-03  -0.680697703E-03
  -0.714942299E-03  -0.750740065E-03  -0.788159827E-03  -0.827273400E-03
  -0.868154464E-03  -0.910881486E-03  -0.955547887E-03  -0.100225248E-02
  -0.105110365E-02  -0.110224214E-02  -0.115581959E-02  -0.121198642E-02
  -0.127087731E-02  -0.133262490E-02  -0.139735950E-02  -0.146519368E-02
  -0.153623680E-02  -0.161062283E-02  -0.168858036E-02  -0.177036633E-02
  -0.185626087E-02  -0.194662008E-02  -0.204182603E-02  -0.214220905E-02
  -0.224786229E-02  -0.235881756E-02  -0.247494391E-02  -0.259545494E-02
  -0.271937650E-02  -0.284599787E-02  -0.297576448E-02  -0.310942950E-02
  -0.324776568E-02  -0.339156533E-02  -0.354164031E-02
   0.000000000E+00   0.000000000E+00   0.000000000E+00   0.000000000E+00
   0.000000000E+00   0.000000000E+00   0.000000000E+00   0.000000000E+00
   0.000000000E+00   0.000000000E+00   0.000000000E+00   0.000000000E+00
   0.000000000E+00   0.000000000E+00   0.000000000E+00   0.000000000E+00
   0.000000000E+00   0.000000000E+00   0.000000000E+00   0.000000000E+00
   0.000000000E+00   0.000000000E+00   0.000000000E+00   0.000000000E+00
   0.000000000E+00   0.000000000E+00   0.000000000E+00   0.000000000E+00
   0.000000000E+00   0.000000000E+00   0.000000000E+00   0.000000000E+00
   0.000000000E+00   0.000000000E+00   0.000000000E+00   0.000000000E+00
   0.416052147E-09   0.842981525E-08   0.278937092E-07   0.506109193E-07
   0.613686441E-07   0.423853563E-07  -0.232701591E-07  -0.149194213E-06
  -0.344004282E-06  -0.610441971E-06  -0.945129073E-06  -0.133888296E-05
  -0.177749754E-05  -0.224289593E-05  -0.271456118E-05  -0.317115117E-05
  -0.359220396E-05  -0.395983974E-05  -0.426036573E-05  -0.448569010E-05
  -0.463445126E-05  -0.471276863E-05   0.431870178E-05   0.512343271E-05
   0.597736771E-05   0.688353490E-05   0.784333591E-05   0.885773498E-05
   0.992813346E-05   0.110578056E-04   0.122506206E-04   0.135101518E-04
   0.148382848E-04   0.162364628E-04   0.177064658E-04   0.192514900E-04
   0.208751777E-04   0.225811423E-04   0.243725409E-04   0.262524605E-04
   0.282241891E-04   0.302916413E-04   0.324589724E-04   0.347303795E-04
   0.371098990E-04   0.396015909E-04   0.422096036E-04   0.449381780E-04
   0.477916437E-04   0.507747058E-04   0.538933351E-04   0.571539524E-04
   0.605628686E-04   0.641254219E-04   0.678467707E-04   0.717324821E-04
   0.757895079E-04   0.800252848E-04   0.844474770E-04   0.890641329E-04
   0.938835401E-04   0.989142322E-04   0.104165165E-03   0.109645552E-03
   0.115364972E-03   0.121333855E-03   0.127563029E-03   0.134063707E-03
   0.140847927E-03   0.147928138E-03   0.155317185E-03   0.163028660E-03
   0.171076571E-03   0.179475736E-03   0.188243332E-03   0.197397449E-03
   0.206956509E-03   0.216939019E-03   0.227363801E-03   0.238250555E-03
   0.249621325E-03   0.261499124E-03   0.273907822E-03   0.286873270E-03
   0.300422245E-03   0.314583505E-03   0.329392120E-03   0.344885401E-03
   0.361102299E-03   0.378085842E-03   0.395880842E-03   0.414531026E-03
   0.434072655E-03   0.454540545E-03   0.475977967E-03   0.498460683E-03
   0.522074238E-03   0.546899848E-03   0.572994844E-03   0.600411170E-03
   0.629198693E-03   0.659396084E-03   0.691039456E-03   0.724259526E-03
   0.759569710E-03   0.797592944E-03   0.838773472E-03   0.882779828E-03
   0.929071590E-03   0.977214701E-03   0.102725643E-02   0.107936904E-02
   0.113372872E-02   0.119051564E-02   0.124991387E-02
   0.000000000E+00   0.000000000E+00   0.000000000E+00   0.000000000E+00
   0.000000000E+00   0.000000000E+00   0.000000000E+00   0.000000000E+00
   0.000000000E+00   0.000000000E+00   0.000000000E+00   0.000000000E+00
   0.000000000E+00   0.000000000E+00   0.000000000E+00   0.000000000E+00
   0.000000000E+00   0.000000000E+00   0.000000000E+00   0.000000000E+00
   0.000000000E+00   0.000000000E+00   0.000000000E+00   0.000000000E+00
   0.000000000E+00   0.000000000E+00   0.000000000E+00   0.000000000E+00
   0.000000000E+00   0.000000000E+00   0.000000000E+00   0.000000000E+00
  -0.414799560E-09  -0.822415201E-08  -0.262911114E-07  -0.447889681E-07
  -0.466566249E-07  -0.123793991E-07   0.763454377E-07   0.233956663E-06
   0.469288932E-06   0.784642718E-06   0.117556264E-05   0.163122247E-05
   0.213531507E-05   0.266734563E-05   0.320422634E-05   0.372207093E-05
   0.419808727E-05   0.461246634E-05   0.495016586E-05   0.520248683E-05
   0.536834128E-05   0.545510959E-05  -0.434057877E-05  -0.521342893E-05
  -0.614265339E-05  -0.713382233E-05  -0.819172744E-05  -0.931703760E-05
  -0.105092389E-04  -0.117687456E-04  -0.131002870E-04  -0.145099110E-04
  -0.160029797E-04  -0.175811788E-04  -0.192451795E-04  -0.209962799E-04
  -0.228386334E-04  -0.247772547E-04  -0.268171569E-04  -0.289628207E-04
  -0.312186709E-04  -0.335890664E-04  -0.360777495E-04  -0.386883427E-04
  -0.414249686E-04  -0.442936407E-04  -0.473010020E-04  -0.504534707E-04
  -0.537559421E-04  -0.572129700E-04  -0.608297472E-04  -0.646138792E-04
  -0.685737641E-04  -0.727175272E-04  -0.770514517E-04  -0.815814168E-04
  -0.863139203E-04  -0.912577109E-04  -0.964222880E-04  -0.101817443E-03
  -0.107453434E-03  -0.113340826E-03  -0.119490304E-03  -0.125912282E-03
  -0.132617262E-03  -0.139616556E-03  -0.146924087E-03  -0.154554720E-03
  -0.162523519E-03  -0.170845260E-03  -0.179534885E-03  -0.188608235E-03
  -0.198083821E-03  -0.207981174E-03  -0.218320029E-03  -0.229119530E-03
  -0.240398969E-03  -0.252178922E-03  -0.264483960E-03  -0.277340117E-03
  -0.290774470E-03  -0.304816536E-03  -0.319496967E-03  -0.334847759E-03
  -0.350904263E-03  -0.367703303E-03  -0.385282603E-03  -0.403681015E-03
  -0.422938307E-03  -0.443095894E-03  -0.464199312E-03  -0.486295890E-03
  -0.509438372E-03  -0.533698435E-03  -0.559153954E-03  -0.585885153E-03
  -0.613976121E-03  -0.643513382E-03  -0.674577839E-03  -0.707221578E-03
  -0.741489781E-03  -0.777447054E-03  -0.815235180E-03  -0.855018489E-03
  -0.897007813E-03  -0.941590622E-03  -0.989207766E-03  -0.104015839E-02
  -0.109413160E-02  -0.115065053E-02  -0.120918374E-02  -0.126902400E-02
  -0.132940337E-02  -0.138998372E-02  -0.145223628E-02  -0.151813060E-02
  -0.158968931E-02  -0.166898809E-02  -0.175815567E-02
   0.000000000E+00   0.000000000E+00   0.000000000E+00   0.000000000E+00
   0.467245800E-09   0.108023034E-07   0.425732228E-07   0.988288037E-07
   0.176512541E-06   0.268887651E-06   0.367474913E-06   0.463547737E-06
   0.549228927E-06   0.618233535E-06   0.666302277E-06   0.691369922E-06
   0.693513087E-06   0.674721898E-06   0.638539921E-06   0.589616815E-06
   0.533218137E-06   0.474736737E-06   0.419250169E-06   0.371168561E-06
   0.334017379E-06   0.310399508E-06   0.459177804E-05   0.497307555E-05
   0.537870247E-05   0.580551795E-05   0.624810982E-05   0.670253025E-05
   0.717365899E-05   0.766944403E-05   0.819640828E-05   0.875195272E-05
   0.933051387E-05   0.992643011E-05   0.105359587E-04   0.111556318E-04
   0.117836227E-04   0.124260184E-04   0.130916252E-04   0.137900406E-04
   0.145314418E-04   0.153267634E-04   0.161816691E-04   0.170772181E-04
   0.179862852E-04   0.188870187E-04   0.197869784E-04   0.207024232E-04
   0.216485587E-04   0.226318623E-04   0.236567284E-04   0.247261095E-04
   0.258361730E-04   0.269809645E-04   0.281554632E-04   0.293600302E-04
   0.305964975E-04   0.318664197E-04   0.331698857E-04   0.345065700E-04
   0.358764449E-04   0.372808577E-04   0.387215720E-04   0.402000687E-04
   0.417164084E-04   0.432702492E-04   0.448613682E-04   0.464901820E-04
   0.481572789E-04   0.498631395E-04   0.516077752E-04   0.533910552E-04
   0.552130209E-04   0.570745133E-04   0.589766044E-04   0.609201557E-04
   0.629050587E-04   0.649309261E-04   0.669973881E-04   0.691042698E-04
   0.712514287E-04   0.734388932E-04   0.756674617E-04   0.779381530E-04
   0.802516475E-04   0.826071417E-04   0.850034006E-04   0.874396643E-04
   0.899173287E-04   0.924383964E-04   0.950045005E-04   0.976155378E-04
   0.100270932E-03   0.102970390E-03   0.105714899E-03   0.108505804E-03
   0.111344398E-03   0.114231635E-03   0.117168399E-03   0.120155670E-03
   0.123194771E-03   0.126287139E-03   0.129434194E-03   0.132637186E-03
   0.135897336E-03   0.139216053E-03   0.142595428E-03   0.146037771E-03
   0.149545671E-03   0.153122663E-03   0.156772605E-03   0.160500172E-03
   0.164313042E-03   0.168219848E-03   0.172228535E-03   0.176343464E-03
   0.180568131E-03   0.184906125E-03   0.189361208E-03   0.193937236E-03
   0.198642827E-03   0.203505720E-03   0.208559248E-03   0.213840287E-03
   0.219397122E-03   0.225282027E-03   0.231529610E-03   0.238098246E-03
   0.244925407E-03   0.251970785E-03   0.259290629E-03   0.266967426E-03
   0.275135813E-03   0.284135013E-03   0.294364461E-03   0.306067209E-03
   0.318817826E-03   0.332007991E-03   0.345224637E-03   0.358901145E-03
   0.373699160E-03   0.390112212E-03   0.407896492E-03   0.426611810E-03
   0.445805336E-03   0.465011603E-03   0.483752505E-03
   0.000000000E+00   0.000000000E+00   0.000000000E+00   0.470261915E-09
   0.108089808E-07   0.423169157E-07   0.974838774E-07   0.172571190E-06
   0.260173710E-06   0.351259980E-06   0.436738120E-06   0.508595057E-06
   0.560656667E-06   0.589016459E-06   0.592180373E-06   0.570975292E-06
   0.528268872E-06   0.468548287E-06   0.397405471E-06   0.320976470E-06
   0.245382497E-06   0.176220273E-06   0.118149269E-06   0.746234376E-07
   0.478150221E-07   0.463361698E-05   0.504204711E-05   0.546830901E-05
   0.590714101E-05   0.636149963E-05   0.683714030E-05   0.733936710E-05
   0.786900115E-05   0.842553404E-05   0.900832315E-05   0.961671365E-05
   0.102499409E-04   0.109068452E-04   0.115850689E-04   0.122817105E-04
   0.129937791E-04   0.137188906E-04   0.144546908E-04   0.152008837E-04
   0.159663530E-04   0.167631840E-04   0.176019268E-04   0.184833244E-04
   0.194053379E-04   0.203655434E-04   0.213608265E-04   0.223876441E-04
   0.234425738E-04   0.245237544E-04   0.256296385E-04   0.267590545E-04
   0.279127844E-04   0.290921865E-04   0.302985999E-04   0.315329912E-04
   0.327962645E-04   0.340888191E-04   0.354088205E-04   0.367537299E-04
   0.381214910E-04   0.395125698E-04   0.409281394E-04   0.423690185E-04
   0.438343340E-04   0.453227180E-04   0.468326770E-04   0.483624478E-04
   0.499101274E-04   0.514739032E-04   0.530526305E-04   0.546453111E-04
   0.562506868E-04   0.578665381E-04   0.594903199E-04   0.611194059E-04
   0.627511631E-04   0.643828839E-04   0.660116276E-04   0.676338032E-04
   0.692455505E-04   0.708429341E-04   0.724221365E-04   0.739792808E-04
   0.755102774E-04   0.770105365E-04   0.784752324E-04   0.798991607E-04
   0.812760198E-04   0.825990731E-04   0.838615769E-04   0.850573948E-04
   0.861804296E-04   0.872239507E-04   0.881791215E-04   0.890363633E-04
   0.897858882E-04   0.904178976E-04   0.909223980E-04   0.912885968E-04
   0.915032398E-04   0.915521585E-04   0.914208449E-04   0.910945877E-04
   0.905583454E-04   0.897966079E-04   0.887931073E-04   0.875310883E-04
   0.859928705E-04   0.841582207E-04   0.820058767E-04   0.795128876E-04
   0.766509921E-04   0.733900143E-04   0.696978462E-04   0.655368352E-04
   0.608671768E-04   0.556507204E-04   0.498590884E-04   0.434660387E-04
   0.364462335E-04   0.287794500E-04   0.204466138E-04   0.114159616E-04
   0.160479777E-05  -0.908442503E-05  -0.207628241E-04  -0.335887859E-04
  -0.477361297E-04  -0.633542620E-04  -0.804794105E-04  -0.991185920E-04
  -0.119217761E-03  -0.140476987E-03  -0.162525503E-03  -0.185126424E-03
  -0.208620654E-03  -0.233505958E-03  -0.260330583E-03  -0.289805477E-03
  -0.322697758E-03  -0.359571830E-03  -0.400109035E-03  -0.443754216E-03
  -0.489935325E-03  -0.538063428E-03  -0.587532704E-03
   0.000000000E+00   0.000000000E+00   0.000000000E+00   0.000000000E+00
   0.000000000E+00   0.000000000E+00   0.000000000E+00   0.000000000E+00
   0.000000000E+00   0.000000000E+00   0.000000000E+00   0.000000000E+00
   0.000000000E+00   0.000000000E+00   0.000000000E+00  -0.484448032E-09
  -0.115399391E-07  -0.470040504E-07  -0.113157615E-06  -0.210403023E-06
  -0.335124371E-06  -0.481212441E-06  -0.641285067E-06  -0.807633462E-06
  -0.972925078E-06  -0.113069357E-05  -0.127564643E-05  -0.140382087E-05
  -0.151261846E-05  -0.160074930E-05  -0.166811591E-05  -0.171566789E-05
  -0.174525748E-05  -0.175952688E-05  -0.176185777E-05  -0.175641366E-05
  -0.174830556E-05  -0.469506357E-05  -0.495738818E-05  -0.523487959E-05
  -0.552881016E-05  -0.583549672E-05  -0.614954580E-05  -0.646654073E-05
  -0.678789643E-05  -0.711678418E-05  -0.745624449E-05  -0.780780852E-05
  -0.817266887E-05  -0.855151602E-05  -0.894270650E-05  -0.934383470E-05
  -0.975253792E-05  -0.101672837E-04  -0.105866880E-04  -0.110098550E-04
  -0.114381994E-04  -0.118738557E-04  -0.123188028E-04  -0.127738674E-04
  -0.132396005E-04  -0.137162705E-04  -0.142028856E-04  -0.146980591E-04
  -0.152006588E-04  -0.157108931E-04  -0.162293445E-04  -0.167564305E-04
  -0.172917727E-04  -0.178347614E-04  -0.183849133E-04  -0.189423745E-04
  -0.195074679E-04  -0.200804365E-04  -0.206611301E-04  -0.212492879E-04
  -0.218445881E-04  -0.224464982E-04  -0.230544106E-04  -0.236678694E-04
  -0.242871265E-04  -0.249126355E-04  -0.255446750E-04  -0.261827245E-04
  -0.268260350E-04  -0.274739766E-04  -0.281265087E-04  -0.287837496E-04
  -0.294457948E-04  -0.301126139E-04  -0.307841458E-04  -0.314602817E-04
  -0.321407146E-04  -0.328250785E-04  -0.335131396E-04  -0.342052404E-04
  -0.349018897E-04  -0.356034220E-04  -0.363093843E-04  -0.370191040E-04
  -0.377322269E-04  -0.384497695E-04  -0.391731418E-04  -0.399035620E-04
  -0.406412880E-04  -0.413863325E-04  -0.421389983E-04  -0.429007704E-04
  -0.436734837E-04  -0.444587129E-04  -0.452567690E-04  -0.460676367E-04
  -0.468918817E-04  -0.477324552E-04  -0.485930046E-04  -0.494773396E-04
  -0.503895617E-04  -0.513339425E-04  -0.523149680E-04  -0.533376026E-04
  -0.544070415E-04  -0.555277462E-04  -0.567007495E-04  -0.579261911E-04
  -0.592066538E-04  -0.605547366E-04  -0.619859201E-04  -0.635167443E-04
  -0.651666753E-04  -0.669563441E-04  -0.689045984E-04  -0.710213129E-04
  -0.733141812E-04  -0.757960594E-04  -0.785003608E-04  -0.814664931E-04
  -0.847278807E-04  -0.882904837E-04  -0.921531432E-04  -0.963306938E-04
  -0.100903478E-03  -0.105970397E-03  -0.111580614E-03  -0.117573617E-03
  -0.123731049E-03  -0.129948953E-03  -0.136606367E-03  -0.144215033E-03
  -0.153300411E-03  -0.164401686E-03  -0.178071759E-03
   0.000000000E+00   0.000000000E+00   0.000000000E+00   0.000000000E+00
   0.000000000E+00   0.000000000E+00   0.000000000E+00   0.000000000E+00
   0.000000000E+00   0.000000000E+00   0.000000000E+00   0.000000000E+00
   0.000000000E+00   0.478733359E-09   0.114186240E-07   0.465743558E-07
   0.112288620E-06   0.209114687E-06   0.333626111E-06   0.479902620E-06
   0.640721713E-06   0.808485514E-06   0.975912406E-06   0.113652298E-05
   0.128494984E-05   0.141710079E-05   0.153020494E-05   0.162277126E-05
   0.169448913E-05   0.174610041E-05   0.177927256E-05   0.179650233E-05
   0.180107964E-05   0.179714102E-05   0.178984231E-05   0.463681355E-05
   0.489024764E-05   0.518404204E-05   0.550837857E-05   0.584475284E-05
   0.617846189E-05   0.651741192E-05   0.687654318E-05   0.726660409E-05
   0.767617503E-05   0.808675790E-05   0.848202350E-05   0.886008692E-05
   0.922308190E-05   0.957481168E-05   0.992502058E-05   0.102857288E-04
   0.106666671E-04   0.110649645E-04   0.114740775E-04   0.118889202E-04
   0.123121130E-04   0.127485290E-04   0.132009621E-04   0.136625428E-04
   0.141234057E-04   0.145758789E-04   0.150234254E-04   0.154727316E-04
   0.159290851E-04   0.163905621E-04   0.168532008E-04   0.173134035E-04
   0.177698088E-04   0.182216164E-04   0.186682881E-04   0.191104283E-04
   0.195489922E-04   0.199840970E-04   0.204121811E-04   0.208285692E-04
   0.212295959E-04   0.216164376E-04   0.219916373E-04   0.223566356E-04
   0.227078385E-04   0.230401965E-04   0.233494312E-04   0.236351050E-04
   0.238978174E-04   0.241373405E-04   0.243498421E-04   0.245304304E-04
   0.246746664E-04   0.247805315E-04   0.248466189E-04   0.248712910E-04
   0.248519953E-04   0.247858946E-04   0.246696017E-04   0.244976915E-04
   0.242640759E-04   0.239632080E-04   0.235923383E-04   0.231494245E-04
   0.226314552E-04   0.220314966E-04   0.213414347E-04   0.205532982E-04
   0.196604353E-04   0.186564188E-04   0.175344183E-04   0.162864259E-04
   0.149039785E-04   0.133784454E-04   0.117011513E-04   0.986326157E-05
   0.785517293E-05   0.566476601E-05   0.327904129E-05   0.683703803E-06
  -0.213982732E-05  -0.521161477E-05  -0.855207860E-05  -0.121814836E-04
  -0.161204207E-04  -0.203886763E-04  -0.250012603E-04  -0.299721428E-04
  -0.353173015E-04  -0.410601597E-04  -0.472264633E-04  -0.538496450E-04
  -0.609926015E-04  -0.687271478E-04  -0.771290314E-04  -0.862840927E-04
  -0.962824452E-04  -0.107195159E-03  -0.119008974E-03  -0.131688057E-03
  -0.145210789E-03  -0.159618020E-03  -0.174967363E-03  -0.191363413E-03
  -0.209097644E-03  -0.228515748E-03  -0.249841929E-03  -0.272779692E-03
  -0.296890817E-03  -0.321898208E-03  -0.348217727E-03  -0.376452772E-03
  -0.407222606E-03  -0.441162352E-03  -0.478922997E-03
   0.000000000E+00   0.000000000E+00   0.000000000E+00   0.000000000E+00
   0.000000000E+00   0.000000000E+00   0.000000000E+00   0.000000000E+00
   0.000000000E+00   0.000000000E+00   0.000000000E+00   0.000000000E+00
   0.000000000E+00   0.000000000E+00   0.000000000E+00   0.000000000E+00
   0.000000000E+00   0.000000000E+00   0.000000000E+00   0.000000000E+00
   0.000000000E+00   0.000000000E+00   0.000000000E+00   0.000000000E+00
   0.000000000E+00   0.000000000E+00   0.000000000E+00   0.000000000E+00
   0.000000000E+00   0.000000000E+00   0.000000000E+00   0.000000000E+00
   0.000000000E+00   0.000000000E+00   0.432400306E-09   0.952221346E-08
   0.354013792E-07   0.765366238E-07   0.125114274E-06   0.170197525E-06
   0.200195629E-06   0.204707757E-06   0.175804283E-06   0.108808267E-06
   0.263987427E-08  -0.140213503E-06  -0.314038668E-06  -0.510486821E-06
  -0.719349801E-06  -0.929459591E-06  -0.112964834E-05  -0.130970615E-05
  -0.146127384E-05  -0.157860802E-05  -0.165915556E-05  -0.170387487E-05
   0.434113894E-05   0.487966161E-05   0.545546242E-05   0.607001781E-05
   0.672496448E-05   0.742204264E-05   0.816331039E-05   0.895095405E-05
   0.978734130E-05   0.106753944E-04   0.116182580E-04   0.126188988E-04
   0.136792184E-04   0.148008466E-04   0.159858574E-04   0.172381360E-04
   0.185621497E-04   0.199621703E-04   0.214411848E-04   0.230018791E-04
   0.246472620E-04   0.263815435E-04   0.282093381E-04   0.301352598E-04
   0.321635203E-04   0.342982949E-04   0.365439480E-04   0.389053410E-04
   0.413875512E-04   0.439959768E-04   0.467369615E-04   0.496172221E-04
   0.526433980E-04   0.558212684E-04   0.591564715E-04   0.626552410E-04
   0.663259142E-04   0.701775419E-04   0.742191397E-04   0.784588530E-04
   0.829047289E-04   0.875655705E-04   0.924527544E-04   0.975785471E-04
   0.102955311E-03   0.108594835E-03   0.114508957E-03   0.120710188E-03
   0.127212986E-03   0.134032568E-03   0.141184548E-03   0.148685056E-03
   0.156550625E-03   0.164798578E-03   0.173448324E-03   0.182520151E-03
   0.192035289E-03   0.202017416E-03   0.212491255E-03   0.223482692E-03
   0.235020642E-03   0.247135304E-03   0.259857082E-03   0.273215118E-03
   0.287238673E-03   0.301959657E-03   0.317418944E-03   0.333660432E-03
   0.350733499E-03   0.368706741E-03   0.387655025E-03   0.407647703E-03
   0.428725989E-03   0.450924296E-03   0.474284978E-03   0.498881181E-03
   0.524795253E-03   0.552124173E-03   0.581018668E-03   0.611646211E-03
   0.644153009E-03   0.678586247E-03   0.714967733E-03   0.753380076E-03
   0.794153610E-03   0.837689148E-03   0.884192052E-03   0.933043623E-03
   0.983397843E-03   0.103459890E-02   0.108683729E-02   0.114052626E-02
   0.119609010E-02   0.125396409E-02   0.131459452E-02
   0.000000000E+00   0.000000000E+00   0.000000000E+00   0.000000000E+00
   0.000000000E+00   0.000000000E+00   0.000000000E+00   0.000000000E+00
   0.000000000E+00   0.000000000E+00   0.000000000E+00   0.000000000E+00
   0.000000000E+00   0.000000000E+00   0.000000000E+00   0.000000000E+00
   0.000000000E+00   0.000000000E+00   0.000000000E+00   0.000000000E+00
   0.000000000E+00   0.000000000E+00   0.000000000E+00   0.000000000E+00
   0.000000000E+00   0.000000000E+00   0.000000000E+00   0.000000000E+00
   0.000000000E+00   0.000000000E+00   0.000000000E+00   0.000000000E+00
   0.435021775E-09   0.951649795E-08   0.350815767E-07   0.750054178E-07
   0.120760413E-06   0.160714688E-06   0.182706630E-06   0.175961467E-06
   0.132415944E-06   0.475171007E-07  -0.794387891E-07  -0.245361112E-06
  -0.443747598E-06  -0.665328767E-06  -0.898908104E-06  -0.113233194E-05
  -0.135352303E-05  -0.155151168E-05  -0.171739865E-05  -0.184518345E-05
  -0.193239234E-05  -0.198043975E-05   0.437973204E-05   0.494634443E-05
   0.555387217E-05   0.620243777E-05   0.689259985E-05   0.762696903E-05
   0.840878738E-05   0.924123604E-05   0.101268242E-04   0.110679296E-04
   0.120669592E-04   0.131262602E-04   0.142481990E-04   0.154354425E-04
   0.166917489E-04   0.180212604E-04   0.194280082E-04   0.209151400E-04
   0.224856148E-04   0.241426222E-04   0.258901359E-04   0.277324136E-04
   0.296738244E-04   0.317188491E-04   0.338720797E-04   0.361382245E-04
   0.385221241E-04   0.410287369E-04   0.436631075E-04   0.464302858E-04
   0.493354010E-04   0.523839108E-04   0.555822921E-04   0.589374084E-04
   0.624561252E-04   0.661447973E-04   0.700097404E-04   0.740577579E-04
   0.782972690E-04   0.827372687E-04   0.873868798E-04   0.922550690E-04
   0.973509091E-04   0.102683938E-03   0.108264990E-03   0.114105426E-03
   0.120216944E-03   0.126611812E-03   0.133302653E-03   0.140302388E-03
   0.147624303E-03   0.155281985E-03   0.163289664E-03   0.171663310E-03
   0.180419609E-03   0.189575943E-03   0.199151407E-03   0.209165859E-03
   0.219640040E-03   0.230596948E-03   0.242060547E-03   0.254055211E-03
   0.266605312E-03   0.279735602E-03   0.293471670E-03   0.307840944E-03
   0.322871749E-03   0.338595143E-03   0.355051524E-03   0.372284417E-03
   0.390341993E-03   0.409288251E-03   0.429192487E-03   0.450124215E-03
   0.472148612E-03   0.495330816E-03   0.519726396E-03   0.545347681E-03
   0.572195570E-03   0.600287076E-03   0.629706490E-03   0.660556984E-03
   0.692991000E-03   0.727353573E-03   0.764046593E-03   0.803393823E-03
   0.845369392E-03   0.889855250E-03   0.936624784E-03   0.985025231E-03
   0.103427917E-02   0.108382789E-02   0.113406756E-02   0.118564961E-02
   0.123924313E-02   0.129553490E-02   0.135522936E-02
   0.000000000E+00   0.000000000E+00   0.000000000E+00   0.000000000E+00
   0.000000000E+00   0.000000000E+00   0.000000000E+00   0.000000000E+00
   0.000000000E+00   0.000000000E+00   0.000000000E+00   0.000000000E+00
   0.000000000E+00   0.000000000E+00   0.000000000E+00   0.000000000E+00
   0.000000000E+00   0.000000000E+00   0.000000000E+00   0.000000000E+00
   0.000000000E+00   0.000000000E+00   0.000000000E+00   0.000000000E+00
   0.000000000E+00   0.000000000E+00   0.000000000E+00   0.000000000E+00
   0.000000000E+00   0.000000000E+00   0.000000000E+00   0.000000000E+00
   0.000000000E+00   0.000000000E+00   0.000000000E+00   0.000000000E+00
   0.000000000E+00  -0.450112776E-09  -0.103107294E-07  -0.402079204E-07
  -0.922024718E-07  -0.162346889E-06  -0.243205230E-06  -0.325855875E-06
  -0.401424399E-06  -0.462193691E-06  -0.502338506E-06  -0.518331569E-06
  -0.509068428E-06  -0.475758192E-06  -0.421627317E-06  -0.351483605E-06
  -0.271187565E-06  -0.187078304E-06  -0.105401097E-06  -0.317838084E-07
   0.291906969E-07   0.742689706E-07   0.101621087E-06  -0.444187727E-05
  -0.484655056E-05  -0.527418259E-05  -0.572597159E-05  -0.620314535E-05
  -0.670690993E-05  -0.723826092E-05  -0.779815148E-05  -0.838757387E-05
  -0.900763152E-05  -0.965947456E-05  -0.103443640E-04  -0.110639416E-04
  -0.118199870E-04  -0.126142773E-04  -0.134484104E-04  -0.143239646E-04
  -0.152425162E-04  -0.162055250E-04  -0.172144381E-04  -0.182709255E-04
  -0.193774973E-04  -0.205369418E-04  -0.217518271E-04  -0.230235593E-04
  -0.243532428E-04  -0.257423957E-04  -0.271942451E-04  -0.287125402E-04
  -0.303009306E-04  -0.319623091E-04  -0.336994160E-04  -0.355150671E-04
  -0.374122178E-04  -0.393939039E-04  -0.414635839E-04  -0.436262547E-04
  -0.458874205E-04  -0.482523521E-04  -0.507248957E-04  -0.533085765E-04
  -0.560074558E-04  -0.588276055E-04  -0.617757387E-04  -0.648587307E-04
  -0.680835867E-04  -0.714574715E-04  -0.749878226E-04  -0.786826659E-04
  -0.825503208E-04  -0.865993596E-04  -0.908387896E-04  -0.952778828E-04
  -0.999265221E-04  -0.104796445E-03  -0.109900081E-03  -0.115250676E-03
  -0.120863916E-03  -0.126756404E-03  -0.132945546E-03  -0.139450771E-03
  -0.146292384E-03  -0.153490710E-03  -0.161064684E-03  -0.169033176E-03
  -0.177415978E-03  -0.186235422E-03  -0.195514853E-03  -0.205284281E-03
  -0.215599287E-03  -0.226523184E-03  -0.238119421E-03  -0.250446914E-03
  -0.263564455E-03  -0.277526763E-03  -0.292367809E-03  -0.308116592E-03
  -0.324813955E-03  -0.342547599E-03  -0.361418926E-03  -0.381510485E-03
  -0.402820952E-03  -0.425326792E-03  -0.449048353E-03  -0.474187848E-03
  -0.500998370E-03  -0.529665423E-03  -0.560080955E-03  -0.592058101E-03
  -0.625404127E-03  -0.659920435E-03  -0.695402553E-03
   0.000000000E+00   0.000000000E+00   0.000000000E+00   0.000000000E+00
   0.000000000E+00   0.000000000E+00   0.000000000E+00   0.000000000E+00
   0.000000000E+00   0.000000000E+00   0.000000000E+00   0.000000000E+00
   0.000000000E+00   0.000000000E+00   0.000000000E+00   0.000000000E+00
   0.000000000E+00   0.000000000E+00   0.000000000E+00   0.000000000E+00
   0.000000000E+00   0.000000000E+00   0.000000000E+00   0.000000000E+00
   0.000000000E+00   0.000000000E+00   0.000000000E+00   0.000000000E+00
   0.000000000E+00   0.000000000E+00   0.000000000E+00   0.000000000E+00
   0.000000000E+00   0.000000000E+00   0.000000000E+00   0.475922762E-09
   0.108790970E-07   0.423209159E-07   0.967705201E-07   0.169813875E-06
   0.253362087E-06   0.337801577E-06   0.413637026E-06   0.472677991E-06
   0.508820087E-06   0.518471667E-06   0.500676878E-06   0.456986009E-06
   0.391124042E-06   0.308508301E-06   0.215666111E-06   0.119603365E-06
   0.271749188E-07  -0.554923027E-07  -0.123472562E-06  -0.173360034E-06
  -0.203382098E-06   0.470100258E-05   0.513782559E-05   0.560373389E-05
   0.609557768E-05   0.661129207E-05   0.715413070E-05   0.772891976E-05
   0.833957859E-05   0.898545815E-05   0.966459974E-05   0.103757964E-04
   0.111214822E-04   0.119051472E-04   0.127300294E-04   0.135978409E-04
   0.145099134E-04   0.154675285E-04   0.164717098E-04   0.175234109E-04
   0.186239866E-04   0.197764554E-04   0.209843549E-04   0.222508192E-04
   0.235769455E-04   0.249632810E-04   0.264111020E-04   0.279247868E-04
   0.295096486E-04   0.311702502E-04   0.329075031E-04   0.347213257E-04
   0.366124182E-04   0.385849170E-04   0.406439546E-04   0.427946062E-04
   0.450412276E-04   0.473880653E-04   0.498391746E-04   0.523975208E-04
   0.550658095E-04   0.578475118E-04   0.607491415E-04   0.637781455E-04
   0.669416325E-04   0.702446897E-04   0.736919456E-04   0.772886114E-04
   0.810420333E-04   0.849602476E-04   0.890511520E-04   0.933214798E-04
   0.977777565E-04   0.102427181E-03   0.107279326E-03   0.112344550E-03
   0.117633621E-03   0.123158234E-03   0.128930531E-03   0.134962912E-03
   0.141268001E-03   0.147858680E-03   0.154747961E-03   0.161948533E-03
   0.169473189E-03   0.177335636E-03   0.185552553E-03   0.194141657E-03
   0.203124188E-03   0.212534548E-03   0.222411219E-03   0.232790326E-03
   0.243695397E-03   0.255147023E-03   0.267159274E-03   0.279718644E-03
   0.292803945E-03   0.306415813E-03   0.320646307E-03   0.335613071E-03
   0.351462714E-03   0.368449645E-03   0.386861406E-03   0.406843981E-03
   0.427945328E-03   0.449548220E-03   0.471042091E-03   0.491898532E-03
   0.511599625E-03   0.529957339E-03   0.548163774E-03   0.567793071E-03
   0.590462408E-03   0.617831994E-03   0.651605071E-03
   0.000000000E+00   0.000000000E+00   0.000000000E+00   0.000000000E+00
   0.000000000E+00   0.000000000E+00   0.000000000E+00   0.000000000E+00
   0.000000000E+00   0.000000000E+00   0.000000000E+00   0.000000000E+00
   0.000000000E+00   0.000000000E+00   0.000000000E+00   0.000000000E+00
   0.000000000E+00   0.000000000E+00   0.000000000E+00   0.000000000E+00
   0.000000000E+00   0.000000000E+00   0.000000000E+00   0.000000000E+00
   0.000000000E+00   0.000000000E+00   0.000000000E+00   0.000000000E+00
   0.000000000E+00   0.000000000E+00   0.000000000E+00   0.000000000E+00
   0.000000000E+00   0.000000000E+00  -0.484568278E-09  -0.118161806E-07
  -0.493185060E-07  -0.121782881E-06  -0.232483942E-06  -0.380514174E-06
  -0.561919856E-06  -0.770656552E-06  -0.999382225E-06  -0.124010611E-05
  -0.148471143E-05  -0.172537014E-05  -0.195486766E-05  -0.216685592E-05
  -0.235605264E-05  -0.251840503E-05  -0.265123609E-05  -0.275339149E-05
  -0.282540522E-05  -0.286970216E-05  -0.289085559E-05  -0.289591776E-05
  -0.464333934E-05  -0.479876135E-05  -0.495787000E-05  -0.512014277E-05
  -0.528358393E-05  -0.544629546E-05  -0.560720580E-05  -0.576542506E-05
  -0.592002482E-05  -0.607005345E-05  -0.621452249E-05  -0.635257138E-05
  -0.648399626E-05  -0.660877684E-05  -0.672662650E-05  -0.683610327E-05
  -0.693540911E-05  -0.702281390E-05  -0.709711144E-05  -0.715720763E-05
  -0.720186085E-05  -0.722931866E-05  -0.723764722E-05  -0.722482040E-05
  -0.718864272E-05  -0.712681951E-05  -0.703710635E-05  -0.691769715E-05
  -0.676686972E-05  -0.658254271E-05  -0.636128300E-05  -0.609921526E-05
  -0.579260793E-05  -0.543871596E-05  -0.503500624E-05  -0.457849436E-05
  -0.406451962E-05  -0.348787412E-05  -0.284342445E-05  -0.212683262E-05
  -0.133388978E-05  -0.459984965E-06   0.500827665E-06   0.155496473E-05
   0.270908403E-05   0.397029031E-05   0.534594416E-05   0.684369040E-05
   0.847174665E-05   0.102386347E-04   0.121532964E-04   0.142257316E-04
   0.164664033E-04   0.188861970E-04   0.214969226E-04   0.243108455E-04
   0.273407993E-04   0.306010236E-04   0.341063798E-04   0.378722217E-04
   0.419148208E-04   0.462509675E-04   0.508980510E-04   0.558747223E-04
   0.612002715E-04   0.668956739E-04   0.729874490E-04   0.795040306E-04
   0.864738714E-04   0.939234307E-04   0.101879071E-03   0.110369716E-03
   0.119433021E-03   0.129109552E-03   0.139436764E-03   0.150436624E-03
   0.162127306E-03   0.174524607E-03   0.187634128E-03   0.201458671E-03
   0.216039434E-03   0.231574293E-03   0.248305772E-03   0.266434004E-03
   0.285967088E-03   0.306862982E-03   0.329048821E-03   0.352332522E-03
   0.376486698E-03   0.401302357E-03   0.426665868E-03   0.452485817E-03
   0.478668170E-03   0.505116267E-03   0.531730829E-03
   0.000000000E+00   0.000000000E+00   0.000000000E+00   0.000000000E+00
   0.000000000E+00   0.000000000E+00   0.000000000E+00   0.000000000E+00
   0.000000000E+00   0.000000000E+00   0.000000000E+00   0.000000000E+00
   0.000000000E+00   0.000000000E+00   0.000000000E+00   0.000000000E+00
   0.000000000E+00   0.000000000E+00   0.000000000E+00   0.000000000E+00
   0.000000000E+00   0.000000000E+00   0.000000000E+00   0.000000000E+00
   0.000000000E+00   0.000000000E+00   0.000000000E+00   0.000000000E+00
   0.000000000E+00   0.000000000E+00   0.000000000E+00   0.000000000E+00
   0.000000000E+00  -0.485246580E-09  -0.118305702E-07  -0.493694247E-07
  -0.121885713E-06  -0.232636060E-06  -0.380690360E-06  -0.562072392E-06
  -0.770718717E-06  -0.999274121E-06  -0.123974181E-05  -0.148400664E-05
  -0.172424952E-05  -0.195327136E-05  -0.216474471E-05  -0.235341128E-05
  -0.251524374E-05  -0.264758988E-05  -0.274931740E-05  -0.282097765E-05
  -0.286500643E-05  -0.288598019E-05  -0.289094582E-05  -0.465025524E-05
  -0.480673640E-05  -0.495875075E-05  -0.510638557E-05  -0.525016121E-05
  -0.539075888E-05  -0.552844170E-05  -0.566154023E-05  -0.578779247E-05
  -0.590520107E-05  -0.601324993E-05  -0.611182145E-05  -0.620050975E-05
  -0.627765512E-05  -0.634120796E-05  -0.638908714E-05  -0.641936068E-05
  -0.643008329E-05  -0.641932955E-05  -0.638547237E-05  -0.632693149E-05
  -0.624185094E-05  -0.612736776E-05  -0.598027513E-05  -0.579740053E-05
  -0.557606776E-05  -0.531367644E-05  -0.500728334E-05  -0.465275517E-05
  -0.424554245E-05  -0.378110124E-05  -0.325537278E-05  -0.266434403E-05
  -0.200375818E-05  -0.126868793E-05  -0.453927699E-06   0.446140746E-06
   0.143838007E-05   0.253013074E-05   0.372876308E-05   0.504110821E-05
   0.647398396E-05   0.803486049E-05   0.973335562E-05   0.115798495E-04
   0.135849349E-04   0.157591862E-04   0.181133741E-04   0.206590834E-04
   0.234103909E-04   0.263823039E-04   0.295901647E-04   0.330494620E-04
   0.367760065E-04   0.407862483E-04   0.450980659E-04   0.497300291E-04
   0.547017768E-04   0.600359530E-04   0.657563945E-04   0.718888605E-04
   0.784651701E-04   0.855193225E-04   0.930867226E-04   0.101205870E-03
   0.109916772E-03   0.119258200E-03   0.129260925E-03   0.139954082E-03
   0.151370285E-03   0.163554682E-03   0.176556426E-03   0.190434455E-03
   0.205284089E-03   0.221211937E-03   0.238328986E-03   0.256755606E-03
   0.276616821E-03   0.298035483E-03   0.321116299E-03   0.345960945E-03
   0.372629405E-03   0.401006029E-03   0.430926394E-03   0.462273730E-03
   0.495141822E-03   0.529680537E-03   0.566143609E-03   0.605195155E-03
   0.647618696E-03   0.694021888E-03   0.744236533E-03   0.797888774E-03
   0.854592772E-03   0.913950707E-03   0.975552780E-03
   0.000000000E+00   0.000000000E+00   0.000000000E+00   0.000000000E+00
   0.000000000E+00   0.000000000E+00   0.000000000E+00   0.000000000E+00
   0.000000000E+00   0.000000000E+00   0.000000000E+00   0.000000000E+00
   0.000000000E+00   0.000000000E+00   0.000000000E+00   0.000000000E+00
   0.000000000E+00   0.000000000E+00   0.000000000E+00   0.000000000E+00
   0.000000000E+00   0.000000000E+00   0.000000000E+00   0.000000000E+00
   0.000000000E+00   0.000000000E+00   0.000000000E+00   0.000000000E+00
   0.000000000E+00   0.000000000E+00   0.000000000E+00   0.000000000E+00
   0.000000000E+00   0.000000000E+00   0.000000000E+00   0.000000000E+00
   0.000000000E+00   0.000000000E+00   0.000000000E+00   0.000000000E+00
   0.000000000E+00   0.000000000E+00   0.000000000E+00   0.000000000E+00
   0.000000000E+00   0.000000000E+00   0.000000000E+00   0.000000000E+00
   0.000000000E+00   0.000000000E+00   0.000000000E+00   0.000000000E+00
   0.000000000E+00   0.000000000E+00   0.000000000E+00   0.000000000E+00
   0.000000000E+00   0.000000000E+00   0.000000000E+00   0.000000000E+00
   0.000000000E+00   0.000000000E+00   0.000000000E+00   0.000000000E+00
   0.000000000E+00   0.000000000E+00   0.000000000E+00   0.000000000E+00
   0.000000000E+00   0.000000000E+00   0.000000000E+00   0.000000000E+00
   0.000000000E+00   0.000000000E+00  -0.402277105E-09  -0.835065041E-08
  -0.286543474E-07  -0.552228840E-07  -0.754477156E-07  -0.741175048E-07
  -0.364391679E-07   0.497537434E-07   0.192523766E-06   0.395001797E-06
   0.655127359E-06   0.965875299E-06   0.131588735E-05   0.169042705E-05
   0.207257635E-05   0.244459250E-05   0.278934354E-05   0.309174088E-05
   0.334008743E-05   0.352725965E-05   0.365164211E-05   0.371773278E-05
  -0.413703280E-05  -0.483688796E-05  -0.559164606E-05  -0.640310857E-05
  -0.727349811E-05  -0.820668886E-05  -0.920706405E-05  -0.102792179E-04
  -0.114282432E-04  -0.126594638E-04  -0.139783015E-04  -0.153901481E-04
  -0.169004850E-04  -0.185151231E-04  -0.202408169E-04  -0.220846911E-04
  -0.240541040E-04  -0.261568316E-04  -0.284008957E-04  -0.307949842E-04
  -0.333499238E-04  -0.360772995E-04  -0.389894128E-04  -0.421006010E-04
  -0.454259984E-04  -0.489806038E-04  -0.527777180E-04  -0.568304141E-04
  -0.611527800E-04  -0.657621938E-04  -0.706771802E-04  -0.759169804E-04
  -0.815024695E-04  -0.874552904E-04  -0.938092393E-04  -0.100646023E-03
  -0.108061478E-03  -0.116135657E-03  -0.124876482E-03  -0.134273046E-03
  -0.144290537E-03  -0.154799224E-03  -0.165641716E-03  -0.176772676E-03
  -0.188616078E-03  -0.201726443E-03  -0.216536285E-03  -0.232936198E-03
  -0.250673484E-03  -0.269566391E-03  -0.289744813E-03  -0.311421547E-03
  -0.334814591E-03  -0.360147148E-03  -0.387647626E-03
   0.000000000E+00   0.000000000E+00   0.000000000E+00   0.000000000E+00
   0.000000000E+00   0.000000000E+00   0.000000000E+00   0.000000000E+00
   0.000000000E+00   0.000000000E+00   0.000000000E+00   0.000000000E+00
   0.000000000E+00   0.000000000E+00   0.000000000E+00   0.000000000E+00
   0.000000000E+00   0.000000000E+00   0.000000000E+00   0.000000000E+00
   0.000000000E+00   0.000000000E+00   0.000000000E+00   0.000000000E+00
   0.000000000E+00   0.000000000E+00   0.000000000E+00   0.000000000E+00
   0.000000000E+00   0.000000000E+00   0.000000000E+00   0.000000000E+00
   0.000000000E+00   0.000000000E+00   0.000000000E+00   0.000000000E+00
   0.000000000E+00   0.000000000E+00   0.000000000E+00   0.000000000E+00
   0.000000000E+00   0.000000000E+00   0.000000000E+00   0.000000000E+00
   0.000000000E+00   0.000000000E+00   0.000000000E+00   0.000000000E+00
   0.000000000E+00   0.000000000E+00   0.000000000E+00   0.000000000E+00
   0.000000000E+00   0.000000000E+00   0.000000000E+00   0.000000000E+00
   0.000000000E+00   0.000000000E+00   0.000000000E+00   0.000000000E+00
   0.000000000E+00   0.000000000E+00   0.000000000E+00   0.000000000E+00
   0.000000000E+00   0.000000000E+00   0.000000000E+00   0.425127340E-09
   0.880110914E-08   0.300808522E-07   0.576087879E-07   0.778093241E-07
   0.743704567E-07   0.314704274E-07  -0.638652907E-07  -0.220189403E-06
  -0.440753320E-06  -0.723235516E-06  -0.105999045E-05  -0.143873077E-05
  -0.184355548E-05  -0.225623691E-05  -0.265767902E-05  -0.302945994E-05
  -0.335537140E-05  -0.362286767E-05  -0.382433696E-05  -0.395810777E-05
  -0.402910301E-05   0.437664486E-05   0.512559593E-05   0.593335457E-05
   0.680409292E-05   0.774265888E-05   0.875409307E-05   0.984378097E-05
   0.110173123E-04   0.122801611E-04   0.136368488E-04   0.150917196E-04
   0.166499770E-04   0.183200585E-04   0.201114303E-04   0.220334466E-04
   0.240941602E-04   0.263014290E-04   0.286637206E-04   0.311914221E-04
   0.338956189E-04   0.367875918E-04   0.398785580E-04   0.431799132E-04
   0.467041738E-04   0.504676152E-04   0.544878021E-04   0.587835268E-04
   0.633772089E-04   0.682926452E-04   0.735540934E-04   0.791858181E-04
   0.852125172E-04   0.916586342E-04   0.985458030E-04   0.105895252E-03
   0.113731678E-03   0.122092615E-03   0.131019608E-03   0.140561029E-03
   0.150789897E-03   0.161787066E-03   0.173630485E-03   0.186379855E-03
   0.200091123E-03   0.214821193E-03   0.230627230E-03   0.247567319E-03
   0.265723403E-03   0.285270790E-03   0.306412323E-03   0.329319228E-03
   0.354018698E-03   0.380500490E-03   0.408679204E-03   0.438168244E-03
   0.468494400E-03   0.499442322E-03   0.531884187E-03   0.566991232E-03
   0.605965945E-03   0.650042064E-03   0.700484572E-03
   0.000000000E+00   0.000000000E+00   0.000000000E+00   0.000000000E+00
   0.000000000E+00   0.000000000E+00   0.000000000E+00   0.000000000E+00
   0.000000000E+00   0.000000000E+00   0.000000000E+00   0.000000000E+00
   0.000000000E+00   0.000000000E+00   0.000000000E+00   0.000000000E+00
   0.000000000E+00   0.000000000E+00   0.000000000E+00   0.000000000E+00
   0.000000000E+00   0.000000000E+00   0.000000000E+00   0.000000000E+00
   0.000000000E+00   0.000000000E+00   0.000000000E+00   0.000000000E+00
   0.000000000E+00   0.000000000E+00   0.000000000E+00   0.000000000E+00
   0.000000000E+00   0.000000000E+00   0.000000000E+00   0.000000000E+00
   0.000000000E+00   0.000000000E+00   0.000000000E+00   0.000000000E+00
   0.000000000E+00   0.000000000E+00   0.000000000E+00   0.000000000E+00
   0.000000000E+00  -0.454710017E-09  -0.106288942E-07  -0.424115728E-07
  -0.998380832E-07  -0.181156914E-06  -0.280965665E-06  -0.391931083E-06
  -0.506131106E-06  -0.616056855E-06  -0.715312499E-06  -0.799050946E-06
  -0.864183265E-06  -0.909399803E-06  -0.935040917E-06  -0.942855253E-06
  -0.935683514E-06  -0.917105649E-06  -0.891089394E-06  -0.861678106E-06
  -0.832755817E-06  -0.807927449E-06  -0.790552117E-06  -0.444606385E-05
  -0.477158352E-05  -0.511588669E-05  -0.548120492E-05  -0.586818707E-05
  -0.627706044E-05  -0.670813680E-05  -0.716213315E-05  -0.763988208E-05
  -0.814227652E-05  -0.867041004E-05  -0.922544961E-05  -0.980868022E-05
  -0.104217793E-04  -0.110665670E-04  -0.117447260E-04  -0.124572021E-04
  -0.132047514E-04  -0.139882431E-04  -0.148090076E-04  -0.156685175E-04
  -0.165683978E-04  -0.175108000E-04  -0.184980590E-04  -0.195323745E-04
  -0.206151975E-04  -0.217477958E-04  -0.229318201E-04  -0.241704457E-04
  -0.254673171E-04  -0.268257608E-04  -0.282474766E-04  -0.297337500E-04
  -0.312863342E-04  -0.329088851E-04  -0.346056290E-04  -0.363807230E-04
  -0.382376937E-04  -0.401799600E-04  -0.422111986E-04  -0.443359199E-04
  -0.465589310E-04  -0.488850818E-04  -0.513190486E-04  -0.538655360E-04
  -0.565294972E-04  -0.593165953E-04  -0.622327712E-04  -0.652845643E-04
  -0.684805499E-04  -0.718299913E-04  -0.753429217E-04  -0.790318069E-04
  -0.829099839E-04  -0.869899036E-04  -0.912793786E-04  -0.957851132E-04
  -0.100513904E-03  -0.105472627E-03  -0.110668252E-03  -0.116117484E-03
  -0.121876302E-03  -0.128012090E-03  -0.134584818E-03  -0.141618477E-03
  -0.149128062E-03  -0.157123368E-03  -0.165592474E-03  -0.174517369E-03
  -0.183904882E-03  -0.193865063E-03  -0.204536950E-03  -0.216008352E-03
  -0.228147772E-03  -0.240763785E-03  -0.253796218E-03  -0.267734880E-03
  -0.283222057E-03  -0.300735144E-03  -0.320029672E-03  -0.340668618E-03
  -0.362202193E-03  -0.384167836E-03  -0.406090222E-03
   0.000000000E+00   0.000000000E+00   0.000000000E+00   0.000000000E+00
   0.000000000E+00   0.000000000E+00   0.000000000E+00   0.000000000E+00
   0.000000000E+00   0.000000000E+00   0.000000000E+00   0.000000000E+00
   0.000000000E+00   0.000000000E+00   0.000000000E+00   0.000000000E+00
   0.000000000E+00   0.000000000E+00   0.000000000E+00   0.000000000E+00
   0.000000000E+00   0.000000000E+00   0.000000000E+00   0.000000000E+00
   0.000000000E+00   0.000000000E+00   0.000000000E+00   0.000000000E+00
   0.000000000E+00   0.000000000E+00   0.000000000E+00   0.000000000E+00
   0.000000000E+00   0.000000000E+00   0.000000000E+00   0.000000000E+00
   0.000000000E+00   0.000000000E+00   0.000000000E+00   0.000000000E+00
   0.000000000E+00   0.000000000E+00   0.000000000E+00   0.000000000E+00
  -0.476567059E-09  -0.111352253E-07  -0.444116406E-07  -0.104493092E-06
  -0.189495764E-06  -0.293712188E-06  -0.409420481E-06  -0.528295344E-06
  -0.642460782E-06  -0.745224529E-06  -0.831534120E-06  -0.898194597E-06
  -0.943887812E-06  -0.969033285E-06  -0.975530588E-06  -0.966423229E-06
  -0.945523995E-06  -0.917041715E-06  -0.885249430E-06  -0.854233911E-06
  -0.827766515E-06  -0.809335327E-06  -0.466066363E-05  -0.500362230E-05
  -0.536589376E-05  -0.574846541E-05  -0.615219724E-05  -0.657733589E-05
  -0.702395154E-05  -0.749235831E-05  -0.798395009E-05  -0.850044569E-05
  -0.904344031E-05  -0.961382440E-05  -0.102123106E-04  -0.108396280E-04
  -0.114965588E-04  -0.121839048E-04  -0.129025238E-04  -0.136534770E-04
  -0.144378941E-04  -0.152569376E-04  -0.161118363E-04  -0.170038547E-04
  -0.179341793E-04  -0.189036012E-04  -0.199128080E-04  -0.209626544E-04
  -0.220546881E-04  -0.231906648E-04  -0.243722363E-04  -0.256004996E-04
  -0.268764132E-04  -0.282010692E-04  -0.295760910E-04  -0.310032645E-04
  -0.324843216E-04  -0.340206601E-04  -0.356136034E-04  -0.372643452E-04
  -0.389735052E-04  -0.407415422E-04  -0.425690904E-04  -0.444575558E-04
  -0.464085598E-04  -0.484238075E-04  -0.505052663E-04  -0.526549992E-04
  -0.548751234E-04  -0.571678615E-04  -0.595354937E-04  -0.619795781E-04
  -0.644986079E-04  -0.670902078E-04  -0.697518895E-04  -0.724810661E-04
  -0.752750382E-04  -0.781328089E-04  -0.810606630E-04  -0.840669186E-04
  -0.871617343E-04  -0.903620014E-04  -0.936867350E-04  -0.971507450E-04
  -0.100750063E-03  -0.104475693E-03  -0.108306851E-03  -0.112175952E-03
  -0.116001689E-03  -0.119718260E-03  -0.123330327E-03  -0.126861027E-03
  -0.130390532E-03  -0.134228120E-03  -0.138749205E-03  -0.144233891E-03
  -0.150542814E-03  -0.157424522E-03  -0.164526035E-03  -0.171105769E-03
  -0.176306058E-03  -0.179512485E-03  -0.181168743E-03  -0.182002241E-03
  -0.182761061E-03  -0.184213962E-03  -0.187150377E-03
   0.000000000E+00   0.000000000E+00   0.000000000E+00   0.000000000E+00
   0.000000000E+00   0.000000000E+00   0.000000000E+00   0.000000000E+00
   0.000000000E+00   0.000000000E+00   0.000000000E+00   0.000000000E+00
   0.000000000E+00   0.000000000E+00   0.000000000E+00   0.000000000E+00
   0.000000000E+00   0.000000000E+00   0.000000000E+00   0.000000000E+00
   0.000000000E+00   0.000000000E+00   0.000000000E+00   0.000000000E+00
   0.000000000E+00   0.000000000E+00   0.000000000E+00   0.000000000E+00
   0.000000000E+00   0.000000000E+00   0.000000000E+00   0.000000000E+00
   0.000000000E+00   0.000000000E+00   0.000000000E+00   0.000000000E+00
   0.000000000E+00   0.000000000E+00   0.000000000E+00   0.000000000E+00
   0.000000000E+00   0.000000000E+00   0.000000000E+00   0.000000000E+00
   0.000000000E+00   0.000000000E+00   0.000000000E+00   0.000000000E+00
   0.000000000E+00   0.000000000E+00   0.000000000E+00   0.482981099E-09
   0.114332680E-07   0.462575240E-07   0.110559278E-06   0.203986119E-06
   0.322222242E-06   0.458610982E-06   0.605441056E-06   0.754930292E-06
   0.899940570E-06   0.103445774E-05   0.115387023E-05   0.125508017E-05
   0.133648069E-05   0.139783317E-05   0.144007823E-05   0.146511416E-05
   0.147557657E-05   0.147465298E-05   0.146596609E-05   0.145355957E-05
   0.144201994E-05   0.469472362E-05   0.498431963E-05   0.528727952E-05
   0.560333418E-05   0.593381290E-05   0.628051235E-05   0.664494997E-05
   0.702726164E-05   0.742720506E-05   0.784468127E-05   0.828027693E-05
   0.873476904E-05   0.920918824E-05   0.970554333E-05   0.102261574E-04
   0.107729101E-04   0.113456024E-04   0.119434595E-04   0.125662875E-04
   0.132164480E-04   0.138970380E-04   0.146107244E-04   0.153580774E-04
   0.161391105E-04   0.169543362E-04   0.178063901E-04   0.186985260E-04
   0.196337777E-04   0.206139646E-04   0.216406148E-04   0.227154769E-04
   0.238411217E-04   0.250203821E-04   0.262562377E-04   0.275520475E-04
   0.289113327E-04   0.303376404E-04   0.318343538E-04   0.334048697E-04
   0.350529593E-04   0.367836912E-04   0.386025679E-04   0.405151739E-04
   0.425270044E-04   0.446436259E-04   0.468708625E-04   0.492151958E-04
   0.516833888E-04   0.542827315E-04   0.570221843E-04   0.599113021E-04
   0.629618126E-04   0.661935784E-04   0.696289798E-04   0.732906013E-04
   0.772000059E-04   0.813788911E-04   0.858415342E-04   0.905704567E-04
   0.955394141E-04   0.100730696E-03   0.106164113E-03   0.111869576E-03
   0.117900600E-03   0.124404152E-03   0.131554497E-03   0.139504086E-03
   0.148302186E-03   0.157972041E-03   0.168471510E-03   0.179492614E-03
   0.190651829E-03   0.201649173E-03   0.212556674E-03   0.223544226E-03
   0.234786470E-03   0.246462797E-03   0.258757344E-03
   0.000000000E+00   0.000000000E+00   0.000000000E+00   0.000000000E+00
   0.000000000E+00   0.000000000E+00   0.000000000E+00   0.000000000E+00
   0.000000000E+00   0.000000000E+00   0.000000000E+00   0.000000000E+00
   0.000000000E+00   0.000000000E+00   0.000000000E+00   0.000000000E+00
   0.000000000E+00   0.000000000E+00   0.000000000E+00   0.000000000E+00
   0.000000000E+00   0.000000000E+00   0.000000000E+00   0.000000000E+00
   0.000000000E+00   0.000000000E+00   0.000000000E+00   0.000000000E+00
   0.000000000E+00   0.000000000E+00   0.000000000E+00   0.000000000E+00
   0.000000000E+00   0.000000000E+00   0.000000000E+00   0.000000000E+00
   0.000000000E+00   0.000000000E+00   0.000000000E+00   0.000000000E+00
   0.000000000E+00   0.000000000E+00   0.000000000E+00   0.000000000E+00
   0.000000000E+00   0.000000000E+00   0.000000000E+00   0.000000000E+00
   0.000000000E+00  -0.479223219E-09  -0.113492371E-07  -0.459391133E-07
  -0.109853998E-06  -0.202795982E-06  -0.320531669E-06  -0.456495056E-06
  -0.603059003E-06  -0.752508531E-06  -0.897749229E-06  -0.103278402E-05
  -0.115299156E-05  -0.125523948E-05  -0.133786585E-05  -0.140056196E-05
  -0.144418984E-05  -0.147056765E-05  -0.148225629E-05  -0.148238048E-05
  -0.147451748E-05  -0.146268684E-05  -0.145147439E-05  -0.465724271E-05
  -0.494265774E-05  -0.524013093E-05  -0.554968736E-05  -0.587156666E-05
  -0.620619012E-05  -0.655472408E-05  -0.691856903E-05  -0.729873985E-05
  -0.769449157E-05  -0.810457024E-05  -0.852845247E-05  -0.896884747E-05
  -0.942941175E-05  -0.991269889E-05  -0.104162541E-04  -0.109361932E-04
  -0.114696916E-04  -0.120188711E-04  -0.125872276E-04  -0.131777418E-04
  -0.137908386E-04  -0.144262680E-04  -0.150836508E-04  -0.157621686E-04
  -0.164608499E-04  -0.171792199E-04  -0.179189962E-04  -0.186825177E-04
  -0.194715909E-04  -0.202855980E-04  -0.211232536E-04  -0.219835719E-04
  -0.228669884E-04  -0.237743159E-04  -0.247059647E-04  -0.256606447E-04
  -0.266365758E-04  -0.276324014E-04  -0.286487253E-04  -0.296866756E-04
  -0.307470940E-04  -0.318295509E-04  -0.329332675E-04  -0.340570836E-04
  -0.351983958E-04  -0.363541533E-04  -0.375207949E-04  -0.386930114E-04
  -0.398649080E-04  -0.410312246E-04  -0.421898608E-04  -0.433395009E-04
  -0.444800895E-04  -0.456167731E-04  -0.467561872E-04  -0.478982542E-04
  -0.490149387E-04  -0.500702907E-04  -0.510267755E-04  -0.518437502E-04
  -0.524789026E-04  -0.529084004E-04  -0.531870497E-04  -0.533913884E-04
  -0.536008515E-04  -0.538993906E-04  -0.543739404E-04  -0.550216644E-04
  -0.554679495E-04  -0.552338131E-04  -0.538603586E-04  -0.510113118E-04
  -0.463756815E-04  -0.398638982E-04  -0.323081043E-04  -0.247966407E-04
  -0.184479942E-04  -0.144107975E-04  -0.138638288E-04
   0.000000000E+00   0.000000000E+00   0.000000000E+00   0.000000000E+00
   0.000000000E+00   0.000000000E+00   0.000000000E+00   0.000000000E+00
   0.000000000E+00   0.000000000E+00   0.000000000E+00   0.000000000E+00
   0.000000000E+00   0.000000000E+00   0.000000000E+00   0.000000000E+00
   0.000000000E+00   0.000000000E+00   0.000000000E+00   0.000000000E+00
   0.000000000E+00   0.000000000E+00   0.000000000E+00   0.000000000E+00
   0.000000000E+00   0.000000000E+00   0.000000000E+00   0.000000000E+00
   0.000000000E+00   0.000000000E+00   0.000000000E+00   0.000000000E+00
   0.000000000E+00   0.000000000E+00   0.000000000E+00   0.000000000E+00
   0.000000000E+00   0.000000000E+00   0.000000000E+00   0.000000000E+00
   0.000000000E+00   0.000000000E+00   0.000000000E+00   0.000000000E+00
   0.000000000E+00   0.000000000E+00   0.000000000E+00   0.000000000E+00
   0.000000000E+00   0.000000000E+00   0.000000000E+00   0.000000000E+00
   0.000000000E+00   0.000000000E+00   0.000000000E+00   0.000000000E+00
   0.000000000E+00   0.000000000E+00   0.000000000E+00   0.000000000E+00
   0.000000000E+00   0.000000000E+00   0.000000000E+00   0.000000000E+00
   0.000000000E+00   0.000000000E+00   0.000000000E+00   0.000000000E+00
   0.000000000E+00  -0.474692153E-09  -0.105689037E-07  -0.398355329E-07
  -0.876499716E-07  -0.146646196E-06  -0.205960866E-06  -0.253779714E-06
  -0.279249852E-06  -0.273821636E-06  -0.232083724E-06  -0.152154958E-06
  -0.356967114E-07   0.112390669E-06   0.284523691E-06   0.471180170E-06
   0.661768689E-06   0.845559414E-06   0.101261264E-05   0.115464143E-05
   0.126574470E-05   0.134294716E-05   0.138648238E-05  -0.474341704E-05
  -0.528947682E-05  -0.587882327E-05  -0.651376061E-05  -0.719801238E-05
  -0.793575811E-05  -0.873112769E-05  -0.958766237E-05  -0.105088141E-04
  -0.114983574E-04  -0.125611298E-04  -0.137023440E-04  -0.149274213E-04
  -0.162422018E-04  -0.176527489E-04  -0.191654363E-04  -0.207874246E-04
  -0.225262175E-04  -0.243893966E-04  -0.263842765E-04  -0.285182271E-04
  -0.307992556E-04  -0.332374525E-04  -0.358436380E-04  -0.386295009E-04
  -0.416094449E-04  -0.447988578E-04  -0.482134945E-04  -0.518694000E-04
  -0.557829823E-04  -0.599701078E-04  -0.644432551E-04  -0.692141927E-04
  -0.742987500E-04  -0.797286401E-04  -0.855403216E-04  -0.917709728E-04
  -0.984577880E-04  -0.105638642E-03  -0.113350378E-03  -0.121622885E-03
  -0.130484692E-03  -0.139971999E-03  -0.150150469E-03  -0.161094611E-03
  -0.172868990E-03  -0.185492194E-03  -0.198970957E-03  -0.213340836E-03
  -0.228755088E-03  -0.245400394E-03  -0.263372206E-03  -0.282381337E-03
  -0.302032498E-03  -0.322058993E-03  -0.342750565E-03  -0.364546797E-03
  -0.387898998E-03  -0.413270207E-03  -0.441135190E-03
   0.000000000E+00   0.000000000E+00   0.000000000E+00   0.000000000E+00
   0.000000000E+00   0.000000000E+00   0.000000000E+00   0.000000000E+00
   0.000000000E+00   0.000000000E+00   0.000000000E+00   0.000000000E+00
   0.000000000E+00   0.000000000E+00   0.000000000E+00   0.000000000E+00
   0.000000000E+00   0.000000000E+00   0.000000000E+00   0.000000000E+00
   0.000000000E+00   0.000000000E+00   0.000000000E+00   0.000000000E+00
   0.000000000E+00   0.000000000E+00   0.000000000E+00   0.000000000E+00
   0.000000000E+00   0.000000000E+00   0.000000000E+00   0.000000000E+00
   0.000000000E+00   0.000000000E+00   0.000000000E+00   0.000000000E+00
   0.000000000E+00   0.000000000E+00   0.000000000E+00   0.000000000E+00
   0.000000000E+00   0.000000000E+00   0.000000000E+00   0.000000000E+00
   0.000000000E+00   0.000000000E+00   0.000000000E+00   0.000000000E+00
   0.000000000E+00   0.000000000E+00   0.000000000E+00   0.000000000E+00
   0.000000000E+00   0.000000000E+00   0.000000000E+00   0.000000000E+00
   0.000000000E+00   0.000000000E+00   0.000000000E+00   0.000000000E+00
   0.000000000E+00   0.000000000E+00   0.000000000E+00   0.000000000E+00
   0.000000000E+00   0.000000000E+00  -0.469975353E-09  -0.104429064E-07
  -0.392629899E-07  -0.861192886E-07  -0.143498563E-06  -0.200437509E-06
  -0.245073721E-06  -0.266559355E-06  -0.256401430E-06  -0.209292745E-06
  -0.123497365E-06  -0.854631338E-09   0.153534338E-06   0.331873703E-06
   0.524429552E-06   0.720412179E-06   0.908920047E-06   0.107988146E-05
   0.122492998E-05   0.133814969E-05   0.141662622E-05   0.146073969E-05
  -0.470034259E-05  -0.524918510E-05  -0.584207715E-05  -0.648186339E-05
  -0.717234126E-05  -0.791764444E-05  -0.872180436E-05  -0.958805078E-05
  -0.105194581E-04  -0.115196148E-04  -0.125940025E-04  -0.137487181E-04
  -0.149897982E-04  -0.163224853E-04  -0.177519092E-04  -0.192837633E-04
  -0.209256704E-04  -0.226859115E-04  -0.245728326E-04  -0.265943570E-04
  -0.287584397E-04  -0.310735577E-04  -0.335497378E-04  -0.361975964E-04
  -0.390282485E-04  -0.420540378E-04  -0.452878534E-04  -0.487436015E-04
  -0.524383704E-04  -0.563904001E-04  -0.606189320E-04  -0.651458709E-04
  -0.699942235E-04  -0.751865362E-04  -0.807417355E-04  -0.866781004E-04
  -0.930155860E-04  -0.997798430E-04  -0.106998431E-03  -0.114703989E-03
  -0.122947899E-03  -0.131787391E-03  -0.141286357E-03  -0.151531252E-03
  -0.162616066E-03  -0.174634028E-03  -0.187667864E-03  -0.201799010E-03
  -0.217071378E-03  -0.233370928E-03  -0.250539726E-03  -0.268453016E-03
  -0.287136249E-03  -0.306654111E-03  -0.327173137E-03  -0.349268400E-03
  -0.373632368E-03  -0.400799105E-03  -0.430603907E-03  -0.462696830E-03
  -0.496717124E-03  -0.532293230E-03  -0.569042780E-03
   0.000000000E+00   0.000000000E+00   0.000000000E+00   0.000000000E+00
   0.000000000E+00   0.000000000E+00   0.000000000E+00   0.000000000E+00
   0.000000000E+00   0.000000000E+00   0.000000000E+00   0.000000000E+00
   0.000000000E+00   0.000000000E+00   0.000000000E+00   0.000000000E+00
   0.000000000E+00   0.000000000E+00   0.000000000E+00   0.000000000E+00
   0.000000000E+00   0.000000000E+00   0.000000000E+00   0.000000000E+00
   0.000000000E+00   0.000000000E+00   0.000000000E+00   0.000000000E+00
   0.000000000E+00   0.000000000E+00   0.000000000E+00   0.000000000E+00
   0.000000000E+00   0.000000000E+00   0.000000000E+00   0.000000000E+00
   0.000000000E+00   0.000000000E+00   0.000000000E+00   0.000000000E+00
   0.000000000E+00   0.000000000E+00   0.000000000E+00   0.000000000E+00
   0.000000000E+00   0.000000000E+00   0.000000000E+00   0.000000000E+00
   0.000000000E+00   0.000000000E+00   0.000000000E+00   0.000000000E+00
   0.000000000E+00   0.000000000E+00   0.000000000E+00   0.000000000E+00
   0.000000000E+00   0.000000000E+00   0.000000000E+00   0.000000000E+00
   0.000000000E+00   0.000000000E+00   0.000000000E+00   0.000000000E+00
   0.000000000E+00   0.000000000E+00   0.000000000E+00   0.000000000E+00
   0.465942535E-09   0.106235057E-07   0.412021782E-07   0.938778477E-07
   0.164040608E-06   0.243499113E-06   0.322624766E-06   0.391986842E-06
   0.443529630E-06   0.471342675E-06   0.472075230E-06   0.445045986E-06
   0.392099181E-06   0.317258179E-06   0.226227599E-06   0.125795096E-06
   0.231838724E-07  -0.745929858E-07  -0.161325255E-06  -0.232094319E-06
  -0.283606823E-06  -0.314322138E-06   0.460773273E-05   0.504613764E-05
   0.551695636E-05   0.602243321E-05   0.656487083E-05   0.714661565E-05
   0.777007132E-05   0.843784678E-05   0.915319865E-05   0.991962143E-05
   0.107406886E-04   0.116199964E-04   0.125612161E-04   0.135682553E-04
   0.146456999E-04   0.157984031E-04   0.170314160E-04   0.183502087E-04
   0.197604643E-04   0.212681889E-04   0.228802659E-04   0.246039384E-04
   0.264467534E-04   0.284169367E-04   0.305230422E-04   0.327741585E-04
   0.351809096E-04   0.377545168E-04   0.405066221E-04   0.434497308E-04
   0.465967963E-04   0.499617664E-04   0.535616961E-04   0.574147604E-04
   0.615403268E-04   0.659612543E-04   0.707017275E-04   0.757877207E-04
   0.812506792E-04   0.871240465E-04   0.934373076E-04   0.100201376E-03
   0.107422400E-03   0.115115089E-03   0.123329120E-03   0.132124157E-03
   0.141588227E-03   0.151919916E-03   0.163350516E-03   0.176067761E-03
   0.190063591E-03   0.205278505E-03   0.221638922E-03   0.239021363E-03
   0.257286453E-03   0.276309377E-03   0.296037641E-03   0.316436181E-03
   0.337468716E-03   0.359097750E-03   0.381284573E-03
   0.000000000E+00   0.000000000E+00   0.000000000E+00   0.000000000E+00
   0.000000000E+00   0.000000000E+00   0.000000000E+00   0.000000000E+00
   0.000000000E+00   0.000000000E+00   0.000000000E+00   0.000000000E+00
   0.000000000E+00   0.000000000E+00   0.000000000E+00   0.000000000E+00
   0.000000000E+00   0.000000000E+00   0.000000000E+00   0.000000000E+00
   0.000000000E+00   0.000000000E+00   0.000000000E+00   0.000000000E+00
   0.000000000E+00   0.000000000E+00   0.000000000E+00   0.000000000E+00
   0.000000000E+00   0.000000000E+00   0.000000000E+00   0.000000000E+00
   0.000000000E+00   0.000000000E+00   0.000000000E+00   0.000000000E+00
   0.000000000E+00   0.000000000E+00   0.000000000E+00   0.000000000E+00
   0.000000000E+00   0.000000000E+00   0.000000000E+00   0.000000000E+00
   0.000000000E+00   0.000000000E+00   0.000000000E+00   0.000000000E+00
   0.000000000E+00   0.000000000E+00   0.000000000E+00   0.000000000E+00
   0.000000000E+00   0.000000000E+00   0.000000000E+00   0.000000000E+00
   0.000000000E+00   0.000000000E+00   0.000000000E+00   0.000000000E+00
   0.000000000E+00   0.000000000E+00   0.000000000E+00   0.000000000E+00
   0.000000000E+00  -0.472575092E-09  -0.107618092E-07  -0.416798560E-07
  -0.948078933E-07  -0.165334665E-06  -0.244824189E-06  -0.323408875E-06
  -0.391460451E-06  -0.440791111E-06  -0.465437289E-06  -0.462078458E-06
  -0.430143372E-06  -0.371656144E-06  -0.290874577E-06  -0.193773148E-06
  -0.874230467E-07   0.206783099E-07   0.123275902E-06   0.213971447E-06
   0.287731059E-06   0.341233817E-06   0.373008841E-06  -0.467582188E-05
  -0.512552236E-05  -0.560930018E-05  -0.612684181E-05  -0.667852384E-05
  -0.726770328E-05  -0.789860658E-05  -0.857524151E-05  -0.930027791E-05
  -0.100760820E-04  -0.109051449E-04  -0.117903086E-04  -0.127345568E-04
  -0.137413909E-04  -0.148162118E-04  -0.159650372E-04  -0.171937005E-04
  -0.185067394E-04  -0.199084301E-04  -0.214034725E-04  -0.229980049E-04
  -0.246986580E-04  -0.265121593E-04  -0.284451167E-04  -0.305042210E-04
  -0.326969662E-04  -0.350336479E-04  -0.375254927E-04  -0.401844317E-04
  -0.430243684E-04  -0.460599897E-04  -0.493060304E-04  -0.527762600E-04
  -0.564844337E-04  -0.604442159E-04  -0.646679468E-04  -0.691678022E-04
  -0.739585685E-04  -0.790649347E-04  -0.845146224E-04  -0.903399546E-04
  -0.965898309E-04  -0.103318429E-03  -0.110574012E-03  -0.118376430E-03
  -0.126738375E-03  -0.135682542E-03  -0.145272018E-03  -0.155581535E-03
  -0.166706630E-03  -0.178821576E-03  -0.192124515E-03  -0.206725361E-03
  -0.222360107E-03  -0.238661728E-03  -0.255280449E-03  -0.271969863E-03
  -0.288505175E-03  -0.304891970E-03  -0.322088881E-03  -0.341320810E-03
  -0.363845644E-03  -0.390954262E-03  -0.423970528E-03
   0.000000000E+00   0.000000000E+00   0.000000000E+00   0.000000000E+00
   0.000000000E+00   0.000000000E+00   0.000000000E+00   0.000000000E+00
   0.000000000E+00   0.000000000E+00   0.000000000E+00   0.000000000E+00
   0.000000000E+00   0.000000000E+00   0.000000000E+00   0.000000000E+00
   0.000000000E+00   0.000000000E+00   0.000000000E+00   0.000000000E+00
   0.000000000E+00   0.000000000E+00   0.000000000E+00   0.000000000E+00
   0.000000000E+00   0.000000000E+00   0.000000000E+00   0.000000000E+00
   0.000000000E+00   0.000000000E+00   0.000000000E+00   0.000000000E+00
   0.000000000E+00   0.000000000E+00   0.000000000E+00   0.000000000E+00
   0.000000000E+00   0.000000000E+00   0.000000000E+00   0.000000000E+00
   0.000000000E+00   0.000000000E+00   0.000000000E+00   0.000000000E+00
   0.000000000E+00   0.000000000E+00   0.000000000E+00   0.000000000E+00
   0.000000000E+00   0.000000000E+00   0.000000000E+00   0.000000000E+00
   0.000000000E+00   0.000000000E+00   0.000000000E+00   0.000000000E+00
   0.000000000E+00   0.000000000E+00   0.000000000E+00   0.000000000E+00
   0.000000000E+00   0.000000000E+00   0.000000000E+00   0.000000000E+00
   0.000000000E+00   0.000000000E+00   0.000000000E+00   0.000000000E+00
   0.000000000E+00   0.000000000E+00   0.000000000E+00   0.480377908E-09
   0.116411143E-07   0.482780774E-07   0.118437677E-06   0.224600497E-06
   0.365144553E-06   0.535575241E-06   0.729543259E-06   0.939671770E-06
   0.115821411E-05   0.137756329E-05   0.159063459E-05   0.179114251E-05
   0.197379340E-05   0.213441495E-05   0.227004394E-05   0.237899346E-05
   0.246092084E-05   0.251691771E-05   0.254964329E-05   0.256352233E-05
   0.256502890E-05   0.461728618E-05   0.479988252E-05   0.498482045E-05
   0.517075506E-05   0.535656507E-05   0.554221300E-05   0.572794831E-05
   0.591377167E-05   0.609862662E-05   0.628115020E-05   0.645998615E-05
   0.663395740E-05   0.680190559E-05   0.696251982E-05   0.711397926E-05
   0.725428642E-05   0.738151702E-05   0.749423720E-05   0.759111371E-05
   0.767052831E-05   0.772980291E-05   0.776592489E-05   0.777587511E-05
   0.775687423E-05   0.770615174E-05   0.762052711E-05   0.749536669E-05
   0.732556344E-05   0.710584994E-05   0.683073358E-05   0.649455753E-05
   0.609238845E-05   0.562267293E-05   0.508473483E-05   0.447710810E-05
   0.379504252E-05   0.303285689E-05   0.218020663E-05   0.120820303E-05
   0.825267413E-07  -0.122195972E-05  -0.269015630E-05  -0.429610236E-05
  -0.601754451E-05  -0.784992147E-05  -0.979311881E-05  -0.118407061E-04
  -0.139608026E-04  -0.161142213E-04  -0.183067936E-04  -0.207304412E-04
  -0.236292554E-04  -0.271689831E-04  -0.311773146E-04  -0.353906979E-04
  -0.395381736E-04  -0.433413750E-04  -0.465145277E-04
   0.000000000E+00   0.000000000E+00   0.000000000E+00   0.000000000E+00
   0.000000000E+00   0.000000000E+00   0.000000000E+00   0.000000000E+00
   0.000000000E+00   0.000000000E+00   0.000000000E+00   0.000000000E+00
   0.000000000E+00   0.000000000E+00   0.000000000E+00   0.000000000E+00
   0.000000000E+00   0.000000000E+00   0.000000000E+00   0.000000000E+00
   0.000000000E+00   0.000000000E+00   0.000000000E+00   0.000000000E+00
   0.000000000E+00   0.000000000E+00   0.000000000E+00   0.000000000E+00
   0.000000000E+00   0.000000000E+00   0.000000000E+00   0.000000000E+00
   0.000000000E+00   0.000000000E+00   0.000000000E+00   0.000000000E+00
   0.000000000E+00   0.000000000E+00   0.000000000E+00   0.000000000E+00
   0.000000000E+00   0.000000000E+00   0.000000000E+00   0.000000000E+00
   0.000000000E+00   0.000000000E+00   0.000000000E+00   0.000000000E+00
   0.000000000E+00   0.000000000E+00   0.000000000E+00   0.000000000E+00
   0.000000000E+00   0.000000000E+00   0.000000000E+00   0.000000000E+00
   0.000000000E+00   0.000000000E+00   0.000000000E+00   0.000000000E+00
   0.000000000E+00   0.000000000E+00   0.000000000E+00   0.000000000E+00
   0.000000000E+00   0.000000000E+00   0.000000000E+00   0.000000000E+00
   0.000000000E+00   0.000000000E+00   0.000000000E+00   0.000000000E+00
   0.000000000E+00   0.487909888E-09   0.119968106E-07   0.504937553E-07
   0.125740618E-06   0.242076253E-06   0.399569452E-06   0.595021513E-06
   0.822832129E-06   0.107574234E-05   0.134546820E-05   0.162323902E-05
   0.190025366E-05   0.216806885E-05   0.241893309E-05   0.264607988E-05
   0.284399404E-05   0.300866477E-05   0.313783921E-05   0.323129026E-05
   0.329111218E-05   0.332205803E-05   0.333193227E-05   0.465617873E-05
   0.477387884E-05   0.488399653E-05   0.498541974E-05   0.507707622E-05
   0.515770546E-05   0.522537437E-05   0.527792700E-05   0.531296699E-05
   0.532732919E-05   0.531757136E-05   0.528027897E-05   0.521248491E-05
   0.511127810E-05   0.497355373E-05   0.479565722E-05   0.457371689E-05
   0.430375222E-05   0.398165720E-05   0.360321590E-05   0.316293254E-05
   0.265042359E-05   0.205380079E-05   0.136053184E-05   0.556537953E-06
  -0.372958567E-06  -0.144074424E-05  -0.265025324E-05  -0.400249208E-05
  -0.549772518E-05  -0.713340452E-05  -0.890612016E-05  -0.108223934E-04
  -0.129297008E-04  -0.152872043E-04  -0.179591508E-04  -0.210251810E-04
  -0.245705900E-04  -0.286689491E-04  -0.333390738E-04  -0.385857293E-04
  -0.443667325E-04  -0.504499516E-04  -0.565487439E-04  -0.624520614E-04
  -0.682814194E-04  -0.742472300E-04  -0.806812680E-04  -0.883890681E-04
  -0.983153909E-04  -0.111162399E-03  -0.126570422E-03  -0.143896504E-03
  -0.162478859E-03  -0.181636866E-03  -0.200671071E-03
   0.000000000E+00   0.000000000E+00   0.000000000E+00   0.000000000E+00
   0.000000000E+00   0.000000000E+00   0.000000000E+00   0.000000000E+00
   0.000000000E+00   0.000000000E+00   0.000000000E+00   0.000000000E+00
   0.000000000E+00   0.000000000E+00   0.000000000E+00   0.000000000E+00
   0.000000000E+00   0.000000000E+00   0.000000000E+00   0.000000000E+00
   0.000000000E+00   0.000000000E+00   0.000000000E+00   0.000000000E+00
   0.000000000E+00   0.000000000E+00   0.000000000E+00   0.000000000E+00
   0.000000000E+00   0.000000000E+00   0.000000000E+00   0.000000000E+00
   0.000000000E+00   0.000000000E+00   0.000000000E+00   0.000000000E+00
   0.000000000E+00   0.000000000E+00   0.000000000E+00   0.000000000E+00
   0.000000000E+00   0.000000000E+00   0.000000000E+00   0.000000000E+00
   0.000000000E+00   0.000000000E+00   0.000000000E+00   0.000000000E+00
   0.000000000E+00   0.000000000E+00   0.000000000E+00   0.000000000E+00
   0.000000000E+00   0.000000000E+00   0.000000000E+00   0.000000000E+00
   0.000000000E+00   0.000000000E+00   0.000000000E+00   0.000000000E+00
   0.000000000E+00   0.000000000E+00   0.000000000E+00   0.000000000E+00
   0.000000000E+00   0.000000000E+00   0.000000000E+00   0.000000000E+00
   0.000000000E+00   0.000000000E+00   0.000000000E+00   0.000000000E+00
   0.000000000E+00   0.000000000E+00   0.000000000E+00   0.000000000E+00
   0.000000000E+00   0.000000000E+00   0.000000000E+00   0.000000000E+00
   0.000000000E+00   0.000000000E+00   0.000000000E+00   0.000000000E+00
   0.000000000E+00   0.000000000E+00   0.000000000E+00   0.000000000E+00
   0.000000000E+00   0.000000000E+00   0.000000000E+00   0.000000000E+00
   0.000000000E+00   0.000000000E+00   0.000000000E+00   0.000000000E+00
   0.000000000E+00   0.000000000E+00   0.000000000E+00   0.000000000E+00
   0.000000000E+00   0.000000000E+00   0.000000000E+00   0.342138707E-09
   0.592947253E-08   0.144916234E-07   0.100851479E-07  -0.303352065E-07
  -0.131329673E-06  -0.314733519E-06  -0.596641136E-06  -0.985491331E-06
  -0.148113097E-05  -0.207473411E-05  -0.274945386E-05  -0.348168400E-05
  -0.424280761E-05  -0.500130984E-05  -0.572513202E-05  -0.638414411E-05
  -0.695261291E-05  -0.741154292E-05  -0.775076719E-05  -0.797066525E-05
  -0.808338525E-05   0.374546548E-05   0.479959108E-05   0.597482639E-05
   0.727048220E-05   0.868388031E-05   0.102158097E-04   0.118816235E-04
   0.137007557E-04   0.156983058E-04   0.179208134E-04   0.204213361E-04
   0.232520951E-04   0.264575040E-04   0.300807712E-04   0.341677559E-04
   0.387718950E-04   0.439495318E-04   0.497061127E-04   0.558366021E-04
   0.620769780E-04   0.682344730E-04   0.744282043E-04   0.808604933E-04
   0.877391908E-04   0.952776770E-04   0.103694861E-03
   0.000000000E+00   0.000000000E+00   0.000000000E+00   0.000000000E+00
   0.000000000E+00   0.000000000E+00   0.000000000E+00   0.000000000E+00
   0.000000000E+00   0.000000000E+00   0.000000000E+00   0.000000000E+00
   0.000000000E+00   0.000000000E+00   0.000000000E+00   0.000000000E+00
   0.000000000E+00   0.000000000E+00   0.000000000E+00   0.000000000E+00
   0.000000000E+00   0.000000000E+00   0.000000000E+00   0.000000000E+00
   0.000000000E+00   0.000000000E+00   0.000000000E+00   0.000000000E+00
   0.000000000E+00   0.000000000E+00   0.000000000E+00   0.000000000E+00
   0.000000000E+00   0.000000000E+00   0.000000000E+00   0.000000000E+00
   0.000000000E+00   0.000000000E+00   0.000000000E+00   0.000000000E+00
   0.000000000E+00   0.000000000E+00   0.000000000E+00   0.000000000E+00
   0.000000000E+00   0.000000000E+00   0.000000000E+00   0.000000000E+00
   0.000000000E+00   0.000000000E+00   0.000000000E+00   0.000000000E+00
   0.000000000E+00   0.000000000E+00   0.000000000E+00   0.000000000E+00
   0.000000000E+00   0.000000000E+00   0.000000000E+00   0.000000000E+00
   0.000000000E+00   0.000000000E+00   0.000000000E+00   0.000000000E+00
   0.000000000E+00   0.000000000E+00   0.000000000E+00   0.000000000E+00
   0.000000000E+00   0.000000000E+00   0.000000000E+00   0.000000000E+00
   0.000000000E+00   0.000000000E+00   0.000000000E+00   0.000000000E+00
   0.000000000E+00   0.000000000E+00   0.000000000E+00   0.000000000E+00
   0.000000000E+00   0.000000000E+00   0.000000000E+00   0.000000000E+00
   0.000000000E+00   0.000000000E+00   0.000000000E+00   0.000000000E+00
   0.000000000E+00   0.000000000E+00   0.000000000E+00   0.000000000E+00
   0.000000000E+00   0.000000000E+00   0.000000000E+00  -0.439142574E-09
  -0.849918741E-08  -0.260852467E-07  -0.408885692E-07  -0.326656306E-07
   0.213009855E-07   0.142026212E-06   0.345813478E-06   0.642295883E-06
   0.103341042E-05   0.151318809E-05   0.206824275E-05   0.267884155E-05
   0.332043981E-05   0.396556315E-05   0.458591975E-05   0.515462560E-05
   0.564842557E-05   0.604979307E-05   0.634879134E-05   0.654457897E-05
   0.664644271E-05  -0.463547646E-05  -0.564078462E-05  -0.676414395E-05
  -0.801848574E-05  -0.941610653E-05  -0.109656625E-04  -0.126749967E-04
  -0.145530688E-04  -0.166129122E-04  -0.188688476E-04  -0.213425422E-04
  -0.240844750E-04  -0.271536851E-04  -0.306068642E-04  -0.344860799E-04
  -0.388303738E-04  -0.436635527E-04  -0.489447465E-04  -0.546151777E-04
  -0.606289281E-04  -0.669983700E-04  -0.737511374E-04  -0.809787628E-04
  -0.890301310E-04  -0.983280392E-04  -0.109245492E-03  -0.121918212E-03
  -0.136422624E-03  -0.152747532E-03  -0.170522799E-03  -0.189277194E-03
  -0.208525968E-03  -0.227770860E-03  -0.246500092E-03
   0.000000000E+00   0.000000000E+00   0.000000000E+00   0.000000000E+00
   0.000000000E+00   0.000000000E+00   0.000000000E+00   0.000000000E+00
   0.000000000E+00   0.000000000E+00   0.000000000E+00   0.000000000E+00
   0.000000000E+00   0.000000000E+00   0.000000000E+00   0.000000000E+00
   0.000000000E+00   0.000000000E+00   0.000000000E+00   0.000000000E+00
   0.000000000E+00   0.000000000E+00   0.000000000E+00   0.000000000E+00
   0.000000000E+00   0.000000000E+00   0.000000000E+00   0.000000000E+00
   0.000000000E+00   0.000000000E+00   0.000000000E+00   0.000000000E+00
   0.000000000E+00   0.000000000E+00   0.000000000E+00   0.000000000E+00
   0.000000000E+00   0.000000000E+00   0.000000000E+00   0.000000000E+00
   0.000000000E+00   0.000000000E+00   0.000000000E+00   0.000000000E+00
   0.000000000E+00   0.000000000E+00   0.000000000E+00   0.000000000E+00
   0.000000000E+00   0.000000000E+00   0.000000000E+00   0.000000000E+00
   0.000000000E+00   0.000000000E+00   0.000000000E+00   0.000000000E+00
   0.000000000E+00   0.000000000E+00   0.000000000E+00   0.000000000E+00
   0.000000000E+00   0.000000000E+00   0.000000000E+00   0.000000000E+00
   0.000000000E+00   0.000000000E+00   0.000000000E+00   0.000000000E+00
   0.000000000E+00   0.000000000E+00   0.000000000E+00   0.000000000E+00
   0.000000000E+00   0.000000000E+00   0.000000000E+00   0.462716926E-09
   0.106943800E-07   0.421334512E-07   0.977696289E-07   0.174542206E-06
   0.265747787E-06   0.362963932E-06   0.457532860E-06   0.541649382E-06
   0.609097200E-06   0.655677734E-06   0.679375617E-06   0.680305013E-06
   0.660480913E-06   0.623459554E-06   0.573892111E-06   0.517035821E-06
   0.458266679E-06   0.402637862E-06   0.354528031E-06   0.317423666E-06
   0.293879575E-06   0.454789423E-05   0.492675579E-05   0.533301679E-05
   0.576899139E-05   0.623664984E-05   0.673790978E-05   0.727475373E-05
   0.784928345E-05   0.846366939E-05   0.912033939E-05   0.982261266E-05
   0.105741086E-04   0.113786094E-04   0.122402592E-04   0.131633779E-04
   0.141523630E-04   0.152115835E-04   0.163454789E-04   0.175586846E-04
   0.188563105E-04   0.202436796E-04   0.217264966E-04   0.233116395E-04
   0.250064164E-04   0.268194281E-04   0.287639917E-04   0.308549203E-04
   0.331069522E-04   0.355333032E-04   0.381470304E-04   0.409625282E-04
   0.439986860E-04   0.472759087E-04   0.508122035E-04   0.546143049E-04
   0.586860589E-04   0.630379013E-04   0.677071277E-04   0.727387195E-04
   0.781990255E-04   0.842375703E-04   0.910285151E-04   0.986746146E-04
   0.106974436E-03   0.115643090E-03   0.124517010E-03   0.133950476E-03
   0.144439190E-03   0.156347457E-03   0.169465466E-03   0.183430020E-03
   0.197867448E-03   0.212393604E-03   0.226613867E-03
   0.000000000E+00   0.000000000E+00   0.000000000E+00   0.000000000E+00
   0.000000000E+00   0.000000000E+00   0.000000000E+00   0.000000000E+00
   0.000000000E+00   0.000000000E+00   0.000000000E+00   0.000000000E+00
   0.000000000E+00   0.000000000E+00   0.000000000E+00   0.000000000E+00
   0.000000000E+00   0.000000000E+00   0.000000000E+00   0.000000000E+00
   0.000000000E+00   0.000000000E+00   0.000000000E+00   0.000000000E+00
   0.000000000E+00   0.000000000E+00   0.000000000E+00   0.000000000E+00
   0.000000000E+00   0.000000000E+00   0.000000000E+00   0.000000000E+00
   0.000000000E+00   0.000000000E+00   0.000000000E+00   0.000000000E+00
   0.000000000E+00   0.000000000E+00   0.000000000E+00   0.000000000E+00
   0.000000000E+00   0.000000000E+00   0.000000000E+00   0.000000000E+00
   0.000000000E+00   0.000000000E+00   0.000000000E+00   0.000000000E+00
   0.000000000E+00   0.000000000E+00   0.000000000E+00   0.000000000E+00
   0.000000000E+00   0.000000000E+00   0.000000000E+00   0.000000000E+00
   0.000000000E+00   0.000000000E+00   0.000000000E+00   0.000000000E+00
   0.000000000E+00   0.000000000E+00   0.000000000E+00   0.000000000E+00
   0.000000000E+00   0.000000000E+00   0.000000000E+00   0.000000000E+00
   0.000000000E+00   0.000000000E+00   0.000000000E+00   0.000000000E+00
   0.000000000E+00   0.448617943E-09   0.103724852E-07   0.408830266E-07
   0.949152140E-07   0.169543235E-06   0.258307221E-06   0.353072631E-06
   0.445464905E-06   0.527922023E-06   0.594407582E-06   0.640827032E-06
   0.665189676E-06   0.667559078E-06   0.649834484E-06   0.615405905E-06
   0.568725458E-06   0.514837619E-06   0.458910984E-06   0.405814190E-06
   0.359778600E-06   0.324190383E-06   0.301554626E-06   0.440855323E-05
   0.477432026E-05   0.516454803E-05   0.558147058E-05   0.602768716E-05
   0.650561520E-05   0.701668176E-05   0.756207435E-05   0.814333712E-05
   0.876341423E-05   0.942567889E-05   0.101333098E-04   0.108883957E-04
   0.116927702E-04   0.125486226E-04   0.134594966E-04   0.144293567E-04
   0.154622624E-04   0.165623446E-04   0.177338272E-04   0.189811889E-04
   0.203096355E-04   0.217246568E-04   0.232323887E-04   0.248411874E-04
   0.265601510E-04   0.283978434E-04   0.303599294E-04   0.324513995E-04
   0.346769604E-04   0.370399073E-04   0.395431862E-04   0.421929121E-04
   0.450080361E-04   0.480112248E-04   0.512297910E-04   0.547080524E-04
   0.584956560E-04   0.626363426E-04   0.671457273E-04   0.720323179E-04
   0.772827747E-04   0.827949478E-04   0.884412984E-04   0.941386688E-04
   0.999956559E-04   0.106172867E-03   0.112831481E-03   0.120121236E-03
   0.128191834E-03   0.137156188E-03   0.146966287E-03   0.157531170E-03
   0.168756986E-03   0.180547002E-03   0.192801595E-03
   0.000000000E+00   0.000000000E+00   0.000000000E+00   0.000000000E+00
   0.000000000E+00   0.000000000E+00   0.000000000E+00   0.000000000E+00
   0.000000000E+00   0.000000000E+00   0.000000000E+00   0.000000000E+00
   0.000000000E+00   0.000000000E+00   0.000000000E+00   0.000000000E+00
   0.000000000E+00   0.000000000E+00   0.000000000E+00   0.000000000E+00
   0.000000000E+00   0.000000000E+00   0.000000000E+00   0.000000000E+00
   0.000000000E+00   0.000000000E+00   0.000000000E+00   0.000000000E+00
   0.000000000E+00   0.000000000E+00   0.000000000E+00   0.000000000E+00
   0.000000000E+00   0.000000000E+00   0.000000000E+00   0.000000000E+00
   0.000000000E+00   0.000000000E+00   0.000000000E+00   0.000000000E+00
   0.000000000E+00   0.000000000E+00   0.000000000E+00   0.000000000E+00
   0.000000000E+00   0.000000000E+00   0.000000000E+00   0.000000000E+00
   0.000000000E+00   0.000000000E+00   0.000000000E+00   0.000000000E+00
   0.000000000E+00   0.000000000E+00   0.000000000E+00   0.000000000E+00
   0.000000000E+00   0.000000000E+00   0.000000000E+00   0.000000000E+00
   0.000000000E+00   0.000000000E+00   0.000000000E+00   0.000000000E+00
   0.000000000E+00   0.000000000E+00   0.000000000E+00   0.000000000E+00
   0.000000000E+00   0.000000000E+00   0.000000000E+00   0.000000000E+00
   0.000000000E+00   0.000000000E+00   0.000000000E+00   0.000000000E+00
  -0.484514206E-09  -0.113116076E-07  -0.450738460E-07  -0.105942922E-06
  -0.191905826E-06  -0.297067680E-06  -0.413504400E-06  -0.532706251E-06
  -0.646653352E-06  -0.748564180E-06  -0.833358150E-06  -0.897873300E-06
  -0.940880169E-06  -0.962932902E-06  -0.966098652E-06  -0.953606333E-06
  -0.929455783E-06  -0.898028387E-06  -0.863740236E-06  -0.830778852E-06
  -0.802964569E-06  -0.783777595E-06  -0.474018458E-05  -0.509250393E-05
  -0.546724305E-05  -0.586573687E-05  -0.628948021E-05  -0.674011875E-05
  -0.721979483E-05  -0.773082565E-05  -0.827554431E-05  -0.885614974E-05
  -0.947484666E-05  -0.101337055E-04  -0.108340853E-04  -0.115771729E-04
  -0.123647047E-04  -0.132006182E-04  -0.140895058E-04  -0.150362793E-04
  -0.160467569E-04  -0.171271128E-04  -0.182837836E-04  -0.195237623E-04
  -0.208543222E-04  -0.222816358E-04  -0.238068262E-04  -0.254296813E-04
  -0.271517919E-04  -0.289822866E-04  -0.309324285E-04  -0.330192934E-04
  -0.352826731E-04  -0.377691281E-04  -0.405195061E-04  -0.435473618E-04
  -0.468593443E-04  -0.504625623E-04  -0.543658812E-04  -0.585786961E-04
  -0.631038100E-04  -0.679169283E-04  -0.729860801E-04  -0.783121440E-04
  -0.840325635E-04  -0.903230007E-04  -0.973333585E-04  -0.105094426E-03
  -0.113606501E-03  -0.122851720E-03  -0.132739716E-03  -0.143159265E-03
  -0.153995819E-03  -0.165131511E-03  -0.176445153E-03
   0.000000000E+00   0.000000000E+00   0.000000000E+00   0.000000000E+00
   0.000000000E+00   0.000000000E+00   0.000000000E+00   0.000000000E+00
   0.000000000E+00   0.000000000E+00   0.000000000E+00   0.000000000E+00
   0.000000000E+00   0.000000000E+00   0.000000000E+00   0.000000000E+00
   0.000000000E+00   0.000000000E+00   0.000000000E+00   0.000000000E+00
   0.000000000E+00   0.000000000E+00   0.000000000E+00   0.000000000E+00
   0.000000000E+00   0.000000000E+00   0.000000000E+00   0.000000000E+00
   0.000000000E+00   0.000000000E+00   0.000000000E+00   0.000000000E+00
   0.000000000E+00   0.000000000E+00   0.000000000E+00   0.000000000E+00
   0.000000000E+00   0.000000000E+00   0.000000000E+00   0.000000000E+00
   0.000000000E+00   0.000000000E+00   0.000000000E+00   0.000000000E+00
   0.000000000E+00   0.000000000E+00   0.000000000E+00   0.000000000E+00
   0.000000000E+00   0.000000000E+00   0.000000000E+00   0.000000000E+00
   0.000000000E+00   0.000000000E+00   0.000000000E+00   0.000000000E+00
   0.000000000E+00   0.000000000E+00   0.000000000E+00   0.000000000E+00
   0.000000000E+00   0.000000000E+00   0.000000000E+00   0.000000000E+00
   0.000000000E+00   0.000000000E+00   0.000000000E+00   0.000000000E+00
   0.000000000E+00   0.000000000E+00   0.000000000E+00   0.000000000E+00
   0.000000000E+00   0.000000000E+00   0.477990275E-09   0.111709035E-07
   0.445646905E-07   0.104881383E-06   0.190257006E-06   0.294991071E-06
   0.411357762E-06   0.531018794E-06   0.646077922E-06   0.749817072E-06
   0.837154071E-06   0.904861948E-06   0.951589793E-06   0.977725134E-06
   0.985137820E-06   0.976845374E-06   0.956639810E-06   0.928715862E-06
   0.897340633E-06   0.866604607E-06   0.840294027E-06   0.821924598E-06
   0.467411322E-05   0.501714759E-05   0.538087133E-05   0.576618155E-05
   0.617431732E-05   0.660785699E-05   0.706979212E-05   0.756278242E-05
   0.808783933E-05   0.864555110E-05   0.923674581E-05   0.986324058E-05
   0.105271429E-04   0.112306748E-04   0.119763668E-04   0.127668769E-04
   0.136050652E-04   0.144944159E-04   0.154386425E-04   0.164416613E-04
   0.175079241E-04   0.186421060E-04   0.198486011E-04   0.211302994E-04
   0.224897351E-04   0.239296377E-04   0.254534202E-04   0.270647194E-04
   0.287683197E-04   0.305734611E-04   0.324907223E-04   0.345297204E-04
   0.366953176E-04   0.389911997E-04   0.414215578E-04   0.439925045E-04
   0.467107359E-04   0.495896529E-04   0.526694869E-04   0.559982618E-04
   0.596317689E-04   0.636533040E-04   0.681549737E-04   0.731459966E-04
   0.782917656E-04   0.831612781E-04   0.873624129E-04   0.906983026E-04
   0.930188881E-04   0.944031975E-04   0.958703514E-04   0.987038674E-04
   0.104222148E-03   0.113778481E-03   0.128761038E-03
Safety factor
   0.960283380E+00   0.960518149E+00   0.961399725E+00   0.962816855E+00
   0.964658284E+00   0.966812759E+00   0.969169027E+00   0.971611811E+00
   0.974009745E+00   0.976227440E+00   0.978140045E+00   0.979664871E+00
   0.980729766E+00   0.981313613E+00   0.981599433E+00   0.981821280E+00
   0.982180584E+00   0.982748274E+00   0.983562657E+00   0.984628963E+00
   0.985820138E+00   0.986976050E+00   0.988003356E+00   0.989075856E+00
   0.990434135E+00   0.992235366E+00   0.994303078E+00   0.996377383E+00
   0.998256475E+00   0.999970858E+00   0.100160912E+01   0.100325170E+01
   0.100494650E+01   0.100673328E+01   0.100864088E+01   0.101065438E+01
   0.101274793E+01   0.101490120E+01   0.101711600E+01   0.101939966E+01
   0.102175650E+01   0.102417891E+01   0.102665628E+01   0.102918262E+01
   0.103177044E+01   0.103443688E+01   0.103719525E+01   0.104004359E+01
   0.104297610E+01   0.104598712E+01   0.104907143E+01   0.105222395E+01
   0.105544059E+01   0.105872123E+01   0.106206674E+01   0.106547814E+01
   0.106895695E+01   0.107250482E+01   0.107612420E+01   0.107982069E+01
   0.108360069E+01   0.108746843E+01   0.109141945E+01   0.109544714E+01
   0.109954710E+01   0.110372385E+01   0.110798415E+01   0.111233372E+01
   0.111677429E+01   0.112130655E+01   0.112593088E+01   0.113064630E+01
   0.113545152E+01   0.114034626E+01   0.114533434E+01   0.115042060E+01
   0.115560942E+01   0.116090340E+01   0.116630467E+01   0.117181534E+01
   0.117743747E+01   0.118317310E+01   0.118902479E+01   0.119499721E+01
   0.120109557E+01   0.120732400E+01   0.121368241E+01   0.122016963E+01
   0.122678609E+01   0.123353846E+01   0.124043499E+01   0.124748254E+01
   0.125468247E+01   0.126203473E+01   0.126954058E+01   0.127720639E+01
   0.128503985E+01   0.129304755E+01   0.130123170E+01   0.130959346E+01
   0.131813498E+01   0.132686254E+01   0.133578344E+01   0.134490467E+01
   0.135423196E+01   0.136377075E+01   0.137352685E+01   0.138350756E+01
   0.139372061E+01   0.140417371E+01   0.141487474E+01   0.142583159E+01
   0.143705253E+01   0.144854734E+01   0.146032616E+01   0.147239872E+01
   0.148477301E+01   0.149745658E+01   0.151045835E+01   0.152379263E+01
   0.153747510E+01   0.155152106E+01   0.156594430E+01   0.158075827E+01
   0.159597771E+01   0.161162267E+01   0.162771453E+01   0.164427168E+01
   0.166130047E+01   0.167880429E+01   0.169679221E+01   0.171529624E+01
   0.173435405E+01   0.175400801E+01   0.177431902E+01   0.179535266E+01
   0.181716718E+01   0.183979168E+01   0.186324796E+01   0.188754647E+01
   0.191265232E+01   0.193851929E+01   0.196510613E+01   0.199239169E+01
   0.202035981E+01   0.204905066E+01   0.207872976E+01   0.210971899E+01
   0.214234019E+01   0.217691524E+01   0.221376599E+01
Current profile
   0.000000000E+00   0.111285898E-02   0.444774543E-02   0.999759655E-02
   0.177533174E-01   0.277037870E-01   0.398358653E-01   0.541352206E-01
   0.705897260E-01   0.891886313E-01   0.109923209E+00   0.132791437E+00
   0.157796002E+00   0.184941382E+00   0.214226941E+00   0.245650612E+00
   0.279209119E+00   0.314893081E+00   0.352690010E+00   0.392586139E+00
   0.434568481E+00   0.478623453E+00   0.524735798E+00   0.572886765E+00
   0.623055395E+00   0.675220445E+00   0.729365126E+00   0.785473644E+00
   0.843529897E+00   0.903517454E+00   0.965419497E+00   0.102921975E+01
   0.109490557E+01   0.116246563E+01   0.123188604E+01   0.130314082E+01
   0.137619946E+01   0.145103282E+01   0.152762308E+01   0.160595564E+01
   0.168601318E+01   0.176776597E+01   0.185117991E+01   0.193622181E+01
   0.202286722E+01   0.211109391E+01   0.220087825E+01   0.229219147E+01
   0.238500282E+01   0.247928108E+01   0.257499536E+01   0.267211439E+01
   0.277060736E+01   0.287044741E+01   0.297160862E+01   0.307406427E+01
   0.317778476E+01   0.328273945E+01   0.338889704E+01   0.349622489E+01
   0.360468960E+01   0.371425736E+01   0.382489425E+01   0.393656599E+01
   0.404923773E+01   0.416287383E+01   0.427743809E+01   0.439289398E+01
   0.450920531E+01   0.462633565E+01   0.474424805E+01   0.486290477E+01
   0.498226753E+01   0.510229770E+01   0.522295669E+01   0.534420558E+01
   0.546600496E+01   0.558831467E+01   0.571109400E+01   0.583430171E+01
   0.595789579E+01   0.608183369E+01   0.620607230E+01   0.633056780E+01
   0.645527584E+01   0.658015155E+01   0.670514951E+01   0.683022378E+01
   0.695532783E+01   0.708041424E+01   0.720543499E+01   0.733034167E+01
   0.745508583E+01   0.757961867E+01   0.770389109E+01   0.782785417E+01
   0.795145875E+01   0.807465512E+01   0.819739282E+01   0.831962089E+01
   0.844128799E+01   0.856234260E+01   0.868273282E+01   0.880240630E+01
   0.892131013E+01   0.903939093E+01   0.915659462E+01   0.927286548E+01
   0.938814706E+01   0.950238255E+01   0.961551541E+01   0.972748881E+01
   0.983824548E+01   0.994772804E+01   0.100558787E+02   0.101626395E+02
   0.102679533E+02   0.103717627E+02   0.104740095E+02   0.105746338E+02
   0.106735744E+02   0.107707674E+02   0.108661376E+02   0.109596068E+02
   0.110510997E+02   0.111405579E+02   0.112279270E+02   0.113131647E+02
   0.113962773E+02   0.114772853E+02   0.115561802E+02   0.116328292E+02
   0.117070649E+02   0.117786965E+02   0.118474498E+02   0.119130237E+02
   0.119752043E+02   0.120341549E+02   0.120901417E+02   0.121434732E+02
   0.121946006E+02   0.122440235E+02   0.122920906E+02   0.123384881E+02
   0.123827236E+02   0.124243110E+02   0.124628290E+02   0.124978636E+02
   0.125289891E+02   0.125557684E+02   0.125777544E+02
R*B_phi (m*T)
   0.506787664E+02   0.506788096E+02   0.506789387E+02   0.506791526E+02
   0.506794498E+02   0.506798278E+02   0.506802836E+02   0.506808142E+02
   0.506814154E+02   0.506820831E+02   0.506828130E+02   0.506836000E+02
   0.506844390E+02   0.506853248E+02   0.506862511E+02   0.506872114E+02
   0.506881992E+02   0.506892066E+02   0.506902252E+02   0.506912469E+02
   0.506922628E+02   0.506932643E+02   0.506942423E+02   0.506951872E+02
   0.506960895E+02   0.506969394E+02   0.506977269E+02   0.506984419E+02
   0.506990743E+02   0.506996142E+02   0.507000516E+02   0.507003766E+02
   0.507005788E+02   0.507006477E+02   0.507005730E+02   0.507003456E+02
   0.506999568E+02   0.506993969E+02   0.506986539E+02   0.506977153E+02
   0.506965757E+02   0.506952603E+02   0.506938013E+02   0.506922174E+02
   0.506904713E+02   0.506885116E+02   0.506862903E+02   0.506837731E+02
   0.506809288E+02   0.506777359E+02   0.506742122E+02   0.506703852E+02
   0.506662775E+02   0.506618915E+02   0.506572250E+02   0.506522765E+02
   0.506470476E+02   0.506415409E+02   0.506357594E+02   0.506297075E+02
   0.506233901E+02   0.506168121E+02   0.506099793E+02   0.506028971E+02
   0.505955711E+02   0.505880066E+02   0.505802088E+02   0.505721828E+02
   0.505639353E+02   0.505554729E+02   0.505468027E+02   0.505379331E+02
   0.505288733E+02   0.505196320E+02   0.505102181E+02   0.505006403E+02
   0.504909080E+02   0.504810329E+02   0.504710271E+02   0.504609031E+02
   0.504506752E+02   0.504403575E+02   0.504299648E+02   0.504195121E+02
   0.504090147E+02   0.503984868E+02   0.503879388E+02   0.503773800E+02
   0.503668194E+02   0.503562641E+02   0.503457207E+02   0.503351952E+02
   0.503246920E+02   0.503142146E+02   0.503037668E+02   0.502933528E+02
   0.502829771E+02   0.502726440E+02   0.502623585E+02   0.502521260E+02
   0.502419522E+02   0.502318460E+02   0.502218169E+02   0.502118748E+02
   0.502020305E+02   0.501922952E+02   0.501826798E+02   0.501731948E+02
   0.501638506E+02   0.501546569E+02   0.501456219E+02   0.501367533E+02
   0.501280587E+02   0.501195442E+02   0.501112160E+02   0.501030801E+02
   0.500951426E+02   0.500874093E+02   0.500798864E+02   0.500725802E+02
   0.500654973E+02   0.500586437E+02   0.500520247E+02   0.500456450E+02
   0.500395087E+02   0.500336162E+02   0.500279673E+02   0.500225611E+02
   0.500173948E+02   0.500124650E+02   0.500077710E+02   0.500033227E+02
   0.499991324E+02   0.499952219E+02   0.499916501E+02   0.499884854E+02
   0.499857863E+02   0.499835733E+02   0.499818569E+02   0.499807392E+02
   0.499806884E+02   0.499822642E+02   0.499859624E+02   0.499920237E+02
   0.500006249E+02   0.500116398E+02   0.500237295E+02   0.500352523E+02
   0.500445662E+02   0.500500294E+02   0.500500000E+02
Radial mesh: sqrt(Phi/Philim)
   0.000000000E+00   0.666666667E-02   0.133333333E-01   0.200000000E-01
   0.266666667E-01   0.333333333E-01   0.400000000E-01   0.466666667E-01
   0.533333333E-01   0.600000000E-01   0.666666667E-01   0.733333333E-01
   0.800000000E-01   0.866666667E-01   0.933333333E-01   0.100000000E+00
   0.106666667E+00   0.113333333E+00   0.120000000E+00   0.126666667E+00
   0.133333333E+00   0.140000000E+00   0.146666667E+00   0.153333333E+00
   0.160000000E+00   0.166666667E+00   0.173333333E+00   0.180000000E+00
   0.186666667E+00   0.193333333E+00   0.200000000E+00   0.206666667E+00
   0.213333333E+00   0.220000000E+00   0.226666667E+00   0.233333333E+00
   0.240000000E+00   0.246666667E+00   0.253333333E+00   0.260000000E+00
   0.266666667E+00   0.273333333E+00   0.280000000E+00   0.286666667E+00
   0.293333333E+00   0.300000000E+00   0.306666667E+00   0.313333333E+00
   0.320000000E+00   0.326666667E+00   0.333333333E+00   0.340000000E+00
   0.346666667E+00   0.353333333E+00   0.360000000E+00   0.366666667E+00
   0.373333333E+00   0.380000000E+00   0.386666667E+00   0.393333333E+00
   0.400000000E+00   0.406666667E+00   0.413333333E+00   0.420000000E+00
   0.426666667E+00   0.433333333E+00   0.440000000E+00   0.446666667E+00
   0.453333333E+00   0.460000000E+00   0.466666667E+00   0.473333333E+00
   0.480000000E+00   0.486666667E+00   0.493333333E+00   0.500000000E+00
   0.506666667E+00   0.513333333E+00   0.520000000E+00   0.526666667E+00
   0.533333333E+00   0.540000000E+00   0.546666667E+00   0.553333333E+00
   0.560000000E+00   0.566666667E+00   0.573333333E+00   0.580000000E+00
   0.586666667E+00   0.593333333E+00   0.600000000E+00   0.606666667E+00
   0.613333333E+00   0.620000000E+00   0.626666667E+00   0.633333333E+00
   0.640000000E+00   0.646666667E+00   0.653333333E+00   0.660000000E+00
   0.666666667E+00   0.673333333E+00   0.680000000E+00   0.686666667E+00
   0.693333333E+00   0.700000000E+00   0.706666667E+00   0.713333333E+00
   0.720000000E+00   0.726666667E+00   0.733333333E+00   0.740000000E+00
   0.746666667E+00   0.753333333E+00   0.760000000E+00   0.766666667E+00
   0.773333333E+00   0.780000000E+00   0.786666667E+00   0.793333333E+00
   0.800000000E+00   0.806666667E+00   0.813333333E+00   0.820000000E+00
   0.826666667E+00   0.833333333E+00   0.840000000E+00   0.846666667E+00
   0.853333333E+00   0.860000000E+00   0.866666667E+00   0.873333333E+00
   0.880000000E+00   0.886666667E+00   0.893333333E+00   0.900000000E+00
   0.906666667E+00   0.913333333E+00   0.920000000E+00   0.926666667E+00
   0.933333333E+00   0.940000000E+00   0.946666667E+00   0.953333333E+00
   0.960000000E+00   0.966666667E+00   0.973333333E+00   0.980000000E+00
   0.986666667E+00   0.993333333E+00   0.100000000E+01
Last surface (set to 1: TRANSP)
   0.100000000E+01
