2026-05-06 17:21:08,676 fastran_init_fastran_init_1 DEBUG    __initialize__(): <fastran.driver.fastran_init.fastran_init object at 0x7f54f88bc310>  fastran_FPP_000001@fastran_init@1 
2026-05-06 17:21:08,683 fastran_init_fastran_init_1 DEBUG    Running - CompID =  fastran_FPP_000001@fastran_init@1
2026-05-06 17:21:08,684 fastran_init_fastran_init_1 DEBUG    _init_event_service(): self.counter = 0 - <fastran.driver.fastran_init.fastran_init object at 0x7f54f88bc310>
2026-05-06 17:21:08,684 fastran_driver_fastran_driver_2 DEBUG    __initialize__(): <fastran.driver.fastran_driver.fastran_driver object at 0x7f54f88bcc40>  fastran_FPP_000001@fastran_driver@2 
2026-05-06 17:21:08,691 fastran_driver_fastran_driver_2 DEBUG    Running - CompID =  fastran_FPP_000001@fastran_driver@2
2026-05-06 17:21:08,692 fastran_driver_fastran_driver_2 DEBUG    _init_event_service(): self.counter = 0 - <fastran.driver.fastran_driver.fastran_driver object at 0x7f54f88bcc40>
2026-05-06 17:21:08,698 fastran_eq0_efit_3 DEBUG    __initialize__(): <fastran.equilibrium.efit.efit object at 0x7f54f88d0730>  fastran_FPP_000001@efit@3 
2026-05-06 17:21:08,705 fastran_eq0_efit_3 DEBUG    Running - CompID =  fastran_FPP_000001@efit@3
2026-05-06 17:21:08,706 fastran_eq0_efit_3 DEBUG    _init_event_service(): self.counter = 0 - <fastran.equilibrium.efit.efit object at 0x7f54f88d0730>
2026-05-06 17:21:08,712 fastran_tr0_fastran_4 DEBUG    __initialize__(): <fastran.solver.fastran.fastran object at 0x7f54f88d8bb0>  fastran_FPP_000001@fastran@4 
2026-05-06 17:21:08,718 fastran_tr0_fastran_4 DEBUG    Running - CompID =  fastran_FPP_000001@fastran@4
2026-05-06 17:21:08,719 fastran_tr0_fastran_4 DEBUG    _init_event_service(): self.counter = 0 - <fastran.solver.fastran.fastran object at 0x7f54f88d8bb0>
2026-05-06 17:21:08,723 fastran__impurity_radiation_5 DEBUG    __initialize__(): <impurity_radiation.impurity_radiation object at 0x7f54f885cb20>  fastran_FPP_000001@impurity_radiation@5 
2026-05-06 17:21:08,729 fastran__impurity_radiation_5 DEBUG    Running - CompID =  fastran_FPP_000001@impurity_radiation@5
2026-05-06 17:21:08,730 fastran__impurity_radiation_5 DEBUG    _init_event_service(): self.counter = 0 - <impurity_radiation.impurity_radiation object at 0x7f54f885cb20>
2026-05-06 17:21:08,732 rf_ic_toric_6   DEBUG    __initialize__(): <fastran.external.rf_ic_toric_abr_mcmd.toric object at 0x7f54f8863340>  fastran_FPP_000001@toric@6 
2026-05-06 17:21:08,738 fastran_eq_efit_7 DEBUG    __initialize__(): <fastran.equilibrium.efit.efit object at 0x7f54f8863dc0>  fastran_FPP_000001@efit@7 
2026-05-06 17:21:08,738 rf_ic_toric_6   DEBUG    Running - CompID =  fastran_FPP_000001@toric@6
2026-05-06 17:21:08,739 rf_ic_toric_6   DEBUG    _init_event_service(): self.counter = 0 - <fastran.external.rf_ic_toric_abr_mcmd.toric object at 0x7f54f8863340>
2026-05-06 17:21:08,743 fastran_tr_fastran_8 DEBUG    __initialize__(): <fastran.solver.fastran.fastran object at 0x7f54f886d700>  fastran_FPP_000001@fastran@8 
2026-05-06 17:21:08,743 fastran_eq_efit_7 DEBUG    Running - CompID =  fastran_FPP_000001@efit@7
2026-05-06 17:21:08,744 fastran_eq_efit_7 DEBUG    _init_event_service(): self.counter = 0 - <fastran.equilibrium.efit.efit object at 0x7f54f8863dc0>
2026-05-06 17:21:08,749 fastran_tr_fastran_8 DEBUG    Running - CompID =  fastran_FPP_000001@fastran@8
2026-05-06 17:21:08,750 fastran_tr_fastran_8 DEBUG    _init_event_service(): self.counter = 0 - <fastran.solver.fastran.fastran object at 0x7f54f886d700>
2026-05-06 17:21:09,297 fastran_init_fastran_init_1 DEBUG    Received Message 
2026-05-06 17:21:09,297 fastran_init_fastran_init_1 DEBUG    Calling method init(0)
2026-05-06 17:21:09,301 fastran_init_fastran_init_1 DEBUG    Received Message 
2026-05-06 17:21:09,301 fastran_init_fastran_init_1 DEBUG    Calling method step(0)
2026-05-06 17:21:09,308 fastran_init_fastran_init_1 DEBUG    _invoke_service(): getTopic  ('_IPS_MONITOR',)
2026-05-06 17:21:09,308 fastran_init_fastran_init_1 DEBUG    _get_service_response(REQUEST|fastran_FPP_000001@fastran_init@1|FRAMEWORK@Framework@0|0)
2026-05-06 17:21:09,319 fastran_init_fastran_init_1 DEBUG    _get_service_response(REQUEST|fastran_FPP_000001@fastran_init@1|FRAMEWORK@Framework@0|0), response = ServiceResponseMessage(sender_id=FRAMEWORK@Framework@0, receiver_id=fastran_FPP_000001@fastran_init@1, request_msg_id=REQUEST|fastran_FPP_000001@fastran_init@1|FRAMEWORK@Framework@0|0,status=0, args=(<ipsframework.cca_es_spec.Topic object at 0x7f54f88bcdf0>,), message_id=RESPONSE|FRAMEWORK@Framework@0|fastran_FPP_000001@fastran_init@1|7)
2026-05-06 17:21:09,319 fastran_init_fastran_init_1 DEBUG    _invoke_service(): sendEvent  ('_IPS_MONITOR', 'PORTAL_EVENT', {'sim_name': 'fastran_FPP_000001', 'real_sim_name': 'fastran_FPP_000001', 'portal_data': {'code': 'fastran_init_fastran_init', 'eventtype': 'IPS_STAGE_INPUTS', 'ok': True, 'walltime': '4.50', 'time': '2026-05-06|17:21:09PDT', 'trace': {'timestamp': 1778113269302232, 'duration': 5715, 'localEndpoint': {'serviceName': 'stage_input_files'}, 'name': 'instate', 'id': '55339cced059be1a', 'parentId': '4aa442acb149fbac', 'tags': {}}, 'state': 'Running', 'comment': 'Elapsed time = 0.006 Path = /pscratch/sd/h/hswils/github_repos/MANTA_DBSCANS/TORIC+RAD+TGLF_lowerKr/input Files = instate'}})
2026-05-06 17:21:09,319 fastran_init_fastran_init_1 DEBUG    _get_service_response(REQUEST|fastran_FPP_000001@fastran_init@1|FRAMEWORK@Framework@0|1)
2026-05-06 17:21:09,330 fastran_init_fastran_init_1 DEBUG    _get_service_response(REQUEST|fastran_FPP_000001@fastran_init@1|FRAMEWORK@Framework@0|1), response = ServiceResponseMessage(sender_id=FRAMEWORK@Framework@0, receiver_id=fastran_FPP_000001@fastran_init@1, request_msg_id=REQUEST|fastran_FPP_000001@fastran_init@1|FRAMEWORK@Framework@0|1,status=0, args=(None,), message_id=RESPONSE|FRAMEWORK@Framework@0|fastran_FPP_000001@fastran_init@1|9)
2026-05-06 17:21:09,607 fastran_init_fastran_init_1 DEBUG    _invoke_service(): update_state  (['s000001.00001', 'g000001.00001', 'i000001.00001'], '/pscratch/sd/h/hswils/github_repos/MANTA_DBSCANS/TORIC+RAD+TGLF_lowerKr/SCAN/work/fastran_init_fastran_init_1', '/pscratch/sd/h/hswils/github_repos/MANTA_DBSCANS/TORIC+RAD+TGLF_lowerKr/SCAN/work/plasma_state')
2026-05-06 17:21:09,607 fastran_init_fastran_init_1 DEBUG    _get_service_response(REQUEST|fastran_FPP_000001@fastran_init@1|FRAMEWORK@Framework@0|2)
2026-05-06 17:21:09,625 fastran_init_fastran_init_1 DEBUG    _get_service_response(REQUEST|fastran_FPP_000001@fastran_init@1|FRAMEWORK@Framework@0|2), response = ServiceResponseMessage(sender_id=FRAMEWORK@Framework@0, receiver_id=fastran_FPP_000001@fastran_init@1, request_msg_id=REQUEST|fastran_FPP_000001@fastran_init@1|FRAMEWORK@Framework@0|2,status=0, args=(0,), message_id=RESPONSE|FRAMEWORK@Framework@0|fastran_FPP_000001@fastran_init@1|10)
2026-05-06 17:21:09,625 fastran_init_fastran_init_1 DEBUG    _invoke_service(): getTopic  ('_IPS_MONITOR',)
2026-05-06 17:21:09,625 fastran_init_fastran_init_1 DEBUG    _get_service_response(REQUEST|fastran_FPP_000001@fastran_init@1|FRAMEWORK@Framework@0|3)
2026-05-06 17:21:09,636 fastran_init_fastran_init_1 DEBUG    _get_service_response(REQUEST|fastran_FPP_000001@fastran_init@1|FRAMEWORK@Framework@0|3), response = ServiceResponseMessage(sender_id=FRAMEWORK@Framework@0, receiver_id=fastran_FPP_000001@fastran_init@1, request_msg_id=REQUEST|fastran_FPP_000001@fastran_init@1|FRAMEWORK@Framework@0|3,status=0, args=(<ipsframework.cca_es_spec.Topic object at 0x7f54f884b0a0>,), message_id=RESPONSE|FRAMEWORK@Framework@0|fastran_FPP_000001@fastran_init@1|11)
2026-05-06 17:21:09,636 fastran_init_fastran_init_1 DEBUG    _invoke_service(): sendEvent  ('_IPS_MONITOR', 'PORTAL_EVENT', {'sim_name': 'fastran_FPP_000001', 'real_sim_name': 'fastran_FPP_000001', 'portal_data': {'code': 'fastran_init_fastran_init', 'eventtype': 'IPS_UPDATE_STATE', 'ok': True, 'walltime': '4.81', 'time': '2026-05-06|17:21:09PDT', 'trace': {'timestamp': 1778113269607009, 'duration': 18503, 'localEndpoint': {'serviceName': 'update_state'}, 'name': "['s000001.00001', 'g000001.00001', 'i000001.00001']", 'id': '7629e189a66153c0', 'parentId': '4aa442acb149fbac', 'tags': {}}, 'state': 'Running', 'comment': 'Elapsed time = 0.019   files = s000001.00001 g000001.00001 i000001.00001 Success'}})
2026-05-06 17:21:09,636 fastran_init_fastran_init_1 DEBUG    _get_service_response(REQUEST|fastran_FPP_000001@fastran_init@1|FRAMEWORK@Framework@0|4)
2026-05-06 17:21:09,647 fastran_init_fastran_init_1 DEBUG    _get_service_response(REQUEST|fastran_FPP_000001@fastran_init@1|FRAMEWORK@Framework@0|4), response = ServiceResponseMessage(sender_id=FRAMEWORK@Framework@0, receiver_id=fastran_FPP_000001@fastran_init@1, request_msg_id=REQUEST|fastran_FPP_000001@fastran_init@1|FRAMEWORK@Framework@0|4,status=0, args=(None,), message_id=RESPONSE|FRAMEWORK@Framework@0|fastran_FPP_000001@fastran_init@1|12)
2026-05-06 17:21:09,649 fastran_init_fastran_init_1 DEBUG    _invoke_service(): getTopic  ('_IPS_MONITOR',)
2026-05-06 17:21:09,649 fastran_init_fastran_init_1 DEBUG    _get_service_response(REQUEST|fastran_FPP_000001@fastran_init@1|FRAMEWORK@Framework@0|5)
2026-05-06 17:21:09,659 fastran_init_fastran_init_1 DEBUG    _get_service_response(REQUEST|fastran_FPP_000001@fastran_init@1|FRAMEWORK@Framework@0|5), response = ServiceResponseMessage(sender_id=FRAMEWORK@Framework@0, receiver_id=fastran_FPP_000001@fastran_init@1, request_msg_id=REQUEST|fastran_FPP_000001@fastran_init@1|FRAMEWORK@Framework@0|5,status=0, args=(<ipsframework.cca_es_spec.Topic object at 0x7f54f884b1f0>,), message_id=RESPONSE|FRAMEWORK@Framework@0|fastran_FPP_000001@fastran_init@1|13)
2026-05-06 17:21:09,659 fastran_init_fastran_init_1 DEBUG    _invoke_service(): sendEvent  ('_IPS_MONITOR', 'PORTAL_EVENT', {'sim_name': 'fastran_FPP_000001', 'real_sim_name': 'fastran_FPP_000001', 'portal_data': {'code': 'fastran_init_fastran_init', 'eventtype': 'IPS_STAGE_OUTPUTS', 'ok': True, 'walltime': '4.84', 'time': '2026-05-06|17:21:09PDT', 'trace': {'timestamp': 1778113269647108, 'duration': 2017, 'localEndpoint': {'serviceName': 'stage_output_files'}, 'name': '[]', 'id': 'ed019efe11be26d9', 'parentId': '4aa442acb149fbac', 'tags': {}}, 'state': 'Running', 'comment': 'Elapsed time = 0.002 Path = /pscratch/sd/h/hswils/github_repos/MANTA_DBSCANS/TORIC+RAD+TGLF_lowerKr/SCAN/simulation_results/0/components/fastran_init_fastran_init_1 Files = []'}})
2026-05-06 17:21:09,659 fastran_init_fastran_init_1 DEBUG    _get_service_response(REQUEST|fastran_FPP_000001@fastran_init@1|FRAMEWORK@Framework@0|6)
2026-05-06 17:21:09,670 fastran_init_fastran_init_1 DEBUG    _get_service_response(REQUEST|fastran_FPP_000001@fastran_init@1|FRAMEWORK@Framework@0|6), response = ServiceResponseMessage(sender_id=FRAMEWORK@Framework@0, receiver_id=fastran_FPP_000001@fastran_init@1, request_msg_id=REQUEST|fastran_FPP_000001@fastran_init@1|FRAMEWORK@Framework@0|6,status=0, args=(None,), message_id=RESPONSE|FRAMEWORK@Framework@0|fastran_FPP_000001@fastran_init@1|14)
2026-05-06 17:21:09,671 fastran_init_fastran_init_1 DEBUG    Received Message 
2026-05-06 17:21:09,671 fastran_init_fastran_init_1 DEBUG    Calling method finalize(0)
2026-05-06 17:21:09,673 fastran_driver_fastran_driver_2 DEBUG    Received Message 
2026-05-06 17:21:09,673 fastran_driver_fastran_driver_2 DEBUG    Calling method init(0)
2026-05-06 17:21:09,675 fastran_driver_fastran_driver_2 DEBUG    Received Message 
2026-05-06 17:21:09,675 fastran_driver_fastran_driver_2 DEBUG    Calling method step(0)
2026-05-06 17:21:09,675 fastran_driver_fastran_driver_2 DEBUG    _invoke_service(): getTopic  ('_IPS_MONITOR',)
2026-05-06 17:21:09,675 fastran_driver_fastran_driver_2 DEBUG    _get_service_response(REQUEST|fastran_FPP_000001@fastran_driver@2|FRAMEWORK@Framework@0|0)
2026-05-06 17:21:09,686 fastran_driver_fastran_driver_2 DEBUG    _get_service_response(REQUEST|fastran_FPP_000001@fastran_driver@2|FRAMEWORK@Framework@0|0), response = ServiceResponseMessage(sender_id=FRAMEWORK@Framework@0, receiver_id=fastran_FPP_000001@fastran_driver@2, request_msg_id=REQUEST|fastran_FPP_000001@fastran_driver@2|FRAMEWORK@Framework@0|0,status=0, args=(<ipsframework.cca_es_spec.Topic object at 0x7f54f88d15e0>,), message_id=RESPONSE|FRAMEWORK@Framework@0|fastran_FPP_000001@fastran_driver@2|15)
2026-05-06 17:21:09,686 fastran_driver_fastran_driver_2 DEBUG    _invoke_service(): sendEvent  ('_IPS_MONITOR', 'PORTAL_EVENT', {'sim_name': 'fastran_FPP_000001', 'real_sim_name': 'fastran_FPP_000001', 'portal_data': {'code': 'fastran_driver_fastran_driver', 'eventtype': 'IPS_STAGE_INPUTS', 'ok': True, 'walltime': '4.86', 'time': '2026-05-06|17:21:09PDT', 'trace': {'timestamp': 1778113269675324, 'duration': 124, 'localEndpoint': {'serviceName': 'stage_input_files'}, 'name': '', 'id': 'e70cb59b389672bf', 'parentId': 'f899e3e5886669ce', 'tags': {}}, 'state': 'Running', 'comment': 'Elapsed time = 0.000 Path = /pscratch/sd/h/hswils/github_repos/MANTA_DBSCANS/TORIC+RAD+TGLF_lowerKr/input Files = '}})
2026-05-06 17:21:09,686 fastran_driver_fastran_driver_2 DEBUG    _get_service_response(REQUEST|fastran_FPP_000001@fastran_driver@2|FRAMEWORK@Framework@0|1)
2026-05-06 17:21:09,697 fastran_driver_fastran_driver_2 DEBUG    _get_service_response(REQUEST|fastran_FPP_000001@fastran_driver@2|FRAMEWORK@Framework@0|1), response = ServiceResponseMessage(sender_id=FRAMEWORK@Framework@0, receiver_id=fastran_FPP_000001@fastran_driver@2, request_msg_id=REQUEST|fastran_FPP_000001@fastran_driver@2|FRAMEWORK@Framework@0|1,status=0, args=(None,), message_id=RESPONSE|FRAMEWORK@Framework@0|fastran_FPP_000001@fastran_driver@2|16)
2026-05-06 17:21:09,697 fastran_driver_fastran_driver_2 DEBUG    _invoke_service(): stage_state  (['s000001.00001', 'g000001.00001', 'i000001.00001'], '/pscratch/sd/h/hswils/github_repos/MANTA_DBSCANS/TORIC+RAD+TGLF_lowerKr/SCAN/work/plasma_state', '/pscratch/sd/h/hswils/github_repos/MANTA_DBSCANS/TORIC+RAD+TGLF_lowerKr/SCAN/work/fastran_driver_fastran_driver_2')
2026-05-06 17:21:09,697 fastran_driver_fastran_driver_2 DEBUG    _get_service_response(REQUEST|fastran_FPP_000001@fastran_driver@2|FRAMEWORK@Framework@0|2)
2026-05-06 17:21:09,716 fastran_driver_fastran_driver_2 DEBUG    _get_service_response(REQUEST|fastran_FPP_000001@fastran_driver@2|FRAMEWORK@Framework@0|2), response = ServiceResponseMessage(sender_id=FRAMEWORK@Framework@0, receiver_id=fastran_FPP_000001@fastran_driver@2, request_msg_id=REQUEST|fastran_FPP_000001@fastran_driver@2|FRAMEWORK@Framework@0|2,status=0, args=(0,), message_id=RESPONSE|FRAMEWORK@Framework@0|fastran_FPP_000001@fastran_driver@2|17)
2026-05-06 17:21:09,716 fastran_driver_fastran_driver_2 DEBUG    _invoke_service(): getTopic  ('_IPS_MONITOR',)
2026-05-06 17:21:09,716 fastran_driver_fastran_driver_2 DEBUG    _get_service_response(REQUEST|fastran_FPP_000001@fastran_driver@2|FRAMEWORK@Framework@0|3)
2026-05-06 17:21:09,727 fastran_driver_fastran_driver_2 DEBUG    _get_service_response(REQUEST|fastran_FPP_000001@fastran_driver@2|FRAMEWORK@Framework@0|3), response = ServiceResponseMessage(sender_id=FRAMEWORK@Framework@0, receiver_id=fastran_FPP_000001@fastran_driver@2, request_msg_id=REQUEST|fastran_FPP_000001@fastran_driver@2|FRAMEWORK@Framework@0|3,status=0, args=(<ipsframework.cca_es_spec.Topic object at 0x7f54f88d15b0>,), message_id=RESPONSE|FRAMEWORK@Framework@0|fastran_FPP_000001@fastran_driver@2|18)
2026-05-06 17:21:09,727 fastran_driver_fastran_driver_2 DEBUG    _invoke_service(): sendEvent  ('_IPS_MONITOR', 'PORTAL_EVENT', {'sim_name': 'fastran_FPP_000001', 'real_sim_name': 'fastran_FPP_000001', 'portal_data': {'code': 'fastran_driver_fastran_driver', 'eventtype': 'IPS_STAGE_STATE', 'ok': True, 'walltime': '4.91', 'time': '2026-05-06|17:21:09PDT', 'trace': {'timestamp': 1778113269697786, 'duration': 18716, 'localEndpoint': {'serviceName': 'stage_state'}, 'name': "['s000001.00001', 'g000001.00001', 'i000001.00001']", 'id': '71885aecf25d7412', 'parentId': 'f899e3e5886669ce', 'tags': {}}, 'state': 'Running', 'comment': 'Elapsed time = 0.019  files = s000001.00001 g000001.00001 i000001.00001 Success'}})
2026-05-06 17:21:09,727 fastran_driver_fastran_driver_2 DEBUG    _get_service_response(REQUEST|fastran_FPP_000001@fastran_driver@2|FRAMEWORK@Framework@0|4)
2026-05-06 17:21:09,737 fastran_driver_fastran_driver_2 DEBUG    _get_service_response(REQUEST|fastran_FPP_000001@fastran_driver@2|FRAMEWORK@Framework@0|4), response = ServiceResponseMessage(sender_id=FRAMEWORK@Framework@0, receiver_id=fastran_FPP_000001@fastran_driver@2, request_msg_id=REQUEST|fastran_FPP_000001@fastran_driver@2|FRAMEWORK@Framework@0|4,status=0, args=(None,), message_id=RESPONSE|FRAMEWORK@Framework@0|fastran_FPP_000001@fastran_driver@2|19)
2026-05-06 17:21:09,738 fastran_driver_fastran_driver_2 DEBUG    _invoke_service(): get_port  ('INIT',)
2026-05-06 17:21:09,738 fastran_driver_fastran_driver_2 DEBUG    _get_service_response(REQUEST|fastran_FPP_000001@fastran_driver@2|FRAMEWORK@Framework@0|5)
2026-05-06 17:21:09,748 fastran_driver_fastran_driver_2 DEBUG    _get_service_response(REQUEST|fastran_FPP_000001@fastran_driver@2|FRAMEWORK@Framework@0|5), response = ServiceResponseMessage(sender_id=FRAMEWORK@Framework@0, receiver_id=fastran_FPP_000001@fastran_driver@2, request_msg_id=REQUEST|fastran_FPP_000001@fastran_driver@2|FRAMEWORK@Framework@0|5,status=0, args=(fastran_FPP_000001@fastran_init@1,), message_id=RESPONSE|FRAMEWORK@Framework@0|fastran_FPP_000001@fastran_driver@2|20)
2026-05-06 17:21:09,749 fastran_driver_fastran_driver_2 DEBUG    _invoke_service(): get_port  ('EQ0',)
2026-05-06 17:21:09,749 fastran_driver_fastran_driver_2 DEBUG    _get_service_response(REQUEST|fastran_FPP_000001@fastran_driver@2|FRAMEWORK@Framework@0|6)
2026-05-06 17:21:09,759 fastran_driver_fastran_driver_2 DEBUG    _get_service_response(REQUEST|fastran_FPP_000001@fastran_driver@2|FRAMEWORK@Framework@0|6), response = ServiceResponseMessage(sender_id=FRAMEWORK@Framework@0, receiver_id=fastran_FPP_000001@fastran_driver@2, request_msg_id=REQUEST|fastran_FPP_000001@fastran_driver@2|FRAMEWORK@Framework@0|6,status=0, args=(fastran_FPP_000001@efit@3,), message_id=RESPONSE|FRAMEWORK@Framework@0|fastran_FPP_000001@fastran_driver@2|21)
2026-05-06 17:21:09,759 fastran_driver_fastran_driver_2 DEBUG    _invoke_service(): get_port  ('TR0',)
2026-05-06 17:21:09,759 fastran_driver_fastran_driver_2 DEBUG    _get_service_response(REQUEST|fastran_FPP_000001@fastran_driver@2|FRAMEWORK@Framework@0|7)
2026-05-06 17:21:09,770 fastran_driver_fastran_driver_2 DEBUG    _get_service_response(REQUEST|fastran_FPP_000001@fastran_driver@2|FRAMEWORK@Framework@0|7), response = ServiceResponseMessage(sender_id=FRAMEWORK@Framework@0, receiver_id=fastran_FPP_000001@fastran_driver@2, request_msg_id=REQUEST|fastran_FPP_000001@fastran_driver@2|FRAMEWORK@Framework@0|7,status=0, args=(fastran_FPP_000001@fastran@4,), message_id=RESPONSE|FRAMEWORK@Framework@0|fastran_FPP_000001@fastran_driver@2|22)
2026-05-06 17:21:09,770 fastran_driver_fastran_driver_2 DEBUG    _invoke_service(): get_port  ('RAD',)
2026-05-06 17:21:09,770 fastran_driver_fastran_driver_2 DEBUG    _get_service_response(REQUEST|fastran_FPP_000001@fastran_driver@2|FRAMEWORK@Framework@0|8)
2026-05-06 17:21:09,781 fastran_driver_fastran_driver_2 DEBUG    _get_service_response(REQUEST|fastran_FPP_000001@fastran_driver@2|FRAMEWORK@Framework@0|8), response = ServiceResponseMessage(sender_id=FRAMEWORK@Framework@0, receiver_id=fastran_FPP_000001@fastran_driver@2, request_msg_id=REQUEST|fastran_FPP_000001@fastran_driver@2|FRAMEWORK@Framework@0|8,status=0, args=(fastran_FPP_000001@impurity_radiation@5,), message_id=RESPONSE|FRAMEWORK@Framework@0|fastran_FPP_000001@fastran_driver@2|23)
2026-05-06 17:21:09,781 fastran_driver_fastran_driver_2 DEBUG    _invoke_service(): get_port  ('IC',)
2026-05-06 17:21:09,781 fastran_driver_fastran_driver_2 DEBUG    _get_service_response(REQUEST|fastran_FPP_000001@fastran_driver@2|FRAMEWORK@Framework@0|9)
2026-05-06 17:21:09,792 fastran_driver_fastran_driver_2 DEBUG    _get_service_response(REQUEST|fastran_FPP_000001@fastran_driver@2|FRAMEWORK@Framework@0|9), response = ServiceResponseMessage(sender_id=FRAMEWORK@Framework@0, receiver_id=fastran_FPP_000001@fastran_driver@2, request_msg_id=REQUEST|fastran_FPP_000001@fastran_driver@2|FRAMEWORK@Framework@0|9,status=0, args=(fastran_FPP_000001@toric@6,), message_id=RESPONSE|FRAMEWORK@Framework@0|fastran_FPP_000001@fastran_driver@2|24)
2026-05-06 17:21:09,792 fastran_driver_fastran_driver_2 DEBUG    _invoke_service(): get_port  ('EQ',)
2026-05-06 17:21:09,792 fastran_driver_fastran_driver_2 DEBUG    _get_service_response(REQUEST|fastran_FPP_000001@fastran_driver@2|FRAMEWORK@Framework@0|10)
2026-05-06 17:21:09,803 fastran_driver_fastran_driver_2 DEBUG    _get_service_response(REQUEST|fastran_FPP_000001@fastran_driver@2|FRAMEWORK@Framework@0|10), response = ServiceResponseMessage(sender_id=FRAMEWORK@Framework@0, receiver_id=fastran_FPP_000001@fastran_driver@2, request_msg_id=REQUEST|fastran_FPP_000001@fastran_driver@2|FRAMEWORK@Framework@0|10,status=0, args=(fastran_FPP_000001@efit@7,), message_id=RESPONSE|FRAMEWORK@Framework@0|fastran_FPP_000001@fastran_driver@2|25)
2026-05-06 17:21:09,803 fastran_driver_fastran_driver_2 DEBUG    _invoke_service(): get_port  ('TR',)
2026-05-06 17:21:09,803 fastran_driver_fastran_driver_2 DEBUG    _get_service_response(REQUEST|fastran_FPP_000001@fastran_driver@2|FRAMEWORK@Framework@0|11)
2026-05-06 17:21:09,814 fastran_driver_fastran_driver_2 DEBUG    _get_service_response(REQUEST|fastran_FPP_000001@fastran_driver@2|FRAMEWORK@Framework@0|11), response = ServiceResponseMessage(sender_id=FRAMEWORK@Framework@0, receiver_id=fastran_FPP_000001@fastran_driver@2, request_msg_id=REQUEST|fastran_FPP_000001@fastran_driver@2|FRAMEWORK@Framework@0|11,status=0, args=(fastran_FPP_000001@fastran@8,), message_id=RESPONSE|FRAMEWORK@Framework@0|fastran_FPP_000001@fastran_driver@2|26)
2026-05-06 17:21:09,814 fastran_driver_fastran_driver_2 DEBUG    _invoke_service(): getTopic  ('_IPS_MONITOR',)
2026-05-06 17:21:09,815 fastran_driver_fastran_driver_2 DEBUG    _get_service_response(REQUEST|fastran_FPP_000001@fastran_driver@2|FRAMEWORK@Framework@0|12)
2026-05-06 17:21:09,825 fastran_driver_fastran_driver_2 DEBUG    _get_service_response(REQUEST|fastran_FPP_000001@fastran_driver@2|FRAMEWORK@Framework@0|12), response = ServiceResponseMessage(sender_id=FRAMEWORK@Framework@0, receiver_id=fastran_FPP_000001@fastran_driver@2, request_msg_id=REQUEST|fastran_FPP_000001@fastran_driver@2|FRAMEWORK@Framework@0|12,status=0, args=(<ipsframework.cca_es_spec.Topic object at 0x7f54f88d19a0>,), message_id=RESPONSE|FRAMEWORK@Framework@0|fastran_FPP_000001@fastran_driver@2|27)
2026-05-06 17:21:09,826 fastran_driver_fastran_driver_2 DEBUG    _invoke_service(): sendEvent  ('_IPS_MONITOR', 'PORTAL_EVENT', {'sim_name': 'fastran_FPP_000001', 'real_sim_name': 'fastran_FPP_000001', 'portal_data': {'code': 'fastran_driver_fastran_driver', 'eventtype': 'IPS_CALL_BEGIN', 'ok': True, 'walltime': '5.00', 'time': '2026-05-06|17:21:09PDT', 'state': 'Running', 'comment': 'Target = fastran_FPP_000001@efit@3:init(0)'}})
2026-05-06 17:21:09,826 fastran_driver_fastran_driver_2 DEBUG    _get_service_response(REQUEST|fastran_FPP_000001@fastran_driver@2|FRAMEWORK@Framework@0|13)
2026-05-06 17:21:09,837 fastran_driver_fastran_driver_2 DEBUG    _get_service_response(REQUEST|fastran_FPP_000001@fastran_driver@2|FRAMEWORK@Framework@0|13), response = ServiceResponseMessage(sender_id=FRAMEWORK@Framework@0, receiver_id=fastran_FPP_000001@fastran_driver@2, request_msg_id=REQUEST|fastran_FPP_000001@fastran_driver@2|FRAMEWORK@Framework@0|13,status=0, args=(None,), message_id=RESPONSE|FRAMEWORK@Framework@0|fastran_FPP_000001@fastran_driver@2|28)
2026-05-06 17:21:09,837 fastran_driver_fastran_driver_2 DEBUG    _invoke_service(): init_call  ('init', '0')
2026-05-06 17:21:09,837 fastran_driver_fastran_driver_2 DEBUG    _get_service_response(REQUEST|fastran_FPP_000001@fastran_driver@2|FRAMEWORK@Framework@0|14)
2026-05-06 17:21:09,838 fastran_eq0_efit_3 DEBUG    Received Message 
2026-05-06 17:21:09,838 fastran_eq0_efit_3 DEBUG    Calling method init(0)
2026-05-06 17:21:09,840 fastran_eq0_efit_3 DEBUG    _invoke_service(): stage_state  (['s000001.00001', 'g000001.00001', 'i000001.00001'], '/pscratch/sd/h/hswils/github_repos/MANTA_DBSCANS/TORIC+RAD+TGLF_lowerKr/SCAN/work/plasma_state', '/pscratch/sd/h/hswils/github_repos/MANTA_DBSCANS/TORIC+RAD+TGLF_lowerKr/SCAN/work/fastran_eq0_efit_3')
2026-05-06 17:21:09,841 fastran_eq0_efit_3 DEBUG    _get_service_response(REQUEST|fastran_FPP_000001@efit@3|FRAMEWORK@Framework@0|0)
2026-05-06 17:21:09,848 fastran_driver_fastran_driver_2 DEBUG    _get_service_response(REQUEST|fastran_FPP_000001@fastran_driver@2|FRAMEWORK@Framework@0|14), response = ServiceResponseMessage(sender_id=FRAMEWORK@Framework@0, receiver_id=fastran_FPP_000001@fastran_driver@2, request_msg_id=REQUEST|fastran_FPP_000001@fastran_driver@2|FRAMEWORK@Framework@0|14,status=0, args=(11,), message_id=RESPONSE|FRAMEWORK@Framework@0|fastran_FPP_000001@fastran_driver@2|30)
2026-05-06 17:21:09,848 fastran_driver_fastran_driver_2 DEBUG    _invoke_service(): wait_call  (11, True)
2026-05-06 17:21:09,848 fastran_driver_fastran_driver_2 DEBUG    _get_service_response(REQUEST|fastran_FPP_000001@fastran_driver@2|FRAMEWORK@Framework@0|15)
2026-05-06 17:21:09,859 fastran_eq0_efit_3 DEBUG    _get_service_response(REQUEST|fastran_FPP_000001@efit@3|FRAMEWORK@Framework@0|0), response = ServiceResponseMessage(sender_id=FRAMEWORK@Framework@0, receiver_id=fastran_FPP_000001@efit@3, request_msg_id=REQUEST|fastran_FPP_000001@efit@3|FRAMEWORK@Framework@0|0,status=0, args=(0,), message_id=RESPONSE|FRAMEWORK@Framework@0|fastran_FPP_000001@efit@3|31)
2026-05-06 17:21:09,860 fastran_eq0_efit_3 DEBUG    _invoke_service(): getTopic  ('_IPS_MONITOR',)
2026-05-06 17:21:09,860 fastran_eq0_efit_3 DEBUG    _get_service_response(REQUEST|fastran_FPP_000001@efit@3|FRAMEWORK@Framework@0|1)
2026-05-06 17:21:09,870 fastran_eq0_efit_3 DEBUG    _get_service_response(REQUEST|fastran_FPP_000001@efit@3|FRAMEWORK@Framework@0|1), response = ServiceResponseMessage(sender_id=FRAMEWORK@Framework@0, receiver_id=fastran_FPP_000001@efit@3, request_msg_id=REQUEST|fastran_FPP_000001@efit@3|FRAMEWORK@Framework@0|1,status=0, args=(<ipsframework.cca_es_spec.Topic object at 0x7f54f88d91f0>,), message_id=RESPONSE|FRAMEWORK@Framework@0|fastran_FPP_000001@efit@3|32)
2026-05-06 17:21:09,871 fastran_eq0_efit_3 DEBUG    _invoke_service(): sendEvent  ('_IPS_MONITOR', 'PORTAL_EVENT', {'sim_name': 'fastran_FPP_000001', 'real_sim_name': 'fastran_FPP_000001', 'portal_data': {'code': 'fastran_eq0_efit', 'eventtype': 'IPS_STAGE_STATE', 'ok': True, 'walltime': '5.05', 'time': '2026-05-06|17:21:09PDT', 'trace': {'timestamp': 1778113269840788, 'duration': 19250, 'localEndpoint': {'serviceName': 'stage_state'}, 'name': "['s000001.00001', 'g000001.00001', 'i000001.00001']", 'id': '71885aecf25d7412', 'parentId': '545edfc5a3ffe396', 'tags': {}}, 'state': 'Running', 'comment': 'Elapsed time = 0.019  files = s000001.00001 g000001.00001 i000001.00001 Success'}})
2026-05-06 17:21:09,871 fastran_eq0_efit_3 DEBUG    _get_service_response(REQUEST|fastran_FPP_000001@efit@3|FRAMEWORK@Framework@0|2)
2026-05-06 17:21:09,881 fastran_eq0_efit_3 DEBUG    _get_service_response(REQUEST|fastran_FPP_000001@efit@3|FRAMEWORK@Framework@0|2), response = ServiceResponseMessage(sender_id=FRAMEWORK@Framework@0, receiver_id=fastran_FPP_000001@efit@3, request_msg_id=REQUEST|fastran_FPP_000001@efit@3|FRAMEWORK@Framework@0|2,status=0, args=(None,), message_id=RESPONSE|FRAMEWORK@Framework@0|fastran_FPP_000001@efit@3|33)
2026-05-06 17:21:11,412 fastran_eq0_efit_3 DEBUG    _invoke_service(): update_state  (['s000001.00001', 'g000001.00001', 'i000001.00001'], '/pscratch/sd/h/hswils/github_repos/MANTA_DBSCANS/TORIC+RAD+TGLF_lowerKr/SCAN/work/fastran_eq0_efit_3', '/pscratch/sd/h/hswils/github_repos/MANTA_DBSCANS/TORIC+RAD+TGLF_lowerKr/SCAN/work/plasma_state')
2026-05-06 17:21:11,412 fastran_eq0_efit_3 DEBUG    _get_service_response(REQUEST|fastran_FPP_000001@efit@3|FRAMEWORK@Framework@0|3)
2026-05-06 17:21:11,433 fastran_eq0_efit_3 DEBUG    _get_service_response(REQUEST|fastran_FPP_000001@efit@3|FRAMEWORK@Framework@0|3), response = ServiceResponseMessage(sender_id=FRAMEWORK@Framework@0, receiver_id=fastran_FPP_000001@efit@3, request_msg_id=REQUEST|fastran_FPP_000001@efit@3|FRAMEWORK@Framework@0|3,status=0, args=(0,), message_id=RESPONSE|FRAMEWORK@Framework@0|fastran_FPP_000001@efit@3|37)
2026-05-06 17:21:11,433 fastran_eq0_efit_3 DEBUG    _invoke_service(): getTopic  ('_IPS_MONITOR',)
2026-05-06 17:21:11,433 fastran_eq0_efit_3 DEBUG    _get_service_response(REQUEST|fastran_FPP_000001@efit@3|FRAMEWORK@Framework@0|4)
2026-05-06 17:21:11,443 fastran_eq0_efit_3 DEBUG    _get_service_response(REQUEST|fastran_FPP_000001@efit@3|FRAMEWORK@Framework@0|4), response = ServiceResponseMessage(sender_id=FRAMEWORK@Framework@0, receiver_id=fastran_FPP_000001@efit@3, request_msg_id=REQUEST|fastran_FPP_000001@efit@3|FRAMEWORK@Framework@0|4,status=0, args=(<ipsframework.cca_es_spec.Topic object at 0x7f54f88d9160>,), message_id=RESPONSE|FRAMEWORK@Framework@0|fastran_FPP_000001@efit@3|38)
2026-05-06 17:21:11,444 fastran_eq0_efit_3 DEBUG    _invoke_service(): sendEvent  ('_IPS_MONITOR', 'PORTAL_EVENT', {'sim_name': 'fastran_FPP_000001', 'real_sim_name': 'fastran_FPP_000001', 'portal_data': {'code': 'fastran_eq0_efit', 'eventtype': 'IPS_UPDATE_STATE', 'ok': True, 'walltime': '6.62', 'time': '2026-05-06|17:21:11PDT', 'trace': {'timestamp': 1778113271412326, 'duration': 20870, 'localEndpoint': {'serviceName': 'update_state'}, 'name': "['s000001.00001', 'g000001.00001', 'i000001.00001']", 'id': '7629e189a66153c0', 'parentId': '545edfc5a3ffe396', 'tags': {}}, 'state': 'Running', 'comment': 'Elapsed time = 0.021   files = s000001.00001 g000001.00001 i000001.00001 Success'}})
2026-05-06 17:21:11,444 fastran_eq0_efit_3 DEBUG    _get_service_response(REQUEST|fastran_FPP_000001@efit@3|FRAMEWORK@Framework@0|5)
2026-05-06 17:21:11,454 fastran_eq0_efit_3 DEBUG    _get_service_response(REQUEST|fastran_FPP_000001@efit@3|FRAMEWORK@Framework@0|5), response = ServiceResponseMessage(sender_id=FRAMEWORK@Framework@0, receiver_id=fastran_FPP_000001@efit@3, request_msg_id=REQUEST|fastran_FPP_000001@efit@3|FRAMEWORK@Framework@0|5,status=0, args=(None,), message_id=RESPONSE|FRAMEWORK@Framework@0|fastran_FPP_000001@efit@3|39)
2026-05-06 17:21:11,465 fastran_driver_fastran_driver_2 DEBUG    _get_service_response(REQUEST|fastran_FPP_000001@fastran_driver@2|FRAMEWORK@Framework@0|15), response = ServiceResponseMessage(sender_id=FRAMEWORK@Framework@0, receiver_id=fastran_FPP_000001@fastran_driver@2, request_msg_id=REQUEST|fastran_FPP_000001@fastran_driver@2|FRAMEWORK@Framework@0|15,status=0, args=((None,),), message_id=RESPONSE|FRAMEWORK@Framework@0|fastran_FPP_000001@fastran_driver@2|40)
2026-05-06 17:21:11,465 fastran_driver_fastran_driver_2 DEBUG    _invoke_service(): getTopic  ('_IPS_MONITOR',)
2026-05-06 17:21:11,465 fastran_driver_fastran_driver_2 DEBUG    _get_service_response(REQUEST|fastran_FPP_000001@fastran_driver@2|FRAMEWORK@Framework@0|16)
2026-05-06 17:21:11,476 fastran_driver_fastran_driver_2 DEBUG    _get_service_response(REQUEST|fastran_FPP_000001@fastran_driver@2|FRAMEWORK@Framework@0|16), response = ServiceResponseMessage(sender_id=FRAMEWORK@Framework@0, receiver_id=fastran_FPP_000001@fastran_driver@2, request_msg_id=REQUEST|fastran_FPP_000001@fastran_driver@2|FRAMEWORK@Framework@0|16,status=0, args=(<ipsframework.cca_es_spec.Topic object at 0x7f54f88d1610>,), message_id=RESPONSE|FRAMEWORK@Framework@0|fastran_FPP_000001@fastran_driver@2|41)
2026-05-06 17:21:11,476 fastran_driver_fastran_driver_2 DEBUG    _invoke_service(): sendEvent  ('_IPS_MONITOR', 'PORTAL_EVENT', {'sim_name': 'fastran_FPP_000001', 'real_sim_name': 'fastran_FPP_000001', 'portal_data': {'code': 'fastran_driver_fastran_driver', 'eventtype': 'IPS_CALL_END', 'ok': True, 'walltime': '6.65', 'time': '2026-05-06|17:21:11PDT', 'trace': {'timestamp': 1778113269848254, 'duration': 1617391, 'localEndpoint': {'serviceName': 'fastran_FPP_000001@efit@3'}, 'name': 'init(0)', 'id': '545edfc5a3ffe396', 'parentId': 'f899e3e5886669ce', 'tags': {}}, 'state': 'Running', 'comment': 'Target = fastran_FPP_000001@efit@3:init(0)'}})
2026-05-06 17:21:11,476 fastran_driver_fastran_driver_2 DEBUG    _get_service_response(REQUEST|fastran_FPP_000001@fastran_driver@2|FRAMEWORK@Framework@0|17)
2026-05-06 17:21:11,487 fastran_driver_fastran_driver_2 DEBUG    _get_service_response(REQUEST|fastran_FPP_000001@fastran_driver@2|FRAMEWORK@Framework@0|17), response = ServiceResponseMessage(sender_id=FRAMEWORK@Framework@0, receiver_id=fastran_FPP_000001@fastran_driver@2, request_msg_id=REQUEST|fastran_FPP_000001@fastran_driver@2|FRAMEWORK@Framework@0|17,status=0, args=(None,), message_id=RESPONSE|FRAMEWORK@Framework@0|fastran_FPP_000001@fastran_driver@2|42)
2026-05-06 17:21:11,487 fastran_driver_fastran_driver_2 DEBUG    _invoke_service(): getTopic  ('_IPS_MONITOR',)
2026-05-06 17:21:11,487 fastran_driver_fastran_driver_2 DEBUG    _get_service_response(REQUEST|fastran_FPP_000001@fastran_driver@2|FRAMEWORK@Framework@0|18)
2026-05-06 17:21:11,498 fastran_driver_fastran_driver_2 DEBUG    _get_service_response(REQUEST|fastran_FPP_000001@fastran_driver@2|FRAMEWORK@Framework@0|18), response = ServiceResponseMessage(sender_id=FRAMEWORK@Framework@0, receiver_id=fastran_FPP_000001@fastran_driver@2, request_msg_id=REQUEST|fastran_FPP_000001@fastran_driver@2|FRAMEWORK@Framework@0|18,status=0, args=(<ipsframework.cca_es_spec.Topic object at 0x7f54f88d1670>,), message_id=RESPONSE|FRAMEWORK@Framework@0|fastran_FPP_000001@fastran_driver@2|43)
2026-05-06 17:21:11,498 fastran_driver_fastran_driver_2 DEBUG    _invoke_service(): sendEvent  ('_IPS_MONITOR', 'PORTAL_EVENT', {'sim_name': 'fastran_FPP_000001', 'real_sim_name': 'fastran_FPP_000001', 'portal_data': {'code': 'fastran_driver_fastran_driver', 'eventtype': 'IPS_CALL_BEGIN', 'ok': True, 'walltime': '6.68', 'time': '2026-05-06|17:21:11PDT', 'state': 'Running', 'comment': 'Target = fastran_FPP_000001@fastran@4:init(0)'}})
2026-05-06 17:21:11,498 fastran_driver_fastran_driver_2 DEBUG    _get_service_response(REQUEST|fastran_FPP_000001@fastran_driver@2|FRAMEWORK@Framework@0|19)
2026-05-06 17:21:11,509 fastran_driver_fastran_driver_2 DEBUG    _get_service_response(REQUEST|fastran_FPP_000001@fastran_driver@2|FRAMEWORK@Framework@0|19), response = ServiceResponseMessage(sender_id=FRAMEWORK@Framework@0, receiver_id=fastran_FPP_000001@fastran_driver@2, request_msg_id=REQUEST|fastran_FPP_000001@fastran_driver@2|FRAMEWORK@Framework@0|19,status=0, args=(None,), message_id=RESPONSE|FRAMEWORK@Framework@0|fastran_FPP_000001@fastran_driver@2|44)
2026-05-06 17:21:11,509 fastran_driver_fastran_driver_2 DEBUG    _invoke_service(): init_call  ('init', '0')
2026-05-06 17:21:11,509 fastran_driver_fastran_driver_2 DEBUG    _get_service_response(REQUEST|fastran_FPP_000001@fastran_driver@2|FRAMEWORK@Framework@0|20)
2026-05-06 17:21:11,510 fastran_tr0_fastran_4 DEBUG    Received Message 
2026-05-06 17:21:11,511 fastran_tr0_fastran_4 DEBUG    Calling method init(0)
2026-05-06 17:21:11,520 fastran_driver_fastran_driver_2 DEBUG    _get_service_response(REQUEST|fastran_FPP_000001@fastran_driver@2|FRAMEWORK@Framework@0|20), response = ServiceResponseMessage(sender_id=FRAMEWORK@Framework@0, receiver_id=fastran_FPP_000001@fastran_driver@2, request_msg_id=REQUEST|fastran_FPP_000001@fastran_driver@2|FRAMEWORK@Framework@0|20,status=0, args=(12,), message_id=RESPONSE|FRAMEWORK@Framework@0|fastran_FPP_000001@fastran_driver@2|45)
2026-05-06 17:21:11,521 fastran_driver_fastran_driver_2 DEBUG    _invoke_service(): wait_call  (12, True)
2026-05-06 17:21:11,521 fastran_driver_fastran_driver_2 DEBUG    _get_service_response(REQUEST|fastran_FPP_000001@fastran_driver@2|FRAMEWORK@Framework@0|21)
2026-05-06 17:21:11,531 fastran_driver_fastran_driver_2 DEBUG    _get_service_response(REQUEST|fastran_FPP_000001@fastran_driver@2|FRAMEWORK@Framework@0|21), response = ServiceResponseMessage(sender_id=FRAMEWORK@Framework@0, receiver_id=fastran_FPP_000001@fastran_driver@2, request_msg_id=REQUEST|fastran_FPP_000001@fastran_driver@2|FRAMEWORK@Framework@0|21,status=0, args=((None,),), message_id=RESPONSE|FRAMEWORK@Framework@0|fastran_FPP_000001@fastran_driver@2|46)
2026-05-06 17:21:11,531 fastran_driver_fastran_driver_2 DEBUG    _invoke_service(): getTopic  ('_IPS_MONITOR',)
2026-05-06 17:21:11,532 fastran_driver_fastran_driver_2 DEBUG    _get_service_response(REQUEST|fastran_FPP_000001@fastran_driver@2|FRAMEWORK@Framework@0|22)
2026-05-06 17:21:11,542 fastran_driver_fastran_driver_2 DEBUG    _get_service_response(REQUEST|fastran_FPP_000001@fastran_driver@2|FRAMEWORK@Framework@0|22), response = ServiceResponseMessage(sender_id=FRAMEWORK@Framework@0, receiver_id=fastran_FPP_000001@fastran_driver@2, request_msg_id=REQUEST|fastran_FPP_000001@fastran_driver@2|FRAMEWORK@Framework@0|22,status=0, args=(<ipsframework.cca_es_spec.Topic object at 0x7f54f88d1610>,), message_id=RESPONSE|FRAMEWORK@Framework@0|fastran_FPP_000001@fastran_driver@2|47)
2026-05-06 17:21:11,542 fastran_driver_fastran_driver_2 DEBUG    _invoke_service(): sendEvent  ('_IPS_MONITOR', 'PORTAL_EVENT', {'sim_name': 'fastran_FPP_000001', 'real_sim_name': 'fastran_FPP_000001', 'portal_data': {'code': 'fastran_driver_fastran_driver', 'eventtype': 'IPS_CALL_END', 'ok': True, 'walltime': '6.72', 'time': '2026-05-06|17:21:11PDT', 'trace': {'timestamp': 1778113271521046, 'duration': 10772, 'localEndpoint': {'serviceName': 'fastran_FPP_000001@fastran@4'}, 'name': 'init(0)', 'id': '2dfda25fbdd3f2fb', 'parentId': 'f899e3e5886669ce', 'tags': {}}, 'state': 'Running', 'comment': 'Target = fastran_FPP_000001@fastran@4:init(0)'}})
2026-05-06 17:21:11,542 fastran_driver_fastran_driver_2 DEBUG    _get_service_response(REQUEST|fastran_FPP_000001@fastran_driver@2|FRAMEWORK@Framework@0|23)
2026-05-06 17:21:11,553 fastran_driver_fastran_driver_2 DEBUG    _get_service_response(REQUEST|fastran_FPP_000001@fastran_driver@2|FRAMEWORK@Framework@0|23), response = ServiceResponseMessage(sender_id=FRAMEWORK@Framework@0, receiver_id=fastran_FPP_000001@fastran_driver@2, request_msg_id=REQUEST|fastran_FPP_000001@fastran_driver@2|FRAMEWORK@Framework@0|23,status=0, args=(None,), message_id=RESPONSE|FRAMEWORK@Framework@0|fastran_FPP_000001@fastran_driver@2|48)
2026-05-06 17:21:11,553 fastran_driver_fastran_driver_2 DEBUG    _invoke_service(): getTopic  ('_IPS_MONITOR',)
2026-05-06 17:21:11,553 fastran_driver_fastran_driver_2 DEBUG    _get_service_response(REQUEST|fastran_FPP_000001@fastran_driver@2|FRAMEWORK@Framework@0|24)
2026-05-06 17:21:11,564 fastran_driver_fastran_driver_2 DEBUG    _get_service_response(REQUEST|fastran_FPP_000001@fastran_driver@2|FRAMEWORK@Framework@0|24), response = ServiceResponseMessage(sender_id=FRAMEWORK@Framework@0, receiver_id=fastran_FPP_000001@fastran_driver@2, request_msg_id=REQUEST|fastran_FPP_000001@fastran_driver@2|FRAMEWORK@Framework@0|24,status=0, args=(<ipsframework.cca_es_spec.Topic object at 0x7f54f88d16d0>,), message_id=RESPONSE|FRAMEWORK@Framework@0|fastran_FPP_000001@fastran_driver@2|49)
2026-05-06 17:21:11,564 fastran_driver_fastran_driver_2 DEBUG    _invoke_service(): sendEvent  ('_IPS_MONITOR', 'PORTAL_EVENT', {'sim_name': 'fastran_FPP_000001', 'real_sim_name': 'fastran_FPP_000001', 'portal_data': {'code': 'fastran_driver_fastran_driver', 'eventtype': 'IPS_CALL_BEGIN', 'ok': True, 'walltime': '6.74', 'time': '2026-05-06|17:21:11PDT', 'state': 'Running', 'comment': 'Target = fastran_FPP_000001@impurity_radiation@5:init(0)'}})
2026-05-06 17:21:11,564 fastran_driver_fastran_driver_2 DEBUG    _get_service_response(REQUEST|fastran_FPP_000001@fastran_driver@2|FRAMEWORK@Framework@0|25)
2026-05-06 17:21:11,575 fastran_driver_fastran_driver_2 DEBUG    _get_service_response(REQUEST|fastran_FPP_000001@fastran_driver@2|FRAMEWORK@Framework@0|25), response = ServiceResponseMessage(sender_id=FRAMEWORK@Framework@0, receiver_id=fastran_FPP_000001@fastran_driver@2, request_msg_id=REQUEST|fastran_FPP_000001@fastran_driver@2|FRAMEWORK@Framework@0|25,status=0, args=(None,), message_id=RESPONSE|FRAMEWORK@Framework@0|fastran_FPP_000001@fastran_driver@2|50)
2026-05-06 17:21:11,575 fastran_driver_fastran_driver_2 DEBUG    _invoke_service(): init_call  ('init', '0')
2026-05-06 17:21:11,575 fastran_driver_fastran_driver_2 DEBUG    _get_service_response(REQUEST|fastran_FPP_000001@fastran_driver@2|FRAMEWORK@Framework@0|26)
2026-05-06 17:21:11,576 fastran__impurity_radiation_5 DEBUG    Received Message 
2026-05-06 17:21:11,576 fastran__impurity_radiation_5 DEBUG    Calling method init(0)
2026-05-06 17:21:11,577 fastran__impurity_radiation_5 DEBUG    _invoke_service(): stage_state  (['s000001.00001', 'g000001.00001', 'i000001.00001'], '/pscratch/sd/h/hswils/github_repos/MANTA_DBSCANS/TORIC+RAD+TGLF_lowerKr/SCAN/work/plasma_state', '/pscratch/sd/h/hswils/github_repos/MANTA_DBSCANS/TORIC+RAD+TGLF_lowerKr/SCAN/work/fastran__impurity_radiation_5')
2026-05-06 17:21:11,577 fastran__impurity_radiation_5 DEBUG    _get_service_response(REQUEST|fastran_FPP_000001@impurity_radiation@5|FRAMEWORK@Framework@0|0)
2026-05-06 17:21:11,586 fastran_driver_fastran_driver_2 DEBUG    _get_service_response(REQUEST|fastran_FPP_000001@fastran_driver@2|FRAMEWORK@Framework@0|26), response = ServiceResponseMessage(sender_id=FRAMEWORK@Framework@0, receiver_id=fastran_FPP_000001@fastran_driver@2, request_msg_id=REQUEST|fastran_FPP_000001@fastran_driver@2|FRAMEWORK@Framework@0|26,status=0, args=(13,), message_id=RESPONSE|FRAMEWORK@Framework@0|fastran_FPP_000001@fastran_driver@2|51)
2026-05-06 17:21:11,586 fastran_driver_fastran_driver_2 DEBUG    _invoke_service(): wait_call  (13, True)
2026-05-06 17:21:11,586 fastran_driver_fastran_driver_2 DEBUG    _get_service_response(REQUEST|fastran_FPP_000001@fastran_driver@2|FRAMEWORK@Framework@0|27)
2026-05-06 17:21:11,599 fastran__impurity_radiation_5 DEBUG    _get_service_response(REQUEST|fastran_FPP_000001@impurity_radiation@5|FRAMEWORK@Framework@0|0), response = ServiceResponseMessage(sender_id=FRAMEWORK@Framework@0, receiver_id=fastran_FPP_000001@impurity_radiation@5, request_msg_id=REQUEST|fastran_FPP_000001@impurity_radiation@5|FRAMEWORK@Framework@0|0,status=0, args=(0,), message_id=RESPONSE|FRAMEWORK@Framework@0|fastran_FPP_000001@impurity_radiation@5|52)
2026-05-06 17:21:11,599 fastran__impurity_radiation_5 DEBUG    _invoke_service(): getTopic  ('_IPS_MONITOR',)
2026-05-06 17:21:11,599 fastran__impurity_radiation_5 DEBUG    _get_service_response(REQUEST|fastran_FPP_000001@impurity_radiation@5|FRAMEWORK@Framework@0|1)
2026-05-06 17:21:11,610 fastran__impurity_radiation_5 DEBUG    _get_service_response(REQUEST|fastran_FPP_000001@impurity_radiation@5|FRAMEWORK@Framework@0|1), response = ServiceResponseMessage(sender_id=FRAMEWORK@Framework@0, receiver_id=fastran_FPP_000001@impurity_radiation@5, request_msg_id=REQUEST|fastran_FPP_000001@impurity_radiation@5|FRAMEWORK@Framework@0|1,status=0, args=(<ipsframework.cca_es_spec.Topic object at 0x7f54f886a1c0>,), message_id=RESPONSE|FRAMEWORK@Framework@0|fastran_FPP_000001@impurity_radiation@5|53)
2026-05-06 17:21:11,610 fastran__impurity_radiation_5 DEBUG    _invoke_service(): sendEvent  ('_IPS_MONITOR', 'PORTAL_EVENT', {'sim_name': 'fastran_FPP_000001', 'real_sim_name': 'fastran_FPP_000001', 'portal_data': {'code': 'fastran__impurity_radiation', 'eventtype': 'IPS_STAGE_STATE', 'ok': True, 'walltime': '6.79', 'time': '2026-05-06|17:21:11PDT', 'trace': {'timestamp': 1778113271577078, 'duration': 22230, 'localEndpoint': {'serviceName': 'stage_state'}, 'name': "['s000001.00001', 'g000001.00001', 'i000001.00001']", 'id': '71885aecf25d7412', 'parentId': '1a9b8874f301cc93', 'tags': {}}, 'state': 'Running', 'comment': 'Elapsed time = 0.022  files = s000001.00001 g000001.00001 i000001.00001 Success'}})
2026-05-06 17:21:11,610 fastran__impurity_radiation_5 DEBUG    _get_service_response(REQUEST|fastran_FPP_000001@impurity_radiation@5|FRAMEWORK@Framework@0|2)
2026-05-06 17:21:11,620 fastran__impurity_radiation_5 DEBUG    _get_service_response(REQUEST|fastran_FPP_000001@impurity_radiation@5|FRAMEWORK@Framework@0|2), response = ServiceResponseMessage(sender_id=FRAMEWORK@Framework@0, receiver_id=fastran_FPP_000001@impurity_radiation@5, request_msg_id=REQUEST|fastran_FPP_000001@impurity_radiation@5|FRAMEWORK@Framework@0|2,status=0, args=(None,), message_id=RESPONSE|FRAMEWORK@Framework@0|fastran_FPP_000001@impurity_radiation@5|54)
2026-05-06 17:21:11,774 fastran_driver_fastran_driver_2 DEBUG    _get_service_response(REQUEST|fastran_FPP_000001@fastran_driver@2|FRAMEWORK@Framework@0|27), response = ServiceResponseMessage(sender_id=FRAMEWORK@Framework@0, receiver_id=fastran_FPP_000001@fastran_driver@2, request_msg_id=REQUEST|fastran_FPP_000001@fastran_driver@2|FRAMEWORK@Framework@0|27,status=0, args=((None,),), message_id=RESPONSE|FRAMEWORK@Framework@0|fastran_FPP_000001@fastran_driver@2|55)
2026-05-06 17:21:11,774 fastran_driver_fastran_driver_2 DEBUG    _invoke_service(): getTopic  ('_IPS_MONITOR',)
2026-05-06 17:21:11,774 fastran_driver_fastran_driver_2 DEBUG    _get_service_response(REQUEST|fastran_FPP_000001@fastran_driver@2|FRAMEWORK@Framework@0|28)
2026-05-06 17:21:11,784 fastran_driver_fastran_driver_2 DEBUG    _get_service_response(REQUEST|fastran_FPP_000001@fastran_driver@2|FRAMEWORK@Framework@0|28), response = ServiceResponseMessage(sender_id=FRAMEWORK@Framework@0, receiver_id=fastran_FPP_000001@fastran_driver@2, request_msg_id=REQUEST|fastran_FPP_000001@fastran_driver@2|FRAMEWORK@Framework@0|28,status=0, args=(<ipsframework.cca_es_spec.Topic object at 0x7f54f88d1610>,), message_id=RESPONSE|FRAMEWORK@Framework@0|fastran_FPP_000001@fastran_driver@2|56)
2026-05-06 17:21:11,785 fastran_driver_fastran_driver_2 DEBUG    _invoke_service(): sendEvent  ('_IPS_MONITOR', 'PORTAL_EVENT', {'sim_name': 'fastran_FPP_000001', 'real_sim_name': 'fastran_FPP_000001', 'portal_data': {'code': 'fastran_driver_fastran_driver', 'eventtype': 'IPS_CALL_END', 'ok': True, 'walltime': '6.96', 'time': '2026-05-06|17:21:11PDT', 'trace': {'timestamp': 1778113271586721, 'duration': 187433, 'localEndpoint': {'serviceName': 'fastran_FPP_000001@impurity_radiation@5'}, 'name': 'init(0)', 'id': '1a9b8874f301cc93', 'parentId': 'f899e3e5886669ce', 'tags': {}}, 'state': 'Running', 'comment': 'Target = fastran_FPP_000001@impurity_radiation@5:init(0)'}})
2026-05-06 17:21:11,785 fastran_driver_fastran_driver_2 DEBUG    _get_service_response(REQUEST|fastran_FPP_000001@fastran_driver@2|FRAMEWORK@Framework@0|29)
2026-05-06 17:21:11,796 fastran_driver_fastran_driver_2 DEBUG    _get_service_response(REQUEST|fastran_FPP_000001@fastran_driver@2|FRAMEWORK@Framework@0|29), response = ServiceResponseMessage(sender_id=FRAMEWORK@Framework@0, receiver_id=fastran_FPP_000001@fastran_driver@2, request_msg_id=REQUEST|fastran_FPP_000001@fastran_driver@2|FRAMEWORK@Framework@0|29,status=0, args=(None,), message_id=RESPONSE|FRAMEWORK@Framework@0|fastran_FPP_000001@fastran_driver@2|57)
2026-05-06 17:21:11,796 fastran_driver_fastran_driver_2 DEBUG    _invoke_service(): getTopic  ('_IPS_MONITOR',)
2026-05-06 17:21:11,796 fastran_driver_fastran_driver_2 DEBUG    _get_service_response(REQUEST|fastran_FPP_000001@fastran_driver@2|FRAMEWORK@Framework@0|30)
2026-05-06 17:21:11,807 fastran_driver_fastran_driver_2 DEBUG    _get_service_response(REQUEST|fastran_FPP_000001@fastran_driver@2|FRAMEWORK@Framework@0|30), response = ServiceResponseMessage(sender_id=FRAMEWORK@Framework@0, receiver_id=fastran_FPP_000001@fastran_driver@2, request_msg_id=REQUEST|fastran_FPP_000001@fastran_driver@2|FRAMEWORK@Framework@0|30,status=0, args=(<ipsframework.cca_es_spec.Topic object at 0x7f54f88d1670>,), message_id=RESPONSE|FRAMEWORK@Framework@0|fastran_FPP_000001@fastran_driver@2|58)
2026-05-06 17:21:11,807 fastran_driver_fastran_driver_2 DEBUG    _invoke_service(): sendEvent  ('_IPS_MONITOR', 'PORTAL_EVENT', {'sim_name': 'fastran_FPP_000001', 'real_sim_name': 'fastran_FPP_000001', 'portal_data': {'code': 'fastran_driver_fastran_driver', 'eventtype': 'IPS_CALL_BEGIN', 'ok': True, 'walltime': '6.99', 'time': '2026-05-06|17:21:11PDT', 'state': 'Running', 'comment': 'Target = fastran_FPP_000001@toric@6:init(0)'}})
2026-05-06 17:21:11,807 fastran_driver_fastran_driver_2 DEBUG    _get_service_response(REQUEST|fastran_FPP_000001@fastran_driver@2|FRAMEWORK@Framework@0|31)
2026-05-06 17:21:11,818 fastran_driver_fastran_driver_2 DEBUG    _get_service_response(REQUEST|fastran_FPP_000001@fastran_driver@2|FRAMEWORK@Framework@0|31), response = ServiceResponseMessage(sender_id=FRAMEWORK@Framework@0, receiver_id=fastran_FPP_000001@fastran_driver@2, request_msg_id=REQUEST|fastran_FPP_000001@fastran_driver@2|FRAMEWORK@Framework@0|31,status=0, args=(None,), message_id=RESPONSE|FRAMEWORK@Framework@0|fastran_FPP_000001@fastran_driver@2|59)
2026-05-06 17:21:11,818 fastran_driver_fastran_driver_2 DEBUG    _invoke_service(): init_call  ('init', '0')
2026-05-06 17:21:11,818 fastran_driver_fastran_driver_2 DEBUG    _get_service_response(REQUEST|fastran_FPP_000001@fastran_driver@2|FRAMEWORK@Framework@0|32)
2026-05-06 17:21:11,819 rf_ic_toric_6   DEBUG    Received Message 
2026-05-06 17:21:11,819 rf_ic_toric_6   DEBUG    Calling method init(0)
2026-05-06 17:21:11,820 rf_ic_toric_6   DEBUG    _invoke_service(): stage_state  (['s000001.00001', 'g000001.00001'], '/pscratch/sd/h/hswils/github_repos/MANTA_DBSCANS/TORIC+RAD+TGLF_lowerKr/SCAN/work/plasma_state', '/pscratch/sd/h/hswils/github_repos/MANTA_DBSCANS/TORIC+RAD+TGLF_lowerKr/SCAN/work/rf_ic_toric_6')
2026-05-06 17:21:11,820 rf_ic_toric_6   DEBUG    _get_service_response(REQUEST|fastran_FPP_000001@toric@6|FRAMEWORK@Framework@0|0)
2026-05-06 17:21:11,829 fastran_driver_fastran_driver_2 DEBUG    _get_service_response(REQUEST|fastran_FPP_000001@fastran_driver@2|FRAMEWORK@Framework@0|32), response = ServiceResponseMessage(sender_id=FRAMEWORK@Framework@0, receiver_id=fastran_FPP_000001@fastran_driver@2, request_msg_id=REQUEST|fastran_FPP_000001@fastran_driver@2|FRAMEWORK@Framework@0|32,status=0, args=(14,), message_id=RESPONSE|FRAMEWORK@Framework@0|fastran_FPP_000001@fastran_driver@2|60)
2026-05-06 17:21:11,829 fastran_driver_fastran_driver_2 DEBUG    _invoke_service(): wait_call  (14, True)
2026-05-06 17:21:11,829 fastran_driver_fastran_driver_2 DEBUG    _get_service_response(REQUEST|fastran_FPP_000001@fastran_driver@2|FRAMEWORK@Framework@0|33)
2026-05-06 17:21:11,839 rf_ic_toric_6   DEBUG    _get_service_response(REQUEST|fastran_FPP_000001@toric@6|FRAMEWORK@Framework@0|0), response = ServiceResponseMessage(sender_id=FRAMEWORK@Framework@0, receiver_id=fastran_FPP_000001@toric@6, request_msg_id=REQUEST|fastran_FPP_000001@toric@6|FRAMEWORK@Framework@0|0,status=0, args=(0,), message_id=RESPONSE|FRAMEWORK@Framework@0|fastran_FPP_000001@toric@6|61)
2026-05-06 17:21:11,839 rf_ic_toric_6   DEBUG    _invoke_service(): getTopic  ('_IPS_MONITOR',)
2026-05-06 17:21:11,839 rf_ic_toric_6   DEBUG    _get_service_response(REQUEST|fastran_FPP_000001@toric@6|FRAMEWORK@Framework@0|1)
2026-05-06 17:21:11,850 rf_ic_toric_6   DEBUG    _get_service_response(REQUEST|fastran_FPP_000001@toric@6|FRAMEWORK@Framework@0|1), response = ServiceResponseMessage(sender_id=FRAMEWORK@Framework@0, receiver_id=fastran_FPP_000001@toric@6, request_msg_id=REQUEST|fastran_FPP_000001@toric@6|FRAMEWORK@Framework@0|1,status=0, args=(<ipsframework.cca_es_spec.Topic object at 0x7f54f88740a0>,), message_id=RESPONSE|FRAMEWORK@Framework@0|fastran_FPP_000001@toric@6|62)
2026-05-06 17:21:11,850 rf_ic_toric_6   DEBUG    _invoke_service(): sendEvent  ('_IPS_MONITOR', 'PORTAL_EVENT', {'sim_name': 'fastran_FPP_000001', 'real_sim_name': 'fastran_FPP_000001', 'portal_data': {'code': 'rf_ic_toric', 'eventtype': 'IPS_STAGE_STATE', 'ok': True, 'walltime': '7.03', 'time': '2026-05-06|17:21:11PDT', 'trace': {'timestamp': 1778113271819901, 'duration': 19539, 'localEndpoint': {'serviceName': 'stage_state'}, 'name': "['s000001.00001', 'g000001.00001']", 'id': '32793a28c0f8ba4b', 'parentId': 'c7077054b3f68c86', 'tags': {}}, 'state': 'Running', 'comment': 'Elapsed time = 0.020  files = s000001.00001 g000001.00001 Success'}})
2026-05-06 17:21:11,850 rf_ic_toric_6   DEBUG    _get_service_response(REQUEST|fastran_FPP_000001@toric@6|FRAMEWORK@Framework@0|2)
2026-05-06 17:21:11,861 rf_ic_toric_6   DEBUG    _get_service_response(REQUEST|fastran_FPP_000001@toric@6|FRAMEWORK@Framework@0|2), response = ServiceResponseMessage(sender_id=FRAMEWORK@Framework@0, receiver_id=fastran_FPP_000001@toric@6, request_msg_id=REQUEST|fastran_FPP_000001@toric@6|FRAMEWORK@Framework@0|2,status=0, args=(None,), message_id=RESPONSE|FRAMEWORK@Framework@0|fastran_FPP_000001@toric@6|63)
2026-05-06 17:21:11,874 rf_ic_toric_6   DEBUG    _invoke_service(): getTopic  ('_IPS_MONITOR',)
2026-05-06 17:21:11,874 rf_ic_toric_6   DEBUG    _get_service_response(REQUEST|fastran_FPP_000001@toric@6|FRAMEWORK@Framework@0|3)
2026-05-06 17:21:11,884 rf_ic_toric_6   DEBUG    _get_service_response(REQUEST|fastran_FPP_000001@toric@6|FRAMEWORK@Framework@0|3), response = ServiceResponseMessage(sender_id=FRAMEWORK@Framework@0, receiver_id=fastran_FPP_000001@toric@6, request_msg_id=REQUEST|fastran_FPP_000001@toric@6|FRAMEWORK@Framework@0|3,status=0, args=(<ipsframework.cca_es_spec.Topic object at 0x7f54f88741f0>,), message_id=RESPONSE|FRAMEWORK@Framework@0|fastran_FPP_000001@toric@6|64)
2026-05-06 17:21:11,884 rf_ic_toric_6   DEBUG    _invoke_service(): sendEvent  ('_IPS_MONITOR', 'PORTAL_EVENT', {'sim_name': 'fastran_FPP_000001', 'real_sim_name': 'fastran_FPP_000001', 'portal_data': {'code': 'rf_ic_toric', 'eventtype': 'IPS_STAGE_INPUTS', 'ok': True, 'walltime': '7.06', 'time': '2026-05-06|17:21:11PDT', 'trace': {'timestamp': 1778113271861102, 'duration': 13080, 'localEndpoint': {'serviceName': 'stage_input_files'}, 'name': 'machine.inp equigs_gen.ind torica.inp', 'id': 'b108389cfa22cdf4', 'parentId': 'c7077054b3f68c86', 'tags': {}}, 'state': 'Running', 'comment': 'Elapsed time = 0.013 Path = /pscratch/sd/h/hswils/github_repos/MANTA_DBSCANS/TORIC+RAD+TGLF_lowerKr/input Files = machine.inp equigs_gen.ind torica.inp'}})
2026-05-06 17:21:11,885 rf_ic_toric_6   DEBUG    _get_service_response(REQUEST|fastran_FPP_000001@toric@6|FRAMEWORK@Framework@0|4)
2026-05-06 17:21:11,895 rf_ic_toric_6   DEBUG    _get_service_response(REQUEST|fastran_FPP_000001@toric@6|FRAMEWORK@Framework@0|4), response = ServiceResponseMessage(sender_id=FRAMEWORK@Framework@0, receiver_id=fastran_FPP_000001@toric@6, request_msg_id=REQUEST|fastran_FPP_000001@toric@6|FRAMEWORK@Framework@0|4,status=0, args=(None,), message_id=RESPONSE|FRAMEWORK@Framework@0|fastran_FPP_000001@toric@6|66)
2026-05-06 17:21:11,895 rf_ic_toric_6   DEBUG    _invoke_service(): update_state  (['s000001.00001', 'g000001.00001'], '/pscratch/sd/h/hswils/github_repos/MANTA_DBSCANS/TORIC+RAD+TGLF_lowerKr/SCAN/work/rf_ic_toric_6', '/pscratch/sd/h/hswils/github_repos/MANTA_DBSCANS/TORIC+RAD+TGLF_lowerKr/SCAN/work/plasma_state')
2026-05-06 17:21:11,895 rf_ic_toric_6   DEBUG    _get_service_response(REQUEST|fastran_FPP_000001@toric@6|FRAMEWORK@Framework@0|5)
2026-05-06 17:21:11,914 rf_ic_toric_6   DEBUG    _get_service_response(REQUEST|fastran_FPP_000001@toric@6|FRAMEWORK@Framework@0|5), response = ServiceResponseMessage(sender_id=FRAMEWORK@Framework@0, receiver_id=fastran_FPP_000001@toric@6, request_msg_id=REQUEST|fastran_FPP_000001@toric@6|FRAMEWORK@Framework@0|5,status=0, args=(0,), message_id=RESPONSE|FRAMEWORK@Framework@0|fastran_FPP_000001@toric@6|67)
2026-05-06 17:21:11,914 rf_ic_toric_6   DEBUG    _invoke_service(): getTopic  ('_IPS_MONITOR',)
2026-05-06 17:21:11,914 rf_ic_toric_6   DEBUG    _get_service_response(REQUEST|fastran_FPP_000001@toric@6|FRAMEWORK@Framework@0|6)
2026-05-06 17:21:11,925 rf_ic_toric_6   DEBUG    _get_service_response(REQUEST|fastran_FPP_000001@toric@6|FRAMEWORK@Framework@0|6), response = ServiceResponseMessage(sender_id=FRAMEWORK@Framework@0, receiver_id=fastran_FPP_000001@toric@6, request_msg_id=REQUEST|fastran_FPP_000001@toric@6|FRAMEWORK@Framework@0|6,status=0, args=(<ipsframework.cca_es_spec.Topic object at 0x7f54f8874280>,), message_id=RESPONSE|FRAMEWORK@Framework@0|fastran_FPP_000001@toric@6|68)
2026-05-06 17:21:11,925 rf_ic_toric_6   DEBUG    _invoke_service(): sendEvent  ('_IPS_MONITOR', 'PORTAL_EVENT', {'sim_name': 'fastran_FPP_000001', 'real_sim_name': 'fastran_FPP_000001', 'portal_data': {'code': 'rf_ic_toric', 'eventtype': 'IPS_UPDATE_STATE', 'ok': True, 'walltime': '7.10', 'time': '2026-05-06|17:21:11PDT', 'trace': {'timestamp': 1778113271895677, 'duration': 18943, 'localEndpoint': {'serviceName': 'update_state'}, 'name': "['s000001.00001', 'g000001.00001']", 'id': 'd2ceaa619acd7d5c', 'parentId': 'c7077054b3f68c86', 'tags': {}}, 'state': 'Running', 'comment': 'Elapsed time = 0.019   files = s000001.00001 g000001.00001 Success'}})
2026-05-06 17:21:11,925 rf_ic_toric_6   DEBUG    _get_service_response(REQUEST|fastran_FPP_000001@toric@6|FRAMEWORK@Framework@0|7)
2026-05-06 17:21:11,935 rf_ic_toric_6   DEBUG    _get_service_response(REQUEST|fastran_FPP_000001@toric@6|FRAMEWORK@Framework@0|7), response = ServiceResponseMessage(sender_id=FRAMEWORK@Framework@0, receiver_id=fastran_FPP_000001@toric@6, request_msg_id=REQUEST|fastran_FPP_000001@toric@6|FRAMEWORK@Framework@0|7,status=0, args=(None,), message_id=RESPONSE|FRAMEWORK@Framework@0|fastran_FPP_000001@toric@6|69)
2026-05-06 17:21:12,133 rf_ic_toric_6   DEBUG    _invoke_service(): getTopic  ('_IPS_MONITOR',)
2026-05-06 17:21:12,134 rf_ic_toric_6   DEBUG    _get_service_response(REQUEST|fastran_FPP_000001@toric@6|FRAMEWORK@Framework@0|8)
2026-05-06 17:21:12,144 rf_ic_toric_6   DEBUG    _get_service_response(REQUEST|fastran_FPP_000001@toric@6|FRAMEWORK@Framework@0|8), response = ServiceResponseMessage(sender_id=FRAMEWORK@Framework@0, receiver_id=fastran_FPP_000001@toric@6, request_msg_id=REQUEST|fastran_FPP_000001@toric@6|FRAMEWORK@Framework@0|8,status=0, args=(<ipsframework.cca_es_spec.Topic object at 0x7f54f8874040>,), message_id=RESPONSE|FRAMEWORK@Framework@0|fastran_FPP_000001@toric@6|70)
2026-05-06 17:21:12,144 rf_ic_toric_6   DEBUG    _invoke_service(): sendEvent  ('_IPS_MONITOR', 'PORTAL_EVENT', {'sim_name': 'fastran_FPP_000001', 'real_sim_name': 'fastran_FPP_000001', 'portal_data': {'code': 'rf_ic_toric', 'eventtype': 'IPS_STAGE_OUTPUTS', 'ok': True, 'walltime': '7.32', 'time': '2026-05-06|17:21:12PDT', 'trace': {'timestamp': 1778113272107523, 'duration': 26010, 'localEndpoint': {'serviceName': 'stage_output_files'}, 'name': "['torica.inp', 'machine.inp', 'log.toric', 'toric.nc', 'profstat.dat', 'equigs.data', 'equidt.data', 'toric_cfg.nc']", 'id': '749f5c33ef51fb56', 'parentId': 'c7077054b3f68c86', 'tags': {}}, 'state': 'Running', 'comment': "Elapsed time = 0.026 Path = /pscratch/sd/h/hswils/github_repos/MANTA_DBSCANS/TORIC+RAD+TGLF_lowerKr/SCAN/simulation_results/0/components/rf_ic_toric_6 Files = ['torica.inp', 'machine.inp', 'log.toric', 'toric.nc', 'profstat.dat', 'equigs.data', 'equidt.data', 'toric_cfg.nc']"}})
2026-05-06 17:21:12,145 rf_ic_toric_6   DEBUG    _get_service_response(REQUEST|fastran_FPP_000001@toric@6|FRAMEWORK@Framework@0|9)
2026-05-06 17:21:12,155 rf_ic_toric_6   DEBUG    _get_service_response(REQUEST|fastran_FPP_000001@toric@6|FRAMEWORK@Framework@0|9), response = ServiceResponseMessage(sender_id=FRAMEWORK@Framework@0, receiver_id=fastran_FPP_000001@toric@6, request_msg_id=REQUEST|fastran_FPP_000001@toric@6|FRAMEWORK@Framework@0|9,status=0, args=(None,), message_id=RESPONSE|FRAMEWORK@Framework@0|fastran_FPP_000001@toric@6|71)
2026-05-06 17:21:12,166 fastran_driver_fastran_driver_2 DEBUG    _get_service_response(REQUEST|fastran_FPP_000001@fastran_driver@2|FRAMEWORK@Framework@0|33), response = ServiceResponseMessage(sender_id=FRAMEWORK@Framework@0, receiver_id=fastran_FPP_000001@fastran_driver@2, request_msg_id=REQUEST|fastran_FPP_000001@fastran_driver@2|FRAMEWORK@Framework@0|33,status=0, args=((0,),), message_id=RESPONSE|FRAMEWORK@Framework@0|fastran_FPP_000001@fastran_driver@2|72)
2026-05-06 17:21:12,166 fastran_driver_fastran_driver_2 DEBUG    _invoke_service(): getTopic  ('_IPS_MONITOR',)
2026-05-06 17:21:12,166 fastran_driver_fastran_driver_2 DEBUG    _get_service_response(REQUEST|fastran_FPP_000001@fastran_driver@2|FRAMEWORK@Framework@0|34)
2026-05-06 17:21:12,176 fastran_driver_fastran_driver_2 DEBUG    _get_service_response(REQUEST|fastran_FPP_000001@fastran_driver@2|FRAMEWORK@Framework@0|34), response = ServiceResponseMessage(sender_id=FRAMEWORK@Framework@0, receiver_id=fastran_FPP_000001@fastran_driver@2, request_msg_id=REQUEST|fastran_FPP_000001@fastran_driver@2|FRAMEWORK@Framework@0|34,status=0, args=(<ipsframework.cca_es_spec.Topic object at 0x7f54f88d1610>,), message_id=RESPONSE|FRAMEWORK@Framework@0|fastran_FPP_000001@fastran_driver@2|73)
2026-05-06 17:21:12,177 fastran_driver_fastran_driver_2 DEBUG    _invoke_service(): sendEvent  ('_IPS_MONITOR', 'PORTAL_EVENT', {'sim_name': 'fastran_FPP_000001', 'real_sim_name': 'fastran_FPP_000001', 'portal_data': {'code': 'fastran_driver_fastran_driver', 'eventtype': 'IPS_CALL_END', 'ok': True, 'walltime': '7.36', 'time': '2026-05-06|17:21:12PDT', 'trace': {'timestamp': 1778113271829697, 'duration': 336567, 'localEndpoint': {'serviceName': 'fastran_FPP_000001@toric@6'}, 'name': 'init(0)', 'id': 'c7077054b3f68c86', 'parentId': 'f899e3e5886669ce', 'tags': {}}, 'state': 'Running', 'comment': 'Target = fastran_FPP_000001@toric@6:init(0)'}})
2026-05-06 17:21:12,177 fastran_driver_fastran_driver_2 DEBUG    _get_service_response(REQUEST|fastran_FPP_000001@fastran_driver@2|FRAMEWORK@Framework@0|35)
2026-05-06 17:21:12,187 fastran_driver_fastran_driver_2 DEBUG    _get_service_response(REQUEST|fastran_FPP_000001@fastran_driver@2|FRAMEWORK@Framework@0|35), response = ServiceResponseMessage(sender_id=FRAMEWORK@Framework@0, receiver_id=fastran_FPP_000001@fastran_driver@2, request_msg_id=REQUEST|fastran_FPP_000001@fastran_driver@2|FRAMEWORK@Framework@0|35,status=0, args=(None,), message_id=RESPONSE|FRAMEWORK@Framework@0|fastran_FPP_000001@fastran_driver@2|74)
2026-05-06 17:21:12,187 fastran_driver_fastran_driver_2 DEBUG    _invoke_service(): getTopic  ('_IPS_MONITOR',)
2026-05-06 17:21:12,188 fastran_driver_fastran_driver_2 DEBUG    _get_service_response(REQUEST|fastran_FPP_000001@fastran_driver@2|FRAMEWORK@Framework@0|36)
2026-05-06 17:21:12,198 fastran_driver_fastran_driver_2 DEBUG    _get_service_response(REQUEST|fastran_FPP_000001@fastran_driver@2|FRAMEWORK@Framework@0|36), response = ServiceResponseMessage(sender_id=FRAMEWORK@Framework@0, receiver_id=fastran_FPP_000001@fastran_driver@2, request_msg_id=REQUEST|fastran_FPP_000001@fastran_driver@2|FRAMEWORK@Framework@0|36,status=0, args=(<ipsframework.cca_es_spec.Topic object at 0x7f54f88d19a0>,), message_id=RESPONSE|FRAMEWORK@Framework@0|fastran_FPP_000001@fastran_driver@2|75)
2026-05-06 17:21:12,198 fastran_driver_fastran_driver_2 DEBUG    _invoke_service(): sendEvent  ('_IPS_MONITOR', 'PORTAL_EVENT', {'sim_name': 'fastran_FPP_000001', 'real_sim_name': 'fastran_FPP_000001', 'portal_data': {'code': 'fastran_driver_fastran_driver', 'eventtype': 'IPS_CALL_BEGIN', 'ok': True, 'walltime': '7.38', 'time': '2026-05-06|17:21:12PDT', 'state': 'Running', 'comment': 'Target = fastran_FPP_000001@efit@7:init(0)'}})
2026-05-06 17:21:12,198 fastran_driver_fastran_driver_2 DEBUG    _get_service_response(REQUEST|fastran_FPP_000001@fastran_driver@2|FRAMEWORK@Framework@0|37)
2026-05-06 17:21:12,209 fastran_driver_fastran_driver_2 DEBUG    _get_service_response(REQUEST|fastran_FPP_000001@fastran_driver@2|FRAMEWORK@Framework@0|37), response = ServiceResponseMessage(sender_id=FRAMEWORK@Framework@0, receiver_id=fastran_FPP_000001@fastran_driver@2, request_msg_id=REQUEST|fastran_FPP_000001@fastran_driver@2|FRAMEWORK@Framework@0|37,status=0, args=(None,), message_id=RESPONSE|FRAMEWORK@Framework@0|fastran_FPP_000001@fastran_driver@2|76)
2026-05-06 17:21:12,209 fastran_driver_fastran_driver_2 DEBUG    _invoke_service(): init_call  ('init', '0')
2026-05-06 17:21:12,209 fastran_driver_fastran_driver_2 DEBUG    _get_service_response(REQUEST|fastran_FPP_000001@fastran_driver@2|FRAMEWORK@Framework@0|38)
2026-05-06 17:21:12,210 fastran_eq_efit_7 DEBUG    Received Message 
2026-05-06 17:21:12,210 fastran_eq_efit_7 DEBUG    Calling method init(0)
2026-05-06 17:21:12,220 fastran_driver_fastran_driver_2 DEBUG    _get_service_response(REQUEST|fastran_FPP_000001@fastran_driver@2|FRAMEWORK@Framework@0|38), response = ServiceResponseMessage(sender_id=FRAMEWORK@Framework@0, receiver_id=fastran_FPP_000001@fastran_driver@2, request_msg_id=REQUEST|fastran_FPP_000001@fastran_driver@2|FRAMEWORK@Framework@0|38,status=0, args=(15,), message_id=RESPONSE|FRAMEWORK@Framework@0|fastran_FPP_000001@fastran_driver@2|77)
2026-05-06 17:21:12,220 fastran_driver_fastran_driver_2 DEBUG    _invoke_service(): wait_call  (15, True)
2026-05-06 17:21:12,220 fastran_driver_fastran_driver_2 DEBUG    _get_service_response(REQUEST|fastran_FPP_000001@fastran_driver@2|FRAMEWORK@Framework@0|39)
2026-05-06 17:21:12,230 fastran_driver_fastran_driver_2 DEBUG    _get_service_response(REQUEST|fastran_FPP_000001@fastran_driver@2|FRAMEWORK@Framework@0|39), response = ServiceResponseMessage(sender_id=FRAMEWORK@Framework@0, receiver_id=fastran_FPP_000001@fastran_driver@2, request_msg_id=REQUEST|fastran_FPP_000001@fastran_driver@2|FRAMEWORK@Framework@0|39,status=0, args=((None,),), message_id=RESPONSE|FRAMEWORK@Framework@0|fastran_FPP_000001@fastran_driver@2|78)
2026-05-06 17:21:12,230 fastran_driver_fastran_driver_2 DEBUG    _invoke_service(): getTopic  ('_IPS_MONITOR',)
2026-05-06 17:21:12,231 fastran_driver_fastran_driver_2 DEBUG    _get_service_response(REQUEST|fastran_FPP_000001@fastran_driver@2|FRAMEWORK@Framework@0|40)
2026-05-06 17:21:12,241 fastran_driver_fastran_driver_2 DEBUG    _get_service_response(REQUEST|fastran_FPP_000001@fastran_driver@2|FRAMEWORK@Framework@0|40), response = ServiceResponseMessage(sender_id=FRAMEWORK@Framework@0, receiver_id=fastran_FPP_000001@fastran_driver@2, request_msg_id=REQUEST|fastran_FPP_000001@fastran_driver@2|FRAMEWORK@Framework@0|40,status=0, args=(<ipsframework.cca_es_spec.Topic object at 0x7f54f88d1610>,), message_id=RESPONSE|FRAMEWORK@Framework@0|fastran_FPP_000001@fastran_driver@2|79)
2026-05-06 17:21:12,241 fastran_driver_fastran_driver_2 DEBUG    _invoke_service(): sendEvent  ('_IPS_MONITOR', 'PORTAL_EVENT', {'sim_name': 'fastran_FPP_000001', 'real_sim_name': 'fastran_FPP_000001', 'portal_data': {'code': 'fastran_driver_fastran_driver', 'eventtype': 'IPS_CALL_END', 'ok': True, 'walltime': '7.42', 'time': '2026-05-06|17:21:12PDT', 'trace': {'timestamp': 1778113272220274, 'duration': 10623, 'localEndpoint': {'serviceName': 'fastran_FPP_000001@efit@7'}, 'name': 'init(0)', 'id': '87f19c9b49f8de42', 'parentId': 'f899e3e5886669ce', 'tags': {}}, 'state': 'Running', 'comment': 'Target = fastran_FPP_000001@efit@7:init(0)'}})
2026-05-06 17:21:12,241 fastran_driver_fastran_driver_2 DEBUG    _get_service_response(REQUEST|fastran_FPP_000001@fastran_driver@2|FRAMEWORK@Framework@0|41)
2026-05-06 17:21:12,252 fastran_driver_fastran_driver_2 DEBUG    _get_service_response(REQUEST|fastran_FPP_000001@fastran_driver@2|FRAMEWORK@Framework@0|41), response = ServiceResponseMessage(sender_id=FRAMEWORK@Framework@0, receiver_id=fastran_FPP_000001@fastran_driver@2, request_msg_id=REQUEST|fastran_FPP_000001@fastran_driver@2|FRAMEWORK@Framework@0|41,status=0, args=(None,), message_id=RESPONSE|FRAMEWORK@Framework@0|fastran_FPP_000001@fastran_driver@2|80)
2026-05-06 17:21:12,252 fastran_driver_fastran_driver_2 DEBUG    _invoke_service(): getTopic  ('_IPS_MONITOR',)
2026-05-06 17:21:12,252 fastran_driver_fastran_driver_2 DEBUG    _get_service_response(REQUEST|fastran_FPP_000001@fastran_driver@2|FRAMEWORK@Framework@0|42)
2026-05-06 17:21:12,263 fastran_driver_fastran_driver_2 DEBUG    _get_service_response(REQUEST|fastran_FPP_000001@fastran_driver@2|FRAMEWORK@Framework@0|42), response = ServiceResponseMessage(sender_id=FRAMEWORK@Framework@0, receiver_id=fastran_FPP_000001@fastran_driver@2, request_msg_id=REQUEST|fastran_FPP_000001@fastran_driver@2|FRAMEWORK@Framework@0|42,status=0, args=(<ipsframework.cca_es_spec.Topic object at 0x7f54f88d1910>,), message_id=RESPONSE|FRAMEWORK@Framework@0|fastran_FPP_000001@fastran_driver@2|81)
2026-05-06 17:21:12,263 fastran_driver_fastran_driver_2 DEBUG    _invoke_service(): sendEvent  ('_IPS_MONITOR', 'PORTAL_EVENT', {'sim_name': 'fastran_FPP_000001', 'real_sim_name': 'fastran_FPP_000001', 'portal_data': {'code': 'fastran_driver_fastran_driver', 'eventtype': 'IPS_CALL_BEGIN', 'ok': True, 'walltime': '7.44', 'time': '2026-05-06|17:21:12PDT', 'state': 'Running', 'comment': 'Target = fastran_FPP_000001@fastran@8:init(0)'}})
2026-05-06 17:21:12,263 fastran_driver_fastran_driver_2 DEBUG    _get_service_response(REQUEST|fastran_FPP_000001@fastran_driver@2|FRAMEWORK@Framework@0|43)
2026-05-06 17:21:12,274 fastran_driver_fastran_driver_2 DEBUG    _get_service_response(REQUEST|fastran_FPP_000001@fastran_driver@2|FRAMEWORK@Framework@0|43), response = ServiceResponseMessage(sender_id=FRAMEWORK@Framework@0, receiver_id=fastran_FPP_000001@fastran_driver@2, request_msg_id=REQUEST|fastran_FPP_000001@fastran_driver@2|FRAMEWORK@Framework@0|43,status=0, args=(None,), message_id=RESPONSE|FRAMEWORK@Framework@0|fastran_FPP_000001@fastran_driver@2|82)
2026-05-06 17:21:12,274 fastran_driver_fastran_driver_2 DEBUG    _invoke_service(): init_call  ('init', '0')
2026-05-06 17:21:12,274 fastran_driver_fastran_driver_2 DEBUG    _get_service_response(REQUEST|fastran_FPP_000001@fastran_driver@2|FRAMEWORK@Framework@0|44)
2026-05-06 17:21:12,276 fastran_tr_fastran_8 DEBUG    Received Message 
2026-05-06 17:21:12,276 fastran_tr_fastran_8 DEBUG    Calling method init(0)
2026-05-06 17:21:12,286 fastran_driver_fastran_driver_2 DEBUG    _get_service_response(REQUEST|fastran_FPP_000001@fastran_driver@2|FRAMEWORK@Framework@0|44), response = ServiceResponseMessage(sender_id=FRAMEWORK@Framework@0, receiver_id=fastran_FPP_000001@fastran_driver@2, request_msg_id=REQUEST|fastran_FPP_000001@fastran_driver@2|FRAMEWORK@Framework@0|44,status=0, args=(16,), message_id=RESPONSE|FRAMEWORK@Framework@0|fastran_FPP_000001@fastran_driver@2|83)
2026-05-06 17:21:12,286 fastran_driver_fastran_driver_2 DEBUG    _invoke_service(): wait_call  (16, True)
2026-05-06 17:21:12,286 fastran_driver_fastran_driver_2 DEBUG    _get_service_response(REQUEST|fastran_FPP_000001@fastran_driver@2|FRAMEWORK@Framework@0|45)
2026-05-06 17:21:12,297 fastran_driver_fastran_driver_2 DEBUG    _get_service_response(REQUEST|fastran_FPP_000001@fastran_driver@2|FRAMEWORK@Framework@0|45), response = ServiceResponseMessage(sender_id=FRAMEWORK@Framework@0, receiver_id=fastran_FPP_000001@fastran_driver@2, request_msg_id=REQUEST|fastran_FPP_000001@fastran_driver@2|FRAMEWORK@Framework@0|45,status=0, args=((None,),), message_id=RESPONSE|FRAMEWORK@Framework@0|fastran_FPP_000001@fastran_driver@2|84)
2026-05-06 17:21:12,297 fastran_driver_fastran_driver_2 DEBUG    _invoke_service(): getTopic  ('_IPS_MONITOR',)
2026-05-06 17:21:12,297 fastran_driver_fastran_driver_2 DEBUG    _get_service_response(REQUEST|fastran_FPP_000001@fastran_driver@2|FRAMEWORK@Framework@0|46)
2026-05-06 17:21:12,308 fastran_driver_fastran_driver_2 DEBUG    _get_service_response(REQUEST|fastran_FPP_000001@fastran_driver@2|FRAMEWORK@Framework@0|46), response = ServiceResponseMessage(sender_id=FRAMEWORK@Framework@0, receiver_id=fastran_FPP_000001@fastran_driver@2, request_msg_id=REQUEST|fastran_FPP_000001@fastran_driver@2|FRAMEWORK@Framework@0|46,status=0, args=(<ipsframework.cca_es_spec.Topic object at 0x7f54f88d1610>,), message_id=RESPONSE|FRAMEWORK@Framework@0|fastran_FPP_000001@fastran_driver@2|85)
2026-05-06 17:21:12,308 fastran_driver_fastran_driver_2 DEBUG    _invoke_service(): sendEvent  ('_IPS_MONITOR', 'PORTAL_EVENT', {'sim_name': 'fastran_FPP_000001', 'real_sim_name': 'fastran_FPP_000001', 'portal_data': {'code': 'fastran_driver_fastran_driver', 'eventtype': 'IPS_CALL_END', 'ok': True, 'walltime': '7.49', 'time': '2026-05-06|17:21:12PDT', 'trace': {'timestamp': 1778113272286396, 'duration': 10961, 'localEndpoint': {'serviceName': 'fastran_FPP_000001@fastran@8'}, 'name': 'init(0)', 'id': '3832a100988b6d1f', 'parentId': 'f899e3e5886669ce', 'tags': {}}, 'state': 'Running', 'comment': 'Target = fastran_FPP_000001@fastran@8:init(0)'}})
2026-05-06 17:21:12,308 fastran_driver_fastran_driver_2 DEBUG    _get_service_response(REQUEST|fastran_FPP_000001@fastran_driver@2|FRAMEWORK@Framework@0|47)
2026-05-06 17:21:12,319 fastran_driver_fastran_driver_2 DEBUG    _get_service_response(REQUEST|fastran_FPP_000001@fastran_driver@2|FRAMEWORK@Framework@0|47), response = ServiceResponseMessage(sender_id=FRAMEWORK@Framework@0, receiver_id=fastran_FPP_000001@fastran_driver@2, request_msg_id=REQUEST|fastran_FPP_000001@fastran_driver@2|FRAMEWORK@Framework@0|47,status=0, args=(None,), message_id=RESPONSE|FRAMEWORK@Framework@0|fastran_FPP_000001@fastran_driver@2|86)
2026-05-06 17:21:12,319 fastran_driver_fastran_driver_2 DEBUG    _invoke_service(): stage_state  (['s000001.00001', 'g000001.00001', 'i000001.00001'], '/pscratch/sd/h/hswils/github_repos/MANTA_DBSCANS/TORIC+RAD+TGLF_lowerKr/SCAN/work/plasma_state', '/pscratch/sd/h/hswils/github_repos/MANTA_DBSCANS/TORIC+RAD+TGLF_lowerKr/SCAN/work/fastran_driver_fastran_driver_2')
2026-05-06 17:21:12,319 fastran_driver_fastran_driver_2 DEBUG    _get_service_response(REQUEST|fastran_FPP_000001@fastran_driver@2|FRAMEWORK@Framework@0|48)
2026-05-06 17:21:12,340 fastran_driver_fastran_driver_2 DEBUG    _get_service_response(REQUEST|fastran_FPP_000001@fastran_driver@2|FRAMEWORK@Framework@0|48), response = ServiceResponseMessage(sender_id=FRAMEWORK@Framework@0, receiver_id=fastran_FPP_000001@fastran_driver@2, request_msg_id=REQUEST|fastran_FPP_000001@fastran_driver@2|FRAMEWORK@Framework@0|48,status=0, args=(0,), message_id=RESPONSE|FRAMEWORK@Framework@0|fastran_FPP_000001@fastran_driver@2|87)
2026-05-06 17:21:12,340 fastran_driver_fastran_driver_2 DEBUG    _invoke_service(): getTopic  ('_IPS_MONITOR',)
2026-05-06 17:21:12,340 fastran_driver_fastran_driver_2 DEBUG    _get_service_response(REQUEST|fastran_FPP_000001@fastran_driver@2|FRAMEWORK@Framework@0|49)
2026-05-06 17:21:12,351 fastran_driver_fastran_driver_2 DEBUG    _get_service_response(REQUEST|fastran_FPP_000001@fastran_driver@2|FRAMEWORK@Framework@0|49), response = ServiceResponseMessage(sender_id=FRAMEWORK@Framework@0, receiver_id=fastran_FPP_000001@fastran_driver@2, request_msg_id=REQUEST|fastran_FPP_000001@fastran_driver@2|FRAMEWORK@Framework@0|49,status=0, args=(<ipsframework.cca_es_spec.Topic object at 0x7f54f88d1670>,), message_id=RESPONSE|FRAMEWORK@Framework@0|fastran_FPP_000001@fastran_driver@2|88)
2026-05-06 17:21:12,351 fastran_driver_fastran_driver_2 DEBUG    _invoke_service(): sendEvent  ('_IPS_MONITOR', 'PORTAL_EVENT', {'sim_name': 'fastran_FPP_000001', 'real_sim_name': 'fastran_FPP_000001', 'portal_data': {'code': 'fastran_driver_fastran_driver', 'eventtype': 'IPS_STAGE_STATE', 'ok': True, 'walltime': '7.53', 'time': '2026-05-06|17:21:12PDT', 'trace': {'timestamp': 1778113272319335, 'duration': 21034, 'localEndpoint': {'serviceName': 'stage_state'}, 'name': "['s000001.00001', 'g000001.00001', 'i000001.00001']", 'id': '71885aecf25d7412', 'parentId': 'f899e3e5886669ce', 'tags': {}}, 'state': 'Running', 'comment': 'Elapsed time = 0.021  files = s000001.00001 g000001.00001 i000001.00001 Success'}})
2026-05-06 17:21:12,351 fastran_driver_fastran_driver_2 DEBUG    _get_service_response(REQUEST|fastran_FPP_000001@fastran_driver@2|FRAMEWORK@Framework@0|50)
2026-05-06 17:21:12,362 fastran_driver_fastran_driver_2 DEBUG    _get_service_response(REQUEST|fastran_FPP_000001@fastran_driver@2|FRAMEWORK@Framework@0|50), response = ServiceResponseMessage(sender_id=FRAMEWORK@Framework@0, receiver_id=fastran_FPP_000001@fastran_driver@2, request_msg_id=REQUEST|fastran_FPP_000001@fastran_driver@2|FRAMEWORK@Framework@0|50,status=0, args=(None,), message_id=RESPONSE|FRAMEWORK@Framework@0|fastran_FPP_000001@fastran_driver@2|89)
2026-05-06 17:21:12,363 fastran_driver_fastran_driver_2 DEBUG    _invoke_service(): getTopic  ('_IPS_MONITOR',)
2026-05-06 17:21:12,363 fastran_driver_fastran_driver_2 DEBUG    _get_service_response(REQUEST|fastran_FPP_000001@fastran_driver@2|FRAMEWORK@Framework@0|51)
2026-05-06 17:21:12,373 fastran_driver_fastran_driver_2 DEBUG    _get_service_response(REQUEST|fastran_FPP_000001@fastran_driver@2|FRAMEWORK@Framework@0|51), response = ServiceResponseMessage(sender_id=FRAMEWORK@Framework@0, receiver_id=fastran_FPP_000001@fastran_driver@2, request_msg_id=REQUEST|fastran_FPP_000001@fastran_driver@2|FRAMEWORK@Framework@0|51,status=0, args=(<ipsframework.cca_es_spec.Topic object at 0x7f54f88d1ac0>,), message_id=RESPONSE|FRAMEWORK@Framework@0|fastran_FPP_000001@fastran_driver@2|90)
2026-05-06 17:21:12,374 fastran_driver_fastran_driver_2 DEBUG    _invoke_service(): sendEvent  ('_IPS_MONITOR', 'PORTAL_EVENT', {'sim_name': 'fastran_FPP_000001', 'real_sim_name': 'fastran_FPP_000001', 'portal_data': {'code': 'fastran_driver_fastran_driver', 'eventtype': 'IPS_STAGE_OUTPUTS', 'ok': True, 'walltime': '7.55', 'time': '2026-05-06|17:21:12PDT', 'trace': {'timestamp': 1778113272362140, 'duration': 1187, 'localEndpoint': {'serviceName': 'stage_output_files'}, 'name': '[]', 'id': 'ed019efe11be26d9', 'parentId': 'f899e3e5886669ce', 'tags': {}}, 'state': 'Running', 'comment': 'Elapsed time = 0.001 Path = /pscratch/sd/h/hswils/github_repos/MANTA_DBSCANS/TORIC+RAD+TGLF_lowerKr/SCAN/simulation_results/0/components/fastran_driver_fastran_driver_2 Files = []'}})
2026-05-06 17:21:12,374 fastran_driver_fastran_driver_2 DEBUG    _get_service_response(REQUEST|fastran_FPP_000001@fastran_driver@2|FRAMEWORK@Framework@0|52)
2026-05-06 17:21:12,384 fastran_driver_fastran_driver_2 DEBUG    _get_service_response(REQUEST|fastran_FPP_000001@fastran_driver@2|FRAMEWORK@Framework@0|52), response = ServiceResponseMessage(sender_id=FRAMEWORK@Framework@0, receiver_id=fastran_FPP_000001@fastran_driver@2, request_msg_id=REQUEST|fastran_FPP_000001@fastran_driver@2|FRAMEWORK@Framework@0|52,status=0, args=(None,), message_id=RESPONSE|FRAMEWORK@Framework@0|fastran_FPP_000001@fastran_driver@2|91)
2026-05-06 17:21:12,385 fastran_driver_fastran_driver_2 DEBUG    _invoke_service(): getTopic  ('_IPS_MONITOR',)
2026-05-06 17:21:12,385 fastran_driver_fastran_driver_2 DEBUG    _get_service_response(REQUEST|fastran_FPP_000001@fastran_driver@2|FRAMEWORK@Framework@0|53)
2026-05-06 17:21:12,395 fastran_driver_fastran_driver_2 DEBUG    _get_service_response(REQUEST|fastran_FPP_000001@fastran_driver@2|FRAMEWORK@Framework@0|53), response = ServiceResponseMessage(sender_id=FRAMEWORK@Framework@0, receiver_id=fastran_FPP_000001@fastran_driver@2, request_msg_id=REQUEST|fastran_FPP_000001@fastran_driver@2|FRAMEWORK@Framework@0|53,status=0, args=(<ipsframework.cca_es_spec.Topic object at 0x7f54f88d1970>,), message_id=RESPONSE|FRAMEWORK@Framework@0|fastran_FPP_000001@fastran_driver@2|92)
2026-05-06 17:21:12,395 fastran_driver_fastran_driver_2 DEBUG    _invoke_service(): sendEvent  ('_IPS_MONITOR', 'PORTALBRIDGE_UPDATE_TIMESTAMP', {'sim_name': 'fastran_FPP_000001', 'real_sim_name': 'fastran_FPP_000001', 'portal_data': {'phystimestamp': 'preprocess_0', 'eventtype': 'PORTALBRIDGE_UPDATE_TIMESTAMP'}})
2026-05-06 17:21:12,395 fastran_driver_fastran_driver_2 DEBUG    _get_service_response(REQUEST|fastran_FPP_000001@fastran_driver@2|FRAMEWORK@Framework@0|54)
2026-05-06 17:21:12,406 fastran_driver_fastran_driver_2 DEBUG    _get_service_response(REQUEST|fastran_FPP_000001@fastran_driver@2|FRAMEWORK@Framework@0|54), response = ServiceResponseMessage(sender_id=FRAMEWORK@Framework@0, receiver_id=fastran_FPP_000001@fastran_driver@2, request_msg_id=REQUEST|fastran_FPP_000001@fastran_driver@2|FRAMEWORK@Framework@0|54,status=0, args=(None,), message_id=RESPONSE|FRAMEWORK@Framework@0|fastran_FPP_000001@fastran_driver@2|94)
2026-05-06 17:21:12,406 fastran_driver_fastran_driver_2 DEBUG    _invoke_service(): getTopic  ('_IPS_MONITOR',)
2026-05-06 17:21:12,406 fastran_driver_fastran_driver_2 DEBUG    _get_service_response(REQUEST|fastran_FPP_000001@fastran_driver@2|FRAMEWORK@Framework@0|55)
2026-05-06 17:21:12,417 fastran_driver_fastran_driver_2 DEBUG    _get_service_response(REQUEST|fastran_FPP_000001@fastran_driver@2|FRAMEWORK@Framework@0|55), response = ServiceResponseMessage(sender_id=FRAMEWORK@Framework@0, receiver_id=fastran_FPP_000001@fastran_driver@2, request_msg_id=REQUEST|fastran_FPP_000001@fastran_driver@2|FRAMEWORK@Framework@0|55,status=0, args=(<ipsframework.cca_es_spec.Topic object at 0x7f54f88d1ac0>,), message_id=RESPONSE|FRAMEWORK@Framework@0|fastran_FPP_000001@fastran_driver@2|95)
2026-05-06 17:21:12,417 fastran_driver_fastran_driver_2 DEBUG    _invoke_service(): sendEvent  ('_IPS_MONITOR', 'PORTAL_EVENT', {'sim_name': 'fastran_FPP_000001', 'real_sim_name': 'fastran_FPP_000001', 'portal_data': {'code': 'fastran_driver_fastran_driver', 'eventtype': 'IPS_UPDATE_TIME_STAMP', 'ok': True, 'walltime': '7.60', 'time': '2026-05-06|17:21:12PDT', 'state': 'Running', 'comment': 'Timestamp = preprocess_0'}})
2026-05-06 17:21:12,417 fastran_driver_fastran_driver_2 DEBUG    _get_service_response(REQUEST|fastran_FPP_000001@fastran_driver@2|FRAMEWORK@Framework@0|56)
2026-05-06 17:21:12,428 fastran_driver_fastran_driver_2 DEBUG    _get_service_response(REQUEST|fastran_FPP_000001@fastran_driver@2|FRAMEWORK@Framework@0|56), response = ServiceResponseMessage(sender_id=FRAMEWORK@Framework@0, receiver_id=fastran_FPP_000001@fastran_driver@2, request_msg_id=REQUEST|fastran_FPP_000001@fastran_driver@2|FRAMEWORK@Framework@0|56,status=0, args=(None,), message_id=RESPONSE|FRAMEWORK@Framework@0|fastran_FPP_000001@fastran_driver@2|96)
2026-05-06 17:21:12,428 fastran_driver_fastran_driver_2 DEBUG    _invoke_service(): getTopic  ('_IPS_MONITOR',)
2026-05-06 17:21:12,428 fastran_driver_fastran_driver_2 DEBUG    _get_service_response(REQUEST|fastran_FPP_000001@fastran_driver@2|FRAMEWORK@Framework@0|57)
2026-05-06 17:21:12,439 fastran_driver_fastran_driver_2 DEBUG    _get_service_response(REQUEST|fastran_FPP_000001@fastran_driver@2|FRAMEWORK@Framework@0|57), response = ServiceResponseMessage(sender_id=FRAMEWORK@Framework@0, receiver_id=fastran_FPP_000001@fastran_driver@2, request_msg_id=REQUEST|fastran_FPP_000001@fastran_driver@2|FRAMEWORK@Framework@0|57,status=0, args=(<ipsframework.cca_es_spec.Topic object at 0x7f54f88d1670>,), message_id=RESPONSE|FRAMEWORK@Framework@0|fastran_FPP_000001@fastran_driver@2|97)
2026-05-06 17:21:12,439 fastran_driver_fastran_driver_2 DEBUG    _invoke_service(): sendEvent  ('_IPS_MONITOR', 'PORTAL_EVENT', {'sim_name': 'fastran_FPP_000001', 'real_sim_name': 'fastran_FPP_000001', 'portal_data': {'code': 'fastran_driver_fastran_driver', 'eventtype': 'IPS_CALL_BEGIN', 'ok': True, 'walltime': '7.62', 'time': '2026-05-06|17:21:12PDT', 'state': 'Running', 'comment': 'Target = fastran_FPP_000001@efit@3:step(preprocess_0)'}})
2026-05-06 17:21:12,439 fastran_driver_fastran_driver_2 DEBUG    _get_service_response(REQUEST|fastran_FPP_000001@fastran_driver@2|FRAMEWORK@Framework@0|58)
2026-05-06 17:21:12,450 fastran_driver_fastran_driver_2 DEBUG    _get_service_response(REQUEST|fastran_FPP_000001@fastran_driver@2|FRAMEWORK@Framework@0|58), response = ServiceResponseMessage(sender_id=FRAMEWORK@Framework@0, receiver_id=fastran_FPP_000001@fastran_driver@2, request_msg_id=REQUEST|fastran_FPP_000001@fastran_driver@2|FRAMEWORK@Framework@0|58,status=0, args=(None,), message_id=RESPONSE|FRAMEWORK@Framework@0|fastran_FPP_000001@fastran_driver@2|98)
2026-05-06 17:21:12,450 fastran_driver_fastran_driver_2 DEBUG    _invoke_service(): init_call  ('step', 'preprocess_0')
2026-05-06 17:21:12,450 fastran_driver_fastran_driver_2 DEBUG    _get_service_response(REQUEST|fastran_FPP_000001@fastran_driver@2|FRAMEWORK@Framework@0|59)
2026-05-06 17:21:12,451 fastran_eq0_efit_3 DEBUG    Received Message 
2026-05-06 17:21:12,451 fastran_eq0_efit_3 DEBUG    Calling method step(preprocess_0)
2026-05-06 17:21:12,451 fastran_eq0_efit_3 DEBUG    _invoke_service(): stage_state  (['s000001.00001', 'g000001.00001', 'i000001.00001'], '/pscratch/sd/h/hswils/github_repos/MANTA_DBSCANS/TORIC+RAD+TGLF_lowerKr/SCAN/work/plasma_state', '/pscratch/sd/h/hswils/github_repos/MANTA_DBSCANS/TORIC+RAD+TGLF_lowerKr/SCAN/work/fastran_eq0_efit_3')
2026-05-06 17:21:12,452 fastran_eq0_efit_3 DEBUG    _get_service_response(REQUEST|fastran_FPP_000001@efit@3|FRAMEWORK@Framework@0|6)
2026-05-06 17:21:12,461 fastran_driver_fastran_driver_2 DEBUG    _get_service_response(REQUEST|fastran_FPP_000001@fastran_driver@2|FRAMEWORK@Framework@0|59), response = ServiceResponseMessage(sender_id=FRAMEWORK@Framework@0, receiver_id=fastran_FPP_000001@fastran_driver@2, request_msg_id=REQUEST|fastran_FPP_000001@fastran_driver@2|FRAMEWORK@Framework@0|59,status=0, args=(17,), message_id=RESPONSE|FRAMEWORK@Framework@0|fastran_FPP_000001@fastran_driver@2|99)
2026-05-06 17:21:12,461 fastran_driver_fastran_driver_2 DEBUG    _invoke_service(): wait_call  (17, True)
2026-05-06 17:21:12,461 fastran_driver_fastran_driver_2 DEBUG    _get_service_response(REQUEST|fastran_FPP_000001@fastran_driver@2|FRAMEWORK@Framework@0|60)
2026-05-06 17:21:12,471 fastran_eq0_efit_3 DEBUG    _get_service_response(REQUEST|fastran_FPP_000001@efit@3|FRAMEWORK@Framework@0|6), response = ServiceResponseMessage(sender_id=FRAMEWORK@Framework@0, receiver_id=fastran_FPP_000001@efit@3, request_msg_id=REQUEST|fastran_FPP_000001@efit@3|FRAMEWORK@Framework@0|6,status=0, args=(0,), message_id=RESPONSE|FRAMEWORK@Framework@0|fastran_FPP_000001@efit@3|100)
2026-05-06 17:21:12,471 fastran_eq0_efit_3 DEBUG    _invoke_service(): getTopic  ('_IPS_MONITOR',)
2026-05-06 17:21:12,471 fastran_eq0_efit_3 DEBUG    _get_service_response(REQUEST|fastran_FPP_000001@efit@3|FRAMEWORK@Framework@0|7)
2026-05-06 17:21:12,482 fastran_eq0_efit_3 DEBUG    _get_service_response(REQUEST|fastran_FPP_000001@efit@3|FRAMEWORK@Framework@0|7), response = ServiceResponseMessage(sender_id=FRAMEWORK@Framework@0, receiver_id=fastran_FPP_000001@efit@3, request_msg_id=REQUEST|fastran_FPP_000001@efit@3|FRAMEWORK@Framework@0|7,status=0, args=(<ipsframework.cca_es_spec.Topic object at 0x7f54f88d95b0>,), message_id=RESPONSE|FRAMEWORK@Framework@0|fastran_FPP_000001@efit@3|101)
2026-05-06 17:21:12,482 fastran_eq0_efit_3 DEBUG    _invoke_service(): sendEvent  ('_IPS_MONITOR', 'PORTAL_EVENT', {'sim_name': 'fastran_FPP_000001', 'real_sim_name': 'fastran_FPP_000001', 'portal_data': {'code': 'fastran_eq0_efit', 'eventtype': 'IPS_STAGE_STATE', 'ok': True, 'walltime': '7.66', 'time': '2026-05-06|17:21:12PDT', 'trace': {'timestamp': 1778113272451854, 'duration': 19944, 'localEndpoint': {'serviceName': 'stage_state'}, 'name': "['s000001.00001', 'g000001.00001', 'i000001.00001']", 'id': '71885aecf25d7412', 'parentId': '6bdb4f9fe7725998', 'tags': {}}, 'state': 'Running', 'comment': 'Elapsed time = 0.020  files = s000001.00001 g000001.00001 i000001.00001 Success'}})
2026-05-06 17:21:12,482 fastran_eq0_efit_3 DEBUG    _get_service_response(REQUEST|fastran_FPP_000001@efit@3|FRAMEWORK@Framework@0|8)
2026-05-06 17:21:12,492 fastran_eq0_efit_3 DEBUG    _get_service_response(REQUEST|fastran_FPP_000001@efit@3|FRAMEWORK@Framework@0|8), response = ServiceResponseMessage(sender_id=FRAMEWORK@Framework@0, receiver_id=fastran_FPP_000001@efit@3, request_msg_id=REQUEST|fastran_FPP_000001@efit@3|FRAMEWORK@Framework@0|8,status=0, args=(None,), message_id=RESPONSE|FRAMEWORK@Framework@0|fastran_FPP_000001@efit@3|102)
2026-05-06 17:21:26,979 fastran_eq0_efit_3 DEBUG    _invoke_service(): update_state  (['s000001.00001', 'g000001.00001', 'i000001.00001'], '/pscratch/sd/h/hswils/github_repos/MANTA_DBSCANS/TORIC+RAD+TGLF_lowerKr/SCAN/work/fastran_eq0_efit_3', '/pscratch/sd/h/hswils/github_repos/MANTA_DBSCANS/TORIC+RAD+TGLF_lowerKr/SCAN/work/plasma_state')
2026-05-06 17:21:26,980 fastran_eq0_efit_3 DEBUG    _get_service_response(REQUEST|fastran_FPP_000001@efit@3|FRAMEWORK@Framework@0|9)
2026-05-06 17:21:27,000 fastran_eq0_efit_3 DEBUG    _get_service_response(REQUEST|fastran_FPP_000001@efit@3|FRAMEWORK@Framework@0|9), response = ServiceResponseMessage(sender_id=FRAMEWORK@Framework@0, receiver_id=fastran_FPP_000001@efit@3, request_msg_id=REQUEST|fastran_FPP_000001@efit@3|FRAMEWORK@Framework@0|9,status=0, args=(0,), message_id=RESPONSE|FRAMEWORK@Framework@0|fastran_FPP_000001@efit@3|131)
2026-05-06 17:21:27,001 fastran_eq0_efit_3 DEBUG    _invoke_service(): getTopic  ('_IPS_MONITOR',)
2026-05-06 17:21:27,001 fastran_eq0_efit_3 DEBUG    _get_service_response(REQUEST|fastran_FPP_000001@efit@3|FRAMEWORK@Framework@0|10)
2026-05-06 17:21:27,011 fastran_eq0_efit_3 DEBUG    _get_service_response(REQUEST|fastran_FPP_000001@efit@3|FRAMEWORK@Framework@0|10), response = ServiceResponseMessage(sender_id=FRAMEWORK@Framework@0, receiver_id=fastran_FPP_000001@efit@3, request_msg_id=REQUEST|fastran_FPP_000001@efit@3|FRAMEWORK@Framework@0|10,status=0, args=(<ipsframework.cca_es_spec.Topic object at 0x7f54f88d95e0>,), message_id=RESPONSE|FRAMEWORK@Framework@0|fastran_FPP_000001@efit@3|132)
2026-05-06 17:21:27,011 fastran_eq0_efit_3 DEBUG    _invoke_service(): sendEvent  ('_IPS_MONITOR', 'PORTAL_EVENT', {'sim_name': 'fastran_FPP_000001', 'real_sim_name': 'fastran_FPP_000001', 'portal_data': {'code': 'fastran_eq0_efit', 'eventtype': 'IPS_UPDATE_STATE', 'ok': True, 'walltime': '22.19', 'time': '2026-05-06|17:21:27PDT', 'trace': {'timestamp': 1778113286978931, 'duration': 21981, 'localEndpoint': {'serviceName': 'update_state'}, 'name': "['s000001.00001', 'g000001.00001', 'i000001.00001']", 'id': '7629e189a66153c0', 'parentId': '6bdb4f9fe7725998', 'tags': {}}, 'state': 'Running', 'comment': 'Elapsed time = 0.022   files = s000001.00001 g000001.00001 i000001.00001 Success'}})
2026-05-06 17:21:27,012 fastran_eq0_efit_3 DEBUG    _get_service_response(REQUEST|fastran_FPP_000001@efit@3|FRAMEWORK@Framework@0|11)
2026-05-06 17:21:27,022 fastran_eq0_efit_3 DEBUG    _get_service_response(REQUEST|fastran_FPP_000001@efit@3|FRAMEWORK@Framework@0|11), response = ServiceResponseMessage(sender_id=FRAMEWORK@Framework@0, receiver_id=fastran_FPP_000001@efit@3, request_msg_id=REQUEST|fastran_FPP_000001@efit@3|FRAMEWORK@Framework@0|11,status=0, args=(None,), message_id=RESPONSE|FRAMEWORK@Framework@0|fastran_FPP_000001@efit@3|133)
2026-05-06 17:21:27,051 fastran_eq0_efit_3 DEBUG    _invoke_service(): getTopic  ('_IPS_MONITOR',)
2026-05-06 17:21:27,051 fastran_eq0_efit_3 DEBUG    _get_service_response(REQUEST|fastran_FPP_000001@efit@3|FRAMEWORK@Framework@0|12)
2026-05-06 17:21:27,061 fastran_eq0_efit_3 DEBUG    _get_service_response(REQUEST|fastran_FPP_000001@efit@3|FRAMEWORK@Framework@0|12), response = ServiceResponseMessage(sender_id=FRAMEWORK@Framework@0, receiver_id=fastran_FPP_000001@efit@3, request_msg_id=REQUEST|fastran_FPP_000001@efit@3|FRAMEWORK@Framework@0|12,status=0, args=(<ipsframework.cca_es_spec.Topic object at 0x7f54f88d9af0>,), message_id=RESPONSE|FRAMEWORK@Framework@0|fastran_FPP_000001@efit@3|134)
2026-05-06 17:21:27,061 fastran_eq0_efit_3 DEBUG    _invoke_service(): sendEvent  ('_IPS_MONITOR', 'PORTAL_EVENT', {'sim_name': 'fastran_FPP_000001', 'real_sim_name': 'fastran_FPP_000001', 'portal_data': {'code': 'fastran_eq0_efit', 'eventtype': 'IPS_STAGE_OUTPUTS', 'ok': True, 'walltime': '22.24', 'time': '2026-05-06|17:21:27PDT', 'trace': {'timestamp': 1778113287022894, 'duration': 28002, 'localEndpoint': {'serviceName': 'stage_output_files'}, 'name': "['g*.*', 'a*.*', 'm*.*', 'k*.*', 'efit.log', 's*.*']", 'id': '80725d8eee5776f1', 'parentId': '6bdb4f9fe7725998', 'tags': {}}, 'state': 'Running', 'comment': "Elapsed time = 0.028 Path = /pscratch/sd/h/hswils/github_repos/MANTA_DBSCANS/TORIC+RAD+TGLF_lowerKr/SCAN/simulation_results/preprocess_0/components/fastran_eq0_efit_3 Files = ['g*.*', 'a*.*', 'm*.*', 'k*.*', 'efit.log', 's*.*']"}})
2026-05-06 17:21:27,062 fastran_eq0_efit_3 DEBUG    _get_service_response(REQUEST|fastran_FPP_000001@efit@3|FRAMEWORK@Framework@0|13)
2026-05-06 17:21:27,072 fastran_eq0_efit_3 DEBUG    _get_service_response(REQUEST|fastran_FPP_000001@efit@3|FRAMEWORK@Framework@0|13), response = ServiceResponseMessage(sender_id=FRAMEWORK@Framework@0, receiver_id=fastran_FPP_000001@efit@3, request_msg_id=REQUEST|fastran_FPP_000001@efit@3|FRAMEWORK@Framework@0|13,status=0, args=(None,), message_id=RESPONSE|FRAMEWORK@Framework@0|fastran_FPP_000001@efit@3|135)
2026-05-06 17:21:27,084 fastran_driver_fastran_driver_2 DEBUG    _get_service_response(REQUEST|fastran_FPP_000001@fastran_driver@2|FRAMEWORK@Framework@0|60), response = ServiceResponseMessage(sender_id=FRAMEWORK@Framework@0, receiver_id=fastran_FPP_000001@fastran_driver@2, request_msg_id=REQUEST|fastran_FPP_000001@fastran_driver@2|FRAMEWORK@Framework@0|60,status=0, args=((None,),), message_id=RESPONSE|FRAMEWORK@Framework@0|fastran_FPP_000001@fastran_driver@2|136)
2026-05-06 17:21:27,084 fastran_driver_fastran_driver_2 DEBUG    _invoke_service(): getTopic  ('_IPS_MONITOR',)
2026-05-06 17:21:27,084 fastran_driver_fastran_driver_2 DEBUG    _get_service_response(REQUEST|fastran_FPP_000001@fastran_driver@2|FRAMEWORK@Framework@0|61)
2026-05-06 17:21:27,095 fastran_driver_fastran_driver_2 DEBUG    _get_service_response(REQUEST|fastran_FPP_000001@fastran_driver@2|FRAMEWORK@Framework@0|61), response = ServiceResponseMessage(sender_id=FRAMEWORK@Framework@0, receiver_id=fastran_FPP_000001@fastran_driver@2, request_msg_id=REQUEST|fastran_FPP_000001@fastran_driver@2|FRAMEWORK@Framework@0|61,status=0, args=(<ipsframework.cca_es_spec.Topic object at 0x7f54f88d19d0>,), message_id=RESPONSE|FRAMEWORK@Framework@0|fastran_FPP_000001@fastran_driver@2|137)
2026-05-06 17:21:27,095 fastran_driver_fastran_driver_2 DEBUG    _invoke_service(): sendEvent  ('_IPS_MONITOR', 'PORTAL_EVENT', {'sim_name': 'fastran_FPP_000001', 'real_sim_name': 'fastran_FPP_000001', 'portal_data': {'code': 'fastran_driver_fastran_driver', 'eventtype': 'IPS_CALL_END', 'ok': True, 'walltime': '22.27', 'time': '2026-05-06|17:21:27PDT', 'trace': {'timestamp': 1778113272461742, 'duration': 14622696, 'localEndpoint': {'serviceName': 'fastran_FPP_000001@efit@3'}, 'name': 'step(preprocess_0)', 'id': '6bdb4f9fe7725998', 'parentId': 'f899e3e5886669ce', 'tags': {}}, 'state': 'Running', 'comment': 'Target = fastran_FPP_000001@efit@3:step(preprocess_0)'}})
2026-05-06 17:21:27,095 fastran_driver_fastran_driver_2 DEBUG    _get_service_response(REQUEST|fastran_FPP_000001@fastran_driver@2|FRAMEWORK@Framework@0|62)
2026-05-06 17:21:27,106 fastran_driver_fastran_driver_2 DEBUG    _get_service_response(REQUEST|fastran_FPP_000001@fastran_driver@2|FRAMEWORK@Framework@0|62), response = ServiceResponseMessage(sender_id=FRAMEWORK@Framework@0, receiver_id=fastran_FPP_000001@fastran_driver@2, request_msg_id=REQUEST|fastran_FPP_000001@fastran_driver@2|FRAMEWORK@Framework@0|62,status=0, args=(None,), message_id=RESPONSE|FRAMEWORK@Framework@0|fastran_FPP_000001@fastran_driver@2|138)
2026-05-06 17:21:27,106 fastran_driver_fastran_driver_2 DEBUG    _invoke_service(): getTopic  ('_IPS_MONITOR',)
2026-05-06 17:21:27,106 fastran_driver_fastran_driver_2 DEBUG    _get_service_response(REQUEST|fastran_FPP_000001@fastran_driver@2|FRAMEWORK@Framework@0|63)
2026-05-06 17:21:27,117 fastran_driver_fastran_driver_2 DEBUG    _get_service_response(REQUEST|fastran_FPP_000001@fastran_driver@2|FRAMEWORK@Framework@0|63), response = ServiceResponseMessage(sender_id=FRAMEWORK@Framework@0, receiver_id=fastran_FPP_000001@fastran_driver@2, request_msg_id=REQUEST|fastran_FPP_000001@fastran_driver@2|FRAMEWORK@Framework@0|63,status=0, args=(<ipsframework.cca_es_spec.Topic object at 0x7f54f88d1c10>,), message_id=RESPONSE|FRAMEWORK@Framework@0|fastran_FPP_000001@fastran_driver@2|139)
2026-05-06 17:21:27,117 fastran_driver_fastran_driver_2 DEBUG    _invoke_service(): sendEvent  ('_IPS_MONITOR', 'PORTAL_EVENT', {'sim_name': 'fastran_FPP_000001', 'real_sim_name': 'fastran_FPP_000001', 'portal_data': {'code': 'fastran_driver_fastran_driver', 'eventtype': 'IPS_CALL_BEGIN', 'ok': True, 'walltime': '22.30', 'time': '2026-05-06|17:21:27PDT', 'state': 'Running', 'comment': 'Target = fastran_FPP_000001@fastran@4:step(preprocess_0)'}})
2026-05-06 17:21:27,117 fastran_driver_fastran_driver_2 DEBUG    _get_service_response(REQUEST|fastran_FPP_000001@fastran_driver@2|FRAMEWORK@Framework@0|64)
2026-05-06 17:21:27,128 fastran_driver_fastran_driver_2 DEBUG    _get_service_response(REQUEST|fastran_FPP_000001@fastran_driver@2|FRAMEWORK@Framework@0|64), response = ServiceResponseMessage(sender_id=FRAMEWORK@Framework@0, receiver_id=fastran_FPP_000001@fastran_driver@2, request_msg_id=REQUEST|fastran_FPP_000001@fastran_driver@2|FRAMEWORK@Framework@0|64,status=0, args=(None,), message_id=RESPONSE|FRAMEWORK@Framework@0|fastran_FPP_000001@fastran_driver@2|140)
2026-05-06 17:21:27,128 fastran_driver_fastran_driver_2 DEBUG    _invoke_service(): init_call  ('step', 'preprocess_0')
2026-05-06 17:21:27,128 fastran_driver_fastran_driver_2 DEBUG    _get_service_response(REQUEST|fastran_FPP_000001@fastran_driver@2|FRAMEWORK@Framework@0|65)
2026-05-06 17:21:27,129 fastran_tr0_fastran_4 DEBUG    Received Message 
2026-05-06 17:21:27,129 fastran_tr0_fastran_4 DEBUG    Calling method step(preprocess_0)
2026-05-06 17:21:27,129 fastran_tr0_fastran_4 DEBUG    _invoke_service(): stage_state  (['s000001.00001', 'g000001.00001', 'i000001.00001'], '/pscratch/sd/h/hswils/github_repos/MANTA_DBSCANS/TORIC+RAD+TGLF_lowerKr/SCAN/work/plasma_state', '/pscratch/sd/h/hswils/github_repos/MANTA_DBSCANS/TORIC+RAD+TGLF_lowerKr/SCAN/work/fastran_tr0_fastran_4')
2026-05-06 17:21:27,129 fastran_tr0_fastran_4 DEBUG    _get_service_response(REQUEST|fastran_FPP_000001@fastran@4|FRAMEWORK@Framework@0|0)
2026-05-06 17:21:27,139 fastran_driver_fastran_driver_2 DEBUG    _get_service_response(REQUEST|fastran_FPP_000001@fastran_driver@2|FRAMEWORK@Framework@0|65), response = ServiceResponseMessage(sender_id=FRAMEWORK@Framework@0, receiver_id=fastran_FPP_000001@fastran_driver@2, request_msg_id=REQUEST|fastran_FPP_000001@fastran_driver@2|FRAMEWORK@Framework@0|65,status=0, args=(18,), message_id=RESPONSE|FRAMEWORK@Framework@0|fastran_FPP_000001@fastran_driver@2|141)
2026-05-06 17:21:27,139 fastran_driver_fastran_driver_2 DEBUG    _invoke_service(): wait_call  (18, True)
2026-05-06 17:21:27,139 fastran_driver_fastran_driver_2 DEBUG    _get_service_response(REQUEST|fastran_FPP_000001@fastran_driver@2|FRAMEWORK@Framework@0|66)
2026-05-06 17:21:27,150 fastran_tr0_fastran_4 DEBUG    _get_service_response(REQUEST|fastran_FPP_000001@fastran@4|FRAMEWORK@Framework@0|0), response = ServiceResponseMessage(sender_id=FRAMEWORK@Framework@0, receiver_id=fastran_FPP_000001@fastran@4, request_msg_id=REQUEST|fastran_FPP_000001@fastran@4|FRAMEWORK@Framework@0|0,status=0, args=(0,), message_id=RESPONSE|FRAMEWORK@Framework@0|fastran_FPP_000001@fastran@4|142)
2026-05-06 17:21:27,151 fastran_tr0_fastran_4 DEBUG    _invoke_service(): getTopic  ('_IPS_MONITOR',)
2026-05-06 17:21:27,151 fastran_tr0_fastran_4 DEBUG    _get_service_response(REQUEST|fastran_FPP_000001@fastran@4|FRAMEWORK@Framework@0|1)
2026-05-06 17:21:27,162 fastran_tr0_fastran_4 DEBUG    _get_service_response(REQUEST|fastran_FPP_000001@fastran@4|FRAMEWORK@Framework@0|1), response = ServiceResponseMessage(sender_id=FRAMEWORK@Framework@0, receiver_id=fastran_FPP_000001@fastran@4, request_msg_id=REQUEST|fastran_FPP_000001@fastran@4|FRAMEWORK@Framework@0|1,status=0, args=(<ipsframework.cca_es_spec.Topic object at 0x7f54f885d7c0>,), message_id=RESPONSE|FRAMEWORK@Framework@0|fastran_FPP_000001@fastran@4|143)
2026-05-06 17:21:27,162 fastran_tr0_fastran_4 DEBUG    _invoke_service(): sendEvent  ('_IPS_MONITOR', 'PORTAL_EVENT', {'sim_name': 'fastran_FPP_000001', 'real_sim_name': 'fastran_FPP_000001', 'portal_data': {'code': 'fastran_tr0_fastran', 'eventtype': 'IPS_STAGE_STATE', 'ok': True, 'walltime': '22.34', 'time': '2026-05-06|17:21:27PDT', 'trace': {'timestamp': 1778113287129538, 'duration': 21538, 'localEndpoint': {'serviceName': 'stage_state'}, 'name': "['s000001.00001', 'g000001.00001', 'i000001.00001']", 'id': '71885aecf25d7412', 'parentId': 'dc94d487f5ccfee0', 'tags': {}}, 'state': 'Running', 'comment': 'Elapsed time = 0.022  files = s000001.00001 g000001.00001 i000001.00001 Success'}})
2026-05-06 17:21:27,162 fastran_tr0_fastran_4 DEBUG    _get_service_response(REQUEST|fastran_FPP_000001@fastran@4|FRAMEWORK@Framework@0|2)
2026-05-06 17:21:27,173 fastran_tr0_fastran_4 DEBUG    _get_service_response(REQUEST|fastran_FPP_000001@fastran@4|FRAMEWORK@Framework@0|2), response = ServiceResponseMessage(sender_id=FRAMEWORK@Framework@0, receiver_id=fastran_FPP_000001@fastran@4, request_msg_id=REQUEST|fastran_FPP_000001@fastran@4|FRAMEWORK@Framework@0|2,status=0, args=(None,), message_id=RESPONSE|FRAMEWORK@Framework@0|fastran_FPP_000001@fastran@4|144)
2026-05-06 17:21:27,182 fastran_tr0_fastran_4 DEBUG    _invoke_service(): getTopic  ('_IPS_MONITOR',)
2026-05-06 17:21:27,182 fastran_tr0_fastran_4 DEBUG    _get_service_response(REQUEST|fastran_FPP_000001@fastran@4|FRAMEWORK@Framework@0|3)
2026-05-06 17:21:27,192 fastran_tr0_fastran_4 DEBUG    _get_service_response(REQUEST|fastran_FPP_000001@fastran@4|FRAMEWORK@Framework@0|3), response = ServiceResponseMessage(sender_id=FRAMEWORK@Framework@0, receiver_id=fastran_FPP_000001@fastran@4, request_msg_id=REQUEST|fastran_FPP_000001@fastran@4|FRAMEWORK@Framework@0|3,status=0, args=(<ipsframework.cca_es_spec.Topic object at 0x7f54f885d520>,), message_id=RESPONSE|FRAMEWORK@Framework@0|fastran_FPP_000001@fastran@4|145)
2026-05-06 17:21:27,192 fastran_tr0_fastran_4 DEBUG    _invoke_service(): sendEvent  ('_IPS_MONITOR', 'PORTAL_EVENT', {'sim_name': 'fastran_FPP_000001', 'real_sim_name': 'fastran_FPP_000001', 'portal_data': {'code': 'fastran_tr0_fastran', 'eventtype': 'IPS_STAGE_INPUTS', 'ok': True, 'walltime': '22.37', 'time': '2026-05-06|17:21:27PDT', 'trace': {'timestamp': 1778113287173523, 'duration': 8552, 'localEndpoint': {'serviceName': 'stage_input_files'}, 'name': 'infastran0 intglf', 'id': 'dca1af508bf5af99', 'parentId': 'dc94d487f5ccfee0', 'tags': {}}, 'state': 'Running', 'comment': 'Elapsed time = 0.009 Path = /pscratch/sd/h/hswils/github_repos/MANTA_DBSCANS/TORIC+RAD+TGLF_lowerKr/input Files = infastran0 intglf'}})
2026-05-06 17:21:27,192 fastran_tr0_fastran_4 DEBUG    _get_service_response(REQUEST|fastran_FPP_000001@fastran@4|FRAMEWORK@Framework@0|4)
2026-05-06 17:21:27,203 fastran_tr0_fastran_4 DEBUG    _get_service_response(REQUEST|fastran_FPP_000001@fastran@4|FRAMEWORK@Framework@0|4), response = ServiceResponseMessage(sender_id=FRAMEWORK@Framework@0, receiver_id=fastran_FPP_000001@fastran@4, request_msg_id=REQUEST|fastran_FPP_000001@fastran@4|FRAMEWORK@Framework@0|4,status=0, args=(None,), message_id=RESPONSE|FRAMEWORK@Framework@0|fastran_FPP_000001@fastran@4|146)
2026-05-06 17:21:27,464 fastran_tr0_fastran_4 DEBUG    _invoke_service(): init_task  (TaskInit(nproc=1, binary='/global/common/software/atom/perlmutter/binaries/fastran/default/xfastran_ver1.07', working_dir='/pscratch/sd/h/hswils/github_repos/MANTA_DBSCANS/TORIC+RAD+TGLF_lowerKr/SCAN/work/fastran_tr0_fastran_4', tppn=0, tcpp=0, tgpp=0, block=True, omp=False, wnodes=True, wsocks=True, cmd_args=('1', '1')),)
2026-05-06 17:21:27,464 fastran_tr0_fastran_4 DEBUG    _get_service_response(REQUEST|fastran_FPP_000001@fastran@4|FRAMEWORK@Framework@0|5)
2026-05-06 17:21:27,475 fastran_tr0_fastran_4 DEBUG    _get_service_response(REQUEST|fastran_FPP_000001@fastran@4|FRAMEWORK@Framework@0|5), response = ServiceResponseMessage(sender_id=FRAMEWORK@Framework@0, receiver_id=fastran_FPP_000001@fastran@4, request_msg_id=REQUEST|fastran_FPP_000001@fastran@4|FRAMEWORK@Framework@0|5,status=0, args=((1, 'srun -N 1 -n 1 -c 128 --threads-per-core=1 --cpu-bind=cores /global/common/software/atom/perlmutter/binaries/fastran/default/xfastran_ver1.07 1 1', None, 128),), message_id=RESPONSE|FRAMEWORK@Framework@0|fastran_FPP_000001@fastran@4|148)
2026-05-06 17:21:27,476 fastran_tr0_fastran_4 DEBUG    Launching command : srun -N 1 -n 1 -c 128 --threads-per-core=1 --cpu-bind=cores /global/common/software/atom/perlmutter/binaries/fastran/default/xfastran_ver1.07 1 1
2026-05-06 17:21:27,508 fastran_tr0_fastran_4 DEBUG    _invoke_service(): getTopic  ('_IPS_MONITOR',)
2026-05-06 17:21:27,508 fastran_tr0_fastran_4 DEBUG    _get_service_response(REQUEST|fastran_FPP_000001@fastran@4|FRAMEWORK@Framework@0|6)
2026-05-06 17:21:27,519 fastran_tr0_fastran_4 DEBUG    _get_service_response(REQUEST|fastran_FPP_000001@fastran@4|FRAMEWORK@Framework@0|6), response = ServiceResponseMessage(sender_id=FRAMEWORK@Framework@0, receiver_id=fastran_FPP_000001@fastran@4, request_msg_id=REQUEST|fastran_FPP_000001@fastran@4|FRAMEWORK@Framework@0|6,status=0, args=(<ipsframework.cca_es_spec.Topic object at 0x7f54f885dc70>,), message_id=RESPONSE|FRAMEWORK@Framework@0|fastran_FPP_000001@fastran@4|149)
2026-05-06 17:21:27,519 fastran_tr0_fastran_4 DEBUG    _invoke_service(): sendEvent  ('_IPS_MONITOR', 'PORTAL_EVENT', {'sim_name': 'fastran_FPP_000001', 'real_sim_name': 'fastran_FPP_000001', 'portal_data': {'code': 'fastran_tr0_fastran', 'eventtype': 'IPS_LAUNCH_TASK', 'ok': True, 'walltime': '22.70', 'time': '2026-05-06|17:21:27PDT', 'state': 'Running', 'comment': 'task_id = 1 , Tag = None , nproc = 1 , Target = srun -N 1 -n 1 -c 128 --threads-per-core=1 --cpu-bind=cores /global/common/software/atom/perlmutter/binaries/fastran/default/xfastran_ver1.07 1 1'}})
2026-05-06 17:21:27,519 fastran_tr0_fastran_4 DEBUG    _get_service_response(REQUEST|fastran_FPP_000001@fastran@4|FRAMEWORK@Framework@0|7)
2026-05-06 17:21:27,530 fastran_tr0_fastran_4 DEBUG    _get_service_response(REQUEST|fastran_FPP_000001@fastran@4|FRAMEWORK@Framework@0|7), response = ServiceResponseMessage(sender_id=FRAMEWORK@Framework@0, receiver_id=fastran_FPP_000001@fastran@4, request_msg_id=REQUEST|fastran_FPP_000001@fastran@4|FRAMEWORK@Framework@0|7,status=0, args=(None,), message_id=RESPONSE|FRAMEWORK@Framework@0|fastran_FPP_000001@fastran@4|150)
2026-05-06 17:21:29,130 fastran_tr0_fastran_4 DEBUG    _invoke_service(): getTopic  ('_IPS_MONITOR',)
2026-05-06 17:21:29,130 fastran_tr0_fastran_4 DEBUG    _get_service_response(REQUEST|fastran_FPP_000001@fastran@4|FRAMEWORK@Framework@0|8)
2026-05-06 17:21:29,142 fastran_tr0_fastran_4 DEBUG    _get_service_response(REQUEST|fastran_FPP_000001@fastran@4|FRAMEWORK@Framework@0|8), response = ServiceResponseMessage(sender_id=FRAMEWORK@Framework@0, receiver_id=fastran_FPP_000001@fastran@4, request_msg_id=REQUEST|fastran_FPP_000001@fastran@4|FRAMEWORK@Framework@0|8,status=0, args=(<ipsframework.cca_es_spec.Topic object at 0x7f54f885d700>,), message_id=RESPONSE|FRAMEWORK@Framework@0|fastran_FPP_000001@fastran@4|154)
2026-05-06 17:21:29,142 fastran_tr0_fastran_4 DEBUG    _invoke_service(): sendEvent  ('_IPS_MONITOR', 'PORTAL_EVENT', {'sim_name': 'fastran_FPP_000001', 'real_sim_name': 'fastran_FPP_000001', 'portal_data': {'code': 'fastran_tr0_fastran', 'eventtype': 'IPS_TASK_END', 'ok': True, 'walltime': '24.32', 'time': '2026-05-06|17:21:29PDT', 'trace': {'timestamp': 1778113287507686, 'duration': 1622838, 'localEndpoint': {'serviceName': '/global/common/software/atom/perlmutter/binaries/fastran/default/xfastran_ver1.07'}, 'name': '1 1', 'id': '9f56dce9f2ad0f49', 'parentId': 'dc94d487f5ccfee0', 'tags': {'procs_requested': '1', 'cores_allocated': '128'}}, 'state': 'Running', 'comment': 'task_id = 1  elapsed time = 1.62 S'}})
2026-05-06 17:21:29,142 fastran_tr0_fastran_4 DEBUG    _get_service_response(REQUEST|fastran_FPP_000001@fastran@4|FRAMEWORK@Framework@0|9)
2026-05-06 17:21:29,153 fastran_tr0_fastran_4 DEBUG    _get_service_response(REQUEST|fastran_FPP_000001@fastran@4|FRAMEWORK@Framework@0|9), response = ServiceResponseMessage(sender_id=FRAMEWORK@Framework@0, receiver_id=fastran_FPP_000001@fastran@4, request_msg_id=REQUEST|fastran_FPP_000001@fastran@4|FRAMEWORK@Framework@0|9,status=0, args=(None,), message_id=RESPONSE|FRAMEWORK@Framework@0|fastran_FPP_000001@fastran@4|155)
2026-05-06 17:21:29,153 fastran_tr0_fastran_4 DEBUG    _invoke_service(): finish_task  (1, 0)
2026-05-06 17:21:29,153 fastran_tr0_fastran_4 DEBUG    _get_service_response(REQUEST|fastran_FPP_000001@fastran@4|FRAMEWORK@Framework@0|10)
2026-05-06 17:21:29,164 fastran_tr0_fastran_4 DEBUG    _get_service_response(REQUEST|fastran_FPP_000001@fastran@4|FRAMEWORK@Framework@0|10), response = ServiceResponseMessage(sender_id=FRAMEWORK@Framework@0, receiver_id=fastran_FPP_000001@fastran@4, request_msg_id=REQUEST|fastran_FPP_000001@fastran@4|FRAMEWORK@Framework@0|10,status=0, args=(0,), message_id=RESPONSE|FRAMEWORK@Framework@0|fastran_FPP_000001@fastran@4|156)
2026-05-06 17:21:29,488 fastran_tr0_fastran_4 DEBUG    _invoke_service(): update_state  (['s000001.00001', 'g000001.00001', 'i000001.00001'], '/pscratch/sd/h/hswils/github_repos/MANTA_DBSCANS/TORIC+RAD+TGLF_lowerKr/SCAN/work/fastran_tr0_fastran_4', '/pscratch/sd/h/hswils/github_repos/MANTA_DBSCANS/TORIC+RAD+TGLF_lowerKr/SCAN/work/plasma_state')
2026-05-06 17:21:29,488 fastran_tr0_fastran_4 DEBUG    _get_service_response(REQUEST|fastran_FPP_000001@fastran@4|FRAMEWORK@Framework@0|11)
2026-05-06 17:21:29,509 fastran_tr0_fastran_4 DEBUG    _get_service_response(REQUEST|fastran_FPP_000001@fastran@4|FRAMEWORK@Framework@0|11), response = ServiceResponseMessage(sender_id=FRAMEWORK@Framework@0, receiver_id=fastran_FPP_000001@fastran@4, request_msg_id=REQUEST|fastran_FPP_000001@fastran@4|FRAMEWORK@Framework@0|11,status=0, args=(0,), message_id=RESPONSE|FRAMEWORK@Framework@0|fastran_FPP_000001@fastran@4|158)
2026-05-06 17:21:29,509 fastran_tr0_fastran_4 DEBUG    _invoke_service(): getTopic  ('_IPS_MONITOR',)
2026-05-06 17:21:29,509 fastran_tr0_fastran_4 DEBUG    _get_service_response(REQUEST|fastran_FPP_000001@fastran@4|FRAMEWORK@Framework@0|12)
2026-05-06 17:21:29,520 fastran_tr0_fastran_4 DEBUG    _get_service_response(REQUEST|fastran_FPP_000001@fastran@4|FRAMEWORK@Framework@0|12), response = ServiceResponseMessage(sender_id=FRAMEWORK@Framework@0, receiver_id=fastran_FPP_000001@fastran@4, request_msg_id=REQUEST|fastran_FPP_000001@fastran@4|FRAMEWORK@Framework@0|12,status=0, args=(<ipsframework.cca_es_spec.Topic object at 0x7f54f885dfd0>,), message_id=RESPONSE|FRAMEWORK@Framework@0|fastran_FPP_000001@fastran@4|159)
2026-05-06 17:21:29,520 fastran_tr0_fastran_4 DEBUG    _invoke_service(): sendEvent  ('_IPS_MONITOR', 'PORTAL_EVENT', {'sim_name': 'fastran_FPP_000001', 'real_sim_name': 'fastran_FPP_000001', 'portal_data': {'code': 'fastran_tr0_fastran', 'eventtype': 'IPS_UPDATE_STATE', 'ok': True, 'walltime': '24.70', 'time': '2026-05-06|17:21:29PDT', 'trace': {'timestamp': 1778113289488098, 'duration': 21319, 'localEndpoint': {'serviceName': 'update_state'}, 'name': "['s000001.00001', 'g000001.00001', 'i000001.00001']", 'id': '7629e189a66153c0', 'parentId': 'dc94d487f5ccfee0', 'tags': {}}, 'state': 'Running', 'comment': 'Elapsed time = 0.021   files = s000001.00001 g000001.00001 i000001.00001 Success'}})
2026-05-06 17:21:29,520 fastran_tr0_fastran_4 DEBUG    _get_service_response(REQUEST|fastran_FPP_000001@fastran@4|FRAMEWORK@Framework@0|13)
2026-05-06 17:21:29,531 fastran_tr0_fastran_4 DEBUG    _get_service_response(REQUEST|fastran_FPP_000001@fastran@4|FRAMEWORK@Framework@0|13), response = ServiceResponseMessage(sender_id=FRAMEWORK@Framework@0, receiver_id=fastran_FPP_000001@fastran@4, request_msg_id=REQUEST|fastran_FPP_000001@fastran@4|FRAMEWORK@Framework@0|13,status=0, args=(None,), message_id=RESPONSE|FRAMEWORK@Framework@0|fastran_FPP_000001@fastran@4|160)
2026-05-06 17:21:29,550 fastran_tr0_fastran_4 DEBUG    _invoke_service(): getTopic  ('_IPS_MONITOR',)
2026-05-06 17:21:29,550 fastran_tr0_fastran_4 DEBUG    _get_service_response(REQUEST|fastran_FPP_000001@fastran@4|FRAMEWORK@Framework@0|14)
2026-05-06 17:21:29,561 fastran_tr0_fastran_4 DEBUG    _get_service_response(REQUEST|fastran_FPP_000001@fastran@4|FRAMEWORK@Framework@0|14), response = ServiceResponseMessage(sender_id=FRAMEWORK@Framework@0, receiver_id=fastran_FPP_000001@fastran@4, request_msg_id=REQUEST|fastran_FPP_000001@fastran@4|FRAMEWORK@Framework@0|14,status=0, args=(<ipsframework.cca_es_spec.Topic object at 0x7f54f885d8b0>,), message_id=RESPONSE|FRAMEWORK@Framework@0|fastran_FPP_000001@fastran@4|161)
2026-05-06 17:21:29,561 fastran_tr0_fastran_4 DEBUG    _invoke_service(): sendEvent  ('_IPS_MONITOR', 'PORTAL_EVENT', {'sim_name': 'fastran_FPP_000001', 'real_sim_name': 'fastran_FPP_000001', 'portal_data': {'code': 'fastran_tr0_fastran', 'eventtype': 'IPS_STAGE_OUTPUTS', 'ok': True, 'walltime': '24.74', 'time': '2026-05-06|17:21:29PDT', 'trace': {'timestamp': 1778113289531213, 'duration': 19265, 'localEndpoint': {'serviceName': 'stage_output_files'}, 'name': "['fastran.nc', 'inprof', 'inmetric', 'infastran', 'intglf', 'xfastran.log', 'i000001.00001']", 'id': '7349cfaaafc33980', 'parentId': 'dc94d487f5ccfee0', 'tags': {}}, 'state': 'Running', 'comment': "Elapsed time = 0.019 Path = /pscratch/sd/h/hswils/github_repos/MANTA_DBSCANS/TORIC+RAD+TGLF_lowerKr/SCAN/simulation_results/preprocess_0/components/fastran_tr0_fastran_4 Files = ['fastran.nc', 'inprof', 'inmetric', 'infastran', 'intglf', 'xfastran.log', 'i000001.00001']"}})
2026-05-06 17:21:29,561 fastran_tr0_fastran_4 DEBUG    _get_service_response(REQUEST|fastran_FPP_000001@fastran@4|FRAMEWORK@Framework@0|15)
2026-05-06 17:21:29,572 fastran_tr0_fastran_4 DEBUG    _get_service_response(REQUEST|fastran_FPP_000001@fastran@4|FRAMEWORK@Framework@0|15), response = ServiceResponseMessage(sender_id=FRAMEWORK@Framework@0, receiver_id=fastran_FPP_000001@fastran@4, request_msg_id=REQUEST|fastran_FPP_000001@fastran@4|FRAMEWORK@Framework@0|15,status=0, args=(None,), message_id=RESPONSE|FRAMEWORK@Framework@0|fastran_FPP_000001@fastran@4|162)
2026-05-06 17:21:29,582 fastran_driver_fastran_driver_2 DEBUG    _get_service_response(REQUEST|fastran_FPP_000001@fastran_driver@2|FRAMEWORK@Framework@0|66), response = ServiceResponseMessage(sender_id=FRAMEWORK@Framework@0, receiver_id=fastran_FPP_000001@fastran_driver@2, request_msg_id=REQUEST|fastran_FPP_000001@fastran_driver@2|FRAMEWORK@Framework@0|66,status=0, args=((None,),), message_id=RESPONSE|FRAMEWORK@Framework@0|fastran_FPP_000001@fastran_driver@2|163)
2026-05-06 17:21:29,583 fastran_driver_fastran_driver_2 DEBUG    _invoke_service(): getTopic  ('_IPS_MONITOR',)
2026-05-06 17:21:29,583 fastran_driver_fastran_driver_2 DEBUG    _get_service_response(REQUEST|fastran_FPP_000001@fastran_driver@2|FRAMEWORK@Framework@0|67)
2026-05-06 17:21:29,594 fastran_driver_fastran_driver_2 DEBUG    _get_service_response(REQUEST|fastran_FPP_000001@fastran_driver@2|FRAMEWORK@Framework@0|67), response = ServiceResponseMessage(sender_id=FRAMEWORK@Framework@0, receiver_id=fastran_FPP_000001@fastran_driver@2, request_msg_id=REQUEST|fastran_FPP_000001@fastran_driver@2|FRAMEWORK@Framework@0|67,status=0, args=(<ipsframework.cca_es_spec.Topic object at 0x7f54f88d1b20>,), message_id=RESPONSE|FRAMEWORK@Framework@0|fastran_FPP_000001@fastran_driver@2|164)
2026-05-06 17:21:29,594 fastran_driver_fastran_driver_2 DEBUG    _invoke_service(): sendEvent  ('_IPS_MONITOR', 'PORTAL_EVENT', {'sim_name': 'fastran_FPP_000001', 'real_sim_name': 'fastran_FPP_000001', 'portal_data': {'code': 'fastran_driver_fastran_driver', 'eventtype': 'IPS_CALL_END', 'ok': True, 'walltime': '24.77', 'time': '2026-05-06|17:21:29PDT', 'trace': {'timestamp': 1778113287139459, 'duration': 2443549, 'localEndpoint': {'serviceName': 'fastran_FPP_000001@fastran@4'}, 'name': 'step(preprocess_0)', 'id': 'dc94d487f5ccfee0', 'parentId': 'f899e3e5886669ce', 'tags': {}}, 'state': 'Running', 'comment': 'Target = fastran_FPP_000001@fastran@4:step(preprocess_0)'}})
2026-05-06 17:21:29,594 fastran_driver_fastran_driver_2 DEBUG    _get_service_response(REQUEST|fastran_FPP_000001@fastran_driver@2|FRAMEWORK@Framework@0|68)
2026-05-06 17:21:29,604 fastran_driver_fastran_driver_2 DEBUG    _get_service_response(REQUEST|fastran_FPP_000001@fastran_driver@2|FRAMEWORK@Framework@0|68), response = ServiceResponseMessage(sender_id=FRAMEWORK@Framework@0, receiver_id=fastran_FPP_000001@fastran_driver@2, request_msg_id=REQUEST|fastran_FPP_000001@fastran_driver@2|FRAMEWORK@Framework@0|68,status=0, args=(None,), message_id=RESPONSE|FRAMEWORK@Framework@0|fastran_FPP_000001@fastran_driver@2|165)
2026-05-06 17:21:29,605 fastran_driver_fastran_driver_2 DEBUG    _invoke_service(): getTopic  ('_IPS_MONITOR',)
2026-05-06 17:21:29,605 fastran_driver_fastran_driver_2 DEBUG    _get_service_response(REQUEST|fastran_FPP_000001@fastran_driver@2|FRAMEWORK@Framework@0|69)
2026-05-06 17:21:29,616 fastran_driver_fastran_driver_2 DEBUG    _get_service_response(REQUEST|fastran_FPP_000001@fastran_driver@2|FRAMEWORK@Framework@0|69), response = ServiceResponseMessage(sender_id=FRAMEWORK@Framework@0, receiver_id=fastran_FPP_000001@fastran_driver@2, request_msg_id=REQUEST|fastran_FPP_000001@fastran_driver@2|FRAMEWORK@Framework@0|69,status=0, args=(<ipsframework.cca_es_spec.Topic object at 0x7f54f88d1970>,), message_id=RESPONSE|FRAMEWORK@Framework@0|fastran_FPP_000001@fastran_driver@2|166)
2026-05-06 17:21:29,616 fastran_driver_fastran_driver_2 DEBUG    _invoke_service(): sendEvent  ('_IPS_MONITOR', 'PORTALBRIDGE_UPDATE_TIMESTAMP', {'sim_name': 'fastran_FPP_000001', 'real_sim_name': 'fastran_FPP_000001', 'portal_data': {'phystimestamp': 0, 'eventtype': 'PORTALBRIDGE_UPDATE_TIMESTAMP'}})
2026-05-06 17:21:29,616 fastran_driver_fastran_driver_2 DEBUG    _get_service_response(REQUEST|fastran_FPP_000001@fastran_driver@2|FRAMEWORK@Framework@0|70)
2026-05-06 17:21:29,627 fastran_driver_fastran_driver_2 DEBUG    _get_service_response(REQUEST|fastran_FPP_000001@fastran_driver@2|FRAMEWORK@Framework@0|70), response = ServiceResponseMessage(sender_id=FRAMEWORK@Framework@0, receiver_id=fastran_FPP_000001@fastran_driver@2, request_msg_id=REQUEST|fastran_FPP_000001@fastran_driver@2|FRAMEWORK@Framework@0|70,status=0, args=(None,), message_id=RESPONSE|FRAMEWORK@Framework@0|fastran_FPP_000001@fastran_driver@2|167)
2026-05-06 17:21:29,627 fastran_driver_fastran_driver_2 DEBUG    _invoke_service(): getTopic  ('_IPS_MONITOR',)
2026-05-06 17:21:29,627 fastran_driver_fastran_driver_2 DEBUG    _get_service_response(REQUEST|fastran_FPP_000001@fastran_driver@2|FRAMEWORK@Framework@0|71)
2026-05-06 17:21:29,638 fastran_driver_fastran_driver_2 DEBUG    _get_service_response(REQUEST|fastran_FPP_000001@fastran_driver@2|FRAMEWORK@Framework@0|71), response = ServiceResponseMessage(sender_id=FRAMEWORK@Framework@0, receiver_id=fastran_FPP_000001@fastran_driver@2, request_msg_id=REQUEST|fastran_FPP_000001@fastran_driver@2|FRAMEWORK@Framework@0|71,status=0, args=(<ipsframework.cca_es_spec.Topic object at 0x7f54f88d1b20>,), message_id=RESPONSE|FRAMEWORK@Framework@0|fastran_FPP_000001@fastran_driver@2|168)
2026-05-06 17:21:29,638 fastran_driver_fastran_driver_2 DEBUG    _invoke_service(): sendEvent  ('_IPS_MONITOR', 'PORTAL_EVENT', {'sim_name': 'fastran_FPP_000001', 'real_sim_name': 'fastran_FPP_000001', 'portal_data': {'code': 'fastran_driver_fastran_driver', 'eventtype': 'IPS_UPDATE_TIME_STAMP', 'ok': True, 'walltime': '24.82', 'time': '2026-05-06|17:21:29PDT', 'state': 'Running', 'comment': 'Timestamp = 0'}})
2026-05-06 17:21:29,638 fastran_driver_fastran_driver_2 DEBUG    _get_service_response(REQUEST|fastran_FPP_000001@fastran_driver@2|FRAMEWORK@Framework@0|72)
2026-05-06 17:21:29,649 fastran_driver_fastran_driver_2 DEBUG    _get_service_response(REQUEST|fastran_FPP_000001@fastran_driver@2|FRAMEWORK@Framework@0|72), response = ServiceResponseMessage(sender_id=FRAMEWORK@Framework@0, receiver_id=fastran_FPP_000001@fastran_driver@2, request_msg_id=REQUEST|fastran_FPP_000001@fastran_driver@2|FRAMEWORK@Framework@0|72,status=0, args=(None,), message_id=RESPONSE|FRAMEWORK@Framework@0|fastran_FPP_000001@fastran_driver@2|169)
2026-05-06 17:21:29,649 fastran_driver_fastran_driver_2 DEBUG    _invoke_service(): getTopic  ('_IPS_MONITOR',)
2026-05-06 17:21:29,649 fastran_driver_fastran_driver_2 DEBUG    _get_service_response(REQUEST|fastran_FPP_000001@fastran_driver@2|FRAMEWORK@Framework@0|73)
2026-05-06 17:21:29,660 fastran_driver_fastran_driver_2 DEBUG    _get_service_response(REQUEST|fastran_FPP_000001@fastran_driver@2|FRAMEWORK@Framework@0|73), response = ServiceResponseMessage(sender_id=FRAMEWORK@Framework@0, receiver_id=fastran_FPP_000001@fastran_driver@2, request_msg_id=REQUEST|fastran_FPP_000001@fastran_driver@2|FRAMEWORK@Framework@0|73,status=0, args=(<ipsframework.cca_es_spec.Topic object at 0x7f54f88d1b50>,), message_id=RESPONSE|FRAMEWORK@Framework@0|fastran_FPP_000001@fastran_driver@2|170)
2026-05-06 17:21:29,660 fastran_driver_fastran_driver_2 DEBUG    _invoke_service(): sendEvent  ('_IPS_MONITOR', 'PORTAL_EVENT', {'sim_name': 'fastran_FPP_000001', 'real_sim_name': 'fastran_FPP_000001', 'portal_data': {'code': 'fastran_driver_fastran_driver', 'eventtype': 'IPS_CALL_BEGIN', 'ok': True, 'walltime': '24.84', 'time': '2026-05-06|17:21:29PDT', 'state': 'Running', 'comment': 'Target = fastran_FPP_000001@impurity_radiation@5:step(0)'}})
2026-05-06 17:21:29,660 fastran_driver_fastran_driver_2 DEBUG    _get_service_response(REQUEST|fastran_FPP_000001@fastran_driver@2|FRAMEWORK@Framework@0|74)
2026-05-06 17:21:29,671 fastran_driver_fastran_driver_2 DEBUG    _get_service_response(REQUEST|fastran_FPP_000001@fastran_driver@2|FRAMEWORK@Framework@0|74), response = ServiceResponseMessage(sender_id=FRAMEWORK@Framework@0, receiver_id=fastran_FPP_000001@fastran_driver@2, request_msg_id=REQUEST|fastran_FPP_000001@fastran_driver@2|FRAMEWORK@Framework@0|74,status=0, args=(None,), message_id=RESPONSE|FRAMEWORK@Framework@0|fastran_FPP_000001@fastran_driver@2|171)
2026-05-06 17:21:29,671 fastran_driver_fastran_driver_2 DEBUG    _invoke_service(): init_call  ('step', 0)
2026-05-06 17:21:29,671 fastran_driver_fastran_driver_2 DEBUG    _get_service_response(REQUEST|fastran_FPP_000001@fastran_driver@2|FRAMEWORK@Framework@0|75)
2026-05-06 17:21:29,672 fastran__impurity_radiation_5 DEBUG    Received Message 
2026-05-06 17:21:29,672 fastran__impurity_radiation_5 DEBUG    Calling method step(0)
2026-05-06 17:21:29,673 fastran__impurity_radiation_5 DEBUG    _invoke_service(): stage_state  (['s000001.00001', 'g000001.00001', 'i000001.00001'], '/pscratch/sd/h/hswils/github_repos/MANTA_DBSCANS/TORIC+RAD+TGLF_lowerKr/SCAN/work/plasma_state', '/pscratch/sd/h/hswils/github_repos/MANTA_DBSCANS/TORIC+RAD+TGLF_lowerKr/SCAN/work/fastran__impurity_radiation_5')
2026-05-06 17:21:29,673 fastran__impurity_radiation_5 DEBUG    _get_service_response(REQUEST|fastran_FPP_000001@impurity_radiation@5|FRAMEWORK@Framework@0|3)
2026-05-06 17:21:29,682 fastran_driver_fastran_driver_2 DEBUG    _get_service_response(REQUEST|fastran_FPP_000001@fastran_driver@2|FRAMEWORK@Framework@0|75), response = ServiceResponseMessage(sender_id=FRAMEWORK@Framework@0, receiver_id=fastran_FPP_000001@fastran_driver@2, request_msg_id=REQUEST|fastran_FPP_000001@fastran_driver@2|FRAMEWORK@Framework@0|75,status=0, args=(19,), message_id=RESPONSE|FRAMEWORK@Framework@0|fastran_FPP_000001@fastran_driver@2|172)
2026-05-06 17:21:29,682 fastran_driver_fastran_driver_2 DEBUG    _invoke_service(): wait_call  (19, True)
2026-05-06 17:21:29,682 fastran_driver_fastran_driver_2 DEBUG    _get_service_response(REQUEST|fastran_FPP_000001@fastran_driver@2|FRAMEWORK@Framework@0|76)
2026-05-06 17:21:29,693 fastran__impurity_radiation_5 DEBUG    _get_service_response(REQUEST|fastran_FPP_000001@impurity_radiation@5|FRAMEWORK@Framework@0|3), response = ServiceResponseMessage(sender_id=FRAMEWORK@Framework@0, receiver_id=fastran_FPP_000001@impurity_radiation@5, request_msg_id=REQUEST|fastran_FPP_000001@impurity_radiation@5|FRAMEWORK@Framework@0|3,status=0, args=(0,), message_id=RESPONSE|FRAMEWORK@Framework@0|fastran_FPP_000001@impurity_radiation@5|173)
2026-05-06 17:21:29,693 fastran__impurity_radiation_5 DEBUG    _invoke_service(): getTopic  ('_IPS_MONITOR',)
2026-05-06 17:21:29,693 fastran__impurity_radiation_5 DEBUG    _get_service_response(REQUEST|fastran_FPP_000001@impurity_radiation@5|FRAMEWORK@Framework@0|4)
2026-05-06 17:21:29,703 fastran__impurity_radiation_5 DEBUG    _get_service_response(REQUEST|fastran_FPP_000001@impurity_radiation@5|FRAMEWORK@Framework@0|4), response = ServiceResponseMessage(sender_id=FRAMEWORK@Framework@0, receiver_id=fastran_FPP_000001@impurity_radiation@5, request_msg_id=REQUEST|fastran_FPP_000001@impurity_radiation@5|FRAMEWORK@Framework@0|4,status=0, args=(<ipsframework.cca_es_spec.Topic object at 0x7f54f886a3d0>,), message_id=RESPONSE|FRAMEWORK@Framework@0|fastran_FPP_000001@impurity_radiation@5|174)
2026-05-06 17:21:29,703 fastran__impurity_radiation_5 DEBUG    _invoke_service(): sendEvent  ('_IPS_MONITOR', 'PORTAL_EVENT', {'sim_name': 'fastran_FPP_000001', 'real_sim_name': 'fastran_FPP_000001', 'portal_data': {'code': 'fastran__impurity_radiation', 'eventtype': 'IPS_STAGE_STATE', 'ok': True, 'walltime': '24.88', 'time': '2026-05-06|17:21:29PDT', 'trace': {'timestamp': 1778113289672921, 'duration': 20311, 'localEndpoint': {'serviceName': 'stage_state'}, 'name': "['s000001.00001', 'g000001.00001', 'i000001.00001']", 'id': '71885aecf25d7412', 'parentId': '6a4482facc9b4129', 'tags': {}}, 'state': 'Running', 'comment': 'Elapsed time = 0.020  files = s000001.00001 g000001.00001 i000001.00001 Success'}})
2026-05-06 17:21:29,704 fastran__impurity_radiation_5 DEBUG    _get_service_response(REQUEST|fastran_FPP_000001@impurity_radiation@5|FRAMEWORK@Framework@0|5)
2026-05-06 17:21:29,714 fastran__impurity_radiation_5 DEBUG    _get_service_response(REQUEST|fastran_FPP_000001@impurity_radiation@5|FRAMEWORK@Framework@0|5), response = ServiceResponseMessage(sender_id=FRAMEWORK@Framework@0, receiver_id=fastran_FPP_000001@impurity_radiation@5, request_msg_id=REQUEST|fastran_FPP_000001@impurity_radiation@5|FRAMEWORK@Framework@0|5,status=0, args=(None,), message_id=RESPONSE|FRAMEWORK@Framework@0|fastran_FPP_000001@impurity_radiation@5|175)
2026-05-06 17:21:29,715 fastran__impurity_radiation_5 DEBUG    _invoke_service(): getTopic  ('_IPS_MONITOR',)
2026-05-06 17:21:29,715 fastran__impurity_radiation_5 DEBUG    _get_service_response(REQUEST|fastran_FPP_000001@impurity_radiation@5|FRAMEWORK@Framework@0|6)
2026-05-06 17:21:29,726 fastran__impurity_radiation_5 DEBUG    _get_service_response(REQUEST|fastran_FPP_000001@impurity_radiation@5|FRAMEWORK@Framework@0|6), response = ServiceResponseMessage(sender_id=FRAMEWORK@Framework@0, receiver_id=fastran_FPP_000001@impurity_radiation@5, request_msg_id=REQUEST|fastran_FPP_000001@impurity_radiation@5|FRAMEWORK@Framework@0|6,status=0, args=(<ipsframework.cca_es_spec.Topic object at 0x7f54f886a880>,), message_id=RESPONSE|FRAMEWORK@Framework@0|fastran_FPP_000001@impurity_radiation@5|176)
2026-05-06 17:21:29,726 fastran__impurity_radiation_5 DEBUG    _invoke_service(): sendEvent  ('_IPS_MONITOR', 'PORTAL_EVENT', {'sim_name': 'fastran_FPP_000001', 'real_sim_name': 'fastran_FPP_000001', 'portal_data': {'code': 'fastran__impurity_radiation', 'eventtype': 'IPS_STAGE_INPUTS', 'ok': True, 'walltime': '24.90', 'time': '2026-05-06|17:21:29PDT', 'trace': {'timestamp': 1778113289714981, 'duration': 102, 'localEndpoint': {'serviceName': 'stage_input_files'}, 'name': '', 'id': 'e70cb59b389672bf', 'parentId': '6a4482facc9b4129', 'tags': {}}, 'state': 'Running', 'comment': 'Elapsed time = 0.000 Path = /pscratch/sd/h/hswils/github_repos/MANTA_DBSCANS/TORIC+RAD+TGLF_lowerKr/input Files = '}})
2026-05-06 17:21:29,726 fastran__impurity_radiation_5 DEBUG    _get_service_response(REQUEST|fastran_FPP_000001@impurity_radiation@5|FRAMEWORK@Framework@0|7)
2026-05-06 17:21:29,737 fastran__impurity_radiation_5 DEBUG    _get_service_response(REQUEST|fastran_FPP_000001@impurity_radiation@5|FRAMEWORK@Framework@0|7), response = ServiceResponseMessage(sender_id=FRAMEWORK@Framework@0, receiver_id=fastran_FPP_000001@impurity_radiation@5, request_msg_id=REQUEST|fastran_FPP_000001@impurity_radiation@5|FRAMEWORK@Framework@0|7,status=0, args=(None,), message_id=RESPONSE|FRAMEWORK@Framework@0|fastran_FPP_000001@impurity_radiation@5|177)
2026-05-06 17:21:30,009 fastran__impurity_radiation_5 DEBUG    _invoke_service(): update_state  (['s000001.00001', 'g000001.00001', 'i000001.00001'], '/pscratch/sd/h/hswils/github_repos/MANTA_DBSCANS/TORIC+RAD+TGLF_lowerKr/SCAN/work/fastran__impurity_radiation_5', '/pscratch/sd/h/hswils/github_repos/MANTA_DBSCANS/TORIC+RAD+TGLF_lowerKr/SCAN/work/plasma_state')
2026-05-06 17:21:30,009 fastran__impurity_radiation_5 DEBUG    _get_service_response(REQUEST|fastran_FPP_000001@impurity_radiation@5|FRAMEWORK@Framework@0|8)
2026-05-06 17:21:30,031 fastran__impurity_radiation_5 DEBUG    _get_service_response(REQUEST|fastran_FPP_000001@impurity_radiation@5|FRAMEWORK@Framework@0|8), response = ServiceResponseMessage(sender_id=FRAMEWORK@Framework@0, receiver_id=fastran_FPP_000001@impurity_radiation@5, request_msg_id=REQUEST|fastran_FPP_000001@impurity_radiation@5|FRAMEWORK@Framework@0|8,status=0, args=(0,), message_id=RESPONSE|FRAMEWORK@Framework@0|fastran_FPP_000001@impurity_radiation@5|179)
2026-05-06 17:21:30,031 fastran__impurity_radiation_5 DEBUG    _invoke_service(): getTopic  ('_IPS_MONITOR',)
2026-05-06 17:21:30,031 fastran__impurity_radiation_5 DEBUG    _get_service_response(REQUEST|fastran_FPP_000001@impurity_radiation@5|FRAMEWORK@Framework@0|9)
2026-05-06 17:21:30,041 fastran__impurity_radiation_5 DEBUG    _get_service_response(REQUEST|fastran_FPP_000001@impurity_radiation@5|FRAMEWORK@Framework@0|9), response = ServiceResponseMessage(sender_id=FRAMEWORK@Framework@0, receiver_id=fastran_FPP_000001@impurity_radiation@5, request_msg_id=REQUEST|fastran_FPP_000001@impurity_radiation@5|FRAMEWORK@Framework@0|9,status=0, args=(<ipsframework.cca_es_spec.Topic object at 0x7f54f886a8e0>,), message_id=RESPONSE|FRAMEWORK@Framework@0|fastran_FPP_000001@impurity_radiation@5|180)
2026-05-06 17:21:30,041 fastran__impurity_radiation_5 DEBUG    _invoke_service(): sendEvent  ('_IPS_MONITOR', 'PORTAL_EVENT', {'sim_name': 'fastran_FPP_000001', 'real_sim_name': 'fastran_FPP_000001', 'portal_data': {'code': 'fastran__impurity_radiation', 'eventtype': 'IPS_UPDATE_STATE', 'ok': True, 'walltime': '25.22', 'time': '2026-05-06|17:21:30PDT', 'trace': {'timestamp': 1778113290009485, 'duration': 21657, 'localEndpoint': {'serviceName': 'update_state'}, 'name': "['s000001.00001', 'g000001.00001', 'i000001.00001']", 'id': '7629e189a66153c0', 'parentId': '6a4482facc9b4129', 'tags': {}}, 'state': 'Running', 'comment': 'Elapsed time = 0.022   files = s000001.00001 g000001.00001 i000001.00001 Success'}})
2026-05-06 17:21:30,042 fastran__impurity_radiation_5 DEBUG    _get_service_response(REQUEST|fastran_FPP_000001@impurity_radiation@5|FRAMEWORK@Framework@0|10)
2026-05-06 17:21:30,052 fastran__impurity_radiation_5 DEBUG    _get_service_response(REQUEST|fastran_FPP_000001@impurity_radiation@5|FRAMEWORK@Framework@0|10), response = ServiceResponseMessage(sender_id=FRAMEWORK@Framework@0, receiver_id=fastran_FPP_000001@impurity_radiation@5, request_msg_id=REQUEST|fastran_FPP_000001@impurity_radiation@5|FRAMEWORK@Framework@0|10,status=0, args=(None,), message_id=RESPONSE|FRAMEWORK@Framework@0|fastran_FPP_000001@impurity_radiation@5|181)
2026-05-06 17:21:30,053 fastran__impurity_radiation_5 DEBUG    _invoke_service(): getTopic  ('_IPS_MONITOR',)
2026-05-06 17:21:30,053 fastran__impurity_radiation_5 DEBUG    _get_service_response(REQUEST|fastran_FPP_000001@impurity_radiation@5|FRAMEWORK@Framework@0|11)
2026-05-06 17:21:30,064 fastran__impurity_radiation_5 DEBUG    _get_service_response(REQUEST|fastran_FPP_000001@impurity_radiation@5|FRAMEWORK@Framework@0|11), response = ServiceResponseMessage(sender_id=FRAMEWORK@Framework@0, receiver_id=fastran_FPP_000001@impurity_radiation@5, request_msg_id=REQUEST|fastran_FPP_000001@impurity_radiation@5|FRAMEWORK@Framework@0|11,status=0, args=(<ipsframework.cca_es_spec.Topic object at 0x7f54f886aa00>,), message_id=RESPONSE|FRAMEWORK@Framework@0|fastran_FPP_000001@impurity_radiation@5|182)
2026-05-06 17:21:30,064 fastran__impurity_radiation_5 DEBUG    _invoke_service(): sendEvent  ('_IPS_MONITOR', 'PORTAL_EVENT', {'sim_name': 'fastran_FPP_000001', 'real_sim_name': 'fastran_FPP_000001', 'portal_data': {'code': 'fastran__impurity_radiation', 'eventtype': 'IPS_STAGE_OUTPUTS', 'ok': True, 'walltime': '25.24', 'time': '2026-05-06|17:21:30PDT', 'trace': {'timestamp': 1778113290052826, 'duration': 1026, 'localEndpoint': {'serviceName': 'stage_output_files'}, 'name': '[]', 'id': 'ed019efe11be26d9', 'parentId': '6a4482facc9b4129', 'tags': {}}, 'state': 'Running', 'comment': 'Elapsed time = 0.001 Path = /pscratch/sd/h/hswils/github_repos/MANTA_DBSCANS/TORIC+RAD+TGLF_lowerKr/SCAN/simulation_results/0/components/fastran__impurity_radiation_5 Files = []'}})
2026-05-06 17:21:30,064 fastran__impurity_radiation_5 DEBUG    _get_service_response(REQUEST|fastran_FPP_000001@impurity_radiation@5|FRAMEWORK@Framework@0|12)
2026-05-06 17:21:30,075 fastran__impurity_radiation_5 DEBUG    _get_service_response(REQUEST|fastran_FPP_000001@impurity_radiation@5|FRAMEWORK@Framework@0|12), response = ServiceResponseMessage(sender_id=FRAMEWORK@Framework@0, receiver_id=fastran_FPP_000001@impurity_radiation@5, request_msg_id=REQUEST|fastran_FPP_000001@impurity_radiation@5|FRAMEWORK@Framework@0|12,status=0, args=(None,), message_id=RESPONSE|FRAMEWORK@Framework@0|fastran_FPP_000001@impurity_radiation@5|183)
2026-05-06 17:21:30,086 fastran_driver_fastran_driver_2 DEBUG    _get_service_response(REQUEST|fastran_FPP_000001@fastran_driver@2|FRAMEWORK@Framework@0|76), response = ServiceResponseMessage(sender_id=FRAMEWORK@Framework@0, receiver_id=fastran_FPP_000001@fastran_driver@2, request_msg_id=REQUEST|fastran_FPP_000001@fastran_driver@2|FRAMEWORK@Framework@0|76,status=0, args=((None,),), message_id=RESPONSE|FRAMEWORK@Framework@0|fastran_FPP_000001@fastran_driver@2|184)
2026-05-06 17:21:30,086 fastran_driver_fastran_driver_2 DEBUG    _invoke_service(): getTopic  ('_IPS_MONITOR',)
2026-05-06 17:21:30,086 fastran_driver_fastran_driver_2 DEBUG    _get_service_response(REQUEST|fastran_FPP_000001@fastran_driver@2|FRAMEWORK@Framework@0|77)
2026-05-06 17:21:30,097 fastran_driver_fastran_driver_2 DEBUG    _get_service_response(REQUEST|fastran_FPP_000001@fastran_driver@2|FRAMEWORK@Framework@0|77), response = ServiceResponseMessage(sender_id=FRAMEWORK@Framework@0, receiver_id=fastran_FPP_000001@fastran_driver@2, request_msg_id=REQUEST|fastran_FPP_000001@fastran_driver@2|FRAMEWORK@Framework@0|77,status=0, args=(<ipsframework.cca_es_spec.Topic object at 0x7f54f88d1a00>,), message_id=RESPONSE|FRAMEWORK@Framework@0|fastran_FPP_000001@fastran_driver@2|185)
2026-05-06 17:21:30,097 fastran_driver_fastran_driver_2 DEBUG    _invoke_service(): sendEvent  ('_IPS_MONITOR', 'PORTAL_EVENT', {'sim_name': 'fastran_FPP_000001', 'real_sim_name': 'fastran_FPP_000001', 'portal_data': {'code': 'fastran_driver_fastran_driver', 'eventtype': 'IPS_CALL_END', 'ok': True, 'walltime': '25.28', 'time': '2026-05-06|17:21:30PDT', 'trace': {'timestamp': 1778113289682842, 'duration': 403365, 'localEndpoint': {'serviceName': 'fastran_FPP_000001@impurity_radiation@5'}, 'name': 'step(0)', 'id': '6a4482facc9b4129', 'parentId': 'f899e3e5886669ce', 'tags': {}}, 'state': 'Running', 'comment': 'Target = fastran_FPP_000001@impurity_radiation@5:step(0)'}})
2026-05-06 17:21:30,097 fastran_driver_fastran_driver_2 DEBUG    _get_service_response(REQUEST|fastran_FPP_000001@fastran_driver@2|FRAMEWORK@Framework@0|78)
2026-05-06 17:21:30,108 fastran_driver_fastran_driver_2 DEBUG    _get_service_response(REQUEST|fastran_FPP_000001@fastran_driver@2|FRAMEWORK@Framework@0|78), response = ServiceResponseMessage(sender_id=FRAMEWORK@Framework@0, receiver_id=fastran_FPP_000001@fastran_driver@2, request_msg_id=REQUEST|fastran_FPP_000001@fastran_driver@2|FRAMEWORK@Framework@0|78,status=0, args=(None,), message_id=RESPONSE|FRAMEWORK@Framework@0|fastran_FPP_000001@fastran_driver@2|186)
2026-05-06 17:21:30,108 fastran_driver_fastran_driver_2 DEBUG    _invoke_service(): getTopic  ('_IPS_MONITOR',)
2026-05-06 17:21:30,108 fastran_driver_fastran_driver_2 DEBUG    _get_service_response(REQUEST|fastran_FPP_000001@fastran_driver@2|FRAMEWORK@Framework@0|79)
2026-05-06 17:21:30,119 fastran_driver_fastran_driver_2 DEBUG    _get_service_response(REQUEST|fastran_FPP_000001@fastran_driver@2|FRAMEWORK@Framework@0|79), response = ServiceResponseMessage(sender_id=FRAMEWORK@Framework@0, receiver_id=fastran_FPP_000001@fastran_driver@2, request_msg_id=REQUEST|fastran_FPP_000001@fastran_driver@2|FRAMEWORK@Framework@0|79,status=0, args=(<ipsframework.cca_es_spec.Topic object at 0x7f54f88d1bb0>,), message_id=RESPONSE|FRAMEWORK@Framework@0|fastran_FPP_000001@fastran_driver@2|187)
2026-05-06 17:21:30,119 fastran_driver_fastran_driver_2 DEBUG    _invoke_service(): sendEvent  ('_IPS_MONITOR', 'PORTAL_EVENT', {'sim_name': 'fastran_FPP_000001', 'real_sim_name': 'fastran_FPP_000001', 'portal_data': {'code': 'fastran_driver_fastran_driver', 'eventtype': 'IPS_CALL_BEGIN', 'ok': True, 'walltime': '25.30', 'time': '2026-05-06|17:21:30PDT', 'state': 'Running', 'comment': 'Target = fastran_FPP_000001@toric@6:step(0)'}})
2026-05-06 17:21:30,119 fastran_driver_fastran_driver_2 DEBUG    _get_service_response(REQUEST|fastran_FPP_000001@fastran_driver@2|FRAMEWORK@Framework@0|80)
2026-05-06 17:21:30,130 fastran_driver_fastran_driver_2 DEBUG    _get_service_response(REQUEST|fastran_FPP_000001@fastran_driver@2|FRAMEWORK@Framework@0|80), response = ServiceResponseMessage(sender_id=FRAMEWORK@Framework@0, receiver_id=fastran_FPP_000001@fastran_driver@2, request_msg_id=REQUEST|fastran_FPP_000001@fastran_driver@2|FRAMEWORK@Framework@0|80,status=0, args=(None,), message_id=RESPONSE|FRAMEWORK@Framework@0|fastran_FPP_000001@fastran_driver@2|188)
2026-05-06 17:21:30,130 fastran_driver_fastran_driver_2 DEBUG    _invoke_service(): init_call  ('step', 0)
2026-05-06 17:21:30,130 fastran_driver_fastran_driver_2 DEBUG    _get_service_response(REQUEST|fastran_FPP_000001@fastran_driver@2|FRAMEWORK@Framework@0|81)
2026-05-06 17:21:30,131 rf_ic_toric_6   DEBUG    Received Message 
2026-05-06 17:21:30,131 rf_ic_toric_6   DEBUG    Calling method step(0)
2026-05-06 17:21:30,131 rf_ic_toric_6   DEBUG    _invoke_service(): stage_state  (['s000001.00001', 'g000001.00001'], '/pscratch/sd/h/hswils/github_repos/MANTA_DBSCANS/TORIC+RAD+TGLF_lowerKr/SCAN/work/plasma_state', '/pscratch/sd/h/hswils/github_repos/MANTA_DBSCANS/TORIC+RAD+TGLF_lowerKr/SCAN/work/rf_ic_toric_6')
2026-05-06 17:21:30,131 rf_ic_toric_6   DEBUG    _get_service_response(REQUEST|fastran_FPP_000001@toric@6|FRAMEWORK@Framework@0|10)
2026-05-06 17:21:30,141 fastran_driver_fastran_driver_2 DEBUG    _get_service_response(REQUEST|fastran_FPP_000001@fastran_driver@2|FRAMEWORK@Framework@0|81), response = ServiceResponseMessage(sender_id=FRAMEWORK@Framework@0, receiver_id=fastran_FPP_000001@fastran_driver@2, request_msg_id=REQUEST|fastran_FPP_000001@fastran_driver@2|FRAMEWORK@Framework@0|81,status=0, args=(20,), message_id=RESPONSE|FRAMEWORK@Framework@0|fastran_FPP_000001@fastran_driver@2|189)
2026-05-06 17:21:30,141 fastran_driver_fastran_driver_2 DEBUG    _invoke_service(): wait_call  (20, True)
2026-05-06 17:21:30,141 fastran_driver_fastran_driver_2 DEBUG    _get_service_response(REQUEST|fastran_FPP_000001@fastran_driver@2|FRAMEWORK@Framework@0|82)
2026-05-06 17:21:30,150 rf_ic_toric_6   DEBUG    _get_service_response(REQUEST|fastran_FPP_000001@toric@6|FRAMEWORK@Framework@0|10), response = ServiceResponseMessage(sender_id=FRAMEWORK@Framework@0, receiver_id=fastran_FPP_000001@toric@6, request_msg_id=REQUEST|fastran_FPP_000001@toric@6|FRAMEWORK@Framework@0|10,status=0, args=(0,), message_id=RESPONSE|FRAMEWORK@Framework@0|fastran_FPP_000001@toric@6|190)
2026-05-06 17:21:30,150 rf_ic_toric_6   DEBUG    _invoke_service(): getTopic  ('_IPS_MONITOR',)
2026-05-06 17:21:30,150 rf_ic_toric_6   DEBUG    _get_service_response(REQUEST|fastran_FPP_000001@toric@6|FRAMEWORK@Framework@0|11)
2026-05-06 17:21:30,161 rf_ic_toric_6   DEBUG    _get_service_response(REQUEST|fastran_FPP_000001@toric@6|FRAMEWORK@Framework@0|11), response = ServiceResponseMessage(sender_id=FRAMEWORK@Framework@0, receiver_id=fastran_FPP_000001@toric@6, request_msg_id=REQUEST|fastran_FPP_000001@toric@6|FRAMEWORK@Framework@0|11,status=0, args=(<ipsframework.cca_es_spec.Topic object at 0x7f54f88745b0>,), message_id=RESPONSE|FRAMEWORK@Framework@0|fastran_FPP_000001@toric@6|191)
2026-05-06 17:21:30,161 rf_ic_toric_6   DEBUG    _invoke_service(): sendEvent  ('_IPS_MONITOR', 'PORTAL_EVENT', {'sim_name': 'fastran_FPP_000001', 'real_sim_name': 'fastran_FPP_000001', 'portal_data': {'code': 'rf_ic_toric', 'eventtype': 'IPS_STAGE_STATE', 'ok': True, 'walltime': '25.34', 'time': '2026-05-06|17:21:30PDT', 'trace': {'timestamp': 1778113290131659, 'duration': 18811, 'localEndpoint': {'serviceName': 'stage_state'}, 'name': "['s000001.00001', 'g000001.00001']", 'id': '32793a28c0f8ba4b', 'parentId': 'de7a2383cb3fe6fb', 'tags': {}}, 'state': 'Running', 'comment': 'Elapsed time = 0.019  files = s000001.00001 g000001.00001 Success'}})
2026-05-06 17:21:30,161 rf_ic_toric_6   DEBUG    _get_service_response(REQUEST|fastran_FPP_000001@toric@6|FRAMEWORK@Framework@0|12)
2026-05-06 17:21:30,172 rf_ic_toric_6   DEBUG    _get_service_response(REQUEST|fastran_FPP_000001@toric@6|FRAMEWORK@Framework@0|12), response = ServiceResponseMessage(sender_id=FRAMEWORK@Framework@0, receiver_id=fastran_FPP_000001@toric@6, request_msg_id=REQUEST|fastran_FPP_000001@toric@6|FRAMEWORK@Framework@0|12,status=0, args=(None,), message_id=RESPONSE|FRAMEWORK@Framework@0|fastran_FPP_000001@toric@6|192)
2026-05-06 17:21:30,183 rf_ic_toric_6   DEBUG    _invoke_service(): getTopic  ('_IPS_MONITOR',)
2026-05-06 17:21:30,183 rf_ic_toric_6   DEBUG    _get_service_response(REQUEST|fastran_FPP_000001@toric@6|FRAMEWORK@Framework@0|13)
2026-05-06 17:21:30,193 rf_ic_toric_6   DEBUG    _get_service_response(REQUEST|fastran_FPP_000001@toric@6|FRAMEWORK@Framework@0|13), response = ServiceResponseMessage(sender_id=FRAMEWORK@Framework@0, receiver_id=fastran_FPP_000001@toric@6, request_msg_id=REQUEST|fastran_FPP_000001@toric@6|FRAMEWORK@Framework@0|13,status=0, args=(<ipsframework.cca_es_spec.Topic object at 0x7f54f8874640>,), message_id=RESPONSE|FRAMEWORK@Framework@0|fastran_FPP_000001@toric@6|193)
2026-05-06 17:21:30,194 rf_ic_toric_6   DEBUG    _invoke_service(): sendEvent  ('_IPS_MONITOR', 'PORTAL_EVENT', {'sim_name': 'fastran_FPP_000001', 'real_sim_name': 'fastran_FPP_000001', 'portal_data': {'code': 'rf_ic_toric', 'eventtype': 'IPS_STAGE_INPUTS', 'ok': True, 'walltime': '25.37', 'time': '2026-05-06|17:21:30PDT', 'trace': {'timestamp': 1778113290172317, 'duration': 11024, 'localEndpoint': {'serviceName': 'stage_input_files'}, 'name': 'machine.inp equigs_gen.ind torica.inp', 'id': 'b108389cfa22cdf4', 'parentId': 'de7a2383cb3fe6fb', 'tags': {}}, 'state': 'Running', 'comment': 'Elapsed time = 0.011 Path = /pscratch/sd/h/hswils/github_repos/MANTA_DBSCANS/TORIC+RAD+TGLF_lowerKr/input Files = machine.inp equigs_gen.ind torica.inp'}})
2026-05-06 17:21:30,194 rf_ic_toric_6   DEBUG    _get_service_response(REQUEST|fastran_FPP_000001@toric@6|FRAMEWORK@Framework@0|14)
2026-05-06 17:21:30,204 rf_ic_toric_6   DEBUG    _get_service_response(REQUEST|fastran_FPP_000001@toric@6|FRAMEWORK@Framework@0|14), response = ServiceResponseMessage(sender_id=FRAMEWORK@Framework@0, receiver_id=fastran_FPP_000001@toric@6, request_msg_id=REQUEST|fastran_FPP_000001@toric@6|FRAMEWORK@Framework@0|14,status=0, args=(None,), message_id=RESPONSE|FRAMEWORK@Framework@0|fastran_FPP_000001@toric@6|194)
2026-05-06 17:21:30,997 rf_ic_toric_6   DEBUG    _invoke_service(): init_task  (TaskInit(nproc=24, binary='/global/common/software/atom/perlmutter/binaries/toric/default/Ptoric.e', working_dir='/pscratch/sd/h/hswils/github_repos/MANTA_DBSCANS/TORIC+RAD+TGLF_lowerKr/SCAN/work/rf_ic_toric_6', tppn=0, tcpp=0, tgpp=0, block=True, omp=False, wnodes=True, wsocks=True, cmd_args=()),)
2026-05-06 17:21:30,998 rf_ic_toric_6   DEBUG    _get_service_response(REQUEST|fastran_FPP_000001@toric@6|FRAMEWORK@Framework@0|15)
2026-05-06 17:21:31,009 rf_ic_toric_6   DEBUG    _get_service_response(REQUEST|fastran_FPP_000001@toric@6|FRAMEWORK@Framework@0|15), response = ServiceResponseMessage(sender_id=FRAMEWORK@Framework@0, receiver_id=fastran_FPP_000001@toric@6, request_msg_id=REQUEST|fastran_FPP_000001@toric@6|FRAMEWORK@Framework@0|15,status=0, args=((2, 'srun -N 1 -n 24 -c 5 --threads-per-core=1 --cpu-bind=cores /global/common/software/atom/perlmutter/binaries/toric/default/Ptoric.e ', None, 128),), message_id=RESPONSE|FRAMEWORK@Framework@0|fastran_FPP_000001@toric@6|197)
2026-05-06 17:21:31,011 rf_ic_toric_6   DEBUG    Launching command : srun -N 1 -n 24 -c 5 --threads-per-core=1 --cpu-bind=cores /global/common/software/atom/perlmutter/binaries/toric/default/Ptoric.e 
2026-05-06 17:21:31,049 rf_ic_toric_6   DEBUG    _invoke_service(): getTopic  ('_IPS_MONITOR',)
2026-05-06 17:21:31,049 rf_ic_toric_6   DEBUG    _get_service_response(REQUEST|fastran_FPP_000001@toric@6|FRAMEWORK@Framework@0|16)
2026-05-06 17:21:31,060 rf_ic_toric_6   DEBUG    _get_service_response(REQUEST|fastran_FPP_000001@toric@6|FRAMEWORK@Framework@0|16), response = ServiceResponseMessage(sender_id=FRAMEWORK@Framework@0, receiver_id=fastran_FPP_000001@toric@6, request_msg_id=REQUEST|fastran_FPP_000001@toric@6|FRAMEWORK@Framework@0|16,status=0, args=(<ipsframework.cca_es_spec.Topic object at 0x7f54f8808040>,), message_id=RESPONSE|FRAMEWORK@Framework@0|fastran_FPP_000001@toric@6|198)
2026-05-06 17:21:31,060 rf_ic_toric_6   DEBUG    _invoke_service(): sendEvent  ('_IPS_MONITOR', 'PORTAL_EVENT', {'sim_name': 'fastran_FPP_000001', 'real_sim_name': 'fastran_FPP_000001', 'portal_data': {'code': 'rf_ic_toric', 'eventtype': 'IPS_LAUNCH_TASK', 'ok': True, 'walltime': '26.24', 'time': '2026-05-06|17:21:31PDT', 'state': 'Running', 'comment': 'task_id = 2 , Tag = None , nproc = 24 , Target = srun -N 1 -n 24 -c 5 --threads-per-core=1 --cpu-bind=cores /global/common/software/atom/perlmutter/binaries/toric/default/Ptoric.e '}})
2026-05-06 17:21:31,060 rf_ic_toric_6   DEBUG    _get_service_response(REQUEST|fastran_FPP_000001@toric@6|FRAMEWORK@Framework@0|17)
2026-05-06 17:21:31,071 rf_ic_toric_6   DEBUG    _get_service_response(REQUEST|fastran_FPP_000001@toric@6|FRAMEWORK@Framework@0|17), response = ServiceResponseMessage(sender_id=FRAMEWORK@Framework@0, receiver_id=fastran_FPP_000001@toric@6, request_msg_id=REQUEST|fastran_FPP_000001@toric@6|FRAMEWORK@Framework@0|17,status=0, args=(None,), message_id=RESPONSE|FRAMEWORK@Framework@0|fastran_FPP_000001@toric@6|199)
2026-05-06 17:26:33,711 rf_ic_toric_6   DEBUG    _invoke_service(): getTopic  ('_IPS_MONITOR',)
2026-05-06 17:26:33,712 rf_ic_toric_6   DEBUG    _get_service_response(REQUEST|fastran_FPP_000001@toric@6|FRAMEWORK@Framework@0|18)
2026-05-06 17:26:33,722 rf_ic_toric_6   DEBUG    _get_service_response(REQUEST|fastran_FPP_000001@toric@6|FRAMEWORK@Framework@0|18), response = ServiceResponseMessage(sender_id=FRAMEWORK@Framework@0, receiver_id=fastran_FPP_000001@toric@6, request_msg_id=REQUEST|fastran_FPP_000001@toric@6|FRAMEWORK@Framework@0|18,status=0, args=(<ipsframework.cca_es_spec.Topic object at 0x7f54f8807040>,), message_id=RESPONSE|FRAMEWORK@Framework@0|fastran_FPP_000001@toric@6|792)
2026-05-06 17:26:33,723 rf_ic_toric_6   DEBUG    _invoke_service(): sendEvent  ('_IPS_MONITOR', 'PORTAL_EVENT', {'sim_name': 'fastran_FPP_000001', 'real_sim_name': 'fastran_FPP_000001', 'portal_data': {'code': 'rf_ic_toric', 'eventtype': 'IPS_TASK_END', 'ok': True, 'walltime': '328.90', 'time': '2026-05-06|17:26:33PDT', 'trace': {'timestamp': 1778113291048700, 'duration': 302663009, 'localEndpoint': {'serviceName': '/global/common/software/atom/perlmutter/binaries/toric/default/Ptoric.e'}, 'name': '', 'id': '2bc83162d12c30de', 'parentId': 'de7a2383cb3fe6fb', 'tags': {'procs_requested': '24', 'cores_allocated': '128'}}, 'state': 'Running', 'comment': 'task_id = 2  elapsed time = 302.66 S'}})
2026-05-06 17:26:33,723 rf_ic_toric_6   DEBUG    _get_service_response(REQUEST|fastran_FPP_000001@toric@6|FRAMEWORK@Framework@0|19)
2026-05-06 17:26:33,733 rf_ic_toric_6   DEBUG    _get_service_response(REQUEST|fastran_FPP_000001@toric@6|FRAMEWORK@Framework@0|19), response = ServiceResponseMessage(sender_id=FRAMEWORK@Framework@0, receiver_id=fastran_FPP_000001@toric@6, request_msg_id=REQUEST|fastran_FPP_000001@toric@6|FRAMEWORK@Framework@0|19,status=0, args=(None,), message_id=RESPONSE|FRAMEWORK@Framework@0|fastran_FPP_000001@toric@6|793)
2026-05-06 17:26:33,733 rf_ic_toric_6   DEBUG    _invoke_service(): finish_task  (2, 0)
2026-05-06 17:26:33,733 rf_ic_toric_6   DEBUG    _get_service_response(REQUEST|fastran_FPP_000001@toric@6|FRAMEWORK@Framework@0|20)
2026-05-06 17:26:33,744 rf_ic_toric_6   DEBUG    _get_service_response(REQUEST|fastran_FPP_000001@toric@6|FRAMEWORK@Framework@0|20), response = ServiceResponseMessage(sender_id=FRAMEWORK@Framework@0, receiver_id=fastran_FPP_000001@toric@6, request_msg_id=REQUEST|fastran_FPP_000001@toric@6|FRAMEWORK@Framework@0|20,status=0, args=(0,), message_id=RESPONSE|FRAMEWORK@Framework@0|fastran_FPP_000001@toric@6|794)
2026-05-06 17:26:33,968 rf_ic_toric_6   DEBUG    _invoke_service(): merge_current_plasma_state  ('/pscratch/sd/h/hswils/github_repos/MANTA_DBSCANS/TORIC+RAD+TGLF_lowerKr/SCAN/work/rf_ic_toric_6/RF_IC_s000001.00001', '/pscratch/sd/h/hswils/github_repos/MANTA_DBSCANS/TORIC+RAD+TGLF_lowerKr/SCAN/work/plasma_state/s000001.00001', 'log.update_state', '/global/common/software/atom/perlmutter/binaries/update-state/default/update_state')
2026-05-06 17:26:33,968 rf_ic_toric_6   DEBUG    _get_service_response(REQUEST|fastran_FPP_000001@toric@6|FRAMEWORK@Framework@0|21)
2026-05-06 17:26:34,140 rf_ic_toric_6   DEBUG    _get_service_response(REQUEST|fastran_FPP_000001@toric@6|FRAMEWORK@Framework@0|21), response = ServiceResponseMessage(sender_id=FRAMEWORK@Framework@0, receiver_id=fastran_FPP_000001@toric@6, request_msg_id=REQUEST|fastran_FPP_000001@toric@6|FRAMEWORK@Framework@0|21,status=0, args=(1,), message_id=RESPONSE|FRAMEWORK@Framework@0|fastran_FPP_000001@toric@6|795)
2026-05-06 17:26:34,140 rf_ic_toric_6   DEBUG    _invoke_service(): getTopic  ('_IPS_MONITOR',)
2026-05-06 17:26:34,140 rf_ic_toric_6   DEBUG    _get_service_response(REQUEST|fastran_FPP_000001@toric@6|FRAMEWORK@Framework@0|22)
2026-05-06 17:26:34,151 rf_ic_toric_6   DEBUG    _get_service_response(REQUEST|fastran_FPP_000001@toric@6|FRAMEWORK@Framework@0|22), response = ServiceResponseMessage(sender_id=FRAMEWORK@Framework@0, receiver_id=fastran_FPP_000001@toric@6, request_msg_id=REQUEST|fastran_FPP_000001@toric@6|FRAMEWORK@Framework@0|22,status=0, args=(<ipsframework.cca_es_spec.Topic object at 0x7f54f8807070>,), message_id=RESPONSE|FRAMEWORK@Framework@0|fastran_FPP_000001@toric@6|797)
2026-05-06 17:26:34,151 rf_ic_toric_6   DEBUG    _invoke_service(): sendEvent  ('_IPS_MONITOR', 'PORTAL_EVENT', {'sim_name': 'fastran_FPP_000001', 'real_sim_name': 'fastran_FPP_000001', 'portal_data': {'code': 'rf_ic_toric', 'eventtype': 'IPS_MERGE_PLASMA_STATE', 'ok': False, 'walltime': '329.33', 'time': '2026-05-06|17:26:34PDT', 'state': 'Running', 'comment': ' Error in call to update_state() : '}})
2026-05-06 17:26:34,151 rf_ic_toric_6   DEBUG    _get_service_response(REQUEST|fastran_FPP_000001@toric@6|FRAMEWORK@Framework@0|23)
2026-05-06 17:26:34,162 rf_ic_toric_6   DEBUG    _get_service_response(REQUEST|fastran_FPP_000001@toric@6|FRAMEWORK@Framework@0|23), response = ServiceResponseMessage(sender_id=FRAMEWORK@Framework@0, receiver_id=fastran_FPP_000001@toric@6, request_msg_id=REQUEST|fastran_FPP_000001@toric@6|FRAMEWORK@Framework@0|23,status=0, args=(None,), message_id=RESPONSE|FRAMEWORK@Framework@0|fastran_FPP_000001@toric@6|798)
2026-05-06 17:26:34,162 rf_ic_toric_6   ERROR    Error merging update /pscratch/sd/h/hswils/github_repos/MANTA_DBSCANS/TORIC+RAD+TGLF_lowerKr/SCAN/work/rf_ic_toric_6/RF_IC_s000001.00001 into current plasma state file s000001.00001
2026-05-06 17:26:34,163 rf_ic_toric_6   DEBUG    _invoke_service(): update_state  (['s000001.00001', 'g000001.00001'], '/pscratch/sd/h/hswils/github_repos/MANTA_DBSCANS/TORIC+RAD+TGLF_lowerKr/SCAN/work/rf_ic_toric_6', '/pscratch/sd/h/hswils/github_repos/MANTA_DBSCANS/TORIC+RAD+TGLF_lowerKr/SCAN/work/plasma_state')
2026-05-06 17:26:34,163 rf_ic_toric_6   DEBUG    _get_service_response(REQUEST|fastran_FPP_000001@toric@6|FRAMEWORK@Framework@0|24)
2026-05-06 17:26:34,182 rf_ic_toric_6   DEBUG    _get_service_response(REQUEST|fastran_FPP_000001@toric@6|FRAMEWORK@Framework@0|24), response = ServiceResponseMessage(sender_id=FRAMEWORK@Framework@0, receiver_id=fastran_FPP_000001@toric@6, request_msg_id=REQUEST|fastran_FPP_000001@toric@6|FRAMEWORK@Framework@0|24,status=0, args=(0,), message_id=RESPONSE|FRAMEWORK@Framework@0|fastran_FPP_000001@toric@6|799)
2026-05-06 17:26:34,182 rf_ic_toric_6   DEBUG    _invoke_service(): getTopic  ('_IPS_MONITOR',)
2026-05-06 17:26:34,182 rf_ic_toric_6   DEBUG    _get_service_response(REQUEST|fastran_FPP_000001@toric@6|FRAMEWORK@Framework@0|25)
2026-05-06 17:26:34,193 rf_ic_toric_6   DEBUG    _get_service_response(REQUEST|fastran_FPP_000001@toric@6|FRAMEWORK@Framework@0|25), response = ServiceResponseMessage(sender_id=FRAMEWORK@Framework@0, receiver_id=fastran_FPP_000001@toric@6, request_msg_id=REQUEST|fastran_FPP_000001@toric@6|FRAMEWORK@Framework@0|25,status=0, args=(<ipsframework.cca_es_spec.Topic object at 0x7f54f8807130>,), message_id=RESPONSE|FRAMEWORK@Framework@0|fastran_FPP_000001@toric@6|800)
2026-05-06 17:26:34,193 rf_ic_toric_6   DEBUG    _invoke_service(): sendEvent  ('_IPS_MONITOR', 'PORTAL_EVENT', {'sim_name': 'fastran_FPP_000001', 'real_sim_name': 'fastran_FPP_000001', 'portal_data': {'code': 'rf_ic_toric', 'eventtype': 'IPS_UPDATE_STATE', 'ok': True, 'walltime': '329.37', 'time': '2026-05-06|17:26:34PDT', 'trace': {'timestamp': 1778113594162899, 'duration': 19571, 'localEndpoint': {'serviceName': 'update_state'}, 'name': "['s000001.00001', 'g000001.00001']", 'id': 'd2ceaa619acd7d5c', 'parentId': 'de7a2383cb3fe6fb', 'tags': {}}, 'state': 'Running', 'comment': 'Elapsed time = 0.020   files = s000001.00001 g000001.00001 Success'}})
2026-05-06 17:26:34,193 rf_ic_toric_6   DEBUG    _get_service_response(REQUEST|fastran_FPP_000001@toric@6|FRAMEWORK@Framework@0|26)
2026-05-06 17:26:34,203 rf_ic_toric_6   DEBUG    _get_service_response(REQUEST|fastran_FPP_000001@toric@6|FRAMEWORK@Framework@0|26), response = ServiceResponseMessage(sender_id=FRAMEWORK@Framework@0, receiver_id=fastran_FPP_000001@toric@6, request_msg_id=REQUEST|fastran_FPP_000001@toric@6|FRAMEWORK@Framework@0|26,status=0, args=(None,), message_id=RESPONSE|FRAMEWORK@Framework@0|fastran_FPP_000001@toric@6|801)
2026-05-06 17:26:34,307 rf_ic_toric_6   DEBUG    _invoke_service(): getTopic  ('_IPS_MONITOR',)
2026-05-06 17:26:34,308 rf_ic_toric_6   DEBUG    _get_service_response(REQUEST|fastran_FPP_000001@toric@6|FRAMEWORK@Framework@0|27)
2026-05-06 17:26:34,318 rf_ic_toric_6   DEBUG    _get_service_response(REQUEST|fastran_FPP_000001@toric@6|FRAMEWORK@Framework@0|27), response = ServiceResponseMessage(sender_id=FRAMEWORK@Framework@0, receiver_id=fastran_FPP_000001@toric@6, request_msg_id=REQUEST|fastran_FPP_000001@toric@6|FRAMEWORK@Framework@0|27,status=0, args=(<ipsframework.cca_es_spec.Topic object at 0x7f54f8807250>,), message_id=RESPONSE|FRAMEWORK@Framework@0|fastran_FPP_000001@toric@6|802)
2026-05-06 17:26:34,318 rf_ic_toric_6   DEBUG    _invoke_service(): sendEvent  ('_IPS_MONITOR', 'PORTAL_EVENT', {'sim_name': 'fastran_FPP_000001', 'real_sim_name': 'fastran_FPP_000001', 'portal_data': {'code': 'rf_ic_toric', 'eventtype': 'IPS_STAGE_OUTPUTS', 'ok': True, 'walltime': '329.50', 'time': '2026-05-06|17:26:34PDT', 'trace': {'timestamp': 1778113594204050, 'duration': 103749, 'localEndpoint': {'serviceName': 'stage_output_files'}, 'name': "['torica.inp', 'machine.inp', 'log.toric', 'toric.nc', 'profstat.dat', 'equigs.data', 'equidt.data', 'toric_cfg.nc']", 'id': '749f5c33ef51fb56', 'parentId': 'de7a2383cb3fe6fb', 'tags': {}}, 'state': 'Running', 'comment': "Elapsed time = 0.104 Path = /pscratch/sd/h/hswils/github_repos/MANTA_DBSCANS/TORIC+RAD+TGLF_lowerKr/SCAN/simulation_results/0/components/rf_ic_toric_6 Files = ['torica.inp', 'machine.inp', 'log.toric', 'toric.nc', 'profstat.dat', 'equigs.data', 'equidt.data', 'toric_cfg.nc']"}})
2026-05-06 17:26:34,318 rf_ic_toric_6   DEBUG    _get_service_response(REQUEST|fastran_FPP_000001@toric@6|FRAMEWORK@Framework@0|28)
2026-05-06 17:26:34,329 rf_ic_toric_6   DEBUG    _get_service_response(REQUEST|fastran_FPP_000001@toric@6|FRAMEWORK@Framework@0|28), response = ServiceResponseMessage(sender_id=FRAMEWORK@Framework@0, receiver_id=fastran_FPP_000001@toric@6, request_msg_id=REQUEST|fastran_FPP_000001@toric@6|FRAMEWORK@Framework@0|28,status=0, args=(None,), message_id=RESPONSE|FRAMEWORK@Framework@0|fastran_FPP_000001@toric@6|803)
2026-05-06 17:26:34,341 fastran_driver_fastran_driver_2 DEBUG    _get_service_response(REQUEST|fastran_FPP_000001@fastran_driver@2|FRAMEWORK@Framework@0|82), response = ServiceResponseMessage(sender_id=FRAMEWORK@Framework@0, receiver_id=fastran_FPP_000001@fastran_driver@2, request_msg_id=REQUEST|fastran_FPP_000001@fastran_driver@2|FRAMEWORK@Framework@0|82,status=0, args=((0,),), message_id=RESPONSE|FRAMEWORK@Framework@0|fastran_FPP_000001@fastran_driver@2|804)
2026-05-06 17:26:34,342 fastran_driver_fastran_driver_2 DEBUG    _invoke_service(): getTopic  ('_IPS_MONITOR',)
2026-05-06 17:26:34,342 fastran_driver_fastran_driver_2 DEBUG    _get_service_response(REQUEST|fastran_FPP_000001@fastran_driver@2|FRAMEWORK@Framework@0|83)
2026-05-06 17:26:34,353 fastran_driver_fastran_driver_2 DEBUG    _get_service_response(REQUEST|fastran_FPP_000001@fastran_driver@2|FRAMEWORK@Framework@0|83), response = ServiceResponseMessage(sender_id=FRAMEWORK@Framework@0, receiver_id=fastran_FPP_000001@fastran_driver@2, request_msg_id=REQUEST|fastran_FPP_000001@fastran_driver@2|FRAMEWORK@Framework@0|83,status=0, args=(<ipsframework.cca_es_spec.Topic object at 0x7f54f88d1ac0>,), message_id=RESPONSE|FRAMEWORK@Framework@0|fastran_FPP_000001@fastran_driver@2|805)
2026-05-06 17:26:34,354 fastran_driver_fastran_driver_2 DEBUG    _invoke_service(): sendEvent  ('_IPS_MONITOR', 'PORTAL_EVENT', {'sim_name': 'fastran_FPP_000001', 'real_sim_name': 'fastran_FPP_000001', 'portal_data': {'code': 'fastran_driver_fastran_driver', 'eventtype': 'IPS_CALL_END', 'ok': True, 'walltime': '329.53', 'time': '2026-05-06|17:26:34PDT', 'trace': {'timestamp': 1778113290141579, 'duration': 304200541, 'localEndpoint': {'serviceName': 'fastran_FPP_000001@toric@6'}, 'name': 'step(0)', 'id': 'de7a2383cb3fe6fb', 'parentId': 'f899e3e5886669ce', 'tags': {}}, 'state': 'Running', 'comment': 'Target = fastran_FPP_000001@toric@6:step(0)'}})
2026-05-06 17:26:34,354 fastran_driver_fastran_driver_2 DEBUG    _get_service_response(REQUEST|fastran_FPP_000001@fastran_driver@2|FRAMEWORK@Framework@0|84)
2026-05-06 17:26:34,364 fastran_driver_fastran_driver_2 DEBUG    _get_service_response(REQUEST|fastran_FPP_000001@fastran_driver@2|FRAMEWORK@Framework@0|84), response = ServiceResponseMessage(sender_id=FRAMEWORK@Framework@0, receiver_id=fastran_FPP_000001@fastran_driver@2, request_msg_id=REQUEST|fastran_FPP_000001@fastran_driver@2|FRAMEWORK@Framework@0|84,status=0, args=(None,), message_id=RESPONSE|FRAMEWORK@Framework@0|fastran_FPP_000001@fastran_driver@2|806)
2026-05-06 17:26:34,365 fastran_driver_fastran_driver_2 DEBUG    _invoke_service(): getTopic  ('_IPS_MONITOR',)
2026-05-06 17:26:34,365 fastran_driver_fastran_driver_2 DEBUG    _get_service_response(REQUEST|fastran_FPP_000001@fastran_driver@2|FRAMEWORK@Framework@0|85)
2026-05-06 17:26:34,376 fastran_driver_fastran_driver_2 DEBUG    _get_service_response(REQUEST|fastran_FPP_000001@fastran_driver@2|FRAMEWORK@Framework@0|85), response = ServiceResponseMessage(sender_id=FRAMEWORK@Framework@0, receiver_id=fastran_FPP_000001@fastran_driver@2, request_msg_id=REQUEST|fastran_FPP_000001@fastran_driver@2|FRAMEWORK@Framework@0|85,status=0, args=(<ipsframework.cca_es_spec.Topic object at 0x7f54f88d1be0>,), message_id=RESPONSE|FRAMEWORK@Framework@0|fastran_FPP_000001@fastran_driver@2|807)
2026-05-06 17:26:34,376 fastran_driver_fastran_driver_2 DEBUG    _invoke_service(): sendEvent  ('_IPS_MONITOR', 'PORTAL_EVENT', {'sim_name': 'fastran_FPP_000001', 'real_sim_name': 'fastran_FPP_000001', 'portal_data': {'code': 'fastran_driver_fastran_driver', 'eventtype': 'IPS_CALL_BEGIN', 'ok': True, 'walltime': '329.55', 'time': '2026-05-06|17:26:34PDT', 'state': 'Running', 'comment': 'Target = fastran_FPP_000001@efit@7:step(0)'}})
2026-05-06 17:26:34,376 fastran_driver_fastran_driver_2 DEBUG    _get_service_response(REQUEST|fastran_FPP_000001@fastran_driver@2|FRAMEWORK@Framework@0|86)
2026-05-06 17:26:34,387 fastran_driver_fastran_driver_2 DEBUG    _get_service_response(REQUEST|fastran_FPP_000001@fastran_driver@2|FRAMEWORK@Framework@0|86), response = ServiceResponseMessage(sender_id=FRAMEWORK@Framework@0, receiver_id=fastran_FPP_000001@fastran_driver@2, request_msg_id=REQUEST|fastran_FPP_000001@fastran_driver@2|FRAMEWORK@Framework@0|86,status=0, args=(None,), message_id=RESPONSE|FRAMEWORK@Framework@0|fastran_FPP_000001@fastran_driver@2|808)
2026-05-06 17:26:34,387 fastran_driver_fastran_driver_2 DEBUG    _invoke_service(): init_call  ('step', 0)
2026-05-06 17:26:34,387 fastran_driver_fastran_driver_2 DEBUG    _get_service_response(REQUEST|fastran_FPP_000001@fastran_driver@2|FRAMEWORK@Framework@0|87)
2026-05-06 17:26:34,388 fastran_eq_efit_7 DEBUG    Received Message 
2026-05-06 17:26:34,388 fastran_eq_efit_7 DEBUG    Calling method step(0)
2026-05-06 17:26:34,388 fastran_eq_efit_7 DEBUG    _invoke_service(): stage_state  (['s000001.00001', 'g000001.00001', 'i000001.00001'], '/pscratch/sd/h/hswils/github_repos/MANTA_DBSCANS/TORIC+RAD+TGLF_lowerKr/SCAN/work/plasma_state', '/pscratch/sd/h/hswils/github_repos/MANTA_DBSCANS/TORIC+RAD+TGLF_lowerKr/SCAN/work/fastran_eq_efit_7')
2026-05-06 17:26:34,389 fastran_eq_efit_7 DEBUG    _get_service_response(REQUEST|fastran_FPP_000001@efit@7|FRAMEWORK@Framework@0|0)
2026-05-06 17:26:34,398 fastran_driver_fastran_driver_2 DEBUG    _get_service_response(REQUEST|fastran_FPP_000001@fastran_driver@2|FRAMEWORK@Framework@0|87), response = ServiceResponseMessage(sender_id=FRAMEWORK@Framework@0, receiver_id=fastran_FPP_000001@fastran_driver@2, request_msg_id=REQUEST|fastran_FPP_000001@fastran_driver@2|FRAMEWORK@Framework@0|87,status=0, args=(21,), message_id=RESPONSE|FRAMEWORK@Framework@0|fastran_FPP_000001@fastran_driver@2|809)
2026-05-06 17:26:34,398 fastran_driver_fastran_driver_2 DEBUG    _invoke_service(): wait_call  (21, True)
2026-05-06 17:26:34,398 fastran_driver_fastran_driver_2 DEBUG    _get_service_response(REQUEST|fastran_FPP_000001@fastran_driver@2|FRAMEWORK@Framework@0|88)
2026-05-06 17:26:34,410 fastran_eq_efit_7 DEBUG    _get_service_response(REQUEST|fastran_FPP_000001@efit@7|FRAMEWORK@Framework@0|0), response = ServiceResponseMessage(sender_id=FRAMEWORK@Framework@0, receiver_id=fastran_FPP_000001@efit@7, request_msg_id=REQUEST|fastran_FPP_000001@efit@7|FRAMEWORK@Framework@0|0,status=0, args=(0,), message_id=RESPONSE|FRAMEWORK@Framework@0|fastran_FPP_000001@efit@7|810)
2026-05-06 17:26:34,411 fastran_eq_efit_7 DEBUG    _invoke_service(): getTopic  ('_IPS_MONITOR',)
2026-05-06 17:26:34,411 fastran_eq_efit_7 DEBUG    _get_service_response(REQUEST|fastran_FPP_000001@efit@7|FRAMEWORK@Framework@0|1)
2026-05-06 17:26:34,421 fastran_eq_efit_7 DEBUG    _get_service_response(REQUEST|fastran_FPP_000001@efit@7|FRAMEWORK@Framework@0|1), response = ServiceResponseMessage(sender_id=FRAMEWORK@Framework@0, receiver_id=fastran_FPP_000001@efit@7, request_msg_id=REQUEST|fastran_FPP_000001@efit@7|FRAMEWORK@Framework@0|1,status=0, args=(<ipsframework.cca_es_spec.Topic object at 0x7f54f886da60>,), message_id=RESPONSE|FRAMEWORK@Framework@0|fastran_FPP_000001@efit@7|811)
2026-05-06 17:26:34,421 fastran_eq_efit_7 DEBUG    _invoke_service(): sendEvent  ('_IPS_MONITOR', 'PORTAL_EVENT', {'sim_name': 'fastran_FPP_000001', 'real_sim_name': 'fastran_FPP_000001', 'portal_data': {'code': 'fastran_eq_efit', 'eventtype': 'IPS_STAGE_STATE', 'ok': True, 'walltime': '329.60', 'time': '2026-05-06|17:26:34PDT', 'trace': {'timestamp': 1778113594388792, 'duration': 21957, 'localEndpoint': {'serviceName': 'stage_state'}, 'name': "['s000001.00001', 'g000001.00001', 'i000001.00001']", 'id': '71885aecf25d7412', 'parentId': '13bf82df7dd38026', 'tags': {}}, 'state': 'Running', 'comment': 'Elapsed time = 0.022  files = s000001.00001 g000001.00001 i000001.00001 Success'}})
2026-05-06 17:26:34,421 fastran_eq_efit_7 DEBUG    _get_service_response(REQUEST|fastran_FPP_000001@efit@7|FRAMEWORK@Framework@0|2)
2026-05-06 17:26:34,432 fastran_eq_efit_7 DEBUG    _get_service_response(REQUEST|fastran_FPP_000001@efit@7|FRAMEWORK@Framework@0|2), response = ServiceResponseMessage(sender_id=FRAMEWORK@Framework@0, receiver_id=fastran_FPP_000001@efit@7, request_msg_id=REQUEST|fastran_FPP_000001@efit@7|FRAMEWORK@Framework@0|2,status=0, args=(None,), message_id=RESPONSE|FRAMEWORK@Framework@0|fastran_FPP_000001@efit@7|812)
2026-05-06 17:26:37,010 fastran_eq_efit_7 DEBUG    _invoke_service(): update_state  (['s000001.00001', 'g000001.00001', 'i000001.00001'], '/pscratch/sd/h/hswils/github_repos/MANTA_DBSCANS/TORIC+RAD+TGLF_lowerKr/SCAN/work/fastran_eq_efit_7', '/pscratch/sd/h/hswils/github_repos/MANTA_DBSCANS/TORIC+RAD+TGLF_lowerKr/SCAN/work/plasma_state')
2026-05-06 17:26:37,011 fastran_eq_efit_7 DEBUG    _get_service_response(REQUEST|fastran_FPP_000001@efit@7|FRAMEWORK@Framework@0|3)
2026-05-06 17:26:37,032 fastran_eq_efit_7 DEBUG    _get_service_response(REQUEST|fastran_FPP_000001@efit@7|FRAMEWORK@Framework@0|3), response = ServiceResponseMessage(sender_id=FRAMEWORK@Framework@0, receiver_id=fastran_FPP_000001@efit@7, request_msg_id=REQUEST|fastran_FPP_000001@efit@7|FRAMEWORK@Framework@0|3,status=0, args=(0,), message_id=RESPONSE|FRAMEWORK@Framework@0|fastran_FPP_000001@efit@7|818)
2026-05-06 17:26:37,032 fastran_eq_efit_7 DEBUG    _invoke_service(): getTopic  ('_IPS_MONITOR',)
2026-05-06 17:26:37,032 fastran_eq_efit_7 DEBUG    _get_service_response(REQUEST|fastran_FPP_000001@efit@7|FRAMEWORK@Framework@0|4)
2026-05-06 17:26:37,043 fastran_eq_efit_7 DEBUG    _get_service_response(REQUEST|fastran_FPP_000001@efit@7|FRAMEWORK@Framework@0|4), response = ServiceResponseMessage(sender_id=FRAMEWORK@Framework@0, receiver_id=fastran_FPP_000001@efit@7, request_msg_id=REQUEST|fastran_FPP_000001@efit@7|FRAMEWORK@Framework@0|4,status=0, args=(<ipsframework.cca_es_spec.Topic object at 0x7f54f886d9d0>,), message_id=RESPONSE|FRAMEWORK@Framework@0|fastran_FPP_000001@efit@7|819)
2026-05-06 17:26:37,043 fastran_eq_efit_7 DEBUG    _invoke_service(): sendEvent  ('_IPS_MONITOR', 'PORTAL_EVENT', {'sim_name': 'fastran_FPP_000001', 'real_sim_name': 'fastran_FPP_000001', 'portal_data': {'code': 'fastran_eq_efit', 'eventtype': 'IPS_UPDATE_STATE', 'ok': True, 'walltime': '332.22', 'time': '2026-05-06|17:26:37PDT', 'trace': {'timestamp': 1778113597009776, 'duration': 22511, 'localEndpoint': {'serviceName': 'update_state'}, 'name': "['s000001.00001', 'g000001.00001', 'i000001.00001']", 'id': '7629e189a66153c0', 'parentId': '13bf82df7dd38026', 'tags': {}}, 'state': 'Running', 'comment': 'Elapsed time = 0.023   files = s000001.00001 g000001.00001 i000001.00001 Success'}})
2026-05-06 17:26:37,043 fastran_eq_efit_7 DEBUG    _get_service_response(REQUEST|fastran_FPP_000001@efit@7|FRAMEWORK@Framework@0|5)
2026-05-06 17:26:37,054 fastran_eq_efit_7 DEBUG    _get_service_response(REQUEST|fastran_FPP_000001@efit@7|FRAMEWORK@Framework@0|5), response = ServiceResponseMessage(sender_id=FRAMEWORK@Framework@0, receiver_id=fastran_FPP_000001@efit@7, request_msg_id=REQUEST|fastran_FPP_000001@efit@7|FRAMEWORK@Framework@0|5,status=0, args=(None,), message_id=RESPONSE|FRAMEWORK@Framework@0|fastran_FPP_000001@efit@7|820)
2026-05-06 17:26:37,081 fastran_eq_efit_7 DEBUG    _invoke_service(): getTopic  ('_IPS_MONITOR',)
2026-05-06 17:26:37,081 fastran_eq_efit_7 DEBUG    _get_service_response(REQUEST|fastran_FPP_000001@efit@7|FRAMEWORK@Framework@0|6)
2026-05-06 17:26:37,092 fastran_eq_efit_7 DEBUG    _get_service_response(REQUEST|fastran_FPP_000001@efit@7|FRAMEWORK@Framework@0|6), response = ServiceResponseMessage(sender_id=FRAMEWORK@Framework@0, receiver_id=fastran_FPP_000001@efit@7, request_msg_id=REQUEST|fastran_FPP_000001@efit@7|FRAMEWORK@Framework@0|6,status=0, args=(<ipsframework.cca_es_spec.Topic object at 0x7f54f886d9d0>,), message_id=RESPONSE|FRAMEWORK@Framework@0|fastran_FPP_000001@efit@7|821)
2026-05-06 17:26:37,092 fastran_eq_efit_7 DEBUG    _invoke_service(): sendEvent  ('_IPS_MONITOR', 'PORTAL_EVENT', {'sim_name': 'fastran_FPP_000001', 'real_sim_name': 'fastran_FPP_000001', 'portal_data': {'code': 'fastran_eq_efit', 'eventtype': 'IPS_STAGE_OUTPUTS', 'ok': True, 'walltime': '332.27', 'time': '2026-05-06|17:26:37PDT', 'trace': {'timestamp': 1778113597054678, 'duration': 26782, 'localEndpoint': {'serviceName': 'stage_output_files'}, 'name': "['g*.*', 'a*.*', 'm*.*', 'k*.*', 'efit.log', 's*.*']", 'id': '80725d8eee5776f1', 'parentId': '13bf82df7dd38026', 'tags': {}}, 'state': 'Running', 'comment': "Elapsed time = 0.027 Path = /pscratch/sd/h/hswils/github_repos/MANTA_DBSCANS/TORIC+RAD+TGLF_lowerKr/SCAN/simulation_results/0/components/fastran_eq_efit_7 Files = ['g*.*', 'a*.*', 'm*.*', 'k*.*', 'efit.log', 's*.*']"}})
2026-05-06 17:26:37,092 fastran_eq_efit_7 DEBUG    _get_service_response(REQUEST|fastran_FPP_000001@efit@7|FRAMEWORK@Framework@0|7)
2026-05-06 17:26:37,102 fastran_eq_efit_7 DEBUG    _get_service_response(REQUEST|fastran_FPP_000001@efit@7|FRAMEWORK@Framework@0|7), response = ServiceResponseMessage(sender_id=FRAMEWORK@Framework@0, receiver_id=fastran_FPP_000001@efit@7, request_msg_id=REQUEST|fastran_FPP_000001@efit@7|FRAMEWORK@Framework@0|7,status=0, args=(None,), message_id=RESPONSE|FRAMEWORK@Framework@0|fastran_FPP_000001@efit@7|822)
2026-05-06 17:26:37,115 fastran_driver_fastran_driver_2 DEBUG    _get_service_response(REQUEST|fastran_FPP_000001@fastran_driver@2|FRAMEWORK@Framework@0|88), response = ServiceResponseMessage(sender_id=FRAMEWORK@Framework@0, receiver_id=fastran_FPP_000001@fastran_driver@2, request_msg_id=REQUEST|fastran_FPP_000001@fastran_driver@2|FRAMEWORK@Framework@0|88,status=0, args=((None,),), message_id=RESPONSE|FRAMEWORK@Framework@0|fastran_FPP_000001@fastran_driver@2|823)
2026-05-06 17:26:37,115 fastran_driver_fastran_driver_2 DEBUG    _invoke_service(): getTopic  ('_IPS_MONITOR',)
2026-05-06 17:26:37,115 fastran_driver_fastran_driver_2 DEBUG    _get_service_response(REQUEST|fastran_FPP_000001@fastran_driver@2|FRAMEWORK@Framework@0|89)
2026-05-06 17:26:37,126 fastran_driver_fastran_driver_2 DEBUG    _get_service_response(REQUEST|fastran_FPP_000001@fastran_driver@2|FRAMEWORK@Framework@0|89), response = ServiceResponseMessage(sender_id=FRAMEWORK@Framework@0, receiver_id=fastran_FPP_000001@fastran_driver@2, request_msg_id=REQUEST|fastran_FPP_000001@fastran_driver@2|FRAMEWORK@Framework@0|89,status=0, args=(<ipsframework.cca_es_spec.Topic object at 0x7f54f88d1970>,), message_id=RESPONSE|FRAMEWORK@Framework@0|fastran_FPP_000001@fastran_driver@2|824)
2026-05-06 17:26:37,126 fastran_driver_fastran_driver_2 DEBUG    _invoke_service(): sendEvent  ('_IPS_MONITOR', 'PORTAL_EVENT', {'sim_name': 'fastran_FPP_000001', 'real_sim_name': 'fastran_FPP_000001', 'portal_data': {'code': 'fastran_driver_fastran_driver', 'eventtype': 'IPS_CALL_END', 'ok': True, 'walltime': '332.30', 'time': '2026-05-06|17:26:37PDT', 'trace': {'timestamp': 1778113594398674, 'duration': 2716929, 'localEndpoint': {'serviceName': 'fastran_FPP_000001@efit@7'}, 'name': 'step(0)', 'id': '13bf82df7dd38026', 'parentId': 'f899e3e5886669ce', 'tags': {}}, 'state': 'Running', 'comment': 'Target = fastran_FPP_000001@efit@7:step(0)'}})
2026-05-06 17:26:37,126 fastran_driver_fastran_driver_2 DEBUG    _get_service_response(REQUEST|fastran_FPP_000001@fastran_driver@2|FRAMEWORK@Framework@0|90)
2026-05-06 17:26:37,137 fastran_driver_fastran_driver_2 DEBUG    _get_service_response(REQUEST|fastran_FPP_000001@fastran_driver@2|FRAMEWORK@Framework@0|90), response = ServiceResponseMessage(sender_id=FRAMEWORK@Framework@0, receiver_id=fastran_FPP_000001@fastran_driver@2, request_msg_id=REQUEST|fastran_FPP_000001@fastran_driver@2|FRAMEWORK@Framework@0|90,status=0, args=(None,), message_id=RESPONSE|FRAMEWORK@Framework@0|fastran_FPP_000001@fastran_driver@2|825)
2026-05-06 17:26:37,137 fastran_driver_fastran_driver_2 DEBUG    _invoke_service(): getTopic  ('_IPS_MONITOR',)
2026-05-06 17:26:37,137 fastran_driver_fastran_driver_2 DEBUG    _get_service_response(REQUEST|fastran_FPP_000001@fastran_driver@2|FRAMEWORK@Framework@0|91)
2026-05-06 17:26:37,148 fastran_driver_fastran_driver_2 DEBUG    _get_service_response(REQUEST|fastran_FPP_000001@fastran_driver@2|FRAMEWORK@Framework@0|91), response = ServiceResponseMessage(sender_id=FRAMEWORK@Framework@0, receiver_id=fastran_FPP_000001@fastran_driver@2, request_msg_id=REQUEST|fastran_FPP_000001@fastran_driver@2|FRAMEWORK@Framework@0|91,status=0, args=(<ipsframework.cca_es_spec.Topic object at 0x7f54f88d1c40>,), message_id=RESPONSE|FRAMEWORK@Framework@0|fastran_FPP_000001@fastran_driver@2|826)
2026-05-06 17:26:37,148 fastran_driver_fastran_driver_2 DEBUG    _invoke_service(): sendEvent  ('_IPS_MONITOR', 'PORTAL_EVENT', {'sim_name': 'fastran_FPP_000001', 'real_sim_name': 'fastran_FPP_000001', 'portal_data': {'code': 'fastran_driver_fastran_driver', 'eventtype': 'IPS_CALL_BEGIN', 'ok': True, 'walltime': '332.33', 'time': '2026-05-06|17:26:37PDT', 'state': 'Running', 'comment': 'Target = fastran_FPP_000001@fastran@8:step(0)'}})
2026-05-06 17:26:37,148 fastran_driver_fastran_driver_2 DEBUG    _get_service_response(REQUEST|fastran_FPP_000001@fastran_driver@2|FRAMEWORK@Framework@0|92)
2026-05-06 17:26:37,159 fastran_driver_fastran_driver_2 DEBUG    _get_service_response(REQUEST|fastran_FPP_000001@fastran_driver@2|FRAMEWORK@Framework@0|92), response = ServiceResponseMessage(sender_id=FRAMEWORK@Framework@0, receiver_id=fastran_FPP_000001@fastran_driver@2, request_msg_id=REQUEST|fastran_FPP_000001@fastran_driver@2|FRAMEWORK@Framework@0|92,status=0, args=(None,), message_id=RESPONSE|FRAMEWORK@Framework@0|fastran_FPP_000001@fastran_driver@2|827)
2026-05-06 17:26:37,159 fastran_driver_fastran_driver_2 DEBUG    _invoke_service(): init_call  ('step', 0)
2026-05-06 17:26:37,159 fastran_driver_fastran_driver_2 DEBUG    _get_service_response(REQUEST|fastran_FPP_000001@fastran_driver@2|FRAMEWORK@Framework@0|93)
2026-05-06 17:26:37,160 fastran_tr_fastran_8 DEBUG    Received Message 
2026-05-06 17:26:37,160 fastran_tr_fastran_8 DEBUG    Calling method step(0)
2026-05-06 17:26:37,161 fastran_tr_fastran_8 DEBUG    _invoke_service(): stage_state  (['s000001.00001', 'g000001.00001', 'i000001.00001'], '/pscratch/sd/h/hswils/github_repos/MANTA_DBSCANS/TORIC+RAD+TGLF_lowerKr/SCAN/work/plasma_state', '/pscratch/sd/h/hswils/github_repos/MANTA_DBSCANS/TORIC+RAD+TGLF_lowerKr/SCAN/work/fastran_tr_fastran_8')
2026-05-06 17:26:37,161 fastran_tr_fastran_8 DEBUG    _get_service_response(REQUEST|fastran_FPP_000001@fastran@8|FRAMEWORK@Framework@0|0)
2026-05-06 17:26:37,170 fastran_driver_fastran_driver_2 DEBUG    _get_service_response(REQUEST|fastran_FPP_000001@fastran_driver@2|FRAMEWORK@Framework@0|93), response = ServiceResponseMessage(sender_id=FRAMEWORK@Framework@0, receiver_id=fastran_FPP_000001@fastran_driver@2, request_msg_id=REQUEST|fastran_FPP_000001@fastran_driver@2|FRAMEWORK@Framework@0|93,status=0, args=(22,), message_id=RESPONSE|FRAMEWORK@Framework@0|fastran_FPP_000001@fastran_driver@2|828)
2026-05-06 17:26:37,170 fastran_driver_fastran_driver_2 DEBUG    _invoke_service(): wait_call  (22, True)
2026-05-06 17:26:37,170 fastran_driver_fastran_driver_2 DEBUG    _get_service_response(REQUEST|fastran_FPP_000001@fastran_driver@2|FRAMEWORK@Framework@0|94)
2026-05-06 17:26:37,182 fastran_tr_fastran_8 DEBUG    _get_service_response(REQUEST|fastran_FPP_000001@fastran@8|FRAMEWORK@Framework@0|0), response = ServiceResponseMessage(sender_id=FRAMEWORK@Framework@0, receiver_id=fastran_FPP_000001@fastran@8, request_msg_id=REQUEST|fastran_FPP_000001@fastran@8|FRAMEWORK@Framework@0|0,status=0, args=(0,), message_id=RESPONSE|FRAMEWORK@Framework@0|fastran_FPP_000001@fastran@8|829)
2026-05-06 17:26:37,182 fastran_tr_fastran_8 DEBUG    _invoke_service(): getTopic  ('_IPS_MONITOR',)
2026-05-06 17:26:37,182 fastran_tr_fastran_8 DEBUG    _get_service_response(REQUEST|fastran_FPP_000001@fastran@8|FRAMEWORK@Framework@0|1)
2026-05-06 17:26:37,193 fastran_tr_fastran_8 DEBUG    _get_service_response(REQUEST|fastran_FPP_000001@fastran@8|FRAMEWORK@Framework@0|1), response = ServiceResponseMessage(sender_id=FRAMEWORK@Framework@0, receiver_id=fastran_FPP_000001@fastran@8, request_msg_id=REQUEST|fastran_FPP_000001@fastran@8|FRAMEWORK@Framework@0|1,status=0, args=(<ipsframework.cca_es_spec.Topic object at 0x7f54f8875400>,), message_id=RESPONSE|FRAMEWORK@Framework@0|fastran_FPP_000001@fastran@8|830)
2026-05-06 17:26:37,193 fastran_tr_fastran_8 DEBUG    _invoke_service(): sendEvent  ('_IPS_MONITOR', 'PORTAL_EVENT', {'sim_name': 'fastran_FPP_000001', 'real_sim_name': 'fastran_FPP_000001', 'portal_data': {'code': 'fastran_tr_fastran', 'eventtype': 'IPS_STAGE_STATE', 'ok': True, 'walltime': '332.37', 'time': '2026-05-06|17:26:37PDT', 'trace': {'timestamp': 1778113597160851, 'duration': 21634, 'localEndpoint': {'serviceName': 'stage_state'}, 'name': "['s000001.00001', 'g000001.00001', 'i000001.00001']", 'id': '71885aecf25d7412', 'parentId': 'df5e6cd0e63af24f', 'tags': {}}, 'state': 'Running', 'comment': 'Elapsed time = 0.022  files = s000001.00001 g000001.00001 i000001.00001 Success'}})
2026-05-06 17:26:37,193 fastran_tr_fastran_8 DEBUG    _get_service_response(REQUEST|fastran_FPP_000001@fastran@8|FRAMEWORK@Framework@0|2)
2026-05-06 17:26:37,204 fastran_tr_fastran_8 DEBUG    _get_service_response(REQUEST|fastran_FPP_000001@fastran@8|FRAMEWORK@Framework@0|2), response = ServiceResponseMessage(sender_id=FRAMEWORK@Framework@0, receiver_id=fastran_FPP_000001@fastran@8, request_msg_id=REQUEST|fastran_FPP_000001@fastran@8|FRAMEWORK@Framework@0|2,status=0, args=(None,), message_id=RESPONSE|FRAMEWORK@Framework@0|fastran_FPP_000001@fastran@8|831)
2026-05-06 17:26:37,214 fastran_tr_fastran_8 DEBUG    _invoke_service(): getTopic  ('_IPS_MONITOR',)
2026-05-06 17:26:37,214 fastran_tr_fastran_8 DEBUG    _get_service_response(REQUEST|fastran_FPP_000001@fastran@8|FRAMEWORK@Framework@0|3)
2026-05-06 17:26:37,225 fastran_tr_fastran_8 DEBUG    _get_service_response(REQUEST|fastran_FPP_000001@fastran@8|FRAMEWORK@Framework@0|3), response = ServiceResponseMessage(sender_id=FRAMEWORK@Framework@0, receiver_id=fastran_FPP_000001@fastran@8, request_msg_id=REQUEST|fastran_FPP_000001@fastran@8|FRAMEWORK@Framework@0|3,status=0, args=(<ipsframework.cca_es_spec.Topic object at 0x7f54f886d7f0>,), message_id=RESPONSE|FRAMEWORK@Framework@0|fastran_FPP_000001@fastran@8|833)
2026-05-06 17:26:37,225 fastran_tr_fastran_8 DEBUG    _invoke_service(): sendEvent  ('_IPS_MONITOR', 'PORTAL_EVENT', {'sim_name': 'fastran_FPP_000001', 'real_sim_name': 'fastran_FPP_000001', 'portal_data': {'code': 'fastran_tr_fastran', 'eventtype': 'IPS_STAGE_INPUTS', 'ok': True, 'walltime': '332.40', 'time': '2026-05-06|17:26:37PDT', 'trace': {'timestamp': 1778113597204618, 'duration': 9737, 'localEndpoint': {'serviceName': 'stage_input_files'}, 'name': 'infastran intglf', 'id': '5ff6e2efe4653e6c', 'parentId': 'df5e6cd0e63af24f', 'tags': {}}, 'state': 'Running', 'comment': 'Elapsed time = 0.010 Path = /pscratch/sd/h/hswils/github_repos/MANTA_DBSCANS/TORIC+RAD+TGLF_lowerKr/input Files = infastran intglf'}})
2026-05-06 17:26:37,225 fastran_tr_fastran_8 DEBUG    _get_service_response(REQUEST|fastran_FPP_000001@fastran@8|FRAMEWORK@Framework@0|4)
2026-05-06 17:26:37,235 fastran_tr_fastran_8 DEBUG    _get_service_response(REQUEST|fastran_FPP_000001@fastran@8|FRAMEWORK@Framework@0|4), response = ServiceResponseMessage(sender_id=FRAMEWORK@Framework@0, receiver_id=fastran_FPP_000001@fastran@8, request_msg_id=REQUEST|fastran_FPP_000001@fastran@8|FRAMEWORK@Framework@0|4,status=0, args=(None,), message_id=RESPONSE|FRAMEWORK@Framework@0|fastran_FPP_000001@fastran@8|834)
2026-05-06 17:26:37,511 fastran_tr_fastran_8 DEBUG    _invoke_service(): init_task  (TaskInit(nproc=126, binary='/global/common/software/atom/perlmutter/binaries/fastran/default/xfastran_ver1.07', working_dir='/pscratch/sd/h/hswils/github_repos/MANTA_DBSCANS/TORIC+RAD+TGLF_lowerKr/SCAN/work/fastran_tr_fastran_8', tppn=0, tcpp=0, tgpp=0, block=True, omp=False, wnodes=True, wsocks=True, cmd_args=('6', '21')),)
2026-05-06 17:26:37,511 fastran_tr_fastran_8 DEBUG    _get_service_response(REQUEST|fastran_FPP_000001@fastran@8|FRAMEWORK@Framework@0|5)
2026-05-06 17:26:37,522 fastran_tr_fastran_8 DEBUG    _get_service_response(REQUEST|fastran_FPP_000001@fastran@8|FRAMEWORK@Framework@0|5), response = ServiceResponseMessage(sender_id=FRAMEWORK@Framework@0, receiver_id=fastran_FPP_000001@fastran@8, request_msg_id=REQUEST|fastran_FPP_000001@fastran@8|FRAMEWORK@Framework@0|5,status=0, args=((3, 'srun -N 1 -n 126 -c 1 --threads-per-core=1 --cpu-bind=cores /global/common/software/atom/perlmutter/binaries/fastran/default/xfastran_ver1.07 6 21', None, 128),), message_id=RESPONSE|FRAMEWORK@Framework@0|fastran_FPP_000001@fastran@8|835)
2026-05-06 17:26:37,523 fastran_tr_fastran_8 DEBUG    Launching command : srun -N 1 -n 126 -c 1 --threads-per-core=1 --cpu-bind=cores /global/common/software/atom/perlmutter/binaries/fastran/default/xfastran_ver1.07 6 21
2026-05-06 17:26:37,548 fastran_tr_fastran_8 DEBUG    _invoke_service(): getTopic  ('_IPS_MONITOR',)
2026-05-06 17:26:37,549 fastran_tr_fastran_8 DEBUG    _get_service_response(REQUEST|fastran_FPP_000001@fastran@8|FRAMEWORK@Framework@0|6)
2026-05-06 17:26:37,560 fastran_tr_fastran_8 DEBUG    _get_service_response(REQUEST|fastran_FPP_000001@fastran@8|FRAMEWORK@Framework@0|6), response = ServiceResponseMessage(sender_id=FRAMEWORK@Framework@0, receiver_id=fastran_FPP_000001@fastran@8, request_msg_id=REQUEST|fastran_FPP_000001@fastran@8|FRAMEWORK@Framework@0|6,status=0, args=(<ipsframework.cca_es_spec.Topic object at 0x7f54f8863ee0>,), message_id=RESPONSE|FRAMEWORK@Framework@0|fastran_FPP_000001@fastran@8|836)
2026-05-06 17:26:37,560 fastran_tr_fastran_8 DEBUG    _invoke_service(): sendEvent  ('_IPS_MONITOR', 'PORTAL_EVENT', {'sim_name': 'fastran_FPP_000001', 'real_sim_name': 'fastran_FPP_000001', 'portal_data': {'code': 'fastran_tr_fastran', 'eventtype': 'IPS_LAUNCH_TASK', 'ok': True, 'walltime': '332.74', 'time': '2026-05-06|17:26:37PDT', 'state': 'Running', 'comment': 'task_id = 3 , Tag = None , nproc = 126 , Target = srun -N 1 -n 126 -c 1 --threads-per-core=1 --cpu-bind=cores /global/common/software/atom/perlmutter/binaries/fastran/default/xfastran_ver1.07 6 21'}})
2026-05-06 17:26:37,560 fastran_tr_fastran_8 DEBUG    _get_service_response(REQUEST|fastran_FPP_000001@fastran@8|FRAMEWORK@Framework@0|7)
2026-05-06 17:26:37,570 fastran_tr_fastran_8 DEBUG    _get_service_response(REQUEST|fastran_FPP_000001@fastran@8|FRAMEWORK@Framework@0|7), response = ServiceResponseMessage(sender_id=FRAMEWORK@Framework@0, receiver_id=fastran_FPP_000001@fastran@8, request_msg_id=REQUEST|fastran_FPP_000001@fastran@8|FRAMEWORK@Framework@0|7,status=0, args=(None,), message_id=RESPONSE|FRAMEWORK@Framework@0|fastran_FPP_000001@fastran@8|837)
2026-05-06 17:27:31,606 fastran_tr_fastran_8 DEBUG    _invoke_service(): getTopic  ('_IPS_MONITOR',)
2026-05-06 17:27:31,606 fastran_tr_fastran_8 DEBUG    _get_service_response(REQUEST|fastran_FPP_000001@fastran@8|FRAMEWORK@Framework@0|8)
2026-05-06 17:27:31,617 fastran_tr_fastran_8 DEBUG    _get_service_response(REQUEST|fastran_FPP_000001@fastran@8|FRAMEWORK@Framework@0|8), response = ServiceResponseMessage(sender_id=FRAMEWORK@Framework@0, receiver_id=fastran_FPP_000001@fastran@8, request_msg_id=REQUEST|fastran_FPP_000001@fastran@8|FRAMEWORK@Framework@0|8,status=0, args=(<ipsframework.cca_es_spec.Topic object at 0x7f54f8863610>,), message_id=RESPONSE|FRAMEWORK@Framework@0|fastran_FPP_000001@fastran@8|944)
2026-05-06 17:27:31,617 fastran_tr_fastran_8 DEBUG    _invoke_service(): sendEvent  ('_IPS_MONITOR', 'PORTAL_EVENT', {'sim_name': 'fastran_FPP_000001', 'real_sim_name': 'fastran_FPP_000001', 'portal_data': {'code': 'fastran_tr_fastran', 'eventtype': 'IPS_TASK_END', 'ok': True, 'walltime': '386.80', 'time': '2026-05-06|17:27:31PDT', 'trace': {'timestamp': 1778113597548348, 'duration': 54058301, 'localEndpoint': {'serviceName': '/global/common/software/atom/perlmutter/binaries/fastran/default/xfastran_ver1.07'}, 'name': '6 21', 'id': '8d3011dceed0d201', 'parentId': 'df5e6cd0e63af24f', 'tags': {'procs_requested': '126', 'cores_allocated': '128'}}, 'state': 'Running', 'comment': 'task_id = 3  elapsed time = 54.06 S'}})
2026-05-06 17:27:31,618 fastran_tr_fastran_8 DEBUG    _get_service_response(REQUEST|fastran_FPP_000001@fastran@8|FRAMEWORK@Framework@0|9)
2026-05-06 17:27:31,628 fastran_tr_fastran_8 DEBUG    _get_service_response(REQUEST|fastran_FPP_000001@fastran@8|FRAMEWORK@Framework@0|9), response = ServiceResponseMessage(sender_id=FRAMEWORK@Framework@0, receiver_id=fastran_FPP_000001@fastran@8, request_msg_id=REQUEST|fastran_FPP_000001@fastran@8|FRAMEWORK@Framework@0|9,status=0, args=(None,), message_id=RESPONSE|FRAMEWORK@Framework@0|fastran_FPP_000001@fastran@8|945)
2026-05-06 17:27:31,628 fastran_tr_fastran_8 DEBUG    _invoke_service(): finish_task  (3, 0)
2026-05-06 17:27:31,629 fastran_tr_fastran_8 DEBUG    _get_service_response(REQUEST|fastran_FPP_000001@fastran@8|FRAMEWORK@Framework@0|10)
2026-05-06 17:27:31,639 fastran_tr_fastran_8 DEBUG    _get_service_response(REQUEST|fastran_FPP_000001@fastran@8|FRAMEWORK@Framework@0|10), response = ServiceResponseMessage(sender_id=FRAMEWORK@Framework@0, receiver_id=fastran_FPP_000001@fastran@8, request_msg_id=REQUEST|fastran_FPP_000001@fastran@8|FRAMEWORK@Framework@0|10,status=0, args=(0,), message_id=RESPONSE|FRAMEWORK@Framework@0|fastran_FPP_000001@fastran@8|946)
2026-05-06 17:27:31,939 fastran_tr_fastran_8 DEBUG    _invoke_service(): update_state  (['s000001.00001', 'g000001.00001', 'i000001.00001'], '/pscratch/sd/h/hswils/github_repos/MANTA_DBSCANS/TORIC+RAD+TGLF_lowerKr/SCAN/work/fastran_tr_fastran_8', '/pscratch/sd/h/hswils/github_repos/MANTA_DBSCANS/TORIC+RAD+TGLF_lowerKr/SCAN/work/plasma_state')
2026-05-06 17:27:31,939 fastran_tr_fastran_8 DEBUG    _get_service_response(REQUEST|fastran_FPP_000001@fastran@8|FRAMEWORK@Framework@0|11)
2026-05-06 17:27:31,959 fastran_tr_fastran_8 DEBUG    _get_service_response(REQUEST|fastran_FPP_000001@fastran@8|FRAMEWORK@Framework@0|11), response = ServiceResponseMessage(sender_id=FRAMEWORK@Framework@0, receiver_id=fastran_FPP_000001@fastran@8, request_msg_id=REQUEST|fastran_FPP_000001@fastran@8|FRAMEWORK@Framework@0|11,status=0, args=(0,), message_id=RESPONSE|FRAMEWORK@Framework@0|fastran_FPP_000001@fastran@8|947)
2026-05-06 17:27:31,959 fastran_tr_fastran_8 DEBUG    _invoke_service(): getTopic  ('_IPS_MONITOR',)
2026-05-06 17:27:31,959 fastran_tr_fastran_8 DEBUG    _get_service_response(REQUEST|fastran_FPP_000001@fastran@8|FRAMEWORK@Framework@0|12)
2026-05-06 17:27:31,970 fastran_tr_fastran_8 DEBUG    _get_service_response(REQUEST|fastran_FPP_000001@fastran@8|FRAMEWORK@Framework@0|12), response = ServiceResponseMessage(sender_id=FRAMEWORK@Framework@0, receiver_id=fastran_FPP_000001@fastran@8, request_msg_id=REQUEST|fastran_FPP_000001@fastran@8|FRAMEWORK@Framework@0|12,status=0, args=(<ipsframework.cca_es_spec.Topic object at 0x7f54f8875a60>,), message_id=RESPONSE|FRAMEWORK@Framework@0|fastran_FPP_000001@fastran@8|948)
2026-05-06 17:27:31,970 fastran_tr_fastran_8 DEBUG    _invoke_service(): sendEvent  ('_IPS_MONITOR', 'PORTAL_EVENT', {'sim_name': 'fastran_FPP_000001', 'real_sim_name': 'fastran_FPP_000001', 'portal_data': {'code': 'fastran_tr_fastran', 'eventtype': 'IPS_UPDATE_STATE', 'ok': True, 'walltime': '387.15', 'time': '2026-05-06|17:27:31PDT', 'trace': {'timestamp': 1778113651939748, 'duration': 19812, 'localEndpoint': {'serviceName': 'update_state'}, 'name': "['s000001.00001', 'g000001.00001', 'i000001.00001']", 'id': '7629e189a66153c0', 'parentId': 'df5e6cd0e63af24f', 'tags': {}}, 'state': 'Running', 'comment': 'Elapsed time = 0.020   files = s000001.00001 g000001.00001 i000001.00001 Success'}})
2026-05-06 17:27:31,970 fastran_tr_fastran_8 DEBUG    _get_service_response(REQUEST|fastran_FPP_000001@fastran@8|FRAMEWORK@Framework@0|13)
2026-05-06 17:27:31,981 fastran_tr_fastran_8 DEBUG    _get_service_response(REQUEST|fastran_FPP_000001@fastran@8|FRAMEWORK@Framework@0|13), response = ServiceResponseMessage(sender_id=FRAMEWORK@Framework@0, receiver_id=fastran_FPP_000001@fastran@8, request_msg_id=REQUEST|fastran_FPP_000001@fastran@8|FRAMEWORK@Framework@0|13,status=0, args=(None,), message_id=RESPONSE|FRAMEWORK@Framework@0|fastran_FPP_000001@fastran@8|949)
2026-05-06 17:27:32,000 fastran_tr_fastran_8 DEBUG    _invoke_service(): getTopic  ('_IPS_MONITOR',)
2026-05-06 17:27:32,000 fastran_tr_fastran_8 DEBUG    _get_service_response(REQUEST|fastran_FPP_000001@fastran@8|FRAMEWORK@Framework@0|14)
2026-05-06 17:27:32,011 fastran_tr_fastran_8 DEBUG    _get_service_response(REQUEST|fastran_FPP_000001@fastran@8|FRAMEWORK@Framework@0|14), response = ServiceResponseMessage(sender_id=FRAMEWORK@Framework@0, receiver_id=fastran_FPP_000001@fastran@8, request_msg_id=REQUEST|fastran_FPP_000001@fastran@8|FRAMEWORK@Framework@0|14,status=0, args=(<ipsframework.cca_es_spec.Topic object at 0x7f54f8875af0>,), message_id=RESPONSE|FRAMEWORK@Framework@0|fastran_FPP_000001@fastran@8|951)
2026-05-06 17:27:32,011 fastran_tr_fastran_8 DEBUG    _invoke_service(): sendEvent  ('_IPS_MONITOR', 'PORTAL_EVENT', {'sim_name': 'fastran_FPP_000001', 'real_sim_name': 'fastran_FPP_000001', 'portal_data': {'code': 'fastran_tr_fastran', 'eventtype': 'IPS_STAGE_OUTPUTS', 'ok': True, 'walltime': '387.19', 'time': '2026-05-06|17:27:32PDT', 'trace': {'timestamp': 1778113651981179, 'duration': 19466, 'localEndpoint': {'serviceName': 'stage_output_files'}, 'name': "['fastran.nc', 'inprof', 'inmetric', 'infastran', 'intglf', 'xfastran.log', 'i000001.00001']", 'id': '7349cfaaafc33980', 'parentId': 'df5e6cd0e63af24f', 'tags': {}}, 'state': 'Running', 'comment': "Elapsed time = 0.019 Path = /pscratch/sd/h/hswils/github_repos/MANTA_DBSCANS/TORIC+RAD+TGLF_lowerKr/SCAN/simulation_results/0/components/fastran_tr_fastran_8 Files = ['fastran.nc', 'inprof', 'inmetric', 'infastran', 'intglf', 'xfastran.log', 'i000001.00001']"}})
2026-05-06 17:27:32,011 fastran_tr_fastran_8 DEBUG    _get_service_response(REQUEST|fastran_FPP_000001@fastran@8|FRAMEWORK@Framework@0|15)
2026-05-06 17:27:32,022 fastran_tr_fastran_8 DEBUG    _get_service_response(REQUEST|fastran_FPP_000001@fastran@8|FRAMEWORK@Framework@0|15), response = ServiceResponseMessage(sender_id=FRAMEWORK@Framework@0, receiver_id=fastran_FPP_000001@fastran@8, request_msg_id=REQUEST|fastran_FPP_000001@fastran@8|FRAMEWORK@Framework@0|15,status=0, args=(None,), message_id=RESPONSE|FRAMEWORK@Framework@0|fastran_FPP_000001@fastran@8|952)
2026-05-06 17:27:32,032 fastran_driver_fastran_driver_2 DEBUG    _get_service_response(REQUEST|fastran_FPP_000001@fastran_driver@2|FRAMEWORK@Framework@0|94), response = ServiceResponseMessage(sender_id=FRAMEWORK@Framework@0, receiver_id=fastran_FPP_000001@fastran_driver@2, request_msg_id=REQUEST|fastran_FPP_000001@fastran_driver@2|FRAMEWORK@Framework@0|94,status=0, args=((None,),), message_id=RESPONSE|FRAMEWORK@Framework@0|fastran_FPP_000001@fastran_driver@2|953)
2026-05-06 17:27:32,032 fastran_driver_fastran_driver_2 DEBUG    _invoke_service(): getTopic  ('_IPS_MONITOR',)
2026-05-06 17:27:32,033 fastran_driver_fastran_driver_2 DEBUG    _get_service_response(REQUEST|fastran_FPP_000001@fastran_driver@2|FRAMEWORK@Framework@0|95)
2026-05-06 17:27:32,043 fastran_driver_fastran_driver_2 DEBUG    _get_service_response(REQUEST|fastran_FPP_000001@fastran_driver@2|FRAMEWORK@Framework@0|95), response = ServiceResponseMessage(sender_id=FRAMEWORK@Framework@0, receiver_id=fastran_FPP_000001@fastran_driver@2, request_msg_id=REQUEST|fastran_FPP_000001@fastran_driver@2|FRAMEWORK@Framework@0|95,status=0, args=(<ipsframework.cca_es_spec.Topic object at 0x7f54f88d1b80>,), message_id=RESPONSE|FRAMEWORK@Framework@0|fastran_FPP_000001@fastran_driver@2|954)
2026-05-06 17:27:32,043 fastran_driver_fastran_driver_2 DEBUG    _invoke_service(): sendEvent  ('_IPS_MONITOR', 'PORTAL_EVENT', {'sim_name': 'fastran_FPP_000001', 'real_sim_name': 'fastran_FPP_000001', 'portal_data': {'code': 'fastran_driver_fastran_driver', 'eventtype': 'IPS_CALL_END', 'ok': True, 'walltime': '387.22', 'time': '2026-05-06|17:27:32PDT', 'trace': {'timestamp': 1778113597170621, 'duration': 54862193, 'localEndpoint': {'serviceName': 'fastran_FPP_000001@fastran@8'}, 'name': 'step(0)', 'id': 'df5e6cd0e63af24f', 'parentId': 'f899e3e5886669ce', 'tags': {}}, 'state': 'Running', 'comment': 'Target = fastran_FPP_000001@fastran@8:step(0)'}})
2026-05-06 17:27:32,044 fastran_driver_fastran_driver_2 DEBUG    _get_service_response(REQUEST|fastran_FPP_000001@fastran_driver@2|FRAMEWORK@Framework@0|96)
2026-05-06 17:27:32,054 fastran_driver_fastran_driver_2 DEBUG    _get_service_response(REQUEST|fastran_FPP_000001@fastran_driver@2|FRAMEWORK@Framework@0|96), response = ServiceResponseMessage(sender_id=FRAMEWORK@Framework@0, receiver_id=fastran_FPP_000001@fastran_driver@2, request_msg_id=REQUEST|fastran_FPP_000001@fastran_driver@2|FRAMEWORK@Framework@0|96,status=0, args=(None,), message_id=RESPONSE|FRAMEWORK@Framework@0|fastran_FPP_000001@fastran_driver@2|955)
2026-05-06 17:27:32,055 fastran_driver_fastran_driver_2 DEBUG    _invoke_service(): stage_state  (['s000001.00001', 'g000001.00001', 'i000001.00001'], '/pscratch/sd/h/hswils/github_repos/MANTA_DBSCANS/TORIC+RAD+TGLF_lowerKr/SCAN/work/plasma_state', '/pscratch/sd/h/hswils/github_repos/MANTA_DBSCANS/TORIC+RAD+TGLF_lowerKr/SCAN/work/fastran_driver_fastran_driver_2')
2026-05-06 17:27:32,055 fastran_driver_fastran_driver_2 DEBUG    _get_service_response(REQUEST|fastran_FPP_000001@fastran_driver@2|FRAMEWORK@Framework@0|97)
2026-05-06 17:27:32,076 fastran_driver_fastran_driver_2 DEBUG    _get_service_response(REQUEST|fastran_FPP_000001@fastran_driver@2|FRAMEWORK@Framework@0|97), response = ServiceResponseMessage(sender_id=FRAMEWORK@Framework@0, receiver_id=fastran_FPP_000001@fastran_driver@2, request_msg_id=REQUEST|fastran_FPP_000001@fastran_driver@2|FRAMEWORK@Framework@0|97,status=0, args=(0,), message_id=RESPONSE|FRAMEWORK@Framework@0|fastran_FPP_000001@fastran_driver@2|956)
2026-05-06 17:27:32,076 fastran_driver_fastran_driver_2 DEBUG    _invoke_service(): getTopic  ('_IPS_MONITOR',)
2026-05-06 17:27:32,076 fastran_driver_fastran_driver_2 DEBUG    _get_service_response(REQUEST|fastran_FPP_000001@fastran_driver@2|FRAMEWORK@Framework@0|98)
2026-05-06 17:27:32,086 fastran_driver_fastran_driver_2 DEBUG    _get_service_response(REQUEST|fastran_FPP_000001@fastran_driver@2|FRAMEWORK@Framework@0|98), response = ServiceResponseMessage(sender_id=FRAMEWORK@Framework@0, receiver_id=fastran_FPP_000001@fastran_driver@2, request_msg_id=REQUEST|fastran_FPP_000001@fastran_driver@2|FRAMEWORK@Framework@0|98,status=0, args=(<ipsframework.cca_es_spec.Topic object at 0x7f54f88d1bb0>,), message_id=RESPONSE|FRAMEWORK@Framework@0|fastran_FPP_000001@fastran_driver@2|957)
2026-05-06 17:27:32,087 fastran_driver_fastran_driver_2 DEBUG    _invoke_service(): sendEvent  ('_IPS_MONITOR', 'PORTAL_EVENT', {'sim_name': 'fastran_FPP_000001', 'real_sim_name': 'fastran_FPP_000001', 'portal_data': {'code': 'fastran_driver_fastran_driver', 'eventtype': 'IPS_STAGE_STATE', 'ok': True, 'walltime': '387.27', 'time': '2026-05-06|17:27:32PDT', 'trace': {'timestamp': 1778113652055069, 'duration': 21223, 'localEndpoint': {'serviceName': 'stage_state'}, 'name': "['s000001.00001', 'g000001.00001', 'i000001.00001']", 'id': '71885aecf25d7412', 'parentId': 'f899e3e5886669ce', 'tags': {}}, 'state': 'Running', 'comment': 'Elapsed time = 0.021  files = s000001.00001 g000001.00001 i000001.00001 Success'}})
2026-05-06 17:27:32,087 fastran_driver_fastran_driver_2 DEBUG    _get_service_response(REQUEST|fastran_FPP_000001@fastran_driver@2|FRAMEWORK@Framework@0|99)
2026-05-06 17:27:32,097 fastran_driver_fastran_driver_2 DEBUG    _get_service_response(REQUEST|fastran_FPP_000001@fastran_driver@2|FRAMEWORK@Framework@0|99), response = ServiceResponseMessage(sender_id=FRAMEWORK@Framework@0, receiver_id=fastran_FPP_000001@fastran_driver@2, request_msg_id=REQUEST|fastran_FPP_000001@fastran_driver@2|FRAMEWORK@Framework@0|99,status=0, args=(None,), message_id=RESPONSE|FRAMEWORK@Framework@0|fastran_FPP_000001@fastran_driver@2|958)
2026-05-06 17:27:32,099 fastran_driver_fastran_driver_2 DEBUG    _invoke_service(): getTopic  ('_IPS_MONITOR',)
2026-05-06 17:27:32,099 fastran_driver_fastran_driver_2 DEBUG    _get_service_response(REQUEST|fastran_FPP_000001@fastran_driver@2|FRAMEWORK@Framework@0|100)
2026-05-06 17:27:32,110 fastran_driver_fastran_driver_2 DEBUG    _get_service_response(REQUEST|fastran_FPP_000001@fastran_driver@2|FRAMEWORK@Framework@0|100), response = ServiceResponseMessage(sender_id=FRAMEWORK@Framework@0, receiver_id=fastran_FPP_000001@fastran_driver@2, request_msg_id=REQUEST|fastran_FPP_000001@fastran_driver@2|FRAMEWORK@Framework@0|100,status=0, args=(<ipsframework.cca_es_spec.Topic object at 0x7f54f88d1ca0>,), message_id=RESPONSE|FRAMEWORK@Framework@0|fastran_FPP_000001@fastran_driver@2|959)
2026-05-06 17:27:32,110 fastran_driver_fastran_driver_2 DEBUG    _invoke_service(): sendEvent  ('_IPS_MONITOR', 'PORTAL_EVENT', {'sim_name': 'fastran_FPP_000001', 'real_sim_name': 'fastran_FPP_000001', 'portal_data': {'code': 'fastran_driver_fastran_driver', 'eventtype': 'IPS_STAGE_OUTPUTS', 'ok': True, 'walltime': '387.29', 'time': '2026-05-06|17:27:32PDT', 'trace': {'timestamp': 1778113652097912, 'duration': 1425, 'localEndpoint': {'serviceName': 'stage_output_files'}, 'name': '[]', 'id': 'ed019efe11be26d9', 'parentId': 'f899e3e5886669ce', 'tags': {}}, 'state': 'Running', 'comment': 'Elapsed time = 0.001 Path = /pscratch/sd/h/hswils/github_repos/MANTA_DBSCANS/TORIC+RAD+TGLF_lowerKr/SCAN/simulation_results/0/components/fastran_driver_fastran_driver_2 Files = []'}})
2026-05-06 17:27:32,110 fastran_driver_fastran_driver_2 DEBUG    _get_service_response(REQUEST|fastran_FPP_000001@fastran_driver@2|FRAMEWORK@Framework@0|101)
2026-05-06 17:27:32,120 fastran_driver_fastran_driver_2 DEBUG    _get_service_response(REQUEST|fastran_FPP_000001@fastran_driver@2|FRAMEWORK@Framework@0|101), response = ServiceResponseMessage(sender_id=FRAMEWORK@Framework@0, receiver_id=fastran_FPP_000001@fastran_driver@2, request_msg_id=REQUEST|fastran_FPP_000001@fastran_driver@2|FRAMEWORK@Framework@0|101,status=0, args=(None,), message_id=RESPONSE|FRAMEWORK@Framework@0|fastran_FPP_000001@fastran_driver@2|960)
2026-05-06 17:27:32,121 fastran_driver_fastran_driver_2 DEBUG    _invoke_service(): getTopic  ('_IPS_MONITOR',)
2026-05-06 17:27:32,121 fastran_driver_fastran_driver_2 DEBUG    _get_service_response(REQUEST|fastran_FPP_000001@fastran_driver@2|FRAMEWORK@Framework@0|102)
2026-05-06 17:27:32,131 fastran_driver_fastran_driver_2 DEBUG    _get_service_response(REQUEST|fastran_FPP_000001@fastran_driver@2|FRAMEWORK@Framework@0|102), response = ServiceResponseMessage(sender_id=FRAMEWORK@Framework@0, receiver_id=fastran_FPP_000001@fastran_driver@2, request_msg_id=REQUEST|fastran_FPP_000001@fastran_driver@2|FRAMEWORK@Framework@0|102,status=0, args=(<ipsframework.cca_es_spec.Topic object at 0x7f54f88d1ac0>,), message_id=RESPONSE|FRAMEWORK@Framework@0|fastran_FPP_000001@fastran_driver@2|961)
2026-05-06 17:27:32,131 fastran_driver_fastran_driver_2 DEBUG    _invoke_service(): sendEvent  ('_IPS_MONITOR', 'PORTALBRIDGE_UPDATE_TIMESTAMP', {'sim_name': 'fastran_FPP_000001', 'real_sim_name': 'fastran_FPP_000001', 'portal_data': {'phystimestamp': 1, 'eventtype': 'PORTALBRIDGE_UPDATE_TIMESTAMP'}})
2026-05-06 17:27:32,132 fastran_driver_fastran_driver_2 DEBUG    _get_service_response(REQUEST|fastran_FPP_000001@fastran_driver@2|FRAMEWORK@Framework@0|103)
2026-05-06 17:27:32,142 fastran_driver_fastran_driver_2 DEBUG    _get_service_response(REQUEST|fastran_FPP_000001@fastran_driver@2|FRAMEWORK@Framework@0|103), response = ServiceResponseMessage(sender_id=FRAMEWORK@Framework@0, receiver_id=fastran_FPP_000001@fastran_driver@2, request_msg_id=REQUEST|fastran_FPP_000001@fastran_driver@2|FRAMEWORK@Framework@0|103,status=0, args=(None,), message_id=RESPONSE|FRAMEWORK@Framework@0|fastran_FPP_000001@fastran_driver@2|962)
2026-05-06 17:27:32,142 fastran_driver_fastran_driver_2 DEBUG    _invoke_service(): getTopic  ('_IPS_MONITOR',)
2026-05-06 17:27:32,142 fastran_driver_fastran_driver_2 DEBUG    _get_service_response(REQUEST|fastran_FPP_000001@fastran_driver@2|FRAMEWORK@Framework@0|104)
2026-05-06 17:27:32,153 fastran_driver_fastran_driver_2 DEBUG    _get_service_response(REQUEST|fastran_FPP_000001@fastran_driver@2|FRAMEWORK@Framework@0|104), response = ServiceResponseMessage(sender_id=FRAMEWORK@Framework@0, receiver_id=fastran_FPP_000001@fastran_driver@2, request_msg_id=REQUEST|fastran_FPP_000001@fastran_driver@2|FRAMEWORK@Framework@0|104,status=0, args=(<ipsframework.cca_es_spec.Topic object at 0x7f54f88d1ca0>,), message_id=RESPONSE|FRAMEWORK@Framework@0|fastran_FPP_000001@fastran_driver@2|963)
2026-05-06 17:27:32,153 fastran_driver_fastran_driver_2 DEBUG    _invoke_service(): sendEvent  ('_IPS_MONITOR', 'PORTAL_EVENT', {'sim_name': 'fastran_FPP_000001', 'real_sim_name': 'fastran_FPP_000001', 'portal_data': {'code': 'fastran_driver_fastran_driver', 'eventtype': 'IPS_UPDATE_TIME_STAMP', 'ok': True, 'walltime': '387.33', 'time': '2026-05-06|17:27:32PDT', 'state': 'Running', 'comment': 'Timestamp = 1'}})
2026-05-06 17:27:32,153 fastran_driver_fastran_driver_2 DEBUG    _get_service_response(REQUEST|fastran_FPP_000001@fastran_driver@2|FRAMEWORK@Framework@0|105)
2026-05-06 17:27:32,164 fastran_driver_fastran_driver_2 DEBUG    _get_service_response(REQUEST|fastran_FPP_000001@fastran_driver@2|FRAMEWORK@Framework@0|105), response = ServiceResponseMessage(sender_id=FRAMEWORK@Framework@0, receiver_id=fastran_FPP_000001@fastran_driver@2, request_msg_id=REQUEST|fastran_FPP_000001@fastran_driver@2|FRAMEWORK@Framework@0|105,status=0, args=(None,), message_id=RESPONSE|FRAMEWORK@Framework@0|fastran_FPP_000001@fastran_driver@2|964)
2026-05-06 17:27:32,164 fastran_driver_fastran_driver_2 DEBUG    _invoke_service(): getTopic  ('_IPS_MONITOR',)
2026-05-06 17:27:32,164 fastran_driver_fastran_driver_2 DEBUG    _get_service_response(REQUEST|fastran_FPP_000001@fastran_driver@2|FRAMEWORK@Framework@0|106)
2026-05-06 17:27:32,175 fastran_driver_fastran_driver_2 DEBUG    _get_service_response(REQUEST|fastran_FPP_000001@fastran_driver@2|FRAMEWORK@Framework@0|106), response = ServiceResponseMessage(sender_id=FRAMEWORK@Framework@0, receiver_id=fastran_FPP_000001@fastran_driver@2, request_msg_id=REQUEST|fastran_FPP_000001@fastran_driver@2|FRAMEWORK@Framework@0|106,status=0, args=(<ipsframework.cca_es_spec.Topic object at 0x7f54f88d1cd0>,), message_id=RESPONSE|FRAMEWORK@Framework@0|fastran_FPP_000001@fastran_driver@2|965)
2026-05-06 17:27:32,175 fastran_driver_fastran_driver_2 DEBUG    _invoke_service(): sendEvent  ('_IPS_MONITOR', 'PORTAL_EVENT', {'sim_name': 'fastran_FPP_000001', 'real_sim_name': 'fastran_FPP_000001', 'portal_data': {'code': 'fastran_driver_fastran_driver', 'eventtype': 'IPS_CALL_BEGIN', 'ok': True, 'walltime': '387.35', 'time': '2026-05-06|17:27:32PDT', 'state': 'Running', 'comment': 'Target = fastran_FPP_000001@impurity_radiation@5:step(1)'}})
2026-05-06 17:27:32,175 fastran_driver_fastran_driver_2 DEBUG    _get_service_response(REQUEST|fastran_FPP_000001@fastran_driver@2|FRAMEWORK@Framework@0|107)
2026-05-06 17:27:32,186 fastran_driver_fastran_driver_2 DEBUG    _get_service_response(REQUEST|fastran_FPP_000001@fastran_driver@2|FRAMEWORK@Framework@0|107), response = ServiceResponseMessage(sender_id=FRAMEWORK@Framework@0, receiver_id=fastran_FPP_000001@fastran_driver@2, request_msg_id=REQUEST|fastran_FPP_000001@fastran_driver@2|FRAMEWORK@Framework@0|107,status=0, args=(None,), message_id=RESPONSE|FRAMEWORK@Framework@0|fastran_FPP_000001@fastran_driver@2|966)
2026-05-06 17:27:32,186 fastran_driver_fastran_driver_2 DEBUG    _invoke_service(): init_call  ('step', 1)
2026-05-06 17:27:32,186 fastran_driver_fastran_driver_2 DEBUG    _get_service_response(REQUEST|fastran_FPP_000001@fastran_driver@2|FRAMEWORK@Framework@0|108)
2026-05-06 17:27:32,187 fastran__impurity_radiation_5 DEBUG    Received Message 
2026-05-06 17:27:32,187 fastran__impurity_radiation_5 DEBUG    Calling method step(1)
2026-05-06 17:27:32,187 fastran__impurity_radiation_5 DEBUG    _invoke_service(): stage_state  (['s000001.00001', 'g000001.00001', 'i000001.00001'], '/pscratch/sd/h/hswils/github_repos/MANTA_DBSCANS/TORIC+RAD+TGLF_lowerKr/SCAN/work/plasma_state', '/pscratch/sd/h/hswils/github_repos/MANTA_DBSCANS/TORIC+RAD+TGLF_lowerKr/SCAN/work/fastran__impurity_radiation_5')
2026-05-06 17:27:32,187 fastran__impurity_radiation_5 DEBUG    _get_service_response(REQUEST|fastran_FPP_000001@impurity_radiation@5|FRAMEWORK@Framework@0|13)
2026-05-06 17:27:32,197 fastran_driver_fastran_driver_2 DEBUG    _get_service_response(REQUEST|fastran_FPP_000001@fastran_driver@2|FRAMEWORK@Framework@0|108), response = ServiceResponseMessage(sender_id=FRAMEWORK@Framework@0, receiver_id=fastran_FPP_000001@fastran_driver@2, request_msg_id=REQUEST|fastran_FPP_000001@fastran_driver@2|FRAMEWORK@Framework@0|108,status=0, args=(23,), message_id=RESPONSE|FRAMEWORK@Framework@0|fastran_FPP_000001@fastran_driver@2|967)
2026-05-06 17:27:32,197 fastran_driver_fastran_driver_2 DEBUG    _invoke_service(): wait_call  (23, True)
2026-05-06 17:27:32,197 fastran_driver_fastran_driver_2 DEBUG    _get_service_response(REQUEST|fastran_FPP_000001@fastran_driver@2|FRAMEWORK@Framework@0|109)
2026-05-06 17:27:32,207 fastran__impurity_radiation_5 DEBUG    _get_service_response(REQUEST|fastran_FPP_000001@impurity_radiation@5|FRAMEWORK@Framework@0|13), response = ServiceResponseMessage(sender_id=FRAMEWORK@Framework@0, receiver_id=fastran_FPP_000001@impurity_radiation@5, request_msg_id=REQUEST|fastran_FPP_000001@impurity_radiation@5|FRAMEWORK@Framework@0|13,status=0, args=(0,), message_id=RESPONSE|FRAMEWORK@Framework@0|fastran_FPP_000001@impurity_radiation@5|968)
2026-05-06 17:27:32,207 fastran__impurity_radiation_5 DEBUG    _invoke_service(): getTopic  ('_IPS_MONITOR',)
2026-05-06 17:27:32,207 fastran__impurity_radiation_5 DEBUG    _get_service_response(REQUEST|fastran_FPP_000001@impurity_radiation@5|FRAMEWORK@Framework@0|14)
2026-05-06 17:27:32,218 fastran__impurity_radiation_5 DEBUG    _get_service_response(REQUEST|fastran_FPP_000001@impurity_radiation@5|FRAMEWORK@Framework@0|14), response = ServiceResponseMessage(sender_id=FRAMEWORK@Framework@0, receiver_id=fastran_FPP_000001@impurity_radiation@5, request_msg_id=REQUEST|fastran_FPP_000001@impurity_radiation@5|FRAMEWORK@Framework@0|14,status=0, args=(<ipsframework.cca_es_spec.Topic object at 0x7f54f886a250>,), message_id=RESPONSE|FRAMEWORK@Framework@0|fastran_FPP_000001@impurity_radiation@5|969)
2026-05-06 17:27:32,218 fastran__impurity_radiation_5 DEBUG    _invoke_service(): sendEvent  ('_IPS_MONITOR', 'PORTAL_EVENT', {'sim_name': 'fastran_FPP_000001', 'real_sim_name': 'fastran_FPP_000001', 'portal_data': {'code': 'fastran__impurity_radiation', 'eventtype': 'IPS_STAGE_STATE', 'ok': True, 'walltime': '387.40', 'time': '2026-05-06|17:27:32PDT', 'trace': {'timestamp': 1778113652187802, 'duration': 19881, 'localEndpoint': {'serviceName': 'stage_state'}, 'name': "['s000001.00001', 'g000001.00001', 'i000001.00001']", 'id': '71885aecf25d7412', 'parentId': 'dfc15df24f18fdb7', 'tags': {}}, 'state': 'Running', 'comment': 'Elapsed time = 0.020  files = s000001.00001 g000001.00001 i000001.00001 Success'}})
2026-05-06 17:27:32,218 fastran__impurity_radiation_5 DEBUG    _get_service_response(REQUEST|fastran_FPP_000001@impurity_radiation@5|FRAMEWORK@Framework@0|15)
2026-05-06 17:27:32,229 fastran__impurity_radiation_5 DEBUG    _get_service_response(REQUEST|fastran_FPP_000001@impurity_radiation@5|FRAMEWORK@Framework@0|15), response = ServiceResponseMessage(sender_id=FRAMEWORK@Framework@0, receiver_id=fastran_FPP_000001@impurity_radiation@5, request_msg_id=REQUEST|fastran_FPP_000001@impurity_radiation@5|FRAMEWORK@Framework@0|15,status=0, args=(None,), message_id=RESPONSE|FRAMEWORK@Framework@0|fastran_FPP_000001@impurity_radiation@5|970)
2026-05-06 17:27:32,229 fastran__impurity_radiation_5 DEBUG    _invoke_service(): getTopic  ('_IPS_MONITOR',)
2026-05-06 17:27:32,229 fastran__impurity_radiation_5 DEBUG    _get_service_response(REQUEST|fastran_FPP_000001@impurity_radiation@5|FRAMEWORK@Framework@0|16)
2026-05-06 17:27:32,240 fastran__impurity_radiation_5 DEBUG    _get_service_response(REQUEST|fastran_FPP_000001@impurity_radiation@5|FRAMEWORK@Framework@0|16), response = ServiceResponseMessage(sender_id=FRAMEWORK@Framework@0, receiver_id=fastran_FPP_000001@impurity_radiation@5, request_msg_id=REQUEST|fastran_FPP_000001@impurity_radiation@5|FRAMEWORK@Framework@0|16,status=0, args=(<ipsframework.cca_es_spec.Topic object at 0x7f54f886a1f0>,), message_id=RESPONSE|FRAMEWORK@Framework@0|fastran_FPP_000001@impurity_radiation@5|971)
2026-05-06 17:27:32,240 fastran__impurity_radiation_5 DEBUG    _invoke_service(): sendEvent  ('_IPS_MONITOR', 'PORTAL_EVENT', {'sim_name': 'fastran_FPP_000001', 'real_sim_name': 'fastran_FPP_000001', 'portal_data': {'code': 'fastran__impurity_radiation', 'eventtype': 'IPS_STAGE_INPUTS', 'ok': True, 'walltime': '387.42', 'time': '2026-05-06|17:27:32PDT', 'trace': {'timestamp': 1778113652229613, 'duration': 73, 'localEndpoint': {'serviceName': 'stage_input_files'}, 'name': '', 'id': 'e70cb59b389672bf', 'parentId': 'dfc15df24f18fdb7', 'tags': {}}, 'state': 'Running', 'comment': 'Elapsed time = 0.000 Path = /pscratch/sd/h/hswils/github_repos/MANTA_DBSCANS/TORIC+RAD+TGLF_lowerKr/input Files = '}})
2026-05-06 17:27:32,240 fastran__impurity_radiation_5 DEBUG    _get_service_response(REQUEST|fastran_FPP_000001@impurity_radiation@5|FRAMEWORK@Framework@0|17)
2026-05-06 17:27:32,251 fastran__impurity_radiation_5 DEBUG    _get_service_response(REQUEST|fastran_FPP_000001@impurity_radiation@5|FRAMEWORK@Framework@0|17), response = ServiceResponseMessage(sender_id=FRAMEWORK@Framework@0, receiver_id=fastran_FPP_000001@impurity_radiation@5, request_msg_id=REQUEST|fastran_FPP_000001@impurity_radiation@5|FRAMEWORK@Framework@0|17,status=0, args=(None,), message_id=RESPONSE|FRAMEWORK@Framework@0|fastran_FPP_000001@impurity_radiation@5|972)
2026-05-06 17:27:32,466 fastran__impurity_radiation_5 DEBUG    _invoke_service(): update_state  (['s000001.00001', 'g000001.00001', 'i000001.00001'], '/pscratch/sd/h/hswils/github_repos/MANTA_DBSCANS/TORIC+RAD+TGLF_lowerKr/SCAN/work/fastran__impurity_radiation_5', '/pscratch/sd/h/hswils/github_repos/MANTA_DBSCANS/TORIC+RAD+TGLF_lowerKr/SCAN/work/plasma_state')
2026-05-06 17:27:32,466 fastran__impurity_radiation_5 DEBUG    _get_service_response(REQUEST|fastran_FPP_000001@impurity_radiation@5|FRAMEWORK@Framework@0|18)
2026-05-06 17:27:32,486 fastran__impurity_radiation_5 DEBUG    _get_service_response(REQUEST|fastran_FPP_000001@impurity_radiation@5|FRAMEWORK@Framework@0|18), response = ServiceResponseMessage(sender_id=FRAMEWORK@Framework@0, receiver_id=fastran_FPP_000001@impurity_radiation@5, request_msg_id=REQUEST|fastran_FPP_000001@impurity_radiation@5|FRAMEWORK@Framework@0|18,status=0, args=(0,), message_id=RESPONSE|FRAMEWORK@Framework@0|fastran_FPP_000001@impurity_radiation@5|973)
2026-05-06 17:27:32,486 fastran__impurity_radiation_5 DEBUG    _invoke_service(): getTopic  ('_IPS_MONITOR',)
2026-05-06 17:27:32,487 fastran__impurity_radiation_5 DEBUG    _get_service_response(REQUEST|fastran_FPP_000001@impurity_radiation@5|FRAMEWORK@Framework@0|19)
2026-05-06 17:27:32,497 fastran__impurity_radiation_5 DEBUG    _get_service_response(REQUEST|fastran_FPP_000001@impurity_radiation@5|FRAMEWORK@Framework@0|19), response = ServiceResponseMessage(sender_id=FRAMEWORK@Framework@0, receiver_id=fastran_FPP_000001@impurity_radiation@5, request_msg_id=REQUEST|fastran_FPP_000001@impurity_radiation@5|FRAMEWORK@Framework@0|19,status=0, args=(<ipsframework.cca_es_spec.Topic object at 0x7f54f886a1c0>,), message_id=RESPONSE|FRAMEWORK@Framework@0|fastran_FPP_000001@impurity_radiation@5|974)
2026-05-06 17:27:32,497 fastran__impurity_radiation_5 DEBUG    _invoke_service(): sendEvent  ('_IPS_MONITOR', 'PORTAL_EVENT', {'sim_name': 'fastran_FPP_000001', 'real_sim_name': 'fastran_FPP_000001', 'portal_data': {'code': 'fastran__impurity_radiation', 'eventtype': 'IPS_UPDATE_STATE', 'ok': True, 'walltime': '387.68', 'time': '2026-05-06|17:27:32PDT', 'trace': {'timestamp': 1778113652466148, 'duration': 20698, 'localEndpoint': {'serviceName': 'update_state'}, 'name': "['s000001.00001', 'g000001.00001', 'i000001.00001']", 'id': '7629e189a66153c0', 'parentId': 'dfc15df24f18fdb7', 'tags': {}}, 'state': 'Running', 'comment': 'Elapsed time = 0.021   files = s000001.00001 g000001.00001 i000001.00001 Success'}})
2026-05-06 17:27:32,498 fastran__impurity_radiation_5 DEBUG    _get_service_response(REQUEST|fastran_FPP_000001@impurity_radiation@5|FRAMEWORK@Framework@0|20)
2026-05-06 17:27:32,508 fastran__impurity_radiation_5 DEBUG    _get_service_response(REQUEST|fastran_FPP_000001@impurity_radiation@5|FRAMEWORK@Framework@0|20), response = ServiceResponseMessage(sender_id=FRAMEWORK@Framework@0, receiver_id=fastran_FPP_000001@impurity_radiation@5, request_msg_id=REQUEST|fastran_FPP_000001@impurity_radiation@5|FRAMEWORK@Framework@0|20,status=0, args=(None,), message_id=RESPONSE|FRAMEWORK@Framework@0|fastran_FPP_000001@impurity_radiation@5|975)
2026-05-06 17:27:32,509 fastran__impurity_radiation_5 DEBUG    _invoke_service(): getTopic  ('_IPS_MONITOR',)
2026-05-06 17:27:32,509 fastran__impurity_radiation_5 DEBUG    _get_service_response(REQUEST|fastran_FPP_000001@impurity_radiation@5|FRAMEWORK@Framework@0|21)
2026-05-06 17:27:32,520 fastran__impurity_radiation_5 DEBUG    _get_service_response(REQUEST|fastran_FPP_000001@impurity_radiation@5|FRAMEWORK@Framework@0|21), response = ServiceResponseMessage(sender_id=FRAMEWORK@Framework@0, receiver_id=fastran_FPP_000001@impurity_radiation@5, request_msg_id=REQUEST|fastran_FPP_000001@impurity_radiation@5|FRAMEWORK@Framework@0|21,status=0, args=(<ipsframework.cca_es_spec.Topic object at 0x7f54f886a220>,), message_id=RESPONSE|FRAMEWORK@Framework@0|fastran_FPP_000001@impurity_radiation@5|977)
2026-05-06 17:27:32,520 fastran__impurity_radiation_5 DEBUG    _invoke_service(): sendEvent  ('_IPS_MONITOR', 'PORTAL_EVENT', {'sim_name': 'fastran_FPP_000001', 'real_sim_name': 'fastran_FPP_000001', 'portal_data': {'code': 'fastran__impurity_radiation', 'eventtype': 'IPS_STAGE_OUTPUTS', 'ok': True, 'walltime': '387.70', 'time': '2026-05-06|17:27:32PDT', 'trace': {'timestamp': 1778113652508659, 'duration': 920, 'localEndpoint': {'serviceName': 'stage_output_files'}, 'name': '[]', 'id': 'ed019efe11be26d9', 'parentId': 'dfc15df24f18fdb7', 'tags': {}}, 'state': 'Running', 'comment': 'Elapsed time = 0.001 Path = /pscratch/sd/h/hswils/github_repos/MANTA_DBSCANS/TORIC+RAD+TGLF_lowerKr/SCAN/simulation_results/1/components/fastran__impurity_radiation_5 Files = []'}})
2026-05-06 17:27:32,520 fastran__impurity_radiation_5 DEBUG    _get_service_response(REQUEST|fastran_FPP_000001@impurity_radiation@5|FRAMEWORK@Framework@0|22)
2026-05-06 17:27:32,531 fastran__impurity_radiation_5 DEBUG    _get_service_response(REQUEST|fastran_FPP_000001@impurity_radiation@5|FRAMEWORK@Framework@0|22), response = ServiceResponseMessage(sender_id=FRAMEWORK@Framework@0, receiver_id=fastran_FPP_000001@impurity_radiation@5, request_msg_id=REQUEST|fastran_FPP_000001@impurity_radiation@5|FRAMEWORK@Framework@0|22,status=0, args=(None,), message_id=RESPONSE|FRAMEWORK@Framework@0|fastran_FPP_000001@impurity_radiation@5|978)
2026-05-06 17:27:32,541 fastran_driver_fastran_driver_2 DEBUG    _get_service_response(REQUEST|fastran_FPP_000001@fastran_driver@2|FRAMEWORK@Framework@0|109), response = ServiceResponseMessage(sender_id=FRAMEWORK@Framework@0, receiver_id=fastran_FPP_000001@fastran_driver@2, request_msg_id=REQUEST|fastran_FPP_000001@fastran_driver@2|FRAMEWORK@Framework@0|109,status=0, args=((None,),), message_id=RESPONSE|FRAMEWORK@Framework@0|fastran_FPP_000001@fastran_driver@2|979)
2026-05-06 17:27:32,542 fastran_driver_fastran_driver_2 DEBUG    _invoke_service(): getTopic  ('_IPS_MONITOR',)
2026-05-06 17:27:32,542 fastran_driver_fastran_driver_2 DEBUG    _get_service_response(REQUEST|fastran_FPP_000001@fastran_driver@2|FRAMEWORK@Framework@0|110)
2026-05-06 17:27:32,552 fastran_driver_fastran_driver_2 DEBUG    _get_service_response(REQUEST|fastran_FPP_000001@fastran_driver@2|FRAMEWORK@Framework@0|110), response = ServiceResponseMessage(sender_id=FRAMEWORK@Framework@0, receiver_id=fastran_FPP_000001@fastran_driver@2, request_msg_id=REQUEST|fastran_FPP_000001@fastran_driver@2|FRAMEWORK@Framework@0|110,status=0, args=(<ipsframework.cca_es_spec.Topic object at 0x7f54f88d1a00>,), message_id=RESPONSE|FRAMEWORK@Framework@0|fastran_FPP_000001@fastran_driver@2|980)
2026-05-06 17:27:32,553 fastran_driver_fastran_driver_2 DEBUG    _invoke_service(): sendEvent  ('_IPS_MONITOR', 'PORTAL_EVENT', {'sim_name': 'fastran_FPP_000001', 'real_sim_name': 'fastran_FPP_000001', 'portal_data': {'code': 'fastran_driver_fastran_driver', 'eventtype': 'IPS_CALL_END', 'ok': True, 'walltime': '387.73', 'time': '2026-05-06|17:27:32PDT', 'trace': {'timestamp': 1778113652197729, 'duration': 344199, 'localEndpoint': {'serviceName': 'fastran_FPP_000001@impurity_radiation@5'}, 'name': 'step(1)', 'id': 'dfc15df24f18fdb7', 'parentId': 'f899e3e5886669ce', 'tags': {}}, 'state': 'Running', 'comment': 'Target = fastran_FPP_000001@impurity_radiation@5:step(1)'}})
2026-05-06 17:27:32,553 fastran_driver_fastran_driver_2 DEBUG    _get_service_response(REQUEST|fastran_FPP_000001@fastran_driver@2|FRAMEWORK@Framework@0|111)
2026-05-06 17:27:32,563 fastran_driver_fastran_driver_2 DEBUG    _get_service_response(REQUEST|fastran_FPP_000001@fastran_driver@2|FRAMEWORK@Framework@0|111), response = ServiceResponseMessage(sender_id=FRAMEWORK@Framework@0, receiver_id=fastran_FPP_000001@fastran_driver@2, request_msg_id=REQUEST|fastran_FPP_000001@fastran_driver@2|FRAMEWORK@Framework@0|111,status=0, args=(None,), message_id=RESPONSE|FRAMEWORK@Framework@0|fastran_FPP_000001@fastran_driver@2|981)
2026-05-06 17:27:32,564 fastran_driver_fastran_driver_2 DEBUG    _invoke_service(): getTopic  ('_IPS_MONITOR',)
2026-05-06 17:27:32,564 fastran_driver_fastran_driver_2 DEBUG    _get_service_response(REQUEST|fastran_FPP_000001@fastran_driver@2|FRAMEWORK@Framework@0|112)
2026-05-06 17:27:32,575 fastran_driver_fastran_driver_2 DEBUG    _get_service_response(REQUEST|fastran_FPP_000001@fastran_driver@2|FRAMEWORK@Framework@0|112), response = ServiceResponseMessage(sender_id=FRAMEWORK@Framework@0, receiver_id=fastran_FPP_000001@fastran_driver@2, request_msg_id=REQUEST|fastran_FPP_000001@fastran_driver@2|FRAMEWORK@Framework@0|112,status=0, args=(<ipsframework.cca_es_spec.Topic object at 0x7f54f88d1d30>,), message_id=RESPONSE|FRAMEWORK@Framework@0|fastran_FPP_000001@fastran_driver@2|982)
2026-05-06 17:27:32,575 fastran_driver_fastran_driver_2 DEBUG    _invoke_service(): sendEvent  ('_IPS_MONITOR', 'PORTAL_EVENT', {'sim_name': 'fastran_FPP_000001', 'real_sim_name': 'fastran_FPP_000001', 'portal_data': {'code': 'fastran_driver_fastran_driver', 'eventtype': 'IPS_CALL_BEGIN', 'ok': True, 'walltime': '387.75', 'time': '2026-05-06|17:27:32PDT', 'state': 'Running', 'comment': 'Target = fastran_FPP_000001@toric@6:step(1)'}})
2026-05-06 17:27:32,575 fastran_driver_fastran_driver_2 DEBUG    _get_service_response(REQUEST|fastran_FPP_000001@fastran_driver@2|FRAMEWORK@Framework@0|113)
2026-05-06 17:27:32,586 fastran_driver_fastran_driver_2 DEBUG    _get_service_response(REQUEST|fastran_FPP_000001@fastran_driver@2|FRAMEWORK@Framework@0|113), response = ServiceResponseMessage(sender_id=FRAMEWORK@Framework@0, receiver_id=fastran_FPP_000001@fastran_driver@2, request_msg_id=REQUEST|fastran_FPP_000001@fastran_driver@2|FRAMEWORK@Framework@0|113,status=0, args=(None,), message_id=RESPONSE|FRAMEWORK@Framework@0|fastran_FPP_000001@fastran_driver@2|983)
2026-05-06 17:27:32,586 fastran_driver_fastran_driver_2 DEBUG    _invoke_service(): init_call  ('step', 1)
2026-05-06 17:27:32,586 fastran_driver_fastran_driver_2 DEBUG    _get_service_response(REQUEST|fastran_FPP_000001@fastran_driver@2|FRAMEWORK@Framework@0|114)
2026-05-06 17:27:32,587 rf_ic_toric_6   DEBUG    Received Message 
2026-05-06 17:27:32,587 rf_ic_toric_6   DEBUG    Calling method step(1)
2026-05-06 17:27:32,587 rf_ic_toric_6   DEBUG    _invoke_service(): stage_state  (['s000001.00001', 'g000001.00001'], '/pscratch/sd/h/hswils/github_repos/MANTA_DBSCANS/TORIC+RAD+TGLF_lowerKr/SCAN/work/plasma_state', '/pscratch/sd/h/hswils/github_repos/MANTA_DBSCANS/TORIC+RAD+TGLF_lowerKr/SCAN/work/rf_ic_toric_6')
2026-05-06 17:27:32,587 rf_ic_toric_6   DEBUG    _get_service_response(REQUEST|fastran_FPP_000001@toric@6|FRAMEWORK@Framework@0|29)
2026-05-06 17:27:32,597 fastran_driver_fastran_driver_2 DEBUG    _get_service_response(REQUEST|fastran_FPP_000001@fastran_driver@2|FRAMEWORK@Framework@0|114), response = ServiceResponseMessage(sender_id=FRAMEWORK@Framework@0, receiver_id=fastran_FPP_000001@fastran_driver@2, request_msg_id=REQUEST|fastran_FPP_000001@fastran_driver@2|FRAMEWORK@Framework@0|114,status=0, args=(24,), message_id=RESPONSE|FRAMEWORK@Framework@0|fastran_FPP_000001@fastran_driver@2|984)
2026-05-06 17:27:32,597 fastran_driver_fastran_driver_2 DEBUG    _invoke_service(): wait_call  (24, True)
2026-05-06 17:27:32,597 fastran_driver_fastran_driver_2 DEBUG    _get_service_response(REQUEST|fastran_FPP_000001@fastran_driver@2|FRAMEWORK@Framework@0|115)
2026-05-06 17:27:32,606 rf_ic_toric_6   DEBUG    _get_service_response(REQUEST|fastran_FPP_000001@toric@6|FRAMEWORK@Framework@0|29), response = ServiceResponseMessage(sender_id=FRAMEWORK@Framework@0, receiver_id=fastran_FPP_000001@toric@6, request_msg_id=REQUEST|fastran_FPP_000001@toric@6|FRAMEWORK@Framework@0|29,status=0, args=(0,), message_id=RESPONSE|FRAMEWORK@Framework@0|fastran_FPP_000001@toric@6|985)
2026-05-06 17:27:32,606 rf_ic_toric_6   DEBUG    _invoke_service(): getTopic  ('_IPS_MONITOR',)
2026-05-06 17:27:32,606 rf_ic_toric_6   DEBUG    _get_service_response(REQUEST|fastran_FPP_000001@toric@6|FRAMEWORK@Framework@0|30)
2026-05-06 17:27:32,616 rf_ic_toric_6   DEBUG    _get_service_response(REQUEST|fastran_FPP_000001@toric@6|FRAMEWORK@Framework@0|30), response = ServiceResponseMessage(sender_id=FRAMEWORK@Framework@0, receiver_id=fastran_FPP_000001@toric@6, request_msg_id=REQUEST|fastran_FPP_000001@toric@6|FRAMEWORK@Framework@0|30,status=0, args=(<ipsframework.cca_es_spec.Topic object at 0x7f54f88073d0>,), message_id=RESPONSE|FRAMEWORK@Framework@0|fastran_FPP_000001@toric@6|986)
2026-05-06 17:27:32,616 rf_ic_toric_6   DEBUG    _invoke_service(): sendEvent  ('_IPS_MONITOR', 'PORTAL_EVENT', {'sim_name': 'fastran_FPP_000001', 'real_sim_name': 'fastran_FPP_000001', 'portal_data': {'code': 'rf_ic_toric', 'eventtype': 'IPS_STAGE_STATE', 'ok': True, 'walltime': '387.80', 'time': '2026-05-06|17:27:32PDT', 'trace': {'timestamp': 1778113652587429, 'duration': 18707, 'localEndpoint': {'serviceName': 'stage_state'}, 'name': "['s000001.00001', 'g000001.00001']", 'id': '32793a28c0f8ba4b', 'parentId': '1164a817dbb3ee96', 'tags': {}}, 'state': 'Running', 'comment': 'Elapsed time = 0.019  files = s000001.00001 g000001.00001 Success'}})
2026-05-06 17:27:32,616 rf_ic_toric_6   DEBUG    _get_service_response(REQUEST|fastran_FPP_000001@toric@6|FRAMEWORK@Framework@0|31)
2026-05-06 17:27:32,627 rf_ic_toric_6   DEBUG    _get_service_response(REQUEST|fastran_FPP_000001@toric@6|FRAMEWORK@Framework@0|31), response = ServiceResponseMessage(sender_id=FRAMEWORK@Framework@0, receiver_id=fastran_FPP_000001@toric@6, request_msg_id=REQUEST|fastran_FPP_000001@toric@6|FRAMEWORK@Framework@0|31,status=0, args=(None,), message_id=RESPONSE|FRAMEWORK@Framework@0|fastran_FPP_000001@toric@6|987)
2026-05-06 17:27:32,638 rf_ic_toric_6   DEBUG    _invoke_service(): getTopic  ('_IPS_MONITOR',)
2026-05-06 17:27:32,638 rf_ic_toric_6   DEBUG    _get_service_response(REQUEST|fastran_FPP_000001@toric@6|FRAMEWORK@Framework@0|32)
2026-05-06 17:27:32,649 rf_ic_toric_6   DEBUG    _get_service_response(REQUEST|fastran_FPP_000001@toric@6|FRAMEWORK@Framework@0|32), response = ServiceResponseMessage(sender_id=FRAMEWORK@Framework@0, receiver_id=fastran_FPP_000001@toric@6, request_msg_id=REQUEST|fastran_FPP_000001@toric@6|FRAMEWORK@Framework@0|32,status=0, args=(<ipsframework.cca_es_spec.Topic object at 0x7f54f88074c0>,), message_id=RESPONSE|FRAMEWORK@Framework@0|fastran_FPP_000001@toric@6|988)
2026-05-06 17:27:32,649 rf_ic_toric_6   DEBUG    _invoke_service(): sendEvent  ('_IPS_MONITOR', 'PORTAL_EVENT', {'sim_name': 'fastran_FPP_000001', 'real_sim_name': 'fastran_FPP_000001', 'portal_data': {'code': 'rf_ic_toric', 'eventtype': 'IPS_STAGE_INPUTS', 'ok': True, 'walltime': '387.83', 'time': '2026-05-06|17:27:32PDT', 'trace': {'timestamp': 1778113652627416, 'duration': 11040, 'localEndpoint': {'serviceName': 'stage_input_files'}, 'name': 'machine.inp equigs_gen.ind torica.inp', 'id': 'b108389cfa22cdf4', 'parentId': '1164a817dbb3ee96', 'tags': {}}, 'state': 'Running', 'comment': 'Elapsed time = 0.011 Path = /pscratch/sd/h/hswils/github_repos/MANTA_DBSCANS/TORIC+RAD+TGLF_lowerKr/input Files = machine.inp equigs_gen.ind torica.inp'}})
2026-05-06 17:27:32,649 rf_ic_toric_6   DEBUG    _get_service_response(REQUEST|fastran_FPP_000001@toric@6|FRAMEWORK@Framework@0|33)
2026-05-06 17:27:32,659 rf_ic_toric_6   DEBUG    _get_service_response(REQUEST|fastran_FPP_000001@toric@6|FRAMEWORK@Framework@0|33), response = ServiceResponseMessage(sender_id=FRAMEWORK@Framework@0, receiver_id=fastran_FPP_000001@toric@6, request_msg_id=REQUEST|fastran_FPP_000001@toric@6|FRAMEWORK@Framework@0|33,status=0, args=(None,), message_id=RESPONSE|FRAMEWORK@Framework@0|fastran_FPP_000001@toric@6|989)
2026-05-06 17:27:32,924 rf_ic_toric_6   DEBUG    _invoke_service(): init_task  (TaskInit(nproc=24, binary='/global/common/software/atom/perlmutter/binaries/toric/default/Ptoric.e', working_dir='/pscratch/sd/h/hswils/github_repos/MANTA_DBSCANS/TORIC+RAD+TGLF_lowerKr/SCAN/work/rf_ic_toric_6', tppn=0, tcpp=0, tgpp=0, block=True, omp=False, wnodes=True, wsocks=True, cmd_args=()),)
2026-05-06 17:27:32,924 rf_ic_toric_6   DEBUG    _get_service_response(REQUEST|fastran_FPP_000001@toric@6|FRAMEWORK@Framework@0|34)
2026-05-06 17:27:32,936 rf_ic_toric_6   DEBUG    _get_service_response(REQUEST|fastran_FPP_000001@toric@6|FRAMEWORK@Framework@0|34), response = ServiceResponseMessage(sender_id=FRAMEWORK@Framework@0, receiver_id=fastran_FPP_000001@toric@6, request_msg_id=REQUEST|fastran_FPP_000001@toric@6|FRAMEWORK@Framework@0|34,status=0, args=((4, 'srun -N 1 -n 24 -c 5 --threads-per-core=1 --cpu-bind=cores /global/common/software/atom/perlmutter/binaries/toric/default/Ptoric.e ', None, 128),), message_id=RESPONSE|FRAMEWORK@Framework@0|fastran_FPP_000001@toric@6|990)
2026-05-06 17:27:32,938 rf_ic_toric_6   DEBUG    Launching command : srun -N 1 -n 24 -c 5 --threads-per-core=1 --cpu-bind=cores /global/common/software/atom/perlmutter/binaries/toric/default/Ptoric.e 
2026-05-06 17:27:32,962 rf_ic_toric_6   DEBUG    _invoke_service(): getTopic  ('_IPS_MONITOR',)
2026-05-06 17:27:32,962 rf_ic_toric_6   DEBUG    _get_service_response(REQUEST|fastran_FPP_000001@toric@6|FRAMEWORK@Framework@0|35)
2026-05-06 17:27:32,973 rf_ic_toric_6   DEBUG    _get_service_response(REQUEST|fastran_FPP_000001@toric@6|FRAMEWORK@Framework@0|35), response = ServiceResponseMessage(sender_id=FRAMEWORK@Framework@0, receiver_id=fastran_FPP_000001@toric@6, request_msg_id=REQUEST|fastran_FPP_000001@toric@6|FRAMEWORK@Framework@0|35,status=0, args=(<ipsframework.cca_es_spec.Topic object at 0x7f54f8829370>,), message_id=RESPONSE|FRAMEWORK@Framework@0|fastran_FPP_000001@toric@6|991)
2026-05-06 17:27:32,973 rf_ic_toric_6   DEBUG    _invoke_service(): sendEvent  ('_IPS_MONITOR', 'PORTAL_EVENT', {'sim_name': 'fastran_FPP_000001', 'real_sim_name': 'fastran_FPP_000001', 'portal_data': {'code': 'rf_ic_toric', 'eventtype': 'IPS_LAUNCH_TASK', 'ok': True, 'walltime': '388.15', 'time': '2026-05-06|17:27:32PDT', 'state': 'Running', 'comment': 'task_id = 4 , Tag = None , nproc = 24 , Target = srun -N 1 -n 24 -c 5 --threads-per-core=1 --cpu-bind=cores /global/common/software/atom/perlmutter/binaries/toric/default/Ptoric.e '}})
2026-05-06 17:27:32,973 rf_ic_toric_6   DEBUG    _get_service_response(REQUEST|fastran_FPP_000001@toric@6|FRAMEWORK@Framework@0|36)
2026-05-06 17:27:32,984 rf_ic_toric_6   DEBUG    _get_service_response(REQUEST|fastran_FPP_000001@toric@6|FRAMEWORK@Framework@0|36), response = ServiceResponseMessage(sender_id=FRAMEWORK@Framework@0, receiver_id=fastran_FPP_000001@toric@6, request_msg_id=REQUEST|fastran_FPP_000001@toric@6|FRAMEWORK@Framework@0|36,status=0, args=(None,), message_id=RESPONSE|FRAMEWORK@Framework@0|fastran_FPP_000001@toric@6|992)
2026-05-06 17:32:34,939 rf_ic_toric_6   DEBUG    _invoke_service(): getTopic  ('_IPS_MONITOR',)
2026-05-06 17:32:34,940 rf_ic_toric_6   DEBUG    _get_service_response(REQUEST|fastran_FPP_000001@toric@6|FRAMEWORK@Framework@0|37)
2026-05-06 17:32:34,951 rf_ic_toric_6   DEBUG    _get_service_response(REQUEST|fastran_FPP_000001@toric@6|FRAMEWORK@Framework@0|37), response = ServiceResponseMessage(sender_id=FRAMEWORK@Framework@0, receiver_id=fastran_FPP_000001@toric@6, request_msg_id=REQUEST|fastran_FPP_000001@toric@6|FRAMEWORK@Framework@0|37,status=0, args=(<ipsframework.cca_es_spec.Topic object at 0x7f54f8829430>,), message_id=RESPONSE|FRAMEWORK@Framework@0|fastran_FPP_000001@toric@6|1584)
2026-05-06 17:32:34,951 rf_ic_toric_6   DEBUG    _invoke_service(): sendEvent  ('_IPS_MONITOR', 'PORTAL_EVENT', {'sim_name': 'fastran_FPP_000001', 'real_sim_name': 'fastran_FPP_000001', 'portal_data': {'code': 'rf_ic_toric', 'eventtype': 'IPS_TASK_END', 'ok': True, 'walltime': '690.13', 'time': '2026-05-06|17:32:34PDT', 'trace': {'timestamp': 1778113652962410, 'duration': 301977348, 'localEndpoint': {'serviceName': '/global/common/software/atom/perlmutter/binaries/toric/default/Ptoric.e'}, 'name': '', 'id': 'ac839985b9bcea4c', 'parentId': '1164a817dbb3ee96', 'tags': {'procs_requested': '24', 'cores_allocated': '128'}}, 'state': 'Running', 'comment': 'task_id = 4  elapsed time = 301.98 S'}})
2026-05-06 17:32:34,951 rf_ic_toric_6   DEBUG    _get_service_response(REQUEST|fastran_FPP_000001@toric@6|FRAMEWORK@Framework@0|38)
2026-05-06 17:32:34,962 rf_ic_toric_6   DEBUG    _get_service_response(REQUEST|fastran_FPP_000001@toric@6|FRAMEWORK@Framework@0|38), response = ServiceResponseMessage(sender_id=FRAMEWORK@Framework@0, receiver_id=fastran_FPP_000001@toric@6, request_msg_id=REQUEST|fastran_FPP_000001@toric@6|FRAMEWORK@Framework@0|38,status=0, args=(None,), message_id=RESPONSE|FRAMEWORK@Framework@0|fastran_FPP_000001@toric@6|1585)
2026-05-06 17:32:34,962 rf_ic_toric_6   DEBUG    _invoke_service(): finish_task  (4, 0)
2026-05-06 17:32:34,962 rf_ic_toric_6   DEBUG    _get_service_response(REQUEST|fastran_FPP_000001@toric@6|FRAMEWORK@Framework@0|39)
2026-05-06 17:32:34,974 rf_ic_toric_6   DEBUG    _get_service_response(REQUEST|fastran_FPP_000001@toric@6|FRAMEWORK@Framework@0|39), response = ServiceResponseMessage(sender_id=FRAMEWORK@Framework@0, receiver_id=fastran_FPP_000001@toric@6, request_msg_id=REQUEST|fastran_FPP_000001@toric@6|FRAMEWORK@Framework@0|39,status=0, args=(0,), message_id=RESPONSE|FRAMEWORK@Framework@0|fastran_FPP_000001@toric@6|1586)
2026-05-06 17:32:35,178 rf_ic_toric_6   DEBUG    _invoke_service(): merge_current_plasma_state  ('/pscratch/sd/h/hswils/github_repos/MANTA_DBSCANS/TORIC+RAD+TGLF_lowerKr/SCAN/work/rf_ic_toric_6/RF_IC_s000001.00001', '/pscratch/sd/h/hswils/github_repos/MANTA_DBSCANS/TORIC+RAD+TGLF_lowerKr/SCAN/work/plasma_state/s000001.00001', 'log.update_state', '/global/common/software/atom/perlmutter/binaries/update-state/default/update_state')
2026-05-06 17:32:35,178 rf_ic_toric_6   DEBUG    _get_service_response(REQUEST|fastran_FPP_000001@toric@6|FRAMEWORK@Framework@0|40)
2026-05-06 17:32:35,380 rf_ic_toric_6   DEBUG    _get_service_response(REQUEST|fastran_FPP_000001@toric@6|FRAMEWORK@Framework@0|40), response = ServiceResponseMessage(sender_id=FRAMEWORK@Framework@0, receiver_id=fastran_FPP_000001@toric@6, request_msg_id=REQUEST|fastran_FPP_000001@toric@6|FRAMEWORK@Framework@0|40,status=0, args=(0,), message_id=RESPONSE|FRAMEWORK@Framework@0|fastran_FPP_000001@toric@6|1587)
2026-05-06 17:32:35,380 rf_ic_toric_6   DEBUG    _invoke_service(): getTopic  ('_IPS_MONITOR',)
2026-05-06 17:32:35,380 rf_ic_toric_6   DEBUG    _get_service_response(REQUEST|fastran_FPP_000001@toric@6|FRAMEWORK@Framework@0|41)
2026-05-06 17:32:35,391 rf_ic_toric_6   DEBUG    _get_service_response(REQUEST|fastran_FPP_000001@toric@6|FRAMEWORK@Framework@0|41), response = ServiceResponseMessage(sender_id=FRAMEWORK@Framework@0, receiver_id=fastran_FPP_000001@toric@6, request_msg_id=REQUEST|fastran_FPP_000001@toric@6|FRAMEWORK@Framework@0|41,status=0, args=(<ipsframework.cca_es_spec.Topic object at 0x7f54f8829220>,), message_id=RESPONSE|FRAMEWORK@Framework@0|fastran_FPP_000001@toric@6|1589)
2026-05-06 17:32:35,391 rf_ic_toric_6   DEBUG    _invoke_service(): sendEvent  ('_IPS_MONITOR', 'PORTAL_EVENT', {'sim_name': 'fastran_FPP_000001', 'real_sim_name': 'fastran_FPP_000001', 'portal_data': {'code': 'rf_ic_toric', 'eventtype': 'IPS_MERGE_PLASMA_STATE', 'ok': True, 'walltime': '690.57', 'time': '2026-05-06|17:32:35PDT', 'state': 'Running', 'comment': 'Success'}})
2026-05-06 17:32:35,391 rf_ic_toric_6   DEBUG    _get_service_response(REQUEST|fastran_FPP_000001@toric@6|FRAMEWORK@Framework@0|42)
2026-05-06 17:32:35,401 rf_ic_toric_6   DEBUG    _get_service_response(REQUEST|fastran_FPP_000001@toric@6|FRAMEWORK@Framework@0|42), response = ServiceResponseMessage(sender_id=FRAMEWORK@Framework@0, receiver_id=fastran_FPP_000001@toric@6, request_msg_id=REQUEST|fastran_FPP_000001@toric@6|FRAMEWORK@Framework@0|42,status=0, args=(None,), message_id=RESPONSE|FRAMEWORK@Framework@0|fastran_FPP_000001@toric@6|1590)
2026-05-06 17:32:35,504 rf_ic_toric_6   DEBUG    _invoke_service(): getTopic  ('_IPS_MONITOR',)
2026-05-06 17:32:35,505 rf_ic_toric_6   DEBUG    _get_service_response(REQUEST|fastran_FPP_000001@toric@6|FRAMEWORK@Framework@0|43)
2026-05-06 17:32:35,515 rf_ic_toric_6   DEBUG    _get_service_response(REQUEST|fastran_FPP_000001@toric@6|FRAMEWORK@Framework@0|43), response = ServiceResponseMessage(sender_id=FRAMEWORK@Framework@0, receiver_id=fastran_FPP_000001@toric@6, request_msg_id=REQUEST|fastran_FPP_000001@toric@6|FRAMEWORK@Framework@0|43,status=0, args=(<ipsframework.cca_es_spec.Topic object at 0x7f54f8829280>,), message_id=RESPONSE|FRAMEWORK@Framework@0|fastran_FPP_000001@toric@6|1591)
2026-05-06 17:32:35,515 rf_ic_toric_6   DEBUG    _invoke_service(): sendEvent  ('_IPS_MONITOR', 'PORTAL_EVENT', {'sim_name': 'fastran_FPP_000001', 'real_sim_name': 'fastran_FPP_000001', 'portal_data': {'code': 'rf_ic_toric', 'eventtype': 'IPS_STAGE_OUTPUTS', 'ok': True, 'walltime': '690.69', 'time': '2026-05-06|17:32:35PDT', 'trace': {'timestamp': 1778113955402067, 'duration': 102766, 'localEndpoint': {'serviceName': 'stage_output_files'}, 'name': "['torica.inp', 'machine.inp', 'log.toric', 'toric.nc', 'profstat.dat', 'equigs.data', 'equidt.data', 'toric_cfg.nc']", 'id': '749f5c33ef51fb56', 'parentId': '1164a817dbb3ee96', 'tags': {}}, 'state': 'Running', 'comment': "Elapsed time = 0.103 Path = /pscratch/sd/h/hswils/github_repos/MANTA_DBSCANS/TORIC+RAD+TGLF_lowerKr/SCAN/simulation_results/1/components/rf_ic_toric_6 Files = ['torica.inp', 'machine.inp', 'log.toric', 'toric.nc', 'profstat.dat', 'equigs.data', 'equidt.data', 'toric_cfg.nc']"}})
2026-05-06 17:32:35,516 rf_ic_toric_6   DEBUG    _get_service_response(REQUEST|fastran_FPP_000001@toric@6|FRAMEWORK@Framework@0|44)
2026-05-06 17:32:35,526 rf_ic_toric_6   DEBUG    _get_service_response(REQUEST|fastran_FPP_000001@toric@6|FRAMEWORK@Framework@0|44), response = ServiceResponseMessage(sender_id=FRAMEWORK@Framework@0, receiver_id=fastran_FPP_000001@toric@6, request_msg_id=REQUEST|fastran_FPP_000001@toric@6|FRAMEWORK@Framework@0|44,status=0, args=(None,), message_id=RESPONSE|FRAMEWORK@Framework@0|fastran_FPP_000001@toric@6|1592)
2026-05-06 17:32:35,538 fastran_driver_fastran_driver_2 DEBUG    _get_service_response(REQUEST|fastran_FPP_000001@fastran_driver@2|FRAMEWORK@Framework@0|115), response = ServiceResponseMessage(sender_id=FRAMEWORK@Framework@0, receiver_id=fastran_FPP_000001@fastran_driver@2, request_msg_id=REQUEST|fastran_FPP_000001@fastran_driver@2|FRAMEWORK@Framework@0|115,status=0, args=((0,),), message_id=RESPONSE|FRAMEWORK@Framework@0|fastran_FPP_000001@fastran_driver@2|1593)
2026-05-06 17:32:35,538 fastran_driver_fastran_driver_2 DEBUG    _invoke_service(): getTopic  ('_IPS_MONITOR',)
2026-05-06 17:32:35,539 fastran_driver_fastran_driver_2 DEBUG    _get_service_response(REQUEST|fastran_FPP_000001@fastran_driver@2|FRAMEWORK@Framework@0|116)
2026-05-06 17:32:35,550 fastran_driver_fastran_driver_2 DEBUG    _get_service_response(REQUEST|fastran_FPP_000001@fastran_driver@2|FRAMEWORK@Framework@0|116), response = ServiceResponseMessage(sender_id=FRAMEWORK@Framework@0, receiver_id=fastran_FPP_000001@fastran_driver@2, request_msg_id=REQUEST|fastran_FPP_000001@fastran_driver@2|FRAMEWORK@Framework@0|116,status=0, args=(<ipsframework.cca_es_spec.Topic object at 0x7f54f88d1970>,), message_id=RESPONSE|FRAMEWORK@Framework@0|fastran_FPP_000001@fastran_driver@2|1594)
2026-05-06 17:32:35,550 fastran_driver_fastran_driver_2 DEBUG    _invoke_service(): sendEvent  ('_IPS_MONITOR', 'PORTAL_EVENT', {'sim_name': 'fastran_FPP_000001', 'real_sim_name': 'fastran_FPP_000001', 'portal_data': {'code': 'fastran_driver_fastran_driver', 'eventtype': 'IPS_CALL_END', 'ok': True, 'walltime': '690.73', 'time': '2026-05-06|17:32:35PDT', 'trace': {'timestamp': 1778113652597116, 'duration': 302941439, 'localEndpoint': {'serviceName': 'fastran_FPP_000001@toric@6'}, 'name': 'step(1)', 'id': '1164a817dbb3ee96', 'parentId': 'f899e3e5886669ce', 'tags': {}}, 'state': 'Running', 'comment': 'Target = fastran_FPP_000001@toric@6:step(1)'}})
2026-05-06 17:32:35,550 fastran_driver_fastran_driver_2 DEBUG    _get_service_response(REQUEST|fastran_FPP_000001@fastran_driver@2|FRAMEWORK@Framework@0|117)
2026-05-06 17:32:35,561 fastran_driver_fastran_driver_2 DEBUG    _get_service_response(REQUEST|fastran_FPP_000001@fastran_driver@2|FRAMEWORK@Framework@0|117), response = ServiceResponseMessage(sender_id=FRAMEWORK@Framework@0, receiver_id=fastran_FPP_000001@fastran_driver@2, request_msg_id=REQUEST|fastran_FPP_000001@fastran_driver@2|FRAMEWORK@Framework@0|117,status=0, args=(None,), message_id=RESPONSE|FRAMEWORK@Framework@0|fastran_FPP_000001@fastran_driver@2|1595)
2026-05-06 17:32:35,561 fastran_driver_fastran_driver_2 DEBUG    _invoke_service(): getTopic  ('_IPS_MONITOR',)
2026-05-06 17:32:35,561 fastran_driver_fastran_driver_2 DEBUG    _get_service_response(REQUEST|fastran_FPP_000001@fastran_driver@2|FRAMEWORK@Framework@0|118)
2026-05-06 17:32:35,572 fastran_driver_fastran_driver_2 DEBUG    _get_service_response(REQUEST|fastran_FPP_000001@fastran_driver@2|FRAMEWORK@Framework@0|118), response = ServiceResponseMessage(sender_id=FRAMEWORK@Framework@0, receiver_id=fastran_FPP_000001@fastran_driver@2, request_msg_id=REQUEST|fastran_FPP_000001@fastran_driver@2|FRAMEWORK@Framework@0|118,status=0, args=(<ipsframework.cca_es_spec.Topic object at 0x7f54f88d1d90>,), message_id=RESPONSE|FRAMEWORK@Framework@0|fastran_FPP_000001@fastran_driver@2|1596)
2026-05-06 17:32:35,572 fastran_driver_fastran_driver_2 DEBUG    _invoke_service(): sendEvent  ('_IPS_MONITOR', 'PORTAL_EVENT', {'sim_name': 'fastran_FPP_000001', 'real_sim_name': 'fastran_FPP_000001', 'portal_data': {'code': 'fastran_driver_fastran_driver', 'eventtype': 'IPS_CALL_BEGIN', 'ok': True, 'walltime': '690.75', 'time': '2026-05-06|17:32:35PDT', 'state': 'Running', 'comment': 'Target = fastran_FPP_000001@efit@7:step(1)'}})
2026-05-06 17:32:35,572 fastran_driver_fastran_driver_2 DEBUG    _get_service_response(REQUEST|fastran_FPP_000001@fastran_driver@2|FRAMEWORK@Framework@0|119)
2026-05-06 17:32:35,583 fastran_driver_fastran_driver_2 DEBUG    _get_service_response(REQUEST|fastran_FPP_000001@fastran_driver@2|FRAMEWORK@Framework@0|119), response = ServiceResponseMessage(sender_id=FRAMEWORK@Framework@0, receiver_id=fastran_FPP_000001@fastran_driver@2, request_msg_id=REQUEST|fastran_FPP_000001@fastran_driver@2|FRAMEWORK@Framework@0|119,status=0, args=(None,), message_id=RESPONSE|FRAMEWORK@Framework@0|fastran_FPP_000001@fastran_driver@2|1597)
2026-05-06 17:32:35,583 fastran_driver_fastran_driver_2 DEBUG    _invoke_service(): init_call  ('step', 1)
2026-05-06 17:32:35,583 fastran_driver_fastran_driver_2 DEBUG    _get_service_response(REQUEST|fastran_FPP_000001@fastran_driver@2|FRAMEWORK@Framework@0|120)
2026-05-06 17:32:35,584 fastran_eq_efit_7 DEBUG    Received Message 
2026-05-06 17:32:35,584 fastran_eq_efit_7 DEBUG    Calling method step(1)
2026-05-06 17:32:35,585 fastran_eq_efit_7 DEBUG    _invoke_service(): stage_state  (['s000001.00001', 'g000001.00001', 'i000001.00001'], '/pscratch/sd/h/hswils/github_repos/MANTA_DBSCANS/TORIC+RAD+TGLF_lowerKr/SCAN/work/plasma_state', '/pscratch/sd/h/hswils/github_repos/MANTA_DBSCANS/TORIC+RAD+TGLF_lowerKr/SCAN/work/fastran_eq_efit_7')
2026-05-06 17:32:35,585 fastran_eq_efit_7 DEBUG    _get_service_response(REQUEST|fastran_FPP_000001@efit@7|FRAMEWORK@Framework@0|8)
2026-05-06 17:32:35,595 fastran_driver_fastran_driver_2 DEBUG    _get_service_response(REQUEST|fastran_FPP_000001@fastran_driver@2|FRAMEWORK@Framework@0|120), response = ServiceResponseMessage(sender_id=FRAMEWORK@Framework@0, receiver_id=fastran_FPP_000001@fastran_driver@2, request_msg_id=REQUEST|fastran_FPP_000001@fastran_driver@2|FRAMEWORK@Framework@0|120,status=0, args=(25,), message_id=RESPONSE|FRAMEWORK@Framework@0|fastran_FPP_000001@fastran_driver@2|1598)
2026-05-06 17:32:35,595 fastran_driver_fastran_driver_2 DEBUG    _invoke_service(): wait_call  (25, True)
2026-05-06 17:32:35,595 fastran_driver_fastran_driver_2 DEBUG    _get_service_response(REQUEST|fastran_FPP_000001@fastran_driver@2|FRAMEWORK@Framework@0|121)
2026-05-06 17:32:35,607 fastran_eq_efit_7 DEBUG    _get_service_response(REQUEST|fastran_FPP_000001@efit@7|FRAMEWORK@Framework@0|8), response = ServiceResponseMessage(sender_id=FRAMEWORK@Framework@0, receiver_id=fastran_FPP_000001@efit@7, request_msg_id=REQUEST|fastran_FPP_000001@efit@7|FRAMEWORK@Framework@0|8,status=0, args=(0,), message_id=RESPONSE|FRAMEWORK@Framework@0|fastran_FPP_000001@efit@7|1599)
2026-05-06 17:32:35,607 fastran_eq_efit_7 DEBUG    _invoke_service(): getTopic  ('_IPS_MONITOR',)
2026-05-06 17:32:35,607 fastran_eq_efit_7 DEBUG    _get_service_response(REQUEST|fastran_FPP_000001@efit@7|FRAMEWORK@Framework@0|9)
2026-05-06 17:32:35,618 fastran_eq_efit_7 DEBUG    _get_service_response(REQUEST|fastran_FPP_000001@efit@7|FRAMEWORK@Framework@0|9), response = ServiceResponseMessage(sender_id=FRAMEWORK@Framework@0, receiver_id=fastran_FPP_000001@efit@7, request_msg_id=REQUEST|fastran_FPP_000001@efit@7|FRAMEWORK@Framework@0|9,status=0, args=(<ipsframework.cca_es_spec.Topic object at 0x7f54f886d790>,), message_id=RESPONSE|FRAMEWORK@Framework@0|fastran_FPP_000001@efit@7|1600)
2026-05-06 17:32:35,618 fastran_eq_efit_7 DEBUG    _invoke_service(): sendEvent  ('_IPS_MONITOR', 'PORTAL_EVENT', {'sim_name': 'fastran_FPP_000001', 'real_sim_name': 'fastran_FPP_000001', 'portal_data': {'code': 'fastran_eq_efit', 'eventtype': 'IPS_STAGE_STATE', 'ok': True, 'walltime': '690.80', 'time': '2026-05-06|17:32:35PDT', 'trace': {'timestamp': 1778113955585180, 'duration': 22553, 'localEndpoint': {'serviceName': 'stage_state'}, 'name': "['s000001.00001', 'g000001.00001', 'i000001.00001']", 'id': '71885aecf25d7412', 'parentId': 'b1669d50980f7a5f', 'tags': {}}, 'state': 'Running', 'comment': 'Elapsed time = 0.023  files = s000001.00001 g000001.00001 i000001.00001 Success'}})
2026-05-06 17:32:35,618 fastran_eq_efit_7 DEBUG    _get_service_response(REQUEST|fastran_FPP_000001@efit@7|FRAMEWORK@Framework@0|10)
2026-05-06 17:32:35,629 fastran_eq_efit_7 DEBUG    _get_service_response(REQUEST|fastran_FPP_000001@efit@7|FRAMEWORK@Framework@0|10), response = ServiceResponseMessage(sender_id=FRAMEWORK@Framework@0, receiver_id=fastran_FPP_000001@efit@7, request_msg_id=REQUEST|fastran_FPP_000001@efit@7|FRAMEWORK@Framework@0|10,status=0, args=(None,), message_id=RESPONSE|FRAMEWORK@Framework@0|fastran_FPP_000001@efit@7|1601)
2026-05-06 17:32:38,233 fastran_eq_efit_7 DEBUG    _invoke_service(): update_state  (['s000001.00001', 'g000001.00001', 'i000001.00001'], '/pscratch/sd/h/hswils/github_repos/MANTA_DBSCANS/TORIC+RAD+TGLF_lowerKr/SCAN/work/fastran_eq_efit_7', '/pscratch/sd/h/hswils/github_repos/MANTA_DBSCANS/TORIC+RAD+TGLF_lowerKr/SCAN/work/plasma_state')
2026-05-06 17:32:38,234 fastran_eq_efit_7 DEBUG    _get_service_response(REQUEST|fastran_FPP_000001@efit@7|FRAMEWORK@Framework@0|11)
2026-05-06 17:32:38,255 fastran_eq_efit_7 DEBUG    _get_service_response(REQUEST|fastran_FPP_000001@efit@7|FRAMEWORK@Framework@0|11), response = ServiceResponseMessage(sender_id=FRAMEWORK@Framework@0, receiver_id=fastran_FPP_000001@efit@7, request_msg_id=REQUEST|fastran_FPP_000001@efit@7|FRAMEWORK@Framework@0|11,status=0, args=(0,), message_id=RESPONSE|FRAMEWORK@Framework@0|fastran_FPP_000001@efit@7|1607)
2026-05-06 17:32:38,255 fastran_eq_efit_7 DEBUG    _invoke_service(): getTopic  ('_IPS_MONITOR',)
2026-05-06 17:32:38,255 fastran_eq_efit_7 DEBUG    _get_service_response(REQUEST|fastran_FPP_000001@efit@7|FRAMEWORK@Framework@0|12)
2026-05-06 17:32:38,266 fastran_eq_efit_7 DEBUG    _get_service_response(REQUEST|fastran_FPP_000001@efit@7|FRAMEWORK@Framework@0|12), response = ServiceResponseMessage(sender_id=FRAMEWORK@Framework@0, receiver_id=fastran_FPP_000001@efit@7, request_msg_id=REQUEST|fastran_FPP_000001@efit@7|FRAMEWORK@Framework@0|12,status=0, args=(<ipsframework.cca_es_spec.Topic object at 0x7f54f886d190>,), message_id=RESPONSE|FRAMEWORK@Framework@0|fastran_FPP_000001@efit@7|1608)
2026-05-06 17:32:38,266 fastran_eq_efit_7 DEBUG    _invoke_service(): sendEvent  ('_IPS_MONITOR', 'PORTAL_EVENT', {'sim_name': 'fastran_FPP_000001', 'real_sim_name': 'fastran_FPP_000001', 'portal_data': {'code': 'fastran_eq_efit', 'eventtype': 'IPS_UPDATE_STATE', 'ok': True, 'walltime': '693.44', 'time': '2026-05-06|17:32:38PDT', 'trace': {'timestamp': 1778113958233641, 'duration': 21867, 'localEndpoint': {'serviceName': 'update_state'}, 'name': "['s000001.00001', 'g000001.00001', 'i000001.00001']", 'id': '7629e189a66153c0', 'parentId': 'b1669d50980f7a5f', 'tags': {}}, 'state': 'Running', 'comment': 'Elapsed time = 0.022   files = s000001.00001 g000001.00001 i000001.00001 Success'}})
2026-05-06 17:32:38,266 fastran_eq_efit_7 DEBUG    _get_service_response(REQUEST|fastran_FPP_000001@efit@7|FRAMEWORK@Framework@0|13)
2026-05-06 17:32:38,277 fastran_eq_efit_7 DEBUG    _get_service_response(REQUEST|fastran_FPP_000001@efit@7|FRAMEWORK@Framework@0|13), response = ServiceResponseMessage(sender_id=FRAMEWORK@Framework@0, receiver_id=fastran_FPP_000001@efit@7, request_msg_id=REQUEST|fastran_FPP_000001@efit@7|FRAMEWORK@Framework@0|13,status=0, args=(None,), message_id=RESPONSE|FRAMEWORK@Framework@0|fastran_FPP_000001@efit@7|1609)
2026-05-06 17:32:38,304 fastran_eq_efit_7 DEBUG    _invoke_service(): getTopic  ('_IPS_MONITOR',)
2026-05-06 17:32:38,304 fastran_eq_efit_7 DEBUG    _get_service_response(REQUEST|fastran_FPP_000001@efit@7|FRAMEWORK@Framework@0|14)
2026-05-06 17:32:38,315 fastran_eq_efit_7 DEBUG    _get_service_response(REQUEST|fastran_FPP_000001@efit@7|FRAMEWORK@Framework@0|14), response = ServiceResponseMessage(sender_id=FRAMEWORK@Framework@0, receiver_id=fastran_FPP_000001@efit@7, request_msg_id=REQUEST|fastran_FPP_000001@efit@7|FRAMEWORK@Framework@0|14,status=0, args=(<ipsframework.cca_es_spec.Topic object at 0x7f54f886ddc0>,), message_id=RESPONSE|FRAMEWORK@Framework@0|fastran_FPP_000001@efit@7|1610)
2026-05-06 17:32:38,315 fastran_eq_efit_7 DEBUG    _invoke_service(): sendEvent  ('_IPS_MONITOR', 'PORTAL_EVENT', {'sim_name': 'fastran_FPP_000001', 'real_sim_name': 'fastran_FPP_000001', 'portal_data': {'code': 'fastran_eq_efit', 'eventtype': 'IPS_STAGE_OUTPUTS', 'ok': True, 'walltime': '693.49', 'time': '2026-05-06|17:32:38PDT', 'trace': {'timestamp': 1778113958277938, 'duration': 26290, 'localEndpoint': {'serviceName': 'stage_output_files'}, 'name': "['g*.*', 'a*.*', 'm*.*', 'k*.*', 'efit.log', 's*.*']", 'id': '80725d8eee5776f1', 'parentId': 'b1669d50980f7a5f', 'tags': {}}, 'state': 'Running', 'comment': "Elapsed time = 0.026 Path = /pscratch/sd/h/hswils/github_repos/MANTA_DBSCANS/TORIC+RAD+TGLF_lowerKr/SCAN/simulation_results/1/components/fastran_eq_efit_7 Files = ['g*.*', 'a*.*', 'm*.*', 'k*.*', 'efit.log', 's*.*']"}})
2026-05-06 17:32:38,315 fastran_eq_efit_7 DEBUG    _get_service_response(REQUEST|fastran_FPP_000001@efit@7|FRAMEWORK@Framework@0|15)
2026-05-06 17:32:38,326 fastran_eq_efit_7 DEBUG    _get_service_response(REQUEST|fastran_FPP_000001@efit@7|FRAMEWORK@Framework@0|15), response = ServiceResponseMessage(sender_id=FRAMEWORK@Framework@0, receiver_id=fastran_FPP_000001@efit@7, request_msg_id=REQUEST|fastran_FPP_000001@efit@7|FRAMEWORK@Framework@0|15,status=0, args=(None,), message_id=RESPONSE|FRAMEWORK@Framework@0|fastran_FPP_000001@efit@7|1611)
2026-05-06 17:32:38,337 fastran_driver_fastran_driver_2 DEBUG    _get_service_response(REQUEST|fastran_FPP_000001@fastran_driver@2|FRAMEWORK@Framework@0|121), response = ServiceResponseMessage(sender_id=FRAMEWORK@Framework@0, receiver_id=fastran_FPP_000001@fastran_driver@2, request_msg_id=REQUEST|fastran_FPP_000001@fastran_driver@2|FRAMEWORK@Framework@0|121,status=0, args=((None,),), message_id=RESPONSE|FRAMEWORK@Framework@0|fastran_FPP_000001@fastran_driver@2|1612)
2026-05-06 17:32:38,337 fastran_driver_fastran_driver_2 DEBUG    _invoke_service(): getTopic  ('_IPS_MONITOR',)
2026-05-06 17:32:38,337 fastran_driver_fastran_driver_2 DEBUG    _get_service_response(REQUEST|fastran_FPP_000001@fastran_driver@2|FRAMEWORK@Framework@0|122)
2026-05-06 17:32:38,348 fastran_driver_fastran_driver_2 DEBUG    _get_service_response(REQUEST|fastran_FPP_000001@fastran_driver@2|FRAMEWORK@Framework@0|122), response = ServiceResponseMessage(sender_id=FRAMEWORK@Framework@0, receiver_id=fastran_FPP_000001@fastran_driver@2, request_msg_id=REQUEST|fastran_FPP_000001@fastran_driver@2|FRAMEWORK@Framework@0|122,status=0, args=(<ipsframework.cca_es_spec.Topic object at 0x7f54f88d1670>,), message_id=RESPONSE|FRAMEWORK@Framework@0|fastran_FPP_000001@fastran_driver@2|1613)
2026-05-06 17:32:38,348 fastran_driver_fastran_driver_2 DEBUG    _invoke_service(): sendEvent  ('_IPS_MONITOR', 'PORTAL_EVENT', {'sim_name': 'fastran_FPP_000001', 'real_sim_name': 'fastran_FPP_000001', 'portal_data': {'code': 'fastran_driver_fastran_driver', 'eventtype': 'IPS_CALL_END', 'ok': True, 'walltime': '693.53', 'time': '2026-05-06|17:32:38PDT', 'trace': {'timestamp': 1778113955595083, 'duration': 2742637, 'localEndpoint': {'serviceName': 'fastran_FPP_000001@efit@7'}, 'name': 'step(1)', 'id': 'b1669d50980f7a5f', 'parentId': 'f899e3e5886669ce', 'tags': {}}, 'state': 'Running', 'comment': 'Target = fastran_FPP_000001@efit@7:step(1)'}})
2026-05-06 17:32:38,348 fastran_driver_fastran_driver_2 DEBUG    _get_service_response(REQUEST|fastran_FPP_000001@fastran_driver@2|FRAMEWORK@Framework@0|123)
2026-05-06 17:32:38,359 fastran_driver_fastran_driver_2 DEBUG    _get_service_response(REQUEST|fastran_FPP_000001@fastran_driver@2|FRAMEWORK@Framework@0|123), response = ServiceResponseMessage(sender_id=FRAMEWORK@Framework@0, receiver_id=fastran_FPP_000001@fastran_driver@2, request_msg_id=REQUEST|fastran_FPP_000001@fastran_driver@2|FRAMEWORK@Framework@0|123,status=0, args=(None,), message_id=RESPONSE|FRAMEWORK@Framework@0|fastran_FPP_000001@fastran_driver@2|1614)
2026-05-06 17:32:38,359 fastran_driver_fastran_driver_2 DEBUG    _invoke_service(): getTopic  ('_IPS_MONITOR',)
2026-05-06 17:32:38,359 fastran_driver_fastran_driver_2 DEBUG    _get_service_response(REQUEST|fastran_FPP_000001@fastran_driver@2|FRAMEWORK@Framework@0|124)
2026-05-06 17:32:38,370 fastran_driver_fastran_driver_2 DEBUG    _get_service_response(REQUEST|fastran_FPP_000001@fastran_driver@2|FRAMEWORK@Framework@0|124), response = ServiceResponseMessage(sender_id=FRAMEWORK@Framework@0, receiver_id=fastran_FPP_000001@fastran_driver@2, request_msg_id=REQUEST|fastran_FPP_000001@fastran_driver@2|FRAMEWORK@Framework@0|124,status=0, args=(<ipsframework.cca_es_spec.Topic object at 0x7f54f88d1d60>,), message_id=RESPONSE|FRAMEWORK@Framework@0|fastran_FPP_000001@fastran_driver@2|1615)
2026-05-06 17:32:38,370 fastran_driver_fastran_driver_2 DEBUG    _invoke_service(): sendEvent  ('_IPS_MONITOR', 'PORTAL_EVENT', {'sim_name': 'fastran_FPP_000001', 'real_sim_name': 'fastran_FPP_000001', 'portal_data': {'code': 'fastran_driver_fastran_driver', 'eventtype': 'IPS_CALL_BEGIN', 'ok': True, 'walltime': '693.55', 'time': '2026-05-06|17:32:38PDT', 'state': 'Running', 'comment': 'Target = fastran_FPP_000001@fastran@8:step(1)'}})
2026-05-06 17:32:38,370 fastran_driver_fastran_driver_2 DEBUG    _get_service_response(REQUEST|fastran_FPP_000001@fastran_driver@2|FRAMEWORK@Framework@0|125)
2026-05-06 17:32:38,381 fastran_driver_fastran_driver_2 DEBUG    _get_service_response(REQUEST|fastran_FPP_000001@fastran_driver@2|FRAMEWORK@Framework@0|125), response = ServiceResponseMessage(sender_id=FRAMEWORK@Framework@0, receiver_id=fastran_FPP_000001@fastran_driver@2, request_msg_id=REQUEST|fastran_FPP_000001@fastran_driver@2|FRAMEWORK@Framework@0|125,status=0, args=(None,), message_id=RESPONSE|FRAMEWORK@Framework@0|fastran_FPP_000001@fastran_driver@2|1616)
2026-05-06 17:32:38,381 fastran_driver_fastran_driver_2 DEBUG    _invoke_service(): init_call  ('step', 1)
2026-05-06 17:32:38,381 fastran_driver_fastran_driver_2 DEBUG    _get_service_response(REQUEST|fastran_FPP_000001@fastran_driver@2|FRAMEWORK@Framework@0|126)
2026-05-06 17:32:38,382 fastran_tr_fastran_8 DEBUG    Received Message 
2026-05-06 17:32:38,382 fastran_tr_fastran_8 DEBUG    Calling method step(1)
2026-05-06 17:32:38,383 fastran_tr_fastran_8 DEBUG    _invoke_service(): stage_state  (['s000001.00001', 'g000001.00001', 'i000001.00001'], '/pscratch/sd/h/hswils/github_repos/MANTA_DBSCANS/TORIC+RAD+TGLF_lowerKr/SCAN/work/plasma_state', '/pscratch/sd/h/hswils/github_repos/MANTA_DBSCANS/TORIC+RAD+TGLF_lowerKr/SCAN/work/fastran_tr_fastran_8')
2026-05-06 17:32:38,383 fastran_tr_fastran_8 DEBUG    _get_service_response(REQUEST|fastran_FPP_000001@fastran@8|FRAMEWORK@Framework@0|16)
2026-05-06 17:32:38,392 fastran_driver_fastran_driver_2 DEBUG    _get_service_response(REQUEST|fastran_FPP_000001@fastran_driver@2|FRAMEWORK@Framework@0|126), response = ServiceResponseMessage(sender_id=FRAMEWORK@Framework@0, receiver_id=fastran_FPP_000001@fastran_driver@2, request_msg_id=REQUEST|fastran_FPP_000001@fastran_driver@2|FRAMEWORK@Framework@0|126,status=0, args=(26,), message_id=RESPONSE|FRAMEWORK@Framework@0|fastran_FPP_000001@fastran_driver@2|1617)
2026-05-06 17:32:38,392 fastran_driver_fastran_driver_2 DEBUG    _invoke_service(): wait_call  (26, True)
2026-05-06 17:32:38,392 fastran_driver_fastran_driver_2 DEBUG    _get_service_response(REQUEST|fastran_FPP_000001@fastran_driver@2|FRAMEWORK@Framework@0|127)
2026-05-06 17:32:38,403 fastran_tr_fastran_8 DEBUG    _get_service_response(REQUEST|fastran_FPP_000001@fastran@8|FRAMEWORK@Framework@0|16), response = ServiceResponseMessage(sender_id=FRAMEWORK@Framework@0, receiver_id=fastran_FPP_000001@fastran@8, request_msg_id=REQUEST|fastran_FPP_000001@fastran@8|FRAMEWORK@Framework@0|16,status=0, args=(0,), message_id=RESPONSE|FRAMEWORK@Framework@0|fastran_FPP_000001@fastran@8|1618)
2026-05-06 17:32:38,403 fastran_tr_fastran_8 DEBUG    _invoke_service(): getTopic  ('_IPS_MONITOR',)
2026-05-06 17:32:38,404 fastran_tr_fastran_8 DEBUG    _get_service_response(REQUEST|fastran_FPP_000001@fastran@8|FRAMEWORK@Framework@0|17)
2026-05-06 17:32:38,414 fastran_tr_fastran_8 DEBUG    _get_service_response(REQUEST|fastran_FPP_000001@fastran@8|FRAMEWORK@Framework@0|17), response = ServiceResponseMessage(sender_id=FRAMEWORK@Framework@0, receiver_id=fastran_FPP_000001@fastran@8, request_msg_id=REQUEST|fastran_FPP_000001@fastran@8|FRAMEWORK@Framework@0|17,status=0, args=(<ipsframework.cca_es_spec.Topic object at 0x7f54f8875190>,), message_id=RESPONSE|FRAMEWORK@Framework@0|fastran_FPP_000001@fastran@8|1619)
2026-05-06 17:32:38,414 fastran_tr_fastran_8 DEBUG    _invoke_service(): sendEvent  ('_IPS_MONITOR', 'PORTAL_EVENT', {'sim_name': 'fastran_FPP_000001', 'real_sim_name': 'fastran_FPP_000001', 'portal_data': {'code': 'fastran_tr_fastran', 'eventtype': 'IPS_STAGE_STATE', 'ok': True, 'walltime': '693.59', 'time': '2026-05-06|17:32:38PDT', 'trace': {'timestamp': 1778113958382920, 'duration': 20922, 'localEndpoint': {'serviceName': 'stage_state'}, 'name': "['s000001.00001', 'g000001.00001', 'i000001.00001']", 'id': '71885aecf25d7412', 'parentId': '2246e8405ba31c8d', 'tags': {}}, 'state': 'Running', 'comment': 'Elapsed time = 0.021  files = s000001.00001 g000001.00001 i000001.00001 Success'}})
2026-05-06 17:32:38,414 fastran_tr_fastran_8 DEBUG    _get_service_response(REQUEST|fastran_FPP_000001@fastran@8|FRAMEWORK@Framework@0|18)
2026-05-06 17:32:38,425 fastran_tr_fastran_8 DEBUG    _get_service_response(REQUEST|fastran_FPP_000001@fastran@8|FRAMEWORK@Framework@0|18), response = ServiceResponseMessage(sender_id=FRAMEWORK@Framework@0, receiver_id=fastran_FPP_000001@fastran@8, request_msg_id=REQUEST|fastran_FPP_000001@fastran@8|FRAMEWORK@Framework@0|18,status=0, args=(None,), message_id=RESPONSE|FRAMEWORK@Framework@0|fastran_FPP_000001@fastran@8|1620)
2026-05-06 17:32:38,433 fastran_tr_fastran_8 DEBUG    _invoke_service(): getTopic  ('_IPS_MONITOR',)
2026-05-06 17:32:38,433 fastran_tr_fastran_8 DEBUG    _get_service_response(REQUEST|fastran_FPP_000001@fastran@8|FRAMEWORK@Framework@0|19)
2026-05-06 17:32:38,443 fastran_tr_fastran_8 DEBUG    _get_service_response(REQUEST|fastran_FPP_000001@fastran@8|FRAMEWORK@Framework@0|19), response = ServiceResponseMessage(sender_id=FRAMEWORK@Framework@0, receiver_id=fastran_FPP_000001@fastran@8, request_msg_id=REQUEST|fastran_FPP_000001@fastran@8|FRAMEWORK@Framework@0|19,status=0, args=(<ipsframework.cca_es_spec.Topic object at 0x7f54f8875b20>,), message_id=RESPONSE|FRAMEWORK@Framework@0|fastran_FPP_000001@fastran@8|1621)
2026-05-06 17:32:38,444 fastran_tr_fastran_8 DEBUG    _invoke_service(): sendEvent  ('_IPS_MONITOR', 'PORTAL_EVENT', {'sim_name': 'fastran_FPP_000001', 'real_sim_name': 'fastran_FPP_000001', 'portal_data': {'code': 'fastran_tr_fastran', 'eventtype': 'IPS_STAGE_INPUTS', 'ok': True, 'walltime': '693.62', 'time': '2026-05-06|17:32:38PDT', 'trace': {'timestamp': 1778113958425402, 'duration': 7621, 'localEndpoint': {'serviceName': 'stage_input_files'}, 'name': 'infastran intglf', 'id': '5ff6e2efe4653e6c', 'parentId': '2246e8405ba31c8d', 'tags': {}}, 'state': 'Running', 'comment': 'Elapsed time = 0.008 Path = /pscratch/sd/h/hswils/github_repos/MANTA_DBSCANS/TORIC+RAD+TGLF_lowerKr/input Files = infastran intglf'}})
2026-05-06 17:32:38,444 fastran_tr_fastran_8 DEBUG    _get_service_response(REQUEST|fastran_FPP_000001@fastran@8|FRAMEWORK@Framework@0|20)
2026-05-06 17:32:38,454 fastran_tr_fastran_8 DEBUG    _get_service_response(REQUEST|fastran_FPP_000001@fastran@8|FRAMEWORK@Framework@0|20), response = ServiceResponseMessage(sender_id=FRAMEWORK@Framework@0, receiver_id=fastran_FPP_000001@fastran@8, request_msg_id=REQUEST|fastran_FPP_000001@fastran@8|FRAMEWORK@Framework@0|20,status=0, args=(None,), message_id=RESPONSE|FRAMEWORK@Framework@0|fastran_FPP_000001@fastran@8|1623)
2026-05-06 17:32:38,698 fastran_tr_fastran_8 DEBUG    _invoke_service(): init_task  (TaskInit(nproc=126, binary='/global/common/software/atom/perlmutter/binaries/fastran/default/xfastran_ver1.07', working_dir='/pscratch/sd/h/hswils/github_repos/MANTA_DBSCANS/TORIC+RAD+TGLF_lowerKr/SCAN/work/fastran_tr_fastran_8', tppn=0, tcpp=0, tgpp=0, block=True, omp=False, wnodes=True, wsocks=True, cmd_args=('6', '21')),)
2026-05-06 17:32:38,699 fastran_tr_fastran_8 DEBUG    _get_service_response(REQUEST|fastran_FPP_000001@fastran@8|FRAMEWORK@Framework@0|21)
2026-05-06 17:32:38,710 fastran_tr_fastran_8 DEBUG    _get_service_response(REQUEST|fastran_FPP_000001@fastran@8|FRAMEWORK@Framework@0|21), response = ServiceResponseMessage(sender_id=FRAMEWORK@Framework@0, receiver_id=fastran_FPP_000001@fastran@8, request_msg_id=REQUEST|fastran_FPP_000001@fastran@8|FRAMEWORK@Framework@0|21,status=0, args=((5, 'srun -N 1 -n 126 -c 1 --threads-per-core=1 --cpu-bind=cores /global/common/software/atom/perlmutter/binaries/fastran/default/xfastran_ver1.07 6 21', None, 128),), message_id=RESPONSE|FRAMEWORK@Framework@0|fastran_FPP_000001@fastran@8|1624)
2026-05-06 17:32:38,711 fastran_tr_fastran_8 DEBUG    Launching command : srun -N 1 -n 126 -c 1 --threads-per-core=1 --cpu-bind=cores /global/common/software/atom/perlmutter/binaries/fastran/default/xfastran_ver1.07 6 21
2026-05-06 17:32:38,729 fastran_tr_fastran_8 DEBUG    _invoke_service(): getTopic  ('_IPS_MONITOR',)
2026-05-06 17:32:38,730 fastran_tr_fastran_8 DEBUG    _get_service_response(REQUEST|fastran_FPP_000001@fastran@8|FRAMEWORK@Framework@0|22)
2026-05-06 17:32:38,741 fastran_tr_fastran_8 DEBUG    _get_service_response(REQUEST|fastran_FPP_000001@fastran@8|FRAMEWORK@Framework@0|22), response = ServiceResponseMessage(sender_id=FRAMEWORK@Framework@0, receiver_id=fastran_FPP_000001@fastran@8, request_msg_id=REQUEST|fastran_FPP_000001@fastran@8|FRAMEWORK@Framework@0|22,status=0, args=(<ipsframework.cca_es_spec.Topic object at 0x7f54f8875dc0>,), message_id=RESPONSE|FRAMEWORK@Framework@0|fastran_FPP_000001@fastran@8|1625)
2026-05-06 17:32:38,741 fastran_tr_fastran_8 DEBUG    _invoke_service(): sendEvent  ('_IPS_MONITOR', 'PORTAL_EVENT', {'sim_name': 'fastran_FPP_000001', 'real_sim_name': 'fastran_FPP_000001', 'portal_data': {'code': 'fastran_tr_fastran', 'eventtype': 'IPS_LAUNCH_TASK', 'ok': True, 'walltime': '693.92', 'time': '2026-05-06|17:32:38PDT', 'state': 'Running', 'comment': 'task_id = 5 , Tag = None , nproc = 126 , Target = srun -N 1 -n 126 -c 1 --threads-per-core=1 --cpu-bind=cores /global/common/software/atom/perlmutter/binaries/fastran/default/xfastran_ver1.07 6 21'}})
2026-05-06 17:32:38,741 fastran_tr_fastran_8 DEBUG    _get_service_response(REQUEST|fastran_FPP_000001@fastran@8|FRAMEWORK@Framework@0|23)
2026-05-06 17:32:38,751 fastran_tr_fastran_8 DEBUG    _get_service_response(REQUEST|fastran_FPP_000001@fastran@8|FRAMEWORK@Framework@0|23), response = ServiceResponseMessage(sender_id=FRAMEWORK@Framework@0, receiver_id=fastran_FPP_000001@fastran@8, request_msg_id=REQUEST|fastran_FPP_000001@fastran@8|FRAMEWORK@Framework@0|23,status=0, args=(None,), message_id=RESPONSE|FRAMEWORK@Framework@0|fastran_FPP_000001@fastran@8|1626)
2026-05-06 17:33:32,543 fastran_tr_fastran_8 DEBUG    _invoke_service(): getTopic  ('_IPS_MONITOR',)
2026-05-06 17:33:32,543 fastran_tr_fastran_8 DEBUG    _get_service_response(REQUEST|fastran_FPP_000001@fastran@8|FRAMEWORK@Framework@0|24)
2026-05-06 17:33:32,554 fastran_tr_fastran_8 DEBUG    _get_service_response(REQUEST|fastran_FPP_000001@fastran@8|FRAMEWORK@Framework@0|24), response = ServiceResponseMessage(sender_id=FRAMEWORK@Framework@0, receiver_id=fastran_FPP_000001@fastran@8, request_msg_id=REQUEST|fastran_FPP_000001@fastran@8|FRAMEWORK@Framework@0|24,status=0, args=(<ipsframework.cca_es_spec.Topic object at 0x7f54f8875850>,), message_id=RESPONSE|FRAMEWORK@Framework@0|fastran_FPP_000001@fastran@8|1732)
2026-05-06 17:33:32,554 fastran_tr_fastran_8 DEBUG    _invoke_service(): sendEvent  ('_IPS_MONITOR', 'PORTAL_EVENT', {'sim_name': 'fastran_FPP_000001', 'real_sim_name': 'fastran_FPP_000001', 'portal_data': {'code': 'fastran_tr_fastran', 'eventtype': 'IPS_TASK_END', 'ok': True, 'walltime': '747.73', 'time': '2026-05-06|17:33:32PDT', 'trace': {'timestamp': 1778113958729567, 'duration': 53813490, 'localEndpoint': {'serviceName': '/global/common/software/atom/perlmutter/binaries/fastran/default/xfastran_ver1.07'}, 'name': '6 21', 'id': '3678a338c36fffdc', 'parentId': '2246e8405ba31c8d', 'tags': {'procs_requested': '126', 'cores_allocated': '128'}}, 'state': 'Running', 'comment': 'task_id = 5  elapsed time = 53.81 S'}})
2026-05-06 17:33:32,554 fastran_tr_fastran_8 DEBUG    _get_service_response(REQUEST|fastran_FPP_000001@fastran@8|FRAMEWORK@Framework@0|25)
2026-05-06 17:33:32,565 fastran_tr_fastran_8 DEBUG    _get_service_response(REQUEST|fastran_FPP_000001@fastran@8|FRAMEWORK@Framework@0|25), response = ServiceResponseMessage(sender_id=FRAMEWORK@Framework@0, receiver_id=fastran_FPP_000001@fastran@8, request_msg_id=REQUEST|fastran_FPP_000001@fastran@8|FRAMEWORK@Framework@0|25,status=0, args=(None,), message_id=RESPONSE|FRAMEWORK@Framework@0|fastran_FPP_000001@fastran@8|1733)
2026-05-06 17:33:32,565 fastran_tr_fastran_8 DEBUG    _invoke_service(): finish_task  (5, 0)
2026-05-06 17:33:32,565 fastran_tr_fastran_8 DEBUG    _get_service_response(REQUEST|fastran_FPP_000001@fastran@8|FRAMEWORK@Framework@0|26)
2026-05-06 17:33:32,576 fastran_tr_fastran_8 DEBUG    _get_service_response(REQUEST|fastran_FPP_000001@fastran@8|FRAMEWORK@Framework@0|26), response = ServiceResponseMessage(sender_id=FRAMEWORK@Framework@0, receiver_id=fastran_FPP_000001@fastran@8, request_msg_id=REQUEST|fastran_FPP_000001@fastran@8|FRAMEWORK@Framework@0|26,status=0, args=(0,), message_id=RESPONSE|FRAMEWORK@Framework@0|fastran_FPP_000001@fastran@8|1734)
2026-05-06 17:33:32,848 fastran_tr_fastran_8 DEBUG    _invoke_service(): update_state  (['s000001.00001', 'g000001.00001', 'i000001.00001'], '/pscratch/sd/h/hswils/github_repos/MANTA_DBSCANS/TORIC+RAD+TGLF_lowerKr/SCAN/work/fastran_tr_fastran_8', '/pscratch/sd/h/hswils/github_repos/MANTA_DBSCANS/TORIC+RAD+TGLF_lowerKr/SCAN/work/plasma_state')
2026-05-06 17:33:32,848 fastran_tr_fastran_8 DEBUG    _get_service_response(REQUEST|fastran_FPP_000001@fastran@8|FRAMEWORK@Framework@0|27)
2026-05-06 17:33:32,868 fastran_tr_fastran_8 DEBUG    _get_service_response(REQUEST|fastran_FPP_000001@fastran@8|FRAMEWORK@Framework@0|27), response = ServiceResponseMessage(sender_id=FRAMEWORK@Framework@0, receiver_id=fastran_FPP_000001@fastran@8, request_msg_id=REQUEST|fastran_FPP_000001@fastran@8|FRAMEWORK@Framework@0|27,status=0, args=(0,), message_id=RESPONSE|FRAMEWORK@Framework@0|fastran_FPP_000001@fastran@8|1736)
2026-05-06 17:33:32,868 fastran_tr_fastran_8 DEBUG    _invoke_service(): getTopic  ('_IPS_MONITOR',)
2026-05-06 17:33:32,868 fastran_tr_fastran_8 DEBUG    _get_service_response(REQUEST|fastran_FPP_000001@fastran@8|FRAMEWORK@Framework@0|28)
2026-05-06 17:33:32,879 fastran_tr_fastran_8 DEBUG    _get_service_response(REQUEST|fastran_FPP_000001@fastran@8|FRAMEWORK@Framework@0|28), response = ServiceResponseMessage(sender_id=FRAMEWORK@Framework@0, receiver_id=fastran_FPP_000001@fastran@8, request_msg_id=REQUEST|fastran_FPP_000001@fastran@8|FRAMEWORK@Framework@0|28,status=0, args=(<ipsframework.cca_es_spec.Topic object at 0x7f54f87f45e0>,), message_id=RESPONSE|FRAMEWORK@Framework@0|fastran_FPP_000001@fastran@8|1737)
2026-05-06 17:33:32,879 fastran_tr_fastran_8 DEBUG    _invoke_service(): sendEvent  ('_IPS_MONITOR', 'PORTAL_EVENT', {'sim_name': 'fastran_FPP_000001', 'real_sim_name': 'fastran_FPP_000001', 'portal_data': {'code': 'fastran_tr_fastran', 'eventtype': 'IPS_UPDATE_STATE', 'ok': True, 'walltime': '748.06', 'time': '2026-05-06|17:33:32PDT', 'trace': {'timestamp': 1778114012848667, 'duration': 19994, 'localEndpoint': {'serviceName': 'update_state'}, 'name': "['s000001.00001', 'g000001.00001', 'i000001.00001']", 'id': '7629e189a66153c0', 'parentId': '2246e8405ba31c8d', 'tags': {}}, 'state': 'Running', 'comment': 'Elapsed time = 0.020   files = s000001.00001 g000001.00001 i000001.00001 Success'}})
2026-05-06 17:33:32,879 fastran_tr_fastran_8 DEBUG    _get_service_response(REQUEST|fastran_FPP_000001@fastran@8|FRAMEWORK@Framework@0|29)
2026-05-06 17:33:32,890 fastran_tr_fastran_8 DEBUG    _get_service_response(REQUEST|fastran_FPP_000001@fastran@8|FRAMEWORK@Framework@0|29), response = ServiceResponseMessage(sender_id=FRAMEWORK@Framework@0, receiver_id=fastran_FPP_000001@fastran@8, request_msg_id=REQUEST|fastran_FPP_000001@fastran@8|FRAMEWORK@Framework@0|29,status=0, args=(None,), message_id=RESPONSE|FRAMEWORK@Framework@0|fastran_FPP_000001@fastran@8|1738)
2026-05-06 17:33:32,910 fastran_tr_fastran_8 DEBUG    _invoke_service(): getTopic  ('_IPS_MONITOR',)
2026-05-06 17:33:32,910 fastran_tr_fastran_8 DEBUG    _get_service_response(REQUEST|fastran_FPP_000001@fastran@8|FRAMEWORK@Framework@0|30)
2026-05-06 17:33:32,921 fastran_tr_fastran_8 DEBUG    _get_service_response(REQUEST|fastran_FPP_000001@fastran@8|FRAMEWORK@Framework@0|30), response = ServiceResponseMessage(sender_id=FRAMEWORK@Framework@0, receiver_id=fastran_FPP_000001@fastran@8, request_msg_id=REQUEST|fastran_FPP_000001@fastran@8|FRAMEWORK@Framework@0|30,status=0, args=(<ipsframework.cca_es_spec.Topic object at 0x7f54f87f46d0>,), message_id=RESPONSE|FRAMEWORK@Framework@0|fastran_FPP_000001@fastran@8|1739)
2026-05-06 17:33:32,921 fastran_tr_fastran_8 DEBUG    _invoke_service(): sendEvent  ('_IPS_MONITOR', 'PORTAL_EVENT', {'sim_name': 'fastran_FPP_000001', 'real_sim_name': 'fastran_FPP_000001', 'portal_data': {'code': 'fastran_tr_fastran', 'eventtype': 'IPS_STAGE_OUTPUTS', 'ok': True, 'walltime': '748.10', 'time': '2026-05-06|17:33:32PDT', 'trace': {'timestamp': 1778114012890144, 'duration': 20009, 'localEndpoint': {'serviceName': 'stage_output_files'}, 'name': "['fastran.nc', 'inprof', 'inmetric', 'infastran', 'intglf', 'xfastran.log', 'i000001.00001']", 'id': '7349cfaaafc33980', 'parentId': '2246e8405ba31c8d', 'tags': {}}, 'state': 'Running', 'comment': "Elapsed time = 0.020 Path = /pscratch/sd/h/hswils/github_repos/MANTA_DBSCANS/TORIC+RAD+TGLF_lowerKr/SCAN/simulation_results/1/components/fastran_tr_fastran_8 Files = ['fastran.nc', 'inprof', 'inmetric', 'infastran', 'intglf', 'xfastran.log', 'i000001.00001']"}})
2026-05-06 17:33:32,921 fastran_tr_fastran_8 DEBUG    _get_service_response(REQUEST|fastran_FPP_000001@fastran@8|FRAMEWORK@Framework@0|31)
2026-05-06 17:33:32,931 fastran_tr_fastran_8 DEBUG    _get_service_response(REQUEST|fastran_FPP_000001@fastran@8|FRAMEWORK@Framework@0|31), response = ServiceResponseMessage(sender_id=FRAMEWORK@Framework@0, receiver_id=fastran_FPP_000001@fastran@8, request_msg_id=REQUEST|fastran_FPP_000001@fastran@8|FRAMEWORK@Framework@0|31,status=0, args=(None,), message_id=RESPONSE|FRAMEWORK@Framework@0|fastran_FPP_000001@fastran@8|1740)
2026-05-06 17:33:32,942 fastran_driver_fastran_driver_2 DEBUG    _get_service_response(REQUEST|fastran_FPP_000001@fastran_driver@2|FRAMEWORK@Framework@0|127), response = ServiceResponseMessage(sender_id=FRAMEWORK@Framework@0, receiver_id=fastran_FPP_000001@fastran_driver@2, request_msg_id=REQUEST|fastran_FPP_000001@fastran_driver@2|FRAMEWORK@Framework@0|127,status=0, args=((None,),), message_id=RESPONSE|FRAMEWORK@Framework@0|fastran_FPP_000001@fastran_driver@2|1741)
2026-05-06 17:33:32,942 fastran_driver_fastran_driver_2 DEBUG    _invoke_service(): getTopic  ('_IPS_MONITOR',)
2026-05-06 17:33:32,942 fastran_driver_fastran_driver_2 DEBUG    _get_service_response(REQUEST|fastran_FPP_000001@fastran_driver@2|FRAMEWORK@Framework@0|128)
2026-05-06 17:33:32,953 fastran_driver_fastran_driver_2 DEBUG    _get_service_response(REQUEST|fastran_FPP_000001@fastran_driver@2|FRAMEWORK@Framework@0|128), response = ServiceResponseMessage(sender_id=FRAMEWORK@Framework@0, receiver_id=fastran_FPP_000001@fastran_driver@2, request_msg_id=REQUEST|fastran_FPP_000001@fastran_driver@2|FRAMEWORK@Framework@0|128,status=0, args=(<ipsframework.cca_es_spec.Topic object at 0x7f54f88d1d30>,), message_id=RESPONSE|FRAMEWORK@Framework@0|fastran_FPP_000001@fastran_driver@2|1742)
2026-05-06 17:33:32,953 fastran_driver_fastran_driver_2 DEBUG    _invoke_service(): sendEvent  ('_IPS_MONITOR', 'PORTAL_EVENT', {'sim_name': 'fastran_FPP_000001', 'real_sim_name': 'fastran_FPP_000001', 'portal_data': {'code': 'fastran_driver_fastran_driver', 'eventtype': 'IPS_CALL_END', 'ok': True, 'walltime': '748.13', 'time': '2026-05-06|17:33:32PDT', 'trace': {'timestamp': 1778113958392859, 'duration': 54549870, 'localEndpoint': {'serviceName': 'fastran_FPP_000001@fastran@8'}, 'name': 'step(1)', 'id': '2246e8405ba31c8d', 'parentId': 'f899e3e5886669ce', 'tags': {}}, 'state': 'Running', 'comment': 'Target = fastran_FPP_000001@fastran@8:step(1)'}})
2026-05-06 17:33:32,953 fastran_driver_fastran_driver_2 DEBUG    _get_service_response(REQUEST|fastran_FPP_000001@fastran_driver@2|FRAMEWORK@Framework@0|129)
2026-05-06 17:33:32,964 fastran_driver_fastran_driver_2 DEBUG    _get_service_response(REQUEST|fastran_FPP_000001@fastran_driver@2|FRAMEWORK@Framework@0|129), response = ServiceResponseMessage(sender_id=FRAMEWORK@Framework@0, receiver_id=fastran_FPP_000001@fastran_driver@2, request_msg_id=REQUEST|fastran_FPP_000001@fastran_driver@2|FRAMEWORK@Framework@0|129,status=0, args=(None,), message_id=RESPONSE|FRAMEWORK@Framework@0|fastran_FPP_000001@fastran_driver@2|1743)
2026-05-06 17:33:32,965 fastran_driver_fastran_driver_2 DEBUG    _invoke_service(): stage_state  (['s000001.00001', 'g000001.00001', 'i000001.00001'], '/pscratch/sd/h/hswils/github_repos/MANTA_DBSCANS/TORIC+RAD+TGLF_lowerKr/SCAN/work/plasma_state', '/pscratch/sd/h/hswils/github_repos/MANTA_DBSCANS/TORIC+RAD+TGLF_lowerKr/SCAN/work/fastran_driver_fastran_driver_2')
2026-05-06 17:33:32,965 fastran_driver_fastran_driver_2 DEBUG    _get_service_response(REQUEST|fastran_FPP_000001@fastran_driver@2|FRAMEWORK@Framework@0|130)
2026-05-06 17:33:32,986 fastran_driver_fastran_driver_2 DEBUG    _get_service_response(REQUEST|fastran_FPP_000001@fastran_driver@2|FRAMEWORK@Framework@0|130), response = ServiceResponseMessage(sender_id=FRAMEWORK@Framework@0, receiver_id=fastran_FPP_000001@fastran_driver@2, request_msg_id=REQUEST|fastran_FPP_000001@fastran_driver@2|FRAMEWORK@Framework@0|130,status=0, args=(0,), message_id=RESPONSE|FRAMEWORK@Framework@0|fastran_FPP_000001@fastran_driver@2|1744)
2026-05-06 17:33:32,986 fastran_driver_fastran_driver_2 DEBUG    _invoke_service(): getTopic  ('_IPS_MONITOR',)
2026-05-06 17:33:32,986 fastran_driver_fastran_driver_2 DEBUG    _get_service_response(REQUEST|fastran_FPP_000001@fastran_driver@2|FRAMEWORK@Framework@0|131)
2026-05-06 17:33:32,997 fastran_driver_fastran_driver_2 DEBUG    _get_service_response(REQUEST|fastran_FPP_000001@fastran_driver@2|FRAMEWORK@Framework@0|131), response = ServiceResponseMessage(sender_id=FRAMEWORK@Framework@0, receiver_id=fastran_FPP_000001@fastran_driver@2, request_msg_id=REQUEST|fastran_FPP_000001@fastran_driver@2|FRAMEWORK@Framework@0|131,status=0, args=(<ipsframework.cca_es_spec.Topic object at 0x7f54f88d1ac0>,), message_id=RESPONSE|FRAMEWORK@Framework@0|fastran_FPP_000001@fastran_driver@2|1745)
2026-05-06 17:33:32,997 fastran_driver_fastran_driver_2 DEBUG    _invoke_service(): sendEvent  ('_IPS_MONITOR', 'PORTAL_EVENT', {'sim_name': 'fastran_FPP_000001', 'real_sim_name': 'fastran_FPP_000001', 'portal_data': {'code': 'fastran_driver_fastran_driver', 'eventtype': 'IPS_STAGE_STATE', 'ok': True, 'walltime': '748.18', 'time': '2026-05-06|17:33:32PDT', 'trace': {'timestamp': 1778114012964850, 'duration': 21659, 'localEndpoint': {'serviceName': 'stage_state'}, 'name': "['s000001.00001', 'g000001.00001', 'i000001.00001']", 'id': '71885aecf25d7412', 'parentId': 'f899e3e5886669ce', 'tags': {}}, 'state': 'Running', 'comment': 'Elapsed time = 0.022  files = s000001.00001 g000001.00001 i000001.00001 Success'}})
2026-05-06 17:33:32,997 fastran_driver_fastran_driver_2 DEBUG    _get_service_response(REQUEST|fastran_FPP_000001@fastran_driver@2|FRAMEWORK@Framework@0|132)
2026-05-06 17:33:33,008 fastran_driver_fastran_driver_2 DEBUG    _get_service_response(REQUEST|fastran_FPP_000001@fastran_driver@2|FRAMEWORK@Framework@0|132), response = ServiceResponseMessage(sender_id=FRAMEWORK@Framework@0, receiver_id=fastran_FPP_000001@fastran_driver@2, request_msg_id=REQUEST|fastran_FPP_000001@fastran_driver@2|FRAMEWORK@Framework@0|132,status=0, args=(None,), message_id=RESPONSE|FRAMEWORK@Framework@0|fastran_FPP_000001@fastran_driver@2|1746)
2026-05-06 17:33:33,008 fastran_driver_fastran_driver_2 DEBUG    _invoke_service(): getTopic  ('_IPS_MONITOR',)
2026-05-06 17:33:33,009 fastran_driver_fastran_driver_2 DEBUG    _get_service_response(REQUEST|fastran_FPP_000001@fastran_driver@2|FRAMEWORK@Framework@0|133)
2026-05-06 17:33:33,019 fastran_driver_fastran_driver_2 DEBUG    _get_service_response(REQUEST|fastran_FPP_000001@fastran_driver@2|FRAMEWORK@Framework@0|133), response = ServiceResponseMessage(sender_id=FRAMEWORK@Framework@0, receiver_id=fastran_FPP_000001@fastran_driver@2, request_msg_id=REQUEST|fastran_FPP_000001@fastran_driver@2|FRAMEWORK@Framework@0|133,status=0, args=(<ipsframework.cca_es_spec.Topic object at 0x7f54f88d1e20>,), message_id=RESPONSE|FRAMEWORK@Framework@0|fastran_FPP_000001@fastran_driver@2|1747)
2026-05-06 17:33:33,020 fastran_driver_fastran_driver_2 DEBUG    _invoke_service(): sendEvent  ('_IPS_MONITOR', 'PORTAL_EVENT', {'sim_name': 'fastran_FPP_000001', 'real_sim_name': 'fastran_FPP_000001', 'portal_data': {'code': 'fastran_driver_fastran_driver', 'eventtype': 'IPS_STAGE_OUTPUTS', 'ok': True, 'walltime': '748.20', 'time': '2026-05-06|17:33:33PDT', 'trace': {'timestamp': 1778114013008553, 'duration': 359, 'localEndpoint': {'serviceName': 'stage_output_files'}, 'name': '[]', 'id': 'ed019efe11be26d9', 'parentId': 'f899e3e5886669ce', 'tags': {}}, 'state': 'Running', 'comment': 'Elapsed time = 0.000 Path = /pscratch/sd/h/hswils/github_repos/MANTA_DBSCANS/TORIC+RAD+TGLF_lowerKr/SCAN/simulation_results/1/components/fastran_driver_fastran_driver_2 Files = []'}})
2026-05-06 17:33:33,020 fastran_driver_fastran_driver_2 DEBUG    _get_service_response(REQUEST|fastran_FPP_000001@fastran_driver@2|FRAMEWORK@Framework@0|134)
2026-05-06 17:33:33,031 fastran_driver_fastran_driver_2 DEBUG    _get_service_response(REQUEST|fastran_FPP_000001@fastran_driver@2|FRAMEWORK@Framework@0|134), response = ServiceResponseMessage(sender_id=FRAMEWORK@Framework@0, receiver_id=fastran_FPP_000001@fastran_driver@2, request_msg_id=REQUEST|fastran_FPP_000001@fastran_driver@2|FRAMEWORK@Framework@0|134,status=0, args=(None,), message_id=RESPONSE|FRAMEWORK@Framework@0|fastran_FPP_000001@fastran_driver@2|1748)
2026-05-06 17:33:33,031 fastran_driver_fastran_driver_2 DEBUG    _invoke_service(): getTopic  ('_IPS_MONITOR',)
2026-05-06 17:33:33,031 fastran_driver_fastran_driver_2 DEBUG    _get_service_response(REQUEST|fastran_FPP_000001@fastran_driver@2|FRAMEWORK@Framework@0|135)
2026-05-06 17:33:33,042 fastran_driver_fastran_driver_2 DEBUG    _get_service_response(REQUEST|fastran_FPP_000001@fastran_driver@2|FRAMEWORK@Framework@0|135), response = ServiceResponseMessage(sender_id=FRAMEWORK@Framework@0, receiver_id=fastran_FPP_000001@fastran_driver@2, request_msg_id=REQUEST|fastran_FPP_000001@fastran_driver@2|FRAMEWORK@Framework@0|135,status=0, args=(<ipsframework.cca_es_spec.Topic object at 0x7f54f88d1970>,), message_id=RESPONSE|FRAMEWORK@Framework@0|fastran_FPP_000001@fastran_driver@2|1749)
2026-05-06 17:33:33,042 fastran_driver_fastran_driver_2 DEBUG    _invoke_service(): sendEvent  ('_IPS_MONITOR', 'PORTALBRIDGE_UPDATE_TIMESTAMP', {'sim_name': 'fastran_FPP_000001', 'real_sim_name': 'fastran_FPP_000001', 'portal_data': {'phystimestamp': 2, 'eventtype': 'PORTALBRIDGE_UPDATE_TIMESTAMP'}})
2026-05-06 17:33:33,042 fastran_driver_fastran_driver_2 DEBUG    _get_service_response(REQUEST|fastran_FPP_000001@fastran_driver@2|FRAMEWORK@Framework@0|136)
2026-05-06 17:33:33,053 fastran_driver_fastran_driver_2 DEBUG    _get_service_response(REQUEST|fastran_FPP_000001@fastran_driver@2|FRAMEWORK@Framework@0|136), response = ServiceResponseMessage(sender_id=FRAMEWORK@Framework@0, receiver_id=fastran_FPP_000001@fastran_driver@2, request_msg_id=REQUEST|fastran_FPP_000001@fastran_driver@2|FRAMEWORK@Framework@0|136,status=0, args=(None,), message_id=RESPONSE|FRAMEWORK@Framework@0|fastran_FPP_000001@fastran_driver@2|1750)
2026-05-06 17:33:33,053 fastran_driver_fastran_driver_2 DEBUG    _invoke_service(): getTopic  ('_IPS_MONITOR',)
2026-05-06 17:33:33,053 fastran_driver_fastran_driver_2 DEBUG    _get_service_response(REQUEST|fastran_FPP_000001@fastran_driver@2|FRAMEWORK@Framework@0|137)
2026-05-06 17:33:33,064 fastran_driver_fastran_driver_2 DEBUG    _get_service_response(REQUEST|fastran_FPP_000001@fastran_driver@2|FRAMEWORK@Framework@0|137), response = ServiceResponseMessage(sender_id=FRAMEWORK@Framework@0, receiver_id=fastran_FPP_000001@fastran_driver@2, request_msg_id=REQUEST|fastran_FPP_000001@fastran_driver@2|FRAMEWORK@Framework@0|137,status=0, args=(<ipsframework.cca_es_spec.Topic object at 0x7f54f88d1e20>,), message_id=RESPONSE|FRAMEWORK@Framework@0|fastran_FPP_000001@fastran_driver@2|1751)
2026-05-06 17:33:33,064 fastran_driver_fastran_driver_2 DEBUG    _invoke_service(): sendEvent  ('_IPS_MONITOR', 'PORTAL_EVENT', {'sim_name': 'fastran_FPP_000001', 'real_sim_name': 'fastran_FPP_000001', 'portal_data': {'code': 'fastran_driver_fastran_driver', 'eventtype': 'IPS_UPDATE_TIME_STAMP', 'ok': True, 'walltime': '748.24', 'time': '2026-05-06|17:33:33PDT', 'state': 'Running', 'comment': 'Timestamp = 2'}})
2026-05-06 17:33:33,064 fastran_driver_fastran_driver_2 DEBUG    _get_service_response(REQUEST|fastran_FPP_000001@fastran_driver@2|FRAMEWORK@Framework@0|138)
2026-05-06 17:33:33,075 fastran_driver_fastran_driver_2 DEBUG    _get_service_response(REQUEST|fastran_FPP_000001@fastran_driver@2|FRAMEWORK@Framework@0|138), response = ServiceResponseMessage(sender_id=FRAMEWORK@Framework@0, receiver_id=fastran_FPP_000001@fastran_driver@2, request_msg_id=REQUEST|fastran_FPP_000001@fastran_driver@2|FRAMEWORK@Framework@0|138,status=0, args=(None,), message_id=RESPONSE|FRAMEWORK@Framework@0|fastran_FPP_000001@fastran_driver@2|1752)
2026-05-06 17:33:33,075 fastran_driver_fastran_driver_2 DEBUG    _invoke_service(): getTopic  ('_IPS_MONITOR',)
2026-05-06 17:33:33,076 fastran_driver_fastran_driver_2 DEBUG    _get_service_response(REQUEST|fastran_FPP_000001@fastran_driver@2|FRAMEWORK@Framework@0|139)
2026-05-06 17:33:33,086 fastran_driver_fastran_driver_2 DEBUG    _get_service_response(REQUEST|fastran_FPP_000001@fastran_driver@2|FRAMEWORK@Framework@0|139), response = ServiceResponseMessage(sender_id=FRAMEWORK@Framework@0, receiver_id=fastran_FPP_000001@fastran_driver@2, request_msg_id=REQUEST|fastran_FPP_000001@fastran_driver@2|FRAMEWORK@Framework@0|139,status=0, args=(<ipsframework.cca_es_spec.Topic object at 0x7f54f88d1e50>,), message_id=RESPONSE|FRAMEWORK@Framework@0|fastran_FPP_000001@fastran_driver@2|1753)
2026-05-06 17:33:33,087 fastran_driver_fastran_driver_2 DEBUG    _invoke_service(): sendEvent  ('_IPS_MONITOR', 'PORTAL_EVENT', {'sim_name': 'fastran_FPP_000001', 'real_sim_name': 'fastran_FPP_000001', 'portal_data': {'code': 'fastran_driver_fastran_driver', 'eventtype': 'IPS_CALL_BEGIN', 'ok': True, 'walltime': '748.26', 'time': '2026-05-06|17:33:33PDT', 'state': 'Running', 'comment': 'Target = fastran_FPP_000001@impurity_radiation@5:step(2)'}})
2026-05-06 17:33:33,087 fastran_driver_fastran_driver_2 DEBUG    _get_service_response(REQUEST|fastran_FPP_000001@fastran_driver@2|FRAMEWORK@Framework@0|140)
2026-05-06 17:33:33,098 fastran_driver_fastran_driver_2 DEBUG    _get_service_response(REQUEST|fastran_FPP_000001@fastran_driver@2|FRAMEWORK@Framework@0|140), response = ServiceResponseMessage(sender_id=FRAMEWORK@Framework@0, receiver_id=fastran_FPP_000001@fastran_driver@2, request_msg_id=REQUEST|fastran_FPP_000001@fastran_driver@2|FRAMEWORK@Framework@0|140,status=0, args=(None,), message_id=RESPONSE|FRAMEWORK@Framework@0|fastran_FPP_000001@fastran_driver@2|1754)
2026-05-06 17:33:33,098 fastran_driver_fastran_driver_2 DEBUG    _invoke_service(): init_call  ('step', 2)
2026-05-06 17:33:33,098 fastran_driver_fastran_driver_2 DEBUG    _get_service_response(REQUEST|fastran_FPP_000001@fastran_driver@2|FRAMEWORK@Framework@0|141)
2026-05-06 17:33:33,099 fastran__impurity_radiation_5 DEBUG    Received Message 
2026-05-06 17:33:33,099 fastran__impurity_radiation_5 DEBUG    Calling method step(2)
2026-05-06 17:33:33,099 fastran__impurity_radiation_5 DEBUG    _invoke_service(): stage_state  (['s000001.00001', 'g000001.00001', 'i000001.00001'], '/pscratch/sd/h/hswils/github_repos/MANTA_DBSCANS/TORIC+RAD+TGLF_lowerKr/SCAN/work/plasma_state', '/pscratch/sd/h/hswils/github_repos/MANTA_DBSCANS/TORIC+RAD+TGLF_lowerKr/SCAN/work/fastran__impurity_radiation_5')
2026-05-06 17:33:33,099 fastran__impurity_radiation_5 DEBUG    _get_service_response(REQUEST|fastran_FPP_000001@impurity_radiation@5|FRAMEWORK@Framework@0|23)
2026-05-06 17:33:33,109 fastran_driver_fastran_driver_2 DEBUG    _get_service_response(REQUEST|fastran_FPP_000001@fastran_driver@2|FRAMEWORK@Framework@0|141), response = ServiceResponseMessage(sender_id=FRAMEWORK@Framework@0, receiver_id=fastran_FPP_000001@fastran_driver@2, request_msg_id=REQUEST|fastran_FPP_000001@fastran_driver@2|FRAMEWORK@Framework@0|141,status=0, args=(27,), message_id=RESPONSE|FRAMEWORK@Framework@0|fastran_FPP_000001@fastran_driver@2|1755)
2026-05-06 17:33:33,109 fastran_driver_fastran_driver_2 DEBUG    _invoke_service(): wait_call  (27, True)
2026-05-06 17:33:33,109 fastran_driver_fastran_driver_2 DEBUG    _get_service_response(REQUEST|fastran_FPP_000001@fastran_driver@2|FRAMEWORK@Framework@0|142)
2026-05-06 17:33:33,119 fastran__impurity_radiation_5 DEBUG    _get_service_response(REQUEST|fastran_FPP_000001@impurity_radiation@5|FRAMEWORK@Framework@0|23), response = ServiceResponseMessage(sender_id=FRAMEWORK@Framework@0, receiver_id=fastran_FPP_000001@impurity_radiation@5, request_msg_id=REQUEST|fastran_FPP_000001@impurity_radiation@5|FRAMEWORK@Framework@0|23,status=0, args=(0,), message_id=RESPONSE|FRAMEWORK@Framework@0|fastran_FPP_000001@impurity_radiation@5|1756)
2026-05-06 17:33:33,119 fastran__impurity_radiation_5 DEBUG    _invoke_service(): getTopic  ('_IPS_MONITOR',)
2026-05-06 17:33:33,119 fastran__impurity_radiation_5 DEBUG    _get_service_response(REQUEST|fastran_FPP_000001@impurity_radiation@5|FRAMEWORK@Framework@0|24)
2026-05-06 17:33:33,129 fastran__impurity_radiation_5 DEBUG    _get_service_response(REQUEST|fastran_FPP_000001@impurity_radiation@5|FRAMEWORK@Framework@0|24), response = ServiceResponseMessage(sender_id=FRAMEWORK@Framework@0, receiver_id=fastran_FPP_000001@impurity_radiation@5, request_msg_id=REQUEST|fastran_FPP_000001@impurity_radiation@5|FRAMEWORK@Framework@0|24,status=0, args=(<ipsframework.cca_es_spec.Topic object at 0x7f54f886a9d0>,), message_id=RESPONSE|FRAMEWORK@Framework@0|fastran_FPP_000001@impurity_radiation@5|1757)
2026-05-06 17:33:33,129 fastran__impurity_radiation_5 DEBUG    _invoke_service(): sendEvent  ('_IPS_MONITOR', 'PORTAL_EVENT', {'sim_name': 'fastran_FPP_000001', 'real_sim_name': 'fastran_FPP_000001', 'portal_data': {'code': 'fastran__impurity_radiation', 'eventtype': 'IPS_STAGE_STATE', 'ok': True, 'walltime': '748.31', 'time': '2026-05-06|17:33:33PDT', 'trace': {'timestamp': 1778114013099277, 'duration': 19808, 'localEndpoint': {'serviceName': 'stage_state'}, 'name': "['s000001.00001', 'g000001.00001', 'i000001.00001']", 'id': '71885aecf25d7412', 'parentId': 'bb6121ebffb698a2', 'tags': {}}, 'state': 'Running', 'comment': 'Elapsed time = 0.020  files = s000001.00001 g000001.00001 i000001.00001 Success'}})
2026-05-06 17:33:33,129 fastran__impurity_radiation_5 DEBUG    _get_service_response(REQUEST|fastran_FPP_000001@impurity_radiation@5|FRAMEWORK@Framework@0|25)
2026-05-06 17:33:33,140 fastran__impurity_radiation_5 DEBUG    _get_service_response(REQUEST|fastran_FPP_000001@impurity_radiation@5|FRAMEWORK@Framework@0|25), response = ServiceResponseMessage(sender_id=FRAMEWORK@Framework@0, receiver_id=fastran_FPP_000001@impurity_radiation@5, request_msg_id=REQUEST|fastran_FPP_000001@impurity_radiation@5|FRAMEWORK@Framework@0|25,status=0, args=(None,), message_id=RESPONSE|FRAMEWORK@Framework@0|fastran_FPP_000001@impurity_radiation@5|1758)
2026-05-06 17:33:33,140 fastran__impurity_radiation_5 DEBUG    _invoke_service(): getTopic  ('_IPS_MONITOR',)
2026-05-06 17:33:33,140 fastran__impurity_radiation_5 DEBUG    _get_service_response(REQUEST|fastran_FPP_000001@impurity_radiation@5|FRAMEWORK@Framework@0|26)
2026-05-06 17:33:33,151 fastran__impurity_radiation_5 DEBUG    _get_service_response(REQUEST|fastran_FPP_000001@impurity_radiation@5|FRAMEWORK@Framework@0|26), response = ServiceResponseMessage(sender_id=FRAMEWORK@Framework@0, receiver_id=fastran_FPP_000001@impurity_radiation@5, request_msg_id=REQUEST|fastran_FPP_000001@impurity_radiation@5|FRAMEWORK@Framework@0|26,status=0, args=(<ipsframework.cca_es_spec.Topic object at 0x7f54f886ad30>,), message_id=RESPONSE|FRAMEWORK@Framework@0|fastran_FPP_000001@impurity_radiation@5|1759)
2026-05-06 17:33:33,151 fastran__impurity_radiation_5 DEBUG    _invoke_service(): sendEvent  ('_IPS_MONITOR', 'PORTAL_EVENT', {'sim_name': 'fastran_FPP_000001', 'real_sim_name': 'fastran_FPP_000001', 'portal_data': {'code': 'fastran__impurity_radiation', 'eventtype': 'IPS_STAGE_INPUTS', 'ok': True, 'walltime': '748.33', 'time': '2026-05-06|17:33:33PDT', 'trace': {'timestamp': 1778114013140563, 'duration': 76, 'localEndpoint': {'serviceName': 'stage_input_files'}, 'name': '', 'id': 'e70cb59b389672bf', 'parentId': 'bb6121ebffb698a2', 'tags': {}}, 'state': 'Running', 'comment': 'Elapsed time = 0.000 Path = /pscratch/sd/h/hswils/github_repos/MANTA_DBSCANS/TORIC+RAD+TGLF_lowerKr/input Files = '}})
2026-05-06 17:33:33,151 fastran__impurity_radiation_5 DEBUG    _get_service_response(REQUEST|fastran_FPP_000001@impurity_radiation@5|FRAMEWORK@Framework@0|27)
2026-05-06 17:33:33,162 fastran__impurity_radiation_5 DEBUG    _get_service_response(REQUEST|fastran_FPP_000001@impurity_radiation@5|FRAMEWORK@Framework@0|27), response = ServiceResponseMessage(sender_id=FRAMEWORK@Framework@0, receiver_id=fastran_FPP_000001@impurity_radiation@5, request_msg_id=REQUEST|fastran_FPP_000001@impurity_radiation@5|FRAMEWORK@Framework@0|27,status=0, args=(None,), message_id=RESPONSE|FRAMEWORK@Framework@0|fastran_FPP_000001@impurity_radiation@5|1760)
2026-05-06 17:33:33,363 fastran__impurity_radiation_5 DEBUG    _invoke_service(): update_state  (['s000001.00001', 'g000001.00001', 'i000001.00001'], '/pscratch/sd/h/hswils/github_repos/MANTA_DBSCANS/TORIC+RAD+TGLF_lowerKr/SCAN/work/fastran__impurity_radiation_5', '/pscratch/sd/h/hswils/github_repos/MANTA_DBSCANS/TORIC+RAD+TGLF_lowerKr/SCAN/work/plasma_state')
2026-05-06 17:33:33,364 fastran__impurity_radiation_5 DEBUG    _get_service_response(REQUEST|fastran_FPP_000001@impurity_radiation@5|FRAMEWORK@Framework@0|28)
2026-05-06 17:33:33,384 fastran__impurity_radiation_5 DEBUG    _get_service_response(REQUEST|fastran_FPP_000001@impurity_radiation@5|FRAMEWORK@Framework@0|28), response = ServiceResponseMessage(sender_id=FRAMEWORK@Framework@0, receiver_id=fastran_FPP_000001@impurity_radiation@5, request_msg_id=REQUEST|fastran_FPP_000001@impurity_radiation@5|FRAMEWORK@Framework@0|28,status=0, args=(0,), message_id=RESPONSE|FRAMEWORK@Framework@0|fastran_FPP_000001@impurity_radiation@5|1762)
2026-05-06 17:33:33,384 fastran__impurity_radiation_5 DEBUG    _invoke_service(): getTopic  ('_IPS_MONITOR',)
2026-05-06 17:33:33,384 fastran__impurity_radiation_5 DEBUG    _get_service_response(REQUEST|fastran_FPP_000001@impurity_radiation@5|FRAMEWORK@Framework@0|29)
2026-05-06 17:33:33,394 fastran__impurity_radiation_5 DEBUG    _get_service_response(REQUEST|fastran_FPP_000001@impurity_radiation@5|FRAMEWORK@Framework@0|29), response = ServiceResponseMessage(sender_id=FRAMEWORK@Framework@0, receiver_id=fastran_FPP_000001@impurity_radiation@5, request_msg_id=REQUEST|fastran_FPP_000001@impurity_radiation@5|FRAMEWORK@Framework@0|29,status=0, args=(<ipsframework.cca_es_spec.Topic object at 0x7f54f886ae50>,), message_id=RESPONSE|FRAMEWORK@Framework@0|fastran_FPP_000001@impurity_radiation@5|1763)
2026-05-06 17:33:33,394 fastran__impurity_radiation_5 DEBUG    _invoke_service(): sendEvent  ('_IPS_MONITOR', 'PORTAL_EVENT', {'sim_name': 'fastran_FPP_000001', 'real_sim_name': 'fastran_FPP_000001', 'portal_data': {'code': 'fastran__impurity_radiation', 'eventtype': 'IPS_UPDATE_STATE', 'ok': True, 'walltime': '748.57', 'time': '2026-05-06|17:33:33PDT', 'trace': {'timestamp': 1778114013363766, 'duration': 20346, 'localEndpoint': {'serviceName': 'update_state'}, 'name': "['s000001.00001', 'g000001.00001', 'i000001.00001']", 'id': '7629e189a66153c0', 'parentId': 'bb6121ebffb698a2', 'tags': {}}, 'state': 'Running', 'comment': 'Elapsed time = 0.020   files = s000001.00001 g000001.00001 i000001.00001 Success'}})
2026-05-06 17:33:33,394 fastran__impurity_radiation_5 DEBUG    _get_service_response(REQUEST|fastran_FPP_000001@impurity_radiation@5|FRAMEWORK@Framework@0|30)
2026-05-06 17:33:33,405 fastran__impurity_radiation_5 DEBUG    _get_service_response(REQUEST|fastran_FPP_000001@impurity_radiation@5|FRAMEWORK@Framework@0|30), response = ServiceResponseMessage(sender_id=FRAMEWORK@Framework@0, receiver_id=fastran_FPP_000001@impurity_radiation@5, request_msg_id=REQUEST|fastran_FPP_000001@impurity_radiation@5|FRAMEWORK@Framework@0|30,status=0, args=(None,), message_id=RESPONSE|FRAMEWORK@Framework@0|fastran_FPP_000001@impurity_radiation@5|1764)
2026-05-06 17:33:33,405 fastran__impurity_radiation_5 DEBUG    _invoke_service(): getTopic  ('_IPS_MONITOR',)
2026-05-06 17:33:33,405 fastran__impurity_radiation_5 DEBUG    _get_service_response(REQUEST|fastran_FPP_000001@impurity_radiation@5|FRAMEWORK@Framework@0|31)
2026-05-06 17:33:33,416 fastran__impurity_radiation_5 DEBUG    _get_service_response(REQUEST|fastran_FPP_000001@impurity_radiation@5|FRAMEWORK@Framework@0|31), response = ServiceResponseMessage(sender_id=FRAMEWORK@Framework@0, receiver_id=fastran_FPP_000001@impurity_radiation@5, request_msg_id=REQUEST|fastran_FPP_000001@impurity_radiation@5|FRAMEWORK@Framework@0|31,status=0, args=(<ipsframework.cca_es_spec.Topic object at 0x7f54f886adc0>,), message_id=RESPONSE|FRAMEWORK@Framework@0|fastran_FPP_000001@impurity_radiation@5|1765)
2026-05-06 17:33:33,416 fastran__impurity_radiation_5 DEBUG    _invoke_service(): sendEvent  ('_IPS_MONITOR', 'PORTAL_EVENT', {'sim_name': 'fastran_FPP_000001', 'real_sim_name': 'fastran_FPP_000001', 'portal_data': {'code': 'fastran__impurity_radiation', 'eventtype': 'IPS_STAGE_OUTPUTS', 'ok': True, 'walltime': '748.59', 'time': '2026-05-06|17:33:33PDT', 'trace': {'timestamp': 1778114013405492, 'duration': 158, 'localEndpoint': {'serviceName': 'stage_output_files'}, 'name': '[]', 'id': 'ed019efe11be26d9', 'parentId': 'bb6121ebffb698a2', 'tags': {}}, 'state': 'Running', 'comment': 'Elapsed time = 0.000 Path = /pscratch/sd/h/hswils/github_repos/MANTA_DBSCANS/TORIC+RAD+TGLF_lowerKr/SCAN/simulation_results/2/components/fastran__impurity_radiation_5 Files = []'}})
2026-05-06 17:33:33,416 fastran__impurity_radiation_5 DEBUG    _get_service_response(REQUEST|fastran_FPP_000001@impurity_radiation@5|FRAMEWORK@Framework@0|32)
2026-05-06 17:33:33,427 fastran__impurity_radiation_5 DEBUG    _get_service_response(REQUEST|fastran_FPP_000001@impurity_radiation@5|FRAMEWORK@Framework@0|32), response = ServiceResponseMessage(sender_id=FRAMEWORK@Framework@0, receiver_id=fastran_FPP_000001@impurity_radiation@5, request_msg_id=REQUEST|fastran_FPP_000001@impurity_radiation@5|FRAMEWORK@Framework@0|32,status=0, args=(None,), message_id=RESPONSE|FRAMEWORK@Framework@0|fastran_FPP_000001@impurity_radiation@5|1766)
2026-05-06 17:33:33,437 fastran_driver_fastran_driver_2 DEBUG    _get_service_response(REQUEST|fastran_FPP_000001@fastran_driver@2|FRAMEWORK@Framework@0|142), response = ServiceResponseMessage(sender_id=FRAMEWORK@Framework@0, receiver_id=fastran_FPP_000001@fastran_driver@2, request_msg_id=REQUEST|fastran_FPP_000001@fastran_driver@2|FRAMEWORK@Framework@0|142,status=0, args=((None,),), message_id=RESPONSE|FRAMEWORK@Framework@0|fastran_FPP_000001@fastran_driver@2|1767)
2026-05-06 17:33:33,438 fastran_driver_fastran_driver_2 DEBUG    _invoke_service(): getTopic  ('_IPS_MONITOR',)
2026-05-06 17:33:33,438 fastran_driver_fastran_driver_2 DEBUG    _get_service_response(REQUEST|fastran_FPP_000001@fastran_driver@2|FRAMEWORK@Framework@0|143)
2026-05-06 17:33:33,448 fastran_driver_fastran_driver_2 DEBUG    _get_service_response(REQUEST|fastran_FPP_000001@fastran_driver@2|FRAMEWORK@Framework@0|143), response = ServiceResponseMessage(sender_id=FRAMEWORK@Framework@0, receiver_id=fastran_FPP_000001@fastran_driver@2, request_msg_id=REQUEST|fastran_FPP_000001@fastran_driver@2|FRAMEWORK@Framework@0|143,status=0, args=(<ipsframework.cca_es_spec.Topic object at 0x7f54f88d1a00>,), message_id=RESPONSE|FRAMEWORK@Framework@0|fastran_FPP_000001@fastran_driver@2|1768)
2026-05-06 17:33:33,449 fastran_driver_fastran_driver_2 DEBUG    _invoke_service(): sendEvent  ('_IPS_MONITOR', 'PORTAL_EVENT', {'sim_name': 'fastran_FPP_000001', 'real_sim_name': 'fastran_FPP_000001', 'portal_data': {'code': 'fastran_driver_fastran_driver', 'eventtype': 'IPS_CALL_END', 'ok': True, 'walltime': '748.63', 'time': '2026-05-06|17:33:33PDT', 'trace': {'timestamp': 1778114013109182, 'duration': 328805, 'localEndpoint': {'serviceName': 'fastran_FPP_000001@impurity_radiation@5'}, 'name': 'step(2)', 'id': 'bb6121ebffb698a2', 'parentId': 'f899e3e5886669ce', 'tags': {}}, 'state': 'Running', 'comment': 'Target = fastran_FPP_000001@impurity_radiation@5:step(2)'}})
2026-05-06 17:33:33,449 fastran_driver_fastran_driver_2 DEBUG    _get_service_response(REQUEST|fastran_FPP_000001@fastran_driver@2|FRAMEWORK@Framework@0|144)
2026-05-06 17:33:33,459 fastran_driver_fastran_driver_2 DEBUG    _get_service_response(REQUEST|fastran_FPP_000001@fastran_driver@2|FRAMEWORK@Framework@0|144), response = ServiceResponseMessage(sender_id=FRAMEWORK@Framework@0, receiver_id=fastran_FPP_000001@fastran_driver@2, request_msg_id=REQUEST|fastran_FPP_000001@fastran_driver@2|FRAMEWORK@Framework@0|144,status=0, args=(None,), message_id=RESPONSE|FRAMEWORK@Framework@0|fastran_FPP_000001@fastran_driver@2|1769)
2026-05-06 17:33:33,460 fastran_driver_fastran_driver_2 DEBUG    _invoke_service(): getTopic  ('_IPS_MONITOR',)
2026-05-06 17:33:33,460 fastran_driver_fastran_driver_2 DEBUG    _get_service_response(REQUEST|fastran_FPP_000001@fastran_driver@2|FRAMEWORK@Framework@0|145)
2026-05-06 17:33:33,471 fastran_driver_fastran_driver_2 DEBUG    _get_service_response(REQUEST|fastran_FPP_000001@fastran_driver@2|FRAMEWORK@Framework@0|145), response = ServiceResponseMessage(sender_id=FRAMEWORK@Framework@0, receiver_id=fastran_FPP_000001@fastran_driver@2, request_msg_id=REQUEST|fastran_FPP_000001@fastran_driver@2|FRAMEWORK@Framework@0|145,status=0, args=(<ipsframework.cca_es_spec.Topic object at 0x7f54f88d1eb0>,), message_id=RESPONSE|FRAMEWORK@Framework@0|fastran_FPP_000001@fastran_driver@2|1770)
2026-05-06 17:33:33,471 fastran_driver_fastran_driver_2 DEBUG    _invoke_service(): sendEvent  ('_IPS_MONITOR', 'PORTAL_EVENT', {'sim_name': 'fastran_FPP_000001', 'real_sim_name': 'fastran_FPP_000001', 'portal_data': {'code': 'fastran_driver_fastran_driver', 'eventtype': 'IPS_CALL_BEGIN', 'ok': True, 'walltime': '748.65', 'time': '2026-05-06|17:33:33PDT', 'state': 'Running', 'comment': 'Target = fastran_FPP_000001@toric@6:step(2)'}})
2026-05-06 17:33:33,471 fastran_driver_fastran_driver_2 DEBUG    _get_service_response(REQUEST|fastran_FPP_000001@fastran_driver@2|FRAMEWORK@Framework@0|146)
2026-05-06 17:33:33,482 fastran_driver_fastran_driver_2 DEBUG    _get_service_response(REQUEST|fastran_FPP_000001@fastran_driver@2|FRAMEWORK@Framework@0|146), response = ServiceResponseMessage(sender_id=FRAMEWORK@Framework@0, receiver_id=fastran_FPP_000001@fastran_driver@2, request_msg_id=REQUEST|fastran_FPP_000001@fastran_driver@2|FRAMEWORK@Framework@0|146,status=0, args=(None,), message_id=RESPONSE|FRAMEWORK@Framework@0|fastran_FPP_000001@fastran_driver@2|1771)
2026-05-06 17:33:33,482 fastran_driver_fastran_driver_2 DEBUG    _invoke_service(): init_call  ('step', 2)
2026-05-06 17:33:33,482 fastran_driver_fastran_driver_2 DEBUG    _get_service_response(REQUEST|fastran_FPP_000001@fastran_driver@2|FRAMEWORK@Framework@0|147)
2026-05-06 17:33:33,483 rf_ic_toric_6   DEBUG    Received Message 
2026-05-06 17:33:33,483 rf_ic_toric_6   DEBUG    Calling method step(2)
2026-05-06 17:33:33,483 rf_ic_toric_6   DEBUG    _invoke_service(): stage_state  (['s000001.00001', 'g000001.00001'], '/pscratch/sd/h/hswils/github_repos/MANTA_DBSCANS/TORIC+RAD+TGLF_lowerKr/SCAN/work/plasma_state', '/pscratch/sd/h/hswils/github_repos/MANTA_DBSCANS/TORIC+RAD+TGLF_lowerKr/SCAN/work/rf_ic_toric_6')
2026-05-06 17:33:33,483 rf_ic_toric_6   DEBUG    _get_service_response(REQUEST|fastran_FPP_000001@toric@6|FRAMEWORK@Framework@0|45)
2026-05-06 17:33:33,493 fastran_driver_fastran_driver_2 DEBUG    _get_service_response(REQUEST|fastran_FPP_000001@fastran_driver@2|FRAMEWORK@Framework@0|147), response = ServiceResponseMessage(sender_id=FRAMEWORK@Framework@0, receiver_id=fastran_FPP_000001@fastran_driver@2, request_msg_id=REQUEST|fastran_FPP_000001@fastran_driver@2|FRAMEWORK@Framework@0|147,status=0, args=(28,), message_id=RESPONSE|FRAMEWORK@Framework@0|fastran_FPP_000001@fastran_driver@2|1772)
2026-05-06 17:33:33,493 fastran_driver_fastran_driver_2 DEBUG    _invoke_service(): wait_call  (28, True)
2026-05-06 17:33:33,493 fastran_driver_fastran_driver_2 DEBUG    _get_service_response(REQUEST|fastran_FPP_000001@fastran_driver@2|FRAMEWORK@Framework@0|148)
2026-05-06 17:33:33,502 rf_ic_toric_6   DEBUG    _get_service_response(REQUEST|fastran_FPP_000001@toric@6|FRAMEWORK@Framework@0|45), response = ServiceResponseMessage(sender_id=FRAMEWORK@Framework@0, receiver_id=fastran_FPP_000001@toric@6, request_msg_id=REQUEST|fastran_FPP_000001@toric@6|FRAMEWORK@Framework@0|45,status=0, args=(0,), message_id=RESPONSE|FRAMEWORK@Framework@0|fastran_FPP_000001@toric@6|1773)
2026-05-06 17:33:33,502 rf_ic_toric_6   DEBUG    _invoke_service(): getTopic  ('_IPS_MONITOR',)
2026-05-06 17:33:33,502 rf_ic_toric_6   DEBUG    _get_service_response(REQUEST|fastran_FPP_000001@toric@6|FRAMEWORK@Framework@0|46)
2026-05-06 17:33:33,513 rf_ic_toric_6   DEBUG    _get_service_response(REQUEST|fastran_FPP_000001@toric@6|FRAMEWORK@Framework@0|46), response = ServiceResponseMessage(sender_id=FRAMEWORK@Framework@0, receiver_id=fastran_FPP_000001@toric@6, request_msg_id=REQUEST|fastran_FPP_000001@toric@6|FRAMEWORK@Framework@0|46,status=0, args=(<ipsframework.cca_es_spec.Topic object at 0x7f54f8829550>,), message_id=RESPONSE|FRAMEWORK@Framework@0|fastran_FPP_000001@toric@6|1774)
2026-05-06 17:33:33,513 rf_ic_toric_6   DEBUG    _invoke_service(): sendEvent  ('_IPS_MONITOR', 'PORTAL_EVENT', {'sim_name': 'fastran_FPP_000001', 'real_sim_name': 'fastran_FPP_000001', 'portal_data': {'code': 'rf_ic_toric', 'eventtype': 'IPS_STAGE_STATE', 'ok': True, 'walltime': '748.69', 'time': '2026-05-06|17:33:33PDT', 'trace': {'timestamp': 1778114013483585, 'duration': 18788, 'localEndpoint': {'serviceName': 'stage_state'}, 'name': "['s000001.00001', 'g000001.00001']", 'id': '32793a28c0f8ba4b', 'parentId': 'a8e9901f5f2073b5', 'tags': {}}, 'state': 'Running', 'comment': 'Elapsed time = 0.019  files = s000001.00001 g000001.00001 Success'}})
2026-05-06 17:33:33,513 rf_ic_toric_6   DEBUG    _get_service_response(REQUEST|fastran_FPP_000001@toric@6|FRAMEWORK@Framework@0|47)
2026-05-06 17:33:33,524 rf_ic_toric_6   DEBUG    _get_service_response(REQUEST|fastran_FPP_000001@toric@6|FRAMEWORK@Framework@0|47), response = ServiceResponseMessage(sender_id=FRAMEWORK@Framework@0, receiver_id=fastran_FPP_000001@toric@6, request_msg_id=REQUEST|fastran_FPP_000001@toric@6|FRAMEWORK@Framework@0|47,status=0, args=(None,), message_id=RESPONSE|FRAMEWORK@Framework@0|fastran_FPP_000001@toric@6|1775)
2026-05-06 17:33:33,534 rf_ic_toric_6   DEBUG    _invoke_service(): getTopic  ('_IPS_MONITOR',)
2026-05-06 17:33:33,534 rf_ic_toric_6   DEBUG    _get_service_response(REQUEST|fastran_FPP_000001@toric@6|FRAMEWORK@Framework@0|48)
2026-05-06 17:33:33,545 rf_ic_toric_6   DEBUG    _get_service_response(REQUEST|fastran_FPP_000001@toric@6|FRAMEWORK@Framework@0|48), response = ServiceResponseMessage(sender_id=FRAMEWORK@Framework@0, receiver_id=fastran_FPP_000001@toric@6, request_msg_id=REQUEST|fastran_FPP_000001@toric@6|FRAMEWORK@Framework@0|48,status=0, args=(<ipsframework.cca_es_spec.Topic object at 0x7f54f8829640>,), message_id=RESPONSE|FRAMEWORK@Framework@0|fastran_FPP_000001@toric@6|1776)
2026-05-06 17:33:33,545 rf_ic_toric_6   DEBUG    _invoke_service(): sendEvent  ('_IPS_MONITOR', 'PORTAL_EVENT', {'sim_name': 'fastran_FPP_000001', 'real_sim_name': 'fastran_FPP_000001', 'portal_data': {'code': 'rf_ic_toric', 'eventtype': 'IPS_STAGE_INPUTS', 'ok': True, 'walltime': '748.72', 'time': '2026-05-06|17:33:33PDT', 'trace': {'timestamp': 1778114013524133, 'duration': 10392, 'localEndpoint': {'serviceName': 'stage_input_files'}, 'name': 'machine.inp equigs_gen.ind torica.inp', 'id': 'b108389cfa22cdf4', 'parentId': 'a8e9901f5f2073b5', 'tags': {}}, 'state': 'Running', 'comment': 'Elapsed time = 0.010 Path = /pscratch/sd/h/hswils/github_repos/MANTA_DBSCANS/TORIC+RAD+TGLF_lowerKr/input Files = machine.inp equigs_gen.ind torica.inp'}})
2026-05-06 17:33:33,545 rf_ic_toric_6   DEBUG    _get_service_response(REQUEST|fastran_FPP_000001@toric@6|FRAMEWORK@Framework@0|49)
2026-05-06 17:33:33,555 rf_ic_toric_6   DEBUG    _get_service_response(REQUEST|fastran_FPP_000001@toric@6|FRAMEWORK@Framework@0|49), response = ServiceResponseMessage(sender_id=FRAMEWORK@Framework@0, receiver_id=fastran_FPP_000001@toric@6, request_msg_id=REQUEST|fastran_FPP_000001@toric@6|FRAMEWORK@Framework@0|49,status=0, args=(None,), message_id=RESPONSE|FRAMEWORK@Framework@0|fastran_FPP_000001@toric@6|1777)
2026-05-06 17:33:33,818 rf_ic_toric_6   DEBUG    _invoke_service(): init_task  (TaskInit(nproc=24, binary='/global/common/software/atom/perlmutter/binaries/toric/default/Ptoric.e', working_dir='/pscratch/sd/h/hswils/github_repos/MANTA_DBSCANS/TORIC+RAD+TGLF_lowerKr/SCAN/work/rf_ic_toric_6', tppn=0, tcpp=0, tgpp=0, block=True, omp=False, wnodes=True, wsocks=True, cmd_args=()),)
2026-05-06 17:33:33,818 rf_ic_toric_6   DEBUG    _get_service_response(REQUEST|fastran_FPP_000001@toric@6|FRAMEWORK@Framework@0|50)
2026-05-06 17:33:33,830 rf_ic_toric_6   DEBUG    _get_service_response(REQUEST|fastran_FPP_000001@toric@6|FRAMEWORK@Framework@0|50), response = ServiceResponseMessage(sender_id=FRAMEWORK@Framework@0, receiver_id=fastran_FPP_000001@toric@6, request_msg_id=REQUEST|fastran_FPP_000001@toric@6|FRAMEWORK@Framework@0|50,status=0, args=((6, 'srun -N 1 -n 24 -c 5 --threads-per-core=1 --cpu-bind=cores /global/common/software/atom/perlmutter/binaries/toric/default/Ptoric.e ', None, 128),), message_id=RESPONSE|FRAMEWORK@Framework@0|fastran_FPP_000001@toric@6|1779)
2026-05-06 17:33:33,832 rf_ic_toric_6   DEBUG    Launching command : srun -N 1 -n 24 -c 5 --threads-per-core=1 --cpu-bind=cores /global/common/software/atom/perlmutter/binaries/toric/default/Ptoric.e 
2026-05-06 17:33:33,873 rf_ic_toric_6   DEBUG    _invoke_service(): getTopic  ('_IPS_MONITOR',)
2026-05-06 17:33:33,874 rf_ic_toric_6   DEBUG    _get_service_response(REQUEST|fastran_FPP_000001@toric@6|FRAMEWORK@Framework@0|51)
2026-05-06 17:33:33,885 rf_ic_toric_6   DEBUG    _get_service_response(REQUEST|fastran_FPP_000001@toric@6|FRAMEWORK@Framework@0|51), response = ServiceResponseMessage(sender_id=FRAMEWORK@Framework@0, receiver_id=fastran_FPP_000001@toric@6, request_msg_id=REQUEST|fastran_FPP_000001@toric@6|FRAMEWORK@Framework@0|51,status=0, args=(<ipsframework.cca_es_spec.Topic object at 0x7f54f87ca5b0>,), message_id=RESPONSE|FRAMEWORK@Framework@0|fastran_FPP_000001@toric@6|1780)
2026-05-06 17:33:33,885 rf_ic_toric_6   DEBUG    _invoke_service(): sendEvent  ('_IPS_MONITOR', 'PORTAL_EVENT', {'sim_name': 'fastran_FPP_000001', 'real_sim_name': 'fastran_FPP_000001', 'portal_data': {'code': 'rf_ic_toric', 'eventtype': 'IPS_LAUNCH_TASK', 'ok': True, 'walltime': '749.06', 'time': '2026-05-06|17:33:33PDT', 'state': 'Running', 'comment': 'task_id = 6 , Tag = None , nproc = 24 , Target = srun -N 1 -n 24 -c 5 --threads-per-core=1 --cpu-bind=cores /global/common/software/atom/perlmutter/binaries/toric/default/Ptoric.e '}})
2026-05-06 17:33:33,885 rf_ic_toric_6   DEBUG    _get_service_response(REQUEST|fastran_FPP_000001@toric@6|FRAMEWORK@Framework@0|52)
2026-05-06 17:33:33,895 rf_ic_toric_6   DEBUG    _get_service_response(REQUEST|fastran_FPP_000001@toric@6|FRAMEWORK@Framework@0|52), response = ServiceResponseMessage(sender_id=FRAMEWORK@Framework@0, receiver_id=fastran_FPP_000001@toric@6, request_msg_id=REQUEST|fastran_FPP_000001@toric@6|FRAMEWORK@Framework@0|52,status=0, args=(None,), message_id=RESPONSE|FRAMEWORK@Framework@0|fastran_FPP_000001@toric@6|1781)
2026-05-06 17:38:35,604 rf_ic_toric_6   DEBUG    _invoke_service(): getTopic  ('_IPS_MONITOR',)
2026-05-06 17:38:35,604 rf_ic_toric_6   DEBUG    _get_service_response(REQUEST|fastran_FPP_000001@toric@6|FRAMEWORK@Framework@0|53)
2026-05-06 17:38:35,615 rf_ic_toric_6   DEBUG    _get_service_response(REQUEST|fastran_FPP_000001@toric@6|FRAMEWORK@Framework@0|53), response = ServiceResponseMessage(sender_id=FRAMEWORK@Framework@0, receiver_id=fastran_FPP_000001@toric@6, request_msg_id=REQUEST|fastran_FPP_000001@toric@6|FRAMEWORK@Framework@0|53,status=0, args=(<ipsframework.cca_es_spec.Topic object at 0x7f54f87ca670>,), message_id=RESPONSE|FRAMEWORK@Framework@0|fastran_FPP_000001@toric@6|2372)
2026-05-06 17:38:35,615 rf_ic_toric_6   DEBUG    _invoke_service(): sendEvent  ('_IPS_MONITOR', 'PORTAL_EVENT', {'sim_name': 'fastran_FPP_000001', 'real_sim_name': 'fastran_FPP_000001', 'portal_data': {'code': 'rf_ic_toric', 'eventtype': 'IPS_TASK_END', 'ok': True, 'walltime': '1050.79', 'time': '2026-05-06|17:38:35PDT', 'trace': {'timestamp': 1778114013873489, 'duration': 301730362, 'localEndpoint': {'serviceName': '/global/common/software/atom/perlmutter/binaries/toric/default/Ptoric.e'}, 'name': '', 'id': '9495ef9c66f5dbbf', 'parentId': 'a8e9901f5f2073b5', 'tags': {'procs_requested': '24', 'cores_allocated': '128'}}, 'state': 'Running', 'comment': 'task_id = 6  elapsed time = 301.73 S'}})
2026-05-06 17:38:35,615 rf_ic_toric_6   DEBUG    _get_service_response(REQUEST|fastran_FPP_000001@toric@6|FRAMEWORK@Framework@0|54)
2026-05-06 17:38:35,626 rf_ic_toric_6   DEBUG    _get_service_response(REQUEST|fastran_FPP_000001@toric@6|FRAMEWORK@Framework@0|54), response = ServiceResponseMessage(sender_id=FRAMEWORK@Framework@0, receiver_id=fastran_FPP_000001@toric@6, request_msg_id=REQUEST|fastran_FPP_000001@toric@6|FRAMEWORK@Framework@0|54,status=0, args=(None,), message_id=RESPONSE|FRAMEWORK@Framework@0|fastran_FPP_000001@toric@6|2373)
2026-05-06 17:38:35,626 rf_ic_toric_6   DEBUG    _invoke_service(): finish_task  (6, 0)
2026-05-06 17:38:35,626 rf_ic_toric_6   DEBUG    _get_service_response(REQUEST|fastran_FPP_000001@toric@6|FRAMEWORK@Framework@0|55)
2026-05-06 17:38:35,637 rf_ic_toric_6   DEBUG    _get_service_response(REQUEST|fastran_FPP_000001@toric@6|FRAMEWORK@Framework@0|55), response = ServiceResponseMessage(sender_id=FRAMEWORK@Framework@0, receiver_id=fastran_FPP_000001@toric@6, request_msg_id=REQUEST|fastran_FPP_000001@toric@6|FRAMEWORK@Framework@0|55,status=0, args=(0,), message_id=RESPONSE|FRAMEWORK@Framework@0|fastran_FPP_000001@toric@6|2374)
2026-05-06 17:38:36,059 rf_ic_toric_6   DEBUG    _invoke_service(): merge_current_plasma_state  ('/pscratch/sd/h/hswils/github_repos/MANTA_DBSCANS/TORIC+RAD+TGLF_lowerKr/SCAN/work/rf_ic_toric_6/RF_IC_s000001.00001', '/pscratch/sd/h/hswils/github_repos/MANTA_DBSCANS/TORIC+RAD+TGLF_lowerKr/SCAN/work/plasma_state/s000001.00001', 'log.update_state', '/global/common/software/atom/perlmutter/binaries/update-state/default/update_state')
2026-05-06 17:38:36,060 rf_ic_toric_6   DEBUG    _get_service_response(REQUEST|fastran_FPP_000001@toric@6|FRAMEWORK@Framework@0|56)
2026-05-06 17:38:36,274 rf_ic_toric_6   DEBUG    _get_service_response(REQUEST|fastran_FPP_000001@toric@6|FRAMEWORK@Framework@0|56), response = ServiceResponseMessage(sender_id=FRAMEWORK@Framework@0, receiver_id=fastran_FPP_000001@toric@6, request_msg_id=REQUEST|fastran_FPP_000001@toric@6|FRAMEWORK@Framework@0|56,status=0, args=(0,), message_id=RESPONSE|FRAMEWORK@Framework@0|fastran_FPP_000001@toric@6|2376)
2026-05-06 17:38:36,274 rf_ic_toric_6   DEBUG    _invoke_service(): getTopic  ('_IPS_MONITOR',)
2026-05-06 17:38:36,274 rf_ic_toric_6   DEBUG    _get_service_response(REQUEST|fastran_FPP_000001@toric@6|FRAMEWORK@Framework@0|57)
2026-05-06 17:38:36,285 rf_ic_toric_6   DEBUG    _get_service_response(REQUEST|fastran_FPP_000001@toric@6|FRAMEWORK@Framework@0|57), response = ServiceResponseMessage(sender_id=FRAMEWORK@Framework@0, receiver_id=fastran_FPP_000001@toric@6, request_msg_id=REQUEST|fastran_FPP_000001@toric@6|FRAMEWORK@Framework@0|57,status=0, args=(<ipsframework.cca_es_spec.Topic object at 0x7f54f87ca460>,), message_id=RESPONSE|FRAMEWORK@Framework@0|fastran_FPP_000001@toric@6|2377)
2026-05-06 17:38:36,285 rf_ic_toric_6   DEBUG    _invoke_service(): sendEvent  ('_IPS_MONITOR', 'PORTAL_EVENT', {'sim_name': 'fastran_FPP_000001', 'real_sim_name': 'fastran_FPP_000001', 'portal_data': {'code': 'rf_ic_toric', 'eventtype': 'IPS_MERGE_PLASMA_STATE', 'ok': True, 'walltime': '1051.46', 'time': '2026-05-06|17:38:36PDT', 'state': 'Running', 'comment': 'Success'}})
2026-05-06 17:38:36,285 rf_ic_toric_6   DEBUG    _get_service_response(REQUEST|fastran_FPP_000001@toric@6|FRAMEWORK@Framework@0|58)
2026-05-06 17:38:36,296 rf_ic_toric_6   DEBUG    _get_service_response(REQUEST|fastran_FPP_000001@toric@6|FRAMEWORK@Framework@0|58), response = ServiceResponseMessage(sender_id=FRAMEWORK@Framework@0, receiver_id=fastran_FPP_000001@toric@6, request_msg_id=REQUEST|fastran_FPP_000001@toric@6|FRAMEWORK@Framework@0|58,status=0, args=(None,), message_id=RESPONSE|FRAMEWORK@Framework@0|fastran_FPP_000001@toric@6|2378)
2026-05-06 17:38:36,399 rf_ic_toric_6   DEBUG    _invoke_service(): getTopic  ('_IPS_MONITOR',)
2026-05-06 17:38:36,399 rf_ic_toric_6   DEBUG    _get_service_response(REQUEST|fastran_FPP_000001@toric@6|FRAMEWORK@Framework@0|59)
2026-05-06 17:38:36,409 rf_ic_toric_6   DEBUG    _get_service_response(REQUEST|fastran_FPP_000001@toric@6|FRAMEWORK@Framework@0|59), response = ServiceResponseMessage(sender_id=FRAMEWORK@Framework@0, receiver_id=fastran_FPP_000001@toric@6, request_msg_id=REQUEST|fastran_FPP_000001@toric@6|FRAMEWORK@Framework@0|59,status=0, args=(<ipsframework.cca_es_spec.Topic object at 0x7f54f87ca4c0>,), message_id=RESPONSE|FRAMEWORK@Framework@0|fastran_FPP_000001@toric@6|2379)
2026-05-06 17:38:36,410 rf_ic_toric_6   DEBUG    _invoke_service(): sendEvent  ('_IPS_MONITOR', 'PORTAL_EVENT', {'sim_name': 'fastran_FPP_000001', 'real_sim_name': 'fastran_FPP_000001', 'portal_data': {'code': 'rf_ic_toric', 'eventtype': 'IPS_STAGE_OUTPUTS', 'ok': True, 'walltime': '1051.59', 'time': '2026-05-06|17:38:36PDT', 'trace': {'timestamp': 1778114316296300, 'duration': 102635, 'localEndpoint': {'serviceName': 'stage_output_files'}, 'name': "['torica.inp', 'machine.inp', 'log.toric', 'toric.nc', 'profstat.dat', 'equigs.data', 'equidt.data', 'toric_cfg.nc']", 'id': '749f5c33ef51fb56', 'parentId': 'a8e9901f5f2073b5', 'tags': {}}, 'state': 'Running', 'comment': "Elapsed time = 0.103 Path = /pscratch/sd/h/hswils/github_repos/MANTA_DBSCANS/TORIC+RAD+TGLF_lowerKr/SCAN/simulation_results/2/components/rf_ic_toric_6 Files = ['torica.inp', 'machine.inp', 'log.toric', 'toric.nc', 'profstat.dat', 'equigs.data', 'equidt.data', 'toric_cfg.nc']"}})
2026-05-06 17:38:36,410 rf_ic_toric_6   DEBUG    _get_service_response(REQUEST|fastran_FPP_000001@toric@6|FRAMEWORK@Framework@0|60)
2026-05-06 17:38:36,421 rf_ic_toric_6   DEBUG    _get_service_response(REQUEST|fastran_FPP_000001@toric@6|FRAMEWORK@Framework@0|60), response = ServiceResponseMessage(sender_id=FRAMEWORK@Framework@0, receiver_id=fastran_FPP_000001@toric@6, request_msg_id=REQUEST|fastran_FPP_000001@toric@6|FRAMEWORK@Framework@0|60,status=0, args=(None,), message_id=RESPONSE|FRAMEWORK@Framework@0|fastran_FPP_000001@toric@6|2380)
2026-05-06 17:38:36,432 fastran_driver_fastran_driver_2 DEBUG    _get_service_response(REQUEST|fastran_FPP_000001@fastran_driver@2|FRAMEWORK@Framework@0|148), response = ServiceResponseMessage(sender_id=FRAMEWORK@Framework@0, receiver_id=fastran_FPP_000001@fastran_driver@2, request_msg_id=REQUEST|fastran_FPP_000001@fastran_driver@2|FRAMEWORK@Framework@0|148,status=0, args=((0,),), message_id=RESPONSE|FRAMEWORK@Framework@0|fastran_FPP_000001@fastran_driver@2|2381)
2026-05-06 17:38:36,432 fastran_driver_fastran_driver_2 DEBUG    _invoke_service(): getTopic  ('_IPS_MONITOR',)
2026-05-06 17:38:36,433 fastran_driver_fastran_driver_2 DEBUG    _get_service_response(REQUEST|fastran_FPP_000001@fastran_driver@2|FRAMEWORK@Framework@0|149)
2026-05-06 17:38:36,444 fastran_driver_fastran_driver_2 DEBUG    _get_service_response(REQUEST|fastran_FPP_000001@fastran_driver@2|FRAMEWORK@Framework@0|149), response = ServiceResponseMessage(sender_id=FRAMEWORK@Framework@0, receiver_id=fastran_FPP_000001@fastran_driver@2, request_msg_id=REQUEST|fastran_FPP_000001@fastran_driver@2|FRAMEWORK@Framework@0|149,status=0, args=(<ipsframework.cca_es_spec.Topic object at 0x7f54f88d1e80>,), message_id=RESPONSE|FRAMEWORK@Framework@0|fastran_FPP_000001@fastran_driver@2|2382)
2026-05-06 17:38:36,444 fastran_driver_fastran_driver_2 DEBUG    _invoke_service(): sendEvent  ('_IPS_MONITOR', 'PORTAL_EVENT', {'sim_name': 'fastran_FPP_000001', 'real_sim_name': 'fastran_FPP_000001', 'portal_data': {'code': 'fastran_driver_fastran_driver', 'eventtype': 'IPS_CALL_END', 'ok': True, 'walltime': '1051.62', 'time': '2026-05-06|17:38:36PDT', 'trace': {'timestamp': 1778114013493054, 'duration': 302939648, 'localEndpoint': {'serviceName': 'fastran_FPP_000001@toric@6'}, 'name': 'step(2)', 'id': 'a8e9901f5f2073b5', 'parentId': 'f899e3e5886669ce', 'tags': {}}, 'state': 'Running', 'comment': 'Target = fastran_FPP_000001@toric@6:step(2)'}})
2026-05-06 17:38:36,444 fastran_driver_fastran_driver_2 DEBUG    _get_service_response(REQUEST|fastran_FPP_000001@fastran_driver@2|FRAMEWORK@Framework@0|150)
2026-05-06 17:38:36,454 fastran_driver_fastran_driver_2 DEBUG    _get_service_response(REQUEST|fastran_FPP_000001@fastran_driver@2|FRAMEWORK@Framework@0|150), response = ServiceResponseMessage(sender_id=FRAMEWORK@Framework@0, receiver_id=fastran_FPP_000001@fastran_driver@2, request_msg_id=REQUEST|fastran_FPP_000001@fastran_driver@2|FRAMEWORK@Framework@0|150,status=0, args=(None,), message_id=RESPONSE|FRAMEWORK@Framework@0|fastran_FPP_000001@fastran_driver@2|2383)
2026-05-06 17:38:36,455 fastran_driver_fastran_driver_2 DEBUG    _invoke_service(): getTopic  ('_IPS_MONITOR',)
2026-05-06 17:38:36,455 fastran_driver_fastran_driver_2 DEBUG    _get_service_response(REQUEST|fastran_FPP_000001@fastran_driver@2|FRAMEWORK@Framework@0|151)
2026-05-06 17:38:36,465 fastran_driver_fastran_driver_2 DEBUG    _get_service_response(REQUEST|fastran_FPP_000001@fastran_driver@2|FRAMEWORK@Framework@0|151), response = ServiceResponseMessage(sender_id=FRAMEWORK@Framework@0, receiver_id=fastran_FPP_000001@fastran_driver@2, request_msg_id=REQUEST|fastran_FPP_000001@fastran_driver@2|FRAMEWORK@Framework@0|151,status=0, args=(<ipsframework.cca_es_spec.Topic object at 0x7f54f88d1f10>,), message_id=RESPONSE|FRAMEWORK@Framework@0|fastran_FPP_000001@fastran_driver@2|2384)
2026-05-06 17:38:36,466 fastran_driver_fastran_driver_2 DEBUG    _invoke_service(): sendEvent  ('_IPS_MONITOR', 'PORTAL_EVENT', {'sim_name': 'fastran_FPP_000001', 'real_sim_name': 'fastran_FPP_000001', 'portal_data': {'code': 'fastran_driver_fastran_driver', 'eventtype': 'IPS_CALL_BEGIN', 'ok': True, 'walltime': '1051.64', 'time': '2026-05-06|17:38:36PDT', 'state': 'Running', 'comment': 'Target = fastran_FPP_000001@efit@7:step(2)'}})
2026-05-06 17:38:36,466 fastran_driver_fastran_driver_2 DEBUG    _get_service_response(REQUEST|fastran_FPP_000001@fastran_driver@2|FRAMEWORK@Framework@0|152)
2026-05-06 17:38:36,476 fastran_driver_fastran_driver_2 DEBUG    _get_service_response(REQUEST|fastran_FPP_000001@fastran_driver@2|FRAMEWORK@Framework@0|152), response = ServiceResponseMessage(sender_id=FRAMEWORK@Framework@0, receiver_id=fastran_FPP_000001@fastran_driver@2, request_msg_id=REQUEST|fastran_FPP_000001@fastran_driver@2|FRAMEWORK@Framework@0|152,status=0, args=(None,), message_id=RESPONSE|FRAMEWORK@Framework@0|fastran_FPP_000001@fastran_driver@2|2385)
2026-05-06 17:38:36,476 fastran_driver_fastran_driver_2 DEBUG    _invoke_service(): init_call  ('step', 2)
2026-05-06 17:38:36,476 fastran_driver_fastran_driver_2 DEBUG    _get_service_response(REQUEST|fastran_FPP_000001@fastran_driver@2|FRAMEWORK@Framework@0|153)
2026-05-06 17:38:36,477 fastran_eq_efit_7 DEBUG    Received Message 
2026-05-06 17:38:36,477 fastran_eq_efit_7 DEBUG    Calling method step(2)
2026-05-06 17:38:36,477 fastran_eq_efit_7 DEBUG    _invoke_service(): stage_state  (['s000001.00001', 'g000001.00001', 'i000001.00001'], '/pscratch/sd/h/hswils/github_repos/MANTA_DBSCANS/TORIC+RAD+TGLF_lowerKr/SCAN/work/plasma_state', '/pscratch/sd/h/hswils/github_repos/MANTA_DBSCANS/TORIC+RAD+TGLF_lowerKr/SCAN/work/fastran_eq_efit_7')
2026-05-06 17:38:36,477 fastran_eq_efit_7 DEBUG    _get_service_response(REQUEST|fastran_FPP_000001@efit@7|FRAMEWORK@Framework@0|16)
2026-05-06 17:38:36,487 fastran_driver_fastran_driver_2 DEBUG    _get_service_response(REQUEST|fastran_FPP_000001@fastran_driver@2|FRAMEWORK@Framework@0|153), response = ServiceResponseMessage(sender_id=FRAMEWORK@Framework@0, receiver_id=fastran_FPP_000001@fastran_driver@2, request_msg_id=REQUEST|fastran_FPP_000001@fastran_driver@2|FRAMEWORK@Framework@0|153,status=0, args=(29,), message_id=RESPONSE|FRAMEWORK@Framework@0|fastran_FPP_000001@fastran_driver@2|2386)
2026-05-06 17:38:36,487 fastran_driver_fastran_driver_2 DEBUG    _invoke_service(): wait_call  (29, True)
2026-05-06 17:38:36,487 fastran_driver_fastran_driver_2 DEBUG    _get_service_response(REQUEST|fastran_FPP_000001@fastran_driver@2|FRAMEWORK@Framework@0|154)
2026-05-06 17:38:36,500 fastran_eq_efit_7 DEBUG    _get_service_response(REQUEST|fastran_FPP_000001@efit@7|FRAMEWORK@Framework@0|16), response = ServiceResponseMessage(sender_id=FRAMEWORK@Framework@0, receiver_id=fastran_FPP_000001@efit@7, request_msg_id=REQUEST|fastran_FPP_000001@efit@7|FRAMEWORK@Framework@0|16,status=0, args=(0,), message_id=RESPONSE|FRAMEWORK@Framework@0|fastran_FPP_000001@efit@7|2387)
2026-05-06 17:38:36,500 fastran_eq_efit_7 DEBUG    _invoke_service(): getTopic  ('_IPS_MONITOR',)
2026-05-06 17:38:36,500 fastran_eq_efit_7 DEBUG    _get_service_response(REQUEST|fastran_FPP_000001@efit@7|FRAMEWORK@Framework@0|17)
2026-05-06 17:38:36,511 fastran_eq_efit_7 DEBUG    _get_service_response(REQUEST|fastran_FPP_000001@efit@7|FRAMEWORK@Framework@0|17), response = ServiceResponseMessage(sender_id=FRAMEWORK@Framework@0, receiver_id=fastran_FPP_000001@efit@7, request_msg_id=REQUEST|fastran_FPP_000001@efit@7|FRAMEWORK@Framework@0|17,status=0, args=(<ipsframework.cca_es_spec.Topic object at 0x7f54f886dc10>,), message_id=RESPONSE|FRAMEWORK@Framework@0|fastran_FPP_000001@efit@7|2389)
2026-05-06 17:38:36,511 fastran_eq_efit_7 DEBUG    _invoke_service(): sendEvent  ('_IPS_MONITOR', 'PORTAL_EVENT', {'sim_name': 'fastran_FPP_000001', 'real_sim_name': 'fastran_FPP_000001', 'portal_data': {'code': 'fastran_eq_efit', 'eventtype': 'IPS_STAGE_STATE', 'ok': True, 'walltime': '1051.69', 'time': '2026-05-06|17:38:36PDT', 'trace': {'timestamp': 1778114316477778, 'duration': 22458, 'localEndpoint': {'serviceName': 'stage_state'}, 'name': "['s000001.00001', 'g000001.00001', 'i000001.00001']", 'id': '71885aecf25d7412', 'parentId': '75686f9034225e05', 'tags': {}}, 'state': 'Running', 'comment': 'Elapsed time = 0.022  files = s000001.00001 g000001.00001 i000001.00001 Success'}})
2026-05-06 17:38:36,511 fastran_eq_efit_7 DEBUG    _get_service_response(REQUEST|fastran_FPP_000001@efit@7|FRAMEWORK@Framework@0|18)
2026-05-06 17:38:36,521 fastran_eq_efit_7 DEBUG    _get_service_response(REQUEST|fastran_FPP_000001@efit@7|FRAMEWORK@Framework@0|18), response = ServiceResponseMessage(sender_id=FRAMEWORK@Framework@0, receiver_id=fastran_FPP_000001@efit@7, request_msg_id=REQUEST|fastran_FPP_000001@efit@7|FRAMEWORK@Framework@0|18,status=0, args=(None,), message_id=RESPONSE|FRAMEWORK@Framework@0|fastran_FPP_000001@efit@7|2390)
2026-05-06 17:38:39,304 fastran_eq_efit_7 DEBUG    _invoke_service(): update_state  (['s000001.00001', 'g000001.00001', 'i000001.00001'], '/pscratch/sd/h/hswils/github_repos/MANTA_DBSCANS/TORIC+RAD+TGLF_lowerKr/SCAN/work/fastran_eq_efit_7', '/pscratch/sd/h/hswils/github_repos/MANTA_DBSCANS/TORIC+RAD+TGLF_lowerKr/SCAN/work/plasma_state')
2026-05-06 17:38:39,305 fastran_eq_efit_7 DEBUG    _get_service_response(REQUEST|fastran_FPP_000001@efit@7|FRAMEWORK@Framework@0|19)
2026-05-06 17:38:39,327 fastran_eq_efit_7 DEBUG    _get_service_response(REQUEST|fastran_FPP_000001@efit@7|FRAMEWORK@Framework@0|19), response = ServiceResponseMessage(sender_id=FRAMEWORK@Framework@0, receiver_id=fastran_FPP_000001@efit@7, request_msg_id=REQUEST|fastran_FPP_000001@efit@7|FRAMEWORK@Framework@0|19,status=0, args=(0,), message_id=RESPONSE|FRAMEWORK@Framework@0|fastran_FPP_000001@efit@7|2396)
2026-05-06 17:38:39,328 fastran_eq_efit_7 DEBUG    _invoke_service(): getTopic  ('_IPS_MONITOR',)
2026-05-06 17:38:39,328 fastran_eq_efit_7 DEBUG    _get_service_response(REQUEST|fastran_FPP_000001@efit@7|FRAMEWORK@Framework@0|20)
2026-05-06 17:38:39,338 fastran_eq_efit_7 DEBUG    _get_service_response(REQUEST|fastran_FPP_000001@efit@7|FRAMEWORK@Framework@0|20), response = ServiceResponseMessage(sender_id=FRAMEWORK@Framework@0, receiver_id=fastran_FPP_000001@efit@7, request_msg_id=REQUEST|fastran_FPP_000001@efit@7|FRAMEWORK@Framework@0|20,status=0, args=(<ipsframework.cca_es_spec.Topic object at 0x7f54f881e070>,), message_id=RESPONSE|FRAMEWORK@Framework@0|fastran_FPP_000001@efit@7|2397)
2026-05-06 17:38:39,338 fastran_eq_efit_7 DEBUG    _invoke_service(): sendEvent  ('_IPS_MONITOR', 'PORTAL_EVENT', {'sim_name': 'fastran_FPP_000001', 'real_sim_name': 'fastran_FPP_000001', 'portal_data': {'code': 'fastran_eq_efit', 'eventtype': 'IPS_UPDATE_STATE', 'ok': True, 'walltime': '1054.52', 'time': '2026-05-06|17:38:39PDT', 'trace': {'timestamp': 1778114319304581, 'duration': 23191, 'localEndpoint': {'serviceName': 'update_state'}, 'name': "['s000001.00001', 'g000001.00001', 'i000001.00001']", 'id': '7629e189a66153c0', 'parentId': '75686f9034225e05', 'tags': {}}, 'state': 'Running', 'comment': 'Elapsed time = 0.023   files = s000001.00001 g000001.00001 i000001.00001 Success'}})
2026-05-06 17:38:39,339 fastran_eq_efit_7 DEBUG    _get_service_response(REQUEST|fastran_FPP_000001@efit@7|FRAMEWORK@Framework@0|21)
2026-05-06 17:38:39,349 fastran_eq_efit_7 DEBUG    _get_service_response(REQUEST|fastran_FPP_000001@efit@7|FRAMEWORK@Framework@0|21), response = ServiceResponseMessage(sender_id=FRAMEWORK@Framework@0, receiver_id=fastran_FPP_000001@efit@7, request_msg_id=REQUEST|fastran_FPP_000001@efit@7|FRAMEWORK@Framework@0|21,status=0, args=(None,), message_id=RESPONSE|FRAMEWORK@Framework@0|fastran_FPP_000001@efit@7|2398)
2026-05-06 17:38:39,375 fastran_eq_efit_7 DEBUG    _invoke_service(): getTopic  ('_IPS_MONITOR',)
2026-05-06 17:38:39,375 fastran_eq_efit_7 DEBUG    _get_service_response(REQUEST|fastran_FPP_000001@efit@7|FRAMEWORK@Framework@0|22)
2026-05-06 17:38:39,386 fastran_eq_efit_7 DEBUG    _get_service_response(REQUEST|fastran_FPP_000001@efit@7|FRAMEWORK@Framework@0|22), response = ServiceResponseMessage(sender_id=FRAMEWORK@Framework@0, receiver_id=fastran_FPP_000001@efit@7, request_msg_id=REQUEST|fastran_FPP_000001@efit@7|FRAMEWORK@Framework@0|22,status=0, args=(<ipsframework.cca_es_spec.Topic object at 0x7f54f881e0d0>,), message_id=RESPONSE|FRAMEWORK@Framework@0|fastran_FPP_000001@efit@7|2399)
2026-05-06 17:38:39,386 fastran_eq_efit_7 DEBUG    _invoke_service(): sendEvent  ('_IPS_MONITOR', 'PORTAL_EVENT', {'sim_name': 'fastran_FPP_000001', 'real_sim_name': 'fastran_FPP_000001', 'portal_data': {'code': 'fastran_eq_efit', 'eventtype': 'IPS_STAGE_OUTPUTS', 'ok': True, 'walltime': '1054.56', 'time': '2026-05-06|17:38:39PDT', 'trace': {'timestamp': 1778114319349806, 'duration': 25757, 'localEndpoint': {'serviceName': 'stage_output_files'}, 'name': "['g*.*', 'a*.*', 'm*.*', 'k*.*', 'efit.log', 's*.*']", 'id': '80725d8eee5776f1', 'parentId': '75686f9034225e05', 'tags': {}}, 'state': 'Running', 'comment': "Elapsed time = 0.026 Path = /pscratch/sd/h/hswils/github_repos/MANTA_DBSCANS/TORIC+RAD+TGLF_lowerKr/SCAN/simulation_results/2/components/fastran_eq_efit_7 Files = ['g*.*', 'a*.*', 'm*.*', 'k*.*', 'efit.log', 's*.*']"}})
2026-05-06 17:38:39,386 fastran_eq_efit_7 DEBUG    _get_service_response(REQUEST|fastran_FPP_000001@efit@7|FRAMEWORK@Framework@0|23)
2026-05-06 17:38:39,397 fastran_eq_efit_7 DEBUG    _get_service_response(REQUEST|fastran_FPP_000001@efit@7|FRAMEWORK@Framework@0|23), response = ServiceResponseMessage(sender_id=FRAMEWORK@Framework@0, receiver_id=fastran_FPP_000001@efit@7, request_msg_id=REQUEST|fastran_FPP_000001@efit@7|FRAMEWORK@Framework@0|23,status=0, args=(None,), message_id=RESPONSE|FRAMEWORK@Framework@0|fastran_FPP_000001@efit@7|2400)
2026-05-06 17:38:39,409 fastran_driver_fastran_driver_2 DEBUG    _get_service_response(REQUEST|fastran_FPP_000001@fastran_driver@2|FRAMEWORK@Framework@0|154), response = ServiceResponseMessage(sender_id=FRAMEWORK@Framework@0, receiver_id=fastran_FPP_000001@fastran_driver@2, request_msg_id=REQUEST|fastran_FPP_000001@fastran_driver@2|FRAMEWORK@Framework@0|154,status=0, args=((None,),), message_id=RESPONSE|FRAMEWORK@Framework@0|fastran_FPP_000001@fastran_driver@2|2401)
2026-05-06 17:38:39,409 fastran_driver_fastran_driver_2 DEBUG    _invoke_service(): getTopic  ('_IPS_MONITOR',)
2026-05-06 17:38:39,409 fastran_driver_fastran_driver_2 DEBUG    _get_service_response(REQUEST|fastran_FPP_000001@fastran_driver@2|FRAMEWORK@Framework@0|155)
2026-05-06 17:38:39,420 fastran_driver_fastran_driver_2 DEBUG    _get_service_response(REQUEST|fastran_FPP_000001@fastran_driver@2|FRAMEWORK@Framework@0|155), response = ServiceResponseMessage(sender_id=FRAMEWORK@Framework@0, receiver_id=fastran_FPP_000001@fastran_driver@2, request_msg_id=REQUEST|fastran_FPP_000001@fastran_driver@2|FRAMEWORK@Framework@0|155,status=0, args=(<ipsframework.cca_es_spec.Topic object at 0x7f54f88d1e50>,), message_id=RESPONSE|FRAMEWORK@Framework@0|fastran_FPP_000001@fastran_driver@2|2402)
2026-05-06 17:38:39,420 fastran_driver_fastran_driver_2 DEBUG    _invoke_service(): sendEvent  ('_IPS_MONITOR', 'PORTAL_EVENT', {'sim_name': 'fastran_FPP_000001', 'real_sim_name': 'fastran_FPP_000001', 'portal_data': {'code': 'fastran_driver_fastran_driver', 'eventtype': 'IPS_CALL_END', 'ok': True, 'walltime': '1054.60', 'time': '2026-05-06|17:38:39PDT', 'trace': {'timestamp': 1778114316487466, 'duration': 2921868, 'localEndpoint': {'serviceName': 'fastran_FPP_000001@efit@7'}, 'name': 'step(2)', 'id': '75686f9034225e05', 'parentId': 'f899e3e5886669ce', 'tags': {}}, 'state': 'Running', 'comment': 'Target = fastran_FPP_000001@efit@7:step(2)'}})
2026-05-06 17:38:39,420 fastran_driver_fastran_driver_2 DEBUG    _get_service_response(REQUEST|fastran_FPP_000001@fastran_driver@2|FRAMEWORK@Framework@0|156)
2026-05-06 17:38:39,430 fastran_driver_fastran_driver_2 DEBUG    _get_service_response(REQUEST|fastran_FPP_000001@fastran_driver@2|FRAMEWORK@Framework@0|156), response = ServiceResponseMessage(sender_id=FRAMEWORK@Framework@0, receiver_id=fastran_FPP_000001@fastran_driver@2, request_msg_id=REQUEST|fastran_FPP_000001@fastran_driver@2|FRAMEWORK@Framework@0|156,status=0, args=(None,), message_id=RESPONSE|FRAMEWORK@Framework@0|fastran_FPP_000001@fastran_driver@2|2403)
2026-05-06 17:38:39,431 fastran_driver_fastran_driver_2 DEBUG    _invoke_service(): getTopic  ('_IPS_MONITOR',)
2026-05-06 17:38:39,431 fastran_driver_fastran_driver_2 DEBUG    _get_service_response(REQUEST|fastran_FPP_000001@fastran_driver@2|FRAMEWORK@Framework@0|157)
2026-05-06 17:38:39,441 fastran_driver_fastran_driver_2 DEBUG    _get_service_response(REQUEST|fastran_FPP_000001@fastran_driver@2|FRAMEWORK@Framework@0|157), response = ServiceResponseMessage(sender_id=FRAMEWORK@Framework@0, receiver_id=fastran_FPP_000001@fastran_driver@2, request_msg_id=REQUEST|fastran_FPP_000001@fastran_driver@2|FRAMEWORK@Framework@0|157,status=0, args=(<ipsframework.cca_es_spec.Topic object at 0x7f54f88d1ee0>,), message_id=RESPONSE|FRAMEWORK@Framework@0|fastran_FPP_000001@fastran_driver@2|2404)
2026-05-06 17:38:39,441 fastran_driver_fastran_driver_2 DEBUG    _invoke_service(): sendEvent  ('_IPS_MONITOR', 'PORTAL_EVENT', {'sim_name': 'fastran_FPP_000001', 'real_sim_name': 'fastran_FPP_000001', 'portal_data': {'code': 'fastran_driver_fastran_driver', 'eventtype': 'IPS_CALL_BEGIN', 'ok': True, 'walltime': '1054.62', 'time': '2026-05-06|17:38:39PDT', 'state': 'Running', 'comment': 'Target = fastran_FPP_000001@fastran@8:step(2)'}})
2026-05-06 17:38:39,441 fastran_driver_fastran_driver_2 DEBUG    _get_service_response(REQUEST|fastran_FPP_000001@fastran_driver@2|FRAMEWORK@Framework@0|158)
2026-05-06 17:38:39,452 fastran_driver_fastran_driver_2 DEBUG    _get_service_response(REQUEST|fastran_FPP_000001@fastran_driver@2|FRAMEWORK@Framework@0|158), response = ServiceResponseMessage(sender_id=FRAMEWORK@Framework@0, receiver_id=fastran_FPP_000001@fastran_driver@2, request_msg_id=REQUEST|fastran_FPP_000001@fastran_driver@2|FRAMEWORK@Framework@0|158,status=0, args=(None,), message_id=RESPONSE|FRAMEWORK@Framework@0|fastran_FPP_000001@fastran_driver@2|2405)
2026-05-06 17:38:39,452 fastran_driver_fastran_driver_2 DEBUG    _invoke_service(): init_call  ('step', 2)
2026-05-06 17:38:39,452 fastran_driver_fastran_driver_2 DEBUG    _get_service_response(REQUEST|fastran_FPP_000001@fastran_driver@2|FRAMEWORK@Framework@0|159)
2026-05-06 17:38:39,453 fastran_tr_fastran_8 DEBUG    Received Message 
2026-05-06 17:38:39,453 fastran_tr_fastran_8 DEBUG    Calling method step(2)
2026-05-06 17:38:39,453 fastran_tr_fastran_8 DEBUG    _invoke_service(): stage_state  (['s000001.00001', 'g000001.00001', 'i000001.00001'], '/pscratch/sd/h/hswils/github_repos/MANTA_DBSCANS/TORIC+RAD+TGLF_lowerKr/SCAN/work/plasma_state', '/pscratch/sd/h/hswils/github_repos/MANTA_DBSCANS/TORIC+RAD+TGLF_lowerKr/SCAN/work/fastran_tr_fastran_8')
2026-05-06 17:38:39,453 fastran_tr_fastran_8 DEBUG    _get_service_response(REQUEST|fastran_FPP_000001@fastran@8|FRAMEWORK@Framework@0|32)
2026-05-06 17:38:39,463 fastran_driver_fastran_driver_2 DEBUG    _get_service_response(REQUEST|fastran_FPP_000001@fastran_driver@2|FRAMEWORK@Framework@0|159), response = ServiceResponseMessage(sender_id=FRAMEWORK@Framework@0, receiver_id=fastran_FPP_000001@fastran_driver@2, request_msg_id=REQUEST|fastran_FPP_000001@fastran_driver@2|FRAMEWORK@Framework@0|159,status=0, args=(30,), message_id=RESPONSE|FRAMEWORK@Framework@0|fastran_FPP_000001@fastran_driver@2|2406)
2026-05-06 17:38:39,463 fastran_driver_fastran_driver_2 DEBUG    _invoke_service(): wait_call  (30, True)
2026-05-06 17:38:39,463 fastran_driver_fastran_driver_2 DEBUG    _get_service_response(REQUEST|fastran_FPP_000001@fastran_driver@2|FRAMEWORK@Framework@0|160)
2026-05-06 17:38:39,474 fastran_tr_fastran_8 DEBUG    _get_service_response(REQUEST|fastran_FPP_000001@fastran@8|FRAMEWORK@Framework@0|32), response = ServiceResponseMessage(sender_id=FRAMEWORK@Framework@0, receiver_id=fastran_FPP_000001@fastran@8, request_msg_id=REQUEST|fastran_FPP_000001@fastran@8|FRAMEWORK@Framework@0|32,status=0, args=(0,), message_id=RESPONSE|FRAMEWORK@Framework@0|fastran_FPP_000001@fastran@8|2407)
2026-05-06 17:38:39,474 fastran_tr_fastran_8 DEBUG    _invoke_service(): getTopic  ('_IPS_MONITOR',)
2026-05-06 17:38:39,474 fastran_tr_fastran_8 DEBUG    _get_service_response(REQUEST|fastran_FPP_000001@fastran@8|FRAMEWORK@Framework@0|33)
2026-05-06 17:38:39,485 fastran_tr_fastran_8 DEBUG    _get_service_response(REQUEST|fastran_FPP_000001@fastran@8|FRAMEWORK@Framework@0|33), response = ServiceResponseMessage(sender_id=FRAMEWORK@Framework@0, receiver_id=fastran_FPP_000001@fastran@8, request_msg_id=REQUEST|fastran_FPP_000001@fastran@8|FRAMEWORK@Framework@0|33,status=0, args=(<ipsframework.cca_es_spec.Topic object at 0x7f54f87f46d0>,), message_id=RESPONSE|FRAMEWORK@Framework@0|fastran_FPP_000001@fastran@8|2408)
2026-05-06 17:38:39,485 fastran_tr_fastran_8 DEBUG    _invoke_service(): sendEvent  ('_IPS_MONITOR', 'PORTAL_EVENT', {'sim_name': 'fastran_FPP_000001', 'real_sim_name': 'fastran_FPP_000001', 'portal_data': {'code': 'fastran_tr_fastran', 'eventtype': 'IPS_STAGE_STATE', 'ok': True, 'walltime': '1054.66', 'time': '2026-05-06|17:38:39PDT', 'trace': {'timestamp': 1778114319453628, 'duration': 21100, 'localEndpoint': {'serviceName': 'stage_state'}, 'name': "['s000001.00001', 'g000001.00001', 'i000001.00001']", 'id': '71885aecf25d7412', 'parentId': '37654f3c7b48c26a', 'tags': {}}, 'state': 'Running', 'comment': 'Elapsed time = 0.021  files = s000001.00001 g000001.00001 i000001.00001 Success'}})
2026-05-06 17:38:39,485 fastran_tr_fastran_8 DEBUG    _get_service_response(REQUEST|fastran_FPP_000001@fastran@8|FRAMEWORK@Framework@0|34)
2026-05-06 17:38:39,496 fastran_tr_fastran_8 DEBUG    _get_service_response(REQUEST|fastran_FPP_000001@fastran@8|FRAMEWORK@Framework@0|34), response = ServiceResponseMessage(sender_id=FRAMEWORK@Framework@0, receiver_id=fastran_FPP_000001@fastran@8, request_msg_id=REQUEST|fastran_FPP_000001@fastran@8|FRAMEWORK@Framework@0|34,status=0, args=(None,), message_id=RESPONSE|FRAMEWORK@Framework@0|fastran_FPP_000001@fastran@8|2409)
2026-05-06 17:38:39,503 fastran_tr_fastran_8 DEBUG    _invoke_service(): getTopic  ('_IPS_MONITOR',)
2026-05-06 17:38:39,503 fastran_tr_fastran_8 DEBUG    _get_service_response(REQUEST|fastran_FPP_000001@fastran@8|FRAMEWORK@Framework@0|35)
2026-05-06 17:38:39,514 fastran_tr_fastran_8 DEBUG    _get_service_response(REQUEST|fastran_FPP_000001@fastran@8|FRAMEWORK@Framework@0|35), response = ServiceResponseMessage(sender_id=FRAMEWORK@Framework@0, receiver_id=fastran_FPP_000001@fastran@8, request_msg_id=REQUEST|fastran_FPP_000001@fastran@8|FRAMEWORK@Framework@0|35,status=0, args=(<ipsframework.cca_es_spec.Topic object at 0x7f54f87f45b0>,), message_id=RESPONSE|FRAMEWORK@Framework@0|fastran_FPP_000001@fastran@8|2410)
2026-05-06 17:38:39,514 fastran_tr_fastran_8 DEBUG    _invoke_service(): sendEvent  ('_IPS_MONITOR', 'PORTAL_EVENT', {'sim_name': 'fastran_FPP_000001', 'real_sim_name': 'fastran_FPP_000001', 'portal_data': {'code': 'fastran_tr_fastran', 'eventtype': 'IPS_STAGE_INPUTS', 'ok': True, 'walltime': '1054.69', 'time': '2026-05-06|17:38:39PDT', 'trace': {'timestamp': 1778114319496404, 'duration': 7244, 'localEndpoint': {'serviceName': 'stage_input_files'}, 'name': 'infastran intglf', 'id': '5ff6e2efe4653e6c', 'parentId': '37654f3c7b48c26a', 'tags': {}}, 'state': 'Running', 'comment': 'Elapsed time = 0.007 Path = /pscratch/sd/h/hswils/github_repos/MANTA_DBSCANS/TORIC+RAD+TGLF_lowerKr/input Files = infastran intglf'}})
2026-05-06 17:38:39,514 fastran_tr_fastran_8 DEBUG    _get_service_response(REQUEST|fastran_FPP_000001@fastran@8|FRAMEWORK@Framework@0|36)
2026-05-06 17:38:39,524 fastran_tr_fastran_8 DEBUG    _get_service_response(REQUEST|fastran_FPP_000001@fastran@8|FRAMEWORK@Framework@0|36), response = ServiceResponseMessage(sender_id=FRAMEWORK@Framework@0, receiver_id=fastran_FPP_000001@fastran@8, request_msg_id=REQUEST|fastran_FPP_000001@fastran@8|FRAMEWORK@Framework@0|36,status=0, args=(None,), message_id=RESPONSE|FRAMEWORK@Framework@0|fastran_FPP_000001@fastran@8|2411)
2026-05-06 17:38:39,862 fastran_tr_fastran_8 DEBUG    _invoke_service(): init_task  (TaskInit(nproc=126, binary='/global/common/software/atom/perlmutter/binaries/fastran/default/xfastran_ver1.07', working_dir='/pscratch/sd/h/hswils/github_repos/MANTA_DBSCANS/TORIC+RAD+TGLF_lowerKr/SCAN/work/fastran_tr_fastran_8', tppn=0, tcpp=0, tgpp=0, block=True, omp=False, wnodes=True, wsocks=True, cmd_args=('6', '21')),)
2026-05-06 17:38:39,863 fastran_tr_fastran_8 DEBUG    _get_service_response(REQUEST|fastran_FPP_000001@fastran@8|FRAMEWORK@Framework@0|37)
2026-05-06 17:38:39,875 fastran_tr_fastran_8 DEBUG    _get_service_response(REQUEST|fastran_FPP_000001@fastran@8|FRAMEWORK@Framework@0|37), response = ServiceResponseMessage(sender_id=FRAMEWORK@Framework@0, receiver_id=fastran_FPP_000001@fastran@8, request_msg_id=REQUEST|fastran_FPP_000001@fastran@8|FRAMEWORK@Framework@0|37,status=0, args=((7, 'srun -N 1 -n 126 -c 1 --threads-per-core=1 --cpu-bind=cores /global/common/software/atom/perlmutter/binaries/fastran/default/xfastran_ver1.07 6 21', None, 128),), message_id=RESPONSE|FRAMEWORK@Framework@0|fastran_FPP_000001@fastran@8|2413)
2026-05-06 17:38:39,876 fastran_tr_fastran_8 DEBUG    Launching command : srun -N 1 -n 126 -c 1 --threads-per-core=1 --cpu-bind=cores /global/common/software/atom/perlmutter/binaries/fastran/default/xfastran_ver1.07 6 21
2026-05-06 17:38:39,925 fastran_tr_fastran_8 DEBUG    _invoke_service(): getTopic  ('_IPS_MONITOR',)
2026-05-06 17:38:39,925 fastran_tr_fastran_8 DEBUG    _get_service_response(REQUEST|fastran_FPP_000001@fastran@8|FRAMEWORK@Framework@0|38)
2026-05-06 17:38:39,936 fastran_tr_fastran_8 DEBUG    _get_service_response(REQUEST|fastran_FPP_000001@fastran@8|FRAMEWORK@Framework@0|38), response = ServiceResponseMessage(sender_id=FRAMEWORK@Framework@0, receiver_id=fastran_FPP_000001@fastran@8, request_msg_id=REQUEST|fastran_FPP_000001@fastran@8|FRAMEWORK@Framework@0|38,status=0, args=(<ipsframework.cca_es_spec.Topic object at 0x7f54f87f4970>,), message_id=RESPONSE|FRAMEWORK@Framework@0|fastran_FPP_000001@fastran@8|2414)
2026-05-06 17:38:39,936 fastran_tr_fastran_8 DEBUG    _invoke_service(): sendEvent  ('_IPS_MONITOR', 'PORTAL_EVENT', {'sim_name': 'fastran_FPP_000001', 'real_sim_name': 'fastran_FPP_000001', 'portal_data': {'code': 'fastran_tr_fastran', 'eventtype': 'IPS_LAUNCH_TASK', 'ok': True, 'walltime': '1055.11', 'time': '2026-05-06|17:38:39PDT', 'state': 'Running', 'comment': 'task_id = 7 , Tag = None , nproc = 126 , Target = srun -N 1 -n 126 -c 1 --threads-per-core=1 --cpu-bind=cores /global/common/software/atom/perlmutter/binaries/fastran/default/xfastran_ver1.07 6 21'}})
2026-05-06 17:38:39,936 fastran_tr_fastran_8 DEBUG    _get_service_response(REQUEST|fastran_FPP_000001@fastran@8|FRAMEWORK@Framework@0|39)
2026-05-06 17:38:39,947 fastran_tr_fastran_8 DEBUG    _get_service_response(REQUEST|fastran_FPP_000001@fastran@8|FRAMEWORK@Framework@0|39), response = ServiceResponseMessage(sender_id=FRAMEWORK@Framework@0, receiver_id=fastran_FPP_000001@fastran@8, request_msg_id=REQUEST|fastran_FPP_000001@fastran@8|FRAMEWORK@Framework@0|39,status=0, args=(None,), message_id=RESPONSE|FRAMEWORK@Framework@0|fastran_FPP_000001@fastran@8|2415)
2026-05-06 17:39:34,722 fastran_tr_fastran_8 DEBUG    _invoke_service(): getTopic  ('_IPS_MONITOR',)
2026-05-06 17:39:34,722 fastran_tr_fastran_8 DEBUG    _get_service_response(REQUEST|fastran_FPP_000001@fastran@8|FRAMEWORK@Framework@0|40)
2026-05-06 17:39:34,733 fastran_tr_fastran_8 DEBUG    _get_service_response(REQUEST|fastran_FPP_000001@fastran@8|FRAMEWORK@Framework@0|40), response = ServiceResponseMessage(sender_id=FRAMEWORK@Framework@0, receiver_id=fastran_FPP_000001@fastran@8, request_msg_id=REQUEST|fastran_FPP_000001@fastran@8|FRAMEWORK@Framework@0|40,status=0, args=(<ipsframework.cca_es_spec.Topic object at 0x7f54f87f4520>,), message_id=RESPONSE|FRAMEWORK@Framework@0|fastran_FPP_000001@fastran@8|2523)
2026-05-06 17:39:34,733 fastran_tr_fastran_8 DEBUG    _invoke_service(): sendEvent  ('_IPS_MONITOR', 'PORTAL_EVENT', {'sim_name': 'fastran_FPP_000001', 'real_sim_name': 'fastran_FPP_000001', 'portal_data': {'code': 'fastran_tr_fastran', 'eventtype': 'IPS_TASK_END', 'ok': True, 'walltime': '1109.91', 'time': '2026-05-06|17:39:34PDT', 'trace': {'timestamp': 1778114319924395, 'duration': 54798086, 'localEndpoint': {'serviceName': '/global/common/software/atom/perlmutter/binaries/fastran/default/xfastran_ver1.07'}, 'name': '6 21', 'id': 'e0a63e6dc6c299b0', 'parentId': '37654f3c7b48c26a', 'tags': {'procs_requested': '126', 'cores_allocated': '128'}}, 'state': 'Running', 'comment': 'task_id = 7  elapsed time = 54.80 S'}})
2026-05-06 17:39:34,733 fastran_tr_fastran_8 DEBUG    _get_service_response(REQUEST|fastran_FPP_000001@fastran@8|FRAMEWORK@Framework@0|41)
2026-05-06 17:39:34,744 fastran_tr_fastran_8 DEBUG    _get_service_response(REQUEST|fastran_FPP_000001@fastran@8|FRAMEWORK@Framework@0|41), response = ServiceResponseMessage(sender_id=FRAMEWORK@Framework@0, receiver_id=fastran_FPP_000001@fastran@8, request_msg_id=REQUEST|fastran_FPP_000001@fastran@8|FRAMEWORK@Framework@0|41,status=0, args=(None,), message_id=RESPONSE|FRAMEWORK@Framework@0|fastran_FPP_000001@fastran@8|2524)
2026-05-06 17:39:34,744 fastran_tr_fastran_8 DEBUG    _invoke_service(): finish_task  (7, 0)
2026-05-06 17:39:34,744 fastran_tr_fastran_8 DEBUG    _get_service_response(REQUEST|fastran_FPP_000001@fastran@8|FRAMEWORK@Framework@0|42)
2026-05-06 17:39:34,755 fastran_tr_fastran_8 DEBUG    _get_service_response(REQUEST|fastran_FPP_000001@fastran@8|FRAMEWORK@Framework@0|42), response = ServiceResponseMessage(sender_id=FRAMEWORK@Framework@0, receiver_id=fastran_FPP_000001@fastran@8, request_msg_id=REQUEST|fastran_FPP_000001@fastran@8|FRAMEWORK@Framework@0|42,status=0, args=(0,), message_id=RESPONSE|FRAMEWORK@Framework@0|fastran_FPP_000001@fastran@8|2525)
2026-05-06 17:39:35,082 fastran_tr_fastran_8 DEBUG    _invoke_service(): update_state  (['s000001.00001', 'g000001.00001', 'i000001.00001'], '/pscratch/sd/h/hswils/github_repos/MANTA_DBSCANS/TORIC+RAD+TGLF_lowerKr/SCAN/work/fastran_tr_fastran_8', '/pscratch/sd/h/hswils/github_repos/MANTA_DBSCANS/TORIC+RAD+TGLF_lowerKr/SCAN/work/plasma_state')
2026-05-06 17:39:35,082 fastran_tr_fastran_8 DEBUG    _get_service_response(REQUEST|fastran_FPP_000001@fastran@8|FRAMEWORK@Framework@0|43)
2026-05-06 17:39:35,101 fastran_tr_fastran_8 DEBUG    _get_service_response(REQUEST|fastran_FPP_000001@fastran@8|FRAMEWORK@Framework@0|43), response = ServiceResponseMessage(sender_id=FRAMEWORK@Framework@0, receiver_id=fastran_FPP_000001@fastran@8, request_msg_id=REQUEST|fastran_FPP_000001@fastran@8|FRAMEWORK@Framework@0|43,status=0, args=(0,), message_id=RESPONSE|FRAMEWORK@Framework@0|fastran_FPP_000001@fastran@8|2527)
2026-05-06 17:39:35,101 fastran_tr_fastran_8 DEBUG    _invoke_service(): getTopic  ('_IPS_MONITOR',)
2026-05-06 17:39:35,101 fastran_tr_fastran_8 DEBUG    _get_service_response(REQUEST|fastran_FPP_000001@fastran@8|FRAMEWORK@Framework@0|44)
2026-05-06 17:39:35,112 fastran_tr_fastran_8 DEBUG    _get_service_response(REQUEST|fastran_FPP_000001@fastran@8|FRAMEWORK@Framework@0|44), response = ServiceResponseMessage(sender_id=FRAMEWORK@Framework@0, receiver_id=fastran_FPP_000001@fastran@8, request_msg_id=REQUEST|fastran_FPP_000001@fastran@8|FRAMEWORK@Framework@0|44,status=0, args=(<ipsframework.cca_es_spec.Topic object at 0x7f54f87f4700>,), message_id=RESPONSE|FRAMEWORK@Framework@0|fastran_FPP_000001@fastran@8|2528)
2026-05-06 17:39:35,112 fastran_tr_fastran_8 DEBUG    _invoke_service(): sendEvent  ('_IPS_MONITOR', 'PORTAL_EVENT', {'sim_name': 'fastran_FPP_000001', 'real_sim_name': 'fastran_FPP_000001', 'portal_data': {'code': 'fastran_tr_fastran', 'eventtype': 'IPS_UPDATE_STATE', 'ok': True, 'walltime': '1110.29', 'time': '2026-05-06|17:39:35PDT', 'trace': {'timestamp': 1778114375081901, 'duration': 19801, 'localEndpoint': {'serviceName': 'update_state'}, 'name': "['s000001.00001', 'g000001.00001', 'i000001.00001']", 'id': '7629e189a66153c0', 'parentId': '37654f3c7b48c26a', 'tags': {}}, 'state': 'Running', 'comment': 'Elapsed time = 0.020   files = s000001.00001 g000001.00001 i000001.00001 Success'}})
2026-05-06 17:39:35,112 fastran_tr_fastran_8 DEBUG    _get_service_response(REQUEST|fastran_FPP_000001@fastran@8|FRAMEWORK@Framework@0|45)
2026-05-06 17:39:35,122 fastran_tr_fastran_8 DEBUG    _get_service_response(REQUEST|fastran_FPP_000001@fastran@8|FRAMEWORK@Framework@0|45), response = ServiceResponseMessage(sender_id=FRAMEWORK@Framework@0, receiver_id=fastran_FPP_000001@fastran@8, request_msg_id=REQUEST|fastran_FPP_000001@fastran@8|FRAMEWORK@Framework@0|45,status=0, args=(None,), message_id=RESPONSE|FRAMEWORK@Framework@0|fastran_FPP_000001@fastran@8|2529)
2026-05-06 17:39:35,143 fastran_tr_fastran_8 DEBUG    _invoke_service(): getTopic  ('_IPS_MONITOR',)
2026-05-06 17:39:35,143 fastran_tr_fastran_8 DEBUG    _get_service_response(REQUEST|fastran_FPP_000001@fastran@8|FRAMEWORK@Framework@0|46)
2026-05-06 17:39:35,154 fastran_tr_fastran_8 DEBUG    _get_service_response(REQUEST|fastran_FPP_000001@fastran@8|FRAMEWORK@Framework@0|46), response = ServiceResponseMessage(sender_id=FRAMEWORK@Framework@0, receiver_id=fastran_FPP_000001@fastran@8, request_msg_id=REQUEST|fastran_FPP_000001@fastran@8|FRAMEWORK@Framework@0|46,status=0, args=(<ipsframework.cca_es_spec.Topic object at 0x7f54f87f4670>,), message_id=RESPONSE|FRAMEWORK@Framework@0|fastran_FPP_000001@fastran@8|2530)
2026-05-06 17:39:35,154 fastran_tr_fastran_8 DEBUG    _invoke_service(): sendEvent  ('_IPS_MONITOR', 'PORTAL_EVENT', {'sim_name': 'fastran_FPP_000001', 'real_sim_name': 'fastran_FPP_000001', 'portal_data': {'code': 'fastran_tr_fastran', 'eventtype': 'IPS_STAGE_OUTPUTS', 'ok': True, 'walltime': '1110.33', 'time': '2026-05-06|17:39:35PDT', 'trace': {'timestamp': 1778114375123055, 'duration': 20091, 'localEndpoint': {'serviceName': 'stage_output_files'}, 'name': "['fastran.nc', 'inprof', 'inmetric', 'infastran', 'intglf', 'xfastran.log', 'i000001.00001']", 'id': '7349cfaaafc33980', 'parentId': '37654f3c7b48c26a', 'tags': {}}, 'state': 'Running', 'comment': "Elapsed time = 0.020 Path = /pscratch/sd/h/hswils/github_repos/MANTA_DBSCANS/TORIC+RAD+TGLF_lowerKr/SCAN/simulation_results/2/components/fastran_tr_fastran_8 Files = ['fastran.nc', 'inprof', 'inmetric', 'infastran', 'intglf', 'xfastran.log', 'i000001.00001']"}})
2026-05-06 17:39:35,154 fastran_tr_fastran_8 DEBUG    _get_service_response(REQUEST|fastran_FPP_000001@fastran@8|FRAMEWORK@Framework@0|47)
2026-05-06 17:39:35,164 fastran_tr_fastran_8 DEBUG    _get_service_response(REQUEST|fastran_FPP_000001@fastran@8|FRAMEWORK@Framework@0|47), response = ServiceResponseMessage(sender_id=FRAMEWORK@Framework@0, receiver_id=fastran_FPP_000001@fastran@8, request_msg_id=REQUEST|fastran_FPP_000001@fastran@8|FRAMEWORK@Framework@0|47,status=0, args=(None,), message_id=RESPONSE|FRAMEWORK@Framework@0|fastran_FPP_000001@fastran@8|2531)
2026-05-06 17:39:35,175 fastran_driver_fastran_driver_2 DEBUG    _get_service_response(REQUEST|fastran_FPP_000001@fastran_driver@2|FRAMEWORK@Framework@0|160), response = ServiceResponseMessage(sender_id=FRAMEWORK@Framework@0, receiver_id=fastran_FPP_000001@fastran_driver@2, request_msg_id=REQUEST|fastran_FPP_000001@fastran_driver@2|FRAMEWORK@Framework@0|160,status=0, args=((None,),), message_id=RESPONSE|FRAMEWORK@Framework@0|fastran_FPP_000001@fastran_driver@2|2532)
2026-05-06 17:39:35,175 fastran_driver_fastran_driver_2 DEBUG    _invoke_service(): getTopic  ('_IPS_MONITOR',)
2026-05-06 17:39:35,175 fastran_driver_fastran_driver_2 DEBUG    _get_service_response(REQUEST|fastran_FPP_000001@fastran_driver@2|FRAMEWORK@Framework@0|161)
2026-05-06 17:39:35,186 fastran_driver_fastran_driver_2 DEBUG    _get_service_response(REQUEST|fastran_FPP_000001@fastran_driver@2|FRAMEWORK@Framework@0|161), response = ServiceResponseMessage(sender_id=FRAMEWORK@Framework@0, receiver_id=fastran_FPP_000001@fastran_driver@2, request_msg_id=REQUEST|fastran_FPP_000001@fastran_driver@2|FRAMEWORK@Framework@0|161,status=0, args=(<ipsframework.cca_es_spec.Topic object at 0x7f54f88d1eb0>,), message_id=RESPONSE|FRAMEWORK@Framework@0|fastran_FPP_000001@fastran_driver@2|2533)
2026-05-06 17:39:35,186 fastran_driver_fastran_driver_2 DEBUG    _invoke_service(): sendEvent  ('_IPS_MONITOR', 'PORTAL_EVENT', {'sim_name': 'fastran_FPP_000001', 'real_sim_name': 'fastran_FPP_000001', 'portal_data': {'code': 'fastran_driver_fastran_driver', 'eventtype': 'IPS_CALL_END', 'ok': True, 'walltime': '1110.36', 'time': '2026-05-06|17:39:35PDT', 'trace': {'timestamp': 1778114319463445, 'duration': 55712325, 'localEndpoint': {'serviceName': 'fastran_FPP_000001@fastran@8'}, 'name': 'step(2)', 'id': '37654f3c7b48c26a', 'parentId': 'f899e3e5886669ce', 'tags': {}}, 'state': 'Running', 'comment': 'Target = fastran_FPP_000001@fastran@8:step(2)'}})
2026-05-06 17:39:35,186 fastran_driver_fastran_driver_2 DEBUG    _get_service_response(REQUEST|fastran_FPP_000001@fastran_driver@2|FRAMEWORK@Framework@0|162)
2026-05-06 17:39:35,197 fastran_driver_fastran_driver_2 DEBUG    _get_service_response(REQUEST|fastran_FPP_000001@fastran_driver@2|FRAMEWORK@Framework@0|162), response = ServiceResponseMessage(sender_id=FRAMEWORK@Framework@0, receiver_id=fastran_FPP_000001@fastran_driver@2, request_msg_id=REQUEST|fastran_FPP_000001@fastran_driver@2|FRAMEWORK@Framework@0|162,status=0, args=(None,), message_id=RESPONSE|FRAMEWORK@Framework@0|fastran_FPP_000001@fastran_driver@2|2534)
2026-05-06 17:39:35,197 fastran_driver_fastran_driver_2 DEBUG    _invoke_service(): stage_state  (['s000001.00001', 'g000001.00001', 'i000001.00001'], '/pscratch/sd/h/hswils/github_repos/MANTA_DBSCANS/TORIC+RAD+TGLF_lowerKr/SCAN/work/plasma_state', '/pscratch/sd/h/hswils/github_repos/MANTA_DBSCANS/TORIC+RAD+TGLF_lowerKr/SCAN/work/fastran_driver_fastran_driver_2')
2026-05-06 17:39:35,197 fastran_driver_fastran_driver_2 DEBUG    _get_service_response(REQUEST|fastran_FPP_000001@fastran_driver@2|FRAMEWORK@Framework@0|163)
2026-05-06 17:39:35,218 fastran_driver_fastran_driver_2 DEBUG    _get_service_response(REQUEST|fastran_FPP_000001@fastran_driver@2|FRAMEWORK@Framework@0|163), response = ServiceResponseMessage(sender_id=FRAMEWORK@Framework@0, receiver_id=fastran_FPP_000001@fastran_driver@2, request_msg_id=REQUEST|fastran_FPP_000001@fastran_driver@2|FRAMEWORK@Framework@0|163,status=0, args=(0,), message_id=RESPONSE|FRAMEWORK@Framework@0|fastran_FPP_000001@fastran_driver@2|2535)
2026-05-06 17:39:35,218 fastran_driver_fastran_driver_2 DEBUG    _invoke_service(): getTopic  ('_IPS_MONITOR',)
2026-05-06 17:39:35,218 fastran_driver_fastran_driver_2 DEBUG    _get_service_response(REQUEST|fastran_FPP_000001@fastran_driver@2|FRAMEWORK@Framework@0|164)
2026-05-06 17:39:35,228 fastran_driver_fastran_driver_2 DEBUG    _get_service_response(REQUEST|fastran_FPP_000001@fastran_driver@2|FRAMEWORK@Framework@0|164), response = ServiceResponseMessage(sender_id=FRAMEWORK@Framework@0, receiver_id=fastran_FPP_000001@fastran_driver@2, request_msg_id=REQUEST|fastran_FPP_000001@fastran_driver@2|FRAMEWORK@Framework@0|164,status=0, args=(<ipsframework.cca_es_spec.Topic object at 0x7f54f88d1cd0>,), message_id=RESPONSE|FRAMEWORK@Framework@0|fastran_FPP_000001@fastran_driver@2|2536)
2026-05-06 17:39:35,229 fastran_driver_fastran_driver_2 DEBUG    _invoke_service(): sendEvent  ('_IPS_MONITOR', 'PORTAL_EVENT', {'sim_name': 'fastran_FPP_000001', 'real_sim_name': 'fastran_FPP_000001', 'portal_data': {'code': 'fastran_driver_fastran_driver', 'eventtype': 'IPS_STAGE_STATE', 'ok': True, 'walltime': '1110.41', 'time': '2026-05-06|17:39:35PDT', 'trace': {'timestamp': 1778114375197712, 'duration': 20432, 'localEndpoint': {'serviceName': 'stage_state'}, 'name': "['s000001.00001', 'g000001.00001', 'i000001.00001']", 'id': '71885aecf25d7412', 'parentId': 'f899e3e5886669ce', 'tags': {}}, 'state': 'Running', 'comment': 'Elapsed time = 0.020  files = s000001.00001 g000001.00001 i000001.00001 Success'}})
2026-05-06 17:39:35,229 fastran_driver_fastran_driver_2 DEBUG    _get_service_response(REQUEST|fastran_FPP_000001@fastran_driver@2|FRAMEWORK@Framework@0|165)
2026-05-06 17:39:35,239 fastran_driver_fastran_driver_2 DEBUG    _get_service_response(REQUEST|fastran_FPP_000001@fastran_driver@2|FRAMEWORK@Framework@0|165), response = ServiceResponseMessage(sender_id=FRAMEWORK@Framework@0, receiver_id=fastran_FPP_000001@fastran_driver@2, request_msg_id=REQUEST|fastran_FPP_000001@fastran_driver@2|FRAMEWORK@Framework@0|165,status=0, args=(None,), message_id=RESPONSE|FRAMEWORK@Framework@0|fastran_FPP_000001@fastran_driver@2|2537)
2026-05-06 17:39:35,240 fastran_driver_fastran_driver_2 DEBUG    _invoke_service(): getTopic  ('_IPS_MONITOR',)
2026-05-06 17:39:35,240 fastran_driver_fastran_driver_2 DEBUG    _get_service_response(REQUEST|fastran_FPP_000001@fastran_driver@2|FRAMEWORK@Framework@0|166)
2026-05-06 17:39:35,250 fastran_driver_fastran_driver_2 DEBUG    _get_service_response(REQUEST|fastran_FPP_000001@fastran_driver@2|FRAMEWORK@Framework@0|166), response = ServiceResponseMessage(sender_id=FRAMEWORK@Framework@0, receiver_id=fastran_FPP_000001@fastran_driver@2, request_msg_id=REQUEST|fastran_FPP_000001@fastran_driver@2|FRAMEWORK@Framework@0|166,status=0, args=(<ipsframework.cca_es_spec.Topic object at 0x7f54f88d1fa0>,), message_id=RESPONSE|FRAMEWORK@Framework@0|fastran_FPP_000001@fastran_driver@2|2538)
2026-05-06 17:39:35,251 fastran_driver_fastran_driver_2 DEBUG    _invoke_service(): sendEvent  ('_IPS_MONITOR', 'PORTAL_EVENT', {'sim_name': 'fastran_FPP_000001', 'real_sim_name': 'fastran_FPP_000001', 'portal_data': {'code': 'fastran_driver_fastran_driver', 'eventtype': 'IPS_STAGE_OUTPUTS', 'ok': True, 'walltime': '1110.43', 'time': '2026-05-06|17:39:35PDT', 'trace': {'timestamp': 1778114375239767, 'duration': 413, 'localEndpoint': {'serviceName': 'stage_output_files'}, 'name': '[]', 'id': 'ed019efe11be26d9', 'parentId': 'f899e3e5886669ce', 'tags': {}}, 'state': 'Running', 'comment': 'Elapsed time = 0.000 Path = /pscratch/sd/h/hswils/github_repos/MANTA_DBSCANS/TORIC+RAD+TGLF_lowerKr/SCAN/simulation_results/2/components/fastran_driver_fastran_driver_2 Files = []'}})
2026-05-06 17:39:35,251 fastran_driver_fastran_driver_2 DEBUG    _get_service_response(REQUEST|fastran_FPP_000001@fastran_driver@2|FRAMEWORK@Framework@0|167)
2026-05-06 17:39:35,262 fastran_driver_fastran_driver_2 DEBUG    _get_service_response(REQUEST|fastran_FPP_000001@fastran_driver@2|FRAMEWORK@Framework@0|167), response = ServiceResponseMessage(sender_id=FRAMEWORK@Framework@0, receiver_id=fastran_FPP_000001@fastran_driver@2, request_msg_id=REQUEST|fastran_FPP_000001@fastran_driver@2|FRAMEWORK@Framework@0|167,status=0, args=(None,), message_id=RESPONSE|FRAMEWORK@Framework@0|fastran_FPP_000001@fastran_driver@2|2539)
2026-05-06 17:39:35,262 fastran_driver_fastran_driver_2 DEBUG    _invoke_service(): getTopic  ('_IPS_MONITOR',)
2026-05-06 17:39:35,262 fastran_driver_fastran_driver_2 DEBUG    _get_service_response(REQUEST|fastran_FPP_000001@fastran_driver@2|FRAMEWORK@Framework@0|168)
2026-05-06 17:39:35,273 fastran_driver_fastran_driver_2 DEBUG    _get_service_response(REQUEST|fastran_FPP_000001@fastran_driver@2|FRAMEWORK@Framework@0|168), response = ServiceResponseMessage(sender_id=FRAMEWORK@Framework@0, receiver_id=fastran_FPP_000001@fastran_driver@2, request_msg_id=REQUEST|fastran_FPP_000001@fastran_driver@2|FRAMEWORK@Framework@0|168,status=0, args=(<ipsframework.cca_es_spec.Topic object at 0x7f54f88d1f70>,), message_id=RESPONSE|FRAMEWORK@Framework@0|fastran_FPP_000001@fastran_driver@2|2540)
2026-05-06 17:39:35,273 fastran_driver_fastran_driver_2 DEBUG    _invoke_service(): sendEvent  ('_IPS_MONITOR', 'PORTALBRIDGE_UPDATE_TIMESTAMP', {'sim_name': 'fastran_FPP_000001', 'real_sim_name': 'fastran_FPP_000001', 'portal_data': {'phystimestamp': 3, 'eventtype': 'PORTALBRIDGE_UPDATE_TIMESTAMP'}})
2026-05-06 17:39:35,273 fastran_driver_fastran_driver_2 DEBUG    _get_service_response(REQUEST|fastran_FPP_000001@fastran_driver@2|FRAMEWORK@Framework@0|169)
2026-05-06 17:39:35,284 fastran_driver_fastran_driver_2 DEBUG    _get_service_response(REQUEST|fastran_FPP_000001@fastran_driver@2|FRAMEWORK@Framework@0|169), response = ServiceResponseMessage(sender_id=FRAMEWORK@Framework@0, receiver_id=fastran_FPP_000001@fastran_driver@2, request_msg_id=REQUEST|fastran_FPP_000001@fastran_driver@2|FRAMEWORK@Framework@0|169,status=0, args=(None,), message_id=RESPONSE|FRAMEWORK@Framework@0|fastran_FPP_000001@fastran_driver@2|2541)
2026-05-06 17:39:35,284 fastran_driver_fastran_driver_2 DEBUG    _invoke_service(): getTopic  ('_IPS_MONITOR',)
2026-05-06 17:39:35,284 fastran_driver_fastran_driver_2 DEBUG    _get_service_response(REQUEST|fastran_FPP_000001@fastran_driver@2|FRAMEWORK@Framework@0|170)
2026-05-06 17:39:35,295 fastran_driver_fastran_driver_2 DEBUG    _get_service_response(REQUEST|fastran_FPP_000001@fastran_driver@2|FRAMEWORK@Framework@0|170), response = ServiceResponseMessage(sender_id=FRAMEWORK@Framework@0, receiver_id=fastran_FPP_000001@fastran_driver@2, request_msg_id=REQUEST|fastran_FPP_000001@fastran_driver@2|FRAMEWORK@Framework@0|170,status=0, args=(<ipsframework.cca_es_spec.Topic object at 0x7f54f88d1cd0>,), message_id=RESPONSE|FRAMEWORK@Framework@0|fastran_FPP_000001@fastran_driver@2|2542)
2026-05-06 17:39:35,295 fastran_driver_fastran_driver_2 DEBUG    _invoke_service(): sendEvent  ('_IPS_MONITOR', 'PORTAL_EVENT', {'sim_name': 'fastran_FPP_000001', 'real_sim_name': 'fastran_FPP_000001', 'portal_data': {'code': 'fastran_driver_fastran_driver', 'eventtype': 'IPS_UPDATE_TIME_STAMP', 'ok': True, 'walltime': '1110.47', 'time': '2026-05-06|17:39:35PDT', 'state': 'Running', 'comment': 'Timestamp = 3'}})
2026-05-06 17:39:35,295 fastran_driver_fastran_driver_2 DEBUG    _get_service_response(REQUEST|fastran_FPP_000001@fastran_driver@2|FRAMEWORK@Framework@0|171)
2026-05-06 17:39:35,306 fastran_driver_fastran_driver_2 DEBUG    _get_service_response(REQUEST|fastran_FPP_000001@fastran_driver@2|FRAMEWORK@Framework@0|171), response = ServiceResponseMessage(sender_id=FRAMEWORK@Framework@0, receiver_id=fastran_FPP_000001@fastran_driver@2, request_msg_id=REQUEST|fastran_FPP_000001@fastran_driver@2|FRAMEWORK@Framework@0|171,status=0, args=(None,), message_id=RESPONSE|FRAMEWORK@Framework@0|fastran_FPP_000001@fastran_driver@2|2543)
2026-05-06 17:39:35,306 fastran_driver_fastran_driver_2 DEBUG    _invoke_service(): getTopic  ('_IPS_MONITOR',)
2026-05-06 17:39:35,306 fastran_driver_fastran_driver_2 DEBUG    _get_service_response(REQUEST|fastran_FPP_000001@fastran_driver@2|FRAMEWORK@Framework@0|172)
2026-05-06 17:39:35,317 fastran_driver_fastran_driver_2 DEBUG    _get_service_response(REQUEST|fastran_FPP_000001@fastran_driver@2|FRAMEWORK@Framework@0|172), response = ServiceResponseMessage(sender_id=FRAMEWORK@Framework@0, receiver_id=fastran_FPP_000001@fastran_driver@2, request_msg_id=REQUEST|fastran_FPP_000001@fastran_driver@2|FRAMEWORK@Framework@0|172,status=0, args=(<ipsframework.cca_es_spec.Topic object at 0x7f54f88d1fa0>,), message_id=RESPONSE|FRAMEWORK@Framework@0|fastran_FPP_000001@fastran_driver@2|2544)
2026-05-06 17:39:35,317 fastran_driver_fastran_driver_2 DEBUG    _invoke_service(): sendEvent  ('_IPS_MONITOR', 'PORTAL_EVENT', {'sim_name': 'fastran_FPP_000001', 'real_sim_name': 'fastran_FPP_000001', 'portal_data': {'code': 'fastran_driver_fastran_driver', 'eventtype': 'IPS_CALL_BEGIN', 'ok': True, 'walltime': '1110.50', 'time': '2026-05-06|17:39:35PDT', 'state': 'Running', 'comment': 'Target = fastran_FPP_000001@impurity_radiation@5:step(3)'}})
2026-05-06 17:39:35,317 fastran_driver_fastran_driver_2 DEBUG    _get_service_response(REQUEST|fastran_FPP_000001@fastran_driver@2|FRAMEWORK@Framework@0|173)
2026-05-06 17:39:35,328 fastran_driver_fastran_driver_2 DEBUG    _get_service_response(REQUEST|fastran_FPP_000001@fastran_driver@2|FRAMEWORK@Framework@0|173), response = ServiceResponseMessage(sender_id=FRAMEWORK@Framework@0, receiver_id=fastran_FPP_000001@fastran_driver@2, request_msg_id=REQUEST|fastran_FPP_000001@fastran_driver@2|FRAMEWORK@Framework@0|173,status=0, args=(None,), message_id=RESPONSE|FRAMEWORK@Framework@0|fastran_FPP_000001@fastran_driver@2|2545)
2026-05-06 17:39:35,328 fastran_driver_fastran_driver_2 DEBUG    _invoke_service(): init_call  ('step', 3)
2026-05-06 17:39:35,328 fastran_driver_fastran_driver_2 DEBUG    _get_service_response(REQUEST|fastran_FPP_000001@fastran_driver@2|FRAMEWORK@Framework@0|174)
2026-05-06 17:39:35,329 fastran__impurity_radiation_5 DEBUG    Received Message 
2026-05-06 17:39:35,329 fastran__impurity_radiation_5 DEBUG    Calling method step(3)
2026-05-06 17:39:35,329 fastran__impurity_radiation_5 DEBUG    _invoke_service(): stage_state  (['s000001.00001', 'g000001.00001', 'i000001.00001'], '/pscratch/sd/h/hswils/github_repos/MANTA_DBSCANS/TORIC+RAD+TGLF_lowerKr/SCAN/work/plasma_state', '/pscratch/sd/h/hswils/github_repos/MANTA_DBSCANS/TORIC+RAD+TGLF_lowerKr/SCAN/work/fastran__impurity_radiation_5')
2026-05-06 17:39:35,329 fastran__impurity_radiation_5 DEBUG    _get_service_response(REQUEST|fastran_FPP_000001@impurity_radiation@5|FRAMEWORK@Framework@0|33)
2026-05-06 17:39:35,339 fastran_driver_fastran_driver_2 DEBUG    _get_service_response(REQUEST|fastran_FPP_000001@fastran_driver@2|FRAMEWORK@Framework@0|174), response = ServiceResponseMessage(sender_id=FRAMEWORK@Framework@0, receiver_id=fastran_FPP_000001@fastran_driver@2, request_msg_id=REQUEST|fastran_FPP_000001@fastran_driver@2|FRAMEWORK@Framework@0|174,status=0, args=(31,), message_id=RESPONSE|FRAMEWORK@Framework@0|fastran_FPP_000001@fastran_driver@2|2546)
2026-05-06 17:39:35,339 fastran_driver_fastran_driver_2 DEBUG    _invoke_service(): wait_call  (31, True)
2026-05-06 17:39:35,339 fastran_driver_fastran_driver_2 DEBUG    _get_service_response(REQUEST|fastran_FPP_000001@fastran_driver@2|FRAMEWORK@Framework@0|175)
2026-05-06 17:39:35,348 fastran__impurity_radiation_5 DEBUG    _get_service_response(REQUEST|fastran_FPP_000001@impurity_radiation@5|FRAMEWORK@Framework@0|33), response = ServiceResponseMessage(sender_id=FRAMEWORK@Framework@0, receiver_id=fastran_FPP_000001@impurity_radiation@5, request_msg_id=REQUEST|fastran_FPP_000001@impurity_radiation@5|FRAMEWORK@Framework@0|33,status=0, args=(0,), message_id=RESPONSE|FRAMEWORK@Framework@0|fastran_FPP_000001@impurity_radiation@5|2547)
2026-05-06 17:39:35,348 fastran__impurity_radiation_5 DEBUG    _invoke_service(): getTopic  ('_IPS_MONITOR',)
2026-05-06 17:39:35,348 fastran__impurity_radiation_5 DEBUG    _get_service_response(REQUEST|fastran_FPP_000001@impurity_radiation@5|FRAMEWORK@Framework@0|34)
2026-05-06 17:39:35,359 fastran__impurity_radiation_5 DEBUG    _get_service_response(REQUEST|fastran_FPP_000001@impurity_radiation@5|FRAMEWORK@Framework@0|34), response = ServiceResponseMessage(sender_id=FRAMEWORK@Framework@0, receiver_id=fastran_FPP_000001@impurity_radiation@5, request_msg_id=REQUEST|fastran_FPP_000001@impurity_radiation@5|FRAMEWORK@Framework@0|34,status=0, args=(<ipsframework.cca_es_spec.Topic object at 0x7f54f886ad90>,), message_id=RESPONSE|FRAMEWORK@Framework@0|fastran_FPP_000001@impurity_radiation@5|2548)
2026-05-06 17:39:35,359 fastran__impurity_radiation_5 DEBUG    _invoke_service(): sendEvent  ('_IPS_MONITOR', 'PORTAL_EVENT', {'sim_name': 'fastran_FPP_000001', 'real_sim_name': 'fastran_FPP_000001', 'portal_data': {'code': 'fastran__impurity_radiation', 'eventtype': 'IPS_STAGE_STATE', 'ok': True, 'walltime': '1110.54', 'time': '2026-05-06|17:39:35PDT', 'trace': {'timestamp': 1778114375329715, 'duration': 19090, 'localEndpoint': {'serviceName': 'stage_state'}, 'name': "['s000001.00001', 'g000001.00001', 'i000001.00001']", 'id': '71885aecf25d7412', 'parentId': '917c9fa0783dd566', 'tags': {}}, 'state': 'Running', 'comment': 'Elapsed time = 0.019  files = s000001.00001 g000001.00001 i000001.00001 Success'}})
2026-05-06 17:39:35,359 fastran__impurity_radiation_5 DEBUG    _get_service_response(REQUEST|fastran_FPP_000001@impurity_radiation@5|FRAMEWORK@Framework@0|35)
2026-05-06 17:39:35,370 fastran__impurity_radiation_5 DEBUG    _get_service_response(REQUEST|fastran_FPP_000001@impurity_radiation@5|FRAMEWORK@Framework@0|35), response = ServiceResponseMessage(sender_id=FRAMEWORK@Framework@0, receiver_id=fastran_FPP_000001@impurity_radiation@5, request_msg_id=REQUEST|fastran_FPP_000001@impurity_radiation@5|FRAMEWORK@Framework@0|35,status=0, args=(None,), message_id=RESPONSE|FRAMEWORK@Framework@0|fastran_FPP_000001@impurity_radiation@5|2549)
2026-05-06 17:39:35,370 fastran__impurity_radiation_5 DEBUG    _invoke_service(): getTopic  ('_IPS_MONITOR',)
2026-05-06 17:39:35,370 fastran__impurity_radiation_5 DEBUG    _get_service_response(REQUEST|fastran_FPP_000001@impurity_radiation@5|FRAMEWORK@Framework@0|36)
2026-05-06 17:39:35,381 fastran__impurity_radiation_5 DEBUG    _get_service_response(REQUEST|fastran_FPP_000001@impurity_radiation@5|FRAMEWORK@Framework@0|36), response = ServiceResponseMessage(sender_id=FRAMEWORK@Framework@0, receiver_id=fastran_FPP_000001@impurity_radiation@5, request_msg_id=REQUEST|fastran_FPP_000001@impurity_radiation@5|FRAMEWORK@Framework@0|36,status=0, args=(<ipsframework.cca_es_spec.Topic object at 0x7f54f88721c0>,), message_id=RESPONSE|FRAMEWORK@Framework@0|fastran_FPP_000001@impurity_radiation@5|2551)
2026-05-06 17:39:35,381 fastran__impurity_radiation_5 DEBUG    _invoke_service(): sendEvent  ('_IPS_MONITOR', 'PORTAL_EVENT', {'sim_name': 'fastran_FPP_000001', 'real_sim_name': 'fastran_FPP_000001', 'portal_data': {'code': 'fastran__impurity_radiation', 'eventtype': 'IPS_STAGE_INPUTS', 'ok': True, 'walltime': '1110.56', 'time': '2026-05-06|17:39:35PDT', 'trace': {'timestamp': 1778114375370360, 'duration': 57, 'localEndpoint': {'serviceName': 'stage_input_files'}, 'name': '', 'id': 'e70cb59b389672bf', 'parentId': '917c9fa0783dd566', 'tags': {}}, 'state': 'Running', 'comment': 'Elapsed time = 0.000 Path = /pscratch/sd/h/hswils/github_repos/MANTA_DBSCANS/TORIC+RAD+TGLF_lowerKr/input Files = '}})
2026-05-06 17:39:35,381 fastran__impurity_radiation_5 DEBUG    _get_service_response(REQUEST|fastran_FPP_000001@impurity_radiation@5|FRAMEWORK@Framework@0|37)
2026-05-06 17:39:35,391 fastran__impurity_radiation_5 DEBUG    _get_service_response(REQUEST|fastran_FPP_000001@impurity_radiation@5|FRAMEWORK@Framework@0|37), response = ServiceResponseMessage(sender_id=FRAMEWORK@Framework@0, receiver_id=fastran_FPP_000001@impurity_radiation@5, request_msg_id=REQUEST|fastran_FPP_000001@impurity_radiation@5|FRAMEWORK@Framework@0|37,status=0, args=(None,), message_id=RESPONSE|FRAMEWORK@Framework@0|fastran_FPP_000001@impurity_radiation@5|2552)
2026-05-06 17:39:35,600 fastran__impurity_radiation_5 DEBUG    _invoke_service(): update_state  (['s000001.00001', 'g000001.00001', 'i000001.00001'], '/pscratch/sd/h/hswils/github_repos/MANTA_DBSCANS/TORIC+RAD+TGLF_lowerKr/SCAN/work/fastran__impurity_radiation_5', '/pscratch/sd/h/hswils/github_repos/MANTA_DBSCANS/TORIC+RAD+TGLF_lowerKr/SCAN/work/plasma_state')
2026-05-06 17:39:35,600 fastran__impurity_radiation_5 DEBUG    _get_service_response(REQUEST|fastran_FPP_000001@impurity_radiation@5|FRAMEWORK@Framework@0|38)
2026-05-06 17:39:35,620 fastran__impurity_radiation_5 DEBUG    _get_service_response(REQUEST|fastran_FPP_000001@impurity_radiation@5|FRAMEWORK@Framework@0|38), response = ServiceResponseMessage(sender_id=FRAMEWORK@Framework@0, receiver_id=fastran_FPP_000001@impurity_radiation@5, request_msg_id=REQUEST|fastran_FPP_000001@impurity_radiation@5|FRAMEWORK@Framework@0|38,status=0, args=(0,), message_id=RESPONSE|FRAMEWORK@Framework@0|fastran_FPP_000001@impurity_radiation@5|2553)
2026-05-06 17:39:35,620 fastran__impurity_radiation_5 DEBUG    _invoke_service(): getTopic  ('_IPS_MONITOR',)
2026-05-06 17:39:35,620 fastran__impurity_radiation_5 DEBUG    _get_service_response(REQUEST|fastran_FPP_000001@impurity_radiation@5|FRAMEWORK@Framework@0|39)
2026-05-06 17:39:35,631 fastran__impurity_radiation_5 DEBUG    _get_service_response(REQUEST|fastran_FPP_000001@impurity_radiation@5|FRAMEWORK@Framework@0|39), response = ServiceResponseMessage(sender_id=FRAMEWORK@Framework@0, receiver_id=fastran_FPP_000001@impurity_radiation@5, request_msg_id=REQUEST|fastran_FPP_000001@impurity_radiation@5|FRAMEWORK@Framework@0|39,status=0, args=(<ipsframework.cca_es_spec.Topic object at 0x7f54f8872310>,), message_id=RESPONSE|FRAMEWORK@Framework@0|fastran_FPP_000001@impurity_radiation@5|2554)
2026-05-06 17:39:35,631 fastran__impurity_radiation_5 DEBUG    _invoke_service(): sendEvent  ('_IPS_MONITOR', 'PORTAL_EVENT', {'sim_name': 'fastran_FPP_000001', 'real_sim_name': 'fastran_FPP_000001', 'portal_data': {'code': 'fastran__impurity_radiation', 'eventtype': 'IPS_UPDATE_STATE', 'ok': True, 'walltime': '1110.81', 'time': '2026-05-06|17:39:35PDT', 'trace': {'timestamp': 1778114375599956, 'duration': 20457, 'localEndpoint': {'serviceName': 'update_state'}, 'name': "['s000001.00001', 'g000001.00001', 'i000001.00001']", 'id': '7629e189a66153c0', 'parentId': '917c9fa0783dd566', 'tags': {}}, 'state': 'Running', 'comment': 'Elapsed time = 0.020   files = s000001.00001 g000001.00001 i000001.00001 Success'}})
2026-05-06 17:39:35,631 fastran__impurity_radiation_5 DEBUG    _get_service_response(REQUEST|fastran_FPP_000001@impurity_radiation@5|FRAMEWORK@Framework@0|40)
2026-05-06 17:39:35,641 fastran__impurity_radiation_5 DEBUG    _get_service_response(REQUEST|fastran_FPP_000001@impurity_radiation@5|FRAMEWORK@Framework@0|40), response = ServiceResponseMessage(sender_id=FRAMEWORK@Framework@0, receiver_id=fastran_FPP_000001@impurity_radiation@5, request_msg_id=REQUEST|fastran_FPP_000001@impurity_radiation@5|FRAMEWORK@Framework@0|40,status=0, args=(None,), message_id=RESPONSE|FRAMEWORK@Framework@0|fastran_FPP_000001@impurity_radiation@5|2555)
2026-05-06 17:39:35,642 fastran__impurity_radiation_5 DEBUG    _invoke_service(): getTopic  ('_IPS_MONITOR',)
2026-05-06 17:39:35,642 fastran__impurity_radiation_5 DEBUG    _get_service_response(REQUEST|fastran_FPP_000001@impurity_radiation@5|FRAMEWORK@Framework@0|41)
2026-05-06 17:39:35,652 fastran__impurity_radiation_5 DEBUG    _get_service_response(REQUEST|fastran_FPP_000001@impurity_radiation@5|FRAMEWORK@Framework@0|41), response = ServiceResponseMessage(sender_id=FRAMEWORK@Framework@0, receiver_id=fastran_FPP_000001@impurity_radiation@5, request_msg_id=REQUEST|fastran_FPP_000001@impurity_radiation@5|FRAMEWORK@Framework@0|41,status=0, args=(<ipsframework.cca_es_spec.Topic object at 0x7f54f8872250>,), message_id=RESPONSE|FRAMEWORK@Framework@0|fastran_FPP_000001@impurity_radiation@5|2556)
2026-05-06 17:39:35,652 fastran__impurity_radiation_5 DEBUG    _invoke_service(): sendEvent  ('_IPS_MONITOR', 'PORTAL_EVENT', {'sim_name': 'fastran_FPP_000001', 'real_sim_name': 'fastran_FPP_000001', 'portal_data': {'code': 'fastran__impurity_radiation', 'eventtype': 'IPS_STAGE_OUTPUTS', 'ok': True, 'walltime': '1110.83', 'time': '2026-05-06|17:39:35PDT', 'trace': {'timestamp': 1778114375641888, 'duration': 215, 'localEndpoint': {'serviceName': 'stage_output_files'}, 'name': '[]', 'id': 'ed019efe11be26d9', 'parentId': '917c9fa0783dd566', 'tags': {}}, 'state': 'Running', 'comment': 'Elapsed time = 0.000 Path = /pscratch/sd/h/hswils/github_repos/MANTA_DBSCANS/TORIC+RAD+TGLF_lowerKr/SCAN/simulation_results/3/components/fastran__impurity_radiation_5 Files = []'}})
2026-05-06 17:39:35,652 fastran__impurity_radiation_5 DEBUG    _get_service_response(REQUEST|fastran_FPP_000001@impurity_radiation@5|FRAMEWORK@Framework@0|42)
2026-05-06 17:39:35,663 fastran__impurity_radiation_5 DEBUG    _get_service_response(REQUEST|fastran_FPP_000001@impurity_radiation@5|FRAMEWORK@Framework@0|42), response = ServiceResponseMessage(sender_id=FRAMEWORK@Framework@0, receiver_id=fastran_FPP_000001@impurity_radiation@5, request_msg_id=REQUEST|fastran_FPP_000001@impurity_radiation@5|FRAMEWORK@Framework@0|42,status=0, args=(None,), message_id=RESPONSE|FRAMEWORK@Framework@0|fastran_FPP_000001@impurity_radiation@5|2557)
2026-05-06 17:39:35,674 fastran_driver_fastran_driver_2 DEBUG    _get_service_response(REQUEST|fastran_FPP_000001@fastran_driver@2|FRAMEWORK@Framework@0|175), response = ServiceResponseMessage(sender_id=FRAMEWORK@Framework@0, receiver_id=fastran_FPP_000001@fastran_driver@2, request_msg_id=REQUEST|fastran_FPP_000001@fastran_driver@2|FRAMEWORK@Framework@0|175,status=0, args=((None,),), message_id=RESPONSE|FRAMEWORK@Framework@0|fastran_FPP_000001@fastran_driver@2|2558)
2026-05-06 17:39:35,674 fastran_driver_fastran_driver_2 DEBUG    _invoke_service(): getTopic  ('_IPS_MONITOR',)
2026-05-06 17:39:35,674 fastran_driver_fastran_driver_2 DEBUG    _get_service_response(REQUEST|fastran_FPP_000001@fastran_driver@2|FRAMEWORK@Framework@0|176)
2026-05-06 17:39:35,685 fastran_driver_fastran_driver_2 DEBUG    _get_service_response(REQUEST|fastran_FPP_000001@fastran_driver@2|FRAMEWORK@Framework@0|176), response = ServiceResponseMessage(sender_id=FRAMEWORK@Framework@0, receiver_id=fastran_FPP_000001@fastran_driver@2, request_msg_id=REQUEST|fastran_FPP_000001@fastran_driver@2|FRAMEWORK@Framework@0|176,status=0, args=(<ipsframework.cca_es_spec.Topic object at 0x7f54f88d1e50>,), message_id=RESPONSE|FRAMEWORK@Framework@0|fastran_FPP_000001@fastran_driver@2|2559)
2026-05-06 17:39:35,685 fastran_driver_fastran_driver_2 DEBUG    _invoke_service(): sendEvent  ('_IPS_MONITOR', 'PORTAL_EVENT', {'sim_name': 'fastran_FPP_000001', 'real_sim_name': 'fastran_FPP_000001', 'portal_data': {'code': 'fastran_driver_fastran_driver', 'eventtype': 'IPS_CALL_END', 'ok': True, 'walltime': '1110.86', 'time': '2026-05-06|17:39:35PDT', 'trace': {'timestamp': 1778114375339657, 'duration': 334852, 'localEndpoint': {'serviceName': 'fastran_FPP_000001@impurity_radiation@5'}, 'name': 'step(3)', 'id': '917c9fa0783dd566', 'parentId': 'f899e3e5886669ce', 'tags': {}}, 'state': 'Running', 'comment': 'Target = fastran_FPP_000001@impurity_radiation@5:step(3)'}})
2026-05-06 17:39:35,685 fastran_driver_fastran_driver_2 DEBUG    _get_service_response(REQUEST|fastran_FPP_000001@fastran_driver@2|FRAMEWORK@Framework@0|177)
2026-05-06 17:39:35,696 fastran_driver_fastran_driver_2 DEBUG    _get_service_response(REQUEST|fastran_FPP_000001@fastran_driver@2|FRAMEWORK@Framework@0|177), response = ServiceResponseMessage(sender_id=FRAMEWORK@Framework@0, receiver_id=fastran_FPP_000001@fastran_driver@2, request_msg_id=REQUEST|fastran_FPP_000001@fastran_driver@2|FRAMEWORK@Framework@0|177,status=0, args=(None,), message_id=RESPONSE|FRAMEWORK@Framework@0|fastran_FPP_000001@fastran_driver@2|2560)
2026-05-06 17:39:35,696 fastran_driver_fastran_driver_2 DEBUG    _invoke_service(): getTopic  ('_IPS_MONITOR',)
2026-05-06 17:39:35,696 fastran_driver_fastran_driver_2 DEBUG    _get_service_response(REQUEST|fastran_FPP_000001@fastran_driver@2|FRAMEWORK@Framework@0|178)
2026-05-06 17:39:35,707 fastran_driver_fastran_driver_2 DEBUG    _get_service_response(REQUEST|fastran_FPP_000001@fastran_driver@2|FRAMEWORK@Framework@0|178), response = ServiceResponseMessage(sender_id=FRAMEWORK@Framework@0, receiver_id=fastran_FPP_000001@fastran_driver@2, request_msg_id=REQUEST|fastran_FPP_000001@fastran_driver@2|FRAMEWORK@Framework@0|178,status=0, args=(<ipsframework.cca_es_spec.Topic object at 0x7f54f88d1a00>,), message_id=RESPONSE|FRAMEWORK@Framework@0|fastran_FPP_000001@fastran_driver@2|2561)
2026-05-06 17:39:35,707 fastran_driver_fastran_driver_2 DEBUG    _invoke_service(): sendEvent  ('_IPS_MONITOR', 'PORTAL_EVENT', {'sim_name': 'fastran_FPP_000001', 'real_sim_name': 'fastran_FPP_000001', 'portal_data': {'code': 'fastran_driver_fastran_driver', 'eventtype': 'IPS_CALL_BEGIN', 'ok': True, 'walltime': '1110.89', 'time': '2026-05-06|17:39:35PDT', 'state': 'Running', 'comment': 'Target = fastran_FPP_000001@toric@6:step(3)'}})
2026-05-06 17:39:35,707 fastran_driver_fastran_driver_2 DEBUG    _get_service_response(REQUEST|fastran_FPP_000001@fastran_driver@2|FRAMEWORK@Framework@0|179)
2026-05-06 17:39:35,718 fastran_driver_fastran_driver_2 DEBUG    _get_service_response(REQUEST|fastran_FPP_000001@fastran_driver@2|FRAMEWORK@Framework@0|179), response = ServiceResponseMessage(sender_id=FRAMEWORK@Framework@0, receiver_id=fastran_FPP_000001@fastran_driver@2, request_msg_id=REQUEST|fastran_FPP_000001@fastran_driver@2|FRAMEWORK@Framework@0|179,status=0, args=(None,), message_id=RESPONSE|FRAMEWORK@Framework@0|fastran_FPP_000001@fastran_driver@2|2562)
2026-05-06 17:39:35,718 fastran_driver_fastran_driver_2 DEBUG    _invoke_service(): init_call  ('step', 3)
2026-05-06 17:39:35,718 fastran_driver_fastran_driver_2 DEBUG    _get_service_response(REQUEST|fastran_FPP_000001@fastran_driver@2|FRAMEWORK@Framework@0|180)
2026-05-06 17:39:35,719 rf_ic_toric_6   DEBUG    Received Message 
2026-05-06 17:39:35,719 rf_ic_toric_6   DEBUG    Calling method step(3)
2026-05-06 17:39:35,719 rf_ic_toric_6   DEBUG    _invoke_service(): stage_state  (['s000001.00001', 'g000001.00001'], '/pscratch/sd/h/hswils/github_repos/MANTA_DBSCANS/TORIC+RAD+TGLF_lowerKr/SCAN/work/plasma_state', '/pscratch/sd/h/hswils/github_repos/MANTA_DBSCANS/TORIC+RAD+TGLF_lowerKr/SCAN/work/rf_ic_toric_6')
2026-05-06 17:39:35,719 rf_ic_toric_6   DEBUG    _get_service_response(REQUEST|fastran_FPP_000001@toric@6|FRAMEWORK@Framework@0|61)
2026-05-06 17:39:35,729 fastran_driver_fastran_driver_2 DEBUG    _get_service_response(REQUEST|fastran_FPP_000001@fastran_driver@2|FRAMEWORK@Framework@0|180), response = ServiceResponseMessage(sender_id=FRAMEWORK@Framework@0, receiver_id=fastran_FPP_000001@fastran_driver@2, request_msg_id=REQUEST|fastran_FPP_000001@fastran_driver@2|FRAMEWORK@Framework@0|180,status=0, args=(32,), message_id=RESPONSE|FRAMEWORK@Framework@0|fastran_FPP_000001@fastran_driver@2|2563)
2026-05-06 17:39:35,729 fastran_driver_fastran_driver_2 DEBUG    _invoke_service(): wait_call  (32, True)
2026-05-06 17:39:35,729 fastran_driver_fastran_driver_2 DEBUG    _get_service_response(REQUEST|fastran_FPP_000001@fastran_driver@2|FRAMEWORK@Framework@0|181)
2026-05-06 17:39:35,738 rf_ic_toric_6   DEBUG    _get_service_response(REQUEST|fastran_FPP_000001@toric@6|FRAMEWORK@Framework@0|61), response = ServiceResponseMessage(sender_id=FRAMEWORK@Framework@0, receiver_id=fastran_FPP_000001@toric@6, request_msg_id=REQUEST|fastran_FPP_000001@toric@6|FRAMEWORK@Framework@0|61,status=0, args=(0,), message_id=RESPONSE|FRAMEWORK@Framework@0|fastran_FPP_000001@toric@6|2564)
2026-05-06 17:39:35,738 rf_ic_toric_6   DEBUG    _invoke_service(): getTopic  ('_IPS_MONITOR',)
2026-05-06 17:39:35,738 rf_ic_toric_6   DEBUG    _get_service_response(REQUEST|fastran_FPP_000001@toric@6|FRAMEWORK@Framework@0|62)
2026-05-06 17:39:35,748 rf_ic_toric_6   DEBUG    _get_service_response(REQUEST|fastran_FPP_000001@toric@6|FRAMEWORK@Framework@0|62), response = ServiceResponseMessage(sender_id=FRAMEWORK@Framework@0, receiver_id=fastran_FPP_000001@toric@6, request_msg_id=REQUEST|fastran_FPP_000001@toric@6|FRAMEWORK@Framework@0|62,status=0, args=(<ipsframework.cca_es_spec.Topic object at 0x7f54f87ca790>,), message_id=RESPONSE|FRAMEWORK@Framework@0|fastran_FPP_000001@toric@6|2565)
2026-05-06 17:39:35,748 rf_ic_toric_6   DEBUG    _invoke_service(): sendEvent  ('_IPS_MONITOR', 'PORTAL_EVENT', {'sim_name': 'fastran_FPP_000001', 'real_sim_name': 'fastran_FPP_000001', 'portal_data': {'code': 'rf_ic_toric', 'eventtype': 'IPS_STAGE_STATE', 'ok': True, 'walltime': '1110.93', 'time': '2026-05-06|17:39:35PDT', 'trace': {'timestamp': 1778114375719615, 'duration': 18592, 'localEndpoint': {'serviceName': 'stage_state'}, 'name': "['s000001.00001', 'g000001.00001']", 'id': '32793a28c0f8ba4b', 'parentId': 'f374af5a0ab47e36', 'tags': {}}, 'state': 'Running', 'comment': 'Elapsed time = 0.019  files = s000001.00001 g000001.00001 Success'}})
2026-05-06 17:39:35,749 rf_ic_toric_6   DEBUG    _get_service_response(REQUEST|fastran_FPP_000001@toric@6|FRAMEWORK@Framework@0|63)
2026-05-06 17:39:35,759 rf_ic_toric_6   DEBUG    _get_service_response(REQUEST|fastran_FPP_000001@toric@6|FRAMEWORK@Framework@0|63), response = ServiceResponseMessage(sender_id=FRAMEWORK@Framework@0, receiver_id=fastran_FPP_000001@toric@6, request_msg_id=REQUEST|fastran_FPP_000001@toric@6|FRAMEWORK@Framework@0|63,status=0, args=(None,), message_id=RESPONSE|FRAMEWORK@Framework@0|fastran_FPP_000001@toric@6|2566)
2026-05-06 17:39:35,770 rf_ic_toric_6   DEBUG    _invoke_service(): getTopic  ('_IPS_MONITOR',)
2026-05-06 17:39:35,770 rf_ic_toric_6   DEBUG    _get_service_response(REQUEST|fastran_FPP_000001@toric@6|FRAMEWORK@Framework@0|64)
2026-05-06 17:39:35,780 rf_ic_toric_6   DEBUG    _get_service_response(REQUEST|fastran_FPP_000001@toric@6|FRAMEWORK@Framework@0|64), response = ServiceResponseMessage(sender_id=FRAMEWORK@Framework@0, receiver_id=fastran_FPP_000001@toric@6, request_msg_id=REQUEST|fastran_FPP_000001@toric@6|FRAMEWORK@Framework@0|64,status=0, args=(<ipsframework.cca_es_spec.Topic object at 0x7f54f87ca880>,), message_id=RESPONSE|FRAMEWORK@Framework@0|fastran_FPP_000001@toric@6|2567)
2026-05-06 17:39:35,780 rf_ic_toric_6   DEBUG    _invoke_service(): sendEvent  ('_IPS_MONITOR', 'PORTAL_EVENT', {'sim_name': 'fastran_FPP_000001', 'real_sim_name': 'fastran_FPP_000001', 'portal_data': {'code': 'rf_ic_toric', 'eventtype': 'IPS_STAGE_INPUTS', 'ok': True, 'walltime': '1110.96', 'time': '2026-05-06|17:39:35PDT', 'trace': {'timestamp': 1778114375759669, 'duration': 10462, 'localEndpoint': {'serviceName': 'stage_input_files'}, 'name': 'machine.inp equigs_gen.ind torica.inp', 'id': 'b108389cfa22cdf4', 'parentId': 'f374af5a0ab47e36', 'tags': {}}, 'state': 'Running', 'comment': 'Elapsed time = 0.010 Path = /pscratch/sd/h/hswils/github_repos/MANTA_DBSCANS/TORIC+RAD+TGLF_lowerKr/input Files = machine.inp equigs_gen.ind torica.inp'}})
2026-05-06 17:39:35,781 rf_ic_toric_6   DEBUG    _get_service_response(REQUEST|fastran_FPP_000001@toric@6|FRAMEWORK@Framework@0|65)
2026-05-06 17:39:35,791 rf_ic_toric_6   DEBUG    _get_service_response(REQUEST|fastran_FPP_000001@toric@6|FRAMEWORK@Framework@0|65), response = ServiceResponseMessage(sender_id=FRAMEWORK@Framework@0, receiver_id=fastran_FPP_000001@toric@6, request_msg_id=REQUEST|fastran_FPP_000001@toric@6|FRAMEWORK@Framework@0|65,status=0, args=(None,), message_id=RESPONSE|FRAMEWORK@Framework@0|fastran_FPP_000001@toric@6|2568)
2026-05-06 17:39:36,209 rf_ic_toric_6   DEBUG    _invoke_service(): init_task  (TaskInit(nproc=24, binary='/global/common/software/atom/perlmutter/binaries/toric/default/Ptoric.e', working_dir='/pscratch/sd/h/hswils/github_repos/MANTA_DBSCANS/TORIC+RAD+TGLF_lowerKr/SCAN/work/rf_ic_toric_6', tppn=0, tcpp=0, tgpp=0, block=True, omp=False, wnodes=True, wsocks=True, cmd_args=()),)
2026-05-06 17:39:36,210 rf_ic_toric_6   DEBUG    _get_service_response(REQUEST|fastran_FPP_000001@toric@6|FRAMEWORK@Framework@0|66)
2026-05-06 17:39:36,221 rf_ic_toric_6   DEBUG    _get_service_response(REQUEST|fastran_FPP_000001@toric@6|FRAMEWORK@Framework@0|66), response = ServiceResponseMessage(sender_id=FRAMEWORK@Framework@0, receiver_id=fastran_FPP_000001@toric@6, request_msg_id=REQUEST|fastran_FPP_000001@toric@6|FRAMEWORK@Framework@0|66,status=0, args=((8, 'srun -N 1 -n 24 -c 5 --threads-per-core=1 --cpu-bind=cores /global/common/software/atom/perlmutter/binaries/toric/default/Ptoric.e ', None, 128),), message_id=RESPONSE|FRAMEWORK@Framework@0|fastran_FPP_000001@toric@6|2570)
2026-05-06 17:39:36,224 rf_ic_toric_6   DEBUG    Launching command : srun -N 1 -n 24 -c 5 --threads-per-core=1 --cpu-bind=cores /global/common/software/atom/perlmutter/binaries/toric/default/Ptoric.e 
2026-05-06 17:39:36,268 rf_ic_toric_6   DEBUG    _invoke_service(): getTopic  ('_IPS_MONITOR',)
2026-05-06 17:39:36,268 rf_ic_toric_6   DEBUG    _get_service_response(REQUEST|fastran_FPP_000001@toric@6|FRAMEWORK@Framework@0|67)
2026-05-06 17:39:36,279 rf_ic_toric_6   DEBUG    _get_service_response(REQUEST|fastran_FPP_000001@toric@6|FRAMEWORK@Framework@0|67), response = ServiceResponseMessage(sender_id=FRAMEWORK@Framework@0, receiver_id=fastran_FPP_000001@toric@6, request_msg_id=REQUEST|fastran_FPP_000001@toric@6|FRAMEWORK@Framework@0|67,status=0, args=(<ipsframework.cca_es_spec.Topic object at 0x7f54f87ec7f0>,), message_id=RESPONSE|FRAMEWORK@Framework@0|fastran_FPP_000001@toric@6|2571)
2026-05-06 17:39:36,279 rf_ic_toric_6   DEBUG    _invoke_service(): sendEvent  ('_IPS_MONITOR', 'PORTAL_EVENT', {'sim_name': 'fastran_FPP_000001', 'real_sim_name': 'fastran_FPP_000001', 'portal_data': {'code': 'rf_ic_toric', 'eventtype': 'IPS_LAUNCH_TASK', 'ok': True, 'walltime': '1111.46', 'time': '2026-05-06|17:39:36PDT', 'state': 'Running', 'comment': 'task_id = 8 , Tag = None , nproc = 24 , Target = srun -N 1 -n 24 -c 5 --threads-per-core=1 --cpu-bind=cores /global/common/software/atom/perlmutter/binaries/toric/default/Ptoric.e '}})
2026-05-06 17:39:36,279 rf_ic_toric_6   DEBUG    _get_service_response(REQUEST|fastran_FPP_000001@toric@6|FRAMEWORK@Framework@0|68)
2026-05-06 17:39:36,290 rf_ic_toric_6   DEBUG    _get_service_response(REQUEST|fastran_FPP_000001@toric@6|FRAMEWORK@Framework@0|68), response = ServiceResponseMessage(sender_id=FRAMEWORK@Framework@0, receiver_id=fastran_FPP_000001@toric@6, request_msg_id=REQUEST|fastran_FPP_000001@toric@6|FRAMEWORK@Framework@0|68,status=0, args=(None,), message_id=RESPONSE|FRAMEWORK@Framework@0|fastran_FPP_000001@toric@6|2572)
2026-05-06 17:44:40,559 rf_ic_toric_6   DEBUG    _invoke_service(): getTopic  ('_IPS_MONITOR',)
2026-05-06 17:44:40,559 rf_ic_toric_6   DEBUG    _get_service_response(REQUEST|fastran_FPP_000001@toric@6|FRAMEWORK@Framework@0|69)
2026-05-06 17:44:40,570 rf_ic_toric_6   DEBUG    _get_service_response(REQUEST|fastran_FPP_000001@toric@6|FRAMEWORK@Framework@0|69), response = ServiceResponseMessage(sender_id=FRAMEWORK@Framework@0, receiver_id=fastran_FPP_000001@toric@6, request_msg_id=REQUEST|fastran_FPP_000001@toric@6|FRAMEWORK@Framework@0|69,status=0, args=(<ipsframework.cca_es_spec.Topic object at 0x7f54f87ec8b0>,), message_id=RESPONSE|FRAMEWORK@Framework@0|fastran_FPP_000001@toric@6|3168)
2026-05-06 17:44:40,571 rf_ic_toric_6   DEBUG    _invoke_service(): sendEvent  ('_IPS_MONITOR', 'PORTAL_EVENT', {'sim_name': 'fastran_FPP_000001', 'real_sim_name': 'fastran_FPP_000001', 'portal_data': {'code': 'rf_ic_toric', 'eventtype': 'IPS_TASK_END', 'ok': True, 'walltime': '1415.75', 'time': '2026-05-06|17:44:40PDT', 'trace': {'timestamp': 1778114376267608, 'duration': 304292067, 'localEndpoint': {'serviceName': '/global/common/software/atom/perlmutter/binaries/toric/default/Ptoric.e'}, 'name': '', 'id': 'aaa300c1af89ab13', 'parentId': 'f374af5a0ab47e36', 'tags': {'procs_requested': '24', 'cores_allocated': '128'}}, 'state': 'Running', 'comment': 'task_id = 8  elapsed time = 304.29 S'}})
2026-05-06 17:44:40,571 rf_ic_toric_6   DEBUG    _get_service_response(REQUEST|fastran_FPP_000001@toric@6|FRAMEWORK@Framework@0|70)
2026-05-06 17:44:40,582 rf_ic_toric_6   DEBUG    _get_service_response(REQUEST|fastran_FPP_000001@toric@6|FRAMEWORK@Framework@0|70), response = ServiceResponseMessage(sender_id=FRAMEWORK@Framework@0, receiver_id=fastran_FPP_000001@toric@6, request_msg_id=REQUEST|fastran_FPP_000001@toric@6|FRAMEWORK@Framework@0|70,status=0, args=(None,), message_id=RESPONSE|FRAMEWORK@Framework@0|fastran_FPP_000001@toric@6|3169)
2026-05-06 17:44:40,582 rf_ic_toric_6   DEBUG    _invoke_service(): finish_task  (8, 0)
2026-05-06 17:44:40,582 rf_ic_toric_6   DEBUG    _get_service_response(REQUEST|fastran_FPP_000001@toric@6|FRAMEWORK@Framework@0|71)
2026-05-06 17:44:40,593 rf_ic_toric_6   DEBUG    _get_service_response(REQUEST|fastran_FPP_000001@toric@6|FRAMEWORK@Framework@0|71), response = ServiceResponseMessage(sender_id=FRAMEWORK@Framework@0, receiver_id=fastran_FPP_000001@toric@6, request_msg_id=REQUEST|fastran_FPP_000001@toric@6|FRAMEWORK@Framework@0|71,status=0, args=(0,), message_id=RESPONSE|FRAMEWORK@Framework@0|fastran_FPP_000001@toric@6|3170)
2026-05-06 17:44:40,885 rf_ic_toric_6   DEBUG    _invoke_service(): merge_current_plasma_state  ('/pscratch/sd/h/hswils/github_repos/MANTA_DBSCANS/TORIC+RAD+TGLF_lowerKr/SCAN/work/rf_ic_toric_6/RF_IC_s000001.00001', '/pscratch/sd/h/hswils/github_repos/MANTA_DBSCANS/TORIC+RAD+TGLF_lowerKr/SCAN/work/plasma_state/s000001.00001', 'log.update_state', '/global/common/software/atom/perlmutter/binaries/update-state/default/update_state')
2026-05-06 17:44:40,885 rf_ic_toric_6   DEBUG    _get_service_response(REQUEST|fastran_FPP_000001@toric@6|FRAMEWORK@Framework@0|72)
2026-05-06 17:44:41,047 rf_ic_toric_6   DEBUG    _get_service_response(REQUEST|fastran_FPP_000001@toric@6|FRAMEWORK@Framework@0|72), response = ServiceResponseMessage(sender_id=FRAMEWORK@Framework@0, receiver_id=fastran_FPP_000001@toric@6, request_msg_id=REQUEST|fastran_FPP_000001@toric@6|FRAMEWORK@Framework@0|72,status=0, args=(0,), message_id=RESPONSE|FRAMEWORK@Framework@0|fastran_FPP_000001@toric@6|3172)
2026-05-06 17:44:41,047 rf_ic_toric_6   DEBUG    _invoke_service(): getTopic  ('_IPS_MONITOR',)
2026-05-06 17:44:41,047 rf_ic_toric_6   DEBUG    _get_service_response(REQUEST|fastran_FPP_000001@toric@6|FRAMEWORK@Framework@0|73)
2026-05-06 17:44:41,058 rf_ic_toric_6   DEBUG    _get_service_response(REQUEST|fastran_FPP_000001@toric@6|FRAMEWORK@Framework@0|73), response = ServiceResponseMessage(sender_id=FRAMEWORK@Framework@0, receiver_id=fastran_FPP_000001@toric@6, request_msg_id=REQUEST|fastran_FPP_000001@toric@6|FRAMEWORK@Framework@0|73,status=0, args=(<ipsframework.cca_es_spec.Topic object at 0x7f54f87ec6a0>,), message_id=RESPONSE|FRAMEWORK@Framework@0|fastran_FPP_000001@toric@6|3173)
2026-05-06 17:44:41,058 rf_ic_toric_6   DEBUG    _invoke_service(): sendEvent  ('_IPS_MONITOR', 'PORTAL_EVENT', {'sim_name': 'fastran_FPP_000001', 'real_sim_name': 'fastran_FPP_000001', 'portal_data': {'code': 'rf_ic_toric', 'eventtype': 'IPS_MERGE_PLASMA_STATE', 'ok': True, 'walltime': '1416.24', 'time': '2026-05-06|17:44:41PDT', 'state': 'Running', 'comment': 'Success'}})
2026-05-06 17:44:41,058 rf_ic_toric_6   DEBUG    _get_service_response(REQUEST|fastran_FPP_000001@toric@6|FRAMEWORK@Framework@0|74)
2026-05-06 17:44:41,068 rf_ic_toric_6   DEBUG    _get_service_response(REQUEST|fastran_FPP_000001@toric@6|FRAMEWORK@Framework@0|74), response = ServiceResponseMessage(sender_id=FRAMEWORK@Framework@0, receiver_id=fastran_FPP_000001@toric@6, request_msg_id=REQUEST|fastran_FPP_000001@toric@6|FRAMEWORK@Framework@0|74,status=0, args=(None,), message_id=RESPONSE|FRAMEWORK@Framework@0|fastran_FPP_000001@toric@6|3174)
2026-05-06 17:44:41,177 rf_ic_toric_6   DEBUG    _invoke_service(): getTopic  ('_IPS_MONITOR',)
2026-05-06 17:44:41,177 rf_ic_toric_6   DEBUG    _get_service_response(REQUEST|fastran_FPP_000001@toric@6|FRAMEWORK@Framework@0|75)
2026-05-06 17:44:41,188 rf_ic_toric_6   DEBUG    _get_service_response(REQUEST|fastran_FPP_000001@toric@6|FRAMEWORK@Framework@0|75), response = ServiceResponseMessage(sender_id=FRAMEWORK@Framework@0, receiver_id=fastran_FPP_000001@toric@6, request_msg_id=REQUEST|fastran_FPP_000001@toric@6|FRAMEWORK@Framework@0|75,status=0, args=(<ipsframework.cca_es_spec.Topic object at 0x7f54f87ec700>,), message_id=RESPONSE|FRAMEWORK@Framework@0|fastran_FPP_000001@toric@6|3175)
2026-05-06 17:44:41,188 rf_ic_toric_6   DEBUG    _invoke_service(): sendEvent  ('_IPS_MONITOR', 'PORTAL_EVENT', {'sim_name': 'fastran_FPP_000001', 'real_sim_name': 'fastran_FPP_000001', 'portal_data': {'code': 'rf_ic_toric', 'eventtype': 'IPS_STAGE_OUTPUTS', 'ok': True, 'walltime': '1416.37', 'time': '2026-05-06|17:44:41PDT', 'trace': {'timestamp': 1778114681069142, 'duration': 108398, 'localEndpoint': {'serviceName': 'stage_output_files'}, 'name': "['torica.inp', 'machine.inp', 'log.toric', 'toric.nc', 'profstat.dat', 'equigs.data', 'equidt.data', 'toric_cfg.nc']", 'id': '749f5c33ef51fb56', 'parentId': 'f374af5a0ab47e36', 'tags': {}}, 'state': 'Running', 'comment': "Elapsed time = 0.108 Path = /pscratch/sd/h/hswils/github_repos/MANTA_DBSCANS/TORIC+RAD+TGLF_lowerKr/SCAN/simulation_results/3/components/rf_ic_toric_6 Files = ['torica.inp', 'machine.inp', 'log.toric', 'toric.nc', 'profstat.dat', 'equigs.data', 'equidt.data', 'toric_cfg.nc']"}})
2026-05-06 17:44:41,188 rf_ic_toric_6   DEBUG    _get_service_response(REQUEST|fastran_FPP_000001@toric@6|FRAMEWORK@Framework@0|76)
2026-05-06 17:44:41,199 rf_ic_toric_6   DEBUG    _get_service_response(REQUEST|fastran_FPP_000001@toric@6|FRAMEWORK@Framework@0|76), response = ServiceResponseMessage(sender_id=FRAMEWORK@Framework@0, receiver_id=fastran_FPP_000001@toric@6, request_msg_id=REQUEST|fastran_FPP_000001@toric@6|FRAMEWORK@Framework@0|76,status=0, args=(None,), message_id=RESPONSE|FRAMEWORK@Framework@0|fastran_FPP_000001@toric@6|3176)
2026-05-06 17:44:41,210 fastran_driver_fastran_driver_2 DEBUG    _get_service_response(REQUEST|fastran_FPP_000001@fastran_driver@2|FRAMEWORK@Framework@0|181), response = ServiceResponseMessage(sender_id=FRAMEWORK@Framework@0, receiver_id=fastran_FPP_000001@fastran_driver@2, request_msg_id=REQUEST|fastran_FPP_000001@fastran_driver@2|FRAMEWORK@Framework@0|181,status=0, args=((0,),), message_id=RESPONSE|FRAMEWORK@Framework@0|fastran_FPP_000001@fastran_driver@2|3177)
2026-05-06 17:44:41,210 fastran_driver_fastran_driver_2 DEBUG    _invoke_service(): getTopic  ('_IPS_MONITOR',)
2026-05-06 17:44:41,210 fastran_driver_fastran_driver_2 DEBUG    _get_service_response(REQUEST|fastran_FPP_000001@fastran_driver@2|FRAMEWORK@Framework@0|182)
2026-05-06 17:44:41,220 fastran_driver_fastran_driver_2 DEBUG    _get_service_response(REQUEST|fastran_FPP_000001@fastran_driver@2|FRAMEWORK@Framework@0|182), response = ServiceResponseMessage(sender_id=FRAMEWORK@Framework@0, receiver_id=fastran_FPP_000001@fastran_driver@2, request_msg_id=REQUEST|fastran_FPP_000001@fastran_driver@2|FRAMEWORK@Framework@0|182,status=0, args=(<ipsframework.cca_es_spec.Topic object at 0x7f54f88d1df0>,), message_id=RESPONSE|FRAMEWORK@Framework@0|fastran_FPP_000001@fastran_driver@2|3178)
2026-05-06 17:44:41,220 fastran_driver_fastran_driver_2 DEBUG    _invoke_service(): sendEvent  ('_IPS_MONITOR', 'PORTAL_EVENT', {'sim_name': 'fastran_FPP_000001', 'real_sim_name': 'fastran_FPP_000001', 'portal_data': {'code': 'fastran_driver_fastran_driver', 'eventtype': 'IPS_CALL_END', 'ok': True, 'walltime': '1416.40', 'time': '2026-05-06|17:44:41PDT', 'trace': {'timestamp': 1778114375729395, 'duration': 305480826, 'localEndpoint': {'serviceName': 'fastran_FPP_000001@toric@6'}, 'name': 'step(3)', 'id': 'f374af5a0ab47e36', 'parentId': 'f899e3e5886669ce', 'tags': {}}, 'state': 'Running', 'comment': 'Target = fastran_FPP_000001@toric@6:step(3)'}})
2026-05-06 17:44:41,221 fastran_driver_fastran_driver_2 DEBUG    _get_service_response(REQUEST|fastran_FPP_000001@fastran_driver@2|FRAMEWORK@Framework@0|183)
2026-05-06 17:44:41,231 fastran_driver_fastran_driver_2 DEBUG    _get_service_response(REQUEST|fastran_FPP_000001@fastran_driver@2|FRAMEWORK@Framework@0|183), response = ServiceResponseMessage(sender_id=FRAMEWORK@Framework@0, receiver_id=fastran_FPP_000001@fastran_driver@2, request_msg_id=REQUEST|fastran_FPP_000001@fastran_driver@2|FRAMEWORK@Framework@0|183,status=0, args=(None,), message_id=RESPONSE|FRAMEWORK@Framework@0|fastran_FPP_000001@fastran_driver@2|3180)
2026-05-06 17:44:41,232 fastran_driver_fastran_driver_2 DEBUG    _invoke_service(): getTopic  ('_IPS_MONITOR',)
2026-05-06 17:44:41,232 fastran_driver_fastran_driver_2 DEBUG    _get_service_response(REQUEST|fastran_FPP_000001@fastran_driver@2|FRAMEWORK@Framework@0|184)
2026-05-06 17:44:41,242 fastran_driver_fastran_driver_2 DEBUG    _get_service_response(REQUEST|fastran_FPP_000001@fastran_driver@2|FRAMEWORK@Framework@0|184), response = ServiceResponseMessage(sender_id=FRAMEWORK@Framework@0, receiver_id=fastran_FPP_000001@fastran_driver@2, request_msg_id=REQUEST|fastran_FPP_000001@fastran_driver@2|FRAMEWORK@Framework@0|184,status=0, args=(<ipsframework.cca_es_spec.Topic object at 0x7f54f88d1e80>,), message_id=RESPONSE|FRAMEWORK@Framework@0|fastran_FPP_000001@fastran_driver@2|3181)
2026-05-06 17:44:41,242 fastran_driver_fastran_driver_2 DEBUG    _invoke_service(): sendEvent  ('_IPS_MONITOR', 'PORTAL_EVENT', {'sim_name': 'fastran_FPP_000001', 'real_sim_name': 'fastran_FPP_000001', 'portal_data': {'code': 'fastran_driver_fastran_driver', 'eventtype': 'IPS_CALL_BEGIN', 'ok': True, 'walltime': '1416.42', 'time': '2026-05-06|17:44:41PDT', 'state': 'Running', 'comment': 'Target = fastran_FPP_000001@efit@7:step(3)'}})
2026-05-06 17:44:41,242 fastran_driver_fastran_driver_2 DEBUG    _get_service_response(REQUEST|fastran_FPP_000001@fastran_driver@2|FRAMEWORK@Framework@0|185)
2026-05-06 17:44:41,253 fastran_driver_fastran_driver_2 DEBUG    _get_service_response(REQUEST|fastran_FPP_000001@fastran_driver@2|FRAMEWORK@Framework@0|185), response = ServiceResponseMessage(sender_id=FRAMEWORK@Framework@0, receiver_id=fastran_FPP_000001@fastran_driver@2, request_msg_id=REQUEST|fastran_FPP_000001@fastran_driver@2|FRAMEWORK@Framework@0|185,status=0, args=(None,), message_id=RESPONSE|FRAMEWORK@Framework@0|fastran_FPP_000001@fastran_driver@2|3182)
2026-05-06 17:44:41,253 fastran_driver_fastran_driver_2 DEBUG    _invoke_service(): init_call  ('step', 3)
2026-05-06 17:44:41,253 fastran_driver_fastran_driver_2 DEBUG    _get_service_response(REQUEST|fastran_FPP_000001@fastran_driver@2|FRAMEWORK@Framework@0|186)
2026-05-06 17:44:41,254 fastran_eq_efit_7 DEBUG    Received Message 
2026-05-06 17:44:41,254 fastran_eq_efit_7 DEBUG    Calling method step(3)
2026-05-06 17:44:41,254 fastran_eq_efit_7 DEBUG    _invoke_service(): stage_state  (['s000001.00001', 'g000001.00001', 'i000001.00001'], '/pscratch/sd/h/hswils/github_repos/MANTA_DBSCANS/TORIC+RAD+TGLF_lowerKr/SCAN/work/plasma_state', '/pscratch/sd/h/hswils/github_repos/MANTA_DBSCANS/TORIC+RAD+TGLF_lowerKr/SCAN/work/fastran_eq_efit_7')
2026-05-06 17:44:41,254 fastran_eq_efit_7 DEBUG    _get_service_response(REQUEST|fastran_FPP_000001@efit@7|FRAMEWORK@Framework@0|24)
2026-05-06 17:44:41,264 fastran_driver_fastran_driver_2 DEBUG    _get_service_response(REQUEST|fastran_FPP_000001@fastran_driver@2|FRAMEWORK@Framework@0|186), response = ServiceResponseMessage(sender_id=FRAMEWORK@Framework@0, receiver_id=fastran_FPP_000001@fastran_driver@2, request_msg_id=REQUEST|fastran_FPP_000001@fastran_driver@2|FRAMEWORK@Framework@0|186,status=0, args=(33,), message_id=RESPONSE|FRAMEWORK@Framework@0|fastran_FPP_000001@fastran_driver@2|3183)
2026-05-06 17:44:41,264 fastran_driver_fastran_driver_2 DEBUG    _invoke_service(): wait_call  (33, True)
2026-05-06 17:44:41,264 fastran_driver_fastran_driver_2 DEBUG    _get_service_response(REQUEST|fastran_FPP_000001@fastran_driver@2|FRAMEWORK@Framework@0|187)
2026-05-06 17:44:41,274 fastran_eq_efit_7 DEBUG    _get_service_response(REQUEST|fastran_FPP_000001@efit@7|FRAMEWORK@Framework@0|24), response = ServiceResponseMessage(sender_id=FRAMEWORK@Framework@0, receiver_id=fastran_FPP_000001@efit@7, request_msg_id=REQUEST|fastran_FPP_000001@efit@7|FRAMEWORK@Framework@0|24,status=0, args=(0,), message_id=RESPONSE|FRAMEWORK@Framework@0|fastran_FPP_000001@efit@7|3184)
2026-05-06 17:44:41,275 fastran_eq_efit_7 DEBUG    _invoke_service(): getTopic  ('_IPS_MONITOR',)
2026-05-06 17:44:41,275 fastran_eq_efit_7 DEBUG    _get_service_response(REQUEST|fastran_FPP_000001@efit@7|FRAMEWORK@Framework@0|25)
2026-05-06 17:44:41,285 fastran_eq_efit_7 DEBUG    _get_service_response(REQUEST|fastran_FPP_000001@efit@7|FRAMEWORK@Framework@0|25), response = ServiceResponseMessage(sender_id=FRAMEWORK@Framework@0, receiver_id=fastran_FPP_000001@efit@7, request_msg_id=REQUEST|fastran_FPP_000001@efit@7|FRAMEWORK@Framework@0|25,status=0, args=(<ipsframework.cca_es_spec.Topic object at 0x7f54f886d7c0>,), message_id=RESPONSE|FRAMEWORK@Framework@0|fastran_FPP_000001@efit@7|3185)
2026-05-06 17:44:41,285 fastran_eq_efit_7 DEBUG    _invoke_service(): sendEvent  ('_IPS_MONITOR', 'PORTAL_EVENT', {'sim_name': 'fastran_FPP_000001', 'real_sim_name': 'fastran_FPP_000001', 'portal_data': {'code': 'fastran_eq_efit', 'eventtype': 'IPS_STAGE_STATE', 'ok': True, 'walltime': '1416.46', 'time': '2026-05-06|17:44:41PDT', 'trace': {'timestamp': 1778114681254631, 'duration': 20408, 'localEndpoint': {'serviceName': 'stage_state'}, 'name': "['s000001.00001', 'g000001.00001', 'i000001.00001']", 'id': '71885aecf25d7412', 'parentId': '1317b13b8666eb0a', 'tags': {}}, 'state': 'Running', 'comment': 'Elapsed time = 0.020  files = s000001.00001 g000001.00001 i000001.00001 Success'}})
2026-05-06 17:44:41,285 fastran_eq_efit_7 DEBUG    _get_service_response(REQUEST|fastran_FPP_000001@efit@7|FRAMEWORK@Framework@0|26)
2026-05-06 17:44:41,296 fastran_eq_efit_7 DEBUG    _get_service_response(REQUEST|fastran_FPP_000001@efit@7|FRAMEWORK@Framework@0|26), response = ServiceResponseMessage(sender_id=FRAMEWORK@Framework@0, receiver_id=fastran_FPP_000001@efit@7, request_msg_id=REQUEST|fastran_FPP_000001@efit@7|FRAMEWORK@Framework@0|26,status=0, args=(None,), message_id=RESPONSE|FRAMEWORK@Framework@0|fastran_FPP_000001@efit@7|3186)
2026-05-06 17:44:43,947 fastran_eq_efit_7 DEBUG    _invoke_service(): update_state  (['s000001.00001', 'g000001.00001', 'i000001.00001'], '/pscratch/sd/h/hswils/github_repos/MANTA_DBSCANS/TORIC+RAD+TGLF_lowerKr/SCAN/work/fastran_eq_efit_7', '/pscratch/sd/h/hswils/github_repos/MANTA_DBSCANS/TORIC+RAD+TGLF_lowerKr/SCAN/work/plasma_state')
2026-05-06 17:44:43,947 fastran_eq_efit_7 DEBUG    _get_service_response(REQUEST|fastran_FPP_000001@efit@7|FRAMEWORK@Framework@0|27)
2026-05-06 17:44:43,967 fastran_eq_efit_7 DEBUG    _get_service_response(REQUEST|fastran_FPP_000001@efit@7|FRAMEWORK@Framework@0|27), response = ServiceResponseMessage(sender_id=FRAMEWORK@Framework@0, receiver_id=fastran_FPP_000001@efit@7, request_msg_id=REQUEST|fastran_FPP_000001@efit@7|FRAMEWORK@Framework@0|27,status=0, args=(0,), message_id=RESPONSE|FRAMEWORK@Framework@0|fastran_FPP_000001@efit@7|3192)
2026-05-06 17:44:43,968 fastran_eq_efit_7 DEBUG    _invoke_service(): getTopic  ('_IPS_MONITOR',)
2026-05-06 17:44:43,968 fastran_eq_efit_7 DEBUG    _get_service_response(REQUEST|fastran_FPP_000001@efit@7|FRAMEWORK@Framework@0|28)
2026-05-06 17:44:43,978 fastran_eq_efit_7 DEBUG    _get_service_response(REQUEST|fastran_FPP_000001@efit@7|FRAMEWORK@Framework@0|28), response = ServiceResponseMessage(sender_id=FRAMEWORK@Framework@0, receiver_id=fastran_FPP_000001@efit@7, request_msg_id=REQUEST|fastran_FPP_000001@efit@7|FRAMEWORK@Framework@0|28,status=0, args=(<ipsframework.cca_es_spec.Topic object at 0x7f54f881e4f0>,), message_id=RESPONSE|FRAMEWORK@Framework@0|fastran_FPP_000001@efit@7|3193)
2026-05-06 17:44:43,978 fastran_eq_efit_7 DEBUG    _invoke_service(): sendEvent  ('_IPS_MONITOR', 'PORTAL_EVENT', {'sim_name': 'fastran_FPP_000001', 'real_sim_name': 'fastran_FPP_000001', 'portal_data': {'code': 'fastran_eq_efit', 'eventtype': 'IPS_UPDATE_STATE', 'ok': True, 'walltime': '1419.16', 'time': '2026-05-06|17:44:43PDT', 'trace': {'timestamp': 1778114683946751, 'duration': 21237, 'localEndpoint': {'serviceName': 'update_state'}, 'name': "['s000001.00001', 'g000001.00001', 'i000001.00001']", 'id': '7629e189a66153c0', 'parentId': '1317b13b8666eb0a', 'tags': {}}, 'state': 'Running', 'comment': 'Elapsed time = 0.021   files = s000001.00001 g000001.00001 i000001.00001 Success'}})
2026-05-06 17:44:43,978 fastran_eq_efit_7 DEBUG    _get_service_response(REQUEST|fastran_FPP_000001@efit@7|FRAMEWORK@Framework@0|29)
2026-05-06 17:44:43,989 fastran_eq_efit_7 DEBUG    _get_service_response(REQUEST|fastran_FPP_000001@efit@7|FRAMEWORK@Framework@0|29), response = ServiceResponseMessage(sender_id=FRAMEWORK@Framework@0, receiver_id=fastran_FPP_000001@efit@7, request_msg_id=REQUEST|fastran_FPP_000001@efit@7|FRAMEWORK@Framework@0|29,status=0, args=(None,), message_id=RESPONSE|FRAMEWORK@Framework@0|fastran_FPP_000001@efit@7|3194)
2026-05-06 17:44:44,018 fastran_eq_efit_7 DEBUG    _invoke_service(): getTopic  ('_IPS_MONITOR',)
2026-05-06 17:44:44,018 fastran_eq_efit_7 DEBUG    _get_service_response(REQUEST|fastran_FPP_000001@efit@7|FRAMEWORK@Framework@0|30)
2026-05-06 17:44:44,028 fastran_eq_efit_7 DEBUG    _get_service_response(REQUEST|fastran_FPP_000001@efit@7|FRAMEWORK@Framework@0|30), response = ServiceResponseMessage(sender_id=FRAMEWORK@Framework@0, receiver_id=fastran_FPP_000001@efit@7, request_msg_id=REQUEST|fastran_FPP_000001@efit@7|FRAMEWORK@Framework@0|30,status=0, args=(<ipsframework.cca_es_spec.Topic object at 0x7f54f881e370>,), message_id=RESPONSE|FRAMEWORK@Framework@0|fastran_FPP_000001@efit@7|3195)
2026-05-06 17:44:44,028 fastran_eq_efit_7 DEBUG    _invoke_service(): sendEvent  ('_IPS_MONITOR', 'PORTAL_EVENT', {'sim_name': 'fastran_FPP_000001', 'real_sim_name': 'fastran_FPP_000001', 'portal_data': {'code': 'fastran_eq_efit', 'eventtype': 'IPS_STAGE_OUTPUTS', 'ok': True, 'walltime': '1419.21', 'time': '2026-05-06|17:44:44PDT', 'trace': {'timestamp': 1778114683989650, 'duration': 28382, 'localEndpoint': {'serviceName': 'stage_output_files'}, 'name': "['g*.*', 'a*.*', 'm*.*', 'k*.*', 'efit.log', 's*.*']", 'id': '80725d8eee5776f1', 'parentId': '1317b13b8666eb0a', 'tags': {}}, 'state': 'Running', 'comment': "Elapsed time = 0.028 Path = /pscratch/sd/h/hswils/github_repos/MANTA_DBSCANS/TORIC+RAD+TGLF_lowerKr/SCAN/simulation_results/3/components/fastran_eq_efit_7 Files = ['g*.*', 'a*.*', 'm*.*', 'k*.*', 'efit.log', 's*.*']"}})
2026-05-06 17:44:44,028 fastran_eq_efit_7 DEBUG    _get_service_response(REQUEST|fastran_FPP_000001@efit@7|FRAMEWORK@Framework@0|31)
2026-05-06 17:44:44,039 fastran_eq_efit_7 DEBUG    _get_service_response(REQUEST|fastran_FPP_000001@efit@7|FRAMEWORK@Framework@0|31), response = ServiceResponseMessage(sender_id=FRAMEWORK@Framework@0, receiver_id=fastran_FPP_000001@efit@7, request_msg_id=REQUEST|fastran_FPP_000001@efit@7|FRAMEWORK@Framework@0|31,status=0, args=(None,), message_id=RESPONSE|FRAMEWORK@Framework@0|fastran_FPP_000001@efit@7|3196)
2026-05-06 17:44:44,051 fastran_driver_fastran_driver_2 DEBUG    _get_service_response(REQUEST|fastran_FPP_000001@fastran_driver@2|FRAMEWORK@Framework@0|187), response = ServiceResponseMessage(sender_id=FRAMEWORK@Framework@0, receiver_id=fastran_FPP_000001@fastran_driver@2, request_msg_id=REQUEST|fastran_FPP_000001@fastran_driver@2|FRAMEWORK@Framework@0|187,status=0, args=((None,),), message_id=RESPONSE|FRAMEWORK@Framework@0|fastran_FPP_000001@fastran_driver@2|3197)
2026-05-06 17:44:44,051 fastran_driver_fastran_driver_2 DEBUG    _invoke_service(): getTopic  ('_IPS_MONITOR',)
2026-05-06 17:44:44,051 fastran_driver_fastran_driver_2 DEBUG    _get_service_response(REQUEST|fastran_FPP_000001@fastran_driver@2|FRAMEWORK@Framework@0|188)
2026-05-06 17:44:44,062 fastran_driver_fastran_driver_2 DEBUG    _get_service_response(REQUEST|fastran_FPP_000001@fastran_driver@2|FRAMEWORK@Framework@0|188), response = ServiceResponseMessage(sender_id=FRAMEWORK@Framework@0, receiver_id=fastran_FPP_000001@fastran_driver@2, request_msg_id=REQUEST|fastran_FPP_000001@fastran_driver@2|FRAMEWORK@Framework@0|188,status=0, args=(<ipsframework.cca_es_spec.Topic object at 0x7f54f88d1fa0>,), message_id=RESPONSE|FRAMEWORK@Framework@0|fastran_FPP_000001@fastran_driver@2|3198)
2026-05-06 17:44:44,062 fastran_driver_fastran_driver_2 DEBUG    _invoke_service(): sendEvent  ('_IPS_MONITOR', 'PORTAL_EVENT', {'sim_name': 'fastran_FPP_000001', 'real_sim_name': 'fastran_FPP_000001', 'portal_data': {'code': 'fastran_driver_fastran_driver', 'eventtype': 'IPS_CALL_END', 'ok': True, 'walltime': '1419.24', 'time': '2026-05-06|17:44:44PDT', 'trace': {'timestamp': 1778114681264187, 'duration': 2787077, 'localEndpoint': {'serviceName': 'fastran_FPP_000001@efit@7'}, 'name': 'step(3)', 'id': '1317b13b8666eb0a', 'parentId': 'f899e3e5886669ce', 'tags': {}}, 'state': 'Running', 'comment': 'Target = fastran_FPP_000001@efit@7:step(3)'}})
2026-05-06 17:44:44,062 fastran_driver_fastran_driver_2 DEBUG    _get_service_response(REQUEST|fastran_FPP_000001@fastran_driver@2|FRAMEWORK@Framework@0|189)
2026-05-06 17:44:44,072 fastran_driver_fastran_driver_2 DEBUG    _get_service_response(REQUEST|fastran_FPP_000001@fastran_driver@2|FRAMEWORK@Framework@0|189), response = ServiceResponseMessage(sender_id=FRAMEWORK@Framework@0, receiver_id=fastran_FPP_000001@fastran_driver@2, request_msg_id=REQUEST|fastran_FPP_000001@fastran_driver@2|FRAMEWORK@Framework@0|189,status=0, args=(None,), message_id=RESPONSE|FRAMEWORK@Framework@0|fastran_FPP_000001@fastran_driver@2|3199)
2026-05-06 17:44:44,072 fastran_driver_fastran_driver_2 DEBUG    _invoke_service(): getTopic  ('_IPS_MONITOR',)
2026-05-06 17:44:44,072 fastran_driver_fastran_driver_2 DEBUG    _get_service_response(REQUEST|fastran_FPP_000001@fastran_driver@2|FRAMEWORK@Framework@0|190)
2026-05-06 17:44:44,083 fastran_driver_fastran_driver_2 DEBUG    _get_service_response(REQUEST|fastran_FPP_000001@fastran_driver@2|FRAMEWORK@Framework@0|190), response = ServiceResponseMessage(sender_id=FRAMEWORK@Framework@0, receiver_id=fastran_FPP_000001@fastran_driver@2, request_msg_id=REQUEST|fastran_FPP_000001@fastran_driver@2|FRAMEWORK@Framework@0|190,status=0, args=(<ipsframework.cca_es_spec.Topic object at 0x7f54f88d1f70>,), message_id=RESPONSE|FRAMEWORK@Framework@0|fastran_FPP_000001@fastran_driver@2|3200)
2026-05-06 17:44:44,083 fastran_driver_fastran_driver_2 DEBUG    _invoke_service(): sendEvent  ('_IPS_MONITOR', 'PORTAL_EVENT', {'sim_name': 'fastran_FPP_000001', 'real_sim_name': 'fastran_FPP_000001', 'portal_data': {'code': 'fastran_driver_fastran_driver', 'eventtype': 'IPS_CALL_BEGIN', 'ok': True, 'walltime': '1419.26', 'time': '2026-05-06|17:44:44PDT', 'state': 'Running', 'comment': 'Target = fastran_FPP_000001@fastran@8:step(3)'}})
2026-05-06 17:44:44,083 fastran_driver_fastran_driver_2 DEBUG    _get_service_response(REQUEST|fastran_FPP_000001@fastran_driver@2|FRAMEWORK@Framework@0|191)
2026-05-06 17:44:44,094 fastran_driver_fastran_driver_2 DEBUG    _get_service_response(REQUEST|fastran_FPP_000001@fastran_driver@2|FRAMEWORK@Framework@0|191), response = ServiceResponseMessage(sender_id=FRAMEWORK@Framework@0, receiver_id=fastran_FPP_000001@fastran_driver@2, request_msg_id=REQUEST|fastran_FPP_000001@fastran_driver@2|FRAMEWORK@Framework@0|191,status=0, args=(None,), message_id=RESPONSE|FRAMEWORK@Framework@0|fastran_FPP_000001@fastran_driver@2|3201)
2026-05-06 17:44:44,094 fastran_driver_fastran_driver_2 DEBUG    _invoke_service(): init_call  ('step', 3)
2026-05-06 17:44:44,094 fastran_driver_fastran_driver_2 DEBUG    _get_service_response(REQUEST|fastran_FPP_000001@fastran_driver@2|FRAMEWORK@Framework@0|192)
2026-05-06 17:44:44,095 fastran_tr_fastran_8 DEBUG    Received Message 
2026-05-06 17:44:44,095 fastran_tr_fastran_8 DEBUG    Calling method step(3)
2026-05-06 17:44:44,095 fastran_tr_fastran_8 DEBUG    _invoke_service(): stage_state  (['s000001.00001', 'g000001.00001', 'i000001.00001'], '/pscratch/sd/h/hswils/github_repos/MANTA_DBSCANS/TORIC+RAD+TGLF_lowerKr/SCAN/work/plasma_state', '/pscratch/sd/h/hswils/github_repos/MANTA_DBSCANS/TORIC+RAD+TGLF_lowerKr/SCAN/work/fastran_tr_fastran_8')
2026-05-06 17:44:44,095 fastran_tr_fastran_8 DEBUG    _get_service_response(REQUEST|fastran_FPP_000001@fastran@8|FRAMEWORK@Framework@0|48)
2026-05-06 17:44:44,105 fastran_driver_fastran_driver_2 DEBUG    _get_service_response(REQUEST|fastran_FPP_000001@fastran_driver@2|FRAMEWORK@Framework@0|192), response = ServiceResponseMessage(sender_id=FRAMEWORK@Framework@0, receiver_id=fastran_FPP_000001@fastran_driver@2, request_msg_id=REQUEST|fastran_FPP_000001@fastran_driver@2|FRAMEWORK@Framework@0|192,status=0, args=(34,), message_id=RESPONSE|FRAMEWORK@Framework@0|fastran_FPP_000001@fastran_driver@2|3202)
2026-05-06 17:44:44,105 fastran_driver_fastran_driver_2 DEBUG    _invoke_service(): wait_call  (34, True)
2026-05-06 17:44:44,105 fastran_driver_fastran_driver_2 DEBUG    _get_service_response(REQUEST|fastran_FPP_000001@fastran_driver@2|FRAMEWORK@Framework@0|193)
2026-05-06 17:44:44,116 fastran_tr_fastran_8 DEBUG    _get_service_response(REQUEST|fastran_FPP_000001@fastran@8|FRAMEWORK@Framework@0|48), response = ServiceResponseMessage(sender_id=FRAMEWORK@Framework@0, receiver_id=fastran_FPP_000001@fastran@8, request_msg_id=REQUEST|fastran_FPP_000001@fastran@8|FRAMEWORK@Framework@0|48,status=0, args=(0,), message_id=RESPONSE|FRAMEWORK@Framework@0|fastran_FPP_000001@fastran@8|3203)
2026-05-06 17:44:44,116 fastran_tr_fastran_8 DEBUG    _invoke_service(): getTopic  ('_IPS_MONITOR',)
2026-05-06 17:44:44,116 fastran_tr_fastran_8 DEBUG    _get_service_response(REQUEST|fastran_FPP_000001@fastran@8|FRAMEWORK@Framework@0|49)
2026-05-06 17:44:44,126 fastran_tr_fastran_8 DEBUG    _get_service_response(REQUEST|fastran_FPP_000001@fastran@8|FRAMEWORK@Framework@0|49), response = ServiceResponseMessage(sender_id=FRAMEWORK@Framework@0, receiver_id=fastran_FPP_000001@fastran@8, request_msg_id=REQUEST|fastran_FPP_000001@fastran@8|FRAMEWORK@Framework@0|49,status=0, args=(<ipsframework.cca_es_spec.Topic object at 0x7f54f8863eb0>,), message_id=RESPONSE|FRAMEWORK@Framework@0|fastran_FPP_000001@fastran@8|3204)
2026-05-06 17:44:44,126 fastran_tr_fastran_8 DEBUG    _invoke_service(): sendEvent  ('_IPS_MONITOR', 'PORTAL_EVENT', {'sim_name': 'fastran_FPP_000001', 'real_sim_name': 'fastran_FPP_000001', 'portal_data': {'code': 'fastran_tr_fastran', 'eventtype': 'IPS_STAGE_STATE', 'ok': True, 'walltime': '1419.31', 'time': '2026-05-06|17:44:44PDT', 'trace': {'timestamp': 1778114684095506, 'duration': 20628, 'localEndpoint': {'serviceName': 'stage_state'}, 'name': "['s000001.00001', 'g000001.00001', 'i000001.00001']", 'id': '71885aecf25d7412', 'parentId': '013a85ae9ab26b7c', 'tags': {}}, 'state': 'Running', 'comment': 'Elapsed time = 0.021  files = s000001.00001 g000001.00001 i000001.00001 Success'}})
2026-05-06 17:44:44,126 fastran_tr_fastran_8 DEBUG    _get_service_response(REQUEST|fastran_FPP_000001@fastran@8|FRAMEWORK@Framework@0|50)
2026-05-06 17:44:44,137 fastran_tr_fastran_8 DEBUG    _get_service_response(REQUEST|fastran_FPP_000001@fastran@8|FRAMEWORK@Framework@0|50), response = ServiceResponseMessage(sender_id=FRAMEWORK@Framework@0, receiver_id=fastran_FPP_000001@fastran@8, request_msg_id=REQUEST|fastran_FPP_000001@fastran@8|FRAMEWORK@Framework@0|50,status=0, args=(None,), message_id=RESPONSE|FRAMEWORK@Framework@0|fastran_FPP_000001@fastran@8|3205)
2026-05-06 17:44:44,145 fastran_tr_fastran_8 DEBUG    _invoke_service(): getTopic  ('_IPS_MONITOR',)
2026-05-06 17:44:44,145 fastran_tr_fastran_8 DEBUG    _get_service_response(REQUEST|fastran_FPP_000001@fastran@8|FRAMEWORK@Framework@0|51)
2026-05-06 17:44:44,156 fastran_tr_fastran_8 DEBUG    _get_service_response(REQUEST|fastran_FPP_000001@fastran@8|FRAMEWORK@Framework@0|51), response = ServiceResponseMessage(sender_id=FRAMEWORK@Framework@0, receiver_id=fastran_FPP_000001@fastran@8, request_msg_id=REQUEST|fastran_FPP_000001@fastran@8|FRAMEWORK@Framework@0|51,status=0, args=(<ipsframework.cca_es_spec.Topic object at 0x7f54f8875c70>,), message_id=RESPONSE|FRAMEWORK@Framework@0|fastran_FPP_000001@fastran@8|3206)
2026-05-06 17:44:44,156 fastran_tr_fastran_8 DEBUG    _invoke_service(): sendEvent  ('_IPS_MONITOR', 'PORTAL_EVENT', {'sim_name': 'fastran_FPP_000001', 'real_sim_name': 'fastran_FPP_000001', 'portal_data': {'code': 'fastran_tr_fastran', 'eventtype': 'IPS_STAGE_INPUTS', 'ok': True, 'walltime': '1419.33', 'time': '2026-05-06|17:44:44PDT', 'trace': {'timestamp': 1778114684137907, 'duration': 7713, 'localEndpoint': {'serviceName': 'stage_input_files'}, 'name': 'infastran intglf', 'id': '5ff6e2efe4653e6c', 'parentId': '013a85ae9ab26b7c', 'tags': {}}, 'state': 'Running', 'comment': 'Elapsed time = 0.008 Path = /pscratch/sd/h/hswils/github_repos/MANTA_DBSCANS/TORIC+RAD+TGLF_lowerKr/input Files = infastran intglf'}})
2026-05-06 17:44:44,156 fastran_tr_fastran_8 DEBUG    _get_service_response(REQUEST|fastran_FPP_000001@fastran@8|FRAMEWORK@Framework@0|52)
2026-05-06 17:44:44,166 fastran_tr_fastran_8 DEBUG    _get_service_response(REQUEST|fastran_FPP_000001@fastran@8|FRAMEWORK@Framework@0|52), response = ServiceResponseMessage(sender_id=FRAMEWORK@Framework@0, receiver_id=fastran_FPP_000001@fastran@8, request_msg_id=REQUEST|fastran_FPP_000001@fastran@8|FRAMEWORK@Framework@0|52,status=0, args=(None,), message_id=RESPONSE|FRAMEWORK@Framework@0|fastran_FPP_000001@fastran@8|3207)
2026-05-06 17:44:44,386 fastran_tr_fastran_8 DEBUG    _invoke_service(): init_task  (TaskInit(nproc=126, binary='/global/common/software/atom/perlmutter/binaries/fastran/default/xfastran_ver1.07', working_dir='/pscratch/sd/h/hswils/github_repos/MANTA_DBSCANS/TORIC+RAD+TGLF_lowerKr/SCAN/work/fastran_tr_fastran_8', tppn=0, tcpp=0, tgpp=0, block=True, omp=False, wnodes=True, wsocks=True, cmd_args=('6', '21')),)
2026-05-06 17:44:44,386 fastran_tr_fastran_8 DEBUG    _get_service_response(REQUEST|fastran_FPP_000001@fastran@8|FRAMEWORK@Framework@0|53)
2026-05-06 17:44:44,397 fastran_tr_fastran_8 DEBUG    _get_service_response(REQUEST|fastran_FPP_000001@fastran@8|FRAMEWORK@Framework@0|53), response = ServiceResponseMessage(sender_id=FRAMEWORK@Framework@0, receiver_id=fastran_FPP_000001@fastran@8, request_msg_id=REQUEST|fastran_FPP_000001@fastran@8|FRAMEWORK@Framework@0|53,status=0, args=((9, 'srun -N 1 -n 126 -c 1 --threads-per-core=1 --cpu-bind=cores /global/common/software/atom/perlmutter/binaries/fastran/default/xfastran_ver1.07 6 21', None, 128),), message_id=RESPONSE|FRAMEWORK@Framework@0|fastran_FPP_000001@fastran@8|3209)
2026-05-06 17:44:44,398 fastran_tr_fastran_8 DEBUG    Launching command : srun -N 1 -n 126 -c 1 --threads-per-core=1 --cpu-bind=cores /global/common/software/atom/perlmutter/binaries/fastran/default/xfastran_ver1.07 6 21
2026-05-06 17:44:44,434 fastran_tr_fastran_8 DEBUG    _invoke_service(): getTopic  ('_IPS_MONITOR',)
2026-05-06 17:44:44,435 fastran_tr_fastran_8 DEBUG    _get_service_response(REQUEST|fastran_FPP_000001@fastran@8|FRAMEWORK@Framework@0|54)
2026-05-06 17:44:44,446 fastran_tr_fastran_8 DEBUG    _get_service_response(REQUEST|fastran_FPP_000001@fastran@8|FRAMEWORK@Framework@0|54), response = ServiceResponseMessage(sender_id=FRAMEWORK@Framework@0, receiver_id=fastran_FPP_000001@fastran@8, request_msg_id=REQUEST|fastran_FPP_000001@fastran@8|FRAMEWORK@Framework@0|54,status=0, args=(<ipsframework.cca_es_spec.Topic object at 0x7f54f8875eb0>,), message_id=RESPONSE|FRAMEWORK@Framework@0|fastran_FPP_000001@fastran@8|3210)
2026-05-06 17:44:44,446 fastran_tr_fastran_8 DEBUG    _invoke_service(): sendEvent  ('_IPS_MONITOR', 'PORTAL_EVENT', {'sim_name': 'fastran_FPP_000001', 'real_sim_name': 'fastran_FPP_000001', 'portal_data': {'code': 'fastran_tr_fastran', 'eventtype': 'IPS_LAUNCH_TASK', 'ok': True, 'walltime': '1419.62', 'time': '2026-05-06|17:44:44PDT', 'state': 'Running', 'comment': 'task_id = 9 , Tag = None , nproc = 126 , Target = srun -N 1 -n 126 -c 1 --threads-per-core=1 --cpu-bind=cores /global/common/software/atom/perlmutter/binaries/fastran/default/xfastran_ver1.07 6 21'}})
2026-05-06 17:44:44,446 fastran_tr_fastran_8 DEBUG    _get_service_response(REQUEST|fastran_FPP_000001@fastran@8|FRAMEWORK@Framework@0|55)
2026-05-06 17:44:44,457 fastran_tr_fastran_8 DEBUG    _get_service_response(REQUEST|fastran_FPP_000001@fastran@8|FRAMEWORK@Framework@0|55), response = ServiceResponseMessage(sender_id=FRAMEWORK@Framework@0, receiver_id=fastran_FPP_000001@fastran@8, request_msg_id=REQUEST|fastran_FPP_000001@fastran@8|FRAMEWORK@Framework@0|55,status=0, args=(None,), message_id=RESPONSE|FRAMEWORK@Framework@0|fastran_FPP_000001@fastran@8|3211)
2026-05-06 17:45:38,358 fastran_tr_fastran_8 DEBUG    _invoke_service(): getTopic  ('_IPS_MONITOR',)
2026-05-06 17:45:38,359 fastran_tr_fastran_8 DEBUG    _get_service_response(REQUEST|fastran_FPP_000001@fastran@8|FRAMEWORK@Framework@0|56)
2026-05-06 17:45:38,369 fastran_tr_fastran_8 DEBUG    _get_service_response(REQUEST|fastran_FPP_000001@fastran@8|FRAMEWORK@Framework@0|56), response = ServiceResponseMessage(sender_id=FRAMEWORK@Framework@0, receiver_id=fastran_FPP_000001@fastran@8, request_msg_id=REQUEST|fastran_FPP_000001@fastran@8|FRAMEWORK@Framework@0|56,status=0, args=(<ipsframework.cca_es_spec.Topic object at 0x7f54f8875a00>,), message_id=RESPONSE|FRAMEWORK@Framework@0|fastran_FPP_000001@fastran@8|3317)
2026-05-06 17:45:38,370 fastran_tr_fastran_8 DEBUG    _invoke_service(): sendEvent  ('_IPS_MONITOR', 'PORTAL_EVENT', {'sim_name': 'fastran_FPP_000001', 'real_sim_name': 'fastran_FPP_000001', 'portal_data': {'code': 'fastran_tr_fastran', 'eventtype': 'IPS_TASK_END', 'ok': True, 'walltime': '1473.55', 'time': '2026-05-06|17:45:38PDT', 'trace': {'timestamp': 1778114684434400, 'duration': 53924361, 'localEndpoint': {'serviceName': '/global/common/software/atom/perlmutter/binaries/fastran/default/xfastran_ver1.07'}, 'name': '6 21', 'id': 'ad0cfcca51c066f5', 'parentId': '013a85ae9ab26b7c', 'tags': {'procs_requested': '126', 'cores_allocated': '128'}}, 'state': 'Running', 'comment': 'task_id = 9  elapsed time = 53.92 S'}})
2026-05-06 17:45:38,370 fastran_tr_fastran_8 DEBUG    _get_service_response(REQUEST|fastran_FPP_000001@fastran@8|FRAMEWORK@Framework@0|57)
2026-05-06 17:45:38,380 fastran_tr_fastran_8 DEBUG    _get_service_response(REQUEST|fastran_FPP_000001@fastran@8|FRAMEWORK@Framework@0|57), response = ServiceResponseMessage(sender_id=FRAMEWORK@Framework@0, receiver_id=fastran_FPP_000001@fastran@8, request_msg_id=REQUEST|fastran_FPP_000001@fastran@8|FRAMEWORK@Framework@0|57,status=0, args=(None,), message_id=RESPONSE|FRAMEWORK@Framework@0|fastran_FPP_000001@fastran@8|3318)
2026-05-06 17:45:38,380 fastran_tr_fastran_8 DEBUG    _invoke_service(): finish_task  (9, 0)
2026-05-06 17:45:38,381 fastran_tr_fastran_8 DEBUG    _get_service_response(REQUEST|fastran_FPP_000001@fastran@8|FRAMEWORK@Framework@0|58)
2026-05-06 17:45:38,392 fastran_tr_fastran_8 DEBUG    _get_service_response(REQUEST|fastran_FPP_000001@fastran@8|FRAMEWORK@Framework@0|58), response = ServiceResponseMessage(sender_id=FRAMEWORK@Framework@0, receiver_id=fastran_FPP_000001@fastran@8, request_msg_id=REQUEST|fastran_FPP_000001@fastran@8|FRAMEWORK@Framework@0|58,status=0, args=(0,), message_id=RESPONSE|FRAMEWORK@Framework@0|fastran_FPP_000001@fastran@8|3319)
2026-05-06 17:45:38,645 fastran_tr_fastran_8 DEBUG    _invoke_service(): update_state  (['s000001.00001', 'g000001.00001', 'i000001.00001'], '/pscratch/sd/h/hswils/github_repos/MANTA_DBSCANS/TORIC+RAD+TGLF_lowerKr/SCAN/work/fastran_tr_fastran_8', '/pscratch/sd/h/hswils/github_repos/MANTA_DBSCANS/TORIC+RAD+TGLF_lowerKr/SCAN/work/plasma_state')
2026-05-06 17:45:38,645 fastran_tr_fastran_8 DEBUG    _get_service_response(REQUEST|fastran_FPP_000001@fastran@8|FRAMEWORK@Framework@0|59)
2026-05-06 17:45:38,665 fastran_tr_fastran_8 DEBUG    _get_service_response(REQUEST|fastran_FPP_000001@fastran@8|FRAMEWORK@Framework@0|59), response = ServiceResponseMessage(sender_id=FRAMEWORK@Framework@0, receiver_id=fastran_FPP_000001@fastran@8, request_msg_id=REQUEST|fastran_FPP_000001@fastran@8|FRAMEWORK@Framework@0|59,status=0, args=(0,), message_id=RESPONSE|FRAMEWORK@Framework@0|fastran_FPP_000001@fastran@8|3321)
2026-05-06 17:45:38,666 fastran_tr_fastran_8 DEBUG    _invoke_service(): getTopic  ('_IPS_MONITOR',)
2026-05-06 17:45:38,666 fastran_tr_fastran_8 DEBUG    _get_service_response(REQUEST|fastran_FPP_000001@fastran@8|FRAMEWORK@Framework@0|60)
2026-05-06 17:45:38,676 fastran_tr_fastran_8 DEBUG    _get_service_response(REQUEST|fastran_FPP_000001@fastran@8|FRAMEWORK@Framework@0|60), response = ServiceResponseMessage(sender_id=FRAMEWORK@Framework@0, receiver_id=fastran_FPP_000001@fastran@8, request_msg_id=REQUEST|fastran_FPP_000001@fastran@8|FRAMEWORK@Framework@0|60,status=0, args=(<ipsframework.cca_es_spec.Topic object at 0x7f54f87bd4c0>,), message_id=RESPONSE|FRAMEWORK@Framework@0|fastran_FPP_000001@fastran@8|3322)
2026-05-06 17:45:38,676 fastran_tr_fastran_8 DEBUG    _invoke_service(): sendEvent  ('_IPS_MONITOR', 'PORTAL_EVENT', {'sim_name': 'fastran_FPP_000001', 'real_sim_name': 'fastran_FPP_000001', 'portal_data': {'code': 'fastran_tr_fastran', 'eventtype': 'IPS_UPDATE_STATE', 'ok': True, 'walltime': '1473.85', 'time': '2026-05-06|17:45:38PDT', 'trace': {'timestamp': 1778114738645644, 'duration': 20372, 'localEndpoint': {'serviceName': 'update_state'}, 'name': "['s000001.00001', 'g000001.00001', 'i000001.00001']", 'id': '7629e189a66153c0', 'parentId': '013a85ae9ab26b7c', 'tags': {}}, 'state': 'Running', 'comment': 'Elapsed time = 0.020   files = s000001.00001 g000001.00001 i000001.00001 Success'}})
2026-05-06 17:45:38,676 fastran_tr_fastran_8 DEBUG    _get_service_response(REQUEST|fastran_FPP_000001@fastran@8|FRAMEWORK@Framework@0|61)
2026-05-06 17:45:38,687 fastran_tr_fastran_8 DEBUG    _get_service_response(REQUEST|fastran_FPP_000001@fastran@8|FRAMEWORK@Framework@0|61), response = ServiceResponseMessage(sender_id=FRAMEWORK@Framework@0, receiver_id=fastran_FPP_000001@fastran@8, request_msg_id=REQUEST|fastran_FPP_000001@fastran@8|FRAMEWORK@Framework@0|61,status=0, args=(None,), message_id=RESPONSE|FRAMEWORK@Framework@0|fastran_FPP_000001@fastran@8|3323)
2026-05-06 17:45:38,706 fastran_tr_fastran_8 DEBUG    _invoke_service(): getTopic  ('_IPS_MONITOR',)
2026-05-06 17:45:38,707 fastran_tr_fastran_8 DEBUG    _get_service_response(REQUEST|fastran_FPP_000001@fastran@8|FRAMEWORK@Framework@0|62)
2026-05-06 17:45:38,717 fastran_tr_fastran_8 DEBUG    _get_service_response(REQUEST|fastran_FPP_000001@fastran@8|FRAMEWORK@Framework@0|62), response = ServiceResponseMessage(sender_id=FRAMEWORK@Framework@0, receiver_id=fastran_FPP_000001@fastran@8, request_msg_id=REQUEST|fastran_FPP_000001@fastran@8|FRAMEWORK@Framework@0|62,status=0, args=(<ipsframework.cca_es_spec.Topic object at 0x7f54f87bd5b0>,), message_id=RESPONSE|FRAMEWORK@Framework@0|fastran_FPP_000001@fastran@8|3324)
2026-05-06 17:45:38,717 fastran_tr_fastran_8 DEBUG    _invoke_service(): sendEvent  ('_IPS_MONITOR', 'PORTAL_EVENT', {'sim_name': 'fastran_FPP_000001', 'real_sim_name': 'fastran_FPP_000001', 'portal_data': {'code': 'fastran_tr_fastran', 'eventtype': 'IPS_STAGE_OUTPUTS', 'ok': True, 'walltime': '1473.90', 'time': '2026-05-06|17:45:38PDT', 'trace': {'timestamp': 1778114738687721, 'duration': 19003, 'localEndpoint': {'serviceName': 'stage_output_files'}, 'name': "['fastran.nc', 'inprof', 'inmetric', 'infastran', 'intglf', 'xfastran.log', 'i000001.00001']", 'id': '7349cfaaafc33980', 'parentId': '013a85ae9ab26b7c', 'tags': {}}, 'state': 'Running', 'comment': "Elapsed time = 0.019 Path = /pscratch/sd/h/hswils/github_repos/MANTA_DBSCANS/TORIC+RAD+TGLF_lowerKr/SCAN/simulation_results/3/components/fastran_tr_fastran_8 Files = ['fastran.nc', 'inprof', 'inmetric', 'infastran', 'intglf', 'xfastran.log', 'i000001.00001']"}})
2026-05-06 17:45:38,717 fastran_tr_fastran_8 DEBUG    _get_service_response(REQUEST|fastran_FPP_000001@fastran@8|FRAMEWORK@Framework@0|63)
2026-05-06 17:45:38,728 fastran_tr_fastran_8 DEBUG    _get_service_response(REQUEST|fastran_FPP_000001@fastran@8|FRAMEWORK@Framework@0|63), response = ServiceResponseMessage(sender_id=FRAMEWORK@Framework@0, receiver_id=fastran_FPP_000001@fastran@8, request_msg_id=REQUEST|fastran_FPP_000001@fastran@8|FRAMEWORK@Framework@0|63,status=0, args=(None,), message_id=RESPONSE|FRAMEWORK@Framework@0|fastran_FPP_000001@fastran@8|3325)
2026-05-06 17:45:38,738 fastran_driver_fastran_driver_2 DEBUG    _get_service_response(REQUEST|fastran_FPP_000001@fastran_driver@2|FRAMEWORK@Framework@0|193), response = ServiceResponseMessage(sender_id=FRAMEWORK@Framework@0, receiver_id=fastran_FPP_000001@fastran_driver@2, request_msg_id=REQUEST|fastran_FPP_000001@fastran_driver@2|FRAMEWORK@Framework@0|193,status=0, args=((None,),), message_id=RESPONSE|FRAMEWORK@Framework@0|fastran_FPP_000001@fastran_driver@2|3326)
2026-05-06 17:45:38,739 fastran_driver_fastran_driver_2 DEBUG    _invoke_service(): getTopic  ('_IPS_MONITOR',)
2026-05-06 17:45:38,739 fastran_driver_fastran_driver_2 DEBUG    _get_service_response(REQUEST|fastran_FPP_000001@fastran_driver@2|FRAMEWORK@Framework@0|194)
2026-05-06 17:45:38,749 fastran_driver_fastran_driver_2 DEBUG    _get_service_response(REQUEST|fastran_FPP_000001@fastran_driver@2|FRAMEWORK@Framework@0|194), response = ServiceResponseMessage(sender_id=FRAMEWORK@Framework@0, receiver_id=fastran_FPP_000001@fastran_driver@2, request_msg_id=REQUEST|fastran_FPP_000001@fastran_driver@2|FRAMEWORK@Framework@0|194,status=0, args=(<ipsframework.cca_es_spec.Topic object at 0x7f54f88d1cd0>,), message_id=RESPONSE|FRAMEWORK@Framework@0|fastran_FPP_000001@fastran_driver@2|3327)
2026-05-06 17:45:38,749 fastran_driver_fastran_driver_2 DEBUG    _invoke_service(): sendEvent  ('_IPS_MONITOR', 'PORTAL_EVENT', {'sim_name': 'fastran_FPP_000001', 'real_sim_name': 'fastran_FPP_000001', 'portal_data': {'code': 'fastran_driver_fastran_driver', 'eventtype': 'IPS_CALL_END', 'ok': True, 'walltime': '1473.93', 'time': '2026-05-06|17:45:38PDT', 'trace': {'timestamp': 1778114684105286, 'duration': 54633750, 'localEndpoint': {'serviceName': 'fastran_FPP_000001@fastran@8'}, 'name': 'step(3)', 'id': '013a85ae9ab26b7c', 'parentId': 'f899e3e5886669ce', 'tags': {}}, 'state': 'Running', 'comment': 'Target = fastran_FPP_000001@fastran@8:step(3)'}})
2026-05-06 17:45:38,749 fastran_driver_fastran_driver_2 DEBUG    _get_service_response(REQUEST|fastran_FPP_000001@fastran_driver@2|FRAMEWORK@Framework@0|195)
2026-05-06 17:45:38,760 fastran_driver_fastran_driver_2 DEBUG    _get_service_response(REQUEST|fastran_FPP_000001@fastran_driver@2|FRAMEWORK@Framework@0|195), response = ServiceResponseMessage(sender_id=FRAMEWORK@Framework@0, receiver_id=fastran_FPP_000001@fastran_driver@2, request_msg_id=REQUEST|fastran_FPP_000001@fastran_driver@2|FRAMEWORK@Framework@0|195,status=0, args=(None,), message_id=RESPONSE|FRAMEWORK@Framework@0|fastran_FPP_000001@fastran_driver@2|3328)
2026-05-06 17:45:38,760 fastran_driver_fastran_driver_2 DEBUG    _invoke_service(): stage_state  (['s000001.00001', 'g000001.00001', 'i000001.00001'], '/pscratch/sd/h/hswils/github_repos/MANTA_DBSCANS/TORIC+RAD+TGLF_lowerKr/SCAN/work/plasma_state', '/pscratch/sd/h/hswils/github_repos/MANTA_DBSCANS/TORIC+RAD+TGLF_lowerKr/SCAN/work/fastran_driver_fastran_driver_2')
2026-05-06 17:45:38,760 fastran_driver_fastran_driver_2 DEBUG    _get_service_response(REQUEST|fastran_FPP_000001@fastran_driver@2|FRAMEWORK@Framework@0|196)
2026-05-06 17:45:38,781 fastran_driver_fastran_driver_2 DEBUG    _get_service_response(REQUEST|fastran_FPP_000001@fastran_driver@2|FRAMEWORK@Framework@0|196), response = ServiceResponseMessage(sender_id=FRAMEWORK@Framework@0, receiver_id=fastran_FPP_000001@fastran_driver@2, request_msg_id=REQUEST|fastran_FPP_000001@fastran_driver@2|FRAMEWORK@Framework@0|196,status=0, args=(0,), message_id=RESPONSE|FRAMEWORK@Framework@0|fastran_FPP_000001@fastran_driver@2|3329)
2026-05-06 17:45:38,781 fastran_driver_fastran_driver_2 DEBUG    _invoke_service(): getTopic  ('_IPS_MONITOR',)
2026-05-06 17:45:38,781 fastran_driver_fastran_driver_2 DEBUG    _get_service_response(REQUEST|fastran_FPP_000001@fastran_driver@2|FRAMEWORK@Framework@0|197)
2026-05-06 17:45:38,791 fastran_driver_fastran_driver_2 DEBUG    _get_service_response(REQUEST|fastran_FPP_000001@fastran_driver@2|FRAMEWORK@Framework@0|197), response = ServiceResponseMessage(sender_id=FRAMEWORK@Framework@0, receiver_id=fastran_FPP_000001@fastran_driver@2, request_msg_id=REQUEST|fastran_FPP_000001@fastran_driver@2|FRAMEWORK@Framework@0|197,status=0, args=(<ipsframework.cca_es_spec.Topic object at 0x7f54f88d9070>,), message_id=RESPONSE|FRAMEWORK@Framework@0|fastran_FPP_000001@fastran_driver@2|3330)
2026-05-06 17:45:38,791 fastran_driver_fastran_driver_2 DEBUG    _invoke_service(): sendEvent  ('_IPS_MONITOR', 'PORTAL_EVENT', {'sim_name': 'fastran_FPP_000001', 'real_sim_name': 'fastran_FPP_000001', 'portal_data': {'code': 'fastran_driver_fastran_driver', 'eventtype': 'IPS_STAGE_STATE', 'ok': True, 'walltime': '1473.97', 'time': '2026-05-06|17:45:38PDT', 'trace': {'timestamp': 1778114738760622, 'duration': 20779, 'localEndpoint': {'serviceName': 'stage_state'}, 'name': "['s000001.00001', 'g000001.00001', 'i000001.00001']", 'id': '71885aecf25d7412', 'parentId': 'f899e3e5886669ce', 'tags': {}}, 'state': 'Running', 'comment': 'Elapsed time = 0.021  files = s000001.00001 g000001.00001 i000001.00001 Success'}})
2026-05-06 17:45:38,791 fastran_driver_fastran_driver_2 DEBUG    _get_service_response(REQUEST|fastran_FPP_000001@fastran_driver@2|FRAMEWORK@Framework@0|198)
2026-05-06 17:45:38,802 fastran_driver_fastran_driver_2 DEBUG    _get_service_response(REQUEST|fastran_FPP_000001@fastran_driver@2|FRAMEWORK@Framework@0|198), response = ServiceResponseMessage(sender_id=FRAMEWORK@Framework@0, receiver_id=fastran_FPP_000001@fastran_driver@2, request_msg_id=REQUEST|fastran_FPP_000001@fastran_driver@2|FRAMEWORK@Framework@0|198,status=0, args=(None,), message_id=RESPONSE|FRAMEWORK@Framework@0|fastran_FPP_000001@fastran_driver@2|3331)
2026-05-06 17:45:38,802 fastran_driver_fastran_driver_2 DEBUG    _invoke_service(): getTopic  ('_IPS_MONITOR',)
2026-05-06 17:45:38,802 fastran_driver_fastran_driver_2 DEBUG    _get_service_response(REQUEST|fastran_FPP_000001@fastran_driver@2|FRAMEWORK@Framework@0|199)
2026-05-06 17:45:38,813 fastran_driver_fastran_driver_2 DEBUG    _get_service_response(REQUEST|fastran_FPP_000001@fastran_driver@2|FRAMEWORK@Framework@0|199), response = ServiceResponseMessage(sender_id=FRAMEWORK@Framework@0, receiver_id=fastran_FPP_000001@fastran_driver@2, request_msg_id=REQUEST|fastran_FPP_000001@fastran_driver@2|FRAMEWORK@Framework@0|199,status=0, args=(<ipsframework.cca_es_spec.Topic object at 0x7f54f88d9160>,), message_id=RESPONSE|FRAMEWORK@Framework@0|fastran_FPP_000001@fastran_driver@2|3332)
2026-05-06 17:45:38,813 fastran_driver_fastran_driver_2 DEBUG    _invoke_service(): sendEvent  ('_IPS_MONITOR', 'PORTAL_EVENT', {'sim_name': 'fastran_FPP_000001', 'real_sim_name': 'fastran_FPP_000001', 'portal_data': {'code': 'fastran_driver_fastran_driver', 'eventtype': 'IPS_STAGE_OUTPUTS', 'ok': True, 'walltime': '1473.99', 'time': '2026-05-06|17:45:38PDT', 'trace': {'timestamp': 1778114738802556, 'duration': 144, 'localEndpoint': {'serviceName': 'stage_output_files'}, 'name': '[]', 'id': 'ed019efe11be26d9', 'parentId': 'f899e3e5886669ce', 'tags': {}}, 'state': 'Running', 'comment': 'Elapsed time = 0.000 Path = /pscratch/sd/h/hswils/github_repos/MANTA_DBSCANS/TORIC+RAD+TGLF_lowerKr/SCAN/simulation_results/3/components/fastran_driver_fastran_driver_2 Files = []'}})
2026-05-06 17:45:38,813 fastran_driver_fastran_driver_2 DEBUG    _get_service_response(REQUEST|fastran_FPP_000001@fastran_driver@2|FRAMEWORK@Framework@0|200)
2026-05-06 17:45:38,824 fastran_driver_fastran_driver_2 DEBUG    _get_service_response(REQUEST|fastran_FPP_000001@fastran_driver@2|FRAMEWORK@Framework@0|200), response = ServiceResponseMessage(sender_id=FRAMEWORK@Framework@0, receiver_id=fastran_FPP_000001@fastran_driver@2, request_msg_id=REQUEST|fastran_FPP_000001@fastran_driver@2|FRAMEWORK@Framework@0|200,status=0, args=(None,), message_id=RESPONSE|FRAMEWORK@Framework@0|fastran_FPP_000001@fastran_driver@2|3333)
2026-05-06 17:45:38,824 fastran_driver_fastran_driver_2 DEBUG    _invoke_service(): getTopic  ('_IPS_MONITOR',)
2026-05-06 17:45:38,824 fastran_driver_fastran_driver_2 DEBUG    _get_service_response(REQUEST|fastran_FPP_000001@fastran_driver@2|FRAMEWORK@Framework@0|201)
2026-05-06 17:45:38,835 fastran_driver_fastran_driver_2 DEBUG    _get_service_response(REQUEST|fastran_FPP_000001@fastran_driver@2|FRAMEWORK@Framework@0|201), response = ServiceResponseMessage(sender_id=FRAMEWORK@Framework@0, receiver_id=fastran_FPP_000001@fastran_driver@2, request_msg_id=REQUEST|fastran_FPP_000001@fastran_driver@2|FRAMEWORK@Framework@0|201,status=0, args=(<ipsframework.cca_es_spec.Topic object at 0x7f54f88d90d0>,), message_id=RESPONSE|FRAMEWORK@Framework@0|fastran_FPP_000001@fastran_driver@2|3334)
2026-05-06 17:45:38,835 fastran_driver_fastran_driver_2 DEBUG    _invoke_service(): sendEvent  ('_IPS_MONITOR', 'PORTALBRIDGE_UPDATE_TIMESTAMP', {'sim_name': 'fastran_FPP_000001', 'real_sim_name': 'fastran_FPP_000001', 'portal_data': {'phystimestamp': 4, 'eventtype': 'PORTALBRIDGE_UPDATE_TIMESTAMP'}})
2026-05-06 17:45:38,835 fastran_driver_fastran_driver_2 DEBUG    _get_service_response(REQUEST|fastran_FPP_000001@fastran_driver@2|FRAMEWORK@Framework@0|202)
2026-05-06 17:45:38,846 fastran_driver_fastran_driver_2 DEBUG    _get_service_response(REQUEST|fastran_FPP_000001@fastran_driver@2|FRAMEWORK@Framework@0|202), response = ServiceResponseMessage(sender_id=FRAMEWORK@Framework@0, receiver_id=fastran_FPP_000001@fastran_driver@2, request_msg_id=REQUEST|fastran_FPP_000001@fastran_driver@2|FRAMEWORK@Framework@0|202,status=0, args=(None,), message_id=RESPONSE|FRAMEWORK@Framework@0|fastran_FPP_000001@fastran_driver@2|3335)
2026-05-06 17:45:38,846 fastran_driver_fastran_driver_2 DEBUG    _invoke_service(): getTopic  ('_IPS_MONITOR',)
2026-05-06 17:45:38,846 fastran_driver_fastran_driver_2 DEBUG    _get_service_response(REQUEST|fastran_FPP_000001@fastran_driver@2|FRAMEWORK@Framework@0|203)
2026-05-06 17:45:38,857 fastran_driver_fastran_driver_2 DEBUG    _get_service_response(REQUEST|fastran_FPP_000001@fastran_driver@2|FRAMEWORK@Framework@0|203), response = ServiceResponseMessage(sender_id=FRAMEWORK@Framework@0, receiver_id=fastran_FPP_000001@fastran_driver@2, request_msg_id=REQUEST|fastran_FPP_000001@fastran_driver@2|FRAMEWORK@Framework@0|203,status=0, args=(<ipsframework.cca_es_spec.Topic object at 0x7f54f88d9160>,), message_id=RESPONSE|FRAMEWORK@Framework@0|fastran_FPP_000001@fastran_driver@2|3336)
2026-05-06 17:45:38,857 fastran_driver_fastran_driver_2 DEBUG    _invoke_service(): sendEvent  ('_IPS_MONITOR', 'PORTAL_EVENT', {'sim_name': 'fastran_FPP_000001', 'real_sim_name': 'fastran_FPP_000001', 'portal_data': {'code': 'fastran_driver_fastran_driver', 'eventtype': 'IPS_UPDATE_TIME_STAMP', 'ok': True, 'walltime': '1474.04', 'time': '2026-05-06|17:45:38PDT', 'state': 'Running', 'comment': 'Timestamp = 4'}})
2026-05-06 17:45:38,857 fastran_driver_fastran_driver_2 DEBUG    _get_service_response(REQUEST|fastran_FPP_000001@fastran_driver@2|FRAMEWORK@Framework@0|204)
2026-05-06 17:45:38,868 fastran_driver_fastran_driver_2 DEBUG    _get_service_response(REQUEST|fastran_FPP_000001@fastran_driver@2|FRAMEWORK@Framework@0|204), response = ServiceResponseMessage(sender_id=FRAMEWORK@Framework@0, receiver_id=fastran_FPP_000001@fastran_driver@2, request_msg_id=REQUEST|fastran_FPP_000001@fastran_driver@2|FRAMEWORK@Framework@0|204,status=0, args=(None,), message_id=RESPONSE|FRAMEWORK@Framework@0|fastran_FPP_000001@fastran_driver@2|3337)
2026-05-06 17:45:38,868 fastran_driver_fastran_driver_2 DEBUG    _invoke_service(): getTopic  ('_IPS_MONITOR',)
2026-05-06 17:45:38,868 fastran_driver_fastran_driver_2 DEBUG    _get_service_response(REQUEST|fastran_FPP_000001@fastran_driver@2|FRAMEWORK@Framework@0|205)
2026-05-06 17:45:38,879 fastran_driver_fastran_driver_2 DEBUG    _get_service_response(REQUEST|fastran_FPP_000001@fastran_driver@2|FRAMEWORK@Framework@0|205), response = ServiceResponseMessage(sender_id=FRAMEWORK@Framework@0, receiver_id=fastran_FPP_000001@fastran_driver@2, request_msg_id=REQUEST|fastran_FPP_000001@fastran_driver@2|FRAMEWORK@Framework@0|205,status=0, args=(<ipsframework.cca_es_spec.Topic object at 0x7f54f88d9190>,), message_id=RESPONSE|FRAMEWORK@Framework@0|fastran_FPP_000001@fastran_driver@2|3338)
2026-05-06 17:45:38,879 fastran_driver_fastran_driver_2 DEBUG    _invoke_service(): sendEvent  ('_IPS_MONITOR', 'PORTAL_EVENT', {'sim_name': 'fastran_FPP_000001', 'real_sim_name': 'fastran_FPP_000001', 'portal_data': {'code': 'fastran_driver_fastran_driver', 'eventtype': 'IPS_CALL_BEGIN', 'ok': True, 'walltime': '1474.06', 'time': '2026-05-06|17:45:38PDT', 'state': 'Running', 'comment': 'Target = fastran_FPP_000001@impurity_radiation@5:step(4)'}})
2026-05-06 17:45:38,879 fastran_driver_fastran_driver_2 DEBUG    _get_service_response(REQUEST|fastran_FPP_000001@fastran_driver@2|FRAMEWORK@Framework@0|206)
2026-05-06 17:45:38,890 fastran_driver_fastran_driver_2 DEBUG    _get_service_response(REQUEST|fastran_FPP_000001@fastran_driver@2|FRAMEWORK@Framework@0|206), response = ServiceResponseMessage(sender_id=FRAMEWORK@Framework@0, receiver_id=fastran_FPP_000001@fastran_driver@2, request_msg_id=REQUEST|fastran_FPP_000001@fastran_driver@2|FRAMEWORK@Framework@0|206,status=0, args=(None,), message_id=RESPONSE|FRAMEWORK@Framework@0|fastran_FPP_000001@fastran_driver@2|3339)
2026-05-06 17:45:38,890 fastran_driver_fastran_driver_2 DEBUG    _invoke_service(): init_call  ('step', 4)
2026-05-06 17:45:38,890 fastran_driver_fastran_driver_2 DEBUG    _get_service_response(REQUEST|fastran_FPP_000001@fastran_driver@2|FRAMEWORK@Framework@0|207)
2026-05-06 17:45:38,891 fastran__impurity_radiation_5 DEBUG    Received Message 
2026-05-06 17:45:38,891 fastran__impurity_radiation_5 DEBUG    Calling method step(4)
2026-05-06 17:45:38,891 fastran__impurity_radiation_5 DEBUG    _invoke_service(): stage_state  (['s000001.00001', 'g000001.00001', 'i000001.00001'], '/pscratch/sd/h/hswils/github_repos/MANTA_DBSCANS/TORIC+RAD+TGLF_lowerKr/SCAN/work/plasma_state', '/pscratch/sd/h/hswils/github_repos/MANTA_DBSCANS/TORIC+RAD+TGLF_lowerKr/SCAN/work/fastran__impurity_radiation_5')
2026-05-06 17:45:38,891 fastran__impurity_radiation_5 DEBUG    _get_service_response(REQUEST|fastran_FPP_000001@impurity_radiation@5|FRAMEWORK@Framework@0|43)
2026-05-06 17:45:38,901 fastran_driver_fastran_driver_2 DEBUG    _get_service_response(REQUEST|fastran_FPP_000001@fastran_driver@2|FRAMEWORK@Framework@0|207), response = ServiceResponseMessage(sender_id=FRAMEWORK@Framework@0, receiver_id=fastran_FPP_000001@fastran_driver@2, request_msg_id=REQUEST|fastran_FPP_000001@fastran_driver@2|FRAMEWORK@Framework@0|207,status=0, args=(35,), message_id=RESPONSE|FRAMEWORK@Framework@0|fastran_FPP_000001@fastran_driver@2|3340)
2026-05-06 17:45:38,901 fastran_driver_fastran_driver_2 DEBUG    _invoke_service(): wait_call  (35, True)
2026-05-06 17:45:38,901 fastran_driver_fastran_driver_2 DEBUG    _get_service_response(REQUEST|fastran_FPP_000001@fastran_driver@2|FRAMEWORK@Framework@0|208)
2026-05-06 17:45:38,910 fastran__impurity_radiation_5 DEBUG    _get_service_response(REQUEST|fastran_FPP_000001@impurity_radiation@5|FRAMEWORK@Framework@0|43), response = ServiceResponseMessage(sender_id=FRAMEWORK@Framework@0, receiver_id=fastran_FPP_000001@impurity_radiation@5, request_msg_id=REQUEST|fastran_FPP_000001@impurity_radiation@5|FRAMEWORK@Framework@0|43,status=0, args=(0,), message_id=RESPONSE|FRAMEWORK@Framework@0|fastran_FPP_000001@impurity_radiation@5|3341)
2026-05-06 17:45:38,911 fastran__impurity_radiation_5 DEBUG    _invoke_service(): getTopic  ('_IPS_MONITOR',)
2026-05-06 17:45:38,911 fastran__impurity_radiation_5 DEBUG    _get_service_response(REQUEST|fastran_FPP_000001@impurity_radiation@5|FRAMEWORK@Framework@0|44)
2026-05-06 17:45:38,921 fastran__impurity_radiation_5 DEBUG    _get_service_response(REQUEST|fastran_FPP_000001@impurity_radiation@5|FRAMEWORK@Framework@0|44), response = ServiceResponseMessage(sender_id=FRAMEWORK@Framework@0, receiver_id=fastran_FPP_000001@impurity_radiation@5, request_msg_id=REQUEST|fastran_FPP_000001@impurity_radiation@5|FRAMEWORK@Framework@0|44,status=0, args=(<ipsframework.cca_es_spec.Topic object at 0x7f54f8872190>,), message_id=RESPONSE|FRAMEWORK@Framework@0|fastran_FPP_000001@impurity_radiation@5|3342)
2026-05-06 17:45:38,921 fastran__impurity_radiation_5 DEBUG    _invoke_service(): sendEvent  ('_IPS_MONITOR', 'PORTAL_EVENT', {'sim_name': 'fastran_FPP_000001', 'real_sim_name': 'fastran_FPP_000001', 'portal_data': {'code': 'fastran__impurity_radiation', 'eventtype': 'IPS_STAGE_STATE', 'ok': True, 'walltime': '1474.10', 'time': '2026-05-06|17:45:38PDT', 'trace': {'timestamp': 1778114738891751, 'duration': 19296, 'localEndpoint': {'serviceName': 'stage_state'}, 'name': "['s000001.00001', 'g000001.00001', 'i000001.00001']", 'id': '71885aecf25d7412', 'parentId': '220051d240fcdcac', 'tags': {}}, 'state': 'Running', 'comment': 'Elapsed time = 0.019  files = s000001.00001 g000001.00001 i000001.00001 Success'}})
2026-05-06 17:45:38,921 fastran__impurity_radiation_5 DEBUG    _get_service_response(REQUEST|fastran_FPP_000001@impurity_radiation@5|FRAMEWORK@Framework@0|45)
2026-05-06 17:45:38,932 fastran__impurity_radiation_5 DEBUG    _get_service_response(REQUEST|fastran_FPP_000001@impurity_radiation@5|FRAMEWORK@Framework@0|45), response = ServiceResponseMessage(sender_id=FRAMEWORK@Framework@0, receiver_id=fastran_FPP_000001@impurity_radiation@5, request_msg_id=REQUEST|fastran_FPP_000001@impurity_radiation@5|FRAMEWORK@Framework@0|45,status=0, args=(None,), message_id=RESPONSE|FRAMEWORK@Framework@0|fastran_FPP_000001@impurity_radiation@5|3343)
2026-05-06 17:45:38,932 fastran__impurity_radiation_5 DEBUG    _invoke_service(): getTopic  ('_IPS_MONITOR',)
2026-05-06 17:45:38,932 fastran__impurity_radiation_5 DEBUG    _get_service_response(REQUEST|fastran_FPP_000001@impurity_radiation@5|FRAMEWORK@Framework@0|46)
2026-05-06 17:45:38,943 fastran__impurity_radiation_5 DEBUG    _get_service_response(REQUEST|fastran_FPP_000001@impurity_radiation@5|FRAMEWORK@Framework@0|46), response = ServiceResponseMessage(sender_id=FRAMEWORK@Framework@0, receiver_id=fastran_FPP_000001@impurity_radiation@5, request_msg_id=REQUEST|fastran_FPP_000001@impurity_radiation@5|FRAMEWORK@Framework@0|46,status=0, args=(<ipsframework.cca_es_spec.Topic object at 0x7f54f88725e0>,), message_id=RESPONSE|FRAMEWORK@Framework@0|fastran_FPP_000001@impurity_radiation@5|3344)
2026-05-06 17:45:38,943 fastran__impurity_radiation_5 DEBUG    _invoke_service(): sendEvent  ('_IPS_MONITOR', 'PORTAL_EVENT', {'sim_name': 'fastran_FPP_000001', 'real_sim_name': 'fastran_FPP_000001', 'portal_data': {'code': 'fastran__impurity_radiation', 'eventtype': 'IPS_STAGE_INPUTS', 'ok': True, 'walltime': '1474.12', 'time': '2026-05-06|17:45:38PDT', 'trace': {'timestamp': 1778114738932600, 'duration': 75, 'localEndpoint': {'serviceName': 'stage_input_files'}, 'name': '', 'id': 'e70cb59b389672bf', 'parentId': '220051d240fcdcac', 'tags': {}}, 'state': 'Running', 'comment': 'Elapsed time = 0.000 Path = /pscratch/sd/h/hswils/github_repos/MANTA_DBSCANS/TORIC+RAD+TGLF_lowerKr/input Files = '}})
2026-05-06 17:45:38,943 fastran__impurity_radiation_5 DEBUG    _get_service_response(REQUEST|fastran_FPP_000001@impurity_radiation@5|FRAMEWORK@Framework@0|47)
2026-05-06 17:45:38,954 fastran__impurity_radiation_5 DEBUG    _get_service_response(REQUEST|fastran_FPP_000001@impurity_radiation@5|FRAMEWORK@Framework@0|47), response = ServiceResponseMessage(sender_id=FRAMEWORK@Framework@0, receiver_id=fastran_FPP_000001@impurity_radiation@5, request_msg_id=REQUEST|fastran_FPP_000001@impurity_radiation@5|FRAMEWORK@Framework@0|47,status=0, args=(None,), message_id=RESPONSE|FRAMEWORK@Framework@0|fastran_FPP_000001@impurity_radiation@5|3345)
2026-05-06 17:45:39,190 fastran__impurity_radiation_5 DEBUG    _invoke_service(): update_state  (['s000001.00001', 'g000001.00001', 'i000001.00001'], '/pscratch/sd/h/hswils/github_repos/MANTA_DBSCANS/TORIC+RAD+TGLF_lowerKr/SCAN/work/fastran__impurity_radiation_5', '/pscratch/sd/h/hswils/github_repos/MANTA_DBSCANS/TORIC+RAD+TGLF_lowerKr/SCAN/work/plasma_state')
2026-05-06 17:45:39,190 fastran__impurity_radiation_5 DEBUG    _get_service_response(REQUEST|fastran_FPP_000001@impurity_radiation@5|FRAMEWORK@Framework@0|48)
2026-05-06 17:45:39,210 fastran__impurity_radiation_5 DEBUG    _get_service_response(REQUEST|fastran_FPP_000001@impurity_radiation@5|FRAMEWORK@Framework@0|48), response = ServiceResponseMessage(sender_id=FRAMEWORK@Framework@0, receiver_id=fastran_FPP_000001@impurity_radiation@5, request_msg_id=REQUEST|fastran_FPP_000001@impurity_radiation@5|FRAMEWORK@Framework@0|48,status=0, args=(0,), message_id=RESPONSE|FRAMEWORK@Framework@0|fastran_FPP_000001@impurity_radiation@5|3347)
2026-05-06 17:45:39,210 fastran__impurity_radiation_5 DEBUG    _invoke_service(): getTopic  ('_IPS_MONITOR',)
2026-05-06 17:45:39,210 fastran__impurity_radiation_5 DEBUG    _get_service_response(REQUEST|fastran_FPP_000001@impurity_radiation@5|FRAMEWORK@Framework@0|49)
2026-05-06 17:45:39,221 fastran__impurity_radiation_5 DEBUG    _get_service_response(REQUEST|fastran_FPP_000001@impurity_radiation@5|FRAMEWORK@Framework@0|49), response = ServiceResponseMessage(sender_id=FRAMEWORK@Framework@0, receiver_id=fastran_FPP_000001@impurity_radiation@5, request_msg_id=REQUEST|fastran_FPP_000001@impurity_radiation@5|FRAMEWORK@Framework@0|49,status=0, args=(<ipsframework.cca_es_spec.Topic object at 0x7f54f8872730>,), message_id=RESPONSE|FRAMEWORK@Framework@0|fastran_FPP_000001@impurity_radiation@5|3348)
2026-05-06 17:45:39,221 fastran__impurity_radiation_5 DEBUG    _invoke_service(): sendEvent  ('_IPS_MONITOR', 'PORTAL_EVENT', {'sim_name': 'fastran_FPP_000001', 'real_sim_name': 'fastran_FPP_000001', 'portal_data': {'code': 'fastran__impurity_radiation', 'eventtype': 'IPS_UPDATE_STATE', 'ok': True, 'walltime': '1474.40', 'time': '2026-05-06|17:45:39PDT', 'trace': {'timestamp': 1778114739189927, 'duration': 20612, 'localEndpoint': {'serviceName': 'update_state'}, 'name': "['s000001.00001', 'g000001.00001', 'i000001.00001']", 'id': '7629e189a66153c0', 'parentId': '220051d240fcdcac', 'tags': {}}, 'state': 'Running', 'comment': 'Elapsed time = 0.021   files = s000001.00001 g000001.00001 i000001.00001 Success'}})
2026-05-06 17:45:39,221 fastran__impurity_radiation_5 DEBUG    _get_service_response(REQUEST|fastran_FPP_000001@impurity_radiation@5|FRAMEWORK@Framework@0|50)
2026-05-06 17:45:39,231 fastran__impurity_radiation_5 DEBUG    _get_service_response(REQUEST|fastran_FPP_000001@impurity_radiation@5|FRAMEWORK@Framework@0|50), response = ServiceResponseMessage(sender_id=FRAMEWORK@Framework@0, receiver_id=fastran_FPP_000001@impurity_radiation@5, request_msg_id=REQUEST|fastran_FPP_000001@impurity_radiation@5|FRAMEWORK@Framework@0|50,status=0, args=(None,), message_id=RESPONSE|FRAMEWORK@Framework@0|fastran_FPP_000001@impurity_radiation@5|3349)
2026-05-06 17:45:39,232 fastran__impurity_radiation_5 DEBUG    _invoke_service(): getTopic  ('_IPS_MONITOR',)
2026-05-06 17:45:39,232 fastran__impurity_radiation_5 DEBUG    _get_service_response(REQUEST|fastran_FPP_000001@impurity_radiation@5|FRAMEWORK@Framework@0|51)
2026-05-06 17:45:39,242 fastran__impurity_radiation_5 DEBUG    _get_service_response(REQUEST|fastran_FPP_000001@impurity_radiation@5|FRAMEWORK@Framework@0|51), response = ServiceResponseMessage(sender_id=FRAMEWORK@Framework@0, receiver_id=fastran_FPP_000001@impurity_radiation@5, request_msg_id=REQUEST|fastran_FPP_000001@impurity_radiation@5|FRAMEWORK@Framework@0|51,status=0, args=(<ipsframework.cca_es_spec.Topic object at 0x7f54f8872670>,), message_id=RESPONSE|FRAMEWORK@Framework@0|fastran_FPP_000001@impurity_radiation@5|3350)
2026-05-06 17:45:39,242 fastran__impurity_radiation_5 DEBUG    _invoke_service(): sendEvent  ('_IPS_MONITOR', 'PORTAL_EVENT', {'sim_name': 'fastran_FPP_000001', 'real_sim_name': 'fastran_FPP_000001', 'portal_data': {'code': 'fastran__impurity_radiation', 'eventtype': 'IPS_STAGE_OUTPUTS', 'ok': True, 'walltime': '1474.42', 'time': '2026-05-06|17:45:39PDT', 'trace': {'timestamp': 1778114739231861, 'duration': 221, 'localEndpoint': {'serviceName': 'stage_output_files'}, 'name': '[]', 'id': 'ed019efe11be26d9', 'parentId': '220051d240fcdcac', 'tags': {}}, 'state': 'Running', 'comment': 'Elapsed time = 0.000 Path = /pscratch/sd/h/hswils/github_repos/MANTA_DBSCANS/TORIC+RAD+TGLF_lowerKr/SCAN/simulation_results/4/components/fastran__impurity_radiation_5 Files = []'}})
2026-05-06 17:45:39,242 fastran__impurity_radiation_5 DEBUG    _get_service_response(REQUEST|fastran_FPP_000001@impurity_radiation@5|FRAMEWORK@Framework@0|52)
2026-05-06 17:45:39,253 fastran__impurity_radiation_5 DEBUG    _get_service_response(REQUEST|fastran_FPP_000001@impurity_radiation@5|FRAMEWORK@Framework@0|52), response = ServiceResponseMessage(sender_id=FRAMEWORK@Framework@0, receiver_id=fastran_FPP_000001@impurity_radiation@5, request_msg_id=REQUEST|fastran_FPP_000001@impurity_radiation@5|FRAMEWORK@Framework@0|52,status=0, args=(None,), message_id=RESPONSE|FRAMEWORK@Framework@0|fastran_FPP_000001@impurity_radiation@5|3351)
2026-05-06 17:45:39,264 fastran_driver_fastran_driver_2 DEBUG    _get_service_response(REQUEST|fastran_FPP_000001@fastran_driver@2|FRAMEWORK@Framework@0|208), response = ServiceResponseMessage(sender_id=FRAMEWORK@Framework@0, receiver_id=fastran_FPP_000001@fastran_driver@2, request_msg_id=REQUEST|fastran_FPP_000001@fastran_driver@2|FRAMEWORK@Framework@0|208,status=0, args=((None,),), message_id=RESPONSE|FRAMEWORK@Framework@0|fastran_FPP_000001@fastran_driver@2|3352)
2026-05-06 17:45:39,264 fastran_driver_fastran_driver_2 DEBUG    _invoke_service(): getTopic  ('_IPS_MONITOR',)
2026-05-06 17:45:39,264 fastran_driver_fastran_driver_2 DEBUG    _get_service_response(REQUEST|fastran_FPP_000001@fastran_driver@2|FRAMEWORK@Framework@0|209)
2026-05-06 17:45:39,275 fastran_driver_fastran_driver_2 DEBUG    _get_service_response(REQUEST|fastran_FPP_000001@fastran_driver@2|FRAMEWORK@Framework@0|209), response = ServiceResponseMessage(sender_id=FRAMEWORK@Framework@0, receiver_id=fastran_FPP_000001@fastran_driver@2, request_msg_id=REQUEST|fastran_FPP_000001@fastran_driver@2|FRAMEWORK@Framework@0|209,status=0, args=(<ipsframework.cca_es_spec.Topic object at 0x7f54f88d9070>,), message_id=RESPONSE|FRAMEWORK@Framework@0|fastran_FPP_000001@fastran_driver@2|3353)
2026-05-06 17:45:39,275 fastran_driver_fastran_driver_2 DEBUG    _invoke_service(): sendEvent  ('_IPS_MONITOR', 'PORTAL_EVENT', {'sim_name': 'fastran_FPP_000001', 'real_sim_name': 'fastran_FPP_000001', 'portal_data': {'code': 'fastran_driver_fastran_driver', 'eventtype': 'IPS_CALL_END', 'ok': True, 'walltime': '1474.45', 'time': '2026-05-06|17:45:39PDT', 'trace': {'timestamp': 1778114738901599, 'duration': 362689, 'localEndpoint': {'serviceName': 'fastran_FPP_000001@impurity_radiation@5'}, 'name': 'step(4)', 'id': '220051d240fcdcac', 'parentId': 'f899e3e5886669ce', 'tags': {}}, 'state': 'Running', 'comment': 'Target = fastran_FPP_000001@impurity_radiation@5:step(4)'}})
2026-05-06 17:45:39,275 fastran_driver_fastran_driver_2 DEBUG    _get_service_response(REQUEST|fastran_FPP_000001@fastran_driver@2|FRAMEWORK@Framework@0|210)
2026-05-06 17:45:39,286 fastran_driver_fastran_driver_2 DEBUG    _get_service_response(REQUEST|fastran_FPP_000001@fastran_driver@2|FRAMEWORK@Framework@0|210), response = ServiceResponseMessage(sender_id=FRAMEWORK@Framework@0, receiver_id=fastran_FPP_000001@fastran_driver@2, request_msg_id=REQUEST|fastran_FPP_000001@fastran_driver@2|FRAMEWORK@Framework@0|210,status=0, args=(None,), message_id=RESPONSE|FRAMEWORK@Framework@0|fastran_FPP_000001@fastran_driver@2|3354)
2026-05-06 17:45:39,286 fastran_driver_fastran_driver_2 DEBUG    _invoke_service(): getTopic  ('_IPS_MONITOR',)
2026-05-06 17:45:39,286 fastran_driver_fastran_driver_2 DEBUG    _get_service_response(REQUEST|fastran_FPP_000001@fastran_driver@2|FRAMEWORK@Framework@0|211)
2026-05-06 17:45:39,297 fastran_driver_fastran_driver_2 DEBUG    _get_service_response(REQUEST|fastran_FPP_000001@fastran_driver@2|FRAMEWORK@Framework@0|211), response = ServiceResponseMessage(sender_id=FRAMEWORK@Framework@0, receiver_id=fastran_FPP_000001@fastran_driver@2, request_msg_id=REQUEST|fastran_FPP_000001@fastran_driver@2|FRAMEWORK@Framework@0|211,status=0, args=(<ipsframework.cca_es_spec.Topic object at 0x7f54f88d9100>,), message_id=RESPONSE|FRAMEWORK@Framework@0|fastran_FPP_000001@fastran_driver@2|3355)
2026-05-06 17:45:39,297 fastran_driver_fastran_driver_2 DEBUG    _invoke_service(): sendEvent  ('_IPS_MONITOR', 'PORTAL_EVENT', {'sim_name': 'fastran_FPP_000001', 'real_sim_name': 'fastran_FPP_000001', 'portal_data': {'code': 'fastran_driver_fastran_driver', 'eventtype': 'IPS_CALL_BEGIN', 'ok': True, 'walltime': '1474.48', 'time': '2026-05-06|17:45:39PDT', 'state': 'Running', 'comment': 'Target = fastran_FPP_000001@toric@6:step(4)'}})
2026-05-06 17:45:39,297 fastran_driver_fastran_driver_2 DEBUG    _get_service_response(REQUEST|fastran_FPP_000001@fastran_driver@2|FRAMEWORK@Framework@0|212)
2026-05-06 17:45:39,308 fastran_driver_fastran_driver_2 DEBUG    _get_service_response(REQUEST|fastran_FPP_000001@fastran_driver@2|FRAMEWORK@Framework@0|212), response = ServiceResponseMessage(sender_id=FRAMEWORK@Framework@0, receiver_id=fastran_FPP_000001@fastran_driver@2, request_msg_id=REQUEST|fastran_FPP_000001@fastran_driver@2|FRAMEWORK@Framework@0|212,status=0, args=(None,), message_id=RESPONSE|FRAMEWORK@Framework@0|fastran_FPP_000001@fastran_driver@2|3356)
2026-05-06 17:45:39,308 fastran_driver_fastran_driver_2 DEBUG    _invoke_service(): init_call  ('step', 4)
2026-05-06 17:45:39,308 fastran_driver_fastran_driver_2 DEBUG    _get_service_response(REQUEST|fastran_FPP_000001@fastran_driver@2|FRAMEWORK@Framework@0|213)
2026-05-06 17:45:39,309 rf_ic_toric_6   DEBUG    Received Message 
2026-05-06 17:45:39,309 rf_ic_toric_6   DEBUG    Calling method step(4)
2026-05-06 17:45:39,309 rf_ic_toric_6   DEBUG    _invoke_service(): stage_state  (['s000001.00001', 'g000001.00001'], '/pscratch/sd/h/hswils/github_repos/MANTA_DBSCANS/TORIC+RAD+TGLF_lowerKr/SCAN/work/plasma_state', '/pscratch/sd/h/hswils/github_repos/MANTA_DBSCANS/TORIC+RAD+TGLF_lowerKr/SCAN/work/rf_ic_toric_6')
2026-05-06 17:45:39,309 rf_ic_toric_6   DEBUG    _get_service_response(REQUEST|fastran_FPP_000001@toric@6|FRAMEWORK@Framework@0|77)
2026-05-06 17:45:39,318 fastran_driver_fastran_driver_2 DEBUG    _get_service_response(REQUEST|fastran_FPP_000001@fastran_driver@2|FRAMEWORK@Framework@0|213), response = ServiceResponseMessage(sender_id=FRAMEWORK@Framework@0, receiver_id=fastran_FPP_000001@fastran_driver@2, request_msg_id=REQUEST|fastran_FPP_000001@fastran_driver@2|FRAMEWORK@Framework@0|213,status=0, args=(36,), message_id=RESPONSE|FRAMEWORK@Framework@0|fastran_FPP_000001@fastran_driver@2|3357)
2026-05-06 17:45:39,318 fastran_driver_fastran_driver_2 DEBUG    _invoke_service(): wait_call  (36, True)
2026-05-06 17:45:39,319 fastran_driver_fastran_driver_2 DEBUG    _get_service_response(REQUEST|fastran_FPP_000001@fastran_driver@2|FRAMEWORK@Framework@0|214)
2026-05-06 17:45:39,328 rf_ic_toric_6   DEBUG    _get_service_response(REQUEST|fastran_FPP_000001@toric@6|FRAMEWORK@Framework@0|77), response = ServiceResponseMessage(sender_id=FRAMEWORK@Framework@0, receiver_id=fastran_FPP_000001@toric@6, request_msg_id=REQUEST|fastran_FPP_000001@toric@6|FRAMEWORK@Framework@0|77,status=0, args=(0,), message_id=RESPONSE|FRAMEWORK@Framework@0|fastran_FPP_000001@toric@6|3358)
2026-05-06 17:45:39,328 rf_ic_toric_6   DEBUG    _invoke_service(): getTopic  ('_IPS_MONITOR',)
2026-05-06 17:45:39,328 rf_ic_toric_6   DEBUG    _get_service_response(REQUEST|fastran_FPP_000001@toric@6|FRAMEWORK@Framework@0|78)
2026-05-06 17:45:39,338 rf_ic_toric_6   DEBUG    _get_service_response(REQUEST|fastran_FPP_000001@toric@6|FRAMEWORK@Framework@0|78), response = ServiceResponseMessage(sender_id=FRAMEWORK@Framework@0, receiver_id=fastran_FPP_000001@toric@6, request_msg_id=REQUEST|fastran_FPP_000001@toric@6|FRAMEWORK@Framework@0|78,status=0, args=(<ipsframework.cca_es_spec.Topic object at 0x7f54f87ec9d0>,), message_id=RESPONSE|FRAMEWORK@Framework@0|fastran_FPP_000001@toric@6|3359)
2026-05-06 17:45:39,338 rf_ic_toric_6   DEBUG    _invoke_service(): sendEvent  ('_IPS_MONITOR', 'PORTAL_EVENT', {'sim_name': 'fastran_FPP_000001', 'real_sim_name': 'fastran_FPP_000001', 'portal_data': {'code': 'rf_ic_toric', 'eventtype': 'IPS_STAGE_STATE', 'ok': True, 'walltime': '1474.52', 'time': '2026-05-06|17:45:39PDT', 'trace': {'timestamp': 1778114739309433, 'duration': 18638, 'localEndpoint': {'serviceName': 'stage_state'}, 'name': "['s000001.00001', 'g000001.00001']", 'id': '32793a28c0f8ba4b', 'parentId': '1cb2762569bcd0b4', 'tags': {}}, 'state': 'Running', 'comment': 'Elapsed time = 0.019  files = s000001.00001 g000001.00001 Success'}})
2026-05-06 17:45:39,338 rf_ic_toric_6   DEBUG    _get_service_response(REQUEST|fastran_FPP_000001@toric@6|FRAMEWORK@Framework@0|79)
2026-05-06 17:45:39,349 rf_ic_toric_6   DEBUG    _get_service_response(REQUEST|fastran_FPP_000001@toric@6|FRAMEWORK@Framework@0|79), response = ServiceResponseMessage(sender_id=FRAMEWORK@Framework@0, receiver_id=fastran_FPP_000001@toric@6, request_msg_id=REQUEST|fastran_FPP_000001@toric@6|FRAMEWORK@Framework@0|79,status=0, args=(None,), message_id=RESPONSE|FRAMEWORK@Framework@0|fastran_FPP_000001@toric@6|3360)
2026-05-06 17:45:39,359 rf_ic_toric_6   DEBUG    _invoke_service(): getTopic  ('_IPS_MONITOR',)
2026-05-06 17:45:39,360 rf_ic_toric_6   DEBUG    _get_service_response(REQUEST|fastran_FPP_000001@toric@6|FRAMEWORK@Framework@0|80)
2026-05-06 17:45:39,370 rf_ic_toric_6   DEBUG    _get_service_response(REQUEST|fastran_FPP_000001@toric@6|FRAMEWORK@Framework@0|80), response = ServiceResponseMessage(sender_id=FRAMEWORK@Framework@0, receiver_id=fastran_FPP_000001@toric@6, request_msg_id=REQUEST|fastran_FPP_000001@toric@6|FRAMEWORK@Framework@0|80,status=0, args=(<ipsframework.cca_es_spec.Topic object at 0x7f54f87ecac0>,), message_id=RESPONSE|FRAMEWORK@Framework@0|fastran_FPP_000001@toric@6|3361)
2026-05-06 17:45:39,370 rf_ic_toric_6   DEBUG    _invoke_service(): sendEvent  ('_IPS_MONITOR', 'PORTAL_EVENT', {'sim_name': 'fastran_FPP_000001', 'real_sim_name': 'fastran_FPP_000001', 'portal_data': {'code': 'rf_ic_toric', 'eventtype': 'IPS_STAGE_INPUTS', 'ok': True, 'walltime': '1474.55', 'time': '2026-05-06|17:45:39PDT', 'trace': {'timestamp': 1778114739349395, 'duration': 10490, 'localEndpoint': {'serviceName': 'stage_input_files'}, 'name': 'machine.inp equigs_gen.ind torica.inp', 'id': 'b108389cfa22cdf4', 'parentId': '1cb2762569bcd0b4', 'tags': {}}, 'state': 'Running', 'comment': 'Elapsed time = 0.010 Path = /pscratch/sd/h/hswils/github_repos/MANTA_DBSCANS/TORIC+RAD+TGLF_lowerKr/input Files = machine.inp equigs_gen.ind torica.inp'}})
2026-05-06 17:45:39,370 rf_ic_toric_6   DEBUG    _get_service_response(REQUEST|fastran_FPP_000001@toric@6|FRAMEWORK@Framework@0|81)
2026-05-06 17:45:39,381 rf_ic_toric_6   DEBUG    _get_service_response(REQUEST|fastran_FPP_000001@toric@6|FRAMEWORK@Framework@0|81), response = ServiceResponseMessage(sender_id=FRAMEWORK@Framework@0, receiver_id=fastran_FPP_000001@toric@6, request_msg_id=REQUEST|fastran_FPP_000001@toric@6|FRAMEWORK@Framework@0|81,status=0, args=(None,), message_id=RESPONSE|FRAMEWORK@Framework@0|fastran_FPP_000001@toric@6|3362)
2026-05-06 17:45:39,649 rf_ic_toric_6   DEBUG    _invoke_service(): init_task  (TaskInit(nproc=24, binary='/global/common/software/atom/perlmutter/binaries/toric/default/Ptoric.e', working_dir='/pscratch/sd/h/hswils/github_repos/MANTA_DBSCANS/TORIC+RAD+TGLF_lowerKr/SCAN/work/rf_ic_toric_6', tppn=0, tcpp=0, tgpp=0, block=True, omp=False, wnodes=True, wsocks=True, cmd_args=()),)
2026-05-06 17:45:39,649 rf_ic_toric_6   DEBUG    _get_service_response(REQUEST|fastran_FPP_000001@toric@6|FRAMEWORK@Framework@0|82)
2026-05-06 17:45:39,661 rf_ic_toric_6   DEBUG    _get_service_response(REQUEST|fastran_FPP_000001@toric@6|FRAMEWORK@Framework@0|82), response = ServiceResponseMessage(sender_id=FRAMEWORK@Framework@0, receiver_id=fastran_FPP_000001@toric@6, request_msg_id=REQUEST|fastran_FPP_000001@toric@6|FRAMEWORK@Framework@0|82,status=0, args=((10, 'srun -N 1 -n 24 -c 5 --threads-per-core=1 --cpu-bind=cores /global/common/software/atom/perlmutter/binaries/toric/default/Ptoric.e ', None, 128),), message_id=RESPONSE|FRAMEWORK@Framework@0|fastran_FPP_000001@toric@6|3364)
2026-05-06 17:45:39,664 rf_ic_toric_6   DEBUG    Launching command : srun -N 1 -n 24 -c 5 --threads-per-core=1 --cpu-bind=cores /global/common/software/atom/perlmutter/binaries/toric/default/Ptoric.e 
2026-05-06 17:45:39,732 rf_ic_toric_6   DEBUG    _invoke_service(): getTopic  ('_IPS_MONITOR',)
2026-05-06 17:45:39,732 rf_ic_toric_6   DEBUG    _get_service_response(REQUEST|fastran_FPP_000001@toric@6|FRAMEWORK@Framework@0|83)
2026-05-06 17:45:39,743 rf_ic_toric_6   DEBUG    _get_service_response(REQUEST|fastran_FPP_000001@toric@6|FRAMEWORK@Framework@0|83), response = ServiceResponseMessage(sender_id=FRAMEWORK@Framework@0, receiver_id=fastran_FPP_000001@toric@6, request_msg_id=REQUEST|fastran_FPP_000001@toric@6|FRAMEWORK@Framework@0|83,status=0, args=(<ipsframework.cca_es_spec.Topic object at 0x7f54f878da30>,), message_id=RESPONSE|FRAMEWORK@Framework@0|fastran_FPP_000001@toric@6|3365)
2026-05-06 17:45:39,743 rf_ic_toric_6   DEBUG    _invoke_service(): sendEvent  ('_IPS_MONITOR', 'PORTAL_EVENT', {'sim_name': 'fastran_FPP_000001', 'real_sim_name': 'fastran_FPP_000001', 'portal_data': {'code': 'rf_ic_toric', 'eventtype': 'IPS_LAUNCH_TASK', 'ok': True, 'walltime': '1474.92', 'time': '2026-05-06|17:45:39PDT', 'state': 'Running', 'comment': 'task_id = 10 , Tag = None , nproc = 24 , Target = srun -N 1 -n 24 -c 5 --threads-per-core=1 --cpu-bind=cores /global/common/software/atom/perlmutter/binaries/toric/default/Ptoric.e '}})
2026-05-06 17:45:39,743 rf_ic_toric_6   DEBUG    _get_service_response(REQUEST|fastran_FPP_000001@toric@6|FRAMEWORK@Framework@0|84)
2026-05-06 17:45:39,754 rf_ic_toric_6   DEBUG    _get_service_response(REQUEST|fastran_FPP_000001@toric@6|FRAMEWORK@Framework@0|84), response = ServiceResponseMessage(sender_id=FRAMEWORK@Framework@0, receiver_id=fastran_FPP_000001@toric@6, request_msg_id=REQUEST|fastran_FPP_000001@toric@6|FRAMEWORK@Framework@0|84,status=0, args=(None,), message_id=RESPONSE|FRAMEWORK@Framework@0|fastran_FPP_000001@toric@6|3366)
2026-05-06 17:50:43,004 rf_ic_toric_6   DEBUG    _invoke_service(): getTopic  ('_IPS_MONITOR',)
2026-05-06 17:50:43,004 rf_ic_toric_6   DEBUG    _get_service_response(REQUEST|fastran_FPP_000001@toric@6|FRAMEWORK@Framework@0|85)
2026-05-06 17:50:43,015 rf_ic_toric_6   DEBUG    _get_service_response(REQUEST|fastran_FPP_000001@toric@6|FRAMEWORK@Framework@0|85), response = ServiceResponseMessage(sender_id=FRAMEWORK@Framework@0, receiver_id=fastran_FPP_000001@toric@6, request_msg_id=REQUEST|fastran_FPP_000001@toric@6|FRAMEWORK@Framework@0|85,status=0, args=(<ipsframework.cca_es_spec.Topic object at 0x7f54f878daf0>,), message_id=RESPONSE|FRAMEWORK@Framework@0|fastran_FPP_000001@toric@6|3960)
2026-05-06 17:50:43,015 rf_ic_toric_6   DEBUG    _invoke_service(): sendEvent  ('_IPS_MONITOR', 'PORTAL_EVENT', {'sim_name': 'fastran_FPP_000001', 'real_sim_name': 'fastran_FPP_000001', 'portal_data': {'code': 'rf_ic_toric', 'eventtype': 'IPS_TASK_END', 'ok': True, 'walltime': '1778.19', 'time': '2026-05-06|17:50:43PDT', 'trace': {'timestamp': 1778114739732123, 'duration': 303271782, 'localEndpoint': {'serviceName': '/global/common/software/atom/perlmutter/binaries/toric/default/Ptoric.e'}, 'name': '', 'id': 'fbbe941d62a41d04', 'parentId': '1cb2762569bcd0b4', 'tags': {'procs_requested': '24', 'cores_allocated': '128'}}, 'state': 'Running', 'comment': 'task_id = 10  elapsed time = 303.27 S'}})
2026-05-06 17:50:43,015 rf_ic_toric_6   DEBUG    _get_service_response(REQUEST|fastran_FPP_000001@toric@6|FRAMEWORK@Framework@0|86)
2026-05-06 17:50:43,026 rf_ic_toric_6   DEBUG    _get_service_response(REQUEST|fastran_FPP_000001@toric@6|FRAMEWORK@Framework@0|86), response = ServiceResponseMessage(sender_id=FRAMEWORK@Framework@0, receiver_id=fastran_FPP_000001@toric@6, request_msg_id=REQUEST|fastran_FPP_000001@toric@6|FRAMEWORK@Framework@0|86,status=0, args=(None,), message_id=RESPONSE|FRAMEWORK@Framework@0|fastran_FPP_000001@toric@6|3961)
2026-05-06 17:50:43,026 rf_ic_toric_6   DEBUG    _invoke_service(): finish_task  (10, 0)
2026-05-06 17:50:43,026 rf_ic_toric_6   DEBUG    _get_service_response(REQUEST|fastran_FPP_000001@toric@6|FRAMEWORK@Framework@0|87)
2026-05-06 17:50:43,037 rf_ic_toric_6   DEBUG    _get_service_response(REQUEST|fastran_FPP_000001@toric@6|FRAMEWORK@Framework@0|87), response = ServiceResponseMessage(sender_id=FRAMEWORK@Framework@0, receiver_id=fastran_FPP_000001@toric@6, request_msg_id=REQUEST|fastran_FPP_000001@toric@6|FRAMEWORK@Framework@0|87,status=0, args=(0,), message_id=RESPONSE|FRAMEWORK@Framework@0|fastran_FPP_000001@toric@6|3962)
2026-05-06 17:50:43,210 rf_ic_toric_6   DEBUG    _invoke_service(): merge_current_plasma_state  ('/pscratch/sd/h/hswils/github_repos/MANTA_DBSCANS/TORIC+RAD+TGLF_lowerKr/SCAN/work/rf_ic_toric_6/RF_IC_s000001.00001', '/pscratch/sd/h/hswils/github_repos/MANTA_DBSCANS/TORIC+RAD+TGLF_lowerKr/SCAN/work/plasma_state/s000001.00001', 'log.update_state', '/global/common/software/atom/perlmutter/binaries/update-state/default/update_state')
2026-05-06 17:50:43,210 rf_ic_toric_6   DEBUG    _get_service_response(REQUEST|fastran_FPP_000001@toric@6|FRAMEWORK@Framework@0|88)
2026-05-06 17:50:43,374 rf_ic_toric_6   DEBUG    _get_service_response(REQUEST|fastran_FPP_000001@toric@6|FRAMEWORK@Framework@0|88), response = ServiceResponseMessage(sender_id=FRAMEWORK@Framework@0, receiver_id=fastran_FPP_000001@toric@6, request_msg_id=REQUEST|fastran_FPP_000001@toric@6|FRAMEWORK@Framework@0|88,status=0, args=(0,), message_id=RESPONSE|FRAMEWORK@Framework@0|fastran_FPP_000001@toric@6|3963)
2026-05-06 17:50:43,375 rf_ic_toric_6   DEBUG    _invoke_service(): getTopic  ('_IPS_MONITOR',)
2026-05-06 17:50:43,375 rf_ic_toric_6   DEBUG    _get_service_response(REQUEST|fastran_FPP_000001@toric@6|FRAMEWORK@Framework@0|89)
2026-05-06 17:50:43,385 rf_ic_toric_6   DEBUG    _get_service_response(REQUEST|fastran_FPP_000001@toric@6|FRAMEWORK@Framework@0|89), response = ServiceResponseMessage(sender_id=FRAMEWORK@Framework@0, receiver_id=fastran_FPP_000001@toric@6, request_msg_id=REQUEST|fastran_FPP_000001@toric@6|FRAMEWORK@Framework@0|89,status=0, args=(<ipsframework.cca_es_spec.Topic object at 0x7f54f878d8e0>,), message_id=RESPONSE|FRAMEWORK@Framework@0|fastran_FPP_000001@toric@6|3965)
2026-05-06 17:50:43,385 rf_ic_toric_6   DEBUG    _invoke_service(): sendEvent  ('_IPS_MONITOR', 'PORTAL_EVENT', {'sim_name': 'fastran_FPP_000001', 'real_sim_name': 'fastran_FPP_000001', 'portal_data': {'code': 'rf_ic_toric', 'eventtype': 'IPS_MERGE_PLASMA_STATE', 'ok': True, 'walltime': '1778.56', 'time': '2026-05-06|17:50:43PDT', 'state': 'Running', 'comment': 'Success'}})
2026-05-06 17:50:43,385 rf_ic_toric_6   DEBUG    _get_service_response(REQUEST|fastran_FPP_000001@toric@6|FRAMEWORK@Framework@0|90)
2026-05-06 17:50:43,396 rf_ic_toric_6   DEBUG    _get_service_response(REQUEST|fastran_FPP_000001@toric@6|FRAMEWORK@Framework@0|90), response = ServiceResponseMessage(sender_id=FRAMEWORK@Framework@0, receiver_id=fastran_FPP_000001@toric@6, request_msg_id=REQUEST|fastran_FPP_000001@toric@6|FRAMEWORK@Framework@0|90,status=0, args=(None,), message_id=RESPONSE|FRAMEWORK@Framework@0|fastran_FPP_000001@toric@6|3966)
2026-05-06 17:50:43,499 rf_ic_toric_6   DEBUG    _invoke_service(): getTopic  ('_IPS_MONITOR',)
2026-05-06 17:50:43,499 rf_ic_toric_6   DEBUG    _get_service_response(REQUEST|fastran_FPP_000001@toric@6|FRAMEWORK@Framework@0|91)
2026-05-06 17:50:43,510 rf_ic_toric_6   DEBUG    _get_service_response(REQUEST|fastran_FPP_000001@toric@6|FRAMEWORK@Framework@0|91), response = ServiceResponseMessage(sender_id=FRAMEWORK@Framework@0, receiver_id=fastran_FPP_000001@toric@6, request_msg_id=REQUEST|fastran_FPP_000001@toric@6|FRAMEWORK@Framework@0|91,status=0, args=(<ipsframework.cca_es_spec.Topic object at 0x7f54f878d940>,), message_id=RESPONSE|FRAMEWORK@Framework@0|fastran_FPP_000001@toric@6|3967)
2026-05-06 17:50:43,510 rf_ic_toric_6   DEBUG    _invoke_service(): sendEvent  ('_IPS_MONITOR', 'PORTAL_EVENT', {'sim_name': 'fastran_FPP_000001', 'real_sim_name': 'fastran_FPP_000001', 'portal_data': {'code': 'rf_ic_toric', 'eventtype': 'IPS_STAGE_OUTPUTS', 'ok': True, 'walltime': '1778.69', 'time': '2026-05-06|17:50:43PDT', 'trace': {'timestamp': 1778115043396602, 'duration': 103063, 'localEndpoint': {'serviceName': 'stage_output_files'}, 'name': "['torica.inp', 'machine.inp', 'log.toric', 'toric.nc', 'profstat.dat', 'equigs.data', 'equidt.data', 'toric_cfg.nc']", 'id': '749f5c33ef51fb56', 'parentId': '1cb2762569bcd0b4', 'tags': {}}, 'state': 'Running', 'comment': "Elapsed time = 0.103 Path = /pscratch/sd/h/hswils/github_repos/MANTA_DBSCANS/TORIC+RAD+TGLF_lowerKr/SCAN/simulation_results/4/components/rf_ic_toric_6 Files = ['torica.inp', 'machine.inp', 'log.toric', 'toric.nc', 'profstat.dat', 'equigs.data', 'equidt.data', 'toric_cfg.nc']"}})
2026-05-06 17:50:43,510 rf_ic_toric_6   DEBUG    _get_service_response(REQUEST|fastran_FPP_000001@toric@6|FRAMEWORK@Framework@0|92)
2026-05-06 17:50:43,521 rf_ic_toric_6   DEBUG    _get_service_response(REQUEST|fastran_FPP_000001@toric@6|FRAMEWORK@Framework@0|92), response = ServiceResponseMessage(sender_id=FRAMEWORK@Framework@0, receiver_id=fastran_FPP_000001@toric@6, request_msg_id=REQUEST|fastran_FPP_000001@toric@6|FRAMEWORK@Framework@0|92,status=0, args=(None,), message_id=RESPONSE|FRAMEWORK@Framework@0|fastran_FPP_000001@toric@6|3968)
2026-05-06 17:50:43,532 fastran_driver_fastran_driver_2 DEBUG    _get_service_response(REQUEST|fastran_FPP_000001@fastran_driver@2|FRAMEWORK@Framework@0|214), response = ServiceResponseMessage(sender_id=FRAMEWORK@Framework@0, receiver_id=fastran_FPP_000001@fastran_driver@2, request_msg_id=REQUEST|fastran_FPP_000001@fastran_driver@2|FRAMEWORK@Framework@0|214,status=0, args=((0,),), message_id=RESPONSE|FRAMEWORK@Framework@0|fastran_FPP_000001@fastran_driver@2|3969)
2026-05-06 17:50:43,532 fastran_driver_fastran_driver_2 DEBUG    _invoke_service(): getTopic  ('_IPS_MONITOR',)
2026-05-06 17:50:43,532 fastran_driver_fastran_driver_2 DEBUG    _get_service_response(REQUEST|fastran_FPP_000001@fastran_driver@2|FRAMEWORK@Framework@0|215)
2026-05-06 17:50:43,543 fastran_driver_fastran_driver_2 DEBUG    _get_service_response(REQUEST|fastran_FPP_000001@fastran_driver@2|FRAMEWORK@Framework@0|215), response = ServiceResponseMessage(sender_id=FRAMEWORK@Framework@0, receiver_id=fastran_FPP_000001@fastran_driver@2, request_msg_id=REQUEST|fastran_FPP_000001@fastran_driver@2|FRAMEWORK@Framework@0|215,status=0, args=(<ipsframework.cca_es_spec.Topic object at 0x7f54f88d9130>,), message_id=RESPONSE|FRAMEWORK@Framework@0|fastran_FPP_000001@fastran_driver@2|3970)
2026-05-06 17:50:43,543 fastran_driver_fastran_driver_2 DEBUG    _invoke_service(): sendEvent  ('_IPS_MONITOR', 'PORTAL_EVENT', {'sim_name': 'fastran_FPP_000001', 'real_sim_name': 'fastran_FPP_000001', 'portal_data': {'code': 'fastran_driver_fastran_driver', 'eventtype': 'IPS_CALL_END', 'ok': True, 'walltime': '1778.72', 'time': '2026-05-06|17:50:43PDT', 'trace': {'timestamp': 1778114739318958, 'duration': 304213405, 'localEndpoint': {'serviceName': 'fastran_FPP_000001@toric@6'}, 'name': 'step(4)', 'id': '1cb2762569bcd0b4', 'parentId': 'f899e3e5886669ce', 'tags': {}}, 'state': 'Running', 'comment': 'Target = fastran_FPP_000001@toric@6:step(4)'}})
2026-05-06 17:50:43,543 fastran_driver_fastran_driver_2 DEBUG    _get_service_response(REQUEST|fastran_FPP_000001@fastran_driver@2|FRAMEWORK@Framework@0|216)
2026-05-06 17:50:43,553 fastran_driver_fastran_driver_2 DEBUG    _get_service_response(REQUEST|fastran_FPP_000001@fastran_driver@2|FRAMEWORK@Framework@0|216), response = ServiceResponseMessage(sender_id=FRAMEWORK@Framework@0, receiver_id=fastran_FPP_000001@fastran_driver@2, request_msg_id=REQUEST|fastran_FPP_000001@fastran_driver@2|FRAMEWORK@Framework@0|216,status=0, args=(None,), message_id=RESPONSE|FRAMEWORK@Framework@0|fastran_FPP_000001@fastran_driver@2|3971)
2026-05-06 17:50:43,554 fastran_driver_fastran_driver_2 DEBUG    _invoke_service(): getTopic  ('_IPS_MONITOR',)
2026-05-06 17:50:43,554 fastran_driver_fastran_driver_2 DEBUG    _get_service_response(REQUEST|fastran_FPP_000001@fastran_driver@2|FRAMEWORK@Framework@0|217)
2026-05-06 17:50:43,564 fastran_driver_fastran_driver_2 DEBUG    _get_service_response(REQUEST|fastran_FPP_000001@fastran_driver@2|FRAMEWORK@Framework@0|217), response = ServiceResponseMessage(sender_id=FRAMEWORK@Framework@0, receiver_id=fastran_FPP_000001@fastran_driver@2, request_msg_id=REQUEST|fastran_FPP_000001@fastran_driver@2|FRAMEWORK@Framework@0|217,status=0, args=(<ipsframework.cca_es_spec.Topic object at 0x7f54f88d9190>,), message_id=RESPONSE|FRAMEWORK@Framework@0|fastran_FPP_000001@fastran_driver@2|3972)
2026-05-06 17:50:43,564 fastran_driver_fastran_driver_2 DEBUG    _invoke_service(): sendEvent  ('_IPS_MONITOR', 'PORTAL_EVENT', {'sim_name': 'fastran_FPP_000001', 'real_sim_name': 'fastran_FPP_000001', 'portal_data': {'code': 'fastran_driver_fastran_driver', 'eventtype': 'IPS_CALL_BEGIN', 'ok': True, 'walltime': '1778.74', 'time': '2026-05-06|17:50:43PDT', 'state': 'Running', 'comment': 'Target = fastran_FPP_000001@efit@7:step(4)'}})
2026-05-06 17:50:43,565 fastran_driver_fastran_driver_2 DEBUG    _get_service_response(REQUEST|fastran_FPP_000001@fastran_driver@2|FRAMEWORK@Framework@0|218)
2026-05-06 17:50:43,575 fastran_driver_fastran_driver_2 DEBUG    _get_service_response(REQUEST|fastran_FPP_000001@fastran_driver@2|FRAMEWORK@Framework@0|218), response = ServiceResponseMessage(sender_id=FRAMEWORK@Framework@0, receiver_id=fastran_FPP_000001@fastran_driver@2, request_msg_id=REQUEST|fastran_FPP_000001@fastran_driver@2|FRAMEWORK@Framework@0|218,status=0, args=(None,), message_id=RESPONSE|FRAMEWORK@Framework@0|fastran_FPP_000001@fastran_driver@2|3973)
2026-05-06 17:50:43,575 fastran_driver_fastran_driver_2 DEBUG    _invoke_service(): init_call  ('step', 4)
2026-05-06 17:50:43,575 fastran_driver_fastran_driver_2 DEBUG    _get_service_response(REQUEST|fastran_FPP_000001@fastran_driver@2|FRAMEWORK@Framework@0|219)
2026-05-06 17:50:43,576 fastran_eq_efit_7 DEBUG    Received Message 
2026-05-06 17:50:43,576 fastran_eq_efit_7 DEBUG    Calling method step(4)
2026-05-06 17:50:43,576 fastran_eq_efit_7 DEBUG    _invoke_service(): stage_state  (['s000001.00001', 'g000001.00001', 'i000001.00001'], '/pscratch/sd/h/hswils/github_repos/MANTA_DBSCANS/TORIC+RAD+TGLF_lowerKr/SCAN/work/plasma_state', '/pscratch/sd/h/hswils/github_repos/MANTA_DBSCANS/TORIC+RAD+TGLF_lowerKr/SCAN/work/fastran_eq_efit_7')
2026-05-06 17:50:43,577 fastran_eq_efit_7 DEBUG    _get_service_response(REQUEST|fastran_FPP_000001@efit@7|FRAMEWORK@Framework@0|32)
2026-05-06 17:50:43,586 fastran_driver_fastran_driver_2 DEBUG    _get_service_response(REQUEST|fastran_FPP_000001@fastran_driver@2|FRAMEWORK@Framework@0|219), response = ServiceResponseMessage(sender_id=FRAMEWORK@Framework@0, receiver_id=fastran_FPP_000001@fastran_driver@2, request_msg_id=REQUEST|fastran_FPP_000001@fastran_driver@2|FRAMEWORK@Framework@0|219,status=0, args=(37,), message_id=RESPONSE|FRAMEWORK@Framework@0|fastran_FPP_000001@fastran_driver@2|3974)
2026-05-06 17:50:43,586 fastran_driver_fastran_driver_2 DEBUG    _invoke_service(): wait_call  (37, True)
2026-05-06 17:50:43,586 fastran_driver_fastran_driver_2 DEBUG    _get_service_response(REQUEST|fastran_FPP_000001@fastran_driver@2|FRAMEWORK@Framework@0|220)
2026-05-06 17:50:43,597 fastran_eq_efit_7 DEBUG    _get_service_response(REQUEST|fastran_FPP_000001@efit@7|FRAMEWORK@Framework@0|32), response = ServiceResponseMessage(sender_id=FRAMEWORK@Framework@0, receiver_id=fastran_FPP_000001@efit@7, request_msg_id=REQUEST|fastran_FPP_000001@efit@7|FRAMEWORK@Framework@0|32,status=0, args=(0,), message_id=RESPONSE|FRAMEWORK@Framework@0|fastran_FPP_000001@efit@7|3975)
2026-05-06 17:50:43,597 fastran_eq_efit_7 DEBUG    _invoke_service(): getTopic  ('_IPS_MONITOR',)
2026-05-06 17:50:43,597 fastran_eq_efit_7 DEBUG    _get_service_response(REQUEST|fastran_FPP_000001@efit@7|FRAMEWORK@Framework@0|33)
2026-05-06 17:50:43,608 fastran_eq_efit_7 DEBUG    _get_service_response(REQUEST|fastran_FPP_000001@efit@7|FRAMEWORK@Framework@0|33), response = ServiceResponseMessage(sender_id=FRAMEWORK@Framework@0, receiver_id=fastran_FPP_000001@efit@7, request_msg_id=REQUEST|fastran_FPP_000001@efit@7|FRAMEWORK@Framework@0|33,status=0, args=(<ipsframework.cca_es_spec.Topic object at 0x7f54f886dfd0>,), message_id=RESPONSE|FRAMEWORK@Framework@0|fastran_FPP_000001@efit@7|3976)
2026-05-06 17:50:43,608 fastran_eq_efit_7 DEBUG    _invoke_service(): sendEvent  ('_IPS_MONITOR', 'PORTAL_EVENT', {'sim_name': 'fastran_FPP_000001', 'real_sim_name': 'fastran_FPP_000001', 'portal_data': {'code': 'fastran_eq_efit', 'eventtype': 'IPS_STAGE_STATE', 'ok': True, 'walltime': '1778.79', 'time': '2026-05-06|17:50:43PDT', 'trace': {'timestamp': 1778115043576867, 'duration': 20735, 'localEndpoint': {'serviceName': 'stage_state'}, 'name': "['s000001.00001', 'g000001.00001', 'i000001.00001']", 'id': '71885aecf25d7412', 'parentId': '46114afab1f00ff7', 'tags': {}}, 'state': 'Running', 'comment': 'Elapsed time = 0.021  files = s000001.00001 g000001.00001 i000001.00001 Success'}})
2026-05-06 17:50:43,608 fastran_eq_efit_7 DEBUG    _get_service_response(REQUEST|fastran_FPP_000001@efit@7|FRAMEWORK@Framework@0|34)
2026-05-06 17:50:43,618 fastran_eq_efit_7 DEBUG    _get_service_response(REQUEST|fastran_FPP_000001@efit@7|FRAMEWORK@Framework@0|34), response = ServiceResponseMessage(sender_id=FRAMEWORK@Framework@0, receiver_id=fastran_FPP_000001@efit@7, request_msg_id=REQUEST|fastran_FPP_000001@efit@7|FRAMEWORK@Framework@0|34,status=0, args=(None,), message_id=RESPONSE|FRAMEWORK@Framework@0|fastran_FPP_000001@efit@7|3977)
2026-05-06 17:50:46,241 fastran_eq_efit_7 DEBUG    _invoke_service(): update_state  (['s000001.00001', 'g000001.00001', 'i000001.00001'], '/pscratch/sd/h/hswils/github_repos/MANTA_DBSCANS/TORIC+RAD+TGLF_lowerKr/SCAN/work/fastran_eq_efit_7', '/pscratch/sd/h/hswils/github_repos/MANTA_DBSCANS/TORIC+RAD+TGLF_lowerKr/SCAN/work/plasma_state')
2026-05-06 17:50:46,242 fastran_eq_efit_7 DEBUG    _get_service_response(REQUEST|fastran_FPP_000001@efit@7|FRAMEWORK@Framework@0|35)
2026-05-06 17:50:46,262 fastran_eq_efit_7 DEBUG    _get_service_response(REQUEST|fastran_FPP_000001@efit@7|FRAMEWORK@Framework@0|35), response = ServiceResponseMessage(sender_id=FRAMEWORK@Framework@0, receiver_id=fastran_FPP_000001@efit@7, request_msg_id=REQUEST|fastran_FPP_000001@efit@7|FRAMEWORK@Framework@0|35,status=0, args=(0,), message_id=RESPONSE|FRAMEWORK@Framework@0|fastran_FPP_000001@efit@7|3983)
2026-05-06 17:50:46,263 fastran_eq_efit_7 DEBUG    _invoke_service(): getTopic  ('_IPS_MONITOR',)
2026-05-06 17:50:46,263 fastran_eq_efit_7 DEBUG    _get_service_response(REQUEST|fastran_FPP_000001@efit@7|FRAMEWORK@Framework@0|36)
2026-05-06 17:50:46,273 fastran_eq_efit_7 DEBUG    _get_service_response(REQUEST|fastran_FPP_000001@efit@7|FRAMEWORK@Framework@0|36), response = ServiceResponseMessage(sender_id=FRAMEWORK@Framework@0, receiver_id=fastran_FPP_000001@efit@7, request_msg_id=REQUEST|fastran_FPP_000001@efit@7|FRAMEWORK@Framework@0|36,status=0, args=(<ipsframework.cca_es_spec.Topic object at 0x7f54f881e2e0>,), message_id=RESPONSE|FRAMEWORK@Framework@0|fastran_FPP_000001@efit@7|3984)
2026-05-06 17:50:46,273 fastran_eq_efit_7 DEBUG    _invoke_service(): sendEvent  ('_IPS_MONITOR', 'PORTAL_EVENT', {'sim_name': 'fastran_FPP_000001', 'real_sim_name': 'fastran_FPP_000001', 'portal_data': {'code': 'fastran_eq_efit', 'eventtype': 'IPS_UPDATE_STATE', 'ok': True, 'walltime': '1781.45', 'time': '2026-05-06|17:50:46PDT', 'trace': {'timestamp': 1778115046241537, 'duration': 21308, 'localEndpoint': {'serviceName': 'update_state'}, 'name': "['s000001.00001', 'g000001.00001', 'i000001.00001']", 'id': '7629e189a66153c0', 'parentId': '46114afab1f00ff7', 'tags': {}}, 'state': 'Running', 'comment': 'Elapsed time = 0.021   files = s000001.00001 g000001.00001 i000001.00001 Success'}})
2026-05-06 17:50:46,273 fastran_eq_efit_7 DEBUG    _get_service_response(REQUEST|fastran_FPP_000001@efit@7|FRAMEWORK@Framework@0|37)
2026-05-06 17:50:46,284 fastran_eq_efit_7 DEBUG    _get_service_response(REQUEST|fastran_FPP_000001@efit@7|FRAMEWORK@Framework@0|37), response = ServiceResponseMessage(sender_id=FRAMEWORK@Framework@0, receiver_id=fastran_FPP_000001@efit@7, request_msg_id=REQUEST|fastran_FPP_000001@efit@7|FRAMEWORK@Framework@0|37,status=0, args=(None,), message_id=RESPONSE|FRAMEWORK@Framework@0|fastran_FPP_000001@efit@7|3985)
2026-05-06 17:50:46,311 fastran_eq_efit_7 DEBUG    _invoke_service(): getTopic  ('_IPS_MONITOR',)
2026-05-06 17:50:46,311 fastran_eq_efit_7 DEBUG    _get_service_response(REQUEST|fastran_FPP_000001@efit@7|FRAMEWORK@Framework@0|38)
2026-05-06 17:50:46,322 fastran_eq_efit_7 DEBUG    _get_service_response(REQUEST|fastran_FPP_000001@efit@7|FRAMEWORK@Framework@0|38), response = ServiceResponseMessage(sender_id=FRAMEWORK@Framework@0, receiver_id=fastran_FPP_000001@efit@7, request_msg_id=REQUEST|fastran_FPP_000001@efit@7|FRAMEWORK@Framework@0|38,status=0, args=(<ipsframework.cca_es_spec.Topic object at 0x7f54f881e610>,), message_id=RESPONSE|FRAMEWORK@Framework@0|fastran_FPP_000001@efit@7|3986)
2026-05-06 17:50:46,322 fastran_eq_efit_7 DEBUG    _invoke_service(): sendEvent  ('_IPS_MONITOR', 'PORTAL_EVENT', {'sim_name': 'fastran_FPP_000001', 'real_sim_name': 'fastran_FPP_000001', 'portal_data': {'code': 'fastran_eq_efit', 'eventtype': 'IPS_STAGE_OUTPUTS', 'ok': True, 'walltime': '1781.50', 'time': '2026-05-06|17:50:46PDT', 'trace': {'timestamp': 1778115046284316, 'duration': 26925, 'localEndpoint': {'serviceName': 'stage_output_files'}, 'name': "['g*.*', 'a*.*', 'm*.*', 'k*.*', 'efit.log', 's*.*']", 'id': '80725d8eee5776f1', 'parentId': '46114afab1f00ff7', 'tags': {}}, 'state': 'Running', 'comment': "Elapsed time = 0.027 Path = /pscratch/sd/h/hswils/github_repos/MANTA_DBSCANS/TORIC+RAD+TGLF_lowerKr/SCAN/simulation_results/4/components/fastran_eq_efit_7 Files = ['g*.*', 'a*.*', 'm*.*', 'k*.*', 'efit.log', 's*.*']"}})
2026-05-06 17:50:46,322 fastran_eq_efit_7 DEBUG    _get_service_response(REQUEST|fastran_FPP_000001@efit@7|FRAMEWORK@Framework@0|39)
2026-05-06 17:50:46,332 fastran_eq_efit_7 DEBUG    _get_service_response(REQUEST|fastran_FPP_000001@efit@7|FRAMEWORK@Framework@0|39), response = ServiceResponseMessage(sender_id=FRAMEWORK@Framework@0, receiver_id=fastran_FPP_000001@efit@7, request_msg_id=REQUEST|fastran_FPP_000001@efit@7|FRAMEWORK@Framework@0|39,status=0, args=(None,), message_id=RESPONSE|FRAMEWORK@Framework@0|fastran_FPP_000001@efit@7|3987)
2026-05-06 17:50:46,344 fastran_driver_fastran_driver_2 DEBUG    _get_service_response(REQUEST|fastran_FPP_000001@fastran_driver@2|FRAMEWORK@Framework@0|220), response = ServiceResponseMessage(sender_id=FRAMEWORK@Framework@0, receiver_id=fastran_FPP_000001@fastran_driver@2, request_msg_id=REQUEST|fastran_FPP_000001@fastran_driver@2|FRAMEWORK@Framework@0|220,status=0, args=((None,),), message_id=RESPONSE|FRAMEWORK@Framework@0|fastran_FPP_000001@fastran_driver@2|3988)
2026-05-06 17:50:46,344 fastran_driver_fastran_driver_2 DEBUG    _invoke_service(): getTopic  ('_IPS_MONITOR',)
2026-05-06 17:50:46,344 fastran_driver_fastran_driver_2 DEBUG    _get_service_response(REQUEST|fastran_FPP_000001@fastran_driver@2|FRAMEWORK@Framework@0|221)
2026-05-06 17:50:46,355 fastran_driver_fastran_driver_2 DEBUG    _get_service_response(REQUEST|fastran_FPP_000001@fastran_driver@2|FRAMEWORK@Framework@0|221), response = ServiceResponseMessage(sender_id=FRAMEWORK@Framework@0, receiver_id=fastran_FPP_000001@fastran_driver@2, request_msg_id=REQUEST|fastran_FPP_000001@fastran_driver@2|FRAMEWORK@Framework@0|221,status=0, args=(<ipsframework.cca_es_spec.Topic object at 0x7f54f88d90d0>,), message_id=RESPONSE|FRAMEWORK@Framework@0|fastran_FPP_000001@fastran_driver@2|3989)
2026-05-06 17:50:46,355 fastran_driver_fastran_driver_2 DEBUG    _invoke_service(): sendEvent  ('_IPS_MONITOR', 'PORTAL_EVENT', {'sim_name': 'fastran_FPP_000001', 'real_sim_name': 'fastran_FPP_000001', 'portal_data': {'code': 'fastran_driver_fastran_driver', 'eventtype': 'IPS_CALL_END', 'ok': True, 'walltime': '1781.53', 'time': '2026-05-06|17:50:46PDT', 'trace': {'timestamp': 1778115043586622, 'duration': 2758028, 'localEndpoint': {'serviceName': 'fastran_FPP_000001@efit@7'}, 'name': 'step(4)', 'id': '46114afab1f00ff7', 'parentId': 'f899e3e5886669ce', 'tags': {}}, 'state': 'Running', 'comment': 'Target = fastran_FPP_000001@efit@7:step(4)'}})
2026-05-06 17:50:46,355 fastran_driver_fastran_driver_2 DEBUG    _get_service_response(REQUEST|fastran_FPP_000001@fastran_driver@2|FRAMEWORK@Framework@0|222)
2026-05-06 17:50:46,366 fastran_driver_fastran_driver_2 DEBUG    _get_service_response(REQUEST|fastran_FPP_000001@fastran_driver@2|FRAMEWORK@Framework@0|222), response = ServiceResponseMessage(sender_id=FRAMEWORK@Framework@0, receiver_id=fastran_FPP_000001@fastran_driver@2, request_msg_id=REQUEST|fastran_FPP_000001@fastran_driver@2|FRAMEWORK@Framework@0|222,status=0, args=(None,), message_id=RESPONSE|FRAMEWORK@Framework@0|fastran_FPP_000001@fastran_driver@2|3990)
2026-05-06 17:50:46,366 fastran_driver_fastran_driver_2 DEBUG    _invoke_service(): getTopic  ('_IPS_MONITOR',)
2026-05-06 17:50:46,367 fastran_driver_fastran_driver_2 DEBUG    _get_service_response(REQUEST|fastran_FPP_000001@fastran_driver@2|FRAMEWORK@Framework@0|223)
2026-05-06 17:50:46,377 fastran_driver_fastran_driver_2 DEBUG    _get_service_response(REQUEST|fastran_FPP_000001@fastran_driver@2|FRAMEWORK@Framework@0|223), response = ServiceResponseMessage(sender_id=FRAMEWORK@Framework@0, receiver_id=fastran_FPP_000001@fastran_driver@2, request_msg_id=REQUEST|fastran_FPP_000001@fastran_driver@2|FRAMEWORK@Framework@0|223,status=0, args=(<ipsframework.cca_es_spec.Topic object at 0x7f54f88d9100>,), message_id=RESPONSE|FRAMEWORK@Framework@0|fastran_FPP_000001@fastran_driver@2|3991)
2026-05-06 17:50:46,377 fastran_driver_fastran_driver_2 DEBUG    _invoke_service(): sendEvent  ('_IPS_MONITOR', 'PORTAL_EVENT', {'sim_name': 'fastran_FPP_000001', 'real_sim_name': 'fastran_FPP_000001', 'portal_data': {'code': 'fastran_driver_fastran_driver', 'eventtype': 'IPS_CALL_BEGIN', 'ok': True, 'walltime': '1781.56', 'time': '2026-05-06|17:50:46PDT', 'state': 'Running', 'comment': 'Target = fastran_FPP_000001@fastran@8:step(4)'}})
2026-05-06 17:50:46,378 fastran_driver_fastran_driver_2 DEBUG    _get_service_response(REQUEST|fastran_FPP_000001@fastran_driver@2|FRAMEWORK@Framework@0|224)
2026-05-06 17:50:46,388 fastran_driver_fastran_driver_2 DEBUG    _get_service_response(REQUEST|fastran_FPP_000001@fastran_driver@2|FRAMEWORK@Framework@0|224), response = ServiceResponseMessage(sender_id=FRAMEWORK@Framework@0, receiver_id=fastran_FPP_000001@fastran_driver@2, request_msg_id=REQUEST|fastran_FPP_000001@fastran_driver@2|FRAMEWORK@Framework@0|224,status=0, args=(None,), message_id=RESPONSE|FRAMEWORK@Framework@0|fastran_FPP_000001@fastran_driver@2|3992)
2026-05-06 17:50:46,388 fastran_driver_fastran_driver_2 DEBUG    _invoke_service(): init_call  ('step', 4)
2026-05-06 17:50:46,388 fastran_driver_fastran_driver_2 DEBUG    _get_service_response(REQUEST|fastran_FPP_000001@fastran_driver@2|FRAMEWORK@Framework@0|225)
2026-05-06 17:50:46,389 fastran_tr_fastran_8 DEBUG    Received Message 
2026-05-06 17:50:46,389 fastran_tr_fastran_8 DEBUG    Calling method step(4)
2026-05-06 17:50:46,390 fastran_tr_fastran_8 DEBUG    _invoke_service(): stage_state  (['s000001.00001', 'g000001.00001', 'i000001.00001'], '/pscratch/sd/h/hswils/github_repos/MANTA_DBSCANS/TORIC+RAD+TGLF_lowerKr/SCAN/work/plasma_state', '/pscratch/sd/h/hswils/github_repos/MANTA_DBSCANS/TORIC+RAD+TGLF_lowerKr/SCAN/work/fastran_tr_fastran_8')
2026-05-06 17:50:46,390 fastran_tr_fastran_8 DEBUG    _get_service_response(REQUEST|fastran_FPP_000001@fastran@8|FRAMEWORK@Framework@0|64)
2026-05-06 17:50:46,399 fastran_driver_fastran_driver_2 DEBUG    _get_service_response(REQUEST|fastran_FPP_000001@fastran_driver@2|FRAMEWORK@Framework@0|225), response = ServiceResponseMessage(sender_id=FRAMEWORK@Framework@0, receiver_id=fastran_FPP_000001@fastran_driver@2, request_msg_id=REQUEST|fastran_FPP_000001@fastran_driver@2|FRAMEWORK@Framework@0|225,status=0, args=(38,), message_id=RESPONSE|FRAMEWORK@Framework@0|fastran_FPP_000001@fastran_driver@2|3993)
2026-05-06 17:50:46,399 fastran_driver_fastran_driver_2 DEBUG    _invoke_service(): wait_call  (38, True)
2026-05-06 17:50:46,400 fastran_driver_fastran_driver_2 DEBUG    _get_service_response(REQUEST|fastran_FPP_000001@fastran_driver@2|FRAMEWORK@Framework@0|226)
2026-05-06 17:50:46,410 fastran_tr_fastran_8 DEBUG    _get_service_response(REQUEST|fastran_FPP_000001@fastran@8|FRAMEWORK@Framework@0|64), response = ServiceResponseMessage(sender_id=FRAMEWORK@Framework@0, receiver_id=fastran_FPP_000001@fastran@8, request_msg_id=REQUEST|fastran_FPP_000001@fastran@8|FRAMEWORK@Framework@0|64,status=0, args=(0,), message_id=RESPONSE|FRAMEWORK@Framework@0|fastran_FPP_000001@fastran@8|3994)
2026-05-06 17:50:46,410 fastran_tr_fastran_8 DEBUG    _invoke_service(): getTopic  ('_IPS_MONITOR',)
2026-05-06 17:50:46,410 fastran_tr_fastran_8 DEBUG    _get_service_response(REQUEST|fastran_FPP_000001@fastran@8|FRAMEWORK@Framework@0|65)
2026-05-06 17:50:46,421 fastran_tr_fastran_8 DEBUG    _get_service_response(REQUEST|fastran_FPP_000001@fastran@8|FRAMEWORK@Framework@0|65), response = ServiceResponseMessage(sender_id=FRAMEWORK@Framework@0, receiver_id=fastran_FPP_000001@fastran@8, request_msg_id=REQUEST|fastran_FPP_000001@fastran@8|FRAMEWORK@Framework@0|65,status=0, args=(<ipsframework.cca_es_spec.Topic object at 0x7f54f87bd5b0>,), message_id=RESPONSE|FRAMEWORK@Framework@0|fastran_FPP_000001@fastran@8|3995)
2026-05-06 17:50:46,421 fastran_tr_fastran_8 DEBUG    _invoke_service(): sendEvent  ('_IPS_MONITOR', 'PORTAL_EVENT', {'sim_name': 'fastran_FPP_000001', 'real_sim_name': 'fastran_FPP_000001', 'portal_data': {'code': 'fastran_tr_fastran', 'eventtype': 'IPS_STAGE_STATE', 'ok': True, 'walltime': '1781.60', 'time': '2026-05-06|17:50:46PDT', 'trace': {'timestamp': 1778115046390056, 'duration': 20641, 'localEndpoint': {'serviceName': 'stage_state'}, 'name': "['s000001.00001', 'g000001.00001', 'i000001.00001']", 'id': '71885aecf25d7412', 'parentId': 'eb091b4eeea33c28', 'tags': {}}, 'state': 'Running', 'comment': 'Elapsed time = 0.021  files = s000001.00001 g000001.00001 i000001.00001 Success'}})
2026-05-06 17:50:46,421 fastran_tr_fastran_8 DEBUG    _get_service_response(REQUEST|fastran_FPP_000001@fastran@8|FRAMEWORK@Framework@0|66)
2026-05-06 17:50:46,432 fastran_tr_fastran_8 DEBUG    _get_service_response(REQUEST|fastran_FPP_000001@fastran@8|FRAMEWORK@Framework@0|66), response = ServiceResponseMessage(sender_id=FRAMEWORK@Framework@0, receiver_id=fastran_FPP_000001@fastran@8, request_msg_id=REQUEST|fastran_FPP_000001@fastran@8|FRAMEWORK@Framework@0|66,status=0, args=(None,), message_id=RESPONSE|FRAMEWORK@Framework@0|fastran_FPP_000001@fastran@8|3996)
2026-05-06 17:50:46,439 fastran_tr_fastran_8 DEBUG    _invoke_service(): getTopic  ('_IPS_MONITOR',)
2026-05-06 17:50:46,439 fastran_tr_fastran_8 DEBUG    _get_service_response(REQUEST|fastran_FPP_000001@fastran@8|FRAMEWORK@Framework@0|67)
2026-05-06 17:50:46,450 fastran_tr_fastran_8 DEBUG    _get_service_response(REQUEST|fastran_FPP_000001@fastran@8|FRAMEWORK@Framework@0|67), response = ServiceResponseMessage(sender_id=FRAMEWORK@Framework@0, receiver_id=fastran_FPP_000001@fastran@8, request_msg_id=REQUEST|fastran_FPP_000001@fastran@8|FRAMEWORK@Framework@0|67,status=0, args=(<ipsframework.cca_es_spec.Topic object at 0x7f54f87bd490>,), message_id=RESPONSE|FRAMEWORK@Framework@0|fastran_FPP_000001@fastran@8|3997)
2026-05-06 17:50:46,450 fastran_tr_fastran_8 DEBUG    _invoke_service(): sendEvent  ('_IPS_MONITOR', 'PORTAL_EVENT', {'sim_name': 'fastran_FPP_000001', 'real_sim_name': 'fastran_FPP_000001', 'portal_data': {'code': 'fastran_tr_fastran', 'eventtype': 'IPS_STAGE_INPUTS', 'ok': True, 'walltime': '1781.63', 'time': '2026-05-06|17:50:46PDT', 'trace': {'timestamp': 1778115046432488, 'duration': 7027, 'localEndpoint': {'serviceName': 'stage_input_files'}, 'name': 'infastran intglf', 'id': '5ff6e2efe4653e6c', 'parentId': 'eb091b4eeea33c28', 'tags': {}}, 'state': 'Running', 'comment': 'Elapsed time = 0.007 Path = /pscratch/sd/h/hswils/github_repos/MANTA_DBSCANS/TORIC+RAD+TGLF_lowerKr/input Files = infastran intglf'}})
2026-05-06 17:50:46,450 fastran_tr_fastran_8 DEBUG    _get_service_response(REQUEST|fastran_FPP_000001@fastran@8|FRAMEWORK@Framework@0|68)
2026-05-06 17:50:46,460 fastran_tr_fastran_8 DEBUG    _get_service_response(REQUEST|fastran_FPP_000001@fastran@8|FRAMEWORK@Framework@0|68), response = ServiceResponseMessage(sender_id=FRAMEWORK@Framework@0, receiver_id=fastran_FPP_000001@fastran@8, request_msg_id=REQUEST|fastran_FPP_000001@fastran@8|FRAMEWORK@Framework@0|68,status=0, args=(None,), message_id=RESPONSE|FRAMEWORK@Framework@0|fastran_FPP_000001@fastran@8|3999)
2026-05-06 17:50:46,764 fastran_tr_fastran_8 DEBUG    _invoke_service(): init_task  (TaskInit(nproc=126, binary='/global/common/software/atom/perlmutter/binaries/fastran/default/xfastran_ver1.07', working_dir='/pscratch/sd/h/hswils/github_repos/MANTA_DBSCANS/TORIC+RAD+TGLF_lowerKr/SCAN/work/fastran_tr_fastran_8', tppn=0, tcpp=0, tgpp=0, block=True, omp=False, wnodes=True, wsocks=True, cmd_args=('6', '21')),)
2026-05-06 17:50:46,764 fastran_tr_fastran_8 DEBUG    _get_service_response(REQUEST|fastran_FPP_000001@fastran@8|FRAMEWORK@Framework@0|69)
2026-05-06 17:50:46,776 fastran_tr_fastran_8 DEBUG    _get_service_response(REQUEST|fastran_FPP_000001@fastran@8|FRAMEWORK@Framework@0|69), response = ServiceResponseMessage(sender_id=FRAMEWORK@Framework@0, receiver_id=fastran_FPP_000001@fastran@8, request_msg_id=REQUEST|fastran_FPP_000001@fastran@8|FRAMEWORK@Framework@0|69,status=0, args=((11, 'srun -N 1 -n 126 -c 1 --threads-per-core=1 --cpu-bind=cores /global/common/software/atom/perlmutter/binaries/fastran/default/xfastran_ver1.07 6 21', None, 128),), message_id=RESPONSE|FRAMEWORK@Framework@0|fastran_FPP_000001@fastran@8|4000)
2026-05-06 17:50:46,777 fastran_tr_fastran_8 DEBUG    Launching command : srun -N 1 -n 126 -c 1 --threads-per-core=1 --cpu-bind=cores /global/common/software/atom/perlmutter/binaries/fastran/default/xfastran_ver1.07 6 21
2026-05-06 17:50:46,801 fastran_tr_fastran_8 DEBUG    _invoke_service(): getTopic  ('_IPS_MONITOR',)
2026-05-06 17:50:46,801 fastran_tr_fastran_8 DEBUG    _get_service_response(REQUEST|fastran_FPP_000001@fastran@8|FRAMEWORK@Framework@0|70)
2026-05-06 17:50:46,812 fastran_tr_fastran_8 DEBUG    _get_service_response(REQUEST|fastran_FPP_000001@fastran@8|FRAMEWORK@Framework@0|70), response = ServiceResponseMessage(sender_id=FRAMEWORK@Framework@0, receiver_id=fastran_FPP_000001@fastran@8, request_msg_id=REQUEST|fastran_FPP_000001@fastran@8|FRAMEWORK@Framework@0|70,status=0, args=(<ipsframework.cca_es_spec.Topic object at 0x7f54f87bd850>,), message_id=RESPONSE|FRAMEWORK@Framework@0|fastran_FPP_000001@fastran@8|4001)
2026-05-06 17:50:46,812 fastran_tr_fastran_8 DEBUG    _invoke_service(): sendEvent  ('_IPS_MONITOR', 'PORTAL_EVENT', {'sim_name': 'fastran_FPP_000001', 'real_sim_name': 'fastran_FPP_000001', 'portal_data': {'code': 'fastran_tr_fastran', 'eventtype': 'IPS_LAUNCH_TASK', 'ok': True, 'walltime': '1781.99', 'time': '2026-05-06|17:50:46PDT', 'state': 'Running', 'comment': 'task_id = 11 , Tag = None , nproc = 126 , Target = srun -N 1 -n 126 -c 1 --threads-per-core=1 --cpu-bind=cores /global/common/software/atom/perlmutter/binaries/fastran/default/xfastran_ver1.07 6 21'}})
2026-05-06 17:50:46,812 fastran_tr_fastran_8 DEBUG    _get_service_response(REQUEST|fastran_FPP_000001@fastran@8|FRAMEWORK@Framework@0|71)
2026-05-06 17:50:46,823 fastran_tr_fastran_8 DEBUG    _get_service_response(REQUEST|fastran_FPP_000001@fastran@8|FRAMEWORK@Framework@0|71), response = ServiceResponseMessage(sender_id=FRAMEWORK@Framework@0, receiver_id=fastran_FPP_000001@fastran@8, request_msg_id=REQUEST|fastran_FPP_000001@fastran@8|FRAMEWORK@Framework@0|71,status=0, args=(None,), message_id=RESPONSE|FRAMEWORK@Framework@0|fastran_FPP_000001@fastran@8|4002)
2026-05-06 17:51:40,118 fastran_tr_fastran_8 DEBUG    _invoke_service(): getTopic  ('_IPS_MONITOR',)
2026-05-06 17:51:40,118 fastran_tr_fastran_8 DEBUG    _get_service_response(REQUEST|fastran_FPP_000001@fastran@8|FRAMEWORK@Framework@0|72)
2026-05-06 17:51:40,129 fastran_tr_fastran_8 DEBUG    _get_service_response(REQUEST|fastran_FPP_000001@fastran@8|FRAMEWORK@Framework@0|72), response = ServiceResponseMessage(sender_id=FRAMEWORK@Framework@0, receiver_id=fastran_FPP_000001@fastran@8, request_msg_id=REQUEST|fastran_FPP_000001@fastran@8|FRAMEWORK@Framework@0|72,status=0, args=(<ipsframework.cca_es_spec.Topic object at 0x7f54f87bd400>,), message_id=RESPONSE|FRAMEWORK@Framework@0|fastran_FPP_000001@fastran@8|4107)
2026-05-06 17:51:40,129 fastran_tr_fastran_8 DEBUG    _invoke_service(): sendEvent  ('_IPS_MONITOR', 'PORTAL_EVENT', {'sim_name': 'fastran_FPP_000001', 'real_sim_name': 'fastran_FPP_000001', 'portal_data': {'code': 'fastran_tr_fastran', 'eventtype': 'IPS_TASK_END', 'ok': True, 'walltime': '1835.31', 'time': '2026-05-06|17:51:40PDT', 'trace': {'timestamp': 1778115046800757, 'duration': 53317320, 'localEndpoint': {'serviceName': '/global/common/software/atom/perlmutter/binaries/fastran/default/xfastran_ver1.07'}, 'name': '6 21', 'id': '9f0fb67862897270', 'parentId': 'eb091b4eeea33c28', 'tags': {'procs_requested': '126', 'cores_allocated': '128'}}, 'state': 'Running', 'comment': 'task_id = 11  elapsed time = 53.32 S'}})
2026-05-06 17:51:40,129 fastran_tr_fastran_8 DEBUG    _get_service_response(REQUEST|fastran_FPP_000001@fastran@8|FRAMEWORK@Framework@0|73)
2026-05-06 17:51:40,140 fastran_tr_fastran_8 DEBUG    _get_service_response(REQUEST|fastran_FPP_000001@fastran@8|FRAMEWORK@Framework@0|73), response = ServiceResponseMessage(sender_id=FRAMEWORK@Framework@0, receiver_id=fastran_FPP_000001@fastran@8, request_msg_id=REQUEST|fastran_FPP_000001@fastran@8|FRAMEWORK@Framework@0|73,status=0, args=(None,), message_id=RESPONSE|FRAMEWORK@Framework@0|fastran_FPP_000001@fastran@8|4108)
2026-05-06 17:51:40,140 fastran_tr_fastran_8 DEBUG    _invoke_service(): finish_task  (11, 0)
2026-05-06 17:51:40,140 fastran_tr_fastran_8 DEBUG    _get_service_response(REQUEST|fastran_FPP_000001@fastran@8|FRAMEWORK@Framework@0|74)
2026-05-06 17:51:40,151 fastran_tr_fastran_8 DEBUG    _get_service_response(REQUEST|fastran_FPP_000001@fastran@8|FRAMEWORK@Framework@0|74), response = ServiceResponseMessage(sender_id=FRAMEWORK@Framework@0, receiver_id=fastran_FPP_000001@fastran@8, request_msg_id=REQUEST|fastran_FPP_000001@fastran@8|FRAMEWORK@Framework@0|74,status=0, args=(0,), message_id=RESPONSE|FRAMEWORK@Framework@0|fastran_FPP_000001@fastran@8|4109)
2026-05-06 17:51:40,460 fastran_tr_fastran_8 DEBUG    _invoke_service(): update_state  (['s000001.00001', 'g000001.00001', 'i000001.00001'], '/pscratch/sd/h/hswils/github_repos/MANTA_DBSCANS/TORIC+RAD+TGLF_lowerKr/SCAN/work/fastran_tr_fastran_8', '/pscratch/sd/h/hswils/github_repos/MANTA_DBSCANS/TORIC+RAD+TGLF_lowerKr/SCAN/work/plasma_state')
2026-05-06 17:51:40,460 fastran_tr_fastran_8 DEBUG    _get_service_response(REQUEST|fastran_FPP_000001@fastran@8|FRAMEWORK@Framework@0|75)
2026-05-06 17:51:40,480 fastran_tr_fastran_8 DEBUG    _get_service_response(REQUEST|fastran_FPP_000001@fastran@8|FRAMEWORK@Framework@0|75), response = ServiceResponseMessage(sender_id=FRAMEWORK@Framework@0, receiver_id=fastran_FPP_000001@fastran@8, request_msg_id=REQUEST|fastran_FPP_000001@fastran@8|FRAMEWORK@Framework@0|75,status=0, args=(0,), message_id=RESPONSE|FRAMEWORK@Framework@0|fastran_FPP_000001@fastran@8|4111)
2026-05-06 17:51:40,481 fastran_tr_fastran_8 DEBUG    _invoke_service(): getTopic  ('_IPS_MONITOR',)
2026-05-06 17:51:40,481 fastran_tr_fastran_8 DEBUG    _get_service_response(REQUEST|fastran_FPP_000001@fastran@8|FRAMEWORK@Framework@0|76)
2026-05-06 17:51:40,491 fastran_tr_fastran_8 DEBUG    _get_service_response(REQUEST|fastran_FPP_000001@fastran@8|FRAMEWORK@Framework@0|76), response = ServiceResponseMessage(sender_id=FRAMEWORK@Framework@0, receiver_id=fastran_FPP_000001@fastran@8, request_msg_id=REQUEST|fastran_FPP_000001@fastran@8|FRAMEWORK@Framework@0|76,status=0, args=(<ipsframework.cca_es_spec.Topic object at 0x7f54f87bd5e0>,), message_id=RESPONSE|FRAMEWORK@Framework@0|fastran_FPP_000001@fastran@8|4112)
2026-05-06 17:51:40,491 fastran_tr_fastran_8 DEBUG    _invoke_service(): sendEvent  ('_IPS_MONITOR', 'PORTAL_EVENT', {'sim_name': 'fastran_FPP_000001', 'real_sim_name': 'fastran_FPP_000001', 'portal_data': {'code': 'fastran_tr_fastran', 'eventtype': 'IPS_UPDATE_STATE', 'ok': True, 'walltime': '1835.67', 'time': '2026-05-06|17:51:40PDT', 'trace': {'timestamp': 1778115100460082, 'duration': 20878, 'localEndpoint': {'serviceName': 'update_state'}, 'name': "['s000001.00001', 'g000001.00001', 'i000001.00001']", 'id': '7629e189a66153c0', 'parentId': 'eb091b4eeea33c28', 'tags': {}}, 'state': 'Running', 'comment': 'Elapsed time = 0.021   files = s000001.00001 g000001.00001 i000001.00001 Success'}})
2026-05-06 17:51:40,491 fastran_tr_fastran_8 DEBUG    _get_service_response(REQUEST|fastran_FPP_000001@fastran@8|FRAMEWORK@Framework@0|77)
2026-05-06 17:51:40,502 fastran_tr_fastran_8 DEBUG    _get_service_response(REQUEST|fastran_FPP_000001@fastran@8|FRAMEWORK@Framework@0|77), response = ServiceResponseMessage(sender_id=FRAMEWORK@Framework@0, receiver_id=fastran_FPP_000001@fastran@8, request_msg_id=REQUEST|fastran_FPP_000001@fastran@8|FRAMEWORK@Framework@0|77,status=0, args=(None,), message_id=RESPONSE|FRAMEWORK@Framework@0|fastran_FPP_000001@fastran@8|4113)
2026-05-06 17:51:40,521 fastran_tr_fastran_8 DEBUG    _invoke_service(): getTopic  ('_IPS_MONITOR',)
2026-05-06 17:51:40,521 fastran_tr_fastran_8 DEBUG    _get_service_response(REQUEST|fastran_FPP_000001@fastran@8|FRAMEWORK@Framework@0|78)
2026-05-06 17:51:40,532 fastran_tr_fastran_8 DEBUG    _get_service_response(REQUEST|fastran_FPP_000001@fastran@8|FRAMEWORK@Framework@0|78), response = ServiceResponseMessage(sender_id=FRAMEWORK@Framework@0, receiver_id=fastran_FPP_000001@fastran@8, request_msg_id=REQUEST|fastran_FPP_000001@fastran@8|FRAMEWORK@Framework@0|78,status=0, args=(<ipsframework.cca_es_spec.Topic object at 0x7f54f87bdf70>,), message_id=RESPONSE|FRAMEWORK@Framework@0|fastran_FPP_000001@fastran@8|4114)
2026-05-06 17:51:40,532 fastran_tr_fastran_8 DEBUG    _invoke_service(): sendEvent  ('_IPS_MONITOR', 'PORTAL_EVENT', {'sim_name': 'fastran_FPP_000001', 'real_sim_name': 'fastran_FPP_000001', 'portal_data': {'code': 'fastran_tr_fastran', 'eventtype': 'IPS_STAGE_OUTPUTS', 'ok': True, 'walltime': '1835.71', 'time': '2026-05-06|17:51:40PDT', 'trace': {'timestamp': 1778115100502645, 'duration': 18969, 'localEndpoint': {'serviceName': 'stage_output_files'}, 'name': "['fastran.nc', 'inprof', 'inmetric', 'infastran', 'intglf', 'xfastran.log', 'i000001.00001']", 'id': '7349cfaaafc33980', 'parentId': 'eb091b4eeea33c28', 'tags': {}}, 'state': 'Running', 'comment': "Elapsed time = 0.019 Path = /pscratch/sd/h/hswils/github_repos/MANTA_DBSCANS/TORIC+RAD+TGLF_lowerKr/SCAN/simulation_results/4/components/fastran_tr_fastran_8 Files = ['fastran.nc', 'inprof', 'inmetric', 'infastran', 'intglf', 'xfastran.log', 'i000001.00001']"}})
2026-05-06 17:51:40,532 fastran_tr_fastran_8 DEBUG    _get_service_response(REQUEST|fastran_FPP_000001@fastran@8|FRAMEWORK@Framework@0|79)
2026-05-06 17:51:40,543 fastran_tr_fastran_8 DEBUG    _get_service_response(REQUEST|fastran_FPP_000001@fastran@8|FRAMEWORK@Framework@0|79), response = ServiceResponseMessage(sender_id=FRAMEWORK@Framework@0, receiver_id=fastran_FPP_000001@fastran@8, request_msg_id=REQUEST|fastran_FPP_000001@fastran@8|FRAMEWORK@Framework@0|79,status=0, args=(None,), message_id=RESPONSE|FRAMEWORK@Framework@0|fastran_FPP_000001@fastran@8|4115)
2026-05-06 17:51:40,553 fastran_driver_fastran_driver_2 DEBUG    _get_service_response(REQUEST|fastran_FPP_000001@fastran_driver@2|FRAMEWORK@Framework@0|226), response = ServiceResponseMessage(sender_id=FRAMEWORK@Framework@0, receiver_id=fastran_FPP_000001@fastran_driver@2, request_msg_id=REQUEST|fastran_FPP_000001@fastran_driver@2|FRAMEWORK@Framework@0|226,status=0, args=((None,),), message_id=RESPONSE|FRAMEWORK@Framework@0|fastran_FPP_000001@fastran_driver@2|4116)
2026-05-06 17:51:40,553 fastran_driver_fastran_driver_2 DEBUG    _invoke_service(): getTopic  ('_IPS_MONITOR',)
2026-05-06 17:51:40,554 fastran_driver_fastran_driver_2 DEBUG    _get_service_response(REQUEST|fastran_FPP_000001@fastran_driver@2|FRAMEWORK@Framework@0|227)
2026-05-06 17:51:40,564 fastran_driver_fastran_driver_2 DEBUG    _get_service_response(REQUEST|fastran_FPP_000001@fastran_driver@2|FRAMEWORK@Framework@0|227), response = ServiceResponseMessage(sender_id=FRAMEWORK@Framework@0, receiver_id=fastran_FPP_000001@fastran_driver@2, request_msg_id=REQUEST|fastran_FPP_000001@fastran_driver@2|FRAMEWORK@Framework@0|227,status=0, args=(<ipsframework.cca_es_spec.Topic object at 0x7f54f88d9160>,), message_id=RESPONSE|FRAMEWORK@Framework@0|fastran_FPP_000001@fastran_driver@2|4117)
2026-05-06 17:51:40,564 fastran_driver_fastran_driver_2 DEBUG    _invoke_service(): sendEvent  ('_IPS_MONITOR', 'PORTAL_EVENT', {'sim_name': 'fastran_FPP_000001', 'real_sim_name': 'fastran_FPP_000001', 'portal_data': {'code': 'fastran_driver_fastran_driver', 'eventtype': 'IPS_CALL_END', 'ok': True, 'walltime': '1835.74', 'time': '2026-05-06|17:51:40PDT', 'trace': {'timestamp': 1778115046399846, 'duration': 54154064, 'localEndpoint': {'serviceName': 'fastran_FPP_000001@fastran@8'}, 'name': 'step(4)', 'id': 'eb091b4eeea33c28', 'parentId': 'f899e3e5886669ce', 'tags': {}}, 'state': 'Running', 'comment': 'Target = fastran_FPP_000001@fastran@8:step(4)'}})
2026-05-06 17:51:40,564 fastran_driver_fastran_driver_2 DEBUG    _get_service_response(REQUEST|fastran_FPP_000001@fastran_driver@2|FRAMEWORK@Framework@0|228)
2026-05-06 17:51:40,575 fastran_driver_fastran_driver_2 DEBUG    _get_service_response(REQUEST|fastran_FPP_000001@fastran_driver@2|FRAMEWORK@Framework@0|228), response = ServiceResponseMessage(sender_id=FRAMEWORK@Framework@0, receiver_id=fastran_FPP_000001@fastran_driver@2, request_msg_id=REQUEST|fastran_FPP_000001@fastran_driver@2|FRAMEWORK@Framework@0|228,status=0, args=(None,), message_id=RESPONSE|FRAMEWORK@Framework@0|fastran_FPP_000001@fastran_driver@2|4118)
2026-05-06 17:51:40,576 fastran_driver_fastran_driver_2 DEBUG    _invoke_service(): stage_state  (['s000001.00001', 'g000001.00001', 'i000001.00001'], '/pscratch/sd/h/hswils/github_repos/MANTA_DBSCANS/TORIC+RAD+TGLF_lowerKr/SCAN/work/plasma_state', '/pscratch/sd/h/hswils/github_repos/MANTA_DBSCANS/TORIC+RAD+TGLF_lowerKr/SCAN/work/fastran_driver_fastran_driver_2')
2026-05-06 17:51:40,576 fastran_driver_fastran_driver_2 DEBUG    _get_service_response(REQUEST|fastran_FPP_000001@fastran_driver@2|FRAMEWORK@Framework@0|229)
2026-05-06 17:51:40,600 fastran_driver_fastran_driver_2 DEBUG    _get_service_response(REQUEST|fastran_FPP_000001@fastran_driver@2|FRAMEWORK@Framework@0|229), response = ServiceResponseMessage(sender_id=FRAMEWORK@Framework@0, receiver_id=fastran_FPP_000001@fastran_driver@2, request_msg_id=REQUEST|fastran_FPP_000001@fastran_driver@2|FRAMEWORK@Framework@0|229,status=0, args=(0,), message_id=RESPONSE|FRAMEWORK@Framework@0|fastran_FPP_000001@fastran_driver@2|4119)
2026-05-06 17:51:40,600 fastran_driver_fastran_driver_2 DEBUG    _invoke_service(): getTopic  ('_IPS_MONITOR',)
2026-05-06 17:51:40,601 fastran_driver_fastran_driver_2 DEBUG    _get_service_response(REQUEST|fastran_FPP_000001@fastran_driver@2|FRAMEWORK@Framework@0|230)
2026-05-06 17:51:40,611 fastran_driver_fastran_driver_2 DEBUG    _get_service_response(REQUEST|fastran_FPP_000001@fastran_driver@2|FRAMEWORK@Framework@0|230), response = ServiceResponseMessage(sender_id=FRAMEWORK@Framework@0, receiver_id=fastran_FPP_000001@fastran_driver@2, request_msg_id=REQUEST|fastran_FPP_000001@fastran_driver@2|FRAMEWORK@Framework@0|230,status=0, args=(<ipsframework.cca_es_spec.Topic object at 0x7f54f88d9070>,), message_id=RESPONSE|FRAMEWORK@Framework@0|fastran_FPP_000001@fastran_driver@2|4120)
2026-05-06 17:51:40,611 fastran_driver_fastran_driver_2 DEBUG    _invoke_service(): sendEvent  ('_IPS_MONITOR', 'PORTAL_EVENT', {'sim_name': 'fastran_FPP_000001', 'real_sim_name': 'fastran_FPP_000001', 'portal_data': {'code': 'fastran_driver_fastran_driver', 'eventtype': 'IPS_STAGE_STATE', 'ok': True, 'walltime': '1835.79', 'time': '2026-05-06|17:51:40PDT', 'trace': {'timestamp': 1778115100575897, 'duration': 24942, 'localEndpoint': {'serviceName': 'stage_state'}, 'name': "['s000001.00001', 'g000001.00001', 'i000001.00001']", 'id': '71885aecf25d7412', 'parentId': 'f899e3e5886669ce', 'tags': {}}, 'state': 'Running', 'comment': 'Elapsed time = 0.025  files = s000001.00001 g000001.00001 i000001.00001 Success'}})
2026-05-06 17:51:40,611 fastran_driver_fastran_driver_2 DEBUG    _get_service_response(REQUEST|fastran_FPP_000001@fastran_driver@2|FRAMEWORK@Framework@0|231)
2026-05-06 17:51:40,623 fastran_driver_fastran_driver_2 DEBUG    _get_service_response(REQUEST|fastran_FPP_000001@fastran_driver@2|FRAMEWORK@Framework@0|231), response = ServiceResponseMessage(sender_id=FRAMEWORK@Framework@0, receiver_id=fastran_FPP_000001@fastran_driver@2, request_msg_id=REQUEST|fastran_FPP_000001@fastran_driver@2|FRAMEWORK@Framework@0|231,status=0, args=(None,), message_id=RESPONSE|FRAMEWORK@Framework@0|fastran_FPP_000001@fastran_driver@2|4121)
2026-05-06 17:51:40,623 fastran_driver_fastran_driver_2 DEBUG    _invoke_service(): getTopic  ('_IPS_MONITOR',)
2026-05-06 17:51:40,623 fastran_driver_fastran_driver_2 DEBUG    _get_service_response(REQUEST|fastran_FPP_000001@fastran_driver@2|FRAMEWORK@Framework@0|232)
2026-05-06 17:51:40,634 fastran_driver_fastran_driver_2 DEBUG    _get_service_response(REQUEST|fastran_FPP_000001@fastran_driver@2|FRAMEWORK@Framework@0|232), response = ServiceResponseMessage(sender_id=FRAMEWORK@Framework@0, receiver_id=fastran_FPP_000001@fastran_driver@2, request_msg_id=REQUEST|fastran_FPP_000001@fastran_driver@2|FRAMEWORK@Framework@0|232,status=0, args=(<ipsframework.cca_es_spec.Topic object at 0x7f54f88d92e0>,), message_id=RESPONSE|FRAMEWORK@Framework@0|fastran_FPP_000001@fastran_driver@2|4122)
2026-05-06 17:51:40,634 fastran_driver_fastran_driver_2 DEBUG    _invoke_service(): sendEvent  ('_IPS_MONITOR', 'PORTAL_EVENT', {'sim_name': 'fastran_FPP_000001', 'real_sim_name': 'fastran_FPP_000001', 'portal_data': {'code': 'fastran_driver_fastran_driver', 'eventtype': 'IPS_STAGE_OUTPUTS', 'ok': True, 'walltime': '1835.81', 'time': '2026-05-06|17:51:40PDT', 'trace': {'timestamp': 1778115100623157, 'duration': 266, 'localEndpoint': {'serviceName': 'stage_output_files'}, 'name': '[]', 'id': 'ed019efe11be26d9', 'parentId': 'f899e3e5886669ce', 'tags': {}}, 'state': 'Running', 'comment': 'Elapsed time = 0.000 Path = /pscratch/sd/h/hswils/github_repos/MANTA_DBSCANS/TORIC+RAD+TGLF_lowerKr/SCAN/simulation_results/4/components/fastran_driver_fastran_driver_2 Files = []'}})
2026-05-06 17:51:40,634 fastran_driver_fastran_driver_2 DEBUG    _get_service_response(REQUEST|fastran_FPP_000001@fastran_driver@2|FRAMEWORK@Framework@0|233)
2026-05-06 17:51:40,645 fastran_driver_fastran_driver_2 DEBUG    _get_service_response(REQUEST|fastran_FPP_000001@fastran_driver@2|FRAMEWORK@Framework@0|233), response = ServiceResponseMessage(sender_id=FRAMEWORK@Framework@0, receiver_id=fastran_FPP_000001@fastran_driver@2, request_msg_id=REQUEST|fastran_FPP_000001@fastran_driver@2|FRAMEWORK@Framework@0|233,status=0, args=(None,), message_id=RESPONSE|FRAMEWORK@Framework@0|fastran_FPP_000001@fastran_driver@2|4123)
2026-05-06 17:51:40,645 fastran_driver_fastran_driver_2 DEBUG    _invoke_service(): getTopic  ('_IPS_MONITOR',)
2026-05-06 17:51:40,646 fastran_driver_fastran_driver_2 DEBUG    _get_service_response(REQUEST|fastran_FPP_000001@fastran_driver@2|FRAMEWORK@Framework@0|234)
2026-05-06 17:51:40,656 fastran_driver_fastran_driver_2 DEBUG    _get_service_response(REQUEST|fastran_FPP_000001@fastran_driver@2|FRAMEWORK@Framework@0|234), response = ServiceResponseMessage(sender_id=FRAMEWORK@Framework@0, receiver_id=fastran_FPP_000001@fastran_driver@2, request_msg_id=REQUEST|fastran_FPP_000001@fastran_driver@2|FRAMEWORK@Framework@0|234,status=0, args=(<ipsframework.cca_es_spec.Topic object at 0x7f54f88d91f0>,), message_id=RESPONSE|FRAMEWORK@Framework@0|fastran_FPP_000001@fastran_driver@2|4124)
2026-05-06 17:51:40,656 fastran_driver_fastran_driver_2 DEBUG    _invoke_service(): sendEvent  ('_IPS_MONITOR', 'PORTAL_EVENT', {'sim_name': 'fastran_FPP_000001', 'real_sim_name': 'fastran_FPP_000001', 'portal_data': {'code': 'fastran_driver_fastran_driver', 'eventtype': 'IPS_CALL_BEGIN', 'ok': True, 'walltime': '1835.83', 'time': '2026-05-06|17:51:40PDT', 'state': 'Running', 'comment': 'Target = fastran_FPP_000001@efit@3:finalize(4)'}})
2026-05-06 17:51:40,656 fastran_driver_fastran_driver_2 DEBUG    _get_service_response(REQUEST|fastran_FPP_000001@fastran_driver@2|FRAMEWORK@Framework@0|235)
2026-05-06 17:51:40,667 fastran_driver_fastran_driver_2 DEBUG    _get_service_response(REQUEST|fastran_FPP_000001@fastran_driver@2|FRAMEWORK@Framework@0|235), response = ServiceResponseMessage(sender_id=FRAMEWORK@Framework@0, receiver_id=fastran_FPP_000001@fastran_driver@2, request_msg_id=REQUEST|fastran_FPP_000001@fastran_driver@2|FRAMEWORK@Framework@0|235,status=0, args=(None,), message_id=RESPONSE|FRAMEWORK@Framework@0|fastran_FPP_000001@fastran_driver@2|4125)
2026-05-06 17:51:40,667 fastran_driver_fastran_driver_2 DEBUG    _invoke_service(): init_call  ('finalize', 4)
2026-05-06 17:51:40,667 fastran_driver_fastran_driver_2 DEBUG    _get_service_response(REQUEST|fastran_FPP_000001@fastran_driver@2|FRAMEWORK@Framework@0|236)
2026-05-06 17:51:40,668 fastran_eq0_efit_3 DEBUG    Received Message 
2026-05-06 17:51:40,668 fastran_eq0_efit_3 DEBUG    Calling method finalize(4)
2026-05-06 17:51:40,678 fastran_driver_fastran_driver_2 DEBUG    _get_service_response(REQUEST|fastran_FPP_000001@fastran_driver@2|FRAMEWORK@Framework@0|236), response = ServiceResponseMessage(sender_id=FRAMEWORK@Framework@0, receiver_id=fastran_FPP_000001@fastran_driver@2, request_msg_id=REQUEST|fastran_FPP_000001@fastran_driver@2|FRAMEWORK@Framework@0|236,status=0, args=(39,), message_id=RESPONSE|FRAMEWORK@Framework@0|fastran_FPP_000001@fastran_driver@2|4126)
2026-05-06 17:51:40,678 fastran_driver_fastran_driver_2 DEBUG    _invoke_service(): wait_call  (39, True)
2026-05-06 17:51:40,678 fastran_driver_fastran_driver_2 DEBUG    _get_service_response(REQUEST|fastran_FPP_000001@fastran_driver@2|FRAMEWORK@Framework@0|237)
2026-05-06 17:51:40,689 fastran_driver_fastran_driver_2 DEBUG    _get_service_response(REQUEST|fastran_FPP_000001@fastran_driver@2|FRAMEWORK@Framework@0|237), response = ServiceResponseMessage(sender_id=FRAMEWORK@Framework@0, receiver_id=fastran_FPP_000001@fastran_driver@2, request_msg_id=REQUEST|fastran_FPP_000001@fastran_driver@2|FRAMEWORK@Framework@0|237,status=0, args=((None,),), message_id=RESPONSE|FRAMEWORK@Framework@0|fastran_FPP_000001@fastran_driver@2|4127)
2026-05-06 17:51:40,689 fastran_driver_fastran_driver_2 DEBUG    _invoke_service(): getTopic  ('_IPS_MONITOR',)
2026-05-06 17:51:40,689 fastran_driver_fastran_driver_2 DEBUG    _get_service_response(REQUEST|fastran_FPP_000001@fastran_driver@2|FRAMEWORK@Framework@0|238)
2026-05-06 17:51:40,699 fastran_driver_fastran_driver_2 DEBUG    _get_service_response(REQUEST|fastran_FPP_000001@fastran_driver@2|FRAMEWORK@Framework@0|238), response = ServiceResponseMessage(sender_id=FRAMEWORK@Framework@0, receiver_id=fastran_FPP_000001@fastran_driver@2, request_msg_id=REQUEST|fastran_FPP_000001@fastran_driver@2|FRAMEWORK@Framework@0|238,status=0, args=(<ipsframework.cca_es_spec.Topic object at 0x7f54f88d92e0>,), message_id=RESPONSE|FRAMEWORK@Framework@0|fastran_FPP_000001@fastran_driver@2|4128)
2026-05-06 17:51:40,699 fastran_driver_fastran_driver_2 DEBUG    _invoke_service(): sendEvent  ('_IPS_MONITOR', 'PORTAL_EVENT', {'sim_name': 'fastran_FPP_000001', 'real_sim_name': 'fastran_FPP_000001', 'portal_data': {'code': 'fastran_driver_fastran_driver', 'eventtype': 'IPS_CALL_END', 'ok': True, 'walltime': '1835.88', 'time': '2026-05-06|17:51:40PDT', 'trace': {'timestamp': 1778115100678852, 'duration': 10565, 'localEndpoint': {'serviceName': 'fastran_FPP_000001@efit@3'}, 'name': 'finalize(4)', 'id': '2f98dd4a52e552c0', 'parentId': 'f899e3e5886669ce', 'tags': {}}, 'state': 'Running', 'comment': 'Target = fastran_FPP_000001@efit@3:finalize(4)'}})
2026-05-06 17:51:40,699 fastran_driver_fastran_driver_2 DEBUG    _get_service_response(REQUEST|fastran_FPP_000001@fastran_driver@2|FRAMEWORK@Framework@0|239)
2026-05-06 17:51:40,710 fastran_driver_fastran_driver_2 DEBUG    _get_service_response(REQUEST|fastran_FPP_000001@fastran_driver@2|FRAMEWORK@Framework@0|239), response = ServiceResponseMessage(sender_id=FRAMEWORK@Framework@0, receiver_id=fastran_FPP_000001@fastran_driver@2, request_msg_id=REQUEST|fastran_FPP_000001@fastran_driver@2|FRAMEWORK@Framework@0|239,status=0, args=(None,), message_id=RESPONSE|FRAMEWORK@Framework@0|fastran_FPP_000001@fastran_driver@2|4129)
2026-05-06 17:51:40,710 fastran_driver_fastran_driver_2 DEBUG    _invoke_service(): getTopic  ('_IPS_MONITOR',)
2026-05-06 17:51:40,710 fastran_driver_fastran_driver_2 DEBUG    _get_service_response(REQUEST|fastran_FPP_000001@fastran_driver@2|FRAMEWORK@Framework@0|240)
2026-05-06 17:51:40,721 fastran_driver_fastran_driver_2 DEBUG    _get_service_response(REQUEST|fastran_FPP_000001@fastran_driver@2|FRAMEWORK@Framework@0|240), response = ServiceResponseMessage(sender_id=FRAMEWORK@Framework@0, receiver_id=fastran_FPP_000001@fastran_driver@2, request_msg_id=REQUEST|fastran_FPP_000001@fastran_driver@2|FRAMEWORK@Framework@0|240,status=0, args=(<ipsframework.cca_es_spec.Topic object at 0x7f54f88d91f0>,), message_id=RESPONSE|FRAMEWORK@Framework@0|fastran_FPP_000001@fastran_driver@2|4130)
2026-05-06 17:51:40,721 fastran_driver_fastran_driver_2 DEBUG    _invoke_service(): sendEvent  ('_IPS_MONITOR', 'PORTAL_EVENT', {'sim_name': 'fastran_FPP_000001', 'real_sim_name': 'fastran_FPP_000001', 'portal_data': {'code': 'fastran_driver_fastran_driver', 'eventtype': 'IPS_CALL_BEGIN', 'ok': True, 'walltime': '1835.90', 'time': '2026-05-06|17:51:40PDT', 'state': 'Running', 'comment': 'Target = fastran_FPP_000001@fastran@4:finalize(4)'}})
2026-05-06 17:51:40,721 fastran_driver_fastran_driver_2 DEBUG    _get_service_response(REQUEST|fastran_FPP_000001@fastran_driver@2|FRAMEWORK@Framework@0|241)
2026-05-06 17:51:40,732 fastran_driver_fastran_driver_2 DEBUG    _get_service_response(REQUEST|fastran_FPP_000001@fastran_driver@2|FRAMEWORK@Framework@0|241), response = ServiceResponseMessage(sender_id=FRAMEWORK@Framework@0, receiver_id=fastran_FPP_000001@fastran_driver@2, request_msg_id=REQUEST|fastran_FPP_000001@fastran_driver@2|FRAMEWORK@Framework@0|241,status=0, args=(None,), message_id=RESPONSE|FRAMEWORK@Framework@0|fastran_FPP_000001@fastran_driver@2|4132)
2026-05-06 17:51:40,732 fastran_driver_fastran_driver_2 DEBUG    _invoke_service(): init_call  ('finalize', 4)
2026-05-06 17:51:40,732 fastran_driver_fastran_driver_2 DEBUG    _get_service_response(REQUEST|fastran_FPP_000001@fastran_driver@2|FRAMEWORK@Framework@0|242)
2026-05-06 17:51:40,734 fastran_tr0_fastran_4 DEBUG    Received Message 
2026-05-06 17:51:40,734 fastran_tr0_fastran_4 DEBUG    Calling method finalize(4)
2026-05-06 17:51:40,744 fastran_driver_fastran_driver_2 DEBUG    _get_service_response(REQUEST|fastran_FPP_000001@fastran_driver@2|FRAMEWORK@Framework@0|242), response = ServiceResponseMessage(sender_id=FRAMEWORK@Framework@0, receiver_id=fastran_FPP_000001@fastran_driver@2, request_msg_id=REQUEST|fastran_FPP_000001@fastran_driver@2|FRAMEWORK@Framework@0|242,status=0, args=(40,), message_id=RESPONSE|FRAMEWORK@Framework@0|fastran_FPP_000001@fastran_driver@2|4133)
2026-05-06 17:51:40,744 fastran_driver_fastran_driver_2 DEBUG    _invoke_service(): wait_call  (40, True)
2026-05-06 17:51:40,744 fastran_driver_fastran_driver_2 DEBUG    _get_service_response(REQUEST|fastran_FPP_000001@fastran_driver@2|FRAMEWORK@Framework@0|243)
2026-05-06 17:51:40,754 fastran_driver_fastran_driver_2 DEBUG    _get_service_response(REQUEST|fastran_FPP_000001@fastran_driver@2|FRAMEWORK@Framework@0|243), response = ServiceResponseMessage(sender_id=FRAMEWORK@Framework@0, receiver_id=fastran_FPP_000001@fastran_driver@2, request_msg_id=REQUEST|fastran_FPP_000001@fastran_driver@2|FRAMEWORK@Framework@0|243,status=0, args=((None,),), message_id=RESPONSE|FRAMEWORK@Framework@0|fastran_FPP_000001@fastran_driver@2|4134)
2026-05-06 17:51:40,754 fastran_driver_fastran_driver_2 DEBUG    _invoke_service(): getTopic  ('_IPS_MONITOR',)
2026-05-06 17:51:40,754 fastran_driver_fastran_driver_2 DEBUG    _get_service_response(REQUEST|fastran_FPP_000001@fastran_driver@2|FRAMEWORK@Framework@0|244)
2026-05-06 17:51:40,765 fastran_driver_fastran_driver_2 DEBUG    _get_service_response(REQUEST|fastran_FPP_000001@fastran_driver@2|FRAMEWORK@Framework@0|244), response = ServiceResponseMessage(sender_id=FRAMEWORK@Framework@0, receiver_id=fastran_FPP_000001@fastran_driver@2, request_msg_id=REQUEST|fastran_FPP_000001@fastran_driver@2|FRAMEWORK@Framework@0|244,status=0, args=(<ipsframework.cca_es_spec.Topic object at 0x7f54f88d92e0>,), message_id=RESPONSE|FRAMEWORK@Framework@0|fastran_FPP_000001@fastran_driver@2|4135)
2026-05-06 17:51:40,765 fastran_driver_fastran_driver_2 DEBUG    _invoke_service(): sendEvent  ('_IPS_MONITOR', 'PORTAL_EVENT', {'sim_name': 'fastran_FPP_000001', 'real_sim_name': 'fastran_FPP_000001', 'portal_data': {'code': 'fastran_driver_fastran_driver', 'eventtype': 'IPS_CALL_END', 'ok': True, 'walltime': '1835.94', 'time': '2026-05-06|17:51:40PDT', 'trace': {'timestamp': 1778115100744241, 'duration': 10616, 'localEndpoint': {'serviceName': 'fastran_FPP_000001@fastran@4'}, 'name': 'finalize(4)', 'id': 'ffbe4872e79e23a5', 'parentId': 'f899e3e5886669ce', 'tags': {}}, 'state': 'Running', 'comment': 'Target = fastran_FPP_000001@fastran@4:finalize(4)'}})
2026-05-06 17:51:40,765 fastran_driver_fastran_driver_2 DEBUG    _get_service_response(REQUEST|fastran_FPP_000001@fastran_driver@2|FRAMEWORK@Framework@0|245)
2026-05-06 17:51:40,776 fastran_driver_fastran_driver_2 DEBUG    _get_service_response(REQUEST|fastran_FPP_000001@fastran_driver@2|FRAMEWORK@Framework@0|245), response = ServiceResponseMessage(sender_id=FRAMEWORK@Framework@0, receiver_id=fastran_FPP_000001@fastran_driver@2, request_msg_id=REQUEST|fastran_FPP_000001@fastran_driver@2|FRAMEWORK@Framework@0|245,status=0, args=(None,), message_id=RESPONSE|FRAMEWORK@Framework@0|fastran_FPP_000001@fastran_driver@2|4136)
2026-05-06 17:51:40,776 fastran_driver_fastran_driver_2 DEBUG    _invoke_service(): getTopic  ('_IPS_MONITOR',)
2026-05-06 17:51:40,777 fastran_driver_fastran_driver_2 DEBUG    _get_service_response(REQUEST|fastran_FPP_000001@fastran_driver@2|FRAMEWORK@Framework@0|246)
2026-05-06 17:51:40,787 fastran_driver_fastran_driver_2 DEBUG    _get_service_response(REQUEST|fastran_FPP_000001@fastran_driver@2|FRAMEWORK@Framework@0|246), response = ServiceResponseMessage(sender_id=FRAMEWORK@Framework@0, receiver_id=fastran_FPP_000001@fastran_driver@2, request_msg_id=REQUEST|fastran_FPP_000001@fastran_driver@2|FRAMEWORK@Framework@0|246,status=0, args=(<ipsframework.cca_es_spec.Topic object at 0x7f54f88d91f0>,), message_id=RESPONSE|FRAMEWORK@Framework@0|fastran_FPP_000001@fastran_driver@2|4137)
2026-05-06 17:51:40,787 fastran_driver_fastran_driver_2 DEBUG    _invoke_service(): sendEvent  ('_IPS_MONITOR', 'PORTAL_EVENT', {'sim_name': 'fastran_FPP_000001', 'real_sim_name': 'fastran_FPP_000001', 'portal_data': {'code': 'fastran_driver_fastran_driver', 'eventtype': 'IPS_CALL_BEGIN', 'ok': True, 'walltime': '1835.97', 'time': '2026-05-06|17:51:40PDT', 'state': 'Running', 'comment': 'Target = fastran_FPP_000001@impurity_radiation@5:finalize(4)'}})
2026-05-06 17:51:40,787 fastran_driver_fastran_driver_2 DEBUG    _get_service_response(REQUEST|fastran_FPP_000001@fastran_driver@2|FRAMEWORK@Framework@0|247)
2026-05-06 17:51:40,798 fastran_driver_fastran_driver_2 DEBUG    _get_service_response(REQUEST|fastran_FPP_000001@fastran_driver@2|FRAMEWORK@Framework@0|247), response = ServiceResponseMessage(sender_id=FRAMEWORK@Framework@0, receiver_id=fastran_FPP_000001@fastran_driver@2, request_msg_id=REQUEST|fastran_FPP_000001@fastran_driver@2|FRAMEWORK@Framework@0|247,status=0, args=(None,), message_id=RESPONSE|FRAMEWORK@Framework@0|fastran_FPP_000001@fastran_driver@2|4138)
2026-05-06 17:51:40,798 fastran_driver_fastran_driver_2 DEBUG    _invoke_service(): init_call  ('finalize', 4)
2026-05-06 17:51:40,799 fastran_driver_fastran_driver_2 DEBUG    _get_service_response(REQUEST|fastran_FPP_000001@fastran_driver@2|FRAMEWORK@Framework@0|248)
2026-05-06 17:51:40,800 fastran__impurity_radiation_5 DEBUG    Received Message 
2026-05-06 17:51:40,800 fastran__impurity_radiation_5 DEBUG    Calling method finalize(4)
2026-05-06 17:51:40,810 fastran_driver_fastran_driver_2 DEBUG    _get_service_response(REQUEST|fastran_FPP_000001@fastran_driver@2|FRAMEWORK@Framework@0|248), response = ServiceResponseMessage(sender_id=FRAMEWORK@Framework@0, receiver_id=fastran_FPP_000001@fastran_driver@2, request_msg_id=REQUEST|fastran_FPP_000001@fastran_driver@2|FRAMEWORK@Framework@0|248,status=0, args=(41,), message_id=RESPONSE|FRAMEWORK@Framework@0|fastran_FPP_000001@fastran_driver@2|4139)
2026-05-06 17:51:40,810 fastran_driver_fastran_driver_2 DEBUG    _invoke_service(): wait_call  (41, True)
2026-05-06 17:51:40,810 fastran_driver_fastran_driver_2 DEBUG    _get_service_response(REQUEST|fastran_FPP_000001@fastran_driver@2|FRAMEWORK@Framework@0|249)
2026-05-06 17:51:40,821 fastran_driver_fastran_driver_2 DEBUG    _get_service_response(REQUEST|fastran_FPP_000001@fastran_driver@2|FRAMEWORK@Framework@0|249), response = ServiceResponseMessage(sender_id=FRAMEWORK@Framework@0, receiver_id=fastran_FPP_000001@fastran_driver@2, request_msg_id=REQUEST|fastran_FPP_000001@fastran_driver@2|FRAMEWORK@Framework@0|249,status=0, args=((None,),), message_id=RESPONSE|FRAMEWORK@Framework@0|fastran_FPP_000001@fastran_driver@2|4140)
2026-05-06 17:51:40,821 fastran_driver_fastran_driver_2 DEBUG    _invoke_service(): getTopic  ('_IPS_MONITOR',)
2026-05-06 17:51:40,821 fastran_driver_fastran_driver_2 DEBUG    _get_service_response(REQUEST|fastran_FPP_000001@fastran_driver@2|FRAMEWORK@Framework@0|250)
2026-05-06 17:51:40,832 fastran_driver_fastran_driver_2 DEBUG    _get_service_response(REQUEST|fastran_FPP_000001@fastran_driver@2|FRAMEWORK@Framework@0|250), response = ServiceResponseMessage(sender_id=FRAMEWORK@Framework@0, receiver_id=fastran_FPP_000001@fastran_driver@2, request_msg_id=REQUEST|fastran_FPP_000001@fastran_driver@2|FRAMEWORK@Framework@0|250,status=0, args=(<ipsframework.cca_es_spec.Topic object at 0x7f54f88d92e0>,), message_id=RESPONSE|FRAMEWORK@Framework@0|fastran_FPP_000001@fastran_driver@2|4141)
2026-05-06 17:51:40,832 fastran_driver_fastran_driver_2 DEBUG    _invoke_service(): sendEvent  ('_IPS_MONITOR', 'PORTAL_EVENT', {'sim_name': 'fastran_FPP_000001', 'real_sim_name': 'fastran_FPP_000001', 'portal_data': {'code': 'fastran_driver_fastran_driver', 'eventtype': 'IPS_CALL_END', 'ok': True, 'walltime': '1836.01', 'time': '2026-05-06|17:51:40PDT', 'trace': {'timestamp': 1778115100810361, 'duration': 10864, 'localEndpoint': {'serviceName': 'fastran_FPP_000001@impurity_radiation@5'}, 'name': 'finalize(4)', 'id': 'fa434151541e4005', 'parentId': 'f899e3e5886669ce', 'tags': {}}, 'state': 'Running', 'comment': 'Target = fastran_FPP_000001@impurity_radiation@5:finalize(4)'}})
2026-05-06 17:51:40,832 fastran_driver_fastran_driver_2 DEBUG    _get_service_response(REQUEST|fastran_FPP_000001@fastran_driver@2|FRAMEWORK@Framework@0|251)
2026-05-06 17:51:40,843 fastran_driver_fastran_driver_2 DEBUG    _get_service_response(REQUEST|fastran_FPP_000001@fastran_driver@2|FRAMEWORK@Framework@0|251), response = ServiceResponseMessage(sender_id=FRAMEWORK@Framework@0, receiver_id=fastran_FPP_000001@fastran_driver@2, request_msg_id=REQUEST|fastran_FPP_000001@fastran_driver@2|FRAMEWORK@Framework@0|251,status=0, args=(None,), message_id=RESPONSE|FRAMEWORK@Framework@0|fastran_FPP_000001@fastran_driver@2|4142)
2026-05-06 17:51:40,843 fastran_driver_fastran_driver_2 DEBUG    _invoke_service(): getTopic  ('_IPS_MONITOR',)
2026-05-06 17:51:40,843 fastran_driver_fastran_driver_2 DEBUG    _get_service_response(REQUEST|fastran_FPP_000001@fastran_driver@2|FRAMEWORK@Framework@0|252)
2026-05-06 17:51:40,854 fastran_driver_fastran_driver_2 DEBUG    _get_service_response(REQUEST|fastran_FPP_000001@fastran_driver@2|FRAMEWORK@Framework@0|252), response = ServiceResponseMessage(sender_id=FRAMEWORK@Framework@0, receiver_id=fastran_FPP_000001@fastran_driver@2, request_msg_id=REQUEST|fastran_FPP_000001@fastran_driver@2|FRAMEWORK@Framework@0|252,status=0, args=(<ipsframework.cca_es_spec.Topic object at 0x7f54f88d91f0>,), message_id=RESPONSE|FRAMEWORK@Framework@0|fastran_FPP_000001@fastran_driver@2|4143)
2026-05-06 17:51:40,854 fastran_driver_fastran_driver_2 DEBUG    _invoke_service(): sendEvent  ('_IPS_MONITOR', 'PORTAL_EVENT', {'sim_name': 'fastran_FPP_000001', 'real_sim_name': 'fastran_FPP_000001', 'portal_data': {'code': 'fastran_driver_fastran_driver', 'eventtype': 'IPS_CALL_BEGIN', 'ok': True, 'walltime': '1836.03', 'time': '2026-05-06|17:51:40PDT', 'state': 'Running', 'comment': 'Target = fastran_FPP_000001@toric@6:finalize(4)'}})
2026-05-06 17:51:40,854 fastran_driver_fastran_driver_2 DEBUG    _get_service_response(REQUEST|fastran_FPP_000001@fastran_driver@2|FRAMEWORK@Framework@0|253)
2026-05-06 17:51:40,865 fastran_driver_fastran_driver_2 DEBUG    _get_service_response(REQUEST|fastran_FPP_000001@fastran_driver@2|FRAMEWORK@Framework@0|253), response = ServiceResponseMessage(sender_id=FRAMEWORK@Framework@0, receiver_id=fastran_FPP_000001@fastran_driver@2, request_msg_id=REQUEST|fastran_FPP_000001@fastran_driver@2|FRAMEWORK@Framework@0|253,status=0, args=(None,), message_id=RESPONSE|FRAMEWORK@Framework@0|fastran_FPP_000001@fastran_driver@2|4144)
2026-05-06 17:51:40,865 fastran_driver_fastran_driver_2 DEBUG    _invoke_service(): init_call  ('finalize', 4)
2026-05-06 17:51:40,865 fastran_driver_fastran_driver_2 DEBUG    _get_service_response(REQUEST|fastran_FPP_000001@fastran_driver@2|FRAMEWORK@Framework@0|254)
2026-05-06 17:51:40,866 rf_ic_toric_6   DEBUG    Received Message 
2026-05-06 17:51:40,866 rf_ic_toric_6   DEBUG    Calling method finalize(4)
2026-05-06 17:51:40,876 fastran_driver_fastran_driver_2 DEBUG    _get_service_response(REQUEST|fastran_FPP_000001@fastran_driver@2|FRAMEWORK@Framework@0|254), response = ServiceResponseMessage(sender_id=FRAMEWORK@Framework@0, receiver_id=fastran_FPP_000001@fastran_driver@2, request_msg_id=REQUEST|fastran_FPP_000001@fastran_driver@2|FRAMEWORK@Framework@0|254,status=0, args=(42,), message_id=RESPONSE|FRAMEWORK@Framework@0|fastran_FPP_000001@fastran_driver@2|4145)
2026-05-06 17:51:40,876 fastran_driver_fastran_driver_2 DEBUG    _invoke_service(): wait_call  (42, True)
2026-05-06 17:51:40,877 fastran_driver_fastran_driver_2 DEBUG    _get_service_response(REQUEST|fastran_FPP_000001@fastran_driver@2|FRAMEWORK@Framework@0|255)
2026-05-06 17:51:40,887 fastran_driver_fastran_driver_2 DEBUG    _get_service_response(REQUEST|fastran_FPP_000001@fastran_driver@2|FRAMEWORK@Framework@0|255), response = ServiceResponseMessage(sender_id=FRAMEWORK@Framework@0, receiver_id=fastran_FPP_000001@fastran_driver@2, request_msg_id=REQUEST|fastran_FPP_000001@fastran_driver@2|FRAMEWORK@Framework@0|255,status=0, args=((None,),), message_id=RESPONSE|FRAMEWORK@Framework@0|fastran_FPP_000001@fastran_driver@2|4146)
2026-05-06 17:51:40,887 fastran_driver_fastran_driver_2 DEBUG    _invoke_service(): getTopic  ('_IPS_MONITOR',)
2026-05-06 17:51:40,888 fastran_driver_fastran_driver_2 DEBUG    _get_service_response(REQUEST|fastran_FPP_000001@fastran_driver@2|FRAMEWORK@Framework@0|256)
2026-05-06 17:51:40,898 fastran_driver_fastran_driver_2 DEBUG    _get_service_response(REQUEST|fastran_FPP_000001@fastran_driver@2|FRAMEWORK@Framework@0|256), response = ServiceResponseMessage(sender_id=FRAMEWORK@Framework@0, receiver_id=fastran_FPP_000001@fastran_driver@2, request_msg_id=REQUEST|fastran_FPP_000001@fastran_driver@2|FRAMEWORK@Framework@0|256,status=0, args=(<ipsframework.cca_es_spec.Topic object at 0x7f54f88d92e0>,), message_id=RESPONSE|FRAMEWORK@Framework@0|fastran_FPP_000001@fastran_driver@2|4147)
2026-05-06 17:51:40,898 fastran_driver_fastran_driver_2 DEBUG    _invoke_service(): sendEvent  ('_IPS_MONITOR', 'PORTAL_EVENT', {'sim_name': 'fastran_FPP_000001', 'real_sim_name': 'fastran_FPP_000001', 'portal_data': {'code': 'fastran_driver_fastran_driver', 'eventtype': 'IPS_CALL_END', 'ok': True, 'walltime': '1836.08', 'time': '2026-05-06|17:51:40PDT', 'trace': {'timestamp': 1778115100876892, 'duration': 10990, 'localEndpoint': {'serviceName': 'fastran_FPP_000001@toric@6'}, 'name': 'finalize(4)', 'id': '4722cce4963857b4', 'parentId': 'f899e3e5886669ce', 'tags': {}}, 'state': 'Running', 'comment': 'Target = fastran_FPP_000001@toric@6:finalize(4)'}})
2026-05-06 17:51:40,899 fastran_driver_fastran_driver_2 DEBUG    _get_service_response(REQUEST|fastran_FPP_000001@fastran_driver@2|FRAMEWORK@Framework@0|257)
2026-05-06 17:51:40,909 fastran_driver_fastran_driver_2 DEBUG    _get_service_response(REQUEST|fastran_FPP_000001@fastran_driver@2|FRAMEWORK@Framework@0|257), response = ServiceResponseMessage(sender_id=FRAMEWORK@Framework@0, receiver_id=fastran_FPP_000001@fastran_driver@2, request_msg_id=REQUEST|fastran_FPP_000001@fastran_driver@2|FRAMEWORK@Framework@0|257,status=0, args=(None,), message_id=RESPONSE|FRAMEWORK@Framework@0|fastran_FPP_000001@fastran_driver@2|4148)
2026-05-06 17:51:40,910 fastran_driver_fastran_driver_2 DEBUG    _invoke_service(): getTopic  ('_IPS_MONITOR',)
2026-05-06 17:51:40,910 fastran_driver_fastran_driver_2 DEBUG    _get_service_response(REQUEST|fastran_FPP_000001@fastran_driver@2|FRAMEWORK@Framework@0|258)
2026-05-06 17:51:40,921 fastran_driver_fastran_driver_2 DEBUG    _get_service_response(REQUEST|fastran_FPP_000001@fastran_driver@2|FRAMEWORK@Framework@0|258), response = ServiceResponseMessage(sender_id=FRAMEWORK@Framework@0, receiver_id=fastran_FPP_000001@fastran_driver@2, request_msg_id=REQUEST|fastran_FPP_000001@fastran_driver@2|FRAMEWORK@Framework@0|258,status=0, args=(<ipsframework.cca_es_spec.Topic object at 0x7f54f88d91f0>,), message_id=RESPONSE|FRAMEWORK@Framework@0|fastran_FPP_000001@fastran_driver@2|4149)
2026-05-06 17:51:40,921 fastran_driver_fastran_driver_2 DEBUG    _invoke_service(): sendEvent  ('_IPS_MONITOR', 'PORTAL_EVENT', {'sim_name': 'fastran_FPP_000001', 'real_sim_name': 'fastran_FPP_000001', 'portal_data': {'code': 'fastran_driver_fastran_driver', 'eventtype': 'IPS_CALL_BEGIN', 'ok': True, 'walltime': '1836.10', 'time': '2026-05-06|17:51:40PDT', 'state': 'Running', 'comment': 'Target = fastran_FPP_000001@efit@7:finalize(4)'}})
2026-05-06 17:51:40,921 fastran_driver_fastran_driver_2 DEBUG    _get_service_response(REQUEST|fastran_FPP_000001@fastran_driver@2|FRAMEWORK@Framework@0|259)
2026-05-06 17:51:40,932 fastran_driver_fastran_driver_2 DEBUG    _get_service_response(REQUEST|fastran_FPP_000001@fastran_driver@2|FRAMEWORK@Framework@0|259), response = ServiceResponseMessage(sender_id=FRAMEWORK@Framework@0, receiver_id=fastran_FPP_000001@fastran_driver@2, request_msg_id=REQUEST|fastran_FPP_000001@fastran_driver@2|FRAMEWORK@Framework@0|259,status=0, args=(None,), message_id=RESPONSE|FRAMEWORK@Framework@0|fastran_FPP_000001@fastran_driver@2|4150)
2026-05-06 17:51:40,932 fastran_driver_fastran_driver_2 DEBUG    _invoke_service(): init_call  ('finalize', 4)
2026-05-06 17:51:40,932 fastran_driver_fastran_driver_2 DEBUG    _get_service_response(REQUEST|fastran_FPP_000001@fastran_driver@2|FRAMEWORK@Framework@0|260)
2026-05-06 17:51:40,933 fastran_eq_efit_7 DEBUG    Received Message 
2026-05-06 17:51:40,933 fastran_eq_efit_7 DEBUG    Calling method finalize(4)
2026-05-06 17:51:40,943 fastran_driver_fastran_driver_2 DEBUG    _get_service_response(REQUEST|fastran_FPP_000001@fastran_driver@2|FRAMEWORK@Framework@0|260), response = ServiceResponseMessage(sender_id=FRAMEWORK@Framework@0, receiver_id=fastran_FPP_000001@fastran_driver@2, request_msg_id=REQUEST|fastran_FPP_000001@fastran_driver@2|FRAMEWORK@Framework@0|260,status=0, args=(43,), message_id=RESPONSE|FRAMEWORK@Framework@0|fastran_FPP_000001@fastran_driver@2|4151)
2026-05-06 17:51:40,943 fastran_driver_fastran_driver_2 DEBUG    _invoke_service(): wait_call  (43, True)
2026-05-06 17:51:40,943 fastran_driver_fastran_driver_2 DEBUG    _get_service_response(REQUEST|fastran_FPP_000001@fastran_driver@2|FRAMEWORK@Framework@0|261)
2026-05-06 17:51:40,954 fastran_driver_fastran_driver_2 DEBUG    _get_service_response(REQUEST|fastran_FPP_000001@fastran_driver@2|FRAMEWORK@Framework@0|261), response = ServiceResponseMessage(sender_id=FRAMEWORK@Framework@0, receiver_id=fastran_FPP_000001@fastran_driver@2, request_msg_id=REQUEST|fastran_FPP_000001@fastran_driver@2|FRAMEWORK@Framework@0|261,status=0, args=((None,),), message_id=RESPONSE|FRAMEWORK@Framework@0|fastran_FPP_000001@fastran_driver@2|4152)
2026-05-06 17:51:40,954 fastran_driver_fastran_driver_2 DEBUG    _invoke_service(): getTopic  ('_IPS_MONITOR',)
2026-05-06 17:51:40,954 fastran_driver_fastran_driver_2 DEBUG    _get_service_response(REQUEST|fastran_FPP_000001@fastran_driver@2|FRAMEWORK@Framework@0|262)
2026-05-06 17:51:40,964 fastran_driver_fastran_driver_2 DEBUG    _get_service_response(REQUEST|fastran_FPP_000001@fastran_driver@2|FRAMEWORK@Framework@0|262), response = ServiceResponseMessage(sender_id=FRAMEWORK@Framework@0, receiver_id=fastran_FPP_000001@fastran_driver@2, request_msg_id=REQUEST|fastran_FPP_000001@fastran_driver@2|FRAMEWORK@Framework@0|262,status=0, args=(<ipsframework.cca_es_spec.Topic object at 0x7f54f88d92e0>,), message_id=RESPONSE|FRAMEWORK@Framework@0|fastran_FPP_000001@fastran_driver@2|4153)
2026-05-06 17:51:40,964 fastran_driver_fastran_driver_2 DEBUG    _invoke_service(): sendEvent  ('_IPS_MONITOR', 'PORTAL_EVENT', {'sim_name': 'fastran_FPP_000001', 'real_sim_name': 'fastran_FPP_000001', 'portal_data': {'code': 'fastran_driver_fastran_driver', 'eventtype': 'IPS_CALL_END', 'ok': True, 'walltime': '1836.14', 'time': '2026-05-06|17:51:40PDT', 'trace': {'timestamp': 1778115100943537, 'duration': 10604, 'localEndpoint': {'serviceName': 'fastran_FPP_000001@efit@7'}, 'name': 'finalize(4)', 'id': 'a282c5e99f2dec53', 'parentId': 'f899e3e5886669ce', 'tags': {}}, 'state': 'Running', 'comment': 'Target = fastran_FPP_000001@efit@7:finalize(4)'}})
2026-05-06 17:51:40,965 fastran_driver_fastran_driver_2 DEBUG    _get_service_response(REQUEST|fastran_FPP_000001@fastran_driver@2|FRAMEWORK@Framework@0|263)
2026-05-06 17:51:40,975 fastran_driver_fastran_driver_2 DEBUG    _get_service_response(REQUEST|fastran_FPP_000001@fastran_driver@2|FRAMEWORK@Framework@0|263), response = ServiceResponseMessage(sender_id=FRAMEWORK@Framework@0, receiver_id=fastran_FPP_000001@fastran_driver@2, request_msg_id=REQUEST|fastran_FPP_000001@fastran_driver@2|FRAMEWORK@Framework@0|263,status=0, args=(None,), message_id=RESPONSE|FRAMEWORK@Framework@0|fastran_FPP_000001@fastran_driver@2|4154)
2026-05-06 17:51:40,976 fastran_driver_fastran_driver_2 DEBUG    _invoke_service(): getTopic  ('_IPS_MONITOR',)
2026-05-06 17:51:40,976 fastran_driver_fastran_driver_2 DEBUG    _get_service_response(REQUEST|fastran_FPP_000001@fastran_driver@2|FRAMEWORK@Framework@0|264)
2026-05-06 17:51:40,986 fastran_driver_fastran_driver_2 DEBUG    _get_service_response(REQUEST|fastran_FPP_000001@fastran_driver@2|FRAMEWORK@Framework@0|264), response = ServiceResponseMessage(sender_id=FRAMEWORK@Framework@0, receiver_id=fastran_FPP_000001@fastran_driver@2, request_msg_id=REQUEST|fastran_FPP_000001@fastran_driver@2|FRAMEWORK@Framework@0|264,status=0, args=(<ipsframework.cca_es_spec.Topic object at 0x7f54f88d91f0>,), message_id=RESPONSE|FRAMEWORK@Framework@0|fastran_FPP_000001@fastran_driver@2|4155)
2026-05-06 17:51:40,987 fastran_driver_fastran_driver_2 DEBUG    _invoke_service(): sendEvent  ('_IPS_MONITOR', 'PORTAL_EVENT', {'sim_name': 'fastran_FPP_000001', 'real_sim_name': 'fastran_FPP_000001', 'portal_data': {'code': 'fastran_driver_fastran_driver', 'eventtype': 'IPS_CALL_BEGIN', 'ok': True, 'walltime': '1836.16', 'time': '2026-05-06|17:51:40PDT', 'state': 'Running', 'comment': 'Target = fastran_FPP_000001@fastran@8:finalize(4)'}})
2026-05-06 17:51:40,987 fastran_driver_fastran_driver_2 DEBUG    _get_service_response(REQUEST|fastran_FPP_000001@fastran_driver@2|FRAMEWORK@Framework@0|265)
2026-05-06 17:51:40,998 fastran_driver_fastran_driver_2 DEBUG    _get_service_response(REQUEST|fastran_FPP_000001@fastran_driver@2|FRAMEWORK@Framework@0|265), response = ServiceResponseMessage(sender_id=FRAMEWORK@Framework@0, receiver_id=fastran_FPP_000001@fastran_driver@2, request_msg_id=REQUEST|fastran_FPP_000001@fastran_driver@2|FRAMEWORK@Framework@0|265,status=0, args=(None,), message_id=RESPONSE|FRAMEWORK@Framework@0|fastran_FPP_000001@fastran_driver@2|4156)
2026-05-06 17:51:40,998 fastran_driver_fastran_driver_2 DEBUG    _invoke_service(): init_call  ('finalize', 4)
2026-05-06 17:51:40,998 fastran_driver_fastran_driver_2 DEBUG    _get_service_response(REQUEST|fastran_FPP_000001@fastran_driver@2|FRAMEWORK@Framework@0|266)
2026-05-06 17:51:40,999 fastran_tr_fastran_8 DEBUG    Received Message 
2026-05-06 17:51:40,999 fastran_tr_fastran_8 DEBUG    Calling method finalize(4)
2026-05-06 17:51:41,009 fastran_driver_fastran_driver_2 DEBUG    _get_service_response(REQUEST|fastran_FPP_000001@fastran_driver@2|FRAMEWORK@Framework@0|266), response = ServiceResponseMessage(sender_id=FRAMEWORK@Framework@0, receiver_id=fastran_FPP_000001@fastran_driver@2, request_msg_id=REQUEST|fastran_FPP_000001@fastran_driver@2|FRAMEWORK@Framework@0|266,status=0, args=(44,), message_id=RESPONSE|FRAMEWORK@Framework@0|fastran_FPP_000001@fastran_driver@2|4157)
2026-05-06 17:51:41,009 fastran_driver_fastran_driver_2 DEBUG    _invoke_service(): wait_call  (44, True)
2026-05-06 17:51:41,009 fastran_driver_fastran_driver_2 DEBUG    _get_service_response(REQUEST|fastran_FPP_000001@fastran_driver@2|FRAMEWORK@Framework@0|267)
2026-05-06 17:51:41,019 fastran_driver_fastran_driver_2 DEBUG    _get_service_response(REQUEST|fastran_FPP_000001@fastran_driver@2|FRAMEWORK@Framework@0|267), response = ServiceResponseMessage(sender_id=FRAMEWORK@Framework@0, receiver_id=fastran_FPP_000001@fastran_driver@2, request_msg_id=REQUEST|fastran_FPP_000001@fastran_driver@2|FRAMEWORK@Framework@0|267,status=0, args=((None,),), message_id=RESPONSE|FRAMEWORK@Framework@0|fastran_FPP_000001@fastran_driver@2|4158)
2026-05-06 17:51:41,020 fastran_driver_fastran_driver_2 DEBUG    _invoke_service(): getTopic  ('_IPS_MONITOR',)
2026-05-06 17:51:41,020 fastran_driver_fastran_driver_2 DEBUG    _get_service_response(REQUEST|fastran_FPP_000001@fastran_driver@2|FRAMEWORK@Framework@0|268)
2026-05-06 17:51:41,030 fastran_driver_fastran_driver_2 DEBUG    _get_service_response(REQUEST|fastran_FPP_000001@fastran_driver@2|FRAMEWORK@Framework@0|268), response = ServiceResponseMessage(sender_id=FRAMEWORK@Framework@0, receiver_id=fastran_FPP_000001@fastran_driver@2, request_msg_id=REQUEST|fastran_FPP_000001@fastran_driver@2|FRAMEWORK@Framework@0|268,status=0, args=(<ipsframework.cca_es_spec.Topic object at 0x7f54f88d92e0>,), message_id=RESPONSE|FRAMEWORK@Framework@0|fastran_FPP_000001@fastran_driver@2|4159)
2026-05-06 17:51:41,030 fastran_driver_fastran_driver_2 DEBUG    _invoke_service(): sendEvent  ('_IPS_MONITOR', 'PORTAL_EVENT', {'sim_name': 'fastran_FPP_000001', 'real_sim_name': 'fastran_FPP_000001', 'portal_data': {'code': 'fastran_driver_fastran_driver', 'eventtype': 'IPS_CALL_END', 'ok': True, 'walltime': '1836.21', 'time': '2026-05-06|17:51:41PDT', 'trace': {'timestamp': 1778115101009436, 'duration': 10515, 'localEndpoint': {'serviceName': 'fastran_FPP_000001@fastran@8'}, 'name': 'finalize(4)', 'id': '8117c2f7b58744ea', 'parentId': 'f899e3e5886669ce', 'tags': {}}, 'state': 'Running', 'comment': 'Target = fastran_FPP_000001@fastran@8:finalize(4)'}})
2026-05-06 17:51:41,030 fastran_driver_fastran_driver_2 DEBUG    _get_service_response(REQUEST|fastran_FPP_000001@fastran_driver@2|FRAMEWORK@Framework@0|269)
2026-05-06 17:51:41,041 fastran_driver_fastran_driver_2 DEBUG    _get_service_response(REQUEST|fastran_FPP_000001@fastran_driver@2|FRAMEWORK@Framework@0|269), response = ServiceResponseMessage(sender_id=FRAMEWORK@Framework@0, receiver_id=fastran_FPP_000001@fastran_driver@2, request_msg_id=REQUEST|fastran_FPP_000001@fastran_driver@2|FRAMEWORK@Framework@0|269,status=0, args=(None,), message_id=RESPONSE|FRAMEWORK@Framework@0|fastran_FPP_000001@fastran_driver@2|4160)
2026-05-06 17:51:41,042 fastran_driver_fastran_driver_2 DEBUG    Received Message 
2026-05-06 17:51:41,043 fastran_driver_fastran_driver_2 DEBUG    Calling method finalize(0)
2026-05-06 17:51:41,060 fastran_driver_fastran_driver_2 DEBUG    Received Message 
2026-05-06 17:51:41,060 fastran_driver_fastran_driver_2 DEBUG    Calling method terminate(0)
2026-05-06 17:51:41,060 fastran_driver_fastran_driver_2 DEBUG    Calling self.sys_exit(0)
2026-05-06 17:51:41,060 fastran_tr0_fastran_4 DEBUG    Received Message 
2026-05-06 17:51:41,060 fastran_tr_fastran_8 DEBUG    Received Message 
2026-05-06 17:51:41,060 fastran_eq_efit_7 DEBUG    Received Message 
2026-05-06 17:51:41,060 rf_ic_toric_6   DEBUG    Received Message 
2026-05-06 17:51:41,060 fastran_init_fastran_init_1 DEBUG    Received Message 
2026-05-06 17:51:41,060 fastran_eq0_efit_3 DEBUG    Received Message 
2026-05-06 17:51:41,060 fastran_tr0_fastran_4 DEBUG    Calling method terminate(0)
2026-05-06 17:51:41,060 fastran_tr_fastran_8 DEBUG    Calling method terminate(0)
2026-05-06 17:51:41,060 fastran__impurity_radiation_5 DEBUG    Received Message 
2026-05-06 17:51:41,060 fastran_eq_efit_7 DEBUG    Calling method terminate(0)
2026-05-06 17:51:41,060 rf_ic_toric_6   DEBUG    Calling method terminate(0)
2026-05-06 17:51:41,060 fastran_init_fastran_init_1 DEBUG    Calling method terminate(0)
2026-05-06 17:51:41,060 fastran_eq0_efit_3 DEBUG    Calling method terminate(0)
2026-05-06 17:51:41,060 fastran_tr0_fastran_4 DEBUG    Calling self.sys_exit(0)
2026-05-06 17:51:41,060 fastran_tr_fastran_8 DEBUG    Calling self.sys_exit(0)
2026-05-06 17:51:41,060 fastran__impurity_radiation_5 DEBUG    Calling method terminate(0)
2026-05-06 17:51:41,060 fastran_eq_efit_7 DEBUG    Calling self.sys_exit(0)
2026-05-06 17:51:41,060 fastran_init_fastran_init_1 DEBUG    Calling self.sys_exit(0)
2026-05-06 17:51:41,060 rf_ic_toric_6   DEBUG    Calling self.sys_exit(0)
2026-05-06 17:51:41,060 fastran_eq0_efit_3 DEBUG    Calling self.sys_exit(0)
2026-05-06 17:51:41,060 fastran__impurity_radiation_5 DEBUG    Calling self.sys_exit(0)
