Major radius (central)
   0.460945756E+01
Major radius (axis)
   0.477056169E+01
Magnetic field at major radius
   0.108581106E+02
Total toroidal current
   0.125763691E+02
Number of poloidal modes
   16
Number of radial mesh points
  151
Radial mesh: sqrt(Psi/Psilim)
   0.000000000E+00   0.797989317E-02   0.159528805E-01   0.239191799E-01
   0.318780868E-01   0.398288790E-01   0.477709698E-01   0.557040432E-01
   0.636281559E-01   0.715437750E-01   0.794517168E-01   0.873530041E-01
   0.952486969E-01   0.103139733E+00   0.111026794E+00   0.118910235E+00
   0.126790066E+00   0.134665995E+00   0.142537465E+00   0.150403715E+00
   0.158263860E+00   0.166116996E+00   0.173962280E+00   0.181798950E+00
   0.189626312E+00   0.197443754E+00   0.205250786E+00   0.213047084E+00
   0.220832475E+00   0.228606870E+00   0.236370199E+00   0.244122386E+00
   0.251863344E+00   0.259592959E+00   0.267311051E+00   0.275017350E+00
   0.282711505E+00   0.290393119E+00   0.298061790E+00   0.305717124E+00
   0.313358736E+00   0.320986253E+00   0.328599319E+00   0.336197598E+00
   0.343780779E+00   0.351348565E+00   0.358900667E+00   0.366436804E+00
   0.373956700E+00   0.381460084E+00   0.388946684E+00   0.396416229E+00
   0.403868446E+00   0.411303068E+00   0.418719834E+00   0.426118493E+00
   0.433498789E+00   0.440860466E+00   0.448203260E+00   0.455526903E+00
   0.462831125E+00   0.470115654E+00   0.477380209E+00   0.484624508E+00
   0.491848267E+00   0.499051204E+00   0.506233039E+00   0.513393495E+00
   0.520532291E+00   0.527649145E+00   0.534743773E+00   0.541815888E+00
   0.548865198E+00   0.555891407E+00   0.562894216E+00   0.569873325E+00
   0.576828429E+00   0.583759225E+00   0.590665407E+00   0.597546667E+00
   0.604402698E+00   0.611233188E+00   0.618037829E+00   0.624816305E+00
   0.631568304E+00   0.638293507E+00   0.644991594E+00   0.651662243E+00
   0.658305129E+00   0.664919923E+00   0.671506293E+00   0.678063903E+00
   0.684592412E+00   0.691091478E+00   0.697560754E+00   0.703999894E+00
   0.710408547E+00   0.716786364E+00   0.723132993E+00   0.729448081E+00
   0.735731274E+00   0.741982217E+00   0.748200549E+00   0.754385908E+00
   0.760537927E+00   0.766656233E+00   0.772740450E+00   0.778790198E+00
   0.784805091E+00   0.790784739E+00   0.796728748E+00   0.802636719E+00
   0.808508248E+00   0.814342927E+00   0.820140342E+00   0.825900072E+00
   0.831621692E+00   0.837304775E+00   0.842948886E+00   0.848553592E+00
   0.854118453E+00   0.859643023E+00   0.865126852E+00   0.870569477E+00
   0.875970429E+00   0.881329220E+00   0.886645350E+00   0.891918297E+00
   0.897147526E+00   0.902332484E+00   0.907472609E+00   0.912567325E+00
   0.917616056E+00   0.922618223E+00   0.927573253E+00   0.932480580E+00
   0.937339643E+00   0.942149888E+00   0.946910772E+00   0.951621764E+00
   0.956282338E+00   0.960891964E+00   0.965450090E+00   0.969956121E+00
   0.974409421E+00   0.978809363E+00   0.983155429E+00   0.987447315E+00
   0.991685027E+00   0.995868964E+00   0.100000000E+01
Fourier equilibrium coefficients
   0.477056169E+01   0.477055287E+01   0.477052639E+01   0.477048225E+01
   0.477042047E+01   0.477034103E+01   0.477024394E+01   0.477012920E+01
   0.476999681E+01   0.476984676E+01   0.476967906E+01   0.476949370E+01
   0.476929070E+01   0.476907004E+01   0.476883173E+01   0.476857577E+01
   0.476830215E+01   0.476801088E+01   0.476770196E+01   0.476737538E+01
   0.476703116E+01   0.476666928E+01   0.476628974E+01   0.476589399E+01
   0.476548346E+01   0.476505851E+01   0.476461960E+01   0.476416718E+01
   0.476370170E+01   0.476322342E+01   0.476273258E+01   0.476222947E+01
   0.476171453E+01   0.476118821E+01   0.476065098E+01   0.476010329E+01
   0.475954557E+01   0.475897826E+01   0.475840190E+01   0.475781705E+01
   0.475722419E+01   0.475662350E+01   0.475601509E+01   0.475539908E+01
   0.475477561E+01   0.475414487E+01   0.475350713E+01   0.475286318E+01
   0.475221391E+01   0.475156021E+01   0.475090284E+01   0.475024257E+01
   0.474958009E+01   0.474891586E+01   0.474825029E+01   0.474758376E+01
   0.474691651E+01   0.474624876E+01   0.474558072E+01   0.474491258E+01
   0.474424450E+01   0.474357667E+01   0.474290921E+01   0.474224228E+01
   0.474157599E+01   0.474091047E+01   0.474024583E+01   0.473958220E+01
   0.473891965E+01   0.473825827E+01   0.473759816E+01   0.473693936E+01
   0.473628196E+01   0.473562600E+01   0.473497153E+01   0.473431859E+01
   0.473366722E+01   0.473301744E+01   0.473236925E+01   0.473172269E+01
   0.473107776E+01   0.473043447E+01   0.472979283E+01   0.472915284E+01
   0.472851452E+01   0.472787788E+01   0.472724292E+01   0.472660968E+01
   0.472597817E+01   0.472534842E+01   0.472472045E+01   0.472409430E+01
   0.472347001E+01   0.472284758E+01   0.472222708E+01   0.472160856E+01
   0.472099209E+01   0.472037774E+01   0.471976563E+01   0.471915584E+01
   0.471854850E+01   0.471794372E+01   0.471734163E+01   0.471674237E+01
   0.471614606E+01   0.471555280E+01   0.471496272E+01   0.471437593E+01
   0.471379257E+01   0.471321275E+01   0.471263661E+01   0.471206425E+01
   0.471149581E+01   0.471093144E+01   0.471037128E+01   0.470981550E+01
   0.470926432E+01   0.470871797E+01   0.470817669E+01   0.470764082E+01
   0.470711070E+01   0.470658668E+01   0.470606920E+01   0.470555867E+01
   0.470505552E+01   0.470456006E+01   0.470407260E+01   0.470359350E+01
   0.470312341E+01   0.470266303E+01   0.470221310E+01   0.470177445E+01
   0.470134795E+01   0.470093384E+01   0.470052993E+01   0.470013344E+01
   0.469974124E+01   0.469934896E+01   0.469895186E+01   0.469854585E+01
   0.469812933E+01   0.469770130E+01   0.469726117E+01   0.469680983E+01
   0.469634856E+01   0.469588035E+01   0.469541502E+01   0.469496409E+01
   0.469453909E+01   0.469415155E+01   0.469381299E+01
   0.562041456E-01   0.562034550E-01   0.562013832E-01   0.561979303E-01
   0.561930961E-01   0.561868807E-01   0.561792841E-01   0.561703063E-01
   0.561599473E-01   0.561482071E-01   0.561350857E-01   0.561205831E-01
   0.561046993E-01   0.560874344E-01   0.560687882E-01   0.560487608E-01
   0.560273522E-01   0.560045625E-01   0.559803915E-01   0.559548393E-01
   0.559279059E-01   0.558995914E-01   0.558698956E-01   0.558389173E-01
   0.558067551E-01   0.557734274E-01   0.557389901E-01   0.557035088E-01
   0.556670335E-01   0.556295526E-01   0.555910392E-01   0.555514853E-01
   0.555109589E-01   0.554695469E-01   0.554273196E-01   0.553842825E-01
   0.553404245E-01   0.552957434E-01   0.552502728E-01   0.552040553E-01
   0.551571222E-01   0.551094605E-01   0.550610459E-01   0.550118620E-01
   0.549619239E-01   0.549112547E-01   0.548598884E-01   0.548079041E-01
   0.547553916E-01   0.547024271E-01   0.546490299E-01   0.545952054E-01
   0.545409609E-01   0.544863115E-01   0.544312744E-01   0.543758627E-01
   0.543200733E-01   0.542638995E-01   0.542073362E-01   0.541503868E-01
   0.540930563E-01   0.540353461E-01   0.539772406E-01   0.539187207E-01
   0.538597678E-01   0.538003671E-01   0.537405048E-01   0.536801666E-01
   0.536193364E-01   0.535579973E-01   0.534961304E-01   0.534337081E-01
   0.533707005E-01   0.533070784E-01   0.532428162E-01   0.531778889E-01
   0.531122693E-01   0.530459210E-01   0.529788053E-01   0.529108845E-01
   0.528421251E-01   0.527724949E-01   0.527019587E-01   0.526304699E-01
   0.525579791E-01   0.524844379E-01   0.524098006E-01   0.523340228E-01
   0.522570582E-01   0.521788537E-01   0.520993545E-01   0.520185049E-01
   0.519362451E-01   0.518525146E-01   0.517672521E-01   0.516803950E-01
   0.515918802E-01   0.515016420E-01   0.514096045E-01   0.513156891E-01
   0.512198173E-01   0.511219109E-01   0.510218916E-01   0.509196776E-01
   0.508151729E-01   0.507082776E-01   0.505988899E-01   0.504868990E-01
   0.503721919E-01   0.502546518E-01   0.501341465E-01   0.500105399E-01
   0.498836942E-01   0.497534635E-01   0.496197003E-01   0.494822529E-01
   0.493409548E-01   0.491956354E-01   0.490461150E-01   0.488921763E-01
   0.487335926E-01   0.485701283E-01   0.484015125E-01   0.482274649E-01
   0.480477031E-01   0.478619339E-01   0.476698616E-01   0.474711803E-01
   0.472655433E-01   0.470525939E-01   0.468319585E-01   0.466031967E-01
   0.463658514E-01   0.461194199E-01   0.458632154E-01   0.455965056E-01
   0.453185253E-01   0.450283788E-01   0.447251376E-01   0.444078847E-01
   0.440757480E-01   0.437278670E-01   0.433635889E-01   0.429830915E-01
   0.425867603E-01   0.421742179E-01   0.417420362E-01   0.412860238E-01
   0.408019897E-01   0.402857427E-01   0.397330917E-01
   0.000000000E+00   0.781484875E-02   0.156273177E-01   0.234346512E-01
   0.312347378E-01   0.390261103E-01   0.468079456E-01   0.545800942E-01
   0.623432015E-01   0.700986791E-01   0.778486033E-01   0.855954140E-01
   0.933420408E-01   0.101091521E+00   0.108845385E+00   0.116604514E+00
   0.124369225E+00   0.132138230E+00   0.139909268E+00   0.147680012E+00
   0.155450271E+00   0.163220535E+00   0.170991218E+00   0.178762056E+00
   0.186532528E+00   0.194301952E+00   0.202069244E+00   0.209833094E+00
   0.217592632E+00   0.225349394E+00   0.233105823E+00   0.240864041E+00
   0.248623636E+00   0.256383392E+00   0.264142235E+00   0.271900250E+00
   0.279657870E+00   0.287415424E+00   0.295172645E+00   0.302929077E+00
   0.310684310E+00   0.318438310E+00   0.326191149E+00   0.333942882E+00
   0.341693459E+00   0.349442799E+00   0.357190785E+00   0.364937165E+00
   0.372681634E+00   0.380423956E+00   0.388164251E+00   0.395902748E+00
   0.403639604E+00   0.411374605E+00   0.419107422E+00   0.426837775E+00
   0.434565637E+00   0.442291054E+00   0.450014056E+00   0.457734586E+00
   0.465452559E+00   0.473167904E+00   0.480880604E+00   0.488590656E+00
   0.496298044E+00   0.504002677E+00   0.511704440E+00   0.519403228E+00
   0.527098976E+00   0.534791631E+00   0.542481142E+00   0.550167457E+00
   0.557850530E+00   0.565530307E+00   0.573206709E+00   0.580879652E+00
   0.588549054E+00   0.596214841E+00   0.603876941E+00   0.611535278E+00
   0.619189758E+00   0.626840282E+00   0.634486751E+00   0.642129078E+00
   0.649767182E+00   0.657400978E+00   0.665030387E+00   0.672655328E+00
   0.680275704E+00   0.687891350E+00   0.695502082E+00   0.703107731E+00
   0.710708222E+00   0.718303501E+00   0.725893493E+00   0.733478018E+00
   0.741056865E+00   0.748629840E+00   0.756196819E+00   0.763757695E+00
   0.771312341E+00   0.778860541E+00   0.786402052E+00   0.793936646E+00
   0.801464180E+00   0.808984528E+00   0.816497539E+00   0.824002961E+00
   0.831500510E+00   0.838989915E+00   0.846470966E+00   0.853943468E+00
   0.861407216E+00   0.868861962E+00   0.876307447E+00   0.883743395E+00
   0.891169476E+00   0.898585342E+00   0.905990648E+00   0.913385088E+00
   0.920768359E+00   0.928140129E+00   0.935499955E+00   0.942847355E+00
   0.950181864E+00   0.957503096E+00   0.964810683E+00   0.972104230E+00
   0.979383243E+00   0.986647196E+00   0.993895492E+00   0.100112729E+01
   0.100834165E+01   0.101553786E+01   0.102271606E+01   0.102987662E+01
   0.103702008E+01   0.104414751E+01   0.105126017E+01   0.105835912E+01
   0.106544454E+01   0.107251640E+01   0.107957464E+01   0.108661899E+01
   0.109364916E+01   0.110066387E+01   0.110765795E+01   0.111462505E+01
   0.112155872E+01   0.112845229E+01   0.113529897E+01
   0.000000000E+00   0.953131996E-02   0.190596290E-01   0.285815082E-01
   0.380942381E-01   0.475957987E-01   0.570848697E-01   0.665609243E-01
   0.760246199E-01   0.854777037E-01   0.949227911E-01   0.104362779E+00
   0.113801094E+00   0.123241282E+00   0.132685089E+00   0.142133478E+00
   0.151586736E+00   0.161043233E+00   0.170500176E+00   0.179954690E+00
   0.189406473E+00   0.198856037E+00   0.208303818E+00   0.217749492E+00
   0.227192454E+00   0.236631903E+00   0.246066505E+00   0.255494640E+00
   0.264915236E+00   0.274330218E+00   0.283742640E+00   0.293155175E+00
   0.302567406E+00   0.311977944E+00   0.321385579E+00   0.330790509E+00
   0.340193357E+00   0.349594636E+00   0.358994173E+00   0.368391577E+00
   0.377786505E+00   0.387178957E+00   0.396569028E+00   0.405956814E+00
   0.415342373E+00   0.424725756E+00   0.434107014E+00   0.443486199E+00
   0.452863360E+00   0.462238628E+00   0.471612446E+00   0.480985371E+00
   0.490357873E+00   0.499729957E+00   0.509101490E+00   0.518472390E+00
   0.527842836E+00   0.537213080E+00   0.546583354E+00   0.555953754E+00
   0.565324340E+00   0.574695188E+00   0.584066446E+00   0.593438286E+00
   0.602810862E+00   0.612184245E+00   0.621558483E+00   0.630933633E+00
   0.640309802E+00   0.649687107E+00   0.659065670E+00   0.668445615E+00
   0.677827069E+00   0.687210151E+00   0.696594950E+00   0.705981546E+00
   0.715370021E+00   0.724760471E+00   0.734152994E+00   0.743547682E+00
   0.752944610E+00   0.762343847E+00   0.771745466E+00   0.781149570E+00
   0.790556268E+00   0.799965672E+00   0.809377913E+00   0.818793124E+00
   0.828211424E+00   0.837632864E+00   0.847057474E+00   0.856485312E+00
   0.865916560E+00   0.875351438E+00   0.884790142E+00   0.894232770E+00
   0.903679391E+00   0.913130104E+00   0.922585118E+00   0.932044676E+00
   0.941509006E+00   0.950978253E+00   0.960452541E+00   0.969932022E+00
   0.979416965E+00   0.988907674E+00   0.998404431E+00   0.100790741E+01
   0.101741675E+01   0.102693263E+01   0.103645532E+01   0.104598514E+01
   0.105552239E+01   0.106506738E+01   0.107462042E+01   0.108418181E+01
   0.109375189E+01   0.110333097E+01   0.111291941E+01   0.112251773E+01
   0.113212650E+01   0.114174629E+01   0.115137764E+01   0.116102110E+01
   0.117067723E+01   0.118034658E+01   0.119002970E+01   0.119972719E+01
   0.120943989E+01   0.121916867E+01   0.122891449E+01   0.123867859E+01
   0.124846228E+01   0.125826646E+01   0.126809024E+01   0.127793221E+01
   0.128779065E+01   0.129766256E+01   0.130754457E+01   0.131743362E+01
   0.132732832E+01   0.133722769E+01   0.134713113E+01   0.135703967E+01
   0.136695476E+01   0.137687980E+01   0.138682571E+01   0.139680563E+01
   0.140683303E+01   0.141692173E+01   0.142708589E+01
   0.000000000E+00   0.173667382E-03   0.346916318E-03   0.519205268E-03
   0.690203710E-03   0.859792135E-03   0.102806205E-02   0.119522744E-02
   0.136125805E-02   0.152596787E-02   0.168915707E-02   0.185091087E-02
   0.201147373E-02   0.217111282E-02   0.232985192E-02   0.248761298E-02
   0.264430522E-02   0.279991903E-02   0.295446896E-02   0.310796883E-02
   0.326042708E-02   0.341184982E-02   0.356224067E-02   0.371159593E-02
   0.385990796E-02   0.400717119E-02   0.415339783E-02   0.429860632E-02
   0.444281774E-02   0.458605824E-02   0.472835719E-02   0.486974683E-02
   0.501026330E-02   0.514994583E-02   0.528883119E-02   0.542693675E-02
   0.556427402E-02   0.570085544E-02   0.583670034E-02   0.597183007E-02
   0.610625911E-02   0.623997224E-02   0.637294347E-02   0.650515107E-02
   0.663660397E-02   0.676731965E-02   0.689732516E-02   0.702668573E-02
   0.715548048E-02   0.728378460E-02   0.741164019E-02   0.753908128E-02
   0.766613903E-02   0.779283020E-02   0.791916710E-02   0.804515964E-02
   0.817081041E-02   0.829611898E-02   0.842108545E-02   0.854571710E-02
   0.867002257E-02   0.879400700E-02   0.891766318E-02   0.904097938E-02
   0.916394350E-02   0.928654755E-02   0.940878363E-02   0.953064265E-02
   0.965211436E-02   0.977318732E-02   0.989384774E-02   0.100140760E-01
   0.101338500E-01   0.102531467E-01   0.103719460E-01   0.104902277E-01
   0.106079687E-01   0.107251388E-01   0.108417049E-01   0.109576334E-01
   0.110728946E-01   0.111874589E-01   0.113012937E-01   0.114143584E-01
   0.115266088E-01   0.116380006E-01   0.117484936E-01   0.118580476E-01
   0.119666197E-01   0.120741592E-01   0.121806122E-01   0.122859235E-01
   0.123900392E-01   0.124929042E-01   0.125944616E-01   0.126946520E-01
   0.127934140E-01   0.128906833E-01   0.129863883E-01   0.130804545E-01
   0.131728058E-01   0.132633670E-01   0.133520619E-01   0.134388097E-01
   0.135235169E-01   0.136060851E-01   0.136864119E-01   0.137643858E-01
   0.138398912E-01   0.139128068E-01   0.139829977E-01   0.140503231E-01
   0.141146376E-01   0.141757876E-01   0.142336147E-01   0.142879545E-01
   0.143386294E-01   0.143854552E-01   0.144282358E-01   0.144667397E-01
   0.145007216E-01   0.145299259E-01   0.145540712E-01   0.145728644E-01
   0.145859977E-01   0.145931230E-01   0.145938760E-01   0.145878755E-01
   0.145746978E-01   0.145539007E-01   0.145250348E-01   0.144876508E-01
   0.144412922E-01   0.143853917E-01   0.143189593E-01   0.142408773E-01
   0.141499574E-01   0.140448108E-01   0.139239713E-01   0.137859302E-01
   0.136291143E-01   0.134519064E-01   0.132530849E-01   0.130331438E-01
   0.127930393E-01   0.125326998E-01   0.122477738E-01   0.119327204E-01
   0.115818589E-01   0.111893691E-01   0.107492908E-01
   0.000000000E+00   0.291709845E-04   0.587521605E-04   0.892863958E-04
   0.121089113E-03   0.154248290E-03   0.188624459E-03   0.223954818E-03
   0.260284545E-03   0.297862688E-03   0.336972558E-03   0.377569810E-03
   0.419434831E-03   0.462323581E-03   0.506237474E-03   0.551279822E-03
   0.597552011E-03   0.645011175E-03   0.693556602E-03   0.743086785E-03
   0.793572828E-03   0.845009888E-03   0.897393759E-03   0.950706724E-03
   0.100492750E-02   0.106002808E-02   0.111595055E-02   0.117262409E-02
   0.122998754E-02   0.128804209E-02   0.134681119E-02   0.140630560E-02
   0.146645841E-02   0.152717584E-02   0.158837440E-02   0.165004041E-02
   0.171218234E-02   0.177480196E-02   0.183785711E-02   0.190129199E-02
   0.196506121E-02   0.202917137E-02   0.209364662E-02   0.215850651E-02
   0.222373497E-02   0.228930634E-02   0.235518314E-02   0.242127928E-02
   0.248749131E-02   0.255372673E-02   0.261995882E-02   0.268617957E-02
   0.275238003E-02   0.281854036E-02   0.288463840E-02   0.295065624E-02
   0.301659123E-02   0.308244637E-02   0.314822451E-02   0.321392083E-02
   0.327952948E-02   0.334504885E-02   0.341049093E-02   0.347587306E-02
   0.354121316E-02   0.360652395E-02   0.367181811E-02   0.373710976E-02
   0.380241357E-02   0.386774558E-02   0.393312459E-02   0.399857587E-02
   0.406412783E-02   0.412980938E-02   0.419564517E-02   0.426165991E-02
   0.432788114E-02   0.439434348E-02   0.446108479E-02   0.452814311E-02
   0.459555125E-02   0.466334171E-02   0.473155026E-02   0.480022164E-02
   0.486940434E-02   0.493914729E-02   0.500949498E-02   0.508049192E-02
   0.515218498E-02   0.522462591E-02   0.529786901E-02   0.537197045E-02
   0.544698865E-02   0.552298394E-02   0.560001798E-02   0.567815249E-02
   0.575745044E-02   0.583797794E-02   0.591980873E-02   0.600302001E-02
   0.608769023E-02   0.617389656E-02   0.626171722E-02   0.635123473E-02
   0.644254346E-02   0.653574260E-02   0.663093479E-02   0.672822942E-02
   0.682773955E-02   0.692958310E-02   0.703388966E-02   0.714079416E-02
   0.725043541E-02   0.736295851E-02   0.747851260E-02   0.759725249E-02
   0.771934585E-02   0.784496642E-02   0.797429785E-02   0.810755233E-02
   0.824495307E-02   0.838673438E-02   0.853316022E-02   0.868450677E-02
   0.884105674E-02   0.900310032E-02   0.917093431E-02   0.934487300E-02
   0.952528250E-02   0.971254835E-02   0.990707658E-02   0.101093307E-01
   0.103197966E-01   0.105390086E-01   0.107676643E-01   0.110065157E-01
   0.112563628E-01   0.115181480E-01   0.117928665E-01   0.120815009E-01
   0.123849129E-01   0.127039455E-01   0.130393136E-01   0.133911606E-01
   0.137594787E-01   0.141448801E-01   0.145505138E-01   0.149802436E-01
   0.154380293E-01   0.159279270E-01   0.164540887E-01
  -0.000000000E+00  -0.170979934E-05  -0.685252668E-05  -0.154481760E-04
  -0.275167412E-04  -0.430782164E-04  -0.621525954E-04  -0.847598723E-04
  -0.110920041E-03  -0.140653095E-03  -0.173979030E-03  -0.210917838E-03
  -0.251489513E-03  -0.295714050E-03  -0.343611443E-03  -0.395201686E-03
  -0.450504772E-03  -0.509540695E-03  -0.572329450E-03  -0.638891031E-03
  -0.709245431E-03  -0.783412644E-03  -0.861412665E-03  -0.943320319E-03
  -0.102919710E-02  -0.111907492E-02  -0.121297324E-02  -0.131090642E-02
  -0.141289576E-02  -0.151899988E-02  -0.162929163E-02  -0.174384374E-02
  -0.186271036E-02  -0.198594148E-02  -0.211359396E-02  -0.224574970E-02
  -0.238250108E-02  -0.252392512E-02  -0.267001739E-02  -0.282074584E-02
  -0.297608492E-02  -0.313606229E-02  -0.330072016E-02  -0.347011505E-02
  -0.364436160E-02  -0.382359582E-02  -0.400794292E-02  -0.419745670E-02
  -0.439217102E-02  -0.459213055E-02  -0.479743034E-02  -0.500818187E-02
  -0.522449437E-02  -0.544645374E-02  -0.567414079E-02  -0.590763300E-02
  -0.614698974E-02  -0.639226517E-02  -0.664351310E-02  -0.690078805E-02
  -0.716414435E-02  -0.743363887E-02  -0.770934094E-02  -0.799132354E-02
  -0.827966078E-02  -0.857442898E-02  -0.887570568E-02  -0.918357039E-02
  -0.949810817E-02  -0.981940640E-02  -0.101475542E-01  -0.104826440E-01
  -0.108247701E-01  -0.111740287E-01  -0.115305195E-01  -0.118943444E-01
  -0.122656079E-01  -0.126444201E-01  -0.130308940E-01  -0.134251450E-01
  -0.138272929E-01  -0.142374602E-01  -0.146557728E-01  -0.150823656E-01
  -0.155173771E-01  -0.159609503E-01  -0.164132370E-01  -0.168743934E-01
  -0.173445792E-01  -0.178239594E-01  -0.183127024E-01  -0.188109829E-01
  -0.193189921E-01  -0.198369281E-01  -0.203649940E-01  -0.209034022E-01
  -0.214523702E-01  -0.220121235E-01  -0.225829065E-01  -0.231649726E-01
  -0.237585816E-01  -0.243640044E-01  -0.249815191E-01  -0.256114134E-01
  -0.262539976E-01  -0.269095930E-01  -0.275785280E-01  -0.282611421E-01
  -0.289577825E-01  -0.296688088E-01  -0.303946110E-01  -0.311355926E-01
  -0.318921701E-01  -0.326647874E-01  -0.334539020E-01  -0.342599874E-01
  -0.350835534E-01  -0.359251266E-01  -0.367852611E-01  -0.376645897E-01
  -0.385637753E-01  -0.394835013E-01  -0.404244901E-01  -0.413874858E-01
  -0.423732594E-01  -0.433826460E-01  -0.444165101E-01  -0.454757658E-01
  -0.465614751E-01  -0.476747555E-01  -0.488167430E-01  -0.499885781E-01
  -0.511914192E-01  -0.524263083E-01  -0.536937466E-01  -0.549940959E-01
  -0.563275744E-01  -0.576938244E-01  -0.590923217E-01  -0.605227714E-01
  -0.619858918E-01  -0.634826707E-01  -0.650142854E-01  -0.665826279E-01
  -0.681898060E-01  -0.698387705E-01  -0.715357488E-01  -0.732879323E-01
  -0.751026900E-01  -0.769875691E-01  -0.789502945E-01
   0.000000000E+00   0.114649684E-05   0.459616980E-05   0.103642925E-04
   0.184661386E-04   0.289169817E-04   0.417320954E-04   0.569267535E-04
   0.745162294E-04   0.945157969E-04   0.116940730E-03   0.141806301E-03
   0.169127785E-03   0.198920455E-03   0.231199585E-03   0.265980448E-03
   0.303278318E-03   0.343108469E-03   0.385486174E-03   0.430426707E-03
   0.477945341E-03   0.528057351E-03   0.580778009E-03   0.636163029E-03
   0.694257940E-03   0.755087647E-03   0.818668410E-03   0.885013027E-03
   0.954138846E-03   0.102608765E-02   0.110091051E-02   0.117865861E-02
   0.125937150E-02   0.134308629E-02   0.142984455E-02   0.151970394E-02
   0.161272887E-02   0.170897293E-02   0.180843290E-02   0.191108620E-02
   0.201691483E-02   0.212593864E-02   0.223818774E-02   0.235370242E-02
   0.247256406E-02   0.259486919E-02   0.272070532E-02   0.285010389E-02
   0.298308026E-02   0.311965740E-02   0.325989615E-02   0.340386928E-02
   0.355164755E-02   0.370328473E-02   0.385883057E-02   0.401833225E-02
   0.418182449E-02   0.434933815E-02   0.452090370E-02   0.469655238E-02
   0.487631512E-02   0.506022420E-02   0.524831938E-02   0.544064248E-02
   0.563723567E-02   0.583814234E-02   0.604340634E-02   0.625307244E-02
   0.646718848E-02   0.668580342E-02   0.690896698E-02   0.713673035E-02
   0.736914556E-02   0.760626548E-02   0.784814472E-02   0.809483888E-02
   0.834640471E-02   0.860290180E-02   0.886439110E-02   0.913093468E-02
   0.940259678E-02   0.967944287E-02   0.996154014E-02   0.102489600E-01
   0.105417756E-01   0.108400624E-01   0.111439002E-01   0.114533708E-01
   0.117685578E-01   0.120895460E-01   0.124164216E-01   0.127492740E-01
   0.130882014E-01   0.134333055E-01   0.137846900E-01   0.141424618E-01
   0.145067297E-01   0.148776064E-01   0.152552135E-01   0.156396765E-01
   0.160311235E-01   0.164296862E-01   0.168354988E-01   0.172487001E-01
   0.176694397E-01   0.180978721E-01   0.185341544E-01   0.189784453E-01
   0.194309061E-01   0.198917032E-01   0.203610158E-01   0.208390286E-01
   0.213259318E-01   0.218219262E-01   0.223272184E-01   0.228420213E-01
   0.233665634E-01   0.239010800E-01   0.244458179E-01   0.250010565E-01
   0.255670877E-01   0.261442062E-01   0.267327003E-01   0.273328607E-01
   0.279449931E-01   0.285694488E-01   0.292065962E-01   0.298568301E-01
   0.305206310E-01   0.311985092E-01   0.318909630E-01   0.325984088E-01
   0.333212473E-01   0.340598381E-01   0.348143547E-01   0.355849219E-01
   0.363716112E-01   0.371742844E-01   0.379927419E-01   0.388268761E-01
   0.396769867E-01   0.405434819E-01   0.414268977E-01   0.423282672E-01
   0.432487704E-01   0.441897641E-01   0.451532399E-01   0.461413896E-01
   0.471564565E-01   0.482007364E-01   0.492765766E-01
   0.000000000E+00   0.261772729E-06   0.104819712E-05   0.236093250E-05
   0.420163816E-05   0.657197342E-05   0.947359760E-05   0.129081700E-04
   0.168773500E-04   0.213827968E-04   0.264261697E-04   0.320091282E-04
   0.381333314E-04   0.448004387E-04   0.520121095E-04   0.597700029E-04
   0.680757784E-04   0.769310953E-04   0.863376128E-04   0.962969903E-04
   0.106810887E-03   0.117880962E-03   0.129508876E-03   0.141707485E-03
   0.154488544E-03   0.167852121E-03   0.181788871E-03   0.196285165E-03
   0.211332547E-03   0.226952416E-03   0.243177245E-03   0.260032830E-03
   0.277503184E-03   0.295557993E-03   0.314172197E-03   0.333356699E-03
   0.353133799E-03   0.373526844E-03   0.394555706E-03   0.416240470E-03
   0.438600496E-03   0.461647164E-03   0.485389882E-03   0.509833413E-03
   0.534962478E-03   0.560754682E-03   0.587191546E-03   0.614278925E-03
   0.642029665E-03   0.670458705E-03   0.699587015E-03   0.729438215E-03
   0.760034056E-03   0.791383924E-03   0.823493930E-03   0.856371804E-03
   0.890032258E-03   0.924492304E-03   0.959767300E-03   0.995863681E-03
   0.103278535E-02   0.107053843E-02   0.110913919E-02   0.114860702E-02
   0.118896084E-02   0.123021535E-02   0.127238435E-02   0.131548198E-02
   0.135952281E-02   0.140452175E-02   0.145049511E-02   0.149746407E-02
   0.154545157E-02   0.159448009E-02   0.164456834E-02   0.169573423E-02
   0.174799715E-02   0.180138148E-02   0.185591340E-02   0.191161870E-02
   0.196851962E-02   0.202663770E-02   0.208599651E-02   0.214662669E-02
   0.220856134E-02   0.227183357E-02   0.233647414E-02   0.240251361E-02
   0.246998383E-02   0.253891992E-02   0.260935843E-02   0.268133727E-02
   0.275489748E-02   0.283008163E-02   0.290693306E-02   0.298549553E-02
   0.306581354E-02   0.314793406E-02   0.323191126E-02   0.331780213E-02
   0.340566448E-02   0.349555574E-02   0.358753405E-02   0.368166030E-02
   0.377800279E-02   0.387663287E-02   0.397762395E-02   0.408105317E-02
   0.418699982E-02   0.429554662E-02   0.440678510E-02   0.452081052E-02
   0.463772038E-02   0.475761480E-02   0.488059612E-02   0.500677130E-02
   0.513625969E-02   0.526918574E-02   0.540568174E-02   0.554590384E-02
   0.569001701E-02   0.583819422E-02   0.599062955E-02   0.614752589E-02
   0.630909105E-02   0.647553919E-02   0.664708947E-02   0.682396459E-02
   0.700638728E-02   0.719458362E-02   0.738881281E-02   0.758945537E-02
   0.779692984E-02   0.801164079E-02   0.823390645E-02   0.846402714E-02
   0.870227854E-02   0.894881963E-02   0.920377989E-02   0.946736404E-02
   0.974008182E-02   0.100225301E-01   0.103151706E-01   0.106178761E-01
   0.109303610E-01   0.112529622E-01   0.115885751E-01   0.119408139E-01
   0.123133855E-01   0.127100896E-01   0.131348192E-01
   0.000000000E+00   0.236576883E-06   0.947226094E-06   0.213332548E-05
   0.379625288E-05   0.593738615E-05   0.855810312E-05   0.116597816E-04
   0.152437996E-04   0.193115347E-04   0.238643650E-04   0.289036682E-04
   0.344308221E-04   0.404472047E-04   0.469541937E-04   0.539531671E-04
   0.614455026E-04   0.694325781E-04   0.779157714E-04   0.868964604E-04
   0.963760230E-04   0.106355837E-03   0.116837280E-03   0.127829347E-03
   0.139340113E-03   0.151369435E-03   0.163910456E-03   0.176953241E-03
   0.190491394E-03   0.204539309E-03   0.219119044E-03   0.234248152E-03
   0.249915912E-03   0.266101919E-03   0.282789333E-03   0.299985664E-03
   0.317706142E-03   0.335966203E-03   0.354776749E-03   0.374148014E-03
   0.394089624E-03   0.414606356E-03   0.435701647E-03   0.457376076E-03
   0.479618472E-03   0.502413378E-03   0.525747698E-03   0.549623379E-03
   0.574046641E-03   0.599025132E-03   0.624571010E-03   0.650698299E-03
   0.677419496E-03   0.704737825E-03   0.732653946E-03   0.761169273E-03
   0.790288989E-03   0.820019417E-03   0.850365662E-03   0.881327137E-03
   0.912901494E-03   0.945087692E-03   0.977891256E-03   0.101131962E-02
   0.104537971E-02   0.108007546E-02   0.111541002E-02   0.115138654E-02
   0.118800824E-02   0.122527834E-02   0.126320076E-02   0.130178231E-02
   0.134103071E-02   0.138095319E-02   0.142155420E-02   0.146283748E-02
   0.150480744E-02   0.154747138E-02   0.159083750E-02   0.163491347E-02
   0.167970421E-02   0.172521393E-02   0.177144783E-02   0.181841521E-02
   0.186612665E-02   0.191459244E-02   0.196382082E-02   0.201381963E-02
   0.206459708E-02   0.211616268E-02   0.216852638E-02   0.222169867E-02
   0.227569139E-02   0.233051699E-02   0.238618794E-02   0.244271604E-02
   0.250011306E-02   0.255839182E-02   0.261756857E-02   0.267766077E-02
   0.273868579E-02   0.280065938E-02   0.286359708E-02   0.292751542E-02
   0.299243401E-02   0.305837361E-02   0.312535538E-02   0.319340073E-02
   0.326253150E-02   0.333277061E-02   0.340414415E-02   0.347667945E-02
   0.355040386E-02   0.362534298E-02   0.370152232E-02   0.377896851E-02
   0.385771133E-02   0.393778179E-02   0.401921397E-02   0.410205255E-02
   0.418634573E-02   0.427214406E-02   0.435950438E-02   0.444848613E-02
   0.453914885E-02   0.463154842E-02   0.472574059E-02   0.482177502E-02
   0.491967317E-02   0.501944914E-02   0.512112923E-02   0.522479011E-02
   0.533052274E-02   0.543840802E-02   0.554847972E-02   0.566075952E-02
   0.577524375E-02   0.589182619E-02   0.601037119E-02   0.613076719E-02
   0.625301447E-02   0.637714197E-02   0.650309740E-02   0.663049794E-02
   0.675886695E-02   0.688800066E-02   0.701884312E-02   0.715265471E-02
   0.729072978E-02   0.743439668E-02   0.758501772E-02
  -0.000000000E+00  -0.261747520E-03  -0.523392510E-03  -0.784825029E-03
  -0.104594784E-02  -0.130667641E-02  -0.156693891E-02  -0.182668067E-02
  -0.208588259E-02  -0.234455669E-02  -0.260274233E-02  -0.286050383E-02
  -0.311793149E-02  -0.337512255E-02  -0.363211074E-02  -0.388890375E-02
  -0.414548855E-02  -0.440179222E-02  -0.465770576E-02  -0.491312157E-02
  -0.516802845E-02  -0.542244876E-02  -0.567640149E-02  -0.592986136E-02
  -0.618278760E-02  -0.643513679E-02  -0.668686911E-02  -0.693794375E-02
  -0.718833546E-02  -0.743809451E-02  -0.768730104E-02  -0.793602602E-02
  -0.818425924E-02  -0.843196562E-02  -0.867911588E-02  -0.892571891E-02
  -0.917179587E-02  -0.941736988E-02  -0.966246321E-02  -0.990709957E-02
  -0.101512996E-01  -0.103950637E-01  -0.106383864E-01  -0.108812596E-01
  -0.111236683E-01  -0.113655943E-01  -0.116070354E-01  -0.118480623E-01
  -0.120887704E-01  -0.123292481E-01  -0.125695309E-01  -0.128096411E-01
  -0.130496024E-01  -0.132894435E-01  -0.135291953E-01  -0.137688896E-01
  -0.140085597E-01  -0.142482397E-01  -0.144879628E-01  -0.147277538E-01
  -0.149676359E-01  -0.152076322E-01  -0.154477681E-01  -0.156880692E-01
  -0.159285608E-01  -0.161692644E-01  -0.164102005E-01  -0.166513903E-01
  -0.168928571E-01  -0.171346248E-01  -0.173767174E-01  -0.176191576E-01
  -0.178619677E-01  -0.181051702E-01  -0.183487869E-01  -0.185928395E-01
  -0.188373499E-01  -0.190823402E-01  -0.193278325E-01  -0.195738488E-01
  -0.198204094E-01  -0.200675345E-01  -0.203152444E-01  -0.205635619E-01
  -0.208125104E-01  -0.210621134E-01  -0.213123954E-01  -0.215633808E-01
  -0.218150942E-01  -0.220675596E-01  -0.223208008E-01  -0.225748425E-01
  -0.228297129E-01  -0.230854411E-01  -0.233420568E-01  -0.235995894E-01
  -0.238580690E-01  -0.241175268E-01  -0.243779980E-01  -0.246395195E-01
  -0.249021283E-01  -0.251658610E-01  -0.254307544E-01  -0.256968456E-01
  -0.259641725E-01  -0.262327732E-01  -0.265026859E-01  -0.267739465E-01
  -0.270465906E-01  -0.273206559E-01  -0.275961863E-01  -0.278732280E-01
  -0.281518260E-01  -0.284320201E-01  -0.287138487E-01  -0.289973470E-01
  -0.292825362E-01  -0.295694335E-01  -0.298580619E-01  -0.301484696E-01
  -0.304407120E-01  -0.307348575E-01  -0.310310267E-01  -0.313293557E-01
  -0.316299586E-01  -0.319328496E-01  -0.322380166E-01  -0.325454236E-01
  -0.328549422E-01  -0.331664163E-01  -0.334797246E-01  -0.337949034E-01
  -0.341120308E-01  -0.344311095E-01  -0.347518317E-01  -0.350738016E-01
  -0.353965626E-01  -0.357194472E-01  -0.360417193E-01  -0.363627231E-01
  -0.366821936E-01  -0.369999622E-01  -0.373158138E-01  -0.376293543E-01
  -0.379401363E-01  -0.382480216E-01  -0.385541593E-01  -0.388600567E-01
  -0.391672632E-01  -0.394773705E-01  -0.397920127E-01
  -0.000000000E+00  -0.298521251E-03  -0.596932759E-03  -0.895119125E-03
  -0.119297465E-02  -0.149040333E-02  -0.178731885E-02  -0.208365807E-02
  -0.237943666E-02  -0.267473571E-02  -0.296967327E-02  -0.326433268E-02
  -0.355879281E-02  -0.385313171E-02  -0.414738566E-02  -0.444157094E-02
  -0.473568595E-02  -0.502968482E-02  -0.532349341E-02  -0.561703304E-02
  -0.591027893E-02  -0.620322154E-02  -0.649585286E-02  -0.678817180E-02
  -0.708018039E-02  -0.737187313E-02  -0.766320632E-02  -0.795412062E-02
  -0.824457671E-02  -0.853464489E-02  -0.882443688E-02  -0.911405362E-02
  -0.940349735E-02  -0.969274039E-02  -0.998176143E-02  -0.102705817E-01
  -0.105592359E-01  -0.108477555E-01  -0.111361471E-01  -0.114244100E-01
  -0.117125437E-01  -0.120005531E-01  -0.122884443E-01  -0.125762287E-01
  -0.128639414E-01  -0.131516258E-01  -0.134393242E-01  -0.137270645E-01
  -0.140148714E-01  -0.143027760E-01  -0.145908351E-01  -0.148791147E-01
  -0.151676761E-01  -0.154565507E-01  -0.157457617E-01  -0.160353327E-01
  -0.163252885E-01  -0.166156545E-01  -0.169064544E-01  -0.171977048E-01
  -0.174894204E-01  -0.177816158E-01  -0.180743086E-01  -0.183675170E-01
  -0.186612587E-01  -0.189555512E-01  -0.192504114E-01  -0.195458563E-01
  -0.198419025E-01  -0.201385663E-01  -0.204358640E-01  -0.207338119E-01
  -0.210324261E-01  -0.213317221E-01  -0.216317128E-01  -0.219324104E-01
  -0.222338265E-01  -0.225359720E-01  -0.228388576E-01  -0.231424932E-01
  -0.234468887E-01  -0.237520537E-01  -0.240579973E-01  -0.243647297E-01
  -0.246722609E-01  -0.249806011E-01  -0.252897618E-01  -0.255997547E-01
  -0.259105910E-01  -0.262222797E-01  -0.265348291E-01  -0.268482483E-01
  -0.271625504E-01  -0.274777497E-01  -0.277938597E-01  -0.281108915E-01
  -0.284288554E-01  -0.287477624E-01  -0.290676280E-01  -0.293884686E-01
  -0.297103001E-01  -0.300331362E-01  -0.303569898E-01  -0.306818748E-01
  -0.310078082E-01  -0.313348081E-01  -0.316628911E-01  -0.319920672E-01
  -0.323223448E-01  -0.326537316E-01  -0.329862355E-01  -0.333198637E-01
  -0.336546240E-01  -0.339905272E-01  -0.343275843E-01  -0.346658088E-01
  -0.350052237E-01  -0.353458544E-01  -0.356877262E-01  -0.360308616E-01
  -0.363752824E-01  -0.367210039E-01  -0.370680124E-01  -0.374162864E-01
  -0.377658063E-01  -0.381165640E-01  -0.384685541E-01  -0.388217915E-01
  -0.391763760E-01  -0.395324318E-01  -0.398900851E-01  -0.402494614E-01
  -0.406106885E-01  -0.409738065E-01  -0.413384900E-01  -0.417043111E-01
  -0.420707721E-01  -0.424371328E-01  -0.428025742E-01  -0.431663112E-01
  -0.435277681E-01  -0.438864123E-01  -0.442418272E-01  -0.445941081E-01
  -0.449434862E-01  -0.452903961E-01  -0.456360705E-01  -0.459819749E-01
  -0.463296159E-01  -0.466805405E-01  -0.470363369E-01
   0.000000000E+00   0.241520805E-04   0.483352506E-04   0.725898747E-04
   0.969404174E-04   0.121395442E-03   0.145947614E-03   0.170582193E-03
   0.195312254E-03   0.220170180E-03   0.245192832E-03   0.270388256E-03
   0.295749697E-03   0.321268254E-03   0.346953265E-03   0.372821466E-03
   0.398888215E-03   0.425153494E-03   0.451610408E-03   0.478251490E-03
   0.505078299E-03   0.532095069E-03   0.559306033E-03   0.586714864E-03
   0.614325065E-03   0.642139262E-03   0.670156343E-03   0.698373557E-03
   0.726790422E-03   0.755418947E-03   0.784275850E-03   0.813375532E-03
   0.842716575E-03   0.872292305E-03   0.902097768E-03   0.932139795E-03
   0.962428953E-03   0.992973322E-03   0.102376788E-02   0.105480318E-02
   0.108607380E-02   0.111759572E-02   0.114939189E-02   0.118148497E-02
   0.121388998E-02   0.124662048E-02   0.127968618E-02   0.131307897E-02
   0.134678478E-02   0.138079254E-02   0.141510878E-02   0.144974509E-02
   0.148471259E-02   0.152001866E-02   0.155566974E-02   0.159167337E-02
   0.162804110E-02   0.166478591E-02   0.170192051E-02   0.173945467E-02
   0.177739756E-02   0.181575893E-02   0.185455049E-02   0.189378472E-02
   0.193347421E-02   0.197363107E-02   0.201426747E-02   0.205539588E-02
   0.209702913E-02   0.213918039E-02   0.218186322E-02   0.222509208E-02
   0.226888191E-02   0.231324774E-02   0.235820405E-02   0.240376534E-02
   0.244994655E-02   0.249676362E-02   0.254423297E-02   0.259237124E-02
   0.264119495E-02   0.269072079E-02   0.274096592E-02   0.279194859E-02
   0.284368756E-02   0.289620185E-02   0.294951048E-02   0.300363270E-02
   0.305858816E-02   0.311439720E-02   0.317108057E-02   0.322865962E-02
   0.328715686E-02   0.334659546E-02   0.340699880E-02   0.346839004E-02
   0.353079254E-02   0.359423051E-02   0.365873044E-02   0.372431977E-02
   0.379102627E-02   0.385887770E-02   0.392790209E-02   0.399812845E-02
   0.406958820E-02   0.414231384E-02   0.421633861E-02   0.429169728E-02
   0.436842539E-02   0.444655979E-02   0.452614058E-02   0.460720924E-02
   0.468980829E-02   0.477398205E-02   0.485977593E-02   0.494723654E-02
   0.503641296E-02   0.512735558E-02   0.522011719E-02   0.531475777E-02
   0.541134001E-02   0.550993076E-02   0.561060993E-02   0.571346213E-02
   0.581856936E-02   0.592599757E-02   0.603580936E-02   0.614807694E-02
   0.626290874E-02   0.638042431E-02   0.650075262E-02   0.662405277E-02
   0.675049442E-02   0.688024246E-02   0.701343075E-02   0.715018694E-02
   0.729066525E-02   0.743512057E-02   0.758383823E-02   0.773711134E-02
   0.789524434E-02   0.805854964E-02   0.822733883E-02   0.840189957E-02
   0.858251755E-02   0.876951394E-02   0.896333706E-02   0.916447524E-02
   0.937342729E-02   0.959070247E-02   0.981682048E-02
  -0.000000000E+00  -0.326147196E-04  -0.652518393E-04  -0.979439832E-04
  -0.130706249E-03  -0.163536207E-03  -0.196413901E-03  -0.229310891E-03
  -0.262227701E-03  -0.295184782E-03  -0.328207794E-03  -0.361296202E-03
  -0.394436502E-03  -0.427613373E-03  -0.460826110E-03  -0.494079883E-03
  -0.527377390E-03  -0.560703093E-03  -0.594032792E-03  -0.627342021E-03
  -0.660621309E-03  -0.693866083E-03  -0.727071472E-03  -0.760228238E-03
  -0.793325637E-03  -0.826351640E-03  -0.859290045E-03  -0.892122602E-03
  -0.924833205E-03  -0.957419048E-03  -0.989882140E-03  -0.102222262E-02
  -0.105442729E-02  -0.108647858E-02  -0.111836026E-02  -0.115006527E-02
  -0.118158946E-02  -0.121292837E-02  -0.124407424E-02  -0.127501844E-02
  -0.130575141E-02  -0.133625972E-02  -0.136652852E-02  -0.139654282E-02
  -0.142628894E-02  -0.145575331E-02  -0.148492272E-02  -0.151378644E-02
  -0.154233440E-02  -0.157055728E-02  -0.159844866E-02  -0.162600313E-02
  -0.165321468E-02  -0.168007350E-02  -0.170656874E-02  -0.173268958E-02
  -0.175842559E-02  -0.178376642E-02  -0.180870211E-02  -0.183322430E-02
  -0.185732519E-02  -0.188099698E-02  -0.190423156E-02  -0.192702083E-02
  -0.194935672E-02  -0.197123116E-02  -0.199263613E-02  -0.201356354E-02
  -0.203400475E-02  -0.205395101E-02  -0.207339356E-02  -0.209232358E-02
  -0.211073227E-02  -0.212861076E-02  -0.214594995E-02  -0.216274068E-02
  -0.217897368E-02  -0.219463922E-02  -0.220972745E-02  -0.222422838E-02
  -0.223813169E-02  -0.225142692E-02  -0.226410345E-02  -0.227615016E-02
  -0.228755575E-02  -0.229830881E-02  -0.230839777E-02  -0.231781094E-02
  -0.232653633E-02  -0.233456087E-02  -0.234187115E-02  -0.234845358E-02
  -0.235429443E-02  -0.235937985E-02  -0.236369569E-02  -0.236722725E-02
  -0.236995950E-02  -0.237187698E-02  -0.237296299E-02  -0.237320035E-02
  -0.237257160E-02  -0.237105911E-02  -0.236864497E-02  -0.236531080E-02
  -0.236103696E-02  -0.235580324E-02  -0.234958892E-02  -0.234237208E-02
  -0.233413026E-02  -0.232484013E-02  -0.231447606E-02  -0.230301147E-02
  -0.229041923E-02  -0.227667140E-02  -0.226173947E-02  -0.224559434E-02
  -0.222820613E-02  -0.220954434E-02  -0.218957671E-02  -0.216826522E-02
  -0.214556981E-02  -0.212144835E-02  -0.209585249E-02  -0.206873158E-02
  -0.204003568E-02  -0.200972096E-02  -0.197774466E-02  -0.194406069E-02
  -0.190861164E-02  -0.187133633E-02  -0.183217240E-02  -0.179105621E-02
  -0.174792294E-02  -0.170269797E-02  -0.165527053E-02  -0.160551861E-02
  -0.155329421E-02  -0.149835212E-02  -0.144041736E-02  -0.137921973E-02
  -0.131452936E-02  -0.124612303E-02  -0.117380888E-02  -0.109753721E-02
  -0.101729530E-02  -0.933030370E-03  -0.844523160E-03  -0.751508056E-03
  -0.653713883E-03  -0.550863907E-03  -0.442675834E-03
  -0.000000000E+00  -0.563984491E-06  -0.225847930E-05  -0.508729642E-05
  -0.905424786E-05  -0.141631456E-04  -0.204178017E-04  -0.278220281E-04
  -0.363796368E-04  -0.460944399E-04  -0.569702492E-04  -0.690108769E-04
  -0.822201349E-04  -0.966018353E-04  -0.112159790E-03  -0.128897811E-03
  -0.146819710E-03  -0.165929300E-03  -0.186230392E-03  -0.207726798E-03
  -0.230422331E-03  -0.254320802E-03  -0.279426023E-03  -0.305753927E-03
  -0.333317903E-03  -0.362124051E-03  -0.392172733E-03  -0.423461917E-03
  -0.455991864E-03  -0.489776417E-03  -0.524834418E-03  -0.561181138E-03
  -0.598810775E-03  -0.637710143E-03  -0.677872337E-03  -0.719324654E-03
  -0.762106257E-03  -0.806250104E-03  -0.851750991E-03  -0.898591599E-03
  -0.946753566E-03  -0.996222804E-03  -0.104698509E-02  -0.109903493E-02
  -0.115240875E-02  -0.120715704E-02  -0.126332056E-02  -0.132088639E-02
  -0.137982529E-02  -0.144011247E-02  -0.150175170E-02  -0.156475464E-02
  -0.162913184E-02  -0.169488728E-02  -0.176202310E-02  -0.183054191E-02
  -0.190044878E-02  -0.197174951E-02  -0.204444887E-02  -0.211854704E-02
  -0.219404272E-02  -0.227093401E-02  -0.234921774E-02  -0.242889001E-02
  -0.250994623E-02  -0.259238022E-02  -0.267618499E-02  -0.276135364E-02
  -0.284788145E-02  -0.293576400E-02  -0.302499655E-02  -0.311557397E-02
  -0.320749078E-02  -0.330074120E-02  -0.339531921E-02  -0.349121850E-02
  -0.358843256E-02  -0.368695501E-02  -0.378677929E-02  -0.388789844E-02
  -0.399030470E-02  -0.409398987E-02  -0.419894561E-02  -0.430516404E-02
  -0.441263720E-02  -0.452135670E-02  -0.463131319E-02  -0.474249687E-02
  -0.485489749E-02  -0.496850412E-02  -0.508330537E-02  -0.519928954E-02
  -0.531644465E-02  -0.543475840E-02  -0.555421792E-02  -0.567480913E-02
  -0.579651735E-02  -0.591932709E-02  -0.604322087E-02  -0.616818032E-02
  -0.629418619E-02  -0.642121701E-02  -0.654925033E-02  -0.667826289E-02
  -0.680822982E-02  -0.693912541E-02  -0.707092247E-02  -0.720358978E-02
  -0.733709451E-02  -0.747140306E-02  -0.760648140E-02  -0.774229480E-02
  -0.787880586E-02  -0.801596905E-02  -0.815373584E-02  -0.829205254E-02
  -0.843084819E-02  -0.857004591E-02  -0.870956910E-02  -0.884934839E-02
  -0.898931512E-02  -0.912939542E-02  -0.926949895E-02  -0.940952949E-02
  -0.954938237E-02  -0.968892543E-02  -0.982801696E-02  -0.996650014E-02
  -0.101041676E-01  -0.102407947E-01  -0.103761402E-01  -0.105099120E-01
  -0.106417992E-01  -0.107715593E-01  -0.108992502E-01  -0.110250106E-01
  -0.111489938E-01  -0.112713947E-01  -0.113924239E-01  -0.115122344E-01
  -0.116307211E-01  -0.117477106E-01  -0.118630638E-01  -0.119767908E-01
  -0.120889416E-01  -0.121991721E-01  -0.123055312E-01  -0.124056136E-01
  -0.124969506E-01  -0.125770106E-01  -0.126431990E-01
  -0.000000000E+00  -0.771839018E-06  -0.309519485E-05  -0.698182565E-05
  -0.124434896E-04  -0.194919448E-04  -0.281389496E-04  -0.383962619E-04
  -0.502756400E-04  -0.637888421E-04  -0.789476263E-04  -0.957637508E-04
  -0.114248974E-03  -0.134415053E-03  -0.156273748E-03  -0.179836815E-03
  -0.205116013E-03  -0.232123101E-03  -0.260869836E-03  -0.291367977E-03
  -0.323629281E-03  -0.357665507E-03  -0.393488414E-03  -0.431140331E-03
  -0.470655751E-03  -0.512054268E-03  -0.555349900E-03  -0.600554504E-03
  -0.647683043E-03  -0.696766674E-03  -0.747842793E-03  -0.800951188E-03
  -0.856133592E-03  -0.913434033E-03  -0.972896626E-03  -0.103455799E-02
  -0.109845333E-02  -0.116461161E-02  -0.123303309E-02  -0.130370767E-02
  -0.137663008E-02  -0.145182754E-02  -0.152933689E-02  -0.160919888E-02
  -0.169146629E-02  -0.177619714E-02  -0.186344800E-02  -0.195326038E-02
  -0.204567230E-02  -0.214072568E-02  -0.223847678E-02  -0.233898727E-02
  -0.244231779E-02  -0.254851785E-02  -0.265763460E-02  -0.276971228E-02
  -0.288478088E-02  -0.300286602E-02  -0.312399357E-02  -0.324819287E-02
  -0.337549387E-02  -0.350592818E-02  -0.363953551E-02  -0.377635797E-02
  -0.391643852E-02  -0.405982229E-02  -0.420655543E-02  -0.435668478E-02
  -0.451025838E-02  -0.466732503E-02  -0.482793437E-02  -0.499213763E-02
  -0.515998693E-02  -0.533153527E-02  -0.550683716E-02  -0.568594803E-02
  -0.586892442E-02  -0.605582519E-02  -0.624671039E-02  -0.644164128E-02
  -0.664068129E-02  -0.684389509E-02  -0.705134893E-02  -0.726311233E-02
  -0.747925653E-02  -0.769985466E-02  -0.792498424E-02  -0.815472488E-02
  -0.838915752E-02  -0.862836434E-02  -0.887242879E-02  -0.912143722E-02
  -0.937548349E-02  -0.963466471E-02  -0.989908001E-02  -0.101688313E-01
  -0.104440226E-01  -0.107247614E-01  -0.110111636E-01  -0.113033488E-01
  -0.116014393E-01  -0.119055606E-01  -0.122158405E-01  -0.125324111E-01
  -0.128554131E-01  -0.131849919E-01  -0.135212950E-01  -0.138644711E-01
  -0.142146716E-01  -0.145720518E-01  -0.149367764E-01  -0.153090145E-01
  -0.156889404E-01  -0.160767403E-01  -0.164726055E-01  -0.168767351E-01
  -0.172893476E-01  -0.177106700E-01  -0.181409368E-01  -0.185803998E-01
  -0.190293193E-01  -0.194879590E-01  -0.199565816E-01  -0.204354530E-01
  -0.209248540E-01  -0.214251118E-01  -0.219365702E-01  -0.224595991E-01
  -0.229946544E-01  -0.235422215E-01  -0.241027836E-01  -0.246767838E-01
  -0.252646610E-01  -0.258667573E-01  -0.264829975E-01  -0.271131923E-01
  -0.277570812E-01  -0.284141482E-01  -0.290837965E-01  -0.297655528E-01
  -0.304595115E-01  -0.311659134E-01  -0.318850597E-01  -0.326174855E-01
  -0.333637949E-01  -0.341249546E-01  -0.349033611E-01  -0.357018264E-01
  -0.365232336E-01  -0.373705364E-01  -0.382467598E-01
   0.000000000E+00   0.757382433E-07   0.302593721E-06   0.680027553E-06
   0.120750086E-05   0.188447477E-05   0.271041039E-05   0.368476886E-05
   0.480701129E-05   0.607659879E-05   0.749299251E-05   0.905565354E-05
   0.107640430E-04   0.126176221E-04   0.146158518E-04   0.167581934E-04
   0.190441078E-04   0.214730564E-04   0.240445001E-04   0.267579001E-04
   0.296127175E-04   0.326084134E-04   0.357444490E-04   0.390143135E-04
   0.424118552E-04   0.459445484E-04   0.496108802E-04   0.534065036E-04
   0.573265567E-04   0.613656596E-04   0.655179166E-04   0.697794112E-04
   0.741563301E-04   0.786586087E-04   0.832918538E-04   0.880387592E-04
   0.928739731E-04   0.977767745E-04   0.102754454E-03   0.107823257E-03
   0.112995583E-03   0.118261044E-03   0.123602151E-03   0.129002619E-03
   0.134455899E-03   0.139958012E-03   0.145506931E-03   0.151108713E-03
   0.156772286E-03   0.162502954E-03   0.168287674E-03   0.174107693E-03
   0.179945882E-03   0.185795833E-03   0.191653984E-03   0.197516241E-03
   0.203376044E-03   0.209226055E-03   0.215059469E-03   0.220872281E-03
   0.226661293E-03   0.232422240E-03   0.238146105E-03   0.243822382E-03
   0.249440964E-03   0.254994506E-03   0.260476326E-03   0.265879392E-03
   0.271195460E-03   0.276415846E-03   0.281531603E-03   0.286533226E-03
   0.291410915E-03   0.296154869E-03   0.300755913E-03   0.305204932E-03
   0.309492257E-03   0.313606375E-03   0.317535102E-03   0.321266578E-03
   0.324791116E-03   0.328099518E-03   0.331181683E-03   0.334024069E-03
   0.336612007E-03   0.338931049E-03   0.340968667E-03   0.342712694E-03
   0.344150485E-03   0.345267964E-03   0.346050499E-03   0.346483114E-03
   0.346550212E-03   0.346235829E-03   0.345523750E-03   0.344397573E-03
   0.342840652E-03   0.340835877E-03   0.338365109E-03   0.335409709E-03
   0.331950702E-03   0.327968747E-03   0.323444164E-03   0.318356731E-03
   0.312684994E-03   0.306406904E-03   0.299499903E-03   0.291940493E-03
   0.283704638E-03   0.274767715E-03   0.265103966E-03   0.254687011E-03
   0.243489983E-03   0.231485402E-03   0.218645289E-03   0.204940723E-03
   0.190340328E-03   0.174811689E-03   0.158321711E-03   0.140836241E-03
   0.122320425E-03   0.102737851E-03   0.820475703E-04   0.602068993E-04
   0.371734926E-04   0.129087492E-04  -0.126253975E-04  -0.394683144E-04
  -0.676629378E-04  -0.972536330E-04  -0.128289632E-03  -0.160837791E-03
  -0.194970540E-03  -0.230756016E-03  -0.268240438E-03  -0.307464777E-03
  -0.348486719E-03  -0.391430467E-03  -0.436439572E-03  -0.483600072E-03
  -0.532754561E-03  -0.583678497E-03  -0.636242333E-03  -0.690723844E-03
  -0.747511632E-03  -0.806923042E-03  -0.868955670E-03  -0.933523517E-03
  -0.100053720E-02  -0.106990393E-02  -0.114152756E-02
  -0.000000000E+00  -0.134628535E-06  -0.540139982E-06  -0.121897311E-05
  -0.217356667E-05  -0.340635944E-05  -0.491979018E-05  -0.671629765E-05
  -0.879832062E-05  -0.111682979E-04  -0.138286681E-04  -0.167818702E-04
  -0.200303428E-04  -0.235765247E-04  -0.274228547E-04  -0.315717715E-04
  -0.360257140E-04  -0.407871208E-04  -0.458584308E-04  -0.512420827E-04
  -0.569405153E-04  -0.629561673E-04  -0.692914774E-04  -0.759602462E-04
  -0.829746480E-04  -0.903303625E-04  -0.980224577E-04  -0.106044879E-03
  -0.114395372E-03  -0.123092303E-03  -0.132161860E-03  -0.141624464E-03
  -0.151465979E-03  -0.161660228E-03  -0.172187323E-03  -0.183066189E-03
  -0.194328548E-03  -0.206003576E-03  -0.218099036E-03  -0.230616660E-03
  -0.243560290E-03  -0.256944162E-03  -0.270786050E-03  -0.285099582E-03
  -0.299877610E-03  -0.315106177E-03  -0.330772663E-03  -0.346875889E-03
  -0.363417539E-03  -0.380403166E-03  -0.397854994E-03  -0.415800930E-03
  -0.434266266E-03  -0.453259733E-03  -0.472785575E-03  -0.492849325E-03
  -0.513462613E-03  -0.534638970E-03  -0.556390467E-03  -0.578721778E-03
  -0.601635397E-03  -0.625135972E-03  -0.649238149E-03  -0.673959627E-03
  -0.699317461E-03  -0.725324060E-03  -0.751990747E-03  -0.779329178E-03
  -0.807351898E-03  -0.836071845E-03  -0.865503025E-03  -0.895663168E-03
  -0.926571342E-03  -0.958246249E-03  -0.990703521E-03  -0.102395816E-02
  -0.105802645E-02  -0.109292919E-02  -0.112868877E-02  -0.116532705E-02
  -0.120286205E-02  -0.124131097E-02  -0.128069283E-02  -0.132103346E-02
  -0.136236095E-02  -0.140470320E-02  -0.144808525E-02  -0.149253172E-02
  -0.153806830E-02  -0.158472349E-02  -0.163252700E-02  -0.168150958E-02
  -0.173170437E-02  -0.178314564E-02  -0.183586825E-02  -0.188990701E-02
  -0.194529728E-02  -0.200207618E-02  -0.206028619E-02  -0.211997181E-02
  -0.218117809E-02  -0.224394923E-02  -0.230832985E-02  -0.237436662E-02
  -0.244211185E-02  -0.251162015E-02  -0.258294752E-02  -0.265615226E-02
  -0.273129409E-02  -0.280843507E-02  -0.288764300E-02  -0.296898819E-02
  -0.305254233E-02  -0.313837823E-02  -0.322657002E-02  -0.331719488E-02
  -0.341033801E-02  -0.350608794E-02  -0.360453811E-02  -0.370579656E-02
  -0.380997682E-02  -0.391719724E-02  -0.402758837E-02  -0.414128599E-02
  -0.425842809E-02  -0.437915277E-02  -0.450360021E-02  -0.463191189E-02
  -0.476422606E-02  -0.490068201E-02  -0.504143425E-02  -0.518669149E-02
  -0.533667984E-02  -0.549162316E-02  -0.565172168E-02  -0.581717224E-02
  -0.598817524E-02  -0.616493461E-02  -0.634765787E-02  -0.653654441E-02
  -0.673174982E-02  -0.693341978E-02  -0.714167955E-02  -0.735656701E-02
  -0.757809626E-02  -0.780653645E-02  -0.804319761E-02  -0.828968381E-02
  -0.854763957E-02  -0.881874981E-02  -0.910473982E-02
   0.000000000E+00   0.255193326E-04   0.510335366E-04   0.765386062E-04
   0.102028611E-03   0.127495695E-03   0.152930078E-03   0.178321535E-03
   0.203665531E-03   0.228961740E-03   0.254216663E-03   0.279457589E-03
   0.304726716E-03   0.330065329E-03   0.355467218E-03   0.380903452E-03
   0.406343787E-03   0.431793424E-03   0.457270686E-03   0.482793722E-03
   0.508366418E-03   0.533987717E-03   0.559655608E-03   0.585368158E-03
   0.611122791E-03   0.636918890E-03   0.662767380E-03   0.688683690E-03
   0.714682043E-03   0.740765449E-03   0.766933318E-03   0.793187234E-03
   0.819540542E-03   0.846010844E-03   0.872615879E-03   0.899369061E-03
   0.926283048E-03   0.953367699E-03   0.980619344E-03   0.100802953E-02
   0.103559358E-02   0.106332785E-02   0.109125544E-02   0.111940020E-02
   0.114778384E-02   0.117642837E-02   0.120535040E-02   0.123454052E-02
   0.126398078E-02   0.129366192E-02   0.132361780E-02   0.135389588E-02
   0.138453958E-02   0.141556607E-02   0.144698554E-02   0.147880827E-02
   0.151104558E-02   0.154370899E-02   0.157681065E-02   0.161036539E-02
   0.164438891E-02   0.167889729E-02   0.171390751E-02   0.174943700E-02
   0.178550341E-02   0.182212448E-02   0.185931813E-02   0.189710297E-02
   0.193549959E-02   0.197452938E-02   0.201421415E-02   0.205457611E-02
   0.209563788E-02   0.213742265E-02   0.217995483E-02   0.222325948E-02
   0.226736224E-02   0.231228970E-02   0.235806908E-02   0.240472847E-02
   0.245229797E-02   0.250080866E-02   0.255029222E-02   0.260078088E-02
   0.265230744E-02   0.270490612E-02   0.275861498E-02   0.281347370E-02
   0.286952269E-02   0.292680283E-02   0.298535571E-02   0.304522474E-02
   0.310645815E-02   0.316910622E-02   0.323322020E-02   0.329885213E-02
   0.336605499E-02   0.343488422E-02   0.350540188E-02   0.357767278E-02
   0.365176320E-02   0.372774125E-02   0.380567651E-02   0.388564143E-02
   0.396771568E-02   0.405198207E-02   0.413852569E-02   0.422743566E-02
   0.431880348E-02   0.441272362E-02   0.450929678E-02   0.460862685E-02
   0.471082142E-02   0.481599682E-02   0.492427345E-02   0.503577699E-02
   0.515064709E-02   0.526902926E-02   0.539107635E-02   0.551696173E-02
   0.564686694E-02   0.578097783E-02   0.591948577E-02   0.606258649E-02
   0.621048237E-02   0.636339043E-02   0.652153476E-02   0.668515856E-02
   0.685456876E-02   0.703009390E-02   0.721206658E-02   0.740081365E-02
   0.759666547E-02   0.779992281E-02   0.801074580E-02   0.822925896E-02
   0.845555629E-02   0.868960735E-02   0.893134621E-02   0.918076469E-02
   0.943810507E-02   0.970367735E-02   0.997785215E-02   0.102612287E-01
   0.105544755E-01   0.108584813E-01   0.111749830E-01   0.115059691E-01
   0.118534770E-01   0.122195932E-01   0.126064527E-01
   0.000000000E+00   0.282487795E-04   0.564849450E-04   0.846957069E-04
   0.112868577E-03   0.140991366E-03   0.169052187E-03   0.197044312E-03
   0.224986305E-03   0.252917165E-03   0.280879869E-03   0.308872060E-03
   0.336866809E-03   0.364834221E-03   0.392782006E-03   0.420733903E-03
   0.448714179E-03   0.476726647E-03   0.504767403E-03   0.532829602E-03
   0.560901824E-03   0.588969154E-03   0.617019866E-03   0.645066476E-03
   0.673130946E-03   0.701231063E-03   0.729354084E-03   0.757476110E-03
   0.785578173E-03   0.813675144E-03   0.841793738E-03   0.869957646E-03
   0.898165675E-03   0.926408847E-03   0.954678983E-03   0.982976206E-03
   0.101130294E-02   0.103966112E-02   0.106805023E-02   0.109646893E-02
   0.112491458E-02   0.115338012E-02   0.118185665E-02   0.121033886E-02
   0.123883903E-02   0.126737527E-02   0.129596240E-02   0.132459652E-02
   0.135326809E-02   0.138196821E-02   0.141069351E-02   0.143944198E-02
   0.146821130E-02   0.149699872E-02   0.152580116E-02   0.155461499E-02
   0.158343496E-02   0.161225510E-02   0.164106869E-02   0.166986710E-02
   0.169864080E-02   0.172737986E-02   0.175607448E-02   0.178471452E-02
   0.181328987E-02   0.184179197E-02   0.187021249E-02   0.189854230E-02
   0.192676999E-02   0.195488324E-02   0.198286946E-02   0.201071654E-02
   0.203841219E-02   0.206594342E-02   0.209329556E-02   0.212045311E-02
   0.214740002E-02   0.217411921E-02   0.220059300E-02   0.222680319E-02
   0.225273108E-02   0.227835747E-02   0.230366260E-02   0.232862604E-02
   0.235322681E-02   0.237744317E-02   0.240125196E-02   0.242462922E-02
   0.244755038E-02   0.246999011E-02   0.249192248E-02   0.251332069E-02
   0.253415617E-02   0.255439947E-02   0.257402032E-02   0.259298739E-02
   0.261126855E-02   0.262883043E-02   0.264563677E-02   0.266164997E-02
   0.267683152E-02   0.269114187E-02   0.270454059E-02   0.271698610E-02
   0.272843486E-02   0.273884217E-02   0.274816167E-02   0.275634313E-02
   0.276333452E-02   0.276908182E-02   0.277352611E-02   0.277660632E-02
   0.277826047E-02   0.277842703E-02   0.277704367E-02   0.277404814E-02
   0.276938225E-02   0.276298814E-02   0.275480187E-02   0.274473755E-02
   0.273270222E-02   0.271859357E-02   0.270227729E-02   0.268360832E-02
   0.266244922E-02   0.263870393E-02   0.261228592E-02   0.258311781E-02
   0.255116319E-02   0.251639659E-02   0.247877946E-02   0.243821801E-02
   0.239460301E-02   0.234782700E-02   0.229779534E-02   0.224441573E-02
   0.218759399E-02   0.212723217E-02   0.206323032E-02   0.199544715E-02
   0.192357772E-02   0.184726938E-02   0.176622813E-02   0.168042298E-02
   0.158989193E-02   0.149453681E-02   0.139369798E-02   0.128655847E-02
   0.117228136E-02   0.105000974E-02   0.918866711E-03
  -0.000000000E+00  -0.525698554E-05  -0.105150500E-04  -0.157767134E-04
  -0.210420252E-04  -0.263085642E-04  -0.315714387E-04  -0.368249048E-04
  -0.420690726E-04  -0.473082874E-04  -0.525473328E-04  -0.577813952E-04
  -0.630002893E-04  -0.681936387E-04  -0.733619685E-04  -0.785108050E-04
  -0.836452653E-04  -0.887602090E-04  -0.938462173E-04  -0.988937771E-04
  -0.103899170E-03  -0.108860577E-03  -0.113776359E-03  -0.118644465E-03
  -0.123462844E-03  -0.128229030E-03  -0.132938191E-03  -0.137584563E-03
  -0.142163048E-03  -0.146672706E-03  -0.151114101E-03  -0.155486914E-03
  -0.159785411E-03  -0.164001984E-03  -0.168129271E-03  -0.172162759E-03
  -0.176098698E-03  -0.179933648E-03  -0.183665459E-03  -0.187292469E-03
  -0.190812901E-03  -0.194223835E-03  -0.197522060E-03  -0.200705145E-03
  -0.203773899E-03  -0.206730311E-03  -0.209575413E-03  -0.212304856E-03
  -0.214912673E-03  -0.217391871E-03  -0.219732100E-03  -0.221921656E-03
  -0.223950682E-03  -0.225819031E-03  -0.227529455E-03  -0.229084156E-03
  -0.230481462E-03  -0.231718724E-03  -0.232792871E-03  -0.233698935E-03
  -0.234431344E-03  -0.234984814E-03  -0.235355722E-03  -0.235540886E-03
  -0.235536932E-03  -0.235339614E-03  -0.234944414E-03  -0.234346923E-03
  -0.233543340E-03  -0.232530027E-03  -0.231303201E-03  -0.229858498E-03
  -0.228191369E-03  -0.226297235E-03  -0.224171551E-03  -0.221809750E-03
  -0.219207332E-03  -0.216360194E-03  -0.213264335E-03  -0.209915451E-03
  -0.206308037E-03  -0.202436207E-03  -0.198294337E-03  -0.193878184E-03
  -0.189183860E-03  -0.184207248E-03  -0.178943251E-03  -0.173386480E-03
  -0.167531621E-03  -0.161373866E-03  -0.154908517E-03  -0.148130857E-03
  -0.141036158E-03  -0.133619676E-03  -0.125876796E-03  -0.117803513E-03
  -0.109395990E-03  -0.100650292E-03  -0.915620307E-04  -0.821266952E-04
  -0.723401899E-04  -0.622001510E-04  -0.517047249E-04  -0.408518783E-04
  -0.296385628E-04  -0.180614920E-04  -0.611780427E-05   0.619371977E-05
   0.188737928E-04   0.319228088E-04   0.453402277E-04   0.591251502E-04
   0.732764774E-04   0.877927948E-04   0.102672481E-03   0.117913336E-03
   0.133511333E-03   0.149461790E-03   0.165758984E-03   0.182393753E-03
   0.199355749E-03   0.216631305E-03   0.234194526E-03   0.252015670E-03
   0.270063969E-03   0.288307521E-03   0.306713394E-03   0.325254222E-03
   0.343928326E-03   0.362740730E-03   0.381681723E-03   0.400680981E-03
   0.419650904E-03   0.438517674E-03   0.457271145E-03   0.475917646E-03
   0.494495707E-03   0.513173260E-03   0.532155577E-03   0.551609328E-03
   0.571526124E-03   0.591851911E-03   0.612558471E-03   0.633727514E-03
   0.655470846E-03   0.677683243E-03   0.699370293E-03   0.719287174E-03
   0.736155618E-03   0.748663916E-03   0.755466915E-03
   0.000000000E+00   0.620321834E-05   0.124065388E-04   0.186117089E-04
   0.248176554E-04   0.310204841E-04   0.372134799E-04   0.433883013E-04
   0.495399306E-04   0.556654784E-04   0.617631644E-04   0.678316851E-04
   0.738704800E-04   0.798788248E-04   0.858520715E-04   0.917836481E-04
   0.976664308E-04   0.103494466E-03   0.109261923E-03   0.114963026E-03
   0.120593287E-03   0.126148686E-03   0.131625077E-03   0.137017254E-03
   0.142319604E-03   0.147526247E-03   0.152630638E-03   0.157625862E-03
   0.162505101E-03   0.167262830E-03   0.171893912E-03   0.176393611E-03
   0.180758760E-03   0.184986852E-03   0.189075212E-03   0.193019430E-03
   0.196814617E-03   0.200456812E-03   0.203946029E-03   0.207283772E-03
   0.210469074E-03   0.213488672E-03   0.216325146E-03   0.218960982E-03
   0.221382268E-03   0.223575593E-03   0.225530167E-03   0.227248043E-03
   0.228735434E-03   0.229997999E-03   0.231035680E-03   0.231847131E-03
   0.232429925E-03   0.232776252E-03   0.232876644E-03   0.232721562E-03
   0.232302274E-03   0.231610088E-03   0.230636981E-03   0.229378402E-03
   0.227830809E-03   0.225990153E-03   0.223849847E-03   0.221402568E-03
   0.218641229E-03   0.215560082E-03   0.212153739E-03   0.208416572E-03
   0.204341911E-03   0.199922762E-03   0.195152070E-03   0.190022756E-03
   0.184527683E-03   0.178659742E-03   0.172412148E-03   0.165778169E-03
   0.158750791E-03   0.151321944E-03   0.143483203E-03   0.135226325E-03
   0.126544184E-03   0.117429921E-03   0.107876186E-03   0.978737078E-04
   0.874126003E-04   0.764831370E-04   0.650767387E-04   0.531850683E-04
   0.407994414E-04   0.279099716E-04   0.145063561E-04   0.578132540E-06
  -0.138853648E-04  -0.288949649E-04  -0.444616524E-04  -0.605965873E-04
  -0.773110870E-04  -0.946168842E-04  -0.112526942E-03  -0.131054699E-03
  -0.150213826E-03  -0.170018270E-03  -0.190482216E-03  -0.211620202E-03
  -0.233447547E-03  -0.255979952E-03  -0.279233660E-03  -0.303226338E-03
  -0.327976250E-03  -0.353502455E-03  -0.379826269E-03  -0.406969896E-03
  -0.434955802E-03  -0.463806214E-03  -0.493543591E-03  -0.524191004E-03
  -0.555772838E-03  -0.588314134E-03  -0.621841858E-03  -0.656389468E-03
  -0.691992627E-03  -0.728690409E-03  -0.766533517E-03  -0.805576556E-03
  -0.845872495E-03  -0.887463762E-03  -0.930390634E-03  -0.974692801E-03
  -0.102040540E-02  -0.106756277E-02  -0.111620726E-02  -0.116641248E-02
  -0.121826135E-02  -0.127183355E-02  -0.132718993E-02  -0.138438727E-02
  -0.144348814E-02  -0.150457575E-02  -0.156773986E-02  -0.163308248E-02
  -0.170074980E-02  -0.177090188E-02  -0.184363698E-02  -0.191879152E-02
  -0.199612997E-02  -0.207559221E-02  -0.215785221E-02  -0.224378708E-02
  -0.233429676E-02  -0.243030397E-02  -0.253275426E-02
   0.000000000E+00   0.139392354E-06   0.559372003E-06   0.126264283E-05
   0.225190873E-05   0.352987357E-05   0.509924125E-05   0.696271564E-05
   0.912300064E-05   0.115828001E-04   0.143448180E-04   0.174117581E-04
   0.207863243E-04   0.244712206E-04   0.284691507E-04   0.327828187E-04
   0.374149283E-04   0.423681835E-04   0.476452881E-04   0.532489461E-04
   0.591818613E-04   0.654467375E-04   0.720462788E-04   0.789889278E-04
   0.862813248E-04   0.939223477E-04   0.101918797E-03   0.110280283E-03
   0.119015544E-03   0.128126694E-03   0.137613600E-03   0.147479045E-03
   0.157740258E-03   0.168419895E-03   0.179537475E-03   0.191092379E-03
   0.203077448E-03   0.215488884E-03   0.228342177E-03   0.241659120E-03
   0.255462290E-03   0.269772373E-03   0.284610379E-03   0.299989318E-03
   0.315885157E-03   0.332261200E-03   0.349090324E-03   0.366397963E-03
   0.384225605E-03   0.402613491E-03   0.421586892E-03   0.441167883E-03
   0.461378015E-03   0.482233584E-03   0.503749727E-03   0.525940314E-03
   0.548813087E-03   0.572373905E-03   0.596629740E-03   0.621593412E-03
   0.647279425E-03   0.673702381E-03   0.700876546E-03   0.728816237E-03
   0.757536253E-03   0.787052851E-03   0.817382878E-03   0.848543435E-03
   0.880551750E-03   0.913425288E-03   0.947182110E-03   0.981841856E-03
   0.101742486E-02   0.105395177E-02   0.109144337E-02   0.112992072E-02
   0.116940532E-02   0.120991928E-02   0.125148511E-02   0.129412603E-02
   0.133786679E-02   0.138273288E-02   0.142875012E-02   0.147594424E-02
   0.152434124E-02   0.157396817E-02   0.162485499E-02   0.167703287E-02
   0.173053329E-02   0.178538715E-02   0.184162558E-02   0.189928087E-02
   0.195838851E-02   0.201898529E-02   0.208110856E-02   0.214479588E-02
   0.221008533E-02   0.227701648E-02   0.234563297E-02   0.241598011E-02
   0.248810392E-02   0.256205059E-02   0.263786695E-02   0.271560125E-02
   0.279530487E-02   0.287703075E-02   0.296083245E-02   0.304676337E-02
   0.313487750E-02   0.322523036E-02   0.331788080E-02   0.341288931E-02
   0.351031804E-02   0.361023271E-02   0.371270084E-02   0.381779184E-02
   0.392557931E-02   0.403613892E-02   0.414954649E-02   0.426587449E-02
   0.438519535E-02   0.450758539E-02   0.463313341E-02   0.476193261E-02
   0.489408019E-02   0.502968458E-02   0.516885863E-02   0.531171160E-02
   0.545833160E-02   0.560880216E-02   0.576321006E-02   0.592165220E-02
   0.608422911E-02   0.625100803E-02   0.642191669E-02   0.659684379E-02
   0.677564650E-02   0.695806887E-02   0.714381910E-02   0.733265247E-02
   0.752454448E-02   0.771952670E-02   0.791762492E-02   0.811884082E-02
   0.832316943E-02   0.853066031E-02   0.874158674E-02   0.895628494E-02
   0.917509952E-02   0.939838348E-02   0.962649820E-02
   0.000000000E+00   0.165463856E-06   0.664347732E-06   0.150039009E-05
   0.267732939E-05   0.419890410E-05   0.606885267E-05   0.829091357E-05
   0.108688253E-04   0.138063262E-04   0.171071548E-04   0.207750497E-04
   0.248137491E-04   0.292269917E-04   0.340185158E-04   0.391920599E-04
   0.447513625E-04   0.507001621E-04   0.570421971E-04   0.637812059E-04
   0.709209270E-04   0.784650990E-04   0.864174602E-04   0.947919648E-04
   0.103600075E-03   0.112852623E-03   0.122553239E-03   0.132703039E-03
   0.143304803E-03   0.154370895E-03   0.165917239E-03   0.177961017E-03
   0.190520474E-03   0.203615071E-03   0.217263556E-03   0.231477545E-03
   0.246266654E-03   0.261636961E-03   0.277580029E-03   0.294081854E-03
   0.311131602E-03   0.328739258E-03   0.346921009E-03   0.365697251E-03
   0.385102904E-03   0.405178748E-03   0.425962518E-03   0.447470399E-03
   0.469712743E-03   0.492701495E-03   0.516456081E-03   0.540998360E-03
   0.566350318E-03   0.592532444E-03   0.619565138E-03   0.647467609E-03
   0.676252854E-03   0.705932045E-03   0.736516223E-03   0.768016819E-03
   0.800445201E-03   0.833813999E-03   0.868141759E-03   0.903448828E-03
   0.939756162E-03   0.977086087E-03   0.101546163E-02   0.105490605E-02
   0.109544222E-02   0.113709318E-02   0.117988228E-02   0.122383302E-02
   0.126896914E-02   0.131531492E-02   0.136289545E-02   0.141173637E-02
   0.146186383E-02   0.151330488E-02   0.156608713E-02   0.162023869E-02
   0.167578838E-02   0.173276551E-02   0.179120020E-02   0.185112424E-02
   0.191257031E-02   0.197557178E-02   0.204016333E-02   0.210638040E-02
   0.217425920E-02   0.224383715E-02   0.231515249E-02   0.238824454E-02
   0.246315524E-02   0.253992773E-02   0.261860624E-02   0.269923699E-02
   0.278186735E-02   0.286654605E-02   0.295332496E-02   0.304225743E-02
   0.313339820E-02   0.322680449E-02   0.332253500E-02   0.342065001E-02
   0.352121313E-02   0.362428967E-02   0.372994620E-02   0.383825053E-02
   0.394927172E-02   0.406308031E-02   0.417974925E-02   0.429935303E-02
   0.442196896E-02   0.454768188E-02   0.467657973E-02   0.480875496E-02
   0.494431343E-02   0.508336602E-02   0.522602630E-02   0.537241184E-02
   0.552264294E-02   0.567684105E-02   0.583512525E-02   0.599761554E-02
   0.616443944E-02   0.633574870E-02   0.651170352E-02   0.669248188E-02
   0.687832426E-02   0.706949141E-02   0.726625405E-02   0.746890544E-02
   0.767774949E-02   0.789300748E-02   0.811454489E-02   0.834212979E-02
   0.857548334E-02   0.881416515E-02   0.905768185E-02   0.930562946E-02
   0.955801596E-02   0.981495542E-02   0.100765395E-01   0.103427627E-01
   0.106135932E-01   0.108893391E-01   0.111716935E-01   0.114627412E-01
   0.117646216E-01   0.120795288E-01   0.124097112E-01
  -0.000000000E+00  -0.368508068E-07  -0.147875823E-06  -0.333783942E-06
  -0.595284059E-06  -0.933085066E-06  -0.134789586E-05  -0.184042533E-05
  -0.241138237E-05  -0.306147588E-05  -0.379141475E-05  -0.460190787E-05
  -0.549366414E-05  -0.646739245E-05  -0.752380170E-05  -0.866360077E-05
  -0.988749857E-05  -0.111962040E-04  -0.125904259E-04  -0.140708732E-04
  -0.156382549E-04  -0.172932797E-04  -0.190366566E-04  -0.208754281E-04
  -0.228161643E-04  -0.248759023E-04  -0.270509724E-04  -0.293305387E-04
  -0.317054906E-04  -0.341808793E-04  -0.367664550E-04  -0.394715563E-04
  -0.422999105E-04  -0.452537009E-04  -0.483343514E-04  -0.515402358E-04
  -0.548685109E-04  -0.583178332E-04  -0.618949560E-04  -0.656093518E-04
  -0.694685727E-04  -0.734696098E-04  -0.776060483E-04  -0.818750485E-04
  -0.862914141E-04  -0.908757827E-04  -0.956466059E-04  -0.100608056E-03
  -0.105760298E-03  -0.111102557E-03  -0.116631304E-03  -0.122341816E-03
  -0.128231184E-03  -0.134306078E-03  -0.140576023E-03  -0.147050378E-03
  -0.153736260E-03  -0.160640352E-03  -0.167769559E-03  -0.175131057E-03
  -0.182732251E-03  -0.190580169E-03  -0.198679631E-03  -0.207034873E-03
  -0.215650887E-03  -0.224535850E-03  -0.233698961E-03  -0.243149350E-03
  -0.252895012E-03  -0.262943763E-03  -0.273303634E-03  -0.283983096E-03
  -0.294990860E-03  -0.306335973E-03  -0.318028325E-03  -0.330078193E-03
  -0.342496049E-03  -0.355292487E-03  -0.368478289E-03  -0.382064758E-03
  -0.396064653E-03  -0.410491336E-03  -0.425358163E-03  -0.440677493E-03
  -0.456461593E-03  -0.472723442E-03  -0.489478261E-03  -0.506742114E-03
  -0.524531244E-03  -0.542861531E-03  -0.561748995E-03  -0.581210306E-03
  -0.601263860E-03  -0.621928787E-03  -0.643224742E-03  -0.665172273E-03
  -0.687792479E-03  -0.711106893E-03  -0.735137495E-03  -0.759906699E-03
  -0.785437840E-03  -0.811756675E-03  -0.838889990E-03  -0.866865196E-03
  -0.895710574E-03  -0.925455047E-03  -0.956128463E-03  -0.987762692E-03
  -0.102039060E-02  -0.105404628E-02  -0.108876682E-02  -0.112459065E-02
  -0.116155754E-02  -0.119971033E-02  -0.123909330E-02  -0.127975147E-02
  -0.132173007E-02  -0.136507500E-02  -0.140983375E-02  -0.145605759E-02
  -0.150379947E-02  -0.155311756E-02  -0.160408824E-02  -0.165679383E-02
  -0.171131632E-02  -0.176773057E-02  -0.182611067E-02  -0.188653008E-02
  -0.194905525E-02  -0.201375164E-02  -0.208069811E-02  -0.215002495E-02
  -0.222187795E-02  -0.229640570E-02  -0.237375813E-02  -0.245408785E-02
  -0.253754946E-02  -0.262429569E-02  -0.271448101E-02  -0.280826447E-02
  -0.290581455E-02  -0.300730456E-02  -0.311295728E-02  -0.322318624E-02
  -0.333846158E-02  -0.345919741E-02  -0.358554660E-02  -0.371759580E-02
  -0.385543160E-02  -0.399914059E-02  -0.414880931E-02
   0.000000000E+00   0.454198737E-07   0.182785355E-06   0.413755236E-06
   0.739988307E-06   0.116314336E-05   0.168487918E-05   0.230685457E-05
   0.303072831E-05   0.385815919E-05   0.479080601E-05   0.583032756E-05
   0.697838262E-05   0.823662999E-05   0.960672846E-05   0.110903368E-04
   0.126891139E-04   0.144047184E-04   0.162388092E-04   0.181930450E-04
   0.202690847E-04   0.224685870E-04   0.247932107E-04   0.272510216E-04
   0.298489793E-04   0.325700400E-04   0.354140225E-04   0.383858313E-04
   0.414921025E-04   0.447447695E-04   0.481583501E-04   0.517428287E-04
   0.554837541E-04   0.593578064E-04   0.633485225E-04   0.674786812E-04
   0.717843946E-04   0.762965835E-04   0.810116964E-04   0.859155771E-04
   0.909985364E-04   0.962760238E-04   0.101771509E-03   0.107503316E-03
   0.113462239E-03   0.119630330E-03   0.125990664E-03   0.132537061E-03
   0.139265830E-03   0.146178308E-03   0.153298160E-03   0.160656538E-03
   0.168280824E-03   0.176175685E-03   0.184339475E-03   0.192771767E-03
   0.201478855E-03   0.210468951E-03   0.219748923E-03   0.229319349E-03
   0.239178864E-03   0.249328263E-03   0.259778579E-03   0.270543935E-03
   0.281637382E-03   0.293065686E-03   0.304833972E-03   0.316947764E-03
   0.329414354E-03   0.342241578E-03   0.355437985E-03   0.369014658E-03
   0.382983575E-03   0.397356258E-03   0.412141347E-03   0.427346787E-03
   0.442981496E-03   0.459058172E-03   0.475590744E-03   0.492592345E-03
   0.510071739E-03   0.528036572E-03   0.546496104E-03   0.565466204E-03
   0.584964786E-03   0.605009123E-03   0.625612387E-03   0.646786818E-03
   0.668545449E-03   0.690904064E-03   0.713879400E-03   0.737488638E-03
   0.761749755E-03   0.786681201E-03   0.812301602E-03   0.838629183E-03
   0.865682304E-03   0.893480436E-03   0.922046632E-03   0.951405243E-03
   0.981580556E-03   0.101259503E-02   0.104447092E-02   0.107723170E-02
   0.111090454E-02   0.114551797E-02   0.118110111E-02   0.121768368E-02
   0.125529598E-02   0.129396925E-02   0.133373693E-02   0.137463349E-02
   0.141669375E-02   0.145995195E-02   0.150444261E-02   0.155020219E-02
   0.159727304E-02   0.164569973E-02   0.169552921E-02   0.174681561E-02
   0.179961578E-02   0.185398728E-02   0.190998694E-02   0.196767224E-02
   0.202710192E-02   0.208833653E-02   0.215143795E-02   0.221647077E-02
   0.228350715E-02   0.235262229E-02   0.242389324E-02   0.249740043E-02
   0.257322622E-02   0.265144744E-02   0.273211374E-02   0.281526800E-02
   0.290095932E-02   0.298926110E-02   0.308025390E-02   0.317399272E-02
   0.327042492E-02   0.336946808E-02   0.347104589E-02   0.357511705E-02
   0.368164786E-02   0.379073312E-02   0.390299422E-02   0.401920084E-02
   0.414014245E-02   0.426662835E-02   0.439948765E-02
  -0.000000000E+00  -0.335494504E-05  -0.670519109E-05  -0.100454159E-04
  -0.133713657E-04  -0.166798551E-04  -0.199687672E-04  -0.232385130E-04
  -0.264980777E-04  -0.297635611E-04  -0.330513826E-04  -0.363564208E-04
  -0.396612173E-04  -0.429454716E-04  -0.462037262E-04  -0.494359595E-04
  -0.526443081E-04  -0.558360816E-04  -0.590219323E-04  -0.622108076E-04
  -0.653952607E-04  -0.685611684E-04  -0.716959409E-04  -0.748032170E-04
  -0.778925377E-04  -0.809718015E-04  -0.840354006E-04  -0.870729401E-04
  -0.900750619E-04  -0.930417784E-04  -0.959761315E-04  -0.988811840E-04
  -0.101757890E-03  -0.104606762E-03  -0.107427796E-03  -0.110218268E-03
  -0.112974500E-03  -0.115693098E-03  -0.118372892E-03  -0.121013355E-03
  -0.123610835E-03  -0.126148314E-03  -0.128603888E-03  -0.130960048E-03
  -0.133223548E-03  -0.135408724E-03  -0.137530602E-03  -0.139601880E-03
  -0.141635492E-03  -0.143638229E-03  -0.145587712E-03  -0.147452149E-03
  -0.149204564E-03  -0.150845611E-03  -0.152383817E-03  -0.153825625E-03
  -0.155165959E-03  -0.156396459E-03  -0.157508791E-03  -0.158495974E-03
  -0.159351210E-03  -0.160067715E-03  -0.160639428E-03  -0.161060382E-03
  -0.161324596E-03  -0.161426444E-03  -0.161360326E-03  -0.161120373E-03
  -0.160699860E-03  -0.160091733E-03  -0.159288658E-03  -0.158282625E-03
  -0.157065307E-03  -0.155628351E-03  -0.153963914E-03  -0.152064176E-03
  -0.149921024E-03  -0.147525580E-03  -0.144868623E-03  -0.141940653E-03
  -0.138731590E-03  -0.135231047E-03  -0.131428632E-03  -0.127314614E-03
  -0.122879315E-03  -0.118112619E-03  -0.113003092E-03  -0.107538786E-03
  -0.101707681E-03  -0.954981955E-04  -0.888987180E-04  -0.818972495E-04
  -0.744807954E-04  -0.666359266E-04  -0.583492704E-04  -0.496084305E-04
  -0.404011368E-04  -0.307145369E-04  -0.205339111E-04  -0.984386272E-05
   0.137097936E-05   0.131250550E-04   0.254327138E-04   0.383085740E-04
   0.517677383E-04   0.658255930E-04   0.804974033E-04   0.957972821E-04
   0.111739152E-03   0.128337248E-03   0.145606655E-03   0.163562809E-03
   0.182221662E-03   0.201600738E-03   0.221718151E-03   0.242590244E-03
   0.264225406E-03   0.286629871E-03   0.309808641E-03   0.333762222E-03
   0.358489690E-03   0.383993856E-03   0.410293906E-03   0.437413510E-03
   0.465371524E-03   0.494165904E-03   0.523788863E-03   0.554215757E-03
   0.585355260E-03   0.617096372E-03   0.649362419E-03   0.682227334E-03
   0.715805802E-03   0.750193649E-03   0.785399864E-03   0.821410905E-03
   0.858199284E-03   0.895682914E-03   0.933763615E-03   0.972406133E-03
   0.101183972E-02   0.105236700E-02   0.109414327E-02   0.113670062E-02
   0.117939973E-02   0.122166556E-02   0.126323873E-02   0.130393665E-02
   0.134357240E-02   0.138195475E-02   0.141888817E-02
  -0.000000000E+00  -0.364318754E-05  -0.728226371E-05  -0.109129112E-04
  -0.145311657E-04  -0.181334161E-04  -0.217164042E-04  -0.252789377E-04
  -0.288289854E-04  -0.323819649E-04  -0.359524471E-04  -0.395272837E-04
  -0.430769217E-04  -0.465720036E-04  -0.500229309E-04  -0.534588190E-04
  -0.569084647E-04  -0.603661367E-04  -0.638123455E-04  -0.672267091E-04
  -0.706027101E-04  -0.739379334E-04  -0.772316536E-04  -0.804897029E-04
  -0.837210504E-04  -0.869318778E-04  -0.901102777E-04  -0.932374995E-04
  -0.962979981E-04  -0.992985199E-04  -0.102253581E-03  -0.105174536E-03
  -0.108051544E-03  -0.110867674E-03  -0.113606705E-03  -0.116261613E-03
  -0.118827779E-03  -0.121301403E-03  -0.123682315E-03  -0.125971683E-03
  -0.128170202E-03  -0.130274957E-03  -0.132282018E-03  -0.134186410E-03
  -0.135979025E-03  -0.137649211E-03  -0.139185954E-03  -0.140578696E-03
  -0.141816640E-03  -0.142889493E-03  -0.143790598E-03  -0.144514247E-03
  -0.145053188E-03  -0.145393740E-03  -0.145520022E-03  -0.145417026E-03
  -0.145075610E-03  -0.144488135E-03  -0.143646123E-03  -0.142537662E-03
  -0.141149686E-03  -0.139468628E-03  -0.137479984E-03  -0.135168701E-03
  -0.132519575E-03  -0.129518082E-03  -0.126149640E-03  -0.122398945E-03
  -0.118248707E-03  -0.113680784E-03  -0.108676799E-03  -0.103218850E-03
  -0.972888747E-04  -0.908679930E-04  -0.839351533E-04  -0.764683551E-04
  -0.684450453E-04  -0.598420391E-04  -0.506355915E-04  -0.408012927E-04
  -0.303136650E-04  -0.191465295E-04  -0.727298058E-05   0.533508552E-05
   0.187065400E-04   0.328712227E-04   0.478610234E-04   0.637088907E-04
   0.804485596E-04   0.981147619E-04   0.116743032E-03   0.136370188E-03
   0.157036015E-03   0.178781712E-03   0.201649569E-03   0.225683619E-03
   0.250929034E-03   0.277432641E-03   0.305245145E-03   0.334419065E-03
   0.365008259E-03   0.397068599E-03   0.430657341E-03   0.465833670E-03
   0.502661049E-03   0.541205034E-03   0.581533336E-03   0.623718336E-03
   0.667834738E-03   0.713959638E-03   0.762175153E-03   0.812565966E-03
   0.865218513E-03   0.920221110E-03   0.977663837E-03   0.103763998E-02
   0.110025057E-02   0.116560013E-02   0.123380124E-02   0.130499308E-02
   0.137932402E-02   0.145694662E-02   0.153802039E-02   0.162270922E-02
   0.171117613E-02   0.180357020E-02   0.190003889E-02   0.200074329E-02
   0.210589185E-02   0.221570856E-02   0.233040480E-02   0.245012646E-02
   0.257500391E-02   0.270516010E-02   0.284068319E-02   0.298165246E-02
   0.312814014E-02   0.328019031E-02   0.343783889E-02   0.360113188E-02
   0.377016014E-02   0.394502641E-02   0.412591372E-02   0.431332893E-02
   0.450787155E-02   0.471024819E-02   0.492155685E-02   0.514301677E-02
   0.537587669E-02   0.562141484E-02   0.588093897E-02
   0.000000000E+00   0.108415403E-05   0.216838292E-05   0.325317579E-05
   0.433831157E-05   0.542285895E-05   0.650517640E-05   0.758296017E-05
   0.865344316E-05   0.971334692E-05   0.107596683E-04   0.117927990E-04
   0.128152119E-04   0.138298534E-04   0.148367039E-04   0.158346070E-04
   0.168218594E-04   0.177954560E-04   0.187515480E-04   0.196866068E-04
   0.206007586E-04   0.214955787E-04   0.223722522E-04   0.232283223E-04
   0.240599757E-04   0.248639239E-04   0.256407340E-04   0.263923809E-04
   0.271204538E-04   0.278232956E-04   0.284981794E-04   0.291423113E-04
   0.297534643E-04   0.303294820E-04   0.308675560E-04   0.313624734E-04
   0.318080185E-04   0.322005154E-04   0.325485819E-04   0.328651788E-04
   0.331623793E-04   0.334438110E-04   0.337109149E-04   0.339628520E-04
   0.341890578E-04   0.343754923E-04   0.345096013E-04   0.345889910E-04
   0.346140607E-04   0.345853533E-04   0.345034445E-04   0.343690380E-04
   0.341830244E-04   0.339465608E-04   0.336610020E-04   0.333276089E-04
   0.329467095E-04   0.325184311E-04   0.320427626E-04   0.315189410E-04
   0.309459905E-04   0.303231288E-04   0.296504473E-04   0.289283094E-04
   0.281569212E-04   0.273356479E-04   0.264636225E-04   0.255403058E-04
   0.245665732E-04   0.235437425E-04   0.224730090E-04   0.213547392E-04
   0.201891060E-04   0.189764435E-04   0.177176659E-04   0.164138889E-04
   0.150662639E-04   0.136758674E-04   0.122438010E-04   0.107711889E-04
   0.925906297E-05   0.770846708E-05   0.612066213E-05   0.449764783E-05
   0.284168597E-05   0.115512221E-05  -0.559656497E-06  -0.230018291E-05
  -0.406391445E-05  -0.584829013E-05  -0.765067827E-05  -0.946819794E-05
  -0.112972235E-04  -0.131338414E-04  -0.149741342E-04  -0.168145741E-04
  -0.186516594E-04  -0.204814399E-04  -0.222984396E-04  -0.240966546E-04
  -0.258700595E-04  -0.276131106E-04  -0.293202783E-04  -0.309856047E-04
  -0.326018332E-04  -0.341612181E-04  -0.356557243E-04  -0.370767878E-04
  -0.384155386E-04  -0.396626695E-04  -0.408077973E-04  -0.418400596E-04
  -0.427484785E-04  -0.435224524E-04  -0.441512958E-04  -0.446230710E-04
  -0.449214831E-04  -0.450287917E-04  -0.449260582E-04  -0.445908579E-04
  -0.439994291E-04  -0.431296674E-04  -0.419680583E-04  -0.405031557E-04
  -0.387208630E-04  -0.365967851E-04  -0.341034338E-04  -0.312108207E-04
  -0.278807556E-04  -0.240722257E-04  -0.197378209E-04  -0.148071790E-04
  -0.920262546E-05  -0.285309703E-05   0.427954099E-05   0.122253893E-04
   0.210201469E-04   0.307209010E-04   0.413911719E-04   0.530733609E-04
   0.657200575E-04   0.792591759E-04   0.936597448E-04   0.109065304E-03
   0.125667269E-03   0.143685910E-03   0.163443704E-03   0.185295623E-03
   0.209605460E-03   0.236745826E-03   0.267098151E-03
  -0.000000000E+00  -0.122322694E-05  -0.244573062E-05  -0.366708760E-05
  -0.488636047E-05  -0.610209779E-05  -0.731233412E-05  -0.851470262E-05
  -0.970690159E-05  -0.108865818E-04  -0.120518625E-04  -0.132035974E-04
  -0.143444206E-04  -0.154766540E-04  -0.165964665E-04  -0.176969811E-04
  -0.187714730E-04  -0.198197805E-04  -0.208444125E-04  -0.218476851E-04
  -0.228274068E-04  -0.237797328E-04  -0.247009786E-04  -0.255899245E-04
  -0.264461964E-04  -0.272690192E-04  -0.280551479E-04  -0.288003881E-04
  -0.295005747E-04  -0.301529035E-04  -0.307549181E-04  -0.313049496E-04
  -0.318047773E-04  -0.322575475E-04  -0.326664837E-04  -0.330331840E-04
  -0.333589830E-04  -0.336441119E-04  -0.338834033E-04  -0.340697924E-04
  -0.341951263E-04  -0.342487125E-04  -0.342185210E-04  -0.340936363E-04
  -0.338706979E-04  -0.335484938E-04  -0.331269306E-04  -0.326098795E-04
  -0.320027588E-04  -0.313111634E-04  -0.305392412E-04  -0.296910862E-04
  -0.287688857E-04  -0.277655265E-04  -0.266709973E-04  -0.254755849E-04
  -0.241728396E-04  -0.227569871E-04  -0.212230933E-04  -0.195704307E-04
  -0.177995192E-04  -0.159100763E-04  -0.138978438E-04  -0.117573960E-04
  -0.948378116E-05  -0.707458968E-05  -0.452811344E-05  -0.184214308E-05
   0.987784829E-06   0.396681953E-05   0.710004621E-05   0.103918488E-04
   0.138464828E-04   0.174682528E-04   0.212614450E-04   0.252303880E-04
   0.293797600E-04   0.337154770E-04   0.382438874E-04   0.429710094E-04
   0.479010304E-04   0.530376732E-04   0.583854398E-04   0.639520050E-04
   0.697460306E-04   0.757759192E-04   0.820482924E-04   0.885693856E-04
   0.953459039E-04   0.102386182E-03   0.109699120E-03   0.117293863E-03
   0.125179959E-03   0.133367217E-03   0.141865706E-03   0.150685912E-03
   0.159838595E-03   0.169335146E-03   0.179188857E-03   0.189413748E-03
   0.200024182E-03   0.211034927E-03   0.222461104E-03   0.234318438E-03
   0.246624120E-03   0.259396009E-03   0.272652745E-03   0.286414940E-03
   0.300704070E-03   0.315542738E-03   0.330956663E-03   0.346972820E-03
   0.363618489E-03   0.380920260E-03   0.398904963E-03   0.417600983E-03
   0.437041326E-03   0.457260745E-03   0.478297034E-03   0.500198009E-03
   0.523014951E-03   0.546801862E-03   0.571620037E-03   0.597533761E-03
   0.624608580E-03   0.652910500E-03   0.682506740E-03   0.713461970E-03
   0.745825984E-03   0.779645326E-03   0.814979495E-03   0.851938417E-03
   0.890647046E-03   0.931224124E-03   0.973754103E-03   0.101831371E-02
   0.106497325E-02   0.111377307E-02   0.116474580E-02   0.121793301E-02
   0.127341245E-02   0.133127217E-02   0.139154891E-02   0.145406668E-02
   0.151859002E-02   0.158516723E-02   0.165502002E-02   0.172969808E-02
   0.181079185E-02   0.189993253E-02   0.199879211E-02
  -0.000000000E+00  -0.301070952E-07  -0.120928768E-06  -0.273215599E-06
  -0.487718169E-06  -0.765187059E-06  -0.110637285E-05  -0.151202612E-05
  -0.198289745E-05  -0.251973743E-05  -0.312329663E-05  -0.379432564E-05
  -0.453357503E-05  -0.534179538E-05  -0.621973728E-05  -0.716815131E-05
  -0.818778805E-05  -0.927939808E-05  -0.104437320E-04  -0.116815403E-04
  -0.129935737E-04  -0.143805827E-04  -0.158433179E-04  -0.173863431E-04
  -0.190137219E-04  -0.207329994E-04  -0.225422360E-04  -0.244361279E-04
  -0.264104613E-04  -0.284691617E-04  -0.306189299E-04  -0.328665282E-04
  -0.352164275E-04  -0.376726475E-04  -0.402410384E-04  -0.429344765E-04
  -0.457687076E-04  -0.487518137E-04  -0.518551958E-04  -0.550372266E-04
  -0.582630302E-04  -0.615404683E-04  -0.648903389E-04  -0.683386331E-04
  -0.719259013E-04  -0.756993909E-04  -0.796951895E-04  -0.838904464E-04
  -0.882439513E-04  -0.927213089E-04  -0.973290219E-04  -0.102085246E-03
  -0.107007619E-03  -0.112107483E-03  -0.117394886E-03  -0.122878507E-03
  -0.128559864E-03  -0.134438369E-03  -0.140513618E-03  -0.146787018E-03
  -0.153260357E-03  -0.159936253E-03  -0.166821107E-03  -0.173922489E-03
  -0.181247709E-03  -0.188802194E-03  -0.196590933E-03  -0.204619305E-03
  -0.212894109E-03  -0.221422645E-03  -0.230212211E-03  -0.239269552E-03
  -0.248601356E-03  -0.258214470E-03  -0.268116032E-03  -0.278313350E-03
  -0.288814151E-03  -0.299627467E-03  -0.310762833E-03  -0.322229683E-03
  -0.334036370E-03  -0.346191058E-03  -0.358702509E-03  -0.371581547E-03
  -0.384839716E-03  -0.398488625E-03  -0.412539326E-03  -0.427002881E-03
  -0.441890920E-03  -0.457216756E-03  -0.472994360E-03  -0.489238007E-03
  -0.505962284E-03  -0.523182081E-03  -0.540913018E-03  -0.559172732E-03
  -0.577979686E-03  -0.597352798E-03  -0.617311580E-03  -0.637876010E-03
  -0.659066891E-03  -0.680907078E-03  -0.703420342E-03  -0.726631335E-03
  -0.750566719E-03  -0.775254118E-03  -0.800722062E-03  -0.827000928E-03
  -0.854122062E-03  -0.882118043E-03  -0.911024411E-03  -0.940878051E-03
  -0.971717405E-03  -0.100358480E-02  -0.103652427E-02  -0.107058161E-02
  -0.110580691E-02  -0.114225217E-02  -0.117997174E-02  -0.121902606E-02
  -0.125947814E-02  -0.130139513E-02  -0.134485681E-02  -0.138994763E-02
  -0.143675864E-02  -0.148540198E-02  -0.153599725E-02  -0.158866278E-02
  -0.164350306E-02  -0.170062059E-02  -0.176011686E-02  -0.182208287E-02
  -0.188660807E-02  -0.195377797E-02  -0.202365752E-02  -0.209630683E-02
  -0.217176517E-02  -0.224998577E-02  -0.233089759E-02  -0.241447639E-02
  -0.250089784E-02  -0.259039231E-02  -0.268315992E-02  -0.277926147E-02
  -0.287872195E-02  -0.298173963E-02  -0.308921740E-02  -0.320225784E-02
  -0.332199167E-02  -0.344957774E-02  -0.358620307E-02
  -0.000000000E+00  -0.339478599E-07  -0.136401639E-06  -0.308276639E-06
  -0.550488158E-06  -0.863951496E-06  -0.124958195E-05  -0.170829483E-05
  -0.224100543E-05  -0.284862905E-05  -0.353208099E-05  -0.429227654E-05
  -0.513013102E-05  -0.604655971E-05  -0.704247793E-05  -0.811880097E-05
  -0.927644412E-05  -0.105163227E-04  -0.118393520E-04  -0.132464473E-04
  -0.147385239E-04  -0.163164972E-04  -0.179812824E-04  -0.197363523E-04
  -0.215845696E-04  -0.235301682E-04  -0.255735693E-04  -0.277138785E-04
  -0.299512489E-04  -0.322915494E-04  -0.347428124E-04  -0.373124992E-04
  -0.400028885E-04  -0.428146832E-04  -0.457483741E-04  -0.488043659E-04
  -0.519828765E-04  -0.552850039E-04  -0.587162769E-04  -0.622837610E-04
  -0.659918135E-04  -0.698318429E-04  -0.737907895E-04  -0.778597007E-04
  -0.820513663E-04  -0.863855147E-04  -0.908819357E-04  -0.955554000E-04
  -0.100419974E-03  -0.105487065E-03  -0.110754399E-03  -0.116215475E-03
  -0.121864644E-03  -0.127702560E-03  -0.133731454E-03  -0.139954170E-03
  -0.146376331E-03  -0.153004445E-03  -0.159844296E-03  -0.166897987E-03
  -0.174166538E-03  -0.181651289E-03  -0.189355442E-03  -0.197282693E-03
  -0.205437210E-03  -0.213825019E-03  -0.222452768E-03  -0.231326918E-03
  -0.240452559E-03  -0.249834468E-03  -0.259477398E-03  -0.269385842E-03
  -0.279564242E-03  -0.290017183E-03  -0.300749745E-03  -0.311767182E-03
  -0.323074686E-03  -0.334676982E-03  -0.346578693E-03  -0.358784619E-03
  -0.371300204E-03  -0.384131114E-03  -0.397283056E-03  -0.410761719E-03
  -0.424572828E-03  -0.438722203E-03  -0.453215853E-03  -0.468059887E-03
  -0.483260509E-03  -0.498824083E-03  -0.514757072E-03  -0.531066103E-03
  -0.547758231E-03  -0.564840693E-03  -0.582320904E-03  -0.600206695E-03
  -0.618506093E-03  -0.637227222E-03  -0.656378233E-03  -0.675967368E-03
  -0.696003216E-03  -0.716495428E-03  -0.737454053E-03  -0.758889251E-03
  -0.780811127E-03  -0.803229883E-03  -0.826155929E-03  -0.849600016E-03
  -0.873573111E-03  -0.898086006E-03  -0.923148267E-03  -0.948769217E-03
  -0.974958862E-03  -0.100172969E-02  -0.102909499E-02  -0.105706971E-02
  -0.108567496E-02  -0.111493377E-02  -0.114486996E-02  -0.117550886E-02
  -0.120687663E-02  -0.123899609E-02  -0.127187474E-02  -0.130551602E-02
  -0.133992279E-02  -0.137509596E-02  -0.141103579E-02  -0.144776183E-02
  -0.148537293E-02  -0.152399067E-02  -0.156374310E-02  -0.160477411E-02
  -0.164723458E-02  -0.169123069E-02  -0.173667491E-02  -0.178342695E-02
  -0.183133795E-02  -0.188023905E-02  -0.192995221E-02  -0.198031465E-02
  -0.203124213E-02  -0.208266894E-02  -0.213454286E-02  -0.218687222E-02
  -0.223968123E-02  -0.229309759E-02  -0.234766663E-02  -0.240405277E-02
  -0.246293817E-02  -0.252502270E-02  -0.259102398E-02
   0.000000000E+00   0.125454390E-07   0.501980598E-07   0.112982318E-06
   0.200922671E-06   0.314043573E-06   0.452369480E-06   0.615924849E-06
   0.804734135E-06   0.101882179E-05   0.125821228E-05   0.152293006E-05
   0.181299957E-05   0.212844528E-05   0.246929165E-05   0.283556312E-05
   0.322728416E-05   0.364447922E-05   0.408717275E-05   0.455538922E-05
   0.504915307E-05   0.556848877E-05   0.611342077E-05   0.669056456E-05
   0.730651934E-05   0.796861919E-05   0.867138319E-05   0.940457015E-05
   0.101596951E-04   0.109414614E-04   0.117590626E-04   0.126204402E-04
   0.135241019E-04   0.144655216E-04   0.154403165E-04   0.164469270E-04
   0.174844731E-04   0.185530155E-04   0.196569051E-04   0.208020526E-04
   0.219942938E-04   0.232373079E-04   0.245343416E-04   0.258874301E-04
   0.272929481E-04   0.287453448E-04   0.302395504E-04   0.317743901E-04
   0.333496849E-04   0.349661163E-04   0.366280548E-04   0.383411328E-04
   0.401102203E-04   0.419357433E-04   0.438168717E-04   0.457530240E-04
   0.477450730E-04   0.497942934E-04   0.519022370E-04   0.540714973E-04
   0.563050369E-04   0.586051773E-04   0.609711700E-04   0.634013454E-04
   0.658946948E-04   0.684534709E-04   0.710808735E-04   0.737798147E-04
   0.765515837E-04   0.793970415E-04   0.823171447E-04   0.853132824E-04
   0.883869733E-04   0.915398777E-04   0.947741616E-04   0.980921680E-04
   0.101496141E-03   0.104987725E-03   0.108568417E-03   0.112239923E-03
   0.116004758E-03   0.119865699E-03   0.123825356E-03   0.127885437E-03
   0.132047418E-03   0.136313232E-03   0.140686675E-03   0.145172117E-03
   0.149773558E-03   0.154493103E-03   0.159332362E-03   0.164293524E-03
   0.169381160E-03   0.174600559E-03   0.179956759E-03   0.185453316E-03
   0.191093444E-03   0.196880718E-03   0.202820067E-03   0.208916858E-03
   0.215176728E-03   0.221606035E-03   0.228211441E-03   0.234999623E-03
   0.241976832E-03   0.249149301E-03   0.256523800E-03   0.264108888E-03
   0.271913743E-03   0.279947727E-03   0.288220278E-03   0.296741012E-03
   0.305519941E-03   0.314568026E-03   0.323896662E-03   0.333518282E-03
   0.343448788E-03   0.353705272E-03   0.364305138E-03   0.375265777E-03
   0.386604870E-03   0.398341941E-03   0.410502784E-03   0.423115295E-03
   0.436206149E-03   0.449794956E-03   0.463899767E-03   0.478545661E-03
   0.493785329E-03   0.509679655E-03   0.526295327E-03   0.543717765E-03
   0.562038905E-03   0.581325053E-03   0.601531216E-03   0.622582139E-03
   0.644402526E-03   0.666925149E-03   0.690083165E-03   0.713821170E-03
   0.738136947E-03   0.763041875E-03   0.788594134E-03   0.815041327E-03
   0.842685088E-03   0.871815326E-03   0.902649906E-03   0.935391972E-03
   0.970249426E-03   0.100743492E-02   0.104716586E-02
  -0.000000000E+00  -0.117463833E-07  -0.475726370E-07  -0.108359417E-06
  -0.194987378E-06  -0.308337176E-06  -0.449289467E-06  -0.618724906E-06
  -0.817524149E-06  -0.104656785E-05  -0.130673667E-05  -0.159891126E-05
  -0.192397227E-05  -0.228280037E-05  -0.267627620E-05  -0.310528043E-05
  -0.357069370E-05  -0.407339668E-05  -0.461427002E-05  -0.519419437E-05
  -0.581405040E-05  -0.647471875E-05  -0.717708008E-05  -0.791905181E-05
  -0.869796423E-05  -0.948727672E-05  -0.102923278E-04  -0.111291368E-04
  -0.120129572E-04  -0.129469281E-04  -0.139307087E-04  -0.149616643E-04
  -0.160282787E-04  -0.171153068E-04  -0.182128057E-04  -0.193392345E-04
  -0.205229743E-04  -0.217873475E-04  -0.231240480E-04  -0.245147988E-04
  -0.259453976E-04  -0.274256569E-04  -0.289728909E-04  -0.305994358E-04
  -0.322917463E-04  -0.340279424E-04  -0.357882160E-04  -0.375680083E-04
  -0.393668179E-04  -0.411875628E-04  -0.430471211E-04  -0.449672862E-04
  -0.469664685E-04  -0.490436049E-04  -0.511920905E-04  -0.534062084E-04
  -0.556859209E-04  -0.580326877E-04  -0.604466906E-04  -0.629227346E-04
  -0.654538516E-04  -0.680352294E-04  -0.706725643E-04  -0.733746705E-04
  -0.761487840E-04  -0.789939503E-04  -0.819069093E-04  -0.848848683E-04
  -0.879277572E-04  -0.910362106E-04  -0.942112340E-04  -0.974553483E-04
  -0.100771561E-03  -0.104162239E-03  -0.107626718E-03  -0.111163460E-03
  -0.114771600E-03  -0.118453410E-03  -0.122212063E-03  -0.126049761E-03
  -0.129964331E-03  -0.133952324E-03  -0.138011522E-03  -0.142145388E-03
  -0.146359003E-03  -0.150656370E-03  -0.155036431E-03  -0.159496719E-03
  -0.164035427E-03  -0.168653912E-03  -0.173354394E-03  -0.178138756E-03
  -0.183007277E-03  -0.187959799E-03  -0.192996162E-03  -0.198116322E-03
  -0.203320242E-03  -0.208608239E-03  -0.213982166E-03  -0.219444319E-03
  -0.224996355E-03  -0.230637134E-03  -0.236364723E-03  -0.242177700E-03
  -0.248077040E-03  -0.254064358E-03  -0.260140927E-03  -0.266306499E-03
  -0.272560401E-03  -0.278901889E-03  -0.285330058E-03  -0.291843929E-03
  -0.298442042E-03  -0.305121166E-03  -0.311877510E-03  -0.318707770E-03
  -0.325611068E-03  -0.332587134E-03  -0.339636350E-03  -0.346761790E-03
  -0.353967305E-03  -0.361253740E-03  -0.368609348E-03  -0.376018808E-03
  -0.383469464E-03  -0.390960995E-03  -0.398496305E-03  -0.406076008E-03
  -0.413691066E-03  -0.421329738E-03  -0.428974887E-03  -0.436588514E-03
  -0.444126371E-03  -0.451550751E-03  -0.458854387E-03  -0.466037846E-03
  -0.473099128E-03  -0.480025410E-03  -0.486800865E-03  -0.493391049E-03
  -0.499686995E-03  -0.505558226E-03  -0.510847818E-03  -0.515302260E-03
  -0.518638039E-03  -0.520664983E-03  -0.521593954E-03  -0.521744434E-03
  -0.521445200E-03  -0.521034325E-03  -0.520859174E-03
   0.000000000E+00   0.502238472E-06   0.100377802E-05   0.150404711E-05
   0.200225584E-05   0.249739589E-05   0.298824057E-05   0.347421965E-05
   0.395904351E-05   0.444982839E-05   0.495251022E-05   0.545679153E-05
   0.594247965E-05   0.639003492E-05   0.680724927E-05   0.721505552E-05
   0.763484680E-05   0.806594842E-05   0.849929565E-05   0.892509856E-05
   0.933979630E-05   0.974145655E-05   0.101279654E-04   0.104970561E-04
   0.108462891E-04   0.111742446E-04   0.114845090E-04   0.117827451E-04
   0.120731588E-04   0.123505189E-04   0.126062292E-04   0.128327216E-04
   0.130304229E-04   0.132023057E-04   0.133501985E-04   0.134693185E-04
   0.135526456E-04   0.135946816E-04   0.135984266E-04   0.135696924E-04
   0.135153389E-04   0.134441963E-04   0.133663013E-04   0.132850623E-04
   0.131731695E-04   0.129928160E-04   0.127119777E-04   0.123332008E-04
   0.118691518E-04   0.113332168E-04   0.107372057E-04   0.100933222E-04
   0.940930606E-05   0.867091907E-05   0.785710978E-05   0.694927548E-05
   0.594359980E-05   0.484028407E-05   0.363910220E-05   0.233731273E-05
   0.931494415E-06  -0.582181210E-06  -0.220910775E-05  -0.395521939E-05
  -0.582649852E-05  -0.782855485E-05  -0.996700002E-05  -0.122476749E-04
  -0.146769522E-04  -0.172614655E-04  -0.200079483E-04  -0.229230250E-04
  -0.260133985E-04  -0.292861021E-04  -0.327490777E-04  -0.364106536E-04
  -0.402794451E-04  -0.443646082E-04  -0.486756101E-04  -0.532219711E-04
  -0.580127148E-04  -0.630568688E-04  -0.683640180E-04  -0.739454808E-04
  -0.798132345E-04  -0.859794303E-04  -0.924560382E-04  -0.992551726E-04
  -0.106389412E-03  -0.113872446E-03  -0.121718481E-03  -0.129942046E-03
  -0.138558023E-03  -0.147581622E-03  -0.157028902E-03  -0.166918422E-03
  -0.177269716E-03  -0.188102411E-03  -0.199435113E-03  -0.211286435E-03
  -0.223675976E-03  -0.236626228E-03  -0.250160800E-03  -0.264303837E-03
  -0.279080092E-03  -0.294514853E-03  -0.310634317E-03  -0.327466785E-03
  -0.345041544E-03  -0.363388892E-03  -0.382541391E-03  -0.402532697E-03
  -0.423397123E-03  -0.445169519E-03  -0.467885389E-03  -0.491580986E-03
  -0.516293532E-03  -0.542061014E-03  -0.568924577E-03  -0.596936060E-03
  -0.626150918E-03  -0.656626371E-03  -0.688423135E-03  -0.721603795E-03
  -0.756228308E-03  -0.792341919E-03  -0.829986548E-03  -0.869213380E-03
  -0.910109573E-03  -0.952773062E-03  -0.997284309E-03  -0.104364608E-02
  -0.109184032E-02  -0.114186024E-02  -0.119374904E-02  -0.124756328E-02
  -0.130335934E-02  -0.136119045E-02  -0.142110948E-02  -0.148314433E-02
  -0.154721927E-02  -0.161322950E-02  -0.168111425E-02  -0.175100281E-02
  -0.182307592E-02  -0.189750377E-02  -0.197440067E-02  -0.205386811E-02
  -0.213600946E-02  -0.222092995E-02  -0.230873667E-02
   0.000000000E+00   0.540453865E-06   0.108029642E-05   0.161899229E-05
   0.215587593E-05   0.269015166E-05   0.322089363E-05   0.374702182E-05
   0.426720238E-05   0.477987172E-05   0.528341241E-05   0.577675656E-05
   0.625913176E-05   0.673094501E-05   0.719743762E-05   0.766674113E-05
   0.814529541E-05   0.862480590E-05   0.909016244E-05   0.952692269E-05
   0.993575835E-05   0.103228984E-04   0.106952083E-04   0.110563460E-04
   0.114094630E-04   0.117556868E-04   0.120856320E-04   0.123856390E-04
   0.126449569E-04   0.128716167E-04   0.130803536E-04   0.132826307E-04
   0.134687488E-04   0.136218396E-04   0.137266638E-04   0.137814577E-04
   0.137884558E-04   0.137494565E-04   0.136626419E-04   0.135251702E-04
   0.133344797E-04   0.130894716E-04   0.127895304E-04   0.124354841E-04
   0.120337799E-04   0.115929785E-04   0.111170076E-04   0.105877120E-04
   0.997967374E-05   0.927041630E-05   0.845604826E-05   0.753783995E-05
   0.651643847E-05   0.538858334E-05   0.414995027E-05   0.279623131E-05
   0.132338298E-05  -0.272590296E-06  -0.199614021E-05  -0.385351769E-05
  -0.585159214E-05  -0.799742303E-05  -0.102982126E-04  -0.127613476E-04
  -0.153943992E-04  -0.182050755E-04  -0.212012636E-04  -0.243912011E-04
  -0.277839654E-04  -0.313890359E-04  -0.352159895E-04  -0.392740274E-04
  -0.435724006E-04  -0.481208623E-04  -0.529306147E-04  -0.580134539E-04
  -0.633813862E-04  -0.690463559E-04  -0.750204922E-04  -0.813164295E-04
  -0.879480365E-04  -0.949297523E-04  -0.102276333E-03  -0.110002773E-03
  -0.118124379E-03  -0.126657079E-03  -0.135618333E-03  -0.145026299E-03
  -0.154899574E-03  -0.165257257E-03  -0.176118888E-03  -0.187504826E-03
  -0.199437451E-03  -0.211940056E-03  -0.225036504E-03  -0.238751366E-03
  -0.253109793E-03  -0.268138137E-03  -0.283865985E-03  -0.300324270E-03
  -0.317544648E-03  -0.335559548E-03  -0.354402122E-03  -0.374106864E-03
  -0.394711554E-03  -0.416255451E-03  -0.438779234E-03  -0.462326769E-03
  -0.486943463E-03  -0.512676015E-03  -0.539573361E-03  -0.567685792E-03
  -0.597064818E-03  -0.627763679E-03  -0.659836866E-03  -0.693342435E-03
  -0.728349604E-03  -0.764931628E-03  -0.803166416E-03  -0.843145891E-03
  -0.884967198E-03  -0.928727593E-03  -0.974517961E-03  -0.102242892E-02
  -0.107255615E-02  -0.112501045E-02  -0.117990830E-02  -0.123737634E-02
  -0.129757511E-02  -0.136067671E-02  -0.142684825E-02  -0.149622476E-02
  -0.156893483E-02  -0.164508898E-02  -0.172471748E-02  -0.180782920E-02
  -0.189441273E-02  -0.198437874E-02  -0.207761458E-02  -0.217403413E-02
  -0.227367332E-02  -0.237659959E-02  -0.248293782E-02  -0.259304406E-02
  -0.270734067E-02  -0.282635775E-02  -0.295103107E-02  -0.308241899E-02
  -0.322160624E-02  -0.336970400E-02  -0.352784984E-02
   0.000000000E+00   0.000000000E+00   0.000000000E+00   0.000000000E+00
  -0.497220691E-09  -0.123128587E-07  -0.521911197E-07  -0.130879646E-06
  -0.253715309E-06  -0.421631534E-06  -0.632055916E-06  -0.879708133E-06
  -0.115730817E-05  -0.145620486E-05  -0.176693471E-05  -0.207972111E-05
  -0.238492377E-05  -0.267344866E-05  -0.293712806E-05  -0.316908118E-05
  -0.336406498E-05  -0.351882543E-05  -0.363245907E-05  -0.370679499E-05
  -0.374680719E-05  -0.376106725E-05  -0.472817935E-05  -0.481403996E-05
  -0.488475785E-05  -0.493952226E-05  -0.497827452E-05  -0.500102107E-05
  -0.500769955E-05  -0.499828356E-05  -0.497269448E-05  -0.493039183E-05
  -0.487070097E-05  -0.479215352E-05  -0.468998257E-05  -0.455816437E-05
  -0.439203349E-05  -0.419429379E-05  -0.397004056E-05  -0.372457439E-05
  -0.346212140E-05  -0.318690753E-05  -0.290096156E-05  -0.259592699E-05
  -0.226001635E-05  -0.188225580E-05  -0.145810592E-05  -0.984638689E-06
  -0.460304923E-06   0.110424018E-06   0.721075280E-06   0.136650551E-05
   0.204892702E-05   0.277264795E-05   0.354192190E-05   0.435999335E-05
   0.522993684E-05   0.615463772E-05   0.713581219E-05   0.817487438E-05
   0.927341086E-05   0.104337174E-04   0.116583214E-04   0.129497486E-04
   0.143103163E-04   0.157423185E-04   0.172482842E-04   0.188315805E-04
   0.204958707E-04   0.222446895E-04   0.240807100E-04   0.260064060E-04
   0.280245258E-04   0.301388518E-04   0.323535116E-04   0.346727701E-04
   0.371011219E-04   0.396432071E-04   0.423035945E-04   0.450862001E-04
   0.479948181E-04   0.510337184E-04   0.542089278E-04   0.575270560E-04
   0.609945882E-04   0.646169504E-04   0.683993684E-04   0.723475670E-04
   0.764690144E-04   0.807717749E-04   0.852639437E-04   0.899531185E-04
   0.948468879E-04   0.999532447E-04   0.105281345E-03   0.110840803E-03
   0.116641661E-03   0.122695015E-03   0.129012433E-03   0.135605717E-03
   0.142486798E-03   0.149667834E-03   0.157161644E-03   0.164982940E-03
   0.173147182E-03   0.181670227E-03   0.190568499E-03   0.199858834E-03
   0.209559002E-03   0.219689464E-03   0.230271727E-03   0.241328218E-03
   0.252883616E-03   0.264963602E-03   0.277594358E-03   0.290802334E-03
   0.304614466E-03   0.319059595E-03   0.334172587E-03   0.349990455E-03
   0.366552724E-03   0.383906583E-03   0.402102035E-03   0.421184193E-03
   0.441174795E-03   0.462089645E-03   0.483964966E-03   0.506919861E-03
   0.531097304E-03   0.556629015E-03   0.583589461E-03   0.612039369E-03
   0.642027333E-03   0.673549451E-03   0.706587555E-03   0.741155405E-03
   0.777400188E-03   0.815506272E-03   0.855662001E-03   0.898058184E-03
   0.942889527E-03   0.990346132E-03   0.104058604E-02   0.109376133E-02
   0.115002697E-02   0.120954084E-02   0.127246370E-02
   0.000000000E+00   0.498314593E-09   0.122819539E-07   0.518174349E-07
   0.129343805E-06   0.249600387E-06   0.412947921E-06   0.616350759E-06
   0.854232793E-06   0.111921978E-05   0.140278078E-05   0.169578124E-05
   0.198896064E-05   0.227334712E-05   0.254062193E-05   0.278344625E-05
   0.299576321E-05   0.317308763E-05   0.331279621E-05   0.341443088E-05
   0.348002791E-05   0.351448553E-05   0.352598263E-05   0.474980135E-05
   0.485854268E-05   0.495477519E-05   0.503601330E-05   0.509874395E-05
   0.513972238E-05   0.515819874E-05   0.515422392E-05   0.512833024E-05
   0.508254141E-05   0.501958254E-05   0.494254794E-05   0.485476447E-05
   0.475990086E-05   0.465998965E-05   0.454893749E-05   0.441781509E-05
   0.425626949E-05   0.405093551E-05   0.378675130E-05   0.345101903E-05
   0.304483992E-05   0.257351552E-05   0.204335338E-05   0.146239035E-05
   0.839778280E-06   0.184150785E-06  -0.500853623E-06  -0.121275009E-05
  -0.195134156E-05  -0.272657694E-05  -0.355174707E-05  -0.443916017E-05
  -0.539407497E-05  -0.641999605E-05  -0.751968529E-05  -0.869250348E-05
  -0.993674736E-05  -0.112517629E-04  -0.126420008E-04  -0.141134284E-04
  -0.156713884E-04  -0.173178248E-04  -0.190537522E-04  -0.208808761E-04
  -0.228039665E-04  -0.248287342E-04  -0.269607000E-04  -0.292039710E-04
  -0.315623408E-04  -0.340398594E-04  -0.366414187E-04  -0.393722235E-04
  -0.422377335E-04  -0.452440506E-04  -0.483975674E-04  -0.517043843E-04
  -0.551688768E-04  -0.587949994E-04  -0.625876857E-04  -0.665557896E-04
  -0.707093989E-04  -0.750581793E-04  -0.796091182E-04  -0.843685920E-04
  -0.893436839E-04  -0.945440552E-04  -0.999802252E-04  -0.105662859E-03
  -0.111602399E-03  -0.117809402E-03  -0.124294802E-03  -0.131070343E-03
  -0.138148176E-03  -0.145541228E-03  -0.153264755E-03  -0.161334902E-03
  -0.169767963E-03  -0.178579620E-03  -0.187785648E-03  -0.197402782E-03
  -0.207450640E-03  -0.217949932E-03  -0.228921964E-03  -0.240388992E-03
  -0.252373892E-03  -0.264900826E-03  -0.277997639E-03  -0.291693615E-03
  -0.306018122E-03  -0.320998772E-03  -0.336663141E-03  -0.353040725E-03
  -0.370167150E-03  -0.388080224E-03  -0.406821014E-03  -0.426441266E-03
  -0.446996433E-03  -0.468543054E-03  -0.491137998E-03  -0.514839172E-03
  -0.539705400E-03  -0.565795309E-03  -0.593168379E-03  -0.621887985E-03
  -0.652029621E-03  -0.683673146E-03  -0.716900739E-03  -0.751798759E-03
  -0.788455992E-03  -0.826959298E-03  -0.867382126E-03  -0.909795378E-03
  -0.954275308E-03  -0.100091636E-02  -0.104981902E-02  -0.110105842E-02
  -0.115460114E-02  -0.121038407E-02  -0.126833749E-02  -0.132837319E-02
  -0.139039573E-02  -0.145454002E-02  -0.152188570E-02  -0.159377828E-02
  -0.167159849E-02  -0.175676230E-02  -0.185072094E-02
   0.000000000E+00   0.000000000E+00   0.000000000E+00   0.000000000E+00
   0.484863687E-09   0.112256562E-07   0.443136204E-07   0.103059751E-06
   0.184460846E-06   0.281685102E-06   0.386060165E-06   0.488609017E-06
   0.581179076E-06   0.657209898E-06   0.712184838E-06   0.743812069E-06
   0.751980328E-06   0.738534766E-06   0.706918291E-06   0.661723762E-06
   0.608202441E-06   0.551774048E-06   0.497583835E-06   0.450152017E-06
   0.413160976E-06   0.389425589E-06   0.476181098E-05   0.515120822E-05
   0.556729768E-05   0.600936226E-05   0.647418677E-05   0.695802432E-05
   0.745670447E-05   0.796554863E-05   0.848024397E-05   0.899977144E-05
   0.952406334E-05   0.100585955E-04   0.106318957E-04   0.112812725E-04
   0.120347760E-04   0.128699551E-04   0.137480116E-04   0.146309416E-04
   0.154971355E-04   0.163282829E-04   0.171149522E-04   0.178891174E-04
   0.186965321E-04   0.195757395E-04   0.205226807E-04   0.215210628E-04
   0.225562856E-04   0.236255183E-04   0.247289749E-04   0.258669262E-04
   0.270399674E-04   0.282487845E-04   0.294938295E-04   0.307745568E-04
   0.320900943E-04   0.334397001E-04   0.348234566E-04   0.362416563E-04
   0.376947549E-04   0.391838937E-04   0.407104347E-04   0.422756733E-04
   0.438804493E-04   0.455254946E-04   0.472113596E-04   0.489378046E-04
   0.507043467E-04   0.525106410E-04   0.543570763E-04   0.562442372E-04
   0.581726314E-04   0.601424198E-04   0.621536614E-04   0.642064035E-04
   0.663007015E-04   0.684366012E-04   0.706141416E-04   0.728333849E-04
   0.750943890E-04   0.773972341E-04   0.797421304E-04   0.821293193E-04
   0.845589687E-04   0.870309564E-04   0.895450690E-04   0.921012386E-04
   0.947000601E-04   0.973423144E-04   0.100028579E-03   0.102758537E-03
   0.105531613E-03   0.108347561E-03   0.111207582E-03   0.114113287E-03
   0.117066060E-03   0.120066193E-03   0.123113692E-03   0.126208745E-03
   0.129352338E-03   0.132545683E-03   0.135790124E-03   0.139087429E-03
   0.142439517E-03   0.145848604E-03   0.149317937E-03   0.152851108E-03
   0.156451520E-03   0.160121467E-03   0.163862996E-03   0.167678662E-03
   0.171572955E-03   0.175550961E-03   0.179619932E-03   0.183795490E-03
   0.188095798E-03   0.192538241E-03   0.197135342E-03   0.201898603E-03
   0.206834675E-03   0.211929602E-03   0.217163665E-03   0.222544592E-03
   0.228193791E-03   0.234264994E-03   0.240876697E-03   0.247990156E-03
   0.255524650E-03   0.263399328E-03   0.271541218E-03   0.279877652E-03
   0.288379676E-03   0.297202695E-03   0.306553266E-03   0.316560463E-03
   0.327021107E-03   0.337641347E-03   0.348278501E-03   0.359429179E-03
   0.371765901E-03   0.385845359E-03   0.401698177E-03   0.419218775E-03
   0.438297799E-03   0.458822120E-03   0.480674831E-03
   0.000000000E+00   0.000000000E+00   0.447408271E-09   0.102631752E-07
   0.400876114E-07   0.921012589E-07   0.162531609E-06   0.244130087E-06
   0.328142283E-06   0.405817643E-06   0.469504844E-06   0.513379068E-06
   0.533847396E-06   0.529678544E-06   0.501903145E-06   0.453530821E-06
   0.389130238E-06   0.314318379E-06   0.235205248E-06   0.157840225E-06
   0.877062921E-07   0.293083420E-07  -0.140981989E-07  -0.405922271E-07
   0.441240269E-05   0.480901085E-05   0.522760353E-05   0.566435640E-05
   0.611639647E-05   0.658706838E-05   0.708192742E-05   0.760631141E-05
   0.816227845E-05   0.875100213E-05   0.937224947E-05   0.100198473E-04
   0.106853093E-04   0.113612305E-04   0.120479646E-04   0.127481811E-04
   0.134650308E-04   0.142025593E-04   0.149653645E-04   0.157580060E-04
   0.165835150E-04   0.174446450E-04   0.183441277E-04   0.192840691E-04
   0.202664622E-04   0.212923491E-04   0.223585940E-04   0.234606517E-04
   0.245938093E-04   0.257540133E-04   0.269371533E-04   0.281402811E-04
   0.293662392E-04   0.306196213E-04   0.319044672E-04   0.332214828E-04
   0.345704839E-04   0.359509369E-04   0.373609692E-04   0.387982443E-04
   0.402608499E-04   0.417491159E-04   0.432639964E-04   0.448060511E-04
   0.463740277E-04   0.479661303E-04   0.495806330E-04   0.512164181E-04
   0.528724921E-04   0.545477393E-04   0.562406770E-04   0.579496765E-04
   0.596728145E-04   0.614071743E-04   0.631494791E-04   0.648965958E-04
   0.666464145E-04   0.683970477E-04   0.701462231E-04   0.718902584E-04
   0.736249978E-04   0.753462505E-04   0.770501508E-04   0.787328284E-04
   0.803901106E-04   0.820169531E-04   0.836079636E-04   0.851575079E-04
   0.866594848E-04   0.881075340E-04   0.894950627E-04   0.908151091E-04
   0.920604689E-04   0.932233810E-04   0.942944247E-04   0.952635416E-04
   0.961205257E-04   0.968554546E-04   0.974582892E-04   0.979182932E-04
   0.982226699E-04   0.983578306E-04   0.983095980E-04   0.980624956E-04
   0.976004099E-04   0.969060197E-04   0.959583423E-04   0.947350258E-04
   0.932133171E-04   0.913706268E-04   0.891840001E-04   0.866305425E-04
   0.836892787E-04   0.803394096E-04   0.765576282E-04   0.723117142E-04
   0.675665504E-04   0.622820234E-04   0.564002930E-04   0.498577683E-04
   0.425908067E-04   0.345406682E-04   0.256488483E-04   0.158552118E-04
   0.509714776E-05  -0.668963350E-05  -0.195397513E-04  -0.333630109E-04
  -0.480342880E-04  -0.634628032E-04  -0.797104725E-04  -0.968799543E-04
  -0.115099796E-03  -0.134595524E-03  -0.155622312E-03  -0.178393923E-03
  -0.202935450E-03  -0.229222947E-03  -0.257294486E-03  -0.287444465E-03
  -0.320039146E-03  -0.355397514E-03  -0.393618791E-03  -0.434746358E-03
  -0.478823429E-03  -0.525893053E-03  -0.575998117E-03
   0.000000000E+00   0.000000000E+00   0.000000000E+00   0.000000000E+00
   0.000000000E+00   0.000000000E+00   0.000000000E+00   0.000000000E+00
   0.000000000E+00   0.000000000E+00   0.000000000E+00   0.000000000E+00
   0.000000000E+00  -0.468599908E-09  -0.110967961E-07  -0.449135540E-07
  -0.107391931E-06  -0.198231652E-06  -0.313284704E-06  -0.446123903E-06
  -0.589287001E-06  -0.735228892E-06  -0.877014481E-06  -0.100878479E-05
  -0.112602881E-05  -0.122569380E-05  -0.130616634E-05  -0.136715707E-05
  -0.140952123E-05  -0.143504801E-05  -0.144625094E-05  -0.144619205E-05
  -0.143837230E-05  -0.142672085E-05  -0.141571581E-05  -0.455416719E-05
  -0.483358926E-05  -0.512431394E-05  -0.542143290E-05  -0.571728217E-05
  -0.600593761E-05  -0.629124409E-05  -0.658016632E-05  -0.688128389E-05
  -0.720759105E-05  -0.757414655E-05  -0.799043228E-05  -0.843875973E-05
  -0.889260974E-05  -0.932976843E-05  -0.975329438E-05  -0.101735274E-04
  -0.106001314E-04  -0.110370496E-04  -0.114868723E-04  -0.119516117E-04
  -0.124302987E-04  -0.129210805E-04  -0.134224027E-04  -0.139344107E-04
  -0.144577183E-04  -0.149926422E-04  -0.155381593E-04  -0.160928293E-04
  -0.166556336E-04  -0.172275871E-04  -0.178103036E-04  -0.184049934E-04
  -0.190108962E-04  -0.196266828E-04  -0.202512934E-04  -0.208850266E-04
  -0.215285598E-04  -0.221824827E-04  -0.228469017E-04  -0.235217969E-04
  -0.242071764E-04  -0.249031712E-04  -0.256099488E-04  -0.263275948E-04
  -0.270558366E-04  -0.277942948E-04  -0.285426656E-04  -0.293010186E-04
  -0.300695246E-04  -0.308484003E-04  -0.316380241E-04  -0.324388296E-04
  -0.332511611E-04  -0.340749388E-04  -0.349099666E-04  -0.357561930E-04
  -0.366141923E-04  -0.374847210E-04  -0.383685081E-04  -0.392660758E-04
  -0.401779054E-04  -0.411044358E-04  -0.420458877E-04  -0.430024264E-04
  -0.439744815E-04  -0.449635545E-04  -0.459714691E-04  -0.469999074E-04
  -0.480497785E-04  -0.491218065E-04  -0.502169931E-04  -0.513374217E-04
  -0.524855073E-04  -0.536637472E-04  -0.548747401E-04  -0.561211681E-04
  -0.574057808E-04  -0.587313660E-04  -0.601007772E-04  -0.615167646E-04
  -0.629814289E-04  -0.644967332E-04  -0.660662579E-04  -0.677000452E-04
  -0.694100488E-04  -0.712067078E-04  -0.730932014E-04  -0.750708536E-04
  -0.771459692E-04  -0.793451367E-04  -0.817008116E-04  -0.842401329E-04
  -0.869657178E-04  -0.898737808E-04  -0.929566102E-04  -0.961912545E-04
  -0.995502104E-04  -0.103021036E-03  -0.106655238E-03  -0.110522025E-03
  -0.114687945E-03  -0.119202719E-03  -0.124112657E-03  -0.129454211E-03
  -0.135220317E-03  -0.141392311E-03  -0.147949118E-03  -0.154862184E-03
  -0.162100288E-03  -0.169694139E-03  -0.177928739E-03  -0.187160569E-03
  -0.197755507E-03  -0.210088820E-03  -0.224545168E-03
   0.000000000E+00   0.000000000E+00   0.000000000E+00   0.000000000E+00
   0.000000000E+00   0.000000000E+00   0.000000000E+00   0.000000000E+00
   0.000000000E+00   0.000000000E+00   0.000000000E+00   0.000000000E+00
   0.489911875E-09   0.116970486E-07   0.477612522E-07   0.115281590E-06
   0.214948197E-06   0.343371540E-06   0.494586191E-06   0.661258811E-06
   0.835630023E-06   0.101021985E-05   0.117832645E-05   0.133434771E-05
   0.147395561E-05   0.159415277E-05   0.169324105E-05   0.177073191E-05
   0.182722801E-05   0.186430598E-05   0.188442986E-05   0.189092505E-05
   0.188804233E-05   0.188114165E-05   0.474280160E-05   0.499753726E-05
   0.527853179E-05   0.560187109E-05   0.596058287E-05   0.634034801E-05
   0.672913221E-05   0.712986580E-05   0.754994325E-05   0.799269072E-05
   0.844217465E-05   0.887595366E-05   0.927625297E-05   0.965100124E-05
   0.100159637E-04   0.103864830E-04   0.107714089E-04   0.111783071E-04
   0.116127808E-04   0.120705267E-04   0.125442132E-04   0.130275138E-04
   0.135201742E-04   0.140235894E-04   0.145377965E-04   0.150569093E-04
   0.155731319E-04   0.160808600E-04   0.165851247E-04   0.170941215E-04
   0.176141883E-04   0.181422645E-04   0.186726023E-04   0.192001785E-04
   0.197240434E-04   0.202443243E-04   0.207612249E-04   0.212751528E-04
   0.217866046E-04   0.222955065E-04   0.227992845E-04   0.232946071E-04
   0.237786841E-04   0.242514282E-04   0.247134949E-04   0.251647043E-04
   0.256012467E-04   0.260182259E-04   0.264116773E-04   0.267820984E-04
   0.271312242E-04   0.274596839E-04   0.277631921E-04   0.280360394E-04
   0.282731860E-04   0.284730195E-04   0.286348199E-04   0.287571974E-04
   0.288359572E-04   0.288660674E-04   0.288425753E-04   0.287613499E-04
   0.286183956E-04   0.284097258E-04   0.281316980E-04   0.277807033E-04
   0.273523040E-04   0.268389062E-04   0.262319212E-04   0.255231128E-04
   0.247064652E-04   0.237764450E-04   0.227267082E-04   0.215479555E-04
   0.202299319E-04   0.187620306E-04   0.171330418E-04   0.153313868E-04
   0.133448629E-04   0.111596127E-04   0.876108873E-05   0.613448960E-05
   0.326508730E-05   0.137920288E-06  -0.326294353E-05  -0.695634608E-05
  -0.109622177E-04  -0.153032952E-04  -0.200122951E-04  -0.251251659E-04
  -0.306780742E-04  -0.367052211E-04  -0.432408998E-04  -0.503207685E-04
  -0.579836043E-04  -0.662696485E-04  -0.752231105E-04  -0.849015566E-04
  -0.953670402E-04  -0.106675507E-03  -0.118853613E-03  -0.131920655E-03
  -0.145894719E-03  -0.160788668E-03  -0.176613943E-03  -0.193398768E-03
  -0.211239862E-03  -0.230253402E-03  -0.250564146E-03  -0.272323125E-03
  -0.295690848E-03  -0.320872238E-03  -0.348240826E-03  -0.378220723E-03
  -0.411246540E-03  -0.447763381E-03  -0.488226847E-03
   0.000000000E+00   0.000000000E+00   0.000000000E+00   0.000000000E+00
   0.000000000E+00   0.000000000E+00   0.000000000E+00   0.000000000E+00
   0.000000000E+00   0.000000000E+00   0.000000000E+00   0.000000000E+00
   0.000000000E+00   0.000000000E+00   0.000000000E+00   0.000000000E+00
   0.000000000E+00   0.000000000E+00   0.000000000E+00   0.000000000E+00
   0.000000000E+00   0.000000000E+00   0.000000000E+00   0.000000000E+00
   0.000000000E+00   0.000000000E+00   0.000000000E+00   0.000000000E+00
   0.000000000E+00   0.000000000E+00   0.000000000E+00   0.000000000E+00
   0.000000000E+00   0.000000000E+00   0.000000000E+00   0.439686038E-09
   0.959555292E-08   0.352641462E-07   0.750869421E-07   0.120203468E-06
   0.158629393E-06   0.177891388E-06   0.166986554E-06   0.117734192E-06
   0.255877025E-07  -0.110025587E-06  -0.285768899E-06  -0.494796987E-06
  -0.727425839E-06  -0.972003326E-06  -0.121591299E-05  -0.144664321E-05
  -0.165285393E-05  -0.182537319E-05  -0.195805570E-05  -0.204843553E-05
  -0.209810536E-05   0.443113700E-05   0.501281623E-05   0.563679162E-05
   0.630399919E-05   0.701559639E-05   0.777372462E-05   0.858083457E-05
   0.943936325E-05   0.103514610E-04   0.113192346E-04   0.123449729E-04
   0.134315888E-04   0.145822236E-04   0.158000772E-04   0.170883033E-04
   0.184501034E-04   0.198887823E-04   0.214078192E-04   0.230108039E-04
   0.247014263E-04   0.264835160E-04   0.283610069E-04   0.303380881E-04
   0.324197127E-04   0.346111346E-04   0.369175055E-04   0.393431201E-04
   0.418921050E-04   0.445690803E-04   0.473804672E-04   0.503332893E-04
   0.534345440E-04   0.566905351E-04   0.601074858E-04   0.636920334E-04
   0.674521039E-04   0.713961056E-04   0.755324870E-04   0.798692263E-04
   0.844143030E-04   0.891764668E-04   0.941671086E-04   0.993985270E-04
   0.104883012E-03   0.110631854E-03   0.116656262E-03   0.122968196E-03
   0.129581935E-03   0.136512617E-03   0.143775901E-03   0.151388481E-03
   0.159367604E-03   0.167731068E-03   0.176497684E-03   0.185686844E-03
   0.195318384E-03   0.205412647E-03   0.215990426E-03   0.227074943E-03
   0.238697993E-03   0.250894183E-03   0.263699308E-03   0.277151386E-03
   0.291289681E-03   0.306152764E-03   0.321773549E-03   0.338183962E-03
   0.355420552E-03   0.373536834E-03   0.392591665E-03   0.412643648E-03
   0.433746143E-03   0.455951975E-03   0.479331923E-03   0.504026422E-03
   0.530196715E-03   0.557977430E-03   0.587382306E-03   0.618393369E-03
   0.650963121E-03   0.684928422E-03   0.720092057E-03   0.756327004E-03
   0.793810461E-03   0.832801935E-03   0.873525651E-03   0.916041712E-03
   0.960368408E-03   0.100661441E-02   0.105525562E-02   0.110687211E-02
   0.116205867E-02   0.122142483E-02   0.128559491E-02
   0.000000000E+00   0.000000000E+00   0.000000000E+00   0.000000000E+00
   0.000000000E+00   0.000000000E+00   0.000000000E+00   0.000000000E+00
   0.000000000E+00   0.000000000E+00   0.000000000E+00   0.000000000E+00
   0.000000000E+00   0.000000000E+00   0.000000000E+00   0.000000000E+00
   0.000000000E+00   0.000000000E+00   0.000000000E+00   0.000000000E+00
   0.000000000E+00   0.000000000E+00   0.000000000E+00   0.000000000E+00
   0.000000000E+00   0.000000000E+00   0.000000000E+00   0.000000000E+00
   0.000000000E+00   0.000000000E+00   0.000000000E+00   0.000000000E+00
   0.000000000E+00   0.441402860E-09   0.953065883E-08   0.345396008E-07
   0.721610647E-07   0.112424554E-06   0.142284498E-06   0.148411207E-06
   0.119257243E-06   0.464719238E-07  -0.742633236E-07  -0.242906037E-06
  -0.455157508E-06  -0.702928562E-06  -0.975093615E-06  -0.125846029E-05
  -0.153888187E-05  -0.180243988E-05  -0.203662406E-05  -0.223143700E-05
  -0.238035084E-05  -0.248104307E-05  -0.253583898E-05   0.446824266E-05
   0.509224538E-05   0.575663349E-05   0.646289981E-05   0.721438205E-05
   0.801503015E-05   0.886862251E-05   0.977766251E-05   0.107443549E-04
   0.117710765E-04   0.128607819E-04   0.140166425E-04   0.152419168E-04
   0.165399375E-04   0.179141232E-04   0.193679214E-04   0.209046200E-04
   0.225275167E-04   0.242401099E-04   0.260465089E-04   0.279510629E-04
   0.299581475E-04   0.320718966E-04   0.342964452E-04   0.366361953E-04
   0.390963794E-04   0.416825478E-04   0.444003447E-04   0.472553659E-04
   0.502532888E-04   0.533999777E-04   0.567016694E-04   0.601648030E-04
   0.637960289E-04   0.676024171E-04   0.715912661E-04   0.757702029E-04
   0.801476980E-04   0.847325910E-04   0.895338621E-04   0.945604311E-04
   0.998213430E-04   0.105326171E-03   0.111086062E-03   0.117112768E-03
   0.123418342E-03   0.130015224E-03   0.136916165E-03   0.144134399E-03
   0.151684280E-03   0.159580689E-03   0.167839082E-03   0.176476229E-03
   0.185509525E-03   0.194956719E-03   0.204835831E-03   0.215165230E-03
   0.225964161E-03   0.237254273E-03   0.249058190E-03   0.261399927E-03
   0.274307701E-03   0.287811298E-03   0.301942200E-03   0.316736735E-03
   0.332233116E-03   0.348469422E-03   0.365480470E-03   0.383300754E-03
   0.401967422E-03   0.421526314E-03   0.442026273E-03   0.463524246E-03
   0.486106854E-03   0.509870046E-03   0.534905341E-03   0.561278954E-03
   0.589051521E-03   0.618270428E-03   0.648925798E-03   0.680992128E-03
   0.714443091E-03   0.749253491E-03   0.785397415E-03   0.822855483E-03
   0.861638950E-03   0.901766851E-03   0.943280328E-03   0.986310142E-03
   0.103101258E-02   0.107762163E-02   0.112667485E-02   0.117879873E-02
   0.123463572E-02   0.129484427E-02   0.136009882E-02
   0.000000000E+00   0.000000000E+00   0.000000000E+00   0.000000000E+00
   0.000000000E+00   0.000000000E+00   0.000000000E+00   0.000000000E+00
   0.000000000E+00   0.000000000E+00   0.000000000E+00   0.000000000E+00
   0.000000000E+00   0.000000000E+00   0.000000000E+00   0.000000000E+00
   0.000000000E+00   0.000000000E+00   0.000000000E+00   0.000000000E+00
   0.000000000E+00   0.000000000E+00   0.000000000E+00   0.000000000E+00
   0.000000000E+00   0.000000000E+00   0.000000000E+00   0.000000000E+00
   0.000000000E+00   0.000000000E+00   0.000000000E+00   0.000000000E+00
   0.000000000E+00   0.000000000E+00   0.000000000E+00   0.000000000E+00
   0.000000000E+00  -0.450140212E-09  -0.102490993E-07  -0.396859369E-07
  -0.902501811E-07  -0.157339997E-06  -0.232901980E-06  -0.307522732E-06
  -0.372022214E-06  -0.418598890E-06  -0.441576644E-06  -0.437803488E-06
  -0.406752045E-06  -0.350371829E-06  -0.272743290E-06  -0.179583665E-06
  -0.776545957E-07   0.258784564E-07   0.124085016E-06   0.210856609E-06
   0.281391996E-06   0.332530614E-06   0.362884237E-06  -0.445419302E-05
  -0.488325168E-05  -0.533790103E-05  -0.581894653E-05  -0.632712423E-05
  -0.686333647E-05  -0.742916136E-05  -0.802639940E-05  -0.865670730E-05
  -0.932094876E-05  -0.100197754E-04  -0.107540615E-04  -0.115256294E-04
  -0.123365974E-04  -0.131890359E-04  -0.140846019E-04  -0.150248692E-04
  -0.160115784E-04  -0.170470583E-04  -0.181338437E-04  -0.192743883E-04
  -0.204705828E-04  -0.217241934E-04  -0.230372061E-04  -0.244124242E-04
  -0.258529226E-04  -0.273618630E-04  -0.289425046E-04  -0.305981944E-04
  -0.323322418E-04  -0.341475418E-04  -0.360469218E-04  -0.380335728E-04
  -0.401120170E-04  -0.422872161E-04  -0.445642007E-04  -0.469478698E-04
  -0.494431760E-04  -0.520551764E-04  -0.547889951E-04  -0.576498580E-04
  -0.606434583E-04  -0.637770453E-04  -0.670584133E-04  -0.704954115E-04
  -0.740955010E-04  -0.778661668E-04  -0.818153598E-04  -0.859524201E-04
  -0.902872157E-04  -0.948301884E-04  -0.995933996E-04  -0.104589553E-03
  -0.109831632E-03  -0.115332810E-03  -0.121106535E-03  -0.127166698E-03
  -0.133528078E-03  -0.140205923E-03  -0.147217173E-03  -0.154584615E-03
  -0.162332975E-03  -0.170488056E-03  -0.179078153E-03  -0.188132718E-03
  -0.197680586E-03  -0.207745936E-03  -0.218352094E-03  -0.229528258E-03
  -0.241326117E-03  -0.253804174E-03  -0.267017467E-03  -0.281002468E-03
  -0.295791354E-03  -0.311413478E-03  -0.327885028E-03  -0.345218811E-03
  -0.363436727E-03  -0.382597749E-03  -0.402771423E-03  -0.424002512E-03
  -0.446230443E-03  -0.469365687E-03  -0.493406499E-03  -0.518716315E-03
  -0.545760417E-03  -0.574904396E-03  -0.606071837E-03  -0.639069637E-03
  -0.673698504E-03  -0.709752953E-03  -0.747021311E-03
   0.000000000E+00   0.000000000E+00   0.000000000E+00   0.000000000E+00
   0.000000000E+00   0.000000000E+00   0.000000000E+00   0.000000000E+00
   0.000000000E+00   0.000000000E+00   0.000000000E+00   0.000000000E+00
   0.000000000E+00   0.000000000E+00   0.000000000E+00   0.000000000E+00
   0.000000000E+00   0.000000000E+00   0.000000000E+00   0.000000000E+00
   0.000000000E+00   0.000000000E+00   0.000000000E+00   0.000000000E+00
   0.000000000E+00   0.000000000E+00   0.000000000E+00   0.000000000E+00
   0.000000000E+00   0.000000000E+00   0.000000000E+00   0.000000000E+00
   0.000000000E+00   0.000000000E+00   0.000000000E+00   0.476153936E-09
   0.107950218E-07   0.415887531E-07   0.940073391E-07   0.162695773E-06
   0.238675639E-06   0.311623620E-06   0.371601917E-06   0.410295602E-06
   0.421811886E-06   0.403096331E-06   0.354020994E-06   0.277199509E-06
   0.177584125E-06   0.618996865E-07  -0.620304300E-07  -0.186011415E-06
  -0.302202167E-06  -0.403783455E-06  -0.485514119E-06  -0.544120284E-06
  -0.578462595E-06   0.472057422E-05   0.519257428E-05   0.569569747E-05
   0.622630629E-05   0.678190711E-05   0.736567916E-05   0.798246725E-05
   0.863629001E-05   0.932692523E-05   0.100529489E-04   0.108136964E-04
   0.116120775E-04   0.124520576E-04   0.133371767E-04   0.142686632E-04
   0.152471297E-04   0.162735118E-04   0.173501590E-04   0.184798492E-04
   0.196653747E-04   0.209093134E-04   0.222142358E-04   0.235824153E-04
   0.250147053E-04   0.265115611E-04   0.280742907E-04   0.297078374E-04
   0.314182382E-04   0.332107911E-04   0.350870949E-04   0.370477617E-04
   0.390942091E-04   0.412313127E-04   0.434649686E-04   0.458007086E-04
   0.482420167E-04   0.507918813E-04   0.534536235E-04   0.562318077E-04
   0.591314003E-04   0.621578122E-04   0.653179223E-04   0.686191294E-04
   0.720684847E-04   0.756710208E-04   0.794313035E-04   0.833546810E-04
   0.874494916E-04   0.917250096E-04   0.961904609E-04   0.100854162E-03
   0.105724323E-03   0.110809783E-03   0.116121419E-03   0.121670833E-03
   0.127469160E-03   0.133524814E-03   0.139845605E-03   0.146440508E-03
   0.153322921E-03   0.160507610E-03   0.168010907E-03   0.175854471E-03
   0.184061757E-03   0.192655899E-03   0.201656959E-03   0.211084516E-03
   0.220958721E-03   0.231300805E-03   0.242132599E-03   0.253478400E-03
   0.265371192E-03   0.277846774E-03   0.290934961E-03   0.304638724E-03
   0.318953897E-03   0.333882114E-03   0.349449898E-03   0.365690607E-03
   0.382638437E-03   0.400328876E-03   0.418798276E-03   0.438060773E-03
   0.458038168E-03   0.478626421E-03   0.499680598E-03   0.520899826E-03
   0.541936510E-03   0.562676955E-03   0.583985322E-03   0.606996622E-03
   0.632876559E-03   0.662821539E-03   0.698058664E-03
   0.000000000E+00   0.000000000E+00   0.000000000E+00   0.000000000E+00
   0.000000000E+00   0.000000000E+00   0.000000000E+00   0.000000000E+00
   0.000000000E+00   0.000000000E+00   0.000000000E+00   0.000000000E+00
   0.000000000E+00   0.000000000E+00   0.000000000E+00   0.000000000E+00
   0.000000000E+00   0.000000000E+00   0.000000000E+00   0.000000000E+00
   0.000000000E+00   0.000000000E+00   0.000000000E+00   0.000000000E+00
   0.000000000E+00   0.000000000E+00   0.000000000E+00   0.000000000E+00
   0.000000000E+00   0.000000000E+00   0.000000000E+00   0.000000000E+00
  -0.482393409E-09  -0.116716945E-07  -0.483268070E-07  -0.118360300E-06
  -0.224071304E-06  -0.363650046E-06  -0.532438974E-06  -0.723972659E-06
  -0.930818691E-06  -0.114524175E-05  -0.135971307E-05  -0.156728750E-05
  -0.176187033E-05  -0.193839612E-05  -0.209294174E-05  -0.222279576E-05
  -0.232650645E-05  -0.240393059E-05  -0.245630526E-05  -0.248636481E-05
  -0.249852525E-05  -0.249915822E-05  -0.464019181E-05  -0.483069981E-05
  -0.502059933E-05  -0.520931341E-05  -0.539639363E-05  -0.558199851E-05
  -0.576647293E-05  -0.594995185E-05  -0.613158028E-05  -0.631020344E-05
  -0.648487154E-05  -0.665566416E-05  -0.682295651E-05  -0.698679527E-05
  -0.714574860E-05  -0.729793505E-05  -0.744157060E-05  -0.757555829E-05
  -0.769895809E-05  -0.781081527E-05  -0.791019888E-05  -0.799616697E-05
  -0.806750711E-05  -0.812196757E-05  -0.815695447E-05  -0.816996054E-05
  -0.815914747E-05  -0.812281588E-05  -0.805919175E-05  -0.796633178E-05
  -0.784220982E-05  -0.768451223E-05  -0.748991242E-05  -0.725473558E-05
  -0.697534846E-05  -0.664865634E-05  -0.627164621E-05  -0.584105015E-05
  -0.535279100E-05  -0.480249329E-05  -0.418563879E-05  -0.349750471E-05
  -0.273322084E-05  -0.188763125E-05  -0.954807768E-06   0.714992720E-07
   0.119771977E-05   0.243050488E-05   0.377668892E-05   0.524341928E-05
   0.683859650E-05   0.857046475E-05   0.104476387E-04   0.124796173E-04
   0.146763046E-04   0.170479895E-04   0.196057856E-04   0.223612204E-04
   0.253267177E-04   0.285175137E-04   0.319498636E-04   0.356401239E-04
   0.396038144E-04   0.438564979E-04   0.484147978E-04   0.532986006E-04
   0.585289874E-04   0.641279597E-04   0.701197627E-04   0.765296403E-04
   0.833782826E-04   0.906661095E-04   0.983880768E-04   0.106559083E-03
   0.115276337E-03   0.124660516E-03   0.134809793E-03   0.145720442E-03
   0.157361843E-03   0.169695968E-03   0.182658865E-03   0.196178171E-03
   0.210215342E-03   0.224876576E-03   0.240307754E-03   0.256642223E-03
   0.273950401E-03   0.292287562E-03   0.311696713E-03   0.332167737E-03
   0.353676177E-03   0.376212048E-03   0.399827570E-03   0.424591809E-03
   0.450575256E-03   0.477849836E-03   0.506488904E-03
   0.000000000E+00   0.000000000E+00   0.000000000E+00   0.000000000E+00
   0.000000000E+00   0.000000000E+00   0.000000000E+00   0.000000000E+00
   0.000000000E+00   0.000000000E+00   0.000000000E+00   0.000000000E+00
   0.000000000E+00   0.000000000E+00   0.000000000E+00   0.000000000E+00
   0.000000000E+00   0.000000000E+00   0.000000000E+00   0.000000000E+00
   0.000000000E+00   0.000000000E+00   0.000000000E+00   0.000000000E+00
   0.000000000E+00   0.000000000E+00   0.000000000E+00   0.000000000E+00
   0.000000000E+00   0.000000000E+00   0.000000000E+00  -0.496050631E-09
  -0.120379768E-07  -0.499969078E-07  -0.122838359E-06  -0.233303097E-06
  -0.379885310E-06  -0.558078372E-06  -0.761409433E-06  -0.982283990E-06
  -0.121266167E-05  -0.144458440E-05  -0.167057815E-05  -0.188394946E-05
  -0.207899800E-05  -0.225116618E-05  -0.239714727E-05  -0.251497293E-05
  -0.260410169E-05  -0.266552914E-05  -0.270194151E-05  -0.271793343E-05
  -0.272031124E-05  -0.476462805E-05  -0.494650581E-05  -0.511902740E-05
  -0.528479272E-05  -0.544724100E-05  -0.560935661E-05  -0.577137000E-05
  -0.593277888E-05  -0.609279122E-05  -0.624949756E-05  -0.640060341E-05
  -0.654395729E-05  -0.667840205E-05  -0.680301718E-05  -0.691672376E-05
  -0.701787520E-05  -0.710462341E-05  -0.717518360E-05  -0.722826268E-05
  -0.726267409E-05  -0.727699135E-05  -0.726888608E-05  -0.723572581E-05
  -0.717479247E-05  -0.708331783E-05  -0.695845139E-05  -0.679732792E-05
  -0.659731166E-05  -0.635577407E-05  -0.606971542E-05  -0.573483032E-05
  -0.534636122E-05  -0.489959567E-05  -0.439049407E-05  -0.381511441E-05
  -0.316914618E-05  -0.244708218E-05  -0.164297973E-05  -0.750626229E-06
   0.236758123E-06   0.132624632E-05   0.252508029E-05   0.384057809E-05
   0.528021965E-05   0.685217138E-05   0.856681239E-05   0.104353206E-04
   0.124689720E-04   0.146784770E-04   0.170745966E-04   0.196688788E-04
   0.224752741E-04   0.255086321E-04   0.287844617E-04   0.323197780E-04
   0.361323125E-04   0.402410893E-04   0.446690240E-04   0.494404956E-04
   0.545799201E-04   0.601099224E-04   0.660530477E-04   0.724326103E-04
   0.792735046E-04   0.866014447E-04   0.944456174E-04   0.102847618E-03
   0.111853056E-03   0.121511162E-03   0.131882350E-03   0.143031102E-03
   0.155023214E-03   0.167924800E-03   0.181803229E-03   0.196728743E-03
   0.212778412E-03   0.230032401E-03   0.248546073E-03   0.268268484E-03
   0.289119382E-03   0.311050010E-03   0.334148943E-03   0.358541969E-03
   0.384366300E-03   0.411795882E-03   0.441017423E-03   0.472164354E-03
   0.505139829E-03   0.539784566E-03   0.576060767E-03   0.614439898E-03
   0.655534568E-03   0.699884949E-03   0.747688404E-03   0.799056433E-03
   0.854101945E-03   0.912939258E-03   0.975684103E-03
   0.000000000E+00   0.000000000E+00   0.000000000E+00   0.000000000E+00
   0.000000000E+00   0.000000000E+00   0.000000000E+00   0.000000000E+00
   0.000000000E+00   0.000000000E+00   0.000000000E+00   0.000000000E+00
   0.000000000E+00   0.000000000E+00   0.000000000E+00   0.000000000E+00
   0.000000000E+00   0.000000000E+00   0.000000000E+00   0.000000000E+00
   0.000000000E+00   0.000000000E+00   0.000000000E+00   0.000000000E+00
   0.000000000E+00   0.000000000E+00   0.000000000E+00   0.000000000E+00
   0.000000000E+00   0.000000000E+00   0.000000000E+00   0.000000000E+00
   0.000000000E+00   0.000000000E+00   0.000000000E+00   0.000000000E+00
   0.000000000E+00   0.000000000E+00   0.000000000E+00   0.000000000E+00
   0.000000000E+00   0.000000000E+00   0.000000000E+00   0.000000000E+00
   0.000000000E+00   0.000000000E+00   0.000000000E+00   0.000000000E+00
   0.000000000E+00   0.000000000E+00   0.000000000E+00   0.000000000E+00
   0.000000000E+00   0.000000000E+00   0.000000000E+00   0.000000000E+00
   0.000000000E+00   0.000000000E+00   0.000000000E+00   0.000000000E+00
   0.000000000E+00   0.000000000E+00   0.000000000E+00   0.000000000E+00
   0.000000000E+00   0.000000000E+00   0.000000000E+00   0.000000000E+00
   0.000000000E+00   0.000000000E+00   0.000000000E+00   0.000000000E+00
   0.000000000E+00   0.000000000E+00   0.000000000E+00  -0.439085001E-09
  -0.899844215E-08  -0.302966774E-07  -0.566188343E-07  -0.729810085E-07
  -0.616276270E-07  -0.549455117E-08   0.109267677E-06   0.291616121E-06
   0.544688947E-06   0.865535807E-06   0.124541080E-05   0.167053364E-05
   0.212322480E-05   0.258332023E-05   0.302977130E-05   0.344233581E-05
   0.380326550E-05   0.409889600E-05   0.432104463E-05   0.446812199E-05
   0.454586283E-05  -0.453806361E-05  -0.534745432E-05  -0.621925920E-05
  -0.715674569E-05  -0.816476751E-05  -0.924869401E-05  -0.104138501E-04
  -0.116649214E-04  -0.130065082E-04  -0.144436517E-04  -0.159828725E-04
  -0.176312025E-04  -0.193959557E-04  -0.212850405E-04  -0.233066678E-04
  -0.254692663E-04  -0.277815302E-04  -0.302523748E-04  -0.328911220E-04
  -0.357081186E-04  -0.387141565E-04  -0.419203797E-04  -0.453386019E-04
  -0.489810081E-04  -0.528619376E-04  -0.570036650E-04  -0.614309621E-04
  -0.661705398E-04  -0.712550217E-04  -0.767192010E-04  -0.825916584E-04
  -0.888729971E-04  -0.955563771E-04  -0.102643490E-03  -0.110172056E-03
  -0.118189847E-03  -0.126750661E-03  -0.135929072E-03  -0.145806479E-03
  -0.156446716E-03  -0.167835963E-03  -0.179939661E-03  -0.192742876E-03
  -0.206314558E-03  -0.220746609E-03  -0.236146038E-03  -0.252674275E-03
  -0.270509848E-03  -0.289806705E-03  -0.310605614E-03  -0.332918364E-03
  -0.356756357E-03  -0.382130612E-03  -0.409051762E-03
   0.000000000E+00   0.000000000E+00   0.000000000E+00   0.000000000E+00
   0.000000000E+00   0.000000000E+00   0.000000000E+00   0.000000000E+00
   0.000000000E+00   0.000000000E+00   0.000000000E+00   0.000000000E+00
   0.000000000E+00   0.000000000E+00   0.000000000E+00   0.000000000E+00
   0.000000000E+00   0.000000000E+00   0.000000000E+00   0.000000000E+00
   0.000000000E+00   0.000000000E+00   0.000000000E+00   0.000000000E+00
   0.000000000E+00   0.000000000E+00   0.000000000E+00   0.000000000E+00
   0.000000000E+00   0.000000000E+00   0.000000000E+00   0.000000000E+00
   0.000000000E+00   0.000000000E+00   0.000000000E+00   0.000000000E+00
   0.000000000E+00   0.000000000E+00   0.000000000E+00   0.000000000E+00
   0.000000000E+00   0.000000000E+00   0.000000000E+00   0.000000000E+00
   0.000000000E+00   0.000000000E+00   0.000000000E+00   0.000000000E+00
   0.000000000E+00   0.000000000E+00   0.000000000E+00   0.000000000E+00
   0.000000000E+00   0.000000000E+00   0.000000000E+00   0.000000000E+00
   0.000000000E+00   0.000000000E+00   0.000000000E+00   0.000000000E+00
   0.000000000E+00   0.000000000E+00   0.000000000E+00   0.000000000E+00
   0.000000000E+00   0.000000000E+00   0.000000000E+00   0.000000000E+00
   0.450946611E-09   0.922576004E-08   0.309822895E-07   0.576524384E-07
   0.736818443E-07   0.606789968E-07   0.994354786E-09  -0.119672945E-06
  -0.310543202E-06  -0.574801494E-06  -0.909322663E-06  -0.130497835E-05
  -0.174742849E-05  -0.221829971E-05  -0.269665295E-05  -0.316064280E-05
  -0.358927104E-05  -0.396413648E-05  -0.427108396E-05  -0.450165453E-05
  -0.465423943E-05  -0.473484021E-05   0.466370747E-05   0.550113368E-05
   0.640641137E-05   0.738528198E-05   0.844347032E-05   0.958609008E-05
   0.108181932E-04   0.121449843E-04   0.135719010E-04   0.151045393E-04
   0.167492368E-04   0.185149455E-04   0.204114926E-04   0.224485880E-04
   0.246346036E-04   0.269777094E-04   0.294869055E-04   0.321740019E-04
   0.350517723E-04   0.381335012E-04   0.414335308E-04   0.449667495E-04
   0.487486979E-04   0.527964288E-04   0.571277021E-04   0.617607561E-04
   0.667144519E-04   0.720081384E-04   0.776634549E-04   0.837100036E-04
   0.901800221E-04   0.971068035E-04   0.104525426E-03   0.112472065E-03
   0.120985269E-03   0.130110566E-03   0.139896121E-03   0.150391422E-03
   0.161647776E-03   0.173717844E-03   0.186653362E-03   0.200498694E-03
   0.215296924E-03   0.231094228E-03   0.247946887E-03   0.265914653E-03
   0.285063399E-03   0.305480142E-03   0.327258816E-03   0.350481971E-03
   0.375179611E-03   0.401368225E-03   0.429067792E-03   0.458313198E-03
   0.489143396E-03   0.521736539E-03   0.556834066E-03   0.595337675E-03
   0.638172425E-03   0.686286734E-03   0.740652382E-03
   0.000000000E+00   0.000000000E+00   0.000000000E+00   0.000000000E+00
   0.000000000E+00   0.000000000E+00   0.000000000E+00   0.000000000E+00
   0.000000000E+00   0.000000000E+00   0.000000000E+00   0.000000000E+00
   0.000000000E+00   0.000000000E+00   0.000000000E+00   0.000000000E+00
   0.000000000E+00   0.000000000E+00   0.000000000E+00   0.000000000E+00
   0.000000000E+00   0.000000000E+00   0.000000000E+00   0.000000000E+00
   0.000000000E+00   0.000000000E+00   0.000000000E+00   0.000000000E+00
   0.000000000E+00   0.000000000E+00   0.000000000E+00   0.000000000E+00
   0.000000000E+00   0.000000000E+00   0.000000000E+00   0.000000000E+00
   0.000000000E+00   0.000000000E+00   0.000000000E+00   0.000000000E+00
   0.000000000E+00   0.000000000E+00   0.000000000E+00   0.000000000E+00
   0.000000000E+00  -0.459968440E-09  -0.107140182E-07  -0.425836935E-07
  -0.998041570E-07  -0.180206592E-06  -0.277951587E-06  -0.385322895E-06
  -0.494121658E-06  -0.596701195E-06  -0.686682457E-06  -0.759390231E-06
  -0.812050203E-06  -0.843786968E-06  -0.855463090E-06  -0.849399303E-06
  -0.829015949E-06  -0.798435755E-06  -0.762088038E-06  -0.724354446E-06
  -0.689296314E-06  -0.660503747E-06  -0.641106524E-06  -0.450479120E-05
  -0.484886269E-05  -0.521294114E-05  -0.559752333E-05  -0.600339185E-05
  -0.643141711E-05  -0.688249450E-05  -0.735756271E-05  -0.785758722E-05
  -0.838363256E-05  -0.893710469E-05  -0.951953123E-05  -0.101322998E-04
  -0.107760822E-04  -0.114513584E-04  -0.121589473E-04  -0.129010893E-04
  -0.136804570E-04  -0.144994156E-04  -0.153587864E-04  -0.162589792E-04
  -0.172007747E-04  -0.181865338E-04  -0.192190861E-04  -0.203011376E-04
  -0.214346257E-04  -0.226213138E-04  -0.238632294E-04  -0.251633845E-04
  -0.265251095E-04  -0.279515447E-04  -0.294447759E-04  -0.310066351E-04
  -0.326394244E-04  -0.343473007E-04  -0.361349899E-04  -0.380071586E-04
  -0.399678363E-04  -0.420209527E-04  -0.441707110E-04  -0.464221661E-04
  -0.487806851E-04  -0.512518529E-04  -0.538417492E-04  -0.565566896E-04
  -0.594032439E-04  -0.623885634E-04  -0.655200745E-04  -0.688053903E-04
  -0.722523627E-04  -0.758690336E-04  -0.796648345E-04  -0.836543165E-04
  -0.878536472E-04  -0.922796112E-04  -0.969502119E-04  -0.101884106E-03
  -0.107097292E-03  -0.112593560E-03  -0.118373490E-03  -0.124453345E-03
  -0.130913546E-03  -0.137852937E-03  -0.145340715E-03  -0.153316936E-03
  -0.161686509E-03  -0.170367756E-03  -0.179343094E-03  -0.188611095E-03
  -0.198203049E-03  -0.208283553E-03  -0.219055240E-03  -0.230654461E-03
  -0.242931359E-03  -0.255658406E-03  -0.268720901E-03  -0.282482524E-03
  -0.297438309E-03  -0.313999177E-03  -0.332193896E-03  -0.351952322E-03
  -0.373201596E-03  -0.395866151E-03  -0.419867709E-03
   0.000000000E+00   0.000000000E+00   0.000000000E+00   0.000000000E+00
   0.000000000E+00   0.000000000E+00   0.000000000E+00   0.000000000E+00
   0.000000000E+00   0.000000000E+00   0.000000000E+00   0.000000000E+00
   0.000000000E+00   0.000000000E+00   0.000000000E+00   0.000000000E+00
   0.000000000E+00   0.000000000E+00   0.000000000E+00   0.000000000E+00
   0.000000000E+00   0.000000000E+00   0.000000000E+00   0.000000000E+00
   0.000000000E+00   0.000000000E+00   0.000000000E+00   0.000000000E+00
   0.000000000E+00   0.000000000E+00   0.000000000E+00   0.000000000E+00
   0.000000000E+00   0.000000000E+00   0.000000000E+00   0.000000000E+00
   0.000000000E+00   0.000000000E+00   0.000000000E+00   0.000000000E+00
   0.000000000E+00   0.000000000E+00   0.000000000E+00   0.000000000E+00
  -0.484607598E-09  -0.112919531E-07  -0.448986086E-07  -0.105276679E-06
  -0.190183367E-06  -0.293506265E-06  -0.407147480E-06  -0.522488644E-06
  -0.631478884E-06  -0.727387800E-06  -0.805265516E-06  -0.862151874E-06
  -0.897076819E-06  -0.910894041E-06  -0.905989937E-06  -0.885909958E-06
  -0.854944389E-06  -0.817715635E-06  -0.778809072E-06  -0.742489520E-06
  -0.712545402E-06  -0.692302648E-06  -0.474532260E-05  -0.510625346E-05
  -0.548721002E-05  -0.588922660E-05  -0.631328560E-05  -0.676005994E-05
  -0.723014469E-05  -0.772423632E-05  -0.824344061E-05  -0.878899462E-05
  -0.936203404E-05  -0.996316958E-05  -0.105928711E-04  -0.112517884E-04
  -0.119413339E-04  -0.126631526E-04  -0.134187811E-04  -0.142091615E-04
  -0.150350859E-04  -0.158974601E-04  -0.167976479E-04  -0.177371561E-04
  -0.187174027E-04  -0.197393377E-04  -0.208037917E-04  -0.219117439E-04
  -0.230647769E-04  -0.242646575E-04  -0.255130496E-04  -0.268110744E-04
  -0.281597169E-04  -0.295600949E-04  -0.310138581E-04  -0.325228184E-04
  -0.340887423E-04  -0.357131021E-04  -0.373973070E-04  -0.391427578E-04
  -0.409507712E-04  -0.428226504E-04  -0.447596965E-04  -0.467631720E-04
  -0.488343351E-04  -0.509742321E-04  -0.531830239E-04  -0.554606151E-04
  -0.578072971E-04  -0.602250612E-04  -0.627163694E-04  -0.652834846E-04
  -0.679277045E-04  -0.706500801E-04  -0.734515232E-04  -0.763323837E-04
  -0.792928471E-04  -0.823322790E-04  -0.854468025E-04  -0.886315775E-04
  -0.918827659E-04  -0.952011726E-04  -0.985888155E-04  -0.102048132E-03
  -0.105583132E-03  -0.109198309E-03  -0.112906340E-03  -0.116752782E-03
  -0.120792743E-03  -0.125065347E-03  -0.129539930E-03  -0.134166941E-03
  -0.138894278E-03  -0.143664289E-03  -0.148416619E-03  -0.153107612E-03
  -0.157766720E-03  -0.162443014E-03  -0.167149981E-03  -0.171752338E-03
  -0.176073478E-03  -0.180002618E-03  -0.183710607E-03  -0.187444836E-03
  -0.191459570E-03  -0.196015952E-03  -0.201382001E-03
   0.000000000E+00   0.000000000E+00   0.000000000E+00   0.000000000E+00
   0.000000000E+00   0.000000000E+00   0.000000000E+00   0.000000000E+00
   0.000000000E+00   0.000000000E+00   0.000000000E+00   0.000000000E+00
   0.000000000E+00   0.000000000E+00   0.000000000E+00   0.000000000E+00
   0.000000000E+00   0.000000000E+00   0.000000000E+00   0.000000000E+00
   0.000000000E+00   0.000000000E+00   0.000000000E+00   0.000000000E+00
   0.000000000E+00   0.000000000E+00   0.000000000E+00   0.000000000E+00
   0.000000000E+00   0.000000000E+00   0.000000000E+00   0.000000000E+00
   0.000000000E+00   0.000000000E+00   0.000000000E+00   0.000000000E+00
   0.000000000E+00   0.000000000E+00   0.000000000E+00   0.000000000E+00
   0.000000000E+00   0.000000000E+00   0.000000000E+00   0.000000000E+00
   0.000000000E+00   0.000000000E+00   0.000000000E+00   0.000000000E+00
   0.000000000E+00   0.000000000E+00   0.486409136E-09   0.114962603E-07
   0.464328974E-07   0.110772982E-06   0.203970839E-06   0.321500086E-06
   0.456513546E-06   0.601156233E-06   0.747566253E-06   0.888598420E-06
   0.101830540E-05   0.113221123E-05   0.122741195E-05   0.130253829E-05
   0.135761507E-05   0.139385230E-05   0.141340264E-05   0.141912011E-05
   0.141435493E-05   0.140281912E-05   0.138855789E-05   0.137606148E-05
   0.473155801E-05   0.503031407E-05   0.534356169E-05   0.567175844E-05
   0.601542946E-05   0.637535610E-05   0.675240484E-05   0.714741199E-05
   0.756100920E-05   0.799378228E-05   0.844629924E-05   0.891902754E-05
   0.941240967E-05   0.992710476E-05   0.104646553E-04   0.110268761E-04
   0.116153569E-04   0.122305751E-04   0.128727109E-04   0.135422603E-04
   0.142410586E-04   0.149713371E-04   0.157350682E-04   0.165329470E-04
   0.173653330E-04   0.182330712E-04   0.191390316E-04   0.200866829E-04
   0.210791171E-04   0.221175464E-04   0.232026987E-04   0.243358114E-04
   0.255202194E-04   0.267598777E-04   0.280585546E-04   0.294189106E-04
   0.308433576E-04   0.323345622E-04   0.338960883E-04   0.355317965E-04
   0.372459062E-04   0.390438155E-04   0.409313335E-04   0.429144999E-04
   0.449998346E-04   0.471941040E-04   0.495042571E-04   0.519374781E-04
   0.545011370E-04   0.572019448E-04   0.600434114E-04   0.630282368E-04
   0.661617387E-04   0.694598595E-04   0.729416230E-04   0.766306376E-04
   0.805675744E-04   0.847983952E-04   0.893644345E-04   0.942843131E-04
   0.995710253E-04   0.105224598E-03   0.111191828E-03   0.117404368E-03
   0.123803392E-03   0.130375393E-03   0.137118279E-03   0.144057173E-03
   0.151327992E-03   0.159098198E-03   0.167490271E-03   0.176430181E-03
   0.185791240E-03   0.195502053E-03   0.205726999E-03   0.216694717E-03
   0.228639841E-03   0.241803009E-03   0.256430854E-03
   0.000000000E+00   0.000000000E+00   0.000000000E+00   0.000000000E+00
   0.000000000E+00   0.000000000E+00   0.000000000E+00   0.000000000E+00
   0.000000000E+00   0.000000000E+00   0.000000000E+00   0.000000000E+00
   0.000000000E+00   0.000000000E+00   0.000000000E+00   0.000000000E+00
   0.000000000E+00   0.000000000E+00   0.000000000E+00   0.000000000E+00
   0.000000000E+00   0.000000000E+00   0.000000000E+00   0.000000000E+00
   0.000000000E+00   0.000000000E+00   0.000000000E+00   0.000000000E+00
   0.000000000E+00   0.000000000E+00   0.000000000E+00   0.000000000E+00
   0.000000000E+00   0.000000000E+00   0.000000000E+00   0.000000000E+00
   0.000000000E+00   0.000000000E+00   0.000000000E+00   0.000000000E+00
   0.000000000E+00   0.000000000E+00   0.000000000E+00   0.000000000E+00
   0.000000000E+00   0.000000000E+00   0.000000000E+00   0.000000000E+00
  -0.485617387E-09  -0.114792048E-07  -0.463712785E-07  -0.110644797E-06
  -0.203772387E-06  -0.321251463E-06  -0.456259068E-06  -0.600961125E-06
  -0.747510773E-06  -0.888770477E-06  -0.101879259E-05  -0.113309306E-05
  -0.122875295E-05  -0.130438249E-05  -0.135998225E-05  -0.139673630E-05
  -0.141677179E-05  -0.142291989E-05  -0.141851254E-05  -0.140724995E-05
  -0.139317320E-05  -0.138077699E-05  -0.472353558E-05  -0.502115679E-05
  -0.533277345E-05  -0.565755849E-05  -0.599625972E-05  -0.635006586E-05
  -0.672006809E-05  -0.710680758E-05  -0.751068580E-05  -0.793186750E-05
  -0.836953994E-05  -0.882258714E-05  -0.929058174E-05  -0.977613619E-05
  -0.102827552E-04  -0.108130307E-04  -0.113653484E-04  -0.119369057E-04
  -0.125258153E-04  -0.131343953E-04  -0.137661452E-04  -0.144238040E-04
  -0.151065646E-04  -0.158126414E-04  -0.165406655E-04  -0.172912680E-04
  -0.180656173E-04  -0.188648988E-04  -0.196902629E-04  -0.205428736E-04
  -0.214235150E-04  -0.223313289E-04  -0.232649870E-04  -0.242235076E-04
  -0.252075316E-04  -0.262181346E-04  -0.272561567E-04  -0.283213888E-04
  -0.294133311E-04  -0.305315055E-04  -0.316756176E-04  -0.328454048E-04
  -0.340398358E-04  -0.352548076E-04  -0.364853010E-04  -0.377268919E-04
  -0.389781335E-04  -0.402383227E-04  -0.415070330E-04  -0.427850186E-04
  -0.440733653E-04  -0.453722057E-04  -0.466776688E-04  -0.479847496E-04
  -0.492884857E-04  -0.505845660E-04  -0.518687570E-04  -0.531323379E-04
  -0.543487140E-04  -0.554860458E-04  -0.565123315E-04  -0.573977965E-04
  -0.581126357E-04  -0.586415504E-04  -0.590305850E-04  -0.593428219E-04
  -0.596313321E-04  -0.599025485E-04  -0.601509557E-04  -0.603438669E-04
  -0.603388070E-04  -0.599618528E-04  -0.590017777E-04  -0.571107587E-04
  -0.538986362E-04  -0.491611696E-04  -0.434795422E-04  -0.376506286E-04
  -0.324934757E-04  -0.288493026E-04  -0.275815004E-04
   0.000000000E+00   0.000000000E+00   0.000000000E+00   0.000000000E+00
   0.000000000E+00   0.000000000E+00   0.000000000E+00   0.000000000E+00
   0.000000000E+00   0.000000000E+00   0.000000000E+00   0.000000000E+00
   0.000000000E+00   0.000000000E+00   0.000000000E+00   0.000000000E+00
   0.000000000E+00   0.000000000E+00   0.000000000E+00   0.000000000E+00
   0.000000000E+00   0.000000000E+00   0.000000000E+00   0.000000000E+00
   0.000000000E+00   0.000000000E+00   0.000000000E+00   0.000000000E+00
   0.000000000E+00   0.000000000E+00   0.000000000E+00   0.000000000E+00
   0.000000000E+00   0.000000000E+00   0.000000000E+00   0.000000000E+00
   0.000000000E+00   0.000000000E+00   0.000000000E+00   0.000000000E+00
   0.000000000E+00   0.000000000E+00   0.000000000E+00   0.000000000E+00
   0.000000000E+00   0.000000000E+00   0.000000000E+00   0.000000000E+00
   0.000000000E+00   0.000000000E+00   0.000000000E+00   0.000000000E+00
   0.000000000E+00   0.000000000E+00   0.000000000E+00   0.000000000E+00
   0.000000000E+00   0.000000000E+00   0.000000000E+00   0.000000000E+00
   0.000000000E+00   0.000000000E+00   0.000000000E+00   0.000000000E+00
   0.000000000E+00   0.000000000E+00   0.000000000E+00   0.000000000E+00
   0.000000000E+00  -0.453568388E-09  -0.100259741E-07  -0.374511901E-07
  -0.814659800E-07  -0.134269210E-06  -0.184761320E-06  -0.221080833E-06
  -0.232501999E-06  -0.210757710E-06  -0.150851780E-06  -0.514247203E-07
   0.852628847E-07   0.253665284E-06   0.445540636E-06   0.650730133E-06
   0.858063071E-06   0.105632374E-05   0.123521602E-05   0.138626159E-05
   0.150356761E-05   0.158439974E-05   0.162949646E-05  -0.454638382E-05
  -0.509655665E-05  -0.569186514E-05  -0.633549612E-05  -0.703053237E-05
  -0.778008849E-05  -0.858753554E-05  -0.945704980E-05  -0.103931044E-04
  -0.114003541E-04  -0.124838177E-04  -0.136487088E-04  -0.149004567E-04
  -0.162449504E-04  -0.176883117E-04  -0.192370000E-04  -0.208983736E-04
  -0.226801664E-04  -0.245906453E-04  -0.266396440E-04  -0.288375969E-04
  -0.311949901E-04  -0.337216871E-04  -0.364275599E-04  -0.393231718E-04
  -0.424212132E-04  -0.457351550E-04  -0.492801755E-04  -0.530774123E-04
  -0.571499680E-04  -0.615209230E-04  -0.662114152E-04  -0.712424464E-04
  -0.766368880E-04  -0.824237434E-04  -0.886341329E-04  -0.952978172E-04
  -0.102436741E-03  -0.110071125E-03  -0.118227568E-03  -0.126957504E-03
  -0.136319769E-03  -0.146368105E-03  -0.157131114E-03  -0.168631222E-03
  -0.180882565E-03  -0.193864758E-03  -0.207547740E-03  -0.221922037E-03
  -0.237065477E-03  -0.253079931E-03  -0.270062248E-03  -0.288081157E-03
  -0.307199196E-03  -0.327496943E-03  -0.349124297E-03  -0.372251743E-03
  -0.397053805E-03  -0.423709042E-03  -0.452400046E-03
   0.000000000E+00   0.000000000E+00   0.000000000E+00   0.000000000E+00
   0.000000000E+00   0.000000000E+00   0.000000000E+00   0.000000000E+00
   0.000000000E+00   0.000000000E+00   0.000000000E+00   0.000000000E+00
   0.000000000E+00   0.000000000E+00   0.000000000E+00   0.000000000E+00
   0.000000000E+00   0.000000000E+00   0.000000000E+00   0.000000000E+00
   0.000000000E+00   0.000000000E+00   0.000000000E+00   0.000000000E+00
   0.000000000E+00   0.000000000E+00   0.000000000E+00   0.000000000E+00
   0.000000000E+00   0.000000000E+00   0.000000000E+00   0.000000000E+00
   0.000000000E+00   0.000000000E+00   0.000000000E+00   0.000000000E+00
   0.000000000E+00   0.000000000E+00   0.000000000E+00   0.000000000E+00
   0.000000000E+00   0.000000000E+00   0.000000000E+00   0.000000000E+00
   0.000000000E+00   0.000000000E+00   0.000000000E+00   0.000000000E+00
   0.000000000E+00   0.000000000E+00   0.000000000E+00   0.000000000E+00
   0.000000000E+00   0.000000000E+00   0.000000000E+00   0.000000000E+00
   0.000000000E+00   0.000000000E+00   0.000000000E+00   0.000000000E+00
   0.000000000E+00   0.000000000E+00   0.000000000E+00   0.000000000E+00
   0.000000000E+00   0.000000000E+00  -0.453313593E-09  -0.999270685E-08
  -0.371973680E-07  -0.805511468E-07  -0.131966952E-06  -0.180077586E-06
  -0.212810185E-06  -0.219309612E-06  -0.191276135E-06  -0.123782729E-06
  -0.156373446E-07   0.130644524E-06   0.309191626E-06   0.511387770E-06
   0.726676309E-06   0.943492981E-06   0.115026175E-05   0.133638831E-05
   0.149318591E-05   0.161466823E-05   0.169814377E-05   0.174454671E-05
  -0.454917635E-05  -0.510985324E-05  -0.571690048E-05  -0.637386581E-05
  -0.708427662E-05  -0.785172802E-05  -0.867993434E-05  -0.957279467E-05
  -0.105343323E-04  -0.115689697E-04  -0.126824407E-04  -0.138809452E-04
  -0.151706527E-04  -0.165570639E-04  -0.180456033E-04  -0.196422295E-04
  -0.213546875E-04  -0.231913430E-04  -0.251609135E-04  -0.272728677E-04
  -0.295370525E-04  -0.319640460E-04  -0.345666317E-04  -0.373584209E-04
  -0.403527941E-04  -0.435610966E-04  -0.469943273E-04  -0.506641854E-04
  -0.545845110E-04  -0.587699344E-04  -0.632369348E-04  -0.680085046E-04
  -0.731097688E-04  -0.785685060E-04  -0.844213285E-04  -0.907078683E-04
  -0.974708273E-04  -0.104762204E-03  -0.112637427E-03  -0.121146193E-03
  -0.130310532E-03  -0.140145498E-03  -0.150655416E-03  -0.161800780E-03
  -0.173529524E-03  -0.185821548E-03  -0.198792423E-03  -0.212595294E-03
  -0.227369837E-03  -0.243188236E-03  -0.260106351E-03  -0.278146081E-03
  -0.297188240E-03  -0.317074135E-03  -0.337743928E-03  -0.359553951E-03
  -0.382975474E-03  -0.408427213E-03  -0.436076335E-03  -0.466027569E-03
  -0.498387442E-03  -0.533264278E-03  -0.570768197E-03
   0.000000000E+00   0.000000000E+00   0.000000000E+00   0.000000000E+00
   0.000000000E+00   0.000000000E+00   0.000000000E+00   0.000000000E+00
   0.000000000E+00   0.000000000E+00   0.000000000E+00   0.000000000E+00
   0.000000000E+00   0.000000000E+00   0.000000000E+00   0.000000000E+00
   0.000000000E+00   0.000000000E+00   0.000000000E+00   0.000000000E+00
   0.000000000E+00   0.000000000E+00   0.000000000E+00   0.000000000E+00
   0.000000000E+00   0.000000000E+00   0.000000000E+00   0.000000000E+00
   0.000000000E+00   0.000000000E+00   0.000000000E+00   0.000000000E+00
   0.000000000E+00   0.000000000E+00   0.000000000E+00   0.000000000E+00
   0.000000000E+00   0.000000000E+00   0.000000000E+00   0.000000000E+00
   0.000000000E+00   0.000000000E+00   0.000000000E+00   0.000000000E+00
   0.000000000E+00   0.000000000E+00   0.000000000E+00   0.000000000E+00
   0.000000000E+00   0.000000000E+00   0.000000000E+00   0.000000000E+00
   0.000000000E+00   0.000000000E+00   0.000000000E+00   0.000000000E+00
   0.000000000E+00   0.000000000E+00   0.000000000E+00   0.000000000E+00
   0.000000000E+00   0.000000000E+00   0.000000000E+00   0.000000000E+00
   0.000000000E+00   0.000000000E+00   0.000000000E+00   0.000000000E+00
   0.467384456E-09   0.106223401E-07   0.410429364E-07   0.930978291E-07
   0.161805201E-06   0.238610992E-06   0.313588212E-06   0.377110148E-06
   0.421050252E-06   0.439561516E-06   0.429488136E-06   0.390462263E-06
   0.324738635E-06   0.236819903E-06   0.132925435E-06   0.203564134E-07
  -0.931899890E-07  -0.200304541E-06  -0.294495201E-06  -0.370708887E-06
  -0.425692944E-06  -0.458143548E-06   0.462857788E-05   0.508165931E-05
   0.556799266E-05   0.608985213E-05   0.664959456E-05   0.724971836E-05
   0.789280908E-05   0.858162353E-05   0.931940682E-05   0.101095986E-04
   0.109557522E-04   0.118615950E-04   0.128309720E-04   0.138679101E-04
   0.149768728E-04   0.161625230E-04   0.174297770E-04   0.187842207E-04
   0.202317215E-04   0.217784290E-04   0.234311866E-04   0.251971467E-04
   0.270841452E-04   0.291022523E-04   0.312623208E-04   0.335753389E-04
   0.360519680E-04   0.387029758E-04   0.415400035E-04   0.445774625E-04
   0.478307524E-04   0.513149880E-04   0.550429578E-04   0.590270440E-04
   0.632820057E-04   0.678315019E-04   0.727019460E-04   0.779245858E-04
   0.835482891E-04   0.896274811E-04   0.962113732E-04   0.103323563E-03
   0.110981307E-03   0.119197397E-03   0.127965827E-03   0.137275356E-03
   0.147129289E-03   0.157591904E-03   0.168744486E-03   0.180648828E-03
   0.193281363E-03   0.206595626E-03   0.220602630E-03   0.235551640E-03
   0.251758564E-03   0.269494270E-03   0.288821538E-03   0.309750012E-03
   0.332288832E-03   0.356446632E-03   0.382231544E-03
   0.000000000E+00   0.000000000E+00   0.000000000E+00   0.000000000E+00
   0.000000000E+00   0.000000000E+00   0.000000000E+00   0.000000000E+00
   0.000000000E+00   0.000000000E+00   0.000000000E+00   0.000000000E+00
   0.000000000E+00   0.000000000E+00   0.000000000E+00   0.000000000E+00
   0.000000000E+00   0.000000000E+00   0.000000000E+00   0.000000000E+00
   0.000000000E+00   0.000000000E+00   0.000000000E+00   0.000000000E+00
   0.000000000E+00   0.000000000E+00   0.000000000E+00   0.000000000E+00
   0.000000000E+00   0.000000000E+00   0.000000000E+00   0.000000000E+00
   0.000000000E+00   0.000000000E+00   0.000000000E+00   0.000000000E+00
   0.000000000E+00   0.000000000E+00   0.000000000E+00   0.000000000E+00
   0.000000000E+00   0.000000000E+00   0.000000000E+00   0.000000000E+00
   0.000000000E+00   0.000000000E+00   0.000000000E+00   0.000000000E+00
   0.000000000E+00   0.000000000E+00   0.000000000E+00   0.000000000E+00
   0.000000000E+00   0.000000000E+00   0.000000000E+00   0.000000000E+00
   0.000000000E+00   0.000000000E+00   0.000000000E+00   0.000000000E+00
   0.000000000E+00   0.000000000E+00   0.000000000E+00   0.000000000E+00
   0.000000000E+00  -0.480410912E-09  -0.108995131E-07  -0.420277917E-07
  -0.950987582E-07  -0.164793372E-06  -0.242132034E-06  -0.316762099E-06
  -0.378696026E-06  -0.419555307E-06  -0.433375311E-06  -0.417026161E-06
  -0.370304791E-06  -0.295753310E-06  -0.198258802E-06  -0.844897008E-07
   0.377761323E-07   0.160376496E-06   0.275487963E-06   0.376291899E-06
   0.457528240E-06   0.515881911E-06   0.550146739E-06  -0.476123383E-05
  -0.523433122E-05  -0.574476036E-05  -0.629323616E-05  -0.688091200E-05
  -0.751076438E-05  -0.818631671E-05  -0.891104988E-05  -0.968793684E-05
  -0.105198727E-04  -0.114099141E-04  -0.123615618E-04  -0.133784987E-04
  -0.144648130E-04  -0.156259597E-04  -0.168678674E-04  -0.181964550E-04
  -0.196170847E-04  -0.211350709E-04  -0.227561878E-04  -0.244876954E-04
  -0.263373828E-04  -0.283134053E-04  -0.304247909E-04  -0.326809671E-04
  -0.350914832E-04  -0.376656527E-04  -0.404128881E-04  -0.433432286E-04
  -0.464686109E-04  -0.498016780E-04  -0.533568713E-04  -0.571550295E-04
  -0.612190698E-04  -0.655723101E-04  -0.702378472E-04  -0.752391421E-04
  -0.805993114E-04  -0.863383431E-04  -0.924757197E-04  -0.990343228E-04
  -0.106049656E-03  -0.113561143E-03  -0.121607264E-03  -0.130219730E-03
  -0.139428986E-03  -0.149266509E-03  -0.159766113E-03  -0.170962719E-03
  -0.182897754E-03  -0.195636984E-03  -0.209253626E-03  -0.223802631E-03
  -0.239259598E-03  -0.255578697E-03  -0.272699966E-03  -0.290511430E-03
  -0.308885062E-03  -0.327859454E-03  -0.348160570E-03  -0.370706855E-03
  -0.396441133E-03  -0.426330606E-03  -0.461366860E-03
   0.000000000E+00   0.000000000E+00   0.000000000E+00   0.000000000E+00
   0.000000000E+00   0.000000000E+00   0.000000000E+00   0.000000000E+00
   0.000000000E+00   0.000000000E+00   0.000000000E+00   0.000000000E+00
   0.000000000E+00   0.000000000E+00   0.000000000E+00   0.000000000E+00
   0.000000000E+00   0.000000000E+00   0.000000000E+00   0.000000000E+00
   0.000000000E+00   0.000000000E+00   0.000000000E+00   0.000000000E+00
   0.000000000E+00   0.000000000E+00   0.000000000E+00   0.000000000E+00
   0.000000000E+00   0.000000000E+00   0.000000000E+00   0.000000000E+00
   0.000000000E+00   0.000000000E+00   0.000000000E+00   0.000000000E+00
   0.000000000E+00   0.000000000E+00   0.000000000E+00   0.000000000E+00
   0.000000000E+00   0.000000000E+00   0.000000000E+00   0.000000000E+00
   0.000000000E+00   0.000000000E+00   0.000000000E+00   0.000000000E+00
   0.000000000E+00   0.000000000E+00   0.000000000E+00   0.000000000E+00
   0.000000000E+00   0.000000000E+00   0.000000000E+00   0.000000000E+00
   0.000000000E+00   0.000000000E+00   0.000000000E+00   0.000000000E+00
   0.000000000E+00   0.000000000E+00   0.000000000E+00   0.000000000E+00
   0.000000000E+00   0.000000000E+00   0.000000000E+00   0.000000000E+00
   0.000000000E+00   0.476104274E-09   0.114939543E-07   0.474813464E-07
   0.116013000E-06   0.219089405E-06   0.354670952E-06   0.517959040E-06
   0.702447229E-06   0.900765520E-06   0.110534084E-05   0.130889683E-05
   0.150481591E-05   0.168738693E-05   0.185196119E-05   0.199504012E-05
   0.211431761E-05   0.220870014E-05   0.227832763E-05   0.232461830E-05
   0.235036043E-05   0.235987423E-05   0.235926679E-05   0.458464335E-05
   0.478267358E-05   0.498465703E-05   0.519020529E-05   0.539859782E-05
   0.560900383E-05   0.582072186E-05   0.603368364E-05   0.624798732E-05
   0.646350824E-05   0.667919312E-05   0.689371545E-05   0.710582047E-05
   0.731469565E-05   0.751962590E-05   0.771965809E-05   0.791293225E-05
   0.809730520E-05   0.827049331E-05   0.842985537E-05   0.857259545E-05
   0.869610589E-05   0.879880794E-05   0.887936488E-05   0.893621807E-05
   0.896698783E-05   0.896903521E-05   0.893854887E-05   0.886715527E-05
   0.874510245E-05   0.856268283E-05   0.831126527E-05   0.798232421E-05
   0.757064362E-05   0.708515009E-05   0.653870692E-05   0.593632800E-05
   0.524973005E-05   0.444134119E-05   0.348856829E-05   0.243305747E-05
   0.133415656E-05   0.232325328E-06  -0.914354313E-06  -0.217012040E-05
  -0.359526148E-05  -0.522827099E-05  -0.710274909E-05  -0.924760082E-05
  -0.116700658E-04  -0.143718102E-04  -0.173525237E-04  -0.206041957E-04
  -0.241165491E-04  -0.278690522E-04  -0.318008706E-04  -0.358394232E-04
  -0.399100810E-04  -0.439361676E-04  -0.478389590E-04
   0.000000000E+00   0.000000000E+00   0.000000000E+00   0.000000000E+00
   0.000000000E+00   0.000000000E+00   0.000000000E+00   0.000000000E+00
   0.000000000E+00   0.000000000E+00   0.000000000E+00   0.000000000E+00
   0.000000000E+00   0.000000000E+00   0.000000000E+00   0.000000000E+00
   0.000000000E+00   0.000000000E+00   0.000000000E+00   0.000000000E+00
   0.000000000E+00   0.000000000E+00   0.000000000E+00   0.000000000E+00
   0.000000000E+00   0.000000000E+00   0.000000000E+00   0.000000000E+00
   0.000000000E+00   0.000000000E+00   0.000000000E+00   0.000000000E+00
   0.000000000E+00   0.000000000E+00   0.000000000E+00   0.000000000E+00
   0.000000000E+00   0.000000000E+00   0.000000000E+00   0.000000000E+00
   0.000000000E+00   0.000000000E+00   0.000000000E+00   0.000000000E+00
   0.000000000E+00   0.000000000E+00   0.000000000E+00   0.000000000E+00
   0.000000000E+00   0.000000000E+00   0.000000000E+00   0.000000000E+00
   0.000000000E+00   0.000000000E+00   0.000000000E+00   0.000000000E+00
   0.000000000E+00   0.000000000E+00   0.000000000E+00   0.000000000E+00
   0.000000000E+00   0.000000000E+00   0.000000000E+00   0.000000000E+00
   0.000000000E+00   0.000000000E+00   0.000000000E+00   0.000000000E+00
   0.000000000E+00   0.000000000E+00   0.484174667E-09   0.118205014E-07
   0.493956911E-07   0.122121681E-06   0.233416685E-06   0.382511865E-06
   0.565566538E-06   0.776609380E-06   0.100832309E-05   0.125268997E-05
   0.150151589E-05   0.174685013E-05   0.198131846E-05   0.219838709E-05
   0.239257477E-05   0.255963062E-05   0.269669515E-05   0.280246187E-05
   0.287735697E-05   0.292375459E-05   0.294624511E-05   0.295197384E-05
   0.463687473E-05   0.478672424E-05   0.493352324E-05   0.507590463E-05
   0.521221856E-05   0.534084916E-05   0.546050484E-05   0.556994935E-05
   0.566775596E-05   0.575183481E-05   0.581987179E-05   0.586936322E-05
   0.589725937E-05   0.590029617E-05   0.587511689E-05   0.581829710E-05
   0.572632140E-05   0.559522273E-05   0.541949846E-05   0.519312317E-05
   0.491001372E-05   0.456439458E-05   0.415045589E-05   0.366210137E-05
   0.309253301E-05   0.243464050E-05   0.168051031E-05   0.819511801E-06
  -0.159905179E-06  -0.127106925E-05  -0.253360147E-05  -0.396916901E-05
  -0.559908057E-05  -0.744135434E-05  -0.951348028E-05  -0.118372824E-04
  -0.144509284E-04  -0.173975996E-04  -0.207027190E-04  -0.243160527E-04
  -0.281664080E-04  -0.321982584E-04  -0.364268355E-04  -0.408860147E-04
  -0.456320665E-04  -0.508093717E-04  -0.565881819E-04  -0.630854013E-04
  -0.701870970E-04  -0.777168015E-04  -0.855935367E-04  -0.941399239E-04
  -0.103789692E-03  -0.114894492E-03  -0.127437330E-03  -0.141304903E-03
  -0.156380098E-03  -0.172542000E-03  -0.189665882E-03
   0.000000000E+00   0.000000000E+00   0.000000000E+00   0.000000000E+00
   0.000000000E+00   0.000000000E+00   0.000000000E+00   0.000000000E+00
   0.000000000E+00   0.000000000E+00   0.000000000E+00   0.000000000E+00
   0.000000000E+00   0.000000000E+00   0.000000000E+00   0.000000000E+00
   0.000000000E+00   0.000000000E+00   0.000000000E+00   0.000000000E+00
   0.000000000E+00   0.000000000E+00   0.000000000E+00   0.000000000E+00
   0.000000000E+00   0.000000000E+00   0.000000000E+00   0.000000000E+00
   0.000000000E+00   0.000000000E+00   0.000000000E+00   0.000000000E+00
   0.000000000E+00   0.000000000E+00   0.000000000E+00   0.000000000E+00
   0.000000000E+00   0.000000000E+00   0.000000000E+00   0.000000000E+00
   0.000000000E+00   0.000000000E+00   0.000000000E+00   0.000000000E+00
   0.000000000E+00   0.000000000E+00   0.000000000E+00   0.000000000E+00
   0.000000000E+00   0.000000000E+00   0.000000000E+00   0.000000000E+00
   0.000000000E+00   0.000000000E+00   0.000000000E+00   0.000000000E+00
   0.000000000E+00   0.000000000E+00   0.000000000E+00   0.000000000E+00
   0.000000000E+00   0.000000000E+00   0.000000000E+00   0.000000000E+00
   0.000000000E+00   0.000000000E+00   0.000000000E+00   0.000000000E+00
   0.000000000E+00   0.000000000E+00   0.000000000E+00   0.000000000E+00
   0.000000000E+00   0.000000000E+00   0.000000000E+00   0.000000000E+00
   0.000000000E+00   0.000000000E+00   0.000000000E+00   0.000000000E+00
   0.000000000E+00   0.000000000E+00   0.000000000E+00   0.000000000E+00
   0.000000000E+00   0.000000000E+00   0.000000000E+00   0.000000000E+00
   0.000000000E+00   0.000000000E+00   0.000000000E+00   0.000000000E+00
   0.000000000E+00   0.000000000E+00   0.000000000E+00   0.000000000E+00
   0.000000000E+00   0.000000000E+00   0.000000000E+00   0.000000000E+00
   0.000000000E+00   0.000000000E+00   0.000000000E+00   0.000000000E+00
   0.000000000E+00   0.000000000E+00   0.000000000E+00   0.349013762E-09
   0.553683624E-08   0.104718087E-07  -0.580683919E-08  -0.721843454E-07
  -0.218786469E-06  -0.471925359E-06  -0.850526586E-06  -0.136388870E-05
  -0.201062664E-05  -0.277865041E-05  -0.364603026E-05  -0.458259990E-05
  -0.555214885E-05  -0.651505560E-05  -0.743121258E-05  -0.826309462E-05
  -0.897882198E-05  -0.955506952E-05  -0.997967319E-05  -0.102537853E-04
  -0.103934300E-04   0.391974195E-05   0.519530211E-05   0.670486822E-05
   0.851851020E-05   0.106844125E-04   0.131558597E-04   0.158603046E-04
   0.187313461E-04   0.217346618E-04   0.248434472E-04   0.280529420E-04
   0.314503850E-04   0.351486805E-04   0.392840011E-04   0.440773839E-04
   0.497762565E-04   0.565432864E-04   0.641774995E-04   0.723793119E-04
   0.808405522E-04   0.892444619E-04   0.972656951E-04
   0.000000000E+00   0.000000000E+00   0.000000000E+00   0.000000000E+00
   0.000000000E+00   0.000000000E+00   0.000000000E+00   0.000000000E+00
   0.000000000E+00   0.000000000E+00   0.000000000E+00   0.000000000E+00
   0.000000000E+00   0.000000000E+00   0.000000000E+00   0.000000000E+00
   0.000000000E+00   0.000000000E+00   0.000000000E+00   0.000000000E+00
   0.000000000E+00   0.000000000E+00   0.000000000E+00   0.000000000E+00
   0.000000000E+00   0.000000000E+00   0.000000000E+00   0.000000000E+00
   0.000000000E+00   0.000000000E+00   0.000000000E+00   0.000000000E+00
   0.000000000E+00   0.000000000E+00   0.000000000E+00   0.000000000E+00
   0.000000000E+00   0.000000000E+00   0.000000000E+00   0.000000000E+00
   0.000000000E+00   0.000000000E+00   0.000000000E+00   0.000000000E+00
   0.000000000E+00   0.000000000E+00   0.000000000E+00   0.000000000E+00
   0.000000000E+00   0.000000000E+00   0.000000000E+00   0.000000000E+00
   0.000000000E+00   0.000000000E+00   0.000000000E+00   0.000000000E+00
   0.000000000E+00   0.000000000E+00   0.000000000E+00   0.000000000E+00
   0.000000000E+00   0.000000000E+00   0.000000000E+00   0.000000000E+00
   0.000000000E+00   0.000000000E+00   0.000000000E+00   0.000000000E+00
   0.000000000E+00   0.000000000E+00   0.000000000E+00   0.000000000E+00
   0.000000000E+00   0.000000000E+00   0.000000000E+00   0.000000000E+00
   0.000000000E+00   0.000000000E+00   0.000000000E+00   0.000000000E+00
   0.000000000E+00   0.000000000E+00   0.000000000E+00   0.000000000E+00
   0.000000000E+00   0.000000000E+00   0.000000000E+00   0.000000000E+00
   0.000000000E+00   0.000000000E+00   0.000000000E+00   0.000000000E+00
   0.000000000E+00   0.000000000E+00   0.000000000E+00  -0.384209383E-09
  -0.690910053E-08  -0.183837989E-07  -0.192035415E-07   0.138786744E-07
   0.105960369E-06   0.279585109E-06   0.551598766E-06   0.931139978E-06
   0.141863829E-05   0.200569345E-05   0.267570931E-05   0.340515591E-05
   0.416533301E-05   0.492450881E-05   0.565030712E-05   0.631221659E-05
   0.688409532E-05   0.734654457E-05   0.768902481E-05   0.791158767E-05
   0.802609733E-05  -0.415755516E-05  -0.524327693E-05  -0.645128449E-05
  -0.779139820E-05  -0.927447961E-05  -0.109148896E-04  -0.127281759E-04
  -0.147319422E-04  -0.169509268E-04  -0.194122177E-04  -0.221467132E-04
  -0.251985889E-04  -0.286163663E-04  -0.324423486E-04  -0.366895945E-04
  -0.413636717E-04  -0.464676384E-04  -0.519946238E-04  -0.579348467E-04
  -0.642859838E-04  -0.710775807E-04  -0.783479325E-04  -0.861607937E-04
  -0.946805160E-04  -0.104100800E-03  -0.114611361E-03  -0.126370071E-03
  -0.139529406E-03  -0.154203454E-03  -0.170339688E-03  -0.187840829E-03
  -0.206606236E-03  -0.226531912E-03  -0.247510499E-03
   0.000000000E+00   0.000000000E+00   0.000000000E+00   0.000000000E+00
   0.000000000E+00   0.000000000E+00   0.000000000E+00   0.000000000E+00
   0.000000000E+00   0.000000000E+00   0.000000000E+00   0.000000000E+00
   0.000000000E+00   0.000000000E+00   0.000000000E+00   0.000000000E+00
   0.000000000E+00   0.000000000E+00   0.000000000E+00   0.000000000E+00
   0.000000000E+00   0.000000000E+00   0.000000000E+00   0.000000000E+00
   0.000000000E+00   0.000000000E+00   0.000000000E+00   0.000000000E+00
   0.000000000E+00   0.000000000E+00   0.000000000E+00   0.000000000E+00
   0.000000000E+00   0.000000000E+00   0.000000000E+00   0.000000000E+00
   0.000000000E+00   0.000000000E+00   0.000000000E+00   0.000000000E+00
   0.000000000E+00   0.000000000E+00   0.000000000E+00   0.000000000E+00
   0.000000000E+00   0.000000000E+00   0.000000000E+00   0.000000000E+00
   0.000000000E+00   0.000000000E+00   0.000000000E+00   0.000000000E+00
   0.000000000E+00   0.000000000E+00   0.000000000E+00   0.000000000E+00
   0.000000000E+00   0.000000000E+00   0.000000000E+00   0.000000000E+00
   0.000000000E+00   0.000000000E+00   0.000000000E+00   0.000000000E+00
   0.000000000E+00   0.000000000E+00   0.000000000E+00   0.000000000E+00
   0.000000000E+00   0.000000000E+00   0.000000000E+00   0.000000000E+00
   0.000000000E+00   0.000000000E+00   0.000000000E+00   0.474376687E-09
   0.109335812E-07   0.429400787E-07   0.992809972E-07   0.176500367E-06
   0.267425781E-06   0.363183641E-06   0.454749624E-06   0.534081028E-06
   0.594877621E-06   0.633017659E-06   0.646715698E-06   0.636448855E-06
   0.604698163E-06   0.555551652E-06   0.494215817E-06   0.426482096E-06
   0.358195031E-06   0.294768719E-06   0.240798234E-06   0.199812636E-06
   0.174216225E-06   0.466835262E-05   0.506860933E-05   0.549870589E-05
   0.596082995E-05   0.645727449E-05   0.699040577E-05   0.756260290E-05
   0.817610570E-05   0.883315631E-05   0.953637911E-05   0.102898003E-04
   0.110978970E-04   0.119651251E-04   0.128954664E-04   0.138928512E-04
   0.149615585E-04   0.161069985E-04   0.173349794E-04   0.186516719E-04
   0.200642660E-04   0.215803546E-04   0.232072628E-04   0.249506353E-04
   0.268157628E-04   0.288088229E-04   0.309392958E-04   0.332176916E-04
   0.356560077E-04   0.382715033E-04   0.410831437E-04   0.441145753E-04
   0.474069541E-04   0.510068431E-04   0.549488323E-04   0.592149487E-04
   0.637730027E-04   0.685944512E-04   0.736691145E-04   0.789912548E-04
   0.845698272E-04   0.904743223E-04   0.967913478E-04   0.103584277E-03
   0.110815021E-03   0.118418209E-03   0.126398879E-03   0.135053998E-03
   0.144762175E-03   0.155825593E-03   0.168205426E-03   0.181773283E-03
   0.196396623E-03   0.211938750E-03   0.228258820E-03
   0.000000000E+00   0.000000000E+00   0.000000000E+00   0.000000000E+00
   0.000000000E+00   0.000000000E+00   0.000000000E+00   0.000000000E+00
   0.000000000E+00   0.000000000E+00   0.000000000E+00   0.000000000E+00
   0.000000000E+00   0.000000000E+00   0.000000000E+00   0.000000000E+00
   0.000000000E+00   0.000000000E+00   0.000000000E+00   0.000000000E+00
   0.000000000E+00   0.000000000E+00   0.000000000E+00   0.000000000E+00
   0.000000000E+00   0.000000000E+00   0.000000000E+00   0.000000000E+00
   0.000000000E+00   0.000000000E+00   0.000000000E+00   0.000000000E+00
   0.000000000E+00   0.000000000E+00   0.000000000E+00   0.000000000E+00
   0.000000000E+00   0.000000000E+00   0.000000000E+00   0.000000000E+00
   0.000000000E+00   0.000000000E+00   0.000000000E+00   0.000000000E+00
   0.000000000E+00   0.000000000E+00   0.000000000E+00   0.000000000E+00
   0.000000000E+00   0.000000000E+00   0.000000000E+00   0.000000000E+00
   0.000000000E+00   0.000000000E+00   0.000000000E+00   0.000000000E+00
   0.000000000E+00   0.000000000E+00   0.000000000E+00   0.000000000E+00
   0.000000000E+00   0.000000000E+00   0.000000000E+00   0.000000000E+00
   0.000000000E+00   0.000000000E+00   0.000000000E+00   0.000000000E+00
   0.000000000E+00   0.000000000E+00   0.000000000E+00   0.000000000E+00
   0.000000000E+00   0.461432673E-09   0.106460506E-07   0.418594340E-07
   0.969118438E-07   0.172555153E-06   0.261919767E-06   0.356459486E-06
   0.447449186E-06   0.527080192E-06   0.589198236E-06   0.629728859E-06
   0.646835152E-06   0.640852703E-06   0.614046641E-06   0.570235634E-06
   0.514327749E-06   0.451813024E-06   0.388257647E-06   0.328844619E-06
   0.278005773E-06   0.239190031E-06   0.214812779E-06   0.453887943E-05
   0.492398593E-05   0.533617831E-05   0.577758550E-05   0.625053196E-05
   0.675720244E-05   0.729900515E-05   0.787716305E-05   0.849328654E-05
   0.915051230E-05   0.985244347E-05   0.106025925E-04   0.114037837E-04
   0.122587104E-04   0.131704580E-04   0.141435258E-04   0.151828725E-04
   0.162931559E-04   0.174774021E-04   0.187382511E-04   0.200784132E-04
   0.215007628E-04   0.230082501E-04   0.246048962E-04   0.262989337E-04
   0.280998570E-04   0.300187416E-04   0.320723127E-04   0.342791179E-04
   0.366582943E-04   0.392297882E-04   0.420141477E-04   0.450266037E-04
   0.482591541E-04   0.516974659E-04   0.553226398E-04   0.590989854E-04
   0.629855702E-04   0.669660614E-04   0.711280165E-04   0.755878788E-04
   0.804476860E-04   0.857407139E-04   0.914829583E-04   0.976675454E-04
   0.104194108E-03   0.110935755E-03   0.117805285E-03   0.124887987E-03
   0.132315572E-03   0.140221078E-03   0.148731969E-03   0.157976693E-03
   0.168086909E-03   0.179197485E-03   0.191446500E-03
   0.000000000E+00   0.000000000E+00   0.000000000E+00   0.000000000E+00
   0.000000000E+00   0.000000000E+00   0.000000000E+00   0.000000000E+00
   0.000000000E+00   0.000000000E+00   0.000000000E+00   0.000000000E+00
   0.000000000E+00   0.000000000E+00   0.000000000E+00   0.000000000E+00
   0.000000000E+00   0.000000000E+00   0.000000000E+00   0.000000000E+00
   0.000000000E+00   0.000000000E+00   0.000000000E+00   0.000000000E+00
   0.000000000E+00   0.000000000E+00   0.000000000E+00   0.000000000E+00
   0.000000000E+00   0.000000000E+00   0.000000000E+00   0.000000000E+00
   0.000000000E+00   0.000000000E+00   0.000000000E+00   0.000000000E+00
   0.000000000E+00   0.000000000E+00   0.000000000E+00   0.000000000E+00
   0.000000000E+00   0.000000000E+00   0.000000000E+00   0.000000000E+00
   0.000000000E+00   0.000000000E+00   0.000000000E+00   0.000000000E+00
   0.000000000E+00   0.000000000E+00   0.000000000E+00   0.000000000E+00
   0.000000000E+00   0.000000000E+00   0.000000000E+00   0.000000000E+00
   0.000000000E+00   0.000000000E+00   0.000000000E+00   0.000000000E+00
   0.000000000E+00   0.000000000E+00   0.000000000E+00   0.000000000E+00
   0.000000000E+00   0.000000000E+00   0.000000000E+00   0.000000000E+00
   0.000000000E+00   0.000000000E+00   0.000000000E+00   0.000000000E+00
   0.000000000E+00   0.000000000E+00   0.000000000E+00  -0.480572869E-09
  -0.111711042E-07  -0.442987519E-07  -0.103556272E-06  -0.186437611E-06
  -0.286615309E-06  -0.395847161E-06  -0.505455062E-06  -0.607418983E-06
  -0.695128988E-06  -0.763838264E-06  -0.810860059E-06  -0.835551488E-06
  -0.839127139E-06  -0.824345399E-06  -0.795110451E-06  -0.756032868E-06
  -0.711991743E-06  -0.667741278E-06  -0.627604788E-06  -0.595299035E-06
  -0.573931828E-06  -0.471100579E-05  -0.507943156E-05  -0.547334595E-05
  -0.589410634E-05  -0.634332466E-05  -0.682270941E-05  -0.733427733E-05
  -0.788117183E-05  -0.846690139E-05  -0.909480499E-05  -0.976720996E-05
  -0.104862173E-04  -0.112543801E-04  -0.120759626E-04  -0.129557640E-04
  -0.138983356E-04  -0.149068129E-04  -0.159840087E-04  -0.171332122E-04
  -0.183594937E-04  -0.196684808E-04  -0.210669467E-04  -0.225658952E-04
  -0.241776630E-04  -0.259144263E-04  -0.277866537E-04  -0.298045612E-04
  -0.319774127E-04  -0.343098524E-04  -0.368053600E-04  -0.394678026E-04
  -0.423025835E-04  -0.453155583E-04  -0.485189821E-04  -0.519508448E-04
  -0.556566046E-04  -0.596752647E-04  -0.640157970E-04  -0.686794438E-04
  -0.736720962E-04  -0.790189440E-04  -0.847506005E-04  -0.908972239E-04
  -0.974849738E-04  -0.104539371E-03  -0.112074059E-03  -0.120052952E-03
  -0.128426169E-03  -0.137175168E-03  -0.146413347E-03  -0.156290440E-03
  -0.166960042E-03  -0.178579610E-03  -0.191310462E-03
   0.000000000E+00   0.000000000E+00   0.000000000E+00   0.000000000E+00
   0.000000000E+00   0.000000000E+00   0.000000000E+00   0.000000000E+00
   0.000000000E+00   0.000000000E+00   0.000000000E+00   0.000000000E+00
   0.000000000E+00   0.000000000E+00   0.000000000E+00   0.000000000E+00
   0.000000000E+00   0.000000000E+00   0.000000000E+00   0.000000000E+00
   0.000000000E+00   0.000000000E+00   0.000000000E+00   0.000000000E+00
   0.000000000E+00   0.000000000E+00   0.000000000E+00   0.000000000E+00
   0.000000000E+00   0.000000000E+00   0.000000000E+00   0.000000000E+00
   0.000000000E+00   0.000000000E+00   0.000000000E+00   0.000000000E+00
   0.000000000E+00   0.000000000E+00   0.000000000E+00   0.000000000E+00
   0.000000000E+00   0.000000000E+00   0.000000000E+00   0.000000000E+00
   0.000000000E+00   0.000000000E+00   0.000000000E+00   0.000000000E+00
   0.000000000E+00   0.000000000E+00   0.000000000E+00   0.000000000E+00
   0.000000000E+00   0.000000000E+00   0.000000000E+00   0.000000000E+00
   0.000000000E+00   0.000000000E+00   0.000000000E+00   0.000000000E+00
   0.000000000E+00   0.000000000E+00   0.000000000E+00   0.000000000E+00
   0.000000000E+00   0.000000000E+00   0.000000000E+00   0.000000000E+00
   0.000000000E+00   0.000000000E+00   0.000000000E+00   0.000000000E+00
   0.000000000E+00   0.480483583E-09   0.111879037E-07   0.444495144E-07
   0.104130612E-06   0.187923913E-06   0.289690190E-06   0.401337698E-06
   0.514282433E-06   0.620531309E-06   0.713430300E-06   0.788119632E-06
   0.841738080E-06   0.873418434E-06   0.884116208E-06   0.876313654E-06
   0.853641141E-06   0.820457976E-06   0.781434729E-06   0.741179116E-06
   0.703947530E-06   0.673484260E-06   0.653030485E-06   0.470647884E-05
   0.506745073E-05   0.545134181E-05   0.585935723E-05   0.629279533E-05
   0.675318984E-05   0.724293908E-05   0.776472168E-05   0.832100983E-05
   0.891318744E-05   0.954237074E-05   0.102100394E-04   0.109191136E-04
   0.116729494E-04   0.124749032E-04   0.133280468E-04   0.142354336E-04
   0.151999057E-04   0.162232221E-04   0.173068748E-04   0.184527880E-04
   0.196646091E-04   0.209464981E-04   0.223032173E-04   0.237416743E-04
   0.252694727E-04   0.268947842E-04   0.286274734E-04   0.304780396E-04
   0.324565164E-04   0.345702038E-04   0.368258049E-04   0.392295902E-04
   0.417856729E-04   0.444976360E-04   0.473669398E-04   0.503863480E-04
   0.535461381E-04   0.568477162E-04   0.603388108E-04   0.640801815E-04
   0.681243642E-04   0.724853067E-04   0.771671273E-04   0.821619673E-04
   0.874135189E-04   0.928516092E-04   0.983769093E-04   0.103778265E-03
   0.108811174E-03   0.113401724E-03   0.118188168E-03   0.124006245E-03
   0.131714354E-03   0.142193554E-03   0.156347568E-03
Safety factor
   0.956195017E+00   0.956393909E+00   0.957141178E+00   0.958342399E+00
   0.959903146E+00   0.961728995E+00   0.963725519E+00   0.965795059E+00
   0.967827012E+00   0.969707541E+00   0.971332403E+00   0.972635743E+00
   0.973561300E+00   0.974098050E+00   0.974415920E+00   0.974730073E+00
   0.975224450E+00   0.975958111E+00   0.976958894E+00   0.978220485E+00
   0.979599969E+00   0.980920276E+00   0.982079773E+00   0.983278564E+00
   0.984792185E+00   0.986795681E+00   0.989062121E+00   0.991264078E+00
   0.993161315E+00   0.994862341E+00   0.996562855E+00   0.998414955E+00
   0.100039635E+01   0.100244115E+01   0.100449970E+01   0.100658732E+01
   0.100873556E+01   0.101097141E+01   0.101330367E+01   0.101573657E+01
   0.101826924E+01   0.102088038E+01   0.102354354E+01   0.102624074E+01
   0.102898772E+01   0.103180865E+01   0.103471992E+01   0.103770676E+01
   0.104074662E+01   0.104382505E+01   0.104695986E+01   0.105017697E+01
   0.105349368E+01   0.105689285E+01   0.106034872E+01   0.106384322E+01
   0.106738883E+01   0.107100571E+01   0.107470947E+01   0.107849753E+01
   0.108236278E+01   0.108630024E+01   0.109031354E+01   0.109440844E+01
   0.109858944E+01   0.110285585E+01   0.110720573E+01   0.111163771E+01
   0.111615289E+01   0.112075297E+01   0.112544024E+01   0.113021945E+01
   0.113509593E+01   0.114007402E+01   0.114515403E+01   0.115033522E+01
   0.115561759E+01   0.116100383E+01   0.116649735E+01   0.117210126E+01
   0.117781753E+01   0.118364783E+01   0.118959428E+01   0.119566070E+01
   0.120185133E+01   0.120816975E+01   0.121461675E+01   0.122119248E+01
   0.122789836E+01   0.123474110E+01   0.124172871E+01   0.124886788E+01
   0.125615990E+01   0.126360476E+01   0.127120377E+01   0.127896366E+01
   0.128689251E+01   0.129499707E+01   0.130327879E+01   0.131173780E+01
   0.132037557E+01   0.132919892E+01   0.133821601E+01   0.134743459E+01
   0.135686078E+01   0.136650032E+01   0.137635928E+01   0.138644519E+01
   0.139676592E+01   0.140732908E+01   0.141814113E+01   0.142920826E+01
   0.144053767E+01   0.145214058E+01   0.146402921E+01   0.147621515E+01
   0.148870755E+01   0.150151490E+01   0.151464677E+01   0.152811683E+01
   0.154193983E+01   0.155612876E+01   0.157068968E+01   0.158562693E+01
   0.160095024E+01   0.161669109E+01   0.163288636E+01   0.164956862E+01
   0.166675314E+01   0.168445090E+01   0.170267717E+01   0.172146446E+01
   0.174084960E+01   0.176086629E+01   0.178153568E+01   0.180287581E+01
   0.182490268E+01   0.184762416E+01   0.187104608E+01   0.189518776E+01
   0.192012240E+01   0.194593668E+01   0.197269351E+01   0.200036077E+01
   0.202888255E+01   0.205825544E+01   0.208868596E+01   0.212043309E+01
   0.215375585E+01   0.218891321E+01   0.222616419E+01
Current profile
   0.000000000E+00   0.111892683E-02   0.447256246E-02   0.100548414E-01
   0.178579035E-01   0.278720983E-01   0.400859904E-01   0.544870639E-01
   0.710646181E-01   0.898090628E-01   0.110712471E+00   0.133772580E+00
   0.158991084E+00   0.186370951E+00   0.215909792E+00   0.247603401E+00
   0.281446138E+00   0.317426868E+00   0.355531448E+00   0.395744484E+00
   0.438051848E+00   0.482439000E+00   0.528889951E+00   0.577386008E+00
   0.627906662E+00   0.680430999E+00   0.734941232E+00   0.791420127E+00
   0.849850288E+00   0.910214975E+00   0.972497420E+00   0.103668120E+01
   0.110275231E+01   0.117069761E+01   0.124050162E+01   0.131213809E+01
   0.138557667E+01   0.146078797E+01   0.153775156E+01   0.161644940E+01
   0.169686176E+01   0.177896153E+01   0.186271887E+01   0.194810419E+01
   0.203509211E+01   0.212365810E+01   0.221377612E+01   0.230541474E+01
   0.239854043E+01   0.249311949E+01   0.258912045E+01   0.268651198E+01
   0.278526377E+01   0.288535152E+01   0.298675266E+01   0.308944298E+01
   0.319339108E+01   0.329856318E+01   0.340492559E+01   0.351244676E+01
   0.362109548E+01   0.373083974E+01   0.384164521E+01   0.395347660E+01
   0.406629816E+01   0.418007389E+01   0.429476737E+01   0.441034169E+01
   0.452675949E+01   0.464398290E+01   0.476197386E+01   0.488069499E+01
   0.500010882E+01   0.512017754E+01   0.524086321E+01   0.536212759E+01
   0.548393192E+01   0.560623645E+01   0.572900082E+01   0.585218411E+01
   0.597574429E+01   0.609963870E+01   0.622382411E+01   0.634825650E+01
   0.647289124E+01   0.659768316E+01   0.672258638E+01   0.684755447E+01
   0.697254054E+01   0.709749752E+01   0.722237794E+01   0.734713396E+01
   0.747171779E+01   0.759608126E+01   0.772017584E+01   0.784395292E+01
   0.796736356E+01   0.809035836E+01   0.821288734E+01   0.833490001E+01
   0.845634543E+01   0.857717218E+01   0.869732837E+01   0.881676160E+01
   0.893541842E+01   0.905324479E+01   0.917018633E+01   0.928618884E+01
   0.940119789E+01   0.951515890E+01   0.962801813E+01   0.973972179E+01
   0.985021487E+01   0.995943869E+01   0.100673332E+02   0.101738360E+02
   0.102788763E+02   0.103823806E+02   0.104842803E+02   0.105845305E+02
   0.106830926E+02   0.107799280E+02   0.108749980E+02   0.109682641E+02
   0.110596739E+02   0.111491180E+02   0.112364705E+02   0.113216102E+02
   0.114044424E+02   0.114848781E+02   0.115628401E+02   0.116383036E+02
   0.117112577E+02   0.117817090E+02   0.118497312E+02   0.119154185E+02
   0.119788504E+02   0.120400335E+02   0.120989568E+02   0.121555888E+02
   0.122098100E+02   0.122614765E+02   0.123104158E+02   0.123563463E+02
   0.123989531E+02   0.124379593E+02   0.124732657E+02   0.125048167E+02
   0.125325559E+02   0.125564259E+02   0.125763691E+02
R*B_phi (m*T)
   0.505007783E+02   0.505008981E+02   0.505012561E+02   0.505018505E+02
   0.505026786E+02   0.505037357E+02   0.505050166E+02   0.505065154E+02
   0.505082251E+02   0.505101384E+02   0.505122475E+02   0.505145439E+02
   0.505170191E+02   0.505196639E+02   0.505224679E+02   0.505254200E+02
   0.505285087E+02   0.505317201E+02   0.505350396E+02   0.505384524E+02
   0.505419435E+02   0.505454977E+02   0.505490994E+02   0.505527322E+02
   0.505563796E+02   0.505600245E+02   0.505636494E+02   0.505672365E+02
   0.505707682E+02   0.505742281E+02   0.505776000E+02   0.505808673E+02
   0.505840124E+02   0.505870173E+02   0.505898646E+02   0.505925384E+02
   0.505950235E+02   0.505973040E+02   0.505993612E+02   0.506011759E+02
   0.506027400E+02   0.506040887E+02   0.506052684E+02   0.506063051E+02
   0.506071427E+02   0.506077047E+02   0.506079195E+02   0.506077339E+02
   0.506070996E+02   0.506059802E+02   0.506043877E+02   0.506023458E+02
   0.505998777E+02   0.505970029E+02   0.505937404E+02   0.505901082E+02
   0.505861209E+02   0.505817923E+02   0.505771355E+02   0.505721600E+02
   0.505668751E+02   0.505612894E+02   0.505554113E+02   0.505492490E+02
   0.505428111E+02   0.505361070E+02   0.505291466E+02   0.505219399E+02
   0.505144966E+02   0.505068264E+02   0.504989396E+02   0.504908467E+02
   0.504825590E+02   0.504740876E+02   0.504654447E+02   0.504566425E+02
   0.504476934E+02   0.504386087E+02   0.504293999E+02   0.504200780E+02
   0.504106535E+02   0.504011365E+02   0.503915370E+02   0.503818642E+02
   0.503721272E+02   0.503623348E+02   0.503524957E+02   0.503426184E+02
   0.503327114E+02   0.503227837E+02   0.503128444E+02   0.503029021E+02
   0.502929638E+02   0.502830363E+02   0.502731259E+02   0.502632378E+02
   0.502533768E+02   0.502435478E+02   0.502337556E+02   0.502240047E+02
   0.502143007E+02   0.502046530E+02   0.501950717E+02   0.501855673E+02
   0.501761513E+02   0.501668354E+02   0.501576311E+02   0.501485490E+02
   0.501395996E+02   0.501307930E+02   0.501221384E+02   0.501136448E+02
   0.501053210E+02   0.500971739E+02   0.500892103E+02   0.500814359E+02
   0.500738532E+02   0.500664639E+02   0.500592687E+02   0.500522649E+02
   0.500454490E+02   0.500388198E+02   0.500323856E+02   0.500261570E+02
   0.500201467E+02   0.500143744E+02   0.500088619E+02   0.500036353E+02
   0.499987380E+02   0.499942179E+02   0.499901104E+02   0.499864003E+02
   0.499830602E+02   0.499801739E+02   0.499782725E+02   0.499779985E+02
   0.499798183E+02   0.499834929E+02   0.499886074E+02   0.499947743E+02
   0.500017170E+02   0.500091870E+02   0.500169063E+02   0.500244814E+02
   0.500314896E+02   0.500375640E+02   0.500425605E+02   0.500463907E+02
   0.500489663E+02   0.500501989E+02   0.500500000E+02
Radial mesh: sqrt(Phi/Philim)
   0.000000000E+00   0.666666667E-02   0.133333333E-01   0.200000000E-01
   0.266666667E-01   0.333333333E-01   0.400000000E-01   0.466666667E-01
   0.533333333E-01   0.600000000E-01   0.666666667E-01   0.733333333E-01
   0.800000000E-01   0.866666667E-01   0.933333333E-01   0.100000000E+00
   0.106666667E+00   0.113333333E+00   0.120000000E+00   0.126666667E+00
   0.133333333E+00   0.140000000E+00   0.146666667E+00   0.153333333E+00
   0.160000000E+00   0.166666667E+00   0.173333333E+00   0.180000000E+00
   0.186666667E+00   0.193333333E+00   0.200000000E+00   0.206666667E+00
   0.213333333E+00   0.220000000E+00   0.226666667E+00   0.233333333E+00
   0.240000000E+00   0.246666667E+00   0.253333333E+00   0.260000000E+00
   0.266666667E+00   0.273333333E+00   0.280000000E+00   0.286666667E+00
   0.293333333E+00   0.300000000E+00   0.306666667E+00   0.313333333E+00
   0.320000000E+00   0.326666667E+00   0.333333333E+00   0.340000000E+00
   0.346666667E+00   0.353333333E+00   0.360000000E+00   0.366666667E+00
   0.373333333E+00   0.380000000E+00   0.386666667E+00   0.393333333E+00
   0.400000000E+00   0.406666667E+00   0.413333333E+00   0.420000000E+00
   0.426666667E+00   0.433333333E+00   0.440000000E+00   0.446666667E+00
   0.453333333E+00   0.460000000E+00   0.466666667E+00   0.473333333E+00
   0.480000000E+00   0.486666667E+00   0.493333333E+00   0.500000000E+00
   0.506666667E+00   0.513333333E+00   0.520000000E+00   0.526666667E+00
   0.533333333E+00   0.540000000E+00   0.546666667E+00   0.553333333E+00
   0.560000000E+00   0.566666667E+00   0.573333333E+00   0.580000000E+00
   0.586666667E+00   0.593333333E+00   0.600000000E+00   0.606666667E+00
   0.613333333E+00   0.620000000E+00   0.626666667E+00   0.633333333E+00
   0.640000000E+00   0.646666667E+00   0.653333333E+00   0.660000000E+00
   0.666666667E+00   0.673333333E+00   0.680000000E+00   0.686666667E+00
   0.693333333E+00   0.700000000E+00   0.706666667E+00   0.713333333E+00
   0.720000000E+00   0.726666667E+00   0.733333333E+00   0.740000000E+00
   0.746666667E+00   0.753333333E+00   0.760000000E+00   0.766666667E+00
   0.773333333E+00   0.780000000E+00   0.786666667E+00   0.793333333E+00
   0.800000000E+00   0.806666667E+00   0.813333333E+00   0.820000000E+00
   0.826666667E+00   0.833333333E+00   0.840000000E+00   0.846666667E+00
   0.853333333E+00   0.860000000E+00   0.866666667E+00   0.873333333E+00
   0.880000000E+00   0.886666667E+00   0.893333333E+00   0.900000000E+00
   0.906666667E+00   0.913333333E+00   0.920000000E+00   0.926666667E+00
   0.933333333E+00   0.940000000E+00   0.946666667E+00   0.953333333E+00
   0.960000000E+00   0.966666667E+00   0.973333333E+00   0.980000000E+00
   0.986666667E+00   0.993333333E+00   0.100000000E+01
Last surface (set to 1: TRANSP)
   0.100000000E+01
