2026-04-24 12:11:09,388 fastran_init_fastran_init_1 DEBUG    __initialize__(): <fastran.driver.fastran_init.fastran_init object at 0x7fbffd5ba250>  fastran_FPP_000001@fastran_init@1 
2026-04-24 12:11:09,396 fastran_init_fastran_init_1 DEBUG    Running - CompID =  fastran_FPP_000001@fastran_init@1
2026-04-24 12:11:09,397 fastran_init_fastran_init_1 DEBUG    _init_event_service(): self.counter = 0 - <fastran.driver.fastran_init.fastran_init object at 0x7fbffd5ba250>
2026-04-24 12:11:09,397 fastran_driver_fastran_driver_2 DEBUG    __initialize__(): <fastran.driver.fastran_driver.fastran_driver object at 0x7fbffd5bab80>  fastran_FPP_000001@fastran_driver@2 
2026-04-24 12:11:09,404 fastran_driver_fastran_driver_2 DEBUG    Running - CompID =  fastran_FPP_000001@fastran_driver@2
2026-04-24 12:11:09,405 fastran_driver_fastran_driver_2 DEBUG    _init_event_service(): self.counter = 0 - <fastran.driver.fastran_driver.fastran_driver object at 0x7fbffd5bab80>
2026-04-24 12:11:09,421 fastran_eq0_efit_3 DEBUG    __initialize__(): <fastran.equilibrium.efit.efit object at 0x7fbffd5c1670>  fastran_FPP_000001@efit@3 
2026-04-24 12:11:09,428 fastran_eq0_efit_3 DEBUG    Running - CompID =  fastran_FPP_000001@efit@3
2026-04-24 12:11:09,429 fastran_eq0_efit_3 DEBUG    _init_event_service(): self.counter = 0 - <fastran.equilibrium.efit.efit object at 0x7fbffd5c1670>
2026-04-24 12:11:09,447 fastran_tr0_fastran_4 DEBUG    __initialize__(): <fastran.solver.fastran.fastran object at 0x7fbffd5d7d30>  fastran_FPP_000001@fastran@4 
2026-04-24 12:11:09,453 fastran_tr0_fastran_4 DEBUG    Running - CompID =  fastran_FPP_000001@fastran@4
2026-04-24 12:11:09,454 fastran_tr0_fastran_4 DEBUG    _init_event_service(): self.counter = 0 - <fastran.solver.fastran.fastran object at 0x7fbffd5d7d30>
2026-04-24 12:11:09,468 fastran__impurity_radiation_5 DEBUG    __initialize__(): <fastran.radiation.impurity_radiation.impurity_radiation object at 0x7fbffd414ca0>  fastran_FPP_000001@impurity_radiation@5 
2026-04-24 12:11:09,474 fastran__impurity_radiation_5 DEBUG    Running - CompID =  fastran_FPP_000001@impurity_radiation@5
2026-04-24 12:11:09,475 fastran__impurity_radiation_5 DEBUG    _init_event_service(): self.counter = 0 - <fastran.radiation.impurity_radiation.impurity_radiation object at 0x7fbffd414ca0>
2026-04-24 12:11:09,483 fastran_ic_hcd_model_6 DEBUG    __initialize__(): <fastran.heating.hcd_model.hcd_model object at 0x7fbffd41f520>  fastran_FPP_000001@hcd_model@6 
2026-04-24 12:11:09,489 fastran_eq_efit_7 DEBUG    __initialize__(): <fastran.equilibrium.efit.efit object at 0x7fbffd41fd30>  fastran_FPP_000001@efit@7 
2026-04-24 12:11:09,490 fastran_ic_hcd_model_6 DEBUG    Running - CompID =  fastran_FPP_000001@hcd_model@6
2026-04-24 12:11:09,491 fastran_ic_hcd_model_6 DEBUG    _init_event_service(): self.counter = 0 - <fastran.heating.hcd_model.hcd_model object at 0x7fbffd41f520>
2026-04-24 12:11:09,494 fastran_tr_fastran_8 DEBUG    __initialize__(): <fastran.solver.fastran.fastran object at 0x7fbffd423640>  fastran_FPP_000001@fastran@8 
2026-04-24 12:11:09,495 fastran_eq_efit_7 DEBUG    Running - CompID =  fastran_FPP_000001@efit@7
2026-04-24 12:11:09,496 fastran_eq_efit_7 DEBUG    _init_event_service(): self.counter = 0 - <fastran.equilibrium.efit.efit object at 0x7fbffd41fd30>
2026-04-24 12:11:09,500 fastran_tr_fastran_8 DEBUG    Running - CompID =  fastran_FPP_000001@fastran@8
2026-04-24 12:11:09,501 fastran_tr_fastran_8 DEBUG    _init_event_service(): self.counter = 0 - <fastran.solver.fastran.fastran object at 0x7fbffd423640>
2026-04-24 12:11:09,809 fastran_init_fastran_init_1 DEBUG    Received Message 
2026-04-24 12:11:09,809 fastran_init_fastran_init_1 DEBUG    Calling method init(0)
2026-04-24 12:11:09,813 fastran_init_fastran_init_1 DEBUG    Received Message 
2026-04-24 12:11:09,813 fastran_init_fastran_init_1 DEBUG    Calling method step(0)
2026-04-24 12:11:09,819 fastran_init_fastran_init_1 DEBUG    _invoke_service(): getTopic  ('_IPS_MONITOR',)
2026-04-24 12:11:09,819 fastran_init_fastran_init_1 DEBUG    _get_service_response(REQUEST|fastran_FPP_000001@fastran_init@1|FRAMEWORK@Framework@0|0)
2026-04-24 12:11:09,831 fastran_init_fastran_init_1 DEBUG    _get_service_response(REQUEST|fastran_FPP_000001@fastran_init@1|FRAMEWORK@Framework@0|0), response = ServiceResponseMessage(sender_id=FRAMEWORK@Framework@0, receiver_id=fastran_FPP_000001@fastran_init@1, request_msg_id=REQUEST|fastran_FPP_000001@fastran_init@1|FRAMEWORK@Framework@0|0,status=0, args=(<ipsframework.cca_es_spec.Topic object at 0x7fbffd5bad30>,), message_id=RESPONSE|FRAMEWORK@Framework@0|fastran_FPP_000001@fastran_init@1|7)
2026-04-24 12:11:09,831 fastran_init_fastran_init_1 DEBUG    _invoke_service(): sendEvent  ('_IPS_MONITOR', 'PORTAL_EVENT', {'sim_name': 'fastran_FPP_000001', 'real_sim_name': 'fastran_FPP_000001', 'portal_data': {'code': 'fastran_init_fastran_init', 'eventtype': 'IPS_STAGE_INPUTS', 'ok': True, 'walltime': '3.32', 'time': '2026-04-24|12:11:09PDT', 'trace': {'timestamp': 1777057869814048, 'duration': 5487, 'localEndpoint': {'serviceName': 'stage_input_files'}, 'name': 'instate', 'id': '55339cced059be1a', 'parentId': '4aa442acb149fbac', 'tags': {}}, 'state': 'Running', 'comment': 'Elapsed time = 0.005 Path = /pscratch/sd/h/hswils/github_repos/MANTA_DBSCANS/RAD_Ar_coronal/input Files = instate'}})
2026-04-24 12:11:09,831 fastran_init_fastran_init_1 DEBUG    _get_service_response(REQUEST|fastran_FPP_000001@fastran_init@1|FRAMEWORK@Framework@0|1)
2026-04-24 12:11:09,842 fastran_init_fastran_init_1 DEBUG    _get_service_response(REQUEST|fastran_FPP_000001@fastran_init@1|FRAMEWORK@Framework@0|1), response = ServiceResponseMessage(sender_id=FRAMEWORK@Framework@0, receiver_id=fastran_FPP_000001@fastran_init@1, request_msg_id=REQUEST|fastran_FPP_000001@fastran_init@1|FRAMEWORK@Framework@0|1,status=0, args=(None,), message_id=RESPONSE|FRAMEWORK@Framework@0|fastran_FPP_000001@fastran_init@1|9)
2026-04-24 12:11:10,075 fastran_init_fastran_init_1 DEBUG    _invoke_service(): update_state  (['s000001.00001', 'g000001.00001', 'i000001.00001'], '/pscratch/sd/h/hswils/github_repos/MANTA_DBSCANS/RAD_Ar_coronal/SCAN/work/fastran_init_fastran_init_1', '/pscratch/sd/h/hswils/github_repos/MANTA_DBSCANS/RAD_Ar_coronal/SCAN/work/plasma_state')
2026-04-24 12:11:10,075 fastran_init_fastran_init_1 DEBUG    _get_service_response(REQUEST|fastran_FPP_000001@fastran_init@1|FRAMEWORK@Framework@0|2)
2026-04-24 12:11:10,094 fastran_init_fastran_init_1 DEBUG    _get_service_response(REQUEST|fastran_FPP_000001@fastran_init@1|FRAMEWORK@Framework@0|2), response = ServiceResponseMessage(sender_id=FRAMEWORK@Framework@0, receiver_id=fastran_FPP_000001@fastran_init@1, request_msg_id=REQUEST|fastran_FPP_000001@fastran_init@1|FRAMEWORK@Framework@0|2,status=0, args=(0,), message_id=RESPONSE|FRAMEWORK@Framework@0|fastran_FPP_000001@fastran_init@1|10)
2026-04-24 12:11:10,094 fastran_init_fastran_init_1 DEBUG    _invoke_service(): getTopic  ('_IPS_MONITOR',)
2026-04-24 12:11:10,094 fastran_init_fastran_init_1 DEBUG    _get_service_response(REQUEST|fastran_FPP_000001@fastran_init@1|FRAMEWORK@Framework@0|3)
2026-04-24 12:11:10,105 fastran_init_fastran_init_1 DEBUG    _get_service_response(REQUEST|fastran_FPP_000001@fastran_init@1|FRAMEWORK@Framework@0|3), response = ServiceResponseMessage(sender_id=FRAMEWORK@Framework@0, receiver_id=fastran_FPP_000001@fastran_init@1, request_msg_id=REQUEST|fastran_FPP_000001@fastran_init@1|FRAMEWORK@Framework@0|3,status=0, args=(<ipsframework.cca_es_spec.Topic object at 0x7fbffd54a040>,), message_id=RESPONSE|FRAMEWORK@Framework@0|fastran_FPP_000001@fastran_init@1|11)
2026-04-24 12:11:10,105 fastran_init_fastran_init_1 DEBUG    _invoke_service(): sendEvent  ('_IPS_MONITOR', 'PORTAL_EVENT', {'sim_name': 'fastran_FPP_000001', 'real_sim_name': 'fastran_FPP_000001', 'portal_data': {'code': 'fastran_init_fastran_init', 'eventtype': 'IPS_UPDATE_STATE', 'ok': True, 'walltime': '3.60', 'time': '2026-04-24|12:11:10PDT', 'trace': {'timestamp': 1777057870075326, 'duration': 19358, 'localEndpoint': {'serviceName': 'update_state'}, 'name': "['s000001.00001', 'g000001.00001', 'i000001.00001']", 'id': '7629e189a66153c0', 'parentId': '4aa442acb149fbac', 'tags': {}}, 'state': 'Running', 'comment': 'Elapsed time = 0.019   files = s000001.00001 g000001.00001 i000001.00001 Success'}})
2026-04-24 12:11:10,105 fastran_init_fastran_init_1 DEBUG    _get_service_response(REQUEST|fastran_FPP_000001@fastran_init@1|FRAMEWORK@Framework@0|4)
2026-04-24 12:11:10,116 fastran_init_fastran_init_1 DEBUG    _get_service_response(REQUEST|fastran_FPP_000001@fastran_init@1|FRAMEWORK@Framework@0|4), response = ServiceResponseMessage(sender_id=FRAMEWORK@Framework@0, receiver_id=fastran_FPP_000001@fastran_init@1, request_msg_id=REQUEST|fastran_FPP_000001@fastran_init@1|FRAMEWORK@Framework@0|4,status=0, args=(None,), message_id=RESPONSE|FRAMEWORK@Framework@0|fastran_FPP_000001@fastran_init@1|12)
2026-04-24 12:11:10,118 fastran_init_fastran_init_1 DEBUG    _invoke_service(): getTopic  ('_IPS_MONITOR',)
2026-04-24 12:11:10,118 fastran_init_fastran_init_1 DEBUG    _get_service_response(REQUEST|fastran_FPP_000001@fastran_init@1|FRAMEWORK@Framework@0|5)
2026-04-24 12:11:10,129 fastran_init_fastran_init_1 DEBUG    _get_service_response(REQUEST|fastran_FPP_000001@fastran_init@1|FRAMEWORK@Framework@0|5), response = ServiceResponseMessage(sender_id=FRAMEWORK@Framework@0, receiver_id=fastran_FPP_000001@fastran_init@1, request_msg_id=REQUEST|fastran_FPP_000001@fastran_init@1|FRAMEWORK@Framework@0|5,status=0, args=(<ipsframework.cca_es_spec.Topic object at 0x7fbffd549100>,), message_id=RESPONSE|FRAMEWORK@Framework@0|fastran_FPP_000001@fastran_init@1|13)
2026-04-24 12:11:10,129 fastran_init_fastran_init_1 DEBUG    _invoke_service(): sendEvent  ('_IPS_MONITOR', 'PORTAL_EVENT', {'sim_name': 'fastran_FPP_000001', 'real_sim_name': 'fastran_FPP_000001', 'portal_data': {'code': 'fastran_init_fastran_init', 'eventtype': 'IPS_STAGE_OUTPUTS', 'ok': True, 'walltime': '3.62', 'time': '2026-04-24|12:11:10PDT', 'trace': {'timestamp': 1777057870116396, 'duration': 2311, 'localEndpoint': {'serviceName': 'stage_output_files'}, 'name': '[]', 'id': 'ed019efe11be26d9', 'parentId': '4aa442acb149fbac', 'tags': {}}, 'state': 'Running', 'comment': 'Elapsed time = 0.002 Path = /pscratch/sd/h/hswils/github_repos/MANTA_DBSCANS/RAD_Ar_coronal/SCAN/simulation_results/0/components/fastran_init_fastran_init_1 Files = []'}})
2026-04-24 12:11:10,129 fastran_init_fastran_init_1 DEBUG    _get_service_response(REQUEST|fastran_FPP_000001@fastran_init@1|FRAMEWORK@Framework@0|6)
2026-04-24 12:11:10,140 fastran_init_fastran_init_1 DEBUG    _get_service_response(REQUEST|fastran_FPP_000001@fastran_init@1|FRAMEWORK@Framework@0|6), response = ServiceResponseMessage(sender_id=FRAMEWORK@Framework@0, receiver_id=fastran_FPP_000001@fastran_init@1, request_msg_id=REQUEST|fastran_FPP_000001@fastran_init@1|FRAMEWORK@Framework@0|6,status=0, args=(None,), message_id=RESPONSE|FRAMEWORK@Framework@0|fastran_FPP_000001@fastran_init@1|14)
2026-04-24 12:11:10,141 fastran_init_fastran_init_1 DEBUG    Received Message 
2026-04-24 12:11:10,141 fastran_init_fastran_init_1 DEBUG    Calling method finalize(0)
2026-04-24 12:11:10,142 fastran_driver_fastran_driver_2 DEBUG    Received Message 
2026-04-24 12:11:10,143 fastran_driver_fastran_driver_2 DEBUG    Calling method init(0)
2026-04-24 12:11:10,144 fastran_driver_fastran_driver_2 DEBUG    Received Message 
2026-04-24 12:11:10,144 fastran_driver_fastran_driver_2 DEBUG    Calling method step(0)
2026-04-24 12:11:10,145 fastran_driver_fastran_driver_2 DEBUG    _invoke_service(): getTopic  ('_IPS_MONITOR',)
2026-04-24 12:11:10,145 fastran_driver_fastran_driver_2 DEBUG    _get_service_response(REQUEST|fastran_FPP_000001@fastran_driver@2|FRAMEWORK@Framework@0|0)
2026-04-24 12:11:10,156 fastran_driver_fastran_driver_2 DEBUG    _get_service_response(REQUEST|fastran_FPP_000001@fastran_driver@2|FRAMEWORK@Framework@0|0), response = ServiceResponseMessage(sender_id=FRAMEWORK@Framework@0, receiver_id=fastran_FPP_000001@fastran_driver@2, request_msg_id=REQUEST|fastran_FPP_000001@fastran_driver@2|FRAMEWORK@Framework@0|0,status=0, args=(<ipsframework.cca_es_spec.Topic object at 0x7fbffd5c6520>,), message_id=RESPONSE|FRAMEWORK@Framework@0|fastran_FPP_000001@fastran_driver@2|15)
2026-04-24 12:11:10,156 fastran_driver_fastran_driver_2 DEBUG    _invoke_service(): sendEvent  ('_IPS_MONITOR', 'PORTAL_EVENT', {'sim_name': 'fastran_FPP_000001', 'real_sim_name': 'fastran_FPP_000001', 'portal_data': {'code': 'fastran_driver_fastran_driver', 'eventtype': 'IPS_STAGE_INPUTS', 'ok': True, 'walltime': '3.65', 'time': '2026-04-24|12:11:10PDT', 'trace': {'timestamp': 1777057870144997, 'duration': 138, 'localEndpoint': {'serviceName': 'stage_input_files'}, 'name': '', 'id': 'e70cb59b389672bf', 'parentId': 'f899e3e5886669ce', 'tags': {}}, 'state': 'Running', 'comment': 'Elapsed time = 0.000 Path = /pscratch/sd/h/hswils/github_repos/MANTA_DBSCANS/RAD_Ar_coronal/input Files = '}})
2026-04-24 12:11:10,156 fastran_driver_fastran_driver_2 DEBUG    _get_service_response(REQUEST|fastran_FPP_000001@fastran_driver@2|FRAMEWORK@Framework@0|1)
2026-04-24 12:11:10,167 fastran_driver_fastran_driver_2 DEBUG    _get_service_response(REQUEST|fastran_FPP_000001@fastran_driver@2|FRAMEWORK@Framework@0|1), response = ServiceResponseMessage(sender_id=FRAMEWORK@Framework@0, receiver_id=fastran_FPP_000001@fastran_driver@2, request_msg_id=REQUEST|fastran_FPP_000001@fastran_driver@2|FRAMEWORK@Framework@0|1,status=0, args=(None,), message_id=RESPONSE|FRAMEWORK@Framework@0|fastran_FPP_000001@fastran_driver@2|16)
2026-04-24 12:11:10,167 fastran_driver_fastran_driver_2 DEBUG    _invoke_service(): stage_state  (['s000001.00001', 'g000001.00001', 'i000001.00001'], '/pscratch/sd/h/hswils/github_repos/MANTA_DBSCANS/RAD_Ar_coronal/SCAN/work/plasma_state', '/pscratch/sd/h/hswils/github_repos/MANTA_DBSCANS/RAD_Ar_coronal/SCAN/work/fastran_driver_fastran_driver_2')
2026-04-24 12:11:10,167 fastran_driver_fastran_driver_2 DEBUG    _get_service_response(REQUEST|fastran_FPP_000001@fastran_driver@2|FRAMEWORK@Framework@0|2)
2026-04-24 12:11:10,186 fastran_driver_fastran_driver_2 DEBUG    _get_service_response(REQUEST|fastran_FPP_000001@fastran_driver@2|FRAMEWORK@Framework@0|2), response = ServiceResponseMessage(sender_id=FRAMEWORK@Framework@0, receiver_id=fastran_FPP_000001@fastran_driver@2, request_msg_id=REQUEST|fastran_FPP_000001@fastran_driver@2|FRAMEWORK@Framework@0|2,status=0, args=(0,), message_id=RESPONSE|FRAMEWORK@Framework@0|fastran_FPP_000001@fastran_driver@2|17)
2026-04-24 12:11:10,186 fastran_driver_fastran_driver_2 DEBUG    _invoke_service(): getTopic  ('_IPS_MONITOR',)
2026-04-24 12:11:10,186 fastran_driver_fastran_driver_2 DEBUG    _get_service_response(REQUEST|fastran_FPP_000001@fastran_driver@2|FRAMEWORK@Framework@0|3)
2026-04-24 12:11:10,197 fastran_driver_fastran_driver_2 DEBUG    _get_service_response(REQUEST|fastran_FPP_000001@fastran_driver@2|FRAMEWORK@Framework@0|3), response = ServiceResponseMessage(sender_id=FRAMEWORK@Framework@0, receiver_id=fastran_FPP_000001@fastran_driver@2, request_msg_id=REQUEST|fastran_FPP_000001@fastran_driver@2|FRAMEWORK@Framework@0|3,status=0, args=(<ipsframework.cca_es_spec.Topic object at 0x7fbffd5c64f0>,), message_id=RESPONSE|FRAMEWORK@Framework@0|fastran_FPP_000001@fastran_driver@2|18)
2026-04-24 12:11:10,197 fastran_driver_fastran_driver_2 DEBUG    _invoke_service(): sendEvent  ('_IPS_MONITOR', 'PORTAL_EVENT', {'sim_name': 'fastran_FPP_000001', 'real_sim_name': 'fastran_FPP_000001', 'portal_data': {'code': 'fastran_driver_fastran_driver', 'eventtype': 'IPS_STAGE_STATE', 'ok': True, 'walltime': '3.69', 'time': '2026-04-24|12:11:10PDT', 'trace': {'timestamp': 1777057870167493, 'duration': 18982, 'localEndpoint': {'serviceName': 'stage_state'}, 'name': "['s000001.00001', 'g000001.00001', 'i000001.00001']", 'id': '71885aecf25d7412', 'parentId': 'f899e3e5886669ce', 'tags': {}}, 'state': 'Running', 'comment': 'Elapsed time = 0.019  files = s000001.00001 g000001.00001 i000001.00001 Success'}})
2026-04-24 12:11:10,197 fastran_driver_fastran_driver_2 DEBUG    _get_service_response(REQUEST|fastran_FPP_000001@fastran_driver@2|FRAMEWORK@Framework@0|4)
2026-04-24 12:11:10,207 fastran_driver_fastran_driver_2 DEBUG    _get_service_response(REQUEST|fastran_FPP_000001@fastran_driver@2|FRAMEWORK@Framework@0|4), response = ServiceResponseMessage(sender_id=FRAMEWORK@Framework@0, receiver_id=fastran_FPP_000001@fastran_driver@2, request_msg_id=REQUEST|fastran_FPP_000001@fastran_driver@2|FRAMEWORK@Framework@0|4,status=0, args=(None,), message_id=RESPONSE|FRAMEWORK@Framework@0|fastran_FPP_000001@fastran_driver@2|19)
2026-04-24 12:11:10,208 fastran_driver_fastran_driver_2 DEBUG    _invoke_service(): get_port  ('INIT',)
2026-04-24 12:11:10,208 fastran_driver_fastran_driver_2 DEBUG    _get_service_response(REQUEST|fastran_FPP_000001@fastran_driver@2|FRAMEWORK@Framework@0|5)
2026-04-24 12:11:10,219 fastran_driver_fastran_driver_2 DEBUG    _get_service_response(REQUEST|fastran_FPP_000001@fastran_driver@2|FRAMEWORK@Framework@0|5), response = ServiceResponseMessage(sender_id=FRAMEWORK@Framework@0, receiver_id=fastran_FPP_000001@fastran_driver@2, request_msg_id=REQUEST|fastran_FPP_000001@fastran_driver@2|FRAMEWORK@Framework@0|5,status=0, args=(fastran_FPP_000001@fastran_init@1,), message_id=RESPONSE|FRAMEWORK@Framework@0|fastran_FPP_000001@fastran_driver@2|20)
2026-04-24 12:11:10,219 fastran_driver_fastran_driver_2 DEBUG    _invoke_service(): get_port  ('EQ0',)
2026-04-24 12:11:10,219 fastran_driver_fastran_driver_2 DEBUG    _get_service_response(REQUEST|fastran_FPP_000001@fastran_driver@2|FRAMEWORK@Framework@0|6)
2026-04-24 12:11:10,229 fastran_driver_fastran_driver_2 DEBUG    _get_service_response(REQUEST|fastran_FPP_000001@fastran_driver@2|FRAMEWORK@Framework@0|6), response = ServiceResponseMessage(sender_id=FRAMEWORK@Framework@0, receiver_id=fastran_FPP_000001@fastran_driver@2, request_msg_id=REQUEST|fastran_FPP_000001@fastran_driver@2|FRAMEWORK@Framework@0|6,status=0, args=(fastran_FPP_000001@efit@3,), message_id=RESPONSE|FRAMEWORK@Framework@0|fastran_FPP_000001@fastran_driver@2|21)
2026-04-24 12:11:10,230 fastran_driver_fastran_driver_2 DEBUG    _invoke_service(): get_port  ('TR0',)
2026-04-24 12:11:10,230 fastran_driver_fastran_driver_2 DEBUG    _get_service_response(REQUEST|fastran_FPP_000001@fastran_driver@2|FRAMEWORK@Framework@0|7)
2026-04-24 12:11:10,241 fastran_driver_fastran_driver_2 DEBUG    _get_service_response(REQUEST|fastran_FPP_000001@fastran_driver@2|FRAMEWORK@Framework@0|7), response = ServiceResponseMessage(sender_id=FRAMEWORK@Framework@0, receiver_id=fastran_FPP_000001@fastran_driver@2, request_msg_id=REQUEST|fastran_FPP_000001@fastran_driver@2|FRAMEWORK@Framework@0|7,status=0, args=(fastran_FPP_000001@fastran@4,), message_id=RESPONSE|FRAMEWORK@Framework@0|fastran_FPP_000001@fastran_driver@2|22)
2026-04-24 12:11:10,241 fastran_driver_fastran_driver_2 DEBUG    _invoke_service(): get_port  ('RAD',)
2026-04-24 12:11:10,241 fastran_driver_fastran_driver_2 DEBUG    _get_service_response(REQUEST|fastran_FPP_000001@fastran_driver@2|FRAMEWORK@Framework@0|8)
2026-04-24 12:11:10,252 fastran_driver_fastran_driver_2 DEBUG    _get_service_response(REQUEST|fastran_FPP_000001@fastran_driver@2|FRAMEWORK@Framework@0|8), response = ServiceResponseMessage(sender_id=FRAMEWORK@Framework@0, receiver_id=fastran_FPP_000001@fastran_driver@2, request_msg_id=REQUEST|fastran_FPP_000001@fastran_driver@2|FRAMEWORK@Framework@0|8,status=0, args=(fastran_FPP_000001@impurity_radiation@5,), message_id=RESPONSE|FRAMEWORK@Framework@0|fastran_FPP_000001@fastran_driver@2|23)
2026-04-24 12:11:10,252 fastran_driver_fastran_driver_2 DEBUG    _invoke_service(): get_port  ('HCD0',)
2026-04-24 12:11:10,252 fastran_driver_fastran_driver_2 DEBUG    _get_service_response(REQUEST|fastran_FPP_000001@fastran_driver@2|FRAMEWORK@Framework@0|9)
2026-04-24 12:11:10,263 fastran_driver_fastran_driver_2 DEBUG    _get_service_response(REQUEST|fastran_FPP_000001@fastran_driver@2|FRAMEWORK@Framework@0|9), response = ServiceResponseMessage(sender_id=FRAMEWORK@Framework@0, receiver_id=fastran_FPP_000001@fastran_driver@2, request_msg_id=REQUEST|fastran_FPP_000001@fastran_driver@2|FRAMEWORK@Framework@0|9,status=0, args=(fastran_FPP_000001@hcd_model@6,), message_id=RESPONSE|FRAMEWORK@Framework@0|fastran_FPP_000001@fastran_driver@2|24)
2026-04-24 12:11:10,263 fastran_driver_fastran_driver_2 DEBUG    _invoke_service(): get_port  ('EQ',)
2026-04-24 12:11:10,263 fastran_driver_fastran_driver_2 DEBUG    _get_service_response(REQUEST|fastran_FPP_000001@fastran_driver@2|FRAMEWORK@Framework@0|10)
2026-04-24 12:11:10,274 fastran_driver_fastran_driver_2 DEBUG    _get_service_response(REQUEST|fastran_FPP_000001@fastran_driver@2|FRAMEWORK@Framework@0|10), response = ServiceResponseMessage(sender_id=FRAMEWORK@Framework@0, receiver_id=fastran_FPP_000001@fastran_driver@2, request_msg_id=REQUEST|fastran_FPP_000001@fastran_driver@2|FRAMEWORK@Framework@0|10,status=0, args=(fastran_FPP_000001@efit@7,), message_id=RESPONSE|FRAMEWORK@Framework@0|fastran_FPP_000001@fastran_driver@2|25)
2026-04-24 12:11:10,274 fastran_driver_fastran_driver_2 DEBUG    _invoke_service(): get_port  ('TR',)
2026-04-24 12:11:10,274 fastran_driver_fastran_driver_2 DEBUG    _get_service_response(REQUEST|fastran_FPP_000001@fastran_driver@2|FRAMEWORK@Framework@0|11)
2026-04-24 12:11:10,285 fastran_driver_fastran_driver_2 DEBUG    _get_service_response(REQUEST|fastran_FPP_000001@fastran_driver@2|FRAMEWORK@Framework@0|11), response = ServiceResponseMessage(sender_id=FRAMEWORK@Framework@0, receiver_id=fastran_FPP_000001@fastran_driver@2, request_msg_id=REQUEST|fastran_FPP_000001@fastran_driver@2|FRAMEWORK@Framework@0|11,status=0, args=(fastran_FPP_000001@fastran@8,), message_id=RESPONSE|FRAMEWORK@Framework@0|fastran_FPP_000001@fastran_driver@2|26)
2026-04-24 12:11:10,285 fastran_driver_fastran_driver_2 DEBUG    _invoke_service(): getTopic  ('_IPS_MONITOR',)
2026-04-24 12:11:10,285 fastran_driver_fastran_driver_2 DEBUG    _get_service_response(REQUEST|fastran_FPP_000001@fastran_driver@2|FRAMEWORK@Framework@0|12)
2026-04-24 12:11:10,296 fastran_driver_fastran_driver_2 DEBUG    _get_service_response(REQUEST|fastran_FPP_000001@fastran_driver@2|FRAMEWORK@Framework@0|12), response = ServiceResponseMessage(sender_id=FRAMEWORK@Framework@0, receiver_id=fastran_FPP_000001@fastran_driver@2, request_msg_id=REQUEST|fastran_FPP_000001@fastran_driver@2|FRAMEWORK@Framework@0|12,status=0, args=(<ipsframework.cca_es_spec.Topic object at 0x7fbffd5c68e0>,), message_id=RESPONSE|FRAMEWORK@Framework@0|fastran_FPP_000001@fastran_driver@2|27)
2026-04-24 12:11:10,296 fastran_driver_fastran_driver_2 DEBUG    _invoke_service(): sendEvent  ('_IPS_MONITOR', 'PORTAL_EVENT', {'sim_name': 'fastran_FPP_000001', 'real_sim_name': 'fastran_FPP_000001', 'portal_data': {'code': 'fastran_driver_fastran_driver', 'eventtype': 'IPS_CALL_BEGIN', 'ok': True, 'walltime': '3.79', 'time': '2026-04-24|12:11:10PDT', 'state': 'Running', 'comment': 'Target = fastran_FPP_000001@efit@3:init(0)'}})
2026-04-24 12:11:10,296 fastran_driver_fastran_driver_2 DEBUG    _get_service_response(REQUEST|fastran_FPP_000001@fastran_driver@2|FRAMEWORK@Framework@0|13)
2026-04-24 12:11:10,307 fastran_driver_fastran_driver_2 DEBUG    _get_service_response(REQUEST|fastran_FPP_000001@fastran_driver@2|FRAMEWORK@Framework@0|13), response = ServiceResponseMessage(sender_id=FRAMEWORK@Framework@0, receiver_id=fastran_FPP_000001@fastran_driver@2, request_msg_id=REQUEST|fastran_FPP_000001@fastran_driver@2|FRAMEWORK@Framework@0|13,status=0, args=(None,), message_id=RESPONSE|FRAMEWORK@Framework@0|fastran_FPP_000001@fastran_driver@2|28)
2026-04-24 12:11:10,307 fastran_driver_fastran_driver_2 DEBUG    _invoke_service(): init_call  ('init', '0')
2026-04-24 12:11:10,308 fastran_driver_fastran_driver_2 DEBUG    _get_service_response(REQUEST|fastran_FPP_000001@fastran_driver@2|FRAMEWORK@Framework@0|14)
2026-04-24 12:11:10,309 fastran_eq0_efit_3 DEBUG    Received Message 
2026-04-24 12:11:10,309 fastran_eq0_efit_3 DEBUG    Calling method init(0)
2026-04-24 12:11:10,311 fastran_eq0_efit_3 DEBUG    _invoke_service(): stage_state  (['s000001.00001', 'g000001.00001', 'i000001.00001'], '/pscratch/sd/h/hswils/github_repos/MANTA_DBSCANS/RAD_Ar_coronal/SCAN/work/plasma_state', '/pscratch/sd/h/hswils/github_repos/MANTA_DBSCANS/RAD_Ar_coronal/SCAN/work/fastran_eq0_efit_3')
2026-04-24 12:11:10,312 fastran_eq0_efit_3 DEBUG    _get_service_response(REQUEST|fastran_FPP_000001@efit@3|FRAMEWORK@Framework@0|0)
2026-04-24 12:11:10,319 fastran_driver_fastran_driver_2 DEBUG    _get_service_response(REQUEST|fastran_FPP_000001@fastran_driver@2|FRAMEWORK@Framework@0|14), response = ServiceResponseMessage(sender_id=FRAMEWORK@Framework@0, receiver_id=fastran_FPP_000001@fastran_driver@2, request_msg_id=REQUEST|fastran_FPP_000001@fastran_driver@2|FRAMEWORK@Framework@0|14,status=0, args=(11,), message_id=RESPONSE|FRAMEWORK@Framework@0|fastran_FPP_000001@fastran_driver@2|29)
2026-04-24 12:11:10,319 fastran_driver_fastran_driver_2 DEBUG    _invoke_service(): wait_call  (11, True)
2026-04-24 12:11:10,319 fastran_driver_fastran_driver_2 DEBUG    _get_service_response(REQUEST|fastran_FPP_000001@fastran_driver@2|FRAMEWORK@Framework@0|15)
2026-04-24 12:11:10,330 fastran_eq0_efit_3 DEBUG    _get_service_response(REQUEST|fastran_FPP_000001@efit@3|FRAMEWORK@Framework@0|0), response = ServiceResponseMessage(sender_id=FRAMEWORK@Framework@0, receiver_id=fastran_FPP_000001@efit@3, request_msg_id=REQUEST|fastran_FPP_000001@efit@3|FRAMEWORK@Framework@0|0,status=0, args=(0,), message_id=RESPONSE|FRAMEWORK@Framework@0|fastran_FPP_000001@efit@3|30)
2026-04-24 12:11:10,331 fastran_eq0_efit_3 DEBUG    _invoke_service(): getTopic  ('_IPS_MONITOR',)
2026-04-24 12:11:10,331 fastran_eq0_efit_3 DEBUG    _get_service_response(REQUEST|fastran_FPP_000001@efit@3|FRAMEWORK@Framework@0|1)
2026-04-24 12:11:10,341 fastran_eq0_efit_3 DEBUG    _get_service_response(REQUEST|fastran_FPP_000001@efit@3|FRAMEWORK@Framework@0|1), response = ServiceResponseMessage(sender_id=FRAMEWORK@Framework@0, receiver_id=fastran_FPP_000001@efit@3, request_msg_id=REQUEST|fastran_FPP_000001@efit@3|FRAMEWORK@Framework@0|1,status=0, args=(<ipsframework.cca_es_spec.Topic object at 0x7fbffd5d9130>,), message_id=RESPONSE|FRAMEWORK@Framework@0|fastran_FPP_000001@efit@3|31)
2026-04-24 12:11:10,341 fastran_eq0_efit_3 DEBUG    _invoke_service(): sendEvent  ('_IPS_MONITOR', 'PORTAL_EVENT', {'sim_name': 'fastran_FPP_000001', 'real_sim_name': 'fastran_FPP_000001', 'portal_data': {'code': 'fastran_eq0_efit', 'eventtype': 'IPS_STAGE_STATE', 'ok': True, 'walltime': '3.83', 'time': '2026-04-24|12:11:10PDT', 'trace': {'timestamp': 1777057870311870, 'duration': 18997, 'localEndpoint': {'serviceName': 'stage_state'}, 'name': "['s000001.00001', 'g000001.00001', 'i000001.00001']", 'id': '71885aecf25d7412', 'parentId': '545edfc5a3ffe396', 'tags': {}}, 'state': 'Running', 'comment': 'Elapsed time = 0.019  files = s000001.00001 g000001.00001 i000001.00001 Success'}})
2026-04-24 12:11:10,341 fastran_eq0_efit_3 DEBUG    _get_service_response(REQUEST|fastran_FPP_000001@efit@3|FRAMEWORK@Framework@0|2)
2026-04-24 12:11:10,352 fastran_eq0_efit_3 DEBUG    _get_service_response(REQUEST|fastran_FPP_000001@efit@3|FRAMEWORK@Framework@0|2), response = ServiceResponseMessage(sender_id=FRAMEWORK@Framework@0, receiver_id=fastran_FPP_000001@efit@3, request_msg_id=REQUEST|fastran_FPP_000001@efit@3|FRAMEWORK@Framework@0|2,status=0, args=(None,), message_id=RESPONSE|FRAMEWORK@Framework@0|fastran_FPP_000001@efit@3|33)
2026-04-24 12:11:11,865 fastran_eq0_efit_3 DEBUG    _invoke_service(): update_state  (['s000001.00001', 'g000001.00001', 'i000001.00001'], '/pscratch/sd/h/hswils/github_repos/MANTA_DBSCANS/RAD_Ar_coronal/SCAN/work/fastran_eq0_efit_3', '/pscratch/sd/h/hswils/github_repos/MANTA_DBSCANS/RAD_Ar_coronal/SCAN/work/plasma_state')
2026-04-24 12:11:11,865 fastran_eq0_efit_3 DEBUG    _get_service_response(REQUEST|fastran_FPP_000001@efit@3|FRAMEWORK@Framework@0|3)
2026-04-24 12:11:11,886 fastran_eq0_efit_3 DEBUG    _get_service_response(REQUEST|fastran_FPP_000001@efit@3|FRAMEWORK@Framework@0|3), response = ServiceResponseMessage(sender_id=FRAMEWORK@Framework@0, receiver_id=fastran_FPP_000001@efit@3, request_msg_id=REQUEST|fastran_FPP_000001@efit@3|FRAMEWORK@Framework@0|3,status=0, args=(0,), message_id=RESPONSE|FRAMEWORK@Framework@0|fastran_FPP_000001@efit@3|36)
2026-04-24 12:11:11,886 fastran_eq0_efit_3 DEBUG    _invoke_service(): getTopic  ('_IPS_MONITOR',)
2026-04-24 12:11:11,887 fastran_eq0_efit_3 DEBUG    _get_service_response(REQUEST|fastran_FPP_000001@efit@3|FRAMEWORK@Framework@0|4)
2026-04-24 12:11:11,897 fastran_eq0_efit_3 DEBUG    _get_service_response(REQUEST|fastran_FPP_000001@efit@3|FRAMEWORK@Framework@0|4), response = ServiceResponseMessage(sender_id=FRAMEWORK@Framework@0, receiver_id=fastran_FPP_000001@efit@3, request_msg_id=REQUEST|fastran_FPP_000001@efit@3|FRAMEWORK@Framework@0|4,status=0, args=(<ipsframework.cca_es_spec.Topic object at 0x7fbffd5c1850>,), message_id=RESPONSE|FRAMEWORK@Framework@0|fastran_FPP_000001@efit@3|38)
2026-04-24 12:11:11,897 fastran_eq0_efit_3 DEBUG    _invoke_service(): sendEvent  ('_IPS_MONITOR', 'PORTAL_EVENT', {'sim_name': 'fastran_FPP_000001', 'real_sim_name': 'fastran_FPP_000001', 'portal_data': {'code': 'fastran_eq0_efit', 'eventtype': 'IPS_UPDATE_STATE', 'ok': True, 'walltime': '5.39', 'time': '2026-04-24|12:11:11PDT', 'trace': {'timestamp': 1777057871865188, 'duration': 21570, 'localEndpoint': {'serviceName': 'update_state'}, 'name': "['s000001.00001', 'g000001.00001', 'i000001.00001']", 'id': '7629e189a66153c0', 'parentId': '545edfc5a3ffe396', 'tags': {}}, 'state': 'Running', 'comment': 'Elapsed time = 0.022   files = s000001.00001 g000001.00001 i000001.00001 Success'}})
2026-04-24 12:11:11,897 fastran_eq0_efit_3 DEBUG    _get_service_response(REQUEST|fastran_FPP_000001@efit@3|FRAMEWORK@Framework@0|5)
2026-04-24 12:11:11,908 fastran_eq0_efit_3 DEBUG    _get_service_response(REQUEST|fastran_FPP_000001@efit@3|FRAMEWORK@Framework@0|5), response = ServiceResponseMessage(sender_id=FRAMEWORK@Framework@0, receiver_id=fastran_FPP_000001@efit@3, request_msg_id=REQUEST|fastran_FPP_000001@efit@3|FRAMEWORK@Framework@0|5,status=0, args=(None,), message_id=RESPONSE|FRAMEWORK@Framework@0|fastran_FPP_000001@efit@3|39)
2026-04-24 12:11:11,918 fastran_driver_fastran_driver_2 DEBUG    _get_service_response(REQUEST|fastran_FPP_000001@fastran_driver@2|FRAMEWORK@Framework@0|15), response = ServiceResponseMessage(sender_id=FRAMEWORK@Framework@0, receiver_id=fastran_FPP_000001@fastran_driver@2, request_msg_id=REQUEST|fastran_FPP_000001@fastran_driver@2|FRAMEWORK@Framework@0|15,status=0, args=((None,),), message_id=RESPONSE|FRAMEWORK@Framework@0|fastran_FPP_000001@fastran_driver@2|40)
2026-04-24 12:11:11,919 fastran_driver_fastran_driver_2 DEBUG    _invoke_service(): getTopic  ('_IPS_MONITOR',)
2026-04-24 12:11:11,919 fastran_driver_fastran_driver_2 DEBUG    _get_service_response(REQUEST|fastran_FPP_000001@fastran_driver@2|FRAMEWORK@Framework@0|16)
2026-04-24 12:11:11,930 fastran_driver_fastran_driver_2 DEBUG    _get_service_response(REQUEST|fastran_FPP_000001@fastran_driver@2|FRAMEWORK@Framework@0|16), response = ServiceResponseMessage(sender_id=FRAMEWORK@Framework@0, receiver_id=fastran_FPP_000001@fastran_driver@2, request_msg_id=REQUEST|fastran_FPP_000001@fastran_driver@2|FRAMEWORK@Framework@0|16,status=0, args=(<ipsframework.cca_es_spec.Topic object at 0x7fbffd5c6550>,), message_id=RESPONSE|FRAMEWORK@Framework@0|fastran_FPP_000001@fastran_driver@2|41)
2026-04-24 12:11:11,930 fastran_driver_fastran_driver_2 DEBUG    _invoke_service(): sendEvent  ('_IPS_MONITOR', 'PORTAL_EVENT', {'sim_name': 'fastran_FPP_000001', 'real_sim_name': 'fastran_FPP_000001', 'portal_data': {'code': 'fastran_driver_fastran_driver', 'eventtype': 'IPS_CALL_END', 'ok': True, 'walltime': '5.42', 'time': '2026-04-24|12:11:11PDT', 'trace': {'timestamp': 1777057870319379, 'duration': 1599668, 'localEndpoint': {'serviceName': 'fastran_FPP_000001@efit@3'}, 'name': 'init(0)', 'id': '545edfc5a3ffe396', 'parentId': 'f899e3e5886669ce', 'tags': {}}, 'state': 'Running', 'comment': 'Target = fastran_FPP_000001@efit@3:init(0)'}})
2026-04-24 12:11:11,930 fastran_driver_fastran_driver_2 DEBUG    _get_service_response(REQUEST|fastran_FPP_000001@fastran_driver@2|FRAMEWORK@Framework@0|17)
2026-04-24 12:11:11,941 fastran_driver_fastran_driver_2 DEBUG    _get_service_response(REQUEST|fastran_FPP_000001@fastran_driver@2|FRAMEWORK@Framework@0|17), response = ServiceResponseMessage(sender_id=FRAMEWORK@Framework@0, receiver_id=fastran_FPP_000001@fastran_driver@2, request_msg_id=REQUEST|fastran_FPP_000001@fastran_driver@2|FRAMEWORK@Framework@0|17,status=0, args=(None,), message_id=RESPONSE|FRAMEWORK@Framework@0|fastran_FPP_000001@fastran_driver@2|42)
2026-04-24 12:11:11,941 fastran_driver_fastran_driver_2 DEBUG    _invoke_service(): getTopic  ('_IPS_MONITOR',)
2026-04-24 12:11:11,941 fastran_driver_fastran_driver_2 DEBUG    _get_service_response(REQUEST|fastran_FPP_000001@fastran_driver@2|FRAMEWORK@Framework@0|18)
2026-04-24 12:11:11,952 fastran_driver_fastran_driver_2 DEBUG    _get_service_response(REQUEST|fastran_FPP_000001@fastran_driver@2|FRAMEWORK@Framework@0|18), response = ServiceResponseMessage(sender_id=FRAMEWORK@Framework@0, receiver_id=fastran_FPP_000001@fastran_driver@2, request_msg_id=REQUEST|fastran_FPP_000001@fastran_driver@2|FRAMEWORK@Framework@0|18,status=0, args=(<ipsframework.cca_es_spec.Topic object at 0x7fbffd5c65b0>,), message_id=RESPONSE|FRAMEWORK@Framework@0|fastran_FPP_000001@fastran_driver@2|43)
2026-04-24 12:11:11,952 fastran_driver_fastran_driver_2 DEBUG    _invoke_service(): sendEvent  ('_IPS_MONITOR', 'PORTAL_EVENT', {'sim_name': 'fastran_FPP_000001', 'real_sim_name': 'fastran_FPP_000001', 'portal_data': {'code': 'fastran_driver_fastran_driver', 'eventtype': 'IPS_CALL_BEGIN', 'ok': True, 'walltime': '5.44', 'time': '2026-04-24|12:11:11PDT', 'state': 'Running', 'comment': 'Target = fastran_FPP_000001@fastran@4:init(0)'}})
2026-04-24 12:11:11,952 fastran_driver_fastran_driver_2 DEBUG    _get_service_response(REQUEST|fastran_FPP_000001@fastran_driver@2|FRAMEWORK@Framework@0|19)
2026-04-24 12:11:11,963 fastran_driver_fastran_driver_2 DEBUG    _get_service_response(REQUEST|fastran_FPP_000001@fastran_driver@2|FRAMEWORK@Framework@0|19), response = ServiceResponseMessage(sender_id=FRAMEWORK@Framework@0, receiver_id=fastran_FPP_000001@fastran_driver@2, request_msg_id=REQUEST|fastran_FPP_000001@fastran_driver@2|FRAMEWORK@Framework@0|19,status=0, args=(None,), message_id=RESPONSE|FRAMEWORK@Framework@0|fastran_FPP_000001@fastran_driver@2|44)
2026-04-24 12:11:11,963 fastran_driver_fastran_driver_2 DEBUG    _invoke_service(): init_call  ('init', '0')
2026-04-24 12:11:11,963 fastran_driver_fastran_driver_2 DEBUG    _get_service_response(REQUEST|fastran_FPP_000001@fastran_driver@2|FRAMEWORK@Framework@0|20)
2026-04-24 12:11:11,964 fastran_tr0_fastran_4 DEBUG    Received Message 
2026-04-24 12:11:11,964 fastran_tr0_fastran_4 DEBUG    Calling method init(0)
2026-04-24 12:11:11,974 fastran_driver_fastran_driver_2 DEBUG    _get_service_response(REQUEST|fastran_FPP_000001@fastran_driver@2|FRAMEWORK@Framework@0|20), response = ServiceResponseMessage(sender_id=FRAMEWORK@Framework@0, receiver_id=fastran_FPP_000001@fastran_driver@2, request_msg_id=REQUEST|fastran_FPP_000001@fastran_driver@2|FRAMEWORK@Framework@0|20,status=0, args=(12,), message_id=RESPONSE|FRAMEWORK@Framework@0|fastran_FPP_000001@fastran_driver@2|45)
2026-04-24 12:11:11,974 fastran_driver_fastran_driver_2 DEBUG    _invoke_service(): wait_call  (12, True)
2026-04-24 12:11:11,974 fastran_driver_fastran_driver_2 DEBUG    _get_service_response(REQUEST|fastran_FPP_000001@fastran_driver@2|FRAMEWORK@Framework@0|21)
2026-04-24 12:11:11,985 fastran_driver_fastran_driver_2 DEBUG    _get_service_response(REQUEST|fastran_FPP_000001@fastran_driver@2|FRAMEWORK@Framework@0|21), response = ServiceResponseMessage(sender_id=FRAMEWORK@Framework@0, receiver_id=fastran_FPP_000001@fastran_driver@2, request_msg_id=REQUEST|fastran_FPP_000001@fastran_driver@2|FRAMEWORK@Framework@0|21,status=0, args=((None,),), message_id=RESPONSE|FRAMEWORK@Framework@0|fastran_FPP_000001@fastran_driver@2|46)
2026-04-24 12:11:11,985 fastran_driver_fastran_driver_2 DEBUG    _invoke_service(): getTopic  ('_IPS_MONITOR',)
2026-04-24 12:11:11,985 fastran_driver_fastran_driver_2 DEBUG    _get_service_response(REQUEST|fastran_FPP_000001@fastran_driver@2|FRAMEWORK@Framework@0|22)
2026-04-24 12:11:11,996 fastran_driver_fastran_driver_2 DEBUG    _get_service_response(REQUEST|fastran_FPP_000001@fastran_driver@2|FRAMEWORK@Framework@0|22), response = ServiceResponseMessage(sender_id=FRAMEWORK@Framework@0, receiver_id=fastran_FPP_000001@fastran_driver@2, request_msg_id=REQUEST|fastran_FPP_000001@fastran_driver@2|FRAMEWORK@Framework@0|22,status=0, args=(<ipsframework.cca_es_spec.Topic object at 0x7fbffd5c6550>,), message_id=RESPONSE|FRAMEWORK@Framework@0|fastran_FPP_000001@fastran_driver@2|47)
2026-04-24 12:11:11,996 fastran_driver_fastran_driver_2 DEBUG    _invoke_service(): sendEvent  ('_IPS_MONITOR', 'PORTAL_EVENT', {'sim_name': 'fastran_FPP_000001', 'real_sim_name': 'fastran_FPP_000001', 'portal_data': {'code': 'fastran_driver_fastran_driver', 'eventtype': 'IPS_CALL_END', 'ok': True, 'walltime': '5.49', 'time': '2026-04-24|12:11:11PDT', 'trace': {'timestamp': 1777057871974668, 'duration': 11032, 'localEndpoint': {'serviceName': 'fastran_FPP_000001@fastran@4'}, 'name': 'init(0)', 'id': '2dfda25fbdd3f2fb', 'parentId': 'f899e3e5886669ce', 'tags': {}}, 'state': 'Running', 'comment': 'Target = fastran_FPP_000001@fastran@4:init(0)'}})
2026-04-24 12:11:11,996 fastran_driver_fastran_driver_2 DEBUG    _get_service_response(REQUEST|fastran_FPP_000001@fastran_driver@2|FRAMEWORK@Framework@0|23)
2026-04-24 12:11:12,007 fastran_driver_fastran_driver_2 DEBUG    _get_service_response(REQUEST|fastran_FPP_000001@fastran_driver@2|FRAMEWORK@Framework@0|23), response = ServiceResponseMessage(sender_id=FRAMEWORK@Framework@0, receiver_id=fastran_FPP_000001@fastran_driver@2, request_msg_id=REQUEST|fastran_FPP_000001@fastran_driver@2|FRAMEWORK@Framework@0|23,status=0, args=(None,), message_id=RESPONSE|FRAMEWORK@Framework@0|fastran_FPP_000001@fastran_driver@2|48)
2026-04-24 12:11:12,007 fastran_driver_fastran_driver_2 DEBUG    _invoke_service(): getTopic  ('_IPS_MONITOR',)
2026-04-24 12:11:12,007 fastran_driver_fastran_driver_2 DEBUG    _get_service_response(REQUEST|fastran_FPP_000001@fastran_driver@2|FRAMEWORK@Framework@0|24)
2026-04-24 12:11:12,018 fastran_driver_fastran_driver_2 DEBUG    _get_service_response(REQUEST|fastran_FPP_000001@fastran_driver@2|FRAMEWORK@Framework@0|24), response = ServiceResponseMessage(sender_id=FRAMEWORK@Framework@0, receiver_id=fastran_FPP_000001@fastran_driver@2, request_msg_id=REQUEST|fastran_FPP_000001@fastran_driver@2|FRAMEWORK@Framework@0|24,status=0, args=(<ipsframework.cca_es_spec.Topic object at 0x7fbffd5c64f0>,), message_id=RESPONSE|FRAMEWORK@Framework@0|fastran_FPP_000001@fastran_driver@2|49)
2026-04-24 12:11:12,018 fastran_driver_fastran_driver_2 DEBUG    _invoke_service(): sendEvent  ('_IPS_MONITOR', 'PORTAL_EVENT', {'sim_name': 'fastran_FPP_000001', 'real_sim_name': 'fastran_FPP_000001', 'portal_data': {'code': 'fastran_driver_fastran_driver', 'eventtype': 'IPS_CALL_BEGIN', 'ok': True, 'walltime': '5.51', 'time': '2026-04-24|12:11:12PDT', 'state': 'Running', 'comment': 'Target = fastran_FPP_000001@impurity_radiation@5:init(0)'}})
2026-04-24 12:11:12,018 fastran_driver_fastran_driver_2 DEBUG    _get_service_response(REQUEST|fastran_FPP_000001@fastran_driver@2|FRAMEWORK@Framework@0|25)
2026-04-24 12:11:12,029 fastran_driver_fastran_driver_2 DEBUG    _get_service_response(REQUEST|fastran_FPP_000001@fastran_driver@2|FRAMEWORK@Framework@0|25), response = ServiceResponseMessage(sender_id=FRAMEWORK@Framework@0, receiver_id=fastran_FPP_000001@fastran_driver@2, request_msg_id=REQUEST|fastran_FPP_000001@fastran_driver@2|FRAMEWORK@Framework@0|25,status=0, args=(None,), message_id=RESPONSE|FRAMEWORK@Framework@0|fastran_FPP_000001@fastran_driver@2|50)
2026-04-24 12:11:12,029 fastran_driver_fastran_driver_2 DEBUG    _invoke_service(): init_call  ('init', '0')
2026-04-24 12:11:12,029 fastran_driver_fastran_driver_2 DEBUG    _get_service_response(REQUEST|fastran_FPP_000001@fastran_driver@2|FRAMEWORK@Framework@0|26)
2026-04-24 12:11:12,031 fastran__impurity_radiation_5 DEBUG    Received Message 
2026-04-24 12:11:12,031 fastran__impurity_radiation_5 DEBUG    Calling method init(0)
2026-04-24 12:11:12,031 fastran__impurity_radiation_5 DEBUG    _invoke_service(): stage_state  (['s000001.00001', 'g000001.00001', 'i000001.00001'], '/pscratch/sd/h/hswils/github_repos/MANTA_DBSCANS/RAD_Ar_coronal/SCAN/work/plasma_state', '/pscratch/sd/h/hswils/github_repos/MANTA_DBSCANS/RAD_Ar_coronal/SCAN/work/fastran__impurity_radiation_5')
2026-04-24 12:11:12,031 fastran__impurity_radiation_5 DEBUG    _get_service_response(REQUEST|fastran_FPP_000001@impurity_radiation@5|FRAMEWORK@Framework@0|0)
2026-04-24 12:11:12,041 fastran_driver_fastran_driver_2 DEBUG    _get_service_response(REQUEST|fastran_FPP_000001@fastran_driver@2|FRAMEWORK@Framework@0|26), response = ServiceResponseMessage(sender_id=FRAMEWORK@Framework@0, receiver_id=fastran_FPP_000001@fastran_driver@2, request_msg_id=REQUEST|fastran_FPP_000001@fastran_driver@2|FRAMEWORK@Framework@0|26,status=0, args=(13,), message_id=RESPONSE|FRAMEWORK@Framework@0|fastran_FPP_000001@fastran_driver@2|51)
2026-04-24 12:11:12,041 fastran_driver_fastran_driver_2 DEBUG    _invoke_service(): wait_call  (13, True)
2026-04-24 12:11:12,041 fastran_driver_fastran_driver_2 DEBUG    _get_service_response(REQUEST|fastran_FPP_000001@fastran_driver@2|FRAMEWORK@Framework@0|27)
2026-04-24 12:11:12,052 fastran__impurity_radiation_5 DEBUG    _get_service_response(REQUEST|fastran_FPP_000001@impurity_radiation@5|FRAMEWORK@Framework@0|0), response = ServiceResponseMessage(sender_id=FRAMEWORK@Framework@0, receiver_id=fastran_FPP_000001@impurity_radiation@5, request_msg_id=REQUEST|fastran_FPP_000001@impurity_radiation@5|FRAMEWORK@Framework@0|0,status=0, args=(0,), message_id=RESPONSE|FRAMEWORK@Framework@0|fastran_FPP_000001@impurity_radiation@5|52)
2026-04-24 12:11:12,053 fastran__impurity_radiation_5 DEBUG    _invoke_service(): getTopic  ('_IPS_MONITOR',)
2026-04-24 12:11:12,053 fastran__impurity_radiation_5 DEBUG    _get_service_response(REQUEST|fastran_FPP_000001@impurity_radiation@5|FRAMEWORK@Framework@0|1)
2026-04-24 12:11:12,063 fastran__impurity_radiation_5 DEBUG    _get_service_response(REQUEST|fastran_FPP_000001@impurity_radiation@5|FRAMEWORK@Framework@0|1), response = ServiceResponseMessage(sender_id=FRAMEWORK@Framework@0, receiver_id=fastran_FPP_000001@impurity_radiation@5, request_msg_id=REQUEST|fastran_FPP_000001@impurity_radiation@5|FRAMEWORK@Framework@0|1,status=0, args=(<ipsframework.cca_es_spec.Topic object at 0x7fbffd41d370>,), message_id=RESPONSE|FRAMEWORK@Framework@0|fastran_FPP_000001@impurity_radiation@5|53)
2026-04-24 12:11:12,063 fastran__impurity_radiation_5 DEBUG    _invoke_service(): sendEvent  ('_IPS_MONITOR', 'PORTAL_EVENT', {'sim_name': 'fastran_FPP_000001', 'real_sim_name': 'fastran_FPP_000001', 'portal_data': {'code': 'fastran__impurity_radiation', 'eventtype': 'IPS_STAGE_STATE', 'ok': True, 'walltime': '5.56', 'time': '2026-04-24|12:11:12PDT', 'trace': {'timestamp': 1777057872031288, 'duration': 21676, 'localEndpoint': {'serviceName': 'stage_state'}, 'name': "['s000001.00001', 'g000001.00001', 'i000001.00001']", 'id': '71885aecf25d7412', 'parentId': '1a9b8874f301cc93', 'tags': {}}, 'state': 'Running', 'comment': 'Elapsed time = 0.022  files = s000001.00001 g000001.00001 i000001.00001 Success'}})
2026-04-24 12:11:12,064 fastran__impurity_radiation_5 DEBUG    _get_service_response(REQUEST|fastran_FPP_000001@impurity_radiation@5|FRAMEWORK@Framework@0|2)
2026-04-24 12:11:12,074 fastran__impurity_radiation_5 DEBUG    _get_service_response(REQUEST|fastran_FPP_000001@impurity_radiation@5|FRAMEWORK@Framework@0|2), response = ServiceResponseMessage(sender_id=FRAMEWORK@Framework@0, receiver_id=fastran_FPP_000001@impurity_radiation@5, request_msg_id=REQUEST|fastran_FPP_000001@impurity_radiation@5|FRAMEWORK@Framework@0|2,status=0, args=(None,), message_id=RESPONSE|FRAMEWORK@Framework@0|fastran_FPP_000001@impurity_radiation@5|54)
2026-04-24 12:11:12,211 fastran_driver_fastran_driver_2 DEBUG    _get_service_response(REQUEST|fastran_FPP_000001@fastran_driver@2|FRAMEWORK@Framework@0|27), response = ServiceResponseMessage(sender_id=FRAMEWORK@Framework@0, receiver_id=fastran_FPP_000001@fastran_driver@2, request_msg_id=REQUEST|fastran_FPP_000001@fastran_driver@2|FRAMEWORK@Framework@0|27,status=0, args=((None,),), message_id=RESPONSE|FRAMEWORK@Framework@0|fastran_FPP_000001@fastran_driver@2|55)
2026-04-24 12:11:12,211 fastran_driver_fastran_driver_2 DEBUG    _invoke_service(): getTopic  ('_IPS_MONITOR',)
2026-04-24 12:11:12,211 fastran_driver_fastran_driver_2 DEBUG    _get_service_response(REQUEST|fastran_FPP_000001@fastran_driver@2|FRAMEWORK@Framework@0|28)
2026-04-24 12:11:12,222 fastran_driver_fastran_driver_2 DEBUG    _get_service_response(REQUEST|fastran_FPP_000001@fastran_driver@2|FRAMEWORK@Framework@0|28), response = ServiceResponseMessage(sender_id=FRAMEWORK@Framework@0, receiver_id=fastran_FPP_000001@fastran_driver@2, request_msg_id=REQUEST|fastran_FPP_000001@fastran_driver@2|FRAMEWORK@Framework@0|28,status=0, args=(<ipsframework.cca_es_spec.Topic object at 0x7fbffd5c6550>,), message_id=RESPONSE|FRAMEWORK@Framework@0|fastran_FPP_000001@fastran_driver@2|56)
2026-04-24 12:11:12,222 fastran_driver_fastran_driver_2 DEBUG    _invoke_service(): sendEvent  ('_IPS_MONITOR', 'PORTAL_EVENT', {'sim_name': 'fastran_FPP_000001', 'real_sim_name': 'fastran_FPP_000001', 'portal_data': {'code': 'fastran_driver_fastran_driver', 'eventtype': 'IPS_CALL_END', 'ok': True, 'walltime': '5.71', 'time': '2026-04-24|12:11:12PDT', 'trace': {'timestamp': 1777057872041050, 'duration': 170345, 'localEndpoint': {'serviceName': 'fastran_FPP_000001@impurity_radiation@5'}, 'name': 'init(0)', 'id': '1a9b8874f301cc93', 'parentId': 'f899e3e5886669ce', 'tags': {}}, 'state': 'Running', 'comment': 'Target = fastran_FPP_000001@impurity_radiation@5:init(0)'}})
2026-04-24 12:11:12,222 fastran_driver_fastran_driver_2 DEBUG    _get_service_response(REQUEST|fastran_FPP_000001@fastran_driver@2|FRAMEWORK@Framework@0|29)
2026-04-24 12:11:12,233 fastran_driver_fastran_driver_2 DEBUG    _get_service_response(REQUEST|fastran_FPP_000001@fastran_driver@2|FRAMEWORK@Framework@0|29), response = ServiceResponseMessage(sender_id=FRAMEWORK@Framework@0, receiver_id=fastran_FPP_000001@fastran_driver@2, request_msg_id=REQUEST|fastran_FPP_000001@fastran_driver@2|FRAMEWORK@Framework@0|29,status=0, args=(None,), message_id=RESPONSE|FRAMEWORK@Framework@0|fastran_FPP_000001@fastran_driver@2|57)
2026-04-24 12:11:12,233 fastran_driver_fastran_driver_2 DEBUG    _invoke_service(): getTopic  ('_IPS_MONITOR',)
2026-04-24 12:11:12,233 fastran_driver_fastran_driver_2 DEBUG    _get_service_response(REQUEST|fastran_FPP_000001@fastran_driver@2|FRAMEWORK@Framework@0|30)
2026-04-24 12:11:12,244 fastran_driver_fastran_driver_2 DEBUG    _get_service_response(REQUEST|fastran_FPP_000001@fastran_driver@2|FRAMEWORK@Framework@0|30), response = ServiceResponseMessage(sender_id=FRAMEWORK@Framework@0, receiver_id=fastran_FPP_000001@fastran_driver@2, request_msg_id=REQUEST|fastran_FPP_000001@fastran_driver@2|FRAMEWORK@Framework@0|30,status=0, args=(<ipsframework.cca_es_spec.Topic object at 0x7fbffd5c65b0>,), message_id=RESPONSE|FRAMEWORK@Framework@0|fastran_FPP_000001@fastran_driver@2|58)
2026-04-24 12:11:12,244 fastran_driver_fastran_driver_2 DEBUG    _invoke_service(): sendEvent  ('_IPS_MONITOR', 'PORTAL_EVENT', {'sim_name': 'fastran_FPP_000001', 'real_sim_name': 'fastran_FPP_000001', 'portal_data': {'code': 'fastran_driver_fastran_driver', 'eventtype': 'IPS_CALL_BEGIN', 'ok': True, 'walltime': '5.74', 'time': '2026-04-24|12:11:12PDT', 'state': 'Running', 'comment': 'Target = fastran_FPP_000001@hcd_model@6:init(0)'}})
2026-04-24 12:11:12,244 fastran_driver_fastran_driver_2 DEBUG    _get_service_response(REQUEST|fastran_FPP_000001@fastran_driver@2|FRAMEWORK@Framework@0|31)
2026-04-24 12:11:12,255 fastran_driver_fastran_driver_2 DEBUG    _get_service_response(REQUEST|fastran_FPP_000001@fastran_driver@2|FRAMEWORK@Framework@0|31), response = ServiceResponseMessage(sender_id=FRAMEWORK@Framework@0, receiver_id=fastran_FPP_000001@fastran_driver@2, request_msg_id=REQUEST|fastran_FPP_000001@fastran_driver@2|FRAMEWORK@Framework@0|31,status=0, args=(None,), message_id=RESPONSE|FRAMEWORK@Framework@0|fastran_FPP_000001@fastran_driver@2|59)
2026-04-24 12:11:12,255 fastran_driver_fastran_driver_2 DEBUG    _invoke_service(): init_call  ('init', '0')
2026-04-24 12:11:12,255 fastran_driver_fastran_driver_2 DEBUG    _get_service_response(REQUEST|fastran_FPP_000001@fastran_driver@2|FRAMEWORK@Framework@0|32)
2026-04-24 12:11:12,256 fastran_ic_hcd_model_6 DEBUG    Received Message 
2026-04-24 12:11:12,256 fastran_ic_hcd_model_6 DEBUG    Calling method init(0)
2026-04-24 12:11:12,266 fastran_driver_fastran_driver_2 DEBUG    _get_service_response(REQUEST|fastran_FPP_000001@fastran_driver@2|FRAMEWORK@Framework@0|32), response = ServiceResponseMessage(sender_id=FRAMEWORK@Framework@0, receiver_id=fastran_FPP_000001@fastran_driver@2, request_msg_id=REQUEST|fastran_FPP_000001@fastran_driver@2|FRAMEWORK@Framework@0|32,status=0, args=(14,), message_id=RESPONSE|FRAMEWORK@Framework@0|fastran_FPP_000001@fastran_driver@2|60)
2026-04-24 12:11:12,266 fastran_driver_fastran_driver_2 DEBUG    _invoke_service(): wait_call  (14, True)
2026-04-24 12:11:12,267 fastran_driver_fastran_driver_2 DEBUG    _get_service_response(REQUEST|fastran_FPP_000001@fastran_driver@2|FRAMEWORK@Framework@0|33)
2026-04-24 12:11:12,277 fastran_driver_fastran_driver_2 DEBUG    _get_service_response(REQUEST|fastran_FPP_000001@fastran_driver@2|FRAMEWORK@Framework@0|33), response = ServiceResponseMessage(sender_id=FRAMEWORK@Framework@0, receiver_id=fastran_FPP_000001@fastran_driver@2, request_msg_id=REQUEST|fastran_FPP_000001@fastran_driver@2|FRAMEWORK@Framework@0|33,status=0, args=((None,),), message_id=RESPONSE|FRAMEWORK@Framework@0|fastran_FPP_000001@fastran_driver@2|61)
2026-04-24 12:11:12,277 fastran_driver_fastran_driver_2 DEBUG    _invoke_service(): getTopic  ('_IPS_MONITOR',)
2026-04-24 12:11:12,278 fastran_driver_fastran_driver_2 DEBUG    _get_service_response(REQUEST|fastran_FPP_000001@fastran_driver@2|FRAMEWORK@Framework@0|34)
2026-04-24 12:11:12,288 fastran_driver_fastran_driver_2 DEBUG    _get_service_response(REQUEST|fastran_FPP_000001@fastran_driver@2|FRAMEWORK@Framework@0|34), response = ServiceResponseMessage(sender_id=FRAMEWORK@Framework@0, receiver_id=fastran_FPP_000001@fastran_driver@2, request_msg_id=REQUEST|fastran_FPP_000001@fastran_driver@2|FRAMEWORK@Framework@0|34,status=0, args=(<ipsframework.cca_es_spec.Topic object at 0x7fbffd5c6550>,), message_id=RESPONSE|FRAMEWORK@Framework@0|fastran_FPP_000001@fastran_driver@2|62)
2026-04-24 12:11:12,288 fastran_driver_fastran_driver_2 DEBUG    _invoke_service(): sendEvent  ('_IPS_MONITOR', 'PORTAL_EVENT', {'sim_name': 'fastran_FPP_000001', 'real_sim_name': 'fastran_FPP_000001', 'portal_data': {'code': 'fastran_driver_fastran_driver', 'eventtype': 'IPS_CALL_END', 'ok': True, 'walltime': '5.78', 'time': '2026-04-24|12:11:12PDT', 'trace': {'timestamp': 1777057872266941, 'duration': 10923, 'localEndpoint': {'serviceName': 'fastran_FPP_000001@hcd_model@6'}, 'name': 'init(0)', 'id': '79133d47a6537a4e', 'parentId': 'f899e3e5886669ce', 'tags': {}}, 'state': 'Running', 'comment': 'Target = fastran_FPP_000001@hcd_model@6:init(0)'}})
2026-04-24 12:11:12,288 fastran_driver_fastran_driver_2 DEBUG    _get_service_response(REQUEST|fastran_FPP_000001@fastran_driver@2|FRAMEWORK@Framework@0|35)
2026-04-24 12:11:12,299 fastran_driver_fastran_driver_2 DEBUG    _get_service_response(REQUEST|fastran_FPP_000001@fastran_driver@2|FRAMEWORK@Framework@0|35), response = ServiceResponseMessage(sender_id=FRAMEWORK@Framework@0, receiver_id=fastran_FPP_000001@fastran_driver@2, request_msg_id=REQUEST|fastran_FPP_000001@fastran_driver@2|FRAMEWORK@Framework@0|35,status=0, args=(None,), message_id=RESPONSE|FRAMEWORK@Framework@0|fastran_FPP_000001@fastran_driver@2|63)
2026-04-24 12:11:12,300 fastran_driver_fastran_driver_2 DEBUG    _invoke_service(): getTopic  ('_IPS_MONITOR',)
2026-04-24 12:11:12,300 fastran_driver_fastran_driver_2 DEBUG    _get_service_response(REQUEST|fastran_FPP_000001@fastran_driver@2|FRAMEWORK@Framework@0|36)
2026-04-24 12:11:12,310 fastran_driver_fastran_driver_2 DEBUG    _get_service_response(REQUEST|fastran_FPP_000001@fastran_driver@2|FRAMEWORK@Framework@0|36), response = ServiceResponseMessage(sender_id=FRAMEWORK@Framework@0, receiver_id=fastran_FPP_000001@fastran_driver@2, request_msg_id=REQUEST|fastran_FPP_000001@fastran_driver@2|FRAMEWORK@Framework@0|36,status=0, args=(<ipsframework.cca_es_spec.Topic object at 0x7fbffd5c64f0>,), message_id=RESPONSE|FRAMEWORK@Framework@0|fastran_FPP_000001@fastran_driver@2|64)
2026-04-24 12:11:12,310 fastran_driver_fastran_driver_2 DEBUG    _invoke_service(): sendEvent  ('_IPS_MONITOR', 'PORTAL_EVENT', {'sim_name': 'fastran_FPP_000001', 'real_sim_name': 'fastran_FPP_000001', 'portal_data': {'code': 'fastran_driver_fastran_driver', 'eventtype': 'IPS_CALL_BEGIN', 'ok': True, 'walltime': '5.80', 'time': '2026-04-24|12:11:12PDT', 'state': 'Running', 'comment': 'Target = fastran_FPP_000001@efit@7:init(0)'}})
2026-04-24 12:11:12,310 fastran_driver_fastran_driver_2 DEBUG    _get_service_response(REQUEST|fastran_FPP_000001@fastran_driver@2|FRAMEWORK@Framework@0|37)
2026-04-24 12:11:12,321 fastran_driver_fastran_driver_2 DEBUG    _get_service_response(REQUEST|fastran_FPP_000001@fastran_driver@2|FRAMEWORK@Framework@0|37), response = ServiceResponseMessage(sender_id=FRAMEWORK@Framework@0, receiver_id=fastran_FPP_000001@fastran_driver@2, request_msg_id=REQUEST|fastran_FPP_000001@fastran_driver@2|FRAMEWORK@Framework@0|37,status=0, args=(None,), message_id=RESPONSE|FRAMEWORK@Framework@0|fastran_FPP_000001@fastran_driver@2|65)
2026-04-24 12:11:12,321 fastran_driver_fastran_driver_2 DEBUG    _invoke_service(): init_call  ('init', '0')
2026-04-24 12:11:12,321 fastran_driver_fastran_driver_2 DEBUG    _get_service_response(REQUEST|fastran_FPP_000001@fastran_driver@2|FRAMEWORK@Framework@0|38)
2026-04-24 12:11:12,323 fastran_eq_efit_7 DEBUG    Received Message 
2026-04-24 12:11:12,323 fastran_eq_efit_7 DEBUG    Calling method init(0)
2026-04-24 12:11:12,333 fastran_driver_fastran_driver_2 DEBUG    _get_service_response(REQUEST|fastran_FPP_000001@fastran_driver@2|FRAMEWORK@Framework@0|38), response = ServiceResponseMessage(sender_id=FRAMEWORK@Framework@0, receiver_id=fastran_FPP_000001@fastran_driver@2, request_msg_id=REQUEST|fastran_FPP_000001@fastran_driver@2|FRAMEWORK@Framework@0|38,status=0, args=(15,), message_id=RESPONSE|FRAMEWORK@Framework@0|fastran_FPP_000001@fastran_driver@2|66)
2026-04-24 12:11:12,333 fastran_driver_fastran_driver_2 DEBUG    _invoke_service(): wait_call  (15, True)
2026-04-24 12:11:12,333 fastran_driver_fastran_driver_2 DEBUG    _get_service_response(REQUEST|fastran_FPP_000001@fastran_driver@2|FRAMEWORK@Framework@0|39)
2026-04-24 12:11:12,343 fastran_driver_fastran_driver_2 DEBUG    _get_service_response(REQUEST|fastran_FPP_000001@fastran_driver@2|FRAMEWORK@Framework@0|39), response = ServiceResponseMessage(sender_id=FRAMEWORK@Framework@0, receiver_id=fastran_FPP_000001@fastran_driver@2, request_msg_id=REQUEST|fastran_FPP_000001@fastran_driver@2|FRAMEWORK@Framework@0|39,status=0, args=((None,),), message_id=RESPONSE|FRAMEWORK@Framework@0|fastran_FPP_000001@fastran_driver@2|67)
2026-04-24 12:11:12,344 fastran_driver_fastran_driver_2 DEBUG    _invoke_service(): getTopic  ('_IPS_MONITOR',)
2026-04-24 12:11:12,344 fastran_driver_fastran_driver_2 DEBUG    _get_service_response(REQUEST|fastran_FPP_000001@fastran_driver@2|FRAMEWORK@Framework@0|40)
2026-04-24 12:11:12,354 fastran_driver_fastran_driver_2 DEBUG    _get_service_response(REQUEST|fastran_FPP_000001@fastran_driver@2|FRAMEWORK@Framework@0|40), response = ServiceResponseMessage(sender_id=FRAMEWORK@Framework@0, receiver_id=fastran_FPP_000001@fastran_driver@2, request_msg_id=REQUEST|fastran_FPP_000001@fastran_driver@2|FRAMEWORK@Framework@0|40,status=0, args=(<ipsframework.cca_es_spec.Topic object at 0x7fbffd5c6550>,), message_id=RESPONSE|FRAMEWORK@Framework@0|fastran_FPP_000001@fastran_driver@2|68)
2026-04-24 12:11:12,355 fastran_driver_fastran_driver_2 DEBUG    _invoke_service(): sendEvent  ('_IPS_MONITOR', 'PORTAL_EVENT', {'sim_name': 'fastran_FPP_000001', 'real_sim_name': 'fastran_FPP_000001', 'portal_data': {'code': 'fastran_driver_fastran_driver', 'eventtype': 'IPS_CALL_END', 'ok': True, 'walltime': '5.85', 'time': '2026-04-24|12:11:12PDT', 'trace': {'timestamp': 1777057872333291, 'duration': 10727, 'localEndpoint': {'serviceName': 'fastran_FPP_000001@efit@7'}, 'name': 'init(0)', 'id': '87f19c9b49f8de42', 'parentId': 'f899e3e5886669ce', 'tags': {}}, 'state': 'Running', 'comment': 'Target = fastran_FPP_000001@efit@7:init(0)'}})
2026-04-24 12:11:12,355 fastran_driver_fastran_driver_2 DEBUG    _get_service_response(REQUEST|fastran_FPP_000001@fastran_driver@2|FRAMEWORK@Framework@0|41)
2026-04-24 12:11:12,365 fastran_driver_fastran_driver_2 DEBUG    _get_service_response(REQUEST|fastran_FPP_000001@fastran_driver@2|FRAMEWORK@Framework@0|41), response = ServiceResponseMessage(sender_id=FRAMEWORK@Framework@0, receiver_id=fastran_FPP_000001@fastran_driver@2, request_msg_id=REQUEST|fastran_FPP_000001@fastran_driver@2|FRAMEWORK@Framework@0|41,status=0, args=(None,), message_id=RESPONSE|FRAMEWORK@Framework@0|fastran_FPP_000001@fastran_driver@2|69)
2026-04-24 12:11:12,366 fastran_driver_fastran_driver_2 DEBUG    _invoke_service(): getTopic  ('_IPS_MONITOR',)
2026-04-24 12:11:12,366 fastran_driver_fastran_driver_2 DEBUG    _get_service_response(REQUEST|fastran_FPP_000001@fastran_driver@2|FRAMEWORK@Framework@0|42)
2026-04-24 12:11:12,377 fastran_driver_fastran_driver_2 DEBUG    _get_service_response(REQUEST|fastran_FPP_000001@fastran_driver@2|FRAMEWORK@Framework@0|42), response = ServiceResponseMessage(sender_id=FRAMEWORK@Framework@0, receiver_id=fastran_FPP_000001@fastran_driver@2, request_msg_id=REQUEST|fastran_FPP_000001@fastran_driver@2|FRAMEWORK@Framework@0|42,status=0, args=(<ipsframework.cca_es_spec.Topic object at 0x7fbffd5c65b0>,), message_id=RESPONSE|FRAMEWORK@Framework@0|fastran_FPP_000001@fastran_driver@2|70)
2026-04-24 12:11:12,377 fastran_driver_fastran_driver_2 DEBUG    _invoke_service(): sendEvent  ('_IPS_MONITOR', 'PORTAL_EVENT', {'sim_name': 'fastran_FPP_000001', 'real_sim_name': 'fastran_FPP_000001', 'portal_data': {'code': 'fastran_driver_fastran_driver', 'eventtype': 'IPS_CALL_BEGIN', 'ok': True, 'walltime': '5.87', 'time': '2026-04-24|12:11:12PDT', 'state': 'Running', 'comment': 'Target = fastran_FPP_000001@fastran@8:init(0)'}})
2026-04-24 12:11:12,377 fastran_driver_fastran_driver_2 DEBUG    _get_service_response(REQUEST|fastran_FPP_000001@fastran_driver@2|FRAMEWORK@Framework@0|43)
2026-04-24 12:11:12,388 fastran_driver_fastran_driver_2 DEBUG    _get_service_response(REQUEST|fastran_FPP_000001@fastran_driver@2|FRAMEWORK@Framework@0|43), response = ServiceResponseMessage(sender_id=FRAMEWORK@Framework@0, receiver_id=fastran_FPP_000001@fastran_driver@2, request_msg_id=REQUEST|fastran_FPP_000001@fastran_driver@2|FRAMEWORK@Framework@0|43,status=0, args=(None,), message_id=RESPONSE|FRAMEWORK@Framework@0|fastran_FPP_000001@fastran_driver@2|71)
2026-04-24 12:11:12,388 fastran_driver_fastran_driver_2 DEBUG    _invoke_service(): init_call  ('init', '0')
2026-04-24 12:11:12,388 fastran_driver_fastran_driver_2 DEBUG    _get_service_response(REQUEST|fastran_FPP_000001@fastran_driver@2|FRAMEWORK@Framework@0|44)
2026-04-24 12:11:12,389 fastran_tr_fastran_8 DEBUG    Received Message 
2026-04-24 12:11:12,389 fastran_tr_fastran_8 DEBUG    Calling method init(0)
2026-04-24 12:11:12,400 fastran_driver_fastran_driver_2 DEBUG    _get_service_response(REQUEST|fastran_FPP_000001@fastran_driver@2|FRAMEWORK@Framework@0|44), response = ServiceResponseMessage(sender_id=FRAMEWORK@Framework@0, receiver_id=fastran_FPP_000001@fastran_driver@2, request_msg_id=REQUEST|fastran_FPP_000001@fastran_driver@2|FRAMEWORK@Framework@0|44,status=0, args=(16,), message_id=RESPONSE|FRAMEWORK@Framework@0|fastran_FPP_000001@fastran_driver@2|72)
2026-04-24 12:11:12,400 fastran_driver_fastran_driver_2 DEBUG    _invoke_service(): wait_call  (16, True)
2026-04-24 12:11:12,400 fastran_driver_fastran_driver_2 DEBUG    _get_service_response(REQUEST|fastran_FPP_000001@fastran_driver@2|FRAMEWORK@Framework@0|45)
2026-04-24 12:11:12,411 fastran_driver_fastran_driver_2 DEBUG    _get_service_response(REQUEST|fastran_FPP_000001@fastran_driver@2|FRAMEWORK@Framework@0|45), response = ServiceResponseMessage(sender_id=FRAMEWORK@Framework@0, receiver_id=fastran_FPP_000001@fastran_driver@2, request_msg_id=REQUEST|fastran_FPP_000001@fastran_driver@2|FRAMEWORK@Framework@0|45,status=0, args=((None,),), message_id=RESPONSE|FRAMEWORK@Framework@0|fastran_FPP_000001@fastran_driver@2|74)
2026-04-24 12:11:12,411 fastran_driver_fastran_driver_2 DEBUG    _invoke_service(): getTopic  ('_IPS_MONITOR',)
2026-04-24 12:11:12,411 fastran_driver_fastran_driver_2 DEBUG    _get_service_response(REQUEST|fastran_FPP_000001@fastran_driver@2|FRAMEWORK@Framework@0|46)
2026-04-24 12:11:12,422 fastran_driver_fastran_driver_2 DEBUG    _get_service_response(REQUEST|fastran_FPP_000001@fastran_driver@2|FRAMEWORK@Framework@0|46), response = ServiceResponseMessage(sender_id=FRAMEWORK@Framework@0, receiver_id=fastran_FPP_000001@fastran_driver@2, request_msg_id=REQUEST|fastran_FPP_000001@fastran_driver@2|FRAMEWORK@Framework@0|46,status=0, args=(<ipsframework.cca_es_spec.Topic object at 0x7fbffd5c6550>,), message_id=RESPONSE|FRAMEWORK@Framework@0|fastran_FPP_000001@fastran_driver@2|75)
2026-04-24 12:11:12,422 fastran_driver_fastran_driver_2 DEBUG    _invoke_service(): sendEvent  ('_IPS_MONITOR', 'PORTAL_EVENT', {'sim_name': 'fastran_FPP_000001', 'real_sim_name': 'fastran_FPP_000001', 'portal_data': {'code': 'fastran_driver_fastran_driver', 'eventtype': 'IPS_CALL_END', 'ok': True, 'walltime': '5.91', 'time': '2026-04-24|12:11:12PDT', 'trace': {'timestamp': 1777057872400280, 'duration': 10944, 'localEndpoint': {'serviceName': 'fastran_FPP_000001@fastran@8'}, 'name': 'init(0)', 'id': '3832a100988b6d1f', 'parentId': 'f899e3e5886669ce', 'tags': {}}, 'state': 'Running', 'comment': 'Target = fastran_FPP_000001@fastran@8:init(0)'}})
2026-04-24 12:11:12,422 fastran_driver_fastran_driver_2 DEBUG    _get_service_response(REQUEST|fastran_FPP_000001@fastran_driver@2|FRAMEWORK@Framework@0|47)
2026-04-24 12:11:12,433 fastran_driver_fastran_driver_2 DEBUG    _get_service_response(REQUEST|fastran_FPP_000001@fastran_driver@2|FRAMEWORK@Framework@0|47), response = ServiceResponseMessage(sender_id=FRAMEWORK@Framework@0, receiver_id=fastran_FPP_000001@fastran_driver@2, request_msg_id=REQUEST|fastran_FPP_000001@fastran_driver@2|FRAMEWORK@Framework@0|47,status=0, args=(None,), message_id=RESPONSE|FRAMEWORK@Framework@0|fastran_FPP_000001@fastran_driver@2|76)
2026-04-24 12:11:12,433 fastran_driver_fastran_driver_2 DEBUG    _invoke_service(): stage_state  (['s000001.00001', 'g000001.00001', 'i000001.00001'], '/pscratch/sd/h/hswils/github_repos/MANTA_DBSCANS/RAD_Ar_coronal/SCAN/work/plasma_state', '/pscratch/sd/h/hswils/github_repos/MANTA_DBSCANS/RAD_Ar_coronal/SCAN/work/fastran_driver_fastran_driver_2')
2026-04-24 12:11:12,433 fastran_driver_fastran_driver_2 DEBUG    _get_service_response(REQUEST|fastran_FPP_000001@fastran_driver@2|FRAMEWORK@Framework@0|48)
2026-04-24 12:11:12,453 fastran_driver_fastran_driver_2 DEBUG    _get_service_response(REQUEST|fastran_FPP_000001@fastran_driver@2|FRAMEWORK@Framework@0|48), response = ServiceResponseMessage(sender_id=FRAMEWORK@Framework@0, receiver_id=fastran_FPP_000001@fastran_driver@2, request_msg_id=REQUEST|fastran_FPP_000001@fastran_driver@2|FRAMEWORK@Framework@0|48,status=0, args=(0,), message_id=RESPONSE|FRAMEWORK@Framework@0|fastran_FPP_000001@fastran_driver@2|77)
2026-04-24 12:11:12,453 fastran_driver_fastran_driver_2 DEBUG    _invoke_service(): getTopic  ('_IPS_MONITOR',)
2026-04-24 12:11:12,454 fastran_driver_fastran_driver_2 DEBUG    _get_service_response(REQUEST|fastran_FPP_000001@fastran_driver@2|FRAMEWORK@Framework@0|49)
2026-04-24 12:11:12,464 fastran_driver_fastran_driver_2 DEBUG    _get_service_response(REQUEST|fastran_FPP_000001@fastran_driver@2|FRAMEWORK@Framework@0|49), response = ServiceResponseMessage(sender_id=FRAMEWORK@Framework@0, receiver_id=fastran_FPP_000001@fastran_driver@2, request_msg_id=REQUEST|fastran_FPP_000001@fastran_driver@2|FRAMEWORK@Framework@0|49,status=0, args=(<ipsframework.cca_es_spec.Topic object at 0x7fbffd5c6520>,), message_id=RESPONSE|FRAMEWORK@Framework@0|fastran_FPP_000001@fastran_driver@2|78)
2026-04-24 12:11:12,464 fastran_driver_fastran_driver_2 DEBUG    _invoke_service(): sendEvent  ('_IPS_MONITOR', 'PORTAL_EVENT', {'sim_name': 'fastran_FPP_000001', 'real_sim_name': 'fastran_FPP_000001', 'portal_data': {'code': 'fastran_driver_fastran_driver', 'eventtype': 'IPS_STAGE_STATE', 'ok': True, 'walltime': '5.96', 'time': '2026-04-24|12:11:12PDT', 'trace': {'timestamp': 1777057872433301, 'duration': 20588, 'localEndpoint': {'serviceName': 'stage_state'}, 'name': "['s000001.00001', 'g000001.00001', 'i000001.00001']", 'id': '71885aecf25d7412', 'parentId': 'f899e3e5886669ce', 'tags': {}}, 'state': 'Running', 'comment': 'Elapsed time = 0.021  files = s000001.00001 g000001.00001 i000001.00001 Success'}})
2026-04-24 12:11:12,464 fastran_driver_fastran_driver_2 DEBUG    _get_service_response(REQUEST|fastran_FPP_000001@fastran_driver@2|FRAMEWORK@Framework@0|50)
2026-04-24 12:11:12,475 fastran_driver_fastran_driver_2 DEBUG    _get_service_response(REQUEST|fastran_FPP_000001@fastran_driver@2|FRAMEWORK@Framework@0|50), response = ServiceResponseMessage(sender_id=FRAMEWORK@Framework@0, receiver_id=fastran_FPP_000001@fastran_driver@2, request_msg_id=REQUEST|fastran_FPP_000001@fastran_driver@2|FRAMEWORK@Framework@0|50,status=0, args=(None,), message_id=RESPONSE|FRAMEWORK@Framework@0|fastran_FPP_000001@fastran_driver@2|79)
2026-04-24 12:11:12,477 fastran_driver_fastran_driver_2 DEBUG    _invoke_service(): getTopic  ('_IPS_MONITOR',)
2026-04-24 12:11:12,477 fastran_driver_fastran_driver_2 DEBUG    _get_service_response(REQUEST|fastran_FPP_000001@fastran_driver@2|FRAMEWORK@Framework@0|51)
2026-04-24 12:11:12,488 fastran_driver_fastran_driver_2 DEBUG    _get_service_response(REQUEST|fastran_FPP_000001@fastran_driver@2|FRAMEWORK@Framework@0|51), response = ServiceResponseMessage(sender_id=FRAMEWORK@Framework@0, receiver_id=fastran_FPP_000001@fastran_driver@2, request_msg_id=REQUEST|fastran_FPP_000001@fastran_driver@2|FRAMEWORK@Framework@0|51,status=0, args=(<ipsframework.cca_es_spec.Topic object at 0x7fbffd5c6a00>,), message_id=RESPONSE|FRAMEWORK@Framework@0|fastran_FPP_000001@fastran_driver@2|80)
2026-04-24 12:11:12,488 fastran_driver_fastran_driver_2 DEBUG    _invoke_service(): sendEvent  ('_IPS_MONITOR', 'PORTAL_EVENT', {'sim_name': 'fastran_FPP_000001', 'real_sim_name': 'fastran_FPP_000001', 'portal_data': {'code': 'fastran_driver_fastran_driver', 'eventtype': 'IPS_STAGE_OUTPUTS', 'ok': True, 'walltime': '5.98', 'time': '2026-04-24|12:11:12PDT', 'trace': {'timestamp': 1777057872475878, 'duration': 1682, 'localEndpoint': {'serviceName': 'stage_output_files'}, 'name': '[]', 'id': 'ed019efe11be26d9', 'parentId': 'f899e3e5886669ce', 'tags': {}}, 'state': 'Running', 'comment': 'Elapsed time = 0.002 Path = /pscratch/sd/h/hswils/github_repos/MANTA_DBSCANS/RAD_Ar_coronal/SCAN/simulation_results/0/components/fastran_driver_fastran_driver_2 Files = []'}})
2026-04-24 12:11:12,488 fastran_driver_fastran_driver_2 DEBUG    _get_service_response(REQUEST|fastran_FPP_000001@fastran_driver@2|FRAMEWORK@Framework@0|52)
2026-04-24 12:11:12,498 fastran_driver_fastran_driver_2 DEBUG    _get_service_response(REQUEST|fastran_FPP_000001@fastran_driver@2|FRAMEWORK@Framework@0|52), response = ServiceResponseMessage(sender_id=FRAMEWORK@Framework@0, receiver_id=fastran_FPP_000001@fastran_driver@2, request_msg_id=REQUEST|fastran_FPP_000001@fastran_driver@2|FRAMEWORK@Framework@0|52,status=0, args=(None,), message_id=RESPONSE|FRAMEWORK@Framework@0|fastran_FPP_000001@fastran_driver@2|81)
2026-04-24 12:11:12,499 fastran_driver_fastran_driver_2 DEBUG    _invoke_service(): getTopic  ('_IPS_MONITOR',)
2026-04-24 12:11:12,499 fastran_driver_fastran_driver_2 DEBUG    _get_service_response(REQUEST|fastran_FPP_000001@fastran_driver@2|FRAMEWORK@Framework@0|53)
2026-04-24 12:11:12,510 fastran_driver_fastran_driver_2 DEBUG    _get_service_response(REQUEST|fastran_FPP_000001@fastran_driver@2|FRAMEWORK@Framework@0|53), response = ServiceResponseMessage(sender_id=FRAMEWORK@Framework@0, receiver_id=fastran_FPP_000001@fastran_driver@2, request_msg_id=REQUEST|fastran_FPP_000001@fastran_driver@2|FRAMEWORK@Framework@0|53,status=0, args=(<ipsframework.cca_es_spec.Topic object at 0x7fbffd5c6610>,), message_id=RESPONSE|FRAMEWORK@Framework@0|fastran_FPP_000001@fastran_driver@2|82)
2026-04-24 12:11:12,510 fastran_driver_fastran_driver_2 DEBUG    _invoke_service(): sendEvent  ('_IPS_MONITOR', 'PORTALBRIDGE_UPDATE_TIMESTAMP', {'sim_name': 'fastran_FPP_000001', 'real_sim_name': 'fastran_FPP_000001', 'portal_data': {'phystimestamp': 'preprocess_0', 'eventtype': 'PORTALBRIDGE_UPDATE_TIMESTAMP'}})
2026-04-24 12:11:12,510 fastran_driver_fastran_driver_2 DEBUG    _get_service_response(REQUEST|fastran_FPP_000001@fastran_driver@2|FRAMEWORK@Framework@0|54)
2026-04-24 12:11:12,521 fastran_driver_fastran_driver_2 DEBUG    _get_service_response(REQUEST|fastran_FPP_000001@fastran_driver@2|FRAMEWORK@Framework@0|54), response = ServiceResponseMessage(sender_id=FRAMEWORK@Framework@0, receiver_id=fastran_FPP_000001@fastran_driver@2, request_msg_id=REQUEST|fastran_FPP_000001@fastran_driver@2|FRAMEWORK@Framework@0|54,status=0, args=(None,), message_id=RESPONSE|FRAMEWORK@Framework@0|fastran_FPP_000001@fastran_driver@2|83)
2026-04-24 12:11:12,521 fastran_driver_fastran_driver_2 DEBUG    _invoke_service(): getTopic  ('_IPS_MONITOR',)
2026-04-24 12:11:12,521 fastran_driver_fastran_driver_2 DEBUG    _get_service_response(REQUEST|fastran_FPP_000001@fastran_driver@2|FRAMEWORK@Framework@0|55)
2026-04-24 12:11:12,532 fastran_driver_fastran_driver_2 DEBUG    _get_service_response(REQUEST|fastran_FPP_000001@fastran_driver@2|FRAMEWORK@Framework@0|55), response = ServiceResponseMessage(sender_id=FRAMEWORK@Framework@0, receiver_id=fastran_FPP_000001@fastran_driver@2, request_msg_id=REQUEST|fastran_FPP_000001@fastran_driver@2|FRAMEWORK@Framework@0|55,status=0, args=(<ipsframework.cca_es_spec.Topic object at 0x7fbffd5c6a00>,), message_id=RESPONSE|FRAMEWORK@Framework@0|fastran_FPP_000001@fastran_driver@2|84)
2026-04-24 12:11:12,532 fastran_driver_fastran_driver_2 DEBUG    _invoke_service(): sendEvent  ('_IPS_MONITOR', 'PORTAL_EVENT', {'sim_name': 'fastran_FPP_000001', 'real_sim_name': 'fastran_FPP_000001', 'portal_data': {'code': 'fastran_driver_fastran_driver', 'eventtype': 'IPS_UPDATE_TIME_STAMP', 'ok': True, 'walltime': '6.02', 'time': '2026-04-24|12:11:12PDT', 'state': 'Running', 'comment': 'Timestamp = preprocess_0'}})
2026-04-24 12:11:12,532 fastran_driver_fastran_driver_2 DEBUG    _get_service_response(REQUEST|fastran_FPP_000001@fastran_driver@2|FRAMEWORK@Framework@0|56)
2026-04-24 12:11:12,543 fastran_driver_fastran_driver_2 DEBUG    _get_service_response(REQUEST|fastran_FPP_000001@fastran_driver@2|FRAMEWORK@Framework@0|56), response = ServiceResponseMessage(sender_id=FRAMEWORK@Framework@0, receiver_id=fastran_FPP_000001@fastran_driver@2, request_msg_id=REQUEST|fastran_FPP_000001@fastran_driver@2|FRAMEWORK@Framework@0|56,status=0, args=(None,), message_id=RESPONSE|FRAMEWORK@Framework@0|fastran_FPP_000001@fastran_driver@2|85)
2026-04-24 12:11:12,543 fastran_driver_fastran_driver_2 DEBUG    _invoke_service(): getTopic  ('_IPS_MONITOR',)
2026-04-24 12:11:12,543 fastran_driver_fastran_driver_2 DEBUG    _get_service_response(REQUEST|fastran_FPP_000001@fastran_driver@2|FRAMEWORK@Framework@0|57)
2026-04-24 12:11:12,554 fastran_driver_fastran_driver_2 DEBUG    _get_service_response(REQUEST|fastran_FPP_000001@fastran_driver@2|FRAMEWORK@Framework@0|57), response = ServiceResponseMessage(sender_id=FRAMEWORK@Framework@0, receiver_id=fastran_FPP_000001@fastran_driver@2, request_msg_id=REQUEST|fastran_FPP_000001@fastran_driver@2|FRAMEWORK@Framework@0|57,status=0, args=(<ipsframework.cca_es_spec.Topic object at 0x7fbffd5c6520>,), message_id=RESPONSE|FRAMEWORK@Framework@0|fastran_FPP_000001@fastran_driver@2|86)
2026-04-24 12:11:12,554 fastran_driver_fastran_driver_2 DEBUG    _invoke_service(): sendEvent  ('_IPS_MONITOR', 'PORTAL_EVENT', {'sim_name': 'fastran_FPP_000001', 'real_sim_name': 'fastran_FPP_000001', 'portal_data': {'code': 'fastran_driver_fastran_driver', 'eventtype': 'IPS_CALL_BEGIN', 'ok': True, 'walltime': '6.05', 'time': '2026-04-24|12:11:12PDT', 'state': 'Running', 'comment': 'Target = fastran_FPP_000001@efit@3:step(preprocess_0)'}})
2026-04-24 12:11:12,554 fastran_driver_fastran_driver_2 DEBUG    _get_service_response(REQUEST|fastran_FPP_000001@fastran_driver@2|FRAMEWORK@Framework@0|58)
2026-04-24 12:11:12,565 fastran_driver_fastran_driver_2 DEBUG    _get_service_response(REQUEST|fastran_FPP_000001@fastran_driver@2|FRAMEWORK@Framework@0|58), response = ServiceResponseMessage(sender_id=FRAMEWORK@Framework@0, receiver_id=fastran_FPP_000001@fastran_driver@2, request_msg_id=REQUEST|fastran_FPP_000001@fastran_driver@2|FRAMEWORK@Framework@0|58,status=0, args=(None,), message_id=RESPONSE|FRAMEWORK@Framework@0|fastran_FPP_000001@fastran_driver@2|87)
2026-04-24 12:11:12,566 fastran_driver_fastran_driver_2 DEBUG    _invoke_service(): init_call  ('step', 'preprocess_0')
2026-04-24 12:11:12,566 fastran_driver_fastran_driver_2 DEBUG    _get_service_response(REQUEST|fastran_FPP_000001@fastran_driver@2|FRAMEWORK@Framework@0|59)
2026-04-24 12:11:12,566 fastran_eq0_efit_3 DEBUG    Received Message 
2026-04-24 12:11:12,567 fastran_eq0_efit_3 DEBUG    Calling method step(preprocess_0)
2026-04-24 12:11:12,567 fastran_eq0_efit_3 DEBUG    _invoke_service(): stage_state  (['s000001.00001', 'g000001.00001', 'i000001.00001'], '/pscratch/sd/h/hswils/github_repos/MANTA_DBSCANS/RAD_Ar_coronal/SCAN/work/plasma_state', '/pscratch/sd/h/hswils/github_repos/MANTA_DBSCANS/RAD_Ar_coronal/SCAN/work/fastran_eq0_efit_3')
2026-04-24 12:11:12,567 fastran_eq0_efit_3 DEBUG    _get_service_response(REQUEST|fastran_FPP_000001@efit@3|FRAMEWORK@Framework@0|6)
2026-04-24 12:11:12,577 fastran_driver_fastran_driver_2 DEBUG    _get_service_response(REQUEST|fastran_FPP_000001@fastran_driver@2|FRAMEWORK@Framework@0|59), response = ServiceResponseMessage(sender_id=FRAMEWORK@Framework@0, receiver_id=fastran_FPP_000001@fastran_driver@2, request_msg_id=REQUEST|fastran_FPP_000001@fastran_driver@2|FRAMEWORK@Framework@0|59,status=0, args=(17,), message_id=RESPONSE|FRAMEWORK@Framework@0|fastran_FPP_000001@fastran_driver@2|88)
2026-04-24 12:11:12,577 fastran_driver_fastran_driver_2 DEBUG    _invoke_service(): wait_call  (17, True)
2026-04-24 12:11:12,577 fastran_driver_fastran_driver_2 DEBUG    _get_service_response(REQUEST|fastran_FPP_000001@fastran_driver@2|FRAMEWORK@Framework@0|60)
2026-04-24 12:11:12,587 fastran_eq0_efit_3 DEBUG    _get_service_response(REQUEST|fastran_FPP_000001@efit@3|FRAMEWORK@Framework@0|6), response = ServiceResponseMessage(sender_id=FRAMEWORK@Framework@0, receiver_id=fastran_FPP_000001@efit@3, request_msg_id=REQUEST|fastran_FPP_000001@efit@3|FRAMEWORK@Framework@0|6,status=0, args=(0,), message_id=RESPONSE|FRAMEWORK@Framework@0|fastran_FPP_000001@efit@3|89)
2026-04-24 12:11:12,587 fastran_eq0_efit_3 DEBUG    _invoke_service(): getTopic  ('_IPS_MONITOR',)
2026-04-24 12:11:12,587 fastran_eq0_efit_3 DEBUG    _get_service_response(REQUEST|fastran_FPP_000001@efit@3|FRAMEWORK@Framework@0|7)
2026-04-24 12:11:12,598 fastran_eq0_efit_3 DEBUG    _get_service_response(REQUEST|fastran_FPP_000001@efit@3|FRAMEWORK@Framework@0|7), response = ServiceResponseMessage(sender_id=FRAMEWORK@Framework@0, receiver_id=fastran_FPP_000001@efit@3, request_msg_id=REQUEST|fastran_FPP_000001@efit@3|FRAMEWORK@Framework@0|7,status=0, args=(<ipsframework.cca_es_spec.Topic object at 0x7fbffd5d94f0>,), message_id=RESPONSE|FRAMEWORK@Framework@0|fastran_FPP_000001@efit@3|90)
2026-04-24 12:11:12,598 fastran_eq0_efit_3 DEBUG    _invoke_service(): sendEvent  ('_IPS_MONITOR', 'PORTAL_EVENT', {'sim_name': 'fastran_FPP_000001', 'real_sim_name': 'fastran_FPP_000001', 'portal_data': {'code': 'fastran_eq0_efit', 'eventtype': 'IPS_STAGE_STATE', 'ok': True, 'walltime': '6.09', 'time': '2026-04-24|12:11:12PDT', 'trace': {'timestamp': 1777057872567210, 'duration': 20544, 'localEndpoint': {'serviceName': 'stage_state'}, 'name': "['s000001.00001', 'g000001.00001', 'i000001.00001']", 'id': '71885aecf25d7412', 'parentId': '6bdb4f9fe7725998', 'tags': {}}, 'state': 'Running', 'comment': 'Elapsed time = 0.021  files = s000001.00001 g000001.00001 i000001.00001 Success'}})
2026-04-24 12:11:12,598 fastran_eq0_efit_3 DEBUG    _get_service_response(REQUEST|fastran_FPP_000001@efit@3|FRAMEWORK@Framework@0|8)
2026-04-24 12:11:12,609 fastran_eq0_efit_3 DEBUG    _get_service_response(REQUEST|fastran_FPP_000001@efit@3|FRAMEWORK@Framework@0|8), response = ServiceResponseMessage(sender_id=FRAMEWORK@Framework@0, receiver_id=fastran_FPP_000001@efit@3, request_msg_id=REQUEST|fastran_FPP_000001@efit@3|FRAMEWORK@Framework@0|8,status=0, args=(None,), message_id=RESPONSE|FRAMEWORK@Framework@0|fastran_FPP_000001@efit@3|91)
2026-04-24 12:11:26,383 fastran_eq0_efit_3 DEBUG    _invoke_service(): update_state  (['s000001.00001', 'g000001.00001', 'i000001.00001'], '/pscratch/sd/h/hswils/github_repos/MANTA_DBSCANS/RAD_Ar_coronal/SCAN/work/fastran_eq0_efit_3', '/pscratch/sd/h/hswils/github_repos/MANTA_DBSCANS/RAD_Ar_coronal/SCAN/work/plasma_state')
2026-04-24 12:11:26,384 fastran_eq0_efit_3 DEBUG    _get_service_response(REQUEST|fastran_FPP_000001@efit@3|FRAMEWORK@Framework@0|9)
2026-04-24 12:11:26,404 fastran_eq0_efit_3 DEBUG    _get_service_response(REQUEST|fastran_FPP_000001@efit@3|FRAMEWORK@Framework@0|9), response = ServiceResponseMessage(sender_id=FRAMEWORK@Framework@0, receiver_id=fastran_FPP_000001@efit@3, request_msg_id=REQUEST|fastran_FPP_000001@efit@3|FRAMEWORK@Framework@0|9,status=0, args=(0,), message_id=RESPONSE|FRAMEWORK@Framework@0|fastran_FPP_000001@efit@3|119)
2026-04-24 12:11:26,405 fastran_eq0_efit_3 DEBUG    _invoke_service(): getTopic  ('_IPS_MONITOR',)
2026-04-24 12:11:26,405 fastran_eq0_efit_3 DEBUG    _get_service_response(REQUEST|fastran_FPP_000001@efit@3|FRAMEWORK@Framework@0|10)
2026-04-24 12:11:26,415 fastran_eq0_efit_3 DEBUG    _get_service_response(REQUEST|fastran_FPP_000001@efit@3|FRAMEWORK@Framework@0|10), response = ServiceResponseMessage(sender_id=FRAMEWORK@Framework@0, receiver_id=fastran_FPP_000001@efit@3, request_msg_id=REQUEST|fastran_FPP_000001@efit@3|FRAMEWORK@Framework@0|10,status=0, args=(<ipsframework.cca_es_spec.Topic object at 0x7fbffd5d98b0>,), message_id=RESPONSE|FRAMEWORK@Framework@0|fastran_FPP_000001@efit@3|120)
2026-04-24 12:11:26,415 fastran_eq0_efit_3 DEBUG    _invoke_service(): sendEvent  ('_IPS_MONITOR', 'PORTAL_EVENT', {'sim_name': 'fastran_FPP_000001', 'real_sim_name': 'fastran_FPP_000001', 'portal_data': {'code': 'fastran_eq0_efit', 'eventtype': 'IPS_UPDATE_STATE', 'ok': True, 'walltime': '19.91', 'time': '2026-04-24|12:11:26PDT', 'trace': {'timestamp': 1777057886383198, 'duration': 21639, 'localEndpoint': {'serviceName': 'update_state'}, 'name': "['s000001.00001', 'g000001.00001', 'i000001.00001']", 'id': '7629e189a66153c0', 'parentId': '6bdb4f9fe7725998', 'tags': {}}, 'state': 'Running', 'comment': 'Elapsed time = 0.022   files = s000001.00001 g000001.00001 i000001.00001 Success'}})
2026-04-24 12:11:26,415 fastran_eq0_efit_3 DEBUG    _get_service_response(REQUEST|fastran_FPP_000001@efit@3|FRAMEWORK@Framework@0|11)
2026-04-24 12:11:26,426 fastran_eq0_efit_3 DEBUG    _get_service_response(REQUEST|fastran_FPP_000001@efit@3|FRAMEWORK@Framework@0|11), response = ServiceResponseMessage(sender_id=FRAMEWORK@Framework@0, receiver_id=fastran_FPP_000001@efit@3, request_msg_id=REQUEST|fastran_FPP_000001@efit@3|FRAMEWORK@Framework@0|11,status=0, args=(None,), message_id=RESPONSE|FRAMEWORK@Framework@0|fastran_FPP_000001@efit@3|121)
2026-04-24 12:11:26,452 fastran_eq0_efit_3 DEBUG    _invoke_service(): getTopic  ('_IPS_MONITOR',)
2026-04-24 12:11:26,452 fastran_eq0_efit_3 DEBUG    _get_service_response(REQUEST|fastran_FPP_000001@efit@3|FRAMEWORK@Framework@0|12)
2026-04-24 12:11:26,462 fastran_eq0_efit_3 DEBUG    _get_service_response(REQUEST|fastran_FPP_000001@efit@3|FRAMEWORK@Framework@0|12), response = ServiceResponseMessage(sender_id=FRAMEWORK@Framework@0, receiver_id=fastran_FPP_000001@efit@3, request_msg_id=REQUEST|fastran_FPP_000001@efit@3|FRAMEWORK@Framework@0|12,status=0, args=(<ipsframework.cca_es_spec.Topic object at 0x7fbffd5d9d60>,), message_id=RESPONSE|FRAMEWORK@Framework@0|fastran_FPP_000001@efit@3|122)
2026-04-24 12:11:26,462 fastran_eq0_efit_3 DEBUG    _invoke_service(): sendEvent  ('_IPS_MONITOR', 'PORTAL_EVENT', {'sim_name': 'fastran_FPP_000001', 'real_sim_name': 'fastran_FPP_000001', 'portal_data': {'code': 'fastran_eq0_efit', 'eventtype': 'IPS_STAGE_OUTPUTS', 'ok': True, 'walltime': '19.96', 'time': '2026-04-24|12:11:26PDT', 'trace': {'timestamp': 1777057886426544, 'duration': 25750, 'localEndpoint': {'serviceName': 'stage_output_files'}, 'name': "['g*.*', 'a*.*', 'm*.*', 'k*.*', 'efit.log', 's*.*']", 'id': '80725d8eee5776f1', 'parentId': '6bdb4f9fe7725998', 'tags': {}}, 'state': 'Running', 'comment': "Elapsed time = 0.026 Path = /pscratch/sd/h/hswils/github_repos/MANTA_DBSCANS/RAD_Ar_coronal/SCAN/simulation_results/preprocess_0/components/fastran_eq0_efit_3 Files = ['g*.*', 'a*.*', 'm*.*', 'k*.*', 'efit.log', 's*.*']"}})
2026-04-24 12:11:26,463 fastran_eq0_efit_3 DEBUG    _get_service_response(REQUEST|fastran_FPP_000001@efit@3|FRAMEWORK@Framework@0|13)
2026-04-24 12:11:26,473 fastran_eq0_efit_3 DEBUG    _get_service_response(REQUEST|fastran_FPP_000001@efit@3|FRAMEWORK@Framework@0|13), response = ServiceResponseMessage(sender_id=FRAMEWORK@Framework@0, receiver_id=fastran_FPP_000001@efit@3, request_msg_id=REQUEST|fastran_FPP_000001@efit@3|FRAMEWORK@Framework@0|13,status=0, args=(None,), message_id=RESPONSE|FRAMEWORK@Framework@0|fastran_FPP_000001@efit@3|123)
2026-04-24 12:11:26,485 fastran_driver_fastran_driver_2 DEBUG    _get_service_response(REQUEST|fastran_FPP_000001@fastran_driver@2|FRAMEWORK@Framework@0|60), response = ServiceResponseMessage(sender_id=FRAMEWORK@Framework@0, receiver_id=fastran_FPP_000001@fastran_driver@2, request_msg_id=REQUEST|fastran_FPP_000001@fastran_driver@2|FRAMEWORK@Framework@0|60,status=0, args=((None,),), message_id=RESPONSE|FRAMEWORK@Framework@0|fastran_FPP_000001@fastran_driver@2|124)
2026-04-24 12:11:26,485 fastran_driver_fastran_driver_2 DEBUG    _invoke_service(): getTopic  ('_IPS_MONITOR',)
2026-04-24 12:11:26,485 fastran_driver_fastran_driver_2 DEBUG    _get_service_response(REQUEST|fastran_FPP_000001@fastran_driver@2|FRAMEWORK@Framework@0|61)
2026-04-24 12:11:26,496 fastran_driver_fastran_driver_2 DEBUG    _get_service_response(REQUEST|fastran_FPP_000001@fastran_driver@2|FRAMEWORK@Framework@0|61), response = ServiceResponseMessage(sender_id=FRAMEWORK@Framework@0, receiver_id=fastran_FPP_000001@fastran_driver@2, request_msg_id=REQUEST|fastran_FPP_000001@fastran_driver@2|FRAMEWORK@Framework@0|61,status=0, args=(<ipsframework.cca_es_spec.Topic object at 0x7fbffd5c6910>,), message_id=RESPONSE|FRAMEWORK@Framework@0|fastran_FPP_000001@fastran_driver@2|125)
2026-04-24 12:11:26,496 fastran_driver_fastran_driver_2 DEBUG    _invoke_service(): sendEvent  ('_IPS_MONITOR', 'PORTAL_EVENT', {'sim_name': 'fastran_FPP_000001', 'real_sim_name': 'fastran_FPP_000001', 'portal_data': {'code': 'fastran_driver_fastran_driver', 'eventtype': 'IPS_CALL_END', 'ok': True, 'walltime': '19.99', 'time': '2026-04-24|12:11:26PDT', 'trace': {'timestamp': 1777057872577114, 'duration': 13908256, 'localEndpoint': {'serviceName': 'fastran_FPP_000001@efit@3'}, 'name': 'step(preprocess_0)', 'id': '6bdb4f9fe7725998', 'parentId': 'f899e3e5886669ce', 'tags': {}}, 'state': 'Running', 'comment': 'Target = fastran_FPP_000001@efit@3:step(preprocess_0)'}})
2026-04-24 12:11:26,496 fastran_driver_fastran_driver_2 DEBUG    _get_service_response(REQUEST|fastran_FPP_000001@fastran_driver@2|FRAMEWORK@Framework@0|62)
2026-04-24 12:11:26,507 fastran_driver_fastran_driver_2 DEBUG    _get_service_response(REQUEST|fastran_FPP_000001@fastran_driver@2|FRAMEWORK@Framework@0|62), response = ServiceResponseMessage(sender_id=FRAMEWORK@Framework@0, receiver_id=fastran_FPP_000001@fastran_driver@2, request_msg_id=REQUEST|fastran_FPP_000001@fastran_driver@2|FRAMEWORK@Framework@0|62,status=0, args=(None,), message_id=RESPONSE|FRAMEWORK@Framework@0|fastran_FPP_000001@fastran_driver@2|126)
2026-04-24 12:11:26,507 fastran_driver_fastran_driver_2 DEBUG    _invoke_service(): getTopic  ('_IPS_MONITOR',)
2026-04-24 12:11:26,507 fastran_driver_fastran_driver_2 DEBUG    _get_service_response(REQUEST|fastran_FPP_000001@fastran_driver@2|FRAMEWORK@Framework@0|63)
2026-04-24 12:11:26,518 fastran_driver_fastran_driver_2 DEBUG    _get_service_response(REQUEST|fastran_FPP_000001@fastran_driver@2|FRAMEWORK@Framework@0|63), response = ServiceResponseMessage(sender_id=FRAMEWORK@Framework@0, receiver_id=fastran_FPP_000001@fastran_driver@2, request_msg_id=REQUEST|fastran_FPP_000001@fastran_driver@2|FRAMEWORK@Framework@0|63,status=0, args=(<ipsframework.cca_es_spec.Topic object at 0x7fbffd5c6b50>,), message_id=RESPONSE|FRAMEWORK@Framework@0|fastran_FPP_000001@fastran_driver@2|127)
2026-04-24 12:11:26,518 fastran_driver_fastran_driver_2 DEBUG    _invoke_service(): sendEvent  ('_IPS_MONITOR', 'PORTAL_EVENT', {'sim_name': 'fastran_FPP_000001', 'real_sim_name': 'fastran_FPP_000001', 'portal_data': {'code': 'fastran_driver_fastran_driver', 'eventtype': 'IPS_CALL_BEGIN', 'ok': True, 'walltime': '20.01', 'time': '2026-04-24|12:11:26PDT', 'state': 'Running', 'comment': 'Target = fastran_FPP_000001@fastran@4:step(preprocess_0)'}})
2026-04-24 12:11:26,518 fastran_driver_fastran_driver_2 DEBUG    _get_service_response(REQUEST|fastran_FPP_000001@fastran_driver@2|FRAMEWORK@Framework@0|64)
2026-04-24 12:11:26,529 fastran_driver_fastran_driver_2 DEBUG    _get_service_response(REQUEST|fastran_FPP_000001@fastran_driver@2|FRAMEWORK@Framework@0|64), response = ServiceResponseMessage(sender_id=FRAMEWORK@Framework@0, receiver_id=fastran_FPP_000001@fastran_driver@2, request_msg_id=REQUEST|fastran_FPP_000001@fastran_driver@2|FRAMEWORK@Framework@0|64,status=0, args=(None,), message_id=RESPONSE|FRAMEWORK@Framework@0|fastran_FPP_000001@fastran_driver@2|128)
2026-04-24 12:11:26,529 fastran_driver_fastran_driver_2 DEBUG    _invoke_service(): init_call  ('step', 'preprocess_0')
2026-04-24 12:11:26,529 fastran_driver_fastran_driver_2 DEBUG    _get_service_response(REQUEST|fastran_FPP_000001@fastran_driver@2|FRAMEWORK@Framework@0|65)
2026-04-24 12:11:26,530 fastran_tr0_fastran_4 DEBUG    Received Message 
2026-04-24 12:11:26,530 fastran_tr0_fastran_4 DEBUG    Calling method step(preprocess_0)
2026-04-24 12:11:26,530 fastran_tr0_fastran_4 DEBUG    _invoke_service(): stage_state  (['s000001.00001', 'g000001.00001', 'i000001.00001'], '/pscratch/sd/h/hswils/github_repos/MANTA_DBSCANS/RAD_Ar_coronal/SCAN/work/plasma_state', '/pscratch/sd/h/hswils/github_repos/MANTA_DBSCANS/RAD_Ar_coronal/SCAN/work/fastran_tr0_fastran_4')
2026-04-24 12:11:26,530 fastran_tr0_fastran_4 DEBUG    _get_service_response(REQUEST|fastran_FPP_000001@fastran@4|FRAMEWORK@Framework@0|0)
2026-04-24 12:11:26,540 fastran_driver_fastran_driver_2 DEBUG    _get_service_response(REQUEST|fastran_FPP_000001@fastran_driver@2|FRAMEWORK@Framework@0|65), response = ServiceResponseMessage(sender_id=FRAMEWORK@Framework@0, receiver_id=fastran_FPP_000001@fastran_driver@2, request_msg_id=REQUEST|fastran_FPP_000001@fastran_driver@2|FRAMEWORK@Framework@0|65,status=0, args=(18,), message_id=RESPONSE|FRAMEWORK@Framework@0|fastran_FPP_000001@fastran_driver@2|129)
2026-04-24 12:11:26,540 fastran_driver_fastran_driver_2 DEBUG    _invoke_service(): wait_call  (18, True)
2026-04-24 12:11:26,540 fastran_driver_fastran_driver_2 DEBUG    _get_service_response(REQUEST|fastran_FPP_000001@fastran_driver@2|FRAMEWORK@Framework@0|66)
2026-04-24 12:11:26,552 fastran_tr0_fastran_4 DEBUG    _get_service_response(REQUEST|fastran_FPP_000001@fastran@4|FRAMEWORK@Framework@0|0), response = ServiceResponseMessage(sender_id=FRAMEWORK@Framework@0, receiver_id=fastran_FPP_000001@fastran@4, request_msg_id=REQUEST|fastran_FPP_000001@fastran@4|FRAMEWORK@Framework@0|0,status=0, args=(0,), message_id=RESPONSE|FRAMEWORK@Framework@0|fastran_FPP_000001@fastran@4|130)
2026-04-24 12:11:26,552 fastran_tr0_fastran_4 DEBUG    _invoke_service(): getTopic  ('_IPS_MONITOR',)
2026-04-24 12:11:26,552 fastran_tr0_fastran_4 DEBUG    _get_service_response(REQUEST|fastran_FPP_000001@fastran@4|FRAMEWORK@Framework@0|1)
2026-04-24 12:11:26,563 fastran_tr0_fastran_4 DEBUG    _get_service_response(REQUEST|fastran_FPP_000001@fastran@4|FRAMEWORK@Framework@0|1), response = ServiceResponseMessage(sender_id=FRAMEWORK@Framework@0, receiver_id=fastran_FPP_000001@fastran@4, request_msg_id=REQUEST|fastran_FPP_000001@fastran@4|FRAMEWORK@Framework@0|1,status=0, args=(<ipsframework.cca_es_spec.Topic object at 0x7fbffd5d7e50>,), message_id=RESPONSE|FRAMEWORK@Framework@0|fastran_FPP_000001@fastran@4|131)
2026-04-24 12:11:26,563 fastran_tr0_fastran_4 DEBUG    _invoke_service(): sendEvent  ('_IPS_MONITOR', 'PORTAL_EVENT', {'sim_name': 'fastran_FPP_000001', 'real_sim_name': 'fastran_FPP_000001', 'portal_data': {'code': 'fastran_tr0_fastran', 'eventtype': 'IPS_STAGE_STATE', 'ok': True, 'walltime': '20.06', 'time': '2026-04-24|12:11:26PDT', 'trace': {'timestamp': 1777057886530543, 'duration': 21814, 'localEndpoint': {'serviceName': 'stage_state'}, 'name': "['s000001.00001', 'g000001.00001', 'i000001.00001']", 'id': '71885aecf25d7412', 'parentId': 'dc94d487f5ccfee0', 'tags': {}}, 'state': 'Running', 'comment': 'Elapsed time = 0.022  files = s000001.00001 g000001.00001 i000001.00001 Success'}})
2026-04-24 12:11:26,563 fastran_tr0_fastran_4 DEBUG    _get_service_response(REQUEST|fastran_FPP_000001@fastran@4|FRAMEWORK@Framework@0|2)
2026-04-24 12:11:26,574 fastran_tr0_fastran_4 DEBUG    _get_service_response(REQUEST|fastran_FPP_000001@fastran@4|FRAMEWORK@Framework@0|2), response = ServiceResponseMessage(sender_id=FRAMEWORK@Framework@0, receiver_id=fastran_FPP_000001@fastran@4, request_msg_id=REQUEST|fastran_FPP_000001@fastran@4|FRAMEWORK@Framework@0|2,status=0, args=(None,), message_id=RESPONSE|FRAMEWORK@Framework@0|fastran_FPP_000001@fastran@4|132)
2026-04-24 12:11:26,583 fastran_tr0_fastran_4 DEBUG    _invoke_service(): getTopic  ('_IPS_MONITOR',)
2026-04-24 12:11:26,583 fastran_tr0_fastran_4 DEBUG    _get_service_response(REQUEST|fastran_FPP_000001@fastran@4|FRAMEWORK@Framework@0|3)
2026-04-24 12:11:26,594 fastran_tr0_fastran_4 DEBUG    _get_service_response(REQUEST|fastran_FPP_000001@fastran@4|FRAMEWORK@Framework@0|3), response = ServiceResponseMessage(sender_id=FRAMEWORK@Framework@0, receiver_id=fastran_FPP_000001@fastran@4, request_msg_id=REQUEST|fastran_FPP_000001@fastran@4|FRAMEWORK@Framework@0|3,status=0, args=(<ipsframework.cca_es_spec.Topic object at 0x7fbffd414820>,), message_id=RESPONSE|FRAMEWORK@Framework@0|fastran_FPP_000001@fastran@4|133)
2026-04-24 12:11:26,594 fastran_tr0_fastran_4 DEBUG    _invoke_service(): sendEvent  ('_IPS_MONITOR', 'PORTAL_EVENT', {'sim_name': 'fastran_FPP_000001', 'real_sim_name': 'fastran_FPP_000001', 'portal_data': {'code': 'fastran_tr0_fastran', 'eventtype': 'IPS_STAGE_INPUTS', 'ok': True, 'walltime': '20.09', 'time': '2026-04-24|12:11:26PDT', 'trace': {'timestamp': 1777057886574489, 'duration': 9068, 'localEndpoint': {'serviceName': 'stage_input_files'}, 'name': 'infastran0 intglf', 'id': 'dca1af508bf5af99', 'parentId': 'dc94d487f5ccfee0', 'tags': {}}, 'state': 'Running', 'comment': 'Elapsed time = 0.009 Path = /pscratch/sd/h/hswils/github_repos/MANTA_DBSCANS/RAD_Ar_coronal/input Files = infastran0 intglf'}})
2026-04-24 12:11:26,594 fastran_tr0_fastran_4 DEBUG    _get_service_response(REQUEST|fastran_FPP_000001@fastran@4|FRAMEWORK@Framework@0|4)
2026-04-24 12:11:26,604 fastran_tr0_fastran_4 DEBUG    _get_service_response(REQUEST|fastran_FPP_000001@fastran@4|FRAMEWORK@Framework@0|4), response = ServiceResponseMessage(sender_id=FRAMEWORK@Framework@0, receiver_id=fastran_FPP_000001@fastran@4, request_msg_id=REQUEST|fastran_FPP_000001@fastran@4|FRAMEWORK@Framework@0|4,status=0, args=(None,), message_id=RESPONSE|FRAMEWORK@Framework@0|fastran_FPP_000001@fastran@4|134)
2026-04-24 12:11:26,813 fastran_tr0_fastran_4 DEBUG    _invoke_service(): init_task  (TaskInit(nproc=1, binary='/global/common/software/atom/perlmutter/binaries/fastran/default/xfastran_ver1.07', working_dir='/pscratch/sd/h/hswils/github_repos/MANTA_DBSCANS/RAD_Ar_coronal/SCAN/work/fastran_tr0_fastran_4', tppn=0, tcpp=0, tgpp=0, block=True, omp=False, wnodes=True, wsocks=True, cmd_args=('1', '1')),)
2026-04-24 12:11:26,813 fastran_tr0_fastran_4 DEBUG    _get_service_response(REQUEST|fastran_FPP_000001@fastran@4|FRAMEWORK@Framework@0|5)
2026-04-24 12:11:26,824 fastran_tr0_fastran_4 DEBUG    _get_service_response(REQUEST|fastran_FPP_000001@fastran@4|FRAMEWORK@Framework@0|5), response = ServiceResponseMessage(sender_id=FRAMEWORK@Framework@0, receiver_id=fastran_FPP_000001@fastran@4, request_msg_id=REQUEST|fastran_FPP_000001@fastran@4|FRAMEWORK@Framework@0|5,status=0, args=((1, 'srun -N 1 -n 1 -c 128 --threads-per-core=1 --cpu-bind=cores /global/common/software/atom/perlmutter/binaries/fastran/default/xfastran_ver1.07 1 1', None, 128),), message_id=RESPONSE|FRAMEWORK@Framework@0|fastran_FPP_000001@fastran@4|136)
2026-04-24 12:11:26,824 fastran_tr0_fastran_4 DEBUG    Launching command : srun -N 1 -n 1 -c 128 --threads-per-core=1 --cpu-bind=cores /global/common/software/atom/perlmutter/binaries/fastran/default/xfastran_ver1.07 1 1
2026-04-24 12:11:26,849 fastran_tr0_fastran_4 DEBUG    _invoke_service(): getTopic  ('_IPS_MONITOR',)
2026-04-24 12:11:26,849 fastran_tr0_fastran_4 DEBUG    _get_service_response(REQUEST|fastran_FPP_000001@fastran@4|FRAMEWORK@Framework@0|6)
2026-04-24 12:11:26,860 fastran_tr0_fastran_4 DEBUG    _get_service_response(REQUEST|fastran_FPP_000001@fastran@4|FRAMEWORK@Framework@0|6), response = ServiceResponseMessage(sender_id=FRAMEWORK@Framework@0, receiver_id=fastran_FPP_000001@fastran@4, request_msg_id=REQUEST|fastran_FPP_000001@fastran@4|FRAMEWORK@Framework@0|6,status=0, args=(<ipsframework.cca_es_spec.Topic object at 0x7fbffd414e20>,), message_id=RESPONSE|FRAMEWORK@Framework@0|fastran_FPP_000001@fastran@4|137)
2026-04-24 12:11:26,860 fastran_tr0_fastran_4 DEBUG    _invoke_service(): sendEvent  ('_IPS_MONITOR', 'PORTAL_EVENT', {'sim_name': 'fastran_FPP_000001', 'real_sim_name': 'fastran_FPP_000001', 'portal_data': {'code': 'fastran_tr0_fastran', 'eventtype': 'IPS_LAUNCH_TASK', 'ok': True, 'walltime': '20.35', 'time': '2026-04-24|12:11:26PDT', 'state': 'Running', 'comment': 'task_id = 1 , Tag = None , nproc = 1 , Target = srun -N 1 -n 1 -c 128 --threads-per-core=1 --cpu-bind=cores /global/common/software/atom/perlmutter/binaries/fastran/default/xfastran_ver1.07 1 1'}})
2026-04-24 12:11:26,860 fastran_tr0_fastran_4 DEBUG    _get_service_response(REQUEST|fastran_FPP_000001@fastran@4|FRAMEWORK@Framework@0|7)
2026-04-24 12:11:26,871 fastran_tr0_fastran_4 DEBUG    _get_service_response(REQUEST|fastran_FPP_000001@fastran@4|FRAMEWORK@Framework@0|7), response = ServiceResponseMessage(sender_id=FRAMEWORK@Framework@0, receiver_id=fastran_FPP_000001@fastran@4, request_msg_id=REQUEST|fastran_FPP_000001@fastran@4|FRAMEWORK@Framework@0|7,status=0, args=(None,), message_id=RESPONSE|FRAMEWORK@Framework@0|fastran_FPP_000001@fastran@4|138)
2026-04-24 12:11:27,969 fastran_tr0_fastran_4 DEBUG    _invoke_service(): getTopic  ('_IPS_MONITOR',)
2026-04-24 12:11:27,970 fastran_tr0_fastran_4 DEBUG    _get_service_response(REQUEST|fastran_FPP_000001@fastran@4|FRAMEWORK@Framework@0|8)
2026-04-24 12:11:27,980 fastran_tr0_fastran_4 DEBUG    _get_service_response(REQUEST|fastran_FPP_000001@fastran@4|FRAMEWORK@Framework@0|8), response = ServiceResponseMessage(sender_id=FRAMEWORK@Framework@0, receiver_id=fastran_FPP_000001@fastran@4, request_msg_id=REQUEST|fastran_FPP_000001@fastran@4|FRAMEWORK@Framework@0|8,status=0, args=(<ipsframework.cca_es_spec.Topic object at 0x7fbffd414340>,), message_id=RESPONSE|FRAMEWORK@Framework@0|fastran_FPP_000001@fastran@4|141)
2026-04-24 12:11:27,981 fastran_tr0_fastran_4 DEBUG    _invoke_service(): sendEvent  ('_IPS_MONITOR', 'PORTAL_EVENT', {'sim_name': 'fastran_FPP_000001', 'real_sim_name': 'fastran_FPP_000001', 'portal_data': {'code': 'fastran_tr0_fastran', 'eventtype': 'IPS_TASK_END', 'ok': True, 'walltime': '21.47', 'time': '2026-04-24|12:11:27PDT', 'trace': {'timestamp': 1777057886848939, 'duration': 1120838, 'localEndpoint': {'serviceName': '/global/common/software/atom/perlmutter/binaries/fastran/default/xfastran_ver1.07'}, 'name': '1 1', 'id': '9f56dce9f2ad0f49', 'parentId': 'dc94d487f5ccfee0', 'tags': {'procs_requested': '1', 'cores_allocated': '128'}}, 'state': 'Running', 'comment': 'task_id = 1  elapsed time = 1.12 S'}})
2026-04-24 12:11:27,981 fastran_tr0_fastran_4 DEBUG    _get_service_response(REQUEST|fastran_FPP_000001@fastran@4|FRAMEWORK@Framework@0|9)
2026-04-24 12:11:27,992 fastran_tr0_fastran_4 DEBUG    _get_service_response(REQUEST|fastran_FPP_000001@fastran@4|FRAMEWORK@Framework@0|9), response = ServiceResponseMessage(sender_id=FRAMEWORK@Framework@0, receiver_id=fastran_FPP_000001@fastran@4, request_msg_id=REQUEST|fastran_FPP_000001@fastran@4|FRAMEWORK@Framework@0|9,status=0, args=(None,), message_id=RESPONSE|FRAMEWORK@Framework@0|fastran_FPP_000001@fastran@4|142)
2026-04-24 12:11:27,992 fastran_tr0_fastran_4 DEBUG    _invoke_service(): finish_task  (1, 0)
2026-04-24 12:11:27,992 fastran_tr0_fastran_4 DEBUG    _get_service_response(REQUEST|fastran_FPP_000001@fastran@4|FRAMEWORK@Framework@0|10)
2026-04-24 12:11:28,003 fastran_tr0_fastran_4 DEBUG    _get_service_response(REQUEST|fastran_FPP_000001@fastran@4|FRAMEWORK@Framework@0|10), response = ServiceResponseMessage(sender_id=FRAMEWORK@Framework@0, receiver_id=fastran_FPP_000001@fastran@4, request_msg_id=REQUEST|fastran_FPP_000001@fastran@4|FRAMEWORK@Framework@0|10,status=0, args=(0,), message_id=RESPONSE|FRAMEWORK@Framework@0|fastran_FPP_000001@fastran@4|143)
2026-04-24 12:11:28,237 fastran_tr0_fastran_4 DEBUG    _invoke_service(): update_state  (['s000001.00001', 'g000001.00001', 'i000001.00001'], '/pscratch/sd/h/hswils/github_repos/MANTA_DBSCANS/RAD_Ar_coronal/SCAN/work/fastran_tr0_fastran_4', '/pscratch/sd/h/hswils/github_repos/MANTA_DBSCANS/RAD_Ar_coronal/SCAN/work/plasma_state')
2026-04-24 12:11:28,237 fastran_tr0_fastran_4 DEBUG    _get_service_response(REQUEST|fastran_FPP_000001@fastran@4|FRAMEWORK@Framework@0|11)
2026-04-24 12:11:28,258 fastran_tr0_fastran_4 DEBUG    _get_service_response(REQUEST|fastran_FPP_000001@fastran@4|FRAMEWORK@Framework@0|11), response = ServiceResponseMessage(sender_id=FRAMEWORK@Framework@0, receiver_id=fastran_FPP_000001@fastran@4, request_msg_id=REQUEST|fastran_FPP_000001@fastran@4|FRAMEWORK@Framework@0|11,status=0, args=(0,), message_id=RESPONSE|FRAMEWORK@Framework@0|fastran_FPP_000001@fastran@4|144)
2026-04-24 12:11:28,258 fastran_tr0_fastran_4 DEBUG    _invoke_service(): getTopic  ('_IPS_MONITOR',)
2026-04-24 12:11:28,258 fastran_tr0_fastran_4 DEBUG    _get_service_response(REQUEST|fastran_FPP_000001@fastran@4|FRAMEWORK@Framework@0|12)
2026-04-24 12:11:28,269 fastran_tr0_fastran_4 DEBUG    _get_service_response(REQUEST|fastran_FPP_000001@fastran@4|FRAMEWORK@Framework@0|12), response = ServiceResponseMessage(sender_id=FRAMEWORK@Framework@0, receiver_id=fastran_FPP_000001@fastran@4, request_msg_id=REQUEST|fastran_FPP_000001@fastran@4|FRAMEWORK@Framework@0|12,status=0, args=(<ipsframework.cca_es_spec.Topic object at 0x7fbffd5d7fd0>,), message_id=RESPONSE|FRAMEWORK@Framework@0|fastran_FPP_000001@fastran@4|146)
2026-04-24 12:11:28,269 fastran_tr0_fastran_4 DEBUG    _invoke_service(): sendEvent  ('_IPS_MONITOR', 'PORTAL_EVENT', {'sim_name': 'fastran_FPP_000001', 'real_sim_name': 'fastran_FPP_000001', 'portal_data': {'code': 'fastran_tr0_fastran', 'eventtype': 'IPS_UPDATE_STATE', 'ok': True, 'walltime': '21.76', 'time': '2026-04-24|12:11:28PDT', 'trace': {'timestamp': 1777057888237025, 'duration': 21527, 'localEndpoint': {'serviceName': 'update_state'}, 'name': "['s000001.00001', 'g000001.00001', 'i000001.00001']", 'id': '7629e189a66153c0', 'parentId': 'dc94d487f5ccfee0', 'tags': {}}, 'state': 'Running', 'comment': 'Elapsed time = 0.022   files = s000001.00001 g000001.00001 i000001.00001 Success'}})
2026-04-24 12:11:28,269 fastran_tr0_fastran_4 DEBUG    _get_service_response(REQUEST|fastran_FPP_000001@fastran@4|FRAMEWORK@Framework@0|13)
2026-04-24 12:11:28,280 fastran_tr0_fastran_4 DEBUG    _get_service_response(REQUEST|fastran_FPP_000001@fastran@4|FRAMEWORK@Framework@0|13), response = ServiceResponseMessage(sender_id=FRAMEWORK@Framework@0, receiver_id=fastran_FPP_000001@fastran@4, request_msg_id=REQUEST|fastran_FPP_000001@fastran@4|FRAMEWORK@Framework@0|13,status=0, args=(None,), message_id=RESPONSE|FRAMEWORK@Framework@0|fastran_FPP_000001@fastran@4|147)
2026-04-24 12:11:28,297 fastran_tr0_fastran_4 DEBUG    _invoke_service(): getTopic  ('_IPS_MONITOR',)
2026-04-24 12:11:28,297 fastran_tr0_fastran_4 DEBUG    _get_service_response(REQUEST|fastran_FPP_000001@fastran@4|FRAMEWORK@Framework@0|14)
2026-04-24 12:11:28,307 fastran_tr0_fastran_4 DEBUG    _get_service_response(REQUEST|fastran_FPP_000001@fastran@4|FRAMEWORK@Framework@0|14), response = ServiceResponseMessage(sender_id=FRAMEWORK@Framework@0, receiver_id=fastran_FPP_000001@fastran@4, request_msg_id=REQUEST|fastran_FPP_000001@fastran@4|FRAMEWORK@Framework@0|14,status=0, args=(<ipsframework.cca_es_spec.Topic object at 0x7fbffd426280>,), message_id=RESPONSE|FRAMEWORK@Framework@0|fastran_FPP_000001@fastran@4|148)
2026-04-24 12:11:28,307 fastran_tr0_fastran_4 DEBUG    _invoke_service(): sendEvent  ('_IPS_MONITOR', 'PORTAL_EVENT', {'sim_name': 'fastran_FPP_000001', 'real_sim_name': 'fastran_FPP_000001', 'portal_data': {'code': 'fastran_tr0_fastran', 'eventtype': 'IPS_STAGE_OUTPUTS', 'ok': True, 'walltime': '21.80', 'time': '2026-04-24|12:11:28PDT', 'trace': {'timestamp': 1777057888280292, 'duration': 17029, 'localEndpoint': {'serviceName': 'stage_output_files'}, 'name': "['fastran.nc', 'inprof', 'inmetric', 'infastran', 'intglf', 'xfastran.log', 'i000001.00001']", 'id': '7349cfaaafc33980', 'parentId': 'dc94d487f5ccfee0', 'tags': {}}, 'state': 'Running', 'comment': "Elapsed time = 0.017 Path = /pscratch/sd/h/hswils/github_repos/MANTA_DBSCANS/RAD_Ar_coronal/SCAN/simulation_results/preprocess_0/components/fastran_tr0_fastran_4 Files = ['fastran.nc', 'inprof', 'inmetric', 'infastran', 'intglf', 'xfastran.log', 'i000001.00001']"}})
2026-04-24 12:11:28,308 fastran_tr0_fastran_4 DEBUG    _get_service_response(REQUEST|fastran_FPP_000001@fastran@4|FRAMEWORK@Framework@0|15)
2026-04-24 12:11:28,318 fastran_tr0_fastran_4 DEBUG    _get_service_response(REQUEST|fastran_FPP_000001@fastran@4|FRAMEWORK@Framework@0|15), response = ServiceResponseMessage(sender_id=FRAMEWORK@Framework@0, receiver_id=fastran_FPP_000001@fastran@4, request_msg_id=REQUEST|fastran_FPP_000001@fastran@4|FRAMEWORK@Framework@0|15,status=0, args=(None,), message_id=RESPONSE|FRAMEWORK@Framework@0|fastran_FPP_000001@fastran@4|149)
2026-04-24 12:11:28,329 fastran_driver_fastran_driver_2 DEBUG    _get_service_response(REQUEST|fastran_FPP_000001@fastran_driver@2|FRAMEWORK@Framework@0|66), response = ServiceResponseMessage(sender_id=FRAMEWORK@Framework@0, receiver_id=fastran_FPP_000001@fastran_driver@2, request_msg_id=REQUEST|fastran_FPP_000001@fastran_driver@2|FRAMEWORK@Framework@0|66,status=0, args=((None,),), message_id=RESPONSE|FRAMEWORK@Framework@0|fastran_FPP_000001@fastran_driver@2|150)
2026-04-24 12:11:28,329 fastran_driver_fastran_driver_2 DEBUG    _invoke_service(): getTopic  ('_IPS_MONITOR',)
2026-04-24 12:11:28,329 fastran_driver_fastran_driver_2 DEBUG    _get_service_response(REQUEST|fastran_FPP_000001@fastran_driver@2|FRAMEWORK@Framework@0|67)
2026-04-24 12:11:28,340 fastran_driver_fastran_driver_2 DEBUG    _get_service_response(REQUEST|fastran_FPP_000001@fastran_driver@2|FRAMEWORK@Framework@0|67), response = ServiceResponseMessage(sender_id=FRAMEWORK@Framework@0, receiver_id=fastran_FPP_000001@fastran_driver@2, request_msg_id=REQUEST|fastran_FPP_000001@fastran_driver@2|FRAMEWORK@Framework@0|67,status=0, args=(<ipsframework.cca_es_spec.Topic object at 0x7fbffd5c6ac0>,), message_id=RESPONSE|FRAMEWORK@Framework@0|fastran_FPP_000001@fastran_driver@2|151)
2026-04-24 12:11:28,340 fastran_driver_fastran_driver_2 DEBUG    _invoke_service(): sendEvent  ('_IPS_MONITOR', 'PORTAL_EVENT', {'sim_name': 'fastran_FPP_000001', 'real_sim_name': 'fastran_FPP_000001', 'portal_data': {'code': 'fastran_driver_fastran_driver', 'eventtype': 'IPS_CALL_END', 'ok': True, 'walltime': '21.83', 'time': '2026-04-24|12:11:28PDT', 'trace': {'timestamp': 1777057886540436, 'duration': 1788815, 'localEndpoint': {'serviceName': 'fastran_FPP_000001@fastran@4'}, 'name': 'step(preprocess_0)', 'id': 'dc94d487f5ccfee0', 'parentId': 'f899e3e5886669ce', 'tags': {}}, 'state': 'Running', 'comment': 'Target = fastran_FPP_000001@fastran@4:step(preprocess_0)'}})
2026-04-24 12:11:28,340 fastran_driver_fastran_driver_2 DEBUG    _get_service_response(REQUEST|fastran_FPP_000001@fastran_driver@2|FRAMEWORK@Framework@0|68)
2026-04-24 12:11:28,350 fastran_driver_fastran_driver_2 DEBUG    _get_service_response(REQUEST|fastran_FPP_000001@fastran_driver@2|FRAMEWORK@Framework@0|68), response = ServiceResponseMessage(sender_id=FRAMEWORK@Framework@0, receiver_id=fastran_FPP_000001@fastran_driver@2, request_msg_id=REQUEST|fastran_FPP_000001@fastran_driver@2|FRAMEWORK@Framework@0|68,status=0, args=(None,), message_id=RESPONSE|FRAMEWORK@Framework@0|fastran_FPP_000001@fastran_driver@2|152)
2026-04-24 12:11:28,351 fastran_driver_fastran_driver_2 DEBUG    _invoke_service(): getTopic  ('_IPS_MONITOR',)
2026-04-24 12:11:28,351 fastran_driver_fastran_driver_2 DEBUG    _get_service_response(REQUEST|fastran_FPP_000001@fastran_driver@2|FRAMEWORK@Framework@0|69)
2026-04-24 12:11:28,362 fastran_driver_fastran_driver_2 DEBUG    _get_service_response(REQUEST|fastran_FPP_000001@fastran_driver@2|FRAMEWORK@Framework@0|69), response = ServiceResponseMessage(sender_id=FRAMEWORK@Framework@0, receiver_id=fastran_FPP_000001@fastran_driver@2, request_msg_id=REQUEST|fastran_FPP_000001@fastran_driver@2|FRAMEWORK@Framework@0|69,status=0, args=(<ipsframework.cca_es_spec.Topic object at 0x7fbffd5c6520>,), message_id=RESPONSE|FRAMEWORK@Framework@0|fastran_FPP_000001@fastran_driver@2|153)
2026-04-24 12:11:28,362 fastran_driver_fastran_driver_2 DEBUG    _invoke_service(): sendEvent  ('_IPS_MONITOR', 'PORTALBRIDGE_UPDATE_TIMESTAMP', {'sim_name': 'fastran_FPP_000001', 'real_sim_name': 'fastran_FPP_000001', 'portal_data': {'phystimestamp': 0, 'eventtype': 'PORTALBRIDGE_UPDATE_TIMESTAMP'}})
2026-04-24 12:11:28,362 fastran_driver_fastran_driver_2 DEBUG    _get_service_response(REQUEST|fastran_FPP_000001@fastran_driver@2|FRAMEWORK@Framework@0|70)
2026-04-24 12:11:28,373 fastran_driver_fastran_driver_2 DEBUG    _get_service_response(REQUEST|fastran_FPP_000001@fastran_driver@2|FRAMEWORK@Framework@0|70), response = ServiceResponseMessage(sender_id=FRAMEWORK@Framework@0, receiver_id=fastran_FPP_000001@fastran_driver@2, request_msg_id=REQUEST|fastran_FPP_000001@fastran_driver@2|FRAMEWORK@Framework@0|70,status=0, args=(None,), message_id=RESPONSE|FRAMEWORK@Framework@0|fastran_FPP_000001@fastran_driver@2|154)
2026-04-24 12:11:28,373 fastran_driver_fastran_driver_2 DEBUG    _invoke_service(): getTopic  ('_IPS_MONITOR',)
2026-04-24 12:11:28,373 fastran_driver_fastran_driver_2 DEBUG    _get_service_response(REQUEST|fastran_FPP_000001@fastran_driver@2|FRAMEWORK@Framework@0|71)
2026-04-24 12:11:28,384 fastran_driver_fastran_driver_2 DEBUG    _get_service_response(REQUEST|fastran_FPP_000001@fastran_driver@2|FRAMEWORK@Framework@0|71), response = ServiceResponseMessage(sender_id=FRAMEWORK@Framework@0, receiver_id=fastran_FPP_000001@fastran_driver@2, request_msg_id=REQUEST|fastran_FPP_000001@fastran_driver@2|FRAMEWORK@Framework@0|71,status=0, args=(<ipsframework.cca_es_spec.Topic object at 0x7fbffd5c6ac0>,), message_id=RESPONSE|FRAMEWORK@Framework@0|fastran_FPP_000001@fastran_driver@2|155)
2026-04-24 12:11:28,384 fastran_driver_fastran_driver_2 DEBUG    _invoke_service(): sendEvent  ('_IPS_MONITOR', 'PORTAL_EVENT', {'sim_name': 'fastran_FPP_000001', 'real_sim_name': 'fastran_FPP_000001', 'portal_data': {'code': 'fastran_driver_fastran_driver', 'eventtype': 'IPS_UPDATE_TIME_STAMP', 'ok': True, 'walltime': '21.88', 'time': '2026-04-24|12:11:28PDT', 'state': 'Running', 'comment': 'Timestamp = 0'}})
2026-04-24 12:11:28,384 fastran_driver_fastran_driver_2 DEBUG    _get_service_response(REQUEST|fastran_FPP_000001@fastran_driver@2|FRAMEWORK@Framework@0|72)
2026-04-24 12:11:28,395 fastran_driver_fastran_driver_2 DEBUG    _get_service_response(REQUEST|fastran_FPP_000001@fastran_driver@2|FRAMEWORK@Framework@0|72), response = ServiceResponseMessage(sender_id=FRAMEWORK@Framework@0, receiver_id=fastran_FPP_000001@fastran_driver@2, request_msg_id=REQUEST|fastran_FPP_000001@fastran_driver@2|FRAMEWORK@Framework@0|72,status=0, args=(None,), message_id=RESPONSE|FRAMEWORK@Framework@0|fastran_FPP_000001@fastran_driver@2|156)
2026-04-24 12:11:28,395 fastran_driver_fastran_driver_2 DEBUG    _invoke_service(): getTopic  ('_IPS_MONITOR',)
2026-04-24 12:11:28,395 fastran_driver_fastran_driver_2 DEBUG    _get_service_response(REQUEST|fastran_FPP_000001@fastran_driver@2|FRAMEWORK@Framework@0|73)
2026-04-24 12:11:28,406 fastran_driver_fastran_driver_2 DEBUG    _get_service_response(REQUEST|fastran_FPP_000001@fastran_driver@2|FRAMEWORK@Framework@0|73), response = ServiceResponseMessage(sender_id=FRAMEWORK@Framework@0, receiver_id=fastran_FPP_000001@fastran_driver@2, request_msg_id=REQUEST|fastran_FPP_000001@fastran_driver@2|FRAMEWORK@Framework@0|73,status=0, args=(<ipsframework.cca_es_spec.Topic object at 0x7fbffd5c6a90>,), message_id=RESPONSE|FRAMEWORK@Framework@0|fastran_FPP_000001@fastran_driver@2|157)
2026-04-24 12:11:28,406 fastran_driver_fastran_driver_2 DEBUG    _invoke_service(): sendEvent  ('_IPS_MONITOR', 'PORTAL_EVENT', {'sim_name': 'fastran_FPP_000001', 'real_sim_name': 'fastran_FPP_000001', 'portal_data': {'code': 'fastran_driver_fastran_driver', 'eventtype': 'IPS_CALL_BEGIN', 'ok': True, 'walltime': '21.90', 'time': '2026-04-24|12:11:28PDT', 'state': 'Running', 'comment': 'Target = fastran_FPP_000001@impurity_radiation@5:step(0)'}})
2026-04-24 12:11:28,406 fastran_driver_fastran_driver_2 DEBUG    _get_service_response(REQUEST|fastran_FPP_000001@fastran_driver@2|FRAMEWORK@Framework@0|74)
2026-04-24 12:11:28,417 fastran_driver_fastran_driver_2 DEBUG    _get_service_response(REQUEST|fastran_FPP_000001@fastran_driver@2|FRAMEWORK@Framework@0|74), response = ServiceResponseMessage(sender_id=FRAMEWORK@Framework@0, receiver_id=fastran_FPP_000001@fastran_driver@2, request_msg_id=REQUEST|fastran_FPP_000001@fastran_driver@2|FRAMEWORK@Framework@0|74,status=0, args=(None,), message_id=RESPONSE|FRAMEWORK@Framework@0|fastran_FPP_000001@fastran_driver@2|158)
2026-04-24 12:11:28,417 fastran_driver_fastran_driver_2 DEBUG    _invoke_service(): init_call  ('step', 0)
2026-04-24 12:11:28,417 fastran_driver_fastran_driver_2 DEBUG    _get_service_response(REQUEST|fastran_FPP_000001@fastran_driver@2|FRAMEWORK@Framework@0|75)
2026-04-24 12:11:28,418 fastran__impurity_radiation_5 DEBUG    Received Message 
2026-04-24 12:11:28,418 fastran__impurity_radiation_5 DEBUG    Calling method step(0)
2026-04-24 12:11:28,418 fastran__impurity_radiation_5 DEBUG    _invoke_service(): stage_state  (['s000001.00001', 'g000001.00001', 'i000001.00001'], '/pscratch/sd/h/hswils/github_repos/MANTA_DBSCANS/RAD_Ar_coronal/SCAN/work/plasma_state', '/pscratch/sd/h/hswils/github_repos/MANTA_DBSCANS/RAD_Ar_coronal/SCAN/work/fastran__impurity_radiation_5')
2026-04-24 12:11:28,418 fastran__impurity_radiation_5 DEBUG    _get_service_response(REQUEST|fastran_FPP_000001@impurity_radiation@5|FRAMEWORK@Framework@0|3)
2026-04-24 12:11:28,428 fastran_driver_fastran_driver_2 DEBUG    _get_service_response(REQUEST|fastran_FPP_000001@fastran_driver@2|FRAMEWORK@Framework@0|75), response = ServiceResponseMessage(sender_id=FRAMEWORK@Framework@0, receiver_id=fastran_FPP_000001@fastran_driver@2, request_msg_id=REQUEST|fastran_FPP_000001@fastran_driver@2|FRAMEWORK@Framework@0|75,status=0, args=(19,), message_id=RESPONSE|FRAMEWORK@Framework@0|fastran_FPP_000001@fastran_driver@2|159)
2026-04-24 12:11:28,428 fastran_driver_fastran_driver_2 DEBUG    _invoke_service(): wait_call  (19, True)
2026-04-24 12:11:28,428 fastran_driver_fastran_driver_2 DEBUG    _get_service_response(REQUEST|fastran_FPP_000001@fastran_driver@2|FRAMEWORK@Framework@0|76)
2026-04-24 12:11:28,438 fastran__impurity_radiation_5 DEBUG    _get_service_response(REQUEST|fastran_FPP_000001@impurity_radiation@5|FRAMEWORK@Framework@0|3), response = ServiceResponseMessage(sender_id=FRAMEWORK@Framework@0, receiver_id=fastran_FPP_000001@impurity_radiation@5, request_msg_id=REQUEST|fastran_FPP_000001@impurity_radiation@5|FRAMEWORK@Framework@0|3,status=0, args=(0,), message_id=RESPONSE|FRAMEWORK@Framework@0|fastran_FPP_000001@impurity_radiation@5|160)
2026-04-24 12:11:28,439 fastran__impurity_radiation_5 DEBUG    _invoke_service(): getTopic  ('_IPS_MONITOR',)
2026-04-24 12:11:28,439 fastran__impurity_radiation_5 DEBUG    _get_service_response(REQUEST|fastran_FPP_000001@impurity_radiation@5|FRAMEWORK@Framework@0|4)
2026-04-24 12:11:28,449 fastran__impurity_radiation_5 DEBUG    _get_service_response(REQUEST|fastran_FPP_000001@impurity_radiation@5|FRAMEWORK@Framework@0|4), response = ServiceResponseMessage(sender_id=FRAMEWORK@Framework@0, receiver_id=fastran_FPP_000001@impurity_radiation@5, request_msg_id=REQUEST|fastran_FPP_000001@impurity_radiation@5|FRAMEWORK@Framework@0|4,status=0, args=(<ipsframework.cca_es_spec.Topic object at 0x7fbffd41db50>,), message_id=RESPONSE|FRAMEWORK@Framework@0|fastran_FPP_000001@impurity_radiation@5|161)
2026-04-24 12:11:28,449 fastran__impurity_radiation_5 DEBUG    _invoke_service(): sendEvent  ('_IPS_MONITOR', 'PORTAL_EVENT', {'sim_name': 'fastran_FPP_000001', 'real_sim_name': 'fastran_FPP_000001', 'portal_data': {'code': 'fastran__impurity_radiation', 'eventtype': 'IPS_STAGE_STATE', 'ok': True, 'walltime': '21.94', 'time': '2026-04-24|12:11:28PDT', 'trace': {'timestamp': 1777057888418502, 'duration': 20496, 'localEndpoint': {'serviceName': 'stage_state'}, 'name': "['s000001.00001', 'g000001.00001', 'i000001.00001']", 'id': '71885aecf25d7412', 'parentId': '6a4482facc9b4129', 'tags': {}}, 'state': 'Running', 'comment': 'Elapsed time = 0.020  files = s000001.00001 g000001.00001 i000001.00001 Success'}})
2026-04-24 12:11:28,449 fastran__impurity_radiation_5 DEBUG    _get_service_response(REQUEST|fastran_FPP_000001@impurity_radiation@5|FRAMEWORK@Framework@0|5)
2026-04-24 12:11:28,460 fastran__impurity_radiation_5 DEBUG    _get_service_response(REQUEST|fastran_FPP_000001@impurity_radiation@5|FRAMEWORK@Framework@0|5), response = ServiceResponseMessage(sender_id=FRAMEWORK@Framework@0, receiver_id=fastran_FPP_000001@impurity_radiation@5, request_msg_id=REQUEST|fastran_FPP_000001@impurity_radiation@5|FRAMEWORK@Framework@0|5,status=0, args=(None,), message_id=RESPONSE|FRAMEWORK@Framework@0|fastran_FPP_000001@impurity_radiation@5|162)
2026-04-24 12:11:28,460 fastran__impurity_radiation_5 DEBUG    _invoke_service(): getTopic  ('_IPS_MONITOR',)
2026-04-24 12:11:28,460 fastran__impurity_radiation_5 DEBUG    _get_service_response(REQUEST|fastran_FPP_000001@impurity_radiation@5|FRAMEWORK@Framework@0|6)
2026-04-24 12:11:28,471 fastran__impurity_radiation_5 DEBUG    _get_service_response(REQUEST|fastran_FPP_000001@impurity_radiation@5|FRAMEWORK@Framework@0|6), response = ServiceResponseMessage(sender_id=FRAMEWORK@Framework@0, receiver_id=fastran_FPP_000001@impurity_radiation@5, request_msg_id=REQUEST|fastran_FPP_000001@impurity_radiation@5|FRAMEWORK@Framework@0|6,status=0, args=(<ipsframework.cca_es_spec.Topic object at 0x7fbffd41d520>,), message_id=RESPONSE|FRAMEWORK@Framework@0|fastran_FPP_000001@impurity_radiation@5|163)
2026-04-24 12:11:28,471 fastran__impurity_radiation_5 DEBUG    _invoke_service(): sendEvent  ('_IPS_MONITOR', 'PORTAL_EVENT', {'sim_name': 'fastran_FPP_000001', 'real_sim_name': 'fastran_FPP_000001', 'portal_data': {'code': 'fastran__impurity_radiation', 'eventtype': 'IPS_STAGE_INPUTS', 'ok': True, 'walltime': '21.96', 'time': '2026-04-24|12:11:28PDT', 'trace': {'timestamp': 1777057888460464, 'duration': 87, 'localEndpoint': {'serviceName': 'stage_input_files'}, 'name': '', 'id': 'e70cb59b389672bf', 'parentId': '6a4482facc9b4129', 'tags': {}}, 'state': 'Running', 'comment': 'Elapsed time = 0.000 Path = /pscratch/sd/h/hswils/github_repos/MANTA_DBSCANS/RAD_Ar_coronal/input Files = '}})
2026-04-24 12:11:28,471 fastran__impurity_radiation_5 DEBUG    _get_service_response(REQUEST|fastran_FPP_000001@impurity_radiation@5|FRAMEWORK@Framework@0|7)
2026-04-24 12:11:28,481 fastran__impurity_radiation_5 DEBUG    _get_service_response(REQUEST|fastran_FPP_000001@impurity_radiation@5|FRAMEWORK@Framework@0|7), response = ServiceResponseMessage(sender_id=FRAMEWORK@Framework@0, receiver_id=fastran_FPP_000001@impurity_radiation@5, request_msg_id=REQUEST|fastran_FPP_000001@impurity_radiation@5|FRAMEWORK@Framework@0|7,status=0, args=(None,), message_id=RESPONSE|FRAMEWORK@Framework@0|fastran_FPP_000001@impurity_radiation@5|164)
2026-04-24 12:11:28,691 fastran__impurity_radiation_5 DEBUG    _invoke_service(): update_state  (['s000001.00001', 'g000001.00001', 'i000001.00001'], '/pscratch/sd/h/hswils/github_repos/MANTA_DBSCANS/RAD_Ar_coronal/SCAN/work/fastran__impurity_radiation_5', '/pscratch/sd/h/hswils/github_repos/MANTA_DBSCANS/RAD_Ar_coronal/SCAN/work/plasma_state')
2026-04-24 12:11:28,692 fastran__impurity_radiation_5 DEBUG    _get_service_response(REQUEST|fastran_FPP_000001@impurity_radiation@5|FRAMEWORK@Framework@0|8)
2026-04-24 12:11:28,713 fastran__impurity_radiation_5 DEBUG    _get_service_response(REQUEST|fastran_FPP_000001@impurity_radiation@5|FRAMEWORK@Framework@0|8), response = ServiceResponseMessage(sender_id=FRAMEWORK@Framework@0, receiver_id=fastran_FPP_000001@impurity_radiation@5, request_msg_id=REQUEST|fastran_FPP_000001@impurity_radiation@5|FRAMEWORK@Framework@0|8,status=0, args=(0,), message_id=RESPONSE|FRAMEWORK@Framework@0|fastran_FPP_000001@impurity_radiation@5|165)
2026-04-24 12:11:28,713 fastran__impurity_radiation_5 DEBUG    _invoke_service(): getTopic  ('_IPS_MONITOR',)
2026-04-24 12:11:28,713 fastran__impurity_radiation_5 DEBUG    _get_service_response(REQUEST|fastran_FPP_000001@impurity_radiation@5|FRAMEWORK@Framework@0|9)
2026-04-24 12:11:28,724 fastran__impurity_radiation_5 DEBUG    _get_service_response(REQUEST|fastran_FPP_000001@impurity_radiation@5|FRAMEWORK@Framework@0|9), response = ServiceResponseMessage(sender_id=FRAMEWORK@Framework@0, receiver_id=fastran_FPP_000001@impurity_radiation@5, request_msg_id=REQUEST|fastran_FPP_000001@impurity_radiation@5|FRAMEWORK@Framework@0|9,status=0, args=(<ipsframework.cca_es_spec.Topic object at 0x7fbffd41d250>,), message_id=RESPONSE|FRAMEWORK@Framework@0|fastran_FPP_000001@impurity_radiation@5|166)
2026-04-24 12:11:28,724 fastran__impurity_radiation_5 DEBUG    _invoke_service(): sendEvent  ('_IPS_MONITOR', 'PORTAL_EVENT', {'sim_name': 'fastran_FPP_000001', 'real_sim_name': 'fastran_FPP_000001', 'portal_data': {'code': 'fastran__impurity_radiation', 'eventtype': 'IPS_UPDATE_STATE', 'ok': True, 'walltime': '22.22', 'time': '2026-04-24|12:11:28PDT', 'trace': {'timestamp': 1777057888691722, 'duration': 21937, 'localEndpoint': {'serviceName': 'update_state'}, 'name': "['s000001.00001', 'g000001.00001', 'i000001.00001']", 'id': '7629e189a66153c0', 'parentId': '6a4482facc9b4129', 'tags': {}}, 'state': 'Running', 'comment': 'Elapsed time = 0.022   files = s000001.00001 g000001.00001 i000001.00001 Success'}})
2026-04-24 12:11:28,724 fastran__impurity_radiation_5 DEBUG    _get_service_response(REQUEST|fastran_FPP_000001@impurity_radiation@5|FRAMEWORK@Framework@0|10)
2026-04-24 12:11:28,735 fastran__impurity_radiation_5 DEBUG    _get_service_response(REQUEST|fastran_FPP_000001@impurity_radiation@5|FRAMEWORK@Framework@0|10), response = ServiceResponseMessage(sender_id=FRAMEWORK@Framework@0, receiver_id=fastran_FPP_000001@impurity_radiation@5, request_msg_id=REQUEST|fastran_FPP_000001@impurity_radiation@5|FRAMEWORK@Framework@0|10,status=0, args=(None,), message_id=RESPONSE|FRAMEWORK@Framework@0|fastran_FPP_000001@impurity_radiation@5|167)
2026-04-24 12:11:28,736 fastran__impurity_radiation_5 DEBUG    _invoke_service(): getTopic  ('_IPS_MONITOR',)
2026-04-24 12:11:28,736 fastran__impurity_radiation_5 DEBUG    _get_service_response(REQUEST|fastran_FPP_000001@impurity_radiation@5|FRAMEWORK@Framework@0|11)
2026-04-24 12:11:28,747 fastran__impurity_radiation_5 DEBUG    _get_service_response(REQUEST|fastran_FPP_000001@impurity_radiation@5|FRAMEWORK@Framework@0|11), response = ServiceResponseMessage(sender_id=FRAMEWORK@Framework@0, receiver_id=fastran_FPP_000001@impurity_radiation@5, request_msg_id=REQUEST|fastran_FPP_000001@impurity_radiation@5|FRAMEWORK@Framework@0|11,status=0, args=(<ipsframework.cca_es_spec.Topic object at 0x7fbffd41daf0>,), message_id=RESPONSE|FRAMEWORK@Framework@0|fastran_FPP_000001@impurity_radiation@5|168)
2026-04-24 12:11:28,747 fastran__impurity_radiation_5 DEBUG    _invoke_service(): sendEvent  ('_IPS_MONITOR', 'PORTAL_EVENT', {'sim_name': 'fastran_FPP_000001', 'real_sim_name': 'fastran_FPP_000001', 'portal_data': {'code': 'fastran__impurity_radiation', 'eventtype': 'IPS_STAGE_OUTPUTS', 'ok': True, 'walltime': '22.24', 'time': '2026-04-24|12:11:28PDT', 'trace': {'timestamp': 1777057888735396, 'duration': 1431, 'localEndpoint': {'serviceName': 'stage_output_files'}, 'name': '[]', 'id': 'ed019efe11be26d9', 'parentId': '6a4482facc9b4129', 'tags': {}}, 'state': 'Running', 'comment': 'Elapsed time = 0.001 Path = /pscratch/sd/h/hswils/github_repos/MANTA_DBSCANS/RAD_Ar_coronal/SCAN/simulation_results/0/components/fastran__impurity_radiation_5 Files = []'}})
2026-04-24 12:11:28,747 fastran__impurity_radiation_5 DEBUG    _get_service_response(REQUEST|fastran_FPP_000001@impurity_radiation@5|FRAMEWORK@Framework@0|12)
2026-04-24 12:11:28,758 fastran__impurity_radiation_5 DEBUG    _get_service_response(REQUEST|fastran_FPP_000001@impurity_radiation@5|FRAMEWORK@Framework@0|12), response = ServiceResponseMessage(sender_id=FRAMEWORK@Framework@0, receiver_id=fastran_FPP_000001@impurity_radiation@5, request_msg_id=REQUEST|fastran_FPP_000001@impurity_radiation@5|FRAMEWORK@Framework@0|12,status=0, args=(None,), message_id=RESPONSE|FRAMEWORK@Framework@0|fastran_FPP_000001@impurity_radiation@5|169)
2026-04-24 12:11:28,769 fastran_driver_fastran_driver_2 DEBUG    _get_service_response(REQUEST|fastran_FPP_000001@fastran_driver@2|FRAMEWORK@Framework@0|76), response = ServiceResponseMessage(sender_id=FRAMEWORK@Framework@0, receiver_id=fastran_FPP_000001@fastran_driver@2, request_msg_id=REQUEST|fastran_FPP_000001@fastran_driver@2|FRAMEWORK@Framework@0|76,status=0, args=((None,),), message_id=RESPONSE|FRAMEWORK@Framework@0|fastran_FPP_000001@fastran_driver@2|170)
2026-04-24 12:11:28,769 fastran_driver_fastran_driver_2 DEBUG    _invoke_service(): getTopic  ('_IPS_MONITOR',)
2026-04-24 12:11:28,769 fastran_driver_fastran_driver_2 DEBUG    _get_service_response(REQUEST|fastran_FPP_000001@fastran_driver@2|FRAMEWORK@Framework@0|77)
2026-04-24 12:11:28,780 fastran_driver_fastran_driver_2 DEBUG    _get_service_response(REQUEST|fastran_FPP_000001@fastran_driver@2|FRAMEWORK@Framework@0|77), response = ServiceResponseMessage(sender_id=FRAMEWORK@Framework@0, receiver_id=fastran_FPP_000001@fastran_driver@2, request_msg_id=REQUEST|fastran_FPP_000001@fastran_driver@2|FRAMEWORK@Framework@0|77,status=0, args=(<ipsframework.cca_es_spec.Topic object at 0x7fbffd5c6610>,), message_id=RESPONSE|FRAMEWORK@Framework@0|fastran_FPP_000001@fastran_driver@2|172)
2026-04-24 12:11:28,780 fastran_driver_fastran_driver_2 DEBUG    _invoke_service(): sendEvent  ('_IPS_MONITOR', 'PORTAL_EVENT', {'sim_name': 'fastran_FPP_000001', 'real_sim_name': 'fastran_FPP_000001', 'portal_data': {'code': 'fastran_driver_fastran_driver', 'eventtype': 'IPS_CALL_END', 'ok': True, 'walltime': '22.27', 'time': '2026-04-24|12:11:28PDT', 'trace': {'timestamp': 1777057888428322, 'duration': 340832, 'localEndpoint': {'serviceName': 'fastran_FPP_000001@impurity_radiation@5'}, 'name': 'step(0)', 'id': '6a4482facc9b4129', 'parentId': 'f899e3e5886669ce', 'tags': {}}, 'state': 'Running', 'comment': 'Target = fastran_FPP_000001@impurity_radiation@5:step(0)'}})
2026-04-24 12:11:28,780 fastran_driver_fastran_driver_2 DEBUG    _get_service_response(REQUEST|fastran_FPP_000001@fastran_driver@2|FRAMEWORK@Framework@0|78)
2026-04-24 12:11:28,790 fastran_driver_fastran_driver_2 DEBUG    _get_service_response(REQUEST|fastran_FPP_000001@fastran_driver@2|FRAMEWORK@Framework@0|78), response = ServiceResponseMessage(sender_id=FRAMEWORK@Framework@0, receiver_id=fastran_FPP_000001@fastran_driver@2, request_msg_id=REQUEST|fastran_FPP_000001@fastran_driver@2|FRAMEWORK@Framework@0|78,status=0, args=(None,), message_id=RESPONSE|FRAMEWORK@Framework@0|fastran_FPP_000001@fastran_driver@2|173)
2026-04-24 12:11:28,791 fastran_driver_fastran_driver_2 DEBUG    _invoke_service(): getTopic  ('_IPS_MONITOR',)
2026-04-24 12:11:28,791 fastran_driver_fastran_driver_2 DEBUG    _get_service_response(REQUEST|fastran_FPP_000001@fastran_driver@2|FRAMEWORK@Framework@0|79)
2026-04-24 12:11:28,801 fastran_driver_fastran_driver_2 DEBUG    _get_service_response(REQUEST|fastran_FPP_000001@fastran_driver@2|FRAMEWORK@Framework@0|79), response = ServiceResponseMessage(sender_id=FRAMEWORK@Framework@0, receiver_id=fastran_FPP_000001@fastran_driver@2, request_msg_id=REQUEST|fastran_FPP_000001@fastran_driver@2|FRAMEWORK@Framework@0|79,status=0, args=(<ipsframework.cca_es_spec.Topic object at 0x7fbffd5c6af0>,), message_id=RESPONSE|FRAMEWORK@Framework@0|fastran_FPP_000001@fastran_driver@2|174)
2026-04-24 12:11:28,802 fastran_driver_fastran_driver_2 DEBUG    _invoke_service(): sendEvent  ('_IPS_MONITOR', 'PORTAL_EVENT', {'sim_name': 'fastran_FPP_000001', 'real_sim_name': 'fastran_FPP_000001', 'portal_data': {'code': 'fastran_driver_fastran_driver', 'eventtype': 'IPS_CALL_BEGIN', 'ok': True, 'walltime': '22.29', 'time': '2026-04-24|12:11:28PDT', 'state': 'Running', 'comment': 'Target = fastran_FPP_000001@hcd_model@6:step(0)'}})
2026-04-24 12:11:28,802 fastran_driver_fastran_driver_2 DEBUG    _get_service_response(REQUEST|fastran_FPP_000001@fastran_driver@2|FRAMEWORK@Framework@0|80)
2026-04-24 12:11:28,812 fastran_driver_fastran_driver_2 DEBUG    _get_service_response(REQUEST|fastran_FPP_000001@fastran_driver@2|FRAMEWORK@Framework@0|80), response = ServiceResponseMessage(sender_id=FRAMEWORK@Framework@0, receiver_id=fastran_FPP_000001@fastran_driver@2, request_msg_id=REQUEST|fastran_FPP_000001@fastran_driver@2|FRAMEWORK@Framework@0|80,status=0, args=(None,), message_id=RESPONSE|FRAMEWORK@Framework@0|fastran_FPP_000001@fastran_driver@2|175)
2026-04-24 12:11:28,813 fastran_driver_fastran_driver_2 DEBUG    _invoke_service(): init_call  ('step', 0)
2026-04-24 12:11:28,813 fastran_driver_fastran_driver_2 DEBUG    _get_service_response(REQUEST|fastran_FPP_000001@fastran_driver@2|FRAMEWORK@Framework@0|81)
2026-04-24 12:11:28,813 fastran_ic_hcd_model_6 DEBUG    Received Message 
2026-04-24 12:11:28,813 fastran_ic_hcd_model_6 DEBUG    Calling method step(0)
2026-04-24 12:11:28,814 fastran_ic_hcd_model_6 DEBUG    _invoke_service(): stage_state  (['s000001.00001', 'g000001.00001', 'i000001.00001'], '/pscratch/sd/h/hswils/github_repos/MANTA_DBSCANS/RAD_Ar_coronal/SCAN/work/plasma_state', '/pscratch/sd/h/hswils/github_repos/MANTA_DBSCANS/RAD_Ar_coronal/SCAN/work/fastran_ic_hcd_model_6')
2026-04-24 12:11:28,814 fastran_ic_hcd_model_6 DEBUG    _get_service_response(REQUEST|fastran_FPP_000001@hcd_model@6|FRAMEWORK@Framework@0|0)
2026-04-24 12:11:28,823 fastran_driver_fastran_driver_2 DEBUG    _get_service_response(REQUEST|fastran_FPP_000001@fastran_driver@2|FRAMEWORK@Framework@0|81), response = ServiceResponseMessage(sender_id=FRAMEWORK@Framework@0, receiver_id=fastran_FPP_000001@fastran_driver@2, request_msg_id=REQUEST|fastran_FPP_000001@fastran_driver@2|FRAMEWORK@Framework@0|81,status=0, args=(20,), message_id=RESPONSE|FRAMEWORK@Framework@0|fastran_FPP_000001@fastran_driver@2|176)
2026-04-24 12:11:28,823 fastran_driver_fastran_driver_2 DEBUG    _invoke_service(): wait_call  (20, True)
2026-04-24 12:11:28,823 fastran_driver_fastran_driver_2 DEBUG    _get_service_response(REQUEST|fastran_FPP_000001@fastran_driver@2|FRAMEWORK@Framework@0|82)
2026-04-24 12:11:28,835 fastran_ic_hcd_model_6 DEBUG    _get_service_response(REQUEST|fastran_FPP_000001@hcd_model@6|FRAMEWORK@Framework@0|0), response = ServiceResponseMessage(sender_id=FRAMEWORK@Framework@0, receiver_id=fastran_FPP_000001@hcd_model@6, request_msg_id=REQUEST|fastran_FPP_000001@hcd_model@6|FRAMEWORK@Framework@0|0,status=0, args=(0,), message_id=RESPONSE|FRAMEWORK@Framework@0|fastran_FPP_000001@hcd_model@6|177)
2026-04-24 12:11:28,836 fastran_ic_hcd_model_6 DEBUG    _invoke_service(): getTopic  ('_IPS_MONITOR',)
2026-04-24 12:11:28,836 fastran_ic_hcd_model_6 DEBUG    _get_service_response(REQUEST|fastran_FPP_000001@hcd_model@6|FRAMEWORK@Framework@0|1)
2026-04-24 12:11:28,846 fastran_ic_hcd_model_6 DEBUG    _get_service_response(REQUEST|fastran_FPP_000001@hcd_model@6|FRAMEWORK@Framework@0|1), response = ServiceResponseMessage(sender_id=FRAMEWORK@Framework@0, receiver_id=fastran_FPP_000001@hcd_model@6, request_msg_id=REQUEST|fastran_FPP_000001@hcd_model@6|FRAMEWORK@Framework@0|1,status=0, args=(<ipsframework.cca_es_spec.Topic object at 0x7fbffd41ff70>,), message_id=RESPONSE|FRAMEWORK@Framework@0|fastran_FPP_000001@hcd_model@6|178)
2026-04-24 12:11:28,846 fastran_ic_hcd_model_6 DEBUG    _invoke_service(): sendEvent  ('_IPS_MONITOR', 'PORTAL_EVENT', {'sim_name': 'fastran_FPP_000001', 'real_sim_name': 'fastran_FPP_000001', 'portal_data': {'code': 'fastran_ic_hcd_model', 'eventtype': 'IPS_STAGE_STATE', 'ok': True, 'walltime': '22.34', 'time': '2026-04-24|12:11:28PDT', 'trace': {'timestamp': 1777057888813932, 'duration': 22020, 'localEndpoint': {'serviceName': 'stage_state'}, 'name': "['s000001.00001', 'g000001.00001', 'i000001.00001']", 'id': '71885aecf25d7412', 'parentId': '645e56c3eac20083', 'tags': {}}, 'state': 'Running', 'comment': 'Elapsed time = 0.022  files = s000001.00001 g000001.00001 i000001.00001 Success'}})
2026-04-24 12:11:28,846 fastran_ic_hcd_model_6 DEBUG    _get_service_response(REQUEST|fastran_FPP_000001@hcd_model@6|FRAMEWORK@Framework@0|2)
2026-04-24 12:11:28,857 fastran_ic_hcd_model_6 DEBUG    _get_service_response(REQUEST|fastran_FPP_000001@hcd_model@6|FRAMEWORK@Framework@0|2), response = ServiceResponseMessage(sender_id=FRAMEWORK@Framework@0, receiver_id=fastran_FPP_000001@hcd_model@6, request_msg_id=REQUEST|fastran_FPP_000001@hcd_model@6|FRAMEWORK@Framework@0|2,status=0, args=(None,), message_id=RESPONSE|FRAMEWORK@Framework@0|fastran_FPP_000001@hcd_model@6|179)
2026-04-24 12:11:28,863 fastran_ic_hcd_model_6 DEBUG    _invoke_service(): getTopic  ('_IPS_MONITOR',)
2026-04-24 12:11:28,863 fastran_ic_hcd_model_6 DEBUG    _get_service_response(REQUEST|fastran_FPP_000001@hcd_model@6|FRAMEWORK@Framework@0|3)
2026-04-24 12:11:28,873 fastran_ic_hcd_model_6 DEBUG    _get_service_response(REQUEST|fastran_FPP_000001@hcd_model@6|FRAMEWORK@Framework@0|3), response = ServiceResponseMessage(sender_id=FRAMEWORK@Framework@0, receiver_id=fastran_FPP_000001@hcd_model@6, request_msg_id=REQUEST|fastran_FPP_000001@hcd_model@6|FRAMEWORK@Framework@0|3,status=0, args=(<ipsframework.cca_es_spec.Topic object at 0x7fbffd429190>,), message_id=RESPONSE|FRAMEWORK@Framework@0|fastran_FPP_000001@hcd_model@6|180)
2026-04-24 12:11:28,873 fastran_ic_hcd_model_6 DEBUG    _invoke_service(): sendEvent  ('_IPS_MONITOR', 'PORTAL_EVENT', {'sim_name': 'fastran_FPP_000001', 'real_sim_name': 'fastran_FPP_000001', 'portal_data': {'code': 'fastran_ic_hcd_model', 'eventtype': 'IPS_STAGE_INPUTS', 'ok': True, 'walltime': '22.37', 'time': '2026-04-24|12:11:28PDT', 'trace': {'timestamp': 1777057888857726, 'duration': 5282, 'localEndpoint': {'serviceName': 'stage_input_files'}, 'name': 'inhcd', 'id': '5ee53c28a9607896', 'parentId': '645e56c3eac20083', 'tags': {}}, 'state': 'Running', 'comment': 'Elapsed time = 0.005 Path = /pscratch/sd/h/hswils/github_repos/MANTA_DBSCANS/RAD_Ar_coronal/input Files = inhcd'}})
2026-04-24 12:11:28,873 fastran_ic_hcd_model_6 DEBUG    _get_service_response(REQUEST|fastran_FPP_000001@hcd_model@6|FRAMEWORK@Framework@0|4)
2026-04-24 12:11:28,884 fastran_ic_hcd_model_6 DEBUG    _get_service_response(REQUEST|fastran_FPP_000001@hcd_model@6|FRAMEWORK@Framework@0|4), response = ServiceResponseMessage(sender_id=FRAMEWORK@Framework@0, receiver_id=fastran_FPP_000001@hcd_model@6, request_msg_id=REQUEST|fastran_FPP_000001@hcd_model@6|FRAMEWORK@Framework@0|4,status=0, args=(None,), message_id=RESPONSE|FRAMEWORK@Framework@0|fastran_FPP_000001@hcd_model@6|181)
2026-04-24 12:11:29,027 fastran_ic_hcd_model_6 DEBUG    _invoke_service(): update_state  (['s000001.00001', 'g000001.00001', 'i000001.00001'], '/pscratch/sd/h/hswils/github_repos/MANTA_DBSCANS/RAD_Ar_coronal/SCAN/work/fastran_ic_hcd_model_6', '/pscratch/sd/h/hswils/github_repos/MANTA_DBSCANS/RAD_Ar_coronal/SCAN/work/plasma_state')
2026-04-24 12:11:29,027 fastran_ic_hcd_model_6 DEBUG    _get_service_response(REQUEST|fastran_FPP_000001@hcd_model@6|FRAMEWORK@Framework@0|5)
2026-04-24 12:11:29,048 fastran_ic_hcd_model_6 DEBUG    _get_service_response(REQUEST|fastran_FPP_000001@hcd_model@6|FRAMEWORK@Framework@0|5), response = ServiceResponseMessage(sender_id=FRAMEWORK@Framework@0, receiver_id=fastran_FPP_000001@hcd_model@6, request_msg_id=REQUEST|fastran_FPP_000001@hcd_model@6|FRAMEWORK@Framework@0|5,status=0, args=(0,), message_id=RESPONSE|FRAMEWORK@Framework@0|fastran_FPP_000001@hcd_model@6|182)
2026-04-24 12:11:29,048 fastran_ic_hcd_model_6 DEBUG    _invoke_service(): getTopic  ('_IPS_MONITOR',)
2026-04-24 12:11:29,048 fastran_ic_hcd_model_6 DEBUG    _get_service_response(REQUEST|fastran_FPP_000001@hcd_model@6|FRAMEWORK@Framework@0|6)
2026-04-24 12:11:29,059 fastran_ic_hcd_model_6 DEBUG    _get_service_response(REQUEST|fastran_FPP_000001@hcd_model@6|FRAMEWORK@Framework@0|6), response = ServiceResponseMessage(sender_id=FRAMEWORK@Framework@0, receiver_id=fastran_FPP_000001@hcd_model@6, request_msg_id=REQUEST|fastran_FPP_000001@hcd_model@6|FRAMEWORK@Framework@0|6,status=0, args=(<ipsframework.cca_es_spec.Topic object at 0x7fbffd429490>,), message_id=RESPONSE|FRAMEWORK@Framework@0|fastran_FPP_000001@hcd_model@6|183)
2026-04-24 12:11:29,059 fastran_ic_hcd_model_6 DEBUG    _invoke_service(): sendEvent  ('_IPS_MONITOR', 'PORTAL_EVENT', {'sim_name': 'fastran_FPP_000001', 'real_sim_name': 'fastran_FPP_000001', 'portal_data': {'code': 'fastran_ic_hcd_model', 'eventtype': 'IPS_UPDATE_STATE', 'ok': True, 'walltime': '22.55', 'time': '2026-04-24|12:11:29PDT', 'trace': {'timestamp': 1777057889026905, 'duration': 21881, 'localEndpoint': {'serviceName': 'update_state'}, 'name': "['s000001.00001', 'g000001.00001', 'i000001.00001']", 'id': '7629e189a66153c0', 'parentId': '645e56c3eac20083', 'tags': {}}, 'state': 'Running', 'comment': 'Elapsed time = 0.022   files = s000001.00001 g000001.00001 i000001.00001 Success'}})
2026-04-24 12:11:29,059 fastran_ic_hcd_model_6 DEBUG    _get_service_response(REQUEST|fastran_FPP_000001@hcd_model@6|FRAMEWORK@Framework@0|7)
2026-04-24 12:11:29,070 fastran_ic_hcd_model_6 DEBUG    _get_service_response(REQUEST|fastran_FPP_000001@hcd_model@6|FRAMEWORK@Framework@0|7), response = ServiceResponseMessage(sender_id=FRAMEWORK@Framework@0, receiver_id=fastran_FPP_000001@hcd_model@6, request_msg_id=REQUEST|fastran_FPP_000001@hcd_model@6|FRAMEWORK@Framework@0|7,status=0, args=(None,), message_id=RESPONSE|FRAMEWORK@Framework@0|fastran_FPP_000001@hcd_model@6|184)
2026-04-24 12:11:29,071 fastran_ic_hcd_model_6 DEBUG    _invoke_service(): getTopic  ('_IPS_MONITOR',)
2026-04-24 12:11:29,071 fastran_ic_hcd_model_6 DEBUG    _get_service_response(REQUEST|fastran_FPP_000001@hcd_model@6|FRAMEWORK@Framework@0|8)
2026-04-24 12:11:29,081 fastran_ic_hcd_model_6 DEBUG    _get_service_response(REQUEST|fastran_FPP_000001@hcd_model@6|FRAMEWORK@Framework@0|8), response = ServiceResponseMessage(sender_id=FRAMEWORK@Framework@0, receiver_id=fastran_FPP_000001@hcd_model@6, request_msg_id=REQUEST|fastran_FPP_000001@hcd_model@6|FRAMEWORK@Framework@0|8,status=0, args=(<ipsframework.cca_es_spec.Topic object at 0x7fbffd4294c0>,), message_id=RESPONSE|FRAMEWORK@Framework@0|fastran_FPP_000001@hcd_model@6|185)
2026-04-24 12:11:29,081 fastran_ic_hcd_model_6 DEBUG    _invoke_service(): sendEvent  ('_IPS_MONITOR', 'PORTAL_EVENT', {'sim_name': 'fastran_FPP_000001', 'real_sim_name': 'fastran_FPP_000001', 'portal_data': {'code': 'fastran_ic_hcd_model', 'eventtype': 'IPS_STAGE_OUTPUTS', 'ok': True, 'walltime': '22.57', 'time': '2026-04-24|12:11:29PDT', 'trace': {'timestamp': 1777057889070178, 'duration': 929, 'localEndpoint': {'serviceName': 'stage_output_files'}, 'name': '[]', 'id': 'ed019efe11be26d9', 'parentId': '645e56c3eac20083', 'tags': {}}, 'state': 'Running', 'comment': 'Elapsed time = 0.001 Path = /pscratch/sd/h/hswils/github_repos/MANTA_DBSCANS/RAD_Ar_coronal/SCAN/simulation_results/0/components/fastran_ic_hcd_model_6 Files = []'}})
2026-04-24 12:11:29,082 fastran_ic_hcd_model_6 DEBUG    _get_service_response(REQUEST|fastran_FPP_000001@hcd_model@6|FRAMEWORK@Framework@0|9)
2026-04-24 12:11:29,092 fastran_ic_hcd_model_6 DEBUG    _get_service_response(REQUEST|fastran_FPP_000001@hcd_model@6|FRAMEWORK@Framework@0|9), response = ServiceResponseMessage(sender_id=FRAMEWORK@Framework@0, receiver_id=fastran_FPP_000001@hcd_model@6, request_msg_id=REQUEST|fastran_FPP_000001@hcd_model@6|FRAMEWORK@Framework@0|9,status=0, args=(None,), message_id=RESPONSE|FRAMEWORK@Framework@0|fastran_FPP_000001@hcd_model@6|186)
2026-04-24 12:11:29,103 fastran_driver_fastran_driver_2 DEBUG    _get_service_response(REQUEST|fastran_FPP_000001@fastran_driver@2|FRAMEWORK@Framework@0|82), response = ServiceResponseMessage(sender_id=FRAMEWORK@Framework@0, receiver_id=fastran_FPP_000001@fastran_driver@2, request_msg_id=REQUEST|fastran_FPP_000001@fastran_driver@2|FRAMEWORK@Framework@0|82,status=0, args=((None,),), message_id=RESPONSE|FRAMEWORK@Framework@0|fastran_FPP_000001@fastran_driver@2|187)
2026-04-24 12:11:29,103 fastran_driver_fastran_driver_2 DEBUG    _invoke_service(): getTopic  ('_IPS_MONITOR',)
2026-04-24 12:11:29,103 fastran_driver_fastran_driver_2 DEBUG    _get_service_response(REQUEST|fastran_FPP_000001@fastran_driver@2|FRAMEWORK@Framework@0|83)
2026-04-24 12:11:29,114 fastran_driver_fastran_driver_2 DEBUG    _get_service_response(REQUEST|fastran_FPP_000001@fastran_driver@2|FRAMEWORK@Framework@0|83), response = ServiceResponseMessage(sender_id=FRAMEWORK@Framework@0, receiver_id=fastran_FPP_000001@fastran_driver@2, request_msg_id=REQUEST|fastran_FPP_000001@fastran_driver@2|FRAMEWORK@Framework@0|83,status=0, args=(<ipsframework.cca_es_spec.Topic object at 0x7fbffd5c6a00>,), message_id=RESPONSE|FRAMEWORK@Framework@0|fastran_FPP_000001@fastran_driver@2|188)
2026-04-24 12:11:29,114 fastran_driver_fastran_driver_2 DEBUG    _invoke_service(): sendEvent  ('_IPS_MONITOR', 'PORTAL_EVENT', {'sim_name': 'fastran_FPP_000001', 'real_sim_name': 'fastran_FPP_000001', 'portal_data': {'code': 'fastran_driver_fastran_driver', 'eventtype': 'IPS_CALL_END', 'ok': True, 'walltime': '22.61', 'time': '2026-04-24|12:11:29PDT', 'trace': {'timestamp': 1777057888823847, 'duration': 279964, 'localEndpoint': {'serviceName': 'fastran_FPP_000001@hcd_model@6'}, 'name': 'step(0)', 'id': '645e56c3eac20083', 'parentId': 'f899e3e5886669ce', 'tags': {}}, 'state': 'Running', 'comment': 'Target = fastran_FPP_000001@hcd_model@6:step(0)'}})
2026-04-24 12:11:29,114 fastran_driver_fastran_driver_2 DEBUG    _get_service_response(REQUEST|fastran_FPP_000001@fastran_driver@2|FRAMEWORK@Framework@0|84)
2026-04-24 12:11:29,125 fastran_driver_fastran_driver_2 DEBUG    _get_service_response(REQUEST|fastran_FPP_000001@fastran_driver@2|FRAMEWORK@Framework@0|84), response = ServiceResponseMessage(sender_id=FRAMEWORK@Framework@0, receiver_id=fastran_FPP_000001@fastran_driver@2, request_msg_id=REQUEST|fastran_FPP_000001@fastran_driver@2|FRAMEWORK@Framework@0|84,status=0, args=(None,), message_id=RESPONSE|FRAMEWORK@Framework@0|fastran_FPP_000001@fastran_driver@2|189)
2026-04-24 12:11:29,125 fastran_driver_fastran_driver_2 DEBUG    _invoke_service(): getTopic  ('_IPS_MONITOR',)
2026-04-24 12:11:29,125 fastran_driver_fastran_driver_2 DEBUG    _get_service_response(REQUEST|fastran_FPP_000001@fastran_driver@2|FRAMEWORK@Framework@0|85)
2026-04-24 12:11:29,136 fastran_driver_fastran_driver_2 DEBUG    _get_service_response(REQUEST|fastran_FPP_000001@fastran_driver@2|FRAMEWORK@Framework@0|85), response = ServiceResponseMessage(sender_id=FRAMEWORK@Framework@0, receiver_id=fastran_FPP_000001@fastran_driver@2, request_msg_id=REQUEST|fastran_FPP_000001@fastran_driver@2|FRAMEWORK@Framework@0|85,status=0, args=(<ipsframework.cca_es_spec.Topic object at 0x7fbffd5c6b20>,), message_id=RESPONSE|FRAMEWORK@Framework@0|fastran_FPP_000001@fastran_driver@2|190)
2026-04-24 12:11:29,136 fastran_driver_fastran_driver_2 DEBUG    _invoke_service(): sendEvent  ('_IPS_MONITOR', 'PORTAL_EVENT', {'sim_name': 'fastran_FPP_000001', 'real_sim_name': 'fastran_FPP_000001', 'portal_data': {'code': 'fastran_driver_fastran_driver', 'eventtype': 'IPS_CALL_BEGIN', 'ok': True, 'walltime': '22.63', 'time': '2026-04-24|12:11:29PDT', 'state': 'Running', 'comment': 'Target = fastran_FPP_000001@efit@7:step(0)'}})
2026-04-24 12:11:29,136 fastran_driver_fastran_driver_2 DEBUG    _get_service_response(REQUEST|fastran_FPP_000001@fastran_driver@2|FRAMEWORK@Framework@0|86)
2026-04-24 12:11:29,147 fastran_driver_fastran_driver_2 DEBUG    _get_service_response(REQUEST|fastran_FPP_000001@fastran_driver@2|FRAMEWORK@Framework@0|86), response = ServiceResponseMessage(sender_id=FRAMEWORK@Framework@0, receiver_id=fastran_FPP_000001@fastran_driver@2, request_msg_id=REQUEST|fastran_FPP_000001@fastran_driver@2|FRAMEWORK@Framework@0|86,status=0, args=(None,), message_id=RESPONSE|FRAMEWORK@Framework@0|fastran_FPP_000001@fastran_driver@2|191)
2026-04-24 12:11:29,147 fastran_driver_fastran_driver_2 DEBUG    _invoke_service(): init_call  ('step', 0)
2026-04-24 12:11:29,147 fastran_driver_fastran_driver_2 DEBUG    _get_service_response(REQUEST|fastran_FPP_000001@fastran_driver@2|FRAMEWORK@Framework@0|87)
2026-04-24 12:11:29,148 fastran_eq_efit_7 DEBUG    Received Message 
2026-04-24 12:11:29,148 fastran_eq_efit_7 DEBUG    Calling method step(0)
2026-04-24 12:11:29,148 fastran_eq_efit_7 DEBUG    _invoke_service(): stage_state  (['s000001.00001', 'g000001.00001', 'i000001.00001'], '/pscratch/sd/h/hswils/github_repos/MANTA_DBSCANS/RAD_Ar_coronal/SCAN/work/plasma_state', '/pscratch/sd/h/hswils/github_repos/MANTA_DBSCANS/RAD_Ar_coronal/SCAN/work/fastran_eq_efit_7')
2026-04-24 12:11:29,148 fastran_eq_efit_7 DEBUG    _get_service_response(REQUEST|fastran_FPP_000001@efit@7|FRAMEWORK@Framework@0|0)
2026-04-24 12:11:29,158 fastran_driver_fastran_driver_2 DEBUG    _get_service_response(REQUEST|fastran_FPP_000001@fastran_driver@2|FRAMEWORK@Framework@0|87), response = ServiceResponseMessage(sender_id=FRAMEWORK@Framework@0, receiver_id=fastran_FPP_000001@fastran_driver@2, request_msg_id=REQUEST|fastran_FPP_000001@fastran_driver@2|FRAMEWORK@Framework@0|87,status=0, args=(21,), message_id=RESPONSE|FRAMEWORK@Framework@0|fastran_FPP_000001@fastran_driver@2|192)
2026-04-24 12:11:29,158 fastran_driver_fastran_driver_2 DEBUG    _invoke_service(): wait_call  (21, True)
2026-04-24 12:11:29,158 fastran_driver_fastran_driver_2 DEBUG    _get_service_response(REQUEST|fastran_FPP_000001@fastran_driver@2|FRAMEWORK@Framework@0|88)
2026-04-24 12:11:29,169 fastran_eq_efit_7 DEBUG    _get_service_response(REQUEST|fastran_FPP_000001@efit@7|FRAMEWORK@Framework@0|0), response = ServiceResponseMessage(sender_id=FRAMEWORK@Framework@0, receiver_id=fastran_FPP_000001@efit@7, request_msg_id=REQUEST|fastran_FPP_000001@efit@7|FRAMEWORK@Framework@0|0,status=0, args=(0,), message_id=RESPONSE|FRAMEWORK@Framework@0|fastran_FPP_000001@efit@7|193)
2026-04-24 12:11:29,169 fastran_eq_efit_7 DEBUG    _invoke_service(): getTopic  ('_IPS_MONITOR',)
2026-04-24 12:11:29,169 fastran_eq_efit_7 DEBUG    _get_service_response(REQUEST|fastran_FPP_000001@efit@7|FRAMEWORK@Framework@0|1)
2026-04-24 12:11:29,180 fastran_eq_efit_7 DEBUG    _get_service_response(REQUEST|fastran_FPP_000001@efit@7|FRAMEWORK@Framework@0|1), response = ServiceResponseMessage(sender_id=FRAMEWORK@Framework@0, receiver_id=fastran_FPP_000001@efit@7, request_msg_id=REQUEST|fastran_FPP_000001@efit@7|FRAMEWORK@Framework@0|1,status=0, args=(<ipsframework.cca_es_spec.Topic object at 0x7fbffd4239a0>,), message_id=RESPONSE|FRAMEWORK@Framework@0|fastran_FPP_000001@efit@7|194)
2026-04-24 12:11:29,180 fastran_eq_efit_7 DEBUG    _invoke_service(): sendEvent  ('_IPS_MONITOR', 'PORTAL_EVENT', {'sim_name': 'fastran_FPP_000001', 'real_sim_name': 'fastran_FPP_000001', 'portal_data': {'code': 'fastran_eq_efit', 'eventtype': 'IPS_STAGE_STATE', 'ok': True, 'walltime': '22.67', 'time': '2026-04-24|12:11:29PDT', 'trace': {'timestamp': 1777057889148491, 'duration': 21094, 'localEndpoint': {'serviceName': 'stage_state'}, 'name': "['s000001.00001', 'g000001.00001', 'i000001.00001']", 'id': '71885aecf25d7412', 'parentId': '13bf82df7dd38026', 'tags': {}}, 'state': 'Running', 'comment': 'Elapsed time = 0.021  files = s000001.00001 g000001.00001 i000001.00001 Success'}})
2026-04-24 12:11:29,180 fastran_eq_efit_7 DEBUG    _get_service_response(REQUEST|fastran_FPP_000001@efit@7|FRAMEWORK@Framework@0|2)
2026-04-24 12:11:29,191 fastran_eq_efit_7 DEBUG    _get_service_response(REQUEST|fastran_FPP_000001@efit@7|FRAMEWORK@Framework@0|2), response = ServiceResponseMessage(sender_id=FRAMEWORK@Framework@0, receiver_id=fastran_FPP_000001@efit@7, request_msg_id=REQUEST|fastran_FPP_000001@efit@7|FRAMEWORK@Framework@0|2,status=0, args=(None,), message_id=RESPONSE|FRAMEWORK@Framework@0|fastran_FPP_000001@efit@7|195)
2026-04-24 12:11:31,920 fastran_eq_efit_7 DEBUG    _invoke_service(): update_state  (['s000001.00001', 'g000001.00001', 'i000001.00001'], '/pscratch/sd/h/hswils/github_repos/MANTA_DBSCANS/RAD_Ar_coronal/SCAN/work/fastran_eq_efit_7', '/pscratch/sd/h/hswils/github_repos/MANTA_DBSCANS/RAD_Ar_coronal/SCAN/work/plasma_state')
2026-04-24 12:11:31,921 fastran_eq_efit_7 DEBUG    _get_service_response(REQUEST|fastran_FPP_000001@efit@7|FRAMEWORK@Framework@0|3)
2026-04-24 12:11:31,944 fastran_eq_efit_7 DEBUG    _get_service_response(REQUEST|fastran_FPP_000001@efit@7|FRAMEWORK@Framework@0|3), response = ServiceResponseMessage(sender_id=FRAMEWORK@Framework@0, receiver_id=fastran_FPP_000001@efit@7, request_msg_id=REQUEST|fastran_FPP_000001@efit@7|FRAMEWORK@Framework@0|3,status=0, args=(0,), message_id=RESPONSE|FRAMEWORK@Framework@0|fastran_FPP_000001@efit@7|202)
2026-04-24 12:11:31,944 fastran_eq_efit_7 DEBUG    _invoke_service(): getTopic  ('_IPS_MONITOR',)
2026-04-24 12:11:31,944 fastran_eq_efit_7 DEBUG    _get_service_response(REQUEST|fastran_FPP_000001@efit@7|FRAMEWORK@Framework@0|4)
2026-04-24 12:11:31,955 fastran_eq_efit_7 DEBUG    _get_service_response(REQUEST|fastran_FPP_000001@efit@7|FRAMEWORK@Framework@0|4), response = ServiceResponseMessage(sender_id=FRAMEWORK@Framework@0, receiver_id=fastran_FPP_000001@efit@7, request_msg_id=REQUEST|fastran_FPP_000001@efit@7|FRAMEWORK@Framework@0|4,status=0, args=(<ipsframework.cca_es_spec.Topic object at 0x7fbffd423fd0>,), message_id=RESPONSE|FRAMEWORK@Framework@0|fastran_FPP_000001@efit@7|203)
2026-04-24 12:11:31,955 fastran_eq_efit_7 DEBUG    _invoke_service(): sendEvent  ('_IPS_MONITOR', 'PORTAL_EVENT', {'sim_name': 'fastran_FPP_000001', 'real_sim_name': 'fastran_FPP_000001', 'portal_data': {'code': 'fastran_eq_efit', 'eventtype': 'IPS_UPDATE_STATE', 'ok': True, 'walltime': '25.45', 'time': '2026-04-24|12:11:31PDT', 'trace': {'timestamp': 1777057891919997, 'duration': 24393, 'localEndpoint': {'serviceName': 'update_state'}, 'name': "['s000001.00001', 'g000001.00001', 'i000001.00001']", 'id': '7629e189a66153c0', 'parentId': '13bf82df7dd38026', 'tags': {}}, 'state': 'Running', 'comment': 'Elapsed time = 0.024   files = s000001.00001 g000001.00001 i000001.00001 Success'}})
2026-04-24 12:11:31,955 fastran_eq_efit_7 DEBUG    _get_service_response(REQUEST|fastran_FPP_000001@efit@7|FRAMEWORK@Framework@0|5)
2026-04-24 12:11:31,966 fastran_eq_efit_7 DEBUG    _get_service_response(REQUEST|fastran_FPP_000001@efit@7|FRAMEWORK@Framework@0|5), response = ServiceResponseMessage(sender_id=FRAMEWORK@Framework@0, receiver_id=fastran_FPP_000001@efit@7, request_msg_id=REQUEST|fastran_FPP_000001@efit@7|FRAMEWORK@Framework@0|5,status=0, args=(None,), message_id=RESPONSE|FRAMEWORK@Framework@0|fastran_FPP_000001@efit@7|204)
2026-04-24 12:11:31,993 fastran_eq_efit_7 DEBUG    _invoke_service(): getTopic  ('_IPS_MONITOR',)
2026-04-24 12:11:31,993 fastran_eq_efit_7 DEBUG    _get_service_response(REQUEST|fastran_FPP_000001@efit@7|FRAMEWORK@Framework@0|6)
2026-04-24 12:11:32,004 fastran_eq_efit_7 DEBUG    _get_service_response(REQUEST|fastran_FPP_000001@efit@7|FRAMEWORK@Framework@0|6), response = ServiceResponseMessage(sender_id=FRAMEWORK@Framework@0, receiver_id=fastran_FPP_000001@efit@7, request_msg_id=REQUEST|fastran_FPP_000001@efit@7|FRAMEWORK@Framework@0|6,status=0, args=(<ipsframework.cca_es_spec.Topic object at 0x7fbffd423fd0>,), message_id=RESPONSE|FRAMEWORK@Framework@0|fastran_FPP_000001@efit@7|205)
2026-04-24 12:11:32,004 fastran_eq_efit_7 DEBUG    _invoke_service(): sendEvent  ('_IPS_MONITOR', 'PORTAL_EVENT', {'sim_name': 'fastran_FPP_000001', 'real_sim_name': 'fastran_FPP_000001', 'portal_data': {'code': 'fastran_eq_efit', 'eventtype': 'IPS_STAGE_OUTPUTS', 'ok': True, 'walltime': '25.50', 'time': '2026-04-24|12:11:31PDT', 'trace': {'timestamp': 1777057891966501, 'duration': 27154, 'localEndpoint': {'serviceName': 'stage_output_files'}, 'name': "['g*.*', 'a*.*', 'm*.*', 'k*.*', 'efit.log', 's*.*']", 'id': '80725d8eee5776f1', 'parentId': '13bf82df7dd38026', 'tags': {}}, 'state': 'Running', 'comment': "Elapsed time = 0.027 Path = /pscratch/sd/h/hswils/github_repos/MANTA_DBSCANS/RAD_Ar_coronal/SCAN/simulation_results/0/components/fastran_eq_efit_7 Files = ['g*.*', 'a*.*', 'm*.*', 'k*.*', 'efit.log', 's*.*']"}})
2026-04-24 12:11:32,004 fastran_eq_efit_7 DEBUG    _get_service_response(REQUEST|fastran_FPP_000001@efit@7|FRAMEWORK@Framework@0|7)
2026-04-24 12:11:32,014 fastran_eq_efit_7 DEBUG    _get_service_response(REQUEST|fastran_FPP_000001@efit@7|FRAMEWORK@Framework@0|7), response = ServiceResponseMessage(sender_id=FRAMEWORK@Framework@0, receiver_id=fastran_FPP_000001@efit@7, request_msg_id=REQUEST|fastran_FPP_000001@efit@7|FRAMEWORK@Framework@0|7,status=0, args=(None,), message_id=RESPONSE|FRAMEWORK@Framework@0|fastran_FPP_000001@efit@7|206)
2026-04-24 12:11:32,026 fastran_driver_fastran_driver_2 DEBUG    _get_service_response(REQUEST|fastran_FPP_000001@fastran_driver@2|FRAMEWORK@Framework@0|88), response = ServiceResponseMessage(sender_id=FRAMEWORK@Framework@0, receiver_id=fastran_FPP_000001@fastran_driver@2, request_msg_id=REQUEST|fastran_FPP_000001@fastran_driver@2|FRAMEWORK@Framework@0|88,status=0, args=((None,),), message_id=RESPONSE|FRAMEWORK@Framework@0|fastran_FPP_000001@fastran_driver@2|207)
2026-04-24 12:11:32,026 fastran_driver_fastran_driver_2 DEBUG    _invoke_service(): getTopic  ('_IPS_MONITOR',)
2026-04-24 12:11:32,027 fastran_driver_fastran_driver_2 DEBUG    _get_service_response(REQUEST|fastran_FPP_000001@fastran_driver@2|FRAMEWORK@Framework@0|89)
2026-04-24 12:11:32,037 fastran_driver_fastran_driver_2 DEBUG    _get_service_response(REQUEST|fastran_FPP_000001@fastran_driver@2|FRAMEWORK@Framework@0|89), response = ServiceResponseMessage(sender_id=FRAMEWORK@Framework@0, receiver_id=fastran_FPP_000001@fastran_driver@2, request_msg_id=REQUEST|fastran_FPP_000001@fastran_driver@2|FRAMEWORK@Framework@0|89,status=0, args=(<ipsframework.cca_es_spec.Topic object at 0x7fbffd5c6a90>,), message_id=RESPONSE|FRAMEWORK@Framework@0|fastran_FPP_000001@fastran_driver@2|208)
2026-04-24 12:11:32,037 fastran_driver_fastran_driver_2 DEBUG    _invoke_service(): sendEvent  ('_IPS_MONITOR', 'PORTAL_EVENT', {'sim_name': 'fastran_FPP_000001', 'real_sim_name': 'fastran_FPP_000001', 'portal_data': {'code': 'fastran_driver_fastran_driver', 'eventtype': 'IPS_CALL_END', 'ok': True, 'walltime': '25.53', 'time': '2026-04-24|12:11:32PDT', 'trace': {'timestamp': 1777057889158331, 'duration': 2868587, 'localEndpoint': {'serviceName': 'fastran_FPP_000001@efit@7'}, 'name': 'step(0)', 'id': '13bf82df7dd38026', 'parentId': 'f899e3e5886669ce', 'tags': {}}, 'state': 'Running', 'comment': 'Target = fastran_FPP_000001@efit@7:step(0)'}})
2026-04-24 12:11:32,037 fastran_driver_fastran_driver_2 DEBUG    _get_service_response(REQUEST|fastran_FPP_000001@fastran_driver@2|FRAMEWORK@Framework@0|90)
2026-04-24 12:11:32,048 fastran_driver_fastran_driver_2 DEBUG    _get_service_response(REQUEST|fastran_FPP_000001@fastran_driver@2|FRAMEWORK@Framework@0|90), response = ServiceResponseMessage(sender_id=FRAMEWORK@Framework@0, receiver_id=fastran_FPP_000001@fastran_driver@2, request_msg_id=REQUEST|fastran_FPP_000001@fastran_driver@2|FRAMEWORK@Framework@0|90,status=0, args=(None,), message_id=RESPONSE|FRAMEWORK@Framework@0|fastran_FPP_000001@fastran_driver@2|209)
2026-04-24 12:11:32,048 fastran_driver_fastran_driver_2 DEBUG    _invoke_service(): getTopic  ('_IPS_MONITOR',)
2026-04-24 12:11:32,048 fastran_driver_fastran_driver_2 DEBUG    _get_service_response(REQUEST|fastran_FPP_000001@fastran_driver@2|FRAMEWORK@Framework@0|91)
2026-04-24 12:11:32,059 fastran_driver_fastran_driver_2 DEBUG    _get_service_response(REQUEST|fastran_FPP_000001@fastran_driver@2|FRAMEWORK@Framework@0|91), response = ServiceResponseMessage(sender_id=FRAMEWORK@Framework@0, receiver_id=fastran_FPP_000001@fastran_driver@2, request_msg_id=REQUEST|fastran_FPP_000001@fastran_driver@2|FRAMEWORK@Framework@0|91,status=0, args=(<ipsframework.cca_es_spec.Topic object at 0x7fbffd5c6b80>,), message_id=RESPONSE|FRAMEWORK@Framework@0|fastran_FPP_000001@fastran_driver@2|210)
2026-04-24 12:11:32,059 fastran_driver_fastran_driver_2 DEBUG    _invoke_service(): sendEvent  ('_IPS_MONITOR', 'PORTAL_EVENT', {'sim_name': 'fastran_FPP_000001', 'real_sim_name': 'fastran_FPP_000001', 'portal_data': {'code': 'fastran_driver_fastran_driver', 'eventtype': 'IPS_CALL_BEGIN', 'ok': True, 'walltime': '25.55', 'time': '2026-04-24|12:11:32PDT', 'state': 'Running', 'comment': 'Target = fastran_FPP_000001@fastran@8:step(0)'}})
2026-04-24 12:11:32,059 fastran_driver_fastran_driver_2 DEBUG    _get_service_response(REQUEST|fastran_FPP_000001@fastran_driver@2|FRAMEWORK@Framework@0|92)
2026-04-24 12:11:32,070 fastran_driver_fastran_driver_2 DEBUG    _get_service_response(REQUEST|fastran_FPP_000001@fastran_driver@2|FRAMEWORK@Framework@0|92), response = ServiceResponseMessage(sender_id=FRAMEWORK@Framework@0, receiver_id=fastran_FPP_000001@fastran_driver@2, request_msg_id=REQUEST|fastran_FPP_000001@fastran_driver@2|FRAMEWORK@Framework@0|92,status=0, args=(None,), message_id=RESPONSE|FRAMEWORK@Framework@0|fastran_FPP_000001@fastran_driver@2|211)
2026-04-24 12:11:32,070 fastran_driver_fastran_driver_2 DEBUG    _invoke_service(): init_call  ('step', 0)
2026-04-24 12:11:32,070 fastran_driver_fastran_driver_2 DEBUG    _get_service_response(REQUEST|fastran_FPP_000001@fastran_driver@2|FRAMEWORK@Framework@0|93)
2026-04-24 12:11:32,071 fastran_tr_fastran_8 DEBUG    Received Message 
2026-04-24 12:11:32,071 fastran_tr_fastran_8 DEBUG    Calling method step(0)
2026-04-24 12:11:32,071 fastran_tr_fastran_8 DEBUG    _invoke_service(): stage_state  (['s000001.00001', 'g000001.00001', 'i000001.00001'], '/pscratch/sd/h/hswils/github_repos/MANTA_DBSCANS/RAD_Ar_coronal/SCAN/work/plasma_state', '/pscratch/sd/h/hswils/github_repos/MANTA_DBSCANS/RAD_Ar_coronal/SCAN/work/fastran_tr_fastran_8')
2026-04-24 12:11:32,071 fastran_tr_fastran_8 DEBUG    _get_service_response(REQUEST|fastran_FPP_000001@fastran@8|FRAMEWORK@Framework@0|0)
2026-04-24 12:11:32,081 fastran_driver_fastran_driver_2 DEBUG    _get_service_response(REQUEST|fastran_FPP_000001@fastran_driver@2|FRAMEWORK@Framework@0|93), response = ServiceResponseMessage(sender_id=FRAMEWORK@Framework@0, receiver_id=fastran_FPP_000001@fastran_driver@2, request_msg_id=REQUEST|fastran_FPP_000001@fastran_driver@2|FRAMEWORK@Framework@0|93,status=0, args=(22,), message_id=RESPONSE|FRAMEWORK@Framework@0|fastran_FPP_000001@fastran_driver@2|212)
2026-04-24 12:11:32,081 fastran_driver_fastran_driver_2 DEBUG    _invoke_service(): wait_call  (22, True)
2026-04-24 12:11:32,081 fastran_driver_fastran_driver_2 DEBUG    _get_service_response(REQUEST|fastran_FPP_000001@fastran_driver@2|FRAMEWORK@Framework@0|94)
2026-04-24 12:11:32,093 fastran_tr_fastran_8 DEBUG    _get_service_response(REQUEST|fastran_FPP_000001@fastran@8|FRAMEWORK@Framework@0|0), response = ServiceResponseMessage(sender_id=FRAMEWORK@Framework@0, receiver_id=fastran_FPP_000001@fastran@8, request_msg_id=REQUEST|fastran_FPP_000001@fastran@8|FRAMEWORK@Framework@0|0,status=0, args=(0,), message_id=RESPONSE|FRAMEWORK@Framework@0|fastran_FPP_000001@fastran@8|213)
2026-04-24 12:11:32,093 fastran_tr_fastran_8 DEBUG    _invoke_service(): getTopic  ('_IPS_MONITOR',)
2026-04-24 12:11:32,093 fastran_tr_fastran_8 DEBUG    _get_service_response(REQUEST|fastran_FPP_000001@fastran@8|FRAMEWORK@Framework@0|1)
2026-04-24 12:11:32,104 fastran_tr_fastran_8 DEBUG    _get_service_response(REQUEST|fastran_FPP_000001@fastran@8|FRAMEWORK@Framework@0|1), response = ServiceResponseMessage(sender_id=FRAMEWORK@Framework@0, receiver_id=fastran_FPP_000001@fastran@8, request_msg_id=REQUEST|fastran_FPP_000001@fastran@8|FRAMEWORK@Framework@0|1,status=0, args=(<ipsframework.cca_es_spec.Topic object at 0x7fbffd42d250>,), message_id=RESPONSE|FRAMEWORK@Framework@0|fastran_FPP_000001@fastran@8|214)
2026-04-24 12:11:32,104 fastran_tr_fastran_8 DEBUG    _invoke_service(): sendEvent  ('_IPS_MONITOR', 'PORTAL_EVENT', {'sim_name': 'fastran_FPP_000001', 'real_sim_name': 'fastran_FPP_000001', 'portal_data': {'code': 'fastran_tr_fastran', 'eventtype': 'IPS_STAGE_STATE', 'ok': True, 'walltime': '25.60', 'time': '2026-04-24|12:11:32PDT', 'trace': {'timestamp': 1777057892071376, 'duration': 21765, 'localEndpoint': {'serviceName': 'stage_state'}, 'name': "['s000001.00001', 'g000001.00001', 'i000001.00001']", 'id': '71885aecf25d7412', 'parentId': 'df5e6cd0e63af24f', 'tags': {}}, 'state': 'Running', 'comment': 'Elapsed time = 0.022  files = s000001.00001 g000001.00001 i000001.00001 Success'}})
2026-04-24 12:11:32,104 fastran_tr_fastran_8 DEBUG    _get_service_response(REQUEST|fastran_FPP_000001@fastran@8|FRAMEWORK@Framework@0|2)
2026-04-24 12:11:32,114 fastran_tr_fastran_8 DEBUG    _get_service_response(REQUEST|fastran_FPP_000001@fastran@8|FRAMEWORK@Framework@0|2), response = ServiceResponseMessage(sender_id=FRAMEWORK@Framework@0, receiver_id=fastran_FPP_000001@fastran@8, request_msg_id=REQUEST|fastran_FPP_000001@fastran@8|FRAMEWORK@Framework@0|2,status=0, args=(None,), message_id=RESPONSE|FRAMEWORK@Framework@0|fastran_FPP_000001@fastran@8|215)
2026-04-24 12:11:32,124 fastran_tr_fastran_8 DEBUG    _invoke_service(): getTopic  ('_IPS_MONITOR',)
2026-04-24 12:11:32,124 fastran_tr_fastran_8 DEBUG    _get_service_response(REQUEST|fastran_FPP_000001@fastran@8|FRAMEWORK@Framework@0|3)
2026-04-24 12:11:32,134 fastran_tr_fastran_8 DEBUG    _get_service_response(REQUEST|fastran_FPP_000001@fastran@8|FRAMEWORK@Framework@0|3), response = ServiceResponseMessage(sender_id=FRAMEWORK@Framework@0, receiver_id=fastran_FPP_000001@fastran@8, request_msg_id=REQUEST|fastran_FPP_000001@fastran@8|FRAMEWORK@Framework@0|3,status=0, args=(<ipsframework.cca_es_spec.Topic object at 0x7fbffd423880>,), message_id=RESPONSE|FRAMEWORK@Framework@0|fastran_FPP_000001@fastran@8|216)
2026-04-24 12:11:32,134 fastran_tr_fastran_8 DEBUG    _invoke_service(): sendEvent  ('_IPS_MONITOR', 'PORTAL_EVENT', {'sim_name': 'fastran_FPP_000001', 'real_sim_name': 'fastran_FPP_000001', 'portal_data': {'code': 'fastran_tr_fastran', 'eventtype': 'IPS_STAGE_INPUTS', 'ok': True, 'walltime': '25.63', 'time': '2026-04-24|12:11:32PDT', 'trace': {'timestamp': 1777057892115369, 'duration': 8716, 'localEndpoint': {'serviceName': 'stage_input_files'}, 'name': 'infastran intglf', 'id': '5ff6e2efe4653e6c', 'parentId': 'df5e6cd0e63af24f', 'tags': {}}, 'state': 'Running', 'comment': 'Elapsed time = 0.009 Path = /pscratch/sd/h/hswils/github_repos/MANTA_DBSCANS/RAD_Ar_coronal/input Files = infastran intglf'}})
2026-04-24 12:11:32,134 fastran_tr_fastran_8 DEBUG    _get_service_response(REQUEST|fastran_FPP_000001@fastran@8|FRAMEWORK@Framework@0|4)
2026-04-24 12:11:32,145 fastran_tr_fastran_8 DEBUG    _get_service_response(REQUEST|fastran_FPP_000001@fastran@8|FRAMEWORK@Framework@0|4), response = ServiceResponseMessage(sender_id=FRAMEWORK@Framework@0, receiver_id=fastran_FPP_000001@fastran@8, request_msg_id=REQUEST|fastran_FPP_000001@fastran@8|FRAMEWORK@Framework@0|4,status=0, args=(None,), message_id=RESPONSE|FRAMEWORK@Framework@0|fastran_FPP_000001@fastran@8|217)
2026-04-24 12:11:32,363 fastran_tr_fastran_8 DEBUG    _invoke_service(): init_task  (TaskInit(nproc=126, binary='/global/common/software/atom/perlmutter/binaries/fastran/default/xfastran_ver1.07', working_dir='/pscratch/sd/h/hswils/github_repos/MANTA_DBSCANS/RAD_Ar_coronal/SCAN/work/fastran_tr_fastran_8', tppn=0, tcpp=0, tgpp=0, block=True, omp=False, wnodes=True, wsocks=True, cmd_args=('6', '21')),)
2026-04-24 12:11:32,363 fastran_tr_fastran_8 DEBUG    _get_service_response(REQUEST|fastran_FPP_000001@fastran@8|FRAMEWORK@Framework@0|5)
2026-04-24 12:11:32,374 fastran_tr_fastran_8 DEBUG    _get_service_response(REQUEST|fastran_FPP_000001@fastran@8|FRAMEWORK@Framework@0|5), response = ServiceResponseMessage(sender_id=FRAMEWORK@Framework@0, receiver_id=fastran_FPP_000001@fastran@8, request_msg_id=REQUEST|fastran_FPP_000001@fastran@8|FRAMEWORK@Framework@0|5,status=0, args=((2, 'srun -N 1 -n 126 -c 1 --threads-per-core=1 --cpu-bind=cores /global/common/software/atom/perlmutter/binaries/fastran/default/xfastran_ver1.07 6 21', None, 128),), message_id=RESPONSE|FRAMEWORK@Framework@0|fastran_FPP_000001@fastran@8|219)
2026-04-24 12:11:32,375 fastran_tr_fastran_8 DEBUG    Launching command : srun -N 1 -n 126 -c 1 --threads-per-core=1 --cpu-bind=cores /global/common/software/atom/perlmutter/binaries/fastran/default/xfastran_ver1.07 6 21
2026-04-24 12:11:32,391 fastran_tr_fastran_8 DEBUG    _invoke_service(): getTopic  ('_IPS_MONITOR',)
2026-04-24 12:11:32,391 fastran_tr_fastran_8 DEBUG    _get_service_response(REQUEST|fastran_FPP_000001@fastran@8|FRAMEWORK@Framework@0|6)
2026-04-24 12:11:32,402 fastran_tr_fastran_8 DEBUG    _get_service_response(REQUEST|fastran_FPP_000001@fastran@8|FRAMEWORK@Framework@0|6), response = ServiceResponseMessage(sender_id=FRAMEWORK@Framework@0, receiver_id=fastran_FPP_000001@fastran@8, request_msg_id=REQUEST|fastran_FPP_000001@fastran@8|FRAMEWORK@Framework@0|6,status=0, args=(<ipsframework.cca_es_spec.Topic object at 0x7fbffd41fe20>,), message_id=RESPONSE|FRAMEWORK@Framework@0|fastran_FPP_000001@fastran@8|220)
2026-04-24 12:11:32,402 fastran_tr_fastran_8 DEBUG    _invoke_service(): sendEvent  ('_IPS_MONITOR', 'PORTAL_EVENT', {'sim_name': 'fastran_FPP_000001', 'real_sim_name': 'fastran_FPP_000001', 'portal_data': {'code': 'fastran_tr_fastran', 'eventtype': 'IPS_LAUNCH_TASK', 'ok': True, 'walltime': '25.89', 'time': '2026-04-24|12:11:32PDT', 'state': 'Running', 'comment': 'task_id = 2 , Tag = None , nproc = 126 , Target = srun -N 1 -n 126 -c 1 --threads-per-core=1 --cpu-bind=cores /global/common/software/atom/perlmutter/binaries/fastran/default/xfastran_ver1.07 6 21'}})
2026-04-24 12:11:32,402 fastran_tr_fastran_8 DEBUG    _get_service_response(REQUEST|fastran_FPP_000001@fastran@8|FRAMEWORK@Framework@0|7)
2026-04-24 12:11:32,413 fastran_tr_fastran_8 DEBUG    _get_service_response(REQUEST|fastran_FPP_000001@fastran@8|FRAMEWORK@Framework@0|7), response = ServiceResponseMessage(sender_id=FRAMEWORK@Framework@0, receiver_id=fastran_FPP_000001@fastran@8, request_msg_id=REQUEST|fastran_FPP_000001@fastran@8|FRAMEWORK@Framework@0|7,status=0, args=(None,), message_id=RESPONSE|FRAMEWORK@Framework@0|fastran_FPP_000001@fastran@8|221)
2026-04-24 12:11:39,437 fastran_tr_fastran_8 DEBUG    _invoke_service(): getTopic  ('_IPS_MONITOR',)
2026-04-24 12:11:39,437 fastran_tr_fastran_8 DEBUG    _get_service_response(REQUEST|fastran_FPP_000001@fastran@8|FRAMEWORK@Framework@0|8)
2026-04-24 12:11:39,448 fastran_tr_fastran_8 DEBUG    _get_service_response(REQUEST|fastran_FPP_000001@fastran@8|FRAMEWORK@Framework@0|8), response = ServiceResponseMessage(sender_id=FRAMEWORK@Framework@0, receiver_id=fastran_FPP_000001@fastran@8, request_msg_id=REQUEST|fastran_FPP_000001@fastran@8|FRAMEWORK@Framework@0|8,status=0, args=(<ipsframework.cca_es_spec.Topic object at 0x7fbffd5d7f40>,), message_id=RESPONSE|FRAMEWORK@Framework@0|fastran_FPP_000001@fastran@8|235)
2026-04-24 12:11:39,448 fastran_tr_fastran_8 DEBUG    _invoke_service(): sendEvent  ('_IPS_MONITOR', 'PORTAL_EVENT', {'sim_name': 'fastran_FPP_000001', 'real_sim_name': 'fastran_FPP_000001', 'portal_data': {'code': 'fastran_tr_fastran', 'eventtype': 'IPS_TASK_END', 'ok': True, 'walltime': '32.94', 'time': '2026-04-24|12:11:39PDT', 'trace': {'timestamp': 1777057892391012, 'duration': 7045851, 'localEndpoint': {'serviceName': '/global/common/software/atom/perlmutter/binaries/fastran/default/xfastran_ver1.07'}, 'name': '6 21', 'id': '7a9794fb7ad7ff00', 'parentId': 'df5e6cd0e63af24f', 'tags': {'procs_requested': '126', 'cores_allocated': '128'}}, 'state': 'Running', 'comment': 'task_id = 2  elapsed time = 7.05 S'}})
2026-04-24 12:11:39,448 fastran_tr_fastran_8 DEBUG    _get_service_response(REQUEST|fastran_FPP_000001@fastran@8|FRAMEWORK@Framework@0|9)
2026-04-24 12:11:39,459 fastran_tr_fastran_8 DEBUG    _get_service_response(REQUEST|fastran_FPP_000001@fastran@8|FRAMEWORK@Framework@0|9), response = ServiceResponseMessage(sender_id=FRAMEWORK@Framework@0, receiver_id=fastran_FPP_000001@fastran@8, request_msg_id=REQUEST|fastran_FPP_000001@fastran@8|FRAMEWORK@Framework@0|9,status=0, args=(None,), message_id=RESPONSE|FRAMEWORK@Framework@0|fastran_FPP_000001@fastran@8|236)
2026-04-24 12:11:39,459 fastran_tr_fastran_8 DEBUG    _invoke_service(): finish_task  (2, 0)
2026-04-24 12:11:39,459 fastran_tr_fastran_8 DEBUG    _get_service_response(REQUEST|fastran_FPP_000001@fastran@8|FRAMEWORK@Framework@0|10)
2026-04-24 12:11:39,470 fastran_tr_fastran_8 DEBUG    _get_service_response(REQUEST|fastran_FPP_000001@fastran@8|FRAMEWORK@Framework@0|10), response = ServiceResponseMessage(sender_id=FRAMEWORK@Framework@0, receiver_id=fastran_FPP_000001@fastran@8, request_msg_id=REQUEST|fastran_FPP_000001@fastran@8|FRAMEWORK@Framework@0|10,status=0, args=(0,), message_id=RESPONSE|FRAMEWORK@Framework@0|fastran_FPP_000001@fastran@8|237)
2026-04-24 12:11:39,730 fastran_tr_fastran_8 DEBUG    _invoke_service(): update_state  (['s000001.00001', 'g000001.00001', 'i000001.00001'], '/pscratch/sd/h/hswils/github_repos/MANTA_DBSCANS/RAD_Ar_coronal/SCAN/work/fastran_tr_fastran_8', '/pscratch/sd/h/hswils/github_repos/MANTA_DBSCANS/RAD_Ar_coronal/SCAN/work/plasma_state')
2026-04-24 12:11:39,731 fastran_tr_fastran_8 DEBUG    _get_service_response(REQUEST|fastran_FPP_000001@fastran@8|FRAMEWORK@Framework@0|11)
2026-04-24 12:11:39,753 fastran_tr_fastran_8 DEBUG    _get_service_response(REQUEST|fastran_FPP_000001@fastran@8|FRAMEWORK@Framework@0|11), response = ServiceResponseMessage(sender_id=FRAMEWORK@Framework@0, receiver_id=fastran_FPP_000001@fastran@8, request_msg_id=REQUEST|fastran_FPP_000001@fastran@8|FRAMEWORK@Framework@0|11,status=0, args=(0,), message_id=RESPONSE|FRAMEWORK@Framework@0|fastran_FPP_000001@fastran@8|239)
2026-04-24 12:11:39,753 fastran_tr_fastran_8 DEBUG    _invoke_service(): getTopic  ('_IPS_MONITOR',)
2026-04-24 12:11:39,753 fastran_tr_fastran_8 DEBUG    _get_service_response(REQUEST|fastran_FPP_000001@fastran@8|FRAMEWORK@Framework@0|12)
2026-04-24 12:11:39,763 fastran_tr_fastran_8 DEBUG    _get_service_response(REQUEST|fastran_FPP_000001@fastran@8|FRAMEWORK@Framework@0|12), response = ServiceResponseMessage(sender_id=FRAMEWORK@Framework@0, receiver_id=fastran_FPP_000001@fastran@8, request_msg_id=REQUEST|fastran_FPP_000001@fastran@8|FRAMEWORK@Framework@0|12,status=0, args=(<ipsframework.cca_es_spec.Topic object at 0x7fbffd42da30>,), message_id=RESPONSE|FRAMEWORK@Framework@0|fastran_FPP_000001@fastran@8|240)
2026-04-24 12:11:39,763 fastran_tr_fastran_8 DEBUG    _invoke_service(): sendEvent  ('_IPS_MONITOR', 'PORTAL_EVENT', {'sim_name': 'fastran_FPP_000001', 'real_sim_name': 'fastran_FPP_000001', 'portal_data': {'code': 'fastran_tr_fastran', 'eventtype': 'IPS_UPDATE_STATE', 'ok': True, 'walltime': '33.26', 'time': '2026-04-24|12:11:39PDT', 'trace': {'timestamp': 1777057899730843, 'duration': 22347, 'localEndpoint': {'serviceName': 'update_state'}, 'name': "['s000001.00001', 'g000001.00001', 'i000001.00001']", 'id': '7629e189a66153c0', 'parentId': 'df5e6cd0e63af24f', 'tags': {}}, 'state': 'Running', 'comment': 'Elapsed time = 0.022   files = s000001.00001 g000001.00001 i000001.00001 Success'}})
2026-04-24 12:11:39,763 fastran_tr_fastran_8 DEBUG    _get_service_response(REQUEST|fastran_FPP_000001@fastran@8|FRAMEWORK@Framework@0|13)
2026-04-24 12:11:39,774 fastran_tr_fastran_8 DEBUG    _get_service_response(REQUEST|fastran_FPP_000001@fastran@8|FRAMEWORK@Framework@0|13), response = ServiceResponseMessage(sender_id=FRAMEWORK@Framework@0, receiver_id=fastran_FPP_000001@fastran@8, request_msg_id=REQUEST|fastran_FPP_000001@fastran@8|FRAMEWORK@Framework@0|13,status=0, args=(None,), message_id=RESPONSE|FRAMEWORK@Framework@0|fastran_FPP_000001@fastran@8|241)
2026-04-24 12:11:39,791 fastran_tr_fastran_8 DEBUG    _invoke_service(): getTopic  ('_IPS_MONITOR',)
2026-04-24 12:11:39,792 fastran_tr_fastran_8 DEBUG    _get_service_response(REQUEST|fastran_FPP_000001@fastran@8|FRAMEWORK@Framework@0|14)
2026-04-24 12:11:39,802 fastran_tr_fastran_8 DEBUG    _get_service_response(REQUEST|fastran_FPP_000001@fastran@8|FRAMEWORK@Framework@0|14), response = ServiceResponseMessage(sender_id=FRAMEWORK@Framework@0, receiver_id=fastran_FPP_000001@fastran@8, request_msg_id=REQUEST|fastran_FPP_000001@fastran@8|FRAMEWORK@Framework@0|14,status=0, args=(<ipsframework.cca_es_spec.Topic object at 0x7fbffd42db20>,), message_id=RESPONSE|FRAMEWORK@Framework@0|fastran_FPP_000001@fastran@8|242)
2026-04-24 12:11:39,802 fastran_tr_fastran_8 DEBUG    _invoke_service(): sendEvent  ('_IPS_MONITOR', 'PORTAL_EVENT', {'sim_name': 'fastran_FPP_000001', 'real_sim_name': 'fastran_FPP_000001', 'portal_data': {'code': 'fastran_tr_fastran', 'eventtype': 'IPS_STAGE_OUTPUTS', 'ok': True, 'walltime': '33.29', 'time': '2026-04-24|12:11:39PDT', 'trace': {'timestamp': 1777057899774440, 'duration': 17461, 'localEndpoint': {'serviceName': 'stage_output_files'}, 'name': "['fastran.nc', 'inprof', 'inmetric', 'infastran', 'intglf', 'xfastran.log', 'i000001.00001']", 'id': '7349cfaaafc33980', 'parentId': 'df5e6cd0e63af24f', 'tags': {}}, 'state': 'Running', 'comment': "Elapsed time = 0.017 Path = /pscratch/sd/h/hswils/github_repos/MANTA_DBSCANS/RAD_Ar_coronal/SCAN/simulation_results/0/components/fastran_tr_fastran_8 Files = ['fastran.nc', 'inprof', 'inmetric', 'infastran', 'intglf', 'xfastran.log', 'i000001.00001']"}})
2026-04-24 12:11:39,802 fastran_tr_fastran_8 DEBUG    _get_service_response(REQUEST|fastran_FPP_000001@fastran@8|FRAMEWORK@Framework@0|15)
2026-04-24 12:11:39,812 fastran_tr_fastran_8 DEBUG    _get_service_response(REQUEST|fastran_FPP_000001@fastran@8|FRAMEWORK@Framework@0|15), response = ServiceResponseMessage(sender_id=FRAMEWORK@Framework@0, receiver_id=fastran_FPP_000001@fastran@8, request_msg_id=REQUEST|fastran_FPP_000001@fastran@8|FRAMEWORK@Framework@0|15,status=0, args=(None,), message_id=RESPONSE|FRAMEWORK@Framework@0|fastran_FPP_000001@fastran@8|243)
2026-04-24 12:11:39,824 fastran_driver_fastran_driver_2 DEBUG    _get_service_response(REQUEST|fastran_FPP_000001@fastran_driver@2|FRAMEWORK@Framework@0|94), response = ServiceResponseMessage(sender_id=FRAMEWORK@Framework@0, receiver_id=fastran_FPP_000001@fastran_driver@2, request_msg_id=REQUEST|fastran_FPP_000001@fastran_driver@2|FRAMEWORK@Framework@0|94,status=0, args=((None,),), message_id=RESPONSE|FRAMEWORK@Framework@0|fastran_FPP_000001@fastran_driver@2|244)
2026-04-24 12:11:39,824 fastran_driver_fastran_driver_2 DEBUG    _invoke_service(): getTopic  ('_IPS_MONITOR',)
2026-04-24 12:11:39,824 fastran_driver_fastran_driver_2 DEBUG    _get_service_response(REQUEST|fastran_FPP_000001@fastran_driver@2|FRAMEWORK@Framework@0|95)
2026-04-24 12:11:39,834 fastran_driver_fastran_driver_2 DEBUG    _get_service_response(REQUEST|fastran_FPP_000001@fastran_driver@2|FRAMEWORK@Framework@0|95), response = ServiceResponseMessage(sender_id=FRAMEWORK@Framework@0, receiver_id=fastran_FPP_000001@fastran_driver@2, request_msg_id=REQUEST|fastran_FPP_000001@fastran_driver@2|FRAMEWORK@Framework@0|95,status=0, args=(<ipsframework.cca_es_spec.Topic object at 0x7fbffd5c6520>,), message_id=RESPONSE|FRAMEWORK@Framework@0|fastran_FPP_000001@fastran_driver@2|245)
2026-04-24 12:11:39,835 fastran_driver_fastran_driver_2 DEBUG    _invoke_service(): sendEvent  ('_IPS_MONITOR', 'PORTAL_EVENT', {'sim_name': 'fastran_FPP_000001', 'real_sim_name': 'fastran_FPP_000001', 'portal_data': {'code': 'fastran_driver_fastran_driver', 'eventtype': 'IPS_CALL_END', 'ok': True, 'walltime': '33.33', 'time': '2026-04-24|12:11:39PDT', 'trace': {'timestamp': 1777057892081149, 'duration': 7742983, 'localEndpoint': {'serviceName': 'fastran_FPP_000001@fastran@8'}, 'name': 'step(0)', 'id': 'df5e6cd0e63af24f', 'parentId': 'f899e3e5886669ce', 'tags': {}}, 'state': 'Running', 'comment': 'Target = fastran_FPP_000001@fastran@8:step(0)'}})
2026-04-24 12:11:39,835 fastran_driver_fastran_driver_2 DEBUG    _get_service_response(REQUEST|fastran_FPP_000001@fastran_driver@2|FRAMEWORK@Framework@0|96)
2026-04-24 12:11:39,845 fastran_driver_fastran_driver_2 DEBUG    _get_service_response(REQUEST|fastran_FPP_000001@fastran_driver@2|FRAMEWORK@Framework@0|96), response = ServiceResponseMessage(sender_id=FRAMEWORK@Framework@0, receiver_id=fastran_FPP_000001@fastran_driver@2, request_msg_id=REQUEST|fastran_FPP_000001@fastran_driver@2|FRAMEWORK@Framework@0|96,status=0, args=(None,), message_id=RESPONSE|FRAMEWORK@Framework@0|fastran_FPP_000001@fastran_driver@2|246)
2026-04-24 12:11:39,846 fastran_driver_fastran_driver_2 DEBUG    _invoke_service(): stage_state  (['s000001.00001', 'g000001.00001', 'i000001.00001'], '/pscratch/sd/h/hswils/github_repos/MANTA_DBSCANS/RAD_Ar_coronal/SCAN/work/plasma_state', '/pscratch/sd/h/hswils/github_repos/MANTA_DBSCANS/RAD_Ar_coronal/SCAN/work/fastran_driver_fastran_driver_2')
2026-04-24 12:11:39,846 fastran_driver_fastran_driver_2 DEBUG    _get_service_response(REQUEST|fastran_FPP_000001@fastran_driver@2|FRAMEWORK@Framework@0|97)
2026-04-24 12:11:39,867 fastran_driver_fastran_driver_2 DEBUG    _get_service_response(REQUEST|fastran_FPP_000001@fastran_driver@2|FRAMEWORK@Framework@0|97), response = ServiceResponseMessage(sender_id=FRAMEWORK@Framework@0, receiver_id=fastran_FPP_000001@fastran_driver@2, request_msg_id=REQUEST|fastran_FPP_000001@fastran_driver@2|FRAMEWORK@Framework@0|97,status=0, args=(0,), message_id=RESPONSE|FRAMEWORK@Framework@0|fastran_FPP_000001@fastran_driver@2|247)
2026-04-24 12:11:39,867 fastran_driver_fastran_driver_2 DEBUG    _invoke_service(): getTopic  ('_IPS_MONITOR',)
2026-04-24 12:11:39,867 fastran_driver_fastran_driver_2 DEBUG    _get_service_response(REQUEST|fastran_FPP_000001@fastran_driver@2|FRAMEWORK@Framework@0|98)
2026-04-24 12:11:39,877 fastran_driver_fastran_driver_2 DEBUG    _get_service_response(REQUEST|fastran_FPP_000001@fastran_driver@2|FRAMEWORK@Framework@0|98), response = ServiceResponseMessage(sender_id=FRAMEWORK@Framework@0, receiver_id=fastran_FPP_000001@fastran_driver@2, request_msg_id=REQUEST|fastran_FPP_000001@fastran_driver@2|FRAMEWORK@Framework@0|98,status=0, args=(<ipsframework.cca_es_spec.Topic object at 0x7fbffd5c6af0>,), message_id=RESPONSE|FRAMEWORK@Framework@0|fastran_FPP_000001@fastran_driver@2|248)
2026-04-24 12:11:39,877 fastran_driver_fastran_driver_2 DEBUG    _invoke_service(): sendEvent  ('_IPS_MONITOR', 'PORTAL_EVENT', {'sim_name': 'fastran_FPP_000001', 'real_sim_name': 'fastran_FPP_000001', 'portal_data': {'code': 'fastran_driver_fastran_driver', 'eventtype': 'IPS_STAGE_STATE', 'ok': True, 'walltime': '33.37', 'time': '2026-04-24|12:11:39PDT', 'trace': {'timestamp': 1777057899846070, 'duration': 21145, 'localEndpoint': {'serviceName': 'stage_state'}, 'name': "['s000001.00001', 'g000001.00001', 'i000001.00001']", 'id': '71885aecf25d7412', 'parentId': 'f899e3e5886669ce', 'tags': {}}, 'state': 'Running', 'comment': 'Elapsed time = 0.021  files = s000001.00001 g000001.00001 i000001.00001 Success'}})
2026-04-24 12:11:39,877 fastran_driver_fastran_driver_2 DEBUG    _get_service_response(REQUEST|fastran_FPP_000001@fastran_driver@2|FRAMEWORK@Framework@0|99)
2026-04-24 12:11:39,888 fastran_driver_fastran_driver_2 DEBUG    _get_service_response(REQUEST|fastran_FPP_000001@fastran_driver@2|FRAMEWORK@Framework@0|99), response = ServiceResponseMessage(sender_id=FRAMEWORK@Framework@0, receiver_id=fastran_FPP_000001@fastran_driver@2, request_msg_id=REQUEST|fastran_FPP_000001@fastran_driver@2|FRAMEWORK@Framework@0|99,status=0, args=(None,), message_id=RESPONSE|FRAMEWORK@Framework@0|fastran_FPP_000001@fastran_driver@2|249)
2026-04-24 12:11:39,889 fastran_driver_fastran_driver_2 DEBUG    _invoke_service(): getTopic  ('_IPS_MONITOR',)
2026-04-24 12:11:39,889 fastran_driver_fastran_driver_2 DEBUG    _get_service_response(REQUEST|fastran_FPP_000001@fastran_driver@2|FRAMEWORK@Framework@0|100)
2026-04-24 12:11:39,900 fastran_driver_fastran_driver_2 DEBUG    _get_service_response(REQUEST|fastran_FPP_000001@fastran_driver@2|FRAMEWORK@Framework@0|100), response = ServiceResponseMessage(sender_id=FRAMEWORK@Framework@0, receiver_id=fastran_FPP_000001@fastran_driver@2, request_msg_id=REQUEST|fastran_FPP_000001@fastran_driver@2|FRAMEWORK@Framework@0|100,status=0, args=(<ipsframework.cca_es_spec.Topic object at 0x7fbffd5c6be0>,), message_id=RESPONSE|FRAMEWORK@Framework@0|fastran_FPP_000001@fastran_driver@2|250)
2026-04-24 12:11:39,900 fastran_driver_fastran_driver_2 DEBUG    _invoke_service(): sendEvent  ('_IPS_MONITOR', 'PORTAL_EVENT', {'sim_name': 'fastran_FPP_000001', 'real_sim_name': 'fastran_FPP_000001', 'portal_data': {'code': 'fastran_driver_fastran_driver', 'eventtype': 'IPS_STAGE_OUTPUTS', 'ok': True, 'walltime': '33.39', 'time': '2026-04-24|12:11:39PDT', 'trace': {'timestamp': 1777057899888454, 'duration': 1122, 'localEndpoint': {'serviceName': 'stage_output_files'}, 'name': '[]', 'id': 'ed019efe11be26d9', 'parentId': 'f899e3e5886669ce', 'tags': {}}, 'state': 'Running', 'comment': 'Elapsed time = 0.001 Path = /pscratch/sd/h/hswils/github_repos/MANTA_DBSCANS/RAD_Ar_coronal/SCAN/simulation_results/0/components/fastran_driver_fastran_driver_2 Files = []'}})
2026-04-24 12:11:39,900 fastran_driver_fastran_driver_2 DEBUG    _get_service_response(REQUEST|fastran_FPP_000001@fastran_driver@2|FRAMEWORK@Framework@0|101)
2026-04-24 12:11:39,911 fastran_driver_fastran_driver_2 DEBUG    _get_service_response(REQUEST|fastran_FPP_000001@fastran_driver@2|FRAMEWORK@Framework@0|101), response = ServiceResponseMessage(sender_id=FRAMEWORK@Framework@0, receiver_id=fastran_FPP_000001@fastran_driver@2, request_msg_id=REQUEST|fastran_FPP_000001@fastran_driver@2|FRAMEWORK@Framework@0|101,status=0, args=(None,), message_id=RESPONSE|FRAMEWORK@Framework@0|fastran_FPP_000001@fastran_driver@2|251)
2026-04-24 12:11:39,911 fastran_driver_fastran_driver_2 DEBUG    _invoke_service(): getTopic  ('_IPS_MONITOR',)
2026-04-24 12:11:39,911 fastran_driver_fastran_driver_2 DEBUG    _get_service_response(REQUEST|fastran_FPP_000001@fastran_driver@2|FRAMEWORK@Framework@0|102)
2026-04-24 12:11:39,921 fastran_driver_fastran_driver_2 DEBUG    _get_service_response(REQUEST|fastran_FPP_000001@fastran_driver@2|FRAMEWORK@Framework@0|102), response = ServiceResponseMessage(sender_id=FRAMEWORK@Framework@0, receiver_id=fastran_FPP_000001@fastran_driver@2, request_msg_id=REQUEST|fastran_FPP_000001@fastran_driver@2|FRAMEWORK@Framework@0|102,status=0, args=(<ipsframework.cca_es_spec.Topic object at 0x7fbffd5c6a00>,), message_id=RESPONSE|FRAMEWORK@Framework@0|fastran_FPP_000001@fastran_driver@2|252)
2026-04-24 12:11:39,922 fastran_driver_fastran_driver_2 DEBUG    _invoke_service(): sendEvent  ('_IPS_MONITOR', 'PORTALBRIDGE_UPDATE_TIMESTAMP', {'sim_name': 'fastran_FPP_000001', 'real_sim_name': 'fastran_FPP_000001', 'portal_data': {'phystimestamp': 1, 'eventtype': 'PORTALBRIDGE_UPDATE_TIMESTAMP'}})
2026-04-24 12:11:39,922 fastran_driver_fastran_driver_2 DEBUG    _get_service_response(REQUEST|fastran_FPP_000001@fastran_driver@2|FRAMEWORK@Framework@0|103)
2026-04-24 12:11:39,933 fastran_driver_fastran_driver_2 DEBUG    _get_service_response(REQUEST|fastran_FPP_000001@fastran_driver@2|FRAMEWORK@Framework@0|103), response = ServiceResponseMessage(sender_id=FRAMEWORK@Framework@0, receiver_id=fastran_FPP_000001@fastran_driver@2, request_msg_id=REQUEST|fastran_FPP_000001@fastran_driver@2|FRAMEWORK@Framework@0|103,status=0, args=(None,), message_id=RESPONSE|FRAMEWORK@Framework@0|fastran_FPP_000001@fastran_driver@2|253)
2026-04-24 12:11:39,933 fastran_driver_fastran_driver_2 DEBUG    _invoke_service(): getTopic  ('_IPS_MONITOR',)
2026-04-24 12:11:39,933 fastran_driver_fastran_driver_2 DEBUG    _get_service_response(REQUEST|fastran_FPP_000001@fastran_driver@2|FRAMEWORK@Framework@0|104)
2026-04-24 12:11:39,944 fastran_driver_fastran_driver_2 DEBUG    _get_service_response(REQUEST|fastran_FPP_000001@fastran_driver@2|FRAMEWORK@Framework@0|104), response = ServiceResponseMessage(sender_id=FRAMEWORK@Framework@0, receiver_id=fastran_FPP_000001@fastran_driver@2, request_msg_id=REQUEST|fastran_FPP_000001@fastran_driver@2|FRAMEWORK@Framework@0|104,status=0, args=(<ipsframework.cca_es_spec.Topic object at 0x7fbffd5c6be0>,), message_id=RESPONSE|FRAMEWORK@Framework@0|fastran_FPP_000001@fastran_driver@2|254)
2026-04-24 12:11:39,944 fastran_driver_fastran_driver_2 DEBUG    _invoke_service(): sendEvent  ('_IPS_MONITOR', 'PORTAL_EVENT', {'sim_name': 'fastran_FPP_000001', 'real_sim_name': 'fastran_FPP_000001', 'portal_data': {'code': 'fastran_driver_fastran_driver', 'eventtype': 'IPS_UPDATE_TIME_STAMP', 'ok': True, 'walltime': '33.44', 'time': '2026-04-24|12:11:39PDT', 'state': 'Running', 'comment': 'Timestamp = 1'}})
2026-04-24 12:11:39,944 fastran_driver_fastran_driver_2 DEBUG    _get_service_response(REQUEST|fastran_FPP_000001@fastran_driver@2|FRAMEWORK@Framework@0|105)
2026-04-24 12:11:39,955 fastran_driver_fastran_driver_2 DEBUG    _get_service_response(REQUEST|fastran_FPP_000001@fastran_driver@2|FRAMEWORK@Framework@0|105), response = ServiceResponseMessage(sender_id=FRAMEWORK@Framework@0, receiver_id=fastran_FPP_000001@fastran_driver@2, request_msg_id=REQUEST|fastran_FPP_000001@fastran_driver@2|FRAMEWORK@Framework@0|105,status=0, args=(None,), message_id=RESPONSE|FRAMEWORK@Framework@0|fastran_FPP_000001@fastran_driver@2|255)
2026-04-24 12:11:39,955 fastran_driver_fastran_driver_2 DEBUG    _invoke_service(): getTopic  ('_IPS_MONITOR',)
2026-04-24 12:11:39,955 fastran_driver_fastran_driver_2 DEBUG    _get_service_response(REQUEST|fastran_FPP_000001@fastran_driver@2|FRAMEWORK@Framework@0|106)
2026-04-24 12:11:39,966 fastran_driver_fastran_driver_2 DEBUG    _get_service_response(REQUEST|fastran_FPP_000001@fastran_driver@2|FRAMEWORK@Framework@0|106), response = ServiceResponseMessage(sender_id=FRAMEWORK@Framework@0, receiver_id=fastran_FPP_000001@fastran_driver@2, request_msg_id=REQUEST|fastran_FPP_000001@fastran_driver@2|FRAMEWORK@Framework@0|106,status=0, args=(<ipsframework.cca_es_spec.Topic object at 0x7fbffd5c6c10>,), message_id=RESPONSE|FRAMEWORK@Framework@0|fastran_FPP_000001@fastran_driver@2|256)
2026-04-24 12:11:39,966 fastran_driver_fastran_driver_2 DEBUG    _invoke_service(): sendEvent  ('_IPS_MONITOR', 'PORTAL_EVENT', {'sim_name': 'fastran_FPP_000001', 'real_sim_name': 'fastran_FPP_000001', 'portal_data': {'code': 'fastran_driver_fastran_driver', 'eventtype': 'IPS_CALL_BEGIN', 'ok': True, 'walltime': '33.46', 'time': '2026-04-24|12:11:39PDT', 'state': 'Running', 'comment': 'Target = fastran_FPP_000001@impurity_radiation@5:step(1)'}})
2026-04-24 12:11:39,966 fastran_driver_fastran_driver_2 DEBUG    _get_service_response(REQUEST|fastran_FPP_000001@fastran_driver@2|FRAMEWORK@Framework@0|107)
2026-04-24 12:11:39,977 fastran_driver_fastran_driver_2 DEBUG    _get_service_response(REQUEST|fastran_FPP_000001@fastran_driver@2|FRAMEWORK@Framework@0|107), response = ServiceResponseMessage(sender_id=FRAMEWORK@Framework@0, receiver_id=fastran_FPP_000001@fastran_driver@2, request_msg_id=REQUEST|fastran_FPP_000001@fastran_driver@2|FRAMEWORK@Framework@0|107,status=0, args=(None,), message_id=RESPONSE|FRAMEWORK@Framework@0|fastran_FPP_000001@fastran_driver@2|257)
2026-04-24 12:11:39,977 fastran_driver_fastran_driver_2 DEBUG    _invoke_service(): init_call  ('step', 1)
2026-04-24 12:11:39,977 fastran_driver_fastran_driver_2 DEBUG    _get_service_response(REQUEST|fastran_FPP_000001@fastran_driver@2|FRAMEWORK@Framework@0|108)
2026-04-24 12:11:39,978 fastran__impurity_radiation_5 DEBUG    Received Message 
2026-04-24 12:11:39,978 fastran__impurity_radiation_5 DEBUG    Calling method step(1)
2026-04-24 12:11:39,978 fastran__impurity_radiation_5 DEBUG    _invoke_service(): stage_state  (['s000001.00001', 'g000001.00001', 'i000001.00001'], '/pscratch/sd/h/hswils/github_repos/MANTA_DBSCANS/RAD_Ar_coronal/SCAN/work/plasma_state', '/pscratch/sd/h/hswils/github_repos/MANTA_DBSCANS/RAD_Ar_coronal/SCAN/work/fastran__impurity_radiation_5')
2026-04-24 12:11:39,978 fastran__impurity_radiation_5 DEBUG    _get_service_response(REQUEST|fastran_FPP_000001@impurity_radiation@5|FRAMEWORK@Framework@0|13)
2026-04-24 12:11:39,988 fastran_driver_fastran_driver_2 DEBUG    _get_service_response(REQUEST|fastran_FPP_000001@fastran_driver@2|FRAMEWORK@Framework@0|108), response = ServiceResponseMessage(sender_id=FRAMEWORK@Framework@0, receiver_id=fastran_FPP_000001@fastran_driver@2, request_msg_id=REQUEST|fastran_FPP_000001@fastran_driver@2|FRAMEWORK@Framework@0|108,status=0, args=(23,), message_id=RESPONSE|FRAMEWORK@Framework@0|fastran_FPP_000001@fastran_driver@2|258)
2026-04-24 12:11:39,988 fastran_driver_fastran_driver_2 DEBUG    _invoke_service(): wait_call  (23, True)
2026-04-24 12:11:39,988 fastran_driver_fastran_driver_2 DEBUG    _get_service_response(REQUEST|fastran_FPP_000001@fastran_driver@2|FRAMEWORK@Framework@0|109)
2026-04-24 12:11:39,999 fastran__impurity_radiation_5 DEBUG    _get_service_response(REQUEST|fastran_FPP_000001@impurity_radiation@5|FRAMEWORK@Framework@0|13), response = ServiceResponseMessage(sender_id=FRAMEWORK@Framework@0, receiver_id=fastran_FPP_000001@impurity_radiation@5, request_msg_id=REQUEST|fastran_FPP_000001@impurity_radiation@5|FRAMEWORK@Framework@0|13,status=0, args=(0,), message_id=RESPONSE|FRAMEWORK@Framework@0|fastran_FPP_000001@impurity_radiation@5|259)
2026-04-24 12:11:39,999 fastran__impurity_radiation_5 DEBUG    _invoke_service(): getTopic  ('_IPS_MONITOR',)
2026-04-24 12:11:39,999 fastran__impurity_radiation_5 DEBUG    _get_service_response(REQUEST|fastran_FPP_000001@impurity_radiation@5|FRAMEWORK@Framework@0|14)
2026-04-24 12:11:40,010 fastran__impurity_radiation_5 DEBUG    _get_service_response(REQUEST|fastran_FPP_000001@impurity_radiation@5|FRAMEWORK@Framework@0|14), response = ServiceResponseMessage(sender_id=FRAMEWORK@Framework@0, receiver_id=fastran_FPP_000001@impurity_radiation@5, request_msg_id=REQUEST|fastran_FPP_000001@impurity_radiation@5|FRAMEWORK@Framework@0|14,status=0, args=(<ipsframework.cca_es_spec.Topic object at 0x7fbffd41d400>,), message_id=RESPONSE|FRAMEWORK@Framework@0|fastran_FPP_000001@impurity_radiation@5|260)
2026-04-24 12:11:40,010 fastran__impurity_radiation_5 DEBUG    _invoke_service(): sendEvent  ('_IPS_MONITOR', 'PORTAL_EVENT', {'sim_name': 'fastran_FPP_000001', 'real_sim_name': 'fastran_FPP_000001', 'portal_data': {'code': 'fastran__impurity_radiation', 'eventtype': 'IPS_STAGE_STATE', 'ok': True, 'walltime': '33.50', 'time': '2026-04-24|12:11:39PDT', 'trace': {'timestamp': 1777057899978709, 'duration': 20804, 'localEndpoint': {'serviceName': 'stage_state'}, 'name': "['s000001.00001', 'g000001.00001', 'i000001.00001']", 'id': '71885aecf25d7412', 'parentId': 'dfc15df24f18fdb7', 'tags': {}}, 'state': 'Running', 'comment': 'Elapsed time = 0.021  files = s000001.00001 g000001.00001 i000001.00001 Success'}})
2026-04-24 12:11:40,010 fastran__impurity_radiation_5 DEBUG    _get_service_response(REQUEST|fastran_FPP_000001@impurity_radiation@5|FRAMEWORK@Framework@0|15)
2026-04-24 12:11:40,021 fastran__impurity_radiation_5 DEBUG    _get_service_response(REQUEST|fastran_FPP_000001@impurity_radiation@5|FRAMEWORK@Framework@0|15), response = ServiceResponseMessage(sender_id=FRAMEWORK@Framework@0, receiver_id=fastran_FPP_000001@impurity_radiation@5, request_msg_id=REQUEST|fastran_FPP_000001@impurity_radiation@5|FRAMEWORK@Framework@0|15,status=0, args=(None,), message_id=RESPONSE|FRAMEWORK@Framework@0|fastran_FPP_000001@impurity_radiation@5|261)
2026-04-24 12:11:40,021 fastran__impurity_radiation_5 DEBUG    _invoke_service(): getTopic  ('_IPS_MONITOR',)
2026-04-24 12:11:40,021 fastran__impurity_radiation_5 DEBUG    _get_service_response(REQUEST|fastran_FPP_000001@impurity_radiation@5|FRAMEWORK@Framework@0|16)
2026-04-24 12:11:40,032 fastran__impurity_radiation_5 DEBUG    _get_service_response(REQUEST|fastran_FPP_000001@impurity_radiation@5|FRAMEWORK@Framework@0|16), response = ServiceResponseMessage(sender_id=FRAMEWORK@Framework@0, receiver_id=fastran_FPP_000001@impurity_radiation@5, request_msg_id=REQUEST|fastran_FPP_000001@impurity_radiation@5|FRAMEWORK@Framework@0|16,status=0, args=(<ipsframework.cca_es_spec.Topic object at 0x7fbffd41d9d0>,), message_id=RESPONSE|FRAMEWORK@Framework@0|fastran_FPP_000001@impurity_radiation@5|263)
2026-04-24 12:11:40,032 fastran__impurity_radiation_5 DEBUG    _invoke_service(): sendEvent  ('_IPS_MONITOR', 'PORTAL_EVENT', {'sim_name': 'fastran_FPP_000001', 'real_sim_name': 'fastran_FPP_000001', 'portal_data': {'code': 'fastran__impurity_radiation', 'eventtype': 'IPS_STAGE_INPUTS', 'ok': True, 'walltime': '33.52', 'time': '2026-04-24|12:11:40PDT', 'trace': {'timestamp': 1777057900021170, 'duration': 72, 'localEndpoint': {'serviceName': 'stage_input_files'}, 'name': '', 'id': 'e70cb59b389672bf', 'parentId': 'dfc15df24f18fdb7', 'tags': {}}, 'state': 'Running', 'comment': 'Elapsed time = 0.000 Path = /pscratch/sd/h/hswils/github_repos/MANTA_DBSCANS/RAD_Ar_coronal/input Files = '}})
2026-04-24 12:11:40,032 fastran__impurity_radiation_5 DEBUG    _get_service_response(REQUEST|fastran_FPP_000001@impurity_radiation@5|FRAMEWORK@Framework@0|17)
2026-04-24 12:11:40,043 fastran__impurity_radiation_5 DEBUG    _get_service_response(REQUEST|fastran_FPP_000001@impurity_radiation@5|FRAMEWORK@Framework@0|17), response = ServiceResponseMessage(sender_id=FRAMEWORK@Framework@0, receiver_id=fastran_FPP_000001@impurity_radiation@5, request_msg_id=REQUEST|fastran_FPP_000001@impurity_radiation@5|FRAMEWORK@Framework@0|17,status=0, args=(None,), message_id=RESPONSE|FRAMEWORK@Framework@0|fastran_FPP_000001@impurity_radiation@5|264)
2026-04-24 12:11:40,234 fastran__impurity_radiation_5 DEBUG    _invoke_service(): update_state  (['s000001.00001', 'g000001.00001', 'i000001.00001'], '/pscratch/sd/h/hswils/github_repos/MANTA_DBSCANS/RAD_Ar_coronal/SCAN/work/fastran__impurity_radiation_5', '/pscratch/sd/h/hswils/github_repos/MANTA_DBSCANS/RAD_Ar_coronal/SCAN/work/plasma_state')
2026-04-24 12:11:40,234 fastran__impurity_radiation_5 DEBUG    _get_service_response(REQUEST|fastran_FPP_000001@impurity_radiation@5|FRAMEWORK@Framework@0|18)
2026-04-24 12:11:40,254 fastran__impurity_radiation_5 DEBUG    _get_service_response(REQUEST|fastran_FPP_000001@impurity_radiation@5|FRAMEWORK@Framework@0|18), response = ServiceResponseMessage(sender_id=FRAMEWORK@Framework@0, receiver_id=fastran_FPP_000001@impurity_radiation@5, request_msg_id=REQUEST|fastran_FPP_000001@impurity_radiation@5|FRAMEWORK@Framework@0|18,status=0, args=(0,), message_id=RESPONSE|FRAMEWORK@Framework@0|fastran_FPP_000001@impurity_radiation@5|265)
2026-04-24 12:11:40,255 fastran__impurity_radiation_5 DEBUG    _invoke_service(): getTopic  ('_IPS_MONITOR',)
2026-04-24 12:11:40,255 fastran__impurity_radiation_5 DEBUG    _get_service_response(REQUEST|fastran_FPP_000001@impurity_radiation@5|FRAMEWORK@Framework@0|19)
2026-04-24 12:11:40,265 fastran__impurity_radiation_5 DEBUG    _get_service_response(REQUEST|fastran_FPP_000001@impurity_radiation@5|FRAMEWORK@Framework@0|19), response = ServiceResponseMessage(sender_id=FRAMEWORK@Framework@0, receiver_id=fastran_FPP_000001@impurity_radiation@5, request_msg_id=REQUEST|fastran_FPP_000001@impurity_radiation@5|FRAMEWORK@Framework@0|19,status=0, args=(<ipsframework.cca_es_spec.Topic object at 0x7fbffd41d3d0>,), message_id=RESPONSE|FRAMEWORK@Framework@0|fastran_FPP_000001@impurity_radiation@5|266)
2026-04-24 12:11:40,265 fastran__impurity_radiation_5 DEBUG    _invoke_service(): sendEvent  ('_IPS_MONITOR', 'PORTAL_EVENT', {'sim_name': 'fastran_FPP_000001', 'real_sim_name': 'fastran_FPP_000001', 'portal_data': {'code': 'fastran__impurity_radiation', 'eventtype': 'IPS_UPDATE_STATE', 'ok': True, 'walltime': '33.76', 'time': '2026-04-24|12:11:40PDT', 'trace': {'timestamp': 1777057900234186, 'duration': 20786, 'localEndpoint': {'serviceName': 'update_state'}, 'name': "['s000001.00001', 'g000001.00001', 'i000001.00001']", 'id': '7629e189a66153c0', 'parentId': 'dfc15df24f18fdb7', 'tags': {}}, 'state': 'Running', 'comment': 'Elapsed time = 0.021   files = s000001.00001 g000001.00001 i000001.00001 Success'}})
2026-04-24 12:11:40,265 fastran__impurity_radiation_5 DEBUG    _get_service_response(REQUEST|fastran_FPP_000001@impurity_radiation@5|FRAMEWORK@Framework@0|20)
2026-04-24 12:11:40,276 fastran__impurity_radiation_5 DEBUG    _get_service_response(REQUEST|fastran_FPP_000001@impurity_radiation@5|FRAMEWORK@Framework@0|20), response = ServiceResponseMessage(sender_id=FRAMEWORK@Framework@0, receiver_id=fastran_FPP_000001@impurity_radiation@5, request_msg_id=REQUEST|fastran_FPP_000001@impurity_radiation@5|FRAMEWORK@Framework@0|20,status=0, args=(None,), message_id=RESPONSE|FRAMEWORK@Framework@0|fastran_FPP_000001@impurity_radiation@5|267)
2026-04-24 12:11:40,277 fastran__impurity_radiation_5 DEBUG    _invoke_service(): getTopic  ('_IPS_MONITOR',)
2026-04-24 12:11:40,277 fastran__impurity_radiation_5 DEBUG    _get_service_response(REQUEST|fastran_FPP_000001@impurity_radiation@5|FRAMEWORK@Framework@0|21)
2026-04-24 12:11:40,288 fastran__impurity_radiation_5 DEBUG    _get_service_response(REQUEST|fastran_FPP_000001@impurity_radiation@5|FRAMEWORK@Framework@0|21), response = ServiceResponseMessage(sender_id=FRAMEWORK@Framework@0, receiver_id=fastran_FPP_000001@impurity_radiation@5, request_msg_id=REQUEST|fastran_FPP_000001@impurity_radiation@5|FRAMEWORK@Framework@0|21,status=0, args=(<ipsframework.cca_es_spec.Topic object at 0x7fbffd41da60>,), message_id=RESPONSE|FRAMEWORK@Framework@0|fastran_FPP_000001@impurity_radiation@5|268)
2026-04-24 12:11:40,288 fastran__impurity_radiation_5 DEBUG    _invoke_service(): sendEvent  ('_IPS_MONITOR', 'PORTAL_EVENT', {'sim_name': 'fastran_FPP_000001', 'real_sim_name': 'fastran_FPP_000001', 'portal_data': {'code': 'fastran__impurity_radiation', 'eventtype': 'IPS_STAGE_OUTPUTS', 'ok': True, 'walltime': '33.78', 'time': '2026-04-24|12:11:40PDT', 'trace': {'timestamp': 1777057900276451, 'duration': 1396, 'localEndpoint': {'serviceName': 'stage_output_files'}, 'name': '[]', 'id': 'ed019efe11be26d9', 'parentId': 'dfc15df24f18fdb7', 'tags': {}}, 'state': 'Running', 'comment': 'Elapsed time = 0.001 Path = /pscratch/sd/h/hswils/github_repos/MANTA_DBSCANS/RAD_Ar_coronal/SCAN/simulation_results/1/components/fastran__impurity_radiation_5 Files = []'}})
2026-04-24 12:11:40,288 fastran__impurity_radiation_5 DEBUG    _get_service_response(REQUEST|fastran_FPP_000001@impurity_radiation@5|FRAMEWORK@Framework@0|22)
2026-04-24 12:11:40,298 fastran__impurity_radiation_5 DEBUG    _get_service_response(REQUEST|fastran_FPP_000001@impurity_radiation@5|FRAMEWORK@Framework@0|22), response = ServiceResponseMessage(sender_id=FRAMEWORK@Framework@0, receiver_id=fastran_FPP_000001@impurity_radiation@5, request_msg_id=REQUEST|fastran_FPP_000001@impurity_radiation@5|FRAMEWORK@Framework@0|22,status=0, args=(None,), message_id=RESPONSE|FRAMEWORK@Framework@0|fastran_FPP_000001@impurity_radiation@5|269)
2026-04-24 12:11:40,309 fastran_driver_fastran_driver_2 DEBUG    _get_service_response(REQUEST|fastran_FPP_000001@fastran_driver@2|FRAMEWORK@Framework@0|109), response = ServiceResponseMessage(sender_id=FRAMEWORK@Framework@0, receiver_id=fastran_FPP_000001@fastran_driver@2, request_msg_id=REQUEST|fastran_FPP_000001@fastran_driver@2|FRAMEWORK@Framework@0|109,status=0, args=((None,),), message_id=RESPONSE|FRAMEWORK@Framework@0|fastran_FPP_000001@fastran_driver@2|270)
2026-04-24 12:11:40,309 fastran_driver_fastran_driver_2 DEBUG    _invoke_service(): getTopic  ('_IPS_MONITOR',)
2026-04-24 12:11:40,310 fastran_driver_fastran_driver_2 DEBUG    _get_service_response(REQUEST|fastran_FPP_000001@fastran_driver@2|FRAMEWORK@Framework@0|110)
2026-04-24 12:11:40,320 fastran_driver_fastran_driver_2 DEBUG    _get_service_response(REQUEST|fastran_FPP_000001@fastran_driver@2|FRAMEWORK@Framework@0|110), response = ServiceResponseMessage(sender_id=FRAMEWORK@Framework@0, receiver_id=fastran_FPP_000001@fastran_driver@2, request_msg_id=REQUEST|fastran_FPP_000001@fastran_driver@2|FRAMEWORK@Framework@0|110,status=0, args=(<ipsframework.cca_es_spec.Topic object at 0x7fbffd5c6610>,), message_id=RESPONSE|FRAMEWORK@Framework@0|fastran_FPP_000001@fastran_driver@2|271)
2026-04-24 12:11:40,321 fastran_driver_fastran_driver_2 DEBUG    _invoke_service(): sendEvent  ('_IPS_MONITOR', 'PORTAL_EVENT', {'sim_name': 'fastran_FPP_000001', 'real_sim_name': 'fastran_FPP_000001', 'portal_data': {'code': 'fastran_driver_fastran_driver', 'eventtype': 'IPS_CALL_END', 'ok': True, 'walltime': '33.81', 'time': '2026-04-24|12:11:40PDT', 'trace': {'timestamp': 1777057899988414, 'duration': 321456, 'localEndpoint': {'serviceName': 'fastran_FPP_000001@impurity_radiation@5'}, 'name': 'step(1)', 'id': 'dfc15df24f18fdb7', 'parentId': 'f899e3e5886669ce', 'tags': {}}, 'state': 'Running', 'comment': 'Target = fastran_FPP_000001@impurity_radiation@5:step(1)'}})
2026-04-24 12:11:40,321 fastran_driver_fastran_driver_2 DEBUG    _get_service_response(REQUEST|fastran_FPP_000001@fastran_driver@2|FRAMEWORK@Framework@0|111)
2026-04-24 12:11:40,332 fastran_driver_fastran_driver_2 DEBUG    _get_service_response(REQUEST|fastran_FPP_000001@fastran_driver@2|FRAMEWORK@Framework@0|111), response = ServiceResponseMessage(sender_id=FRAMEWORK@Framework@0, receiver_id=fastran_FPP_000001@fastran_driver@2, request_msg_id=REQUEST|fastran_FPP_000001@fastran_driver@2|FRAMEWORK@Framework@0|111,status=0, args=(None,), message_id=RESPONSE|FRAMEWORK@Framework@0|fastran_FPP_000001@fastran_driver@2|272)
2026-04-24 12:11:40,332 fastran_driver_fastran_driver_2 DEBUG    _invoke_service(): getTopic  ('_IPS_MONITOR',)
2026-04-24 12:11:40,332 fastran_driver_fastran_driver_2 DEBUG    _get_service_response(REQUEST|fastran_FPP_000001@fastran_driver@2|FRAMEWORK@Framework@0|112)
2026-04-24 12:11:40,343 fastran_driver_fastran_driver_2 DEBUG    _get_service_response(REQUEST|fastran_FPP_000001@fastran_driver@2|FRAMEWORK@Framework@0|112), response = ServiceResponseMessage(sender_id=FRAMEWORK@Framework@0, receiver_id=fastran_FPP_000001@fastran_driver@2, request_msg_id=REQUEST|fastran_FPP_000001@fastran_driver@2|FRAMEWORK@Framework@0|112,status=0, args=(<ipsframework.cca_es_spec.Topic object at 0x7fbffd5c6c70>,), message_id=RESPONSE|FRAMEWORK@Framework@0|fastran_FPP_000001@fastran_driver@2|273)
2026-04-24 12:11:40,343 fastran_driver_fastran_driver_2 DEBUG    _invoke_service(): sendEvent  ('_IPS_MONITOR', 'PORTAL_EVENT', {'sim_name': 'fastran_FPP_000001', 'real_sim_name': 'fastran_FPP_000001', 'portal_data': {'code': 'fastran_driver_fastran_driver', 'eventtype': 'IPS_CALL_BEGIN', 'ok': True, 'walltime': '33.84', 'time': '2026-04-24|12:11:40PDT', 'state': 'Running', 'comment': 'Target = fastran_FPP_000001@hcd_model@6:step(1)'}})
2026-04-24 12:11:40,343 fastran_driver_fastran_driver_2 DEBUG    _get_service_response(REQUEST|fastran_FPP_000001@fastran_driver@2|FRAMEWORK@Framework@0|113)
2026-04-24 12:11:40,354 fastran_driver_fastran_driver_2 DEBUG    _get_service_response(REQUEST|fastran_FPP_000001@fastran_driver@2|FRAMEWORK@Framework@0|113), response = ServiceResponseMessage(sender_id=FRAMEWORK@Framework@0, receiver_id=fastran_FPP_000001@fastran_driver@2, request_msg_id=REQUEST|fastran_FPP_000001@fastran_driver@2|FRAMEWORK@Framework@0|113,status=0, args=(None,), message_id=RESPONSE|FRAMEWORK@Framework@0|fastran_FPP_000001@fastran_driver@2|274)
2026-04-24 12:11:40,354 fastran_driver_fastran_driver_2 DEBUG    _invoke_service(): init_call  ('step', 1)
2026-04-24 12:11:40,354 fastran_driver_fastran_driver_2 DEBUG    _get_service_response(REQUEST|fastran_FPP_000001@fastran_driver@2|FRAMEWORK@Framework@0|114)
2026-04-24 12:11:40,354 fastran_ic_hcd_model_6 DEBUG    Received Message 
2026-04-24 12:11:40,355 fastran_ic_hcd_model_6 DEBUG    Calling method step(1)
2026-04-24 12:11:40,355 fastran_ic_hcd_model_6 DEBUG    _invoke_service(): stage_state  (['s000001.00001', 'g000001.00001', 'i000001.00001'], '/pscratch/sd/h/hswils/github_repos/MANTA_DBSCANS/RAD_Ar_coronal/SCAN/work/plasma_state', '/pscratch/sd/h/hswils/github_repos/MANTA_DBSCANS/RAD_Ar_coronal/SCAN/work/fastran_ic_hcd_model_6')
2026-04-24 12:11:40,355 fastran_ic_hcd_model_6 DEBUG    _get_service_response(REQUEST|fastran_FPP_000001@hcd_model@6|FRAMEWORK@Framework@0|10)
2026-04-24 12:11:40,365 fastran_driver_fastran_driver_2 DEBUG    _get_service_response(REQUEST|fastran_FPP_000001@fastran_driver@2|FRAMEWORK@Framework@0|114), response = ServiceResponseMessage(sender_id=FRAMEWORK@Framework@0, receiver_id=fastran_FPP_000001@fastran_driver@2, request_msg_id=REQUEST|fastran_FPP_000001@fastran_driver@2|FRAMEWORK@Framework@0|114,status=0, args=(24,), message_id=RESPONSE|FRAMEWORK@Framework@0|fastran_FPP_000001@fastran_driver@2|275)
2026-04-24 12:11:40,365 fastran_driver_fastran_driver_2 DEBUG    _invoke_service(): wait_call  (24, True)
2026-04-24 12:11:40,365 fastran_driver_fastran_driver_2 DEBUG    _get_service_response(REQUEST|fastran_FPP_000001@fastran_driver@2|FRAMEWORK@Framework@0|115)
2026-04-24 12:11:40,376 fastran_ic_hcd_model_6 DEBUG    _get_service_response(REQUEST|fastran_FPP_000001@hcd_model@6|FRAMEWORK@Framework@0|10), response = ServiceResponseMessage(sender_id=FRAMEWORK@Framework@0, receiver_id=fastran_FPP_000001@hcd_model@6, request_msg_id=REQUEST|fastran_FPP_000001@hcd_model@6|FRAMEWORK@Framework@0|10,status=0, args=(0,), message_id=RESPONSE|FRAMEWORK@Framework@0|fastran_FPP_000001@hcd_model@6|276)
2026-04-24 12:11:40,376 fastran_ic_hcd_model_6 DEBUG    _invoke_service(): getTopic  ('_IPS_MONITOR',)
2026-04-24 12:11:40,376 fastran_ic_hcd_model_6 DEBUG    _get_service_response(REQUEST|fastran_FPP_000001@hcd_model@6|FRAMEWORK@Framework@0|11)
2026-04-24 12:11:40,386 fastran_ic_hcd_model_6 DEBUG    _get_service_response(REQUEST|fastran_FPP_000001@hcd_model@6|FRAMEWORK@Framework@0|11), response = ServiceResponseMessage(sender_id=FRAMEWORK@Framework@0, receiver_id=fastran_FPP_000001@hcd_model@6, request_msg_id=REQUEST|fastran_FPP_000001@hcd_model@6|FRAMEWORK@Framework@0|11,status=0, args=(<ipsframework.cca_es_spec.Topic object at 0x7fbffd429220>,), message_id=RESPONSE|FRAMEWORK@Framework@0|fastran_FPP_000001@hcd_model@6|277)
2026-04-24 12:11:40,386 fastran_ic_hcd_model_6 DEBUG    _invoke_service(): sendEvent  ('_IPS_MONITOR', 'PORTAL_EVENT', {'sim_name': 'fastran_FPP_000001', 'real_sim_name': 'fastran_FPP_000001', 'portal_data': {'code': 'fastran_ic_hcd_model', 'eventtype': 'IPS_STAGE_STATE', 'ok': True, 'walltime': '33.88', 'time': '2026-04-24|12:11:40PDT', 'trace': {'timestamp': 1777057900355221, 'duration': 20836, 'localEndpoint': {'serviceName': 'stage_state'}, 'name': "['s000001.00001', 'g000001.00001', 'i000001.00001']", 'id': '71885aecf25d7412', 'parentId': '027faaeff0c60d04', 'tags': {}}, 'state': 'Running', 'comment': 'Elapsed time = 0.021  files = s000001.00001 g000001.00001 i000001.00001 Success'}})
2026-04-24 12:11:40,386 fastran_ic_hcd_model_6 DEBUG    _get_service_response(REQUEST|fastran_FPP_000001@hcd_model@6|FRAMEWORK@Framework@0|12)
2026-04-24 12:11:40,397 fastran_ic_hcd_model_6 DEBUG    _get_service_response(REQUEST|fastran_FPP_000001@hcd_model@6|FRAMEWORK@Framework@0|12), response = ServiceResponseMessage(sender_id=FRAMEWORK@Framework@0, receiver_id=fastran_FPP_000001@hcd_model@6, request_msg_id=REQUEST|fastran_FPP_000001@hcd_model@6|FRAMEWORK@Framework@0|12,status=0, args=(None,), message_id=RESPONSE|FRAMEWORK@Framework@0|fastran_FPP_000001@hcd_model@6|278)
2026-04-24 12:11:40,401 fastran_ic_hcd_model_6 DEBUG    _invoke_service(): getTopic  ('_IPS_MONITOR',)
2026-04-24 12:11:40,401 fastran_ic_hcd_model_6 DEBUG    _get_service_response(REQUEST|fastran_FPP_000001@hcd_model@6|FRAMEWORK@Framework@0|13)
2026-04-24 12:11:40,411 fastran_ic_hcd_model_6 DEBUG    _get_service_response(REQUEST|fastran_FPP_000001@hcd_model@6|FRAMEWORK@Framework@0|13), response = ServiceResponseMessage(sender_id=FRAMEWORK@Framework@0, receiver_id=fastran_FPP_000001@hcd_model@6, request_msg_id=REQUEST|fastran_FPP_000001@hcd_model@6|FRAMEWORK@Framework@0|13,status=0, args=(<ipsframework.cca_es_spec.Topic object at 0x7fbffd429730>,), message_id=RESPONSE|FRAMEWORK@Framework@0|fastran_FPP_000001@hcd_model@6|279)
2026-04-24 12:11:40,412 fastran_ic_hcd_model_6 DEBUG    _invoke_service(): sendEvent  ('_IPS_MONITOR', 'PORTAL_EVENT', {'sim_name': 'fastran_FPP_000001', 'real_sim_name': 'fastran_FPP_000001', 'portal_data': {'code': 'fastran_ic_hcd_model', 'eventtype': 'IPS_STAGE_INPUTS', 'ok': True, 'walltime': '33.90', 'time': '2026-04-24|12:11:40PDT', 'trace': {'timestamp': 1777057900397476, 'duration': 3884, 'localEndpoint': {'serviceName': 'stage_input_files'}, 'name': 'inhcd', 'id': '5ee53c28a9607896', 'parentId': '027faaeff0c60d04', 'tags': {}}, 'state': 'Running', 'comment': 'Elapsed time = 0.004 Path = /pscratch/sd/h/hswils/github_repos/MANTA_DBSCANS/RAD_Ar_coronal/input Files = inhcd'}})
2026-04-24 12:11:40,412 fastran_ic_hcd_model_6 DEBUG    _get_service_response(REQUEST|fastran_FPP_000001@hcd_model@6|FRAMEWORK@Framework@0|14)
2026-04-24 12:11:40,422 fastran_ic_hcd_model_6 DEBUG    _get_service_response(REQUEST|fastran_FPP_000001@hcd_model@6|FRAMEWORK@Framework@0|14), response = ServiceResponseMessage(sender_id=FRAMEWORK@Framework@0, receiver_id=fastran_FPP_000001@hcd_model@6, request_msg_id=REQUEST|fastran_FPP_000001@hcd_model@6|FRAMEWORK@Framework@0|14,status=0, args=(None,), message_id=RESPONSE|FRAMEWORK@Framework@0|fastran_FPP_000001@hcd_model@6|280)
2026-04-24 12:11:40,545 fastran_ic_hcd_model_6 DEBUG    _invoke_service(): update_state  (['s000001.00001', 'g000001.00001', 'i000001.00001'], '/pscratch/sd/h/hswils/github_repos/MANTA_DBSCANS/RAD_Ar_coronal/SCAN/work/fastran_ic_hcd_model_6', '/pscratch/sd/h/hswils/github_repos/MANTA_DBSCANS/RAD_Ar_coronal/SCAN/work/plasma_state')
2026-04-24 12:11:40,545 fastran_ic_hcd_model_6 DEBUG    _get_service_response(REQUEST|fastran_FPP_000001@hcd_model@6|FRAMEWORK@Framework@0|15)
2026-04-24 12:11:40,565 fastran_ic_hcd_model_6 DEBUG    _get_service_response(REQUEST|fastran_FPP_000001@hcd_model@6|FRAMEWORK@Framework@0|15), response = ServiceResponseMessage(sender_id=FRAMEWORK@Framework@0, receiver_id=fastran_FPP_000001@hcd_model@6, request_msg_id=REQUEST|fastran_FPP_000001@hcd_model@6|FRAMEWORK@Framework@0|15,status=0, args=(0,), message_id=RESPONSE|FRAMEWORK@Framework@0|fastran_FPP_000001@hcd_model@6|282)
2026-04-24 12:11:40,565 fastran_ic_hcd_model_6 DEBUG    _invoke_service(): getTopic  ('_IPS_MONITOR',)
2026-04-24 12:11:40,565 fastran_ic_hcd_model_6 DEBUG    _get_service_response(REQUEST|fastran_FPP_000001@hcd_model@6|FRAMEWORK@Framework@0|16)
2026-04-24 12:11:40,576 fastran_ic_hcd_model_6 DEBUG    _get_service_response(REQUEST|fastran_FPP_000001@hcd_model@6|FRAMEWORK@Framework@0|16), response = ServiceResponseMessage(sender_id=FRAMEWORK@Framework@0, receiver_id=fastran_FPP_000001@hcd_model@6, request_msg_id=REQUEST|fastran_FPP_000001@hcd_model@6|FRAMEWORK@Framework@0|16,status=0, args=(<ipsframework.cca_es_spec.Topic object at 0x7fbffd4291f0>,), message_id=RESPONSE|FRAMEWORK@Framework@0|fastran_FPP_000001@hcd_model@6|283)
2026-04-24 12:11:40,576 fastran_ic_hcd_model_6 DEBUG    _invoke_service(): sendEvent  ('_IPS_MONITOR', 'PORTAL_EVENT', {'sim_name': 'fastran_FPP_000001', 'real_sim_name': 'fastran_FPP_000001', 'portal_data': {'code': 'fastran_ic_hcd_model', 'eventtype': 'IPS_UPDATE_STATE', 'ok': True, 'walltime': '34.07', 'time': '2026-04-24|12:11:40PDT', 'trace': {'timestamp': 1777057900545115, 'duration': 20621, 'localEndpoint': {'serviceName': 'update_state'}, 'name': "['s000001.00001', 'g000001.00001', 'i000001.00001']", 'id': '7629e189a66153c0', 'parentId': '027faaeff0c60d04', 'tags': {}}, 'state': 'Running', 'comment': 'Elapsed time = 0.021   files = s000001.00001 g000001.00001 i000001.00001 Success'}})
2026-04-24 12:11:40,576 fastran_ic_hcd_model_6 DEBUG    _get_service_response(REQUEST|fastran_FPP_000001@hcd_model@6|FRAMEWORK@Framework@0|17)
2026-04-24 12:11:40,587 fastran_ic_hcd_model_6 DEBUG    _get_service_response(REQUEST|fastran_FPP_000001@hcd_model@6|FRAMEWORK@Framework@0|17), response = ServiceResponseMessage(sender_id=FRAMEWORK@Framework@0, receiver_id=fastran_FPP_000001@hcd_model@6, request_msg_id=REQUEST|fastran_FPP_000001@hcd_model@6|FRAMEWORK@Framework@0|17,status=0, args=(None,), message_id=RESPONSE|FRAMEWORK@Framework@0|fastran_FPP_000001@hcd_model@6|284)
2026-04-24 12:11:40,588 fastran_ic_hcd_model_6 DEBUG    _invoke_service(): getTopic  ('_IPS_MONITOR',)
2026-04-24 12:11:40,588 fastran_ic_hcd_model_6 DEBUG    _get_service_response(REQUEST|fastran_FPP_000001@hcd_model@6|FRAMEWORK@Framework@0|18)
2026-04-24 12:11:40,598 fastran_ic_hcd_model_6 DEBUG    _get_service_response(REQUEST|fastran_FPP_000001@hcd_model@6|FRAMEWORK@Framework@0|18), response = ServiceResponseMessage(sender_id=FRAMEWORK@Framework@0, receiver_id=fastran_FPP_000001@hcd_model@6, request_msg_id=REQUEST|fastran_FPP_000001@hcd_model@6|FRAMEWORK@Framework@0|18,status=0, args=(<ipsframework.cca_es_spec.Topic object at 0x7fbffd41feb0>,), message_id=RESPONSE|FRAMEWORK@Framework@0|fastran_FPP_000001@hcd_model@6|285)
2026-04-24 12:11:40,598 fastran_ic_hcd_model_6 DEBUG    _invoke_service(): sendEvent  ('_IPS_MONITOR', 'PORTAL_EVENT', {'sim_name': 'fastran_FPP_000001', 'real_sim_name': 'fastran_FPP_000001', 'portal_data': {'code': 'fastran_ic_hcd_model', 'eventtype': 'IPS_STAGE_OUTPUTS', 'ok': True, 'walltime': '34.09', 'time': '2026-04-24|12:11:40PDT', 'trace': {'timestamp': 1777057900587375, 'duration': 818, 'localEndpoint': {'serviceName': 'stage_output_files'}, 'name': '[]', 'id': 'ed019efe11be26d9', 'parentId': '027faaeff0c60d04', 'tags': {}}, 'state': 'Running', 'comment': 'Elapsed time = 0.001 Path = /pscratch/sd/h/hswils/github_repos/MANTA_DBSCANS/RAD_Ar_coronal/SCAN/simulation_results/1/components/fastran_ic_hcd_model_6 Files = []'}})
2026-04-24 12:11:40,598 fastran_ic_hcd_model_6 DEBUG    _get_service_response(REQUEST|fastran_FPP_000001@hcd_model@6|FRAMEWORK@Framework@0|19)
2026-04-24 12:11:40,609 fastran_ic_hcd_model_6 DEBUG    _get_service_response(REQUEST|fastran_FPP_000001@hcd_model@6|FRAMEWORK@Framework@0|19), response = ServiceResponseMessage(sender_id=FRAMEWORK@Framework@0, receiver_id=fastran_FPP_000001@hcd_model@6, request_msg_id=REQUEST|fastran_FPP_000001@hcd_model@6|FRAMEWORK@Framework@0|19,status=0, args=(None,), message_id=RESPONSE|FRAMEWORK@Framework@0|fastran_FPP_000001@hcd_model@6|286)
2026-04-24 12:11:40,620 fastran_driver_fastran_driver_2 DEBUG    _get_service_response(REQUEST|fastran_FPP_000001@fastran_driver@2|FRAMEWORK@Framework@0|115), response = ServiceResponseMessage(sender_id=FRAMEWORK@Framework@0, receiver_id=fastran_FPP_000001@fastran_driver@2, request_msg_id=REQUEST|fastran_FPP_000001@fastran_driver@2|FRAMEWORK@Framework@0|115,status=0, args=((None,),), message_id=RESPONSE|FRAMEWORK@Framework@0|fastran_FPP_000001@fastran_driver@2|287)
2026-04-24 12:11:40,620 fastran_driver_fastran_driver_2 DEBUG    _invoke_service(): getTopic  ('_IPS_MONITOR',)
2026-04-24 12:11:40,620 fastran_driver_fastran_driver_2 DEBUG    _get_service_response(REQUEST|fastran_FPP_000001@fastran_driver@2|FRAMEWORK@Framework@0|116)
2026-04-24 12:11:40,631 fastran_driver_fastran_driver_2 DEBUG    _get_service_response(REQUEST|fastran_FPP_000001@fastran_driver@2|FRAMEWORK@Framework@0|116), response = ServiceResponseMessage(sender_id=FRAMEWORK@Framework@0, receiver_id=fastran_FPP_000001@fastran_driver@2, request_msg_id=REQUEST|fastran_FPP_000001@fastran_driver@2|FRAMEWORK@Framework@0|116,status=0, args=(<ipsframework.cca_es_spec.Topic object at 0x7fbffd5c6a90>,), message_id=RESPONSE|FRAMEWORK@Framework@0|fastran_FPP_000001@fastran_driver@2|288)
2026-04-24 12:11:40,631 fastran_driver_fastran_driver_2 DEBUG    _invoke_service(): sendEvent  ('_IPS_MONITOR', 'PORTAL_EVENT', {'sim_name': 'fastran_FPP_000001', 'real_sim_name': 'fastran_FPP_000001', 'portal_data': {'code': 'fastran_driver_fastran_driver', 'eventtype': 'IPS_CALL_END', 'ok': True, 'walltime': '34.12', 'time': '2026-04-24|12:11:40PDT', 'trace': {'timestamp': 1777057900365057, 'duration': 255482, 'localEndpoint': {'serviceName': 'fastran_FPP_000001@hcd_model@6'}, 'name': 'step(1)', 'id': '027faaeff0c60d04', 'parentId': 'f899e3e5886669ce', 'tags': {}}, 'state': 'Running', 'comment': 'Target = fastran_FPP_000001@hcd_model@6:step(1)'}})
2026-04-24 12:11:40,631 fastran_driver_fastran_driver_2 DEBUG    _get_service_response(REQUEST|fastran_FPP_000001@fastran_driver@2|FRAMEWORK@Framework@0|117)
2026-04-24 12:11:40,642 fastran_driver_fastran_driver_2 DEBUG    _get_service_response(REQUEST|fastran_FPP_000001@fastran_driver@2|FRAMEWORK@Framework@0|117), response = ServiceResponseMessage(sender_id=FRAMEWORK@Framework@0, receiver_id=fastran_FPP_000001@fastran_driver@2, request_msg_id=REQUEST|fastran_FPP_000001@fastran_driver@2|FRAMEWORK@Framework@0|117,status=0, args=(None,), message_id=RESPONSE|FRAMEWORK@Framework@0|fastran_FPP_000001@fastran_driver@2|289)
2026-04-24 12:11:40,642 fastran_driver_fastran_driver_2 DEBUG    _invoke_service(): getTopic  ('_IPS_MONITOR',)
2026-04-24 12:11:40,642 fastran_driver_fastran_driver_2 DEBUG    _get_service_response(REQUEST|fastran_FPP_000001@fastran_driver@2|FRAMEWORK@Framework@0|118)
2026-04-24 12:11:40,653 fastran_driver_fastran_driver_2 DEBUG    _get_service_response(REQUEST|fastran_FPP_000001@fastran_driver@2|FRAMEWORK@Framework@0|118), response = ServiceResponseMessage(sender_id=FRAMEWORK@Framework@0, receiver_id=fastran_FPP_000001@fastran_driver@2, request_msg_id=REQUEST|fastran_FPP_000001@fastran_driver@2|FRAMEWORK@Framework@0|118,status=0, args=(<ipsframework.cca_es_spec.Topic object at 0x7fbffd5c6cd0>,), message_id=RESPONSE|FRAMEWORK@Framework@0|fastran_FPP_000001@fastran_driver@2|290)
2026-04-24 12:11:40,653 fastran_driver_fastran_driver_2 DEBUG    _invoke_service(): sendEvent  ('_IPS_MONITOR', 'PORTAL_EVENT', {'sim_name': 'fastran_FPP_000001', 'real_sim_name': 'fastran_FPP_000001', 'portal_data': {'code': 'fastran_driver_fastran_driver', 'eventtype': 'IPS_CALL_BEGIN', 'ok': True, 'walltime': '34.15', 'time': '2026-04-24|12:11:40PDT', 'state': 'Running', 'comment': 'Target = fastran_FPP_000001@efit@7:step(1)'}})
2026-04-24 12:11:40,653 fastran_driver_fastran_driver_2 DEBUG    _get_service_response(REQUEST|fastran_FPP_000001@fastran_driver@2|FRAMEWORK@Framework@0|119)
2026-04-24 12:11:40,664 fastran_driver_fastran_driver_2 DEBUG    _get_service_response(REQUEST|fastran_FPP_000001@fastran_driver@2|FRAMEWORK@Framework@0|119), response = ServiceResponseMessage(sender_id=FRAMEWORK@Framework@0, receiver_id=fastran_FPP_000001@fastran_driver@2, request_msg_id=REQUEST|fastran_FPP_000001@fastran_driver@2|FRAMEWORK@Framework@0|119,status=0, args=(None,), message_id=RESPONSE|FRAMEWORK@Framework@0|fastran_FPP_000001@fastran_driver@2|291)
2026-04-24 12:11:40,664 fastran_driver_fastran_driver_2 DEBUG    _invoke_service(): init_call  ('step', 1)
2026-04-24 12:11:40,664 fastran_driver_fastran_driver_2 DEBUG    _get_service_response(REQUEST|fastran_FPP_000001@fastran_driver@2|FRAMEWORK@Framework@0|120)
2026-04-24 12:11:40,665 fastran_eq_efit_7 DEBUG    Received Message 
2026-04-24 12:11:40,665 fastran_eq_efit_7 DEBUG    Calling method step(1)
2026-04-24 12:11:40,666 fastran_eq_efit_7 DEBUG    _invoke_service(): stage_state  (['s000001.00001', 'g000001.00001', 'i000001.00001'], '/pscratch/sd/h/hswils/github_repos/MANTA_DBSCANS/RAD_Ar_coronal/SCAN/work/plasma_state', '/pscratch/sd/h/hswils/github_repos/MANTA_DBSCANS/RAD_Ar_coronal/SCAN/work/fastran_eq_efit_7')
2026-04-24 12:11:40,666 fastran_eq_efit_7 DEBUG    _get_service_response(REQUEST|fastran_FPP_000001@efit@7|FRAMEWORK@Framework@0|8)
2026-04-24 12:11:40,675 fastran_driver_fastran_driver_2 DEBUG    _get_service_response(REQUEST|fastran_FPP_000001@fastran_driver@2|FRAMEWORK@Framework@0|120), response = ServiceResponseMessage(sender_id=FRAMEWORK@Framework@0, receiver_id=fastran_FPP_000001@fastran_driver@2, request_msg_id=REQUEST|fastran_FPP_000001@fastran_driver@2|FRAMEWORK@Framework@0|120,status=0, args=(25,), message_id=RESPONSE|FRAMEWORK@Framework@0|fastran_FPP_000001@fastran_driver@2|292)
2026-04-24 12:11:40,675 fastran_driver_fastran_driver_2 DEBUG    _invoke_service(): wait_call  (25, True)
2026-04-24 12:11:40,675 fastran_driver_fastran_driver_2 DEBUG    _get_service_response(REQUEST|fastran_FPP_000001@fastran_driver@2|FRAMEWORK@Framework@0|121)
2026-04-24 12:11:40,687 fastran_eq_efit_7 DEBUG    _get_service_response(REQUEST|fastran_FPP_000001@efit@7|FRAMEWORK@Framework@0|8), response = ServiceResponseMessage(sender_id=FRAMEWORK@Framework@0, receiver_id=fastran_FPP_000001@efit@7, request_msg_id=REQUEST|fastran_FPP_000001@efit@7|FRAMEWORK@Framework@0|8,status=0, args=(0,), message_id=RESPONSE|FRAMEWORK@Framework@0|fastran_FPP_000001@efit@7|293)
2026-04-24 12:11:40,687 fastran_eq_efit_7 DEBUG    _invoke_service(): getTopic  ('_IPS_MONITOR',)
2026-04-24 12:11:40,687 fastran_eq_efit_7 DEBUG    _get_service_response(REQUEST|fastran_FPP_000001@efit@7|FRAMEWORK@Framework@0|9)
2026-04-24 12:11:40,698 fastran_eq_efit_7 DEBUG    _get_service_response(REQUEST|fastran_FPP_000001@efit@7|FRAMEWORK@Framework@0|9), response = ServiceResponseMessage(sender_id=FRAMEWORK@Framework@0, receiver_id=fastran_FPP_000001@efit@7, request_msg_id=REQUEST|fastran_FPP_000001@efit@7|FRAMEWORK@Framework@0|9,status=0, args=(<ipsframework.cca_es_spec.Topic object at 0x7fbffd4231c0>,), message_id=RESPONSE|FRAMEWORK@Framework@0|fastran_FPP_000001@efit@7|294)
2026-04-24 12:11:40,698 fastran_eq_efit_7 DEBUG    _invoke_service(): sendEvent  ('_IPS_MONITOR', 'PORTAL_EVENT', {'sim_name': 'fastran_FPP_000001', 'real_sim_name': 'fastran_FPP_000001', 'portal_data': {'code': 'fastran_eq_efit', 'eventtype': 'IPS_STAGE_STATE', 'ok': True, 'walltime': '34.19', 'time': '2026-04-24|12:11:40PDT', 'trace': {'timestamp': 1777057900666039, 'duration': 21594, 'localEndpoint': {'serviceName': 'stage_state'}, 'name': "['s000001.00001', 'g000001.00001', 'i000001.00001']", 'id': '71885aecf25d7412', 'parentId': 'b1669d50980f7a5f', 'tags': {}}, 'state': 'Running', 'comment': 'Elapsed time = 0.022  files = s000001.00001 g000001.00001 i000001.00001 Success'}})
2026-04-24 12:11:40,698 fastran_eq_efit_7 DEBUG    _get_service_response(REQUEST|fastran_FPP_000001@efit@7|FRAMEWORK@Framework@0|10)
2026-04-24 12:11:40,708 fastran_eq_efit_7 DEBUG    _get_service_response(REQUEST|fastran_FPP_000001@efit@7|FRAMEWORK@Framework@0|10), response = ServiceResponseMessage(sender_id=FRAMEWORK@Framework@0, receiver_id=fastran_FPP_000001@efit@7, request_msg_id=REQUEST|fastran_FPP_000001@efit@7|FRAMEWORK@Framework@0|10,status=0, args=(None,), message_id=RESPONSE|FRAMEWORK@Framework@0|fastran_FPP_000001@efit@7|295)
2026-04-24 12:11:43,281 fastran_eq_efit_7 DEBUG    _invoke_service(): update_state  (['s000001.00001', 'g000001.00001', 'i000001.00001'], '/pscratch/sd/h/hswils/github_repos/MANTA_DBSCANS/RAD_Ar_coronal/SCAN/work/fastran_eq_efit_7', '/pscratch/sd/h/hswils/github_repos/MANTA_DBSCANS/RAD_Ar_coronal/SCAN/work/plasma_state')
2026-04-24 12:11:43,281 fastran_eq_efit_7 DEBUG    _get_service_response(REQUEST|fastran_FPP_000001@efit@7|FRAMEWORK@Framework@0|11)
2026-04-24 12:11:43,304 fastran_eq_efit_7 DEBUG    _get_service_response(REQUEST|fastran_FPP_000001@efit@7|FRAMEWORK@Framework@0|11), response = ServiceResponseMessage(sender_id=FRAMEWORK@Framework@0, receiver_id=fastran_FPP_000001@efit@7, request_msg_id=REQUEST|fastran_FPP_000001@efit@7|FRAMEWORK@Framework@0|11,status=0, args=(0,), message_id=RESPONSE|FRAMEWORK@Framework@0|fastran_FPP_000001@efit@7|301)
2026-04-24 12:11:43,304 fastran_eq_efit_7 DEBUG    _invoke_service(): getTopic  ('_IPS_MONITOR',)
2026-04-24 12:11:43,304 fastran_eq_efit_7 DEBUG    _get_service_response(REQUEST|fastran_FPP_000001@efit@7|FRAMEWORK@Framework@0|12)
2026-04-24 12:11:43,315 fastran_eq_efit_7 DEBUG    _get_service_response(REQUEST|fastran_FPP_000001@efit@7|FRAMEWORK@Framework@0|12), response = ServiceResponseMessage(sender_id=FRAMEWORK@Framework@0, receiver_id=fastran_FPP_000001@efit@7, request_msg_id=REQUEST|fastran_FPP_000001@efit@7|FRAMEWORK@Framework@0|12,status=0, args=(<ipsframework.cca_es_spec.Topic object at 0x7fbffd423d00>,), message_id=RESPONSE|FRAMEWORK@Framework@0|fastran_FPP_000001@efit@7|302)
2026-04-24 12:11:43,315 fastran_eq_efit_7 DEBUG    _invoke_service(): sendEvent  ('_IPS_MONITOR', 'PORTAL_EVENT', {'sim_name': 'fastran_FPP_000001', 'real_sim_name': 'fastran_FPP_000001', 'portal_data': {'code': 'fastran_eq_efit', 'eventtype': 'IPS_UPDATE_STATE', 'ok': True, 'walltime': '36.81', 'time': '2026-04-24|12:11:43PDT', 'trace': {'timestamp': 1777057903281102, 'duration': 23569, 'localEndpoint': {'serviceName': 'update_state'}, 'name': "['s000001.00001', 'g000001.00001', 'i000001.00001']", 'id': '7629e189a66153c0', 'parentId': 'b1669d50980f7a5f', 'tags': {}}, 'state': 'Running', 'comment': 'Elapsed time = 0.024   files = s000001.00001 g000001.00001 i000001.00001 Success'}})
2026-04-24 12:11:43,315 fastran_eq_efit_7 DEBUG    _get_service_response(REQUEST|fastran_FPP_000001@efit@7|FRAMEWORK@Framework@0|13)
2026-04-24 12:11:43,325 fastran_eq_efit_7 DEBUG    _get_service_response(REQUEST|fastran_FPP_000001@efit@7|FRAMEWORK@Framework@0|13), response = ServiceResponseMessage(sender_id=FRAMEWORK@Framework@0, receiver_id=fastran_FPP_000001@efit@7, request_msg_id=REQUEST|fastran_FPP_000001@efit@7|FRAMEWORK@Framework@0|13,status=0, args=(None,), message_id=RESPONSE|FRAMEWORK@Framework@0|fastran_FPP_000001@efit@7|303)
2026-04-24 12:11:43,351 fastran_eq_efit_7 DEBUG    _invoke_service(): getTopic  ('_IPS_MONITOR',)
2026-04-24 12:11:43,351 fastran_eq_efit_7 DEBUG    _get_service_response(REQUEST|fastran_FPP_000001@efit@7|FRAMEWORK@Framework@0|14)
2026-04-24 12:11:43,361 fastran_eq_efit_7 DEBUG    _get_service_response(REQUEST|fastran_FPP_000001@efit@7|FRAMEWORK@Framework@0|14), response = ServiceResponseMessage(sender_id=FRAMEWORK@Framework@0, receiver_id=fastran_FPP_000001@efit@7, request_msg_id=REQUEST|fastran_FPP_000001@efit@7|FRAMEWORK@Framework@0|14,status=0, args=(<ipsframework.cca_es_spec.Topic object at 0x7fbffd423cd0>,), message_id=RESPONSE|FRAMEWORK@Framework@0|fastran_FPP_000001@efit@7|304)
2026-04-24 12:11:43,361 fastran_eq_efit_7 DEBUG    _invoke_service(): sendEvent  ('_IPS_MONITOR', 'PORTAL_EVENT', {'sim_name': 'fastran_FPP_000001', 'real_sim_name': 'fastran_FPP_000001', 'portal_data': {'code': 'fastran_eq_efit', 'eventtype': 'IPS_STAGE_OUTPUTS', 'ok': True, 'walltime': '36.85', 'time': '2026-04-24|12:11:43PDT', 'trace': {'timestamp': 1777057903326041, 'duration': 25157, 'localEndpoint': {'serviceName': 'stage_output_files'}, 'name': "['g*.*', 'a*.*', 'm*.*', 'k*.*', 'efit.log', 's*.*']", 'id': '80725d8eee5776f1', 'parentId': 'b1669d50980f7a5f', 'tags': {}}, 'state': 'Running', 'comment': "Elapsed time = 0.025 Path = /pscratch/sd/h/hswils/github_repos/MANTA_DBSCANS/RAD_Ar_coronal/SCAN/simulation_results/1/components/fastran_eq_efit_7 Files = ['g*.*', 'a*.*', 'm*.*', 'k*.*', 'efit.log', 's*.*']"}})
2026-04-24 12:11:43,361 fastran_eq_efit_7 DEBUG    _get_service_response(REQUEST|fastran_FPP_000001@efit@7|FRAMEWORK@Framework@0|15)
2026-04-24 12:11:43,372 fastran_eq_efit_7 DEBUG    _get_service_response(REQUEST|fastran_FPP_000001@efit@7|FRAMEWORK@Framework@0|15), response = ServiceResponseMessage(sender_id=FRAMEWORK@Framework@0, receiver_id=fastran_FPP_000001@efit@7, request_msg_id=REQUEST|fastran_FPP_000001@efit@7|FRAMEWORK@Framework@0|15,status=0, args=(None,), message_id=RESPONSE|FRAMEWORK@Framework@0|fastran_FPP_000001@efit@7|305)
2026-04-24 12:11:43,384 fastran_driver_fastran_driver_2 DEBUG    _get_service_response(REQUEST|fastran_FPP_000001@fastran_driver@2|FRAMEWORK@Framework@0|121), response = ServiceResponseMessage(sender_id=FRAMEWORK@Framework@0, receiver_id=fastran_FPP_000001@fastran_driver@2, request_msg_id=REQUEST|fastran_FPP_000001@fastran_driver@2|FRAMEWORK@Framework@0|121,status=0, args=((None,),), message_id=RESPONSE|FRAMEWORK@Framework@0|fastran_FPP_000001@fastran_driver@2|306)
2026-04-24 12:11:43,384 fastran_driver_fastran_driver_2 DEBUG    _invoke_service(): getTopic  ('_IPS_MONITOR',)
2026-04-24 12:11:43,384 fastran_driver_fastran_driver_2 DEBUG    _get_service_response(REQUEST|fastran_FPP_000001@fastran_driver@2|FRAMEWORK@Framework@0|122)
2026-04-24 12:11:43,394 fastran_driver_fastran_driver_2 DEBUG    _get_service_response(REQUEST|fastran_FPP_000001@fastran_driver@2|FRAMEWORK@Framework@0|122), response = ServiceResponseMessage(sender_id=FRAMEWORK@Framework@0, receiver_id=fastran_FPP_000001@fastran_driver@2, request_msg_id=REQUEST|fastran_FPP_000001@fastran_driver@2|FRAMEWORK@Framework@0|122,status=0, args=(<ipsframework.cca_es_spec.Topic object at 0x7fbffd5c6a60>,), message_id=RESPONSE|FRAMEWORK@Framework@0|fastran_FPP_000001@fastran_driver@2|307)
2026-04-24 12:11:43,394 fastran_driver_fastran_driver_2 DEBUG    _invoke_service(): sendEvent  ('_IPS_MONITOR', 'PORTAL_EVENT', {'sim_name': 'fastran_FPP_000001', 'real_sim_name': 'fastran_FPP_000001', 'portal_data': {'code': 'fastran_driver_fastran_driver', 'eventtype': 'IPS_CALL_END', 'ok': True, 'walltime': '36.89', 'time': '2026-04-24|12:11:43PDT', 'trace': {'timestamp': 1777057900675665, 'duration': 2708571, 'localEndpoint': {'serviceName': 'fastran_FPP_000001@efit@7'}, 'name': 'step(1)', 'id': 'b1669d50980f7a5f', 'parentId': 'f899e3e5886669ce', 'tags': {}}, 'state': 'Running', 'comment': 'Target = fastran_FPP_000001@efit@7:step(1)'}})
2026-04-24 12:11:43,395 fastran_driver_fastran_driver_2 DEBUG    _get_service_response(REQUEST|fastran_FPP_000001@fastran_driver@2|FRAMEWORK@Framework@0|123)
2026-04-24 12:11:43,405 fastran_driver_fastran_driver_2 DEBUG    _get_service_response(REQUEST|fastran_FPP_000001@fastran_driver@2|FRAMEWORK@Framework@0|123), response = ServiceResponseMessage(sender_id=FRAMEWORK@Framework@0, receiver_id=fastran_FPP_000001@fastran_driver@2, request_msg_id=REQUEST|fastran_FPP_000001@fastran_driver@2|FRAMEWORK@Framework@0|123,status=0, args=(None,), message_id=RESPONSE|FRAMEWORK@Framework@0|fastran_FPP_000001@fastran_driver@2|308)
2026-04-24 12:11:43,406 fastran_driver_fastran_driver_2 DEBUG    _invoke_service(): getTopic  ('_IPS_MONITOR',)
2026-04-24 12:11:43,406 fastran_driver_fastran_driver_2 DEBUG    _get_service_response(REQUEST|fastran_FPP_000001@fastran_driver@2|FRAMEWORK@Framework@0|124)
2026-04-24 12:11:43,417 fastran_driver_fastran_driver_2 DEBUG    _get_service_response(REQUEST|fastran_FPP_000001@fastran_driver@2|FRAMEWORK@Framework@0|124), response = ServiceResponseMessage(sender_id=FRAMEWORK@Framework@0, receiver_id=fastran_FPP_000001@fastran_driver@2, request_msg_id=REQUEST|fastran_FPP_000001@fastran_driver@2|FRAMEWORK@Framework@0|124,status=0, args=(<ipsframework.cca_es_spec.Topic object at 0x7fbffd5c6ca0>,), message_id=RESPONSE|FRAMEWORK@Framework@0|fastran_FPP_000001@fastran_driver@2|309)
2026-04-24 12:11:43,417 fastran_driver_fastran_driver_2 DEBUG    _invoke_service(): sendEvent  ('_IPS_MONITOR', 'PORTAL_EVENT', {'sim_name': 'fastran_FPP_000001', 'real_sim_name': 'fastran_FPP_000001', 'portal_data': {'code': 'fastran_driver_fastran_driver', 'eventtype': 'IPS_CALL_BEGIN', 'ok': True, 'walltime': '36.91', 'time': '2026-04-24|12:11:43PDT', 'state': 'Running', 'comment': 'Target = fastran_FPP_000001@fastran@8:step(1)'}})
2026-04-24 12:11:43,417 fastran_driver_fastran_driver_2 DEBUG    _get_service_response(REQUEST|fastran_FPP_000001@fastran_driver@2|FRAMEWORK@Framework@0|125)
2026-04-24 12:11:43,428 fastran_driver_fastran_driver_2 DEBUG    _get_service_response(REQUEST|fastran_FPP_000001@fastran_driver@2|FRAMEWORK@Framework@0|125), response = ServiceResponseMessage(sender_id=FRAMEWORK@Framework@0, receiver_id=fastran_FPP_000001@fastran_driver@2, request_msg_id=REQUEST|fastran_FPP_000001@fastran_driver@2|FRAMEWORK@Framework@0|125,status=0, args=(None,), message_id=RESPONSE|FRAMEWORK@Framework@0|fastran_FPP_000001@fastran_driver@2|310)
2026-04-24 12:11:43,428 fastran_driver_fastran_driver_2 DEBUG    _invoke_service(): init_call  ('step', 1)
2026-04-24 12:11:43,428 fastran_driver_fastran_driver_2 DEBUG    _get_service_response(REQUEST|fastran_FPP_000001@fastran_driver@2|FRAMEWORK@Framework@0|126)
2026-04-24 12:11:43,428 fastran_tr_fastran_8 DEBUG    Received Message 
2026-04-24 12:11:43,429 fastran_tr_fastran_8 DEBUG    Calling method step(1)
2026-04-24 12:11:43,429 fastran_tr_fastran_8 DEBUG    _invoke_service(): stage_state  (['s000001.00001', 'g000001.00001', 'i000001.00001'], '/pscratch/sd/h/hswils/github_repos/MANTA_DBSCANS/RAD_Ar_coronal/SCAN/work/plasma_state', '/pscratch/sd/h/hswils/github_repos/MANTA_DBSCANS/RAD_Ar_coronal/SCAN/work/fastran_tr_fastran_8')
2026-04-24 12:11:43,429 fastran_tr_fastran_8 DEBUG    _get_service_response(REQUEST|fastran_FPP_000001@fastran@8|FRAMEWORK@Framework@0|16)
2026-04-24 12:11:43,438 fastran_driver_fastran_driver_2 DEBUG    _get_service_response(REQUEST|fastran_FPP_000001@fastran_driver@2|FRAMEWORK@Framework@0|126), response = ServiceResponseMessage(sender_id=FRAMEWORK@Framework@0, receiver_id=fastran_FPP_000001@fastran_driver@2, request_msg_id=REQUEST|fastran_FPP_000001@fastran_driver@2|FRAMEWORK@Framework@0|126,status=0, args=(26,), message_id=RESPONSE|FRAMEWORK@Framework@0|fastran_FPP_000001@fastran_driver@2|311)
2026-04-24 12:11:43,438 fastran_driver_fastran_driver_2 DEBUG    _invoke_service(): wait_call  (26, True)
2026-04-24 12:11:43,439 fastran_driver_fastran_driver_2 DEBUG    _get_service_response(REQUEST|fastran_FPP_000001@fastran_driver@2|FRAMEWORK@Framework@0|127)
2026-04-24 12:11:43,450 fastran_tr_fastran_8 DEBUG    _get_service_response(REQUEST|fastran_FPP_000001@fastran@8|FRAMEWORK@Framework@0|16), response = ServiceResponseMessage(sender_id=FRAMEWORK@Framework@0, receiver_id=fastran_FPP_000001@fastran@8, request_msg_id=REQUEST|fastran_FPP_000001@fastran@8|FRAMEWORK@Framework@0|16,status=0, args=(0,), message_id=RESPONSE|FRAMEWORK@Framework@0|fastran_FPP_000001@fastran@8|312)
2026-04-24 12:11:43,450 fastran_tr_fastran_8 DEBUG    _invoke_service(): getTopic  ('_IPS_MONITOR',)
2026-04-24 12:11:43,450 fastran_tr_fastran_8 DEBUG    _get_service_response(REQUEST|fastran_FPP_000001@fastran@8|FRAMEWORK@Framework@0|17)
2026-04-24 12:11:43,461 fastran_tr_fastran_8 DEBUG    _get_service_response(REQUEST|fastran_FPP_000001@fastran@8|FRAMEWORK@Framework@0|17), response = ServiceResponseMessage(sender_id=FRAMEWORK@Framework@0, receiver_id=fastran_FPP_000001@fastran@8, request_msg_id=REQUEST|fastran_FPP_000001@fastran@8|FRAMEWORK@Framework@0|17,status=0, args=(<ipsframework.cca_es_spec.Topic object at 0x7fbffd42d0a0>,), message_id=RESPONSE|FRAMEWORK@Framework@0|fastran_FPP_000001@fastran@8|313)
2026-04-24 12:11:43,461 fastran_tr_fastran_8 DEBUG    _invoke_service(): sendEvent  ('_IPS_MONITOR', 'PORTAL_EVENT', {'sim_name': 'fastran_FPP_000001', 'real_sim_name': 'fastran_FPP_000001', 'portal_data': {'code': 'fastran_tr_fastran', 'eventtype': 'IPS_STAGE_STATE', 'ok': True, 'walltime': '36.95', 'time': '2026-04-24|12:11:43PDT', 'trace': {'timestamp': 1777057903429228, 'duration': 21435, 'localEndpoint': {'serviceName': 'stage_state'}, 'name': "['s000001.00001', 'g000001.00001', 'i000001.00001']", 'id': '71885aecf25d7412', 'parentId': '2246e8405ba31c8d', 'tags': {}}, 'state': 'Running', 'comment': 'Elapsed time = 0.021  files = s000001.00001 g000001.00001 i000001.00001 Success'}})
2026-04-24 12:11:43,461 fastran_tr_fastran_8 DEBUG    _get_service_response(REQUEST|fastran_FPP_000001@fastran@8|FRAMEWORK@Framework@0|18)
2026-04-24 12:11:43,471 fastran_tr_fastran_8 DEBUG    _get_service_response(REQUEST|fastran_FPP_000001@fastran@8|FRAMEWORK@Framework@0|18), response = ServiceResponseMessage(sender_id=FRAMEWORK@Framework@0, receiver_id=fastran_FPP_000001@fastran@8, request_msg_id=REQUEST|fastran_FPP_000001@fastran@8|FRAMEWORK@Framework@0|18,status=0, args=(None,), message_id=RESPONSE|FRAMEWORK@Framework@0|fastran_FPP_000001@fastran@8|314)
2026-04-24 12:11:43,480 fastran_tr_fastran_8 DEBUG    _invoke_service(): getTopic  ('_IPS_MONITOR',)
2026-04-24 12:11:43,480 fastran_tr_fastran_8 DEBUG    _get_service_response(REQUEST|fastran_FPP_000001@fastran@8|FRAMEWORK@Framework@0|19)
2026-04-24 12:11:43,491 fastran_tr_fastran_8 DEBUG    _get_service_response(REQUEST|fastran_FPP_000001@fastran@8|FRAMEWORK@Framework@0|19), response = ServiceResponseMessage(sender_id=FRAMEWORK@Framework@0, receiver_id=fastran_FPP_000001@fastran@8, request_msg_id=REQUEST|fastran_FPP_000001@fastran@8|FRAMEWORK@Framework@0|19,status=0, args=(<ipsframework.cca_es_spec.Topic object at 0x7fbffd42db50>,), message_id=RESPONSE|FRAMEWORK@Framework@0|fastran_FPP_000001@fastran@8|315)
2026-04-24 12:11:43,491 fastran_tr_fastran_8 DEBUG    _invoke_service(): sendEvent  ('_IPS_MONITOR', 'PORTAL_EVENT', {'sim_name': 'fastran_FPP_000001', 'real_sim_name': 'fastran_FPP_000001', 'portal_data': {'code': 'fastran_tr_fastran', 'eventtype': 'IPS_STAGE_INPUTS', 'ok': True, 'walltime': '36.98', 'time': '2026-04-24|12:11:43PDT', 'trace': {'timestamp': 1777057903472254, 'duration': 8297, 'localEndpoint': {'serviceName': 'stage_input_files'}, 'name': 'infastran intglf', 'id': '5ff6e2efe4653e6c', 'parentId': '2246e8405ba31c8d', 'tags': {}}, 'state': 'Running', 'comment': 'Elapsed time = 0.008 Path = /pscratch/sd/h/hswils/github_repos/MANTA_DBSCANS/RAD_Ar_coronal/input Files = infastran intglf'}})
2026-04-24 12:11:43,491 fastran_tr_fastran_8 DEBUG    _get_service_response(REQUEST|fastran_FPP_000001@fastran@8|FRAMEWORK@Framework@0|20)
2026-04-24 12:11:43,501 fastran_tr_fastran_8 DEBUG    _get_service_response(REQUEST|fastran_FPP_000001@fastran@8|FRAMEWORK@Framework@0|20), response = ServiceResponseMessage(sender_id=FRAMEWORK@Framework@0, receiver_id=fastran_FPP_000001@fastran@8, request_msg_id=REQUEST|fastran_FPP_000001@fastran@8|FRAMEWORK@Framework@0|20,status=0, args=(None,), message_id=RESPONSE|FRAMEWORK@Framework@0|fastran_FPP_000001@fastran@8|316)
2026-04-24 12:11:43,703 fastran_tr_fastran_8 DEBUG    _invoke_service(): init_task  (TaskInit(nproc=126, binary='/global/common/software/atom/perlmutter/binaries/fastran/default/xfastran_ver1.07', working_dir='/pscratch/sd/h/hswils/github_repos/MANTA_DBSCANS/RAD_Ar_coronal/SCAN/work/fastran_tr_fastran_8', tppn=0, tcpp=0, tgpp=0, block=True, omp=False, wnodes=True, wsocks=True, cmd_args=('6', '21')),)
2026-04-24 12:11:43,703 fastran_tr_fastran_8 DEBUG    _get_service_response(REQUEST|fastran_FPP_000001@fastran@8|FRAMEWORK@Framework@0|21)
2026-04-24 12:11:43,714 fastran_tr_fastran_8 DEBUG    _get_service_response(REQUEST|fastran_FPP_000001@fastran@8|FRAMEWORK@Framework@0|21), response = ServiceResponseMessage(sender_id=FRAMEWORK@Framework@0, receiver_id=fastran_FPP_000001@fastran@8, request_msg_id=REQUEST|fastran_FPP_000001@fastran@8|FRAMEWORK@Framework@0|21,status=0, args=((3, 'srun -N 1 -n 126 -c 1 --threads-per-core=1 --cpu-bind=cores /global/common/software/atom/perlmutter/binaries/fastran/default/xfastran_ver1.07 6 21', None, 128),), message_id=RESPONSE|FRAMEWORK@Framework@0|fastran_FPP_000001@fastran@8|318)
2026-04-24 12:11:43,716 fastran_tr_fastran_8 DEBUG    Launching command : srun -N 1 -n 126 -c 1 --threads-per-core=1 --cpu-bind=cores /global/common/software/atom/perlmutter/binaries/fastran/default/xfastran_ver1.07 6 21
2026-04-24 12:11:43,731 fastran_tr_fastran_8 DEBUG    _invoke_service(): getTopic  ('_IPS_MONITOR',)
2026-04-24 12:11:43,731 fastran_tr_fastran_8 DEBUG    _get_service_response(REQUEST|fastran_FPP_000001@fastran@8|FRAMEWORK@Framework@0|22)
2026-04-24 12:11:43,742 fastran_tr_fastran_8 DEBUG    _get_service_response(REQUEST|fastran_FPP_000001@fastran@8|FRAMEWORK@Framework@0|22), response = ServiceResponseMessage(sender_id=FRAMEWORK@Framework@0, receiver_id=fastran_FPP_000001@fastran@8, request_msg_id=REQUEST|fastran_FPP_000001@fastran@8|FRAMEWORK@Framework@0|22,status=0, args=(<ipsframework.cca_es_spec.Topic object at 0x7fbffd42ddf0>,), message_id=RESPONSE|FRAMEWORK@Framework@0|fastran_FPP_000001@fastran@8|319)
2026-04-24 12:11:43,742 fastran_tr_fastran_8 DEBUG    _invoke_service(): sendEvent  ('_IPS_MONITOR', 'PORTAL_EVENT', {'sim_name': 'fastran_FPP_000001', 'real_sim_name': 'fastran_FPP_000001', 'portal_data': {'code': 'fastran_tr_fastran', 'eventtype': 'IPS_LAUNCH_TASK', 'ok': True, 'walltime': '37.23', 'time': '2026-04-24|12:11:43PDT', 'state': 'Running', 'comment': 'task_id = 3 , Tag = None , nproc = 126 , Target = srun -N 1 -n 126 -c 1 --threads-per-core=1 --cpu-bind=cores /global/common/software/atom/perlmutter/binaries/fastran/default/xfastran_ver1.07 6 21'}})
2026-04-24 12:11:43,742 fastran_tr_fastran_8 DEBUG    _get_service_response(REQUEST|fastran_FPP_000001@fastran@8|FRAMEWORK@Framework@0|23)
2026-04-24 12:11:43,753 fastran_tr_fastran_8 DEBUG    _get_service_response(REQUEST|fastran_FPP_000001@fastran@8|FRAMEWORK@Framework@0|23), response = ServiceResponseMessage(sender_id=FRAMEWORK@Framework@0, receiver_id=fastran_FPP_000001@fastran@8, request_msg_id=REQUEST|fastran_FPP_000001@fastran@8|FRAMEWORK@Framework@0|23,status=0, args=(None,), message_id=RESPONSE|FRAMEWORK@Framework@0|fastran_FPP_000001@fastran@8|320)
2026-04-24 12:11:50,769 fastran_tr_fastran_8 DEBUG    _invoke_service(): getTopic  ('_IPS_MONITOR',)
2026-04-24 12:11:50,769 fastran_tr_fastran_8 DEBUG    _get_service_response(REQUEST|fastran_FPP_000001@fastran@8|FRAMEWORK@Framework@0|24)
2026-04-24 12:11:50,780 fastran_tr_fastran_8 DEBUG    _get_service_response(REQUEST|fastran_FPP_000001@fastran@8|FRAMEWORK@Framework@0|24), response = ServiceResponseMessage(sender_id=FRAMEWORK@Framework@0, receiver_id=fastran_FPP_000001@fastran@8, request_msg_id=REQUEST|fastran_FPP_000001@fastran@8|FRAMEWORK@Framework@0|24,status=0, args=(<ipsframework.cca_es_spec.Topic object at 0x7fbffd42d970>,), message_id=RESPONSE|FRAMEWORK@Framework@0|fastran_FPP_000001@fastran@8|335)
2026-04-24 12:11:50,780 fastran_tr_fastran_8 DEBUG    _invoke_service(): sendEvent  ('_IPS_MONITOR', 'PORTAL_EVENT', {'sim_name': 'fastran_FPP_000001', 'real_sim_name': 'fastran_FPP_000001', 'portal_data': {'code': 'fastran_tr_fastran', 'eventtype': 'IPS_TASK_END', 'ok': True, 'walltime': '44.27', 'time': '2026-04-24|12:11:50PDT', 'trace': {'timestamp': 1777057903730849, 'duration': 7038298, 'localEndpoint': {'serviceName': '/global/common/software/atom/perlmutter/binaries/fastran/default/xfastran_ver1.07'}, 'name': '6 21', 'id': '8d3011dceed0d201', 'parentId': '2246e8405ba31c8d', 'tags': {'procs_requested': '126', 'cores_allocated': '128'}}, 'state': 'Running', 'comment': 'task_id = 3  elapsed time = 7.04 S'}})
2026-04-24 12:11:50,780 fastran_tr_fastran_8 DEBUG    _get_service_response(REQUEST|fastran_FPP_000001@fastran@8|FRAMEWORK@Framework@0|25)
2026-04-24 12:11:50,791 fastran_tr_fastran_8 DEBUG    _get_service_response(REQUEST|fastran_FPP_000001@fastran@8|FRAMEWORK@Framework@0|25), response = ServiceResponseMessage(sender_id=FRAMEWORK@Framework@0, receiver_id=fastran_FPP_000001@fastran@8, request_msg_id=REQUEST|fastran_FPP_000001@fastran@8|FRAMEWORK@Framework@0|25,status=0, args=(None,), message_id=RESPONSE|FRAMEWORK@Framework@0|fastran_FPP_000001@fastran@8|336)
2026-04-24 12:11:50,791 fastran_tr_fastran_8 DEBUG    _invoke_service(): finish_task  (3, 0)
2026-04-24 12:11:50,791 fastran_tr_fastran_8 DEBUG    _get_service_response(REQUEST|fastran_FPP_000001@fastran@8|FRAMEWORK@Framework@0|26)
2026-04-24 12:11:50,802 fastran_tr_fastran_8 DEBUG    _get_service_response(REQUEST|fastran_FPP_000001@fastran@8|FRAMEWORK@Framework@0|26), response = ServiceResponseMessage(sender_id=FRAMEWORK@Framework@0, receiver_id=fastran_FPP_000001@fastran@8, request_msg_id=REQUEST|fastran_FPP_000001@fastran@8|FRAMEWORK@Framework@0|26,status=0, args=(0,), message_id=RESPONSE|FRAMEWORK@Framework@0|fastran_FPP_000001@fastran@8|337)
2026-04-24 12:11:51,064 fastran_tr_fastran_8 DEBUG    _invoke_service(): update_state  (['s000001.00001', 'g000001.00001', 'i000001.00001'], '/pscratch/sd/h/hswils/github_repos/MANTA_DBSCANS/RAD_Ar_coronal/SCAN/work/fastran_tr_fastran_8', '/pscratch/sd/h/hswils/github_repos/MANTA_DBSCANS/RAD_Ar_coronal/SCAN/work/plasma_state')
2026-04-24 12:11:51,064 fastran_tr_fastran_8 DEBUG    _get_service_response(REQUEST|fastran_FPP_000001@fastran@8|FRAMEWORK@Framework@0|27)
2026-04-24 12:11:51,085 fastran_tr_fastran_8 DEBUG    _get_service_response(REQUEST|fastran_FPP_000001@fastran@8|FRAMEWORK@Framework@0|27), response = ServiceResponseMessage(sender_id=FRAMEWORK@Framework@0, receiver_id=fastran_FPP_000001@fastran@8, request_msg_id=REQUEST|fastran_FPP_000001@fastran@8|FRAMEWORK@Framework@0|27,status=0, args=(0,), message_id=RESPONSE|FRAMEWORK@Framework@0|fastran_FPP_000001@fastran@8|338)
2026-04-24 12:11:51,085 fastran_tr_fastran_8 DEBUG    _invoke_service(): getTopic  ('_IPS_MONITOR',)
2026-04-24 12:11:51,085 fastran_tr_fastran_8 DEBUG    _get_service_response(REQUEST|fastran_FPP_000001@fastran@8|FRAMEWORK@Framework@0|28)
2026-04-24 12:11:51,096 fastran_tr_fastran_8 DEBUG    _get_service_response(REQUEST|fastran_FPP_000001@fastran@8|FRAMEWORK@Framework@0|28), response = ServiceResponseMessage(sender_id=FRAMEWORK@Framework@0, receiver_id=fastran_FPP_000001@fastran@8, request_msg_id=REQUEST|fastran_FPP_000001@fastran@8|FRAMEWORK@Framework@0|28,status=0, args=(<ipsframework.cca_es_spec.Topic object at 0x7fbffd511610>,), message_id=RESPONSE|FRAMEWORK@Framework@0|fastran_FPP_000001@fastran@8|339)
2026-04-24 12:11:51,096 fastran_tr_fastran_8 DEBUG    _invoke_service(): sendEvent  ('_IPS_MONITOR', 'PORTAL_EVENT', {'sim_name': 'fastran_FPP_000001', 'real_sim_name': 'fastran_FPP_000001', 'portal_data': {'code': 'fastran_tr_fastran', 'eventtype': 'IPS_UPDATE_STATE', 'ok': True, 'walltime': '44.59', 'time': '2026-04-24|12:11:51PDT', 'trace': {'timestamp': 1777057911063862, 'duration': 21553, 'localEndpoint': {'serviceName': 'update_state'}, 'name': "['s000001.00001', 'g000001.00001', 'i000001.00001']", 'id': '7629e189a66153c0', 'parentId': '2246e8405ba31c8d', 'tags': {}}, 'state': 'Running', 'comment': 'Elapsed time = 0.022   files = s000001.00001 g000001.00001 i000001.00001 Success'}})
2026-04-24 12:11:51,096 fastran_tr_fastran_8 DEBUG    _get_service_response(REQUEST|fastran_FPP_000001@fastran@8|FRAMEWORK@Framework@0|29)
2026-04-24 12:11:51,106 fastran_tr_fastran_8 DEBUG    _get_service_response(REQUEST|fastran_FPP_000001@fastran@8|FRAMEWORK@Framework@0|29), response = ServiceResponseMessage(sender_id=FRAMEWORK@Framework@0, receiver_id=fastran_FPP_000001@fastran@8, request_msg_id=REQUEST|fastran_FPP_000001@fastran@8|FRAMEWORK@Framework@0|29,status=0, args=(None,), message_id=RESPONSE|FRAMEWORK@Framework@0|fastran_FPP_000001@fastran@8|340)
2026-04-24 12:11:51,124 fastran_tr_fastran_8 DEBUG    _invoke_service(): getTopic  ('_IPS_MONITOR',)
2026-04-24 12:11:51,124 fastran_tr_fastran_8 DEBUG    _get_service_response(REQUEST|fastran_FPP_000001@fastran@8|FRAMEWORK@Framework@0|30)
2026-04-24 12:11:51,135 fastran_tr_fastran_8 DEBUG    _get_service_response(REQUEST|fastran_FPP_000001@fastran@8|FRAMEWORK@Framework@0|30), response = ServiceResponseMessage(sender_id=FRAMEWORK@Framework@0, receiver_id=fastran_FPP_000001@fastran@8, request_msg_id=REQUEST|fastran_FPP_000001@fastran@8|FRAMEWORK@Framework@0|30,status=0, args=(<ipsframework.cca_es_spec.Topic object at 0x7fbffd511700>,), message_id=RESPONSE|FRAMEWORK@Framework@0|fastran_FPP_000001@fastran@8|341)
2026-04-24 12:11:51,135 fastran_tr_fastran_8 DEBUG    _invoke_service(): sendEvent  ('_IPS_MONITOR', 'PORTAL_EVENT', {'sim_name': 'fastran_FPP_000001', 'real_sim_name': 'fastran_FPP_000001', 'portal_data': {'code': 'fastran_tr_fastran', 'eventtype': 'IPS_STAGE_OUTPUTS', 'ok': True, 'walltime': '44.63', 'time': '2026-04-24|12:11:51PDT', 'trace': {'timestamp': 1777057911106652, 'duration': 17935, 'localEndpoint': {'serviceName': 'stage_output_files'}, 'name': "['fastran.nc', 'inprof', 'inmetric', 'infastran', 'intglf', 'xfastran.log', 'i000001.00001']", 'id': '7349cfaaafc33980', 'parentId': '2246e8405ba31c8d', 'tags': {}}, 'state': 'Running', 'comment': "Elapsed time = 0.018 Path = /pscratch/sd/h/hswils/github_repos/MANTA_DBSCANS/RAD_Ar_coronal/SCAN/simulation_results/1/components/fastran_tr_fastran_8 Files = ['fastran.nc', 'inprof', 'inmetric', 'infastran', 'intglf', 'xfastran.log', 'i000001.00001']"}})
2026-04-24 12:11:51,135 fastran_tr_fastran_8 DEBUG    _get_service_response(REQUEST|fastran_FPP_000001@fastran@8|FRAMEWORK@Framework@0|31)
2026-04-24 12:11:51,145 fastran_tr_fastran_8 DEBUG    _get_service_response(REQUEST|fastran_FPP_000001@fastran@8|FRAMEWORK@Framework@0|31), response = ServiceResponseMessage(sender_id=FRAMEWORK@Framework@0, receiver_id=fastran_FPP_000001@fastran@8, request_msg_id=REQUEST|fastran_FPP_000001@fastran@8|FRAMEWORK@Framework@0|31,status=0, args=(None,), message_id=RESPONSE|FRAMEWORK@Framework@0|fastran_FPP_000001@fastran@8|342)
2026-04-24 12:11:51,156 fastran_driver_fastran_driver_2 DEBUG    _get_service_response(REQUEST|fastran_FPP_000001@fastran_driver@2|FRAMEWORK@Framework@0|127), response = ServiceResponseMessage(sender_id=FRAMEWORK@Framework@0, receiver_id=fastran_FPP_000001@fastran_driver@2, request_msg_id=REQUEST|fastran_FPP_000001@fastran_driver@2|FRAMEWORK@Framework@0|127,status=0, args=((None,),), message_id=RESPONSE|FRAMEWORK@Framework@0|fastran_FPP_000001@fastran_driver@2|343)
2026-04-24 12:11:51,156 fastran_driver_fastran_driver_2 DEBUG    _invoke_service(): getTopic  ('_IPS_MONITOR',)
2026-04-24 12:11:51,156 fastran_driver_fastran_driver_2 DEBUG    _get_service_response(REQUEST|fastran_FPP_000001@fastran_driver@2|FRAMEWORK@Framework@0|128)
2026-04-24 12:11:51,167 fastran_driver_fastran_driver_2 DEBUG    _get_service_response(REQUEST|fastran_FPP_000001@fastran_driver@2|FRAMEWORK@Framework@0|128), response = ServiceResponseMessage(sender_id=FRAMEWORK@Framework@0, receiver_id=fastran_FPP_000001@fastran_driver@2, request_msg_id=REQUEST|fastran_FPP_000001@fastran_driver@2|FRAMEWORK@Framework@0|128,status=0, args=(<ipsframework.cca_es_spec.Topic object at 0x7fbffd5c6c70>,), message_id=RESPONSE|FRAMEWORK@Framework@0|fastran_FPP_000001@fastran_driver@2|344)
2026-04-24 12:11:51,167 fastran_driver_fastran_driver_2 DEBUG    _invoke_service(): sendEvent  ('_IPS_MONITOR', 'PORTAL_EVENT', {'sim_name': 'fastran_FPP_000001', 'real_sim_name': 'fastran_FPP_000001', 'portal_data': {'code': 'fastran_driver_fastran_driver', 'eventtype': 'IPS_CALL_END', 'ok': True, 'walltime': '44.66', 'time': '2026-04-24|12:11:51PDT', 'trace': {'timestamp': 1777057903438984, 'duration': 7717675, 'localEndpoint': {'serviceName': 'fastran_FPP_000001@fastran@8'}, 'name': 'step(1)', 'id': '2246e8405ba31c8d', 'parentId': 'f899e3e5886669ce', 'tags': {}}, 'state': 'Running', 'comment': 'Target = fastran_FPP_000001@fastran@8:step(1)'}})
2026-04-24 12:11:51,167 fastran_driver_fastran_driver_2 DEBUG    _get_service_response(REQUEST|fastran_FPP_000001@fastran_driver@2|FRAMEWORK@Framework@0|129)
2026-04-24 12:11:51,178 fastran_driver_fastran_driver_2 DEBUG    _get_service_response(REQUEST|fastran_FPP_000001@fastran_driver@2|FRAMEWORK@Framework@0|129), response = ServiceResponseMessage(sender_id=FRAMEWORK@Framework@0, receiver_id=fastran_FPP_000001@fastran_driver@2, request_msg_id=REQUEST|fastran_FPP_000001@fastran_driver@2|FRAMEWORK@Framework@0|129,status=0, args=(None,), message_id=RESPONSE|FRAMEWORK@Framework@0|fastran_FPP_000001@fastran_driver@2|345)
2026-04-24 12:11:51,178 fastran_driver_fastran_driver_2 DEBUG    _invoke_service(): stage_state  (['s000001.00001', 'g000001.00001', 'i000001.00001'], '/pscratch/sd/h/hswils/github_repos/MANTA_DBSCANS/RAD_Ar_coronal/SCAN/work/plasma_state', '/pscratch/sd/h/hswils/github_repos/MANTA_DBSCANS/RAD_Ar_coronal/SCAN/work/fastran_driver_fastran_driver_2')
2026-04-24 12:11:51,178 fastran_driver_fastran_driver_2 DEBUG    _get_service_response(REQUEST|fastran_FPP_000001@fastran_driver@2|FRAMEWORK@Framework@0|130)
2026-04-24 12:11:51,199 fastran_driver_fastran_driver_2 DEBUG    _get_service_response(REQUEST|fastran_FPP_000001@fastran_driver@2|FRAMEWORK@Framework@0|130), response = ServiceResponseMessage(sender_id=FRAMEWORK@Framework@0, receiver_id=fastran_FPP_000001@fastran_driver@2, request_msg_id=REQUEST|fastran_FPP_000001@fastran_driver@2|FRAMEWORK@Framework@0|130,status=0, args=(0,), message_id=RESPONSE|FRAMEWORK@Framework@0|fastran_FPP_000001@fastran_driver@2|346)
2026-04-24 12:11:51,199 fastran_driver_fastran_driver_2 DEBUG    _invoke_service(): getTopic  ('_IPS_MONITOR',)
2026-04-24 12:11:51,199 fastran_driver_fastran_driver_2 DEBUG    _get_service_response(REQUEST|fastran_FPP_000001@fastran_driver@2|FRAMEWORK@Framework@0|131)
2026-04-24 12:11:51,210 fastran_driver_fastran_driver_2 DEBUG    _get_service_response(REQUEST|fastran_FPP_000001@fastran_driver@2|FRAMEWORK@Framework@0|131), response = ServiceResponseMessage(sender_id=FRAMEWORK@Framework@0, receiver_id=fastran_FPP_000001@fastran_driver@2, request_msg_id=REQUEST|fastran_FPP_000001@fastran_driver@2|FRAMEWORK@Framework@0|131,status=0, args=(<ipsframework.cca_es_spec.Topic object at 0x7fbffd5c6c40>,), message_id=RESPONSE|FRAMEWORK@Framework@0|fastran_FPP_000001@fastran_driver@2|347)
2026-04-24 12:11:51,210 fastran_driver_fastran_driver_2 DEBUG    _invoke_service(): sendEvent  ('_IPS_MONITOR', 'PORTAL_EVENT', {'sim_name': 'fastran_FPP_000001', 'real_sim_name': 'fastran_FPP_000001', 'portal_data': {'code': 'fastran_driver_fastran_driver', 'eventtype': 'IPS_STAGE_STATE', 'ok': True, 'walltime': '44.70', 'time': '2026-04-24|12:11:51PDT', 'trace': {'timestamp': 1777057911178627, 'duration': 20916, 'localEndpoint': {'serviceName': 'stage_state'}, 'name': "['s000001.00001', 'g000001.00001', 'i000001.00001']", 'id': '71885aecf25d7412', 'parentId': 'f899e3e5886669ce', 'tags': {}}, 'state': 'Running', 'comment': 'Elapsed time = 0.021  files = s000001.00001 g000001.00001 i000001.00001 Success'}})
2026-04-24 12:11:51,210 fastran_driver_fastran_driver_2 DEBUG    _get_service_response(REQUEST|fastran_FPP_000001@fastran_driver@2|FRAMEWORK@Framework@0|132)
2026-04-24 12:11:51,221 fastran_driver_fastran_driver_2 DEBUG    _get_service_response(REQUEST|fastran_FPP_000001@fastran_driver@2|FRAMEWORK@Framework@0|132), response = ServiceResponseMessage(sender_id=FRAMEWORK@Framework@0, receiver_id=fastran_FPP_000001@fastran_driver@2, request_msg_id=REQUEST|fastran_FPP_000001@fastran_driver@2|FRAMEWORK@Framework@0|132,status=0, args=(None,), message_id=RESPONSE|FRAMEWORK@Framework@0|fastran_FPP_000001@fastran_driver@2|348)
2026-04-24 12:11:51,221 fastran_driver_fastran_driver_2 DEBUG    _invoke_service(): getTopic  ('_IPS_MONITOR',)
2026-04-24 12:11:51,221 fastran_driver_fastran_driver_2 DEBUG    _get_service_response(REQUEST|fastran_FPP_000001@fastran_driver@2|FRAMEWORK@Framework@0|133)
2026-04-24 12:11:51,232 fastran_driver_fastran_driver_2 DEBUG    _get_service_response(REQUEST|fastran_FPP_000001@fastran_driver@2|FRAMEWORK@Framework@0|133), response = ServiceResponseMessage(sender_id=FRAMEWORK@Framework@0, receiver_id=fastran_FPP_000001@fastran_driver@2, request_msg_id=REQUEST|fastran_FPP_000001@fastran_driver@2|FRAMEWORK@Framework@0|133,status=0, args=(<ipsframework.cca_es_spec.Topic object at 0x7fbffd5c6d60>,), message_id=RESPONSE|FRAMEWORK@Framework@0|fastran_FPP_000001@fastran_driver@2|349)
2026-04-24 12:11:51,232 fastran_driver_fastran_driver_2 DEBUG    _invoke_service(): sendEvent  ('_IPS_MONITOR', 'PORTAL_EVENT', {'sim_name': 'fastran_FPP_000001', 'real_sim_name': 'fastran_FPP_000001', 'portal_data': {'code': 'fastran_driver_fastran_driver', 'eventtype': 'IPS_STAGE_OUTPUTS', 'ok': True, 'walltime': '44.72', 'time': '2026-04-24|12:11:51PDT', 'trace': {'timestamp': 1777057911221237, 'duration': 267, 'localEndpoint': {'serviceName': 'stage_output_files'}, 'name': '[]', 'id': 'ed019efe11be26d9', 'parentId': 'f899e3e5886669ce', 'tags': {}}, 'state': 'Running', 'comment': 'Elapsed time = 0.000 Path = /pscratch/sd/h/hswils/github_repos/MANTA_DBSCANS/RAD_Ar_coronal/SCAN/simulation_results/1/components/fastran_driver_fastran_driver_2 Files = []'}})
2026-04-24 12:11:51,232 fastran_driver_fastran_driver_2 DEBUG    _get_service_response(REQUEST|fastran_FPP_000001@fastran_driver@2|FRAMEWORK@Framework@0|134)
2026-04-24 12:11:51,243 fastran_driver_fastran_driver_2 DEBUG    _get_service_response(REQUEST|fastran_FPP_000001@fastran_driver@2|FRAMEWORK@Framework@0|134), response = ServiceResponseMessage(sender_id=FRAMEWORK@Framework@0, receiver_id=fastran_FPP_000001@fastran_driver@2, request_msg_id=REQUEST|fastran_FPP_000001@fastran_driver@2|FRAMEWORK@Framework@0|134,status=0, args=(None,), message_id=RESPONSE|FRAMEWORK@Framework@0|fastran_FPP_000001@fastran_driver@2|350)
2026-04-24 12:11:51,243 fastran_driver_fastran_driver_2 DEBUG    _invoke_service(): getTopic  ('_IPS_MONITOR',)
2026-04-24 12:11:51,243 fastran_driver_fastran_driver_2 DEBUG    _get_service_response(REQUEST|fastran_FPP_000001@fastran_driver@2|FRAMEWORK@Framework@0|135)
2026-04-24 12:11:51,254 fastran_driver_fastran_driver_2 DEBUG    _get_service_response(REQUEST|fastran_FPP_000001@fastran_driver@2|FRAMEWORK@Framework@0|135), response = ServiceResponseMessage(sender_id=FRAMEWORK@Framework@0, receiver_id=fastran_FPP_000001@fastran_driver@2, request_msg_id=REQUEST|fastran_FPP_000001@fastran_driver@2|FRAMEWORK@Framework@0|135,status=0, args=(<ipsframework.cca_es_spec.Topic object at 0x7fbffd5c6a90>,), message_id=RESPONSE|FRAMEWORK@Framework@0|fastran_FPP_000001@fastran_driver@2|351)
2026-04-24 12:11:51,254 fastran_driver_fastran_driver_2 DEBUG    _invoke_service(): sendEvent  ('_IPS_MONITOR', 'PORTALBRIDGE_UPDATE_TIMESTAMP', {'sim_name': 'fastran_FPP_000001', 'real_sim_name': 'fastran_FPP_000001', 'portal_data': {'phystimestamp': 2, 'eventtype': 'PORTALBRIDGE_UPDATE_TIMESTAMP'}})
2026-04-24 12:11:51,254 fastran_driver_fastran_driver_2 DEBUG    _get_service_response(REQUEST|fastran_FPP_000001@fastran_driver@2|FRAMEWORK@Framework@0|136)
2026-04-24 12:11:51,265 fastran_driver_fastran_driver_2 DEBUG    _get_service_response(REQUEST|fastran_FPP_000001@fastran_driver@2|FRAMEWORK@Framework@0|136), response = ServiceResponseMessage(sender_id=FRAMEWORK@Framework@0, receiver_id=fastran_FPP_000001@fastran_driver@2, request_msg_id=REQUEST|fastran_FPP_000001@fastran_driver@2|FRAMEWORK@Framework@0|136,status=0, args=(None,), message_id=RESPONSE|FRAMEWORK@Framework@0|fastran_FPP_000001@fastran_driver@2|352)
2026-04-24 12:11:51,265 fastran_driver_fastran_driver_2 DEBUG    _invoke_service(): getTopic  ('_IPS_MONITOR',)
2026-04-24 12:11:51,265 fastran_driver_fastran_driver_2 DEBUG    _get_service_response(REQUEST|fastran_FPP_000001@fastran_driver@2|FRAMEWORK@Framework@0|137)
2026-04-24 12:11:51,276 fastran_driver_fastran_driver_2 DEBUG    _get_service_response(REQUEST|fastran_FPP_000001@fastran_driver@2|FRAMEWORK@Framework@0|137), response = ServiceResponseMessage(sender_id=FRAMEWORK@Framework@0, receiver_id=fastran_FPP_000001@fastran_driver@2, request_msg_id=REQUEST|fastran_FPP_000001@fastran_driver@2|FRAMEWORK@Framework@0|137,status=0, args=(<ipsframework.cca_es_spec.Topic object at 0x7fbffd5c6d60>,), message_id=RESPONSE|FRAMEWORK@Framework@0|fastran_FPP_000001@fastran_driver@2|353)
2026-04-24 12:11:51,276 fastran_driver_fastran_driver_2 DEBUG    _invoke_service(): sendEvent  ('_IPS_MONITOR', 'PORTAL_EVENT', {'sim_name': 'fastran_FPP_000001', 'real_sim_name': 'fastran_FPP_000001', 'portal_data': {'code': 'fastran_driver_fastran_driver', 'eventtype': 'IPS_UPDATE_TIME_STAMP', 'ok': True, 'walltime': '44.77', 'time': '2026-04-24|12:11:51PDT', 'state': 'Running', 'comment': 'Timestamp = 2'}})
2026-04-24 12:11:51,276 fastran_driver_fastran_driver_2 DEBUG    _get_service_response(REQUEST|fastran_FPP_000001@fastran_driver@2|FRAMEWORK@Framework@0|138)
2026-04-24 12:11:51,287 fastran_driver_fastran_driver_2 DEBUG    _get_service_response(REQUEST|fastran_FPP_000001@fastran_driver@2|FRAMEWORK@Framework@0|138), response = ServiceResponseMessage(sender_id=FRAMEWORK@Framework@0, receiver_id=fastran_FPP_000001@fastran_driver@2, request_msg_id=REQUEST|fastran_FPP_000001@fastran_driver@2|FRAMEWORK@Framework@0|138,status=0, args=(None,), message_id=RESPONSE|FRAMEWORK@Framework@0|fastran_FPP_000001@fastran_driver@2|355)
2026-04-24 12:11:51,287 fastran_driver_fastran_driver_2 DEBUG    _invoke_service(): getTopic  ('_IPS_MONITOR',)
2026-04-24 12:11:51,287 fastran_driver_fastran_driver_2 DEBUG    _get_service_response(REQUEST|fastran_FPP_000001@fastran_driver@2|FRAMEWORK@Framework@0|139)
2026-04-24 12:11:51,298 fastran_driver_fastran_driver_2 DEBUG    _get_service_response(REQUEST|fastran_FPP_000001@fastran_driver@2|FRAMEWORK@Framework@0|139), response = ServiceResponseMessage(sender_id=FRAMEWORK@Framework@0, receiver_id=fastran_FPP_000001@fastran_driver@2, request_msg_id=REQUEST|fastran_FPP_000001@fastran_driver@2|FRAMEWORK@Framework@0|139,status=0, args=(<ipsframework.cca_es_spec.Topic object at 0x7fbffd5c6d90>,), message_id=RESPONSE|FRAMEWORK@Framework@0|fastran_FPP_000001@fastran_driver@2|356)
2026-04-24 12:11:51,298 fastran_driver_fastran_driver_2 DEBUG    _invoke_service(): sendEvent  ('_IPS_MONITOR', 'PORTAL_EVENT', {'sim_name': 'fastran_FPP_000001', 'real_sim_name': 'fastran_FPP_000001', 'portal_data': {'code': 'fastran_driver_fastran_driver', 'eventtype': 'IPS_CALL_BEGIN', 'ok': True, 'walltime': '44.79', 'time': '2026-04-24|12:11:51PDT', 'state': 'Running', 'comment': 'Target = fastran_FPP_000001@impurity_radiation@5:step(2)'}})
2026-04-24 12:11:51,298 fastran_driver_fastran_driver_2 DEBUG    _get_service_response(REQUEST|fastran_FPP_000001@fastran_driver@2|FRAMEWORK@Framework@0|140)
2026-04-24 12:11:51,309 fastran_driver_fastran_driver_2 DEBUG    _get_service_response(REQUEST|fastran_FPP_000001@fastran_driver@2|FRAMEWORK@Framework@0|140), response = ServiceResponseMessage(sender_id=FRAMEWORK@Framework@0, receiver_id=fastran_FPP_000001@fastran_driver@2, request_msg_id=REQUEST|fastran_FPP_000001@fastran_driver@2|FRAMEWORK@Framework@0|140,status=0, args=(None,), message_id=RESPONSE|FRAMEWORK@Framework@0|fastran_FPP_000001@fastran_driver@2|357)
2026-04-24 12:11:51,309 fastran_driver_fastran_driver_2 DEBUG    _invoke_service(): init_call  ('step', 2)
2026-04-24 12:11:51,309 fastran_driver_fastran_driver_2 DEBUG    _get_service_response(REQUEST|fastran_FPP_000001@fastran_driver@2|FRAMEWORK@Framework@0|141)
2026-04-24 12:11:51,310 fastran__impurity_radiation_5 DEBUG    Received Message 
2026-04-24 12:11:51,310 fastran__impurity_radiation_5 DEBUG    Calling method step(2)
2026-04-24 12:11:51,310 fastran__impurity_radiation_5 DEBUG    _invoke_service(): stage_state  (['s000001.00001', 'g000001.00001', 'i000001.00001'], '/pscratch/sd/h/hswils/github_repos/MANTA_DBSCANS/RAD_Ar_coronal/SCAN/work/plasma_state', '/pscratch/sd/h/hswils/github_repos/MANTA_DBSCANS/RAD_Ar_coronal/SCAN/work/fastran__impurity_radiation_5')
2026-04-24 12:11:51,310 fastran__impurity_radiation_5 DEBUG    _get_service_response(REQUEST|fastran_FPP_000001@impurity_radiation@5|FRAMEWORK@Framework@0|23)
2026-04-24 12:11:51,320 fastran_driver_fastran_driver_2 DEBUG    _get_service_response(REQUEST|fastran_FPP_000001@fastran_driver@2|FRAMEWORK@Framework@0|141), response = ServiceResponseMessage(sender_id=FRAMEWORK@Framework@0, receiver_id=fastran_FPP_000001@fastran_driver@2, request_msg_id=REQUEST|fastran_FPP_000001@fastran_driver@2|FRAMEWORK@Framework@0|141,status=0, args=(27,), message_id=RESPONSE|FRAMEWORK@Framework@0|fastran_FPP_000001@fastran_driver@2|358)
2026-04-24 12:11:51,320 fastran_driver_fastran_driver_2 DEBUG    _invoke_service(): wait_call  (27, True)
2026-04-24 12:11:51,320 fastran_driver_fastran_driver_2 DEBUG    _get_service_response(REQUEST|fastran_FPP_000001@fastran_driver@2|FRAMEWORK@Framework@0|142)
2026-04-24 12:11:51,332 fastran__impurity_radiation_5 DEBUG    _get_service_response(REQUEST|fastran_FPP_000001@impurity_radiation@5|FRAMEWORK@Framework@0|23), response = ServiceResponseMessage(sender_id=FRAMEWORK@Framework@0, receiver_id=fastran_FPP_000001@impurity_radiation@5, request_msg_id=REQUEST|fastran_FPP_000001@impurity_radiation@5|FRAMEWORK@Framework@0|23,status=0, args=(0,), message_id=RESPONSE|FRAMEWORK@Framework@0|fastran_FPP_000001@impurity_radiation@5|359)
2026-04-24 12:11:51,332 fastran__impurity_radiation_5 DEBUG    _invoke_service(): getTopic  ('_IPS_MONITOR',)
2026-04-24 12:11:51,332 fastran__impurity_radiation_5 DEBUG    _get_service_response(REQUEST|fastran_FPP_000001@impurity_radiation@5|FRAMEWORK@Framework@0|24)
2026-04-24 12:11:51,343 fastran__impurity_radiation_5 DEBUG    _get_service_response(REQUEST|fastran_FPP_000001@impurity_radiation@5|FRAMEWORK@Framework@0|24), response = ServiceResponseMessage(sender_id=FRAMEWORK@Framework@0, receiver_id=fastran_FPP_000001@impurity_radiation@5, request_msg_id=REQUEST|fastran_FPP_000001@impurity_radiation@5|FRAMEWORK@Framework@0|24,status=0, args=(<ipsframework.cca_es_spec.Topic object at 0x7fbffd41d400>,), message_id=RESPONSE|FRAMEWORK@Framework@0|fastran_FPP_000001@impurity_radiation@5|360)
2026-04-24 12:11:51,343 fastran__impurity_radiation_5 DEBUG    _invoke_service(): sendEvent  ('_IPS_MONITOR', 'PORTAL_EVENT', {'sim_name': 'fastran_FPP_000001', 'real_sim_name': 'fastran_FPP_000001', 'portal_data': {'code': 'fastran__impurity_radiation', 'eventtype': 'IPS_STAGE_STATE', 'ok': True, 'walltime': '44.84', 'time': '2026-04-24|12:11:51PDT', 'trace': {'timestamp': 1777057911310694, 'duration': 21961, 'localEndpoint': {'serviceName': 'stage_state'}, 'name': "['s000001.00001', 'g000001.00001', 'i000001.00001']", 'id': '71885aecf25d7412', 'parentId': 'bb6121ebffb698a2', 'tags': {}}, 'state': 'Running', 'comment': 'Elapsed time = 0.022  files = s000001.00001 g000001.00001 i000001.00001 Success'}})
2026-04-24 12:11:51,344 fastran__impurity_radiation_5 DEBUG    _get_service_response(REQUEST|fastran_FPP_000001@impurity_radiation@5|FRAMEWORK@Framework@0|25)
2026-04-24 12:11:51,355 fastran__impurity_radiation_5 DEBUG    _get_service_response(REQUEST|fastran_FPP_000001@impurity_radiation@5|FRAMEWORK@Framework@0|25), response = ServiceResponseMessage(sender_id=FRAMEWORK@Framework@0, receiver_id=fastran_FPP_000001@impurity_radiation@5, request_msg_id=REQUEST|fastran_FPP_000001@impurity_radiation@5|FRAMEWORK@Framework@0|25,status=0, args=(None,), message_id=RESPONSE|FRAMEWORK@Framework@0|fastran_FPP_000001@impurity_radiation@5|361)
2026-04-24 12:11:51,355 fastran__impurity_radiation_5 DEBUG    _invoke_service(): getTopic  ('_IPS_MONITOR',)
2026-04-24 12:11:51,355 fastran__impurity_radiation_5 DEBUG    _get_service_response(REQUEST|fastran_FPP_000001@impurity_radiation@5|FRAMEWORK@Framework@0|26)
2026-04-24 12:11:51,366 fastran__impurity_radiation_5 DEBUG    _get_service_response(REQUEST|fastran_FPP_000001@impurity_radiation@5|FRAMEWORK@Framework@0|26), response = ServiceResponseMessage(sender_id=FRAMEWORK@Framework@0, receiver_id=fastran_FPP_000001@impurity_radiation@5, request_msg_id=REQUEST|fastran_FPP_000001@impurity_radiation@5|FRAMEWORK@Framework@0|26,status=0, args=(<ipsframework.cca_es_spec.Topic object at 0x7fbffd41dd60>,), message_id=RESPONSE|FRAMEWORK@Framework@0|fastran_FPP_000001@impurity_radiation@5|362)
2026-04-24 12:11:51,366 fastran__impurity_radiation_5 DEBUG    _invoke_service(): sendEvent  ('_IPS_MONITOR', 'PORTAL_EVENT', {'sim_name': 'fastran_FPP_000001', 'real_sim_name': 'fastran_FPP_000001', 'portal_data': {'code': 'fastran__impurity_radiation', 'eventtype': 'IPS_STAGE_INPUTS', 'ok': True, 'walltime': '44.86', 'time': '2026-04-24|12:11:51PDT', 'trace': {'timestamp': 1777057911355317, 'duration': 79, 'localEndpoint': {'serviceName': 'stage_input_files'}, 'name': '', 'id': 'e70cb59b389672bf', 'parentId': 'bb6121ebffb698a2', 'tags': {}}, 'state': 'Running', 'comment': 'Elapsed time = 0.000 Path = /pscratch/sd/h/hswils/github_repos/MANTA_DBSCANS/RAD_Ar_coronal/input Files = '}})
2026-04-24 12:11:51,366 fastran__impurity_radiation_5 DEBUG    _get_service_response(REQUEST|fastran_FPP_000001@impurity_radiation@5|FRAMEWORK@Framework@0|27)
2026-04-24 12:11:51,377 fastran__impurity_radiation_5 DEBUG    _get_service_response(REQUEST|fastran_FPP_000001@impurity_radiation@5|FRAMEWORK@Framework@0|27), response = ServiceResponseMessage(sender_id=FRAMEWORK@Framework@0, receiver_id=fastran_FPP_000001@impurity_radiation@5, request_msg_id=REQUEST|fastran_FPP_000001@impurity_radiation@5|FRAMEWORK@Framework@0|27,status=0, args=(None,), message_id=RESPONSE|FRAMEWORK@Framework@0|fastran_FPP_000001@impurity_radiation@5|363)
2026-04-24 12:11:51,574 fastran__impurity_radiation_5 DEBUG    _invoke_service(): update_state  (['s000001.00001', 'g000001.00001', 'i000001.00001'], '/pscratch/sd/h/hswils/github_repos/MANTA_DBSCANS/RAD_Ar_coronal/SCAN/work/fastran__impurity_radiation_5', '/pscratch/sd/h/hswils/github_repos/MANTA_DBSCANS/RAD_Ar_coronal/SCAN/work/plasma_state')
2026-04-24 12:11:51,574 fastran__impurity_radiation_5 DEBUG    _get_service_response(REQUEST|fastran_FPP_000001@impurity_radiation@5|FRAMEWORK@Framework@0|28)
2026-04-24 12:11:51,594 fastran__impurity_radiation_5 DEBUG    _get_service_response(REQUEST|fastran_FPP_000001@impurity_radiation@5|FRAMEWORK@Framework@0|28), response = ServiceResponseMessage(sender_id=FRAMEWORK@Framework@0, receiver_id=fastran_FPP_000001@impurity_radiation@5, request_msg_id=REQUEST|fastran_FPP_000001@impurity_radiation@5|FRAMEWORK@Framework@0|28,status=0, args=(0,), message_id=RESPONSE|FRAMEWORK@Framework@0|fastran_FPP_000001@impurity_radiation@5|364)
2026-04-24 12:11:51,594 fastran__impurity_radiation_5 DEBUG    _invoke_service(): getTopic  ('_IPS_MONITOR',)
2026-04-24 12:11:51,595 fastran__impurity_radiation_5 DEBUG    _get_service_response(REQUEST|fastran_FPP_000001@impurity_radiation@5|FRAMEWORK@Framework@0|29)
2026-04-24 12:11:51,605 fastran__impurity_radiation_5 DEBUG    _get_service_response(REQUEST|fastran_FPP_000001@impurity_radiation@5|FRAMEWORK@Framework@0|29), response = ServiceResponseMessage(sender_id=FRAMEWORK@Framework@0, receiver_id=fastran_FPP_000001@impurity_radiation@5, request_msg_id=REQUEST|fastran_FPP_000001@impurity_radiation@5|FRAMEWORK@Framework@0|29,status=0, args=(<ipsframework.cca_es_spec.Topic object at 0x7fbffd41deb0>,), message_id=RESPONSE|FRAMEWORK@Framework@0|fastran_FPP_000001@impurity_radiation@5|365)
2026-04-24 12:11:51,605 fastran__impurity_radiation_5 DEBUG    _invoke_service(): sendEvent  ('_IPS_MONITOR', 'PORTAL_EVENT', {'sim_name': 'fastran_FPP_000001', 'real_sim_name': 'fastran_FPP_000001', 'portal_data': {'code': 'fastran__impurity_radiation', 'eventtype': 'IPS_UPDATE_STATE', 'ok': True, 'walltime': '45.10', 'time': '2026-04-24|12:11:51PDT', 'trace': {'timestamp': 1777057911574366, 'duration': 20532, 'localEndpoint': {'serviceName': 'update_state'}, 'name': "['s000001.00001', 'g000001.00001', 'i000001.00001']", 'id': '7629e189a66153c0', 'parentId': 'bb6121ebffb698a2', 'tags': {}}, 'state': 'Running', 'comment': 'Elapsed time = 0.021   files = s000001.00001 g000001.00001 i000001.00001 Success'}})
2026-04-24 12:11:51,605 fastran__impurity_radiation_5 DEBUG    _get_service_response(REQUEST|fastran_FPP_000001@impurity_radiation@5|FRAMEWORK@Framework@0|30)
2026-04-24 12:11:51,616 fastran__impurity_radiation_5 DEBUG    _get_service_response(REQUEST|fastran_FPP_000001@impurity_radiation@5|FRAMEWORK@Framework@0|30), response = ServiceResponseMessage(sender_id=FRAMEWORK@Framework@0, receiver_id=fastran_FPP_000001@impurity_radiation@5, request_msg_id=REQUEST|fastran_FPP_000001@impurity_radiation@5|FRAMEWORK@Framework@0|30,status=0, args=(None,), message_id=RESPONSE|FRAMEWORK@Framework@0|fastran_FPP_000001@impurity_radiation@5|366)
2026-04-24 12:11:51,616 fastran__impurity_radiation_5 DEBUG    _invoke_service(): getTopic  ('_IPS_MONITOR',)
2026-04-24 12:11:51,616 fastran__impurity_radiation_5 DEBUG    _get_service_response(REQUEST|fastran_FPP_000001@impurity_radiation@5|FRAMEWORK@Framework@0|31)
2026-04-24 12:11:51,627 fastran__impurity_radiation_5 DEBUG    _get_service_response(REQUEST|fastran_FPP_000001@impurity_radiation@5|FRAMEWORK@Framework@0|31), response = ServiceResponseMessage(sender_id=FRAMEWORK@Framework@0, receiver_id=fastran_FPP_000001@impurity_radiation@5, request_msg_id=REQUEST|fastran_FPP_000001@impurity_radiation@5|FRAMEWORK@Framework@0|31,status=0, args=(<ipsframework.cca_es_spec.Topic object at 0x7fbffd41dd00>,), message_id=RESPONSE|FRAMEWORK@Framework@0|fastran_FPP_000001@impurity_radiation@5|367)
2026-04-24 12:11:51,627 fastran__impurity_radiation_5 DEBUG    _invoke_service(): sendEvent  ('_IPS_MONITOR', 'PORTAL_EVENT', {'sim_name': 'fastran_FPP_000001', 'real_sim_name': 'fastran_FPP_000001', 'portal_data': {'code': 'fastran__impurity_radiation', 'eventtype': 'IPS_STAGE_OUTPUTS', 'ok': True, 'walltime': '45.12', 'time': '2026-04-24|12:11:51PDT', 'trace': {'timestamp': 1777057911616195, 'duration': 184, 'localEndpoint': {'serviceName': 'stage_output_files'}, 'name': '[]', 'id': 'ed019efe11be26d9', 'parentId': 'bb6121ebffb698a2', 'tags': {}}, 'state': 'Running', 'comment': 'Elapsed time = 0.000 Path = /pscratch/sd/h/hswils/github_repos/MANTA_DBSCANS/RAD_Ar_coronal/SCAN/simulation_results/2/components/fastran__impurity_radiation_5 Files = []'}})
2026-04-24 12:11:51,627 fastran__impurity_radiation_5 DEBUG    _get_service_response(REQUEST|fastran_FPP_000001@impurity_radiation@5|FRAMEWORK@Framework@0|32)
2026-04-24 12:11:51,637 fastran__impurity_radiation_5 DEBUG    _get_service_response(REQUEST|fastran_FPP_000001@impurity_radiation@5|FRAMEWORK@Framework@0|32), response = ServiceResponseMessage(sender_id=FRAMEWORK@Framework@0, receiver_id=fastran_FPP_000001@impurity_radiation@5, request_msg_id=REQUEST|fastran_FPP_000001@impurity_radiation@5|FRAMEWORK@Framework@0|32,status=0, args=(None,), message_id=RESPONSE|FRAMEWORK@Framework@0|fastran_FPP_000001@impurity_radiation@5|368)
2026-04-24 12:11:51,648 fastran_driver_fastran_driver_2 DEBUG    _get_service_response(REQUEST|fastran_FPP_000001@fastran_driver@2|FRAMEWORK@Framework@0|142), response = ServiceResponseMessage(sender_id=FRAMEWORK@Framework@0, receiver_id=fastran_FPP_000001@fastran_driver@2, request_msg_id=REQUEST|fastran_FPP_000001@fastran_driver@2|FRAMEWORK@Framework@0|142,status=0, args=((None,),), message_id=RESPONSE|FRAMEWORK@Framework@0|fastran_FPP_000001@fastran_driver@2|369)
2026-04-24 12:11:51,648 fastran_driver_fastran_driver_2 DEBUG    _invoke_service(): getTopic  ('_IPS_MONITOR',)
2026-04-24 12:11:51,649 fastran_driver_fastran_driver_2 DEBUG    _get_service_response(REQUEST|fastran_FPP_000001@fastran_driver@2|FRAMEWORK@Framework@0|143)
2026-04-24 12:11:51,659 fastran_driver_fastran_driver_2 DEBUG    _get_service_response(REQUEST|fastran_FPP_000001@fastran_driver@2|FRAMEWORK@Framework@0|143), response = ServiceResponseMessage(sender_id=FRAMEWORK@Framework@0, receiver_id=fastran_FPP_000001@fastran_driver@2, request_msg_id=REQUEST|fastran_FPP_000001@fastran_driver@2|FRAMEWORK@Framework@0|143,status=0, args=(<ipsframework.cca_es_spec.Topic object at 0x7fbffd5c6610>,), message_id=RESPONSE|FRAMEWORK@Framework@0|fastran_FPP_000001@fastran_driver@2|370)
2026-04-24 12:11:51,659 fastran_driver_fastran_driver_2 DEBUG    _invoke_service(): sendEvent  ('_IPS_MONITOR', 'PORTAL_EVENT', {'sim_name': 'fastran_FPP_000001', 'real_sim_name': 'fastran_FPP_000001', 'portal_data': {'code': 'fastran_driver_fastran_driver', 'eventtype': 'IPS_CALL_END', 'ok': True, 'walltime': '45.15', 'time': '2026-04-24|12:11:51PDT', 'trace': {'timestamp': 1777057911320506, 'duration': 328318, 'localEndpoint': {'serviceName': 'fastran_FPP_000001@impurity_radiation@5'}, 'name': 'step(2)', 'id': 'bb6121ebffb698a2', 'parentId': 'f899e3e5886669ce', 'tags': {}}, 'state': 'Running', 'comment': 'Target = fastran_FPP_000001@impurity_radiation@5:step(2)'}})
2026-04-24 12:11:51,660 fastran_driver_fastran_driver_2 DEBUG    _get_service_response(REQUEST|fastran_FPP_000001@fastran_driver@2|FRAMEWORK@Framework@0|144)
2026-04-24 12:11:51,670 fastran_driver_fastran_driver_2 DEBUG    _get_service_response(REQUEST|fastran_FPP_000001@fastran_driver@2|FRAMEWORK@Framework@0|144), response = ServiceResponseMessage(sender_id=FRAMEWORK@Framework@0, receiver_id=fastran_FPP_000001@fastran_driver@2, request_msg_id=REQUEST|fastran_FPP_000001@fastran_driver@2|FRAMEWORK@Framework@0|144,status=0, args=(None,), message_id=RESPONSE|FRAMEWORK@Framework@0|fastran_FPP_000001@fastran_driver@2|371)
2026-04-24 12:11:51,671 fastran_driver_fastran_driver_2 DEBUG    _invoke_service(): getTopic  ('_IPS_MONITOR',)
2026-04-24 12:11:51,671 fastran_driver_fastran_driver_2 DEBUG    _get_service_response(REQUEST|fastran_FPP_000001@fastran_driver@2|FRAMEWORK@Framework@0|145)
2026-04-24 12:11:51,681 fastran_driver_fastran_driver_2 DEBUG    _get_service_response(REQUEST|fastran_FPP_000001@fastran_driver@2|FRAMEWORK@Framework@0|145), response = ServiceResponseMessage(sender_id=FRAMEWORK@Framework@0, receiver_id=fastran_FPP_000001@fastran_driver@2, request_msg_id=REQUEST|fastran_FPP_000001@fastran_driver@2|FRAMEWORK@Framework@0|145,status=0, args=(<ipsframework.cca_es_spec.Topic object at 0x7fbffd5c6df0>,), message_id=RESPONSE|FRAMEWORK@Framework@0|fastran_FPP_000001@fastran_driver@2|372)
2026-04-24 12:11:51,682 fastran_driver_fastran_driver_2 DEBUG    _invoke_service(): sendEvent  ('_IPS_MONITOR', 'PORTAL_EVENT', {'sim_name': 'fastran_FPP_000001', 'real_sim_name': 'fastran_FPP_000001', 'portal_data': {'code': 'fastran_driver_fastran_driver', 'eventtype': 'IPS_CALL_BEGIN', 'ok': True, 'walltime': '45.17', 'time': '2026-04-24|12:11:51PDT', 'state': 'Running', 'comment': 'Target = fastran_FPP_000001@hcd_model@6:step(2)'}})
2026-04-24 12:11:51,682 fastran_driver_fastran_driver_2 DEBUG    _get_service_response(REQUEST|fastran_FPP_000001@fastran_driver@2|FRAMEWORK@Framework@0|146)
2026-04-24 12:11:51,692 fastran_driver_fastran_driver_2 DEBUG    _get_service_response(REQUEST|fastran_FPP_000001@fastran_driver@2|FRAMEWORK@Framework@0|146), response = ServiceResponseMessage(sender_id=FRAMEWORK@Framework@0, receiver_id=fastran_FPP_000001@fastran_driver@2, request_msg_id=REQUEST|fastran_FPP_000001@fastran_driver@2|FRAMEWORK@Framework@0|146,status=0, args=(None,), message_id=RESPONSE|FRAMEWORK@Framework@0|fastran_FPP_000001@fastran_driver@2|373)
2026-04-24 12:11:51,693 fastran_driver_fastran_driver_2 DEBUG    _invoke_service(): init_call  ('step', 2)
2026-04-24 12:11:51,693 fastran_driver_fastran_driver_2 DEBUG    _get_service_response(REQUEST|fastran_FPP_000001@fastran_driver@2|FRAMEWORK@Framework@0|147)
2026-04-24 12:11:51,693 fastran_ic_hcd_model_6 DEBUG    Received Message 
2026-04-24 12:11:51,693 fastran_ic_hcd_model_6 DEBUG    Calling method step(2)
2026-04-24 12:11:51,694 fastran_ic_hcd_model_6 DEBUG    _invoke_service(): stage_state  (['s000001.00001', 'g000001.00001', 'i000001.00001'], '/pscratch/sd/h/hswils/github_repos/MANTA_DBSCANS/RAD_Ar_coronal/SCAN/work/plasma_state', '/pscratch/sd/h/hswils/github_repos/MANTA_DBSCANS/RAD_Ar_coronal/SCAN/work/fastran_ic_hcd_model_6')
2026-04-24 12:11:51,694 fastran_ic_hcd_model_6 DEBUG    _get_service_response(REQUEST|fastran_FPP_000001@hcd_model@6|FRAMEWORK@Framework@0|20)
2026-04-24 12:11:51,703 fastran_driver_fastran_driver_2 DEBUG    _get_service_response(REQUEST|fastran_FPP_000001@fastran_driver@2|FRAMEWORK@Framework@0|147), response = ServiceResponseMessage(sender_id=FRAMEWORK@Framework@0, receiver_id=fastran_FPP_000001@fastran_driver@2, request_msg_id=REQUEST|fastran_FPP_000001@fastran_driver@2|FRAMEWORK@Framework@0|147,status=0, args=(28,), message_id=RESPONSE|FRAMEWORK@Framework@0|fastran_FPP_000001@fastran_driver@2|374)
2026-04-24 12:11:51,704 fastran_driver_fastran_driver_2 DEBUG    _invoke_service(): wait_call  (28, True)
2026-04-24 12:11:51,704 fastran_driver_fastran_driver_2 DEBUG    _get_service_response(REQUEST|fastran_FPP_000001@fastran_driver@2|FRAMEWORK@Framework@0|148)
2026-04-24 12:11:51,715 fastran_ic_hcd_model_6 DEBUG    _get_service_response(REQUEST|fastran_FPP_000001@hcd_model@6|FRAMEWORK@Framework@0|20), response = ServiceResponseMessage(sender_id=FRAMEWORK@Framework@0, receiver_id=fastran_FPP_000001@hcd_model@6, request_msg_id=REQUEST|fastran_FPP_000001@hcd_model@6|FRAMEWORK@Framework@0|20,status=0, args=(0,), message_id=RESPONSE|FRAMEWORK@Framework@0|fastran_FPP_000001@hcd_model@6|375)
2026-04-24 12:11:51,715 fastran_ic_hcd_model_6 DEBUG    _invoke_service(): getTopic  ('_IPS_MONITOR',)
2026-04-24 12:11:51,716 fastran_ic_hcd_model_6 DEBUG    _get_service_response(REQUEST|fastran_FPP_000001@hcd_model@6|FRAMEWORK@Framework@0|21)
2026-04-24 12:11:51,726 fastran_ic_hcd_model_6 DEBUG    _get_service_response(REQUEST|fastran_FPP_000001@hcd_model@6|FRAMEWORK@Framework@0|21), response = ServiceResponseMessage(sender_id=FRAMEWORK@Framework@0, receiver_id=fastran_FPP_000001@hcd_model@6, request_msg_id=REQUEST|fastran_FPP_000001@hcd_model@6|FRAMEWORK@Framework@0|21,status=0, args=(<ipsframework.cca_es_spec.Topic object at 0x7fbffd41f8e0>,), message_id=RESPONSE|FRAMEWORK@Framework@0|fastran_FPP_000001@hcd_model@6|376)
2026-04-24 12:11:51,726 fastran_ic_hcd_model_6 DEBUG    _invoke_service(): sendEvent  ('_IPS_MONITOR', 'PORTAL_EVENT', {'sim_name': 'fastran_FPP_000001', 'real_sim_name': 'fastran_FPP_000001', 'portal_data': {'code': 'fastran_ic_hcd_model', 'eventtype': 'IPS_STAGE_STATE', 'ok': True, 'walltime': '45.22', 'time': '2026-04-24|12:11:51PDT', 'trace': {'timestamp': 1777057911694003, 'duration': 21886, 'localEndpoint': {'serviceName': 'stage_state'}, 'name': "['s000001.00001', 'g000001.00001', 'i000001.00001']", 'id': '71885aecf25d7412', 'parentId': '8e181ef39668412d', 'tags': {}}, 'state': 'Running', 'comment': 'Elapsed time = 0.022  files = s000001.00001 g000001.00001 i000001.00001 Success'}})
2026-04-24 12:11:51,726 fastran_ic_hcd_model_6 DEBUG    _get_service_response(REQUEST|fastran_FPP_000001@hcd_model@6|FRAMEWORK@Framework@0|22)
2026-04-24 12:11:51,737 fastran_ic_hcd_model_6 DEBUG    _get_service_response(REQUEST|fastran_FPP_000001@hcd_model@6|FRAMEWORK@Framework@0|22), response = ServiceResponseMessage(sender_id=FRAMEWORK@Framework@0, receiver_id=fastran_FPP_000001@hcd_model@6, request_msg_id=REQUEST|fastran_FPP_000001@hcd_model@6|FRAMEWORK@Framework@0|22,status=0, args=(None,), message_id=RESPONSE|FRAMEWORK@Framework@0|fastran_FPP_000001@hcd_model@6|377)
2026-04-24 12:11:51,742 fastran_ic_hcd_model_6 DEBUG    _invoke_service(): getTopic  ('_IPS_MONITOR',)
2026-04-24 12:11:51,742 fastran_ic_hcd_model_6 DEBUG    _get_service_response(REQUEST|fastran_FPP_000001@hcd_model@6|FRAMEWORK@Framework@0|23)
2026-04-24 12:11:51,752 fastran_ic_hcd_model_6 DEBUG    _get_service_response(REQUEST|fastran_FPP_000001@hcd_model@6|FRAMEWORK@Framework@0|23), response = ServiceResponseMessage(sender_id=FRAMEWORK@Framework@0, receiver_id=fastran_FPP_000001@hcd_model@6, request_msg_id=REQUEST|fastran_FPP_000001@hcd_model@6|FRAMEWORK@Framework@0|23,status=0, args=(<ipsframework.cca_es_spec.Topic object at 0x7fbffd4295e0>,), message_id=RESPONSE|FRAMEWORK@Framework@0|fastran_FPP_000001@hcd_model@6|378)
2026-04-24 12:11:51,752 fastran_ic_hcd_model_6 DEBUG    _invoke_service(): sendEvent  ('_IPS_MONITOR', 'PORTAL_EVENT', {'sim_name': 'fastran_FPP_000001', 'real_sim_name': 'fastran_FPP_000001', 'portal_data': {'code': 'fastran_ic_hcd_model', 'eventtype': 'IPS_STAGE_INPUTS', 'ok': True, 'walltime': '45.24', 'time': '2026-04-24|12:11:51PDT', 'trace': {'timestamp': 1777057911737571, 'duration': 4446, 'localEndpoint': {'serviceName': 'stage_input_files'}, 'name': 'inhcd', 'id': '5ee53c28a9607896', 'parentId': '8e181ef39668412d', 'tags': {}}, 'state': 'Running', 'comment': 'Elapsed time = 0.004 Path = /pscratch/sd/h/hswils/github_repos/MANTA_DBSCANS/RAD_Ar_coronal/input Files = inhcd'}})
2026-04-24 12:11:51,752 fastran_ic_hcd_model_6 DEBUG    _get_service_response(REQUEST|fastran_FPP_000001@hcd_model@6|FRAMEWORK@Framework@0|24)
2026-04-24 12:11:51,763 fastran_ic_hcd_model_6 DEBUG    _get_service_response(REQUEST|fastran_FPP_000001@hcd_model@6|FRAMEWORK@Framework@0|24), response = ServiceResponseMessage(sender_id=FRAMEWORK@Framework@0, receiver_id=fastran_FPP_000001@hcd_model@6, request_msg_id=REQUEST|fastran_FPP_000001@hcd_model@6|FRAMEWORK@Framework@0|24,status=0, args=(None,), message_id=RESPONSE|FRAMEWORK@Framework@0|fastran_FPP_000001@hcd_model@6|379)
2026-04-24 12:11:51,886 fastran_ic_hcd_model_6 DEBUG    _invoke_service(): update_state  (['s000001.00001', 'g000001.00001', 'i000001.00001'], '/pscratch/sd/h/hswils/github_repos/MANTA_DBSCANS/RAD_Ar_coronal/SCAN/work/fastran_ic_hcd_model_6', '/pscratch/sd/h/hswils/github_repos/MANTA_DBSCANS/RAD_Ar_coronal/SCAN/work/plasma_state')
2026-04-24 12:11:51,886 fastran_ic_hcd_model_6 DEBUG    _get_service_response(REQUEST|fastran_FPP_000001@hcd_model@6|FRAMEWORK@Framework@0|25)
2026-04-24 12:11:51,908 fastran_ic_hcd_model_6 DEBUG    _get_service_response(REQUEST|fastran_FPP_000001@hcd_model@6|FRAMEWORK@Framework@0|25), response = ServiceResponseMessage(sender_id=FRAMEWORK@Framework@0, receiver_id=fastran_FPP_000001@hcd_model@6, request_msg_id=REQUEST|fastran_FPP_000001@hcd_model@6|FRAMEWORK@Framework@0|25,status=0, args=(0,), message_id=RESPONSE|FRAMEWORK@Framework@0|fastran_FPP_000001@hcd_model@6|381)
2026-04-24 12:11:51,908 fastran_ic_hcd_model_6 DEBUG    _invoke_service(): getTopic  ('_IPS_MONITOR',)
2026-04-24 12:11:51,908 fastran_ic_hcd_model_6 DEBUG    _get_service_response(REQUEST|fastran_FPP_000001@hcd_model@6|FRAMEWORK@Framework@0|26)
2026-04-24 12:11:51,918 fastran_ic_hcd_model_6 DEBUG    _get_service_response(REQUEST|fastran_FPP_000001@hcd_model@6|FRAMEWORK@Framework@0|26), response = ServiceResponseMessage(sender_id=FRAMEWORK@Framework@0, receiver_id=fastran_FPP_000001@hcd_model@6, request_msg_id=REQUEST|fastran_FPP_000001@hcd_model@6|FRAMEWORK@Framework@0|26,status=0, args=(<ipsframework.cca_es_spec.Topic object at 0x7fbffd4292e0>,), message_id=RESPONSE|FRAMEWORK@Framework@0|fastran_FPP_000001@hcd_model@6|382)
2026-04-24 12:11:51,918 fastran_ic_hcd_model_6 DEBUG    _invoke_service(): sendEvent  ('_IPS_MONITOR', 'PORTAL_EVENT', {'sim_name': 'fastran_FPP_000001', 'real_sim_name': 'fastran_FPP_000001', 'portal_data': {'code': 'fastran_ic_hcd_model', 'eventtype': 'IPS_UPDATE_STATE', 'ok': True, 'walltime': '45.41', 'time': '2026-04-24|12:11:51PDT', 'trace': {'timestamp': 1777057911886298, 'duration': 21762, 'localEndpoint': {'serviceName': 'update_state'}, 'name': "['s000001.00001', 'g000001.00001', 'i000001.00001']", 'id': '7629e189a66153c0', 'parentId': '8e181ef39668412d', 'tags': {}}, 'state': 'Running', 'comment': 'Elapsed time = 0.022   files = s000001.00001 g000001.00001 i000001.00001 Success'}})
2026-04-24 12:11:51,918 fastran_ic_hcd_model_6 DEBUG    _get_service_response(REQUEST|fastran_FPP_000001@hcd_model@6|FRAMEWORK@Framework@0|27)
2026-04-24 12:11:51,929 fastran_ic_hcd_model_6 DEBUG    _get_service_response(REQUEST|fastran_FPP_000001@hcd_model@6|FRAMEWORK@Framework@0|27), response = ServiceResponseMessage(sender_id=FRAMEWORK@Framework@0, receiver_id=fastran_FPP_000001@hcd_model@6, request_msg_id=REQUEST|fastran_FPP_000001@hcd_model@6|FRAMEWORK@Framework@0|27,status=0, args=(None,), message_id=RESPONSE|FRAMEWORK@Framework@0|fastran_FPP_000001@hcd_model@6|383)
2026-04-24 12:11:51,929 fastran_ic_hcd_model_6 DEBUG    _invoke_service(): getTopic  ('_IPS_MONITOR',)
2026-04-24 12:11:51,930 fastran_ic_hcd_model_6 DEBUG    _get_service_response(REQUEST|fastran_FPP_000001@hcd_model@6|FRAMEWORK@Framework@0|28)
2026-04-24 12:11:51,940 fastran_ic_hcd_model_6 DEBUG    _get_service_response(REQUEST|fastran_FPP_000001@hcd_model@6|FRAMEWORK@Framework@0|28), response = ServiceResponseMessage(sender_id=FRAMEWORK@Framework@0, receiver_id=fastran_FPP_000001@hcd_model@6, request_msg_id=REQUEST|fastran_FPP_000001@hcd_model@6|FRAMEWORK@Framework@0|28,status=0, args=(<ipsframework.cca_es_spec.Topic object at 0x7fbffd429910>,), message_id=RESPONSE|FRAMEWORK@Framework@0|fastran_FPP_000001@hcd_model@6|384)
2026-04-24 12:11:51,940 fastran_ic_hcd_model_6 DEBUG    _invoke_service(): sendEvent  ('_IPS_MONITOR', 'PORTAL_EVENT', {'sim_name': 'fastran_FPP_000001', 'real_sim_name': 'fastran_FPP_000001', 'portal_data': {'code': 'fastran_ic_hcd_model', 'eventtype': 'IPS_STAGE_OUTPUTS', 'ok': True, 'walltime': '45.43', 'time': '2026-04-24|12:11:51PDT', 'trace': {'timestamp': 1777057911929664, 'duration': 226, 'localEndpoint': {'serviceName': 'stage_output_files'}, 'name': '[]', 'id': 'ed019efe11be26d9', 'parentId': '8e181ef39668412d', 'tags': {}}, 'state': 'Running', 'comment': 'Elapsed time = 0.000 Path = /pscratch/sd/h/hswils/github_repos/MANTA_DBSCANS/RAD_Ar_coronal/SCAN/simulation_results/2/components/fastran_ic_hcd_model_6 Files = []'}})
2026-04-24 12:11:51,940 fastran_ic_hcd_model_6 DEBUG    _get_service_response(REQUEST|fastran_FPP_000001@hcd_model@6|FRAMEWORK@Framework@0|29)
2026-04-24 12:11:51,951 fastran_ic_hcd_model_6 DEBUG    _get_service_response(REQUEST|fastran_FPP_000001@hcd_model@6|FRAMEWORK@Framework@0|29), response = ServiceResponseMessage(sender_id=FRAMEWORK@Framework@0, receiver_id=fastran_FPP_000001@hcd_model@6, request_msg_id=REQUEST|fastran_FPP_000001@hcd_model@6|FRAMEWORK@Framework@0|29,status=0, args=(None,), message_id=RESPONSE|FRAMEWORK@Framework@0|fastran_FPP_000001@hcd_model@6|385)
2026-04-24 12:11:51,962 fastran_driver_fastran_driver_2 DEBUG    _get_service_response(REQUEST|fastran_FPP_000001@fastran_driver@2|FRAMEWORK@Framework@0|148), response = ServiceResponseMessage(sender_id=FRAMEWORK@Framework@0, receiver_id=fastran_FPP_000001@fastran_driver@2, request_msg_id=REQUEST|fastran_FPP_000001@fastran_driver@2|FRAMEWORK@Framework@0|148,status=0, args=((None,),), message_id=RESPONSE|FRAMEWORK@Framework@0|fastran_FPP_000001@fastran_driver@2|386)
2026-04-24 12:11:51,962 fastran_driver_fastran_driver_2 DEBUG    _invoke_service(): getTopic  ('_IPS_MONITOR',)
2026-04-24 12:11:51,962 fastran_driver_fastran_driver_2 DEBUG    _get_service_response(REQUEST|fastran_FPP_000001@fastran_driver@2|FRAMEWORK@Framework@0|149)
2026-04-24 12:11:51,973 fastran_driver_fastran_driver_2 DEBUG    _get_service_response(REQUEST|fastran_FPP_000001@fastran_driver@2|FRAMEWORK@Framework@0|149), response = ServiceResponseMessage(sender_id=FRAMEWORK@Framework@0, receiver_id=fastran_FPP_000001@fastran_driver@2, request_msg_id=REQUEST|fastran_FPP_000001@fastran_driver@2|FRAMEWORK@Framework@0|149,status=0, args=(<ipsframework.cca_es_spec.Topic object at 0x7fbffd5c6dc0>,), message_id=RESPONSE|FRAMEWORK@Framework@0|fastran_FPP_000001@fastran_driver@2|387)
2026-04-24 12:11:51,973 fastran_driver_fastran_driver_2 DEBUG    _invoke_service(): sendEvent  ('_IPS_MONITOR', 'PORTAL_EVENT', {'sim_name': 'fastran_FPP_000001', 'real_sim_name': 'fastran_FPP_000001', 'portal_data': {'code': 'fastran_driver_fastran_driver', 'eventtype': 'IPS_CALL_END', 'ok': True, 'walltime': '45.47', 'time': '2026-04-24|12:11:51PDT', 'trace': {'timestamp': 1777057911703997, 'duration': 258449, 'localEndpoint': {'serviceName': 'fastran_FPP_000001@hcd_model@6'}, 'name': 'step(2)', 'id': '8e181ef39668412d', 'parentId': 'f899e3e5886669ce', 'tags': {}}, 'state': 'Running', 'comment': 'Target = fastran_FPP_000001@hcd_model@6:step(2)'}})
2026-04-24 12:11:51,973 fastran_driver_fastran_driver_2 DEBUG    _get_service_response(REQUEST|fastran_FPP_000001@fastran_driver@2|FRAMEWORK@Framework@0|150)
2026-04-24 12:11:51,984 fastran_driver_fastran_driver_2 DEBUG    _get_service_response(REQUEST|fastran_FPP_000001@fastran_driver@2|FRAMEWORK@Framework@0|150), response = ServiceResponseMessage(sender_id=FRAMEWORK@Framework@0, receiver_id=fastran_FPP_000001@fastran_driver@2, request_msg_id=REQUEST|fastran_FPP_000001@fastran_driver@2|FRAMEWORK@Framework@0|150,status=0, args=(None,), message_id=RESPONSE|FRAMEWORK@Framework@0|fastran_FPP_000001@fastran_driver@2|388)
2026-04-24 12:11:51,984 fastran_driver_fastran_driver_2 DEBUG    _invoke_service(): getTopic  ('_IPS_MONITOR',)
2026-04-24 12:11:51,984 fastran_driver_fastran_driver_2 DEBUG    _get_service_response(REQUEST|fastran_FPP_000001@fastran_driver@2|FRAMEWORK@Framework@0|151)
2026-04-24 12:11:51,995 fastran_driver_fastran_driver_2 DEBUG    _get_service_response(REQUEST|fastran_FPP_000001@fastran_driver@2|FRAMEWORK@Framework@0|151), response = ServiceResponseMessage(sender_id=FRAMEWORK@Framework@0, receiver_id=fastran_FPP_000001@fastran_driver@2, request_msg_id=REQUEST|fastran_FPP_000001@fastran_driver@2|FRAMEWORK@Framework@0|151,status=0, args=(<ipsframework.cca_es_spec.Topic object at 0x7fbffd5c6e50>,), message_id=RESPONSE|FRAMEWORK@Framework@0|fastran_FPP_000001@fastran_driver@2|389)
2026-04-24 12:11:51,995 fastran_driver_fastran_driver_2 DEBUG    _invoke_service(): sendEvent  ('_IPS_MONITOR', 'PORTAL_EVENT', {'sim_name': 'fastran_FPP_000001', 'real_sim_name': 'fastran_FPP_000001', 'portal_data': {'code': 'fastran_driver_fastran_driver', 'eventtype': 'IPS_CALL_BEGIN', 'ok': True, 'walltime': '45.49', 'time': '2026-04-24|12:11:51PDT', 'state': 'Running', 'comment': 'Target = fastran_FPP_000001@efit@7:step(2)'}})
2026-04-24 12:11:51,995 fastran_driver_fastran_driver_2 DEBUG    _get_service_response(REQUEST|fastran_FPP_000001@fastran_driver@2|FRAMEWORK@Framework@0|152)
2026-04-24 12:11:52,006 fastran_driver_fastran_driver_2 DEBUG    _get_service_response(REQUEST|fastran_FPP_000001@fastran_driver@2|FRAMEWORK@Framework@0|152), response = ServiceResponseMessage(sender_id=FRAMEWORK@Framework@0, receiver_id=fastran_FPP_000001@fastran_driver@2, request_msg_id=REQUEST|fastran_FPP_000001@fastran_driver@2|FRAMEWORK@Framework@0|152,status=0, args=(None,), message_id=RESPONSE|FRAMEWORK@Framework@0|fastran_FPP_000001@fastran_driver@2|390)
2026-04-24 12:11:52,006 fastran_driver_fastran_driver_2 DEBUG    _invoke_service(): init_call  ('step', 2)
2026-04-24 12:11:52,006 fastran_driver_fastran_driver_2 DEBUG    _get_service_response(REQUEST|fastran_FPP_000001@fastran_driver@2|FRAMEWORK@Framework@0|153)
2026-04-24 12:11:52,007 fastran_eq_efit_7 DEBUG    Received Message 
2026-04-24 12:11:52,007 fastran_eq_efit_7 DEBUG    Calling method step(2)
2026-04-24 12:11:52,007 fastran_eq_efit_7 DEBUG    _invoke_service(): stage_state  (['s000001.00001', 'g000001.00001', 'i000001.00001'], '/pscratch/sd/h/hswils/github_repos/MANTA_DBSCANS/RAD_Ar_coronal/SCAN/work/plasma_state', '/pscratch/sd/h/hswils/github_repos/MANTA_DBSCANS/RAD_Ar_coronal/SCAN/work/fastran_eq_efit_7')
2026-04-24 12:11:52,007 fastran_eq_efit_7 DEBUG    _get_service_response(REQUEST|fastran_FPP_000001@efit@7|FRAMEWORK@Framework@0|16)
2026-04-24 12:11:52,017 fastran_driver_fastran_driver_2 DEBUG    _get_service_response(REQUEST|fastran_FPP_000001@fastran_driver@2|FRAMEWORK@Framework@0|153), response = ServiceResponseMessage(sender_id=FRAMEWORK@Framework@0, receiver_id=fastran_FPP_000001@fastran_driver@2, request_msg_id=REQUEST|fastran_FPP_000001@fastran_driver@2|FRAMEWORK@Framework@0|153,status=0, args=(29,), message_id=RESPONSE|FRAMEWORK@Framework@0|fastran_FPP_000001@fastran_driver@2|391)
2026-04-24 12:11:52,017 fastran_driver_fastran_driver_2 DEBUG    _invoke_service(): wait_call  (29, True)
2026-04-24 12:11:52,017 fastran_driver_fastran_driver_2 DEBUG    _get_service_response(REQUEST|fastran_FPP_000001@fastran_driver@2|FRAMEWORK@Framework@0|154)
2026-04-24 12:11:52,029 fastran_eq_efit_7 DEBUG    _get_service_response(REQUEST|fastran_FPP_000001@efit@7|FRAMEWORK@Framework@0|16), response = ServiceResponseMessage(sender_id=FRAMEWORK@Framework@0, receiver_id=fastran_FPP_000001@efit@7, request_msg_id=REQUEST|fastran_FPP_000001@efit@7|FRAMEWORK@Framework@0|16,status=0, args=(0,), message_id=RESPONSE|FRAMEWORK@Framework@0|fastran_FPP_000001@efit@7|392)
2026-04-24 12:11:52,029 fastran_eq_efit_7 DEBUG    _invoke_service(): getTopic  ('_IPS_MONITOR',)
2026-04-24 12:11:52,029 fastran_eq_efit_7 DEBUG    _get_service_response(REQUEST|fastran_FPP_000001@efit@7|FRAMEWORK@Framework@0|17)
2026-04-24 12:11:52,040 fastran_eq_efit_7 DEBUG    _get_service_response(REQUEST|fastran_FPP_000001@efit@7|FRAMEWORK@Framework@0|17), response = ServiceResponseMessage(sender_id=FRAMEWORK@Framework@0, receiver_id=fastran_FPP_000001@efit@7, request_msg_id=REQUEST|fastran_FPP_000001@efit@7|FRAMEWORK@Framework@0|17,status=0, args=(<ipsframework.cca_es_spec.Topic object at 0x7fbffd423a60>,), message_id=RESPONSE|FRAMEWORK@Framework@0|fastran_FPP_000001@efit@7|393)
2026-04-24 12:11:52,040 fastran_eq_efit_7 DEBUG    _invoke_service(): sendEvent  ('_IPS_MONITOR', 'PORTAL_EVENT', {'sim_name': 'fastran_FPP_000001', 'real_sim_name': 'fastran_FPP_000001', 'portal_data': {'code': 'fastran_eq_efit', 'eventtype': 'IPS_STAGE_STATE', 'ok': True, 'walltime': '45.53', 'time': '2026-04-24|12:11:52PDT', 'trace': {'timestamp': 1777057912007634, 'duration': 21769, 'localEndpoint': {'serviceName': 'stage_state'}, 'name': "['s000001.00001', 'g000001.00001', 'i000001.00001']", 'id': '71885aecf25d7412', 'parentId': '75686f9034225e05', 'tags': {}}, 'state': 'Running', 'comment': 'Elapsed time = 0.022  files = s000001.00001 g000001.00001 i000001.00001 Success'}})
2026-04-24 12:11:52,040 fastran_eq_efit_7 DEBUG    _get_service_response(REQUEST|fastran_FPP_000001@efit@7|FRAMEWORK@Framework@0|18)
2026-04-24 12:11:52,050 fastran_eq_efit_7 DEBUG    _get_service_response(REQUEST|fastran_FPP_000001@efit@7|FRAMEWORK@Framework@0|18), response = ServiceResponseMessage(sender_id=FRAMEWORK@Framework@0, receiver_id=fastran_FPP_000001@efit@7, request_msg_id=REQUEST|fastran_FPP_000001@efit@7|FRAMEWORK@Framework@0|18,status=0, args=(None,), message_id=RESPONSE|FRAMEWORK@Framework@0|fastran_FPP_000001@efit@7|394)
2026-04-24 12:11:54,537 fastran_eq_efit_7 DEBUG    _invoke_service(): update_state  (['s000001.00001', 'g000001.00001', 'i000001.00001'], '/pscratch/sd/h/hswils/github_repos/MANTA_DBSCANS/RAD_Ar_coronal/SCAN/work/fastran_eq_efit_7', '/pscratch/sd/h/hswils/github_repos/MANTA_DBSCANS/RAD_Ar_coronal/SCAN/work/plasma_state')
2026-04-24 12:11:54,538 fastran_eq_efit_7 DEBUG    _get_service_response(REQUEST|fastran_FPP_000001@efit@7|FRAMEWORK@Framework@0|19)
2026-04-24 12:11:54,560 fastran_eq_efit_7 DEBUG    _get_service_response(REQUEST|fastran_FPP_000001@efit@7|FRAMEWORK@Framework@0|19), response = ServiceResponseMessage(sender_id=FRAMEWORK@Framework@0, receiver_id=fastran_FPP_000001@efit@7, request_msg_id=REQUEST|fastran_FPP_000001@efit@7|FRAMEWORK@Framework@0|19,status=0, args=(0,), message_id=RESPONSE|FRAMEWORK@Framework@0|fastran_FPP_000001@efit@7|400)
2026-04-24 12:11:54,560 fastran_eq_efit_7 DEBUG    _invoke_service(): getTopic  ('_IPS_MONITOR',)
2026-04-24 12:11:54,560 fastran_eq_efit_7 DEBUG    _get_service_response(REQUEST|fastran_FPP_000001@efit@7|FRAMEWORK@Framework@0|20)
2026-04-24 12:11:54,571 fastran_eq_efit_7 DEBUG    _get_service_response(REQUEST|fastran_FPP_000001@efit@7|FRAMEWORK@Framework@0|20), response = ServiceResponseMessage(sender_id=FRAMEWORK@Framework@0, receiver_id=fastran_FPP_000001@efit@7, request_msg_id=REQUEST|fastran_FPP_000001@efit@7|FRAMEWORK@Framework@0|20,status=0, args=(<ipsframework.cca_es_spec.Topic object at 0x7fbffd43e0a0>,), message_id=RESPONSE|FRAMEWORK@Framework@0|fastran_FPP_000001@efit@7|401)
2026-04-24 12:11:54,571 fastran_eq_efit_7 DEBUG    _invoke_service(): sendEvent  ('_IPS_MONITOR', 'PORTAL_EVENT', {'sim_name': 'fastran_FPP_000001', 'real_sim_name': 'fastran_FPP_000001', 'portal_data': {'code': 'fastran_eq_efit', 'eventtype': 'IPS_UPDATE_STATE', 'ok': True, 'walltime': '48.06', 'time': '2026-04-24|12:11:54PDT', 'trace': {'timestamp': 1777057914537277, 'duration': 23280, 'localEndpoint': {'serviceName': 'update_state'}, 'name': "['s000001.00001', 'g000001.00001', 'i000001.00001']", 'id': '7629e189a66153c0', 'parentId': '75686f9034225e05', 'tags': {}}, 'state': 'Running', 'comment': 'Elapsed time = 0.023   files = s000001.00001 g000001.00001 i000001.00001 Success'}})
2026-04-24 12:11:54,571 fastran_eq_efit_7 DEBUG    _get_service_response(REQUEST|fastran_FPP_000001@efit@7|FRAMEWORK@Framework@0|21)
2026-04-24 12:11:54,582 fastran_eq_efit_7 DEBUG    _get_service_response(REQUEST|fastran_FPP_000001@efit@7|FRAMEWORK@Framework@0|21), response = ServiceResponseMessage(sender_id=FRAMEWORK@Framework@0, receiver_id=fastran_FPP_000001@efit@7, request_msg_id=REQUEST|fastran_FPP_000001@efit@7|FRAMEWORK@Framework@0|21,status=0, args=(None,), message_id=RESPONSE|FRAMEWORK@Framework@0|fastran_FPP_000001@efit@7|402)
2026-04-24 12:11:54,607 fastran_eq_efit_7 DEBUG    _invoke_service(): getTopic  ('_IPS_MONITOR',)
2026-04-24 12:11:54,607 fastran_eq_efit_7 DEBUG    _get_service_response(REQUEST|fastran_FPP_000001@efit@7|FRAMEWORK@Framework@0|22)
2026-04-24 12:11:54,618 fastran_eq_efit_7 DEBUG    _get_service_response(REQUEST|fastran_FPP_000001@efit@7|FRAMEWORK@Framework@0|22), response = ServiceResponseMessage(sender_id=FRAMEWORK@Framework@0, receiver_id=fastran_FPP_000001@efit@7, request_msg_id=REQUEST|fastran_FPP_000001@efit@7|FRAMEWORK@Framework@0|22,status=0, args=(<ipsframework.cca_es_spec.Topic object at 0x7fbffd43e100>,), message_id=RESPONSE|FRAMEWORK@Framework@0|fastran_FPP_000001@efit@7|403)
2026-04-24 12:11:54,618 fastran_eq_efit_7 DEBUG    _invoke_service(): sendEvent  ('_IPS_MONITOR', 'PORTAL_EVENT', {'sim_name': 'fastran_FPP_000001', 'real_sim_name': 'fastran_FPP_000001', 'portal_data': {'code': 'fastran_eq_efit', 'eventtype': 'IPS_STAGE_OUTPUTS', 'ok': True, 'walltime': '48.11', 'time': '2026-04-24|12:11:54PDT', 'trace': {'timestamp': 1777057914582054, 'duration': 25640, 'localEndpoint': {'serviceName': 'stage_output_files'}, 'name': "['g*.*', 'a*.*', 'm*.*', 'k*.*', 'efit.log', 's*.*']", 'id': '80725d8eee5776f1', 'parentId': '75686f9034225e05', 'tags': {}}, 'state': 'Running', 'comment': "Elapsed time = 0.026 Path = /pscratch/sd/h/hswils/github_repos/MANTA_DBSCANS/RAD_Ar_coronal/SCAN/simulation_results/2/components/fastran_eq_efit_7 Files = ['g*.*', 'a*.*', 'm*.*', 'k*.*', 'efit.log', 's*.*']"}})
2026-04-24 12:11:54,618 fastran_eq_efit_7 DEBUG    _get_service_response(REQUEST|fastran_FPP_000001@efit@7|FRAMEWORK@Framework@0|23)
2026-04-24 12:11:54,628 fastran_eq_efit_7 DEBUG    _get_service_response(REQUEST|fastran_FPP_000001@efit@7|FRAMEWORK@Framework@0|23), response = ServiceResponseMessage(sender_id=FRAMEWORK@Framework@0, receiver_id=fastran_FPP_000001@efit@7, request_msg_id=REQUEST|fastran_FPP_000001@efit@7|FRAMEWORK@Framework@0|23,status=0, args=(None,), message_id=RESPONSE|FRAMEWORK@Framework@0|fastran_FPP_000001@efit@7|404)
2026-04-24 12:11:54,640 fastran_driver_fastran_driver_2 DEBUG    _get_service_response(REQUEST|fastran_FPP_000001@fastran_driver@2|FRAMEWORK@Framework@0|154), response = ServiceResponseMessage(sender_id=FRAMEWORK@Framework@0, receiver_id=fastran_FPP_000001@fastran_driver@2, request_msg_id=REQUEST|fastran_FPP_000001@fastran_driver@2|FRAMEWORK@Framework@0|154,status=0, args=((None,),), message_id=RESPONSE|FRAMEWORK@Framework@0|fastran_FPP_000001@fastran_driver@2|405)
2026-04-24 12:11:54,640 fastran_driver_fastran_driver_2 DEBUG    _invoke_service(): getTopic  ('_IPS_MONITOR',)
2026-04-24 12:11:54,640 fastran_driver_fastran_driver_2 DEBUG    _get_service_response(REQUEST|fastran_FPP_000001@fastran_driver@2|FRAMEWORK@Framework@0|155)
2026-04-24 12:11:54,651 fastran_driver_fastran_driver_2 DEBUG    _get_service_response(REQUEST|fastran_FPP_000001@fastran_driver@2|FRAMEWORK@Framework@0|155), response = ServiceResponseMessage(sender_id=FRAMEWORK@Framework@0, receiver_id=fastran_FPP_000001@fastran_driver@2, request_msg_id=REQUEST|fastran_FPP_000001@fastran_driver@2|FRAMEWORK@Framework@0|155,status=0, args=(<ipsframework.cca_es_spec.Topic object at 0x7fbffd5c6a60>,), message_id=RESPONSE|FRAMEWORK@Framework@0|fastran_FPP_000001@fastran_driver@2|406)
2026-04-24 12:11:54,651 fastran_driver_fastran_driver_2 DEBUG    _invoke_service(): sendEvent  ('_IPS_MONITOR', 'PORTAL_EVENT', {'sim_name': 'fastran_FPP_000001', 'real_sim_name': 'fastran_FPP_000001', 'portal_data': {'code': 'fastran_driver_fastran_driver', 'eventtype': 'IPS_CALL_END', 'ok': True, 'walltime': '48.14', 'time': '2026-04-24|12:11:54PDT', 'trace': {'timestamp': 1777057912017414, 'duration': 2623327, 'localEndpoint': {'serviceName': 'fastran_FPP_000001@efit@7'}, 'name': 'step(2)', 'id': '75686f9034225e05', 'parentId': 'f899e3e5886669ce', 'tags': {}}, 'state': 'Running', 'comment': 'Target = fastran_FPP_000001@efit@7:step(2)'}})
2026-04-24 12:11:54,651 fastran_driver_fastran_driver_2 DEBUG    _get_service_response(REQUEST|fastran_FPP_000001@fastran_driver@2|FRAMEWORK@Framework@0|156)
2026-04-24 12:11:54,662 fastran_driver_fastran_driver_2 DEBUG    _get_service_response(REQUEST|fastran_FPP_000001@fastran_driver@2|FRAMEWORK@Framework@0|156), response = ServiceResponseMessage(sender_id=FRAMEWORK@Framework@0, receiver_id=fastran_FPP_000001@fastran_driver@2, request_msg_id=REQUEST|fastran_FPP_000001@fastran_driver@2|FRAMEWORK@Framework@0|156,status=0, args=(None,), message_id=RESPONSE|FRAMEWORK@Framework@0|fastran_FPP_000001@fastran_driver@2|407)
2026-04-24 12:11:54,662 fastran_driver_fastran_driver_2 DEBUG    _invoke_service(): getTopic  ('_IPS_MONITOR',)
2026-04-24 12:11:54,663 fastran_driver_fastran_driver_2 DEBUG    _get_service_response(REQUEST|fastran_FPP_000001@fastran_driver@2|FRAMEWORK@Framework@0|157)
2026-04-24 12:11:54,673 fastran_driver_fastran_driver_2 DEBUG    _get_service_response(REQUEST|fastran_FPP_000001@fastran_driver@2|FRAMEWORK@Framework@0|157), response = ServiceResponseMessage(sender_id=FRAMEWORK@Framework@0, receiver_id=fastran_FPP_000001@fastran_driver@2, request_msg_id=REQUEST|fastran_FPP_000001@fastran_driver@2|FRAMEWORK@Framework@0|157,status=0, args=(<ipsframework.cca_es_spec.Topic object at 0x7fbffd5c6e20>,), message_id=RESPONSE|FRAMEWORK@Framework@0|fastran_FPP_000001@fastran_driver@2|408)
2026-04-24 12:11:54,673 fastran_driver_fastran_driver_2 DEBUG    _invoke_service(): sendEvent  ('_IPS_MONITOR', 'PORTAL_EVENT', {'sim_name': 'fastran_FPP_000001', 'real_sim_name': 'fastran_FPP_000001', 'portal_data': {'code': 'fastran_driver_fastran_driver', 'eventtype': 'IPS_CALL_BEGIN', 'ok': True, 'walltime': '48.17', 'time': '2026-04-24|12:11:54PDT', 'state': 'Running', 'comment': 'Target = fastran_FPP_000001@fastran@8:step(2)'}})
2026-04-24 12:11:54,673 fastran_driver_fastran_driver_2 DEBUG    _get_service_response(REQUEST|fastran_FPP_000001@fastran_driver@2|FRAMEWORK@Framework@0|158)
2026-04-24 12:11:54,684 fastran_driver_fastran_driver_2 DEBUG    _get_service_response(REQUEST|fastran_FPP_000001@fastran_driver@2|FRAMEWORK@Framework@0|158), response = ServiceResponseMessage(sender_id=FRAMEWORK@Framework@0, receiver_id=fastran_FPP_000001@fastran_driver@2, request_msg_id=REQUEST|fastran_FPP_000001@fastran_driver@2|FRAMEWORK@Framework@0|158,status=0, args=(None,), message_id=RESPONSE|FRAMEWORK@Framework@0|fastran_FPP_000001@fastran_driver@2|409)
2026-04-24 12:11:54,684 fastran_driver_fastran_driver_2 DEBUG    _invoke_service(): init_call  ('step', 2)
2026-04-24 12:11:54,684 fastran_driver_fastran_driver_2 DEBUG    _get_service_response(REQUEST|fastran_FPP_000001@fastran_driver@2|FRAMEWORK@Framework@0|159)
2026-04-24 12:11:54,685 fastran_tr_fastran_8 DEBUG    Received Message 
2026-04-24 12:11:54,685 fastran_tr_fastran_8 DEBUG    Calling method step(2)
2026-04-24 12:11:54,685 fastran_tr_fastran_8 DEBUG    _invoke_service(): stage_state  (['s000001.00001', 'g000001.00001', 'i000001.00001'], '/pscratch/sd/h/hswils/github_repos/MANTA_DBSCANS/RAD_Ar_coronal/SCAN/work/plasma_state', '/pscratch/sd/h/hswils/github_repos/MANTA_DBSCANS/RAD_Ar_coronal/SCAN/work/fastran_tr_fastran_8')
2026-04-24 12:11:54,685 fastran_tr_fastran_8 DEBUG    _get_service_response(REQUEST|fastran_FPP_000001@fastran@8|FRAMEWORK@Framework@0|32)
2026-04-24 12:11:54,695 fastran_driver_fastran_driver_2 DEBUG    _get_service_response(REQUEST|fastran_FPP_000001@fastran_driver@2|FRAMEWORK@Framework@0|159), response = ServiceResponseMessage(sender_id=FRAMEWORK@Framework@0, receiver_id=fastran_FPP_000001@fastran_driver@2, request_msg_id=REQUEST|fastran_FPP_000001@fastran_driver@2|FRAMEWORK@Framework@0|159,status=0, args=(30,), message_id=RESPONSE|FRAMEWORK@Framework@0|fastran_FPP_000001@fastran_driver@2|410)
2026-04-24 12:11:54,695 fastran_driver_fastran_driver_2 DEBUG    _invoke_service(): wait_call  (30, True)
2026-04-24 12:11:54,695 fastran_driver_fastran_driver_2 DEBUG    _get_service_response(REQUEST|fastran_FPP_000001@fastran_driver@2|FRAMEWORK@Framework@0|160)
2026-04-24 12:11:54,707 fastran_tr_fastran_8 DEBUG    _get_service_response(REQUEST|fastran_FPP_000001@fastran@8|FRAMEWORK@Framework@0|32), response = ServiceResponseMessage(sender_id=FRAMEWORK@Framework@0, receiver_id=fastran_FPP_000001@fastran@8, request_msg_id=REQUEST|fastran_FPP_000001@fastran@8|FRAMEWORK@Framework@0|32,status=0, args=(0,), message_id=RESPONSE|FRAMEWORK@Framework@0|fastran_FPP_000001@fastran@8|411)
2026-04-24 12:11:54,707 fastran_tr_fastran_8 DEBUG    _invoke_service(): getTopic  ('_IPS_MONITOR',)
2026-04-24 12:11:54,707 fastran_tr_fastran_8 DEBUG    _get_service_response(REQUEST|fastran_FPP_000001@fastran@8|FRAMEWORK@Framework@0|33)
2026-04-24 12:11:54,718 fastran_tr_fastran_8 DEBUG    _get_service_response(REQUEST|fastran_FPP_000001@fastran@8|FRAMEWORK@Framework@0|33), response = ServiceResponseMessage(sender_id=FRAMEWORK@Framework@0, receiver_id=fastran_FPP_000001@fastran@8, request_msg_id=REQUEST|fastran_FPP_000001@fastran@8|FRAMEWORK@Framework@0|33,status=0, args=(<ipsframework.cca_es_spec.Topic object at 0x7fbffd511700>,), message_id=RESPONSE|FRAMEWORK@Framework@0|fastran_FPP_000001@fastran@8|412)
2026-04-24 12:11:54,718 fastran_tr_fastran_8 DEBUG    _invoke_service(): sendEvent  ('_IPS_MONITOR', 'PORTAL_EVENT', {'sim_name': 'fastran_FPP_000001', 'real_sim_name': 'fastran_FPP_000001', 'portal_data': {'code': 'fastran_tr_fastran', 'eventtype': 'IPS_STAGE_STATE', 'ok': True, 'walltime': '48.21', 'time': '2026-04-24|12:11:54PDT', 'trace': {'timestamp': 1777057914685394, 'duration': 22133, 'localEndpoint': {'serviceName': 'stage_state'}, 'name': "['s000001.00001', 'g000001.00001', 'i000001.00001']", 'id': '71885aecf25d7412', 'parentId': '37654f3c7b48c26a', 'tags': {}}, 'state': 'Running', 'comment': 'Elapsed time = 0.022  files = s000001.00001 g000001.00001 i000001.00001 Success'}})
2026-04-24 12:11:54,718 fastran_tr_fastran_8 DEBUG    _get_service_response(REQUEST|fastran_FPP_000001@fastran@8|FRAMEWORK@Framework@0|34)
2026-04-24 12:11:54,728 fastran_tr_fastran_8 DEBUG    _get_service_response(REQUEST|fastran_FPP_000001@fastran@8|FRAMEWORK@Framework@0|34), response = ServiceResponseMessage(sender_id=FRAMEWORK@Framework@0, receiver_id=fastran_FPP_000001@fastran@8, request_msg_id=REQUEST|fastran_FPP_000001@fastran@8|FRAMEWORK@Framework@0|34,status=0, args=(None,), message_id=RESPONSE|FRAMEWORK@Framework@0|fastran_FPP_000001@fastran@8|413)
2026-04-24 12:11:54,736 fastran_tr_fastran_8 DEBUG    _invoke_service(): getTopic  ('_IPS_MONITOR',)
2026-04-24 12:11:54,736 fastran_tr_fastran_8 DEBUG    _get_service_response(REQUEST|fastran_FPP_000001@fastran@8|FRAMEWORK@Framework@0|35)
2026-04-24 12:11:54,746 fastran_tr_fastran_8 DEBUG    _get_service_response(REQUEST|fastran_FPP_000001@fastran@8|FRAMEWORK@Framework@0|35), response = ServiceResponseMessage(sender_id=FRAMEWORK@Framework@0, receiver_id=fastran_FPP_000001@fastran@8, request_msg_id=REQUEST|fastran_FPP_000001@fastran@8|FRAMEWORK@Framework@0|35,status=0, args=(<ipsframework.cca_es_spec.Topic object at 0x7fbffd5115e0>,), message_id=RESPONSE|FRAMEWORK@Framework@0|fastran_FPP_000001@fastran@8|414)
2026-04-24 12:11:54,746 fastran_tr_fastran_8 DEBUG    _invoke_service(): sendEvent  ('_IPS_MONITOR', 'PORTAL_EVENT', {'sim_name': 'fastran_FPP_000001', 'real_sim_name': 'fastran_FPP_000001', 'portal_data': {'code': 'fastran_tr_fastran', 'eventtype': 'IPS_STAGE_INPUTS', 'ok': True, 'walltime': '48.24', 'time': '2026-04-24|12:11:54PDT', 'trace': {'timestamp': 1777057914729052, 'duration': 7072, 'localEndpoint': {'serviceName': 'stage_input_files'}, 'name': 'infastran intglf', 'id': '5ff6e2efe4653e6c', 'parentId': '37654f3c7b48c26a', 'tags': {}}, 'state': 'Running', 'comment': 'Elapsed time = 0.007 Path = /pscratch/sd/h/hswils/github_repos/MANTA_DBSCANS/RAD_Ar_coronal/input Files = infastran intglf'}})
2026-04-24 12:11:54,746 fastran_tr_fastran_8 DEBUG    _get_service_response(REQUEST|fastran_FPP_000001@fastran@8|FRAMEWORK@Framework@0|36)
2026-04-24 12:11:54,757 fastran_tr_fastran_8 DEBUG    _get_service_response(REQUEST|fastran_FPP_000001@fastran@8|FRAMEWORK@Framework@0|36), response = ServiceResponseMessage(sender_id=FRAMEWORK@Framework@0, receiver_id=fastran_FPP_000001@fastran@8, request_msg_id=REQUEST|fastran_FPP_000001@fastran@8|FRAMEWORK@Framework@0|36,status=0, args=(None,), message_id=RESPONSE|FRAMEWORK@Framework@0|fastran_FPP_000001@fastran@8|415)
2026-04-24 12:11:54,968 fastran_tr_fastran_8 DEBUG    _invoke_service(): init_task  (TaskInit(nproc=126, binary='/global/common/software/atom/perlmutter/binaries/fastran/default/xfastran_ver1.07', working_dir='/pscratch/sd/h/hswils/github_repos/MANTA_DBSCANS/RAD_Ar_coronal/SCAN/work/fastran_tr_fastran_8', tppn=0, tcpp=0, tgpp=0, block=True, omp=False, wnodes=True, wsocks=True, cmd_args=('6', '21')),)
2026-04-24 12:11:54,969 fastran_tr_fastran_8 DEBUG    _get_service_response(REQUEST|fastran_FPP_000001@fastran@8|FRAMEWORK@Framework@0|37)
2026-04-24 12:11:54,981 fastran_tr_fastran_8 DEBUG    _get_service_response(REQUEST|fastran_FPP_000001@fastran@8|FRAMEWORK@Framework@0|37), response = ServiceResponseMessage(sender_id=FRAMEWORK@Framework@0, receiver_id=fastran_FPP_000001@fastran@8, request_msg_id=REQUEST|fastran_FPP_000001@fastran@8|FRAMEWORK@Framework@0|37,status=0, args=((4, 'srun -N 1 -n 126 -c 1 --threads-per-core=1 --cpu-bind=cores /global/common/software/atom/perlmutter/binaries/fastran/default/xfastran_ver1.07 6 21', None, 128),), message_id=RESPONSE|FRAMEWORK@Framework@0|fastran_FPP_000001@fastran@8|417)
2026-04-24 12:11:54,983 fastran_tr_fastran_8 DEBUG    Launching command : srun -N 1 -n 126 -c 1 --threads-per-core=1 --cpu-bind=cores /global/common/software/atom/perlmutter/binaries/fastran/default/xfastran_ver1.07 6 21
2026-04-24 12:11:54,999 fastran_tr_fastran_8 DEBUG    _invoke_service(): getTopic  ('_IPS_MONITOR',)
2026-04-24 12:11:54,999 fastran_tr_fastran_8 DEBUG    _get_service_response(REQUEST|fastran_FPP_000001@fastran@8|FRAMEWORK@Framework@0|38)
2026-04-24 12:11:55,010 fastran_tr_fastran_8 DEBUG    _get_service_response(REQUEST|fastran_FPP_000001@fastran@8|FRAMEWORK@Framework@0|38), response = ServiceResponseMessage(sender_id=FRAMEWORK@Framework@0, receiver_id=fastran_FPP_000001@fastran@8, request_msg_id=REQUEST|fastran_FPP_000001@fastran@8|FRAMEWORK@Framework@0|38,status=0, args=(<ipsframework.cca_es_spec.Topic object at 0x7fbffd5119a0>,), message_id=RESPONSE|FRAMEWORK@Framework@0|fastran_FPP_000001@fastran@8|418)
2026-04-24 12:11:55,010 fastran_tr_fastran_8 DEBUG    _invoke_service(): sendEvent  ('_IPS_MONITOR', 'PORTAL_EVENT', {'sim_name': 'fastran_FPP_000001', 'real_sim_name': 'fastran_FPP_000001', 'portal_data': {'code': 'fastran_tr_fastran', 'eventtype': 'IPS_LAUNCH_TASK', 'ok': True, 'walltime': '48.50', 'time': '2026-04-24|12:11:54PDT', 'state': 'Running', 'comment': 'task_id = 4 , Tag = None , nproc = 126 , Target = srun -N 1 -n 126 -c 1 --threads-per-core=1 --cpu-bind=cores /global/common/software/atom/perlmutter/binaries/fastran/default/xfastran_ver1.07 6 21'}})
2026-04-24 12:11:55,010 fastran_tr_fastran_8 DEBUG    _get_service_response(REQUEST|fastran_FPP_000001@fastran@8|FRAMEWORK@Framework@0|39)
2026-04-24 12:11:55,021 fastran_tr_fastran_8 DEBUG    _get_service_response(REQUEST|fastran_FPP_000001@fastran@8|FRAMEWORK@Framework@0|39), response = ServiceResponseMessage(sender_id=FRAMEWORK@Framework@0, receiver_id=fastran_FPP_000001@fastran@8, request_msg_id=REQUEST|fastran_FPP_000001@fastran@8|FRAMEWORK@Framework@0|39,status=0, args=(None,), message_id=RESPONSE|FRAMEWORK@Framework@0|fastran_FPP_000001@fastran@8|419)
2026-04-24 12:12:02,025 fastran_tr_fastran_8 DEBUG    _invoke_service(): getTopic  ('_IPS_MONITOR',)
2026-04-24 12:12:02,025 fastran_tr_fastran_8 DEBUG    _get_service_response(REQUEST|fastran_FPP_000001@fastran@8|FRAMEWORK@Framework@0|40)
2026-04-24 12:12:02,036 fastran_tr_fastran_8 DEBUG    _get_service_response(REQUEST|fastran_FPP_000001@fastran@8|FRAMEWORK@Framework@0|40), response = ServiceResponseMessage(sender_id=FRAMEWORK@Framework@0, receiver_id=fastran_FPP_000001@fastran@8, request_msg_id=REQUEST|fastran_FPP_000001@fastran@8|FRAMEWORK@Framework@0|40,status=0, args=(<ipsframework.cca_es_spec.Topic object at 0x7fbffd511550>,), message_id=RESPONSE|FRAMEWORK@Framework@0|fastran_FPP_000001@fastran@8|434)
2026-04-24 12:12:02,036 fastran_tr_fastran_8 DEBUG    _invoke_service(): sendEvent  ('_IPS_MONITOR', 'PORTAL_EVENT', {'sim_name': 'fastran_FPP_000001', 'real_sim_name': 'fastran_FPP_000001', 'portal_data': {'code': 'fastran_tr_fastran', 'eventtype': 'IPS_TASK_END', 'ok': True, 'walltime': '55.53', 'time': '2026-04-24|12:12:02PDT', 'trace': {'timestamp': 1777057914999177, 'duration': 7026350, 'localEndpoint': {'serviceName': '/global/common/software/atom/perlmutter/binaries/fastran/default/xfastran_ver1.07'}, 'name': '6 21', 'id': '9144f69e7b6d5f0c', 'parentId': '37654f3c7b48c26a', 'tags': {'procs_requested': '126', 'cores_allocated': '128'}}, 'state': 'Running', 'comment': 'task_id = 4  elapsed time = 7.03 S'}})
2026-04-24 12:12:02,036 fastran_tr_fastran_8 DEBUG    _get_service_response(REQUEST|fastran_FPP_000001@fastran@8|FRAMEWORK@Framework@0|41)
2026-04-24 12:12:02,047 fastran_tr_fastran_8 DEBUG    _get_service_response(REQUEST|fastran_FPP_000001@fastran@8|FRAMEWORK@Framework@0|41), response = ServiceResponseMessage(sender_id=FRAMEWORK@Framework@0, receiver_id=fastran_FPP_000001@fastran@8, request_msg_id=REQUEST|fastran_FPP_000001@fastran@8|FRAMEWORK@Framework@0|41,status=0, args=(None,), message_id=RESPONSE|FRAMEWORK@Framework@0|fastran_FPP_000001@fastran@8|435)
2026-04-24 12:12:02,047 fastran_tr_fastran_8 DEBUG    _invoke_service(): finish_task  (4, 0)
2026-04-24 12:12:02,047 fastran_tr_fastran_8 DEBUG    _get_service_response(REQUEST|fastran_FPP_000001@fastran@8|FRAMEWORK@Framework@0|42)
2026-04-24 12:12:02,058 fastran_tr_fastran_8 DEBUG    _get_service_response(REQUEST|fastran_FPP_000001@fastran@8|FRAMEWORK@Framework@0|42), response = ServiceResponseMessage(sender_id=FRAMEWORK@Framework@0, receiver_id=fastran_FPP_000001@fastran@8, request_msg_id=REQUEST|fastran_FPP_000001@fastran@8|FRAMEWORK@Framework@0|42,status=0, args=(0,), message_id=RESPONSE|FRAMEWORK@Framework@0|fastran_FPP_000001@fastran@8|436)
2026-04-24 12:12:02,324 fastran_tr_fastran_8 DEBUG    _invoke_service(): update_state  (['s000001.00001', 'g000001.00001', 'i000001.00001'], '/pscratch/sd/h/hswils/github_repos/MANTA_DBSCANS/RAD_Ar_coronal/SCAN/work/fastran_tr_fastran_8', '/pscratch/sd/h/hswils/github_repos/MANTA_DBSCANS/RAD_Ar_coronal/SCAN/work/plasma_state')
2026-04-24 12:12:02,324 fastran_tr_fastran_8 DEBUG    _get_service_response(REQUEST|fastran_FPP_000001@fastran@8|FRAMEWORK@Framework@0|43)
2026-04-24 12:12:02,345 fastran_tr_fastran_8 DEBUG    _get_service_response(REQUEST|fastran_FPP_000001@fastran@8|FRAMEWORK@Framework@0|43), response = ServiceResponseMessage(sender_id=FRAMEWORK@Framework@0, receiver_id=fastran_FPP_000001@fastran@8, request_msg_id=REQUEST|fastran_FPP_000001@fastran@8|FRAMEWORK@Framework@0|43,status=0, args=(0,), message_id=RESPONSE|FRAMEWORK@Framework@0|fastran_FPP_000001@fastran@8|437)
2026-04-24 12:12:02,345 fastran_tr_fastran_8 DEBUG    _invoke_service(): getTopic  ('_IPS_MONITOR',)
2026-04-24 12:12:02,345 fastran_tr_fastran_8 DEBUG    _get_service_response(REQUEST|fastran_FPP_000001@fastran@8|FRAMEWORK@Framework@0|44)
2026-04-24 12:12:02,355 fastran_tr_fastran_8 DEBUG    _get_service_response(REQUEST|fastran_FPP_000001@fastran@8|FRAMEWORK@Framework@0|44), response = ServiceResponseMessage(sender_id=FRAMEWORK@Framework@0, receiver_id=fastran_FPP_000001@fastran@8, request_msg_id=REQUEST|fastran_FPP_000001@fastran@8|FRAMEWORK@Framework@0|44,status=0, args=(<ipsframework.cca_es_spec.Topic object at 0x7fbffd511730>,), message_id=RESPONSE|FRAMEWORK@Framework@0|fastran_FPP_000001@fastran@8|438)
2026-04-24 12:12:02,355 fastran_tr_fastran_8 DEBUG    _invoke_service(): sendEvent  ('_IPS_MONITOR', 'PORTAL_EVENT', {'sim_name': 'fastran_FPP_000001', 'real_sim_name': 'fastran_FPP_000001', 'portal_data': {'code': 'fastran_tr_fastran', 'eventtype': 'IPS_UPDATE_STATE', 'ok': True, 'walltime': '55.85', 'time': '2026-04-24|12:12:02PDT', 'trace': {'timestamp': 1777057922323964, 'duration': 21295, 'localEndpoint': {'serviceName': 'update_state'}, 'name': "['s000001.00001', 'g000001.00001', 'i000001.00001']", 'id': '7629e189a66153c0', 'parentId': '37654f3c7b48c26a', 'tags': {}}, 'state': 'Running', 'comment': 'Elapsed time = 0.021   files = s000001.00001 g000001.00001 i000001.00001 Success'}})
2026-04-24 12:12:02,355 fastran_tr_fastran_8 DEBUG    _get_service_response(REQUEST|fastran_FPP_000001@fastran@8|FRAMEWORK@Framework@0|45)
2026-04-24 12:12:02,366 fastran_tr_fastran_8 DEBUG    _get_service_response(REQUEST|fastran_FPP_000001@fastran@8|FRAMEWORK@Framework@0|45), response = ServiceResponseMessage(sender_id=FRAMEWORK@Framework@0, receiver_id=fastran_FPP_000001@fastran@8, request_msg_id=REQUEST|fastran_FPP_000001@fastran@8|FRAMEWORK@Framework@0|45,status=0, args=(None,), message_id=RESPONSE|FRAMEWORK@Framework@0|fastran_FPP_000001@fastran@8|439)
2026-04-24 12:12:02,384 fastran_tr_fastran_8 DEBUG    _invoke_service(): getTopic  ('_IPS_MONITOR',)
2026-04-24 12:12:02,385 fastran_tr_fastran_8 DEBUG    _get_service_response(REQUEST|fastran_FPP_000001@fastran@8|FRAMEWORK@Framework@0|46)
2026-04-24 12:12:02,395 fastran_tr_fastran_8 DEBUG    _get_service_response(REQUEST|fastran_FPP_000001@fastran@8|FRAMEWORK@Framework@0|46), response = ServiceResponseMessage(sender_id=FRAMEWORK@Framework@0, receiver_id=fastran_FPP_000001@fastran@8, request_msg_id=REQUEST|fastran_FPP_000001@fastran@8|FRAMEWORK@Framework@0|46,status=0, args=(<ipsframework.cca_es_spec.Topic object at 0x7fbffd511610>,), message_id=RESPONSE|FRAMEWORK@Framework@0|fastran_FPP_000001@fastran@8|440)
2026-04-24 12:12:02,395 fastran_tr_fastran_8 DEBUG    _invoke_service(): sendEvent  ('_IPS_MONITOR', 'PORTAL_EVENT', {'sim_name': 'fastran_FPP_000001', 'real_sim_name': 'fastran_FPP_000001', 'portal_data': {'code': 'fastran_tr_fastran', 'eventtype': 'IPS_STAGE_OUTPUTS', 'ok': True, 'walltime': '55.89', 'time': '2026-04-24|12:12:02PDT', 'trace': {'timestamp': 1777057922366426, 'duration': 18434, 'localEndpoint': {'serviceName': 'stage_output_files'}, 'name': "['fastran.nc', 'inprof', 'inmetric', 'infastran', 'intglf', 'xfastran.log', 'i000001.00001']", 'id': '7349cfaaafc33980', 'parentId': '37654f3c7b48c26a', 'tags': {}}, 'state': 'Running', 'comment': "Elapsed time = 0.018 Path = /pscratch/sd/h/hswils/github_repos/MANTA_DBSCANS/RAD_Ar_coronal/SCAN/simulation_results/2/components/fastran_tr_fastran_8 Files = ['fastran.nc', 'inprof', 'inmetric', 'infastran', 'intglf', 'xfastran.log', 'i000001.00001']"}})
2026-04-24 12:12:02,395 fastran_tr_fastran_8 DEBUG    _get_service_response(REQUEST|fastran_FPP_000001@fastran@8|FRAMEWORK@Framework@0|47)
2026-04-24 12:12:02,406 fastran_tr_fastran_8 DEBUG    _get_service_response(REQUEST|fastran_FPP_000001@fastran@8|FRAMEWORK@Framework@0|47), response = ServiceResponseMessage(sender_id=FRAMEWORK@Framework@0, receiver_id=fastran_FPP_000001@fastran@8, request_msg_id=REQUEST|fastran_FPP_000001@fastran@8|FRAMEWORK@Framework@0|47,status=0, args=(None,), message_id=RESPONSE|FRAMEWORK@Framework@0|fastran_FPP_000001@fastran@8|441)
2026-04-24 12:12:02,417 fastran_driver_fastran_driver_2 DEBUG    _get_service_response(REQUEST|fastran_FPP_000001@fastran_driver@2|FRAMEWORK@Framework@0|160), response = ServiceResponseMessage(sender_id=FRAMEWORK@Framework@0, receiver_id=fastran_FPP_000001@fastran_driver@2, request_msg_id=REQUEST|fastran_FPP_000001@fastran_driver@2|FRAMEWORK@Framework@0|160,status=0, args=((None,),), message_id=RESPONSE|FRAMEWORK@Framework@0|fastran_FPP_000001@fastran_driver@2|442)
2026-04-24 12:12:02,417 fastran_driver_fastran_driver_2 DEBUG    _invoke_service(): getTopic  ('_IPS_MONITOR',)
2026-04-24 12:12:02,417 fastran_driver_fastran_driver_2 DEBUG    _get_service_response(REQUEST|fastran_FPP_000001@fastran_driver@2|FRAMEWORK@Framework@0|161)
2026-04-24 12:12:02,428 fastran_driver_fastran_driver_2 DEBUG    _get_service_response(REQUEST|fastran_FPP_000001@fastran_driver@2|FRAMEWORK@Framework@0|161), response = ServiceResponseMessage(sender_id=FRAMEWORK@Framework@0, receiver_id=fastran_FPP_000001@fastran_driver@2, request_msg_id=REQUEST|fastran_FPP_000001@fastran_driver@2|FRAMEWORK@Framework@0|161,status=0, args=(<ipsframework.cca_es_spec.Topic object at 0x7fbffd5c6d90>,), message_id=RESPONSE|FRAMEWORK@Framework@0|fastran_FPP_000001@fastran_driver@2|443)
2026-04-24 12:12:02,428 fastran_driver_fastran_driver_2 DEBUG    _invoke_service(): sendEvent  ('_IPS_MONITOR', 'PORTAL_EVENT', {'sim_name': 'fastran_FPP_000001', 'real_sim_name': 'fastran_FPP_000001', 'portal_data': {'code': 'fastran_driver_fastran_driver', 'eventtype': 'IPS_CALL_END', 'ok': True, 'walltime': '55.92', 'time': '2026-04-24|12:12:02PDT', 'trace': {'timestamp': 1777057914695259, 'duration': 7721897, 'localEndpoint': {'serviceName': 'fastran_FPP_000001@fastran@8'}, 'name': 'step(2)', 'id': '37654f3c7b48c26a', 'parentId': 'f899e3e5886669ce', 'tags': {}}, 'state': 'Running', 'comment': 'Target = fastran_FPP_000001@fastran@8:step(2)'}})
2026-04-24 12:12:02,428 fastran_driver_fastran_driver_2 DEBUG    _get_service_response(REQUEST|fastran_FPP_000001@fastran_driver@2|FRAMEWORK@Framework@0|162)
2026-04-24 12:12:02,438 fastran_driver_fastran_driver_2 DEBUG    _get_service_response(REQUEST|fastran_FPP_000001@fastran_driver@2|FRAMEWORK@Framework@0|162), response = ServiceResponseMessage(sender_id=FRAMEWORK@Framework@0, receiver_id=fastran_FPP_000001@fastran_driver@2, request_msg_id=REQUEST|fastran_FPP_000001@fastran_driver@2|FRAMEWORK@Framework@0|162,status=0, args=(None,), message_id=RESPONSE|FRAMEWORK@Framework@0|fastran_FPP_000001@fastran_driver@2|444)
2026-04-24 12:12:02,439 fastran_driver_fastran_driver_2 DEBUG    _invoke_service(): stage_state  (['s000001.00001', 'g000001.00001', 'i000001.00001'], '/pscratch/sd/h/hswils/github_repos/MANTA_DBSCANS/RAD_Ar_coronal/SCAN/work/plasma_state', '/pscratch/sd/h/hswils/github_repos/MANTA_DBSCANS/RAD_Ar_coronal/SCAN/work/fastran_driver_fastran_driver_2')
2026-04-24 12:12:02,439 fastran_driver_fastran_driver_2 DEBUG    _get_service_response(REQUEST|fastran_FPP_000001@fastran_driver@2|FRAMEWORK@Framework@0|163)
2026-04-24 12:12:02,460 fastran_driver_fastran_driver_2 DEBUG    _get_service_response(REQUEST|fastran_FPP_000001@fastran_driver@2|FRAMEWORK@Framework@0|163), response = ServiceResponseMessage(sender_id=FRAMEWORK@Framework@0, receiver_id=fastran_FPP_000001@fastran_driver@2, request_msg_id=REQUEST|fastran_FPP_000001@fastran_driver@2|FRAMEWORK@Framework@0|163,status=0, args=(0,), message_id=RESPONSE|FRAMEWORK@Framework@0|fastran_FPP_000001@fastran_driver@2|445)
2026-04-24 12:12:02,460 fastran_driver_fastran_driver_2 DEBUG    _invoke_service(): getTopic  ('_IPS_MONITOR',)
2026-04-24 12:12:02,460 fastran_driver_fastran_driver_2 DEBUG    _get_service_response(REQUEST|fastran_FPP_000001@fastran_driver@2|FRAMEWORK@Framework@0|164)
2026-04-24 12:12:02,471 fastran_driver_fastran_driver_2 DEBUG    _get_service_response(REQUEST|fastran_FPP_000001@fastran_driver@2|FRAMEWORK@Framework@0|164), response = ServiceResponseMessage(sender_id=FRAMEWORK@Framework@0, receiver_id=fastran_FPP_000001@fastran_driver@2, request_msg_id=REQUEST|fastran_FPP_000001@fastran_driver@2|FRAMEWORK@Framework@0|164,status=0, args=(<ipsframework.cca_es_spec.Topic object at 0x7fbffd5c6a90>,), message_id=RESPONSE|FRAMEWORK@Framework@0|fastran_FPP_000001@fastran_driver@2|446)
2026-04-24 12:12:02,471 fastran_driver_fastran_driver_2 DEBUG    _invoke_service(): sendEvent  ('_IPS_MONITOR', 'PORTAL_EVENT', {'sim_name': 'fastran_FPP_000001', 'real_sim_name': 'fastran_FPP_000001', 'portal_data': {'code': 'fastran_driver_fastran_driver', 'eventtype': 'IPS_STAGE_STATE', 'ok': True, 'walltime': '55.96', 'time': '2026-04-24|12:12:02PDT', 'trace': {'timestamp': 1777057922438973, 'duration': 21793, 'localEndpoint': {'serviceName': 'stage_state'}, 'name': "['s000001.00001', 'g000001.00001', 'i000001.00001']", 'id': '71885aecf25d7412', 'parentId': 'f899e3e5886669ce', 'tags': {}}, 'state': 'Running', 'comment': 'Elapsed time = 0.022  files = s000001.00001 g000001.00001 i000001.00001 Success'}})
2026-04-24 12:12:02,471 fastran_driver_fastran_driver_2 DEBUG    _get_service_response(REQUEST|fastran_FPP_000001@fastran_driver@2|FRAMEWORK@Framework@0|165)
2026-04-24 12:12:02,482 fastran_driver_fastran_driver_2 DEBUG    _get_service_response(REQUEST|fastran_FPP_000001@fastran_driver@2|FRAMEWORK@Framework@0|165), response = ServiceResponseMessage(sender_id=FRAMEWORK@Framework@0, receiver_id=fastran_FPP_000001@fastran_driver@2, request_msg_id=REQUEST|fastran_FPP_000001@fastran_driver@2|FRAMEWORK@Framework@0|165,status=0, args=(None,), message_id=RESPONSE|FRAMEWORK@Framework@0|fastran_FPP_000001@fastran_driver@2|447)
2026-04-24 12:12:02,482 fastran_driver_fastran_driver_2 DEBUG    _invoke_service(): getTopic  ('_IPS_MONITOR',)
2026-04-24 12:12:02,483 fastran_driver_fastran_driver_2 DEBUG    _get_service_response(REQUEST|fastran_FPP_000001@fastran_driver@2|FRAMEWORK@Framework@0|166)
2026-04-24 12:12:02,493 fastran_driver_fastran_driver_2 DEBUG    _get_service_response(REQUEST|fastran_FPP_000001@fastran_driver@2|FRAMEWORK@Framework@0|166), response = ServiceResponseMessage(sender_id=FRAMEWORK@Framework@0, receiver_id=fastran_FPP_000001@fastran_driver@2, request_msg_id=REQUEST|fastran_FPP_000001@fastran_driver@2|FRAMEWORK@Framework@0|166,status=0, args=(<ipsframework.cca_es_spec.Topic object at 0x7fbffd5c6ee0>,), message_id=RESPONSE|FRAMEWORK@Framework@0|fastran_FPP_000001@fastran_driver@2|448)
2026-04-24 12:12:02,493 fastran_driver_fastran_driver_2 DEBUG    _invoke_service(): sendEvent  ('_IPS_MONITOR', 'PORTAL_EVENT', {'sim_name': 'fastran_FPP_000001', 'real_sim_name': 'fastran_FPP_000001', 'portal_data': {'code': 'fastran_driver_fastran_driver', 'eventtype': 'IPS_STAGE_OUTPUTS', 'ok': True, 'walltime': '55.99', 'time': '2026-04-24|12:12:02PDT', 'trace': {'timestamp': 1777057922482485, 'duration': 370, 'localEndpoint': {'serviceName': 'stage_output_files'}, 'name': '[]', 'id': 'ed019efe11be26d9', 'parentId': 'f899e3e5886669ce', 'tags': {}}, 'state': 'Running', 'comment': 'Elapsed time = 0.000 Path = /pscratch/sd/h/hswils/github_repos/MANTA_DBSCANS/RAD_Ar_coronal/SCAN/simulation_results/2/components/fastran_driver_fastran_driver_2 Files = []'}})
2026-04-24 12:12:02,493 fastran_driver_fastran_driver_2 DEBUG    _get_service_response(REQUEST|fastran_FPP_000001@fastran_driver@2|FRAMEWORK@Framework@0|167)
2026-04-24 12:12:02,504 fastran_driver_fastran_driver_2 DEBUG    _get_service_response(REQUEST|fastran_FPP_000001@fastran_driver@2|FRAMEWORK@Framework@0|167), response = ServiceResponseMessage(sender_id=FRAMEWORK@Framework@0, receiver_id=fastran_FPP_000001@fastran_driver@2, request_msg_id=REQUEST|fastran_FPP_000001@fastran_driver@2|FRAMEWORK@Framework@0|167,status=0, args=(None,), message_id=RESPONSE|FRAMEWORK@Framework@0|fastran_FPP_000001@fastran_driver@2|449)
2026-04-24 12:12:02,505 fastran_driver_fastran_driver_2 DEBUG    _invoke_service(): getTopic  ('_IPS_MONITOR',)
2026-04-24 12:12:02,505 fastran_driver_fastran_driver_2 DEBUG    _get_service_response(REQUEST|fastran_FPP_000001@fastran_driver@2|FRAMEWORK@Framework@0|168)
2026-04-24 12:12:02,516 fastran_driver_fastran_driver_2 DEBUG    _get_service_response(REQUEST|fastran_FPP_000001@fastran_driver@2|FRAMEWORK@Framework@0|168), response = ServiceResponseMessage(sender_id=FRAMEWORK@Framework@0, receiver_id=fastran_FPP_000001@fastran_driver@2, request_msg_id=REQUEST|fastran_FPP_000001@fastran_driver@2|FRAMEWORK@Framework@0|168,status=0, args=(<ipsframework.cca_es_spec.Topic object at 0x7fbffd5c6dc0>,), message_id=RESPONSE|FRAMEWORK@Framework@0|fastran_FPP_000001@fastran_driver@2|450)
2026-04-24 12:12:02,516 fastran_driver_fastran_driver_2 DEBUG    _invoke_service(): sendEvent  ('_IPS_MONITOR', 'PORTALBRIDGE_UPDATE_TIMESTAMP', {'sim_name': 'fastran_FPP_000001', 'real_sim_name': 'fastran_FPP_000001', 'portal_data': {'phystimestamp': 3, 'eventtype': 'PORTALBRIDGE_UPDATE_TIMESTAMP'}})
2026-04-24 12:12:02,516 fastran_driver_fastran_driver_2 DEBUG    _get_service_response(REQUEST|fastran_FPP_000001@fastran_driver@2|FRAMEWORK@Framework@0|169)
2026-04-24 12:12:02,527 fastran_driver_fastran_driver_2 DEBUG    _get_service_response(REQUEST|fastran_FPP_000001@fastran_driver@2|FRAMEWORK@Framework@0|169), response = ServiceResponseMessage(sender_id=FRAMEWORK@Framework@0, receiver_id=fastran_FPP_000001@fastran_driver@2, request_msg_id=REQUEST|fastran_FPP_000001@fastran_driver@2|FRAMEWORK@Framework@0|169,status=0, args=(None,), message_id=RESPONSE|FRAMEWORK@Framework@0|fastran_FPP_000001@fastran_driver@2|451)
2026-04-24 12:12:02,527 fastran_driver_fastran_driver_2 DEBUG    _invoke_service(): getTopic  ('_IPS_MONITOR',)
2026-04-24 12:12:02,527 fastran_driver_fastran_driver_2 DEBUG    _get_service_response(REQUEST|fastran_FPP_000001@fastran_driver@2|FRAMEWORK@Framework@0|170)
2026-04-24 12:12:02,537 fastran_driver_fastran_driver_2 DEBUG    _get_service_response(REQUEST|fastran_FPP_000001@fastran_driver@2|FRAMEWORK@Framework@0|170), response = ServiceResponseMessage(sender_id=FRAMEWORK@Framework@0, receiver_id=fastran_FPP_000001@fastran_driver@2, request_msg_id=REQUEST|fastran_FPP_000001@fastran_driver@2|FRAMEWORK@Framework@0|170,status=0, args=(<ipsframework.cca_es_spec.Topic object at 0x7fbffd5c6ee0>,), message_id=RESPONSE|FRAMEWORK@Framework@0|fastran_FPP_000001@fastran_driver@2|453)
2026-04-24 12:12:02,537 fastran_driver_fastran_driver_2 DEBUG    _invoke_service(): sendEvent  ('_IPS_MONITOR', 'PORTAL_EVENT', {'sim_name': 'fastran_FPP_000001', 'real_sim_name': 'fastran_FPP_000001', 'portal_data': {'code': 'fastran_driver_fastran_driver', 'eventtype': 'IPS_UPDATE_TIME_STAMP', 'ok': True, 'walltime': '56.03', 'time': '2026-04-24|12:12:02PDT', 'state': 'Running', 'comment': 'Timestamp = 3'}})
2026-04-24 12:12:02,537 fastran_driver_fastran_driver_2 DEBUG    _get_service_response(REQUEST|fastran_FPP_000001@fastran_driver@2|FRAMEWORK@Framework@0|171)
2026-04-24 12:12:02,548 fastran_driver_fastran_driver_2 DEBUG    _get_service_response(REQUEST|fastran_FPP_000001@fastran_driver@2|FRAMEWORK@Framework@0|171), response = ServiceResponseMessage(sender_id=FRAMEWORK@Framework@0, receiver_id=fastran_FPP_000001@fastran_driver@2, request_msg_id=REQUEST|fastran_FPP_000001@fastran_driver@2|FRAMEWORK@Framework@0|171,status=0, args=(None,), message_id=RESPONSE|FRAMEWORK@Framework@0|fastran_FPP_000001@fastran_driver@2|454)
2026-04-24 12:12:02,548 fastran_driver_fastran_driver_2 DEBUG    _invoke_service(): getTopic  ('_IPS_MONITOR',)
2026-04-24 12:12:02,549 fastran_driver_fastran_driver_2 DEBUG    _get_service_response(REQUEST|fastran_FPP_000001@fastran_driver@2|FRAMEWORK@Framework@0|172)
2026-04-24 12:12:02,559 fastran_driver_fastran_driver_2 DEBUG    _get_service_response(REQUEST|fastran_FPP_000001@fastran_driver@2|FRAMEWORK@Framework@0|172), response = ServiceResponseMessage(sender_id=FRAMEWORK@Framework@0, receiver_id=fastran_FPP_000001@fastran_driver@2, request_msg_id=REQUEST|fastran_FPP_000001@fastran_driver@2|FRAMEWORK@Framework@0|172,status=0, args=(<ipsframework.cca_es_spec.Topic object at 0x7fbffd5c6f10>,), message_id=RESPONSE|FRAMEWORK@Framework@0|fastran_FPP_000001@fastran_driver@2|455)
2026-04-24 12:12:02,559 fastran_driver_fastran_driver_2 DEBUG    _invoke_service(): sendEvent  ('_IPS_MONITOR', 'PORTAL_EVENT', {'sim_name': 'fastran_FPP_000001', 'real_sim_name': 'fastran_FPP_000001', 'portal_data': {'code': 'fastran_driver_fastran_driver', 'eventtype': 'IPS_CALL_BEGIN', 'ok': True, 'walltime': '56.05', 'time': '2026-04-24|12:12:02PDT', 'state': 'Running', 'comment': 'Target = fastran_FPP_000001@impurity_radiation@5:step(3)'}})
2026-04-24 12:12:02,559 fastran_driver_fastran_driver_2 DEBUG    _get_service_response(REQUEST|fastran_FPP_000001@fastran_driver@2|FRAMEWORK@Framework@0|173)
2026-04-24 12:12:02,570 fastran_driver_fastran_driver_2 DEBUG    _get_service_response(REQUEST|fastran_FPP_000001@fastran_driver@2|FRAMEWORK@Framework@0|173), response = ServiceResponseMessage(sender_id=FRAMEWORK@Framework@0, receiver_id=fastran_FPP_000001@fastran_driver@2, request_msg_id=REQUEST|fastran_FPP_000001@fastran_driver@2|FRAMEWORK@Framework@0|173,status=0, args=(None,), message_id=RESPONSE|FRAMEWORK@Framework@0|fastran_FPP_000001@fastran_driver@2|456)
2026-04-24 12:12:02,570 fastran_driver_fastran_driver_2 DEBUG    _invoke_service(): init_call  ('step', 3)
2026-04-24 12:12:02,570 fastran_driver_fastran_driver_2 DEBUG    _get_service_response(REQUEST|fastran_FPP_000001@fastran_driver@2|FRAMEWORK@Framework@0|174)
2026-04-24 12:12:02,571 fastran__impurity_radiation_5 DEBUG    Received Message 
2026-04-24 12:12:02,571 fastran__impurity_radiation_5 DEBUG    Calling method step(3)
2026-04-24 12:12:02,572 fastran__impurity_radiation_5 DEBUG    _invoke_service(): stage_state  (['s000001.00001', 'g000001.00001', 'i000001.00001'], '/pscratch/sd/h/hswils/github_repos/MANTA_DBSCANS/RAD_Ar_coronal/SCAN/work/plasma_state', '/pscratch/sd/h/hswils/github_repos/MANTA_DBSCANS/RAD_Ar_coronal/SCAN/work/fastran__impurity_radiation_5')
2026-04-24 12:12:02,572 fastran__impurity_radiation_5 DEBUG    _get_service_response(REQUEST|fastran_FPP_000001@impurity_radiation@5|FRAMEWORK@Framework@0|33)
2026-04-24 12:12:02,581 fastran_driver_fastran_driver_2 DEBUG    _get_service_response(REQUEST|fastran_FPP_000001@fastran_driver@2|FRAMEWORK@Framework@0|174), response = ServiceResponseMessage(sender_id=FRAMEWORK@Framework@0, receiver_id=fastran_FPP_000001@fastran_driver@2, request_msg_id=REQUEST|fastran_FPP_000001@fastran_driver@2|FRAMEWORK@Framework@0|174,status=0, args=(31,), message_id=RESPONSE|FRAMEWORK@Framework@0|fastran_FPP_000001@fastran_driver@2|457)
2026-04-24 12:12:02,581 fastran_driver_fastran_driver_2 DEBUG    _invoke_service(): wait_call  (31, True)
2026-04-24 12:12:02,581 fastran_driver_fastran_driver_2 DEBUG    _get_service_response(REQUEST|fastran_FPP_000001@fastran_driver@2|FRAMEWORK@Framework@0|175)
2026-04-24 12:12:02,593 fastran__impurity_radiation_5 DEBUG    _get_service_response(REQUEST|fastran_FPP_000001@impurity_radiation@5|FRAMEWORK@Framework@0|33), response = ServiceResponseMessage(sender_id=FRAMEWORK@Framework@0, receiver_id=fastran_FPP_000001@impurity_radiation@5, request_msg_id=REQUEST|fastran_FPP_000001@impurity_radiation@5|FRAMEWORK@Framework@0|33,status=0, args=(0,), message_id=RESPONSE|FRAMEWORK@Framework@0|fastran_FPP_000001@impurity_radiation@5|458)
2026-04-24 12:12:02,593 fastran__impurity_radiation_5 DEBUG    _invoke_service(): getTopic  ('_IPS_MONITOR',)
2026-04-24 12:12:02,593 fastran__impurity_radiation_5 DEBUG    _get_service_response(REQUEST|fastran_FPP_000001@impurity_radiation@5|FRAMEWORK@Framework@0|34)
2026-04-24 12:12:02,604 fastran__impurity_radiation_5 DEBUG    _get_service_response(REQUEST|fastran_FPP_000001@impurity_radiation@5|FRAMEWORK@Framework@0|34), response = ServiceResponseMessage(sender_id=FRAMEWORK@Framework@0, receiver_id=fastran_FPP_000001@impurity_radiation@5, request_msg_id=REQUEST|fastran_FPP_000001@impurity_radiation@5|FRAMEWORK@Framework@0|34,status=0, args=(<ipsframework.cca_es_spec.Topic object at 0x7fbffd41d610>,), message_id=RESPONSE|FRAMEWORK@Framework@0|fastran_FPP_000001@impurity_radiation@5|459)
2026-04-24 12:12:02,604 fastran__impurity_radiation_5 DEBUG    _invoke_service(): sendEvent  ('_IPS_MONITOR', 'PORTAL_EVENT', {'sim_name': 'fastran_FPP_000001', 'real_sim_name': 'fastran_FPP_000001', 'portal_data': {'code': 'fastran__impurity_radiation', 'eventtype': 'IPS_STAGE_STATE', 'ok': True, 'walltime': '56.10', 'time': '2026-04-24|12:12:02PDT', 'trace': {'timestamp': 1777057922571958, 'duration': 21496, 'localEndpoint': {'serviceName': 'stage_state'}, 'name': "['s000001.00001', 'g000001.00001', 'i000001.00001']", 'id': '71885aecf25d7412', 'parentId': '917c9fa0783dd566', 'tags': {}}, 'state': 'Running', 'comment': 'Elapsed time = 0.021  files = s000001.00001 g000001.00001 i000001.00001 Success'}})
2026-04-24 12:12:02,604 fastran__impurity_radiation_5 DEBUG    _get_service_response(REQUEST|fastran_FPP_000001@impurity_radiation@5|FRAMEWORK@Framework@0|35)
2026-04-24 12:12:02,614 fastran__impurity_radiation_5 DEBUG    _get_service_response(REQUEST|fastran_FPP_000001@impurity_radiation@5|FRAMEWORK@Framework@0|35), response = ServiceResponseMessage(sender_id=FRAMEWORK@Framework@0, receiver_id=fastran_FPP_000001@impurity_radiation@5, request_msg_id=REQUEST|fastran_FPP_000001@impurity_radiation@5|FRAMEWORK@Framework@0|35,status=0, args=(None,), message_id=RESPONSE|FRAMEWORK@Framework@0|fastran_FPP_000001@impurity_radiation@5|460)
2026-04-24 12:12:02,615 fastran__impurity_radiation_5 DEBUG    _invoke_service(): getTopic  ('_IPS_MONITOR',)
2026-04-24 12:12:02,615 fastran__impurity_radiation_5 DEBUG    _get_service_response(REQUEST|fastran_FPP_000001@impurity_radiation@5|FRAMEWORK@Framework@0|36)
2026-04-24 12:12:02,625 fastran__impurity_radiation_5 DEBUG    _get_service_response(REQUEST|fastran_FPP_000001@impurity_radiation@5|FRAMEWORK@Framework@0|36), response = ServiceResponseMessage(sender_id=FRAMEWORK@Framework@0, receiver_id=fastran_FPP_000001@impurity_radiation@5, request_msg_id=REQUEST|fastran_FPP_000001@impurity_radiation@5|FRAMEWORK@Framework@0|36,status=0, args=(<ipsframework.cca_es_spec.Topic object at 0x7fbffd4421c0>,), message_id=RESPONSE|FRAMEWORK@Framework@0|fastran_FPP_000001@impurity_radiation@5|461)
2026-04-24 12:12:02,625 fastran__impurity_radiation_5 DEBUG    _invoke_service(): sendEvent  ('_IPS_MONITOR', 'PORTAL_EVENT', {'sim_name': 'fastran_FPP_000001', 'real_sim_name': 'fastran_FPP_000001', 'portal_data': {'code': 'fastran__impurity_radiation', 'eventtype': 'IPS_STAGE_INPUTS', 'ok': True, 'walltime': '56.12', 'time': '2026-04-24|12:12:02PDT', 'trace': {'timestamp': 1777057922614850, 'duration': 77, 'localEndpoint': {'serviceName': 'stage_input_files'}, 'name': '', 'id': 'e70cb59b389672bf', 'parentId': '917c9fa0783dd566', 'tags': {}}, 'state': 'Running', 'comment': 'Elapsed time = 0.000 Path = /pscratch/sd/h/hswils/github_repos/MANTA_DBSCANS/RAD_Ar_coronal/input Files = '}})
2026-04-24 12:12:02,625 fastran__impurity_radiation_5 DEBUG    _get_service_response(REQUEST|fastran_FPP_000001@impurity_radiation@5|FRAMEWORK@Framework@0|37)
2026-04-24 12:12:02,636 fastran__impurity_radiation_5 DEBUG    _get_service_response(REQUEST|fastran_FPP_000001@impurity_radiation@5|FRAMEWORK@Framework@0|37), response = ServiceResponseMessage(sender_id=FRAMEWORK@Framework@0, receiver_id=fastran_FPP_000001@impurity_radiation@5, request_msg_id=REQUEST|fastran_FPP_000001@impurity_radiation@5|FRAMEWORK@Framework@0|37,status=0, args=(None,), message_id=RESPONSE|FRAMEWORK@Framework@0|fastran_FPP_000001@impurity_radiation@5|462)
2026-04-24 12:12:02,826 fastran__impurity_radiation_5 DEBUG    _invoke_service(): update_state  (['s000001.00001', 'g000001.00001', 'i000001.00001'], '/pscratch/sd/h/hswils/github_repos/MANTA_DBSCANS/RAD_Ar_coronal/SCAN/work/fastran__impurity_radiation_5', '/pscratch/sd/h/hswils/github_repos/MANTA_DBSCANS/RAD_Ar_coronal/SCAN/work/plasma_state')
2026-04-24 12:12:02,826 fastran__impurity_radiation_5 DEBUG    _get_service_response(REQUEST|fastran_FPP_000001@impurity_radiation@5|FRAMEWORK@Framework@0|38)
2026-04-24 12:12:02,846 fastran__impurity_radiation_5 DEBUG    _get_service_response(REQUEST|fastran_FPP_000001@impurity_radiation@5|FRAMEWORK@Framework@0|38), response = ServiceResponseMessage(sender_id=FRAMEWORK@Framework@0, receiver_id=fastran_FPP_000001@impurity_radiation@5, request_msg_id=REQUEST|fastran_FPP_000001@impurity_radiation@5|FRAMEWORK@Framework@0|38,status=0, args=(0,), message_id=RESPONSE|FRAMEWORK@Framework@0|fastran_FPP_000001@impurity_radiation@5|463)
2026-04-24 12:12:02,846 fastran__impurity_radiation_5 DEBUG    _invoke_service(): getTopic  ('_IPS_MONITOR',)
2026-04-24 12:12:02,846 fastran__impurity_radiation_5 DEBUG    _get_service_response(REQUEST|fastran_FPP_000001@impurity_radiation@5|FRAMEWORK@Framework@0|39)
2026-04-24 12:12:02,857 fastran__impurity_radiation_5 DEBUG    _get_service_response(REQUEST|fastran_FPP_000001@impurity_radiation@5|FRAMEWORK@Framework@0|39), response = ServiceResponseMessage(sender_id=FRAMEWORK@Framework@0, receiver_id=fastran_FPP_000001@impurity_radiation@5, request_msg_id=REQUEST|fastran_FPP_000001@impurity_radiation@5|FRAMEWORK@Framework@0|39,status=0, args=(<ipsframework.cca_es_spec.Topic object at 0x7fbffd442310>,), message_id=RESPONSE|FRAMEWORK@Framework@0|fastran_FPP_000001@impurity_radiation@5|464)
2026-04-24 12:12:02,857 fastran__impurity_radiation_5 DEBUG    _invoke_service(): sendEvent  ('_IPS_MONITOR', 'PORTAL_EVENT', {'sim_name': 'fastran_FPP_000001', 'real_sim_name': 'fastran_FPP_000001', 'portal_data': {'code': 'fastran__impurity_radiation', 'eventtype': 'IPS_UPDATE_STATE', 'ok': True, 'walltime': '56.35', 'time': '2026-04-24|12:12:02PDT', 'trace': {'timestamp': 1777057922826035, 'duration': 20302, 'localEndpoint': {'serviceName': 'update_state'}, 'name': "['s000001.00001', 'g000001.00001', 'i000001.00001']", 'id': '7629e189a66153c0', 'parentId': '917c9fa0783dd566', 'tags': {}}, 'state': 'Running', 'comment': 'Elapsed time = 0.020   files = s000001.00001 g000001.00001 i000001.00001 Success'}})
2026-04-24 12:12:02,857 fastran__impurity_radiation_5 DEBUG    _get_service_response(REQUEST|fastran_FPP_000001@impurity_radiation@5|FRAMEWORK@Framework@0|40)
2026-04-24 12:12:02,867 fastran__impurity_radiation_5 DEBUG    _get_service_response(REQUEST|fastran_FPP_000001@impurity_radiation@5|FRAMEWORK@Framework@0|40), response = ServiceResponseMessage(sender_id=FRAMEWORK@Framework@0, receiver_id=fastran_FPP_000001@impurity_radiation@5, request_msg_id=REQUEST|fastran_FPP_000001@impurity_radiation@5|FRAMEWORK@Framework@0|40,status=0, args=(None,), message_id=RESPONSE|FRAMEWORK@Framework@0|fastran_FPP_000001@impurity_radiation@5|465)
2026-04-24 12:12:02,867 fastran__impurity_radiation_5 DEBUG    _invoke_service(): getTopic  ('_IPS_MONITOR',)
2026-04-24 12:12:02,868 fastran__impurity_radiation_5 DEBUG    _get_service_response(REQUEST|fastran_FPP_000001@impurity_radiation@5|FRAMEWORK@Framework@0|41)
2026-04-24 12:12:02,878 fastran__impurity_radiation_5 DEBUG    _get_service_response(REQUEST|fastran_FPP_000001@impurity_radiation@5|FRAMEWORK@Framework@0|41), response = ServiceResponseMessage(sender_id=FRAMEWORK@Framework@0, receiver_id=fastran_FPP_000001@impurity_radiation@5, request_msg_id=REQUEST|fastran_FPP_000001@impurity_radiation@5|FRAMEWORK@Framework@0|41,status=0, args=(<ipsframework.cca_es_spec.Topic object at 0x7fbffd442160>,), message_id=RESPONSE|FRAMEWORK@Framework@0|fastran_FPP_000001@impurity_radiation@5|466)
2026-04-24 12:12:02,878 fastran__impurity_radiation_5 DEBUG    _invoke_service(): sendEvent  ('_IPS_MONITOR', 'PORTAL_EVENT', {'sim_name': 'fastran_FPP_000001', 'real_sim_name': 'fastran_FPP_000001', 'portal_data': {'code': 'fastran__impurity_radiation', 'eventtype': 'IPS_STAGE_OUTPUTS', 'ok': True, 'walltime': '56.37', 'time': '2026-04-24|12:12:02PDT', 'trace': {'timestamp': 1777057922867791, 'duration': 161, 'localEndpoint': {'serviceName': 'stage_output_files'}, 'name': '[]', 'id': 'ed019efe11be26d9', 'parentId': '917c9fa0783dd566', 'tags': {}}, 'state': 'Running', 'comment': 'Elapsed time = 0.000 Path = /pscratch/sd/h/hswils/github_repos/MANTA_DBSCANS/RAD_Ar_coronal/SCAN/simulation_results/3/components/fastran__impurity_radiation_5 Files = []'}})
2026-04-24 12:12:02,878 fastran__impurity_radiation_5 DEBUG    _get_service_response(REQUEST|fastran_FPP_000001@impurity_radiation@5|FRAMEWORK@Framework@0|42)
2026-04-24 12:12:02,889 fastran__impurity_radiation_5 DEBUG    _get_service_response(REQUEST|fastran_FPP_000001@impurity_radiation@5|FRAMEWORK@Framework@0|42), response = ServiceResponseMessage(sender_id=FRAMEWORK@Framework@0, receiver_id=fastran_FPP_000001@impurity_radiation@5, request_msg_id=REQUEST|fastran_FPP_000001@impurity_radiation@5|FRAMEWORK@Framework@0|42,status=0, args=(None,), message_id=RESPONSE|FRAMEWORK@Framework@0|fastran_FPP_000001@impurity_radiation@5|467)
2026-04-24 12:12:02,900 fastran_driver_fastran_driver_2 DEBUG    _get_service_response(REQUEST|fastran_FPP_000001@fastran_driver@2|FRAMEWORK@Framework@0|175), response = ServiceResponseMessage(sender_id=FRAMEWORK@Framework@0, receiver_id=fastran_FPP_000001@fastran_driver@2, request_msg_id=REQUEST|fastran_FPP_000001@fastran_driver@2|FRAMEWORK@Framework@0|175,status=0, args=((None,),), message_id=RESPONSE|FRAMEWORK@Framework@0|fastran_FPP_000001@fastran_driver@2|468)
2026-04-24 12:12:02,900 fastran_driver_fastran_driver_2 DEBUG    _invoke_service(): getTopic  ('_IPS_MONITOR',)
2026-04-24 12:12:02,900 fastran_driver_fastran_driver_2 DEBUG    _get_service_response(REQUEST|fastran_FPP_000001@fastran_driver@2|FRAMEWORK@Framework@0|176)
2026-04-24 12:12:02,911 fastran_driver_fastran_driver_2 DEBUG    _get_service_response(REQUEST|fastran_FPP_000001@fastran_driver@2|FRAMEWORK@Framework@0|176), response = ServiceResponseMessage(sender_id=FRAMEWORK@Framework@0, receiver_id=fastran_FPP_000001@fastran_driver@2, request_msg_id=REQUEST|fastran_FPP_000001@fastran_driver@2|FRAMEWORK@Framework@0|176,status=0, args=(<ipsframework.cca_es_spec.Topic object at 0x7fbffd5c6610>,), message_id=RESPONSE|FRAMEWORK@Framework@0|fastran_FPP_000001@fastran_driver@2|469)
2026-04-24 12:12:02,911 fastran_driver_fastran_driver_2 DEBUG    _invoke_service(): sendEvent  ('_IPS_MONITOR', 'PORTAL_EVENT', {'sim_name': 'fastran_FPP_000001', 'real_sim_name': 'fastran_FPP_000001', 'portal_data': {'code': 'fastran_driver_fastran_driver', 'eventtype': 'IPS_CALL_END', 'ok': True, 'walltime': '56.40', 'time': '2026-04-24|12:12:02PDT', 'trace': {'timestamp': 1777057922581864, 'duration': 318400, 'localEndpoint': {'serviceName': 'fastran_FPP_000001@impurity_radiation@5'}, 'name': 'step(3)', 'id': '917c9fa0783dd566', 'parentId': 'f899e3e5886669ce', 'tags': {}}, 'state': 'Running', 'comment': 'Target = fastran_FPP_000001@impurity_radiation@5:step(3)'}})
2026-04-24 12:12:02,911 fastran_driver_fastran_driver_2 DEBUG    _get_service_response(REQUEST|fastran_FPP_000001@fastran_driver@2|FRAMEWORK@Framework@0|177)
2026-04-24 12:12:02,922 fastran_driver_fastran_driver_2 DEBUG    _get_service_response(REQUEST|fastran_FPP_000001@fastran_driver@2|FRAMEWORK@Framework@0|177), response = ServiceResponseMessage(sender_id=FRAMEWORK@Framework@0, receiver_id=fastran_FPP_000001@fastran_driver@2, request_msg_id=REQUEST|fastran_FPP_000001@fastran_driver@2|FRAMEWORK@Framework@0|177,status=0, args=(None,), message_id=RESPONSE|FRAMEWORK@Framework@0|fastran_FPP_000001@fastran_driver@2|470)
2026-04-24 12:12:02,922 fastran_driver_fastran_driver_2 DEBUG    _invoke_service(): getTopic  ('_IPS_MONITOR',)
2026-04-24 12:12:02,922 fastran_driver_fastran_driver_2 DEBUG    _get_service_response(REQUEST|fastran_FPP_000001@fastran_driver@2|FRAMEWORK@Framework@0|178)
2026-04-24 12:12:02,933 fastran_driver_fastran_driver_2 DEBUG    _get_service_response(REQUEST|fastran_FPP_000001@fastran_driver@2|FRAMEWORK@Framework@0|178), response = ServiceResponseMessage(sender_id=FRAMEWORK@Framework@0, receiver_id=fastran_FPP_000001@fastran_driver@2, request_msg_id=REQUEST|fastran_FPP_000001@fastran_driver@2|FRAMEWORK@Framework@0|178,status=0, args=(<ipsframework.cca_es_spec.Topic object at 0x7fbffd5c6f70>,), message_id=RESPONSE|FRAMEWORK@Framework@0|fastran_FPP_000001@fastran_driver@2|471)
2026-04-24 12:12:02,933 fastran_driver_fastran_driver_2 DEBUG    _invoke_service(): sendEvent  ('_IPS_MONITOR', 'PORTAL_EVENT', {'sim_name': 'fastran_FPP_000001', 'real_sim_name': 'fastran_FPP_000001', 'portal_data': {'code': 'fastran_driver_fastran_driver', 'eventtype': 'IPS_CALL_BEGIN', 'ok': True, 'walltime': '56.43', 'time': '2026-04-24|12:12:02PDT', 'state': 'Running', 'comment': 'Target = fastran_FPP_000001@hcd_model@6:step(3)'}})
2026-04-24 12:12:02,933 fastran_driver_fastran_driver_2 DEBUG    _get_service_response(REQUEST|fastran_FPP_000001@fastran_driver@2|FRAMEWORK@Framework@0|179)
2026-04-24 12:12:02,944 fastran_driver_fastran_driver_2 DEBUG    _get_service_response(REQUEST|fastran_FPP_000001@fastran_driver@2|FRAMEWORK@Framework@0|179), response = ServiceResponseMessage(sender_id=FRAMEWORK@Framework@0, receiver_id=fastran_FPP_000001@fastran_driver@2, request_msg_id=REQUEST|fastran_FPP_000001@fastran_driver@2|FRAMEWORK@Framework@0|179,status=0, args=(None,), message_id=RESPONSE|FRAMEWORK@Framework@0|fastran_FPP_000001@fastran_driver@2|472)
2026-04-24 12:12:02,944 fastran_driver_fastran_driver_2 DEBUG    _invoke_service(): init_call  ('step', 3)
2026-04-24 12:12:02,944 fastran_driver_fastran_driver_2 DEBUG    _get_service_response(REQUEST|fastran_FPP_000001@fastran_driver@2|FRAMEWORK@Framework@0|180)
2026-04-24 12:12:02,945 fastran_ic_hcd_model_6 DEBUG    Received Message 
2026-04-24 12:12:02,945 fastran_ic_hcd_model_6 DEBUG    Calling method step(3)
2026-04-24 12:12:02,945 fastran_ic_hcd_model_6 DEBUG    _invoke_service(): stage_state  (['s000001.00001', 'g000001.00001', 'i000001.00001'], '/pscratch/sd/h/hswils/github_repos/MANTA_DBSCANS/RAD_Ar_coronal/SCAN/work/plasma_state', '/pscratch/sd/h/hswils/github_repos/MANTA_DBSCANS/RAD_Ar_coronal/SCAN/work/fastran_ic_hcd_model_6')
2026-04-24 12:12:02,945 fastran_ic_hcd_model_6 DEBUG    _get_service_response(REQUEST|fastran_FPP_000001@hcd_model@6|FRAMEWORK@Framework@0|30)
2026-04-24 12:12:02,955 fastran_driver_fastran_driver_2 DEBUG    _get_service_response(REQUEST|fastran_FPP_000001@fastran_driver@2|FRAMEWORK@Framework@0|180), response = ServiceResponseMessage(sender_id=FRAMEWORK@Framework@0, receiver_id=fastran_FPP_000001@fastran_driver@2, request_msg_id=REQUEST|fastran_FPP_000001@fastran_driver@2|FRAMEWORK@Framework@0|180,status=0, args=(32,), message_id=RESPONSE|FRAMEWORK@Framework@0|fastran_FPP_000001@fastran_driver@2|473)
2026-04-24 12:12:02,955 fastran_driver_fastran_driver_2 DEBUG    _invoke_service(): wait_call  (32, True)
2026-04-24 12:12:02,955 fastran_driver_fastran_driver_2 DEBUG    _get_service_response(REQUEST|fastran_FPP_000001@fastran_driver@2|FRAMEWORK@Framework@0|181)
2026-04-24 12:12:02,966 fastran_ic_hcd_model_6 DEBUG    _get_service_response(REQUEST|fastran_FPP_000001@hcd_model@6|FRAMEWORK@Framework@0|30), response = ServiceResponseMessage(sender_id=FRAMEWORK@Framework@0, receiver_id=fastran_FPP_000001@hcd_model@6, request_msg_id=REQUEST|fastran_FPP_000001@hcd_model@6|FRAMEWORK@Framework@0|30,status=0, args=(0,), message_id=RESPONSE|FRAMEWORK@Framework@0|fastran_FPP_000001@hcd_model@6|474)
2026-04-24 12:12:02,966 fastran_ic_hcd_model_6 DEBUG    _invoke_service(): getTopic  ('_IPS_MONITOR',)
2026-04-24 12:12:02,966 fastran_ic_hcd_model_6 DEBUG    _get_service_response(REQUEST|fastran_FPP_000001@hcd_model@6|FRAMEWORK@Framework@0|31)
2026-04-24 12:12:02,977 fastran_ic_hcd_model_6 DEBUG    _get_service_response(REQUEST|fastran_FPP_000001@hcd_model@6|FRAMEWORK@Framework@0|31), response = ServiceResponseMessage(sender_id=FRAMEWORK@Framework@0, receiver_id=fastran_FPP_000001@hcd_model@6, request_msg_id=REQUEST|fastran_FPP_000001@hcd_model@6|FRAMEWORK@Framework@0|31,status=0, args=(<ipsframework.cca_es_spec.Topic object at 0x7fbffd429610>,), message_id=RESPONSE|FRAMEWORK@Framework@0|fastran_FPP_000001@hcd_model@6|475)
2026-04-24 12:12:02,977 fastran_ic_hcd_model_6 DEBUG    _invoke_service(): sendEvent  ('_IPS_MONITOR', 'PORTAL_EVENT', {'sim_name': 'fastran_FPP_000001', 'real_sim_name': 'fastran_FPP_000001', 'portal_data': {'code': 'fastran_ic_hcd_model', 'eventtype': 'IPS_STAGE_STATE', 'ok': True, 'walltime': '56.47', 'time': '2026-04-24|12:12:02PDT', 'trace': {'timestamp': 1777057922945356, 'duration': 21403, 'localEndpoint': {'serviceName': 'stage_state'}, 'name': "['s000001.00001', 'g000001.00001', 'i000001.00001']", 'id': '71885aecf25d7412', 'parentId': '7a17970e6e5ad390', 'tags': {}}, 'state': 'Running', 'comment': 'Elapsed time = 0.021  files = s000001.00001 g000001.00001 i000001.00001 Success'}})
2026-04-24 12:12:02,977 fastran_ic_hcd_model_6 DEBUG    _get_service_response(REQUEST|fastran_FPP_000001@hcd_model@6|FRAMEWORK@Framework@0|32)
2026-04-24 12:12:02,988 fastran_ic_hcd_model_6 DEBUG    _get_service_response(REQUEST|fastran_FPP_000001@hcd_model@6|FRAMEWORK@Framework@0|32), response = ServiceResponseMessage(sender_id=FRAMEWORK@Framework@0, receiver_id=fastran_FPP_000001@hcd_model@6, request_msg_id=REQUEST|fastran_FPP_000001@hcd_model@6|FRAMEWORK@Framework@0|32,status=0, args=(None,), message_id=RESPONSE|FRAMEWORK@Framework@0|fastran_FPP_000001@hcd_model@6|476)
2026-04-24 12:12:02,992 fastran_ic_hcd_model_6 DEBUG    _invoke_service(): getTopic  ('_IPS_MONITOR',)
2026-04-24 12:12:02,992 fastran_ic_hcd_model_6 DEBUG    _get_service_response(REQUEST|fastran_FPP_000001@hcd_model@6|FRAMEWORK@Framework@0|33)
2026-04-24 12:12:03,003 fastran_ic_hcd_model_6 DEBUG    _get_service_response(REQUEST|fastran_FPP_000001@hcd_model@6|FRAMEWORK@Framework@0|33), response = ServiceResponseMessage(sender_id=FRAMEWORK@Framework@0, receiver_id=fastran_FPP_000001@hcd_model@6, request_msg_id=REQUEST|fastran_FPP_000001@hcd_model@6|FRAMEWORK@Framework@0|33,status=0, args=(<ipsframework.cca_es_spec.Topic object at 0x7fbffd4293d0>,), message_id=RESPONSE|FRAMEWORK@Framework@0|fastran_FPP_000001@hcd_model@6|477)
2026-04-24 12:12:03,003 fastran_ic_hcd_model_6 DEBUG    _invoke_service(): sendEvent  ('_IPS_MONITOR', 'PORTAL_EVENT', {'sim_name': 'fastran_FPP_000001', 'real_sim_name': 'fastran_FPP_000001', 'portal_data': {'code': 'fastran_ic_hcd_model', 'eventtype': 'IPS_STAGE_INPUTS', 'ok': True, 'walltime': '56.50', 'time': '2026-04-24|12:12:02PDT', 'trace': {'timestamp': 1777057922988142, 'duration': 4708, 'localEndpoint': {'serviceName': 'stage_input_files'}, 'name': 'inhcd', 'id': '5ee53c28a9607896', 'parentId': '7a17970e6e5ad390', 'tags': {}}, 'state': 'Running', 'comment': 'Elapsed time = 0.005 Path = /pscratch/sd/h/hswils/github_repos/MANTA_DBSCANS/RAD_Ar_coronal/input Files = inhcd'}})
2026-04-24 12:12:03,003 fastran_ic_hcd_model_6 DEBUG    _get_service_response(REQUEST|fastran_FPP_000001@hcd_model@6|FRAMEWORK@Framework@0|34)
2026-04-24 12:12:03,014 fastran_ic_hcd_model_6 DEBUG    _get_service_response(REQUEST|fastran_FPP_000001@hcd_model@6|FRAMEWORK@Framework@0|34), response = ServiceResponseMessage(sender_id=FRAMEWORK@Framework@0, receiver_id=fastran_FPP_000001@hcd_model@6, request_msg_id=REQUEST|fastran_FPP_000001@hcd_model@6|FRAMEWORK@Framework@0|34,status=0, args=(None,), message_id=RESPONSE|FRAMEWORK@Framework@0|fastran_FPP_000001@hcd_model@6|478)
2026-04-24 12:12:03,139 fastran_ic_hcd_model_6 DEBUG    _invoke_service(): update_state  (['s000001.00001', 'g000001.00001', 'i000001.00001'], '/pscratch/sd/h/hswils/github_repos/MANTA_DBSCANS/RAD_Ar_coronal/SCAN/work/fastran_ic_hcd_model_6', '/pscratch/sd/h/hswils/github_repos/MANTA_DBSCANS/RAD_Ar_coronal/SCAN/work/plasma_state')
2026-04-24 12:12:03,139 fastran_ic_hcd_model_6 DEBUG    _get_service_response(REQUEST|fastran_FPP_000001@hcd_model@6|FRAMEWORK@Framework@0|35)
2026-04-24 12:12:03,161 fastran_ic_hcd_model_6 DEBUG    _get_service_response(REQUEST|fastran_FPP_000001@hcd_model@6|FRAMEWORK@Framework@0|35), response = ServiceResponseMessage(sender_id=FRAMEWORK@Framework@0, receiver_id=fastran_FPP_000001@hcd_model@6, request_msg_id=REQUEST|fastran_FPP_000001@hcd_model@6|FRAMEWORK@Framework@0|35,status=0, args=(0,), message_id=RESPONSE|FRAMEWORK@Framework@0|fastran_FPP_000001@hcd_model@6|480)
2026-04-24 12:12:03,161 fastran_ic_hcd_model_6 DEBUG    _invoke_service(): getTopic  ('_IPS_MONITOR',)
2026-04-24 12:12:03,161 fastran_ic_hcd_model_6 DEBUG    _get_service_response(REQUEST|fastran_FPP_000001@hcd_model@6|FRAMEWORK@Framework@0|36)
2026-04-24 12:12:03,171 fastran_ic_hcd_model_6 DEBUG    _get_service_response(REQUEST|fastran_FPP_000001@hcd_model@6|FRAMEWORK@Framework@0|36), response = ServiceResponseMessage(sender_id=FRAMEWORK@Framework@0, receiver_id=fastran_FPP_000001@hcd_model@6, request_msg_id=REQUEST|fastran_FPP_000001@hcd_model@6|FRAMEWORK@Framework@0|36,status=0, args=(<ipsframework.cca_es_spec.Topic object at 0x7fbffd429220>,), message_id=RESPONSE|FRAMEWORK@Framework@0|fastran_FPP_000001@hcd_model@6|481)
2026-04-24 12:12:03,171 fastran_ic_hcd_model_6 DEBUG    _invoke_service(): sendEvent  ('_IPS_MONITOR', 'PORTAL_EVENT', {'sim_name': 'fastran_FPP_000001', 'real_sim_name': 'fastran_FPP_000001', 'portal_data': {'code': 'fastran_ic_hcd_model', 'eventtype': 'IPS_UPDATE_STATE', 'ok': True, 'walltime': '56.66', 'time': '2026-04-24|12:12:03PDT', 'trace': {'timestamp': 1777057923139396, 'duration': 21780, 'localEndpoint': {'serviceName': 'update_state'}, 'name': "['s000001.00001', 'g000001.00001', 'i000001.00001']", 'id': '7629e189a66153c0', 'parentId': '7a17970e6e5ad390', 'tags': {}}, 'state': 'Running', 'comment': 'Elapsed time = 0.022   files = s000001.00001 g000001.00001 i000001.00001 Success'}})
2026-04-24 12:12:03,172 fastran_ic_hcd_model_6 DEBUG    _get_service_response(REQUEST|fastran_FPP_000001@hcd_model@6|FRAMEWORK@Framework@0|37)
2026-04-24 12:12:03,182 fastran_ic_hcd_model_6 DEBUG    _get_service_response(REQUEST|fastran_FPP_000001@hcd_model@6|FRAMEWORK@Framework@0|37), response = ServiceResponseMessage(sender_id=FRAMEWORK@Framework@0, receiver_id=fastran_FPP_000001@hcd_model@6, request_msg_id=REQUEST|fastran_FPP_000001@hcd_model@6|FRAMEWORK@Framework@0|37,status=0, args=(None,), message_id=RESPONSE|FRAMEWORK@Framework@0|fastran_FPP_000001@hcd_model@6|482)
2026-04-24 12:12:03,182 fastran_ic_hcd_model_6 DEBUG    _invoke_service(): getTopic  ('_IPS_MONITOR',)
2026-04-24 12:12:03,182 fastran_ic_hcd_model_6 DEBUG    _get_service_response(REQUEST|fastran_FPP_000001@hcd_model@6|FRAMEWORK@Framework@0|38)
2026-04-24 12:12:03,193 fastran_ic_hcd_model_6 DEBUG    _get_service_response(REQUEST|fastran_FPP_000001@hcd_model@6|FRAMEWORK@Framework@0|38), response = ServiceResponseMessage(sender_id=FRAMEWORK@Framework@0, receiver_id=fastran_FPP_000001@hcd_model@6, request_msg_id=REQUEST|fastran_FPP_000001@hcd_model@6|FRAMEWORK@Framework@0|38,status=0, args=(<ipsframework.cca_es_spec.Topic object at 0x7fbffd429190>,), message_id=RESPONSE|FRAMEWORK@Framework@0|fastran_FPP_000001@hcd_model@6|483)
2026-04-24 12:12:03,193 fastran_ic_hcd_model_6 DEBUG    _invoke_service(): sendEvent  ('_IPS_MONITOR', 'PORTAL_EVENT', {'sim_name': 'fastran_FPP_000001', 'real_sim_name': 'fastran_FPP_000001', 'portal_data': {'code': 'fastran_ic_hcd_model', 'eventtype': 'IPS_STAGE_OUTPUTS', 'ok': True, 'walltime': '56.69', 'time': '2026-04-24|12:12:03PDT', 'trace': {'timestamp': 1777057923182465, 'duration': 212, 'localEndpoint': {'serviceName': 'stage_output_files'}, 'name': '[]', 'id': 'ed019efe11be26d9', 'parentId': '7a17970e6e5ad390', 'tags': {}}, 'state': 'Running', 'comment': 'Elapsed time = 0.000 Path = /pscratch/sd/h/hswils/github_repos/MANTA_DBSCANS/RAD_Ar_coronal/SCAN/simulation_results/3/components/fastran_ic_hcd_model_6 Files = []'}})
2026-04-24 12:12:03,193 fastran_ic_hcd_model_6 DEBUG    _get_service_response(REQUEST|fastran_FPP_000001@hcd_model@6|FRAMEWORK@Framework@0|39)
2026-04-24 12:12:03,204 fastran_ic_hcd_model_6 DEBUG    _get_service_response(REQUEST|fastran_FPP_000001@hcd_model@6|FRAMEWORK@Framework@0|39), response = ServiceResponseMessage(sender_id=FRAMEWORK@Framework@0, receiver_id=fastran_FPP_000001@hcd_model@6, request_msg_id=REQUEST|fastran_FPP_000001@hcd_model@6|FRAMEWORK@Framework@0|39,status=0, args=(None,), message_id=RESPONSE|FRAMEWORK@Framework@0|fastran_FPP_000001@hcd_model@6|484)
2026-04-24 12:12:03,214 fastran_driver_fastran_driver_2 DEBUG    _get_service_response(REQUEST|fastran_FPP_000001@fastran_driver@2|FRAMEWORK@Framework@0|181), response = ServiceResponseMessage(sender_id=FRAMEWORK@Framework@0, receiver_id=fastran_FPP_000001@fastran_driver@2, request_msg_id=REQUEST|fastran_FPP_000001@fastran_driver@2|FRAMEWORK@Framework@0|181,status=0, args=((None,),), message_id=RESPONSE|FRAMEWORK@Framework@0|fastran_FPP_000001@fastran_driver@2|485)
2026-04-24 12:12:03,215 fastran_driver_fastran_driver_2 DEBUG    _invoke_service(): getTopic  ('_IPS_MONITOR',)
2026-04-24 12:12:03,215 fastran_driver_fastran_driver_2 DEBUG    _get_service_response(REQUEST|fastran_FPP_000001@fastran_driver@2|FRAMEWORK@Framework@0|182)
2026-04-24 12:12:03,226 fastran_driver_fastran_driver_2 DEBUG    _get_service_response(REQUEST|fastran_FPP_000001@fastran_driver@2|FRAMEWORK@Framework@0|182), response = ServiceResponseMessage(sender_id=FRAMEWORK@Framework@0, receiver_id=fastran_FPP_000001@fastran_driver@2, request_msg_id=REQUEST|fastran_FPP_000001@fastran_driver@2|FRAMEWORK@Framework@0|182,status=0, args=(<ipsframework.cca_es_spec.Topic object at 0x7fbffd5c6a60>,), message_id=RESPONSE|FRAMEWORK@Framework@0|fastran_FPP_000001@fastran_driver@2|486)
2026-04-24 12:12:03,226 fastran_driver_fastran_driver_2 DEBUG    _invoke_service(): sendEvent  ('_IPS_MONITOR', 'PORTAL_EVENT', {'sim_name': 'fastran_FPP_000001', 'real_sim_name': 'fastran_FPP_000001', 'portal_data': {'code': 'fastran_driver_fastran_driver', 'eventtype': 'IPS_CALL_END', 'ok': True, 'walltime': '56.72', 'time': '2026-04-24|12:12:03PDT', 'trace': {'timestamp': 1777057922955369, 'duration': 259741, 'localEndpoint': {'serviceName': 'fastran_FPP_000001@hcd_model@6'}, 'name': 'step(3)', 'id': '7a17970e6e5ad390', 'parentId': 'f899e3e5886669ce', 'tags': {}}, 'state': 'Running', 'comment': 'Target = fastran_FPP_000001@hcd_model@6:step(3)'}})
2026-04-24 12:12:03,226 fastran_driver_fastran_driver_2 DEBUG    _get_service_response(REQUEST|fastran_FPP_000001@fastran_driver@2|FRAMEWORK@Framework@0|183)
2026-04-24 12:12:03,237 fastran_driver_fastran_driver_2 DEBUG    _get_service_response(REQUEST|fastran_FPP_000001@fastran_driver@2|FRAMEWORK@Framework@0|183), response = ServiceResponseMessage(sender_id=FRAMEWORK@Framework@0, receiver_id=fastran_FPP_000001@fastran_driver@2, request_msg_id=REQUEST|fastran_FPP_000001@fastran_driver@2|FRAMEWORK@Framework@0|183,status=0, args=(None,), message_id=RESPONSE|FRAMEWORK@Framework@0|fastran_FPP_000001@fastran_driver@2|487)
2026-04-24 12:12:03,237 fastran_driver_fastran_driver_2 DEBUG    _invoke_service(): getTopic  ('_IPS_MONITOR',)
2026-04-24 12:12:03,237 fastran_driver_fastran_driver_2 DEBUG    _get_service_response(REQUEST|fastran_FPP_000001@fastran_driver@2|FRAMEWORK@Framework@0|184)
2026-04-24 12:12:03,248 fastran_driver_fastran_driver_2 DEBUG    _get_service_response(REQUEST|fastran_FPP_000001@fastran_driver@2|FRAMEWORK@Framework@0|184), response = ServiceResponseMessage(sender_id=FRAMEWORK@Framework@0, receiver_id=fastran_FPP_000001@fastran_driver@2, request_msg_id=REQUEST|fastran_FPP_000001@fastran_driver@2|FRAMEWORK@Framework@0|184,status=0, args=(<ipsframework.cca_es_spec.Topic object at 0x7fbffd5c6fa0>,), message_id=RESPONSE|FRAMEWORK@Framework@0|fastran_FPP_000001@fastran_driver@2|488)
2026-04-24 12:12:03,248 fastran_driver_fastran_driver_2 DEBUG    _invoke_service(): sendEvent  ('_IPS_MONITOR', 'PORTAL_EVENT', {'sim_name': 'fastran_FPP_000001', 'real_sim_name': 'fastran_FPP_000001', 'portal_data': {'code': 'fastran_driver_fastran_driver', 'eventtype': 'IPS_CALL_BEGIN', 'ok': True, 'walltime': '56.74', 'time': '2026-04-24|12:12:03PDT', 'state': 'Running', 'comment': 'Target = fastran_FPP_000001@efit@7:step(3)'}})
2026-04-24 12:12:03,248 fastran_driver_fastran_driver_2 DEBUG    _get_service_response(REQUEST|fastran_FPP_000001@fastran_driver@2|FRAMEWORK@Framework@0|185)
2026-04-24 12:12:03,259 fastran_driver_fastran_driver_2 DEBUG    _get_service_response(REQUEST|fastran_FPP_000001@fastran_driver@2|FRAMEWORK@Framework@0|185), response = ServiceResponseMessage(sender_id=FRAMEWORK@Framework@0, receiver_id=fastran_FPP_000001@fastran_driver@2, request_msg_id=REQUEST|fastran_FPP_000001@fastran_driver@2|FRAMEWORK@Framework@0|185,status=0, args=(None,), message_id=RESPONSE|FRAMEWORK@Framework@0|fastran_FPP_000001@fastran_driver@2|489)
2026-04-24 12:12:03,259 fastran_driver_fastran_driver_2 DEBUG    _invoke_service(): init_call  ('step', 3)
2026-04-24 12:12:03,259 fastran_driver_fastran_driver_2 DEBUG    _get_service_response(REQUEST|fastran_FPP_000001@fastran_driver@2|FRAMEWORK@Framework@0|186)
2026-04-24 12:12:03,260 fastran_eq_efit_7 DEBUG    Received Message 
2026-04-24 12:12:03,260 fastran_eq_efit_7 DEBUG    Calling method step(3)
2026-04-24 12:12:03,260 fastran_eq_efit_7 DEBUG    _invoke_service(): stage_state  (['s000001.00001', 'g000001.00001', 'i000001.00001'], '/pscratch/sd/h/hswils/github_repos/MANTA_DBSCANS/RAD_Ar_coronal/SCAN/work/plasma_state', '/pscratch/sd/h/hswils/github_repos/MANTA_DBSCANS/RAD_Ar_coronal/SCAN/work/fastran_eq_efit_7')
2026-04-24 12:12:03,260 fastran_eq_efit_7 DEBUG    _get_service_response(REQUEST|fastran_FPP_000001@efit@7|FRAMEWORK@Framework@0|24)
2026-04-24 12:12:03,270 fastran_driver_fastran_driver_2 DEBUG    _get_service_response(REQUEST|fastran_FPP_000001@fastran_driver@2|FRAMEWORK@Framework@0|186), response = ServiceResponseMessage(sender_id=FRAMEWORK@Framework@0, receiver_id=fastran_FPP_000001@fastran_driver@2, request_msg_id=REQUEST|fastran_FPP_000001@fastran_driver@2|FRAMEWORK@Framework@0|186,status=0, args=(33,), message_id=RESPONSE|FRAMEWORK@Framework@0|fastran_FPP_000001@fastran_driver@2|490)
2026-04-24 12:12:03,270 fastran_driver_fastran_driver_2 DEBUG    _invoke_service(): wait_call  (33, True)
2026-04-24 12:12:03,270 fastran_driver_fastran_driver_2 DEBUG    _get_service_response(REQUEST|fastran_FPP_000001@fastran_driver@2|FRAMEWORK@Framework@0|187)
2026-04-24 12:12:03,282 fastran_eq_efit_7 DEBUG    _get_service_response(REQUEST|fastran_FPP_000001@efit@7|FRAMEWORK@Framework@0|24), response = ServiceResponseMessage(sender_id=FRAMEWORK@Framework@0, receiver_id=fastran_FPP_000001@efit@7, request_msg_id=REQUEST|fastran_FPP_000001@efit@7|FRAMEWORK@Framework@0|24,status=0, args=(0,), message_id=RESPONSE|FRAMEWORK@Framework@0|fastran_FPP_000001@efit@7|491)
2026-04-24 12:12:03,282 fastran_eq_efit_7 DEBUG    _invoke_service(): getTopic  ('_IPS_MONITOR',)
2026-04-24 12:12:03,282 fastran_eq_efit_7 DEBUG    _get_service_response(REQUEST|fastran_FPP_000001@efit@7|FRAMEWORK@Framework@0|25)
2026-04-24 12:12:03,293 fastran_eq_efit_7 DEBUG    _get_service_response(REQUEST|fastran_FPP_000001@efit@7|FRAMEWORK@Framework@0|25), response = ServiceResponseMessage(sender_id=FRAMEWORK@Framework@0, receiver_id=fastran_FPP_000001@efit@7, request_msg_id=REQUEST|fastran_FPP_000001@efit@7|FRAMEWORK@Framework@0|25,status=0, args=(<ipsframework.cca_es_spec.Topic object at 0x7fbffd423670>,), message_id=RESPONSE|FRAMEWORK@Framework@0|fastran_FPP_000001@efit@7|492)
2026-04-24 12:12:03,293 fastran_eq_efit_7 DEBUG    _invoke_service(): sendEvent  ('_IPS_MONITOR', 'PORTAL_EVENT', {'sim_name': 'fastran_FPP_000001', 'real_sim_name': 'fastran_FPP_000001', 'portal_data': {'code': 'fastran_eq_efit', 'eventtype': 'IPS_STAGE_STATE', 'ok': True, 'walltime': '56.79', 'time': '2026-04-24|12:12:03PDT', 'trace': {'timestamp': 1777057923260358, 'duration': 21939, 'localEndpoint': {'serviceName': 'stage_state'}, 'name': "['s000001.00001', 'g000001.00001', 'i000001.00001']", 'id': '71885aecf25d7412', 'parentId': '1317b13b8666eb0a', 'tags': {}}, 'state': 'Running', 'comment': 'Elapsed time = 0.022  files = s000001.00001 g000001.00001 i000001.00001 Success'}})
2026-04-24 12:12:03,293 fastran_eq_efit_7 DEBUG    _get_service_response(REQUEST|fastran_FPP_000001@efit@7|FRAMEWORK@Framework@0|26)
2026-04-24 12:12:03,303 fastran_eq_efit_7 DEBUG    _get_service_response(REQUEST|fastran_FPP_000001@efit@7|FRAMEWORK@Framework@0|26), response = ServiceResponseMessage(sender_id=FRAMEWORK@Framework@0, receiver_id=fastran_FPP_000001@efit@7, request_msg_id=REQUEST|fastran_FPP_000001@efit@7|FRAMEWORK@Framework@0|26,status=0, args=(None,), message_id=RESPONSE|FRAMEWORK@Framework@0|fastran_FPP_000001@efit@7|493)
2026-04-24 12:12:05,799 fastran_eq_efit_7 DEBUG    _invoke_service(): update_state  (['s000001.00001', 'g000001.00001', 'i000001.00001'], '/pscratch/sd/h/hswils/github_repos/MANTA_DBSCANS/RAD_Ar_coronal/SCAN/work/fastran_eq_efit_7', '/pscratch/sd/h/hswils/github_repos/MANTA_DBSCANS/RAD_Ar_coronal/SCAN/work/plasma_state')
2026-04-24 12:12:05,799 fastran_eq_efit_7 DEBUG    _get_service_response(REQUEST|fastran_FPP_000001@efit@7|FRAMEWORK@Framework@0|27)
2026-04-24 12:12:05,820 fastran_eq_efit_7 DEBUG    _get_service_response(REQUEST|fastran_FPP_000001@efit@7|FRAMEWORK@Framework@0|27), response = ServiceResponseMessage(sender_id=FRAMEWORK@Framework@0, receiver_id=fastran_FPP_000001@efit@7, request_msg_id=REQUEST|fastran_FPP_000001@efit@7|FRAMEWORK@Framework@0|27,status=0, args=(0,), message_id=RESPONSE|FRAMEWORK@Framework@0|fastran_FPP_000001@efit@7|499)
2026-04-24 12:12:05,820 fastran_eq_efit_7 DEBUG    _invoke_service(): getTopic  ('_IPS_MONITOR',)
2026-04-24 12:12:05,820 fastran_eq_efit_7 DEBUG    _get_service_response(REQUEST|fastran_FPP_000001@efit@7|FRAMEWORK@Framework@0|28)
2026-04-24 12:12:05,831 fastran_eq_efit_7 DEBUG    _get_service_response(REQUEST|fastran_FPP_000001@efit@7|FRAMEWORK@Framework@0|28), response = ServiceResponseMessage(sender_id=FRAMEWORK@Framework@0, receiver_id=fastran_FPP_000001@efit@7, request_msg_id=REQUEST|fastran_FPP_000001@efit@7|FRAMEWORK@Framework@0|28,status=0, args=(<ipsframework.cca_es_spec.Topic object at 0x7fbffd43e520>,), message_id=RESPONSE|FRAMEWORK@Framework@0|fastran_FPP_000001@efit@7|500)
2026-04-24 12:12:05,831 fastran_eq_efit_7 DEBUG    _invoke_service(): sendEvent  ('_IPS_MONITOR', 'PORTAL_EVENT', {'sim_name': 'fastran_FPP_000001', 'real_sim_name': 'fastran_FPP_000001', 'portal_data': {'code': 'fastran_eq_efit', 'eventtype': 'IPS_UPDATE_STATE', 'ok': True, 'walltime': '59.32', 'time': '2026-04-24|12:12:05PDT', 'trace': {'timestamp': 1777057925799055, 'duration': 21376, 'localEndpoint': {'serviceName': 'update_state'}, 'name': "['s000001.00001', 'g000001.00001', 'i000001.00001']", 'id': '7629e189a66153c0', 'parentId': '1317b13b8666eb0a', 'tags': {}}, 'state': 'Running', 'comment': 'Elapsed time = 0.021   files = s000001.00001 g000001.00001 i000001.00001 Success'}})
2026-04-24 12:12:05,831 fastran_eq_efit_7 DEBUG    _get_service_response(REQUEST|fastran_FPP_000001@efit@7|FRAMEWORK@Framework@0|29)
2026-04-24 12:12:05,841 fastran_eq_efit_7 DEBUG    _get_service_response(REQUEST|fastran_FPP_000001@efit@7|FRAMEWORK@Framework@0|29), response = ServiceResponseMessage(sender_id=FRAMEWORK@Framework@0, receiver_id=fastran_FPP_000001@efit@7, request_msg_id=REQUEST|fastran_FPP_000001@efit@7|FRAMEWORK@Framework@0|29,status=0, args=(None,), message_id=RESPONSE|FRAMEWORK@Framework@0|fastran_FPP_000001@efit@7|501)
2026-04-24 12:12:05,867 fastran_eq_efit_7 DEBUG    _invoke_service(): getTopic  ('_IPS_MONITOR',)
2026-04-24 12:12:05,867 fastran_eq_efit_7 DEBUG    _get_service_response(REQUEST|fastran_FPP_000001@efit@7|FRAMEWORK@Framework@0|30)
2026-04-24 12:12:05,878 fastran_eq_efit_7 DEBUG    _get_service_response(REQUEST|fastran_FPP_000001@efit@7|FRAMEWORK@Framework@0|30), response = ServiceResponseMessage(sender_id=FRAMEWORK@Framework@0, receiver_id=fastran_FPP_000001@efit@7, request_msg_id=REQUEST|fastran_FPP_000001@efit@7|FRAMEWORK@Framework@0|30,status=0, args=(<ipsframework.cca_es_spec.Topic object at 0x7fbffd43e3a0>,), message_id=RESPONSE|FRAMEWORK@Framework@0|fastran_FPP_000001@efit@7|502)
2026-04-24 12:12:05,878 fastran_eq_efit_7 DEBUG    _invoke_service(): sendEvent  ('_IPS_MONITOR', 'PORTAL_EVENT', {'sim_name': 'fastran_FPP_000001', 'real_sim_name': 'fastran_FPP_000001', 'portal_data': {'code': 'fastran_eq_efit', 'eventtype': 'IPS_STAGE_OUTPUTS', 'ok': True, 'walltime': '59.37', 'time': '2026-04-24|12:12:05PDT', 'trace': {'timestamp': 1777057925841717, 'duration': 25384, 'localEndpoint': {'serviceName': 'stage_output_files'}, 'name': "['g*.*', 'a*.*', 'm*.*', 'k*.*', 'efit.log', 's*.*']", 'id': '80725d8eee5776f1', 'parentId': '1317b13b8666eb0a', 'tags': {}}, 'state': 'Running', 'comment': "Elapsed time = 0.025 Path = /pscratch/sd/h/hswils/github_repos/MANTA_DBSCANS/RAD_Ar_coronal/SCAN/simulation_results/3/components/fastran_eq_efit_7 Files = ['g*.*', 'a*.*', 'm*.*', 'k*.*', 'efit.log', 's*.*']"}})
2026-04-24 12:12:05,878 fastran_eq_efit_7 DEBUG    _get_service_response(REQUEST|fastran_FPP_000001@efit@7|FRAMEWORK@Framework@0|31)
2026-04-24 12:12:05,891 fastran_eq_efit_7 DEBUG    _get_service_response(REQUEST|fastran_FPP_000001@efit@7|FRAMEWORK@Framework@0|31), response = ServiceResponseMessage(sender_id=FRAMEWORK@Framework@0, receiver_id=fastran_FPP_000001@efit@7, request_msg_id=REQUEST|fastran_FPP_000001@efit@7|FRAMEWORK@Framework@0|31,status=0, args=(None,), message_id=RESPONSE|FRAMEWORK@Framework@0|fastran_FPP_000001@efit@7|503)
2026-04-24 12:12:05,903 fastran_driver_fastran_driver_2 DEBUG    _get_service_response(REQUEST|fastran_FPP_000001@fastran_driver@2|FRAMEWORK@Framework@0|187), response = ServiceResponseMessage(sender_id=FRAMEWORK@Framework@0, receiver_id=fastran_FPP_000001@fastran_driver@2, request_msg_id=REQUEST|fastran_FPP_000001@fastran_driver@2|FRAMEWORK@Framework@0|187,status=0, args=((None,),), message_id=RESPONSE|FRAMEWORK@Framework@0|fastran_FPP_000001@fastran_driver@2|504)
2026-04-24 12:12:05,904 fastran_driver_fastran_driver_2 DEBUG    _invoke_service(): getTopic  ('_IPS_MONITOR',)
2026-04-24 12:12:05,904 fastran_driver_fastran_driver_2 DEBUG    _get_service_response(REQUEST|fastran_FPP_000001@fastran_driver@2|FRAMEWORK@Framework@0|188)
2026-04-24 12:12:05,915 fastran_driver_fastran_driver_2 DEBUG    _get_service_response(REQUEST|fastran_FPP_000001@fastran_driver@2|FRAMEWORK@Framework@0|188), response = ServiceResponseMessage(sender_id=FRAMEWORK@Framework@0, receiver_id=fastran_FPP_000001@fastran_driver@2, request_msg_id=REQUEST|fastran_FPP_000001@fastran_driver@2|FRAMEWORK@Framework@0|188,status=0, args=(<ipsframework.cca_es_spec.Topic object at 0x7fbffd5c6c10>,), message_id=RESPONSE|FRAMEWORK@Framework@0|fastran_FPP_000001@fastran_driver@2|505)
2026-04-24 12:12:05,915 fastran_driver_fastran_driver_2 DEBUG    _invoke_service(): sendEvent  ('_IPS_MONITOR', 'PORTAL_EVENT', {'sim_name': 'fastran_FPP_000001', 'real_sim_name': 'fastran_FPP_000001', 'portal_data': {'code': 'fastran_driver_fastran_driver', 'eventtype': 'IPS_CALL_END', 'ok': True, 'walltime': '59.41', 'time': '2026-04-24|12:12:05PDT', 'trace': {'timestamp': 1777057923270211, 'duration': 2633856, 'localEndpoint': {'serviceName': 'fastran_FPP_000001@efit@7'}, 'name': 'step(3)', 'id': '1317b13b8666eb0a', 'parentId': 'f899e3e5886669ce', 'tags': {}}, 'state': 'Running', 'comment': 'Target = fastran_FPP_000001@efit@7:step(3)'}})
2026-04-24 12:12:05,915 fastran_driver_fastran_driver_2 DEBUG    _get_service_response(REQUEST|fastran_FPP_000001@fastran_driver@2|FRAMEWORK@Framework@0|189)
2026-04-24 12:12:05,925 fastran_driver_fastran_driver_2 DEBUG    _get_service_response(REQUEST|fastran_FPP_000001@fastran_driver@2|FRAMEWORK@Framework@0|189), response = ServiceResponseMessage(sender_id=FRAMEWORK@Framework@0, receiver_id=fastran_FPP_000001@fastran_driver@2, request_msg_id=REQUEST|fastran_FPP_000001@fastran_driver@2|FRAMEWORK@Framework@0|189,status=0, args=(None,), message_id=RESPONSE|FRAMEWORK@Framework@0|fastran_FPP_000001@fastran_driver@2|506)
2026-04-24 12:12:05,926 fastran_driver_fastran_driver_2 DEBUG    _invoke_service(): getTopic  ('_IPS_MONITOR',)
2026-04-24 12:12:05,926 fastran_driver_fastran_driver_2 DEBUG    _get_service_response(REQUEST|fastran_FPP_000001@fastran_driver@2|FRAMEWORK@Framework@0|190)
2026-04-24 12:12:05,937 fastran_driver_fastran_driver_2 DEBUG    _get_service_response(REQUEST|fastran_FPP_000001@fastran_driver@2|FRAMEWORK@Framework@0|190), response = ServiceResponseMessage(sender_id=FRAMEWORK@Framework@0, receiver_id=fastran_FPP_000001@fastran_driver@2, request_msg_id=REQUEST|fastran_FPP_000001@fastran_driver@2|FRAMEWORK@Framework@0|190,status=0, args=(<ipsframework.cca_es_spec.Topic object at 0x7fbffd5c6ee0>,), message_id=RESPONSE|FRAMEWORK@Framework@0|fastran_FPP_000001@fastran_driver@2|507)
2026-04-24 12:12:05,937 fastran_driver_fastran_driver_2 DEBUG    _invoke_service(): sendEvent  ('_IPS_MONITOR', 'PORTAL_EVENT', {'sim_name': 'fastran_FPP_000001', 'real_sim_name': 'fastran_FPP_000001', 'portal_data': {'code': 'fastran_driver_fastran_driver', 'eventtype': 'IPS_CALL_BEGIN', 'ok': True, 'walltime': '59.43', 'time': '2026-04-24|12:12:05PDT', 'state': 'Running', 'comment': 'Target = fastran_FPP_000001@fastran@8:step(3)'}})
2026-04-24 12:12:05,937 fastran_driver_fastran_driver_2 DEBUG    _get_service_response(REQUEST|fastran_FPP_000001@fastran_driver@2|FRAMEWORK@Framework@0|191)
2026-04-24 12:12:05,948 fastran_driver_fastran_driver_2 DEBUG    _get_service_response(REQUEST|fastran_FPP_000001@fastran_driver@2|FRAMEWORK@Framework@0|191), response = ServiceResponseMessage(sender_id=FRAMEWORK@Framework@0, receiver_id=fastran_FPP_000001@fastran_driver@2, request_msg_id=REQUEST|fastran_FPP_000001@fastran_driver@2|FRAMEWORK@Framework@0|191,status=0, args=(None,), message_id=RESPONSE|FRAMEWORK@Framework@0|fastran_FPP_000001@fastran_driver@2|508)
2026-04-24 12:12:05,948 fastran_driver_fastran_driver_2 DEBUG    _invoke_service(): init_call  ('step', 3)
2026-04-24 12:12:05,948 fastran_driver_fastran_driver_2 DEBUG    _get_service_response(REQUEST|fastran_FPP_000001@fastran_driver@2|FRAMEWORK@Framework@0|192)
2026-04-24 12:12:05,948 fastran_tr_fastran_8 DEBUG    Received Message 
2026-04-24 12:12:05,949 fastran_tr_fastran_8 DEBUG    Calling method step(3)
2026-04-24 12:12:05,949 fastran_tr_fastran_8 DEBUG    _invoke_service(): stage_state  (['s000001.00001', 'g000001.00001', 'i000001.00001'], '/pscratch/sd/h/hswils/github_repos/MANTA_DBSCANS/RAD_Ar_coronal/SCAN/work/plasma_state', '/pscratch/sd/h/hswils/github_repos/MANTA_DBSCANS/RAD_Ar_coronal/SCAN/work/fastran_tr_fastran_8')
2026-04-24 12:12:05,949 fastran_tr_fastran_8 DEBUG    _get_service_response(REQUEST|fastran_FPP_000001@fastran@8|FRAMEWORK@Framework@0|48)
2026-04-24 12:12:05,959 fastran_driver_fastran_driver_2 DEBUG    _get_service_response(REQUEST|fastran_FPP_000001@fastran_driver@2|FRAMEWORK@Framework@0|192), response = ServiceResponseMessage(sender_id=FRAMEWORK@Framework@0, receiver_id=fastran_FPP_000001@fastran_driver@2, request_msg_id=REQUEST|fastran_FPP_000001@fastran_driver@2|FRAMEWORK@Framework@0|192,status=0, args=(34,), message_id=RESPONSE|FRAMEWORK@Framework@0|fastran_FPP_000001@fastran_driver@2|509)
2026-04-24 12:12:05,959 fastran_driver_fastran_driver_2 DEBUG    _invoke_service(): wait_call  (34, True)
2026-04-24 12:12:05,959 fastran_driver_fastran_driver_2 DEBUG    _get_service_response(REQUEST|fastran_FPP_000001@fastran_driver@2|FRAMEWORK@Framework@0|193)
2026-04-24 12:12:05,971 fastran_tr_fastran_8 DEBUG    _get_service_response(REQUEST|fastran_FPP_000001@fastran@8|FRAMEWORK@Framework@0|48), response = ServiceResponseMessage(sender_id=FRAMEWORK@Framework@0, receiver_id=fastran_FPP_000001@fastran@8, request_msg_id=REQUEST|fastran_FPP_000001@fastran@8|FRAMEWORK@Framework@0|48,status=0, args=(0,), message_id=RESPONSE|FRAMEWORK@Framework@0|fastran_FPP_000001@fastran@8|510)
2026-04-24 12:12:05,971 fastran_tr_fastran_8 DEBUG    _invoke_service(): getTopic  ('_IPS_MONITOR',)
2026-04-24 12:12:05,971 fastran_tr_fastran_8 DEBUG    _get_service_response(REQUEST|fastran_FPP_000001@fastran@8|FRAMEWORK@Framework@0|49)
2026-04-24 12:12:05,981 fastran_tr_fastran_8 DEBUG    _get_service_response(REQUEST|fastran_FPP_000001@fastran@8|FRAMEWORK@Framework@0|49), response = ServiceResponseMessage(sender_id=FRAMEWORK@Framework@0, receiver_id=fastran_FPP_000001@fastran@8, request_msg_id=REQUEST|fastran_FPP_000001@fastran@8|FRAMEWORK@Framework@0|49,status=0, args=(<ipsframework.cca_es_spec.Topic object at 0x7fbffd42d070>,), message_id=RESPONSE|FRAMEWORK@Framework@0|fastran_FPP_000001@fastran@8|511)
2026-04-24 12:12:05,981 fastran_tr_fastran_8 DEBUG    _invoke_service(): sendEvent  ('_IPS_MONITOR', 'PORTAL_EVENT', {'sim_name': 'fastran_FPP_000001', 'real_sim_name': 'fastran_FPP_000001', 'portal_data': {'code': 'fastran_tr_fastran', 'eventtype': 'IPS_STAGE_STATE', 'ok': True, 'walltime': '59.47', 'time': '2026-04-24|12:12:05PDT', 'trace': {'timestamp': 1777057925949206, 'duration': 21975, 'localEndpoint': {'serviceName': 'stage_state'}, 'name': "['s000001.00001', 'g000001.00001', 'i000001.00001']", 'id': '71885aecf25d7412', 'parentId': '013a85ae9ab26b7c', 'tags': {}}, 'state': 'Running', 'comment': 'Elapsed time = 0.022  files = s000001.00001 g000001.00001 i000001.00001 Success'}})
2026-04-24 12:12:05,981 fastran_tr_fastran_8 DEBUG    _get_service_response(REQUEST|fastran_FPP_000001@fastran@8|FRAMEWORK@Framework@0|50)
2026-04-24 12:12:05,992 fastran_tr_fastran_8 DEBUG    _get_service_response(REQUEST|fastran_FPP_000001@fastran@8|FRAMEWORK@Framework@0|50), response = ServiceResponseMessage(sender_id=FRAMEWORK@Framework@0, receiver_id=fastran_FPP_000001@fastran@8, request_msg_id=REQUEST|fastran_FPP_000001@fastran@8|FRAMEWORK@Framework@0|50,status=0, args=(None,), message_id=RESPONSE|FRAMEWORK@Framework@0|fastran_FPP_000001@fastran@8|512)
2026-04-24 12:12:06,001 fastran_tr_fastran_8 DEBUG    _invoke_service(): getTopic  ('_IPS_MONITOR',)
2026-04-24 12:12:06,001 fastran_tr_fastran_8 DEBUG    _get_service_response(REQUEST|fastran_FPP_000001@fastran@8|FRAMEWORK@Framework@0|51)
2026-04-24 12:12:06,012 fastran_tr_fastran_8 DEBUG    _get_service_response(REQUEST|fastran_FPP_000001@fastran@8|FRAMEWORK@Framework@0|51), response = ServiceResponseMessage(sender_id=FRAMEWORK@Framework@0, receiver_id=fastran_FPP_000001@fastran@8, request_msg_id=REQUEST|fastran_FPP_000001@fastran@8|FRAMEWORK@Framework@0|51,status=0, args=(<ipsframework.cca_es_spec.Topic object at 0x7fbffd42da30>,), message_id=RESPONSE|FRAMEWORK@Framework@0|fastran_FPP_000001@fastran@8|513)
2026-04-24 12:12:06,012 fastran_tr_fastran_8 DEBUG    _invoke_service(): sendEvent  ('_IPS_MONITOR', 'PORTAL_EVENT', {'sim_name': 'fastran_FPP_000001', 'real_sim_name': 'fastran_FPP_000001', 'portal_data': {'code': 'fastran_tr_fastran', 'eventtype': 'IPS_STAGE_INPUTS', 'ok': True, 'walltime': '59.50', 'time': '2026-04-24|12:12:06PDT', 'trace': {'timestamp': 1777057925992667, 'duration': 8654, 'localEndpoint': {'serviceName': 'stage_input_files'}, 'name': 'infastran intglf', 'id': '5ff6e2efe4653e6c', 'parentId': '013a85ae9ab26b7c', 'tags': {}}, 'state': 'Running', 'comment': 'Elapsed time = 0.009 Path = /pscratch/sd/h/hswils/github_repos/MANTA_DBSCANS/RAD_Ar_coronal/input Files = infastran intglf'}})
2026-04-24 12:12:06,012 fastran_tr_fastran_8 DEBUG    _get_service_response(REQUEST|fastran_FPP_000001@fastran@8|FRAMEWORK@Framework@0|52)
2026-04-24 12:12:06,022 fastran_tr_fastran_8 DEBUG    _get_service_response(REQUEST|fastran_FPP_000001@fastran@8|FRAMEWORK@Framework@0|52), response = ServiceResponseMessage(sender_id=FRAMEWORK@Framework@0, receiver_id=fastran_FPP_000001@fastran@8, request_msg_id=REQUEST|fastran_FPP_000001@fastran@8|FRAMEWORK@Framework@0|52,status=0, args=(None,), message_id=RESPONSE|FRAMEWORK@Framework@0|fastran_FPP_000001@fastran@8|514)
2026-04-24 12:12:06,238 fastran_tr_fastran_8 DEBUG    _invoke_service(): init_task  (TaskInit(nproc=126, binary='/global/common/software/atom/perlmutter/binaries/fastran/default/xfastran_ver1.07', working_dir='/pscratch/sd/h/hswils/github_repos/MANTA_DBSCANS/RAD_Ar_coronal/SCAN/work/fastran_tr_fastran_8', tppn=0, tcpp=0, tgpp=0, block=True, omp=False, wnodes=True, wsocks=True, cmd_args=('6', '21')),)
2026-04-24 12:12:06,239 fastran_tr_fastran_8 DEBUG    _get_service_response(REQUEST|fastran_FPP_000001@fastran@8|FRAMEWORK@Framework@0|53)
2026-04-24 12:12:06,249 fastran_tr_fastran_8 DEBUG    _get_service_response(REQUEST|fastran_FPP_000001@fastran@8|FRAMEWORK@Framework@0|53), response = ServiceResponseMessage(sender_id=FRAMEWORK@Framework@0, receiver_id=fastran_FPP_000001@fastran@8, request_msg_id=REQUEST|fastran_FPP_000001@fastran@8|FRAMEWORK@Framework@0|53,status=0, args=((5, 'srun -N 1 -n 126 -c 1 --threads-per-core=1 --cpu-bind=cores /global/common/software/atom/perlmutter/binaries/fastran/default/xfastran_ver1.07 6 21', None, 128),), message_id=RESPONSE|FRAMEWORK@Framework@0|fastran_FPP_000001@fastran@8|516)
2026-04-24 12:12:06,251 fastran_tr_fastran_8 DEBUG    Launching command : srun -N 1 -n 126 -c 1 --threads-per-core=1 --cpu-bind=cores /global/common/software/atom/perlmutter/binaries/fastran/default/xfastran_ver1.07 6 21
2026-04-24 12:12:06,267 fastran_tr_fastran_8 DEBUG    _invoke_service(): getTopic  ('_IPS_MONITOR',)
2026-04-24 12:12:06,267 fastran_tr_fastran_8 DEBUG    _get_service_response(REQUEST|fastran_FPP_000001@fastran@8|FRAMEWORK@Framework@0|54)
2026-04-24 12:12:06,278 fastran_tr_fastran_8 DEBUG    _get_service_response(REQUEST|fastran_FPP_000001@fastran@8|FRAMEWORK@Framework@0|54), response = ServiceResponseMessage(sender_id=FRAMEWORK@Framework@0, receiver_id=fastran_FPP_000001@fastran@8, request_msg_id=REQUEST|fastran_FPP_000001@fastran@8|FRAMEWORK@Framework@0|54,status=0, args=(<ipsframework.cca_es_spec.Topic object at 0x7fbffd42da90>,), message_id=RESPONSE|FRAMEWORK@Framework@0|fastran_FPP_000001@fastran@8|517)
2026-04-24 12:12:06,278 fastran_tr_fastran_8 DEBUG    _invoke_service(): sendEvent  ('_IPS_MONITOR', 'PORTAL_EVENT', {'sim_name': 'fastran_FPP_000001', 'real_sim_name': 'fastran_FPP_000001', 'portal_data': {'code': 'fastran_tr_fastran', 'eventtype': 'IPS_LAUNCH_TASK', 'ok': True, 'walltime': '59.77', 'time': '2026-04-24|12:12:06PDT', 'state': 'Running', 'comment': 'task_id = 5 , Tag = None , nproc = 126 , Target = srun -N 1 -n 126 -c 1 --threads-per-core=1 --cpu-bind=cores /global/common/software/atom/perlmutter/binaries/fastran/default/xfastran_ver1.07 6 21'}})
2026-04-24 12:12:06,278 fastran_tr_fastran_8 DEBUG    _get_service_response(REQUEST|fastran_FPP_000001@fastran@8|FRAMEWORK@Framework@0|55)
2026-04-24 12:12:06,289 fastran_tr_fastran_8 DEBUG    _get_service_response(REQUEST|fastran_FPP_000001@fastran@8|FRAMEWORK@Framework@0|55), response = ServiceResponseMessage(sender_id=FRAMEWORK@Framework@0, receiver_id=fastran_FPP_000001@fastran@8, request_msg_id=REQUEST|fastran_FPP_000001@fastran@8|FRAMEWORK@Framework@0|55,status=0, args=(None,), message_id=RESPONSE|FRAMEWORK@Framework@0|fastran_FPP_000001@fastran@8|518)
2026-04-24 12:12:13,285 fastran_tr_fastran_8 DEBUG    _invoke_service(): getTopic  ('_IPS_MONITOR',)
2026-04-24 12:12:13,286 fastran_tr_fastran_8 DEBUG    _get_service_response(REQUEST|fastran_FPP_000001@fastran@8|FRAMEWORK@Framework@0|56)
2026-04-24 12:12:13,296 fastran_tr_fastran_8 DEBUG    _get_service_response(REQUEST|fastran_FPP_000001@fastran@8|FRAMEWORK@Framework@0|56), response = ServiceResponseMessage(sender_id=FRAMEWORK@Framework@0, receiver_id=fastran_FPP_000001@fastran@8, request_msg_id=REQUEST|fastran_FPP_000001@fastran@8|FRAMEWORK@Framework@0|56,status=0, args=(<ipsframework.cca_es_spec.Topic object at 0x7fbffd42d0d0>,), message_id=RESPONSE|FRAMEWORK@Framework@0|fastran_FPP_000001@fastran@8|533)
2026-04-24 12:12:13,296 fastran_tr_fastran_8 DEBUG    _invoke_service(): sendEvent  ('_IPS_MONITOR', 'PORTAL_EVENT', {'sim_name': 'fastran_FPP_000001', 'real_sim_name': 'fastran_FPP_000001', 'portal_data': {'code': 'fastran_tr_fastran', 'eventtype': 'IPS_TASK_END', 'ok': True, 'walltime': '66.79', 'time': '2026-04-24|12:12:13PDT', 'trace': {'timestamp': 1777057926267375, 'duration': 7018311, 'localEndpoint': {'serviceName': '/global/common/software/atom/perlmutter/binaries/fastran/default/xfastran_ver1.07'}, 'name': '6 21', 'id': '3678a338c36fffdc', 'parentId': '013a85ae9ab26b7c', 'tags': {'procs_requested': '126', 'cores_allocated': '128'}}, 'state': 'Running', 'comment': 'task_id = 5  elapsed time = 7.02 S'}})
2026-04-24 12:12:13,297 fastran_tr_fastran_8 DEBUG    _get_service_response(REQUEST|fastran_FPP_000001@fastran@8|FRAMEWORK@Framework@0|57)
2026-04-24 12:12:13,307 fastran_tr_fastran_8 DEBUG    _get_service_response(REQUEST|fastran_FPP_000001@fastran@8|FRAMEWORK@Framework@0|57), response = ServiceResponseMessage(sender_id=FRAMEWORK@Framework@0, receiver_id=fastran_FPP_000001@fastran@8, request_msg_id=REQUEST|fastran_FPP_000001@fastran@8|FRAMEWORK@Framework@0|57,status=0, args=(None,), message_id=RESPONSE|FRAMEWORK@Framework@0|fastran_FPP_000001@fastran@8|534)
2026-04-24 12:12:13,307 fastran_tr_fastran_8 DEBUG    _invoke_service(): finish_task  (5, 0)
2026-04-24 12:12:13,308 fastran_tr_fastran_8 DEBUG    _get_service_response(REQUEST|fastran_FPP_000001@fastran@8|FRAMEWORK@Framework@0|58)
2026-04-24 12:12:13,318 fastran_tr_fastran_8 DEBUG    _get_service_response(REQUEST|fastran_FPP_000001@fastran@8|FRAMEWORK@Framework@0|58), response = ServiceResponseMessage(sender_id=FRAMEWORK@Framework@0, receiver_id=fastran_FPP_000001@fastran@8, request_msg_id=REQUEST|fastran_FPP_000001@fastran@8|FRAMEWORK@Framework@0|58,status=0, args=(0,), message_id=RESPONSE|FRAMEWORK@Framework@0|fastran_FPP_000001@fastran@8|535)
2026-04-24 12:12:13,572 fastran_tr_fastran_8 DEBUG    _invoke_service(): update_state  (['s000001.00001', 'g000001.00001', 'i000001.00001'], '/pscratch/sd/h/hswils/github_repos/MANTA_DBSCANS/RAD_Ar_coronal/SCAN/work/fastran_tr_fastran_8', '/pscratch/sd/h/hswils/github_repos/MANTA_DBSCANS/RAD_Ar_coronal/SCAN/work/plasma_state')
2026-04-24 12:12:13,573 fastran_tr_fastran_8 DEBUG    _get_service_response(REQUEST|fastran_FPP_000001@fastran@8|FRAMEWORK@Framework@0|59)
2026-04-24 12:12:13,594 fastran_tr_fastran_8 DEBUG    _get_service_response(REQUEST|fastran_FPP_000001@fastran@8|FRAMEWORK@Framework@0|59), response = ServiceResponseMessage(sender_id=FRAMEWORK@Framework@0, receiver_id=fastran_FPP_000001@fastran@8, request_msg_id=REQUEST|fastran_FPP_000001@fastran@8|FRAMEWORK@Framework@0|59,status=0, args=(0,), message_id=RESPONSE|FRAMEWORK@Framework@0|fastran_FPP_000001@fastran@8|536)
2026-04-24 12:12:13,594 fastran_tr_fastran_8 DEBUG    _invoke_service(): getTopic  ('_IPS_MONITOR',)
2026-04-24 12:12:13,594 fastran_tr_fastran_8 DEBUG    _get_service_response(REQUEST|fastran_FPP_000001@fastran@8|FRAMEWORK@Framework@0|60)
2026-04-24 12:12:13,605 fastran_tr_fastran_8 DEBUG    _get_service_response(REQUEST|fastran_FPP_000001@fastran@8|FRAMEWORK@Framework@0|60), response = ServiceResponseMessage(sender_id=FRAMEWORK@Framework@0, receiver_id=fastran_FPP_000001@fastran@8, request_msg_id=REQUEST|fastran_FPP_000001@fastran@8|FRAMEWORK@Framework@0|60,status=0, args=(<ipsframework.cca_es_spec.Topic object at 0x7fbffd5014f0>,), message_id=RESPONSE|FRAMEWORK@Framework@0|fastran_FPP_000001@fastran@8|537)
2026-04-24 12:12:13,605 fastran_tr_fastran_8 DEBUG    _invoke_service(): sendEvent  ('_IPS_MONITOR', 'PORTAL_EVENT', {'sim_name': 'fastran_FPP_000001', 'real_sim_name': 'fastran_FPP_000001', 'portal_data': {'code': 'fastran_tr_fastran', 'eventtype': 'IPS_UPDATE_STATE', 'ok': True, 'walltime': '67.10', 'time': '2026-04-24|12:12:13PDT', 'trace': {'timestamp': 1777057933572843, 'duration': 21450, 'localEndpoint': {'serviceName': 'update_state'}, 'name': "['s000001.00001', 'g000001.00001', 'i000001.00001']", 'id': '7629e189a66153c0', 'parentId': '013a85ae9ab26b7c', 'tags': {}}, 'state': 'Running', 'comment': 'Elapsed time = 0.021   files = s000001.00001 g000001.00001 i000001.00001 Success'}})
2026-04-24 12:12:13,605 fastran_tr_fastran_8 DEBUG    _get_service_response(REQUEST|fastran_FPP_000001@fastran@8|FRAMEWORK@Framework@0|61)
2026-04-24 12:12:13,615 fastran_tr_fastran_8 DEBUG    _get_service_response(REQUEST|fastran_FPP_000001@fastran@8|FRAMEWORK@Framework@0|61), response = ServiceResponseMessage(sender_id=FRAMEWORK@Framework@0, receiver_id=fastran_FPP_000001@fastran@8, request_msg_id=REQUEST|fastran_FPP_000001@fastran@8|FRAMEWORK@Framework@0|61,status=0, args=(None,), message_id=RESPONSE|FRAMEWORK@Framework@0|fastran_FPP_000001@fastran@8|538)
2026-04-24 12:12:13,633 fastran_tr_fastran_8 DEBUG    _invoke_service(): getTopic  ('_IPS_MONITOR',)
2026-04-24 12:12:13,633 fastran_tr_fastran_8 DEBUG    _get_service_response(REQUEST|fastran_FPP_000001@fastran@8|FRAMEWORK@Framework@0|62)
2026-04-24 12:12:13,644 fastran_tr_fastran_8 DEBUG    _get_service_response(REQUEST|fastran_FPP_000001@fastran@8|FRAMEWORK@Framework@0|62), response = ServiceResponseMessage(sender_id=FRAMEWORK@Framework@0, receiver_id=fastran_FPP_000001@fastran@8, request_msg_id=REQUEST|fastran_FPP_000001@fastran@8|FRAMEWORK@Framework@0|62,status=0, args=(<ipsframework.cca_es_spec.Topic object at 0x7fbffd5015e0>,), message_id=RESPONSE|FRAMEWORK@Framework@0|fastran_FPP_000001@fastran@8|539)
2026-04-24 12:12:13,644 fastran_tr_fastran_8 DEBUG    _invoke_service(): sendEvent  ('_IPS_MONITOR', 'PORTAL_EVENT', {'sim_name': 'fastran_FPP_000001', 'real_sim_name': 'fastran_FPP_000001', 'portal_data': {'code': 'fastran_tr_fastran', 'eventtype': 'IPS_STAGE_OUTPUTS', 'ok': True, 'walltime': '67.14', 'time': '2026-04-24|12:12:13PDT', 'trace': {'timestamp': 1777057933615596, 'duration': 17976, 'localEndpoint': {'serviceName': 'stage_output_files'}, 'name': "['fastran.nc', 'inprof', 'inmetric', 'infastran', 'intglf', 'xfastran.log', 'i000001.00001']", 'id': '7349cfaaafc33980', 'parentId': '013a85ae9ab26b7c', 'tags': {}}, 'state': 'Running', 'comment': "Elapsed time = 0.018 Path = /pscratch/sd/h/hswils/github_repos/MANTA_DBSCANS/RAD_Ar_coronal/SCAN/simulation_results/3/components/fastran_tr_fastran_8 Files = ['fastran.nc', 'inprof', 'inmetric', 'infastran', 'intglf', 'xfastran.log', 'i000001.00001']"}})
2026-04-24 12:12:13,644 fastran_tr_fastran_8 DEBUG    _get_service_response(REQUEST|fastran_FPP_000001@fastran@8|FRAMEWORK@Framework@0|63)
2026-04-24 12:12:13,655 fastran_tr_fastran_8 DEBUG    _get_service_response(REQUEST|fastran_FPP_000001@fastran@8|FRAMEWORK@Framework@0|63), response = ServiceResponseMessage(sender_id=FRAMEWORK@Framework@0, receiver_id=fastran_FPP_000001@fastran@8, request_msg_id=REQUEST|fastran_FPP_000001@fastran@8|FRAMEWORK@Framework@0|63,status=0, args=(None,), message_id=RESPONSE|FRAMEWORK@Framework@0|fastran_FPP_000001@fastran@8|540)
2026-04-24 12:12:13,665 fastran_driver_fastran_driver_2 DEBUG    _get_service_response(REQUEST|fastran_FPP_000001@fastran_driver@2|FRAMEWORK@Framework@0|193), response = ServiceResponseMessage(sender_id=FRAMEWORK@Framework@0, receiver_id=fastran_FPP_000001@fastran_driver@2, request_msg_id=REQUEST|fastran_FPP_000001@fastran_driver@2|FRAMEWORK@Framework@0|193,status=0, args=((None,),), message_id=RESPONSE|FRAMEWORK@Framework@0|fastran_FPP_000001@fastran_driver@2|541)
2026-04-24 12:12:13,666 fastran_driver_fastran_driver_2 DEBUG    _invoke_service(): getTopic  ('_IPS_MONITOR',)
2026-04-24 12:12:13,666 fastran_driver_fastran_driver_2 DEBUG    _get_service_response(REQUEST|fastran_FPP_000001@fastran_driver@2|FRAMEWORK@Framework@0|194)
2026-04-24 12:12:13,677 fastran_driver_fastran_driver_2 DEBUG    _get_service_response(REQUEST|fastran_FPP_000001@fastran_driver@2|FRAMEWORK@Framework@0|194), response = ServiceResponseMessage(sender_id=FRAMEWORK@Framework@0, receiver_id=fastran_FPP_000001@fastran_driver@2, request_msg_id=REQUEST|fastran_FPP_000001@fastran_driver@2|FRAMEWORK@Framework@0|194,status=0, args=(<ipsframework.cca_es_spec.Topic object at 0x7fbffd5c6f40>,), message_id=RESPONSE|FRAMEWORK@Framework@0|fastran_FPP_000001@fastran_driver@2|542)
2026-04-24 12:12:13,677 fastran_driver_fastran_driver_2 DEBUG    _invoke_service(): sendEvent  ('_IPS_MONITOR', 'PORTAL_EVENT', {'sim_name': 'fastran_FPP_000001', 'real_sim_name': 'fastran_FPP_000001', 'portal_data': {'code': 'fastran_driver_fastran_driver', 'eventtype': 'IPS_CALL_END', 'ok': True, 'walltime': '67.17', 'time': '2026-04-24|12:12:13PDT', 'trace': {'timestamp': 1777057925959113, 'duration': 7706952, 'localEndpoint': {'serviceName': 'fastran_FPP_000001@fastran@8'}, 'name': 'step(3)', 'id': '013a85ae9ab26b7c', 'parentId': 'f899e3e5886669ce', 'tags': {}}, 'state': 'Running', 'comment': 'Target = fastran_FPP_000001@fastran@8:step(3)'}})
2026-04-24 12:12:13,677 fastran_driver_fastran_driver_2 DEBUG    _get_service_response(REQUEST|fastran_FPP_000001@fastran_driver@2|FRAMEWORK@Framework@0|195)
2026-04-24 12:12:13,688 fastran_driver_fastran_driver_2 DEBUG    _get_service_response(REQUEST|fastran_FPP_000001@fastran_driver@2|FRAMEWORK@Framework@0|195), response = ServiceResponseMessage(sender_id=FRAMEWORK@Framework@0, receiver_id=fastran_FPP_000001@fastran_driver@2, request_msg_id=REQUEST|fastran_FPP_000001@fastran_driver@2|FRAMEWORK@Framework@0|195,status=0, args=(None,), message_id=RESPONSE|FRAMEWORK@Framework@0|fastran_FPP_000001@fastran_driver@2|543)
2026-04-24 12:12:13,688 fastran_driver_fastran_driver_2 DEBUG    _invoke_service(): stage_state  (['s000001.00001', 'g000001.00001', 'i000001.00001'], '/pscratch/sd/h/hswils/github_repos/MANTA_DBSCANS/RAD_Ar_coronal/SCAN/work/plasma_state', '/pscratch/sd/h/hswils/github_repos/MANTA_DBSCANS/RAD_Ar_coronal/SCAN/work/fastran_driver_fastran_driver_2')
2026-04-24 12:12:13,688 fastran_driver_fastran_driver_2 DEBUG    _get_service_response(REQUEST|fastran_FPP_000001@fastran_driver@2|FRAMEWORK@Framework@0|196)
2026-04-24 12:12:13,710 fastran_driver_fastran_driver_2 DEBUG    _get_service_response(REQUEST|fastran_FPP_000001@fastran_driver@2|FRAMEWORK@Framework@0|196), response = ServiceResponseMessage(sender_id=FRAMEWORK@Framework@0, receiver_id=fastran_FPP_000001@fastran_driver@2, request_msg_id=REQUEST|fastran_FPP_000001@fastran_driver@2|FRAMEWORK@Framework@0|196,status=0, args=(0,), message_id=RESPONSE|FRAMEWORK@Framework@0|fastran_FPP_000001@fastran_driver@2|544)
2026-04-24 12:12:13,711 fastran_driver_fastran_driver_2 DEBUG    _invoke_service(): getTopic  ('_IPS_MONITOR',)
2026-04-24 12:12:13,711 fastran_driver_fastran_driver_2 DEBUG    _get_service_response(REQUEST|fastran_FPP_000001@fastran_driver@2|FRAMEWORK@Framework@0|197)
2026-04-24 12:12:13,721 fastran_driver_fastran_driver_2 DEBUG    _get_service_response(REQUEST|fastran_FPP_000001@fastran_driver@2|FRAMEWORK@Framework@0|197), response = ServiceResponseMessage(sender_id=FRAMEWORK@Framework@0, receiver_id=fastran_FPP_000001@fastran_driver@2, request_msg_id=REQUEST|fastran_FPP_000001@fastran_driver@2|FRAMEWORK@Framework@0|197,status=0, args=(<ipsframework.cca_es_spec.Topic object at 0x7fbffd5c6fa0>,), message_id=RESPONSE|FRAMEWORK@Framework@0|fastran_FPP_000001@fastran_driver@2|545)
2026-04-24 12:12:13,721 fastran_driver_fastran_driver_2 DEBUG    _invoke_service(): sendEvent  ('_IPS_MONITOR', 'PORTAL_EVENT', {'sim_name': 'fastran_FPP_000001', 'real_sim_name': 'fastran_FPP_000001', 'portal_data': {'code': 'fastran_driver_fastran_driver', 'eventtype': 'IPS_STAGE_STATE', 'ok': True, 'walltime': '67.21', 'time': '2026-04-24|12:12:13PDT', 'trace': {'timestamp': 1777057933688568, 'duration': 22368, 'localEndpoint': {'serviceName': 'stage_state'}, 'name': "['s000001.00001', 'g000001.00001', 'i000001.00001']", 'id': '71885aecf25d7412', 'parentId': 'f899e3e5886669ce', 'tags': {}}, 'state': 'Running', 'comment': 'Elapsed time = 0.022  files = s000001.00001 g000001.00001 i000001.00001 Success'}})
2026-04-24 12:12:13,721 fastran_driver_fastran_driver_2 DEBUG    _get_service_response(REQUEST|fastran_FPP_000001@fastran_driver@2|FRAMEWORK@Framework@0|198)
2026-04-24 12:12:13,732 fastran_driver_fastran_driver_2 DEBUG    _get_service_response(REQUEST|fastran_FPP_000001@fastran_driver@2|FRAMEWORK@Framework@0|198), response = ServiceResponseMessage(sender_id=FRAMEWORK@Framework@0, receiver_id=fastran_FPP_000001@fastran_driver@2, request_msg_id=REQUEST|fastran_FPP_000001@fastran_driver@2|FRAMEWORK@Framework@0|198,status=0, args=(None,), message_id=RESPONSE|FRAMEWORK@Framework@0|fastran_FPP_000001@fastran_driver@2|546)
2026-04-24 12:12:13,732 fastran_driver_fastran_driver_2 DEBUG    _invoke_service(): getTopic  ('_IPS_MONITOR',)
2026-04-24 12:12:13,732 fastran_driver_fastran_driver_2 DEBUG    _get_service_response(REQUEST|fastran_FPP_000001@fastran_driver@2|FRAMEWORK@Framework@0|199)
2026-04-24 12:12:13,743 fastran_driver_fastran_driver_2 DEBUG    _get_service_response(REQUEST|fastran_FPP_000001@fastran_driver@2|FRAMEWORK@Framework@0|199), response = ServiceResponseMessage(sender_id=FRAMEWORK@Framework@0, receiver_id=fastran_FPP_000001@fastran_driver@2, request_msg_id=REQUEST|fastran_FPP_000001@fastran_driver@2|FRAMEWORK@Framework@0|199,status=0, args=(<ipsframework.cca_es_spec.Topic object at 0x7fbffd5d8070>,), message_id=RESPONSE|FRAMEWORK@Framework@0|fastran_FPP_000001@fastran_driver@2|547)
2026-04-24 12:12:13,743 fastran_driver_fastran_driver_2 DEBUG    _invoke_service(): sendEvent  ('_IPS_MONITOR', 'PORTAL_EVENT', {'sim_name': 'fastran_FPP_000001', 'real_sim_name': 'fastran_FPP_000001', 'portal_data': {'code': 'fastran_driver_fastran_driver', 'eventtype': 'IPS_STAGE_OUTPUTS', 'ok': True, 'walltime': '67.24', 'time': '2026-04-24|12:12:13PDT', 'trace': {'timestamp': 1777057933732123, 'duration': 190, 'localEndpoint': {'serviceName': 'stage_output_files'}, 'name': '[]', 'id': 'ed019efe11be26d9', 'parentId': 'f899e3e5886669ce', 'tags': {}}, 'state': 'Running', 'comment': 'Elapsed time = 0.000 Path = /pscratch/sd/h/hswils/github_repos/MANTA_DBSCANS/RAD_Ar_coronal/SCAN/simulation_results/3/components/fastran_driver_fastran_driver_2 Files = []'}})
2026-04-24 12:12:13,743 fastran_driver_fastran_driver_2 DEBUG    _get_service_response(REQUEST|fastran_FPP_000001@fastran_driver@2|FRAMEWORK@Framework@0|200)
2026-04-24 12:12:13,754 fastran_driver_fastran_driver_2 DEBUG    _get_service_response(REQUEST|fastran_FPP_000001@fastran_driver@2|FRAMEWORK@Framework@0|200), response = ServiceResponseMessage(sender_id=FRAMEWORK@Framework@0, receiver_id=fastran_FPP_000001@fastran_driver@2, request_msg_id=REQUEST|fastran_FPP_000001@fastran_driver@2|FRAMEWORK@Framework@0|200,status=0, args=(None,), message_id=RESPONSE|FRAMEWORK@Framework@0|fastran_FPP_000001@fastran_driver@2|548)
2026-04-24 12:12:13,754 fastran_driver_fastran_driver_2 DEBUG    _invoke_service(): getTopic  ('_IPS_MONITOR',)
2026-04-24 12:12:13,754 fastran_driver_fastran_driver_2 DEBUG    _get_service_response(REQUEST|fastran_FPP_000001@fastran_driver@2|FRAMEWORK@Framework@0|201)
2026-04-24 12:12:13,765 fastran_driver_fastran_driver_2 DEBUG    _get_service_response(REQUEST|fastran_FPP_000001@fastran_driver@2|FRAMEWORK@Framework@0|201), response = ServiceResponseMessage(sender_id=FRAMEWORK@Framework@0, receiver_id=fastran_FPP_000001@fastran_driver@2, request_msg_id=REQUEST|fastran_FPP_000001@fastran_driver@2|FRAMEWORK@Framework@0|201,status=0, args=(<ipsframework.cca_es_spec.Topic object at 0x7fbffd5d80a0>,), message_id=RESPONSE|FRAMEWORK@Framework@0|fastran_FPP_000001@fastran_driver@2|549)
2026-04-24 12:12:13,765 fastran_driver_fastran_driver_2 DEBUG    _invoke_service(): sendEvent  ('_IPS_MONITOR', 'PORTALBRIDGE_UPDATE_TIMESTAMP', {'sim_name': 'fastran_FPP_000001', 'real_sim_name': 'fastran_FPP_000001', 'portal_data': {'phystimestamp': 4, 'eventtype': 'PORTALBRIDGE_UPDATE_TIMESTAMP'}})
2026-04-24 12:12:13,765 fastran_driver_fastran_driver_2 DEBUG    _get_service_response(REQUEST|fastran_FPP_000001@fastran_driver@2|FRAMEWORK@Framework@0|202)
2026-04-24 12:12:13,776 fastran_driver_fastran_driver_2 DEBUG    _get_service_response(REQUEST|fastran_FPP_000001@fastran_driver@2|FRAMEWORK@Framework@0|202), response = ServiceResponseMessage(sender_id=FRAMEWORK@Framework@0, receiver_id=fastran_FPP_000001@fastran_driver@2, request_msg_id=REQUEST|fastran_FPP_000001@fastran_driver@2|FRAMEWORK@Framework@0|202,status=0, args=(None,), message_id=RESPONSE|FRAMEWORK@Framework@0|fastran_FPP_000001@fastran_driver@2|550)
2026-04-24 12:12:13,776 fastran_driver_fastran_driver_2 DEBUG    _invoke_service(): getTopic  ('_IPS_MONITOR',)
2026-04-24 12:12:13,776 fastran_driver_fastran_driver_2 DEBUG    _get_service_response(REQUEST|fastran_FPP_000001@fastran_driver@2|FRAMEWORK@Framework@0|203)
2026-04-24 12:12:13,786 fastran_driver_fastran_driver_2 DEBUG    _get_service_response(REQUEST|fastran_FPP_000001@fastran_driver@2|FRAMEWORK@Framework@0|203), response = ServiceResponseMessage(sender_id=FRAMEWORK@Framework@0, receiver_id=fastran_FPP_000001@fastran_driver@2, request_msg_id=REQUEST|fastran_FPP_000001@fastran_driver@2|FRAMEWORK@Framework@0|203,status=0, args=(<ipsframework.cca_es_spec.Topic object at 0x7fbffd5d8040>,), message_id=RESPONSE|FRAMEWORK@Framework@0|fastran_FPP_000001@fastran_driver@2|552)
2026-04-24 12:12:13,786 fastran_driver_fastran_driver_2 DEBUG    _invoke_service(): sendEvent  ('_IPS_MONITOR', 'PORTAL_EVENT', {'sim_name': 'fastran_FPP_000001', 'real_sim_name': 'fastran_FPP_000001', 'portal_data': {'code': 'fastran_driver_fastran_driver', 'eventtype': 'IPS_UPDATE_TIME_STAMP', 'ok': True, 'walltime': '67.28', 'time': '2026-04-24|12:12:13PDT', 'state': 'Running', 'comment': 'Timestamp = 4'}})
2026-04-24 12:12:13,786 fastran_driver_fastran_driver_2 DEBUG    _get_service_response(REQUEST|fastran_FPP_000001@fastran_driver@2|FRAMEWORK@Framework@0|204)
2026-04-24 12:12:13,797 fastran_driver_fastran_driver_2 DEBUG    _get_service_response(REQUEST|fastran_FPP_000001@fastran_driver@2|FRAMEWORK@Framework@0|204), response = ServiceResponseMessage(sender_id=FRAMEWORK@Framework@0, receiver_id=fastran_FPP_000001@fastran_driver@2, request_msg_id=REQUEST|fastran_FPP_000001@fastran_driver@2|FRAMEWORK@Framework@0|204,status=0, args=(None,), message_id=RESPONSE|FRAMEWORK@Framework@0|fastran_FPP_000001@fastran_driver@2|553)
2026-04-24 12:12:13,797 fastran_driver_fastran_driver_2 DEBUG    _invoke_service(): getTopic  ('_IPS_MONITOR',)
2026-04-24 12:12:13,798 fastran_driver_fastran_driver_2 DEBUG    _get_service_response(REQUEST|fastran_FPP_000001@fastran_driver@2|FRAMEWORK@Framework@0|205)
2026-04-24 12:12:13,808 fastran_driver_fastran_driver_2 DEBUG    _get_service_response(REQUEST|fastran_FPP_000001@fastran_driver@2|FRAMEWORK@Framework@0|205), response = ServiceResponseMessage(sender_id=FRAMEWORK@Framework@0, receiver_id=fastran_FPP_000001@fastran_driver@2, request_msg_id=REQUEST|fastran_FPP_000001@fastran_driver@2|FRAMEWORK@Framework@0|205,status=0, args=(<ipsframework.cca_es_spec.Topic object at 0x7fbffd5d80a0>,), message_id=RESPONSE|FRAMEWORK@Framework@0|fastran_FPP_000001@fastran_driver@2|554)
2026-04-24 12:12:13,808 fastran_driver_fastran_driver_2 DEBUG    _invoke_service(): sendEvent  ('_IPS_MONITOR', 'PORTAL_EVENT', {'sim_name': 'fastran_FPP_000001', 'real_sim_name': 'fastran_FPP_000001', 'portal_data': {'code': 'fastran_driver_fastran_driver', 'eventtype': 'IPS_CALL_BEGIN', 'ok': True, 'walltime': '67.30', 'time': '2026-04-24|12:12:13PDT', 'state': 'Running', 'comment': 'Target = fastran_FPP_000001@impurity_radiation@5:step(4)'}})
2026-04-24 12:12:13,808 fastran_driver_fastran_driver_2 DEBUG    _get_service_response(REQUEST|fastran_FPP_000001@fastran_driver@2|FRAMEWORK@Framework@0|206)
2026-04-24 12:12:13,819 fastran_driver_fastran_driver_2 DEBUG    _get_service_response(REQUEST|fastran_FPP_000001@fastran_driver@2|FRAMEWORK@Framework@0|206), response = ServiceResponseMessage(sender_id=FRAMEWORK@Framework@0, receiver_id=fastran_FPP_000001@fastran_driver@2, request_msg_id=REQUEST|fastran_FPP_000001@fastran_driver@2|FRAMEWORK@Framework@0|206,status=0, args=(None,), message_id=RESPONSE|FRAMEWORK@Framework@0|fastran_FPP_000001@fastran_driver@2|555)
2026-04-24 12:12:13,819 fastran_driver_fastran_driver_2 DEBUG    _invoke_service(): init_call  ('step', 4)
2026-04-24 12:12:13,819 fastran_driver_fastran_driver_2 DEBUG    _get_service_response(REQUEST|fastran_FPP_000001@fastran_driver@2|FRAMEWORK@Framework@0|207)
2026-04-24 12:12:13,820 fastran__impurity_radiation_5 DEBUG    Received Message 
2026-04-24 12:12:13,820 fastran__impurity_radiation_5 DEBUG    Calling method step(4)
2026-04-24 12:12:13,820 fastran__impurity_radiation_5 DEBUG    _invoke_service(): stage_state  (['s000001.00001', 'g000001.00001', 'i000001.00001'], '/pscratch/sd/h/hswils/github_repos/MANTA_DBSCANS/RAD_Ar_coronal/SCAN/work/plasma_state', '/pscratch/sd/h/hswils/github_repos/MANTA_DBSCANS/RAD_Ar_coronal/SCAN/work/fastran__impurity_radiation_5')
2026-04-24 12:12:13,820 fastran__impurity_radiation_5 DEBUG    _get_service_response(REQUEST|fastran_FPP_000001@impurity_radiation@5|FRAMEWORK@Framework@0|43)
2026-04-24 12:12:13,830 fastran_driver_fastran_driver_2 DEBUG    _get_service_response(REQUEST|fastran_FPP_000001@fastran_driver@2|FRAMEWORK@Framework@0|207), response = ServiceResponseMessage(sender_id=FRAMEWORK@Framework@0, receiver_id=fastran_FPP_000001@fastran_driver@2, request_msg_id=REQUEST|fastran_FPP_000001@fastran_driver@2|FRAMEWORK@Framework@0|207,status=0, args=(35,), message_id=RESPONSE|FRAMEWORK@Framework@0|fastran_FPP_000001@fastran_driver@2|556)
2026-04-24 12:12:13,830 fastran_driver_fastran_driver_2 DEBUG    _invoke_service(): wait_call  (35, True)
2026-04-24 12:12:13,830 fastran_driver_fastran_driver_2 DEBUG    _get_service_response(REQUEST|fastran_FPP_000001@fastran_driver@2|FRAMEWORK@Framework@0|208)
2026-04-24 12:12:13,841 fastran__impurity_radiation_5 DEBUG    _get_service_response(REQUEST|fastran_FPP_000001@impurity_radiation@5|FRAMEWORK@Framework@0|43), response = ServiceResponseMessage(sender_id=FRAMEWORK@Framework@0, receiver_id=fastran_FPP_000001@impurity_radiation@5, request_msg_id=REQUEST|fastran_FPP_000001@impurity_radiation@5|FRAMEWORK@Framework@0|43,status=0, args=(0,), message_id=RESPONSE|FRAMEWORK@Framework@0|fastran_FPP_000001@impurity_radiation@5|557)
2026-04-24 12:12:13,841 fastran__impurity_radiation_5 DEBUG    _invoke_service(): getTopic  ('_IPS_MONITOR',)
2026-04-24 12:12:13,842 fastran__impurity_radiation_5 DEBUG    _get_service_response(REQUEST|fastran_FPP_000001@impurity_radiation@5|FRAMEWORK@Framework@0|44)
2026-04-24 12:12:13,852 fastran__impurity_radiation_5 DEBUG    _get_service_response(REQUEST|fastran_FPP_000001@impurity_radiation@5|FRAMEWORK@Framework@0|44), response = ServiceResponseMessage(sender_id=FRAMEWORK@Framework@0, receiver_id=fastran_FPP_000001@impurity_radiation@5, request_msg_id=REQUEST|fastran_FPP_000001@impurity_radiation@5|FRAMEWORK@Framework@0|44,status=0, args=(<ipsframework.cca_es_spec.Topic object at 0x7fbffd442190>,), message_id=RESPONSE|FRAMEWORK@Framework@0|fastran_FPP_000001@impurity_radiation@5|558)
2026-04-24 12:12:13,852 fastran__impurity_radiation_5 DEBUG    _invoke_service(): sendEvent  ('_IPS_MONITOR', 'PORTAL_EVENT', {'sim_name': 'fastran_FPP_000001', 'real_sim_name': 'fastran_FPP_000001', 'portal_data': {'code': 'fastran__impurity_radiation', 'eventtype': 'IPS_STAGE_STATE', 'ok': True, 'walltime': '67.34', 'time': '2026-04-24|12:12:13PDT', 'trace': {'timestamp': 1777057933820571, 'duration': 21276, 'localEndpoint': {'serviceName': 'stage_state'}, 'name': "['s000001.00001', 'g000001.00001', 'i000001.00001']", 'id': '71885aecf25d7412', 'parentId': '220051d240fcdcac', 'tags': {}}, 'state': 'Running', 'comment': 'Elapsed time = 0.021  files = s000001.00001 g000001.00001 i000001.00001 Success'}})
2026-04-24 12:12:13,852 fastran__impurity_radiation_5 DEBUG    _get_service_response(REQUEST|fastran_FPP_000001@impurity_radiation@5|FRAMEWORK@Framework@0|45)
2026-04-24 12:12:13,863 fastran__impurity_radiation_5 DEBUG    _get_service_response(REQUEST|fastran_FPP_000001@impurity_radiation@5|FRAMEWORK@Framework@0|45), response = ServiceResponseMessage(sender_id=FRAMEWORK@Framework@0, receiver_id=fastran_FPP_000001@impurity_radiation@5, request_msg_id=REQUEST|fastran_FPP_000001@impurity_radiation@5|FRAMEWORK@Framework@0|45,status=0, args=(None,), message_id=RESPONSE|FRAMEWORK@Framework@0|fastran_FPP_000001@impurity_radiation@5|559)
2026-04-24 12:12:13,863 fastran__impurity_radiation_5 DEBUG    _invoke_service(): getTopic  ('_IPS_MONITOR',)
2026-04-24 12:12:13,863 fastran__impurity_radiation_5 DEBUG    _get_service_response(REQUEST|fastran_FPP_000001@impurity_radiation@5|FRAMEWORK@Framework@0|46)
2026-04-24 12:12:13,874 fastran__impurity_radiation_5 DEBUG    _get_service_response(REQUEST|fastran_FPP_000001@impurity_radiation@5|FRAMEWORK@Framework@0|46), response = ServiceResponseMessage(sender_id=FRAMEWORK@Framework@0, receiver_id=fastran_FPP_000001@impurity_radiation@5, request_msg_id=REQUEST|fastran_FPP_000001@impurity_radiation@5|FRAMEWORK@Framework@0|46,status=0, args=(<ipsframework.cca_es_spec.Topic object at 0x7fbffd4425e0>,), message_id=RESPONSE|FRAMEWORK@Framework@0|fastran_FPP_000001@impurity_radiation@5|560)
2026-04-24 12:12:13,874 fastran__impurity_radiation_5 DEBUG    _invoke_service(): sendEvent  ('_IPS_MONITOR', 'PORTAL_EVENT', {'sim_name': 'fastran_FPP_000001', 'real_sim_name': 'fastran_FPP_000001', 'portal_data': {'code': 'fastran__impurity_radiation', 'eventtype': 'IPS_STAGE_INPUTS', 'ok': True, 'walltime': '67.37', 'time': '2026-04-24|12:12:13PDT', 'trace': {'timestamp': 1777057933863610, 'duration': 67, 'localEndpoint': {'serviceName': 'stage_input_files'}, 'name': '', 'id': 'e70cb59b389672bf', 'parentId': '220051d240fcdcac', 'tags': {}}, 'state': 'Running', 'comment': 'Elapsed time = 0.000 Path = /pscratch/sd/h/hswils/github_repos/MANTA_DBSCANS/RAD_Ar_coronal/input Files = '}})
2026-04-24 12:12:13,874 fastran__impurity_radiation_5 DEBUG    _get_service_response(REQUEST|fastran_FPP_000001@impurity_radiation@5|FRAMEWORK@Framework@0|47)
2026-04-24 12:12:13,885 fastran__impurity_radiation_5 DEBUG    _get_service_response(REQUEST|fastran_FPP_000001@impurity_radiation@5|FRAMEWORK@Framework@0|47), response = ServiceResponseMessage(sender_id=FRAMEWORK@Framework@0, receiver_id=fastran_FPP_000001@impurity_radiation@5, request_msg_id=REQUEST|fastran_FPP_000001@impurity_radiation@5|FRAMEWORK@Framework@0|47,status=0, args=(None,), message_id=RESPONSE|FRAMEWORK@Framework@0|fastran_FPP_000001@impurity_radiation@5|561)
2026-04-24 12:12:14,076 fastran__impurity_radiation_5 DEBUG    _invoke_service(): update_state  (['s000001.00001', 'g000001.00001', 'i000001.00001'], '/pscratch/sd/h/hswils/github_repos/MANTA_DBSCANS/RAD_Ar_coronal/SCAN/work/fastran__impurity_radiation_5', '/pscratch/sd/h/hswils/github_repos/MANTA_DBSCANS/RAD_Ar_coronal/SCAN/work/plasma_state')
2026-04-24 12:12:14,076 fastran__impurity_radiation_5 DEBUG    _get_service_response(REQUEST|fastran_FPP_000001@impurity_radiation@5|FRAMEWORK@Framework@0|48)
2026-04-24 12:12:14,097 fastran__impurity_radiation_5 DEBUG    _get_service_response(REQUEST|fastran_FPP_000001@impurity_radiation@5|FRAMEWORK@Framework@0|48), response = ServiceResponseMessage(sender_id=FRAMEWORK@Framework@0, receiver_id=fastran_FPP_000001@impurity_radiation@5, request_msg_id=REQUEST|fastran_FPP_000001@impurity_radiation@5|FRAMEWORK@Framework@0|48,status=0, args=(0,), message_id=RESPONSE|FRAMEWORK@Framework@0|fastran_FPP_000001@impurity_radiation@5|562)
2026-04-24 12:12:14,097 fastran__impurity_radiation_5 DEBUG    _invoke_service(): getTopic  ('_IPS_MONITOR',)
2026-04-24 12:12:14,097 fastran__impurity_radiation_5 DEBUG    _get_service_response(REQUEST|fastran_FPP_000001@impurity_radiation@5|FRAMEWORK@Framework@0|49)
2026-04-24 12:12:14,108 fastran__impurity_radiation_5 DEBUG    _get_service_response(REQUEST|fastran_FPP_000001@impurity_radiation@5|FRAMEWORK@Framework@0|49), response = ServiceResponseMessage(sender_id=FRAMEWORK@Framework@0, receiver_id=fastran_FPP_000001@impurity_radiation@5, request_msg_id=REQUEST|fastran_FPP_000001@impurity_radiation@5|FRAMEWORK@Framework@0|49,status=0, args=(<ipsframework.cca_es_spec.Topic object at 0x7fbffd442730>,), message_id=RESPONSE|FRAMEWORK@Framework@0|fastran_FPP_000001@impurity_radiation@5|563)
2026-04-24 12:12:14,108 fastran__impurity_radiation_5 DEBUG    _invoke_service(): sendEvent  ('_IPS_MONITOR', 'PORTAL_EVENT', {'sim_name': 'fastran_FPP_000001', 'real_sim_name': 'fastran_FPP_000001', 'portal_data': {'code': 'fastran__impurity_radiation', 'eventtype': 'IPS_UPDATE_STATE', 'ok': True, 'walltime': '67.60', 'time': '2026-04-24|12:12:14PDT', 'trace': {'timestamp': 1777057934076260, 'duration': 21327, 'localEndpoint': {'serviceName': 'update_state'}, 'name': "['s000001.00001', 'g000001.00001', 'i000001.00001']", 'id': '7629e189a66153c0', 'parentId': '220051d240fcdcac', 'tags': {}}, 'state': 'Running', 'comment': 'Elapsed time = 0.021   files = s000001.00001 g000001.00001 i000001.00001 Success'}})
2026-04-24 12:12:14,108 fastran__impurity_radiation_5 DEBUG    _get_service_response(REQUEST|fastran_FPP_000001@impurity_radiation@5|FRAMEWORK@Framework@0|50)
2026-04-24 12:12:14,119 fastran__impurity_radiation_5 DEBUG    _get_service_response(REQUEST|fastran_FPP_000001@impurity_radiation@5|FRAMEWORK@Framework@0|50), response = ServiceResponseMessage(sender_id=FRAMEWORK@Framework@0, receiver_id=fastran_FPP_000001@impurity_radiation@5, request_msg_id=REQUEST|fastran_FPP_000001@impurity_radiation@5|FRAMEWORK@Framework@0|50,status=0, args=(None,), message_id=RESPONSE|FRAMEWORK@Framework@0|fastran_FPP_000001@impurity_radiation@5|564)
2026-04-24 12:12:14,119 fastran__impurity_radiation_5 DEBUG    _invoke_service(): getTopic  ('_IPS_MONITOR',)
2026-04-24 12:12:14,119 fastran__impurity_radiation_5 DEBUG    _get_service_response(REQUEST|fastran_FPP_000001@impurity_radiation@5|FRAMEWORK@Framework@0|51)
2026-04-24 12:12:14,129 fastran__impurity_radiation_5 DEBUG    _get_service_response(REQUEST|fastran_FPP_000001@impurity_radiation@5|FRAMEWORK@Framework@0|51), response = ServiceResponseMessage(sender_id=FRAMEWORK@Framework@0, receiver_id=fastran_FPP_000001@impurity_radiation@5, request_msg_id=REQUEST|fastran_FPP_000001@impurity_radiation@5|FRAMEWORK@Framework@0|51,status=0, args=(<ipsframework.cca_es_spec.Topic object at 0x7fbffd442580>,), message_id=RESPONSE|FRAMEWORK@Framework@0|fastran_FPP_000001@impurity_radiation@5|565)
2026-04-24 12:12:14,129 fastran__impurity_radiation_5 DEBUG    _invoke_service(): sendEvent  ('_IPS_MONITOR', 'PORTAL_EVENT', {'sim_name': 'fastran_FPP_000001', 'real_sim_name': 'fastran_FPP_000001', 'portal_data': {'code': 'fastran__impurity_radiation', 'eventtype': 'IPS_STAGE_OUTPUTS', 'ok': True, 'walltime': '67.62', 'time': '2026-04-24|12:12:14PDT', 'trace': {'timestamp': 1777057934119130, 'duration': 250, 'localEndpoint': {'serviceName': 'stage_output_files'}, 'name': '[]', 'id': 'ed019efe11be26d9', 'parentId': '220051d240fcdcac', 'tags': {}}, 'state': 'Running', 'comment': 'Elapsed time = 0.000 Path = /pscratch/sd/h/hswils/github_repos/MANTA_DBSCANS/RAD_Ar_coronal/SCAN/simulation_results/4/components/fastran__impurity_radiation_5 Files = []'}})
2026-04-24 12:12:14,130 fastran__impurity_radiation_5 DEBUG    _get_service_response(REQUEST|fastran_FPP_000001@impurity_radiation@5|FRAMEWORK@Framework@0|52)
2026-04-24 12:12:14,140 fastran__impurity_radiation_5 DEBUG    _get_service_response(REQUEST|fastran_FPP_000001@impurity_radiation@5|FRAMEWORK@Framework@0|52), response = ServiceResponseMessage(sender_id=FRAMEWORK@Framework@0, receiver_id=fastran_FPP_000001@impurity_radiation@5, request_msg_id=REQUEST|fastran_FPP_000001@impurity_radiation@5|FRAMEWORK@Framework@0|52,status=0, args=(None,), message_id=RESPONSE|FRAMEWORK@Framework@0|fastran_FPP_000001@impurity_radiation@5|566)
2026-04-24 12:12:14,151 fastran_driver_fastran_driver_2 DEBUG    _get_service_response(REQUEST|fastran_FPP_000001@fastran_driver@2|FRAMEWORK@Framework@0|208), response = ServiceResponseMessage(sender_id=FRAMEWORK@Framework@0, receiver_id=fastran_FPP_000001@fastran_driver@2, request_msg_id=REQUEST|fastran_FPP_000001@fastran_driver@2|FRAMEWORK@Framework@0|208,status=0, args=((None,),), message_id=RESPONSE|FRAMEWORK@Framework@0|fastran_FPP_000001@fastran_driver@2|567)
2026-04-24 12:12:14,151 fastran_driver_fastran_driver_2 DEBUG    _invoke_service(): getTopic  ('_IPS_MONITOR',)
2026-04-24 12:12:14,152 fastran_driver_fastran_driver_2 DEBUG    _get_service_response(REQUEST|fastran_FPP_000001@fastran_driver@2|FRAMEWORK@Framework@0|209)
2026-04-24 12:12:14,162 fastran_driver_fastran_driver_2 DEBUG    _get_service_response(REQUEST|fastran_FPP_000001@fastran_driver@2|FRAMEWORK@Framework@0|209), response = ServiceResponseMessage(sender_id=FRAMEWORK@Framework@0, receiver_id=fastran_FPP_000001@fastran_driver@2, request_msg_id=REQUEST|fastran_FPP_000001@fastran_driver@2|FRAMEWORK@Framework@0|209,status=0, args=(<ipsframework.cca_es_spec.Topic object at 0x7fbffd5d8040>,), message_id=RESPONSE|FRAMEWORK@Framework@0|fastran_FPP_000001@fastran_driver@2|568)
2026-04-24 12:12:14,162 fastran_driver_fastran_driver_2 DEBUG    _invoke_service(): sendEvent  ('_IPS_MONITOR', 'PORTAL_EVENT', {'sim_name': 'fastran_FPP_000001', 'real_sim_name': 'fastran_FPP_000001', 'portal_data': {'code': 'fastran_driver_fastran_driver', 'eventtype': 'IPS_CALL_END', 'ok': True, 'walltime': '67.65', 'time': '2026-04-24|12:12:14PDT', 'trace': {'timestamp': 1777057933830524, 'duration': 321277, 'localEndpoint': {'serviceName': 'fastran_FPP_000001@impurity_radiation@5'}, 'name': 'step(4)', 'id': '220051d240fcdcac', 'parentId': 'f899e3e5886669ce', 'tags': {}}, 'state': 'Running', 'comment': 'Target = fastran_FPP_000001@impurity_radiation@5:step(4)'}})
2026-04-24 12:12:14,162 fastran_driver_fastran_driver_2 DEBUG    _get_service_response(REQUEST|fastran_FPP_000001@fastran_driver@2|FRAMEWORK@Framework@0|210)
2026-04-24 12:12:14,173 fastran_driver_fastran_driver_2 DEBUG    _get_service_response(REQUEST|fastran_FPP_000001@fastran_driver@2|FRAMEWORK@Framework@0|210), response = ServiceResponseMessage(sender_id=FRAMEWORK@Framework@0, receiver_id=fastran_FPP_000001@fastran_driver@2, request_msg_id=REQUEST|fastran_FPP_000001@fastran_driver@2|FRAMEWORK@Framework@0|210,status=0, args=(None,), message_id=RESPONSE|FRAMEWORK@Framework@0|fastran_FPP_000001@fastran_driver@2|569)
2026-04-24 12:12:14,173 fastran_driver_fastran_driver_2 DEBUG    _invoke_service(): getTopic  ('_IPS_MONITOR',)
2026-04-24 12:12:14,174 fastran_driver_fastran_driver_2 DEBUG    _get_service_response(REQUEST|fastran_FPP_000001@fastran_driver@2|FRAMEWORK@Framework@0|211)
2026-04-24 12:12:14,184 fastran_driver_fastran_driver_2 DEBUG    _get_service_response(REQUEST|fastran_FPP_000001@fastran_driver@2|FRAMEWORK@Framework@0|211), response = ServiceResponseMessage(sender_id=FRAMEWORK@Framework@0, receiver_id=fastran_FPP_000001@fastran_driver@2, request_msg_id=REQUEST|fastran_FPP_000001@fastran_driver@2|FRAMEWORK@Framework@0|211,status=0, args=(<ipsframework.cca_es_spec.Topic object at 0x7fbffd5d80a0>,), message_id=RESPONSE|FRAMEWORK@Framework@0|fastran_FPP_000001@fastran_driver@2|570)
2026-04-24 12:12:14,184 fastran_driver_fastran_driver_2 DEBUG    _invoke_service(): sendEvent  ('_IPS_MONITOR', 'PORTAL_EVENT', {'sim_name': 'fastran_FPP_000001', 'real_sim_name': 'fastran_FPP_000001', 'portal_data': {'code': 'fastran_driver_fastran_driver', 'eventtype': 'IPS_CALL_BEGIN', 'ok': True, 'walltime': '67.68', 'time': '2026-04-24|12:12:14PDT', 'state': 'Running', 'comment': 'Target = fastran_FPP_000001@hcd_model@6:step(4)'}})
2026-04-24 12:12:14,184 fastran_driver_fastran_driver_2 DEBUG    _get_service_response(REQUEST|fastran_FPP_000001@fastran_driver@2|FRAMEWORK@Framework@0|212)
2026-04-24 12:12:14,195 fastran_driver_fastran_driver_2 DEBUG    _get_service_response(REQUEST|fastran_FPP_000001@fastran_driver@2|FRAMEWORK@Framework@0|212), response = ServiceResponseMessage(sender_id=FRAMEWORK@Framework@0, receiver_id=fastran_FPP_000001@fastran_driver@2, request_msg_id=REQUEST|fastran_FPP_000001@fastran_driver@2|FRAMEWORK@Framework@0|212,status=0, args=(None,), message_id=RESPONSE|FRAMEWORK@Framework@0|fastran_FPP_000001@fastran_driver@2|571)
2026-04-24 12:12:14,195 fastran_driver_fastran_driver_2 DEBUG    _invoke_service(): init_call  ('step', 4)
2026-04-24 12:12:14,195 fastran_driver_fastran_driver_2 DEBUG    _get_service_response(REQUEST|fastran_FPP_000001@fastran_driver@2|FRAMEWORK@Framework@0|213)
2026-04-24 12:12:14,196 fastran_ic_hcd_model_6 DEBUG    Received Message 
2026-04-24 12:12:14,196 fastran_ic_hcd_model_6 DEBUG    Calling method step(4)
2026-04-24 12:12:14,196 fastran_ic_hcd_model_6 DEBUG    _invoke_service(): stage_state  (['s000001.00001', 'g000001.00001', 'i000001.00001'], '/pscratch/sd/h/hswils/github_repos/MANTA_DBSCANS/RAD_Ar_coronal/SCAN/work/plasma_state', '/pscratch/sd/h/hswils/github_repos/MANTA_DBSCANS/RAD_Ar_coronal/SCAN/work/fastran_ic_hcd_model_6')
2026-04-24 12:12:14,196 fastran_ic_hcd_model_6 DEBUG    _get_service_response(REQUEST|fastran_FPP_000001@hcd_model@6|FRAMEWORK@Framework@0|40)
2026-04-24 12:12:14,206 fastran_driver_fastran_driver_2 DEBUG    _get_service_response(REQUEST|fastran_FPP_000001@fastran_driver@2|FRAMEWORK@Framework@0|213), response = ServiceResponseMessage(sender_id=FRAMEWORK@Framework@0, receiver_id=fastran_FPP_000001@fastran_driver@2, request_msg_id=REQUEST|fastran_FPP_000001@fastran_driver@2|FRAMEWORK@Framework@0|213,status=0, args=(36,), message_id=RESPONSE|FRAMEWORK@Framework@0|fastran_FPP_000001@fastran_driver@2|572)
2026-04-24 12:12:14,206 fastran_driver_fastran_driver_2 DEBUG    _invoke_service(): wait_call  (36, True)
2026-04-24 12:12:14,206 fastran_driver_fastran_driver_2 DEBUG    _get_service_response(REQUEST|fastran_FPP_000001@fastran_driver@2|FRAMEWORK@Framework@0|214)
2026-04-24 12:12:14,218 fastran_ic_hcd_model_6 DEBUG    _get_service_response(REQUEST|fastran_FPP_000001@hcd_model@6|FRAMEWORK@Framework@0|40), response = ServiceResponseMessage(sender_id=FRAMEWORK@Framework@0, receiver_id=fastran_FPP_000001@hcd_model@6, request_msg_id=REQUEST|fastran_FPP_000001@hcd_model@6|FRAMEWORK@Framework@0|40,status=0, args=(0,), message_id=RESPONSE|FRAMEWORK@Framework@0|fastran_FPP_000001@hcd_model@6|573)
2026-04-24 12:12:14,218 fastran_ic_hcd_model_6 DEBUG    _invoke_service(): getTopic  ('_IPS_MONITOR',)
2026-04-24 12:12:14,218 fastran_ic_hcd_model_6 DEBUG    _get_service_response(REQUEST|fastran_FPP_000001@hcd_model@6|FRAMEWORK@Framework@0|41)
2026-04-24 12:12:14,229 fastran_ic_hcd_model_6 DEBUG    _get_service_response(REQUEST|fastran_FPP_000001@hcd_model@6|FRAMEWORK@Framework@0|41), response = ServiceResponseMessage(sender_id=FRAMEWORK@Framework@0, receiver_id=fastran_FPP_000001@hcd_model@6, request_msg_id=REQUEST|fastran_FPP_000001@hcd_model@6|FRAMEWORK@Framework@0|41,status=0, args=(<ipsframework.cca_es_spec.Topic object at 0x7fbffd4291c0>,), message_id=RESPONSE|FRAMEWORK@Framework@0|fastran_FPP_000001@hcd_model@6|574)
2026-04-24 12:12:14,229 fastran_ic_hcd_model_6 DEBUG    _invoke_service(): sendEvent  ('_IPS_MONITOR', 'PORTAL_EVENT', {'sim_name': 'fastran_FPP_000001', 'real_sim_name': 'fastran_FPP_000001', 'portal_data': {'code': 'fastran_ic_hcd_model', 'eventtype': 'IPS_STAGE_STATE', 'ok': True, 'walltime': '67.72', 'time': '2026-04-24|12:12:14PDT', 'trace': {'timestamp': 1777057934196709, 'duration': 22031, 'localEndpoint': {'serviceName': 'stage_state'}, 'name': "['s000001.00001', 'g000001.00001', 'i000001.00001']", 'id': '71885aecf25d7412', 'parentId': '9c8df1b3f216d019', 'tags': {}}, 'state': 'Running', 'comment': 'Elapsed time = 0.022  files = s000001.00001 g000001.00001 i000001.00001 Success'}})
2026-04-24 12:12:14,229 fastran_ic_hcd_model_6 DEBUG    _get_service_response(REQUEST|fastran_FPP_000001@hcd_model@6|FRAMEWORK@Framework@0|42)
2026-04-24 12:12:14,240 fastran_ic_hcd_model_6 DEBUG    _get_service_response(REQUEST|fastran_FPP_000001@hcd_model@6|FRAMEWORK@Framework@0|42), response = ServiceResponseMessage(sender_id=FRAMEWORK@Framework@0, receiver_id=fastran_FPP_000001@hcd_model@6, request_msg_id=REQUEST|fastran_FPP_000001@hcd_model@6|FRAMEWORK@Framework@0|42,status=0, args=(None,), message_id=RESPONSE|FRAMEWORK@Framework@0|fastran_FPP_000001@hcd_model@6|575)
2026-04-24 12:12:14,245 fastran_ic_hcd_model_6 DEBUG    _invoke_service(): getTopic  ('_IPS_MONITOR',)
2026-04-24 12:12:14,245 fastran_ic_hcd_model_6 DEBUG    _get_service_response(REQUEST|fastran_FPP_000001@hcd_model@6|FRAMEWORK@Framework@0|43)
2026-04-24 12:12:14,255 fastran_ic_hcd_model_6 DEBUG    _get_service_response(REQUEST|fastran_FPP_000001@hcd_model@6|FRAMEWORK@Framework@0|43), response = ServiceResponseMessage(sender_id=FRAMEWORK@Framework@0, receiver_id=fastran_FPP_000001@hcd_model@6, request_msg_id=REQUEST|fastran_FPP_000001@hcd_model@6|FRAMEWORK@Framework@0|43,status=0, args=(<ipsframework.cca_es_spec.Topic object at 0x7fbffd429160>,), message_id=RESPONSE|FRAMEWORK@Framework@0|fastran_FPP_000001@hcd_model@6|576)
2026-04-24 12:12:14,255 fastran_ic_hcd_model_6 DEBUG    _invoke_service(): sendEvent  ('_IPS_MONITOR', 'PORTAL_EVENT', {'sim_name': 'fastran_FPP_000001', 'real_sim_name': 'fastran_FPP_000001', 'portal_data': {'code': 'fastran_ic_hcd_model', 'eventtype': 'IPS_STAGE_INPUTS', 'ok': True, 'walltime': '67.75', 'time': '2026-04-24|12:12:14PDT', 'trace': {'timestamp': 1777057934240113, 'duration': 4895, 'localEndpoint': {'serviceName': 'stage_input_files'}, 'name': 'inhcd', 'id': '5ee53c28a9607896', 'parentId': '9c8df1b3f216d019', 'tags': {}}, 'state': 'Running', 'comment': 'Elapsed time = 0.005 Path = /pscratch/sd/h/hswils/github_repos/MANTA_DBSCANS/RAD_Ar_coronal/input Files = inhcd'}})
2026-04-24 12:12:14,255 fastran_ic_hcd_model_6 DEBUG    _get_service_response(REQUEST|fastran_FPP_000001@hcd_model@6|FRAMEWORK@Framework@0|44)
2026-04-24 12:12:14,266 fastran_ic_hcd_model_6 DEBUG    _get_service_response(REQUEST|fastran_FPP_000001@hcd_model@6|FRAMEWORK@Framework@0|44), response = ServiceResponseMessage(sender_id=FRAMEWORK@Framework@0, receiver_id=fastran_FPP_000001@hcd_model@6, request_msg_id=REQUEST|fastran_FPP_000001@hcd_model@6|FRAMEWORK@Framework@0|44,status=0, args=(None,), message_id=RESPONSE|FRAMEWORK@Framework@0|fastran_FPP_000001@hcd_model@6|577)
2026-04-24 12:12:14,390 fastran_ic_hcd_model_6 DEBUG    _invoke_service(): update_state  (['s000001.00001', 'g000001.00001', 'i000001.00001'], '/pscratch/sd/h/hswils/github_repos/MANTA_DBSCANS/RAD_Ar_coronal/SCAN/work/fastran_ic_hcd_model_6', '/pscratch/sd/h/hswils/github_repos/MANTA_DBSCANS/RAD_Ar_coronal/SCAN/work/plasma_state')
2026-04-24 12:12:14,390 fastran_ic_hcd_model_6 DEBUG    _get_service_response(REQUEST|fastran_FPP_000001@hcd_model@6|FRAMEWORK@Framework@0|45)
2026-04-24 12:12:14,411 fastran_ic_hcd_model_6 DEBUG    _get_service_response(REQUEST|fastran_FPP_000001@hcd_model@6|FRAMEWORK@Framework@0|45), response = ServiceResponseMessage(sender_id=FRAMEWORK@Framework@0, receiver_id=fastran_FPP_000001@hcd_model@6, request_msg_id=REQUEST|fastran_FPP_000001@hcd_model@6|FRAMEWORK@Framework@0|45,status=0, args=(0,), message_id=RESPONSE|FRAMEWORK@Framework@0|fastran_FPP_000001@hcd_model@6|579)
2026-04-24 12:12:14,411 fastran_ic_hcd_model_6 DEBUG    _invoke_service(): getTopic  ('_IPS_MONITOR',)
2026-04-24 12:12:14,411 fastran_ic_hcd_model_6 DEBUG    _get_service_response(REQUEST|fastran_FPP_000001@hcd_model@6|FRAMEWORK@Framework@0|46)
2026-04-24 12:12:14,421 fastran_ic_hcd_model_6 DEBUG    _get_service_response(REQUEST|fastran_FPP_000001@hcd_model@6|FRAMEWORK@Framework@0|46), response = ServiceResponseMessage(sender_id=FRAMEWORK@Framework@0, receiver_id=fastran_FPP_000001@hcd_model@6, request_msg_id=REQUEST|fastran_FPP_000001@hcd_model@6|FRAMEWORK@Framework@0|46,status=0, args=(<ipsframework.cca_es_spec.Topic object at 0x7fbffd429a00>,), message_id=RESPONSE|FRAMEWORK@Framework@0|fastran_FPP_000001@hcd_model@6|580)
2026-04-24 12:12:14,421 fastran_ic_hcd_model_6 DEBUG    _invoke_service(): sendEvent  ('_IPS_MONITOR', 'PORTAL_EVENT', {'sim_name': 'fastran_FPP_000001', 'real_sim_name': 'fastran_FPP_000001', 'portal_data': {'code': 'fastran_ic_hcd_model', 'eventtype': 'IPS_UPDATE_STATE', 'ok': True, 'walltime': '67.91', 'time': '2026-04-24|12:12:14PDT', 'trace': {'timestamp': 1777057934390471, 'duration': 20611, 'localEndpoint': {'serviceName': 'update_state'}, 'name': "['s000001.00001', 'g000001.00001', 'i000001.00001']", 'id': '7629e189a66153c0', 'parentId': '9c8df1b3f216d019', 'tags': {}}, 'state': 'Running', 'comment': 'Elapsed time = 0.021   files = s000001.00001 g000001.00001 i000001.00001 Success'}})
2026-04-24 12:12:14,421 fastran_ic_hcd_model_6 DEBUG    _get_service_response(REQUEST|fastran_FPP_000001@hcd_model@6|FRAMEWORK@Framework@0|47)
2026-04-24 12:12:14,432 fastran_ic_hcd_model_6 DEBUG    _get_service_response(REQUEST|fastran_FPP_000001@hcd_model@6|FRAMEWORK@Framework@0|47), response = ServiceResponseMessage(sender_id=FRAMEWORK@Framework@0, receiver_id=fastran_FPP_000001@hcd_model@6, request_msg_id=REQUEST|fastran_FPP_000001@hcd_model@6|FRAMEWORK@Framework@0|47,status=0, args=(None,), message_id=RESPONSE|FRAMEWORK@Framework@0|fastran_FPP_000001@hcd_model@6|581)
2026-04-24 12:12:14,432 fastran_ic_hcd_model_6 DEBUG    _invoke_service(): getTopic  ('_IPS_MONITOR',)
2026-04-24 12:12:14,432 fastran_ic_hcd_model_6 DEBUG    _get_service_response(REQUEST|fastran_FPP_000001@hcd_model@6|FRAMEWORK@Framework@0|48)
2026-04-24 12:12:14,443 fastran_ic_hcd_model_6 DEBUG    _get_service_response(REQUEST|fastran_FPP_000001@hcd_model@6|FRAMEWORK@Framework@0|48), response = ServiceResponseMessage(sender_id=FRAMEWORK@Framework@0, receiver_id=fastran_FPP_000001@hcd_model@6, request_msg_id=REQUEST|fastran_FPP_000001@hcd_model@6|FRAMEWORK@Framework@0|48,status=0, args=(<ipsframework.cca_es_spec.Topic object at 0x7fbffd429bb0>,), message_id=RESPONSE|FRAMEWORK@Framework@0|fastran_FPP_000001@hcd_model@6|582)
2026-04-24 12:12:14,443 fastran_ic_hcd_model_6 DEBUG    _invoke_service(): sendEvent  ('_IPS_MONITOR', 'PORTAL_EVENT', {'sim_name': 'fastran_FPP_000001', 'real_sim_name': 'fastran_FPP_000001', 'portal_data': {'code': 'fastran_ic_hcd_model', 'eventtype': 'IPS_STAGE_OUTPUTS', 'ok': True, 'walltime': '67.94', 'time': '2026-04-24|12:12:14PDT', 'trace': {'timestamp': 1777057934432534, 'duration': 199, 'localEndpoint': {'serviceName': 'stage_output_files'}, 'name': '[]', 'id': 'ed019efe11be26d9', 'parentId': '9c8df1b3f216d019', 'tags': {}}, 'state': 'Running', 'comment': 'Elapsed time = 0.000 Path = /pscratch/sd/h/hswils/github_repos/MANTA_DBSCANS/RAD_Ar_coronal/SCAN/simulation_results/4/components/fastran_ic_hcd_model_6 Files = []'}})
2026-04-24 12:12:14,443 fastran_ic_hcd_model_6 DEBUG    _get_service_response(REQUEST|fastran_FPP_000001@hcd_model@6|FRAMEWORK@Framework@0|49)
2026-04-24 12:12:14,454 fastran_ic_hcd_model_6 DEBUG    _get_service_response(REQUEST|fastran_FPP_000001@hcd_model@6|FRAMEWORK@Framework@0|49), response = ServiceResponseMessage(sender_id=FRAMEWORK@Framework@0, receiver_id=fastran_FPP_000001@hcd_model@6, request_msg_id=REQUEST|fastran_FPP_000001@hcd_model@6|FRAMEWORK@Framework@0|49,status=0, args=(None,), message_id=RESPONSE|FRAMEWORK@Framework@0|fastran_FPP_000001@hcd_model@6|583)
2026-04-24 12:12:14,465 fastran_driver_fastran_driver_2 DEBUG    _get_service_response(REQUEST|fastran_FPP_000001@fastran_driver@2|FRAMEWORK@Framework@0|214), response = ServiceResponseMessage(sender_id=FRAMEWORK@Framework@0, receiver_id=fastran_FPP_000001@fastran_driver@2, request_msg_id=REQUEST|fastran_FPP_000001@fastran_driver@2|FRAMEWORK@Framework@0|214,status=0, args=((None,),), message_id=RESPONSE|FRAMEWORK@Framework@0|fastran_FPP_000001@fastran_driver@2|584)
2026-04-24 12:12:14,465 fastran_driver_fastran_driver_2 DEBUG    _invoke_service(): getTopic  ('_IPS_MONITOR',)
2026-04-24 12:12:14,465 fastran_driver_fastran_driver_2 DEBUG    _get_service_response(REQUEST|fastran_FPP_000001@fastran_driver@2|FRAMEWORK@Framework@0|215)
2026-04-24 12:12:14,476 fastran_driver_fastran_driver_2 DEBUG    _get_service_response(REQUEST|fastran_FPP_000001@fastran_driver@2|FRAMEWORK@Framework@0|215), response = ServiceResponseMessage(sender_id=FRAMEWORK@Framework@0, receiver_id=fastran_FPP_000001@fastran_driver@2, request_msg_id=REQUEST|fastran_FPP_000001@fastran_driver@2|FRAMEWORK@Framework@0|215,status=0, args=(<ipsframework.cca_es_spec.Topic object at 0x7fbffd5d8040>,), message_id=RESPONSE|FRAMEWORK@Framework@0|fastran_FPP_000001@fastran_driver@2|585)
2026-04-24 12:12:14,476 fastran_driver_fastran_driver_2 DEBUG    _invoke_service(): sendEvent  ('_IPS_MONITOR', 'PORTAL_EVENT', {'sim_name': 'fastran_FPP_000001', 'real_sim_name': 'fastran_FPP_000001', 'portal_data': {'code': 'fastran_driver_fastran_driver', 'eventtype': 'IPS_CALL_END', 'ok': True, 'walltime': '67.97', 'time': '2026-04-24|12:12:14PDT', 'trace': {'timestamp': 1777057934206692, 'duration': 258518, 'localEndpoint': {'serviceName': 'fastran_FPP_000001@hcd_model@6'}, 'name': 'step(4)', 'id': '9c8df1b3f216d019', 'parentId': 'f899e3e5886669ce', 'tags': {}}, 'state': 'Running', 'comment': 'Target = fastran_FPP_000001@hcd_model@6:step(4)'}})
2026-04-24 12:12:14,476 fastran_driver_fastran_driver_2 DEBUG    _get_service_response(REQUEST|fastran_FPP_000001@fastran_driver@2|FRAMEWORK@Framework@0|216)
2026-04-24 12:12:14,487 fastran_driver_fastran_driver_2 DEBUG    _get_service_response(REQUEST|fastran_FPP_000001@fastran_driver@2|FRAMEWORK@Framework@0|216), response = ServiceResponseMessage(sender_id=FRAMEWORK@Framework@0, receiver_id=fastran_FPP_000001@fastran_driver@2, request_msg_id=REQUEST|fastran_FPP_000001@fastran_driver@2|FRAMEWORK@Framework@0|216,status=0, args=(None,), message_id=RESPONSE|FRAMEWORK@Framework@0|fastran_FPP_000001@fastran_driver@2|586)
2026-04-24 12:12:14,487 fastran_driver_fastran_driver_2 DEBUG    _invoke_service(): getTopic  ('_IPS_MONITOR',)
2026-04-24 12:12:14,487 fastran_driver_fastran_driver_2 DEBUG    _get_service_response(REQUEST|fastran_FPP_000001@fastran_driver@2|FRAMEWORK@Framework@0|217)
2026-04-24 12:12:14,498 fastran_driver_fastran_driver_2 DEBUG    _get_service_response(REQUEST|fastran_FPP_000001@fastran_driver@2|FRAMEWORK@Framework@0|217), response = ServiceResponseMessage(sender_id=FRAMEWORK@Framework@0, receiver_id=fastran_FPP_000001@fastran_driver@2, request_msg_id=REQUEST|fastran_FPP_000001@fastran_driver@2|FRAMEWORK@Framework@0|217,status=0, args=(<ipsframework.cca_es_spec.Topic object at 0x7fbffd5d80a0>,), message_id=RESPONSE|FRAMEWORK@Framework@0|fastran_FPP_000001@fastran_driver@2|587)
2026-04-24 12:12:14,498 fastran_driver_fastran_driver_2 DEBUG    _invoke_service(): sendEvent  ('_IPS_MONITOR', 'PORTAL_EVENT', {'sim_name': 'fastran_FPP_000001', 'real_sim_name': 'fastran_FPP_000001', 'portal_data': {'code': 'fastran_driver_fastran_driver', 'eventtype': 'IPS_CALL_BEGIN', 'ok': True, 'walltime': '67.99', 'time': '2026-04-24|12:12:14PDT', 'state': 'Running', 'comment': 'Target = fastran_FPP_000001@efit@7:step(4)'}})
2026-04-24 12:12:14,498 fastran_driver_fastran_driver_2 DEBUG    _get_service_response(REQUEST|fastran_FPP_000001@fastran_driver@2|FRAMEWORK@Framework@0|218)
2026-04-24 12:12:14,509 fastran_driver_fastran_driver_2 DEBUG    _get_service_response(REQUEST|fastran_FPP_000001@fastran_driver@2|FRAMEWORK@Framework@0|218), response = ServiceResponseMessage(sender_id=FRAMEWORK@Framework@0, receiver_id=fastran_FPP_000001@fastran_driver@2, request_msg_id=REQUEST|fastran_FPP_000001@fastran_driver@2|FRAMEWORK@Framework@0|218,status=0, args=(None,), message_id=RESPONSE|FRAMEWORK@Framework@0|fastran_FPP_000001@fastran_driver@2|588)
2026-04-24 12:12:14,509 fastran_driver_fastran_driver_2 DEBUG    _invoke_service(): init_call  ('step', 4)
2026-04-24 12:12:14,509 fastran_driver_fastran_driver_2 DEBUG    _get_service_response(REQUEST|fastran_FPP_000001@fastran_driver@2|FRAMEWORK@Framework@0|219)
2026-04-24 12:12:14,510 fastran_eq_efit_7 DEBUG    Received Message 
2026-04-24 12:12:14,510 fastran_eq_efit_7 DEBUG    Calling method step(4)
2026-04-24 12:12:14,510 fastran_eq_efit_7 DEBUG    _invoke_service(): stage_state  (['s000001.00001', 'g000001.00001', 'i000001.00001'], '/pscratch/sd/h/hswils/github_repos/MANTA_DBSCANS/RAD_Ar_coronal/SCAN/work/plasma_state', '/pscratch/sd/h/hswils/github_repos/MANTA_DBSCANS/RAD_Ar_coronal/SCAN/work/fastran_eq_efit_7')
2026-04-24 12:12:14,510 fastran_eq_efit_7 DEBUG    _get_service_response(REQUEST|fastran_FPP_000001@efit@7|FRAMEWORK@Framework@0|32)
2026-04-24 12:12:14,520 fastran_driver_fastran_driver_2 DEBUG    _get_service_response(REQUEST|fastran_FPP_000001@fastran_driver@2|FRAMEWORK@Framework@0|219), response = ServiceResponseMessage(sender_id=FRAMEWORK@Framework@0, receiver_id=fastran_FPP_000001@fastran_driver@2, request_msg_id=REQUEST|fastran_FPP_000001@fastran_driver@2|FRAMEWORK@Framework@0|219,status=0, args=(37,), message_id=RESPONSE|FRAMEWORK@Framework@0|fastran_FPP_000001@fastran_driver@2|589)
2026-04-24 12:12:14,520 fastran_driver_fastran_driver_2 DEBUG    _invoke_service(): wait_call  (37, True)
2026-04-24 12:12:14,520 fastran_driver_fastran_driver_2 DEBUG    _get_service_response(REQUEST|fastran_FPP_000001@fastran_driver@2|FRAMEWORK@Framework@0|220)
2026-04-24 12:12:14,531 fastran_eq_efit_7 DEBUG    _get_service_response(REQUEST|fastran_FPP_000001@efit@7|FRAMEWORK@Framework@0|32), response = ServiceResponseMessage(sender_id=FRAMEWORK@Framework@0, receiver_id=fastran_FPP_000001@efit@7, request_msg_id=REQUEST|fastran_FPP_000001@efit@7|FRAMEWORK@Framework@0|32,status=0, args=(0,), message_id=RESPONSE|FRAMEWORK@Framework@0|fastran_FPP_000001@efit@7|590)
2026-04-24 12:12:14,531 fastran_eq_efit_7 DEBUG    _invoke_service(): getTopic  ('_IPS_MONITOR',)
2026-04-24 12:12:14,531 fastran_eq_efit_7 DEBUG    _get_service_response(REQUEST|fastran_FPP_000001@efit@7|FRAMEWORK@Framework@0|33)
2026-04-24 12:12:14,542 fastran_eq_efit_7 DEBUG    _get_service_response(REQUEST|fastran_FPP_000001@efit@7|FRAMEWORK@Framework@0|33), response = ServiceResponseMessage(sender_id=FRAMEWORK@Framework@0, receiver_id=fastran_FPP_000001@efit@7, request_msg_id=REQUEST|fastran_FPP_000001@efit@7|FRAMEWORK@Framework@0|33,status=0, args=(<ipsframework.cca_es_spec.Topic object at 0x7fbffd423910>,), message_id=RESPONSE|FRAMEWORK@Framework@0|fastran_FPP_000001@efit@7|591)
2026-04-24 12:12:14,542 fastran_eq_efit_7 DEBUG    _invoke_service(): sendEvent  ('_IPS_MONITOR', 'PORTAL_EVENT', {'sim_name': 'fastran_FPP_000001', 'real_sim_name': 'fastran_FPP_000001', 'portal_data': {'code': 'fastran_eq_efit', 'eventtype': 'IPS_STAGE_STATE', 'ok': True, 'walltime': '68.03', 'time': '2026-04-24|12:12:14PDT', 'trace': {'timestamp': 1777057934510694, 'duration': 21111, 'localEndpoint': {'serviceName': 'stage_state'}, 'name': "['s000001.00001', 'g000001.00001', 'i000001.00001']", 'id': '71885aecf25d7412', 'parentId': '46114afab1f00ff7', 'tags': {}}, 'state': 'Running', 'comment': 'Elapsed time = 0.021  files = s000001.00001 g000001.00001 i000001.00001 Success'}})
2026-04-24 12:12:14,542 fastran_eq_efit_7 DEBUG    _get_service_response(REQUEST|fastran_FPP_000001@efit@7|FRAMEWORK@Framework@0|34)
2026-04-24 12:12:14,553 fastran_eq_efit_7 DEBUG    _get_service_response(REQUEST|fastran_FPP_000001@efit@7|FRAMEWORK@Framework@0|34), response = ServiceResponseMessage(sender_id=FRAMEWORK@Framework@0, receiver_id=fastran_FPP_000001@efit@7, request_msg_id=REQUEST|fastran_FPP_000001@efit@7|FRAMEWORK@Framework@0|34,status=0, args=(None,), message_id=RESPONSE|FRAMEWORK@Framework@0|fastran_FPP_000001@efit@7|592)
2026-04-24 12:12:17,051 fastran_eq_efit_7 DEBUG    _invoke_service(): update_state  (['s000001.00001', 'g000001.00001', 'i000001.00001'], '/pscratch/sd/h/hswils/github_repos/MANTA_DBSCANS/RAD_Ar_coronal/SCAN/work/fastran_eq_efit_7', '/pscratch/sd/h/hswils/github_repos/MANTA_DBSCANS/RAD_Ar_coronal/SCAN/work/plasma_state')
2026-04-24 12:12:17,052 fastran_eq_efit_7 DEBUG    _get_service_response(REQUEST|fastran_FPP_000001@efit@7|FRAMEWORK@Framework@0|35)
2026-04-24 12:12:17,073 fastran_eq_efit_7 DEBUG    _get_service_response(REQUEST|fastran_FPP_000001@efit@7|FRAMEWORK@Framework@0|35), response = ServiceResponseMessage(sender_id=FRAMEWORK@Framework@0, receiver_id=fastran_FPP_000001@efit@7, request_msg_id=REQUEST|fastran_FPP_000001@efit@7|FRAMEWORK@Framework@0|35,status=0, args=(0,), message_id=RESPONSE|FRAMEWORK@Framework@0|fastran_FPP_000001@efit@7|598)
2026-04-24 12:12:17,074 fastran_eq_efit_7 DEBUG    _invoke_service(): getTopic  ('_IPS_MONITOR',)
2026-04-24 12:12:17,074 fastran_eq_efit_7 DEBUG    _get_service_response(REQUEST|fastran_FPP_000001@efit@7|FRAMEWORK@Framework@0|36)
2026-04-24 12:12:17,084 fastran_eq_efit_7 DEBUG    _get_service_response(REQUEST|fastran_FPP_000001@efit@7|FRAMEWORK@Framework@0|36), response = ServiceResponseMessage(sender_id=FRAMEWORK@Framework@0, receiver_id=fastran_FPP_000001@efit@7, request_msg_id=REQUEST|fastran_FPP_000001@efit@7|FRAMEWORK@Framework@0|36,status=0, args=(<ipsframework.cca_es_spec.Topic object at 0x7fbffd43e310>,), message_id=RESPONSE|FRAMEWORK@Framework@0|fastran_FPP_000001@efit@7|599)
2026-04-24 12:12:17,084 fastran_eq_efit_7 DEBUG    _invoke_service(): sendEvent  ('_IPS_MONITOR', 'PORTAL_EVENT', {'sim_name': 'fastran_FPP_000001', 'real_sim_name': 'fastran_FPP_000001', 'portal_data': {'code': 'fastran_eq_efit', 'eventtype': 'IPS_UPDATE_STATE', 'ok': True, 'walltime': '70.58', 'time': '2026-04-24|12:12:17PDT', 'trace': {'timestamp': 1777057937051283, 'duration': 22610, 'localEndpoint': {'serviceName': 'update_state'}, 'name': "['s000001.00001', 'g000001.00001', 'i000001.00001']", 'id': '7629e189a66153c0', 'parentId': '46114afab1f00ff7', 'tags': {}}, 'state': 'Running', 'comment': 'Elapsed time = 0.023   files = s000001.00001 g000001.00001 i000001.00001 Success'}})
2026-04-24 12:12:17,084 fastran_eq_efit_7 DEBUG    _get_service_response(REQUEST|fastran_FPP_000001@efit@7|FRAMEWORK@Framework@0|37)
2026-04-24 12:12:17,095 fastran_eq_efit_7 DEBUG    _get_service_response(REQUEST|fastran_FPP_000001@efit@7|FRAMEWORK@Framework@0|37), response = ServiceResponseMessage(sender_id=FRAMEWORK@Framework@0, receiver_id=fastran_FPP_000001@efit@7, request_msg_id=REQUEST|fastran_FPP_000001@efit@7|FRAMEWORK@Framework@0|37,status=0, args=(None,), message_id=RESPONSE|FRAMEWORK@Framework@0|fastran_FPP_000001@efit@7|600)
2026-04-24 12:12:17,121 fastran_eq_efit_7 DEBUG    _invoke_service(): getTopic  ('_IPS_MONITOR',)
2026-04-24 12:12:17,121 fastran_eq_efit_7 DEBUG    _get_service_response(REQUEST|fastran_FPP_000001@efit@7|FRAMEWORK@Framework@0|38)
2026-04-24 12:12:17,131 fastran_eq_efit_7 DEBUG    _get_service_response(REQUEST|fastran_FPP_000001@efit@7|FRAMEWORK@Framework@0|38), response = ServiceResponseMessage(sender_id=FRAMEWORK@Framework@0, receiver_id=fastran_FPP_000001@efit@7, request_msg_id=REQUEST|fastran_FPP_000001@efit@7|FRAMEWORK@Framework@0|38,status=0, args=(<ipsframework.cca_es_spec.Topic object at 0x7fbffd43e640>,), message_id=RESPONSE|FRAMEWORK@Framework@0|fastran_FPP_000001@efit@7|601)
2026-04-24 12:12:17,132 fastran_eq_efit_7 DEBUG    _invoke_service(): sendEvent  ('_IPS_MONITOR', 'PORTAL_EVENT', {'sim_name': 'fastran_FPP_000001', 'real_sim_name': 'fastran_FPP_000001', 'portal_data': {'code': 'fastran_eq_efit', 'eventtype': 'IPS_STAGE_OUTPUTS', 'ok': True, 'walltime': '70.62', 'time': '2026-04-24|12:12:17PDT', 'trace': {'timestamp': 1777057937095570, 'duration': 25433, 'localEndpoint': {'serviceName': 'stage_output_files'}, 'name': "['g*.*', 'a*.*', 'm*.*', 'k*.*', 'efit.log', 's*.*']", 'id': '80725d8eee5776f1', 'parentId': '46114afab1f00ff7', 'tags': {}}, 'state': 'Running', 'comment': "Elapsed time = 0.025 Path = /pscratch/sd/h/hswils/github_repos/MANTA_DBSCANS/RAD_Ar_coronal/SCAN/simulation_results/4/components/fastran_eq_efit_7 Files = ['g*.*', 'a*.*', 'm*.*', 'k*.*', 'efit.log', 's*.*']"}})
2026-04-24 12:12:17,132 fastran_eq_efit_7 DEBUG    _get_service_response(REQUEST|fastran_FPP_000001@efit@7|FRAMEWORK@Framework@0|39)
2026-04-24 12:12:17,142 fastran_eq_efit_7 DEBUG    _get_service_response(REQUEST|fastran_FPP_000001@efit@7|FRAMEWORK@Framework@0|39), response = ServiceResponseMessage(sender_id=FRAMEWORK@Framework@0, receiver_id=fastran_FPP_000001@efit@7, request_msg_id=REQUEST|fastran_FPP_000001@efit@7|FRAMEWORK@Framework@0|39,status=0, args=(None,), message_id=RESPONSE|FRAMEWORK@Framework@0|fastran_FPP_000001@efit@7|602)
2026-04-24 12:12:17,154 fastran_driver_fastran_driver_2 DEBUG    _get_service_response(REQUEST|fastran_FPP_000001@fastran_driver@2|FRAMEWORK@Framework@0|220), response = ServiceResponseMessage(sender_id=FRAMEWORK@Framework@0, receiver_id=fastran_FPP_000001@fastran_driver@2, request_msg_id=REQUEST|fastran_FPP_000001@fastran_driver@2|FRAMEWORK@Framework@0|220,status=0, args=((None,),), message_id=RESPONSE|FRAMEWORK@Framework@0|fastran_FPP_000001@fastran_driver@2|603)
2026-04-24 12:12:17,154 fastran_driver_fastran_driver_2 DEBUG    _invoke_service(): getTopic  ('_IPS_MONITOR',)
2026-04-24 12:12:17,154 fastran_driver_fastran_driver_2 DEBUG    _get_service_response(REQUEST|fastran_FPP_000001@fastran_driver@2|FRAMEWORK@Framework@0|221)
2026-04-24 12:12:17,165 fastran_driver_fastran_driver_2 DEBUG    _get_service_response(REQUEST|fastran_FPP_000001@fastran_driver@2|FRAMEWORK@Framework@0|221), response = ServiceResponseMessage(sender_id=FRAMEWORK@Framework@0, receiver_id=fastran_FPP_000001@fastran_driver@2, request_msg_id=REQUEST|fastran_FPP_000001@fastran_driver@2|FRAMEWORK@Framework@0|221,status=0, args=(<ipsframework.cca_es_spec.Topic object at 0x7fbffd5d8040>,), message_id=RESPONSE|FRAMEWORK@Framework@0|fastran_FPP_000001@fastran_driver@2|604)
2026-04-24 12:12:17,165 fastran_driver_fastran_driver_2 DEBUG    _invoke_service(): sendEvent  ('_IPS_MONITOR', 'PORTAL_EVENT', {'sim_name': 'fastran_FPP_000001', 'real_sim_name': 'fastran_FPP_000001', 'portal_data': {'code': 'fastran_driver_fastran_driver', 'eventtype': 'IPS_CALL_END', 'ok': True, 'walltime': '70.66', 'time': '2026-04-24|12:12:17PDT', 'trace': {'timestamp': 1777057934520257, 'duration': 2634279, 'localEndpoint': {'serviceName': 'fastran_FPP_000001@efit@7'}, 'name': 'step(4)', 'id': '46114afab1f00ff7', 'parentId': 'f899e3e5886669ce', 'tags': {}}, 'state': 'Running', 'comment': 'Target = fastran_FPP_000001@efit@7:step(4)'}})
2026-04-24 12:12:17,165 fastran_driver_fastran_driver_2 DEBUG    _get_service_response(REQUEST|fastran_FPP_000001@fastran_driver@2|FRAMEWORK@Framework@0|222)
2026-04-24 12:12:17,175 fastran_driver_fastran_driver_2 DEBUG    _get_service_response(REQUEST|fastran_FPP_000001@fastran_driver@2|FRAMEWORK@Framework@0|222), response = ServiceResponseMessage(sender_id=FRAMEWORK@Framework@0, receiver_id=fastran_FPP_000001@fastran_driver@2, request_msg_id=REQUEST|fastran_FPP_000001@fastran_driver@2|FRAMEWORK@Framework@0|222,status=0, args=(None,), message_id=RESPONSE|FRAMEWORK@Framework@0|fastran_FPP_000001@fastran_driver@2|605)
2026-04-24 12:12:17,176 fastran_driver_fastran_driver_2 DEBUG    _invoke_service(): getTopic  ('_IPS_MONITOR',)
2026-04-24 12:12:17,176 fastran_driver_fastran_driver_2 DEBUG    _get_service_response(REQUEST|fastran_FPP_000001@fastran_driver@2|FRAMEWORK@Framework@0|223)
2026-04-24 12:12:17,186 fastran_driver_fastran_driver_2 DEBUG    _get_service_response(REQUEST|fastran_FPP_000001@fastran_driver@2|FRAMEWORK@Framework@0|223), response = ServiceResponseMessage(sender_id=FRAMEWORK@Framework@0, receiver_id=fastran_FPP_000001@fastran_driver@2, request_msg_id=REQUEST|fastran_FPP_000001@fastran_driver@2|FRAMEWORK@Framework@0|223,status=0, args=(<ipsframework.cca_es_spec.Topic object at 0x7fbffd5d80d0>,), message_id=RESPONSE|FRAMEWORK@Framework@0|fastran_FPP_000001@fastran_driver@2|606)
2026-04-24 12:12:17,186 fastran_driver_fastran_driver_2 DEBUG    _invoke_service(): sendEvent  ('_IPS_MONITOR', 'PORTAL_EVENT', {'sim_name': 'fastran_FPP_000001', 'real_sim_name': 'fastran_FPP_000001', 'portal_data': {'code': 'fastran_driver_fastran_driver', 'eventtype': 'IPS_CALL_BEGIN', 'ok': True, 'walltime': '70.68', 'time': '2026-04-24|12:12:17PDT', 'state': 'Running', 'comment': 'Target = fastran_FPP_000001@fastran@8:step(4)'}})
2026-04-24 12:12:17,186 fastran_driver_fastran_driver_2 DEBUG    _get_service_response(REQUEST|fastran_FPP_000001@fastran_driver@2|FRAMEWORK@Framework@0|224)
2026-04-24 12:12:17,197 fastran_driver_fastran_driver_2 DEBUG    _get_service_response(REQUEST|fastran_FPP_000001@fastran_driver@2|FRAMEWORK@Framework@0|224), response = ServiceResponseMessage(sender_id=FRAMEWORK@Framework@0, receiver_id=fastran_FPP_000001@fastran_driver@2, request_msg_id=REQUEST|fastran_FPP_000001@fastran_driver@2|FRAMEWORK@Framework@0|224,status=0, args=(None,), message_id=RESPONSE|FRAMEWORK@Framework@0|fastran_FPP_000001@fastran_driver@2|607)
2026-04-24 12:12:17,197 fastran_driver_fastran_driver_2 DEBUG    _invoke_service(): init_call  ('step', 4)
2026-04-24 12:12:17,197 fastran_driver_fastran_driver_2 DEBUG    _get_service_response(REQUEST|fastran_FPP_000001@fastran_driver@2|FRAMEWORK@Framework@0|225)
2026-04-24 12:12:17,198 fastran_tr_fastran_8 DEBUG    Received Message 
2026-04-24 12:12:17,198 fastran_tr_fastran_8 DEBUG    Calling method step(4)
2026-04-24 12:12:17,198 fastran_tr_fastran_8 DEBUG    _invoke_service(): stage_state  (['s000001.00001', 'g000001.00001', 'i000001.00001'], '/pscratch/sd/h/hswils/github_repos/MANTA_DBSCANS/RAD_Ar_coronal/SCAN/work/plasma_state', '/pscratch/sd/h/hswils/github_repos/MANTA_DBSCANS/RAD_Ar_coronal/SCAN/work/fastran_tr_fastran_8')
2026-04-24 12:12:17,198 fastran_tr_fastran_8 DEBUG    _get_service_response(REQUEST|fastran_FPP_000001@fastran@8|FRAMEWORK@Framework@0|64)
2026-04-24 12:12:17,208 fastran_driver_fastran_driver_2 DEBUG    _get_service_response(REQUEST|fastran_FPP_000001@fastran_driver@2|FRAMEWORK@Framework@0|225), response = ServiceResponseMessage(sender_id=FRAMEWORK@Framework@0, receiver_id=fastran_FPP_000001@fastran_driver@2, request_msg_id=REQUEST|fastran_FPP_000001@fastran_driver@2|FRAMEWORK@Framework@0|225,status=0, args=(38,), message_id=RESPONSE|FRAMEWORK@Framework@0|fastran_FPP_000001@fastran_driver@2|608)
2026-04-24 12:12:17,208 fastran_driver_fastran_driver_2 DEBUG    _invoke_service(): wait_call  (38, True)
2026-04-24 12:12:17,208 fastran_driver_fastran_driver_2 DEBUG    _get_service_response(REQUEST|fastran_FPP_000001@fastran_driver@2|FRAMEWORK@Framework@0|226)
2026-04-24 12:12:17,219 fastran_tr_fastran_8 DEBUG    _get_service_response(REQUEST|fastran_FPP_000001@fastran@8|FRAMEWORK@Framework@0|64), response = ServiceResponseMessage(sender_id=FRAMEWORK@Framework@0, receiver_id=fastran_FPP_000001@fastran@8, request_msg_id=REQUEST|fastran_FPP_000001@fastran@8|FRAMEWORK@Framework@0|64,status=0, args=(0,), message_id=RESPONSE|FRAMEWORK@Framework@0|fastran_FPP_000001@fastran@8|609)
2026-04-24 12:12:17,220 fastran_tr_fastran_8 DEBUG    _invoke_service(): getTopic  ('_IPS_MONITOR',)
2026-04-24 12:12:17,220 fastran_tr_fastran_8 DEBUG    _get_service_response(REQUEST|fastran_FPP_000001@fastran@8|FRAMEWORK@Framework@0|65)
2026-04-24 12:12:17,230 fastran_tr_fastran_8 DEBUG    _get_service_response(REQUEST|fastran_FPP_000001@fastran@8|FRAMEWORK@Framework@0|65), response = ServiceResponseMessage(sender_id=FRAMEWORK@Framework@0, receiver_id=fastran_FPP_000001@fastran@8, request_msg_id=REQUEST|fastran_FPP_000001@fastran@8|FRAMEWORK@Framework@0|65,status=0, args=(<ipsframework.cca_es_spec.Topic object at 0x7fbffd5015e0>,), message_id=RESPONSE|FRAMEWORK@Framework@0|fastran_FPP_000001@fastran@8|610)
2026-04-24 12:12:17,230 fastran_tr_fastran_8 DEBUG    _invoke_service(): sendEvent  ('_IPS_MONITOR', 'PORTAL_EVENT', {'sim_name': 'fastran_FPP_000001', 'real_sim_name': 'fastran_FPP_000001', 'portal_data': {'code': 'fastran_tr_fastran', 'eventtype': 'IPS_STAGE_STATE', 'ok': True, 'walltime': '70.72', 'time': '2026-04-24|12:12:17PDT', 'trace': {'timestamp': 1777057937198523, 'duration': 21535, 'localEndpoint': {'serviceName': 'stage_state'}, 'name': "['s000001.00001', 'g000001.00001', 'i000001.00001']", 'id': '71885aecf25d7412', 'parentId': 'eb091b4eeea33c28', 'tags': {}}, 'state': 'Running', 'comment': 'Elapsed time = 0.022  files = s000001.00001 g000001.00001 i000001.00001 Success'}})
2026-04-24 12:12:17,230 fastran_tr_fastran_8 DEBUG    _get_service_response(REQUEST|fastran_FPP_000001@fastran@8|FRAMEWORK@Framework@0|66)
2026-04-24 12:12:17,241 fastran_tr_fastran_8 DEBUG    _get_service_response(REQUEST|fastran_FPP_000001@fastran@8|FRAMEWORK@Framework@0|66), response = ServiceResponseMessage(sender_id=FRAMEWORK@Framework@0, receiver_id=fastran_FPP_000001@fastran@8, request_msg_id=REQUEST|fastran_FPP_000001@fastran@8|FRAMEWORK@Framework@0|66,status=0, args=(None,), message_id=RESPONSE|FRAMEWORK@Framework@0|fastran_FPP_000001@fastran@8|611)
2026-04-24 12:12:17,250 fastran_tr_fastran_8 DEBUG    _invoke_service(): getTopic  ('_IPS_MONITOR',)
2026-04-24 12:12:17,250 fastran_tr_fastran_8 DEBUG    _get_service_response(REQUEST|fastran_FPP_000001@fastran@8|FRAMEWORK@Framework@0|67)
2026-04-24 12:12:17,260 fastran_tr_fastran_8 DEBUG    _get_service_response(REQUEST|fastran_FPP_000001@fastran@8|FRAMEWORK@Framework@0|67), response = ServiceResponseMessage(sender_id=FRAMEWORK@Framework@0, receiver_id=fastran_FPP_000001@fastran@8, request_msg_id=REQUEST|fastran_FPP_000001@fastran@8|FRAMEWORK@Framework@0|67,status=0, args=(<ipsframework.cca_es_spec.Topic object at 0x7fbffd5014c0>,), message_id=RESPONSE|FRAMEWORK@Framework@0|fastran_FPP_000001@fastran@8|612)
2026-04-24 12:12:17,260 fastran_tr_fastran_8 DEBUG    _invoke_service(): sendEvent  ('_IPS_MONITOR', 'PORTAL_EVENT', {'sim_name': 'fastran_FPP_000001', 'real_sim_name': 'fastran_FPP_000001', 'portal_data': {'code': 'fastran_tr_fastran', 'eventtype': 'IPS_STAGE_INPUTS', 'ok': True, 'walltime': '70.75', 'time': '2026-04-24|12:12:17PDT', 'trace': {'timestamp': 1777057937241790, 'duration': 8238, 'localEndpoint': {'serviceName': 'stage_input_files'}, 'name': 'infastran intglf', 'id': '5ff6e2efe4653e6c', 'parentId': 'eb091b4eeea33c28', 'tags': {}}, 'state': 'Running', 'comment': 'Elapsed time = 0.008 Path = /pscratch/sd/h/hswils/github_repos/MANTA_DBSCANS/RAD_Ar_coronal/input Files = infastran intglf'}})
2026-04-24 12:12:17,260 fastran_tr_fastran_8 DEBUG    _get_service_response(REQUEST|fastran_FPP_000001@fastran@8|FRAMEWORK@Framework@0|68)
2026-04-24 12:12:17,271 fastran_tr_fastran_8 DEBUG    _get_service_response(REQUEST|fastran_FPP_000001@fastran@8|FRAMEWORK@Framework@0|68), response = ServiceResponseMessage(sender_id=FRAMEWORK@Framework@0, receiver_id=fastran_FPP_000001@fastran@8, request_msg_id=REQUEST|fastran_FPP_000001@fastran@8|FRAMEWORK@Framework@0|68,status=0, args=(None,), message_id=RESPONSE|FRAMEWORK@Framework@0|fastran_FPP_000001@fastran@8|613)
2026-04-24 12:12:17,474 fastran_tr_fastran_8 DEBUG    _invoke_service(): init_task  (TaskInit(nproc=126, binary='/global/common/software/atom/perlmutter/binaries/fastran/default/xfastran_ver1.07', working_dir='/pscratch/sd/h/hswils/github_repos/MANTA_DBSCANS/RAD_Ar_coronal/SCAN/work/fastran_tr_fastran_8', tppn=0, tcpp=0, tgpp=0, block=True, omp=False, wnodes=True, wsocks=True, cmd_args=('6', '21')),)
2026-04-24 12:12:17,474 fastran_tr_fastran_8 DEBUG    _get_service_response(REQUEST|fastran_FPP_000001@fastran@8|FRAMEWORK@Framework@0|69)
2026-04-24 12:12:17,485 fastran_tr_fastran_8 DEBUG    _get_service_response(REQUEST|fastran_FPP_000001@fastran@8|FRAMEWORK@Framework@0|69), response = ServiceResponseMessage(sender_id=FRAMEWORK@Framework@0, receiver_id=fastran_FPP_000001@fastran@8, request_msg_id=REQUEST|fastran_FPP_000001@fastran@8|FRAMEWORK@Framework@0|69,status=0, args=((6, 'srun -N 1 -n 126 -c 1 --threads-per-core=1 --cpu-bind=cores /global/common/software/atom/perlmutter/binaries/fastran/default/xfastran_ver1.07 6 21', None, 128),), message_id=RESPONSE|FRAMEWORK@Framework@0|fastran_FPP_000001@fastran@8|615)
2026-04-24 12:12:17,487 fastran_tr_fastran_8 DEBUG    Launching command : srun -N 1 -n 126 -c 1 --threads-per-core=1 --cpu-bind=cores /global/common/software/atom/perlmutter/binaries/fastran/default/xfastran_ver1.07 6 21
2026-04-24 12:12:17,503 fastran_tr_fastran_8 DEBUG    _invoke_service(): getTopic  ('_IPS_MONITOR',)
2026-04-24 12:12:17,503 fastran_tr_fastran_8 DEBUG    _get_service_response(REQUEST|fastran_FPP_000001@fastran@8|FRAMEWORK@Framework@0|70)
2026-04-24 12:12:17,514 fastran_tr_fastran_8 DEBUG    _get_service_response(REQUEST|fastran_FPP_000001@fastran@8|FRAMEWORK@Framework@0|70), response = ServiceResponseMessage(sender_id=FRAMEWORK@Framework@0, receiver_id=fastran_FPP_000001@fastran@8, request_msg_id=REQUEST|fastran_FPP_000001@fastran@8|FRAMEWORK@Framework@0|70,status=0, args=(<ipsframework.cca_es_spec.Topic object at 0x7fbffd501880>,), message_id=RESPONSE|FRAMEWORK@Framework@0|fastran_FPP_000001@fastran@8|616)
2026-04-24 12:12:17,514 fastran_tr_fastran_8 DEBUG    _invoke_service(): sendEvent  ('_IPS_MONITOR', 'PORTAL_EVENT', {'sim_name': 'fastran_FPP_000001', 'real_sim_name': 'fastran_FPP_000001', 'portal_data': {'code': 'fastran_tr_fastran', 'eventtype': 'IPS_LAUNCH_TASK', 'ok': True, 'walltime': '71.01', 'time': '2026-04-24|12:12:17PDT', 'state': 'Running', 'comment': 'task_id = 6 , Tag = None , nproc = 126 , Target = srun -N 1 -n 126 -c 1 --threads-per-core=1 --cpu-bind=cores /global/common/software/atom/perlmutter/binaries/fastran/default/xfastran_ver1.07 6 21'}})
2026-04-24 12:12:17,514 fastran_tr_fastran_8 DEBUG    _get_service_response(REQUEST|fastran_FPP_000001@fastran@8|FRAMEWORK@Framework@0|71)
2026-04-24 12:12:17,525 fastran_tr_fastran_8 DEBUG    _get_service_response(REQUEST|fastran_FPP_000001@fastran@8|FRAMEWORK@Framework@0|71), response = ServiceResponseMessage(sender_id=FRAMEWORK@Framework@0, receiver_id=fastran_FPP_000001@fastran@8, request_msg_id=REQUEST|fastran_FPP_000001@fastran@8|FRAMEWORK@Framework@0|71,status=0, args=(None,), message_id=RESPONSE|FRAMEWORK@Framework@0|fastran_FPP_000001@fastran@8|617)
2026-04-24 12:12:24,590 fastran_tr_fastran_8 DEBUG    _invoke_service(): getTopic  ('_IPS_MONITOR',)
2026-04-24 12:12:24,590 fastran_tr_fastran_8 DEBUG    _get_service_response(REQUEST|fastran_FPP_000001@fastran@8|FRAMEWORK@Framework@0|72)
2026-04-24 12:12:24,600 fastran_tr_fastran_8 DEBUG    _get_service_response(REQUEST|fastran_FPP_000001@fastran@8|FRAMEWORK@Framework@0|72), response = ServiceResponseMessage(sender_id=FRAMEWORK@Framework@0, receiver_id=fastran_FPP_000001@fastran@8, request_msg_id=REQUEST|fastran_FPP_000001@fastran@8|FRAMEWORK@Framework@0|72,status=0, args=(<ipsframework.cca_es_spec.Topic object at 0x7fbffd501430>,), message_id=RESPONSE|FRAMEWORK@Framework@0|fastran_FPP_000001@fastran@8|632)
2026-04-24 12:12:24,601 fastran_tr_fastran_8 DEBUG    _invoke_service(): sendEvent  ('_IPS_MONITOR', 'PORTAL_EVENT', {'sim_name': 'fastran_FPP_000001', 'real_sim_name': 'fastran_FPP_000001', 'portal_data': {'code': 'fastran_tr_fastran', 'eventtype': 'IPS_TASK_END', 'ok': True, 'walltime': '78.09', 'time': '2026-04-24|12:12:24PDT', 'trace': {'timestamp': 1777057937503104, 'duration': 7086759, 'localEndpoint': {'serviceName': '/global/common/software/atom/perlmutter/binaries/fastran/default/xfastran_ver1.07'}, 'name': '6 21', 'id': '5475ce58d4cda962', 'parentId': 'eb091b4eeea33c28', 'tags': {'procs_requested': '126', 'cores_allocated': '128'}}, 'state': 'Running', 'comment': 'task_id = 6  elapsed time = 7.09 S'}})
2026-04-24 12:12:24,601 fastran_tr_fastran_8 DEBUG    _get_service_response(REQUEST|fastran_FPP_000001@fastran@8|FRAMEWORK@Framework@0|73)
2026-04-24 12:12:24,612 fastran_tr_fastran_8 DEBUG    _get_service_response(REQUEST|fastran_FPP_000001@fastran@8|FRAMEWORK@Framework@0|73), response = ServiceResponseMessage(sender_id=FRAMEWORK@Framework@0, receiver_id=fastran_FPP_000001@fastran@8, request_msg_id=REQUEST|fastran_FPP_000001@fastran@8|FRAMEWORK@Framework@0|73,status=0, args=(None,), message_id=RESPONSE|FRAMEWORK@Framework@0|fastran_FPP_000001@fastran@8|633)
2026-04-24 12:12:24,612 fastran_tr_fastran_8 DEBUG    _invoke_service(): finish_task  (6, 0)
2026-04-24 12:12:24,612 fastran_tr_fastran_8 DEBUG    _get_service_response(REQUEST|fastran_FPP_000001@fastran@8|FRAMEWORK@Framework@0|74)
2026-04-24 12:12:24,623 fastran_tr_fastran_8 DEBUG    _get_service_response(REQUEST|fastran_FPP_000001@fastran@8|FRAMEWORK@Framework@0|74), response = ServiceResponseMessage(sender_id=FRAMEWORK@Framework@0, receiver_id=fastran_FPP_000001@fastran@8, request_msg_id=REQUEST|fastran_FPP_000001@fastran@8|FRAMEWORK@Framework@0|74,status=0, args=(0,), message_id=RESPONSE|FRAMEWORK@Framework@0|fastran_FPP_000001@fastran@8|634)
2026-04-24 12:12:24,885 fastran_tr_fastran_8 DEBUG    _invoke_service(): update_state  (['s000001.00001', 'g000001.00001', 'i000001.00001'], '/pscratch/sd/h/hswils/github_repos/MANTA_DBSCANS/RAD_Ar_coronal/SCAN/work/fastran_tr_fastran_8', '/pscratch/sd/h/hswils/github_repos/MANTA_DBSCANS/RAD_Ar_coronal/SCAN/work/plasma_state')
2026-04-24 12:12:24,885 fastran_tr_fastran_8 DEBUG    _get_service_response(REQUEST|fastran_FPP_000001@fastran@8|FRAMEWORK@Framework@0|75)
2026-04-24 12:12:24,907 fastran_tr_fastran_8 DEBUG    _get_service_response(REQUEST|fastran_FPP_000001@fastran@8|FRAMEWORK@Framework@0|75), response = ServiceResponseMessage(sender_id=FRAMEWORK@Framework@0, receiver_id=fastran_FPP_000001@fastran@8, request_msg_id=REQUEST|fastran_FPP_000001@fastran@8|FRAMEWORK@Framework@0|75,status=0, args=(0,), message_id=RESPONSE|FRAMEWORK@Framework@0|fastran_FPP_000001@fastran@8|635)
2026-04-24 12:12:24,907 fastran_tr_fastran_8 DEBUG    _invoke_service(): getTopic  ('_IPS_MONITOR',)
2026-04-24 12:12:24,907 fastran_tr_fastran_8 DEBUG    _get_service_response(REQUEST|fastran_FPP_000001@fastran@8|FRAMEWORK@Framework@0|76)
2026-04-24 12:12:24,918 fastran_tr_fastran_8 DEBUG    _get_service_response(REQUEST|fastran_FPP_000001@fastran@8|FRAMEWORK@Framework@0|76), response = ServiceResponseMessage(sender_id=FRAMEWORK@Framework@0, receiver_id=fastran_FPP_000001@fastran@8, request_msg_id=REQUEST|fastran_FPP_000001@fastran@8|FRAMEWORK@Framework@0|76,status=0, args=(<ipsframework.cca_es_spec.Topic object at 0x7fbffd501610>,), message_id=RESPONSE|FRAMEWORK@Framework@0|fastran_FPP_000001@fastran@8|636)
2026-04-24 12:12:24,918 fastran_tr_fastran_8 DEBUG    _invoke_service(): sendEvent  ('_IPS_MONITOR', 'PORTAL_EVENT', {'sim_name': 'fastran_FPP_000001', 'real_sim_name': 'fastran_FPP_000001', 'portal_data': {'code': 'fastran_tr_fastran', 'eventtype': 'IPS_UPDATE_STATE', 'ok': True, 'walltime': '78.41', 'time': '2026-04-24|12:12:24PDT', 'trace': {'timestamp': 1777057944885007, 'duration': 22265, 'localEndpoint': {'serviceName': 'update_state'}, 'name': "['s000001.00001', 'g000001.00001', 'i000001.00001']", 'id': '7629e189a66153c0', 'parentId': 'eb091b4eeea33c28', 'tags': {}}, 'state': 'Running', 'comment': 'Elapsed time = 0.022   files = s000001.00001 g000001.00001 i000001.00001 Success'}})
2026-04-24 12:12:24,918 fastran_tr_fastran_8 DEBUG    _get_service_response(REQUEST|fastran_FPP_000001@fastran@8|FRAMEWORK@Framework@0|77)
2026-04-24 12:12:24,928 fastran_tr_fastran_8 DEBUG    _get_service_response(REQUEST|fastran_FPP_000001@fastran@8|FRAMEWORK@Framework@0|77), response = ServiceResponseMessage(sender_id=FRAMEWORK@Framework@0, receiver_id=fastran_FPP_000001@fastran@8, request_msg_id=REQUEST|fastran_FPP_000001@fastran@8|FRAMEWORK@Framework@0|77,status=0, args=(None,), message_id=RESPONSE|FRAMEWORK@Framework@0|fastran_FPP_000001@fastran@8|637)
2026-04-24 12:12:24,945 fastran_tr_fastran_8 DEBUG    _invoke_service(): getTopic  ('_IPS_MONITOR',)
2026-04-24 12:12:24,945 fastran_tr_fastran_8 DEBUG    _get_service_response(REQUEST|fastran_FPP_000001@fastran@8|FRAMEWORK@Framework@0|78)
2026-04-24 12:12:24,956 fastran_tr_fastran_8 DEBUG    _get_service_response(REQUEST|fastran_FPP_000001@fastran@8|FRAMEWORK@Framework@0|78), response = ServiceResponseMessage(sender_id=FRAMEWORK@Framework@0, receiver_id=fastran_FPP_000001@fastran@8, request_msg_id=REQUEST|fastran_FPP_000001@fastran@8|FRAMEWORK@Framework@0|78,status=0, args=(<ipsframework.cca_es_spec.Topic object at 0x7fbffd501ee0>,), message_id=RESPONSE|FRAMEWORK@Framework@0|fastran_FPP_000001@fastran@8|638)
2026-04-24 12:12:24,956 fastran_tr_fastran_8 DEBUG    _invoke_service(): sendEvent  ('_IPS_MONITOR', 'PORTAL_EVENT', {'sim_name': 'fastran_FPP_000001', 'real_sim_name': 'fastran_FPP_000001', 'portal_data': {'code': 'fastran_tr_fastran', 'eventtype': 'IPS_STAGE_OUTPUTS', 'ok': True, 'walltime': '78.45', 'time': '2026-04-24|12:12:24PDT', 'trace': {'timestamp': 1777057944928916, 'duration': 16667, 'localEndpoint': {'serviceName': 'stage_output_files'}, 'name': "['fastran.nc', 'inprof', 'inmetric', 'infastran', 'intglf', 'xfastran.log', 'i000001.00001']", 'id': '7349cfaaafc33980', 'parentId': 'eb091b4eeea33c28', 'tags': {}}, 'state': 'Running', 'comment': "Elapsed time = 0.017 Path = /pscratch/sd/h/hswils/github_repos/MANTA_DBSCANS/RAD_Ar_coronal/SCAN/simulation_results/4/components/fastran_tr_fastran_8 Files = ['fastran.nc', 'inprof', 'inmetric', 'infastran', 'intglf', 'xfastran.log', 'i000001.00001']"}})
2026-04-24 12:12:24,956 fastran_tr_fastran_8 DEBUG    _get_service_response(REQUEST|fastran_FPP_000001@fastran@8|FRAMEWORK@Framework@0|79)
2026-04-24 12:12:24,966 fastran_tr_fastran_8 DEBUG    _get_service_response(REQUEST|fastran_FPP_000001@fastran@8|FRAMEWORK@Framework@0|79), response = ServiceResponseMessage(sender_id=FRAMEWORK@Framework@0, receiver_id=fastran_FPP_000001@fastran@8, request_msg_id=REQUEST|fastran_FPP_000001@fastran@8|FRAMEWORK@Framework@0|79,status=0, args=(None,), message_id=RESPONSE|FRAMEWORK@Framework@0|fastran_FPP_000001@fastran@8|639)
2026-04-24 12:12:24,977 fastran_driver_fastran_driver_2 DEBUG    _get_service_response(REQUEST|fastran_FPP_000001@fastran_driver@2|FRAMEWORK@Framework@0|226), response = ServiceResponseMessage(sender_id=FRAMEWORK@Framework@0, receiver_id=fastran_FPP_000001@fastran_driver@2, request_msg_id=REQUEST|fastran_FPP_000001@fastran_driver@2|FRAMEWORK@Framework@0|226,status=0, args=((None,),), message_id=RESPONSE|FRAMEWORK@Framework@0|fastran_FPP_000001@fastran_driver@2|640)
2026-04-24 12:12:24,977 fastran_driver_fastran_driver_2 DEBUG    _invoke_service(): getTopic  ('_IPS_MONITOR',)
2026-04-24 12:12:24,977 fastran_driver_fastran_driver_2 DEBUG    _get_service_response(REQUEST|fastran_FPP_000001@fastran_driver@2|FRAMEWORK@Framework@0|227)
2026-04-24 12:12:24,988 fastran_driver_fastran_driver_2 DEBUG    _get_service_response(REQUEST|fastran_FPP_000001@fastran_driver@2|FRAMEWORK@Framework@0|227), response = ServiceResponseMessage(sender_id=FRAMEWORK@Framework@0, receiver_id=fastran_FPP_000001@fastran_driver@2, request_msg_id=REQUEST|fastran_FPP_000001@fastran_driver@2|FRAMEWORK@Framework@0|227,status=0, args=(<ipsframework.cca_es_spec.Topic object at 0x7fbffd5d8040>,), message_id=RESPONSE|FRAMEWORK@Framework@0|fastran_FPP_000001@fastran_driver@2|641)
2026-04-24 12:12:24,988 fastran_driver_fastran_driver_2 DEBUG    _invoke_service(): sendEvent  ('_IPS_MONITOR', 'PORTAL_EVENT', {'sim_name': 'fastran_FPP_000001', 'real_sim_name': 'fastran_FPP_000001', 'portal_data': {'code': 'fastran_driver_fastran_driver', 'eventtype': 'IPS_CALL_END', 'ok': True, 'walltime': '78.48', 'time': '2026-04-24|12:12:24PDT', 'trace': {'timestamp': 1777057937208378, 'duration': 7769317, 'localEndpoint': {'serviceName': 'fastran_FPP_000001@fastran@8'}, 'name': 'step(4)', 'id': 'eb091b4eeea33c28', 'parentId': 'f899e3e5886669ce', 'tags': {}}, 'state': 'Running', 'comment': 'Target = fastran_FPP_000001@fastran@8:step(4)'}})
2026-04-24 12:12:24,988 fastran_driver_fastran_driver_2 DEBUG    _get_service_response(REQUEST|fastran_FPP_000001@fastran_driver@2|FRAMEWORK@Framework@0|228)
2026-04-24 12:12:24,999 fastran_driver_fastran_driver_2 DEBUG    _get_service_response(REQUEST|fastran_FPP_000001@fastran_driver@2|FRAMEWORK@Framework@0|228), response = ServiceResponseMessage(sender_id=FRAMEWORK@Framework@0, receiver_id=fastran_FPP_000001@fastran_driver@2, request_msg_id=REQUEST|fastran_FPP_000001@fastran_driver@2|FRAMEWORK@Framework@0|228,status=0, args=(None,), message_id=RESPONSE|FRAMEWORK@Framework@0|fastran_FPP_000001@fastran_driver@2|642)
2026-04-24 12:12:24,999 fastran_driver_fastran_driver_2 DEBUG    _invoke_service(): stage_state  (['s000001.00001', 'g000001.00001', 'i000001.00001'], '/pscratch/sd/h/hswils/github_repos/MANTA_DBSCANS/RAD_Ar_coronal/SCAN/work/plasma_state', '/pscratch/sd/h/hswils/github_repos/MANTA_DBSCANS/RAD_Ar_coronal/SCAN/work/fastran_driver_fastran_driver_2')
2026-04-24 12:12:24,999 fastran_driver_fastran_driver_2 DEBUG    _get_service_response(REQUEST|fastran_FPP_000001@fastran_driver@2|FRAMEWORK@Framework@0|229)
2026-04-24 12:12:25,021 fastran_driver_fastran_driver_2 DEBUG    _get_service_response(REQUEST|fastran_FPP_000001@fastran_driver@2|FRAMEWORK@Framework@0|229), response = ServiceResponseMessage(sender_id=FRAMEWORK@Framework@0, receiver_id=fastran_FPP_000001@fastran_driver@2, request_msg_id=REQUEST|fastran_FPP_000001@fastran_driver@2|FRAMEWORK@Framework@0|229,status=0, args=(0,), message_id=RESPONSE|FRAMEWORK@Framework@0|fastran_FPP_000001@fastran_driver@2|643)
2026-04-24 12:12:25,021 fastran_driver_fastran_driver_2 DEBUG    _invoke_service(): getTopic  ('_IPS_MONITOR',)
2026-04-24 12:12:25,021 fastran_driver_fastran_driver_2 DEBUG    _get_service_response(REQUEST|fastran_FPP_000001@fastran_driver@2|FRAMEWORK@Framework@0|230)
2026-04-24 12:12:25,031 fastran_driver_fastran_driver_2 DEBUG    _get_service_response(REQUEST|fastran_FPP_000001@fastran_driver@2|FRAMEWORK@Framework@0|230), response = ServiceResponseMessage(sender_id=FRAMEWORK@Framework@0, receiver_id=fastran_FPP_000001@fastran_driver@2, request_msg_id=REQUEST|fastran_FPP_000001@fastran_driver@2|FRAMEWORK@Framework@0|230,status=0, args=(<ipsframework.cca_es_spec.Topic object at 0x7fbffd5d80a0>,), message_id=RESPONSE|FRAMEWORK@Framework@0|fastran_FPP_000001@fastran_driver@2|644)
2026-04-24 12:12:25,031 fastran_driver_fastran_driver_2 DEBUG    _invoke_service(): sendEvent  ('_IPS_MONITOR', 'PORTAL_EVENT', {'sim_name': 'fastran_FPP_000001', 'real_sim_name': 'fastran_FPP_000001', 'portal_data': {'code': 'fastran_driver_fastran_driver', 'eventtype': 'IPS_STAGE_STATE', 'ok': True, 'walltime': '78.52', 'time': '2026-04-24|12:12:25PDT', 'trace': {'timestamp': 1777057944999677, 'duration': 21556, 'localEndpoint': {'serviceName': 'stage_state'}, 'name': "['s000001.00001', 'g000001.00001', 'i000001.00001']", 'id': '71885aecf25d7412', 'parentId': 'f899e3e5886669ce', 'tags': {}}, 'state': 'Running', 'comment': 'Elapsed time = 0.022  files = s000001.00001 g000001.00001 i000001.00001 Success'}})
2026-04-24 12:12:25,031 fastran_driver_fastran_driver_2 DEBUG    _get_service_response(REQUEST|fastran_FPP_000001@fastran_driver@2|FRAMEWORK@Framework@0|231)
2026-04-24 12:12:25,042 fastran_driver_fastran_driver_2 DEBUG    _get_service_response(REQUEST|fastran_FPP_000001@fastran_driver@2|FRAMEWORK@Framework@0|231), response = ServiceResponseMessage(sender_id=FRAMEWORK@Framework@0, receiver_id=fastran_FPP_000001@fastran_driver@2, request_msg_id=REQUEST|fastran_FPP_000001@fastran_driver@2|FRAMEWORK@Framework@0|231,status=0, args=(None,), message_id=RESPONSE|FRAMEWORK@Framework@0|fastran_FPP_000001@fastran_driver@2|646)
2026-04-24 12:12:25,042 fastran_driver_fastran_driver_2 DEBUG    _invoke_service(): getTopic  ('_IPS_MONITOR',)
2026-04-24 12:12:25,042 fastran_driver_fastran_driver_2 DEBUG    _get_service_response(REQUEST|fastran_FPP_000001@fastran_driver@2|FRAMEWORK@Framework@0|232)
2026-04-24 12:12:25,053 fastran_driver_fastran_driver_2 DEBUG    _get_service_response(REQUEST|fastran_FPP_000001@fastran_driver@2|FRAMEWORK@Framework@0|232), response = ServiceResponseMessage(sender_id=FRAMEWORK@Framework@0, receiver_id=fastran_FPP_000001@fastran_driver@2, request_msg_id=REQUEST|fastran_FPP_000001@fastran_driver@2|FRAMEWORK@Framework@0|232,status=0, args=(<ipsframework.cca_es_spec.Topic object at 0x7fbffd5d8220>,), message_id=RESPONSE|FRAMEWORK@Framework@0|fastran_FPP_000001@fastran_driver@2|647)
2026-04-24 12:12:25,053 fastran_driver_fastran_driver_2 DEBUG    _invoke_service(): sendEvent  ('_IPS_MONITOR', 'PORTAL_EVENT', {'sim_name': 'fastran_FPP_000001', 'real_sim_name': 'fastran_FPP_000001', 'portal_data': {'code': 'fastran_driver_fastran_driver', 'eventtype': 'IPS_STAGE_OUTPUTS', 'ok': True, 'walltime': '78.55', 'time': '2026-04-24|12:12:25PDT', 'trace': {'timestamp': 1777057945042559, 'duration': 184, 'localEndpoint': {'serviceName': 'stage_output_files'}, 'name': '[]', 'id': 'ed019efe11be26d9', 'parentId': 'f899e3e5886669ce', 'tags': {}}, 'state': 'Running', 'comment': 'Elapsed time = 0.000 Path = /pscratch/sd/h/hswils/github_repos/MANTA_DBSCANS/RAD_Ar_coronal/SCAN/simulation_results/4/components/fastran_driver_fastran_driver_2 Files = []'}})
2026-04-24 12:12:25,053 fastran_driver_fastran_driver_2 DEBUG    _get_service_response(REQUEST|fastran_FPP_000001@fastran_driver@2|FRAMEWORK@Framework@0|233)
2026-04-24 12:12:25,064 fastran_driver_fastran_driver_2 DEBUG    _get_service_response(REQUEST|fastran_FPP_000001@fastran_driver@2|FRAMEWORK@Framework@0|233), response = ServiceResponseMessage(sender_id=FRAMEWORK@Framework@0, receiver_id=fastran_FPP_000001@fastran_driver@2, request_msg_id=REQUEST|fastran_FPP_000001@fastran_driver@2|FRAMEWORK@Framework@0|233,status=0, args=(None,), message_id=RESPONSE|FRAMEWORK@Framework@0|fastran_FPP_000001@fastran_driver@2|648)
2026-04-24 12:12:25,064 fastran_driver_fastran_driver_2 DEBUG    _invoke_service(): getTopic  ('_IPS_MONITOR',)
2026-04-24 12:12:25,064 fastran_driver_fastran_driver_2 DEBUG    _get_service_response(REQUEST|fastran_FPP_000001@fastran_driver@2|FRAMEWORK@Framework@0|234)
2026-04-24 12:12:25,075 fastran_driver_fastran_driver_2 DEBUG    _get_service_response(REQUEST|fastran_FPP_000001@fastran_driver@2|FRAMEWORK@Framework@0|234), response = ServiceResponseMessage(sender_id=FRAMEWORK@Framework@0, receiver_id=fastran_FPP_000001@fastran_driver@2, request_msg_id=REQUEST|fastran_FPP_000001@fastran_driver@2|FRAMEWORK@Framework@0|234,status=0, args=(<ipsframework.cca_es_spec.Topic object at 0x7fbffd5d8130>,), message_id=RESPONSE|FRAMEWORK@Framework@0|fastran_FPP_000001@fastran_driver@2|649)
2026-04-24 12:12:25,075 fastran_driver_fastran_driver_2 DEBUG    _invoke_service(): sendEvent  ('_IPS_MONITOR', 'PORTAL_EVENT', {'sim_name': 'fastran_FPP_000001', 'real_sim_name': 'fastran_FPP_000001', 'portal_data': {'code': 'fastran_driver_fastran_driver', 'eventtype': 'IPS_CALL_BEGIN', 'ok': True, 'walltime': '78.57', 'time': '2026-04-24|12:12:25PDT', 'state': 'Running', 'comment': 'Target = fastran_FPP_000001@efit@3:finalize(4)'}})
2026-04-24 12:12:25,075 fastran_driver_fastran_driver_2 DEBUG    _get_service_response(REQUEST|fastran_FPP_000001@fastran_driver@2|FRAMEWORK@Framework@0|235)
2026-04-24 12:12:25,086 fastran_driver_fastran_driver_2 DEBUG    _get_service_response(REQUEST|fastran_FPP_000001@fastran_driver@2|FRAMEWORK@Framework@0|235), response = ServiceResponseMessage(sender_id=FRAMEWORK@Framework@0, receiver_id=fastran_FPP_000001@fastran_driver@2, request_msg_id=REQUEST|fastran_FPP_000001@fastran_driver@2|FRAMEWORK@Framework@0|235,status=0, args=(None,), message_id=RESPONSE|FRAMEWORK@Framework@0|fastran_FPP_000001@fastran_driver@2|650)
2026-04-24 12:12:25,086 fastran_driver_fastran_driver_2 DEBUG    _invoke_service(): init_call  ('finalize', 4)
2026-04-24 12:12:25,086 fastran_driver_fastran_driver_2 DEBUG    _get_service_response(REQUEST|fastran_FPP_000001@fastran_driver@2|FRAMEWORK@Framework@0|236)
2026-04-24 12:12:25,087 fastran_eq0_efit_3 DEBUG    Received Message 
2026-04-24 12:12:25,087 fastran_eq0_efit_3 DEBUG    Calling method finalize(4)
2026-04-24 12:12:25,097 fastran_driver_fastran_driver_2 DEBUG    _get_service_response(REQUEST|fastran_FPP_000001@fastran_driver@2|FRAMEWORK@Framework@0|236), response = ServiceResponseMessage(sender_id=FRAMEWORK@Framework@0, receiver_id=fastran_FPP_000001@fastran_driver@2, request_msg_id=REQUEST|fastran_FPP_000001@fastran_driver@2|FRAMEWORK@Framework@0|236,status=0, args=(39,), message_id=RESPONSE|FRAMEWORK@Framework@0|fastran_FPP_000001@fastran_driver@2|651)
2026-04-24 12:12:25,097 fastran_driver_fastran_driver_2 DEBUG    _invoke_service(): wait_call  (39, True)
2026-04-24 12:12:25,097 fastran_driver_fastran_driver_2 DEBUG    _get_service_response(REQUEST|fastran_FPP_000001@fastran_driver@2|FRAMEWORK@Framework@0|237)
2026-04-24 12:12:25,107 fastran_driver_fastran_driver_2 DEBUG    _get_service_response(REQUEST|fastran_FPP_000001@fastran_driver@2|FRAMEWORK@Framework@0|237), response = ServiceResponseMessage(sender_id=FRAMEWORK@Framework@0, receiver_id=fastran_FPP_000001@fastran_driver@2, request_msg_id=REQUEST|fastran_FPP_000001@fastran_driver@2|FRAMEWORK@Framework@0|237,status=0, args=((None,),), message_id=RESPONSE|FRAMEWORK@Framework@0|fastran_FPP_000001@fastran_driver@2|652)
2026-04-24 12:12:25,108 fastran_driver_fastran_driver_2 DEBUG    _invoke_service(): getTopic  ('_IPS_MONITOR',)
2026-04-24 12:12:25,108 fastran_driver_fastran_driver_2 DEBUG    _get_service_response(REQUEST|fastran_FPP_000001@fastran_driver@2|FRAMEWORK@Framework@0|238)
2026-04-24 12:12:25,118 fastran_driver_fastran_driver_2 DEBUG    _get_service_response(REQUEST|fastran_FPP_000001@fastran_driver@2|FRAMEWORK@Framework@0|238), response = ServiceResponseMessage(sender_id=FRAMEWORK@Framework@0, receiver_id=fastran_FPP_000001@fastran_driver@2, request_msg_id=REQUEST|fastran_FPP_000001@fastran_driver@2|FRAMEWORK@Framework@0|238,status=0, args=(<ipsframework.cca_es_spec.Topic object at 0x7fbffd5d8220>,), message_id=RESPONSE|FRAMEWORK@Framework@0|fastran_FPP_000001@fastran_driver@2|653)
2026-04-24 12:12:25,118 fastran_driver_fastran_driver_2 DEBUG    _invoke_service(): sendEvent  ('_IPS_MONITOR', 'PORTAL_EVENT', {'sim_name': 'fastran_FPP_000001', 'real_sim_name': 'fastran_FPP_000001', 'portal_data': {'code': 'fastran_driver_fastran_driver', 'eventtype': 'IPS_CALL_END', 'ok': True, 'walltime': '78.61', 'time': '2026-04-24|12:12:25PDT', 'trace': {'timestamp': 1777057945097461, 'duration': 10568, 'localEndpoint': {'serviceName': 'fastran_FPP_000001@efit@3'}, 'name': 'finalize(4)', 'id': '2f98dd4a52e552c0', 'parentId': 'f899e3e5886669ce', 'tags': {}}, 'state': 'Running', 'comment': 'Target = fastran_FPP_000001@efit@3:finalize(4)'}})
2026-04-24 12:12:25,118 fastran_driver_fastran_driver_2 DEBUG    _get_service_response(REQUEST|fastran_FPP_000001@fastran_driver@2|FRAMEWORK@Framework@0|239)
2026-04-24 12:12:25,129 fastran_driver_fastran_driver_2 DEBUG    _get_service_response(REQUEST|fastran_FPP_000001@fastran_driver@2|FRAMEWORK@Framework@0|239), response = ServiceResponseMessage(sender_id=FRAMEWORK@Framework@0, receiver_id=fastran_FPP_000001@fastran_driver@2, request_msg_id=REQUEST|fastran_FPP_000001@fastran_driver@2|FRAMEWORK@Framework@0|239,status=0, args=(None,), message_id=RESPONSE|FRAMEWORK@Framework@0|fastran_FPP_000001@fastran_driver@2|654)
2026-04-24 12:12:25,129 fastran_driver_fastran_driver_2 DEBUG    _invoke_service(): getTopic  ('_IPS_MONITOR',)
2026-04-24 12:12:25,129 fastran_driver_fastran_driver_2 DEBUG    _get_service_response(REQUEST|fastran_FPP_000001@fastran_driver@2|FRAMEWORK@Framework@0|240)
2026-04-24 12:12:25,139 fastran_driver_fastran_driver_2 DEBUG    _get_service_response(REQUEST|fastran_FPP_000001@fastran_driver@2|FRAMEWORK@Framework@0|240), response = ServiceResponseMessage(sender_id=FRAMEWORK@Framework@0, receiver_id=fastran_FPP_000001@fastran_driver@2, request_msg_id=REQUEST|fastran_FPP_000001@fastran_driver@2|FRAMEWORK@Framework@0|240,status=0, args=(<ipsframework.cca_es_spec.Topic object at 0x7fbffd5d8130>,), message_id=RESPONSE|FRAMEWORK@Framework@0|fastran_FPP_000001@fastran_driver@2|655)
2026-04-24 12:12:25,139 fastran_driver_fastran_driver_2 DEBUG    _invoke_service(): sendEvent  ('_IPS_MONITOR', 'PORTAL_EVENT', {'sim_name': 'fastran_FPP_000001', 'real_sim_name': 'fastran_FPP_000001', 'portal_data': {'code': 'fastran_driver_fastran_driver', 'eventtype': 'IPS_CALL_BEGIN', 'ok': True, 'walltime': '78.63', 'time': '2026-04-24|12:12:25PDT', 'state': 'Running', 'comment': 'Target = fastran_FPP_000001@fastran@4:finalize(4)'}})
2026-04-24 12:12:25,139 fastran_driver_fastran_driver_2 DEBUG    _get_service_response(REQUEST|fastran_FPP_000001@fastran_driver@2|FRAMEWORK@Framework@0|241)
2026-04-24 12:12:25,150 fastran_driver_fastran_driver_2 DEBUG    _get_service_response(REQUEST|fastran_FPP_000001@fastran_driver@2|FRAMEWORK@Framework@0|241), response = ServiceResponseMessage(sender_id=FRAMEWORK@Framework@0, receiver_id=fastran_FPP_000001@fastran_driver@2, request_msg_id=REQUEST|fastran_FPP_000001@fastran_driver@2|FRAMEWORK@Framework@0|241,status=0, args=(None,), message_id=RESPONSE|FRAMEWORK@Framework@0|fastran_FPP_000001@fastran_driver@2|656)
2026-04-24 12:12:25,150 fastran_driver_fastran_driver_2 DEBUG    _invoke_service(): init_call  ('finalize', 4)
2026-04-24 12:12:25,150 fastran_driver_fastran_driver_2 DEBUG    _get_service_response(REQUEST|fastran_FPP_000001@fastran_driver@2|FRAMEWORK@Framework@0|242)
2026-04-24 12:12:25,151 fastran_tr0_fastran_4 DEBUG    Received Message 
2026-04-24 12:12:25,151 fastran_tr0_fastran_4 DEBUG    Calling method finalize(4)
2026-04-24 12:12:25,161 fastran_driver_fastran_driver_2 DEBUG    _get_service_response(REQUEST|fastran_FPP_000001@fastran_driver@2|FRAMEWORK@Framework@0|242), response = ServiceResponseMessage(sender_id=FRAMEWORK@Framework@0, receiver_id=fastran_FPP_000001@fastran_driver@2, request_msg_id=REQUEST|fastran_FPP_000001@fastran_driver@2|FRAMEWORK@Framework@0|242,status=0, args=(40,), message_id=RESPONSE|FRAMEWORK@Framework@0|fastran_FPP_000001@fastran_driver@2|657)
2026-04-24 12:12:25,161 fastran_driver_fastran_driver_2 DEBUG    _invoke_service(): wait_call  (40, True)
2026-04-24 12:12:25,161 fastran_driver_fastran_driver_2 DEBUG    _get_service_response(REQUEST|fastran_FPP_000001@fastran_driver@2|FRAMEWORK@Framework@0|243)
2026-04-24 12:12:25,171 fastran_driver_fastran_driver_2 DEBUG    _get_service_response(REQUEST|fastran_FPP_000001@fastran_driver@2|FRAMEWORK@Framework@0|243), response = ServiceResponseMessage(sender_id=FRAMEWORK@Framework@0, receiver_id=fastran_FPP_000001@fastran_driver@2, request_msg_id=REQUEST|fastran_FPP_000001@fastran_driver@2|FRAMEWORK@Framework@0|243,status=0, args=((None,),), message_id=RESPONSE|FRAMEWORK@Framework@0|fastran_FPP_000001@fastran_driver@2|658)
2026-04-24 12:12:25,172 fastran_driver_fastran_driver_2 DEBUG    _invoke_service(): getTopic  ('_IPS_MONITOR',)
2026-04-24 12:12:25,172 fastran_driver_fastran_driver_2 DEBUG    _get_service_response(REQUEST|fastran_FPP_000001@fastran_driver@2|FRAMEWORK@Framework@0|244)
2026-04-24 12:12:25,182 fastran_driver_fastran_driver_2 DEBUG    _get_service_response(REQUEST|fastran_FPP_000001@fastran_driver@2|FRAMEWORK@Framework@0|244), response = ServiceResponseMessage(sender_id=FRAMEWORK@Framework@0, receiver_id=fastran_FPP_000001@fastran_driver@2, request_msg_id=REQUEST|fastran_FPP_000001@fastran_driver@2|FRAMEWORK@Framework@0|244,status=0, args=(<ipsframework.cca_es_spec.Topic object at 0x7fbffd5d8220>,), message_id=RESPONSE|FRAMEWORK@Framework@0|fastran_FPP_000001@fastran_driver@2|659)
2026-04-24 12:12:25,182 fastran_driver_fastran_driver_2 DEBUG    _invoke_service(): sendEvent  ('_IPS_MONITOR', 'PORTAL_EVENT', {'sim_name': 'fastran_FPP_000001', 'real_sim_name': 'fastran_FPP_000001', 'portal_data': {'code': 'fastran_driver_fastran_driver', 'eventtype': 'IPS_CALL_END', 'ok': True, 'walltime': '78.67', 'time': '2026-04-24|12:12:25PDT', 'trace': {'timestamp': 1777057945161272, 'duration': 10722, 'localEndpoint': {'serviceName': 'fastran_FPP_000001@fastran@4'}, 'name': 'finalize(4)', 'id': 'ffbe4872e79e23a5', 'parentId': 'f899e3e5886669ce', 'tags': {}}, 'state': 'Running', 'comment': 'Target = fastran_FPP_000001@fastran@4:finalize(4)'}})
2026-04-24 12:12:25,182 fastran_driver_fastran_driver_2 DEBUG    _get_service_response(REQUEST|fastran_FPP_000001@fastran_driver@2|FRAMEWORK@Framework@0|245)
2026-04-24 12:12:25,193 fastran_driver_fastran_driver_2 DEBUG    _get_service_response(REQUEST|fastran_FPP_000001@fastran_driver@2|FRAMEWORK@Framework@0|245), response = ServiceResponseMessage(sender_id=FRAMEWORK@Framework@0, receiver_id=fastran_FPP_000001@fastran_driver@2, request_msg_id=REQUEST|fastran_FPP_000001@fastran_driver@2|FRAMEWORK@Framework@0|245,status=0, args=(None,), message_id=RESPONSE|FRAMEWORK@Framework@0|fastran_FPP_000001@fastran_driver@2|660)
2026-04-24 12:12:25,193 fastran_driver_fastran_driver_2 DEBUG    _invoke_service(): getTopic  ('_IPS_MONITOR',)
2026-04-24 12:12:25,194 fastran_driver_fastran_driver_2 DEBUG    _get_service_response(REQUEST|fastran_FPP_000001@fastran_driver@2|FRAMEWORK@Framework@0|246)
2026-04-24 12:12:25,204 fastran_driver_fastran_driver_2 DEBUG    _get_service_response(REQUEST|fastran_FPP_000001@fastran_driver@2|FRAMEWORK@Framework@0|246), response = ServiceResponseMessage(sender_id=FRAMEWORK@Framework@0, receiver_id=fastran_FPP_000001@fastran_driver@2, request_msg_id=REQUEST|fastran_FPP_000001@fastran_driver@2|FRAMEWORK@Framework@0|246,status=0, args=(<ipsframework.cca_es_spec.Topic object at 0x7fbffd5d8130>,), message_id=RESPONSE|FRAMEWORK@Framework@0|fastran_FPP_000001@fastran_driver@2|661)
2026-04-24 12:12:25,205 fastran_driver_fastran_driver_2 DEBUG    _invoke_service(): sendEvent  ('_IPS_MONITOR', 'PORTAL_EVENT', {'sim_name': 'fastran_FPP_000001', 'real_sim_name': 'fastran_FPP_000001', 'portal_data': {'code': 'fastran_driver_fastran_driver', 'eventtype': 'IPS_CALL_BEGIN', 'ok': True, 'walltime': '78.70', 'time': '2026-04-24|12:12:25PDT', 'state': 'Running', 'comment': 'Target = fastran_FPP_000001@impurity_radiation@5:finalize(4)'}})
2026-04-24 12:12:25,205 fastran_driver_fastran_driver_2 DEBUG    _get_service_response(REQUEST|fastran_FPP_000001@fastran_driver@2|FRAMEWORK@Framework@0|247)
2026-04-24 12:12:25,215 fastran_driver_fastran_driver_2 DEBUG    _get_service_response(REQUEST|fastran_FPP_000001@fastran_driver@2|FRAMEWORK@Framework@0|247), response = ServiceResponseMessage(sender_id=FRAMEWORK@Framework@0, receiver_id=fastran_FPP_000001@fastran_driver@2, request_msg_id=REQUEST|fastran_FPP_000001@fastran_driver@2|FRAMEWORK@Framework@0|247,status=0, args=(None,), message_id=RESPONSE|FRAMEWORK@Framework@0|fastran_FPP_000001@fastran_driver@2|662)
2026-04-24 12:12:25,216 fastran_driver_fastran_driver_2 DEBUG    _invoke_service(): init_call  ('finalize', 4)
2026-04-24 12:12:25,216 fastran_driver_fastran_driver_2 DEBUG    _get_service_response(REQUEST|fastran_FPP_000001@fastran_driver@2|FRAMEWORK@Framework@0|248)
2026-04-24 12:12:25,216 fastran__impurity_radiation_5 DEBUG    Received Message 
2026-04-24 12:12:25,216 fastran__impurity_radiation_5 DEBUG    Calling method finalize(4)
2026-04-24 12:12:25,226 fastran_driver_fastran_driver_2 DEBUG    _get_service_response(REQUEST|fastran_FPP_000001@fastran_driver@2|FRAMEWORK@Framework@0|248), response = ServiceResponseMessage(sender_id=FRAMEWORK@Framework@0, receiver_id=fastran_FPP_000001@fastran_driver@2, request_msg_id=REQUEST|fastran_FPP_000001@fastran_driver@2|FRAMEWORK@Framework@0|248,status=0, args=(41,), message_id=RESPONSE|FRAMEWORK@Framework@0|fastran_FPP_000001@fastran_driver@2|663)
2026-04-24 12:12:25,226 fastran_driver_fastran_driver_2 DEBUG    _invoke_service(): wait_call  (41, True)
2026-04-24 12:12:25,227 fastran_driver_fastran_driver_2 DEBUG    _get_service_response(REQUEST|fastran_FPP_000001@fastran_driver@2|FRAMEWORK@Framework@0|249)
2026-04-24 12:12:25,237 fastran_driver_fastran_driver_2 DEBUG    _get_service_response(REQUEST|fastran_FPP_000001@fastran_driver@2|FRAMEWORK@Framework@0|249), response = ServiceResponseMessage(sender_id=FRAMEWORK@Framework@0, receiver_id=fastran_FPP_000001@fastran_driver@2, request_msg_id=REQUEST|fastran_FPP_000001@fastran_driver@2|FRAMEWORK@Framework@0|249,status=0, args=((None,),), message_id=RESPONSE|FRAMEWORK@Framework@0|fastran_FPP_000001@fastran_driver@2|664)
2026-04-24 12:12:25,237 fastran_driver_fastran_driver_2 DEBUG    _invoke_service(): getTopic  ('_IPS_MONITOR',)
2026-04-24 12:12:25,238 fastran_driver_fastran_driver_2 DEBUG    _get_service_response(REQUEST|fastran_FPP_000001@fastran_driver@2|FRAMEWORK@Framework@0|250)
2026-04-24 12:12:25,248 fastran_driver_fastran_driver_2 DEBUG    _get_service_response(REQUEST|fastran_FPP_000001@fastran_driver@2|FRAMEWORK@Framework@0|250), response = ServiceResponseMessage(sender_id=FRAMEWORK@Framework@0, receiver_id=fastran_FPP_000001@fastran_driver@2, request_msg_id=REQUEST|fastran_FPP_000001@fastran_driver@2|FRAMEWORK@Framework@0|250,status=0, args=(<ipsframework.cca_es_spec.Topic object at 0x7fbffd5d8220>,), message_id=RESPONSE|FRAMEWORK@Framework@0|fastran_FPP_000001@fastran_driver@2|665)
2026-04-24 12:12:25,248 fastran_driver_fastran_driver_2 DEBUG    _invoke_service(): sendEvent  ('_IPS_MONITOR', 'PORTAL_EVENT', {'sim_name': 'fastran_FPP_000001', 'real_sim_name': 'fastran_FPP_000001', 'portal_data': {'code': 'fastran_driver_fastran_driver', 'eventtype': 'IPS_CALL_END', 'ok': True, 'walltime': '78.74', 'time': '2026-04-24|12:12:25PDT', 'trace': {'timestamp': 1777057945226959, 'duration': 10904, 'localEndpoint': {'serviceName': 'fastran_FPP_000001@impurity_radiation@5'}, 'name': 'finalize(4)', 'id': 'fa434151541e4005', 'parentId': 'f899e3e5886669ce', 'tags': {}}, 'state': 'Running', 'comment': 'Target = fastran_FPP_000001@impurity_radiation@5:finalize(4)'}})
2026-04-24 12:12:25,249 fastran_driver_fastran_driver_2 DEBUG    _get_service_response(REQUEST|fastran_FPP_000001@fastran_driver@2|FRAMEWORK@Framework@0|251)
2026-04-24 12:12:25,259 fastran_driver_fastran_driver_2 DEBUG    _get_service_response(REQUEST|fastran_FPP_000001@fastran_driver@2|FRAMEWORK@Framework@0|251), response = ServiceResponseMessage(sender_id=FRAMEWORK@Framework@0, receiver_id=fastran_FPP_000001@fastran_driver@2, request_msg_id=REQUEST|fastran_FPP_000001@fastran_driver@2|FRAMEWORK@Framework@0|251,status=0, args=(None,), message_id=RESPONSE|FRAMEWORK@Framework@0|fastran_FPP_000001@fastran_driver@2|666)
2026-04-24 12:12:25,260 fastran_driver_fastran_driver_2 DEBUG    _invoke_service(): getTopic  ('_IPS_MONITOR',)
2026-04-24 12:12:25,260 fastran_driver_fastran_driver_2 DEBUG    _get_service_response(REQUEST|fastran_FPP_000001@fastran_driver@2|FRAMEWORK@Framework@0|252)
2026-04-24 12:12:25,270 fastran_driver_fastran_driver_2 DEBUG    _get_service_response(REQUEST|fastran_FPP_000001@fastran_driver@2|FRAMEWORK@Framework@0|252), response = ServiceResponseMessage(sender_id=FRAMEWORK@Framework@0, receiver_id=fastran_FPP_000001@fastran_driver@2, request_msg_id=REQUEST|fastran_FPP_000001@fastran_driver@2|FRAMEWORK@Framework@0|252,status=0, args=(<ipsframework.cca_es_spec.Topic object at 0x7fbffd5d8130>,), message_id=RESPONSE|FRAMEWORK@Framework@0|fastran_FPP_000001@fastran_driver@2|667)
2026-04-24 12:12:25,270 fastran_driver_fastran_driver_2 DEBUG    _invoke_service(): sendEvent  ('_IPS_MONITOR', 'PORTAL_EVENT', {'sim_name': 'fastran_FPP_000001', 'real_sim_name': 'fastran_FPP_000001', 'portal_data': {'code': 'fastran_driver_fastran_driver', 'eventtype': 'IPS_CALL_BEGIN', 'ok': True, 'walltime': '78.76', 'time': '2026-04-24|12:12:25PDT', 'state': 'Running', 'comment': 'Target = fastran_FPP_000001@hcd_model@6:finalize(4)'}})
2026-04-24 12:12:25,271 fastran_driver_fastran_driver_2 DEBUG    _get_service_response(REQUEST|fastran_FPP_000001@fastran_driver@2|FRAMEWORK@Framework@0|253)
2026-04-24 12:12:25,281 fastran_driver_fastran_driver_2 DEBUG    _get_service_response(REQUEST|fastran_FPP_000001@fastran_driver@2|FRAMEWORK@Framework@0|253), response = ServiceResponseMessage(sender_id=FRAMEWORK@Framework@0, receiver_id=fastran_FPP_000001@fastran_driver@2, request_msg_id=REQUEST|fastran_FPP_000001@fastran_driver@2|FRAMEWORK@Framework@0|253,status=0, args=(None,), message_id=RESPONSE|FRAMEWORK@Framework@0|fastran_FPP_000001@fastran_driver@2|668)
2026-04-24 12:12:25,282 fastran_driver_fastran_driver_2 DEBUG    _invoke_service(): init_call  ('finalize', 4)
2026-04-24 12:12:25,282 fastran_driver_fastran_driver_2 DEBUG    _get_service_response(REQUEST|fastran_FPP_000001@fastran_driver@2|FRAMEWORK@Framework@0|254)
2026-04-24 12:12:25,282 fastran_ic_hcd_model_6 DEBUG    Received Message 
2026-04-24 12:12:25,283 fastran_ic_hcd_model_6 DEBUG    Calling method finalize(4)
2026-04-24 12:12:25,293 fastran_driver_fastran_driver_2 DEBUG    _get_service_response(REQUEST|fastran_FPP_000001@fastran_driver@2|FRAMEWORK@Framework@0|254), response = ServiceResponseMessage(sender_id=FRAMEWORK@Framework@0, receiver_id=fastran_FPP_000001@fastran_driver@2, request_msg_id=REQUEST|fastran_FPP_000001@fastran_driver@2|FRAMEWORK@Framework@0|254,status=0, args=(42,), message_id=RESPONSE|FRAMEWORK@Framework@0|fastran_FPP_000001@fastran_driver@2|669)
2026-04-24 12:12:25,293 fastran_driver_fastran_driver_2 DEBUG    _invoke_service(): wait_call  (42, True)
2026-04-24 12:12:25,293 fastran_driver_fastran_driver_2 DEBUG    _get_service_response(REQUEST|fastran_FPP_000001@fastran_driver@2|FRAMEWORK@Framework@0|255)
2026-04-24 12:12:25,304 fastran_driver_fastran_driver_2 DEBUG    _get_service_response(REQUEST|fastran_FPP_000001@fastran_driver@2|FRAMEWORK@Framework@0|255), response = ServiceResponseMessage(sender_id=FRAMEWORK@Framework@0, receiver_id=fastran_FPP_000001@fastran_driver@2, request_msg_id=REQUEST|fastran_FPP_000001@fastran_driver@2|FRAMEWORK@Framework@0|255,status=0, args=((None,),), message_id=RESPONSE|FRAMEWORK@Framework@0|fastran_FPP_000001@fastran_driver@2|670)
2026-04-24 12:12:25,304 fastran_driver_fastran_driver_2 DEBUG    _invoke_service(): getTopic  ('_IPS_MONITOR',)
2026-04-24 12:12:25,304 fastran_driver_fastran_driver_2 DEBUG    _get_service_response(REQUEST|fastran_FPP_000001@fastran_driver@2|FRAMEWORK@Framework@0|256)
2026-04-24 12:12:25,314 fastran_driver_fastran_driver_2 DEBUG    _get_service_response(REQUEST|fastran_FPP_000001@fastran_driver@2|FRAMEWORK@Framework@0|256), response = ServiceResponseMessage(sender_id=FRAMEWORK@Framework@0, receiver_id=fastran_FPP_000001@fastran_driver@2, request_msg_id=REQUEST|fastran_FPP_000001@fastran_driver@2|FRAMEWORK@Framework@0|256,status=0, args=(<ipsframework.cca_es_spec.Topic object at 0x7fbffd5d8220>,), message_id=RESPONSE|FRAMEWORK@Framework@0|fastran_FPP_000001@fastran_driver@2|671)
2026-04-24 12:12:25,315 fastran_driver_fastran_driver_2 DEBUG    _invoke_service(): sendEvent  ('_IPS_MONITOR', 'PORTAL_EVENT', {'sim_name': 'fastran_FPP_000001', 'real_sim_name': 'fastran_FPP_000001', 'portal_data': {'code': 'fastran_driver_fastran_driver', 'eventtype': 'IPS_CALL_END', 'ok': True, 'walltime': '78.81', 'time': '2026-04-24|12:12:25PDT', 'trace': {'timestamp': 1777057945293204, 'duration': 11033, 'localEndpoint': {'serviceName': 'fastran_FPP_000001@hcd_model@6'}, 'name': 'finalize(4)', 'id': 'c2898ebde13fed41', 'parentId': 'f899e3e5886669ce', 'tags': {}}, 'state': 'Running', 'comment': 'Target = fastran_FPP_000001@hcd_model@6:finalize(4)'}})
2026-04-24 12:12:25,315 fastran_driver_fastran_driver_2 DEBUG    _get_service_response(REQUEST|fastran_FPP_000001@fastran_driver@2|FRAMEWORK@Framework@0|257)
2026-04-24 12:12:25,325 fastran_driver_fastran_driver_2 DEBUG    _get_service_response(REQUEST|fastran_FPP_000001@fastran_driver@2|FRAMEWORK@Framework@0|257), response = ServiceResponseMessage(sender_id=FRAMEWORK@Framework@0, receiver_id=fastran_FPP_000001@fastran_driver@2, request_msg_id=REQUEST|fastran_FPP_000001@fastran_driver@2|FRAMEWORK@Framework@0|257,status=0, args=(None,), message_id=RESPONSE|FRAMEWORK@Framework@0|fastran_FPP_000001@fastran_driver@2|672)
2026-04-24 12:12:25,326 fastran_driver_fastran_driver_2 DEBUG    _invoke_service(): getTopic  ('_IPS_MONITOR',)
2026-04-24 12:12:25,326 fastran_driver_fastran_driver_2 DEBUG    _get_service_response(REQUEST|fastran_FPP_000001@fastran_driver@2|FRAMEWORK@Framework@0|258)
2026-04-24 12:12:25,336 fastran_driver_fastran_driver_2 DEBUG    _get_service_response(REQUEST|fastran_FPP_000001@fastran_driver@2|FRAMEWORK@Framework@0|258), response = ServiceResponseMessage(sender_id=FRAMEWORK@Framework@0, receiver_id=fastran_FPP_000001@fastran_driver@2, request_msg_id=REQUEST|fastran_FPP_000001@fastran_driver@2|FRAMEWORK@Framework@0|258,status=0, args=(<ipsframework.cca_es_spec.Topic object at 0x7fbffd5d8130>,), message_id=RESPONSE|FRAMEWORK@Framework@0|fastran_FPP_000001@fastran_driver@2|673)
2026-04-24 12:12:25,337 fastran_driver_fastran_driver_2 DEBUG    _invoke_service(): sendEvent  ('_IPS_MONITOR', 'PORTAL_EVENT', {'sim_name': 'fastran_FPP_000001', 'real_sim_name': 'fastran_FPP_000001', 'portal_data': {'code': 'fastran_driver_fastran_driver', 'eventtype': 'IPS_CALL_BEGIN', 'ok': True, 'walltime': '78.83', 'time': '2026-04-24|12:12:25PDT', 'state': 'Running', 'comment': 'Target = fastran_FPP_000001@efit@7:finalize(4)'}})
2026-04-24 12:12:25,337 fastran_driver_fastran_driver_2 DEBUG    _get_service_response(REQUEST|fastran_FPP_000001@fastran_driver@2|FRAMEWORK@Framework@0|259)
2026-04-24 12:12:25,348 fastran_driver_fastran_driver_2 DEBUG    _get_service_response(REQUEST|fastran_FPP_000001@fastran_driver@2|FRAMEWORK@Framework@0|259), response = ServiceResponseMessage(sender_id=FRAMEWORK@Framework@0, receiver_id=fastran_FPP_000001@fastran_driver@2, request_msg_id=REQUEST|fastran_FPP_000001@fastran_driver@2|FRAMEWORK@Framework@0|259,status=0, args=(None,), message_id=RESPONSE|FRAMEWORK@Framework@0|fastran_FPP_000001@fastran_driver@2|674)
2026-04-24 12:12:25,348 fastran_driver_fastran_driver_2 DEBUG    _invoke_service(): init_call  ('finalize', 4)
2026-04-24 12:12:25,348 fastran_driver_fastran_driver_2 DEBUG    _get_service_response(REQUEST|fastran_FPP_000001@fastran_driver@2|FRAMEWORK@Framework@0|260)
2026-04-24 12:12:25,348 fastran_eq_efit_7 DEBUG    Received Message 
2026-04-24 12:12:25,349 fastran_eq_efit_7 DEBUG    Calling method finalize(4)
2026-04-24 12:12:25,359 fastran_driver_fastran_driver_2 DEBUG    _get_service_response(REQUEST|fastran_FPP_000001@fastran_driver@2|FRAMEWORK@Framework@0|260), response = ServiceResponseMessage(sender_id=FRAMEWORK@Framework@0, receiver_id=fastran_FPP_000001@fastran_driver@2, request_msg_id=REQUEST|fastran_FPP_000001@fastran_driver@2|FRAMEWORK@Framework@0|260,status=0, args=(43,), message_id=RESPONSE|FRAMEWORK@Framework@0|fastran_FPP_000001@fastran_driver@2|675)
2026-04-24 12:12:25,359 fastran_driver_fastran_driver_2 DEBUG    _invoke_service(): wait_call  (43, True)
2026-04-24 12:12:25,359 fastran_driver_fastran_driver_2 DEBUG    _get_service_response(REQUEST|fastran_FPP_000001@fastran_driver@2|FRAMEWORK@Framework@0|261)
2026-04-24 12:12:25,370 fastran_driver_fastran_driver_2 DEBUG    _get_service_response(REQUEST|fastran_FPP_000001@fastran_driver@2|FRAMEWORK@Framework@0|261), response = ServiceResponseMessage(sender_id=FRAMEWORK@Framework@0, receiver_id=fastran_FPP_000001@fastran_driver@2, request_msg_id=REQUEST|fastran_FPP_000001@fastran_driver@2|FRAMEWORK@Framework@0|261,status=0, args=((None,),), message_id=RESPONSE|FRAMEWORK@Framework@0|fastran_FPP_000001@fastran_driver@2|676)
2026-04-24 12:12:25,370 fastran_driver_fastran_driver_2 DEBUG    _invoke_service(): getTopic  ('_IPS_MONITOR',)
2026-04-24 12:12:25,370 fastran_driver_fastran_driver_2 DEBUG    _get_service_response(REQUEST|fastran_FPP_000001@fastran_driver@2|FRAMEWORK@Framework@0|262)
2026-04-24 12:12:25,381 fastran_driver_fastran_driver_2 DEBUG    _get_service_response(REQUEST|fastran_FPP_000001@fastran_driver@2|FRAMEWORK@Framework@0|262), response = ServiceResponseMessage(sender_id=FRAMEWORK@Framework@0, receiver_id=fastran_FPP_000001@fastran_driver@2, request_msg_id=REQUEST|fastran_FPP_000001@fastran_driver@2|FRAMEWORK@Framework@0|262,status=0, args=(<ipsframework.cca_es_spec.Topic object at 0x7fbffd5d8220>,), message_id=RESPONSE|FRAMEWORK@Framework@0|fastran_FPP_000001@fastran_driver@2|677)
2026-04-24 12:12:25,381 fastran_driver_fastran_driver_2 DEBUG    _invoke_service(): sendEvent  ('_IPS_MONITOR', 'PORTAL_EVENT', {'sim_name': 'fastran_FPP_000001', 'real_sim_name': 'fastran_FPP_000001', 'portal_data': {'code': 'fastran_driver_fastran_driver', 'eventtype': 'IPS_CALL_END', 'ok': True, 'walltime': '78.87', 'time': '2026-04-24|12:12:25PDT', 'trace': {'timestamp': 1777057945359120, 'duration': 10995, 'localEndpoint': {'serviceName': 'fastran_FPP_000001@efit@7'}, 'name': 'finalize(4)', 'id': 'a282c5e99f2dec53', 'parentId': 'f899e3e5886669ce', 'tags': {}}, 'state': 'Running', 'comment': 'Target = fastran_FPP_000001@efit@7:finalize(4)'}})
2026-04-24 12:12:25,381 fastran_driver_fastran_driver_2 DEBUG    _get_service_response(REQUEST|fastran_FPP_000001@fastran_driver@2|FRAMEWORK@Framework@0|263)
2026-04-24 12:12:25,392 fastran_driver_fastran_driver_2 DEBUG    _get_service_response(REQUEST|fastran_FPP_000001@fastran_driver@2|FRAMEWORK@Framework@0|263), response = ServiceResponseMessage(sender_id=FRAMEWORK@Framework@0, receiver_id=fastran_FPP_000001@fastran_driver@2, request_msg_id=REQUEST|fastran_FPP_000001@fastran_driver@2|FRAMEWORK@Framework@0|263,status=0, args=(None,), message_id=RESPONSE|FRAMEWORK@Framework@0|fastran_FPP_000001@fastran_driver@2|678)
2026-04-24 12:12:25,392 fastran_driver_fastran_driver_2 DEBUG    _invoke_service(): getTopic  ('_IPS_MONITOR',)
2026-04-24 12:12:25,392 fastran_driver_fastran_driver_2 DEBUG    _get_service_response(REQUEST|fastran_FPP_000001@fastran_driver@2|FRAMEWORK@Framework@0|264)
2026-04-24 12:12:25,402 fastran_driver_fastran_driver_2 DEBUG    _get_service_response(REQUEST|fastran_FPP_000001@fastran_driver@2|FRAMEWORK@Framework@0|264), response = ServiceResponseMessage(sender_id=FRAMEWORK@Framework@0, receiver_id=fastran_FPP_000001@fastran_driver@2, request_msg_id=REQUEST|fastran_FPP_000001@fastran_driver@2|FRAMEWORK@Framework@0|264,status=0, args=(<ipsframework.cca_es_spec.Topic object at 0x7fbffd5d8130>,), message_id=RESPONSE|FRAMEWORK@Framework@0|fastran_FPP_000001@fastran_driver@2|679)
2026-04-24 12:12:25,403 fastran_driver_fastran_driver_2 DEBUG    _invoke_service(): sendEvent  ('_IPS_MONITOR', 'PORTAL_EVENT', {'sim_name': 'fastran_FPP_000001', 'real_sim_name': 'fastran_FPP_000001', 'portal_data': {'code': 'fastran_driver_fastran_driver', 'eventtype': 'IPS_CALL_BEGIN', 'ok': True, 'walltime': '78.90', 'time': '2026-04-24|12:12:25PDT', 'state': 'Running', 'comment': 'Target = fastran_FPP_000001@fastran@8:finalize(4)'}})
2026-04-24 12:12:25,403 fastran_driver_fastran_driver_2 DEBUG    _get_service_response(REQUEST|fastran_FPP_000001@fastran_driver@2|FRAMEWORK@Framework@0|265)
2026-04-24 12:12:25,413 fastran_driver_fastran_driver_2 DEBUG    _get_service_response(REQUEST|fastran_FPP_000001@fastran_driver@2|FRAMEWORK@Framework@0|265), response = ServiceResponseMessage(sender_id=FRAMEWORK@Framework@0, receiver_id=fastran_FPP_000001@fastran_driver@2, request_msg_id=REQUEST|fastran_FPP_000001@fastran_driver@2|FRAMEWORK@Framework@0|265,status=0, args=(None,), message_id=RESPONSE|FRAMEWORK@Framework@0|fastran_FPP_000001@fastran_driver@2|680)
2026-04-24 12:12:25,414 fastran_driver_fastran_driver_2 DEBUG    _invoke_service(): init_call  ('finalize', 4)
2026-04-24 12:12:25,414 fastran_driver_fastran_driver_2 DEBUG    _get_service_response(REQUEST|fastran_FPP_000001@fastran_driver@2|FRAMEWORK@Framework@0|266)
2026-04-24 12:12:25,414 fastran_tr_fastran_8 DEBUG    Received Message 
2026-04-24 12:12:25,414 fastran_tr_fastran_8 DEBUG    Calling method finalize(4)
2026-04-24 12:12:25,424 fastran_driver_fastran_driver_2 DEBUG    _get_service_response(REQUEST|fastran_FPP_000001@fastran_driver@2|FRAMEWORK@Framework@0|266), response = ServiceResponseMessage(sender_id=FRAMEWORK@Framework@0, receiver_id=fastran_FPP_000001@fastran_driver@2, request_msg_id=REQUEST|fastran_FPP_000001@fastran_driver@2|FRAMEWORK@Framework@0|266,status=0, args=(44,), message_id=RESPONSE|FRAMEWORK@Framework@0|fastran_FPP_000001@fastran_driver@2|681)
2026-04-24 12:12:25,424 fastran_driver_fastran_driver_2 DEBUG    _invoke_service(): wait_call  (44, True)
2026-04-24 12:12:25,424 fastran_driver_fastran_driver_2 DEBUG    _get_service_response(REQUEST|fastran_FPP_000001@fastran_driver@2|FRAMEWORK@Framework@0|267)
2026-04-24 12:12:25,435 fastran_driver_fastran_driver_2 DEBUG    _get_service_response(REQUEST|fastran_FPP_000001@fastran_driver@2|FRAMEWORK@Framework@0|267), response = ServiceResponseMessage(sender_id=FRAMEWORK@Framework@0, receiver_id=fastran_FPP_000001@fastran_driver@2, request_msg_id=REQUEST|fastran_FPP_000001@fastran_driver@2|FRAMEWORK@Framework@0|267,status=0, args=((None,),), message_id=RESPONSE|FRAMEWORK@Framework@0|fastran_FPP_000001@fastran_driver@2|682)
2026-04-24 12:12:25,435 fastran_driver_fastran_driver_2 DEBUG    _invoke_service(): getTopic  ('_IPS_MONITOR',)
2026-04-24 12:12:25,435 fastran_driver_fastran_driver_2 DEBUG    _get_service_response(REQUEST|fastran_FPP_000001@fastran_driver@2|FRAMEWORK@Framework@0|268)
2026-04-24 12:12:25,445 fastran_driver_fastran_driver_2 DEBUG    _get_service_response(REQUEST|fastran_FPP_000001@fastran_driver@2|FRAMEWORK@Framework@0|268), response = ServiceResponseMessage(sender_id=FRAMEWORK@Framework@0, receiver_id=fastran_FPP_000001@fastran_driver@2, request_msg_id=REQUEST|fastran_FPP_000001@fastran_driver@2|FRAMEWORK@Framework@0|268,status=0, args=(<ipsframework.cca_es_spec.Topic object at 0x7fbffd5d8220>,), message_id=RESPONSE|FRAMEWORK@Framework@0|fastran_FPP_000001@fastran_driver@2|683)
2026-04-24 12:12:25,445 fastran_driver_fastran_driver_2 DEBUG    _invoke_service(): sendEvent  ('_IPS_MONITOR', 'PORTAL_EVENT', {'sim_name': 'fastran_FPP_000001', 'real_sim_name': 'fastran_FPP_000001', 'portal_data': {'code': 'fastran_driver_fastran_driver', 'eventtype': 'IPS_CALL_END', 'ok': True, 'walltime': '78.94', 'time': '2026-04-24|12:12:25PDT', 'trace': {'timestamp': 1777057945424574, 'duration': 10551, 'localEndpoint': {'serviceName': 'fastran_FPP_000001@fastran@8'}, 'name': 'finalize(4)', 'id': '8117c2f7b58744ea', 'parentId': 'f899e3e5886669ce', 'tags': {}}, 'state': 'Running', 'comment': 'Target = fastran_FPP_000001@fastran@8:finalize(4)'}})
2026-04-24 12:12:25,445 fastran_driver_fastran_driver_2 DEBUG    _get_service_response(REQUEST|fastran_FPP_000001@fastran_driver@2|FRAMEWORK@Framework@0|269)
2026-04-24 12:12:25,456 fastran_driver_fastran_driver_2 DEBUG    _get_service_response(REQUEST|fastran_FPP_000001@fastran_driver@2|FRAMEWORK@Framework@0|269), response = ServiceResponseMessage(sender_id=FRAMEWORK@Framework@0, receiver_id=fastran_FPP_000001@fastran_driver@2, request_msg_id=REQUEST|fastran_FPP_000001@fastran_driver@2|FRAMEWORK@Framework@0|269,status=0, args=(None,), message_id=RESPONSE|FRAMEWORK@Framework@0|fastran_FPP_000001@fastran_driver@2|684)
2026-04-24 12:12:25,456 fastran_driver_fastran_driver_2 DEBUG    Received Message 
2026-04-24 12:12:25,456 fastran_driver_fastran_driver_2 DEBUG    Calling method finalize(0)
2026-04-24 12:12:25,471 fastran_driver_fastran_driver_2 DEBUG    Received Message 
2026-04-24 12:12:25,471 fastran_driver_fastran_driver_2 DEBUG    Calling method terminate(0)
2026-04-24 12:12:25,471 fastran_tr0_fastran_4 DEBUG    Received Message 
2026-04-24 12:12:25,471 fastran_init_fastran_init_1 DEBUG    Received Message 
2026-04-24 12:12:25,471 fastran_driver_fastran_driver_2 DEBUG    Calling self.sys_exit(0)
2026-04-24 12:12:25,471 fastran__impurity_radiation_5 DEBUG    Received Message 
2026-04-24 12:12:25,471 fastran_eq_efit_7 DEBUG    Received Message 
2026-04-24 12:12:25,471 fastran_tr0_fastran_4 DEBUG    Calling method terminate(0)
2026-04-24 12:12:25,471 fastran_eq0_efit_3 DEBUG    Received Message 
2026-04-24 12:12:25,471 fastran_ic_hcd_model_6 DEBUG    Received Message 
2026-04-24 12:12:25,472 fastran_tr_fastran_8 DEBUG    Received Message 
2026-04-24 12:12:25,471 fastran_init_fastran_init_1 DEBUG    Calling method terminate(0)
2026-04-24 12:12:25,471 fastran__impurity_radiation_5 DEBUG    Calling method terminate(0)
2026-04-24 12:12:25,471 fastran_eq_efit_7 DEBUG    Calling method terminate(0)
2026-04-24 12:12:25,471 fastran_tr0_fastran_4 DEBUG    Calling self.sys_exit(0)
2026-04-24 12:12:25,471 fastran_eq0_efit_3 DEBUG    Calling method terminate(0)
2026-04-24 12:12:25,472 fastran_ic_hcd_model_6 DEBUG    Calling method terminate(0)
2026-04-24 12:12:25,472 fastran_tr_fastran_8 DEBUG    Calling method terminate(0)
2026-04-24 12:12:25,471 fastran__impurity_radiation_5 DEBUG    Calling self.sys_exit(0)
2026-04-24 12:12:25,471 fastran_eq_efit_7 DEBUG    Calling self.sys_exit(0)
2026-04-24 12:12:25,471 fastran_init_fastran_init_1 DEBUG    Calling self.sys_exit(0)
2026-04-24 12:12:25,472 fastran_ic_hcd_model_6 DEBUG    Calling self.sys_exit(0)
2026-04-24 12:12:25,472 fastran_eq0_efit_3 DEBUG    Calling self.sys_exit(0)
2026-04-24 12:12:25,472 fastran_tr_fastran_8 DEBUG    Calling self.sys_exit(0)
