========================================================================
= FASTRAN

nonlinear model = 0
ichi = 1
ineo = 0
reading state...
read formatted input, inprof...
init geometry...
read formatted input, inmetric...
nrho in inmetric = 101
rhob in inmetric = 1.261053e+00
solve avg grad-shafranv...
solve_avg_gs::Ip_temp = 1.000240e+01 
solve_avg_gs::Ip      = 1.000000e+01 
>>> tau_he = 5.000000, nhe(0)=2.018630e+00

 plasma volume = 147.858935
 stored energy(e,i,b,a) = 4.420166e+01 4.551520e+01 0.000000e+00 0.000000e+00
 betan = 1.022537
*power
 Pnb(e,i) = 0.000000e+00 0.000000e+00
 Prf(e,i) = 3.597545e+00 3.640830e+01
 Prad     = -5.884262e+01 
 Pei      = 1.778227e+01 
 Pfuse    = 3.733927e+01 
 Pfusi    = 1.029142e+01 
 Poh      = 0.000000e+00 
*confinement time
 taut, tauITER98y2, H98y2 : 3.115827e+00 2.967016e+00 1.050155e+00
 taue, taui : -3.578163e+02 -6.076106e+00
 taut, tau89, H89 : 3.115827e+00 1.271104e+00 2.451276e+00
*temperature
 nea, nebar : 1.775353e+01 1.941654e+01 
 tea, tia : 6.324771e+00 7.020252e+00 (9.009322e-01)
 te0, ti0 : 1.722740e+01 2.429451e+01 (7.091067e-01)
 Sn : 6.709489e+02 
*current balance
 Ip,Ibs,Inb,Irf: 1.000000e+01 1.412529e+00 0.000000e+00 7.107695e-02
 fni,fbs: 0.148 0.141

Time advancing...
rho_bdry 0.900000 ...
te_bdry = 3.746797
ti_bdry = 3.746714
ne_bdry = 14.498656
rv_bdry = 279.463030
nrho_tr_bdry = 18
drho_bdry = 0.000000e+00
nrhob = 90
 [    0] t = 0.0000 
>>> tau_he = 5.000000, nhe(0)=2.010677e+00
 5 -31236.891   9.02e-04   1.65e-01   9.87e-04  -3.15e-02   5.42e-27 (  9.20e-02,  3.19e+01)
10 -275822.728   8.47e-03   2.68e-02  -6.14e-03  -2.79e-01   1.85e-22 (  1.69e+00,  6.50e+01)
15 -897555.177   6.57e-02  -7.43e-03   1.80e-02  -9.08e-01   2.25e-18 (  1.88e+01,  9.58e+01)
20 -1504909.285   1.20e-01   6.95e-02   1.02e-01  -1.53e+00   1.02e-14 (  4.35e+01,  1.22e+02)
25 -1705053.227   1.85e-01   1.76e-01   2.10e-01  -1.74e+00   1.72e-11 (  7.75e+01,  1.42e+02)
30 -1102955.145   2.55e-01   2.52e-01   2.03e-01  -1.13e+00   1.10e-08 (  1.16e+02,  1.54e+02)
35 -924984.395   2.68e-01   2.70e-01   2.43e-01  -9.50e-01   2.69e-06 (  1.17e+02,  1.58e+02)
40     -6.543   3.12e-01   3.39e-01   3.66e-01  -8.70e-01   2.52e-04 (  1.26e+02,  1.56e+02)
45     -0.375   3.35e-01   3.97e-01   3.02e-01  -3.63e-01   9.22e-03 (  1.22e+02,  1.48e+02)
50      0.059   3.47e-01   4.58e-01   2.65e-01   1.26e-01   1.36e-01 (  1.12e+02,  1.35e+02)
55      0.164   3.49e-01   4.99e-01   3.27e-01   8.42e-01   8.38e-01 (  1.00e+02,  1.22e+02)
60      0.134   3.48e-01   5.57e-01   3.35e-01   2.02e+00   2.38e+00 (  8.56e+01,  1.08e+02)
65      0.190   4.40e-01   7.14e-01   4.23e-01   3.79e+00   3.67e+00 (  8.25e+01,  9.45e+01)
70      0.210   4.85e-01   7.71e-01   4.90e-01   4.11e+00   3.96e+00 (  7.30e+01,  8.22e+01)
75      0.215   4.93e-01   8.09e-01   5.53e-01   3.93e+00   3.79e+00 (  6.22e+01,  7.01e+01)
80      0.217   4.87e-01   8.30e-01   6.09e-01   3.74e+00   3.57e+00 (  5.23e+01,  5.83e+01)
85      0.203   4.43e-01   8.13e-01   6.36e-01   3.28e+00   3.37e+00 (  4.17e+01,  4.64e+01)
90      0.379   9.12e-01   1.51e+00   1.10e+00   9.87e+00   3.20e+00 (  1.86e+02,  3.42e+01)
95      0.246   5.15e-01   7.42e-01   5.41e-01   1.53e+01   3.05e+00 (  2.67e+02,  2.05e+01)
 0 n: 1.263e-10 e: 4.948e-07 i: 7.656e-06 :: e: 0.000e+00 i: 0.000e+00 :: n: 2.164e+01 e:17.253 i:24.293 v:4.993e+03
>>> tau_he = 5.000000, nhe(0)=2.010631e+00
 5 -28898.572   1.01e-03   1.77e-01   8.57e-04  -2.91e-02   5.42e-27 (  1.02e-01,  3.19e+01)
10 -273280.535   8.81e-03   2.69e-02  -6.26e-03  -2.76e-01   1.85e-22 (  1.78e+00,  6.50e+01)
15 -1016558.764   7.16e-02   1.14e-03   2.16e-02  -1.03e+00   2.25e-18 (  2.08e+01,  9.58e+01)
20 -1655425.360   1.23e-01   8.15e-02   1.10e-01  -1.68e+00   1.02e-14 (  4.50e+01,  1.22e+02)
25 -1708026.045   1.85e-01   1.78e-01   2.11e-01  -1.74e+00   1.72e-11 (  7.80e+01,  1.42e+02)
30 -1218484.561   2.44e-01   2.45e-01   2.03e-01  -1.25e+00   1.10e-08 (  1.10e+02,  1.54e+02)
35 -918246.571   2.69e-01   2.72e-01   2.44e-01  -9.43e-01   2.69e-06 (  1.18e+02,  1.58e+02)
40     -3.841   3.10e-01   3.36e-01   3.63e-01  -8.56e-01   2.52e-04 (  1.25e+02,  1.56e+02)
45     -0.325   3.32e-01   3.96e-01   2.99e-01  -3.44e-01   9.22e-03 (  1.21e+02,  1.48e+02)
50      0.060   3.47e-01   4.58e-01   2.65e-01   1.28e-01   1.36e-01 (  1.12e+02,  1.35e+02)
55      0.163   3.49e-01   4.99e-01   3.26e-01   8.45e-01   8.38e-01 (  1.00e+02,  1.22e+02)
60      0.133   3.47e-01   5.56e-01   3.36e-01   2.00e+00   2.38e+00 (  8.53e+01,  1.08e+02)
65      0.191   4.41e-01   7.16e-01   4.26e-01   3.81e+00   3.67e+00 (  8.28e+01,  9.45e+01)
70      0.210   4.85e-01   7.71e-01   4.90e-01   4.11e+00   3.96e+00 (  7.30e+01,  8.22e+01)
75      0.215   4.92e-01   8.09e-01   5.53e-01   3.93e+00   3.79e+00 (  6.22e+01,  7.01e+01)
80      0.217   4.88e-01   8.31e-01   6.09e-01   3.75e+00   3.57e+00 (  5.25e+01,  5.83e+01)
85      0.201   4.38e-01   8.07e-01   6.35e-01   3.22e+00   3.37e+00 (  4.12e+01,  4.64e+01)
90      0.379   9.13e-01   1.51e+00   1.10e+00   9.90e+00   3.20e+00 (  1.86e+02,  3.42e+01)
95      0.246   5.15e-01   7.42e-01   5.41e-01   1.53e+01   3.05e+00 (  2.67e+02,  2.05e+01)
 1 n: 2.102e-04 e: 2.424e-02 i: 1.882e-01 :: e: 4.760e-03 i: 5.067e-03 :: n: 2.162e+01 e:19.643 i:32.509 v:4.993e+03
>>> tau_he = 5.000000, nhe(0)=2.373161e+00
 5 -98127.013   9.63e-03   4.31e-01   2.35e-03  -9.89e-02   5.42e-27 (  2.47e+00,  3.19e+01)
10 -2611801.777   1.01e-01   2.05e-01   1.43e-02  -2.64e+00   1.85e-22 (  5.04e+01,  6.50e+01)
15 -1904445.356   2.20e-01   1.15e-01  -1.47e-02  -1.93e+00   2.25e-18 (  1.18e+02,  9.58e+01)
20 -377384.358   4.19e-01   3.38e-01   2.81e-01  -3.83e-01   1.02e-14 (  2.19e+02,  1.22e+02)
25 -1056555.609   3.32e-01   4.39e-01   4.01e-01  -1.08e+00   1.72e-11 (  1.60e+02,  1.42e+02)
30 -1054308.803   3.35e-01   4.36e-01   3.85e-01  -1.08e+00   1.10e-08 (  1.47e+02,  1.54e+02)
35 -919532.281   3.31e-01   4.45e-01   3.88e-01  -9.44e-01   2.69e-06 (  1.40e+02,  1.58e+02)
40     -6.444   2.87e-01   3.38e-01   3.72e-01  -8.49e-01   2.52e-04 (  1.10e+02,  1.56e+02)
45     -0.358   3.18e-01   3.89e-01   2.95e-01  -3.30e-01   9.22e-03 (  1.10e+02,  1.48e+02)
50      0.044   3.33e-01   4.49e-01   2.67e-01   9.02e-02   1.36e-01 (  1.03e+02,  1.35e+02)
55      0.158   3.36e-01   4.89e-01   3.22e-01   8.09e-01   8.38e-01 (  9.38e+01,  1.22e+02)
60      0.128   3.36e-01   5.41e-01   3.25e-01   1.93e+00   2.38e+00 (  8.09e+01,  1.08e+02)
65      0.187   4.35e-01   7.02e-01   4.14e-01   3.73e+00   3.67e+00 (  8.02e+01,  9.45e+01)
70      0.207   4.79e-01   7.57e-01   4.79e-01   4.04e+00   3.96e+00 (  7.12e+01,  8.22e+01)
75      0.210   4.83e-01   7.89e-01   5.39e-01   3.82e+00   3.79e+00 (  6.04e+01,  7.01e+01)
80      0.209   4.73e-01   8.04e-01   5.90e-01   3.60e+00   3.57e+00 (  5.03e+01,  5.83e+01)
85      0.196   4.29e-01   7.85e-01   6.15e-01   3.15e+00   3.37e+00 (  4.01e+01,  4.64e+01)
90      0.376   9.08e-01   1.51e+00   1.09e+00   9.78e+00   3.20e+00 (  1.85e+02,  3.42e+01)
95      0.246   5.15e-01   7.42e-01   5.41e-01   1.53e+01   3.05e+00 (  2.67e+02,  2.05e+01)
 2 n: 1.061e-05 e: 8.235e-03 i: 1.422e-03 :: e: 1.187e-01 i: 1.286e-01 :: n: 2.164e+01 e:21.770 i:32.727 v:4.993e+03
>>> tau_he = 5.000000, nhe(0)=2.383035e+00
 5 -155111.728   1.10e-02   4.68e-01   2.69e-03  -1.56e-01   5.42e-27 (  3.87e+00,  3.19e+01)
10 -4178450.463   1.38e-01   2.97e-01   2.09e-02  -4.22e+00   1.85e-22 (  8.91e+01,  6.50e+01)
15 -2406712.909   4.40e-01   5.56e-01   1.90e-01  -2.44e+00   2.25e-18 (  2.99e+02,  9.58e+01)
20 -880127.890   4.44e-01   3.78e-01   3.38e-01  -8.93e-01   1.02e-14 (  2.79e+02,  1.22e+02)
25 -1786210.776   3.72e-01   4.63e-01   4.15e-01  -1.82e+00   1.72e-11 (  2.12e+02,  1.42e+02)
30 -1399629.455   3.60e-01   4.42e-01   3.89e-01  -1.43e+00   1.10e-08 (  1.81e+02,  1.54e+02)
35 -1086321.794   3.54e-01   4.43e-01   3.85e-01  -1.12e+00   2.69e-06 (  1.65e+02,  1.58e+02)
40     -7.122   3.12e-01   3.43e-01   3.74e-01  -9.41e-01   2.52e-04 (  1.29e+02,  1.56e+02)
45     -0.452   3.30e-01   3.96e-01   2.99e-01  -4.25e-01   9.22e-03 (  1.20e+02,  1.48e+02)
50      0.020   3.40e-01   4.53e-01   2.66e-01   4.19e-02   1.36e-01 (  1.09e+02,  1.35e+02)
55      0.154   3.40e-01   4.87e-01   3.20e-01   7.88e-01   8.38e-01 (  9.64e+01,  1.22e+02)
60      0.126   3.35e-01   5.37e-01   3.22e-01   1.92e+00   2.38e+00 (  8.11e+01,  1.08e+02)
65      0.185   4.29e-01   6.92e-01   4.07e-01   3.70e+00   3.67e+00 (  7.88e+01,  9.45e+01)
70      0.204   4.73e-01   7.46e-01   4.72e-01   4.00e+00   3.96e+00 (  6.95e+01,  8.22e+01)
75      0.209   4.78e-01   7.79e-01   5.32e-01   3.81e+00   3.79e+00 (  5.89e+01,  7.01e+01)
80      0.209   4.71e-01   7.97e-01   5.84e-01   3.61e+00   3.57e+00 (  4.92e+01,  5.83e+01)
85      0.196   4.30e-01   7.80e-01   6.10e-01   3.17e+00   3.37e+00 (  3.91e+01,  4.64e+01)
90      0.376   9.08e-01   1.51e+00   1.09e+00   9.80e+00   3.20e+00 (  1.84e+02,  3.42e+01)
95      0.246   5.15e-01   7.42e-01   5.41e-01   1.53e+01   3.05e+00 (  2.67e+02,  2.05e+01)
 3 n: 1.378e-05 e: 5.238e-03 i: 1.183e-02 :: e: 1.415e-01 i: 1.628e-01 :: n: 2.167e+01 e:20.650 i:31.739 v:4.993e+03
>>> tau_he = 5.000000, nhe(0)=2.354466e+00
 5 -141378.273   8.55e-03   4.29e-01   2.48e-03  -1.43e-01   5.42e-27 (  2.88e+00,  3.19e+01)
10 -3282091.787   1.15e-01   2.53e-01   1.28e-02  -3.31e+00   1.85e-22 (  6.49e+01,  6.50e+01)
15 -2570347.016   1.96e-01   8.82e-02   1.11e-02  -2.60e+00   2.25e-18 (  1.11e+02,  9.58e+01)
20 -1226939.127   3.79e-01   4.64e-01   3.02e-01  -1.25e+00   1.02e-14 (  2.07e+02,  1.22e+02)
25 -1733780.070   3.62e-01   4.46e-01   3.83e-01  -1.77e+00   1.72e-11 (  1.89e+02,  1.42e+02)
30 -1502713.893   3.40e-01   4.30e-01   3.74e-01  -1.54e+00   1.10e-08 (  1.63e+02,  1.54e+02)
35 -1228506.215   3.37e-01   3.95e-01   3.59e-01  -1.26e+00   2.69e-06 (  1.52e+02,  1.58e+02)
40     -6.380   3.12e-01   3.39e-01   3.61e-01  -8.49e-01   2.52e-04 (  1.28e+02,  1.56e+02)
45     -0.322   3.32e-01   3.96e-01   3.02e-01  -3.17e-01   9.22e-03 (  1.20e+02,  1.48e+02)
50      0.075   3.42e-01   4.57e-01   2.63e-01   1.61e-01   1.36e-01 (  1.09e+02,  1.35e+02)
55      0.167   3.43e-01   4.97e-01   3.25e-01   8.65e-01   8.38e-01 (  9.73e+01,  1.22e+02)
60      0.134   3.42e-01   5.54e-01   3.33e-01   2.05e+00   2.38e+00 (  8.28e+01,  1.08e+02)
65      0.188   4.34e-01   7.03e-01   4.17e-01   3.78e+00   3.67e+00 (  7.96e+01,  9.45e+01)
70      0.207   4.77e-01   7.54e-01   4.78e-01   4.07e+00   3.96e+00 (  7.02e+01,  8.22e+01)
75      0.211   4.83e-01   7.87e-01   5.37e-01   3.86e+00   3.79e+00 (  5.94e+01,  7.01e+01)
80      0.211   4.75e-01   8.03e-01   5.88e-01   3.65e+00   3.57e+00 (  4.96e+01,  5.83e+01)
85      0.197   4.32e-01   7.83e-01   6.12e-01   3.19e+00   3.37e+00 (  3.93e+01,  4.64e+01)
90      0.377   9.08e-01   1.51e+00   1.09e+00   9.80e+00   3.20e+00 (  1.84e+02,  3.42e+01)
95      0.246   5.15e-01   7.42e-01   5.41e-01   1.53e+01   3.05e+00 (  2.67e+02,  2.05e+01)
 4 n: 8.462e-06 e: 7.622e-04 i: 3.886e-03 :: e: 8.289e-02 i: 1.034e-01 :: n: 2.167e+01 e:20.631 i:30.372 v:4.993e+03
>>> tau_he = 5.000000, nhe(0)=2.306091e+00
 5 -131560.880   8.65e-03   4.06e-01   2.44e-03  -1.33e-01   5.42e-27 (  2.96e+00,  3.19e+01)
10 -3092478.171   9.84e-02   2.16e-01   1.44e-02  -3.12e+00   1.85e-22 (  5.36e+01,  6.50e+01)
15 -2410946.493   1.84e-01   8.31e-02   2.31e-02  -2.44e+00   2.25e-18 (  9.96e+01,  9.58e+01)
20 -1304921.486   3.62e-01   4.74e-01   3.72e-01  -1.32e+00   1.02e-14 (  1.87e+02,  1.22e+02)
25 -1925763.781   3.57e-01   4.46e-01   3.99e-01  -1.96e+00   1.72e-11 (  1.81e+02,  1.42e+02)
30 -1621306.358   3.44e-01   4.38e-01   3.92e-01  -1.66e+00   1.10e-08 (  1.64e+02,  1.54e+02)
35 -1093147.429   3.49e-01   4.02e-01   3.84e-01  -1.12e+00   2.69e-06 (  1.59e+02,  1.58e+02)
40     -7.045   3.20e-01   3.52e-01   3.80e-01  -9.34e-01   2.52e-04 (  1.34e+02,  1.56e+02)
45     -0.429   3.42e-01   4.12e-01   3.14e-01  -4.11e-01   9.22e-03 (  1.28e+02,  1.48e+02)
50      0.041   3.53e-01   4.73e-01   2.74e-01   8.58e-02   1.36e-01 (  1.16e+02,  1.35e+02)
55      0.160   3.53e-01   5.12e-01   3.35e-01   8.23e-01   8.38e-01 (  1.04e+02,  1.22e+02)
60      0.134   3.52e-01   5.71e-01   3.41e-01   2.04e+00   2.38e+00 (  8.78e+01,  1.08e+02)
65      0.191   4.43e-01   7.18e-01   4.25e-01   3.83e+00   3.67e+00 (  8.38e+01,  9.45e+01)
70      0.209   4.85e-01   7.68e-01   4.86e-01   4.12e+00   3.96e+00 (  7.32e+01,  8.22e+01)
75      0.212   4.88e-01   7.97e-01   5.43e-01   3.89e+00   3.79e+00 (  6.16e+01,  7.01e+01)
80      0.211   4.78e-01   8.10e-01   5.92e-01   3.67e+00   3.57e+00 (  5.11e+01,  5.83e+01)
85      0.196   4.32e-01   7.86e-01   6.13e-01   3.18e+00   3.37e+00 (  4.02e+01,  4.64e+01)
90      0.376   9.08e-01   1.51e+00   1.09e+00   9.78e+00   3.20e+00 (  1.85e+02,  3.42e+01)
95      0.246   5.15e-01   7.42e-01   5.41e-01   1.53e+01   3.05e+00 (  2.67e+02,  2.05e+01)
 5 n: 1.024e-05 e: 1.310e-03 i: 1.844e-03 :: e: 7.256e-02 i: 9.316e-02 :: n: 2.167e+01 e:19.933 i:29.748 v:4.993e+03
>>> tau_he = 5.000000, nhe(0)=2.282316e+00
 5 -120853.324   8.35e-03   3.90e-01   2.34e-03  -1.22e-01   5.42e-27 (  2.77e+00,  3.19e+01)
10 -2682539.164   9.11e-02   1.80e-01   1.43e-02  -2.71e+00   1.85e-22 (  4.66e+01,  6.50e+01)
15 -2226401.091   1.75e-01   1.03e-01   4.82e-02  -2.25e+00   2.25e-18 (  8.86e+01,  9.58e+01)
20 -1941746.437   2.06e-01   1.89e-01   6.84e-02  -1.97e+00   1.02e-14 (  9.79e+01,  1.22e+02)
25 -2291501.501   1.87e-01   1.92e-01   1.69e-01  -2.33e+00   1.72e-11 (  8.84e+01,  1.42e+02)
30 -1180100.120   2.46e-01   2.43e-01   2.00e-01  -1.21e+00   1.10e-08 (  1.11e+02,  1.54e+02)
35 -818415.841   2.74e-01   2.61e-01   2.36e-01  -8.40e-01   2.69e-06 (  1.20e+02,  1.58e+02)
40     -6.561   3.12e-01   3.35e-01   3.58e-01  -8.72e-01   2.52e-04 (  1.27e+02,  1.56e+02)
45     -0.355   3.34e-01   3.93e-01   2.99e-01  -3.46e-01   9.22e-03 (  1.22e+02,  1.48e+02)
50      0.067   3.46e-01   4.55e-01   2.62e-01   1.44e-01   1.36e-01 (  1.12e+02,  1.35e+02)
55      0.167   3.48e-01   4.97e-01   3.25e-01   8.60e-01   8.38e-01 (  9.99e+01,  1.22e+02)
60      0.135   3.47e-01   5.57e-01   3.35e-01   2.06e+00   2.38e+00 (  8.51e+01,  1.08e+02)
65      0.191   4.38e-01   7.11e-01   4.23e-01   3.83e+00   3.67e+00 (  8.17e+01,  9.45e+01)
70      0.210   4.84e-01   7.66e-01   4.86e-01   4.14e+00   3.96e+00 (  7.21e+01,  8.22e+01)
75      0.216   4.92e-01   8.04e-01   5.49e-01   3.95e+00   3.79e+00 (  6.14e+01,  7.01e+01)
80      0.217   4.87e-01   8.25e-01   6.04e-01   3.76e+00   3.57e+00 (  5.15e+01,  5.83e+01)
85      0.202   4.43e-01   8.05e-01   6.30e-01   3.28e+00   3.37e+00 (  4.08e+01,  4.64e+01)
90      0.378   9.10e-01   1.51e+00   1.10e+00   9.84e+00   3.20e+00 (  1.84e+02,  3.42e+01)
95      0.246   5.15e-01   7.42e-01   5.41e-01   1.53e+01   3.05e+00 (  2.67e+02,  2.05e+01)
 6 n: 1.573e-06 e: 1.921e-04 i: 5.369e-04 :: e: 3.084e-02 i: 4.205e-02 :: n: 2.167e+01 e:20.025 i:29.304 v:4.993e+03
>>> tau_he = 5.000000, nhe(0)=2.263263e+00
 5 -116248.685   8.02e-03   3.85e-01   2.35e-03  -1.17e-01   5.42e-27 (  2.66e+00,  3.19e+01)
10 -2561484.962   8.49e-02   1.65e-01   1.41e-02  -2.59e+00   1.85e-22 (  4.23e+01,  6.50e+01)
15 -2168134.932   1.71e-01   1.02e-01   5.49e-02  -2.19e+00   2.25e-18 (  8.50e+01,  9.58e+01)
20 -1926585.222   2.07e-01   1.92e-01   8.35e-02  -1.96e+00   1.02e-14 (  9.80e+01,  1.22e+02)
25 -2268236.419   1.93e-01   1.99e-01   1.71e-01  -2.31e+00   1.72e-11 (  9.20e+01,  1.42e+02)
30 -1122734.316   2.50e-01   2.55e-01   2.12e-01  -1.15e+00   1.10e-08 (  1.14e+02,  1.54e+02)
35 -932249.198   2.71e-01   2.78e-01   2.54e-01  -9.57e-01   2.69e-06 (  1.19e+02,  1.58e+02)
40     -6.745   3.16e-01   3.50e-01   3.81e-01  -8.94e-01   2.52e-04 (  1.29e+02,  1.56e+02)
45     -0.405   3.37e-01   4.10e-01   3.14e-01  -3.90e-01   9.22e-03 (  1.24e+02,  1.48e+02)
50      0.045   3.52e-01   4.73e-01   2.75e-01   9.62e-02   1.36e-01 (  1.15e+02,  1.35e+02)
55      0.161   3.54e-01   5.14e-01   3.37e-01   8.28e-01   8.38e-01 (  1.03e+02,  1.22e+02)
60      0.135   3.54e-01   5.74e-01   3.43e-01   2.05e+00   2.38e+00 (  8.87e+01,  1.08e+02)
65      0.193   4.48e-01   7.27e-01   4.31e-01   3.86e+00   3.67e+00 (  8.54e+01,  9.45e+01)
70      0.212   4.91e-01   7.79e-01   4.93e-01   4.16e+00   3.96e+00 (  7.50e+01,  8.22e+01)
75      0.215   4.95e-01   8.10e-01   5.52e-01   3.94e+00   3.79e+00 (  6.34e+01,  7.01e+01)
80      0.214   4.84e-01   8.24e-01   6.02e-01   3.71e+00   3.57e+00 (  5.27e+01,  5.83e+01)
85      0.198   4.35e-01   7.98e-01   6.23e-01   3.20e+00   3.37e+00 (  4.15e+01,  4.64e+01)
90      0.376   9.09e-01   1.51e+00   1.09e+00   9.77e+00   3.20e+00 (  1.86e+02,  3.42e+01)
95      0.246   5.15e-01   7.42e-01   5.41e-01   1.53e+01   3.05e+00 (  2.67e+02,  2.05e+01)
 7 n: 1.087e-05 e: 2.816e-04 i: 2.041e-04 :: e: 3.087e-02 i: 4.027e-02 :: n: 2.166e+01 e:19.724 i:29.402 v:4.993e+03
>>> tau_he = 5.000000, nhe(0)=2.266597e+00
 5 -112526.925   8.13e-03   3.90e-01   2.40e-03  -1.13e-01   5.42e-27 (  2.66e+00,  3.19e+01)
10 -2414903.680   7.73e-02   1.54e-01   1.06e-02  -2.44e+00   1.85e-22 (  3.74e+01,  6.50e+01)
15 -2033709.053   2.05e-01   1.73e-01  -2.05e-02  -2.06e+00   2.25e-18 (  9.95e+01,  9.58e+01)
20 -1911530.570   1.96e-01   1.85e-01   7.72e-02  -1.94e+00   1.02e-14 (  9.19e+01,  1.22e+02)
25 -2260829.904   1.94e-01   1.93e-01   1.64e-01  -2.30e+00   1.72e-11 (  9.22e+01,  1.42e+02)
30 -1101483.863   2.50e-01   2.46e-01   2.00e-01  -1.13e+00   1.10e-08 (  1.13e+02,  1.54e+02)
35 -908362.012   2.66e-01   2.67e-01   2.39e-01  -9.33e-01   2.69e-06 (  1.15e+02,  1.58e+02)
40     -6.484   3.08e-01   3.32e-01   3.59e-01  -8.61e-01   2.52e-04 (  1.24e+02,  1.56e+02)
45     -0.362   3.31e-01   3.88e-01   2.95e-01  -3.52e-01   9.22e-03 (  1.19e+02,  1.48e+02)
50      0.047   3.43e-01   4.49e-01   2.63e-01   1.01e-01   1.36e-01 (  1.10e+02,  1.35e+02)
55      0.163   3.44e-01   4.89e-01   3.20e-01   8.41e-01   8.38e-01 (  9.83e+01,  1.22e+02)
60      0.133   3.43e-01   5.47e-01   3.29e-01   2.01e+00   2.38e+00 (  8.37e+01,  1.08e+02)
65      0.190   4.36e-01   7.06e-01   4.19e-01   3.79e+00   3.67e+00 (  8.11e+01,  9.45e+01)
70      0.210   4.83e-01   7.65e-01   4.85e-01   4.12e+00   3.96e+00 (  7.19e+01,  8.22e+01)
75      0.216   4.93e-01   8.05e-01   5.50e-01   3.95e+00   3.79e+00 (  6.15e+01,  7.01e+01)
80      0.218   4.89e-01   8.30e-01   6.08e-01   3.78e+00   3.57e+00 (  5.19e+01,  5.83e+01)
85      0.204   4.45e-01   8.13e-01   6.36e-01   3.30e+00   3.37e+00 (  4.13e+01,  4.64e+01)
90      0.378   9.11e-01   1.51e+00   1.10e+00   9.84e+00   3.20e+00 (  1.85e+02,  3.42e+01)
95      0.246   5.15e-01   7.42e-01   5.41e-01   1.53e+01   3.05e+00 (  2.67e+02,  2.05e+01)
 8 n: 3.852e-06 e: 2.141e-04 i: 3.963e-04 :: e: 3.126e-02 i: 4.284e-02 :: n: 2.166e+01 e:19.944 i:29.159 v:4.993e+03
>>> tau_he = 5.000000, nhe(0)=2.256243e+00
 5 -112410.158   7.94e-03   3.87e-01   2.39e-03  -1.13e-01   5.42e-27 (  2.62e+00,  3.19e+01)
10 -2404486.616   7.60e-02   1.52e-01   1.01e-02  -2.43e+00   1.85e-22 (  3.66e+01,  6.50e+01)
15 -2493809.891   2.10e-01   1.77e-01  -5.67e-04  -2.52e+00   2.25e-18 (  1.01e+02,  9.58e+01)
20 -1954198.919   2.06e-01   1.91e-01   8.40e-02  -1.98e+00   1.02e-14 (  9.78e+01,  1.22e+02)
25 -2262201.874   2.01e-01   2.04e-01   1.62e-01  -2.30e+00   1.72e-11 (  9.72e+01,  1.42e+02)
30 -1846539.513   2.59e-01   2.61e-01   2.17e-01  -1.89e+00   1.10e-08 (  1.19e+02,  1.54e+02)
35 -1216782.986   3.37e-01   4.03e-01   3.84e-01  -1.25e+00   2.69e-06 (  1.49e+02,  1.58e+02)
40     -6.645   3.14e-01   3.49e-01   3.81e-01  -8.84e-01   2.52e-04 (  1.28e+02,  1.56e+02)
45     -0.387   3.35e-01   4.08e-01   3.11e-01  -3.80e-01   9.22e-03 (  1.22e+02,  1.48e+02)
50      0.048   3.49e-01   4.70e-01   2.73e-01   1.04e-01   1.36e-01 (  1.13e+02,  1.35e+02)
55      0.160   3.51e-01   5.10e-01   3.35e-01   8.25e-01   8.38e-01 (  1.02e+02,  1.22e+02)
60      0.134   3.51e-01   5.69e-01   3.40e-01   2.03e+00   2.38e+00 (  8.73e+01,  1.08e+02)
65      0.192   4.46e-01   7.23e-01   4.28e-01   3.84e+00   3.67e+00 (  8.45e+01,  9.45e+01)
70      0.211   4.89e-01   7.76e-01   4.91e-01   4.14e+00   3.96e+00 (  7.44e+01,  8.22e+01)
75      0.214   4.93e-01   8.08e-01   5.51e-01   3.92e+00   3.79e+00 (  6.30e+01,  7.01e+01)
80      0.213   4.83e-01   8.22e-01   6.01e-01   3.69e+00   3.57e+00 (  5.25e+01,  5.83e+01)
85      0.197   4.34e-01   7.97e-01   6.23e-01   3.20e+00   3.37e+00 (  4.14e+01,  4.64e+01)
90      0.375   9.08e-01   1.51e+00   1.09e+00   9.77e+00   3.20e+00 (  1.86e+02,  3.42e+01)
95      0.246   5.15e-01   7.42e-01   5.41e-01   1.53e+01   3.05e+00 (  2.67e+02,  2.05e+01)
 9 n: 5.864e-06 e: 2.871e-04 i: 3.575e-04 :: e: 2.895e-02 i: 4.083e-02 :: n: 2.166e+01 e:19.656 i:29.248 v:4.993e+03
>>> tau_he = 5.000000, nhe(0)=2.259905e+00
 5 -109956.031   8.04e-03   3.89e-01   2.42e-03  -1.11e-01   5.42e-27 (  2.62e+00,  3.19e+01)
10 -2288832.699   7.30e-02   1.43e-01   1.00e-02  -2.31e+00   1.85e-22 (  3.43e+01,  6.50e+01)
15 -2549676.851   1.99e-01   1.68e-01   1.72e-02  -2.58e+00   2.25e-18 (  9.28e+01,  9.58e+01)
20 -1949835.050   1.95e-01   1.84e-01   8.12e-02  -1.98e+00   1.02e-14 (  9.14e+01,  1.22e+02)
25 -2128344.936   2.09e-01   1.97e-01   1.54e-01  -2.17e+00   1.72e-11 (  1.01e+02,  1.42e+02)
30 -1845297.071   2.52e-01   2.51e-01   2.04e-01  -1.89e+00   1.10e-08 (  1.16e+02,  1.54e+02)
35 -914244.640   2.65e-01   2.66e-01   2.38e-01  -9.39e-01   2.69e-06 (  1.15e+02,  1.58e+02)
40     -6.480   3.07e-01   3.31e-01   3.58e-01  -8.63e-01   2.52e-04 (  1.24e+02,  1.56e+02)
45     -0.353   3.30e-01   3.88e-01   2.94e-01  -3.50e-01   9.22e-03 (  1.19e+02,  1.48e+02)
50      0.048   3.42e-01   4.48e-01   2.61e-01   1.05e-01   1.36e-01 (  1.09e+02,  1.35e+02)
55      0.163   3.43e-01   4.88e-01   3.19e-01   8.39e-01   8.38e-01 (  9.76e+01,  1.22e+02)
60      0.132   3.41e-01   5.44e-01   3.27e-01   2.00e+00   2.38e+00 (  8.29e+01,  1.08e+02)
65      0.189   4.34e-01   7.02e-01   4.17e-01   3.77e+00   3.67e+00 (  8.03e+01,  9.45e+01)
70      0.209   4.80e-01   7.61e-01   4.83e-01   4.10e+00   3.96e+00 (  7.13e+01,  8.22e+01)
75      0.215   4.90e-01   8.01e-01   5.47e-01   3.93e+00   3.79e+00 (  6.10e+01,  7.01e+01)
80      0.217   4.87e-01   8.26e-01   6.05e-01   3.76e+00   3.57e+00 (  5.15e+01,  5.83e+01)
85      0.203   4.44e-01   8.10e-01   6.34e-01   3.29e+00   3.37e+00 (  4.10e+01,  4.64e+01)
90      0.378   9.10e-01   1.51e+00   1.10e+00   9.84e+00   3.20e+00 (  1.85e+02,  3.42e+01)
95      0.246   5.15e-01   7.42e-01   5.41e-01   1.53e+01   3.05e+00 (  2.67e+02,  2.05e+01)
10 n: 4.608e-06 e: 1.661e-04 i: 2.392e-04 :: e: 2.493e-02 i: 3.634e-02 :: n: 2.166e+01 e:19.872 i:29.053 v:4.993e+03
>>> tau_he = 5.000000, nhe(0)=2.251979e+00
 5 -110168.272   7.87e-03   3.87e-01   2.41e-03  -1.11e-01   5.42e-27 (  2.59e+00,  3.19e+01)
10 -2297061.229   7.25e-02   1.43e-01   9.58e-03  -2.32e+00   1.85e-22 (  3.40e+01,  6.50e+01)
15 -2563731.626   1.97e-01   1.60e-01   6.65e-02  -2.59e+00   2.25e-18 (  9.16e+01,  9.58e+01)
20 -1979109.144   2.05e-01   1.90e-01   8.40e-02  -2.01e+00   1.02e-14 (  9.71e+01,  1.22e+02)
25 -1791676.805   3.27e-01   4.38e-01   3.89e-01  -1.83e+00   1.72e-11 (  1.61e+02,  1.42e+02)
30 -1450167.125   3.38e-01   4.35e-01   3.87e-01  -1.48e+00   1.10e-08 (  1.58e+02,  1.54e+02)
35 -1216701.445   3.35e-01   4.02e-01   3.83e-01  -1.25e+00   2.69e-06 (  1.48e+02,  1.58e+02)
40     -6.612   3.13e-01   3.48e-01   3.81e-01  -8.82e-01   2.52e-04 (  1.28e+02,  1.56e+02)
45     -0.377   3.34e-01   4.08e-01   3.10e-01  -3.75e-01   9.22e-03 (  1.22e+02,  1.48e+02)
50      0.050   3.48e-01   4.69e-01   2.72e-01   1.09e-01   1.36e-01 (  1.13e+02,  1.35e+02)
55      0.160   3.50e-01   5.10e-01   3.34e-01   8.26e-01   8.38e-01 (  1.01e+02,  1.22e+02)
60      0.133   3.50e-01   5.68e-01   3.40e-01   2.03e+00   2.38e+00 (  8.69e+01,  1.08e+02)
65      0.191   4.45e-01   7.21e-01   4.27e-01   3.82e+00   3.67e+00 (  8.40e+01,  9.45e+01)
70      0.210   4.88e-01   7.73e-01   4.90e-01   4.12e+00   3.96e+00 (  7.39e+01,  8.22e+01)
75      0.213   4.91e-01   8.04e-01   5.48e-01   3.90e+00   3.79e+00 (  6.25e+01,  7.01e+01)
80      0.212   4.81e-01   8.19e-01   5.98e-01   3.67e+00   3.57e+00 (  5.21e+01,  5.83e+01)
85      0.197   4.33e-01   7.94e-01   6.20e-01   3.18e+00   3.37e+00 (  4.12e+01,  4.64e+01)
90      0.375   9.08e-01   1.51e+00   1.09e+00   9.76e+00   3.20e+00 (  1.86e+02,  3.42e+01)
95      0.246   5.15e-01   7.42e-01   5.41e-01   1.53e+01   3.05e+00 (  2.67e+02,  2.05e+01)
11 n: 4.909e-06 e: 2.677e-04 i: 4.309e-04 :: e: 3.833e-02 i: 5.485e-02 :: n: 2.166e+01 e:19.568 i:29.000 v:4.993e+03
>>> tau_he = 5.000000, nhe(0)=2.250060e+00
 5 -108172.676   7.92e-03   3.83e-01   2.40e-03  -1.09e-01   5.42e-27 (  2.58e+00,  3.19e+01)
10 -2224012.174   7.08e-02   1.39e-01   9.38e-03  -2.25e+00   1.85e-22 (  3.27e+01,  6.50e+01)
15 -2467500.574   1.92e-01   1.53e-01   6.28e-02  -2.50e+00   2.25e-18 (  8.77e+01,  9.58e+01)
20 -1935042.312   1.93e-01   1.83e-01   8.45e-02  -1.96e+00   1.02e-14 (  9.05e+01,  1.22e+02)
25 -2273735.880   1.94e-01   1.93e-01   1.63e-01  -2.32e+00   1.72e-11 (  9.24e+01,  1.42e+02)
30 -1108651.033   2.50e-01   2.46e-01   1.99e-01  -1.13e+00   1.10e-08 (  1.13e+02,  1.54e+02)
35 -798984.594   2.71e-01   2.60e-01   2.37e-01  -8.20e-01   2.69e-06 (  1.17e+02,  1.58e+02)
40     -6.469   3.08e-01   3.31e-01   3.58e-01  -8.63e-01   2.52e-04 (  1.24e+02,  1.56e+02)
45     -0.346   3.30e-01   3.88e-01   2.94e-01  -3.46e-01   9.22e-03 (  1.19e+02,  1.48e+02)
50      0.050   3.42e-01   4.48e-01   2.61e-01   1.09e-01   1.36e-01 (  1.09e+02,  1.35e+02)
55      0.163   3.43e-01   4.88e-01   3.19e-01   8.42e-01   8.38e-01 (  9.76e+01,  1.22e+02)
60      0.132   3.41e-01   5.44e-01   3.27e-01   2.01e+00   2.38e+00 (  8.29e+01,  1.08e+02)
65      0.188   4.34e-01   7.01e-01   4.16e-01   3.77e+00   3.67e+00 (  8.01e+01,  9.45e+01)
70      0.209   4.80e-01   7.59e-01   4.82e-01   4.09e+00   3.96e+00 (  7.10e+01,  8.22e+01)
75      0.215   4.89e-01   7.99e-01   5.46e-01   3.93e+00   3.79e+00 (  6.07e+01,  7.01e+01)
80      0.217   4.86e-01   8.24e-01   6.04e-01   3.76e+00   3.57e+00 (  5.13e+01,  5.83e+01)
85      0.203   4.44e-01   8.08e-01   6.32e-01   3.29e+00   3.37e+00 (  4.08e+01,  4.64e+01)
90      0.378   9.10e-01   1.51e+00   1.10e+00   9.84e+00   3.20e+00 (  1.84e+02,  3.42e+01)
95      0.246   5.15e-01   7.42e-01   5.41e-01   1.53e+01   3.05e+00 (  2.67e+02,  2.05e+01)
12 n: 4.454e-06 e: 1.270e-04 i: 1.899e-04 :: e: 2.545e-02 i: 3.525e-02 :: n: 2.166e+01 e:19.733 i:28.821 v:4.993e+03
>>> tau_he = 5.000000, nhe(0)=2.242723e+00
 5 -107717.266   7.76e-03   3.80e-01   2.38e-03  -1.09e-01   5.42e-27 (  2.54e+00,  3.19e+01)
10 -2223269.339   7.01e-02   1.38e-01   8.93e-03  -2.24e+00   1.85e-22 (  3.23e+01,  6.50e+01)
15 -2456473.733   1.93e-01   1.54e-01   6.74e-02  -2.49e+00   2.25e-18 (  8.75e+01,  9.58e+01)
20 -1943892.831   2.02e-01   1.88e-01   8.85e-02  -1.97e+00   1.02e-14 (  9.51e+01,  1.22e+02)
25 -2242369.055   1.98e-01   2.02e-01   1.62e-01  -2.28e+00   1.72e-11 (  9.56e+01,  1.42e+02)
30 -1841723.850   2.55e-01   2.59e-01   2.15e-01  -1.88e+00   1.10e-08 (  1.17e+02,  1.54e+02)
35 -885335.489   2.69e-01   2.78e-01   2.53e-01  -9.09e-01   2.69e-06 (  1.18e+02,  1.58e+02)
40     -6.523   3.13e-01   3.48e-01   3.80e-01  -8.71e-01   2.52e-04 (  1.27e+02,  1.56e+02)
45     -0.366   3.34e-01   4.07e-01   3.10e-01  -3.67e-01   9.22e-03 (  1.22e+02,  1.48e+02)
50      0.053   3.48e-01   4.70e-01   2.72e-01   1.15e-01   1.36e-01 (  1.13e+02,  1.35e+02)
55      0.161   3.50e-01   5.10e-01   3.34e-01   8.30e-01   8.38e-01 (  1.01e+02,  1.22e+02)
60      0.134   3.50e-01   5.68e-01   3.40e-01   2.03e+00   2.38e+00 (  8.69e+01,  1.08e+02)
65      0.191   4.45e-01   7.21e-01   4.27e-01   3.83e+00   3.67e+00 (  8.39e+01,  9.45e+01)
70      0.210   4.88e-01   7.73e-01   4.89e-01   4.12e+00   3.96e+00 (  7.39e+01,  8.22e+01)
75      0.213   4.91e-01   8.04e-01   5.48e-01   3.90e+00   3.79e+00 (  6.24e+01,  7.01e+01)
80      0.212   4.80e-01   8.18e-01   5.97e-01   3.67e+00   3.57e+00 (  5.20e+01,  5.83e+01)
85      0.197   4.33e-01   7.93e-01   6.19e-01   3.18e+00   3.37e+00 (  4.11e+01,  4.64e+01)
90      0.375   9.08e-01   1.51e+00   1.09e+00   9.76e+00   3.20e+00 (  1.85e+02,  3.42e+01)
95      0.246   5.15e-01   7.42e-01   5.41e-01   1.53e+01   3.05e+00 (  2.67e+02,  2.05e+01)
13 n: 4.992e-06 e: 1.656e-04 i: 1.430e-04 :: e: 1.988e-02 i: 2.763e-02 :: n: 2.166e+01 e:19.521 i:28.988 v:4.993e+03
>>> tau_he = 5.000000, nhe(0)=2.249938e+00
 5 -106343.558   7.89e-03   3.84e-01   2.41e-03  -1.07e-01   5.42e-27 (  2.56e+00,  3.19e+01)
10 -2156773.078   6.84e-02   1.33e-01   8.83e-03  -2.18e+00   1.85e-22 (  3.11e+01,  6.50e+01)
15 -1732777.684   1.92e-01   1.49e-01   5.85e-02  -1.75e+00   2.25e-18 (  8.57e+01,  9.58e+01)
20 -1955022.025   1.92e-01   1.82e-01   8.53e-02  -1.98e+00   1.02e-14 (  8.96e+01,  1.22e+02)
25 -2129645.124   2.06e-01   1.95e-01   1.57e-01  -2.17e+00   1.72e-11 (  9.93e+01,  1.42e+02)
30 -1071984.773   2.54e-01   2.50e-01   2.00e-01  -1.10e+00   1.10e-08 (  1.16e+02,  1.54e+02)
35 -894682.945   2.66e-01   2.68e-01   2.39e-01  -9.19e-01   2.69e-06 (  1.16e+02,  1.58e+02)
40     -6.405   3.07e-01   3.32e-01   3.59e-01  -8.55e-01   2.52e-04 (  1.23e+02,  1.56e+02)
45     -0.346   3.29e-01   3.87e-01   2.93e-01  -3.46e-01   9.22e-03 (  1.18e+02,  1.48e+02)
50      0.049   3.41e-01   4.47e-01   2.61e-01   1.07e-01   1.36e-01 (  1.09e+02,  1.35e+02)
55      0.162   3.42e-01   4.87e-01   3.18e-01   8.37e-01   8.38e-01 (  9.71e+01,  1.22e+02)
60      0.131   3.40e-01   5.42e-01   3.26e-01   1.99e+00   2.38e+00 (  8.25e+01,  1.08e+02)
65      0.188   4.33e-01   7.00e-01   4.15e-01   3.76e+00   3.67e+00 (  7.99e+01,  9.45e+01)
70      0.208   4.79e-01   7.58e-01   4.81e-01   4.08e+00   3.96e+00 (  7.08e+01,  8.22e+01)
75      0.214   4.89e-01   7.98e-01   5.45e-01   3.92e+00   3.79e+00 (  6.06e+01,  7.01e+01)
80      0.216   4.85e-01   8.22e-01   6.02e-01   3.75e+00   3.57e+00 (  5.11e+01,  5.83e+01)
85      0.203   4.43e-01   8.06e-01   6.30e-01   3.28e+00   3.37e+00 (  4.07e+01,  4.64e+01)
90      0.378   9.10e-01   1.51e+00   1.10e+00   9.84e+00   3.20e+00 (  1.84e+02,  3.42e+01)
95      0.246   5.15e-01   7.42e-01   5.41e-01   1.53e+01   3.05e+00 (  2.67e+02,  2.05e+01)
14 n: 4.915e-06 e: 1.568e-04 i: 1.204e-04 :: e: 2.094e-02 i: 2.899e-02 :: n: 2.167e+01 e:19.755 i:28.893 v:4.993e+03
>>> tau_he = 5.000000, nhe(0)=2.246411e+00
 5 -107308.383   7.78e-03   3.84e-01   2.40e-03  -1.08e-01   5.42e-27 (  2.54e+00,  3.19e+01)
10 -2185989.841   6.90e-02   1.35e-01   8.72e-03  -2.21e+00   1.85e-22 (  3.15e+01,  6.50e+01)
15 -2429666.772   1.93e-01   1.50e-01   6.74e-02  -2.46e+00   2.25e-18 (  8.62e+01,  9.58e+01)
20 -1986030.451   2.02e-01   1.88e-01   8.55e-02  -2.02e+00   1.02e-14 (  9.59e+01,  1.22e+02)
25 -1800260.957   3.25e-01   4.36e-01   3.86e-01  -1.83e+00   1.72e-11 (  1.60e+02,  1.42e+02)
30 -1448261.798   3.38e-01   4.33e-01   3.85e-01  -1.48e+00   1.10e-08 (  1.57e+02,  1.54e+02)
35 -1202002.567   3.36e-01   4.03e-01   3.83e-01  -1.23e+00   2.69e-06 (  1.49e+02,  1.58e+02)
40     -6.546   3.13e-01   3.48e-01   3.80e-01  -8.74e-01   2.52e-04 (  1.28e+02,  1.56e+02)
45     -0.367   3.33e-01   4.07e-01   3.09e-01  -3.70e-01   9.22e-03 (  1.21e+02,  1.48e+02)
50      0.052   3.47e-01   4.68e-01   2.71e-01   1.14e-01   1.36e-01 (  1.12e+02,  1.35e+02)
55      0.160   3.49e-01   5.08e-01   3.33e-01   8.27e-01   8.38e-01 (  1.01e+02,  1.22e+02)
60      0.133   3.49e-01   5.66e-01   3.38e-01   2.03e+00   2.38e+00 (  8.63e+01,  1.08e+02)
65      0.191   4.43e-01   7.18e-01   4.25e-01   3.82e+00   3.67e+00 (  8.35e+01,  9.45e+01)
70      0.210   4.86e-01   7.70e-01   4.88e-01   4.11e+00   3.96e+00 (  7.35e+01,  8.22e+01)
75      0.213   4.90e-01   8.01e-01   5.46e-01   3.89e+00   3.79e+00 (  6.21e+01,  7.01e+01)
80      0.212   4.80e-01   8.16e-01   5.96e-01   3.67e+00   3.57e+00 (  5.18e+01,  5.83e+01)
85      0.196   4.32e-01   7.91e-01   6.18e-01   3.18e+00   3.37e+00 (  4.09e+01,  4.64e+01)
90      0.375   9.08e-01   1.51e+00   1.09e+00   9.76e+00   3.20e+00 (  1.85e+02,  3.42e+01)
95      0.246   5.15e-01   7.42e-01   5.41e-01   1.53e+01   3.05e+00 (  2.67e+02,  2.05e+01)
15 n: 4.258e-06 e: 2.110e-04 i: 4.601e-04 :: e: 3.464e-02 i: 4.915e-02 :: n: 2.167e+01 e:19.502 i:28.889 v:4.993e+03
>>> tau_he = 5.000000, nhe(0)=2.246626e+00
 5 -106217.756   7.85e-03   3.82e-01   2.40e-03  -1.07e-01   5.42e-27 (  2.55e+00,  3.19e+01)
10 -2171213.919   3.91e-02   7.00e-02   8.41e-03  -2.19e+00   1.85e-22 (  1.77e+01,  6.50e+01)
15 -1716619.916   1.92e-01   1.49e-01   5.97e-02  -1.74e+00   2.25e-18 (  8.48e+01,  9.58e+01)
20 -1946096.462   1.92e-01   1.82e-01   8.51e-02  -1.98e+00   1.02e-14 (  9.02e+01,  1.22e+02)
25 -2284249.991   1.93e-01   1.93e-01   1.64e-01  -2.33e+00   1.72e-11 (  9.22e+01,  1.42e+02)
30 -1110241.058   2.50e-01   2.46e-01   1.99e-01  -1.14e+00   1.10e-08 (  1.14e+02,  1.54e+02)
35 -916455.822   2.65e-01   2.65e-01   2.38e-01  -9.41e-01   2.69e-06 (  1.15e+02,  1.58e+02)
40     -6.446   3.08e-01   3.32e-01   3.58e-01  -8.61e-01   2.52e-04 (  1.24e+02,  1.56e+02)
45     -0.343   3.30e-01   3.88e-01   2.94e-01  -3.45e-01   9.22e-03 (  1.19e+02,  1.48e+02)
50      0.050   3.42e-01   4.49e-01   2.61e-01   1.10e-01   1.36e-01 (  1.09e+02,  1.35e+02)
55      0.163   3.43e-01   4.88e-01   3.19e-01   8.42e-01   8.38e-01 (  9.76e+01,  1.22e+02)
60      0.132   3.41e-01   5.44e-01   3.27e-01   2.01e+00   2.38e+00 (  8.28e+01,  1.08e+02)
65      0.188   4.33e-01   7.01e-01   4.16e-01   3.77e+00   3.67e+00 (  8.00e+01,  9.45e+01)
70      0.208   4.79e-01   7.58e-01   4.81e-01   4.09e+00   3.96e+00 (  7.09e+01,  8.22e+01)
75      0.214   4.89e-01   7.98e-01   5.45e-01   3.92e+00   3.79e+00 (  6.06e+01,  7.01e+01)
80      0.217   4.86e-01   8.22e-01   6.02e-01   3.75e+00   3.57e+00 (  5.11e+01,  5.83e+01)
85      0.203   4.43e-01   8.06e-01   6.30e-01   3.28e+00   3.37e+00 (  4.06e+01,  4.64e+01)
90      0.378   9.10e-01   1.51e+00   1.10e+00   9.84e+00   3.20e+00 (  1.84e+02,  3.42e+01)
95      0.246   5.15e-01   7.42e-01   5.41e-01   1.53e+01   3.05e+00 (  2.67e+02,  2.05e+01)
16 n: 4.029e-06 e: 1.248e-04 i: 2.788e-04 :: e: 2.554e-02 i: 3.477e-02 :: n: 2.167e+01 e:19.672 i:28.903 v:4.993e+03
>>> tau_he = 5.000000, nhe(0)=2.247401e+00
 5 -107054.389   7.79e-03   3.79e-01   2.36e-03  -1.08e-01   5.42e-27 (  2.52e+00,  3.19e+01)
10 -2207638.057   7.08e-02   1.42e-01   8.24e-03  -2.23e+00   1.85e-22 (  3.23e+01,  6.50e+01)
15 -2368410.667   1.92e-01   1.51e-01   6.79e-02  -2.40e+00   2.25e-18 (  8.51e+01,  9.58e+01)
20 -1947840.318   2.02e-01   1.88e-01   8.60e-02  -1.98e+00   1.02e-14 (  9.54e+01,  1.22e+02)
25 -2251173.321   1.98e-01   2.01e-01   1.62e-01  -2.29e+00   1.72e-11 (  9.56e+01,  1.42e+02)
30 -1826134.017   2.57e-01   2.59e-01   2.15e-01  -1.87e+00   1.10e-08 (  1.18e+02,  1.54e+02)
35 -1199719.115   3.34e-01   4.00e-01   3.80e-01  -1.23e+00   2.69e-06 (  1.47e+02,  1.58e+02)
40     -6.480   3.13e-01   3.48e-01   3.79e-01  -8.66e-01   2.52e-04 (  1.27e+02,  1.56e+02)
45     -0.358   3.34e-01   4.07e-01   3.09e-01  -3.61e-01   9.22e-03 (  1.22e+02,  1.48e+02)
50      0.055   3.48e-01   4.69e-01   2.71e-01   1.21e-01   1.36e-01 (  1.13e+02,  1.35e+02)
55      0.161   3.50e-01   5.10e-01   3.34e-01   8.35e-01   8.38e-01 (  1.01e+02,  1.22e+02)
60      0.134   3.50e-01   5.68e-01   3.40e-01   2.04e+00   2.38e+00 (  8.68e+01,  1.08e+02)
65      0.191   4.44e-01   7.20e-01   4.26e-01   3.83e+00   3.67e+00 (  8.38e+01,  9.45e+01)
70      0.210   4.87e-01   7.72e-01   4.89e-01   4.12e+00   3.96e+00 (  7.37e+01,  8.22e+01)
75      0.213   4.91e-01   8.03e-01   5.47e-01   3.90e+00   3.79e+00 (  6.23e+01,  7.01e+01)
80      0.212   4.81e-01   8.18e-01   5.97e-01   3.68e+00   3.57e+00 (  5.20e+01,  5.83e+01)
85      0.197   4.33e-01   7.93e-01   6.19e-01   3.19e+00   3.37e+00 (  4.10e+01,  4.64e+01)
90      0.375   9.08e-01   1.51e+00   1.09e+00   9.76e+00   3.20e+00 (  1.85e+02,  3.42e+01)
95      0.246   5.15e-01   7.42e-01   5.41e-01   1.53e+01   3.05e+00 (  2.67e+02,  2.05e+01)
17 n: 4.768e-06 e: 1.247e-04 i: 2.019e-04 :: e: 2.068e-02 i: 2.934e-02 :: n: 2.167e+01 e:19.527 i:29.039 v:4.993e+03
>>> tau_he = 5.000000, nhe(0)=2.253020e+00
 5 -106757.548   7.91e-03   3.84e-01   2.40e-03  -1.08e-01   5.42e-27 (  2.56e+00,  3.19e+01)
10 -2167182.583   6.97e-02   1.38e-01   8.53e-03  -2.19e+00   1.85e-22 (  3.16e+01,  6.50e+01)
15 -1695260.505   1.92e-01   1.48e-01   5.97e-02  -1.72e+00   2.25e-18 (  8.44e+01,  9.58e+01)
20 -1964088.889   1.94e-01   1.83e-01   8.25e-02  -1.99e+00   1.02e-14 (  9.11e+01,  1.22e+02)
25 -2139256.020   2.08e-01   1.97e-01   1.55e-01  -2.18e+00   1.72e-11 (  1.01e+02,  1.42e+02)
30 -1844872.528   2.53e-01   2.52e-01   2.04e-01  -1.89e+00   1.10e-08 (  1.16e+02,  1.54e+02)
35 -916404.094   2.64e-01   2.65e-01   2.38e-01  -9.41e-01   2.69e-06 (  1.15e+02,  1.58e+02)
40     -6.470   3.08e-01   3.32e-01   3.59e-01  -8.63e-01   2.52e-04 (  1.24e+02,  1.56e+02)
45     -0.348   3.31e-01   3.89e-01   2.95e-01  -3.50e-01   9.22e-03 (  1.19e+02,  1.48e+02)
50      0.048   3.42e-01   4.50e-01   2.62e-01   1.05e-01   1.36e-01 (  1.10e+02,  1.35e+02)
55      0.162   3.44e-01   4.89e-01   3.20e-01   8.40e-01   8.38e-01 (  9.80e+01,  1.22e+02)
60      0.132   3.42e-01   5.46e-01   3.28e-01   2.01e+00   2.38e+00 (  8.33e+01,  1.08e+02)
65      0.189   4.34e-01   7.02e-01   4.17e-01   3.77e+00   3.67e+00 (  8.04e+01,  9.45e+01)
70      0.209   4.80e-01   7.60e-01   4.82e-01   4.10e+00   3.96e+00 (  7.12e+01,  8.22e+01)
75      0.215   4.90e-01   8.00e-01   5.46e-01   3.93e+00   3.79e+00 (  6.08e+01,  7.01e+01)
80      0.217   4.86e-01   8.23e-01   6.03e-01   3.76e+00   3.57e+00 (  5.13e+01,  5.83e+01)
85      0.203   4.43e-01   8.07e-01   6.31e-01   3.29e+00   3.37e+00 (  4.08e+01,  4.64e+01)
90      0.378   9.10e-01   1.51e+00   1.10e+00   9.83e+00   3.20e+00 (  1.84e+02,  3.42e+01)
95      0.246   5.15e-01   7.42e-01   5.41e-01   1.53e+01   3.05e+00 (  2.67e+02,  2.05e+01)
18 n: 3.335e-06 e: 1.194e-04 i: 8.841e-05 :: e: 1.815e-02 i: 2.600e-02 :: n: 2.167e+01 e:19.723 i:28.963 v:4.993e+03
>>> tau_he = 5.000000, nhe(0)=2.249918e+00
 5 -107384.731   7.82e-03   3.84e-01   2.39e-03  -1.08e-01   5.42e-27 (  2.54e+00,  3.19e+01)
10 -2183364.878   6.98e-02   1.39e-01   8.30e-03  -2.20e+00   1.85e-22 (  3.17e+01,  6.50e+01)
15 -1711628.601   1.95e-01   1.51e-01   6.35e-02  -1.73e+00   2.25e-18 (  8.55e+01,  9.58e+01)
20 -1989780.257   2.03e-01   1.89e-01   8.27e-02  -2.02e+00   1.02e-14 (  9.65e+01,  1.22e+02)
25 -1803657.751   3.26e-01   4.37e-01   3.86e-01  -1.84e+00   1.72e-11 (  1.60e+02,  1.42e+02)
30 -1453623.614   3.38e-01   4.33e-01   3.87e-01  -1.49e+00   1.10e-08 (  1.57e+02,  1.54e+02)
35 -1213712.011   3.34e-01   3.99e-01   3.80e-01  -1.25e+00   2.69e-06 (  1.47e+02,  1.58e+02)
40     -6.549   3.13e-01   3.47e-01   3.78e-01  -8.75e-01   2.52e-04 (  1.28e+02,  1.56e+02)
45     -0.363   3.34e-01   4.06e-01   3.09e-01  -3.66e-01   9.22e-03 (  1.22e+02,  1.48e+02)
50      0.054   3.48e-01   4.68e-01   2.71e-01   1.18e-01   1.36e-01 (  1.13e+02,  1.35e+02)
55      0.161   3.50e-01   5.09e-01   3.33e-01   8.34e-01   8.38e-01 (  1.01e+02,  1.22e+02)
60      0.134   3.50e-01   5.68e-01   3.40e-01   2.04e+00   2.38e+00 (  8.68e+01,  1.08e+02)
65      0.191   4.44e-01   7.20e-01   4.26e-01   3.83e+00   3.67e+00 (  8.38e+01,  9.45e+01)
70      0.210   4.88e-01   7.73e-01   4.89e-01   4.13e+00   3.96e+00 (  7.38e+01,  8.22e+01)
75      0.214   4.92e-01   8.05e-01   5.48e-01   3.91e+00   3.79e+00 (  6.24e+01,  7.01e+01)
80      0.213   4.82e-01   8.19e-01   5.98e-01   3.69e+00   3.57e+00 (  5.21e+01,  5.83e+01)
85      0.197   4.34e-01   7.95e-01   6.21e-01   3.20e+00   3.37e+00 (  4.11e+01,  4.64e+01)
90      0.375   9.08e-01   1.51e+00   1.09e+00   9.77e+00   3.20e+00 (  1.85e+02,  3.42e+01)
95      0.246   5.15e-01   7.42e-01   5.41e-01   1.53e+01   3.05e+00 (  2.67e+02,  2.05e+01)
19 n: 4.269e-06 e: 1.688e-04 i: 4.838e-04 :: e: 3.349e-02 i: 4.633e-02 :: n: 2.167e+01 e:19.509 i:28.927 v:4.993e+03
>>> tau_he = 5.000000, nhe(0)=2.248200e+00
 5 -106396.133   7.86e-03   3.81e-01   2.39e-03  -1.07e-01   5.42e-27 (  2.55e+00,  3.19e+01)
10 -2146486.287   6.90e-02   1.37e-01   8.26e-03  -2.17e+00   1.85e-22 (  3.11e+01,  6.50e+01)
15 -1673694.098   1.92e-01   1.47e-01   6.07e-02  -1.69e+00   2.25e-18 (  8.34e+01,  9.58e+01)
20 -1951818.857   1.94e-01   1.83e-01   8.39e-02  -1.98e+00   1.02e-14 (  9.13e+01,  1.22e+02)
25 -2291941.638   1.94e-01   1.94e-01   1.63e-01  -2.33e+00   1.72e-11 (  9.30e+01,  1.42e+02)
30 -1113351.712   2.51e-01   2.47e-01   2.00e-01  -1.14e+00   1.10e-08 (  1.14e+02,  1.54e+02)
35 -804281.994   2.72e-01   2.60e-01   2.38e-01  -8.26e-01   2.69e-06 (  1.18e+02,  1.58e+02)
40     -6.495   3.09e-01   3.33e-01   3.59e-01  -8.67e-01   2.52e-04 (  1.25e+02,  1.56e+02)
45     -0.346   3.32e-01   3.91e-01   2.96e-01  -3.49e-01   9.22e-03 (  1.20e+02,  1.48e+02)
50      0.064   3.43e-01   4.51e-01   2.59e-01   1.40e-01   1.36e-01 (  1.10e+02,  1.35e+02)
55      0.163   3.45e-01   4.91e-01   3.21e-01   8.44e-01   8.38e-01 (  9.86e+01,  1.22e+02)
60      0.133   3.43e-01   5.49e-01   3.30e-01   2.02e+00   2.38e+00 (  8.38e+01,  1.08e+02)
65      0.189   4.36e-01   7.05e-01   4.19e-01   3.79e+00   3.67e+00 (  8.08e+01,  9.45e+01)
70      0.209   4.81e-01   7.62e-01   4.84e-01   4.11e+00   3.96e+00 (  7.16e+01,  8.22e+01)
75      0.215   4.91e-01   8.02e-01   5.48e-01   3.94e+00   3.79e+00 (  6.11e+01,  7.01e+01)
80      0.217   4.87e-01   8.26e-01   6.05e-01   3.77e+00   3.57e+00 (  5.16e+01,  5.83e+01)
85      0.203   4.44e-01   8.09e-01   6.32e-01   3.29e+00   3.37e+00 (  4.10e+01,  4.64e+01)
90      0.378   9.10e-01   1.51e+00   1.10e+00   9.83e+00   3.20e+00 (  1.85e+02,  3.42e+01)
95      0.246   5.15e-01   7.42e-01   5.41e-01   1.53e+01   3.05e+00 (  2.67e+02,  2.05e+01)
20 n: 4.317e-06 e: 8.672e-05 i: 1.064e-04 :: e: 1.905e-02 i: 2.704e-02 :: n: 2.167e+01 e:19.646 i:28.821 v:4.993e+03
>>> tau_he = 5.000000, nhe(0)=2.243329e+00
 5 -106134.289   7.75e-03   3.80e-01   2.38e-03  -1.07e-01   5.42e-27 (  2.52e+00,  3.19e+01)
10 -2175782.679   3.82e-02   6.96e-02   8.05e-03  -2.20e+00   1.85e-22 (  1.72e+01,  6.50e+01)
15 -1674982.028   1.93e-01   1.49e-01   6.41e-02  -1.70e+00   2.25e-18 (  8.38e+01,  9.58e+01)
20 -1959738.674   2.02e-01   1.88e-01   8.65e-02  -1.99e+00   1.02e-14 (  9.52e+01,  1.22e+02)
25 -2261157.058   1.98e-01   2.01e-01   1.62e-01  -2.30e+00   1.72e-11 (  9.55e+01,  1.42e+02)
30 -1850591.345   2.55e-01   2.58e-01   2.14e-01  -1.89e+00   1.10e-08 (  1.17e+02,  1.54e+02)
35 -889450.370   2.69e-01   2.77e-01   2.51e-01  -9.13e-01   2.69e-06 (  1.18e+02,  1.58e+02)
40     -6.537   3.13e-01   3.47e-01   3.78e-01  -8.70e-01   2.52e-04 (  1.27e+02,  1.56e+02)
45     -0.371   3.35e-01   4.07e-01   3.10e-01  -3.68e-01   9.22e-03 (  1.22e+02,  1.48e+02)
50      0.054   3.49e-01   4.69e-01   2.72e-01   1.17e-01   1.36e-01 (  1.13e+02,  1.35e+02)
55      0.161   3.51e-01   5.10e-01   3.34e-01   8.36e-01   8.38e-01 (  1.02e+02,  1.22e+02)
60      0.134   3.51e-01   5.69e-01   3.40e-01   2.05e+00   2.38e+00 (  8.72e+01,  1.08e+02)
65      0.192   4.45e-01   7.22e-01   4.28e-01   3.84e+00   3.67e+00 (  8.42e+01,  9.45e+01)
70      0.211   4.89e-01   7.75e-01   4.91e-01   4.14e+00   3.96e+00 (  7.41e+01,  8.22e+01)
75      0.214   4.93e-01   8.07e-01   5.50e-01   3.92e+00   3.79e+00 (  6.27e+01,  7.01e+01)
80      0.214   4.83e-01   8.22e-01   6.01e-01   3.70e+00   3.57e+00 (  5.24e+01,  5.83e+01)
85      0.198   4.35e-01   7.98e-01   6.23e-01   3.21e+00   3.37e+00 (  4.13e+01,  4.64e+01)
90      0.375   9.08e-01   1.51e+00   1.09e+00   9.77e+00   3.20e+00 (  1.86e+02,  3.42e+01)
95      0.246   5.15e-01   7.42e-01   5.41e-01   1.53e+01   3.05e+00 (  2.67e+02,  2.05e+01)
21 n: 4.267e-06 e: 9.171e-05 i: 2.790e-04 :: e: 1.993e-02 i: 2.731e-02 :: n: 2.166e+01 e:19.500 i:29.141 v:4.993e+03
>>> tau_he = 5.000000, nhe(0)=2.256337e+00
 5 -106322.822   7.95e-03   3.84e-01   2.39e-03  -1.07e-01   5.42e-27 (  2.55e+00,  3.19e+01)
10 -2156907.164   7.02e-02   1.40e-01   8.13e-03  -2.18e+00   1.85e-22 (  3.16e+01,  6.50e+01)
15 -1646702.858   1.93e-01   1.46e-01   6.02e-02  -1.67e+00   2.25e-18 (  8.30e+01,  9.58e+01)
20 -1964047.671   1.94e-01   1.84e-01   8.23e-02  -1.99e+00   1.02e-14 (  9.12e+01,  1.22e+02)
25 -2268903.579   2.01e-01   1.98e-01   1.57e-01  -2.31e+00   1.72e-11 (  9.73e+01,  1.42e+02)
30 -1849496.954   2.54e-01   2.52e-01   2.04e-01  -1.89e+00   1.10e-08 (  1.16e+02,  1.54e+02)
35 -898808.761   2.67e-01   2.69e-01   2.40e-01  -9.23e-01   2.69e-06 (  1.16e+02,  1.58e+02)
40     -6.439   3.09e-01   3.34e-01   3.60e-01  -8.57e-01   2.52e-04 (  1.25e+02,  1.56e+02)
45     -0.354   3.31e-01   3.90e-01   2.96e-01  -3.51e-01   9.22e-03 (  1.20e+02,  1.48e+02)
50      0.048   3.43e-01   4.51e-01   2.63e-01   1.04e-01   1.36e-01 (  1.10e+02,  1.35e+02)
55      0.163   3.45e-01   4.91e-01   3.21e-01   8.42e-01   8.38e-01 (  9.85e+01,  1.22e+02)
60      0.132   3.43e-01   5.48e-01   3.29e-01   2.02e+00   2.38e+00 (  8.38e+01,  1.08e+02)
65      0.189   4.36e-01   7.05e-01   4.19e-01   3.78e+00   3.67e+00 (  8.09e+01,  9.45e+01)
70      0.209   4.82e-01   7.63e-01   4.84e-01   4.11e+00   3.96e+00 (  7.17e+01,  8.22e+01)
75      0.215   4.91e-01   8.03e-01   5.49e-01   3.94e+00   3.79e+00 (  6.13e+01,  7.01e+01)
80      0.217   4.88e-01   8.27e-01   6.05e-01   3.77e+00   3.57e+00 (  5.17e+01,  5.83e+01)
85      0.203   4.44e-01   8.10e-01   6.33e-01   3.29e+00   3.37e+00 (  4.11e+01,  4.64e+01)
90      0.378   9.10e-01   1.51e+00   1.10e+00   9.83e+00   3.20e+00 (  1.85e+02,  3.42e+01)
95      0.246   5.15e-01   7.42e-01   5.41e-01   1.53e+01   3.05e+00 (  2.67e+02,  2.05e+01)
22 n: 3.185e-06 e: 1.518e-04 i: 8.197e-05 :: e: 1.638e-02 i: 2.285e-02 :: n: 2.166e+01 e:19.756 i:29.070 v:4.993e+03
>>> tau_he = 5.000000, nhe(0)=2.253153e+00
 5 -108035.331   7.87e-03   3.85e-01   2.39e-03  -1.09e-01   5.42e-27 (  2.55e+00,  3.19e+01)
10 -2196224.524   7.09e-02   1.42e-01   8.09e-03  -2.22e+00   1.85e-22 (  3.22e+01,  6.50e+01)
15 -1684614.059   1.96e-01   1.50e-01   6.43e-02  -1.70e+00   2.25e-18 (  8.50e+01,  9.58e+01)
20 -2008397.553   2.05e-01   1.90e-01   8.17e-02  -2.04e+00   1.02e-14 (  9.74e+01,  1.22e+02)
25 -1833274.268   3.28e-01   4.39e-01   3.87e-01  -1.87e+00   1.72e-11 (  1.61e+02,  1.42e+02)
30 -1472170.783   3.40e-01   4.35e-01   3.88e-01  -1.51e+00   1.10e-08 (  1.59e+02,  1.54e+02)
35 -1215567.912   3.38e-01   4.03e-01   3.83e-01  -1.25e+00   2.69e-06 (  1.50e+02,  1.58e+02)
40     -6.607   3.15e-01   3.49e-01   3.79e-01  -8.81e-01   2.52e-04 (  1.29e+02,  1.56e+02)
45     -0.376   3.35e-01   4.07e-01   3.10e-01  -3.75e-01   9.22e-03 (  1.23e+02,  1.48e+02)
50      0.052   3.49e-01   4.69e-01   2.72e-01   1.12e-01   1.36e-01 (  1.14e+02,  1.35e+02)
55      0.161   3.51e-01   5.10e-01   3.34e-01   8.33e-01   8.38e-01 (  1.02e+02,  1.22e+02)
60      0.134   3.51e-01   5.69e-01   3.40e-01   2.04e+00   2.38e+00 (  8.73e+01,  1.08e+02)
65      0.192   4.45e-01   7.22e-01   4.28e-01   3.83e+00   3.67e+00 (  8.42e+01,  9.45e+01)
70      0.211   4.89e-01   7.75e-01   4.91e-01   4.13e+00   3.96e+00 (  7.41e+01,  8.22e+01)
75      0.214   4.93e-01   8.07e-01   5.51e-01   3.92e+00   3.79e+00 (  6.28e+01,  7.01e+01)
80      0.214   4.83e-01   8.23e-01   6.01e-01   3.70e+00   3.57e+00 (  5.24e+01,  5.83e+01)
85      0.198   4.36e-01   7.99e-01   6.24e-01   3.21e+00   3.37e+00 (  4.14e+01,  4.64e+01)
90      0.376   9.08e-01   1.51e+00   1.09e+00   9.77e+00   3.20e+00 (  1.86e+02,  3.42e+01)
95      0.246   5.15e-01   7.42e-01   5.41e-01   1.53e+01   3.05e+00 (  2.67e+02,  2.05e+01)
23 n: 4.072e-06 e: 1.800e-04 i: 4.969e-04 :: e: 3.528e-02 i: 4.691e-02 :: n: 2.166e+01 e:19.529 i:29.043 v:4.993e+03
>>> tau_he = 5.000000, nhe(0)=2.251679e+00
 5 -106886.173   7.91e-03   3.83e-01   2.39e-03  -1.08e-01   5.42e-27 (  2.55e+00,  3.19e+01)
10 -2151494.256   6.98e-02   1.39e-01   8.06e-03  -2.17e+00   1.85e-22 (  3.14e+01,  6.50e+01)
15 -1646073.295   1.93e-01   1.47e-01   6.13e-02  -1.67e+00   2.25e-18 (  8.29e+01,  9.58e+01)
20 -1964864.066   1.95e-01   1.85e-01   8.31e-02  -1.99e+00   1.02e-14 (  9.19e+01,  1.22e+02)
25 -2318133.253   1.95e-01   1.94e-01   1.64e-01  -2.36e+00   1.72e-11 (  9.35e+01,  1.42e+02)
30 -1124020.387   2.52e-01   2.48e-01   2.00e-01  -1.15e+00   1.10e-08 (  1.15e+02,  1.54e+02)
35 -927400.956   2.67e-01   2.67e-01   2.39e-01  -9.52e-01   2.69e-06 (  1.17e+02,  1.58e+02)
40     -6.520   3.11e-01   3.35e-01   3.60e-01  -8.69e-01   2.52e-04 (  1.26e+02,  1.56e+02)
45     -0.353   3.33e-01   3.92e-01   2.97e-01  -3.52e-01   9.22e-03 (  1.21e+02,  1.48e+02)
50      0.064   3.45e-01   4.52e-01   2.60e-01   1.39e-01   1.36e-01 (  1.11e+02,  1.35e+02)
55      0.164   3.46e-01   4.93e-01   3.22e-01   8.48e-01   8.38e-01 (  9.93e+01,  1.22e+02)
60      0.133   3.45e-01   5.51e-01   3.31e-01   2.03e+00   2.38e+00 (  8.44e+01,  1.08e+02)
65      0.190   4.37e-01   7.08e-01   4.21e-01   3.79e+00   3.67e+00 (  8.13e+01,  9.45e+01)
70      0.210   4.83e-01   7.66e-01   4.86e-01   4.11e+00   3.96e+00 (  7.20e+01,  8.22e+01)
75      0.216   4.92e-01   8.05e-01   5.50e-01   3.95e+00   3.79e+00 (  6.15e+01,  7.01e+01)
80      0.218   4.88e-01   8.29e-01   6.08e-01   3.77e+00   3.57e+00 (  5.19e+01,  5.83e+01)
85      0.204   4.45e-01   8.13e-01   6.36e-01   3.30e+00   3.37e+00 (  4.13e+01,  4.64e+01)
90      0.378   9.10e-01   1.51e+00   1.10e+00   9.84e+00   3.20e+00 (  1.85e+02,  3.42e+01)
95      0.246   5.15e-01   7.42e-01   5.41e-01   1.53e+01   3.05e+00 (  2.67e+02,  2.05e+01)
24 n: 3.402e-06 e: 9.039e-05 i: 1.045e-04 :: e: 1.763e-02 i: 2.463e-02 :: n: 2.166e+01 e:19.679 i:28.919 v:4.993e+03
>>> tau_he = 5.000000, nhe(0)=2.245859e+00
 5 -106649.568   7.79e-03   3.81e-01   2.38e-03  -1.08e-01   5.42e-27 (  2.52e+00,  3.19e+01)
10 -2163811.993   7.43e-02   1.39e-01   8.12e-03  -2.18e+00   1.85e-22 (  3.34e+01,  6.50e+01)
15 -1651718.015   1.94e-01   1.49e-01   6.49e-02  -1.67e+00   2.25e-18 (  8.34e+01,  9.58e+01)
20 -1973808.312   2.03e-01   1.89e-01   8.61e-02  -2.00e+00   1.02e-14 (  9.59e+01,  1.22e+02)
25 -2288144.881   1.99e-01   2.02e-01   1.63e-01  -2.33e+00   1.72e-11 (  9.61e+01,  1.42e+02)
30 -1869951.773   2.57e-01   2.59e-01   2.14e-01  -1.91e+00   1.10e-08 (  1.18e+02,  1.54e+02)
35 -1216636.434   3.36e-01   4.01e-01   3.81e-01  -1.25e+00   2.69e-06 (  1.48e+02,  1.58e+02)
40     -6.591   3.15e-01   3.48e-01   3.79e-01  -8.77e-01   2.52e-04 (  1.29e+02,  1.56e+02)
45     -0.379   3.36e-01   4.08e-01   3.11e-01  -3.73e-01   9.22e-03 (  1.23e+02,  1.48e+02)
50      0.052   3.50e-01   4.70e-01   2.73e-01   1.13e-01   1.36e-01 (  1.14e+02,  1.35e+02)
55      0.162   3.53e-01   5.12e-01   3.35e-01   8.37e-01   8.38e-01 (  1.02e+02,  1.22e+02)
60      0.135   3.53e-01   5.72e-01   3.42e-01   2.05e+00   2.38e+00 (  8.79e+01,  1.08e+02)
65      0.192   4.47e-01   7.25e-01   4.30e-01   3.85e+00   3.67e+00 (  8.47e+01,  9.45e+01)
70      0.211   4.90e-01   7.78e-01   4.93e-01   4.14e+00   3.96e+00 (  7.46e+01,  8.22e+01)
75      0.215   4.94e-01   8.10e-01   5.53e-01   3.93e+00   3.79e+00 (  6.31e+01,  7.01e+01)
80      0.214   4.84e-01   8.26e-01   6.04e-01   3.71e+00   3.57e+00 (  5.27e+01,  5.83e+01)
85      0.198   4.36e-01   8.02e-01   6.27e-01   3.21e+00   3.37e+00 (  4.17e+01,  4.64e+01)
90      0.376   9.09e-01   1.51e+00   1.09e+00   9.77e+00   3.20e+00 (  1.86e+02,  3.42e+01)
95      0.246   5.15e-01   7.42e-01   5.41e-01   1.53e+01   3.05e+00 (  2.67e+02,  2.05e+01)
25 n: 4.843e-06 e: 1.236e-04 i: 1.790e-04 :: e: 2.083e-02 i: 2.680e-02 :: n: 2.165e+01 e:19.513 i:29.049 v:4.993e+03
>>> tau_he = 5.000000, nhe(0)=2.250707e+00
 5 -105827.112   7.90e-03   3.85e-01   2.41e-03  -1.07e-01   5.42e-27 (  2.55e+00,  3.19e+01)
10 -2131466.123   3.80e-02   6.96e-02   7.76e-03  -2.15e+00   1.85e-22 (  1.69e+01,  6.50e+01)
15 -1669785.233   1.92e-01   1.44e-01   6.05e-02  -1.69e+00   2.25e-18 (  8.20e+01,  9.58e+01)
20 -1975085.321   1.95e-01   1.84e-01   8.38e-02  -2.00e+00   1.02e-14 (  9.14e+01,  1.22e+02)
25 -2159109.672   2.09e-01   1.97e-01   1.57e-01  -2.20e+00   1.72e-11 (  1.01e+02,  1.42e+02)
30 -1860018.387   2.54e-01   2.53e-01   2.05e-01  -1.90e+00   1.10e-08 (  1.16e+02,  1.54e+02)
35 -923743.758   2.66e-01   2.66e-01   2.39e-01  -9.48e-01   2.69e-06 (  1.15e+02,  1.58e+02)
40     -6.530   3.10e-01   3.34e-01   3.61e-01  -8.69e-01   2.52e-04 (  1.25e+02,  1.56e+02)
45     -0.362   3.33e-01   3.92e-01   2.97e-01  -3.57e-01   9.22e-03 (  1.21e+02,  1.48e+02)
50      0.046   3.45e-01   4.53e-01   2.64e-01   1.00e-01   1.36e-01 (  1.11e+02,  1.35e+02)
55      0.163   3.46e-01   4.93e-01   3.22e-01   8.44e-01   8.38e-01 (  9.93e+01,  1.22e+02)
60      0.133   3.45e-01   5.51e-01   3.31e-01   2.02e+00   2.38e+00 (  8.45e+01,  1.08e+02)
65      0.190   4.37e-01   7.09e-01   4.21e-01   3.79e+00   3.67e+00 (  8.15e+01,  9.45e+01)
70      0.210   4.83e-01   7.67e-01   4.87e-01   4.11e+00   3.96e+00 (  7.22e+01,  8.22e+01)
75      0.216   4.92e-01   8.07e-01   5.51e-01   3.94e+00   3.79e+00 (  6.17e+01,  7.01e+01)
80      0.218   4.89e-01   8.31e-01   6.09e-01   3.77e+00   3.57e+00 (  5.21e+01,  5.83e+01)
85      0.204   4.45e-01   8.14e-01   6.37e-01   3.30e+00   3.37e+00 (  4.15e+01,  4.64e+01)
90      0.378   9.10e-01   1.51e+00   1.10e+00   9.84e+00   3.20e+00 (  1.85e+02,  3.42e+01)
95      0.246   5.15e-01   7.42e-01   5.41e-01   1.53e+01   3.05e+00 (  2.67e+02,  2.05e+01)
26 n: 3.516e-06 e: 1.084e-04 i: 2.068e-04 :: e: 1.730e-02 i: 2.648e-02 :: n: 2.165e+01 e:19.701 i:29.139 v:4.993e+03
>>> tau_he = 5.000000, nhe(0)=2.254032e+00
 5 -107580.793   7.90e-03   3.85e-01   2.38e-03  -1.08e-01   5.42e-27 (  2.54e+00,  3.19e+01)
10 -2180395.114   7.11e-02   1.44e-01   7.78e-03  -2.20e+00   1.85e-22 (  3.21e+01,  6.50e+01)
15 -1643328.098   1.96e-01   1.50e-01   7.20e-02  -1.66e+00   2.25e-18 (  8.41e+01,  9.58e+01)
20 -1991077.754   2.05e-01   1.90e-01   8.11e-02  -2.02e+00   1.02e-14 (  9.72e+01,  1.22e+02)
25 -1817332.181   3.28e-01   4.38e-01   3.86e-01  -1.85e+00   1.72e-11 (  1.61e+02,  1.42e+02)
30 -1460253.754   3.40e-01   4.34e-01   3.87e-01  -1.49e+00   1.10e-08 (  1.58e+02,  1.54e+02)
35 -1217954.959   3.36e-01   4.00e-01   3.80e-01  -1.25e+00   2.69e-06 (  1.48e+02,  1.58e+02)
40     -6.567   3.14e-01   3.47e-01   3.78e-01  -8.75e-01   2.52e-04 (  1.28e+02,  1.56e+02)
45     -0.370   3.36e-01   4.07e-01   3.10e-01  -3.68e-01   9.22e-03 (  1.23e+02,  1.48e+02)
50      0.054   3.50e-01   4.70e-01   2.72e-01   1.18e-01   1.36e-01 (  1.14e+02,  1.35e+02)
55      0.162   3.52e-01   5.11e-01   3.34e-01   8.39e-01   8.38e-01 (  1.02e+02,  1.22e+02)
60      0.135   3.53e-01   5.71e-01   3.42e-01   2.05e+00   2.38e+00 (  8.77e+01,  1.08e+02)
65      0.192   4.46e-01   7.24e-01   4.29e-01   3.84e+00   3.67e+00 (  8.45e+01,  9.45e+01)
70      0.211   4.90e-01   7.78e-01   4.93e-01   4.14e+00   3.96e+00 (  7.44e+01,  8.22e+01)
75      0.215   4.94e-01   8.11e-01   5.53e-01   3.92e+00   3.79e+00 (  6.31e+01,  7.01e+01)
80      0.214   4.84e-01   8.26e-01   6.05e-01   3.70e+00   3.57e+00 (  5.27e+01,  5.83e+01)
85      0.199   4.37e-01   8.03e-01   6.28e-01   3.21e+00   3.37e+00 (  4.17e+01,  4.64e+01)
90      0.376   9.09e-01   1.51e+00   1.10e+00   9.77e+00   3.20e+00 (  1.86e+02,  3.42e+01)
95      0.246   5.15e-01   7.42e-01   5.41e-01   1.53e+01   3.05e+00 (  2.67e+02,  2.05e+01)
27 n: 3.514e-06 e: 1.329e-04 i: 5.179e-04 :: e: 3.398e-02 i: 4.509e-02 :: n: 2.165e+01 e:19.547 i:29.070 v:4.993e+03
>>> tau_he = 5.000000, nhe(0)=2.250692e+00
 5 -107442.567   7.92e-03   3.83e-01   2.39e-03  -1.08e-01   5.42e-27 (  2.56e+00,  3.19e+01)
10 -2164135.885   7.06e-02   1.42e-01   7.92e-03  -2.19e+00   1.85e-22 (  3.17e+01,  6.50e+01)
15 -1628603.222   1.93e-01   1.48e-01   6.97e-02  -1.65e+00   2.25e-18 (  8.29e+01,  9.58e+01)
20 -1969320.296   2.01e-01   1.86e-01   7.98e-02  -2.00e+00   1.02e-14 (  9.45e+01,  1.22e+02)
25 -2317335.724   1.96e-01   1.95e-01   1.64e-01  -2.36e+00   1.72e-11 (  9.40e+01,  1.42e+02)
30 -1124457.609   2.53e-01   2.49e-01   2.01e-01  -1.15e+00   1.10e-08 (  1.15e+02,  1.54e+02)
35 -811676.310   2.73e-01   2.62e-01   2.39e-01  -8.33e-01   2.69e-06 (  1.19e+02,  1.58e+02)
40     -6.563   3.11e-01   3.36e-01   3.61e-01  -8.74e-01   2.52e-04 (  1.26e+02,  1.56e+02)
45     -0.358   3.35e-01   3.93e-01   2.99e-01  -3.56e-01   9.22e-03 (  1.22e+02,  1.48e+02)
50      0.062   3.46e-01   4.54e-01   2.62e-01   1.35e-01   1.36e-01 (  1.12e+02,  1.35e+02)
55      0.164   3.48e-01   4.95e-01   3.24e-01   8.47e-01   8.38e-01 (  9.99e+01,  1.22e+02)
60      0.134   3.46e-01   5.54e-01   3.33e-01   2.03e+00   2.38e+00 (  8.51e+01,  1.08e+02)
65      0.190   4.38e-01   7.11e-01   4.23e-01   3.80e+00   3.67e+00 (  8.19e+01,  9.45e+01)
70      0.210   4.84e-01   7.69e-01   4.88e-01   4.11e+00   3.96e+00 (  7.25e+01,  8.22e+01)
75      0.216   4.93e-01   8.08e-01   5.53e-01   3.94e+00   3.79e+00 (  6.19e+01,  7.01e+01)
80      0.218   4.89e-01   8.32e-01   6.10e-01   3.77e+00   3.57e+00 (  5.22e+01,  5.83e+01)
85      0.204   4.45e-01   8.15e-01   6.38e-01   3.30e+00   3.37e+00 (  4.16e+01,  4.64e+01)
90      0.378   9.11e-01   1.51e+00   1.10e+00   9.83e+00   3.20e+00 (  1.85e+02,  3.42e+01)
95      0.246   5.15e-01   7.42e-01   5.41e-01   1.53e+01   3.05e+00 (  2.67e+02,  2.05e+01)
28 n: 2.623e-06 e: 5.947e-05 i: 1.007e-04 :: e: 1.573e-02 i: 2.450e-02 :: n: 2.164e+01 e:19.646 i:28.971 v:4.993e+03
>>> tau_he = 5.000000, nhe(0)=2.245889e+00
 5 -106796.859   7.83e-03   3.82e-01   2.38e-03  -1.08e-01   5.42e-27 (  2.53e+00,  3.19e+01)
10 -2161877.516   7.47e-02   1.40e-01   8.00e-03  -2.18e+00   1.85e-22 (  3.35e+01,  6.50e+01)
15 -1675193.587   1.95e-01   1.49e-01   7.20e-02  -1.70e+00   2.25e-18 (  8.32e+01,  9.58e+01)
20 -1964992.812   2.03e-01   1.89e-01   8.54e-02  -1.99e+00   1.02e-14 (  9.57e+01,  1.22e+02)
25 -2281184.676   1.99e-01   2.01e-01   1.63e-01  -2.32e+00   1.72e-11 (  9.59e+01,  1.42e+02)
30 -1864745.465   2.56e-01   2.58e-01   2.13e-01  -1.91e+00   1.10e-08 (  1.17e+02,  1.54e+02)
35 -914819.394   2.70e-01   2.77e-01   2.51e-01  -9.39e-01   2.69e-06 (  1.18e+02,  1.58e+02)
40     -6.562   3.15e-01   3.47e-01   3.77e-01  -8.73e-01   2.52e-04 (  1.28e+02,  1.56e+02)
45     -0.376   3.36e-01   4.07e-01   3.11e-01  -3.69e-01   9.22e-03 (  1.23e+02,  1.48e+02)
50      0.054   3.51e-01   4.70e-01   2.72e-01   1.17e-01   1.36e-01 (  1.14e+02,  1.35e+02)
55      0.163   3.53e-01   5.11e-01   3.35e-01   8.41e-01   8.38e-01 (  1.03e+02,  1.22e+02)
60      0.135   3.53e-01   5.72e-01   3.42e-01   2.05e+00   2.38e+00 (  8.80e+01,  1.08e+02)
65      0.192   4.47e-01   7.26e-01   4.30e-01   3.84e+00   3.67e+00 (  8.48e+01,  9.45e+01)
70      0.212   4.90e-01   7.79e-01   4.94e-01   4.14e+00   3.96e+00 (  7.46e+01,  8.22e+01)
75      0.215   4.95e-01   8.12e-01   5.55e-01   3.92e+00   3.79e+00 (  6.33e+01,  7.01e+01)
80      0.215   4.85e-01   8.28e-01   6.07e-01   3.71e+00   3.57e+00 (  5.29e+01,  5.83e+01)
85      0.199   4.38e-01   8.06e-01   6.30e-01   3.22e+00   3.37e+00 (  4.19e+01,  4.64e+01)
90      0.376   9.09e-01   1.51e+00   1.10e+00   9.78e+00   3.20e+00 (  1.86e+02,  3.42e+01)
95      0.246   5.15e-01   7.42e-01   5.41e-01   1.53e+01   3.05e+00 (  2.67e+02,  2.05e+01)
29 n: 3.391e-06 e: 7.245e-05 i: 8.747e-05 :: e: 1.752e-02 i: 2.204e-02 :: n: 2.164e+01 e:19.532 i:29.091 v:4.993e+03
>>> tau_he = 5.000000, nhe(0)=2.250342e+00
 5 -106148.330   7.92e-03   3.86e-01   2.41e-03  -1.07e-01   5.42e-27 (  2.55e+00,  3.19e+01)
10 -2134751.062   3.80e-02   6.98e-02   7.77e-03  -2.16e+00   1.85e-22 (  1.69e+01,  6.50e+01)
15 -1655608.882   1.93e-01   1.44e-01   6.12e-02  -1.68e+00   2.25e-18 (  8.17e+01,  9.58e+01)
20 -1979043.748   1.95e-01   1.85e-01   8.49e-02  -2.01e+00   1.02e-14 (  9.15e+01,  1.22e+02)
25 -2293179.345   2.02e-01   1.99e-01   1.59e-01  -2.34e+00   1.72e-11 (  9.79e+01,  1.42e+02)
30 -1823925.512   2.53e-01   2.54e-01   2.05e-01  -1.87e+00   1.10e-08 (  1.16e+02,  1.54e+02)
35 -909151.723   2.69e-01   2.71e-01   2.42e-01  -9.33e-01   2.69e-06 (  1.17e+02,  1.58e+02)
40     -6.518   3.11e-01   3.37e-01   3.63e-01  -8.67e-01   2.52e-04 (  1.26e+02,  1.56e+02)
45     -0.367   3.34e-01   3.93e-01   2.99e-01  -3.60e-01   9.22e-03 (  1.21e+02,  1.48e+02)
50      0.045   3.46e-01   4.55e-01   2.65e-01   9.62e-02   1.36e-01 (  1.11e+02,  1.35e+02)
55      0.163   3.47e-01   4.95e-01   3.24e-01   8.42e-01   8.38e-01 (  9.96e+01,  1.22e+02)
60      0.133   3.46e-01   5.53e-01   3.32e-01   2.02e+00   2.38e+00 (  8.49e+01,  1.08e+02)
65      0.190   4.38e-01   7.11e-01   4.22e-01   3.79e+00   3.67e+00 (  8.19e+01,  9.45e+01)
70      0.210   4.84e-01   7.68e-01   4.88e-01   4.11e+00   3.96e+00 (  7.25e+01,  8.22e+01)
75      0.216   4.93e-01   8.08e-01   5.53e-01   3.94e+00   3.79e+00 (  6.19e+01,  7.01e+01)
80      0.218   4.88e-01   8.31e-01   6.10e-01   3.76e+00   3.57e+00 (  5.22e+01,  5.83e+01)
85      0.203   4.45e-01   8.15e-01   6.38e-01   3.29e+00   3.37e+00 (  4.16e+01,  4.64e+01)
90      0.378   9.11e-01   1.51e+00   1.10e+00   9.83e+00   3.20e+00 (  1.85e+02,  3.42e+01)
95      0.246   5.15e-01   7.42e-01   5.41e-01   1.53e+01   3.05e+00 (  2.67e+02,  2.05e+01)
30 n: 3.369e-06 e: 8.419e-05 i: 1.971e-04 :: e: 1.652e-02 i: 2.353e-02 :: n: 2.164e+01 e:19.695 i:29.216 v:4.993e+03
>>> tau_he = 5.000000, nhe(0)=2.255312e+00
 5 -107822.034   7.94e-03   3.86e-01   2.39e-03  -1.09e-01   5.42e-27 (  2.55e+00,  3.19e+01)
10 -2187514.607   7.64e-02   1.45e-01   7.96e-03  -2.21e+00   1.85e-22 (  3.44e+01,  6.50e+01)
15 -1674549.571   1.97e-01   1.50e-01   7.18e-02  -1.69e+00   2.25e-18 (  8.41e+01,  9.58e+01)
20 -1995824.457   2.05e-01   1.90e-01   8.11e-02  -2.03e+00   1.02e-14 (  9.69e+01,  1.22e+02)
25 -1833975.152   3.28e-01   4.39e-01   3.85e-01  -1.87e+00   1.72e-11 (  1.61e+02,  1.42e+02)
30 -1470225.364   3.41e-01   4.35e-01   3.86e-01  -1.50e+00   1.10e-08 (  1.58e+02,  1.54e+02)
35 -1210675.218   3.38e-01   4.02e-01   3.81e-01  -1.24e+00   2.69e-06 (  1.49e+02,  1.58e+02)
40     -6.551   3.15e-01   3.48e-01   3.77e-01  -8.73e-01   2.52e-04 (  1.29e+02,  1.56e+02)
45     -0.369   3.36e-01   4.06e-01   3.09e-01  -3.67e-01   9.22e-03 (  1.23e+02,  1.48e+02)
50      0.055   3.50e-01   4.68e-01   2.71e-01   1.19e-01   1.36e-01 (  1.14e+02,  1.35e+02)
55      0.163   3.52e-01   5.10e-01   3.34e-01   8.40e-01   8.38e-01 (  1.02e+02,  1.22e+02)
60      0.135   3.52e-01   5.69e-01   3.41e-01   2.04e+00   2.38e+00 (  8.74e+01,  1.08e+02)
65      0.192   4.46e-01   7.23e-01   4.29e-01   3.83e+00   3.67e+00 (  8.43e+01,  9.45e+01)
70      0.211   4.89e-01   7.77e-01   4.93e-01   4.13e+00   3.96e+00 (  7.43e+01,  8.22e+01)
75      0.215   4.94e-01   8.11e-01   5.54e-01   3.92e+00   3.79e+00 (  6.30e+01,  7.01e+01)
80      0.215   4.84e-01   8.27e-01   6.06e-01   3.70e+00   3.57e+00 (  5.27e+01,  5.83e+01)
85      0.199   4.37e-01   8.05e-01   6.30e-01   3.22e+00   3.37e+00 (  4.18e+01,  4.64e+01)
90      0.376   9.09e-01   1.51e+00   1.10e+00   9.78e+00   3.20e+00 (  1.86e+02,  3.42e+01)
95      0.246   5.15e-01   7.42e-01   5.41e-01   1.53e+01   3.05e+00 (  2.67e+02,  2.05e+01)
31 n: 2.030e-06 e: 1.089e-04 i: 5.146e-04 :: e: 3.424e-02 i: 4.410e-02 :: n: 2.164e+01 e:19.577 i:29.120 v:4.993e+03
>>> tau_he = 5.000000, nhe(0)=2.251058e+00
 5 -108001.196   7.95e-03   3.84e-01   2.39e-03  -1.09e-01   5.42e-27 (  2.57e+00,  3.19e+01)
10 -2163661.858   7.09e-02   1.43e-01   7.77e-03  -2.18e+00   1.85e-22 (  3.18e+01,  6.50e+01)
15 -1617010.938   1.94e-01   1.48e-01   7.06e-02  -1.64e+00   2.25e-18 (  8.28e+01,  9.58e+01)
20 -1975467.568   2.02e-01   1.87e-01   8.05e-02  -2.01e+00   1.02e-14 (  9.50e+01,  1.22e+02)
25 -2335058.796   1.97e-01   1.96e-01   1.64e-01  -2.38e+00   1.72e-11 (  9.45e+01,  1.42e+02)
30 -1131710.047   2.54e-01   2.50e-01   2.01e-01  -1.16e+00   1.10e-08 (  1.16e+02,  1.54e+02)
35 -933643.043   2.69e-01   2.70e-01   2.41e-01  -9.59e-01   2.69e-06 (  1.18e+02,  1.58e+02)
40     -6.576   3.13e-01   3.38e-01   3.64e-01  -8.76e-01   2.52e-04 (  1.27e+02,  1.56e+02)
45     -0.363   3.36e-01   3.96e-01   3.01e-01  -3.60e-01   9.22e-03 (  1.22e+02,  1.48e+02)
50      0.061   3.47e-01   4.57e-01   2.63e-01   1.32e-01   1.36e-01 (  1.12e+02,  1.35e+02)
55      0.164   3.49e-01   4.98e-01   3.25e-01   8.46e-01   8.38e-01 (  1.00e+02,  1.22e+02)
60      0.134   3.47e-01   5.56e-01   3.35e-01   2.03e+00   2.38e+00 (  8.55e+01,  1.08e+02)
65      0.191   4.39e-01   7.13e-01   4.24e-01   3.80e+00   3.67e+00 (  8.23e+01,  9.45e+01)
70      0.210   4.84e-01   7.70e-01   4.90e-01   4.11e+00   3.96e+00 (  7.27e+01,  8.22e+01)
75      0.216   4.93e-01   8.09e-01   5.54e-01   3.94e+00   3.79e+00 (  6.21e+01,  7.01e+01)
80      0.218   4.88e-01   8.32e-01   6.10e-01   3.76e+00   3.57e+00 (  5.23e+01,  5.83e+01)
85      0.203   4.44e-01   8.15e-01   6.39e-01   3.29e+00   3.37e+00 (  4.17e+01,  4.64e+01)
90      0.378   9.11e-01   1.51e+00   1.10e+00   9.83e+00   3.20e+00 (  1.86e+02,  3.42e+01)
95      0.246   5.15e-01   7.42e-01   5.41e-01   1.53e+01   3.05e+00 (  2.67e+02,  2.05e+01)
32 n: 1.716e-06 e: 3.845e-05 i: 9.427e-05 :: e: 1.508e-02 i: 2.161e-02 :: n: 2.164e+01 e:19.642 i:29.036 v:4.993e+03
>>> tau_he = 5.000000, nhe(0)=2.247056e+00
 5 -107127.844   7.87e-03   3.83e-01   2.39e-03  -1.08e-01   5.42e-27 (  2.54e+00,  3.19e+01)
10 -2154350.987   7.48e-02   1.41e-01   7.90e-03  -2.18e+00   1.85e-22 (  3.34e+01,  6.50e+01)
15 -1625051.959   1.97e-01   1.48e-01   7.23e-02  -1.64e+00   2.25e-18 (  8.38e+01,  9.58e+01)
20 -1969291.450   2.03e-01   1.89e-01   8.54e-02  -2.00e+00   1.02e-14 (  9.56e+01,  1.22e+02)
25 -2305394.267   1.97e-01   2.01e-01   1.64e-01  -2.35e+00   1.72e-11 (  9.51e+01,  1.42e+02)
30 -1875270.399   2.57e-01   2.58e-01   2.12e-01  -1.92e+00   1.10e-08 (  1.18e+02,  1.54e+02)
35 -1215923.079   3.36e-01   3.99e-01   3.79e-01  -1.25e+00   2.69e-06 (  1.48e+02,  1.58e+02)
40     -6.558   3.15e-01   3.47e-01   3.76e-01  -8.72e-01   2.52e-04 (  1.28e+02,  1.56e+02)
45     -0.375   3.36e-01   4.06e-01   3.10e-01  -3.68e-01   9.22e-03 (  1.23e+02,  1.48e+02)
50      0.055   3.51e-01   4.69e-01   2.72e-01   1.19e-01   1.36e-01 (  1.14e+02,  1.35e+02)
55      0.163   3.53e-01   5.11e-01   3.34e-01   8.42e-01   8.38e-01 (  1.02e+02,  1.22e+02)
60      0.135   3.53e-01   5.71e-01   3.42e-01   2.05e+00   2.38e+00 (  8.78e+01,  1.08e+02)
65      0.192   4.46e-01   7.25e-01   4.30e-01   3.83e+00   3.67e+00 (  8.46e+01,  9.45e+01)
70      0.211   4.90e-01   7.79e-01   4.95e-01   4.13e+00   3.96e+00 (  7.45e+01,  8.22e+01)
75      0.215   4.94e-01   8.13e-01   5.55e-01   3.92e+00   3.79e+00 (  6.32e+01,  7.01e+01)
80      0.215   4.85e-01   8.29e-01   6.08e-01   3.71e+00   3.57e+00 (  5.29e+01,  5.83e+01)
85      0.200   4.38e-01   8.08e-01   6.32e-01   3.22e+00   3.37e+00 (  4.19e+01,  4.64e+01)
90      0.376   9.10e-01   1.51e+00   1.10e+00   9.79e+00   3.20e+00 (  1.86e+02,  3.42e+01)
95      0.246   5.15e-01   7.42e-01   5.41e-01   1.53e+01   3.05e+00 (  2.67e+02,  2.05e+01)
33 n: 2.113e-06 e: 7.367e-05 i: 1.625e-04 :: e: 1.934e-02 i: 2.413e-02 :: n: 2.163e+01 e:19.547 i:29.098 v:4.993e+03
>>> tau_he = 5.000000, nhe(0)=2.249185e+00
 5 -106534.732   7.92e-03   3.85e-01   2.41e-03  -1.07e-01   5.42e-27 (  2.55e+00,  3.19e+01)
10 -2116855.640   7.36e-02   1.36e-01   8.00e-03  -2.14e+00   1.85e-22 (  3.26e+01,  6.50e+01)
15 -1641405.592   1.94e-01   1.45e-01   6.97e-02  -1.66e+00   2.25e-18 (  8.17e+01,  9.58e+01)
20 -1986221.262   2.01e-01   1.86e-01   8.51e-02  -2.02e+00   1.02e-14 (  9.41e+01,  1.22e+02)
25 -2294966.174   2.04e-01   2.00e-01   1.57e-01  -2.34e+00   1.72e-11 (  9.88e+01,  1.42e+02)
30 -1867049.214   2.56e-01   2.55e-01   2.07e-01  -1.91e+00   1.10e-08 (  1.17e+02,  1.54e+02)
35 -926937.872   2.67e-01   2.69e-01   2.42e-01  -9.52e-01   2.69e-06 (  1.16e+02,  1.58e+02)
40     -6.563   3.11e-01   3.37e-01   3.65e-01  -8.73e-01   2.52e-04 (  1.26e+02,  1.56e+02)
45     -0.369   3.35e-01   3.95e-01   3.01e-01  -3.62e-01   9.22e-03 (  1.22e+02,  1.48e+02)
50      0.060   3.47e-01   4.57e-01   2.64e-01   1.28e-01   1.36e-01 (  1.12e+02,  1.35e+02)
55      0.163   3.49e-01   4.98e-01   3.25e-01   8.43e-01   8.38e-01 (  1.00e+02,  1.22e+02)
60      0.134   3.47e-01   5.56e-01   3.34e-01   2.02e+00   2.38e+00 (  8.55e+01,  1.08e+02)
65      0.190   4.40e-01   7.13e-01   4.24e-01   3.79e+00   3.67e+00 (  8.23e+01,  9.45e+01)
70      0.210   4.85e-01   7.71e-01   4.90e-01   4.11e+00   3.96e+00 (  7.29e+01,  8.22e+01)
75      0.216   4.93e-01   8.10e-01   5.54e-01   3.93e+00   3.79e+00 (  6.22e+01,  7.01e+01)
80      0.218   4.88e-01   8.32e-01   6.11e-01   3.75e+00   3.57e+00 (  5.24e+01,  5.83e+01)
85      0.203   4.44e-01   8.16e-01   6.39e-01   3.28e+00   3.37e+00 (  4.18e+01,  4.64e+01)
90      0.378   9.11e-01   1.51e+00   1.10e+00   9.83e+00   3.20e+00 (  1.86e+02,  3.42e+01)
95      0.246   5.15e-01   7.42e-01   5.41e-01   1.53e+01   3.05e+00 (  2.67e+02,  2.05e+01)
34 n: 1.448e-06 e: 4.140e-05 i: 5.473e-05 :: e: 1.284e-02 i: 1.824e-02 :: n: 2.163e+01 e:19.662 i:29.064 v:4.993e+03
>>> tau_he = 5.000000, nhe(0)=2.247491e+00
 5 -106955.801   7.88e-03   3.86e-01   2.41e-03  -1.08e-01   5.42e-27 (  2.55e+00,  3.19e+01)
10 -2139321.291   3.76e-02   6.99e-02   7.62e-03  -2.16e+00   1.85e-22 (  1.67e+01,  6.50e+01)
15 -1624876.608   1.97e-01   1.46e-01   6.43e-02  -1.64e+00   2.25e-18 (  8.33e+01,  9.58e+01)
20 -1993236.380   2.04e-01   1.89e-01   8.37e-02  -2.02e+00   1.02e-14 (  9.60e+01,  1.22e+02)
25 -1831944.023   3.27e-01   4.38e-01   3.84e-01  -1.87e+00   1.72e-11 (  1.60e+02,  1.42e+02)
30 -1467424.960   3.39e-01   4.33e-01   3.86e-01  -1.50e+00   1.10e-08 (  1.57e+02,  1.54e+02)
35 -1550930.754   2.70e-01   2.80e-01   2.54e-01  -1.59e+00   2.69e-06 (  1.18e+02,  1.58e+02)
40     -6.588   3.14e-01   3.46e-01   3.76e-01  -8.75e-01   2.52e-04 (  1.28e+02,  1.56e+02)
45     -0.381   3.36e-01   4.05e-01   3.09e-01  -3.71e-01   9.22e-03 (  1.23e+02,  1.48e+02)
50      0.054   3.50e-01   4.68e-01   2.71e-01   1.16e-01   1.36e-01 (  1.14e+02,  1.35e+02)
55      0.163   3.52e-01   5.09e-01   3.33e-01   8.38e-01   8.38e-01 (  1.02e+02,  1.22e+02)
60      0.135   3.52e-01   5.68e-01   3.41e-01   2.04e+00   2.38e+00 (  8.73e+01,  1.08e+02)
65      0.192   4.45e-01   7.23e-01   4.29e-01   3.82e+00   3.67e+00 (  8.42e+01,  9.45e+01)
70      0.211   4.89e-01   7.77e-01   4.94e-01   4.12e+00   3.96e+00 (  7.42e+01,  8.22e+01)
75      0.215   4.94e-01   8.12e-01   5.55e-01   3.92e+00   3.79e+00 (  6.30e+01,  7.01e+01)
80      0.215   4.85e-01   8.29e-01   6.07e-01   3.71e+00   3.57e+00 (  5.28e+01,  5.83e+01)
85      0.200   4.38e-01   8.07e-01   6.32e-01   3.22e+00   3.37e+00 (  4.19e+01,  4.64e+01)
90      0.376   9.10e-01   1.51e+00   1.10e+00   9.79e+00   3.20e+00 (  1.86e+02,  3.42e+01)
95      0.246   5.15e-01   7.42e-01   5.41e-01   1.53e+01   3.05e+00 (  2.67e+02,  2.05e+01)
35 n: 1.189e-06 e: 1.490e-04 i: 8.441e-04 :: e: 3.154e-02 i: 4.096e-02 :: n: 2.163e+01 e:19.529 i:29.162 v:4.993e+03
>>> tau_he = 5.000000, nhe(0)=2.251361e+00
 5 -107392.272   7.96e-03   3.83e-01   2.38e-03  -1.08e-01   5.42e-27 (  2.56e+00,  3.19e+01)
10 -2149627.618   7.09e-02   1.44e-01   7.56e-03  -2.17e+00   1.85e-22 (  3.17e+01,  6.50e+01)
15 -1556119.824   1.97e-01   1.48e-01   7.10e-02  -1.57e+00   2.25e-18 (  8.29e+01,  9.58e+01)
20 -1956939.754   2.01e-01   1.87e-01   8.16e-02  -1.99e+00   1.02e-14 (  9.43e+01,  1.22e+02)
25 -2326865.889   1.96e-01   1.95e-01   1.65e-01  -2.37e+00   1.72e-11 (  9.39e+01,  1.42e+02)
30 -1123106.741   2.54e-01   2.50e-01   2.01e-01  -1.15e+00   1.10e-08 (  1.16e+02,  1.54e+02)
35 -914959.086   2.70e-01   2.72e-01   2.42e-01  -9.39e-01   2.69e-06 (  1.18e+02,  1.58e+02)
40     -6.503   3.12e-01   3.39e-01   3.64e-01  -8.64e-01   2.52e-04 (  1.27e+02,  1.56e+02)
45     -0.365   3.35e-01   3.96e-01   3.01e-01  -3.56e-01   9.22e-03 (  1.22e+02,  1.48e+02)
50      0.062   3.47e-01   4.57e-01   2.64e-01   1.33e-01   1.36e-01 (  1.12e+02,  1.35e+02)
55      0.164   3.49e-01   4.98e-01   3.26e-01   8.47e-01   8.38e-01 (  1.00e+02,  1.22e+02)
60      0.134   3.47e-01   5.57e-01   3.35e-01   2.03e+00   2.38e+00 (  8.54e+01,  1.08e+02)
65      0.191   4.39e-01   7.13e-01   4.24e-01   3.79e+00   3.67e+00 (  8.22e+01,  9.45e+01)
70      0.210   4.84e-01   7.71e-01   4.90e-01   4.11e+00   3.96e+00 (  7.28e+01,  8.22e+01)
75      0.216   4.93e-01   8.09e-01   5.54e-01   3.93e+00   3.79e+00 (  6.21e+01,  7.01e+01)
80      0.217   4.88e-01   8.32e-01   6.10e-01   3.75e+00   3.57e+00 (  5.23e+01,  5.83e+01)
85      0.203   4.44e-01   8.15e-01   6.39e-01   3.28e+00   3.37e+00 (  4.17e+01,  4.64e+01)
90      0.378   9.11e-01   1.51e+00   1.10e+00   9.83e+00   3.20e+00 (  1.86e+02,  3.42e+01)
95      0.246   5.15e-01   7.42e-01   5.41e-01   1.53e+01   3.05e+00 (  2.67e+02,  2.05e+01)
36 n: 1.623e-06 e: 4.490e-05 i: 9.902e-05 :: e: 1.448e-02 i: 2.070e-02 :: n: 2.163e+01 e:19.654 i:29.078 v:4.993e+03
>>> tau_he = 5.000000, nhe(0)=2.247608e+00
 5 -107678.653   7.89e-03   3.84e-01   2.39e-03  -1.09e-01   5.42e-27 (  2.55e+00,  3.19e+01)
10 -2166493.102   7.55e-02   1.43e-01   7.86e-03  -2.19e+00   1.85e-22 (  3.38e+01,  6.50e+01)
15 -1616880.780   1.98e-01   1.49e-01   7.28e-02  -1.64e+00   2.25e-18 (  8.39e+01,  9.58e+01)
20 -1970176.177   2.04e-01   1.89e-01   8.56e-02  -2.00e+00   1.02e-14 (  9.58e+01,  1.22e+02)
25 -2321743.302   2.02e-01   2.01e-01   1.64e-01  -2.37e+00   1.72e-11 (  9.75e+01,  1.42e+02)
30 -1882392.462   2.57e-01   2.59e-01   2.12e-01  -1.93e+00   1.10e-08 (  1.18e+02,  1.54e+02)
35 -1215398.224   3.38e-01   4.02e-01   3.81e-01  -1.25e+00   2.69e-06 (  1.49e+02,  1.58e+02)
40     -6.582   3.16e-01   3.48e-01   3.77e-01  -8.74e-01   2.52e-04 (  1.29e+02,  1.56e+02)
45     -0.386   3.36e-01   4.06e-01   3.10e-01  -3.73e-01   9.22e-03 (  1.23e+02,  1.48e+02)
50      0.053   3.50e-01   4.69e-01   2.72e-01   1.13e-01   1.36e-01 (  1.14e+02,  1.35e+02)
55      0.163   3.53e-01   5.10e-01   3.34e-01   8.39e-01   8.38e-01 (  1.02e+02,  1.22e+02)
60      0.135   3.53e-01   5.69e-01   3.42e-01   2.04e+00   2.38e+00 (  8.76e+01,  1.08e+02)
65      0.192   4.46e-01   7.24e-01   4.29e-01   3.82e+00   3.67e+00 (  8.44e+01,  9.45e+01)
70      0.211   4.89e-01   7.78e-01   4.94e-01   4.12e+00   3.96e+00 (  7.44e+01,  8.22e+01)
75      0.215   4.94e-01   8.12e-01   5.55e-01   3.92e+00   3.79e+00 (  6.31e+01,  7.01e+01)
80      0.215   4.85e-01   8.29e-01   6.08e-01   3.70e+00   3.57e+00 (  5.28e+01,  5.83e+01)
85      0.200   4.38e-01   8.07e-01   6.32e-01   3.22e+00   3.37e+00 (  4.19e+01,  4.64e+01)
90      0.376   9.10e-01   1.51e+00   1.10e+00   9.79e+00   3.20e+00 (  1.86e+02,  3.42e+01)
95      0.246   5.15e-01   7.42e-01   5.41e-01   1.53e+01   3.05e+00 (  2.67e+02,  2.05e+01)
37 n: 1.506e-06 e: 7.630e-05 i: 1.812e-04 :: e: 1.859e-02 i: 2.379e-02 :: n: 2.163e+01 e:19.544 i:29.156 v:4.993e+03
>>> tau_he = 5.000000, nhe(0)=2.250662e+00
 5 -106921.422   7.96e-03   3.86e-01   2.41e-03  -1.08e-01   5.42e-27 (  2.56e+00,  3.19e+01)
10 -2121491.882   7.40e-02   1.38e-01   7.95e-03  -2.14e+00   1.85e-22 (  3.28e+01,  6.50e+01)
15 -1596692.386   1.96e-01   1.45e-01   7.00e-02  -1.62e+00   2.25e-18 (  8.26e+01,  9.58e+01)
20 -1983528.938   2.01e-01   1.86e-01   8.50e-02  -2.01e+00   1.02e-14 (  9.40e+01,  1.22e+02)
25 -2299009.081   2.04e-01   2.00e-01   1.57e-01  -2.34e+00   1.72e-11 (  9.88e+01,  1.42e+02)
30 -1808695.344   2.56e-01   2.56e-01   2.07e-01  -1.85e+00   1.10e-08 (  1.18e+02,  1.54e+02)
35 -920307.642   2.69e-01   2.71e-01   2.42e-01  -9.45e-01   2.69e-06 (  1.17e+02,  1.58e+02)
40     -6.552   3.12e-01   3.38e-01   3.65e-01  -8.70e-01   2.52e-04 (  1.26e+02,  1.56e+02)
45     -0.374   3.35e-01   3.96e-01   3.01e-01  -3.62e-01   9.22e-03 (  1.22e+02,  1.48e+02)
50      0.060   3.47e-01   4.57e-01   2.64e-01   1.28e-01   1.36e-01 (  1.12e+02,  1.35e+02)
55      0.164   3.49e-01   4.98e-01   3.26e-01   8.44e-01   8.38e-01 (  1.00e+02,  1.22e+02)
60      0.134   3.47e-01   5.56e-01   3.35e-01   2.02e+00   2.38e+00 (  8.54e+01,  1.08e+02)
65      0.190   4.39e-01   7.13e-01   4.24e-01   3.79e+00   3.67e+00 (  8.23e+01,  9.45e+01)
70      0.210   4.84e-01   7.70e-01   4.90e-01   4.10e+00   3.96e+00 (  7.28e+01,  8.22e+01)
75      0.216   4.93e-01   8.09e-01   5.54e-01   3.93e+00   3.79e+00 (  6.21e+01,  7.01e+01)
80      0.217   4.88e-01   8.32e-01   6.10e-01   3.75e+00   3.57e+00 (  5.23e+01,  5.83e+01)
85      0.203   4.44e-01   8.15e-01   6.39e-01   3.28e+00   3.37e+00 (  4.17e+01,  4.64e+01)
90      0.378   9.11e-01   1.51e+00   1.10e+00   9.83e+00   3.20e+00 (  1.86e+02,  3.42e+01)
95      0.246   5.15e-01   7.42e-01   5.41e-01   1.53e+01   3.05e+00 (  2.67e+02,  2.05e+01)
38 n: 1.424e-06 e: 4.823e-05 i: 5.617e-05 :: e: 1.263e-02 i: 1.766e-02 :: n: 2.163e+01 e:19.674 i:29.106 v:4.993e+03
>>> tau_he = 5.000000, nhe(0)=2.248478e+00
 5 -107406.984   7.90e-03   3.87e-01   2.42e-03  -1.08e-01   5.42e-27 (  2.56e+00,  3.19e+01)
10 -2128116.512   7.40e-02   1.38e-01   7.87e-03  -2.15e+00   1.85e-22 (  3.29e+01,  6.50e+01)
15 -1612918.865   1.98e-01   1.47e-01   7.24e-02  -1.63e+00   2.25e-18 (  8.35e+01,  9.58e+01)
20 -1993598.172   2.04e-01   1.90e-01   8.39e-02  -2.02e+00   1.02e-14 (  9.62e+01,  1.22e+02)
25 -1844754.603   3.28e-01   4.38e-01   3.86e-01  -1.88e+00   1.72e-11 (  1.61e+02,  1.42e+02)
30 -1472752.699   3.40e-01   4.34e-01   3.86e-01  -1.51e+00   1.10e-08 (  1.58e+02,  1.54e+02)
35 -1220419.634   3.37e-01   4.00e-01   3.80e-01  -1.25e+00   2.69e-06 (  1.49e+02,  1.58e+02)
40     -6.608   3.15e-01   3.47e-01   3.76e-01  -8.77e-01   2.52e-04 (  1.28e+02,  1.56e+02)
45     -0.389   3.36e-01   4.06e-01   3.10e-01  -3.75e-01   9.22e-03 (  1.23e+02,  1.48e+02)
50      0.053   3.50e-01   4.68e-01   2.72e-01   1.12e-01   1.36e-01 (  1.14e+02,  1.35e+02)
55      0.163   3.52e-01   5.09e-01   3.34e-01   8.37e-01   8.38e-01 (  1.02e+02,  1.22e+02)
60      0.135   3.52e-01   5.68e-01   3.41e-01   2.04e+00   2.38e+00 (  8.73e+01,  1.08e+02)
65      0.192   4.45e-01   7.23e-01   4.29e-01   3.82e+00   3.67e+00 (  8.42e+01,  9.45e+01)
70      0.211   4.88e-01   7.77e-01   4.94e-01   4.12e+00   3.96e+00 (  7.42e+01,  8.22e+01)
75      0.215   4.93e-01   8.11e-01   5.55e-01   3.91e+00   3.79e+00 (  6.30e+01,  7.01e+01)
80      0.215   4.84e-01   8.28e-01   6.07e-01   3.70e+00   3.57e+00 (  5.27e+01,  5.83e+01)
85      0.200   4.38e-01   8.07e-01   6.32e-01   3.22e+00   3.37e+00 (  4.19e+01,  4.64e+01)
90      0.376   9.10e-01   1.51e+00   1.10e+00   9.79e+00   3.20e+00 (  1.86e+02,  3.42e+01)
95      0.246   5.15e-01   7.42e-01   5.41e-01   1.53e+01   3.05e+00 (  2.67e+02,  2.05e+01)
39 n: 1.256e-06 e: 1.220e-04 i: 5.220e-04 :: e: 3.115e-02 i: 4.003e-02 :: n: 2.163e+01 e:19.521 i:29.010 v:4.993e+03
>>> tau_he = 5.000000, nhe(0)=2.244439e+00
 5 -106769.800   7.90e-03   3.83e-01   2.40e-03  -1.08e-01   5.42e-27 (  2.56e+00,  3.19e+01)
10 -2123511.736   3.74e-02   6.93e-02   7.63e-03  -2.14e+00   1.85e-22 (  1.65e+01,  6.50e+01)
15 -1593609.946   1.96e-01   1.46e-01   7.10e-02  -1.61e+00   2.25e-18 (  8.22e+01,  9.58e+01)
20 -1944640.140   1.97e-01   1.86e-01   8.36e-02  -1.97e+00   1.02e-14 (  9.21e+01,  1.22e+02)
25 -2323170.819   1.96e-01   1.96e-01   1.65e-01  -2.37e+00   1.72e-11 (  9.40e+01,  1.42e+02)
30 -1124762.553   2.54e-01   2.50e-01   2.02e-01  -1.15e+00   1.10e-08 (  1.16e+02,  1.54e+02)
35 -934425.793   2.68e-01   2.69e-01   2.41e-01  -9.59e-01   2.69e-06 (  1.17e+02,  1.58e+02)
40     -6.568   3.12e-01   3.38e-01   3.64e-01  -8.72e-01   2.52e-04 (  1.27e+02,  1.56e+02)
45     -0.374   3.35e-01   3.96e-01   3.02e-01  -3.61e-01   9.22e-03 (  1.22e+02,  1.48e+02)
50      0.061   3.47e-01   4.57e-01   2.65e-01   1.29e-01   1.36e-01 (  1.12e+02,  1.35e+02)
55      0.164   3.49e-01   4.98e-01   3.26e-01   8.46e-01   8.38e-01 (  1.00e+02,  1.22e+02)
60      0.134   3.48e-01   5.57e-01   3.35e-01   2.03e+00   2.38e+00 (  8.54e+01,  1.08e+02)
65      0.191   4.39e-01   7.14e-01   4.24e-01   3.79e+00   3.67e+00 (  8.23e+01,  9.45e+01)
70      0.210   4.84e-01   7.71e-01   4.90e-01   4.11e+00   3.96e+00 (  7.28e+01,  8.22e+01)
75      0.216   4.93e-01   8.09e-01   5.54e-01   3.93e+00   3.79e+00 (  6.21e+01,  7.01e+01)
80      0.217   4.88e-01   8.32e-01   6.11e-01   3.75e+00   3.57e+00 (  5.23e+01,  5.83e+01)
85      0.203   4.44e-01   8.15e-01   6.39e-01   3.28e+00   3.37e+00 (  4.17e+01,  4.64e+01)
90      0.378   9.11e-01   1.51e+00   1.10e+00   9.83e+00   3.20e+00 (  1.86e+02,  3.42e+01)
95      0.246   5.15e-01   7.42e-01   5.41e-01   1.53e+01   3.05e+00 (  2.67e+02,  2.05e+01)
40 n: 1.397e-06 e: 3.401e-05 i: 1.977e-04 :: e: 1.908e-02 i: 2.505e-02 :: n: 2.163e+01 e:19.583 i:29.105 v:4.993e+03
>>> tau_he = 5.000000, nhe(0)=2.248207e+00
 5 -107205.820   7.91e-03   3.82e-01   2.38e-03  -1.08e-01   5.42e-27 (  2.54e+00,  3.19e+01)
10 -2137013.308   7.83e-02   1.39e-01   1.14e-02  -2.16e+00   1.85e-22 (  3.48e+01,  6.50e+01)
15 -1543025.348   1.97e-01   1.49e-01   7.32e-02  -1.56e+00   2.25e-18 (  8.28e+01,  9.58e+01)
20 -1945639.672   2.04e-01   1.89e-01   8.48e-02  -1.97e+00   1.02e-14 (  9.52e+01,  1.22e+02)
25 -2295578.915   2.01e-01   2.00e-01   1.63e-01  -2.34e+00   1.72e-11 (  9.69e+01,  1.42e+02)
30 -1861035.065   2.56e-01   2.57e-01   2.12e-01  -1.90e+00   1.10e-08 (  1.17e+02,  1.54e+02)
35 -1541529.992   2.69e-01   2.79e-01   2.53e-01  -1.58e+00   2.69e-06 (  1.18e+02,  1.58e+02)
40     -6.514   3.14e-01   3.46e-01   3.75e-01  -8.64e-01   2.52e-04 (  1.28e+02,  1.56e+02)
45     -0.380   3.36e-01   4.05e-01   3.10e-01  -3.65e-01   9.22e-03 (  1.22e+02,  1.48e+02)
50      0.056   3.50e-01   4.68e-01   2.72e-01   1.19e-01   1.36e-01 (  1.14e+02,  1.35e+02)
55      0.164   3.52e-01   5.09e-01   3.34e-01   8.43e-01   8.38e-01 (  1.02e+02,  1.22e+02)
60      0.135   3.52e-01   5.69e-01   3.42e-01   2.04e+00   2.38e+00 (  8.74e+01,  1.08e+02)
65      0.192   4.45e-01   7.24e-01   4.29e-01   3.82e+00   3.67e+00 (  8.42e+01,  9.45e+01)
70      0.211   4.89e-01   7.78e-01   4.94e-01   4.12e+00   3.96e+00 (  7.43e+01,  8.22e+01)
75      0.215   4.94e-01   8.12e-01   5.55e-01   3.92e+00   3.79e+00 (  6.30e+01,  7.01e+01)
80      0.215   4.85e-01   8.29e-01   6.08e-01   3.70e+00   3.57e+00 (  5.28e+01,  5.83e+01)
85      0.200   4.38e-01   8.08e-01   6.33e-01   3.22e+00   3.37e+00 (  4.19e+01,  4.64e+01)
90      0.376   9.10e-01   1.51e+00   1.10e+00   9.79e+00   3.20e+00 (  1.86e+02,  3.42e+01)
95      0.246   5.15e-01   7.42e-01   5.41e-01   1.53e+01   3.05e+00 (  2.67e+02,  2.05e+01)
41 n: 1.096e-06 e: 3.494e-05 i: 8.023e-05 :: e: 1.507e-02 i: 1.830e-02 :: n: 2.162e+01 e:19.563 i:29.187 v:4.993e+03
>>> tau_he = 5.000000, nhe(0)=2.251433e+00
 5 -107762.205   7.98e-03   3.87e-01   2.41e-03  -1.09e-01   5.42e-27 (  2.58e+00,  3.19e+01)
10 -2135370.055   7.49e-02   1.41e-01   7.85e-03  -2.16e+00   1.85e-22 (  3.32e+01,  6.50e+01)
15 -1594208.575   1.97e-01   1.46e-01   7.07e-02  -1.61e+00   2.25e-18 (  8.28e+01,  9.58e+01)
20 -1986288.521   2.01e-01   1.87e-01   8.49e-02  -2.02e+00   1.02e-14 (  9.44e+01,  1.22e+02)
25 -2304155.209   2.04e-01   2.01e-01   1.57e-01  -2.35e+00   1.72e-11 (  9.89e+01,  1.42e+02)
30 -1810293.320   2.57e-01   2.57e-01   2.08e-01  -1.85e+00   1.10e-08 (  1.18e+02,  1.54e+02)
35 -1551077.329   2.69e-01   2.76e-01   2.47e-01  -1.59e+00   2.69e-06 (  1.18e+02,  1.58e+02)
40     -6.547   3.12e-01   3.39e-01   3.66e-01  -8.68e-01   2.52e-04 (  1.27e+02,  1.56e+02)
45     -0.381   3.35e-01   3.97e-01   3.02e-01  -3.66e-01   9.22e-03 (  1.22e+02,  1.48e+02)
50      0.058   3.47e-01   4.58e-01   2.65e-01   1.23e-01   1.36e-01 (  1.12e+02,  1.35e+02)
55      0.164   3.49e-01   4.98e-01   3.26e-01   8.40e-01   8.38e-01 (  1.00e+02,  1.22e+02)
60      0.134   3.47e-01   5.56e-01   3.35e-01   2.02e+00   2.38e+00 (  8.54e+01,  1.08e+02)
65      0.190   4.40e-01   7.13e-01   4.23e-01   3.78e+00   3.67e+00 (  8.24e+01,  9.45e+01)
70      0.210   4.84e-01   7.70e-01   4.90e-01   4.10e+00   3.96e+00 (  7.29e+01,  8.22e+01)
75      0.215   4.92e-01   8.09e-01   5.54e-01   3.92e+00   3.79e+00 (  6.22e+01,  7.01e+01)
80      0.217   4.87e-01   8.31e-01   6.10e-01   3.74e+00   3.57e+00 (  5.23e+01,  5.83e+01)
85      0.203   4.43e-01   8.14e-01   6.38e-01   3.27e+00   3.37e+00 (  4.17e+01,  4.64e+01)
90      0.378   9.11e-01   1.51e+00   1.10e+00   9.83e+00   3.20e+00 (  1.86e+02,  3.42e+01)
95      0.246   5.15e-01   7.42e-01   5.41e-01   1.53e+01   3.05e+00 (  2.67e+02,  2.05e+01)
42 n: 1.134e-06 e: 3.522e-05 i: 6.226e-05 :: e: 1.192e-02 i: 1.654e-02 :: n: 2.162e+01 e:19.664 i:29.176 v:4.993e+03
>>> tau_he = 5.000000, nhe(0)=2.251023e+00
 5 -108037.853   7.95e-03   3.88e-01   2.42e-03  -1.09e-01   5.42e-27 (  2.58e+00,  3.19e+01)
10 -2130989.158   7.46e-02   1.39e-01   7.78e-03  -2.15e+00   1.85e-22 (  3.31e+01,  6.50e+01)
15 -1604263.507   1.99e-01   1.47e-01   7.23e-02  -1.62e+00   2.25e-18 (  8.35e+01,  9.58e+01)
20 -1995128.902   2.04e-01   1.90e-01   8.29e-02  -2.03e+00   1.02e-14 (  9.61e+01,  1.22e+02)
25 -1849892.337   3.28e-01   4.38e-01   3.84e-01  -1.88e+00   1.72e-11 (  1.61e+02,  1.42e+02)
30 -1476176.714   3.40e-01   4.34e-01   3.85e-01  -1.51e+00   1.10e-08 (  1.58e+02,  1.54e+02)
35 -1217385.167   3.38e-01   4.02e-01   3.79e-01  -1.25e+00   2.69e-06 (  1.50e+02,  1.58e+02)
40     -6.588   3.15e-01   3.46e-01   3.75e-01  -8.73e-01   2.52e-04 (  1.28e+02,  1.56e+02)
45     -0.389   3.35e-01   4.05e-01   3.09e-01  -3.73e-01   9.22e-03 (  1.22e+02,  1.48e+02)
50      0.054   3.49e-01   4.67e-01   2.71e-01   1.14e-01   1.36e-01 (  1.13e+02,  1.35e+02)
55      0.163   3.51e-01   5.08e-01   3.33e-01   8.38e-01   8.38e-01 (  1.02e+02,  1.22e+02)
60      0.134   3.51e-01   5.67e-01   3.40e-01   2.03e+00   2.38e+00 (  8.70e+01,  1.08e+02)
65      0.192   4.44e-01   7.22e-01   4.28e-01   3.81e+00   3.67e+00 (  8.39e+01,  9.45e+01)
70      0.211   4.88e-01   7.76e-01   4.93e-01   4.11e+00   3.96e+00 (  7.40e+01,  8.22e+01)
75      0.215   4.93e-01   8.11e-01   5.54e-01   3.91e+00   3.79e+00 (  6.28e+01,  7.01e+01)
80      0.215   4.84e-01   8.28e-01   6.07e-01   3.70e+00   3.57e+00 (  5.26e+01,  5.83e+01)
85      0.200   4.38e-01   8.07e-01   6.32e-01   3.23e+00   3.37e+00 (  4.18e+01,  4.64e+01)
90      0.377   9.10e-01   1.51e+00   1.10e+00   9.80e+00   3.20e+00 (  1.86e+02,  3.42e+01)
95      0.246   5.15e-01   7.42e-01   5.41e-01   1.53e+01   3.05e+00 (  2.67e+02,  2.05e+01)
43 n: 7.036e-07 e: 9.705e-05 i: 5.175e-04 :: e: 3.076e-02 i: 3.963e-02 :: n: 2.162e+01 e:19.552 i:29.053 v:4.993e+03
>>> tau_he = 5.000000, nhe(0)=2.245993e+00
 5 -107559.649   7.92e-03   3.84e-01   2.40e-03  -1.08e-01   5.42e-27 (  2.57e+00,  3.19e+01)
10 -2116304.975   7.40e-02   1.39e-01   7.70e-03  -2.14e+00   1.85e-22 (  3.27e+01,  6.50e+01)
15 -1592051.156   1.97e-01   1.47e-01   7.17e-02  -1.61e+00   2.25e-18 (  8.26e+01,  9.58e+01)
20 -1962263.523   2.02e-01   1.87e-01   8.35e-02  -1.99e+00   1.02e-14 (  9.45e+01,  1.22e+02)
25 -2332285.258   1.97e-01   1.96e-01   1.66e-01  -2.38e+00   1.72e-11 (  9.44e+01,  1.42e+02)
30 -1128949.486   2.55e-01   2.51e-01   2.03e-01  -1.15e+00   1.10e-08 (  1.16e+02,  1.54e+02)
35 -932987.046   2.70e-01   2.71e-01   2.42e-01  -9.58e-01   2.69e-06 (  1.18e+02,  1.58e+02)
40     -6.591   3.13e-01   3.40e-01   3.66e-01  -8.74e-01   2.52e-04 (  1.27e+02,  1.56e+02)
45     -0.380   3.36e-01   3.98e-01   3.03e-01  -3.65e-01   9.22e-03 (  1.22e+02,  1.48e+02)
50      0.059   3.48e-01   4.59e-01   2.66e-01   1.25e-01   1.36e-01 (  1.12e+02,  1.35e+02)
55      0.164   3.49e-01   5.00e-01   3.27e-01   8.44e-01   8.38e-01 (  1.01e+02,  1.22e+02)
60      0.134   3.48e-01   5.58e-01   3.36e-01   2.03e+00   2.38e+00 (  8.57e+01,  1.08e+02)
65      0.191   4.40e-01   7.15e-01   4.24e-01   3.79e+00   3.67e+00 (  8.26e+01,  9.45e+01)
70      0.210   4.85e-01   7.71e-01   4.90e-01   4.11e+00   3.96e+00 (  7.30e+01,  8.22e+01)
75      0.216   4.93e-01   8.09e-01   5.54e-01   3.93e+00   3.79e+00 (  6.22e+01,  7.01e+01)
80      0.217   4.87e-01   8.31e-01   6.10e-01   3.74e+00   3.57e+00 (  5.24e+01,  5.83e+01)
85      0.203   4.43e-01   8.14e-01   6.38e-01   3.27e+00   3.37e+00 (  4.17e+01,  4.64e+01)
90      0.378   9.11e-01   1.51e+00   1.10e+00   9.83e+00   3.20e+00 (  1.86e+02,  3.42e+01)
95      0.246   5.15e-01   7.42e-01   5.41e-01   1.53e+01   3.05e+00 (  2.67e+02,  2.05e+01)
44 n: 7.589e-07 e: 1.767e-05 i: 7.549e-05 :: e: 1.402e-02 i: 1.886e-02 :: n: 2.162e+01 e:19.582 i:28.997 v:4.993e+03
>>> tau_he = 5.000000, nhe(0)=2.243522e+00
 5 -106798.304   7.87e-03   3.83e-01   2.40e-03  -1.08e-01   5.42e-27 (  2.55e+00,  3.19e+01)
10 -2113240.601   3.69e-02   6.91e-02   7.42e-03  -2.13e+00   1.85e-22 (  1.63e+01,  6.50e+01)
15 -1586098.698   1.97e-01   1.46e-01   7.27e-02  -1.61e+00   2.25e-18 (  8.22e+01,  9.58e+01)
20 -1957255.195   2.02e-01   1.88e-01   8.70e-02  -1.99e+00   1.02e-14 (  9.45e+01,  1.22e+02)
25 -2307206.466   2.01e-01   2.00e-01   1.64e-01  -2.35e+00   1.72e-11 (  9.66e+01,  1.42e+02)
30 -1871558.206   2.56e-01   2.57e-01   2.11e-01  -1.91e+00   1.10e-08 (  1.17e+02,  1.54e+02)
35 -1214632.061   3.36e-01   3.98e-01   3.77e-01  -1.25e+00   2.69e-06 (  1.47e+02,  1.58e+02)
40     -6.548   3.14e-01   3.46e-01   3.75e-01  -8.68e-01   2.52e-04 (  1.28e+02,  1.56e+02)
45     -0.385   3.35e-01   4.04e-01   3.09e-01  -3.69e-01   9.22e-03 (  1.22e+02,  1.48e+02)
50      0.055   3.50e-01   4.67e-01   2.71e-01   1.16e-01   1.36e-01 (  1.13e+02,  1.35e+02)
55      0.164   3.52e-01   5.08e-01   3.33e-01   8.40e-01   8.38e-01 (  1.02e+02,  1.22e+02)
60      0.135   3.52e-01   5.67e-01   3.41e-01   2.04e+00   2.38e+00 (  8.71e+01,  1.08e+02)
65      0.192   4.45e-01   7.22e-01   4.28e-01   3.82e+00   3.67e+00 (  8.40e+01,  9.45e+01)
70      0.211   4.88e-01   7.77e-01   4.93e-01   4.12e+00   3.96e+00 (  7.41e+01,  8.22e+01)
75      0.215   4.94e-01   8.11e-01   5.55e-01   3.92e+00   3.79e+00 (  6.29e+01,  7.01e+01)
80      0.215   4.85e-01   8.29e-01   6.08e-01   3.71e+00   3.57e+00 (  5.27e+01,  5.83e+01)
85      0.200   4.39e-01   8.08e-01   6.33e-01   3.23e+00   3.37e+00 (  4.19e+01,  4.64e+01)
90      0.377   9.10e-01   1.51e+00   1.10e+00   9.80e+00   3.20e+00 (  1.86e+02,  3.42e+01)
95      0.246   5.15e-01   7.42e-01   5.41e-01   1.53e+01   3.05e+00 (  2.67e+02,  2.05e+01)
45 n: 7.148e-07 e: 5.384e-05 i: 2.971e-04 :: e: 1.890e-02 i: 2.470e-02 :: n: 2.162e+01 e:19.522 i:29.213 v:4.993e+03
>>> tau_he = 5.000000, nhe(0)=2.252423e+00
 5 -107392.376   7.99e-03   3.85e-01   2.40e-03  -1.08e-01   5.42e-27 (  2.57e+00,  3.19e+01)
10 -2132854.133   7.52e-02   1.42e-01   7.68e-03  -2.15e+00   1.85e-22 (  3.33e+01,  6.50e+01)
15 -1576251.762   1.98e-01   1.47e-01   7.10e-02  -1.60e+00   2.25e-18 (  8.25e+01,  9.58e+01)
20 -1963273.973   2.02e-01   1.87e-01   8.44e-02  -1.99e+00   1.02e-14 (  9.44e+01,  1.22e+02)
25 -2282573.076   2.04e-01   2.01e-01   1.57e-01  -2.33e+00   1.72e-11 (  9.89e+01,  1.42e+02)
30 -1795545.519   2.56e-01   2.56e-01   2.08e-01  -1.84e+00   1.10e-08 (  1.17e+02,  1.54e+02)
35 -920622.661   2.68e-01   2.70e-01   2.43e-01  -9.45e-01   2.69e-06 (  1.17e+02,  1.58e+02)
40     -6.530   3.12e-01   3.39e-01   3.66e-01  -8.66e-01   2.52e-04 (  1.26e+02,  1.56e+02)
45     -0.377   3.35e-01   3.97e-01   3.03e-01  -3.61e-01   9.22e-03 (  1.22e+02,  1.48e+02)
50      0.060   3.47e-01   4.58e-01   2.66e-01   1.26e-01   1.36e-01 (  1.12e+02,  1.35e+02)
55      0.164   3.49e-01   4.99e-01   3.27e-01   8.43e-01   8.38e-01 (  1.00e+02,  1.22e+02)
60      0.134   3.48e-01   5.57e-01   3.36e-01   2.02e+00   2.38e+00 (  8.55e+01,  1.08e+02)
65      0.191   4.40e-01   7.14e-01   4.24e-01   3.79e+00   3.67e+00 (  8.25e+01,  9.45e+01)
70      0.210   4.85e-01   7.71e-01   4.90e-01   4.11e+00   3.96e+00 (  7.30e+01,  8.22e+01)
75      0.216   4.93e-01   8.09e-01   5.54e-01   3.93e+00   3.79e+00 (  6.22e+01,  7.01e+01)
80      0.217   4.87e-01   8.31e-01   6.10e-01   3.74e+00   3.57e+00 (  5.24e+01,  5.83e+01)
85      0.203   4.43e-01   8.14e-01   6.38e-01   3.27e+00   3.37e+00 (  4.17e+01,  4.64e+01)
90      0.378   9.11e-01   1.51e+00   1.10e+00   9.83e+00   3.20e+00 (  1.86e+02,  3.42e+01)
95      0.246   5.15e-01   7.42e-01   5.41e-01   1.53e+01   3.05e+00 (  2.67e+02,  2.05e+01)
46 n: 9.209e-07 e: 4.361e-05 i: 6.387e-05 :: e: 1.274e-02 i: 1.765e-02 :: n: 2.162e+01 e:19.660 i:29.179 v:4.993e+03
>>> tau_he = 5.000000, nhe(0)=2.250938e+00
 5 -108491.151   7.96e-03   3.87e-01   2.41e-03  -1.09e-01   5.42e-27 (  2.58e+00,  3.19e+01)
10 -2148544.459   7.53e-02   1.42e-01   7.77e-03  -2.17e+00   1.85e-22 (  3.35e+01,  6.50e+01)
15 -1602098.726   1.99e-01   1.48e-01   7.26e-02  -1.62e+00   2.25e-18 (  8.36e+01,  9.58e+01)
20 -1986361.941   2.05e-01   1.90e-01   8.22e-02  -2.02e+00   1.02e-14 (  9.64e+01,  1.22e+02)
25 -1834050.584   3.28e-01   4.38e-01   3.84e-01  -1.87e+00   1.72e-11 (  1.61e+02,  1.42e+02)
30 -1469854.995   3.40e-01   4.33e-01   3.85e-01  -1.50e+00   1.10e-08 (  1.58e+02,  1.54e+02)
35 -1554281.248   2.70e-01   2.80e-01   2.53e-01  -1.60e+00   2.69e-06 (  1.19e+02,  1.58e+02)
40     -6.601   3.14e-01   3.46e-01   3.75e-01  -8.75e-01   2.52e-04 (  1.28e+02,  1.56e+02)
45     -0.391   3.36e-01   4.05e-01   3.09e-01  -3.74e-01   9.22e-03 (  1.22e+02,  1.48e+02)
50      0.053   3.50e-01   4.67e-01   2.71e-01   1.13e-01   1.36e-01 (  1.13e+02,  1.35e+02)
55      0.163   3.52e-01   5.08e-01   3.33e-01   8.37e-01   8.38e-01 (  1.02e+02,  1.22e+02)
60      0.134   3.51e-01   5.67e-01   3.40e-01   2.03e+00   2.38e+00 (  8.70e+01,  1.08e+02)
65      0.192   4.44e-01   7.22e-01   4.28e-01   3.81e+00   3.67e+00 (  8.40e+01,  9.45e+01)
70      0.211   4.88e-01   7.76e-01   4.93e-01   4.12e+00   3.96e+00 (  7.40e+01,  8.22e+01)
75      0.215   4.93e-01   8.11e-01   5.54e-01   3.91e+00   3.79e+00 (  6.29e+01,  7.01e+01)
80      0.215   4.85e-01   8.29e-01   6.08e-01   3.71e+00   3.57e+00 (  5.27e+01,  5.83e+01)
85      0.200   4.39e-01   8.08e-01   6.33e-01   3.23e+00   3.37e+00 (  4.18e+01,  4.64e+01)
90      0.377   9.10e-01   1.51e+00   1.10e+00   9.80e+00   3.20e+00 (  1.86e+02,  3.42e+01)
95      0.246   5.15e-01   7.42e-01   5.41e-01   1.53e+01   3.05e+00 (  2.67e+02,  2.05e+01)
47 n: 7.148e-07 e: 1.374e-04 i: 6.778e-04 :: e: 2.751e-02 i: 3.555e-02 :: n: 2.162e+01 e:19.542 i:29.088 v:4.993e+03
>>> tau_he = 5.000000, nhe(0)=2.247216e+00
 5 -107745.684   7.95e-03   3.84e-01   2.40e-03  -1.09e-01   5.42e-27 (  2.58e+00,  3.19e+01)
10 -2122466.814   7.44e-02   1.40e-01   7.69e-03  -2.14e+00   1.85e-22 (  3.29e+01,  6.50e+01)
15 -1585462.044   1.97e-01   1.47e-01   7.16e-02  -1.60e+00   2.25e-18 (  8.25e+01,  9.58e+01)
20 -1959590.473   2.01e-01   1.87e-01   8.36e-02  -1.99e+00   1.02e-14 (  9.42e+01,  1.22e+02)
25 -2333328.851   1.96e-01   1.96e-01   1.66e-01  -2.38e+00   1.72e-11 (  9.41e+01,  1.42e+02)
30 -1127674.764   2.55e-01   2.51e-01   2.02e-01  -1.15e+00   1.10e-08 (  1.16e+02,  1.54e+02)
35 -1579284.568   2.70e-01   2.75e-01   2.47e-01  -1.62e+00   2.69e-06 (  1.18e+02,  1.58e+02)
40     -6.547   3.13e-01   3.40e-01   3.66e-01  -8.68e-01   2.52e-04 (  1.27e+02,  1.56e+02)
45     -0.379   3.36e-01   3.97e-01   3.03e-01  -3.63e-01   9.22e-03 (  1.22e+02,  1.48e+02)
50      0.060   3.47e-01   4.59e-01   2.66e-01   1.26e-01   1.36e-01 (  1.12e+02,  1.35e+02)
55      0.165   3.49e-01   4.99e-01   3.27e-01   8.44e-01   8.38e-01 (  1.00e+02,  1.22e+02)
60      0.134   3.48e-01   5.58e-01   3.36e-01   2.03e+00   2.38e+00 (  8.56e+01,  1.08e+02)
65      0.191   4.40e-01   7.14e-01   4.24e-01   3.79e+00   3.67e+00 (  8.25e+01,  9.45e+01)
70      0.210   4.85e-01   7.71e-01   4.90e-01   4.11e+00   3.96e+00 (  7.30e+01,  8.22e+01)
75      0.216   4.93e-01   8.09e-01   5.54e-01   3.93e+00   3.79e+00 (  6.22e+01,  7.01e+01)
80      0.217   4.87e-01   8.31e-01   6.10e-01   3.74e+00   3.57e+00 (  5.24e+01,  5.83e+01)
85      0.203   4.43e-01   8.14e-01   6.38e-01   3.27e+00   3.37e+00 (  4.17e+01,  4.64e+01)
90      0.378   9.11e-01   1.51e+00   1.10e+00   9.83e+00   3.20e+00 (  1.86e+02,  3.42e+01)
95      0.246   5.15e-01   7.42e-01   5.41e-01   1.53e+01   3.05e+00 (  2.67e+02,  2.05e+01)
48 n: 8.275e-07 e: 2.085e-05 i: 8.309e-05 :: e: 1.399e-02 i: 1.851e-02 :: n: 2.162e+01 e:19.597 i:29.028 v:4.993e+03
>>> tau_he = 5.000000, nhe(0)=2.244651e+00
 5 -107140.387   7.89e-03   3.84e-01   2.40e-03  -1.08e-01   5.42e-27 (  2.56e+00,  3.19e+01)
10 -2121965.319   3.71e-02   6.94e-02   7.49e-03  -2.14e+00   1.85e-22 (  1.63e+01,  6.50e+01)
15 -1584065.787   1.97e-01   1.47e-01   7.30e-02  -1.60e+00   2.25e-18 (  8.24e+01,  9.58e+01)
20 -1959474.965   2.02e-01   1.88e-01   8.72e-02  -1.99e+00   1.02e-14 (  9.47e+01,  1.22e+02)
25 -2309432.467   1.96e-01   2.00e-01   1.64e-01  -2.35e+00   1.72e-11 (  9.45e+01,  1.42e+02)
30 -1878322.268   2.57e-01   2.58e-01   2.11e-01  -1.92e+00   1.10e-08 (  1.18e+02,  1.54e+02)
35 -1214472.662   3.38e-01   4.01e-01   3.79e-01  -1.25e+00   2.69e-06 (  1.49e+02,  1.58e+02)
40     -6.563   3.15e-01   3.46e-01   3.75e-01  -8.70e-01   2.52e-04 (  1.28e+02,  1.56e+02)
45     -0.389   3.36e-01   4.05e-01   3.09e-01  -3.71e-01   9.22e-03 (  1.22e+02,  1.48e+02)
50      0.054   3.50e-01   4.67e-01   2.71e-01   1.14e-01   1.36e-01 (  1.13e+02,  1.35e+02)
55      0.164   3.52e-01   5.08e-01   3.33e-01   8.38e-01   8.38e-01 (  1.02e+02,  1.22e+02)
60      0.135   3.52e-01   5.67e-01   3.41e-01   2.03e+00   2.38e+00 (  8.71e+01,  1.08e+02)
65      0.192   4.45e-01   7.22e-01   4.28e-01   3.81e+00   3.67e+00 (  8.40e+01,  9.45e+01)
70      0.211   4.88e-01   7.77e-01   4.93e-01   4.12e+00   3.96e+00 (  7.41e+01,  8.22e+01)
75      0.215   4.94e-01   8.11e-01   5.55e-01   3.91e+00   3.79e+00 (  6.29e+01,  7.01e+01)
80      0.215   4.85e-01   8.29e-01   6.08e-01   3.71e+00   3.57e+00 (  5.27e+01,  5.83e+01)
85      0.200   4.39e-01   8.08e-01   6.33e-01   3.23e+00   3.37e+00 (  4.19e+01,  4.64e+01)
90      0.377   9.10e-01   1.51e+00   1.10e+00   9.80e+00   3.20e+00 (  1.86e+02,  3.42e+01)
95      0.246   5.15e-01   7.42e-01   5.41e-01   1.53e+01   3.05e+00 (  2.67e+02,  2.05e+01)
49 n: 7.567e-07 e: 6.217e-05 i: 3.074e-04 :: e: 1.985e-02 i: 2.514e-02 :: n: 2.162e+01 e:19.528 i:29.258 v:4.993e+03
 plasma volume = 147.858935
 stored energy(e,i,b,a) = 4.418126e+01 4.547247e+01 0.000000e+00 0.000000e+00
 betan = 1.021818
*power
 Pnb(e,i) = 0.000000e+00 0.000000e+00
 Prf(e,i) = 3.597545e+00 3.640830e+01
 Prad     = -5.890577e+01 
 Pei      = 1.784741e+01 
 Pfuse    = 3.809694e+01 
 Pfusi    = 1.077916e+01 
 Poh      = 0.000000e+00 
*confinement time
 taut, tauITER98y2, H98y2 : 2.990833e+00 2.885095e+00 1.036650e+00
 taue, taui : 6.945409e+01 -6.433345e+00
 taut, tau89, H89 : 2.990833e+00 1.245715e+00 2.400898e+00
*temperature
 nea, nebar : 1.774486e+01 1.940546e+01 
 tea, tia : 6.325548e+00 7.027909e+00 (9.000612e-01)
 te0, ti0 : 1.723410e+01 2.436019e+01 (7.074700e-01)
 Sn : 6.709489e+02 
*current balance
 Ip,Ibs,Inb,Irf: 1.000000e+01 1.387636e+00 0.000000e+00 7.107695e-02
 fni,fbs: 0.146 0.139

 plasma volume = 147.858935
 stored energy(e,i,b,a) = 4.418126e+01 4.547247e+01 0.000000e+00 0.000000e+00
 betan = 1.021818
*power
 Pnb(e,i) = 0.000000e+00 0.000000e+00
 Prf(e,i) = 3.597545e+00 3.640830e+01
 Prad     = -5.890577e+01 
 Pei      = 1.784741e+01 
 Pfuse    = 3.809694e+01 
 Pfusi    = 1.077916e+01 
 Poh      = 0.000000e+00 
*confinement time
 taut, tauITER98y2, H98y2 : 2.990833e+00 2.885095e+00 1.036650e+00
 taue, taui : 6.945409e+01 -6.433345e+00
 taut, tau89, H89 : 2.990833e+00 1.245715e+00 2.400898e+00
*temperature
 nea, nebar : 1.774486e+01 1.940546e+01 
 tea, tia : 6.325548e+00 7.027909e+00 (9.000612e-01)
 te0, ti0 : 1.723410e+01 2.436019e+01 (7.074700e-01)
 Sn : 6.709489e+02 
*current balance
 Ip,Ibs,Inb,Irf: 1.000000e+01 1.387636e+00 0.000000e+00 7.107695e-02
 fni,fbs: 0.146 0.139
 ELAPASED TIME = 44 sec

finalize
