Major radius (central)
   0.461208558E+01
Major radius (axis)
   0.478101354E+01
Magnetic field at major radius
   0.108519235E+02
Total toroidal current
   0.125753267E+02
Number of poloidal modes
   16
Number of radial mesh points
  151
Radial mesh: sqrt(Psi/Psilim)
   0.000000000E+00   0.795332106E-02   0.159011372E-01   0.238436236E-01
   0.317802225E-01   0.397103643E-01   0.476335907E-01   0.555496615E-01
   0.634586338E-01   0.713608866E-01   0.792570665E-01   0.871479705E-01
   0.950344134E-01   0.102917101E+00   0.110796521E+00   0.118672871E+00
   0.126546047E+00   0.134415694E+00   0.142281283E+00   0.150142195E+00
   0.157997781E+00   0.165847397E+00   0.173690418E+00   0.181526243E+00
   0.189354300E+00   0.197174053E+00   0.204984987E+00   0.212786589E+00
   0.220578365E+00   0.228359885E+00   0.236130844E+00   0.243891058E+00
   0.251640417E+00   0.259378815E+00   0.267106118E+00   0.274822171E+00
   0.282526805E+00   0.290219819E+00   0.297900947E+00   0.305569857E+00
   0.313226177E+00   0.320869529E+00   0.328499550E+00   0.336115882E+00
   0.343718160E+00   0.351306009E+00   0.358879051E+00   0.366436925E+00
   0.373979293E+00   0.381505834E+00   0.389016231E+00   0.396510161E+00
   0.403987295E+00   0.411447306E+00   0.418889864E+00   0.426314640E+00
   0.433721301E+00   0.441109509E+00   0.448478930E+00   0.455829236E+00
   0.463160106E+00   0.470471226E+00   0.477762283E+00   0.485032966E+00
   0.492282964E+00   0.499511964E+00   0.506719651E+00   0.513905703E+00
   0.521069794E+00   0.528211595E+00   0.535330775E+00   0.542427003E+00
   0.549499948E+00   0.556549279E+00   0.563574666E+00   0.570575781E+00
   0.577552300E+00   0.584503895E+00   0.591430238E+00   0.598330998E+00
   0.605205846E+00   0.612054447E+00   0.618876467E+00   0.625671572E+00
   0.632439421E+00   0.639179675E+00   0.645891992E+00   0.652576031E+00
   0.659231447E+00   0.665857896E+00   0.672455031E+00   0.679022504E+00
   0.685559968E+00   0.692067071E+00   0.698543465E+00   0.704988798E+00
   0.711402717E+00   0.717784869E+00   0.724134898E+00   0.730452446E+00
   0.736737151E+00   0.742988652E+00   0.749206582E+00   0.755390572E+00
   0.761540250E+00   0.767655243E+00   0.773735176E+00   0.779779669E+00
   0.785788342E+00   0.791760812E+00   0.797696691E+00   0.803595590E+00
   0.809457118E+00   0.815280877E+00   0.821066468E+00   0.826813487E+00
   0.832521523E+00   0.838190164E+00   0.843818991E+00   0.849407581E+00
   0.854955503E+00   0.860462323E+00   0.865927599E+00   0.871350881E+00
   0.876731711E+00   0.882069622E+00   0.887364133E+00   0.892614750E+00
   0.897820964E+00   0.902982257E+00   0.908098095E+00   0.913167936E+00
   0.918191226E+00   0.923167403E+00   0.928095892E+00   0.932976115E+00
   0.937807487E+00   0.942589418E+00   0.947321325E+00   0.952002627E+00
   0.956632752E+00   0.961211130E+00   0.965737180E+00   0.970210285E+00
   0.974629797E+00   0.978995084E+00   0.983305634E+00   0.987561158E+00
   0.991761690E+00   0.995907665E+00   0.100000000E+01
Fourier equilibrium coefficients
   0.478101354E+01   0.478100722E+01   0.478098828E+01   0.478095671E+01
   0.478091252E+01   0.478085569E+01   0.478078624E+01   0.478070416E+01
   0.478060945E+01   0.478050212E+01   0.478038216E+01   0.478024957E+01
   0.478010435E+01   0.477994650E+01   0.477977603E+01   0.477959293E+01
   0.477939720E+01   0.477918885E+01   0.477896786E+01   0.477873425E+01
   0.477848802E+01   0.477822915E+01   0.477795766E+01   0.477767423E+01
   0.477737957E+01   0.477707383E+01   0.477675723E+01   0.477642998E+01
   0.477609229E+01   0.477574436E+01   0.477538638E+01   0.477501851E+01
   0.477464093E+01   0.477425381E+01   0.477385730E+01   0.477345159E+01
   0.477303686E+01   0.477261329E+01   0.477218110E+01   0.477174050E+01
   0.477129171E+01   0.477083493E+01   0.477037035E+01   0.476989817E+01
   0.476941859E+01   0.476893180E+01   0.476843800E+01   0.476793733E+01
   0.476742995E+01   0.476691597E+01   0.476639552E+01   0.476586871E+01
   0.476533567E+01   0.476479649E+01   0.476425129E+01   0.476370016E+01
   0.476314319E+01   0.476258048E+01   0.476201209E+01   0.476143813E+01
   0.476085867E+01   0.476027380E+01   0.475968360E+01   0.475908812E+01
   0.475848745E+01   0.475788166E+01   0.475727083E+01   0.475665504E+01
   0.475603436E+01   0.475540886E+01   0.475477859E+01   0.475414363E+01
   0.475350405E+01   0.475285992E+01   0.475221131E+01   0.475155829E+01
   0.475090094E+01   0.475023931E+01   0.474957349E+01   0.474890355E+01
   0.474822956E+01   0.474755160E+01   0.474686974E+01   0.474618406E+01
   0.474549463E+01   0.474480155E+01   0.474410488E+01   0.474340471E+01
   0.474270113E+01   0.474199424E+01   0.474128413E+01   0.474057090E+01
   0.473985464E+01   0.473913545E+01   0.473841341E+01   0.473768866E+01
   0.473696131E+01   0.473623150E+01   0.473549933E+01   0.473476492E+01
   0.473402841E+01   0.473328993E+01   0.473254965E+01   0.473180772E+01
   0.473106431E+01   0.473031956E+01   0.472957367E+01   0.472882680E+01
   0.472807917E+01   0.472733097E+01   0.472658244E+01   0.472583379E+01
   0.472508527E+01   0.472433713E+01   0.472358963E+01   0.472284304E+01
   0.472209767E+01   0.472135384E+01   0.472061186E+01   0.471987208E+01
   0.471913486E+01   0.471840053E+01   0.471766948E+01   0.471694207E+01
   0.471621867E+01   0.471549967E+01   0.471478545E+01   0.471407639E+01
   0.471337278E+01   0.471267491E+01   0.471198298E+01   0.471129697E+01
   0.471061677E+01   0.470994208E+01   0.470927178E+01   0.470860456E+01
   0.470793889E+01   0.470727221E+01   0.470660176E+01   0.470592496E+01
   0.470524005E+01   0.470454547E+01   0.470384004E+01   0.470312407E+01
   0.470239826E+01   0.470166522E+01   0.470093516E+01   0.470022025E+01
   0.469953262E+01   0.469888442E+01   0.469828780E+01
   0.576043741E-01   0.576038222E-01   0.576021664E-01   0.575994069E-01
   0.575955435E-01   0.575905763E-01   0.575845052E-01   0.575773304E-01
   0.575690517E-01   0.575596692E-01   0.575491829E-01   0.575375927E-01
   0.575248987E-01   0.575111009E-01   0.574961993E-01   0.574801939E-01
   0.574630846E-01   0.574448715E-01   0.574255546E-01   0.574051338E-01
   0.573836093E-01   0.573609809E-01   0.573372486E-01   0.573124502E-01
   0.572866230E-01   0.572597799E-01   0.572319484E-01   0.572031599E-01
   0.571734377E-01   0.571427727E-01   0.571111479E-01   0.570785552E-01
   0.570450236E-01   0.570105911E-01   0.569752854E-01   0.569390938E-01
   0.569019931E-01   0.568639702E-01   0.568250529E-01   0.567852789E-01
   0.567446775E-01   0.567032435E-01   0.566609637E-01   0.566178289E-01
   0.565738486E-01   0.565290367E-01   0.564834044E-01   0.564369515E-01
   0.563896749E-01   0.563415708E-01   0.562926324E-01   0.562428521E-01
   0.561922237E-01   0.561407473E-01   0.560884243E-01   0.560352524E-01
   0.559812137E-01   0.559262864E-01   0.558704523E-01   0.558137083E-01
   0.557560548E-01   0.556974876E-01   0.556379838E-01   0.555775154E-01
   0.555160582E-01   0.554536018E-01   0.553901395E-01   0.553256605E-01
   0.552601394E-01   0.551935471E-01   0.551258559E-01   0.550570453E-01
   0.549870964E-01   0.549159885E-01   0.548436948E-01   0.547701867E-01
   0.546954349E-01   0.546194067E-01   0.545420687E-01   0.544633880E-01
   0.543833340E-01   0.543018767E-01   0.542189835E-01   0.541346108E-01
   0.540487125E-01   0.539612438E-01   0.538721643E-01   0.537814348E-01
   0.536890134E-01   0.535948474E-01   0.534988812E-01   0.534010593E-01
   0.533013270E-01   0.531996299E-01   0.530959108E-01   0.529901041E-01
   0.528821413E-01   0.527719535E-01   0.526594680E-01   0.525446114E-01
   0.524273083E-01   0.523074752E-01   0.521850270E-01   0.520598758E-01
   0.519319237E-01   0.518010703E-01   0.516672130E-01   0.515302407E-01
   0.513900403E-01   0.512464946E-01   0.510994712E-01   0.509488340E-01
   0.507944440E-01   0.506361521E-01   0.504738066E-01   0.503072503E-01
   0.501363045E-01   0.499607849E-01   0.497804996E-01   0.495952261E-01
   0.494047338E-01   0.492087834E-01   0.490070995E-01   0.487993975E-01
   0.485853869E-01   0.483647529E-01   0.481371747E-01   0.479023214E-01
   0.476598227E-01   0.474092984E-01   0.471503488E-01   0.468824967E-01
   0.466052457E-01   0.463180644E-01   0.460202829E-01   0.457111965E-01
   0.453900776E-01   0.450561069E-01   0.447084423E-01   0.443463080E-01
   0.439691935E-01   0.435766544E-01   0.431682083E-01   0.427432202E-01
   0.423010168E-01   0.418403616E-01   0.413577647E-01   0.408491731E-01
   0.403105338E-01   0.397377938E-01   0.391268999E-01
   0.000000000E+00   0.781621921E-02   0.156305384E-01   0.234407431E-01
   0.312451579E-01   0.390426459E-01   0.468326087E-01   0.546149976E-01
   0.623903565E-01   0.701598116E-01   0.779250179E-01   0.856879815E-01
   0.934511350E-01   0.101216980E+00   0.108986665E+00   0.116760739E+00
   0.124539270E+00   0.132321079E+00   0.140104200E+00   0.147886644E+00
   0.155668331E+00   0.163449814E+00   0.171231616E+00   0.179013734E+00
   0.186795988E+00   0.194578084E+00   0.202359372E+00   0.210139019E+00
   0.217916275E+00   0.225691091E+00   0.233463645E+00   0.241234207E+00
   0.249003258E+00   0.256771393E+00   0.264539186E+00   0.272306850E+00
   0.280074506E+00   0.287842178E+00   0.295609456E+00   0.303375771E+00
   0.311140650E+00   0.318904236E+00   0.326666854E+00   0.334428751E+00
   0.342189724E+00   0.349949428E+00   0.357707561E+00   0.365464080E+00
   0.373219018E+00   0.380972398E+00   0.388724180E+00   0.396474308E+00
   0.404222714E+00   0.411969282E+00   0.419713880E+00   0.427456395E+00
   0.435196820E+00   0.442935175E+00   0.450671460E+00   0.458405575E+00
   0.466137386E+00   0.473866783E+00   0.481593761E+00   0.489318345E+00
   0.497040531E+00   0.504760179E+00   0.512477110E+00   0.520191168E+00
   0.527902331E+00   0.535610612E+00   0.543316008E+00   0.551018432E+00
   0.558717773E+00   0.566413927E+00   0.574106829E+00   0.581796429E+00
   0.589482664E+00   0.597165441E+00   0.604844657E+00   0.612520210E+00
   0.620192005E+00   0.627859951E+00   0.635523959E+00   0.643183956E+00
   0.650839871E+00   0.658491627E+00   0.666139123E+00   0.673782247E+00
   0.681420879E+00   0.689054865E+00   0.696684042E+00   0.704308264E+00
   0.711927484E+00   0.719541679E+00   0.727150792E+00   0.734754616E+00
   0.742352903E+00   0.749945431E+00   0.757532127E+00   0.765112953E+00
   0.772687838E+00   0.780256565E+00   0.787818876E+00   0.795374533E+00
   0.802923403E+00   0.810465382E+00   0.818000343E+00   0.825528083E+00
   0.833048372E+00   0.840560977E+00   0.848065663E+00   0.855562191E+00
   0.863050327E+00   0.870529864E+00   0.878000602E+00   0.885462320E+00
   0.892914711E+00   0.900357442E+00   0.907790180E+00   0.915212612E+00
   0.922624425E+00   0.930025307E+00   0.937414957E+00   0.944793078E+00
   0.952159337E+00   0.959513284E+00   0.966854430E+00   0.974182316E+00
   0.981496633E+00   0.988797108E+00   0.996083435E+00   0.100335519E+01
   0.101061191E+01   0.101785323E+01   0.102507921E+01   0.103228999E+01
   0.103948584E+01   0.104666733E+01   0.105383512E+01   0.106098986E+01
   0.106813199E+01   0.107526189E+01   0.108237985E+01   0.108948578E+01
   0.109657944E+01   0.110365956E+01   0.111072066E+01   0.111775603E+01
   0.112475881E+01   0.113172196E+01   0.113863825E+01
   0.000000000E+00   0.962151068E-02   0.192407277E-01   0.288550621E-01
   0.384624311E-01   0.480612579E-01   0.576504720E-01   0.672296200E-01
   0.767993262E-01   0.863611813E-01   0.959175093E-01   0.105470782E+00
   0.115023866E+00   0.124579690E+00   0.134139606E+00   0.143704262E+00
   0.153273721E+00   0.162846543E+00   0.172420342E+00   0.181992693E+00
   0.191563454E+00   0.201133222E+00   0.210702582E+00   0.220271562E+00
   0.229840011E+00   0.239407638E+00   0.248973633E+00   0.258536945E+00
   0.268096633E+00   0.277652679E+00   0.287205367E+00   0.296755095E+00
   0.306302491E+00   0.315848321E+00   0.325393326E+00   0.334937820E+00
   0.344482012E+00   0.354025998E+00   0.363569353E+00   0.373111461E+00
   0.382651833E+00   0.392190709E+00   0.401728563E+00   0.411265774E+00
   0.420802193E+00   0.430337509E+00   0.439871459E+00   0.449404076E+00
   0.458935478E+00   0.468465774E+00   0.477995013E+00   0.487523230E+00
   0.497050442E+00   0.506576597E+00   0.516101619E+00   0.525625461E+00
   0.535148210E+00   0.544669996E+00   0.554190922E+00   0.563710967E+00
   0.573230074E+00   0.582748212E+00   0.592265481E+00   0.601782021E+00
   0.611297940E+00   0.620813184E+00   0.630327652E+00   0.639841277E+00
   0.649354152E+00   0.658866414E+00   0.668378186E+00   0.677889495E+00
   0.687400344E+00   0.696910748E+00   0.706420771E+00   0.715930492E+00
   0.725439983E+00   0.734949285E+00   0.744458432E+00   0.753967459E+00
   0.763476422E+00   0.772985379E+00   0.782494398E+00   0.792003571E+00
   0.801513002E+00   0.811022791E+00   0.820533014E+00   0.830043744E+00
   0.839555047E+00   0.849066955E+00   0.858579492E+00   0.868092714E+00
   0.877606810E+00   0.887122012E+00   0.896638514E+00   0.906156335E+00
   0.915675448E+00   0.925195870E+00   0.934717820E+00   0.944241577E+00
   0.953767384E+00   0.963295321E+00   0.972825428E+00   0.982357781E+00
   0.991892614E+00   0.100143021E+01   0.101097083E+01   0.102051469E+01
   0.103006196E+01   0.103961285E+01   0.104916757E+01   0.105872638E+01
   0.106828954E+01   0.107785740E+01   0.108743034E+01   0.109700873E+01
   0.110659290E+01   0.111618316E+01   0.112577984E+01   0.113538338E+01
   0.114499421E+01   0.115461282E+01   0.116423975E+01   0.117387558E+01
   0.118352086E+01   0.119317603E+01   0.120284148E+01   0.121251768E+01
   0.122220525E+01   0.123190485E+01   0.124161710E+01   0.125134229E+01
   0.126108063E+01   0.127083223E+01   0.128059676E+01   0.129037379E+01
   0.130016260E+01   0.130996144E+01   0.131976825E+01   0.132958102E+01
   0.133939806E+01   0.134921776E+01   0.135903891E+01   0.136886220E+01
   0.137868879E+01   0.138852194E+01   0.139837329E+01   0.140825684E+01
   0.141818699E+01   0.142817850E+01   0.143824651E+01
   0.000000000E+00   0.178847083E-03   0.357417081E-03   0.535352312E-03
   0.712433259E-03   0.888578572E-03   0.106384506E-02   0.123836577E-02
   0.141209337E-02   0.158486209E-02   0.175649862E-02   0.192707528E-02
   0.209680347E-02   0.226591320E-02   0.243441044E-02   0.260220618E-02
   0.276920060E-02   0.293537876E-02   0.310075249E-02   0.326533225E-02
   0.342911274E-02   0.359208241E-02   0.375422980E-02   0.391555227E-02
   0.407604982E-02   0.423572268E-02   0.439457086E-02   0.455259447E-02
   0.470979181E-02   0.486615271E-02   0.502166364E-02   0.517631799E-02
   0.533014370E-02   0.548318164E-02   0.563546688E-02   0.578699355E-02
   0.593774294E-02   0.608769977E-02   0.623687171E-02   0.638527349E-02
   0.653291766E-02   0.667980343E-02   0.682592597E-02   0.697128119E-02
   0.711587081E-02   0.725969812E-02   0.740276516E-02   0.754506853E-02
   0.768660294E-02   0.782736216E-02   0.796733799E-02   0.810652115E-02
   0.824490263E-02   0.838247705E-02   0.851923977E-02   0.865518357E-02
   0.879029151E-02   0.892454318E-02   0.905791976E-02   0.919041298E-02
   0.932201725E-02   0.945272379E-02   0.958251094E-02   0.971135275E-02
   0.983922452E-02   0.996611087E-02   0.100919986E-01   0.102168718E-01
   0.103407056E-01   0.104634716E-01   0.105851419E-01   0.107056936E-01
   0.108251046E-01   0.109433514E-01   0.110604056E-01   0.111762372E-01
   0.112908148E-01   0.114041036E-01   0.115160677E-01   0.116266708E-01
   0.117358802E-01   0.118436636E-01   0.119499858E-01   0.120548027E-01
   0.121580670E-01   0.122597312E-01   0.123597515E-01   0.124580841E-01
   0.125546827E-01   0.126494920E-01   0.127424536E-01   0.128335086E-01
   0.129226000E-01   0.130096706E-01   0.130946595E-01   0.131774951E-01
   0.132581016E-01   0.133364025E-01   0.134123232E-01   0.134857885E-01
   0.135567190E-01   0.136250227E-01   0.136906031E-01   0.137533608E-01
   0.138131927E-01   0.138699928E-01   0.139236509E-01   0.139740464E-01
   0.140210538E-01   0.140645422E-01   0.141043666E-01   0.141403759E-01
   0.141724141E-01   0.142003165E-01   0.142239132E-01   0.142430258E-01
   0.142574515E-01   0.142669776E-01   0.142713813E-01   0.142704122E-01
   0.142638084E-01   0.142512945E-01   0.142325579E-01   0.142072709E-01
   0.141750911E-01   0.141356385E-01   0.140885171E-01   0.140333071E-01
   0.139695184E-01   0.138966346E-01   0.138141150E-01   0.137213569E-01
   0.136177314E-01   0.135025536E-01   0.133749545E-01   0.132340021E-01
   0.130786994E-01   0.129078511E-01   0.127201895E-01   0.125144467E-01
   0.122894428E-01   0.120440018E-01   0.117770814E-01   0.114882551E-01
   0.111772543E-01   0.108429326E-01   0.104805768E-01   0.100844627E-01
   0.964872243E-02   0.916734520E-02   0.863417677E-02
   0.000000000E+00   0.294110086E-04   0.590864188E-04   0.893794454E-04
   0.120491052E-03   0.152469952E-03   0.185212605E-03   0.218539759E-03
   0.252513512E-03   0.287360785E-03   0.323335653E-03   0.360403960E-03
   0.398376111E-03   0.437041422E-03   0.476413772E-03   0.516600942E-03
   0.557708550E-03   0.599705091E-03   0.642503877E-03   0.686019228E-03
   0.730243277E-03   0.775195158E-03   0.820893163E-03   0.867328634E-03
   0.914484309E-03   0.962339551E-03   0.101086429E-02   0.106002348E-02
   0.110978683E-02   0.116015536E-02   0.121114119E-02   0.126275115E-02
   0.131495765E-02   0.136772149E-02   0.142100991E-02   0.147482831E-02
   0.152919485E-02   0.158412088E-02   0.163957727E-02   0.169552185E-02
   0.175191840E-02   0.180876586E-02   0.186607415E-02   0.192385041E-02
   0.198208262E-02   0.204075338E-02   0.209984758E-02   0.215936150E-02
   0.221929508E-02   0.227964955E-02   0.234042833E-02   0.240163628E-02
   0.246327752E-02   0.252534991E-02   0.258784985E-02   0.265077735E-02
   0.271414648E-02   0.277797624E-02   0.284228336E-02   0.290706978E-02
   0.297233364E-02   0.303807726E-02   0.310432006E-02   0.317108714E-02
   0.323840148E-02   0.330627211E-02   0.337470465E-02   0.344370818E-02
   0.351330525E-02   0.358352291E-02   0.365438749E-02   0.372591786E-02
   0.379813148E-02   0.387104768E-02   0.394469134E-02   0.401908955E-02
   0.409427068E-02   0.417026509E-02   0.424710447E-02   0.432482072E-02
   0.440344300E-02   0.448300042E-02   0.456352490E-02   0.464505739E-02
   0.472764220E-02   0.481132347E-02   0.489614020E-02   0.498213079E-02
   0.506933663E-02   0.515780835E-02   0.524760005E-02   0.533876661E-02
   0.543136126E-02   0.552543780E-02   0.562105285E-02   0.571827039E-02
   0.581715755E-02   0.591778326E-02   0.602021838E-02   0.612453559E-02
   0.623081039E-02   0.633912449E-02   0.644956264E-02   0.656221301E-02
   0.667717150E-02   0.679453768E-02   0.691441448E-02   0.703691135E-02
   0.716214130E-02   0.729022225E-02   0.742128434E-02   0.755546308E-02
   0.769289835E-02   0.783373834E-02   0.797813585E-02   0.812625063E-02
   0.827826045E-02   0.843435076E-02   0.859471634E-02   0.875957759E-02
   0.892916526E-02   0.910372151E-02   0.928351904E-02   0.946884308E-02
   0.965998921E-02   0.985727533E-02   0.100610304E-01   0.102715990E-01
   0.104893677E-01   0.107147403E-01   0.109481435E-01   0.111900710E-01
   0.114410422E-01   0.117016130E-01   0.119724547E-01   0.122542795E-01
   0.125478399E-01   0.128540035E-01   0.131736820E-01   0.135077351E-01
   0.138567487E-01   0.142212450E-01   0.146017983E-01   0.149991702E-01
   0.154141817E-01   0.158481496E-01   0.163043579E-01   0.167866595E-01
   0.172990026E-01   0.178454303E-01   0.184300804E-01
  -0.000000000E+00  -0.193999541E-05  -0.776993686E-05  -0.175047572E-04
  -0.311593891E-04  -0.487487656E-04  -0.702878194E-04  -0.957914833E-04
  -0.125274690E-03  -0.158752373E-03  -0.196239464E-03  -0.237750896E-03
  -0.283301603E-03  -0.332906517E-03  -0.386580571E-03  -0.444338697E-03
  -0.506195829E-03  -0.572166899E-03  -0.642266840E-03  -0.716510586E-03
  -0.794913068E-03  -0.877489219E-03  -0.964253973E-03  -0.105526637E-02
  -0.115057548E-02  -0.125021394E-02  -0.135420379E-02  -0.146256349E-02
  -0.157531365E-02  -0.169248710E-02  -0.181412123E-02  -0.194025618E-02
  -0.207093820E-02  -0.220621707E-02  -0.234614336E-02  -0.249076309E-02
  -0.264012204E-02  -0.279426600E-02  -0.295323676E-02  -0.311707536E-02
  -0.328582514E-02  -0.345953734E-02  -0.363826645E-02  -0.382206689E-02
  -0.401098778E-02  -0.420507733E-02  -0.440438510E-02  -0.460896408E-02
  -0.481886894E-02  -0.503415485E-02  -0.525487608E-02  -0.548108723E-02
  -0.571284364E-02  -0.595020141E-02  -0.619321737E-02  -0.644195015E-02
  -0.669646327E-02  -0.695682244E-02  -0.722309444E-02  -0.749534677E-02
  -0.777364800E-02  -0.805806880E-02  -0.834868507E-02  -0.864557520E-02
  -0.894881863E-02  -0.925849436E-02  -0.957468231E-02  -0.989746505E-02
  -0.102269321E-01  -0.105631760E-01  -0.109062914E-01  -0.112563747E-01
  -0.116135246E-01  -0.119778423E-01  -0.123494354E-01  -0.127284142E-01
  -0.131148917E-01  -0.135089832E-01  -0.139108066E-01  -0.143204830E-01
  -0.147381405E-01  -0.151639112E-01  -0.155979306E-01  -0.160403407E-01
  -0.164912877E-01  -0.169509212E-01  -0.174193977E-01  -0.178968777E-01
  -0.183835253E-01  -0.188795098E-01  -0.193850042E-01  -0.199001884E-01
  -0.204252600E-01  -0.209604244E-01  -0.215058901E-01  -0.220618648E-01
  -0.226285591E-01  -0.232061927E-01  -0.237950115E-01  -0.243952720E-01
  -0.250072353E-01  -0.256311655E-01  -0.262673314E-01  -0.269160127E-01
  -0.275775182E-01  -0.282521687E-01  -0.289402939E-01  -0.296422386E-01
  -0.303583568E-01  -0.310890148E-01  -0.318346073E-01  -0.325955424E-01
  -0.333722429E-01  -0.341651669E-01  -0.349747886E-01  -0.358015971E-01
  -0.366461124E-01  -0.375088703E-01  -0.383904275E-01  -0.392913936E-01
  -0.402124008E-01  -0.411541055E-01  -0.421172243E-01  -0.431024997E-01
  -0.441106960E-01  -0.451426183E-01  -0.461990940E-01  -0.472809770E-01
  -0.483891768E-01  -0.495246312E-01  -0.506882866E-01  -0.518810711E-01
  -0.531039203E-01  -0.543577385E-01  -0.556432526E-01  -0.569611502E-01
  -0.583120621E-01  -0.596963633E-01  -0.611143616E-01  -0.625664471E-01
  -0.640533554E-01  -0.655759185E-01  -0.671351348E-01  -0.687326440E-01
  -0.703702764E-01  -0.720508482E-01  -0.737810591E-01  -0.755687381E-01
  -0.774219091E-01  -0.793487902E-01  -0.813577943E-01
   0.000000000E+00   0.127962909E-05   0.512570682E-05   0.115490189E-04
   0.205603511E-04   0.321704892E-04   0.463902187E-04   0.632303256E-04
   0.827015954E-04   0.104814814E-03   0.129580767E-03   0.157010240E-03
   0.187114019E-03   0.219902889E-03   0.255387637E-03   0.293579048E-03
   0.334487908E-03   0.378125002E-03   0.424501116E-03   0.473627037E-03
   0.525513549E-03   0.580171438E-03   0.637611490E-03   0.697875464E-03
   0.760997926E-03   0.827002451E-03   0.895904995E-03   0.967718957E-03
   0.104245913E-02   0.112014846E-02   0.120081288E-02   0.128448018E-02
   0.137118226E-02   0.146095339E-02   0.155382823E-02   0.164983790E-02
   0.174901317E-02   0.185138481E-02   0.195698120E-02   0.206583031E-02
   0.217796139E-02   0.229340817E-02   0.241220621E-02   0.253439101E-02
   0.265999492E-02   0.278904973E-02   0.292158787E-02   0.305764337E-02
   0.319725105E-02   0.334044601E-02   0.348726289E-02   0.363773651E-02
   0.379190201E-02   0.394979443E-02   0.411144910E-02   0.427690231E-02
   0.444619346E-02   0.461936320E-02   0.479645269E-02   0.497750318E-02
   0.516255638E-02   0.535165515E-02   0.554484523E-02   0.574217368E-02
   0.594368806E-02   0.614943529E-02   0.635946266E-02   0.657381886E-02
   0.679255632E-02   0.701572912E-02   0.724339227E-02   0.747560166E-02
   0.771241413E-02   0.795388790E-02   0.820008417E-02   0.845106571E-02
   0.870689635E-02   0.896764079E-02   0.923336480E-02   0.950413582E-02
   0.978002484E-02   0.100611047E-01   0.103474499E-01   0.106391378E-01
   0.109362475E-01   0.112388599E-01   0.115470592E-01   0.118609311E-01
   0.121805630E-01   0.125060438E-01   0.128374637E-01   0.131749164E-01
   0.135185052E-01   0.138683374E-01   0.142245210E-01   0.145871611E-01
   0.149563632E-01   0.153322376E-01   0.157149083E-01   0.161045046E-01
   0.165011573E-01   0.169049957E-01   0.173161504E-01   0.177347569E-01
   0.181609649E-01   0.185949296E-01   0.190368098E-01   0.194867685E-01
   0.199449726E-01   0.204115937E-01   0.208868147E-01   0.213708238E-01
   0.218638157E-01   0.223659999E-01   0.228775927E-01   0.233988160E-01
   0.239299013E-01   0.244710858E-01   0.250226151E-01   0.255847541E-01
   0.261577766E-01   0.267419655E-01   0.273376263E-01   0.279450742E-01
   0.285646323E-01   0.291966356E-01   0.298414271E-01   0.304993626E-01
   0.311708299E-01   0.318562309E-01   0.325559681E-01   0.332704241E-01
   0.339999813E-01   0.347450028E-01   0.355057544E-01   0.362824788E-01
   0.370754182E-01   0.378848082E-01   0.387108842E-01   0.395539059E-01
   0.404142303E-01   0.412922428E-01   0.421884362E-01   0.431037236E-01
   0.440391415E-01   0.449959730E-01   0.459764335E-01   0.469830191E-01
   0.480182857E-01   0.490848489E-01   0.501853841E-01
   0.000000000E+00   0.290275561E-06   0.116260711E-05   0.261925197E-05
   0.466246742E-05   0.729451079E-05   0.105176394E-04   0.143341105E-04
   0.187461814E-04   0.237561095E-04   0.293661520E-04   0.355785663E-04
   0.423956096E-04   0.498195393E-04   0.578526127E-04   0.664970870E-04
   0.757552197E-04   0.856292679E-04   0.961214890E-04   0.107234140E-03
   0.118969479E-03   0.131329763E-03   0.144317249E-03   0.157942866E-03
   0.172216042E-03   0.187131281E-03   0.202685579E-03   0.218876053E-03
   0.235702394E-03   0.253177836E-03   0.271320812E-03   0.290146683E-03
   0.309650908E-03   0.329822212E-03   0.350653518E-03   0.372161692E-03
   0.394371746E-03   0.417304574E-03   0.440955974E-03   0.465313750E-03
   0.490369763E-03   0.516138764E-03   0.542642799E-03   0.569901352E-03
   0.597917739E-03   0.626690529E-03   0.656219938E-03   0.686515217E-03
   0.717588378E-03   0.749451523E-03   0.782115430E-03   0.815590770E-03
   0.849887625E-03   0.885012649E-03   0.920971527E-03   0.957771927E-03
   0.995430032E-03   0.103396484E-02   0.107339354E-02   0.111372334E-02
   0.115495867E-02   0.119710662E-02   0.124018623E-02   0.128422028E-02
   0.132922980E-02   0.137522575E-02   0.142221645E-02   0.147021243E-02
   0.151923379E-02   0.156930365E-02   0.162044444E-02   0.167267361E-02
   0.172600746E-02   0.178046340E-02   0.183606242E-02   0.189282683E-02
   0.195077968E-02   0.200994530E-02   0.207034880E-02   0.213201544E-02
   0.219496916E-02   0.225923389E-02   0.232483537E-02   0.239180529E-02
   0.246017752E-02   0.252998556E-02   0.260125890E-02   0.267402641E-02
   0.274831918E-02   0.282417591E-02   0.290163797E-02   0.298074693E-02
   0.306154214E-02   0.314406295E-02   0.322835066E-02   0.331445221E-02
   0.340241677E-02   0.349229483E-02   0.358413905E-02   0.367800347E-02
   0.377394378E-02   0.387201881E-02   0.397228914E-02   0.407481798E-02
   0.417967541E-02   0.428693441E-02   0.439667019E-02   0.450896213E-02
   0.462389197E-02   0.474154480E-02   0.486201415E-02   0.498539723E-02
   0.511179459E-02   0.524131382E-02   0.537406607E-02   0.551016720E-02
   0.564974505E-02   0.579293264E-02   0.593986949E-02   0.609071296E-02
   0.624562761E-02   0.640478587E-02   0.656838124E-02   0.673661589E-02
   0.690969818E-02   0.708784804E-02   0.727129192E-02   0.746026271E-02
   0.765500491E-02   0.785576976E-02   0.806282146E-02   0.827646121E-02
   0.849700447E-02   0.872477909E-02   0.896014294E-02   0.920346724E-02
   0.945511107E-02   0.971536128E-02   0.998448943E-02   0.102627773E-01
   0.105505355E-01   0.108480860E-01   0.111557575E-01   0.114738916E-01
   0.118028371E-01   0.121434637E-01   0.124987374E-01   0.128722236E-01
   0.132675784E-01   0.136885487E-01   0.141389723E-01
   0.000000000E+00   0.261122358E-06   0.104541607E-05   0.235427108E-05
   0.418907735E-05   0.655122482E-05   0.944210344E-05   0.128631032E-04
   0.168156140E-04   0.213010258E-04   0.263207286E-04   0.318761122E-04
   0.379685668E-04   0.445994822E-04   0.517702483E-04   0.594822552E-04
   0.677368927E-04   0.765355509E-04   0.858796196E-04   0.957704888E-04
   0.106209549E-03   0.117198189E-03   0.128737799E-03   0.140834911E-03
   0.153495127E-03   0.166714499E-03   0.180490297E-03   0.194819689E-03
   0.209701474E-03   0.225143395E-03   0.241156572E-03   0.257750168E-03
   0.274920740E-03   0.292660564E-03   0.310964513E-03   0.329842408E-03
   0.349309131E-03   0.369376835E-03   0.390041414E-03   0.411293532E-03
   0.433126394E-03   0.455547910E-03   0.478570624E-03   0.502205291E-03
   0.526451903E-03   0.551307225E-03   0.576768987E-03   0.602840703E-03
   0.629527577E-03   0.656834729E-03   0.684766132E-03   0.713325524E-03
   0.742516150E-03   0.772338963E-03   0.802794186E-03   0.833883161E-03
   0.865612451E-03   0.897990264E-03   0.931023526E-03   0.964712646E-03
   0.999056120E-03   0.103405399E-02   0.106971363E-02   0.110604464E-02
   0.114305532E-02   0.118074733E-02   0.121912046E-02   0.125817572E-02
   0.129791991E-02   0.133836154E-02   0.137950850E-02   0.142136522E-02
   0.146393520E-02   0.150722243E-02   0.155123279E-02   0.159597277E-02
   0.164144905E-02   0.168766861E-02   0.173463863E-02   0.178236614E-02
   0.183085701E-02   0.188011683E-02   0.193015202E-02   0.198097210E-02
   0.203258757E-02   0.208500841E-02   0.213824143E-02   0.219229268E-02
   0.224716921E-02   0.230288204E-02   0.235944342E-02   0.241686532E-02
   0.247515760E-02   0.253432964E-02   0.259439153E-02   0.265535552E-02
   0.271723467E-02   0.278004233E-02   0.284379230E-02   0.290849871E-02
   0.297417591E-02   0.304083826E-02   0.310850035E-02   0.317717767E-02
   0.324688852E-02   0.331765220E-02   0.338948837E-02   0.346241679E-02
   0.353645751E-02   0.361163153E-02   0.368796247E-02   0.376547494E-02
   0.384419403E-02   0.392414494E-02   0.400535329E-02   0.408784574E-02
   0.417165163E-02   0.425680144E-02   0.434332757E-02   0.443126831E-02
   0.452066411E-02   0.461155724E-02   0.470399487E-02   0.479802615E-02
   0.489369975E-02   0.499105894E-02   0.509014619E-02   0.519100063E-02
   0.529364531E-02   0.539809923E-02   0.550438505E-02   0.561254047E-02
   0.572260750E-02   0.583463166E-02   0.594867069E-02   0.606478630E-02
   0.618301604E-02   0.630329576E-02   0.642553306E-02   0.654962277E-02
   0.667541821E-02   0.680275844E-02   0.693149328E-02   0.706153125E-02
   0.719279402E-02   0.732538836E-02   0.746017854E-02   0.759824232E-02
   0.774068623E-02   0.788864552E-02   0.804328417E-02
  -0.000000000E+00  -0.273808954E-03  -0.547545686E-03  -0.821131850E-03
  -0.109449960E-02  -0.136759158E-02  -0.164036095E-02  -0.191277289E-02
  -0.218481096E-02  -0.245647557E-02  -0.272778942E-02  -0.299882232E-02
  -0.326968073E-02  -0.354047698E-02  -0.381123679E-02  -0.408194845E-02
  -0.435258264E-02  -0.462308583E-02  -0.489338430E-02  -0.516340462E-02
  -0.543313818E-02  -0.570259851E-02  -0.597179771E-02  -0.624072397E-02
  -0.650935735E-02  -0.677767629E-02  -0.704565890E-02  -0.731328205E-02
  -0.758052418E-02  -0.784737607E-02  -0.811383264E-02  -0.837989457E-02
  -0.864558328E-02  -0.891092919E-02  -0.917596101E-02  -0.944068503E-02
  -0.970510169E-02  -0.996921009E-02  -0.102330032E-01  -0.104964719E-01
  -0.107596106E-01  -0.110224310E-01  -0.112849510E-01  -0.115471861E-01
  -0.118091368E-01  -0.120707991E-01  -0.123321717E-01  -0.125932646E-01
  -0.128540917E-01  -0.131146660E-01  -0.133749939E-01  -0.136350798E-01
  -0.138949293E-01  -0.141545514E-01  -0.144139565E-01  -0.146731550E-01
  -0.149321559E-01  -0.151909677E-01  -0.154495999E-01  -0.157080629E-01
  -0.159663675E-01  -0.162245255E-01  -0.164825489E-01  -0.167404505E-01
  -0.169982428E-01  -0.172559361E-01  -0.175135399E-01  -0.177710651E-01
  -0.180285269E-01  -0.182859417E-01  -0.185433259E-01  -0.188006932E-01
  -0.190580572E-01  -0.193154319E-01  -0.195728347E-01  -0.198302837E-01
  -0.200877974E-01  -0.203453919E-01  -0.206030835E-01  -0.208608891E-01
  -0.211188277E-01  -0.213769191E-01  -0.216351837E-01  -0.218936427E-01
  -0.221523179E-01  -0.224112316E-01  -0.226704062E-01  -0.229298647E-01
  -0.231896300E-01  -0.234497237E-01  -0.237101675E-01  -0.239709847E-01
  -0.242322045E-01  -0.244938585E-01  -0.247559770E-01  -0.250185843E-01
  -0.252817037E-01  -0.255453602E-01  -0.258095874E-01  -0.260744214E-01
  -0.263398973E-01  -0.266060443E-01  -0.268728899E-01  -0.271404641E-01
  -0.274088040E-01  -0.276779493E-01  -0.279479394E-01  -0.282188102E-01
  -0.284905972E-01  -0.287633372E-01  -0.290370710E-01  -0.293118408E-01
  -0.295876889E-01  -0.298646558E-01  -0.301427814E-01  -0.304221060E-01
  -0.307026672E-01  -0.309845025E-01  -0.312676513E-01  -0.315521588E-01
  -0.318380724E-01  -0.321254399E-01  -0.324143077E-01  -0.327047225E-01
  -0.329967244E-01  -0.332903259E-01  -0.335855319E-01  -0.338823319E-01
  -0.341806554E-01  -0.344804141E-01  -0.347815129E-01  -0.350838400E-01
  -0.353872764E-01  -0.356916924E-01  -0.359969284E-01  -0.363028128E-01
  -0.366090977E-01  -0.369152411E-01  -0.372206125E-01  -0.375246215E-01
  -0.378268937E-01  -0.381271035E-01  -0.384248933E-01  -0.387197993E-01
  -0.390113221E-01  -0.392992520E-01  -0.395845910E-01  -0.398686765E-01
  -0.401528840E-01  -0.404386270E-01  -0.407273568E-01
  -0.000000000E+00  -0.314216973E-03  -0.628369391E-03  -0.942400318E-03
  -0.125623976E-02  -0.156980467E-02  -0.188299894E-02  -0.219573839E-02
  -0.250805431E-02  -0.282006843E-02  -0.313194298E-02  -0.344375860E-02
  -0.375556573E-02  -0.406740967E-02  -0.437932810E-02  -0.469135242E-02
  -0.500349786E-02  -0.531572701E-02  -0.562797197E-02  -0.594016128E-02
  -0.625228090E-02  -0.656433384E-02  -0.687632592E-02  -0.718827139E-02
  -0.750018891E-02  -0.781208978E-02  -0.812394360E-02  -0.843570342E-02
  -0.874732902E-02  -0.905883162E-02  -0.937023985E-02  -0.968158424E-02
  -0.999288809E-02  -0.103041746E-01  -0.106154679E-01  -0.109267870E-01
  -0.112381509E-01  -0.115495748E-01  -0.118610546E-01  -0.121725793E-01
  -0.124841421E-01  -0.127957578E-01  -0.131074483E-01  -0.134192339E-01
  -0.137311231E-01  -0.140431213E-01  -0.143552339E-01  -0.146674678E-01
  -0.149798299E-01  -0.152923285E-01  -0.156049755E-01  -0.159177845E-01
  -0.162307673E-01  -0.165439268E-01  -0.168572630E-01  -0.171707778E-01
  -0.174844820E-01  -0.177983887E-01  -0.181125098E-01  -0.184268497E-01
  -0.187414103E-01  -0.190561949E-01  -0.193712120E-01  -0.196864713E-01
  -0.200019818E-01  -0.203177466E-01  -0.206337675E-01  -0.209500466E-01
  -0.212665902E-01  -0.215834052E-01  -0.219004985E-01  -0.222178751E-01
  -0.225355396E-01  -0.228534966E-01  -0.231717498E-01  -0.234903030E-01
  -0.238091600E-01  -0.241283244E-01  -0.244478001E-01  -0.247675906E-01
  -0.250876988E-01  -0.254081275E-01  -0.257288793E-01  -0.260499576E-01
  -0.263713658E-01  -0.266931072E-01  -0.270151842E-01  -0.273375991E-01
  -0.276603535E-01  -0.279834476E-01  -0.283068807E-01  -0.286306531E-01
  -0.289547691E-01  -0.292792341E-01  -0.296040520E-01  -0.299292209E-01
  -0.302547372E-01  -0.305805985E-01  -0.309068080E-01  -0.312333706E-01
  -0.315602900E-01  -0.318875650E-01  -0.322151933E-01  -0.325431729E-01
  -0.328715055E-01  -0.332001937E-01  -0.335292396E-01  -0.338586435E-01
  -0.341884054E-01  -0.345185248E-01  -0.348489998E-01  -0.351798278E-01
  -0.355110076E-01  -0.358425430E-01  -0.361744393E-01  -0.365067012E-01
  -0.368393306E-01  -0.371723286E-01  -0.375056954E-01  -0.378394275E-01
  -0.381735199E-01  -0.385079665E-01  -0.388427549E-01  -0.391778711E-01
  -0.395132986E-01  -0.398490121E-01  -0.401849838E-01  -0.405211889E-01
  -0.408576189E-01  -0.411942694E-01  -0.415311238E-01  -0.418681162E-01
  -0.422051666E-01  -0.425421486E-01  -0.428787552E-01  -0.432146255E-01
  -0.435493601E-01  -0.438824331E-01  -0.442132752E-01  -0.445412955E-01
  -0.448658627E-01  -0.451863229E-01  -0.455021412E-01  -0.458133153E-01
  -0.461199828E-01  -0.464225296E-01  -0.467223277E-01  -0.470210343E-01
  -0.473203527E-01  -0.476220331E-01  -0.479278719E-01
   0.000000000E+00   0.242876021E-04   0.485972717E-04   0.729578338E-04
   0.973865292E-04   0.121889014E-03   0.146459360E-03   0.171086874E-03
   0.195784353E-03   0.220581263E-03   0.245511105E-03   0.270581912E-03
   0.295788670E-03   0.321124605E-03   0.346599536E-03   0.372230113E-03
   0.398031420E-03   0.424002628E-03   0.450135703E-03   0.476422736E-03
   0.502868729E-03   0.529483134E-03   0.556275221E-03   0.583249743E-03
   0.610409980E-03   0.637758709E-03   0.665297521E-03   0.693027319E-03
   0.720949669E-03   0.749070603E-03   0.777397721E-03   0.805938487E-03
   0.834698149E-03   0.863681366E-03   0.892893563E-03   0.922343394E-03
   0.952040775E-03   0.981994433E-03   0.101220634E-02   0.104267627E-02
   0.107340521E-02   0.110440133E-02   0.113567502E-02   0.116723615E-02
   0.119909075E-02   0.123124379E-02   0.126370074E-02   0.129646945E-02
   0.132955857E-02   0.136297681E-02   0.139673255E-02   0.143083418E-02
   0.146529012E-02   0.150010839E-02   0.153529700E-02   0.157086450E-02
   0.160682141E-02   0.164317898E-02   0.167994821E-02   0.171713824E-02
   0.175475775E-02   0.179281614E-02   0.183132545E-02   0.187029866E-02
   0.190974844E-02   0.194968531E-02   0.199011931E-02   0.203106117E-02
   0.207252433E-02   0.211452316E-02   0.215707195E-02   0.220018366E-02
   0.224387107E-02   0.228814740E-02   0.233302725E-02   0.237852574E-02
   0.242465829E-02   0.247144062E-02   0.251888875E-02   0.256701888E-02
   0.261584719E-02   0.266539006E-02   0.271566447E-02   0.276668916E-02
   0.281848360E-02   0.287106745E-02   0.292446003E-02   0.297868082E-02
   0.303374987E-02   0.308968862E-02   0.314651917E-02   0.320426413E-02
   0.326294714E-02   0.332259243E-02   0.338322471E-02   0.344486947E-02
   0.350755271E-02   0.357130120E-02   0.363614349E-02   0.370210895E-02
   0.376922766E-02   0.383753079E-02   0.390705026E-02   0.397781897E-02
   0.404987223E-02   0.412324645E-02   0.419797899E-02   0.427410904E-02
   0.435167680E-02   0.443072369E-02   0.451129387E-02   0.459343280E-02
   0.467718765E-02   0.476260992E-02   0.484975296E-02   0.493867170E-02
   0.502942430E-02   0.512207059E-02   0.521667265E-02   0.531329828E-02
   0.541201773E-02   0.551290434E-02   0.561603976E-02   0.572150901E-02
   0.582940031E-02   0.593980954E-02   0.605283603E-02   0.616858500E-02
   0.628717947E-02   0.640874905E-02   0.653342599E-02   0.666134492E-02
   0.679264312E-02   0.692746646E-02   0.706598723E-02   0.720838729E-02
   0.735487273E-02   0.750573642E-02   0.766129879E-02   0.782187536E-02
   0.798773917E-02   0.815915638E-02   0.833640158E-02   0.851976724E-02
   0.870955470E-02   0.890611633E-02   0.910999366E-02   0.932178612E-02
   0.954210638E-02   0.977158040E-02   0.100108474E-01
  -0.000000000E+00  -0.333568402E-04  -0.667261366E-04  -0.100127602E-03
  -0.133568509E-03  -0.167043692E-03  -0.200535545E-03  -0.234021393E-03
  -0.267504015E-03  -0.301004275E-03  -0.334547725E-03  -0.368133669E-03
  -0.401748190E-03  -0.435375403E-03  -0.469014598E-03  -0.502671121E-03
  -0.536348319E-03  -0.570033385E-03  -0.603705949E-03  -0.637345461E-03
  -0.670944321E-03  -0.704499194E-03  -0.738006671E-03  -0.771460260E-03
  -0.804852500E-03  -0.838175064E-03  -0.871416377E-03  -0.904563368E-03
  -0.937603711E-03  -0.970531034E-03  -0.100334095E-02  -0.103602893E-02
  -0.106858805E-02  -0.110101075E-02  -0.113328971E-02  -0.116541862E-02
  -0.119739160E-02  -0.122920207E-02  -0.126084024E-02  -0.129229514E-02
  -0.132355632E-02  -0.135461641E-02  -0.138546902E-02  -0.141610740E-02
  -0.144652300E-02  -0.147670673E-02  -0.150664948E-02  -0.153634257E-02
  -0.156577739E-02  -0.159494550E-02  -0.162383927E-02  -0.165245137E-02
  -0.168077420E-02  -0.170879898E-02  -0.173651655E-02  -0.176391794E-02
  -0.179099511E-02  -0.181774031E-02  -0.184414558E-02  -0.187020199E-02
  -0.189590032E-02  -0.192123135E-02  -0.194618623E-02  -0.197075614E-02
  -0.199493211E-02  -0.201870466E-02  -0.204206412E-02  -0.206500072E-02
  -0.208750446E-02  -0.210956525E-02  -0.213117290E-02  -0.215231720E-02
  -0.217298784E-02  -0.219317434E-02  -0.221286557E-02  -0.223205018E-02
  -0.225071665E-02  -0.226885326E-02  -0.228644812E-02  -0.230348917E-02
  -0.231996408E-02  -0.233586034E-02  -0.235116518E-02  -0.236586515E-02
  -0.237994651E-02  -0.239339525E-02  -0.240619704E-02  -0.241833729E-02
  -0.242980107E-02  -0.244057277E-02  -0.245063640E-02  -0.245997570E-02
  -0.246857398E-02  -0.247641426E-02  -0.248347908E-02  -0.248974977E-02
  -0.249520711E-02  -0.249983159E-02  -0.250360349E-02  -0.250650276E-02
  -0.250850871E-02  -0.250959887E-02  -0.250975004E-02  -0.250893855E-02
  -0.250714000E-02  -0.250432955E-02  -0.250048164E-02  -0.249556919E-02
  -0.248956439E-02  -0.248243858E-02  -0.247416118E-02  -0.246470071E-02
  -0.245402477E-02  -0.244209905E-02  -0.242888827E-02  -0.241435602E-02
  -0.239846317E-02  -0.238116931E-02  -0.236243282E-02  -0.234220921E-02
  -0.232045264E-02  -0.229711544E-02  -0.227214509E-02  -0.224548703E-02
  -0.221708475E-02  -0.218687699E-02  -0.215480032E-02  -0.212078823E-02
  -0.208476523E-02  -0.204665238E-02  -0.200636806E-02  -0.196382467E-02
  -0.191893175E-02  -0.187158993E-02  -0.182166913E-02  -0.176902919E-02
  -0.171350799E-02  -0.165486368E-02  -0.159282937E-02  -0.152714906E-02
  -0.145763026E-02  -0.138409407E-02  -0.130634310E-02  -0.122411553E-02
  -0.113712876E-02  -0.104511436E-02  -0.947879744E-03  -0.845249586E-03
  -0.737045935E-03  -0.623088222E-03  -0.503193252E-03
  -0.000000000E+00  -0.625600870E-06  -0.250313559E-05  -0.563370232E-05
  -0.100183992E-04  -0.156583245E-04  -0.225545762E-04  -0.307082526E-04
  -0.401204519E-04  -0.507922721E-04  -0.627248115E-04  -0.759191683E-04
  -0.903764405E-04  -0.106097726E-03  -0.123084124E-03  -0.141336732E-03
  -0.160856648E-03  -0.181644970E-03  -0.203702796E-03  -0.227031225E-03
  -0.251631355E-03  -0.277504284E-03  -0.304651111E-03  -0.333076810E-03
  -0.362785628E-03  -0.393782407E-03  -0.426065137E-03  -0.459629248E-03
  -0.494470473E-03  -0.530588957E-03  -0.567986130E-03  -0.606664283E-03
  -0.646628966E-03  -0.687887113E-03  -0.730444942E-03  -0.774303391E-03
  -0.819461770E-03  -0.865919246E-03  -0.913675336E-03  -0.962729505E-03
  -0.101308115E-02  -0.106472999E-02  -0.111767575E-02  -0.117191820E-02
  -0.122745765E-02  -0.128429453E-02  -0.134242891E-02  -0.140185952E-02
  -0.146258460E-02  -0.152460207E-02  -0.158790926E-02  -0.165250314E-02
  -0.171838070E-02  -0.178553965E-02  -0.185397784E-02  -0.192369266E-02
  -0.199468005E-02  -0.206693543E-02  -0.214045419E-02  -0.221523273E-02
  -0.229126758E-02  -0.236855494E-02  -0.244709026E-02  -0.252686863E-02
  -0.260788498E-02  -0.269013439E-02  -0.277361184E-02  -0.285831226E-02
  -0.294423106E-02  -0.303136368E-02  -0.311970519E-02  -0.320924970E-02
  -0.329999088E-02  -0.339192244E-02  -0.348503874E-02  -0.357933421E-02
  -0.367480292E-02  -0.377143785E-02  -0.386923155E-02  -0.396817656E-02
  -0.406826608E-02  -0.416949336E-02  -0.427185125E-02  -0.437533123E-02
  -0.447992431E-02  -0.458562141E-02  -0.469241392E-02  -0.480029321E-02
  -0.490924989E-02  -0.501927220E-02  -0.513034748E-02  -0.524246333E-02
  -0.535560938E-02  -0.546977565E-02  -0.558495086E-02  -0.570111886E-02
  -0.581826195E-02  -0.593636264E-02  -0.605540595E-02  -0.617537728E-02
  -0.629626037E-02  -0.641803310E-02  -0.654067139E-02  -0.666415097E-02
  -0.678844888E-02  -0.691354212E-02  -0.703940574E-02  -0.716600864E-02
  -0.729331750E-02  -0.742129785E-02  -0.754991305E-02  -0.767912522E-02
  -0.780889391E-02  -0.793917086E-02  -0.806990489E-02  -0.820104229E-02
  -0.833252283E-02  -0.846428347E-02  -0.859625852E-02  -0.872837616E-02
  -0.886056167E-02  -0.899273565E-02  -0.912480499E-02  -0.925667135E-02
  -0.938822877E-02  -0.951934746E-02  -0.964988908E-02  -0.977970920E-02
  -0.990864909E-02  -0.100365435E-01  -0.101632344E-01  -0.102886057E-01
  -0.104125503E-01  -0.105349724E-01  -0.106558257E-01  -0.107750770E-01
  -0.108927060E-01  -0.110087421E-01  -0.111232296E-01  -0.112362001E-01
  -0.113476264E-01  -0.114574665E-01  -0.115657107E-01  -0.116724819E-01
  -0.117779404E-01  -0.118817904E-01  -0.119818683E-01  -0.120754838E-01
  -0.121598761E-01  -0.122322131E-01  -0.122895920E-01
  -0.000000000E+00  -0.870925191E-06  -0.348997333E-05  -0.786655326E-05
  -0.140100738E-04  -0.219299439E-04  -0.316355723E-04  -0.431363678E-04
  -0.564417394E-04  -0.715610959E-04  -0.885038461E-04  -0.107279399E-03
  -0.127897163E-03  -0.150366547E-03  -0.174696961E-03  -0.200897812E-03
  -0.228978511E-03  -0.258948465E-03  -0.290817083E-03  -0.324593775E-03
  -0.360287949E-03  -0.397909014E-03  -0.437466378E-03  -0.478996645E-03
  -0.522530144E-03  -0.568086484E-03  -0.615681459E-03  -0.665329705E-03
  -0.717047105E-03  -0.770855403E-03  -0.826778696E-03  -0.884842235E-03
  -0.945072785E-03  -0.100749835E-02  -0.107214780E-02  -0.113905012E-02
  -0.120823500E-02  -0.127973225E-02  -0.135356916E-02  -0.142977264E-02
  -0.150837085E-02  -0.158939587E-02  -0.167288151E-02  -0.175886147E-02
  -0.184736619E-02  -0.193842551E-02  -0.203207005E-02  -0.212833261E-02
  -0.222724699E-02  -0.232884745E-02  -0.243316833E-02  -0.254024436E-02
  -0.265011050E-02  -0.276280084E-02  -0.287834953E-02  -0.299679196E-02
  -0.311816751E-02  -0.324251711E-02  -0.336988213E-02  -0.350030321E-02
  -0.363382126E-02  -0.377047842E-02  -0.391031994E-02  -0.405339253E-02
  -0.419974335E-02  -0.434941876E-02  -0.450246546E-02  -0.465893138E-02
  -0.481886753E-02  -0.498232634E-02  -0.514936127E-02  -0.532002714E-02
  -0.549437981E-02  -0.567247636E-02  -0.585437583E-02  -0.604013856E-02
  -0.622982599E-02  -0.642350083E-02  -0.662122692E-02  -0.682306951E-02
  -0.702909640E-02  -0.723937688E-02  -0.745398188E-02  -0.767298544E-02
  -0.789646332E-02  -0.812449280E-02  -0.835715325E-02  -0.859452560E-02
  -0.883669226E-02  -0.908373763E-02  -0.933574759E-02  -0.959281090E-02
  -0.985502353E-02  -0.101224846E-01  -0.103952944E-01  -0.106735518E-01
  -0.109573567E-01  -0.112468127E-01  -0.115420339E-01  -0.118431387E-01
  -0.121502470E-01  -0.124634794E-01  -0.127829580E-01  -0.131088087E-01
  -0.134411682E-01  -0.137801777E-01  -0.141259814E-01  -0.144787293E-01
  -0.148385748E-01  -0.152056755E-01  -0.155801976E-01  -0.159623118E-01
  -0.163521946E-01  -0.167500376E-01  -0.171560387E-01  -0.175704002E-01
  -0.179933324E-01  -0.184250502E-01  -0.188657748E-01  -0.193157422E-01
  -0.197751953E-01  -0.202443851E-01  -0.207235828E-01  -0.212130682E-01
  -0.217131288E-01  -0.222240656E-01  -0.227461873E-01  -0.232798127E-01
  -0.238252834E-01  -0.243829518E-01  -0.249531580E-01  -0.255361729E-01
  -0.261322518E-01  -0.267416143E-01  -0.273643254E-01  -0.280004076E-01
  -0.286498685E-01  -0.293126656E-01  -0.299887396E-01  -0.306780479E-01
  -0.313806346E-01  -0.320965645E-01  -0.328259551E-01  -0.335691454E-01
  -0.343265359E-01  -0.350989745E-01  -0.358891023E-01  -0.367000749E-01
  -0.375351280E-01  -0.383975771E-01  -0.392908181E-01
   0.000000000E+00   0.813706873E-07   0.325028691E-06   0.730292926E-06
   0.129648230E-05   0.202291574E-05   0.290891214E-05   0.395379043E-05
   0.515686952E-05   0.651746831E-05   0.803490573E-05   0.970850069E-05
   0.115375721E-04   0.135214389E-04   0.156594199E-04   0.179508342E-04
   0.203950005E-04   0.229912379E-04   0.257388652E-04   0.286372013E-04
   0.316855652E-04   0.348832757E-04   0.382296519E-04   0.417210071E-04
   0.453541088E-04   0.491373969E-04   0.530674977E-04   0.571370718E-04
   0.613386984E-04   0.656679196E-04   0.701209247E-04   0.746946772E-04
   0.793901349E-04   0.842097314E-04   0.891542860E-04   0.942159952E-04
   0.993840396E-04   0.104649270E-03   0.110012720E-03   0.115478670E-03
   0.121049559E-03   0.126717737E-03   0.132472294E-03   0.138303390E-03
   0.144208221E-03   0.150186010E-03   0.156235114E-03   0.162349520E-03
   0.168521821E-03   0.174744829E-03   0.181013333E-03   0.187322592E-03
   0.193667755E-03   0.200043718E-03   0.206445247E-03   0.212866563E-03
   0.219299877E-03   0.225736667E-03   0.232168911E-03   0.238591550E-03
   0.245000324E-03   0.251390005E-03   0.257751264E-03   0.264073446E-03
   0.270346533E-03   0.276564256E-03   0.282721326E-03   0.288811534E-03
   0.294824811E-03   0.300749859E-03   0.306575769E-03   0.312294237E-03
   0.317897572E-03   0.323377473E-03   0.328723363E-03   0.333923891E-03
   0.338967684E-03   0.343844051E-03   0.348542344E-03   0.353051640E-03
   0.357360446E-03   0.361456972E-03   0.365329003E-03   0.368963250E-03
   0.372345945E-03   0.375463459E-03   0.378303566E-03   0.380854283E-03
   0.383102739E-03   0.385032905E-03   0.386627679E-03   0.387870196E-03
   0.388745659E-03   0.389239650E-03   0.389337005E-03   0.389020118E-03
   0.388270510E-03   0.387069460E-03   0.385398298E-03   0.383238135E-03
   0.380569738E-03   0.377373450E-03   0.373629262E-03   0.369316443E-03
   0.364412303E-03   0.358893344E-03   0.352735810E-03   0.345916172E-03
   0.338410678E-03   0.330194764E-03   0.321241729E-03   0.311523975E-03
   0.301013563E-03   0.289682620E-03   0.277502959E-03   0.264445440E-03
   0.250478416E-03   0.235569193E-03   0.219684183E-03   0.202787874E-03
   0.184843800E-03   0.165814337E-03   0.145659041E-03   0.124336213E-03
   0.101803548E-03   0.780185232E-04   0.529380329E-04   0.265197074E-04
  -0.127368244E-05  -0.304783816E-04  -0.611364422E-04  -0.933121808E-04
  -0.127076631E-03  -0.162500987E-03  -0.199652746E-03  -0.238599355E-03
  -0.279418574E-03  -0.322226345E-03  -0.367150398E-03  -0.414273475E-03
  -0.463487220E-03  -0.514630726E-03  -0.567660368E-03  -0.623024894E-03
  -0.681309346E-03  -0.742947091E-03  -0.807709691E-03  -0.875191702E-03
  -0.944975335E-03  -0.101663046E-02  -0.108971462E-02
  -0.000000000E+00  -0.148838272E-06  -0.597062373E-06  -0.134723623E-05
  -0.240192376E-05  -0.376368890E-05  -0.543509557E-05  -0.741870770E-05
  -0.971708921E-05  -0.123328040E-04  -0.152684161E-04  -0.185264893E-04
  -0.221095876E-04  -0.260202749E-04  -0.302611151E-04  -0.348346722E-04
  -0.397435101E-04  -0.449901927E-04  -0.505772839E-04  -0.565073477E-04
  -0.627829480E-04  -0.694066487E-04  -0.763810137E-04  -0.837160919E-04
  -0.914202226E-04  -0.994846366E-04  -0.107909798E-03  -0.116698779E-03
  -0.125856380E-03  -0.135394474E-03  -0.145327938E-03  -0.155669074E-03
  -0.166414329E-03  -0.177554679E-03  -0.189084902E-03  -0.201021245E-03
  -0.213387290E-03  -0.226202749E-03  -0.239463959E-03  -0.253159782E-03
  -0.267282935E-03  -0.281847878E-03  -0.296875999E-03  -0.312386226E-03
  -0.328382031E-03  -0.344862336E-03  -0.361827673E-03  -0.379287365E-03
  -0.397253427E-03  -0.415737761E-03  -0.434750158E-03  -0.454300009E-03
  -0.474396331E-03  -0.495045905E-03  -0.516254883E-03  -0.538031062E-03
  -0.560389224E-03  -0.583346475E-03  -0.606918351E-03  -0.631111755E-03
  -0.655931169E-03  -0.681383433E-03  -0.707485919E-03  -0.734259299E-03
  -0.761722621E-03  -0.789885800E-03  -0.818756301E-03  -0.848343610E-03
  -0.878665916E-03  -0.909744133E-03  -0.941598448E-03  -0.974244059E-03
  -0.100769501E-02  -0.104196636E-02  -0.107707689E-02  -0.111304666E-02
  -0.114989617E-02  -0.118764632E-02  -0.122631844E-02  -0.126593406E-02
  -0.130651403E-02  -0.134807929E-02  -0.139065221E-02  -0.143425972E-02
  -0.147893040E-02  -0.152469249E-02  -0.157157048E-02  -0.161958823E-02
  -0.166877150E-02  -0.171915285E-02  -0.177076718E-02  -0.182364926E-02
  -0.187783105E-02  -0.193334418E-02  -0.199022191E-02  -0.204850241E-02
  -0.210822576E-02  -0.216943289E-02  -0.223216578E-02  -0.229646733E-02
  -0.236238154E-02  -0.242995442E-02  -0.249923320E-02  -0.257026705E-02
  -0.264311027E-02  -0.271781935E-02  -0.279445214E-02  -0.287306852E-02
  -0.295372975E-02  -0.303649950E-02  -0.312144742E-02  -0.320864577E-02
  -0.329816864E-02  -0.339009295E-02  -0.348449754E-02  -0.358146429E-02
  -0.368108294E-02  -0.378344657E-02  -0.388865250E-02  -0.399680945E-02
  -0.410803081E-02  -0.422243481E-02  -0.434015225E-02  -0.446131926E-02
  -0.458607457E-02  -0.471455882E-02  -0.484691521E-02  -0.498328814E-02
  -0.512381836E-02  -0.526864752E-02  -0.541792845E-02  -0.557185169E-02
  -0.573062038E-02  -0.589444921E-02  -0.606358712E-02  -0.623829579E-02
  -0.641883614E-02  -0.660544944E-02  -0.679837520E-02  -0.699781333E-02
  -0.720378990E-02  -0.741628445E-02  -0.763535930E-02  -0.786142253E-02
  -0.809497833E-02  -0.833669159E-02  -0.858784435E-02  -0.884990203E-02
  -0.912436609E-02  -0.941277398E-02  -0.971669922E-02
   0.000000000E+00   0.279105985E-04   0.558254097E-04   0.837567330E-04
   0.111703005E-03   0.139648798E-03   0.167564824E-03   0.195418086E-03
   0.223213962E-03   0.250986045E-03   0.278779935E-03   0.306619203E-03
   0.334519721E-03   0.362494143E-03   0.390542203E-03   0.418655871E-03
   0.446825180E-03   0.475050650E-03   0.503335744E-03   0.531684687E-03
   0.560105634E-03   0.588608576E-03   0.617202389E-03   0.645887726E-03
   0.674662010E-03   0.703523883E-03   0.732481568E-03   0.761546722E-03
   0.790730219E-03   0.820035909E-03   0.849465365E-03   0.879021522E-03
   0.908714783E-03   0.938558241E-03   0.968564921E-03   0.998744519E-03
   0.102910601E-02   0.105965785E-02   0.109040558E-02   0.112135378E-02
   0.115250845E-02   0.118388242E-02   0.121549087E-02   0.124734824E-02
   0.127946347E-02   0.131184401E-02   0.134449813E-02   0.137743783E-02
   0.141067635E-02   0.144422687E-02   0.147810088E-02   0.151230956E-02
   0.154686451E-02   0.158177861E-02   0.161706527E-02   0.165273826E-02
   0.168881188E-02   0.172530083E-02   0.176221998E-02   0.179958396E-02
   0.183740755E-02   0.187570620E-02   0.191449737E-02   0.195379936E-02
   0.199363062E-02   0.203400888E-02   0.207495194E-02   0.211647828E-02
   0.215860830E-02   0.220136323E-02   0.224476468E-02   0.228883448E-02
   0.233359483E-02   0.237906870E-02   0.242528088E-02   0.247225703E-02
   0.252002339E-02   0.256860686E-02   0.261803492E-02   0.266833578E-02
   0.271953885E-02   0.277167429E-02   0.282477338E-02   0.287886997E-02
   0.293399915E-02   0.299019672E-02   0.304749909E-02   0.310594338E-02
   0.316556806E-02   0.322641480E-02   0.328852677E-02   0.335194826E-02
   0.341672542E-02   0.348290557E-02   0.355053758E-02   0.361967369E-02
   0.369036780E-02   0.376267547E-02   0.383665562E-02   0.391236895E-02
   0.398987816E-02   0.406925024E-02   0.415055437E-02   0.423386200E-02
   0.431924958E-02   0.440679603E-02   0.449658312E-02   0.458869902E-02
   0.468323499E-02   0.478028523E-02   0.487995008E-02   0.498233302E-02
   0.508754186E-02   0.519569533E-02   0.530691692E-02   0.542133423E-02
   0.553908373E-02   0.566030633E-02   0.578514877E-02   0.591377274E-02
   0.604634631E-02   0.618304399E-02   0.632405561E-02   0.646957792E-02
   0.661981444E-02   0.677498350E-02   0.693531068E-02   0.710102812E-02
   0.727238075E-02   0.744962041E-02   0.763300254E-02   0.782278183E-02
   0.801921627E-02   0.822256268E-02   0.843305861E-02   0.865093942E-02
   0.887641686E-02   0.910959554E-02   0.935055201E-02   0.959940265E-02
   0.985642897E-02   0.101219588E-01   0.103963435E-01   0.106800126E-01
   0.109734215E-01   0.112773182E-01   0.115936074E-01   0.119245289E-01
   0.122723785E-01   0.126395075E-01   0.130283231E-01
   0.000000000E+00   0.310414579E-04   0.620773792E-04   0.931047224E-04
   0.124116169E-03   0.155100123E-03   0.186040711E-03   0.216925052E-03
   0.247773363E-03   0.278631694E-03   0.309551335E-03   0.340530279E-03
   0.371537873E-03   0.402539981E-03   0.433545439E-03   0.464581347E-03
   0.495675267E-03   0.526830987E-03   0.558043234E-03   0.589304101E-03
   0.620604297E-03   0.651932317E-03   0.683279717E-03   0.714659934E-03
   0.746095061E-03   0.777603078E-03   0.809172358E-03   0.840780404E-03
   0.872408251E-03   0.904064576E-03   0.935767353E-03   0.967532219E-03
   0.999356776E-03   0.103123287E-02   0.106315361E-02   0.109512146E-02
   0.112714179E-02   0.115921904E-02   0.119135222E-02   0.122353859E-02
   0.125577492E-02   0.128805724E-02   0.132038104E-02   0.135274254E-02
   0.138514236E-02   0.141758246E-02   0.145006321E-02   0.148257790E-02
   0.151511738E-02   0.154767352E-02   0.158024458E-02   0.161283057E-02
   0.164542987E-02   0.167803366E-02   0.171063073E-02   0.174321057E-02
   0.177576775E-02   0.180829810E-02   0.184079635E-02   0.187325301E-02
   0.190565714E-02   0.193799767E-02   0.197026475E-02   0.200244856E-02
   0.203453873E-02   0.206652376E-02   0.209839151E-02   0.213012929E-02
   0.216172332E-02   0.219315920E-02   0.222442228E-02   0.225549829E-02
   0.228637277E-02   0.231703032E-02   0.234745306E-02   0.237762200E-02
   0.240751788E-02   0.243712209E-02   0.246641579E-02   0.249537939E-02
   0.252399166E-02   0.255223049E-02   0.258007304E-02   0.260749508E-02
   0.263447158E-02   0.266097689E-02   0.268698486E-02   0.271246873E-02
   0.273740080E-02   0.276175146E-02   0.278549008E-02   0.280858526E-02
   0.283100466E-02   0.285271515E-02   0.287368253E-02   0.289387049E-02
   0.291324157E-02   0.293175733E-02   0.294937775E-02   0.296606178E-02
   0.298176729E-02   0.299645032E-02   0.301006577E-02   0.302256707E-02
   0.303390454E-02   0.304402691E-02   0.305288159E-02   0.306041377E-02
   0.306656728E-02   0.307128398E-02   0.307450120E-02   0.307615418E-02
   0.307617689E-02   0.307450227E-02   0.307106202E-02   0.306578603E-02
   0.305860073E-02   0.304943061E-02   0.303819645E-02   0.302480816E-02
   0.300917149E-02   0.299118845E-02   0.297075144E-02   0.294774876E-02
   0.292206730E-02   0.289359509E-02   0.286221889E-02   0.282783103E-02
   0.279035277E-02   0.274971226E-02   0.270583326E-02   0.265862362E-02
   0.260798618E-02   0.255380382E-02   0.249588252E-02   0.243400521E-02
   0.236796825E-02   0.229763667E-02   0.222289180E-02   0.214357903E-02
   0.205940246E-02   0.197002475E-02   0.187517327E-02   0.177486063E-02
   0.166917530E-02   0.155806923E-02   0.144092623E-02   0.131697212E-02
   0.118541412E-02   0.104544078E-02   0.896222036E-03
  -0.000000000E+00  -0.556480640E-05  -0.111297142E-04  -0.166954594E-04
  -0.222616902E-04  -0.278269670E-04  -0.333887626E-04  -0.389440044E-04
  -0.444913230E-04  -0.500305090E-04  -0.555616118E-04  -0.610829860E-04
  -0.665921141E-04  -0.720863868E-04  -0.775644380E-04  -0.830254344E-04
  -0.884682927E-04  -0.938900297E-04  -0.992867643E-04  -0.104654495E-03
  -0.109990354E-03  -0.115291774E-03  -0.120556205E-03  -0.125781240E-03
  -0.130964529E-03  -0.136103582E-03  -0.141195267E-03  -0.146236182E-03
  -0.151222972E-03  -0.156152917E-03  -0.161023486E-03  -0.165832212E-03
  -0.170576816E-03  -0.175255114E-03  -0.179864847E-03  -0.184403274E-03
  -0.188867497E-03  -0.193254606E-03  -0.197561737E-03  -0.201786026E-03
  -0.205924545E-03  -0.209974186E-03  -0.213931754E-03  -0.217793970E-03
  -0.221557324E-03  -0.225218200E-03  -0.228773186E-03  -0.232219966E-03
  -0.235556568E-03  -0.238780722E-03  -0.241888694E-03  -0.244876285E-03
  -0.247739408E-03  -0.250474752E-03  -0.253079205E-03  -0.255549571E-03
  -0.257882336E-03  -0.260073871E-03  -0.262120480E-03  -0.264018307E-03
  -0.265763417E-03  -0.267351915E-03  -0.268780235E-03  -0.270044887E-03
  -0.271142212E-03  -0.272067928E-03  -0.272817533E-03  -0.273386593E-03
  -0.273771162E-03  -0.273967405E-03  -0.273971298E-03  -0.273778117E-03
  -0.273382901E-03  -0.272780775E-03  -0.271967470E-03  -0.270938859E-03
  -0.269690633E-03  -0.268217839E-03  -0.266515301E-03  -0.264577882E-03
  -0.262400846E-03  -0.259979526E-03  -0.257309194E-03  -0.254384983E-03
  -0.251201960E-03  -0.247755041E-03  -0.244038675E-03  -0.240047135E-03
  -0.235774894E-03  -0.231217471E-03  -0.226370648E-03  -0.221229953E-03
  -0.215789854E-03  -0.210044499E-03  -0.203988156E-03  -0.197615797E-03
  -0.190922560E-03  -0.183903697E-03  -0.176554994E-03  -0.168872388E-03
  -0.160851646E-03  -0.152487827E-03  -0.143775784E-03  -0.134710805E-03
  -0.125290038E-03  -0.115511163E-03  -0.105371811E-03  -0.948691638E-04
  -0.840003245E-04  -0.727628653E-04  -0.611561119E-04  -0.491799424E-04
  -0.368346371E-04  -0.241216792E-04  -0.110430054E-04   0.239882530E-05
   0.161993269E-04   0.303533096E-04   0.448547251E-04   0.596949106E-04
   0.748642379E-04   0.903519591E-04   0.106144007E-03   0.122225066E-03
   0.138578065E-03   0.155180477E-03   0.172007803E-03   0.189036558E-03
   0.206249739E-03   0.223631662E-03   0.241165030E-03   0.258827355E-03
   0.276594334E-03   0.294446369E-03   0.312384961E-03   0.330417201E-03
   0.348576362E-03   0.367001050E-03   0.385860242E-03   0.405277881E-03
   0.425180276E-03   0.445440803E-03   0.465955985E-03   0.486727658E-03
   0.507784969E-03   0.529001596E-03   0.549618315E-03   0.568696724E-03
   0.585273358E-03   0.598359689E-03   0.606942125E-03
   0.000000000E+00   0.662339358E-05   0.132455679E-04   0.198666522E-04
   0.264844640E-04   0.330945092E-04   0.396899820E-04   0.462632206E-04
   0.528117364E-04   0.593367591E-04   0.658405318E-04   0.723199830E-04
   0.787693909E-04   0.851825885E-04   0.915561162E-04   0.978875453E-04
   0.104174158E-03   0.110410910E-03   0.116591671E-03   0.122710097E-03
   0.128760893E-03   0.134738982E-03   0.140639486E-03   0.146458792E-03
   0.152193802E-03   0.157841046E-03   0.163394669E-03   0.168847911E-03
   0.174194280E-03   0.179429579E-03   0.184550367E-03   0.189553112E-03
   0.194433328E-03   0.199186250E-03   0.203806951E-03   0.208289896E-03
   0.212629301E-03   0.216819636E-03   0.220856842E-03   0.224737338E-03
   0.228457198E-03   0.232010647E-03   0.235391306E-03   0.238593058E-03
   0.241611385E-03   0.244442247E-03   0.247081156E-03   0.249521514E-03
   0.251756029E-03   0.253777750E-03   0.255581790E-03   0.257163847E-03
   0.258519382E-03   0.259642644E-03   0.260527513E-03   0.261167789E-03
   0.261557187E-03   0.261689341E-03   0.261558006E-03   0.261157663E-03
   0.260482986E-03   0.259528257E-03   0.258286132E-03   0.256748731E-03
   0.254908481E-03   0.252759531E-03   0.250296490E-03   0.247513476E-03
   0.244402502E-03   0.240954920E-03   0.237162340E-03   0.233017951E-03
   0.228515333E-03   0.223647673E-03   0.218406599E-03   0.212783232E-03
   0.206768706E-03   0.200354644E-03   0.193532728E-03   0.186294507E-03
   0.178631294E-03   0.170534262E-03   0.161994240E-03   0.153000976E-03
   0.143543811E-03   0.133612176E-03   0.123196409E-03   0.112287008E-03
   0.100873909E-03   0.889450629E-04   0.764877432E-04   0.634892925E-04
   0.499380260E-04   0.358223976E-04   0.211303433E-04   0.584813917E-05
  -0.100385431E-04  -0.265442594E-04  -0.436837468E-04  -0.614719662E-04
  -0.799242679E-04  -0.990568550E-04  -0.118886353E-03  -0.139429983E-03
  -0.160706556E-03  -0.182735546E-03  -0.205536797E-03  -0.229130576E-03
  -0.253537524E-03  -0.278779124E-03  -0.304879207E-03  -0.331862549E-03
  -0.359754657E-03  -0.388582600E-03  -0.418374235E-03  -0.449158440E-03
  -0.480966642E-03  -0.513831387E-03  -0.547786490E-03  -0.582869022E-03
  -0.619117447E-03  -0.656571987E-03  -0.695277714E-03  -0.735281640E-03
  -0.776632560E-03  -0.819383573E-03  -0.863589704E-03  -0.909306567E-03
  -0.956588748E-03  -0.100549133E-02  -0.105607130E-02  -0.110839021E-02
  -0.116251169E-02  -0.121850446E-02  -0.127645449E-02  -0.133645350E-02
  -0.139859575E-02  -0.146298006E-02  -0.152970785E-02  -0.159887961E-02
  -0.167058583E-02  -0.174491553E-02  -0.182197380E-02  -0.190192610E-02
  -0.198495615E-02  -0.207130326E-02  -0.216142001E-02  -0.225582239E-02
  -0.235503889E-02  -0.245961046E-02  -0.257009057E-02
   0.000000000E+00   0.162575413E-06   0.652026303E-06   0.147093965E-05
   0.262190243E-05   0.410750163E-05   0.593032422E-05   0.809295718E-05
   0.105979875E-04   0.134480021E-04   0.166455881E-04   0.201933323E-04
   0.240938218E-04   0.283496436E-04   0.329633845E-04   0.379376317E-04
   0.432749720E-04   0.489779926E-04   0.550492802E-04   0.614914220E-04
   0.683070048E-04   0.754986158E-04   0.830688418E-04   0.910275221E-04
   0.993827713E-04   0.108134178E-03   0.117286969E-03   0.126848281E-03
   0.136825676E-03   0.147226911E-03   0.158060115E-03   0.169333165E-03
   0.181051435E-03   0.193219560E-03   0.205843137E-03   0.218932151E-03
   0.232498236E-03   0.246552633E-03   0.261102833E-03   0.276155314E-03
   0.291717472E-03   0.307800653E-03   0.324417643E-03   0.341580726E-03
   0.359298359E-03   0.377577963E-03   0.396427627E-03   0.415858362E-03
   0.435882188E-03   0.456511301E-03   0.477757594E-03   0.499633068E-03
   0.522149720E-03   0.545318729E-03   0.569151162E-03   0.593658779E-03
   0.618855781E-03   0.644757287E-03   0.671378319E-03   0.698732328E-03
   0.726832491E-03   0.755692699E-03   0.785329219E-03   0.815759225E-03
   0.846999975E-03   0.879067845E-03   0.911979192E-03   0.945750939E-03
   0.980401481E-03   0.101594988E-02   0.105241552E-02   0.108981798E-02
   0.112817711E-02   0.116751339E-02   0.120784845E-02   0.124920460E-02
   0.129160448E-02   0.133507083E-02   0.137962675E-02   0.142529582E-02
   0.147210244E-02   0.152007151E-02   0.156922885E-02   0.161960242E-02
   0.167122121E-02   0.172411436E-02   0.177830997E-02   0.183383620E-02
   0.189072226E-02   0.194900020E-02   0.200870325E-02   0.206986517E-02
   0.213252009E-02   0.219670263E-02   0.226244825E-02   0.232979402E-02
   0.239877790E-02   0.246943874E-02   0.254181695E-02   0.261595391E-02
   0.269189196E-02   0.276967530E-02   0.284934919E-02   0.293095986E-02
   0.301455519E-02   0.310018406E-02   0.318789657E-02   0.327774523E-02
   0.336978383E-02   0.346406723E-02   0.356065185E-02   0.365959520E-02
   0.376095674E-02   0.386480090E-02   0.397119427E-02   0.408020446E-02
   0.419189973E-02   0.430634937E-02   0.442362397E-02   0.454379587E-02
   0.466693877E-02   0.479312769E-02   0.492243959E-02   0.505495282E-02
   0.519074691E-02   0.532990246E-02   0.547250126E-02   0.561862622E-02
   0.576836118E-02   0.592179110E-02   0.607899188E-02   0.623999904E-02
   0.640483731E-02   0.657351907E-02   0.674600879E-02   0.692225663E-02
   0.710219293E-02   0.728567591E-02   0.747254122E-02   0.766264431E-02
   0.785593886E-02   0.805240249E-02   0.825199801E-02   0.845463263E-02
   0.866019669E-02   0.886865452E-02   0.908028158E-02   0.929543903E-02
   0.951449726E-02   0.973783587E-02   0.996584364E-02
   0.000000000E+00   0.194557284E-06   0.780741814E-06   0.176232260E-05
   0.314306867E-05   0.492674902E-05   0.711713269E-05   0.971798867E-05
   0.127330860E-04   0.161661937E-04   0.200210807E-04   0.243015161E-04
   0.290112689E-04   0.341541082E-04   0.397338028E-04   0.457541219E-04
   0.522188345E-04   0.591317095E-04   0.664965160E-04   0.743170230E-04
   0.825969995E-04   0.913402146E-04   0.100550437E-03   0.110242785E-03
   0.120429861E-03   0.131123064E-03   0.142329587E-03   0.154055378E-03
   0.166306895E-03   0.179093225E-03   0.192424469E-03   0.206311217E-03
   0.220764765E-03   0.235796946E-03   0.251419883E-03   0.267645402E-03
   0.284485505E-03   0.301952631E-03   0.320059966E-03   0.338821191E-03
   0.358250190E-03   0.378360395E-03   0.399165332E-03   0.420678881E-03
   0.442915514E-03   0.465890095E-03   0.489617629E-03   0.514112655E-03
   0.539389762E-03   0.565463955E-03   0.592351259E-03   0.620068204E-03
   0.648631369E-03   0.678056542E-03   0.708359448E-03   0.739556413E-03
   0.771665640E-03   0.804706093E-03   0.838697024E-03   0.873657693E-03
   0.909607611E-03   0.946566724E-03   0.984555722E-03   0.102359577E-02
   0.106370834E-02   0.110491506E-02   0.114723785E-02   0.119069902E-02
   0.123532141E-02   0.128112828E-02   0.132814349E-02   0.137639225E-02
   0.142590047E-02   0.147669437E-02   0.152880007E-02   0.158224398E-02
   0.163705313E-02   0.169325589E-02   0.175088130E-02   0.180995893E-02
   0.187051884E-02   0.193259160E-02   0.199620838E-02   0.206140140E-02
   0.212820351E-02   0.219664837E-02   0.226677128E-02   0.233860842E-02
   0.241219642E-02   0.248757188E-02   0.256477185E-02   0.264383460E-02
   0.272480183E-02   0.280771665E-02   0.289262264E-02   0.297956295E-02
   0.306858110E-02   0.315972215E-02   0.325303537E-02   0.334857175E-02
   0.344638311E-02   0.354652204E-02   0.364904198E-02   0.375399799E-02
   0.386144901E-02   0.397145581E-02   0.408408076E-02   0.419938968E-02
   0.431745018E-02   0.443833161E-02   0.456210693E-02   0.468885097E-02
   0.481864144E-02   0.495156371E-02   0.508770631E-02   0.522715988E-02
   0.537001851E-02   0.551637850E-02   0.566633879E-02   0.582000370E-02
   0.597748038E-02   0.613888027E-02   0.630432649E-02   0.647394692E-02
   0.664787403E-02   0.682625177E-02   0.700922910E-02   0.719695893E-02
   0.738960157E-02   0.758732151E-02   0.779027252E-02   0.799855570E-02
   0.821225914E-02   0.843144231E-02   0.865604705E-02   0.888598175E-02
   0.912115047E-02   0.936145403E-02   0.960678898E-02   0.985705298E-02
   0.101121627E-01   0.103720368E-01   0.106365785E-01   0.109056389E-01
   0.111790517E-01   0.114570484E-01   0.117414906E-01   0.120346987E-01
   0.123390544E-01   0.126570002E-01   0.129910398E-01
  -0.000000000E+00  -0.414624089E-07  -0.166330144E-06  -0.375323967E-06
  -0.669164642E-06  -0.104857293E-05  -0.151426959E-05  -0.206697540E-05
  -0.270741110E-05  -0.343629747E-05  -0.425435526E-05  -0.516230524E-05
  -0.616086817E-05  -0.725076481E-05  -0.843271593E-05  -0.970744229E-05
  -0.110756646E-04  -0.125381038E-04  -0.140954804E-04  -0.157485153E-04
  -0.174979293E-04  -0.193444431E-04  -0.212887775E-04  -0.233373208E-04
  -0.254959808E-04  -0.277793816E-04  -0.301847755E-04  -0.327034155E-04
  -0.353278344E-04  -0.380616714E-04  -0.409121954E-04  -0.438865321E-04
  -0.469884206E-04  -0.502207501E-04  -0.535859801E-04  -0.570844843E-04
  -0.607158754E-04  -0.644809326E-04  -0.683862526E-04  -0.724404585E-04
  -0.766508797E-04  -0.810173057E-04  -0.855371591E-04  -0.902092773E-04
  -0.950400546E-04  -0.100038287E-03  -0.105211963E-03  -0.110563924E-03
  -0.116095547E-03  -0.121808914E-03  -0.127709511E-03  -0.133803908E-03
  -0.140098571E-03  -0.146598681E-03  -0.153309155E-03  -0.160234947E-03
  -0.167380873E-03  -0.174751765E-03  -0.182353052E-03  -0.190192416E-03
  -0.198278336E-03  -0.206618842E-03  -0.215219202E-03  -0.224083967E-03
  -0.233218626E-03  -0.242632541E-03  -0.252336333E-03  -0.262340185E-03
  -0.272651383E-03  -0.283276517E-03  -0.294222910E-03  -0.305500697E-03
  -0.317120955E-03  -0.329094723E-03  -0.341431947E-03  -0.354142433E-03
  -0.367236476E-03  -0.380725809E-03  -0.394622743E-03  -0.408939880E-03
  -0.423690144E-03  -0.438886752E-03  -0.454543165E-03  -0.470672960E-03
  -0.487289945E-03  -0.504408637E-03  -0.522045618E-03  -0.540218292E-03
  -0.558944129E-03  -0.578239659E-03  -0.598121395E-03  -0.618606833E-03
  -0.639716525E-03  -0.661472169E-03  -0.683895560E-03  -0.707007408E-03
  -0.730828431E-03  -0.755380553E-03  -0.780689428E-03  -0.806782097E-03
  -0.833685831E-03  -0.861426998E-03  -0.890032113E-03  -0.919528990E-03
  -0.949949199E-03  -0.981325781E-03  -0.101369256E-02  -0.104708446E-02
  -0.108153719E-02  -0.111708762E-02  -0.115377509E-02  -0.119164015E-02
  -0.123072495E-02  -0.127107556E-02  -0.131273979E-02  -0.135576678E-02
  -0.140020808E-02  -0.144611668E-02  -0.149354746E-02  -0.154256002E-02
  -0.159321608E-02  -0.164557973E-02  -0.169972113E-02  -0.175571305E-02
  -0.181363094E-02  -0.187355659E-02  -0.193557469E-02  -0.199977285E-02
  -0.206624535E-02  -0.213508956E-02  -0.220640799E-02  -0.228031796E-02
  -0.235694242E-02  -0.243640770E-02  -0.251884615E-02  -0.260439363E-02
  -0.269319277E-02  -0.278540550E-02  -0.288120116E-02  -0.298077206E-02
  -0.308439325E-02  -0.319236583E-02  -0.330497452E-02  -0.342241687E-02
  -0.354487046E-02  -0.367253110E-02  -0.380565967E-02  -0.394453764E-02
  -0.408945185E-02  -0.424069453E-02  -0.439856332E-02
   0.000000000E+00   0.521063830E-07   0.209585761E-06   0.474178477E-06
   0.847624874E-06   0.133166530E-05   0.192804009E-05   0.263848959E-05
   0.346475414E-05   0.440857410E-05   0.547168979E-05   0.665584157E-05
   0.796276978E-05   0.939421476E-05   0.109519168E-04   0.126376164E-04
   0.144530537E-04   0.163999692E-04   0.184801032E-04   0.206951960E-04
   0.230469880E-04   0.255372195E-04   0.281676309E-04   0.309428216E-04
   0.338662309E-04   0.369193063E-04   0.401057736E-04   0.434366150E-04
   0.469231823E-04   0.505731793E-04   0.543937186E-04   0.583899888E-04
   0.625572120E-04   0.668869347E-04   0.713741966E-04   0.760332565E-04
   0.808850115E-04   0.859463181E-04   0.912103583E-04   0.966626432E-04
   0.102292879E-03   0.108114455E-03   0.114148307E-03   0.120412386E-03
   0.126906559E-03   0.133625285E-03   0.140564958E-03   0.147732857E-03
   0.155139544E-03   0.162794991E-03   0.170704848E-03   0.178873645E-03
   0.187305778E-03   0.196005062E-03   0.204975119E-03   0.214220875E-03
   0.223752847E-03   0.233583407E-03   0.243723307E-03   0.254174942E-03
   0.264938272E-03   0.276015522E-03   0.287419369E-03   0.299165696E-03
   0.311268465E-03   0.323731596E-03   0.336556197E-03   0.349745385E-03
   0.363311479E-03   0.377269569E-03   0.391633661E-03   0.406411676E-03
   0.421609950E-03   0.437235789E-03   0.453300556E-03   0.469816885E-03
   0.486797429E-03   0.504253973E-03   0.522198240E-03   0.540642017E-03
   0.559596702E-03   0.579073719E-03   0.599085441E-03   0.619647629E-03
   0.640777203E-03   0.662490376E-03   0.684799232E-03   0.707714859E-03
   0.731249906E-03   0.755423151E-03   0.780255299E-03   0.805766393E-03
   0.831972235E-03   0.858887683E-03   0.886528852E-03   0.914916435E-03
   0.944072636E-03   0.974019683E-03   0.100477850E-02   0.103636996E-02
   0.106881561E-02   0.110213884E-02   0.113636383E-02   0.117151559E-02
   0.120762126E-02   0.124470891E-02   0.128280713E-02   0.132194493E-02
   0.136215183E-02   0.140345854E-02   0.144589913E-02   0.148950901E-02
   0.153432394E-02   0.158037903E-02   0.162770969E-02   0.167635288E-02
   0.172635014E-02   0.177774475E-02   0.183058200E-02   0.188491286E-02
   0.194079051E-02   0.199827023E-02   0.205741256E-02   0.211828031E-02
   0.218093633E-02   0.224543982E-02   0.231184982E-02   0.238022411E-02
   0.245061217E-02   0.252306182E-02   0.259762638E-02   0.267437966E-02
   0.275340180E-02   0.283477988E-02   0.291862466E-02   0.300505471E-02
   0.309418186E-02   0.318608284E-02   0.328082613E-02   0.337843133E-02
   0.347871721E-02   0.358144580E-02   0.368646728E-02   0.379401297E-02
   0.390441717E-02   0.401806492E-02   0.413552099E-02   0.425740728E-02
   0.438436114E-02   0.451703538E-02   0.465609829E-02
  -0.000000000E+00  -0.383645026E-05  -0.766893979E-05  -0.114930411E-04
  -0.153051269E-04  -0.191023698E-04  -0.228827425E-04  -0.266463054E-04
  -0.304005418E-04  -0.341590696E-04  -0.379364853E-04  -0.417322647E-04
  -0.455375413E-04  -0.493396896E-04  -0.531266418E-04  -0.568845919E-04
  -0.606027017E-04  -0.642931099E-04  -0.679787839E-04  -0.716806000E-04
  -0.753902568E-04  -0.790881942E-04  -0.827559749E-04  -0.863941048E-04
  -0.900095105E-04  -0.936089807E-04  -0.971933813E-04  -0.100761907E-03
  -0.104312678E-03  -0.107839434E-03  -0.111334052E-03  -0.114790056E-03
  -0.118211021E-03  -0.121604003E-03  -0.124974093E-03  -0.128314625E-03
  -0.131615008E-03  -0.134866352E-03  -0.138070373E-03  -0.141232132E-03
  -0.144355041E-03  -0.147433278E-03  -0.150458065E-03  -0.153421411E-03
  -0.156320837E-03  -0.159155407E-03  -0.161924042E-03  -0.164624655E-03
  -0.167254887E-03  -0.169811712E-03  -0.172289383E-03  -0.174681194E-03
  -0.176981024E-03  -0.179186226E-03  -0.181295122E-03  -0.183305147E-03
  -0.185209759E-03  -0.187001135E-03  -0.188672032E-03  -0.190218674E-03
  -0.191638213E-03  -0.192927053E-03  -0.194078367E-03  -0.195084293E-03
  -0.195937195E-03  -0.196631219E-03  -0.197160908E-03  -0.197520378E-03
  -0.197702234E-03  -0.197698541E-03  -0.197501315E-03  -0.197103017E-03
  -0.196496112E-03  -0.195672893E-03  -0.194625417E-03  -0.193345564E-03
  -0.191824797E-03  -0.190053364E-03  -0.188021019E-03  -0.185717679E-03
  -0.183134671E-03  -0.180263595E-03  -0.177095393E-03  -0.173618663E-03
  -0.169821202E-03  -0.165690975E-03  -0.161217501E-03  -0.156390587E-03
  -0.151199499E-03  -0.145631756E-03  -0.139674243E-03  -0.133313889E-03
  -0.126538603E-03  -0.119336413E-03  -0.111694864E-03  -0.103600058E-03
  -0.950375415E-04  -0.859928962E-04  -0.764526450E-04  -0.664034141E-04
  -0.558313330E-04  -0.447210700E-04  -0.330567278E-04  -0.208226245E-04
  -0.800475267E-05   0.541057840E-05   0.194374662E-04   0.340912107E-04
   0.493875723E-04   0.653421693E-04   0.819694061E-04   0.992834746E-04
   0.117298881E-03   0.136031010E-03   0.155495598E-03   0.175707438E-03
   0.196676966E-03   0.218413463E-03   0.240925424E-03   0.264218333E-03
   0.288296754E-03   0.313165595E-03   0.338831819E-03   0.365302836E-03
   0.392585736E-03   0.420686622E-03   0.449611238E-03   0.479361104E-03
   0.509921003E-03   0.541270784E-03   0.573386289E-03   0.606229878E-03
   0.639759380E-03   0.673936192E-03   0.708740743E-03   0.744157864E-03
   0.780193986E-03   0.816944961E-03   0.854531830E-03   0.893082323E-03
   0.932741117E-03   0.973660111E-03   0.101588383E-02   0.105900928E-02
   0.110250886E-02   0.114587879E-02   0.118875739E-02   0.123081272E-02
   0.127170431E-02   0.131108325E-02   0.134859211E-02
  -0.000000000E+00  -0.418156750E-05  -0.835881103E-05  -0.125257360E-04
  -0.166792116E-04  -0.208189713E-04  -0.249476122E-04  -0.290701054E-04
  -0.331917646E-04  -0.373187366E-04  -0.414544244E-04  -0.455845642E-04
  -0.496835084E-04  -0.537271019E-04  -0.577278742E-04  -0.617163199E-04
  -0.657223426E-04  -0.697391334E-04  -0.737451023E-04  -0.777177834E-04
  -0.816505168E-04  -0.855414133E-04  -0.893905262E-04  -0.932050150E-04
  -0.969955172E-04  -0.100769279E-03  -0.104511982E-03  -0.108201100E-03
  -0.111817630E-03  -0.115368091E-03  -0.118867787E-03  -0.122328579E-03
  -0.125739315E-03  -0.129081137E-03  -0.132337364E-03  -0.135507268E-03
  -0.138595054E-03  -0.141603412E-03  -0.144525685E-03  -0.147352255E-03
  -0.150073495E-03  -0.152681861E-03  -0.155170159E-03  -0.157531530E-03
  -0.159761367E-03  -0.161855705E-03  -0.163809128E-03  -0.165609936E-03
  -0.167244251E-03  -0.168699329E-03  -0.169969436E-03  -0.171050807E-03
  -0.171937923E-03  -0.172617377E-03  -0.173073188E-03  -0.173290212E-03
  -0.173259025E-03  -0.172971663E-03  -0.172418906E-03  -0.171586433E-03
  -0.170458203E-03  -0.169018213E-03  -0.167252311E-03  -0.165146593E-03
  -0.162686523E-03  -0.159855934E-03  -0.156637922E-03  -0.153015050E-03
  -0.148969055E-03  -0.144481109E-03  -0.139532003E-03  -0.134102391E-03
  -0.128172567E-03  -0.121721871E-03  -0.114727084E-03  -0.107163876E-03
  -0.990076622E-04  -0.902346946E-04  -0.808210713E-04  -0.707418535E-04
  -0.599693933E-04  -0.484748558E-04  -0.362287296E-04  -0.232007788E-04
  -0.936008650E-05   0.532519217E-05   0.208886419E-04   0.373648433E-04
   0.547893308E-04   0.731992534E-04   0.926327671E-04   0.113129222E-03
   0.134730382E-03   0.157479302E-03   0.181420154E-03   0.206598893E-03
   0.233062645E-03   0.260860093E-03   0.290043340E-03   0.320666184E-03
   0.352783734E-03   0.386453034E-03   0.421732483E-03   0.458682679E-03
   0.497369627E-03   0.537861755E-03   0.580229345E-03   0.624545947E-03
   0.670887058E-03   0.719330798E-03   0.769961335E-03   0.822865681E-03
   0.878133235E-03   0.935857730E-03   0.996135413E-03   0.105906577E-02
   0.112475569E-02   0.119331555E-02   0.126486089E-02   0.133952145E-02
   0.141743265E-02   0.149873454E-02   0.158357744E-02   0.167211666E-02
   0.176451013E-02   0.186091700E-02   0.196149898E-02   0.206641810E-02
   0.217582833E-02   0.228988348E-02   0.240874202E-02   0.253257367E-02
   0.266155317E-02   0.279586179E-02   0.293569837E-02   0.308126888E-02
   0.323275606E-02   0.339023749E-02   0.355376321E-02   0.372339866E-02
   0.389927538E-02   0.408154293E-02   0.427039729E-02   0.446621741E-02
   0.466943557E-02   0.488063226E-02   0.510096069E-02   0.533174334E-02
   0.557433496E-02   0.583012256E-02   0.610052541E-02
   0.000000000E+00   0.120153167E-05   0.240276658E-05   0.360392729E-05
   0.480434611E-05   0.600246510E-05   0.719583610E-05   0.838166575E-05
   0.955907363E-05   0.107285472E-04   0.118909356E-04   0.130451063E-04
   0.141889316E-04   0.153203826E-04   0.164396993E-04   0.175482366E-04
   0.186470114E-04   0.197333972E-04   0.208031309E-04   0.218521736E-04
   0.228802490E-04   0.238885026E-04   0.248779274E-04   0.258471815E-04
   0.267941215E-04   0.277166261E-04   0.286133700E-04   0.294832548E-04
   0.303253095E-04   0.311390676E-04   0.319242801E-04   0.326805383E-04
   0.334063935E-04   0.341000453E-04   0.347599009E-04   0.353855647E-04
   0.359770462E-04   0.365341602E-04   0.370555231E-04   0.375393711E-04
   0.379841738E-04   0.383896543E-04   0.387559448E-04   0.390829464E-04
   0.393692558E-04   0.396130661E-04   0.398128404E-04   0.399684276E-04
   0.400801144E-04   0.401480511E-04   0.401714973E-04   0.401494689E-04
   0.400810520E-04   0.399656723E-04   0.398028617E-04   0.395922423E-04
   0.393337326E-04   0.390273678E-04   0.386730951E-04   0.382703332E-04
   0.378183600E-04   0.373166644E-04   0.367656249E-04   0.361659095E-04
   0.355180348E-04   0.348216447E-04   0.340761524E-04   0.332812275E-04
   0.324376172E-04   0.315464113E-04   0.306085999E-04   0.296244901E-04
   0.285942303E-04   0.275181237E-04   0.263970382E-04   0.252320363E-04
   0.240242181E-04   0.227746307E-04   0.214843507E-04   0.201545670E-04
   0.187867512E-04   0.173825031E-04   0.159435829E-04   0.144721802E-04
   0.129706684E-04   0.114413324E-04   0.988578637E-05   0.830550725E-05
   0.670245429E-05   0.508041678E-05   0.344377545E-05   0.179663654E-05
   0.141473951E-06  -0.151961919E-05  -0.318396323E-05  -0.484663469E-05
  -0.650199783E-05  -0.814451427E-05  -0.976961797E-05  -0.113729046E-04
  -0.129495046E-04  -0.144930087E-04  -0.159964654E-04  -0.174528203E-04
  -0.188552139E-04  -0.201967042E-04  -0.214698415E-04  -0.226656514E-04
  -0.237745831E-04  -0.247867822E-04  -0.256919341E-04  -0.264794100E-04
  -0.271380139E-04  -0.276550494E-04  -0.280171928E-04  -0.282105023E-04
  -0.282195295E-04  -0.280281525E-04  -0.276196467E-04  -0.269760297E-04
  -0.260786763E-04  -0.249078781E-04  -0.234408474E-04  -0.216535944E-04
  -0.195210670E-04  -0.170156141E-04  -0.141084332E-04  -0.107683959E-04
  -0.695694132E-05  -0.263289416E-05   0.224777969E-05   0.773774406E-05
   0.138928405E-04   0.207640037E-04   0.283782013E-04   0.367564639E-04
   0.459353511E-04   0.560138479E-04   0.671089484E-04   0.793178597E-04
   0.926486245E-04   0.107085907E-03   0.122670567E-03   0.139674517E-03
   0.158434728E-03   0.179263611E-03   0.202347531E-03   0.227843255E-03
   0.255910705E-03   0.286712960E-03   0.320416256E-03
  -0.000000000E+00  -0.136384675E-05  -0.272682021E-05  -0.408858219E-05
  -0.544787718E-05  -0.680253238E-05  -0.814945766E-05  -0.948529343E-05
  -0.108090944E-04  -0.121216819E-04  -0.134243823E-04  -0.147159937E-04
  -0.159940623E-04  -0.172558272E-04  -0.184993213E-04  -0.197227858E-04
  -0.209245347E-04  -0.221033845E-04  -0.232583931E-04  -0.243883482E-04
  -0.254903825E-04  -0.265608901E-04  -0.275965855E-04  -0.285968511E-04
  -0.295620875E-04  -0.304923369E-04  -0.313848162E-04  -0.322357302E-04
  -0.330415117E-04  -0.338006511E-04  -0.345123041E-04  -0.351755176E-04
  -0.357883910E-04  -0.363487322E-04  -0.368541698E-04  -0.373017381E-04
  -0.376882092E-04  -0.380106907E-04  -0.382681585E-04  -0.384602071E-04
  -0.385859620E-04  -0.386420410E-04  -0.386242423E-04  -0.385288663E-04
  -0.383549981E-04  -0.381025919E-04  -0.377708504E-04  -0.373552531E-04
  -0.368500804E-04  -0.362502032E-04  -0.355539095E-04  -0.347604790E-04
  -0.338688286E-04  -0.328759445E-04  -0.317782401E-04  -0.305720634E-04
  -0.292537910E-04  -0.278197461E-04  -0.262664460E-04  -0.245914671E-04
  -0.227926847E-04  -0.208674351E-04  -0.188107286E-04  -0.166168307E-04
  -0.142805046E-04  -0.117991656E-04  -0.917096353E-05  -0.639334105E-05
  -0.346062155E-05  -0.366167346E-06   0.289622295E-05   0.633029940E-05
   0.993917244E-05   0.137264887E-04   0.176981323E-04   0.218606887E-04
   0.262206563E-04   0.307836537E-04   0.355551385E-04   0.405407829E-04
   0.457468659E-04   0.511799162E-04   0.568468601E-04   0.627558611E-04
   0.689155533E-04   0.753343498E-04   0.820191219E-04   0.889764098E-04
   0.962136739E-04   0.103741877E-03   0.111573111E-03   0.119719098E-03
   0.128189084E-03   0.136991777E-03   0.146136811E-03   0.155637174E-03
   0.165506959E-03   0.175760410E-03   0.186411344E-03   0.197473686E-03
   0.208961961E-03   0.220892260E-03   0.233281346E-03   0.246146750E-03
   0.259508020E-03   0.273385562E-03   0.287800387E-03   0.302774578E-03
   0.318330856E-03   0.334493111E-03   0.351288489E-03   0.368745441E-03
   0.386893418E-03   0.405763969E-03   0.425389715E-03   0.445804881E-03
   0.467048036E-03   0.489159524E-03   0.512181546E-03   0.536161075E-03
   0.561147117E-03   0.587191249E-03   0.614352135E-03   0.642691276E-03
   0.672272683E-03   0.703166302E-03   0.735444787E-03   0.769181283E-03
   0.804446015E-03   0.841309503E-03   0.879847370E-03   0.920151683E-03
   0.962320237E-03   0.100645077E-02   0.105263445E-02   0.110096202E-02
   0.115152380E-02   0.120440319E-02   0.125968280E-02   0.131744122E-02
   0.137773654E-02   0.144062198E-02   0.150619464E-02   0.157472846E-02
   0.164654802E-02   0.172209105E-02   0.180223062E-02   0.188796896E-02
   0.198033348E-02   0.208037680E-02   0.218917675E-02
  -0.000000000E+00  -0.363882706E-07  -0.146173447E-06  -0.330286077E-06
  -0.589656707E-06  -0.925215885E-06  -0.133789416E-05  -0.182862207E-05
  -0.239833018E-05  -0.304794902E-05  -0.377840914E-05  -0.459064110E-05
  -0.548557543E-05  -0.646414269E-05  -0.752727342E-05  -0.867589817E-05
  -0.991094749E-05  -0.112333519E-04  -0.126440420E-04  -0.141439483E-04
  -0.157340014E-04  -0.174151317E-04  -0.191882700E-04  -0.210551645E-04
  -0.230169436E-04  -0.250760587E-04  -0.272370687E-04  -0.295055355E-04
  -0.318861326E-04  -0.343777983E-04  -0.369774235E-04  -0.396831466E-04
  -0.425006269E-04  -0.454381377E-04  -0.485031523E-04  -0.516971255E-04
  -0.550196685E-04  -0.584708436E-04  -0.620536619E-04  -0.657720472E-04
  -0.696298354E-04  -0.736299228E-04  -0.777749714E-04  -0.820680600E-04
  -0.865139551E-04  -0.911180441E-04  -0.958856935E-04  -0.100821419E-03
  -0.105929589E-03  -0.111214285E-03  -0.116678048E-03  -0.122322953E-03
  -0.128151705E-03  -0.134169907E-03  -0.140384094E-03  -0.146800412E-03
  -0.153422636E-03  -0.160253900E-03  -0.167297858E-03  -0.174560428E-03
  -0.182048264E-03  -0.189767891E-03  -0.197724710E-03  -0.205923882E-03
  -0.214370842E-03  -0.223071949E-03  -0.232033906E-03  -0.241263468E-03
  -0.250767148E-03  -0.260551480E-03  -0.270623195E-03  -0.280989493E-03
  -0.291657799E-03  -0.302635808E-03  -0.313931882E-03  -0.325554691E-03
  -0.337512952E-03  -0.349815005E-03  -0.362469196E-03  -0.375484280E-03
  -0.388870250E-03  -0.402637583E-03  -0.416796824E-03  -0.431358111E-03
  -0.446331611E-03  -0.461728060E-03  -0.477559988E-03  -0.493840597E-03
  -0.510583150E-03  -0.527800247E-03  -0.545504492E-03  -0.563709233E-03
  -0.582430164E-03  -0.601683851E-03  -0.621486983E-03  -0.641855619E-03
  -0.662805888E-03  -0.684354906E-03  -0.706522916E-03  -0.729331308E-03
  -0.752801753E-03  -0.776955609E-03  -0.801814474E-03  -0.827401198E-03
  -0.853742424E-03  -0.880866225E-03  -0.908801307E-03  -0.937577059E-03
  -0.967223508E-03  -0.997772195E-03  -0.102925892E-02  -0.106172117E-02
  -0.109519771E-02  -0.112972990E-02  -0.116536048E-02  -0.120213432E-02
  -0.124010232E-02  -0.127931779E-02  -0.131983614E-02  -0.136171784E-02
  -0.140502565E-02  -0.144982434E-02  -0.149618254E-02  -0.154417099E-02
  -0.159386465E-02  -0.164535102E-02  -0.169872231E-02  -0.175407206E-02
  -0.181149305E-02  -0.187107926E-02  -0.193292872E-02  -0.199715013E-02
  -0.206385659E-02  -0.213315577E-02  -0.220512630E-02  -0.227984012E-02
  -0.235733962E-02  -0.243754455E-02  -0.252034019E-02  -0.260567292E-02
  -0.269375064E-02  -0.278485272E-02  -0.287921202E-02  -0.297685181E-02
  -0.307774056E-02  -0.318204912E-02  -0.329077554E-02  -0.340515125E-02
  -0.352643937E-02  -0.365593468E-02  -0.379496364E-02
  -0.000000000E+00  -0.417925360E-07  -0.167830500E-06  -0.379104425E-06
  -0.676604845E-06  -0.106132229E-05  -0.153424730E-05  -0.209637041E-05
  -0.274868215E-05  -0.349217305E-05  -0.432783364E-05  -0.525665447E-05
  -0.627962605E-05  -0.739773894E-05  -0.861198365E-05  -0.992335074E-05
  -0.113328307E-04  -0.128414141E-04  -0.144500915E-04  -0.161598534E-04
  -0.179716903E-04  -0.198865927E-04  -0.219055513E-04  -0.240344210E-04
  -0.262783966E-04  -0.286450938E-04  -0.311342219E-04  -0.337427415E-04
  -0.364684821E-04  -0.393156388E-04  -0.422905897E-04  -0.453993053E-04
  -0.486439669E-04  -0.520256116E-04  -0.555456182E-04  -0.592073734E-04
  -0.630149392E-04  -0.669726033E-04  -0.710849947E-04  -0.753569896E-04
  -0.797931946E-04  -0.843963998E-04  -0.891688599E-04  -0.941131712E-04
  -0.992336033E-04  -0.104534982E-03  -0.110021836E-03  -0.115696965E-03
  -0.121562655E-03  -0.127621712E-03  -0.133879359E-03  -0.140341603E-03
  -0.147014021E-03  -0.153899705E-03  -0.161001039E-03  -0.168320844E-03
  -0.175864032E-03  -0.183636160E-03  -0.191642689E-03  -0.199888220E-03
  -0.208377162E-03  -0.217114002E-03  -0.226103405E-03  -0.235350121E-03
  -0.244858970E-03  -0.254634869E-03  -0.264682808E-03  -0.275007736E-03
  -0.285614246E-03  -0.296506860E-03  -0.307690336E-03  -0.319170336E-03
  -0.330952827E-03  -0.343043549E-03  -0.355447009E-03  -0.368167392E-03
  -0.381209207E-03  -0.394578334E-03  -0.408281076E-03  -0.422323614E-03
  -0.436711329E-03  -0.451449421E-03  -0.466543128E-03  -0.481997763E-03
  -0.497818683E-03  -0.514011444E-03  -0.530582314E-03  -0.547537805E-03
  -0.564884260E-03  -0.582627097E-03  -0.600771502E-03  -0.619322966E-03
  -0.638288165E-03  -0.657674143E-03  -0.677487850E-03  -0.697735567E-03
  -0.718423438E-03  -0.739557809E-03  -0.761145742E-03  -0.783194538E-03
  -0.805711595E-03  -0.828704437E-03  -0.852180686E-03  -0.876148024E-03
  -0.900614114E-03  -0.925586675E-03  -0.951073858E-03  -0.977085327E-03
  -0.100363125E-02  -0.103072182E-02  -0.105836678E-02  -0.108657589E-02
  -0.111535965E-02  -0.114473133E-02  -0.117470509E-02  -0.120529504E-02
  -0.123651422E-02  -0.126837559E-02  -0.130089232E-02  -0.133407799E-02
  -0.136794641E-02  -0.140251312E-02  -0.143779999E-02  -0.147383087E-02
  -0.151063056E-02  -0.154822619E-02  -0.158664589E-02  -0.162592007E-02
  -0.166608667E-02  -0.170718615E-02  -0.174925328E-02  -0.179229668E-02
  -0.183631811E-02  -0.188130439E-02  -0.192718267E-02  -0.197386274E-02
  -0.202128157E-02  -0.206949551E-02  -0.211859296E-02  -0.216861638E-02
  -0.221941449E-02  -0.227078242E-02  -0.232253666E-02  -0.237459855E-02
  -0.242691503E-02  -0.247956636E-02  -0.253317759E-02  -0.258852755E-02
  -0.264641596E-02  -0.270766352E-02  -0.277311182E-02
   0.000000000E+00   0.144458636E-07   0.578550559E-07   0.130334980E-06
   0.231993037E-06   0.362936631E-06   0.523273163E-06   0.713110037E-06
   0.932554654E-06   0.118171442E-05   0.146069673E-05   0.176960899E-05
   0.210855861E-05   0.247765299E-05   0.287699952E-05   0.330670561E-05
   0.376687867E-05   0.425762609E-05   0.477905529E-05   0.533127365E-05
   0.591438859E-05   0.652850750E-05   0.717373780E-05   0.785670298E-05
   0.858395496E-05   0.936177363E-05   0.101835648E-04   0.110378451E-04
   0.119153550E-04   0.128225365E-04   0.137712783E-04   0.147717326E-04
   0.158213211E-04   0.169133343E-04   0.180421126E-04   0.192095967E-04
   0.204200873E-04   0.216776004E-04   0.229834894E-04   0.243383833E-04
   0.257426312E-04   0.271954858E-04   0.286957798E-04   0.302431403E-04
   0.318410889E-04   0.334944396E-04   0.352070268E-04   0.369774374E-04
   0.388026359E-04   0.406805582E-04   0.426142508E-04   0.446083189E-04
   0.466666540E-04   0.487892212E-04   0.509748408E-04   0.532228265E-04
   0.555350586E-04   0.579141749E-04   0.603626528E-04   0.628819252E-04
   0.654731580E-04   0.681374971E-04   0.708759898E-04   0.736896542E-04
   0.765797860E-04   0.795488395E-04   0.825996437E-04   0.857346738E-04
   0.889546338E-04   0.922597252E-04   0.956506104E-04   0.991300421E-04
   0.102701399E-03   0.106367779E-03   0.110130768E-03   0.113991552E-03
   0.117951561E-03   0.122013268E-03   0.126179462E-03   0.130452916E-03
   0.134836109E-03   0.139331479E-03   0.143941570E-03   0.148669252E-03
   0.153517519E-03   0.158489329E-03   0.163587282E-03   0.168813913E-03
   0.174171995E-03   0.179665172E-03   0.185297378E-03   0.191072532E-03
   0.196994202E-03   0.203065912E-03   0.209291319E-03   0.215674419E-03
   0.222219354E-03   0.228930527E-03   0.235813176E-03   0.242872839E-03
   0.250115052E-03   0.257544943E-03   0.265167605E-03   0.272988462E-03
   0.281013992E-03   0.289251054E-03   0.297706794E-03   0.306389077E-03
   0.315306083E-03   0.324466149E-03   0.333877691E-03   0.343549277E-03
   0.353490208E-03   0.363712242E-03   0.374227980E-03   0.385050190E-03
   0.396191411E-03   0.407664323E-03   0.419482533E-03   0.431662589E-03
   0.444222090E-03   0.457179401E-03   0.470554773E-03   0.484369290E-03
   0.498644844E-03   0.513405144E-03   0.528674767E-03   0.544480148E-03
   0.560853645E-03   0.577829704E-03   0.595439711E-03   0.613700200E-03
   0.632623990E-03   0.652225328E-03   0.672524020E-03   0.693541523E-03
   0.715282795E-03   0.737684835E-03   0.760665417E-03   0.784168019E-03
   0.808248482E-03   0.832992835E-03   0.858484872E-03   0.884792457E-03
   0.911980529E-03   0.940147279E-03   0.969521211E-03   0.100036891E-02
   0.103296369E-02   0.106758563E-02   0.110452156E-02
  -0.000000000E+00  -0.144885614E-07  -0.585499574E-07  -0.133077756E-06
  -0.238965525E-06  -0.377106833E-06  -0.548395247E-06  -0.753724335E-06
  -0.993987666E-06  -0.127007881E-05  -0.158289133E-05  -0.193331879E-05
  -0.232225477E-05  -0.275059283E-05  -0.321922654E-05  -0.372904947E-05
  -0.428095519E-05  -0.487583726E-05  -0.551458925E-05  -0.619810473E-05
  -0.692727726E-05  -0.770300043E-05  -0.852616778E-05  -0.939282452E-05
  -0.102984201E-04  -0.112177459E-04  -0.121590553E-04  -0.131421030E-04
  -0.141848937E-04  -0.152873484E-04  -0.164437317E-04  -0.176480035E-04
  -0.188962114E-04  -0.201846196E-04  -0.215116776E-04  -0.228866153E-04
  -0.243225670E-04  -0.258292403E-04  -0.273973782E-04  -0.290114246E-04
  -0.306597681E-04  -0.323529013E-04  -0.341083826E-04  -0.359403163E-04
  -0.378430100E-04  -0.398046932E-04  -0.418160358E-04  -0.438816659E-04
  -0.460103877E-04  -0.482096349E-04  -0.504789034E-04  -0.528153866E-04
  -0.552166158E-04  -0.576825086E-04  -0.602135951E-04  -0.628110769E-04
  -0.654789740E-04  -0.682222506E-04  -0.710444410E-04  -0.739422643E-04
  -0.769103585E-04  -0.799452633E-04  -0.830527011E-04  -0.862411344E-04
  -0.895169650E-04  -0.928765587E-04  -0.963133431E-04  -0.998226255E-04
  -0.103408909E-03  -0.107079345E-03  -0.110839657E-03  -0.114688520E-03
  -0.118622614E-03  -0.122639465E-03  -0.126740841E-03  -0.130929688E-03
  -0.135208592E-03  -0.139578321E-03  -0.144039149E-03  -0.148591206E-03
  -0.153234155E-03  -0.157967484E-03  -0.162791197E-03  -0.167707600E-03
  -0.172719671E-03  -0.177829511E-03  -0.183035336E-03  -0.188334238E-03
  -0.193724236E-03  -0.199207678E-03  -0.204788115E-03  -0.210468140E-03
  -0.216246024E-03  -0.222118812E-03  -0.228084285E-03  -0.234143699E-03
  -0.240299250E-03  -0.246552423E-03  -0.252901589E-03  -0.259344231E-03
  -0.265878174E-03  -0.272503025E-03  -0.279218839E-03  -0.286025469E-03
  -0.292921988E-03  -0.299907232E-03  -0.306979824E-03  -0.314137705E-03
  -0.321378575E-03  -0.328700328E-03  -0.336101926E-03  -0.343582584E-03
  -0.351140649E-03  -0.358771014E-03  -0.366467539E-03  -0.374224422E-03
  -0.382037890E-03  -0.389904611E-03  -0.397821258E-03  -0.405784802E-03
  -0.413792236E-03  -0.421840538E-03  -0.429926866E-03  -0.438048376E-03
  -0.446200549E-03  -0.454372248E-03  -0.462550379E-03  -0.470718904E-03
  -0.478850999E-03  -0.486916455E-03  -0.494887604E-03  -0.502749736E-03
  -0.510491257E-03  -0.518101975E-03  -0.525578097E-03  -0.532917499E-03
  -0.540114397E-03  -0.547147951E-03  -0.553993056E-03  -0.560582575E-03
  -0.566680636E-03  -0.572002776E-03  -0.576300900E-03  -0.579498109E-03
  -0.581560706E-03  -0.582507406E-03  -0.582570363E-03  -0.582042138E-03
  -0.581223724E-03  -0.580424545E-03  -0.579962458E-03
   0.000000000E+00   0.601159375E-06   0.120126562E-05   0.179838330E-05
   0.239208950E-05   0.298347388E-05   0.357513865E-05   0.417041260E-05
   0.477009518E-05   0.537324236E-05   0.597672284E-05   0.657139843E-05
   0.714373229E-05   0.768146234E-05   0.819120546E-05   0.868909361E-05
   0.919234792E-05   0.970420878E-05   0.102230855E-04   0.107450267E-04
   0.112592841E-04   0.117512469E-04   0.122086672E-04   0.126386943E-04
   0.130559047E-04   0.134727209E-04   0.138828871E-04   0.142736139E-04
   0.146334737E-04   0.149632983E-04   0.152678878E-04   0.155513604E-04
   0.158120400E-04   0.160464553E-04   0.162509894E-04   0.164224681E-04
   0.165576891E-04   0.166537898E-04   0.167099805E-04   0.167261314E-04
   0.167018065E-04   0.166348019E-04   0.165223559E-04   0.163616038E-04
   0.161496431E-04   0.158834786E-04   0.155598053E-04   0.151743807E-04
   0.147225578E-04   0.142000119E-04   0.136044420E-04   0.129341109E-04
   0.121867978E-04   0.113581234E-04   0.104430000E-04   0.943641095E-05
   0.833425459E-05   0.713260749E-05   0.582730420E-05   0.441342886E-05
   0.288576210E-05   0.123899639E-05  -0.532079340E-06  -0.243274305E-05
  -0.446852831E-05  -0.664563575E-05  -0.897056690E-05  -0.114499723E-04
  -0.140905755E-04  -0.168992414E-04  -0.198829984E-04  -0.230490372E-04
  -0.264047120E-04  -0.299577935E-04  -0.337172534E-04  -0.376925559E-04
  -0.418931451E-04  -0.463276137E-04  -0.510044570E-04  -0.559327248E-04
  -0.611232368E-04  -0.665874765E-04  -0.723370480E-04  -0.783831764E-04
  -0.847371644E-04  -0.914108314E-04  -0.984173873E-04  -0.105770632E-03
  -0.113484516E-03  -0.121572626E-03  -0.130048660E-03  -0.138927131E-03
  -0.148225058E-03  -0.157960409E-03  -0.168151222E-03  -0.178814561E-03
  -0.189967482E-03  -0.201627980E-03  -0.213816893E-03  -0.226556136E-03
  -0.239867878E-03  -0.253773839E-03  -0.268295943E-03  -0.283457179E-03
  -0.299283585E-03  -0.315802403E-03  -0.333041373E-03  -0.351028499E-03
  -0.369792268E-03  -0.389362398E-03  -0.409771912E-03  -0.431055202E-03
  -0.453247390E-03  -0.476384399E-03  -0.500502888E-03  -0.525640821E-03
  -0.551839293E-03  -0.579140815E-03  -0.607589323E-03  -0.637231977E-03
  -0.668117467E-03  -0.700295954E-03  -0.733820646E-03  -0.768746313E-03
  -0.805129018E-03  -0.843026837E-03  -0.882499181E-03  -0.923603521E-03
  -0.966386068E-03  -0.101089057E-02  -0.105716553E-02  -0.110527724E-02
  -0.115529747E-02  -0.120729066E-02  -0.126128755E-02  -0.131731014E-02
  -0.137538140E-02  -0.143552900E-02  -0.149778184E-02  -0.156215718E-02
  -0.162862544E-02  -0.169714363E-02  -0.176770639E-02  -0.184046730E-02
  -0.191562374E-02  -0.199333890E-02  -0.207362309E-02  -0.215644650E-02
  -0.224177763E-02  -0.232958317E-02  -0.241982810E-02
   0.000000000E+00   0.647855152E-06   0.129465307E-05   0.193886050E-05
   0.257976023E-05   0.321745099E-05   0.385284755E-05   0.448714916E-05
   0.511963766E-05   0.574820897E-05   0.636954861E-05   0.697835586E-05
   0.756767047E-05   0.813276123E-05   0.868459431E-05   0.924266928E-05
   0.982378644E-05   0.104137651E-04   0.109846148E-04   0.115102698E-04
   0.119962299E-04   0.124599523E-04   0.129182618E-04   0.133710801E-04
   0.138128593E-04   0.142368799E-04   0.146349195E-04   0.149974964E-04
   0.153174879E-04   0.156017196E-04   0.158621472E-04   0.161076334E-04
   0.163278240E-04   0.165057594E-04   0.166272134E-04   0.166959289E-04
   0.167214294E-04   0.167109539E-04   0.166577743E-04   0.165507179E-04
   0.163795803E-04   0.161414472E-04   0.158354590E-04   0.154606643E-04
   0.150151627E-04   0.144968241E-04   0.139026032E-04   0.132255457E-04
   0.124573312E-04   0.115905841E-04   0.106233335E-04   0.955518689E-05
   0.838436936E-05   0.710265275E-05   0.569974643E-05   0.416632475E-05
   0.249868635E-05   0.694687365E-06  -0.124898764E-05  -0.334091002E-05
  -0.559131640E-05  -0.801005885E-05  -0.106041217E-04  -0.133798186E-04
  -0.163439967E-04  -0.195054012E-04  -0.228734610E-04  -0.264577915E-04
  -0.302679661E-04  -0.343137208E-04  -0.386050718E-04  -0.431524605E-04
  -0.479666232E-04  -0.530587915E-04  -0.584414569E-04  -0.641276802E-04
  -0.701306583E-04  -0.764631204E-04  -0.831378757E-04  -0.901683892E-04
  -0.975699828E-04  -0.105358742E-03  -0.113551029E-03  -0.122163140E-03
  -0.131211618E-03  -0.140713651E-03  -0.150687963E-03  -0.161153999E-03
  -0.172131734E-03  -0.183641971E-03  -0.195706068E-03  -0.208346044E-03
  -0.221585200E-03  -0.235447545E-03  -0.249957839E-03  -0.265142324E-03
  -0.281028046E-03  -0.297642964E-03  -0.315016985E-03  -0.333181001E-03
  -0.352166742E-03  -0.372007318E-03  -0.392736716E-03  -0.414390339E-03
  -0.437007206E-03  -0.460627907E-03  -0.485294263E-03  -0.511050436E-03
  -0.537941895E-03  -0.566015711E-03  -0.595322556E-03  -0.625914837E-03
  -0.657846615E-03  -0.691175333E-03  -0.725960200E-03  -0.762262812E-03
  -0.800150762E-03  -0.839694257E-03  -0.880967133E-03  -0.924053513E-03
  -0.969041551E-03  -0.101602216E-02  -0.106509166E-02  -0.111634928E-02
  -0.116989588E-02  -0.122583272E-02  -0.128426262E-02  -0.134529189E-02
  -0.140903489E-02  -0.147560975E-02  -0.154513464E-02  -0.161772113E-02
  -0.169348047E-02  -0.177252552E-02  -0.185496990E-02  -0.194092877E-02
  -0.203049043E-02  -0.212362845E-02  -0.222028487E-02  -0.232041706E-02
  -0.242405453E-02  -0.253124505E-02  -0.264206687E-02  -0.275672193E-02
  -0.287544736E-02  -0.299864501E-02  -0.312736902E-02  -0.326286245E-02
  -0.340639991E-02  -0.355928751E-02  -0.372286292E-02
  -0.000000000E+00  -0.262138334E-06  -0.523905625E-06  -0.785098417E-06
  -0.104522596E-05  -0.130351021E-05  -0.155888582E-05  -0.181023799E-05
  -0.205738787E-05  -0.230085467E-05  -0.254143693E-05  -0.277926684E-05
  -0.301420838E-05  -0.324586821E-05  -0.347291494E-05  -0.369344121E-05
  -0.390553671E-05  -0.410873613E-05  -0.430314005E-05  -0.448893191E-05
  -0.466596401E-05  -0.483403134E-05  -0.499271121E-05  -0.514045936E-05
  -0.527524510E-05  -0.539538797E-05  -0.550152441E-05  -0.559516236E-05
  -0.567729309E-05  -0.574562060E-05  -0.579666969E-05  -0.582754595E-05
  -0.583911904E-05  -0.583353280E-05  -0.581237317E-05  -0.577369808E-05
  -0.571441351E-05  -0.563165292E-05  -0.552443461E-05  -0.539231073E-05
  -0.523469574E-05  -0.505027719E-05  -0.483750367E-05  -0.459490781E-05
  -0.432157824E-05  -0.401676342E-05  -0.367977473E-05  -0.331012710E-05
  -0.290741954E-05  -0.247083122E-05  -0.199766117E-05  -0.148458132E-05
  -0.928674843E-06  -0.329314608E-06   0.313463259E-06   0.100005885E-05
   0.173296534E-05   0.251532280E-05   0.335005645E-05   0.423876527E-05
   0.518269904E-05   0.618328942E-05   0.724274197E-05   0.836351234E-05
   0.954816414E-05   0.107994964E-04   0.121204303E-04   0.135138488E-04
   0.149822215E-04   0.165279405E-04   0.181536478E-04   0.198628914E-04
   0.216595352E-04   0.235473346E-04   0.255292518E-04   0.276080740E-04
   0.297869725E-04   0.320705733E-04   0.344639860E-04   0.369721647E-04
   0.395989656E-04   0.423480047E-04   0.452233501E-04   0.482307497E-04
   0.513765102E-04   0.546668672E-04   0.581072347E-04   0.617028930E-04
   0.654595459E-04   0.693843120E-04   0.734848134E-04   0.777687413E-04
   0.822434788E-04   0.869164484E-04   0.917954144E-04   0.968890485E-04
   0.102206407E-03   0.107756951E-03   0.113551161E-03   0.119599967E-03
   0.125914514E-03   0.132506043E-03   0.139386000E-03   0.146566439E-03
   0.154061138E-03   0.161884557E-03   0.170051660E-03   0.178578448E-03
   0.187481460E-03   0.196777689E-03   0.206484846E-03   0.216621113E-03
   0.227205825E-03   0.238261815E-03   0.249813224E-03   0.261884635E-03
   0.274500761E-03   0.287686741E-03   0.301468884E-03   0.315876634E-03
   0.330940729E-03   0.346693406E-03   0.363170985E-03   0.380411444E-03
   0.398454267E-03   0.417342530E-03   0.437120937E-03   0.457836500E-03
   0.479542659E-03   0.502295394E-03   0.526150879E-03   0.551162351E-03
   0.577383067E-03   0.604866630E-03   0.633664910E-03   0.663830010E-03
   0.695413522E-03   0.728462210E-03   0.763022096E-03   0.799182937E-03
   0.837209933E-03   0.877418835E-03   0.920047483E-03   0.964992962E-03
   0.101206112E-02   0.106114884E-02   0.111254176E-02   0.116663135E-02
   0.122381875E-02   0.128451480E-02   0.134914002E-02
   0.000000000E+00   0.290736822E-06   0.580920881E-06   0.870055946E-06
   0.115754887E-05   0.144270961E-05   0.172475117E-05   0.200290193E-05
   0.227687075E-05   0.254673466E-05   0.281264130E-05   0.307398285E-05
   0.332974381E-05   0.357872410E-05   0.381971671E-05   0.405141322E-05
   0.427269869E-05   0.448382956E-05   0.468571845E-05   0.487892210E-05
   0.506118614E-05   0.522906928E-05   0.537960180E-05   0.551370400E-05
   0.563378407E-05   0.574165372E-05   0.583467585E-05   0.590859578E-05
   0.595967295E-05   0.598817745E-05   0.599572964E-05   0.598347906E-05
   0.594939084E-05   0.589036825E-05   0.580342718E-05   0.568697520E-05
   0.553978830E-05   0.536087599E-05   0.515024402E-05   0.490827262E-05
   0.463479237E-05   0.432684455E-05   0.398053586E-05   0.359256143E-05
   0.316293904E-05   0.269271400E-05   0.218198285E-05   0.162621811E-05
   0.101938970E-05   0.356334159E-06  -0.363254956E-06  -0.113825111E-05
  -0.196821253E-05  -0.285624495E-05  -0.380652291E-05  -0.482308138E-05
  -0.590876028E-05  -0.706612573E-05  -0.829768960E-05  -0.960558371E-05
  -0.109918462E-04  -0.124590873E-04  -0.140122602E-04  -0.156570939E-04
  -0.173987143E-04  -0.192390425E-04  -0.211791100E-04  -0.232208770E-04
  -0.253703871E-04  -0.276349446E-04  -0.300212493E-04  -0.325326446E-04
  -0.351715917E-04  -0.379413146E-04  -0.408482454E-04  -0.438998164E-04
  -0.471032194E-04  -0.504639315E-04  -0.539870521E-04  -0.576781022E-04
  -0.615440689E-04  -0.655924548E-04  -0.698310687E-04  -0.742683955E-04
  -0.789132585E-04  -0.837743485E-04  -0.888591263E-04  -0.941748285E-04
  -0.997296678E-04  -0.105535473E-03  -0.111605261E-03  -0.117951643E-03
  -0.124584470E-03  -0.131513000E-03  -0.138747618E-03  -0.146302827E-03
  -0.154194483E-03  -0.162438402E-03  -0.171049001E-03  -0.180040559E-03
  -0.189428250E-03  -0.199230008E-03  -0.209464797E-03  -0.220152148E-03
  -0.231312564E-03  -0.242967142E-03  -0.255137768E-03  -0.267848086E-03
  -0.281122591E-03  -0.294986984E-03  -0.309470221E-03  -0.324602596E-03
  -0.340415194E-03  -0.356940217E-03  -0.374210679E-03  -0.392261460E-03
  -0.411132861E-03  -0.430867273E-03  -0.451508852E-03  -0.473106021E-03
  -0.495709119E-03  -0.519370989E-03  -0.544151219E-03  -0.570112155E-03
  -0.597318249E-03  -0.625838264E-03  -0.655743199E-03  -0.687104723E-03
  -0.719992544E-03  -0.754476891E-03  -0.790634179E-03  -0.828561758E-03
  -0.868363980E-03  -0.910146041E-03  -0.954009659E-03  -0.100005716E-02
  -0.104839674E-02  -0.109915419E-02  -0.115246182E-02  -0.120840713E-02
  -0.126688775E-02  -0.132774902E-02  -0.139095314E-02  -0.145695317E-02
  -0.152633797E-02  -0.159972923E-02  -0.167783540E-02  -0.176140042E-02
  -0.185118633E-02  -0.194797325E-02  -0.205255941E-02
   0.000000000E+00   0.472283445E-09   0.107993937E-07   0.420266719E-07
   0.961402096E-07   0.168796368E-06   0.252002671E-06   0.336246574E-06
   0.412122457E-06   0.471507209E-06   0.508334753E-06   0.519019871E-06
   0.502581687E-06   0.460517163E-06   0.396474969E-06   0.315780072E-06
   0.224859423E-06   0.130619074E-06   0.398230970E-07  -0.414753377E-07
  -0.108400376E-06  -0.157567025E-06  -0.187191465E-06   0.466437990E-05
   0.509649792E-05   0.555792156E-05   0.604660081E-05   0.655770005E-05
   0.708726498E-05   0.763788387E-05   0.821438002E-05   0.882084972E-05
   0.945622397E-05   0.101177400E-04   0.108030433E-04   0.115128666E-04
   0.122488862E-04   0.130129657E-04   0.138072257E-04   0.146339868E-04
   0.154952604E-04   0.163911858E-04   0.173213245E-04   0.182853587E-04
   0.192838390E-04   0.203175568E-04   0.213870886E-04   0.224920587E-04
   0.236317656E-04   0.248059222E-04   0.260162963E-04   0.272653032E-04
   0.285549442E-04   0.298850288E-04   0.312547141E-04   0.326634759E-04
   0.341124585E-04   0.356032965E-04   0.371373740E-04   0.387147974E-04
   0.403352983E-04   0.419988471E-04   0.437065837E-04   0.454599942E-04
   0.472603477E-04   0.491078366E-04   0.510023421E-04   0.529437990E-04
   0.549325039E-04   0.569688396E-04   0.590532810E-04   0.611867118E-04
   0.633701401E-04   0.656043592E-04   0.678892018E-04   0.702242141E-04
   0.726091320E-04   0.750446376E-04   0.775316736E-04   0.800709748E-04
   0.826623519E-04   0.853053436E-04   0.879996965E-04   0.907461544E-04
   0.935457376E-04   0.963991766E-04   0.993059306E-04   0.102265087E-03
   0.105276021E-03   0.108339475E-03   0.111456567E-03   0.114628100E-03
   0.117853491E-03   0.121131758E-03   0.124462254E-03   0.127845874E-03
   0.131283938E-03   0.134777397E-03   0.138325561E-03   0.141927276E-03
   0.145581786E-03   0.149290140E-03   0.153053883E-03   0.156874291E-03
   0.160751380E-03   0.164684826E-03   0.168674736E-03   0.172723049E-03
   0.176832230E-03   0.181004556E-03   0.185241309E-03   0.189543529E-03
   0.193912836E-03   0.198353146E-03   0.202869061E-03   0.207465166E-03
   0.212145538E-03   0.216914201E-03   0.221775886E-03   0.226737857E-03
   0.231808192E-03   0.236995829E-03   0.242312490E-03   0.247770869E-03
   0.253383932E-03   0.259164677E-03   0.265126360E-03   0.271285021E-03
   0.277666973E-03   0.284301735E-03   0.291216486E-03   0.298426449E-03
   0.305943974E-03   0.313782947E-03   0.321962819E-03   0.330504793E-03
   0.339430247E-03   0.348759874E-03   0.358514496E-03   0.368686198E-03
   0.379149220E-03   0.389744455E-03   0.400402931E-03   0.411435435E-03
   0.423257572E-03   0.436255240E-03   0.450659070E-03   0.466663749E-03
   0.484468555E-03   0.504277353E-03   0.526298600E-03
   0.000000000E+00   0.899965311E-08   0.361352909E-07   0.816119310E-07
   0.145634591E-06   0.228408289E-06   0.330138042E-06   0.451028868E-06
   0.591285784E-06   0.751113809E-06   0.930717960E-06   0.113030325E-05
   0.135007471E-05   0.159023734E-05   0.185099618E-05   0.213255622E-05
   0.243512250E-05   0.275890002E-05   0.310409382E-05   0.347090890E-05
   0.385955028E-05   0.427022298E-05   0.470313202E-05   0.516072336E-05
   0.564530630E-05   0.615786896E-05   0.669688954E-05   0.725983335E-05
   0.784481437E-05   0.845420050E-05   0.909187046E-05   0.976111929E-05
   0.104611537E-04   0.111898332E-04   0.119454902E-04   0.127295612E-04
   0.135444815E-04   0.143924790E-04   0.152741548E-04   0.161896400E-04
   0.171390648E-04   0.181227259E-04   0.191409474E-04   0.201940706E-04
   0.212825752E-04   0.224069776E-04   0.235676203E-04   0.247641226E-04
   0.259958473E-04   0.272625121E-04   0.285655992E-04   0.299071460E-04
   0.312886835E-04   0.327092375E-04   0.341670595E-04   0.356607807E-04
   0.371911251E-04   0.387594143E-04   0.403667132E-04   0.420127970E-04
   0.436970594E-04   0.454188350E-04   0.471774144E-04   0.489720305E-04
   0.508019506E-04   0.526667739E-04   0.545661666E-04   0.564996021E-04
   0.584658409E-04   0.604633963E-04   0.624908146E-04   0.645470459E-04
   0.666311109E-04   0.687417343E-04   0.708765630E-04   0.730328722E-04
   0.752080115E-04   0.774000328E-04   0.796071210E-04   0.818271988E-04
   0.840573116E-04   0.862941876E-04   0.885343193E-04   0.907736186E-04
   0.930077319E-04   0.952322759E-04   0.974432291E-04   0.996365733E-04
   0.101807804E-03   0.103950800E-03   0.106058863E-03   0.108125250E-03
   0.110143704E-03   0.112107968E-03   0.114011267E-03   0.115845262E-03
   0.117601020E-03   0.119269350E-03   0.120840819E-03   0.122305738E-03
   0.123653918E-03   0.124873924E-03   0.125953770E-03   0.126880836E-03
   0.127640901E-03   0.128219046E-03   0.128599898E-03   0.128767458E-03
   0.128705258E-03   0.128395905E-03   0.127819454E-03   0.126954922E-03
   0.125780743E-03   0.124274552E-03   0.122413387E-03   0.120172886E-03
   0.117524633E-03   0.114438649E-03   0.110883276E-03   0.106822221E-03
   0.102217333E-03   0.970298952E-04   0.912216766E-04   0.847539431E-04
   0.775862553E-04   0.696738274E-04   0.609700160E-04   0.514283681E-04
   0.410062984E-04   0.296616201E-04   0.173465461E-04   0.399294042E-05
  -0.104737484E-04  -0.261382651E-04  -0.431216218E-04  -0.615564332E-04
  -0.815412639E-04  -0.103026656E-03  -0.125923075E-03  -0.150183185E-03
  -0.175941172E-03  -0.203380633E-03  -0.232707411E-03  -0.264203825E-03
  -0.298177188E-03  -0.334911216E-03  -0.374571000E-03  -0.417293316E-03
  -0.463217292E-03  -0.512484407E-03  -0.565238498E-03
   0.000000000E+00   0.000000000E+00   0.000000000E+00   0.000000000E+00
   0.000000000E+00   0.000000000E+00   0.000000000E+00   0.000000000E+00
   0.000000000E+00   0.000000000E+00  -0.471806841E-09  -0.110844424E-07
  -0.444771642E-07  -0.105350138E-06  -0.192473378E-06  -0.300795430E-06
  -0.423148445E-06  -0.551586450E-06  -0.678393629E-06  -0.796799435E-06
  -0.901437326E-06  -0.988583957E-06  -0.105621562E-05  -0.110391875E-05
  -0.113269134E-05  -0.114467200E-05  -0.114283357E-05  -0.113067799E-05
  -0.111196939E-05  -0.109054197E-05  -0.107021979E-05  -0.105488501E-05
  -0.460241676E-05  -0.491829990E-05  -0.523792670E-05  -0.556406794E-05
  -0.590225691E-05  -0.625714991E-05  -0.662762036E-05  -0.701075771E-05
  -0.740389805E-05  -0.780650484E-05  -0.821861143E-05  -0.864066219E-05
  -0.907478528E-05  -0.952372425E-05  -0.998951889E-05  -0.104705271E-04
  -0.109639541E-04  -0.114676450E-04  -0.119829147E-04  -0.125121195E-04
  -0.130571032E-04  -0.136170035E-04  -0.141901509E-04  -0.147752442E-04
  -0.153729409E-04  -0.159844687E-04  -0.166108592E-04  -0.172520717E-04
  -0.179077638E-04  -0.185776108E-04  -0.192614656E-04  -0.199592170E-04
  -0.206708931E-04  -0.213971336E-04  -0.221387690E-04  -0.228963456E-04
  -0.236691011E-04  -0.244558809E-04  -0.252559110E-04  -0.260702119E-04
  -0.269003277E-04  -0.277474251E-04  -0.286108664E-04  -0.294894984E-04
  -0.303823579E-04  -0.312894753E-04  -0.322111458E-04  -0.331477375E-04
  -0.340998779E-04  -0.350682839E-04  -0.360534340E-04  -0.370547329E-04
  -0.380712747E-04  -0.391024238E-04  -0.401488012E-04  -0.412113806E-04
  -0.422908877E-04  -0.433869028E-04  -0.444986852E-04  -0.456257959E-04
  -0.467691427E-04  -0.479300168E-04  -0.491094029E-04  -0.503068724E-04
  -0.515216061E-04  -0.527531084E-04  -0.540023251E-04  -0.552706077E-04
  -0.565590719E-04  -0.578677174E-04  -0.591962451E-04  -0.605446842E-04
  -0.619144586E-04  -0.633073943E-04  -0.647251202E-04  -0.661682705E-04
  -0.676372284E-04  -0.691327917E-04  -0.706574341E-04  -0.722141266E-04
  -0.738056206E-04  -0.754334843E-04  -0.770990044E-04  -0.788039619E-04
  -0.805520656E-04  -0.823476078E-04  -0.841951629E-04  -0.861000708E-04
  -0.880679832E-04  -0.901048551E-04  -0.922173961E-04  -0.944126463E-04
  -0.966980863E-04  -0.990824185E-04  -0.101574831E-03  -0.104184420E-03
  -0.106919187E-03  -0.109786983E-03  -0.112800496E-03  -0.115991509E-03
  -0.119397429E-03  -0.123049761E-03  -0.126952892E-03  -0.131104161E-03
  -0.135501836E-03  -0.140148623E-03  -0.145048344E-03  -0.150208141E-03
  -0.155648671E-03  -0.161394441E-03  -0.167482517E-03  -0.173999210E-03
  -0.181045251E-03  -0.188758637E-03  -0.197420565E-03  -0.207354758E-03
  -0.218893268E-03  -0.232376475E-03  -0.248153087E-03
   0.000000000E+00   0.000000000E+00   0.000000000E+00   0.000000000E+00
   0.000000000E+00   0.000000000E+00   0.000000000E+00   0.000000000E+00
   0.467005217E-09   0.109274081E-07   0.436519721E-07   0.102887134E-06
   0.186950770E-06   0.290404531E-06   0.405804553E-06   0.525069018E-06
   0.640500993E-06   0.745505026E-06   0.835035937E-06   0.905818260E-06
   0.956374789E-06   0.986902692E-06   0.999035625E-06   0.995530327E-06
   0.979916121E-06   0.956145798E-06   0.928286324E-06   0.900287825E-06
   0.875869315E-06   0.858559596E-06   0.456413397E-05   0.489410749E-05
   0.522444255E-05   0.556030270E-05   0.590717737E-05   0.626950280E-05
   0.665176532E-05   0.705643468E-05   0.747602712E-05   0.789957501E-05
   0.831922318E-05   0.874386738E-05   0.918785993E-05   0.966213105E-05
   0.101588008E-04   0.106640961E-04   0.111671178E-04   0.116730510E-04
   0.121919450E-04   0.127318540E-04   0.132897297E-04   0.138592356E-04
   0.144349721E-04   0.150170910E-04   0.156072999E-04   0.162073409E-04
   0.168186328E-04   0.174425831E-04   0.180796664E-04   0.187261858E-04
   0.193771198E-04   0.200289064E-04   0.206850400E-04   0.213511188E-04
   0.220308986E-04   0.227193606E-04   0.234088806E-04   0.240936144E-04
   0.247764741E-04   0.254628861E-04   0.261566886E-04   0.268541124E-04
   0.275491926E-04   0.282369422E-04   0.289173819E-04   0.295919009E-04
   0.302613644E-04   0.309241511E-04   0.315779331E-04   0.322201832E-04
   0.328478421E-04   0.334576211E-04   0.340466704E-04   0.346143221E-04
   0.351604975E-04   0.356842751E-04   0.361811570E-04   0.366455734E-04
   0.370726080E-04   0.374606641E-04   0.378090142E-04   0.381160032E-04
   0.383761031E-04   0.385826280E-04   0.387294374E-04   0.388133147E-04
   0.388317697E-04   0.387814333E-04   0.386554389E-04   0.384458482E-04
   0.381449520E-04   0.377467095E-04   0.372454113E-04   0.366347889E-04
   0.359066822E-04   0.350522797E-04   0.340624027E-04   0.329270761E-04
   0.316359287E-04   0.301782874E-04   0.285430435E-04   0.267187774E-04
   0.246929984E-04   0.224496779E-04   0.199715586E-04   0.172410542E-04
   0.142405924E-04   0.109522937E-04   0.735733778E-05   0.343435878E-05
  -0.839047401E-06  -0.548609037E-05  -0.105316496E-04  -0.160014612E-04
  -0.219236029E-04  -0.283338925E-04  -0.352708018E-04  -0.427755676E-04
  -0.508978421E-04  -0.596903617E-04  -0.692061511E-04  -0.794955194E-04
  -0.906088974E-04  -0.102594167E-03  -0.115485535E-03  -0.129314055E-03
  -0.144104900E-03  -0.159858042E-03  -0.176566547E-03  -0.194263421E-03
  -0.213145811E-03  -0.233457229E-03  -0.255435536E-03  -0.279276315E-03
  -0.305167639E-03  -0.333309523E-03  -0.363937272E-03  -0.397299291E-03
  -0.433649558E-03  -0.473247620E-03  -0.516358594E-03
   0.000000000E+00   0.000000000E+00   0.000000000E+00   0.000000000E+00
   0.000000000E+00   0.000000000E+00   0.000000000E+00   0.000000000E+00
   0.000000000E+00   0.000000000E+00   0.000000000E+00   0.000000000E+00
   0.000000000E+00   0.000000000E+00   0.000000000E+00   0.000000000E+00
   0.000000000E+00   0.000000000E+00   0.000000000E+00   0.000000000E+00
   0.000000000E+00   0.000000000E+00   0.000000000E+00   0.000000000E+00
   0.000000000E+00   0.000000000E+00   0.000000000E+00   0.000000000E+00
   0.000000000E+00   0.000000000E+00   0.000000000E+00   0.000000000E+00
   0.000000000E+00   0.000000000E+00   0.468425217E-09   0.101298976E-07
   0.367870028E-07   0.770749269E-07   0.120578562E-06   0.153610074E-06
   0.162148238E-06   0.134016008E-06   0.603727573E-07  -0.634023530E-07
  -0.237359428E-06  -0.457082868E-06  -0.714175915E-06  -0.997048272E-06
  -0.129193035E-05  -0.158403768E-05  -0.185880903E-05  -0.210314182E-05
  -0.230654837E-05  -0.246215642E-05  -0.256747771E-05  -0.262486791E-05
   0.473873247E-05   0.539476217E-05   0.609771243E-05   0.684875526E-05
   0.764846846E-05   0.849791775E-05   0.940035178E-05   0.103597024E-04
   0.113797416E-04   0.124630829E-04   0.136120704E-04   0.148291512E-04
   0.161170727E-04   0.174787066E-04   0.189171800E-04   0.204364781E-04
   0.220409025E-04   0.237346936E-04   0.255214400E-04   0.274046115E-04
   0.293879809E-04   0.314763579E-04   0.336749233E-04   0.359887951E-04
   0.384223969E-04   0.409800327E-04   0.436664498E-04   0.464879666E-04
   0.494514424E-04   0.525636581E-04   0.558304989E-04   0.592577029E-04
   0.628514908E-04   0.666197121E-04   0.705707916E-04   0.747131113E-04
   0.790542240E-04   0.836015785E-04   0.883632393E-04   0.933493402E-04
   0.985707408E-04   0.104038331E-03   0.109762306E-03   0.115752836E-03
   0.122020807E-03   0.128579383E-03   0.135442551E-03   0.142624489E-03
   0.150139123E-03   0.158000534E-03   0.166223745E-03   0.174826689E-03
   0.183828370E-03   0.193248032E-03   0.203104538E-03   0.213416945E-03
   0.224205579E-03   0.235494684E-03   0.247309941E-03   0.259677721E-03
   0.272625417E-03   0.286181134E-03   0.300374660E-03   0.315240777E-03
   0.330816150E-03   0.347138671E-03   0.364248681E-03   0.382187821E-03
   0.400998966E-03   0.420727258E-03   0.441419135E-03   0.463124336E-03
   0.485903051E-03   0.509819176E-03   0.534933704E-03   0.561291522E-03
   0.588933884E-03   0.617905382E-03   0.648262282E-03   0.680064643E-03
   0.713356347E-03   0.748112256E-03   0.784288265E-03   0.821872550E-03
   0.860990211E-03   0.901804045E-03   0.944432552E-03   0.988802417E-03
   0.103478855E-02   0.108240316E-02   0.113222803E-02   0.118500371E-02
   0.124148998E-02   0.130246585E-02   0.136872955E-02
   0.000000000E+00   0.000000000E+00   0.000000000E+00   0.000000000E+00
   0.000000000E+00   0.000000000E+00   0.000000000E+00   0.000000000E+00
   0.000000000E+00   0.000000000E+00   0.000000000E+00   0.000000000E+00
   0.000000000E+00   0.000000000E+00   0.000000000E+00   0.000000000E+00
   0.000000000E+00   0.000000000E+00   0.000000000E+00   0.000000000E+00
   0.000000000E+00   0.000000000E+00   0.000000000E+00   0.000000000E+00
   0.000000000E+00   0.000000000E+00   0.000000000E+00   0.000000000E+00
   0.000000000E+00   0.000000000E+00   0.000000000E+00   0.419945130E-09
   0.891773356E-08   0.316002589E-07   0.639480185E-07   0.949033213E-07
   0.110572025E-06   0.970919261E-07   0.427438156E-07  -0.606188055E-07
  -0.216745334E-06  -0.424692999E-06  -0.678985110E-06  -0.970146623E-06
  -0.128554101E-05  -0.161043242E-05  -0.192919718E-05  -0.222660850E-05
  -0.248911857E-05  -0.270606186E-05  -0.287070370E-05  -0.298105821E-05
  -0.304039935E-05   0.427997558E-05   0.493218580E-05   0.563646467E-05
   0.639262037E-05   0.719887547E-05   0.805454986E-05   0.896424447E-05
   0.993416328E-05   0.109698710E-04   0.120733025E-04   0.132454092E-04
   0.144875908E-04   0.158032845E-04   0.171965507E-04   0.186714822E-04
   0.202318977E-04   0.218816156E-04   0.236245010E-04   0.254643131E-04
   0.274048417E-04   0.294501256E-04   0.316049798E-04   0.338745190E-04
   0.362638682E-04   0.387777767E-04   0.414209680E-04   0.441984967E-04
   0.471164804E-04   0.501814333E-04   0.533998230E-04   0.567774079E-04
   0.603198425E-04   0.640331704E-04   0.679247052E-04   0.720022238E-04
   0.762736196E-04   0.807466923E-04   0.854293417E-04   0.903297489E-04
   0.954567340E-04   0.100819427E-03   0.106427205E-03   0.112289858E-03
   0.118417432E-03   0.124820394E-03   0.131510268E-03   0.138499045E-03
   0.145798929E-03   0.153422195E-03   0.161381324E-03   0.169689471E-03
   0.178361777E-03   0.187414149E-03   0.196862869E-03   0.206724670E-03
   0.217016665E-03   0.227756703E-03   0.238964543E-03   0.250660755E-03
   0.262866497E-03   0.275603968E-03   0.288895979E-03   0.302766449E-03
   0.317242347E-03   0.332351869E-03   0.348124690E-03   0.364594665E-03
   0.381797289E-03   0.399769334E-03   0.418550349E-03   0.438181247E-03
   0.458703879E-03   0.480161228E-03   0.502597228E-03   0.526058115E-03
   0.550596755E-03   0.576268557E-03   0.603127939E-03   0.631221724E-03
   0.660595376E-03   0.691292934E-03   0.723350335E-03   0.756801727E-03
   0.791674729E-03   0.827969323E-03   0.865677841E-03   0.904792434E-03
   0.945307107E-03   0.987215785E-03   0.103051863E-02   0.107524330E-02
   0.112142479E-02   0.116922248E-02   0.121929889E-02   0.127245976E-02
   0.132953179E-02   0.139136264E-02   0.145882090E-02
   0.000000000E+00   0.000000000E+00   0.000000000E+00   0.000000000E+00
   0.000000000E+00   0.000000000E+00   0.000000000E+00   0.000000000E+00
   0.000000000E+00   0.000000000E+00   0.000000000E+00   0.000000000E+00
   0.000000000E+00   0.000000000E+00   0.000000000E+00   0.000000000E+00
   0.000000000E+00   0.000000000E+00   0.000000000E+00   0.000000000E+00
   0.000000000E+00   0.000000000E+00   0.000000000E+00   0.000000000E+00
   0.000000000E+00   0.000000000E+00   0.000000000E+00   0.000000000E+00
   0.000000000E+00   0.000000000E+00   0.000000000E+00   0.000000000E+00
   0.000000000E+00   0.000000000E+00   0.000000000E+00  -0.443356571E-09
  -0.100175820E-07  -0.384387310E-07  -0.864666346E-07  -0.148759174E-06
  -0.216620585E-06  -0.280171287E-06  -0.329991975E-06  -0.358294756E-06
  -0.359674091E-06  -0.331490277E-06  -0.273938267E-06  -0.189854561E-06
  -0.843149382E-07   0.359242055E-07   0.163088159E-06   0.289097076E-06
   0.406277264E-06   0.508017839E-06   0.589319960E-06   0.647185915E-06
   0.680795260E-06  -0.440197719E-05  -0.485472318E-05  -0.533460554E-05
  -0.584258943E-05  -0.637973048E-05  -0.694740704E-05  -0.754711469E-05
  -0.818035871E-05  -0.884854248E-05  -0.955306685E-05  -0.102953640E-04
  -0.110768956E-04  -0.118991543E-04  -0.127637483E-04  -0.136726613E-04
  -0.146280186E-04  -0.156319605E-04  -0.166865007E-04  -0.177936543E-04
  -0.189554980E-04  -0.201742214E-04  -0.214520806E-04  -0.227915201E-04
  -0.241955985E-04  -0.256676011E-04  -0.272107477E-04  -0.288277028E-04
  -0.305210226E-04  -0.322934749E-04  -0.341485483E-04  -0.360899853E-04
  -0.381216063E-04  -0.402472635E-04  -0.424708833E-04  -0.447966240E-04
  -0.472293179E-04  -0.497740641E-04  -0.524359165E-04  -0.552193554E-04
  -0.581287762E-04  -0.611691466E-04  -0.643475161E-04  -0.676716176E-04
  -0.711489197E-04  -0.747851848E-04  -0.785858084E-04  -0.825569781E-04
  -0.867078319E-04  -0.910484499E-04  -0.955887985E-04  -0.100337595E-03
  -0.105303367E-03  -0.110495451E-03  -0.115925948E-03  -0.121607900E-03
  -0.127554539E-03  -0.133778926E-03  -0.140294293E-03  -0.147114714E-03
  -0.154256829E-03  -0.161738228E-03  -0.169577173E-03  -0.177793410E-03
  -0.186407405E-03  -0.195440831E-03  -0.204918862E-03  -0.214868017E-03
  -0.225315280E-03  -0.236287664E-03  -0.247812624E-03  -0.259918596E-03
  -0.272636237E-03  -0.285997259E-03  -0.300035850E-03  -0.314794267E-03
  -0.330317552E-03  -0.346649309E-03  -0.363824253E-03  -0.381875258E-03
  -0.400830511E-03  -0.420697501E-03  -0.441478182E-03  -0.463182467E-03
  -0.485853671E-03  -0.509544384E-03  -0.534322442E-03  -0.560314270E-03
  -0.587663737E-03  -0.616502633E-03  -0.646903185E-03  -0.678923182E-03
  -0.712621301E-03  -0.748057113E-03  -0.785291077E-03
   0.000000000E+00   0.000000000E+00   0.000000000E+00   0.000000000E+00
   0.000000000E+00   0.000000000E+00   0.000000000E+00   0.000000000E+00
   0.000000000E+00   0.000000000E+00   0.000000000E+00   0.000000000E+00
   0.000000000E+00   0.000000000E+00   0.000000000E+00   0.000000000E+00
   0.000000000E+00   0.000000000E+00   0.000000000E+00   0.000000000E+00
   0.000000000E+00   0.000000000E+00   0.000000000E+00   0.000000000E+00
   0.000000000E+00   0.000000000E+00   0.000000000E+00   0.000000000E+00
   0.000000000E+00   0.000000000E+00   0.000000000E+00   0.000000000E+00
   0.000000000E+00   0.479157226E-09   0.107959561E-07   0.412853979E-07
   0.924884145E-07   0.158310689E-06   0.229051651E-06   0.293793007E-06
   0.342205217E-06   0.365830347E-06   0.358899682E-06   0.318744545E-06
   0.245858711E-06   0.143670845E-06   0.180853659E-07  -0.123149838E-06
  -0.271190437E-06  -0.416899019E-06  -0.551646356E-06  -0.668052175E-06
  -0.760607015E-06  -0.826116753E-06  -0.863911397E-06   0.476334088E-05
   0.526459426E-05   0.579677581E-05   0.636004003E-05   0.695522545E-05
   0.758335845E-05   0.824584700E-05   0.894563109E-05   0.968616482E-05
   0.104702626E-04   0.112976042E-04   0.121669552E-04   0.130780048E-04
   0.140346862E-04   0.150422060E-04   0.161049477E-04   0.172231613E-04
   0.183959399E-04   0.196232196E-04   0.209087861E-04   0.222575596E-04
   0.236739425E-04   0.251596078E-04   0.267155047E-04   0.283429923E-04
   0.300452075E-04   0.318258199E-04   0.336885852E-04   0.356372922E-04
   0.376758113E-04   0.398078121E-04   0.420358394E-04   0.443621600E-04
   0.467896951E-04   0.493240007E-04   0.519714472E-04   0.547378574E-04
   0.576262336E-04   0.606388525E-04   0.637789126E-04   0.670533961E-04
   0.704704237E-04   0.740375364E-04   0.777591937E-04   0.816390910E-04
   0.856818058E-04   0.898954215E-04   0.942890910E-04   0.988717611E-04
   0.103650815E-03   0.108633337E-03   0.113826934E-03   0.119240945E-03
   0.124885314E-03   0.130770449E-03   0.136907960E-03   0.143309973E-03
   0.149988609E-03   0.156955134E-03   0.164220758E-03   0.171797738E-03
   0.179701919E-03   0.187950357E-03   0.196560843E-03   0.205552997E-03
   0.214947247E-03   0.224764937E-03   0.235029740E-03   0.245766328E-03
   0.257000140E-03   0.268758035E-03   0.281067674E-03   0.293955395E-03
   0.307440342E-03   0.321540005E-03   0.336275678E-03   0.351683408E-03
   0.367803651E-03   0.384679853E-03   0.402364869E-03   0.420914886E-03
   0.440386845E-03   0.460836840E-03   0.482321633E-03   0.504841009E-03
   0.528159975E-03   0.551977355E-03   0.576103295E-03   0.600826569E-03
   0.626565893E-03   0.653759937E-03   0.682893333E-03   0.714471960E-03
   0.749014556E-03   0.787052715E-03   0.829130890E-03
   0.000000000E+00   0.000000000E+00   0.000000000E+00   0.000000000E+00
   0.000000000E+00   0.000000000E+00   0.000000000E+00   0.000000000E+00
   0.000000000E+00   0.000000000E+00   0.000000000E+00   0.000000000E+00
   0.000000000E+00   0.000000000E+00   0.000000000E+00   0.000000000E+00
   0.000000000E+00   0.000000000E+00   0.000000000E+00   0.000000000E+00
   0.000000000E+00   0.000000000E+00   0.000000000E+00   0.000000000E+00
   0.000000000E+00  -0.481482264E-09  -0.115849345E-07  -0.476904059E-07
  -0.116101598E-06  -0.218433395E-06  -0.352238097E-06  -0.512356335E-06
  -0.692017787E-06  -0.883716811E-06  -0.107988808E-05  -0.127340737E-05
  -0.145794254E-05  -0.162817994E-05  -0.177995118E-05  -0.191028552E-05
  -0.201741298E-05  -0.210074312E-05  -0.216084482E-05  -0.219945203E-05
  -0.221952064E-05  -0.222536157E-05  -0.222287517E-05  -0.464394755E-05
  -0.485941737E-05  -0.508056910E-05  -0.530646752E-05  -0.553563316E-05
  -0.576692603E-05  -0.600098026E-05  -0.623896197E-05  -0.648161085E-05
  -0.672760140E-05  -0.697497334E-05  -0.722215511E-05  -0.746960031E-05
  -0.771834912E-05  -0.796907150E-05  -0.822064804E-05  -0.847142571E-05
  -0.871985755E-05  -0.896513203E-05  -0.920661295E-05  -0.944364852E-05
  -0.967558435E-05  -0.990175182E-05  -0.101212523E-04  -0.103322976E-04
  -0.105328031E-04  -0.107209036E-04  -0.108959185E-04  -0.110574802E-04
  -0.112048051E-04  -0.113353669E-04  -0.114460996E-04  -0.115342033E-04
  -0.115983537E-04  -0.116376014E-04  -0.116504572E-04  -0.116332364E-04
  -0.115815714E-04  -0.114914705E-04  -0.113609819E-04  -0.111886693E-04
  -0.109724975E-04  -0.107080124E-04  -0.103900143E-04  -0.100134420E-04
  -0.957432883E-05  -0.906892141E-05  -0.849306283E-05  -0.784122106E-05
  -0.710738670E-05  -0.628550569E-05  -0.536986362E-05  -0.435472970E-05
  -0.323389497E-05  -0.199962579E-05  -0.643635594E-06   0.842462446E-06
   0.246678696E-05   0.423753124E-05   0.616350385E-05   0.825542994E-05
   0.105247377E-04   0.129830054E-04   0.156415370E-04   0.185117588E-04
   0.216060733E-04   0.249400678E-04   0.285304472E-04   0.323940747E-04
   0.365471946E-04   0.410061608E-04   0.457881193E-04   0.509123362E-04
   0.563989500E-04   0.622686894E-04   0.685433113E-04   0.752451887E-04
   0.823985302E-04   0.900335491E-04   0.981825355E-04   0.106877865E-03
   0.116149997E-03   0.126029362E-03   0.136545965E-03   0.147726186E-03
   0.159595805E-03   0.172178111E-03   0.185485003E-03   0.199525410E-03
   0.214320261E-03   0.229939500E-03   0.246467030E-03   0.263978736E-03
   0.282511755E-03   0.302093618E-03   0.322749454E-03   0.344493741E-03
   0.367338138E-03   0.391304619E-03   0.416457477E-03   0.442872908E-03
   0.470628685E-03   0.499804155E-03   0.530480240E-03
   0.000000000E+00   0.000000000E+00   0.000000000E+00   0.000000000E+00
   0.000000000E+00   0.000000000E+00   0.000000000E+00   0.000000000E+00
   0.000000000E+00   0.000000000E+00   0.000000000E+00   0.000000000E+00
   0.000000000E+00   0.000000000E+00   0.000000000E+00   0.000000000E+00
   0.000000000E+00   0.000000000E+00   0.000000000E+00   0.000000000E+00
   0.000000000E+00   0.000000000E+00   0.000000000E+00   0.000000000E+00
  -0.493155556E-09  -0.118733841E-07  -0.489104746E-07  -0.119154757E-06
  -0.224339893E-06  -0.362033944E-06  -0.527012254E-06  -0.712377495E-06
  -0.910452274E-06  -0.111346965E-05  -0.131408696E-05  -0.150574831E-05
  -0.168292107E-05  -0.184123188E-05  -0.197752731E-05  -0.208988480E-05
  -0.217759905E-05  -0.224116939E-05  -0.228231333E-05  -0.230403189E-05
  -0.231075181E-05  -0.230857030E-05  -0.475507147E-05  -0.497279982E-05
  -0.519354200E-05  -0.541615815E-05  -0.564137048E-05  -0.587046941E-05
  -0.610421817E-05  -0.634084029E-05  -0.657776214E-05  -0.681288769E-05
  -0.704667809E-05  -0.728033653E-05  -0.751463380E-05  -0.774822207E-05
  -0.797911726E-05  -0.820541525E-05  -0.842590996E-05  -0.863954643E-05
  -0.884528016E-05  -0.904223388E-05  -0.922955802E-05  -0.940616533E-05
  -0.957005492E-05  -0.971891705E-05  -0.985055090E-05  -0.996351068E-05
  -0.100565247E-04  -0.101279318E-04  -0.101745557E-04  -0.101927216E-04
  -0.101789567E-04  -0.101310730E-04  -0.100471853E-04  -0.992500833E-05
  -0.976072807E-05  -0.955002914E-05  -0.928854814E-05  -0.897218006E-05
  -0.859679848E-05  -0.815804293E-05  -0.765095973E-05  -0.707033113E-05
  -0.641063152E-05  -0.566554179E-05  -0.482839568E-05  -0.389239949E-05
  -0.285083635E-05  -0.169687790E-05  -0.423171716E-06   0.979232231E-06
   0.251988951E-05   0.420857514E-05   0.605514339E-05   0.806965766E-05
   0.102627333E-04   0.126464565E-04   0.152335308E-04   0.180373134E-04
   0.210728255E-04   0.243558116E-04   0.279025317E-04   0.317301103E-04
   0.358562107E-04   0.402995323E-04   0.450816804E-04   0.502254193E-04
   0.557540901E-04   0.616916589E-04   0.680626713E-04   0.748932848E-04
   0.822144813E-04   0.900590542E-04   0.984618230E-04   0.107463445E-03
   0.117106834E-03   0.127436165E-03   0.138497566E-03   0.150338464E-03
   0.163007381E-03   0.176553969E-03   0.191028979E-03   0.206484267E-03
   0.222972881E-03   0.240548979E-03   0.259272169E-03   0.279220860E-03
   0.300479646E-03   0.323142811E-03   0.347338186E-03   0.373204580E-03
   0.400843644E-03   0.430196115E-03   0.461159028E-03   0.493652605E-03
   0.527702900E-03   0.563363433E-03   0.600752451E-03   0.640248217E-03
   0.682303618E-03   0.727353476E-03   0.775723830E-03   0.827718150E-03
   0.883646615E-03   0.943826119E-03   0.100858026E-02
   0.000000000E+00   0.000000000E+00   0.000000000E+00   0.000000000E+00
   0.000000000E+00   0.000000000E+00   0.000000000E+00   0.000000000E+00
   0.000000000E+00   0.000000000E+00   0.000000000E+00   0.000000000E+00
   0.000000000E+00   0.000000000E+00   0.000000000E+00   0.000000000E+00
   0.000000000E+00   0.000000000E+00   0.000000000E+00   0.000000000E+00
   0.000000000E+00   0.000000000E+00   0.000000000E+00   0.000000000E+00
   0.000000000E+00   0.000000000E+00   0.000000000E+00   0.000000000E+00
   0.000000000E+00   0.000000000E+00   0.000000000E+00   0.000000000E+00
   0.000000000E+00   0.000000000E+00   0.000000000E+00   0.000000000E+00
   0.000000000E+00   0.000000000E+00   0.000000000E+00   0.000000000E+00
   0.000000000E+00   0.000000000E+00   0.000000000E+00   0.000000000E+00
   0.000000000E+00   0.000000000E+00   0.000000000E+00   0.000000000E+00
   0.000000000E+00   0.000000000E+00   0.000000000E+00   0.000000000E+00
   0.000000000E+00   0.000000000E+00   0.000000000E+00   0.000000000E+00
   0.000000000E+00   0.000000000E+00   0.000000000E+00   0.000000000E+00
   0.000000000E+00   0.000000000E+00   0.000000000E+00   0.000000000E+00
   0.000000000E+00   0.000000000E+00   0.000000000E+00   0.000000000E+00
   0.000000000E+00   0.000000000E+00   0.000000000E+00   0.000000000E+00
   0.000000000E+00   0.000000000E+00   0.000000000E+00   0.000000000E+00
  -0.372929873E-09  -0.702036725E-08  -0.204899269E-07  -0.285176665E-07
  -0.118390749E-07   0.507936790E-07   0.178783988E-06   0.386944053E-06
   0.683720638E-06   0.107028486E-05   0.154037752E-05   0.208080148E-05
   0.267245257E-05   0.329178069E-05   0.391257231E-05   0.450794628E-05
   0.505245407E-05   0.552417627E-05   0.590670665E-05   0.619091539E-05
   0.637638300E-05   0.647239636E-05  -0.397473029E-05  -0.490567507E-05
  -0.591298904E-05  -0.700053441E-05  -0.817196718E-05  -0.943153270E-05
  -0.107856573E-04  -0.122414673E-04  -0.138060136E-04  -0.154854478E-04
  -0.172857907E-04  -0.192136579E-04  -0.212776835E-04  -0.234871897E-04
  -0.258516024E-04  -0.283800501E-04  -0.310817391E-04  -0.339664586E-04
  -0.370457370E-04  -0.403317576E-04  -0.438373507E-04  -0.475771045E-04
  -0.515663217E-04  -0.558209578E-04  -0.603585225E-04  -0.651972320E-04
  -0.703561431E-04  -0.758564529E-04  -0.817202747E-04  -0.879690474E-04
  -0.946199431E-04  -0.101689257E-03  -0.109197727E-03  -0.117183294E-03
  -0.125689049E-03  -0.134758832E-03  -0.144436327E-03  -0.154765922E-03
  -0.165777155E-03  -0.177436271E-03  -0.189692104E-03  -0.202540428E-03
  -0.216172994E-03  -0.230836207E-03  -0.246712396E-03  -0.263703762E-03
  -0.281637480E-03  -0.300398913E-03  -0.320125686E-03  -0.341023251E-03
  -0.363302241E-03  -0.387178468E-03  -0.412872925E-03
   0.000000000E+00   0.000000000E+00   0.000000000E+00   0.000000000E+00
   0.000000000E+00   0.000000000E+00   0.000000000E+00   0.000000000E+00
   0.000000000E+00   0.000000000E+00   0.000000000E+00   0.000000000E+00
   0.000000000E+00   0.000000000E+00   0.000000000E+00   0.000000000E+00
   0.000000000E+00   0.000000000E+00   0.000000000E+00   0.000000000E+00
   0.000000000E+00   0.000000000E+00   0.000000000E+00   0.000000000E+00
   0.000000000E+00   0.000000000E+00   0.000000000E+00   0.000000000E+00
   0.000000000E+00   0.000000000E+00   0.000000000E+00   0.000000000E+00
   0.000000000E+00   0.000000000E+00   0.000000000E+00   0.000000000E+00
   0.000000000E+00   0.000000000E+00   0.000000000E+00   0.000000000E+00
   0.000000000E+00   0.000000000E+00   0.000000000E+00   0.000000000E+00
   0.000000000E+00   0.000000000E+00   0.000000000E+00   0.000000000E+00
   0.000000000E+00   0.000000000E+00   0.000000000E+00   0.000000000E+00
   0.000000000E+00   0.000000000E+00   0.000000000E+00   0.000000000E+00
   0.000000000E+00   0.000000000E+00   0.000000000E+00   0.000000000E+00
   0.000000000E+00   0.000000000E+00   0.000000000E+00   0.000000000E+00
   0.000000000E+00   0.000000000E+00   0.000000000E+00   0.000000000E+00
   0.000000000E+00   0.450761910E-09   0.883449975E-08   0.277056548E-07
   0.454432884E-07   0.424284588E-07  -0.356291504E-08  -0.113230474E-06
  -0.302767903E-06  -0.581914263E-06  -0.952922954E-06  -0.141033308E-05
  -0.194142803E-05  -0.252726599E-05  -0.314416728E-05  -0.376554315E-05
  -0.436395096E-05  -0.491326044E-05  -0.539081584E-05  -0.577947870E-05
  -0.606943619E-05  -0.625965953E-05  -0.635889754E-05   0.473676236E-05
   0.572546034E-05   0.679805045E-05   0.796160958E-05   0.922062260E-05
   0.105789613E-04   0.120413052E-04   0.136154270E-04   0.153100753E-04
   0.171340271E-04   0.190954065E-04   0.212023173E-04   0.234633704E-04
   0.258886394E-04   0.284887712E-04   0.312749559E-04   0.342597707E-04
   0.374563932E-04   0.408784931E-04   0.445407275E-04   0.484582787E-04
   0.526474173E-04   0.571277199E-04   0.619199936E-04   0.670458366E-04
   0.725284662E-04   0.783919421E-04   0.846615804E-04   0.913660336E-04
   0.985353371E-04   0.106200769E-03   0.114396469E-03   0.123157917E-03
   0.132523103E-03   0.142537711E-03   0.153250237E-03   0.164712260E-03
   0.176984359E-03   0.190130530E-03   0.204217863E-03   0.219321383E-03
   0.235519478E-03   0.252885801E-03   0.271469258E-03   0.291312939E-03
   0.312462941E-03   0.334975649E-03   0.358910836E-03   0.384330943E-03
   0.411306027E-03   0.439909069E-03   0.470276696E-03   0.502799663E-03
   0.537942030E-03   0.576174667E-03   0.617959826E-03   0.663765801E-03
   0.714071911E-03   0.769368494E-03   0.830156915E-03
   0.000000000E+00   0.000000000E+00   0.000000000E+00   0.000000000E+00
   0.000000000E+00   0.000000000E+00   0.000000000E+00   0.000000000E+00
   0.000000000E+00   0.000000000E+00   0.000000000E+00   0.000000000E+00
   0.000000000E+00   0.000000000E+00   0.000000000E+00   0.000000000E+00
   0.000000000E+00   0.000000000E+00   0.000000000E+00   0.000000000E+00
   0.000000000E+00   0.000000000E+00   0.000000000E+00   0.000000000E+00
   0.000000000E+00   0.000000000E+00   0.000000000E+00   0.000000000E+00
   0.000000000E+00   0.000000000E+00   0.000000000E+00   0.000000000E+00
   0.000000000E+00   0.000000000E+00   0.000000000E+00   0.000000000E+00
   0.000000000E+00   0.000000000E+00   0.000000000E+00   0.000000000E+00
   0.000000000E+00   0.000000000E+00  -0.477029385E-09  -0.110715435E-07
  -0.438273079E-07  -0.102252078E-06  -0.183677664E-06  -0.281652892E-06
  -0.387860686E-06  -0.493602695E-06  -0.590894839E-06  -0.673217199E-06
  -0.735961647E-06  -0.776620603E-06  -0.794760349E-06  -0.791822268E-06
  -0.770795447E-06  -0.735804007E-06  -0.691652595E-06  -0.643373423E-06
  -0.595818252E-06  -0.553338742E-06  -0.519598543E-06  -0.497560558E-06
  -0.467959531E-05  -0.505203109E-05  -0.544509716E-05  -0.585838762E-05
  -0.629357811E-05  -0.675295679E-05  -0.723853801E-05  -0.775089225E-05
  -0.829019807E-05  -0.885694088E-05  -0.945295067E-05  -0.100804648E-04
  -0.107414612E-04  -0.114365949E-04  -0.121661626E-04  -0.129308593E-04
  -0.137330925E-04  -0.145757865E-04  -0.154615182E-04  -0.163911222E-04
  -0.173649651E-04  -0.183838041E-04  -0.194500829E-04  -0.205667440E-04
  -0.217365406E-04  -0.229611742E-04  -0.242420873E-04  -0.255809954E-04
  -0.269806892E-04  -0.284442953E-04  -0.299748532E-04  -0.315747931E-04
  -0.332464186E-04  -0.349922815E-04  -0.368158268E-04  -0.387207952E-04
  -0.407108499E-04  -0.427890573E-04  -0.449583689E-04  -0.472220857E-04
  -0.495847782E-04  -0.520514299E-04  -0.546270650E-04  -0.573165043E-04
  -0.601245924E-04  -0.630564682E-04  -0.661181550E-04  -0.693160092E-04
  -0.726565310E-04  -0.761463656E-04  -0.797923022E-04  -0.836017723E-04
  -0.875843778E-04  -0.917504578E-04  -0.961106813E-04  -0.100676297E-03
  -0.105458897E-03  -0.110470713E-03  -0.115725755E-03  -0.121238741E-03
  -0.127024879E-03  -0.133100345E-03  -0.139481832E-03  -0.146187535E-03
  -0.153240603E-03  -0.160665882E-03  -0.168489138E-03  -0.176738102E-03
  -0.185441485E-03  -0.194625898E-03  -0.204307448E-03  -0.214499690E-03
  -0.225215353E-03  -0.236463367E-03  -0.248251678E-03  -0.260584004E-03
  -0.273446952E-03  -0.286822235E-03  -0.300731854E-03  -0.315363545E-03
  -0.330951689E-03  -0.347718441E-03  -0.365817452E-03  -0.385387348E-03
  -0.406569894E-03  -0.429509994E-03  -0.454355691E-03
   0.000000000E+00   0.000000000E+00   0.000000000E+00   0.000000000E+00
   0.000000000E+00   0.000000000E+00   0.000000000E+00   0.000000000E+00
   0.000000000E+00   0.000000000E+00   0.000000000E+00   0.000000000E+00
   0.000000000E+00   0.000000000E+00   0.000000000E+00   0.000000000E+00
   0.000000000E+00   0.000000000E+00   0.000000000E+00   0.000000000E+00
   0.000000000E+00   0.000000000E+00   0.000000000E+00   0.000000000E+00
   0.000000000E+00   0.000000000E+00   0.000000000E+00   0.000000000E+00
   0.000000000E+00   0.000000000E+00   0.000000000E+00   0.000000000E+00
   0.000000000E+00   0.000000000E+00   0.000000000E+00   0.000000000E+00
   0.000000000E+00   0.000000000E+00   0.000000000E+00   0.000000000E+00
  -0.469263914E-09  -0.108677398E-07  -0.429152927E-07  -0.998462410E-07
  -0.178788179E-06  -0.273161340E-06  -0.374598052E-06  -0.474426058E-06
  -0.564759461E-06  -0.639241078E-06  -0.693479963E-06  -0.725227876E-06
  -0.734338455E-06  -0.722552884E-06  -0.693155803E-06  -0.650545245E-06
  -0.599760368E-06  -0.546010747E-06  -0.494251000E-06  -0.448844519E-06
  -0.413360073E-06  -0.390545056E-06  -0.460797748E-05  -0.498357377E-05
  -0.537719149E-05  -0.579071646E-05  -0.622709720E-05  -0.668895486E-05
  -0.717709264E-05  -0.769182950E-05  -0.823359285E-05  -0.880332077E-05
  -0.940210041E-05  -0.100310334E-04  -0.106912080E-04  -0.113837240E-04
  -0.121097189E-04  -0.128704197E-04  -0.136670960E-04  -0.145010564E-04
  -0.153736910E-04  -0.162864328E-04  -0.172406637E-04  -0.182374631E-04
  -0.192778373E-04  -0.203629077E-04  -0.214942470E-04  -0.226735713E-04
  -0.239025351E-04  -0.251824271E-04  -0.265144505E-04  -0.278999064E-04
  -0.293404665E-04  -0.308379221E-04  -0.323939542E-04  -0.340096912E-04
  -0.356861174E-04  -0.374243998E-04  -0.392264598E-04  -0.410944430E-04
  -0.430303093E-04  -0.450351279E-04  -0.471097316E-04  -0.492551488E-04
  -0.514732443E-04  -0.537661231E-04  -0.561356924E-04  -0.585829425E-04
  -0.611086174E-04  -0.637136599E-04  -0.663998736E-04  -0.691693047E-04
  -0.720238158E-04  -0.749644289E-04  -0.779919405E-04  -0.811071145E-04
  -0.843106293E-04  -0.876031272E-04  -0.909852955E-04  -0.944580618E-04
  -0.980224106E-04  -0.101679502E-03  -0.105431225E-03  -0.109279678E-03
  -0.113226920E-03  -0.117274747E-03  -0.121424907E-03  -0.125678948E-03
  -0.130037584E-03  -0.134501294E-03  -0.139068568E-03  -0.143729868E-03
  -0.148473332E-03  -0.153285085E-03  -0.158144256E-03  -0.163027691E-03
  -0.167922736E-03  -0.172861437E-03  -0.177888146E-03  -0.183026188E-03
  -0.188209606E-03  -0.193347883E-03  -0.198343507E-03  -0.203078438E-03
  -0.207426958E-03  -0.211327712E-03  -0.214990470E-03  -0.218699634E-03
  -0.222747496E-03  -0.227434239E-03  -0.233067939E-03
   0.000000000E+00   0.000000000E+00   0.000000000E+00   0.000000000E+00
   0.000000000E+00   0.000000000E+00   0.000000000E+00   0.000000000E+00
   0.000000000E+00   0.000000000E+00   0.000000000E+00   0.000000000E+00
   0.000000000E+00   0.000000000E+00   0.000000000E+00   0.000000000E+00
   0.000000000E+00   0.000000000E+00   0.000000000E+00   0.000000000E+00
   0.000000000E+00   0.000000000E+00   0.000000000E+00   0.000000000E+00
   0.000000000E+00   0.000000000E+00   0.000000000E+00   0.000000000E+00
   0.000000000E+00   0.000000000E+00   0.000000000E+00   0.000000000E+00
   0.000000000E+00   0.000000000E+00   0.000000000E+00   0.000000000E+00
   0.000000000E+00   0.000000000E+00   0.000000000E+00   0.000000000E+00
   0.000000000E+00   0.000000000E+00   0.000000000E+00   0.000000000E+00
   0.000000000E+00   0.000000000E+00   0.480309966E-09   0.113082609E-07
   0.454813333E-07   0.108005118E-06   0.197880130E-06   0.310202217E-06
   0.437864103E-06   0.572894453E-06   0.707470826E-06   0.834642908E-06
   0.948802389E-06   0.104593588E-05   0.112369721E-05   0.118133558E-05
   0.121951575E-05   0.124006694E-05   0.124569650E-05   0.123970496E-05
   0.122573875E-05   0.120761693E-05   0.118926845E-05   0.117481609E-05
   0.468071089E-05   0.499287686E-05   0.531907635E-05   0.566090313E-05
   0.602040645E-05   0.639920878E-05   0.679688587E-05   0.721242970E-05
   0.764530060E-05   0.809712090E-05   0.857013913E-05   0.906624685E-05
   0.958557632E-05   0.101277769E-04   0.106928548E-04   0.112824095E-04
   0.118985041E-04   0.125429202E-04   0.132160536E-04   0.139179261E-04
   0.146488800E-04   0.154106486E-04   0.162053725E-04   0.170349842E-04
   0.179003543E-04   0.188020783E-04   0.197410149E-04   0.207191111E-04
   0.217386394E-04   0.228017329E-04   0.239097577E-04   0.250638943E-04
   0.262656100E-04   0.275174997E-04   0.288225052E-04   0.301834398E-04
   0.316023496E-04   0.330811078E-04   0.346218833E-04   0.362279570E-04
   0.379029605E-04   0.396505524E-04   0.414742230E-04   0.433774768E-04
   0.453641444E-04   0.474391493E-04   0.496077901E-04   0.518753990E-04
   0.542470445E-04   0.567278098E-04   0.593230816E-04   0.620391420E-04
   0.648826126E-04   0.678608793E-04   0.709839783E-04   0.742628218E-04
   0.777090013E-04   0.813360374E-04   0.851582020E-04   0.891913915E-04
   0.934570301E-04   0.979783873E-04   0.102772611E-03   0.107830177E-03
   0.113134304E-03   0.118675245E-03   0.124473793E-03   0.130559048E-03
   0.136964582E-03   0.143739872E-03   0.150939470E-03   0.158612179E-03
   0.166779184E-03   0.175454785E-03   0.184639777E-03   0.194279672E-03
   0.204304359E-03   0.214712952E-03   0.225791851E-03   0.237907513E-03
   0.251436059E-03   0.266763277E-03   0.284284620E-03
   0.000000000E+00   0.000000000E+00   0.000000000E+00   0.000000000E+00
   0.000000000E+00   0.000000000E+00   0.000000000E+00   0.000000000E+00
   0.000000000E+00   0.000000000E+00   0.000000000E+00   0.000000000E+00
   0.000000000E+00   0.000000000E+00   0.000000000E+00   0.000000000E+00
   0.000000000E+00   0.000000000E+00   0.000000000E+00   0.000000000E+00
   0.000000000E+00   0.000000000E+00   0.000000000E+00   0.000000000E+00
   0.000000000E+00   0.000000000E+00   0.000000000E+00   0.000000000E+00
   0.000000000E+00   0.000000000E+00   0.000000000E+00   0.000000000E+00
   0.000000000E+00   0.000000000E+00   0.000000000E+00   0.000000000E+00
   0.000000000E+00   0.000000000E+00   0.000000000E+00   0.000000000E+00
   0.000000000E+00   0.000000000E+00   0.000000000E+00   0.000000000E+00
  -0.485519777E-09  -0.114332555E-07  -0.459943400E-07  -0.109250102E-06
  -0.200214762E-06  -0.313954130E-06  -0.443302274E-06  -0.580212844E-06
  -0.716781703E-06  -0.845977536E-06  -0.962117112E-06  -0.106112185E-05
  -0.114059235E-05  -0.119973761E-05  -0.123919550E-05  -0.126078128E-05
  -0.126720066E-05  -0.126176426E-05  -0.124814005E-05  -0.123018034E-05
  -0.121186017E-05  -0.119736363E-05  -0.473102944E-05  -0.504566719E-05
  -0.537391091E-05  -0.572001488E-05  -0.608715779E-05  -0.647337572E-05
  -0.687521873E-05  -0.729030686E-05  -0.772133320E-05  -0.817244877E-05
  -0.864696559E-05  -0.914411208E-05  -0.966197520E-05  -0.101991447E-04
  -0.107566571E-04  -0.113362264E-04  -0.119394495E-04  -0.125672386E-04
  -0.132203398E-04  -0.138993400E-04  -0.146041356E-04  -0.153344196E-04
  -0.160902760E-04  -0.168735007E-04  -0.176863875E-04  -0.185306441E-04
  -0.194053349E-04  -0.203087769E-04  -0.212400326E-04  -0.222015020E-04
  -0.231965271E-04  -0.242276127E-04  -0.252934783E-04  -0.263917891E-04
  -0.275209708E-04  -0.286829124E-04  -0.298804561E-04  -0.311158593E-04
  -0.323887061E-04  -0.336978506E-04  -0.350424282E-04  -0.364229184E-04
  -0.378401537E-04  -0.392948974E-04  -0.407875887E-04  -0.423185810E-04
  -0.438878008E-04  -0.454934504E-04  -0.471332223E-04  -0.488051866E-04
  -0.505092411E-04  -0.522457515E-04  -0.540150412E-04  -0.558172512E-04
  -0.576524720E-04  -0.595204894E-04  -0.614198694E-04  -0.633488194E-04
  -0.653051790E-04  -0.672854925E-04  -0.692858829E-04  -0.712997741E-04
  -0.733100032E-04  -0.752962622E-04  -0.772433232E-04  -0.791584603E-04
  -0.810549905E-04  -0.829445380E-04  -0.848305054E-04  -0.867142491E-04
  -0.885999827E-04  -0.905033465E-04  -0.924432912E-04  -0.943879613E-04
  -0.960976736E-04  -0.972738106E-04  -0.976952474E-04  -0.974806157E-04
  -0.968393346E-04  -0.959883972E-04  -0.951566142E-04  -0.945805814E-04
  -0.945033102E-04  -0.951742272E-04  -0.968491750E-04
   0.000000000E+00   0.000000000E+00   0.000000000E+00   0.000000000E+00
   0.000000000E+00   0.000000000E+00   0.000000000E+00   0.000000000E+00
   0.000000000E+00   0.000000000E+00   0.000000000E+00   0.000000000E+00
   0.000000000E+00   0.000000000E+00   0.000000000E+00   0.000000000E+00
   0.000000000E+00   0.000000000E+00   0.000000000E+00   0.000000000E+00
   0.000000000E+00   0.000000000E+00   0.000000000E+00   0.000000000E+00
   0.000000000E+00   0.000000000E+00   0.000000000E+00   0.000000000E+00
   0.000000000E+00   0.000000000E+00   0.000000000E+00   0.000000000E+00
   0.000000000E+00   0.000000000E+00   0.000000000E+00   0.000000000E+00
   0.000000000E+00   0.000000000E+00   0.000000000E+00   0.000000000E+00
   0.000000000E+00   0.000000000E+00   0.000000000E+00   0.000000000E+00
   0.000000000E+00   0.000000000E+00   0.000000000E+00   0.000000000E+00
   0.000000000E+00   0.000000000E+00   0.000000000E+00   0.000000000E+00
   0.000000000E+00   0.000000000E+00   0.000000000E+00   0.000000000E+00
   0.000000000E+00   0.000000000E+00   0.000000000E+00   0.000000000E+00
   0.000000000E+00   0.000000000E+00   0.000000000E+00   0.000000000E+00
   0.000000000E+00   0.000000000E+00   0.000000000E+00   0.000000000E+00
  -0.431216420E-09  -0.935768950E-08  -0.341381981E-07  -0.719730044E-07
  -0.113615219E-06  -0.146785859E-06  -0.158833483E-06  -0.138707313E-06
  -0.783127241E-07   0.266819822E-07   0.176518636E-06   0.367433183E-06
   0.592081699E-06   0.840239538E-06   0.109970471E-05   0.135733660E-05
   0.160016111E-05   0.181647338E-05   0.199686910E-05   0.213513556E-05
   0.222893366E-05   0.228020167E-05  -0.435603926E-05  -0.494726161E-05
  -0.558722464E-05  -0.628005487E-05  -0.702978546E-05  -0.783967972E-05
  -0.871285624E-05  -0.965284847E-05  -0.106646681E-04  -0.117538200E-04
  -0.129257988E-04  -0.141855797E-04  -0.155380914E-04  -0.169887176E-04
  -0.185443428E-04  -0.202123788E-04  -0.220004217E-04  -0.239162177E-04
  -0.259676948E-04  -0.281632083E-04  -0.305122623E-04  -0.330248360E-04
  -0.357113283E-04  -0.385830998E-04  -0.416519655E-04  -0.449303048E-04
  -0.484319279E-04  -0.521712630E-04  -0.561635926E-04  -0.604266293E-04
  -0.649790355E-04  -0.698403615E-04  -0.750324028E-04  -0.805779233E-04
  -0.865007124E-04  -0.928270966E-04  -0.995845153E-04  -0.106800336E-03
  -0.114499706E-03  -0.122707582E-03  -0.131450476E-03  -0.140759715E-03
  -0.150668362E-03  -0.161213531E-03  -0.172446647E-03  -0.184423738E-03
  -0.197190453E-03  -0.210746344E-03  -0.225078695E-03  -0.240186207E-03
  -0.256116237E-03  -0.272929487E-03  -0.290674043E-03  -0.309342722E-03
  -0.328913562E-03  -0.349419888E-03  -0.371122336E-03  -0.394345372E-03
  -0.419421762E-03  -0.446692575E-03  -0.476507177E-03
   0.000000000E+00   0.000000000E+00   0.000000000E+00   0.000000000E+00
   0.000000000E+00   0.000000000E+00   0.000000000E+00   0.000000000E+00
   0.000000000E+00   0.000000000E+00   0.000000000E+00   0.000000000E+00
   0.000000000E+00   0.000000000E+00   0.000000000E+00   0.000000000E+00
   0.000000000E+00   0.000000000E+00   0.000000000E+00   0.000000000E+00
   0.000000000E+00   0.000000000E+00   0.000000000E+00   0.000000000E+00
   0.000000000E+00   0.000000000E+00   0.000000000E+00   0.000000000E+00
   0.000000000E+00   0.000000000E+00   0.000000000E+00   0.000000000E+00
   0.000000000E+00   0.000000000E+00   0.000000000E+00   0.000000000E+00
   0.000000000E+00   0.000000000E+00   0.000000000E+00   0.000000000E+00
   0.000000000E+00   0.000000000E+00   0.000000000E+00   0.000000000E+00
   0.000000000E+00   0.000000000E+00   0.000000000E+00   0.000000000E+00
   0.000000000E+00   0.000000000E+00   0.000000000E+00   0.000000000E+00
   0.000000000E+00   0.000000000E+00   0.000000000E+00   0.000000000E+00
   0.000000000E+00   0.000000000E+00   0.000000000E+00   0.000000000E+00
   0.000000000E+00   0.000000000E+00   0.000000000E+00   0.000000000E+00
   0.000000000E+00  -0.444773123E-09  -0.965393996E-08  -0.352288034E-07
  -0.743005195E-07  -0.117353144E-06  -0.151742086E-06  -0.164434426E-06
  -0.144042066E-06  -0.822186789E-07   0.255085632E-07   0.179401522E-06
   0.375596912E-06   0.606544433E-06   0.861726255E-06   0.112858687E-05
   0.139360236E-05   0.164341810E-05   0.186598389E-05   0.205161567E-05
   0.219391266E-05   0.229045909E-05   0.234323958E-05  -0.449258695E-05
  -0.510158997E-05  -0.576198321E-05  -0.647733238E-05  -0.725121547E-05
  -0.808695039E-05  -0.898784600E-05  -0.995762540E-05  -0.110014656E-04
  -0.121250368E-04  -0.133339976E-04  -0.146334569E-04  -0.160284725E-04
  -0.175244685E-04  -0.191279936E-04  -0.208460166E-04  -0.226858918E-04
  -0.246559936E-04  -0.267651254E-04  -0.290222790E-04  -0.314365157E-04
  -0.340170767E-04  -0.367739611E-04  -0.397195829E-04  -0.428672226E-04
  -0.462301531E-04  -0.498205804E-04  -0.536506354E-04  -0.577336893E-04
  -0.620873539E-04  -0.667306684E-04  -0.716839952E-04  -0.769716459E-04
  -0.826194151E-04  -0.886537549E-04  -0.951018263E-04  -0.101991451E-03
  -0.109350407E-03  -0.117204323E-03  -0.125578662E-03  -0.134499851E-03
  -0.143996668E-03  -0.154098930E-03  -0.164841804E-03  -0.176280341E-03
  -0.188475741E-03  -0.201495298E-03  -0.215426538E-03  -0.230363843E-03
  -0.246367960E-03  -0.263356048E-03  -0.281205816E-03  -0.299816639E-03
  -0.319188141E-03  -0.339345681E-03  -0.360362416E-03  -0.382504173E-03
  -0.406091921E-03  -0.431441055E-03  -0.458818663E-03  -0.488484137E-03
  -0.520702969E-03  -0.555746745E-03  -0.593893151E-03
   0.000000000E+00   0.000000000E+00   0.000000000E+00   0.000000000E+00
   0.000000000E+00   0.000000000E+00   0.000000000E+00   0.000000000E+00
   0.000000000E+00   0.000000000E+00   0.000000000E+00   0.000000000E+00
   0.000000000E+00   0.000000000E+00   0.000000000E+00   0.000000000E+00
   0.000000000E+00   0.000000000E+00   0.000000000E+00   0.000000000E+00
   0.000000000E+00   0.000000000E+00   0.000000000E+00   0.000000000E+00
   0.000000000E+00   0.000000000E+00   0.000000000E+00   0.000000000E+00
   0.000000000E+00   0.000000000E+00   0.000000000E+00   0.000000000E+00
   0.000000000E+00   0.000000000E+00   0.000000000E+00   0.000000000E+00
   0.000000000E+00   0.000000000E+00   0.000000000E+00   0.000000000E+00
   0.000000000E+00   0.000000000E+00   0.000000000E+00   0.000000000E+00
   0.000000000E+00   0.000000000E+00   0.000000000E+00   0.000000000E+00
   0.000000000E+00   0.000000000E+00   0.000000000E+00   0.000000000E+00
   0.000000000E+00   0.000000000E+00   0.000000000E+00   0.000000000E+00
   0.000000000E+00   0.000000000E+00   0.000000000E+00   0.000000000E+00
   0.000000000E+00   0.000000000E+00   0.000000000E+00   0.000000000E+00
   0.000000000E+00   0.000000000E+00   0.000000000E+00   0.471642166E-09
   0.106505300E-07   0.408391748E-07   0.917893386E-07   0.157753351E-06
   0.229419609E-06   0.296229612E-06   0.348132925E-06   0.376836490E-06
   0.376604693E-06   0.344666582E-06   0.281286665E-06   0.189555670E-06
   0.749576985E-07  -0.552298334E-07  -0.192647055E-06  -0.328616896E-06
  -0.454908321E-06  -0.564441151E-06  -0.651876044E-06  -0.714033247E-06
  -0.750083696E-06   0.468400982E-05   0.516805123E-05   0.568980718E-05
   0.625069856E-05   0.685175871E-05   0.749453354E-05   0.818265114E-05
   0.892037125E-05   0.971171855E-05   0.105593457E-04   0.114655868E-04
   0.124332563E-04   0.134669982E-04   0.145720335E-04   0.157535271E-04
   0.170159619E-04   0.183637210E-04   0.198015891E-04   0.213356789E-04
   0.229725669E-04   0.247190898E-04   0.265826274E-04   0.285708386E-04
   0.306919638E-04   0.329560332E-04   0.353737360E-04   0.379559265E-04
   0.407132926E-04   0.436566665E-04   0.467974591E-04   0.501486670E-04
   0.537239268E-04   0.575380964E-04   0.616100290E-04   0.659599635E-04
   0.706088761E-04   0.755792178E-04   0.808942196E-04   0.865795007E-04
   0.926687202E-04   0.991982450E-04   0.106200647E-03   0.113690356E-03
   0.121677214E-03   0.130173282E-03   0.139199559E-03   0.148779628E-03
   0.158947829E-03   0.169780864E-03   0.181367868E-03   0.193790270E-03
   0.207091384E-03   0.221305247E-03   0.236461418E-03   0.252569662E-03
   0.269634491E-03   0.287708952E-03   0.307043882E-03   0.327946068E-03
   0.350730064E-03   0.375718192E-03   0.403240543E-03
   0.000000000E+00   0.000000000E+00   0.000000000E+00   0.000000000E+00
   0.000000000E+00   0.000000000E+00   0.000000000E+00   0.000000000E+00
   0.000000000E+00   0.000000000E+00   0.000000000E+00   0.000000000E+00
   0.000000000E+00   0.000000000E+00   0.000000000E+00   0.000000000E+00
   0.000000000E+00   0.000000000E+00   0.000000000E+00   0.000000000E+00
   0.000000000E+00   0.000000000E+00   0.000000000E+00   0.000000000E+00
   0.000000000E+00   0.000000000E+00   0.000000000E+00   0.000000000E+00
   0.000000000E+00   0.000000000E+00   0.000000000E+00   0.000000000E+00
   0.000000000E+00   0.000000000E+00   0.000000000E+00   0.000000000E+00
   0.000000000E+00   0.000000000E+00   0.000000000E+00   0.000000000E+00
   0.000000000E+00   0.000000000E+00   0.000000000E+00   0.000000000E+00
   0.000000000E+00   0.000000000E+00   0.000000000E+00   0.000000000E+00
   0.000000000E+00   0.000000000E+00   0.000000000E+00   0.000000000E+00
   0.000000000E+00   0.000000000E+00   0.000000000E+00   0.000000000E+00
   0.000000000E+00   0.000000000E+00   0.000000000E+00   0.000000000E+00
   0.000000000E+00   0.000000000E+00   0.000000000E+00  -0.457207279E-09
  -0.102835405E-07  -0.392437054E-07  -0.876899570E-07  -0.149619533E-06
  -0.215599258E-06  -0.275070091E-06  -0.318088179E-06  -0.336558955E-06
  -0.325020849E-06  -0.281035141E-06  -0.205238537E-06  -0.101114993E-06
   0.254566448E-07   0.166822635E-06   0.314285423E-06   0.458889253E-06
   0.592203765E-06   0.707049009E-06   0.798105353E-06   0.862351696E-06
   0.899275466E-06  -0.454858968E-05  -0.503386857E-05  -0.555765520E-05
  -0.612337622E-05  -0.673201711E-05  -0.738391451E-05  -0.808024080E-05
  -0.882568432E-05  -0.962597899E-05  -0.104863301E-04  -0.114091770E-04
  -0.123962603E-04  -0.134499591E-04  -0.145752215E-04  -0.157777758E-04
  -0.170633890E-04  -0.184374728E-04  -0.199054493E-04  -0.214729819E-04
  -0.231462999E-04  -0.249318963E-04  -0.268367401E-04  -0.288692461E-04
  -0.310383707E-04  -0.333532491E-04  -0.358230340E-04  -0.384570462E-04
  -0.412653574E-04  -0.442604180E-04  -0.474555332E-04  -0.508647034E-04
  -0.545037332E-04  -0.583891913E-04  -0.625385175E-04  -0.669714393E-04
  -0.717086412E-04  -0.767714179E-04  -0.821820040E-04  -0.879632638E-04
  -0.941396226E-04  -0.100740243E-03  -0.107796031E-03  -0.115339993E-03
  -0.123411448E-03  -0.132052049E-03  -0.141307434E-03  -0.151236401E-03
  -0.161902235E-03  -0.173365106E-03  -0.185667816E-03  -0.198849276E-03
  -0.212947196E-03  -0.227992267E-03  -0.244013666E-03  -0.261018125E-03
  -0.278920187E-03  -0.297608337E-03  -0.317087580E-03  -0.337846496E-03
  -0.360508790E-03  -0.385641597E-03  -0.413531546E-03  -0.444397578E-03
  -0.478463221E-03  -0.515956594E-03  -0.557110407E-03
   0.000000000E+00   0.000000000E+00   0.000000000E+00   0.000000000E+00
   0.000000000E+00   0.000000000E+00   0.000000000E+00   0.000000000E+00
   0.000000000E+00   0.000000000E+00   0.000000000E+00   0.000000000E+00
   0.000000000E+00   0.000000000E+00   0.000000000E+00   0.000000000E+00
   0.000000000E+00   0.000000000E+00   0.000000000E+00   0.000000000E+00
   0.000000000E+00   0.000000000E+00   0.000000000E+00   0.000000000E+00
   0.000000000E+00   0.000000000E+00   0.000000000E+00   0.000000000E+00
   0.000000000E+00   0.000000000E+00   0.000000000E+00   0.000000000E+00
   0.000000000E+00   0.000000000E+00   0.000000000E+00   0.000000000E+00
   0.000000000E+00   0.000000000E+00   0.000000000E+00   0.000000000E+00
   0.000000000E+00   0.000000000E+00   0.000000000E+00   0.000000000E+00
   0.000000000E+00   0.000000000E+00   0.000000000E+00   0.000000000E+00
   0.000000000E+00   0.000000000E+00   0.000000000E+00   0.000000000E+00
   0.000000000E+00   0.000000000E+00   0.000000000E+00   0.000000000E+00
   0.000000000E+00   0.000000000E+00   0.000000000E+00   0.000000000E+00
   0.000000000E+00   0.000000000E+00   0.000000000E+00   0.494866951E-09
   0.118762145E-07   0.487569681E-07   0.118361482E-06   0.222026271E-06
   0.356930661E-06   0.517529085E-06   0.696712246E-06   0.886724360E-06
   0.107986367E-05   0.126899348E-05   0.144789086E-05   0.161146031E-05
   0.175583951E-05   0.187842448E-05   0.197784117E-05   0.205389093E-05
   0.210749691E-05   0.214067862E-05   0.215658189E-05   0.215959147E-05
   0.215555341E-05   0.477899702E-05   0.501249591E-05   0.525262940E-05
   0.549901613E-05   0.575179171E-05   0.601123071E-05   0.627743186E-05
   0.654974722E-05   0.682730833E-05   0.710934030E-05   0.739557342E-05
   0.768586278E-05   0.797992849E-05   0.827695721E-05   0.857597128E-05
   0.887605269E-05   0.917664296E-05   0.947726469E-05   0.977719878E-05
   0.100747848E-04   0.103680720E-04   0.106551785E-04   0.109347094E-04
   0.112053666E-04   0.114656845E-04   0.117136268E-04   0.119469632E-04
   0.121634393E-04   0.123609051E-04   0.125371948E-04   0.126899050E-04
   0.128158393E-04   0.129115288E-04   0.129732092E-04   0.129962031E-04
   0.129754998E-04   0.129062664E-04   0.127848072E-04   0.126076610E-04
   0.123705795E-04   0.120663391E-04   0.116868022E-04   0.112267645E-04
   0.106935843E-04   0.100980977E-04   0.944250343E-05   0.869274772E-05
   0.780461296E-05   0.674153478E-05   0.550194625E-05   0.409341168E-05
   0.252390077E-05   0.802019042E-06  -0.106321039E-05  -0.306882176E-05
  -0.523747694E-05  -0.759890818E-05  -0.101866433E-04  -0.130472779E-04
  -0.162316731E-04  -0.197769950E-04  -0.236609806E-04  -0.278454005E-04
  -0.322908222E-04  -0.369566100E-04  -0.418009253E-04
   0.000000000E+00   0.000000000E+00   0.000000000E+00   0.000000000E+00
   0.000000000E+00   0.000000000E+00   0.000000000E+00   0.000000000E+00
   0.000000000E+00   0.000000000E+00   0.000000000E+00   0.000000000E+00
   0.000000000E+00   0.000000000E+00   0.000000000E+00   0.000000000E+00
   0.000000000E+00   0.000000000E+00   0.000000000E+00   0.000000000E+00
   0.000000000E+00   0.000000000E+00   0.000000000E+00   0.000000000E+00
   0.000000000E+00   0.000000000E+00   0.000000000E+00   0.000000000E+00
   0.000000000E+00   0.000000000E+00   0.000000000E+00   0.000000000E+00
   0.000000000E+00   0.000000000E+00   0.000000000E+00   0.000000000E+00
   0.000000000E+00   0.000000000E+00   0.000000000E+00   0.000000000E+00
   0.000000000E+00   0.000000000E+00   0.000000000E+00   0.000000000E+00
   0.000000000E+00   0.000000000E+00   0.000000000E+00   0.000000000E+00
   0.000000000E+00   0.000000000E+00   0.000000000E+00   0.000000000E+00
   0.000000000E+00   0.000000000E+00   0.000000000E+00   0.000000000E+00
   0.000000000E+00   0.000000000E+00   0.000000000E+00   0.000000000E+00
   0.000000000E+00   0.000000000E+00   0.489745633E-09   0.118027563E-07
   0.486689071E-07   0.118691595E-06   0.223713008E-06   0.361431704E-06
   0.526749660E-06   0.712873447E-06   0.912194225E-06   0.111697122E-05
   0.131984335E-05   0.151419371E-05   0.169439155E-05   0.185593641E-05
   0.199552918E-05   0.211109463E-05   0.220178016E-05   0.226795545E-05
   0.231123768E-05   0.233456692E-05   0.234235645E-05   0.234074273E-05
   0.471997331E-05   0.493170787E-05   0.514708080E-05   0.536579129E-05
   0.558742652E-05   0.581115813E-05   0.603602122E-05   0.626110741E-05
   0.648586468E-05   0.670982102E-05   0.693227508E-05   0.715163485E-05
   0.736602882E-05   0.757367391E-05   0.777336294E-05   0.796401302E-05
   0.814424414E-05   0.831155824E-05   0.846310149E-05   0.859604430E-05
   0.870794683E-05   0.879641887E-05   0.885870352E-05   0.889075518E-05
   0.888809937E-05   0.884618301E-05   0.876054697E-05   0.862666486E-05
   0.843961246E-05   0.819322169E-05   0.788087254E-05   0.749535829E-05
   0.702764145E-05   0.646802029E-05   0.580644912E-05   0.503229915E-05
   0.413458311E-05   0.310182565E-05   0.192143102E-05   0.580277928E-06
  -0.935155353E-06  -0.263902891E-05  -0.454591701E-05  -0.667275924E-05
  -0.904507086E-05  -0.116910837E-04  -0.146392163E-04  -0.179164390E-04
  -0.215498185E-04  -0.255701423E-04  -0.300214005E-04  -0.349518167E-04
  -0.403957581E-04  -0.463277391E-04  -0.527059852E-04  -0.595063502E-04
  -0.667807151E-04  -0.746016119E-04  -0.830717088E-04  -0.924103354E-04
  -0.102871344E-03  -0.114657431E-03  -0.127743659E-03  -0.142045173E-03
  -0.157474165E-03  -0.173939878E-03  -0.191348605E-03
   0.000000000E+00   0.000000000E+00   0.000000000E+00   0.000000000E+00
   0.000000000E+00   0.000000000E+00   0.000000000E+00   0.000000000E+00
   0.000000000E+00   0.000000000E+00   0.000000000E+00   0.000000000E+00
   0.000000000E+00   0.000000000E+00   0.000000000E+00   0.000000000E+00
   0.000000000E+00   0.000000000E+00   0.000000000E+00   0.000000000E+00
   0.000000000E+00   0.000000000E+00   0.000000000E+00   0.000000000E+00
   0.000000000E+00   0.000000000E+00   0.000000000E+00   0.000000000E+00
   0.000000000E+00   0.000000000E+00   0.000000000E+00   0.000000000E+00
   0.000000000E+00   0.000000000E+00   0.000000000E+00   0.000000000E+00
   0.000000000E+00   0.000000000E+00   0.000000000E+00   0.000000000E+00
   0.000000000E+00   0.000000000E+00   0.000000000E+00   0.000000000E+00
   0.000000000E+00   0.000000000E+00   0.000000000E+00   0.000000000E+00
   0.000000000E+00   0.000000000E+00   0.000000000E+00   0.000000000E+00
   0.000000000E+00   0.000000000E+00   0.000000000E+00   0.000000000E+00
   0.000000000E+00   0.000000000E+00   0.000000000E+00   0.000000000E+00
   0.000000000E+00   0.000000000E+00   0.000000000E+00   0.000000000E+00
   0.000000000E+00   0.000000000E+00   0.000000000E+00   0.000000000E+00
   0.000000000E+00   0.000000000E+00  -0.484854248E-09  -0.117984293E-07
  -0.491393438E-07  -0.121077209E-06  -0.230628835E-06  -0.376641136E-06
  -0.554962978E-06  -0.759425203E-06  -0.982648099E-06  -0.121669555E-05
  -0.145359512E-05  -0.168574332E-05  -0.190621535E-05  -0.210899844E-05
  -0.228916824E-05  -0.244302730E-05  -0.256822505E-05  -0.266387844E-05
  -0.273071251E-05  -0.277124017E-05  -0.279000044E-05  -0.279387428E-05
  -0.465086303E-05  -0.481605108E-05  -0.498380225E-05  -0.515296101E-05
  -0.532191327E-05  -0.548929377E-05  -0.565495601E-05  -0.581907368E-05
  -0.598156789E-05  -0.614129229E-05  -0.629678978E-05  -0.644668598E-05
  -0.659010248E-05  -0.672627225E-05  -0.685425289E-05  -0.697244920E-05
  -0.707905836E-05  -0.717229219E-05  -0.725059228E-05  -0.731242899E-05
  -0.735592398E-05  -0.737790172E-05  -0.737477731E-05  -0.734317768E-05
  -0.728091758E-05  -0.718608440E-05  -0.705628055E-05  -0.688725741E-05
  -0.667419836E-05  -0.641181172E-05  -0.609327384E-05  -0.571122335E-05
  -0.525859611E-05  -0.473014491E-05  -0.412100775E-05  -0.342538270E-05
  -0.263396342E-05  -0.173635860E-05  -0.724734299E-06   0.397557675E-06
   0.162413119E-05   0.295822917E-05   0.444298365E-05   0.613279140E-05
   0.806744340E-05   0.102227837E-04   0.125574413E-04   0.150573643E-04
   0.178233911E-04   0.209882123E-04   0.246545401E-04   0.287924084E-04
   0.333366667E-04   0.382195113E-04   0.433686606E-04   0.487090894E-04
   0.541636179E-04   0.596529119E-04   0.650954823E-04
   0.000000000E+00   0.000000000E+00   0.000000000E+00   0.000000000E+00
   0.000000000E+00   0.000000000E+00   0.000000000E+00   0.000000000E+00
   0.000000000E+00   0.000000000E+00   0.000000000E+00   0.000000000E+00
   0.000000000E+00   0.000000000E+00   0.000000000E+00   0.000000000E+00
   0.000000000E+00   0.000000000E+00   0.000000000E+00   0.000000000E+00
   0.000000000E+00   0.000000000E+00   0.000000000E+00   0.000000000E+00
   0.000000000E+00   0.000000000E+00   0.000000000E+00   0.000000000E+00
   0.000000000E+00   0.000000000E+00   0.000000000E+00   0.000000000E+00
   0.000000000E+00   0.000000000E+00   0.000000000E+00   0.000000000E+00
   0.000000000E+00   0.000000000E+00   0.000000000E+00   0.000000000E+00
   0.000000000E+00   0.000000000E+00   0.000000000E+00   0.000000000E+00
   0.000000000E+00   0.000000000E+00   0.000000000E+00   0.000000000E+00
   0.000000000E+00   0.000000000E+00   0.000000000E+00   0.000000000E+00
   0.000000000E+00   0.000000000E+00   0.000000000E+00   0.000000000E+00
   0.000000000E+00   0.000000000E+00   0.000000000E+00   0.000000000E+00
   0.000000000E+00   0.000000000E+00   0.000000000E+00   0.000000000E+00
   0.000000000E+00   0.000000000E+00   0.000000000E+00   0.000000000E+00
   0.000000000E+00   0.000000000E+00   0.000000000E+00   0.000000000E+00
   0.000000000E+00   0.000000000E+00   0.000000000E+00   0.000000000E+00
   0.000000000E+00   0.000000000E+00   0.000000000E+00   0.000000000E+00
   0.000000000E+00   0.000000000E+00   0.000000000E+00   0.000000000E+00
   0.000000000E+00   0.000000000E+00   0.000000000E+00   0.000000000E+00
   0.000000000E+00   0.000000000E+00   0.000000000E+00   0.000000000E+00
   0.000000000E+00   0.000000000E+00   0.000000000E+00   0.000000000E+00
   0.000000000E+00   0.000000000E+00  -0.421131452E-09  -0.705643558E-08
  -0.157987084E-07  -0.480224904E-08   0.568416706E-07   0.201762345E-06
   0.458746027E-06   0.848788926E-06   0.138260458E-05   0.205942337E-05
   0.286692189E-05   0.378211999E-05   0.477308325E-05   0.580126855E-05
   0.682435068E-05   0.779936749E-05   0.868602162E-05   0.944997637E-05
   0.100659835E-04   0.105206810E-04   0.108148978E-04   0.109653044E-04
  -0.465704074E-05  -0.604924399E-05  -0.759576205E-05  -0.931064497E-05
  -0.112096792E-04  -0.133146322E-04  -0.156492534E-04  -0.182405223E-04
  -0.211266441E-04  -0.243495061E-04  -0.279463073E-04  -0.319317972E-04
  -0.363150550E-04  -0.411057030E-04  -0.463154404E-04  -0.519565920E-04
  -0.580454934E-04  -0.646143539E-04  -0.717000206E-04  -0.793723977E-04
  -0.878330241E-04  -0.973215985E-04  -0.108032949E-03  -0.119960387E-03
  -0.133044411E-03  -0.147264841E-03  -0.162767910E-03  -0.179745484E-03
  -0.198394034E-03  -0.218914637E-03  -0.241512978E-03
   0.000000000E+00   0.000000000E+00   0.000000000E+00   0.000000000E+00
   0.000000000E+00   0.000000000E+00   0.000000000E+00   0.000000000E+00
   0.000000000E+00   0.000000000E+00   0.000000000E+00   0.000000000E+00
   0.000000000E+00   0.000000000E+00   0.000000000E+00   0.000000000E+00
   0.000000000E+00   0.000000000E+00   0.000000000E+00   0.000000000E+00
   0.000000000E+00   0.000000000E+00   0.000000000E+00   0.000000000E+00
   0.000000000E+00   0.000000000E+00   0.000000000E+00   0.000000000E+00
   0.000000000E+00   0.000000000E+00   0.000000000E+00   0.000000000E+00
   0.000000000E+00   0.000000000E+00   0.000000000E+00   0.000000000E+00
   0.000000000E+00   0.000000000E+00   0.000000000E+00   0.000000000E+00
   0.000000000E+00   0.000000000E+00   0.000000000E+00   0.000000000E+00
   0.000000000E+00   0.000000000E+00   0.000000000E+00   0.000000000E+00
   0.000000000E+00   0.000000000E+00   0.000000000E+00   0.000000000E+00
   0.000000000E+00   0.000000000E+00   0.000000000E+00   0.000000000E+00
   0.000000000E+00   0.000000000E+00   0.000000000E+00   0.000000000E+00
   0.000000000E+00   0.000000000E+00   0.000000000E+00   0.000000000E+00
   0.000000000E+00   0.000000000E+00   0.000000000E+00   0.000000000E+00
   0.000000000E+00   0.000000000E+00   0.000000000E+00   0.000000000E+00
   0.457461274E-09   0.105246184E-07   0.412480997E-07   0.951404392E-07
   0.168668326E-06   0.254725908E-06   0.344605370E-06   0.429510632E-06
   0.501660035E-06   0.555023842E-06   0.585742425E-06   0.592270984E-06
   0.575296638E-06   0.537473762E-06   0.483023395E-06   0.417242591E-06
   0.345969557E-06   0.275050419E-06   0.209853490E-06   0.154876868E-06
   0.113495229E-06   0.878916626E-07   0.450558113E-05   0.489903541E-05
   0.532072799E-05   0.577265545E-05   0.625664544E-05   0.677451514E-05
   0.732820641E-05   0.792003474E-05   0.855245811E-05   0.922798286E-05
   0.994911782E-05   0.107184170E-04   0.115387081E-04   0.124137502E-04
   0.133476205E-04   0.143445177E-04   0.154088030E-04   0.165449616E-04
   0.177577313E-04   0.190525356E-04   0.204350778E-04   0.219110437E-04
   0.234856130E-04   0.251639173E-04   0.269518725E-04   0.288582533E-04
   0.308927450E-04   0.330658144E-04   0.353903530E-04   0.378801312E-04
   0.405487179E-04   0.434077832E-04   0.464686977E-04   0.497453384E-04
   0.532610185E-04   0.570419495E-04   0.611082235E-04   0.654530172E-04
   0.700622382E-04   0.749342022E-04   0.801193836E-04   0.856828136E-04
   0.916804534E-04   0.981260585E-04   0.105022562E-03   0.112369876E-03
   0.120156112E-03   0.128365903E-03   0.137011320E-03   0.146217690E-03
   0.156142125E-03   0.166931451E-03   0.178678245E-03   0.191462617E-03
   0.205366393E-03   0.220473120E-03   0.236868063E-03
   0.000000000E+00   0.000000000E+00   0.000000000E+00   0.000000000E+00
   0.000000000E+00   0.000000000E+00   0.000000000E+00   0.000000000E+00
   0.000000000E+00   0.000000000E+00   0.000000000E+00   0.000000000E+00
   0.000000000E+00   0.000000000E+00   0.000000000E+00   0.000000000E+00
   0.000000000E+00   0.000000000E+00   0.000000000E+00   0.000000000E+00
   0.000000000E+00   0.000000000E+00   0.000000000E+00   0.000000000E+00
   0.000000000E+00   0.000000000E+00   0.000000000E+00   0.000000000E+00
   0.000000000E+00   0.000000000E+00   0.000000000E+00   0.000000000E+00
   0.000000000E+00   0.000000000E+00   0.000000000E+00   0.000000000E+00
   0.000000000E+00   0.000000000E+00   0.000000000E+00   0.000000000E+00
   0.000000000E+00   0.000000000E+00   0.000000000E+00   0.000000000E+00
   0.000000000E+00   0.000000000E+00   0.000000000E+00   0.000000000E+00
   0.000000000E+00   0.000000000E+00   0.000000000E+00   0.000000000E+00
   0.000000000E+00   0.000000000E+00   0.000000000E+00   0.000000000E+00
   0.000000000E+00   0.000000000E+00   0.000000000E+00   0.000000000E+00
   0.000000000E+00   0.000000000E+00   0.000000000E+00   0.000000000E+00
   0.000000000E+00   0.000000000E+00   0.000000000E+00   0.000000000E+00
   0.000000000E+00   0.000000000E+00   0.453890758E-09   0.104424170E-07
   0.409256840E-07   0.943961013E-07   0.167347348E-06   0.252728478E-06
   0.341899200E-06   0.426131814E-06   0.497705321E-06   0.550637182E-06
   0.581098231E-06   0.587556243E-06   0.570693641E-06   0.533144850E-06
   0.479098780E-06   0.413811954E-06   0.343077749E-06   0.272697282E-06
   0.207997396E-06   0.153441276E-06   0.112377177E-06   0.869707512E-07
   0.447042560E-05   0.486083085E-05   0.527739008E-05   0.572240823E-05
   0.619860787E-05   0.670851231E-05   0.725356562E-05   0.783494786E-05
   0.845409354E-05   0.911342753E-05   0.981568169E-05   0.105637174E-04
   0.113606999E-04   0.122099359E-04   0.131146498E-04   0.140774660E-04
   0.151008917E-04   0.161878544E-04   0.173428463E-04   0.185708552E-04
   0.198765378E-04   0.212628039E-04   0.227321416E-04   0.242879105E-04
   0.259369214E-04   0.276870171E-04   0.295463640E-04   0.315238117E-04
   0.336285551E-04   0.358695438E-04   0.382540243E-04   0.407889114E-04
   0.434809750E-04   0.463359786E-04   0.493594908E-04   0.525562974E-04
   0.559277523E-04   0.594742769E-04   0.632041959E-04   0.671581844E-04
   0.713861723E-04   0.759324806E-04   0.808143953E-04   0.860424356E-04
   0.916122807E-04   0.974589840E-04   0.103500338E-03   0.109667743E-03
   0.115955503E-03   0.122374080E-03   0.128947499E-03   0.135753966E-03
   0.142887305E-03   0.150457419E-03   0.158631704E-03   0.167595688E-03
   0.177539661E-03   0.188658676E-03   0.201152544E-03
   0.000000000E+00   0.000000000E+00   0.000000000E+00   0.000000000E+00
   0.000000000E+00   0.000000000E+00   0.000000000E+00   0.000000000E+00
   0.000000000E+00   0.000000000E+00   0.000000000E+00   0.000000000E+00
   0.000000000E+00   0.000000000E+00   0.000000000E+00   0.000000000E+00
   0.000000000E+00   0.000000000E+00   0.000000000E+00   0.000000000E+00
   0.000000000E+00   0.000000000E+00   0.000000000E+00   0.000000000E+00
   0.000000000E+00   0.000000000E+00   0.000000000E+00   0.000000000E+00
   0.000000000E+00   0.000000000E+00   0.000000000E+00   0.000000000E+00
   0.000000000E+00   0.000000000E+00   0.000000000E+00   0.000000000E+00
   0.000000000E+00   0.000000000E+00   0.000000000E+00   0.000000000E+00
   0.000000000E+00   0.000000000E+00   0.000000000E+00   0.000000000E+00
   0.000000000E+00   0.000000000E+00   0.000000000E+00   0.000000000E+00
   0.000000000E+00   0.000000000E+00   0.000000000E+00   0.000000000E+00
   0.000000000E+00   0.000000000E+00   0.000000000E+00   0.000000000E+00
   0.000000000E+00   0.000000000E+00   0.000000000E+00   0.000000000E+00
   0.000000000E+00   0.000000000E+00   0.000000000E+00   0.000000000E+00
   0.000000000E+00   0.000000000E+00   0.000000000E+00   0.000000000E+00
   0.000000000E+00   0.000000000E+00   0.000000000E+00  -0.451532311E-09
  -0.104717187E-07  -0.414169080E-07  -0.965334493E-07  -0.173211149E-06
  -0.265263827E-06  -0.364755404E-06  -0.463412985E-06  -0.553668377E-06
  -0.629369488E-06  -0.686203068E-06  -0.721870230E-06  -0.736056211E-06
  -0.730235806E-06  -0.707355946E-06  -0.671436849E-06  -0.627133208E-06
  -0.579296856E-06  -0.532582360E-06  -0.491136997E-06  -0.458416556E-06
  -0.437168419E-06  -0.443103059E-05  -0.478671123E-05  -0.516742352E-05
  -0.557459058E-05  -0.600966281E-05  -0.647409412E-05  -0.696936394E-05
  -0.749719559E-05  -0.806020547E-05  -0.866130026E-05  -0.930338300E-05
  -0.998908452E-05  -0.107210134E-04  -0.115019667E-04  -0.123353150E-04
  -0.132246435E-04  -0.141736535E-04  -0.151862382E-04  -0.162664121E-04
  -0.174182412E-04  -0.186457044E-04  -0.199528234E-04  -0.213445462E-04
  -0.228293219E-04  -0.244166867E-04  -0.261159943E-04  -0.279350515E-04
  -0.298814001E-04  -0.319631440E-04  -0.341901459E-04  -0.365729013E-04
  -0.391220600E-04  -0.418481326E-04  -0.447617667E-04  -0.478752502E-04
  -0.512068279E-04  -0.547766288E-04  -0.586064591E-04  -0.627234139E-04
  -0.671564651E-04  -0.719315753E-04  -0.770603010E-04  -0.825505734E-04
  -0.884168778E-04  -0.947001703E-04  -0.101449015E-03  -0.108702369E-03
  -0.116456573E-03  -0.124696652E-03  -0.133429639E-03  -0.142753888E-03
  -0.152793277E-03  -0.163669906E-03  -0.175489030E-03  -0.188353377E-03
  -0.202368021E-03  -0.217640381E-03  -0.234280218E-03
   0.000000000E+00   0.000000000E+00   0.000000000E+00   0.000000000E+00
   0.000000000E+00   0.000000000E+00   0.000000000E+00   0.000000000E+00
   0.000000000E+00   0.000000000E+00   0.000000000E+00   0.000000000E+00
   0.000000000E+00   0.000000000E+00   0.000000000E+00   0.000000000E+00
   0.000000000E+00   0.000000000E+00   0.000000000E+00   0.000000000E+00
   0.000000000E+00   0.000000000E+00   0.000000000E+00   0.000000000E+00
   0.000000000E+00   0.000000000E+00   0.000000000E+00   0.000000000E+00
   0.000000000E+00   0.000000000E+00   0.000000000E+00   0.000000000E+00
   0.000000000E+00   0.000000000E+00   0.000000000E+00   0.000000000E+00
   0.000000000E+00   0.000000000E+00   0.000000000E+00   0.000000000E+00
   0.000000000E+00   0.000000000E+00   0.000000000E+00   0.000000000E+00
   0.000000000E+00   0.000000000E+00   0.000000000E+00   0.000000000E+00
   0.000000000E+00   0.000000000E+00   0.000000000E+00   0.000000000E+00
   0.000000000E+00   0.000000000E+00   0.000000000E+00   0.000000000E+00
   0.000000000E+00   0.000000000E+00   0.000000000E+00   0.000000000E+00
   0.000000000E+00   0.000000000E+00   0.000000000E+00   0.000000000E+00
   0.000000000E+00   0.000000000E+00   0.000000000E+00   0.000000000E+00
   0.000000000E+00   0.458364043E-09   0.106519996E-07   0.422275410E-07
   0.986809176E-07   0.177591926E-06   0.272897256E-06   0.376713100E-06
   0.480748424E-06   0.577349980E-06   0.660220151E-06   0.724848687E-06
   0.768699436E-06   0.791193137E-06   0.793527355E-06   0.778374648E-06
   0.749500036E-06   0.711338857E-06   0.668576094E-06   0.625768241E-06
   0.587048810E-06   0.555958533E-06   0.535441363E-06   0.449384672E-05
   0.484636222E-05   0.522334854E-05   0.562784025E-05   0.606009158E-05
   0.651961105E-05   0.700646609E-05   0.752315151E-05   0.807285852E-05
   0.865856833E-05   0.928208896E-05   0.994494965E-05   0.106488653E-04
   0.113962232E-04   0.121896298E-04   0.130318840E-04   0.139263700E-04
   0.148766910E-04   0.158864357E-04   0.169588471E-04   0.180971325E-04
   0.193048202E-04   0.205865324E-04   0.219472621E-04   0.233921517E-04
   0.249265728E-04   0.265560516E-04   0.282867169E-04   0.301267542E-04
   0.320850400E-04   0.341702580E-04   0.363896164E-04   0.387500546E-04
   0.412592276E-04   0.439272627E-04   0.467651047E-04   0.497832338E-04
   0.529894667E-04   0.563910312E-04   0.600005943E-04   0.638525545E-04
   0.679876497E-04   0.724451265E-04   0.772548080E-04   0.824445970E-04
   0.880303386E-04   0.939770026E-04   0.100235448E-03   0.106739622E-03
   0.113359757E-03   0.119946750E-03   0.126454871E-03   0.133270693E-03
   0.140900833E-03   0.149792523E-03   0.160109586E-03   0.171945333E-03
   0.185394876E-03   0.200555132E-03   0.217524823E-03
Safety factor
   0.973328119E+00   0.973489429E+00   0.974098974E+00   0.975078708E+00
   0.976350590E+00   0.977836574E+00   0.979458618E+00   0.981136261E+00
   0.982779376E+00   0.984295421E+00   0.985599305E+00   0.986635751E+00
   0.987356935E+00   0.987756660E+00   0.987995236E+00   0.988274600E+00
   0.988758609E+00   0.989458797E+00   0.990348621E+00   0.991397668E+00
   0.992560068E+00   0.993786082E+00   0.995030666E+00   0.996267551E+00
   0.997475160E+00   0.998665845E+00   0.999987666E+00   0.100162261E+01
   0.100367079E+01   0.100590478E+01   0.100801532E+01   0.100978735E+01
   0.101138288E+01   0.101305813E+01   0.101500123E+01   0.101712778E+01
   0.101928525E+01   0.102136330E+01   0.102342035E+01   0.102555699E+01
   0.102784729E+01   0.103025920E+01   0.103273416E+01   0.103523102E+01
   0.103777839E+01   0.104042231E+01   0.104319371E+01   0.104606309E+01
   0.104898585E+01   0.105193078E+01   0.105492015E+01   0.105798966E+01
   0.106116588E+01   0.106443904E+01   0.106779029E+01   0.107120593E+01
   0.107469291E+01   0.107826333E+01   0.108192668E+01   0.108568183E+01
   0.108952503E+01   0.109345248E+01   0.109746015E+01   0.110154396E+01
   0.110570272E+01   0.110994665E+01   0.111428885E+01   0.111873893E+01
   0.112329252E+01   0.112794179E+01   0.113268179E+01   0.113751921E+01
   0.114246366E+01   0.114752218E+01   0.115269165E+01   0.115796638E+01
   0.116334301E+01   0.116882749E+01   0.117442804E+01   0.118015141E+01
   0.118599816E+01   0.119196734E+01   0.119805901E+01   0.120427722E+01
   0.121062704E+01   0.121711300E+01   0.122373755E+01   0.123050260E+01
   0.123741043E+01   0.124446477E+01   0.125166971E+01   0.125902928E+01
   0.126654731E+01   0.127422754E+01   0.128207376E+01   0.129008976E+01
   0.129827938E+01   0.130664653E+01   0.131519561E+01   0.132393113E+01
   0.133285816E+01   0.134198412E+01   0.135131701E+01   0.136086398E+01
   0.137062889E+01   0.138061473E+01   0.139082566E+01   0.140127036E+01
   0.141195868E+01   0.142289982E+01   0.143410058E+01   0.144556715E+01
   0.145730645E+01   0.146932829E+01   0.148164319E+01   0.149426155E+01
   0.150719315E+01   0.152044760E+01   0.153403556E+01   0.154797172E+01
   0.156227182E+01   0.157695063E+01   0.159201914E+01   0.160748738E+01
   0.162336763E+01   0.163968110E+01   0.165645128E+01   0.167370151E+01
   0.169145462E+01   0.170973333E+01   0.172856191E+01   0.174797095E+01
   0.176799262E+01   0.178865579E+01   0.180997615E+01   0.183196610E+01
   0.185464704E+01   0.187807632E+01   0.190232027E+01   0.192743562E+01
   0.195344074E+01   0.198034436E+01   0.200815503E+01   0.203688046E+01
   0.206652818E+01   0.209714339E+01   0.212892221E+01   0.216209842E+01
   0.219690583E+01   0.223357824E+01   0.227234947E+01
Current profile
   0.000000000E+00   0.110884519E-02   0.443287218E-02   0.996720320E-02
   0.177054757E-01   0.276398453E-01   0.397609886E-01   0.540586879E-01
   0.705242349E-01   0.891498467E-01   0.109929056E+00   0.132859778E+00
   0.157943001E+00   0.185180585E+00   0.214569657E+00   0.246105594E+00
   0.279782462E+00   0.315589946E+00   0.353515230E+00   0.393544287E+00
   0.435663655E+00   0.479859249E+00   0.526116590E+00   0.574423140E+00
   0.624766665E+00   0.677133453E+00   0.731504506E+00   0.787858354E+00
   0.846173122E+00   0.906429825E+00   0.968609848E+00   0.103269506E+01
   0.109867119E+01   0.116652519E+01   0.123624294E+01   0.130780507E+01
   0.138119033E+01   0.145637676E+01   0.153334160E+01   0.161206138E+01
   0.169251188E+01   0.177466781E+01   0.185850303E+01   0.194399126E+01
   0.203110797E+01   0.211982884E+01   0.221012850E+01   0.230197852E+01
   0.239534912E+01   0.249021036E+01   0.258653390E+01   0.268429150E+01
   0.278345415E+01   0.288399126E+01   0.298587136E+01   0.308906246E+01
   0.319353218E+01   0.329924760E+01   0.340617547E+01   0.351428299E+01
   0.362353711E+01   0.373390402E+01   0.384534811E+01   0.395783290E+01
   0.407132157E+01   0.418577786E+01   0.430116533E+01   0.441744685E+01
   0.453458400E+01   0.465253759E+01   0.477126815E+01   0.489073682E+01
   0.501090457E+01   0.513173165E+01   0.525317695E+01   0.537519854E+01
   0.549775420E+01   0.562080187E+01   0.574429922E+01   0.586820334E+01
   0.599247036E+01   0.611705579E+01   0.624191483E+01   0.636700297E+01
   0.649227544E+01   0.661768683E+01   0.674319061E+01   0.686873959E+01
   0.699428621E+01   0.711978291E+01   0.724518184E+01   0.737043468E+01
   0.749549273E+01   0.762030685E+01   0.774482741E+01   0.786900445E+01
   0.799278758E+01   0.811612599E+01   0.823896834E+01   0.836126279E+01
   0.848295710E+01   0.860399876E+01   0.872433491E+01   0.884391233E+01
   0.896267762E+01   0.908057701E+01   0.919755637E+01   0.931356142E+01
   0.942853754E+01   0.954242964E+01   0.965518184E+01   0.976673776E+01
   0.987704054E+01   0.998603262E+01   0.100936560E+02   0.101998522E+02
   0.103045635E+02   0.104077317E+02   0.105092987E+02   0.106092087E+02
   0.107074058E+02   0.108038345E+02   0.108984422E+02   0.109911766E+02
   0.110819814E+02   0.111707843E+02   0.112575080E+02   0.113420748E+02
   0.114244069E+02   0.115044260E+02   0.115820667E+02   0.116573202E+02
   0.117301932E+02   0.118006898E+02   0.118687967E+02   0.119344969E+02
   0.119977670E+02   0.120585544E+02   0.121167986E+02   0.121724600E+02
   0.122255836E+02   0.122762390E+02   0.123244060E+02   0.123696892E+02
   0.124115884E+02   0.124496491E+02   0.124836411E+02   0.125133879E+02
   0.125387085E+02   0.125594178E+02   0.125753267E+02
R*B_phi (m*T)
   0.503667903E+02   0.503668170E+02   0.503668968E+02   0.503670287E+02
   0.503672120E+02   0.503674446E+02   0.503677244E+02   0.503680492E+02
   0.503684160E+02   0.503688215E+02   0.503692624E+02   0.503697348E+02
   0.503702346E+02   0.503707576E+02   0.503712988E+02   0.503718532E+02
   0.503724155E+02   0.503729797E+02   0.503735398E+02   0.503740893E+02
   0.503746220E+02   0.503751311E+02   0.503756101E+02   0.503760520E+02
   0.503764498E+02   0.503767966E+02   0.503770853E+02   0.503773089E+02
   0.503774603E+02   0.503775327E+02   0.503775192E+02   0.503774131E+02
   0.503772079E+02   0.503768972E+02   0.503764746E+02   0.503759343E+02
   0.503752707E+02   0.503744783E+02   0.503735519E+02   0.503724868E+02
   0.503712777E+02   0.503699185E+02   0.503684028E+02   0.503667257E+02
   0.503648877E+02   0.503628911E+02   0.503607378E+02   0.503584295E+02
   0.503559680E+02   0.503533548E+02   0.503505922E+02   0.503476823E+02
   0.503446274E+02   0.503414300E+02   0.503380925E+02   0.503346176E+02
   0.503310078E+02   0.503272661E+02   0.503233951E+02   0.503193981E+02
   0.503152782E+02   0.503110386E+02   0.503066826E+02   0.503022134E+02
   0.502976344E+02   0.502929495E+02   0.502881625E+02   0.502832772E+02
   0.502782974E+02   0.502732267E+02   0.502680689E+02   0.502628281E+02
   0.502575086E+02   0.502521147E+02   0.502466506E+02   0.502411204E+02
   0.502355286E+02   0.502298794E+02   0.502241774E+02   0.502184271E+02
   0.502126329E+02   0.502067995E+02   0.502009314E+02   0.501950333E+02
   0.501891097E+02   0.501831654E+02   0.501772049E+02   0.501712330E+02
   0.501652543E+02   0.501592736E+02   0.501532955E+02   0.501473249E+02
   0.501413663E+02   0.501354243E+02   0.501295033E+02   0.501236081E+02
   0.501177434E+02   0.501119139E+02   0.501061239E+02   0.501003778E+02
   0.500946800E+02   0.500890350E+02   0.500834472E+02   0.500779210E+02
   0.500724605E+02   0.500670701E+02   0.500617538E+02   0.500565160E+02
   0.500513607E+02   0.500462923E+02   0.500413148E+02   0.500364326E+02
   0.500316499E+02   0.500269711E+02   0.500224008E+02   0.500179436E+02
   0.500136050E+02   0.500093904E+02   0.500053056E+02   0.500013581E+02
   0.499975555E+02   0.499939066E+02   0.499904231E+02   0.499871179E+02
   0.499840055E+02   0.499811080E+02   0.499784492E+02   0.499760565E+02
   0.499739722E+02   0.499722421E+02   0.499709182E+02   0.499700780E+02
   0.499698053E+02   0.499701896E+02   0.499713443E+02   0.499733883E+02
   0.499764289E+02   0.499805240E+02   0.499857197E+02   0.499920057E+02
   0.499991461E+02   0.500068486E+02   0.500148006E+02   0.500226062E+02
   0.500298495E+02   0.500361687E+02   0.500414211E+02   0.500455185E+02
   0.500483729E+02   0.500498961E+02   0.500500000E+02
Radial mesh: sqrt(Phi/Philim)
   0.000000000E+00   0.666666667E-02   0.133333333E-01   0.200000000E-01
   0.266666667E-01   0.333333333E-01   0.400000000E-01   0.466666667E-01
   0.533333333E-01   0.600000000E-01   0.666666667E-01   0.733333333E-01
   0.800000000E-01   0.866666667E-01   0.933333333E-01   0.100000000E+00
   0.106666667E+00   0.113333333E+00   0.120000000E+00   0.126666667E+00
   0.133333333E+00   0.140000000E+00   0.146666667E+00   0.153333333E+00
   0.160000000E+00   0.166666667E+00   0.173333333E+00   0.180000000E+00
   0.186666667E+00   0.193333333E+00   0.200000000E+00   0.206666667E+00
   0.213333333E+00   0.220000000E+00   0.226666667E+00   0.233333333E+00
   0.240000000E+00   0.246666667E+00   0.253333333E+00   0.260000000E+00
   0.266666667E+00   0.273333333E+00   0.280000000E+00   0.286666667E+00
   0.293333333E+00   0.300000000E+00   0.306666667E+00   0.313333333E+00
   0.320000000E+00   0.326666667E+00   0.333333333E+00   0.340000000E+00
   0.346666667E+00   0.353333333E+00   0.360000000E+00   0.366666667E+00
   0.373333333E+00   0.380000000E+00   0.386666667E+00   0.393333333E+00
   0.400000000E+00   0.406666667E+00   0.413333333E+00   0.420000000E+00
   0.426666667E+00   0.433333333E+00   0.440000000E+00   0.446666667E+00
   0.453333333E+00   0.460000000E+00   0.466666667E+00   0.473333333E+00
   0.480000000E+00   0.486666667E+00   0.493333333E+00   0.500000000E+00
   0.506666667E+00   0.513333333E+00   0.520000000E+00   0.526666667E+00
   0.533333333E+00   0.540000000E+00   0.546666667E+00   0.553333333E+00
   0.560000000E+00   0.566666667E+00   0.573333333E+00   0.580000000E+00
   0.586666667E+00   0.593333333E+00   0.600000000E+00   0.606666667E+00
   0.613333333E+00   0.620000000E+00   0.626666667E+00   0.633333333E+00
   0.640000000E+00   0.646666667E+00   0.653333333E+00   0.660000000E+00
   0.666666667E+00   0.673333333E+00   0.680000000E+00   0.686666667E+00
   0.693333333E+00   0.700000000E+00   0.706666667E+00   0.713333333E+00
   0.720000000E+00   0.726666667E+00   0.733333333E+00   0.740000000E+00
   0.746666667E+00   0.753333333E+00   0.760000000E+00   0.766666667E+00
   0.773333333E+00   0.780000000E+00   0.786666667E+00   0.793333333E+00
   0.800000000E+00   0.806666667E+00   0.813333333E+00   0.820000000E+00
   0.826666667E+00   0.833333333E+00   0.840000000E+00   0.846666667E+00
   0.853333333E+00   0.860000000E+00   0.866666667E+00   0.873333333E+00
   0.880000000E+00   0.886666667E+00   0.893333333E+00   0.900000000E+00
   0.906666667E+00   0.913333333E+00   0.920000000E+00   0.926666667E+00
   0.933333333E+00   0.940000000E+00   0.946666667E+00   0.953333333E+00
   0.960000000E+00   0.966666667E+00   0.973333333E+00   0.980000000E+00
   0.986666667E+00   0.993333333E+00   0.100000000E+01
Last surface (set to 1: TRANSP)
   0.100000000E+01
