  EFITD    01/01/2017    #000001     2ms           3 129 129
 4.550000000E+00 8.564705882E+00 4.550000000E+00 2.248235294E+00 0.000000000E+00
 4.738594369E+00 5.308200464E-02-1.844473102E+01-1.201709101E+01 1.100000000E+01
 9.999999995E+06-1.844473102E+01 0.000000000E+00 4.738594369E+00 0.000000000E+00
 5.308200464E-02 0.000000000E+00-1.201709101E+01 0.000000000E+00 0.000000000E+00
 5.095888150E+01 5.095627066E+01 5.095319229E+01 5.094966112E+01 5.094568818E+01
 5.094128451E+01 5.093646116E+01 5.093122917E+01 5.092559958E+01 5.091958313E+01
 5.091319086E+01 5.090643352E+01 5.089932186E+01 5.089188958E+01 5.088425975E+01
 5.087650391E+01 5.086851682E+01 5.086015066E+01 5.085134128E+01 5.084212015E+01
 5.083254323E+01 5.082265968E+01 5.081251101E+01 5.080212917E+01 5.079153741E+01
 5.078075355E+01 5.076979599E+01 5.075868975E+01 5.074746397E+01 5.073614045E+01
 5.072472655E+01 5.071321859E+01 5.070161199E+01 5.068990839E+01 5.067812117E+01
 5.066627345E+01 5.065438864E+01 5.064248351E+01 5.063056734E+01 5.061864705E+01
 5.060672926E+01 5.059482369E+01 5.058294241E+01 5.057109749E+01 5.055930115E+01
 5.054756354E+01 5.053589305E+01 5.052429765E+01 5.051278571E+01 5.050136665E+01
 5.049005197E+01 5.047885328E+01 5.046778222E+01 5.045684924E+01 5.044606376E+01
 5.043543373E+01 5.042496282E+01 5.041464605E+01 5.040446882E+01 5.039441157E+01
 5.038445544E+01 5.037458750E+01 5.036479919E+01 5.035508478E+01 5.034543970E+01
 5.033586087E+01 5.032634960E+01 5.031690988E+01 5.030754744E+01 5.029826773E+01
 5.028907472E+01 5.027997136E+01 5.027096000E+01 5.026204330E+01 5.025322376E+01
 5.024450402E+01 5.023588673E+01 5.022737484E+01 5.021897130E+01 5.021067875E+01
 5.020250014E+01 5.019443841E+01 5.018649607E+01 5.017867590E+01 5.017098027E+01
 5.016341168E+01 5.015597248E+01 5.014866533E+01 5.014149302E+01 5.013445790E+01
 5.012756307E+01 5.012081133E+01 5.011420546E+01 5.010774887E+01 5.010144492E+01
 5.009529643E+01 5.008930544E+01 5.008347329E+01 5.007780130E+01 5.007229065E+01
 5.006694163E+01 5.006175292E+01 5.005672142E+01 5.005184302E+01 5.004711226E+01
 5.004253298E+01 5.003812490E+01 5.003388390E+01 5.002977877E+01 5.002591285E+01
 5.002256789E+01 5.002013384E+01 5.001892131E+01 5.001888951E+01 5.001979379E+01
 5.002140452E+01 5.002359023E+01 5.002630986E+01 5.002946787E+01 5.003289836E+01
 5.003641555E+01 5.003983308E+01 5.004297695E+01 5.004569644E+01 5.004790143E+01
 5.004960873E+01 5.005074722E+01 5.005101440E+01 5.005000000E+01
 1.347800871E+06 1.312354998E+06 1.277967854E+06 1.244621340E+06 1.212297373E+06
 1.180977851E+06 1.150644684E+06 1.121279781E+06 1.092865049E+06 1.065382391E+06
 1.038813719E+06 1.013140938E+06 9.883459564E+05 9.643689231E+05 9.409856701E+05
 9.180671720E+05 8.958072769E+05 8.744781743E+05 8.541991068E+05 8.349135248E+05
 8.165205689E+05 7.989309259E+05 7.820693944E+05 7.658782816E+05 7.503159906E+05
 7.353505230E+05 7.209490214E+05 7.070659049E+05 6.936485022E+05 6.806572223E+05
 6.680796202E+05 6.559235276E+05 6.441983160E+05 6.329023852E+05 6.220118105E+05
 6.114846774E+05 6.012787055E+05 5.913640260E+05 5.817240195E+05 5.723473454E+05
 5.632222877E+05 5.543319488E+05 5.456552445E+05 5.371702465E+05 5.288556741E+05
 5.206932863E+05 5.126686087E+05 5.047675809E+05 4.969757405E+05 4.892766467E+05
 4.816500318E+05 4.740746876E+05 4.665299655E+05 4.589978849E+05 4.514616601E+05
 4.439079477E+05 4.363305677E+05 4.287402438E+05 4.211659342E+05 4.136455846E+05
 4.062159788E+05 3.989028780E+05 3.917233097E+05 3.846897673E+05 3.778123027E+05
 3.710975257E+05 3.645450460E+05 3.581484415E+05 3.518982500E+05 3.457856960E+05
 3.398050169E+05 3.339519868E+05 3.282237560E+05 3.226169579E+05 3.171283979E+05
 3.117546366E+05 3.064921802E+05 3.013374610E+05 2.962865402E+05 2.913358863E+05
 2.864816706E+05 2.817204513E+05 2.770489223E+05 2.724638624E+05 2.679626763E+05
 2.635425181E+05 2.592007916E+05 2.549345981E+05 2.507406921E+05 2.466161521E+05
 2.425577516E+05 2.385623552E+05 2.346264094E+05 2.307457610E+05 2.269166243E+05
 2.231357676E+05 2.194016410E+05 2.157141820E+05 2.120735026E+05 2.084798156E+05
 2.049351560E+05 2.014447845E+05 1.980170738E+05 1.946631638E+05 1.913956910E+05
 1.882104126E+05 1.850730928E+05 1.819945627E+05 1.790373756E+05 1.760065991E+05
 1.723647251E+05 1.673661089E+05 1.604191156E+05 1.516033103E+05 1.413910709E+05
 1.302257817E+05 1.183627466E+05 1.058836294E+05 9.297356497E+04 7.995208009E+04
 6.717532044E+04 5.499815602E+04 4.374638840E+04 3.369487938E+04 2.498981891E+04
 1.756397086E+04 1.151281861E+04 7.362521545E+03 5.803306622E+03
-2.407777999E+00-2.891019725E+00-3.356112501E+00-3.809757947E+00-4.252016059E+00
-4.682945542E+00-5.102571177E+00-5.510933615E+00-5.908073490E+00-6.294031975E+00
-6.668848505E+00-7.032572305E+00-7.385231920E+00-7.680721620E+00-7.783041860E+00
-7.933892505E+00-8.249227085E+00-8.699162945E+00-9.144147485E+00-9.529534465E+00
-9.861382190E+00-1.014658205E+01-1.039395742E+01-1.061416202E+01-1.081441988E+01
-1.099818319E+01-1.116116397E+01-1.129381996E+01-1.139799501E+01-1.148618097E+01
-1.157552803E+01-1.167098218E+01-1.176924766E+01-1.186166707E+01-1.193258880E+01
-1.197810966E+01-1.200179750E+01-1.201365627E+01-1.201815411E+01-1.201658084E+01
-1.200723860E+01-1.198621826E+01-1.195294045E+01-1.190712897E+01-1.184978372E+01
-1.178323795E+01-1.170926091E+01-1.162652799E+01-1.153595955E+01-1.143454367E+01
-1.132117602E+01-1.119597567E+01-1.105940484E+01-1.091385785E+01-1.075821483E+01
-1.059728395E+01-1.043388396E+01-1.028325683E+01-1.014962949E+01-1.003832638E+01
-9.942728235E+00-9.857603965E+00-9.778844845E+00-9.705686265E+00-9.636265705E+00
-9.568763765E+00-9.497519295E+00-9.421755530E+00-9.339001045E+00-9.252434290E+00
-9.162069840E+00-9.069491585E+00-8.974564005E+00-8.876851445E+00-8.776943615E+00
-8.673992030E+00-8.568740510E+00-8.460374065E+00-8.349272140E+00-8.235463280E+00
-8.118574915E+00-7.999354935E+00-7.877182280E+00-7.752720965E+00-7.625945855E+00
-7.496574580E+00-7.365120455E+00-7.230736150E+00-7.093846375E+00-6.954346520E+00
-6.811976105E+00-6.667041975E+00-6.518770115E+00-6.367243905E+00-6.212732515E+00
-6.055485425E+00-5.896957770E+00-5.737211370E+00-5.576273890E+00-5.414165543E+00
-5.252710754E+00-5.093408270E+00-4.937998236E+00-4.787551956E+00-4.642504911E+00
-4.484767738E+00-4.300826057E+00-4.150777169E+00-4.029238994E+00-3.673613460E+00
-2.990842641E+00-1.858232915E+00-5.575612350E-01 4.943342261E-01 1.307025137E+00
 1.902021380E+00 2.452658653E+00 2.965877772E+00 3.326371251E+00 3.509288007E+00
 3.499842814E+00 3.310891534E+00 2.955203147E+00 2.465139644E+00 1.929936074E+00
 1.473146378E+00 7.963932075E-01-2.637871258E-01-1.758287207E+00
-7.165008195E+05-6.952371722E+05-6.743338279E+05-6.537907867E+05-6.336080486E+05
-6.137856135E+05-5.943234814E+05-5.752216524E+05-5.564801264E+05-5.380989035E+05
-5.200779836E+05-5.024173668E+05-4.851170530E+05-4.698400336E+05-4.614680048E+05
-4.513297850E+05-4.352371526E+05-4.142581542E+05-3.934163707E+05-3.746897274E+05
-3.578647757E+05-3.426953217E+05-3.288656559E+05-3.159938822E+05-3.038209610E+05
-2.922235191E+05-2.813594024E+05-2.715771982E+05-2.628110564E+05-2.546055572E+05
-2.463350706E+05-2.378177415E+05-2.291738328E+05-2.207204177E+05-2.130293522E+05
-2.062452218E+05-2.002381610E+05-1.946436454E+05-1.892984738E+05-1.841555720E+05
-1.792771848E+05-1.748071691E+05-1.707685884E+05-1.671718514E+05-1.639808111E+05
-1.611107296E+05-1.584961128E+05-1.561858731E+05-1.541475978E+05-1.524918022E+05
-1.512609345E+05-1.504498784E+05-1.500411698E+05-1.499465699E+05-1.502061346E+05
-1.506430438E+05-1.511487632E+05-1.511585793E+05-1.505110222E+05-1.490093856E+05
-1.468968758E+05-1.443692756E+05-1.415784783E+05-1.385534454E+05-1.353621701E+05
-1.320739017E+05-1.288982423E+05-1.258656522E+05-1.230669705E+05-1.203837187E+05
-1.178147151E+05-1.152997134E+05-1.128442716E+05-1.104632079E+05-1.081352094E+05
-1.058908370E+05-1.037022523E+05-1.015998764E+05-9.956817028E+04-9.760643898E+04
-9.572722731E+04-9.390257191E+04-9.215504862E+04-9.045868954E+04-8.881452195E+04
-8.723150663E+04-8.569074081E+04-8.422318066E+04-8.281168239E+04-8.146046574E+04
-8.017747493E+04-7.895113950E+04-7.780968156E+04-7.674875901E+04-7.575807320E+04
-7.482585588E+04-7.389691193E+04-7.296717294E+04-7.203378306E+04-7.109555747E+04
-7.008112149E+04-6.893336751E+04-6.758546491E+04-6.599404630E+04-6.414284109E+04
-6.272039640E+04-6.223275216E+04-6.037892574E+04-5.739989716E+04-6.330985287E+04
-8.173866989E+04-1.173461871E+05-1.593386019E+05-1.917772331E+05-2.149557601E+05
-2.297352985E+05-2.427455862E+05-2.542725987E+05-2.599093530E+05-2.587102508E+05
-2.501624385E+05-2.348295767E+05-2.133057451E+05-1.870256819E+05-1.596794018E+05
-1.360772205E+05-1.049280280E+05-6.036997256E+04-1.730428575E+03
 1.655512297E+00 1.728302784E+00 1.803879379E+00 1.882309952E+00 1.963616561E+00
 2.047756033E+00 2.134600908E+00 2.223924782E+00 2.315396048E+00 2.408581203E+00
 2.502954572E+00 2.597907507E+00 2.692749841E+00 2.786698415E+00 2.879554032E+00
 2.953453059E+00 2.997518326E+00 3.002366152E+00 2.979834471E+00 2.971517858E+00
 2.984758022E+00 3.021831101E+00 3.086569357E+00 3.166970324E+00 3.224747269E+00
 3.263697315E+00 3.286653098E+00 3.295499173E+00 3.291377621E+00 3.274884839E+00
 3.246240159E+00 3.205422325E+00 3.152224417E+00 3.086209642E+00 3.006624176E+00
 2.912304784E+00 2.801561630E+00 2.671998204E+00 2.520240657E+00 2.341602223E+00
 2.129888174E+00 1.922353760E+00 1.741179163E+00 1.581447816E+00 1.439566732E+00
 1.313075402E+00 1.200361136E+00 1.100435704E+00 1.012789578E+00 9.373068716E-01
 8.742245299E-01 8.241256343E-01 7.879623655E-01 7.671087004E-01 7.634458178E-01
 7.794833615E-01 8.185075615E-01 8.846996994E-01 9.782355866E-01 1.031075975E+00
 1.048399406E+00 1.027338399E+00 9.643543071E-01 8.721390661E-01 7.451290961E-01
 5.770474116E-01 3.786063048E-01 1.418518510E-01-1.422823757E-01-4.655438601E-01
-8.390887455E-01-1.253037950E+00-1.638042631E+00-1.999416758E+00-2.341267810E+00
-2.666889327E+00-2.978880718E+00-3.279294585E+00-3.569761358E+00-3.851584989E+00
-4.125814606E+00-4.393297891E+00-4.654721417E+00-4.910640715E+00-5.161503438E+00
-5.407667094E+00-5.649412877E+00-5.886956299E+00-6.120455667E+00-6.350018895E+00
-6.575709061E+00-6.797548741E+00-7.015523752E+00-7.229586538E+00-7.439658814E+00
-7.645634319E+00-7.847381066E+00-8.044743743E+00-8.237546040E+00-8.425593205E+00
-8.608674374E+00-8.786565208E+00-8.959030769E+00-9.125828515E+00-9.286711257E+00
-9.441430424E+00-9.589739534E+00-9.731397544E+00-9.866172352E+00-9.993844110E+00
-1.011420885E+01-1.022708143E+01-1.033229859E+01-1.042972187E+01-1.051923974E+01
-1.060076965E+01-1.067425980E+01-1.073968989E+01-1.079707210E+01-1.084645091E+01
-1.088790287E+01-1.092153570E+01-1.094748706E+01-1.096592286E+01-1.097703517E+01
-1.098103999E+01-1.097817472E+01-1.096869538E+01-1.095287392E+01 1.711019055E+00
 1.788915279E+00 1.870342785E+00 1.955516790E+00 2.044612842E+00 2.137729529E+00
 2.234844647E+00 2.335777194E+00 2.440174335E+00 2.547536249E+00 2.657269920E+00
 2.768747563E+00 2.881704618E+00 2.984145399E+00 3.058511847E+00 3.101235296E+00
 3.115293095E+00 3.094467230E+00 3.045779536E+00 3.013895574E+00 3.004468231E+00
 3.018535045E+00 3.059134012E+00 3.115992632E+00 3.153808159E+00 3.176693654E+00
 3.186651791E+00 3.184763962E+00 3.171596805E+00 3.147367556E+00 3.112057698E+00
 3.065509098E+00 3.007457146E+00 2.937481206E+00 2.854925913E+00 2.758832205E+00
 2.647863663E+00 2.520190723E+00 2.373268343E+00 2.203315191E+00 2.003859434E+00
 1.808459913E+00 1.636204236E+00 1.482237381E+00 1.343834803E+00 1.219290177E+00
 1.107522292E+00 1.007905568E+00 9.201854238E-01 8.444376981E-01 7.810579908E-01
 7.307758021E-01 6.946920054E-01 6.743394826E-01 6.717647396E-01 6.896203131E-01
 7.312397870E-01 8.006396599E-01 8.954858785E-01 9.530509384E-01 9.715495387E-01
 9.501563682E-01 8.885294456E-01 7.937812326E-01 6.626938371E-01 4.923978376E-01
 2.877530137E-01 4.304339728E-02-2.472937050E-01-5.809581271E-01-9.664776848E-01
-1.389376533E+00-1.785565022E+00-2.157554997E+00-2.509288926E+00-2.844105031E+00
-3.164735631E+00-3.473380516E+00-3.771800955E+00-4.061407517E+00-4.343332941E+00
-4.618489460E+00-4.887612973E+00-5.151296597E+00-5.410016155E+00-5.664149919E+00
-5.913993660E+00-6.159772071E+00-6.401648068E+00-6.639729841E+00-6.874076646E+00
-7.104703259E+00-7.331583794E+00-7.554655094E+00-7.773819173E+00-7.988946172E+00
-8.199876287E+00-8.406422568E+00-8.608373049E+00-8.805493264E+00-8.997529166E+00
-9.184209809E+00-9.365250532E+00-9.540356629E+00-9.709226617E+00-9.871556531E+00
-1.002704379E+01-1.017539155E+01-1.031631311E+01-1.044953614E+01-1.057480710E+01
-1.069189540E+01-1.080059715E+01-1.090073878E+01-1.099218008E+01-1.107481687E+01
-1.114858289E+01-1.121345127E+01-1.126943520E+01-1.131658795E+01-1.135500235E+01
-1.138480951E+01-1.140617709E+01-1.141930684E+01-1.142443193E+01-1.142181381E+01
-1.141173892E+01-1.139451488E+01-1.137046709E+01 1.759093232E+00 1.841387308E+00
 1.927998971E+00 2.019382621E+00 2.115999901E+00 2.218257318E+00 2.326395786E+00
 2.440341656E+00 2.559610404E+00 2.683395367E+00 2.810829595E+00 2.938685549E+00
 3.030525576E+00 3.102037712E+00 3.146983595E+00 3.160848693E+00 3.147506817E+00
 3.101369146E+00 3.030996381E+00 2.977059181E+00 2.943251754E+00 2.927156786E+00
 2.925736207E+00 2.931601329E+00 2.935061806E+00 2.932353547E+00 2.922174072E+00
 2.903926705E+00 2.877260445E+00 2.841902225E+00 2.797580996E+00 2.743988729E+00
 2.680758306E+00 2.607450389E+00 2.523546725E+00 2.428451999E+00 2.321512209E+00
 2.202070672E+00 2.069620899E+00 1.924268728E+00 1.768558328E+00 1.612117262E+00
 1.463282168E+00 1.324251082E+00 1.195476976E+00 1.076977758E+00 9.686991548E-01
 8.706516628E-01 7.829754484E-01 7.059800715E-01 6.401782104E-01 5.863237101E-01
 5.454614852E-01 5.189972921E-01 5.087979054E-01 5.173360437E-01 5.478904157E-01
 6.047613401E-01 6.862158815E-01 7.311431999E-01 7.380562739E-01 7.067652034E-01
 6.372210585E-01 5.359849599E-01 4.000114976E-01 2.266818250E-01 2.044890067E-02
-2.240119190E-01-5.118597843E-01-8.413319363E-01-1.221164878E+00-1.637562961E+00
-2.028119765E+00-2.395937358E+00-2.745217946E+00-3.079213790E+00-3.400440028E+00
-3.710865781E+00-4.012052703E+00-4.305252293E+00-4.591474832E+00-4.871539588E+00
-5.146111974E+00-5.415731091E+00-5.680830880E+00-5.941756164E+00-6.198775133E+00
-6.452088724E+00-6.701838261E+00-6.948111251E+00-7.190945988E+00-7.430335382E+00
-7.666229868E+00-7.898540009E+00-8.127138784E+00-8.351863472E+00-8.572517906E+00
-8.788874396E+00-9.000675864E+00-9.207638477E+00-9.409454252E+00-9.605794126E+00
-9.796311622E+00-9.980646514E+00-1.015842931E+01-1.032928589E+01-1.049284262E+01
-1.064873159E+01-1.079659612E+01-1.093609651E+01-1.106691544E+01-1.118876344E+01
-1.130138398E+01-1.140455813E+01-1.149810847E+01-1.158190266E+01-1.165585598E+01
-1.171993306E+01-1.177414872E+01-1.181856799E+01-1.185330506E+01-1.187852159E+01
-1.189442406E+01-1.190126065E+01-1.189931729E+01-1.188891337E+01-1.187039739E+01
-1.184414195E+01-1.181053906E+01 1.797902226E+00 1.883258374E+00 1.973582933E+00
 2.069659223E+00 2.172427502E+00 2.282975823E+00 2.402433380E+00 2.531454700E+00
 2.668967931E+00 2.807857673E+00 2.924406594E+00 3.017856216E+00 3.084678990E+00
 3.126111664E+00 3.138612277E+00 3.123046543E+00 3.083358643E+00 3.014042116E+00
 2.932603803E+00 2.867911168E+00 2.818132536E+00 2.779986230E+00 2.750279245E+00
 2.725443138E+00 2.701921787E+00 2.676840329E+00 2.648189345E+00 2.614623348E+00
 2.575221400E+00 2.529318443E+00 2.476400671E+00 2.416043774E+00 2.347879228E+00
 2.271581174E+00 2.186871950E+00 2.093549480E+00 1.991546117E+00 1.881037057E+00
 1.762626101E+00 1.637625933E+00 1.508329071E+00 1.377857000E+00 1.249319901E+00
 1.125060836E+00 1.006590497E+00 8.948503139E-01 7.904614069E-01 6.938919412E-01
 6.055626454E-01 5.259152399E-01 4.554606026E-01 3.948175770E-01 3.447504525E-01
 3.062137226E-01 2.804189136E-01 2.689595728E-01 2.741050040E-01 2.996661374E-01
 3.480501921E-01 3.596667578E-01 3.412490650E-01 2.905584892E-01 2.043867960E-01
 9.309267548E-02-4.864446861E-02-2.260156988E-01-4.297525278E-01-6.665536804E-01
-9.433504837E-01-1.252690303E+00-1.605240955E+00-1.994326201E+00-2.359547584E+00
-2.707945104E+00-3.043095425E+00-3.367206777E+00-3.681881105E+00-3.988376844E+00
-4.287720546E+00-4.580764233E+00-4.868219928E+00-5.150682993E+00-5.428649583E+00
-5.702529489E+00-5.972656934E+00-6.239298533E+00-6.502659831E+00-6.762890664E+00
-7.020089058E+00-7.274304536E+00-7.525540606E+00-7.773756607E+00-8.018869565E+00
-8.260755254E+00-8.499249459E+00-8.734149153E+00-8.965213807E+00-9.192166639E+00
-9.414696476E+00-9.632459834E+00-9.845083564E+00-1.005216788E+01-1.025329027E+01
-1.044800969E+01-1.063587176E+01-1.081641440E+01-1.098917396E+01-1.115369206E+01
-1.130952256E+01-1.145623884E+01-1.159344115E+01-1.172076372E+01-1.183788149E+01
-1.194451635E+01-1.204044262E+01-1.212549139E+01-1.219955413E+01-1.226258496E+01
-1.231460151E+01-1.235568485E+01-1.238597785E+01-1.240568282E+01-1.241505747E+01
-1.241441069E+01-1.240409696E+01-1.238451058E+01-1.235607947E+01-1.231925865E+01
-1.227452407E+01 1.826180044E+00 1.912536227E+00 2.004031817E+00 2.101722896E+00
 2.207011433E+00 2.321794678E+00 2.448797470E+00 2.592618780E+00 2.735523428E+00
 2.851710227E+00 2.942737885E+00 3.011275719E+00 3.042697335E+00 3.050782512E+00
 3.032120803E+00 2.980791418E+00 2.908727579E+00 2.835611115E+00 2.767123921E+00
 2.705065281E+00 2.649861192E+00 2.600771267E+00 2.556386173E+00 2.514963049E+00
 2.474676443E+00 2.433826317E+00 2.390963073E+00 2.344918499E+00 2.294777229E+00
 2.239828136E+00 2.179518554E+00 2.113420182E+00 2.041208777E+00 1.962657899E+00
 1.877647062E+00 1.786185402E+00 1.688452323E+00 1.584854805E+00 1.476093877E+00
 1.363216927E+00 1.247610790E+00 1.130891818E+00 1.014708458E+00 9.005491513E-01
 7.896407842E-01 6.829436265E-01 5.811991873E-01 4.849912134E-01 3.948000286E-01
 3.110439273E-01 2.341069975E-01 1.643538243E-01 1.021300480E-01 4.774434770E-02
 1.419516043E-03-3.682097663E-02-6.743773808E-02-9.226422292E-02-1.175757859E-01
-1.551488629E-01-2.122169776E-01-2.914084770E-01-3.939330716E-01-5.205359814E-01
-6.717980910E-01-8.482373866E-01-1.050329882E+00-1.278473891E+00-1.532844822E+00
-1.812995217E+00-2.116516370E+00-2.434979099E+00-2.756134796E+00-3.074312878E+00
-3.387862945E+00-3.696372131E+00-3.999884214E+00-4.298635154E+00-4.592940010E+00
-4.883137379E+00-5.169559830E+00-5.452517474E+00-5.732289100E+00-6.009117210E+00
-6.283205734E+00-6.554718574E+00-6.823779364E+00-7.090471157E+00-7.354836427E+00
-7.616876787E+00-7.876553037E+00-8.133784684E+00-8.388449707E+00-8.640384246E+00
-8.889382125E+00-9.135194932E+00-9.377532018E+00-9.616060932E+00-9.850408250E+00
-1.008016130E+01-1.030487007E+01-1.052405047E+01-1.073718804E+01-1.094374287E+01
-1.114315549E+01-1.133485358E+01-1.151825988E+01-1.169280051E+01-1.185791430E+01
-1.201306229E+01-1.215773741E+01-1.229147417E+01-1.241385776E+01-1.252453262E+01
-1.262320954E+01-1.270967208E+01-1.278378107E+01-1.284547757E+01-1.289478424E+01
-1.293180458E+01-1.295672080E+01-1.296979000E+01-1.297133862E+01-1.296175614E+01
-1.294148741E+01-1.291102448E+01-1.287089799E+01-1.282166858E+01-1.276391835E+01
 1.844024030E+00 1.928813345E+00 2.018066856E+00 2.112855126E+00 2.214634060E+00
 2.325334285E+00 2.447439430E+00 2.583908822E+00 2.713533541E+00 2.808930135E+00
 2.872685963E+00 2.907075585E+00 2.909227914E+00 2.881831578E+00 2.825219140E+00
 2.762423873E+00 2.698720805E+00 2.635365415E+00 2.573477642E+00 2.513879263E+00
 2.456939090E+00 2.402542358E+00 2.350171865E+00 2.299036439E+00 2.248201538E+00
 2.196700921E+00 2.143618232E+00 2.088135354E+00 2.029552840E+00 1.967292209E+00
 1.900889805E+00 1.829989236E+00 1.754336675E+00 1.673781436E+00 1.588282770E+00
 1.497922980E+00 1.402925492E+00 1.303674413E+00 1.200729089E+00 1.094824108E+00
 9.868449390E-01 8.777755936E-01 7.686270636E-01 6.603656544E-01 5.538600045E-01
 4.498544795E-01 3.489651579E-01 2.516890423E-01 1.584173494E-01 6.944605547E-02
-1.502105877E-02-9.488098644E-02-1.701567607E-01-2.410473764E-01-3.080158016E-01
-3.719364803E-01-4.343263677E-01-4.976373234E-01-5.653873144E-01-6.416910381E-01
-7.303037443E-01-8.340505425E-01-9.548713203E-01-1.094065984E+00-1.252489584E+00
-1.430655294E+00-1.628754867E+00-1.846599719E+00-2.083469847E+00-2.337855688E+00
-2.607155998E+00-2.887661339E+00-3.175267946E+00-3.466515363E+00-3.759017732E+00
-4.051299844E+00-4.342502445E+00-4.632154292E+00-4.920024270E+00-5.206027868E+00
-5.490168040E+00-5.772496754E+00-6.053089420E+00-6.332027634E+00-6.609387200E+00
-6.885229620E+00-7.159595791E+00-7.432501157E+00-7.703931889E+00-7.973841535E+00
-8.242148105E+00-8.508731669E+00-8.773431517E+00-9.036044388E+00-9.296321909E+00
-9.553969178E+00-9.808643224E+00-1.005995195E+01-1.030745388E+01-1.055065869E+01
-1.078902851E+01-1.102198054E+01-1.124889083E+01-1.146909954E+01-1.168191762E+01
-1.188663503E+01-1.208253052E+01-1.226888238E+01-1.244498059E+01-1.261013968E+01
-1.276371182E+01-1.290509998E+01-1.303377063E+01-1.314926539E+01-1.325121119E+01
-1.333932893E+01-1.341343965E+01-1.347346870E+01-1.351944712E+01-1.355151068E+01
-1.356989628E+01-1.357493635E+01-1.356705075E+01-1.354673758E+01-1.351456224E+01
-1.347114592E+01-1.341715366E+01-1.335328248E+01-1.328024987E+01 1.853696220E+00
 1.934443490E+00 2.017953201E+00 2.105046827E+00 2.196927124E+00 2.295213083E+00
 2.401938238E+00 2.519514340E+00 2.625101267E+00 2.693418229E+00 2.726446695E+00
 2.727044066E+00 2.691672765E+00 2.645485999E+00 2.594835759E+00 2.540800782E+00
 2.484442398E+00 2.426708072E+00 2.368389584E+00 2.310072354E+00 2.252096301E+00
 2.194546043E+00 2.137274319E+00 2.079949823E+00 2.022116044E+00 1.963249604E+00
 1.902810229E+00 1.840278803E+00 1.775183205E+00 1.707114100E+00 1.635733837E+00
 1.560781613E+00 1.482077334E+00 1.399525851E+00 1.313122318E+00 1.222958528E+00
 1.129229175E+00 1.032236049E+00 9.323873588E-01 8.301891942E-01 7.262271935E-01
 6.211387139E-01 5.155788502E-01 4.101858225E-01 3.055510706E-01 2.021973427E-01
 1.005649947E-01 1.004353618E-03-9.622913797E-02-1.909805175E-01-2.832049330E-01
-3.729843846E-01-4.605545437E-01-5.463443508E-01-6.310297978E-01-7.155988398E-01
-8.014131573E-01-8.902328867E-01-9.841547247E-01-1.085437255E+00-1.196262967E+00
-1.318539550E+00-1.453801659E+00-1.603196557E+00-1.767505396E+00-1.947162741E+00
-2.142255751E+00-2.352497814E+00-2.577182543E+00-2.815140020E+00-3.064740049E+00
-3.323997497E+00-3.590792252E+00-3.863127480E+00-4.139313804E+00-4.418033195E+00
-4.698314331E+00-4.979469855E+00-5.261029378E+00-5.542681331E+00-5.824226947E+00
-6.105545031E+00-6.386565218E+00-6.667248188E+00-6.947570102E+00-7.227510672E+00
-7.507043972E+00-7.786130445E+00-8.064710481E+00-8.342698819E+00-8.619979193E+00
-8.896399757E+00-9.171768480E+00-9.445848967E+00-9.718356322E+00-9.988953327E+00
-1.025724725E+01-1.052278685E+01-1.078506018E+01-1.104349366E+01-1.129745178E+01
-1.154623904E+01-1.178910285E+01-1.202523917E+01-1.225379992E+01-1.247390281E+01
-1.268464341E+01-1.288510952E+01-1.307439706E+01-1.325162748E+01-1.341596612E+01
-1.356664037E+01-1.370295758E+01-1.382432136E+01-1.393024629E+01-1.402036964E+01
-1.409446055E+01-1.415242528E+01-1.419430913E+01-1.422029469E+01-1.423069632E+01
-1.422595143E+01-1.420660909E+01-1.417331577E+01-1.412680006E+01-1.406785591E+01
-1.399732587E+01-1.391608463E+01-1.382502350E+01 1.860129849E+00 1.935225718E+00
 2.010253884E+00 2.085579719E+00 2.162037990E+00 2.240933919E+00 2.324034997E+00
 2.413621246E+00 2.488828182E+00 2.519833376E+00 2.514891141E+00 2.490516943E+00
 2.458000340E+00 2.418666423E+00 2.373860671E+00 2.324730153E+00 2.272253565E+00
 2.217253899E+00 2.160398061E+00 2.102190529E+00 2.042968780E+00 1.982906640E+00
 1.922028256E+00 1.860231621E+00 1.797318329E+00 1.733025313E+00 1.667054996E+00
 1.599101481E+00 1.528871675E+00 1.456101463E+00 1.380567631E+00 1.302096691E+00
 1.220571522E+00 1.135936699E+00 1.048202793E+00 9.574496330E-01 8.638280210E-01
 7.675590807E-01 6.689302690E-01 5.682871799E-01 4.660208862E-01 3.625512454E-01
 2.583075796E-01 1.537086105E-01 4.914353461E-02-5.504444505E-02-1.585717400E-01
-2.612256345E-01-3.628743127E-01-4.634770794E-01-5.630962182E-01-6.619116365E-01
-7.602389930E-01-8.585508183E-01-9.574985432E-01-1.057930555E+00-1.160897906E+00
-1.267637296E+00-1.379522918E+00-1.497988382E+00-1.624432836E+00-1.760132670E+00
-1.906175124E+00-2.063417590E+00-2.232466277E+00-2.413664802E+00-2.607085678E+00
-2.812522619E+00-3.029487178E+00-3.257218456E+00-3.494717097E+00-3.740810599E+00
-3.994245083E+00-4.253784657E+00-4.518294482E+00-4.786792493E+00-5.058468131E+00
-5.332677138E+00-5.608922336E+00-5.886829000E+00-6.166120467E+00-6.446595015E+00
-6.728106510E+00-7.010547670E+00-7.293835991E+00-7.577902053E+00-7.862679311E+00
-8.148095426E+00-8.434064471E+00-8.720479554E+00-9.007206127E+00-9.294075602E+00
-9.580878728E+00-9.867359529E+00-1.015320888E+01-1.043805851E+01-1.072147512E+01
-1.100295494E+01-1.128191900E+01-1.155770937E+01-1.182958681E+01-1.209673051E+01
-1.235823981E+01-1.261313914E+01-1.286038596E+01-1.309888218E+01-1.332748946E+01
-1.354504786E+01-1.375039731E+01-1.394240193E+01-1.411997553E+01-1.428210773E+01
-1.442788946E+01-1.455653651E+01-1.466741041E+01-1.476003570E+01-1.483411242E+01
-1.488952388E+01-1.492633902E+01-1.494480934E+01-1.494536045E+01-1.492857895E+01
-1.489519484E+01-1.484606086E+01-1.478212944E+01-1.470442870E+01-1.461403822E+01
-1.451206606E+01-1.439962777E+01 1.871258896E+00 1.940945827E+00 2.006214802E+00
 2.066752246E+00 2.123135376E+00 2.176548408E+00 2.228315900E+00 2.279962299E+00
 2.310148639E+00 2.311143583E+00 2.299323068E+00 2.277117959E+00 2.246493157E+00
 2.208974830E+00 2.165796818E+00 2.117978507E+00 2.066368438E+00 2.011668332E+00
 1.954445781E+00 1.895141159E+00 1.834073237E+00 1.771446429E+00 1.707361460E+00
 1.641829672E+00 1.574790230E+00 1.506128750E+00 1.435695987E+00 1.363325232E+00
 1.288847686E+00 1.212105441E+00 1.132962070E+00 1.051311040E+00 9.670822974E-01
 8.802471856E-01 7.908219374E-01 6.988696467E-01 6.045005212E-01 5.078702152E-01
 4.091758550E-01 3.086496441E-01 2.065500599E-01 1.031509768E-01-1.270671174E-03
-1.064478985E-01-2.121365847E-01-3.181277095E-01-4.242586177E-01-5.304233540E-01
-6.365823577E-01-7.427719470E-01-8.491138971E-01-9.558253686E-01-1.063228765E+00
-1.171760709E+00-1.281978309E+00-1.394560151E+00-1.510298843E+00-1.630082314E+00
-1.754862737E+00-1.885614841E+00-2.023288451E+00-2.168761585E+00-2.322799618E+00
-2.486023493E+00-2.658887120E+00-2.841662725E+00-3.034432749E+00-3.237087991E+00
-3.449333161E+00-3.670701962E+00-3.900583674E+00-4.138261175E+00-4.382957211E+00
-4.633882696E+00-4.890280025E+00-5.151455651E+00-5.416799952E+00-5.685795221E+00
-5.958014292E+00-6.233113209E+00-6.510820631E+00-6.790925693E+00-7.073266029E+00
-7.357716116E+00-7.644176429E+00-7.932563640E+00-8.222801354E+00-8.514811639E+00
-8.808506871E+00-9.103781854E+00-9.400506098E+00-9.698515859E+00-9.997606145E+00
-1.029752244E+01-1.059795210E+01-1.089851548E+01-1.119875697E+01-1.149813617E+01
-1.179601923E+01-1.209167114E+01-1.238424960E+01-1.267280079E+01-1.295625825E+01
-1.323344569E+01-1.350308430E+01-1.376380582E+01-1.401417116E+01-1.425269484E+01
-1.447787490E+01-1.468822699E+01-1.488232111E+01-1.505881953E+01-1.521651413E+01
-1.535436066E+01-1.547150940E+01-1.556732984E+01-1.564142910E+01-1.569366274E+01
-1.572413815E+01-1.573320927E+01-1.572146397E+01-1.568970367E+01-1.563891677E+01
-1.557024716E+01-1.548495950E+01-1.538440347E+01-1.526997880E+01-1.514310255E+01
-1.500518045E+01 1.898709511E+00 1.967251762E+00 2.023687860E+00 2.066633737E+00
 2.097671423E+00 2.120328485E+00 2.137012988E+00 2.147156487E+00 2.147960818E+00
 2.138234367E+00 2.119028039E+00 2.091682733E+00 2.057383111E+00 2.017143078E+00
 1.971830637E+00 1.922189607E+00 1.868854751E+00 1.812361630E+00 1.753152953E+00
 1.691583249E+00 1.627923296E+00 1.562365481E+00 1.495030777E+00 1.425977488E+00
 1.355211549E+00 1.282697857E+00 1.208371896E+00 1.132151139E+00 1.053945607E+00
 9.736673099E-01 8.912383824E-01 8.065977954E-01 7.197067445E-01 6.305526614E-01
 5.391519087E-01 4.455510916E-01 3.498269859E-01 2.520849080E-01 1.524555538E-01
 5.109025803E-02-5.184520896E-02-1.561780927E-01-2.617370415E-01-3.683610455E-01
-4.759085542E-01-5.842664600E-01-6.933587082E-01-8.031544610E-01-9.136757465E-01
-1.025004622E+00-1.137289771E+00-1.250752334E+00-1.365690604E+00-1.482482827E+00
-1.601587197E+00-1.723537925E+00-1.848936258E+00-1.978435798E+00-2.112722186E+00
-2.252488276E+00-2.398406677E+00-2.551102217E+00-2.711126595E+00-2.878936965E+00
-3.054879377E+00-3.239177466E+00-3.431926459E+00-3.633092694E+00-3.842518929E+00
-4.059935680E+00-4.284978675E+00-4.517211318E+00-4.756150655E+00-5.001294305E+00
-5.252145169E+00-5.508232307E+00-5.769125953E+00-6.034446812E+00-6.303870074E+00
-6.577124990E+00-6.853991593E+00-7.134295148E+00-7.417899569E+00-7.704700055E+00
-7.994615720E+00-8.287581751E+00-8.583542083E+00-8.882441480E+00-9.184218122E+00
-9.488795419E+00-9.796073966E+00-1.010592252E+01-1.041816872E+01-1.073258893E+01
-1.104889711E+01-1.136673279E+01-1.168564861E+01-1.200509639E+01-1.232441357E+01
-1.264280936E+01-1.295935192E+01-1.327295759E+01-1.358238339E+01-1.388622495E+01
-1.418292051E+01-1.447076389E+01-1.474792690E+01-1.501249145E+01-1.526249145E+01
-1.549596213E+01-1.571099469E+01-1.590579291E+01-1.607872823E+01-1.622839114E+01
-1.635363543E+01-1.645361458E+01-1.652780812E+01-1.657603773E+01-1.659847169E+01
-1.659561749E+01-1.656830248E+01-1.651764288E+01-1.644500262E+01-1.635194434E+01
-1.624017596E+01-1.611149605E+01-1.596774157E+01-1.581074150E+01-1.564227717E+01
 1.961053125E+00 2.044151465E+00 2.095513378E+00 2.115071077E+00 2.099735619E+00
 2.081917904E+00 2.065346300E+00 2.046887426E+00 2.024806006E+00 1.998030812E+00
 1.966132678E+00 1.929142144E+00 1.887336772E+00 1.841101581E+00 1.790853808E+00
 1.737003874E+00 1.679934629E+00 1.619989975E+00 1.557468508E+00 1.492620333E+00
 1.425646121E+00 1.356698180E+00 1.285883214E+00 1.213266646E+00 1.138878229E+00
 1.062718510E+00 9.847658697E-01 9.049836321E-01 8.233269845E-01 7.397494043E-01
 6.542083598E-01 5.666702043E-01 4.771141271E-01 3.855351263E-01 2.919459679E-01
 1.963780852E-01 9.888138796E-02-4.770343200E-04-1.016153070E-01-2.044402234E-01
-3.088516596E-01-4.147478190E-01-5.220310952E-01-6.306143725E-01-7.404275240E-01
-8.514238656E-01-9.635864872E-01-1.076934186E+00-1.191526987E+00-1.307471048E+00
-1.424922810E+00-1.544092130E+00-1.665244157E+00-1.788699407E+00-1.914831732E+00
-2.044063597E+00-2.176858409E+00-2.313709757E+00-2.455127849E+00-2.601623717E+00
-2.753692210E+00-2.911794907E+00-3.076344108E+00-3.247688892E+00-3.426104027E+00
-3.611782207E+00-3.804829961E+00-4.005267409E+00-4.213031914E+00-4.427985517E+00
-4.649926020E+00-4.878600401E+00-5.113720653E+00-5.354979658E+00-5.602066596E+00
-5.854680496E+00-6.112540993E+00-6.375396524E+00-6.643028856E+00-6.915255570E+00
-7.191929826E+00-7.472938509E+00-7.758198997E+00-8.047655070E+00-8.341271779E+00
-8.639030253E+00-8.940921586E+00-9.246940540E+00-9.557078683E+00-9.871316905E+00
-1.018961715E+01-1.051191310E+01-1.083810012E+01-1.116802321E+01-1.150146383E+01
-1.183812478E+01-1.217761294E+01-1.251942033E+01-1.286290294E+01-1.320725820E+01
-1.355150201E+01-1.389444627E+01-1.423467931E+01-1.457055215E+01-1.490017388E+01
-1.522141957E+01-1.553195490E+01-1.582927813E+01-1.611078024E+01-1.637381953E+01
-1.661580585E+01-1.683428793E+01-1.702703723E+01-1.719212418E+01-1.732798247E+01
-1.743346077E+01-1.750786052E+01-1.755095949E+01-1.756301951E+01-1.754477744E+01
-1.749741748E+01-1.742252441E+01-1.732201936E+01-1.719808143E+01-1.705306160E+01
-1.688939644E+01-1.670952820E+01-1.651583678E+01-1.631058713E+01 1.994667265E+00
 2.083628327E+00 2.129648993E+00 2.131846111E+00 2.089033640E+00 2.042615735E+00
 2.000307196E+00 1.959372859E+00 1.918053654E+00 1.875150010E+00 1.829902301E+00
 1.781888389E+00 1.730928506E+00 1.677004375E+00 1.620197605E+00 1.560645906E+00
 1.498513121E+00 1.433969009E+00 1.367175741E+00 1.298279154E+00 1.227403410E+00
 1.154648256E+00 1.080088350E+00 1.003774193E+00 9.257343471E-01 8.459785859E-01
 7.645016775E-01 6.812875117E-01 5.963133157E-01 5.095536888E-01 4.209843493E-01
 3.305853895E-01 2.383439638E-01 1.442563031E-01 4.832902190E-02-4.942033463E-02
-1.489635279E-01-2.502626471E-01-3.532719013E-01-4.579401374E-01-5.642140056E-01
-6.720417082E-01-7.813771442E-01-8.921843695E-01-1.004442219E+00-1.118148892E+00
-1.233326417E+00-1.350024827E+00-1.468325918E+00-1.588346419E+00-1.710240475E+00
-1.834201174E+00-1.960461010E+00-2.089290949E+00-2.220998003E+00-2.355921051E+00
-2.494424877E+00-2.636892458E+00-2.783715752E+00-2.935285322E+00-3.091979374E+00
-3.254152846E+00-3.422127105E+00-3.596180943E+00-3.776543313E+00-3.963388203E+00
-4.156831998E+00-4.356933079E+00-4.563694441E+00-4.777068253E+00-4.996962912E+00
-5.223251474E+00-5.455781502E+00-5.694385236E+00-5.938889358E+00-6.189124491E+00
-6.444932683E+00-6.706174067E+00-6.972731036E+00-7.244511475E+00-7.521449942E+00
-7.803507748E+00-8.090671810E+00-8.382952610E+00-8.680381233E+00-8.983005904E+00
-9.290887614E+00-9.604095349E+00-9.922700306E+00-1.024676946E+01-1.057635790E+01
-1.091150008E+01-1.125219914E+01-1.159841460E+01-1.195004749E+01-1.230692236E+01
-1.266876643E+01-1.303518415E+01-1.340562785E+01-1.377936366E+01-1.415543333E+01
-1.453261307E+01-1.490937167E+01-1.528383282E+01-1.565374731E+01-1.601648420E+01
-1.636904955E+01-1.670813918E+01-1.703022837E+01-1.733169195E+01-1.760894332E+01
-1.785857596E+01-1.807749455E+01-1.826302611E+01-1.841300910E+01-1.852586174E+01
-1.860063272E+01-1.863703528E+01-1.863546443E+01-1.859699215E+01-1.852333460E+01
-1.841678543E+01-1.828011391E+01-1.811643417E+01-1.792905825E+01-1.772135107E+01
-1.749660275E+01-1.725792975E+01-1.700820720E+01 1.985877093E+00 2.071240148E+00
 2.110988025E+00 2.102533614E+00 2.050896234E+00 1.988690383E+00 1.929298291E+00
 1.871934588E+00 1.815443189E+00 1.758884078E+00 1.701545685E+00 1.642922146E+00
 1.582678514E+00 1.520613326E+00 1.456623936E+00 1.390677082E+00 1.322785316E+00
 1.252988807E+00 1.181341721E+00 1.107902270E+00 1.032725746E+00 9.558599374E-01
 8.773424149E-01 7.971993751E-01 7.154456635E-01 6.320857324E-01 5.471152321E-01
 4.605230873E-01 3.722937517E-01 2.824095459E-01 1.908528692E-01 9.760819306E-02
 2.663712012E-03-9.398741722E-02-1.923463108E-01-2.924081070E-01-3.941622537E-01
-4.975933420E-01-6.026824599E-01-7.094090527E-01-8.177532121E-01-9.276983668E-01
-1.039234249E+00-1.152360040E+00-1.267087634E+00-1.383444854E+00-1.501478562E+00
-1.621257483E+00-1.742874704E+00-1.866449657E+00-1.992129521E+00-2.120089887E+00
-2.250534559E+00-2.383694389E+00-2.519825058E+00-2.659203725E+00-2.802124589E+00
-2.948893427E+00-3.099821250E+00-3.255217405E+00-3.415382340E+00-3.580600505E+00
-3.751133660E+00-3.927215045E+00-4.109044643E+00-4.296785952E+00-4.490564049E+00
-4.690465652E+00-4.896540561E+00-5.108804852E+00-5.327245285E+00-5.551824985E+00
-5.782489657E+00-6.019174570E+00-6.261811208E+00-6.510333657E+00-6.764684669E+00
-7.024820471E+00-7.290714824E+00-7.562362055E+00-7.839779144E+00-8.123006790E+00
-8.412109649E+00-8.707175816E+00-9.008315570E+00-9.315659677E+00-9.629356594E+00
-9.949569472E+00-1.027647202E+01-1.061024367E+01-1.095106340E+01-1.129910234E+01
-1.165451436E+01-1.201742441E+01-1.238791373E+01-1.276600154E+01-1.315162126E+01
-1.354459138E+01-1.394457791E+01-1.435104837E+01-1.476321462E+01-1.517996489E+01
-1.559978483E+01-1.602067277E+01-1.644005837E+01-1.685474176E+01-1.726087799E+01
-1.765403128E+01-1.802931458E+01-1.838160520E+01-1.870580114E+01-1.899707174E+01
-1.925106635E+01-1.946406697E+01-1.963309125E+01-1.975596367E+01-1.983136996E+01
-1.985890592E+01-1.983912045E+01-1.977354108E+01-1.966466094E+01-1.951586072E+01
-1.933124841E+01-1.911542275E+01-1.887319571E+01-1.860932501E+01-1.832830049E+01
-1.803420418E+01-1.773064114E+01 1.959688206E+00 2.042702177E+00 2.076646907E+00
 2.059969449E+00 1.994072754E+00 1.919819173E+00 1.848389354E+00 1.778892334E+00
 1.710607873E+00 1.642887920E+00 1.575182213E+00 1.507046516E+00 1.438138046E+00
 1.368203691E+00 1.297065059E+00 1.224603059E+00 1.150743565E+00 1.075444951E+00
 9.986877225E-01 9.204661669E-01 8.407819822E-01 7.596394787E-01 6.770422968E-01
 5.929912679E-01 5.074833070E-01 4.205110740E-01 3.320632468E-01 2.421252379E-01
 1.506801693E-01 5.771000923E-02-3.680328437E-02-1.328767052E-01-2.305253104E-01
-3.297615762E-01-4.305950487E-01-5.330323350E-01-6.370774326E-01-7.427324414E-01
-8.499986145E-01-9.588777563E-01-1.069373905E+00-1.181495268E+00-1.295256343E+00
-1.410680169E+00-1.527800587E+00-1.646664516E+00-1.767334048E+00-1.889888376E+00
-2.014425391E+00-2.141062912E+00-2.269939444E+00-2.401214376E+00-2.535067553E+00
-2.671698187E+00-2.811323011E+00-2.954173754E+00-3.100493885E+00-3.250534776E+00
-3.404551352E+00-3.562797423E+00-3.725520904E+00-3.892959136E+00-4.065334516E+00
-4.242850742E+00-4.425689803E+00-4.614009768E+00-4.807943768E+00-5.007600111E+00
-5.213063268E+00-5.424396004E+00-5.641642523E+00-5.864832375E+00-6.093984709E+00
-6.329113155E+00-6.570230638E+00-6.817354257E+00-7.070509778E+00-7.329735774E+00
-7.595087087E+00-7.866638144E+00-8.144485079E+00-8.428747822E+00-8.719571244E+00
-9.017126024E+00-9.321608881E+00-9.633242303E+00-9.952273992E+00-1.027897549E+01
-1.061364028E+01-1.095658142E+01-1.130812775E+01-1.166861924E+01-1.203840044E+01
-1.241781187E+01-1.280717830E+01-1.320679310E+01-1.361689680E+01-1.403764845E+01
-1.446908635E+01-1.491107494E+01-1.536323309E+01-1.582483728E+01-1.629469404E+01
-1.677097684E+01-1.725103106E+01-1.773116948E+01-1.820651506E+01-1.867098468E+01
-1.911750630E+01-1.953847898E+01-1.992634836E+01-2.027411418E+01-2.057565695E+01
-2.082588905E+01-2.102079770E+01-2.115745134E+01-2.123401892E+01-2.124983034E+01
-2.120548510E+01-2.110299224E+01-2.094588718E+01-2.073922711E+01-2.048935989E+01
-2.020343580E+01-1.988877848E+01-1.955231666E+01-1.920021744E+01-1.883773708E+01
-1.846922465E+01 1.912529103E+00 1.991867225E+00 2.020385433E+00 1.996983754E+00
 1.920773903E+00 1.837673872E+00 1.757097756E+00 1.678209621E+00 1.600551778E+00
 1.523685752E+00 1.447209586E+00 1.370770727E+00 1.294071211E+00 1.216867128E+00
 1.138964348E+00 1.060212144E+00 9.804959712E-01 8.997302818E-01 8.178518323E-01
 7.348138323E-01 6.505810035E-01 5.651256288E-01 4.784244664E-01 3.904565189E-01
 3.012014888E-01 2.106388631E-01 1.187474691E-01 2.550540636E-02-6.910975278E-02
-1.651206029E-01-2.625494673E-01-3.614179677E-01-4.617466696E-01-5.635548527E-01
-6.668604663E-01-7.716802748E-01-8.780302465E-01-9.859261610E-01-1.095384467E+00
-1.206423337E+00-1.319063922E+00-1.433331778E+00-1.549258373E+00-1.666882707E+00
-1.786252908E+00-1.907427779E+00-2.030478265E+00-2.155488725E+00-2.282557959E+00
-2.411799970E+00-2.543344341E+00-2.677336227E+00-2.813935897E+00-2.953317806E+00
-3.095669182E+00-3.241188154E+00-3.390081429E+00-3.542561601E+00-3.698844184E+00
-3.859144479E+00-4.023674371E+00-4.192639311E+00-4.366235432E+00-4.544647084E+00
-4.728045141E+00-4.916585427E+00-5.110408361E+00-5.309639034E+00-5.514388120E+00
-5.724753447E+00-5.940822363E+00-6.162674533E+00-6.390385170E+00-6.624028621E+00
-6.863682147E+00-7.109429708E+00-7.361365705E+00-7.619598564E+00-7.884254088E+00
-8.155478447E+00-8.433441136E+00-8.718337300E+00-9.010390018E+00-9.309852193E+00
-9.617008129E+00-9.932175306E+00-1.025570524E+01-1.058798476E+01-1.092943658E+01
-1.128051981E+01-1.164172990E+01-1.201359780E+01-1.239668845E+01-1.279159764E+01
-1.319894690E+01-1.361937568E+01-1.405352862E+01-1.450203707E+01-1.496549026E+01
-1.544439214E+01-1.593909569E+01-1.644970255E+01-1.697590796E+01-1.751676148E+01
-1.807030155E+01-1.863302373E+01-1.919921008E+01-1.976037394E+01-2.030541213E+01
-2.082189219E+01-2.129785917E+01-2.172303997E+01-2.208914900E+01-2.238970198E+01
-2.261972204E+01-2.277551078E+01-2.285454081E+01-2.285549550E+01-2.277848609E+01
-2.262548044E+01-2.240092406E+01-2.211232473E+01-2.177020037E+01-2.138682734E+01
-2.097426222E+01-2.054287904E+01-2.010091827E+01-1.965466894E+01-1.920884138E+01
 1.841650499E+00 1.914623471E+00 1.937886635E+00 1.908829268E+00 1.832875323E+00
 1.743713778E+00 1.655762376E+00 1.569261097E+00 1.483916891E+00 1.399425742E+00
 1.315493797E+00 1.231848237E+00 1.148243968E+00 1.064466764E+00 9.803335636E-01
 8.956907860E-01 8.104113445E-01 7.243910440E-01 6.375447388E-01 5.498026411E-01
 4.611069562E-01 3.714089271E-01 2.806663990E-01 1.888418620E-01 9.590095427E-02
 1.811382374E-03-9.345780658E-02-1.899366678E-01-2.876545866E-01-3.866403513E-01
-4.869221456E-01-5.885275055E-01-6.914832935E-01-7.958157650E-01-9.015506716E-01
-1.008713556E+00-1.117330133E+00-1.227426849E+00-1.339031566E+00-1.452174404E+00
-1.566888681E+00-1.683211959E+00-1.801187179E+00-1.920863780E+00-2.042298851E+00
-2.165558224E+00-2.290717459E+00-2.417862702E+00-2.547091384E+00-2.678512645E+00
-2.812247546E+00-2.948428977E+00-3.087201265E+00-3.228719431E+00-3.373148152E+00
-3.520660413E+00-3.671435895E+00-3.825659096E+00-3.983517344E+00-4.145198708E+00
-4.310889928E+00-4.480774288E+00-4.655030031E+00-4.833828702E+00-5.017334043E+00
-5.205701406E+00-5.399077276E+00-5.597599906E+00-5.801399904E+00-6.010601654E+00
-6.225325205E+00-6.445688360E+00-6.671809514E+00-6.903810214E+00-7.141818587E+00
-7.385972292E+00-7.636421874E+00-7.893334111E+00-8.156895164E+00-8.427313848E+00
-8.704824628E+00-8.989690810E+00-9.282207414E+00-9.582704330E+00-9.891549114E+00
-1.020915026E+01-1.053596042E+01-1.087247961E+01-1.121925887E+01-1.157690412E+01
-1.194608014E+01-1.232751496E+01-1.272200435E+01-1.313041652E+01-1.355369690E+01
-1.399287214E+01-1.444905374E+01-1.492343948E+01-1.541731147E+01-1.593202783E+01
-1.646900313E+01-1.702966725E+01-1.761538454E+01-1.822729121E+01-1.886595909E+01
-1.953065757E+01-2.021765143E+01-2.091657999E+01-2.160664624E+01-2.226184828E+01
-2.286148623E+01-2.339185648E+01-2.384373427E+01-2.421049461E+01-2.448708427E+01
-2.466946697E+01-2.475433960E+01-2.473905148E+01-2.462176295E+01-2.440202943E+01
-2.408232768E+01-2.367153911E+01-2.318948636E+01-2.266323671E+01-2.211524145E+01
-2.155994004E+01-2.100632156E+01-2.046013193E+01-1.992510929E+01 1.765762922E+00
 1.835526280E+00 1.854056541E+00 1.819643871E+00 1.734694737E+00 1.638974155E+00
 1.544785789E+00 1.451886715E+00 1.360063993E+00 1.269095418E+00 1.178758744E+00
 1.088839839E+00 9.991385520E-01 9.094724012E-01 8.196782936E-01 7.296127489E-01
 6.391509624E-01 5.481851770E-01 4.566226314E-01 3.643833620E-01 2.713980312E-01
 1.776059187E-01 8.295312863E-02-1.260893040E-02-1.091247990E-01-2.066359577E-01
-3.051815863E-01-4.047991255E-01-5.055246732E-01-6.073932751E-01-7.104391375E-01
-8.146957735E-01-9.201962034E-01-1.026973125E+00-1.135059164E+00-1.244487196E+00
-1.355290738E+00-1.467504437E+00-1.581164658E+00-1.696310124E+00-1.812982676E+00
-1.931228033E+00-2.051096650E+00-2.172644525E+00-2.295934026E+00-2.421034682E+00
-2.548023849E+00-2.676987324E+00-2.808019785E+00-2.941225081E+00-3.076716348E+00
-3.214615909E+00-3.355054946E+00-3.498172992E+00-3.644117172E+00-3.793041280E+00
-3.945104640E+00-4.100470939E+00-4.259306773E+00-4.421780415E+00-4.588060299E+00
-4.758314066E+00-4.932707116E+00-5.111402009E+00-5.294557682E+00-5.482329328E+00
-5.674868280E+00-5.872322561E+00-6.074837672E+00-6.282557932E+00-6.495627779E+00
-6.714193936E+00-6.938407537E+00-7.168426536E+00-7.404418495E+00-7.646563352E+00
-7.895056527E+00-8.150112036E+00-8.411965526E+00-8.680877899E+00-8.957138503E+00
-9.241068795E+00-9.533025931E+00-9.833406856E+00-1.014265233E+01-1.046125153E+01
-1.078974715E+01-1.112874081E+01-1.147889954E+01-1.184096263E+01-1.221575004E+01
-1.260417192E+01-1.300723931E+01-1.342607754E+01-1.386194128E+01-1.431623302E+01
-1.479052514E+01-1.528658687E+01-1.580641771E+01-1.635228951E+01-1.692680128E+01
-1.753295271E+01-1.817424769E+01-1.885485076E+01-1.957984706E+01-2.035573849E+01
-2.119163746E+01-2.210391622E+01-2.305405989E+01-2.391937376E+01-2.469203225E+01
-2.535679703E+01-2.590845815E+01-2.635350112E+01-2.669162595E+01-2.691690226E+01
-2.701542739E+01-2.698236470E+01-2.682276437E+01-2.653284843E+01-2.610043764E+01
-2.549896920E+01-2.474142567E+01-2.399451241E+01-2.326470105E+01-2.255648480E+01
-2.187251711E+01-2.121423783E+01-2.058225340E+01 1.678761711E+00 1.745263463E+00
 1.759315850E+00 1.719969376E+00 1.625427048E+00 1.524027679E+00 1.424438475E+00
 1.326036509E+00 1.228649615E+00 1.132100984E+00 1.036211569E+00 9.408063302E-01
 8.457188110E-01 7.507940265E-01 6.558900486E-01 5.608784715E-01 4.656441193E-01
 3.700842016E-01 2.741071706E-01 1.776313820E-01 8.058373549E-02-1.710165455E-02
-1.154846805E-01-2.146203348E-01-3.145596490E-01-4.153504852E-01-5.170381895E-01
-6.196661089E-01-7.232760106E-01-8.279084363E-01-9.336029784E-01-1.040398536E+00
-1.148333550E+00-1.257446294E+00-1.367775126E+00-1.479358831E+00-1.592237002E+00
-1.706450455E+00-1.822041719E+00-1.939055587E+00-2.057539664E+00-2.177544988E+00
-2.299126663E+00-2.422344458E+00-2.547263437E+00-2.673954494E+00-2.802494883E+00
-2.932968612E+00-3.065466787E+00-3.200087792E+00-3.336937387E+00-3.476128615E+00
-3.617781605E+00-3.762023199E+00-3.908986456E+00-4.058810045E+00-4.211637497E+00
-4.367616375E+00-4.526897499E+00-4.689634092E+00-4.855980836E+00-5.026093317E+00
-5.200127243E+00-5.378238161E+00-5.560581146E+00-5.747310801E+00-5.938581532E+00
-6.134548138E+00-6.335366639E+00-6.541195382E+00-6.752196573E+00-6.968537895E+00
-7.190394478E+00-7.417951300E+00-7.651405359E+00-7.890968543E+00-8.136870313E+00
-8.389360854E+00-8.648714266E+00-8.915231955E+00-9.189246251E+00-9.471124395E+00
-9.761272712E+00-1.006014126E+01-1.036822891E+01-1.068608906E+01-1.101433599E+01
-1.135365217E+01-1.170479679E+01-1.206861550E+01-1.244605193E+01-1.283816126E+01
-1.324612680E+01-1.367127942E+01-1.411512194E+01-1.457935867E+01-1.506593283E+01
-1.557707374E+01-1.611535812E+01-1.668379102E+01-1.728591596E+01-1.792596912E+01
-1.860910517E+01-1.934174263E+01-2.013212183E+01-2.099124588E+01-2.193443811E+01
-2.298317777E+01-2.417179760E+01-2.526072569E+01-2.619022618E+01-2.699108387E+01
-2.766695647E+01-2.821820000E+01-2.861662018E+01-2.886250678E+01-2.897736646E+01
-2.895729047E+01-2.879471029E+01-2.845031106E+01-2.791332221E+01-2.718649175E+01
-2.623832254E+01-2.524736144E+01-2.432165605E+01-2.345244063E+01-2.263403909E+01
-2.186238997E+01-2.113416317E+01 1.569826823E+00 1.629856970E+00 1.639291011E+00
 1.595621091E+00 1.504200741E+00 1.399120094E+00 1.294821179E+00 1.191646757E+00
 1.089448124E+00 9.880654954E-01 8.873411572E-01 7.871241037E-01 6.872725174E-01
 5.876548364E-01 4.881499554E-01 3.886468757E-01 2.890441199E-01 1.892489532E-01
 8.917654416E-02-1.125090417E-02-1.121050109E-01-2.134520400E-01-3.153536659E-01
-4.178676699E-01-5.210485574E-01-6.249481104E-01-7.296158457E-01-8.350994286E-01
-9.414450191E-01-1.048697560E+00-1.156901088E+00-1.266098946E+00-1.376334071E+00
-1.487649255E+00-1.600087407E+00-1.713691882E+00-1.828506808E+00-1.944577466E+00
-2.061950690E+00-2.180675303E+00-2.300802592E+00-2.422386761E+00-2.545485429E+00
-2.670160104E+00-2.796476644E+00-2.924505667E+00-3.054322954E+00-3.186009737E+00
-3.319652976E+00-3.455345491E+00-3.593186050E+00-3.733279351E+00-3.875735869E+00
-4.020671677E+00-4.168208090E+00-4.318471362E+00-4.471592063E+00-4.627704898E+00
-4.786947923E+00-4.949462108E+00-5.115391023E+00-5.284880406E+00-5.458077807E+00
-5.635132511E+00-5.816195573E+00-6.001420099E+00-6.190961558E+00-6.384978336E+00
-6.583632953E+00-6.787092739E+00-6.995531523E+00-7.209131053E+00-7.428082810E+00
-7.652590172E+00-7.882870545E+00-8.119157959E+00-8.361705594E+00-8.610789009E+00
-8.866709016E+00-9.129795308E+00-9.400410121E+00-9.678952412E+00-9.965862153E+00
-1.026162573E+01-1.056678109E+01-1.088192451E+01-1.120771750E+01-1.154489532E+01
-1.189427671E+01-1.225677508E+01-1.263341209E+01-1.302533352E+01-1.343382867E+01
-1.386035353E+01-1.430655940E+01-1.477432804E+01-1.526581560E+01-1.578350805E+01
-1.633029127E+01-1.690954186E+01-1.752524460E+01-1.818214660E+01-1.888595920E+01
-1.964361919E+01-2.046361100E+01-2.135631292E+01-2.233423099E+01-2.341181889E+01
-2.460445570E+01-2.586015861E+01-2.695061003E+01-2.788304355E+01-2.866102412E+01
-2.927943840E+01-2.973275461E+01-3.003293614E+01-3.018345220E+01-3.017889497E+01
-3.000442911E+01-2.964451998E+01-2.910008460E+01-2.836188163E+01-2.741181161E+01
-2.625830007E+01-2.516570742E+01-2.415437085E+01-2.321590645E+01-2.234317820E+01
-2.152993166E+01 1.458361839E+00 1.514817925E+00 1.519943378E+00 1.471923595E+00
 1.373873905E+00 1.264252300E+00 1.155877642E+00 1.048621366E+00 9.423040876E-01
 8.367579861E-01 7.318321898E-01 6.273927690E-01 5.233203914E-01 4.195075759E-01
 3.158562435E-01 2.122758594E-01 1.086821058E-01 4.995930928E-03-9.885713971E-02
-2.029475287E-01-3.073420450E-01-4.121042612E-01-5.172948597E-01-6.229719597E-01
-7.291913979E-01-8.360070330E-01-9.434709783E-01-1.051633862E+00-1.160545039E+00
-1.270252814E+00-1.380804657E+00-1.492247408E+00-1.604627501E+00-1.717991200E+00
-1.832384854E+00-1.947855147E+00-2.064449416E+00-2.182215959E+00-2.301204373E+00
-2.421465915E+00-2.543053878E+00-2.666023970E+00-2.790434703E+00-2.916347763E+00
-3.043828380E+00-3.172945649E+00-3.303772840E+00-3.436387669E+00-3.570872467E+00
-3.707314362E+00-3.845805352E+00-3.986442343E+00-4.129327008E+00-4.274565894E+00
-4.422270030E+00-4.572554814E+00-4.725539903E+00-4.881348734E+00-5.040108409E+00
-5.201949457E+00-5.367005601E+00-5.535413593E+00-5.707313382E+00-5.882847945E+00
-6.062163612E+00-6.245410376E+00-6.432742524E+00-6.624319111E+00-6.820305101E+00
-7.020872196E+00-7.226200293E+00-7.436478942E+00-7.651908920E+00-7.872704206E+00
-8.099094142E+00-8.331325603E+00-8.569665678E+00-8.814404461E+00-9.065857897E+00
-9.324371476E+00-9.590323588E+00-9.864129699E+00-1.014624696E+01-1.043717912E+01
-1.073748223E+01-1.104777112E+01-1.136872683E+01-1.170110504E+01-1.204574599E+01
-1.240358603E+01-1.277567121E+01-1.316317351E+01-1.356741007E+01-1.398986622E+01
-1.443222373E+01-1.489639459E+01-1.538456276E+01-1.589923483E+01-1.644330278E+01
-1.702012054E+01-1.763359727E+01-1.828830938E+01-1.898963022E+01-1.974387146E+01
-2.055841864E+01-2.144182515E+01-2.240380954E+01-2.345509755E+01-2.460708950E+01
-2.587363220E+01-2.709501098E+01-2.813075233E+01-2.896828829E+01-2.963861593E+01
-3.015087007E+01-3.050779179E+01-3.069567691E+01-3.069561564E+01-3.053063049E+01
-3.020003435E+01-2.969634418E+01-2.899438972E+01-2.806609222E+01-2.692551434E+01
-2.570440072E+01-2.458146105E+01-2.354913242E+01-2.259846337E+01-2.172096934E+01
 1.338931176E+00 1.392119121E+00 1.393039983E+00 1.340803991E+00 1.232680904E+00
 1.119108712E+00 1.007463840E+00 8.969094118E-01 7.871909839E-01 6.781210199E-01
 5.695611064E-01 4.614060554E-01 3.535707811E-01 2.459814386E-01 1.385700716E-01
 3.127166701E-02-7.597730381E-02-1.832395043E-01-2.905769021E-01-3.980507323E-01
-5.057213738E-01-6.136482364E-01-7.218896387E-01-8.305027647E-01-9.395436166E-01
-1.049067038E+00-1.159126734E+00-1.269775358E+00-1.381064586E+00-1.493045218E+00
-1.605767325E+00-1.719280374E+00-1.833633407E+00-1.948875220E+00-2.065054577E+00
-2.182220427E+00-2.300422157E+00-2.419709856E+00-2.540134612E+00-2.661748792E+00
-2.784606360E+00-2.908763192E+00-3.034277390E+00-3.161209594E+00-3.289623264E+00
-3.419584976E+00-3.551164673E+00-3.684435869E+00-3.819475857E+00-3.956365844E+00
-4.095191089E+00-4.236040902E+00-4.379008699E+00-4.524192072E+00-4.671692632E+00
-4.821615889E+00-4.974071334E+00-5.129172319E+00-5.287035819E+00-5.447782554E+00
-5.611536908E+00-5.778427006E+00-5.948584758E+00-6.122146208E+00-6.299251737E+00
-6.480046530E+00-6.664681210E+00-6.853312508E+00-7.046104049E+00-7.243227533E+00
-7.444863923E+00-7.651204659E+00-7.862453396E+00-8.078827576E+00-8.300560524E+00
-8.527903449E+00-8.761127810E+00-9.000527959E+00-9.246423898E+00-9.499164427E+00
-9.759130498E+00-1.002673923E+01-1.030244781E+01-1.058675854E+01-1.088022396E+01
-1.118345290E+01-1.149711739E+01-1.182196050E+01-1.215880533E+01-1.250856553E+01
-1.287225746E+01-1.325101455E+01-1.364610395E+01-1.405894649E+01-1.449113979E+01
-1.494448630E+01-1.542102584E+01-1.592307459E+01-1.645327058E+01-1.701462703E+01
-1.761059313E+01-1.824512200E+01-1.892274381E+01-1.964863897E+01-2.042870498E+01
-2.126960875E+01-2.217881785E+01-2.316461296E+01-2.423609496E+01-2.540318883E+01
-2.665791696E+01-2.774417268E+01-2.863647932E+01-2.935313855E+01-2.990134601E+01
-3.028086264E+01-3.048146409E+01-3.051380545E+01-3.038726181E+01-3.009894382E+01
-2.963789807E+01-2.898353634E+01-2.813763198E+01-2.710024150E+01-2.586756728E+01
-2.466772876E+01-2.357521853E+01-2.257843414E+01-2.166604131E+01 1.193796906E+00
 1.238991919E+00 1.234994273E+00 1.179650285E+00 1.077791923E+00 9.632478470E-01
 8.496211897E-01 7.367771427E-01 6.244132699E-01 5.123885613E-01 4.006433665E-01
 2.891498485E-01 1.778879856E-01 6.683540751E-02-4.403620447E-02-1.547617407E-01
-2.653820510E-01-3.759429064E-01-4.864938840E-01-5.970873489E-01-7.077775625E-01
-8.186199517E-01-9.296705539E-01-1.040985529E+00-1.152620851E+00-1.264632058E+00
-1.377074075E+00-1.490001136E+00-1.603466725E+00-1.717523583E+00-1.832223751E+00
-1.947618653E+00-2.063759193E+00-2.180695901E+00-2.298479090E+00-2.417159036E+00
-2.536786199E+00-2.657411418E+00-2.779086190E+00-2.901862887E+00-3.025795029E+00
-3.150937551E+00-3.277347077E+00-3.405082166E+00-3.534203576E+00-3.664774503E+00
-3.796860810E+00-3.930531235E+00-4.065857541E+00-4.202914746E+00-4.341781124E+00
-4.482538467E+00-4.625272036E+00-4.770070676E+00-4.917026856E+00-5.066236633E+00
-5.217799764E+00-5.371819713E+00-5.528403684E+00-5.687662665E+00-5.849711545E+00
-6.014669387E+00-6.182659551E+00-6.353809927E+00-6.528253487E+00-6.706128679E+00
-6.887580060E+00-7.072758922E+00-7.261824242E+00-7.454943505E+00-7.652294008E+00
-7.854063962E+00-8.060453828E+00-8.271678137E+00-8.487966940E+00-8.709567822E+00
-8.936748027E+00-9.169796628E+00-9.409027243E+00-9.654780557E+00-9.907427394E+00
-1.016737223E+01-1.043505676E+01-1.071096392E+01-1.099562262E+01-1.128961292E+01
-1.159357153E+01-1.190819866E+01-1.223426520E+01-1.257262118E+01-1.292420545E+01
-1.329005654E+01-1.367132517E+01-1.406928870E+01-1.448536741E+01-1.492114317E+01
-1.537838039E+01-1.585904967E+01-1.636535406E+01-1.689975710E+01-1.746501324E+01
-1.806419873E+01-1.870074267E+01-1.937845786E+01-2.010157297E+01-2.087477280E+01
-2.170326448E+01-2.259290363E+01-2.355044442E+01-2.458400305E+01-2.570422843E+01
-2.681265807E+01-2.772946200E+01-2.846039336E+01-2.899641882E+01-2.936250756E+01
-2.957695000E+01-2.964476197E+01-2.956123676E+01-2.930353654E+01-2.888562506E+01
-2.831494786E+01-2.758693090E+01-2.668696254E+01-2.558163212E+01-2.435191516E+01
-2.324290292E+01-2.224295072E+01-2.133509762E+01 1.042643164E+00 1.079416211E+00
 1.069801658E+00 1.012708089E+00 9.104890587E-01 7.971273257E-01 6.835877565E-01
 5.694838170E-01 4.549532588E-01 3.402146487E-01 2.254420776E-01 1.107538052E-01
-3.777935036E-03-1.181158361E-01-2.322486020E-01-3.461842603E-01-4.599451993E-01
-5.735644613E-01-6.870829244E-01-8.005471742E-01-9.140078386E-01-1.027518312E+00
-1.141133783E+00-1.254910449E+00-1.368904965E+00-1.483173988E+00-1.597773873E+00
-1.712760437E+00-1.828188841E+00-1.944113489E+00-2.060588013E+00-2.177665289E+00
-2.295397519E+00-2.413836299E+00-2.533032765E+00-2.653037735E+00-2.773901875E+00
-2.895675897E+00-3.018410772E+00-3.142157919E+00-3.266969464E+00-3.392898453E+00
-3.519999089E+00-3.648326971E+00-3.777939307E+00-3.908895144E+00-4.041255564E+00
-4.175083963E+00-4.310446017E+00-4.447410161E+00-4.586047432E+00-4.726431783E+00
-4.868640239E+00-5.012752781E+00-5.158852737E+00-5.307026669E+00-5.457364524E+00
-5.609959875E+00-5.764909803E+00-5.922315288E+00-6.082281328E+00-6.244917098E+00
-6.410336345E+00-6.578657620E+00-6.750004873E+00-6.924507729E+00-7.102302310E+00
-7.283531676E+00-7.468346805E+00-7.656907303E+00-7.849382586E+00-8.045952748E+00
-8.246810058E+00-8.452160100E+00-8.662223314E+00-8.877236764E+00-9.097455718E+00
-9.323155694E+00-9.554634552E+00-9.792214773E+00-1.003624603E+01-1.028710776E+01
-1.054521238E+01-1.081100831E+01-1.108498376E+01-1.136767057E+01-1.165964847E+01
-1.196155009E+01-1.227406598E+01-1.259795043E+01-1.293402799E+01-1.328320020E+01
-1.364645319E+01-1.402486584E+01-1.441961815E+01-1.483200027E+01-1.526342119E+01
-1.571541749E+01-1.618966028E+01-1.668796111E+01-1.721227393E+01-1.776469337E+01
-1.834744666E+01-1.896287960E+01-1.961343663E+01-2.030163950E+01-2.103007728E+01
-2.180143705E+01-2.261864893E+01-2.348534386E+01-2.440723509E+01-2.539194023E+01
-2.625490985E+01-2.691811757E+01-2.740595452E+01-2.774881190E+01-2.795671308E+01
-2.803125271E+01-2.795917278E+01-2.774134807E+01-2.739434735E+01-2.691922497E+01
-2.631095871E+01-2.555007874E+01-2.463192279E+01-2.356368712E+01-2.250534760E+01
-2.156744094E+01-2.071787332E+01 8.783007222E-01 8.989041077E-01 8.819522814E-01
 8.249486250E-01 7.350324782E-01 6.278673090E-01 5.142177962E-01 3.979248990E-01
 2.804394383E-01 1.624498156E-01 4.432799432E-02-7.371356402E-02-1.915535366E-01
-3.091273265E-01-4.264078334E-01-5.433937944E-01-6.601022430E-01-7.765633749E-01
-8.928169083E-01-1.008909401E+00-1.124892270E+00-1.240820240E+00-1.356750203E+00
-1.472740305E+00-1.588849263E+00-1.705135825E+00-1.821658404E+00-1.938474771E+00
-2.055641890E+00-2.173215766E+00-2.291251421E+00-2.409802859E+00-2.528923111E+00
-2.648664315E+00-2.769077795E+00-2.890214220E+00-3.012123724E+00-3.134856101E+00
-3.258460958E+00-3.382987942E+00-3.508486920E+00-3.635008190E+00-3.762602711E+00
-3.891322292E+00-4.021219838E+00-4.152349470E+00-4.284766904E+00-4.418529389E+00
-4.553696179E+00-4.690328424E+00-4.828489635E+00-4.968245529E+00-5.109664424E+00
-5.252817319E+00-5.397777969E+00-5.544623122E+00-5.693432642E+00-5.844289700E+00
-5.997280896E+00-6.152496532E+00-6.310030891E+00-6.469982353E+00-6.632453947E+00
-6.797553469E+00-6.965394113E+00-7.136094825E+00-7.309780935E+00-7.486584705E+00
-7.666646120E+00-7.850113638E+00-8.037144894E+00-8.227908005E+00-8.422582238E+00
-8.621359308E+00-8.824444762E+00-9.032058959E+00-9.244438847E+00-9.461839299E+00
-9.684534809E+00-9.912821384E+00-1.014701832E+01-1.038747023E+01-1.063454929E+01
-1.088865756E+01-1.115022938E+01-1.141973397E+01-1.169767830E+01-1.198460971E+01
-1.228111922E+01-1.258784429E+01-1.290547191E+01-1.323474149E+01-1.357644747E+01
-1.393144150E+01-1.430063360E+01-1.468499231E+01-1.508554277E+01-1.550336225E+01
-1.593957203E+01-1.639532367E+01-1.687177873E+01-1.737007861E+01-1.789130174E+01
-1.843640392E+01-1.900613502E+01-1.960092340E+01-2.022071007E+01-2.086469980E+01
-2.153095230E+01-2.221560766E+01-2.291104166E+01-2.359927073E+01-2.422842917E+01
-2.474781694E+01-2.514878210E+01-2.543189916E+01-2.559876408E+01-2.565091781E+01
-2.558967523E+01-2.541622197E+01-2.513186585E+01-2.473835372E+01-2.423825967E+01
-2.363569023E+01-2.293801362E+01-2.216158404E+01-2.135509647E+01-2.057940314E+01
-1.984711582E+01 7.693094818E-01 7.966902741E-01 7.758887775E-01 7.052656297E-01
 5.902075474E-01 4.681342880E-01 3.461565024E-01 2.238862863E-01 1.014820636E-01
-2.083645714E-02-1.429002158E-01-2.645977051E-01-3.858637667E-01-5.066681292E-01
-6.270064478E-01-7.468936651E-01-8.663590939E-01-9.854427010E-01-1.104192305E+00
-1.222661395E+00-1.340907418E+00-1.458990442E+00-1.576972096E+00-1.694914753E+00
-1.812880888E+00-1.930932558E+00-2.049131066E+00-2.167536664E+00-2.286208372E+00
-2.405203874E+00-2.524579449E+00-2.644389964E+00-2.764688919E+00-2.885528494E+00
-3.006959660E+00-3.129032297E+00-3.251795331E+00-3.375296899E+00-3.499584512E+00
-3.624705238E+00-3.750705907E+00-3.877633280E+00-4.005534260E+00-4.134456156E+00
-4.264446756E+00-4.395554599E+00-4.527829251E+00-4.661321339E+00-4.796082830E+00
-4.932167347E+00-5.069629969E+00-5.208527906E+00-5.348920294E+00-5.490868479E+00
-5.634436287E+00-5.779690145E+00-5.926699239E+00-6.075535747E+00-6.226275120E+00
-6.378996234E+00-6.533781670E+00-6.690718067E+00-6.849896399E+00-7.011412325E+00
-7.175366669E+00-7.341865848E+00-7.511022387E+00-7.682955349E+00-7.857791128E+00
-8.035663996E+00-8.216716972E+00-8.401102373E+00-8.588982840E+00-8.780532202E+00
-8.975936423E+00-9.175394588E+00-9.379120121E+00-9.587341737E+00-9.800304733E+00
-1.001827226E+01-1.024152649E+01-1.047037009E+01-1.070512740E+01-1.094614587E+01
-1.119379744E+01-1.144847968E+01-1.171061712E+01-1.198066238E+01-1.225909667E+01
-1.254643074E+01-1.284320459E+01-1.314998687E+01-1.346737352E+01-1.379598474E+01
-1.413646075E+01-1.448945477E+01-1.485562349E+01-1.523561318E+01-1.563004079E+01
-1.603946781E+01-1.646436521E+01-1.690506618E+01-1.736170237E+01-1.783411850E+01
-1.832175538E+01-1.882348851E+01-1.933739903E+01-1.986043839E+01-2.038792151E+01
-2.091275200E+01-2.142431874E+01-2.190748018E+01-2.234350967E+01-2.271465526E+01
-2.300840183E+01-2.321757091E+01-2.333852026E+01-2.336971818E+01-2.331098923E+01
-2.316320818E+01-2.292827697E+01-2.260932270E+01-2.221112970E+01-2.174088010E+01
-2.120927408E+01-2.063171644E+01-2.002782113E+01-1.941700350E+01-1.881341905E+01
 6.361525083E-01 6.639493012E-01 6.394717705E-01 5.607551519E-01 4.364566087E-01
 3.039532053E-01 1.733092941E-01 4.412136471E-02-8.395980947E-02-2.111024410E-01
-3.373859725E-01-4.628546229E-01-5.875431042E-01-7.114877005E-01-8.347303761E-01
-9.573196549E-01-1.079310141E+00-1.200761511E+00-1.321737329E+00-1.442303934E+00
-1.562529433E+00-1.682482806E+00-1.802233205E+00-1.921849332E+00-2.041398977E+00
-2.160948653E+00-2.280563318E+00-2.400306177E+00-2.520238549E+00-2.640419815E+00
-2.760907389E+00-2.881756736E+00-3.003021417E+00-3.124753199E+00-3.247002136E+00
-3.369816711E+00-3.493243980E+00-3.617329724E+00-3.742118618E+00-3.867654423E+00
-3.993980162E+00-4.121138273E+00-4.249170929E+00-4.378120011E+00-4.508027636E+00
-4.638935922E+00-4.770887658E+00-4.903926103E+00-5.038095424E+00-5.173440772E+00
-5.310008559E+00-5.447846617E+00-5.587004313E+00-5.727532826E+00-5.869485463E+00
-6.012917580E+00-6.157887094E+00-6.304454443E+00-6.452683101E+00-6.602639571E+00
-6.754393868E+00-6.908019706E+00-7.063594821E+00-7.221201438E+00-7.380926512E+00
-7.542862159E+00-7.707106245E+00-7.873762627E+00-8.042941978E+00-8.214761943E+00
-8.389348167E+00-8.566834528E+00-8.747363967E+00-8.931089235E+00-9.118173365E+00
-9.308790620E+00-9.503127043E+00-9.701381404E+00-9.903765631E+00-1.011050587E+01
-1.032184290E+01-1.053803297E+01-1.075934825E+01-1.098607722E+01-1.121852522E+01
-1.145701438E+01-1.170188349E+01-1.195348759E+01-1.221219690E+01-1.247839550E+01
-1.275247874E+01-1.303485009E+01-1.332591664E+01-1.362608272E+01-1.393574161E+01
-1.425526473E+01-1.458498708E+01-1.492518860E+01-1.527606999E+01-1.563772175E+01
-1.601008415E+01-1.639289632E+01-1.678563087E+01-1.718741070E+01-1.759690205E+01
-1.801217871E+01-1.843054967E+01-1.884834693E+01-1.926067992E+01-1.966119570E+01
-2.004195466E+01-2.039362439E+01-2.070619063E+01-2.097009260E+01-2.117728065E+01
-2.132173483E+01-2.139944822E+01-2.140816462E+01-2.134711057E+01-2.121682624E+01
-2.101911725E+01-2.075711936E+01-2.043545328E+01-2.006042080E+01-1.964012850E+01
-1.918432718E+01-1.870373154E+01-1.820884966E+01-1.770881416E+01 4.920608915E-01
 5.184113942E-01 4.905264416E-01 4.059998286E-01 2.656862075E-01 1.260355489E-01
-1.091061845E-02-1.458128777E-01-2.789650788E-01-4.105857482E-01-5.408376950E-01
-6.698470770E-01-7.977184480E-01-9.245447704E-01-1.050413396E+00-1.175409254E+00
-1.299616403E+00-1.423118538E+00-1.545998997E+00-1.668340506E+00-1.790224779E+00
-1.911732140E+00-2.032941169E+00-2.153928374E+00-2.274767953E+00-2.395531625E+00
-2.516288478E+00-2.637104898E+00-2.758044559E+00-2.879168416E+00-3.000534751E+00
-3.122199251E+00-3.244215098E+00-3.366633096E+00-3.489501791E+00-3.612867632E+00
-3.736775110E+00-3.861266950E+00-3.986384268E+00-4.112166755E+00-4.238652834E+00
-4.365880012E+00-4.493884734E+00-4.622703010E+00-4.752370221E+00-4.882921590E+00
-5.014392222E+00-5.146817418E+00-5.280232716E+00-5.414674325E+00-5.550179122E+00
-5.686784890E+00-5.824530636E+00-5.963456743E+00-6.103605053E+00-6.245019300E+00
-6.387745264E+00-6.531830975E+00-6.677326902E+00-6.824286432E+00-6.972765904E+00
-7.122825049E+00-7.274527299E+00-7.427939988E+00-7.583134861E+00-7.740188431E+00
-7.899182138E+00-8.060203052E+00-8.223344118E+00-8.388704660E+00-8.556390780E+00
-8.726515830E+00-8.899200845E+00-9.074575132E+00-9.252776550E+00-9.433952018E+00
-9.618257951E+00-9.805860654E+00-9.996936476E+00-1.019167229E+01-1.039026552E+01
-1.059292417E+01-1.079986680E+01-1.101132219E+01-1.122752876E+01-1.144873384E+01
-1.167519237E+01-1.190716530E+01-1.214491726E+01-1.238871365E+01-1.263881664E+01
-1.289548027E+01-1.315894408E+01-1.342942490E+01-1.370710675E+01-1.399212809E+01
-1.428456593E+01-1.458441599E+01-1.489156854E+01-1.520577835E+01-1.552662832E+01
-1.585348465E+01-1.618544378E+01-1.652126820E+01-1.685931207E+01-1.719743599E+01
-1.753291551E+01-1.786235120E+01-1.818159856E+01-1.848574845E+01-1.876920020E+01
-1.902586785E+01-1.924952659E+01-1.943424519E+01-1.957479864E+01-1.966696433E+01
-1.970767007E+01-1.969502615E+01-1.962829825E+01-1.950786973E+01-1.933521816E+01
-1.911291117E+01-1.884460712E+01-1.853502935E+01-1.818986625E+01-1.781555052E+01
-1.741889893E+01-1.700666015E+01-1.658507891E+01 3.127986658E-01 3.352097006E-01
 3.030271963E-01 2.144541887E-01 7.667197394E-02-6.749517702E-02-2.091930598E-01
-3.485948619E-01-4.858975255E-01-6.212864610E-01-7.549305192E-01-8.869826125E-01
-1.017582569E+00-1.146860196E+00-1.274937818E+00-1.401932025E+00-1.527954725E+00
-1.653113751E+00-1.777513129E+00-1.901253129E+00-2.024430276E+00-2.147137283E+00
-2.269462981E+00-2.391492303E+00-2.513306244E+00-2.634981907E+00-2.756592517E+00
-2.878207512E+00-2.999892626E+00-3.121710011E+00-3.243718352E+00-3.365973018E+00
-3.488526211E+00-3.611427126E+00-3.734722123E+00-3.858454898E+00-3.982666676E+00
-4.107396298E+00-4.232680661E+00-4.358554594E+00-4.485051192E+00-4.612202053E+00
-4.740037476E+00-4.868586498E+00-4.997877289E+00-5.127937232E+00-5.258793117E+00
-5.390471462E+00-5.522998584E+00-5.656400880E+00-5.790704946E+00-5.925937967E+00
-6.062127759E+00-6.199302965E+00-6.337493488E+00-6.476730573E+00-6.617047039E+00
-6.758477518E+00-6.901058849E+00-7.044830114E+00-7.189833118E+00-7.336112616E+00
-7.483716481E+00-7.632696205E+00-7.783107028E+00-7.935008480E+00-8.088464429E+00
-8.243543665E+00-8.400320023E+00-8.558872970E+00-8.719287649E+00-8.881655308E+00
-9.046073735E+00-9.212647221E+00-9.381487069E+00-9.552711673E+00-9.726446519E+00
-9.902824502E+00-1.008198572E+01-1.026407730E+01-1.044925325E+01-1.063767388E+01
-1.082950534E+01-1.102491847E+01-1.122408795E+01-1.142719051E+01-1.163440311E+01
-1.184590041E+01-1.206185172E+01-1.228241719E+01-1.250774303E+01-1.273795568E+01
-1.297315477E+01-1.321340444E+01-1.345872299E+01-1.370907017E+01-1.396433213E+01
-1.422430352E+01-1.448866611E+01-1.475696390E+01-1.502857386E+01-1.530267278E+01
-1.557819969E+01-1.585381454E+01-1.612785500E+01-1.639829362E+01-1.666270069E+01
-1.691821993E+01-1.716156812E+01-1.738907108E+01-1.759674781E+01-1.778044908E+01
-1.793604291E+01-1.805962590E+01-1.814772886E+01-1.819748830E+01-1.820676820E+01
-1.817423165E+01-1.809937388E+01-1.798252966E+01-1.782486465E+01-1.762835299E+01
-1.739573700E+01-1.713045774E+01-1.683654578E+01-1.651846329E+01-1.618090396E+01
-1.582857016E+01-1.546596085E+01 1.204003082E-01 1.382863534E-01 1.020430778E-01
 9.635574658E-03-1.294331971E-01-2.772966144E-01-4.227923796E-01-5.657647078E-01
-7.063590881E-01-8.447373961E-01-9.810662119E-01-1.115511465E+00-1.248235358E+00
-1.379394728E+00-1.509140241E+00-1.637616008E+00-1.764959469E+00-1.891301366E+00
-2.016765803E+00-2.141470352E+00-2.265526172E+00-2.389038212E+00-2.512105344E+00
-2.634820614E+00-2.757271424E+00-2.879539777E+00-3.001702484E+00-3.123831407E+00
-3.245993681E+00-3.368251932E+00-3.490664513E+00-3.613285709E+00-3.736165959E+00
-3.859352061E+00-3.982887390E+00-4.106812086E+00-4.231163318E+00-4.355975324E+00
-4.481279819E+00-4.607106040E+00-4.733480973E+00-4.860429677E+00-4.987975241E+00
-5.116139214E+00-5.244941573E+00-5.374401229E+00-5.504535911E+00-5.635362523E+00
-5.766897415E+00-5.899156386E+00-6.032155156E+00-6.165909327E+00-6.300434777E+00
-6.435747818E+00-6.571865430E+00-6.708805541E+00-6.846587218E+00-6.985230872E+00
-7.124758684E+00-7.265194648E+00-7.406565043E+00-7.548898592E+00-7.692226695E+00
-7.836583906E+00-7.982007930E+00-8.128540175E+00-8.276225950E+00-8.425114544E+00
-8.575259776E+00-8.726720115E+00-8.879558717E+00-9.033843980E+00-9.189649344E+00
-9.347053647E+00-9.506140926E+00-9.667000698E+00-9.829727520E+00-9.994421112E+00
-1.016118576E+01-1.033013002E+01-1.050136609E+01-1.067500894E+01-1.085117527E+01
-1.102998233E+01-1.121154616E+01-1.139597970E+01-1.158339041E+01-1.177387741E+01
-1.196752778E+01-1.216441270E+01-1.236458218E+01-1.256805938E+01-1.277483355E+01
-1.298485177E+01-1.319800955E+01-1.341413942E+01-1.363299815E+01-1.385425201E+01
-1.407745979E+01-1.430205410E+01-1.452732081E+01-1.475237641E+01-1.497614507E+01
-1.519733553E+01-1.541441985E+01-1.562561697E+01-1.582888374E+01-1.602191857E+01
-1.620218210E+01-1.636693937E+01-1.651332658E+01-1.663844188E+01-1.673945502E+01
-1.681372685E+01-1.685892686E+01-1.687313761E+01-1.685493863E+01-1.680346607E+01
-1.671844894E+01-1.660022424E+01-1.644973320E+01-1.626849990E+01-1.605859042E+01
-1.582255185E+01-1.556332850E+01-1.528415704E+01-1.498844575E+01-1.467964698E+01
-1.436113568E+01-7.891398861E-02-6.416547592E-02-1.042805458E-01-2.010243002E-01
-3.523402055E-01-5.041494316E-01-6.527496233E-01-7.985198715E-01-9.416066544E-01
-1.082176954E+00-1.220412069E+00-1.356499983E+00-1.490629522E+00-1.622986171E+00
-1.753749217E+00-1.883089938E+00-2.011170613E+00-2.138144029E+00-2.264153389E+00
-2.389332493E+00-2.513806028E+00-2.637689981E+00-2.761092089E+00-2.884112289E+00
-3.006843196E+00-3.129370512E+00-3.251773468E+00-3.374125209E+00-3.496493159E+00
-3.618939348E+00-3.741520751E+00-3.864289564E+00-3.987293484E+00-4.110575973E+00
-4.234176492E+00-4.358130776E+00-4.482470897E+00-4.607225814E+00-4.732421174E+00
-4.858079790E+00-4.984221755E+00-5.110864682E+00-5.238023778E+00-5.365712242E+00
-5.493941185E+00-5.622720141E+00-5.752057029E+00-5.881958508E+00-6.012429975E+00
-6.143476001E+00-6.275100526E+00-6.407306899E+00-6.540098193E+00-6.673477559E+00
-6.807448229E+00-6.942013985E+00-7.077179278E+00-7.212949389E+00-7.349330976E+00
-7.486332037E+00-7.623962343E+00-7.762233714E+00-7.901160136E+00-8.040758158E+00
-8.181047202E+00-8.322049648E+00-8.463791184E+00-8.606300965E+00-8.749611929E+00
-8.893760797E+00-9.038788386E+00-9.184739571E+00-9.331663326E+00-9.479612800E+00
-9.628645083E+00-9.778821165E+00-9.930205503E+00-1.008286574E+01-1.023687214E+01
-1.039229683E+01-1.054921305E+01-1.070769394E+01-1.086781143E+01-1.102963459E+01
-1.119322772E+01-1.135864823E+01-1.152594410E+01-1.169515064E+01-1.186628715E+01
-1.203935268E+01-1.221432139E+01-1.239113686E+01-1.256970595E+01-1.274989148E+01
-1.293150420E+01-1.311429354E+01-1.329793744E+01-1.348203117E+01-1.366607498E+01
-1.384946134E+01-1.403146131E+01-1.421121140E+01-1.438770088E+01-1.455976090E+01
-1.472605702E+01-1.488508634E+01-1.503518174E+01-1.517452496E+01-1.530117100E+01
-1.541308473E+01-1.550819043E+01-1.558443277E+01-1.563984667E+01-1.567263084E+01
-1.568122054E+01-1.566435373E+01-1.562112648E+01-1.555103562E+01-1.545400582E+01
-1.533040247E+01-1.518102906E+01-1.500711034E+01-1.481026037E+01-1.459243696E+01
-1.435588230E+01-1.410305297E+01-1.383654178E+01-1.355899751E+01-1.327304722E+01
-3.099854967E-01-3.003888987E-01-3.449016526E-01-4.452294009E-01-5.948192302E-01
-7.492590367E-01-9.002919847E-01-1.048091009E+00-1.192833993E+00-1.334727027E+00
-1.473993071E+00-1.610862085E+00-1.745563303E+00-1.878319705E+00-2.009344326E+00
-2.138838062E+00-2.266988592E+00-2.393970077E+00-2.519943366E+00-2.645056559E+00
-2.769445705E+00-2.893235596E+00-3.016540590E+00-3.139465361E+00-3.262105666E+00
-3.384548994E+00-3.506875200E+00-3.629157035E+00-3.751460662E+00-3.873846085E+00
-3.996367558E+00-4.119073951E+00-4.242009096E+00-4.365211919E+00-4.488717053E+00
-4.612554676E+00-4.736751109E+00-4.861328847E+00-4.986306723E+00-5.111700300E+00
-5.237521872E+00-5.363780893E+00-5.490483825E+00-5.617634726E+00-5.745235132E+00
-5.873284375E+00-6.001779774E+00-6.130716839E+00-6.260089502E+00-6.389890158E+00
-6.520110101E+00-6.650739677E+00-6.781768407E+00-6.913185259E+00-7.044979043E+00
-7.177138413E+00-7.309652296E+00-7.442510096E+00-7.575701961E+00-7.709218988E+00
-7.843053534E+00-7.977199609E+00-8.111652880E+00-8.246411141E+00-8.381474548E+00
-8.516845702E+00-8.652530002E+00-8.788535878E+00-8.924874717E+00-9.061561293E+00
-9.198613613E+00-9.336053069E+00-9.473904404E+00-9.612195396E+00-9.750956893E+00
-9.890222503E+00-1.003002792E+01-1.017041074E+01-1.031140952E+01-1.045306300E+01
-1.059540915E+01-1.073848388E+01-1.088231964E+01-1.102694370E+01-1.117237624E+01
-1.131862800E+01-1.146569777E+01-1.161356939E+01-1.176220835E+01-1.191155791E+01
-1.206153503E+01-1.221202524E+01-1.236287749E+01-1.251389818E+01-1.266484447E+01
-1.281541758E+01-1.296525495E+01-1.311392236E+01-1.326090580E+01-1.340560342E+01
-1.354731749E+01-1.368524767E+01-1.381848535E+01-1.394601043E+01-1.406669115E+01
-1.417928806E+01-1.428246312E+01-1.437479523E+01-1.445480244E+01-1.452097162E+01
-1.457179484E+01-1.460581213E+01-1.462165779E+01-1.461810879E+01-1.459413176E+01
-1.454892639E+01-1.448196218E+01-1.439300705E+01-1.428214627E+01-1.414979089E+01
-1.399667562E+01-1.382384570E+01-1.363263344E+01-1.342462509E+01-1.320161884E+01
-1.296557621E+01-1.271856874E+01-1.246272312E+01-1.220016746E+01-5.602542696E-01
-5.564817075E-01-6.054483207E-01-7.091579457E-01-8.579433651E-01-1.014302414E+00
-1.166983250E+00-1.315896394E+00-1.461298409E+00-1.603477769E+00-1.742734353E+00
-1.879366542E+00-2.013662275E+00-2.145893489E+00-2.276313096E+00-2.405153857E+00
-2.532628462E+00-2.658930349E+00-2.784234963E+00-2.908701150E+00-3.032472610E+00
-3.155679311E+00-3.278438751E+00-3.400857132E+00-3.523030406E+00-3.645045185E+00
-3.766979531E+00-3.888903644E+00-4.010880498E+00-4.132966274E+00-4.255210987E+00
-4.377658685E+00-4.500347979E+00-4.623312279E+00-4.746579954E+00-4.870174917E+00
-4.994116515E+00-5.118419956E+00-5.243096389E+00-5.368153221E+00-5.493594196E+00
-5.619419707E+00-5.745626839E+00-5.872209604E+00-5.999159135E+00-6.126463930E+00
-6.254109882E+00-6.382080641E+00-6.510357651E+00-6.638920581E+00-6.767747209E+00
-6.896813937E+00-7.026095942E+00-7.155567260E+00-7.285201218E+00-7.414970592E+00
-7.544847879E+00-7.674805620E+00-7.804816511E+00-7.934853878E+00-8.064891796E+00
-8.194905523E+00-8.324871538E+00-8.454768092E+00-8.584575210E+00-8.714275083E+00
-8.843852188E+00-8.973293602E+00-9.102589003E+00-9.231730865E+00-9.360714421E+00
-9.489537819E+00-9.618201847E+00-9.746709933E+00-9.875067671E+00-1.000328271E+01
-1.013136402E+01-1.025932146E+01-1.038716488E+01-1.051490319E+01-1.064254331E+01
-1.077008891E+01-1.089753877E+01-1.102488513E+01-1.115211176E+01-1.127919170E+01
-1.140608466E+01-1.153273452E+01-1.165906596E+01-1.178498118E+01-1.191035632E+01
-1.203503712E+01-1.215883484E+01-1.228152141E+01-1.240282460E+01-1.252242283E+01
-1.263994011E+01-1.275494053E+01-1.286692359E+01-1.297531940E+01-1.307948499E+01
-1.317870173E+01-1.327217394E+01-1.335903023E+01-1.343832688E+01-1.350905482E+01
-1.357015025E+01-1.362050939E+01-1.365900755E+01-1.368452276E+01-1.369596311E+01
-1.369229729E+01-1.367258712E+01-1.363602063E+01-1.358194401E+01-1.350989072E+01
-1.341960657E+01-1.331106889E+01-1.318449928E+01-1.304036882E+01-1.287939597E+01
-1.270253601E+01-1.251096372E+01-1.230604837E+01-1.208932299E+01-1.186244856E+01
-1.162717512E+01-1.138530110E+01-1.113863293E+01-8.229472470E-01-8.236386521E-01
-8.770158229E-01-9.846051799E-01-1.143260739E+00-1.301562705E+00-1.454805374E+00
-1.603588496E+00-1.748332596E+00-1.889469243E+00-2.027419719E+00-2.162580316E+00
-2.295314844E+00-2.425952119E+00-2.554786537E+00-2.682080260E+00-2.808066173E+00
-2.932951020E+00-3.056918437E+00-3.180131732E+00-3.302736341E+00-3.424861946E+00
-3.546624322E+00-3.668126864E+00-3.789461912E+00-3.910711846E+00-4.031950019E+00
-4.153241508E+00-4.274643865E+00-4.396207563E+00-4.517976491E+00-4.639988433E+00
-4.762275382E+00-4.884863893E+00-5.007775122E+00-5.131025500E+00-5.254626453E+00
-5.378585071E+00-5.502903877E+00-5.627581374E+00-5.752611927E+00-5.877986120E+00
-6.003690834E+00-6.129709322E+00-6.256021650E+00-6.382604533E+00-6.509431848E+00
-6.636474519E+00-6.763700870E+00-6.891076741E+00-7.018565805E+00-7.146129728E+00
-7.273728283E+00-7.401319825E+00-7.528861291E+00-7.656308631E+00-7.783616972E+00
-7.910741003E+00-8.037635139E+00-8.164253914E+00-8.290552176E+00-8.416485445E+00
-8.542010222E+00-8.667084232E+00-8.791666737E+00-8.915718732E+00-9.039203220E+00
-9.162085452E+00-9.284333002E+00-9.405915965E+00-9.526807000E+00-9.646981284E+00
-9.766416360E+00-9.885092173E+00-1.000299048E+01-1.012009478E+01-1.023638946E+01
-1.035185936E+01-1.046648891E+01-1.058026106E+01-1.069315622E+01-1.080515095E+01
-1.091621629E+01-1.102631627E+01-1.113540586E+01-1.124342875E+01-1.135031534E+01
-1.145597983E+01-1.156031772E+01-1.166320283E+01-1.176448409E+01-1.186398229E+01
-1.196148681E+01-1.205675181E+01-1.214949285E+01-1.223938339E+01-1.232605144E+01
-1.240907627E+01-1.248798594E+01-1.256225536E+01-1.263130490E+01-1.269450070E+01
-1.275115599E+01-1.280053457E+01-1.284185600E+01-1.287430366E+01-1.289703520E+01
-1.290919581E+01-1.290993458E+01-1.289842315E+01-1.287387693E+01-1.283557805E+01
-1.278289892E+01-1.271532638E+01-1.263248412E+01-1.253415371E+01-1.242029193E+01
-1.229104448E+01-1.214675460E+01-1.198796668E+01-1.181542354E+01-1.163005844E+01
-1.143298101E+01-1.122545755E+01-1.100888684E+01-1.078477174E+01-1.055468789E+01
-1.032025059E+01-1.008308150E+01-1.122421691E+00-1.129964605E+00-1.188243570E+00
-1.298787759E+00-1.455995337E+00-1.614116303E+00-1.766187610E+00-1.912989708E+00
-2.055221685E+00-2.193540331E+00-2.328535097E+00-2.460720734E+00-2.590540440E+00
-2.718373597E+00-2.844544766E+00-2.969332316E+00-3.092976013E+00-3.215683403E+00
-3.337635072E+00-3.458988894E+00-3.579883475E+00-3.700440904E+00-3.820768995E+00
-3.940963033E+00-4.061107334E+00-4.181276142E+00-4.301534976E+00-4.421941007E+00
-4.542543993E+00-4.663386606E+00-4.784504974E+00-4.905929041E+00-5.027682840E+00
-5.149784770E+00-5.272247833E+00-5.395079871E+00-5.518283561E+00-5.641856973E+00
-5.765793291E+00-5.890081248E+00-6.014705162E+00-6.139645018E+00-6.264876783E+00
-6.390372365E+00-6.516099930E+00-6.642023821E+00-6.768104994E+00-6.894300976E+00
-7.020566182E+00-7.146851955E+00-7.273106957E+00-7.399277133E+00-7.525306220E+00
-7.651135789E+00-7.776705600E+00-7.901953715E+00-8.026816979E+00-8.151231211E+00
-8.275131518E+00-8.398452579E+00-8.521129068E+00-8.643095780E+00-8.764288218E+00
-8.884642714E+00-9.004096780E+00-9.122589584E+00-9.240061948E+00-9.356456783E+00
-9.471719245E+00-9.585796933E+00-9.698639928E+00-9.810200833E+00-9.920434772E+00
-1.002929915E+01-1.013675344E+01-1.024275878E+01-1.034727739E+01-1.045027200E+01
-1.055170494E+01-1.065153728E+01-1.074972751E+01-1.084623027E+01-1.094099489E+01
-1.103396370E+01-1.112507007E+01-1.121423653E+01-1.130137252E+01-1.138637212E+01
-1.146911155E+01-1.154944680E+01-1.162721078E+01-1.170221090E+01-1.177422645E+01
-1.184300579E+01-1.190826418E+01-1.196968122E+01-1.202689917E+01-1.207952121E+01
-1.212711046E+01-1.216918986E+01-1.220524243E+01-1.223471332E+01-1.225701246E+01
-1.227151913E+01-1.227758827E+01-1.227455807E+01-1.226176022E+01-1.223853162E+01
-1.220422822E+01-1.215824054E+01-1.210001066E+01-1.202905029E+01-1.194495908E+01
-1.184744293E+01-1.173633165E+01-1.161159462E+01-1.147335422E+01-1.132189648E+01
-1.115767785E+01-1.098132776E+01-1.079364661E+01-1.059559910E+01-1.038830254E+01
-1.017301014E+01-9.951090242E+00-9.724001285E+00-9.493263882E+00-9.260430597E+00
-9.027054510E+00-1.456588630E+00-1.473193239E+00-1.536763351E+00-1.649104510E+00
-1.800933894E+00-1.955907296E+00-2.103856029E+00-2.245778841E+00-2.382829844E+00
-2.515964762E+00-2.645949712E+00-2.773394059E+00-2.898784386E+00-3.022513066E+00
-3.144900460E+00-3.266211581E+00-3.386668459E+00-3.506459310E+00-3.625745311E+00
-3.744665719E+00-3.863341642E+00-3.981878967E+00-4.100370550E+00-4.218897867E+00
-4.337532469E+00-4.456336803E+00-4.575365239E+00-4.694664506E+00-4.814274278E+00
-4.934227611E+00-5.054551257E+00-5.175265901E+00-5.296386436E+00-5.417922121E+00
-5.539876737E+00-5.662248710E+00-5.785031340E+00-5.908212730E+00-6.031776096E+00
-6.155699807E+00-6.279957347E+00-6.404517671E+00-6.529345081E+00-6.654399471E+00
-6.779636437E+00-6.905007360E+00-7.030459563E+00-7.155936470E+00-7.281377839E+00
-7.406719685E+00-7.531894794E+00-7.656832799E+00-7.781460298E+00-7.905701212E+00
-8.029477057E+00-8.152707145E+00-8.275308933E+00-8.397198304E+00-8.518289920E+00
-8.638497615E+00-8.757734552E+00-8.875913856E+00-8.992948849E+00-9.108753405E+00
-9.223242421E+00-9.336332094E+00-9.447940357E+00-9.557987110E+00-9.666394580E+00
-9.773087633E+00-9.877993733E+00-9.981043264E+00-1.008216940E+01-1.018130817E+01
-1.027839805E+01-1.037337980E+01-1.046619586E+01-1.055678972E+01-1.064510520E+01
-1.073108542E+01-1.081467153E+01-1.089580166E+01-1.097440914E+01-1.105042095E+01
-1.112375586E+01-1.119432259E+01-1.126201762E+01-1.132672300E+01-1.138830438E+01
-1.144660861E+01-1.150146150E+01-1.155266599E+01-1.159999979E+01-1.164321372E+01
-1.168203003E+01-1.171614105E+01-1.174520822E+01-1.176886162E+01-1.178669997E+01
-1.179829161E+01-1.180317601E+01-1.180086631E+01-1.179085320E+01-1.177260967E+01
-1.174559740E+01-1.170927451E+01-1.166310461E+01-1.160656760E+01-1.153917164E+01
-1.146046646E+01-1.137005777E+01-1.126762228E+01-1.115292299E+01-1.102582477E+01
-1.088630885E+01-1.073448667E+01-1.057061144E+01-1.039508795E+01-1.020847909E+01
-1.001150926E+01-9.805063450E+00-9.590182263E+00-9.368052013E+00-9.139990014E+00
-8.907424881E+00-8.671872301E+00-8.434906945E+00-8.198130941E+00-7.963140352E+00
-1.822517339E+00-1.849757763E+00-1.919042862E+00-2.031422389E+00-2.184301454E+00
-2.331469409E+00-2.470005034E+00-2.602532263E+00-2.730738007E+00-2.855765767E+00
-2.978409196E+00-3.099237582E+00-3.218673394E+00-3.337040345E+00-3.454593753E+00
-3.571540197E+00-3.688050515E+00-3.804268613E+00-3.920317510E+00-4.036303594E+00
-4.152319605E+00-4.268446801E+00-4.384756534E+00-4.501311408E+00-4.618166111E+00
-4.735368038E+00-4.852957773E+00-4.970969355E+00-5.089430797E+00-5.208364005E+00
-5.327785094E+00-5.447704465E+00-5.568126925E+00-5.689051803E+00-5.810472875E+00
-5.932378676E+00-6.054752225E+00-6.177571418E+00-6.300808794E+00-6.424431810E+00
-6.548402682E+00-6.672678700E+00-6.797212035E+00-6.921949970E+00-7.046835062E+00
-7.171804979E+00-7.296792903E+00-7.421727440E+00-7.546532905E+00-7.671129397E+00
-7.795432995E+00-7.919355997E+00-8.042807114E+00-8.165691631E+00-8.287911838E+00
-8.409367187E+00-8.529954651E+00-8.649568993E+00-8.768103284E+00-8.885449098E+00
-9.001497023E+00-9.116137095E+00-9.229259155E+00-9.340753396E+00-9.450510762E+00
-9.558423457E+00-9.664385299E+00-9.768292314E+00-9.870043049E+00-9.969538967E+00
-1.006668472E+01-1.016138847E+01-1.025356201E+01-1.034312061E+01-1.042998317E+01
-1.051407178E+01-1.059531140E+01-1.067362925E+01-1.074895403E+01-1.082121496E+01
-1.089034057E+01-1.095625768E+01-1.101888932E+01-1.107815355E+01-1.113396133E+01
-1.118621447E+01-1.123480383E+01-1.127960701E+01-1.132048650E+01-1.135728734E+01
-1.138983551E+01-1.141793606E+01-1.144137135E+01-1.145989998E+01-1.147325552E+01
-1.148114593E+01-1.148325315E+01-1.147923337E+01-1.146871780E+01-1.145131414E+01
-1.142660858E+01-1.139416919E+01-1.135354958E+01-1.130429421E+01-1.124594428E+01
-1.117804535E+01-1.110015561E+01-1.101185554E+01-1.091275897E+01-1.080252483E+01
-1.068086981E+01-1.054758208E+01-1.040253515E+01-1.024570198E+01-1.007716893E+01
-9.897149241E+00-9.705995053E+00-9.504208434E+00-9.292449635E+00-9.071542850E+00
-8.842478180E+00-8.606409470E+00-8.364646668E+00-8.118643011E+00-7.869975416E+00
-7.620319097E+00-7.371415855E+00-7.125037434E+00-6.882945175E+00-2.254292315E+00
-2.303650017E+00-2.380235484E+00-2.484342975E+00-2.617009869E+00-2.742998710E+00
-2.863227699E+00-2.980418095E+00-3.095722123E+00-3.209777767E+00-3.322982900E+00
-3.435607958E+00-3.547849938E+00-3.659860738E+00-3.771763077E+00-3.883659789E+00
-3.995639539E+00-4.107780283E+00-4.220151551E+00-4.332815870E+00-4.445829503E+00
-4.559243235E+00-4.673102415E+00-4.787447387E+00-4.902313414E+00-5.017730833E+00
-5.133724820E+00-5.250315705E+00-5.367518579E+00-5.485343408E+00-5.603795040E+00
-5.722872962E+00-5.842571421E+00-5.962879308E+00-6.083780035E+00-6.205251735E+00
-6.327266987E+00-6.449792853E+00-6.572791036E+00-6.696217608E+00-6.820023200E+00
-6.944153008E+00-7.068546672E+00-7.193138476E+00-7.317857342E+00-7.442626875E+00
-7.567365362E+00-7.691986163E+00-7.816397400E+00-7.940502544E+00-8.064200221E+00
-8.187384567E+00-8.309945379E+00-8.431768521E+00-8.552735872E+00-8.672725885E+00
-8.791613903E+00-8.909272271E+00-9.025571090E+00-9.140378333E+00-9.253560516E+00
-9.364982972E+00-9.474510601E+00-9.582008343E+00-9.687341570E+00-9.790376917E+00
-9.890982790E+00-9.989029841E+00-1.008439172E+01-1.017694561E+01-1.026657253E+01
-1.035315815E+01-1.043659274E+01-1.051677154E+01-1.059359474E+01-1.066696744E+01
-1.073679917E+01-1.080300361E+01-1.086549779E+01-1.092420109E+01-1.097903433E+01
-1.102991807E+01-1.107677139E+01-1.111950961E+01-1.115804272E+01-1.119227284E+01
-1.122209230E+01-1.124738136E+01-1.126800607E+01-1.128381627E+01-1.129464392E+01
-1.130030141E+01-1.130058024E+01-1.129525012E+01-1.128405802E+01-1.126672823E+01
-1.124296211E+01-1.121243894E+01-1.117481694E+01-1.112973517E+01-1.107681567E+01
-1.101566698E+01-1.094588788E+01-1.086707254E+01-1.077881600E+01-1.068072131E+01
-1.057240730E+01-1.045351739E+01-1.032372958E+01-1.018276755E+01-1.003041234E+01
-9.866515361E+00-9.691011805E+00-9.503934924E+00-9.305430694E+00-9.095772386E+00
-8.875375269E+00-8.644810434E+00-8.404817523E+00-8.156315286E+00-7.900408951E+00
-7.638393608E+00-7.371751458E+00-7.102141955E+00-6.831383256E+00-6.561424124E+00
-6.294305834E+00-6.032115166E+00-5.776930348E+00-2.744109181E+00-2.830170082E+00
-2.915686904E+00-3.000760890E+00-3.085929029E+00-3.176520876E+00-3.271920890E+00
-3.370257179E+00-3.470533020E+00-3.572209802E+00-3.674974961E+00-3.778638694E+00
-3.883083879E+00-3.988239302E+00-4.094064074E+00-4.200538185E+00-4.307655843E+00
-4.415421302E+00-4.523845438E+00-4.632943616E+00-4.742733526E+00-4.853233922E+00
-4.964463440E+00-5.076439455E+00-5.189177609E+00-5.302690784E+00-5.416988871E+00
-5.532078134E+00-5.647960858E+00-5.764635073E+00-5.882094159E+00-6.000326810E+00
-6.119316596E+00-6.239041886E+00-6.359475732E+00-6.480585747E+00-6.602333873E+00
-6.724676375E+00-6.847563807E+00-6.970940814E+00-7.094746170E+00-7.218912737E+00
-7.343367353E+00-7.468031020E+00-7.592818598E+00-7.717639233E+00-7.842396000E+00
-7.966986188E+00-8.091301488E+00-8.215227799E+00-8.338645664E+00-8.461430225E+00
-8.583451544E+00-8.704574837E+00-8.824660709E+00-8.943565353E+00-9.061141061E+00
-9.177236541E+00-9.291697347E+00-9.404366197E+00-9.515083840E+00-9.623689213E+00
-9.730020344E+00-9.833914830E+00-9.935210701E+00-1.003374697E+01-1.012936451E+01
-1.022190670E+01-1.031122052E+01-1.039715708E+01-1.047957261E+01-1.055832905E+01
-1.063329485E+01-1.070434512E+01-1.077136202E+01-1.083423474E+01-1.089285949E+01
-1.094713881E+01-1.099698138E+01-1.104230097E+01-1.108301538E+01-1.111904494E+01
-1.115031094E+01-1.117673324E+01-1.119822815E+01-1.121470585E+01-1.122606761E+01
-1.123220348E+01-1.123298989E+01-1.122828752E+01-1.121793955E+01-1.120177007E+01
-1.117958291E+01-1.115116094E+01-1.111626536E+01-1.107463595E+01-1.102599107E+01
-1.097002877E+01-1.090642783E+01-1.083484977E+01-1.075494117E+01-1.066633685E+01
-1.056866342E+01-1.046154419E+01-1.034460411E+01-1.021747638E+01-1.007980931E+01
-9.931274679E+00-9.771576791E+00-9.600462741E+00-9.417733722E+00-9.223257668E+00
-9.016982887E+00-8.798952875E+00-8.569322747E+00-8.328376296E+00-8.076544549E+00
-7.814424878E+00-7.542800617E+00-7.262660057E+00-6.975213857E+00-6.681908756E+00
-6.384435257E+00-6.084726286E+00-5.784943047E+00-5.487445278E+00-5.194743773E+00
-4.909435808E+00-4.634126262E+00-3.194180309E+00-3.304362654E+00-3.397286620E+00
-3.472468203E+00-3.532417243E+00-3.600052480E+00-3.676351739E+00-3.758783614E+00
-3.845683872E+00-3.935957788E+00-4.028872743E+00-4.123928566E+00-4.220777959E+00
-4.319177002E+00-4.418953600E+00-4.519986442E+00-4.622190623E+00-4.725507753E+00
-4.829898551E+00-4.935337565E+00-5.041809037E+00-5.149303784E+00-5.257816805E+00
-5.367345380E+00-5.477887421E+00-5.589440367E+00-5.702000081E+00-5.815560024E+00
-5.930110621E+00-6.045638712E+00-6.162127002E+00-6.279553742E+00-6.397892298E+00
-6.517110993E+00-6.637172713E+00-6.758034750E+00-6.879648563E+00-7.001959821E+00
-7.124907929E+00-7.248426103E+00-7.372441299E+00-7.496873969E+00-7.621638026E+00
-7.746640921E+00-7.871783446E+00-7.996959777E+00-8.122057466E+00-8.246957529E+00
-8.371534321E+00-8.495655856E+00-8.619183801E+00-8.741973524E+00-8.863874478E+00
-8.984730290E+00-9.104378988E+00-9.222653363E+00-9.339381397E+00-9.454386464E+00
-9.567487917E+00-9.678501567E+00-9.787240188E+00-9.893514347E+00-9.997132881E+00
-1.009790384E+01-1.019563518E+01-1.029013583E+01-1.038121643E+01-1.046869042E+01
-1.055237520E+01-1.063209318E+01-1.070767337E+01-1.077895232E+01-1.084577521E+01
-1.090799651E+01-1.096548041E+01-1.101810102E+01-1.106574240E+01-1.110829849E+01
-1.114567263E+01-1.117777693E+01-1.120453144E+01-1.122586257E+01-1.124170122E+01
-1.125198016E+01-1.125663104E+01-1.125558093E+01-1.124874887E+01-1.123604274E+01
-1.121735648E+01-1.119256771E+01-1.116153582E+01-1.112410037E+01-1.108008013E+01
-1.102927239E+01-1.097145254E+01-1.090637421E+01-1.083376968E+01-1.075335086E+01
-1.066481037E+01-1.056782351E+01-1.046205027E+01-1.034713839E+01-1.022272632E+01
-1.008844763E+01-9.943935422E+00-9.788827976E+00-9.622774954E+00-9.445444574E+00
-9.256532044E+00-9.055768780E+00-8.842933122E+00-8.617862509E+00-8.380467110E+00
-8.130745546E+00-7.868802738E+00-7.594870155E+00-7.309328868E+00-7.012735508E+00
-6.705851584E+00-6.389674959E+00-6.065473501E+00-5.734818412E+00-5.399613184E+00
-5.062113622E+00-4.724930200E+00-4.391004541E+00-4.063552174E+00-3.745968844E+00
-3.441704373E+00-3.593374288E+00-3.716294938E+00-3.815327261E+00-3.889479113E+00
-3.940188799E+00-3.998384444E+00-4.064337322E+00-4.136528082E+00-4.213780460E+00
-4.295159040E+00-4.379943446E+00-4.467587447E+00-4.557679520E+00-4.649910891E+00
-4.744050090E+00-4.839924353E+00-4.937404882E+00-5.036396332E+00-5.136828257E+00
-5.238648886E+00-5.341819964E+00-5.446313121E+00-5.552106492E+00-5.659182505E+00
-5.767525793E+00-5.877121662E+00-5.987954785E+00-6.100008101E+00-6.213261990E+00
-6.327693680E+00-6.443276379E+00-6.559978922E+00-6.677765455E+00-6.796594768E+00
-6.916420211E+00-7.037189344E+00-7.158843621E+00-7.281318267E+00-7.404541933E+00
-7.528436685E+00-7.652917698E+00-7.777893132E+00-7.903264133E+00-8.028924562E+00
-8.154760947E+00-8.280652452E+00-8.406470872E+00-8.532080436E+00-8.657338086E+00
-8.782093278E+00-8.906188100E+00-9.029457586E+00-9.151729603E+00-9.272825159E+00
-9.392558723E+00-9.510738343E+00-9.627166155E+00-9.741638662E+00-9.853947246E+00
-9.963878638E+00-1.007121563E+01-1.017573771E+01-1.027722191E+01-1.037544373E+01
-1.047017829E+01-1.056120109E+01-1.064828929E+01-1.073122256E+01-1.080978441E+01
-1.088376429E+01-1.095295989E+01-1.101717924E+01-1.107624229E+01-1.112998153E+01
-1.117824266E+01-1.122088487E+01-1.125778102E+01-1.128881776E+01-1.131389572E+01
-1.133292913E+01-1.134584541E+01-1.135258406E+01-1.135309483E+01-1.134733431E+01
-1.133526144E+01-1.131683222E+01-1.129199440E+01-1.126068341E+01-1.122281867E+01
-1.117830129E+01-1.112701170E+01-1.106880853E+01-1.100352749E+01-1.093098095E+01
-1.085095786E+01-1.076322375E+01-1.066752147E+01-1.056357182E+01-1.045107499E+01
-1.032971184E+01-1.019914589E+01-1.005902571E+01-9.908987525E+00-9.748658658E+00
-9.577661190E+00-9.395616536E+00-9.202150560E+00-8.996899488E+00-8.779517042E+00
-8.549682314E+00-8.307109266E+00-8.051557681E+00-7.782846205E+00-7.500867710E+00
-7.205607738E+00-6.897166678E+00-6.575786480E+00-6.241883358E+00-5.896087068E+00
-5.539288428E+00-5.172695457E+00-4.797898228E+00-4.416939118E+00-4.032381756E+00
-3.647363652E+00-3.265611109E+00-2.891387217E+00-2.529352413E+00-2.184339321E+00
-3.951660198E+00-4.082659300E+00-4.186905975E+00-4.263377500E+00-4.318083634E+00
-4.373144953E+00-4.434132544E+00-4.500488989E+00-4.571527006E+00-4.646624799E+00
-4.725250042E+00-4.806962649E+00-4.891407079E+00-4.978300801E+00-5.067421958E+00
-5.158597982E+00-5.251695505E+00-5.346612130E+00-5.443269295E+00-5.541606757E+00
-5.641577908E+00-5.743146067E+00-5.846281370E+00-5.950958285E+00-6.057153804E+00
-6.164845587E+00-6.274010704E+00-6.384624531E+00-6.496659960E+00-6.610086339E+00
-6.724869155E+00-6.840969284E+00-6.958342637E+00-7.076939573E+00-7.196704736E+00
-7.317576701E+00-7.439487427E+00-7.562362330E+00-7.686119816E+00-7.810671156E+00
-7.935920099E+00-8.061762907E+00-8.188088000E+00-8.314775882E+00-8.441698937E+00
-8.568721357E+00-8.695698980E+00-8.822479292E+00-8.948901229E+00-9.074795452E+00
-9.199984036E+00-9.324280857E+00-9.447491482E+00-9.569413397E+00-9.689836290E+00
-9.808542283E+00-9.925306210E+00-1.003989605E+01-1.015207324E+01-1.026159330E+01
-1.036820645E+01-1.047165821E+01-1.057169062E+01-1.066804311E+01-1.076045419E+01
-1.084866282E+01-1.093240905E+01-1.101143424E+01-1.108548153E+01-1.115429861E+01
-1.121764500E+01-1.127529563E+01-1.132704245E+01-1.137269457E+01-1.141207850E+01
-1.144503804E+01-1.147143481E+01-1.149114860E+01-1.150407805E+01-1.151014170E+01
-1.150927847E+01-1.150144831E+01-1.148663124E+01-1.146482393E+01-1.143603197E+01
-1.140025795E+01-1.135749344E+01-1.130771315E+01-1.125087115E+01-1.118689848E+01
-1.111570132E+01-1.103716004E+01-1.095112869E+01-1.085743490E+01-1.075587986E+01
-1.064623884E+01-1.052826177E+01-1.040167400E+01-1.026617736E+01-1.012145141E+01
-9.967154762E+00-9.802926948E+00-9.628390288E+00-9.443152367E+00-9.246808592E+00
-9.038945510E+00-8.819144345E+00-8.586985339E+00-8.342052987E+00-8.083941753E+00
-7.812263594E+00-7.526656313E+00-7.226794512E+00-6.912402672E+00-6.583271623E+00
-6.239279424E+00-5.880418471E+00-5.506829931E+00-5.118849250E+00-4.717066076E+00
-4.302402587E+00-3.876217194E+00-3.440437901E+00-2.997727367E+00-2.551668628E+00
-2.106930630E+00-1.669325282E+00-1.245633260E+00-8.431325398E-01-4.294079541E+00
-4.432481717E+00-4.541823854E+00-4.621108996E+00-4.675154208E+00-4.729340588E+00
-4.788221109E+00-4.851456544E+00-4.918673822E+00-4.989508816E+00-5.063627065E+00
-5.140734729E+00-5.220582216E+00-5.302962521E+00-5.387707488E+00-5.474682452E+00
-5.563780836E+00-5.654918800E+00-5.748030625E+00-5.843064502E+00-5.939979101E+00
-6.038740342E+00-6.139319265E+00-6.241689632E+00-6.345826423E+00-6.451704385E+00
-6.559296921E+00-6.668574917E+00-6.779506183E+00-6.892054590E+00-7.006179596E+00
-7.121835577E+00-7.238971511E+00-7.357530585E+00-7.477449680E+00-7.598659139E+00
-7.721082370E+00-7.844635689E+00-7.969227807E+00-8.094759794E+00-8.221124641E+00
-8.348207027E+00-8.475883199E+00-8.604020577E+00-8.732477641E+00-8.861103846E+00
-8.989739192E+00-9.118214261E+00-9.246350143E+00-9.373958232E+00-9.500840234E+00
-9.626788355E+00-9.751585074E+00-9.875003529E+00-9.996807641E+00-1.011675227E+01
-1.023458368E+01-1.035003963E+01-1.046284988E+01-1.057273648E+01-1.067941432E+01
-1.078259174E+01-1.088197155E+01-1.097725214E+01-1.106813027E+01-1.115430590E+01
-1.123548209E+01-1.131136018E+01-1.138163256E+01-1.144598086E+01-1.150411323E+01
-1.155576695E+01-1.160070539E+01-1.163871472E+01-1.166960225E+01-1.169319596E+01
-1.170934476E+01-1.171791961E+01-1.171881487E+01-1.171195090E+01-1.169727729E+01
-1.167477777E+01-1.164447560E+01-1.160643502E+01-1.156075016E+01-1.150749920E+01
-1.144673713E+01-1.137849102E+01-1.130275803E+01-1.121950444E+01-1.112866517E+01
-1.103014371E+01-1.092381246E+01-1.080951307E+01-1.068705722E+01-1.055622726E+01
-1.041677690E+01-1.026843198E+01-1.011089136E+01-9.943827626E+00-9.766888205E+00
-9.579696278E+00-9.381851748E+00-9.172932767E+00-8.952496920E+00-8.720082804E+00
-8.475212033E+00-8.217391329E+00-7.946115081E+00-7.660868500E+00-7.361131674E+00
-7.046384256E+00-6.716112087E+00-6.369815230E+00-6.007019004E+00-5.627288835E+00
-5.230250233E+00-4.815616412E+00-4.383227568E+00-3.933106045E+00-3.465537021E+00
-2.981188050E+00-2.481289937E+00-1.967915402E+00-1.444407423E+00-9.160014668E-01
-3.905480894E-01 1.212122997E-01 6.067799316E-01-4.623734127E+00-4.768668615E+00
-4.883195572E+00-4.965455237E+00-5.017164469E+00-5.071732588E+00-5.129993438E+00
-5.191638602E+00-5.256494567E+00-5.324385335E+00-5.395142476E+00-5.468613041E+00
-5.544663664E+00-5.623181506E+00-5.704073859E+00-5.787265788E+00-5.872697602E+00
-5.960322180E+00-6.050102013E+00-6.142006923E+00-6.236011613E+00-6.332093825E+00
-6.430232794E+00-6.530407639E+00-6.632596454E+00-6.736775087E+00-6.842916511E+00
-6.950990073E+00-7.060960786E+00-7.172788975E+00-7.286429725E+00-7.401832409E+00
-7.518940409E+00-7.637690766E+00-7.758013624E+00-7.879832234E+00-8.003062243E+00
-8.127611692E+00-8.253380508E+00-8.380260224E+00-8.508133747E+00-8.636874958E+00
-8.766348404E+00-8.896409055E+00-9.026902074E+00-9.157662377E+00-9.288514599E+00
-9.419272656E+00-9.549739750E+00-9.679707971E+00-9.808958536E+00-9.937261352E+00
-1.006437530E+01-1.019004833E+01-1.031401755E+01-1.043600960E+01-1.055574076E+01
-1.067291743E+01-1.078723616E+01-1.089838389E+01-1.100603777E+01-1.110986539E+01
-1.120952608E+01-1.130466807E+01-1.139492869E+01-1.147996994E+01-1.155947489E+01
-1.163313075E+01-1.170058489E+01-1.176132202E+01-1.181498952E+01-1.186129952E+01
-1.189999866E+01-1.193085680E+01-1.195366445E+01-1.196823299E+01-1.197439605E+01
-1.197201058E+01-1.196095898E+01-1.194115193E+01-1.191253352E+01-1.187509319E+01
-1.182889248E+01-1.177410376E+01-1.171107265E+01-1.163997691E+01-1.156095212E+01
-1.147408350E+01-1.137941398E+01-1.127694614E+01-1.116664314E+01-1.104842979E+01
-1.092219441E+01-1.078778996E+01-1.064503551E+01-1.049371720E+01-1.033358931E+01
-1.016437478E+01-9.985765891E+00-9.797424729E+00-9.598983379E+00-9.390044344E+00
-9.170180534E+00-8.938935314E+00-8.695822497E+00-8.440326189E+00-8.171900554E+00
-7.889969497E+00-7.593926347E+00-7.283133587E+00-6.956922414E+00-6.614592783E+00
-6.255413642E+00-5.878623757E+00-5.483433531E+00-5.069028422E+00-4.634574586E+00
-4.179228446E+00-3.702151595E+00-3.202534917E+00-2.679637185E+00-2.132848577E+00
-1.561799724E+00-9.665619480E-01-3.480528106E-01 2.910198584E-01 9.435726677E-01
 1.591552799E+00 2.204247909E+00-4.933220173E+00-5.083620475E+00-5.202532093E+00
-5.288802125E+00-5.348498132E+00-5.404487735E+00-5.462831757E+00-5.523639254E+00
-5.586883870E+00-5.652535738E+00-5.720566728E+00-5.790952728E+00-5.863675102E+00
-5.938720533E+00-6.016080746E+00-6.095751330E+00-6.177730709E+00-6.262018763E+00
-6.348615888E+00-6.437521571E+00-6.528733763E+00-6.622247933E+00-6.718056478E+00
-6.816148010E+00-6.916507007E+00-7.019113375E+00-7.123942017E+00-7.230962635E+00
-7.340139217E+00-7.451430001E+00-7.564787037E+00-7.680155956E+00-7.797475648E+00
-7.916678032E+00-8.037687658E+00-8.160421512E+00-8.284788543E+00-8.410689425E+00
-8.538016204E+00-8.666651904E+00-8.796470212E+00-8.927334962E+00-9.059099985E+00
-9.191608628E+00-9.324693288E+00-9.458175250E+00-9.591864255E+00-9.725558067E+00
-9.859042274E+00-9.992090096E+00-1.012446187E+01-1.025590523E+01-1.038615473E+01
-1.051493222E+01-1.064194708E+01-1.076689643E+01-1.088946587E+01-1.100932930E+01
-1.112614921E+01-1.123957823E+01-1.134925498E+01-1.145480097E+01-1.155584283E+01
-1.165197709E+01-1.174265645E+01-1.182751859E+01-1.190628661E+01-1.197878914E+01
-1.204506174E+01-1.210323899E+01-1.215325760E+01-1.219491416E+01-1.222797791E+01
-1.225221359E+01-1.226739376E+01-1.227330967E+01-1.226977540E+01-1.225662819E+01
-1.223372842E+01-1.220095973E+01-1.215821950E+01-1.210540961E+01-1.204249441E+01
-1.196953675E+01-1.188834283E+01-1.179874096E+01-1.170097593E+01-1.159516038E+01
-1.148137622E+01-1.135965772E+01-1.122999059E+01-1.109231501E+01-1.094652922E+01
-1.079249214E+01-1.063002562E+01-1.045891591E+01-1.027891450E+01-1.008973878E+01
-9.891072384E+00-9.682565006E+00-9.463832191E+00-9.234454769E+00-8.993977839E+00
-8.741909815E+00-8.477720739E+00-8.200840504E+00-7.910656412E+00-7.606510340E+00
-7.287695425E+00-6.953451894E+00-6.602962290E+00-6.235345766E+00-5.849651501E+00
-5.444850701E+00-5.019827659E+00-4.573368920E+00-4.104150393E+00-3.610722246E+00
-3.091489760E+00-2.544688764E+00-1.968351985E+00-1.360258968E+00-7.178542719E-01
-3.809780883E-02 6.828478627E-01 1.450399450E+00 2.274108067E+00 3.164696476E+00
 3.965574506E+00-5.243633834E+00-5.400005876E+00-5.523585868E+00-5.613250262E+00
-5.674236474E+00-5.731388788E+00-5.789978188E+00-5.850134023E+00-5.911954790E+00
-5.975543636E+00-6.041004615E+00-6.108439259E+00-6.177943740E+00-6.249606905E+00
-6.323509010E+00-6.399720855E+00-6.478303548E+00-6.559308426E+00-6.642777449E+00
-6.728743320E+00-6.817229874E+00-6.908252634E+00-7.001819048E+00-7.097928799E+00
-7.196574127E+00-7.297740060E+00-7.401404415E+00-7.507538156E+00-7.616105154E+00
-7.727062384E+00-7.840359730E+00-7.955939789E+00-8.073737946E+00-8.193681902E+00
-8.315691480E+00-8.439678427E+00-8.565546056E+00-8.693188698E+00-8.822491624E+00
-8.953330371E+00-9.085570509E+00-9.219067049E+00-9.353664127E+00-9.489194415E+00
-9.625478844E+00-9.762325893E+00-9.899531357E+00-1.003687783E+01-1.017413412E+01
-1.031105489E+01-1.044738021E+01-1.058283517E+01-1.071712954E+01-1.084995783E+01
-1.098099988E+01-1.110992173E+01-1.123637811E+01-1.136000904E+01-1.148043840E+01
-1.159729775E+01-1.171019878E+01-1.181863761E+01-1.192233352E+01-1.202123148E+01
-1.211343555E+01-1.219891590E+01-1.227736680E+01-1.234840380E+01-1.241157131E+01
-1.246625991E+01-1.251204657E+01-1.254859845E+01-1.257563585E+01-1.259291560E+01
-1.260022459E+01-1.259737587E+01-1.258420483E+01-1.256056194E+01-1.252630412E+01
-1.248129189E+01-1.242540362E+01-1.235856533E+01-1.228079686E+01-1.219227280E+01
-1.209333611E+01-1.198417616E+01-1.186709345E+01-1.174186744E+01-1.160867738E+01
-1.146759149E+01-1.131860598E+01-1.116166312E+01-1.099666012E+01-1.082345358E+01
-1.064186217E+01-1.045166791E+01-1.025261678E+01-1.004441912E+01-9.826749175E+00
-9.599244754E+00-9.361506148E+00-9.113094884E+00-8.853531789E+00-8.582294901E+00
-8.298816478E+00-8.002479686E+00-7.692614187E+00-7.368491054E+00-7.029316631E+00
-6.674224962E+00-6.302268850E+00-5.912409023E+00-5.503500933E+00-5.074279156E+00
-4.623337849E+00-4.149107269E+00-3.649824385E+00-3.123495946E+00-2.567851023E+00
-1.980278369E+00-1.357740920E+00-6.966540749E-01 7.295576846E-03 7.594326446E-01
 1.566545935E+00 2.437599644E+00 3.384654143E+00 4.413610829E+00 5.357547857E+00
-5.557167164E+00-5.719160570E+00-5.848223318E+00-5.940333615E+00-5.998121005E+00
-6.056073793E+00-6.114621115E+00-6.173809816E+00-6.233878067E+00-6.295076798E+00
-6.357654542E+00-6.421847891E+00-6.487874485E+00-6.555929312E+00-6.626183088E+00
-6.698782261E+00-6.773849873E+00-6.851487575E+00-6.931777121E+00-7.014782574E+00
-7.100552078E+00-7.189119479E+00-7.280505855E+00-7.374720702E+00-7.471762993E+00
-7.571622132E+00-7.674278419E+00-7.779703644E+00-7.887861559E+00-7.998707841E+00
-8.112190522E+00-8.228249715E+00-8.346817732E+00-8.467818887E+00-8.591169221E+00
-8.716776145E+00-8.844538365E+00-8.974345167E+00-9.106076189E+00-9.239600859E+00
-9.374777933E+00-9.511454936E+00-9.649467690E+00-9.788639687E+00-9.928781576E+00
-1.006969061E+01-1.021115008E+01-1.035292861E+01-1.049477964E+01-1.063644068E+01
-1.077763260E+01-1.091805860E+01-1.105740340E+01-1.119533215E+01-1.133149078E+01
-1.146550684E+01-1.159701451E+01-1.172562602E+01-1.185084135E+01-1.197236896E+01
-1.209013166E+01-1.220230092E+01-1.230868654E+01-1.240883184E+01-1.250203346E+01
-1.258773125E+01-1.266542124E+01-1.273462901E+01-1.279489067E+01-1.284576239E+01
-1.288686645E+01-1.291788893E+01-1.293855197E+01-1.294860976E+01-1.294785373E+01
-1.293611619E+01-1.291327099E+01-1.287922490E+01-1.283388553E+01-1.277713005E+01
-1.270886400E+01-1.262905505E+01-1.253770799E+01-1.243478698E+01-1.232040947E+01
-1.219496633E+01-1.205917427E+01-1.191373102E+01-1.176072702E+01-1.160012366E+01
-1.143186211E+01-1.125585428E+01-1.107197910E+01-1.088008114E+01-1.067997020E+01
-1.047142079E+01-1.025417198E+01-1.002792684E+01-9.792351646E+00-9.547074905E+00
-9.291685566E+00-9.025731326E+00-8.748715952E+00-8.460096206E+00-8.159277989E+00
-7.845611647E+00-7.518386180E+00-7.176822628E+00-6.820065396E+00-6.447172568E+00
-6.057103610E+00-5.648704676E+00-5.220690997E+00-4.771625251E+00-4.299891044E+00
-3.803660868E+00-3.280856244E+00-2.729098534E+00-2.145647749E+00-1.527325870E+00
-8.704204169E-01-1.705630620E-01 5.774217200E-01 1.379699229E+00 2.243625658E+00
 3.177919214E+00 4.192685290E+00 5.297327959E+00 6.329651112E+00-5.860964514E+00
-6.029024730E+00-6.161801052E+00-6.258051498E+00-6.323736856E+00-6.382324877E+00
-6.440036542E+00-6.497381517E+00-6.554798909E+00-6.612733770E+00-6.671613345E+00
-6.731831194E+00-6.793737773E+00-6.857637636E+00-6.923789678E+00-6.992410199E+00
-7.063677047E+00-7.137733794E+00-7.214694302E+00-7.294646630E+00-7.377656416E+00
-7.463770191E+00-7.553017741E+00-7.645414353E+00-7.740962468E+00-7.839653105E+00
-7.941467076E+00-8.046375620E+00-8.154341149E+00-8.265317645E+00-8.379251013E+00
-8.496078885E+00-8.615731050E+00-8.738128948E+00-8.863185583E+00-8.990805295E+00
-9.120883283E+00-9.253305130E+00-9.387946335E+00-9.524671720E+00-9.663334916E+00
-9.803777656E+00-9.945829028E+00-1.008930515E+01-1.023400813E+01-1.037972576E+01
-1.052623058E+01-1.067327931E+01-1.082061223E+01-1.096795204E+01-1.111500313E+01
-1.126145000E+01-1.140695530E+01-1.155115381E+01-1.169365386E+01-1.183395579E+01
-1.197177502E+01-1.210701351E+01-1.223791364E+01-1.236424512E+01-1.248549508E+01
-1.260086412E+01-1.270965987E+01-1.281124891E+01-1.290500944E+01-1.299037388E+01
-1.306685356E+01-1.313398759E+01-1.319133462E+01-1.323848355E+01-1.327506099E+01
-1.330073483E+01-1.331521258E+01-1.331824057E+01-1.330960450E+01-1.328913022E+01
-1.325668433E+01-1.321217369E+01-1.315554558E+01-1.308679075E+01-1.300597290E+01
-1.291328655E+01-1.280885111E+01-1.269245458E+01-1.256407257E+01-1.242375264E+01
-1.227176148E+01-1.210885042E+01-1.193601427E+01-1.175594730E+01-1.156856787E+01
-1.137376938E+01-1.117141667E+01-1.096134341E+01-1.074335075E+01-1.051720615E+01
-1.028264273E+01-1.003935825E+01-9.787014194E+00-9.525234104E+00-9.253602003E+00
-8.971659677E+00-8.678903998E+00-8.374782984E+00-8.058691659E+00-7.729966343E+00
-7.387878544E+00-7.031626765E+00-6.660327360E+00-6.273003030E+00-5.868569155E+00
-5.445817400E+00-5.003395465E+00-4.539783054E+00-4.053262358E+00-3.541882236E+00
-3.003414830E+00-2.435302933E+00-1.834596490E+00-1.197876920E+00-5.211685832E-01
 2.001613284E-01 9.715090994E-01 1.799134661E+00 2.690231947E+00 3.652932436E+00
 4.696197529E+00 5.832743010E+00 6.933040379E+00-6.179733844E+00-6.354486727E+00
-6.491939618E+00-6.590821381E+00-6.656790767E+00-6.714389750E+00-6.769724026E+00
-6.823580516E+00-6.876712375E+00-6.929845259E+00-6.983639341E+00-7.038671346E+00
-7.095430692E+00-7.154324136E+00-7.215684444E+00-7.279780398E+00-7.346826250E+00
-7.416990511E+00-7.490403474E+00-7.567163401E+00-7.647342038E+00-7.730988634E+00
-7.818133605E+00-7.908791411E+00-8.002962642E+00-8.100635873E+00-8.201789040E+00
-8.306390467E+00-8.414399610E+00-8.525767617E+00-8.640437672E+00-8.758344924E+00
-8.879416762E+00-9.003572495E+00-9.130723081E+00-9.260770849E+00-9.393608988E+00
-9.529120956E+00-9.667179964E+00-9.807648118E+00-9.950375855E+00-1.009520113E+01
-1.024194849E+01-1.039042852E+01-1.054043692E+01-1.069175400E+01-1.084414373E+01
-1.099735331E+01-1.115111232E+01-1.130513195E+01-1.145910502E+01-1.161270359E+01
-1.176558991E+01-1.191736134E+01-1.206787712E+01-1.221536653E+01-1.235973462E+01
-1.250046679E+01-1.263670397E+01-1.276765004E+01-1.289256445E+01-1.301064112E+01
-1.312123430E+01-1.322378381E+01-1.331772901E+01-1.340253383E+01-1.347769407E+01
-1.354273674E+01-1.359721945E+01-1.364073242E+01-1.367290133E+01-1.369338932E+01
-1.370189837E+01-1.369817042E+01-1.368198853E+01-1.365317855E+01-1.361161029E+01
-1.355719961E+01-1.348991070E+01-1.340976023E+01-1.331682381E+01-1.321124214E+01
-1.309321176E+01-1.296298429E+01-1.282094336E+01-1.266683142E+01-1.250056509E+01
-1.232227518E+01-1.213277328E+01-1.193338906E+01-1.172712598E+01-1.151387131E+01
-1.129348381E+01-1.106579114E+01-1.083058866E+01-1.058763876E+01-1.033667088E+01
-1.007738055E+01-9.809428687E+00-9.532440025E+00-9.246000987E+00-8.949657182E+00
-8.642910367E+00-8.325214627E+00-7.995971762E+00-7.654525935E+00-7.300156966E+00
-6.932072655E+00-6.549399206E+00-6.151170196E+00-5.736312666E+00-5.303631204E+00
-4.851788049E+00-4.379279530E+00-3.884407500E+00-3.365244648E+00-2.819592849E+00
-2.244932845E+00-1.638364073E+00-9.965333336E-01-3.155518908E-01 4.090979194E-01
 1.182662281E+00 2.011211805E+00 2.901715105E+00 3.862059899E+00 4.900982548E+00
 6.029743372E+00 7.130852010E+00-6.520670949E+00-6.701614277E+00-6.846731656E+00
-6.944529586E+00-7.003322759E+00-7.057284641E+00-7.107447376E+00-7.154971820E+00
-7.201143767E+00-7.247096655E+00-7.293773149E+00-7.341932236E+00-7.392174320E+00
-7.444969868E+00-7.500684977E+00-7.559602770E+00-7.621940533E+00-7.687863034E+00
-7.757493003E+00-7.830919362E+00-7.908203614E+00-7.989384843E+00-8.074483536E+00
-8.163504935E+00-8.256441119E+00-8.353273097E+00-8.453972149E+00-8.558500687E+00
-8.666813284E+00-8.778856947E+00-8.894571515E+00-9.013889536E+00-9.136736466E+00
-9.263030197E+00-9.392680861E+00-9.525590273E+00-9.661651308E+00-9.800747344E+00
-9.942751515E+00-1.008752565E+01-1.023491951E+01-1.038476969E+01-1.053689871E+01
-1.069111388E+01-1.084720674E+01-1.100495208E+01-1.116410772E+01-1.132441322E+01
-1.148558988E+01-1.164733775E+01-1.180934467E+01-1.197123292E+01-1.213285700E+01
-1.229262380E+01-1.245025185E+01-1.260499237E+01-1.275600687E+01-1.290246488E+01
-1.304337919E+01-1.317803486E+01-1.330580594E+01-1.342604697E+01-1.353813531E+01
-1.364147990E+01-1.373551619E+01-1.381970705E+01-1.389354450E+01-1.395655086E+01
-1.400827999E+01-1.404831886E+01-1.407628943E+01-1.409185090E+01-1.409470140E+01
-1.408458001E+01-1.406126860E+01-1.402459407E+01-1.397443039E+01-1.391070101E+01
-1.383338165E+01-1.374250285E+01-1.363815283E+01-1.352047945E+01-1.338969212E+01
-1.324606585E+01-1.308995813E+01-1.292178394E+01-1.274194359E+01-1.254992392E+01
-1.234580884E+01-1.213046901E+01-1.190559086E+01-1.167424860E+01-1.143630260E+01
-1.119157898E+01-1.093986800E+01-1.068092733E+01-1.041448391E+01-1.014023405E+01
-9.857842765E+00-9.566942159E+00-9.267129253E+00-8.957963641E+00-8.638964495E+00
-8.309606822E+00-7.969317559E+00-7.617470297E+00-7.253379728E+00-6.876294271E+00
-6.485388158E+00-6.079751149E+00-5.658377145E+00-5.220149849E+00-4.763826096E+00
-4.288015685E+00-3.791157312E+00-3.271489225E+00-2.727014103E+00-2.155456145E+00
-1.554208771E+00-9.202703685E-01-2.501648783E-01 4.601570528E-01 1.215441460E+00
 2.021283929E+00 2.884311795E+00 3.812377394E+00 4.814698489E+00 5.901679433E+00
 6.967515091E+00-6.869865657E+00-7.062493612E+00-7.209919353E+00-7.310577784E+00
-7.371075840E+00-7.417078174E+00-7.456879701E+00-7.493237263E+00-7.528332789E+00
-7.563773886E+00-7.600711366E+00-7.639969814E+00-7.682145459E+00-7.727673544E+00
-7.776873480E+00-7.829979690E+00-7.887163169E+00-7.948546525E+00-8.014214941E+00
-8.084224482E+00-8.158608084E+00-8.237380169E+00-8.320540106E+00-8.408075011E+00
-8.499961836E+00-8.596168746E+00-8.696656421E+00-8.801378803E+00-8.910283688E+00
-9.023312884E+00-9.140402563E+00-9.261482911E+00-9.386478044E+00-9.515305697E+00
-9.647876631E+00-9.784094002E+00-9.923852733E+00-1.006703872E+01-1.021352775E+01
-1.036318451E+01-1.051586138E+01-1.067139693E+01-1.082961467E+01-1.099032138E+01
-1.115330623E+01-1.131834054E+01-1.148517824E+01-1.165355290E+01-1.182318613E+01
-1.199373547E+01-1.216507161E+01-1.233571453E+01-1.250537652E+01-1.267322938E+01
-1.283831850E+01-1.299959436E+01-1.315604989E+01-1.330703244E+01-1.345183498E+01
-1.358976779E+01-1.372016759E+01-1.384239205E+01-1.395582206E+01-1.405986417E+01
-1.415395093E+01-1.423754186E+01-1.431012468E+01-1.437121703E+01-1.442036788E+01
-1.445715950E+01-1.448120938E+01-1.449217245E+01-1.448974321E+01-1.447365820E+01
-1.444369817E+01-1.439969073E+01-1.434151290E+01-1.426909370E+01-1.418241683E+01
-1.408152334E+01-1.396651438E+01-1.383755320E+01-1.369486734E+01-1.353874958E+01
-1.336956251E+01-1.318774365E+01-1.299383077E+01-1.278846087E+01-1.257116183E+01
-1.234189114E+01-1.210167074E+01-1.185261814E+01-1.159761077E+01-1.133647683E+01
-1.106898988E+01-1.079489561E+01-1.051391687E+01-1.022575309E+01-9.930078243E+00
-9.626538367E+00-9.314749319E+00-8.994294412E+00-8.664721776E+00-8.325541404E+00
-7.976221721E+00-7.616185646E+00-7.244805827E+00-6.861399553E+00-6.465221942E+00
-6.055458968E+00-5.631218474E+00-5.191520011E+00-4.735283015E+00-4.261312587E+00
-3.768282695E+00-3.254716539E+00-2.718962509E+00-2.159165153E+00-1.573229028E+00
-9.587724776E-01-3.130662420E-01 3.670520087E-01 1.085303424E+00 1.846163656E+00
 2.655182396E+00 3.519516165E+00 4.448769237E+00 5.455358788E+00 6.453872090E+00
-7.267101295E+00-7.476203837E+00-7.629638353E+00-7.724962405E+00-7.774001592E+00
-7.800542483E+00-7.819508993E+00-7.836888698E+00-7.855395104E+00-7.876465374E+00
-7.900949981E+00-7.929389324E+00-7.962141818E+00-7.999450280E+00-8.041479991E+00
-8.088341582E+00-8.140105895E+00-8.196814179E+00-8.258485071E+00-8.325119832E+00
-8.396706287E+00-8.473221348E+00-8.554633575E+00-8.640904671E+00-8.731990628E+00
-8.827842827E+00-8.928408394E+00-9.033630831E+00-9.143450014E+00-9.257802315E+00
-9.376620320E+00-9.499832638E+00-9.627363387E+00-9.759131719E+00-9.895051075E+00
-1.003502847E+01-1.017896368E+01-1.032674811E+01-1.047826404E+01-1.063338299E+01
-1.079196458E+01-1.095385437E+01-1.111888155E+01-1.128685564E+01-1.145756380E+01
-1.163077168E+01-1.180623974E+01-1.198366562E+01-1.216295426E+01-1.234274154E+01
-1.252279515E+01-1.270226487E+01-1.288011890E+01-1.305506563E+01-1.322616849E+01
-1.339270144E+01-1.355390733E+01-1.370905815E+01-1.385744484E+01-1.399837940E+01
-1.413119666E+01-1.425525358E+01-1.436992998E+01-1.447462971E+01-1.456878147E+01
-1.465184039E+01-1.472328938E+01-1.478264072E+01-1.482943802E+01-1.486325827E+01
-1.488371395E+01-1.489045555E+01-1.488317390E+01-1.486160267E+01-1.482552118E+01
-1.477475702E+01-1.470918911E+01-1.462875067E+01-1.453343174E+01-1.442328232E+01
-1.429841460E+01-1.415900569E+01-1.400529988E+01-1.383761056E+01-1.365632202E+01
-1.346188998E+01-1.325484979E+01-1.303583696E+01-1.280559949E+01-1.256377263E+01
-1.231021756E+01-1.204628300E+01-1.177472162E+01-1.149787421E+01-1.121540330E+01
-1.092702302E+01-1.063245439E+01-1.033140699E+01-1.002357126E+01-9.708614826E+00
-9.386180304E+00-9.055883235E+00-8.717310596E+00-8.370018515E+00-8.013530144E+00
-7.647333134E+00-7.270876410E+00-6.883567052E+00-6.484766320E+00-6.073785437E+00
-5.649880546E+00-5.212247547E+00-4.760015994E+00-4.292242473E+00-3.807903285E+00
-3.305886809E+00-2.784984659E+00-2.243882340E+00-1.681148630E+00-1.095223072E+00
-4.843999532E-01 1.531947757E-01 8.196413568E-01 1.517296924E+00 2.248944245E+00
 3.018150458E+00 3.830319445E+00 4.696588567E+00 5.564165727E+00-7.807416347E+00
-8.060662644E+00-8.233681725E+00-8.285502221E+00-8.231578831E+00-8.202378413E+00
-8.185241919E+00-8.175996143E+00-8.173639794E+00-8.177779115E+00-8.188216678E+00
-8.204832669E+00-8.227540805E+00-8.256269456E+00-8.290952945E+00-8.331527327E+00
-8.377928539E+00-8.430091532E+00-8.487950235E+00-8.551437667E+00-8.620486142E+00
-8.695027539E+00-8.774993735E+00-8.860316610E+00-8.950928280E+00-9.046761015E+00
-9.147747366E+00-9.253819684E+00-9.364910162E+00-9.480950167E+00-9.601870003E+00
-9.727598198E+00-9.858060761E+00-9.993180667E+00-1.013287667E+01-1.027706266E+01
-1.042564642E+01-1.057852871E+01-1.073560230E+01-1.089675079E+01-1.106184747E+01
-1.123075355E+01-1.140331442E+01-1.157935184E+01-1.175864709E+01-1.194090265E+01
-1.212608837E+01-1.231291140E+01-1.250129165E+01-1.269046890E+01-1.287933514E+01
-1.306646201E+01-1.325083662E+01-1.343167775E+01-1.360819280E+01-1.377960999E+01
-1.394517643E+01-1.410416198E+01-1.425585792E+01-1.439957647E+01-1.453465087E+01
-1.466043596E+01-1.477630868E+01-1.488166917E+01-1.497594162E+01-1.505857577E+01
-1.512904880E+01-1.518686732E+01-1.523156912E+01-1.526272587E+01-1.527994510E+01
-1.528287314E+01-1.527119733E+01-1.524464856E+01-1.520300418E+01-1.514609113E+01
-1.507378923E+01-1.498603432E+01-1.488282069E+01-1.476420480E+01-1.463030891E+01
-1.448132308E+01-1.431750695E+01-1.413919139E+01-1.394678104E+01-1.374075518E+01
-1.352166793E+01-1.329015180E+01-1.304693773E+01-1.279287516E+01-1.252750954E+01
-1.225071760E+01-1.196429101E+01-1.167284099E+01-1.137630838E+01-1.107453465E+01
-1.076730362E+01-1.045436230E+01-1.013543037E+01-9.810204654E+00-9.478360259E+00
-9.139551107E+00-8.793409365E+00-8.439544942E+00-8.077544265E+00-7.706969451E+00
-7.327357046E+00-6.938216766E+00-6.539030316E+00-6.129250479E+00-5.708300017E+00
-5.275571158E+00-4.830425831E+00-4.372196416E+00-3.900188208E+00-3.413683434E+00
-2.911948402E+00-2.394244504E+00-1.859845197E+00-1.308061737E+00-7.382823782E-01
-1.500329555E-01 4.569262654E-01 1.082437280E+00 1.725646063E+00 2.384391791E+00
 3.053749750E+00 3.722095685E+00 4.364431381E+00-8.190880696E+00-8.483349075E+00
-8.653527157E+00-8.697285626E+00-8.635693454E+00-8.571360672E+00-8.524251495E+00
-8.490969003E+00-8.469129227E+00-8.457228770E+00-8.454291362E+00-8.459651350E+00
-8.472830941E+00-8.493469790E+00-8.521283828E+00-8.556040481E+00-8.597543030E+00
-8.645620639E+00-8.700122134E+00-8.760911350E+00-8.827864417E+00-8.900867471E+00
-8.979815119E+00-9.064609454E+00-9.155158714E+00-9.251376814E+00-9.353182274E+00
-9.460497756E+00-9.573249147E+00-9.691364783E+00-9.814774806E+00-9.943410152E+00
-1.007720171E+01-1.021607916E+01-1.035997008E+01-1.050879859E+01-1.066248416E+01
-1.082094046E+01-1.098407436E+01-1.115178561E+01-1.132396738E+01-1.150050891E+01
-1.168129972E+01-1.186623226E+01-1.205521614E+01-1.224666693E+01-1.244093941E+01
-1.263748810E+01-1.283519835E+01-1.303267139E+01-1.322855778E+01-1.342206804E+01
-1.361237727E+01-1.379867393E+01-1.398016562E+01-1.415608235E+01-1.432567520E+01
-1.448821558E+01-1.464299479E+01-1.478932449E+01-1.492653645E+01-1.505398277E+01
-1.517103624E+01-1.527709248E+01-1.537157036E+01-1.545391308E+01-1.552359103E+01
-1.558010413E+01-1.562298439E+01-1.565179858E+01-1.566615073E+01-1.566568436E+01
-1.565008495E+01-1.561908218E+01-1.557245237E+01-1.551002088E+01-1.543166544E+01
-1.533732113E+01-1.522698333E+01-1.510071320E+01-1.495864248E+01-1.480097137E+01
-1.462797337E+01-1.443999728E+01-1.423746739E+01-1.402088455E+01-1.379082797E+01
-1.354795478E+01-1.329300198E+01-1.302681336E+01-1.275037703E+01-1.246301566E+01
-1.216505511E+01-1.185913875E+01-1.154903181E+01-1.123455250E+01-1.091547318E+01
-1.059154346E+01-1.026249724E+01-9.928054542E+00-9.587921851E+00-9.241792323E+00
-8.889345760E+00-8.530248608E+00-8.164154155E+00-7.790702843E+00-7.409522546E+00
-7.020229634E+00-6.622429918E+00-6.215720541E+00-5.799692500E+00-5.373934151E+00
-4.938036570E+00-4.491600288E+00-4.034245300E+00-3.565624325E+00-3.085441511E+00
-2.593477766E+00-2.089626267E+00-1.573941985E+00-1.046711891E+00-5.085561005E-01
 3.942368522E-02 5.954222708E-01 1.156596051E+00 1.718568233E+00 2.274776707E+00
 2.815920991E+00 3.330289032E+00-8.508382513E+00-8.814266761E+00-8.989290198E+00
-9.028752419E+00-8.957624453E+00-8.877812386E+00-8.814162944E+00-8.765211027E+00
-8.729267314E+00-8.704976551E+00-8.691284495E+00-8.687373019E+00-8.692599680E+00
-8.706450831E+00-8.728507539E+00-8.758421280E+00-8.795896992E+00-8.840680945E+00
-8.892552344E+00-8.951316953E+00-9.016802596E+00-9.088855577E+00-9.167338235E+00
-9.252126463E+00-9.343108327E+00-9.440182335E+00-9.543256214E+00-9.652245650E+00
-9.767073381E+00-9.887667818E+00-1.001396222E+01-1.014589355E+01-1.028340112E+01
-1.042642570E+01-1.057490765E+01-1.072878588E+01-1.088799561E+01-1.105246680E+01
-1.122212181E+01-1.139687391E+01-1.157662754E+01-1.176128444E+01-1.195076952E+01
-1.214499570E+01-1.234283452E+01-1.254415296E+01-1.274823777E+01-1.295381511E+01
-1.315912957E+01-1.336332940E+01-1.356555555E+01-1.376496498E+01-1.396073029E+01
-1.415204511E+01-1.433812405E+01-1.451820154E+01-1.469153148E+01-1.485738731E+01
-1.501506126E+01-1.516386381E+01-1.530312528E+01-1.543219532E+01-1.555044176E+01
-1.565725242E+01-1.575203662E+01-1.583423191E+01-1.590330560E+01-1.595875492E+01
-1.600010771E+01-1.602692499E+01-1.603880366E+01-1.603538006E+01-1.601633381E+01
-1.598139135E+01-1.593032996E+01-1.586298042E+01-1.577922902E+01-1.567901805E+01
-1.556234304E+01-1.542925527E+01-1.527988195E+01-1.511443008E+01-1.493319051E+01
-1.473652823E+01-1.452488763E+01-1.429879264E+01-1.405884629E+01-1.380573265E+01
-1.354021630E+01-1.326314356E+01-1.297547901E+01-1.267824025E+01-1.237049785E+01
-1.205329275E+01-1.173020287E+01-1.140376850E+01-1.107366685E+01-1.073962579E+01
-1.040138635E+01-1.005869003E+01-9.711274273E+00-9.358871286E+00-9.001208148E+00
-8.638007370E+00-8.268987958E+00-7.893866868E+00-7.512360739E+00-7.124188381E+00
-6.729073603E+00-6.326749320E+00-5.916962391E+00-5.499480164E+00-5.074098826E+00
-4.640654162E+00-4.199035577E+00-3.749204194E+00-3.291216344E+00-2.825254253E+00
-2.351666025E+00-1.871017969E+00-1.384163035E+00-8.923300285E-01-3.972384819E-01
 9.875782373E-02 5.925030052E-01 1.079870524E+00 1.555654576E+00 2.013627368E+00
 2.446867881E+00-8.781669185E+00-9.095390765E+00-9.277744467E+00-9.312779831E+00
-9.209683257E+00-9.121668785E+00-9.049624196E+00-8.991771601E+00-8.947079370E+00
-8.914592111E+00-8.893458920E+00-8.882940786E+00-8.882402908E+00-8.891301222E+00
-8.909168375E+00-8.935601037E+00-8.970249185E+00-9.012807554E+00-9.063008703E+00
-9.120617456E+00-9.185426496E+00-9.257252814E+00-9.335934595E+00-9.421328783E+00
-9.513309024E+00-9.611763778E+00-9.716594626E+00-9.827714968E+00-9.945048411E+00
-1.006852782E+01-1.019809381E+01-1.033369364E+01-1.047528002E+01-1.062280954E+01
-1.077624134E+01-1.093553519E+01-1.110064921E+01-1.127153663E+01-1.144814096E+01
-1.163038833E+01-1.181817183E+01-1.201131533E+01-1.220990336E+01-1.241301273E+01
-1.262045597E+01-1.283117475E+01-1.304360349E+01-1.325621379E+01-1.346815591E+01
-1.367857352E+01-1.388660945E+01-1.409142374E+01-1.429219752E+01-1.448813170E+01
-1.467844598E+01-1.486237963E+01-1.503919025E+01-1.520815279E+01-1.536856223E+01
-1.551972896E+01-1.566097687E+01-1.579164025E+01-1.591107816E+01-1.601867968E+01
-1.611386059E+01-1.619606167E+01-1.626474842E+01-1.631941232E+01-1.635957281E+01
-1.638478055E+01-1.639462090E+01-1.638871847E+01-1.636674201E+01-1.632840961E+01
-1.627349316E+01-1.620182263E+01-1.611328899E+01-1.600784671E+01-1.588551409E+01
-1.574636960E+01-1.559054646E+01-1.541822912E+01-1.522969360E+01-1.502531810E+01
-1.480557198E+01-1.457100154E+01-1.432223624E+01-1.405998674E+01-1.378504704E+01
-1.349829391E+01-1.320069091E+01-1.289334298E+01-1.257684702E+01-1.225030040E+01
-1.191590266E+01-1.157862460E+01-1.123842694E+01-1.089514815E+01-1.054858286E+01
-1.019850963E+01-9.844701115E+00-9.486928408E+00-9.124963703E+00-8.758581911E+00
-8.387562988E+00-8.011694179E+00-7.630772853E+00-7.244609934E+00-6.853034034E+00
-6.455896816E+00-6.053079019E+00-5.644498651E+00-5.230120452E+00-4.809968218E+00
-4.384139463E+00-3.952823972E+00-3.516326865E+00-3.075096469E+00-2.629759012E+00
-2.181160453E+00-1.730416564E+00-1.278971168E+00-8.286608748E-01-3.817813281E-01
 5.885553608E-02 4.898911921E-01 9.074422499E-01 1.307199536E+00 1.684615237E+00
-8.936924811E+00-9.256405100E+00-9.438180106E+00-9.477575427E+00-9.397164650E+00
-9.307404792E+00-9.231557587E+00-9.169268639E+00-9.119918159E+00-9.082852948E+00
-9.057427803E+00-9.043030067E+00-9.039092587E+00-9.045098762E+00-9.060582853E+00
-9.085127938E+00-9.118362324E+00-9.159955806E+00-9.209615688E+00-9.267083313E+00
-9.332130482E+00-9.404556535E+00-9.484185592E+00-9.570864194E+00-9.664459015E+00
-9.764855047E+00-9.871953714E+00-9.985671412E+00-1.010593805E+01-1.023269559E+01
-1.036589687E+01-1.050550442E+01-1.065148930E+01-1.080382985E+01-1.096251049E+01
-1.112752038E+01-1.129885180E+01-1.147649796E+01-1.166045119E+01-1.185070400E+01
-1.204726589E+01-1.224871711E+01-1.245581825E+01-1.266817422E+01-1.288449218E+01
-1.310282895E+01-1.332194319E+01-1.354092950E+01-1.375889998E+01-1.397497957E+01
-1.418831438E+01-1.439807186E+01-1.460343900E+01-1.480362239E+01-1.499784802E+01
-1.518535939E+01-1.536541963E+01-1.553730732E+01-1.570030765E+01-1.585370690E+01
-1.599681989E+01-1.612899368E+01-1.624960273E+01-1.635804452E+01-1.645373806E+01
-1.653612407E+01-1.660466406E+01-1.665884130E+01-1.669816377E+01-1.672216810E+01
-1.673042417E+01-1.672254054E+01-1.669817079E+01-1.665701960E+01-1.659884874E+01
-1.652348220E+01-1.643081177E+01-1.632080043E+01-1.619348138E+01-1.604895566E+01
-1.588739158E+01-1.570901563E+01-1.551410007E+01-1.530297883E+01-1.507611666E+01
-1.483408988E+01-1.457755304E+01-1.430724523E+01-1.402398870E+01-1.372869236E+01
-1.342235242E+01-1.310607056E+01-1.278111560E+01-1.244707379E+01-1.210424060E+01
-1.175624177E+01-1.140650162E+01-1.105469057E+01-1.070055783E+01-1.034388240E+01
-9.984456852E+00-9.622082828E+00-9.256570656E+00-8.887740754E+00-8.515426030E+00
-8.139474404E+00-7.759752272E+00-7.376148490E+00-6.988579058E+00-6.596992638E+00
-6.201377373E+00-5.801768760E+00-5.398259309E+00-4.991009926E+00-4.580263429E+00
-4.166360660E+00-3.749759376E+00-3.331056171E+00-2.911011737E+00-2.490579048E+00
-2.070933925E+00-1.653506388E+00-1.240009884E+00-8.324639240E-01-4.332033953E-01
-4.486651312E-02 3.296468808E-01 6.872520535E-01 1.024790191E+00-9.056840597E+00
-9.378653398E+00-9.562620735E+00-9.603726415E+00-9.528502664E+00-9.438723264E+00
-9.361829025E+00-9.298102084E+00-9.247126268E+00-9.208415075E+00-9.181451233E+00
-9.165712347E+00-9.160689144E+00-9.165897957E+00-9.180887982E+00-9.205245172E+00
-9.238593382E+00-9.280594055E+00-9.330944881E+00-9.389377551E+00-9.455655670E+00
-9.529572274E+00-9.610947465E+00-9.699626208E+00-9.795476398E+00-9.898386652E+00
-1.000826486E+01-1.012503635E+01-1.024864266E+01-1.037904013E+01-1.051619863E+01
-1.066010059E+01-1.081073996E+01-1.096812161E+01-1.113226038E+01-1.130318106E+01
-1.148091741E+01-1.166550982E+01-1.185699519E+01-1.205537378E+01-1.225932862E+01
-1.246952201E+01-1.268571172E+01-1.290657658E+01-1.312998999E+01-1.335477259E+01
-1.358001247E+01-1.380480011E+01-1.402824106E+01-1.424946524E+01-1.446762496E+01
-1.468189333E+01-1.489146413E+01-1.509555064E+01-1.529338445E+01-1.548421848E+01
-1.566730954E+01-1.584190432E+01-1.600726868E+01-1.616270712E+01-1.630755662E+01
-1.644117904E+01-1.656296018E+01-1.667230571E+01-1.676863669E+01-1.685139211E+01
-1.692002887E+01-1.697402034E+01-1.701286009E+01-1.703606753E+01-1.704319359E+01
-1.703382729E+01-1.700760278E+01-1.696420666E+01-1.690338537E+01-1.682495311E+01
-1.672880002E+01-1.661489462E+01-1.648327873E+01-1.633407328E+01-1.616747572E+01
-1.598374837E+01-1.578321504E+01-1.556624093E+01-1.533323279E+01-1.508474103E+01
-1.482145045E+01-1.454412548E+01-1.425361457E+01-1.395084810E+01-1.363683946E+01
-1.331267831E+01-1.297955430E+01-1.263871499E+01-1.228897756E+01-1.193222182E+01
-1.157411446E+01-1.121466114E+01-1.085374031E+01-1.049118962E+01-1.012683807E+01
-9.760519045E+00-9.392076595E+00-9.021369163E+00-8.648273153E+00-8.272685890E+00
-7.894529484E+00-7.513754841E+00-7.130346203E+00-6.744326736E+00-6.355764680E+00
-5.964780754E+00-5.571556351E+00-5.176343352E+00-4.779475073E+00-4.381378838E+00
-3.982589729E+00-3.583766016E+00-3.185705201E+00-2.789360810E+00-2.395858308E+00
-2.006509004E+00-1.622819528E+00-1.246494275E+00-8.794273587E-01-5.236809731E-01
-1.814475335E-01 1.450050790E-01 4.534035022E-01-9.153724740E+00-9.479652830E+00
-9.666742200E+00-9.707215011E+00-9.607836739E+00-9.517726267E+00-9.441709922E+00
-9.378804573E+00-9.328634983E+00-9.290763940E+00-9.264713332E+00-9.249989291E+00
-9.246101613E+00-9.252577978E+00-9.268973649E+00-9.294876982E+00-9.329912543E+00
-9.373741773E+00-9.426062481E+00-9.486607501E+00-9.555142762E+00-9.631465161E+00
-9.715400317E+00-9.806800562E+00-9.905542890E+00-1.001152699E+01-1.012467380E+01
-1.024492373E+01-1.037223538E+01-1.050658436E+01-1.064796216E+01-1.079637505E+01
-1.095184339E+01-1.111440091E+01-1.128409505E+01-1.146098877E+01-1.164516693E+01
-1.183675219E+01-1.203594390E+01-1.224112704E+01-1.245320446E+01-1.267204846E+01
-1.289637317E+01-1.312397361E+01-1.335355862E+01-1.358420974E+01-1.381500782E+01
-1.404504475E+01-1.427343620E+01-1.449932045E+01-1.472185687E+01-1.494022662E+01
-1.515363081E+01-1.536129149E+01-1.556244812E+01-1.575633074E+01-1.594215292E+01
-1.611916621E+01-1.628666483E+01-1.644397442E+01-1.659044977E+01-1.672546873E+01
-1.684842579E+01-1.695873691E+01-1.705582754E+01-1.713913133E+01-1.720809643E+01
-1.726218601E+01-1.730087912E+01-1.732367641E+01-1.733010664E+01-1.731973519E+01
-1.729217279E+01-1.724708539E+01-1.718420340E+01-1.710333087E+01-1.700435100E+01
-1.688722468E+01-1.675200052E+01-1.659882348E+01-1.642791175E+01-1.623956243E+01
-1.603413922E+01-1.581206134E+01-1.557378359E+01-1.531979159E+01-1.505073351E+01
-1.476740544E+01-1.447068135E+01-1.416151984E+01-1.384096356E+01-1.351014457E+01
-1.317029303E+01-1.282283212E+01-1.246775783E+01-1.210499537E+01-1.173852229E+01
-1.137187762E+01-1.100476115E+01-1.063695449E+01-1.026827714E+01-9.898572656E+00
-9.527705263E+00-9.155560271E+00-8.782046354E+00-8.407098265E+00-8.030680073E+00
-7.652788823E+00-7.273458911E+00-6.892766770E+00-6.510836154E+00-6.127844400E+00
-5.744029083E+00-5.359695548E+00-4.975225061E+00-4.591083716E+00-4.207831848E+00
-3.826133270E+00-3.446764852E+00-3.070624791E+00-2.698739421E+00-2.332267149E+00
-1.972498264E+00-1.620849114E+00-1.278849196E+00-9.481198501E-01-6.303440268E-01
-3.272272686E-01-4.045131896E-02-9.154767441E+00-9.480405237E+00-9.667258251E+00
-9.710737971E+00-9.631921128E+00-9.544886318E+00-9.471494236E+00-9.411458766E+00
-9.364348565E+00-9.329667125E+00-9.306886495E+00-9.295473801E+00-9.294910747E+00
-9.304706694E+00-9.324406620E+00-9.353595178E+00-9.391898235E+00-9.438982471E+00
-9.494553812E+00-9.558355493E+00-9.630165578E+00-9.709794517E+00-9.797082862E+00
-9.891898861E+00-9.994136610E+00-1.010371416E+01-1.022057189E+01-1.034467109E+01
-1.047599287E+01-1.061453684E+01-1.076032035E+01-1.091337714E+01-1.107375644E+01
-1.124152100E+01-1.141674443E+01-1.159950682E+01-1.178988772E+01-1.198795695E+01
-1.219376843E+01-1.240662186E+01-1.262683459E+01-1.285339622E+01-1.308423240E+01
-1.331767941E+01-1.355282578E+01-1.378875135E+01-1.402453804E+01-1.425928893E+01
-1.449212930E+01-1.472220563E+01-1.494868650E+01-1.517076115E+01-1.538764189E+01
-1.559855562E+01-1.580270670E+01-1.599928206E+01-1.618751563E+01-1.636668741E+01
-1.653611210E+01-1.669513772E+01-1.684313360E+01-1.697949703E+01-1.710363590E+01
-1.721496360E+01-1.731290916E+01-1.739690853E+01-1.746640439E+01-1.752084745E+01
-1.755969985E+01-1.758244163E+01-1.758857798E+01-1.757764868E+01-1.754923865E+01
-1.750298944E+01-1.743860989E+01-1.735588673E+01-1.725469365E+01-1.713499567E+01
-1.699685298E+01-1.684040777E+01-1.666590070E+01-1.647366433E+01-1.626409672E+01
-1.603766207E+01-1.579487079E+01-1.553625717E+01-1.526238838E+01-1.497403194E+01
-1.467209344E+01-1.435755338E+01-1.403147499E+01-1.369500382E+01-1.334936343E+01
-1.299587244E+01-1.263596642E+01-1.226838169E+01-1.189539375E+01-1.152266699E+01
-1.115016831E+01-1.077777976E+01-1.040536208E+01-1.003278138E+01-9.659920461E+00
-9.286684781E+00-8.913006174E+00-8.538845755E+00-8.164197179E+00-7.789089642E+00
-7.413591540E+00-7.037814413E+00-6.661917158E+00-6.286110915E+00-5.910663953E+00
-5.535907226E+00-5.162239967E+00-4.790135360E+00-4.420146372E+00-4.052910720E+00
-3.689155604E+00-3.329700731E+00-2.975459770E+00-2.627439131E+00-2.286733477E+00
-1.954517189E+00-1.632031161E+00-1.320564512E+00-1.021431156E+00-7.359416586E-01
-4.653713349E-01-9.113904183E+00-9.437434633E+00-9.624601817E+00-9.670382806E+00
-9.601808540E+00-9.519217804E+00-9.450422705E+00-9.395553143E+00-9.353976326E+00
-9.325015219E+00-9.307998971E+00-9.302290576E+00-9.307301920E+00-9.322500722E+00
-9.347411707E+00-9.381615235E+00-9.424743553E+00-9.476477174E+00-9.536540617E+00
-9.604698473E+00-9.680751893E+00-9.764535362E+00-9.855913897E+00-9.954780452E+00
-1.006105410E+01-1.017467811E+01-1.029561839E+01-1.042386262E+01-1.055941907E+01
-1.070231587E+01-1.085260065E+01-1.101033977E+01-1.117561808E+01-1.134853737E+01
-1.152921353E+01-1.171776855E+01-1.191430960E+01-1.211887437E+01-1.233082473E+01
-1.255072538E+01-1.277801385E+01-1.301091199E+01-1.324712553E+01-1.348572938E+01
-1.372579577E+01-1.396639106E+01-1.420660165E+01-1.444553823E+01-1.468233318E+01
-1.491614164E+01-1.514614082E+01-1.537153104E+01-1.559153097E+01-1.580533010E+01
-1.601208815E+01-1.621101521E+01-1.640137224E+01-1.658246043E+01-1.675361727E+01
-1.691420732E+01-1.706362745E+01-1.720127615E+01-1.732657028E+01-1.743893777E+01
-1.753781193E+01-1.762262908E+01-1.769282848E+01-1.774784193E+01-1.778710538E+01
-1.781007773E+01-1.781624749E+01-1.780513738E+01-1.777631456E+01-1.772939852E+01
-1.766406563E+01-1.758006539E+01-1.747725931E+01-1.735561381E+01-1.721519495E+01
-1.705616701E+01-1.687878596E+01-1.668339277E+01-1.647043186E+01-1.624040234E+01
-1.599386116E+01-1.573139994E+01-1.545361455E+01-1.516117670E+01-1.485498983E+01
-1.453606026E+01-1.420547389E+01-1.386439991E+01-1.351409796E+01-1.315592693E+01
-1.279144962E+01-1.242036419E+01-1.204305798E+01-1.166442500E+01-1.128701903E+01
-1.091059516E+01-1.053496196E+01-1.015996726E+01-9.785492438E+00-9.411450413E+00
-9.037786070E+00-8.664477028E+00-8.291535699E+00-7.919011726E+00-7.546994467E+00
-7.175616145E+00-6.805055041E+00-6.435539002E+00-6.067348944E+00-5.700822439E+00
-5.336357340E+00-4.974415092E+00-4.615523605E+00-4.260279618E+00-3.909350008E+00
-3.563471883E+00-3.223451034E+00-2.890158265E+00-2.564523318E+00-2.247525944E+00
-1.940183988E+00-1.643538275E+00-1.358634550E+00-1.086502776E+00-8.281344894E-01
-9.044957949E+00-9.368790118E+00-9.556442897E+00-9.602825434E+00-9.515981512E+00
-9.438126523E+00-9.376725673E+00-9.330105244E+00-9.297195232E+00-9.276991114E+00
-9.268590767E+00-9.271208333E+00-9.284170716E+00-9.306906431E+00-9.338932206E+00
-9.379840497E+00-9.429288214E+00-9.486987468E+00-9.552698001E+00-9.626220928E+00
-9.707394001E+00-9.796087559E+00-9.892201290E+00-9.995661754E+00-1.010642049E+01
-1.022445224E+01-1.034975394E+01-1.048234383E+01-1.062226079E+01-1.076956439E+01
-1.092433501E+01-1.108667450E+01-1.125670826E+01-1.143458854E+01-1.162050212E+01
-1.181468697E+01-1.201746944E+01-1.222709178E+01-1.244499067E+01-1.267126340E+01
-1.290457727E+01-1.314238274E+01-1.338331583E+01-1.362643818E+01-1.387080334E+01
-1.411547834E+01-1.435955648E+01-1.460215466E+01-1.484241281E+01-1.507949455E+01
-1.531258570E+01-1.554089887E+01-1.576362547E+01-1.597990194E+01-1.618890539E+01
-1.638987208E+01-1.658208299E+01-1.676486114E+01-1.693756239E+01-1.709957900E+01
-1.725030458E+01-1.738915934E+01-1.751557572E+01-1.762899828E+01-1.772887755E+01
-1.781462483E+01-1.788564173E+01-1.794135668E+01-1.798120214E+01-1.800462442E+01
-1.801109279E+01-1.800010880E+01-1.797121715E+01-1.792401681E+01-1.785817350E+01
-1.777343456E+01-1.766963089E+01-1.754666316E+01-1.740460785E+01-1.724365600E+01
-1.706408920E+01-1.686627706E+01-1.665066927E+01-1.641781349E+01-1.616830354E+01
-1.590277489E+01-1.562188248E+01-1.532626953E+01-1.501676484E+01-1.469439490E+01
-1.436025960E+01-1.401553989E+01-1.366149794E+01-1.329947342E+01-1.293092121E+01
-1.255710553E+01-1.217676790E+01-1.179349429E+01-1.141212680E+01-1.103241850E+01
-1.065417711E+01-1.027725339E+01-9.901534650E+00-9.526941903E+00-9.153429561E+00
-8.780985845E+00-8.409634590E+00-8.039436865E+00-7.670493218E+00-7.302945879E+00
-6.936981246E+00-6.572832090E+00-6.210780076E+00-5.851157733E+00-5.494350622E+00
-5.140798792E+00-4.790997966E+00-4.445499692E+00-4.104910995E+00-3.769892603E+00
-3.441155841E+00-3.119458030E+00-2.805596008E+00-2.500397751E+00-2.204711988E+00
-1.919395848E+00-1.645300740E+00-1.383256758E+00-1.134056068E+00-8.876856128E+00
-9.194204840E+00-9.380245284E+00-9.430769979E+00-9.364256844E+00-9.297254567E+00
-9.247948018E+00-9.214212671E+00-9.194263111E+00-9.186639244E+00-9.190187183E+00
-9.204005593E+00-9.227389780E+00-9.259785199E+00-9.300751997E+00-9.349938615E+00
-9.407062798E+00-9.471897960E+00-9.544263022E+00-9.624015202E+00-9.711044457E+00
-9.805269784E+00-9.906635943E+00-1.001511146E+01-1.013068698E+01-1.025337415E+01
-1.038320475E+01-1.052023032E+01-1.066452212E+01-1.081617115E+01-1.097528849E+01
-1.114200618E+01-1.131647818E+01-1.149888145E+01-1.168941683E+01-1.188830796E+01
-1.209579297E+01-1.231085137E+01-1.253444089E+01-1.276622155E+01-1.300441789E+01
-1.324649290E+01-1.349150180E+01-1.373850442E+01-1.398655290E+01-1.423472166E+01
-1.448211118E+01-1.472784504E+01-1.497107140E+01-1.521096128E+01-1.544671444E+01
-1.567753529E+01-1.590256304E+01-1.612093311E+01-1.633184738E+01-1.653455906E+01
-1.672837068E+01-1.691261980E+01-1.708669210E+01-1.724997513E+01-1.740188737E+01
-1.754186729E+01-1.766937771E+01-1.778388095E+01-1.788476206E+01-1.797143696E+01
-1.804332143E+01-1.809983186E+01-1.814038945E+01-1.816442747E+01-1.817139971E+01
-1.816079069E+01-1.813212685E+01-1.808498887E+01-1.801902488E+01-1.793396342E+01
-1.782962589E+01-1.770593960E+01-1.756289406E+01-1.740067092E+01-1.721959655E+01
-1.702007220E+01-1.680257147E+01-1.656765929E+01-1.631596729E+01-1.604817027E+01
-1.576496370E+01-1.546703424E+01-1.515512218E+01-1.483023900E+01-1.449350107E+01
-1.414610091E+01-1.378930905E+01-1.342447636E+01-1.305304374E+01-1.267665254E+01
-1.229407054E+01-1.190737482E+01-1.152301402E+01-1.114079035E+01-1.076055261E+01
-1.038217852E+01-1.000557204E+01-9.630664924E+00-9.257419157E+00-8.885829182E+00
-8.515924233E+00-8.147770186E+00-7.781471487E+00-7.417172811E+00-7.055060989E+00
-6.695366309E+00-6.338364132E+00-5.984375838E+00-5.633769849E+00-5.286961867E+00
-4.944414673E+00-4.606637426E+00-4.274183879E+00-3.947649712E+00-3.627668860E+00
-3.314908404E+00-3.010062420E+00-2.713844255E+00-2.426977566E+00-2.150186090E+00
-1.884182321E+00-1.629655360E+00-1.387258269E+00-8.633619124E+00-8.937801247E+00
-9.121374749E+00-9.179923134E+00-9.138233833E+00-9.091164135E+00-9.062350578E+00
-9.048655015E+00-9.047445616E+00-9.056982158E+00-9.076104767E+00-9.104018485E+00
-9.140162110E+00-9.184128647E+00-9.235616849E+00-9.294400251E+00-9.360307899E+00
-9.433211431E+00-9.513016209E+00-9.599655845E+00-9.693088065E+00-9.793292026E+00
-9.900266468E+00-1.001402857E+01-1.013461316E+01-1.026207224E+01-1.039647496E+01
-1.053790757E+01-1.068647395E+01-1.084229575E+01-1.100551321E+01-1.117628566E+01
-1.135479239E+01-1.154123289E+01-1.173582687E+01-1.193881315E+01-1.215044647E+01
-1.237010233E+01-1.259845742E+01-1.283472442E+01-1.307670597E+01-1.332236543E+01
-1.357077977E+01-1.382100986E+01-1.407211603E+01-1.432318245E+01-1.457331695E+01
-1.482165060E+01-1.506733918E+01-1.530956162E+01-1.554752673E+01-1.578041509E+01
-1.600733337E+01-1.622743559E+01-1.643994013E+01-1.664411738E+01-1.683928190E+01
-1.702479817E+01-1.720005178E+01-1.736444771E+01-1.751742358E+01-1.765844896E+01
-1.778701425E+01-1.790250369E+01-1.800433586E+01-1.809192877E+01-1.816469432E+01
-1.822204229E+01-1.826338555E+01-1.828814709E+01-1.829576891E+01-1.828572211E+01
-1.825751877E+01-1.821072459E+01-1.814497249E+01-1.805997627E+01-1.795554395E+01
-1.783158974E+01-1.768814435E+01-1.752529606E+01-1.734338012E+01-1.714284076E+01
-1.692418856E+01-1.668798822E+01-1.643491130E+01-1.616565639E+01-1.588095198E+01
-1.558152818E+01-1.526809398E+01-1.494160425E+01-1.460319098E+01-1.425405584E+01
-1.389547931E+01-1.352882500E+01-1.315554046E+01-1.277725014E+01-1.239338530E+01
-1.200447708E+01-1.161792742E+01-1.123382275E+01-1.085211671E+01-1.047272392E+01
-1.009556010E+01-9.720559881E+00-9.347685216E+00-8.976929953E+00-8.608322342E+00
-8.241927194E+00-7.877847262E+00-7.516224463E+00-7.157241254E+00-6.801121344E+00
-6.448130324E+00-6.098576373E+00-5.752809987E+00-5.411223741E+00-5.074251301E+00
-4.742365892E+00-4.416077890E+00-4.095931755E+00-3.782502028E+00-3.476388260E+00
-3.178209105E+00-2.888595337E+00-2.608181957E+00-2.337599451E+00-2.077464409E+00
-1.828369593E+00-1.590873836E+00-8.315707949E+00-8.595060997E+00-8.774509125E+00
-8.851513130E+00-8.826823766E+00-8.817930337E+00-8.823947110E+00-8.839741155E+00
-8.863551484E+00-8.894560956E+00-8.932333029E+00-8.976614287E+00-9.027250324E+00
-9.084145164E+00-9.147239944E+00-9.216501332E+00-9.291914791E+00-9.373480635E+00
-9.461211945E+00-9.555133425E+00-9.655280769E+00-9.761700746E+00-9.874451034E+00
-9.993600978E+00-1.011923166E+01-1.025143673E+01-1.039032309E+01-1.053601144E+01
-1.068863721E+01-1.084835152E+01-1.101532196E+01-1.118973364E+01-1.137179004E+01
-1.156171426E+01-1.175974964E+01-1.196616130E+01-1.218123767E+01-1.240449517E+01
-1.263650201E+01-1.287620510E+01-1.312109617E+01-1.336955108E+01-1.362063460E+01
-1.387340054E+01-1.412691188E+01-1.438025817E+01-1.463255258E+01-1.488293239E+01
-1.513055984E+01-1.537462242E+01-1.561433063E+01-1.584883917E+01-1.607724993E+01
-1.629873222E+01-1.651251512E+01-1.671788320E+01-1.691416098E+01-1.710073170E+01
-1.727697931E+01-1.744232933E+01-1.759623818E+01-1.773821284E+01-1.786769330E+01
-1.798407647E+01-1.808678969E+01-1.817525059E+01-1.824886926E+01-1.830705171E+01
-1.834920568E+01-1.837474757E+01-1.838311159E+01-1.837375991E+01-1.834619416E+01
-1.829996907E+01-1.823470619E+01-1.815010826E+01-1.804597253E+01-1.792220358E+01
-1.777882386E+01-1.761596336E+01-1.743385338E+01-1.723298874E+01-1.701390508E+01
-1.677719144E+01-1.652352531E+01-1.625362854E+01-1.596825447E+01-1.566815966E+01
-1.535406517E+01-1.502685845E+01-1.468767426E+01-1.433771966E+01-1.397828154E+01
-1.361072995E+01-1.323651906E+01-1.285726617E+01-1.247348320E+01-1.208466872E+01
-1.169573150E+01-1.131001722E+01-1.092724941E+01-1.054723758E+01-1.016984642E+01
-9.794983986E+00-9.422597044E+00-9.052669756E+00-8.685223476E+00-8.320317225E+00
-7.958048199E+00-7.598552407E+00-7.242005291E+00-6.888622130E+00-6.538658309E+00
-6.192408968E+00-5.850209000E+00-5.512431712E+00-5.179487843E+00-4.851823312E+00
-4.529916701E+00-4.214276024E+00-3.905434360E+00-3.603945241E+00-3.310376776E+00
-3.025305262E+00-2.749308014E+00-2.482955594E+00-2.226803561E+00-1.981383939E+00
-1.747196578E+00-7.853950571E+00-8.074592121E+00-8.245871056E+00-8.365549028E+00
-8.444471736E+00-8.502754492E+00-8.554176977E+00-8.604421307E+00-8.655959231E+00
-8.710092659E+00-8.767609730E+00-8.829035126E+00-8.894742902E+00-8.965014644E+00
-9.040072209E+00-9.120097544E+00-9.205245605E+00-9.295653225E+00-9.391445538E+00
-9.492740463E+00-9.599652614E+00-9.712296131E+00-9.830787044E+00-9.955245560E+00
-1.008579760E+01-1.022257668E+01-1.036572521E+01-1.051539607E+01-1.067175385E+01
-1.083497632E+01-1.100525557E+01-1.118279962E+01-1.136783349E+01-1.156060084E+01
-1.176136517E+01-1.197041192E+01-1.218805078E+01-1.241383452E+01-1.264831461E+01
-1.289036294E+01-1.313736667E+01-1.338783792E+01-1.364084242E+01-1.389543251E+01
-1.415067359E+01-1.440565889E+01-1.465950575E+01-1.491135640E+01-1.516037804E+01
-1.540576490E+01-1.564672833E+01-1.588241006E+01-1.611191608E+01-1.633442504E+01
-1.654917357E+01-1.675545462E+01-1.695260253E+01-1.714000697E+01-1.731705805E+01
-1.748319267E+01-1.763788394E+01-1.778065778E+01-1.791091176E+01-1.802807118E+01
-1.813156485E+01-1.822081122E+01-1.829522028E+01-1.835419725E+01-1.839714776E+01
-1.842348531E+01-1.843264086E+01-1.842407386E+01-1.839727872E+01-1.835180304E+01
-1.828726203E+01-1.820335146E+01-1.809986176E+01-1.797669101E+01-1.783385595E+01
-1.767150070E+01-1.748981438E+01-1.728929504E+01-1.707049973E+01-1.683403723E+01
-1.658057747E+01-1.631086174E+01-1.602565586E+01-1.572572933E+01-1.541182056E+01
-1.508476822E+01-1.474569773E+01-1.439581605E+01-1.403640812E+01-1.366883848E+01
-1.329455080E+01-1.291511664E+01-1.253179220E+01-1.214326450E+01-1.175362621E+01
-1.136740297E+01-1.098436363E+01-1.060432212E+01-1.022713588E+01-9.852703255E+00
-9.480961711E+00-9.111887062E+00-8.745493095E+00-8.381831623E+00-8.020992750E+00
-7.663105312E+00-7.308337032E+00-6.956894755E+00-6.609024333E+00-6.265010425E+00
-5.925175711E+00-5.589879905E+00-5.259518181E+00-4.934519007E+00-4.615341462E+00
-4.302471890E+00-3.996419683E+00-3.697712737E+00-3.406891607E+00-3.124503609E+00
-2.851095899E+00-2.587208195E+00-2.333365099E+00-2.090068149E+00-1.857787880E+00
-7.506471068E+00-7.703798050E+00-7.870500489E+00-8.005477455E+00-8.112933276E+00
-8.204903470E+00-8.287937447E+00-8.365781286E+00-8.441172642E+00-8.516032424E+00
-8.591712221E+00-8.669186496E+00-8.749178932E+00-8.832243404E+00-8.918816338E+00
-9.009251223E+00-9.103842253E+00-9.202840795E+00-9.306467327E+00-9.414920421E+00
-9.528383245E+00-9.647028996E+00-9.771024965E+00-9.900536077E+00-1.003572769E+01
-1.017676812E+01-1.032383079E+01-1.047709617E+01-1.063675379E+01-1.080300373E+01
-1.097605855E+01-1.115614478E+01-1.134350467E+01-1.153839768E+01-1.174110179E+01
-1.195191450E+01-1.217115316E+01-1.239833175E+01-1.263407431E+01-1.287735659E+01
-1.312564847E+01-1.337733799E+01-1.363149283E+01-1.388717014E+01-1.414343883E+01
-1.439939551E+01-1.465416120E+01-1.490688180E+01-1.515672833E+01-1.540289885E+01
-1.564460909E+01-1.588100599E+01-1.611119902E+01-1.633437047E+01-1.654976081E+01
-1.675666697E+01-1.695442738E+01-1.714243578E+01-1.732008647E+01-1.748682067E+01
-1.764211692E+01-1.778550569E+01-1.791638356E+01-1.803418231E+01-1.813833372E+01
-1.822825902E+01-1.830337060E+01-1.836307559E+01-1.840678106E+01-1.843390089E+01
-1.844386814E+01-1.843614373E+01-1.841022034E+01-1.836564233E+01-1.830202373E+01
-1.821905812E+01-1.811653307E+01-1.799434343E+01-1.785250253E+01-1.769115098E+01
-1.751047427E+01-1.731095692E+01-1.709316315E+01-1.685770615E+01-1.660524961E+01
-1.633654007E+01-1.605234458E+01-1.575343529E+01-1.544055666E+01-1.511452164E+01
-1.477644291E+01-1.442752278E+01-1.406903946E+01-1.370234886E+01-1.332888470E+01
-1.295019558E+01-1.256781637E+01-1.218016530E+01-1.179091726E+01-1.140513029E+01
-1.102259868E+01-1.064314793E+01-1.026663798E+01-9.892964610E+00-9.522060103E+00
-9.153893763E+00-8.788472209E+00-8.425839923E+00-8.066079604E+00-7.709312443E+00
-7.355698679E+00-7.005437433E+00-6.658766954E+00-6.315964256E+00-5.977344259E+00
-5.643259152E+00-5.314096544E+00-4.990277495E+00-4.672254071E+00-4.360505761E+00
-4.055535575E+00-3.757865388E+00-3.468030334E+00-3.186572835E+00-2.914035749E+00
-2.650955092E+00-2.397852310E+00-2.155226365E+00-1.923545658E+00-7.225610566E+00
-7.412244678E+00-7.575824690E+00-7.715604026E+00-7.833997662E+00-7.941760049E+00
-8.042614137E+00-8.138504907E+00-8.231207651E+00-8.322230687E+00-8.412806936E+00
-8.503929416E+00-8.596397301E+00-8.690858550E+00-8.787844973E+00-8.887799695E+00
-8.991098032E+00-9.098063766E+00-9.208981400E+00-9.324105964E+00-9.443670703E+00
-9.567892784E+00-9.696978699E+00-9.831127926E+00-9.970536555E+00-1.011540016E+01
-1.026591642E+01-1.042228728E+01-1.058472113E+01-1.075343490E+01-1.092865600E+01
-1.111062422E+01-1.129959396E+01-1.149583632E+01-1.169964093E+01-1.191131703E+01
-1.213119029E+01-1.235860177E+01-1.259435552E+01-1.283771632E+01-1.308643395E+01
-1.333849886E+01-1.359299222E+01-1.384898240E+01-1.410554205E+01-1.436177020E+01
-1.461679053E+01-1.486975118E+01-1.511982572E+01-1.536621301E+01-1.560813652E+01
-1.584476600E+01-1.607521449E+01-1.629866201E+01-1.651434911E+01-1.672157219E+01
-1.691966797E+01-1.710803202E+01-1.728606008E+01-1.745319099E+01-1.760889557E+01
-1.775269800E+01-1.788403464E+01-1.800231981E+01-1.810699026E+01-1.819747203E+01
-1.827318240E+01-1.833353358E+01-1.837793796E+01-1.840581527E+01-1.841660136E+01
-1.840975874E+01-1.838478676E+01-1.834123648E+01-1.827872374E+01-1.819694404E+01
-1.809568588E+01-1.797484377E+01-1.783442936E+01-1.767458010E+01-1.749547699E+01
-1.729760701E+01-1.708152001E+01-1.684781809E+01-1.659715902E+01-1.633027890E+01
-1.604793652E+01-1.575089586E+01-1.543989345E+01-1.511573612E+01-1.477952759E+01
-1.443246048E+01-1.407580258E+01-1.371089818E+01-1.333916889E+01-1.296214718E+01
-1.258142143E+01-1.219535559E+01-1.180745012E+01-1.142295600E+01-1.104167192E+01
-1.066342505E+01-1.028807363E+01-9.915509120E+00-9.545657833E+00-9.178481871E+00
-8.813980171E+00-8.452189019E+00-8.093183077E+00-7.737075696E+00-7.384019588E+00
-7.034207138E+00-6.687870607E+00-6.345282123E+00-6.006753335E+00-5.672634542E+00
-5.343313706E+00-5.019214450E+00-4.700793724E+00-4.388538859E+00-4.082963462E+00
-3.784602952E+00-3.494008947E+00-3.211742992E+00-2.938369485E+00-2.674447929E+00
-2.420524632E+00-2.177124039E+00-1.944739921E+00-6.988210990E+00-7.168271303E+00
-7.329380196E+00-7.470531768E+00-7.592526335E+00-7.708458071E+00-7.819559266E+00
-7.926821755E+00-8.031325038E+00-8.134096450E+00-8.236067230E+00-8.338057197E+00
-8.440776719E+00-8.544837549E+00-8.650766493E+00-8.759019479E+00-8.869994438E+00
-8.984042340E+00-9.101476645E+00-9.222581302E+00-9.347617371E+00-9.476828378E+00
-9.610445125E+00-9.748689547E+00-9.891778024E+00-1.003992438E+01-1.019334234E+01
-1.035224791E+01-1.051686164E+01-1.068741039E+01-1.086412965E+01-1.104726559E+01
-1.123707756E+01-1.143384184E+01-1.163785716E+01-1.184945556E+01-1.206902616E+01
-1.229555616E+01-1.253011509E+01-1.277239978E+01-1.302056306E+01-1.327208139E+01
-1.352604515E+01-1.378152845E+01-1.403760302E+01-1.429336657E+01-1.454794342E+01
-1.480048235E+01-1.505015789E+01-1.529616817E+01-1.553774213E+01-1.577408415E+01
-1.600432130E+01-1.622762510E+01-1.644323277E+01-1.665043426E+01-1.684856376E+01
-1.703700720E+01-1.721516816E+01-1.738247368E+01-1.753838278E+01-1.768239179E+01
-1.781400197E+01-1.793260698E+01-1.803764743E+01-1.812855499E+01-1.820475360E+01
-1.826566306E+01-1.831070393E+01-1.833930466E+01-1.835090989E+01-1.834499067E+01
-1.832105596E+01-1.827866543E+01-1.821744302E+01-1.813709064E+01-1.803740190E+01
-1.791827441E+01-1.777972055E+01-1.762185788E+01-1.744489812E+01-1.724931905E+01
-1.703564048E+01-1.680443825E+01-1.655636621E+01-1.629213470E+01-1.601248455E+01
-1.571816117E+01-1.540987991E+01-1.508846126E+01-1.475500414E+01-1.441068650E+01
-1.405676211E+01-1.369456090E+01-1.332548837E+01-1.295106355E+01-1.257279131E+01
-1.218905995E+01-1.180342990E+01-1.142106759E+01-1.104176439E+01-1.066533946E+01
-1.029164269E+01-9.920556870E+00-9.551998980E+00-9.185921745E+00-8.822314249E+00
-8.461203206E+00-8.102653743E+00-7.746770189E+00-7.393697218E+00-7.043620322E+00
-6.696766675E+00-6.353405533E+00-6.013848308E+00-5.678448527E+00-5.347601169E+00
-5.021741319E+00-4.701342398E+00-4.386913562E+00-4.078995921E+00-3.778158146E+00
-3.484990828E+00-3.200099837E+00-2.924098602E+00-2.657599435E+00-2.401204038E+00
-2.155493334E+00-1.921017004E+00-6.776328557E+00-6.951443794E+00-7.110005094E+00
-7.251445384E+00-7.378029685E+00-7.498521211E+00-7.615669989E+00-7.730125831E+00
-7.842552455E+00-7.953627961E+00-8.064011775E+00-8.174324000E+00-8.285134744E+00
-8.396961318E+00-8.510269854E+00-8.625479560E+00-8.742968472E+00-8.863079205E+00
-8.986124471E+00-9.112392632E+00-9.242152077E+00-9.375655590E+00-9.513143980E+00
-9.654849348E+00-9.800997844E+00-9.951812193E+00-1.010751402E+01-1.026832588E+01
-1.043447314E+01-1.060618567E+01-1.078369941E+01-1.096725806E+01-1.115711404E+01
-1.135352909E+01-1.155677321E+01-1.176711915E+01-1.198482577E+01-1.221009141E+01
-1.244255702E+01-1.268262274E+01-1.292900235E+01-1.317906109E+01-1.343160998E+01
-1.368573614E+01-1.394051483E+01-1.419504188E+01-1.444844179E+01-1.469986343E+01
-1.494848099E+01-1.519349265E+01-1.543412474E+01-1.566961231E+01-1.589912530E+01
-1.612182381E+01-1.633693544E+01-1.654374014E+01-1.674156777E+01-1.692978427E+01
-1.710780268E+01-1.727503689E+01-1.743093465E+01-1.757496421E+01-1.770662353E+01
-1.782538086E+01-1.793064132E+01-1.802184492E+01-1.809842459E+01-1.815981016E+01
-1.820543355E+01-1.823473526E+01-1.824717285E+01-1.824223065E+01-1.821943111E+01
-1.817834694E+01-1.811861417E+01-1.803994555E+01-1.794214337E+01-1.782511149E+01
-1.768886563E+01-1.753347522E+01-1.735924820E+01-1.716660574E+01-1.695603428E+01
-1.672807381E+01-1.648337017E+01-1.622259925E+01-1.594647241E+01-1.565570667E+01
-1.535098710E+01-1.503317143E+01-1.470335066E+01-1.436268497E+01-1.401241108E+01
-1.365384310E+01-1.328836978E+01-1.291750471E+01-1.254245611E+01-1.216181629E+01
-1.177941304E+01-1.140004436E+01-1.102347988E+01-1.064952087E+01-1.027800229E+01
-9.908793484E+00-9.541798955E+00-9.176958973E+00-8.814250450E+00-8.453687805E+00
-8.095324267E+00-7.739252936E+00-7.385608282E+00-7.034567484E+00-6.686351609E+00
-6.341227037E+00-5.999506361E+00-5.661549137E+00-5.327762203E+00-4.998599438E+00
-4.674560659E+00-4.356189852E+00-4.044072096E+00-3.738829457E+00-3.441115359E+00
-3.151607464E+00-2.870999089E+00-2.599989078E+00-2.339270341E+00-2.089517297E+00
-1.851372556E+00-6.588243135E+00-6.759530502E+00-6.915800619E+00-7.056552958E+00
-7.183728917E+00-7.306553705E+00-7.427293959E+00-7.546326611E+00-7.664065826E+00
-7.780956382E+00-7.897453024E+00-8.014004865E+00-8.131044822E+00-8.248983201E+00
-8.368204929E+00-8.489069054E+00-8.611909956E+00-8.737039520E+00-8.864749496E+00
-8.995314418E+00-9.128994361E+00-9.266037461E+00-9.406682556E+00-9.551161235E+00
-9.699700200E+00-9.852522885E+00-1.000985138E+01-1.017190806E+01-1.033891699E+01
-1.051110522E+01-1.068870434E+01-1.087195130E+01-1.106108987E+01-1.125637140E+01
-1.145805641E+01-1.166641730E+01-1.188174582E+01-1.210437566E+01-1.233354083E+01
-1.256996323E+01-1.281302688E+01-1.306071493E+01-1.331094084E+01-1.356281983E+01
-1.381544890E+01-1.406792679E+01-1.431937743E+01-1.456894959E+01-1.481581605E+01
-1.505917428E+01-1.529824443E+01-1.553227490E+01-1.576049536E+01-1.598207611E+01
-1.619622656E+01-1.640221640E+01-1.659936120E+01-1.678701820E+01-1.696457993E+01
-1.713147086E+01-1.728711843E+01-1.743097759E+01-1.756251560E+01-1.768121536E+01
-1.778654784E+01-1.787792575E+01-1.795479134E+01-1.801658666E+01-1.806275738E+01
-1.809275950E+01-1.810606694E+01-1.810218115E+01-1.808064160E+01-1.804103793E+01
-1.798302223E+01-1.790632148E+01-1.781074850E+01-1.769621804E+01-1.756269774E+01
-1.741034674E+01-1.723945900E+01-1.705040420E+01-1.684362818E+01-1.661965421E+01
-1.637908949E+01-1.612257893E+01-1.585079365E+01-1.556440851E+01-1.526409019E+01
-1.495074849E+01-1.462545521E+01-1.428934975E+01-1.394364868E+01-1.358965050E+01
-1.322873429E+01-1.286243799E+01-1.249124918E+01-1.211443243E+01-1.173629316E+01
-1.136085136E+01-1.098784061E+01-1.061703846E+01-1.024826242E+01-9.881367055E+00
-9.516242768E+00-9.152815406E+00-8.791046909E+00-8.430936212E+00-8.072520943E+00
-7.715879072E+00-7.361130767E+00-7.008440914E+00-6.658020929E+00-6.310131438E+00
-5.965084285E+00-5.623244702E+00-5.285033038E+00-4.950925867E+00-4.621456733E+00
-4.297215403E+00-3.978846330E+00-3.667045115E+00-3.362553449E+00-3.066151609E+00
-2.778648847E+00-2.500871318E+00-2.233647769E+00-1.977793244E+00-1.734091341E+00
-6.417947841E+00-6.585645032E+00-6.740043844E+00-6.879299446E+00-7.004447843E+00
-7.128321832E+00-7.251156193E+00-7.373100842E+00-7.494411321E+00-7.615373668E+00
-7.736292164E+00-7.857480032E+00-7.979251560E+00-8.101916820E+00-8.225777926E+00
-8.351127022E+00-8.478245182E+00-8.607402410E+00-8.738858267E+00-8.872862544E+00
-9.009656562E+00-9.149474352E+00-9.292544036E+00-9.439088888E+00-9.589328915E+00
-9.743481836E+00-9.901764347E+00-1.006439307E+01-1.023158591E+01-1.040356260E+01
-1.058054603E+01-1.076276278E+01-1.095044409E+01-1.114382622E+01-1.134315071E+01
-1.154866311E+01-1.176060910E+01-1.197922052E+01-1.220467484E+01-1.243644423E+01
-1.267487437E+01-1.291874838E+01-1.316562044E+01-1.341428638E+01-1.366385452E+01
-1.391342349E+01-1.416211090E+01-1.440906251E+01-1.465344871E+01-1.489446430E+01
-1.513132762E+01-1.536328072E+01-1.558958599E+01-1.580947553E+01-1.602214803E+01
-1.622685358E+01-1.642289371E+01-1.660961111E+01-1.678638367E+01-1.695261908E+01
-1.710775209E+01-1.725121837E+01-1.738247479E+01-1.750098489E+01-1.760621784E+01
-1.769764535E+01-1.777472181E+01-1.783688527E+01-1.788359581E+01-1.791432901E+01
-1.792857817E+01-1.792586455E+01-1.790574767E+01-1.786783667E+01-1.781180326E+01
-1.773739534E+01-1.764441901E+01-1.753277427E+01-1.740251370E+01-1.725379204E+01
-1.708685514E+01-1.690203757E+01-1.669974585E+01-1.648049194E+01-1.624483011E+01
-1.599336402E+01-1.572672038E+01-1.544551710E+01-1.515045176E+01-1.484246773E+01
-1.452260342E+01-1.419197150E+01-1.385176174E+01-1.350324805E+01-1.314779493E+01
-1.278695665E+01-1.242023267E+01-1.204800439E+01-1.167535355E+01-1.130489130E+01
-1.093632475E+01-1.056942292E+01-1.020399688E+01-9.839892086E+00-9.476986606E+00
-9.115190765E+00-8.754448420E+00-8.394738729E+00-8.036078279E+00-7.678523488E+00
-7.322173645E+00-6.967173933E+00-6.613718908E+00-6.262056271E+00-5.912490580E+00
-5.565387339E+00-5.221176632E+00-4.880356779E+00-4.543497218E+00-4.211240432E+00
-3.884302398E+00-3.563471311E+00-3.249603556E+00-2.943616732E+00-2.646479143E+00
-2.359195378E+00-2.082788083E+00-1.818276135E+00-1.566649997E+00-6.254464317E+00
-6.419090103E+00-6.570784985E+00-6.709086378E+00-6.836099067E+00-6.960470353E+00
-7.084479521E+00-7.208282473E+00-7.332024317E+00-7.455873760E+00-7.580019092E+00
-7.704663572E+00-7.830021414E+00-7.956313846E+00-8.083766151E+00-8.212605308E+00
-8.343058022E+00-8.475349497E+00-8.609702654E+00-8.746337736E+00-8.885472068E+00
-9.027320376E+00-9.172094785E+00-9.320005530E+00-9.471261150E+00-9.626069280E+00
-9.784636923E+00-9.947171399E+00-1.011388058E+01-1.028497366E+01-1.046066173E+01
-1.064115843E+01-1.082668049E+01-1.101744869E+01-1.121368916E+01-1.141563597E+01
-1.162353613E+01-1.183766251E+01-1.205834566E+01-1.228437246E+01-1.251666511E+01
-1.275487749E+01-1.299737225E+01-1.324186132E+01-1.348743099E+01-1.373319498E+01
-1.397826807E+01-1.422179076E+01-1.446293101E+01-1.470088072E+01-1.493485583E+01
-1.516409429E+01-1.538785744E+01-1.560542207E+01-1.581603857E+01-1.601893889E+01
-1.621340391E+01-1.639876030E+01-1.657437012E+01-1.673962724E+01-1.689394702E+01
-1.703677258E+01-1.716754884E+01-1.728573185E+01-1.739078794E+01-1.748218618E+01
-1.755939849E+01-1.762189988E+01-1.766917193E+01-1.770070513E+01-1.771601039E+01
-1.771462992E+01-1.769614463E+01-1.766018110E+01-1.760642284E+01-1.753463044E+01
-1.744465353E+01-1.733643159E+01-1.720999953E+01-1.706548689E+01-1.690311167E+01
-1.672317070E+01-1.652606526E+01-1.631224998E+01-1.608224102E+01-1.583659046E+01
-1.557586828E+01-1.530065180E+01-1.501171406E+01-1.470998844E+01-1.439647572E+01
-1.407225247E+01-1.373847003E+01-1.339635331E+01-1.304721510E+01-1.269255304E+01
-1.233103362E+01-1.196412633E+01-1.159851069E+01-1.123416249E+01-1.087094832E+01
-1.050870112E+01-1.014725231E+01-9.786447081E+00-9.426151563E+00-9.066257523E+00
-8.706685453E+00-8.347387839E+00-7.988352032E+00-7.629603839E+00-7.271211106E+00
-6.913288170E+00-6.556000428E+00-6.199569934E+00-5.844281032E+00-5.490486701E+00
-5.138615288E+00-4.789177210E+00-4.442771572E+00-4.100092273E+00-3.761932396E+00
-3.429186988E+00-3.102852330E+00-2.784021108E+00-2.473872163E+00-2.173653940E+00
-1.884661132E+00-1.608204742E+00-1.345576552E+00-6.102181283E+00-6.263707453E+00
-6.413055955E+00-6.549792095E+00-6.675912037E+00-6.800244002E+00-6.924902036E+00
-7.049947206E+00-7.175429235E+00-7.301416716E+00-7.427998653E+00-7.555283748E+00
-7.683399142E+00-7.812488091E+00-7.942707285E+00-8.074224447E+00-8.207215849E+00
-8.341864147E+00-8.478356564E+00-8.616883596E+00-8.757637708E+00-8.900812746E+00
-9.046603182E+00-9.195203965E+00-9.346810041E+00-9.501616556E+00-9.659818732E+00
-9.821611990E+00-9.987192143E+00-1.015675552E+01-1.033049923E+01-1.050862130E+01
-1.069132096E+01-1.087879885E+01-1.107125715E+01-1.126889948E+01-1.147193029E+01
-1.168055157E+01-1.189495272E+01-1.211527884E+01-1.234080002E+01-1.257200041E+01
-1.280817841E+01-1.304753088E+01-1.328815288E+01-1.352918223E+01-1.376975041E+01
-1.400899686E+01-1.424608676E+01-1.448021057E+01-1.471058160E+01-1.493643582E+01
-1.515702982E+01-1.537164155E+01-1.557956539E+01-1.578008134E+01-1.597245253E+01
-1.615598317E+01-1.633001965E+01-1.649393866E+01-1.664714572E+01-1.678906550E+01
-1.691914160E+01-1.703683369E+01-1.714160339E+01-1.723292235E+01-1.731027260E+01
-1.737314351E+01-1.742103524E+01-1.745346304E+01-1.746996351E+01-1.747010279E+01
-1.745348558E+01-1.741976524E+01-1.736865425E+01-1.729993440E+01-1.721346438E+01
-1.710918618E+01-1.698712826E+01-1.684739550E+01-1.669018602E+01-1.651578706E+01
-1.632454738E+01-1.611688409E+01-1.589326033E+01-1.565417372E+01-1.540012892E+01
-1.513175065E+01-1.484984894E+01-1.455531628E+01-1.424911912E+01-1.393229753E+01
-1.360596710E+01-1.327131283E+01-1.292963352E+01-1.258199678E+01-1.222700577E+01
-1.186758527E+01-1.150917099E+01-1.115148642E+01-1.079429039E+01-1.043736383E+01
-1.008050628E+01-9.723536335E+00-9.366293153E+00-9.008638801E+00-8.650460479E+00
-8.291673833E+00-7.932225831E+00-7.572099021E+00-7.211315701E+00-6.849943323E+00
-6.488100400E+00-6.125963638E+00-5.763775815E+00-5.401855039E+00-5.040604721E+00
-4.680524952E+00-4.322224256E+00-3.966431951E+00-3.614009634E+00-3.265961585E+00
-2.923441321E+00-2.587753114E+00-2.260345529E+00-1.942794628E+00-1.636774961E+00
-1.344017762E+00-1.066257632E+00-5.958993875E+00-6.116239871E+00-6.264199589E+00
-6.398265487E+00-6.521170728E+00-6.645238009E+00-6.770359181E+00-6.896404303E+00
-7.023318494E+00-7.151067987E+00-7.279645061E+00-7.409070558E+00-7.539393569E+00
-7.670689111E+00-7.803055050E+00-7.936608758E+00-8.071483601E+00-8.207825946E+00
-8.345792210E+00-8.485546764E+00-8.627259854E+00-8.771106135E+00-8.917263378E+00
-9.065911598E+00-9.217232188E+00-9.371407448E+00-9.528620152E+00-9.689053151E+00
-9.852889298E+00-1.002031121E+01-1.019150098E+01-1.036664025E+01-1.054590978E+01
-1.072948939E+01-1.091755728E+01-1.111028953E+01-1.130785862E+01-1.151043168E+01
-1.171816778E+01-1.193121627E+01-1.214972428E+01-1.237299309E+01-1.260125783E+01
-1.283363235E+01-1.306830275E+01-1.330362575E+01-1.353874915E+01-1.377282548E+01
-1.400501845E+01-1.423451612E+01-1.446053058E+01-1.468229524E+01-1.489906483E+01
-1.511011366E+01-1.531473454E+01-1.551224031E+01-1.570194347E+01-1.588314100E+01
-1.605515571E+01-1.621734844E+01-1.636910995E+01-1.650985449E+01-1.663901845E+01
-1.675605273E+01-1.686042257E+01-1.695160860E+01-1.702910049E+01-1.709239928E+01
-1.714102213E+01-1.717450603E+01-1.719241223E+01-1.719433271E+01-1.717989817E+01
-1.714878677E+01-1.710073273E+01-1.703553352E+01-1.695305392E+01-1.685323103E+01
-1.673608478E+01-1.660171917E+01-1.645030666E+01-1.628209499E+01-1.609739779E+01
-1.589658204E+01-1.568005815E+01-1.544825637E+01-1.520169281E+01-1.494105306E+01
-1.466711949E+01-1.438074585E+01-1.408286181E+01-1.377447457E+01-1.345667147E+01
-1.313063641E+01-1.279773915E+01-1.245756194E+01-1.211015733E+01-1.175955261E+01
-1.140938919E+01-1.105928597E+01-1.070894226E+01-1.035809945E+01-1.000652447E+01
-9.654004313E+00-9.300343979E+00-8.945367473E+00-8.588919210E+00-8.230866887E+00
-7.871104440E+00-7.509556066E+00-7.146181105E+00-6.780979793E+00-6.414000118E+00
-6.045346370E+00-5.675188872E+00-5.303776075E+00-4.931448390E+00-4.558654571E+00
-4.185970402E+00-3.814119765E+00-3.443997447E+00-3.076692417E+00-2.713509701E+00
-2.355987084E+00-2.005901862E+00-1.665261366E+00-1.336271087E+00-1.021276293E+00
-7.226779107E-01-5.811737039E+00-5.966641106E+00-6.111023414E+00-6.244495526E+00
-6.369006916E+00-6.493199487E+00-6.618987017E+00-6.746189925E+00-6.874616022E+00
-7.004109561E+00-7.134560580E+00-7.265906198E+00-7.398127424E+00-7.531243801E+00
-7.665308005E+00-7.800399819E+00-7.936621406E+00-8.074092696E+00-8.212947648E+00
-8.353331369E+00-8.495397200E+00-8.639304787E+00-8.785218503E+00-8.933305756E+00
-9.083736081E+00-9.236680234E+00-9.392309365E+00-9.550794389E+00-9.712305626E+00
-9.877012181E+00-1.004508166E+01-1.021667968E+01-1.039196942E+01-1.057111114E+01
-1.075426157E+01-1.094157323E+01-1.113319344E+01-1.132926331E+01-1.152991708E+01
-1.173528139E+01-1.194547627E+01-1.216061485E+01-1.237991746E+01-1.260349232E+01
-1.283042967E+01-1.305904050E+01-1.328774238E+01-1.351570545E+01-1.374210819E+01
-1.396613819E+01-1.418700459E+01-1.440393931E+01-1.461619462E+01-1.482304277E+01
-1.502377531E+01-1.521770060E+01-1.540414678E+01-1.558245276E+01-1.575195822E+01
-1.591200443E+01-1.606196485E+01-1.620124291E+01-1.632926575E+01-1.644548033E+01
-1.654935248E+01-1.664036488E+01-1.671801515E+01-1.678181805E+01-1.683130797E+01
-1.686604114E+01-1.688560005E+01-1.688959907E+01-1.687769113E+01-1.684957423E+01
-1.680499882E+01-1.674377468E+01-1.666577572E+01-1.657094172E+01-1.645928113E+01
-1.633087552E+01-1.618587532E+01-1.602449244E+01-1.584699793E+01-1.565370720E+01
-1.544496709E+01-1.522121174E+01-1.498301468E+01-1.473104465E+01-1.446604071E+01
-1.418881759E+01-1.390026352E+01-1.360134037E+01-1.329307578E+01-1.297659144E+01
-1.265303038E+01-1.232099683E+01-1.198197922E+01-1.164221526E+01-1.130170828E+01
-1.096029819E+01-1.061776400E+01-1.027386505E+01-9.928357955E+00-9.581003899E+00
-9.231572283E+00-8.879843456E+00-8.525610768E+00-8.168683174E+00-7.808888342E+00
-7.446076159E+00-7.080123464E+00-6.710939797E+00-6.338474371E+00-5.962725217E+00
-5.583749937E+00-5.201679651E+00-4.816735941E+00-4.429251847E+00-4.039697837E+00
-3.648713170E+00-3.257143334E+00-2.866084021E+00-2.476929688E+00-2.091423400E+00
-1.711699850E+00-1.340307982E+00-9.801942480E-01-6.346274196E-01-3.070566957E-01
-5.667773623E+00-5.818693247E+00-5.960380373E+00-6.092486987E+00-6.216909413E+00
-6.341882207E+00-6.469105484E+00-6.598147351E+00-6.728612199E+00-6.860198783E+00
-6.992697695E+00-7.125978878E+00-7.259977443E+00-7.394680702E+00-7.530117456E+00
-7.666349050E+00-7.803462635E+00-7.941565377E+00-8.080780123E+00-8.221241696E+00
-8.363094023E+00-8.506487765E+00-8.651578471E+00-8.798524881E+00-8.947487664E+00
-9.098628278E+00-9.252108181E+00-9.408088044E+00-9.566726843E+00-9.728181543E+00
-9.892606353E+00-1.006015221E+01-1.023096620E+01-1.040519097E+01-1.058296408E+01
-1.076441735E+01-1.094967608E+01-1.113885830E+01-1.133207421E+01-1.152942534E+01
-1.173100417E+01-1.193689291E+01-1.214716191E+01-1.236090375E+01-1.257817856E+01
-1.279819098E+01-1.301947513E+01-1.324034705E+01-1.346001851E+01-1.367769519E+01
-1.389258434E+01-1.410391290E+01-1.431093094E+01-1.451290904E+01-1.470913702E+01
-1.489892331E+01-1.508159382E+01-1.525648996E+01-1.542297212E+01-1.558041117E+01
-1.572818575E+01-1.586568419E+01-1.599232235E+01-1.610754238E+01-1.621080884E+01
-1.630160639E+01-1.637943967E+01-1.644383431E+01-1.649433824E+01-1.653052411E+01
-1.655199298E+01-1.655837869E+01-1.654935307E+01-1.652463116E+01-1.648397680E+01
-1.642720761E+01-1.635419939E+01-1.626488884E+01-1.615927391E+01-1.603741464E+01
-1.589943250E+01-1.574550317E+01-1.557584756E+01-1.539073063E+01-1.519051841E+01
-1.497568355E+01-1.474678081E+01-1.450443695E+01-1.424935433E+01-1.398230960E+01
-1.370415646E+01-1.341582555E+01-1.311834460E+01-1.281289851E+01-1.249914868E+01
-1.217680364E+01-1.184889641E+01-1.151999281E+01-1.118973880E+01-1.085782987E+01
-1.052397777E+01-1.018789993E+01-9.849316577E+00-9.507950375E+00-9.163526636E+00
-8.815774372E+00-8.464427402E+00-8.109226046E+00-7.749919172E+00-7.386266919E+00
-7.018044396E+00-6.645046332E+00-6.267093226E+00-5.884039338E+00-5.495783020E+00
-5.102280183E+00-4.703561992E+00-4.299757717E+00-3.891124898E+00-3.478088463E+00
-3.061292467E+00-2.641667249E+00-2.220516072E+00-1.799623444E+00-1.381381832E+00
-9.689189236E-01-5.661795067E-01-1.778819170E-01 1.907309171E-01-5.522236997E+00
-5.667694746E+00-5.806909610E+00-5.937995114E+00-6.061516362E+00-6.189054794E+00
-6.319465626E+00-6.451754697E+00-6.585283978E+00-6.719642809E+00-6.854580257E+00
-6.989956454E+00-7.125709860E+00-7.261835746E+00-7.398371030E+00-7.535384068E+00
-7.672967213E+00-7.811230940E+00-7.950299712E+00-8.090308549E+00-8.231400274E+00
-8.373723224E+00-8.517429599E+00-8.662673804E+00-8.809611270E+00-8.958397269E+00
-9.109186009E+00-9.262129846E+00-9.417378578E+00-9.575078650E+00-9.735372531E+00
-9.898398236E+00-1.006428850E+01-1.023317039E+01-1.040516434E+01-1.058038371E+01
-1.075893412E+01-1.094091263E+01-1.112640708E+01-1.131549572E+01-1.150824664E+01
-1.170471724E+01-1.190495421E+01-1.210899313E+01-1.231571048E+01-1.252521690E+01
-1.273695963E+01-1.294969789E+01-1.316167725E+01-1.337208378E+01-1.358013007E+01
-1.378504290E+01-1.398606853E+01-1.418247557E+01-1.437355341E+01-1.455861017E+01
-1.473697218E+01-1.490798312E+01-1.507100351E+01-1.522540917E+01-1.537059408E+01
-1.550596662E+01-1.563094993E+01-1.574498164E+01-1.584752048E+01-1.593805150E+01
-1.601608426E+01-1.608115242E+01-1.613281477E+01-1.617065705E+01-1.619429501E+01
-1.620337759E+01-1.619759107E+01-1.617666287E+01-1.614036587E+01-1.608852205E+01
-1.602100557E+01-1.593774505E+01-1.583872409E+01-1.572397957E+01-1.559359813E+01
-1.544771298E+01-1.528653151E+01-1.511034552E+01-1.491953064E+01-1.471453137E+01
-1.449586573E+01-1.426412491E+01-1.401997183E+01-1.376414288E+01-1.349744568E+01
-1.322076304E+01-1.293510111E+01-1.264127574E+01-1.233812060E+01-1.202702344E+01
-1.171203553E+01-1.139526654E+01-1.107635726E+01-1.075497695E+01-1.043080783E+01
-1.010353627E+01-9.772848007E+00-9.438425642E+00-9.099947679E+00-8.757087853E+00
-8.409515131E+00-8.056894148E+00-7.698885676E+00-7.335148005E+00-6.965338718E+00
-6.589117049E+00-6.206147831E+00-5.816106649E+00-5.418686938E+00-5.013610186E+00
-4.600639564E+00-4.179599272E+00-3.750400906E+00-3.313080887E+00-2.867853365E+00
-2.415186475E+00-1.955914423E+00-1.491405143E+00-1.023813414E+00-5.564549160E-01
-9.429930106E-02 3.556116406E-01 7.844114397E-01-5.360517928E+00-5.497212699E+00
-5.632442805E+00-5.766287476E+00-5.898516582E+00-6.033472469E+00-6.170335672E+00
-6.307989066E+00-6.445895166E+00-6.583789289E+00-6.721550007E+00-6.859140126E+00
-6.996576548E+00-7.133913606E+00-7.271232815E+00-7.408636024E+00-7.546240524E+00
-7.684175504E+00-7.822579019E+00-7.961595823E+00-8.101375318E+00-8.242069819E+00
-8.383833419E+00-8.526820443E+00-8.671184627E+00-8.817078092E+00-8.964650437E+00
-9.114048148E+00-9.265413653E+00-9.418884928E+00-9.574594670E+00-9.732669705E+00
-9.893230476E+00-1.005639014E+01-1.022225424E+01-1.039091979E+01-1.056247448E+01
-1.073699636E+01-1.091455266E+01-1.109519958E+01-1.127898167E+01-1.146593211E+01
-1.165607449E+01-1.184942806E+01-1.204602230E+01-1.224432551E+01-1.244487988E+01
-1.264720978E+01-1.285021040E+01-1.305247060E+01-1.325279374E+01-1.345044655E+01
-1.364469007E+01-1.383479336E+01-1.402004460E+01-1.419975245E+01-1.437324432E+01
-1.453986536E+01-1.469897837E+01-1.484996359E+01-1.499221842E+01-1.512515719E+01
-1.524821206E+01-1.536083435E+01-1.546249360E+01-1.555268003E+01-1.563090632E+01
-1.569671003E+01-1.574965663E+01-1.578934111E+01-1.581538966E+01-1.582746178E+01
-1.582525326E+01-1.580849921E+01-1.577697688E+01-1.573050826E+01-1.566896139E+01
-1.559225079E+01-1.550033852E+01-1.539324103E+01-1.527103674E+01-1.513386737E+01
-1.498194496E+01-1.481554691E+01-1.463501881E+01-1.444077663E+01-1.423330589E+01
-1.401316175E+01-1.378097036E+01-1.353742691E+01-1.328329752E+01-1.301944944E+01
-1.274688370E+01-1.246469915E+01-1.217315121E+01-1.187505592E+01-1.157445195E+01
-1.127109075E+01-1.096469073E+01-1.065495067E+01-1.034155512E+01-1.002417615E+01
-9.702473629E+00-9.376094537E+00-9.044672226E+00-8.707825430E+00-8.365157321E+00
-8.016254442E+00-7.660685727E+00-7.298001671E+00-6.927733382E+00-6.549392351E+00
-6.162470248E+00-5.766439675E+00-5.360755584E+00-4.944858545E+00-4.518179909E+00
-4.080149845E+00-3.630210267E+00-3.167834049E+00-2.692554500E+00-2.204011025E+00
-1.702022231E+00-1.186709247E+00-6.587211742E-01-1.196969320E-01 4.266327596E-01
 9.714684000E-01 1.495893037E+00-5.188049451E+00-5.308952818E+00-5.439770447E+00
-5.580744801E+00-5.730724832E+00-5.879714722E+00-6.026104893E+00-6.170605951E+00
-6.313584425E+00-6.455273324E+00-6.595851676E+00-6.735476331E+00-6.874296218E+00
-7.012458808E+00-7.150113344E+00-7.287411869E+00-7.424509537E+00-7.561564181E+00
-7.698735683E+00-7.836185265E+00-7.974074424E+00-8.112564381E+00-8.251815020E+00
-8.391984172E+00-8.533226874E+00-8.675694695E+00-8.819535028E+00-8.964890497E+00
-9.111898330E+00-9.260689805E+00-9.411389699E+00-9.564115541E+00-9.718977215E+00
-9.876076213E+00-1.003550497E+01-1.019734617E+01-1.036167201E+01-1.052854328E+01
-1.069800843E+01-1.087010242E+01-1.104484517E+01-1.122223926E+01-1.140226581E+01
-1.158487663E+01-1.176997599E+01-1.195737795E+01-1.214715691E+01-1.233812312E+01
-1.253007081E+01-1.272237829E+01-1.291400944E+01-1.310353798E+01-1.329017694E+01
-1.347320535E+01-1.365191971E+01-1.382562930E+01-1.399366072E+01-1.415536060E+01
-1.431009399E+01-1.445724405E+01-1.459621216E+01-1.472641819E+01-1.484730103E+01
-1.495831894E+01-1.505895022E+01-1.514869464E+01-1.522707478E+01-1.529363763E+01
-1.534795616E+01-1.538963171E+01-1.541829622E+01-1.543361436E+01-1.543528591E+01
-1.542304796E+01-1.539667712E+01-1.535599206E+01-1.530085557E+01-1.523117773E+01
-1.514691927E+01-1.504809585E+01-1.493477948E+01-1.480710027E+01-1.466525078E+01
-1.450948738E+01-1.434013120E+01-1.415756888E+01-1.396225406E+01-1.375470818E+01
-1.353551975E+01-1.330534647E+01-1.306493596E+01-1.281514435E+01-1.255554611E+01
-1.228570750E+01-1.200718132E+01-1.172526579E+01-1.143990987E+01-1.115093116E+01
-1.085807876E+01-1.056106127E+01-1.025955892E+01-9.953228989E+00-9.641707186E+00
-9.324607595E+00-9.001521647E+00-8.672016502E+00-8.335632884E+00-7.991882635E+00
-7.640245963E+00-7.280168007E+00-6.911055219E+00-6.532271498E+00-6.143133228E+00
-5.742904590E+00-5.330791964E+00-4.905937788E+00-4.467414012E+00-4.014214933E+00
-3.545249116E+00-3.059329598E+00-2.555161842E+00-2.031326065E+00-1.486248431E+00
-9.181474400E-01-3.249212125E-01 2.961240398E-01 9.490702814E-01 1.642335539E+00
 2.335977200E+00-5.037488242E+00-5.146560062E+00-5.273377803E+00-5.418232153E+00
-5.582914674E+00-5.741807361E+00-5.895627279E+00-6.045713255E+00-6.192852209E+00
-6.337581348E+00-6.480294154E+00-6.621300776E+00-6.760862471E+00-6.899210789E+00
-7.036559311E+00-7.173109921E+00-7.309056935E+00-7.444589114E+00-7.579890808E+00
-7.715142386E+00-7.850520435E+00-7.986197446E+00-8.122341692E+00-8.259116720E+00
-8.396681071E+00-8.535187577E+00-8.674783313E+00-8.815608738E+00-8.957797534E+00
-9.101475975E+00-9.246762456E+00-9.393767018E+00-9.542590840E+00-9.693325485E+00
-9.846052509E+00-1.000084259E+01-1.015775484E+01-1.031683585E+01-1.047811889E+01
-1.064162263E+01-1.080734990E+01-1.097528620E+01-1.114539821E+01-1.131763270E+01
-1.149191819E+01-1.166817525E+01-1.184635445E+01-1.202642445E+01-1.220657042E+01
-1.238727065E+01-1.256801533E+01-1.274797975E+01-1.292617872E+01-1.310134400E+01
-1.327277962E+01-1.343980908E+01-1.360175934E+01-1.375797954E+01-1.390783475E+01
-1.405070996E+01-1.418601008E+01-1.431315960E+01-1.443160284E+01-1.454080464E+01
-1.464025103E+01-1.472945004E+01-1.480793262E+01-1.487525415E+01-1.493099581E+01
-1.497476642E+01-1.500620432E+01-1.502497931E+01-1.503079483E+01-1.502339022E+01
-1.500254303E+01-1.496807131E+01-1.491983622E+01-1.485774458E+01-1.478175172E+01
-1.469186425E+01-1.458814241E+01-1.447070239E+01-1.433971814E+01-1.419542330E+01
-1.403811269E+01-1.386814417E+01-1.368593940E+01-1.349198373E+01-1.328683344E+01
-1.307113319E+01-1.284561933E+01-1.261016899E+01-1.236429768E+01-1.210900227E+01
-1.184689564E+01-1.158130340E+01-1.131180197E+01-1.103805066E+01-1.075972893E+01
-1.047651066E+01-1.018805347E+01-9.893993521E+00-9.593942406E+00-9.287484703E+00
-8.974175396E+00-8.653536967E+00-8.325056084E+00-7.988179503E+00-7.642309536E+00
-7.286798423E+00-6.920941823E+00-6.543971254E+00-6.155045031E+00-5.753237548E+00
-5.337526827E+00-4.906779276E+00-4.459731794E+00-3.994969556E+00-3.510898743E+00
-3.005711406E+00-2.477338971E+00-1.923387450E+00-1.341042191E+00-7.269197215E-01
-7.682587124E-02 6.146474282E-01 1.354758431E+00 2.152891993E+00 2.944427982E+00
-4.932187952E+00-5.035853293E+00-5.159688473E+00-5.304355165E+00-5.466874314E+00
-5.628603508E+00-5.785576901E+00-5.938421059E+00-6.087719247E+00-6.233964469E+00
-6.377570967E+00-6.518892586E+00-6.658239043E+00-6.795888616E+00-6.932096807E+00
-7.067102336E+00-7.201131199E+00-7.334398908E+00-7.467112388E+00-7.599470605E+00
-7.731665237E+00-7.863880869E+00-7.996294915E+00-8.129077777E+00-8.262392371E+00
-8.396394206E+00-8.531230910E+00-8.667042154E+00-8.803959137E+00-8.942104430E+00
-9.081591464E+00-9.222524252E+00-9.364996722E+00-9.509092440E+00-9.654883980E+00
-9.802432252E+00-9.951785796E+00-1.010298003E+01-1.025603647E+01-1.041096150E+01
-1.056774566E+01-1.072636216E+01-1.088676608E+01-1.104889301E+01-1.121265855E+01
-1.137795677E+01-1.154465566E+01-1.171257605E+01-1.188144682E+01-1.205132066E+01
-1.222055391E+01-1.238933202E+01-1.255709584E+01-1.272309319E+01-1.288647250E+01
-1.304615258E+01-1.320136932E+01-1.335152247E+01-1.349597239E+01-1.363410492E+01
-1.376532860E+01-1.388907095E+01-1.400478087E+01-1.411192961E+01-1.421001047E+01
-1.429853902E+01-1.437705422E+01-1.444511945E+01-1.450232369E+01-1.454828312E+01
-1.458264255E+01-1.460507718E+01-1.461529458E+01-1.461303677E+01-1.459808228E+01
-1.457024858E+01-1.452939431E+01-1.447542147E+01-1.440827807E+01-1.432796027E+01
-1.423451466E+01-1.412804063E+01-1.400869231E+01-1.387667998E+01-1.373227147E+01
-1.357579257E+01-1.340763008E+01-1.322823636E+01-1.303815659E+01-1.283802746E+01
-1.262761213E+01-1.240655307E+01-1.217546958E+01-1.193637560E+01-1.169300153E+01
-1.144518716E+01-1.119269288E+01-1.093524359E+01-1.067253995E+01-1.040425950E+01
-1.013005494E+01-9.849551751E+00-9.562345925E+00-9.268001000E+00-8.966045091E+00
-8.655967427E+00-8.337213778E+00-8.009181651E+00-7.671214066E+00-7.322592261E+00
-6.962526874E+00-6.590147575E+00-6.204490463E+00-5.804482815E+00-5.388925003E+00
-4.956468353E+00-4.505588587E+00-4.034553362E+00-3.541382622E+00-3.023800038E+00
-2.479172804E+00-1.904436775E+00-1.296003030E+00-6.496421043E-01 3.965399691E-02
 7.778181258E-01 1.571814399E+00 2.429503041E+00 3.270835836E+00-4.853504752E+00
-4.953593786E+00-5.074761521E+00-5.217830929E+00-5.378849204E+00-5.540575128E+00
-5.697936091E+00-5.851160176E+00-6.000626008E+00-6.146708432E+00-6.289763971E+00
-6.430126849E+00-6.568109660E+00-6.704005455E+00-6.838090264E+00-6.970625423E+00
-7.101859108E+00-7.232027793E+00-7.361357077E+00-7.490062198E+00-7.618348703E+00
-7.746412445E+00-7.874439821E+00-8.002607931E+00-8.131084458E+00-8.260027669E+00
-8.389586493E+00-8.519900127E+00-8.651098156E+00-8.783300155E+00-8.916615537E+00
-9.051143312E+00-9.186971616E+00-9.324177434E+00-9.462826053E+00-9.602970541E+00
-9.744651245E+00-9.887894915E+00-1.003271420E+01-1.017910654E+01-1.032705345E+01
-1.047651944E+01-1.062745085E+01-1.077977478E+01-1.093339742E+01-1.108820260E+01
-1.124404874E+01-1.140076608E+01-1.155815765E+01-1.171601804E+01-1.187406353E+01
-1.203230731E+01-1.218894695E+01-1.234425679E+01-1.249782743E+01-1.264885643E+01
-1.279653472E+01-1.294007439E+01-1.307857645E+01-1.321146309E+01-1.333816878E+01
-1.345812018E+01-1.357076850E+01-1.367559301E+01-1.377209470E+01-1.385979642E+01
-1.393824449E+01-1.400701012E+01-1.406568998E+01-1.411390742E+01-1.415131359E+01
-1.417758881E+01-1.419244452E+01-1.419562503E+01-1.418690948E+01-1.416611406E+01
-1.413309397E+01-1.408774527E+01-1.403000701E+01-1.395986328E+01-1.387734562E+01
-1.378253561E+01-1.367556645E+01-1.355662395E+01-1.342594725E+01-1.328383110E+01
-1.313064291E+01-1.296679617E+01-1.279281184E+01-1.260815912E+01-1.241272559E+01
-1.220700732E+01-1.199262315E+01-1.177342948E+01-1.154929094E+01-1.132003534E+01
-1.108544934E+01-1.084528335E+01-1.059925503E+01-1.034705100E+01-1.008832660E+01
-9.822705042E+00-9.549775485E+00-9.269090783E+00-8.980164196E+00-8.682465727E+00
-8.375417548E+00-8.058388285E+00-7.730686245E+00-7.391551103E+00-7.040143971E+00
-6.675535183E+00-6.296689763E+00-5.902449570E+00-5.491511750E+00-5.062402813E+00
-4.613447069E+00-4.142728456E+00-3.648045381E+00-3.126856353E+00-2.576217491E+00
-1.992711672E+00-1.372373145E+00-7.106148383E-01-2.172573117E-03 7.589110619E-01
 1.579233596E+00 2.467300112E+00 3.334220176E+00-4.796106903E+00-4.892723249E+00
-5.011359269E+00-5.152524277E+00-5.316210824E+00-5.476828527E+00-5.632909055E+00
-5.784819333E+00-5.932826173E+00-6.077221286E+00-6.218309228E+00-6.356397234E+00
-6.491789271E+00-6.624782052E+00-6.755662720E+00-6.884707817E+00-7.012182304E+00
-7.138339360E+00-7.263420304E+00-7.387654560E+00-7.511259688E+00-7.634441591E+00
-7.757394662E+00-7.880302031E+00-8.003335516E+00-8.126655907E+00-8.250412998E+00
-8.374745673E+00-8.499781860E+00-8.625638536E+00-8.752421606E+00-8.880225707E+00
-9.009134089E+00-9.139218183E+00-9.270537443E+00-9.403138754E+00-9.537056038E+00
-9.672309625E+00-9.808905701E+00-9.946835520E+00-1.008607465E+01-1.022658213E+01
-1.036829935E+01-1.051114923E+01-1.065503471E+01-1.079983765E+01-1.094541722E+01
-1.109160850E+01-1.123822136E+01-1.138503937E+01-1.153181242E+01-1.167825952E+01
-1.182397687E+01-1.196879675E+01-1.211269405E+01-1.225407292E+01-1.239278398E+01
-1.252836557E+01-1.266002599E+01-1.278706247E+01-1.290881576E+01-1.302456788E+01
-1.313377515E+01-1.323595463E+01-1.333061859E+01-1.341729341E+01-1.349553132E+01
-1.356491134E+01-1.362503829E+01-1.367554285E+01-1.371608237E+01-1.374634180E+01
-1.376603546E+01-1.377490895E+01-1.377274128E+01-1.375934681E+01-1.373457668E+01
-1.369832037E+01-1.365050654E+01-1.359110477E+01-1.352012809E+01-1.343763719E+01
-1.334374605E+01-1.323862692E+01-1.312249732E+01-1.299560823E+01-1.285838074E+01
-1.271070796E+01-1.255227641E+01-1.238311124E+01-1.220372785E+01-1.201540686E+01
-1.182185550E+01-1.162296185E+01-1.141858666E+01-1.120855930E+01-1.099267572E+01
-1.077069798E+01-1.054235456E+01-1.030734041E+01-1.006531674E+01-9.815910095E+00
-9.558710795E+00-9.293270833E+00-9.019101225E+00-8.735668151E+00-8.442388936E+00
-8.138626178E+00-7.823681291E+00-7.496786148E+00-7.157093113E+00-6.803662791E+00
-6.435449172E+00-6.051281508E+00-5.649842210E+00-5.229639939E+00-4.788976865E+00
-4.325908950E+00-3.838197867E+00-3.323253876E+00-2.778068705E+00-2.199139843E+00
-1.582389966E+00-9.230910849E-01-2.158111393E-01 5.455888156E-01 1.367873399E+00
 2.260645361E+00 3.125904354E+00-4.770388706E+00-4.865072561E+00-4.981508568E+00
-5.120394724E+00-5.278785977E+00-5.436930275E+00-5.590578335E+00-5.739893662E+00
-5.885095355E+00-6.026441835E+00-6.164217721E+00-6.298723078E+00-6.430264353E+00
-6.559147953E+00-6.685675085E+00-6.810138290E+00-6.932819231E+00-7.053987124E+00
-7.173897787E+00-7.292793291E+00-7.410901913E+00-7.528438104E+00-7.645602839E+00
-7.762583894E+00-7.879556046E+00-7.996681539E+00-8.114110210E+00-8.231979915E+00
-8.350416536E+00-8.469534093E+00-8.589435025E+00-8.710209832E+00-8.831937272E+00
-8.954684050E+00-9.078504653E+00-9.203440963E+00-9.329521978E+00-9.456763379E+00
-9.585166900E+00-9.714719853E+00-9.845394502E+00-9.977147193E+00-1.010991772E+01
-1.024362844E+01-1.037818328E+01-1.051346685E+01-1.064934342E+01-1.078565586E+01
-1.092222483E+01-1.105884766E+01-1.119529717E+01-1.133132192E+01-1.146664670E+01
-1.160099982E+01-1.173408018E+01-1.186547300E+01-1.199495125E+01-1.212247688E+01
-1.224635721E+01-1.236641034E+01-1.248219934E+01-1.259301307E+01-1.269826293E+01
-1.279741517E+01-1.288994712E+01-1.297534438E+01-1.305316828E+01-1.312301530E+01
-1.318450082E+01-1.323726481E+01-1.328097052E+01-1.331530612E+01-1.333998638E+01
-1.335475593E+01-1.335939211E+01-1.335370720E+01-1.333754926E+01-1.331080251E+01
-1.327338598E+01-1.322525222E+01-1.316638797E+01-1.309682219E+01-1.301665139E+01
-1.292611178E+01-1.282537837E+01-1.271424022E+01-1.259260502E+01-1.246050593E+01
-1.231805678E+01-1.216581520E+01-1.200467577E+01-1.183793811E+01-1.166552290E+01
-1.148732798E+01-1.130322294E+01-1.111304633E+01-1.091660382E+01-1.071366733E+01
-1.050397495E+01-1.028723061E+01-1.006310377E+01-9.831228867E+00-9.591203964E+00
-9.342589439E+00-9.084905450E+00-8.817629248E+00-8.540191356E+00-8.251971040E+00
-7.952290318E+00-7.640406987E+00-7.315505878E+00-6.976688057E+00-6.622957750E+00
-6.253206418E+00-5.866192870E+00-5.460519141E+00-5.034600634E+00-4.586628846E+00
-4.114525390E+00-3.615883674E+00-3.087896256E+00-2.527262749E+00-1.930075306E+00
-1.291680368E+00-6.065263582E-01 1.319659414E-01 9.314226688E-01 1.798937236E+00
 2.611793278E+00-4.767872948E+00-4.861107226E+00-4.975504678E+00-5.111911914E+00
-5.266193907E+00-5.421146435E+00-5.571411244E+00-5.717011067E+00-5.858171346E+00
-5.995164685E+00-6.128295166E+00-6.257885825E+00-6.384268401E+00-6.507774874E+00
-6.628731193E+00-6.747452946E+00-6.864242167E+00-6.979385683E+00-7.093153968E+00
-7.205800952E+00-7.317564015E+00-7.428664343E+00-7.539307443E+00-7.649683652E+00
-7.759968771E+00-7.870324690E+00-7.980899827E+00-8.091829556E+00-8.203236646E+00
-8.315231494E+00-8.427912361E+00-8.541365453E+00-8.655665077E+00-8.770873404E+00
-8.887040551E+00-9.004204183E+00-9.122389554E+00-9.241608801E+00-9.361860899E+00
-9.483130993E+00-9.605389968E+00-9.728593895E+00-9.852683358E+00-9.977582948E+00
-1.010320047E+01-1.022942624E+01-1.035613260E+01-1.048317302E+01-1.061038188E+01
-1.073757368E+01-1.086454330E+01-1.099106602E+01-1.111689878E+01-1.124178198E+01
-1.136543597E+01-1.148755890E+01-1.160784921E+01-1.172597899E+01-1.184150472E+01
-1.195418622E+01-1.206399528E+01-1.216914077E+01-1.226956694E+01-1.236494650E+01
-1.245482365E+01-1.253855433E+01-1.261566377E+01-1.268574529E+01-1.274842425E+01
-1.280334527E+01-1.285017798E+01-1.288861562E+01-1.291836613E+01-1.293916758E+01
-1.295079311E+01-1.295305423E+01-1.294580158E+01-1.292892481E+01-1.290234787E+01
-1.286601355E+01-1.281984239E+01-1.276373581E+01-1.269763905E+01-1.262156766E+01
-1.253555475E+01-1.243956650E+01-1.233365466E+01-1.221812558E+01-1.209362767E+01
-1.196063276E+01-1.182165476E+01-1.167667559E+01-1.152565263E+01-1.136851037E+01
-1.120513787E+01-1.103538818E+01-1.085907863E+01-1.067599132E+01-1.048587380E+01
-1.028843946E+01-1.008336769E+01-9.870303951E+00-9.648859130E+00-9.418608858E+00
-9.179092008E+00-8.929808997E+00-8.670219031E+00-8.399737190E+00-8.117729974E+00
-7.823510456E+00-7.516331984E+00-7.195380213E+00-6.859763855E+00-6.508503011E+00
-6.140514677E+00-5.754595363E+00-5.349398995E+00-4.923409018E+00-4.474902701E+00
-4.001903740E+00-3.502117524E+00-2.972839040E+00-2.410815600E+00-1.812033084E+00
-1.171373060E+00-4.820745875E-01 2.649625853E-01 1.074177182E+00 1.819272667E+00
-4.786233615E+00-4.877617036E+00-4.990085857E+00-5.124137295E+00-5.279041678E+00
-5.430503277E+00-5.576418018E+00-5.717138523E+00-5.852956228E+00-5.984209258E+00
-6.111265995E+00-6.234509478E+00-6.354325032E+00-6.471091047E+00-6.585172399E+00
-6.696916392E+00-6.806650237E+00-6.914680144E+00-7.021290892E+00-7.126746572E+00
-7.231291067E+00-7.335149345E+00-7.438528213E+00-7.541617577E+00-7.644591382E+00
-7.747608408E+00-7.850813290E+00-7.954336911E+00-8.058297233E+00-8.162799649E+00
-8.267937260E+00-8.373791266E+00-8.480431011E+00-8.587914136E+00-8.696286502E+00
-8.805582030E+00-8.915822785E+00-9.027018381E+00-9.139166097E+00-9.252250255E+00
-9.366241856E+00-9.481098308E+00-9.596762918E+00-9.713164293E+00-9.830215992E+00
-9.947816088E+00-1.006584654E+01-1.018417296E+01-1.030264426E+01-1.042109234E+01
-1.053933224E+01-1.065716207E+01-1.077436329E+01-1.089070112E+01-1.100592402E+01
-1.111976409E+01-1.123193805E+01-1.134214386E+01-1.145005805E+01-1.155535767E+01
-1.165768899E+01-1.175656284E+01-1.185167622E+01-1.194284665E+01-1.203008972E+01
-1.211157559E+01-1.218729951E+01-1.225703204E+01-1.232048661E+01-1.237735560E+01
-1.242733289E+01-1.247008415E+01-1.250511794E+01-1.253212855E+01-1.255089074E+01
-1.256122172E+01-1.256296589E+01-1.255598667E+01-1.254015973E+01-1.251536505E+01
-1.248148093E+01-1.243839122E+01-1.238601181E+01-1.232432673E+01-1.225343772E+01
-1.217364745E+01-1.208502378E+01-1.198769202E+01-1.188391597E+01-1.177347054E+01
-1.165659980E+01-1.153341270E+01-1.140393192E+01-1.126811737E+01-1.112587858E+01
-1.097708123E+01-1.082155166E+01-1.065907936E+01-1.048941898E+01-1.031229194E+01
-1.012738714E+01-9.934361924E+00-9.732842392E+00-9.522423403E+00-9.302668533E+00
-9.073109245E+00-8.833244145E+00-8.582537522E+00-8.320417377E+00-8.046273182E+00
-7.759452562E+00-7.459257838E+00-7.144941290E+00-6.815699608E+00-6.470667545E+00
-6.108909882E+00-5.729412129E+00-5.331069019E+00-4.912670169E+00-4.472881718E+00
-4.010220600E+00-3.523016683E+00-3.009350752E+00-2.466941071E+00-1.892906581E+00
-1.283175171E+00-6.305504945E-01 7.304716559E-02 7.091302875E-01-4.837723433E+00
-4.928763017E+00-5.039656224E+00-5.171000108E+00-5.320199247E+00-5.466872541E+00
-5.607233843E+00-5.741660559E+00-5.870578791E+00-5.994458572E+00-6.113787979E+00
-6.229053041E+00-6.340723830E+00-6.449245873E+00-6.555035344E+00-6.658477330E+00
-6.759925912E+00-6.859705071E+00-6.958110655E+00-7.055412312E+00-7.151855578E+00
-7.247664043E+00-7.343041009E+00-7.438171375E+00-7.533222981E+00-7.628347950E+00
-7.723683743E+00-7.819354193E+00-7.915470091E+00-8.012129856E+00-8.109420087E+00
-8.207415800E+00-8.306180705E+00-8.405767399E+00-8.506217290E+00-8.607560716E+00
-8.709816903E+00-8.812993496E+00-8.917086830E+00-9.022081225E+00-9.127949021E+00
-9.234650071E+00-9.342131541E+00-9.450327438E+00-9.559158410E+00-9.668531200E+00
-9.778338525E+00-9.888458758E+00-9.998755657E+00-1.010907836E+01-1.021926120E+01
-1.032912380E+01-1.043847106E+01-1.054709341E+01-1.065476672E+01-1.076125253E+01
-1.086629799E+01-1.096963572E+01-1.107098415E+01-1.117004865E+01-1.126651883E+01
-1.136006798E+01-1.145038416E+01-1.153715870E+01-1.162004426E+01-1.169853787E+01
-1.177230192E+01-1.184105742E+01-1.190456644E+01-1.196264846E+01-1.201523078E+01
-1.206246052E+01-1.210246200E+01-1.213526260E+01-1.216076221E+01-1.217882119E+01
-1.218929252E+01-1.219203104E+01-1.218689713E+01-1.217375717E+01-1.215248080E+01
-1.212294262E+01-1.208503367E+01-1.203867351E+01-1.198379985E+01-1.192214732E+01
-1.185343323E+01-1.177770639E+01-1.169531174E+01-1.160641473E+01-1.151113492E+01
-1.140953248E+01-1.130161006E+01-1.118731855E+01-1.106656250E+01-1.093920471E+01
-1.080506979E+01-1.066394694E+01-1.051559240E+01-1.035973101E+01-1.019605821E+01
-1.002424120E+01-9.843920262E+00-9.654709796E+00-9.456199419E+00-9.247954558E+00
-9.029517473E+00-8.800407691E+00-8.560122556E+00-8.308137861E+00-8.043908243E+00
-7.766867693E+00-7.476430461E+00-7.171992047E+00-6.852931163E+00-6.518612497E+00
-6.168391320E+00-5.801620974E+00-5.417664095E+00-5.015911022E+00-4.595808944E+00
-4.156909654E+00-3.698952015E+00-3.222013109E+00-2.726814703E+00-2.215437004E+00
-1.693273937E+00-1.174020664E+00-6.809516333E-01-4.920211377E+00-5.011959950E+00
-5.121596439E+00-5.249860723E+00-5.392632903E+00-5.533089315E+00-5.666187332E+00
-5.792378704E+00-5.912340311E+00-6.026769125E+00-6.136342260E+00-6.241694478E+00
-6.343407114E+00-6.442005281E+00-6.537959288E+00-6.631688735E+00-6.723567483E+00
-6.813928692E+00-6.903069903E+00-6.991257102E+00-7.078728850E+00-7.165699243E+00
-7.252361061E+00-7.338887701E+00-7.425435537E+00-7.512145225E+00-7.599143158E+00
-7.686542648E+00-7.774444557E+00-7.862938164E+00-7.952101675E+00-8.042002582E+00
-8.132697974E+00-8.224234619E+00-8.316649315E+00-8.409968538E+00-8.504208757E+00
-8.599376079E+00-8.695466249E+00-8.792464296E+00-8.890344530E+00-8.989070114E+00
-9.088592942E+00-9.188853244E+00-9.289779432E+00-9.391287822E+00-9.493282360E+00
-9.595654539E+00-9.698283207E+00-9.801034407E+00-9.903761415E+00-1.000630471E+01
-1.010849206E+01-1.021013859E+01-1.031104693E+01-1.041100740E+01-1.050979811E+01
-1.060718546E+01-1.070292427E+01-1.079675880E+01-1.088842309E+01-1.097764275E+01
-1.106413842E+01-1.114762368E+01-1.122779944E+01-1.130435339E+01-1.137699625E+01
-1.144546272E+01-1.150950797E+01-1.156890143E+01-1.162341191E+01-1.167276258E+01
-1.171650068E+01-1.175434344E+01-1.178607652E+01-1.181151880E+01-1.183050970E+01
-1.184290461E+01-1.184857353E+01-1.184740180E+01-1.183929297E+01-1.182417537E+01
-1.180201500E+01-1.177283731E+01-1.173676500E+01-1.169409565E+01-1.164496127E+01
-1.158946703E+01-1.152772562E+01-1.145981613E+01-1.138578121E+01-1.130562342E+01
-1.121930418E+01-1.112674453E+01-1.102782723E+01-1.092239846E+01-1.081027044E+01
-1.069122329E+01-1.056500722E+01-1.043134445E+01-1.028993131E+01-1.014043995E+01
-9.982520538E+00-9.815803165E+00-9.639900022E+00-9.454407660E+00-9.258909275E+00
-9.052977385E+00-8.836176786E+00-8.608067626E+00-8.368209303E+00-8.116164918E+00
-7.851506676E+00-7.573822815E+00-7.282726396E+00-6.977866803E+00-6.658945196E+00
-6.325735854E+00-5.978115656E+00-5.616105996E+00-5.239933774E+00-4.850121502E+00
-4.447623862E+00-4.034038296E+00-3.611928548E+00-3.185294795E+00-2.760119878E+00
-2.344576541E+00-1.948171719E+00-5.034330789E+00-5.127256413E+00-5.235992315E+00
-5.360853058E+00-5.500764657E+00-5.633190720E+00-5.756315415E+00-5.871365869E+00
-5.979472802E+00-6.081689315E+00-6.178952321E+00-6.272073957E+00-6.361749107E+00
-6.448569704E+00-6.533040571E+00-6.615594035E+00-6.696602223E+00-6.776387813E+00
-6.855232274E+00-6.933382718E+00-7.011057495E+00-7.088450214E+00-7.165733481E+00
-7.243061584E+00-7.320572657E+00-7.398390493E+00-7.476625882E+00-7.555377833E+00
-7.634734288E+00-7.714772979E+00-7.795561831E+00-7.877159273E+00-7.959614673E+00
-8.042968414E+00-8.127251899E+00-8.212487741E+00-8.298689613E+00-8.385862163E+00
-8.474000861E+00-8.563091996E+00-8.653112244E+00-8.744028666E+00-8.835798436E+00
-8.928368640E+00-9.021676043E+00-9.115646850E+00-9.210196669E+00-9.305230349E+00
-9.400641710E+00-9.496313618E+00-9.592118026E+00-9.687915735E+00-9.783556794E+00
-9.878880295E+00-9.973714812E+00-1.006787840E+01-1.016117903E+01-1.025341497E+01
-1.034437516E+01-1.043384004E+01-1.052158222E+01-1.060736753E+01-1.069095628E+01
-1.077210383E+01-1.085056154E+01-1.092607981E+01-1.099841402E+01-1.106732724E+01
-1.113258909E+01-1.119397237E+01-1.125124662E+01-1.130416982E+01-1.135248635E+01
-1.139596611E+01-1.143440742E+01-1.146763294E+01-1.149548555E+01-1.151782593E+01
-1.153453164E+01-1.154549762E+01-1.155063816E+01-1.154989048E+01-1.154321983E+01
-1.153062528E+01-1.151214291E+01-1.148783871E+01-1.145776631E+01-1.142196507E+01
-1.138045980E+01-1.133325374E+01-1.128032404E+01-1.122161825E+01-1.115705262E+01
-1.108651131E+01-1.100984661E+01-1.092687977E+01-1.083740217E+01-1.074117701E+01
-1.063794089E+01-1.052740594E+01-1.040926194E+01-1.028317868E+01-1.014880862E+01
-1.000578980E+01-9.853748910E+00-9.692304809E+00-9.521072522E+00-9.339667475E+00
-9.147710291E+00-8.944832590E+00-8.730683164E+00-8.504935515E+00-8.267296707E+00
-8.017518054E+00-7.755408232E+00-7.480849439E+00-7.193818309E+00-6.894412160E+00
-6.582883698E+00-6.259685936E+00-5.925531722E+00-5.581471599E+00-5.228994541E+00
-4.870152066E+00-4.507698573E+00-4.145215492E+00-3.787154127E+00-3.438703035E+00
-3.105430643E+00-5.197142358E+00-5.294703420E+00-5.403359538E+00-5.523235491E+00
-5.652856920E+00-5.772633981E+00-5.881084909E+00-5.980417871E+00-6.072499289E+00
-6.158844889E+00-6.240652802E+00-6.318864591E+00-6.394224269E+00-6.467326491E+00
-6.538653108E+00-6.608600595E+00-6.677499786E+00-6.745630456E+00-6.813232310E+00
-6.880512903E+00-6.947653589E+00-7.014814251E+00-7.082136725E+00-7.149747365E+00
-7.217759168E+00-7.286273429E+00-7.355380806E+00-7.425162382E+00-7.495690377E+00
-7.567028617E+00-7.639232891E+00-7.712351384E+00-7.786424757E+00-7.861486223E+00
-7.937561550E+00-8.014669136E+00-8.092819934E+00-8.172017176E+00-8.252256488E+00
-8.333525538E+00-8.415803917E+00-8.499063021E+00-8.583265737E+00-8.668366361E+00
-8.754310444E+00-8.841034513E+00-8.928465956E+00-9.016523058E+00-9.105114651E+00
-9.194140304E+00-9.283490174E+00-9.373045037E+00-9.462676533E+00-9.552246959E+00
-9.641609752E+00-9.730609559E+00-9.819082678E+00-9.906857248E+00-9.993753965E+00
-1.007958647E+01-1.016416218E+01-1.024728303E+01-1.032874648E+01-1.040834646E+01
-1.048587463E+01-1.056112194E+01-1.063388068E+01-1.070394534E+01-1.077111301E+01
-1.083518245E+01-1.089595315E+01-1.095322520E+01-1.100680152E+01-1.105649517E+01
-1.110213267E+01-1.114355523E+01-1.118061855E+01-1.121319241E+01-1.124116058E+01
-1.126442109E+01-1.128288672E+01-1.129648611E+01-1.130516438E+01-1.130888315E+01
-1.130761828E+01-1.130135369E+01-1.129007152E+01-1.127374575E+01-1.125233727E+01
-1.122578976E+01-1.119402568E+01-1.115694372E+01-1.111441667E+01-1.106629041E+01
-1.101238321E+01-1.095248631E+01-1.088636437E+01-1.081375672E+01-1.073437895E+01
-1.064792497E+01-1.055406917E+01-1.045246949E+01-1.034277027E+01-1.022460610E+01
-1.009760574E+01-9.961396803E+00-9.815610779E+00-9.659888981E+00-9.493888911E+00
-9.317291475E+00-9.129809334E+00-8.931196322E+00-8.721258122E+00-8.499864835E+00
-8.266965636E+00-8.022606069E+00-7.766948816E+00-7.500298589E+00-7.223131842E+00
-6.936132823E+00-6.640235766E+00-6.336673393E+00-6.027029790E+00-5.713291544E+00
-5.397887380E+00-5.083697974E+00-4.774016232E+00-4.472440604E+00-4.182703851E+00
-5.419789762E+00-5.528728925E+00-5.638836156E+00-5.749741694E+00-5.859915155E+00
-5.957699335E+00-6.042937383E+00-6.119424510E+00-6.189800345E+00-6.255818744E+00
-6.318673268E+00-6.379204656E+00-6.438026748E+00-6.495602997E+00-6.552294143E+00
-6.608388745E+00-6.664123120E+00-6.719695013E+00-6.775272697E+00-6.831001950E+00
-6.887010308E+00-6.943410766E+00-7.000304187E+00-7.057781269E+00-7.115923724E+00
-7.174805388E+00-7.234493120E+00-7.295047163E+00-7.356521531E+00-7.418964530E+00
-7.482418592E+00-7.546920594E+00-7.612501819E+00-7.679187956E+00-7.746998941E+00
-7.815948918E+00-7.886046201E+00-7.957292916E+00-8.029685006E+00-8.103211991E+00
-8.177856732E+00-8.253595313E+00-8.330396846E+00-8.408223270E+00-8.487029081E+00
-8.566761443E+00-8.647359760E+00-8.728755755E+00-8.810873345E+00-8.893628534E+00
-8.976929481E+00-9.060676426E+00-9.144761851E+00-9.229070629E+00-9.313479994E+00
-9.397860007E+00-9.482073597E+00-9.565977115E+00-9.649420726E+00-9.732248724E+00
-9.814300400E+00-9.895410474E+00-9.975410003E+00-1.005412713E+01-1.013138801E+01
-1.020701785E+01-1.028084179E+01-1.035268568E+01-1.042237656E+01-1.048974304E+01
-1.055461555E+01-1.061682732E+01-1.067621558E+01-1.073262395E+01-1.078590407E+01
-1.083591654E+01-1.088253157E+01-1.092562904E+01-1.096509847E+01-1.100083892E+01
-1.103275899E+01-1.106077621E+01-1.108481647E+01-1.110481244E+01-1.112070109E+01
-1.113241983E+01-1.113990202E+01-1.114307259E+01-1.114184393E+01-1.113611256E+01
-1.112575608E+01-1.111063057E+01-1.109056892E+01-1.106537957E+01-1.103484573E+01
-1.099872547E+01-1.095675202E+01-1.090863482E+01-1.085406110E+01-1.079269772E+01
-1.072419378E+01-1.064818386E+01-1.056429133E+01-1.047213289E+01-1.037132317E+01
-1.026148050E+01-1.014223289E+01-1.001322506E+01-9.874126069E+00-9.724637977E+00
-9.564505160E+00-9.393524910E+00-9.211558936E+00-9.018546405E+00-8.814518089E+00
-8.599612671E+00-8.374094561E+00-8.138373826E+00-7.893028334E+00-7.638827709E+00
-7.376758193E+00-7.108047189E+00-6.834184738E+00-6.556937617E+00-6.278349977E+00
-6.000724703E+00-5.726578734E+00-5.458571007E+00-5.199405883E+00-5.721827543E+00
-5.859564778E+00-5.974789023E+00-6.065374255E+00-6.134708493E+00-6.189958336E+00
-6.238037639E+00-6.282566876E+00-6.325168860E+00-6.366679840E+00-6.407594789E+00
-6.448237805E+00-6.488837796E+00-6.529566623E+00-6.570559819E+00-6.611928607E+00
-6.653767586E+00-6.696159179E+00-6.739176982E+00-6.782887700E+00-6.827352637E+00
-6.872628646E+00-6.918768720E+00-6.965822501E+00-7.013836480E+00-7.062854155E+00
-7.112916224E+00-7.164060353E+00-7.216321372E+00-7.269730956E+00-7.324317711E+00
-7.380106890E+00-7.437120282E+00-7.495376011E+00-7.554888298E+00-7.615667428E+00
-7.677719311E+00-7.741045325E+00-7.805642240E+00-7.871501821E+00-7.938610712E+00
-8.006950158E+00-8.076495852E+00-8.147217769E+00-8.219079861E+00-8.292040049E+00
-8.366050028E+00-8.441055075E+00-8.516994080E+00-8.593799395E+00-8.671396910E+00
-8.749705975E+00-8.828639400E+00-8.908103729E+00-8.987999243E+00-9.068220116E+00
-9.148654730E+00-9.229185990E+00-9.309691562E+00-9.390044383E+00-9.470113136E+00
-9.549762681E+00-9.628854726E+00-9.707248421E+00-9.784800982E+00-9.861368523E+00
-9.936806448E+00-1.001097036E+01-1.008371633E+01-1.015490155E+01-1.022438487E+01
-1.029202739E+01-1.035769340E+01-1.042125124E+01-1.048257420E+01-1.054154096E+01
-1.059803594E+01-1.065194944E+01-1.070317729E+01-1.075162057E+01-1.079718506E+01
-1.083978026E+01-1.087931825E+01-1.091571186E+01-1.094887249E+01-1.097870747E+01
-1.100511677E+01-1.102798999E+01-1.104720326E+01-1.106261623E+01-1.107406978E+01
-1.108138362E+01-1.108435467E+01-1.108275577E+01-1.107633488E+01-1.106481475E+01
-1.104789345E+01-1.102524477E+01-1.099652010E+01-1.096135011E+01-1.091934746E+01
-1.087011030E+01-1.081322605E+01-1.074827636E+01-1.067484248E+01-1.059251173E+01
-1.050088447E+01-1.039958222E+01-1.028825617E+01-1.016659681E+01-1.003434442E+01
-9.891300072E+00-9.737337449E+00-9.572415696E+00-9.396592731E+00-9.210039111E+00
-9.013052736E+00-8.806073732E+00-8.589699079E+00-8.364696980E+00-8.132019323E+00
-7.892811323E+00-7.648416298E+00-7.400373377E+00-7.150405489E+00-6.900395129E+00
-6.652347205E+00-6.408338213E+00-6.170455249E+00-6.095865194E+00-6.288772490E+00
-6.413787953E+00-6.472203839E+00-6.454961006E+00-6.444333893E+00-6.445893590E+00
-6.453859246E+00-6.466083958E+00-6.481456785E+00-6.499327130E+00-6.519284451E+00
-6.541056933E+00-6.564458534E+00-6.589359748E+00-6.615669603E+00-6.643324468E+00
-6.672280808E+00-6.702509979E+00-6.733994724E+00-6.766726533E+00-6.800703594E+00
-6.835929493E+00-6.872411714E+00-6.910160817E+00-6.949189607E+00-6.989512386E+00
-7.031144440E+00-7.074101411E+00-7.118398862E+00-7.164051764E+00-7.211074262E+00
-7.259479161E+00-7.309277610E+00-7.360478750E+00-7.413089397E+00-7.467113806E+00
-7.522553318E+00-7.579406079E+00-7.637666693E+00-7.697326215E+00-7.758371605E+00
-7.820785685E+00-7.884546864E+00-7.949629019E+00-8.016001184E+00-8.083627465E+00
-8.152467007E+00-8.222473671E+00-8.293596160E+00-8.365777859E+00-8.438956830E+00
-8.513065938E+00-8.588032728E+00-8.663779662E+00-8.740224198E+00-8.817279029E+00
-8.894852234E+00-8.972847524E+00-9.051164784E+00-9.129700119E+00-9.208346442E+00
-9.286993907E+00-9.365530306E+00-9.443841656E+00-9.521812597E+00-9.599326901E+00
-9.676267947E+00-9.752519190E+00-9.827964563E+00-9.902488938E+00-9.975978651E+00
-1.004832177E+01-1.011940880E+01-1.018913269E+01-1.025738944E+01-1.032407775E+01
-1.038909903E+01-1.045235700E+01-1.051375699E+01-1.057320529E+01-1.063060779E+01
-1.068586890E+01-1.073888957E+01-1.078956540E+01-1.083778442E+01-1.088342428E+01
-1.092634997E+01-1.096641109E+01-1.100343923E+01-1.103724581E+01-1.106761997E+01
-1.109432673E+01-1.111710563E+01-1.113566991E+01-1.114970573E+01-1.115887247E+01
-1.116280313E+01-1.116110578E+01-1.115336521E+01-1.113914571E+01-1.111799467E+01
-1.108944667E+01-1.105302879E+01-1.100826674E+01-1.095469195E+01-1.089184957E+01
-1.081930744E+01-1.073666588E+01-1.064356820E+01-1.053971221E+01-1.042486186E+01
-1.029885972E+01-1.016163929E+01-1.001323771E+01-9.853808127E+00-9.683631346E+00
-9.503126925E+00-9.312862687E+00-9.113562198E+00-8.906109853E+00-8.691551976E+00
-8.471093435E+00-8.246088343E+00-8.018024176E+00-7.788498378E+00-7.559187462E+00
-7.331809118E+00-7.108079536E+00-6.363189463E+00-6.575243992E+00-6.704391646E+00
-6.746858570E+00-6.712550673E+00-6.666882326E+00-6.634142164E+00-6.611723613E+00
-6.597095037E+00-6.588510144E+00-6.584765248E+00-6.585013778E+00-6.588646426E+00
-6.595214867E+00-6.604383341E+00-6.615896621E+00-6.629558459E+00-6.645217010E+00
-6.662754076E+00-6.682077818E+00-6.703117002E+00-6.725816746E+00-6.750135442E+00
-6.776042124E+00-6.803514335E+00-6.832536708E+00-6.863099432E+00-6.895197151E+00
-6.928828050E+00-6.963993077E+00-7.000695067E+00-7.038938276E+00-7.078727668E+00
-7.120068601E+00-7.162966119E+00-7.207424712E+00-7.253447849E+00-7.301037696E+00
-7.350194647E+00-7.400917047E+00-7.453200956E+00-7.507039835E+00-7.562424266E+00
-7.619341760E+00-7.677776440E+00-7.737708960E+00-7.799116271E+00-7.861971504E+00
-7.926243729E+00-7.991897962E+00-8.058895116E+00-8.127191854E+00-8.196740581E+00
-8.267489527E+00-8.339382744E+00-8.412360307E+00-8.486358230E+00-8.561308748E+00
-8.637140548E+00-8.713778968E+00-8.791146234E+00-8.869161657E+00-8.947742262E+00
-9.026802749E+00-9.106256125E+00-9.186013939E+00-9.265986597E+00-9.346083874E+00
-9.426215075E+00-9.506289422E+00-9.586216298E+00-9.665905597E+00-9.745267842E+00
-9.824214426E+00-9.902657685E+00-9.980510744E+00-1.005768736E+01-1.013410164E+01
-1.020966725E+01-1.028429694E+01-1.035790127E+01-1.043038768E+01-1.050165882E+01
-1.057161084E+01-1.064013168E+01-1.070709866E+01-1.077237631E+01-1.083581394E+01
-1.089724312E+01-1.095647536E+01-1.101329960E+01-1.106748010E+01-1.111875457E+01
-1.116683237E+01-1.121139317E+01-1.125208606E+01-1.128852936E+01-1.132031050E+01
-1.134698701E+01-1.136808821E+01-1.138311763E+01-1.139155647E+01-1.139286795E+01
-1.138650297E+01-1.137190678E+01-1.134852681E+01-1.131582171E+01-1.127327158E+01
-1.122038900E+01-1.115673100E+01-1.108191204E+01-1.099561671E+01-1.089761347E+01
-1.078776738E+01-1.066605298E+01-1.053256578E+01-1.038753275E+01-1.023132099E+01
-1.006444385E+01-9.887564868E+00-9.701497947E+00-9.507204035E+00-9.305783317E+00
-9.098462959E+00-8.886579698E+00-8.671557698E+00-8.454881483E+00-8.238065558E+00
-8.022620923E+00-6.572513863E+00-6.795063793E+00-6.925230941E+00-6.959992716E+00
-6.905513758E+00-6.839803224E+00-6.785958239E+00-6.742195041E+00-6.706870487E+00
-6.678608480E+00-6.656301665E+00-6.639074001E+00-6.626235529E+00-6.617241632E+00
-6.611660378E+00-6.609146904E+00-6.609424590E+00-6.612270356E+00-6.617503755E+00
-6.624978457E+00-6.634575910E+00-6.646200060E+00-6.659773564E+00-6.675234331E+00
-6.692533111E+00-6.711631292E+00-6.732499129E+00-6.755114204E+00-6.779460362E+00
-6.805526453E+00-6.833305505E+00-6.862793931E+00-6.893990786E+00-6.926897094E+00
-6.961515496E+00-6.997849419E+00-7.035902881E+00-7.075679980E+00-7.117184420E+00
-7.160419314E+00-7.205386669E+00-7.252087315E+00-7.300520305E+00-7.350682921E+00
-7.402570278E+00-7.456175125E+00-7.511487692E+00-7.568495450E+00-7.627183033E+00
-7.687531963E+00-7.749520689E+00-7.813124388E+00-7.878314970E+00-7.945061113E+00
-8.013328065E+00-8.083077886E+00-8.154269363E+00-8.226858253E+00-8.300797235E+00
-8.376036194E+00-8.452522258E+00-8.530200226E+00-8.609012538E+00-8.688899660E+00
-8.769800327E+00-8.851651776E+00-8.934389905E+00-9.017949665E+00-9.102265141E+00
-9.187269828E+00-9.272896826E+00-9.359078880E+00-9.445748342E+00-9.532837524E+00
-9.620278146E+00-9.708001419E+00-9.795937526E+00-9.884015195E+00-9.972160985E+00
-1.006029830E+01-1.014834650E+01-1.023621941E+01-1.032382394E+01-1.041105830E+01
-1.049781007E+01-1.058395395E+01-1.066934955E+01-1.075383898E+01-1.083724414E+01
-1.091936421E+01-1.099997308E+01-1.107881676E+01-1.115561108E+01-1.123003932E+01
-1.130175048E+01-1.137035756E+01-1.143543657E+01-1.149652585E+01-1.155312653E+01
-1.160470326E+01-1.165068641E+01-1.169047498E+01-1.172344117E+01-1.174893601E+01
-1.176629637E+01-1.177485408E+01-1.177394577E+01-1.176292467E+01-1.174117381E+01
-1.170811984E+01-1.166324822E+01-1.160611856E+01-1.153637997E+01-1.145378604E+01
-1.135820901E+01-1.124965202E+01-1.112825959E+01-1.099432580E+01-1.084829881E+01
-1.069078269E+01-1.052253501E+01-1.034446046E+01-1.015760051E+01-9.963118588E+00
-9.762281569E+00-9.556437224E+00-9.346988953E+00-9.135367894E+00-8.923004042E+00
-6.732700459E+00-6.961475348E+00-7.091198309E+00-7.121030769E+00-7.045915799E+00
-6.967513043E+00-6.899917138E+00-6.841224787E+00-6.790463697E+00-6.746718781E+00
-6.709164822E+00-6.677082470E+00-6.649857056E+00-6.626969694E+00-6.607984982E+00
-6.592538793E+00-6.580326925E+00-6.571095491E+00-6.564632600E+00-6.560761548E+00
-6.559335257E+00-6.560231549E+00-6.563349249E+00-6.568605066E+00-6.575930839E+00
-6.585271370E+00-6.596582492E+00-6.609829575E+00-6.624985982E+00-6.642031977E+00
-6.660953807E+00-6.681742649E+00-6.704393931E+00-6.728906590E+00-6.755282478E+00
-6.783525770E+00-6.813642535E+00-6.845640179E+00-6.879527095E+00-6.915312226E+00
-6.953004713E+00-6.992613577E+00-7.034147409E+00-7.077614009E+00-7.123020233E+00
-7.170371636E+00-7.219672276E+00-7.270924556E+00-7.324128949E+00-7.379283880E+00
-7.436385526E+00-7.495427781E+00-7.556402095E+00-7.619297397E+00-7.684100054E+00
-7.750793874E+00-7.819360024E+00-7.889777228E+00-7.962021611E+00-8.036066892E+00
-8.111884548E+00-8.189443767E+00-8.268711770E+00-8.349653885E+00-8.432233589E+00
-8.516412981E+00-8.602152582E+00-8.689411810E+00-8.778148864E+00-8.868320956E+00
-8.959884432E+00-9.052794691E+00-9.147006109E+00-9.242472156E+00-9.339144923E+00
-9.436974884E+00-9.535910545E+00-9.635897692E+00-9.736878763E+00-9.838791744E+00
-9.941569105E+00-1.004513650E+01-1.014941107E+01-1.025429972E+01-1.035969709E+01
-1.046548321E+01-1.057152125E+01-1.067765471E+01-1.078370461E+01-1.088946662E+01
-1.099470809E+01-1.109916472E+01-1.120253776E+01-1.130449081E+01-1.140464710E+01
-1.150258686E+01-1.159784516E+01-1.168991023E+01-1.177822260E+01-1.186217485E+01
-1.194111277E+01-1.201433764E+01-1.208111006E+01-1.214065548E+01-1.219217182E+01
-1.223483897E+01-1.226783034E+01-1.229032682E+01-1.230153212E+01-1.230069043E+01
-1.228710456E+01-1.226015549E+01-1.221932139E+01-1.216419652E+01-1.209450828E+01
-1.201013240E+01-1.191110530E+01-1.179763278E+01-1.167009506E+01-1.152904734E+01
-1.137521556E+01-1.120948794E+01-1.103290150E+01-1.084662458E+01-1.065193541E+01
-1.045019769E+01-1.024283344E+01-1.003129480E+01-9.817035297E+00-6.825250176E+00
-7.050606986E+00-7.178794914E+00-7.205211146E+00-7.141152031E+00-7.056485349E+00
-6.979149563E+00-6.909509982E+00-6.847015685E+00-6.791080295E+00-6.741128583E+00
-6.696619834E+00-6.657060494E+00-6.622009135E+00-6.591076766E+00-6.563923808E+00
-6.540256184E+00-6.519820595E+00-6.502399796E+00-6.487808295E+00-6.475888178E+00
-6.466505805E+00-6.459548415E+00-6.454921646E+00-6.452547055E+00-6.452360066E+00
-6.454308319E+00-6.458349930E+00-6.464452475E+00-6.472591527E+00-6.482749868E+00
-6.494916426E+00-6.509085686E+00-6.525256703E+00-6.543432785E+00-6.563620710E+00
-6.585830248E+00-6.610073771E+00-6.636365659E+00-6.664722106E+00-6.695160527E+00
-6.727699359E+00-6.762357593E+00-6.799154693E+00-6.838109964E+00-6.879242633E+00
-6.922571296E+00-6.968113920E+00-7.015887328E+00-7.065907358E+00-7.118188391E+00
-7.172743272E+00-7.229583189E+00-7.288717520E+00-7.350153750E+00-7.413897317E+00
-7.479951767E+00-7.548318360E+00-7.618996466E+00-7.691983287E+00-7.767274056E+00
-7.844861919E+00-7.924738246E+00-8.006892557E+00-8.091312678E+00-8.177984779E+00
-8.266893614E+00-8.358022437E+00-8.451353243E+00-8.546866727E+00-8.644542401E+00
-8.744358398E+00-8.846291630E+00-8.950317316E+00-9.056409136E+00-9.164538408E+00
-9.274674046E+00-9.386781576E+00-9.500822583E+00-9.616753531E+00-9.734524896E+00
-9.854079391E+00-9.975350628E+00-1.009826119E+01-1.022272037E+01-1.034862208E+01
-1.047584181E+01-1.060423415E+01-1.073362915E+01-1.086382931E+01-1.099460573E+01
-1.112569419E+01-1.125679135E+01-1.138755059E+01-1.151757784E+01-1.164642759E+01
-1.177359930E+01-1.189853379E+01-1.202061067E+01-1.213914637E+01-1.225339340E+01
-1.236254126E+01-1.246571876E+01-1.256199919E+01-1.265040730E+01-1.272992974E+01
-1.279952831E+01-1.285815593E+01-1.290477643E+01-1.293838614E+01-1.295803804E+01
-1.296286700E+01-1.295211570E+01-1.292515939E+01-1.288152916E+01-1.282093201E+01
-1.274326736E+01-1.264863847E+01-1.253735860E+01-1.240995141E+01-1.226714546E+01
-1.210986251E+01-1.193920049E+01-1.175641123E+01-1.156287410E+01-1.136006601E+01
-1.114953001E+01-1.093284221E+01-1.071158004E+01-6.900899321E+00-7.127163534E+00
-7.253583264E+00-7.276449036E+00-7.203681511E+00-7.112074420E+00-7.027246123E+00
-6.949144535E+00-6.877430229E+00-6.811719459E+00-6.751611298E+00-6.696706985E+00
-6.646623916E+00-6.601004307E+00-6.559520275E+00-6.521875856E+00-6.487806837E+00
-6.457079739E+00-6.429489646E+00-6.404858159E+00-6.383030675E+00-6.363874301E+00
-6.347275448E+00-6.333137825E+00-6.321380585E+00-6.311936789E+00-6.304751632E+00
-6.299781420E+00-6.296992270E+00-6.296359007E+00-6.297864451E+00-6.301498359E+00
-6.307256871E+00-6.315141797E+00-6.325159916E+00-6.337322614E+00-6.351645255E+00
-6.368146673E+00-6.386848972E+00-6.407776774E+00-6.430957227E+00-6.456419289E+00
-6.484193692E+00-6.514312308E+00-6.546808156E+00-6.581714842E+00-6.619066486E+00
-6.658897286E+00-6.701241324E+00-6.746132284E+00-6.793603342E+00-6.843686805E+00
-6.896414074E+00-6.951815211E+00-7.009919094E+00-7.070753029E+00-7.134342781E+00
-7.200712464E+00-7.269884377E+00-7.341879047E+00-7.416715268E+00-7.494409863E+00
-7.574978001E+00-7.658432998E+00-7.744786596E+00-7.834048724E+00-7.926227891E+00
-8.021331071E+00-8.119363662E+00-8.220329880E+00-8.324232325E+00-8.431072337E+00
-8.540849639E+00-8.653562419E+00-8.769206856E+00-8.887776962E+00-9.009264106E+00
-9.133656353E+00-9.260937783E+00-9.391087477E+00-9.524078407E+00-9.659876097E+00
-9.798436974E+00-9.939706546E+00-1.008361697E+01-1.023008484E+01-1.037900814E+01
-1.053026313E+01-1.068370068E+01-1.083914239E+01-1.099637605E+01-1.115515113E+01
-1.131517340E+01-1.147609975E+01-1.163753215E+01-1.179901211E+01-1.196001435E+01
-1.211994138E+01-1.227811771E+01-1.243378553E+01-1.258610072E+01-1.273413112E+01
-1.287685641E+01-1.301317106E+01-1.314189033E+01-1.326176053E+01-1.337147353E+01
-1.346968625E+01-1.355504455E+01-1.362621203E+01-1.368190244E+01-1.372091437E+01
-1.374216749E+01-1.374473773E+01-1.372789039E+01-1.369110870E+01-1.363411729E+01
-1.355689844E+01-1.345970092E+01-1.334304088E+01-1.320769424E+01-1.305468125E+01
-1.288524332E+01-1.270081336E+01-1.250298030E+01-1.229345012E+01-1.207400441E+01
-1.184645878E+01-1.161262310E+01-6.956963665E+00-7.185964272E+00-7.310011696E+00
-7.329288553E+00-7.236288267E+00-7.138161984E+00-7.047255648E+00-6.962333818E+00
-6.883154503E+00-6.809446636E+00-6.740915670E+00-6.677258624E+00-6.618175984E+00
-6.563380059E+00-6.512600727E+00-6.465588631E+00-6.422116751E+00-6.381980725E+00
-6.344998252E+00-6.311008228E+00-6.279869211E+00-6.251458157E+00-6.225668924E+00
-6.202410893E+00-6.181607513E+00-6.163195272E+00-6.147122320E+00-6.133347722E+00
-6.121840195E+00-6.112577595E+00-6.105545937E+00-6.100738760E+00-6.098156495E+00
-6.097805960E+00-6.099699645E+00-6.103855514E+00-6.110296183E+00-6.119048799E+00
-6.130144487E+00-6.143618035E+00-6.159507466E+00-6.177853634E+00-6.198700078E+00
-6.222092499E+00-6.248078452E+00-6.276707148E+00-6.308029056E+00-6.342095593E+00
-6.378958883E+00-6.418671408E+00-6.461285802E+00-6.506854509E+00-6.555429651E+00
-6.607062685E+00-6.661804200E+00-6.719703759E+00-6.780809745E+00-6.845169122E+00
-6.912827396E+00-6.983828457E+00-7.058214502E+00-7.136025995E+00-7.217301743E+00
-7.302078663E+00-7.390392018E+00-7.482275415E+00-7.577760728E+00-7.676878335E+00
-7.779657114E+00-7.886124448E+00-7.996306380E+00-8.110227456E+00-8.227910882E+00
-8.349378405E+00-8.474650042E+00-8.603743955E+00-8.736675983E+00-8.873459324E+00
-9.014103749E+00-9.158614814E+00-9.306992794E+00-9.459231504E+00-9.615316721E+00
-9.775224174E+00-9.938917577E+00-1.010634603E+01-1.027744077E+01-1.045211210E+01
-1.063024504E+01-1.081169516E+01-1.099628319E+01-1.118378944E+01-1.137394746E+01
-1.156643689E+01-1.176087579E+01-1.195681257E+01-1.215371696E+01-1.235097109E+01
-1.254786034E+01-1.274356424E+01-1.293714853E+01-1.312755835E+01-1.331361353E+01
-1.349400731E+01-1.366730905E+01-1.383197261E+01-1.398635106E+01-1.412871880E+01
-1.425730206E+01-1.437031664E+01-1.446601294E+01-1.454272582E+01-1.459892743E+01
-1.463327918E+01-1.464468088E+01-1.463231299E+01-1.459567117E+01-1.453458992E+01
-1.444925602E+01-1.434020969E+01-1.420833478E+01-1.405483707E+01-1.388121238E+01
-1.368920445E+01-1.348075554E+01-1.325795086E+01-1.302296090E+01-1.277798387E+01
-1.252519232E+01-6.956095542E+00-7.177989790E+00-7.299443722E+00-7.315917955E+00
-7.238220838E+00-7.137479944E+00-7.041538349E+00-6.950997519E+00-6.865675590E+00
-6.785348575E+00-6.709774328E+00-6.638704949E+00-6.571895925E+00-6.509112163E+00
-6.450132080E+00-6.394750013E+00-6.342777199E+00-6.294042214E+00-6.248390770E+00
-6.205685126E+00-6.165803422E+00-6.128638845E+00-6.094098572E+00-6.062103253E+00
-6.032585829E+00-6.005490827E+00-5.980773646E+00-5.958399853E+00-5.938344428E+00
-5.920591138E+00-5.905132184E+00-5.891967328E+00-5.881103781E+00-5.872555371E+00
-5.866342350E+00-5.862490998E+00-5.861033029E+00-5.862005402E+00-5.865449879E+00
-5.871412676E+00-5.879944144E+00-5.891098378E+00-5.904932982E+00-5.921508589E+00
-5.940888593E+00-5.963138909E+00-5.988327462E+00-6.016523988E+00-6.047799602E+00
-6.082226563E+00-6.119877916E+00-6.160827143E+00-6.205147918E+00-6.252913682E+00
-6.304197521E+00-6.359071851E+00-6.417608141E+00-6.479876640E+00-6.545946377E+00
-6.615884762E+00-6.689757672E+00-6.767629169E+00-6.849561584E+00-6.935615433E+00
-7.025849303E+00-7.120320086E+00-7.219082903E+00-7.322191335E+00-7.429697233E+00
-7.541651224E+00-7.658102478E+00-7.779099024E+00-7.904687667E+00-8.034914268E+00
-8.169823388E+00-8.309458602E+00-8.453861949E+00-8.603073854E+00-8.757132610E+00
-8.916073719E+00-9.079929250E+00-9.248726468E+00-9.422486766E+00-9.601223777E+00
-9.784941440E+00-9.973631443E+00-1.016727026E+01-1.036581559E+01-1.056920209E+01
-1.077733656E+01-1.099009219E+01-1.120730187E+01-1.142875068E+01-1.165416721E+01
-1.188321372E+01-1.211547524E+01-1.235044735E+01-1.258752315E+01-1.282597882E+01
-1.306495917E+01-1.330346248E+01-1.354032630E+01-1.377421497E+01-1.400360981E+01
-1.422680451E+01-1.444190743E+01-1.464685320E+01-1.483942603E+01-1.501729630E+01
-1.517807129E+01-1.531935922E+01-1.543884358E+01-1.553436329E+01-1.560399334E+01
-1.564611954E+01-1.565950294E+01-1.564333023E+01-1.559724866E+01-1.552138428E+01
-1.541634442E+01-1.528320370E+01-1.512347464E+01-1.493906253E+01-1.473220519E+01
-1.450540062E+01-1.426132449E+01-1.400274385E+01-1.373243253E+01-1.345309390E+01
-6.948554295E+00-7.168420508E+00-7.286944594E+00-7.300103974E+00-7.216867839E+00
-7.111951928E+00-7.011825189E+00-6.916702664E+00-6.826370020E+00-6.740594251E+00
-6.659142664E+00-6.581792025E+00-6.508332649E+00-6.438570102E+00-6.372325118E+00
-6.309433520E+00-6.249745276E+00-6.193124182E+00-6.139447155E+00-6.088603642E+00
-6.040495419E+00-5.995035849E+00-5.952149560E+00-5.911772174E+00-5.873849636E+00
-5.838337975E+00-5.805202875E+00-5.774419278E+00-5.745970952E+00-5.719850253E+00
-5.696057576E+00-5.674601193E+00-5.655496826E+00-5.638767365E+00-5.624442438E+00
-5.612558254E+00-5.603157166E+00-5.596287361E+00-5.592002695E+00-5.590362269E+00
-5.591430028E+00-5.595274682E+00-5.601969083E+00-5.611590176E+00-5.624218454E+00
-5.639937679E+00-5.658834531E+00-5.680998248E+00-5.706520197E+00-5.735493517E+00
-5.768012807E+00-5.804173649E+00-5.844072256E+00-5.887805194E+00-5.935468915E+00
-5.987159393E+00-6.042971897E+00-6.103000787E+00-6.167338967E+00-6.236077922E+00
-6.309307324E+00-6.387115153E+00-6.469587297E+00-6.556807639E+00-6.648858089E+00
-6.745818548E+00-6.847767028E+00-6.954779766E+00-7.066931344E+00-7.184295005E+00
-7.306942772E+00-7.434945721E+00-7.568374179E+00-7.707298001E+00-7.851786765E+00
-8.001909855E+00-8.157736495E+00-8.319335948E+00-8.486777083E+00-8.660128299E+00
-8.839456850E+00-9.024828257E+00-9.216305203E+00-9.413946275E+00-9.617804190E+00
-9.827923430E+00-1.004433780E+01-1.026706676E+01-1.049611133E+01-1.073144911E+01
-1.097302823E+01-1.122076014E+01-1.147451094E+01-1.173409157E+01-1.199924581E+01
-1.226963668E+01-1.254483086E+01-1.282428063E+01-1.310730364E+01-1.339306087E+01
-1.368053225E+01-1.396849123E+01-1.425547942E+01-1.453978239E+01-1.481940981E+01
-1.509208331E+01-1.535523639E+01-1.560603201E+01-1.584140261E+01-1.605811653E+01
-1.625287149E+01-1.642241020E+01-1.656365010E+01-1.667381372E+01-1.675054776E+01
-1.679202131E+01-1.679699778E+01-1.676488143E+01-1.669573974E+01-1.659030502E+01
-1.644995644E+01-1.627668174E+01-1.607301692E+01-1.584196164E+01-1.558687095E+01
-1.531132741E+01-1.501900339E+01-1.471352614E+01-1.439835931E+01-6.931667552E+00
-7.153936132E+00-7.268295840E+00-7.277688181E+00-7.172109260E+00-7.062638011E+00
-6.959335616E+00-6.860754982E+00-6.766555619E+00-6.676444005E+00-6.590170190E+00
-6.507524335E+00-6.428329496E+00-6.352433358E+00-6.279702434E+00-6.210017386E+00
-6.143270298E+00-6.079363145E+00-6.018206728E+00-5.959720318E+00-5.903831537E+00
-5.850476284E+00-5.799598808E+00-5.751151792E+00-5.705096269E+00-5.661401745E+00
-5.620046037E+00-5.581015277E+00-5.544303831E+00-5.509914220E+00-5.477856768E+00
-5.448149716E+00-5.420818870E+00-5.395897483E+00-5.373425980E+00-5.353451875E+00
-5.336029460E+00-5.321219568E+00-5.309089336E+00-5.299711967E+00-5.293166417E+00
-5.289537197E+00-5.288913862E+00-5.291390891E+00-5.297067176E+00-5.306045786E+00
-5.318433453E+00-5.334340297E+00-5.353879317E+00-5.377165951E+00-5.404317648E+00
-5.435453435E+00-5.470693438E+00-5.510158456E+00-5.553969484E+00-5.602247241E+00
-5.655111856E+00-5.712682471E+00-5.775076772E+00-5.842410830E+00-5.914798704E+00
-5.992352408E+00-6.075181627E+00-6.163393647E+00-6.257093349E+00-6.356383327E+00
-6.461363931E+00-6.572133463E+00-6.688788490E+00-6.811424004E+00-6.940134011E+00
-7.075011770E+00-7.216150300E+00-7.363642783E+00-7.517583106E+00-7.678066300E+00
-7.845188932E+00-8.019049384E+00-8.199748200E+00-8.387388253E+00-8.582074659E+00
-8.783914507E+00-8.993016458E+00-9.209489965E+00-9.433444004E+00-9.664985507E+00
-9.904217067E+00-1.015123419E+01-1.040612139E+01-1.066894776E+01-1.093976099E+01
-1.121858010E+01-1.150538677E+01-1.180011430E+01-1.210263468E+01-1.241274276E+01
-1.273013738E+01-1.305439908E+01-1.338496351E+01-1.372109083E+01-1.406183019E+01
-1.440597956E+01-1.475204152E+01-1.509817589E+01-1.544215237E+01-1.578130760E+01
-1.611251420E+01-1.643217262E+01-1.673623973E+01-1.702030729E+01-1.727973939E+01
-1.750986492E+01-1.770620483E+01-1.786470258E+01-1.798192299E+01-1.805519943E+01
-1.808272542E+01-1.806359982E+01-1.799784118E+01-1.788638259E+01-1.773105175E+01
-1.753453297E+01-1.730030141E+01-1.703251522E+01-1.673585701E+01-1.641532492E+01
-1.607599278E+01-1.572277230E+01-1.536021404E+01-6.856594109E+00-7.067705105E+00
-7.178942936E+00-7.186139519E+00-7.099151515E+00-6.989888333E+00-6.885029787E+00
-6.784491957E+00-6.687750479E+00-6.594437756E+00-6.504311131E+00-6.417209263E+00
-6.333018997E+00-6.251654168E+00-6.173042989E+00-6.097121320E+00-6.023829549E+00
-5.953111256E+00-5.884913055E+00-5.819185028E+00-5.755881235E+00-5.694960504E+00
-5.636387061E+00-5.580131040E+00-5.526169118E+00-5.474484825E+00-5.425068824E+00
-5.377919303E+00-5.333042014E+00-5.290450471E+00-5.250165949E+00-5.212217564E+00
-5.176642195E+00-5.143484480E+00-5.112796741E+00-5.084638748E+00-5.059077873E+00
-5.036188619E+00-5.016052623E+00-4.998758335E+00-4.984400983E+00-4.973082059E+00
-4.964909163E+00-4.959995608E+00-4.958460220E+00-4.960426793E+00-4.966023610E+00
-4.975383249E+00-4.988641915E+00-5.005938922E+00-5.027416225E+00-5.053217987E+00
-5.083489749E+00-5.118378153E+00-5.158030239E+00-5.202592886E+00-5.252212344E+00
-5.307033721E+00-5.367200509E+00-5.432854229E+00-5.504134000E+00-5.581176262E+00
-5.664114696E+00-5.753079990E+00-5.848199718E+00-5.949598697E+00-6.057398828E+00
-6.171719570E+00-6.292678134E+00-6.420390159E+00-6.554969980E+00-6.696531462E+00
-6.845188625E+00-7.001056397E+00-7.164251361E+00-7.334892698E+00-7.513102981E+00
-7.699008877E+00-7.892742217E+00-8.094440306E+00-8.304246834E+00-8.522312266E+00
-8.748793962E+00-8.983856258E+00-9.227670105E+00-9.480412368E+00-9.742264440E+00
-1.001341047E+01-1.029403458E+01-1.058431725E+01-1.088443038E+01-1.119453101E+01
-1.151475315E+01-1.184519725E+01-1.218591743E+01-1.253690468E+01-1.289806667E+01
-1.326920237E+01-1.364997087E+01-1.403985319E+01-1.443810580E+01-1.484370443E+01
-1.525527701E+01-1.567102465E+01-1.608863107E+01-1.650516334E+01-1.691697149E+01
-1.731960434E+01-1.770777060E+01-1.807539015E+01-1.841578197E+01-1.872200939E+01
-1.898734018E+01-1.920571473E+01-1.937210765E+01-1.948272759E+01-1.953507796E+01
-1.952793760E+01-1.946131939E+01-1.933643997E+01-1.915571165E+01-1.892274507E+01
-1.864233250E+01-1.832036403E+01-1.796362185E+01-1.757942176E+01-1.717513355E+01
-1.675768796E+01-1.633319756E+01-6.772536461E+00-6.976024259E+00-7.082367447E+00
-7.087919742E+00-7.001504563E+00-6.893960567E+00-6.790411060E+00-6.690055018E+00
-6.592251691E+00-6.496759128E+00-6.403516379E+00-6.312529708E+00-6.223822479E+00
-6.137415416E+00-6.053319866E+00-5.971537011E+00-5.892059168E+00-5.814871798E+00
-5.739956031E+00-5.667290668E+00-5.596854158E+00-5.528626211E+00-5.462589294E+00
-5.398729736E+00-5.337038710E+00-5.277513145E+00-5.220156113E+00-5.164977582E+00
-5.111994731E+00-5.061232222E+00-5.012722522E+00-4.966506053E+00-4.922631277E+00
-4.881154811E+00-4.842141465E+00-4.805664169E+00-4.771804044E+00-4.740650174E+00
-4.712299676E+00-4.686857353E+00-4.664435689E+00-4.645154459E+00-4.629140606E+00
-4.616527733E+00-4.607456023E+00-4.602071529E+00-4.600525897E+00-4.602975859E+00
-4.609582675E+00-4.620511428E+00-4.635930589E+00-4.656011308E+00-4.680926628E+00
-4.710850967E+00-4.745959258E+00-4.786426317E+00-4.832426326E+00-4.884131855E+00
-4.941713541E+00-5.005339502E+00-5.075174740E+00-5.151380911E+00-5.234115888E+00
-5.323533761E+00-5.419784561E+00-5.523014501E+00-5.633366165E+00-5.750978711E+00
-5.875988462E+00-6.008529491E+00-6.148734379E+00-6.296735072E+00-6.452663834E+00
-6.616654465E+00-6.788843404E+00-6.969370992E+00-7.158383004E+00-7.356031720E+00
-7.562477573E+00-7.777890571E+00-8.002451358E+00-8.236352913E+00-8.479801372E+00
-8.733017293E+00-8.996236163E+00-9.269709271E+00-9.553703351E+00-9.848500579E+00
-1.015439728E+01-1.047170202E+01-1.080073272E+01-1.114181233E+01-1.149526271E+01
-1.186139636E+01-1.224050536E+01-1.263284671E+01-1.303862323E+01-1.345795872E+01
-1.389086606E+01-1.433720593E+01-1.479663415E+01-1.526853442E+01-1.575193217E+01
-1.624538430E+01-1.674683860E+01-1.725345530E+01-1.776138525E+01-1.826550763E+01
-1.875915872E+01-1.923394881E+01-1.967986691E+01-2.008591470E+01-2.044127475E+01
-2.073654836E+01-2.096448483E+01-2.112007956E+01-2.120032187E+01-2.120388833E+01
-2.113092779E+01-2.098297772E+01-2.076300742E+01-2.047556787E+01-2.012700399E+01
-1.972562651E+01-1.928163762E+01-1.880653746E+01-1.831194009E+01-1.780822817E+01
-1.730370195E+01-6.673420903E+00-6.866712223E+00-6.964419534E+00-6.972373094E+00
-6.876417630E+00-6.777846412E+00-6.680269630E+00-6.582083658E+00-6.483969116E+00
-6.386553871E+00-6.290287705E+00-6.195479861E+00-6.102340850E+00-6.011012470E+00
-5.921588372E+00-5.834128168E+00-5.748667553E+00-5.665225479E+00-5.583809745E+00
-5.504421220E+00-5.427056948E+00-5.351712911E+00-5.278385917E+00-5.207075414E+00
-5.137784713E+00-5.070522047E+00-5.005301600E+00-4.942144057E+00-4.881077194E+00
-4.822136392E+00-4.765365069E+00-4.710814838E+00-4.658545782E+00-4.608626732E+00
-4.561135265E+00-4.516157941E+00-4.473790106E+00-4.434136208E+00-4.397309520E+00
-4.363432138E+00-4.332634791E+00-4.305056794E+00-4.280845539E+00-4.260156535E+00
-4.243152737E+00-4.230004350E+00-4.220888198E+00-4.215987132E+00-4.215489598E+00
-4.219588772E+00-4.228481964E+00-4.242369678E+00-4.261454936E+00-4.285942301E+00
-4.316037042E+00-4.351944350E+00-4.393868313E+00-4.442011128E+00-4.496572430E+00
-4.557748350E+00-4.625731155E+00-4.700708425E+00-4.782862854E+00-4.872371936E+00
-4.969407766E+00-5.074137280E+00-5.186722170E+00-5.307319681E+00-5.436082877E+00
-5.573161633E+00-5.718703539E+00-5.872855002E+00-6.035762785E+00-6.207575186E+00
-6.388443970E+00-6.578526145E+00-6.777985649E+00-6.986995603E+00-7.205740396E+00
-7.434417850E+00-7.673241392E+00-7.922442414E+00-8.182272636E+00-8.453006041E+00
-8.734941354E+00-9.028403933E+00-9.333747584E+00-9.651356213E+00-9.981644969E+00
-1.032506091E+01-1.068208299E+01-1.105322086E+01-1.143901264E+01-1.184002071E+01
-1.225682511E+01-1.269001404E+01-1.314017000E+01-1.360785054E+01-1.409356197E+01
-1.459772355E+01-1.512061914E+01-1.566233244E+01-1.622265965E+01-1.680099094E+01
-1.739614706E+01-1.800614941E+01-1.862788587E+01-1.925660947E+01-1.988517089E+01
-2.050289025E+01-2.109431125E+01-2.163944708E+01-2.211794294E+01-2.251444469E+01
-2.281975225E+01-2.302901790E+01-2.314000610E+01-2.315211175E+01-2.306592891E+01
-2.288316194E+01-2.260678626E+01-2.224145485E+01-2.179421927E+01-2.127565866E+01
-2.070125497E+01-2.009157755E+01-1.946847858E+01-1.884904524E+01-1.824360154E+01
-6.537721356E+00-6.701115758E+00-6.790348061E+00-6.800916665E+00-6.746991503E+00
-6.662587023E+00-6.567650777E+00-6.468612639E+00-6.368071460E+00-6.267331473E+00
-6.167135431E+00-6.067939538E+00-5.970036295E+00-5.873617811E+00-5.778810952E+00
-5.685698811E+00-5.594334893E+00-5.504752528E+00-5.416971575E+00-5.331003538E+00
-5.246855193E+00-5.164531780E+00-5.084038934E+00-5.005384732E+00-4.928581190E+00
-4.853645289E+00-4.780599960E+00-4.709474949E+00-4.640307488E+00-4.573142690E+00
-4.508034137E+00-4.445044119E+00-4.384244147E+00-4.325715067E+00-4.269547261E+00
-4.215840961E+00-4.164706208E+00-4.116263053E+00-4.070641591E+00-4.027981887E+00
-3.988433855E+00-3.952157298E+00-3.919321585E+00-3.890105332E+00-3.864696140E+00
-3.843290106E+00-3.826091290E+00-3.813311116E+00-3.805167652E+00-3.801884818E+00
-3.803691509E+00-3.810820640E+00-3.823508135E+00-3.841991850E+00-3.866510486E+00
-3.897302435E+00-3.934604692E+00-3.978651738E+00-4.029674517E+00-4.087899435E+00
-4.153547521E+00-4.226833777E+00-4.307966348E+00-4.397146446E+00-4.494567798E+00
-4.600416998E+00-4.714873430E+00-4.838109979E+00-4.970293579E+00-5.111586358E+00
-5.262146661E+00-5.422130706E+00-5.591694239E+00-5.770994422E+00-5.960192005E+00
-6.159453804E+00-6.368955067E+00-6.588882387E+00-6.819436545E+00-7.060835575E+00
-7.313317882E+00-7.577145785E+00-7.852608830E+00-8.140027451E+00-8.439756674E+00
-8.752189899E+00-9.077762844E+00-9.416957400E+00-9.770305614E+00-1.013839351E+01
-1.052186495E+01-1.092142475E+01-1.133784166E+01-1.177195036E+01-1.222465187E+01
-1.269691264E+01-1.318976018E+01-1.370427548E+01-1.424157973E+01-1.480281391E+01
-1.538910868E+01-1.600154133E+01-1.664107501E+01-1.730847485E+01-1.800419076E+01
-1.872819156E+01-1.947971942E+01-2.025689636E+01-2.105600891E+01-2.186991290E+01
-2.268297706E+01-2.344920394E+01-2.410321695E+01-2.462817923E+01-2.502374296E+01
-2.529140575E+01-2.543275278E+01-2.544922165E+01-2.534210218E+01-2.511268024E+01
-2.476256269E+01-2.429416772E+01-2.371143976E+01-2.302129227E+01-2.223800974E+01
-2.140307251E+01-2.058986005E+01-1.982233398E+01-1.910032788E+01-6.512358540E+00
-6.690363396E+00-6.776312837E+00-6.766698678E+00-6.675666737E+00-6.568058835E+00
-6.460997085E+00-6.354010902E+00-6.247198943E+00-6.140891767E+00-6.035404016E+00
-5.930982762E+00-5.827809281E+00-5.726012134E+00-5.625680047E+00-5.526872630E+00
-5.429628457E+00-5.333971678E+00-5.239916911E+00-5.147473296E+00-5.056647296E+00
-4.967445488E+00-4.879876266E+00-4.793951608E+00-4.709688217E+00-4.627108788E+00
-4.546242714E+00-4.467126871E+00-4.389806253E+00-4.314334523E+00-4.240774482E+00
-4.169198389E+00-4.099688549E+00-4.032337274E+00-3.967247633E+00-3.904533280E+00
-3.844318977E+00-3.786740600E+00-3.731945337E+00-3.680091742E+00-3.631349740E+00
-3.585900575E+00-3.543936653E+00-3.505661310E+00-3.471288472E+00-3.441042206E+00
-3.415156161E+00-3.393872883E+00-3.377443013E+00-3.366124366E+00-3.360180875E+00
-3.359881445E+00-3.365498702E+00-3.377307654E+00-3.395584287E+00-3.420604144E+00
-3.452640840E+00-3.491964652E+00-3.538841124E+00-3.593529769E+00-3.656282879E+00
-3.727344509E+00-3.806949635E+00-3.895323550E+00-3.992681485E+00-4.099228563E+00
-4.215159945E+00-4.340661358E+00-4.475910060E+00-4.621075822E+00-4.776322544E+00
-4.941810030E+00-5.117696192E+00-5.304139297E+00-5.501300881E+00-5.709348627E+00
-5.928459596E+00-6.158823810E+00-6.400647958E+00-6.654159215E+00-6.919609775E+00
-7.197280949E+00-7.487488168E+00-7.790585670E+00-8.106972213E+00-8.437096202E+00
-8.781462221E+00-9.140637028E+00-9.515256842E+00-9.906034514E+00-1.031376764E+01
-1.073934708E+01-1.118376600E+01-1.164812948E+01-1.213366425E+01-1.264172871E+01
-1.317382249E+01-1.373159475E+01-1.431685099E+01-1.493155635E+01-1.557783466E+01
-1.625796155E+01-1.697435043E+01-1.772953173E+01-1.852612922E+01-1.936684411E+01
-2.025447276E+01-2.119202353E+01-2.218310098E+01-2.323306442E+01-2.435130845E+01
-2.539927302E+01-2.623714899E+01-2.688782304E+01-2.735336223E+01-2.766103221E+01
-2.782461281E+01-2.784615705E+01-2.771686126E+01-2.742146473E+01-2.697747419E+01
-2.639105185E+01-2.565803063E+01-2.476234682E+01-2.367873269E+01-2.252928444E+01
-2.152294764E+01-2.061897344E+01-1.979409104E+01-6.465199800E+00-6.647555944E+00
-6.730550798E+00-6.710583391E+00-6.589731598E+00-6.467865985E+00-6.349606148E+00
-6.233536357E+00-6.119156201E+00-6.006243312E+00-5.894720979E+00-5.784577737E+00
-5.675825445E+00-5.568479823E+00-5.462552810E+00-5.358050512E+00-5.254973875E+00
-5.153320298E+00-5.053085488E+00-4.954265267E+00-4.856857508E+00-4.760863393E+00
-4.666288714E+00-4.573145054E+00-4.481450576E+00-4.391230811E+00-4.302519366E+00
-4.215358399E+00-4.129799286E+00-4.045902860E+00-3.963739999E+00-3.883392111E+00
-3.804951310E+00-3.728520962E+00-3.654215992E+00-3.582163244E+00-3.512501780E+00
-3.445383196E+00-3.380971848E+00-3.319445043E+00-3.260993170E+00-3.205819733E+00
-3.154141287E+00-3.106187293E+00-3.062199808E+00-3.022433047E+00-2.987152833E+00
-2.956635823E+00-2.931168631E+00-2.911046731E+00-2.896573238E+00-2.888057506E+00
-2.885813579E+00-2.890158517E+00-2.901410620E+00-2.919887582E+00-2.945904594E+00
-2.979772436E+00-3.021795646E+00-3.072270761E+00-3.131484682E+00-3.199713252E+00
-3.277220062E+00-3.364255527E+00-3.461056297E+00-3.567845003E+00-3.684830401E+00
-3.812207902E+00-3.950160545E+00-4.098860378E+00-4.258470130E+00-4.429145666E+00
-4.611038240E+00-4.804297764E+00-5.009076006E+00-5.225530167E+00-5.453827025E+00
-5.694147068E+00-5.946689261E+00-6.211675738E+00-6.489357078E+00-6.780017742E+00
-7.083982145E+00-7.401620717E+00-7.733356725E+00-8.079673714E+00-8.441123393E+00
-8.818334494E+00-9.212022507E+00-9.623000475E+00-1.005219132E+01-1.050064158E+01
-1.096953691E+01-1.146021982E+01-1.197420953E+01-1.251322453E+01-1.307920790E+01
-1.367435504E+01-1.430114434E+01-1.496236945E+01-1.566117331E+01-1.640108171E+01
-1.718603712E+01-1.802043293E+01-1.890915431E+01-1.985764061E+01-2.087200316E+01
-2.195925804E+01-2.312776764E+01-2.438804535E+01-2.569798684E+01-2.679762715E+01
-2.769604090E+01-2.840682708E+01-2.892198361E+01-2.924495077E+01-2.940253252E+01
-2.940035804E+01-2.923715709E+01-2.889003903E+01-2.835159895E+01-2.763822715E+01
-2.674531956E+01-2.566066313E+01-2.436462058E+01-2.316976650E+01-2.209782593E+01
-2.112991633E+01-2.024925871E+01-6.364359699E+00-6.544102178E+00-6.622986787E+00
-6.597707971E+00-6.480526136E+00-6.351217104E+00-6.225089716E+00-6.101631310E+00
-5.980445726E+00-5.861241964E+00-5.743815697E+00-5.628024064E+00-5.513764273E+00
-5.400958825E+00-5.289545786E+00-5.179473974E+00-5.070699895E+00-4.963187102E+00
-4.856905575E+00-4.751832106E+00-4.647950819E+00-4.545253320E+00-4.443739493E+00
-4.343417610E+00-4.244304968E+00-4.146428121E+00-4.049823161E+00-3.954536223E+00
-3.860623648E+00-3.768152394E+00-3.677200430E+00-3.587857093E+00-3.500223516E+00
-3.414413056E+00-3.330551750E+00-3.248778761E+00-3.169246842E+00-3.092122764E+00
-3.017587715E+00-2.945837662E+00-2.877083618E+00-2.811551850E+00-2.749483952E+00
-2.691136809E+00-2.636782376E+00-2.586707321E+00-2.541212445E+00-2.500611898E+00
-2.465232201E+00-2.435410993E+00-2.411495587E+00-2.393841280E+00-2.382809443E+00
-2.378765436E+00-2.382076342E+00-2.393108569E+00-2.412225379E+00-2.439784393E+00
-2.476135092E+00-2.521616454E+00-2.576554713E+00-2.641261362E+00-2.716031448E+00
-2.801142217E+00-2.896852161E+00-3.003400540E+00-3.121007365E+00-3.249873953E+00
-3.390183946E+00-3.542104940E+00-3.705790589E+00-3.881383255E+00-4.069017122E+00
-4.268821842E+00-4.480926448E+00-4.705463793E+00-4.942575439E+00-5.192416540E+00
-5.455161556E+00-5.731009689E+00-6.020191306E+00-6.322974087E+00-6.639670190E+00
-6.970643350E+00-7.316316990E+00-7.677182812E+00-8.053810332E+00-8.446857516E+00
-8.857082880E+00-9.285358839E+00-9.732687592E+00-1.020021916E+01-1.068927248E+01
-1.120136035E+01-1.173821860E+01-1.230184069E+01-1.289451845E+01-1.351889017E+01
-1.417799655E+01-1.487534528E+01-1.561498359E+01-1.640157672E+01-1.724048874E+01
-1.813785786E+01-1.910065801E+01-2.013673875E+01-2.125484263E+01-2.246461259E+01
-2.377660643E+01-2.519710426E+01-2.651234251E+01-2.760926754E+01-2.849307903E+01
-2.918769322E+01-2.970297400E+01-3.004042731E+01-3.018855239E+01-3.014367159E+01
-2.991937742E+01-2.951413759E+01-2.891807469E+01-2.810830718E+01-2.707163869E+01
-2.581450913E+01-2.452361693E+01-2.335291358E+01-2.228899789E+01-2.131932501E+01
-2.043206136E+01-6.246289530E+00-6.421879016E+00-6.496916370E+00-6.467542635E+00
-6.351224668E+00-6.216835027E+00-6.084899327E+00-5.955668305E+00-5.828864668E+00
-5.704229289E+00-5.581535622E+00-5.460590099E+00-5.341228384E+00-5.223311321E+00
-5.106720554E+00-4.991356009E+00-4.877133332E+00-4.763982826E+00-4.651848229E+00
-4.540686202E+00-4.430465698E+00-4.321167766E+00-4.212785118E+00-4.105321968E+00
-3.998793920E+00-3.893227662E+00-3.788661230E+00-3.685143821E+00-3.582736029E+00
-3.481510009E+00-3.381549795E+00-3.282951660E+00-3.185824553E+00-3.090290637E+00
-2.996485815E+00-2.904560363E+00-2.814679561E+00-2.727024303E+00-2.641791739E+00
-2.559195849E+00-2.479467951E+00-2.402857130E+00-2.329630518E+00-2.260073461E+00
-2.194489454E+00-2.133199892E+00-2.076543567E+00-2.024875881E+00-1.978567793E+00
-1.938004419E+00-1.903583345E+00-1.875712595E+00-1.854808298E+00-1.841292072E+00
-1.835588129E+00-1.838120199E+00-1.849308273E+00-1.869565281E+00-1.899293770E+00
-1.938882648E+00-1.988704114E+00-2.049110886E+00-2.120433744E+00-2.202979561E+00
-2.297029856E+00-2.402839925E+00-2.520638644E+00-2.650628933E+00-2.792988903E+00
-2.947873743E+00-3.115418235E+00-3.295739950E+00-3.488943015E+00-3.695122470E+00
-3.914369087E+00-4.146774638E+00-4.392437530E+00-4.651468815E+00-4.923998509E+00
-5.210182200E+00-5.510207863E+00-5.824303223E+00-6.152743250E+00-6.495858343E+00
-6.854042970E+00-7.227765033E+00-7.617576360E+00-8.024124200E+00-8.448164467E+00
-8.890576710E+00-9.352381722E+00-9.834762031E+00-1.033908668E+01-1.086694035E+01
-1.142015908E+01-1.200087339E+01-1.261156144E+01-1.325511364E+01-1.393491265E+01
-1.465493055E+01-1.541984587E+01-1.623518124E+01-1.710745585E+01-1.804433750E+01
-1.905476119E+01-2.014895739E+01-2.133832411E+01-2.263510622E+01-2.405234570E+01
-2.548484552E+01-2.672826845E+01-2.778349898E+01-2.862729811E+01-2.927967074E+01
-2.976010729E+01-3.007079213E+01-3.020627877E+01-3.013309842E+01-2.986276547E+01
-2.940347818E+01-2.874610099E+01-2.787361851E+01-2.674153684E+01-2.543514542E+01
-2.423564116E+01-2.313671887E+01-2.212846186E+01-2.120141287E+01-2.034676882E+01
-6.128057037E+00-6.302383148E+00-6.374035005E+00-6.339864060E+00-6.204719097E+00
-6.064895633E+00-5.928445255E+00-5.794697703E+00-5.663407283E+00-5.534327199E+00
-5.407217037E+00-5.281850842E+00-5.158021886E+00-5.035544915E+00-4.914257012E+00
-4.794017365E+00-4.674706515E+00-4.556225570E+00-4.438495062E+00-4.321453726E+00
-4.205057473E+00-4.089278251E+00-3.974103058E+00-3.859533128E+00-3.745583212E+00
-3.632280917E+00-3.519666362E+00-3.407791899E+00-3.296722042E+00-3.186533534E+00
-3.077315575E+00-2.969170193E+00-2.862212775E+00-2.756572663E+00-2.652393904E+00
-2.549836068E+00-2.449075100E+00-2.350304250E+00-2.253734990E+00-2.159597902E+00
-2.068143527E+00-1.979643116E+00-1.894389237E+00-1.812696228E+00-1.734900393E+00
-1.661359996E+00-1.592454867E+00-1.528585743E+00-1.470173147E+00-1.417655891E+00
-1.371489141E+00-1.332142001E+00-1.300094674E+00-1.275835203E+00-1.259855765E+00
-1.252648713E+00-1.254702288E+00-1.266496192E+00-1.288497096E+00-1.321154220E+00
-1.364895082E+00-1.420121597E+00-1.487206620E+00-1.566491084E+00-1.658281818E+00
-1.762850153E+00-1.880431409E+00-2.011225256E+00-2.155396999E+00-2.313079799E+00
-2.484377733E+00-2.669369713E+00-2.868114105E+00-3.080654044E+00-3.307023284E+00
-3.547252515E+00-3.801376071E+00-4.069438930E+00-4.351503945E+00-4.647659225E+00
-4.958025844E+00-5.282765653E+00-5.622089202E+00-5.976264366E+00-6.345625054E+00
-6.730580702E+00-7.131626757E+00-7.549355938E+00-7.984471248E+00-8.437800739E+00
-8.910314932E+00-9.403146949E+00-9.917617373E+00-1.045526360E+01-1.101787649E+01
-1.160754576E+01-1.222671662E+01-1.287826229E+01-1.356557659E+01-1.429269442E+01
-1.506444941E+01-1.588668043E+01-1.676650090E+01-1.771263605E+01-1.873580357E+01
-1.984902120E+01-2.106755623E+01-2.240812033E+01-2.386626467E+01-2.517341725E+01
-2.629363058E+01-2.724403613E+01-2.802924011E+01-2.864618520E+01-2.908267869E+01
-2.934335016E+01-2.943572081E+01-2.935431343E+01-2.908481929E+01-2.860248165E+01
-2.789912887E+01-2.696840769E+01-2.580175379E+01-2.464060507E+01-2.357001531E+01
-2.258022042E+01-2.166310060E+01-2.081157992E+01-2.001936338E+01-5.970150986E+00
-6.139997208E+00-6.207769581E+00-6.170223975E+00-6.038414116E+00-5.895408259E+00
-5.755502885E+00-5.618342572E+00-5.483665789E+00-5.351194890E+00-5.220649352E+00
-5.091757242E+00-4.964264080E+00-4.837938396E+00-4.712575077E+00-4.587996708E+00
-4.464053534E+00-4.340622708E+00-4.217606637E+00-4.094931211E+00-3.972543952E+00
-3.850412008E+00-3.728520536E+00-3.606871011E+00-3.485479950E+00-3.364377838E+00
-3.243608322E+00-3.123227669E+00-3.003304492E+00-2.883919721E+00-2.765166812E+00
-2.647152169E+00-2.529995778E+00-2.413832012E+00-2.298810595E+00-2.185097712E+00
-2.072877197E+00-1.962351850E+00-1.853744728E+00-1.747300513E+00-1.643286786E+00
-1.541995252E+00-1.443742825E+00-1.348872506E+00-1.257754021E+00-1.170784152E+00
-1.088386669E+00-1.011011834E+00-9.391354053E-01-8.732570545E-01-8.138982308E-01
-7.615993378E-01-7.169163340E-01-6.804166353E-01-6.526744812E-01-6.342657426E-01
-6.257623110E-01-6.277261731E-01-6.407033232E-01-6.652176961E-01-7.017652768E-01
-7.508086318E-01-8.127719883E-01-8.880371011E-01-9.769400496E-01-1.079769063E+00
-1.196763577E+00-1.328114423E+00-1.473965342E+00-1.634415669E+00-1.809524173E+00
-1.999313977E+00-2.203778380E+00-2.422887478E+00-2.656595398E+00-2.904848009E+00
-3.167590952E+00-3.444777863E+00-3.736378668E+00-4.042387898E+00-4.362832994E+00
-4.697782442E+00-5.047354201E+00-5.411723796E+00-5.791132901E+00-6.185898049E+00
-6.596420247E+00-7.023194623E+00-7.466822173E+00-7.928021974E+00-8.407646111E+00
-8.906696822E+00-9.426346944E+00-9.967964771E+00-1.053314463E+01-1.112374499E+01
-1.174193666E+01-1.239026519E+01-1.307173280E+01-1.378990949E+01-1.454908746E+01
-1.535450525E+01-1.621268692E+01-1.713198336E+01-1.812347816E+01-1.920251394E+01
-2.039077846E+01-2.171871382E+01-2.303251344E+01-2.418719261E+01-2.515960515E+01
-2.598724608E+01-2.667816548E+01-2.723258624E+01-2.763618919E+01-2.785568296E+01
-2.792147229E+01-2.783298826E+01-2.758067624E+01-2.713575154E+01-2.644661035E+01
-2.551929766E+01-2.447692767E+01-2.350742078E+01-2.260065952E+01-2.174972814E+01
-2.094985472E+01-2.019723412E+01-1.948852140E+01-5.791516689E+00-5.955854821E+00
-6.019877728E+00-5.979666213E+00-5.852896066E+00-5.707998692E+00-5.565718450E+00
-5.426322468E+00-5.289475734E+00-5.154816878E+00-5.021984294E+00-4.890631742E+00
-4.760439181E+00-4.631119905E+00-4.502424278E+00-4.374140571E+00-4.246094047E+00
-4.118145036E+00-3.990185860E+00-3.862137732E+00-3.733947641E+00-3.605585242E+00
-3.477040140E+00-3.348319515E+00-3.219446115E+00-3.090456697E+00-2.961400832E+00
-2.832340140E+00-2.703347853E+00-2.574508759E+00-2.445919447E+00-2.317688870E+00
-2.189939152E+00-2.062806685E+00-1.936443402E+00-1.811018278E+00-1.686718955E+00
-1.563753551E+00-1.442352521E+00-1.322770553E+00-1.205288525E+00-1.090215321E+00
-9.778896142E-01-8.686813747E-01-7.629931522E-01-6.612609938E-01-5.639548809E-01
-4.715786428E-01-3.846692256E-01-3.037951978E-01-2.295544856E-01-1.625712018E-01
-1.034915748E-01-5.297895151E-02-1.170791118E-02 1.964244230E-02 4.039589253E-02
 4.988706135E-02 4.746969691E-02 3.252505261E-02 4.470089613E-03-3.723478381E-02
-9.307872185E-02-1.634944733E-01-2.488536758E-01-3.494636207E-01-4.655656243E-01
-5.973350990E-01-7.448833434E-01-9.082609776E-01-1.087462966E+00-1.282434998E+00
-1.493081064E+00-1.719271955E+00-1.960854486E+00-2.217661098E+00-2.489519705E+00
-2.776263516E+00-3.077740673E+00-3.393823594E+00-3.724417907E+00-4.069471001E+00
-4.428980150E+00-4.803000269E+00-5.191651565E+00-5.595126857E+00-6.013699024E+00
-6.447728846E+00-6.897673234E+00-7.364093983E+00-7.847667892E+00-8.349198075E+00
-8.869627119E+00-9.410052647E+00-9.971745678E+00-1.055617297E+01-1.116502422E+01
-1.180024589E+01-1.246408377E+01-1.315913828E+01-1.388843804E+01-1.465554329E+01
-1.546469869E+01-1.632108202E+01-1.723126101E+01-1.820422068E+01-1.925478375E+01
-2.038352172E+01-2.142001666E+01-2.235828630E+01-2.319189432E+01-2.390855150E+01
-2.449519137E+01-2.495739920E+01-2.529844974E+01-2.551421560E+01-2.559231884E+01
-2.551837343E+01-2.529529875E+01-2.492062302E+01-2.437913482E+01-2.363957546E+01
-2.288156699E+01-2.213968189E+01-2.141937808E+01-2.072394990E+01-2.005522964E+01
-1.941405711E+01-1.880057380E+01-5.611028737E+00-5.773274140E+00-5.834101692E+00
-5.790438450E+00-5.649071207E+00-5.501758148E+00-5.358443677E+00-5.218294382E+00
-5.080800082E+00-4.945446066E+00-4.811736574E+00-4.679214140E+00-4.547471654E+00
-4.416157871E+00-4.284978478E+00-4.153693771E+00-4.022114516E+00-3.890096566E+00
-3.757535328E+00-3.624360342E+00-3.490530106E+00-3.356027555E+00-3.220856119E+00
-3.085036424E+00-2.948603661E+00-2.811605520E+00-2.674100736E+00-2.536158128E+00
-2.397856160E+00-2.259282924E+00-2.120536537E+00-1.981725924E+00-1.842971941E+00
-1.704408803E+00-1.566185823E+00-1.428469382E+00-1.291445135E+00-1.155320438E+00
-1.020326890E+00-8.867230307E-01-7.547970504E-01-6.248695365E-01-4.972961143E-01
-3.724699158E-01-2.508237921E-01-1.328321163E-01-1.901207993E-02 9.007567655E-02
 1.938272302E-01 2.915964944E-01 3.826974191E-01 4.664073965E-01 5.419719710E-01
 6.086108647E-01 6.655253883E-01 7.119070894E-01 7.469475553E-01 7.698491290E-01
 7.798362800E-01 7.761672315E-01 7.581455233E-01 7.251310008E-01 6.765498538E-01
 6.119032409E-01 5.307741883E-01 4.328323886E-01 3.178367258E-01 1.856353977E-01
 3.616359167E-02-1.305611590E-01-3.144457743E-01-5.153302923E-01-7.329980758E-01
-9.671871269E-01-1.217602188E+00-1.483927119E+00-1.765837307E+00-2.063011656E+00
-2.375144037E+00-2.701953881E+00-3.043195916E+00-3.398668899E+00-3.768223439E+00
-4.151768883E+00-4.549279527E+00-4.960799943E+00-5.386449983E+00-5.826429363E+00
-6.281021835E+00-6.750599486E+00-7.235626636E+00-7.736664132E+00-8.254373290E+00
-8.789519992E+00-9.342978152E+00-9.915732553E+00-1.050887979E+01-1.112362600E+01
-1.176127857E+01-1.242322717E+01-1.311090481E+01-1.382571129E+01-1.456886197E+01
-1.534107926E+01-1.614192627E+01-1.696828294E+01-1.781095271E+01-1.864986709E+01
-1.945666926E+01-2.020668473E+01-2.088325167E+01-2.147527485E+01-2.197489843E+01
-2.237619987E+01-2.267448598E+01-2.286592226E+01-2.294739213E+01-2.291659699E+01
-2.277255103E+01-2.251692215E+01-2.215723192E+01-2.171208084E+01-2.121035807E+01
-2.067865719E+01-2.013467769E+01-1.958940768E+01-1.904982182E+01-1.852044471E+01
-1.800421589E+01-5.391782392E+00-5.549145522E+00-5.606663027E+00-5.561180763E+00
-5.421957271E+00-5.275044351E+00-5.132683617E+00-4.993870743E+00-4.857806202E+00
-4.723724780E+00-4.590930965E+00-4.458819426E+00-4.326881875E+00-4.194704894E+00
-4.061962534E+00-3.928406356E+00-3.793854500E+00-3.658181031E+00-3.521306115E+00
-3.383187341E+00-3.243812229E+00-3.103191940E+00-2.961356161E+00-2.818348980E+00
-2.674225718E+00-2.529050595E+00-2.382895152E+00-2.235837298E+00-2.087961004E+00
-1.939356486E+00-1.790120903E+00-1.640359467E+00-1.490186990E+00-1.339729791E+00
-1.189127933E+00-1.038537852E+00-8.881352209E-01-7.381181189E-01-5.887104755E-01
-4.401656554E-01-2.927702658E-01-1.468479879E-01-2.763458820E-03 1.390739766E-01
 2.782067277E-01 4.141258037E-01 5.462681961E-01 6.740150379E-01 7.966906838E-01
 9.135630136E-01 1.023845142E+00 1.126698768E+00 1.221239339E+00 1.306543196E+00
 1.381656701E+00 1.445607374E+00 1.497416849E+00 1.536115407E+00 1.560757666E+00
 1.570438909E+00 1.564311515E+00 1.541600744E+00 1.501619293E+00 1.443779884E+00
 1.367605390E+00 1.272735934E+00 1.158932705E+00 1.026078231E+00 8.741731612E-01
 7.033296583E-01 5.137617660E-01 3.057731767E-01 7.974298723E-02-1.638899529E-01
-4.246434338E-01-7.020083897E-01-9.954649489E-01-1.304497569E+00-1.628608838E+00
-1.967331789E+00-2.320240470E+00-2.686958845E+00-3.067168022E+00-3.460611902E+00
-3.867101415E+00-4.286517490E+00-4.718812958E+00-5.164013287E+00-5.622216658E+00
-6.093592805E+00-6.578381274E+00-7.076888000E+00-7.589480893E+00-8.116582865E+00
-8.658662254E+00-9.216218603E+00-9.789762329E+00-1.037978454E+01-1.098671280E+01
-1.161084446E+01-1.225224602E+01-1.291059897E+01-1.358496274E+01-1.427341091E+01
-1.497249422E+01-1.567652967E+01-1.637691485E+01-1.706204060E+01-1.771841162E+01
-1.833260750E+01-1.889283385E+01-1.938946443E+01-1.981491889E+01-2.016334461E+01
-2.043034021E+01-2.061280340E+01-2.070893289E+01-2.071841624E+01-2.064284113E+01
-2.048633537E+01-2.025626046E+01-1.996339706E+01-1.962089861E+01-1.924219625E+01
-1.883916203E+01-1.842136717E+01-1.799616770E+01-1.756909211E+01-1.714424617E+01
-5.137137383E+00-5.287382768E+00-5.341744514E+00-5.296317172E+00-5.168409964E+00
-5.025431608E+00-4.887174618E+00-4.752859599E+00-4.621198432E+00-4.491048659E+00
-4.361455676E+00-4.231654587E+00-4.101054402E+00-3.969214521E+00-3.835819864E+00
-3.700656902E+00-3.563592818E+00-3.424557509E+00-3.283528756E+00-3.140520204E+00
-2.995571654E+00-2.848741461E+00-2.700100601E+00-2.549728169E+00-2.397708109E+00
-2.244126930E+00-2.089072334E+00-1.932632576E+00-1.774896481E+00-1.615954076E+00
-1.455897698E+00-1.294823614E+00-1.132834070E+00-9.700397842E-01-8.065628128E-01
-6.425398431E-01-4.781258794E-01-3.134982647E-01-1.488611253E-01 1.554990416E-02
 1.794626259E-01 3.425630003E-01 5.044897108E-01 6.648286721E-01 8.231076688E-01
 9.787912181E-01 1.131276004E+00 1.279887011E+00 1.423874802E+00 1.562414171E+00
 1.694604630E+00 1.819473051E+00 1.935978862E+00 2.043022047E+00 2.139454242E+00
 2.224092836E+00 2.295738141E+00 2.353193131E+00 2.395285321E+00 2.420889965E+00
 2.428953689E+00 2.418517513E+00 2.388738183E+00 2.338906796E+00 2.268463774E+00
 2.177009434E+00 2.064309636E+00 1.930296170E+00 1.775061965E+00 1.598851296E+00
 1.402045581E+00 1.185145499E+00 9.487503597E-01 6.935357644E-01 4.202306264E-01
 1.295945203E-01-1.776037135E-01-5.006054637E-01-8.386793915E-01-1.191135792E+00
-1.557338109E+00-1.936711723E+00-2.328750134E+00-2.733018792E+00-3.149156836E+00
-3.576877011E+00-4.015963982E+00-4.466271119E+00-4.927716101E+00-5.400274894E+00
-5.883974329E+00-6.378882843E+00-6.885098933E+00-7.402736542E+00-7.931906304E+00
-8.472691586E+00-9.025116659E+00-9.589104655E+00-1.016442170E+01-1.075060178E+01
-1.134684623E+01-1.195189153E+01-1.256383854E+01-1.317994497E+01-1.379639914E+01
-1.440812599E+01-1.500872102E+01-1.559062010E+01-1.614554525E+01-1.666512260E+01
-1.714147097E+01-1.756761027E+01-1.793766702E+01-1.824694189E+01-1.849192010E+01
-1.867028534E+01-1.878097336E+01-1.882427885E+01-1.880200411E+01-1.871760066E+01
-1.857620816E+01-1.838446818E+01-1.815005211E+01-1.788099014E+01-1.758501421E+01
-1.726909706E+01-1.693923630E+01-1.660042613E+01-1.625673438E+01-4.865261598E+00
-5.010265192E+00-5.062154282E+00-5.017962697E+00-4.885212930E+00-4.749674132E+00
-4.620866415E+00-4.496010322E+00-4.373030262E+00-4.250323671E+00-4.126704635E+00
-4.001328866E+00-3.873621656E+00-3.743215098E+00-3.609896363E+00-3.473566401E+00
-3.334208006E+00-3.191861483E+00-3.046606230E+00-2.898546907E+00-2.747803039E+00
-2.594501307E+00-2.438769879E+00-2.280734386E+00-2.120515206E+00-1.958225837E+00
-1.793972161E+00-1.627852471E+00-1.459958142E+00-1.290374882E+00-1.119184477E+00
-9.464670054E-01-7.723035192E-01-5.967791366E-01-4.199866152E-01-2.420303421E-01
-6.303085163E-02 1.168701978E-01 2.975045180E-01 4.786711764E-01 6.601300707E-01
 8.415949576E-01 1.022726042E+00 1.203122296E+00 1.382313592E+00 1.559752875E+00
 1.734808651E+00 1.906758114E+00 2.074781338E+00 2.237957024E+00 2.395260433E+00
 2.545564089E+00 2.687641941E+00 2.820177573E+00 2.941777009E+00 3.050986340E+00
 3.146314242E+00 3.226258997E+00 3.289339282E+00 3.334127572E+00 3.359284716E+00
 3.363594026E+00 3.345993089E+00 3.305601673E+00 3.241744191E+00 3.153965515E+00
 3.042039336E+00 2.905968601E+00 2.745977980E+00 2.562498879E+00 2.356147825E+00
 2.127699445E+00 1.878055675E+00 1.608212838E+00 1.319228461E+00 1.012189351E+00
 6.881823912E-01 3.482690071E-01-6.536013203E-03-3.752811657E-01-7.570903569E-01
-1.151170834E+00-1.556817385E+00-1.973413299E+00-2.400428606E+00-2.837416084E+00
-3.284005380E+00-3.739895533E+00-4.204846017E+00-4.678666294E+00-5.161204043E+00
-5.652331059E+00-6.151927410E+00-6.659862370E+00-7.175971802E+00-7.700030499E+00
-8.231718856E+00-8.770581535E+00-9.315976880E+00-9.867015377E+00-1.042248609E+01
-1.098077105E+01-1.153975191E+01-1.209671716E+01-1.264828683E+01-1.319037974E+01
-1.371825137E+01-1.422662347E+01-1.470990161E+01-1.516244902E+01-1.557886652E+01
-1.595423374E+01-1.628429044E+01-1.656556081E+01-1.679543734E+01-1.697224363E+01
-1.709528858E+01-1.716491536E+01-1.718253603E+01-1.715062975E+01-1.707267686E+01
-1.695300538E+01-1.679654978E+01-1.660855312E+01-1.639426631E+01-1.615869707E+01
-1.590643669E+01-1.564156731E+01-1.536763327E+01-4.534085769E+00-4.666596973E+00
-4.715861208E+00-4.679436864E+00-4.561158274E+00-4.444662025E+00-4.334824521E+00
-4.226990389E+00-4.118399240E+00-4.007285004E+00-3.892538983E+00-3.773514833E+00
-3.649889851E+00-3.521560472E+00-3.388566477E+00-3.251038330E+00-3.109161355E+00
-2.963151434E+00-2.813238271E+00-2.659653802E+00-2.502624048E+00-2.342363396E+00
-2.179070794E+00-2.012927287E+00-1.844094771E+00-1.672715640E+00-1.498913248E+00
-1.322792983E+00-1.144443901E+00-9.639408359E-01-7.813469131E-01-5.967164485E-01
-4.100982892E-01-2.215395083E-01-3.108960025E-02 1.611948404E-01 3.552448630E-01
 5.509732787E-01 7.482680715E-01 9.469850855E-01 1.146939901E+00 1.347898920E+00
 1.549569693E+00 1.751590494E+00 1.953519285E+00 2.154822299E+00 2.354862398E+00
 2.552887723E+00 2.748021043E+00 2.939250601E+00 3.125423218E+00 3.305240765E+00
 3.477261114E+00 3.639904804E+00 3.791468503E+00 3.930146166E+00 4.054058223E+00
 4.161288720E+00 4.249929049E+00 4.318127013E+00 4.364138409E+00 4.386378481E+00
 4.383470188E+00 4.354286712E+00 4.297985619E+00 4.214032615E+00 4.102214197E+00
 3.962637727E+00 3.795719584E+00 3.602161591E+00 3.382917275E+00 3.139149990E+00
 2.872185479E+00 2.583462003E+00 2.274480949E+00 1.946760802E+00 1.601796584E+00
 1.241026262E+00 8.658047272E-01 4.773853907E-01 7.690876326E-02-3.346028143E-01
-7.562453658E-01-1.187229411E+00-1.626872971E+00-2.074592281E+00-2.529890701E+00
-2.992346367E+00-3.461598722E+00-3.937334042E+00-4.419269858E+00-4.907138124E+00
-5.400666680E+00-5.899558849E+00-6.403470203E+00-6.911982440E+00-7.424573364E+00
-7.940582643E+00-8.459173004E+00-8.979286854E+00-9.499599946E+00-1.001847335E+01
-1.053390890E+01-1.104351415E+01-1.154448561E+01-1.203361982E+01-1.250736110E+01
-1.296188951E+01-1.339324432E+01-1.379747245E+01-1.417078362E+01-1.450969726E+01
-1.481116982E+01-1.507269752E+01-1.529239632E+01-1.546906145E+01-1.560220907E+01
-1.569209981E+01-1.573973981E+01-1.574685275E+01-1.571581605E+01-1.564955842E+01
-1.555142315E+01-1.542500992E+01-1.527401355E+01-1.510207850E+01-1.491268235E+01
-1.470905366E+01-1.449412322E+01-4.113551284E+00-4.212576775E+00-4.257715950E+00
-4.246587404E+00-4.187336136E+00-4.114810995E+00-4.038273791E+00-3.956503426E+00
-3.868138880E+00-3.772210995E+00-3.668315401E+00-3.556501719E+00-3.437077990E+00
-3.310472820E+00-3.177160550E+00-3.037623227E+00-2.892331002E+00-2.741731497E+00
-2.586243576E+00-2.426253424E+00-2.262112017E+00-2.094133586E+00-1.922594962E+00
-1.747735749E+00-1.569759237E+00-1.388833954E+00-1.205095764E+00-1.018650421E+00
-8.295764221E-01-6.379281445E-01-4.437392357E-01-2.470262209E-01-4.779237732E-02
 1.539680513E-01 3.582652369E-01 5.651086241E-01 7.745011448E-01 9.864326498E-01
 1.200872431E+00 1.417760713E+00 1.636998973E+00 1.858439067E+00 2.081871000E+00
 2.307009439E+00 2.533478898E+00 2.760797726E+00 2.988361092E+00 3.215423317E+00
 3.441080029E+00 3.664251076E+00 3.883665211E+00 4.097848251E+00 4.305116445E+00
 4.503577769E+00 4.691142727E+00 4.865547755E+00 5.024391862E+00 5.165187580E+00
 5.285424391E+00 5.382642206E+00 5.454510326E+00 5.498907102E+00 5.513994719E+00
 5.498284673E+00 5.450689902E+00 5.370561144E+00 5.257705699E+00 5.112387186E+00
 4.935306676E+00 4.727565574E+00 4.490611958E+00 4.226174155E+00 3.936185401E+00
 3.622705815E+00 3.287846725E+00 2.933702675E+00 2.562294594E+00 2.175526148E+00
 1.775153478E+00 1.362767477E+00 9.397866744E-01 5.074586076E-01 6.686758721E-02
-3.810531466E-01-8.355063437E-01-1.295813965E+00-1.761399482E+00-2.231769790E+00
-2.706496994E+00-3.185200095E+00-3.667526574E+00-4.153133593E+00-4.641668731E+00
-5.132749571E+00-5.625942485E+00-6.120739735E+00-6.616535007E+00-7.112597484E+00
-7.608044546E+00-8.101813870E+00-8.592636566E+00-9.079012824E+00-9.559193357E+00
-1.003117026E+01-1.049268096E+01-1.094122944E+01-1.137412681E+01-1.178855181E+01
-1.218162855E+01-1.255051640E+01-1.289250484E+01-1.320510661E+01-1.348614319E+01
-1.373381832E+01-1.394677801E+01-1.412415535E+01-1.426560009E+01-1.437129146E+01
-1.444193265E+01-1.447872569E+01-1.448332507E+01-1.445777192E+01-1.440441115E+01
-1.432579887E+01-1.422460701E+01-1.410353352E+01-1.396522472E+01-1.381221324E+01
-1.364687310E+01-3.700091189E+00-3.767541281E+00-3.810078544E+00-3.826293542E+00
-3.819236463E+00-3.794450350E+00-3.756267347E+00-3.705736309E+00-3.641012064E+00
-3.561086275E+00-3.467234009E+00-3.361057212E+00-3.243949472E+00-3.117095846E+00
-2.981516246E+00-2.838100909E+00-2.687635156E+00-2.530815771E+00-2.368261352E+00
-2.200518678E+00-2.028066745E+00-1.851319667E+00-1.670629428E+00-1.486288866E+00
-1.298535159E+00-1.107553697E+00-9.134822846E-01-7.164154596E-01-5.164088421E-01
-3.134834388E-01-1.076298716E-01 1.011874228E-01 3.130259555E-01 5.279608041E-01
 7.460799411E-01 9.674790515E-01 1.192255703E+00 1.420502544E+00 1.652299381E+00
 1.887703839E+00 2.126740440E+00 2.369387909E+00 2.615564524E+00 2.865111427E+00
 3.117773694E+00 3.373179155E+00 3.630814844E+00 3.890001184E+00 4.149864206E+00
 4.409306504E+00 4.666978161E+00 4.921249625E+00 5.170189666E+00 5.411552330E+00
 5.642777536E+00 5.861010690E+00 6.063146071E+00 6.245895459E+00 6.405882144E+00
 6.539754986E+00 6.644314098E+00 6.716637830E+00 6.754201048E+00 6.754976543E+00
 6.717514187E+00 6.640995422E+00 6.525260997E+00 6.370810927E+00 6.178776285E+00
 5.950861403E+00 5.689258767E+00 5.396540675E+00 5.075535794E+00 4.729201627E+00
 4.360504382E+00 3.972315673E+00 3.567333408E+00 3.148027702E+00 2.716611054E+00
 2.275028634E+00 1.824963849E+00 1.367854503E+00 9.049154597E-01 4.371647191E-01
-3.454929309E-02-5.095206368E-01-9.871598255E-01-1.466969182E+00-1.948519689E+00
-2.431429233E+00-2.915341999E+00-3.399908729E+00-3.884767585E+00-4.369525267E+00
-4.853738389E+00-5.336894509E+00-5.818393498E+00-6.297528770E+00-6.773469316E+00
-7.245242685E+00-7.711720760E+00-8.171608685E+00-8.623439350E+00-9.065575325E+00
-9.496219257E+00-9.913435067E+00-1.031518006E+01-1.069934773E+01-1.106381956E+01
-1.140652356E+01-1.172549556E+01-1.201894030E+01-1.228528845E+01-1.252324734E+01
-1.273184269E+01-1.291045039E+01-1.305881671E+01-1.317706638E+01-1.326569777E+01
-1.332556473E+01-1.335784577E+01-1.336400139E+01-1.334572247E+01-1.330487257E+01
-1.324342787E+01-1.316341968E+01-1.306688118E+01-1.295580284E+01-1.283209594E+01
-3.363076950E+00-3.420186268E+00-3.463757591E+00-3.493309335E+00-3.509745516E+00
-3.514909253E+00-3.510901391E+00-3.499887465E+00-3.466068706E+00-3.394776252E+00
-3.304579362E+00-3.198683238E+00-3.079348658E+00-2.948332374E+00-2.807067470E+00
-2.656761477E+00-2.498454377E+00-2.333053100E+00-2.161351179E+00-1.984039447E+00
-1.801711969E+00-1.614870310E+00-1.423927952E+00-1.229215703E+00-1.030988008E+00
-8.294297506E-01-6.246631200E-01-4.167541613E-01-2.057188211E-01 8.471543887E-03
 2.258852090E-01 4.466255636E-01 6.708269396E-01 8.986505737E-01 1.130280539E+00
 1.365919324E+00 1.605782702E+00 1.850093587E+00 2.099074413E+00 2.352937698E+00
 2.611874480E+00 2.876040283E+00 3.145538491E+00 3.420400840E+00 3.700564756E+00
 3.985847139E+00 4.275914175E+00 4.570246413E+00 4.868098854E+00 5.168455825E+00
 5.469981100E+00 5.770965621E+00 6.069275251E+00 6.362306487E+00 6.646957431E+00
 6.919626914E+00 7.176254176E+00 7.412408578E+00 7.623432424E+00 7.804628104E+00
 7.951470499E+00 8.059819777E+00 8.126111961E+00 8.147513539E+00 8.122035599E+00
 8.048609122E+00 7.927124696E+00 7.758436535E+00 7.544326943E+00 7.287424477E+00
 6.991071255E+00 6.659142940E+00 6.295835233E+00 5.905442611E+00 5.492155967E+00
 5.059902420E+00 4.612237828E+00 4.152290765E+00 3.682749456E+00 3.205878978E+00
 2.723557518E+00 2.237321971E+00 1.748416615E+00 1.257840656E+00 7.663925328E-01
 2.747098687E-01-2.166949990E-01-7.074037545E-01-1.197064595E+00-1.685367916E+00
-2.172024621E+00-2.656746564E+00-3.139228615E+00-3.619132045E+00-4.096068943E+00
-4.569587580E+00-5.039158572E+00-5.504162367E+00-5.963877723E+00-6.417472489E+00
-6.863996789E+00-7.302379436E+00-7.731428802E+00-8.149838960E+00-8.556201348E+00
-8.949023642E+00-9.326754183E+00-9.687813455E+00-1.003062986E+01-1.035367948E+01
-1.065552744E+01-1.093486883E+01-1.119056741E+01-1.142169018E+01-1.162753614E+01
-1.180765819E+01-1.196187730E+01-1.209028807E+01-1.219325545E+01-1.227140298E+01
-1.232559232E+01-1.235689594E+01-1.236656388E+01-1.235598645E+01-1.232665515E+01
-1.228012431E+01-1.221797452E+01-1.214178009E+01-1.205308134E+01-3.072385862E+00
-3.125546002E+00-3.171140144E+00-3.209315937E+00-3.240899291E+00-3.267349537E+00
-3.290679872E+00-3.313437820E+00-3.322015026E+00-3.277199058E+00-3.192084010E+00
-3.077853000E+00-2.949772549E+00-2.809215488E+00-2.657707121E+00-2.496574719E+00
-2.326993086E+00-2.150009944E+00-1.966555479E+00-1.777442147E+00-1.583361358E+00
-1.384882504E+00-1.182456956E+00-9.764265674E-01-7.670347795E-01-5.544382353E-01
-3.387174999E-01-1.198863910E-01 1.021001475E-01 3.273395115E-01 5.559760579E-01
 7.881967397E-01 1.024227590E+00 1.264330874E+00 1.508802606E+00 1.757970035E+00
 2.012188662E+00 2.271838065E+00 2.537315961E+00 2.809029788E+00 3.087385334E+00
 3.372772078E+00 3.665545175E+00 3.966003997E+00 4.274367007E+00 4.590742361E+00
 4.915093142E+00 5.247195090E+00 5.586585539E+00 5.932500499E+00 6.283798811E+00
 6.638871844E+00 6.995541255E+00 7.350950363E+00 7.701463094E+00 8.042593846E+00
 8.369002685E+00 8.674592463E+00 8.952731779E+00 9.196592433E+00 9.399549406E+00
 9.555567092E+00 9.659512127E+00 9.707369653E+00 9.696376758E+00 9.625101438E+00
 9.493490585E+00 9.302894172E+00 9.056051076E+00 8.757006651E+00 8.410926490E+00
 8.023789740E+00 7.601987900E+00 7.151896671E+00 6.679505719E+00 6.190164315E+00
 5.688456993E+00 5.178186250E+00 4.662425423E+00 4.143607177E+00 3.623623966E+00
 3.103925490E+00 2.585606901E+00 2.069484763E+00 1.556160974E+00 1.046075814E+00
 5.395515626E-01 3.682846500E-02-4.619056218E-01-9.564905180E-01-1.446772917E+00
-1.932588669E+00-2.413747402E+00-2.890019099E+00-3.361122185E+00-3.826713025E+00
-4.286376717E+00-4.739619333E+00-5.185861573E+00-5.624434598E+00-6.054577883E+00
-6.475439973E+00-6.886082219E+00-7.285486547E+00-7.672566602E+00-8.046183430E+00
-8.405164866E+00-8.748328618E+00-9.074507996E+00-9.382579846E+00-9.671493194E+00
-9.940297653E+00-1.018816974E+01-1.041443710E+01-1.061859820E+01-1.080033770E+01
-1.095953652E+01-1.109627577E+01-1.121083528E+01-1.130368565E+01-1.137547532E+01
-1.142701270E+01-1.145924421E+01-1.147322984E+01-1.147011698E+01-1.145111426E+01
-1.141746579E+01-1.137042793E+01-1.131124805E+01-2.810661692E+00-2.861304005E+00
-2.908010005E+00-2.951358573E+00-2.992409701E+00-3.032727287E+00-3.074358175E+00
-3.119760754E+00-3.152175924E+00-3.139931867E+00-3.087938598E+00-2.992844192E+00
-2.857932298E+00-2.701804743E+00-2.535032338E+00-2.358631749E+00-2.173819208E+00
-1.981750663E+00-1.783496712E+00-1.580004367E+00-1.372062600E+00-1.160287274E+00
-9.451284720E-01-7.268917559E-01-5.057625342E-01-2.818270209E-01-5.508817504E-02
 1.745225290E-01 4.071362046E-01 6.429396585E-01 8.821701394E-01 1.125111672E+00
 1.372092922E+00 1.623486478E+00 1.879709347E+00 2.141224193E+00 2.408540630E+00
 2.682215545E+00 2.962851215E+00 3.251089762E+00 3.547602983E+00 3.853077097E+00
 4.168193079E+00 4.493603660E+00 4.829907692E+00 5.177621778E+00 5.537146686E+00
 5.908725708E+00 6.292390087E+00 6.687885736E+00 7.094574980E+00 7.511305352E+00
 7.936238209E+00 8.366632940E+00 8.798591347E+00 9.226792369E+00 9.644289608E+00
 1.004250148E+01 1.041153953E+01 1.074091725E+01 1.102046600E+01 1.124114711E+01
 1.139555167E+01 1.147809347E+01 1.148502967E+01 1.141444395E+01 1.126627388E+01
 1.104240656E+01 1.074681106E+01 1.038561058E+01 9.966936097E+00 9.500410270E+00
 8.996265988E+00 8.464348052E+00 7.913339027E+00 7.350387545E+00 6.781087983E+00
 6.209659523E+00 5.639195122E+00 5.071905471E+00 4.509329741E+00 3.952505508E+00
 3.402101824E+00 2.858521652E+00 2.321980142E+00 1.792564348E+00 1.270278856E+00
 7.550808548E-01 2.469072498E-01-2.543041073E-01-7.485976065E-01-1.235986373E+00
-1.716441278E+00-2.189881849E+00-2.656168799E+00-3.115097868E+00-3.566394946E+00
-4.009712468E+00-4.444627236E+00-4.870639671E+00-5.287175135E+00-5.693586890E+00
-6.089161692E+00-6.473127514E+00-6.844664261E+00-7.202916378E+00-7.547008611E+00
-7.876063187E+00-8.189219152E+00-8.485652433E+00-8.764596241E+00-9.025361210E+00
-9.267353986E+00-9.490094293E+00-9.693228760E+00-9.876542030E+00-1.003996381E+01
-1.018357224E+01-1.030759315E+01-1.041239508E+01-1.049848112E+01-1.056647681E+01
-1.061711596E+01-1.065122386E+01-1.066969973E+01-1.067349833E+01-1.066361200E+01
-1.064105347E+01-1.060684013E+01-2.566843786E+00-2.614249725E+00-2.659844119E+00
-2.704433416E+00-2.749254963E+00-2.796060320E+00-2.847188123E+00-2.905533000E+00
-2.955954244E+00-2.963674864E+00-2.935173132E+00-2.867586959E+00-2.761759827E+00
-2.621147839E+00-2.438526191E+00-2.242199658E+00-2.037780308E+00-1.826587361E+00
-1.609988545E+00-1.389204937E+00-1.165170181E+00-9.384959913E-01-7.095315134E-01
-4.784453007E-01-2.452846213E-01-1.000703915E-02 2.275047876E-01 4.674346721E-01
 7.100259500E-01 9.555751677E-01 1.204427041E+00 1.456971500E+00 1.713643279E+00
 1.974924228E+00 2.241348260E+00 2.513508764E+00 2.792067749E+00 3.077765392E+00
 3.371427497E+00 3.673967263E+00 3.986377649E+00 4.309712876E+00 4.645061516E+00
 4.993518002E+00 5.356157380E+00 5.734014825E+00 6.128065981E+00 6.539201821E+00
 6.968190276E+00 7.415615911E+00 7.881785569E+00 8.366584912E+00 8.869261022E+00
 9.388096446E+00 9.919926088E+00 1.045944721E+01 1.099833439E+01 1.152442704E+01
 1.202177858E+01 1.247247202E+01 1.285962449E+01 1.316953928E+01 1.339213704E+01
 1.352043931E+01 1.354994286E+01 1.347823155E+01 1.330490634E+01 1.303184996E+01
 1.266383180E+01 1.220936524E+01 1.168137868E+01 1.109668549E+01 1.047347420E+01
 9.828021100E+00 9.172835017E+00 8.516638069E+00 7.865174660E+00 7.222074840E+00
 6.589526131E+00 5.968747743E+00 5.360315140E+00 4.764381034E+00 4.180826873E+00
 3.609366897E+00 3.049620373E+00 2.501161765E+00 1.963555965E+00 1.436383023E+00
 9.192556455E-01 4.118316344E-01-8.617718820E-02-5.749985221E-01-1.054794928E+00
-1.525660473E+00-1.987618377E+00-2.440619574E+00-2.884542068E+00-3.319191182E+00
-3.744300724E+00-4.159535257E+00-4.564493497E+00-4.958713202E+00-5.341677535E+00
-5.712822732E+00-6.071547798E+00-6.417225456E+00-6.749214643E+00-7.066874136E+00
-7.369577054E+00-7.656726066E+00-7.927768164E+00-8.182209439E+00-8.419628636E+00
-8.639689244E+00-8.842149708E+00-9.026871500E+00-9.193824440E+00-9.343089415E+00
-9.474858220E+00-9.589430683E+00-9.687209110E+00-9.768690719E+00-9.834457712E+00
-9.885166086E+00-9.921533380E+00-9.944325829E+00-9.954345524E+00-9.952417838E+00
-9.939379611E+00-2.334129810E+00-2.376622461E+00-2.418222319E+00-2.459706027E+00
-2.502211459E+00-2.547373774E+00-2.597618731E+00-2.657034258E+00-2.713808382E+00
-2.735862214E+00-2.727068848E+00-2.683119864E+00-2.601225024E+00-2.485093577E+00
-2.331288110E+00-2.141062085E+00-1.916398170E+00-1.680884856E+00-1.441300251E+00
-1.199850156E+00-9.576680741E-01-7.149997550E-01-4.717364958E-01-2.276983292E-01
 1.730071171E-02 2.634722786E-01 5.110808105E-01 7.604520522E-01 1.011967210E+00
 1.266053077E+00 1.523174177E+00 1.783829190E+00 2.048551901E+00 2.317916743E+00
 2.592549044E+00 2.873140477E+00 3.160470398E+00 3.455433047E+00 3.759068120E+00
 4.072586219E+00 4.397373110E+00 4.734956632E+00 5.086943406E+00 5.454958532E+00
 5.840618165E+00 6.245534050E+00 6.671332705E+00 7.119673624E+00 7.592256372E+00
 8.090809786E+00 8.617054234E+00 9.172622892E+00 9.758915969E+00 1.037683764E+01
 1.102631170E+01 1.170534278E+01 1.240805079E+01 1.312039978E+01 1.381345281E+01
 1.444665523E+01 1.498785421E+01 1.541922076E+01 1.573112206E+01 1.591781149E+01
 1.597550294E+01 1.590158933E+01 1.569447664E+01 1.535392762E+01 1.488213042E+01
 1.428622428E+01 1.358382930E+01 1.280981529E+01 1.200679864E+01 1.120376134E+01
 1.041488318E+01 9.646518028E+00 8.901241488E+00 8.179714523E+00 7.481589868E+00
 6.805990024E+00 6.151775014E+00 5.517698522E+00 4.902500245E+00 4.304960581E+00
 3.723932481E+00 3.158359151E+00 2.607282769E+00 2.069848095E+00 1.545302766E+00
 1.032995729E+00 5.323746989E-01 4.298310544E-02-4.355431575E-01-9.034790429E-01
-1.361013668E+00-1.808253725E+00-2.245226976E+00-2.671886011E+00-3.088112376E+00
-3.493721199E+00-3.888466463E+00-4.272047023E+00-4.644113413E+00-5.004275841E+00
-5.352112656E+00-5.687179946E+00-6.009022100E+00-6.317182677E+00-6.611215718E+00
-6.890697484E+00-7.155237646E+00-7.404490477E+00-7.638164778E+00-7.856032977E+00
-8.057938858E+00-8.243803464E+00-8.413629277E+00-8.567502582E+00-8.705593740E+00
-8.828155381E+00-8.935519126E+00-9.028090276E+00-9.106341267E+00-9.170804027E+00
-9.222061271E+00-9.260737478E+00-9.287489667E+00-9.302998068E+00-9.307957326E+00
-2.109034939E+00-2.144818359E+00-2.179699637E+00-2.214179499E+00-2.248924585E+00
-2.284760592E+00-2.322582158E+00-2.362908975E+00-2.404667324E+00-2.441350422E+00
-2.452272662E+00-2.428612035E+00-2.371202791E+00-2.284099410E+00-2.148825193E+00
-1.981643426E+00-1.779075194E+00-1.535205521E+00-1.266524855E+00-1.001450179E+00
-7.412329819E-01-4.833739384E-01-2.265828064E-01 2.971936672E-02 2.857768334E-01
 5.418507790E-01 7.983408493E-01 1.055753701E+00 1.314652399E+00 1.575624674E+00
 1.839268363E+00 2.106187781E+00 2.376997057E+00 2.652328580E+00 2.932846730E+00
 3.219268456E+00 3.512394637E+00 3.813159197E+00 4.122706638E+00 4.442505194E+00
 4.774457937E+00 5.120857152E+00 5.484090907E+00 5.866400543E+00 6.269894037E+00
 6.696668689E+00 7.148926009E+00 7.629060760E+00 8.139732942E+00 8.683931418E+00
 9.265035972E+00 9.886880779E+00 1.055382422E+01 1.127083249E+01 1.204359960E+01
 1.287877701E+01 1.378459020E+01 1.477341941E+01 1.587906251E+01 1.675962313E+01
 1.751676762E+01 1.811991774E+01 1.849724794E+01 1.876443479E+01 1.888167792E+01
 1.876810624E+01 1.853896218E+01 1.814970694E+01 1.751071649E+01 1.673527938E+01
 1.576676614E+01 1.457004339E+01 1.349932172E+01 1.249941747E+01 1.155965837E+01
 1.067287846E+01 9.833275223E+00 9.035871819E+00 8.276320350E+00 7.550803190E+00
 6.855967464E+00 6.188871824E+00 5.546940190E+00 4.927920032E+00 4.329845326E+00
 3.751003820E+00 3.189908420E+00 2.645272246E+00 2.115987329E+00 1.601106231E+00
 1.099826343E+00 6.114763937E-01 1.355048484E-01-3.285301674E-01-7.809697286E-01
-1.222062030E+00-1.651969649E+00-2.070776332E+00-2.478493597E+00-2.875067248E+00
-3.260384022E+00-3.634278501E+00-3.996540324E+00-4.346921855E+00-4.685146205E+00
-5.010915792E+00-5.323921134E+00-5.623849913E+00-5.910396275E+00-6.183269885E+00
-6.442204878E+00-6.686968286E+00-6.917367920E+00-7.133259185E+00-7.334551068E+00
-7.521210750E+00-7.693266953E+00-7.850812029E+00-7.994002392E+00-8.123057694E+00
-8.238258614E+00-8.339943513E+00-8.428504019E+00-8.504379434E+00-8.568051019E+00
-8.620035337E+00-8.660877476E+00-8.691144352E+00-8.711418048E+00-1.890576409E+00
-1.918346060E+00-1.944685534E+00-1.969764841E+00-1.993764073E+00-2.016812814E+00
-2.038881591E+00-2.059629150E+00-2.078285615E+00-2.093708937E+00-2.104556173E+00
-2.105136535E+00-2.070479444E+00-2.001615140E+00-1.893960333E+00-1.747483160E+00
-1.559482270E+00-1.326206768E+00-1.052770691E+00-7.773290121E-01-5.067969883E-01
-2.381592098E-01 3.047802194E-02 2.986716021E-01 5.648110181E-01 8.291714375E-01
 1.092585365E+00 1.355939864E+00 1.620081791E+00 1.885801617E+00 2.153837428E+00
 2.424884695E+00 2.699607504E+00 2.978649933E+00 3.262647901E+00 3.552242888E+00
 3.848100904E+00 4.150944415E+00 4.461617993E+00 4.781263364E+00 5.112011397E+00
 5.458792746E+00 5.825946920E+00 6.215834326E+00 6.630496673E+00 7.072113129E+00
 7.543165927E+00 8.046548819E+00 8.585671139E+00 9.164577177E+00 9.788095466E+00
 1.046203483E+01 1.119345198E+01 1.199103324E+01 1.286567397E+01 1.383142217E+01
 1.490709396E+01 1.611883478E+01 1.747409444E+01 1.859967658E+01 1.952310840E+01
 2.023632024E+01 2.071977563E+01 2.103965839E+01 2.116959217E+01 2.107472196E+01
 2.081106639E+01 2.034040687E+01 1.961354596E+01 1.867212525E+01 1.745584212E+01
 1.601198737E+01 1.472428677E+01 1.356003643E+01 1.249480594E+01 1.151109785E+01
 1.059587296E+01 9.739030552E+00 8.932526006E+00 8.169829771E+00 7.445570942E+00
 6.755287678E+00 6.095244972E+00 5.462297346E+00 4.853783226E+00 4.267442830E+00
 3.701353028E+00 3.153875772E+00 2.623616567E+00 2.109390844E+00 1.610196581E+00
 1.125191759E+00 6.536756587E-01 1.950731566E-01-2.510786172E-01-6.851418115E-01
-1.107387980E+00-1.518007190E+00-1.917116390E+00-2.304767261E+00-2.680953773E+00
-3.045619611E+00-3.398665542E+00-3.739956834E+00-4.069330779E+00-4.386604239E+00
-4.691581359E+00-4.984061361E+00-5.263845910E+00-5.530746756E+00-5.784592827E+00
-6.025236928E+00-6.252561887E+00-6.466486106E+00-6.666968059E+00-6.854010308E+00
-7.027661982E+00-7.188020793E+00-7.335233462E+00-7.469495647E+00-7.591050480E+00
-7.700186402E+00-7.797234052E+00-7.882562679E+00-7.956575811E+00-8.019706602E+00
-8.072412871E+00-8.115172255E+00-8.148476850E+00-1.679312650E+00-1.698483653E+00
-1.715547278E+00-1.730430216E+00-1.743013405E+00-1.753092558E+00-1.760330234E+00
-1.764210616E+00-1.764015791E+00-1.758838024E+00-1.747621783E+00-1.729211019E+00
-1.702467903E+00-1.660660597E+00-1.574115633E+00-1.448706162E+00-1.279848691E+00
-1.060882802E+00-7.962500469E-01-5.253535804E-01-2.555724116E-01 1.616230371E-02
 2.932691592E-01 5.732380191E-01 8.464815327E-01 1.115712330E+00 1.382772542E+00
 1.649058645E+00 1.915695111E+00 2.183615017E+00 2.453607027E+00 2.726360694E+00
 3.002525483E+00 3.282744369E+00 3.567630640E+00 3.857733407E+00 4.153517539E+00
 4.455337796E+00 4.763376787E+00 5.077477625E+00 5.396674987E+00 5.735079865E+00
 6.099810711E+00 6.491093323E+00 6.910106880E+00 7.358688370E+00 7.839271485E+00
 8.354916045E+00 8.909391059E+00 9.507306040E+00 1.015429701E+01 1.085728045E+01
 1.162479249E+01 1.246743227E+01 1.339842015E+01 1.443424298E+01 1.559525892E+01
 1.690592824E+01 1.835563418E+01 1.958895143E+01 2.059272780E+01 2.136612648E+01
 2.190706979E+01 2.225506712E+01 2.239492478E+01 2.230980639E+01 2.202619756E+01
 2.151469145E+01 2.074300427E+01 1.972256948E+01 1.840715874E+01 1.687543632E+01
 1.549417376E+01 1.425016836E+01 1.312056770E+01 1.208629992E+01 1.113189598E+01
 1.024493917E+01 9.415465430E+00 8.635440235E+00 7.898338285E+00 7.198818268E+00
 6.532473813E+00 5.895643867E+00 5.285267424E+00 4.698771559E+00 4.133984823E+00
 3.589069096E+00 3.062466186E+00 2.552854903E+00 2.059116795E+00 1.580308210E+00
 1.115637448E+00 6.644457590E-01 2.261914162E-01-1.995638566E-01-6.131666282E-01
-1.014882111E+00-1.404903431E+00-1.783360123E+00-2.150326051E+00-2.505826917E+00
-2.849847503E+00-3.182338707E+00-3.503224453E+00-3.812408515E+00-4.109781211E+00
-4.395225971E+00-4.668625757E+00-4.929869190E+00-5.178856392E+00-5.415504466E+00
-5.639752464E+00-5.851565791E+00-6.050939956E+00-6.237903761E+00-6.412521465E+00
-6.574894482E+00-6.725162167E+00-6.863501619E+00-6.990127289E+00-7.105289204E+00
-7.209271157E+00-7.302388025E+00-7.384982859E+00-7.457423371E+00-7.520098431E+00
-7.573414206E+00-7.617790613E+00-1.476453402E+00-1.487067675E+00-1.494947614E+00
-1.499871977E+00-1.501561734E+00-1.499657432E+00-1.493695412E+00-1.483086884E+00
-1.467103573E+00-1.444871447E+00-1.415369271E+00-1.377424748E+00-1.329699761E+00
-1.270659051E+00-1.198933308E+00-1.100154752E+00-9.568181186E-01-7.587896375E-01
-5.133472468E-01-2.577349324E-01 4.295110264E-04 2.640462441E-01 5.361200953E-01
 8.129760841E-01 1.083657923E+00 1.350440087E+00 1.615159027E+00 1.879261488E+00
 2.143898876E+00 2.410005418E+00 2.678353681E+00 2.949605611E+00 3.224371483E+00
 3.503240492E+00 3.786754154E+00 4.075363273E+00 4.369391468E+00 4.668987245E+00
 4.974047813E+00 5.284124256E+00 5.598384305E+00 5.932129476E+00 6.293403001E+00
 6.682396794E+00 7.100011758E+00 7.547844821E+00 8.028162069E+00 8.543911549E+00
 9.098787372E+00 9.697347633E+00 1.034519171E+01 1.104920868E+01 1.181791274E+01
 1.266188465E+01 1.359432896E+01 1.463172047E+01 1.579441269E+01 1.710687534E+01
 1.855921515E+01 1.979407296E+01 2.080044077E+01 2.157672907E+01 2.211987117E+01
 2.247116413E+01 2.261463856E+01 2.253242149E+01 2.225284402E+01 2.174572549E+01
 2.097770417E+01 1.996210607E+01 1.865189958E+01 1.712445744E+01 1.574845492E+01
 1.450988689E+01 1.338589550E+01 1.235741593E+01 1.140899157E+01 1.052821894E+01
 9.705145842E+00 8.931747754E+00 8.201507296E+00 7.509088988E+00 6.850090558E+00
 6.220853038E+00 5.618315623E+00 5.039903611E+00 4.483441497E+00 3.947084963E+00
 3.429266937E+00 2.928654649E+00 2.444115085E+00 1.974686828E+00 1.519556954E+00
 1.078041868E+00 6.495711660E-01 2.336739449E-01-1.700330381E-01-5.618557258E-01
-9.420319848E-01-1.310739950E+00-1.668105691E+00-2.014210374E+00-2.349097042E+00
-2.672777064E+00-2.985236352E+00-3.286441410E+00-3.576345113E+00-3.854892361E+00
-4.122025465E+00-4.377689219E+00-4.621835872E+00-4.854429452E+00-5.075449944E+00
-5.284896875E+00-5.482792348E+00-5.669183761E+00-5.844145578E+00-6.007780946E+00
-6.160222365E+00-6.301631923E+00-6.432200903E+00-6.552148996E+00-6.661722841E+00
-6.761194291E+00-6.850858212E+00-6.931030112E+00-7.002043466E+00-7.064246878E+00
-7.118001284E+00
 9.623355880E-01 9.870670880E-01 9.888349250E-01 9.920230810E-01 9.950380520E-01
 9.984898860E-01 1.001967190E+00 1.006963780E+00 1.010338890E+00 1.013470300E+00
 1.017145430E+00 1.020598390E+00 1.024100970E+00 1.027978310E+00 1.031537820E+00
 1.035428150E+00 1.039043320E+00 1.042898540E+00 1.046907070E+00 1.050630040E+00
 1.054605730E+00 1.058600260E+00 1.062532550E+00 1.066541750E+00 1.070674260E+00
 1.074729460E+00 1.078852320E+00 1.083053410E+00 1.087264070E+00 1.091473120E+00
 1.095791510E+00 1.100142290E+00 1.104511220E+00 1.108910670E+00 1.113434140E+00
 1.117906590E+00 1.122459450E+00 1.127090210E+00 1.131752220E+00 1.136455080E+00
 1.141251600E+00 1.146063970E+00 1.150952010E+00 1.155852990E+00 1.160861100E+00
 1.165943090E+00 1.171046040E+00 1.176218840E+00 1.181489930E+00 1.186803070E+00
 1.192163380E+00 1.197630570E+00 1.203160300E+00 1.208764530E+00 1.214428950E+00
 1.220182660E+00 1.226012660E+00 1.231947680E+00 1.237929470E+00 1.244000030E+00
 1.250196910E+00 1.256460820E+00 1.262805730E+00 1.269258130E+00 1.275800290E+00
 1.282440190E+00 1.289186850E+00 1.296027370E+00 1.302981930E+00 1.310059910E+00
 1.317246700E+00 1.324534790E+00 1.331941310E+00 1.339472230E+00 1.347136030E+00
 1.354930810E+00 1.362857150E+00 1.370915680E+00 1.379121310E+00 1.387476090E+00
 1.395970780E+00 1.404622010E+00 1.413439820E+00 1.422416880E+00 1.431572580E+00
 1.440903960E+00 1.450412640E+00 1.460102090E+00 1.469992960E+00 1.480092710E+00
 1.490401540E+00 1.500930280E+00 1.511673720E+00 1.522647980E+00 1.533876520E+00
 1.545356740E+00 1.557098670E+00 1.569101240E+00 1.581379530E+00 1.593967710E+00
 1.606851770E+00 1.620043020E+00 1.633553370E+00 1.647434020E+00 1.661726020E+00
 1.676410120E+00 1.691481640E+00 1.706963590E+00 1.722892540E+00 1.739295210E+00
 1.756189460E+00 1.773627790E+00 1.791604920E+00 1.810196620E+00 1.829371030E+00
 1.849095680E+00 1.869466870E+00 1.890514760E+00 1.912360160E+00 1.934983810E+00
 1.958394300E+00 1.982631980E+00 2.007664510E+00 2.033518740E+00 2.060281190E+00
 2.088250020E+00 2.117839890E+00 2.149440390E+00 2.183505730E+00
  107    6
 3.500000006E+00 0.000000000E+00 3.509476371E+00 1.338235294E-01 3.527922794E+00
 2.420067350E-01 3.549533099E+00 3.345588235E-01 3.569440634E+00 4.014705882E-01
 3.599016544E+00 4.852767197E-01 3.634563419E+00 5.709880647E-01 3.670110294E+00
 6.456566105E-01 3.705657169E+00 7.120434016E-01 3.741204044E+00 7.719625122E-01
 3.776750919E+00 8.266320844E-01 3.812297794E+00 8.768656902E-01 3.859029319E+00
 9.367647059E-01 3.917095937E+00 1.003676471E+00 3.954485294E+00 1.042672106E+00
 3.990032169E+00 1.077418976E+00 4.057707825E+00 1.137500000E+00 4.096672794E+00
 1.169007192E+00 4.144149769E+00 1.204411765E+00 4.203313419E+00 1.245216911E+00
 4.245031593E+00 1.271323529E+00 4.309954044E+00 1.309215370E+00 4.365864176E+00
 1.338235294E+00 4.416594669E+00 1.362894678E+00 4.487688419E+00 1.393377756E+00
 4.523235294E+00 1.407268207E+00 4.594329044E+00 1.432590475E+00 4.665422794E+00
 1.453956266E+00 4.736516544E+00 1.471756781E+00 4.772063419E+00 1.479848838E+00
 4.843157169E+00 1.492816689E+00 4.914250919E+00 1.501521334E+00 4.985344669E+00
 1.505586925E+00 5.056438419E+00 1.504179664E+00 5.127532169E+00 1.495765292E+00
 5.198625919E+00 1.477491197E+00 5.234172794E+00 1.463797480E+00 5.305266544E+00
 1.424774378E+00 5.340813419E+00 1.396610370E+00 5.396817014E+00 1.338235294E+00
 5.444715292E+00 1.271323529E+00 5.482683008E+00 1.204411765E+00 5.514490800E+00
 1.137500000E+00 5.542094446E+00 1.070588235E+00 5.566559662E+00 1.003676471E+00
 5.589641544E+00 9.327695570E-01 5.625188419E+00 8.073144438E-01 5.642502106E+00
 7.360294118E-01 5.660735294E+00 6.507885207E-01 5.681495981E+00 5.352941176E-01
 5.696282169E+00 4.261310074E-01 5.705432728E+00 3.345588235E-01 5.712134048E+00
 2.007352941E-01 5.711174426E+00 6.691176471E-02 5.702458419E+00-6.691176471E-02
 5.695129226E+00-1.338235294E-01 5.675544607E+00-2.676470588E-01 5.660735294E+00
-3.463253591E-01 5.633714905E+00-4.683823529E-01 5.616732110E+00-5.352941176E-01
 5.589641544E+00-6.331679499E-01 5.558077632E+00-7.360294118E-01 5.535740933E+00
-8.029411765E-01 5.511995071E+00-8.698529412E-01 5.483000919E+00-9.468506213E-01
 5.447454044E+00-1.032539090E+00 5.411907169E+00-1.109081864E+00 5.376360294E+00
-1.176840023E+00 5.340813419E+00-1.235878569E+00 5.305266544E+00-1.285983319E+00
 5.259001261E+00-1.338235294E+00 5.198625919E+00-1.390861362E+00 5.163079044E+00
-1.413104789E+00 5.091985294E+00-1.443582935E+00 5.020891544E+00-1.458289343E+00
 4.949797794E+00-1.462387207E+00 4.878704044E+00-1.458531288E+00 4.807610294E+00
-1.448170553E+00 4.736516544E+00-1.432081750E+00 4.665422794E+00-1.410580142E+00
 4.629875919E+00-1.398213223E+00 4.558782169E+00-1.370993271E+00 4.487688419E+00
-1.338985576E+00 4.452141544E+00-1.321824418E+00 4.381047794E+00-1.284187062E+00
 4.345500919E+00-1.263687361E+00 4.274407169E+00-1.220188036E+00 4.238860294E+00
-1.196596072E+00 4.167766544E+00-1.146580646E+00 4.132219669E+00-1.119717543E+00
 4.071211744E+00-1.070588235E+00 4.025579044E+00-1.031511427E+00 3.990032169E+00
-9.991987219E-01 3.925565548E+00-9.367647059E-01 3.883391544E+00-8.926549959E-01
 3.847844669E+00-8.531802986E-01 3.805126673E+00-8.029411765E-01 3.753342079E+00
-7.360294118E-01 3.706691009E+00-6.691176471E-01 3.670110294E+00-6.110190878E-01
 3.634563419E+00-5.478097304E-01 3.599016544E+00-4.754317402E-01 3.568501568E+00
-4.014705882E-01 3.545782936E+00-3.345588235E-01 3.527856444E+00-2.676470588E-01
 3.505523813E+00-1.338235294E-01 3.500000006E+00 0.000000000E+00
 5.999999995E+00 1.930000000E+00 3.500000006E+00 1.930000000E+00 3.500000006E+00
-1.930000000E+00 5.999999995E+00-1.930000000E+00 5.999999995E+00 1.930000000E+00
 5.999999995E+00 1.930000000E+00
    0 1.100000000E+01    0
