{ "cs0": [
        [
            1.0,
            -3.88
        ],
        [
            1.0,
            3.88
        ],
        [
            1.6,
            3.88
        ],
        [
            1.6,
            -3.88
        ]
    ],
    "pf0": [
        [
            3.66955,
            2.036619
        ],
        [
            3.56471,
            2.346357
        ],
        [
            3.91045,
            2.463381
        ],
        [
            4.01529,
            2.153643
        ]
    ],
    "pf1": [
        [
            5.27866,
            2.764353
        ],
        [
            5.29485,
            3.053901
        ],
        [
            5.62134,
            3.035647
        ],
        [
            5.60515,
            2.746099
        ]
    ],
    "pf2":[
        [
            6.64425,
            1.121847
        ],
        [
            6.53513,
            1.307097
        ],
        [
            6.65575,
            1.378153
        ],
        [
            6.76487,
            1.192903
        ]
    ],
    "pf0b": [
        [
            3.66955,
            -2.036619
        ],
        [
            3.56471,
            -2.346357
        ],
        [
            3.91045,
            -2.463381
        ],
        [
            4.01529,
            -2.153643
        ]
    ],
    "pf1b": [
        [
            5.27866,
            -2.764353
        ],
        [
            5.29485,
            -3.053901
        ],
        [
            5.62134,
            -3.035647
        ],
        [
            5.60515,
            -2.746099
        ]
    ],
    "pf2b":[
        [
            6.64425,
            -1.121847
        ],
        [
            6.53513,
            -1.307097
        ],
        [
            6.65575,
            -1.378153
        ],
        [
            6.76487,
            -1.192903
        ]
    ]
}

