2026-04-01 14:33:57,210 DAKOTA_BRIDGE_Driver_1 DEBUG    __initialize__(): <ipsframework.dakota_bridge.Driver object at 0x7f47bf060130>  fastran_FPP_000001@Driver@1 
2026-04-01 14:33:57,215 DAKOTA_BRIDGE_Driver_1 DEBUG    Running - CompID =  fastran_FPP_000001@Driver@1
2026-04-01 14:33:57,216 DAKOTA_BRIDGE_Driver_1 DEBUG    _init_event_service(): self.counter = 0 - <ipsframework.dakota_bridge.Driver object at 0x7f47bf060130>
2026-04-01 14:33:57,964 DAKOTA_BRIDGE_Driver_1 DEBUG    Received Message 
2026-04-01 14:33:57,965 DAKOTA_BRIDGE_Driver_1 DEBUG    Calling method init(0)
2026-04-01 14:33:57,965 DAKOTA_BRIDGE_Driver_1 DEBUG    _invoke_service(): registerSubscriber  ()
2026-04-01 14:33:57,965 DAKOTA_BRIDGE_Driver_1 DEBUG    _get_service_response(REQUEST|fastran_FPP_000001@Driver@1|FRAMEWORK@Framework@0|0)
2026-04-01 14:33:57,978 DAKOTA_BRIDGE_Driver_1 DEBUG    _get_service_response(REQUEST|fastran_FPP_000001@Driver@1|FRAMEWORK@Framework@0|0), response = ServiceResponseMessage(sender_id=FRAMEWORK@Framework@0, receiver_id=fastran_FPP_000001@Driver@1, request_msg_id=REQUEST|fastran_FPP_000001@Driver@1|FRAMEWORK@Framework@0|0,status=0, args=(2,), message_id=RESPONSE|FRAMEWORK@Framework@0|fastran_FPP_000001@Driver@1|7)
2026-04-01 14:33:57,978 DAKOTA_BRIDGE_Driver_1 DEBUG    _invoke_service(): getSubscription  (2, '_IPS_DYNAMIC_SIMULATION')
2026-04-01 14:33:57,978 DAKOTA_BRIDGE_Driver_1 DEBUG    _get_service_response(REQUEST|fastran_FPP_000001@Driver@1|FRAMEWORK@Framework@0|1)
2026-04-01 14:33:57,989 DAKOTA_BRIDGE_Driver_1 DEBUG    _get_service_response(REQUEST|fastran_FPP_000001@Driver@1|FRAMEWORK@Framework@0|1), response = ServiceResponseMessage(sender_id=FRAMEWORK@Framework@0, receiver_id=fastran_FPP_000001@Driver@1, request_msg_id=REQUEST|fastran_FPP_000001@Driver@1|FRAMEWORK@Framework@0|1,status=0, args=(None,), message_id=RESPONSE|FRAMEWORK@Framework@0|fastran_FPP_000001@Driver@1|9)
2026-04-01 14:33:57,989 DAKOTA_BRIDGE_Driver_1 DEBUG    _invoke_service(): createListener  ()
2026-04-01 14:33:57,989 DAKOTA_BRIDGE_Driver_1 DEBUG    _get_service_response(REQUEST|fastran_FPP_000001@Driver@1|FRAMEWORK@Framework@0|2)
2026-04-01 14:33:58,000 DAKOTA_BRIDGE_Driver_1 DEBUG    _get_service_response(REQUEST|fastran_FPP_000001@Driver@1|FRAMEWORK@Framework@0|2), response = ServiceResponseMessage(sender_id=FRAMEWORK@Framework@0, receiver_id=fastran_FPP_000001@Driver@1, request_msg_id=REQUEST|fastran_FPP_000001@Driver@1|FRAMEWORK@Framework@0|2,status=0, args=(2,), message_id=RESPONSE|FRAMEWORK@Framework@0|fastran_FPP_000001@Driver@1|10)
2026-04-01 14:33:58,000 DAKOTA_BRIDGE_Driver_1 DEBUG    _invoke_service(): registerEventListener  (2, '_IPS_DYNAMIC_SIMULATION', '_IPS_DYNAMIC_SIMULATION', 2)
2026-04-01 14:33:58,000 DAKOTA_BRIDGE_Driver_1 DEBUG    _get_service_response(REQUEST|fastran_FPP_000001@Driver@1|FRAMEWORK@Framework@0|3)
2026-04-01 14:33:58,010 DAKOTA_BRIDGE_Driver_1 DEBUG    _get_service_response(REQUEST|fastran_FPP_000001@Driver@1|FRAMEWORK@Framework@0|3), response = ServiceResponseMessage(sender_id=FRAMEWORK@Framework@0, receiver_id=fastran_FPP_000001@Driver@1, request_msg_id=REQUEST|fastran_FPP_000001@Driver@1|FRAMEWORK@Framework@0|3,status=0, args=(None,), message_id=RESPONSE|FRAMEWORK@Framework@0|fastran_FPP_000001@Driver@1|11)
2026-04-01 14:33:58,011 DAKOTA_BRIDGE_Driver_1 DEBUG    Received Message 
2026-04-01 14:33:58,012 DAKOTA_BRIDGE_Driver_1 DEBUG    Calling method step(0)
2026-04-01 14:33:58,016 DAKOTA_BRIDGE_Driver_1 WARNING  Created listener /tmp/ips_dynamic_226694.tmp
2026-04-01 14:33:58,516 DAKOTA_BRIDGE_Driver_1 DEBUG    _invoke_service(): processEvents  (2,)
2026-04-01 14:33:58,516 DAKOTA_BRIDGE_Driver_1 DEBUG    _get_service_response(REQUEST|fastran_FPP_000001@Driver@1|FRAMEWORK@Framework@0|4)
2026-04-01 14:33:58,528 DAKOTA_BRIDGE_Driver_1 DEBUG    _get_service_response(REQUEST|fastran_FPP_000001@Driver@1|FRAMEWORK@Framework@0|4), response = ServiceResponseMessage(sender_id=FRAMEWORK@Framework@0, receiver_id=fastran_FPP_000001@Driver@1, request_msg_id=REQUEST|fastran_FPP_000001@Driver@1|FRAMEWORK@Framework@0|4,status=0, args=({2: {'_IPS_DYNAMIC_SIMULATION': []}},), message_id=RESPONSE|FRAMEWORK@Framework@0|fastran_FPP_000001@Driver@1|13)
2026-04-01 14:33:59,028 DAKOTA_BRIDGE_Driver_1 DEBUG    _invoke_service(): processEvents  (2,)
2026-04-01 14:33:59,028 DAKOTA_BRIDGE_Driver_1 DEBUG    _get_service_response(REQUEST|fastran_FPP_000001@Driver@1|FRAMEWORK@Framework@0|5)
2026-04-01 14:33:59,039 DAKOTA_BRIDGE_Driver_1 DEBUG    _get_service_response(REQUEST|fastran_FPP_000001@Driver@1|FRAMEWORK@Framework@0|5), response = ServiceResponseMessage(sender_id=FRAMEWORK@Framework@0, receiver_id=fastran_FPP_000001@Driver@1, request_msg_id=REQUEST|fastran_FPP_000001@Driver@1|FRAMEWORK@Framework@0|5,status=0, args=({2: {'_IPS_DYNAMIC_SIMULATION': []}},), message_id=RESPONSE|FRAMEWORK@Framework@0|fastran_FPP_000001@Driver@1|15)
2026-04-01 14:33:59,540 DAKOTA_BRIDGE_Driver_1 DEBUG    _invoke_service(): processEvents  (2,)
2026-04-01 14:33:59,540 DAKOTA_BRIDGE_Driver_1 DEBUG    _get_service_response(REQUEST|fastran_FPP_000001@Driver@1|FRAMEWORK@Framework@0|6)
2026-04-01 14:33:59,551 DAKOTA_BRIDGE_Driver_1 DEBUG    _get_service_response(REQUEST|fastran_FPP_000001@Driver@1|FRAMEWORK@Framework@0|6), response = ServiceResponseMessage(sender_id=FRAMEWORK@Framework@0, receiver_id=fastran_FPP_000001@Driver@1, request_msg_id=REQUEST|fastran_FPP_000001@Driver@1|FRAMEWORK@Framework@0|6,status=0, args=({2: {'_IPS_DYNAMIC_SIMULATION': []}},), message_id=RESPONSE|FRAMEWORK@Framework@0|fastran_FPP_000001@Driver@1|17)
2026-04-01 14:34:00,052 DAKOTA_BRIDGE_Driver_1 DEBUG    _invoke_service(): processEvents  (2,)
2026-04-01 14:34:00,052 DAKOTA_BRIDGE_Driver_1 DEBUG    _get_service_response(REQUEST|fastran_FPP_000001@Driver@1|FRAMEWORK@Framework@0|7)
2026-04-01 14:34:00,063 DAKOTA_BRIDGE_Driver_1 DEBUG    _get_service_response(REQUEST|fastran_FPP_000001@Driver@1|FRAMEWORK@Framework@0|7), response = ServiceResponseMessage(sender_id=FRAMEWORK@Framework@0, receiver_id=fastran_FPP_000001@Driver@1, request_msg_id=REQUEST|fastran_FPP_000001@Driver@1|FRAMEWORK@Framework@0|7,status=0, args=({2: {'_IPS_DYNAMIC_SIMULATION': []}},), message_id=RESPONSE|FRAMEWORK@Framework@0|fastran_FPP_000001@Driver@1|19)
2026-04-01 14:34:00,564 DAKOTA_BRIDGE_Driver_1 DEBUG    _invoke_service(): processEvents  (2,)
2026-04-01 14:34:00,564 DAKOTA_BRIDGE_Driver_1 DEBUG    _get_service_response(REQUEST|fastran_FPP_000001@Driver@1|FRAMEWORK@Framework@0|8)
2026-04-01 14:34:00,575 DAKOTA_BRIDGE_Driver_1 DEBUG    _get_service_response(REQUEST|fastran_FPP_000001@Driver@1|FRAMEWORK@Framework@0|8), response = ServiceResponseMessage(sender_id=FRAMEWORK@Framework@0, receiver_id=fastran_FPP_000001@Driver@1, request_msg_id=REQUEST|fastran_FPP_000001@Driver@1|FRAMEWORK@Framework@0|8,status=0, args=({2: {'_IPS_DYNAMIC_SIMULATION': []}},), message_id=RESPONSE|FRAMEWORK@Framework@0|fastran_FPP_000001@Driver@1|21)
2026-04-01 14:34:01,076 DAKOTA_BRIDGE_Driver_1 DEBUG    _invoke_service(): processEvents  (2,)
2026-04-01 14:34:01,076 DAKOTA_BRIDGE_Driver_1 DEBUG    _get_service_response(REQUEST|fastran_FPP_000001@Driver@1|FRAMEWORK@Framework@0|9)
2026-04-01 14:34:01,087 DAKOTA_BRIDGE_Driver_1 DEBUG    _get_service_response(REQUEST|fastran_FPP_000001@Driver@1|FRAMEWORK@Framework@0|9), response = ServiceResponseMessage(sender_id=FRAMEWORK@Framework@0, receiver_id=fastran_FPP_000001@Driver@1, request_msg_id=REQUEST|fastran_FPP_000001@Driver@1|FRAMEWORK@Framework@0|9,status=0, args=({2: {'_IPS_DYNAMIC_SIMULATION': []}},), message_id=RESPONSE|FRAMEWORK@Framework@0|fastran_FPP_000001@Driver@1|23)
2026-04-01 14:34:01,587 DAKOTA_BRIDGE_Driver_1 DEBUG    _invoke_service(): processEvents  (2,)
2026-04-01 14:34:01,588 DAKOTA_BRIDGE_Driver_1 DEBUG    _get_service_response(REQUEST|fastran_FPP_000001@Driver@1|FRAMEWORK@Framework@0|10)
2026-04-01 14:34:01,599 DAKOTA_BRIDGE_Driver_1 DEBUG    _get_service_response(REQUEST|fastran_FPP_000001@Driver@1|FRAMEWORK@Framework@0|10), response = ServiceResponseMessage(sender_id=FRAMEWORK@Framework@0, receiver_id=fastran_FPP_000001@Driver@1, request_msg_id=REQUEST|fastran_FPP_000001@Driver@1|FRAMEWORK@Framework@0|10,status=0, args=({2: {'_IPS_DYNAMIC_SIMULATION': []}},), message_id=RESPONSE|FRAMEWORK@Framework@0|fastran_FPP_000001@Driver@1|25)
2026-04-01 14:34:02,099 DAKOTA_BRIDGE_Driver_1 DEBUG    _invoke_service(): processEvents  (2,)
2026-04-01 14:34:02,099 DAKOTA_BRIDGE_Driver_1 DEBUG    _get_service_response(REQUEST|fastran_FPP_000001@Driver@1|FRAMEWORK@Framework@0|11)
2026-04-01 14:34:02,110 DAKOTA_BRIDGE_Driver_1 DEBUG    _get_service_response(REQUEST|fastran_FPP_000001@Driver@1|FRAMEWORK@Framework@0|11), response = ServiceResponseMessage(sender_id=FRAMEWORK@Framework@0, receiver_id=fastran_FPP_000001@Driver@1, request_msg_id=REQUEST|fastran_FPP_000001@Driver@1|FRAMEWORK@Framework@0|11,status=0, args=({2: {'_IPS_DYNAMIC_SIMULATION': []}},), message_id=RESPONSE|FRAMEWORK@Framework@0|fastran_FPP_000001@Driver@1|27)
2026-04-01 14:34:02,611 DAKOTA_BRIDGE_Driver_1 DEBUG    _invoke_service(): processEvents  (2,)
2026-04-01 14:34:02,611 DAKOTA_BRIDGE_Driver_1 DEBUG    _get_service_response(REQUEST|fastran_FPP_000001@Driver@1|FRAMEWORK@Framework@0|12)
2026-04-01 14:34:02,622 DAKOTA_BRIDGE_Driver_1 DEBUG    _get_service_response(REQUEST|fastran_FPP_000001@Driver@1|FRAMEWORK@Framework@0|12), response = ServiceResponseMessage(sender_id=FRAMEWORK@Framework@0, receiver_id=fastran_FPP_000001@Driver@1, request_msg_id=REQUEST|fastran_FPP_000001@Driver@1|FRAMEWORK@Framework@0|12,status=0, args=({2: {'_IPS_DYNAMIC_SIMULATION': []}},), message_id=RESPONSE|FRAMEWORK@Framework@0|fastran_FPP_000001@Driver@1|29)
2026-04-01 14:34:02,892 DAKOTA_BRIDGE_Driver_1 DEBUG    _invoke_service(): processEvents  (2,)
2026-04-01 14:34:02,892 DAKOTA_BRIDGE_Driver_1 DEBUG    _get_service_response(REQUEST|fastran_FPP_000001@Driver@1|FRAMEWORK@Framework@0|13)
2026-04-01 14:34:02,903 DAKOTA_BRIDGE_Driver_1 DEBUG    _get_service_response(REQUEST|fastran_FPP_000001@Driver@1|FRAMEWORK@Framework@0|13), response = ServiceResponseMessage(sender_id=FRAMEWORK@Framework@0, receiver_id=fastran_FPP_000001@Driver@1, request_msg_id=REQUEST|fastran_FPP_000001@Driver@1|FRAMEWORK@Framework@0|13,status=0, args=({2: {'_IPS_DYNAMIC_SIMULATION': []}},), message_id=RESPONSE|FRAMEWORK@Framework@0|fastran_FPP_000001@Driver@1|30)
2026-04-01 14:34:03,404 DAKOTA_BRIDGE_Driver_1 DEBUG    _invoke_service(): processEvents  (2,)
2026-04-01 14:34:03,404 DAKOTA_BRIDGE_Driver_1 DEBUG    _get_service_response(REQUEST|fastran_FPP_000001@Driver@1|FRAMEWORK@Framework@0|14)
2026-04-01 14:34:03,415 DAKOTA_BRIDGE_Driver_1 DEBUG    _get_service_response(REQUEST|fastran_FPP_000001@Driver@1|FRAMEWORK@Framework@0|14), response = ServiceResponseMessage(sender_id=FRAMEWORK@Framework@0, receiver_id=fastran_FPP_000001@Driver@1, request_msg_id=REQUEST|fastran_FPP_000001@Driver@1|FRAMEWORK@Framework@0|14,status=0, args=({2: {'_IPS_DYNAMIC_SIMULATION': []}},), message_id=RESPONSE|FRAMEWORK@Framework@0|fastran_FPP_000001@Driver@1|32)
2026-04-01 14:34:03,916 DAKOTA_BRIDGE_Driver_1 DEBUG    _invoke_service(): processEvents  (2,)
2026-04-01 14:34:03,916 DAKOTA_BRIDGE_Driver_1 DEBUG    _get_service_response(REQUEST|fastran_FPP_000001@Driver@1|FRAMEWORK@Framework@0|15)
2026-04-01 14:34:03,926 DAKOTA_BRIDGE_Driver_1 DEBUG    _get_service_response(REQUEST|fastran_FPP_000001@Driver@1|FRAMEWORK@Framework@0|15), response = ServiceResponseMessage(sender_id=FRAMEWORK@Framework@0, receiver_id=fastran_FPP_000001@Driver@1, request_msg_id=REQUEST|fastran_FPP_000001@Driver@1|FRAMEWORK@Framework@0|15,status=0, args=({2: {'_IPS_DYNAMIC_SIMULATION': []}},), message_id=RESPONSE|FRAMEWORK@Framework@0|fastran_FPP_000001@Driver@1|34)
2026-04-01 14:34:04,427 DAKOTA_BRIDGE_Driver_1 DEBUG    _invoke_service(): processEvents  (2,)
2026-04-01 14:34:04,427 DAKOTA_BRIDGE_Driver_1 DEBUG    _get_service_response(REQUEST|fastran_FPP_000001@Driver@1|FRAMEWORK@Framework@0|16)
2026-04-01 14:34:04,438 DAKOTA_BRIDGE_Driver_1 DEBUG    _get_service_response(REQUEST|fastran_FPP_000001@Driver@1|FRAMEWORK@Framework@0|16), response = ServiceResponseMessage(sender_id=FRAMEWORK@Framework@0, receiver_id=fastran_FPP_000001@Driver@1, request_msg_id=REQUEST|fastran_FPP_000001@Driver@1|FRAMEWORK@Framework@0|16,status=0, args=({2: {'_IPS_DYNAMIC_SIMULATION': []}},), message_id=RESPONSE|FRAMEWORK@Framework@0|fastran_FPP_000001@Driver@1|36)
2026-04-01 14:34:04,939 DAKOTA_BRIDGE_Driver_1 DEBUG    _invoke_service(): processEvents  (2,)
2026-04-01 14:34:04,939 DAKOTA_BRIDGE_Driver_1 DEBUG    _get_service_response(REQUEST|fastran_FPP_000001@Driver@1|FRAMEWORK@Framework@0|17)
2026-04-01 14:34:04,950 DAKOTA_BRIDGE_Driver_1 DEBUG    _get_service_response(REQUEST|fastran_FPP_000001@Driver@1|FRAMEWORK@Framework@0|17), response = ServiceResponseMessage(sender_id=FRAMEWORK@Framework@0, receiver_id=fastran_FPP_000001@Driver@1, request_msg_id=REQUEST|fastran_FPP_000001@Driver@1|FRAMEWORK@Framework@0|17,status=0, args=({2: {'_IPS_DYNAMIC_SIMULATION': []}},), message_id=RESPONSE|FRAMEWORK@Framework@0|fastran_FPP_000001@Driver@1|38)
2026-04-01 14:34:05,451 DAKOTA_BRIDGE_Driver_1 DEBUG    _invoke_service(): processEvents  (2,)
2026-04-01 14:34:05,451 DAKOTA_BRIDGE_Driver_1 DEBUG    _get_service_response(REQUEST|fastran_FPP_000001@Driver@1|FRAMEWORK@Framework@0|18)
2026-04-01 14:34:05,462 DAKOTA_BRIDGE_Driver_1 DEBUG    _get_service_response(REQUEST|fastran_FPP_000001@Driver@1|FRAMEWORK@Framework@0|18), response = ServiceResponseMessage(sender_id=FRAMEWORK@Framework@0, receiver_id=fastran_FPP_000001@Driver@1, request_msg_id=REQUEST|fastran_FPP_000001@Driver@1|FRAMEWORK@Framework@0|18,status=0, args=({2: {'_IPS_DYNAMIC_SIMULATION': []}},), message_id=RESPONSE|FRAMEWORK@Framework@0|fastran_FPP_000001@Driver@1|40)
2026-04-01 14:34:05,963 DAKOTA_BRIDGE_Driver_1 DEBUG    _invoke_service(): processEvents  (2,)
2026-04-01 14:34:05,963 DAKOTA_BRIDGE_Driver_1 DEBUG    _get_service_response(REQUEST|fastran_FPP_000001@Driver@1|FRAMEWORK@Framework@0|19)
2026-04-01 14:34:05,973 DAKOTA_BRIDGE_Driver_1 DEBUG    _get_service_response(REQUEST|fastran_FPP_000001@Driver@1|FRAMEWORK@Framework@0|19), response = ServiceResponseMessage(sender_id=FRAMEWORK@Framework@0, receiver_id=fastran_FPP_000001@Driver@1, request_msg_id=REQUEST|fastran_FPP_000001@Driver@1|FRAMEWORK@Framework@0|19,status=0, args=({2: {'_IPS_DYNAMIC_SIMULATION': []}},), message_id=RESPONSE|FRAMEWORK@Framework@0|fastran_FPP_000001@Driver@1|42)
2026-04-01 14:34:06,474 DAKOTA_BRIDGE_Driver_1 DEBUG    _invoke_service(): processEvents  (2,)
2026-04-01 14:34:06,474 DAKOTA_BRIDGE_Driver_1 DEBUG    _get_service_response(REQUEST|fastran_FPP_000001@Driver@1|FRAMEWORK@Framework@0|20)
2026-04-01 14:34:06,485 DAKOTA_BRIDGE_Driver_1 DEBUG    _get_service_response(REQUEST|fastran_FPP_000001@Driver@1|FRAMEWORK@Framework@0|20), response = ServiceResponseMessage(sender_id=FRAMEWORK@Framework@0, receiver_id=fastran_FPP_000001@Driver@1, request_msg_id=REQUEST|fastran_FPP_000001@Driver@1|FRAMEWORK@Framework@0|20,status=0, args=({2: {'_IPS_DYNAMIC_SIMULATION': []}},), message_id=RESPONSE|FRAMEWORK@Framework@0|fastran_FPP_000001@Driver@1|44)
2026-04-01 14:34:06,986 DAKOTA_BRIDGE_Driver_1 DEBUG    _invoke_service(): processEvents  (2,)
2026-04-01 14:34:06,986 DAKOTA_BRIDGE_Driver_1 DEBUG    _get_service_response(REQUEST|fastran_FPP_000001@Driver@1|FRAMEWORK@Framework@0|21)
2026-04-01 14:34:06,997 DAKOTA_BRIDGE_Driver_1 DEBUG    _get_service_response(REQUEST|fastran_FPP_000001@Driver@1|FRAMEWORK@Framework@0|21), response = ServiceResponseMessage(sender_id=FRAMEWORK@Framework@0, receiver_id=fastran_FPP_000001@Driver@1, request_msg_id=REQUEST|fastran_FPP_000001@Driver@1|FRAMEWORK@Framework@0|21,status=0, args=({2: {'_IPS_DYNAMIC_SIMULATION': []}},), message_id=RESPONSE|FRAMEWORK@Framework@0|fastran_FPP_000001@Driver@1|46)
2026-04-01 14:34:07,497 DAKOTA_BRIDGE_Driver_1 DEBUG    _invoke_service(): processEvents  (2,)
2026-04-01 14:34:07,497 DAKOTA_BRIDGE_Driver_1 DEBUG    _get_service_response(REQUEST|fastran_FPP_000001@Driver@1|FRAMEWORK@Framework@0|22)
2026-04-01 14:34:07,508 DAKOTA_BRIDGE_Driver_1 DEBUG    _get_service_response(REQUEST|fastran_FPP_000001@Driver@1|FRAMEWORK@Framework@0|22), response = ServiceResponseMessage(sender_id=FRAMEWORK@Framework@0, receiver_id=fastran_FPP_000001@Driver@1, request_msg_id=REQUEST|fastran_FPP_000001@Driver@1|FRAMEWORK@Framework@0|22,status=0, args=({2: {'_IPS_DYNAMIC_SIMULATION': []}},), message_id=RESPONSE|FRAMEWORK@Framework@0|fastran_FPP_000001@Driver@1|48)
2026-04-01 14:34:08,009 DAKOTA_BRIDGE_Driver_1 DEBUG    _invoke_service(): processEvents  (2,)
2026-04-01 14:34:08,009 DAKOTA_BRIDGE_Driver_1 DEBUG    _get_service_response(REQUEST|fastran_FPP_000001@Driver@1|FRAMEWORK@Framework@0|23)
2026-04-01 14:34:08,019 DAKOTA_BRIDGE_Driver_1 DEBUG    _get_service_response(REQUEST|fastran_FPP_000001@Driver@1|FRAMEWORK@Framework@0|23), response = ServiceResponseMessage(sender_id=FRAMEWORK@Framework@0, receiver_id=fastran_FPP_000001@Driver@1, request_msg_id=REQUEST|fastran_FPP_000001@Driver@1|FRAMEWORK@Framework@0|23,status=0, args=({2: {'_IPS_DYNAMIC_SIMULATION': []}},), message_id=RESPONSE|FRAMEWORK@Framework@0|fastran_FPP_000001@Driver@1|50)
2026-04-01 14:34:08,520 DAKOTA_BRIDGE_Driver_1 DEBUG    _invoke_service(): processEvents  (2,)
2026-04-01 14:34:08,520 DAKOTA_BRIDGE_Driver_1 DEBUG    _get_service_response(REQUEST|fastran_FPP_000001@Driver@1|FRAMEWORK@Framework@0|24)
2026-04-01 14:34:08,531 DAKOTA_BRIDGE_Driver_1 DEBUG    _get_service_response(REQUEST|fastran_FPP_000001@Driver@1|FRAMEWORK@Framework@0|24), response = ServiceResponseMessage(sender_id=FRAMEWORK@Framework@0, receiver_id=fastran_FPP_000001@Driver@1, request_msg_id=REQUEST|fastran_FPP_000001@Driver@1|FRAMEWORK@Framework@0|24,status=0, args=({2: {'_IPS_DYNAMIC_SIMULATION': []}},), message_id=RESPONSE|FRAMEWORK@Framework@0|fastran_FPP_000001@Driver@1|52)
2026-04-01 14:34:09,031 DAKOTA_BRIDGE_Driver_1 DEBUG    _invoke_service(): processEvents  (2,)
2026-04-01 14:34:09,031 DAKOTA_BRIDGE_Driver_1 DEBUG    _get_service_response(REQUEST|fastran_FPP_000001@Driver@1|FRAMEWORK@Framework@0|25)
2026-04-01 14:34:09,042 DAKOTA_BRIDGE_Driver_1 DEBUG    _get_service_response(REQUEST|fastran_FPP_000001@Driver@1|FRAMEWORK@Framework@0|25), response = ServiceResponseMessage(sender_id=FRAMEWORK@Framework@0, receiver_id=fastran_FPP_000001@Driver@1, request_msg_id=REQUEST|fastran_FPP_000001@Driver@1|FRAMEWORK@Framework@0|25,status=0, args=({2: {'_IPS_DYNAMIC_SIMULATION': []}},), message_id=RESPONSE|FRAMEWORK@Framework@0|fastran_FPP_000001@Driver@1|54)
2026-04-01 14:34:09,543 DAKOTA_BRIDGE_Driver_1 DEBUG    _invoke_service(): processEvents  (2,)
2026-04-01 14:34:09,543 DAKOTA_BRIDGE_Driver_1 DEBUG    _get_service_response(REQUEST|fastran_FPP_000001@Driver@1|FRAMEWORK@Framework@0|26)
2026-04-01 14:34:09,554 DAKOTA_BRIDGE_Driver_1 DEBUG    _get_service_response(REQUEST|fastran_FPP_000001@Driver@1|FRAMEWORK@Framework@0|26), response = ServiceResponseMessage(sender_id=FRAMEWORK@Framework@0, receiver_id=fastran_FPP_000001@Driver@1, request_msg_id=REQUEST|fastran_FPP_000001@Driver@1|FRAMEWORK@Framework@0|26,status=0, args=({2: {'_IPS_DYNAMIC_SIMULATION': []}},), message_id=RESPONSE|FRAMEWORK@Framework@0|fastran_FPP_000001@Driver@1|56)
2026-04-01 14:34:10,054 DAKOTA_BRIDGE_Driver_1 DEBUG    _invoke_service(): processEvents  (2,)
2026-04-01 14:34:10,055 DAKOTA_BRIDGE_Driver_1 DEBUG    _get_service_response(REQUEST|fastran_FPP_000001@Driver@1|FRAMEWORK@Framework@0|27)
2026-04-01 14:34:10,065 DAKOTA_BRIDGE_Driver_1 DEBUG    _get_service_response(REQUEST|fastran_FPP_000001@Driver@1|FRAMEWORK@Framework@0|27), response = ServiceResponseMessage(sender_id=FRAMEWORK@Framework@0, receiver_id=fastran_FPP_000001@Driver@1, request_msg_id=REQUEST|fastran_FPP_000001@Driver@1|FRAMEWORK@Framework@0|27,status=0, args=({2: {'_IPS_DYNAMIC_SIMULATION': []}},), message_id=RESPONSE|FRAMEWORK@Framework@0|fastran_FPP_000001@Driver@1|58)
2026-04-01 14:34:10,566 DAKOTA_BRIDGE_Driver_1 DEBUG    _invoke_service(): processEvents  (2,)
2026-04-01 14:34:10,566 DAKOTA_BRIDGE_Driver_1 DEBUG    _get_service_response(REQUEST|fastran_FPP_000001@Driver@1|FRAMEWORK@Framework@0|28)
2026-04-01 14:34:10,577 DAKOTA_BRIDGE_Driver_1 DEBUG    _get_service_response(REQUEST|fastran_FPP_000001@Driver@1|FRAMEWORK@Framework@0|28), response = ServiceResponseMessage(sender_id=FRAMEWORK@Framework@0, receiver_id=fastran_FPP_000001@Driver@1, request_msg_id=REQUEST|fastran_FPP_000001@Driver@1|FRAMEWORK@Framework@0|28,status=0, args=({2: {'_IPS_DYNAMIC_SIMULATION': []}},), message_id=RESPONSE|FRAMEWORK@Framework@0|fastran_FPP_000001@Driver@1|60)
2026-04-01 14:34:11,077 DAKOTA_BRIDGE_Driver_1 DEBUG    _invoke_service(): processEvents  (2,)
2026-04-01 14:34:11,078 DAKOTA_BRIDGE_Driver_1 DEBUG    _get_service_response(REQUEST|fastran_FPP_000001@Driver@1|FRAMEWORK@Framework@0|29)
2026-04-01 14:34:11,088 DAKOTA_BRIDGE_Driver_1 DEBUG    _get_service_response(REQUEST|fastran_FPP_000001@Driver@1|FRAMEWORK@Framework@0|29), response = ServiceResponseMessage(sender_id=FRAMEWORK@Framework@0, receiver_id=fastran_FPP_000001@Driver@1, request_msg_id=REQUEST|fastran_FPP_000001@Driver@1|FRAMEWORK@Framework@0|29,status=0, args=({2: {'_IPS_DYNAMIC_SIMULATION': []}},), message_id=RESPONSE|FRAMEWORK@Framework@0|fastran_FPP_000001@Driver@1|62)
2026-04-01 14:34:11,589 DAKOTA_BRIDGE_Driver_1 DEBUG    _invoke_service(): processEvents  (2,)
2026-04-01 14:34:11,589 DAKOTA_BRIDGE_Driver_1 DEBUG    _get_service_response(REQUEST|fastran_FPP_000001@Driver@1|FRAMEWORK@Framework@0|30)
2026-04-01 14:34:11,600 DAKOTA_BRIDGE_Driver_1 DEBUG    _get_service_response(REQUEST|fastran_FPP_000001@Driver@1|FRAMEWORK@Framework@0|30), response = ServiceResponseMessage(sender_id=FRAMEWORK@Framework@0, receiver_id=fastran_FPP_000001@Driver@1, request_msg_id=REQUEST|fastran_FPP_000001@Driver@1|FRAMEWORK@Framework@0|30,status=0, args=({2: {'_IPS_DYNAMIC_SIMULATION': []}},), message_id=RESPONSE|FRAMEWORK@Framework@0|fastran_FPP_000001@Driver@1|64)
2026-04-01 14:34:11,846 DAKOTA_BRIDGE_Driver_1 DEBUG    _invoke_service(): processEvents  (2,)
2026-04-01 14:34:11,847 DAKOTA_BRIDGE_Driver_1 DEBUG    _get_service_response(REQUEST|fastran_FPP_000001@Driver@1|FRAMEWORK@Framework@0|31)
2026-04-01 14:34:11,857 DAKOTA_BRIDGE_Driver_1 DEBUG    _get_service_response(REQUEST|fastran_FPP_000001@Driver@1|FRAMEWORK@Framework@0|31), response = ServiceResponseMessage(sender_id=FRAMEWORK@Framework@0, receiver_id=fastran_FPP_000001@Driver@1, request_msg_id=REQUEST|fastran_FPP_000001@Driver@1|FRAMEWORK@Framework@0|31,status=0, args=({2: {'_IPS_DYNAMIC_SIMULATION': []}},), message_id=RESPONSE|FRAMEWORK@Framework@0|fastran_FPP_000001@Driver@1|66)
2026-04-01 14:34:11,858 DAKOTA_BRIDGE_Driver_1 DEBUG    _invoke_service(): get_config_parameter  ('PORTAL_RUNID',)
2026-04-01 14:34:11,858 DAKOTA_BRIDGE_Driver_1 DEBUG    _get_service_response(REQUEST|fastran_FPP_000001@Driver@1|FRAMEWORK@Framework@0|32)
2026-04-01 14:34:11,868 DAKOTA_BRIDGE_Driver_1 DEBUG    _get_service_response(REQUEST|fastran_FPP_000001@Driver@1|FRAMEWORK@Framework@0|32), response = ServiceResponseMessage(sender_id=FRAMEWORK@Framework@0, receiver_id=fastran_FPP_000001@Driver@1, request_msg_id=REQUEST|fastran_FPP_000001@Driver@1|FRAMEWORK@Framework@0|32,status=0, args=('fastran_FPP_000001_perlmutter_hswils_2026-04-01T14:33:57.975',), message_id=RESPONSE|FRAMEWORK@Framework@0|fastran_FPP_000001@Driver@1|67)
2026-04-01 14:34:11,876 DAKOTA_BRIDGE_Driver_1 DEBUG    _invoke_service(): create_simulation  ('/pscratch/sd/h/hswils/github_repos/MANTA_DBSCANS/SCANS_TORIC/sn_peak_scan_matchMANTA/SCAN/simulation_226694_0000.conf', {}, False)
2026-04-01 14:34:11,876 DAKOTA_BRIDGE_Driver_1 DEBUG    create_simulation() msg_id = REQUEST|fastran_FPP_000001@Driver@1|FRAMEWORK@Framework@0|33
2026-04-01 14:34:11,876 DAKOTA_BRIDGE_Driver_1 DEBUG    _get_service_response(REQUEST|fastran_FPP_000001@Driver@1|FRAMEWORK@Framework@0|33)
2026-04-01 14:34:22,842 DAKOTA_BRIDGE_Driver_1 DEBUG    _get_service_response(REQUEST|fastran_FPP_000001@Driver@1|FRAMEWORK@Framework@0|33), response = ServiceResponseMessage(sender_id=FRAMEWORK@Framework@0, receiver_id=fastran_FPP_000001@Driver@1, request_msg_id=REQUEST|fastran_FPP_000001@Driver@1|FRAMEWORK@Framework@0|33,status=0, args=(('fastran_FPP_000001_226694_0000', fastran_FPP_000001_226694_0000@fastran_init@4, fastran_FPP_000001_226694_0000@fastran_driver@5),), message_id=RESPONSE|FRAMEWORK@Framework@0|fastran_FPP_000001@Driver@1|68)
2026-04-01 14:34:22,842 DAKOTA_BRIDGE_Driver_1 DEBUG    Created simulation fastran_FPP_000001_226694_0000
2026-04-01 14:34:22,842 DAKOTA_BRIDGE_Driver_1 DEBUG    _invoke_service(): processEvents  (2,)
2026-04-01 14:34:22,842 DAKOTA_BRIDGE_Driver_1 DEBUG    _get_service_response(REQUEST|fastran_FPP_000001@Driver@1|FRAMEWORK@Framework@0|34)
2026-04-01 14:34:22,853 DAKOTA_BRIDGE_Driver_1 DEBUG    _get_service_response(REQUEST|fastran_FPP_000001@Driver@1|FRAMEWORK@Framework@0|34), response = ServiceResponseMessage(sender_id=FRAMEWORK@Framework@0, receiver_id=fastran_FPP_000001@Driver@1, request_msg_id=REQUEST|fastran_FPP_000001@Driver@1|FRAMEWORK@Framework@0|34,status=0, args=({2: {'_IPS_DYNAMIC_SIMULATION': [<ipsframework.cca_es_spec.Event object at 0x7f47bf060c40>]}},), message_id=RESPONSE|FRAMEWORK@Framework@0|fastran_FPP_000001@Driver@1|70)
2026-04-01 14:34:22,853 DAKOTA_BRIDGE_Driver_1 DEBUG    In Component: Just received {'eventtype': 'IPS_START', 'SIM_NAME': 'fastran_FPP_000001_226694_0000', 'ok': True}
2026-04-01 14:34:22,853 DAKOTA_BRIDGE_Driver_1 DEBUG    In Component: There are 1 events in self.events_received
2026-04-01 14:34:22,856 DAKOTA_BRIDGE_Driver_1 DEBUG    _invoke_service(): get_config_parameter  ('PORTAL_RUNID',)
2026-04-01 14:34:22,856 DAKOTA_BRIDGE_Driver_1 DEBUG    _get_service_response(REQUEST|fastran_FPP_000001@Driver@1|FRAMEWORK@Framework@0|35)
2026-04-01 14:34:22,866 DAKOTA_BRIDGE_Driver_1 DEBUG    _get_service_response(REQUEST|fastran_FPP_000001@Driver@1|FRAMEWORK@Framework@0|35), response = ServiceResponseMessage(sender_id=FRAMEWORK@Framework@0, receiver_id=fastran_FPP_000001@Driver@1, request_msg_id=REQUEST|fastran_FPP_000001@Driver@1|FRAMEWORK@Framework@0|35,status=0, args=('fastran_FPP_000001_perlmutter_hswils_2026-04-01T14:33:57.975',), message_id=RESPONSE|FRAMEWORK@Framework@0|fastran_FPP_000001@Driver@1|74)
2026-04-01 14:34:22,870 DAKOTA_BRIDGE_Driver_1 DEBUG    _invoke_service(): create_simulation  ('/pscratch/sd/h/hswils/github_repos/MANTA_DBSCANS/SCANS_TORIC/sn_peak_scan_matchMANTA/SCAN/simulation_226694_0001.conf', {}, False)
2026-04-01 14:34:22,871 DAKOTA_BRIDGE_Driver_1 DEBUG    create_simulation() msg_id = REQUEST|fastran_FPP_000001@Driver@1|FRAMEWORK@Framework@0|36
2026-04-01 14:34:22,871 DAKOTA_BRIDGE_Driver_1 DEBUG    _get_service_response(REQUEST|fastran_FPP_000001@Driver@1|FRAMEWORK@Framework@0|36)
2026-04-01 14:34:22,988 DAKOTA_BRIDGE_Driver_1 DEBUG    _get_service_response(REQUEST|fastran_FPP_000001@Driver@1|FRAMEWORK@Framework@0|36), response = ServiceResponseMessage(sender_id=FRAMEWORK@Framework@0, receiver_id=fastran_FPP_000001@Driver@1, request_msg_id=REQUEST|fastran_FPP_000001@Driver@1|FRAMEWORK@Framework@0|36,status=0, args=(('fastran_FPP_000001_226694_0001', fastran_FPP_000001_226694_0001@fastran_init@12, fastran_FPP_000001_226694_0001@fastran_driver@13),), message_id=RESPONSE|FRAMEWORK@Framework@0|fastran_FPP_000001@Driver@1|75)
2026-04-01 14:34:22,988 DAKOTA_BRIDGE_Driver_1 DEBUG    Created simulation fastran_FPP_000001_226694_0001
2026-04-01 14:34:22,988 DAKOTA_BRIDGE_Driver_1 DEBUG    _invoke_service(): processEvents  (2,)
2026-04-01 14:34:22,988 DAKOTA_BRIDGE_Driver_1 DEBUG    _get_service_response(REQUEST|fastran_FPP_000001@Driver@1|FRAMEWORK@Framework@0|37)
2026-04-01 14:34:22,998 DAKOTA_BRIDGE_Driver_1 DEBUG    _get_service_response(REQUEST|fastran_FPP_000001@Driver@1|FRAMEWORK@Framework@0|37), response = ServiceResponseMessage(sender_id=FRAMEWORK@Framework@0, receiver_id=fastran_FPP_000001@Driver@1, request_msg_id=REQUEST|fastran_FPP_000001@Driver@1|FRAMEWORK@Framework@0|37,status=0, args=({2: {'_IPS_DYNAMIC_SIMULATION': [<ipsframework.cca_es_spec.Event object at 0x7f47bf060ee0>]}},), message_id=RESPONSE|FRAMEWORK@Framework@0|fastran_FPP_000001@Driver@1|77)
2026-04-01 14:34:22,998 DAKOTA_BRIDGE_Driver_1 DEBUG    In Component: Just received {'eventtype': 'IPS_START', 'SIM_NAME': 'fastran_FPP_000001_226694_0001', 'ok': True}
2026-04-01 14:34:22,998 DAKOTA_BRIDGE_Driver_1 DEBUG    In Component: There are 1 events in self.events_received
2026-04-01 14:34:22,999 DAKOTA_BRIDGE_Driver_1 DEBUG    _invoke_service(): get_config_parameter  ('PORTAL_RUNID',)
2026-04-01 14:34:22,999 DAKOTA_BRIDGE_Driver_1 DEBUG    _get_service_response(REQUEST|fastran_FPP_000001@Driver@1|FRAMEWORK@Framework@0|38)
2026-04-01 14:34:23,009 DAKOTA_BRIDGE_Driver_1 DEBUG    _get_service_response(REQUEST|fastran_FPP_000001@Driver@1|FRAMEWORK@Framework@0|38), response = ServiceResponseMessage(sender_id=FRAMEWORK@Framework@0, receiver_id=fastran_FPP_000001@Driver@1, request_msg_id=REQUEST|fastran_FPP_000001@Driver@1|FRAMEWORK@Framework@0|38,status=0, args=('fastran_FPP_000001_perlmutter_hswils_2026-04-01T14:33:57.975',), message_id=RESPONSE|FRAMEWORK@Framework@0|fastran_FPP_000001@Driver@1|79)
2026-04-01 14:34:23,013 DAKOTA_BRIDGE_Driver_1 DEBUG    _invoke_service(): create_simulation  ('/pscratch/sd/h/hswils/github_repos/MANTA_DBSCANS/SCANS_TORIC/sn_peak_scan_matchMANTA/SCAN/simulation_226694_0002.conf', {}, False)
2026-04-01 14:34:23,013 DAKOTA_BRIDGE_Driver_1 DEBUG    create_simulation() msg_id = REQUEST|fastran_FPP_000001@Driver@1|FRAMEWORK@Framework@0|39
2026-04-01 14:34:23,013 DAKOTA_BRIDGE_Driver_1 DEBUG    _get_service_response(REQUEST|fastran_FPP_000001@Driver@1|FRAMEWORK@Framework@0|39)
2026-04-01 14:34:23,089 DAKOTA_BRIDGE_Driver_1 DEBUG    _get_service_response(REQUEST|fastran_FPP_000001@Driver@1|FRAMEWORK@Framework@0|39), response = ServiceResponseMessage(sender_id=FRAMEWORK@Framework@0, receiver_id=fastran_FPP_000001@Driver@1, request_msg_id=REQUEST|fastran_FPP_000001@Driver@1|FRAMEWORK@Framework@0|39,status=0, args=(('fastran_FPP_000001_226694_0002', fastran_FPP_000001_226694_0002@fastran_init@20, fastran_FPP_000001_226694_0002@fastran_driver@21),), message_id=RESPONSE|FRAMEWORK@Framework@0|fastran_FPP_000001@Driver@1|80)
2026-04-01 14:34:23,089 DAKOTA_BRIDGE_Driver_1 DEBUG    Created simulation fastran_FPP_000001_226694_0002
2026-04-01 14:34:23,589 DAKOTA_BRIDGE_Driver_1 DEBUG    _invoke_service(): processEvents  (2,)
2026-04-01 14:34:23,589 DAKOTA_BRIDGE_Driver_1 DEBUG    _get_service_response(REQUEST|fastran_FPP_000001@Driver@1|FRAMEWORK@Framework@0|40)
2026-04-01 14:34:23,600 DAKOTA_BRIDGE_Driver_1 DEBUG    _get_service_response(REQUEST|fastran_FPP_000001@Driver@1|FRAMEWORK@Framework@0|40), response = ServiceResponseMessage(sender_id=FRAMEWORK@Framework@0, receiver_id=fastran_FPP_000001@Driver@1, request_msg_id=REQUEST|fastran_FPP_000001@Driver@1|FRAMEWORK@Framework@0|40,status=0, args=({2: {'_IPS_DYNAMIC_SIMULATION': [<ipsframework.cca_es_spec.Event object at 0x7f47bf060df0>]}},), message_id=RESPONSE|FRAMEWORK@Framework@0|fastran_FPP_000001@Driver@1|155)
2026-04-01 14:34:23,600 DAKOTA_BRIDGE_Driver_1 DEBUG    In Component: Just received {'eventtype': 'IPS_START', 'SIM_NAME': 'fastran_FPP_000001_226694_0002', 'ok': True}
2026-04-01 14:34:23,600 DAKOTA_BRIDGE_Driver_1 DEBUG    In Component: There are 1 events in self.events_received
2026-04-01 14:34:24,101 DAKOTA_BRIDGE_Driver_1 DEBUG    _invoke_service(): processEvents  (2,)
2026-04-01 14:34:24,101 DAKOTA_BRIDGE_Driver_1 DEBUG    _get_service_response(REQUEST|fastran_FPP_000001@Driver@1|FRAMEWORK@Framework@0|41)
2026-04-01 14:34:24,112 DAKOTA_BRIDGE_Driver_1 DEBUG    _get_service_response(REQUEST|fastran_FPP_000001@Driver@1|FRAMEWORK@Framework@0|41), response = ServiceResponseMessage(sender_id=FRAMEWORK@Framework@0, receiver_id=fastran_FPP_000001@Driver@1, request_msg_id=REQUEST|fastran_FPP_000001@Driver@1|FRAMEWORK@Framework@0|41,status=0, args=({2: {'_IPS_DYNAMIC_SIMULATION': []}},), message_id=RESPONSE|FRAMEWORK@Framework@0|fastran_FPP_000001@Driver@1|157)
2026-04-01 14:34:24,613 DAKOTA_BRIDGE_Driver_1 DEBUG    _invoke_service(): processEvents  (2,)
2026-04-01 14:34:24,613 DAKOTA_BRIDGE_Driver_1 DEBUG    _get_service_response(REQUEST|fastran_FPP_000001@Driver@1|FRAMEWORK@Framework@0|42)
2026-04-01 14:34:24,624 DAKOTA_BRIDGE_Driver_1 DEBUG    _get_service_response(REQUEST|fastran_FPP_000001@Driver@1|FRAMEWORK@Framework@0|42), response = ServiceResponseMessage(sender_id=FRAMEWORK@Framework@0, receiver_id=fastran_FPP_000001@Driver@1, request_msg_id=REQUEST|fastran_FPP_000001@Driver@1|FRAMEWORK@Framework@0|42,status=0, args=({2: {'_IPS_DYNAMIC_SIMULATION': []}},), message_id=RESPONSE|FRAMEWORK@Framework@0|fastran_FPP_000001@Driver@1|159)
2026-04-01 14:34:25,125 DAKOTA_BRIDGE_Driver_1 DEBUG    _invoke_service(): processEvents  (2,)
2026-04-01 14:34:25,125 DAKOTA_BRIDGE_Driver_1 DEBUG    _get_service_response(REQUEST|fastran_FPP_000001@Driver@1|FRAMEWORK@Framework@0|43)
2026-04-01 14:34:25,136 DAKOTA_BRIDGE_Driver_1 DEBUG    _get_service_response(REQUEST|fastran_FPP_000001@Driver@1|FRAMEWORK@Framework@0|43), response = ServiceResponseMessage(sender_id=FRAMEWORK@Framework@0, receiver_id=fastran_FPP_000001@Driver@1, request_msg_id=REQUEST|fastran_FPP_000001@Driver@1|FRAMEWORK@Framework@0|43,status=0, args=({2: {'_IPS_DYNAMIC_SIMULATION': []}},), message_id=RESPONSE|FRAMEWORK@Framework@0|fastran_FPP_000001@Driver@1|161)
2026-04-01 14:34:25,636 DAKOTA_BRIDGE_Driver_1 DEBUG    _invoke_service(): processEvents  (2,)
2026-04-01 14:34:25,636 DAKOTA_BRIDGE_Driver_1 DEBUG    _get_service_response(REQUEST|fastran_FPP_000001@Driver@1|FRAMEWORK@Framework@0|44)
2026-04-01 14:34:25,647 DAKOTA_BRIDGE_Driver_1 DEBUG    _get_service_response(REQUEST|fastran_FPP_000001@Driver@1|FRAMEWORK@Framework@0|44), response = ServiceResponseMessage(sender_id=FRAMEWORK@Framework@0, receiver_id=fastran_FPP_000001@Driver@1, request_msg_id=REQUEST|fastran_FPP_000001@Driver@1|FRAMEWORK@Framework@0|44,status=0, args=({2: {'_IPS_DYNAMIC_SIMULATION': []}},), message_id=RESPONSE|FRAMEWORK@Framework@0|fastran_FPP_000001@Driver@1|235)
2026-04-01 14:34:26,148 DAKOTA_BRIDGE_Driver_1 DEBUG    _invoke_service(): processEvents  (2,)
2026-04-01 14:34:26,148 DAKOTA_BRIDGE_Driver_1 DEBUG    _get_service_response(REQUEST|fastran_FPP_000001@Driver@1|FRAMEWORK@Framework@0|45)
2026-04-01 14:34:26,159 DAKOTA_BRIDGE_Driver_1 DEBUG    _get_service_response(REQUEST|fastran_FPP_000001@Driver@1|FRAMEWORK@Framework@0|45), response = ServiceResponseMessage(sender_id=FRAMEWORK@Framework@0, receiver_id=fastran_FPP_000001@Driver@1, request_msg_id=REQUEST|fastran_FPP_000001@Driver@1|FRAMEWORK@Framework@0|45,status=0, args=({2: {'_IPS_DYNAMIC_SIMULATION': []}},), message_id=RESPONSE|FRAMEWORK@Framework@0|fastran_FPP_000001@Driver@1|314)
2026-04-01 14:34:26,660 DAKOTA_BRIDGE_Driver_1 DEBUG    _invoke_service(): processEvents  (2,)
2026-04-01 14:34:26,660 DAKOTA_BRIDGE_Driver_1 DEBUG    _get_service_response(REQUEST|fastran_FPP_000001@Driver@1|FRAMEWORK@Framework@0|46)
2026-04-01 14:34:26,671 DAKOTA_BRIDGE_Driver_1 DEBUG    _get_service_response(REQUEST|fastran_FPP_000001@Driver@1|FRAMEWORK@Framework@0|46), response = ServiceResponseMessage(sender_id=FRAMEWORK@Framework@0, receiver_id=fastran_FPP_000001@Driver@1, request_msg_id=REQUEST|fastran_FPP_000001@Driver@1|FRAMEWORK@Framework@0|46,status=0, args=({2: {'_IPS_DYNAMIC_SIMULATION': []}},), message_id=RESPONSE|FRAMEWORK@Framework@0|fastran_FPP_000001@Driver@1|329)
2026-04-01 14:34:27,171 DAKOTA_BRIDGE_Driver_1 DEBUG    _invoke_service(): processEvents  (2,)
2026-04-01 14:34:27,172 DAKOTA_BRIDGE_Driver_1 DEBUG    _get_service_response(REQUEST|fastran_FPP_000001@Driver@1|FRAMEWORK@Framework@0|47)
2026-04-01 14:34:27,182 DAKOTA_BRIDGE_Driver_1 DEBUG    _get_service_response(REQUEST|fastran_FPP_000001@Driver@1|FRAMEWORK@Framework@0|47), response = ServiceResponseMessage(sender_id=FRAMEWORK@Framework@0, receiver_id=fastran_FPP_000001@Driver@1, request_msg_id=REQUEST|fastran_FPP_000001@Driver@1|FRAMEWORK@Framework@0|47,status=0, args=({2: {'_IPS_DYNAMIC_SIMULATION': []}},), message_id=RESPONSE|FRAMEWORK@Framework@0|fastran_FPP_000001@Driver@1|331)
2026-04-01 14:34:27,683 DAKOTA_BRIDGE_Driver_1 DEBUG    _invoke_service(): processEvents  (2,)
2026-04-01 14:34:27,683 DAKOTA_BRIDGE_Driver_1 DEBUG    _get_service_response(REQUEST|fastran_FPP_000001@Driver@1|FRAMEWORK@Framework@0|48)
2026-04-01 14:34:27,694 DAKOTA_BRIDGE_Driver_1 DEBUG    _get_service_response(REQUEST|fastran_FPP_000001@Driver@1|FRAMEWORK@Framework@0|48), response = ServiceResponseMessage(sender_id=FRAMEWORK@Framework@0, receiver_id=fastran_FPP_000001@Driver@1, request_msg_id=REQUEST|fastran_FPP_000001@Driver@1|FRAMEWORK@Framework@0|48,status=0, args=({2: {'_IPS_DYNAMIC_SIMULATION': []}},), message_id=RESPONSE|FRAMEWORK@Framework@0|fastran_FPP_000001@Driver@1|333)
2026-04-01 14:34:28,195 DAKOTA_BRIDGE_Driver_1 DEBUG    _invoke_service(): processEvents  (2,)
2026-04-01 14:34:28,195 DAKOTA_BRIDGE_Driver_1 DEBUG    _get_service_response(REQUEST|fastran_FPP_000001@Driver@1|FRAMEWORK@Framework@0|49)
2026-04-01 14:34:28,206 DAKOTA_BRIDGE_Driver_1 DEBUG    _get_service_response(REQUEST|fastran_FPP_000001@Driver@1|FRAMEWORK@Framework@0|49), response = ServiceResponseMessage(sender_id=FRAMEWORK@Framework@0, receiver_id=fastran_FPP_000001@Driver@1, request_msg_id=REQUEST|fastran_FPP_000001@Driver@1|FRAMEWORK@Framework@0|49,status=0, args=({2: {'_IPS_DYNAMIC_SIMULATION': []}},), message_id=RESPONSE|FRAMEWORK@Framework@0|fastran_FPP_000001@Driver@1|335)
2026-04-01 14:34:28,706 DAKOTA_BRIDGE_Driver_1 DEBUG    _invoke_service(): processEvents  (2,)
2026-04-01 14:34:28,707 DAKOTA_BRIDGE_Driver_1 DEBUG    _get_service_response(REQUEST|fastran_FPP_000001@Driver@1|FRAMEWORK@Framework@0|50)
2026-04-01 14:34:28,717 DAKOTA_BRIDGE_Driver_1 DEBUG    _get_service_response(REQUEST|fastran_FPP_000001@Driver@1|FRAMEWORK@Framework@0|50), response = ServiceResponseMessage(sender_id=FRAMEWORK@Framework@0, receiver_id=fastran_FPP_000001@Driver@1, request_msg_id=REQUEST|fastran_FPP_000001@Driver@1|FRAMEWORK@Framework@0|50,status=0, args=({2: {'_IPS_DYNAMIC_SIMULATION': []}},), message_id=RESPONSE|FRAMEWORK@Framework@0|fastran_FPP_000001@Driver@1|337)
2026-04-01 14:34:29,218 DAKOTA_BRIDGE_Driver_1 DEBUG    _invoke_service(): processEvents  (2,)
2026-04-01 14:34:29,218 DAKOTA_BRIDGE_Driver_1 DEBUG    _get_service_response(REQUEST|fastran_FPP_000001@Driver@1|FRAMEWORK@Framework@0|51)
2026-04-01 14:34:29,229 DAKOTA_BRIDGE_Driver_1 DEBUG    _get_service_response(REQUEST|fastran_FPP_000001@Driver@1|FRAMEWORK@Framework@0|51), response = ServiceResponseMessage(sender_id=FRAMEWORK@Framework@0, receiver_id=fastran_FPP_000001@Driver@1, request_msg_id=REQUEST|fastran_FPP_000001@Driver@1|FRAMEWORK@Framework@0|51,status=0, args=({2: {'_IPS_DYNAMIC_SIMULATION': []}},), message_id=RESPONSE|FRAMEWORK@Framework@0|fastran_FPP_000001@Driver@1|339)
2026-04-01 14:34:29,729 DAKOTA_BRIDGE_Driver_1 DEBUG    _invoke_service(): processEvents  (2,)
2026-04-01 14:34:29,730 DAKOTA_BRIDGE_Driver_1 DEBUG    _get_service_response(REQUEST|fastran_FPP_000001@Driver@1|FRAMEWORK@Framework@0|52)
2026-04-01 14:34:29,740 DAKOTA_BRIDGE_Driver_1 DEBUG    _get_service_response(REQUEST|fastran_FPP_000001@Driver@1|FRAMEWORK@Framework@0|52), response = ServiceResponseMessage(sender_id=FRAMEWORK@Framework@0, receiver_id=fastran_FPP_000001@Driver@1, request_msg_id=REQUEST|fastran_FPP_000001@Driver@1|FRAMEWORK@Framework@0|52,status=0, args=({2: {'_IPS_DYNAMIC_SIMULATION': []}},), message_id=RESPONSE|FRAMEWORK@Framework@0|fastran_FPP_000001@Driver@1|341)
2026-04-01 14:34:30,241 DAKOTA_BRIDGE_Driver_1 DEBUG    _invoke_service(): processEvents  (2,)
2026-04-01 14:34:30,241 DAKOTA_BRIDGE_Driver_1 DEBUG    _get_service_response(REQUEST|fastran_FPP_000001@Driver@1|FRAMEWORK@Framework@0|53)
2026-04-01 14:34:30,251 DAKOTA_BRIDGE_Driver_1 DEBUG    _get_service_response(REQUEST|fastran_FPP_000001@Driver@1|FRAMEWORK@Framework@0|53), response = ServiceResponseMessage(sender_id=FRAMEWORK@Framework@0, receiver_id=fastran_FPP_000001@Driver@1, request_msg_id=REQUEST|fastran_FPP_000001@Driver@1|FRAMEWORK@Framework@0|53,status=0, args=({2: {'_IPS_DYNAMIC_SIMULATION': []}},), message_id=RESPONSE|FRAMEWORK@Framework@0|fastran_FPP_000001@Driver@1|343)
2026-04-01 14:34:30,752 DAKOTA_BRIDGE_Driver_1 DEBUG    _invoke_service(): processEvents  (2,)
2026-04-01 14:34:30,752 DAKOTA_BRIDGE_Driver_1 DEBUG    _get_service_response(REQUEST|fastran_FPP_000001@Driver@1|FRAMEWORK@Framework@0|54)
2026-04-01 14:34:30,763 DAKOTA_BRIDGE_Driver_1 DEBUG    _get_service_response(REQUEST|fastran_FPP_000001@Driver@1|FRAMEWORK@Framework@0|54), response = ServiceResponseMessage(sender_id=FRAMEWORK@Framework@0, receiver_id=fastran_FPP_000001@Driver@1, request_msg_id=REQUEST|fastran_FPP_000001@Driver@1|FRAMEWORK@Framework@0|54,status=0, args=({2: {'_IPS_DYNAMIC_SIMULATION': []}},), message_id=RESPONSE|FRAMEWORK@Framework@0|fastran_FPP_000001@Driver@1|345)
2026-04-01 14:34:31,264 DAKOTA_BRIDGE_Driver_1 DEBUG    _invoke_service(): processEvents  (2,)
2026-04-01 14:34:31,264 DAKOTA_BRIDGE_Driver_1 DEBUG    _get_service_response(REQUEST|fastran_FPP_000001@Driver@1|FRAMEWORK@Framework@0|55)
2026-04-01 14:34:31,275 DAKOTA_BRIDGE_Driver_1 DEBUG    _get_service_response(REQUEST|fastran_FPP_000001@Driver@1|FRAMEWORK@Framework@0|55), response = ServiceResponseMessage(sender_id=FRAMEWORK@Framework@0, receiver_id=fastran_FPP_000001@Driver@1, request_msg_id=REQUEST|fastran_FPP_000001@Driver@1|FRAMEWORK@Framework@0|55,status=0, args=({2: {'_IPS_DYNAMIC_SIMULATION': []}},), message_id=RESPONSE|FRAMEWORK@Framework@0|fastran_FPP_000001@Driver@1|347)
2026-04-01 14:34:31,775 DAKOTA_BRIDGE_Driver_1 DEBUG    _invoke_service(): processEvents  (2,)
2026-04-01 14:34:31,775 DAKOTA_BRIDGE_Driver_1 DEBUG    _get_service_response(REQUEST|fastran_FPP_000001@Driver@1|FRAMEWORK@Framework@0|56)
2026-04-01 14:34:31,786 DAKOTA_BRIDGE_Driver_1 DEBUG    _get_service_response(REQUEST|fastran_FPP_000001@Driver@1|FRAMEWORK@Framework@0|56), response = ServiceResponseMessage(sender_id=FRAMEWORK@Framework@0, receiver_id=fastran_FPP_000001@Driver@1, request_msg_id=REQUEST|fastran_FPP_000001@Driver@1|FRAMEWORK@Framework@0|56,status=0, args=({2: {'_IPS_DYNAMIC_SIMULATION': []}},), message_id=RESPONSE|FRAMEWORK@Framework@0|fastran_FPP_000001@Driver@1|349)
2026-04-01 14:34:32,287 DAKOTA_BRIDGE_Driver_1 DEBUG    _invoke_service(): processEvents  (2,)
2026-04-01 14:34:32,287 DAKOTA_BRIDGE_Driver_1 DEBUG    _get_service_response(REQUEST|fastran_FPP_000001@Driver@1|FRAMEWORK@Framework@0|57)
2026-04-01 14:34:32,298 DAKOTA_BRIDGE_Driver_1 DEBUG    _get_service_response(REQUEST|fastran_FPP_000001@Driver@1|FRAMEWORK@Framework@0|57), response = ServiceResponseMessage(sender_id=FRAMEWORK@Framework@0, receiver_id=fastran_FPP_000001@Driver@1, request_msg_id=REQUEST|fastran_FPP_000001@Driver@1|FRAMEWORK@Framework@0|57,status=0, args=({2: {'_IPS_DYNAMIC_SIMULATION': []}},), message_id=RESPONSE|FRAMEWORK@Framework@0|fastran_FPP_000001@Driver@1|351)
2026-04-01 14:34:32,799 DAKOTA_BRIDGE_Driver_1 DEBUG    _invoke_service(): processEvents  (2,)
2026-04-01 14:34:32,799 DAKOTA_BRIDGE_Driver_1 DEBUG    _get_service_response(REQUEST|fastran_FPP_000001@Driver@1|FRAMEWORK@Framework@0|58)
2026-04-01 14:34:32,810 DAKOTA_BRIDGE_Driver_1 DEBUG    _get_service_response(REQUEST|fastran_FPP_000001@Driver@1|FRAMEWORK@Framework@0|58), response = ServiceResponseMessage(sender_id=FRAMEWORK@Framework@0, receiver_id=fastran_FPP_000001@Driver@1, request_msg_id=REQUEST|fastran_FPP_000001@Driver@1|FRAMEWORK@Framework@0|58,status=0, args=({2: {'_IPS_DYNAMIC_SIMULATION': []}},), message_id=RESPONSE|FRAMEWORK@Framework@0|fastran_FPP_000001@Driver@1|353)
2026-04-01 14:34:33,310 DAKOTA_BRIDGE_Driver_1 DEBUG    _invoke_service(): processEvents  (2,)
2026-04-01 14:34:33,311 DAKOTA_BRIDGE_Driver_1 DEBUG    _get_service_response(REQUEST|fastran_FPP_000001@Driver@1|FRAMEWORK@Framework@0|59)
2026-04-01 14:34:33,322 DAKOTA_BRIDGE_Driver_1 DEBUG    _get_service_response(REQUEST|fastran_FPP_000001@Driver@1|FRAMEWORK@Framework@0|59), response = ServiceResponseMessage(sender_id=FRAMEWORK@Framework@0, receiver_id=fastran_FPP_000001@Driver@1, request_msg_id=REQUEST|fastran_FPP_000001@Driver@1|FRAMEWORK@Framework@0|59,status=0, args=({2: {'_IPS_DYNAMIC_SIMULATION': []}},), message_id=RESPONSE|FRAMEWORK@Framework@0|fastran_FPP_000001@Driver@1|355)
2026-04-01 14:34:33,822 DAKOTA_BRIDGE_Driver_1 DEBUG    _invoke_service(): processEvents  (2,)
2026-04-01 14:34:33,822 DAKOTA_BRIDGE_Driver_1 DEBUG    _get_service_response(REQUEST|fastran_FPP_000001@Driver@1|FRAMEWORK@Framework@0|60)
2026-04-01 14:34:33,833 DAKOTA_BRIDGE_Driver_1 DEBUG    _get_service_response(REQUEST|fastran_FPP_000001@Driver@1|FRAMEWORK@Framework@0|60), response = ServiceResponseMessage(sender_id=FRAMEWORK@Framework@0, receiver_id=fastran_FPP_000001@Driver@1, request_msg_id=REQUEST|fastran_FPP_000001@Driver@1|FRAMEWORK@Framework@0|60,status=0, args=({2: {'_IPS_DYNAMIC_SIMULATION': []}},), message_id=RESPONSE|FRAMEWORK@Framework@0|fastran_FPP_000001@Driver@1|357)
2026-04-01 14:34:34,334 DAKOTA_BRIDGE_Driver_1 DEBUG    _invoke_service(): processEvents  (2,)
2026-04-01 14:34:34,334 DAKOTA_BRIDGE_Driver_1 DEBUG    _get_service_response(REQUEST|fastran_FPP_000001@Driver@1|FRAMEWORK@Framework@0|61)
2026-04-01 14:34:34,345 DAKOTA_BRIDGE_Driver_1 DEBUG    _get_service_response(REQUEST|fastran_FPP_000001@Driver@1|FRAMEWORK@Framework@0|61), response = ServiceResponseMessage(sender_id=FRAMEWORK@Framework@0, receiver_id=fastran_FPP_000001@Driver@1, request_msg_id=REQUEST|fastran_FPP_000001@Driver@1|FRAMEWORK@Framework@0|61,status=0, args=({2: {'_IPS_DYNAMIC_SIMULATION': []}},), message_id=RESPONSE|FRAMEWORK@Framework@0|fastran_FPP_000001@Driver@1|359)
2026-04-01 14:34:34,846 DAKOTA_BRIDGE_Driver_1 DEBUG    _invoke_service(): processEvents  (2,)
2026-04-01 14:34:34,846 DAKOTA_BRIDGE_Driver_1 DEBUG    _get_service_response(REQUEST|fastran_FPP_000001@Driver@1|FRAMEWORK@Framework@0|62)
2026-04-01 14:34:34,857 DAKOTA_BRIDGE_Driver_1 DEBUG    _get_service_response(REQUEST|fastran_FPP_000001@Driver@1|FRAMEWORK@Framework@0|62), response = ServiceResponseMessage(sender_id=FRAMEWORK@Framework@0, receiver_id=fastran_FPP_000001@Driver@1, request_msg_id=REQUEST|fastran_FPP_000001@Driver@1|FRAMEWORK@Framework@0|62,status=0, args=({2: {'_IPS_DYNAMIC_SIMULATION': []}},), message_id=RESPONSE|FRAMEWORK@Framework@0|fastran_FPP_000001@Driver@1|361)
2026-04-01 14:34:35,357 DAKOTA_BRIDGE_Driver_1 DEBUG    _invoke_service(): processEvents  (2,)
2026-04-01 14:34:35,357 DAKOTA_BRIDGE_Driver_1 DEBUG    _get_service_response(REQUEST|fastran_FPP_000001@Driver@1|FRAMEWORK@Framework@0|63)
2026-04-01 14:34:35,368 DAKOTA_BRIDGE_Driver_1 DEBUG    _get_service_response(REQUEST|fastran_FPP_000001@Driver@1|FRAMEWORK@Framework@0|63), response = ServiceResponseMessage(sender_id=FRAMEWORK@Framework@0, receiver_id=fastran_FPP_000001@Driver@1, request_msg_id=REQUEST|fastran_FPP_000001@Driver@1|FRAMEWORK@Framework@0|63,status=0, args=({2: {'_IPS_DYNAMIC_SIMULATION': []}},), message_id=RESPONSE|FRAMEWORK@Framework@0|fastran_FPP_000001@Driver@1|363)
2026-04-01 14:34:35,869 DAKOTA_BRIDGE_Driver_1 DEBUG    _invoke_service(): processEvents  (2,)
2026-04-01 14:34:35,869 DAKOTA_BRIDGE_Driver_1 DEBUG    _get_service_response(REQUEST|fastran_FPP_000001@Driver@1|FRAMEWORK@Framework@0|64)
2026-04-01 14:34:35,880 DAKOTA_BRIDGE_Driver_1 DEBUG    _get_service_response(REQUEST|fastran_FPP_000001@Driver@1|FRAMEWORK@Framework@0|64), response = ServiceResponseMessage(sender_id=FRAMEWORK@Framework@0, receiver_id=fastran_FPP_000001@Driver@1, request_msg_id=REQUEST|fastran_FPP_000001@Driver@1|FRAMEWORK@Framework@0|64,status=0, args=({2: {'_IPS_DYNAMIC_SIMULATION': []}},), message_id=RESPONSE|FRAMEWORK@Framework@0|fastran_FPP_000001@Driver@1|365)
2026-04-01 14:34:36,381 DAKOTA_BRIDGE_Driver_1 DEBUG    _invoke_service(): processEvents  (2,)
2026-04-01 14:34:36,381 DAKOTA_BRIDGE_Driver_1 DEBUG    _get_service_response(REQUEST|fastran_FPP_000001@Driver@1|FRAMEWORK@Framework@0|65)
2026-04-01 14:34:36,392 DAKOTA_BRIDGE_Driver_1 DEBUG    _get_service_response(REQUEST|fastran_FPP_000001@Driver@1|FRAMEWORK@Framework@0|65), response = ServiceResponseMessage(sender_id=FRAMEWORK@Framework@0, receiver_id=fastran_FPP_000001@Driver@1, request_msg_id=REQUEST|fastran_FPP_000001@Driver@1|FRAMEWORK@Framework@0|65,status=0, args=({2: {'_IPS_DYNAMIC_SIMULATION': []}},), message_id=RESPONSE|FRAMEWORK@Framework@0|fastran_FPP_000001@Driver@1|367)
2026-04-01 14:34:36,892 DAKOTA_BRIDGE_Driver_1 DEBUG    _invoke_service(): processEvents  (2,)
2026-04-01 14:34:36,892 DAKOTA_BRIDGE_Driver_1 DEBUG    _get_service_response(REQUEST|fastran_FPP_000001@Driver@1|FRAMEWORK@Framework@0|66)
2026-04-01 14:34:36,903 DAKOTA_BRIDGE_Driver_1 DEBUG    _get_service_response(REQUEST|fastran_FPP_000001@Driver@1|FRAMEWORK@Framework@0|66), response = ServiceResponseMessage(sender_id=FRAMEWORK@Framework@0, receiver_id=fastran_FPP_000001@Driver@1, request_msg_id=REQUEST|fastran_FPP_000001@Driver@1|FRAMEWORK@Framework@0|66,status=0, args=({2: {'_IPS_DYNAMIC_SIMULATION': []}},), message_id=RESPONSE|FRAMEWORK@Framework@0|fastran_FPP_000001@Driver@1|369)
2026-04-01 14:34:37,404 DAKOTA_BRIDGE_Driver_1 DEBUG    _invoke_service(): processEvents  (2,)
2026-04-01 14:34:37,404 DAKOTA_BRIDGE_Driver_1 DEBUG    _get_service_response(REQUEST|fastran_FPP_000001@Driver@1|FRAMEWORK@Framework@0|67)
2026-04-01 14:34:37,415 DAKOTA_BRIDGE_Driver_1 DEBUG    _get_service_response(REQUEST|fastran_FPP_000001@Driver@1|FRAMEWORK@Framework@0|67), response = ServiceResponseMessage(sender_id=FRAMEWORK@Framework@0, receiver_id=fastran_FPP_000001@Driver@1, request_msg_id=REQUEST|fastran_FPP_000001@Driver@1|FRAMEWORK@Framework@0|67,status=0, args=({2: {'_IPS_DYNAMIC_SIMULATION': []}},), message_id=RESPONSE|FRAMEWORK@Framework@0|fastran_FPP_000001@Driver@1|371)
2026-04-01 14:34:37,916 DAKOTA_BRIDGE_Driver_1 DEBUG    _invoke_service(): processEvents  (2,)
2026-04-01 14:34:37,916 DAKOTA_BRIDGE_Driver_1 DEBUG    _get_service_response(REQUEST|fastran_FPP_000001@Driver@1|FRAMEWORK@Framework@0|68)
2026-04-01 14:34:37,926 DAKOTA_BRIDGE_Driver_1 DEBUG    _get_service_response(REQUEST|fastran_FPP_000001@Driver@1|FRAMEWORK@Framework@0|68), response = ServiceResponseMessage(sender_id=FRAMEWORK@Framework@0, receiver_id=fastran_FPP_000001@Driver@1, request_msg_id=REQUEST|fastran_FPP_000001@Driver@1|FRAMEWORK@Framework@0|68,status=0, args=({2: {'_IPS_DYNAMIC_SIMULATION': []}},), message_id=RESPONSE|FRAMEWORK@Framework@0|fastran_FPP_000001@Driver@1|373)
2026-04-01 14:34:38,427 DAKOTA_BRIDGE_Driver_1 DEBUG    _invoke_service(): processEvents  (2,)
2026-04-01 14:34:38,427 DAKOTA_BRIDGE_Driver_1 DEBUG    _get_service_response(REQUEST|fastran_FPP_000001@Driver@1|FRAMEWORK@Framework@0|69)
2026-04-01 14:34:38,438 DAKOTA_BRIDGE_Driver_1 DEBUG    _get_service_response(REQUEST|fastran_FPP_000001@Driver@1|FRAMEWORK@Framework@0|69), response = ServiceResponseMessage(sender_id=FRAMEWORK@Framework@0, receiver_id=fastran_FPP_000001@Driver@1, request_msg_id=REQUEST|fastran_FPP_000001@Driver@1|FRAMEWORK@Framework@0|69,status=0, args=({2: {'_IPS_DYNAMIC_SIMULATION': []}},), message_id=RESPONSE|FRAMEWORK@Framework@0|fastran_FPP_000001@Driver@1|375)
2026-04-01 14:34:38,939 DAKOTA_BRIDGE_Driver_1 DEBUG    _invoke_service(): processEvents  (2,)
2026-04-01 14:34:38,939 DAKOTA_BRIDGE_Driver_1 DEBUG    _get_service_response(REQUEST|fastran_FPP_000001@Driver@1|FRAMEWORK@Framework@0|70)
2026-04-01 14:34:38,950 DAKOTA_BRIDGE_Driver_1 DEBUG    _get_service_response(REQUEST|fastran_FPP_000001@Driver@1|FRAMEWORK@Framework@0|70), response = ServiceResponseMessage(sender_id=FRAMEWORK@Framework@0, receiver_id=fastran_FPP_000001@Driver@1, request_msg_id=REQUEST|fastran_FPP_000001@Driver@1|FRAMEWORK@Framework@0|70,status=0, args=({2: {'_IPS_DYNAMIC_SIMULATION': []}},), message_id=RESPONSE|FRAMEWORK@Framework@0|fastran_FPP_000001@Driver@1|402)
2026-04-01 14:34:39,451 DAKOTA_BRIDGE_Driver_1 DEBUG    _invoke_service(): processEvents  (2,)
2026-04-01 14:34:39,451 DAKOTA_BRIDGE_Driver_1 DEBUG    _get_service_response(REQUEST|fastran_FPP_000001@Driver@1|FRAMEWORK@Framework@0|71)
2026-04-01 14:34:39,462 DAKOTA_BRIDGE_Driver_1 DEBUG    _get_service_response(REQUEST|fastran_FPP_000001@Driver@1|FRAMEWORK@Framework@0|71), response = ServiceResponseMessage(sender_id=FRAMEWORK@Framework@0, receiver_id=fastran_FPP_000001@Driver@1, request_msg_id=REQUEST|fastran_FPP_000001@Driver@1|FRAMEWORK@Framework@0|71,status=0, args=({2: {'_IPS_DYNAMIC_SIMULATION': []}},), message_id=RESPONSE|FRAMEWORK@Framework@0|fastran_FPP_000001@Driver@1|435)
2026-04-01 14:34:39,962 DAKOTA_BRIDGE_Driver_1 DEBUG    _invoke_service(): processEvents  (2,)
2026-04-01 14:34:39,962 DAKOTA_BRIDGE_Driver_1 DEBUG    _get_service_response(REQUEST|fastran_FPP_000001@Driver@1|FRAMEWORK@Framework@0|72)
2026-04-01 14:34:39,973 DAKOTA_BRIDGE_Driver_1 DEBUG    _get_service_response(REQUEST|fastran_FPP_000001@Driver@1|FRAMEWORK@Framework@0|72), response = ServiceResponseMessage(sender_id=FRAMEWORK@Framework@0, receiver_id=fastran_FPP_000001@Driver@1, request_msg_id=REQUEST|fastran_FPP_000001@Driver@1|FRAMEWORK@Framework@0|72,status=0, args=({2: {'_IPS_DYNAMIC_SIMULATION': []}},), message_id=RESPONSE|FRAMEWORK@Framework@0|fastran_FPP_000001@Driver@1|438)
2026-04-01 14:34:40,474 DAKOTA_BRIDGE_Driver_1 DEBUG    _invoke_service(): processEvents  (2,)
2026-04-01 14:34:40,474 DAKOTA_BRIDGE_Driver_1 DEBUG    _get_service_response(REQUEST|fastran_FPP_000001@Driver@1|FRAMEWORK@Framework@0|73)
2026-04-01 14:34:40,485 DAKOTA_BRIDGE_Driver_1 DEBUG    _get_service_response(REQUEST|fastran_FPP_000001@Driver@1|FRAMEWORK@Framework@0|73), response = ServiceResponseMessage(sender_id=FRAMEWORK@Framework@0, receiver_id=fastran_FPP_000001@Driver@1, request_msg_id=REQUEST|fastran_FPP_000001@Driver@1|FRAMEWORK@Framework@0|73,status=0, args=({2: {'_IPS_DYNAMIC_SIMULATION': []}},), message_id=RESPONSE|FRAMEWORK@Framework@0|fastran_FPP_000001@Driver@1|440)
2026-04-01 14:34:40,985 DAKOTA_BRIDGE_Driver_1 DEBUG    _invoke_service(): processEvents  (2,)
2026-04-01 14:34:40,986 DAKOTA_BRIDGE_Driver_1 DEBUG    _get_service_response(REQUEST|fastran_FPP_000001@Driver@1|FRAMEWORK@Framework@0|74)
2026-04-01 14:34:40,996 DAKOTA_BRIDGE_Driver_1 DEBUG    _get_service_response(REQUEST|fastran_FPP_000001@Driver@1|FRAMEWORK@Framework@0|74), response = ServiceResponseMessage(sender_id=FRAMEWORK@Framework@0, receiver_id=fastran_FPP_000001@Driver@1, request_msg_id=REQUEST|fastran_FPP_000001@Driver@1|FRAMEWORK@Framework@0|74,status=0, args=({2: {'_IPS_DYNAMIC_SIMULATION': []}},), message_id=RESPONSE|FRAMEWORK@Framework@0|fastran_FPP_000001@Driver@1|459)
2026-04-01 14:34:41,497 DAKOTA_BRIDGE_Driver_1 DEBUG    _invoke_service(): processEvents  (2,)
2026-04-01 14:34:41,497 DAKOTA_BRIDGE_Driver_1 DEBUG    _get_service_response(REQUEST|fastran_FPP_000001@Driver@1|FRAMEWORK@Framework@0|75)
2026-04-01 14:34:41,508 DAKOTA_BRIDGE_Driver_1 DEBUG    _get_service_response(REQUEST|fastran_FPP_000001@Driver@1|FRAMEWORK@Framework@0|75), response = ServiceResponseMessage(sender_id=FRAMEWORK@Framework@0, receiver_id=fastran_FPP_000001@Driver@1, request_msg_id=REQUEST|fastran_FPP_000001@Driver@1|FRAMEWORK@Framework@0|75,status=0, args=({2: {'_IPS_DYNAMIC_SIMULATION': []}},), message_id=RESPONSE|FRAMEWORK@Framework@0|fastran_FPP_000001@Driver@1|534)
2026-04-01 14:34:42,008 DAKOTA_BRIDGE_Driver_1 DEBUG    _invoke_service(): processEvents  (2,)
2026-04-01 14:34:42,008 DAKOTA_BRIDGE_Driver_1 DEBUG    _get_service_response(REQUEST|fastran_FPP_000001@Driver@1|FRAMEWORK@Framework@0|76)
2026-04-01 14:34:42,020 DAKOTA_BRIDGE_Driver_1 DEBUG    _get_service_response(REQUEST|fastran_FPP_000001@Driver@1|FRAMEWORK@Framework@0|76), response = ServiceResponseMessage(sender_id=FRAMEWORK@Framework@0, receiver_id=fastran_FPP_000001@Driver@1, request_msg_id=REQUEST|fastran_FPP_000001@Driver@1|FRAMEWORK@Framework@0|76,status=0, args=({2: {'_IPS_DYNAMIC_SIMULATION': []}},), message_id=RESPONSE|FRAMEWORK@Framework@0|fastran_FPP_000001@Driver@1|590)
2026-04-01 14:34:42,521 DAKOTA_BRIDGE_Driver_1 DEBUG    _invoke_service(): processEvents  (2,)
2026-04-01 14:34:42,521 DAKOTA_BRIDGE_Driver_1 DEBUG    _get_service_response(REQUEST|fastran_FPP_000001@Driver@1|FRAMEWORK@Framework@0|77)
2026-04-01 14:34:42,532 DAKOTA_BRIDGE_Driver_1 DEBUG    _get_service_response(REQUEST|fastran_FPP_000001@Driver@1|FRAMEWORK@Framework@0|77), response = ServiceResponseMessage(sender_id=FRAMEWORK@Framework@0, receiver_id=fastran_FPP_000001@Driver@1, request_msg_id=REQUEST|fastran_FPP_000001@Driver@1|FRAMEWORK@Framework@0|77,status=0, args=({2: {'_IPS_DYNAMIC_SIMULATION': []}},), message_id=RESPONSE|FRAMEWORK@Framework@0|fastran_FPP_000001@Driver@1|607)
2026-04-01 14:34:43,032 DAKOTA_BRIDGE_Driver_1 DEBUG    _invoke_service(): processEvents  (2,)
2026-04-01 14:34:43,033 DAKOTA_BRIDGE_Driver_1 DEBUG    _get_service_response(REQUEST|fastran_FPP_000001@Driver@1|FRAMEWORK@Framework@0|78)
2026-04-01 14:34:43,044 DAKOTA_BRIDGE_Driver_1 DEBUG    _get_service_response(REQUEST|fastran_FPP_000001@Driver@1|FRAMEWORK@Framework@0|78), response = ServiceResponseMessage(sender_id=FRAMEWORK@Framework@0, receiver_id=fastran_FPP_000001@Driver@1, request_msg_id=REQUEST|fastran_FPP_000001@Driver@1|FRAMEWORK@Framework@0|78,status=0, args=({2: {'_IPS_DYNAMIC_SIMULATION': []}},), message_id=RESPONSE|FRAMEWORK@Framework@0|fastran_FPP_000001@Driver@1|609)
2026-04-01 14:34:43,544 DAKOTA_BRIDGE_Driver_1 DEBUG    _invoke_service(): processEvents  (2,)
2026-04-01 14:34:43,544 DAKOTA_BRIDGE_Driver_1 DEBUG    _get_service_response(REQUEST|fastran_FPP_000001@Driver@1|FRAMEWORK@Framework@0|79)
2026-04-01 14:34:43,555 DAKOTA_BRIDGE_Driver_1 DEBUG    _get_service_response(REQUEST|fastran_FPP_000001@Driver@1|FRAMEWORK@Framework@0|79), response = ServiceResponseMessage(sender_id=FRAMEWORK@Framework@0, receiver_id=fastran_FPP_000001@Driver@1, request_msg_id=REQUEST|fastran_FPP_000001@Driver@1|FRAMEWORK@Framework@0|79,status=0, args=({2: {'_IPS_DYNAMIC_SIMULATION': []}},), message_id=RESPONSE|FRAMEWORK@Framework@0|fastran_FPP_000001@Driver@1|611)
2026-04-01 14:34:44,056 DAKOTA_BRIDGE_Driver_1 DEBUG    _invoke_service(): processEvents  (2,)
2026-04-01 14:34:44,056 DAKOTA_BRIDGE_Driver_1 DEBUG    _get_service_response(REQUEST|fastran_FPP_000001@Driver@1|FRAMEWORK@Framework@0|80)
2026-04-01 14:34:44,067 DAKOTA_BRIDGE_Driver_1 DEBUG    _get_service_response(REQUEST|fastran_FPP_000001@Driver@1|FRAMEWORK@Framework@0|80), response = ServiceResponseMessage(sender_id=FRAMEWORK@Framework@0, receiver_id=fastran_FPP_000001@Driver@1, request_msg_id=REQUEST|fastran_FPP_000001@Driver@1|FRAMEWORK@Framework@0|80,status=0, args=({2: {'_IPS_DYNAMIC_SIMULATION': []}},), message_id=RESPONSE|FRAMEWORK@Framework@0|fastran_FPP_000001@Driver@1|613)
2026-04-01 14:34:44,568 DAKOTA_BRIDGE_Driver_1 DEBUG    _invoke_service(): processEvents  (2,)
2026-04-01 14:34:44,568 DAKOTA_BRIDGE_Driver_1 DEBUG    _get_service_response(REQUEST|fastran_FPP_000001@Driver@1|FRAMEWORK@Framework@0|81)
2026-04-01 14:34:44,579 DAKOTA_BRIDGE_Driver_1 DEBUG    _get_service_response(REQUEST|fastran_FPP_000001@Driver@1|FRAMEWORK@Framework@0|81), response = ServiceResponseMessage(sender_id=FRAMEWORK@Framework@0, receiver_id=fastran_FPP_000001@Driver@1, request_msg_id=REQUEST|fastran_FPP_000001@Driver@1|FRAMEWORK@Framework@0|81,status=0, args=({2: {'_IPS_DYNAMIC_SIMULATION': []}},), message_id=RESPONSE|FRAMEWORK@Framework@0|fastran_FPP_000001@Driver@1|615)
2026-04-01 14:34:45,080 DAKOTA_BRIDGE_Driver_1 DEBUG    _invoke_service(): processEvents  (2,)
2026-04-01 14:34:45,080 DAKOTA_BRIDGE_Driver_1 DEBUG    _get_service_response(REQUEST|fastran_FPP_000001@Driver@1|FRAMEWORK@Framework@0|82)
2026-04-01 14:34:45,091 DAKOTA_BRIDGE_Driver_1 DEBUG    _get_service_response(REQUEST|fastran_FPP_000001@Driver@1|FRAMEWORK@Framework@0|82), response = ServiceResponseMessage(sender_id=FRAMEWORK@Framework@0, receiver_id=fastran_FPP_000001@Driver@1, request_msg_id=REQUEST|fastran_FPP_000001@Driver@1|FRAMEWORK@Framework@0|82,status=0, args=({2: {'_IPS_DYNAMIC_SIMULATION': []}},), message_id=RESPONSE|FRAMEWORK@Framework@0|fastran_FPP_000001@Driver@1|665)
2026-04-01 14:34:45,591 DAKOTA_BRIDGE_Driver_1 DEBUG    _invoke_service(): processEvents  (2,)
2026-04-01 14:34:45,591 DAKOTA_BRIDGE_Driver_1 DEBUG    _get_service_response(REQUEST|fastran_FPP_000001@Driver@1|FRAMEWORK@Framework@0|83)
2026-04-01 14:34:45,602 DAKOTA_BRIDGE_Driver_1 DEBUG    _get_service_response(REQUEST|fastran_FPP_000001@Driver@1|FRAMEWORK@Framework@0|83), response = ServiceResponseMessage(sender_id=FRAMEWORK@Framework@0, receiver_id=fastran_FPP_000001@Driver@1, request_msg_id=REQUEST|fastran_FPP_000001@Driver@1|FRAMEWORK@Framework@0|83,status=0, args=({2: {'_IPS_DYNAMIC_SIMULATION': []}},), message_id=RESPONSE|FRAMEWORK@Framework@0|fastran_FPP_000001@Driver@1|676)
2026-04-01 14:34:46,103 DAKOTA_BRIDGE_Driver_1 DEBUG    _invoke_service(): processEvents  (2,)
2026-04-01 14:34:46,103 DAKOTA_BRIDGE_Driver_1 DEBUG    _get_service_response(REQUEST|fastran_FPP_000001@Driver@1|FRAMEWORK@Framework@0|84)
2026-04-01 14:34:46,114 DAKOTA_BRIDGE_Driver_1 DEBUG    _get_service_response(REQUEST|fastran_FPP_000001@Driver@1|FRAMEWORK@Framework@0|84), response = ServiceResponseMessage(sender_id=FRAMEWORK@Framework@0, receiver_id=fastran_FPP_000001@Driver@1, request_msg_id=REQUEST|fastran_FPP_000001@Driver@1|FRAMEWORK@Framework@0|84,status=0, args=({2: {'_IPS_DYNAMIC_SIMULATION': []}},), message_id=RESPONSE|FRAMEWORK@Framework@0|fastran_FPP_000001@Driver@1|678)
2026-04-01 14:34:46,615 DAKOTA_BRIDGE_Driver_1 DEBUG    _invoke_service(): processEvents  (2,)
2026-04-01 14:34:46,615 DAKOTA_BRIDGE_Driver_1 DEBUG    _get_service_response(REQUEST|fastran_FPP_000001@Driver@1|FRAMEWORK@Framework@0|85)
2026-04-01 14:34:46,626 DAKOTA_BRIDGE_Driver_1 DEBUG    _get_service_response(REQUEST|fastran_FPP_000001@Driver@1|FRAMEWORK@Framework@0|85), response = ServiceResponseMessage(sender_id=FRAMEWORK@Framework@0, receiver_id=fastran_FPP_000001@Driver@1, request_msg_id=REQUEST|fastran_FPP_000001@Driver@1|FRAMEWORK@Framework@0|85,status=0, args=({2: {'_IPS_DYNAMIC_SIMULATION': []}},), message_id=RESPONSE|FRAMEWORK@Framework@0|fastran_FPP_000001@Driver@1|680)
2026-04-01 14:34:47,127 DAKOTA_BRIDGE_Driver_1 DEBUG    _invoke_service(): processEvents  (2,)
2026-04-01 14:34:47,127 DAKOTA_BRIDGE_Driver_1 DEBUG    _get_service_response(REQUEST|fastran_FPP_000001@Driver@1|FRAMEWORK@Framework@0|86)
2026-04-01 14:34:47,138 DAKOTA_BRIDGE_Driver_1 DEBUG    _get_service_response(REQUEST|fastran_FPP_000001@Driver@1|FRAMEWORK@Framework@0|86), response = ServiceResponseMessage(sender_id=FRAMEWORK@Framework@0, receiver_id=fastran_FPP_000001@Driver@1, request_msg_id=REQUEST|fastran_FPP_000001@Driver@1|FRAMEWORK@Framework@0|86,status=0, args=({2: {'_IPS_DYNAMIC_SIMULATION': []}},), message_id=RESPONSE|FRAMEWORK@Framework@0|fastran_FPP_000001@Driver@1|682)
2026-04-01 14:34:47,638 DAKOTA_BRIDGE_Driver_1 DEBUG    _invoke_service(): processEvents  (2,)
2026-04-01 14:34:47,639 DAKOTA_BRIDGE_Driver_1 DEBUG    _get_service_response(REQUEST|fastran_FPP_000001@Driver@1|FRAMEWORK@Framework@0|87)
2026-04-01 14:34:47,650 DAKOTA_BRIDGE_Driver_1 DEBUG    _get_service_response(REQUEST|fastran_FPP_000001@Driver@1|FRAMEWORK@Framework@0|87), response = ServiceResponseMessage(sender_id=FRAMEWORK@Framework@0, receiver_id=fastran_FPP_000001@Driver@1, request_msg_id=REQUEST|fastran_FPP_000001@Driver@1|FRAMEWORK@Framework@0|87,status=0, args=({2: {'_IPS_DYNAMIC_SIMULATION': []}},), message_id=RESPONSE|FRAMEWORK@Framework@0|fastran_FPP_000001@Driver@1|684)
2026-04-01 14:34:48,150 DAKOTA_BRIDGE_Driver_1 DEBUG    _invoke_service(): processEvents  (2,)
2026-04-01 14:34:48,151 DAKOTA_BRIDGE_Driver_1 DEBUG    _get_service_response(REQUEST|fastran_FPP_000001@Driver@1|FRAMEWORK@Framework@0|88)
2026-04-01 14:34:48,161 DAKOTA_BRIDGE_Driver_1 DEBUG    _get_service_response(REQUEST|fastran_FPP_000001@Driver@1|FRAMEWORK@Framework@0|88), response = ServiceResponseMessage(sender_id=FRAMEWORK@Framework@0, receiver_id=fastran_FPP_000001@Driver@1, request_msg_id=REQUEST|fastran_FPP_000001@Driver@1|FRAMEWORK@Framework@0|88,status=0, args=({2: {'_IPS_DYNAMIC_SIMULATION': []}},), message_id=RESPONSE|FRAMEWORK@Framework@0|fastran_FPP_000001@Driver@1|686)
2026-04-01 14:34:48,662 DAKOTA_BRIDGE_Driver_1 DEBUG    _invoke_service(): processEvents  (2,)
2026-04-01 14:34:48,663 DAKOTA_BRIDGE_Driver_1 DEBUG    _get_service_response(REQUEST|fastran_FPP_000001@Driver@1|FRAMEWORK@Framework@0|89)
2026-04-01 14:34:48,675 DAKOTA_BRIDGE_Driver_1 DEBUG    _get_service_response(REQUEST|fastran_FPP_000001@Driver@1|FRAMEWORK@Framework@0|89), response = ServiceResponseMessage(sender_id=FRAMEWORK@Framework@0, receiver_id=fastran_FPP_000001@Driver@1, request_msg_id=REQUEST|fastran_FPP_000001@Driver@1|FRAMEWORK@Framework@0|89,status=0, args=({2: {'_IPS_DYNAMIC_SIMULATION': []}},), message_id=RESPONSE|FRAMEWORK@Framework@0|fastran_FPP_000001@Driver@1|688)
2026-04-01 14:34:49,176 DAKOTA_BRIDGE_Driver_1 DEBUG    _invoke_service(): processEvents  (2,)
2026-04-01 14:34:49,176 DAKOTA_BRIDGE_Driver_1 DEBUG    _get_service_response(REQUEST|fastran_FPP_000001@Driver@1|FRAMEWORK@Framework@0|90)
2026-04-01 14:34:49,187 DAKOTA_BRIDGE_Driver_1 DEBUG    _get_service_response(REQUEST|fastran_FPP_000001@Driver@1|FRAMEWORK@Framework@0|90), response = ServiceResponseMessage(sender_id=FRAMEWORK@Framework@0, receiver_id=fastran_FPP_000001@Driver@1, request_msg_id=REQUEST|fastran_FPP_000001@Driver@1|FRAMEWORK@Framework@0|90,status=0, args=({2: {'_IPS_DYNAMIC_SIMULATION': []}},), message_id=RESPONSE|FRAMEWORK@Framework@0|fastran_FPP_000001@Driver@1|690)
2026-04-01 14:34:49,688 DAKOTA_BRIDGE_Driver_1 DEBUG    _invoke_service(): processEvents  (2,)
2026-04-01 14:34:49,688 DAKOTA_BRIDGE_Driver_1 DEBUG    _get_service_response(REQUEST|fastran_FPP_000001@Driver@1|FRAMEWORK@Framework@0|91)
2026-04-01 14:34:49,699 DAKOTA_BRIDGE_Driver_1 DEBUG    _get_service_response(REQUEST|fastran_FPP_000001@Driver@1|FRAMEWORK@Framework@0|91), response = ServiceResponseMessage(sender_id=FRAMEWORK@Framework@0, receiver_id=fastran_FPP_000001@Driver@1, request_msg_id=REQUEST|fastran_FPP_000001@Driver@1|FRAMEWORK@Framework@0|91,status=0, args=({2: {'_IPS_DYNAMIC_SIMULATION': []}},), message_id=RESPONSE|FRAMEWORK@Framework@0|fastran_FPP_000001@Driver@1|692)
2026-04-01 14:34:50,199 DAKOTA_BRIDGE_Driver_1 DEBUG    _invoke_service(): processEvents  (2,)
2026-04-01 14:34:50,200 DAKOTA_BRIDGE_Driver_1 DEBUG    _get_service_response(REQUEST|fastran_FPP_000001@Driver@1|FRAMEWORK@Framework@0|92)
2026-04-01 14:34:50,211 DAKOTA_BRIDGE_Driver_1 DEBUG    _get_service_response(REQUEST|fastran_FPP_000001@Driver@1|FRAMEWORK@Framework@0|92), response = ServiceResponseMessage(sender_id=FRAMEWORK@Framework@0, receiver_id=fastran_FPP_000001@Driver@1, request_msg_id=REQUEST|fastran_FPP_000001@Driver@1|FRAMEWORK@Framework@0|92,status=0, args=({2: {'_IPS_DYNAMIC_SIMULATION': []}},), message_id=RESPONSE|FRAMEWORK@Framework@0|fastran_FPP_000001@Driver@1|694)
2026-04-01 14:34:50,712 DAKOTA_BRIDGE_Driver_1 DEBUG    _invoke_service(): processEvents  (2,)
2026-04-01 14:34:50,712 DAKOTA_BRIDGE_Driver_1 DEBUG    _get_service_response(REQUEST|fastran_FPP_000001@Driver@1|FRAMEWORK@Framework@0|93)
2026-04-01 14:34:50,723 DAKOTA_BRIDGE_Driver_1 DEBUG    _get_service_response(REQUEST|fastran_FPP_000001@Driver@1|FRAMEWORK@Framework@0|93), response = ServiceResponseMessage(sender_id=FRAMEWORK@Framework@0, receiver_id=fastran_FPP_000001@Driver@1, request_msg_id=REQUEST|fastran_FPP_000001@Driver@1|FRAMEWORK@Framework@0|93,status=0, args=({2: {'_IPS_DYNAMIC_SIMULATION': []}},), message_id=RESPONSE|FRAMEWORK@Framework@0|fastran_FPP_000001@Driver@1|696)
2026-04-01 14:34:51,224 DAKOTA_BRIDGE_Driver_1 DEBUG    _invoke_service(): processEvents  (2,)
2026-04-01 14:34:51,225 DAKOTA_BRIDGE_Driver_1 DEBUG    _get_service_response(REQUEST|fastran_FPP_000001@Driver@1|FRAMEWORK@Framework@0|94)
2026-04-01 14:34:51,236 DAKOTA_BRIDGE_Driver_1 DEBUG    _get_service_response(REQUEST|fastran_FPP_000001@Driver@1|FRAMEWORK@Framework@0|94), response = ServiceResponseMessage(sender_id=FRAMEWORK@Framework@0, receiver_id=fastran_FPP_000001@Driver@1, request_msg_id=REQUEST|fastran_FPP_000001@Driver@1|FRAMEWORK@Framework@0|94,status=0, args=({2: {'_IPS_DYNAMIC_SIMULATION': []}},), message_id=RESPONSE|FRAMEWORK@Framework@0|fastran_FPP_000001@Driver@1|698)
2026-04-01 14:34:51,737 DAKOTA_BRIDGE_Driver_1 DEBUG    _invoke_service(): processEvents  (2,)
2026-04-01 14:34:51,737 DAKOTA_BRIDGE_Driver_1 DEBUG    _get_service_response(REQUEST|fastran_FPP_000001@Driver@1|FRAMEWORK@Framework@0|95)
2026-04-01 14:34:51,749 DAKOTA_BRIDGE_Driver_1 DEBUG    _get_service_response(REQUEST|fastran_FPP_000001@Driver@1|FRAMEWORK@Framework@0|95), response = ServiceResponseMessage(sender_id=FRAMEWORK@Framework@0, receiver_id=fastran_FPP_000001@Driver@1, request_msg_id=REQUEST|fastran_FPP_000001@Driver@1|FRAMEWORK@Framework@0|95,status=0, args=({2: {'_IPS_DYNAMIC_SIMULATION': []}},), message_id=RESPONSE|FRAMEWORK@Framework@0|fastran_FPP_000001@Driver@1|700)
2026-04-01 14:34:52,250 DAKOTA_BRIDGE_Driver_1 DEBUG    _invoke_service(): processEvents  (2,)
2026-04-01 14:34:52,250 DAKOTA_BRIDGE_Driver_1 DEBUG    _get_service_response(REQUEST|fastran_FPP_000001@Driver@1|FRAMEWORK@Framework@0|96)
2026-04-01 14:34:52,261 DAKOTA_BRIDGE_Driver_1 DEBUG    _get_service_response(REQUEST|fastran_FPP_000001@Driver@1|FRAMEWORK@Framework@0|96), response = ServiceResponseMessage(sender_id=FRAMEWORK@Framework@0, receiver_id=fastran_FPP_000001@Driver@1, request_msg_id=REQUEST|fastran_FPP_000001@Driver@1|FRAMEWORK@Framework@0|96,status=0, args=({2: {'_IPS_DYNAMIC_SIMULATION': []}},), message_id=RESPONSE|FRAMEWORK@Framework@0|fastran_FPP_000001@Driver@1|702)
2026-04-01 14:34:52,761 DAKOTA_BRIDGE_Driver_1 DEBUG    _invoke_service(): processEvents  (2,)
2026-04-01 14:34:52,762 DAKOTA_BRIDGE_Driver_1 DEBUG    _get_service_response(REQUEST|fastran_FPP_000001@Driver@1|FRAMEWORK@Framework@0|97)
2026-04-01 14:34:52,772 DAKOTA_BRIDGE_Driver_1 DEBUG    _get_service_response(REQUEST|fastran_FPP_000001@Driver@1|FRAMEWORK@Framework@0|97), response = ServiceResponseMessage(sender_id=FRAMEWORK@Framework@0, receiver_id=fastran_FPP_000001@Driver@1, request_msg_id=REQUEST|fastran_FPP_000001@Driver@1|FRAMEWORK@Framework@0|97,status=0, args=({2: {'_IPS_DYNAMIC_SIMULATION': []}},), message_id=RESPONSE|FRAMEWORK@Framework@0|fastran_FPP_000001@Driver@1|704)
2026-04-01 14:34:53,273 DAKOTA_BRIDGE_Driver_1 DEBUG    _invoke_service(): processEvents  (2,)
2026-04-01 14:34:53,274 DAKOTA_BRIDGE_Driver_1 DEBUG    _get_service_response(REQUEST|fastran_FPP_000001@Driver@1|FRAMEWORK@Framework@0|98)
2026-04-01 14:34:53,286 DAKOTA_BRIDGE_Driver_1 DEBUG    _get_service_response(REQUEST|fastran_FPP_000001@Driver@1|FRAMEWORK@Framework@0|98), response = ServiceResponseMessage(sender_id=FRAMEWORK@Framework@0, receiver_id=fastran_FPP_000001@Driver@1, request_msg_id=REQUEST|fastran_FPP_000001@Driver@1|FRAMEWORK@Framework@0|98,status=0, args=({2: {'_IPS_DYNAMIC_SIMULATION': []}},), message_id=RESPONSE|FRAMEWORK@Framework@0|fastran_FPP_000001@Driver@1|706)
2026-04-01 14:34:53,786 DAKOTA_BRIDGE_Driver_1 DEBUG    _invoke_service(): processEvents  (2,)
2026-04-01 14:34:53,787 DAKOTA_BRIDGE_Driver_1 DEBUG    _get_service_response(REQUEST|fastran_FPP_000001@Driver@1|FRAMEWORK@Framework@0|99)
2026-04-01 14:34:53,798 DAKOTA_BRIDGE_Driver_1 DEBUG    _get_service_response(REQUEST|fastran_FPP_000001@Driver@1|FRAMEWORK@Framework@0|99), response = ServiceResponseMessage(sender_id=FRAMEWORK@Framework@0, receiver_id=fastran_FPP_000001@Driver@1, request_msg_id=REQUEST|fastran_FPP_000001@Driver@1|FRAMEWORK@Framework@0|99,status=0, args=({2: {'_IPS_DYNAMIC_SIMULATION': []}},), message_id=RESPONSE|FRAMEWORK@Framework@0|fastran_FPP_000001@Driver@1|708)
2026-04-01 14:34:54,298 DAKOTA_BRIDGE_Driver_1 DEBUG    _invoke_service(): processEvents  (2,)
2026-04-01 14:34:54,299 DAKOTA_BRIDGE_Driver_1 DEBUG    _get_service_response(REQUEST|fastran_FPP_000001@Driver@1|FRAMEWORK@Framework@0|100)
2026-04-01 14:34:54,309 DAKOTA_BRIDGE_Driver_1 DEBUG    _get_service_response(REQUEST|fastran_FPP_000001@Driver@1|FRAMEWORK@Framework@0|100), response = ServiceResponseMessage(sender_id=FRAMEWORK@Framework@0, receiver_id=fastran_FPP_000001@Driver@1, request_msg_id=REQUEST|fastran_FPP_000001@Driver@1|FRAMEWORK@Framework@0|100,status=0, args=({2: {'_IPS_DYNAMIC_SIMULATION': []}},), message_id=RESPONSE|FRAMEWORK@Framework@0|fastran_FPP_000001@Driver@1|710)
2026-04-01 14:34:54,811 DAKOTA_BRIDGE_Driver_1 DEBUG    _invoke_service(): processEvents  (2,)
2026-04-01 14:34:54,811 DAKOTA_BRIDGE_Driver_1 DEBUG    _get_service_response(REQUEST|fastran_FPP_000001@Driver@1|FRAMEWORK@Framework@0|101)
2026-04-01 14:34:54,823 DAKOTA_BRIDGE_Driver_1 DEBUG    _get_service_response(REQUEST|fastran_FPP_000001@Driver@1|FRAMEWORK@Framework@0|101), response = ServiceResponseMessage(sender_id=FRAMEWORK@Framework@0, receiver_id=fastran_FPP_000001@Driver@1, request_msg_id=REQUEST|fastran_FPP_000001@Driver@1|FRAMEWORK@Framework@0|101,status=0, args=({2: {'_IPS_DYNAMIC_SIMULATION': []}},), message_id=RESPONSE|FRAMEWORK@Framework@0|fastran_FPP_000001@Driver@1|712)
2026-04-01 14:34:55,324 DAKOTA_BRIDGE_Driver_1 DEBUG    _invoke_service(): processEvents  (2,)
2026-04-01 14:34:55,324 DAKOTA_BRIDGE_Driver_1 DEBUG    _get_service_response(REQUEST|fastran_FPP_000001@Driver@1|FRAMEWORK@Framework@0|102)
2026-04-01 14:34:55,336 DAKOTA_BRIDGE_Driver_1 DEBUG    _get_service_response(REQUEST|fastran_FPP_000001@Driver@1|FRAMEWORK@Framework@0|102), response = ServiceResponseMessage(sender_id=FRAMEWORK@Framework@0, receiver_id=fastran_FPP_000001@Driver@1, request_msg_id=REQUEST|fastran_FPP_000001@Driver@1|FRAMEWORK@Framework@0|102,status=0, args=({2: {'_IPS_DYNAMIC_SIMULATION': []}},), message_id=RESPONSE|FRAMEWORK@Framework@0|fastran_FPP_000001@Driver@1|714)
2026-04-01 14:34:55,837 DAKOTA_BRIDGE_Driver_1 DEBUG    _invoke_service(): processEvents  (2,)
2026-04-01 14:34:55,837 DAKOTA_BRIDGE_Driver_1 DEBUG    _get_service_response(REQUEST|fastran_FPP_000001@Driver@1|FRAMEWORK@Framework@0|103)
2026-04-01 14:34:55,848 DAKOTA_BRIDGE_Driver_1 DEBUG    _get_service_response(REQUEST|fastran_FPP_000001@Driver@1|FRAMEWORK@Framework@0|103), response = ServiceResponseMessage(sender_id=FRAMEWORK@Framework@0, receiver_id=fastran_FPP_000001@Driver@1, request_msg_id=REQUEST|fastran_FPP_000001@Driver@1|FRAMEWORK@Framework@0|103,status=0, args=({2: {'_IPS_DYNAMIC_SIMULATION': []}},), message_id=RESPONSE|FRAMEWORK@Framework@0|fastran_FPP_000001@Driver@1|716)
2026-04-01 14:34:56,349 DAKOTA_BRIDGE_Driver_1 DEBUG    _invoke_service(): processEvents  (2,)
2026-04-01 14:34:56,349 DAKOTA_BRIDGE_Driver_1 DEBUG    _get_service_response(REQUEST|fastran_FPP_000001@Driver@1|FRAMEWORK@Framework@0|104)
2026-04-01 14:34:56,360 DAKOTA_BRIDGE_Driver_1 DEBUG    _get_service_response(REQUEST|fastran_FPP_000001@Driver@1|FRAMEWORK@Framework@0|104), response = ServiceResponseMessage(sender_id=FRAMEWORK@Framework@0, receiver_id=fastran_FPP_000001@Driver@1, request_msg_id=REQUEST|fastran_FPP_000001@Driver@1|FRAMEWORK@Framework@0|104,status=0, args=({2: {'_IPS_DYNAMIC_SIMULATION': []}},), message_id=RESPONSE|FRAMEWORK@Framework@0|fastran_FPP_000001@Driver@1|718)
2026-04-01 14:34:56,861 DAKOTA_BRIDGE_Driver_1 DEBUG    _invoke_service(): processEvents  (2,)
2026-04-01 14:34:56,861 DAKOTA_BRIDGE_Driver_1 DEBUG    _get_service_response(REQUEST|fastran_FPP_000001@Driver@1|FRAMEWORK@Framework@0|105)
2026-04-01 14:34:56,873 DAKOTA_BRIDGE_Driver_1 DEBUG    _get_service_response(REQUEST|fastran_FPP_000001@Driver@1|FRAMEWORK@Framework@0|105), response = ServiceResponseMessage(sender_id=FRAMEWORK@Framework@0, receiver_id=fastran_FPP_000001@Driver@1, request_msg_id=REQUEST|fastran_FPP_000001@Driver@1|FRAMEWORK@Framework@0|105,status=0, args=({2: {'_IPS_DYNAMIC_SIMULATION': []}},), message_id=RESPONSE|FRAMEWORK@Framework@0|fastran_FPP_000001@Driver@1|720)
2026-04-01 14:34:57,373 DAKOTA_BRIDGE_Driver_1 DEBUG    _invoke_service(): processEvents  (2,)
2026-04-01 14:34:57,374 DAKOTA_BRIDGE_Driver_1 DEBUG    _get_service_response(REQUEST|fastran_FPP_000001@Driver@1|FRAMEWORK@Framework@0|106)
2026-04-01 14:34:57,384 DAKOTA_BRIDGE_Driver_1 DEBUG    _get_service_response(REQUEST|fastran_FPP_000001@Driver@1|FRAMEWORK@Framework@0|106), response = ServiceResponseMessage(sender_id=FRAMEWORK@Framework@0, receiver_id=fastran_FPP_000001@Driver@1, request_msg_id=REQUEST|fastran_FPP_000001@Driver@1|FRAMEWORK@Framework@0|106,status=0, args=({2: {'_IPS_DYNAMIC_SIMULATION': []}},), message_id=RESPONSE|FRAMEWORK@Framework@0|fastran_FPP_000001@Driver@1|722)
2026-04-01 14:34:57,885 DAKOTA_BRIDGE_Driver_1 DEBUG    _invoke_service(): processEvents  (2,)
2026-04-01 14:34:57,885 DAKOTA_BRIDGE_Driver_1 DEBUG    _get_service_response(REQUEST|fastran_FPP_000001@Driver@1|FRAMEWORK@Framework@0|107)
2026-04-01 14:34:57,897 DAKOTA_BRIDGE_Driver_1 DEBUG    _get_service_response(REQUEST|fastran_FPP_000001@Driver@1|FRAMEWORK@Framework@0|107), response = ServiceResponseMessage(sender_id=FRAMEWORK@Framework@0, receiver_id=fastran_FPP_000001@Driver@1, request_msg_id=REQUEST|fastran_FPP_000001@Driver@1|FRAMEWORK@Framework@0|107,status=0, args=({2: {'_IPS_DYNAMIC_SIMULATION': []}},), message_id=RESPONSE|FRAMEWORK@Framework@0|fastran_FPP_000001@Driver@1|724)
2026-04-01 14:34:58,398 DAKOTA_BRIDGE_Driver_1 DEBUG    _invoke_service(): processEvents  (2,)
2026-04-01 14:34:58,398 DAKOTA_BRIDGE_Driver_1 DEBUG    _get_service_response(REQUEST|fastran_FPP_000001@Driver@1|FRAMEWORK@Framework@0|108)
2026-04-01 14:34:58,410 DAKOTA_BRIDGE_Driver_1 DEBUG    _get_service_response(REQUEST|fastran_FPP_000001@Driver@1|FRAMEWORK@Framework@0|108), response = ServiceResponseMessage(sender_id=FRAMEWORK@Framework@0, receiver_id=fastran_FPP_000001@Driver@1, request_msg_id=REQUEST|fastran_FPP_000001@Driver@1|FRAMEWORK@Framework@0|108,status=0, args=({2: {'_IPS_DYNAMIC_SIMULATION': []}},), message_id=RESPONSE|FRAMEWORK@Framework@0|fastran_FPP_000001@Driver@1|726)
2026-04-01 14:34:58,911 DAKOTA_BRIDGE_Driver_1 DEBUG    _invoke_service(): processEvents  (2,)
2026-04-01 14:34:58,911 DAKOTA_BRIDGE_Driver_1 DEBUG    _get_service_response(REQUEST|fastran_FPP_000001@Driver@1|FRAMEWORK@Framework@0|109)
2026-04-01 14:34:58,922 DAKOTA_BRIDGE_Driver_1 DEBUG    _get_service_response(REQUEST|fastran_FPP_000001@Driver@1|FRAMEWORK@Framework@0|109), response = ServiceResponseMessage(sender_id=FRAMEWORK@Framework@0, receiver_id=fastran_FPP_000001@Driver@1, request_msg_id=REQUEST|fastran_FPP_000001@Driver@1|FRAMEWORK@Framework@0|109,status=0, args=({2: {'_IPS_DYNAMIC_SIMULATION': []}},), message_id=RESPONSE|FRAMEWORK@Framework@0|fastran_FPP_000001@Driver@1|728)
2026-04-01 14:34:59,423 DAKOTA_BRIDGE_Driver_1 DEBUG    _invoke_service(): processEvents  (2,)
2026-04-01 14:34:59,423 DAKOTA_BRIDGE_Driver_1 DEBUG    _get_service_response(REQUEST|fastran_FPP_000001@Driver@1|FRAMEWORK@Framework@0|110)
2026-04-01 14:34:59,434 DAKOTA_BRIDGE_Driver_1 DEBUG    _get_service_response(REQUEST|fastran_FPP_000001@Driver@1|FRAMEWORK@Framework@0|110), response = ServiceResponseMessage(sender_id=FRAMEWORK@Framework@0, receiver_id=fastran_FPP_000001@Driver@1, request_msg_id=REQUEST|fastran_FPP_000001@Driver@1|FRAMEWORK@Framework@0|110,status=0, args=({2: {'_IPS_DYNAMIC_SIMULATION': []}},), message_id=RESPONSE|FRAMEWORK@Framework@0|fastran_FPP_000001@Driver@1|730)
2026-04-01 14:34:59,935 DAKOTA_BRIDGE_Driver_1 DEBUG    _invoke_service(): processEvents  (2,)
2026-04-01 14:34:59,935 DAKOTA_BRIDGE_Driver_1 DEBUG    _get_service_response(REQUEST|fastran_FPP_000001@Driver@1|FRAMEWORK@Framework@0|111)
2026-04-01 14:34:59,946 DAKOTA_BRIDGE_Driver_1 DEBUG    _get_service_response(REQUEST|fastran_FPP_000001@Driver@1|FRAMEWORK@Framework@0|111), response = ServiceResponseMessage(sender_id=FRAMEWORK@Framework@0, receiver_id=fastran_FPP_000001@Driver@1, request_msg_id=REQUEST|fastran_FPP_000001@Driver@1|FRAMEWORK@Framework@0|111,status=0, args=({2: {'_IPS_DYNAMIC_SIMULATION': []}},), message_id=RESPONSE|FRAMEWORK@Framework@0|fastran_FPP_000001@Driver@1|732)
2026-04-01 14:35:00,447 DAKOTA_BRIDGE_Driver_1 DEBUG    _invoke_service(): processEvents  (2,)
2026-04-01 14:35:00,447 DAKOTA_BRIDGE_Driver_1 DEBUG    _get_service_response(REQUEST|fastran_FPP_000001@Driver@1|FRAMEWORK@Framework@0|112)
2026-04-01 14:35:00,459 DAKOTA_BRIDGE_Driver_1 DEBUG    _get_service_response(REQUEST|fastran_FPP_000001@Driver@1|FRAMEWORK@Framework@0|112), response = ServiceResponseMessage(sender_id=FRAMEWORK@Framework@0, receiver_id=fastran_FPP_000001@Driver@1, request_msg_id=REQUEST|fastran_FPP_000001@Driver@1|FRAMEWORK@Framework@0|112,status=0, args=({2: {'_IPS_DYNAMIC_SIMULATION': []}},), message_id=RESPONSE|FRAMEWORK@Framework@0|fastran_FPP_000001@Driver@1|734)
2026-04-01 14:35:00,960 DAKOTA_BRIDGE_Driver_1 DEBUG    _invoke_service(): processEvents  (2,)
2026-04-01 14:35:00,960 DAKOTA_BRIDGE_Driver_1 DEBUG    _get_service_response(REQUEST|fastran_FPP_000001@Driver@1|FRAMEWORK@Framework@0|113)
2026-04-01 14:35:00,971 DAKOTA_BRIDGE_Driver_1 DEBUG    _get_service_response(REQUEST|fastran_FPP_000001@Driver@1|FRAMEWORK@Framework@0|113), response = ServiceResponseMessage(sender_id=FRAMEWORK@Framework@0, receiver_id=fastran_FPP_000001@Driver@1, request_msg_id=REQUEST|fastran_FPP_000001@Driver@1|FRAMEWORK@Framework@0|113,status=0, args=({2: {'_IPS_DYNAMIC_SIMULATION': []}},), message_id=RESPONSE|FRAMEWORK@Framework@0|fastran_FPP_000001@Driver@1|736)
2026-04-01 14:35:01,471 DAKOTA_BRIDGE_Driver_1 DEBUG    _invoke_service(): processEvents  (2,)
2026-04-01 14:35:01,472 DAKOTA_BRIDGE_Driver_1 DEBUG    _get_service_response(REQUEST|fastran_FPP_000001@Driver@1|FRAMEWORK@Framework@0|114)
2026-04-01 14:35:01,483 DAKOTA_BRIDGE_Driver_1 DEBUG    _get_service_response(REQUEST|fastran_FPP_000001@Driver@1|FRAMEWORK@Framework@0|114), response = ServiceResponseMessage(sender_id=FRAMEWORK@Framework@0, receiver_id=fastran_FPP_000001@Driver@1, request_msg_id=REQUEST|fastran_FPP_000001@Driver@1|FRAMEWORK@Framework@0|114,status=0, args=({2: {'_IPS_DYNAMIC_SIMULATION': []}},), message_id=RESPONSE|FRAMEWORK@Framework@0|fastran_FPP_000001@Driver@1|738)
2026-04-01 14:35:01,984 DAKOTA_BRIDGE_Driver_1 DEBUG    _invoke_service(): processEvents  (2,)
2026-04-01 14:35:01,984 DAKOTA_BRIDGE_Driver_1 DEBUG    _get_service_response(REQUEST|fastran_FPP_000001@Driver@1|FRAMEWORK@Framework@0|115)
2026-04-01 14:35:01,996 DAKOTA_BRIDGE_Driver_1 DEBUG    _get_service_response(REQUEST|fastran_FPP_000001@Driver@1|FRAMEWORK@Framework@0|115), response = ServiceResponseMessage(sender_id=FRAMEWORK@Framework@0, receiver_id=fastran_FPP_000001@Driver@1, request_msg_id=REQUEST|fastran_FPP_000001@Driver@1|FRAMEWORK@Framework@0|115,status=0, args=({2: {'_IPS_DYNAMIC_SIMULATION': []}},), message_id=RESPONSE|FRAMEWORK@Framework@0|fastran_FPP_000001@Driver@1|740)
2026-04-01 14:35:02,497 DAKOTA_BRIDGE_Driver_1 DEBUG    _invoke_service(): processEvents  (2,)
2026-04-01 14:35:02,498 DAKOTA_BRIDGE_Driver_1 DEBUG    _get_service_response(REQUEST|fastran_FPP_000001@Driver@1|FRAMEWORK@Framework@0|116)
2026-04-01 14:35:02,509 DAKOTA_BRIDGE_Driver_1 DEBUG    _get_service_response(REQUEST|fastran_FPP_000001@Driver@1|FRAMEWORK@Framework@0|116), response = ServiceResponseMessage(sender_id=FRAMEWORK@Framework@0, receiver_id=fastran_FPP_000001@Driver@1, request_msg_id=REQUEST|fastran_FPP_000001@Driver@1|FRAMEWORK@Framework@0|116,status=0, args=({2: {'_IPS_DYNAMIC_SIMULATION': []}},), message_id=RESPONSE|FRAMEWORK@Framework@0|fastran_FPP_000001@Driver@1|742)
2026-04-01 14:35:03,010 DAKOTA_BRIDGE_Driver_1 DEBUG    _invoke_service(): processEvents  (2,)
2026-04-01 14:35:03,010 DAKOTA_BRIDGE_Driver_1 DEBUG    _get_service_response(REQUEST|fastran_FPP_000001@Driver@1|FRAMEWORK@Framework@0|117)
2026-04-01 14:35:03,021 DAKOTA_BRIDGE_Driver_1 DEBUG    _get_service_response(REQUEST|fastran_FPP_000001@Driver@1|FRAMEWORK@Framework@0|117), response = ServiceResponseMessage(sender_id=FRAMEWORK@Framework@0, receiver_id=fastran_FPP_000001@Driver@1, request_msg_id=REQUEST|fastran_FPP_000001@Driver@1|FRAMEWORK@Framework@0|117,status=0, args=({2: {'_IPS_DYNAMIC_SIMULATION': []}},), message_id=RESPONSE|FRAMEWORK@Framework@0|fastran_FPP_000001@Driver@1|744)
2026-04-01 14:35:03,522 DAKOTA_BRIDGE_Driver_1 DEBUG    _invoke_service(): processEvents  (2,)
2026-04-01 14:35:03,522 DAKOTA_BRIDGE_Driver_1 DEBUG    _get_service_response(REQUEST|fastran_FPP_000001@Driver@1|FRAMEWORK@Framework@0|118)
2026-04-01 14:35:03,533 DAKOTA_BRIDGE_Driver_1 DEBUG    _get_service_response(REQUEST|fastran_FPP_000001@Driver@1|FRAMEWORK@Framework@0|118), response = ServiceResponseMessage(sender_id=FRAMEWORK@Framework@0, receiver_id=fastran_FPP_000001@Driver@1, request_msg_id=REQUEST|fastran_FPP_000001@Driver@1|FRAMEWORK@Framework@0|118,status=0, args=({2: {'_IPS_DYNAMIC_SIMULATION': []}},), message_id=RESPONSE|FRAMEWORK@Framework@0|fastran_FPP_000001@Driver@1|746)
2026-04-01 14:35:04,034 DAKOTA_BRIDGE_Driver_1 DEBUG    _invoke_service(): processEvents  (2,)
2026-04-01 14:35:04,034 DAKOTA_BRIDGE_Driver_1 DEBUG    _get_service_response(REQUEST|fastran_FPP_000001@Driver@1|FRAMEWORK@Framework@0|119)
2026-04-01 14:35:04,046 DAKOTA_BRIDGE_Driver_1 DEBUG    _get_service_response(REQUEST|fastran_FPP_000001@Driver@1|FRAMEWORK@Framework@0|119), response = ServiceResponseMessage(sender_id=FRAMEWORK@Framework@0, receiver_id=fastran_FPP_000001@Driver@1, request_msg_id=REQUEST|fastran_FPP_000001@Driver@1|FRAMEWORK@Framework@0|119,status=0, args=({2: {'_IPS_DYNAMIC_SIMULATION': []}},), message_id=RESPONSE|FRAMEWORK@Framework@0|fastran_FPP_000001@Driver@1|748)
2026-04-01 14:35:04,547 DAKOTA_BRIDGE_Driver_1 DEBUG    _invoke_service(): processEvents  (2,)
2026-04-01 14:35:04,547 DAKOTA_BRIDGE_Driver_1 DEBUG    _get_service_response(REQUEST|fastran_FPP_000001@Driver@1|FRAMEWORK@Framework@0|120)
2026-04-01 14:35:04,559 DAKOTA_BRIDGE_Driver_1 DEBUG    _get_service_response(REQUEST|fastran_FPP_000001@Driver@1|FRAMEWORK@Framework@0|120), response = ServiceResponseMessage(sender_id=FRAMEWORK@Framework@0, receiver_id=fastran_FPP_000001@Driver@1, request_msg_id=REQUEST|fastran_FPP_000001@Driver@1|FRAMEWORK@Framework@0|120,status=0, args=({2: {'_IPS_DYNAMIC_SIMULATION': []}},), message_id=RESPONSE|FRAMEWORK@Framework@0|fastran_FPP_000001@Driver@1|750)
2026-04-01 14:35:05,060 DAKOTA_BRIDGE_Driver_1 DEBUG    _invoke_service(): processEvents  (2,)
2026-04-01 14:35:05,061 DAKOTA_BRIDGE_Driver_1 DEBUG    _get_service_response(REQUEST|fastran_FPP_000001@Driver@1|FRAMEWORK@Framework@0|121)
2026-04-01 14:35:05,072 DAKOTA_BRIDGE_Driver_1 DEBUG    _get_service_response(REQUEST|fastran_FPP_000001@Driver@1|FRAMEWORK@Framework@0|121), response = ServiceResponseMessage(sender_id=FRAMEWORK@Framework@0, receiver_id=fastran_FPP_000001@Driver@1, request_msg_id=REQUEST|fastran_FPP_000001@Driver@1|FRAMEWORK@Framework@0|121,status=0, args=({2: {'_IPS_DYNAMIC_SIMULATION': []}},), message_id=RESPONSE|FRAMEWORK@Framework@0|fastran_FPP_000001@Driver@1|752)
2026-04-01 14:35:05,573 DAKOTA_BRIDGE_Driver_1 DEBUG    _invoke_service(): processEvents  (2,)
2026-04-01 14:35:05,573 DAKOTA_BRIDGE_Driver_1 DEBUG    _get_service_response(REQUEST|fastran_FPP_000001@Driver@1|FRAMEWORK@Framework@0|122)
2026-04-01 14:35:05,584 DAKOTA_BRIDGE_Driver_1 DEBUG    _get_service_response(REQUEST|fastran_FPP_000001@Driver@1|FRAMEWORK@Framework@0|122), response = ServiceResponseMessage(sender_id=FRAMEWORK@Framework@0, receiver_id=fastran_FPP_000001@Driver@1, request_msg_id=REQUEST|fastran_FPP_000001@Driver@1|FRAMEWORK@Framework@0|122,status=0, args=({2: {'_IPS_DYNAMIC_SIMULATION': []}},), message_id=RESPONSE|FRAMEWORK@Framework@0|fastran_FPP_000001@Driver@1|754)
2026-04-01 14:35:06,085 DAKOTA_BRIDGE_Driver_1 DEBUG    _invoke_service(): processEvents  (2,)
2026-04-01 14:35:06,085 DAKOTA_BRIDGE_Driver_1 DEBUG    _get_service_response(REQUEST|fastran_FPP_000001@Driver@1|FRAMEWORK@Framework@0|123)
2026-04-01 14:35:06,096 DAKOTA_BRIDGE_Driver_1 DEBUG    _get_service_response(REQUEST|fastran_FPP_000001@Driver@1|FRAMEWORK@Framework@0|123), response = ServiceResponseMessage(sender_id=FRAMEWORK@Framework@0, receiver_id=fastran_FPP_000001@Driver@1, request_msg_id=REQUEST|fastran_FPP_000001@Driver@1|FRAMEWORK@Framework@0|123,status=0, args=({2: {'_IPS_DYNAMIC_SIMULATION': []}},), message_id=RESPONSE|FRAMEWORK@Framework@0|fastran_FPP_000001@Driver@1|756)
2026-04-01 14:35:06,597 DAKOTA_BRIDGE_Driver_1 DEBUG    _invoke_service(): processEvents  (2,)
2026-04-01 14:35:06,597 DAKOTA_BRIDGE_Driver_1 DEBUG    _get_service_response(REQUEST|fastran_FPP_000001@Driver@1|FRAMEWORK@Framework@0|124)
2026-04-01 14:35:06,609 DAKOTA_BRIDGE_Driver_1 DEBUG    _get_service_response(REQUEST|fastran_FPP_000001@Driver@1|FRAMEWORK@Framework@0|124), response = ServiceResponseMessage(sender_id=FRAMEWORK@Framework@0, receiver_id=fastran_FPP_000001@Driver@1, request_msg_id=REQUEST|fastran_FPP_000001@Driver@1|FRAMEWORK@Framework@0|124,status=0, args=({2: {'_IPS_DYNAMIC_SIMULATION': []}},), message_id=RESPONSE|FRAMEWORK@Framework@0|fastran_FPP_000001@Driver@1|758)
2026-04-01 14:35:07,110 DAKOTA_BRIDGE_Driver_1 DEBUG    _invoke_service(): processEvents  (2,)
2026-04-01 14:35:07,110 DAKOTA_BRIDGE_Driver_1 DEBUG    _get_service_response(REQUEST|fastran_FPP_000001@Driver@1|FRAMEWORK@Framework@0|125)
2026-04-01 14:35:07,121 DAKOTA_BRIDGE_Driver_1 DEBUG    _get_service_response(REQUEST|fastran_FPP_000001@Driver@1|FRAMEWORK@Framework@0|125), response = ServiceResponseMessage(sender_id=FRAMEWORK@Framework@0, receiver_id=fastran_FPP_000001@Driver@1, request_msg_id=REQUEST|fastran_FPP_000001@Driver@1|FRAMEWORK@Framework@0|125,status=0, args=({2: {'_IPS_DYNAMIC_SIMULATION': []}},), message_id=RESPONSE|FRAMEWORK@Framework@0|fastran_FPP_000001@Driver@1|760)
2026-04-01 14:35:07,622 DAKOTA_BRIDGE_Driver_1 DEBUG    _invoke_service(): processEvents  (2,)
2026-04-01 14:35:07,622 DAKOTA_BRIDGE_Driver_1 DEBUG    _get_service_response(REQUEST|fastran_FPP_000001@Driver@1|FRAMEWORK@Framework@0|126)
2026-04-01 14:35:07,633 DAKOTA_BRIDGE_Driver_1 DEBUG    _get_service_response(REQUEST|fastran_FPP_000001@Driver@1|FRAMEWORK@Framework@0|126), response = ServiceResponseMessage(sender_id=FRAMEWORK@Framework@0, receiver_id=fastran_FPP_000001@Driver@1, request_msg_id=REQUEST|fastran_FPP_000001@Driver@1|FRAMEWORK@Framework@0|126,status=0, args=({2: {'_IPS_DYNAMIC_SIMULATION': []}},), message_id=RESPONSE|FRAMEWORK@Framework@0|fastran_FPP_000001@Driver@1|762)
2026-04-01 14:35:08,134 DAKOTA_BRIDGE_Driver_1 DEBUG    _invoke_service(): processEvents  (2,)
2026-04-01 14:35:08,134 DAKOTA_BRIDGE_Driver_1 DEBUG    _get_service_response(REQUEST|fastran_FPP_000001@Driver@1|FRAMEWORK@Framework@0|127)
2026-04-01 14:35:08,146 DAKOTA_BRIDGE_Driver_1 DEBUG    _get_service_response(REQUEST|fastran_FPP_000001@Driver@1|FRAMEWORK@Framework@0|127), response = ServiceResponseMessage(sender_id=FRAMEWORK@Framework@0, receiver_id=fastran_FPP_000001@Driver@1, request_msg_id=REQUEST|fastran_FPP_000001@Driver@1|FRAMEWORK@Framework@0|127,status=0, args=({2: {'_IPS_DYNAMIC_SIMULATION': []}},), message_id=RESPONSE|FRAMEWORK@Framework@0|fastran_FPP_000001@Driver@1|764)
2026-04-01 14:35:08,647 DAKOTA_BRIDGE_Driver_1 DEBUG    _invoke_service(): processEvents  (2,)
2026-04-01 14:35:08,648 DAKOTA_BRIDGE_Driver_1 DEBUG    _get_service_response(REQUEST|fastran_FPP_000001@Driver@1|FRAMEWORK@Framework@0|128)
2026-04-01 14:35:08,659 DAKOTA_BRIDGE_Driver_1 DEBUG    _get_service_response(REQUEST|fastran_FPP_000001@Driver@1|FRAMEWORK@Framework@0|128), response = ServiceResponseMessage(sender_id=FRAMEWORK@Framework@0, receiver_id=fastran_FPP_000001@Driver@1, request_msg_id=REQUEST|fastran_FPP_000001@Driver@1|FRAMEWORK@Framework@0|128,status=0, args=({2: {'_IPS_DYNAMIC_SIMULATION': []}},), message_id=RESPONSE|FRAMEWORK@Framework@0|fastran_FPP_000001@Driver@1|766)
2026-04-01 14:35:09,160 DAKOTA_BRIDGE_Driver_1 DEBUG    _invoke_service(): processEvents  (2,)
2026-04-01 14:35:09,160 DAKOTA_BRIDGE_Driver_1 DEBUG    _get_service_response(REQUEST|fastran_FPP_000001@Driver@1|FRAMEWORK@Framework@0|129)
2026-04-01 14:35:09,171 DAKOTA_BRIDGE_Driver_1 DEBUG    _get_service_response(REQUEST|fastran_FPP_000001@Driver@1|FRAMEWORK@Framework@0|129), response = ServiceResponseMessage(sender_id=FRAMEWORK@Framework@0, receiver_id=fastran_FPP_000001@Driver@1, request_msg_id=REQUEST|fastran_FPP_000001@Driver@1|FRAMEWORK@Framework@0|129,status=0, args=({2: {'_IPS_DYNAMIC_SIMULATION': []}},), message_id=RESPONSE|FRAMEWORK@Framework@0|fastran_FPP_000001@Driver@1|768)
2026-04-01 14:35:09,672 DAKOTA_BRIDGE_Driver_1 DEBUG    _invoke_service(): processEvents  (2,)
2026-04-01 14:35:09,672 DAKOTA_BRIDGE_Driver_1 DEBUG    _get_service_response(REQUEST|fastran_FPP_000001@Driver@1|FRAMEWORK@Framework@0|130)
2026-04-01 14:35:09,683 DAKOTA_BRIDGE_Driver_1 DEBUG    _get_service_response(REQUEST|fastran_FPP_000001@Driver@1|FRAMEWORK@Framework@0|130), response = ServiceResponseMessage(sender_id=FRAMEWORK@Framework@0, receiver_id=fastran_FPP_000001@Driver@1, request_msg_id=REQUEST|fastran_FPP_000001@Driver@1|FRAMEWORK@Framework@0|130,status=0, args=({2: {'_IPS_DYNAMIC_SIMULATION': []}},), message_id=RESPONSE|FRAMEWORK@Framework@0|fastran_FPP_000001@Driver@1|770)
2026-04-01 14:35:10,184 DAKOTA_BRIDGE_Driver_1 DEBUG    _invoke_service(): processEvents  (2,)
2026-04-01 14:35:10,184 DAKOTA_BRIDGE_Driver_1 DEBUG    _get_service_response(REQUEST|fastran_FPP_000001@Driver@1|FRAMEWORK@Framework@0|131)
2026-04-01 14:35:10,195 DAKOTA_BRIDGE_Driver_1 DEBUG    _get_service_response(REQUEST|fastran_FPP_000001@Driver@1|FRAMEWORK@Framework@0|131), response = ServiceResponseMessage(sender_id=FRAMEWORK@Framework@0, receiver_id=fastran_FPP_000001@Driver@1, request_msg_id=REQUEST|fastran_FPP_000001@Driver@1|FRAMEWORK@Framework@0|131,status=0, args=({2: {'_IPS_DYNAMIC_SIMULATION': []}},), message_id=RESPONSE|FRAMEWORK@Framework@0|fastran_FPP_000001@Driver@1|772)
2026-04-01 14:35:10,696 DAKOTA_BRIDGE_Driver_1 DEBUG    _invoke_service(): processEvents  (2,)
2026-04-01 14:35:10,696 DAKOTA_BRIDGE_Driver_1 DEBUG    _get_service_response(REQUEST|fastran_FPP_000001@Driver@1|FRAMEWORK@Framework@0|132)
2026-04-01 14:35:10,707 DAKOTA_BRIDGE_Driver_1 DEBUG    _get_service_response(REQUEST|fastran_FPP_000001@Driver@1|FRAMEWORK@Framework@0|132), response = ServiceResponseMessage(sender_id=FRAMEWORK@Framework@0, receiver_id=fastran_FPP_000001@Driver@1, request_msg_id=REQUEST|fastran_FPP_000001@Driver@1|FRAMEWORK@Framework@0|132,status=0, args=({2: {'_IPS_DYNAMIC_SIMULATION': []}},), message_id=RESPONSE|FRAMEWORK@Framework@0|fastran_FPP_000001@Driver@1|774)
2026-04-01 14:35:11,208 DAKOTA_BRIDGE_Driver_1 DEBUG    _invoke_service(): processEvents  (2,)
2026-04-01 14:35:11,208 DAKOTA_BRIDGE_Driver_1 DEBUG    _get_service_response(REQUEST|fastran_FPP_000001@Driver@1|FRAMEWORK@Framework@0|133)
2026-04-01 14:35:11,220 DAKOTA_BRIDGE_Driver_1 DEBUG    _get_service_response(REQUEST|fastran_FPP_000001@Driver@1|FRAMEWORK@Framework@0|133), response = ServiceResponseMessage(sender_id=FRAMEWORK@Framework@0, receiver_id=fastran_FPP_000001@Driver@1, request_msg_id=REQUEST|fastran_FPP_000001@Driver@1|FRAMEWORK@Framework@0|133,status=0, args=({2: {'_IPS_DYNAMIC_SIMULATION': []}},), message_id=RESPONSE|FRAMEWORK@Framework@0|fastran_FPP_000001@Driver@1|776)
2026-04-01 14:35:11,721 DAKOTA_BRIDGE_Driver_1 DEBUG    _invoke_service(): processEvents  (2,)
2026-04-01 14:35:11,721 DAKOTA_BRIDGE_Driver_1 DEBUG    _get_service_response(REQUEST|fastran_FPP_000001@Driver@1|FRAMEWORK@Framework@0|134)
2026-04-01 14:35:11,733 DAKOTA_BRIDGE_Driver_1 DEBUG    _get_service_response(REQUEST|fastran_FPP_000001@Driver@1|FRAMEWORK@Framework@0|134), response = ServiceResponseMessage(sender_id=FRAMEWORK@Framework@0, receiver_id=fastran_FPP_000001@Driver@1, request_msg_id=REQUEST|fastran_FPP_000001@Driver@1|FRAMEWORK@Framework@0|134,status=0, args=({2: {'_IPS_DYNAMIC_SIMULATION': []}},), message_id=RESPONSE|FRAMEWORK@Framework@0|fastran_FPP_000001@Driver@1|778)
2026-04-01 14:35:12,234 DAKOTA_BRIDGE_Driver_1 DEBUG    _invoke_service(): processEvents  (2,)
2026-04-01 14:35:12,234 DAKOTA_BRIDGE_Driver_1 DEBUG    _get_service_response(REQUEST|fastran_FPP_000001@Driver@1|FRAMEWORK@Framework@0|135)
2026-04-01 14:35:12,245 DAKOTA_BRIDGE_Driver_1 DEBUG    _get_service_response(REQUEST|fastran_FPP_000001@Driver@1|FRAMEWORK@Framework@0|135), response = ServiceResponseMessage(sender_id=FRAMEWORK@Framework@0, receiver_id=fastran_FPP_000001@Driver@1, request_msg_id=REQUEST|fastran_FPP_000001@Driver@1|FRAMEWORK@Framework@0|135,status=0, args=({2: {'_IPS_DYNAMIC_SIMULATION': []}},), message_id=RESPONSE|FRAMEWORK@Framework@0|fastran_FPP_000001@Driver@1|780)
2026-04-01 14:35:12,746 DAKOTA_BRIDGE_Driver_1 DEBUG    _invoke_service(): processEvents  (2,)
2026-04-01 14:35:12,746 DAKOTA_BRIDGE_Driver_1 DEBUG    _get_service_response(REQUEST|fastran_FPP_000001@Driver@1|FRAMEWORK@Framework@0|136)
2026-04-01 14:35:12,757 DAKOTA_BRIDGE_Driver_1 DEBUG    _get_service_response(REQUEST|fastran_FPP_000001@Driver@1|FRAMEWORK@Framework@0|136), response = ServiceResponseMessage(sender_id=FRAMEWORK@Framework@0, receiver_id=fastran_FPP_000001@Driver@1, request_msg_id=REQUEST|fastran_FPP_000001@Driver@1|FRAMEWORK@Framework@0|136,status=0, args=({2: {'_IPS_DYNAMIC_SIMULATION': []}},), message_id=RESPONSE|FRAMEWORK@Framework@0|fastran_FPP_000001@Driver@1|782)
2026-04-01 14:35:13,258 DAKOTA_BRIDGE_Driver_1 DEBUG    _invoke_service(): processEvents  (2,)
2026-04-01 14:35:13,258 DAKOTA_BRIDGE_Driver_1 DEBUG    _get_service_response(REQUEST|fastran_FPP_000001@Driver@1|FRAMEWORK@Framework@0|137)
2026-04-01 14:35:13,269 DAKOTA_BRIDGE_Driver_1 DEBUG    _get_service_response(REQUEST|fastran_FPP_000001@Driver@1|FRAMEWORK@Framework@0|137), response = ServiceResponseMessage(sender_id=FRAMEWORK@Framework@0, receiver_id=fastran_FPP_000001@Driver@1, request_msg_id=REQUEST|fastran_FPP_000001@Driver@1|FRAMEWORK@Framework@0|137,status=0, args=({2: {'_IPS_DYNAMIC_SIMULATION': []}},), message_id=RESPONSE|FRAMEWORK@Framework@0|fastran_FPP_000001@Driver@1|784)
2026-04-01 14:35:13,770 DAKOTA_BRIDGE_Driver_1 DEBUG    _invoke_service(): processEvents  (2,)
2026-04-01 14:35:13,770 DAKOTA_BRIDGE_Driver_1 DEBUG    _get_service_response(REQUEST|fastran_FPP_000001@Driver@1|FRAMEWORK@Framework@0|138)
2026-04-01 14:35:13,782 DAKOTA_BRIDGE_Driver_1 DEBUG    _get_service_response(REQUEST|fastran_FPP_000001@Driver@1|FRAMEWORK@Framework@0|138), response = ServiceResponseMessage(sender_id=FRAMEWORK@Framework@0, receiver_id=fastran_FPP_000001@Driver@1, request_msg_id=REQUEST|fastran_FPP_000001@Driver@1|FRAMEWORK@Framework@0|138,status=0, args=({2: {'_IPS_DYNAMIC_SIMULATION': []}},), message_id=RESPONSE|FRAMEWORK@Framework@0|fastran_FPP_000001@Driver@1|786)
2026-04-01 14:35:14,282 DAKOTA_BRIDGE_Driver_1 DEBUG    _invoke_service(): processEvents  (2,)
2026-04-01 14:35:14,283 DAKOTA_BRIDGE_Driver_1 DEBUG    _get_service_response(REQUEST|fastran_FPP_000001@Driver@1|FRAMEWORK@Framework@0|139)
2026-04-01 14:35:14,293 DAKOTA_BRIDGE_Driver_1 DEBUG    _get_service_response(REQUEST|fastran_FPP_000001@Driver@1|FRAMEWORK@Framework@0|139), response = ServiceResponseMessage(sender_id=FRAMEWORK@Framework@0, receiver_id=fastran_FPP_000001@Driver@1, request_msg_id=REQUEST|fastran_FPP_000001@Driver@1|FRAMEWORK@Framework@0|139,status=0, args=({2: {'_IPS_DYNAMIC_SIMULATION': []}},), message_id=RESPONSE|FRAMEWORK@Framework@0|fastran_FPP_000001@Driver@1|788)
2026-04-01 14:35:14,794 DAKOTA_BRIDGE_Driver_1 DEBUG    _invoke_service(): processEvents  (2,)
2026-04-01 14:35:14,794 DAKOTA_BRIDGE_Driver_1 DEBUG    _get_service_response(REQUEST|fastran_FPP_000001@Driver@1|FRAMEWORK@Framework@0|140)
2026-04-01 14:35:14,805 DAKOTA_BRIDGE_Driver_1 DEBUG    _get_service_response(REQUEST|fastran_FPP_000001@Driver@1|FRAMEWORK@Framework@0|140), response = ServiceResponseMessage(sender_id=FRAMEWORK@Framework@0, receiver_id=fastran_FPP_000001@Driver@1, request_msg_id=REQUEST|fastran_FPP_000001@Driver@1|FRAMEWORK@Framework@0|140,status=0, args=({2: {'_IPS_DYNAMIC_SIMULATION': []}},), message_id=RESPONSE|FRAMEWORK@Framework@0|fastran_FPP_000001@Driver@1|790)
2026-04-01 14:35:15,306 DAKOTA_BRIDGE_Driver_1 DEBUG    _invoke_service(): processEvents  (2,)
2026-04-01 14:35:15,307 DAKOTA_BRIDGE_Driver_1 DEBUG    _get_service_response(REQUEST|fastran_FPP_000001@Driver@1|FRAMEWORK@Framework@0|141)
2026-04-01 14:35:15,318 DAKOTA_BRIDGE_Driver_1 DEBUG    _get_service_response(REQUEST|fastran_FPP_000001@Driver@1|FRAMEWORK@Framework@0|141), response = ServiceResponseMessage(sender_id=FRAMEWORK@Framework@0, receiver_id=fastran_FPP_000001@Driver@1, request_msg_id=REQUEST|fastran_FPP_000001@Driver@1|FRAMEWORK@Framework@0|141,status=0, args=({2: {'_IPS_DYNAMIC_SIMULATION': []}},), message_id=RESPONSE|FRAMEWORK@Framework@0|fastran_FPP_000001@Driver@1|792)
2026-04-01 14:35:15,820 DAKOTA_BRIDGE_Driver_1 DEBUG    _invoke_service(): processEvents  (2,)
2026-04-01 14:35:15,820 DAKOTA_BRIDGE_Driver_1 DEBUG    _get_service_response(REQUEST|fastran_FPP_000001@Driver@1|FRAMEWORK@Framework@0|142)
2026-04-01 14:35:15,831 DAKOTA_BRIDGE_Driver_1 DEBUG    _get_service_response(REQUEST|fastran_FPP_000001@Driver@1|FRAMEWORK@Framework@0|142), response = ServiceResponseMessage(sender_id=FRAMEWORK@Framework@0, receiver_id=fastran_FPP_000001@Driver@1, request_msg_id=REQUEST|fastran_FPP_000001@Driver@1|FRAMEWORK@Framework@0|142,status=0, args=({2: {'_IPS_DYNAMIC_SIMULATION': []}},), message_id=RESPONSE|FRAMEWORK@Framework@0|fastran_FPP_000001@Driver@1|794)
2026-04-01 14:35:16,332 DAKOTA_BRIDGE_Driver_1 DEBUG    _invoke_service(): processEvents  (2,)
2026-04-01 14:35:16,332 DAKOTA_BRIDGE_Driver_1 DEBUG    _get_service_response(REQUEST|fastran_FPP_000001@Driver@1|FRAMEWORK@Framework@0|143)
2026-04-01 14:35:16,343 DAKOTA_BRIDGE_Driver_1 DEBUG    _get_service_response(REQUEST|fastran_FPP_000001@Driver@1|FRAMEWORK@Framework@0|143), response = ServiceResponseMessage(sender_id=FRAMEWORK@Framework@0, receiver_id=fastran_FPP_000001@Driver@1, request_msg_id=REQUEST|fastran_FPP_000001@Driver@1|FRAMEWORK@Framework@0|143,status=0, args=({2: {'_IPS_DYNAMIC_SIMULATION': []}},), message_id=RESPONSE|FRAMEWORK@Framework@0|fastran_FPP_000001@Driver@1|796)
2026-04-01 14:35:16,844 DAKOTA_BRIDGE_Driver_1 DEBUG    _invoke_service(): processEvents  (2,)
2026-04-01 14:35:16,844 DAKOTA_BRIDGE_Driver_1 DEBUG    _get_service_response(REQUEST|fastran_FPP_000001@Driver@1|FRAMEWORK@Framework@0|144)
2026-04-01 14:35:16,855 DAKOTA_BRIDGE_Driver_1 DEBUG    _get_service_response(REQUEST|fastran_FPP_000001@Driver@1|FRAMEWORK@Framework@0|144), response = ServiceResponseMessage(sender_id=FRAMEWORK@Framework@0, receiver_id=fastran_FPP_000001@Driver@1, request_msg_id=REQUEST|fastran_FPP_000001@Driver@1|FRAMEWORK@Framework@0|144,status=0, args=({2: {'_IPS_DYNAMIC_SIMULATION': []}},), message_id=RESPONSE|FRAMEWORK@Framework@0|fastran_FPP_000001@Driver@1|798)
2026-04-01 14:35:17,356 DAKOTA_BRIDGE_Driver_1 DEBUG    _invoke_service(): processEvents  (2,)
2026-04-01 14:35:17,357 DAKOTA_BRIDGE_Driver_1 DEBUG    _get_service_response(REQUEST|fastran_FPP_000001@Driver@1|FRAMEWORK@Framework@0|145)
2026-04-01 14:35:17,368 DAKOTA_BRIDGE_Driver_1 DEBUG    _get_service_response(REQUEST|fastran_FPP_000001@Driver@1|FRAMEWORK@Framework@0|145), response = ServiceResponseMessage(sender_id=FRAMEWORK@Framework@0, receiver_id=fastran_FPP_000001@Driver@1, request_msg_id=REQUEST|fastran_FPP_000001@Driver@1|FRAMEWORK@Framework@0|145,status=0, args=({2: {'_IPS_DYNAMIC_SIMULATION': []}},), message_id=RESPONSE|FRAMEWORK@Framework@0|fastran_FPP_000001@Driver@1|800)
2026-04-01 14:35:17,869 DAKOTA_BRIDGE_Driver_1 DEBUG    _invoke_service(): processEvents  (2,)
2026-04-01 14:35:17,869 DAKOTA_BRIDGE_Driver_1 DEBUG    _get_service_response(REQUEST|fastran_FPP_000001@Driver@1|FRAMEWORK@Framework@0|146)
2026-04-01 14:35:17,880 DAKOTA_BRIDGE_Driver_1 DEBUG    _get_service_response(REQUEST|fastran_FPP_000001@Driver@1|FRAMEWORK@Framework@0|146), response = ServiceResponseMessage(sender_id=FRAMEWORK@Framework@0, receiver_id=fastran_FPP_000001@Driver@1, request_msg_id=REQUEST|fastran_FPP_000001@Driver@1|FRAMEWORK@Framework@0|146,status=0, args=({2: {'_IPS_DYNAMIC_SIMULATION': []}},), message_id=RESPONSE|FRAMEWORK@Framework@0|fastran_FPP_000001@Driver@1|802)
2026-04-01 14:35:18,381 DAKOTA_BRIDGE_Driver_1 DEBUG    _invoke_service(): processEvents  (2,)
2026-04-01 14:35:18,381 DAKOTA_BRIDGE_Driver_1 DEBUG    _get_service_response(REQUEST|fastran_FPP_000001@Driver@1|FRAMEWORK@Framework@0|147)
2026-04-01 14:35:18,392 DAKOTA_BRIDGE_Driver_1 DEBUG    _get_service_response(REQUEST|fastran_FPP_000001@Driver@1|FRAMEWORK@Framework@0|147), response = ServiceResponseMessage(sender_id=FRAMEWORK@Framework@0, receiver_id=fastran_FPP_000001@Driver@1, request_msg_id=REQUEST|fastran_FPP_000001@Driver@1|FRAMEWORK@Framework@0|147,status=0, args=({2: {'_IPS_DYNAMIC_SIMULATION': []}},), message_id=RESPONSE|FRAMEWORK@Framework@0|fastran_FPP_000001@Driver@1|804)
2026-04-01 14:35:18,893 DAKOTA_BRIDGE_Driver_1 DEBUG    _invoke_service(): processEvents  (2,)
2026-04-01 14:35:18,893 DAKOTA_BRIDGE_Driver_1 DEBUG    _get_service_response(REQUEST|fastran_FPP_000001@Driver@1|FRAMEWORK@Framework@0|148)
2026-04-01 14:35:18,905 DAKOTA_BRIDGE_Driver_1 DEBUG    _get_service_response(REQUEST|fastran_FPP_000001@Driver@1|FRAMEWORK@Framework@0|148), response = ServiceResponseMessage(sender_id=FRAMEWORK@Framework@0, receiver_id=fastran_FPP_000001@Driver@1, request_msg_id=REQUEST|fastran_FPP_000001@Driver@1|FRAMEWORK@Framework@0|148,status=0, args=({2: {'_IPS_DYNAMIC_SIMULATION': []}},), message_id=RESPONSE|FRAMEWORK@Framework@0|fastran_FPP_000001@Driver@1|806)
2026-04-01 14:35:19,405 DAKOTA_BRIDGE_Driver_1 DEBUG    _invoke_service(): processEvents  (2,)
2026-04-01 14:35:19,406 DAKOTA_BRIDGE_Driver_1 DEBUG    _get_service_response(REQUEST|fastran_FPP_000001@Driver@1|FRAMEWORK@Framework@0|149)
2026-04-01 14:35:19,416 DAKOTA_BRIDGE_Driver_1 DEBUG    _get_service_response(REQUEST|fastran_FPP_000001@Driver@1|FRAMEWORK@Framework@0|149), response = ServiceResponseMessage(sender_id=FRAMEWORK@Framework@0, receiver_id=fastran_FPP_000001@Driver@1, request_msg_id=REQUEST|fastran_FPP_000001@Driver@1|FRAMEWORK@Framework@0|149,status=0, args=({2: {'_IPS_DYNAMIC_SIMULATION': []}},), message_id=RESPONSE|FRAMEWORK@Framework@0|fastran_FPP_000001@Driver@1|808)
2026-04-01 14:35:19,917 DAKOTA_BRIDGE_Driver_1 DEBUG    _invoke_service(): processEvents  (2,)
2026-04-01 14:35:19,917 DAKOTA_BRIDGE_Driver_1 DEBUG    _get_service_response(REQUEST|fastran_FPP_000001@Driver@1|FRAMEWORK@Framework@0|150)
2026-04-01 14:35:19,928 DAKOTA_BRIDGE_Driver_1 DEBUG    _get_service_response(REQUEST|fastran_FPP_000001@Driver@1|FRAMEWORK@Framework@0|150), response = ServiceResponseMessage(sender_id=FRAMEWORK@Framework@0, receiver_id=fastran_FPP_000001@Driver@1, request_msg_id=REQUEST|fastran_FPP_000001@Driver@1|FRAMEWORK@Framework@0|150,status=0, args=({2: {'_IPS_DYNAMIC_SIMULATION': []}},), message_id=RESPONSE|FRAMEWORK@Framework@0|fastran_FPP_000001@Driver@1|810)
2026-04-01 14:35:20,429 DAKOTA_BRIDGE_Driver_1 DEBUG    _invoke_service(): processEvents  (2,)
2026-04-01 14:35:20,430 DAKOTA_BRIDGE_Driver_1 DEBUG    _get_service_response(REQUEST|fastran_FPP_000001@Driver@1|FRAMEWORK@Framework@0|151)
2026-04-01 14:35:20,440 DAKOTA_BRIDGE_Driver_1 DEBUG    _get_service_response(REQUEST|fastran_FPP_000001@Driver@1|FRAMEWORK@Framework@0|151), response = ServiceResponseMessage(sender_id=FRAMEWORK@Framework@0, receiver_id=fastran_FPP_000001@Driver@1, request_msg_id=REQUEST|fastran_FPP_000001@Driver@1|FRAMEWORK@Framework@0|151,status=0, args=({2: {'_IPS_DYNAMIC_SIMULATION': []}},), message_id=RESPONSE|FRAMEWORK@Framework@0|fastran_FPP_000001@Driver@1|812)
2026-04-01 14:35:20,941 DAKOTA_BRIDGE_Driver_1 DEBUG    _invoke_service(): processEvents  (2,)
2026-04-01 14:35:20,941 DAKOTA_BRIDGE_Driver_1 DEBUG    _get_service_response(REQUEST|fastran_FPP_000001@Driver@1|FRAMEWORK@Framework@0|152)
2026-04-01 14:35:20,952 DAKOTA_BRIDGE_Driver_1 DEBUG    _get_service_response(REQUEST|fastran_FPP_000001@Driver@1|FRAMEWORK@Framework@0|152), response = ServiceResponseMessage(sender_id=FRAMEWORK@Framework@0, receiver_id=fastran_FPP_000001@Driver@1, request_msg_id=REQUEST|fastran_FPP_000001@Driver@1|FRAMEWORK@Framework@0|152,status=0, args=({2: {'_IPS_DYNAMIC_SIMULATION': []}},), message_id=RESPONSE|FRAMEWORK@Framework@0|fastran_FPP_000001@Driver@1|814)
2026-04-01 14:35:21,453 DAKOTA_BRIDGE_Driver_1 DEBUG    _invoke_service(): processEvents  (2,)
2026-04-01 14:35:21,453 DAKOTA_BRIDGE_Driver_1 DEBUG    _get_service_response(REQUEST|fastran_FPP_000001@Driver@1|FRAMEWORK@Framework@0|153)
2026-04-01 14:35:21,466 DAKOTA_BRIDGE_Driver_1 DEBUG    _get_service_response(REQUEST|fastran_FPP_000001@Driver@1|FRAMEWORK@Framework@0|153), response = ServiceResponseMessage(sender_id=FRAMEWORK@Framework@0, receiver_id=fastran_FPP_000001@Driver@1, request_msg_id=REQUEST|fastran_FPP_000001@Driver@1|FRAMEWORK@Framework@0|153,status=0, args=({2: {'_IPS_DYNAMIC_SIMULATION': []}},), message_id=RESPONSE|FRAMEWORK@Framework@0|fastran_FPP_000001@Driver@1|816)
2026-04-01 14:35:21,968 DAKOTA_BRIDGE_Driver_1 DEBUG    _invoke_service(): processEvents  (2,)
2026-04-01 14:35:21,968 DAKOTA_BRIDGE_Driver_1 DEBUG    _get_service_response(REQUEST|fastran_FPP_000001@Driver@1|FRAMEWORK@Framework@0|154)
2026-04-01 14:35:21,979 DAKOTA_BRIDGE_Driver_1 DEBUG    _get_service_response(REQUEST|fastran_FPP_000001@Driver@1|FRAMEWORK@Framework@0|154), response = ServiceResponseMessage(sender_id=FRAMEWORK@Framework@0, receiver_id=fastran_FPP_000001@Driver@1, request_msg_id=REQUEST|fastran_FPP_000001@Driver@1|FRAMEWORK@Framework@0|154,status=0, args=({2: {'_IPS_DYNAMIC_SIMULATION': []}},), message_id=RESPONSE|FRAMEWORK@Framework@0|fastran_FPP_000001@Driver@1|818)
2026-04-01 14:35:22,480 DAKOTA_BRIDGE_Driver_1 DEBUG    _invoke_service(): processEvents  (2,)
2026-04-01 14:35:22,481 DAKOTA_BRIDGE_Driver_1 DEBUG    _get_service_response(REQUEST|fastran_FPP_000001@Driver@1|FRAMEWORK@Framework@0|155)
2026-04-01 14:35:22,491 DAKOTA_BRIDGE_Driver_1 DEBUG    _get_service_response(REQUEST|fastran_FPP_000001@Driver@1|FRAMEWORK@Framework@0|155), response = ServiceResponseMessage(sender_id=FRAMEWORK@Framework@0, receiver_id=fastran_FPP_000001@Driver@1, request_msg_id=REQUEST|fastran_FPP_000001@Driver@1|FRAMEWORK@Framework@0|155,status=0, args=({2: {'_IPS_DYNAMIC_SIMULATION': []}},), message_id=RESPONSE|FRAMEWORK@Framework@0|fastran_FPP_000001@Driver@1|820)
2026-04-01 14:35:22,992 DAKOTA_BRIDGE_Driver_1 DEBUG    _invoke_service(): processEvents  (2,)
2026-04-01 14:35:22,992 DAKOTA_BRIDGE_Driver_1 DEBUG    _get_service_response(REQUEST|fastran_FPP_000001@Driver@1|FRAMEWORK@Framework@0|156)
2026-04-01 14:35:23,003 DAKOTA_BRIDGE_Driver_1 DEBUG    _get_service_response(REQUEST|fastran_FPP_000001@Driver@1|FRAMEWORK@Framework@0|156), response = ServiceResponseMessage(sender_id=FRAMEWORK@Framework@0, receiver_id=fastran_FPP_000001@Driver@1, request_msg_id=REQUEST|fastran_FPP_000001@Driver@1|FRAMEWORK@Framework@0|156,status=0, args=({2: {'_IPS_DYNAMIC_SIMULATION': []}},), message_id=RESPONSE|FRAMEWORK@Framework@0|fastran_FPP_000001@Driver@1|822)
2026-04-01 14:35:23,504 DAKOTA_BRIDGE_Driver_1 DEBUG    _invoke_service(): processEvents  (2,)
2026-04-01 14:35:23,504 DAKOTA_BRIDGE_Driver_1 DEBUG    _get_service_response(REQUEST|fastran_FPP_000001@Driver@1|FRAMEWORK@Framework@0|157)
2026-04-01 14:35:23,516 DAKOTA_BRIDGE_Driver_1 DEBUG    _get_service_response(REQUEST|fastran_FPP_000001@Driver@1|FRAMEWORK@Framework@0|157), response = ServiceResponseMessage(sender_id=FRAMEWORK@Framework@0, receiver_id=fastran_FPP_000001@Driver@1, request_msg_id=REQUEST|fastran_FPP_000001@Driver@1|FRAMEWORK@Framework@0|157,status=0, args=({2: {'_IPS_DYNAMIC_SIMULATION': []}},), message_id=RESPONSE|FRAMEWORK@Framework@0|fastran_FPP_000001@Driver@1|824)
2026-04-01 14:35:24,017 DAKOTA_BRIDGE_Driver_1 DEBUG    _invoke_service(): processEvents  (2,)
2026-04-01 14:35:24,017 DAKOTA_BRIDGE_Driver_1 DEBUG    _get_service_response(REQUEST|fastran_FPP_000001@Driver@1|FRAMEWORK@Framework@0|158)
2026-04-01 14:35:24,028 DAKOTA_BRIDGE_Driver_1 DEBUG    _get_service_response(REQUEST|fastran_FPP_000001@Driver@1|FRAMEWORK@Framework@0|158), response = ServiceResponseMessage(sender_id=FRAMEWORK@Framework@0, receiver_id=fastran_FPP_000001@Driver@1, request_msg_id=REQUEST|fastran_FPP_000001@Driver@1|FRAMEWORK@Framework@0|158,status=0, args=({2: {'_IPS_DYNAMIC_SIMULATION': []}},), message_id=RESPONSE|FRAMEWORK@Framework@0|fastran_FPP_000001@Driver@1|826)
2026-04-01 14:35:24,528 DAKOTA_BRIDGE_Driver_1 DEBUG    _invoke_service(): processEvents  (2,)
2026-04-01 14:35:24,529 DAKOTA_BRIDGE_Driver_1 DEBUG    _get_service_response(REQUEST|fastran_FPP_000001@Driver@1|FRAMEWORK@Framework@0|159)
2026-04-01 14:35:24,539 DAKOTA_BRIDGE_Driver_1 DEBUG    _get_service_response(REQUEST|fastran_FPP_000001@Driver@1|FRAMEWORK@Framework@0|159), response = ServiceResponseMessage(sender_id=FRAMEWORK@Framework@0, receiver_id=fastran_FPP_000001@Driver@1, request_msg_id=REQUEST|fastran_FPP_000001@Driver@1|FRAMEWORK@Framework@0|159,status=0, args=({2: {'_IPS_DYNAMIC_SIMULATION': []}},), message_id=RESPONSE|FRAMEWORK@Framework@0|fastran_FPP_000001@Driver@1|828)
2026-04-01 14:35:25,040 DAKOTA_BRIDGE_Driver_1 DEBUG    _invoke_service(): processEvents  (2,)
2026-04-01 14:35:25,041 DAKOTA_BRIDGE_Driver_1 DEBUG    _get_service_response(REQUEST|fastran_FPP_000001@Driver@1|FRAMEWORK@Framework@0|160)
2026-04-01 14:35:25,053 DAKOTA_BRIDGE_Driver_1 DEBUG    _get_service_response(REQUEST|fastran_FPP_000001@Driver@1|FRAMEWORK@Framework@0|160), response = ServiceResponseMessage(sender_id=FRAMEWORK@Framework@0, receiver_id=fastran_FPP_000001@Driver@1, request_msg_id=REQUEST|fastran_FPP_000001@Driver@1|FRAMEWORK@Framework@0|160,status=0, args=({2: {'_IPS_DYNAMIC_SIMULATION': []}},), message_id=RESPONSE|FRAMEWORK@Framework@0|fastran_FPP_000001@Driver@1|830)
2026-04-01 14:35:25,554 DAKOTA_BRIDGE_Driver_1 DEBUG    _invoke_service(): processEvents  (2,)
2026-04-01 14:35:25,554 DAKOTA_BRIDGE_Driver_1 DEBUG    _get_service_response(REQUEST|fastran_FPP_000001@Driver@1|FRAMEWORK@Framework@0|161)
2026-04-01 14:35:25,565 DAKOTA_BRIDGE_Driver_1 DEBUG    _get_service_response(REQUEST|fastran_FPP_000001@Driver@1|FRAMEWORK@Framework@0|161), response = ServiceResponseMessage(sender_id=FRAMEWORK@Framework@0, receiver_id=fastran_FPP_000001@Driver@1, request_msg_id=REQUEST|fastran_FPP_000001@Driver@1|FRAMEWORK@Framework@0|161,status=0, args=({2: {'_IPS_DYNAMIC_SIMULATION': []}},), message_id=RESPONSE|FRAMEWORK@Framework@0|fastran_FPP_000001@Driver@1|832)
2026-04-01 14:35:26,066 DAKOTA_BRIDGE_Driver_1 DEBUG    _invoke_service(): processEvents  (2,)
2026-04-01 14:35:26,066 DAKOTA_BRIDGE_Driver_1 DEBUG    _get_service_response(REQUEST|fastran_FPP_000001@Driver@1|FRAMEWORK@Framework@0|162)
2026-04-01 14:35:26,078 DAKOTA_BRIDGE_Driver_1 DEBUG    _get_service_response(REQUEST|fastran_FPP_000001@Driver@1|FRAMEWORK@Framework@0|162), response = ServiceResponseMessage(sender_id=FRAMEWORK@Framework@0, receiver_id=fastran_FPP_000001@Driver@1, request_msg_id=REQUEST|fastran_FPP_000001@Driver@1|FRAMEWORK@Framework@0|162,status=0, args=({2: {'_IPS_DYNAMIC_SIMULATION': []}},), message_id=RESPONSE|FRAMEWORK@Framework@0|fastran_FPP_000001@Driver@1|834)
2026-04-01 14:35:26,579 DAKOTA_BRIDGE_Driver_1 DEBUG    _invoke_service(): processEvents  (2,)
2026-04-01 14:35:26,579 DAKOTA_BRIDGE_Driver_1 DEBUG    _get_service_response(REQUEST|fastran_FPP_000001@Driver@1|FRAMEWORK@Framework@0|163)
2026-04-01 14:35:26,590 DAKOTA_BRIDGE_Driver_1 DEBUG    _get_service_response(REQUEST|fastran_FPP_000001@Driver@1|FRAMEWORK@Framework@0|163), response = ServiceResponseMessage(sender_id=FRAMEWORK@Framework@0, receiver_id=fastran_FPP_000001@Driver@1, request_msg_id=REQUEST|fastran_FPP_000001@Driver@1|FRAMEWORK@Framework@0|163,status=0, args=({2: {'_IPS_DYNAMIC_SIMULATION': []}},), message_id=RESPONSE|FRAMEWORK@Framework@0|fastran_FPP_000001@Driver@1|836)
2026-04-01 14:35:27,090 DAKOTA_BRIDGE_Driver_1 DEBUG    _invoke_service(): processEvents  (2,)
2026-04-01 14:35:27,091 DAKOTA_BRIDGE_Driver_1 DEBUG    _get_service_response(REQUEST|fastran_FPP_000001@Driver@1|FRAMEWORK@Framework@0|164)
2026-04-01 14:35:27,101 DAKOTA_BRIDGE_Driver_1 DEBUG    _get_service_response(REQUEST|fastran_FPP_000001@Driver@1|FRAMEWORK@Framework@0|164), response = ServiceResponseMessage(sender_id=FRAMEWORK@Framework@0, receiver_id=fastran_FPP_000001@Driver@1, request_msg_id=REQUEST|fastran_FPP_000001@Driver@1|FRAMEWORK@Framework@0|164,status=0, args=({2: {'_IPS_DYNAMIC_SIMULATION': []}},), message_id=RESPONSE|FRAMEWORK@Framework@0|fastran_FPP_000001@Driver@1|838)
2026-04-01 14:35:27,602 DAKOTA_BRIDGE_Driver_1 DEBUG    _invoke_service(): processEvents  (2,)
2026-04-01 14:35:27,603 DAKOTA_BRIDGE_Driver_1 DEBUG    _get_service_response(REQUEST|fastran_FPP_000001@Driver@1|FRAMEWORK@Framework@0|165)
2026-04-01 14:35:27,614 DAKOTA_BRIDGE_Driver_1 DEBUG    _get_service_response(REQUEST|fastran_FPP_000001@Driver@1|FRAMEWORK@Framework@0|165), response = ServiceResponseMessage(sender_id=FRAMEWORK@Framework@0, receiver_id=fastran_FPP_000001@Driver@1, request_msg_id=REQUEST|fastran_FPP_000001@Driver@1|FRAMEWORK@Framework@0|165,status=0, args=({2: {'_IPS_DYNAMIC_SIMULATION': []}},), message_id=RESPONSE|FRAMEWORK@Framework@0|fastran_FPP_000001@Driver@1|840)
2026-04-01 14:35:28,116 DAKOTA_BRIDGE_Driver_1 DEBUG    _invoke_service(): processEvents  (2,)
2026-04-01 14:35:28,116 DAKOTA_BRIDGE_Driver_1 DEBUG    _get_service_response(REQUEST|fastran_FPP_000001@Driver@1|FRAMEWORK@Framework@0|166)
2026-04-01 14:35:28,128 DAKOTA_BRIDGE_Driver_1 DEBUG    _get_service_response(REQUEST|fastran_FPP_000001@Driver@1|FRAMEWORK@Framework@0|166), response = ServiceResponseMessage(sender_id=FRAMEWORK@Framework@0, receiver_id=fastran_FPP_000001@Driver@1, request_msg_id=REQUEST|fastran_FPP_000001@Driver@1|FRAMEWORK@Framework@0|166,status=0, args=({2: {'_IPS_DYNAMIC_SIMULATION': []}},), message_id=RESPONSE|FRAMEWORK@Framework@0|fastran_FPP_000001@Driver@1|842)
2026-04-01 14:35:28,629 DAKOTA_BRIDGE_Driver_1 DEBUG    _invoke_service(): processEvents  (2,)
2026-04-01 14:35:28,629 DAKOTA_BRIDGE_Driver_1 DEBUG    _get_service_response(REQUEST|fastran_FPP_000001@Driver@1|FRAMEWORK@Framework@0|167)
2026-04-01 14:35:28,640 DAKOTA_BRIDGE_Driver_1 DEBUG    _get_service_response(REQUEST|fastran_FPP_000001@Driver@1|FRAMEWORK@Framework@0|167), response = ServiceResponseMessage(sender_id=FRAMEWORK@Framework@0, receiver_id=fastran_FPP_000001@Driver@1, request_msg_id=REQUEST|fastran_FPP_000001@Driver@1|FRAMEWORK@Framework@0|167,status=0, args=({2: {'_IPS_DYNAMIC_SIMULATION': []}},), message_id=RESPONSE|FRAMEWORK@Framework@0|fastran_FPP_000001@Driver@1|844)
2026-04-01 14:35:29,141 DAKOTA_BRIDGE_Driver_1 DEBUG    _invoke_service(): processEvents  (2,)
2026-04-01 14:35:29,141 DAKOTA_BRIDGE_Driver_1 DEBUG    _get_service_response(REQUEST|fastran_FPP_000001@Driver@1|FRAMEWORK@Framework@0|168)
2026-04-01 14:35:29,152 DAKOTA_BRIDGE_Driver_1 DEBUG    _get_service_response(REQUEST|fastran_FPP_000001@Driver@1|FRAMEWORK@Framework@0|168), response = ServiceResponseMessage(sender_id=FRAMEWORK@Framework@0, receiver_id=fastran_FPP_000001@Driver@1, request_msg_id=REQUEST|fastran_FPP_000001@Driver@1|FRAMEWORK@Framework@0|168,status=0, args=({2: {'_IPS_DYNAMIC_SIMULATION': []}},), message_id=RESPONSE|FRAMEWORK@Framework@0|fastran_FPP_000001@Driver@1|846)
2026-04-01 14:35:29,653 DAKOTA_BRIDGE_Driver_1 DEBUG    _invoke_service(): processEvents  (2,)
2026-04-01 14:35:29,653 DAKOTA_BRIDGE_Driver_1 DEBUG    _get_service_response(REQUEST|fastran_FPP_000001@Driver@1|FRAMEWORK@Framework@0|169)
2026-04-01 14:35:29,665 DAKOTA_BRIDGE_Driver_1 DEBUG    _get_service_response(REQUEST|fastran_FPP_000001@Driver@1|FRAMEWORK@Framework@0|169), response = ServiceResponseMessage(sender_id=FRAMEWORK@Framework@0, receiver_id=fastran_FPP_000001@Driver@1, request_msg_id=REQUEST|fastran_FPP_000001@Driver@1|FRAMEWORK@Framework@0|169,status=0, args=({2: {'_IPS_DYNAMIC_SIMULATION': []}},), message_id=RESPONSE|FRAMEWORK@Framework@0|fastran_FPP_000001@Driver@1|848)
2026-04-01 14:35:30,166 DAKOTA_BRIDGE_Driver_1 DEBUG    _invoke_service(): processEvents  (2,)
2026-04-01 14:35:30,166 DAKOTA_BRIDGE_Driver_1 DEBUG    _get_service_response(REQUEST|fastran_FPP_000001@Driver@1|FRAMEWORK@Framework@0|170)
2026-04-01 14:35:30,177 DAKOTA_BRIDGE_Driver_1 DEBUG    _get_service_response(REQUEST|fastran_FPP_000001@Driver@1|FRAMEWORK@Framework@0|170), response = ServiceResponseMessage(sender_id=FRAMEWORK@Framework@0, receiver_id=fastran_FPP_000001@Driver@1, request_msg_id=REQUEST|fastran_FPP_000001@Driver@1|FRAMEWORK@Framework@0|170,status=0, args=({2: {'_IPS_DYNAMIC_SIMULATION': []}},), message_id=RESPONSE|FRAMEWORK@Framework@0|fastran_FPP_000001@Driver@1|850)
2026-04-01 14:35:30,677 DAKOTA_BRIDGE_Driver_1 DEBUG    _invoke_service(): processEvents  (2,)
2026-04-01 14:35:30,678 DAKOTA_BRIDGE_Driver_1 DEBUG    _get_service_response(REQUEST|fastran_FPP_000001@Driver@1|FRAMEWORK@Framework@0|171)
2026-04-01 14:35:30,689 DAKOTA_BRIDGE_Driver_1 DEBUG    _get_service_response(REQUEST|fastran_FPP_000001@Driver@1|FRAMEWORK@Framework@0|171), response = ServiceResponseMessage(sender_id=FRAMEWORK@Framework@0, receiver_id=fastran_FPP_000001@Driver@1, request_msg_id=REQUEST|fastran_FPP_000001@Driver@1|FRAMEWORK@Framework@0|171,status=0, args=({2: {'_IPS_DYNAMIC_SIMULATION': []}},), message_id=RESPONSE|FRAMEWORK@Framework@0|fastran_FPP_000001@Driver@1|852)
2026-04-01 14:35:31,190 DAKOTA_BRIDGE_Driver_1 DEBUG    _invoke_service(): processEvents  (2,)
2026-04-01 14:35:31,191 DAKOTA_BRIDGE_Driver_1 DEBUG    _get_service_response(REQUEST|fastran_FPP_000001@Driver@1|FRAMEWORK@Framework@0|172)
2026-04-01 14:35:31,202 DAKOTA_BRIDGE_Driver_1 DEBUG    _get_service_response(REQUEST|fastran_FPP_000001@Driver@1|FRAMEWORK@Framework@0|172), response = ServiceResponseMessage(sender_id=FRAMEWORK@Framework@0, receiver_id=fastran_FPP_000001@Driver@1, request_msg_id=REQUEST|fastran_FPP_000001@Driver@1|FRAMEWORK@Framework@0|172,status=0, args=({2: {'_IPS_DYNAMIC_SIMULATION': []}},), message_id=RESPONSE|FRAMEWORK@Framework@0|fastran_FPP_000001@Driver@1|854)
2026-04-01 14:35:31,703 DAKOTA_BRIDGE_Driver_1 DEBUG    _invoke_service(): processEvents  (2,)
2026-04-01 14:35:31,703 DAKOTA_BRIDGE_Driver_1 DEBUG    _get_service_response(REQUEST|fastran_FPP_000001@Driver@1|FRAMEWORK@Framework@0|173)
2026-04-01 14:35:31,714 DAKOTA_BRIDGE_Driver_1 DEBUG    _get_service_response(REQUEST|fastran_FPP_000001@Driver@1|FRAMEWORK@Framework@0|173), response = ServiceResponseMessage(sender_id=FRAMEWORK@Framework@0, receiver_id=fastran_FPP_000001@Driver@1, request_msg_id=REQUEST|fastran_FPP_000001@Driver@1|FRAMEWORK@Framework@0|173,status=0, args=({2: {'_IPS_DYNAMIC_SIMULATION': []}},), message_id=RESPONSE|FRAMEWORK@Framework@0|fastran_FPP_000001@Driver@1|856)
2026-04-01 14:35:32,215 DAKOTA_BRIDGE_Driver_1 DEBUG    _invoke_service(): processEvents  (2,)
2026-04-01 14:35:32,215 DAKOTA_BRIDGE_Driver_1 DEBUG    _get_service_response(REQUEST|fastran_FPP_000001@Driver@1|FRAMEWORK@Framework@0|174)
2026-04-01 14:35:32,225 DAKOTA_BRIDGE_Driver_1 DEBUG    _get_service_response(REQUEST|fastran_FPP_000001@Driver@1|FRAMEWORK@Framework@0|174), response = ServiceResponseMessage(sender_id=FRAMEWORK@Framework@0, receiver_id=fastran_FPP_000001@Driver@1, request_msg_id=REQUEST|fastran_FPP_000001@Driver@1|FRAMEWORK@Framework@0|174,status=0, args=({2: {'_IPS_DYNAMIC_SIMULATION': []}},), message_id=RESPONSE|FRAMEWORK@Framework@0|fastran_FPP_000001@Driver@1|858)
2026-04-01 14:35:32,726 DAKOTA_BRIDGE_Driver_1 DEBUG    _invoke_service(): processEvents  (2,)
2026-04-01 14:35:32,726 DAKOTA_BRIDGE_Driver_1 DEBUG    _get_service_response(REQUEST|fastran_FPP_000001@Driver@1|FRAMEWORK@Framework@0|175)
2026-04-01 14:35:32,737 DAKOTA_BRIDGE_Driver_1 DEBUG    _get_service_response(REQUEST|fastran_FPP_000001@Driver@1|FRAMEWORK@Framework@0|175), response = ServiceResponseMessage(sender_id=FRAMEWORK@Framework@0, receiver_id=fastran_FPP_000001@Driver@1, request_msg_id=REQUEST|fastran_FPP_000001@Driver@1|FRAMEWORK@Framework@0|175,status=0, args=({2: {'_IPS_DYNAMIC_SIMULATION': []}},), message_id=RESPONSE|FRAMEWORK@Framework@0|fastran_FPP_000001@Driver@1|860)
2026-04-01 14:35:33,238 DAKOTA_BRIDGE_Driver_1 DEBUG    _invoke_service(): processEvents  (2,)
2026-04-01 14:35:33,238 DAKOTA_BRIDGE_Driver_1 DEBUG    _get_service_response(REQUEST|fastran_FPP_000001@Driver@1|FRAMEWORK@Framework@0|176)
2026-04-01 14:35:33,249 DAKOTA_BRIDGE_Driver_1 DEBUG    _get_service_response(REQUEST|fastran_FPP_000001@Driver@1|FRAMEWORK@Framework@0|176), response = ServiceResponseMessage(sender_id=FRAMEWORK@Framework@0, receiver_id=fastran_FPP_000001@Driver@1, request_msg_id=REQUEST|fastran_FPP_000001@Driver@1|FRAMEWORK@Framework@0|176,status=0, args=({2: {'_IPS_DYNAMIC_SIMULATION': []}},), message_id=RESPONSE|FRAMEWORK@Framework@0|fastran_FPP_000001@Driver@1|862)
2026-04-01 14:35:33,749 DAKOTA_BRIDGE_Driver_1 DEBUG    _invoke_service(): processEvents  (2,)
2026-04-01 14:35:33,750 DAKOTA_BRIDGE_Driver_1 DEBUG    _get_service_response(REQUEST|fastran_FPP_000001@Driver@1|FRAMEWORK@Framework@0|177)
2026-04-01 14:35:33,761 DAKOTA_BRIDGE_Driver_1 DEBUG    _get_service_response(REQUEST|fastran_FPP_000001@Driver@1|FRAMEWORK@Framework@0|177), response = ServiceResponseMessage(sender_id=FRAMEWORK@Framework@0, receiver_id=fastran_FPP_000001@Driver@1, request_msg_id=REQUEST|fastran_FPP_000001@Driver@1|FRAMEWORK@Framework@0|177,status=0, args=({2: {'_IPS_DYNAMIC_SIMULATION': []}},), message_id=RESPONSE|FRAMEWORK@Framework@0|fastran_FPP_000001@Driver@1|864)
2026-04-01 14:35:34,261 DAKOTA_BRIDGE_Driver_1 DEBUG    _invoke_service(): processEvents  (2,)
2026-04-01 14:35:34,262 DAKOTA_BRIDGE_Driver_1 DEBUG    _get_service_response(REQUEST|fastran_FPP_000001@Driver@1|FRAMEWORK@Framework@0|178)
2026-04-01 14:35:34,273 DAKOTA_BRIDGE_Driver_1 DEBUG    _get_service_response(REQUEST|fastran_FPP_000001@Driver@1|FRAMEWORK@Framework@0|178), response = ServiceResponseMessage(sender_id=FRAMEWORK@Framework@0, receiver_id=fastran_FPP_000001@Driver@1, request_msg_id=REQUEST|fastran_FPP_000001@Driver@1|FRAMEWORK@Framework@0|178,status=0, args=({2: {'_IPS_DYNAMIC_SIMULATION': []}},), message_id=RESPONSE|FRAMEWORK@Framework@0|fastran_FPP_000001@Driver@1|866)
2026-04-01 14:35:34,773 DAKOTA_BRIDGE_Driver_1 DEBUG    _invoke_service(): processEvents  (2,)
2026-04-01 14:35:34,773 DAKOTA_BRIDGE_Driver_1 DEBUG    _get_service_response(REQUEST|fastran_FPP_000001@Driver@1|FRAMEWORK@Framework@0|179)
2026-04-01 14:35:34,784 DAKOTA_BRIDGE_Driver_1 DEBUG    _get_service_response(REQUEST|fastran_FPP_000001@Driver@1|FRAMEWORK@Framework@0|179), response = ServiceResponseMessage(sender_id=FRAMEWORK@Framework@0, receiver_id=fastran_FPP_000001@Driver@1, request_msg_id=REQUEST|fastran_FPP_000001@Driver@1|FRAMEWORK@Framework@0|179,status=0, args=({2: {'_IPS_DYNAMIC_SIMULATION': []}},), message_id=RESPONSE|FRAMEWORK@Framework@0|fastran_FPP_000001@Driver@1|868)
2026-04-01 14:35:35,285 DAKOTA_BRIDGE_Driver_1 DEBUG    _invoke_service(): processEvents  (2,)
2026-04-01 14:35:35,285 DAKOTA_BRIDGE_Driver_1 DEBUG    _get_service_response(REQUEST|fastran_FPP_000001@Driver@1|FRAMEWORK@Framework@0|180)
2026-04-01 14:35:35,296 DAKOTA_BRIDGE_Driver_1 DEBUG    _get_service_response(REQUEST|fastran_FPP_000001@Driver@1|FRAMEWORK@Framework@0|180), response = ServiceResponseMessage(sender_id=FRAMEWORK@Framework@0, receiver_id=fastran_FPP_000001@Driver@1, request_msg_id=REQUEST|fastran_FPP_000001@Driver@1|FRAMEWORK@Framework@0|180,status=0, args=({2: {'_IPS_DYNAMIC_SIMULATION': []}},), message_id=RESPONSE|FRAMEWORK@Framework@0|fastran_FPP_000001@Driver@1|870)
2026-04-01 14:35:35,797 DAKOTA_BRIDGE_Driver_1 DEBUG    _invoke_service(): processEvents  (2,)
2026-04-01 14:35:35,797 DAKOTA_BRIDGE_Driver_1 DEBUG    _get_service_response(REQUEST|fastran_FPP_000001@Driver@1|FRAMEWORK@Framework@0|181)
2026-04-01 14:35:35,807 DAKOTA_BRIDGE_Driver_1 DEBUG    _get_service_response(REQUEST|fastran_FPP_000001@Driver@1|FRAMEWORK@Framework@0|181), response = ServiceResponseMessage(sender_id=FRAMEWORK@Framework@0, receiver_id=fastran_FPP_000001@Driver@1, request_msg_id=REQUEST|fastran_FPP_000001@Driver@1|FRAMEWORK@Framework@0|181,status=0, args=({2: {'_IPS_DYNAMIC_SIMULATION': []}},), message_id=RESPONSE|FRAMEWORK@Framework@0|fastran_FPP_000001@Driver@1|872)
2026-04-01 14:35:36,308 DAKOTA_BRIDGE_Driver_1 DEBUG    _invoke_service(): processEvents  (2,)
2026-04-01 14:35:36,308 DAKOTA_BRIDGE_Driver_1 DEBUG    _get_service_response(REQUEST|fastran_FPP_000001@Driver@1|FRAMEWORK@Framework@0|182)
2026-04-01 14:35:36,319 DAKOTA_BRIDGE_Driver_1 DEBUG    _get_service_response(REQUEST|fastran_FPP_000001@Driver@1|FRAMEWORK@Framework@0|182), response = ServiceResponseMessage(sender_id=FRAMEWORK@Framework@0, receiver_id=fastran_FPP_000001@Driver@1, request_msg_id=REQUEST|fastran_FPP_000001@Driver@1|FRAMEWORK@Framework@0|182,status=0, args=({2: {'_IPS_DYNAMIC_SIMULATION': []}},), message_id=RESPONSE|FRAMEWORK@Framework@0|fastran_FPP_000001@Driver@1|874)
2026-04-01 14:35:36,820 DAKOTA_BRIDGE_Driver_1 DEBUG    _invoke_service(): processEvents  (2,)
2026-04-01 14:35:36,820 DAKOTA_BRIDGE_Driver_1 DEBUG    _get_service_response(REQUEST|fastran_FPP_000001@Driver@1|FRAMEWORK@Framework@0|183)
2026-04-01 14:35:36,831 DAKOTA_BRIDGE_Driver_1 DEBUG    _get_service_response(REQUEST|fastran_FPP_000001@Driver@1|FRAMEWORK@Framework@0|183), response = ServiceResponseMessage(sender_id=FRAMEWORK@Framework@0, receiver_id=fastran_FPP_000001@Driver@1, request_msg_id=REQUEST|fastran_FPP_000001@Driver@1|FRAMEWORK@Framework@0|183,status=0, args=({2: {'_IPS_DYNAMIC_SIMULATION': []}},), message_id=RESPONSE|FRAMEWORK@Framework@0|fastran_FPP_000001@Driver@1|876)
2026-04-01 14:35:37,331 DAKOTA_BRIDGE_Driver_1 DEBUG    _invoke_service(): processEvents  (2,)
2026-04-01 14:35:37,332 DAKOTA_BRIDGE_Driver_1 DEBUG    _get_service_response(REQUEST|fastran_FPP_000001@Driver@1|FRAMEWORK@Framework@0|184)
2026-04-01 14:35:37,343 DAKOTA_BRIDGE_Driver_1 DEBUG    _get_service_response(REQUEST|fastran_FPP_000001@Driver@1|FRAMEWORK@Framework@0|184), response = ServiceResponseMessage(sender_id=FRAMEWORK@Framework@0, receiver_id=fastran_FPP_000001@Driver@1, request_msg_id=REQUEST|fastran_FPP_000001@Driver@1|FRAMEWORK@Framework@0|184,status=0, args=({2: {'_IPS_DYNAMIC_SIMULATION': [<ipsframework.cca_es_spec.Event object at 0x7f47bf0604c0>]}},), message_id=RESPONSE|FRAMEWORK@Framework@0|fastran_FPP_000001@Driver@1|887)
2026-04-01 14:35:37,343 DAKOTA_BRIDGE_Driver_1 DEBUG    In Component: Just received {'eventtype': 'IPS_END', 'SIM_NAME': 'fastran_FPP_000001_226694_0001', 'ok': False}
2026-04-01 14:35:37,343 DAKOTA_BRIDGE_Driver_1 DEBUG    In Component: There are 1 events in self.events_received
2026-04-01 14:35:37,845 DAKOTA_BRIDGE_Driver_1 DEBUG    _invoke_service(): processEvents  (2,)
2026-04-01 14:35:37,846 DAKOTA_BRIDGE_Driver_1 DEBUG    _get_service_response(REQUEST|fastran_FPP_000001@Driver@1|FRAMEWORK@Framework@0|185)
2026-04-01 14:35:37,856 DAKOTA_BRIDGE_Driver_1 DEBUG    _get_service_response(REQUEST|fastran_FPP_000001@Driver@1|FRAMEWORK@Framework@0|185), response = ServiceResponseMessage(sender_id=FRAMEWORK@Framework@0, receiver_id=fastran_FPP_000001@Driver@1, request_msg_id=REQUEST|fastran_FPP_000001@Driver@1|FRAMEWORK@Framework@0|185,status=0, args=({2: {'_IPS_DYNAMIC_SIMULATION': []}},), message_id=RESPONSE|FRAMEWORK@Framework@0|fastran_FPP_000001@Driver@1|916)
2026-04-01 14:35:38,357 DAKOTA_BRIDGE_Driver_1 DEBUG    _invoke_service(): processEvents  (2,)
2026-04-01 14:35:38,357 DAKOTA_BRIDGE_Driver_1 DEBUG    _get_service_response(REQUEST|fastran_FPP_000001@Driver@1|FRAMEWORK@Framework@0|186)
2026-04-01 14:35:38,374 DAKOTA_BRIDGE_Driver_1 DEBUG    _get_service_response(REQUEST|fastran_FPP_000001@Driver@1|FRAMEWORK@Framework@0|186), response = ServiceResponseMessage(sender_id=FRAMEWORK@Framework@0, receiver_id=fastran_FPP_000001@Driver@1, request_msg_id=REQUEST|fastran_FPP_000001@Driver@1|FRAMEWORK@Framework@0|186,status=0, args=({2: {'_IPS_DYNAMIC_SIMULATION': []}},), message_id=RESPONSE|FRAMEWORK@Framework@0|fastran_FPP_000001@Driver@1|956)
2026-04-01 14:35:38,874 DAKOTA_BRIDGE_Driver_1 DEBUG    _invoke_service(): processEvents  (2,)
2026-04-01 14:35:38,875 DAKOTA_BRIDGE_Driver_1 DEBUG    _get_service_response(REQUEST|fastran_FPP_000001@Driver@1|FRAMEWORK@Framework@0|187)
2026-04-01 14:35:38,885 DAKOTA_BRIDGE_Driver_1 DEBUG    _get_service_response(REQUEST|fastran_FPP_000001@Driver@1|FRAMEWORK@Framework@0|187), response = ServiceResponseMessage(sender_id=FRAMEWORK@Framework@0, receiver_id=fastran_FPP_000001@Driver@1, request_msg_id=REQUEST|fastran_FPP_000001@Driver@1|FRAMEWORK@Framework@0|187,status=0, args=({2: {'_IPS_DYNAMIC_SIMULATION': []}},), message_id=RESPONSE|FRAMEWORK@Framework@0|fastran_FPP_000001@Driver@1|992)
2026-04-01 14:35:39,386 DAKOTA_BRIDGE_Driver_1 DEBUG    _invoke_service(): processEvents  (2,)
2026-04-01 14:35:39,386 DAKOTA_BRIDGE_Driver_1 DEBUG    _get_service_response(REQUEST|fastran_FPP_000001@Driver@1|FRAMEWORK@Framework@0|188)
2026-04-01 14:35:39,397 DAKOTA_BRIDGE_Driver_1 DEBUG    _get_service_response(REQUEST|fastran_FPP_000001@Driver@1|FRAMEWORK@Framework@0|188), response = ServiceResponseMessage(sender_id=FRAMEWORK@Framework@0, receiver_id=fastran_FPP_000001@Driver@1, request_msg_id=REQUEST|fastran_FPP_000001@Driver@1|FRAMEWORK@Framework@0|188,status=0, args=({2: {'_IPS_DYNAMIC_SIMULATION': []}},), message_id=RESPONSE|FRAMEWORK@Framework@0|fastran_FPP_000001@Driver@1|1008)
2026-04-01 14:35:39,898 DAKOTA_BRIDGE_Driver_1 DEBUG    _invoke_service(): processEvents  (2,)
2026-04-01 14:35:39,898 DAKOTA_BRIDGE_Driver_1 DEBUG    _get_service_response(REQUEST|fastran_FPP_000001@Driver@1|FRAMEWORK@Framework@0|189)
2026-04-01 14:35:39,909 DAKOTA_BRIDGE_Driver_1 DEBUG    _get_service_response(REQUEST|fastran_FPP_000001@Driver@1|FRAMEWORK@Framework@0|189), response = ServiceResponseMessage(sender_id=FRAMEWORK@Framework@0, receiver_id=fastran_FPP_000001@Driver@1, request_msg_id=REQUEST|fastran_FPP_000001@Driver@1|FRAMEWORK@Framework@0|189,status=0, args=({2: {'_IPS_DYNAMIC_SIMULATION': []}},), message_id=RESPONSE|FRAMEWORK@Framework@0|fastran_FPP_000001@Driver@1|1010)
2026-04-01 14:35:40,409 DAKOTA_BRIDGE_Driver_1 DEBUG    _invoke_service(): processEvents  (2,)
2026-04-01 14:35:40,410 DAKOTA_BRIDGE_Driver_1 DEBUG    _get_service_response(REQUEST|fastran_FPP_000001@Driver@1|FRAMEWORK@Framework@0|190)
2026-04-01 14:35:40,421 DAKOTA_BRIDGE_Driver_1 DEBUG    _get_service_response(REQUEST|fastran_FPP_000001@Driver@1|FRAMEWORK@Framework@0|190), response = ServiceResponseMessage(sender_id=FRAMEWORK@Framework@0, receiver_id=fastran_FPP_000001@Driver@1, request_msg_id=REQUEST|fastran_FPP_000001@Driver@1|FRAMEWORK@Framework@0|190,status=0, args=({2: {'_IPS_DYNAMIC_SIMULATION': []}},), message_id=RESPONSE|FRAMEWORK@Framework@0|fastran_FPP_000001@Driver@1|1012)
2026-04-01 14:35:40,921 DAKOTA_BRIDGE_Driver_1 DEBUG    _invoke_service(): processEvents  (2,)
2026-04-01 14:35:40,921 DAKOTA_BRIDGE_Driver_1 DEBUG    _get_service_response(REQUEST|fastran_FPP_000001@Driver@1|FRAMEWORK@Framework@0|191)
2026-04-01 14:35:40,932 DAKOTA_BRIDGE_Driver_1 DEBUG    _get_service_response(REQUEST|fastran_FPP_000001@Driver@1|FRAMEWORK@Framework@0|191), response = ServiceResponseMessage(sender_id=FRAMEWORK@Framework@0, receiver_id=fastran_FPP_000001@Driver@1, request_msg_id=REQUEST|fastran_FPP_000001@Driver@1|FRAMEWORK@Framework@0|191,status=0, args=({2: {'_IPS_DYNAMIC_SIMULATION': []}},), message_id=RESPONSE|FRAMEWORK@Framework@0|fastran_FPP_000001@Driver@1|1014)
2026-04-01 14:35:41,433 DAKOTA_BRIDGE_Driver_1 DEBUG    _invoke_service(): processEvents  (2,)
2026-04-01 14:35:41,433 DAKOTA_BRIDGE_Driver_1 DEBUG    _get_service_response(REQUEST|fastran_FPP_000001@Driver@1|FRAMEWORK@Framework@0|192)
2026-04-01 14:35:41,444 DAKOTA_BRIDGE_Driver_1 DEBUG    _get_service_response(REQUEST|fastran_FPP_000001@Driver@1|FRAMEWORK@Framework@0|192), response = ServiceResponseMessage(sender_id=FRAMEWORK@Framework@0, receiver_id=fastran_FPP_000001@Driver@1, request_msg_id=REQUEST|fastran_FPP_000001@Driver@1|FRAMEWORK@Framework@0|192,status=0, args=({2: {'_IPS_DYNAMIC_SIMULATION': []}},), message_id=RESPONSE|FRAMEWORK@Framework@0|fastran_FPP_000001@Driver@1|1016)
2026-04-01 14:35:41,944 DAKOTA_BRIDGE_Driver_1 DEBUG    _invoke_service(): processEvents  (2,)
2026-04-01 14:35:41,945 DAKOTA_BRIDGE_Driver_1 DEBUG    _get_service_response(REQUEST|fastran_FPP_000001@Driver@1|FRAMEWORK@Framework@0|193)
2026-04-01 14:35:41,964 DAKOTA_BRIDGE_Driver_1 DEBUG    _get_service_response(REQUEST|fastran_FPP_000001@Driver@1|FRAMEWORK@Framework@0|193), response = ServiceResponseMessage(sender_id=FRAMEWORK@Framework@0, receiver_id=fastran_FPP_000001@Driver@1, request_msg_id=REQUEST|fastran_FPP_000001@Driver@1|FRAMEWORK@Framework@0|193,status=0, args=({2: {'_IPS_DYNAMIC_SIMULATION': []}},), message_id=RESPONSE|FRAMEWORK@Framework@0|fastran_FPP_000001@Driver@1|1019)
2026-04-01 14:35:42,464 DAKOTA_BRIDGE_Driver_1 DEBUG    _invoke_service(): processEvents  (2,)
2026-04-01 14:35:42,465 DAKOTA_BRIDGE_Driver_1 DEBUG    _get_service_response(REQUEST|fastran_FPP_000001@Driver@1|FRAMEWORK@Framework@0|194)
2026-04-01 14:35:42,475 DAKOTA_BRIDGE_Driver_1 DEBUG    _get_service_response(REQUEST|fastran_FPP_000001@Driver@1|FRAMEWORK@Framework@0|194), response = ServiceResponseMessage(sender_id=FRAMEWORK@Framework@0, receiver_id=fastran_FPP_000001@Driver@1, request_msg_id=REQUEST|fastran_FPP_000001@Driver@1|FRAMEWORK@Framework@0|194,status=0, args=({2: {'_IPS_DYNAMIC_SIMULATION': []}},), message_id=RESPONSE|FRAMEWORK@Framework@0|fastran_FPP_000001@Driver@1|1037)
2026-04-01 14:35:42,975 DAKOTA_BRIDGE_Driver_1 DEBUG    _invoke_service(): processEvents  (2,)
2026-04-01 14:35:42,975 DAKOTA_BRIDGE_Driver_1 DEBUG    _get_service_response(REQUEST|fastran_FPP_000001@Driver@1|FRAMEWORK@Framework@0|195)
2026-04-01 14:35:42,986 DAKOTA_BRIDGE_Driver_1 DEBUG    _get_service_response(REQUEST|fastran_FPP_000001@Driver@1|FRAMEWORK@Framework@0|195), response = ServiceResponseMessage(sender_id=FRAMEWORK@Framework@0, receiver_id=fastran_FPP_000001@Driver@1, request_msg_id=REQUEST|fastran_FPP_000001@Driver@1|FRAMEWORK@Framework@0|195,status=0, args=({2: {'_IPS_DYNAMIC_SIMULATION': []}},), message_id=RESPONSE|FRAMEWORK@Framework@0|fastran_FPP_000001@Driver@1|1041)
2026-04-01 14:35:43,487 DAKOTA_BRIDGE_Driver_1 DEBUG    _invoke_service(): processEvents  (2,)
2026-04-01 14:35:43,487 DAKOTA_BRIDGE_Driver_1 DEBUG    _get_service_response(REQUEST|fastran_FPP_000001@Driver@1|FRAMEWORK@Framework@0|196)
2026-04-01 14:35:43,498 DAKOTA_BRIDGE_Driver_1 DEBUG    _get_service_response(REQUEST|fastran_FPP_000001@Driver@1|FRAMEWORK@Framework@0|196), response = ServiceResponseMessage(sender_id=FRAMEWORK@Framework@0, receiver_id=fastran_FPP_000001@Driver@1, request_msg_id=REQUEST|fastran_FPP_000001@Driver@1|FRAMEWORK@Framework@0|196,status=0, args=({2: {'_IPS_DYNAMIC_SIMULATION': []}},), message_id=RESPONSE|FRAMEWORK@Framework@0|fastran_FPP_000001@Driver@1|1043)
2026-04-01 14:35:43,998 DAKOTA_BRIDGE_Driver_1 DEBUG    _invoke_service(): processEvents  (2,)
2026-04-01 14:35:43,999 DAKOTA_BRIDGE_Driver_1 DEBUG    _get_service_response(REQUEST|fastran_FPP_000001@Driver@1|FRAMEWORK@Framework@0|197)
2026-04-01 14:35:44,009 DAKOTA_BRIDGE_Driver_1 DEBUG    _get_service_response(REQUEST|fastran_FPP_000001@Driver@1|FRAMEWORK@Framework@0|197), response = ServiceResponseMessage(sender_id=FRAMEWORK@Framework@0, receiver_id=fastran_FPP_000001@Driver@1, request_msg_id=REQUEST|fastran_FPP_000001@Driver@1|FRAMEWORK@Framework@0|197,status=0, args=({2: {'_IPS_DYNAMIC_SIMULATION': []}},), message_id=RESPONSE|FRAMEWORK@Framework@0|fastran_FPP_000001@Driver@1|1045)
2026-04-01 14:35:44,510 DAKOTA_BRIDGE_Driver_1 DEBUG    _invoke_service(): processEvents  (2,)
2026-04-01 14:35:44,511 DAKOTA_BRIDGE_Driver_1 DEBUG    _get_service_response(REQUEST|fastran_FPP_000001@Driver@1|FRAMEWORK@Framework@0|198)
2026-04-01 14:35:44,523 DAKOTA_BRIDGE_Driver_1 DEBUG    _get_service_response(REQUEST|fastran_FPP_000001@Driver@1|FRAMEWORK@Framework@0|198), response = ServiceResponseMessage(sender_id=FRAMEWORK@Framework@0, receiver_id=fastran_FPP_000001@Driver@1, request_msg_id=REQUEST|fastran_FPP_000001@Driver@1|FRAMEWORK@Framework@0|198,status=0, args=({2: {'_IPS_DYNAMIC_SIMULATION': []}},), message_id=RESPONSE|FRAMEWORK@Framework@0|fastran_FPP_000001@Driver@1|1047)
2026-04-01 14:35:45,024 DAKOTA_BRIDGE_Driver_1 DEBUG    _invoke_service(): processEvents  (2,)
2026-04-01 14:35:45,024 DAKOTA_BRIDGE_Driver_1 DEBUG    _get_service_response(REQUEST|fastran_FPP_000001@Driver@1|FRAMEWORK@Framework@0|199)
2026-04-01 14:35:45,035 DAKOTA_BRIDGE_Driver_1 DEBUG    _get_service_response(REQUEST|fastran_FPP_000001@Driver@1|FRAMEWORK@Framework@0|199), response = ServiceResponseMessage(sender_id=FRAMEWORK@Framework@0, receiver_id=fastran_FPP_000001@Driver@1, request_msg_id=REQUEST|fastran_FPP_000001@Driver@1|FRAMEWORK@Framework@0|199,status=0, args=({2: {'_IPS_DYNAMIC_SIMULATION': []}},), message_id=RESPONSE|FRAMEWORK@Framework@0|fastran_FPP_000001@Driver@1|1049)
2026-04-01 14:35:45,536 DAKOTA_BRIDGE_Driver_1 DEBUG    _invoke_service(): processEvents  (2,)
2026-04-01 14:35:45,536 DAKOTA_BRIDGE_Driver_1 DEBUG    _get_service_response(REQUEST|fastran_FPP_000001@Driver@1|FRAMEWORK@Framework@0|200)
2026-04-01 14:35:45,548 DAKOTA_BRIDGE_Driver_1 DEBUG    _get_service_response(REQUEST|fastran_FPP_000001@Driver@1|FRAMEWORK@Framework@0|200), response = ServiceResponseMessage(sender_id=FRAMEWORK@Framework@0, receiver_id=fastran_FPP_000001@Driver@1, request_msg_id=REQUEST|fastran_FPP_000001@Driver@1|FRAMEWORK@Framework@0|200,status=0, args=({2: {'_IPS_DYNAMIC_SIMULATION': []}},), message_id=RESPONSE|FRAMEWORK@Framework@0|fastran_FPP_000001@Driver@1|1051)
2026-04-01 14:35:46,049 DAKOTA_BRIDGE_Driver_1 DEBUG    _invoke_service(): processEvents  (2,)
2026-04-01 14:35:46,049 DAKOTA_BRIDGE_Driver_1 DEBUG    _get_service_response(REQUEST|fastran_FPP_000001@Driver@1|FRAMEWORK@Framework@0|201)
2026-04-01 14:35:46,060 DAKOTA_BRIDGE_Driver_1 DEBUG    _get_service_response(REQUEST|fastran_FPP_000001@Driver@1|FRAMEWORK@Framework@0|201), response = ServiceResponseMessage(sender_id=FRAMEWORK@Framework@0, receiver_id=fastran_FPP_000001@Driver@1, request_msg_id=REQUEST|fastran_FPP_000001@Driver@1|FRAMEWORK@Framework@0|201,status=0, args=({2: {'_IPS_DYNAMIC_SIMULATION': []}},), message_id=RESPONSE|FRAMEWORK@Framework@0|fastran_FPP_000001@Driver@1|1053)
2026-04-01 14:35:46,561 DAKOTA_BRIDGE_Driver_1 DEBUG    _invoke_service(): processEvents  (2,)
2026-04-01 14:35:46,561 DAKOTA_BRIDGE_Driver_1 DEBUG    _get_service_response(REQUEST|fastran_FPP_000001@Driver@1|FRAMEWORK@Framework@0|202)
2026-04-01 14:35:46,572 DAKOTA_BRIDGE_Driver_1 DEBUG    _get_service_response(REQUEST|fastran_FPP_000001@Driver@1|FRAMEWORK@Framework@0|202), response = ServiceResponseMessage(sender_id=FRAMEWORK@Framework@0, receiver_id=fastran_FPP_000001@Driver@1, request_msg_id=REQUEST|fastran_FPP_000001@Driver@1|FRAMEWORK@Framework@0|202,status=0, args=({2: {'_IPS_DYNAMIC_SIMULATION': []}},), message_id=RESPONSE|FRAMEWORK@Framework@0|fastran_FPP_000001@Driver@1|1055)
2026-04-01 14:35:47,073 DAKOTA_BRIDGE_Driver_1 DEBUG    _invoke_service(): processEvents  (2,)
2026-04-01 14:35:47,073 DAKOTA_BRIDGE_Driver_1 DEBUG    _get_service_response(REQUEST|fastran_FPP_000001@Driver@1|FRAMEWORK@Framework@0|203)
2026-04-01 14:35:47,085 DAKOTA_BRIDGE_Driver_1 DEBUG    _get_service_response(REQUEST|fastran_FPP_000001@Driver@1|FRAMEWORK@Framework@0|203), response = ServiceResponseMessage(sender_id=FRAMEWORK@Framework@0, receiver_id=fastran_FPP_000001@Driver@1, request_msg_id=REQUEST|fastran_FPP_000001@Driver@1|FRAMEWORK@Framework@0|203,status=0, args=({2: {'_IPS_DYNAMIC_SIMULATION': []}},), message_id=RESPONSE|FRAMEWORK@Framework@0|fastran_FPP_000001@Driver@1|1057)
2026-04-01 14:35:47,587 DAKOTA_BRIDGE_Driver_1 DEBUG    _invoke_service(): processEvents  (2,)
2026-04-01 14:35:47,587 DAKOTA_BRIDGE_Driver_1 DEBUG    _get_service_response(REQUEST|fastran_FPP_000001@Driver@1|FRAMEWORK@Framework@0|204)
2026-04-01 14:35:47,599 DAKOTA_BRIDGE_Driver_1 DEBUG    _get_service_response(REQUEST|fastran_FPP_000001@Driver@1|FRAMEWORK@Framework@0|204), response = ServiceResponseMessage(sender_id=FRAMEWORK@Framework@0, receiver_id=fastran_FPP_000001@Driver@1, request_msg_id=REQUEST|fastran_FPP_000001@Driver@1|FRAMEWORK@Framework@0|204,status=0, args=({2: {'_IPS_DYNAMIC_SIMULATION': []}},), message_id=RESPONSE|FRAMEWORK@Framework@0|fastran_FPP_000001@Driver@1|1059)
2026-04-01 14:35:48,100 DAKOTA_BRIDGE_Driver_1 DEBUG    _invoke_service(): processEvents  (2,)
2026-04-01 14:35:48,100 DAKOTA_BRIDGE_Driver_1 DEBUG    _get_service_response(REQUEST|fastran_FPP_000001@Driver@1|FRAMEWORK@Framework@0|205)
2026-04-01 14:35:48,111 DAKOTA_BRIDGE_Driver_1 DEBUG    _get_service_response(REQUEST|fastran_FPP_000001@Driver@1|FRAMEWORK@Framework@0|205), response = ServiceResponseMessage(sender_id=FRAMEWORK@Framework@0, receiver_id=fastran_FPP_000001@Driver@1, request_msg_id=REQUEST|fastran_FPP_000001@Driver@1|FRAMEWORK@Framework@0|205,status=0, args=({2: {'_IPS_DYNAMIC_SIMULATION': []}},), message_id=RESPONSE|FRAMEWORK@Framework@0|fastran_FPP_000001@Driver@1|1077)
2026-04-01 14:35:48,612 DAKOTA_BRIDGE_Driver_1 DEBUG    _invoke_service(): processEvents  (2,)
2026-04-01 14:35:48,612 DAKOTA_BRIDGE_Driver_1 DEBUG    _get_service_response(REQUEST|fastran_FPP_000001@Driver@1|FRAMEWORK@Framework@0|206)
2026-04-01 14:35:48,623 DAKOTA_BRIDGE_Driver_1 DEBUG    _get_service_response(REQUEST|fastran_FPP_000001@Driver@1|FRAMEWORK@Framework@0|206), response = ServiceResponseMessage(sender_id=FRAMEWORK@Framework@0, receiver_id=fastran_FPP_000001@Driver@1, request_msg_id=REQUEST|fastran_FPP_000001@Driver@1|FRAMEWORK@Framework@0|206,status=0, args=({2: {'_IPS_DYNAMIC_SIMULATION': []}},), message_id=RESPONSE|FRAMEWORK@Framework@0|fastran_FPP_000001@Driver@1|1082)
2026-04-01 14:35:49,124 DAKOTA_BRIDGE_Driver_1 DEBUG    _invoke_service(): processEvents  (2,)
2026-04-01 14:35:49,125 DAKOTA_BRIDGE_Driver_1 DEBUG    _get_service_response(REQUEST|fastran_FPP_000001@Driver@1|FRAMEWORK@Framework@0|207)
2026-04-01 14:35:49,136 DAKOTA_BRIDGE_Driver_1 DEBUG    _get_service_response(REQUEST|fastran_FPP_000001@Driver@1|FRAMEWORK@Framework@0|207), response = ServiceResponseMessage(sender_id=FRAMEWORK@Framework@0, receiver_id=fastran_FPP_000001@Driver@1, request_msg_id=REQUEST|fastran_FPP_000001@Driver@1|FRAMEWORK@Framework@0|207,status=0, args=({2: {'_IPS_DYNAMIC_SIMULATION': []}},), message_id=RESPONSE|FRAMEWORK@Framework@0|fastran_FPP_000001@Driver@1|1084)
2026-04-01 14:35:49,637 DAKOTA_BRIDGE_Driver_1 DEBUG    _invoke_service(): processEvents  (2,)
2026-04-01 14:35:49,637 DAKOTA_BRIDGE_Driver_1 DEBUG    _get_service_response(REQUEST|fastran_FPP_000001@Driver@1|FRAMEWORK@Framework@0|208)
2026-04-01 14:35:49,648 DAKOTA_BRIDGE_Driver_1 DEBUG    _get_service_response(REQUEST|fastran_FPP_000001@Driver@1|FRAMEWORK@Framework@0|208), response = ServiceResponseMessage(sender_id=FRAMEWORK@Framework@0, receiver_id=fastran_FPP_000001@Driver@1, request_msg_id=REQUEST|fastran_FPP_000001@Driver@1|FRAMEWORK@Framework@0|208,status=0, args=({2: {'_IPS_DYNAMIC_SIMULATION': []}},), message_id=RESPONSE|FRAMEWORK@Framework@0|fastran_FPP_000001@Driver@1|1086)
2026-04-01 14:35:50,149 DAKOTA_BRIDGE_Driver_1 DEBUG    _invoke_service(): processEvents  (2,)
2026-04-01 14:35:50,149 DAKOTA_BRIDGE_Driver_1 DEBUG    _get_service_response(REQUEST|fastran_FPP_000001@Driver@1|FRAMEWORK@Framework@0|209)
2026-04-01 14:35:50,160 DAKOTA_BRIDGE_Driver_1 DEBUG    _get_service_response(REQUEST|fastran_FPP_000001@Driver@1|FRAMEWORK@Framework@0|209), response = ServiceResponseMessage(sender_id=FRAMEWORK@Framework@0, receiver_id=fastran_FPP_000001@Driver@1, request_msg_id=REQUEST|fastran_FPP_000001@Driver@1|FRAMEWORK@Framework@0|209,status=0, args=({2: {'_IPS_DYNAMIC_SIMULATION': []}},), message_id=RESPONSE|FRAMEWORK@Framework@0|fastran_FPP_000001@Driver@1|1088)
2026-04-01 14:35:50,660 DAKOTA_BRIDGE_Driver_1 DEBUG    _invoke_service(): processEvents  (2,)
2026-04-01 14:35:50,661 DAKOTA_BRIDGE_Driver_1 DEBUG    _get_service_response(REQUEST|fastran_FPP_000001@Driver@1|FRAMEWORK@Framework@0|210)
2026-04-01 14:35:50,673 DAKOTA_BRIDGE_Driver_1 DEBUG    _get_service_response(REQUEST|fastran_FPP_000001@Driver@1|FRAMEWORK@Framework@0|210), response = ServiceResponseMessage(sender_id=FRAMEWORK@Framework@0, receiver_id=fastran_FPP_000001@Driver@1, request_msg_id=REQUEST|fastran_FPP_000001@Driver@1|FRAMEWORK@Framework@0|210,status=0, args=({2: {'_IPS_DYNAMIC_SIMULATION': []}},), message_id=RESPONSE|FRAMEWORK@Framework@0|fastran_FPP_000001@Driver@1|1090)
2026-04-01 14:35:51,174 DAKOTA_BRIDGE_Driver_1 DEBUG    _invoke_service(): processEvents  (2,)
2026-04-01 14:35:51,174 DAKOTA_BRIDGE_Driver_1 DEBUG    _get_service_response(REQUEST|fastran_FPP_000001@Driver@1|FRAMEWORK@Framework@0|211)
2026-04-01 14:35:51,186 DAKOTA_BRIDGE_Driver_1 DEBUG    _get_service_response(REQUEST|fastran_FPP_000001@Driver@1|FRAMEWORK@Framework@0|211), response = ServiceResponseMessage(sender_id=FRAMEWORK@Framework@0, receiver_id=fastran_FPP_000001@Driver@1, request_msg_id=REQUEST|fastran_FPP_000001@Driver@1|FRAMEWORK@Framework@0|211,status=0, args=({2: {'_IPS_DYNAMIC_SIMULATION': []}},), message_id=RESPONSE|FRAMEWORK@Framework@0|fastran_FPP_000001@Driver@1|1092)
2026-04-01 14:35:51,687 DAKOTA_BRIDGE_Driver_1 DEBUG    _invoke_service(): processEvents  (2,)
2026-04-01 14:35:51,688 DAKOTA_BRIDGE_Driver_1 DEBUG    _get_service_response(REQUEST|fastran_FPP_000001@Driver@1|FRAMEWORK@Framework@0|212)
2026-04-01 14:35:51,698 DAKOTA_BRIDGE_Driver_1 DEBUG    _get_service_response(REQUEST|fastran_FPP_000001@Driver@1|FRAMEWORK@Framework@0|212), response = ServiceResponseMessage(sender_id=FRAMEWORK@Framework@0, receiver_id=fastran_FPP_000001@Driver@1, request_msg_id=REQUEST|fastran_FPP_000001@Driver@1|FRAMEWORK@Framework@0|212,status=0, args=({2: {'_IPS_DYNAMIC_SIMULATION': []}},), message_id=RESPONSE|FRAMEWORK@Framework@0|fastran_FPP_000001@Driver@1|1094)
2026-04-01 14:35:52,199 DAKOTA_BRIDGE_Driver_1 DEBUG    _invoke_service(): processEvents  (2,)
2026-04-01 14:35:52,199 DAKOTA_BRIDGE_Driver_1 DEBUG    _get_service_response(REQUEST|fastran_FPP_000001@Driver@1|FRAMEWORK@Framework@0|213)
2026-04-01 14:35:52,210 DAKOTA_BRIDGE_Driver_1 DEBUG    _get_service_response(REQUEST|fastran_FPP_000001@Driver@1|FRAMEWORK@Framework@0|213), response = ServiceResponseMessage(sender_id=FRAMEWORK@Framework@0, receiver_id=fastran_FPP_000001@Driver@1, request_msg_id=REQUEST|fastran_FPP_000001@Driver@1|FRAMEWORK@Framework@0|213,status=0, args=({2: {'_IPS_DYNAMIC_SIMULATION': []}},), message_id=RESPONSE|FRAMEWORK@Framework@0|fastran_FPP_000001@Driver@1|1096)
2026-04-01 14:35:52,711 DAKOTA_BRIDGE_Driver_1 DEBUG    _invoke_service(): processEvents  (2,)
2026-04-01 14:35:52,712 DAKOTA_BRIDGE_Driver_1 DEBUG    _get_service_response(REQUEST|fastran_FPP_000001@Driver@1|FRAMEWORK@Framework@0|214)
2026-04-01 14:35:52,724 DAKOTA_BRIDGE_Driver_1 DEBUG    _get_service_response(REQUEST|fastran_FPP_000001@Driver@1|FRAMEWORK@Framework@0|214), response = ServiceResponseMessage(sender_id=FRAMEWORK@Framework@0, receiver_id=fastran_FPP_000001@Driver@1, request_msg_id=REQUEST|fastran_FPP_000001@Driver@1|FRAMEWORK@Framework@0|214,status=0, args=({2: {'_IPS_DYNAMIC_SIMULATION': []}},), message_id=RESPONSE|FRAMEWORK@Framework@0|fastran_FPP_000001@Driver@1|1098)
2026-04-01 14:35:53,224 DAKOTA_BRIDGE_Driver_1 DEBUG    _invoke_service(): processEvents  (2,)
2026-04-01 14:35:53,225 DAKOTA_BRIDGE_Driver_1 DEBUG    _get_service_response(REQUEST|fastran_FPP_000001@Driver@1|FRAMEWORK@Framework@0|215)
2026-04-01 14:35:53,235 DAKOTA_BRIDGE_Driver_1 DEBUG    _get_service_response(REQUEST|fastran_FPP_000001@Driver@1|FRAMEWORK@Framework@0|215), response = ServiceResponseMessage(sender_id=FRAMEWORK@Framework@0, receiver_id=fastran_FPP_000001@Driver@1, request_msg_id=REQUEST|fastran_FPP_000001@Driver@1|FRAMEWORK@Framework@0|215,status=0, args=({2: {'_IPS_DYNAMIC_SIMULATION': []}},), message_id=RESPONSE|FRAMEWORK@Framework@0|fastran_FPP_000001@Driver@1|1100)
2026-04-01 14:35:53,736 DAKOTA_BRIDGE_Driver_1 DEBUG    _invoke_service(): processEvents  (2,)
2026-04-01 14:35:53,736 DAKOTA_BRIDGE_Driver_1 DEBUG    _get_service_response(REQUEST|fastran_FPP_000001@Driver@1|FRAMEWORK@Framework@0|216)
2026-04-01 14:35:53,747 DAKOTA_BRIDGE_Driver_1 DEBUG    _get_service_response(REQUEST|fastran_FPP_000001@Driver@1|FRAMEWORK@Framework@0|216), response = ServiceResponseMessage(sender_id=FRAMEWORK@Framework@0, receiver_id=fastran_FPP_000001@Driver@1, request_msg_id=REQUEST|fastran_FPP_000001@Driver@1|FRAMEWORK@Framework@0|216,status=0, args=({2: {'_IPS_DYNAMIC_SIMULATION': []}},), message_id=RESPONSE|FRAMEWORK@Framework@0|fastran_FPP_000001@Driver@1|1102)
2026-04-01 14:35:54,248 DAKOTA_BRIDGE_Driver_1 DEBUG    _invoke_service(): processEvents  (2,)
2026-04-01 14:35:54,248 DAKOTA_BRIDGE_Driver_1 DEBUG    _get_service_response(REQUEST|fastran_FPP_000001@Driver@1|FRAMEWORK@Framework@0|217)
2026-04-01 14:35:54,260 DAKOTA_BRIDGE_Driver_1 DEBUG    _get_service_response(REQUEST|fastran_FPP_000001@Driver@1|FRAMEWORK@Framework@0|217), response = ServiceResponseMessage(sender_id=FRAMEWORK@Framework@0, receiver_id=fastran_FPP_000001@Driver@1, request_msg_id=REQUEST|fastran_FPP_000001@Driver@1|FRAMEWORK@Framework@0|217,status=0, args=({2: {'_IPS_DYNAMIC_SIMULATION': []}},), message_id=RESPONSE|FRAMEWORK@Framework@0|fastran_FPP_000001@Driver@1|1104)
2026-04-01 14:35:54,761 DAKOTA_BRIDGE_Driver_1 DEBUG    _invoke_service(): processEvents  (2,)
2026-04-01 14:35:54,761 DAKOTA_BRIDGE_Driver_1 DEBUG    _get_service_response(REQUEST|fastran_FPP_000001@Driver@1|FRAMEWORK@Framework@0|218)
2026-04-01 14:35:54,773 DAKOTA_BRIDGE_Driver_1 DEBUG    _get_service_response(REQUEST|fastran_FPP_000001@Driver@1|FRAMEWORK@Framework@0|218), response = ServiceResponseMessage(sender_id=FRAMEWORK@Framework@0, receiver_id=fastran_FPP_000001@Driver@1, request_msg_id=REQUEST|fastran_FPP_000001@Driver@1|FRAMEWORK@Framework@0|218,status=0, args=({2: {'_IPS_DYNAMIC_SIMULATION': []}},), message_id=RESPONSE|FRAMEWORK@Framework@0|fastran_FPP_000001@Driver@1|1106)
2026-04-01 14:35:55,274 DAKOTA_BRIDGE_Driver_1 DEBUG    _invoke_service(): processEvents  (2,)
2026-04-01 14:35:55,274 DAKOTA_BRIDGE_Driver_1 DEBUG    _get_service_response(REQUEST|fastran_FPP_000001@Driver@1|FRAMEWORK@Framework@0|219)
2026-04-01 14:35:55,285 DAKOTA_BRIDGE_Driver_1 DEBUG    _get_service_response(REQUEST|fastran_FPP_000001@Driver@1|FRAMEWORK@Framework@0|219), response = ServiceResponseMessage(sender_id=FRAMEWORK@Framework@0, receiver_id=fastran_FPP_000001@Driver@1, request_msg_id=REQUEST|fastran_FPP_000001@Driver@1|FRAMEWORK@Framework@0|219,status=0, args=({2: {'_IPS_DYNAMIC_SIMULATION': []}},), message_id=RESPONSE|FRAMEWORK@Framework@0|fastran_FPP_000001@Driver@1|1108)
2026-04-01 14:35:55,786 DAKOTA_BRIDGE_Driver_1 DEBUG    _invoke_service(): processEvents  (2,)
2026-04-01 14:35:55,786 DAKOTA_BRIDGE_Driver_1 DEBUG    _get_service_response(REQUEST|fastran_FPP_000001@Driver@1|FRAMEWORK@Framework@0|220)
2026-04-01 14:35:55,797 DAKOTA_BRIDGE_Driver_1 DEBUG    _get_service_response(REQUEST|fastran_FPP_000001@Driver@1|FRAMEWORK@Framework@0|220), response = ServiceResponseMessage(sender_id=FRAMEWORK@Framework@0, receiver_id=fastran_FPP_000001@Driver@1, request_msg_id=REQUEST|fastran_FPP_000001@Driver@1|FRAMEWORK@Framework@0|220,status=0, args=({2: {'_IPS_DYNAMIC_SIMULATION': []}},), message_id=RESPONSE|FRAMEWORK@Framework@0|fastran_FPP_000001@Driver@1|1110)
2026-04-01 14:35:56,298 DAKOTA_BRIDGE_Driver_1 DEBUG    _invoke_service(): processEvents  (2,)
2026-04-01 14:35:56,298 DAKOTA_BRIDGE_Driver_1 DEBUG    _get_service_response(REQUEST|fastran_FPP_000001@Driver@1|FRAMEWORK@Framework@0|221)
2026-04-01 14:35:56,310 DAKOTA_BRIDGE_Driver_1 DEBUG    _get_service_response(REQUEST|fastran_FPP_000001@Driver@1|FRAMEWORK@Framework@0|221), response = ServiceResponseMessage(sender_id=FRAMEWORK@Framework@0, receiver_id=fastran_FPP_000001@Driver@1, request_msg_id=REQUEST|fastran_FPP_000001@Driver@1|FRAMEWORK@Framework@0|221,status=0, args=({2: {'_IPS_DYNAMIC_SIMULATION': []}},), message_id=RESPONSE|FRAMEWORK@Framework@0|fastran_FPP_000001@Driver@1|1112)
2026-04-01 14:35:56,811 DAKOTA_BRIDGE_Driver_1 DEBUG    _invoke_service(): processEvents  (2,)
2026-04-01 14:35:56,811 DAKOTA_BRIDGE_Driver_1 DEBUG    _get_service_response(REQUEST|fastran_FPP_000001@Driver@1|FRAMEWORK@Framework@0|222)
2026-04-01 14:35:56,822 DAKOTA_BRIDGE_Driver_1 DEBUG    _get_service_response(REQUEST|fastran_FPP_000001@Driver@1|FRAMEWORK@Framework@0|222), response = ServiceResponseMessage(sender_id=FRAMEWORK@Framework@0, receiver_id=fastran_FPP_000001@Driver@1, request_msg_id=REQUEST|fastran_FPP_000001@Driver@1|FRAMEWORK@Framework@0|222,status=0, args=({2: {'_IPS_DYNAMIC_SIMULATION': []}},), message_id=RESPONSE|FRAMEWORK@Framework@0|fastran_FPP_000001@Driver@1|1114)
2026-04-01 14:35:57,322 DAKOTA_BRIDGE_Driver_1 DEBUG    _invoke_service(): processEvents  (2,)
2026-04-01 14:35:57,323 DAKOTA_BRIDGE_Driver_1 DEBUG    _get_service_response(REQUEST|fastran_FPP_000001@Driver@1|FRAMEWORK@Framework@0|223)
2026-04-01 14:35:57,334 DAKOTA_BRIDGE_Driver_1 DEBUG    _get_service_response(REQUEST|fastran_FPP_000001@Driver@1|FRAMEWORK@Framework@0|223), response = ServiceResponseMessage(sender_id=FRAMEWORK@Framework@0, receiver_id=fastran_FPP_000001@Driver@1, request_msg_id=REQUEST|fastran_FPP_000001@Driver@1|FRAMEWORK@Framework@0|223,status=0, args=({2: {'_IPS_DYNAMIC_SIMULATION': []}},), message_id=RESPONSE|FRAMEWORK@Framework@0|fastran_FPP_000001@Driver@1|1116)
2026-04-01 14:35:57,834 DAKOTA_BRIDGE_Driver_1 DEBUG    _invoke_service(): processEvents  (2,)
2026-04-01 14:35:57,835 DAKOTA_BRIDGE_Driver_1 DEBUG    _get_service_response(REQUEST|fastran_FPP_000001@Driver@1|FRAMEWORK@Framework@0|224)
2026-04-01 14:35:57,846 DAKOTA_BRIDGE_Driver_1 DEBUG    _get_service_response(REQUEST|fastran_FPP_000001@Driver@1|FRAMEWORK@Framework@0|224), response = ServiceResponseMessage(sender_id=FRAMEWORK@Framework@0, receiver_id=fastran_FPP_000001@Driver@1, request_msg_id=REQUEST|fastran_FPP_000001@Driver@1|FRAMEWORK@Framework@0|224,status=0, args=({2: {'_IPS_DYNAMIC_SIMULATION': []}},), message_id=RESPONSE|FRAMEWORK@Framework@0|fastran_FPP_000001@Driver@1|1118)
2026-04-01 14:35:58,346 DAKOTA_BRIDGE_Driver_1 DEBUG    _invoke_service(): processEvents  (2,)
2026-04-01 14:35:58,347 DAKOTA_BRIDGE_Driver_1 DEBUG    _get_service_response(REQUEST|fastran_FPP_000001@Driver@1|FRAMEWORK@Framework@0|225)
2026-04-01 14:35:58,358 DAKOTA_BRIDGE_Driver_1 DEBUG    _get_service_response(REQUEST|fastran_FPP_000001@Driver@1|FRAMEWORK@Framework@0|225), response = ServiceResponseMessage(sender_id=FRAMEWORK@Framework@0, receiver_id=fastran_FPP_000001@Driver@1, request_msg_id=REQUEST|fastran_FPP_000001@Driver@1|FRAMEWORK@Framework@0|225,status=0, args=({2: {'_IPS_DYNAMIC_SIMULATION': []}},), message_id=RESPONSE|FRAMEWORK@Framework@0|fastran_FPP_000001@Driver@1|1120)
2026-04-01 14:35:58,858 DAKOTA_BRIDGE_Driver_1 DEBUG    _invoke_service(): processEvents  (2,)
2026-04-01 14:35:58,858 DAKOTA_BRIDGE_Driver_1 DEBUG    _get_service_response(REQUEST|fastran_FPP_000001@Driver@1|FRAMEWORK@Framework@0|226)
2026-04-01 14:35:58,869 DAKOTA_BRIDGE_Driver_1 DEBUG    _get_service_response(REQUEST|fastran_FPP_000001@Driver@1|FRAMEWORK@Framework@0|226), response = ServiceResponseMessage(sender_id=FRAMEWORK@Framework@0, receiver_id=fastran_FPP_000001@Driver@1, request_msg_id=REQUEST|fastran_FPP_000001@Driver@1|FRAMEWORK@Framework@0|226,status=0, args=({2: {'_IPS_DYNAMIC_SIMULATION': []}},), message_id=RESPONSE|FRAMEWORK@Framework@0|fastran_FPP_000001@Driver@1|1122)
2026-04-01 14:35:59,370 DAKOTA_BRIDGE_Driver_1 DEBUG    _invoke_service(): processEvents  (2,)
2026-04-01 14:35:59,370 DAKOTA_BRIDGE_Driver_1 DEBUG    _get_service_response(REQUEST|fastran_FPP_000001@Driver@1|FRAMEWORK@Framework@0|227)
2026-04-01 14:35:59,381 DAKOTA_BRIDGE_Driver_1 DEBUG    _get_service_response(REQUEST|fastran_FPP_000001@Driver@1|FRAMEWORK@Framework@0|227), response = ServiceResponseMessage(sender_id=FRAMEWORK@Framework@0, receiver_id=fastran_FPP_000001@Driver@1, request_msg_id=REQUEST|fastran_FPP_000001@Driver@1|FRAMEWORK@Framework@0|227,status=0, args=({2: {'_IPS_DYNAMIC_SIMULATION': []}},), message_id=RESPONSE|FRAMEWORK@Framework@0|fastran_FPP_000001@Driver@1|1124)
2026-04-01 14:35:59,881 DAKOTA_BRIDGE_Driver_1 DEBUG    _invoke_service(): processEvents  (2,)
2026-04-01 14:35:59,881 DAKOTA_BRIDGE_Driver_1 DEBUG    _get_service_response(REQUEST|fastran_FPP_000001@Driver@1|FRAMEWORK@Framework@0|228)
2026-04-01 14:35:59,892 DAKOTA_BRIDGE_Driver_1 DEBUG    _get_service_response(REQUEST|fastran_FPP_000001@Driver@1|FRAMEWORK@Framework@0|228), response = ServiceResponseMessage(sender_id=FRAMEWORK@Framework@0, receiver_id=fastran_FPP_000001@Driver@1, request_msg_id=REQUEST|fastran_FPP_000001@Driver@1|FRAMEWORK@Framework@0|228,status=0, args=({2: {'_IPS_DYNAMIC_SIMULATION': []}},), message_id=RESPONSE|FRAMEWORK@Framework@0|fastran_FPP_000001@Driver@1|1126)
2026-04-01 14:36:00,393 DAKOTA_BRIDGE_Driver_1 DEBUG    _invoke_service(): processEvents  (2,)
2026-04-01 14:36:00,393 DAKOTA_BRIDGE_Driver_1 DEBUG    _get_service_response(REQUEST|fastran_FPP_000001@Driver@1|FRAMEWORK@Framework@0|229)
2026-04-01 14:36:00,404 DAKOTA_BRIDGE_Driver_1 DEBUG    _get_service_response(REQUEST|fastran_FPP_000001@Driver@1|FRAMEWORK@Framework@0|229), response = ServiceResponseMessage(sender_id=FRAMEWORK@Framework@0, receiver_id=fastran_FPP_000001@Driver@1, request_msg_id=REQUEST|fastran_FPP_000001@Driver@1|FRAMEWORK@Framework@0|229,status=0, args=({2: {'_IPS_DYNAMIC_SIMULATION': []}},), message_id=RESPONSE|FRAMEWORK@Framework@0|fastran_FPP_000001@Driver@1|1128)
2026-04-01 14:36:00,905 DAKOTA_BRIDGE_Driver_1 DEBUG    _invoke_service(): processEvents  (2,)
2026-04-01 14:36:00,905 DAKOTA_BRIDGE_Driver_1 DEBUG    _get_service_response(REQUEST|fastran_FPP_000001@Driver@1|FRAMEWORK@Framework@0|230)
2026-04-01 14:36:00,915 DAKOTA_BRIDGE_Driver_1 DEBUG    _get_service_response(REQUEST|fastran_FPP_000001@Driver@1|FRAMEWORK@Framework@0|230), response = ServiceResponseMessage(sender_id=FRAMEWORK@Framework@0, receiver_id=fastran_FPP_000001@Driver@1, request_msg_id=REQUEST|fastran_FPP_000001@Driver@1|FRAMEWORK@Framework@0|230,status=0, args=({2: {'_IPS_DYNAMIC_SIMULATION': []}},), message_id=RESPONSE|FRAMEWORK@Framework@0|fastran_FPP_000001@Driver@1|1130)
2026-04-01 14:36:01,416 DAKOTA_BRIDGE_Driver_1 DEBUG    _invoke_service(): processEvents  (2,)
2026-04-01 14:36:01,416 DAKOTA_BRIDGE_Driver_1 DEBUG    _get_service_response(REQUEST|fastran_FPP_000001@Driver@1|FRAMEWORK@Framework@0|231)
2026-04-01 14:36:01,427 DAKOTA_BRIDGE_Driver_1 DEBUG    _get_service_response(REQUEST|fastran_FPP_000001@Driver@1|FRAMEWORK@Framework@0|231), response = ServiceResponseMessage(sender_id=FRAMEWORK@Framework@0, receiver_id=fastran_FPP_000001@Driver@1, request_msg_id=REQUEST|fastran_FPP_000001@Driver@1|FRAMEWORK@Framework@0|231,status=0, args=({2: {'_IPS_DYNAMIC_SIMULATION': []}},), message_id=RESPONSE|FRAMEWORK@Framework@0|fastran_FPP_000001@Driver@1|1132)
2026-04-01 14:36:01,928 DAKOTA_BRIDGE_Driver_1 DEBUG    _invoke_service(): processEvents  (2,)
2026-04-01 14:36:01,928 DAKOTA_BRIDGE_Driver_1 DEBUG    _get_service_response(REQUEST|fastran_FPP_000001@Driver@1|FRAMEWORK@Framework@0|232)
2026-04-01 14:36:01,939 DAKOTA_BRIDGE_Driver_1 DEBUG    _get_service_response(REQUEST|fastran_FPP_000001@Driver@1|FRAMEWORK@Framework@0|232), response = ServiceResponseMessage(sender_id=FRAMEWORK@Framework@0, receiver_id=fastran_FPP_000001@Driver@1, request_msg_id=REQUEST|fastran_FPP_000001@Driver@1|FRAMEWORK@Framework@0|232,status=0, args=({2: {'_IPS_DYNAMIC_SIMULATION': []}},), message_id=RESPONSE|FRAMEWORK@Framework@0|fastran_FPP_000001@Driver@1|1134)
2026-04-01 14:36:02,439 DAKOTA_BRIDGE_Driver_1 DEBUG    _invoke_service(): processEvents  (2,)
2026-04-01 14:36:02,440 DAKOTA_BRIDGE_Driver_1 DEBUG    _get_service_response(REQUEST|fastran_FPP_000001@Driver@1|FRAMEWORK@Framework@0|233)
2026-04-01 14:36:02,451 DAKOTA_BRIDGE_Driver_1 DEBUG    _get_service_response(REQUEST|fastran_FPP_000001@Driver@1|FRAMEWORK@Framework@0|233), response = ServiceResponseMessage(sender_id=FRAMEWORK@Framework@0, receiver_id=fastran_FPP_000001@Driver@1, request_msg_id=REQUEST|fastran_FPP_000001@Driver@1|FRAMEWORK@Framework@0|233,status=0, args=({2: {'_IPS_DYNAMIC_SIMULATION': []}},), message_id=RESPONSE|FRAMEWORK@Framework@0|fastran_FPP_000001@Driver@1|1136)
2026-04-01 14:36:02,951 DAKOTA_BRIDGE_Driver_1 DEBUG    _invoke_service(): processEvents  (2,)
2026-04-01 14:36:02,951 DAKOTA_BRIDGE_Driver_1 DEBUG    _get_service_response(REQUEST|fastran_FPP_000001@Driver@1|FRAMEWORK@Framework@0|234)
2026-04-01 14:36:02,962 DAKOTA_BRIDGE_Driver_1 DEBUG    _get_service_response(REQUEST|fastran_FPP_000001@Driver@1|FRAMEWORK@Framework@0|234), response = ServiceResponseMessage(sender_id=FRAMEWORK@Framework@0, receiver_id=fastran_FPP_000001@Driver@1, request_msg_id=REQUEST|fastran_FPP_000001@Driver@1|FRAMEWORK@Framework@0|234,status=0, args=({2: {'_IPS_DYNAMIC_SIMULATION': [<ipsframework.cca_es_spec.Event object at 0x7f47bf0608e0>]}},), message_id=RESPONSE|FRAMEWORK@Framework@0|fastran_FPP_000001@Driver@1|1147)
2026-04-01 14:36:02,962 DAKOTA_BRIDGE_Driver_1 DEBUG    In Component: Just received {'eventtype': 'IPS_END', 'SIM_NAME': 'fastran_FPP_000001_226694_0000', 'ok': False}
2026-04-01 14:36:02,962 DAKOTA_BRIDGE_Driver_1 DEBUG    In Component: There are 1 events in self.events_received
2026-04-01 14:36:03,465 DAKOTA_BRIDGE_Driver_1 DEBUG    _invoke_service(): processEvents  (2,)
2026-04-01 14:36:03,465 DAKOTA_BRIDGE_Driver_1 DEBUG    _get_service_response(REQUEST|fastran_FPP_000001@Driver@1|FRAMEWORK@Framework@0|235)
2026-04-01 14:36:03,477 DAKOTA_BRIDGE_Driver_1 DEBUG    _get_service_response(REQUEST|fastran_FPP_000001@Driver@1|FRAMEWORK@Framework@0|235), response = ServiceResponseMessage(sender_id=FRAMEWORK@Framework@0, receiver_id=fastran_FPP_000001@Driver@1, request_msg_id=REQUEST|fastran_FPP_000001@Driver@1|FRAMEWORK@Framework@0|235,status=0, args=({2: {'_IPS_DYNAMIC_SIMULATION': [<ipsframework.cca_es_spec.Event object at 0x7f47bf060df0>]}},), message_id=RESPONSE|FRAMEWORK@Framework@0|fastran_FPP_000001@Driver@1|1152)
2026-04-01 14:36:03,477 DAKOTA_BRIDGE_Driver_1 DEBUG    In Component: Just received {'eventtype': 'IPS_END', 'SIM_NAME': 'fastran_FPP_000001_226694_0002', 'ok': False}
2026-04-01 14:36:03,477 DAKOTA_BRIDGE_Driver_1 DEBUG    In Component: There are 1 events in self.events_received
2026-04-01 14:36:03,653 DAKOTA_BRIDGE_Driver_1 DEBUG    _invoke_service(): processEvents  (2,)
2026-04-01 14:36:03,653 DAKOTA_BRIDGE_Driver_1 DEBUG    _get_service_response(REQUEST|fastran_FPP_000001@Driver@1|FRAMEWORK@Framework@0|236)
2026-04-01 14:36:03,664 DAKOTA_BRIDGE_Driver_1 DEBUG    _get_service_response(REQUEST|fastran_FPP_000001@Driver@1|FRAMEWORK@Framework@0|236), response = ServiceResponseMessage(sender_id=FRAMEWORK@Framework@0, receiver_id=fastran_FPP_000001@Driver@1, request_msg_id=REQUEST|fastran_FPP_000001@Driver@1|FRAMEWORK@Framework@0|236,status=0, args=({2: {'_IPS_DYNAMIC_SIMULATION': []}},), message_id=RESPONSE|FRAMEWORK@Framework@0|fastran_FPP_000001@Driver@1|1153)
2026-04-01 14:36:03,667 DAKOTA_BRIDGE_Driver_1 DEBUG    Received Message 
2026-04-01 14:36:03,667 DAKOTA_BRIDGE_Driver_1 DEBUG    Calling method finalize(0)
