Major radius (central)
   0.460780929E+01
Major radius (axis)
   0.474504461E+01
Magnetic field at major radius
   0.108619947E+02
Total toroidal current
   0.125764091E+02
Number of poloidal modes
   16
Number of radial mesh points
  151
Radial mesh: sqrt(Psi/Psilim)
   0.000000000E+00   0.792257225E-02   0.158356869E-01   0.237396637E-01
   0.316335709E-01   0.395164689E-01   0.473876232E-01   0.552466934E-01
   0.630938764E-01   0.709299625E-01   0.787562579E-01   0.865743967E-01
   0.943861179E-01   0.102193049E+00   0.109996514E+00   0.117797400E+00
   0.125596117E+00   0.133392639E+00   0.141186601E+00   0.148977414E+00
   0.156764369E+00   0.164546723E+00   0.172323740E+00   0.180094720E+00
   0.187859010E+00   0.195616013E+00   0.203365174E+00   0.211105964E+00
   0.218837884E+00   0.226560512E+00   0.234273558E+00   0.241976870E+00
   0.249670371E+00   0.257353983E+00   0.265027589E+00   0.272691039E+00
   0.280344163E+00   0.287986747E+00   0.295618511E+00   0.303239110E+00
   0.310848167E+00   0.318445317E+00   0.326030213E+00   0.333602525E+00
   0.341161909E+00   0.348708013E+00   0.356240483E+00   0.363758976E+00
   0.371263163E+00   0.378752727E+00   0.386227349E+00   0.393686712E+00
   0.401130499E+00   0.408558396E+00   0.415970093E+00   0.423365275E+00
   0.430743631E+00   0.438104849E+00   0.445448622E+00   0.452774648E+00
   0.460082620E+00   0.467372237E+00   0.474643191E+00   0.481895177E+00
   0.489127882E+00   0.496340990E+00   0.503534176E+00   0.510707113E+00
   0.517859473E+00   0.524990929E+00   0.532101156E+00   0.539189832E+00
   0.546256638E+00   0.553301257E+00   0.560323372E+00   0.567322667E+00
   0.574298820E+00   0.581251509E+00   0.588180404E+00   0.595085170E+00
   0.601965469E+00   0.608820958E+00   0.615651295E+00   0.622456136E+00
   0.629235136E+00   0.635987948E+00   0.642714226E+00   0.649413622E+00
   0.656085789E+00   0.662730377E+00   0.669347032E+00   0.675935397E+00
   0.682495114E+00   0.689025821E+00   0.695527152E+00   0.701998743E+00
   0.708440222E+00   0.714851220E+00   0.721231364E+00   0.727580279E+00
   0.733897591E+00   0.740182921E+00   0.746435889E+00   0.752656112E+00
   0.758843204E+00   0.764996777E+00   0.771116438E+00   0.777201791E+00
   0.783252438E+00   0.789267975E+00   0.795247994E+00   0.801192086E+00
   0.807099835E+00   0.812970823E+00   0.818804626E+00   0.824600818E+00
   0.830358968E+00   0.836078639E+00   0.841759391E+00   0.847400778E+00
   0.853002348E+00   0.858563645E+00   0.864084204E+00   0.869563555E+00
   0.875001222E+00   0.880396720E+00   0.885749556E+00   0.891059229E+00
   0.896325225E+00   0.901547022E+00   0.906724084E+00   0.911855865E+00
   0.916941810E+00   0.921981356E+00   0.926973935E+00   0.931918975E+00
   0.936815899E+00   0.941664133E+00   0.946463106E+00   0.951212256E+00
   0.955911023E+00   0.960558838E+00   0.965155104E+00   0.969699171E+00
   0.974190333E+00   0.978627884E+00   0.983011219E+00   0.987339950E+00
   0.991614011E+00   0.995833746E+00   0.100000000E+01
Fourier equilibrium coefficients
   0.474504461E+01   0.474503996E+01   0.474502603E+01   0.474500280E+01
   0.474497028E+01   0.474492848E+01   0.474487738E+01   0.474481699E+01
   0.474474731E+01   0.474466834E+01   0.474458008E+01   0.474448253E+01
   0.474437569E+01   0.474425955E+01   0.474413413E+01   0.474399942E+01
   0.474385541E+01   0.474370212E+01   0.474353953E+01   0.474336766E+01
   0.474318649E+01   0.474299604E+01   0.474279629E+01   0.474258778E+01
   0.474237104E+01   0.474214619E+01   0.474191340E+01   0.474167284E+01
   0.474142466E+01   0.474116903E+01   0.474090610E+01   0.474063603E+01
   0.474035891E+01   0.474007488E+01   0.473978404E+01   0.473948656E+01
   0.473918264E+01   0.473887244E+01   0.473855614E+01   0.473823390E+01
   0.473790589E+01   0.473757223E+01   0.473723304E+01   0.473688845E+01
   0.473653858E+01   0.473618359E+01   0.473582360E+01   0.473545883E+01
   0.473508946E+01   0.473471569E+01   0.473433769E+01   0.473395565E+01
   0.473356971E+01   0.473317999E+01   0.473278661E+01   0.473238967E+01
   0.473198928E+01   0.473158554E+01   0.473117856E+01   0.473076842E+01
   0.473035522E+01   0.472993904E+01   0.472951996E+01   0.472909807E+01
   0.472867344E+01   0.472824614E+01   0.472781625E+01   0.472738384E+01
   0.472694896E+01   0.472651170E+01   0.472607210E+01   0.472563024E+01
   0.472518618E+01   0.472473999E+01   0.472429173E+01   0.472384146E+01
   0.472338923E+01   0.472293511E+01   0.472247914E+01   0.472202139E+01
   0.472156190E+01   0.472110073E+01   0.472063792E+01   0.472017353E+01
   0.471970762E+01   0.471924023E+01   0.471877141E+01   0.471830124E+01
   0.471782975E+01   0.471735701E+01   0.471688309E+01   0.471640807E+01
   0.471593202E+01   0.471545505E+01   0.471497725E+01   0.471449872E+01
   0.471401954E+01   0.471353981E+01   0.471305964E+01   0.471257916E+01
   0.471209847E+01   0.471161769E+01   0.471113692E+01   0.471065629E+01
   0.471017593E+01   0.470969598E+01   0.470921659E+01   0.470873792E+01
   0.470826012E+01   0.470778336E+01   0.470730783E+01   0.470683370E+01
   0.470636119E+01   0.470589051E+01   0.470542189E+01   0.470495556E+01
   0.470449177E+01   0.470403079E+01   0.470357289E+01   0.470311838E+01
   0.470266756E+01   0.470222075E+01   0.470177829E+01   0.470134051E+01
   0.470090777E+01   0.470048040E+01   0.470005877E+01   0.469964321E+01
   0.469923412E+01   0.469883188E+01   0.469843685E+01   0.469804927E+01
   0.469766934E+01   0.469729708E+01   0.469693170E+01   0.469657219E+01
   0.469621737E+01   0.469586530E+01   0.469551385E+01   0.469516116E+01
   0.469480646E+01   0.469444926E+01   0.469408924E+01   0.469372672E+01
   0.469336217E+01   0.469299769E+01   0.469264174E+01   0.469230441E+01
   0.469199576E+01   0.469172587E+01   0.469150481E+01
   0.537016833E-01   0.537013513E-01   0.537003555E-01   0.536986957E-01
   0.536963721E-01   0.536933846E-01   0.536897331E-01   0.536854178E-01
   0.536804386E-01   0.536747955E-01   0.536684885E-01   0.536615175E-01
   0.536538827E-01   0.536455840E-01   0.536366214E-01   0.536269949E-01
   0.536167045E-01   0.536057502E-01   0.535941321E-01   0.535818500E-01
   0.535689040E-01   0.535552941E-01   0.535410204E-01   0.535260913E-01
   0.535105157E-01   0.534942780E-01   0.534774173E-01   0.534599865E-01
   0.534420232E-01   0.534235038E-01   0.534043898E-01   0.533846553E-01
   0.533643270E-01   0.533434446E-01   0.533220380E-01   0.533000990E-01
   0.532776100E-01   0.532545584E-01   0.532309521E-01   0.532068044E-01
   0.531821266E-01   0.531569217E-01   0.531311910E-01   0.531049338E-01
   0.530781417E-01   0.530508043E-01   0.530229163E-01   0.529944931E-01
   0.529655551E-01   0.529361164E-01   0.529061653E-01   0.528756839E-01
   0.528446589E-01   0.528130953E-01   0.527810024E-01   0.527483847E-01
   0.527152262E-01   0.526815054E-01   0.526472040E-01   0.526123156E-01
   0.525768364E-01   0.525407609E-01   0.525040758E-01   0.524667660E-01
   0.524288153E-01   0.523902048E-01   0.523509148E-01   0.523109267E-01
   0.522702263E-01   0.522288005E-01   0.521866335E-01   0.521436980E-01
   0.520999639E-01   0.520554034E-01   0.520099979E-01   0.519637309E-01
   0.519165826E-01   0.518685188E-01   0.518195019E-01   0.517694961E-01
   0.517184725E-01   0.516664041E-01   0.516132617E-01   0.515590068E-01
   0.515035989E-01   0.514469972E-01   0.513891598E-01   0.513300449E-01
   0.512696099E-01   0.512078105E-01   0.511446021E-01   0.510799380E-01
   0.510137643E-01   0.509460248E-01   0.508766638E-01   0.508056252E-01
   0.507328530E-01   0.506582890E-01   0.505818655E-01   0.505035126E-01
   0.504231592E-01   0.503407310E-01   0.502561524E-01   0.501693456E-01
   0.500802231E-01   0.499886951E-01   0.498946696E-01   0.497980469E-01
   0.496987250E-01   0.495965992E-01   0.494915524E-01   0.493834642E-01
   0.492722118E-01   0.491576605E-01   0.490396730E-01   0.489181084E-01
   0.487928121E-01   0.486636259E-01   0.485303853E-01   0.483928999E-01
   0.482509733E-01   0.481044008E-01   0.479529453E-01   0.477963618E-01
   0.476343964E-01   0.474667602E-01   0.472931555E-01   0.471132778E-01
   0.469267961E-01   0.467333728E-01   0.465326642E-01   0.463243026E-01
   0.461079143E-01   0.458830784E-01   0.456491851E-01   0.454055774E-01
   0.451515535E-01   0.448862326E-01   0.446086892E-01   0.443179973E-01
   0.440132299E-01   0.436934593E-01   0.433580190E-01   0.430072863E-01
   0.426418996E-01   0.422616644E-01   0.418630562E-01   0.414417177E-01
   0.409932915E-01   0.405134206E-01   0.399977474E-01
   0.000000000E+00   0.781493445E-02   0.156263479E-01   0.234301745E-01
   0.312232824E-01   0.390034734E-01   0.467694832E-01   0.545210074E-01
   0.622588086E-01   0.699846913E-01   0.777013878E-01   0.854121977E-01
   0.931211399E-01   0.100832452E+00   0.108548504E+00   0.116270912E+00
   0.124000549E+00   0.131735913E+00   0.139474119E+00   0.147212166E+00
   0.154949858E+00   0.162687874E+00   0.170426830E+00   0.178166696E+00
   0.185907211E+00   0.193647985E+00   0.201388362E+00   0.209127520E+00
   0.216864673E+00   0.224599586E+00   0.232332184E+00   0.240062568E+00
   0.247791557E+00   0.255520269E+00   0.263249669E+00   0.270979624E+00
   0.278709665E+00   0.286439339E+00   0.294168486E+00   0.301897015E+00
   0.309624837E+00   0.317351912E+00   0.325078210E+00   0.332803693E+00
   0.340528296E+00   0.348251943E+00   0.355974552E+00   0.363696030E+00
   0.371416275E+00   0.379135183E+00   0.386852656E+00   0.394568598E+00
   0.402282923E+00   0.409995628E+00   0.417706732E+00   0.425416237E+00
   0.433124058E+00   0.440830086E+00   0.448534219E+00   0.456236413E+00
   0.463936636E+00   0.471634846E+00   0.479330946E+00   0.487024822E+00
   0.494716368E+00   0.502405535E+00   0.510092286E+00   0.517776584E+00
   0.525458383E+00   0.533137640E+00   0.540814297E+00   0.548488255E+00
   0.556159398E+00   0.563827617E+00   0.571492833E+00   0.579154976E+00
   0.586813972E+00   0.594469726E+00   0.602122142E+00   0.609771122E+00
   0.617416592E+00   0.625058480E+00   0.632696704E+00   0.640331146E+00
   0.647961674E+00   0.655588159E+00   0.663210479E+00   0.670828518E+00
   0.678442166E+00   0.686051350E+00   0.693656010E+00   0.701256056E+00
   0.708851277E+00   0.716441426E+00   0.724026290E+00   0.731605815E+00
   0.739179987E+00   0.746748752E+00   0.754311868E+00   0.761869040E+00
   0.769420006E+00   0.776964669E+00   0.784502976E+00   0.792034836E+00
   0.799560001E+00   0.807078179E+00   0.814589092E+00   0.822092557E+00
   0.829588411E+00   0.837076480E+00   0.844556547E+00   0.852028381E+00
   0.859491735E+00   0.866946318E+00   0.874391823E+00   0.881827945E+00
   0.889254406E+00   0.896670932E+00   0.904077241E+00   0.911473025E+00
   0.918857965E+00   0.926231718E+00   0.933593859E+00   0.940943933E+00
   0.948281503E+00   0.955606227E+00   0.962917785E+00   0.970215820E+00
   0.977499847E+00   0.984769338E+00   0.992023768E+00   0.999262641E+00
   0.100648546E+01   0.101369177E+01   0.102088127E+01   0.102805368E+01
   0.103520886E+01   0.104234703E+01   0.104946854E+01   0.105657365E+01
   0.106366217E+01   0.107073383E+01   0.107778837E+01   0.108482558E+01
   0.109184530E+01   0.109884641E+01   0.110582412E+01   0.111277253E+01
   0.111968561E+01   0.112655720E+01   0.113338095E+01
   0.000000000E+00   0.943933713E-02   0.188744717E-01   0.283005964E-01
   0.377139407E-01   0.471117706E-01   0.564923890E-01   0.658552225E-01
   0.752011827E-01   0.845325787E-01   0.938528904E-01   0.103166141E+00
   0.112477163E+00   0.121791039E+00   0.131110624E+00   0.140437865E+00
   0.149773822E+00   0.159116714E+00   0.168463108E+00   0.177809426E+00
   0.187155433E+00   0.196501928E+00   0.205849640E+00   0.215198580E+00
   0.224548493E+00   0.233898974E+00   0.243249258E+00   0.252598374E+00
   0.261945400E+00   0.271290098E+00   0.280632431E+00   0.289972582E+00
   0.299311606E+00   0.308650919E+00   0.317991755E+00   0.327334014E+00
   0.336677179E+00   0.346020767E+00   0.355364667E+00   0.364708863E+00
   0.374053341E+00   0.383398132E+00   0.392743275E+00   0.402088803E+00
   0.411434729E+00   0.420781055E+00   0.430127777E+00   0.439474888E+00
   0.448822372E+00   0.458170215E+00   0.467518421E+00   0.476866997E+00
   0.486215970E+00   0.495565447E+00   0.504915566E+00   0.514266442E+00
   0.523618089E+00   0.532970491E+00   0.542323645E+00   0.551677621E+00
   0.561032512E+00   0.570388396E+00   0.579745281E+00   0.589103158E+00
   0.598462031E+00   0.607821976E+00   0.617183089E+00   0.626545467E+00
   0.635909202E+00   0.645274386E+00   0.654641101E+00   0.664009379E+00
   0.673379238E+00   0.682750705E+00   0.692123850E+00   0.701498756E+00
   0.710875504E+00   0.720254156E+00   0.729634770E+00   0.739017411E+00
   0.748402175E+00   0.757789169E+00   0.767178489E+00   0.776570192E+00
   0.785964324E+00   0.795360935E+00   0.804760099E+00   0.814161894E+00
   0.823566416E+00   0.832973822E+00   0.842384291E+00   0.851797972E+00
   0.861214879E+00   0.870634988E+00   0.880058326E+00   0.889485131E+00
   0.898915706E+00   0.908350307E+00   0.917788970E+00   0.927231674E+00
   0.936678451E+00   0.946129558E+00   0.955585316E+00   0.965046011E+00
   0.974511757E+00   0.983982622E+00   0.993458709E+00   0.100294027E+01
   0.101242758E+01   0.102192095E+01   0.103142064E+01   0.104092693E+01
   0.105044008E+01   0.105996037E+01   0.106948804E+01   0.107902337E+01
   0.108856674E+01   0.109811856E+01   0.110767925E+01   0.111724926E+01
   0.112682906E+01   0.113641911E+01   0.114601982E+01   0.115563161E+01
   0.116525493E+01   0.117489039E+01   0.118453865E+01   0.119420037E+01
   0.120387609E+01   0.121356636E+01   0.122327177E+01   0.123299300E+01
   0.124273080E+01   0.125248579E+01   0.126225798E+01   0.127204725E+01
   0.128185330E+01   0.129167509E+01   0.130151140E+01   0.131136112E+01
   0.132122365E+01   0.133109857E+01   0.134098571E+01   0.135088606E+01
   0.136080097E+01   0.137073346E+01   0.138069332E+01   0.139069226E+01
   0.140074231E+01   0.141085583E+01   0.142104544E+01
   0.000000000E+00   0.167238896E-03   0.334305660E-03   0.500973351E-03
   0.667108983E-03   0.832673524E-03   0.997721891E-03   0.116235037E-02
   0.132647874E-02   0.148990287E-02   0.165241565E-02   0.181412382E-02
   0.197531456E-02   0.213630431E-02   0.229713317E-02   0.245772751E-02
   0.261799440E-02   0.277790226E-02   0.293743193E-02   0.309656413E-02
   0.325530579E-02   0.341367260E-02   0.357167528E-02   0.372929627E-02
   0.388650613E-02   0.404327928E-02   0.419962565E-02   0.435556743E-02
   0.451112077E-02   0.466626427E-02   0.482096297E-02   0.497519240E-02
   0.512898817E-02   0.528240715E-02   0.543549816E-02   0.558825289E-02
   0.574064513E-02   0.589265229E-02   0.604427865E-02   0.619553637E-02
   0.634643612E-02   0.649697883E-02   0.664716252E-02   0.679698362E-02
   0.694643358E-02   0.709550169E-02   0.724418121E-02   0.739248512E-02
   0.754043275E-02   0.768803902E-02   0.783529583E-02   0.798218804E-02
   0.812870364E-02   0.827484792E-02   0.842063120E-02   0.856605970E-02
   0.871112048E-02   0.885579460E-02   0.900006496E-02   0.914392656E-02
   0.928737752E-02   0.943041400E-02   0.957302431E-02   0.971519418E-02
   0.985690863E-02   0.999815242E-02   0.101389097E-01   0.102791649E-01
   0.104189060E-01   0.105581218E-01   0.106967985E-01   0.108349129E-01
   0.109724387E-01   0.111093507E-01   0.112456321E-01   0.113812679E-01
   0.115162401E-01   0.116505182E-01   0.117840679E-01   0.119168556E-01
   0.120488556E-01   0.121800437E-01   0.123103933E-01   0.124398692E-01
   0.125684335E-01   0.126960469E-01   0.128226696E-01   0.129482608E-01
   0.130727791E-01   0.131961846E-01   0.133184373E-01   0.134394939E-01
   0.135593022E-01   0.136778066E-01   0.137949511E-01   0.139106842E-01
   0.140249542E-01   0.141377062E-01   0.142488745E-01   0.143583893E-01
   0.144661797E-01   0.145721738E-01   0.146762984E-01   0.147784766E-01
   0.148786217E-01   0.149766427E-01   0.150724458E-01   0.151659319E-01
   0.152569990E-01   0.153455404E-01   0.154314380E-01   0.155145690E-01
   0.155948054E-01   0.156720086E-01   0.157460345E-01   0.158167336E-01
   0.158839430E-01   0.159474936E-01   0.160072079E-01   0.160628852E-01
   0.161143156E-01   0.161612773E-01   0.162035160E-01   0.162407643E-01
   0.162727391E-01   0.162991128E-01   0.163195401E-01   0.163336598E-01
   0.163410696E-01   0.163413497E-01   0.163340694E-01   0.163187832E-01
   0.162950344E-01   0.162622924E-01   0.162197554E-01   0.161665365E-01
   0.161016754E-01   0.160239767E-01   0.159321628E-01   0.158248854E-01
   0.157006033E-01   0.155576983E-01   0.153949793E-01   0.152131010E-01
   0.150132171E-01   0.147954063E-01   0.145552627E-01   0.142871362E-01
   0.139852329E-01   0.136436153E-01   0.132562019E-01
   0.000000000E+00   0.278121493E-04   0.557159171E-04   0.838513199E-04
   0.112275406E-03   0.140962257E-03   0.169802984E-03   0.198668576E-03
   0.227670235E-03   0.257096544E-03   0.287266989E-03   0.318145953E-03
   0.349505241E-03   0.381087689E-03   0.412904846E-03   0.445078630E-03
   0.477731984E-03   0.510850021E-03   0.544364326E-03   0.578203596E-03
   0.612348107E-03   0.646793680E-03   0.681540111E-03   0.716600161E-03
   0.751993236E-03   0.787731004E-03   0.823777689E-03   0.860079250E-03
   0.896589772E-03   0.933322016E-03   0.970308961E-03   0.100757668E-02
   0.104510258E-02   0.108284805E-02   0.112077965E-02   0.115889874E-02
   0.119721776E-02   0.123574638E-02   0.127447462E-02   0.131338659E-02
   0.135246765E-02   0.139171141E-02   0.143111391E-02   0.147067287E-02
   0.151039193E-02   0.155027708E-02   0.159033075E-02   0.163053706E-02
   0.167087432E-02   0.171132546E-02   0.175189673E-02   0.179260161E-02
   0.183345085E-02   0.187443870E-02   0.191555480E-02   0.195679291E-02
   0.199816522E-02   0.203968985E-02   0.208138332E-02   0.212325054E-02
   0.216529362E-02   0.220751654E-02   0.224993022E-02   0.229254805E-02
   0.233538457E-02   0.237845631E-02   0.242178102E-02   0.246537612E-02
   0.250925454E-02   0.255342840E-02   0.259791253E-02   0.264273128E-02
   0.268791239E-02   0.273348243E-02   0.277945924E-02   0.282585875E-02
   0.287270024E-02   0.292001522E-02   0.296783936E-02   0.301620760E-02
   0.306514768E-02   0.311468602E-02   0.316485145E-02   0.321568048E-02
   0.326721249E-02   0.331948777E-02   0.337254654E-02   0.342642985E-02
   0.348117984E-02   0.353683954E-02   0.359345308E-02   0.365106683E-02
   0.370973291E-02   0.376950597E-02   0.383044154E-02   0.389259426E-02
   0.395601954E-02   0.402077559E-02   0.408692828E-02   0.415454665E-02
   0.422370159E-02   0.429446635E-02   0.436691604E-02   0.444112893E-02
   0.451719081E-02   0.459519095E-02   0.467522160E-02   0.475738098E-02
   0.484177052E-02   0.492849571E-02   0.501767175E-02   0.510941829E-02
   0.520385921E-02   0.530112746E-02   0.540136056E-02   0.550470104E-02
   0.561130267E-02   0.572132462E-02   0.583493382E-02   0.595231820E-02
   0.607367422E-02   0.619920856E-02   0.632915609E-02   0.646376293E-02
   0.660328666E-02   0.674801467E-02   0.689824687E-02   0.705429477E-02
   0.721649679E-02   0.738520382E-02   0.756077772E-02   0.774360184E-02
   0.793407105E-02   0.813263150E-02   0.833991228E-02   0.855660087E-02
   0.878343871E-02   0.902133762E-02   0.927126956E-02   0.953420554E-02
   0.981104347E-02   0.101026766E-01   0.104098204E-01   0.107324127E-01
   0.110701833E-01   0.114235527E-01   0.117957880E-01   0.121909545E-01
   0.126132193E-01   0.130668521E-01   0.135562245E-01
  -0.000000000E+00  -0.189267357E-05  -0.757821801E-05  -0.170679189E-04
  -0.303730619E-04  -0.475049326E-04  -0.684748166E-04  -0.932939995E-04
  -0.121973767E-03  -0.154525404E-03  -0.190960198E-03  -0.231289432E-03
  -0.275524393E-03  -0.323676367E-03  -0.375756639E-03  -0.431776495E-03
  -0.491747220E-03  -0.555680101E-03  -0.623586421E-03  -0.695477468E-03
  -0.771364527E-03  -0.851258882E-03  -0.935171821E-03  -0.102315815E-02
  -0.111526515E-02  -0.121151909E-02  -0.131193715E-02  -0.141653332E-02
  -0.152532271E-02  -0.163832878E-02  -0.175557787E-02  -0.187710124E-02
  -0.200294843E-02  -0.213317680E-02  -0.226784196E-02  -0.240697910E-02
  -0.255061793E-02  -0.269878931E-02  -0.285152911E-02  -0.300887509E-02
  -0.317086641E-02  -0.333754590E-02  -0.350895819E-02  -0.368514908E-02
  -0.386616560E-02  -0.405205594E-02  -0.424286916E-02  -0.443865416E-02
  -0.463946056E-02  -0.484533960E-02  -0.505634622E-02  -0.527253731E-02
  -0.549397150E-02  -0.572071058E-02  -0.595281830E-02  -0.619035802E-02
  -0.643338692E-02  -0.668196103E-02  -0.693613858E-02  -0.719598453E-02
  -0.746156654E-02  -0.773295346E-02  -0.801021487E-02  -0.829342148E-02
  -0.858264615E-02  -0.887796672E-02  -0.917946352E-02  -0.948721878E-02
  -0.980131773E-02  -0.101218476E-01  -0.104488974E-01  -0.107825575E-01
  -0.111229200E-01  -0.114700802E-01  -0.118241400E-01  -0.121852049E-01
  -0.125533827E-01  -0.129287831E-01  -0.133115180E-01  -0.137017028E-01
  -0.140994593E-01  -0.145049126E-01  -0.149181912E-01  -0.153394275E-01
  -0.157687571E-01  -0.162063193E-01  -0.166522608E-01  -0.171067325E-01
  -0.175698900E-01  -0.180419011E-01  -0.185229387E-01  -0.190131794E-01
  -0.195128025E-01  -0.200219905E-01  -0.205409340E-01  -0.210698454E-01
  -0.216089463E-01  -0.221584613E-01  -0.227186142E-01  -0.232896315E-01
  -0.238717501E-01  -0.244652337E-01  -0.250703579E-01  -0.256874033E-01
  -0.263166555E-01  -0.269584056E-01  -0.276129561E-01  -0.282806392E-01
  -0.289617995E-01  -0.296567926E-01  -0.303659973E-01  -0.310898041E-01
  -0.318286160E-01  -0.325828628E-01  -0.333529878E-01  -0.341394505E-01
  -0.349427500E-01  -0.357634031E-01  -0.366019454E-01  -0.374589577E-01
  -0.383350410E-01  -0.392308159E-01  -0.401469448E-01  -0.410841106E-01
  -0.420430259E-01  -0.430244811E-01  -0.440292991E-01  -0.450583292E-01
  -0.461124771E-01  -0.471926766E-01  -0.482998779E-01  -0.494350400E-01
  -0.505991377E-01  -0.517931178E-01  -0.530177566E-01  -0.542737949E-01
  -0.555619418E-01  -0.568827486E-01  -0.582367287E-01  -0.596245296E-01
  -0.610473363E-01  -0.625064892E-01  -0.640034016E-01  -0.655397064E-01
  -0.671171169E-01  -0.687381852E-01  -0.704087640E-01  -0.721356670E-01
  -0.739258747E-01  -0.757865342E-01  -0.777249590E-01
   0.000000000E+00   0.129750831E-05   0.519542432E-05   0.117018346E-04
   0.208248259E-04   0.325724846E-04   0.469528975E-04   0.639741512E-04
   0.836443322E-04   0.105971527E-03   0.130963823E-03   0.158629306E-03
   0.188976062E-03   0.222012179E-03   0.257745743E-03   0.296184841E-03
   0.337337559E-03   0.381211983E-03   0.427816202E-03   0.477158300E-03
   0.529246365E-03   0.584088483E-03   0.641692741E-03   0.702097069E-03
   0.765334005E-03   0.831421744E-03   0.900372780E-03   0.972197588E-03
   0.104690725E-02   0.112451745E-02   0.120504545E-02   0.128851200E-02
   0.137495133E-02   0.146440331E-02   0.155690643E-02   0.165248409E-02
   0.175115558E-02   0.185294095E-02   0.195786411E-02   0.206595033E-02
   0.217722569E-02   0.229171821E-02   0.240945693E-02   0.253047155E-02
   0.265479244E-02   0.278245064E-02   0.291347769E-02   0.304790508E-02
   0.318576472E-02   0.332708929E-02   0.347191299E-02   0.362027091E-02
   0.377219928E-02   0.392773681E-02   0.408692355E-02   0.424979900E-02
   0.441639772E-02   0.458675319E-02   0.476090015E-02   0.493887777E-02
   0.512072689E-02   0.530648886E-02   0.549620500E-02   0.568991707E-02
   0.588766800E-02   0.608950362E-02   0.629547109E-02   0.650561856E-02
   0.671999568E-02   0.693865315E-02   0.716164237E-02   0.738901500E-02
   0.762082339E-02   0.785712148E-02   0.809796731E-02   0.834342076E-02
   0.859354268E-02   0.884839441E-02   0.910803824E-02   0.937253808E-02
   0.964196125E-02   0.991637686E-02   0.101958554E-01   0.104804689E-01
   0.107702911E-01   0.110653971E-01   0.113658658E-01   0.116717780E-01
   0.119832169E-01   0.123002719E-01   0.126230356E-01   0.129516013E-01
   0.132860618E-01   0.136265113E-01   0.139730476E-01   0.143257815E-01
   0.146848283E-01   0.150503041E-01   0.154223214E-01   0.158009927E-01
   0.161864359E-01   0.165787837E-01   0.169781746E-01   0.173847491E-01
   0.177986461E-01   0.182200064E-01   0.186489760E-01   0.190857149E-01
   0.195303893E-01   0.199831697E-01   0.204442353E-01   0.209137701E-01
   0.213919631E-01   0.218790133E-01   0.223751247E-01   0.228805084E-01
   0.233953924E-01   0.239200120E-01   0.244546099E-01   0.249994450E-01
   0.255547840E-01   0.261208997E-01   0.266980748E-01   0.272865984E-01
   0.278867727E-01   0.284989377E-01   0.291234478E-01   0.297606685E-01
   0.304109897E-01   0.310748129E-01   0.317525412E-01   0.324445601E-01
   0.331512553E-01   0.338729964E-01   0.346100657E-01   0.353627257E-01
   0.361312335E-01   0.369158193E-01   0.377167073E-01   0.385341713E-01
   0.393686845E-01   0.402207775E-01   0.410910548E-01   0.419803912E-01
   0.428897453E-01   0.438202589E-01   0.447737545E-01   0.457522626E-01
   0.467578611E-01   0.477926750E-01   0.488588767E-01
   0.000000000E+00   0.241697228E-06   0.967596608E-06   0.217890968E-05
   0.387684800E-05   0.606262311E-05   0.873744654E-05   0.119025299E-04
   0.155590846E-04   0.197083223E-04   0.243514545E-04   0.294896927E-04
   0.351242486E-04   0.412563336E-04   0.478871593E-04   0.550179372E-04
   0.626498789E-04   0.707841959E-04   0.794220998E-04   0.885648021E-04
   0.982135143E-04   0.108369448E-03   0.119033815E-03   0.130224141E-03
   0.141957143E-03   0.154243332E-03   0.167069927E-03   0.180415033E-03
   0.194262085E-03   0.208629728E-03   0.223549084E-03   0.239046417E-03
   0.255114189E-03   0.271733699E-03   0.288890705E-03   0.306599062E-03
   0.324881810E-03   0.343759302E-03   0.363233127E-03   0.383299217E-03
   0.403954832E-03   0.425205814E-03   0.447060583E-03   0.469528422E-03
   0.492620886E-03   0.516350618E-03   0.540728250E-03   0.565753876E-03
   0.591424291E-03   0.617739563E-03   0.644715672E-03   0.672373667E-03
   0.700731866E-03   0.729793397E-03   0.759556987E-03   0.790024259E-03
   0.821210730E-03   0.853136207E-03   0.885819000E-03   0.919268304E-03
   0.953490893E-03   0.988494710E-03   0.102429278E-02   0.106089973E-02
   0.109833071E-02   0.113660163E-02   0.117572892E-02   0.121572860E-02
   0.125661353E-02   0.129839589E-02   0.134108974E-02   0.138471648E-02
   0.142929998E-02   0.147486291E-02   0.152142078E-02   0.156898730E-02
   0.161757846E-02   0.166721901E-02   0.171793656E-02   0.176975808E-02
   0.182270540E-02   0.187679934E-02   0.193206230E-02   0.198852219E-02
   0.204620884E-02   0.210515241E-02   0.216538197E-02   0.222692679E-02
   0.228981723E-02   0.235408629E-02   0.241976816E-02   0.248689835E-02
   0.255551541E-02   0.262565934E-02   0.269737088E-02   0.277069129E-02
   0.284566257E-02   0.292232864E-02   0.300073857E-02   0.308094357E-02
   0.316299588E-02   0.324694840E-02   0.333285502E-02   0.342077208E-02
   0.351076253E-02   0.360289204E-02   0.369722822E-02   0.379384217E-02
   0.389280704E-02   0.399419893E-02   0.409810144E-02   0.420460142E-02
   0.431378867E-02   0.442575928E-02   0.454061252E-02   0.465845118E-02
   0.477938610E-02   0.490353196E-02   0.503100914E-02   0.516195394E-02
   0.529650897E-02   0.543482306E-02   0.557706081E-02   0.572339357E-02
   0.587400114E-02   0.602908631E-02   0.618886118E-02   0.635354119E-02
   0.652334145E-02   0.669848024E-02   0.687918626E-02   0.706571725E-02
   0.725834238E-02   0.745734274E-02   0.766303093E-02   0.787573251E-02
   0.809578525E-02   0.832355626E-02   0.855942577E-02   0.880383156E-02
   0.905742161E-02   0.932090937E-02   0.959479116E-02   0.987863284E-02
   0.101717470E-01   0.104741472E-01   0.107887601E-01   0.111193231E-01
   0.114696704E-01   0.118437328E-01   0.122455377E-01
   0.000000000E+00   0.231856293E-06   0.927771681E-06   0.208826593E-05
   0.371385879E-05   0.580507004E-05   0.836241944E-05   0.113864267E-04
   0.148776117E-04   0.188364941E-04   0.232635938E-04   0.281594303E-04
   0.335245236E-04   0.393593934E-04   0.456645595E-04   0.524405415E-04
   0.596878593E-04   0.674070327E-04   0.755985814E-04   0.842630251E-04
   0.934008837E-04   0.103012677E-03   0.113098924E-03   0.123670492E-03
   0.134737900E-03   0.146307525E-03   0.158369662E-03   0.170908281E-03
   0.183910876E-03   0.197388741E-03   0.211361545E-03   0.225845778E-03
   0.240835781E-03   0.256318588E-03   0.272284056E-03   0.288740044E-03
   0.305700274E-03   0.323176591E-03   0.341168293E-03   0.359670829E-03
   0.378680473E-03   0.398199224E-03   0.418230747E-03   0.438779184E-03
   0.459849996E-03   0.481449259E-03   0.503581594E-03   0.526244420E-03
   0.549432841E-03   0.573144066E-03   0.597385938E-03   0.622169619E-03
   0.647504354E-03   0.673389110E-03   0.699819815E-03   0.726794128E-03
   0.754318412E-03   0.782401646E-03   0.811051721E-03   0.840270522E-03
   0.870058250E-03   0.900415710E-03   0.931346722E-03   0.962855989E-03
   0.994948408E-03   0.102762926E-02   0.106090404E-02   0.109477779E-02
   0.112925317E-02   0.116433218E-02   0.120001788E-02   0.123631779E-02
   0.127324081E-02   0.131079490E-02   0.134898312E-02   0.138780721E-02
   0.142727007E-02   0.146737978E-02   0.150814597E-02   0.154957765E-02
   0.159168026E-02   0.163445839E-02   0.167791734E-02   0.172206531E-02
   0.176691146E-02   0.181246480E-02   0.185873315E-02   0.190572412E-02
   0.195344570E-02   0.200190698E-02   0.205111753E-02   0.210108732E-02
   0.215182750E-02   0.220334967E-02   0.225566552E-02   0.230878621E-02
   0.236272289E-02   0.241748743E-02   0.247309388E-02   0.252955712E-02
   0.258689207E-02   0.264511289E-02   0.270423376E-02   0.276426968E-02
   0.282523820E-02   0.288715785E-02   0.295004760E-02   0.301392694E-02
   0.307881583E-02   0.314473509E-02   0.321170783E-02   0.327975812E-02
   0.334891069E-02   0.341919126E-02   0.349062623E-02   0.356324265E-02
   0.363706868E-02   0.371213314E-02   0.378846678E-02   0.386610629E-02
   0.394509054E-02   0.402545985E-02   0.410725806E-02   0.419053064E-02
   0.427532481E-02   0.436169216E-02   0.444968621E-02   0.453935731E-02
   0.463073946E-02   0.472386273E-02   0.481875924E-02   0.491546846E-02
   0.501403219E-02   0.511449236E-02   0.521688955E-02   0.532126439E-02
   0.542765131E-02   0.553605790E-02   0.564648445E-02   0.575894687E-02
   0.587352638E-02   0.599032240E-02   0.610933354E-02   0.623014293E-02
   0.635221697E-02   0.647529053E-02   0.660023385E-02   0.672822872E-02
   0.686048862E-02   0.699825877E-02   0.714281613E-02
  -0.000000000E+00  -0.249126207E-03  -0.498136341E-03  -0.746898626E-03
  -0.995308204E-03  -0.124328714E-02  -0.149078441E-02  -0.173777664E-02
  -0.198427110E-02  -0.223030498E-02  -0.247594631E-02  -0.272129944E-02
  -0.296650272E-02  -0.321170371E-02  -0.345697361E-02  -0.370235276E-02
  -0.394785748E-02  -0.419343373E-02  -0.443898526E-02  -0.468441284E-02
  -0.492970905E-02  -0.517489554E-02  -0.541999190E-02  -0.566499392E-02
  -0.590988887E-02  -0.615466104E-02  -0.639929065E-02  -0.664375468E-02
  -0.688803121E-02  -0.713211296E-02  -0.737599699E-02  -0.761968702E-02
  -0.786321350E-02  -0.810661791E-02  -0.834993697E-02  -0.859317021E-02
  -0.883630588E-02  -0.907933370E-02  -0.932225530E-02  -0.956507568E-02
  -0.980780066E-02  -0.100504385E-01  -0.102929986E-01  -0.105354900E-01
  -0.107779193E-01  -0.110202922E-01  -0.112626149E-01  -0.115048943E-01
  -0.117471377E-01  -0.119893535E-01  -0.122315530E-01  -0.124737491E-01
  -0.127159551E-01  -0.129581855E-01  -0.132004556E-01  -0.134427799E-01
  -0.136851686E-01  -0.139276305E-01  -0.141701755E-01  -0.144128171E-01
  -0.146555703E-01  -0.148984498E-01  -0.151414675E-01  -0.153846349E-01
  -0.156279643E-01  -0.158714700E-01  -0.161151672E-01  -0.163590714E-01
  -0.166031992E-01  -0.168475677E-01  -0.170921937E-01  -0.173370916E-01
  -0.175822753E-01  -0.178277595E-01  -0.180735623E-01  -0.183197027E-01
  -0.185661998E-01  -0.188130702E-01  -0.190603301E-01  -0.193079969E-01
  -0.195560908E-01  -0.198046333E-01  -0.200536457E-01  -0.203031469E-01
  -0.205531554E-01  -0.208036904E-01  -0.210547732E-01  -0.213064264E-01
  -0.215586727E-01  -0.218115366E-01  -0.220650430E-01  -0.223192171E-01
  -0.225740830E-01  -0.228296650E-01  -0.230859890E-01  -0.233430857E-01
  -0.236009880E-01  -0.238597279E-01  -0.241193329E-01  -0.243798296E-01
  -0.246412462E-01  -0.249036178E-01  -0.251669815E-01  -0.254313740E-01
  -0.256968268E-01  -0.259633707E-01  -0.262310382E-01  -0.264998680E-01
  -0.267699008E-01  -0.270411777E-01  -0.273137396E-01  -0.275876278E-01
  -0.278628841E-01  -0.281395496E-01  -0.284176660E-01  -0.286972751E-01
  -0.289784172E-01  -0.292611326E-01  -0.295454632E-01  -0.298314548E-01
  -0.301191550E-01  -0.304086132E-01  -0.306998851E-01  -0.309930287E-01
  -0.312880969E-01  -0.315851196E-01  -0.318841208E-01  -0.321851146E-01
  -0.324880752E-01  -0.327929653E-01  -0.330997455E-01  -0.334083740E-01
  -0.337188069E-01  -0.340309764E-01  -0.343447246E-01  -0.346598659E-01
  -0.349761745E-01  -0.352932777E-01  -0.356107572E-01  -0.359282282E-01
  -0.362454816E-01  -0.365623492E-01  -0.368786211E-01  -0.371939290E-01
  -0.375078565E-01  -0.378202746E-01  -0.381322504E-01  -0.384451835E-01
  -0.387605119E-01  -0.390797127E-01  -0.394043013E-01
  -0.000000000E+00  -0.282217117E-03  -0.564321245E-03  -0.846192554E-03
  -0.112772294E-02  -0.140881603E-02  -0.168938716E-02  -0.196937896E-02
  -0.224882581E-02  -0.252783825E-02  -0.280657270E-02  -0.308515857E-02
  -0.336372889E-02  -0.364242034E-02  -0.392131755E-02  -0.420048273E-02
  -0.447995317E-02  -0.475968706E-02  -0.503959636E-02  -0.531958722E-02
  -0.559965174E-02  -0.587980729E-02  -0.616007076E-02  -0.644045293E-02
  -0.672096242E-02  -0.700160246E-02  -0.728235501E-02  -0.756319240E-02
  -0.784408924E-02  -0.812504707E-02  -0.840607556E-02  -0.868719123E-02
  -0.896843566E-02  -0.924986122E-02  -0.953151463E-02  -0.981340064E-02
  -0.100955111E-01  -0.103778396E-01  -0.106603953E-01  -0.109431919E-01
  -0.112262421E-01  -0.115095554E-01  -0.117931400E-01  -0.120770046E-01
  -0.123611603E-01  -0.126456189E-01  -0.129303925E-01  -0.132154942E-01
  -0.135009374E-01  -0.137867359E-01  -0.140729025E-01  -0.143594505E-01
  -0.146463932E-01  -0.149337448E-01  -0.152215198E-01  -0.155097323E-01
  -0.157983941E-01  -0.160875164E-01  -0.163771108E-01  -0.166671908E-01
  -0.169577706E-01  -0.172488639E-01  -0.175404813E-01  -0.178326328E-01
  -0.181253289E-01  -0.184185830E-01  -0.187124092E-01  -0.190068214E-01
  -0.193018326E-01  -0.195974556E-01  -0.198937030E-01  -0.201905865E-01
  -0.204881178E-01  -0.207863084E-01  -0.210851704E-01  -0.213847158E-01
  -0.216849567E-01  -0.219859053E-01  -0.222875739E-01  -0.225899748E-01
  -0.228931201E-01  -0.231970220E-01  -0.235016925E-01  -0.238071427E-01
  -0.241133839E-01  -0.244204268E-01  -0.247282824E-01  -0.250369612E-01
  -0.253464747E-01  -0.256568379E-01  -0.259680669E-01  -0.262801765E-01
  -0.265931758E-01  -0.269070727E-01  -0.272218767E-01  -0.275376061E-01
  -0.278542815E-01  -0.281719218E-01  -0.284905373E-01  -0.288101360E-01
  -0.291307279E-01  -0.294523308E-01  -0.297749647E-01  -0.300986488E-01
  -0.304233962E-01  -0.307492187E-01  -0.310761290E-01  -0.314041439E-01
  -0.317332812E-01  -0.320635588E-01  -0.323949945E-01  -0.327276057E-01
  -0.330614099E-01  -0.333964235E-01  -0.337326626E-01  -0.340701452E-01
  -0.344088955E-01  -0.347489400E-01  -0.350903048E-01  -0.354330140E-01
  -0.357770913E-01  -0.361225575E-01  -0.364694209E-01  -0.368176864E-01
  -0.371673595E-01  -0.375184505E-01  -0.378709705E-01  -0.382249324E-01
  -0.385803568E-01  -0.389372663E-01  -0.392956859E-01  -0.396556510E-01
  -0.400171996E-01  -0.403803387E-01  -0.407449452E-01  -0.411108591E-01
  -0.414778705E-01  -0.418455808E-01  -0.422135343E-01  -0.425812741E-01
  -0.429483809E-01  -0.433144364E-01  -0.436791197E-01  -0.440425376E-01
  -0.444049108E-01  -0.447666187E-01  -0.451286597E-01  -0.454922137E-01
  -0.458584929E-01  -0.462287416E-01  -0.466042368E-01
   0.000000000E+00   0.236675158E-04   0.473382682E-04   0.710179551E-04
   0.947080551E-04   0.118405827E-03   0.142104311E-03   0.165797738E-03
   0.189503949E-03   0.213258987E-03   0.237104220E-03   0.261052124E-03
   0.285100693E-03   0.309245959E-03   0.333501242E-03   0.357886906E-03
   0.382421424E-03   0.407105848E-03   0.431933235E-03   0.456896134E-03
   0.481998916E-03   0.507249617E-03   0.532656442E-03   0.558226863E-03
   0.583968253E-03   0.609887023E-03   0.635984937E-03   0.662261819E-03
   0.688718383E-03   0.715362168E-03   0.742203020E-03   0.769250760E-03
   0.796513045E-03   0.823997039E-03   0.851709896E-03   0.879658333E-03
   0.907848970E-03   0.936288529E-03   0.964984065E-03   0.993942776E-03
   0.102317184E-02   0.105267810E-02   0.108246831E-02   0.111254951E-02
   0.114292974E-02   0.117361743E-02   0.120462106E-02   0.123594874E-02
   0.126760860E-02   0.129960875E-02   0.133195708E-02   0.136466144E-02
   0.139772976E-02   0.143117011E-02   0.146499061E-02   0.149919994E-02
   0.153380876E-02   0.156882848E-02   0.160427033E-02   0.164014405E-02
   0.167645905E-02   0.171322508E-02   0.175045295E-02   0.178815389E-02
   0.182633930E-02   0.186502080E-02   0.190421018E-02   0.194391935E-02
   0.198416015E-02   0.202494451E-02   0.206628473E-02   0.210819412E-02
   0.215068647E-02   0.219377549E-02   0.223747398E-02   0.228179463E-02
   0.232675071E-02   0.237235754E-02   0.241863116E-02   0.246558758E-02
   0.251324179E-02   0.256160865E-02   0.261070351E-02   0.266054317E-02
   0.271114498E-02   0.276252659E-02   0.281470588E-02   0.286770104E-02
   0.292153062E-02   0.297621383E-02   0.303177035E-02   0.308822012E-02
   0.314558353E-02   0.320388129E-02   0.326313473E-02   0.332336678E-02
   0.338460107E-02   0.344686156E-02   0.351017241E-02   0.357455810E-02
   0.364004388E-02   0.370665703E-02   0.377442566E-02   0.384337847E-02
   0.391354499E-02   0.398495534E-02   0.405764053E-02   0.413163375E-02
   0.420696918E-02   0.428368200E-02   0.436180968E-02   0.444139078E-02
   0.452246492E-02   0.460507398E-02   0.468926098E-02   0.477507031E-02
   0.486254962E-02   0.495174805E-02   0.504271639E-02   0.513550940E-02
   0.523018367E-02   0.532679847E-02   0.542542078E-02   0.552612060E-02
   0.562897021E-02   0.573404709E-02   0.584143118E-02   0.595120672E-02
   0.606347060E-02   0.617832451E-02   0.629587275E-02   0.641622407E-02
   0.653948994E-02   0.666579088E-02   0.679527747E-02   0.692811047E-02
   0.706447365E-02   0.720463364E-02   0.734888326E-02   0.749751367E-02
   0.765078843E-02   0.780896814E-02   0.797228588E-02   0.814084672E-02
   0.831472312E-02   0.849410982E-02   0.867969784E-02   0.887231901E-02
   0.907282530E-02   0.928208874E-02   0.950100152E-02
  -0.000000000E+00  -0.314404389E-04  -0.628697873E-04  -0.942788812E-04
  -0.125655254E-03  -0.156983137E-03  -0.188243460E-03  -0.219419128E-03
  -0.250516899E-03  -0.281562101E-03  -0.312586134E-03  -0.343593311E-03
  -0.374574815E-03  -0.405520040E-03  -0.436432320E-03  -0.467320563E-03
  -0.498190971E-03  -0.529030958E-03  -0.559818916E-03  -0.590532519E-03
  -0.621163376E-03  -0.651707337E-03  -0.682160306E-03  -0.712517039E-03
  -0.742771986E-03  -0.772918603E-03  -0.802945982E-03  -0.832841327E-03
  -0.862592390E-03  -0.892192422E-03  -0.921636405E-03  -0.950919589E-03
  -0.980037277E-03  -0.100898500E-02  -0.103775793E-02  -0.106634893E-02
  -0.109475009E-02  -0.112295345E-02  -0.115095117E-02  -0.117873538E-02
  -0.120629820E-02  -0.123363195E-02  -0.126072898E-02  -0.128758166E-02
  -0.131418255E-02  -0.134052423E-02  -0.136659904E-02  -0.139239825E-02
  -0.141791276E-02  -0.144313377E-02  -0.146805424E-02  -0.149266764E-02
  -0.151696731E-02  -0.154094587E-02  -0.156459572E-02  -0.158790915E-02
  -0.161087792E-02  -0.163349361E-02  -0.165574789E-02  -0.167763299E-02
  -0.169914128E-02  -0.172026497E-02  -0.174099552E-02  -0.176132415E-02
  -0.178124216E-02  -0.180074131E-02  -0.181981348E-02  -0.183845040E-02
  -0.185664331E-02  -0.187438329E-02  -0.189166127E-02  -0.190846794E-02
  -0.192479385E-02  -0.194062953E-02  -0.195596565E-02  -0.197079287E-02
  -0.198510160E-02  -0.199888139E-02  -0.201212146E-02  -0.202481108E-02
  -0.203693991E-02  -0.204849767E-02  -0.205947378E-02  -0.206985675E-02
  -0.207963471E-02  -0.208879564E-02  -0.209732729E-02  -0.210521720E-02
  -0.211245278E-02  -0.211902124E-02  -0.212490961E-02  -0.213010462E-02
  -0.213459214E-02  -0.213835765E-02  -0.214138642E-02  -0.214366335E-02
  -0.214517312E-02  -0.214590004E-02  -0.214582755E-02  -0.214493872E-02
  -0.214321630E-02  -0.214064249E-02  -0.213719917E-02  -0.213286771E-02
  -0.212762825E-02  -0.212146036E-02  -0.211434319E-02  -0.210625505E-02
  -0.209717381E-02  -0.208707664E-02  -0.207593909E-02  -0.206373596E-02
  -0.205044140E-02  -0.203602815E-02  -0.202046823E-02  -0.200373289E-02
  -0.198579168E-02  -0.196661327E-02  -0.194616543E-02  -0.192441365E-02
  -0.190132242E-02  -0.187685469E-02  -0.185096914E-02  -0.182362276E-02
  -0.179477100E-02  -0.176436542E-02  -0.173235594E-02  -0.169868992E-02
  -0.166330750E-02  -0.162614603E-02  -0.158714302E-02  -0.154624048E-02
  -0.150338082E-02  -0.145849871E-02  -0.141150030E-02  -0.136228288E-02
  -0.131072267E-02  -0.125661706E-02  -0.119973932E-02  -0.113986549E-02
  -0.107679978E-02  -0.101035050E-02  -0.940367211E-03  -0.866879508E-03
  -0.789965288E-03  -0.709628674E-03  -0.625563699E-03  -0.537378879E-03
  -0.444673505E-03  -0.347037635E-03  -0.244052098E-03
  -0.000000000E+00  -0.639316163E-06  -0.255766884E-05  -0.575566432E-05
  -0.102339089E-04  -0.159930088E-04  -0.230335704E-04  -0.313562000E-04
  -0.409615037E-04  -0.518500880E-04  -0.640225590E-04  -0.774795232E-04
  -0.922215867E-04  -0.108249356E-03  -0.125563437E-03  -0.144164436E-03
  -0.164052960E-03  -0.185229615E-03  -0.207695006E-03  -0.231449741E-03
  -0.256494426E-03  -0.282829667E-03  -0.310456069E-03  -0.339380105E-03
  -0.369607841E-03  -0.401144066E-03  -0.433986787E-03  -0.468131471E-03
  -0.503573778E-03  -0.540313283E-03  -0.578350645E-03  -0.617687702E-03
  -0.658331223E-03  -0.700289971E-03  -0.743571393E-03  -0.788174370E-03
  -0.834095013E-03  -0.881330567E-03  -0.929885166E-03  -0.979765145E-03
  -0.103097614E-02  -0.108351927E-02  -0.113739429E-02  -0.119260031E-02
  -0.124913442E-02  -0.130699283E-02  -0.136617259E-02  -0.142667564E-02
  -0.148850532E-02  -0.155166438E-02  -0.161615213E-02  -0.168196688E-02
  -0.174910733E-02  -0.181757459E-02  -0.188737042E-02  -0.195849603E-02
  -0.203095003E-02  -0.210473019E-02  -0.217983441E-02  -0.225626167E-02
  -0.233401121E-02  -0.241308182E-02  -0.249347090E-02  -0.257517526E-02
  -0.265819179E-02  -0.274251813E-02  -0.282815206E-02  -0.291509128E-02
  -0.300333362E-02  -0.309287686E-02  -0.318371846E-02  -0.327585477E-02
  -0.336928174E-02  -0.346399536E-02  -0.355999227E-02  -0.365726921E-02
  -0.375582259E-02  -0.385564781E-02  -0.395673991E-02  -0.405909389E-02
  -0.416270537E-02  -0.426757001E-02  -0.437368315E-02  -0.448103919E-02
  -0.458963216E-02  -0.469945589E-02  -0.481050396E-02  -0.492276976E-02
  -0.503624645E-02  -0.515092673E-02  -0.526680306E-02  -0.538386728E-02
  -0.550210947E-02  -0.562151899E-02  -0.574208523E-02  -0.586379852E-02
  -0.598664931E-02  -0.611062691E-02  -0.623571682E-02  -0.636190324E-02
  -0.648917036E-02  -0.661750368E-02  -0.674688881E-02  -0.687730981E-02
  -0.700874556E-02  -0.714117316E-02  -0.727456910E-02  -0.740890921E-02
  -0.754416872E-02  -0.768032128E-02  -0.781733597E-02  -0.795518009E-02
  -0.809381900E-02  -0.823321257E-02  -0.837331845E-02  -0.851409182E-02
  -0.865548081E-02  -0.879743080E-02  -0.893988469E-02  -0.908277963E-02
  -0.922605013E-02  -0.936962635E-02  -0.951342577E-02  -0.965736105E-02
  -0.980133834E-02  -0.994524392E-02  -0.100889568E-01  -0.102323506E-01
  -0.103752857E-01  -0.105176169E-01  -0.106591933E-01  -0.107998527E-01
  -0.109394274E-01  -0.110777561E-01  -0.112147168E-01  -0.113501957E-01
  -0.114840875E-01  -0.116163264E-01  -0.117468564E-01  -0.118756005E-01
  -0.120023962E-01  -0.121270563E-01  -0.122494271E-01  -0.123695014E-01
  -0.124873109E-01  -0.126025200E-01  -0.127132965E-01  -0.128173844E-01
  -0.129124693E-01  -0.129961781E-01  -0.130660790E-01
  -0.000000000E+00  -0.862260885E-06  -0.345389843E-05  -0.778219499E-05
  -0.138544329E-04  -0.216778945E-04  -0.312598621E-04  -0.426076182E-04
  -0.557284449E-04  -0.706296247E-04  -0.873184399E-04  -0.105802173E-03
  -0.126088106E-03  -0.148183521E-03  -0.172095702E-03  -0.197831929E-03
  -0.225399486E-03  -0.254805655E-03  -0.286057718E-03  -0.319162957E-03
  -0.354128655E-03  -0.390962095E-03  -0.429670557E-03  -0.470286428E-03
  -0.512837234E-03  -0.557337688E-03  -0.603800735E-03  -0.652238775E-03
  -0.702664703E-03  -0.755093769E-03  -0.809542158E-03  -0.866028708E-03
  -0.924582213E-03  -0.985235708E-03  -0.104802167E-02  -0.111296326E-02
  -0.118008135E-02  -0.124939680E-02  -0.132092975E-02  -0.139470020E-02
  -0.147072938E-02  -0.154904344E-02  -0.162967039E-02  -0.171263937E-02
  -0.179798191E-02  -0.188573086E-02  -0.197591886E-02  -0.206857443E-02
  -0.216372532E-02  -0.226140056E-02  -0.236163359E-02  -0.246445961E-02
  -0.256991457E-02  -0.267803497E-02  -0.278885805E-02  -0.290242083E-02
  -0.301875689E-02  -0.313789919E-02  -0.325988186E-02  -0.338474282E-02
  -0.351252149E-02  -0.364325794E-02  -0.377699287E-02  -0.391376763E-02
  -0.405362463E-02  -0.419660851E-02  -0.434276507E-02  -0.449214107E-02
  -0.464478447E-02  -0.480074423E-02  -0.496007007E-02  -0.512281231E-02
  -0.528902202E-02  -0.545875178E-02  -0.563205752E-02  -0.580899687E-02
  -0.598962838E-02  -0.617401132E-02  -0.636220587E-02  -0.655427364E-02
  -0.675027895E-02  -0.695028766E-02  -0.715436687E-02  -0.736258529E-02
  -0.757501290E-02  -0.779172133E-02  -0.801278532E-02  -0.823828137E-02
  -0.846828832E-02  -0.870289057E-02  -0.894217511E-02  -0.918623011E-02
  -0.943514345E-02  -0.968900408E-02  -0.994790460E-02  -0.102119480E-01
  -0.104812416E-01  -0.107558935E-01  -0.110360091E-01  -0.113216944E-01
  -0.116130601E-01  -0.119102285E-01  -0.122133272E-01  -0.125224855E-01
  -0.128378327E-01  -0.131595001E-01  -0.134876232E-01  -0.138223496E-01
  -0.141638317E-01  -0.145122259E-01  -0.148676973E-01  -0.152304152E-01
  -0.156005535E-01  -0.159782952E-01  -0.163638281E-01  -0.167573462E-01
  -0.171590594E-01  -0.175691842E-01  -0.179879433E-01  -0.184155713E-01
  -0.188523095E-01  -0.192984047E-01  -0.197541130E-01  -0.202196965E-01
  -0.206954301E-01  -0.211816257E-01  -0.216786098E-01  -0.221867162E-01
  -0.227062919E-01  -0.232376917E-01  -0.237812695E-01  -0.243373558E-01
  -0.249062787E-01  -0.254883372E-01  -0.260836955E-01  -0.266924827E-01
  -0.273148035E-01  -0.279506658E-01  -0.286000490E-01  -0.292629854E-01
  -0.299397377E-01  -0.306306305E-01  -0.313360179E-01  -0.320563589E-01
  -0.327921458E-01  -0.335442096E-01  -0.343147281E-01  -0.351062680E-01
  -0.359214597E-01  -0.367629970E-01  -0.376336373E-01
   0.000000000E+00   0.699777576E-07   0.279376377E-06   0.627393878E-06
   0.111322828E-05   0.173607760E-05   0.249513987E-05   0.338961310E-05
   0.441869530E-05   0.558158451E-05   0.687747874E-05   0.830557601E-05
   0.986507435E-05   0.115551718E-04   0.133750663E-04   0.153239559E-04
   0.174010387E-04   0.196055126E-04   0.219365757E-04   0.243934260E-04
   0.269752616E-04   0.296812803E-04   0.325106804E-04   0.354562207E-04
   0.385111949E-04   0.416796862E-04   0.449632965E-04   0.483631984E-04
   0.518788600E-04   0.555013111E-04   0.592182666E-04   0.630196659E-04
   0.669095201E-04   0.708966451E-04   0.749874483E-04   0.791735956E-04
   0.834418780E-04   0.877805506E-04   0.921881832E-04   0.966664459E-04
   0.101216044E-03   0.105832042E-03   0.110507731E-03   0.115236596E-03
   0.120014112E-03   0.124836236E-03   0.129699134E-03   0.134600054E-03
   0.139536586E-03   0.144505277E-03   0.149498076E-03   0.154505386E-03
   0.159518573E-03   0.164534507E-03   0.169551629E-03   0.174567152E-03
   0.179572593E-03   0.184557669E-03   0.189512888E-03   0.194433366E-03
   0.199315470E-03   0.204154803E-03   0.208943581E-03   0.213672957E-03
   0.218334109E-03   0.222919115E-03   0.227420178E-03   0.231829535E-03
   0.236140033E-03   0.240344615E-03   0.244435549E-03   0.248402587E-03
   0.252234619E-03   0.255920924E-03   0.259453248E-03   0.262823929E-03
   0.266024573E-03   0.269043998E-03   0.271870098E-03   0.274490967E-03
   0.276896366E-03   0.279076386E-03   0.281020493E-03   0.282716005E-03
   0.284149483E-03   0.285307576E-03   0.286178146E-03   0.286749235E-03
   0.287008371E-03   0.286941499E-03   0.286533962E-03   0.285770820E-03
   0.284636788E-03   0.283116295E-03   0.281193647E-03   0.278853482E-03
   0.276080354E-03   0.272858087E-03   0.269168250E-03   0.264991574E-03
   0.260308835E-03   0.255102085E-03   0.249353511E-03   0.243044439E-03
   0.236153484E-03   0.228658274E-03   0.220536255E-03   0.211765376E-03
   0.202323449E-03   0.192187632E-03   0.181333477E-03   0.169735820E-03
   0.157368888E-03   0.144205723E-03   0.130218723E-03   0.115379785E-03
   0.996601702E-04   0.830306284E-04   0.654611375E-04   0.469199619E-04
   0.273745354E-04   0.679123446E-05  -0.148662405E-04  -0.376353427E-04
  -0.615543171E-04  -0.866626843E-04  -0.113000785E-03  -0.140610323E-03
  -0.169536504E-03  -0.199826020E-03  -0.231523677E-03  -0.264664187E-03
  -0.299279925E-03  -0.335405315E-03  -0.373082173E-03  -0.412354650E-03
  -0.453285576E-03  -0.496011687E-03  -0.540691318E-03  -0.587435844E-03
  -0.636154486E-03  -0.686701473E-03  -0.738993665E-03  -0.793217140E-03
  -0.849631082E-03  -0.908447279E-03  -0.969665597E-03  -0.103323034E-02
  -0.109908335E-02  -0.116716403E-02  -0.123740933E-02
  -0.000000000E+00  -0.128311354E-06  -0.514257527E-06  -0.115935669E-05
  -0.206512700E-05  -0.323308663E-05  -0.466475375E-05  -0.636164652E-05
  -0.832528311E-05  -0.105571817E-04  -0.130588604E-04  -0.158318375E-04
  -0.188776310E-04  -0.221977592E-04  -0.257937402E-04  -0.296670922E-04
  -0.338193334E-04  -0.382519819E-04  -0.429665558E-04  -0.479645734E-04
  -0.532475529E-04  -0.588170123E-04  -0.646744699E-04  -0.708364556E-04
  -0.773184875E-04  -0.841248693E-04  -0.912454206E-04  -0.986639086E-04
  -0.106368880E-03  -0.114378801E-03  -0.122722931E-03  -0.131425670E-03
  -0.140478728E-03  -0.149862892E-03  -0.159563595E-03  -0.169595413E-03
  -0.179982468E-03  -0.190745974E-03  -0.201887112E-03  -0.213400990E-03
  -0.225284242E-03  -0.237543226E-03  -0.250187233E-03  -0.263226002E-03
  -0.276669541E-03  -0.290528277E-03  -0.304811008E-03  -0.319518253E-03
  -0.334647900E-03  -0.350200774E-03  -0.366191912E-03  -0.382640890E-03
  -0.399564698E-03  -0.416966061E-03  -0.434843554E-03  -0.453198483E-03
  -0.472045344E-03  -0.491402691E-03  -0.511287489E-03  -0.531707400E-03
  -0.552667562E-03  -0.574174357E-03  -0.596239798E-03  -0.618877648E-03
  -0.642101957E-03  -0.665926725E-03  -0.690366199E-03  -0.715434232E-03
  -0.741141933E-03  -0.767499768E-03  -0.794519893E-03  -0.822221157E-03
  -0.850624605E-03  -0.879750144E-03  -0.909611033E-03  -0.940218857E-03
  -0.971587129E-03  -0.100373709E-02  -0.103669247E-02  -0.107047632E-02
  -0.110510711E-02  -0.114060229E-02  -0.117698070E-02  -0.121426613E-02
  -0.125248404E-02  -0.129165998E-02  -0.133181802E-02  -0.137298217E-02
  -0.141517739E-02  -0.145843113E-02  -0.150277188E-02  -0.154822915E-02
  -0.159483461E-02  -0.164262101E-02  -0.169162155E-02  -0.174186924E-02
  -0.179339750E-02  -0.184624133E-02  -0.190044035E-02  -0.195603601E-02
  -0.201307027E-02  -0.207158451E-02  -0.213162058E-02  -0.219322226E-02
  -0.225643888E-02  -0.232132197E-02  -0.238792427E-02  -0.245630025E-02
  -0.252650559E-02  -0.259859809E-02  -0.267264059E-02  -0.274869825E-02
  -0.282683813E-02  -0.290713119E-02  -0.298965047E-02  -0.307447117E-02
  -0.316167299E-02  -0.325133795E-02  -0.334355188E-02  -0.343841119E-02
  -0.353601655E-02  -0.363647248E-02  -0.373989316E-02  -0.384639699E-02
  -0.395610691E-02  -0.406915702E-02  -0.418568632E-02  -0.430583559E-02
  -0.442974396E-02  -0.455755212E-02  -0.468940486E-02  -0.482545554E-02
  -0.496586186E-02  -0.511079155E-02  -0.526044403E-02  -0.541502991E-02
  -0.557477734E-02  -0.573997277E-02  -0.591092237E-02  -0.608792269E-02
  -0.627121139E-02  -0.646101398E-02  -0.665750560E-02  -0.686064563E-02
  -0.707033466E-02  -0.728673431E-02  -0.751108099E-02  -0.774491252E-02
  -0.798980543E-02  -0.824737493E-02  -0.851927492E-02
   0.000000000E+00   0.231049264E-04   0.462105638E-04   0.693232694E-04
   0.924397212E-04   0.115546917E-03   0.138622176E-03   0.161640756E-03
   0.184607415E-03   0.207548797E-03   0.230501577E-03   0.253488104E-03
   0.276526659E-03   0.299634451E-03   0.322819907E-03   0.346086781E-03
   0.369435897E-03   0.392864993E-03   0.416368816E-03   0.439942822E-03
   0.463595686E-03   0.487341023E-03   0.511191225E-03   0.535147710E-03
   0.559207772E-03   0.583369524E-03   0.607639554E-03   0.632027300E-03
   0.656541820E-03   0.681188167E-03   0.705970144E-03   0.730892403E-03
   0.755963911E-03   0.781195234E-03   0.806597005E-03   0.832178164E-03
   0.857947365E-03   0.883913175E-03   0.910083079E-03   0.936464289E-03
   0.963064372E-03   0.989892317E-03   0.101695765E-02   0.104426948E-02
   0.107183454E-02   0.109965883E-02   0.112775014E-02   0.115612415E-02
   0.118479927E-02   0.121379280E-02   0.124311480E-02   0.127277331E-02
   0.130277705E-02   0.133313751E-02   0.136386715E-02   0.139497911E-02
   0.142648874E-02   0.145841232E-02   0.149076598E-02   0.152356395E-02
   0.155682014E-02   0.159054907E-02   0.162476734E-02   0.165949237E-02
   0.169474202E-02   0.173053484E-02   0.176688982E-02   0.180382631E-02
   0.184136354E-02   0.187952106E-02   0.191831921E-02   0.195778063E-02
   0.199792893E-02   0.203878806E-02   0.208038164E-02   0.212273357E-02
   0.216586872E-02   0.220981447E-02   0.225459932E-02   0.230025223E-02
   0.234680205E-02   0.239427808E-02   0.244271072E-02   0.249213336E-02
   0.254258067E-02   0.259408808E-02   0.264669176E-02   0.270042865E-02
   0.275533698E-02   0.281145805E-02   0.286883461E-02   0.292751046E-02
   0.298753097E-02   0.304894258E-02   0.311179354E-02   0.317613652E-02
   0.324202616E-02   0.330951845E-02   0.337867119E-02   0.344954355E-02
   0.352219682E-02   0.359669732E-02   0.367311367E-02   0.375151666E-02
   0.383198132E-02   0.391458496E-02   0.399940763E-02   0.408653568E-02
   0.417605842E-02   0.426806824E-02   0.436266439E-02   0.445994944E-02
   0.456002938E-02   0.466301764E-02   0.476903131E-02   0.487819228E-02
   0.499063460E-02   0.510649759E-02   0.522592626E-02   0.534908005E-02
   0.547612465E-02   0.560723122E-02   0.574258266E-02   0.588236774E-02
   0.602678198E-02   0.617603659E-02   0.633035007E-02   0.648994941E-02
   0.665508245E-02   0.682600621E-02   0.700298898E-02   0.718632888E-02
   0.737633632E-02   0.757331550E-02   0.777752613E-02   0.798921963E-02
   0.820863770E-02   0.843597004E-02   0.867139437E-02   0.891512721E-02
   0.916753747E-02   0.942903872E-02   0.970006460E-02   0.998110552E-02
   0.102726738E-01   0.105755119E-01   0.108912651E-01   0.112218418E-01
   0.115691974E-01   0.119353335E-01   0.123222983E-01
   0.000000000E+00   0.254489358E-04   0.508891213E-04   0.763118958E-04
   0.101708445E-03   0.127069799E-03   0.152386837E-03   0.177653813E-03
   0.202883002E-03   0.228101161E-03   0.253339839E-03   0.278608138E-03
   0.303904178E-03   0.329224562E-03   0.354577847E-03   0.379977380E-03
   0.405435873E-03   0.430957459E-03   0.456542520E-03   0.482189078E-03
   0.507890787E-03   0.533638263E-03   0.559423752E-03   0.585255069E-03
   0.611145798E-03   0.637107395E-03   0.663135441E-03   0.689219744E-03
   0.715351143E-03   0.741531369E-03   0.767765541E-03   0.794058992E-03
   0.820415982E-03   0.846840704E-03   0.873336368E-03   0.899901038E-03
   0.926530968E-03   0.953222886E-03   0.979977499E-03   0.100679664E-02
   0.103368125E-02   0.106062832E-02   0.108763339E-02   0.111469268E-02
   0.114180676E-02   0.116897744E-02   0.119620534E-02   0.122348563E-02
   0.125081160E-02   0.127817707E-02   0.130557954E-02   0.133301748E-02
   0.136048881E-02   0.138798927E-02   0.141551385E-02   0.144305712E-02
   0.147061292E-02   0.149817461E-02   0.152573556E-02   0.155329007E-02
   0.158083255E-02   0.160835680E-02   0.163585474E-02   0.166331753E-02
   0.169073616E-02   0.171810192E-02   0.174540600E-02   0.177263913E-02
   0.179979133E-02   0.182685213E-02   0.185381063E-02   0.188065515E-02
   0.190737352E-02   0.193395309E-02   0.196038051E-02   0.198664192E-02
   0.201272307E-02   0.203860922E-02   0.206428520E-02   0.208973529E-02
   0.211494267E-02   0.213988991E-02   0.216455897E-02   0.218893088E-02
   0.221298600E-02   0.223670406E-02   0.226006359E-02   0.228304238E-02
   0.230561780E-02   0.232776695E-02   0.234946655E-02   0.237069213E-02
   0.239141631E-02   0.241161039E-02   0.243124524E-02   0.245029188E-02
   0.246872090E-02   0.248650171E-02   0.250360081E-02   0.251998335E-02
   0.253561373E-02   0.255045550E-02   0.256447144E-02   0.257762312E-02
   0.258986947E-02   0.260116815E-02   0.261147537E-02   0.262074424E-02
   0.262892629E-02   0.263597170E-02   0.264182794E-02   0.264644101E-02
   0.264975533E-02   0.265171218E-02   0.265225121E-02   0.265131086E-02
   0.264882846E-02   0.264474016E-02   0.263897897E-02   0.263146883E-02
   0.262213017E-02   0.261087901E-02   0.259761830E-02   0.258224605E-02
   0.256466012E-02   0.254476429E-02   0.252246254E-02   0.249766028E-02
   0.247027427E-02   0.244022328E-02   0.240742367E-02   0.237178563E-02
   0.233321678E-02   0.229162120E-02   0.224689311E-02   0.219892288E-02
   0.214759044E-02   0.209273867E-02   0.203419861E-02   0.197177684E-02
   0.190519064E-02   0.183412948E-02   0.175834719E-02   0.167787986E-02
   0.159283898E-02   0.150317899E-02   0.140820180E-02   0.130702770E-02
   0.119875519E-02   0.108246105E-02   0.957200333E-03
  -0.000000000E+00  -0.487984703E-05  -0.975591793E-05  -0.146242627E-04
  -0.194812293E-04  -0.243234641E-04  -0.291479112E-04  -0.339521019E-04
  -0.387353526E-04  -0.434984749E-04  -0.482427045E-04  -0.529664117E-04
  -0.576664863E-04  -0.623397378E-04  -0.669854532E-04  -0.716040365E-04
  -0.761955277E-04  -0.807565143E-04  -0.852820064E-04  -0.897668060E-04
  -0.942075493E-04  -0.986013558E-04  -0.102945447E-03  -0.107237660E-03
  -0.111476088E-03  -0.115658555E-03  -0.119781335E-03  -0.123840095E-03
  -0.127830693E-03  -0.131750642E-03  -0.135598001E-03  -0.139370728E-03
  -0.143065959E-03  -0.146680570E-03  -0.150211399E-03  -0.153655254E-03
  -0.157008903E-03  -0.160268960E-03  -0.163431521E-03  -0.166492464E-03
  -0.169447933E-03  -0.172295575E-03  -0.175033519E-03  -0.177659771E-03
  -0.180171464E-03  -0.182565487E-03  -0.184838467E-03  -0.186985988E-03
  -0.189003252E-03  -0.190885667E-03  -0.192629951E-03  -0.194233184E-03
  -0.195692236E-03  -0.197003026E-03  -0.198161163E-03  -0.199162378E-03
  -0.200003170E-03  -0.200680247E-03  -0.201190155E-03  -0.201528775E-03
  -0.201691769E-03  -0.201674805E-03  -0.201473773E-03  -0.201084594E-03
  -0.200503122E-03  -0.199725053E-03  -0.198746006E-03  -0.197561531E-03
  -0.196167040E-03  -0.194557868E-03  -0.192729322E-03  -0.190676759E-03
  -0.188395515E-03  -0.185880861E-03  -0.183127922E-03  -0.180131751E-03
  -0.176887378E-03  -0.173389912E-03  -0.169634451E-03  -0.165615962E-03
  -0.161329002E-03  -0.156767974E-03  -0.151927364E-03  -0.146802226E-03
  -0.141387741E-03  -0.135678854E-03  -0.129669627E-03  -0.123353833E-03
  -0.116725349E-03  -0.109778741E-03  -0.102508726E-03  -0.949100212E-04
  -0.869774453E-04  -0.787058247E-04  -0.700898035E-04  -0.611233525E-04
  -0.518002230E-04  -0.421144903E-04  -0.320617514E-04  -0.216380156E-04
  -0.108389632E-04   0.341165709E-06   0.119085395E-04   0.238689056E-04
   0.362261284E-04   0.489835498E-04   0.621446093E-04   0.757133158E-04
   0.896938076E-04   0.104089880E-03   0.118903995E-03   0.134138208E-03
   0.149794071E-03   0.165871384E-03   0.182369366E-03   0.199287071E-03
   0.216623446E-03   0.234377277E-03   0.252546784E-03   0.271128422E-03
   0.290118007E-03   0.309509988E-03   0.329294039E-03   0.349458267E-03
   0.369988604E-03   0.390863598E-03   0.412059320E-03   0.433553190E-03
   0.455330557E-03   0.477378491E-03   0.499683996E-03   0.522235037E-03
   0.545019568E-03   0.568027076E-03   0.591254287E-03   0.614699764E-03
   0.638368166E-03   0.662288888E-03   0.686498405E-03   0.710996415E-03
   0.735630090E-03   0.760203835E-03   0.784634312E-03   0.809310242E-03
   0.834750843E-03   0.861163034E-03   0.887443199E-03   0.912125848E-03
   0.933705847E-03   0.950638417E-03   0.961339134E-03
   0.000000000E+00   0.570809382E-05   0.114107622E-04   0.171028427E-04
   0.227787220E-04   0.284323360E-04   0.340571701E-04   0.396470417E-04
   0.451993454E-04   0.507142695E-04   0.561931351E-04   0.616342089E-04
   0.670344666E-04   0.723905771E-04   0.776992757E-04   0.829571661E-04
   0.881604170E-04   0.933040108E-04   0.983821996E-04   0.103389012E-03
   0.108319346E-03   0.113168245E-03   0.117930781E-03   0.122602626E-03
   0.127179652E-03   0.131657654E-03   0.136031951E-03   0.140297681E-03
   0.144449799E-03   0.148482715E-03   0.152390569E-03   0.156167865E-03
   0.159811197E-03   0.163317901E-03   0.166684971E-03   0.169907185E-03
   0.172978604E-03   0.175893496E-03   0.178647541E-03   0.181236847E-03
   0.183657222E-03   0.185902961E-03   0.187967848E-03   0.189845727E-03
   0.191531158E-03   0.193018868E-03   0.194303586E-03   0.195380175E-03
   0.196243522E-03   0.196888528E-03   0.197310190E-03   0.197503533E-03
   0.197463746E-03   0.197186713E-03   0.196668556E-03   0.195904880E-03
   0.194888900E-03   0.193613075E-03   0.192070264E-03   0.190255547E-03
   0.188164625E-03   0.185792862E-03   0.183134058E-03   0.180181535E-03
   0.176928700E-03   0.173369612E-03   0.169498478E-03   0.165309471E-03
   0.160796721E-03   0.155954323E-03   0.150776133E-03   0.145255105E-03
   0.139383889E-03   0.133155349E-03   0.126563545E-03   0.119602848E-03
   0.112267166E-03   0.104548499E-03   0.964382460E-04   0.879281111E-04
   0.790114836E-04   0.696821791E-04   0.599335455E-04   0.497570452E-04
   0.391435502E-04   0.280840446E-04   0.165704152E-04   0.459472719E-05
  -0.785119304E-05  -0.207762747E-04  -0.341897273E-04  -0.481009890E-04
  -0.625200706E-04  -0.774572380E-04  -0.929228047E-04  -0.108926825E-03
  -0.125479379E-03  -0.142591022E-03  -0.160273893E-03  -0.178540688E-03
  -0.197404071E-03  -0.216875929E-03  -0.236968062E-03  -0.257692900E-03
  -0.279064984E-03  -0.301099584E-03  -0.323812142E-03  -0.347217972E-03
  -0.371332539E-03  -0.396171977E-03  -0.421754405E-03  -0.448098697E-03
  -0.475224334E-03  -0.503152219E-03  -0.531903912E-03  -0.561501445E-03
  -0.591967550E-03  -0.623325446E-03  -0.655599202E-03  -0.688815099E-03
  -0.723000355E-03  -0.758183995E-03  -0.794400876E-03  -0.831687902E-03
  -0.870083961E-03  -0.909633671E-03  -0.950383847E-03  -0.992381267E-03
  -0.103566949E-02  -0.108029185E-02  -0.112628976E-02  -0.117369432E-02
  -0.122253422E-02  -0.127284479E-02  -0.132468721E-02  -0.137813032E-02
  -0.143325638E-02  -0.149019767E-02  -0.154910182E-02  -0.161012654E-02
  -0.167345961E-02  -0.173929992E-02  -0.180773504E-02  -0.187838666E-02
  -0.195074718E-02  -0.202455942E-02  -0.210062732E-02  -0.218004549E-02
  -0.226393754E-02  -0.235345607E-02  -0.244978266E-02
   0.000000000E+00   0.150247013E-06   0.602393862E-06   0.135854927E-05
   0.242082194E-05   0.379132060E-05   0.547215397E-05   0.746543076E-05
   0.977325968E-05   0.123977495E-04   0.153410088E-04   0.186051465E-04
   0.221922711E-04   0.261044915E-04   0.303439163E-04   0.349126543E-04
   0.398128141E-04   0.450465046E-04   0.506158343E-04   0.565229121E-04
   0.627698466E-04   0.693587466E-04   0.762917208E-04   0.835782035E-04
   0.912262233E-04   0.992355372E-04   0.107610085E-03   0.116355168E-03
   0.125476365E-03   0.134979471E-03   0.144870543E-03   0.155155788E-03
   0.165841138E-03   0.176932579E-03   0.188437168E-03   0.200365912E-03
   0.212731460E-03   0.225544871E-03   0.238807885E-03   0.252519223E-03
   0.266679115E-03   0.281296533E-03   0.296383201E-03   0.311951794E-03
   0.328017018E-03   0.344594705E-03   0.361699121E-03   0.379335469E-03
   0.397506260E-03   0.416215670E-03   0.435476208E-03   0.455302991E-03
   0.475710882E-03   0.496711794E-03   0.518317024E-03   0.540538180E-03
   0.563387542E-03   0.586877750E-03   0.611021737E-03   0.635832864E-03
   0.661324802E-03   0.687511535E-03   0.714407496E-03   0.742027446E-03
   0.770386600E-03   0.799501144E-03   0.829387774E-03   0.860063519E-03
   0.891545698E-03   0.923851959E-03   0.957000382E-03   0.991009743E-03
   0.102589928E-02   0.106168862E-02   0.109839791E-02   0.113604766E-02
   0.117465908E-02   0.121425491E-02   0.125485865E-02   0.129649404E-02
   0.133918438E-02   0.138295315E-02   0.142782461E-02   0.147382492E-02
   0.152098110E-02   0.156932070E-02   0.161887168E-02   0.166966252E-02
   0.172172253E-02   0.177508294E-02   0.182977591E-02   0.188583421E-02
   0.194329127E-02   0.200218117E-02   0.206253898E-02   0.212440219E-02
   0.218780938E-02   0.225279989E-02   0.231941381E-02   0.238769194E-02
   0.245767623E-02   0.252941096E-02   0.260294165E-02   0.267831477E-02
   0.275557834E-02   0.283478139E-02   0.291597415E-02   0.299920901E-02
   0.308453967E-02   0.317202137E-02   0.326171297E-02   0.335367502E-02
   0.344796929E-02   0.354465915E-02   0.364380919E-02   0.374548595E-02
   0.384976048E-02   0.395670591E-02   0.406639675E-02   0.417890907E-02
   0.429432031E-02   0.441270936E-02   0.453415704E-02   0.465874561E-02
   0.478656022E-02   0.491769363E-02   0.505224174E-02   0.519029907E-02
   0.533194947E-02   0.547727489E-02   0.562635853E-02   0.577928544E-02
   0.593614199E-02   0.609699926E-02   0.626186304E-02   0.643072114E-02
   0.660353765E-02   0.678018600E-02   0.696051235E-02   0.714439647E-02
   0.733187207E-02   0.752301270E-02   0.771789212E-02   0.791658169E-02
   0.811915283E-02   0.832569725E-02   0.853638607E-02   0.875141364E-02
   0.897097844E-02   0.919528307E-02   0.942453425E-02
   0.000000000E+00   0.176655137E-06   0.708642667E-06   0.159899577E-05
   0.285074761E-05   0.446693137E-05   0.645058023E-05   0.880472737E-05
   0.115324060E-04   0.146366492E-04   0.181204902E-04   0.219869622E-04
   0.262390983E-04   0.308799318E-04   0.359124958E-04   0.413398234E-04
   0.471649479E-04   0.533909025E-04   0.600207203E-04   0.670574344E-04
   0.745040781E-04   0.823636846E-04   0.906392870E-04   0.993428974E-04
   0.108484506E-03   0.118072362E-03   0.128113197E-03   0.138613428E-03
   0.149579523E-03   0.161017731E-03   0.172934284E-03   0.185336597E-03
   0.198236891E-03   0.211649357E-03   0.225587607E-03   0.240059804E-03
   0.255072557E-03   0.270633186E-03   0.286752431E-03   0.303442245E-03
   0.320714581E-03   0.338580075E-03   0.357049138E-03   0.376132686E-03
   0.395843210E-03   0.416193882E-03   0.437198447E-03   0.458871924E-03
   0.481230017E-03   0.504288414E-03   0.528061266E-03   0.552562495E-03
   0.577806593E-03   0.603809688E-03   0.630588621E-03   0.658160095E-03
   0.686539020E-03   0.715739957E-03   0.745778050E-03   0.776670349E-03
   0.808434649E-03   0.841089133E-03   0.874652550E-03   0.909144055E-03
   0.944583214E-03   0.980990147E-03   0.101838540E-02   0.105678994E-02
   0.109622524E-02   0.113671324E-02   0.117827621E-02   0.122093670E-02
   0.126471764E-02   0.130964262E-02   0.135573699E-02   0.140302689E-02
   0.145153872E-02   0.150129850E-02   0.155233249E-02   0.160466768E-02
   0.165833295E-02   0.171335806E-02   0.176977314E-02   0.182760834E-02
   0.188689415E-02   0.194766184E-02   0.200994438E-02   0.207377558E-02
   0.213919028E-02   0.220622581E-02   0.227492060E-02   0.234531359E-02
   0.241744350E-02   0.249134948E-02   0.256707231E-02   0.264465746E-02
   0.272415229E-02   0.280560451E-02   0.288906065E-02   0.297456748E-02
   0.306217370E-02   0.315193338E-02   0.324390275E-02   0.333813894E-02
   0.343469954E-02   0.353364300E-02   0.363502984E-02   0.373892594E-02
   0.384539947E-02   0.395452048E-02   0.406636290E-02   0.418100268E-02
   0.429851810E-02   0.441899261E-02   0.454251215E-02   0.466916577E-02
   0.479905014E-02   0.493226530E-02   0.506891404E-02   0.520910446E-02
   0.535294757E-02   0.550055739E-02   0.565205383E-02   0.580756000E-02
   0.596720583E-02   0.613114224E-02   0.629952778E-02   0.647252438E-02
   0.665029801E-02   0.683301806E-02   0.702085490E-02   0.721397336E-02
   0.741253890E-02   0.761669627E-02   0.782649753E-02   0.804197017E-02
   0.826312518E-02   0.848991114E-02   0.872225774E-02   0.896012071E-02
   0.920357400E-02   0.945272241E-02   0.970764570E-02   0.996831891E-02
   0.102346880E-01   0.105070148E-01   0.107868519E-01   0.110761162E-01
   0.113767740E-01   0.116908413E-01   0.120203833E-01
  -0.000000000E+00  -0.357459492E-07  -0.143351533E-06  -0.323368354E-06
  -0.576348017E-06  -0.902842126E-06  -0.130340228E-05  -0.177858010E-05
  -0.232892716E-05  -0.295499509E-05  -0.365733548E-05  -0.443649995E-05
  -0.529304008E-05  -0.622750749E-05  -0.724045378E-05  -0.833243055E-05
  -0.950398941E-05  -0.107556820E-04  -0.120880598E-04  -0.135016745E-04
  -0.149970778E-04  -0.165748211E-04  -0.182354562E-04  -0.199834577E-04
  -0.218229324E-04  -0.237707825E-04  -0.258266201E-04  -0.279843597E-04
  -0.302382619E-04  -0.325884317E-04  -0.350366349E-04  -0.375856657E-04
  -0.402423469E-04  -0.430151831E-04  -0.459110544E-04  -0.489273063E-04
  -0.520580781E-04  -0.552995201E-04  -0.586591765E-04  -0.621483372E-04
  -0.657769113E-04  -0.695458507E-04  -0.734534244E-04  -0.774987040E-04
  -0.816855027E-04  -0.860190690E-04  -0.905047365E-04  -0.951473818E-04
  -0.999518848E-04  -0.104922866E-03  -0.110063339E-03  -0.115375865E-03
  -0.120863809E-03  -0.126533998E-03  -0.132394419E-03  -0.138452344E-03
  -0.144710988E-03  -0.151172427E-03  -0.157839773E-03  -0.164720798E-03
  -0.171824748E-03  -0.179160329E-03  -0.186732877E-03  -0.194546862E-03
  -0.202607384E-03  -0.210922127E-03  -0.219499620E-03  -0.228348481E-03
  -0.237476932E-03  -0.246893231E-03  -0.256605685E-03  -0.266622230E-03
  -0.276950807E-03  -0.287599990E-03  -0.298580528E-03  -0.309903952E-03
  -0.321581579E-03  -0.333622922E-03  -0.346037129E-03  -0.358834153E-03
  -0.372026796E-03  -0.385628847E-03  -0.399654024E-03  -0.414114689E-03
  -0.429023023E-03  -0.444391859E-03  -0.460236031E-03  -0.476571139E-03
  -0.493413105E-03  -0.510778111E-03  -0.528682656E-03  -0.547143617E-03
  -0.566178363E-03  -0.585804651E-03  -0.606040993E-03  -0.626907916E-03
  -0.648426799E-03  -0.670619355E-03  -0.693507262E-03  -0.717112508E-03
  -0.741458020E-03  -0.766569261E-03  -0.792472752E-03  -0.819195534E-03
  -0.846765105E-03  -0.875209479E-03  -0.904557755E-03  -0.934841790E-03
  -0.966094637E-03  -0.998350207E-03  -0.103164387E-02  -0.106601191E-02
  -0.110149200E-02  -0.113812533E-02  -0.117595466E-02  -0.121502393E-02
  -0.125537925E-02  -0.129706800E-02  -0.134013915E-02  -0.138464524E-02
  -0.143064055E-02  -0.147818168E-02  -0.152733145E-02  -0.157815529E-02
  -0.163072077E-02  -0.168510039E-02  -0.174136899E-02  -0.179960458E-02
  -0.185989355E-02  -0.192232574E-02  -0.198699505E-02  -0.205400629E-02
  -0.212346865E-02  -0.219549181E-02  -0.227018051E-02  -0.234763966E-02
  -0.242799108E-02  -0.251141941E-02  -0.259812865E-02  -0.268832633E-02
  -0.278222039E-02  -0.288002217E-02  -0.298195531E-02  -0.308828001E-02
  -0.319927003E-02  -0.331520447E-02  -0.343636661E-02  -0.356304502E-02
  -0.369553392E-02  -0.383413318E-02  -0.397914834E-02
   0.000000000E+00   0.448678371E-07   0.180221104E-06   0.407184433E-06
   0.726882458E-06   0.114043981E-05   0.164898113E-05   0.225363104E-05
   0.295551417E-05   0.375575517E-05   0.465547866E-05   0.565580928E-05
   0.675787166E-05   0.796279043E-05   0.927169023E-05   0.106856957E-04
   0.122059314E-04   0.138335221E-04   0.155695923E-04   0.174152668E-04
   0.193716700E-04   0.214399267E-04   0.236211615E-04   0.259270572E-04
   0.283685471E-04   0.309356105E-04   0.336211053E-04   0.364178052E-04
   0.393222145E-04   0.423507714E-04   0.455275193E-04   0.488716189E-04
   0.523715803E-04   0.560054184E-04   0.597563642E-04   0.636397626E-04
   0.676815542E-04   0.719038190E-04   0.763034463E-04   0.808695213E-04
   0.855934437E-04   0.904812308E-04   0.955433289E-04   0.100789847E-03
   0.106227010E-03   0.111860135E-03   0.117693376E-03   0.123725539E-03
   0.129953635E-03   0.136377252E-03   0.143008379E-03   0.149862978E-03
   0.156954352E-03   0.164281648E-03   0.171839816E-03   0.179626610E-03
   0.187653597E-03   0.195936554E-03   0.204489200E-03   0.213314141E-03
   0.222410833E-03   0.231780242E-03   0.241430705E-03   0.251372744E-03
   0.261616670E-03   0.272170749E-03   0.283042837E-03   0.294240459E-03
   0.305769299E-03   0.317634554E-03   0.329842811E-03   0.342406432E-03
   0.355339611E-03   0.368655236E-03   0.382359389E-03   0.396456312E-03
   0.410951970E-03   0.425859765E-03   0.441195351E-03   0.456973401E-03
   0.473203099E-03   0.489892242E-03   0.507049844E-03   0.524689832E-03
   0.542827673E-03   0.561478488E-03   0.580654825E-03   0.600368701E-03
   0.620632762E-03   0.641461708E-03   0.662870984E-03   0.684876583E-03
   0.707495831E-03   0.730746662E-03   0.754646932E-03   0.779213056E-03
   0.804461269E-03   0.830408937E-03   0.857077273E-03   0.884488826E-03
   0.912665954E-03   0.941628804E-03   0.971397193E-03   0.100199221E-02
   0.103343918E-02   0.106576492E-02   0.109899652E-02   0.113316059E-02
   0.116828396E-02   0.120439454E-02   0.124152304E-02   0.127970138E-02
   0.131896217E-02   0.135933904E-02   0.140086636E-02   0.144357944E-02
   0.148751550E-02   0.153271276E-02   0.157921130E-02   0.162705662E-02
   0.167629627E-02   0.172697937E-02   0.177915847E-02   0.183288780E-02
   0.188822326E-02   0.194522421E-02   0.200395179E-02   0.206446741E-02
   0.212683007E-02   0.219109888E-02   0.225733235E-02   0.232558339E-02
   0.239590401E-02   0.246835364E-02   0.254301960E-02   0.261999771E-02
   0.269938683E-02   0.278129234E-02   0.286582283E-02   0.295306535E-02
   0.304301307E-02   0.313563385E-02   0.323089880E-02   0.332879807E-02
   0.342932586E-02   0.353258001E-02   0.363908220E-02   0.374947362E-02
   0.386441177E-02   0.398457035E-02   0.411063931E-02
  -0.000000000E+00  -0.289272439E-05  -0.578160892E-05  -0.866192777E-05
  -0.115304739E-04  -0.143855592E-04  -0.172270142E-04  -0.200562288E-04
  -0.228763193E-04  -0.256920880E-04  -0.285089544E-04  -0.313290016E-04
  -0.341526411E-04  -0.369781730E-04  -0.397971872E-04  -0.425970096E-04
  -0.453664551E-04  -0.481121947E-04  -0.508488181E-04  -0.535897936E-04
  -0.563305392E-04  -0.590596212E-04  -0.617659358E-04  -0.644479703E-04
  -0.671072951E-04  -0.697457579E-04  -0.723644796E-04  -0.749645925E-04
  -0.775461905E-04  -0.801039687E-04  -0.826305409E-04  -0.851197778E-04
  -0.875736641E-04  -0.899969350E-04  -0.923930536E-04  -0.947575694E-04
  -0.970834312E-04  -0.993640365E-04  -0.101596821E-03  -0.103780332E-03
  -0.105913449E-03  -0.107996261E-03  -0.110029339E-03  -0.112012375E-03
  -0.113940674E-03  -0.115808100E-03  -0.117608299E-03  -0.119335260E-03
  -0.120982841E-03  -0.122545672E-03  -0.124022554E-03  -0.125413544E-03
  -0.126718166E-03  -0.127933011E-03  -0.129053816E-03  -0.130075784E-03
  -0.130992306E-03  -0.131796072E-03  -0.132480181E-03  -0.133040364E-03
  -0.133473024E-03  -0.133774172E-03  -0.133938220E-03  -0.133959050E-03
  -0.133830358E-03  -0.133545590E-03  -0.133098003E-03  -0.132480843E-03
  -0.131687848E-03  -0.130712797E-03  -0.129549081E-03  -0.128188831E-03
  -0.126623701E-03  -0.124845385E-03  -0.122846391E-03  -0.120619344E-03
  -0.118156452E-03  -0.115448612E-03  -0.112486219E-03  -0.109259676E-03
  -0.105760084E-03  -0.101978613E-03  -0.979059603E-04  -0.935313495E-04
  -0.888434469E-04  -0.838309069E-04  -0.784830921E-04  -0.727894139E-04
  -0.667388936E-04  -0.603195067E-04  -0.535187851E-04  -0.463241579E-04
  -0.387233612E-04  -0.307040600E-04  -0.222535379E-04  -0.133581401E-04
  -0.400378822E-05   0.582375702E-05   0.161386299E-04   0.269551058E-04
   0.382876741E-04   0.501510005E-04   0.625599620E-04   0.755297271E-04
   0.890759671E-04   0.103214660E-03   0.117961746E-03   0.133332287E-03
   0.149341249E-03   0.166004084E-03   0.183337669E-03   0.201359428E-03
   0.220086379E-03   0.239533125E-03   0.259713737E-03   0.280642112E-03
   0.302331125E-03   0.324793430E-03   0.348041307E-03   0.372085393E-03
   0.396935874E-03   0.422603331E-03   0.449100057E-03   0.476438818E-03
   0.504630859E-03   0.533681105E-03   0.563592687E-03   0.594360082E-03
   0.625943403E-03   0.658292657E-03   0.691369734E-03   0.725190434E-03
   0.759784766E-03   0.795172942E-03   0.831333294E-03   0.868232626E-03
   0.905835237E-03   0.944098927E-03   0.982978781E-03   0.102246215E-02
   0.106267171E-02   0.110376772E-02   0.114580163E-02   0.118837006E-02
   0.123094327E-02   0.127302550E-02   0.131430396E-02   0.135450722E-02
   0.139335720E-02   0.143056912E-02   0.146585153E-02
  -0.000000000E+00  -0.312627260E-05  -0.624783756E-05  -0.935798630E-05
  -0.124534404E-04  -0.155343517E-04  -0.186043021E-04  -0.216690285E-04
  -0.247311393E-04  -0.277913897E-04  -0.308483921E-04  -0.338940540E-04
  -0.369154990E-04  -0.399006875E-04  -0.428552648E-04  -0.457935996E-04
  -0.487301624E-04  -0.516631507E-04  -0.545844311E-04  -0.574846225E-04
  -0.603564835E-04  -0.631926717E-04  -0.659873670E-04  -0.687447114E-04
  -0.714728788E-04  -0.741779549E-04  -0.768511945E-04  -0.794783868E-04
  -0.820469163E-04  -0.845573594E-04  -0.870146608E-04  -0.894225533E-04
  -0.917760545E-04  -0.940673355E-04  -0.962887124E-04  -0.984353544E-04
  -0.100503117E-03  -0.102487920E-03  -0.104386280E-03  -0.106194874E-03
  -0.107909307E-03  -0.109520651E-03  -0.111018307E-03  -0.112392897E-03
  -0.113642178E-03  -0.114766078E-03  -0.115762956E-03  -0.116623365E-03
  -0.117335352E-03  -0.117887220E-03  -0.118270333E-03  -0.118476712E-03
  -0.118498021E-03  -0.118325060E-03  -0.117948205E-03  -0.117357537E-03
  -0.116542759E-03  -0.115493269E-03  -0.114198171E-03  -0.112646232E-03
  -0.110825923E-03  -0.108725203E-03  -0.106330829E-03  -0.103628966E-03
  -0.100605479E-03  -0.972461583E-04  -0.935365148E-04  -0.894615805E-04
  -0.850054894E-04  -0.801518516E-04  -0.748837676E-04  -0.691834725E-04
  -0.630326562E-04  -0.564124466E-04  -0.493030110E-04  -0.416839161E-04
  -0.335341686E-04  -0.248319554E-04  -0.155548794E-04  -0.567986471E-05
   0.481738926E-05   0.159619107E-04   0.277794299E-04   0.402968316E-04
   0.535417417E-04   0.675426736E-04   0.823299220E-04   0.979347436E-04
   0.114389172E-03   0.131726311E-03   0.149980069E-03   0.169185587E-03
   0.189380883E-03   0.210605342E-03   0.232899397E-03   0.256305164E-03
   0.280865858E-03   0.306626003E-03   0.333632706E-03   0.361934475E-03
   0.391581338E-03   0.422626426E-03   0.455124502E-03   0.489131910E-03
   0.524707990E-03   0.561913761E-03   0.600812543E-03   0.641473245E-03
   0.683967297E-03   0.728368131E-03   0.774752799E-03   0.823200461E-03
   0.873792991E-03   0.926618424E-03   0.981767732E-03   0.103933482E-02
   0.109941997E-02   0.116212658E-02   0.122756269E-02   0.129584883E-02
   0.136711058E-02   0.144147795E-02   0.151909076E-02   0.160009359E-02
   0.168463406E-02   0.177286333E-02   0.186493569E-02   0.196101246E-02
   0.206127454E-02   0.216591058E-02   0.227510644E-02   0.238902522E-02
   0.250782610E-02   0.263167147E-02   0.276072898E-02   0.289516957E-02
   0.303516511E-02   0.318088303E-02   0.333249142E-02   0.349016185E-02
   0.365407294E-02   0.382440700E-02   0.400139171E-02   0.418543096E-02
   0.437698063E-02   0.457662946E-02   0.478547494E-02   0.500476606E-02
   0.523578199E-02   0.547983202E-02   0.573825559E-02
   0.000000000E+00   0.956677693E-06   0.191242769E-05   0.286658295E-05
   0.381802960E-05   0.476520690E-05   0.570610727E-05   0.663856885E-05
   0.756148756E-05   0.847452454E-05   0.937762809E-05   0.102700113E-04
   0.111505825E-04   0.120184837E-04   0.128742591E-04   0.137192334E-04
   0.145543031E-04   0.153766627E-04   0.161817923E-04   0.169654349E-04
   0.177275611E-04   0.184697465E-04   0.191934016E-04   0.198973067E-04
   0.205793446E-04   0.212374296E-04   0.218703821E-04   0.224772861E-04
   0.230573418E-04   0.236101790E-04   0.241356183E-04   0.246332575E-04
   0.251014107E-04   0.255379376E-04   0.259410511E-04   0.263109422E-04
   0.266484797E-04   0.269540283E-04   0.272251666E-04   0.274585471E-04
   0.276513695E-04   0.278039471E-04   0.279175818E-04   0.279935467E-04
   0.280322751E-04   0.280340415E-04   0.279988975E-04   0.279256971E-04
   0.278129249E-04   0.276591168E-04   0.274632645E-04   0.272244685E-04
   0.269418513E-04   0.266146695E-04   0.262422165E-04   0.258240836E-04
   0.253610877E-04   0.248544616E-04   0.243051398E-04   0.237124090E-04
   0.230750946E-04   0.223923091E-04   0.216644961E-04   0.208925067E-04
   0.200771033E-04   0.192184166E-04   0.183164291E-04   0.173712010E-04
   0.163830517E-04   0.153523980E-04   0.142798035E-04   0.131663122E-04
   0.120131487E-04   0.108214617E-04   0.959184744E-05   0.832477996E-05
   0.702093166E-05   0.568170610E-05   0.430875485E-05   0.290370584E-05
   0.146783864E-05   0.238004631E-08  -0.149118137E-05  -0.301043657E-05
  -0.455265767E-05  -0.611523396E-05  -0.769637945E-05  -0.929448449E-05
  -0.109076124E-04  -0.125326337E-04  -0.141660216E-04  -0.158042139E-04
  -0.174438844E-04  -0.190816922E-04  -0.207141362E-04  -0.223373683E-04
  -0.239473657E-04  -0.255398212E-04  -0.271096217E-04  -0.286513313E-04
  -0.301594827E-04  -0.316289647E-04  -0.330546625E-04  -0.344309809E-04
  -0.357507580E-04  -0.370062760E-04  -0.381897375E-04  -0.392936645E-04
  -0.403105264E-04  -0.412322020E-04  -0.420487184E-04  -0.427494293E-04
  -0.433235334E-04  -0.437604284E-04  -0.440493796E-04  -0.441790009E-04
  -0.441360100E-04  -0.439063956E-04  -0.434753365E-04  -0.428257291E-04
  -0.419395703E-04  -0.407984974E-04  -0.393839990E-04  -0.376772164E-04
  -0.356579630E-04  -0.333019225E-04  -0.305832886E-04  -0.274753788E-04
  -0.239497643E-04  -0.199770910E-04  -0.155249109E-04  -0.105501840E-04
  -0.500636198E-05   0.114993609E-05   0.794587258E-05   0.154047369E-04
   0.235668395E-04   0.325405753E-04   0.424540605E-04   0.534077672E-04
   0.653799898E-04   0.783164849E-04   0.921789406E-04   0.106999979E-03
   0.122830940E-03   0.139779886E-03   0.158181902E-03   0.178437248E-03
   0.200956389E-03   0.226159995E-03   0.254478935E-03
  -0.000000000E+00  -0.107299564E-05  -0.214443117E-05  -0.321297722E-05
  -0.427690887E-05  -0.533410566E-05  -0.638205161E-05  -0.741819114E-05
  -0.844140389E-05  -0.945164869E-05  -0.104493691E-04  -0.114342006E-04
  -0.124055149E-04  -0.133623738E-04  -0.143023789E-04  -0.152222831E-04
  -0.161189974E-04  -0.169921705E-04  -0.178426226E-04  -0.186708603E-04
  -0.194742024E-04  -0.202486816E-04  -0.209905078E-04  -0.216984639E-04
  -0.223722219E-04  -0.230114230E-04  -0.236147698E-04  -0.241806935E-04
  -0.247073538E-04  -0.251918130E-04  -0.256306648E-04  -0.260209902E-04
  -0.263627141E-04  -0.266567620E-04  -0.269034924E-04  -0.270998122E-04
  -0.272414843E-04  -0.273249774E-04  -0.273507169E-04  -0.273204353E-04
  -0.272349730E-04  -0.270903034E-04  -0.268808247E-04  -0.266011825E-04
  -0.262483154E-04  -0.258197382E-04  -0.253132273E-04  -0.247277683E-04
  -0.240627511E-04  -0.233173172E-04  -0.224891946E-04  -0.215756970E-04
  -0.205744833E-04  -0.194848369E-04  -0.183065577E-04  -0.170386674E-04
  -0.156765640E-04  -0.142145051E-04  -0.126474305E-04  -0.109739429E-04
  -0.919368759E-05  -0.730574810E-05  -0.530649783E-05  -0.319150116E-05
  -0.956529433E-06   0.140133834E-05   0.388469511E-05   0.649620196E-05
   0.923875948E-05   0.121153545E-04   0.151293007E-04   0.182851556E-04
   0.215878960E-04   0.250421819E-04   0.286509551E-04   0.324167045E-04
   0.363425199E-04   0.404340007E-04   0.446975249E-04   0.491390739E-04
   0.537624443E-04   0.585708754E-04   0.635682859E-04   0.687613633E-04
   0.741576556E-04   0.797644064E-04   0.855869892E-04   0.916303426E-04
   0.978998846E-04   0.104402813E-03   0.111146910E-03   0.118140238E-03
   0.125391469E-03   0.132909580E-03   0.140703561E-03   0.148781831E-03
   0.157152775E-03   0.165825589E-03   0.174812303E-03   0.184125906E-03
   0.193779221E-03   0.203783430E-03   0.214149446E-03   0.224889253E-03
   0.236018592E-03   0.247554460E-03   0.259514031E-03   0.271913939E-03
   0.284770946E-03   0.298102929E-03   0.311931240E-03   0.326278501E-03
   0.341168184E-03   0.356625620E-03   0.372677055E-03   0.389349582E-03
   0.406671927E-03   0.424673713E-03   0.443386177E-03   0.462845151E-03
   0.483088262E-03   0.504155311E-03   0.526092375E-03   0.548947945E-03
   0.572774043E-03   0.597633641E-03   0.623593668E-03   0.650720355E-03
   0.679072273E-03   0.708706898E-03   0.739681651E-03   0.772050218E-03
   0.805866024E-03   0.841186439E-03   0.878082024E-03   0.916627784E-03
   0.956916127E-03   0.999105623E-03   0.104337482E-02   0.108990533E-02
   0.113887807E-02   0.119047681E-02   0.124476182E-02   0.130127984E-02
   0.135943434E-02   0.141898628E-02   0.148119974E-02   0.154775321E-02
   0.162036974E-02   0.170081695E-02   0.179090703E-02
  -0.000000000E+00  -0.304550669E-07  -0.122333033E-06  -0.276403047E-06
  -0.493434256E-06  -0.774195808E-06  -0.111945685E-05  -0.152998654E-05
  -0.200655401E-05  -0.254992842E-05  -0.316087891E-05  -0.384017464E-05
  -0.458858474E-05  -0.540687837E-05  -0.629582469E-05  -0.725619282E-05
  -0.828875193E-05  -0.939427116E-05  -0.105735197E-04  -0.118272666E-04
  -0.131562811E-04  -0.145613323E-04  -0.160431893E-04  -0.176028431E-04
  -0.192407718E-04  -0.209579277E-04  -0.227580405E-04  -0.246460067E-04
  -0.266261020E-04  -0.286981046E-04  -0.308602447E-04  -0.331116303E-04
  -0.354565793E-04  -0.379012311E-04  -0.404507734E-04  -0.431044962E-04
  -0.458597485E-04  -0.487153688E-04  -0.516780896E-04  -0.547573170E-04
  -0.579616226E-04  -0.612935475E-04  -0.647539050E-04  -0.683427145E-04
  -0.720572592E-04  -0.758937164E-04  -0.798502648E-04  -0.839351015E-04
  -0.881596332E-04  -0.925340857E-04  -0.970612595E-04  -0.101741888E-03
  -0.106577346E-03  -0.111572217E-03  -0.116732070E-03  -0.122062219E-03
  -0.127566281E-03  -0.133247433E-03  -0.139109027E-03  -0.145155125E-03
  -0.151390031E-03  -0.157818348E-03  -0.164445701E-03  -0.171278097E-03
  -0.178321469E-03  -0.185580934E-03  -0.193061450E-03  -0.200768278E-03
  -0.208707681E-03  -0.216886297E-03  -0.225310725E-03  -0.233986916E-03
  -0.242920724E-03  -0.252118532E-03  -0.261588636E-03  -0.271339997E-03
  -0.281381354E-03  -0.291719817E-03  -0.302362144E-03  -0.313315604E-03
  -0.324589272E-03  -0.336192852E-03  -0.348136208E-03  -0.360429193E-03
  -0.373081806E-03  -0.386104333E-03  -0.399507619E-03  -0.413302815E-03
  -0.427501467E-03  -0.442116024E-03  -0.457159368E-03  -0.472644768E-03
  -0.488586229E-03  -0.504998168E-03  -0.521895586E-03  -0.539294944E-03
  -0.557213353E-03  -0.575668311E-03  -0.594677745E-03  -0.614259976E-03
  -0.634434233E-03  -0.655222315E-03  -0.676647046E-03  -0.698731772E-03
  -0.721500400E-03  -0.744977357E-03  -0.769188342E-03  -0.794162682E-03
  -0.819931137E-03  -0.846525413E-03  -0.873978990E-03  -0.902326349E-03
  -0.931603837E-03  -0.961853123E-03  -0.993117961E-03  -0.102544351E-02
  -0.105887765E-02  -0.109346974E-02  -0.112927116E-02  -0.116633815E-02
  -0.120472915E-02  -0.124450548E-02  -0.128573636E-02  -0.132849419E-02
  -0.137285637E-02  -0.141891573E-02  -0.146677071E-02  -0.151652230E-02
  -0.156827499E-02  -0.162213592E-02  -0.167821234E-02  -0.173660502E-02
  -0.179741451E-02  -0.186073764E-02  -0.192665039E-02  -0.199522410E-02
  -0.206653126E-02  -0.214064627E-02  -0.221764474E-02  -0.229763713E-02
  -0.238087256E-02  -0.246764040E-02  -0.255817948E-02  -0.265250292E-02
  -0.275056445E-02  -0.285249663E-02  -0.295916623E-02  -0.307164644E-02
  -0.319103763E-02  -0.331846738E-02  -0.345509047E-02
  -0.000000000E+00  -0.346982586E-07  -0.139298441E-06  -0.314558657E-06
  -0.561237015E-06  -0.880091627E-06  -0.127188060E-05  -0.173736205E-05
  -0.227729407E-05  -0.289243479E-05  -0.358354232E-05  -0.435137475E-05
  -0.519669020E-05  -0.612024678E-05  -0.712280261E-05  -0.820511578E-05
  -0.936794441E-05  -0.106120466E-04  -0.119381805E-04  -0.133471042E-04
  -0.148395757E-04  -0.164163533E-04  -0.180781950E-04  -0.198291422E-04
  -0.216727308E-04  -0.236153148E-04  -0.256574927E-04  -0.277979405E-04
  -0.300356913E-04  -0.323728743E-04  -0.348126303E-04  -0.373583527E-04
  -0.400137343E-04  -0.427827306E-04  -0.456689125E-04  -0.486734167E-04
  -0.517965852E-04  -0.550391886E-04  -0.584044412E-04  -0.618963587E-04
  -0.655187067E-04  -0.692735350E-04  -0.731623915E-04  -0.771873022E-04
  -0.813525063E-04  -0.856629994E-04  -0.901236627E-04  -0.947381461E-04
  -0.995098164E-04  -0.104442007E-03  -0.109537744E-03  -0.114799978E-03
  -0.120231810E-03  -0.125836919E-03  -0.131619187E-03  -0.137582411E-03
  -0.143729781E-03  -0.150064334E-03  -0.156589346E-03  -0.163309075E-03
  -0.170228107E-03  -0.177350937E-03  -0.184681366E-03  -0.192223034E-03
  -0.199979779E-03  -0.207956166E-03  -0.216157016E-03  -0.224587106E-03
  -0.233250757E-03  -0.242152202E-03  -0.251295789E-03  -0.260686213E-03
  -0.270328307E-03  -0.280226935E-03  -0.290386880E-03  -0.300812949E-03
  -0.311509994E-03  -0.322482897E-03  -0.333736583E-03  -0.345276162E-03
  -0.357107326E-03  -0.369235984E-03  -0.381667909E-03  -0.394408039E-03
  -0.407461115E-03  -0.420832085E-03  -0.434526680E-03  -0.448550887E-03
  -0.462910891E-03  -0.477613451E-03  -0.492665550E-03  -0.508074030E-03
  -0.523844794E-03  -0.539983539E-03  -0.556496449E-03  -0.573391568E-03
  -0.590677530E-03  -0.608362734E-03  -0.626454132E-03  -0.644958349E-03
  -0.663882476E-03  -0.683235306E-03  -0.703026183E-03  -0.723264468E-03
  -0.743959104E-03  -0.765119019E-03  -0.786753498E-03  -0.808872906E-03
  -0.831488014E-03  -0.854609898E-03  -0.878250337E-03  -0.902421440E-03
  -0.927135535E-03  -0.952405196E-03  -0.978243215E-03  -0.100466328E-02
  -0.103168206E-02  -0.105931728E-02  -0.108758723E-02  -0.111651161E-02
  -0.114611077E-02  -0.117640507E-02  -0.120741375E-02  -0.123915598E-02
  -0.127165199E-02  -0.130492526E-02  -0.133900041E-02  -0.137390427E-02
  -0.140967115E-02  -0.144633787E-02  -0.148394446E-02  -0.152254170E-02
  -0.156218399E-02  -0.160291909E-02  -0.164476386E-02  -0.168772718E-02
  -0.173181060E-02  -0.177698639E-02  -0.182321835E-02  -0.187045758E-02
  -0.191860826E-02  -0.196756010E-02  -0.201722510E-02  -0.206761595E-02
  -0.211877159E-02  -0.217082421E-02  -0.222428117E-02  -0.227975707E-02
  -0.233788274E-02  -0.239930523E-02  -0.246468783E-02
   0.000000000E+00   0.124510245E-07   0.496976606E-07   0.111580252E-06
   0.197939142E-06   0.308614676E-06   0.443447196E-06   0.602277046E-06
   0.784944570E-06   0.991290113E-06   0.122115402E-05   0.147437663E-05
   0.175079829E-05   0.205025934E-05   0.237260013E-05   0.271766100E-05
   0.308528229E-05   0.347530435E-05   0.388756753E-05   0.432191215E-05
   0.477817858E-05   0.525620716E-05   0.575583822E-05   0.628451003E-05
   0.684976729E-05   0.746509684E-05   0.812303337E-05   0.880855759E-05
   0.950871189E-05   0.102275960E-04   0.109749575E-04   0.117596533E-04
   0.125821572E-04   0.134404203E-04   0.143322800E-04   0.152562922E-04
   0.162110655E-04   0.171960637E-04   0.182149656E-04   0.192729261E-04
   0.203737981E-04   0.215144016E-04   0.226892693E-04   0.238945579E-04
   0.251350884E-04   0.264184364E-04   0.277509302E-04   0.291316392E-04
   0.305574798E-04   0.320257692E-04   0.335365721E-04   0.350906869E-04
   0.366891859E-04   0.383342075E-04   0.400282700E-04   0.417734314E-04
   0.435694076E-04   0.454152147E-04   0.473104852E-04   0.492577887E-04
   0.512605915E-04   0.533217529E-04   0.554410517E-04   0.576173746E-04
   0.598501903E-04   0.621417669E-04   0.644951985E-04   0.669132510E-04
   0.693969082E-04   0.719466726E-04   0.745631897E-04   0.772477817E-04
   0.800019674E-04   0.828274159E-04   0.857263201E-04   0.887010595E-04
   0.917537836E-04   0.948854817E-04   0.980968266E-04   0.101388879E-03
   0.104764370E-03   0.108226533E-03   0.111778356E-03   0.115421509E-03
   0.119157324E-03   0.122987364E-03   0.126914142E-03   0.130940462E-03
   0.135069211E-03   0.139303414E-03   0.143646178E-03   0.148100553E-03
   0.152669121E-03   0.157354374E-03   0.162159069E-03   0.167086953E-03
   0.172142095E-03   0.177328641E-03   0.182650768E-03   0.188112723E-03
   0.193718802E-03   0.199473203E-03   0.205380160E-03   0.211444240E-03
   0.217671121E-03   0.224066866E-03   0.230637652E-03   0.237389692E-03
   0.244329307E-03   0.251463190E-03   0.258799146E-03   0.266345401E-03
   0.274110378E-03   0.282102733E-03   0.290331324E-03   0.298805643E-03
   0.307537200E-03   0.316538229E-03   0.325821552E-03   0.335401527E-03
   0.345293160E-03   0.355512415E-03   0.366078086E-03   0.377010040E-03
   0.388328176E-03   0.400051109E-03   0.412197413E-03   0.424787765E-03
   0.437850218E-03   0.451415225E-03   0.465514492E-03   0.480182643E-03
   0.495455647E-03   0.511366972E-03   0.527937466E-03   0.545184929E-03
   0.563122222E-03   0.581741497E-03   0.601029132E-03   0.620985467E-03
   0.641669613E-03   0.663156964E-03   0.685510624E-03   0.708738251E-03
   0.732833028E-03   0.757876239E-03   0.784308124E-03   0.812670479E-03
   0.843519216E-03   0.877424369E-03   0.914970092E-03
  -0.000000000E+00  -0.116094428E-07  -0.468637562E-07  -0.106401918E-06
  -0.190862906E-06  -0.300885697E-06  -0.437109270E-06  -0.600172602E-06
  -0.790714670E-06  -0.100937445E-05  -0.125679093E-05  -0.153360307E-05
  -0.184044986E-05  -0.217797028E-05  -0.254680330E-05  -0.294758790E-05
  -0.338096306E-05  -0.384756775E-05  -0.434804096E-05  -0.488302166E-05
  -0.545314883E-05  -0.605906144E-05  -0.670139848E-05  -0.738153994E-05
  -0.810043982E-05  -0.883270724E-05  -0.957802901E-05  -0.103440062E-04
  -0.111394847E-04  -0.119739059E-04  -0.128578008E-04  -0.137981014E-04
  -0.147822670E-04  -0.157907005E-04  -0.168086359E-04  -0.178498537E-04
  -0.189377086E-04  -0.200909984E-04  -0.213007028E-04  -0.225489444E-04
  -0.238211631E-04  -0.251231832E-04  -0.264670795E-04  -0.278632387E-04
  -0.293112076E-04  -0.308073752E-04  -0.323479525E-04  -0.339297376E-04
  -0.355494657E-04  -0.372057110E-04  -0.389056296E-04  -0.406591736E-04
  -0.424736877E-04  -0.443433185E-04  -0.462581846E-04  -0.482111386E-04
  -0.502088809E-04  -0.522622592E-04  -0.543796784E-04  -0.565571032E-04
  -0.587868473E-04  -0.610629697E-04  -0.633885436E-04  -0.657692250E-04
  -0.682098376E-04  -0.707107167E-04  -0.732709636E-04  -0.758895658E-04
  -0.785653597E-04  -0.812970642E-04  -0.840843032E-04  -0.869307515E-04
  -0.898413065E-04  -0.928194764E-04  -0.958623117E-04  -0.989649826E-04
  -0.102124157E-03  -0.105343572E-03  -0.108628977E-03  -0.111984752E-03
  -0.115408787E-03  -0.118897141E-03  -0.122446917E-03  -0.126060213E-03
  -0.129740513E-03  -0.133490589E-03  -0.137309842E-03  -0.141196739E-03
  -0.145149963E-03  -0.149169391E-03  -0.153255195E-03  -0.157407791E-03
  -0.161628629E-03  -0.165919462E-03  -0.170281435E-03  -0.174713023E-03
  -0.179211937E-03  -0.183776485E-03  -0.188407775E-03  -0.193107672E-03
  -0.197877409E-03  -0.202715438E-03  -0.207619421E-03  -0.212587480E-03
  -0.217619933E-03  -0.222717675E-03  -0.227881219E-03  -0.233109433E-03
  -0.238400717E-03  -0.243753574E-03  -0.249167137E-03  -0.254640675E-03
  -0.260173216E-03  -0.265762891E-03  -0.271407546E-03  -0.277104834E-03
  -0.282851852E-03  -0.288645479E-03  -0.294482889E-03  -0.300362756E-03
  -0.306284122E-03  -0.312245454E-03  -0.318242950E-03  -0.324272135E-03
  -0.330328745E-03  -0.336409781E-03  -0.342512518E-03  -0.348631872E-03
  -0.354753364E-03  -0.360859759E-03  -0.366932901E-03  -0.372952406E-03
  -0.378896894E-03  -0.384749275E-03  -0.390511625E-03  -0.396191108E-03
  -0.401787745E-03  -0.407271615E-03  -0.412604446E-03  -0.417731674E-03
  -0.422535734E-03  -0.426880351E-03  -0.430639873E-03  -0.433742883E-03
  -0.436130796E-03  -0.437763468E-03  -0.438679319E-03  -0.438938197E-03
  -0.438601969E-03  -0.437734518E-03  -0.436401747E-03
   0.000000000E+00   0.413685982E-06   0.825495370E-06   0.123189334E-05
   0.163218776E-05   0.202852913E-05   0.242591066E-05   0.283031749E-05
   0.324105947E-05   0.365262186E-05   0.405727650E-05   0.444998095E-05
   0.482631564E-05   0.518294473E-05   0.552301075E-05   0.585326510E-05
   0.618111109E-05   0.650867375E-05   0.683640025E-05   0.716338877E-05
   0.748344145E-05   0.778767553E-05   0.806832806E-05   0.832808147E-05
   0.857351049E-05   0.881025234E-05   0.903533948E-05   0.924283456E-05
   0.942735652E-05   0.958868511E-05   0.972825747E-05   0.984710514E-05
   0.994337276E-05   0.100142589E-04   0.100571389E-04   0.100708919E-04
   0.100548394E-04   0.100081145E-04   0.992887571E-05   0.981494823E-05
   0.966344549E-05   0.946882021E-05   0.922447857E-05   0.892521828E-05
   0.857315324E-05   0.817274030E-05   0.772752144E-05   0.723541113E-05
   0.669269884E-05   0.609502762E-05   0.543599701E-05   0.470836183E-05
   0.390554524E-05   0.302507452E-05   0.206560621E-05   0.102549850E-05
  -0.983841447E-07  -0.130962762E-05  -0.261208553E-05  -0.401045536E-05
  -0.550977196E-05  -0.711507883E-05  -0.883095405E-05  -0.106619297E-04
  -0.126127334E-04  -0.146885842E-04  -0.168949294E-04  -0.192374514E-04
  -0.217223773E-04  -0.243562020E-04  -0.271454714E-04  -0.300964054E-04
  -0.332152370E-04  -0.365085887E-04  -0.399842799E-04  -0.436505977E-04
  -0.475159043E-04  -0.515881997E-04  -0.558755181E-04  -0.603862413E-04
  -0.651296457E-04  -0.701154042E-04  -0.753534685E-04  -0.808542349E-04
  -0.866283926E-04  -0.926869021E-04  -0.990410912E-04  -0.105702567E-03
  -0.112683369E-03  -0.119996541E-03  -0.127655607E-03  -0.135674458E-03
  -0.144067570E-03  -0.152849805E-03  -0.162036564E-03  -0.171644468E-03
  -0.181690730E-03  -0.192192961E-03  -0.203169247E-03  -0.214638081E-03
  -0.226618738E-03  -0.239132522E-03  -0.252201613E-03  -0.265848611E-03
  -0.280096382E-03  -0.294968202E-03  -0.310488401E-03  -0.326684175E-03
  -0.343583893E-03  -0.361216647E-03  -0.379612636E-03  -0.398802805E-03
  -0.418819169E-03  -0.439696167E-03  -0.461469397E-03  -0.484175464E-03
  -0.507852869E-03  -0.532541181E-03  -0.558281773E-03  -0.585120967E-03
  -0.613107084E-03  -0.642289586E-03  -0.672719542E-03  -0.704449190E-03
  -0.737531930E-03  -0.772022770E-03  -0.807977903E-03  -0.845455393E-03
  -0.884517679E-03  -0.925229212E-03  -0.967652668E-03  -0.101183984E-02
  -0.105784025E-02  -0.110570629E-02  -0.115550008E-02  -0.120728701E-02
  -0.126112401E-02  -0.131703054E-02  -0.137501606E-02  -0.143508693E-02
  -0.149723874E-02  -0.156146353E-02  -0.162779320E-02  -0.169642442E-02
  -0.176759999E-02  -0.184152925E-02  -0.191826778E-02  -0.199783169E-02
  -0.208023643E-02  -0.216549680E-02  -0.225362695E-02
   0.000000000E+00   0.439160990E-06   0.877626790E-06   0.131475645E-05
   0.174981603E-05   0.218197862E-05   0.261032430E-05   0.303408258E-05
   0.345363663E-05   0.387028086E-05   0.428480572E-05   0.469277792E-05
   0.508652770E-05   0.545939851E-05   0.581751873E-05   0.617354013E-05
   0.653895943E-05   0.690688654E-05   0.726250673E-05   0.759153659E-05
   0.789441474E-05   0.817691418E-05   0.844504473E-05   0.870039085E-05
   0.894338773E-05   0.917331379E-05   0.938408195E-05   0.956733278E-05
   0.971610509E-05   0.983306462E-05   0.992424304E-05   0.999429084E-05
   0.100385873E-04   0.100494119E-04   0.100196846E-04   0.994773775E-05
   0.983349855E-05   0.967681495E-05   0.947653575E-05   0.923126042E-05
   0.893903531E-05   0.859551562E-05   0.819548755E-05   0.773411666E-05
   0.720918707E-05   0.661922185E-05   0.596222879E-05   0.523384639E-05
   0.442891853E-05   0.354247743E-05   0.257108575E-05   0.151168502E-05
   0.360694194E-06  -0.887549841E-06  -0.223944196E-05  -0.370116463E-05
  -0.527721359E-05  -0.697168466E-05  -0.878902371E-05  -0.107349625E-04
  -0.128156961E-04  -0.150376656E-04  -0.174077809E-04  -0.199332238E-04
  -0.226212712E-04  -0.254789573E-04  -0.285133744E-04  -0.317319363E-04
  -0.351428752E-04  -0.387547972E-04  -0.425765383E-04  -0.466171958E-04
  -0.508861004E-04  -0.553929246E-04  -0.601480528E-04  -0.651622471E-04
  -0.704465473E-04  -0.760123171E-04  -0.818712023E-04  -0.880352924E-04
  -0.945176696E-04  -0.101331909E-03  -0.108491853E-03  -0.116011438E-03
  -0.123904855E-03  -0.132186958E-03  -0.140874388E-03  -0.149984546E-03
  -0.159535166E-03  -0.169544092E-03  -0.180029483E-03  -0.191010334E-03
  -0.202507857E-03  -0.214544211E-03  -0.227142103E-03  -0.240324940E-03
  -0.254116692E-03  -0.268542193E-03  -0.283628224E-03  -0.299402507E-03
  -0.315893671E-03  -0.333132175E-03  -0.351149446E-03  -0.369977974E-03
  -0.389652486E-03  -0.410208853E-03  -0.431684421E-03  -0.454120196E-03
  -0.477558810E-03  -0.502044106E-03  -0.527622018E-03  -0.554339749E-03
  -0.582246491E-03  -0.611396496E-03  -0.641846202E-03  -0.673654316E-03
  -0.706885097E-03  -0.741605280E-03  -0.777884469E-03  -0.815799564E-03
  -0.855430606E-03  -0.896860227E-03  -0.940176329E-03  -0.985469568E-03
  -0.103283385E-02  -0.108237050E-02  -0.113418434E-02  -0.118838773E-02
  -0.124511705E-02  -0.130451716E-02  -0.136672879E-02  -0.143186621E-02
  -0.150003834E-02  -0.157135267E-02  -0.164590525E-02  -0.172379018E-02
  -0.180509978E-02  -0.188991533E-02  -0.197831585E-02  -0.207038544E-02
  -0.216622663E-02  -0.226594775E-02  -0.236968694E-02  -0.247769893E-02
  -0.259027270E-02  -0.270783182E-02  -0.283132665E-02  -0.296186162E-02
  -0.310056870E-02  -0.324860731E-02  -0.340716441E-02
   0.000000000E+00   0.000000000E+00   0.000000000E+00   0.000000000E+00
   0.000000000E+00   0.000000000E+00   0.000000000E+00   0.000000000E+00
   0.000000000E+00   0.000000000E+00   0.000000000E+00   0.000000000E+00
   0.000000000E+00   0.000000000E+00   0.000000000E+00   0.000000000E+00
   0.000000000E+00   0.000000000E+00   0.000000000E+00   0.000000000E+00
   0.000000000E+00   0.000000000E+00   0.000000000E+00   0.000000000E+00
   0.000000000E+00   0.000000000E+00   0.000000000E+00   0.000000000E+00
   0.000000000E+00   0.000000000E+00   0.000000000E+00   0.000000000E+00
   0.000000000E+00   0.000000000E+00   0.000000000E+00   0.437198590E-09
   0.908376390E-08   0.312108690E-07   0.602745507E-07   0.826578467E-07
   0.819101709E-07   0.420189390E-07  -0.501982929E-07  -0.203492912E-06
  -0.421287289E-06  -0.701391522E-06  -0.103624659E-05  -0.141360572E-05
  -0.181756557E-05  -0.222985917E-05  -0.263132213E-05  -0.300344403E-05
  -0.332991661E-05  -0.359809059E-05  -0.380025278E-05  -0.393463523E-05
  -0.400606822E-05   0.449458072E-05   0.525198245E-05   0.605507155E-05
   0.690612762E-05   0.780725367E-05   0.875958415E-05   0.976398567E-05
   0.108217124E-04   0.119356892E-04   0.131093695E-04   0.143459942E-04
   0.156475196E-04   0.170155769E-04   0.184520238E-04   0.199596281E-04
   0.215414535E-04   0.232006471E-04   0.249404420E-04   0.267641551E-04
   0.286751522E-04   0.306767407E-04   0.327722672E-04   0.349652405E-04
   0.372596125E-04   0.396595229E-04   0.421692262E-04   0.447931391E-04
   0.475357973E-04   0.504019212E-04   0.533966648E-04   0.565253873E-04
   0.597936033E-04   0.632070689E-04   0.667717023E-04   0.704936418E-04
   0.743795113E-04   0.784361753E-04   0.826706993E-04   0.870904827E-04
   0.917031356E-04   0.965166818E-04   0.101540314E-03   0.106783693E-03
   0.112256585E-03   0.117968475E-03   0.123928922E-03   0.130148139E-03
   0.136638370E-03   0.143412606E-03   0.150484103E-03   0.157866256E-03
   0.165572712E-03   0.173617754E-03   0.182017333E-03   0.190788101E-03
   0.199947291E-03   0.209513370E-03   0.219505428E-03   0.229943456E-03
   0.240849829E-03   0.252247917E-03   0.264162155E-03   0.276619720E-03
   0.289648960E-03   0.303279080E-03   0.317540864E-03   0.332466000E-03
   0.348087567E-03   0.364442228E-03   0.381568167E-03   0.399503348E-03
   0.418282369E-03   0.437939429E-03   0.458519525E-03   0.480109592E-03
   0.502809083E-03   0.526708542E-03   0.551854710E-03   0.578283531E-03
   0.606034040E-03   0.635156465E-03   0.665704553E-03   0.697756673E-03
   0.731488341E-03   0.767103449E-03   0.804765074E-03   0.844455439E-03
   0.886108847E-03   0.929743217E-03   0.975723899E-03   0.102451296E-02
   0.107658401E-02   0.113242221E-02   0.119252428E-02
   0.000000000E+00   0.000000000E+00   0.000000000E+00   0.000000000E+00
   0.000000000E+00   0.000000000E+00   0.000000000E+00   0.000000000E+00
   0.000000000E+00   0.000000000E+00   0.000000000E+00   0.000000000E+00
   0.000000000E+00   0.000000000E+00   0.000000000E+00   0.000000000E+00
   0.000000000E+00   0.000000000E+00   0.000000000E+00   0.000000000E+00
   0.000000000E+00   0.000000000E+00   0.000000000E+00   0.000000000E+00
   0.000000000E+00   0.000000000E+00   0.000000000E+00   0.000000000E+00
   0.000000000E+00   0.000000000E+00   0.000000000E+00  -0.431651481E-09
  -0.875597900E-08  -0.290246146E-07  -0.528260972E-07  -0.644833410E-07
  -0.456482068E-07   0.211656524E-07   0.150014838E-06   0.349826311E-06
   0.623468715E-06   0.967498091E-06   0.137248114E-05   0.182379921E-05
   0.230283615E-05   0.278845322E-05   0.325865422E-05   0.369234398E-05
   0.407108341E-05   0.438074424E-05   0.461296661E-05   0.476632279E-05
   0.484708997E-05  -0.447867209E-05  -0.530962388E-05  -0.618920445E-05
  -0.712217152E-05  -0.811452815E-05  -0.917139727E-05  -0.102932327E-04
  -0.114791500E-04  -0.127291610E-04  -0.140475193E-04  -0.154397601E-04
  -0.169109329E-04  -0.184633103E-04  -0.200984271E-04  -0.218181280E-04
  -0.236256183E-04  -0.255245238E-04  -0.275187836E-04  -0.296133353E-04
  -0.318134986E-04  -0.341242200E-04  -0.365483861E-04  -0.390883461E-04
  -0.417472283E-04  -0.445313859E-04  -0.474481788E-04  -0.505044875E-04
  -0.537044834E-04  -0.570516584E-04  -0.605503391E-04  -0.642082072E-04
  -0.680339976E-04  -0.720360704E-04  -0.762204481E-04  -0.805926145E-04
  -0.851586801E-04  -0.899270732E-04  -0.949069857E-04  -0.100107889E-03
  -0.105539690E-03  -0.111212584E-03  -0.117136868E-03  -0.123322485E-03
  -0.129779441E-03  -0.136518549E-03  -0.143553285E-03  -0.150898064E-03
  -0.158567283E-03  -0.166574170E-03  -0.174931851E-03  -0.183654498E-03
  -0.192759738E-03  -0.202266415E-03  -0.212193635E-03  -0.222560216E-03
  -0.233385203E-03  -0.244688849E-03  -0.256495080E-03  -0.268829192E-03
  -0.281717262E-03  -0.295186762E-03  -0.309265985E-03  -0.323984139E-03
  -0.339372236E-03  -0.355462259E-03  -0.372287932E-03  -0.389887969E-03
  -0.408303019E-03  -0.427575739E-03  -0.447754183E-03  -0.468888610E-03
  -0.491032577E-03  -0.514249602E-03  -0.538606887E-03  -0.564172517E-03
  -0.591013446E-03  -0.619197396E-03  -0.648787970E-03  -0.679827682E-03
  -0.712353991E-03  -0.746413126E-03  -0.782085731E-03  -0.819462611E-03
  -0.858654010E-03  -0.899843249E-03  -0.943235924E-03  -0.989010704E-03
  -0.103722170E-02  -0.108789105E-02  -0.114099139E-02  -0.119629619E-02
  -0.125352183E-02  -0.131262571E-02  -0.137456928E-02  -0.144059290E-02
  -0.151196948E-02  -0.159000447E-02  -0.167603589E-02
   0.000000000E+00   0.000000000E+00   0.000000000E+00   0.000000000E+00
   0.467143699E-09   0.107862423E-07   0.424485131E-07   0.983763513E-07
   0.175369978E-06   0.266558306E-06   0.363355863E-06   0.456970835E-06
   0.539509268E-06   0.604720488E-06   0.648428771E-06   0.668696343E-06
   0.665762723E-06   0.641805487E-06   0.600567491E-06   0.546895603E-06
   0.486235991E-06   0.424131028E-06   0.365762845E-06   0.315588601E-06
   0.277112507E-06   0.252839654E-06   0.459342527E-05   0.498000026E-05
   0.538053008E-05   0.579658651E-05   0.623126305E-05   0.668729024E-05
   0.716451323E-05   0.766186478E-05   0.817870309E-05   0.871679712E-05
   0.927873838E-05   0.986625496E-05   0.104766469E-04   0.111056917E-04
   0.117500163E-04   0.124113318E-04   0.130929261E-04   0.137983841E-04
   0.145315124E-04   0.152964025E-04   0.160958947E-04   0.169266343E-04
   0.177832705E-04   0.186614998E-04   0.195629802E-04   0.204911141E-04
   0.214488517E-04   0.224364582E-04   0.234534472E-04   0.244995088E-04
   0.255752914E-04   0.266817196E-04   0.278195866E-04   0.289890252E-04
   0.301899731E-04   0.314224005E-04   0.326865168E-04   0.339825880E-04
   0.353110259E-04   0.366728659E-04   0.380693419E-04   0.395013543E-04
   0.409682742E-04   0.424690131E-04   0.440028671E-04   0.455709860E-04
   0.471750523E-04   0.488163650E-04   0.504944149E-04   0.522081716E-04
   0.539568967E-04   0.557412876E-04   0.575624410E-04   0.594212594E-04
   0.613177253E-04   0.632515625E-04   0.652225029E-04   0.672304085E-04
   0.692751602E-04   0.713567089E-04   0.734753518E-04   0.756314792E-04
   0.778254028E-04   0.800570948E-04   0.823264276E-04   0.846333056E-04
   0.869778160E-04   0.893600896E-04   0.917802574E-04   0.942384634E-04
   0.967348526E-04   0.992696734E-04   0.101843606E-03   0.104457457E-03
   0.107111860E-03   0.109806661E-03   0.112541489E-03   0.115316292E-03
   0.118132397E-03   0.120991524E-03   0.123895298E-03   0.126844775E-03
   0.129840884E-03   0.132884895E-03   0.135979412E-03   0.139127441E-03
   0.142331992E-03   0.145595794E-03   0.148921558E-03   0.152312268E-03
   0.155771798E-03   0.159304336E-03   0.162915112E-03   0.166613256E-03
   0.170409115E-03   0.174313551E-03   0.178338596E-03   0.182496834E-03
   0.186800058E-03   0.191255799E-03   0.195870596E-03   0.200656463E-03
   0.205647272E-03   0.210883299E-03   0.216399848E-03   0.222208553E-03
   0.228315044E-03   0.234732904E-03   0.241507974E-03   0.248695359E-03
   0.256353262E-03   0.264548038E-03   0.273349408E-03   0.282782086E-03
   0.292682877E-03   0.302836183E-03   0.313149089E-03   0.324045678E-03
   0.336092704E-03   0.349776018E-03   0.365206129E-03   0.382398020E-03
   0.401366194E-03   0.422124672E-03   0.444686992E-03
   0.000000000E+00   0.000000000E+00   0.000000000E+00   0.469743420E-09
   0.108110610E-07   0.423881689E-07   0.978165988E-07   0.173508861E-06
   0.262206700E-06   0.354999062E-06   0.442872684E-06   0.517842201E-06
   0.573706690E-06   0.606479541E-06   0.614538580E-06   0.598543326E-06
   0.561166312E-06   0.506685359E-06   0.440483711E-06   0.368504945E-06
   0.296709552E-06   0.230580102E-06   0.174721897E-06   0.132606006E-06
   0.106501613E-06   0.462579999E-05   0.502830270E-05   0.544968311E-05
   0.588846243E-05   0.634541487E-05   0.682206000E-05   0.731987515E-05
   0.783955375E-05   0.838158542E-05   0.894633228E-05   0.953358667E-05
   0.101429250E-04   0.107741067E-04   0.114279446E-04   0.121055951E-04
   0.128077924E-04   0.135332136E-04   0.142798326E-04   0.150463209E-04
   0.158349665E-04   0.166492240E-04   0.174921246E-04   0.183640035E-04
   0.192644301E-04   0.201928860E-04   0.211487436E-04   0.221312843E-04
   0.231398673E-04   0.241744401E-04   0.252350967E-04   0.263218119E-04
   0.274340979E-04   0.285713042E-04   0.297329887E-04   0.309197493E-04
   0.321324927E-04   0.333717906E-04   0.346366652E-04   0.359256641E-04
   0.372374316E-04   0.385713246E-04   0.399268643E-04   0.413035424E-04
   0.427008094E-04   0.441180846E-04   0.455545907E-04   0.470088266E-04
   0.484790415E-04   0.499634527E-04   0.514604129E-04   0.529682594E-04
   0.544851963E-04   0.560090916E-04   0.575376610E-04   0.590685848E-04
   0.605996701E-04   0.621287030E-04   0.636531719E-04   0.651695702E-04
   0.666740331E-04   0.681625811E-04   0.696311938E-04   0.710757424E-04
   0.724920092E-04   0.738758195E-04   0.752229205E-04   0.765285798E-04
   0.777864755E-04   0.789897192E-04   0.801314004E-04   0.812051809E-04
   0.822047452E-04   0.831231509E-04   0.839514055E-04   0.846797846E-04
   0.852984230E-04   0.857977411E-04   0.861680491E-04   0.863989990E-04
   0.864783179E-04   0.863929871E-04   0.861294692E-04   0.856731668E-04
   0.850089272E-04   0.841208878E-04   0.829914690E-04   0.816023149E-04
   0.799340283E-04   0.779643661E-04   0.756699286E-04   0.730269339E-04
   0.700118274E-04   0.666007105E-04   0.627681593E-04   0.584841985E-04
   0.537171437E-04   0.484330625E-04   0.425911500E-04   0.361480793E-04
   0.290590498E-04   0.212764547E-04   0.127511363E-04   0.343099009E-05
  -0.674462279E-05  -0.178396041E-04  -0.299100644E-04  -0.429759759E-04
  -0.570479529E-04  -0.721468213E-04  -0.883356077E-04  -0.105689280E-03
  -0.124294715E-03  -0.144282096E-03  -0.165795177E-03  -0.188968694E-03
  -0.213890226E-03  -0.240636360E-03  -0.269317448E-03  -0.300176822E-03
  -0.333496608E-03  -0.369534800E-03  -0.408430792E-03  -0.450295157E-03
  -0.495240135E-03  -0.543379642E-03  -0.594829261E-03
   0.000000000E+00   0.000000000E+00   0.000000000E+00   0.000000000E+00
   0.000000000E+00   0.000000000E+00   0.000000000E+00   0.000000000E+00
   0.000000000E+00   0.000000000E+00   0.000000000E+00   0.000000000E+00
   0.000000000E+00   0.000000000E+00   0.000000000E+00  -0.467148335E-09
  -0.111328184E-07  -0.453674111E-07  -0.109273101E-06  -0.203290144E-06
  -0.323981035E-06  -0.465493948E-06  -0.620734696E-06  -0.782276479E-06
  -0.943036659E-06  -0.109674982E-05  -0.123826635E-05  -0.136370585E-05
  -0.147049452E-05  -0.155731589E-05  -0.162400405E-05  -0.167140870E-05
  -0.170126127E-05  -0.171607124E-05  -0.171908213E-05  -0.171431618E-05
  -0.170673719E-05  -0.452644037E-05  -0.477745191E-05  -0.504054692E-05
  -0.531858967E-05  -0.560861212E-05  -0.590574233E-05  -0.620600531E-05
  -0.651075990E-05  -0.682297438E-05  -0.714510467E-05  -0.747657426E-05
  -0.781591453E-05  -0.816192662E-05  -0.851495434E-05  -0.887579193E-05
  -0.924518587E-05  -0.962348098E-05  -0.100109269E-04  -0.104075658E-04
  -0.108125407E-04  -0.112246989E-04  -0.116432616E-04  -0.120692569E-04
  -0.125042601E-04  -0.129494293E-04  -0.134038701E-04  -0.138660827E-04
  -0.143349081E-04  -0.148109037E-04  -0.152951189E-04  -0.157883580E-04
  -0.162902109E-04  -0.167999201E-04  -0.173168397E-04  -0.178409248E-04
  -0.183722911E-04  -0.189111329E-04  -0.194579417E-04  -0.200133086E-04
  -0.205775264E-04  -0.211495653E-04  -0.217280020E-04  -0.223118298E-04
  -0.229019787E-04  -0.234999320E-04  -0.241068007E-04  -0.247219356E-04
  -0.253441948E-04  -0.259726549E-04  -0.266074562E-04  -0.272490283E-04
  -0.278977299E-04  -0.285535619E-04  -0.292164314E-04  -0.298862415E-04
  -0.305628905E-04  -0.312462726E-04  -0.319363923E-04  -0.326337159E-04
  -0.333388462E-04  -0.340522319E-04  -0.347736127E-04  -0.355025330E-04
  -0.362388055E-04  -0.369833953E-04  -0.377375985E-04  -0.385024712E-04
  -0.392779344E-04  -0.400636071E-04  -0.408594583E-04  -0.416669404E-04
  -0.424879326E-04  -0.433242073E-04  -0.441768990E-04  -0.450470007E-04
  -0.459357929E-04  -0.468456435E-04  -0.477792590E-04  -0.487393960E-04
  -0.497287581E-04  -0.507500923E-04  -0.518062511E-04  -0.529002821E-04
  -0.540353437E-04  -0.552151721E-04  -0.564456009E-04  -0.577331318E-04
  -0.590854443E-04  -0.605144521E-04  -0.620334240E-04  -0.636555338E-04
  -0.653924254E-04  -0.672555668E-04  -0.692545111E-04  -0.713901616E-04
  -0.736611346E-04  -0.760686326E-04  -0.786247283E-04  -0.813445285E-04
  -0.842532343E-04  -0.874158951E-04  -0.909092282E-04  -0.947985835E-04
  -0.990968153E-04  -0.103803281E-03  -0.108901898E-03  -0.114314672E-03
  -0.119945814E-03  -0.125787833E-03  -0.132199886E-03  -0.139643252E-03
  -0.148591478E-03  -0.159530389E-03  -0.172958077E-03
   0.000000000E+00   0.000000000E+00   0.000000000E+00   0.000000000E+00
   0.000000000E+00   0.000000000E+00   0.000000000E+00   0.000000000E+00
   0.000000000E+00   0.000000000E+00   0.000000000E+00   0.000000000E+00
   0.000000000E+00   0.000000000E+00   0.486696272E-09   0.115397248E-07
   0.467692647E-07   0.111991827E-06   0.207046760E-06   0.327768505E-06
   0.467595242E-06   0.618847073E-06   0.773706926E-06   0.924937328E-06
   0.106636622E-05   0.119317499E-05   0.130202181E-05   0.139103360E-05
   0.145969962E-05   0.150869991E-05   0.153970180E-05   0.155515757E-05
   0.155813646E-05   0.155222420E-05   0.154152323E-05   0.153078672E-05
   0.472725512E-05   0.501183605E-05   0.531784772E-05   0.562570428E-05
   0.591984125E-05   0.620835265E-05   0.650672895E-05   0.682761733E-05
   0.716677116E-05   0.751484421E-05   0.786342134E-05   0.821081340E-05
   0.855713558E-05   0.890353316E-05   0.925525696E-05   0.961902446E-05
   0.999934960E-05   0.103899089E-04   0.107810173E-04   0.111655100E-04
   0.115489649E-04   0.119407805E-04   0.123478745E-04   0.127647393E-04
   0.131821849E-04   0.135929467E-04   0.139996650E-04   0.144078247E-04
   0.148217307E-04   0.152396328E-04   0.156580644E-04   0.160737797E-04
   0.164850815E-04   0.168906334E-04   0.172896305E-04   0.176836193E-04
   0.180748615E-04   0.184644068E-04   0.188478641E-04   0.192192203E-04
   0.195738783E-04   0.199139829E-04   0.202435918E-04   0.205652440E-04
   0.208745002E-04   0.211649125E-04   0.214311255E-04   0.216731665E-04
   0.218925269E-04   0.220898957E-04   0.222623272E-04   0.224058360E-04
   0.225165401E-04   0.225914295E-04   0.226276594E-04   0.226225664E-04
   0.225744695E-04   0.224819313E-04   0.223427879E-04   0.221519336E-04
   0.219033679E-04   0.215915248E-04   0.212132067E-04   0.207657925E-04
   0.202459547E-04   0.196475969E-04   0.189637686E-04   0.181877092E-04
   0.173140408E-04   0.163376582E-04   0.152528524E-04   0.140517840E-04
   0.127259072E-04   0.112664525E-04   0.966441766E-05   0.791057642E-05
   0.599516436E-05   0.390690358E-05   0.163391560E-05  -0.836304820E-06
  -0.351792691E-05  -0.642581129E-05  -0.957514156E-05  -0.129813128E-04
  -0.166600362E-04  -0.206286019E-04  -0.249096410E-04  -0.295275864E-04
  -0.345077945E-04  -0.398775508E-04  -0.456651226E-04  -0.519009255E-04
  -0.586220865E-04  -0.658681390E-04  -0.736784240E-04  -0.820886217E-04
  -0.911340279E-04  -0.100848639E-03  -0.111258935E-03  -0.122389762E-03
  -0.134275921E-03  -0.146991512E-03  -0.160622140E-03  -0.175268258E-03
  -0.191084262E-03  -0.208241415E-03  -0.226856389E-03  -0.246811374E-03
  -0.267924850E-03  -0.290153026E-03  -0.314027986E-03  -0.340241300E-03
  -0.369502597E-03  -0.402539555E-03  -0.440097911E-03
   0.000000000E+00   0.000000000E+00   0.000000000E+00   0.000000000E+00
   0.000000000E+00   0.000000000E+00   0.000000000E+00   0.000000000E+00
   0.000000000E+00   0.000000000E+00   0.000000000E+00   0.000000000E+00
   0.000000000E+00   0.000000000E+00   0.000000000E+00   0.000000000E+00
   0.000000000E+00   0.000000000E+00   0.000000000E+00   0.000000000E+00
   0.000000000E+00   0.000000000E+00   0.000000000E+00   0.000000000E+00
   0.000000000E+00   0.000000000E+00   0.000000000E+00   0.000000000E+00
   0.000000000E+00   0.000000000E+00   0.000000000E+00   0.000000000E+00
   0.000000000E+00   0.461786673E-09   0.103030959E-07   0.389338760E-07
   0.859440894E-07   0.144394166E-06   0.203929475E-06   0.253226817E-06
   0.281833858E-06   0.281462427E-06   0.246796606E-06   0.175876531E-06
   0.701188256E-07  -0.659654031E-07  -0.225294085E-06  -0.398918305E-06
  -0.576846092E-06  -0.748924950E-06  -0.905722222E-06  -0.103934235E-05
  -0.114412010E-05  -0.121712889E-05  -0.125844314E-05   0.461029225E-05
   0.513308214E-05   0.569182443E-05   0.628882537E-05   0.692528968E-05
   0.760212531E-05   0.832042965E-05   0.908213014E-05   0.988941748E-05
   0.107446487E-04   0.116506628E-04   0.126104999E-04   0.136270344E-04
   0.147021363E-04   0.158374220E-04   0.170348478E-04   0.182977491E-04
   0.196299066E-04   0.210350322E-04   0.225161794E-04   0.240762760E-04
   0.257184891E-04   0.274467849E-04   0.292654212E-04   0.311786511E-04
   0.331903502E-04   0.353043559E-04   0.375247772E-04   0.398565902E-04
   0.423050943E-04   0.448756946E-04   0.475738107E-04   0.504049609E-04
   0.533748692E-04   0.564897114E-04   0.597558890E-04   0.631800478E-04
   0.667693719E-04   0.705313128E-04   0.744735954E-04   0.786045263E-04
   0.829327088E-04   0.874670833E-04   0.922173504E-04   0.971935786E-04
   0.102406108E-03   0.107865672E-03   0.113583281E-03   0.119570581E-03
   0.125841052E-03   0.132408892E-03   0.139288703E-03   0.146495713E-03
   0.154045572E-03   0.161954662E-03   0.170241272E-03   0.178924502E-03
   0.188024031E-03   0.197560559E-03   0.207555392E-03   0.218031261E-03
   0.229015261E-03   0.240536097E-03   0.252623850E-03   0.265312176E-03
   0.278636245E-03   0.292632063E-03   0.307336564E-03   0.322787526E-03
   0.339023928E-03   0.356087147E-03   0.374019830E-03   0.392866257E-03
   0.412674598E-03   0.433494784E-03   0.455388878E-03   0.478465062E-03
   0.502845530E-03   0.528638143E-03   0.555883157E-03   0.584603616E-03
   0.614808861E-03   0.646452813E-03   0.679473484E-03   0.713855135E-03
   0.749777245E-03   0.787473256E-03   0.827138474E-03   0.868795358E-03
   0.912421405E-03   0.958084148E-03   0.100622083E-02   0.105737260E-02
   0.111209429E-02   0.117095434E-02   0.123453487E-02
   0.000000000E+00   0.000000000E+00   0.000000000E+00   0.000000000E+00
   0.000000000E+00   0.000000000E+00   0.000000000E+00   0.000000000E+00
   0.000000000E+00   0.000000000E+00   0.000000000E+00   0.000000000E+00
   0.000000000E+00   0.000000000E+00   0.000000000E+00   0.000000000E+00
   0.000000000E+00   0.000000000E+00   0.000000000E+00   0.000000000E+00
   0.000000000E+00   0.000000000E+00   0.000000000E+00   0.000000000E+00
   0.000000000E+00   0.000000000E+00   0.000000000E+00   0.000000000E+00
   0.000000000E+00   0.000000000E+00   0.000000000E+00   0.464478663E-09
   0.103095439E-07   0.387092246E-07   0.847590456E-07   0.140915704E-06
   0.196232869E-06   0.238898305E-06   0.258136034E-06   0.245537269E-06
   0.195883834E-06   0.107527800E-06  -0.176089423E-07  -0.174351453E-06
  -0.354841127E-06  -0.549293975E-06  -0.746884073E-06  -0.936688459E-06
  -0.110862976E-05  -0.125435279E-05  -0.136797151E-05  -0.144662240E-05
  -0.149076081E-05   0.464754056E-05   0.519435628E-05   0.578091854E-05
   0.640823661E-05   0.707668428E-05   0.778695206E-05   0.854122929E-05
   0.934216491E-05   0.101924882E-04   0.110949596E-04   0.120524142E-04
   0.130675903E-04   0.141425447E-04   0.152791733E-04   0.164796616E-04
   0.177473277E-04   0.190858680E-04   0.204989343E-04   0.219896306E-04
   0.235609651E-04   0.252161362E-04   0.269589331E-04   0.287933739E-04
   0.307235225E-04   0.327533097E-04   0.348866956E-04   0.371279113E-04
   0.394820358E-04   0.419544710E-04   0.445505471E-04   0.472748611E-04
   0.501318809E-04   0.531264916E-04   0.562650399E-04   0.595543774E-04
   0.630013580E-04   0.666123072E-04   0.703935102E-04   0.743516498E-04
   0.784946393E-04   0.828308549E-04   0.873688200E-04   0.921170465E-04
   0.970841817E-04   0.102279226E-03   0.107712050E-03   0.113392917E-03
   0.119332458E-03   0.125542116E-03   0.132033735E-03   0.138819519E-03
   0.145912324E-03   0.153325387E-03   0.161072576E-03   0.169169467E-03
   0.177632343E-03   0.186477872E-03   0.195723184E-03   0.205385799E-03
   0.215484291E-03   0.226040388E-03   0.237077003E-03   0.248617866E-03
   0.260688453E-03   0.273315116E-03   0.286525119E-03   0.300347668E-03
   0.314812944E-03   0.329952492E-03   0.345801406E-03   0.362396271E-03
   0.379775982E-03   0.397986399E-03   0.417075960E-03   0.437097669E-03
   0.458119775E-03   0.480215699E-03   0.503451458E-03   0.527857677E-03
   0.553456029E-03   0.580271188E-03   0.608339842E-03   0.637702168E-03
   0.668406118E-03   0.700529420E-03   0.734158741E-03   0.769371579E-03
   0.806202561E-03   0.844675397E-03   0.884817683E-03   0.926672916E-03
   0.970289084E-03   0.101581793E-02   0.106383004E-02   0.111501540E-02
   0.117008170E-02   0.122975430E-02   0.129477624E-02
   0.000000000E+00   0.000000000E+00   0.000000000E+00   0.000000000E+00
   0.000000000E+00   0.000000000E+00   0.000000000E+00   0.000000000E+00
   0.000000000E+00   0.000000000E+00   0.000000000E+00   0.000000000E+00
   0.000000000E+00   0.000000000E+00   0.000000000E+00   0.000000000E+00
   0.000000000E+00   0.000000000E+00   0.000000000E+00   0.000000000E+00
   0.000000000E+00   0.000000000E+00   0.000000000E+00   0.000000000E+00
   0.000000000E+00   0.000000000E+00   0.000000000E+00   0.000000000E+00
   0.000000000E+00   0.000000000E+00   0.000000000E+00   0.000000000E+00
   0.000000000E+00   0.000000000E+00   0.000000000E+00   0.000000000E+00
   0.000000000E+00  -0.469754639E-09  -0.108190708E-07  -0.424544770E-07
  -0.980627084E-07  -0.174137630E-06  -0.263497633E-06  -0.357292616E-06
  -0.446547082E-06  -0.523285929E-06  -0.581289474E-06  -0.616524259E-06
  -0.627296213E-06  -0.614172695E-06  -0.579719998E-06  -0.528102851E-06
  -0.464592473E-06  -0.395029744E-06  -0.325290034E-06  -0.260796248E-06
  -0.206126640E-06  -0.164763956E-06  -0.139032440E-06  -0.462441079E-05
  -0.502389004E-05  -0.544629648E-05  -0.589238805E-05  -0.636275716E-05
  -0.685810944E-05  -0.737962103E-05  -0.792862058E-05  -0.850643337E-05
  -0.911424006E-05  -0.975320304E-05  -0.104245308E-04  -0.111295417E-04
  -0.118696065E-04  -0.126462057E-04  -0.134611690E-04  -0.143164588E-04
  -0.152139111E-04  -0.161546629E-04  -0.171396714E-04  -0.181702253E-04
  -0.192489748E-04  -0.203789939E-04  -0.215631701E-04  -0.228033134E-04
  -0.241009701E-04  -0.254579068E-04  -0.268767420E-04  -0.283603676E-04
  -0.299117566E-04  -0.315339851E-04  -0.332302124E-04  -0.350036765E-04
  -0.368577028E-04  -0.387956964E-04  -0.408212131E-04  -0.429381874E-04
  -0.451507222E-04  -0.474630711E-04  -0.498798101E-04  -0.524056789E-04
  -0.550456507E-04  -0.578053145E-04  -0.606905204E-04  -0.637071940E-04
  -0.668611408E-04  -0.701582284E-04  -0.736047944E-04  -0.772087086E-04
  -0.809783827E-04  -0.849223849E-04  -0.890492999E-04  -0.933678599E-04
  -0.978874790E-04  -0.102619757E-03  -0.107577071E-03  -0.112772027E-03
  -0.118217246E-03  -0.123925562E-03  -0.129910609E-03  -0.136188402E-03
  -0.142775850E-03  -0.149690781E-03  -0.156953573E-03  -0.164585621E-03
  -0.172609266E-03  -0.181049188E-03  -0.189931094E-03  -0.199284301E-03
  -0.209151015E-03  -0.219577577E-03  -0.230605144E-03  -0.242250288E-03
  -0.254523326E-03  -0.267439302E-03  -0.281032504E-03  -0.295342734E-03
  -0.310414607E-03  -0.326309705E-03  -0.343095066E-03  -0.360825047E-03
  -0.379497840E-03  -0.399096708E-03  -0.419640808E-03  -0.441297709E-03
  -0.464276581E-03  -0.488800476E-03  -0.515132524E-03  -0.543551042E-03
  -0.574341070E-03  -0.607794377E-03  -0.644209457E-03
   0.000000000E+00   0.000000000E+00   0.000000000E+00   0.000000000E+00
   0.000000000E+00   0.000000000E+00   0.000000000E+00   0.000000000E+00
   0.000000000E+00   0.000000000E+00   0.000000000E+00   0.000000000E+00
   0.000000000E+00   0.000000000E+00   0.000000000E+00   0.000000000E+00
   0.000000000E+00   0.000000000E+00   0.000000000E+00   0.000000000E+00
   0.000000000E+00   0.000000000E+00   0.000000000E+00   0.000000000E+00
   0.000000000E+00   0.000000000E+00   0.000000000E+00   0.000000000E+00
   0.000000000E+00   0.000000000E+00   0.000000000E+00   0.000000000E+00
   0.000000000E+00   0.000000000E+00   0.451129991E-09   0.103374204E-07
   0.403273394E-07   0.925174392E-07   0.162986917E-06   0.244316618E-06
   0.327591506E-06   0.403933710E-06   0.465613252E-06   0.506783580E-06
   0.523889007E-06   0.515791161E-06   0.483661576E-06   0.430687516E-06
   0.361638150E-06   0.282338187E-06   0.199096092E-06   0.118133968E-06
   0.450662494E-07  -0.155257150E-07  -0.603760569E-07  -0.876266608E-07
   0.445125973E-05   0.485552123E-05   0.528820224E-05   0.574774635E-05
   0.623112924E-05   0.673638947E-05   0.726674573E-05   0.782695384E-05
   0.842097897E-05   0.904869594E-05   0.970882599E-05   0.104005536E-04
   0.111253794E-04   0.118854621E-04   0.126830751E-04   0.135207066E-04
   0.144009696E-04   0.153260281E-04   0.162959121E-04   0.173100394E-04
   0.183686422E-04   0.194755599E-04   0.206357066E-04   0.218532107E-04
   0.231283614E-04   0.244603882E-04   0.258494124E-04   0.272995212E-04
   0.288159598E-04   0.304033564E-04   0.320632227E-04   0.337962442E-04
   0.356036113E-04   0.374886964E-04   0.394555122E-04   0.415081425E-04
   0.436506192E-04   0.458870356E-04   0.482214015E-04   0.506570790E-04
   0.531973041E-04   0.558457797E-04   0.586079515E-04   0.614898259E-04
   0.644971847E-04   0.676344146E-04   0.709055936E-04   0.743154467E-04
   0.778711368E-04   0.815805978E-04   0.854515816E-04   0.894904839E-04
   0.937034391E-04   0.980973203E-04   0.102681661E-03   0.107466860E-03
   0.112463356E-03   0.117680985E-03   0.123129584E-03   0.128819294E-03
   0.134760865E-03   0.140965370E-03   0.147444590E-03   0.154212486E-03
   0.161283811E-03   0.168674214E-03   0.176401975E-03   0.184486370E-03
   0.192948481E-03   0.201815399E-03   0.211116268E-03   0.220879249E-03
   0.231126366E-03   0.241878370E-03   0.253150611E-03   0.264935319E-03
   0.277218342E-03   0.289995041E-03   0.303301488E-03   0.317184951E-03
   0.331701009E-03   0.346935430E-03   0.362983449E-03   0.379919872E-03
   0.397729220E-03   0.416371970E-03   0.435763217E-03   0.455638638E-03
   0.475681734E-03   0.495732929E-03   0.516296306E-03   0.538058040E-03
   0.561722816E-03   0.588013838E-03   0.617672820E-03
   0.000000000E+00   0.000000000E+00   0.000000000E+00   0.000000000E+00
   0.000000000E+00   0.000000000E+00   0.000000000E+00   0.000000000E+00
   0.000000000E+00   0.000000000E+00   0.000000000E+00   0.000000000E+00
   0.000000000E+00   0.000000000E+00   0.000000000E+00   0.000000000E+00
   0.000000000E+00   0.000000000E+00   0.000000000E+00   0.000000000E+00
   0.000000000E+00   0.000000000E+00   0.000000000E+00   0.000000000E+00
   0.000000000E+00   0.000000000E+00   0.000000000E+00   0.000000000E+00
   0.000000000E+00   0.000000000E+00   0.000000000E+00   0.000000000E+00
   0.000000000E+00   0.000000000E+00   0.000000000E+00   0.000000000E+00
  -0.490221387E-09  -0.119831805E-07  -0.501394056E-07  -0.124120313E-06
  -0.237544988E-06  -0.389784203E-06  -0.577068110E-06  -0.793424586E-06
  -0.103146525E-05  -0.128303612E-05  -0.153974993E-05  -0.179341708E-05
  -0.203639223E-05  -0.226185350E-05  -0.246403131E-05  -0.263840388E-05
  -0.278187626E-05  -0.289296002E-05  -0.297197053E-05  -0.302125884E-05
  -0.304549517E-05  -0.305202091E-05  -0.469187045E-05  -0.483770016E-05
  -0.498132081E-05  -0.512225263E-05  -0.526059444E-05  -0.539661776E-05
  -0.553027052E-05  -0.566006878E-05  -0.578408311E-05  -0.590065475E-05
  -0.600955805E-05  -0.611096040E-05  -0.620470916E-05  -0.628923693E-05
  -0.636254578E-05  -0.642278717E-05  -0.646900334E-05  -0.650045773E-05
  -0.651620862E-05  -0.651450499E-05  -0.649333432E-05  -0.645068806E-05
  -0.638479735E-05  -0.629391848E-05  -0.617618133E-05  -0.602934957E-05
  -0.585103968E-05  -0.563870571E-05  -0.538935837E-05  -0.509982242E-05
  -0.476694256E-05  -0.438794580E-05  -0.396010839E-05  -0.348038521E-05
  -0.294461910E-05  -0.234826961E-05  -0.168674454E-05  -0.955650094E-06
  -0.150559687E-06   0.733263028E-06   0.170147337E-05   0.276008125E-05
   0.391527427E-05   0.517346904E-05   0.654126354E-05   0.802564149E-05
   0.963465154E-05   0.113767752E-04   0.132606889E-04   0.152951974E-04
   0.174892955E-04   0.198525772E-04   0.223964252E-04   0.251328994E-04
   0.280745237E-04   0.312348001E-04   0.346277278E-04   0.382678572E-04
   0.421709614E-04   0.463534067E-04   0.508323169E-04   0.556267369E-04
   0.607565397E-04   0.662421253E-04   0.721046393E-04   0.783657673E-04
   0.850480431E-04   0.921760088E-04   0.997751221E-04   0.107872220E-03
   0.116498080E-03   0.125685004E-03   0.135468157E-03   0.145892184E-03
   0.157004958E-03   0.168849302E-03   0.181444172E-03   0.194802453E-03
   0.208937081E-03   0.223861217E-03   0.239588079E-03   0.256143078E-03
   0.273601091E-03   0.292051117E-03   0.311574699E-03   0.332216703E-03
   0.354013055E-03   0.376983923E-03   0.401084069E-03   0.426250025E-03
   0.452416128E-03   0.479514510E-03   0.507475108E-03
   0.000000000E+00   0.000000000E+00   0.000000000E+00   0.000000000E+00
   0.000000000E+00   0.000000000E+00   0.000000000E+00   0.000000000E+00
   0.000000000E+00   0.000000000E+00   0.000000000E+00   0.000000000E+00
   0.000000000E+00   0.000000000E+00   0.000000000E+00   0.000000000E+00
   0.000000000E+00   0.000000000E+00   0.000000000E+00   0.000000000E+00
   0.000000000E+00   0.000000000E+00   0.000000000E+00   0.000000000E+00
   0.000000000E+00   0.000000000E+00   0.000000000E+00   0.000000000E+00
   0.000000000E+00   0.000000000E+00   0.000000000E+00   0.000000000E+00
   0.000000000E+00   0.000000000E+00   0.000000000E+00  -0.485758824E-09
  -0.119200305E-07  -0.500699099E-07  -0.124434986E-06  -0.239083999E-06
  -0.393848684E-06  -0.585355945E-06  -0.807913109E-06  -0.105426100E-05
  -0.131620956E-05  -0.158517084E-05  -0.185260397E-05  -0.211038698E-05
  -0.235113014E-05  -0.256844565E-05  -0.275718827E-05  -0.291368183E-05
  -0.303594617E-05  -0.312393947E-05  -0.317983045E-05  -0.320831549E-05
  -0.321699512E-05  -0.464027271E-05  -0.476680141E-05  -0.488906276E-05
  -0.500773892E-05  -0.512307746E-05  -0.523332645E-05  -0.533611917E-05
  -0.542929193E-05  -0.551192940E-05  -0.558343432E-05  -0.564313022E-05
  -0.569003308E-05  -0.572305568E-05  -0.574090834E-05  -0.574156886E-05
  -0.572275912E-05  -0.568223254E-05  -0.561815400E-05  -0.552875674E-05
  -0.541205366E-05  -0.526530959E-05  -0.508551986E-05  -0.486970477E-05
  -0.461531011E-05  -0.431984262E-05  -0.398052290E-05  -0.359359993E-05
  -0.315497716E-05  -0.266044887E-05  -0.210576344E-05  -0.148656536E-05
  -0.798322326E-06  -0.361615400E-07   0.804979847E-06   0.173052596E-05
   0.274695078E-05   0.386114348E-05   0.508012752E-05   0.641086700E-05
   0.786044560E-05   0.943653870E-05   0.111486790E-04   0.130070839E-04
   0.150220954E-04   0.172036928E-04   0.195619450E-04   0.221076706E-04
   0.248539913E-04   0.278148862E-04   0.310049180E-04   0.344399145E-04
   0.381363330E-04   0.421113927E-04   0.463841489E-04   0.509744892E-04
   0.559033230E-04   0.611942174E-04   0.668718658E-04   0.729615685E-04
   0.794892431E-04   0.864814147E-04   0.939666392E-04   0.101979880E-03
   0.110558397E-03   0.119741970E-03   0.129577877E-03   0.140116212E-03
   0.151408234E-03   0.163506209E-03   0.176463563E-03   0.190338599E-03
   0.205205742E-03   0.221144931E-03   0.238226242E-03   0.256473857E-03
   0.275900104E-03   0.296532983E-03   0.318464963E-03   0.341806828E-03
   0.366678976E-03   0.393232879E-03   0.421630759E-03   0.451998179E-03
   0.484300204E-03   0.518458831E-03   0.554487891E-03   0.592783359E-03
   0.633847764E-03   0.678156194E-03   0.726033049E-03   0.777769167E-03
   0.833661615E-03   0.894013685E-03   0.959134896E-03
   0.000000000E+00   0.000000000E+00   0.000000000E+00   0.000000000E+00
   0.000000000E+00   0.000000000E+00   0.000000000E+00   0.000000000E+00
   0.000000000E+00   0.000000000E+00   0.000000000E+00   0.000000000E+00
   0.000000000E+00   0.000000000E+00   0.000000000E+00   0.000000000E+00
   0.000000000E+00   0.000000000E+00   0.000000000E+00   0.000000000E+00
   0.000000000E+00   0.000000000E+00   0.000000000E+00   0.000000000E+00
   0.000000000E+00   0.000000000E+00   0.000000000E+00   0.000000000E+00
   0.000000000E+00   0.000000000E+00   0.000000000E+00   0.000000000E+00
   0.000000000E+00   0.000000000E+00   0.000000000E+00   0.000000000E+00
   0.000000000E+00   0.000000000E+00   0.000000000E+00   0.000000000E+00
   0.000000000E+00   0.000000000E+00   0.000000000E+00   0.000000000E+00
   0.000000000E+00   0.000000000E+00   0.000000000E+00   0.000000000E+00
   0.000000000E+00   0.000000000E+00   0.000000000E+00   0.000000000E+00
   0.000000000E+00   0.000000000E+00   0.000000000E+00   0.000000000E+00
   0.000000000E+00   0.000000000E+00   0.000000000E+00   0.000000000E+00
   0.000000000E+00   0.000000000E+00   0.000000000E+00   0.000000000E+00
   0.000000000E+00   0.000000000E+00   0.000000000E+00   0.000000000E+00
   0.000000000E+00   0.000000000E+00   0.000000000E+00   0.000000000E+00
   0.000000000E+00  -0.437747840E-09  -0.929429362E-08  -0.329273451E-07
  -0.666121399E-07  -0.988065762E-07  -0.115012742E-06  -0.100769027E-06
  -0.438521148E-07   0.642318563E-07   0.227387656E-06   0.444623566E-06
   0.710216920E-06   0.101427330E-05   0.134360004E-05   0.168281488E-05
   0.201561025E-05   0.232609411E-05   0.260012794E-05   0.282658256E-05
   0.299843262E-05   0.311361025E-05   0.317553878E-05  -0.446170440E-05
  -0.514214632E-05  -0.587466793E-05  -0.666254377E-05  -0.750902590E-05
  -0.841748942E-05  -0.939156419E-05  -0.104350125E-04  -0.115518586E-04
  -0.127469158E-04  -0.140252960E-04  -0.153922299E-04  -0.168530321E-04
  -0.184131335E-04  -0.200782966E-04  -0.218552412E-04  -0.237510598E-04
  -0.257732489E-04  -0.279304207E-04  -0.302316369E-04  -0.326860755E-04
  -0.353027047E-04  -0.380905885E-04  -0.410593807E-04  -0.442205194E-04
  -0.475861047E-04  -0.511690847E-04  -0.549849974E-04  -0.590503318E-04
  -0.633828733E-04  -0.680044752E-04  -0.729384478E-04  -0.782079042E-04
  -0.838334199E-04  -0.898352410E-04  -0.962351383E-04  -0.103059782E-03
  -0.110337552E-03  -0.118096371E-03  -0.126360377E-03  -0.135153068E-03
  -0.144500646E-03  -0.154438966E-03  -0.165006953E-03  -0.176270672E-03
  -0.188403773E-03  -0.201611207E-03  -0.216031626E-03  -0.231518316E-03
  -0.247847161E-03  -0.264881625E-03  -0.282860936E-03  -0.302126215E-03
  -0.323027454E-03  -0.345923519E-03  -0.371182148E-03
   0.000000000E+00   0.000000000E+00   0.000000000E+00   0.000000000E+00
   0.000000000E+00   0.000000000E+00   0.000000000E+00   0.000000000E+00
   0.000000000E+00   0.000000000E+00   0.000000000E+00   0.000000000E+00
   0.000000000E+00   0.000000000E+00   0.000000000E+00   0.000000000E+00
   0.000000000E+00   0.000000000E+00   0.000000000E+00   0.000000000E+00
   0.000000000E+00   0.000000000E+00   0.000000000E+00   0.000000000E+00
   0.000000000E+00   0.000000000E+00   0.000000000E+00   0.000000000E+00
   0.000000000E+00   0.000000000E+00   0.000000000E+00   0.000000000E+00
   0.000000000E+00   0.000000000E+00   0.000000000E+00   0.000000000E+00
   0.000000000E+00   0.000000000E+00   0.000000000E+00   0.000000000E+00
   0.000000000E+00   0.000000000E+00   0.000000000E+00   0.000000000E+00
   0.000000000E+00   0.000000000E+00   0.000000000E+00   0.000000000E+00
   0.000000000E+00   0.000000000E+00   0.000000000E+00   0.000000000E+00
   0.000000000E+00   0.000000000E+00   0.000000000E+00   0.000000000E+00
   0.000000000E+00   0.000000000E+00   0.000000000E+00   0.000000000E+00
   0.000000000E+00   0.000000000E+00   0.000000000E+00   0.000000000E+00
   0.000000000E+00   0.000000000E+00   0.419596055E-09   0.883200176E-08
   0.309142725E-07   0.614318823E-07   0.885134982E-07   0.975003529E-07
   0.739238092E-07   0.569063166E-08  -0.115444524E-06  -0.293039888E-06
  -0.525681107E-06  -0.807170018E-06  -0.112710815E-05  -0.147179541E-05
  -0.182536457E-05  -0.217107176E-05  -0.249266383E-05  -0.277574275E-05
  -0.300904769E-05  -0.318557525E-05  -0.330345826E-05  -0.336652377E-05
   0.429157009E-05   0.497388303E-05   0.571127118E-05   0.650624204E-05
   0.736191167E-05   0.828161183E-05   0.926916804E-05   0.103301738E-04
   0.114708130E-04   0.126970111E-04   0.140130641E-04   0.154229087E-04
   0.169312272E-04   0.185455094E-04   0.202741377E-04   0.221253415E-04
   0.241059962E-04   0.262227403E-04   0.284829860E-04   0.308968485E-04
   0.334753468E-04   0.362297906E-04   0.391717898E-04   0.423132458E-04
   0.456667271E-04   0.492466319E-04   0.530680996E-04   0.571471358E-04
   0.615021340E-04   0.661524490E-04   0.711180367E-04   0.764198488E-04
   0.820794623E-04   0.881202153E-04   0.945710745E-04   0.101462997E-03
   0.108828552E-03   0.116704562E-03   0.125129615E-03   0.134144336E-03
   0.143794822E-03   0.154129404E-03   0.165194869E-03   0.177028289E-03
   0.189664741E-03   0.203143003E-03   0.217514926E-03   0.232836566E-03
   0.249179710E-03   0.266676359E-03   0.285476593E-03   0.305715882E-03
   0.327458931E-03   0.350752925E-03   0.375614328E-03   0.401933212E-03
   0.429564077E-03   0.458536664E-03   0.489605724E-03   0.523728551E-03
   0.561887514E-03   0.605090061E-03   0.654368718E-03
   0.000000000E+00   0.000000000E+00   0.000000000E+00   0.000000000E+00
   0.000000000E+00   0.000000000E+00   0.000000000E+00   0.000000000E+00
   0.000000000E+00   0.000000000E+00   0.000000000E+00   0.000000000E+00
   0.000000000E+00   0.000000000E+00   0.000000000E+00   0.000000000E+00
   0.000000000E+00   0.000000000E+00   0.000000000E+00   0.000000000E+00
   0.000000000E+00   0.000000000E+00   0.000000000E+00   0.000000000E+00
   0.000000000E+00   0.000000000E+00   0.000000000E+00   0.000000000E+00
   0.000000000E+00   0.000000000E+00   0.000000000E+00   0.000000000E+00
   0.000000000E+00   0.000000000E+00   0.000000000E+00   0.000000000E+00
   0.000000000E+00   0.000000000E+00   0.000000000E+00   0.000000000E+00
   0.000000000E+00   0.000000000E+00   0.000000000E+00   0.000000000E+00
   0.000000000E+00  -0.473473844E-09  -0.111006114E-07  -0.444406154E-07
  -0.104999221E-06  -0.191300508E-06  -0.298047287E-06  -0.417864946E-06
  -0.542666762E-06  -0.664678648E-06  -0.777161347E-06  -0.874868045E-06
  -0.954275405E-06  -0.101362600E-05  -0.105282017E-05  -0.107319520E-05
  -0.107722996E-05  -0.106821285E-05  -0.104991115E-05  -0.102627963E-05
  -0.100124662E-05  -0.978615291E-06  -0.962118356E-06  -0.462312693E-05
  -0.494912363E-05  -0.529309323E-05  -0.565690874E-05  -0.604102695E-05
  -0.644552180E-05  -0.687068575E-05  -0.731778481E-05  -0.778837671E-05
  -0.828386187E-05  -0.880482260E-05  -0.935162231E-05  -0.992486228E-05
  -0.105261555E-04  -0.111574225E-04  -0.118204356E-04  -0.125161626E-04
  -0.132453668E-04  -0.140089567E-04  -0.148084307E-04  -0.156454699E-04
  -0.165218521E-04  -0.174396192E-04  -0.184009233E-04  -0.194078306E-04
  -0.204618787E-04  -0.215644844E-04  -0.227173294E-04  -0.239231156E-04
  -0.251848671E-04  -0.265054901E-04  -0.278871573E-04  -0.293318784E-04
  -0.308420018E-04  -0.324211564E-04  -0.340733771E-04  -0.358025950E-04
  -0.376119904E-04  -0.395045950E-04  -0.414838422E-04  -0.435546274E-04
  -0.457223191E-04  -0.479922171E-04  -0.503689249E-04  -0.528569360E-04
  -0.554613461E-04  -0.581894262E-04  -0.610491503E-04  -0.640486147E-04
  -0.671957995E-04  -0.704987925E-04  -0.739662048E-04  -0.776082132E-04
  -0.814355814E-04  -0.854595544E-04  -0.896925594E-04  -0.941475463E-04
  -0.988380554E-04  -0.103779111E-03  -0.108986380E-03  -0.114480506E-03
  -0.120301278E-03  -0.126494260E-03  -0.133094450E-03  -0.140090146E-03
  -0.147457080E-03  -0.155181658E-03  -0.163296536E-03  -0.171846967E-03
  -0.180884795E-03  -0.190485101E-03  -0.200730437E-03  -0.211679611E-03
  -0.223288637E-03  -0.235485694E-03  -0.248253750E-03  -0.261805230E-03
  -0.276416203E-03  -0.292329195E-03  -0.309628381E-03  -0.328358193E-03
  -0.348563605E-03  -0.370290135E-03  -0.393583839E-03
   0.000000000E+00   0.000000000E+00   0.000000000E+00   0.000000000E+00
   0.000000000E+00   0.000000000E+00   0.000000000E+00   0.000000000E+00
   0.000000000E+00   0.000000000E+00   0.000000000E+00   0.000000000E+00
   0.000000000E+00   0.000000000E+00   0.000000000E+00   0.000000000E+00
   0.000000000E+00   0.000000000E+00   0.000000000E+00   0.000000000E+00
   0.000000000E+00   0.000000000E+00   0.000000000E+00   0.000000000E+00
   0.000000000E+00   0.000000000E+00   0.000000000E+00   0.000000000E+00
   0.000000000E+00   0.000000000E+00   0.000000000E+00   0.000000000E+00
   0.000000000E+00   0.000000000E+00   0.000000000E+00   0.000000000E+00
   0.000000000E+00   0.000000000E+00   0.000000000E+00   0.000000000E+00
   0.000000000E+00   0.000000000E+00   0.000000000E+00  -0.460565204E-09
  -0.107819363E-07  -0.430939590E-07  -0.101632394E-06  -0.184793131E-06
  -0.287264520E-06  -0.401746516E-06  -0.520294314E-06  -0.635324158E-06
  -0.740319021E-06  -0.830271827E-06  -0.901903914E-06  -0.953696406E-06
  -0.985772201E-06  -0.999666240E-06  -0.998021759E-06  -0.984250194E-06
  -0.962192439E-06  -0.935819127E-06  -0.909007637E-06  -0.885433496E-06
  -0.868613871E-06  -0.450018506E-05  -0.482356677E-05  -0.516437234E-05
  -0.552346824E-05  -0.590171026E-05  -0.629991722E-05  -0.671868315E-05
  -0.715854615E-05  -0.762010877E-05  -0.810423043E-05  -0.861185368E-05
  -0.914390753E-05  -0.970119419E-05  -0.102844918E-04  -0.108946769E-04
  -0.115329945E-04  -0.122008123E-04  -0.128993629E-04  -0.136292072E-04
  -0.143907249E-04  -0.151844958E-04  -0.160119596E-04  -0.168748116E-04
  -0.177745780E-04  -0.187119456E-04  -0.196873779E-04  -0.207015511E-04
  -0.217560462E-04  -0.228527113E-04  -0.239932360E-04  -0.251785170E-04
  -0.264092445E-04  -0.276862283E-04  -0.290107832E-04  -0.303843718E-04
  -0.318084328E-04  -0.332842286E-04  -0.348129868E-04  -0.363958953E-04
  -0.380339384E-04  -0.397280491E-04  -0.414792131E-04  -0.432886256E-04
  -0.451575447E-04  -0.470871457E-04  -0.490782247E-04  -0.511314754E-04
  -0.532477614E-04  -0.554286624E-04  -0.576759629E-04  -0.599912932E-04
  -0.623755636E-04  -0.648294949E-04  -0.673534783E-04  -0.699465898E-04
  -0.726075159E-04  -0.753351415E-04  -0.781293831E-04  -0.809904051E-04
  -0.839192063E-04  -0.869202387E-04  -0.899989404E-04  -0.931606603E-04
  -0.964099406E-04  -0.997511936E-04  -0.103185373E-03  -0.106699078E-03
  -0.110274844E-03  -0.113895554E-03  -0.117547198E-03  -0.121216263E-03
  -0.124896201E-03  -0.128609944E-03  -0.132388581E-03  -0.136252542E-03
  -0.140176225E-03  -0.144121535E-03  -0.148031500E-03  -0.151775897E-03
  -0.155202867E-03  -0.158227553E-03  -0.161049318E-03  -0.163945314E-03
  -0.167200360E-03  -0.171106950E-03  -0.175965243E-03
   0.000000000E+00   0.000000000E+00   0.000000000E+00   0.000000000E+00
   0.000000000E+00   0.000000000E+00   0.000000000E+00   0.000000000E+00
   0.000000000E+00   0.000000000E+00   0.000000000E+00   0.000000000E+00
   0.000000000E+00   0.000000000E+00   0.000000000E+00   0.000000000E+00
   0.000000000E+00   0.000000000E+00   0.000000000E+00   0.000000000E+00
   0.000000000E+00   0.000000000E+00   0.000000000E+00   0.000000000E+00
   0.000000000E+00   0.000000000E+00   0.000000000E+00   0.000000000E+00
   0.000000000E+00   0.000000000E+00   0.000000000E+00   0.000000000E+00
   0.000000000E+00   0.000000000E+00   0.000000000E+00   0.000000000E+00
   0.000000000E+00   0.000000000E+00   0.000000000E+00   0.000000000E+00
   0.000000000E+00   0.000000000E+00   0.000000000E+00   0.000000000E+00
   0.000000000E+00   0.000000000E+00   0.000000000E+00   0.000000000E+00
   0.000000000E+00   0.000000000E+00   0.000000000E+00   0.467773977E-09
   0.110910544E-07   0.449507786E-07   0.107637164E-06   0.198995628E-06
   0.315022401E-06   0.449410647E-06   0.594778973E-06   0.743614205E-06
   0.888960298E-06   0.102488526E-05   0.114675796E-05   0.125136672E-05
   0.133691151E-05   0.140290168E-05   0.144999107E-05   0.147978242E-05
   0.149463284E-05   0.149749238E-05   0.149180742E-05   0.148152086E-05
   0.147120097E-05   0.454346711E-05   0.481699035E-05   0.510307613E-05
   0.540116106E-05   0.571196119E-05   0.603655239E-05   0.637597736E-05
   0.673101283E-05   0.710238148E-05   0.749069425E-05   0.789604535E-05
   0.831838216E-05   0.875794082E-05   0.921619896E-05   0.969500261E-05
   0.101959111E-04   0.107191016E-04   0.112643758E-04   0.118318477E-04
   0.124229958E-04   0.130396937E-04   0.136836755E-04   0.143559200E-04
   0.150572201E-04   0.157884894E-04   0.165511029E-04   0.173465815E-04
   0.181765306E-04   0.190427862E-04   0.199472794E-04   0.208919541E-04
   0.218786574E-04   0.229092416E-04   0.239857199E-04   0.251106373E-04
   0.262867245E-04   0.275168567E-04   0.288042902E-04   0.301524411E-04
   0.315647668E-04   0.330446327E-04   0.345954373E-04   0.362210944E-04
   0.379273863E-04   0.397206949E-04   0.416074334E-04   0.435936270E-04
   0.456853066E-04   0.478889455E-04   0.502123892E-04   0.526639804E-04
   0.552524468E-04   0.579874673E-04   0.608791382E-04   0.639391059E-04
   0.671845943E-04   0.706346049E-04   0.743103524E-04   0.782405575E-04
   0.824564465E-04   0.869826377E-04   0.918144617E-04   0.969394153E-04
   0.102345462E-03   0.108024098E-03   0.113967447E-03   0.120186515E-03
   0.126770017E-03   0.133828595E-03   0.141457436E-03   0.149679970E-03
   0.158501318E-03   0.167948987E-03   0.178141716E-03   0.189224046E-03
   0.201344101E-03   0.214653584E-03   0.229307780E-03
   0.000000000E+00   0.000000000E+00   0.000000000E+00   0.000000000E+00
   0.000000000E+00   0.000000000E+00   0.000000000E+00   0.000000000E+00
   0.000000000E+00   0.000000000E+00   0.000000000E+00   0.000000000E+00
   0.000000000E+00   0.000000000E+00   0.000000000E+00   0.000000000E+00
   0.000000000E+00   0.000000000E+00   0.000000000E+00   0.000000000E+00
   0.000000000E+00   0.000000000E+00   0.000000000E+00   0.000000000E+00
   0.000000000E+00   0.000000000E+00   0.000000000E+00   0.000000000E+00
   0.000000000E+00   0.000000000E+00   0.000000000E+00   0.000000000E+00
   0.000000000E+00   0.000000000E+00   0.000000000E+00   0.000000000E+00
   0.000000000E+00   0.000000000E+00   0.000000000E+00   0.000000000E+00
   0.000000000E+00   0.000000000E+00   0.000000000E+00   0.000000000E+00
   0.000000000E+00   0.000000000E+00   0.000000000E+00   0.000000000E+00
   0.000000000E+00  -0.461826090E-09  -0.109548380E-07  -0.444197304E-07
  -0.106419780E-06  -0.196852903E-06  -0.311813905E-06  -0.445114091E-06
  -0.589489494E-06  -0.737528958E-06  -0.882353337E-06  -0.101807706E-05
  -0.114008329E-05  -0.124514400E-05  -0.133141609E-05  -0.139834490E-05
  -0.144650639E-05  -0.147741910E-05  -0.149335726E-05  -0.149719631E-05
  -0.149232195E-05  -0.148263417E-05  -0.147267725E-05  -0.448476503E-05
  -0.475292839E-05  -0.503345933E-05  -0.532539225E-05  -0.562750697E-05
  -0.593925874E-05  -0.626311495E-05  -0.660243627E-05  -0.695963776E-05
  -0.733275825E-05  -0.771858292E-05  -0.811493615E-05  -0.852444396E-05
  -0.895109750E-05  -0.939795437E-05  -0.986369319E-05  -0.103457709E-04
  -0.108422833E-04  -0.113543561E-04  -0.118839471E-04  -0.124327839E-04
  -0.130014159E-04  -0.135900878E-04  -0.141989530E-04  -0.148278044E-04
  -0.154763231E-04  -0.161444722E-04  -0.168334474E-04  -0.175447962E-04
  -0.182795927E-04  -0.190368251E-04  -0.198148929E-04  -0.206127759E-04
  -0.214320534E-04  -0.222750256E-04  -0.231433580E-04  -0.240358950E-04
  -0.249506991E-04  -0.258863320E-04  -0.268436470E-04  -0.278241142E-04
  -0.288287513E-04  -0.298565958E-04  -0.309061349E-04  -0.319756752E-04
  -0.330629788E-04  -0.341656048E-04  -0.352812707E-04  -0.364086054E-04
  -0.375464423E-04  -0.386934205E-04  -0.398475017E-04  -0.410064248E-04
  -0.421687033E-04  -0.433362093E-04  -0.445117391E-04  -0.456942300E-04
  -0.468666487E-04  -0.480074177E-04  -0.490930637E-04  -0.500944113E-04
  -0.509801789E-04  -0.517275402E-04  -0.523506976E-04  -0.528738534E-04
  -0.533238369E-04  -0.537356835E-04  -0.541473510E-04  -0.545755069E-04
  -0.549469943E-04  -0.551638188E-04  -0.550877563E-04  -0.544257890E-04
  -0.528388622E-04  -0.500816014E-04  -0.463162637E-04  -0.418143776E-04
  -0.368553996E-04  -0.317267144E-04  -0.267236349E-04
   0.000000000E+00   0.000000000E+00   0.000000000E+00   0.000000000E+00
   0.000000000E+00   0.000000000E+00   0.000000000E+00   0.000000000E+00
   0.000000000E+00   0.000000000E+00   0.000000000E+00   0.000000000E+00
   0.000000000E+00   0.000000000E+00   0.000000000E+00   0.000000000E+00
   0.000000000E+00   0.000000000E+00   0.000000000E+00   0.000000000E+00
   0.000000000E+00   0.000000000E+00   0.000000000E+00   0.000000000E+00
   0.000000000E+00   0.000000000E+00   0.000000000E+00   0.000000000E+00
   0.000000000E+00   0.000000000E+00   0.000000000E+00   0.000000000E+00
   0.000000000E+00   0.000000000E+00   0.000000000E+00   0.000000000E+00
   0.000000000E+00   0.000000000E+00   0.000000000E+00   0.000000000E+00
   0.000000000E+00   0.000000000E+00   0.000000000E+00   0.000000000E+00
   0.000000000E+00   0.000000000E+00   0.000000000E+00   0.000000000E+00
   0.000000000E+00   0.000000000E+00   0.000000000E+00   0.000000000E+00
   0.000000000E+00   0.000000000E+00   0.000000000E+00   0.000000000E+00
   0.000000000E+00   0.000000000E+00   0.000000000E+00   0.000000000E+00
   0.000000000E+00   0.000000000E+00   0.000000000E+00   0.000000000E+00
   0.000000000E+00   0.000000000E+00   0.000000000E+00   0.000000000E+00
  -0.462203151E-09  -0.103488378E-07  -0.392760228E-07  -0.871678707E-07
  -0.147461499E-06  -0.210154169E-06  -0.264200067E-06  -0.299316037E-06
  -0.307255587E-06  -0.282610486E-06  -0.223199264E-06  -0.130101929E-06
  -0.740022893E-08   0.138317242E-06   0.298625759E-06   0.464051702E-06
   0.624916990E-06   0.772181388E-06   0.898223390E-06   0.997500346E-06
   0.106702852E-05   0.110662377E-05  -0.460739837E-05  -0.511639765E-05
  -0.566615542E-05  -0.625858959E-05  -0.689600162E-05  -0.758213809E-05
  -0.832120965E-05  -0.911732574E-05  -0.997379024E-05  -0.108937540E-04
  -0.118808156E-04  -0.129401825E-04  -0.140775926E-04  -0.152987470E-04
  -0.166086986E-04  -0.180124211E-04  -0.195154719E-04  -0.211254345E-04
  -0.228505735E-04  -0.246991486E-04  -0.266787193E-04  -0.287967947E-04
  -0.310617566E-04  -0.334850133E-04  -0.360789836E-04  -0.388561737E-04
  -0.418284582E-04  -0.450077546E-04  -0.484069176E-04  -0.520417801E-04
  -0.559292362E-04  -0.600870892E-04  -0.645355867E-04  -0.692959763E-04
  -0.743903668E-04  -0.798428132E-04  -0.856782945E-04  -0.919226518E-04
  -0.986034638E-04  -0.105749221E-03  -0.113390692E-03  -0.121565980E-03
  -0.130315745E-03  -0.139679158E-03  -0.149686486E-03  -0.160366107E-03
  -0.171744459E-03  -0.183838588E-03  -0.196663209E-03  -0.210245435E-03
  -0.224662491E-03  -0.240005952E-03  -0.256351980E-03  -0.273707492E-03
  -0.292061258E-03  -0.311442898E-03  -0.332050057E-03  -0.354127543E-03
  -0.377926274E-03  -0.403703280E-03  -0.431721697E-03
   0.000000000E+00   0.000000000E+00   0.000000000E+00   0.000000000E+00
   0.000000000E+00   0.000000000E+00   0.000000000E+00   0.000000000E+00
   0.000000000E+00   0.000000000E+00   0.000000000E+00   0.000000000E+00
   0.000000000E+00   0.000000000E+00   0.000000000E+00   0.000000000E+00
   0.000000000E+00   0.000000000E+00   0.000000000E+00   0.000000000E+00
   0.000000000E+00   0.000000000E+00   0.000000000E+00   0.000000000E+00
   0.000000000E+00   0.000000000E+00   0.000000000E+00   0.000000000E+00
   0.000000000E+00   0.000000000E+00   0.000000000E+00   0.000000000E+00
   0.000000000E+00   0.000000000E+00   0.000000000E+00   0.000000000E+00
   0.000000000E+00   0.000000000E+00   0.000000000E+00   0.000000000E+00
   0.000000000E+00   0.000000000E+00   0.000000000E+00   0.000000000E+00
   0.000000000E+00   0.000000000E+00   0.000000000E+00   0.000000000E+00
   0.000000000E+00   0.000000000E+00   0.000000000E+00   0.000000000E+00
   0.000000000E+00   0.000000000E+00   0.000000000E+00   0.000000000E+00
   0.000000000E+00   0.000000000E+00   0.000000000E+00   0.000000000E+00
   0.000000000E+00   0.000000000E+00   0.000000000E+00   0.000000000E+00
   0.000000000E+00  -0.457265111E-09  -0.102186892E-07  -0.386914383E-07
  -0.856206956E-07  -0.144307934E-06  -0.204663190E-06  -0.255604130E-06
  -0.286861494E-06  -0.290250485E-06  -0.260467674E-06  -0.195473018E-06
  -0.965165403E-07   0.321307357E-07   0.183682026E-06   0.349516624E-06
   0.519978768E-06   0.685233948E-06   0.836123089E-06   0.964955033E-06
   0.106617774E-05   0.113686863E-05   0.117698452E-05  -0.456196332E-05
  -0.507318774E-05  -0.562533870E-05  -0.622083366E-05  -0.686237978E-05
  -0.755367777E-05  -0.829877319E-05  -0.910161227E-05  -0.996535969E-05
  -0.108930291E-04  -0.118881582E-04  -0.129562228E-04  -0.141033268E-04
  -0.153353925E-04  -0.166570492E-04  -0.180726655E-04  -0.195872335E-04
  -0.212080054E-04  -0.229429702E-04  -0.248003020E-04  -0.267882626E-04
  -0.289152917E-04  -0.311903577E-04  -0.336239396E-04  -0.362271093E-04
  -0.390113025E-04  -0.419885775E-04  -0.451713730E-04  -0.485726185E-04
  -0.522063286E-04  -0.560870457E-04  -0.602304932E-04  -0.646561625E-04
  -0.693848827E-04  -0.744391316E-04  -0.798465268E-04  -0.856365412E-04
  -0.918394080E-04  -0.984861964E-04  -0.105608740E-03  -0.113242295E-03
  -0.121433750E-03  -0.130233883E-03  -0.139684055E-03  -0.149783570E-03
  -0.160520513E-03  -0.171898159E-03  -0.183983651E-03  -0.196861955E-03
  -0.210624665E-03  -0.225383714E-03  -0.241258390E-03  -0.258333759E-03
  -0.276547038E-03  -0.295795341E-03  -0.316050024E-03  -0.337594219E-03
  -0.360797338E-03  -0.386022310E-03  -0.413576254E-03  -0.443757352E-03
  -0.476870774E-03  -0.513228676E-03  -0.553150202E-03
   0.000000000E+00   0.000000000E+00   0.000000000E+00   0.000000000E+00
   0.000000000E+00   0.000000000E+00   0.000000000E+00   0.000000000E+00
   0.000000000E+00   0.000000000E+00   0.000000000E+00   0.000000000E+00
   0.000000000E+00   0.000000000E+00   0.000000000E+00   0.000000000E+00
   0.000000000E+00   0.000000000E+00   0.000000000E+00   0.000000000E+00
   0.000000000E+00   0.000000000E+00   0.000000000E+00   0.000000000E+00
   0.000000000E+00   0.000000000E+00   0.000000000E+00   0.000000000E+00
   0.000000000E+00   0.000000000E+00   0.000000000E+00   0.000000000E+00
   0.000000000E+00   0.000000000E+00   0.000000000E+00   0.000000000E+00
   0.000000000E+00   0.000000000E+00   0.000000000E+00   0.000000000E+00
   0.000000000E+00   0.000000000E+00   0.000000000E+00   0.000000000E+00
   0.000000000E+00   0.000000000E+00   0.000000000E+00   0.000000000E+00
   0.000000000E+00   0.000000000E+00   0.000000000E+00   0.000000000E+00
   0.000000000E+00   0.000000000E+00   0.000000000E+00   0.000000000E+00
   0.000000000E+00   0.000000000E+00   0.000000000E+00   0.000000000E+00
   0.000000000E+00   0.000000000E+00   0.000000000E+00   0.000000000E+00
   0.000000000E+00   0.000000000E+00   0.000000000E+00   0.000000000E+00
   0.469058949E-09   0.107650681E-07   0.420716788E-07   0.967230819E-07
   0.170819309E-06   0.256812990E-06   0.345567455E-06   0.427934398E-06
   0.495899308E-06   0.543342906E-06   0.566466779E-06   0.563931441E-06
   0.536755042E-06   0.488020923E-06   0.422442255E-06   0.345831958E-06
   0.264526134E-06   0.184809217E-06   0.112389061E-06   0.519701878E-07
   0.697339783E-08  -0.205500254E-07   0.462491011E-05   0.503865868E-05
   0.548235093E-05   0.595725056E-05   0.646479808E-05   0.700708368E-05
   0.758641022E-05   0.820525908E-05   0.886664728E-05   0.957379661E-05
   0.103298514E-04   0.111373587E-04   0.119987509E-04   0.129169368E-04
   0.138966112E-04   0.149430362E-04   0.160612969E-04   0.172552971E-04
   0.185286958E-04   0.198857921E-04   0.213332585E-04   0.228785212E-04
   0.245289656E-04   0.262911955E-04   0.281717265E-04   0.301779130E-04
   0.323200672E-04   0.346094724E-04   0.370578675E-04   0.396779492E-04
   0.424829005E-04   0.454861704E-04   0.487012900E-04   0.521420456E-04
   0.558227790E-04   0.597591285E-04   0.639673313E-04   0.684657402E-04
   0.732802002E-04   0.784389762E-04   0.839745205E-04   0.899341721E-04
   0.963700491E-04   0.103328948E-03   0.110831970E-03   0.118893791E-03
   0.127532967E-03   0.136783375E-03   0.146683377E-03   0.157271714E-03
   0.168586242E-03   0.180665132E-03   0.193550616E-03   0.207299183E-03
   0.221971900E-03   0.237657730E-03   0.254554811E-03   0.272893215E-03
   0.292908705E-03   0.314842735E-03   0.338942453E-03
   0.000000000E+00   0.000000000E+00   0.000000000E+00   0.000000000E+00
   0.000000000E+00   0.000000000E+00   0.000000000E+00   0.000000000E+00
   0.000000000E+00   0.000000000E+00   0.000000000E+00   0.000000000E+00
   0.000000000E+00   0.000000000E+00   0.000000000E+00   0.000000000E+00
   0.000000000E+00   0.000000000E+00   0.000000000E+00   0.000000000E+00
   0.000000000E+00   0.000000000E+00   0.000000000E+00   0.000000000E+00
   0.000000000E+00   0.000000000E+00   0.000000000E+00   0.000000000E+00
   0.000000000E+00   0.000000000E+00   0.000000000E+00   0.000000000E+00
   0.000000000E+00   0.000000000E+00   0.000000000E+00   0.000000000E+00
   0.000000000E+00   0.000000000E+00   0.000000000E+00   0.000000000E+00
   0.000000000E+00   0.000000000E+00   0.000000000E+00   0.000000000E+00
   0.000000000E+00   0.000000000E+00   0.000000000E+00   0.000000000E+00
   0.000000000E+00   0.000000000E+00   0.000000000E+00   0.000000000E+00
   0.000000000E+00   0.000000000E+00   0.000000000E+00   0.000000000E+00
   0.000000000E+00   0.000000000E+00   0.000000000E+00   0.000000000E+00
   0.000000000E+00   0.000000000E+00   0.000000000E+00   0.000000000E+00
   0.000000000E+00  -0.478512284E-09  -0.109602778E-07  -0.427363937E-07
  -0.979885028E-07  -0.172509553E-06  -0.258384538E-06  -0.346121056E-06
  -0.426279861E-06  -0.490655592E-06  -0.533057862E-06  -0.549742869E-06
  -0.539545737E-06  -0.503763739E-06  -0.445840600E-06  -0.370902050E-06
  -0.285192816E-06  -0.195465214E-06  -0.108369548E-06  -0.298964724E-07
   0.350784965E-07   0.830981300E-07   0.112224133E-06  -0.472232723E-05
  -0.515292388E-05  -0.561596025E-05  -0.611127025E-05  -0.663917089E-05
  -0.720208748E-05  -0.780305571E-05  -0.844523513E-05  -0.913199641E-05
  -0.986684068E-05  -0.106530699E-04  -0.114928559E-04  -0.123881029E-04
  -0.133413351E-04  -0.143575194E-04  -0.154423735E-04  -0.166012815E-04
  -0.178377466E-04  -0.191548314E-04  -0.205563292E-04  -0.220488485E-04
  -0.236398695E-04  -0.253368441E-04  -0.271464762E-04  -0.290753946E-04
  -0.311307127E-04  -0.333210427E-04  -0.356555467E-04  -0.381438404E-04
  -0.407966941E-04  -0.436253757E-04  -0.466415245E-04  -0.498574527E-04
  -0.532858620E-04  -0.569407921E-04  -0.608408233E-04  -0.650060635E-04
  -0.694574924E-04  -0.742180998E-04  -0.793118134E-04  -0.847638622E-04
  -0.906030106E-04  -0.968594512E-04  -0.103558461E-03  -0.110703182E-03
  -0.118290888E-03  -0.126328355E-03  -0.134861952E-03  -0.143949174E-03
  -0.153657144E-03  -0.164087629E-03  -0.175353347E-03  -0.187538673E-03
  -0.200604155E-03  -0.214477058E-03  -0.229079928E-03  -0.244323821E-03
  -0.260114731E-03  -0.276495029E-03  -0.294068903E-03  -0.313598046E-03
  -0.335864322E-03  -0.361669768E-03  -0.391836590E-03
   0.000000000E+00   0.000000000E+00   0.000000000E+00   0.000000000E+00
   0.000000000E+00   0.000000000E+00   0.000000000E+00   0.000000000E+00
   0.000000000E+00   0.000000000E+00   0.000000000E+00   0.000000000E+00
   0.000000000E+00   0.000000000E+00   0.000000000E+00   0.000000000E+00
   0.000000000E+00   0.000000000E+00   0.000000000E+00   0.000000000E+00
   0.000000000E+00   0.000000000E+00   0.000000000E+00   0.000000000E+00
   0.000000000E+00   0.000000000E+00   0.000000000E+00   0.000000000E+00
   0.000000000E+00   0.000000000E+00   0.000000000E+00   0.000000000E+00
   0.000000000E+00   0.000000000E+00   0.000000000E+00   0.000000000E+00
   0.000000000E+00   0.000000000E+00   0.000000000E+00   0.000000000E+00
   0.000000000E+00   0.000000000E+00   0.000000000E+00   0.000000000E+00
   0.000000000E+00   0.000000000E+00   0.000000000E+00   0.000000000E+00
   0.000000000E+00   0.000000000E+00   0.000000000E+00   0.000000000E+00
   0.000000000E+00   0.000000000E+00   0.000000000E+00   0.000000000E+00
   0.000000000E+00   0.000000000E+00   0.000000000E+00   0.000000000E+00
   0.000000000E+00   0.000000000E+00   0.000000000E+00   0.000000000E+00
   0.000000000E+00   0.000000000E+00   0.000000000E+00   0.000000000E+00
   0.000000000E+00   0.000000000E+00   0.000000000E+00   0.000000000E+00
   0.478591818E-09   0.116261092E-07   0.483367715E-07   0.118886592E-06
   0.226044021E-06   0.368473350E-06   0.541919804E-06   0.740196248E-06
   0.955991409E-06   0.118151953E-05   0.140903135E-05   0.163120636E-05
   0.184144617E-05   0.203408902E-05   0.220456518E-05   0.234951332E-05
   0.246687765E-05   0.255600574E-05   0.261776702E-05   0.265471176E-05
   0.267129054E-05   0.267415403E-05   0.459464787E-05   0.476550075E-05
   0.493723425E-05   0.510922530E-05   0.528108410E-05   0.545247270E-05
   0.562287334E-05   0.579106675E-05   0.595561663E-05   0.611517229E-05
   0.626888949E-05   0.641603886E-05   0.655564759E-05   0.668580988E-05
   0.680433002E-05   0.690914388E-05   0.699893866E-05   0.707257386E-05
   0.712839227E-05   0.716271137E-05   0.717123546E-05   0.714999724E-05
   0.709676753E-05   0.700973343E-05   0.688654994E-05   0.672281501E-05
   0.651350179E-05   0.625359994E-05   0.593858347E-05   0.556397062E-05
   0.512481497E-05   0.461460584E-05   0.402630420E-05   0.335299380E-05
   0.258879394E-05   0.172799827E-05   0.764611344E-06  -0.308172289E-06
  -0.149747599E-05  -0.281048293E-05  -0.425415902E-05  -0.583551498E-05
  -0.755898245E-05  -0.941811493E-05  -0.114034480E-04  -0.135195248E-04
  -0.158287804E-04  -0.184099291E-04  -0.213286009E-04  -0.245908306E-04
  -0.281872112E-04  -0.320870948E-04  -0.361750381E-04  -0.403112008E-04
  -0.443518611E-04  -0.481494150E-04  -0.515523770E-04
   0.000000000E+00   0.000000000E+00   0.000000000E+00   0.000000000E+00
   0.000000000E+00   0.000000000E+00   0.000000000E+00   0.000000000E+00
   0.000000000E+00   0.000000000E+00   0.000000000E+00   0.000000000E+00
   0.000000000E+00   0.000000000E+00   0.000000000E+00   0.000000000E+00
   0.000000000E+00   0.000000000E+00   0.000000000E+00   0.000000000E+00
   0.000000000E+00   0.000000000E+00   0.000000000E+00   0.000000000E+00
   0.000000000E+00   0.000000000E+00   0.000000000E+00   0.000000000E+00
   0.000000000E+00   0.000000000E+00   0.000000000E+00   0.000000000E+00
   0.000000000E+00   0.000000000E+00   0.000000000E+00   0.000000000E+00
   0.000000000E+00   0.000000000E+00   0.000000000E+00   0.000000000E+00
   0.000000000E+00   0.000000000E+00   0.000000000E+00   0.000000000E+00
   0.000000000E+00   0.000000000E+00   0.000000000E+00   0.000000000E+00
   0.000000000E+00   0.000000000E+00   0.000000000E+00   0.000000000E+00
   0.000000000E+00   0.000000000E+00   0.000000000E+00   0.000000000E+00
   0.000000000E+00   0.000000000E+00   0.000000000E+00   0.000000000E+00
   0.000000000E+00   0.000000000E+00   0.000000000E+00   0.000000000E+00
   0.000000000E+00   0.000000000E+00   0.000000000E+00   0.000000000E+00
   0.000000000E+00   0.000000000E+00   0.000000000E+00   0.000000000E+00
   0.000000000E+00   0.000000000E+00   0.000000000E+00   0.000000000E+00
   0.000000000E+00   0.498603302E-09   0.124181301E-07   0.529345941E-07
   0.133477437E-06   0.260144660E-06   0.434576252E-06   0.654753126E-06
   0.915728345E-06   0.121029744E-05   0.152961463E-05   0.186376170E-05
   0.220227633E-05   0.253464680E-05   0.285077963E-05   0.314144712E-05
   0.339872161E-05   0.361640312E-05   0.379044722E-05   0.391939998E-05
   0.400484676E-05   0.405188157E-05   0.406960391E-05   0.472758428E-05
   0.478588956E-05   0.482972159E-05   0.485714275E-05   0.486600643E-05
   0.485349488E-05   0.481654923E-05   0.475202384E-05   0.465670790E-05
   0.452730525E-05   0.436017676E-05   0.415056988E-05   0.389333847E-05
   0.358328883E-05   0.321548663E-05   0.278496959E-05   0.228617451E-05
   0.171147958E-05   0.105257123E-05   0.300496816E-06  -0.555605085E-06
  -0.152731212E-05  -0.262682365E-05  -0.386791861E-05  -0.526505443E-05
  -0.683237626E-05  -0.858162207E-05  -0.105240962E-04  -0.126746540E-04
  -0.150618458E-04  -0.177183465E-04  -0.206729464E-04  -0.239360103E-04
  -0.275132146E-04  -0.314182262E-04  -0.356971915E-04  -0.404055713E-04
  -0.456000311E-04  -0.513377471E-04  -0.576770635E-04  -0.646558435E-04
  -0.722245912E-04  -0.803098673E-04  -0.889073192E-04  -0.983001198E-04
  -0.108851601E-03  -0.120863453E-03  -0.134357768E-03  -0.149284174E-03
  -0.165590186E-03  -0.183221205E-03  -0.202120519E-03
   0.000000000E+00   0.000000000E+00   0.000000000E+00   0.000000000E+00
   0.000000000E+00   0.000000000E+00   0.000000000E+00   0.000000000E+00
   0.000000000E+00   0.000000000E+00   0.000000000E+00   0.000000000E+00
   0.000000000E+00   0.000000000E+00   0.000000000E+00   0.000000000E+00
   0.000000000E+00   0.000000000E+00   0.000000000E+00   0.000000000E+00
   0.000000000E+00   0.000000000E+00   0.000000000E+00   0.000000000E+00
   0.000000000E+00   0.000000000E+00   0.000000000E+00   0.000000000E+00
   0.000000000E+00   0.000000000E+00   0.000000000E+00   0.000000000E+00
   0.000000000E+00   0.000000000E+00   0.000000000E+00   0.000000000E+00
   0.000000000E+00   0.000000000E+00   0.000000000E+00   0.000000000E+00
   0.000000000E+00   0.000000000E+00   0.000000000E+00   0.000000000E+00
   0.000000000E+00   0.000000000E+00   0.000000000E+00   0.000000000E+00
   0.000000000E+00   0.000000000E+00   0.000000000E+00   0.000000000E+00
   0.000000000E+00   0.000000000E+00   0.000000000E+00   0.000000000E+00
   0.000000000E+00   0.000000000E+00   0.000000000E+00   0.000000000E+00
   0.000000000E+00   0.000000000E+00   0.000000000E+00   0.000000000E+00
   0.000000000E+00   0.000000000E+00   0.000000000E+00   0.000000000E+00
   0.000000000E+00   0.000000000E+00   0.000000000E+00   0.000000000E+00
   0.000000000E+00   0.000000000E+00   0.000000000E+00   0.000000000E+00
   0.000000000E+00   0.000000000E+00   0.000000000E+00   0.000000000E+00
   0.000000000E+00   0.000000000E+00   0.000000000E+00   0.000000000E+00
   0.000000000E+00   0.000000000E+00   0.000000000E+00   0.000000000E+00
   0.000000000E+00   0.000000000E+00   0.000000000E+00   0.000000000E+00
   0.000000000E+00   0.000000000E+00   0.000000000E+00   0.000000000E+00
   0.000000000E+00   0.000000000E+00   0.000000000E+00   0.000000000E+00
   0.000000000E+00   0.000000000E+00   0.000000000E+00   0.000000000E+00
   0.000000000E+00   0.000000000E+00   0.000000000E+00   0.000000000E+00
   0.444768605E-09   0.842171568E-08   0.248496498E-07   0.355518085E-07
   0.180674073E-07  -0.524588993E-07  -0.198781689E-06  -0.438326425E-06
  -0.781100933E-06  -0.122861956E-05  -0.177371286E-05  -0.240109562E-05
  -0.308856619E-05  -0.380870974E-05  -0.453097858E-05  -0.522402216E-05
  -0.585813968E-05  -0.640772821E-05  -0.685359905E-05  -0.718503530E-05
  -0.740146341E-05  -0.751361156E-05   0.473091764E-05   0.582202390E-05
   0.708746347E-05   0.856118816E-05   0.102431528E-04   0.121243903E-04
   0.141911653E-04   0.164115803E-04   0.187482612E-04   0.211896449E-04
   0.238324526E-04   0.268034860E-04   0.301881729E-04   0.338934332E-04
   0.377778615E-04   0.417593971E-04   0.460091232E-04   0.507670918E-04
   0.562797659E-04   0.628000191E-04   0.705871358E-04
   0.000000000E+00   0.000000000E+00   0.000000000E+00   0.000000000E+00
   0.000000000E+00   0.000000000E+00   0.000000000E+00   0.000000000E+00
   0.000000000E+00   0.000000000E+00   0.000000000E+00   0.000000000E+00
   0.000000000E+00   0.000000000E+00   0.000000000E+00   0.000000000E+00
   0.000000000E+00   0.000000000E+00   0.000000000E+00   0.000000000E+00
   0.000000000E+00   0.000000000E+00   0.000000000E+00   0.000000000E+00
   0.000000000E+00   0.000000000E+00   0.000000000E+00   0.000000000E+00
   0.000000000E+00   0.000000000E+00   0.000000000E+00   0.000000000E+00
   0.000000000E+00   0.000000000E+00   0.000000000E+00   0.000000000E+00
   0.000000000E+00   0.000000000E+00   0.000000000E+00   0.000000000E+00
   0.000000000E+00   0.000000000E+00   0.000000000E+00   0.000000000E+00
   0.000000000E+00   0.000000000E+00   0.000000000E+00   0.000000000E+00
   0.000000000E+00   0.000000000E+00   0.000000000E+00   0.000000000E+00
   0.000000000E+00   0.000000000E+00   0.000000000E+00   0.000000000E+00
   0.000000000E+00   0.000000000E+00   0.000000000E+00   0.000000000E+00
   0.000000000E+00   0.000000000E+00   0.000000000E+00   0.000000000E+00
   0.000000000E+00   0.000000000E+00   0.000000000E+00   0.000000000E+00
   0.000000000E+00   0.000000000E+00   0.000000000E+00   0.000000000E+00
   0.000000000E+00   0.000000000E+00   0.000000000E+00   0.000000000E+00
   0.000000000E+00   0.000000000E+00   0.000000000E+00   0.000000000E+00
   0.000000000E+00   0.000000000E+00   0.000000000E+00   0.000000000E+00
   0.000000000E+00   0.000000000E+00   0.000000000E+00   0.000000000E+00
   0.000000000E+00   0.000000000E+00   0.000000000E+00   0.000000000E+00
   0.000000000E+00   0.000000000E+00   0.000000000E+00  -0.419227558E-09
  -0.820528089E-08  -0.256732857E-07  -0.419127119E-07  -0.385597019E-07
   0.516583366E-08   0.108603613E-06   0.286869207E-06   0.549035424E-06
   0.897171186E-06   0.132613023E-05   0.182398196E-05   0.237297681E-05
   0.295093840E-05   0.353297488E-05   0.409340176E-05   0.460776851E-05
   0.505488139E-05   0.541871471E-05   0.569010297E-05   0.586810608E-05
   0.596094009E-05  -0.440755063E-05  -0.533145432E-05  -0.636058153E-05
  -0.750300118E-05  -0.876770316E-05  -0.101668300E-04  -0.117135775E-04
  -0.134216801E-04  -0.153060266E-04  -0.173820802E-04  -0.196687940E-04
  -0.221981478E-04  -0.250061505E-04  -0.281289649E-04  -0.316004243E-04
  -0.354543785E-04  -0.397192093E-04  -0.443986032E-04  -0.494897399E-04
  -0.549962590E-04  -0.609489959E-04  -0.673863429E-04  -0.743579531E-04
  -0.819564885E-04  -0.902875149E-04  -0.994861212E-04  -0.109798988E-03
  -0.121506478E-03  -0.134852848E-03  -0.149913912E-03  -0.166722806E-03
  -0.185312704E-03  -0.205716819E-03  -0.227968406E-03
   0.000000000E+00   0.000000000E+00   0.000000000E+00   0.000000000E+00
   0.000000000E+00   0.000000000E+00   0.000000000E+00   0.000000000E+00
   0.000000000E+00   0.000000000E+00   0.000000000E+00   0.000000000E+00
   0.000000000E+00   0.000000000E+00   0.000000000E+00   0.000000000E+00
   0.000000000E+00   0.000000000E+00   0.000000000E+00   0.000000000E+00
   0.000000000E+00   0.000000000E+00   0.000000000E+00   0.000000000E+00
   0.000000000E+00   0.000000000E+00   0.000000000E+00   0.000000000E+00
   0.000000000E+00   0.000000000E+00   0.000000000E+00   0.000000000E+00
   0.000000000E+00   0.000000000E+00   0.000000000E+00   0.000000000E+00
   0.000000000E+00   0.000000000E+00   0.000000000E+00   0.000000000E+00
   0.000000000E+00   0.000000000E+00   0.000000000E+00   0.000000000E+00
   0.000000000E+00   0.000000000E+00   0.000000000E+00   0.000000000E+00
   0.000000000E+00   0.000000000E+00   0.000000000E+00   0.000000000E+00
   0.000000000E+00   0.000000000E+00   0.000000000E+00   0.000000000E+00
   0.000000000E+00   0.000000000E+00   0.000000000E+00   0.000000000E+00
   0.000000000E+00   0.000000000E+00   0.000000000E+00   0.000000000E+00
   0.000000000E+00   0.000000000E+00   0.000000000E+00   0.000000000E+00
   0.000000000E+00   0.000000000E+00   0.000000000E+00   0.000000000E+00
   0.000000000E+00   0.000000000E+00   0.000000000E+00   0.469092565E-09
   0.108670006E-07   0.429268220E-07   0.999113290E-07   0.178983089E-06
   0.273596739E-06   0.375413141E-06   0.475779025E-06   0.566815729E-06
   0.642160639E-06   0.697404937E-06   0.730271269E-06   0.740574931E-06
   0.730012189E-06   0.701819330E-06   0.660346065E-06   0.610586873E-06
   0.557713908E-06   0.506655071E-06   0.461760848E-06   0.426603533E-06
   0.403952433E-06   0.460567019E-05   0.497986589E-05   0.538095282E-05
   0.581103677E-05   0.627165765E-05   0.676423238E-05   0.729039359E-05
   0.785256519E-05   0.845342675E-05   0.909577997E-05   0.978270183E-05
   0.105174018E-04   0.113032311E-04   0.121438619E-04   0.130431198E-04
   0.140048387E-04   0.150325887E-04   0.161299306E-04   0.173009814E-04
   0.185518838E-04   0.198894281E-04   0.213206285E-04   0.228528651E-04
   0.244937506E-04   0.262511231E-04   0.281331649E-04   0.301482907E-04
   0.323053850E-04   0.346146443E-04   0.370867837E-04   0.397349956E-04
   0.425817801E-04   0.456525011E-04   0.489697075E-04   0.525424670E-04
   0.563764428E-04   0.604795915E-04   0.648691018E-04   0.695648308E-04
   0.745896419E-04   0.799772691E-04   0.857648688E-04   0.919860059E-04
   0.986569566E-04   0.105789697E-03   0.113416285E-03   0.121649887E-03
   0.130626846E-03   0.140471200E-03   0.151246427E-03   0.163001304E-03
   0.175785484E-03   0.189649496E-03   0.204644744E-03
   0.000000000E+00   0.000000000E+00   0.000000000E+00   0.000000000E+00
   0.000000000E+00   0.000000000E+00   0.000000000E+00   0.000000000E+00
   0.000000000E+00   0.000000000E+00   0.000000000E+00   0.000000000E+00
   0.000000000E+00   0.000000000E+00   0.000000000E+00   0.000000000E+00
   0.000000000E+00   0.000000000E+00   0.000000000E+00   0.000000000E+00
   0.000000000E+00   0.000000000E+00   0.000000000E+00   0.000000000E+00
   0.000000000E+00   0.000000000E+00   0.000000000E+00   0.000000000E+00
   0.000000000E+00   0.000000000E+00   0.000000000E+00   0.000000000E+00
   0.000000000E+00   0.000000000E+00   0.000000000E+00   0.000000000E+00
   0.000000000E+00   0.000000000E+00   0.000000000E+00   0.000000000E+00
   0.000000000E+00   0.000000000E+00   0.000000000E+00   0.000000000E+00
   0.000000000E+00   0.000000000E+00   0.000000000E+00   0.000000000E+00
   0.000000000E+00   0.000000000E+00   0.000000000E+00   0.000000000E+00
   0.000000000E+00   0.000000000E+00   0.000000000E+00   0.000000000E+00
   0.000000000E+00   0.000000000E+00   0.000000000E+00   0.000000000E+00
   0.000000000E+00   0.000000000E+00   0.000000000E+00   0.000000000E+00
   0.000000000E+00   0.000000000E+00   0.000000000E+00   0.000000000E+00
   0.000000000E+00   0.000000000E+00   0.000000000E+00   0.000000000E+00
   0.000000000E+00   0.455686689E-09   0.105654713E-07   0.417761206E-07
   0.973400476E-07   0.174595793E-06   0.267274553E-06   0.367346767E-06
   0.466450715E-06   0.556945073E-06   0.632627374E-06   0.689160328E-06
   0.724247942E-06   0.737603397E-06   0.730750631E-06   0.706701564E-06
   0.669550929E-06   0.624030657E-06   0.575065751E-06   0.527373612E-06
   0.485148760E-06   0.451874902E-06   0.430306291E-06   0.447230064E-05
   0.483226867E-05   0.521553000E-05   0.562445700E-05   0.606189567E-05
   0.653037473E-05   0.703084584E-05   0.756385339E-05   0.813039154E-05
   0.873330842E-05   0.937599938E-05   0.100616899E-04   0.107926061E-04
   0.115707480E-04   0.123984866E-04   0.132795831E-04   0.142182362E-04
   0.152186333E-04   0.162845705E-04   0.174198083E-04   0.186281453E-04
   0.199132741E-04   0.212789166E-04   0.227293077E-04   0.242705382E-04
   0.259092937E-04   0.276530803E-04   0.295122354E-04   0.314980363E-04
   0.336220443E-04   0.358960720E-04   0.383322144E-04   0.409438150E-04
   0.437483936E-04   0.467648846E-04   0.500044085E-04   0.534449025E-04
   0.570550879E-04   0.608161626E-04   0.647632155E-04   0.689460507E-04
   0.734207076E-04   0.782642955E-04   0.835609434E-04   0.893628822E-04
   0.955860618E-04   0.102109131E-03   0.108853833E-03   0.115927887E-03
   0.123489350E-03   0.131708534E-03   0.140792482E-03   0.150961704E-03
   0.162442287E-03   0.175465892E-03   0.190269752E-03
   0.000000000E+00   0.000000000E+00   0.000000000E+00   0.000000000E+00
   0.000000000E+00   0.000000000E+00   0.000000000E+00   0.000000000E+00
   0.000000000E+00   0.000000000E+00   0.000000000E+00   0.000000000E+00
   0.000000000E+00   0.000000000E+00   0.000000000E+00   0.000000000E+00
   0.000000000E+00   0.000000000E+00   0.000000000E+00   0.000000000E+00
   0.000000000E+00   0.000000000E+00   0.000000000E+00   0.000000000E+00
   0.000000000E+00   0.000000000E+00   0.000000000E+00   0.000000000E+00
   0.000000000E+00   0.000000000E+00   0.000000000E+00   0.000000000E+00
   0.000000000E+00   0.000000000E+00   0.000000000E+00   0.000000000E+00
   0.000000000E+00   0.000000000E+00   0.000000000E+00   0.000000000E+00
   0.000000000E+00   0.000000000E+00   0.000000000E+00   0.000000000E+00
   0.000000000E+00   0.000000000E+00   0.000000000E+00   0.000000000E+00
   0.000000000E+00   0.000000000E+00   0.000000000E+00   0.000000000E+00
   0.000000000E+00   0.000000000E+00   0.000000000E+00   0.000000000E+00
   0.000000000E+00   0.000000000E+00   0.000000000E+00   0.000000000E+00
   0.000000000E+00   0.000000000E+00   0.000000000E+00   0.000000000E+00
   0.000000000E+00   0.000000000E+00   0.000000000E+00   0.000000000E+00
   0.000000000E+00   0.000000000E+00   0.000000000E+00   0.000000000E+00
   0.000000000E+00   0.000000000E+00   0.000000000E+00   0.000000000E+00
  -0.474345369E-09  -0.110810056E-07  -0.441851518E-07  -0.103933354E-06
  -0.188426320E-06  -0.291960311E-06  -0.406831224E-06  -0.524741258E-06
  -0.637848022E-06  -0.739495992E-06  -0.824670180E-06  -0.890211928E-06
  -0.934836686E-06  -0.958993678E-06  -0.964607338E-06  -0.954740387E-06
  -0.933218469E-06  -0.904256186E-06  -0.872124470E-06  -0.840899127E-06
  -0.814330481E-06  -0.795873972E-06  -0.463938293E-05  -0.498164616E-05
  -0.534571035E-05  -0.573382340E-05  -0.614865949E-05  -0.659261466E-05
  -0.706669150E-05  -0.757153705E-05  -0.810829529E-05  -0.868013639E-05
  -0.929083067E-05  -0.994386785E-05  -0.106412495E-04  -0.113846171E-04
  -0.121761692E-04  -0.130202912E-04  -0.139220296E-04  -0.148862988E-04
  -0.159170467E-04  -0.170180371E-04  -0.181933876E-04  -0.194484013E-04
  -0.207887854E-04  -0.222209947E-04  -0.237540993E-04  -0.253980274E-04
  -0.271631307E-04  -0.290606885E-04  -0.311024327E-04  -0.333008063E-04
  -0.356702516E-04  -0.382259949E-04  -0.409801711E-04  -0.439312273E-04
  -0.470739333E-04  -0.504100800E-04  -0.539707876E-04  -0.577954030E-04
  -0.619164879E-04  -0.663358616E-04  -0.710472909E-04  -0.760553484E-04
  -0.814094758E-04  -0.871716838E-04  -0.934042723E-04  -0.100165861E-03
  -0.107515157E-03  -0.115507991E-03  -0.124184341E-03  -0.133580667E-03
  -0.143734090E-03  -0.154682400E-03  -0.166464052E-03
   0.000000000E+00   0.000000000E+00   0.000000000E+00   0.000000000E+00
   0.000000000E+00   0.000000000E+00   0.000000000E+00   0.000000000E+00
   0.000000000E+00   0.000000000E+00   0.000000000E+00   0.000000000E+00
   0.000000000E+00   0.000000000E+00   0.000000000E+00   0.000000000E+00
   0.000000000E+00   0.000000000E+00   0.000000000E+00   0.000000000E+00
   0.000000000E+00   0.000000000E+00   0.000000000E+00   0.000000000E+00
   0.000000000E+00   0.000000000E+00   0.000000000E+00   0.000000000E+00
   0.000000000E+00   0.000000000E+00   0.000000000E+00   0.000000000E+00
   0.000000000E+00   0.000000000E+00   0.000000000E+00   0.000000000E+00
   0.000000000E+00   0.000000000E+00   0.000000000E+00   0.000000000E+00
   0.000000000E+00   0.000000000E+00   0.000000000E+00   0.000000000E+00
   0.000000000E+00   0.000000000E+00   0.000000000E+00   0.000000000E+00
   0.000000000E+00   0.000000000E+00   0.000000000E+00   0.000000000E+00
   0.000000000E+00   0.000000000E+00   0.000000000E+00   0.000000000E+00
   0.000000000E+00   0.000000000E+00   0.000000000E+00   0.000000000E+00
   0.000000000E+00   0.000000000E+00   0.000000000E+00   0.000000000E+00
   0.000000000E+00   0.000000000E+00   0.000000000E+00   0.000000000E+00
   0.000000000E+00   0.000000000E+00   0.000000000E+00   0.000000000E+00
   0.000000000E+00   0.000000000E+00   0.459652705E-09   0.107564111E-07
   0.429735087E-07   0.101300105E-06   0.184091525E-06   0.286005383E-06
   0.399723248E-06   0.517295654E-06   0.631148257E-06   0.734786937E-06
   0.823239650E-06   0.893272824E-06   0.943420100E-06   0.973861227E-06
   0.986188902E-06   0.983101361E-06   0.968058515E-06   0.944939442E-06
   0.917739027E-06   0.890341550E-06   0.866409031E-06   0.849422125E-06
   0.449207450E-05   0.481644456E-05   0.516135609E-05   0.552689587E-05
   0.591353648E-05   0.632337017E-05   0.675896312E-05   0.722257300E-05
   0.771494922E-05   0.823644942E-05   0.878782167E-05   0.937143449E-05
   0.999012981E-05   0.106466845E-04   0.113433608E-04   0.120823265E-04
   0.128658268E-04   0.136962716E-04   0.145761541E-04   0.155080586E-04
   0.164947722E-04   0.175391803E-04   0.186441493E-04   0.198122767E-04
   0.210461255E-04   0.223489851E-04   0.237269561E-04   0.251869888E-04
   0.267365732E-04   0.283848389E-04   0.301415187E-04   0.320157338E-04
   0.340133537E-04   0.361394865E-04   0.383942197E-04   0.407569803E-04
   0.432013097E-04   0.457092754E-04   0.483001800E-04   0.510034042E-04
   0.538585464E-04   0.569441185E-04   0.603503677E-04   0.641389624E-04
   0.682479876E-04   0.725820312E-04   0.770198448E-04   0.813441555E-04
   0.853082963E-04   0.888043698E-04   0.923078473E-04   0.964550496E-04
   0.101899630E-03   0.109312577E-03   0.119382208E-03
Safety factor
   0.968120682E+00   0.968398688E+00   0.969447119E+00   0.971131090E+00
   0.973315719E+00   0.975866122E+00   0.978647417E+00   0.981520148E+00
   0.984326575E+00   0.986904384E+00   0.989103139E+00   0.990819917E+00
   0.991963672E+00   0.992506661E+00   0.992674360E+00   0.992755546E+00
   0.992994804E+00   0.993459935E+00   0.994174549E+00   0.995139724E+00
   0.996266424E+00   0.997443080E+00   0.998578632E+00   0.999664028E+00
   0.100071072E+01   0.100175918E+01   0.100296598E+01   0.100451670E+01
   0.100650821E+01   0.100868254E+01   0.101069300E+01   0.101229992E+01
   0.101369164E+01   0.101516351E+01   0.101693353E+01   0.101891021E+01
   0.102092472E+01   0.102285342E+01   0.102475359E+01   0.102672772E+01
   0.102885198E+01   0.103109724E+01   0.103340803E+01   0.103574311E+01
   0.103811819E+01   0.104056320E+01   0.104310102E+01   0.104572618E+01
   0.104842617E+01   0.105119030E+01   0.105401523E+01   0.105689947E+01
   0.105984387E+01   0.106285874E+01   0.106595674E+01   0.106914630E+01
   0.107241905E+01   0.107576236E+01   0.107916749E+01   0.108264112E+01
   0.108619380E+01   0.108983331E+01   0.109355653E+01   0.109735757E+01
   0.110123317E+01   0.110519055E+01   0.110923954E+01   0.111338793E+01
   0.111763534E+01   0.112197933E+01   0.112641772E+01   0.113094926E+01
   0.113557294E+01   0.114028864E+01   0.114509977E+01   0.115001066E+01
   0.115502553E+01   0.116014836E+01   0.116538303E+01   0.117073285E+01
   0.117619859E+01   0.118178043E+01   0.118747953E+01   0.119330102E+01
   0.119925099E+01   0.120533406E+01   0.121154883E+01   0.121789240E+01
   0.122436407E+01   0.123097184E+01   0.123772589E+01   0.124463444E+01
   0.125169779E+01   0.125891428E+01   0.126628394E+01   0.127381371E+01
   0.128151223E+01   0.128938687E+01   0.129743998E+01   0.130567261E+01
   0.131408686E+01   0.132268878E+01   0.133148547E+01   0.134048379E+01
   0.134968987E+01   0.135910961E+01   0.136874898E+01   0.137861412E+01
   0.138871119E+01   0.139904684E+01   0.140962955E+01   0.142046826E+01
   0.143157186E+01   0.144294901E+01   0.145460833E+01   0.146655855E+01
   0.147880900E+01   0.149136910E+01   0.150424908E+01   0.151746221E+01
   0.153102253E+01   0.154494377E+01   0.155923854E+01   0.157391913E+01
   0.158899888E+01   0.160449534E+01   0.162042708E+01   0.163681272E+01
   0.165367107E+01   0.167102097E+01   0.168888310E+01   0.170728556E+01
   0.172625826E+01   0.174583064E+01   0.176602998E+01   0.178688307E+01
   0.180841495E+01   0.183064361E+01   0.185358532E+01   0.187726436E+01
   0.190173712E+01   0.192706804E+01   0.195330492E+01   0.198042908E+01
   0.200840523E+01   0.203725000E+01   0.206718770E+01   0.209849455E+01
   0.213144679E+01   0.216632065E+01   0.220339235E+01
Current profile
   0.000000000E+00   0.110278923E-02   0.440677662E-02   0.990369620E-02
   0.175830263E-01   0.274319972E-01   0.394355998E-01   0.535775677E-01
   0.698444033E-01   0.882243949E-01   0.108708379E+00   0.131295283E+00
   0.155989752E+00   0.182798670E+00   0.211722869E+00   0.242761558E+00
   0.275912741E+00   0.311167915E+00   0.348515317E+00   0.387941489E+00
   0.429432055E+00   0.472971186E+00   0.518543013E+00   0.566137059E+00
   0.615744424E+00   0.667354269E+00   0.720947019E+00   0.776499371E+00
   0.833988128E+00   0.893396585E+00   0.954709666E+00   0.101791235E+01
   0.108299043E+01   0.114992989E+01   0.121871616E+01   0.128933234E+01
   0.136176068E+01   0.143598215E+01   0.151197366E+01   0.158971031E+01
   0.166916716E+01   0.175032199E+01   0.183315302E+01   0.191763759E+01
   0.200375088E+01   0.209146699E+01   0.218075960E+01   0.227160267E+01
   0.236396982E+01   0.245783417E+01   0.255316821E+01   0.264994393E+01
   0.274813275E+01   0.284770553E+01   0.294863256E+01   0.305088372E+01
   0.315442882E+01   0.325923732E+01   0.336527796E+01   0.347251814E+01
   0.358092451E+01   0.369046323E+01   0.380110043E+01   0.391280182E+01
   0.402553260E+01   0.413925756E+01   0.425394095E+01   0.436954656E+01
   0.448603785E+01   0.460337783E+01   0.472152889E+01   0.484045248E+01
   0.496010942E+01   0.508045999E+01   0.520146392E+01   0.532308040E+01
   0.544526820E+01   0.556798614E+01   0.569119266E+01   0.581484565E+01
   0.593890219E+01   0.606331877E+01   0.618805133E+01   0.631305512E+01
   0.643828482E+01   0.656369470E+01   0.668923896E+01   0.681487144E+01
   0.694054538E+01   0.706621329E+01   0.719182704E+01   0.731733808E+01
   0.744269752E+01   0.756785605E+01   0.769276386E+01   0.781737059E+01
   0.794162529E+01   0.806547659E+01   0.818887304E+01   0.831176280E+01
   0.843409352E+01   0.855581198E+01   0.867686434E+01   0.879719632E+01
   0.891675344E+01   0.903548081E+01   0.915332313E+01   0.927022456E+01
   0.938612882E+01   0.950097933E+01   0.961472003E+01   0.972729466E+01
   0.983864617E+01   0.994871565E+01   0.100574434E+02   0.101647687E+02
   0.102706294E+02   0.103749619E+02   0.104777041E+02   0.105787992E+02
   0.106781916E+02   0.107758257E+02   0.108716454E+02   0.109655947E+02
   0.110576152E+02   0.111476419E+02   0.112356070E+02   0.113214407E+02
   0.114050663E+02   0.114864046E+02   0.115653800E+02   0.116419345E+02
   0.117160143E+02   0.117875754E+02   0.118566135E+02   0.119231356E+02
   0.119871443E+02   0.120486173E+02   0.121075270E+02   0.121638421E+02
   0.122175153E+02   0.122684949E+02   0.123166896E+02   0.123618446E+02
   0.124036582E+02   0.124418655E+02   0.124763737E+02   0.125071327E+02
   0.125340923E+02   0.125572013E+02   0.125764091E+02
R*B_phi (m*T)
   0.508695514E+02   0.508695141E+02   0.508694020E+02   0.508692150E+02
   0.508689527E+02   0.508686146E+02   0.508681998E+02   0.508677074E+02
   0.508671360E+02   0.508664839E+02   0.508657491E+02   0.508649291E+02
   0.508640208E+02   0.508630213E+02   0.508619269E+02   0.508607339E+02
   0.508594387E+02   0.508580379E+02   0.508565281E+02   0.508549060E+02
   0.508531675E+02   0.508513084E+02   0.508493245E+02   0.508472116E+02
   0.508449652E+02   0.508425812E+02   0.508400555E+02   0.508373840E+02
   0.508345628E+02   0.508315878E+02   0.508284550E+02   0.508251603E+02
   0.508216993E+02   0.508180675E+02   0.508142608E+02   0.508102759E+02
   0.508061098E+02   0.508017593E+02   0.507972209E+02   0.507924910E+02
   0.507875673E+02   0.507824539E+02   0.507771560E+02   0.507716770E+02
   0.507660112E+02   0.507601507E+02   0.507540883E+02   0.507478187E+02
   0.507413371E+02   0.507346411E+02   0.507277369E+02   0.507206328E+02
   0.507133363E+02   0.507058512E+02   0.506981805E+02   0.506903274E+02
   0.506822962E+02   0.506740917E+02   0.506657184E+02   0.506571815E+02
   0.506484861E+02   0.506396375E+02   0.506306410E+02   0.506215021E+02
   0.506122260E+02   0.506028185E+02   0.505932852E+02   0.505836316E+02
   0.505738633E+02   0.505639861E+02   0.505540057E+02   0.505439285E+02
   0.505337613E+02   0.505235106E+02   0.505131832E+02   0.505027860E+02
   0.504923259E+02   0.504818100E+02   0.504712456E+02   0.504606399E+02
   0.504500000E+02   0.504393333E+02   0.504286471E+02   0.504179487E+02
   0.504072458E+02   0.503965456E+02   0.503858543E+02   0.503751782E+02
   0.503645230E+02   0.503538940E+02   0.503432961E+02   0.503327344E+02
   0.503222145E+02   0.503117420E+02   0.503013228E+02   0.502909632E+02
   0.502806696E+02   0.502704487E+02   0.502603077E+02   0.502502540E+02
   0.502402949E+02   0.502304369E+02   0.502206864E+02   0.502110496E+02
   0.502015327E+02   0.501921417E+02   0.501828828E+02   0.501737614E+02
   0.501647832E+02   0.501559537E+02   0.501472786E+02   0.501387636E+02
   0.501304145E+02   0.501222373E+02   0.501142377E+02   0.501064218E+02
   0.500987955E+02   0.500913648E+02   0.500841359E+02   0.500771158E+02
   0.500703115E+02   0.500637307E+02   0.500573837E+02   0.500512810E+02
   0.500454345E+02   0.500398602E+02   0.500345753E+02   0.500296000E+02
   0.500249668E+02   0.500207112E+02   0.500168712E+02   0.500134927E+02
   0.500106239E+02   0.500083345E+02   0.500067794E+02   0.500061350E+02
   0.500065432E+02   0.500080082E+02   0.500104994E+02   0.500139532E+02
   0.500181721E+02   0.500229254E+02   0.500279693E+02   0.500330084E+02
   0.500377343E+02   0.500418745E+02   0.500453003E+02   0.500479187E+02
   0.500496367E+02   0.500503614E+02   0.500500000E+02
Radial mesh: sqrt(Phi/Philim)
   0.000000000E+00   0.666666667E-02   0.133333333E-01   0.200000000E-01
   0.266666667E-01   0.333333333E-01   0.400000000E-01   0.466666667E-01
   0.533333333E-01   0.600000000E-01   0.666666667E-01   0.733333333E-01
   0.800000000E-01   0.866666667E-01   0.933333333E-01   0.100000000E+00
   0.106666667E+00   0.113333333E+00   0.120000000E+00   0.126666667E+00
   0.133333333E+00   0.140000000E+00   0.146666667E+00   0.153333333E+00
   0.160000000E+00   0.166666667E+00   0.173333333E+00   0.180000000E+00
   0.186666667E+00   0.193333333E+00   0.200000000E+00   0.206666667E+00
   0.213333333E+00   0.220000000E+00   0.226666667E+00   0.233333333E+00
   0.240000000E+00   0.246666667E+00   0.253333333E+00   0.260000000E+00
   0.266666667E+00   0.273333333E+00   0.280000000E+00   0.286666667E+00
   0.293333333E+00   0.300000000E+00   0.306666667E+00   0.313333333E+00
   0.320000000E+00   0.326666667E+00   0.333333333E+00   0.340000000E+00
   0.346666667E+00   0.353333333E+00   0.360000000E+00   0.366666667E+00
   0.373333333E+00   0.380000000E+00   0.386666667E+00   0.393333333E+00
   0.400000000E+00   0.406666667E+00   0.413333333E+00   0.420000000E+00
   0.426666667E+00   0.433333333E+00   0.440000000E+00   0.446666667E+00
   0.453333333E+00   0.460000000E+00   0.466666667E+00   0.473333333E+00
   0.480000000E+00   0.486666667E+00   0.493333333E+00   0.500000000E+00
   0.506666667E+00   0.513333333E+00   0.520000000E+00   0.526666667E+00
   0.533333333E+00   0.540000000E+00   0.546666667E+00   0.553333333E+00
   0.560000000E+00   0.566666667E+00   0.573333333E+00   0.580000000E+00
   0.586666667E+00   0.593333333E+00   0.600000000E+00   0.606666667E+00
   0.613333333E+00   0.620000000E+00   0.626666667E+00   0.633333333E+00
   0.640000000E+00   0.646666667E+00   0.653333333E+00   0.660000000E+00
   0.666666667E+00   0.673333333E+00   0.680000000E+00   0.686666667E+00
   0.693333333E+00   0.700000000E+00   0.706666667E+00   0.713333333E+00
   0.720000000E+00   0.726666667E+00   0.733333333E+00   0.740000000E+00
   0.746666667E+00   0.753333333E+00   0.760000000E+00   0.766666667E+00
   0.773333333E+00   0.780000000E+00   0.786666667E+00   0.793333333E+00
   0.800000000E+00   0.806666667E+00   0.813333333E+00   0.820000000E+00
   0.826666667E+00   0.833333333E+00   0.840000000E+00   0.846666667E+00
   0.853333333E+00   0.860000000E+00   0.866666667E+00   0.873333333E+00
   0.880000000E+00   0.886666667E+00   0.893333333E+00   0.900000000E+00
   0.906666667E+00   0.913333333E+00   0.920000000E+00   0.926666667E+00
   0.933333333E+00   0.940000000E+00   0.946666667E+00   0.953333333E+00
   0.960000000E+00   0.966666667E+00   0.973333333E+00   0.980000000E+00
   0.986666667E+00   0.993333333E+00   0.100000000E+01
Last surface (set to 1: TRANSP)
   0.100000000E+01
