Major radius (central)
   0.460920637E+01
Major radius (axis)
   0.476407866E+01
Magnetic field at major radius
   0.108587023E+02
Total toroidal current
   0.125759528E+02
Number of poloidal modes
   16
Number of radial mesh points
  151
Radial mesh: sqrt(Psi/Psilim)
   0.000000000E+00   0.792889108E-02   0.158504380E-01   0.237648756E-01
   0.316714598E-01   0.395694314E-01   0.474581798E-01   0.553373897E-01
   0.632071514E-01   0.710680040E-01   0.789208739E-01   0.867669255E-01
   0.946073827E-01   0.102443358E+00   0.110275709E+00   0.118104946E+00
   0.125931218E+00   0.133754340E+00   0.141573845E+00   0.149389048E+00
   0.157199135E+00   0.165003262E+00   0.172800625E+00   0.180590485E+00
   0.188372164E+00   0.196145055E+00   0.203908659E+00   0.211662621E+00
   0.219406718E+00   0.227140819E+00   0.234864839E+00   0.242578712E+00
   0.250282376E+00   0.257975739E+00   0.265658644E+00   0.273330849E+00
   0.280992030E+00   0.288641815E+00   0.296279818E+00   0.303905655E+00
   0.311518963E+00   0.319119393E+00   0.326706615E+00   0.334280312E+00
   0.341840179E+00   0.349385919E+00   0.356917235E+00   0.364433833E+00
   0.371935426E+00   0.379421734E+00   0.386892489E+00   0.394347435E+00
   0.401786329E+00   0.409208935E+00   0.416615026E+00   0.424004373E+00
   0.431376744E+00   0.438731899E+00   0.446069591E+00   0.453389561E+00
   0.460691543E+00   0.467975262E+00   0.475240438E+00   0.482486783E+00
   0.489714007E+00   0.496921813E+00   0.504109899E+00   0.511277957E+00
   0.518425674E+00   0.525552728E+00   0.532658794E+00   0.539743539E+00
   0.546806623E+00   0.553847705E+00   0.560866438E+00   0.567862472E+00
   0.574835454E+00   0.581785030E+00   0.588710842E+00   0.595612533E+00
   0.602489746E+00   0.609342121E+00   0.616169302E+00   0.622970932E+00
   0.629746655E+00   0.636496117E+00   0.643218963E+00   0.649914838E+00
   0.656583389E+00   0.663224261E+00   0.669837096E+00   0.676421535E+00
   0.682977215E+00   0.689503773E+00   0.696000843E+00   0.702468056E+00
   0.708905042E+00   0.715311431E+00   0.721686849E+00   0.728030923E+00
   0.734343280E+00   0.740623542E+00   0.746871331E+00   0.753086265E+00
   0.759267956E+00   0.765416016E+00   0.771530052E+00   0.777609664E+00
   0.783654451E+00   0.789664007E+00   0.795637921E+00   0.801575780E+00
   0.807477163E+00   0.813341647E+00   0.819168803E+00   0.824958195E+00
   0.830709384E+00   0.836421927E+00   0.842095376E+00   0.847729285E+00
   0.853323203E+00   0.858876678E+00   0.864389250E+00   0.869860458E+00
   0.875289828E+00   0.880676877E+00   0.886021106E+00   0.891322000E+00
   0.896579025E+00   0.901791637E+00   0.906959275E+00   0.912081370E+00
   0.917157346E+00   0.922186630E+00   0.927168652E+00   0.932102848E+00
   0.936988660E+00   0.941825536E+00   0.946612935E+00   0.951350319E+00
   0.956037151E+00   0.960672877E+00   0.965256907E+00   0.969788598E+00
   0.974267254E+00   0.978692177E+00   0.983062780E+00   0.987378694E+00
   0.991639875E+00   0.995846689E+00   0.100000000E+01
Fourier equilibrium coefficients
   0.476407866E+01   0.476407139E+01   0.476404959E+01   0.476401324E+01
   0.476396237E+01   0.476389695E+01   0.476381700E+01   0.476372250E+01
   0.476361348E+01   0.476348991E+01   0.476335181E+01   0.476319917E+01
   0.476303200E+01   0.476285029E+01   0.476265404E+01   0.476244325E+01
   0.476221793E+01   0.476197807E+01   0.476172367E+01   0.476145474E+01
   0.476117126E+01   0.476087326E+01   0.476056071E+01   0.476023447E+01
   0.475989537E+01   0.475954364E+01   0.475917959E+01   0.475880351E+01
   0.475841569E+01   0.475801630E+01   0.475760547E+01   0.475718336E+01
   0.475675027E+01   0.475630651E+01   0.475585240E+01   0.475538821E+01
   0.475491421E+01   0.475443072E+01   0.475393811E+01   0.475343681E+01
   0.475292719E+01   0.475240941E+01   0.475188358E+01   0.475134981E+01
   0.475080828E+01   0.475025916E+01   0.474970269E+01   0.474913944E+01
   0.474857006E+01   0.474799518E+01   0.474741542E+01   0.474683142E+01
   0.474624375E+01   0.474565284E+01   0.474505906E+01   0.474446280E+01
   0.474386443E+01   0.474326430E+01   0.474266278E+01   0.474206030E+01
   0.474145730E+01   0.474085418E+01   0.474025130E+01   0.473964896E+01
   0.473904745E+01   0.473844691E+01   0.473784743E+01   0.473724909E+01
   0.473665189E+01   0.473605580E+01   0.473546080E+01   0.473486681E+01
   0.473427376E+01   0.473368157E+01   0.473309016E+01   0.473249946E+01
   0.473190938E+01   0.473131984E+01   0.473073075E+01   0.473014202E+01
   0.472955357E+01   0.472896534E+01   0.472837723E+01   0.472778922E+01
   0.472720128E+01   0.472661340E+01   0.472602559E+01   0.472543791E+01
   0.472485041E+01   0.472426314E+01   0.472367617E+01   0.472308956E+01
   0.472250338E+01   0.472191771E+01   0.472133259E+01   0.472074812E+01
   0.472016435E+01   0.471958138E+01   0.471899935E+01   0.471841838E+01
   0.471783864E+01   0.471726029E+01   0.471668349E+01   0.471610841E+01
   0.471553523E+01   0.471496414E+01   0.471439531E+01   0.471382891E+01
   0.471326511E+01   0.471270407E+01   0.471214596E+01   0.471159094E+01
   0.471103919E+01   0.471049089E+01   0.470994626E+01   0.470940550E+01
   0.470886887E+01   0.470833663E+01   0.470780904E+01   0.470728641E+01
   0.470676904E+01   0.470625726E+01   0.470575139E+01   0.470525176E+01
   0.470475870E+01   0.470427244E+01   0.470379324E+01   0.470332144E+01
   0.470285792E+01   0.470240368E+01   0.470195984E+01   0.470152802E+01
   0.470110997E+01   0.470070672E+01   0.470031641E+01   0.469993645E+01
   0.469956370E+01   0.469919281E+01   0.469881789E+01   0.469843376E+01
   0.469803819E+01   0.469762963E+01   0.469720705E+01   0.469677125E+01
   0.469632353E+01   0.469586691E+01   0.469541137E+01   0.469496859E+01
   0.469455030E+01   0.469416818E+01   0.469383394E+01
   0.553220222E-01   0.553214556E-01   0.553197558E-01   0.553169228E-01
   0.553129565E-01   0.553078571E-01   0.553016245E-01   0.552942587E-01
   0.552857597E-01   0.552761275E-01   0.552653621E-01   0.552534635E-01
   0.552404317E-01   0.552262667E-01   0.552109685E-01   0.551945371E-01
   0.551769725E-01   0.551582747E-01   0.551384437E-01   0.551174795E-01
   0.550953821E-01   0.550721515E-01   0.550477877E-01   0.550223374E-01
   0.549958476E-01   0.549683244E-01   0.549398126E-01   0.549103662E-01
   0.548800250E-01   0.548487707E-01   0.548165706E-01   0.547834075E-01
   0.547493260E-01   0.547143865E-01   0.546786365E-01   0.546420720E-01
   0.546046762E-01   0.545664428E-01   0.545274060E-01   0.544876108E-01
   0.544470922E-01   0.544058465E-01   0.543638604E-01   0.543211244E-01
   0.542776446E-01   0.542334309E-01   0.541884998E-01   0.541428941E-01
   0.540966631E-01   0.540498496E-01   0.540024692E-01   0.539545308E-01
   0.539060476E-01   0.538570486E-01   0.538075672E-01   0.537576292E-01
   0.537072314E-01   0.536563633E-01   0.536050204E-01   0.535532212E-01
   0.535009903E-01   0.534483479E-01   0.533952965E-01   0.533418347E-01
   0.532879581E-01   0.532336532E-01   0.531789037E-01   0.531236917E-01
   0.530679920E-01   0.530117778E-01   0.529550204E-01   0.528976839E-01
   0.528397304E-01   0.527811234E-01   0.527218319E-01   0.526618260E-01
   0.526010731E-01   0.525395283E-01   0.524771441E-01   0.524138746E-01
   0.523496823E-01   0.522845318E-01   0.522183844E-01   0.521511900E-01
   0.520828951E-01   0.520134485E-01   0.519428069E-01   0.518709291E-01
   0.517977724E-01   0.517232873E-01   0.516474227E-01   0.515701268E-01
   0.514913437E-01   0.514110170E-01   0.513290889E-01   0.512454978E-01
   0.511601809E-01   0.510730735E-01   0.509841023E-01   0.508931919E-01
   0.508002671E-01   0.507052538E-01   0.506080779E-01   0.505086624E-01
   0.504069173E-01   0.503027493E-01   0.501960622E-01   0.500867481E-01
   0.499746958E-01   0.498597905E-01   0.497419029E-01   0.496209000E-01
   0.494966470E-01   0.493690027E-01   0.492378239E-01   0.491029645E-01
   0.489642649E-01   0.488215620E-01   0.486746824E-01   0.485234106E-01
   0.483675206E-01   0.482067750E-01   0.480408920E-01   0.478695785E-01
   0.476925423E-01   0.475094944E-01   0.473201472E-01   0.471242055E-01
   0.469213464E-01   0.467112397E-01   0.464935414E-01   0.462678516E-01
   0.460337562E-01   0.457907838E-01   0.455382330E-01   0.452753446E-01
   0.450013257E-01   0.447152475E-01   0.444161472E-01   0.441030820E-01
   0.437751898E-01   0.434316283E-01   0.430717762E-01   0.426958967E-01
   0.423044735E-01   0.418972044E-01   0.414706420E-01   0.410205526E-01
   0.405427024E-01   0.400328579E-01   0.394867853E-01
   0.000000000E+00   0.781193027E-02   0.156212483E-01   0.234249422E-01
   0.312206852E-01   0.390068355E-01   0.467824362E-01   0.545472519E-01
   0.623019198E-01   0.700479128E-01   0.777874269E-01   0.855230498E-01
   0.932579002E-01   0.100995242E+00   0.108736832E+00   0.116483802E+00
   0.124236685E+00   0.131994169E+00   0.139753858E+00   0.147513276E+00
   0.155272263E+00   0.163031386E+00   0.170791142E+00   0.178551330E+00
   0.186311496E+00   0.194070992E+00   0.201828661E+00   0.209583070E+00
   0.217333214E+00   0.225080531E+00   0.232827367E+00   0.240575764E+00
   0.248325351E+00   0.256074994E+00   0.263823722E+00   0.271571775E+00
   0.279319766E+00   0.287068153E+00   0.294816522E+00   0.302564170E+00
   0.310310498E+00   0.318055583E+00   0.325799702E+00   0.333543075E+00
   0.341285577E+00   0.349026983E+00   0.356767073E+00   0.364505710E+00
   0.372242780E+00   0.379978187E+00   0.387711945E+00   0.395444105E+00
   0.403174689E+00   0.410903589E+00   0.418630655E+00   0.426355747E+00
   0.434078787E+00   0.441799712E+00   0.449518467E+00   0.457235018E+00
   0.464949343E+00   0.472661400E+00   0.480371077E+00   0.488078240E+00
   0.495782771E+00   0.503484643E+00   0.511183853E+00   0.518880388E+00
   0.526574174E+00   0.534265124E+00   0.541953152E+00   0.549638202E+00
   0.557320227E+00   0.564999173E+00   0.572674956E+00   0.580347486E+00
   0.588016677E+00   0.595682465E+00   0.603344792E+00   0.611003593E+00
   0.618658778E+00   0.626310250E+00   0.633957908E+00   0.641601646E+00
   0.649241355E+00   0.656876927E+00   0.664508260E+00   0.672135256E+00
   0.679757813E+00   0.687375831E+00   0.694989212E+00   0.702597837E+00
   0.710201519E+00   0.717800048E+00   0.725393240E+00   0.732981024E+00
   0.740563362E+00   0.748140177E+00   0.755711241E+00   0.763276277E+00
   0.770835034E+00   0.778387388E+00   0.785933243E+00   0.793472479E+00
   0.801004863E+00   0.808530132E+00   0.816048025E+00   0.823558330E+00
   0.831060839E+00   0.838555344E+00   0.846041639E+00   0.853519514E+00
   0.860988740E+00   0.868449020E+00   0.875900031E+00   0.883341455E+00
   0.890773000E+00   0.898194380E+00   0.905605300E+00   0.913005449E+00
   0.920394505E+00   0.927772122E+00   0.935137849E+00   0.942491207E+00
   0.949831738E+00   0.957159114E+00   0.964473038E+00   0.971773163E+00
   0.979058939E+00   0.986329761E+00   0.993584927E+00   0.100082340E+01
   0.100804403E+01   0.101524589E+01   0.102242902E+01   0.102959371E+01
   0.103674046E+01   0.104387063E+01   0.105098579E+01   0.105808733E+01
   0.106517560E+01   0.107225068E+01   0.107931262E+01   0.108636118E+01
   0.109339607E+01   0.110041601E+01   0.110741578E+01   0.111438903E+01
   0.112132926E+01   0.112822979E+01   0.113508377E+01
   0.000000000E+00   0.951929158E-02   0.190353511E-01   0.285445025E-01
   0.380438309E-01   0.475311820E-01   0.570051625E-01   0.664652313E-01
   0.759120789E-01   0.853475357E-01   0.947743584E-01   0.104195667E+00
   0.113615180E+00   0.123036785E+00   0.132462542E+00   0.141893743E+00
   0.151330960E+00   0.160772563E+00   0.170215617E+00   0.179657094E+00
   0.189096742E+00   0.198535185E+00   0.207972962E+00   0.217409824E+00
   0.226845223E+00   0.236278385E+00   0.245707888E+00   0.255131970E+00
   0.264549401E+00   0.273961950E+00   0.283372511E+00   0.292783608E+00
   0.302194826E+00   0.311604820E+00   0.321012450E+00   0.330418055E+00
   0.339822433E+00   0.349226210E+00   0.358629005E+00   0.368030114E+00
   0.377428941E+00   0.386825604E+00   0.396220438E+00   0.405613717E+00
   0.415005362E+00   0.424395188E+00   0.433783054E+00   0.443169050E+00
   0.452553339E+00   0.461936107E+00   0.471317592E+00   0.480698059E+00
   0.490077748E+00   0.499456727E+00   0.508835019E+00   0.518212666E+00
   0.527589805E+00   0.536966600E+00   0.546343231E+00   0.555719927E+00
   0.565096936E+00   0.574474485E+00   0.583852674E+00   0.593231571E+00
   0.602611260E+00   0.611991906E+00   0.621373702E+00   0.630756815E+00
   0.640141307E+00   0.649527207E+00   0.658914551E+00   0.668303407E+00
   0.677693850E+00   0.687085947E+00   0.696479732E+00   0.705875230E+00
   0.715272469E+00   0.724671515E+00   0.734072441E+00   0.743475314E+00
   0.752880174E+00   0.762287051E+00   0.771695979E+00   0.781107012E+00
   0.790520210E+00   0.799935640E+00   0.809353407E+00   0.818773626E+00
   0.828196419E+00   0.837621927E+00   0.847050300E+00   0.856481669E+00
   0.865916083E+00   0.875353569E+00   0.884794193E+00   0.894238190E+00
   0.903685843E+00   0.913137404E+00   0.922592953E+00   0.932052525E+00
   0.941516204E+00   0.950984266E+00   0.960457043E+00   0.969934845E+00
   0.979417861E+00   0.988906247E+00   0.998400180E+00   0.100789991E+01
   0.101740570E+01   0.102691783E+01   0.103643660E+01   0.104596233E+01
   0.105549532E+01   0.106503585E+01   0.107458417E+01   0.108414058E+01
   0.109370545E+01   0.110327922E+01   0.111286232E+01   0.112245523E+01
   0.113205846E+01   0.114167252E+01   0.115129787E+01   0.116093494E+01
   0.117058423E+01   0.118024625E+01   0.118992158E+01   0.119961084E+01
   0.120931493E+01   0.121903481E+01   0.122877163E+01   0.123852719E+01
   0.124830350E+01   0.125810209E+01   0.126792233E+01   0.127776303E+01
   0.128762247E+01   0.129749697E+01   0.130738226E+01   0.131727448E+01
   0.132717175E+01   0.133707270E+01   0.134697641E+01   0.135688388E+01
   0.136679664E+01   0.137671813E+01   0.138665932E+01   0.139663336E+01
   0.140665375E+01   0.141673434E+01   0.142688934E+01
   0.000000000E+00   0.172891141E-03   0.345461030E-03   0.517293468E-03
   0.688135023E-03   0.857895028E-03   0.102664558E-02   0.119454890E-02
   0.136155633E-02   0.152748099E-02   0.169212620E-02   0.185557613E-02
   0.201807348E-02   0.217988468E-02   0.234103413E-02   0.250144561E-02
   0.266102850E-02   0.281976209E-02   0.297764442E-02   0.313467267E-02
   0.329084821E-02   0.344617327E-02   0.360064725E-02   0.375425879E-02
   0.390699131E-02   0.405882953E-02   0.420977380E-02   0.435982957E-02
   0.450900500E-02   0.465731621E-02   0.480478328E-02   0.495142794E-02
   0.509727072E-02   0.524233318E-02   0.538663497E-02   0.553018184E-02
   0.567297521E-02   0.581501820E-02   0.595632378E-02   0.609690809E-02
   0.623678487E-02   0.637595504E-02   0.651441528E-02   0.665216094E-02
   0.678918521E-02   0.692547980E-02   0.706104434E-02   0.719591563E-02
   0.733014282E-02   0.746377348E-02   0.759683744E-02   0.772936064E-02
   0.786136979E-02   0.799289139E-02   0.812395258E-02   0.825457655E-02
   0.838476741E-02   0.851452344E-02   0.864384743E-02   0.877276467E-02
   0.890130719E-02   0.902950324E-02   0.915736187E-02   0.928488663E-02
   0.941207931E-02   0.953893701E-02   0.966545476E-02   0.979162416E-02
   0.991742615E-02   0.100428375E-01   0.101678324E-01   0.102923808E-01
   0.104164500E-01   0.105400066E-01   0.106630220E-01   0.107854674E-01
   0.109073108E-01   0.110285121E-01   0.111490276E-01   0.112688134E-01
   0.113878331E-01   0.115060507E-01   0.116234274E-01   0.117399161E-01
   0.118554665E-01   0.119700289E-01   0.120835641E-01   0.121960345E-01
   0.123074002E-01   0.124176156E-01   0.125266324E-01   0.126344003E-01
   0.127408655E-01   0.128459724E-01   0.129496640E-01   0.130518849E-01
   0.131525785E-01   0.132516847E-01   0.133491317E-01   0.134448434E-01
   0.135387438E-01   0.136307647E-01   0.137208384E-01   0.138088926E-01
   0.138948398E-01   0.139785871E-01   0.140600375E-01   0.141390842E-01
   0.142156163E-01   0.142895175E-01   0.143606576E-01   0.144289005E-01
   0.144941058E-01   0.145561245E-01   0.146148030E-01   0.146699827E-01
   0.147214952E-01   0.147691670E-01   0.148128107E-01   0.148521935E-01
   0.148870672E-01   0.149171710E-01   0.149422117E-01   0.149618825E-01
   0.149758627E-01   0.149837965E-01   0.149853129E-01   0.149800334E-01
   0.149675755E-01   0.149475489E-01   0.149195680E-01   0.148832894E-01
   0.148383765E-01   0.147843495E-01   0.147201682E-01   0.146446269E-01
   0.145564469E-01   0.144541456E-01   0.143361607E-01   0.142009122E-01
   0.140468658E-01   0.138724730E-01   0.136765911E-01   0.134598277E-01
   0.132232645E-01   0.129669264E-01   0.126864317E-01   0.123761757E-01
   0.120304119E-01   0.116432523E-01   0.112086670E-01
   0.000000000E+00   0.288364592E-04   0.579626363E-04   0.877680290E-04
   0.118471084E-03   0.150119195E-03   0.182588706E-03   0.215671719E-03
   0.249435750E-03   0.284136913E-03   0.320063661E-03   0.357178645E-03
   0.395269503E-03   0.434099241E-03   0.473677289E-03   0.514115316E-03
   0.555524208E-03   0.597875515E-03   0.641085565E-03   0.685069682E-03
   0.729809118E-03   0.775306775E-03   0.821566592E-03   0.868583123E-03
   0.916348856E-03   0.964849636E-03   0.101404007E-02   0.106386161E-02
   0.111426468E-02   0.116525910E-02   0.121687571E-02   0.126913542E-02
   0.132199468E-02   0.137538813E-02   0.142925836E-02   0.148360158E-02
   0.153843107E-02   0.159375231E-02   0.164952563E-02   0.170569664E-02
   0.176221911E-02   0.181909305E-02   0.187633317E-02   0.193395142E-02
   0.199193730E-02   0.205027443E-02   0.210894012E-02   0.216788569E-02
   0.222705320E-02   0.228638965E-02   0.234587298E-02   0.240548980E-02
   0.246522359E-02   0.252504264E-02   0.258491053E-02   0.264479651E-02
   0.270469666E-02   0.276461543E-02   0.282455331E-02   0.288448840E-02
   0.294439262E-02   0.300424173E-02   0.306402906E-02   0.312375335E-02
   0.318341666E-02   0.324303091E-02   0.330261208E-02   0.336217891E-02
   0.342175545E-02   0.348136880E-02   0.354104891E-02   0.360083035E-02
   0.366075074E-02   0.372084792E-02   0.378115323E-02   0.384169759E-02
   0.390251543E-02   0.396365026E-02   0.402514962E-02   0.408706056E-02
   0.414942107E-02   0.421226786E-02   0.427564092E-02   0.433958895E-02
   0.440416441E-02   0.446941894E-02   0.453539487E-02   0.460213304E-02
   0.466967637E-02   0.473807275E-02   0.480737239E-02   0.487762722E-02
   0.494889170E-02   0.502122206E-02   0.509467626E-02   0.516931467E-02
   0.524519944E-02   0.532239541E-02   0.540097348E-02   0.548100751E-02
   0.556257226E-02   0.564574054E-02   0.573058585E-02   0.581718558E-02
   0.590562782E-02   0.599600499E-02   0.608841352E-02   0.618295957E-02
   0.627975367E-02   0.637891104E-02   0.648055805E-02   0.658482614E-02
   0.669185041E-02   0.680177149E-02   0.691473373E-02   0.703088671E-02
   0.715039153E-02   0.727341487E-02   0.740013434E-02   0.753076102E-02
   0.766551827E-02   0.780464246E-02   0.794840722E-02   0.809710060E-02
   0.825101351E-02   0.841042802E-02   0.857562835E-02   0.874691571E-02
   0.892464213E-02   0.910917853E-02   0.930090939E-02   0.950024986E-02
   0.970762959E-02   0.992353631E-02   0.101486658E-01   0.103837802E-01
   0.106296975E-01   0.108874089E-01   0.111579677E-01   0.114424044E-01
   0.117415798E-01   0.120563245E-01   0.123873267E-01   0.127346480E-01
   0.130981833E-01   0.134784678E-01   0.138786642E-01   0.143026741E-01
   0.147544964E-01   0.152382271E-01   0.157580597E-01
  -0.000000000E+00  -0.182137318E-05  -0.729525055E-05  -0.164362688E-04
  -0.292590648E-04  -0.457782752E-04  -0.660085368E-04  -0.899644863E-04
  -0.117660760E-03  -0.149111996E-03  -0.184332830E-03  -0.223337898E-03
  -0.266141838E-03  -0.312759287E-03  -0.363204881E-03  -0.417493256E-03
  -0.475639051E-03  -0.537656900E-03  -0.603561442E-03  -0.673367313E-03
  -0.747089149E-03  -0.824741587E-03  -0.906339265E-03  -0.991940432E-03
  -0.108159358E-02  -0.117531928E-02  -0.127313250E-02  -0.137504563E-02
  -0.148107711E-02  -0.159127642E-02  -0.170570506E-02  -0.182442376E-02
  -0.194747379E-02  -0.207489156E-02  -0.220672003E-02  -0.234302816E-02
  -0.248389531E-02  -0.262939006E-02  -0.277951991E-02  -0.293427229E-02
  -0.309364146E-02  -0.325766761E-02  -0.342640450E-02  -0.359991165E-02
  -0.377826644E-02  -0.396155392E-02  -0.414985677E-02  -0.434323466E-02
  -0.454174179E-02  -0.474543789E-02  -0.495440361E-02  -0.516872737E-02
  -0.538849789E-02  -0.561379552E-02  -0.584469978E-02  -0.608129175E-02
  -0.632365338E-02  -0.657186808E-02  -0.682601869E-02  -0.708618024E-02
  -0.735242630E-02  -0.762483236E-02  -0.790347940E-02  -0.818845073E-02
  -0.847982999E-02  -0.877769838E-02  -0.908213716E-02  -0.939322576E-02
  -0.971103355E-02  -0.100356272E-01  -0.103670750E-01  -0.107054514E-01
  -0.110508330E-01  -0.114032981E-01  -0.117629307E-01  -0.121298169E-01
  -0.125040455E-01  -0.128857139E-01  -0.132749228E-01  -0.136717758E-01
  -0.140763841E-01  -0.144888622E-01  -0.149093289E-01  -0.153379142E-01
  -0.157747530E-01  -0.162199850E-01  -0.166737613E-01  -0.171362383E-01
  -0.176075777E-01  -0.180879521E-01  -0.185775399E-01  -0.190765232E-01
  -0.195850883E-01  -0.201034250E-01  -0.206317317E-01  -0.211702284E-01
  -0.217191446E-01  -0.222787141E-01  -0.228491737E-01  -0.234307646E-01
  -0.240237389E-01  -0.246283790E-01  -0.252449799E-01  -0.258738428E-01
  -0.265152767E-01  -0.271695972E-01  -0.278371299E-01  -0.285182221E-01
  -0.292132321E-01  -0.299225301E-01  -0.306465124E-01  -0.313855882E-01
  -0.321401792E-01  -0.329107316E-01  -0.336977049E-01  -0.345015754E-01
  -0.353228594E-01  -0.361620916E-01  -0.370198291E-01  -0.378966883E-01
  -0.387933106E-01  -0.397103552E-01  -0.406485146E-01  -0.416085004E-01
  -0.425910528E-01  -0.435969854E-01  -0.446271434E-01  -0.456824349E-01
  -0.467639719E-01  -0.478729378E-01  -0.490105673E-01  -0.501782269E-01
  -0.513773388E-01  -0.526091924E-01  -0.538744423E-01  -0.551735827E-01
  -0.565068851E-01  -0.578737146E-01  -0.592731772E-01  -0.607046081E-01
  -0.621683894E-01  -0.636651751E-01  -0.651958537E-01  -0.667622446E-01
  -0.683664374E-01  -0.700113983E-01  -0.717035071E-01  -0.734501463E-01
  -0.752588819E-01  -0.771374633E-01  -0.790938238E-01
   0.000000000E+00   0.122497308E-05   0.490733533E-05   0.110582513E-04
   0.196888854E-04   0.308104023E-04   0.444339665E-04   0.605707424E-04
   0.792318947E-04   0.100428588E-03   0.124171986E-03   0.150473254E-03
   0.179343557E-03   0.210794058E-03   0.244835923E-03   0.281480316E-03
   0.320738402E-03   0.362621344E-03   0.407140308E-03   0.454306458E-03
   0.504130958E-03   0.556624974E-03   0.611799669E-03   0.669698289E-03
   0.730356638E-03   0.793791193E-03   0.860014480E-03   0.929037250E-03
   0.100087427E-02   0.107556058E-02   0.115313913E-02   0.123365253E-02
   0.131713111E-02   0.140360231E-02   0.149309782E-02   0.158566607E-02
   0.168136228E-02   0.178023398E-02   0.188228625E-02   0.198751010E-02
   0.209590142E-02   0.220748912E-02   0.232231187E-02   0.244041223E-02
   0.256184469E-02   0.268666894E-02   0.281494194E-02   0.294670028E-02
   0.308197518E-02   0.322080186E-02   0.336323252E-02   0.350932518E-02
   0.365913770E-02   0.381272116E-02   0.397012556E-02   0.413140149E-02
   0.429659893E-02   0.446576828E-02   0.463895906E-02   0.481621471E-02
   0.499757717E-02   0.518308936E-02   0.537279804E-02   0.556675127E-02
   0.576499696E-02   0.596758108E-02   0.617454925E-02   0.638594569E-02
   0.660180811E-02   0.682217229E-02   0.704707464E-02   0.727655542E-02
   0.751065584E-02   0.774941796E-02   0.799288723E-02   0.824111017E-02
   0.849413468E-02   0.875201334E-02   0.901480044E-02   0.928255184E-02
   0.955532810E-02   0.983319167E-02   0.101162070E-01   0.104044439E-01
   0.106979747E-01   0.109968738E-01   0.113012217E-01   0.116111016E-01
   0.119265990E-01   0.122478049E-01   0.125748127E-01   0.129077176E-01
   0.132466155E-01   0.135916039E-01   0.139427844E-01   0.143002702E-01
   0.146641793E-01   0.150346310E-01   0.154117427E-01   0.157956334E-01
   0.161864270E-01   0.165842635E-01   0.169892889E-01   0.174016517E-01
   0.178215008E-01   0.182489874E-01   0.186842669E-01   0.191275034E-01
   0.195788657E-01   0.200385272E-01   0.205066715E-01   0.209834875E-01
   0.214691687E-01   0.219639178E-01   0.224679424E-01   0.229814575E-01
   0.235046968E-01   0.240379021E-01   0.245813240E-01   0.251352355E-01
   0.256999193E-01   0.262756590E-01   0.268627262E-01   0.274613927E-01
   0.280719464E-01   0.286947253E-01   0.293300854E-01   0.299784203E-01
   0.306402568E-01   0.313161646E-01   0.320067089E-01   0.327123979E-01
   0.334337318E-01   0.341711579E-01   0.349248776E-01   0.356950288E-01
   0.364816755E-01   0.372845884E-01   0.381034532E-01   0.389380382E-01
   0.397884928E-01   0.406550649E-01   0.415381556E-01   0.424387805E-01
   0.433581319E-01   0.442975970E-01   0.452592682E-01   0.462454581E-01
   0.472585346E-01   0.483009213E-01   0.493750971E-01
   0.000000000E+00   0.260680378E-06   0.104376935E-05   0.235083866E-05
   0.418346006E-05   0.654320531E-05   0.943164615E-05   0.128503543E-04
   0.168009016E-04   0.212848598E-04   0.263038005E-04   0.318592956E-04
   0.379529168E-04   0.445862359E-04   0.517608245E-04   0.594782546E-04
   0.677400977E-04   0.765479257E-04   0.859033103E-04   0.958078232E-04
   0.106263036E-03   0.117270521E-03   0.128831850E-03   0.140960203E-03
   0.153667714E-03   0.166956507E-03   0.180816123E-03   0.195230701E-03
   0.210189589E-03   0.225713292E-03   0.241833730E-03   0.258577087E-03
   0.275931849E-03   0.293873803E-03   0.312383779E-03   0.331475348E-03
   0.351172662E-03   0.371497978E-03   0.392457451E-03   0.414052713E-03
   0.436285796E-03   0.459161501E-03   0.482685435E-03   0.506862697E-03
   0.531695935E-03   0.557186974E-03   0.583338529E-03   0.610157781E-03
   0.637653335E-03   0.665835488E-03   0.694720457E-03   0.724326748E-03
   0.754670443E-03   0.785754369E-03   0.817577480E-03   0.850142234E-03
   0.883467454E-03   0.917577105E-03   0.952493060E-03   0.988224750E-03
   0.102477826E-02   0.106216132E-02   0.110038889E-02   0.113947822E-02
   0.117944634E-02   0.122030764E-02   0.126207605E-02   0.130476592E-02
   0.134839268E-02   0.139297226E-02   0.143852159E-02   0.148506066E-02
   0.153261068E-02   0.158119213E-02   0.163082093E-02   0.168151188E-02
   0.173328178E-02   0.178615495E-02   0.184015822E-02   0.189531753E-02
   0.195165313E-02   0.200918396E-02   0.206793137E-02   0.212792575E-02
   0.218920046E-02   0.225178876E-02   0.231572077E-02   0.238102627E-02
   0.244773643E-02   0.251588637E-02   0.258551282E-02   0.265665341E-02
   0.272934701E-02   0.280363338E-02   0.287955376E-02   0.295715272E-02
   0.303647640E-02   0.311757291E-02   0.320049521E-02   0.328529844E-02
   0.337203885E-02   0.346077352E-02   0.355156060E-02   0.364446079E-02
   0.373954135E-02   0.383687233E-02   0.393652620E-02   0.403858061E-02
   0.414311583E-02   0.425021550E-02   0.435997177E-02   0.447248051E-02
   0.458783942E-02   0.470614725E-02   0.482750455E-02   0.495201630E-02
   0.507979944E-02   0.521097583E-02   0.534567527E-02   0.548405192E-02
   0.562626890E-02   0.577249723E-02   0.592292913E-02   0.607776553E-02
   0.623721213E-02   0.640148018E-02   0.657078575E-02   0.674534621E-02
   0.692537034E-02   0.711106766E-02   0.730269290E-02   0.750067230E-02
   0.770548429E-02   0.791758926E-02   0.813733906E-02   0.836506261E-02
   0.860104539E-02   0.884537759E-02   0.909809793E-02   0.935932871E-02
   0.962953923E-02   0.990929597E-02   0.101990280E-01   0.104985689E-01
   0.108075916E-01   0.111263960E-01   0.114578636E-01   0.118055997E-01
   0.121733027E-01   0.125647639E-01   0.129838672E-01
   0.000000000E+00   0.240091810E-06   0.961035038E-06   0.216383138E-05
   0.384948254E-05   0.601899021E-05   0.867335608E-05   0.118135819E-04
   0.154406693E-04   0.195556199E-04   0.241594356E-04   0.292531180E-04
   0.348376688E-04   0.409140896E-04   0.474833823E-04   0.545465484E-04
   0.621045897E-04   0.701585079E-04   0.787093047E-04   0.877579818E-04
   0.973055408E-04   0.107352983E-03   0.117901312E-03   0.128958842E-03
   0.140533224E-03   0.152625125E-03   0.165226633E-03   0.178326101E-03
   0.191915434E-03   0.206008026E-03   0.220625113E-03   0.235784030E-03
   0.251476465E-03   0.267685472E-03   0.284397553E-03   0.301621574E-03
   0.319373637E-03   0.337668177E-03   0.356507055E-03   0.375888446E-03
   0.395810737E-03   0.416274690E-03   0.437281646E-03   0.458832671E-03
   0.480927869E-03   0.503566957E-03   0.526750135E-03   0.550480195E-03
   0.574760729E-03   0.599596387E-03   0.624995692E-03   0.650968626E-03
   0.677523436E-03   0.704659289E-03   0.732372633E-03   0.760662022E-03
   0.789536242E-03   0.819007219E-03   0.849085276E-03   0.879772061E-03
   0.911066764E-03   0.942969481E-03   0.975484934E-03   0.100861918E-02
   0.104237805E-02   0.107676579E-02   0.111178629E-02   0.114744335E-02
   0.118374037E-02   0.122068062E-02   0.125826785E-02   0.129650769E-02
   0.133540638E-02   0.137496950E-02   0.141519945E-02   0.145609772E-02
   0.149766684E-02   0.153991388E-02   0.158284729E-02   0.162647471E-02
   0.167079981E-02   0.171582518E-02   0.176155464E-02   0.180799741E-02
   0.185516430E-02   0.190306575E-02   0.195170976E-02   0.200110378E-02
   0.205125578E-02   0.210217556E-02   0.215387352E-02   0.220636026E-02
   0.225964641E-02   0.231374277E-02   0.236866063E-02   0.242441269E-02
   0.248101223E-02   0.253847316E-02   0.259681108E-02   0.265604227E-02
   0.271618321E-02   0.277724977E-02   0.283925791E-02   0.290222444E-02
   0.296616862E-02   0.303111067E-02   0.309707141E-02   0.316407291E-02
   0.323213788E-02   0.330129014E-02   0.337155650E-02   0.344296498E-02
   0.351554338E-02   0.358931667E-02   0.366430944E-02   0.374054733E-02
   0.381805896E-02   0.389687408E-02   0.397702552E-02   0.405855667E-02
   0.414151441E-02   0.422594816E-02   0.431191429E-02   0.439947194E-02
   0.448868060E-02   0.457959690E-02   0.467227760E-02   0.476677088E-02
   0.486308644E-02   0.496122368E-02   0.506120357E-02   0.516313680E-02
   0.526715938E-02   0.537339447E-02   0.548190262E-02   0.559272881E-02
   0.570587876E-02   0.582119726E-02   0.593848339E-02   0.605756834E-02
   0.617843369E-02   0.630109926E-02   0.642550416E-02   0.655125969E-02
   0.667788392E-02   0.680516771E-02   0.693404964E-02   0.706578454E-02
   0.720166112E-02   0.734300196E-02   0.749116354E-02
  -0.000000000E+00  -0.260508129E-03  -0.520910910E-03  -0.781089559E-03
  -0.104094833E-02  -0.130041450E-02  -0.155943841E-02  -0.181799173E-02
  -0.207606039E-02  -0.233364634E-02  -0.259077548E-02  -0.284752351E-02
  -0.310400499E-02  -0.336034384E-02  -0.361658598E-02  -0.387274575E-02
  -0.412881572E-02  -0.438472919E-02  -0.464038296E-02  -0.489567408E-02
  -0.515059355E-02  -0.540516432E-02  -0.565940518E-02  -0.591329154E-02
  -0.616678302E-02  -0.641983594E-02  -0.667240992E-02  -0.692446306E-02
  -0.717596739E-02  -0.742696568E-02  -0.767752822E-02  -0.792771629E-02
  -0.817751544E-02  -0.842688772E-02  -0.867580125E-02  -0.892426434E-02
  -0.917229817E-02  -0.941992391E-02  -0.966715270E-02  -0.991399381E-02
  -0.101604544E-01  -0.104065300E-01  -0.106522120E-01  -0.108974910E-01
  -0.111423546E-01  -0.113867890E-01  -0.116307932E-01  -0.118744228E-01
  -0.121177528E-01  -0.123608516E-01  -0.126037416E-01  -0.128464328E-01
  -0.130889377E-01  -0.133312795E-01  -0.135734846E-01  -0.138155815E-01
  -0.140576037E-01  -0.142995868E-01  -0.145415681E-01  -0.147835872E-01
  -0.150256851E-01  -0.152679012E-01  -0.155102632E-01  -0.157527956E-01
  -0.159955243E-01  -0.162384775E-01  -0.164816851E-01  -0.167251744E-01
  -0.169689619E-01  -0.172130610E-01  -0.174574850E-01  -0.177022480E-01
  -0.179473646E-01  -0.181928486E-01  -0.184387129E-01  -0.186849703E-01
  -0.189316335E-01  -0.191787165E-01  -0.194262339E-01  -0.196741994E-01
  -0.199226241E-01  -0.201715186E-01  -0.204208943E-01  -0.206707695E-01
  -0.209211638E-01  -0.211720977E-01  -0.214235946E-01  -0.216756785E-01
  -0.219283744E-01  -0.221817098E-01  -0.224357132E-01  -0.226904126E-01
  -0.229458329E-01  -0.232019986E-01  -0.234589359E-01  -0.237166790E-01
  -0.239752646E-01  -0.242347288E-01  -0.244951042E-01  -0.247564225E-01
  -0.250187180E-01  -0.252820334E-01  -0.255464143E-01  -0.258119054E-01
  -0.260785455E-01  -0.263463723E-01  -0.266154245E-01  -0.268857438E-01
  -0.271573732E-01  -0.274303569E-01  -0.277047427E-01  -0.279805797E-01
  -0.282579163E-01  -0.285367955E-01  -0.288172591E-01  -0.290993453E-01
  -0.293830767E-01  -0.296684713E-01  -0.299555510E-01  -0.302443523E-01
  -0.305349164E-01  -0.308273021E-01  -0.311216406E-01  -0.314180841E-01
  -0.317167643E-01  -0.320177166E-01  -0.323209514E-01  -0.326264401E-01
  -0.329339980E-01  -0.332433946E-01  -0.335544682E-01  -0.338673600E-01
  -0.341822924E-01  -0.344994156E-01  -0.348185660E-01  -0.351394942E-01
  -0.354618254E-01  -0.357846997E-01  -0.361071124E-01  -0.364281753E-01
  -0.367475605E-01  -0.370650793E-01  -0.373804982E-01  -0.376934123E-01
  -0.380033653E-01  -0.383102150E-01  -0.386151267E-01  -0.389196290E-01
  -0.392252935E-01  -0.395337349E-01  -0.398466108E-01
  -0.000000000E+00  -0.296901292E-03  -0.593698440E-03  -0.890282787E-03
  -0.118655341E-02  -0.148241714E-02  -0.177778852E-02  -0.207260501E-02
  -0.236688972E-02  -0.266073629E-02  -0.295427783E-02  -0.324761013E-02
  -0.354082397E-02  -0.383401037E-02  -0.412722103E-02  -0.442048934E-02
  -0.471382880E-02  -0.500719484E-02  -0.530050798E-02  -0.559368372E-02
  -0.588670201E-02  -0.617956129E-02  -0.647226044E-02  -0.676479930E-02
  -0.705717828E-02  -0.734938917E-02  -0.764138480E-02  -0.793310135E-02
  -0.822449342E-02  -0.851562189E-02  -0.880658707E-02  -0.909747816E-02
  -0.938828931E-02  -0.967898525E-02  -0.996953762E-02  -0.102599645E-01
  -0.105502986E-01  -0.108405683E-01  -0.111307717E-01  -0.114208974E-01
  -0.117109375E-01  -0.120009037E-01  -0.122908141E-01  -0.125806865E-01
  -0.128705355E-01  -0.131603754E-01  -0.134502214E-01  -0.137400911E-01
  -0.140300034E-01  -0.143199817E-01  -0.146100652E-01  -0.149002993E-01
  -0.151907270E-01  -0.154813724E-01  -0.157722553E-01  -0.160633968E-01
  -0.163548237E-01  -0.166465646E-01  -0.169386498E-01  -0.172311135E-01
  -0.175239918E-01  -0.178173200E-01  -0.181111259E-01  -0.184054358E-01
  -0.187002753E-01  -0.189956651E-01  -0.192916248E-01  -0.195881725E-01
  -0.198853201E-01  -0.201830779E-01  -0.204814553E-01  -0.207804618E-01
  -0.210801061E-01  -0.213803962E-01  -0.216813386E-01  -0.219829386E-01
  -0.222852015E-01  -0.225881337E-01  -0.228917417E-01  -0.231960316E-01
  -0.235010095E-01  -0.238066811E-01  -0.241130520E-01  -0.244201288E-01
  -0.247279178E-01  -0.250364260E-01  -0.253456651E-01  -0.256556477E-01
  -0.259663864E-01  -0.262778954E-01  -0.265901888E-01  -0.269032800E-01
  -0.272171788E-01  -0.275318940E-01  -0.278474357E-01  -0.281638202E-01
  -0.284810654E-01  -0.287991882E-01  -0.291182008E-01  -0.294381139E-01
  -0.297589403E-01  -0.300807009E-01  -0.304034192E-01  -0.307271177E-01
  -0.310518149E-01  -0.313775283E-01  -0.317042751E-01  -0.320320715E-01
  -0.323609334E-01  -0.326908757E-01  -0.330219103E-01  -0.333540479E-01
  -0.336872996E-01  -0.340216783E-01  -0.343571972E-01  -0.346938730E-01
  -0.350317362E-01  -0.353708215E-01  -0.357111619E-01  -0.360527827E-01
  -0.363957073E-01  -0.367399478E-01  -0.370854707E-01  -0.374322292E-01
  -0.377801781E-01  -0.381292865E-01  -0.384795259E-01  -0.388309039E-01
  -0.391835784E-01  -0.395377502E-01  -0.398936264E-01  -0.402514237E-01
  -0.406113657E-01  -0.409735657E-01  -0.413376711E-01  -0.417032003E-01
  -0.420695976E-01  -0.424360554E-01  -0.428016827E-01  -0.431656278E-01
  -0.435272749E-01  -0.438860574E-01  -0.442415340E-01  -0.445938143E-01
  -0.449431549E-01  -0.452900103E-01  -0.456356105E-01  -0.459814122E-01
  -0.463289129E-01  -0.466796504E-01  -0.470352035E-01
   0.000000000E+00   0.240496585E-04   0.481205491E-04   0.722407461E-04
   0.964265943E-04   0.120682709E-03   0.145001978E-03   0.169372906E-03
   0.193810072E-03   0.218346774E-03   0.243020930E-03   0.267841437E-03
   0.292802341E-03   0.317895797E-03   0.343133354E-03   0.368534633E-03
   0.394117777E-03   0.419883449E-03   0.445824547E-03   0.471933423E-03
   0.498212892E-03   0.524668948E-03   0.551307718E-03   0.578134901E-03
   0.605156160E-03   0.632376024E-03   0.659793748E-03   0.687406354E-03
   0.715213033E-03   0.743225821E-03   0.771461479E-03   0.799935062E-03
   0.828648822E-03   0.857600891E-03   0.886790390E-03   0.916223663E-03
   0.945909292E-03   0.975854079E-03   0.100605596E-02   0.103650980E-02
   0.106721404E-02   0.109818549E-02   0.112944710E-02   0.116101993E-02
   0.119291152E-02   0.122512565E-02   0.125766509E-02   0.129052917E-02
   0.132371585E-02   0.135722464E-02   0.139106361E-02   0.142524340E-02
   0.145977373E-02   0.149465930E-02   0.152990332E-02   0.156551020E-02
   0.160148969E-02   0.163785324E-02   0.167461224E-02   0.171177645E-02
   0.174935540E-02   0.178735892E-02   0.182579746E-02   0.186468182E-02
   0.190402275E-02   0.194383008E-02   0.198411349E-02   0.202488356E-02
   0.206615406E-02   0.210793993E-02   0.215025637E-02   0.219311854E-02
   0.223654183E-02   0.228054171E-02   0.232513275E-02   0.237032946E-02
   0.241614695E-02   0.246260171E-02   0.250971090E-02   0.255749174E-02
   0.260596058E-02   0.265513376E-02   0.270502814E-02   0.275566200E-02
   0.280705420E-02   0.285922378E-02   0.291218953E-02   0.296597034E-02
   0.302058560E-02   0.307605575E-02   0.313240177E-02   0.318964488E-02
   0.324780635E-02   0.330690767E-02   0.336697095E-02   0.342801967E-02
   0.349007796E-02   0.355317050E-02   0.361732304E-02   0.368256187E-02
   0.374891393E-02   0.381640717E-02   0.388507019E-02   0.395493220E-02
   0.402602335E-02   0.409837442E-02   0.417201732E-02   0.424698699E-02
   0.432331962E-02   0.440105253E-02   0.448022569E-02   0.456088030E-02
   0.464305848E-02   0.472680383E-02   0.481216088E-02   0.489917536E-02
   0.498789526E-02   0.507836983E-02   0.517065084E-02   0.526479766E-02
   0.536087251E-02   0.545894274E-02   0.555909291E-02   0.566141344E-02
   0.576599033E-02   0.587288540E-02   0.598215494E-02   0.609386579E-02
   0.620812554E-02   0.632505406E-02   0.644477857E-02   0.656744827E-02
   0.669322052E-02   0.682224730E-02   0.695464805E-02   0.709053538E-02
   0.723005339E-02   0.737346825E-02   0.752108245E-02   0.767320470E-02
   0.783014726E-02   0.799222847E-02   0.815976034E-02   0.833300782E-02
   0.851222744E-02   0.869771980E-02   0.888994989E-02   0.908943270E-02
   0.929669449E-02   0.951227269E-02   0.973671600E-02
  -0.000000000E+00  -0.324347641E-04  -0.648799500E-04  -0.973533389E-04
  -0.129860096E-03  -0.162392768E-03  -0.194931289E-03  -0.227450781E-03
  -0.259953904E-03  -0.292463048E-03  -0.325006168E-03  -0.357584164E-03
  -0.390184618E-03  -0.422793260E-03  -0.455410628E-03  -0.488043204E-03
  -0.520695085E-03  -0.553352454E-03  -0.585993007E-03  -0.618594092E-03
  -0.651147281E-03  -0.683648725E-03  -0.716094273E-03  -0.748475840E-03
  -0.780783957E-03  -0.813007888E-03  -0.845132757E-03  -0.877141659E-03
  -0.909019736E-03  -0.940764962E-03  -0.972379937E-03  -0.100386557E-02
  -0.103521046E-02  -0.106639918E-02  -0.109741759E-02  -0.112825999E-02
  -0.115892339E-02  -0.118940382E-02  -0.121969128E-02  -0.124977384E-02
  -0.127963928E-02  -0.130927546E-02  -0.133866999E-02  -0.136781062E-02
  -0.139668682E-02  -0.142528846E-02  -0.145360537E-02  -0.148162744E-02
  -0.150934454E-02  -0.153674684E-02  -0.156382601E-02  -0.159057416E-02
  -0.161698327E-02  -0.164304430E-02  -0.166874795E-02  -0.169408478E-02
  -0.171904485E-02  -0.174361802E-02  -0.176779412E-02  -0.179156297E-02
  -0.181491434E-02  -0.183783809E-02  -0.186032459E-02  -0.188236433E-02
  -0.190394852E-02  -0.192507123E-02  -0.194572748E-02  -0.196591182E-02
  -0.198561612E-02  -0.200483155E-02  -0.202354940E-02  -0.204176127E-02
  -0.205945890E-02  -0.207663400E-02  -0.209327799E-02  -0.210938223E-02
  -0.212493792E-02  -0.213993569E-02  -0.215436595E-02  -0.216821906E-02
  -0.218148523E-02  -0.219415457E-02  -0.220621690E-02  -0.221766093E-02
  -0.222847498E-02  -0.223864724E-02  -0.224816579E-02  -0.225701858E-02
  -0.226519324E-02  -0.227267647E-02  -0.227945458E-02  -0.228551374E-02
  -0.229083993E-02  -0.229541896E-02  -0.229923644E-02  -0.230227759E-02
  -0.230452742E-02  -0.230597035E-02  -0.230658912E-02  -0.230636584E-02
  -0.230528246E-02  -0.230332125E-02  -0.230046436E-02  -0.229669346E-02
  -0.229198900E-02  -0.228633088E-02  -0.227969841E-02  -0.227206944E-02
  -0.226342120E-02  -0.225373011E-02  -0.224297048E-02  -0.223111574E-02
  -0.221813880E-02  -0.220401176E-02  -0.218870620E-02  -0.217219331E-02
  -0.215444434E-02  -0.213543022E-02  -0.211511986E-02  -0.209347540E-02
  -0.207045671E-02  -0.204602068E-02  -0.202011455E-02  -0.199268217E-02
  -0.196366894E-02  -0.193303007E-02  -0.190072274E-02  -0.186670210E-02
  -0.183091688E-02  -0.179331352E-02  -0.175383869E-02  -0.171244287E-02
  -0.166907699E-02  -0.162368092E-02  -0.157615178E-02  -0.152637390E-02
  -0.147420124E-02  -0.141937230E-02  -0.136159067E-02  -0.130056811E-02
  -0.123607237E-02  -0.116788184E-02  -0.109580881E-02  -0.101981774E-02
  -0.939913009E-03  -0.856052350E-03  -0.767998968E-03  -0.675462080E-03
  -0.578144635E-03  -0.475743319E-03  -0.367948551E-03
  -0.000000000E+00  -0.601451426E-06  -0.240714251E-05  -0.541907846E-05
  -0.963926449E-05  -0.150697058E-04  -0.217124076E-04  -0.295693751E-04
  -0.386426135E-04  -0.489341280E-04  -0.604459239E-04  -0.731800063E-04
  -0.871383804E-04  -0.102323051E-03  -0.118736025E-03  -0.136379305E-03
  -0.155254898E-03  -0.175364809E-03  -0.196711043E-03  -0.219295605E-03
  -0.243120501E-03  -0.268187735E-03  -0.294499313E-03  -0.322062817E-03
  -0.350884493E-03  -0.380961179E-03  -0.412293799E-03  -0.444884375E-03
  -0.478736210E-03  -0.513858219E-03  -0.550261638E-03  -0.587955557E-03
  -0.626936363E-03  -0.667195997E-03  -0.708730378E-03  -0.751556843E-03
  -0.795700191E-03  -0.841180724E-03  -0.887992092E-03  -0.936119351E-03
  -0.985550284E-03  -0.103629076E-02  -0.108835203E-02  -0.114174414E-02
  -0.119646964E-02  -0.125252887E-02  -0.130992216E-02  -0.136865069E-02
  -0.142871574E-02  -0.149012042E-02  -0.155287591E-02  -0.161699609E-02
  -0.168249138E-02  -0.174935531E-02  -0.181757611E-02  -0.188714580E-02
  -0.195807558E-02  -0.203038242E-02  -0.210408017E-02  -0.217916686E-02
  -0.225563592E-02  -0.233348115E-02  -0.241270009E-02  -0.249329108E-02
  -0.257525230E-02  -0.265858215E-02  -0.274327892E-02  -0.282934014E-02
  -0.291676081E-02  -0.300553500E-02  -0.309565655E-02  -0.318711980E-02
  -0.327991892E-02  -0.337404754E-02  -0.346949800E-02  -0.356626198E-02
  -0.366433097E-02  -0.376369693E-02  -0.386435170E-02  -0.396628666E-02
  -0.406949249E-02  -0.417395940E-02  -0.427967757E-02  -0.438663831E-02
  -0.449483296E-02  -0.460425259E-02  -0.471488788E-02  -0.482672918E-02
  -0.493976655E-02  -0.505398965E-02  -0.516938782E-02  -0.528594988E-02
  -0.540366349E-02  -0.552251574E-02  -0.564249396E-02  -0.576358750E-02
  -0.588578610E-02  -0.600907786E-02  -0.613344491E-02  -0.625886741E-02
  -0.638532549E-02  -0.651280068E-02  -0.664127456E-02  -0.677072710E-02
  -0.690113306E-02  -0.703246538E-02  -0.716469595E-02  -0.729779482E-02
  -0.743173099E-02  -0.756647273E-02  -0.770198779E-02  -0.783824325E-02
  -0.797520330E-02  -0.811282281E-02  -0.825105336E-02  -0.838984135E-02
  -0.852911572E-02  -0.866879946E-02  -0.880881560E-02  -0.894909366E-02
  -0.908956359E-02  -0.923015411E-02  -0.937079384E-02  -0.951141024E-02
  -0.965191995E-02  -0.979220038E-02  -0.993211651E-02  -0.100715128E-01
  -0.102101610E-01  -0.103478091E-01  -0.104841829E-01  -0.106189366E-01
  -0.107516995E-01  -0.108821729E-01  -0.110103816E-01  -0.111364360E-01
  -0.112604848E-01  -0.113828152E-01  -0.115037576E-01  -0.116235769E-01
  -0.117422375E-01  -0.118596261E-01  -0.119756499E-01  -0.120903071E-01
  -0.122036198E-01  -0.123152256E-01  -0.124231957E-01  -0.125251580E-01
  -0.126186781E-01  -0.127012591E-01  -0.127703418E-01
  -0.000000000E+00  -0.823895579E-06  -0.330161891E-05  -0.744222489E-05
  -0.132547684E-04  -0.207483044E-04  -0.299318877E-04  -0.408145732E-04
  -0.534054158E-04  -0.677134705E-04  -0.837477920E-04  -0.101517435E-03
  -0.121031455E-03  -0.142298907E-03  -0.165328845E-03  -0.190130325E-03
  -0.216712400E-03  -0.245084127E-03  -0.275254560E-03  -0.307232754E-03
  -0.341027764E-03  -0.376648645E-03  -0.414104451E-03  -0.453431030E-03
  -0.494658192E-03  -0.537803522E-03  -0.582877274E-03  -0.629886938E-03
  -0.678843200E-03  -0.729773849E-03  -0.782713195E-03  -0.837696541E-03
  -0.894754977E-03  -0.953919452E-03  -0.101522246E-02  -0.107869865E-02
  -0.114438435E-02  -0.121231157E-02  -0.128248941E-02  -0.135491922E-02
  -0.142960489E-02  -0.150656828E-02  -0.158583643E-02  -0.166744126E-02
  -0.175143304E-02  -0.183786910E-02  -0.192680451E-02  -0.201827546E-02
  -0.211231338E-02  -0.220895198E-02  -0.230823348E-02  -0.241020326E-02
  -0.251490909E-02  -0.262240480E-02  -0.273274708E-02  -0.284599064E-02
  -0.296217621E-02  -0.308134103E-02  -0.320352363E-02  -0.332876761E-02
  -0.345711835E-02  -0.358862176E-02  -0.372332407E-02  -0.386127206E-02
  -0.400251248E-02  -0.414709018E-02  -0.429504981E-02  -0.444643488E-02
  -0.460128318E-02  -0.475963086E-02  -0.492151481E-02  -0.508697537E-02
  -0.525605385E-02  -0.542879259E-02  -0.560523774E-02  -0.578543670E-02
  -0.596943818E-02  -0.615729476E-02  -0.634906056E-02  -0.654479130E-02
  -0.674454716E-02  -0.694839018E-02  -0.715638423E-02  -0.736859769E-02
  -0.758510105E-02  -0.780596696E-02  -0.803127333E-02  -0.826110051E-02
  -0.849553119E-02  -0.873465298E-02  -0.897855603E-02  -0.922733189E-02
  -0.948107246E-02  -0.973987098E-02  -0.100038242E-01  -0.102730380E-01
  -0.105476224E-01  -0.108276889E-01  -0.111133498E-01  -0.114047189E-01
  -0.117019150E-01  -0.120050696E-01  -0.123143199E-01  -0.126298054E-01
  -0.129516669E-01  -0.132800475E-01  -0.136150941E-01  -0.139569603E-01
  -0.143058036E-01  -0.146617852E-01  -0.150250733E-01  -0.153958398E-01
  -0.157742619E-01  -0.161605274E-01  -0.165548297E-01  -0.169573703E-01
  -0.173683736E-01  -0.177880732E-01  -0.182167080E-01  -0.186545240E-01
  -0.191017726E-01  -0.195587046E-01  -0.200255547E-01  -0.205025559E-01
  -0.209899590E-01  -0.214880754E-01  -0.219972363E-01  -0.225178129E-01
  -0.230503180E-01  -0.235953098E-01  -0.241533557E-01  -0.247250221E-01
  -0.253108840E-01  -0.259114051E-01  -0.265265616E-01  -0.271561978E-01
  -0.278000500E-01  -0.284574447E-01  -0.291275845E-01  -0.298097979E-01
  -0.305040102E-01  -0.312102973E-01  -0.319288267E-01  -0.326601407E-01
  -0.334048873E-01  -0.341640859E-01  -0.349402147E-01  -0.357361772E-01
  -0.365549504E-01  -0.373995849E-01  -0.382732049E-01
   0.000000000E+00   0.749581285E-07   0.299383971E-06   0.672604711E-06
   0.119394754E-05   0.186273963E-05   0.267830817E-05   0.363998036E-05
   0.474708336E-05   0.599894438E-05   0.739489059E-05   0.893424917E-05
   0.106163473E-04   0.124405122E-04   0.144060710E-04   0.165123510E-04
   0.187586792E-04   0.211443830E-04   0.236687894E-04   0.263312256E-04
   0.291310190E-04   0.320674965E-04   0.351399854E-04   0.383429072E-04
   0.416711316E-04   0.451324532E-04   0.487250983E-04   0.524442369E-04
   0.562845059E-04   0.602402349E-04   0.643052741E-04   0.684749836E-04
   0.727529187E-04   0.771456008E-04   0.816565536E-04   0.862732198E-04
   0.909774280E-04   0.957543186E-04   0.100608811E-03   0.105552182E-03
   0.110592642E-03   0.115720692E-03   0.120921249E-03   0.126180879E-03
   0.131496973E-03   0.136870042E-03   0.142300109E-03   0.147783958E-03
   0.153317469E-03   0.158895383E-03   0.164507940E-03   0.170143763E-03
   0.175793043E-03   0.181454376E-03   0.187128845E-03   0.192815399E-03
   0.198502890E-03   0.204177026E-03   0.209825302E-03   0.215444817E-03
   0.221035406E-03   0.226595693E-03   0.232118292E-03   0.237594054E-03
   0.243013866E-03   0.248369624E-03   0.253653365E-03   0.258856931E-03
   0.263971852E-03   0.268989449E-03   0.273900827E-03   0.278696735E-03
   0.283367694E-03   0.287904304E-03   0.292298091E-03   0.296540746E-03
   0.300623169E-03   0.304533335E-03   0.308258232E-03   0.311785367E-03
   0.315105374E-03   0.318209640E-03   0.321088455E-03   0.323727796E-03
   0.326112260E-03   0.328226800E-03   0.330058944E-03   0.331596757E-03
   0.332827843E-03   0.333738405E-03   0.334314108E-03   0.334540315E-03
   0.334401929E-03   0.333883540E-03   0.332969279E-03   0.331642211E-03
   0.329884892E-03   0.327679594E-03   0.325008363E-03   0.321852959E-03
   0.318194826E-03   0.314015036E-03   0.309294340E-03   0.304012888E-03
   0.298149337E-03   0.291681683E-03   0.284587456E-03   0.276843434E-03
   0.268425911E-03   0.259310548E-03   0.249471640E-03   0.238882806E-03
   0.227517185E-03   0.215347355E-03   0.202345414E-03   0.188482698E-03
   0.173728841E-03   0.158052659E-03   0.141422285E-03   0.123804678E-03
   0.105166081E-03   0.854703878E-04   0.646736078E-04   0.427290699E-04
   0.195924955E-04  -0.476788225E-05  -0.303808518E-04  -0.572796068E-04
  -0.855144135E-04  -0.115140660E-03  -0.146217260E-03  -0.178814234E-03
  -0.213005546E-03  -0.248852331E-03  -0.286359017E-03  -0.325514828E-03
  -0.366338075E-03  -0.408968416E-03  -0.453579475E-03  -0.500285836E-03
  -0.548949554E-03  -0.599363632E-03  -0.651413393E-03  -0.705379069E-03
  -0.761648556E-03  -0.820537290E-03  -0.882036186E-03  -0.946051182E-03
  -0.101248461E-02  -0.108123521E-02  -0.115219808E-02
  -0.000000000E+00  -0.135305567E-06  -0.542673706E-06  -0.122428158E-05
  -0.218230634E-05  -0.341892514E-05  -0.493631516E-05  -0.673665353E-05
  -0.882211744E-05  -0.111948840E-04  -0.138571304E-04  -0.168110339E-04
  -0.200587714E-04  -0.236025203E-04  -0.274444577E-04  -0.315867607E-04
  -0.360316065E-04  -0.407811722E-04  -0.458376351E-04  -0.512031722E-04
  -0.568799607E-04  -0.628701779E-04  -0.691760007E-04  -0.758105337E-04
  -0.827854298E-04  -0.900974675E-04  -0.977408453E-04  -0.105707960E-03
  -0.113995087E-03  -0.122620075E-03  -0.131608887E-03  -0.140982617E-03
  -0.150731513E-03  -0.160835298E-03  -0.171279032E-03  -0.182080294E-03
  -0.193267436E-03  -0.204865191E-03  -0.216873819E-03  -0.229286105E-03
  -0.242097063E-03  -0.255315368E-03  -0.268953888E-03  -0.283024089E-03
  -0.297529026E-03  -0.312469225E-03  -0.327845969E-03  -0.343665061E-03
  -0.359933624E-03  -0.376660684E-03  -0.393862572E-03  -0.411558284E-03
  -0.429764091E-03  -0.448481690E-03  -0.467708460E-03  -0.487445306E-03
  -0.507709964E-03  -0.528525384E-03  -0.549911840E-03  -0.571874926E-03
  -0.594416109E-03  -0.617538687E-03  -0.641254909E-03  -0.665579676E-03
  -0.690527769E-03  -0.716112055E-03  -0.742345085E-03  -0.769239680E-03
  -0.796809035E-03  -0.825066624E-03  -0.854026719E-03  -0.883706072E-03
  -0.914122400E-03  -0.945292868E-03  -0.977231017E-03  -0.100994953E-02
  -0.104346289E-02  -0.107779248E-02  -0.111296199E-02  -0.114899417E-02
  -0.118590601E-02  -0.122371316E-02  -0.126243347E-02  -0.130209331E-02
  -0.134272179E-02  -0.138434763E-02  -0.142699555E-02  -0.147068953E-02
  -0.151545475E-02  -0.156131972E-02  -0.160831432E-02  -0.165646912E-02
  -0.170581577E-02  -0.175638664E-02  -0.180821519E-02  -0.186133732E-02
  -0.191579008E-02  -0.197161194E-02  -0.202884459E-02  -0.208753128E-02
  -0.214771588E-02  -0.220944221E-02  -0.227275469E-02  -0.233769964E-02
  -0.240432861E-02  -0.247269532E-02  -0.254285506E-02  -0.261486639E-02
  -0.268878957E-02  -0.276468715E-02  -0.284262723E-02  -0.292268043E-02
  -0.300491847E-02  -0.308941308E-02  -0.317623706E-02  -0.326546604E-02
  -0.335718304E-02  -0.345147421E-02  -0.354843073E-02  -0.364815920E-02
  -0.375077187E-02  -0.385638639E-02  -0.396513495E-02  -0.407715569E-02
  -0.419258745E-02  -0.431156284E-02  -0.443421481E-02  -0.456067788E-02
  -0.469108532E-02  -0.482557184E-02  -0.496429262E-02  -0.510747879E-02
  -0.525538503E-02  -0.540825828E-02  -0.556629672E-02  -0.572968859E-02
  -0.589862273E-02  -0.607328033E-02  -0.625384275E-02  -0.644048537E-02
  -0.663335078E-02  -0.683257417E-02  -0.703827005E-02  -0.725046496E-02
  -0.746916131E-02  -0.769461906E-02  -0.792815005E-02  -0.817136313E-02
  -0.842590773E-02  -0.869347389E-02  -0.897579226E-02
   0.000000000E+00   0.252819763E-04   0.505616559E-04   0.758401135E-04
   0.101112644E-03   0.126368764E-03   0.151592211E-03   0.176765565E-03
   0.201889407E-03   0.226977693E-03   0.252052974E-03   0.277140782E-03
   0.302271993E-03   0.327475671E-03   0.352748930E-03   0.378072963E-03
   0.403427646E-03   0.428817968E-03   0.454257983E-03   0.479761043E-03
   0.505328976E-03   0.530959246E-03   0.556649366E-03   0.582402232E-03
   0.608222378E-03   0.634114483E-03   0.660083225E-03   0.686133386E-03
   0.712270168E-03   0.738500054E-03   0.764830154E-03   0.791268529E-03
   0.817826072E-03   0.844515035E-03   0.871347404E-03   0.898331360E-03
   0.925474106E-03   0.952780713E-03   0.980247091E-03   0.100786571E-02
   0.103563497E-02   0.106358243E-02   0.109174558E-02   0.112015840E-02
   0.114883063E-02   0.117776516E-02   0.120696208E-02   0.123641176E-02
   0.126610073E-02   0.129602291E-02   0.132620854E-02   0.135669934E-02
   0.138753386E-02   0.141872890E-02   0.145029557E-02   0.148224523E-02
   0.151459025E-02   0.154734329E-02   0.158051788E-02   0.161413072E-02
   0.164819961E-02   0.168274347E-02   0.171778455E-02   0.175334646E-02
   0.178945174E-02   0.182611648E-02   0.186335508E-02   0.190118336E-02
   0.193962276E-02   0.197869656E-02   0.201842777E-02   0.205883663E-02
   0.209994286E-02   0.214176684E-02   0.218433096E-02   0.222765842E-02
   0.227177305E-02   0.231670019E-02   0.236246589E-02   0.240909740E-02
   0.245662545E-02   0.250508212E-02   0.255449955E-02   0.260490779E-02
   0.265633674E-02   0.270881825E-02   0.276239074E-02   0.281709498E-02
   0.287297258E-02   0.293006576E-02   0.298841755E-02   0.304807245E-02
   0.310907806E-02   0.317148357E-02   0.323533937E-02   0.330069758E-02
   0.336761159E-02   0.343613705E-02   0.350633563E-02   0.357827158E-02
   0.365201091E-02   0.372762264E-02   0.380517768E-02   0.388474951E-02
   0.396641776E-02   0.405026491E-02   0.413637608E-02   0.422484183E-02
   0.431575551E-02   0.440921338E-02   0.450531749E-02   0.460417294E-02
   0.470588816E-02   0.481057841E-02   0.491836247E-02   0.502936490E-02
   0.514372631E-02   0.526159375E-02   0.538312151E-02   0.550848408E-02
   0.563786398E-02   0.577144646E-02   0.590941572E-02   0.605195843E-02
   0.619926696E-02   0.635154541E-02   0.650900388E-02   0.667187664E-02
   0.684048339E-02   0.701517144E-02   0.719630228E-02   0.738427080E-02
   0.757948717E-02   0.778232189E-02   0.799295689E-02   0.821152640E-02
   0.843811845E-02   0.867263276E-02   0.891491530E-02   0.916487158E-02
   0.942267291E-02   0.968856084E-02   0.996284385E-02   0.102460909E-01
   0.105389476E-01   0.108422901E-01   0.111578845E-01   0.114877600E-01
   0.118339958E-01   0.121987216E-01   0.125841169E-01
   0.000000000E+00   0.279680249E-04   0.559270212E-04   0.838695333E-04
   0.111785409E-03   0.139661799E-03   0.167483160E-03   0.195237500E-03
   0.222942283E-03   0.250638177E-03   0.278371309E-03   0.306142809E-03
   0.333930062E-03   0.361707606E-03   0.389484317E-03   0.417283633E-03
   0.445128873E-03   0.473022316E-03   0.500957903E-03   0.528927200E-03
   0.556921913E-03   0.584932223E-03   0.612950505E-03   0.640986045E-03
   0.669054698E-03   0.697169041E-03   0.725318876E-03   0.753485565E-03
   0.781654056E-03   0.809834684E-03   0.838046588E-03   0.866306344E-03
   0.894611023E-03   0.922951442E-03   0.951319658E-03   0.979717452E-03
   0.100814954E-02   0.103661993E-02   0.106512811E-02   0.109367215E-02
   0.112224849E-02   0.115084761E-02   0.117945762E-02   0.120806990E-02
   0.123669317E-02   0.126534168E-02   0.129402689E-02   0.132274428E-02
   0.135148451E-02   0.138023850E-02   0.140900062E-02   0.143776596E-02
   0.146652953E-02   0.149528714E-02   0.152403466E-02   0.155276764E-02
   0.158148107E-02   0.161016958E-02   0.163882768E-02   0.166745007E-02
   0.169603139E-02   0.172456566E-02   0.175304504E-02   0.178146099E-02
   0.180980478E-02   0.183806814E-02   0.186624272E-02   0.189431933E-02
   0.192228616E-02   0.195013042E-02   0.197783927E-02   0.200540131E-02
   0.203280526E-02   0.206003916E-02   0.208708926E-02   0.211394101E-02
   0.214057934E-02   0.216698844E-02   0.219315194E-02   0.221905294E-02
   0.224467367E-02   0.226999580E-02   0.229500051E-02   0.231966854E-02
   0.234398016E-02   0.236791466E-02   0.239144891E-02   0.241455865E-02
   0.243721914E-02   0.245940537E-02   0.248109181E-02   0.250225199E-02
   0.252285723E-02   0.254287781E-02   0.256228340E-02   0.258104342E-02
   0.259912672E-02   0.261650066E-02   0.263312861E-02   0.264897227E-02
   0.266399270E-02   0.267815120E-02   0.269140848E-02   0.270372403E-02
   0.271505470E-02   0.272535600E-02   0.273458179E-02   0.274268187E-02
   0.274960422E-02   0.275529479E-02   0.275969456E-02   0.276274230E-02
   0.276437607E-02   0.276453507E-02   0.276315794E-02   0.276018381E-02
   0.275555750E-02   0.274922464E-02   0.274112505E-02   0.273117731E-02
   0.271929322E-02   0.270537210E-02   0.268926804E-02   0.267082072E-02
   0.264987791E-02   0.262633240E-02   0.260008724E-02   0.257106507E-02
   0.253927333E-02   0.250474275E-02   0.246747450E-02   0.242734241E-02
   0.238418535E-02   0.233783973E-02   0.228814278E-02   0.223492943E-02
   0.217806034E-02   0.211751043E-02   0.205328504E-02   0.198533712E-02
   0.191340168E-02   0.183715280E-02   0.175632131E-02   0.167089143E-02
   0.158091409E-02   0.148629711E-02   0.138635779E-02   0.128024809E-02
   0.116709907E-02   0.104602086E-02   0.916102688E-03
  -0.000000000E+00  -0.521113174E-05  -0.104217964E-04  -0.156325167E-04
  -0.208421186E-04  -0.260477308E-04  -0.312447852E-04  -0.364282424E-04
  -0.415976692E-04  -0.467560131E-04  -0.519067606E-04  -0.570464650E-04
  -0.621678927E-04  -0.672637258E-04  -0.723342612E-04  -0.773833152E-04
  -0.824141948E-04  -0.874219026E-04  -0.923978696E-04  -0.973335862E-04
  -0.102226357E-03  -0.107075494E-03  -0.111880192E-03  -0.116637440E-03
  -0.121343489E-03  -0.125994411E-03  -0.130586070E-03  -0.135114144E-03
  -0.139574784E-03  -0.143966768E-03  -0.148289860E-03  -0.152543070E-03
  -0.156720957E-03  -0.160816520E-03  -0.164823193E-03  -0.168737878E-03
  -0.172558516E-03  -0.176282931E-03  -0.179907917E-03  -0.183429984E-03
  -0.186845527E-03  -0.190150538E-03  -0.193340850E-03  -0.196413051E-03
  -0.199367146E-03  -0.202204328E-03  -0.204925195E-03  -0.207526645E-03
  -0.210004514E-03  -0.212353711E-03  -0.214565658E-03  -0.216630487E-03
  -0.218539227E-03  -0.220288269E-03  -0.221875502E-03  -0.223299166E-03
  -0.224558525E-03  -0.225653280E-03  -0.226582755E-03  -0.227343987E-03
  -0.227933406E-03  -0.228347364E-03  -0.228581961E-03  -0.228633200E-03
  -0.228496908E-03  -0.228168315E-03  -0.227642432E-03  -0.226914421E-03
  -0.225980358E-03  -0.224836554E-03  -0.223479248E-03  -0.221904401E-03
  -0.220107881E-03  -0.218085349E-03  -0.215831692E-03  -0.213341533E-03
  -0.210609620E-03  -0.207631474E-03  -0.204402802E-03  -0.200918865E-03
  -0.197173159E-03  -0.193158615E-03  -0.188868620E-03  -0.184298891E-03
  -0.179445762E-03  -0.174305373E-03  -0.168872986E-03  -0.163143611E-03
  -0.157112222E-03  -0.150773751E-03  -0.144123093E-03  -0.137155096E-03
  -0.129864515E-03  -0.122246054E-03  -0.114294670E-03  -0.106006482E-03
  -0.973779345E-04  -0.884052717E-04  -0.790838255E-04  -0.694086773E-04
  -0.593753541E-04  -0.489812674E-04  -0.382243770E-04  -0.271025573E-04
  -0.156130566E-04  -0.375300043E-05   0.848019420E-05   0.210880727E-04
   0.340718385E-04   0.474322276E-04   0.611683923E-04   0.752789443E-04
   0.897623028E-04   0.104616669E-03   0.119840049E-03   0.135430068E-03
   0.151383370E-03   0.167696179E-03   0.184363997E-03   0.201380080E-03
   0.218736867E-03   0.236423459E-03   0.254416373E-03   0.272688240E-03
   0.291209360E-03   0.309943396E-03   0.328851434E-03   0.347902540E-03
   0.367101874E-03   0.386464166E-03   0.405982839E-03   0.425563116E-03
   0.445085215E-03   0.464444784E-03   0.483610820E-03   0.502570881E-03
   0.521356796E-03   0.540180323E-03   0.559304668E-03   0.578945927E-03
   0.599105371E-03   0.619728481E-03   0.640791125E-03   0.662397701E-03
   0.684687967E-03   0.707584244E-03   0.730115793E-03   0.751060883E-03
   0.769164884E-03   0.783140264E-03   0.791666591E-03
   0.000000000E+00   0.614515492E-05   0.122882382E-04   0.184282567E-04
   0.245623684E-04   0.306858821E-04   0.367922578E-04   0.428741280E-04
   0.489275296E-04   0.549508825E-04   0.609437092E-04   0.669045416E-04
   0.728318020E-04   0.787235868E-04   0.845752885E-04   0.903808608E-04
   0.961338539E-04   0.101829091E-03   0.107461650E-03   0.113026516E-03
   0.118518825E-03   0.123933704E-03   0.129266225E-03   0.134511473E-03
   0.139664504E-03   0.144720126E-03   0.149672262E-03   0.154514422E-03
   0.159240217E-03   0.163844480E-03   0.168322414E-03   0.172669415E-03
   0.176881522E-03   0.180955069E-03   0.184886386E-03   0.188671282E-03
   0.192305462E-03   0.195785138E-03   0.199108519E-03   0.202274592E-03
   0.205280384E-03   0.208113554E-03   0.210758529E-03   0.213200411E-03
   0.215430460E-03   0.217441495E-03   0.219227286E-03   0.220785826E-03
   0.222116551E-03   0.223218752E-03   0.224089664E-03   0.224726104E-03
   0.225124828E-03   0.225281822E-03   0.225192916E-03   0.224853109E-03
   0.224253773E-03   0.223385093E-03   0.222237672E-03   0.220804883E-03
   0.219080797E-03   0.217059349E-03   0.214733955E-03   0.212097846E-03
   0.209144913E-03   0.205871975E-03   0.202276759E-03   0.198356207E-03
   0.194103394E-03   0.189510288E-03   0.184568899E-03   0.179271885E-03
   0.173612010E-03   0.167582204E-03   0.161176336E-03   0.154388521E-03
   0.147212441E-03   0.139640012E-03   0.131662598E-03   0.123271951E-03
   0.114461837E-03   0.105226559E-03   0.955596911E-04   0.854517633E-04
   0.748923768E-04   0.638713086E-04   0.523796606E-04   0.404088063E-04
   0.279498132E-04   0.149927798E-04   0.152744473E-05  -0.124564926E-04
  -0.269690307E-04  -0.420201803E-04  -0.576203038E-04  -0.737808261E-04
  -0.905135772E-04  -0.107830721E-03  -0.125745230E-03  -0.144270445E-03
  -0.163419928E-03  -0.183207471E-03  -0.203647087E-03  -0.224753100E-03
  -0.246540432E-03  -0.269024335E-03  -0.292220701E-03  -0.316147294E-03
  -0.340822605E-03  -0.366265916E-03  -0.392498727E-03  -0.419543425E-03
  -0.447422609E-03  -0.476158409E-03  -0.505773126E-03  -0.536289342E-03
  -0.567729614E-03  -0.600116764E-03  -0.633475682E-03  -0.667838556E-03
  -0.703239961E-03  -0.739718752E-03  -0.777329005E-03  -0.816129723E-03
  -0.856177949E-03  -0.897518413E-03  -0.940193284E-03  -0.984242091E-03
  -0.102969129E-02  -0.107656411E-02  -0.112489434E-02  -0.117475839E-02
  -0.122624497E-02  -0.127943850E-02  -0.133439945E-02  -0.139118294E-02
  -0.144984836E-02  -0.151046986E-02  -0.157312641E-02  -0.163791205E-02
  -0.170497717E-02  -0.177448932E-02  -0.184654686E-02  -0.192095564E-02
  -0.199744097E-02  -0.207591178E-02  -0.215704762E-02  -0.224174076E-02
  -0.233090681E-02  -0.242548463E-02  -0.252643638E-02
   0.000000000E+00   0.148954180E-06   0.597255912E-06   0.134706399E-05
   0.240053719E-05   0.375983432E-05   0.542711416E-05   0.740453550E-05
   0.969425713E-05   0.122984378E-04   0.152192364E-04   0.184588117E-04
   0.220193224E-04   0.259029273E-04   0.301117853E-04   0.346480550E-04
   0.395138954E-04   0.447114652E-04   0.502429232E-04   0.561104281E-04
   0.623161388E-04   0.688622141E-04   0.757508127E-04   0.829911104E-04
   0.905908437E-04   0.985572040E-04   0.106893461E-03   0.115601595E-03
   0.124683809E-03   0.134144240E-03   0.143987658E-03   0.154220294E-03
   0.164854116E-03   0.175903487E-03   0.187381697E-03   0.199293729E-03
   0.211642049E-03   0.224430482E-03   0.237669920E-03   0.251373671E-03
   0.265553473E-03   0.280212113E-03   0.295349540E-03   0.310967925E-03
   0.327080804E-03   0.343705402E-03   0.360857685E-03   0.378545320E-03
   0.396773657E-03   0.415549303E-03   0.434884760E-03   0.454794445E-03
   0.475295527E-03   0.496414973E-03   0.518183448E-03   0.540627416E-03
   0.563751072E-03   0.587552114E-03   0.612031905E-03   0.637209974E-03
   0.663111268E-03   0.689759719E-03   0.717172090E-03   0.745363421E-03
   0.774348980E-03   0.804144413E-03   0.834765612E-03   0.866228484E-03
   0.898548377E-03   0.931740591E-03   0.965820733E-03   0.100080526E-02
   0.103671098E-02   0.107355502E-02   0.111135524E-02   0.115012983E-02
   0.118989742E-02   0.123067774E-02   0.127249097E-02   0.131535814E-02
   0.135930276E-02   0.140434926E-02   0.145052250E-02   0.149784753E-02
   0.154634981E-02   0.159605572E-02   0.164699419E-02   0.169919525E-02
   0.175268983E-02   0.180751084E-02   0.186369218E-02   0.192126831E-02
   0.198027392E-02   0.204074423E-02   0.210271539E-02   0.216622542E-02
   0.223131337E-02   0.229801944E-02   0.236638652E-02   0.243645880E-02
   0.250828155E-02   0.258190199E-02   0.265736849E-02   0.273473054E-02
   0.281403949E-02   0.289534786E-02   0.297870924E-02   0.306417859E-02
   0.315181196E-02   0.324166673E-02   0.333380251E-02   0.342828032E-02
   0.352516282E-02   0.362451619E-02   0.372640837E-02   0.383090958E-02
   0.393809564E-02   0.404804483E-02   0.416083467E-02   0.427653521E-02
   0.439521535E-02   0.451694657E-02   0.464180801E-02   0.476988173E-02
   0.490125644E-02   0.503604395E-02   0.517436369E-02   0.531633160E-02
   0.546204234E-02   0.561158607E-02   0.576506249E-02   0.592260621E-02
   0.608436277E-02   0.625044665E-02   0.642083775E-02   0.659547931E-02
   0.677425818E-02   0.695684252E-02   0.714283556E-02   0.733189777E-02
   0.752396096E-02   0.771902529E-02   0.791708893E-02   0.811814385E-02
   0.832217983E-02   0.852924798E-02   0.873965079E-02   0.895376152E-02
   0.917196289E-02   0.939464705E-02   0.962221559E-02
   0.000000000E+00   0.176025315E-06   0.706284835E-06   0.159405393E-05
   0.284260795E-05   0.445522228E-05   0.643517227E-05   0.878573329E-05
   0.115101807E-04   0.146117899E-04   0.180938362E-04   0.219595949E-04
   0.262123416E-04   0.308553514E-04   0.358918999E-04   0.413252622E-04
   0.471587139E-04   0.533955303E-04   0.600389867E-04   0.670923585E-04
   0.745589211E-04   0.824419498E-04   0.907447200E-04   0.994804645E-04
   0.108660233E-03   0.118292190E-03   0.128379820E-03   0.138924933E-03
   0.149930749E-03   0.161408315E-03   0.173371623E-03   0.185835340E-03
   0.198813330E-03   0.212319811E-03   0.226368850E-03   0.240971359E-03
   0.256137497E-03   0.271875813E-03   0.288187670E-03   0.305071789E-03
   0.322528435E-03   0.340567564E-03   0.359202077E-03   0.378446975E-03
   0.398324379E-03   0.418859319E-03   0.440076395E-03   0.461993959E-03
   0.484629055E-03   0.507998679E-03   0.532118192E-03   0.557002681E-03
   0.582668419E-03   0.609135969E-03   0.636427496E-03   0.664565076E-03
   0.693568334E-03   0.723456506E-03   0.754248704E-03   0.785962491E-03
   0.818615134E-03   0.852224797E-03   0.886812900E-03   0.922402031E-03
   0.959014640E-03   0.996671230E-03   0.103539197E-02   0.107519660E-02
   0.111610249E-02   0.115812636E-02   0.120128524E-02   0.124559751E-02
   0.129108193E-02   0.133775798E-02   0.138564772E-02   0.143477412E-02
   0.148516067E-02   0.153683226E-02   0.158981440E-02   0.164413331E-02
   0.169981690E-02   0.175689386E-02   0.181539373E-02   0.187534792E-02
   0.193678878E-02   0.199974961E-02   0.206426589E-02   0.213037418E-02
   0.219811199E-02   0.226751866E-02   0.233863455E-02   0.241150065E-02
   0.248615820E-02   0.256264903E-02   0.264101643E-02   0.272130732E-02
   0.280357025E-02   0.288785460E-02   0.297421040E-02   0.306268851E-02
   0.315334202E-02   0.324623037E-02   0.334141552E-02   0.343896057E-02
   0.353892953E-02   0.364138752E-02   0.374640125E-02   0.385404021E-02
   0.396437553E-02   0.407747971E-02   0.419342684E-02   0.431229240E-02
   0.443415472E-02   0.455909983E-02   0.468721696E-02   0.481860018E-02
   0.495335838E-02   0.509160594E-02   0.523345880E-02   0.537903207E-02
   0.552844228E-02   0.568180394E-02   0.583921676E-02   0.600077770E-02
   0.616659247E-02   0.633679840E-02   0.651154287E-02   0.669100083E-02
   0.687545060E-02   0.706520233E-02   0.726058531E-02   0.746198370E-02
   0.766980280E-02   0.788434879E-02   0.810549621E-02   0.833300255E-02
   0.856655854E-02   0.880561458E-02   0.904954514E-02   0.929782286E-02
   0.955037990E-02   0.980726526E-02   0.100685217E-01   0.103341652E-01
   0.106042044E-01   0.108789849E-01   0.111602214E-01   0.114500166E-01
   0.117505284E-01   0.120639699E-01   0.123926093E-01
  -0.000000000E+00  -0.373077582E-07  -0.149693654E-06  -0.337851618E-06
  -0.602475583E-06  -0.944259480E-06  -0.136389724E-05  -0.186208279E-05
  -0.243951008E-05  -0.309687302E-05  -0.383486554E-05  -0.465418159E-05
  -0.555551510E-05  -0.653955998E-05  -0.760701018E-05  -0.875855963E-05
  -0.999490226E-05  -0.113167320E-04  -0.127247428E-04  -0.142196285E-04
  -0.158020832E-04  -0.174728007E-04  -0.192324749E-04  -0.210870177E-04
  -0.230418782E-04  -0.251110875E-04  -0.272924979E-04  -0.295784121E-04
  -0.319623142E-04  -0.344478167E-04  -0.370418527E-04  -0.397510963E-04
  -0.425785360E-04  -0.455261550E-04  -0.485955822E-04  -0.517870169E-04
  -0.551000891E-04  -0.585357923E-04  -0.621016928E-04  -0.658076831E-04
  -0.696617223E-04  -0.736611062E-04  -0.777996966E-04  -0.820736706E-04
  -0.864915823E-04  -0.910659171E-04  -0.958083918E-04  -0.100724596E-03
  -0.105818545E-03  -0.111093623E-03  -0.116550485E-03  -0.122188854E-03
  -0.128009425E-03  -0.134017821E-03  -0.140221166E-03  -0.146626565E-03
  -0.153240144E-03  -0.160067886E-03  -0.167116156E-03  -0.174392388E-03
  -0.181904479E-03  -0.189659961E-03  -0.197664073E-03  -0.205921464E-03
  -0.214437392E-03  -0.223219591E-03  -0.232276604E-03  -0.241616848E-03
  -0.251247475E-03  -0.261175391E-03  -0.271407960E-03  -0.281954119E-03
  -0.292823379E-03  -0.304025505E-03  -0.315570620E-03  -0.327469111E-03
  -0.339731368E-03  -0.352367066E-03  -0.365385813E-03  -0.378797868E-03
  -0.392615650E-03  -0.406852362E-03  -0.421521227E-03  -0.436634584E-03
  -0.452204710E-03  -0.468244622E-03  -0.484769662E-03  -0.501796043E-03
  -0.519340130E-03  -0.537417787E-03  -0.556044975E-03  -0.575238252E-03
  -0.595015639E-03  -0.615395817E-03  -0.636398129E-03  -0.658043408E-03
  -0.680353213E-03  -0.703349297E-03  -0.727052816E-03  -0.751485065E-03
  -0.776668563E-03  -0.802629617E-03  -0.829395942E-03  -0.856995669E-03
  -0.885456813E-03  -0.914807769E-03  -0.945077844E-03  -0.976298367E-03
  -0.100850165E-02  -0.104172135E-02  -0.107599459E-02  -0.111135997E-02
  -0.114785740E-02  -0.118552964E-02  -0.122442086E-02  -0.126457606E-02
  -0.130604092E-02  -0.134886199E-02  -0.139308654E-02  -0.143876234E-02
  -0.148593792E-02  -0.153466837E-02  -0.158503286E-02  -0.163711818E-02
  -0.169101027E-02  -0.174678550E-02  -0.180451892E-02  -0.186428336E-02
  -0.192613838E-02  -0.199014070E-02  -0.205636207E-02  -0.212493297E-02
  -0.219600130E-02  -0.226971759E-02  -0.234623272E-02  -0.242570007E-02
  -0.250827321E-02  -0.259409659E-02  -0.268331433E-02  -0.277607791E-02
  -0.287256020E-02  -0.297294217E-02  -0.307745208E-02  -0.318649942E-02
  -0.330054775E-02  -0.342000726E-02  -0.354503812E-02  -0.367573736E-02
  -0.381220227E-02  -0.395453040E-02  -0.410281958E-02
   0.000000000E+00   0.466546352E-07   0.187615031E-06   0.424375922E-06
   0.758432043E-06   0.119127813E-05   0.172440892E-05   0.235931914E-05
   0.309750353E-05   0.394045683E-05   0.488967377E-05   0.594664908E-05
   0.711287750E-05   0.838985377E-05   0.977907262E-05   0.112820288E-04
   0.129002170E-04   0.146351320E-04   0.164882685E-04   0.184611213E-04
   0.205551850E-04   0.227719545E-04   0.251129245E-04   0.275858217E-04
   0.301973766E-04   0.329327057E-04   0.357902587E-04   0.387723326E-04
   0.418833193E-04   0.451356989E-04   0.485454797E-04   0.521248882E-04
   0.558640716E-04   0.597454098E-04   0.637565400E-04   0.679154978E-04
   0.722506045E-04   0.767851561E-04   0.815117036E-04   0.864130176E-04
   0.914761202E-04   0.967129778E-04   0.102143365E-03   0.107783873E-03
   0.113632466E-03   0.119681446E-03   0.125924438E-03   0.132363898E-03
   0.139004738E-03   0.145854049E-03   0.152927380E-03   0.160243353E-03
   0.167817316E-03   0.175647344E-03   0.183726363E-03   0.192050754E-03
   0.200634005E-03   0.209494794E-03   0.218648863E-03   0.228096620E-03
   0.237834039E-03   0.247859120E-03   0.258180187E-03   0.268808550E-03
   0.279755125E-03   0.291027896E-03   0.302634178E-03   0.314581513E-03
   0.326878036E-03   0.339532147E-03   0.352552624E-03   0.365949306E-03
   0.379732480E-03   0.393911875E-03   0.408494215E-03   0.423485430E-03
   0.438892976E-03   0.454730667E-03   0.471014291E-03   0.487758410E-03
   0.504971107E-03   0.522658769E-03   0.540829730E-03   0.559500475E-03
   0.578689974E-03   0.598416303E-03   0.618692211E-03   0.639529180E-03
   0.660939596E-03   0.682939127E-03   0.705544541E-03   0.728772853E-03
   0.752641051E-03   0.777166351E-03   0.802366507E-03   0.828260471E-03
   0.854867785E-03   0.882208868E-03   0.910306577E-03   0.939184764E-03
   0.968867167E-03   0.999375539E-03   0.103073138E-02   0.106295744E-02
   0.109608044E-02   0.113012851E-02   0.116513054E-02   0.120111664E-02
   0.123811770E-02   0.127616549E-02   0.131529348E-02   0.135553609E-02
   0.139692798E-02   0.143950273E-02   0.148329412E-02   0.152833755E-02
   0.157467337E-02   0.162234379E-02   0.167139397E-02   0.172187862E-02
   0.177385582E-02   0.182738419E-02   0.188252085E-02   0.193932336E-02
   0.199784911E-02   0.205815135E-02   0.212028289E-02   0.218430186E-02
   0.225028527E-02   0.231831618E-02   0.238848080E-02   0.246087290E-02
   0.253558963E-02   0.261271689E-02   0.269228896E-02   0.277432669E-02
   0.285886058E-02   0.294596168E-02   0.303571233E-02   0.312816786E-02
   0.322326995E-02   0.332092878E-02   0.342106180E-02   0.352362678E-02
   0.362859041E-02   0.373604738E-02   0.384661655E-02   0.396106442E-02
   0.408017727E-02   0.420476109E-02   0.433564166E-02
  -0.000000000E+00  -0.330819086E-05  -0.661278579E-05  -0.991051319E-05
  -0.131975455E-04  -0.164694991E-04  -0.197214345E-04  -0.229503291E-04
  -0.261653215E-04  -0.293852391E-04  -0.326298692E-04  -0.358935030E-04
  -0.391560746E-04  -0.423950004E-04  -0.456078455E-04  -0.488002668E-04
  -0.519791978E-04  -0.551475609E-04  -0.583074779E-04  -0.614604448E-04
  -0.646034091E-04  -0.677313648E-04  -0.708394854E-04  -0.739268467E-04
  -0.769938109E-04  -0.800406224E-04  -0.830660878E-04  -0.860685461E-04
  -0.890462576E-04  -0.919974800E-04  -0.949204109E-04  -0.978127908E-04
  -0.100670683E-03  -0.103489428E-03  -0.106265700E-03  -0.109003025E-03
  -0.111707369E-03  -0.114384075E-03  -0.117033202E-03  -0.119653327E-03
  -0.122238166E-03  -0.124761368E-03  -0.127189112E-03  -0.129495235E-03
  -0.131695068E-03  -0.133817037E-03  -0.135887590E-03  -0.137915504E-03
  -0.139905215E-03  -0.141856122E-03  -0.143745421E-03  -0.145542832E-03
  -0.147222489E-03  -0.148784005E-03  -0.150234232E-03  -0.151578633E-03
  -0.152814350E-03  -0.153936254E-03  -0.154939061E-03  -0.155817301E-03
  -0.156565346E-03  -0.157176733E-03  -0.157642011E-03  -0.157950648E-03
  -0.158093346E-03  -0.158067215E-03  -0.157871169E-03  -0.157502749E-03
  -0.156953226E-03  -0.156211982E-03  -0.155268942E-03  -0.154117398E-03
  -0.152751467E-03  -0.151164894E-03  -0.149350045E-03  -0.147298815E-03
  -0.145002987E-03  -0.142454368E-03  -0.139644667E-03  -0.136565009E-03
  -0.133204570E-03  -0.129551820E-03  -0.125595885E-03  -0.121329444E-03
  -0.116746081E-03  -0.111838310E-03  -0.106594254E-03  -0.101000688E-03
  -0.950444842E-04  -0.887138649E-04  -0.819972534E-04  -0.748827000E-04
  -0.673573373E-04  -0.594078827E-04  -0.510210869E-04  -0.421845837E-04
  -0.328861051E-04  -0.231127161E-04  -0.128492924E-04  -0.207993111E-05
   0.921108501E-05   0.210378083E-04   0.334139998E-04   0.463538141E-04
   0.598724594E-04   0.739855834E-04   0.887086713E-04   0.104055842E-03
   0.120040973E-03   0.136678358E-03   0.153983571E-03   0.171972659E-03
   0.190661953E-03   0.210068308E-03   0.230208872E-03   0.251099319E-03
   0.272748635E-03   0.295164000E-03   0.318350661E-03   0.342306396E-03
   0.367026711E-03   0.392512898E-03   0.418791319E-03   0.445895265E-03
   0.473852408E-03   0.502665291E-03   0.532329712E-03   0.562818928E-03
   0.594016111E-03   0.625778079E-03   0.658009220E-03   0.690821388E-03
   0.724382848E-03   0.758829792E-03   0.794152929E-03   0.830304766E-03
   0.867222228E-03   0.904784204E-03   0.942851759E-03   0.981371506E-03
   0.102064987E-02   0.106109303E-02   0.110293941E-02   0.114571235E-02
   0.118873971E-02   0.123141662E-02   0.127346884E-02   0.131470249E-02
   0.135491902E-02   0.139391523E-02   0.143148326E-02
  -0.000000000E+00  -0.358905747E-05  -0.717441298E-05  -0.107517071E-04
  -0.143177076E-04  -0.178703088E-04  -0.214085324E-04  -0.249330554E-04
  -0.284484010E-04  -0.319624092E-04  -0.354818300E-04  -0.389970101E-04
  -0.424883407E-04  -0.459367020E-04  -0.493495705E-04  -0.527471323E-04
  -0.561493969E-04  -0.595524819E-04  -0.629430120E-04  -0.663066636E-04
  -0.696371152E-04  -0.729301265E-04  -0.761828792E-04  -0.793996335E-04
  -0.825877537E-04  -0.857522977E-04  -0.888831329E-04  -0.919644051E-04
  -0.949825152E-04  -0.979405945E-04  -0.100847491E-03  -0.103710121E-03
  -0.106521881E-03  -0.109271713E-03  -0.111948526E-03  -0.114544751E-03
  -0.117053498E-03  -0.119468889E-03  -0.121790460E-03  -0.124019572E-03
  -0.126156880E-03  -0.128198347E-03  -0.130138544E-03  -0.131970661E-03
  -0.133682774E-03  -0.135260975E-03  -0.136692064E-03  -0.137968519E-03
  -0.139084276E-03  -0.140033205E-03  -0.140809070E-03  -0.141405563E-03
  -0.141814846E-03  -0.142022899E-03  -0.142013550E-03  -0.141771210E-03
  -0.141285034E-03  -0.140545295E-03  -0.139541754E-03  -0.138262569E-03
  -0.136695258E-03  -0.134826973E-03  -0.132644307E-03  -0.130133467E-03
  -0.127280132E-03  -0.124068829E-03  -0.120483491E-03  -0.116507741E-03
  -0.112125178E-03  -0.107319122E-03  -0.102072590E-03  -0.963685104E-04
  -0.901895296E-04  -0.835176981E-04  -0.763336888E-04  -0.686175020E-04
  -0.603484935E-04  -0.515047037E-04  -0.420634663E-04  -0.320014799E-04
  -0.212943816E-04  -0.991713524E-05   0.215616141E-05   0.149532912E-04
   0.285029910E-04   0.428349544E-04   0.579808296E-04   0.739733048E-04
   0.908459969E-04   0.108634080E-03   0.127373706E-03   0.147102161E-03
   0.167858952E-03   0.189684801E-03   0.212621561E-03   0.236712997E-03
   0.262004065E-03   0.288541347E-03   0.316375186E-03   0.345557711E-03
   0.376142544E-03   0.408185989E-03   0.441745930E-03   0.476882012E-03
   0.513657364E-03   0.552136998E-03   0.592388360E-03   0.634484726E-03
   0.678502038E-03   0.724518516E-03   0.772616811E-03   0.822881990E-03
   0.875400719E-03   0.930260826E-03   0.987551706E-03   0.104736577E-02
   0.110980243E-02   0.117496440E-02   0.124296269E-02   0.131393622E-02
   0.138803343E-02   0.146540690E-02   0.154621604E-02   0.163062453E-02
   0.171879437E-02   0.181086995E-02   0.190699305E-02   0.200732006E-02
   0.211205919E-02   0.222143541E-02   0.233566690E-02   0.245492999E-02
   0.257939229E-02   0.270921916E-02   0.284455870E-02   0.298555591E-02
   0.313232610E-02   0.328485866E-02   0.344310819E-02   0.360703267E-02
   0.377661542E-02   0.395184427E-02   0.413280755E-02   0.432000909E-02
   0.451406917E-02   0.471572207E-02   0.492611888E-02   0.514653970E-02
   0.537829589E-02   0.562273007E-02   0.588121611E-02
   0.000000000E+00   0.107005389E-05   0.213962225E-05   0.320840547E-05
   0.427578523E-05   0.534082444E-05   0.640226732E-05   0.745845666E-05
   0.850699147E-05   0.954480956E-05   0.105691122E-04   0.115806528E-04
   0.125823527E-04   0.135773325E-04   0.145643007E-04   0.155400072E-04
   0.165009360E-04   0.174454565E-04   0.183725175E-04   0.192811364E-04
   0.201704918E-04   0.210398618E-04   0.218884554E-04   0.227149227E-04
   0.235176988E-04   0.242953395E-04   0.250471954E-04   0.257729163E-04
   0.264721413E-04   0.271440941E-04   0.277878906E-04   0.284024218E-04
   0.289855986E-04   0.295349425E-04   0.300477474E-04   0.305209020E-04
   0.309510321E-04   0.313359023E-04   0.316787579E-04   0.319847861E-04
   0.322590693E-04   0.325041245E-04   0.327219408E-04   0.329137012E-04
   0.330765654E-04   0.332063700E-04   0.332982972E-04   0.333459408E-04
   0.333420993E-04   0.332807702E-04   0.331625682E-04   0.329900756E-04
   0.327659359E-04   0.324920200E-04   0.321701482E-04   0.318017524E-04
   0.313860167E-04   0.309215007E-04   0.304069978E-04   0.298424424E-04
   0.292281121E-04   0.285645099E-04   0.278528666E-04   0.270946959E-04
   0.262908635E-04   0.254391624E-04   0.245364708E-04   0.235805170E-04
   0.225730392E-04   0.215169584E-04   0.204148201E-04   0.192670021E-04
   0.180733259E-04   0.168337808E-04   0.155490378E-04   0.142199856E-04
   0.128476465E-04   0.114334145E-04   0.997883956E-05   0.848556079E-05
   0.695533156E-05   0.538999671E-05   0.379131384E-05   0.216042440E-05
   0.498336817E-06  -0.119353638E-05  -0.291223196E-05  -0.465428668E-05
  -0.641632076E-05  -0.819572287E-05  -0.999002059E-05  -0.117965009E-04
  -0.136117076E-04  -0.154319046E-04  -0.172532962E-04  -0.190722160E-04
  -0.208849524E-04  -0.226873424E-04  -0.244737038E-04  -0.262378248E-04
  -0.279735756E-04  -0.296757511E-04  -0.313392884E-04  -0.329586213E-04
  -0.345265162E-04  -0.360351553E-04  -0.374764599E-04  -0.388419449E-04
  -0.401228547E-04  -0.413099106E-04  -0.423923924E-04  -0.433589967E-04
  -0.441985728E-04  -0.449014815E-04  -0.454583230E-04  -0.458582421E-04
  -0.460850592E-04  -0.461208976E-04  -0.459464464E-04  -0.455379643E-04
  -0.448700933E-04  -0.439196485E-04  -0.426742939E-04  -0.411243812E-04
  -0.392585699E-04  -0.370589353E-04  -0.345055778E-04  -0.315738258E-04
  -0.282208595E-04  -0.243983307E-04  -0.200495288E-04  -0.150875423E-04
  -0.941588996E-05  -0.295223072E-05   0.432057189E-05   0.124027539E-04
   0.213047259E-04   0.310796166E-04   0.417924503E-04   0.534865592E-04
   0.661129375E-04   0.795972300E-04   0.939077563E-04   0.109193813E-03
   0.125654383E-03   0.143514096E-03   0.163086089E-03   0.184712269E-03
   0.208743020E-03   0.235537203E-03   0.265462157E-03
  -0.000000000E+00  -0.120680102E-05  -0.241246737E-05  -0.361614445E-05
  -0.481649753E-05  -0.601171176E-05  -0.719949218E-05  -0.837734508E-05
  -0.954374386E-05  -0.106978476E-04  -0.118392574E-04  -0.129678545E-04
  -0.140838682E-04  -0.151872112E-04  -0.162749510E-04  -0.173426548E-04
  -0.183860381E-04  -0.194046626E-04  -0.203996910E-04  -0.213720452E-04
  -0.223192681E-04  -0.232375998E-04  -0.241234657E-04  -0.249757214E-04
  -0.257940753E-04  -0.265779639E-04  -0.273248318E-04  -0.280313959E-04
  -0.286942618E-04  -0.293103834E-04  -0.298767131E-04  -0.303909106E-04
  -0.308540731E-04  -0.312686001E-04  -0.316366447E-04  -0.319576436E-04
  -0.322302933E-04  -0.324531190E-04  -0.326239925E-04  -0.327405254E-04
  -0.327991087E-04  -0.327913863E-04  -0.327071754E-04  -0.325367779E-04
  -0.322750098E-04  -0.319178185E-04  -0.314624677E-04  -0.309119484E-04
  -0.302712323E-04  -0.295450504E-04  -0.287350729E-04  -0.278423286E-04
  -0.268672207E-04  -0.258068746E-04  -0.246574342E-04  -0.234143989E-04
  -0.220711413E-04  -0.206202013E-04  -0.190546735E-04  -0.173711385E-04
  -0.155670863E-04  -0.136396065E-04  -0.115841117E-04  -0.939546724E-05
  -0.706953538E-05  -0.460676839E-05  -0.200901067E-05   0.723070163E-06
   0.359452194E-05   0.661204705E-05   0.978208253E-05   0.131092169E-04
   0.165976137E-04   0.202512905E-04   0.240734514E-04   0.280670904E-04
   0.322357721E-04   0.365854120E-04   0.411226626E-04   0.458536330E-04
   0.507816496E-04   0.559092945E-04   0.612400614E-04   0.667813039E-04
   0.725415427E-04   0.785291835E-04   0.847514237E-04   0.912152546E-04
   0.979279731E-04   0.104897701E-03   0.112132906E-03   0.119642207E-03
   0.127434251E-03   0.135517828E-03   0.143902222E-03   0.152598218E-03
   0.161617173E-03   0.170970969E-03   0.180672837E-03   0.190736590E-03
   0.201176316E-03   0.212006212E-03   0.223240733E-03   0.234895007E-03
   0.246985945E-03   0.259531208E-03   0.272549256E-03   0.286060594E-03
   0.300086613E-03   0.314649935E-03   0.329776714E-03   0.345494487E-03
   0.361830901E-03   0.378812058E-03   0.396464064E-03   0.414814297E-03
   0.433893669E-03   0.453734506E-03   0.474372372E-03   0.495853883E-03
   0.518229366E-03   0.541552169E-03   0.565884217E-03   0.591290786E-03
   0.617838357E-03   0.645593522E-03   0.674624018E-03   0.704993184E-03
   0.736741919E-03   0.769905704E-03   0.804539569E-03   0.840776770E-03
   0.878773355E-03   0.918674614E-03   0.960570169E-03   0.100453646E-02
   0.105063755E-02   0.109888346E-02   0.114926960E-02   0.120180544E-02
   0.125656079E-02   0.131362187E-02   0.137301754E-02   0.143453940E-02
   0.149791252E-02   0.156315229E-02   0.163147710E-02   0.170444094E-02
   0.178363879E-02   0.187070662E-02   0.196732137E-02
  -0.000000000E+00  -0.315600428E-07  -0.126763402E-06  -0.286394926E-06
  -0.511239460E-06  -0.802081851E-06  -0.115970695E-05  -0.158489959E-05
  -0.207844464E-05  -0.264112693E-05  -0.327373131E-05  -0.397704263E-05
  -0.475184573E-05  -0.559892547E-05  -0.651906669E-05  -0.751305423E-05
  -0.858167295E-05  -0.972570769E-05  -0.109459433E-04  -0.122431646E-04
  -0.136181565E-04  -0.150717038E-04  -0.166045913E-04  -0.182204838E-04
  -0.199225226E-04  -0.217101210E-04  -0.235829416E-04  -0.255405628E-04
  -0.275833113E-04  -0.297154087E-04  -0.319425777E-04  -0.342701802E-04
  -0.367000534E-04  -0.392329846E-04  -0.418710201E-04  -0.446219943E-04
  -0.474959063E-04  -0.504991965E-04  -0.536205756E-04  -0.568425760E-04
  -0.601518402E-04  -0.635587091E-04  -0.670810006E-04  -0.707352595E-04
  -0.745274063E-04  -0.784605867E-04  -0.825380043E-04  -0.867630291E-04
  -0.911391055E-04  -0.956697711E-04  -0.100358820E-03  -0.105210163E-03
  -0.110227299E-03  -0.115411796E-03  -0.120764607E-03  -0.126288968E-03
  -0.131998059E-03  -0.137908317E-03  -0.144033029E-03  -0.150369591E-03
  -0.156910711E-03  -0.163651444E-03  -0.170598973E-03  -0.177763956E-03
  -0.185156613E-03  -0.192783929E-03  -0.200652145E-03  -0.208767272E-03
  -0.217134003E-03  -0.225756690E-03  -0.234639888E-03  -0.243789015E-03
  -0.253209760E-03  -0.262907993E-03  -0.272890130E-03  -0.283162803E-03
  -0.293733014E-03  -0.304608954E-03  -0.315799261E-03  -0.327312634E-03
  -0.339157435E-03  -0.351342051E-03  -0.363875450E-03  -0.376768518E-03
  -0.390032836E-03  -0.403680119E-03  -0.417721766E-03  -0.432169273E-03
  -0.447034594E-03  -0.462330839E-03  -0.478071636E-03  -0.494271026E-03
  -0.510943826E-03  -0.528105294E-03  -0.545771403E-03  -0.563960029E-03
  -0.582689852E-03  -0.601979849E-03  -0.621848888E-03  -0.642316106E-03
  -0.663401740E-03  -0.685129312E-03  -0.707523603E-03  -0.730610091E-03
  -0.754415358E-03  -0.778966716E-03  -0.804292468E-03  -0.830423143E-03
  -0.857390347E-03  -0.885227027E-03  -0.913969482E-03  -0.943655485E-03
  -0.974324416E-03  -0.100601966E-02  -0.103878638E-02  -0.107267132E-02
  -0.110772474E-02  -0.114399861E-02  -0.118154641E-02  -0.122042437E-02
  -0.126069030E-02  -0.130240654E-02  -0.134565011E-02  -0.139050320E-02
  -0.143705676E-02  -0.148543181E-02  -0.153575937E-02  -0.158816481E-02
  -0.164274062E-02  -0.169957209E-02  -0.175875369E-02  -0.182041250E-02
  -0.188468610E-02  -0.195170288E-02  -0.202154502E-02  -0.209428353E-02
  -0.216995772E-02  -0.224847588E-02  -0.232970937E-02  -0.241358301E-02
  -0.250025382E-02  -0.258994159E-02  -0.268283106E-02  -0.277894941E-02
  -0.287828258E-02  -0.298099869E-02  -0.308800963E-02  -0.320043736E-02
  -0.331943260E-02  -0.344617482E-02  -0.358187227E-02
  -0.000000000E+00  -0.359099148E-07  -0.144212900E-06  -0.325768818E-06
  -0.581437530E-06  -0.912078899E-06  -0.131855278E-05  -0.180171905E-05
  -0.236243756E-05  -0.300156817E-05  -0.371997074E-05  -0.451850515E-05
  -0.539803124E-05  -0.635940888E-05  -0.740349793E-05  -0.853115826E-05
  -0.974324972E-05  -0.110406322E-04  -0.124241655E-04  -0.138947095E-04
  -0.154531242E-04  -0.171002692E-04  -0.188370046E-04  -0.206665631E-04
  -0.225916043E-04  -0.246157178E-04  -0.267399994E-04  -0.289647236E-04
  -0.312906756E-04  -0.337214578E-04  -0.362617349E-04  -0.389161804E-04
  -0.416881678E-04  -0.445807941E-04  -0.475967537E-04  -0.507367129E-04
  -0.540006101E-04  -0.573888943E-04  -0.609049856E-04  -0.645532696E-04
  -0.683372102E-04  -0.722556266E-04  -0.763057766E-04  -0.804866007E-04
  -0.848055383E-04  -0.892728060E-04  -0.938985244E-04  -0.986900718E-04
  -0.103654332E-03  -0.108797657E-03  -0.114123235E-03  -0.119633348E-03
  -0.125330118E-03  -0.131215330E-03  -0.137290585E-03  -0.143557917E-03
  -0.150021581E-03  -0.156686490E-03  -0.163557898E-03  -0.170642101E-03
  -0.177945815E-03  -0.185475299E-03  -0.193234262E-03  -0.201225708E-03
  -0.209452791E-03  -0.217919442E-03  -0.226629805E-03  -0.235587875E-03
  -0.244796953E-03  -0.254260132E-03  -0.263980494E-03  -0.273961207E-03
  -0.284205436E-03  -0.294716623E-03  -0.305499440E-03  -0.316558923E-03
  -0.327900105E-03  -0.339527773E-03  -0.351446684E-03  -0.363661740E-03
  -0.376178297E-03  -0.389001884E-03  -0.402138084E-03  -0.415592479E-03
  -0.429370701E-03  -0.443478648E-03  -0.457923088E-03  -0.472711107E-03
  -0.487849847E-03  -0.503346294E-03  -0.519207470E-03  -0.535440397E-03
  -0.552051753E-03  -0.569048186E-03  -0.586436640E-03  -0.604225031E-03
  -0.622421625E-03  -0.641034603E-03  -0.660071404E-03  -0.679539338E-03
  -0.699446364E-03  -0.719802868E-03  -0.740620014E-03  -0.761908961E-03
  -0.783680191E-03  -0.805944135E-03  -0.828711456E-03  -0.851993254E-03
  -0.875800878E-03  -0.900145433E-03  -0.925036481E-03  -0.950483261E-03
  -0.976495700E-03  -0.100308628E-02  -0.103026827E-02  -0.105805688E-02
  -0.108647434E-02  -0.111554514E-02  -0.114529482E-02  -0.117575151E-02
  -0.120694448E-02  -0.123889739E-02  -0.127160887E-02  -0.130507076E-02
  -0.133927229E-02  -0.137419377E-02  -0.140981254E-02  -0.144613685E-02
  -0.148330352E-02  -0.152148581E-02  -0.156085944E-02  -0.160159462E-02
  -0.164386358E-02  -0.168778403E-02  -0.173323839E-02  -0.178004480E-02
  -0.182801684E-02  -0.187696828E-02  -0.192670857E-02  -0.197706197E-02
  -0.202793070E-02  -0.207923507E-02  -0.213091734E-02  -0.218301570E-02
  -0.223559408E-02  -0.228881185E-02  -0.234320984E-02  -0.239943856E-02
  -0.245816583E-02  -0.252007680E-02  -0.258587399E-02
   0.000000000E+00   0.129156895E-07   0.516511909E-07   0.116189154E-06
   0.206512227E-06   0.322603060E-06   0.464444303E-06   0.632018604E-06
   0.825308613E-06   0.104429698E-05   0.128896635E-05   0.155929938E-05
   0.185527872E-05   0.217688701E-05   0.252410690E-05   0.289692105E-05
   0.329531210E-05   0.371926270E-05   0.416875550E-05   0.464377316E-05
   0.514429831E-05   0.567031361E-05   0.622180172E-05   0.680500035E-05
   0.742615883E-05   0.809515230E-05   0.880624692E-05   0.954804296E-05
   0.103107753E-04   0.110979822E-04   0.119176268E-04   0.127769699E-04
   0.136766094E-04   0.146151420E-04   0.155906953E-04   0.166003440E-04
   0.176405770E-04   0.187092891E-04   0.198116430E-04   0.209552914E-04
   0.221472064E-04   0.233890525E-04   0.246810185E-04   0.260227992E-04
   0.274123469E-04   0.288469194E-04   0.303237609E-04   0.318410761E-04
   0.333972032E-04   0.349916499E-04   0.366293024E-04   0.383168139E-04
   0.400601519E-04   0.418608867E-04   0.437194046E-04   0.456354911E-04
   0.476066039E-04   0.496293799E-04   0.517020170E-04   0.538300862E-04
   0.560214222E-04   0.582824479E-04   0.606122687E-04   0.630078980E-04
   0.654669839E-04   0.679906267E-04   0.705808711E-04   0.732397298E-04
   0.759688621E-04   0.787698618E-04   0.816443058E-04   0.845935980E-04
   0.876191101E-04   0.907222832E-04   0.939047918E-04   0.971683959E-04
   0.100514846E-03   0.103945751E-03   0.107462696E-03   0.111067508E-03
   0.114762938E-03   0.118552040E-03   0.122437461E-03   0.126419917E-03
   0.130499587E-03   0.134677412E-03   0.138957633E-03   0.143345465E-03
   0.147845708E-03   0.152460930E-03   0.157193134E-03   0.162044696E-03
   0.167019463E-03   0.172121739E-03   0.177355777E-03   0.182725274E-03
   0.188233840E-03   0.193885336E-03   0.199684443E-03   0.205636135E-03
   0.211745720E-03   0.218019511E-03   0.224464204E-03   0.231086493E-03
   0.237892572E-03   0.244888598E-03   0.252081254E-03   0.259478973E-03
   0.267090796E-03   0.274925997E-03   0.282994148E-03   0.291305062E-03
   0.299868741E-03   0.308695285E-03   0.317794981E-03   0.327179345E-03
   0.336864236E-03   0.346866939E-03   0.357205094E-03   0.367896495E-03
   0.378959278E-03   0.390412972E-03   0.402281511E-03   0.414590396E-03
   0.427363214E-03   0.440613890E-03   0.454353983E-03   0.468605329E-03
   0.483431156E-03   0.498906726E-03   0.515111502E-03   0.532135764E-03
   0.550074355E-03   0.568993416E-03   0.588835089E-03   0.609507660E-03
   0.630920982E-03   0.653000997E-03   0.675675979E-03   0.698886940E-03
   0.722633736E-03   0.746931345E-03   0.771840586E-03   0.797607429E-03
   0.824530741E-03   0.852894280E-03   0.882896180E-03   0.914715958E-03
   0.948537276E-03   0.984547940E-03   0.102293990E-02
  -0.000000000E+00  -0.124075945E-07  -0.501435863E-07  -0.113977787E-06
  -0.204680010E-06  -0.323020067E-06  -0.469767769E-06  -0.645692930E-06
  -0.851565360E-06  -0.108815487E-05  -0.135623128E-05  -0.165656440E-05
  -0.198992403E-05  -0.235707999E-05  -0.275880210E-05  -0.319586017E-05
  -0.366902400E-05  -0.417906341E-05  -0.472674821E-05  -0.531284822E-05
  -0.593813325E-05  -0.660337310E-05  -0.730933759E-05  -0.805453556E-05
  -0.883696263E-05  -0.963184338E-05  -0.104427779E-04  -0.112827579E-04
  -0.121646573E-04  -0.130935059E-04  -0.140723680E-04  -0.151021203E-04
  -0.161736118E-04  -0.172737961E-04  -0.183939681E-04  -0.195491284E-04
  -0.207624919E-04  -0.220519881E-04  -0.234049617E-04  -0.247987952E-04
  -0.262152883E-04  -0.276628639E-04  -0.291581790E-04  -0.307147516E-04
  -0.323277300E-04  -0.339866778E-04  -0.356825974E-04  -0.374157554E-04
  -0.391890366E-04  -0.410065076E-04  -0.428763330E-04  -0.448082734E-04
  -0.468095648E-04  -0.488747133E-04  -0.509943316E-04  -0.531618709E-04
  -0.553850085E-04  -0.576757086E-04  -0.600426796E-04  -0.624786552E-04
  -0.649715759E-04  -0.675119243E-04  -0.701034379E-04  -0.727536301E-04
  -0.754690293E-04  -0.782506417E-04  -0.810979895E-04  -0.840107529E-04
  -0.869895048E-04  -0.900350538E-04  -0.931482853E-04  -0.963303801E-04
  -0.995826177E-04  -0.102905682E-03  -0.106297709E-03  -0.109756050E-03
  -0.113279147E-03  -0.116870459E-03  -0.120534899E-03  -0.124276046E-03
  -0.128091296E-03  -0.131976273E-03  -0.135928185E-03  -0.139951498E-03
  -0.144052754E-03  -0.148237039E-03  -0.152502584E-03  -0.156845713E-03
  -0.161263548E-03  -0.165757113E-03  -0.170328485E-03  -0.174979411E-03
  -0.179710089E-03  -0.184520296E-03  -0.189409866E-03  -0.194378994E-03
  -0.199427954E-03  -0.204557389E-03  -0.209769467E-03  -0.215066808E-03
  -0.220451191E-03  -0.225920721E-03  -0.231472458E-03  -0.237104123E-03
  -0.242816563E-03  -0.248611456E-03  -0.254490243E-03  -0.260453258E-03
  -0.266500538E-03  -0.272631900E-03  -0.278846313E-03  -0.285142486E-03
  -0.291518700E-03  -0.297971702E-03  -0.304497739E-03  -0.311093287E-03
  -0.317756161E-03  -0.324484472E-03  -0.331277661E-03  -0.338140765E-03
  -0.345080412E-03  -0.352099403E-03  -0.359184312E-03  -0.366317156E-03
  -0.373482588E-03  -0.380677782E-03  -0.387903120E-03  -0.395157116E-03
  -0.402430551E-03  -0.409712003E-03  -0.416986792E-03  -0.424227988E-03
  -0.431404905E-03  -0.438491546E-03  -0.445483576E-03  -0.452382265E-03
  -0.459185646E-03  -0.465878196E-03  -0.472440608E-03  -0.478833165E-03
  -0.484934734E-03  -0.490600615E-03  -0.495663782E-03  -0.499878574E-03
  -0.502974153E-03  -0.504770704E-03  -0.505478962E-03  -0.505415566E-03
  -0.504906362E-03  -0.504286409E-03  -0.503899979E-03
   0.000000000E+00   0.493452424E-06   0.985844342E-06   0.147547605E-05
   0.196174361E-05   0.244513886E-05   0.292724942E-05   0.341027560E-05
   0.389502919E-05   0.438141649E-05   0.486794169E-05   0.534850846E-05
   0.581376668E-05   0.625495930E-05   0.667539596E-05   0.708435002E-05
   0.749193571E-05   0.790057685E-05   0.831018656E-05   0.871945968E-05
   0.912299779E-05   0.951321110E-05   0.988299625E-05   0.102322143E-04
   0.105631386E-04   0.108781718E-04   0.111780789E-04   0.114632856E-04
   0.117334276E-04   0.119842591E-04   0.122100051E-04   0.124064064E-04
   0.125777959E-04   0.127315638E-04   0.128717940E-04   0.129852490E-04
   0.130525819E-04   0.130579646E-04   0.130069405E-04   0.129118722E-04
   0.127870505E-04   0.126498453E-04   0.125197526E-04   0.124071393E-04
   0.122784726E-04   0.120855069E-04   0.117869678E-04   0.113843471E-04
   0.108915014E-04   0.103225715E-04   0.968789230E-05   0.899750255E-05
   0.825817747E-05   0.746015982E-05   0.658864898E-05   0.562984298E-05
   0.457721865E-05   0.342605011E-05   0.217168967E-05   0.810210782E-06
  -0.662157163E-06  -0.224897140E-05  -0.395277638E-05  -0.577581111E-05
  -0.772138928E-05  -0.979744060E-05  -0.120133590E-04  -0.143778771E-04
  -0.168958599E-04  -0.195711738E-04  -0.224083491E-04  -0.254146541E-04
  -0.285982308E-04  -0.319671196E-04  -0.355282400E-04  -0.392883115E-04
  -0.432545424E-04  -0.474357794E-04  -0.518414652E-04  -0.564808393E-04
  -0.613615758E-04  -0.664910231E-04  -0.718776325E-04  -0.775340576E-04
  -0.834743230E-04  -0.897120590E-04  -0.962580587E-04  -0.103122516E-03
  -0.110316528E-03  -0.117854352E-03  -0.125751329E-03  -0.134022869E-03
  -0.142683511E-03  -0.151747787E-03  -0.161231228E-03  -0.171152551E-03
  -0.181531638E-03  -0.192388235E-03  -0.203740083E-03  -0.215604651E-03
  -0.228000717E-03  -0.240951428E-03  -0.254481456E-03  -0.268615783E-03
  -0.283378908E-03  -0.298795583E-03  -0.314891621E-03  -0.331695613E-03
  -0.349237330E-03  -0.367547472E-03  -0.386658613E-03  -0.406604317E-03
  -0.427418949E-03  -0.449137997E-03  -0.471797769E-03  -0.495434903E-03
  -0.520085176E-03  -0.545784622E-03  -0.572572904E-03  -0.600502494E-03
  -0.629630051E-03  -0.660013761E-03  -0.691714193E-03  -0.724793493E-03
  -0.759310531E-03  -0.795306865E-03  -0.832819967E-03  -0.871899451E-03
  -0.912643016E-03  -0.955162538E-03  -0.999547584E-03  -0.104578906E-02
  -0.109385133E-02  -0.114372057E-02  -0.119547749E-02  -0.124922851E-02
  -0.130506931E-02  -0.136304472E-02  -0.142318672E-02  -0.148549970E-02
  -0.154987626E-02  -0.161617706E-02  -0.168430781E-02  -0.175437136E-02
  -0.182652329E-02  -0.190091940E-02  -0.197770513E-02  -0.205702560E-02
  -0.213902903E-02  -0.222386671E-02  -0.231169304E-02
   0.000000000E+00   0.528492251E-06   0.105634942E-05   0.158269928E-05
   0.210707614E-05   0.262942078E-05   0.315008051E-05   0.366926427E-05
   0.418478527E-05   0.469260588E-05   0.518826608E-05   0.567083260E-05
   0.614123610E-05   0.660169004E-05   0.705659541E-05   0.751205948E-05
   0.797280660E-05   0.843210711E-05   0.887789193E-05   0.929850202E-05
   0.969374424E-05   0.100675775E-04   0.104246221E-04   0.107681448E-04
   0.111014749E-04   0.114261252E-04   0.117337472E-04   0.120120431E-04
   0.122509914E-04   0.124559723E-04   0.126377813E-04   0.128048694E-04
   0.129501522E-04   0.130613277E-04   0.131276117E-04   0.131492734E-04
   0.131300071E-04   0.130722494E-04   0.129710418E-04   0.128190335E-04
   0.126094683E-04   0.123399649E-04   0.120093860E-04   0.116176508E-04
   0.111687104E-04   0.106680502E-04   0.101179260E-04   0.950507239E-05
   0.881114206E-05   0.802014398E-05   0.713025309E-05   0.614367672E-05
   0.506125126E-05   0.387669508E-05   0.258158468E-05   0.116794992E-05
  -0.369073989E-06  -0.203356126E-05  -0.383001068E-05  -0.576460954E-05
  -0.784412250E-05  -0.100754644E-04  -0.124655803E-04  -0.150215517E-04
  -0.177508186E-04  -0.206617592E-04  -0.237631740E-04  -0.270638776E-04
  -0.305719847E-04  -0.342955486E-04  -0.382428198E-04  -0.424223576E-04
  -0.468429293E-04  -0.515137535E-04  -0.564453637E-04  -0.616488283E-04
  -0.671354174E-04  -0.729164076E-04  -0.790032594E-04  -0.854079651E-04
  -0.921439409E-04  -0.992252150E-04  -0.106666199E-03  -0.114481849E-03
  -0.122687516E-03  -0.131299223E-03  -0.140334666E-03  -0.149812295E-03
  -0.159750932E-03  -0.170169565E-03  -0.181087540E-03  -0.192525042E-03
  -0.204504406E-03  -0.217048909E-03  -0.230182346E-03  -0.243928973E-03
  -0.258313560E-03  -0.273362111E-03  -0.289104036E-03  -0.305570140E-03
  -0.322792004E-03  -0.340802219E-03  -0.359634169E-03  -0.379322506E-03
  -0.399904836E-03  -0.421420151E-03  -0.443909030E-03  -0.467415911E-03
  -0.491986976E-03  -0.517669586E-03  -0.544512804E-03  -0.572566910E-03
  -0.601883307E-03  -0.632514748E-03  -0.664515123E-03  -0.697942040E-03
  -0.732864957E-03  -0.769357557E-03  -0.807498185E-03  -0.847379181E-03
  -0.889098116E-03  -0.932751407E-03  -0.978423919E-03  -0.102619875E-02
  -0.107616441E-02  -0.112842667E-02  -0.118309740E-02  -0.124030108E-02
  -0.130020626E-02  -0.136299588E-02  -0.142885309E-02  -0.149794876E-02
  -0.157045328E-02  -0.164651617E-02  -0.172619163E-02  -0.180950895E-02
  -0.189646466E-02  -0.198692497E-02  -0.208071814E-02  -0.217769266E-02
  -0.227779890E-02  -0.238101170E-02  -0.248738480E-02  -0.259729786E-02
  -0.271122203E-02  -0.282973457E-02  -0.295380729E-02  -0.308453246E-02
  -0.322302974E-02  -0.337044617E-02  -0.352795616E-02
   0.000000000E+00   0.000000000E+00   0.000000000E+00   0.000000000E+00
   0.000000000E+00   0.000000000E+00   0.000000000E+00  -0.501315319E-09
  -0.125562842E-07  -0.538172918E-07  -0.136423968E-06  -0.267249314E-06
  -0.448642005E-06  -0.679129093E-06  -0.954082723E-06  -0.126635446E-05
  -0.160688087E-05  -0.196526392E-05  -0.233032985E-05  -0.269067011E-05
  -0.303516802E-05  -0.335351461E-05  -0.363671750E-05  -0.387760624E-05
  -0.407133772E-05  -0.421590543E-05  -0.431265599E-05  -0.436681672E-05
  -0.438803765E-05  -0.473963813E-05  -0.477063246E-05  -0.478547216E-05
  -0.478262627E-05  -0.476033799E-05  -0.471731654E-05  -0.465462555E-05
  -0.457417238E-05  -0.447724516E-05  -0.436157477E-05  -0.422372972E-05
  -0.406037762E-05  -0.386955665E-05  -0.364962264E-05  -0.339983497E-05
  -0.312342597E-05  -0.282502444E-05  -0.250810058E-05  -0.216977199E-05
  -0.180521505E-05  -0.140913027E-05  -0.975426213E-06  -0.497490734E-06
   0.300221952E-07   0.605859364E-06   0.122678602E-05   0.188982393E-05
   0.259417663E-05   0.333954903E-05   0.412622791E-05   0.495718554E-05
   0.583623035E-05   0.676720252E-05   0.775348193E-05   0.879842353E-05
   0.990519412E-05   0.110757874E-04   0.123119004E-04   0.136152897E-04
   0.149879279E-04   0.164318636E-04   0.179493012E-04   0.195430031E-04
   0.212159286E-04   0.229711009E-04   0.248115873E-04   0.267405172E-04
   0.287610651E-04   0.308763758E-04   0.330896320E-04   0.354044381E-04
   0.378259376E-04   0.403597962E-04   0.430112323E-04   0.457831039E-04
   0.486776562E-04   0.516979036E-04   0.548500406E-04   0.581412326E-04
   0.615784563E-04   0.651672665E-04   0.689129293E-04   0.728211560E-04
   0.768991633E-04   0.811546962E-04   0.855955842E-04   0.902294120E-04
   0.950638239E-04   0.100106829E-03   0.105367419E-03   0.110854995E-03
   0.116579385E-03   0.122551491E-03   0.128782688E-03   0.135284638E-03
   0.142069342E-03   0.149149095E-03   0.156536778E-03   0.164246840E-03
   0.172294387E-03   0.180695019E-03   0.189465301E-03   0.198622327E-03
   0.208183845E-03   0.218169133E-03   0.228598181E-03   0.239492347E-03
   0.250877215E-03   0.262779918E-03   0.275227976E-03   0.288248561E-03
   0.301869191E-03   0.316118618E-03   0.331028823E-03   0.346633136E-03
   0.362968170E-03   0.380081688E-03   0.398025184E-03   0.416843167E-03
   0.436548037E-03   0.457143784E-03   0.478662327E-03   0.501250072E-03
   0.525086138E-03   0.550331953E-03   0.577062195E-03   0.605330118E-03
   0.635170663E-03   0.666541977E-03   0.699380799E-03   0.733666746E-03
   0.769561263E-03   0.807275868E-03   0.847021227E-03   0.888988447E-03
   0.933366834E-03   0.980339843E-03   0.103005422E-02   0.108264934E-02
   0.113826712E-02   0.119705207E-02   0.125915127E-02
   0.000000000E+00   0.000000000E+00   0.000000000E+00   0.501126551E-09
   0.124589630E-07   0.530170701E-07   0.133460725E-06   0.259687539E-06
   0.433127668E-06   0.651578134E-06   0.909959113E-06   0.120100000E-05
   0.151586309E-05   0.184471272E-05   0.217723769E-05   0.250313481E-05
   0.281256134E-05   0.309656434E-05   0.334749447E-05   0.355941238E-05
   0.372849528E-05   0.385345168E-05   0.393595207E-05   0.398108332E-05
   0.399783480E-05   0.475576721E-05   0.482297996E-05   0.487265430E-05
   0.490223338E-05   0.491026851E-05   0.489560737E-05   0.485773912E-05
   0.479890097E-05   0.472243044E-05   0.463131463E-05   0.452545362E-05
   0.440384974E-05   0.426518287E-05   0.410710034E-05   0.392679573E-05
   0.372025814E-05   0.347920132E-05   0.319360672E-05   0.285408152E-05
   0.245646678E-05   0.199796933E-05   0.147753064E-05   0.901375061E-06
   0.278297650E-06  -0.383456137E-06  -0.108077166E-05  -0.181173412E-05
  -0.257566205E-05  -0.337759423E-05  -0.422440464E-05  -0.512326113E-05
  -0.608107974E-05  -0.710500097E-05  -0.820139450E-05  -0.937221160E-05
  -0.106181918E-04  -0.119406895E-04  -0.133438784E-04  -0.148328010E-04
  -0.164114596E-04  -0.180789780E-04  -0.198330174E-04  -0.216726877E-04
  -0.236039163E-04  -0.256346444E-04  -0.277723323E-04  -0.300213916E-04
  -0.323854938E-04  -0.348683162E-04  -0.374733697E-04  -0.402041541E-04
  -0.430648057E-04  -0.460619410E-04  -0.492029849E-04  -0.524947432E-04
  -0.559407684E-04  -0.595437571E-04  -0.633075860E-04  -0.672410508E-04
  -0.713544512E-04  -0.756577273E-04  -0.801583402E-04  -0.848632145E-04
  -0.897798339E-04  -0.949175601E-04  -0.100286421E-03  -0.105896528E-03
  -0.111757568E-03  -0.117879273E-03  -0.124271947E-03  -0.130947602E-03
  -0.137918908E-03  -0.145199232E-03  -0.152803855E-03  -0.160748844E-03
  -0.169050296E-03  -0.177723204E-03  -0.186782508E-03  -0.196244182E-03
  -0.206127455E-03  -0.216452741E-03  -0.227241103E-03  -0.238514778E-03
  -0.250296686E-03  -0.262611098E-03  -0.275486207E-03  -0.288951726E-03
  -0.303037314E-03  -0.317770257E-03  -0.333177638E-03  -0.349288049E-03
  -0.366134567E-03  -0.383751965E-03  -0.402178635E-03  -0.421465440E-03
  -0.441667398E-03  -0.462841035E-03  -0.485044929E-03  -0.508339193E-03
  -0.532783442E-03  -0.558431081E-03  -0.585334683E-03  -0.613552576E-03
  -0.643163400E-03  -0.674252371E-03  -0.706908275E-03  -0.741228578E-03
  -0.777314600E-03  -0.815262061E-03  -0.855137193E-03  -0.896999339E-03
  -0.940914162E-03  -0.986970525E-03  -0.103526451E-02  -0.108586464E-02
  -0.113872227E-02  -0.119375655E-02  -0.125087801E-02  -0.130997212E-02
  -0.137091486E-02  -0.143381924E-02  -0.149977212E-02  -0.157013400E-02
  -0.164630106E-02  -0.172970526E-02  -0.182181424E-02
   0.000000000E+00   0.000000000E+00   0.000000000E+00   0.465716723E-09
   0.107570005E-07   0.423500700E-07   0.981924121E-07   0.175132966E-06
   0.266358369E-06   0.363338620E-06   0.457326926E-06   0.540458446E-06
   0.606492697E-06   0.651244357E-06   0.672747208E-06   0.671195959E-06
   0.648710702E-06   0.608968733E-06   0.556748483E-06   0.497430308E-06
   0.436498877E-06   0.379091899E-06   0.329639932E-06   0.291642024E-06
   0.267621921E-06   0.457867669E-05   0.496262043E-05   0.536925989E-05
   0.580546168E-05   0.626814253E-05   0.675079605E-05   0.724769780E-05
   0.775970762E-05   0.828973119E-05   0.884008960E-05   0.940939917E-05
   0.999506759E-05   0.105969803E-04   0.112264375E-04   0.118988692E-04
   0.126257363E-04   0.133970246E-04   0.141957421E-04   0.150067501E-04
   0.158283427E-04   0.166625271E-04   0.175119324E-04   0.183809983E-04
   0.192749658E-04   0.201987333E-04   0.211543731E-04   0.221432624E-04
   0.231672242E-04   0.242297489E-04   0.253349365E-04   0.264848467E-04
   0.276723359E-04   0.288873090E-04   0.301225290E-04   0.313849581E-04
   0.326857872E-04   0.340339982E-04   0.354271329E-04   0.368594606E-04
   0.383260953E-04   0.398269505E-04   0.413632190E-04   0.429361922E-04
   0.445473984E-04   0.461984788E-04   0.478906225E-04   0.496229416E-04
   0.513939322E-04   0.532022972E-04   0.550479291E-04   0.569310229E-04
   0.588518972E-04   0.608113956E-04   0.628105225E-04   0.648501044E-04
   0.669301259E-04   0.690503338E-04   0.712104474E-04   0.734101654E-04
   0.756491600E-04   0.779272659E-04   0.802450752E-04   0.826033921E-04
   0.850029953E-04   0.874444796E-04   0.899284012E-04   0.924552602E-04
   0.950252932E-04   0.976386646E-04   0.100295386E-03   0.102994867E-03
   0.105736331E-03   0.108519402E-03   0.111345490E-03   0.114216505E-03
   0.117134077E-03   0.120098459E-03   0.123109545E-03   0.126167454E-03
   0.129273292E-03   0.132428442E-03   0.135634449E-03   0.138893396E-03
   0.142207551E-03   0.145579462E-03   0.149012616E-03   0.152510822E-03
   0.156077643E-03   0.159715277E-03   0.163425605E-03   0.167210729E-03
   0.171073536E-03   0.175017172E-03   0.179048196E-03   0.183186833E-03
   0.187457349E-03   0.191881490E-03   0.196468448E-03   0.201224305E-03
   0.206149018E-03   0.211217352E-03   0.216396843E-03   0.221690484E-03
   0.227248689E-03   0.233263657E-03   0.239876293E-03   0.247001376E-03
   0.254492725E-03   0.262220767E-03   0.270137845E-03   0.278216438E-03
   0.286473180E-03   0.295106609E-03   0.304366703E-03   0.314404953E-03
   0.324951640E-03   0.335621853E-03   0.346199148E-03   0.357184550E-03
   0.369275378E-03   0.383049091E-03   0.398538446E-03   0.415635239E-03
   0.434227450E-03   0.454199242E-03   0.475430962E-03
   0.000000000E+00   0.000000000E+00   0.467255512E-09   0.107168314E-07
   0.418522444E-07   0.961358700E-07   0.169610796E-06   0.254690814E-06
   0.342220354E-06   0.423052733E-06   0.489195020E-06   0.534567905E-06
   0.555428874E-06   0.550507069E-06   0.520898144E-06   0.469767489E-06
   0.401910137E-06   0.323215730E-06   0.240086846E-06   0.158859073E-06
   0.852711415E-07   0.240334694E-07  -0.214565315E-07  -0.492040549E-07
   0.460845297E-05   0.502328995E-05   0.546277551E-05   0.592127623E-05
   0.639417667E-05   0.688434977E-05   0.739723371E-05   0.793786380E-05
   0.850715975E-05   0.910482967E-05   0.972997556E-05   0.103796031E-04
   0.110498138E-04   0.117374324E-04   0.124438470E-04   0.131718788E-04
   0.139239629E-04   0.146999401E-04   0.154988856E-04   0.163206643E-04
   0.171687965E-04   0.180480526E-04   0.189627427E-04   0.199140129E-04
   0.209021416E-04   0.219270357E-04   0.229872226E-04   0.240807149E-04
   0.252053340E-04   0.263587662E-04   0.275385137E-04   0.287425656E-04
   0.299715590E-04   0.312268927E-04   0.325099735E-04   0.338219307E-04
   0.351638673E-04   0.365366981E-04   0.379403693E-04   0.393745491E-04
   0.408386659E-04   0.423312733E-04   0.438506150E-04   0.453947976E-04
   0.469617132E-04   0.485491084E-04   0.501549085E-04   0.517781537E-04
   0.534181572E-04   0.550741473E-04   0.567450609E-04   0.584297296E-04
   0.601266205E-04   0.618328282E-04   0.635449885E-04   0.652599104E-04
   0.669755552E-04   0.686901457E-04   0.704015197E-04   0.721060845E-04
   0.737997720E-04   0.754785076E-04   0.771386404E-04   0.787765488E-04
   0.803882867E-04   0.819689095E-04   0.835130935E-04   0.850152327E-04
   0.864690782E-04   0.878680708E-04   0.892054781E-04   0.904744693E-04
   0.916680459E-04   0.927785430E-04   0.937961615E-04   0.947103273E-04
   0.955104616E-04   0.961869155E-04   0.967301019E-04   0.971297156E-04
   0.973732482E-04   0.974473700E-04   0.973381121E-04   0.970299697E-04
   0.965067384E-04   0.957509104E-04   0.947409420E-04   0.934538068E-04
   0.918660880E-04   0.899546503E-04   0.876960110E-04   0.850672474E-04
   0.820494431E-04   0.786244566E-04   0.747715899E-04   0.704607549E-04
   0.656588916E-04   0.603266815E-04   0.544017535E-04   0.478144820E-04
   0.404934978E-04   0.323660692E-04   0.233577432E-04   0.133989888E-04
   0.244592235E-05  -0.953924565E-05  -0.225626625E-04  -0.365002300E-04
  -0.511907572E-04  -0.665255380E-04  -0.826254282E-04  -0.996733395E-04
  -0.117867356E-03  -0.137451659E-03  -0.158687238E-03  -0.181781527E-03
  -0.206703719E-03  -0.233359896E-03  -0.261725124E-03  -0.292065267E-03
  -0.324726421E-03  -0.360015100E-03  -0.398050795E-03  -0.438906091E-03
  -0.482654270E-03  -0.529369305E-03  -0.579125867E-03
   0.000000000E+00   0.000000000E+00   0.000000000E+00   0.000000000E+00
   0.000000000E+00   0.000000000E+00   0.000000000E+00   0.000000000E+00
   0.000000000E+00   0.000000000E+00   0.000000000E+00   0.000000000E+00
   0.000000000E+00  -0.469176099E-09  -0.111307279E-07  -0.451396688E-07
  -0.108161973E-06  -0.200110138E-06  -0.317032105E-06  -0.452652858E-06
  -0.599600382E-06  -0.750347652E-06  -0.897902335E-06  -0.103627588E-05
  -0.116076370E-05  -0.126806801E-05  -0.135629524E-05  -0.142485940E-05
  -0.147432326E-05  -0.150620908E-05  -0.152281032E-05  -0.152703628E-05
  -0.152232115E-05  -0.151262927E-05  -0.150258822E-05  -0.455584208E-05
  -0.482766970E-05  -0.511477534E-05  -0.541485259E-05  -0.572306314E-05
  -0.603516022E-05  -0.635109119E-05  -0.667201417E-05  -0.699997939E-05
  -0.734032179E-05  -0.769965264E-05  -0.808247792E-05  -0.848273803E-05
  -0.889099323E-05  -0.929945673E-05  -0.970985021E-05  -0.101266633E-04
  -0.105536196E-04  -0.109900445E-04  -0.114340100E-04  -0.118843711E-04
  -0.123436870E-04  -0.128156711E-04  -0.133031638E-04  -0.138045768E-04
  -0.143170190E-04  -0.148379449E-04  -0.153668921E-04  -0.159039440E-04
  -0.164493675E-04  -0.170041571E-04  -0.175695504E-04  -0.181463675E-04
  -0.187334750E-04  -0.193291598E-04  -0.199321418E-04  -0.205432380E-04
  -0.211638661E-04  -0.217951426E-04  -0.224366931E-04  -0.230877267E-04
  -0.237476365E-04  -0.244167080E-04  -0.250954768E-04  -0.257843050E-04
  -0.264827576E-04  -0.271901703E-04  -0.279060220E-04  -0.286304829E-04
  -0.293639139E-04  -0.301067420E-04  -0.308596077E-04  -0.316232300E-04
  -0.323981473E-04  -0.331840621E-04  -0.339804436E-04  -0.347869521E-04
  -0.356041108E-04  -0.364326866E-04  -0.372734290E-04  -0.381269191E-04
  -0.389937089E-04  -0.398742750E-04  -0.407687283E-04  -0.416770828E-04
  -0.425996993E-04  -0.435383680E-04  -0.444953033E-04  -0.454724234E-04
  -0.464701942E-04  -0.474887053E-04  -0.485284277E-04  -0.495914097E-04
  -0.506801619E-04  -0.517972515E-04  -0.529452300E-04  -0.541267013E-04
  -0.553444109E-04  -0.566014514E-04  -0.579010707E-04  -0.592462417E-04
  -0.606385438E-04  -0.620792119E-04  -0.635709997E-04  -0.651227972E-04
  -0.667452938E-04  -0.684478031E-04  -0.702330652E-04  -0.721021361E-04
  -0.740622477E-04  -0.761457855E-04  -0.783924094E-04  -0.808322607E-04
  -0.834531859E-04  -0.862316588E-04  -0.891457258E-04  -0.921823906E-04
  -0.953306378E-04  -0.985939497E-04  -0.102035882E-03  -0.105736952E-03
  -0.109773191E-03  -0.114195403E-03  -0.119048814E-03  -0.124363909E-03
  -0.130108040E-03  -0.136231313E-03  -0.142687624E-03  -0.149451224E-03
  -0.156500989E-03  -0.163874460E-03  -0.171849280E-03  -0.180770767E-03
  -0.190993346E-03  -0.202880552E-03  -0.216805029E-03
   0.000000000E+00   0.000000000E+00   0.000000000E+00   0.000000000E+00
   0.000000000E+00   0.000000000E+00   0.000000000E+00   0.000000000E+00
   0.000000000E+00   0.000000000E+00   0.000000000E+00   0.467730040E-09
   0.110986529E-07   0.450193375E-07   0.107898773E-06   0.199673167E-06
   0.316424755E-06   0.451915467E-06   0.598806941E-06   0.749598361E-06
   0.897313588E-06   0.103596908E-05   0.116085404E-05   0.126865434E-05
   0.135745165E-05   0.142662917E-05   0.147671570E-05   0.150919918E-05
   0.152634146E-05   0.153102566E-05   0.152666758E-05   0.151722266E-05
   0.150732006E-05   0.454136874E-05   0.481148550E-05   0.509120386E-05
   0.539645130E-05   0.573886503E-05   0.610635690E-05   0.647895541E-05
   0.684022127E-05   0.719548537E-05   0.755674543E-05   0.793337433E-05
   0.831976675E-05   0.870570879E-05   0.908336208E-05   0.945769710E-05
   0.983763200E-05   0.102313192E-04   0.106411820E-04   0.110681734E-04
   0.115120501E-04   0.119674901E-04   0.124274543E-04   0.128870283E-04
   0.133517822E-04   0.138304739E-04   0.143288964E-04   0.148386082E-04
   0.153468405E-04   0.158434533E-04   0.163318577E-04   0.168193521E-04
   0.173119954E-04   0.178091331E-04   0.183082695E-04   0.188071833E-04
   0.193052330E-04   0.198021887E-04   0.202976714E-04   0.207906681E-04
   0.212799675E-04   0.217640118E-04   0.222399671E-04   0.227045629E-04
   0.231552263E-04   0.235927028E-04   0.240186798E-04   0.244337990E-04
   0.248340381E-04   0.252140043E-04   0.255695618E-04   0.259024499E-04
   0.262160650E-04   0.265122308E-04   0.267857054E-04   0.270292145E-04
   0.272363509E-04   0.274051762E-04   0.275349103E-04   0.276242074E-04
   0.276693498E-04   0.276659128E-04   0.276094729E-04   0.274960289E-04
   0.273216130E-04   0.270823352E-04   0.267749333E-04   0.263962632E-04
   0.259421583E-04   0.254044513E-04   0.247737396E-04   0.240411736E-04
   0.232010454E-04   0.222483801E-04   0.211773987E-04   0.199793306E-04
   0.186444536E-04   0.171625754E-04   0.155223656E-04   0.137119796E-04
   0.117190548E-04   0.953004279E-05   0.713083435E-05   0.450695027E-05
   0.164347253E-05  -0.147489115E-05  -0.486393995E-05  -0.854045426E-05
  -0.125217502E-04  -0.168285183E-04  -0.214939932E-04  -0.265553278E-04
  -0.320502947E-04  -0.380161919E-04  -0.444908735E-04  -0.515117595E-04
  -0.591117243E-04  -0.673229751E-04  -0.761834776E-04  -0.857525805E-04
  -0.960962545E-04  -0.107274079E-03  -0.119314797E-03  -0.132239440E-03
  -0.146066715E-03  -0.160805413E-03  -0.176461604E-03  -0.193058585E-03
  -0.210690432E-03  -0.229471223E-03  -0.249520977E-03  -0.270975424E-03
  -0.293976732E-03  -0.318712596E-03  -0.345545324E-03  -0.374889164E-03
  -0.407168639E-03  -0.442818546E-03  -0.482283957E-03
   0.000000000E+00   0.000000000E+00   0.000000000E+00   0.000000000E+00
   0.000000000E+00   0.000000000E+00   0.000000000E+00   0.000000000E+00
   0.000000000E+00   0.000000000E+00   0.000000000E+00   0.000000000E+00
   0.000000000E+00   0.000000000E+00   0.000000000E+00   0.000000000E+00
   0.000000000E+00   0.000000000E+00   0.000000000E+00   0.000000000E+00
   0.000000000E+00   0.000000000E+00   0.000000000E+00   0.000000000E+00
   0.000000000E+00   0.000000000E+00   0.000000000E+00   0.000000000E+00
   0.000000000E+00   0.000000000E+00   0.000000000E+00   0.000000000E+00
   0.000000000E+00   0.000000000E+00   0.435003143E-09   0.951938614E-08
   0.351078361E-07   0.751058510E-07   0.121020814E-06   0.161254012E-06
   0.183670355E-06   0.177511686E-06   0.134719536E-06   0.507332296E-07
  -0.751708092E-07  -0.239932651E-06  -0.437089495E-06  -0.657417455E-06
  -0.889768623E-06  -0.112203754E-05  -0.134219119E-05  -0.153929661E-05
  -0.170448036E-05  -0.183175376E-05  -0.191863825E-05  -0.196652481E-05
   0.437890683E-05   0.494420537E-05   0.554732725E-05   0.619065181E-05
   0.687650965E-05   0.760755535E-05   0.838753295E-05   0.922059862E-05
   0.101103216E-04   0.110573012E-04   0.120612877E-04   0.131227022E-04
   0.142450742E-04   0.154328603E-04   0.166902342E-04   0.180196760E-04
   0.194232402E-04   0.209032466E-04   0.224630605E-04   0.241063880E-04
   0.258368960E-04   0.276577899E-04   0.295721962E-04   0.315838846E-04
   0.336990941E-04   0.359248706E-04   0.382675069E-04   0.407294904E-04
   0.433122909E-04   0.460185245E-04   0.488556723E-04   0.518326727E-04
   0.549580754E-04   0.582379642E-04   0.616778658E-04   0.652838606E-04
   0.690639810E-04   0.730269221E-04   0.771813234E-04   0.815349182E-04
   0.860953199E-04   0.908710410E-04   0.958738051E-04   0.101116405E-03
   0.106611467E-03   0.112369908E-03   0.118402366E-03   0.124720353E-03
   0.131338281E-03   0.138271571E-03   0.145536210E-03   0.153149334E-03
   0.161128679E-03   0.169492521E-03   0.178260061E-03   0.187451063E-03
   0.197085419E-03   0.207182201E-03   0.217760548E-03   0.228842540E-03
   0.240461078E-03   0.252652493E-03   0.265454580E-03   0.278908293E-03
   0.293056152E-03   0.307938304E-03   0.323582124E-03   0.340011998E-03
   0.357257491E-03   0.375368150E-03   0.394399561E-03   0.414407537E-03
   0.435444901E-03   0.457564521E-03   0.480848336E-03   0.505493035E-03
   0.531729113E-03   0.559740830E-03   0.589505595E-03   0.620945899E-03
   0.653955187E-03   0.688318855E-03   0.723789074E-03   0.760203795E-03
   0.797772802E-03   0.836806465E-03   0.877568204E-03   0.920105394E-03
   0.964409889E-03   0.101056696E-02   0.105904368E-02   0.111041485E-02
   0.116526994E-02   0.122421306E-02   0.128786296E-02
   0.000000000E+00   0.000000000E+00   0.000000000E+00   0.000000000E+00
   0.000000000E+00   0.000000000E+00   0.000000000E+00   0.000000000E+00
   0.000000000E+00   0.000000000E+00   0.000000000E+00   0.000000000E+00
   0.000000000E+00   0.000000000E+00   0.000000000E+00   0.000000000E+00
   0.000000000E+00   0.000000000E+00   0.000000000E+00   0.000000000E+00
   0.000000000E+00   0.000000000E+00   0.000000000E+00   0.000000000E+00
   0.000000000E+00   0.000000000E+00   0.000000000E+00   0.000000000E+00
   0.000000000E+00   0.000000000E+00   0.000000000E+00   0.000000000E+00
   0.436451220E-09   0.946629909E-08   0.345105967E-07   0.726898301E-07
   0.114592440E-06   0.147740936E-06   0.159290928E-06   0.138033040E-06
   0.757676513E-07  -0.318775412E-07  -0.185117213E-06  -0.380095365E-06
  -0.609319594E-06  -0.862372711E-06  -0.112683174E-05  -0.138932437E-05
  -0.163665281E-05  -0.185691522E-05  -0.204055464E-05  -0.218126548E-05
  -0.227668767E-05  -0.232881845E-05   0.440988512E-05   0.501023685E-05
   0.565526176E-05   0.634474544E-05   0.707889493E-05   0.786001286E-05
   0.869102567E-05   0.957490711E-05   0.105144860E-04   0.115126165E-04
   0.125723017E-04   0.136968964E-04   0.148899264E-04   0.161548428E-04
   0.174944477E-04   0.189114079E-04   0.204084338E-04   0.219882828E-04
   0.236537563E-04   0.254079463E-04   0.272550042E-04   0.291994467E-04
   0.312457812E-04   0.333980905E-04   0.356604094E-04   0.380369525E-04
   0.405324161E-04   0.431517034E-04   0.458999977E-04   0.487832829E-04
   0.518078686E-04   0.549801654E-04   0.583065004E-04   0.617932865E-04
   0.654471128E-04   0.692748437E-04   0.732835275E-04   0.774805865E-04
   0.818744989E-04   0.864741696E-04   0.912885964E-04   0.963265026E-04
   0.101596676E-03   0.107108463E-03   0.112872931E-03   0.118901792E-03
   0.125207088E-03   0.131801363E-03   0.138697502E-03   0.145908840E-03
   0.153449652E-03   0.161334697E-03   0.169579328E-03   0.178200323E-03
   0.187215114E-03   0.196641444E-03   0.206497140E-03   0.216800331E-03
   0.227570103E-03   0.238828313E-03   0.250597898E-03   0.262903235E-03
   0.275773057E-03   0.289237717E-03   0.303328884E-03   0.318081429E-03
   0.333531647E-03   0.349715412E-03   0.366664362E-03   0.384409486E-03
   0.402984707E-03   0.422434124E-03   0.442805190E-03   0.464155259E-03
   0.486578759E-03   0.510181555E-03   0.535064233E-03   0.561297643E-03
   0.588946004E-03   0.618063414E-03   0.648659108E-03   0.680730322E-03
   0.714267769E-03   0.749238175E-03   0.785600823E-03   0.823311844E-03
   0.862320178E-03   0.902571406E-03   0.944052372E-03   0.986923554E-03
   0.103139340E-02   0.107774211E-02   0.112652467E-02   0.117837790E-02
   0.123395488E-02   0.129392499E-02   0.135897384E-02
   0.000000000E+00   0.000000000E+00   0.000000000E+00   0.000000000E+00
   0.000000000E+00   0.000000000E+00   0.000000000E+00   0.000000000E+00
   0.000000000E+00   0.000000000E+00   0.000000000E+00   0.000000000E+00
   0.000000000E+00   0.000000000E+00   0.000000000E+00   0.000000000E+00
   0.000000000E+00   0.000000000E+00   0.000000000E+00   0.000000000E+00
   0.000000000E+00   0.000000000E+00   0.000000000E+00   0.000000000E+00
   0.000000000E+00   0.000000000E+00   0.000000000E+00   0.000000000E+00
   0.000000000E+00   0.000000000E+00   0.000000000E+00   0.000000000E+00
   0.000000000E+00   0.000000000E+00   0.000000000E+00   0.000000000E+00
   0.000000000E+00  -0.472742833E-09  -0.108083107E-07  -0.420541786E-07
  -0.961838001E-07  -0.168832632E-06  -0.251984693E-06  -0.336105656E-06
  -0.411772976E-06  -0.470853500E-06  -0.507279060E-06  -0.517470528E-06
  -0.500460789E-06  -0.457767140E-06  -0.393063569E-06  -0.311703407E-06
  -0.220142824E-06  -0.125315651E-06  -0.340100025E-07   0.477028181E-07
   0.114936653E-06   0.164305588E-06   0.194035337E-06  -0.466922406E-05
  -0.510238357E-05  -0.555632257E-05  -0.603339987E-05  -0.653685422E-05
  -0.706982991E-05  -0.763454509E-05  -0.823303196E-05  -0.886686371E-05
  -0.953549829E-05  -0.102377603E-04  -0.109730746E-04  -0.117437051E-04
  -0.125527415E-04  -0.134030249E-04  -0.142959751E-04  -0.152326493E-04
  -0.162143503E-04  -0.172433749E-04  -0.183223356E-04  -0.194537311E-04
  -0.206393453E-04  -0.218807945E-04  -0.231799270E-04  -0.245394754E-04
  -0.259624604E-04  -0.274519492E-04  -0.290109410E-04  -0.306424718E-04
  -0.323496105E-04  -0.341353364E-04  -0.360026520E-04  -0.379548768E-04
  -0.399964355E-04  -0.421321313E-04  -0.443669113E-04  -0.467059109E-04
  -0.491544124E-04  -0.517175838E-04  -0.543997163E-04  -0.572049308E-04
  -0.601381065E-04  -0.632069956E-04  -0.664202600E-04  -0.697864176E-04
  -0.733126708E-04  -0.770059971E-04  -0.808738502E-04  -0.849251706E-04
  -0.891694431E-04  -0.936168031E-04  -0.982793512E-04  -0.103169925E-03
  -0.108301676E-03  -0.113688066E-03  -0.119342870E-03  -0.125280111E-03
  -0.131513856E-03  -0.138058406E-03  -0.144929621E-03  -0.152148773E-03
  -0.159738925E-03  -0.167724595E-03  -0.176134488E-03  -0.184998923E-03
  -0.194347144E-03  -0.204201768E-03  -0.214584016E-03  -0.225522622E-03
  -0.237075674E-03  -0.249310008E-03  -0.262284851E-03  -0.276023212E-03
  -0.290538908E-03  -0.305847533E-03  -0.321971881E-03  -0.338936814E-03
  -0.356775582E-03  -0.375554470E-03  -0.395349450E-03  -0.416206389E-03
  -0.438043633E-03  -0.460744382E-03  -0.484283051E-03  -0.509015536E-03
  -0.535403667E-03  -0.563811588E-03  -0.594169740E-03  -0.626294195E-03
  -0.659995118E-03  -0.695076768E-03  -0.731337503E-03
   0.000000000E+00   0.000000000E+00   0.000000000E+00   0.000000000E+00
   0.000000000E+00   0.000000000E+00   0.000000000E+00   0.000000000E+00
   0.000000000E+00   0.000000000E+00   0.000000000E+00   0.000000000E+00
   0.000000000E+00   0.000000000E+00   0.000000000E+00   0.000000000E+00
   0.000000000E+00   0.000000000E+00   0.000000000E+00   0.000000000E+00
   0.000000000E+00   0.000000000E+00   0.000000000E+00   0.000000000E+00
   0.000000000E+00   0.000000000E+00   0.000000000E+00   0.000000000E+00
   0.000000000E+00   0.000000000E+00   0.000000000E+00   0.000000000E+00
   0.000000000E+00   0.000000000E+00   0.455749340E-09   0.104131777E-07
   0.404867855E-07   0.925184136E-07   0.162230952E-06   0.241831045E-06
   0.322074933E-06   0.393846382E-06   0.449295681E-06   0.482588670E-06
   0.490314748E-06   0.471602853E-06   0.427994354E-06   0.363121834E-06
   0.282242730E-06   0.191676788E-06   0.981962973E-07   0.841808339E-08
  -0.717537938E-07  -0.137585658E-06  -0.185823193E-06  -0.214802806E-06
   0.450266041E-05   0.492283613E-05   0.537852163E-05   0.586991896E-05
   0.639593654E-05   0.695579422E-05   0.755047039E-05   0.818142156E-05
   0.884934464E-05   0.955170569E-05   0.102849393E-04   0.110469569E-04
   0.118425811E-04   0.126786833E-04   0.135612795E-04   0.144917488E-04
   0.154702331E-04   0.164970221E-04   0.175731906E-04   0.187000228E-04
   0.198792185E-04   0.211141536E-04   0.224087370E-04   0.237661533E-04
   0.251861895E-04   0.266676681E-04   0.282106700E-04   0.298208166E-04
   0.315053588E-04   0.332706573E-04   0.351185610E-04   0.370497259E-04
   0.390655294E-04   0.411704553E-04   0.433699016E-04   0.456688862E-04
   0.480703772E-04   0.505768320E-04   0.531911579E-04   0.559180455E-04
   0.587627367E-04   0.617309642E-04   0.648300698E-04   0.680679687E-04
   0.714519672E-04   0.749862171E-04   0.786740796E-04   0.825198590E-04
   0.865316455E-04   0.907186694E-04   0.950901811E-04   0.996547904E-04
   0.104421082E-03   0.109398238E-03   0.114597298E-03   0.120029982E-03
   0.125707539E-03   0.131638461E-03   0.137830622E-03   0.144292585E-03
   0.151035351E-03   0.158070719E-03   0.165412518E-03   0.173082118E-03
   0.181103253E-03   0.189499748E-03   0.198293961E-03   0.207508248E-03
   0.217164206E-03   0.227278823E-03   0.237868107E-03   0.248952242E-03
   0.260567609E-03   0.272755446E-03   0.285550934E-03   0.298961602E-03
   0.312987723E-03   0.327633027E-03   0.342916193E-03   0.358859976E-03
   0.375491310E-03   0.392852957E-03   0.410992475E-03   0.429931680E-03
   0.449584733E-03   0.469835811E-03   0.490526107E-03   0.511333387E-03
   0.531886329E-03   0.552052978E-03   0.572703361E-03   0.594984747E-03
   0.620075478E-03   0.649184974E-03   0.683553727E-03
   0.000000000E+00   0.000000000E+00   0.000000000E+00   0.000000000E+00
   0.000000000E+00   0.000000000E+00   0.000000000E+00   0.000000000E+00
   0.000000000E+00   0.000000000E+00   0.000000000E+00   0.000000000E+00
   0.000000000E+00   0.000000000E+00   0.000000000E+00   0.000000000E+00
   0.000000000E+00   0.000000000E+00   0.000000000E+00   0.000000000E+00
   0.000000000E+00   0.000000000E+00   0.000000000E+00   0.000000000E+00
   0.000000000E+00   0.000000000E+00   0.000000000E+00   0.000000000E+00
   0.000000000E+00   0.000000000E+00   0.000000000E+00   0.000000000E+00
  -0.492877545E-09  -0.119807340E-07  -0.498435451E-07  -0.122674028E-06
  -0.233403027E-06  -0.380730194E-06  -0.560333650E-06  -0.765878773E-06
  -0.989846292E-06  -0.122419982E-05  -0.146091300E-05  -0.169237643E-05
  -0.191170451E-05  -0.211296235E-05  -0.229133298E-05  -0.244324491E-05
  -0.256648025E-05  -0.266028361E-05  -0.272549181E-05  -0.276470465E-05
  -0.278251691E-05  -0.278583165E-05  -0.473032715E-05  -0.490330956E-05
  -0.507621389E-05  -0.525600268E-05  -0.544731544E-05  -0.564360839E-05
  -0.583494373E-05  -0.601343258E-05  -0.618174158E-05  -0.634556615E-05
  -0.650967018E-05  -0.667372178E-05  -0.683599945E-05  -0.699458554E-05
  -0.714706212E-05  -0.729078307E-05  -0.742338830E-05  -0.754411047E-05
  -0.765260013E-05  -0.774845897E-05  -0.783105572E-05  -0.789969243E-05
  -0.795333665E-05  -0.798961139E-05  -0.800571102E-05  -0.799895559E-05
  -0.796752760E-05  -0.790980139E-05  -0.782415377E-05  -0.770909477E-05
  -0.756314821E-05  -0.738442300E-05  -0.716941407E-05  -0.691410112E-05
  -0.661445669E-05  -0.626684664E-05  -0.586766205E-05  -0.541321680E-05
  -0.489982250E-05  -0.432371944E-05  -0.368093526E-05  -0.296692202E-05
  -0.217689160E-05  -0.130571092E-05  -0.347224201E-06   0.705119136E-06
   0.185796983E-05   0.311783442E-05   0.449130212E-05   0.598534340E-05
   0.760798955E-05   0.936770023E-05   0.112732987E-04   0.133344381E-04
   0.155611669E-04   0.179638780E-04   0.205536125E-04   0.233417760E-04
   0.263407010E-04   0.295656698E-04   0.330330212E-04   0.367590554E-04
   0.407586605E-04   0.450466008E-04   0.496394957E-04   0.545605446E-04
   0.598350892E-04   0.654879488E-04   0.715398891E-04   0.780109442E-04
   0.849170315E-04   0.922561110E-04   0.100021225E-03   0.108229932E-03
   0.117000850E-03   0.126481444E-03   0.136785176E-03   0.147874407E-03
   0.159671027E-03   0.172099832E-03   0.185106039E-03   0.198638722E-03
   0.212680471E-03   0.227355361E-03   0.242826696E-03   0.259242373E-03
   0.276674174E-03   0.295175333E-03   0.314781153E-03   0.335451089E-03
   0.357123731E-03   0.379759772E-03   0.403416211E-03   0.428175834E-03
   0.454123266E-03   0.481344969E-03   0.509929245E-03
   0.000000000E+00   0.000000000E+00   0.000000000E+00   0.000000000E+00
   0.000000000E+00   0.000000000E+00   0.000000000E+00   0.000000000E+00
   0.000000000E+00   0.000000000E+00   0.000000000E+00   0.000000000E+00
   0.000000000E+00   0.000000000E+00   0.000000000E+00   0.000000000E+00
   0.000000000E+00   0.000000000E+00   0.000000000E+00   0.000000000E+00
   0.000000000E+00   0.000000000E+00   0.000000000E+00   0.000000000E+00
   0.000000000E+00   0.000000000E+00   0.000000000E+00   0.000000000E+00
   0.000000000E+00   0.000000000E+00  -0.480231182E-09  -0.116264826E-07
  -0.481700328E-07  -0.118053182E-06  -0.223639392E-06  -0.363197404E-06
  -0.532146595E-06  -0.724085329E-06  -0.931624086E-06  -0.114704516E-05
  -0.136281070E-05  -0.157194080E-05  -0.176828362E-05  -0.194669900E-05
  -0.210317764E-05  -0.223491748E-05  -0.234037907E-05  -0.241934169E-05
  -0.247298206E-05  -0.250399739E-05  -0.251679453E-05  -0.251776696E-05
  -0.461801873E-05  -0.480489315E-05  -0.498636114E-05  -0.516012201E-05
  -0.532674534E-05  -0.548764810E-05  -0.564426573E-05  -0.579767894E-05
  -0.594894177E-05  -0.609869479E-05  -0.624559429E-05  -0.638770214E-05
  -0.652302329E-05  -0.664966909E-05  -0.676571194E-05  -0.686915786E-05
  -0.695801894E-05  -0.703024852E-05  -0.708395597E-05  -0.711814577E-05
  -0.713205299E-05  -0.712469176E-05  -0.709416778E-05  -0.703829916E-05
  -0.695469624E-05  -0.684034176E-05  -0.669197156E-05  -0.650639938E-05
  -0.628111598E-05  -0.601374382E-05  -0.570148554E-05  -0.533999885E-05
  -0.492442421E-05  -0.444999047E-05  -0.391279258E-05  -0.330907895E-05
  -0.263470623E-05  -0.188421249E-05  -0.105166907E-05  -0.130844554E-06
   0.885193776E-06   0.200371259E-05   0.323208471E-05   0.457747555E-05
   0.604713291E-05   0.764907632E-05   0.939391561E-05   0.112931662E-04
   0.133583492E-04   0.156000001E-04   0.180285892E-04   0.206553616E-04
   0.234939512E-04   0.265588788E-04   0.298654088E-04   0.334306909E-04
   0.372726958E-04   0.414107803E-04   0.458685455E-04   0.506711665E-04
   0.558437835E-04   0.614093625E-04   0.673906975E-04   0.738108549E-04
   0.806924369E-04   0.880582718E-04   0.959348689E-04   0.104362293E-03
   0.113384892E-03   0.123051725E-03   0.133427605E-03   0.144582713E-03
   0.156588608E-03   0.169516832E-03   0.183440226E-03   0.198430851E-03
   0.214552266E-03   0.231866814E-03   0.250411476E-03   0.270116343E-03
   0.290881635E-03   0.312653318E-03   0.335574252E-03   0.359841214E-03
   0.385652936E-03   0.413200003E-03   0.442674421E-03   0.474197254E-03
   0.507587399E-03   0.542580841E-03   0.579054160E-03   0.617479842E-03
   0.658494053E-03   0.702662155E-03   0.750211072E-03   0.801283634E-03
   0.856024975E-03   0.914582528E-03   0.977106030E-03
   0.000000000E+00   0.000000000E+00   0.000000000E+00   0.000000000E+00
   0.000000000E+00   0.000000000E+00   0.000000000E+00   0.000000000E+00
   0.000000000E+00   0.000000000E+00   0.000000000E+00   0.000000000E+00
   0.000000000E+00   0.000000000E+00   0.000000000E+00   0.000000000E+00
   0.000000000E+00   0.000000000E+00   0.000000000E+00   0.000000000E+00
   0.000000000E+00   0.000000000E+00   0.000000000E+00   0.000000000E+00
   0.000000000E+00   0.000000000E+00   0.000000000E+00   0.000000000E+00
   0.000000000E+00   0.000000000E+00   0.000000000E+00   0.000000000E+00
   0.000000000E+00   0.000000000E+00   0.000000000E+00   0.000000000E+00
   0.000000000E+00   0.000000000E+00   0.000000000E+00   0.000000000E+00
   0.000000000E+00   0.000000000E+00   0.000000000E+00   0.000000000E+00
   0.000000000E+00   0.000000000E+00   0.000000000E+00   0.000000000E+00
   0.000000000E+00   0.000000000E+00   0.000000000E+00   0.000000000E+00
   0.000000000E+00   0.000000000E+00   0.000000000E+00   0.000000000E+00
   0.000000000E+00   0.000000000E+00   0.000000000E+00   0.000000000E+00
   0.000000000E+00   0.000000000E+00   0.000000000E+00   0.000000000E+00
   0.000000000E+00   0.000000000E+00   0.000000000E+00   0.000000000E+00
   0.000000000E+00   0.000000000E+00   0.000000000E+00   0.000000000E+00
   0.000000000E+00   0.000000000E+00  -0.395035996E-09  -0.804944957E-08
  -0.268675694E-07  -0.494837668E-07  -0.619312128E-07  -0.477770298E-07
   0.869612021E-08   0.120175038E-06   0.294780609E-06   0.535225085E-06
   0.838575035E-06   0.119653302E-05   0.159615102E-05   0.202088859E-05
   0.245192887E-05   0.286966542E-05   0.325527289E-05   0.359227459E-05
   0.386802002E-05   0.407498533E-05   0.421180973E-05   0.428398101E-05
  -0.409175661E-05  -0.483805347E-05  -0.564343997E-05  -0.650960080E-05
  -0.743891723E-05  -0.843657262E-05  -0.950859731E-05  -0.106608512E-04
  -0.118979544E-04  -0.132242825E-04  -0.146445960E-04  -0.161649295E-04
  -0.177917629E-04  -0.195320598E-04  -0.213942585E-04  -0.233873464E-04
  -0.255204056E-04  -0.278021909E-04  -0.302415248E-04  -0.328475336E-04
  -0.356299566E-04  -0.385988559E-04  -0.417644874E-04  -0.451372064E-04
  -0.487275562E-04  -0.525490464E-04  -0.566265811E-04  -0.609885302E-04
  -0.656653874E-04  -0.706939403E-04  -0.761133413E-04  -0.819531391E-04
  -0.882007181E-04  -0.948320172E-04  -0.101836551E-03  -0.109261982E-03
  -0.117172009E-03  -0.125633301E-03  -0.134719358E-03  -0.144506853E-03
  -0.155053705E-03  -0.166335791E-03  -0.178306883E-03  -0.190946238E-03
  -0.204341759E-03  -0.218611139E-03  -0.233877651E-03  -0.250278116E-03
  -0.267955340E-03  -0.287034230E-03  -0.307556667E-03  -0.329543400E-03
  -0.353015069E-03  -0.377992200E-03  -0.404495214E-03
   0.000000000E+00   0.000000000E+00   0.000000000E+00   0.000000000E+00
   0.000000000E+00   0.000000000E+00   0.000000000E+00   0.000000000E+00
   0.000000000E+00   0.000000000E+00   0.000000000E+00   0.000000000E+00
   0.000000000E+00   0.000000000E+00   0.000000000E+00   0.000000000E+00
   0.000000000E+00   0.000000000E+00   0.000000000E+00   0.000000000E+00
   0.000000000E+00   0.000000000E+00   0.000000000E+00   0.000000000E+00
   0.000000000E+00   0.000000000E+00   0.000000000E+00   0.000000000E+00
   0.000000000E+00   0.000000000E+00   0.000000000E+00   0.000000000E+00
   0.000000000E+00   0.000000000E+00   0.000000000E+00   0.000000000E+00
   0.000000000E+00   0.000000000E+00   0.000000000E+00   0.000000000E+00
   0.000000000E+00   0.000000000E+00   0.000000000E+00   0.000000000E+00
   0.000000000E+00   0.000000000E+00   0.000000000E+00   0.000000000E+00
   0.000000000E+00   0.000000000E+00   0.000000000E+00   0.000000000E+00
   0.000000000E+00   0.000000000E+00   0.000000000E+00   0.000000000E+00
   0.000000000E+00   0.000000000E+00   0.000000000E+00   0.000000000E+00
   0.000000000E+00   0.000000000E+00   0.000000000E+00   0.000000000E+00
   0.000000000E+00   0.000000000E+00   0.000000000E+00   0.414079145E-09
   0.844819789E-08   0.282530136E-07   0.522061732E-07   0.657801419E-07
   0.518560735E-07  -0.595649240E-08  -0.120903430E-06  -0.301482652E-06
  -0.550562885E-06  -0.865133919E-06  -0.123659767E-05  -0.165150934E-05
  -0.209267812E-05  -0.254053652E-05  -0.297468799E-05  -0.337554184E-05
  -0.372594498E-05  -0.401271974E-05  -0.422801711E-05  -0.437039468E-05
  -0.444552874E-05   0.428693115E-05   0.506501122E-05   0.590598845E-05
   0.681436907E-05   0.779543192E-05   0.885443457E-05   0.999606418E-05
   0.112249450E-04   0.125459396E-04   0.139645410E-04   0.154865094E-04
   0.171183707E-04   0.188693350E-04   0.207495151E-04   0.227687448E-04
   0.249348206E-04   0.272551378E-04   0.297380121E-04   0.323950188E-04
   0.352388118E-04   0.382825276E-04   0.415402515E-04   0.450265825E-04
   0.487567649E-04   0.527475491E-04   0.570163862E-04   0.615812167E-04
   0.664606706E-04   0.716738803E-04   0.772419895E-04   0.831929791E-04
   0.895571347E-04   0.963659115E-04   0.103653195E-03   0.111454113E-03
   0.119806878E-03   0.128759654E-03   0.138364084E-03   0.148671046E-03
   0.159724399E-03   0.171566884E-03   0.184243106E-03   0.197802523E-03
   0.212296626E-03   0.227781332E-03   0.244327277E-03   0.262010081E-03
   0.280907831E-03   0.301103515E-03   0.322682715E-03   0.345715752E-03
   0.370205467E-03   0.396136739E-03   0.423501311E-03   0.452322263E-03
   0.482630779E-03   0.514597223E-03   0.548955667E-03   0.586600444E-03
   0.628449104E-03   0.675442416E-03   0.728544369E-03
   0.000000000E+00   0.000000000E+00   0.000000000E+00   0.000000000E+00
   0.000000000E+00   0.000000000E+00   0.000000000E+00   0.000000000E+00
   0.000000000E+00   0.000000000E+00   0.000000000E+00   0.000000000E+00
   0.000000000E+00   0.000000000E+00   0.000000000E+00   0.000000000E+00
   0.000000000E+00   0.000000000E+00   0.000000000E+00   0.000000000E+00
   0.000000000E+00   0.000000000E+00   0.000000000E+00   0.000000000E+00
   0.000000000E+00   0.000000000E+00   0.000000000E+00   0.000000000E+00
   0.000000000E+00   0.000000000E+00   0.000000000E+00   0.000000000E+00
   0.000000000E+00   0.000000000E+00   0.000000000E+00   0.000000000E+00
   0.000000000E+00   0.000000000E+00   0.000000000E+00   0.000000000E+00
   0.000000000E+00   0.000000000E+00   0.000000000E+00   0.000000000E+00
   0.000000000E+00  -0.485648742E-09  -0.113367109E-07  -0.451677341E-07
  -0.106147478E-06  -0.192243683E-06  -0.297533952E-06  -0.414064726E-06
  -0.533299566E-06  -0.647197942E-06  -0.748965777E-06  -0.833518934E-06
  -0.897700875E-06  -0.940295716E-06  -0.961877877E-06  -0.964539560E-06
  -0.951537260E-06  -0.926898539E-06  -0.895030265E-06  -0.860369543E-06
  -0.827118550E-06  -0.799104495E-06  -0.779805915E-06  -0.475155189E-05
  -0.510523770E-05  -0.547864718E-05  -0.587218735E-05  -0.628698687E-05
  -0.672439451E-05  -0.718562138E-05  -0.767116947E-05  -0.818134775E-05
  -0.871673814E-05  -0.927908776E-05  -0.987049987E-05  -0.104926287E-04
  -0.111450496E-04  -0.118267430E-04  -0.125375965E-04  -0.132814754E-04
  -0.140634186E-04  -0.148875725E-04  -0.157537898E-04  -0.166607461E-04
  -0.176078074E-04  -0.185974831E-04  -0.196331714E-04  -0.207180520E-04
  -0.218540624E-04  -0.230428412E-04  -0.242863242E-04  -0.255875814E-04
  -0.269500430E-04  -0.283768262E-04  -0.298694776E-04  -0.314291378E-04
  -0.330576483E-04  -0.347597272E-04  -0.365409489E-04  -0.384066637E-04
  -0.403608064E-04  -0.424070056E-04  -0.445491895E-04  -0.467922833E-04
  -0.491415590E-04  -0.516024672E-04  -0.541808010E-04  -0.568825428E-04
  -0.597141932E-04  -0.626839450E-04  -0.658005841E-04  -0.690727022E-04
  -0.725074286E-04  -0.761116191E-04  -0.798936946E-04  -0.838680377E-04
  -0.880508634E-04  -0.924586681E-04  -0.971077937E-04  -0.102014838E-03
  -0.107194433E-03  -0.112652012E-03  -0.118390625E-03  -0.124430465E-03
  -0.130861574E-03  -0.137794118E-03  -0.145296725E-03  -0.153259552E-03
  -0.161523652E-03  -0.169966091E-03  -0.178625674E-03  -0.187584020E-03
  -0.196946185E-03  -0.206905179E-03  -0.217680868E-03  -0.229410977E-03
  -0.241881398E-03  -0.254781930E-03  -0.267927818E-03  -0.281671179E-03
  -0.296510435E-03  -0.312860986E-03  -0.330760050E-03  -0.350147161E-03
  -0.370959456E-03  -0.393131667E-03  -0.416596130E-03
   0.000000000E+00   0.000000000E+00   0.000000000E+00   0.000000000E+00
   0.000000000E+00   0.000000000E+00   0.000000000E+00   0.000000000E+00
   0.000000000E+00   0.000000000E+00   0.000000000E+00   0.000000000E+00
   0.000000000E+00   0.000000000E+00   0.000000000E+00   0.000000000E+00
   0.000000000E+00   0.000000000E+00   0.000000000E+00   0.000000000E+00
   0.000000000E+00   0.000000000E+00   0.000000000E+00   0.000000000E+00
   0.000000000E+00   0.000000000E+00   0.000000000E+00   0.000000000E+00
   0.000000000E+00   0.000000000E+00   0.000000000E+00   0.000000000E+00
   0.000000000E+00   0.000000000E+00   0.000000000E+00   0.000000000E+00
   0.000000000E+00   0.000000000E+00   0.000000000E+00   0.000000000E+00
   0.000000000E+00   0.000000000E+00   0.000000000E+00  -0.473864821E-09
  -0.110478371E-07  -0.439555560E-07  -0.103138011E-06  -0.186467302E-06
  -0.288028007E-06  -0.399950697E-06  -0.513838458E-06  -0.621827253E-06
  -0.717320984E-06  -0.795442090E-06  -0.853238519E-06  -0.889687947E-06
  -0.905540059E-06  -0.903037757E-06  -0.885558134E-06  -0.857214060E-06
  -0.822457231E-06  -0.785723515E-06  -0.751161457E-06  -0.722484773E-06
  -0.702989692E-06  -0.463892805E-05  -0.498943028E-05  -0.536138999E-05
  -0.575496463E-05  -0.616989150E-05  -0.660600361E-05  -0.706367686E-05
  -0.754342797E-05  -0.804596420E-05  -0.857277162E-05  -0.912558383E-05
  -0.970596724E-05  -0.103146045E-04  -0.109519444E-04  -0.116185399E-04
  -0.123154010E-04  -0.130436736E-04  -0.138045024E-04  -0.145989474E-04
  -0.154280602E-04  -0.162930043E-04  -0.171953472E-04  -0.181367930E-04
  -0.191189000E-04  -0.201424952E-04  -0.212082129E-04  -0.223168547E-04
  -0.234699318E-04  -0.246691652E-04  -0.259161638E-04  -0.272119579E-04
  -0.285574303E-04  -0.299536212E-04  -0.314022139E-04  -0.329050846E-04
  -0.344640507E-04  -0.360805676E-04  -0.377560102E-04  -0.394917424E-04
  -0.412890368E-04  -0.431491494E-04  -0.450733146E-04  -0.470626493E-04
  -0.491182424E-04  -0.512409623E-04  -0.534307724E-04  -0.556873711E-04
  -0.580109202E-04  -0.604036141E-04  -0.628682110E-04  -0.654073146E-04
  -0.680227058E-04  -0.707159690E-04  -0.734881002E-04  -0.763376488E-04
  -0.792624628E-04  -0.822600506E-04  -0.853268653E-04  -0.884589783E-04
  -0.916526124E-04  -0.949050742E-04  -0.982138759E-04  -0.101578957E-03
  -0.105010409E-03  -0.108521184E-03  -0.112132797E-03  -0.115900352E-03
  -0.119888893E-03  -0.124143041E-03  -0.128618683E-03  -0.133247586E-03
  -0.137962565E-03  -0.142707220E-03  -0.147426709E-03  -0.152079024E-03
  -0.156679025E-03  -0.161256683E-03  -0.165815558E-03  -0.170249293E-03
  -0.174420890E-03  -0.178253234E-03  -0.181923380E-03  -0.185677915E-03
  -0.189770249E-03  -0.194460610E-03  -0.200016049E-03
   0.000000000E+00   0.000000000E+00   0.000000000E+00   0.000000000E+00
   0.000000000E+00   0.000000000E+00   0.000000000E+00   0.000000000E+00
   0.000000000E+00   0.000000000E+00   0.000000000E+00   0.000000000E+00
   0.000000000E+00   0.000000000E+00   0.000000000E+00   0.000000000E+00
   0.000000000E+00   0.000000000E+00   0.000000000E+00   0.000000000E+00
   0.000000000E+00   0.000000000E+00   0.000000000E+00   0.000000000E+00
   0.000000000E+00   0.000000000E+00   0.000000000E+00   0.000000000E+00
   0.000000000E+00   0.000000000E+00   0.000000000E+00   0.000000000E+00
   0.000000000E+00   0.000000000E+00   0.000000000E+00   0.000000000E+00
   0.000000000E+00   0.000000000E+00   0.000000000E+00   0.000000000E+00
   0.000000000E+00   0.000000000E+00   0.000000000E+00   0.000000000E+00
   0.000000000E+00   0.000000000E+00   0.000000000E+00   0.000000000E+00
   0.000000000E+00   0.463264224E-09   0.109496304E-07   0.442268333E-07
   0.105514601E-06   0.194297416E-06   0.306268235E-06   0.434908838E-06
   0.572739962E-06   0.712274346E-06   0.846705836E-06   0.970367687E-06
   0.107899321E-05   0.116981188E-05   0.124151410E-05   0.129411770E-05
   0.132876932E-05   0.134751390E-05   0.135306527E-05   0.134861114E-05
   0.133768552E-05   0.132414173E-05   0.131225917E-05   0.450633802E-05
   0.479072211E-05   0.508854194E-05   0.540034210E-05   0.572656790E-05
   0.606774417E-05   0.642469962E-05   0.679836336E-05   0.718971038E-05
   0.759981051E-05   0.802978381E-05   0.848037484E-05   0.895068137E-05
   0.943931554E-05   0.994565310E-05   0.104724600E-04   0.110234856E-04
   0.116018851E-04   0.122079056E-04   0.128410134E-04   0.135011183E-04
   0.141900994E-04   0.149103991E-04   0.156640910E-04   0.164514942E-04
   0.172724538E-04   0.181274630E-04   0.190197663E-04   0.199534110E-04
   0.209319169E-04   0.219562371E-04   0.230266517E-04   0.241440239E-04
   0.253116693E-04   0.265336167E-04   0.278137290E-04   0.291548342E-04
   0.305595358E-04   0.320306010E-04   0.335712991E-04   0.351850850E-04
   0.368757815E-04   0.386484711E-04   0.405086610E-04   0.424622338E-04
   0.445161703E-04   0.466778713E-04   0.489547635E-04   0.513537978E-04
   0.538819204E-04   0.565449910E-04   0.593439754E-04   0.622785271E-04
   0.653515328E-04   0.685792980E-04   0.719819508E-04   0.755847080E-04
   0.794317690E-04   0.835732072E-04   0.880552374E-04   0.929040836E-04
   0.981412196E-04   0.103769137E-03   0.109711924E-03   0.115871472E-03
   0.122165782E-03   0.128587611E-03   0.135148924E-03   0.141885636E-03
   0.148929872E-03   0.156441448E-03   0.164539214E-03   0.173162421E-03
   0.182202325E-03   0.191599411E-03   0.201503777E-03   0.212122714E-03
   0.223668934E-03   0.236360567E-03   0.250421164E-03
   0.000000000E+00   0.000000000E+00   0.000000000E+00   0.000000000E+00
   0.000000000E+00   0.000000000E+00   0.000000000E+00   0.000000000E+00
   0.000000000E+00   0.000000000E+00   0.000000000E+00   0.000000000E+00
   0.000000000E+00   0.000000000E+00   0.000000000E+00   0.000000000E+00
   0.000000000E+00   0.000000000E+00   0.000000000E+00   0.000000000E+00
   0.000000000E+00   0.000000000E+00   0.000000000E+00   0.000000000E+00
   0.000000000E+00   0.000000000E+00   0.000000000E+00   0.000000000E+00
   0.000000000E+00   0.000000000E+00   0.000000000E+00   0.000000000E+00
   0.000000000E+00   0.000000000E+00   0.000000000E+00   0.000000000E+00
   0.000000000E+00   0.000000000E+00   0.000000000E+00   0.000000000E+00
   0.000000000E+00   0.000000000E+00   0.000000000E+00   0.000000000E+00
   0.000000000E+00   0.000000000E+00   0.000000000E+00   0.000000000E+00
  -0.489886569E-09  -0.115905283E-07  -0.468666025E-07  -0.111944781E-06
  -0.206402390E-06  -0.325800399E-06  -0.463337982E-06  -0.611163185E-06
  -0.761374198E-06  -0.906745749E-06  -0.104121514E-05  -0.116016242E-05
  -0.126051924E-05  -0.134074090E-05  -0.140067600E-05  -0.144136845E-05
  -0.146482604E-05  -0.147379035E-05  -0.147154234E-05  -0.146177828E-05
  -0.144859035E-05  -0.143658660E-05  -0.476304794E-05  -0.505921356E-05
  -0.537082822E-05  -0.569584400E-05  -0.603407750E-05  -0.638582655E-05
  -0.675157300E-05  -0.713254732E-05  -0.753021665E-05  -0.794542733E-05
  -0.837629507E-05  -0.882012534E-05  -0.927545558E-05  -0.974632694E-05
  -0.102383825E-04  -0.107559030E-04  -0.112967975E-04  -0.118571939E-04
  -0.124342701E-04  -0.130301203E-04  -0.136482018E-04  -0.142911381E-04
  -0.149577115E-04  -0.156456351E-04  -0.163531771E-04  -0.170812322E-04
  -0.178314071E-04  -0.186053660E-04  -0.194048358E-04  -0.202316013E-04
  -0.210867769E-04  -0.219685714E-04  -0.228743635E-04  -0.238021024E-04
  -0.247524285E-04  -0.257266997E-04  -0.267260633E-04  -0.277506793E-04
  -0.288004449E-04  -0.298752675E-04  -0.309751431E-04  -0.321000836E-04
  -0.332492737E-04  -0.344185604E-04  -0.356028029E-04  -0.367971152E-04
  -0.379982137E-04  -0.392031537E-04  -0.404098744E-04  -0.416201970E-04
  -0.428370092E-04  -0.440624267E-04  -0.452951025E-04  -0.465327583E-04
  -0.477720444E-04  -0.490054664E-04  -0.502242808E-04  -0.514153309E-04
  -0.525483324E-04  -0.535878689E-04  -0.545006478E-04  -0.552652081E-04
  -0.558627494E-04  -0.562884505E-04  -0.565956601E-04  -0.568540948E-04
  -0.571216110E-04  -0.574013672E-04  -0.576823960E-04  -0.579280653E-04
  -0.579986065E-04  -0.577245756E-04  -0.568947116E-04  -0.551424981E-04
  -0.520538512E-04  -0.474055362E-04  -0.417817757E-04  -0.359882630E-04
  -0.308531219E-04  -0.272269067E-04  -0.259826020E-04
   0.000000000E+00   0.000000000E+00   0.000000000E+00   0.000000000E+00
   0.000000000E+00   0.000000000E+00   0.000000000E+00   0.000000000E+00
   0.000000000E+00   0.000000000E+00   0.000000000E+00   0.000000000E+00
   0.000000000E+00   0.000000000E+00   0.000000000E+00   0.000000000E+00
   0.000000000E+00   0.000000000E+00   0.000000000E+00   0.000000000E+00
   0.000000000E+00   0.000000000E+00   0.000000000E+00   0.000000000E+00
   0.000000000E+00   0.000000000E+00   0.000000000E+00   0.000000000E+00
   0.000000000E+00   0.000000000E+00   0.000000000E+00   0.000000000E+00
   0.000000000E+00   0.000000000E+00   0.000000000E+00   0.000000000E+00
   0.000000000E+00   0.000000000E+00   0.000000000E+00   0.000000000E+00
   0.000000000E+00   0.000000000E+00   0.000000000E+00   0.000000000E+00
   0.000000000E+00   0.000000000E+00   0.000000000E+00   0.000000000E+00
   0.000000000E+00   0.000000000E+00   0.000000000E+00   0.000000000E+00
   0.000000000E+00   0.000000000E+00   0.000000000E+00   0.000000000E+00
   0.000000000E+00   0.000000000E+00   0.000000000E+00   0.000000000E+00
   0.000000000E+00   0.000000000E+00   0.000000000E+00   0.000000000E+00
   0.000000000E+00   0.000000000E+00   0.000000000E+00   0.000000000E+00
  -0.432389158E-09  -0.957112831E-08  -0.358145679E-07  -0.780806471E-07
  -0.129072381E-06  -0.178340447E-06  -0.214682284E-06  -0.227938217E-06
  -0.210245123E-06  -0.156808142E-06  -0.662509676E-07   0.593947942E-07
   0.215000668E-06   0.392892244E-06   0.583579495E-06   0.776605959E-06
   0.961456270E-06   0.112846153E-05   0.126964202E-05   0.137942669E-05
   0.145518899E-05   0.149753842E-05  -0.433151609E-05  -0.485078929E-05
  -0.541173579E-05  -0.601789965E-05  -0.667279978E-05  -0.737951754E-05
  -0.814107786E-05  -0.896073833E-05  -0.984247710E-05  -0.107905409E-04
  -0.118094561E-04  -0.129045400E-04  -0.140814260E-04  -0.153458352E-04
  -0.167033737E-04  -0.181597210E-04  -0.197209683E-04  -0.213944586E-04
  -0.231880035E-04  -0.251100277E-04  -0.271708403E-04  -0.293814474E-04
  -0.317529295E-04  -0.342957766E-04  -0.370205107E-04  -0.399380281E-04
  -0.430599969E-04  -0.463984846E-04  -0.499675178E-04  -0.537882601E-04
  -0.578841494E-04  -0.622790213E-04  -0.669964439E-04  -0.720603440E-04
  -0.774958467E-04  -0.833311956E-04  -0.895959441E-04  -0.963168489E-04
  -0.103507181E-03  -0.111176811E-03  -0.119348529E-03  -0.128097504E-03
  -0.137514006E-03  -0.147673688E-03  -0.158585457E-03  -0.170240787E-03
  -0.182626943E-03  -0.195716149E-03  -0.209475848E-03  -0.223897782E-03
  -0.239076216E-03  -0.255133765E-03  -0.272178710E-03  -0.290251635E-03
  -0.309376085E-03  -0.329601731E-03  -0.351083626E-03  -0.374006882E-03
  -0.398561087E-03  -0.424940302E-03  -0.453343061E-03
   0.000000000E+00   0.000000000E+00   0.000000000E+00   0.000000000E+00
   0.000000000E+00   0.000000000E+00   0.000000000E+00   0.000000000E+00
   0.000000000E+00   0.000000000E+00   0.000000000E+00   0.000000000E+00
   0.000000000E+00   0.000000000E+00   0.000000000E+00   0.000000000E+00
   0.000000000E+00   0.000000000E+00   0.000000000E+00   0.000000000E+00
   0.000000000E+00   0.000000000E+00   0.000000000E+00   0.000000000E+00
   0.000000000E+00   0.000000000E+00   0.000000000E+00   0.000000000E+00
   0.000000000E+00   0.000000000E+00   0.000000000E+00   0.000000000E+00
   0.000000000E+00   0.000000000E+00   0.000000000E+00   0.000000000E+00
   0.000000000E+00   0.000000000E+00   0.000000000E+00   0.000000000E+00
   0.000000000E+00   0.000000000E+00   0.000000000E+00   0.000000000E+00
   0.000000000E+00   0.000000000E+00   0.000000000E+00   0.000000000E+00
   0.000000000E+00   0.000000000E+00   0.000000000E+00   0.000000000E+00
   0.000000000E+00   0.000000000E+00   0.000000000E+00   0.000000000E+00
   0.000000000E+00   0.000000000E+00   0.000000000E+00   0.000000000E+00
   0.000000000E+00   0.000000000E+00   0.000000000E+00   0.000000000E+00
   0.000000000E+00  -0.432354812E-09  -0.953659408E-08  -0.355272286E-07
  -0.770123199E-07  -0.126340628E-06  -0.172728945E-06  -0.204709116E-06
  -0.211956778E-06  -0.186563886E-06  -0.123817057E-06  -0.225437932E-07
   0.114911372E-06   0.283018759E-06   0.473641398E-06   0.676796827E-06
   0.881540762E-06   0.107691060E-05   0.125286672E-05   0.140116949E-05
   0.151613000E-05   0.159517240E-05   0.163914581E-05  -0.433770619E-05
  -0.487015330E-05  -0.544532110E-05  -0.606653711E-05  -0.673726311E-05
  -0.746119988E-05  -0.824219068E-05  -0.908414845E-05  -0.999093387E-05
  -0.109664681E-04  -0.120151282E-04  -0.131428467E-04  -0.143560930E-04
  -0.156611963E-04  -0.170633370E-04  -0.185674829E-04  -0.201791895E-04
  -0.219060716E-04  -0.237564334E-04  -0.257389599E-04  -0.278632094E-04
  -0.301391538E-04  -0.325775378E-04  -0.351914644E-04  -0.379949130E-04
  -0.410015395E-04  -0.442225444E-04  -0.476686682E-04  -0.513512319E-04
  -0.552832399E-04  -0.594783460E-04  -0.639517038E-04  -0.687236586E-04
  -0.738162801E-04  -0.792554266E-04  -0.850807028E-04  -0.913360927E-04
  -0.980688151E-04  -0.105335604E-03  -0.113196790E-03  -0.121703007E-03
  -0.130860630E-03  -0.140664380E-03  -0.151101065E-03  -0.162127036E-03
  -0.173689484E-03  -0.185777982E-03  -0.198560019E-03  -0.212252792E-03
  -0.227047889E-03  -0.243014354E-03  -0.260190493E-03  -0.278568750E-03
  -0.297953964E-03  -0.318097776E-03  -0.338872780E-03  -0.360665167E-03
  -0.384001988E-03  -0.409352201E-03  -0.436905812E-03  -0.466783767E-03
  -0.499109246E-03  -0.534007661E-03  -0.571606660E-03
   0.000000000E+00   0.000000000E+00   0.000000000E+00   0.000000000E+00
   0.000000000E+00   0.000000000E+00   0.000000000E+00   0.000000000E+00
   0.000000000E+00   0.000000000E+00   0.000000000E+00   0.000000000E+00
   0.000000000E+00   0.000000000E+00   0.000000000E+00   0.000000000E+00
   0.000000000E+00   0.000000000E+00   0.000000000E+00   0.000000000E+00
   0.000000000E+00   0.000000000E+00   0.000000000E+00   0.000000000E+00
   0.000000000E+00   0.000000000E+00   0.000000000E+00   0.000000000E+00
   0.000000000E+00   0.000000000E+00   0.000000000E+00   0.000000000E+00
   0.000000000E+00   0.000000000E+00   0.000000000E+00   0.000000000E+00
   0.000000000E+00   0.000000000E+00   0.000000000E+00   0.000000000E+00
   0.000000000E+00   0.000000000E+00   0.000000000E+00   0.000000000E+00
   0.000000000E+00   0.000000000E+00   0.000000000E+00   0.000000000E+00
   0.000000000E+00   0.000000000E+00   0.000000000E+00   0.000000000E+00
   0.000000000E+00   0.000000000E+00   0.000000000E+00   0.000000000E+00
   0.000000000E+00   0.000000000E+00   0.000000000E+00   0.000000000E+00
   0.000000000E+00   0.000000000E+00   0.000000000E+00   0.000000000E+00
   0.000000000E+00   0.000000000E+00   0.000000000E+00   0.441867663E-09
   0.100561989E-07   0.389183125E-07   0.884486472E-07   0.154082185E-06
   0.227868480E-06   0.300531264E-06   0.363036936E-06   0.407721205E-06
   0.429023181E-06   0.423876217E-06   0.391804766E-06   0.334776560E-06
   0.256859397E-06   0.163731816E-06   0.620969591E-07  -0.409510959E-07
  -0.138559243E-06  -0.224696204E-06  -0.294633055E-06  -0.345274111E-06
  -0.375288914E-06   0.437321451E-05   0.479616655E-05   0.525051997E-05
   0.573818189E-05   0.626112638E-05   0.682147917E-05   0.742182966E-05
   0.806494260E-05   0.875368633E-05   0.949111688E-05   0.102804000E-04
   0.111248276E-04   0.120279496E-04   0.129934513E-04   0.140252706E-04
   0.151280870E-04   0.163068663E-04   0.175667547E-04   0.189132314E-04
   0.203519662E-04   0.218888942E-04   0.235305962E-04   0.252839432E-04
   0.271563539E-04   0.291569582E-04   0.312955076E-04   0.335822940E-04
   0.360290397E-04   0.386480625E-04   0.414524430E-04   0.444574124E-04
   0.476790491E-04   0.511320317E-04   0.548241118E-04   0.587613135E-04
   0.629532879E-04   0.674242912E-04   0.722028425E-04   0.773223555E-04
   0.828338707E-04   0.887940436E-04   0.952531804E-04   0.102231135E-03
   0.109740079E-03   0.117791127E-03   0.126390882E-03   0.135544705E-03
   0.145268567E-03   0.155621914E-03   0.166676543E-03   0.178484168E-03
   0.191009618E-03   0.204194181E-03   0.218036574E-03   0.232774607E-03
   0.248712725E-03   0.266108944E-03   0.285008444E-03   0.305401710E-03
   0.327278247E-03   0.350626583E-03   0.375434268E-03
   0.000000000E+00   0.000000000E+00   0.000000000E+00   0.000000000E+00
   0.000000000E+00   0.000000000E+00   0.000000000E+00   0.000000000E+00
   0.000000000E+00   0.000000000E+00   0.000000000E+00   0.000000000E+00
   0.000000000E+00   0.000000000E+00   0.000000000E+00   0.000000000E+00
   0.000000000E+00   0.000000000E+00   0.000000000E+00   0.000000000E+00
   0.000000000E+00   0.000000000E+00   0.000000000E+00   0.000000000E+00
   0.000000000E+00   0.000000000E+00   0.000000000E+00   0.000000000E+00
   0.000000000E+00   0.000000000E+00   0.000000000E+00   0.000000000E+00
   0.000000000E+00   0.000000000E+00   0.000000000E+00   0.000000000E+00
   0.000000000E+00   0.000000000E+00   0.000000000E+00   0.000000000E+00
   0.000000000E+00   0.000000000E+00   0.000000000E+00   0.000000000E+00
   0.000000000E+00   0.000000000E+00   0.000000000E+00   0.000000000E+00
   0.000000000E+00   0.000000000E+00   0.000000000E+00   0.000000000E+00
   0.000000000E+00   0.000000000E+00   0.000000000E+00   0.000000000E+00
   0.000000000E+00   0.000000000E+00   0.000000000E+00   0.000000000E+00
   0.000000000E+00   0.000000000E+00   0.000000000E+00   0.000000000E+00
  -0.453494775E-09  -0.103213504E-07  -0.399469158E-07  -0.907929353E-07
  -0.158179912E-06  -0.233953516E-06  -0.308597627E-06  -0.372843569E-06
  -0.418826098E-06  -0.440836711E-06  -0.435724827E-06  -0.402997405E-06
  -0.344667571E-06  -0.264902795E-06  -0.169523196E-06  -0.654005307E-07
   0.401915780E-07   0.140225602E-06   0.228515702E-06   0.300210399E-06
   0.352131748E-06   0.382910470E-06  -0.448818545E-05  -0.492205673E-05
  -0.539322898E-05  -0.590280828E-05  -0.645081428E-05  -0.703777431E-05
  -0.766642223E-05  -0.834013259E-05  -0.906213208E-05  -0.983472711E-05
  -0.106600177E-04  -0.115405070E-04  -0.124802259E-04  -0.134836911E-04
  -0.145556838E-04  -0.157016682E-04  -0.169274027E-04  -0.182385392E-04
  -0.196397969E-04  -0.211357313E-04  -0.227315129E-04  -0.244345160E-04
  -0.262528376E-04  -0.281948246E-04  -0.302691811E-04  -0.324848681E-04
  -0.348510831E-04  -0.373772994E-04  -0.400732292E-04  -0.429489662E-04
  -0.460154624E-04  -0.492840813E-04  -0.527680139E-04  -0.564870924E-04
  -0.604632691E-04  -0.647191906E-04  -0.692785532E-04  -0.741657681E-04
  -0.794043165E-04  -0.850120560E-04  -0.910056423E-04  -0.974059733E-04
  -0.104250251E-03  -0.111580601E-03  -0.119437949E-03  -0.127855124E-03
  -0.136863377E-03  -0.146495257E-03  -0.156786664E-03  -0.167774907E-03
  -0.179504485E-03  -0.192046758E-03  -0.205481311E-03  -0.219863605E-03
  -0.235145424E-03  -0.251250313E-03  -0.268091414E-03  -0.285547660E-03
  -0.303486377E-03  -0.321944880E-03  -0.341661798E-03  -0.363572130E-03
  -0.388635744E-03  -0.417837372E-03  -0.452186609E-03
   0.000000000E+00   0.000000000E+00   0.000000000E+00   0.000000000E+00
   0.000000000E+00   0.000000000E+00   0.000000000E+00   0.000000000E+00
   0.000000000E+00   0.000000000E+00   0.000000000E+00   0.000000000E+00
   0.000000000E+00   0.000000000E+00   0.000000000E+00   0.000000000E+00
   0.000000000E+00   0.000000000E+00   0.000000000E+00   0.000000000E+00
   0.000000000E+00   0.000000000E+00   0.000000000E+00   0.000000000E+00
   0.000000000E+00   0.000000000E+00   0.000000000E+00   0.000000000E+00
   0.000000000E+00   0.000000000E+00   0.000000000E+00   0.000000000E+00
   0.000000000E+00   0.000000000E+00   0.000000000E+00   0.000000000E+00
   0.000000000E+00   0.000000000E+00   0.000000000E+00   0.000000000E+00
   0.000000000E+00   0.000000000E+00   0.000000000E+00   0.000000000E+00
   0.000000000E+00   0.000000000E+00   0.000000000E+00   0.000000000E+00
   0.000000000E+00   0.000000000E+00   0.000000000E+00   0.000000000E+00
   0.000000000E+00   0.000000000E+00   0.000000000E+00   0.000000000E+00
   0.000000000E+00   0.000000000E+00   0.000000000E+00   0.000000000E+00
   0.000000000E+00   0.000000000E+00   0.000000000E+00   0.000000000E+00
   0.000000000E+00   0.000000000E+00   0.000000000E+00   0.000000000E+00
   0.000000000E+00   0.481829128E-09   0.116451089E-07   0.481613387E-07
   0.117815142E-06   0.222767086E-06   0.361081347E-06   0.528003780E-06
   0.717013149E-06   0.920668296E-06   0.113127400E-05   0.134138831E-05
   0.154419408E-05   0.173375751E-05   0.190519646E-05   0.205478121E-05
   0.217999063E-05   0.227954627E-05   0.235344732E-05   0.240302919E-05
   0.243106832E-05   0.244195622E-05   0.244196531E-05   0.463726597E-05
   0.483261145E-05   0.503159442E-05   0.523408241E-05   0.543928206E-05
   0.564620077E-05   0.585403692E-05   0.606289424E-05   0.627312000E-05
   0.648478014E-05   0.669674185E-05   0.690752545E-05   0.711575795E-05
   0.732067036E-05   0.752163489E-05   0.771776523E-05   0.790717458E-05
   0.808766755E-05   0.825692661E-05   0.841235763E-05   0.855123423E-05
   0.867084513E-05   0.876879555E-05   0.884272512E-05   0.889052337E-05
   0.891128692E-05   0.890442199E-05   0.886745375E-05   0.879024621E-05
   0.866043105E-05   0.846624027E-05   0.819951204E-05   0.785286312E-05
   0.742224576E-05   0.691773831E-05   0.635337938E-05   0.573400352E-05
   0.502553041E-05   0.418299536E-05   0.318161437E-05   0.208266182E-05
   0.971234244E-06  -0.947554769E-07  -0.117582881E-05  -0.236462335E-05
  -0.374491316E-05  -0.535609878E-05  -0.722683928E-05  -0.938417262E-05
  -0.118464284E-04  -0.146299481E-04  -0.177410409E-04  -0.211444141E-04
  -0.247931420E-04  -0.286370142E-04  -0.326169263E-04  -0.366702104E-04
  -0.407324455E-04  -0.447374579E-04  -0.486173207E-04
   0.000000000E+00   0.000000000E+00   0.000000000E+00   0.000000000E+00
   0.000000000E+00   0.000000000E+00   0.000000000E+00   0.000000000E+00
   0.000000000E+00   0.000000000E+00   0.000000000E+00   0.000000000E+00
   0.000000000E+00   0.000000000E+00   0.000000000E+00   0.000000000E+00
   0.000000000E+00   0.000000000E+00   0.000000000E+00   0.000000000E+00
   0.000000000E+00   0.000000000E+00   0.000000000E+00   0.000000000E+00
   0.000000000E+00   0.000000000E+00   0.000000000E+00   0.000000000E+00
   0.000000000E+00   0.000000000E+00   0.000000000E+00   0.000000000E+00
   0.000000000E+00   0.000000000E+00   0.000000000E+00   0.000000000E+00
   0.000000000E+00   0.000000000E+00   0.000000000E+00   0.000000000E+00
   0.000000000E+00   0.000000000E+00   0.000000000E+00   0.000000000E+00
   0.000000000E+00   0.000000000E+00   0.000000000E+00   0.000000000E+00
   0.000000000E+00   0.000000000E+00   0.000000000E+00   0.000000000E+00
   0.000000000E+00   0.000000000E+00   0.000000000E+00   0.000000000E+00
   0.000000000E+00   0.000000000E+00   0.000000000E+00   0.000000000E+00
   0.000000000E+00   0.000000000E+00   0.000000000E+00   0.000000000E+00
   0.000000000E+00   0.000000000E+00   0.000000000E+00   0.000000000E+00
   0.000000000E+00   0.000000000E+00   0.487258568E-09   0.119110503E-07
   0.498388497E-07   0.123379403E-06   0.236133014E-06   0.387477175E-06
   0.573667143E-06   0.788768331E-06   0.102543741E-05   0.127556897E-05
   0.153082467E-05   0.178306167E-05   0.202467734E-05   0.224888699E-05
   0.244995164E-05   0.262337255E-05   0.276606958E-05   0.287656006E-05
   0.295515519E-05   0.300419079E-05   0.302830926E-05   0.303480973E-05
   0.466345661E-05   0.480828981E-05   0.494949268E-05   0.508564068E-05
   0.521505113E-05   0.533611175E-05   0.544768565E-05   0.554873614E-05
   0.563795646E-05   0.571302561E-05   0.577129937E-05   0.581000172E-05
   0.582608515E-05   0.581636065E-05   0.577752264E-05   0.570608881E-05
   0.559845623E-05   0.545055738E-05   0.525674421E-05   0.501083081E-05
   0.470661042E-05   0.433834855E-05   0.390032141E-05   0.338657115E-05
   0.279063854E-05   0.210581365E-05   0.132446171E-05   0.435692641E-06
  -0.572450112E-06  -0.171366392E-05  -0.300774439E-05  -0.447648634E-05
  -0.614231968E-05  -0.802841213E-05  -0.101585725E-04  -0.125590696E-04
  -0.152643058E-04  -0.183114643E-04  -0.217156912E-04  -0.253996943E-04
  -0.292602529E-04  -0.332224266E-04  -0.373361579E-04  -0.416848916E-04
  -0.463700675E-04  -0.515587954E-04  -0.574387013E-04  -0.641325686E-04
  -0.714843018E-04  -0.792618830E-04  -0.873362485E-04  -0.960171235E-04
  -0.105734211E-03  -0.116838556E-03  -0.129326652E-03  -0.143102632E-03
  -0.158067327E-03  -0.174118267E-03  -0.191149678E-03
   0.000000000E+00   0.000000000E+00   0.000000000E+00   0.000000000E+00
   0.000000000E+00   0.000000000E+00   0.000000000E+00   0.000000000E+00
   0.000000000E+00   0.000000000E+00   0.000000000E+00   0.000000000E+00
   0.000000000E+00   0.000000000E+00   0.000000000E+00   0.000000000E+00
   0.000000000E+00   0.000000000E+00   0.000000000E+00   0.000000000E+00
   0.000000000E+00   0.000000000E+00   0.000000000E+00   0.000000000E+00
   0.000000000E+00   0.000000000E+00   0.000000000E+00   0.000000000E+00
   0.000000000E+00   0.000000000E+00   0.000000000E+00   0.000000000E+00
   0.000000000E+00   0.000000000E+00   0.000000000E+00   0.000000000E+00
   0.000000000E+00   0.000000000E+00   0.000000000E+00   0.000000000E+00
   0.000000000E+00   0.000000000E+00   0.000000000E+00   0.000000000E+00
   0.000000000E+00   0.000000000E+00   0.000000000E+00   0.000000000E+00
   0.000000000E+00   0.000000000E+00   0.000000000E+00   0.000000000E+00
   0.000000000E+00   0.000000000E+00   0.000000000E+00   0.000000000E+00
   0.000000000E+00   0.000000000E+00   0.000000000E+00   0.000000000E+00
   0.000000000E+00   0.000000000E+00   0.000000000E+00   0.000000000E+00
   0.000000000E+00   0.000000000E+00   0.000000000E+00   0.000000000E+00
   0.000000000E+00   0.000000000E+00   0.000000000E+00   0.000000000E+00
   0.000000000E+00   0.000000000E+00   0.000000000E+00   0.000000000E+00
   0.000000000E+00   0.000000000E+00   0.000000000E+00   0.000000000E+00
   0.000000000E+00   0.000000000E+00   0.000000000E+00   0.000000000E+00
   0.000000000E+00   0.000000000E+00   0.000000000E+00   0.000000000E+00
   0.000000000E+00   0.000000000E+00   0.000000000E+00   0.000000000E+00
   0.000000000E+00   0.000000000E+00   0.000000000E+00   0.000000000E+00
   0.000000000E+00   0.000000000E+00   0.000000000E+00   0.000000000E+00
   0.000000000E+00   0.000000000E+00   0.000000000E+00   0.000000000E+00
   0.000000000E+00   0.000000000E+00   0.386647544E-09   0.668960514E-08
   0.162822208E-07   0.110438792E-07  -0.351866426E-07  -0.150275940E-06
  -0.358988460E-06  -0.679567354E-06  -0.112156438E-05  -0.168477951E-05
  -0.235917091E-05  -0.312559592E-05  -0.395724381E-05  -0.482162087E-05
  -0.568294844E-05  -0.650483481E-05  -0.725308132E-05  -0.789848357E-05
  -0.841948829E-05  -0.880456656E-05  -0.905416408E-05  -0.918208906E-05
   0.423488638E-05   0.543053837E-05   0.682563323E-05   0.848502144E-05
   0.104804998E-04   0.128532814E-04   0.155142629E-04   0.183383664E-04
   0.212174281E-04   0.241237881E-04   0.270500636E-04   0.300172927E-04
   0.331624611E-04   0.366555063E-04   0.406711681E-04   0.453891896E-04
   0.509941264E-04   0.576000982E-04   0.650210880E-04   0.729892358E-04
   0.812289851E-04   0.894570834E-04   0.973825820E-04
   0.000000000E+00   0.000000000E+00   0.000000000E+00   0.000000000E+00
   0.000000000E+00   0.000000000E+00   0.000000000E+00   0.000000000E+00
   0.000000000E+00   0.000000000E+00   0.000000000E+00   0.000000000E+00
   0.000000000E+00   0.000000000E+00   0.000000000E+00   0.000000000E+00
   0.000000000E+00   0.000000000E+00   0.000000000E+00   0.000000000E+00
   0.000000000E+00   0.000000000E+00   0.000000000E+00   0.000000000E+00
   0.000000000E+00   0.000000000E+00   0.000000000E+00   0.000000000E+00
   0.000000000E+00   0.000000000E+00   0.000000000E+00   0.000000000E+00
   0.000000000E+00   0.000000000E+00   0.000000000E+00   0.000000000E+00
   0.000000000E+00   0.000000000E+00   0.000000000E+00   0.000000000E+00
   0.000000000E+00   0.000000000E+00   0.000000000E+00   0.000000000E+00
   0.000000000E+00   0.000000000E+00   0.000000000E+00   0.000000000E+00
   0.000000000E+00   0.000000000E+00   0.000000000E+00   0.000000000E+00
   0.000000000E+00   0.000000000E+00   0.000000000E+00   0.000000000E+00
   0.000000000E+00   0.000000000E+00   0.000000000E+00   0.000000000E+00
   0.000000000E+00   0.000000000E+00   0.000000000E+00   0.000000000E+00
   0.000000000E+00   0.000000000E+00   0.000000000E+00   0.000000000E+00
   0.000000000E+00   0.000000000E+00   0.000000000E+00   0.000000000E+00
   0.000000000E+00   0.000000000E+00   0.000000000E+00   0.000000000E+00
   0.000000000E+00   0.000000000E+00   0.000000000E+00   0.000000000E+00
   0.000000000E+00   0.000000000E+00   0.000000000E+00   0.000000000E+00
   0.000000000E+00   0.000000000E+00   0.000000000E+00   0.000000000E+00
   0.000000000E+00   0.000000000E+00   0.000000000E+00   0.000000000E+00
   0.000000000E+00   0.000000000E+00   0.000000000E+00  -0.411787004E-09
  -0.761303059E-08  -0.214555253E-07  -0.271234803E-07  -0.188668499E-08
   0.790923392E-07   0.238334018E-06   0.492874112E-06   0.852226696E-06
   0.131735160E-05   0.188050019E-05   0.252581339E-05   0.323054581E-05
   0.396678981E-05   0.470357347E-05   0.540920630E-05   0.605374653E-05
   0.661146392E-05   0.706317195E-05   0.739830325E-05   0.761660215E-05
   0.772930831E-05  -0.441573096E-05  -0.549799195E-05  -0.670215047E-05
  -0.803556898E-05  -0.950666916E-05  -0.111276958E-04  -0.129121169E-04
  -0.148766324E-04  -0.170500479E-04  -0.194649146E-04  -0.221560256E-04
  -0.251645330E-04  -0.285340636E-04  -0.323025474E-04  -0.364812529E-04
  -0.410745933E-04  -0.460863109E-04  -0.515177716E-04  -0.573695784E-04
  -0.636474598E-04  -0.703786017E-04  -0.775961791E-04  -0.853532430E-04
  -0.937812644E-04  -0.103034621E-03  -0.113278559E-03  -0.124710085E-03
  -0.137538137E-03  -0.151920452E-03  -0.167791304E-03  -0.185025215E-03
  -0.203492564E-03  -0.223059586E-03  -0.243588374E-03
   0.000000000E+00   0.000000000E+00   0.000000000E+00   0.000000000E+00
   0.000000000E+00   0.000000000E+00   0.000000000E+00   0.000000000E+00
   0.000000000E+00   0.000000000E+00   0.000000000E+00   0.000000000E+00
   0.000000000E+00   0.000000000E+00   0.000000000E+00   0.000000000E+00
   0.000000000E+00   0.000000000E+00   0.000000000E+00   0.000000000E+00
   0.000000000E+00   0.000000000E+00   0.000000000E+00   0.000000000E+00
   0.000000000E+00   0.000000000E+00   0.000000000E+00   0.000000000E+00
   0.000000000E+00   0.000000000E+00   0.000000000E+00   0.000000000E+00
   0.000000000E+00   0.000000000E+00   0.000000000E+00   0.000000000E+00
   0.000000000E+00   0.000000000E+00   0.000000000E+00   0.000000000E+00
   0.000000000E+00   0.000000000E+00   0.000000000E+00   0.000000000E+00
   0.000000000E+00   0.000000000E+00   0.000000000E+00   0.000000000E+00
   0.000000000E+00   0.000000000E+00   0.000000000E+00   0.000000000E+00
   0.000000000E+00   0.000000000E+00   0.000000000E+00   0.000000000E+00
   0.000000000E+00   0.000000000E+00   0.000000000E+00   0.000000000E+00
   0.000000000E+00   0.000000000E+00   0.000000000E+00   0.000000000E+00
   0.000000000E+00   0.000000000E+00   0.000000000E+00   0.000000000E+00
   0.000000000E+00   0.000000000E+00   0.000000000E+00   0.000000000E+00
   0.000000000E+00   0.000000000E+00   0.453090444E-09   0.104547494E-07
   0.411125008E-07   0.951965223E-07   0.169529685E-06   0.257378171E-06
   0.350359505E-06   0.439912029E-06   0.518369818E-06   0.579687060E-06
   0.619855912E-06   0.637061841E-06   0.631620477E-06   0.605739971E-06
   0.563152893E-06   0.508661672E-06   0.447641588E-06   0.385545348E-06
   0.327453236E-06   0.277712868E-06   0.239712560E-06   0.215832324E-06
   0.445659510E-05   0.483428208E-05   0.523993873E-05   0.567580363E-05
   0.614412383E-05   0.664698281E-05   0.718646025E-05   0.776474712E-05
   0.838433170E-05   0.904782649E-05   0.975819614E-05   0.105196406E-04
   0.113367714E-04   0.122140989E-04   0.131553198E-04   0.141639828E-04
   0.152439860E-04   0.164004071E-04   0.176387264E-04   0.189651667E-04
   0.203885506E-04   0.219185593E-04   0.235641882E-04   0.253308377E-04
   0.272230459E-04   0.292454341E-04   0.314027463E-04   0.336998123E-04
   0.361443992E-04   0.387559900E-04   0.415575139E-04   0.445760842E-04
   0.478538955E-04   0.514379432E-04   0.553604178E-04   0.595894000E-04
   0.640754406E-04   0.687828042E-04   0.737365592E-04   0.789780332E-04
   0.845524989E-04   0.905178665E-04   0.969364508E-04   0.103847251E-03
   0.111189753E-03   0.118876183E-03   0.126893330E-03   0.135538672E-03
   0.145196222E-03   0.156170026E-03   0.168408209E-03   0.181765227E-03
   0.196090947E-03   0.211230644E-03   0.227025003E-03
   0.000000000E+00   0.000000000E+00   0.000000000E+00   0.000000000E+00
   0.000000000E+00   0.000000000E+00   0.000000000E+00   0.000000000E+00
   0.000000000E+00   0.000000000E+00   0.000000000E+00   0.000000000E+00
   0.000000000E+00   0.000000000E+00   0.000000000E+00   0.000000000E+00
   0.000000000E+00   0.000000000E+00   0.000000000E+00   0.000000000E+00
   0.000000000E+00   0.000000000E+00   0.000000000E+00   0.000000000E+00
   0.000000000E+00   0.000000000E+00   0.000000000E+00   0.000000000E+00
   0.000000000E+00   0.000000000E+00   0.000000000E+00   0.000000000E+00
   0.000000000E+00   0.000000000E+00   0.000000000E+00   0.000000000E+00
   0.000000000E+00   0.000000000E+00   0.000000000E+00   0.000000000E+00
   0.000000000E+00   0.000000000E+00   0.000000000E+00   0.000000000E+00
   0.000000000E+00   0.000000000E+00   0.000000000E+00   0.000000000E+00
   0.000000000E+00   0.000000000E+00   0.000000000E+00   0.000000000E+00
   0.000000000E+00   0.000000000E+00   0.000000000E+00   0.000000000E+00
   0.000000000E+00   0.000000000E+00   0.000000000E+00   0.000000000E+00
   0.000000000E+00   0.000000000E+00   0.000000000E+00   0.000000000E+00
   0.000000000E+00   0.000000000E+00   0.000000000E+00   0.000000000E+00
   0.000000000E+00   0.000000000E+00   0.000000000E+00   0.000000000E+00
   0.000000000E+00   0.478763107E-09   0.110702831E-07   0.436370292E-07
   0.101318646E-06   0.181001251E-06   0.275798954E-06   0.377037014E-06
   0.475782120E-06   0.563965211E-06   0.635142315E-06   0.684938846E-06
   0.711222813E-06   0.714052389E-06   0.695443305E-06   0.659001503E-06
   0.609466512E-06   0.552210995E-06   0.492741925E-06   0.436248821E-06
   0.387244530E-06   0.349343973E-06   0.325226330E-06   0.470463157E-05
   0.509465872E-05   0.551153725E-05   0.595757498E-05   0.643534847E-05
   0.694719625E-05   0.749424730E-05   0.807732320E-05   0.869767904E-05
   0.935833285E-05   0.100628285E-04   0.108146278E-04   0.116165445E-04
   0.124712718E-04   0.133819320E-04   0.143532080E-04   0.153902857E-04
   0.164979885E-04   0.176792281E-04   0.189364545E-04   0.202719730E-04
   0.216873969E-04   0.231841608E-04   0.247646416E-04   0.264350598E-04
   0.282027544E-04   0.300778442E-04   0.320811717E-04   0.342368302E-04
   0.365687987E-04   0.390984394E-04   0.418468551E-04   0.448280616E-04
   0.480256092E-04   0.514146388E-04   0.549664437E-04   0.586394377E-04
   0.623876875E-04   0.661975700E-04   0.701910581E-04   0.745280175E-04
   0.793474690E-04   0.846896082E-04   0.905696616E-04   0.969682281E-04
   0.103724946E-03   0.110639323E-03   0.117570080E-03   0.124634030E-03
   0.132017282E-03   0.139902797E-03   0.148445070E-03   0.157794192E-03
   0.168104022E-03   0.179532193E-03   0.192240106E-03
   0.000000000E+00   0.000000000E+00   0.000000000E+00   0.000000000E+00
   0.000000000E+00   0.000000000E+00   0.000000000E+00   0.000000000E+00
   0.000000000E+00   0.000000000E+00   0.000000000E+00   0.000000000E+00
   0.000000000E+00   0.000000000E+00   0.000000000E+00   0.000000000E+00
   0.000000000E+00   0.000000000E+00   0.000000000E+00   0.000000000E+00
   0.000000000E+00   0.000000000E+00   0.000000000E+00   0.000000000E+00
   0.000000000E+00   0.000000000E+00   0.000000000E+00   0.000000000E+00
   0.000000000E+00   0.000000000E+00   0.000000000E+00   0.000000000E+00
   0.000000000E+00   0.000000000E+00   0.000000000E+00   0.000000000E+00
   0.000000000E+00   0.000000000E+00   0.000000000E+00   0.000000000E+00
   0.000000000E+00   0.000000000E+00   0.000000000E+00   0.000000000E+00
   0.000000000E+00   0.000000000E+00   0.000000000E+00   0.000000000E+00
   0.000000000E+00   0.000000000E+00   0.000000000E+00   0.000000000E+00
   0.000000000E+00   0.000000000E+00   0.000000000E+00   0.000000000E+00
   0.000000000E+00   0.000000000E+00   0.000000000E+00   0.000000000E+00
   0.000000000E+00   0.000000000E+00   0.000000000E+00   0.000000000E+00
   0.000000000E+00   0.000000000E+00   0.000000000E+00   0.000000000E+00
   0.000000000E+00   0.000000000E+00   0.000000000E+00   0.000000000E+00
   0.000000000E+00   0.000000000E+00   0.000000000E+00  -0.483169879E-09
  -0.112568458E-07  -0.447518717E-07  -0.104913823E-06  -0.189489678E-06
  -0.292369240E-06  -0.405465964E-06  -0.520179179E-06  -0.628479731E-06
  -0.723661043E-06  -0.800797617E-06  -0.856952969E-06  -0.891179026E-06
  -0.904348977E-06  -0.898865602E-06  -0.878287076E-06  -0.846912271E-06
  -0.809367551E-06  -0.770237080E-06  -0.733778655E-06  -0.703767057E-06
  -0.683506947E-06  -0.473155514E-05  -0.509204384E-05  -0.547670432E-05
  -0.588704464E-05  -0.632478103E-05  -0.679171798E-05  -0.728988113E-05
  -0.782205275E-05  -0.839127344E-05  -0.900052552E-05  -0.965228417E-05
  -0.103489360E-04  -0.110932230E-04  -0.118891669E-04  -0.127412058E-04
  -0.136536968E-04  -0.146302971E-04  -0.156745434E-04  -0.167899236E-04
  -0.179794871E-04  -0.192462102E-04  -0.205946041E-04  -0.220352674E-04
  -0.235806105E-04  -0.252435857E-04  -0.270382672E-04  -0.289793054E-04
  -0.310787179E-04  -0.333366252E-04  -0.357499786E-04  -0.383169270E-04
  -0.410410821E-04  -0.439274945E-04  -0.469886148E-04  -0.502667391E-04
  -0.538128043E-04  -0.576713904E-04  -0.618569166E-04  -0.663761588E-04
  -0.712405550E-04  -0.764804115E-04  -0.821314484E-04  -0.882233683E-04
  -0.947588964E-04  -0.101733655E-03  -0.109135819E-03  -0.116924403E-03
  -0.125049871E-03  -0.133494283E-03  -0.142372534E-03  -0.151836141E-03
  -0.162040558E-03  -0.173145180E-03  -0.185313338E-03
   0.000000000E+00   0.000000000E+00   0.000000000E+00   0.000000000E+00
   0.000000000E+00   0.000000000E+00   0.000000000E+00   0.000000000E+00
   0.000000000E+00   0.000000000E+00   0.000000000E+00   0.000000000E+00
   0.000000000E+00   0.000000000E+00   0.000000000E+00   0.000000000E+00
   0.000000000E+00   0.000000000E+00   0.000000000E+00   0.000000000E+00
   0.000000000E+00   0.000000000E+00   0.000000000E+00   0.000000000E+00
   0.000000000E+00   0.000000000E+00   0.000000000E+00   0.000000000E+00
   0.000000000E+00   0.000000000E+00   0.000000000E+00   0.000000000E+00
   0.000000000E+00   0.000000000E+00   0.000000000E+00   0.000000000E+00
   0.000000000E+00   0.000000000E+00   0.000000000E+00   0.000000000E+00
   0.000000000E+00   0.000000000E+00   0.000000000E+00   0.000000000E+00
   0.000000000E+00   0.000000000E+00   0.000000000E+00   0.000000000E+00
   0.000000000E+00   0.000000000E+00   0.000000000E+00   0.000000000E+00
   0.000000000E+00   0.000000000E+00   0.000000000E+00   0.000000000E+00
   0.000000000E+00   0.000000000E+00   0.000000000E+00   0.000000000E+00
   0.000000000E+00   0.000000000E+00   0.000000000E+00   0.000000000E+00
   0.000000000E+00   0.000000000E+00   0.000000000E+00   0.000000000E+00
   0.000000000E+00   0.000000000E+00   0.000000000E+00   0.000000000E+00
   0.000000000E+00   0.485858483E-09   0.113379989E-07   0.451568480E-07
   0.106079853E-06   0.192035966E-06   0.297064477E-06   0.413179923E-06
   0.531824496E-06   0.644949330E-06   0.745766075E-06   0.829210162E-06
   0.892157136E-06   0.933433495E-06   0.953663386E-06   0.954992603E-06
   0.940731252E-06   0.914956503E-06   0.882116813E-06   0.846679038E-06
   0.812859810E-06   0.784482594E-06   0.765001827E-06   0.475430204E-05
   0.510955239E-05   0.548602654E-05   0.588541946E-05   0.630969052E-05
   0.676091439E-05   0.724145402E-05   0.775380001E-05   0.830016914E-05
   0.888143847E-05   0.949813728E-05   0.101512752E-04   0.108438446E-04
   0.115794195E-04   0.123615430E-04   0.131933173E-04   0.140777866E-04
   0.150178448E-04   0.160155492E-04   0.170727629E-04   0.181915648E-04
   0.193748338E-04   0.206257010E-04   0.219479104E-04   0.233475010E-04
   0.248312268E-04   0.264068314E-04   0.280855414E-04   0.298797204E-04
   0.318009544E-04   0.338566324E-04   0.360531675E-04   0.383965638E-04
   0.408907921E-04   0.435393224E-04   0.463437786E-04   0.492982210E-04
   0.523945477E-04   0.556347044E-04   0.590624200E-04   0.627331865E-04
   0.666957654E-04   0.709668647E-04   0.755551225E-04   0.804558222E-04
   0.856097909E-04   0.909423735E-04   0.963491336E-04   0.101611660E-03
   0.106477493E-03   0.110870378E-03   0.115449649E-03   0.121078626E-03
   0.128644044E-03   0.139056054E-03   0.153248222E-03
Safety factor
   0.972757503E+00   0.972973944E+00   0.973788173E+00   0.975096980E+00
   0.976797157E+00   0.978785494E+00   0.980958783E+00   0.983210171E+00
   0.985418235E+00   0.987457908E+00   0.989213934E+00   0.990610297E+00
   0.991580791E+00   0.992108195E+00   0.992371217E+00   0.992597551E+00
   0.992982800E+00   0.993594213E+00   0.994466950E+00   0.995602148E+00
   0.996864856E+00   0.998086103E+00   0.999163181E+00   0.100025844E+01
   0.100160049E+01   0.100334167E+01   0.100532914E+01   0.100733379E+01
   0.100917930E+01   0.101090061E+01   0.101258545E+01   0.101430610E+01
   0.101607297E+01   0.101788102E+01   0.101973066E+01   0.102164406E+01
   0.102364886E+01   0.102576444E+01   0.102797710E+01   0.103026489E+01
   0.103260918E+01   0.103500469E+01   0.103744946E+01   0.103994391E+01
   0.104249810E+01   0.104512444E+01   0.104783202E+01   0.105061647E+01
   0.105347006E+01   0.105638616E+01   0.105936259E+01   0.106239830E+01
   0.106549223E+01   0.106864344E+01   0.107185099E+01   0.107511480E+01
   0.107843822E+01   0.108182540E+01   0.108528055E+01   0.108880789E+01
   0.109241169E+01   0.109609510E+01   0.109985690E+01   0.110369478E+01
   0.110760755E+01   0.111159853E+01   0.111567212E+01   0.111983259E+01
   0.112408346E+01   0.112842809E+01   0.113286936E+01   0.113740818E+01
   0.114204494E+01   0.114678077E+01   0.115161954E+01   0.115656582E+01
   0.116162363E+01   0.116679490E+01   0.117208101E+01   0.117748341E+01
   0.118300381E+01   0.118864396E+01   0.119440604E+01   0.120029379E+01
   0.120631134E+01   0.121246206E+01   0.121874620E+01   0.122516325E+01
   0.123171395E+01   0.123840404E+01   0.124524056E+01   0.125222955E+01
   0.125937323E+01   0.126667287E+01   0.127413065E+01   0.128175247E+01
   0.128954516E+01   0.129751464E+01   0.130566327E+01   0.131399251E+01
   0.132250479E+01   0.133120640E+01   0.134010462E+01   0.134920646E+01
   0.135851805E+01   0.136804524E+01   0.137779425E+01   0.138777259E+01
   0.139798810E+01   0.140844840E+01   0.141916012E+01   0.143012962E+01
   0.144136422E+01   0.145287479E+01   0.146467313E+01   0.147677058E+01
   0.148917667E+01   0.150190047E+01   0.151495207E+01   0.152834547E+01
   0.154209569E+01   0.155621551E+01   0.157070880E+01   0.158557719E+01
   0.160082803E+01   0.161649144E+01   0.163260325E+01   0.164919572E+01
   0.166628691E+01   0.168389133E+01   0.170202611E+01   0.172071898E+01
   0.174000033E+01   0.175989981E+01   0.178044418E+01   0.180165949E+01
   0.182356707E+01   0.184616945E+01   0.186946443E+01   0.189346464E+01
   0.191824191E+01   0.194388292E+01   0.197045559E+01   0.199795296E+01
   0.202634931E+01   0.205566470E+01   0.208610217E+01   0.211791052E+01
   0.215133857E+01   0.218663509E+01   0.222404891E+01
Current profile
   0.000000000E+00   0.110081266E-02   0.439991608E-02   0.989092199E-02
   0.175655968E-01   0.274138666E-01   0.394238230E-01   0.535824658E-01
   0.698787516E-01   0.883028516E-01   0.108846778E+00   0.131508766E+00
   0.156291406E+00   0.183198818E+00   0.212229814E+00   0.243381550E+00
   0.276649888E+00   0.312025102E+00   0.349494508E+00   0.389044217E+00
   0.430661410E+00   0.474332821E+00   0.520043906E+00   0.567778085E+00
   0.617517278E+00   0.669242918E+00   0.722938610E+00   0.778588197E+00
   0.836175225E+00   0.895683547E+00   0.957096806E+00   0.102039939E+01
   0.108558019E+01   0.115262972E+01   0.122153616E+01   0.129227597E+01
   0.136482138E+01   0.143914529E+01   0.151522836E+01   0.159305325E+01
   0.167260052E+01   0.175384213E+01   0.183674677E+01   0.192128454E+01
   0.200743542E+01   0.209518217E+01   0.218450621E+01   0.227538292E+01
   0.236778562E+01   0.246168688E+01   0.255705794E+01   0.265386918E+01
   0.275209094E+01   0.285169539E+01   0.295265492E+01   0.305494130E+01
   0.315852505E+01   0.326337596E+01   0.336946314E+01   0.347675426E+01
   0.358521615E+01   0.369481510E+01   0.380551673E+01   0.391728610E+01
   0.403008769E+01   0.414388548E+01   0.425864287E+01   0.437432268E+01
   0.449088717E+01   0.460829802E+01   0.472651633E+01   0.484550259E+01
   0.496521668E+01   0.508561811E+01   0.520666664E+01   0.532832175E+01
   0.545054225E+01   0.557328600E+01   0.569651023E+01   0.582017168E+01
   0.594422696E+01   0.606863228E+01   0.619334339E+01   0.631831584E+01
   0.644350474E+01   0.656886472E+01   0.669434994E+01   0.681991404E+01
   0.694551008E+01   0.707109025E+01   0.719660613E+01   0.732200897E+01
   0.744725014E+01   0.757228075E+01   0.769705138E+01   0.782151193E+01
   0.794561173E+01   0.806929954E+01   0.819252346E+01   0.831523105E+01
   0.843736950E+01   0.855888577E+01   0.867972644E+01   0.879983748E+01
   0.891916399E+01   0.903765050E+01   0.915524136E+01   0.927188151E+01
   0.938751574E+01   0.950208884E+01   0.961554700E+01   0.972783650E+01
   0.983890215E+01   0.994868389E+01   0.100571200E+02   0.101641461E+02
   0.102696895E+02   0.103736743E+02   0.104760305E+02   0.105767152E+02
   0.106756926E+02   0.107729298E+02   0.108684047E+02   0.109620990E+02
   0.110539756E+02   0.111439200E+02   0.112317956E+02   0.113174664E+02
   0.114008084E+02   0.114816988E+02   0.115600354E+02   0.116358066E+02
   0.117090250E+02   0.117797200E+02   0.118479823E+02   0.119139220E+02
   0.119776399E+02   0.120391846E+02   0.120985932E+02   0.121558650E+02
   0.122108367E+02   0.122633003E+02   0.123130120E+02   0.123595960E+02
   0.124026352E+02   0.124417658E+02   0.124768715E+02   0.125078983E+02
   0.125347913E+02   0.125574947E+02   0.125759528E+02
R*B_phi (m*T)
   0.505921579E+02   0.505922139E+02   0.505923811E+02   0.505926584E+02
   0.505930446E+02   0.505935372E+02   0.505941333E+02   0.505948299E+02
   0.505956234E+02   0.505965097E+02   0.505974848E+02   0.505985441E+02
   0.505996830E+02   0.506008964E+02   0.506021787E+02   0.506035239E+02
   0.506049257E+02   0.506063765E+02   0.506078682E+02   0.506093927E+02
   0.506109415E+02   0.506125060E+02   0.506140775E+02   0.506156463E+02
   0.506172029E+02   0.506187373E+02   0.506202392E+02   0.506216978E+02
   0.506231026E+02   0.506244430E+02   0.506257087E+02   0.506268891E+02
   0.506279723E+02   0.506289467E+02   0.506298004E+02   0.506305228E+02
   0.506311035E+02   0.506315312E+02   0.506317907E+02   0.506318661E+02
   0.506317481E+02   0.506314560E+02   0.506310159E+02   0.506304424E+02
   0.506297045E+02   0.506287596E+02   0.506275642E+02   0.506260708E+02
   0.506242307E+02   0.506220065E+02   0.506194041E+02   0.506164408E+02
   0.506131312E+02   0.506094800E+02   0.506054894E+02   0.506011596E+02
   0.505964828E+02   0.505914491E+02   0.505860498E+02   0.505802820E+02
   0.505741441E+02   0.505676392E+02   0.505607886E+02   0.505536184E+02
   0.505461546E+02   0.505384234E+02   0.505304509E+02   0.505222628E+02
   0.505138823E+02   0.505053319E+02   0.504966326E+02   0.504877988E+02
   0.504788436E+02   0.504697796E+02   0.504606193E+02   0.504513746E+02
   0.504420575E+02   0.504326780E+02   0.504232456E+02   0.504137699E+02
   0.504042587E+02   0.503947201E+02   0.503851602E+02   0.503755787E+02
   0.503659737E+02   0.503563442E+02   0.503466912E+02   0.503370166E+02
   0.503273232E+02   0.503176180E+02   0.503079087E+02   0.502982032E+02
   0.502885094E+02   0.502788351E+02   0.502691873E+02   0.502595700E+02
   0.502499865E+02   0.502404396E+02   0.502309313E+02   0.502214631E+02
   0.502120377E+02   0.502026613E+02   0.501933411E+02   0.501840850E+02
   0.501749031E+02   0.501658059E+02   0.501568042E+02   0.501479094E+02
   0.501391333E+02   0.501304868E+02   0.501219788E+02   0.501136176E+02
   0.501054112E+02   0.500973673E+02   0.500894929E+02   0.500817955E+02
   0.500742817E+02   0.500669583E+02   0.500598319E+02   0.500529083E+02
   0.500461930E+02   0.500396921E+02   0.500334128E+02   0.500273629E+02
   0.500215478E+02   0.500159640E+02   0.500106055E+02   0.500054735E+02
   0.500005963E+02   0.499960092E+02   0.499917212E+02   0.499876358E+02
   0.499836300E+02   0.499797528E+02   0.499767405E+02   0.499755009E+02
   0.499767065E+02   0.499800872E+02   0.499851370E+02   0.499913885E+02
   0.499985274E+02   0.500062780E+02   0.500143363E+02   0.500222860E+02
   0.500296828E+02   0.500361400E+02   0.500415010E+02   0.500456665E+02
   0.500485376E+02   0.500500151E+02   0.500500000E+02
Radial mesh: sqrt(Phi/Philim)
   0.000000000E+00   0.666666667E-02   0.133333333E-01   0.200000000E-01
   0.266666667E-01   0.333333333E-01   0.400000000E-01   0.466666667E-01
   0.533333333E-01   0.600000000E-01   0.666666667E-01   0.733333333E-01
   0.800000000E-01   0.866666667E-01   0.933333333E-01   0.100000000E+00
   0.106666667E+00   0.113333333E+00   0.120000000E+00   0.126666667E+00
   0.133333333E+00   0.140000000E+00   0.146666667E+00   0.153333333E+00
   0.160000000E+00   0.166666667E+00   0.173333333E+00   0.180000000E+00
   0.186666667E+00   0.193333333E+00   0.200000000E+00   0.206666667E+00
   0.213333333E+00   0.220000000E+00   0.226666667E+00   0.233333333E+00
   0.240000000E+00   0.246666667E+00   0.253333333E+00   0.260000000E+00
   0.266666667E+00   0.273333333E+00   0.280000000E+00   0.286666667E+00
   0.293333333E+00   0.300000000E+00   0.306666667E+00   0.313333333E+00
   0.320000000E+00   0.326666667E+00   0.333333333E+00   0.340000000E+00
   0.346666667E+00   0.353333333E+00   0.360000000E+00   0.366666667E+00
   0.373333333E+00   0.380000000E+00   0.386666667E+00   0.393333333E+00
   0.400000000E+00   0.406666667E+00   0.413333333E+00   0.420000000E+00
   0.426666667E+00   0.433333333E+00   0.440000000E+00   0.446666667E+00
   0.453333333E+00   0.460000000E+00   0.466666667E+00   0.473333333E+00
   0.480000000E+00   0.486666667E+00   0.493333333E+00   0.500000000E+00
   0.506666667E+00   0.513333333E+00   0.520000000E+00   0.526666667E+00
   0.533333333E+00   0.540000000E+00   0.546666667E+00   0.553333333E+00
   0.560000000E+00   0.566666667E+00   0.573333333E+00   0.580000000E+00
   0.586666667E+00   0.593333333E+00   0.600000000E+00   0.606666667E+00
   0.613333333E+00   0.620000000E+00   0.626666667E+00   0.633333333E+00
   0.640000000E+00   0.646666667E+00   0.653333333E+00   0.660000000E+00
   0.666666667E+00   0.673333333E+00   0.680000000E+00   0.686666667E+00
   0.693333333E+00   0.700000000E+00   0.706666667E+00   0.713333333E+00
   0.720000000E+00   0.726666667E+00   0.733333333E+00   0.740000000E+00
   0.746666667E+00   0.753333333E+00   0.760000000E+00   0.766666667E+00
   0.773333333E+00   0.780000000E+00   0.786666667E+00   0.793333333E+00
   0.800000000E+00   0.806666667E+00   0.813333333E+00   0.820000000E+00
   0.826666667E+00   0.833333333E+00   0.840000000E+00   0.846666667E+00
   0.853333333E+00   0.860000000E+00   0.866666667E+00   0.873333333E+00
   0.880000000E+00   0.886666667E+00   0.893333333E+00   0.900000000E+00
   0.906666667E+00   0.913333333E+00   0.920000000E+00   0.926666667E+00
   0.933333333E+00   0.940000000E+00   0.946666667E+00   0.953333333E+00
   0.960000000E+00   0.966666667E+00   0.973333333E+00   0.980000000E+00
   0.986666667E+00   0.993333333E+00   0.100000000E+01
Last surface (set to 1: TRANSP)
   0.100000000E+01
