2025-11-04 19:58:01,860 DAKOTA_BRIDGE_Driver_1 DEBUG    __initialize__(): <ipsframework.dakota_bridge.Driver object at 0x7fcf9a8eb070>  fastran_FPP_000001@Driver@1 
2025-11-04 19:58:01,864 DAKOTA_BRIDGE_Driver_1 DEBUG    Running - CompID =  fastran_FPP_000001@Driver@1
2025-11-04 19:58:01,865 DAKOTA_BRIDGE_Driver_1 DEBUG    _init_event_service(): self.counter = 0 - <ipsframework.dakota_bridge.Driver object at 0x7fcf9a8eb070>
2025-11-04 19:58:02,494 DAKOTA_BRIDGE_Driver_1 DEBUG    Received Message 
2025-11-04 19:58:02,494 DAKOTA_BRIDGE_Driver_1 DEBUG    Calling method init(0)
2025-11-04 19:58:02,494 DAKOTA_BRIDGE_Driver_1 DEBUG    _invoke_service(): registerSubscriber  ()
2025-11-04 19:58:02,495 DAKOTA_BRIDGE_Driver_1 DEBUG    _get_service_response(REQUEST|fastran_FPP_000001@Driver@1|FRAMEWORK@Framework@0|0)
2025-11-04 19:58:02,507 DAKOTA_BRIDGE_Driver_1 DEBUG    _get_service_response(REQUEST|fastran_FPP_000001@Driver@1|FRAMEWORK@Framework@0|0), response = ServiceResponseMessage(sender_id=FRAMEWORK@Framework@0, receiver_id=fastran_FPP_000001@Driver@1, request_msg_id=REQUEST|fastran_FPP_000001@Driver@1|FRAMEWORK@Framework@0|0,status=0, args=(2,), message_id=RESPONSE|FRAMEWORK@Framework@0|fastran_FPP_000001@Driver@1|7)
2025-11-04 19:58:02,507 DAKOTA_BRIDGE_Driver_1 DEBUG    _invoke_service(): getSubscription  (2, '_IPS_DYNAMIC_SIMULATION')
2025-11-04 19:58:02,507 DAKOTA_BRIDGE_Driver_1 DEBUG    _get_service_response(REQUEST|fastran_FPP_000001@Driver@1|FRAMEWORK@Framework@0|1)
2025-11-04 19:58:02,518 DAKOTA_BRIDGE_Driver_1 DEBUG    _get_service_response(REQUEST|fastran_FPP_000001@Driver@1|FRAMEWORK@Framework@0|1), response = ServiceResponseMessage(sender_id=FRAMEWORK@Framework@0, receiver_id=fastran_FPP_000001@Driver@1, request_msg_id=REQUEST|fastran_FPP_000001@Driver@1|FRAMEWORK@Framework@0|1,status=0, args=(None,), message_id=RESPONSE|FRAMEWORK@Framework@0|fastran_FPP_000001@Driver@1|9)
2025-11-04 19:58:02,518 DAKOTA_BRIDGE_Driver_1 DEBUG    _invoke_service(): createListener  ()
2025-11-04 19:58:02,519 DAKOTA_BRIDGE_Driver_1 DEBUG    _get_service_response(REQUEST|fastran_FPP_000001@Driver@1|FRAMEWORK@Framework@0|2)
2025-11-04 19:58:02,529 DAKOTA_BRIDGE_Driver_1 DEBUG    _get_service_response(REQUEST|fastran_FPP_000001@Driver@1|FRAMEWORK@Framework@0|2), response = ServiceResponseMessage(sender_id=FRAMEWORK@Framework@0, receiver_id=fastran_FPP_000001@Driver@1, request_msg_id=REQUEST|fastran_FPP_000001@Driver@1|FRAMEWORK@Framework@0|2,status=0, args=(2,), message_id=RESPONSE|FRAMEWORK@Framework@0|fastran_FPP_000001@Driver@1|10)
2025-11-04 19:58:02,529 DAKOTA_BRIDGE_Driver_1 DEBUG    _invoke_service(): registerEventListener  (2, '_IPS_DYNAMIC_SIMULATION', '_IPS_DYNAMIC_SIMULATION', 2)
2025-11-04 19:58:02,529 DAKOTA_BRIDGE_Driver_1 DEBUG    _get_service_response(REQUEST|fastran_FPP_000001@Driver@1|FRAMEWORK@Framework@0|3)
2025-11-04 19:58:02,540 DAKOTA_BRIDGE_Driver_1 DEBUG    _get_service_response(REQUEST|fastran_FPP_000001@Driver@1|FRAMEWORK@Framework@0|3), response = ServiceResponseMessage(sender_id=FRAMEWORK@Framework@0, receiver_id=fastran_FPP_000001@Driver@1, request_msg_id=REQUEST|fastran_FPP_000001@Driver@1|FRAMEWORK@Framework@0|3,status=0, args=(None,), message_id=RESPONSE|FRAMEWORK@Framework@0|fastran_FPP_000001@Driver@1|11)
2025-11-04 19:58:02,541 DAKOTA_BRIDGE_Driver_1 DEBUG    Received Message 
2025-11-04 19:58:02,541 DAKOTA_BRIDGE_Driver_1 DEBUG    Calling method step(0)
2025-11-04 19:58:02,545 DAKOTA_BRIDGE_Driver_1 WARNING  Created listener /tmp/ips_dynamic_691836.tmp
2025-11-04 19:58:03,046 DAKOTA_BRIDGE_Driver_1 DEBUG    _invoke_service(): processEvents  (2,)
2025-11-04 19:58:03,046 DAKOTA_BRIDGE_Driver_1 DEBUG    _get_service_response(REQUEST|fastran_FPP_000001@Driver@1|FRAMEWORK@Framework@0|4)
2025-11-04 19:58:03,057 DAKOTA_BRIDGE_Driver_1 DEBUG    _get_service_response(REQUEST|fastran_FPP_000001@Driver@1|FRAMEWORK@Framework@0|4), response = ServiceResponseMessage(sender_id=FRAMEWORK@Framework@0, receiver_id=fastran_FPP_000001@Driver@1, request_msg_id=REQUEST|fastran_FPP_000001@Driver@1|FRAMEWORK@Framework@0|4,status=0, args=({2: {'_IPS_DYNAMIC_SIMULATION': []}},), message_id=RESPONSE|FRAMEWORK@Framework@0|fastran_FPP_000001@Driver@1|13)
2025-11-04 19:58:03,558 DAKOTA_BRIDGE_Driver_1 DEBUG    _invoke_service(): processEvents  (2,)
2025-11-04 19:58:03,558 DAKOTA_BRIDGE_Driver_1 DEBUG    _get_service_response(REQUEST|fastran_FPP_000001@Driver@1|FRAMEWORK@Framework@0|5)
2025-11-04 19:58:03,569 DAKOTA_BRIDGE_Driver_1 DEBUG    _get_service_response(REQUEST|fastran_FPP_000001@Driver@1|FRAMEWORK@Framework@0|5), response = ServiceResponseMessage(sender_id=FRAMEWORK@Framework@0, receiver_id=fastran_FPP_000001@Driver@1, request_msg_id=REQUEST|fastran_FPP_000001@Driver@1|FRAMEWORK@Framework@0|5,status=0, args=({2: {'_IPS_DYNAMIC_SIMULATION': []}},), message_id=RESPONSE|FRAMEWORK@Framework@0|fastran_FPP_000001@Driver@1|15)
2025-11-04 19:58:04,070 DAKOTA_BRIDGE_Driver_1 DEBUG    _invoke_service(): processEvents  (2,)
2025-11-04 19:58:04,070 DAKOTA_BRIDGE_Driver_1 DEBUG    _get_service_response(REQUEST|fastran_FPP_000001@Driver@1|FRAMEWORK@Framework@0|6)
2025-11-04 19:58:04,081 DAKOTA_BRIDGE_Driver_1 DEBUG    _get_service_response(REQUEST|fastran_FPP_000001@Driver@1|FRAMEWORK@Framework@0|6), response = ServiceResponseMessage(sender_id=FRAMEWORK@Framework@0, receiver_id=fastran_FPP_000001@Driver@1, request_msg_id=REQUEST|fastran_FPP_000001@Driver@1|FRAMEWORK@Framework@0|6,status=0, args=({2: {'_IPS_DYNAMIC_SIMULATION': []}},), message_id=RESPONSE|FRAMEWORK@Framework@0|fastran_FPP_000001@Driver@1|17)
2025-11-04 19:58:04,582 DAKOTA_BRIDGE_Driver_1 DEBUG    _invoke_service(): processEvents  (2,)
2025-11-04 19:58:04,582 DAKOTA_BRIDGE_Driver_1 DEBUG    _get_service_response(REQUEST|fastran_FPP_000001@Driver@1|FRAMEWORK@Framework@0|7)
2025-11-04 19:58:04,593 DAKOTA_BRIDGE_Driver_1 DEBUG    _get_service_response(REQUEST|fastran_FPP_000001@Driver@1|FRAMEWORK@Framework@0|7), response = ServiceResponseMessage(sender_id=FRAMEWORK@Framework@0, receiver_id=fastran_FPP_000001@Driver@1, request_msg_id=REQUEST|fastran_FPP_000001@Driver@1|FRAMEWORK@Framework@0|7,status=0, args=({2: {'_IPS_DYNAMIC_SIMULATION': []}},), message_id=RESPONSE|FRAMEWORK@Framework@0|fastran_FPP_000001@Driver@1|19)
2025-11-04 19:58:05,093 DAKOTA_BRIDGE_Driver_1 DEBUG    _invoke_service(): processEvents  (2,)
2025-11-04 19:58:05,094 DAKOTA_BRIDGE_Driver_1 DEBUG    _get_service_response(REQUEST|fastran_FPP_000001@Driver@1|FRAMEWORK@Framework@0|8)
2025-11-04 19:58:05,105 DAKOTA_BRIDGE_Driver_1 DEBUG    _get_service_response(REQUEST|fastran_FPP_000001@Driver@1|FRAMEWORK@Framework@0|8), response = ServiceResponseMessage(sender_id=FRAMEWORK@Framework@0, receiver_id=fastran_FPP_000001@Driver@1, request_msg_id=REQUEST|fastran_FPP_000001@Driver@1|FRAMEWORK@Framework@0|8,status=0, args=({2: {'_IPS_DYNAMIC_SIMULATION': []}},), message_id=RESPONSE|FRAMEWORK@Framework@0|fastran_FPP_000001@Driver@1|21)
2025-11-04 19:58:05,605 DAKOTA_BRIDGE_Driver_1 DEBUG    _invoke_service(): processEvents  (2,)
2025-11-04 19:58:05,605 DAKOTA_BRIDGE_Driver_1 DEBUG    _get_service_response(REQUEST|fastran_FPP_000001@Driver@1|FRAMEWORK@Framework@0|9)
2025-11-04 19:58:05,616 DAKOTA_BRIDGE_Driver_1 DEBUG    _get_service_response(REQUEST|fastran_FPP_000001@Driver@1|FRAMEWORK@Framework@0|9), response = ServiceResponseMessage(sender_id=FRAMEWORK@Framework@0, receiver_id=fastran_FPP_000001@Driver@1, request_msg_id=REQUEST|fastran_FPP_000001@Driver@1|FRAMEWORK@Framework@0|9,status=0, args=({2: {'_IPS_DYNAMIC_SIMULATION': []}},), message_id=RESPONSE|FRAMEWORK@Framework@0|fastran_FPP_000001@Driver@1|23)
2025-11-04 19:58:05,859 DAKOTA_BRIDGE_Driver_1 DEBUG    _invoke_service(): processEvents  (2,)
2025-11-04 19:58:05,859 DAKOTA_BRIDGE_Driver_1 DEBUG    _get_service_response(REQUEST|fastran_FPP_000001@Driver@1|FRAMEWORK@Framework@0|10)
2025-11-04 19:58:05,870 DAKOTA_BRIDGE_Driver_1 DEBUG    _get_service_response(REQUEST|fastran_FPP_000001@Driver@1|FRAMEWORK@Framework@0|10), response = ServiceResponseMessage(sender_id=FRAMEWORK@Framework@0, receiver_id=fastran_FPP_000001@Driver@1, request_msg_id=REQUEST|fastran_FPP_000001@Driver@1|FRAMEWORK@Framework@0|10,status=0, args=({2: {'_IPS_DYNAMIC_SIMULATION': []}},), message_id=RESPONSE|FRAMEWORK@Framework@0|fastran_FPP_000001@Driver@1|24)
2025-11-04 19:58:06,371 DAKOTA_BRIDGE_Driver_1 DEBUG    _invoke_service(): processEvents  (2,)
2025-11-04 19:58:06,371 DAKOTA_BRIDGE_Driver_1 DEBUG    _get_service_response(REQUEST|fastran_FPP_000001@Driver@1|FRAMEWORK@Framework@0|11)
2025-11-04 19:58:06,382 DAKOTA_BRIDGE_Driver_1 DEBUG    _get_service_response(REQUEST|fastran_FPP_000001@Driver@1|FRAMEWORK@Framework@0|11), response = ServiceResponseMessage(sender_id=FRAMEWORK@Framework@0, receiver_id=fastran_FPP_000001@Driver@1, request_msg_id=REQUEST|fastran_FPP_000001@Driver@1|FRAMEWORK@Framework@0|11,status=0, args=({2: {'_IPS_DYNAMIC_SIMULATION': []}},), message_id=RESPONSE|FRAMEWORK@Framework@0|fastran_FPP_000001@Driver@1|26)
2025-11-04 19:58:06,882 DAKOTA_BRIDGE_Driver_1 DEBUG    _invoke_service(): processEvents  (2,)
2025-11-04 19:58:06,883 DAKOTA_BRIDGE_Driver_1 DEBUG    _get_service_response(REQUEST|fastran_FPP_000001@Driver@1|FRAMEWORK@Framework@0|12)
2025-11-04 19:58:06,894 DAKOTA_BRIDGE_Driver_1 DEBUG    _get_service_response(REQUEST|fastran_FPP_000001@Driver@1|FRAMEWORK@Framework@0|12), response = ServiceResponseMessage(sender_id=FRAMEWORK@Framework@0, receiver_id=fastran_FPP_000001@Driver@1, request_msg_id=REQUEST|fastran_FPP_000001@Driver@1|FRAMEWORK@Framework@0|12,status=0, args=({2: {'_IPS_DYNAMIC_SIMULATION': []}},), message_id=RESPONSE|FRAMEWORK@Framework@0|fastran_FPP_000001@Driver@1|28)
2025-11-04 19:58:07,394 DAKOTA_BRIDGE_Driver_1 DEBUG    _invoke_service(): processEvents  (2,)
2025-11-04 19:58:07,394 DAKOTA_BRIDGE_Driver_1 DEBUG    _get_service_response(REQUEST|fastran_FPP_000001@Driver@1|FRAMEWORK@Framework@0|13)
2025-11-04 19:58:07,405 DAKOTA_BRIDGE_Driver_1 DEBUG    _get_service_response(REQUEST|fastran_FPP_000001@Driver@1|FRAMEWORK@Framework@0|13), response = ServiceResponseMessage(sender_id=FRAMEWORK@Framework@0, receiver_id=fastran_FPP_000001@Driver@1, request_msg_id=REQUEST|fastran_FPP_000001@Driver@1|FRAMEWORK@Framework@0|13,status=0, args=({2: {'_IPS_DYNAMIC_SIMULATION': []}},), message_id=RESPONSE|FRAMEWORK@Framework@0|fastran_FPP_000001@Driver@1|30)
2025-11-04 19:58:07,906 DAKOTA_BRIDGE_Driver_1 DEBUG    _invoke_service(): processEvents  (2,)
2025-11-04 19:58:07,906 DAKOTA_BRIDGE_Driver_1 DEBUG    _get_service_response(REQUEST|fastran_FPP_000001@Driver@1|FRAMEWORK@Framework@0|14)
2025-11-04 19:58:07,917 DAKOTA_BRIDGE_Driver_1 DEBUG    _get_service_response(REQUEST|fastran_FPP_000001@Driver@1|FRAMEWORK@Framework@0|14), response = ServiceResponseMessage(sender_id=FRAMEWORK@Framework@0, receiver_id=fastran_FPP_000001@Driver@1, request_msg_id=REQUEST|fastran_FPP_000001@Driver@1|FRAMEWORK@Framework@0|14,status=0, args=({2: {'_IPS_DYNAMIC_SIMULATION': []}},), message_id=RESPONSE|FRAMEWORK@Framework@0|fastran_FPP_000001@Driver@1|32)
2025-11-04 19:58:08,417 DAKOTA_BRIDGE_Driver_1 DEBUG    _invoke_service(): processEvents  (2,)
2025-11-04 19:58:08,418 DAKOTA_BRIDGE_Driver_1 DEBUG    _get_service_response(REQUEST|fastran_FPP_000001@Driver@1|FRAMEWORK@Framework@0|15)
2025-11-04 19:58:08,429 DAKOTA_BRIDGE_Driver_1 DEBUG    _get_service_response(REQUEST|fastran_FPP_000001@Driver@1|FRAMEWORK@Framework@0|15), response = ServiceResponseMessage(sender_id=FRAMEWORK@Framework@0, receiver_id=fastran_FPP_000001@Driver@1, request_msg_id=REQUEST|fastran_FPP_000001@Driver@1|FRAMEWORK@Framework@0|15,status=0, args=({2: {'_IPS_DYNAMIC_SIMULATION': []}},), message_id=RESPONSE|FRAMEWORK@Framework@0|fastran_FPP_000001@Driver@1|34)
2025-11-04 19:58:08,929 DAKOTA_BRIDGE_Driver_1 DEBUG    _invoke_service(): processEvents  (2,)
2025-11-04 19:58:08,929 DAKOTA_BRIDGE_Driver_1 DEBUG    _get_service_response(REQUEST|fastran_FPP_000001@Driver@1|FRAMEWORK@Framework@0|16)
2025-11-04 19:58:08,940 DAKOTA_BRIDGE_Driver_1 DEBUG    _get_service_response(REQUEST|fastran_FPP_000001@Driver@1|FRAMEWORK@Framework@0|16), response = ServiceResponseMessage(sender_id=FRAMEWORK@Framework@0, receiver_id=fastran_FPP_000001@Driver@1, request_msg_id=REQUEST|fastran_FPP_000001@Driver@1|FRAMEWORK@Framework@0|16,status=0, args=({2: {'_IPS_DYNAMIC_SIMULATION': []}},), message_id=RESPONSE|FRAMEWORK@Framework@0|fastran_FPP_000001@Driver@1|36)
2025-11-04 19:58:09,441 DAKOTA_BRIDGE_Driver_1 DEBUG    _invoke_service(): processEvents  (2,)
2025-11-04 19:58:09,441 DAKOTA_BRIDGE_Driver_1 DEBUG    _get_service_response(REQUEST|fastran_FPP_000001@Driver@1|FRAMEWORK@Framework@0|17)
2025-11-04 19:58:09,452 DAKOTA_BRIDGE_Driver_1 DEBUG    _get_service_response(REQUEST|fastran_FPP_000001@Driver@1|FRAMEWORK@Framework@0|17), response = ServiceResponseMessage(sender_id=FRAMEWORK@Framework@0, receiver_id=fastran_FPP_000001@Driver@1, request_msg_id=REQUEST|fastran_FPP_000001@Driver@1|FRAMEWORK@Framework@0|17,status=0, args=({2: {'_IPS_DYNAMIC_SIMULATION': []}},), message_id=RESPONSE|FRAMEWORK@Framework@0|fastran_FPP_000001@Driver@1|38)
2025-11-04 19:58:09,952 DAKOTA_BRIDGE_Driver_1 DEBUG    _invoke_service(): processEvents  (2,)
2025-11-04 19:58:09,952 DAKOTA_BRIDGE_Driver_1 DEBUG    _get_service_response(REQUEST|fastran_FPP_000001@Driver@1|FRAMEWORK@Framework@0|18)
2025-11-04 19:58:09,963 DAKOTA_BRIDGE_Driver_1 DEBUG    _get_service_response(REQUEST|fastran_FPP_000001@Driver@1|FRAMEWORK@Framework@0|18), response = ServiceResponseMessage(sender_id=FRAMEWORK@Framework@0, receiver_id=fastran_FPP_000001@Driver@1, request_msg_id=REQUEST|fastran_FPP_000001@Driver@1|FRAMEWORK@Framework@0|18,status=0, args=({2: {'_IPS_DYNAMIC_SIMULATION': []}},), message_id=RESPONSE|FRAMEWORK@Framework@0|fastran_FPP_000001@Driver@1|40)
2025-11-04 19:58:09,996 DAKOTA_BRIDGE_Driver_1 DEBUG    _invoke_service(): processEvents  (2,)
2025-11-04 19:58:09,996 DAKOTA_BRIDGE_Driver_1 DEBUG    _get_service_response(REQUEST|fastran_FPP_000001@Driver@1|FRAMEWORK@Framework@0|19)
2025-11-04 19:58:10,007 DAKOTA_BRIDGE_Driver_1 DEBUG    _get_service_response(REQUEST|fastran_FPP_000001@Driver@1|FRAMEWORK@Framework@0|19), response = ServiceResponseMessage(sender_id=FRAMEWORK@Framework@0, receiver_id=fastran_FPP_000001@Driver@1, request_msg_id=REQUEST|fastran_FPP_000001@Driver@1|FRAMEWORK@Framework@0|19,status=0, args=({2: {'_IPS_DYNAMIC_SIMULATION': []}},), message_id=RESPONSE|FRAMEWORK@Framework@0|fastran_FPP_000001@Driver@1|41)
2025-11-04 19:58:10,007 DAKOTA_BRIDGE_Driver_1 DEBUG    _invoke_service(): get_config_parameter  ('PORTAL_RUNID',)
2025-11-04 19:58:10,007 DAKOTA_BRIDGE_Driver_1 DEBUG    _get_service_response(REQUEST|fastran_FPP_000001@Driver@1|FRAMEWORK@Framework@0|20)
2025-11-04 19:58:10,018 DAKOTA_BRIDGE_Driver_1 DEBUG    _get_service_response(REQUEST|fastran_FPP_000001@Driver@1|FRAMEWORK@Framework@0|20), response = ServiceResponseMessage(sender_id=FRAMEWORK@Framework@0, receiver_id=fastran_FPP_000001@Driver@1, request_msg_id=REQUEST|fastran_FPP_000001@Driver@1|FRAMEWORK@Framework@0|20,status=0, args=('fastran_FPP_000001_perlmutter_hswils_2025-11-04T19:58:02.505',), message_id=RESPONSE|FRAMEWORK@Framework@0|fastran_FPP_000001@Driver@1|42)
2025-11-04 19:58:10,023 DAKOTA_BRIDGE_Driver_1 DEBUG    _invoke_service(): create_simulation  ('/pscratch/sd/h/hswils/github_repos/MANTA_DBSCANS/angles_scan_HFS/SCAN/simulation_691836_0000.conf', {}, False)
2025-11-04 19:58:10,023 DAKOTA_BRIDGE_Driver_1 DEBUG    create_simulation() msg_id = REQUEST|fastran_FPP_000001@Driver@1|FRAMEWORK@Framework@0|21
2025-11-04 19:58:10,023 DAKOTA_BRIDGE_Driver_1 DEBUG    _get_service_response(REQUEST|fastran_FPP_000001@Driver@1|FRAMEWORK@Framework@0|21)
2025-11-04 19:58:14,318 DAKOTA_BRIDGE_Driver_1 DEBUG    _get_service_response(REQUEST|fastran_FPP_000001@Driver@1|FRAMEWORK@Framework@0|21), response = ServiceResponseMessage(sender_id=FRAMEWORK@Framework@0, receiver_id=fastran_FPP_000001@Driver@1, request_msg_id=REQUEST|fastran_FPP_000001@Driver@1|FRAMEWORK@Framework@0|21,status=0, args=(('fastran_FPP_000001_691836_0000', fastran_FPP_000001_691836_0000@fastran_init@4, fastran_FPP_000001_691836_0000@fastran_driver@5),), message_id=RESPONSE|FRAMEWORK@Framework@0|fastran_FPP_000001@Driver@1|43)
2025-11-04 19:58:14,318 DAKOTA_BRIDGE_Driver_1 DEBUG    Created simulation fastran_FPP_000001_691836_0000
2025-11-04 19:58:14,318 DAKOTA_BRIDGE_Driver_1 DEBUG    _invoke_service(): processEvents  (2,)
2025-11-04 19:58:14,318 DAKOTA_BRIDGE_Driver_1 DEBUG    _get_service_response(REQUEST|fastran_FPP_000001@Driver@1|FRAMEWORK@Framework@0|22)
2025-11-04 19:58:14,328 DAKOTA_BRIDGE_Driver_1 DEBUG    _get_service_response(REQUEST|fastran_FPP_000001@Driver@1|FRAMEWORK@Framework@0|22), response = ServiceResponseMessage(sender_id=FRAMEWORK@Framework@0, receiver_id=fastran_FPP_000001@Driver@1, request_msg_id=REQUEST|fastran_FPP_000001@Driver@1|FRAMEWORK@Framework@0|22,status=0, args=({2: {'_IPS_DYNAMIC_SIMULATION': [<ipsframework.cca_es_spec.Event object at 0x7fcf9a8ebc70>]}},), message_id=RESPONSE|FRAMEWORK@Framework@0|fastran_FPP_000001@Driver@1|45)
2025-11-04 19:58:14,328 DAKOTA_BRIDGE_Driver_1 DEBUG    In Component: Just received {'eventtype': 'IPS_START', 'SIM_NAME': 'fastran_FPP_000001_691836_0000', 'ok': True}
2025-11-04 19:58:14,329 DAKOTA_BRIDGE_Driver_1 DEBUG    In Component: There are 1 events in self.events_received
2025-11-04 19:58:14,329 DAKOTA_BRIDGE_Driver_1 DEBUG    _invoke_service(): get_config_parameter  ('PORTAL_RUNID',)
2025-11-04 19:58:14,329 DAKOTA_BRIDGE_Driver_1 DEBUG    _get_service_response(REQUEST|fastran_FPP_000001@Driver@1|FRAMEWORK@Framework@0|23)
2025-11-04 19:58:14,339 DAKOTA_BRIDGE_Driver_1 DEBUG    _get_service_response(REQUEST|fastran_FPP_000001@Driver@1|FRAMEWORK@Framework@0|23), response = ServiceResponseMessage(sender_id=FRAMEWORK@Framework@0, receiver_id=fastran_FPP_000001@Driver@1, request_msg_id=REQUEST|fastran_FPP_000001@Driver@1|FRAMEWORK@Framework@0|23,status=0, args=('fastran_FPP_000001_perlmutter_hswils_2025-11-04T19:58:02.505',), message_id=RESPONSE|FRAMEWORK@Framework@0|fastran_FPP_000001@Driver@1|48)
2025-11-04 19:58:14,344 DAKOTA_BRIDGE_Driver_1 DEBUG    _invoke_service(): create_simulation  ('/pscratch/sd/h/hswils/github_repos/MANTA_DBSCANS/angles_scan_HFS/SCAN/simulation_691836_0001.conf', {}, False)
2025-11-04 19:58:14,344 DAKOTA_BRIDGE_Driver_1 DEBUG    create_simulation() msg_id = REQUEST|fastran_FPP_000001@Driver@1|FRAMEWORK@Framework@0|24
2025-11-04 19:58:14,344 DAKOTA_BRIDGE_Driver_1 DEBUG    _get_service_response(REQUEST|fastran_FPP_000001@Driver@1|FRAMEWORK@Framework@0|24)
2025-11-04 19:58:14,392 DAKOTA_BRIDGE_Driver_1 DEBUG    _get_service_response(REQUEST|fastran_FPP_000001@Driver@1|FRAMEWORK@Framework@0|24), response = ServiceResponseMessage(sender_id=FRAMEWORK@Framework@0, receiver_id=fastran_FPP_000001@Driver@1, request_msg_id=REQUEST|fastran_FPP_000001@Driver@1|FRAMEWORK@Framework@0|24,status=0, args=(('fastran_FPP_000001_691836_0001', fastran_FPP_000001_691836_0001@fastran_init@10, fastran_FPP_000001_691836_0001@fastran_driver@11),), message_id=RESPONSE|FRAMEWORK@Framework@0|fastran_FPP_000001@Driver@1|50)
2025-11-04 19:58:14,392 DAKOTA_BRIDGE_Driver_1 DEBUG    Created simulation fastran_FPP_000001_691836_0001
2025-11-04 19:58:14,392 DAKOTA_BRIDGE_Driver_1 DEBUG    _invoke_service(): processEvents  (2,)
2025-11-04 19:58:14,392 DAKOTA_BRIDGE_Driver_1 DEBUG    _get_service_response(REQUEST|fastran_FPP_000001@Driver@1|FRAMEWORK@Framework@0|25)
2025-11-04 19:58:14,402 DAKOTA_BRIDGE_Driver_1 DEBUG    _get_service_response(REQUEST|fastran_FPP_000001@Driver@1|FRAMEWORK@Framework@0|25), response = ServiceResponseMessage(sender_id=FRAMEWORK@Framework@0, receiver_id=fastran_FPP_000001@Driver@1, request_msg_id=REQUEST|fastran_FPP_000001@Driver@1|FRAMEWORK@Framework@0|25,status=0, args=({2: {'_IPS_DYNAMIC_SIMULATION': [<ipsframework.cca_es_spec.Event object at 0x7fcf9a8ebca0>]}},), message_id=RESPONSE|FRAMEWORK@Framework@0|fastran_FPP_000001@Driver@1|52)
2025-11-04 19:58:14,402 DAKOTA_BRIDGE_Driver_1 DEBUG    In Component: Just received {'eventtype': 'IPS_START', 'SIM_NAME': 'fastran_FPP_000001_691836_0001', 'ok': True}
2025-11-04 19:58:14,402 DAKOTA_BRIDGE_Driver_1 DEBUG    In Component: There are 1 events in self.events_received
2025-11-04 19:58:14,403 DAKOTA_BRIDGE_Driver_1 DEBUG    _invoke_service(): get_config_parameter  ('PORTAL_RUNID',)
2025-11-04 19:58:14,403 DAKOTA_BRIDGE_Driver_1 DEBUG    _get_service_response(REQUEST|fastran_FPP_000001@Driver@1|FRAMEWORK@Framework@0|26)
2025-11-04 19:58:14,413 DAKOTA_BRIDGE_Driver_1 DEBUG    _get_service_response(REQUEST|fastran_FPP_000001@Driver@1|FRAMEWORK@Framework@0|26), response = ServiceResponseMessage(sender_id=FRAMEWORK@Framework@0, receiver_id=fastran_FPP_000001@Driver@1, request_msg_id=REQUEST|fastran_FPP_000001@Driver@1|FRAMEWORK@Framework@0|26,status=0, args=('fastran_FPP_000001_perlmutter_hswils_2025-11-04T19:58:02.505',), message_id=RESPONSE|FRAMEWORK@Framework@0|fastran_FPP_000001@Driver@1|54)
2025-11-04 19:58:14,418 DAKOTA_BRIDGE_Driver_1 DEBUG    _invoke_service(): create_simulation  ('/pscratch/sd/h/hswils/github_repos/MANTA_DBSCANS/angles_scan_HFS/SCAN/simulation_691836_0002.conf', {}, False)
2025-11-04 19:58:14,418 DAKOTA_BRIDGE_Driver_1 DEBUG    create_simulation() msg_id = REQUEST|fastran_FPP_000001@Driver@1|FRAMEWORK@Framework@0|27
2025-11-04 19:58:14,418 DAKOTA_BRIDGE_Driver_1 DEBUG    _get_service_response(REQUEST|fastran_FPP_000001@Driver@1|FRAMEWORK@Framework@0|27)
2025-11-04 19:58:14,513 DAKOTA_BRIDGE_Driver_1 DEBUG    _get_service_response(REQUEST|fastran_FPP_000001@Driver@1|FRAMEWORK@Framework@0|27), response = ServiceResponseMessage(sender_id=FRAMEWORK@Framework@0, receiver_id=fastran_FPP_000001@Driver@1, request_msg_id=REQUEST|fastran_FPP_000001@Driver@1|FRAMEWORK@Framework@0|27,status=0, args=(('fastran_FPP_000001_691836_0002', fastran_FPP_000001_691836_0002@fastran_init@16, fastran_FPP_000001_691836_0002@fastran_driver@17),), message_id=RESPONSE|FRAMEWORK@Framework@0|fastran_FPP_000001@Driver@1|55)
2025-11-04 19:58:14,513 DAKOTA_BRIDGE_Driver_1 DEBUG    Created simulation fastran_FPP_000001_691836_0002
2025-11-04 19:58:14,513 DAKOTA_BRIDGE_Driver_1 DEBUG    _invoke_service(): processEvents  (2,)
2025-11-04 19:58:14,513 DAKOTA_BRIDGE_Driver_1 DEBUG    _get_service_response(REQUEST|fastran_FPP_000001@Driver@1|FRAMEWORK@Framework@0|28)
2025-11-04 19:58:14,523 DAKOTA_BRIDGE_Driver_1 DEBUG    _get_service_response(REQUEST|fastran_FPP_000001@Driver@1|FRAMEWORK@Framework@0|28), response = ServiceResponseMessage(sender_id=FRAMEWORK@Framework@0, receiver_id=fastran_FPP_000001@Driver@1, request_msg_id=REQUEST|fastran_FPP_000001@Driver@1|FRAMEWORK@Framework@0|28,status=0, args=({2: {'_IPS_DYNAMIC_SIMULATION': [<ipsframework.cca_es_spec.Event object at 0x7fcf9a8ebdf0>]}},), message_id=RESPONSE|FRAMEWORK@Framework@0|fastran_FPP_000001@Driver@1|57)
2025-11-04 19:58:14,523 DAKOTA_BRIDGE_Driver_1 DEBUG    In Component: Just received {'eventtype': 'IPS_START', 'SIM_NAME': 'fastran_FPP_000001_691836_0002', 'ok': True}
2025-11-04 19:58:14,523 DAKOTA_BRIDGE_Driver_1 DEBUG    In Component: There are 1 events in self.events_received
2025-11-04 19:58:14,524 DAKOTA_BRIDGE_Driver_1 DEBUG    _invoke_service(): get_config_parameter  ('PORTAL_RUNID',)
2025-11-04 19:58:14,524 DAKOTA_BRIDGE_Driver_1 DEBUG    _get_service_response(REQUEST|fastran_FPP_000001@Driver@1|FRAMEWORK@Framework@0|29)
2025-11-04 19:58:14,534 DAKOTA_BRIDGE_Driver_1 DEBUG    _get_service_response(REQUEST|fastran_FPP_000001@Driver@1|FRAMEWORK@Framework@0|29), response = ServiceResponseMessage(sender_id=FRAMEWORK@Framework@0, receiver_id=fastran_FPP_000001@Driver@1, request_msg_id=REQUEST|fastran_FPP_000001@Driver@1|FRAMEWORK@Framework@0|29,status=0, args=('fastran_FPP_000001_perlmutter_hswils_2025-11-04T19:58:02.505',), message_id=RESPONSE|FRAMEWORK@Framework@0|fastran_FPP_000001@Driver@1|59)
2025-11-04 19:58:14,538 DAKOTA_BRIDGE_Driver_1 DEBUG    _invoke_service(): create_simulation  ('/pscratch/sd/h/hswils/github_repos/MANTA_DBSCANS/angles_scan_HFS/SCAN/simulation_691836_0003.conf', {}, False)
2025-11-04 19:58:14,538 DAKOTA_BRIDGE_Driver_1 DEBUG    create_simulation() msg_id = REQUEST|fastran_FPP_000001@Driver@1|FRAMEWORK@Framework@0|30
2025-11-04 19:58:14,538 DAKOTA_BRIDGE_Driver_1 DEBUG    _get_service_response(REQUEST|fastran_FPP_000001@Driver@1|FRAMEWORK@Framework@0|30)
2025-11-04 19:58:14,589 DAKOTA_BRIDGE_Driver_1 DEBUG    _get_service_response(REQUEST|fastran_FPP_000001@Driver@1|FRAMEWORK@Framework@0|30), response = ServiceResponseMessage(sender_id=FRAMEWORK@Framework@0, receiver_id=fastran_FPP_000001@Driver@1, request_msg_id=REQUEST|fastran_FPP_000001@Driver@1|FRAMEWORK@Framework@0|30,status=0, args=(('fastran_FPP_000001_691836_0003', fastran_FPP_000001_691836_0003@fastran_init@22, fastran_FPP_000001_691836_0003@fastran_driver@23),), message_id=RESPONSE|FRAMEWORK@Framework@0|fastran_FPP_000001@Driver@1|60)
2025-11-04 19:58:14,589 DAKOTA_BRIDGE_Driver_1 DEBUG    Created simulation fastran_FPP_000001_691836_0003
2025-11-04 19:58:14,590 DAKOTA_BRIDGE_Driver_1 DEBUG    _invoke_service(): processEvents  (2,)
2025-11-04 19:58:14,590 DAKOTA_BRIDGE_Driver_1 DEBUG    _get_service_response(REQUEST|fastran_FPP_000001@Driver@1|FRAMEWORK@Framework@0|31)
2025-11-04 19:58:14,604 DAKOTA_BRIDGE_Driver_1 DEBUG    _get_service_response(REQUEST|fastran_FPP_000001@Driver@1|FRAMEWORK@Framework@0|31), response = ServiceResponseMessage(sender_id=FRAMEWORK@Framework@0, receiver_id=fastran_FPP_000001@Driver@1, request_msg_id=REQUEST|fastran_FPP_000001@Driver@1|FRAMEWORK@Framework@0|31,status=0, args=({2: {'_IPS_DYNAMIC_SIMULATION': [<ipsframework.cca_es_spec.Event object at 0x7fcf9a8ebbb0>]}},), message_id=RESPONSE|FRAMEWORK@Framework@0|fastran_FPP_000001@Driver@1|63)
2025-11-04 19:58:14,605 DAKOTA_BRIDGE_Driver_1 DEBUG    In Component: Just received {'eventtype': 'IPS_START', 'SIM_NAME': 'fastran_FPP_000001_691836_0003', 'ok': True}
2025-11-04 19:58:14,605 DAKOTA_BRIDGE_Driver_1 DEBUG    In Component: There are 1 events in self.events_received
2025-11-04 19:58:14,605 DAKOTA_BRIDGE_Driver_1 DEBUG    _invoke_service(): get_config_parameter  ('PORTAL_RUNID',)
2025-11-04 19:58:14,605 DAKOTA_BRIDGE_Driver_1 DEBUG    _get_service_response(REQUEST|fastran_FPP_000001@Driver@1|FRAMEWORK@Framework@0|32)
2025-11-04 19:58:14,616 DAKOTA_BRIDGE_Driver_1 DEBUG    _get_service_response(REQUEST|fastran_FPP_000001@Driver@1|FRAMEWORK@Framework@0|32), response = ServiceResponseMessage(sender_id=FRAMEWORK@Framework@0, receiver_id=fastran_FPP_000001@Driver@1, request_msg_id=REQUEST|fastran_FPP_000001@Driver@1|FRAMEWORK@Framework@0|32,status=0, args=('fastran_FPP_000001_perlmutter_hswils_2025-11-04T19:58:02.505',), message_id=RESPONSE|FRAMEWORK@Framework@0|fastran_FPP_000001@Driver@1|66)
2025-11-04 19:58:14,619 DAKOTA_BRIDGE_Driver_1 DEBUG    _invoke_service(): create_simulation  ('/pscratch/sd/h/hswils/github_repos/MANTA_DBSCANS/angles_scan_HFS/SCAN/simulation_691836_0004.conf', {}, False)
2025-11-04 19:58:14,619 DAKOTA_BRIDGE_Driver_1 DEBUG    create_simulation() msg_id = REQUEST|fastran_FPP_000001@Driver@1|FRAMEWORK@Framework@0|33
2025-11-04 19:58:14,619 DAKOTA_BRIDGE_Driver_1 DEBUG    _get_service_response(REQUEST|fastran_FPP_000001@Driver@1|FRAMEWORK@Framework@0|33)
2025-11-04 19:58:14,671 DAKOTA_BRIDGE_Driver_1 DEBUG    _get_service_response(REQUEST|fastran_FPP_000001@Driver@1|FRAMEWORK@Framework@0|33), response = ServiceResponseMessage(sender_id=FRAMEWORK@Framework@0, receiver_id=fastran_FPP_000001@Driver@1, request_msg_id=REQUEST|fastran_FPP_000001@Driver@1|FRAMEWORK@Framework@0|33,status=0, args=(('fastran_FPP_000001_691836_0004', fastran_FPP_000001_691836_0004@fastran_init@28, fastran_FPP_000001_691836_0004@fastran_driver@29),), message_id=RESPONSE|FRAMEWORK@Framework@0|fastran_FPP_000001@Driver@1|71)
2025-11-04 19:58:14,671 DAKOTA_BRIDGE_Driver_1 DEBUG    Created simulation fastran_FPP_000001_691836_0004
2025-11-04 19:58:14,671 DAKOTA_BRIDGE_Driver_1 DEBUG    _invoke_service(): processEvents  (2,)
2025-11-04 19:58:14,671 DAKOTA_BRIDGE_Driver_1 DEBUG    _get_service_response(REQUEST|fastran_FPP_000001@Driver@1|FRAMEWORK@Framework@0|34)
2025-11-04 19:58:14,689 DAKOTA_BRIDGE_Driver_1 DEBUG    _get_service_response(REQUEST|fastran_FPP_000001@Driver@1|FRAMEWORK@Framework@0|34), response = ServiceResponseMessage(sender_id=FRAMEWORK@Framework@0, receiver_id=fastran_FPP_000001@Driver@1, request_msg_id=REQUEST|fastran_FPP_000001@Driver@1|FRAMEWORK@Framework@0|34,status=0, args=({2: {'_IPS_DYNAMIC_SIMULATION': [<ipsframework.cca_es_spec.Event object at 0x7fcf9a8ebcd0>]}},), message_id=RESPONSE|FRAMEWORK@Framework@0|fastran_FPP_000001@Driver@1|76)
2025-11-04 19:58:14,689 DAKOTA_BRIDGE_Driver_1 DEBUG    In Component: Just received {'eventtype': 'IPS_START', 'SIM_NAME': 'fastran_FPP_000001_691836_0004', 'ok': True}
2025-11-04 19:58:14,689 DAKOTA_BRIDGE_Driver_1 DEBUG    In Component: There are 1 events in self.events_received
2025-11-04 19:58:14,690 DAKOTA_BRIDGE_Driver_1 DEBUG    _invoke_service(): get_config_parameter  ('PORTAL_RUNID',)
2025-11-04 19:58:14,690 DAKOTA_BRIDGE_Driver_1 DEBUG    _get_service_response(REQUEST|fastran_FPP_000001@Driver@1|FRAMEWORK@Framework@0|35)
2025-11-04 19:58:14,701 DAKOTA_BRIDGE_Driver_1 DEBUG    _get_service_response(REQUEST|fastran_FPP_000001@Driver@1|FRAMEWORK@Framework@0|35), response = ServiceResponseMessage(sender_id=FRAMEWORK@Framework@0, receiver_id=fastran_FPP_000001@Driver@1, request_msg_id=REQUEST|fastran_FPP_000001@Driver@1|FRAMEWORK@Framework@0|35,status=0, args=('fastran_FPP_000001_perlmutter_hswils_2025-11-04T19:58:02.505',), message_id=RESPONSE|FRAMEWORK@Framework@0|fastran_FPP_000001@Driver@1|81)
2025-11-04 19:58:14,705 DAKOTA_BRIDGE_Driver_1 DEBUG    _invoke_service(): create_simulation  ('/pscratch/sd/h/hswils/github_repos/MANTA_DBSCANS/angles_scan_HFS/SCAN/simulation_691836_0005.conf', {}, False)
2025-11-04 19:58:14,705 DAKOTA_BRIDGE_Driver_1 DEBUG    create_simulation() msg_id = REQUEST|fastran_FPP_000001@Driver@1|FRAMEWORK@Framework@0|36
2025-11-04 19:58:14,705 DAKOTA_BRIDGE_Driver_1 DEBUG    _get_service_response(REQUEST|fastran_FPP_000001@Driver@1|FRAMEWORK@Framework@0|36)
2025-11-04 19:58:14,796 DAKOTA_BRIDGE_Driver_1 DEBUG    _get_service_response(REQUEST|fastran_FPP_000001@Driver@1|FRAMEWORK@Framework@0|36), response = ServiceResponseMessage(sender_id=FRAMEWORK@Framework@0, receiver_id=fastran_FPP_000001@Driver@1, request_msg_id=REQUEST|fastran_FPP_000001@Driver@1|FRAMEWORK@Framework@0|36,status=0, args=(('fastran_FPP_000001_691836_0005', fastran_FPP_000001_691836_0005@fastran_init@34, fastran_FPP_000001_691836_0005@fastran_driver@35),), message_id=RESPONSE|FRAMEWORK@Framework@0|fastran_FPP_000001@Driver@1|85)
2025-11-04 19:58:14,796 DAKOTA_BRIDGE_Driver_1 DEBUG    Created simulation fastran_FPP_000001_691836_0005
2025-11-04 19:58:14,796 DAKOTA_BRIDGE_Driver_1 DEBUG    _invoke_service(): processEvents  (2,)
2025-11-04 19:58:14,796 DAKOTA_BRIDGE_Driver_1 DEBUG    _get_service_response(REQUEST|fastran_FPP_000001@Driver@1|FRAMEWORK@Framework@0|37)
2025-11-04 19:58:14,808 DAKOTA_BRIDGE_Driver_1 DEBUG    _get_service_response(REQUEST|fastran_FPP_000001@Driver@1|FRAMEWORK@Framework@0|37), response = ServiceResponseMessage(sender_id=FRAMEWORK@Framework@0, receiver_id=fastran_FPP_000001@Driver@1, request_msg_id=REQUEST|fastran_FPP_000001@Driver@1|FRAMEWORK@Framework@0|37,status=0, args=({2: {'_IPS_DYNAMIC_SIMULATION': [<ipsframework.cca_es_spec.Event object at 0x7fcf9a8ebaf0>]}},), message_id=RESPONSE|FRAMEWORK@Framework@0|fastran_FPP_000001@Driver@1|91)
2025-11-04 19:58:14,808 DAKOTA_BRIDGE_Driver_1 DEBUG    In Component: Just received {'eventtype': 'IPS_START', 'SIM_NAME': 'fastran_FPP_000001_691836_0005', 'ok': True}
2025-11-04 19:58:14,808 DAKOTA_BRIDGE_Driver_1 DEBUG    In Component: There are 1 events in self.events_received
2025-11-04 19:58:14,808 DAKOTA_BRIDGE_Driver_1 DEBUG    _invoke_service(): get_config_parameter  ('PORTAL_RUNID',)
2025-11-04 19:58:14,808 DAKOTA_BRIDGE_Driver_1 DEBUG    _get_service_response(REQUEST|fastran_FPP_000001@Driver@1|FRAMEWORK@Framework@0|38)
2025-11-04 19:58:14,823 DAKOTA_BRIDGE_Driver_1 DEBUG    _get_service_response(REQUEST|fastran_FPP_000001@Driver@1|FRAMEWORK@Framework@0|38), response = ServiceResponseMessage(sender_id=FRAMEWORK@Framework@0, receiver_id=fastran_FPP_000001@Driver@1, request_msg_id=REQUEST|fastran_FPP_000001@Driver@1|FRAMEWORK@Framework@0|38,status=0, args=('fastran_FPP_000001_perlmutter_hswils_2025-11-04T19:58:02.505',), message_id=RESPONSE|FRAMEWORK@Framework@0|fastran_FPP_000001@Driver@1|96)
2025-11-04 19:58:14,827 DAKOTA_BRIDGE_Driver_1 DEBUG    _invoke_service(): create_simulation  ('/pscratch/sd/h/hswils/github_repos/MANTA_DBSCANS/angles_scan_HFS/SCAN/simulation_691836_0006.conf', {}, False)
2025-11-04 19:58:14,827 DAKOTA_BRIDGE_Driver_1 DEBUG    create_simulation() msg_id = REQUEST|fastran_FPP_000001@Driver@1|FRAMEWORK@Framework@0|39
2025-11-04 19:58:14,827 DAKOTA_BRIDGE_Driver_1 DEBUG    _get_service_response(REQUEST|fastran_FPP_000001@Driver@1|FRAMEWORK@Framework@0|39)
2025-11-04 19:58:14,884 DAKOTA_BRIDGE_Driver_1 DEBUG    _get_service_response(REQUEST|fastran_FPP_000001@Driver@1|FRAMEWORK@Framework@0|39), response = ServiceResponseMessage(sender_id=FRAMEWORK@Framework@0, receiver_id=fastran_FPP_000001@Driver@1, request_msg_id=REQUEST|fastran_FPP_000001@Driver@1|FRAMEWORK@Framework@0|39,status=0, args=(('fastran_FPP_000001_691836_0006', fastran_FPP_000001_691836_0006@fastran_init@40, fastran_FPP_000001_691836_0006@fastran_driver@41),), message_id=RESPONSE|FRAMEWORK@Framework@0|fastran_FPP_000001@Driver@1|103)
2025-11-04 19:58:14,884 DAKOTA_BRIDGE_Driver_1 DEBUG    Created simulation fastran_FPP_000001_691836_0006
2025-11-04 19:58:14,884 DAKOTA_BRIDGE_Driver_1 DEBUG    _invoke_service(): processEvents  (2,)
2025-11-04 19:58:14,885 DAKOTA_BRIDGE_Driver_1 DEBUG    _get_service_response(REQUEST|fastran_FPP_000001@Driver@1|FRAMEWORK@Framework@0|40)
2025-11-04 19:58:14,895 DAKOTA_BRIDGE_Driver_1 DEBUG    _get_service_response(REQUEST|fastran_FPP_000001@Driver@1|FRAMEWORK@Framework@0|40), response = ServiceResponseMessage(sender_id=FRAMEWORK@Framework@0, receiver_id=fastran_FPP_000001@Driver@1, request_msg_id=REQUEST|fastran_FPP_000001@Driver@1|FRAMEWORK@Framework@0|40,status=0, args=({2: {'_IPS_DYNAMIC_SIMULATION': [<ipsframework.cca_es_spec.Event object at 0x7fcf9a8b50a0>]}},), message_id=RESPONSE|FRAMEWORK@Framework@0|fastran_FPP_000001@Driver@1|110)
2025-11-04 19:58:14,895 DAKOTA_BRIDGE_Driver_1 DEBUG    In Component: Just received {'eventtype': 'IPS_START', 'SIM_NAME': 'fastran_FPP_000001_691836_0006', 'ok': True}
2025-11-04 19:58:14,895 DAKOTA_BRIDGE_Driver_1 DEBUG    In Component: There are 1 events in self.events_received
2025-11-04 19:58:14,896 DAKOTA_BRIDGE_Driver_1 DEBUG    _invoke_service(): get_config_parameter  ('PORTAL_RUNID',)
2025-11-04 19:58:14,896 DAKOTA_BRIDGE_Driver_1 DEBUG    _get_service_response(REQUEST|fastran_FPP_000001@Driver@1|FRAMEWORK@Framework@0|41)
2025-11-04 19:58:14,906 DAKOTA_BRIDGE_Driver_1 DEBUG    _get_service_response(REQUEST|fastran_FPP_000001@Driver@1|FRAMEWORK@Framework@0|41), response = ServiceResponseMessage(sender_id=FRAMEWORK@Framework@0, receiver_id=fastran_FPP_000001@Driver@1, request_msg_id=REQUEST|fastran_FPP_000001@Driver@1|FRAMEWORK@Framework@0|41,status=0, args=('fastran_FPP_000001_perlmutter_hswils_2025-11-04T19:58:02.505',), message_id=RESPONSE|FRAMEWORK@Framework@0|fastran_FPP_000001@Driver@1|118)
2025-11-04 19:58:14,910 DAKOTA_BRIDGE_Driver_1 DEBUG    _invoke_service(): create_simulation  ('/pscratch/sd/h/hswils/github_repos/MANTA_DBSCANS/angles_scan_HFS/SCAN/simulation_691836_0007.conf', {}, False)
2025-11-04 19:58:14,910 DAKOTA_BRIDGE_Driver_1 DEBUG    create_simulation() msg_id = REQUEST|fastran_FPP_000001@Driver@1|FRAMEWORK@Framework@0|42
2025-11-04 19:58:14,910 DAKOTA_BRIDGE_Driver_1 DEBUG    _get_service_response(REQUEST|fastran_FPP_000001@Driver@1|FRAMEWORK@Framework@0|42)
2025-11-04 19:58:14,969 DAKOTA_BRIDGE_Driver_1 DEBUG    _get_service_response(REQUEST|fastran_FPP_000001@Driver@1|FRAMEWORK@Framework@0|42), response = ServiceResponseMessage(sender_id=FRAMEWORK@Framework@0, receiver_id=fastran_FPP_000001@Driver@1, request_msg_id=REQUEST|fastran_FPP_000001@Driver@1|FRAMEWORK@Framework@0|42,status=0, args=(('fastran_FPP_000001_691836_0007', fastran_FPP_000001_691836_0007@fastran_init@46, fastran_FPP_000001_691836_0007@fastran_driver@47),), message_id=RESPONSE|FRAMEWORK@Framework@0|fastran_FPP_000001@Driver@1|127)
2025-11-04 19:58:14,969 DAKOTA_BRIDGE_Driver_1 DEBUG    Created simulation fastran_FPP_000001_691836_0007
2025-11-04 19:58:14,969 DAKOTA_BRIDGE_Driver_1 DEBUG    _invoke_service(): processEvents  (2,)
2025-11-04 19:58:14,969 DAKOTA_BRIDGE_Driver_1 DEBUG    _get_service_response(REQUEST|fastran_FPP_000001@Driver@1|FRAMEWORK@Framework@0|43)
2025-11-04 19:58:14,980 DAKOTA_BRIDGE_Driver_1 DEBUG    _get_service_response(REQUEST|fastran_FPP_000001@Driver@1|FRAMEWORK@Framework@0|43), response = ServiceResponseMessage(sender_id=FRAMEWORK@Framework@0, receiver_id=fastran_FPP_000001@Driver@1, request_msg_id=REQUEST|fastran_FPP_000001@Driver@1|FRAMEWORK@Framework@0|43,status=0, args=({2: {'_IPS_DYNAMIC_SIMULATION': [<ipsframework.cca_es_spec.Event object at 0x7fcf9a8b50a0>]}},), message_id=RESPONSE|FRAMEWORK@Framework@0|fastran_FPP_000001@Driver@1|137)
2025-11-04 19:58:14,980 DAKOTA_BRIDGE_Driver_1 DEBUG    In Component: Just received {'eventtype': 'IPS_START', 'SIM_NAME': 'fastran_FPP_000001_691836_0007', 'ok': True}
2025-11-04 19:58:14,980 DAKOTA_BRIDGE_Driver_1 DEBUG    In Component: There are 1 events in self.events_received
2025-11-04 19:58:14,980 DAKOTA_BRIDGE_Driver_1 DEBUG    _invoke_service(): get_config_parameter  ('PORTAL_RUNID',)
2025-11-04 19:58:14,980 DAKOTA_BRIDGE_Driver_1 DEBUG    _get_service_response(REQUEST|fastran_FPP_000001@Driver@1|FRAMEWORK@Framework@0|44)
2025-11-04 19:58:14,991 DAKOTA_BRIDGE_Driver_1 DEBUG    _get_service_response(REQUEST|fastran_FPP_000001@Driver@1|FRAMEWORK@Framework@0|44), response = ServiceResponseMessage(sender_id=FRAMEWORK@Framework@0, receiver_id=fastran_FPP_000001@Driver@1, request_msg_id=REQUEST|fastran_FPP_000001@Driver@1|FRAMEWORK@Framework@0|44,status=0, args=('fastran_FPP_000001_perlmutter_hswils_2025-11-04T19:58:02.505',), message_id=RESPONSE|FRAMEWORK@Framework@0|fastran_FPP_000001@Driver@1|146)
2025-11-04 19:58:14,994 DAKOTA_BRIDGE_Driver_1 DEBUG    _invoke_service(): create_simulation  ('/pscratch/sd/h/hswils/github_repos/MANTA_DBSCANS/angles_scan_HFS/SCAN/simulation_691836_0008.conf', {}, False)
2025-11-04 19:58:14,994 DAKOTA_BRIDGE_Driver_1 DEBUG    create_simulation() msg_id = REQUEST|fastran_FPP_000001@Driver@1|FRAMEWORK@Framework@0|45
2025-11-04 19:58:14,994 DAKOTA_BRIDGE_Driver_1 DEBUG    _get_service_response(REQUEST|fastran_FPP_000001@Driver@1|FRAMEWORK@Framework@0|45)
2025-11-04 19:58:15,058 DAKOTA_BRIDGE_Driver_1 DEBUG    _get_service_response(REQUEST|fastran_FPP_000001@Driver@1|FRAMEWORK@Framework@0|45), response = ServiceResponseMessage(sender_id=FRAMEWORK@Framework@0, receiver_id=fastran_FPP_000001@Driver@1, request_msg_id=REQUEST|fastran_FPP_000001@Driver@1|FRAMEWORK@Framework@0|45,status=0, args=(('fastran_FPP_000001_691836_0008', fastran_FPP_000001_691836_0008@fastran_init@52, fastran_FPP_000001_691836_0008@fastran_driver@53),), message_id=RESPONSE|FRAMEWORK@Framework@0|fastran_FPP_000001@Driver@1|154)
2025-11-04 19:58:15,058 DAKOTA_BRIDGE_Driver_1 DEBUG    Created simulation fastran_FPP_000001_691836_0008
2025-11-04 19:58:15,558 DAKOTA_BRIDGE_Driver_1 DEBUG    _invoke_service(): processEvents  (2,)
2025-11-04 19:58:15,558 DAKOTA_BRIDGE_Driver_1 DEBUG    _get_service_response(REQUEST|fastran_FPP_000001@Driver@1|FRAMEWORK@Framework@0|46)
2025-11-04 19:58:15,569 DAKOTA_BRIDGE_Driver_1 DEBUG    _get_service_response(REQUEST|fastran_FPP_000001@Driver@1|FRAMEWORK@Framework@0|46), response = ServiceResponseMessage(sender_id=FRAMEWORK@Framework@0, receiver_id=fastran_FPP_000001@Driver@1, request_msg_id=REQUEST|fastran_FPP_000001@Driver@1|FRAMEWORK@Framework@0|46,status=0, args=({2: {'_IPS_DYNAMIC_SIMULATION': [<ipsframework.cca_es_spec.Event object at 0x7fcf9a8b5130>]}},), message_id=RESPONSE|FRAMEWORK@Framework@0|fastran_FPP_000001@Driver@1|287)
2025-11-04 19:58:15,569 DAKOTA_BRIDGE_Driver_1 DEBUG    In Component: Just received {'eventtype': 'IPS_START', 'SIM_NAME': 'fastran_FPP_000001_691836_0008', 'ok': True}
2025-11-04 19:58:15,570 DAKOTA_BRIDGE_Driver_1 DEBUG    In Component: There are 1 events in self.events_received
2025-11-04 19:58:16,070 DAKOTA_BRIDGE_Driver_1 DEBUG    _invoke_service(): processEvents  (2,)
2025-11-04 19:58:16,070 DAKOTA_BRIDGE_Driver_1 DEBUG    _get_service_response(REQUEST|fastran_FPP_000001@Driver@1|FRAMEWORK@Framework@0|47)
2025-11-04 19:58:16,081 DAKOTA_BRIDGE_Driver_1 DEBUG    _get_service_response(REQUEST|fastran_FPP_000001@Driver@1|FRAMEWORK@Framework@0|47), response = ServiceResponseMessage(sender_id=FRAMEWORK@Framework@0, receiver_id=fastran_FPP_000001@Driver@1, request_msg_id=REQUEST|fastran_FPP_000001@Driver@1|FRAMEWORK@Framework@0|47,status=0, args=({2: {'_IPS_DYNAMIC_SIMULATION': []}},), message_id=RESPONSE|FRAMEWORK@Framework@0|fastran_FPP_000001@Driver@1|289)
2025-11-04 19:58:16,582 DAKOTA_BRIDGE_Driver_1 DEBUG    _invoke_service(): processEvents  (2,)
2025-11-04 19:58:16,582 DAKOTA_BRIDGE_Driver_1 DEBUG    _get_service_response(REQUEST|fastran_FPP_000001@Driver@1|FRAMEWORK@Framework@0|48)
2025-11-04 19:58:16,593 DAKOTA_BRIDGE_Driver_1 DEBUG    _get_service_response(REQUEST|fastran_FPP_000001@Driver@1|FRAMEWORK@Framework@0|48), response = ServiceResponseMessage(sender_id=FRAMEWORK@Framework@0, receiver_id=fastran_FPP_000001@Driver@1, request_msg_id=REQUEST|fastran_FPP_000001@Driver@1|FRAMEWORK@Framework@0|48,status=0, args=({2: {'_IPS_DYNAMIC_SIMULATION': []}},), message_id=RESPONSE|FRAMEWORK@Framework@0|fastran_FPP_000001@Driver@1|291)
2025-11-04 19:58:17,094 DAKOTA_BRIDGE_Driver_1 DEBUG    _invoke_service(): processEvents  (2,)
2025-11-04 19:58:17,094 DAKOTA_BRIDGE_Driver_1 DEBUG    _get_service_response(REQUEST|fastran_FPP_000001@Driver@1|FRAMEWORK@Framework@0|49)
2025-11-04 19:58:17,114 DAKOTA_BRIDGE_Driver_1 DEBUG    _get_service_response(REQUEST|fastran_FPP_000001@Driver@1|FRAMEWORK@Framework@0|49), response = ServiceResponseMessage(sender_id=FRAMEWORK@Framework@0, receiver_id=fastran_FPP_000001@Driver@1, request_msg_id=REQUEST|fastran_FPP_000001@Driver@1|FRAMEWORK@Framework@0|49,status=0, args=({2: {'_IPS_DYNAMIC_SIMULATION': []}},), message_id=RESPONSE|FRAMEWORK@Framework@0|fastran_FPP_000001@Driver@1|487)
2025-11-04 19:58:17,614 DAKOTA_BRIDGE_Driver_1 DEBUG    _invoke_service(): processEvents  (2,)
2025-11-04 19:58:17,614 DAKOTA_BRIDGE_Driver_1 DEBUG    _get_service_response(REQUEST|fastran_FPP_000001@Driver@1|FRAMEWORK@Framework@0|50)
2025-11-04 19:58:17,626 DAKOTA_BRIDGE_Driver_1 DEBUG    _get_service_response(REQUEST|fastran_FPP_000001@Driver@1|FRAMEWORK@Framework@0|50), response = ServiceResponseMessage(sender_id=FRAMEWORK@Framework@0, receiver_id=fastran_FPP_000001@Driver@1, request_msg_id=REQUEST|fastran_FPP_000001@Driver@1|FRAMEWORK@Framework@0|50,status=0, args=({2: {'_IPS_DYNAMIC_SIMULATION': []}},), message_id=RESPONSE|FRAMEWORK@Framework@0|fastran_FPP_000001@Driver@1|646)
2025-11-04 19:58:18,126 DAKOTA_BRIDGE_Driver_1 DEBUG    _invoke_service(): processEvents  (2,)
2025-11-04 19:58:18,127 DAKOTA_BRIDGE_Driver_1 DEBUG    _get_service_response(REQUEST|fastran_FPP_000001@Driver@1|FRAMEWORK@Framework@0|51)
2025-11-04 19:58:18,138 DAKOTA_BRIDGE_Driver_1 DEBUG    _get_service_response(REQUEST|fastran_FPP_000001@Driver@1|FRAMEWORK@Framework@0|51), response = ServiceResponseMessage(sender_id=FRAMEWORK@Framework@0, receiver_id=fastran_FPP_000001@Driver@1, request_msg_id=REQUEST|fastran_FPP_000001@Driver@1|FRAMEWORK@Framework@0|51,status=0, args=({2: {'_IPS_DYNAMIC_SIMULATION': []}},), message_id=RESPONSE|FRAMEWORK@Framework@0|fastran_FPP_000001@Driver@1|648)
2025-11-04 19:58:18,638 DAKOTA_BRIDGE_Driver_1 DEBUG    _invoke_service(): processEvents  (2,)
2025-11-04 19:58:18,639 DAKOTA_BRIDGE_Driver_1 DEBUG    _get_service_response(REQUEST|fastran_FPP_000001@Driver@1|FRAMEWORK@Framework@0|52)
2025-11-04 19:58:18,649 DAKOTA_BRIDGE_Driver_1 DEBUG    _get_service_response(REQUEST|fastran_FPP_000001@Driver@1|FRAMEWORK@Framework@0|52), response = ServiceResponseMessage(sender_id=FRAMEWORK@Framework@0, receiver_id=fastran_FPP_000001@Driver@1, request_msg_id=REQUEST|fastran_FPP_000001@Driver@1|FRAMEWORK@Framework@0|52,status=0, args=({2: {'_IPS_DYNAMIC_SIMULATION': []}},), message_id=RESPONSE|FRAMEWORK@Framework@0|fastran_FPP_000001@Driver@1|650)
2025-11-04 19:58:19,150 DAKOTA_BRIDGE_Driver_1 DEBUG    _invoke_service(): processEvents  (2,)
2025-11-04 19:58:19,150 DAKOTA_BRIDGE_Driver_1 DEBUG    _get_service_response(REQUEST|fastran_FPP_000001@Driver@1|FRAMEWORK@Framework@0|53)
2025-11-04 19:58:19,161 DAKOTA_BRIDGE_Driver_1 DEBUG    _get_service_response(REQUEST|fastran_FPP_000001@Driver@1|FRAMEWORK@Framework@0|53), response = ServiceResponseMessage(sender_id=FRAMEWORK@Framework@0, receiver_id=fastran_FPP_000001@Driver@1, request_msg_id=REQUEST|fastran_FPP_000001@Driver@1|FRAMEWORK@Framework@0|53,status=0, args=({2: {'_IPS_DYNAMIC_SIMULATION': []}},), message_id=RESPONSE|FRAMEWORK@Framework@0|fastran_FPP_000001@Driver@1|652)
2025-11-04 19:58:19,662 DAKOTA_BRIDGE_Driver_1 DEBUG    _invoke_service(): processEvents  (2,)
2025-11-04 19:58:19,662 DAKOTA_BRIDGE_Driver_1 DEBUG    _get_service_response(REQUEST|fastran_FPP_000001@Driver@1|FRAMEWORK@Framework@0|54)
2025-11-04 19:58:19,673 DAKOTA_BRIDGE_Driver_1 DEBUG    _get_service_response(REQUEST|fastran_FPP_000001@Driver@1|FRAMEWORK@Framework@0|54), response = ServiceResponseMessage(sender_id=FRAMEWORK@Framework@0, receiver_id=fastran_FPP_000001@Driver@1, request_msg_id=REQUEST|fastran_FPP_000001@Driver@1|FRAMEWORK@Framework@0|54,status=0, args=({2: {'_IPS_DYNAMIC_SIMULATION': []}},), message_id=RESPONSE|FRAMEWORK@Framework@0|fastran_FPP_000001@Driver@1|654)
2025-11-04 19:58:20,174 DAKOTA_BRIDGE_Driver_1 DEBUG    _invoke_service(): processEvents  (2,)
2025-11-04 19:58:20,174 DAKOTA_BRIDGE_Driver_1 DEBUG    _get_service_response(REQUEST|fastran_FPP_000001@Driver@1|FRAMEWORK@Framework@0|55)
2025-11-04 19:58:20,185 DAKOTA_BRIDGE_Driver_1 DEBUG    _get_service_response(REQUEST|fastran_FPP_000001@Driver@1|FRAMEWORK@Framework@0|55), response = ServiceResponseMessage(sender_id=FRAMEWORK@Framework@0, receiver_id=fastran_FPP_000001@Driver@1, request_msg_id=REQUEST|fastran_FPP_000001@Driver@1|FRAMEWORK@Framework@0|55,status=0, args=({2: {'_IPS_DYNAMIC_SIMULATION': []}},), message_id=RESPONSE|FRAMEWORK@Framework@0|fastran_FPP_000001@Driver@1|656)
2025-11-04 19:58:20,685 DAKOTA_BRIDGE_Driver_1 DEBUG    _invoke_service(): processEvents  (2,)
2025-11-04 19:58:20,686 DAKOTA_BRIDGE_Driver_1 DEBUG    _get_service_response(REQUEST|fastran_FPP_000001@Driver@1|FRAMEWORK@Framework@0|56)
2025-11-04 19:58:20,697 DAKOTA_BRIDGE_Driver_1 DEBUG    _get_service_response(REQUEST|fastran_FPP_000001@Driver@1|FRAMEWORK@Framework@0|56), response = ServiceResponseMessage(sender_id=FRAMEWORK@Framework@0, receiver_id=fastran_FPP_000001@Driver@1, request_msg_id=REQUEST|fastran_FPP_000001@Driver@1|FRAMEWORK@Framework@0|56,status=0, args=({2: {'_IPS_DYNAMIC_SIMULATION': []}},), message_id=RESPONSE|FRAMEWORK@Framework@0|fastran_FPP_000001@Driver@1|658)
2025-11-04 19:58:21,197 DAKOTA_BRIDGE_Driver_1 DEBUG    _invoke_service(): processEvents  (2,)
2025-11-04 19:58:21,197 DAKOTA_BRIDGE_Driver_1 DEBUG    _get_service_response(REQUEST|fastran_FPP_000001@Driver@1|FRAMEWORK@Framework@0|57)
2025-11-04 19:58:21,208 DAKOTA_BRIDGE_Driver_1 DEBUG    _get_service_response(REQUEST|fastran_FPP_000001@Driver@1|FRAMEWORK@Framework@0|57), response = ServiceResponseMessage(sender_id=FRAMEWORK@Framework@0, receiver_id=fastran_FPP_000001@Driver@1, request_msg_id=REQUEST|fastran_FPP_000001@Driver@1|FRAMEWORK@Framework@0|57,status=0, args=({2: {'_IPS_DYNAMIC_SIMULATION': []}},), message_id=RESPONSE|FRAMEWORK@Framework@0|fastran_FPP_000001@Driver@1|660)
2025-11-04 19:58:21,709 DAKOTA_BRIDGE_Driver_1 DEBUG    _invoke_service(): processEvents  (2,)
2025-11-04 19:58:21,709 DAKOTA_BRIDGE_Driver_1 DEBUG    _get_service_response(REQUEST|fastran_FPP_000001@Driver@1|FRAMEWORK@Framework@0|58)
2025-11-04 19:58:21,720 DAKOTA_BRIDGE_Driver_1 DEBUG    _get_service_response(REQUEST|fastran_FPP_000001@Driver@1|FRAMEWORK@Framework@0|58), response = ServiceResponseMessage(sender_id=FRAMEWORK@Framework@0, receiver_id=fastran_FPP_000001@Driver@1, request_msg_id=REQUEST|fastran_FPP_000001@Driver@1|FRAMEWORK@Framework@0|58,status=0, args=({2: {'_IPS_DYNAMIC_SIMULATION': []}},), message_id=RESPONSE|FRAMEWORK@Framework@0|fastran_FPP_000001@Driver@1|662)
2025-11-04 19:58:22,221 DAKOTA_BRIDGE_Driver_1 DEBUG    _invoke_service(): processEvents  (2,)
2025-11-04 19:58:22,221 DAKOTA_BRIDGE_Driver_1 DEBUG    _get_service_response(REQUEST|fastran_FPP_000001@Driver@1|FRAMEWORK@Framework@0|59)
2025-11-04 19:58:22,232 DAKOTA_BRIDGE_Driver_1 DEBUG    _get_service_response(REQUEST|fastran_FPP_000001@Driver@1|FRAMEWORK@Framework@0|59), response = ServiceResponseMessage(sender_id=FRAMEWORK@Framework@0, receiver_id=fastran_FPP_000001@Driver@1, request_msg_id=REQUEST|fastran_FPP_000001@Driver@1|FRAMEWORK@Framework@0|59,status=0, args=({2: {'_IPS_DYNAMIC_SIMULATION': []}},), message_id=RESPONSE|FRAMEWORK@Framework@0|fastran_FPP_000001@Driver@1|664)
2025-11-04 19:58:22,732 DAKOTA_BRIDGE_Driver_1 DEBUG    _invoke_service(): processEvents  (2,)
2025-11-04 19:58:22,733 DAKOTA_BRIDGE_Driver_1 DEBUG    _get_service_response(REQUEST|fastran_FPP_000001@Driver@1|FRAMEWORK@Framework@0|60)
2025-11-04 19:58:22,744 DAKOTA_BRIDGE_Driver_1 DEBUG    _get_service_response(REQUEST|fastran_FPP_000001@Driver@1|FRAMEWORK@Framework@0|60), response = ServiceResponseMessage(sender_id=FRAMEWORK@Framework@0, receiver_id=fastran_FPP_000001@Driver@1, request_msg_id=REQUEST|fastran_FPP_000001@Driver@1|FRAMEWORK@Framework@0|60,status=0, args=({2: {'_IPS_DYNAMIC_SIMULATION': []}},), message_id=RESPONSE|FRAMEWORK@Framework@0|fastran_FPP_000001@Driver@1|666)
2025-11-04 19:58:23,244 DAKOTA_BRIDGE_Driver_1 DEBUG    _invoke_service(): processEvents  (2,)
2025-11-04 19:58:23,244 DAKOTA_BRIDGE_Driver_1 DEBUG    _get_service_response(REQUEST|fastran_FPP_000001@Driver@1|FRAMEWORK@Framework@0|61)
2025-11-04 19:58:23,255 DAKOTA_BRIDGE_Driver_1 DEBUG    _get_service_response(REQUEST|fastran_FPP_000001@Driver@1|FRAMEWORK@Framework@0|61), response = ServiceResponseMessage(sender_id=FRAMEWORK@Framework@0, receiver_id=fastran_FPP_000001@Driver@1, request_msg_id=REQUEST|fastran_FPP_000001@Driver@1|FRAMEWORK@Framework@0|61,status=0, args=({2: {'_IPS_DYNAMIC_SIMULATION': []}},), message_id=RESPONSE|FRAMEWORK@Framework@0|fastran_FPP_000001@Driver@1|668)
2025-11-04 19:58:23,755 DAKOTA_BRIDGE_Driver_1 DEBUG    _invoke_service(): processEvents  (2,)
2025-11-04 19:58:23,756 DAKOTA_BRIDGE_Driver_1 DEBUG    _get_service_response(REQUEST|fastran_FPP_000001@Driver@1|FRAMEWORK@Framework@0|62)
2025-11-04 19:58:23,767 DAKOTA_BRIDGE_Driver_1 DEBUG    _get_service_response(REQUEST|fastran_FPP_000001@Driver@1|FRAMEWORK@Framework@0|62), response = ServiceResponseMessage(sender_id=FRAMEWORK@Framework@0, receiver_id=fastran_FPP_000001@Driver@1, request_msg_id=REQUEST|fastran_FPP_000001@Driver@1|FRAMEWORK@Framework@0|62,status=0, args=({2: {'_IPS_DYNAMIC_SIMULATION': []}},), message_id=RESPONSE|FRAMEWORK@Framework@0|fastran_FPP_000001@Driver@1|670)
2025-11-04 19:58:24,267 DAKOTA_BRIDGE_Driver_1 DEBUG    _invoke_service(): processEvents  (2,)
2025-11-04 19:58:24,267 DAKOTA_BRIDGE_Driver_1 DEBUG    _get_service_response(REQUEST|fastran_FPP_000001@Driver@1|FRAMEWORK@Framework@0|63)
2025-11-04 19:58:24,278 DAKOTA_BRIDGE_Driver_1 DEBUG    _get_service_response(REQUEST|fastran_FPP_000001@Driver@1|FRAMEWORK@Framework@0|63), response = ServiceResponseMessage(sender_id=FRAMEWORK@Framework@0, receiver_id=fastran_FPP_000001@Driver@1, request_msg_id=REQUEST|fastran_FPP_000001@Driver@1|FRAMEWORK@Framework@0|63,status=0, args=({2: {'_IPS_DYNAMIC_SIMULATION': []}},), message_id=RESPONSE|FRAMEWORK@Framework@0|fastran_FPP_000001@Driver@1|672)
2025-11-04 19:58:24,779 DAKOTA_BRIDGE_Driver_1 DEBUG    _invoke_service(): processEvents  (2,)
2025-11-04 19:58:24,779 DAKOTA_BRIDGE_Driver_1 DEBUG    _get_service_response(REQUEST|fastran_FPP_000001@Driver@1|FRAMEWORK@Framework@0|64)
2025-11-04 19:58:24,790 DAKOTA_BRIDGE_Driver_1 DEBUG    _get_service_response(REQUEST|fastran_FPP_000001@Driver@1|FRAMEWORK@Framework@0|64), response = ServiceResponseMessage(sender_id=FRAMEWORK@Framework@0, receiver_id=fastran_FPP_000001@Driver@1, request_msg_id=REQUEST|fastran_FPP_000001@Driver@1|FRAMEWORK@Framework@0|64,status=0, args=({2: {'_IPS_DYNAMIC_SIMULATION': []}},), message_id=RESPONSE|FRAMEWORK@Framework@0|fastran_FPP_000001@Driver@1|674)
2025-11-04 19:58:25,291 DAKOTA_BRIDGE_Driver_1 DEBUG    _invoke_service(): processEvents  (2,)
2025-11-04 19:58:25,291 DAKOTA_BRIDGE_Driver_1 DEBUG    _get_service_response(REQUEST|fastran_FPP_000001@Driver@1|FRAMEWORK@Framework@0|65)
2025-11-04 19:58:25,302 DAKOTA_BRIDGE_Driver_1 DEBUG    _get_service_response(REQUEST|fastran_FPP_000001@Driver@1|FRAMEWORK@Framework@0|65), response = ServiceResponseMessage(sender_id=FRAMEWORK@Framework@0, receiver_id=fastran_FPP_000001@Driver@1, request_msg_id=REQUEST|fastran_FPP_000001@Driver@1|FRAMEWORK@Framework@0|65,status=0, args=({2: {'_IPS_DYNAMIC_SIMULATION': []}},), message_id=RESPONSE|FRAMEWORK@Framework@0|fastran_FPP_000001@Driver@1|676)
2025-11-04 19:58:25,803 DAKOTA_BRIDGE_Driver_1 DEBUG    _invoke_service(): processEvents  (2,)
2025-11-04 19:58:25,803 DAKOTA_BRIDGE_Driver_1 DEBUG    _get_service_response(REQUEST|fastran_FPP_000001@Driver@1|FRAMEWORK@Framework@0|66)
2025-11-04 19:58:25,814 DAKOTA_BRIDGE_Driver_1 DEBUG    _get_service_response(REQUEST|fastran_FPP_000001@Driver@1|FRAMEWORK@Framework@0|66), response = ServiceResponseMessage(sender_id=FRAMEWORK@Framework@0, receiver_id=fastran_FPP_000001@Driver@1, request_msg_id=REQUEST|fastran_FPP_000001@Driver@1|FRAMEWORK@Framework@0|66,status=0, args=({2: {'_IPS_DYNAMIC_SIMULATION': []}},), message_id=RESPONSE|FRAMEWORK@Framework@0|fastran_FPP_000001@Driver@1|678)
2025-11-04 19:58:26,314 DAKOTA_BRIDGE_Driver_1 DEBUG    _invoke_service(): processEvents  (2,)
2025-11-04 19:58:26,315 DAKOTA_BRIDGE_Driver_1 DEBUG    _get_service_response(REQUEST|fastran_FPP_000001@Driver@1|FRAMEWORK@Framework@0|67)
2025-11-04 19:58:26,326 DAKOTA_BRIDGE_Driver_1 DEBUG    _get_service_response(REQUEST|fastran_FPP_000001@Driver@1|FRAMEWORK@Framework@0|67), response = ServiceResponseMessage(sender_id=FRAMEWORK@Framework@0, receiver_id=fastran_FPP_000001@Driver@1, request_msg_id=REQUEST|fastran_FPP_000001@Driver@1|FRAMEWORK@Framework@0|67,status=0, args=({2: {'_IPS_DYNAMIC_SIMULATION': []}},), message_id=RESPONSE|FRAMEWORK@Framework@0|fastran_FPP_000001@Driver@1|680)
2025-11-04 19:58:26,826 DAKOTA_BRIDGE_Driver_1 DEBUG    _invoke_service(): processEvents  (2,)
2025-11-04 19:58:26,827 DAKOTA_BRIDGE_Driver_1 DEBUG    _get_service_response(REQUEST|fastran_FPP_000001@Driver@1|FRAMEWORK@Framework@0|68)
2025-11-04 19:58:26,837 DAKOTA_BRIDGE_Driver_1 DEBUG    _get_service_response(REQUEST|fastran_FPP_000001@Driver@1|FRAMEWORK@Framework@0|68), response = ServiceResponseMessage(sender_id=FRAMEWORK@Framework@0, receiver_id=fastran_FPP_000001@Driver@1, request_msg_id=REQUEST|fastran_FPP_000001@Driver@1|FRAMEWORK@Framework@0|68,status=0, args=({2: {'_IPS_DYNAMIC_SIMULATION': []}},), message_id=RESPONSE|FRAMEWORK@Framework@0|fastran_FPP_000001@Driver@1|682)
2025-11-04 19:58:27,338 DAKOTA_BRIDGE_Driver_1 DEBUG    _invoke_service(): processEvents  (2,)
2025-11-04 19:58:27,338 DAKOTA_BRIDGE_Driver_1 DEBUG    _get_service_response(REQUEST|fastran_FPP_000001@Driver@1|FRAMEWORK@Framework@0|69)
2025-11-04 19:58:27,349 DAKOTA_BRIDGE_Driver_1 DEBUG    _get_service_response(REQUEST|fastran_FPP_000001@Driver@1|FRAMEWORK@Framework@0|69), response = ServiceResponseMessage(sender_id=FRAMEWORK@Framework@0, receiver_id=fastran_FPP_000001@Driver@1, request_msg_id=REQUEST|fastran_FPP_000001@Driver@1|FRAMEWORK@Framework@0|69,status=0, args=({2: {'_IPS_DYNAMIC_SIMULATION': []}},), message_id=RESPONSE|FRAMEWORK@Framework@0|fastran_FPP_000001@Driver@1|684)
2025-11-04 19:58:27,849 DAKOTA_BRIDGE_Driver_1 DEBUG    _invoke_service(): processEvents  (2,)
2025-11-04 19:58:27,850 DAKOTA_BRIDGE_Driver_1 DEBUG    _get_service_response(REQUEST|fastran_FPP_000001@Driver@1|FRAMEWORK@Framework@0|70)
2025-11-04 19:58:27,860 DAKOTA_BRIDGE_Driver_1 DEBUG    _get_service_response(REQUEST|fastran_FPP_000001@Driver@1|FRAMEWORK@Framework@0|70), response = ServiceResponseMessage(sender_id=FRAMEWORK@Framework@0, receiver_id=fastran_FPP_000001@Driver@1, request_msg_id=REQUEST|fastran_FPP_000001@Driver@1|FRAMEWORK@Framework@0|70,status=0, args=({2: {'_IPS_DYNAMIC_SIMULATION': []}},), message_id=RESPONSE|FRAMEWORK@Framework@0|fastran_FPP_000001@Driver@1|686)
2025-11-04 19:58:28,361 DAKOTA_BRIDGE_Driver_1 DEBUG    _invoke_service(): processEvents  (2,)
2025-11-04 19:58:28,361 DAKOTA_BRIDGE_Driver_1 DEBUG    _get_service_response(REQUEST|fastran_FPP_000001@Driver@1|FRAMEWORK@Framework@0|71)
2025-11-04 19:58:28,372 DAKOTA_BRIDGE_Driver_1 DEBUG    _get_service_response(REQUEST|fastran_FPP_000001@Driver@1|FRAMEWORK@Framework@0|71), response = ServiceResponseMessage(sender_id=FRAMEWORK@Framework@0, receiver_id=fastran_FPP_000001@Driver@1, request_msg_id=REQUEST|fastran_FPP_000001@Driver@1|FRAMEWORK@Framework@0|71,status=0, args=({2: {'_IPS_DYNAMIC_SIMULATION': []}},), message_id=RESPONSE|FRAMEWORK@Framework@0|fastran_FPP_000001@Driver@1|688)
2025-11-04 19:58:28,873 DAKOTA_BRIDGE_Driver_1 DEBUG    _invoke_service(): processEvents  (2,)
2025-11-04 19:58:28,873 DAKOTA_BRIDGE_Driver_1 DEBUG    _get_service_response(REQUEST|fastran_FPP_000001@Driver@1|FRAMEWORK@Framework@0|72)
2025-11-04 19:58:28,884 DAKOTA_BRIDGE_Driver_1 DEBUG    _get_service_response(REQUEST|fastran_FPP_000001@Driver@1|FRAMEWORK@Framework@0|72), response = ServiceResponseMessage(sender_id=FRAMEWORK@Framework@0, receiver_id=fastran_FPP_000001@Driver@1, request_msg_id=REQUEST|fastran_FPP_000001@Driver@1|FRAMEWORK@Framework@0|72,status=0, args=({2: {'_IPS_DYNAMIC_SIMULATION': []}},), message_id=RESPONSE|FRAMEWORK@Framework@0|fastran_FPP_000001@Driver@1|690)
2025-11-04 19:58:29,385 DAKOTA_BRIDGE_Driver_1 DEBUG    _invoke_service(): processEvents  (2,)
2025-11-04 19:58:29,385 DAKOTA_BRIDGE_Driver_1 DEBUG    _get_service_response(REQUEST|fastran_FPP_000001@Driver@1|FRAMEWORK@Framework@0|73)
2025-11-04 19:58:29,395 DAKOTA_BRIDGE_Driver_1 DEBUG    _get_service_response(REQUEST|fastran_FPP_000001@Driver@1|FRAMEWORK@Framework@0|73), response = ServiceResponseMessage(sender_id=FRAMEWORK@Framework@0, receiver_id=fastran_FPP_000001@Driver@1, request_msg_id=REQUEST|fastran_FPP_000001@Driver@1|FRAMEWORK@Framework@0|73,status=0, args=({2: {'_IPS_DYNAMIC_SIMULATION': []}},), message_id=RESPONSE|FRAMEWORK@Framework@0|fastran_FPP_000001@Driver@1|692)
2025-11-04 19:58:29,896 DAKOTA_BRIDGE_Driver_1 DEBUG    _invoke_service(): processEvents  (2,)
2025-11-04 19:58:29,896 DAKOTA_BRIDGE_Driver_1 DEBUG    _get_service_response(REQUEST|fastran_FPP_000001@Driver@1|FRAMEWORK@Framework@0|74)
2025-11-04 19:58:29,907 DAKOTA_BRIDGE_Driver_1 DEBUG    _get_service_response(REQUEST|fastran_FPP_000001@Driver@1|FRAMEWORK@Framework@0|74), response = ServiceResponseMessage(sender_id=FRAMEWORK@Framework@0, receiver_id=fastran_FPP_000001@Driver@1, request_msg_id=REQUEST|fastran_FPP_000001@Driver@1|FRAMEWORK@Framework@0|74,status=0, args=({2: {'_IPS_DYNAMIC_SIMULATION': []}},), message_id=RESPONSE|FRAMEWORK@Framework@0|fastran_FPP_000001@Driver@1|694)
2025-11-04 19:58:30,408 DAKOTA_BRIDGE_Driver_1 DEBUG    _invoke_service(): processEvents  (2,)
2025-11-04 19:58:30,408 DAKOTA_BRIDGE_Driver_1 DEBUG    _get_service_response(REQUEST|fastran_FPP_000001@Driver@1|FRAMEWORK@Framework@0|75)
2025-11-04 19:58:30,419 DAKOTA_BRIDGE_Driver_1 DEBUG    _get_service_response(REQUEST|fastran_FPP_000001@Driver@1|FRAMEWORK@Framework@0|75), response = ServiceResponseMessage(sender_id=FRAMEWORK@Framework@0, receiver_id=fastran_FPP_000001@Driver@1, request_msg_id=REQUEST|fastran_FPP_000001@Driver@1|FRAMEWORK@Framework@0|75,status=0, args=({2: {'_IPS_DYNAMIC_SIMULATION': []}},), message_id=RESPONSE|FRAMEWORK@Framework@0|fastran_FPP_000001@Driver@1|696)
2025-11-04 19:58:30,920 DAKOTA_BRIDGE_Driver_1 DEBUG    _invoke_service(): processEvents  (2,)
2025-11-04 19:58:30,920 DAKOTA_BRIDGE_Driver_1 DEBUG    _get_service_response(REQUEST|fastran_FPP_000001@Driver@1|FRAMEWORK@Framework@0|76)
2025-11-04 19:58:30,931 DAKOTA_BRIDGE_Driver_1 DEBUG    _get_service_response(REQUEST|fastran_FPP_000001@Driver@1|FRAMEWORK@Framework@0|76), response = ServiceResponseMessage(sender_id=FRAMEWORK@Framework@0, receiver_id=fastran_FPP_000001@Driver@1, request_msg_id=REQUEST|fastran_FPP_000001@Driver@1|FRAMEWORK@Framework@0|76,status=0, args=({2: {'_IPS_DYNAMIC_SIMULATION': []}},), message_id=RESPONSE|FRAMEWORK@Framework@0|fastran_FPP_000001@Driver@1|698)
2025-11-04 19:58:31,431 DAKOTA_BRIDGE_Driver_1 DEBUG    _invoke_service(): processEvents  (2,)
2025-11-04 19:58:31,432 DAKOTA_BRIDGE_Driver_1 DEBUG    _get_service_response(REQUEST|fastran_FPP_000001@Driver@1|FRAMEWORK@Framework@0|77)
2025-11-04 19:58:31,443 DAKOTA_BRIDGE_Driver_1 DEBUG    _get_service_response(REQUEST|fastran_FPP_000001@Driver@1|FRAMEWORK@Framework@0|77), response = ServiceResponseMessage(sender_id=FRAMEWORK@Framework@0, receiver_id=fastran_FPP_000001@Driver@1, request_msg_id=REQUEST|fastran_FPP_000001@Driver@1|FRAMEWORK@Framework@0|77,status=0, args=({2: {'_IPS_DYNAMIC_SIMULATION': []}},), message_id=RESPONSE|FRAMEWORK@Framework@0|fastran_FPP_000001@Driver@1|700)
2025-11-04 19:58:31,943 DAKOTA_BRIDGE_Driver_1 DEBUG    _invoke_service(): processEvents  (2,)
2025-11-04 19:58:31,943 DAKOTA_BRIDGE_Driver_1 DEBUG    _get_service_response(REQUEST|fastran_FPP_000001@Driver@1|FRAMEWORK@Framework@0|78)
2025-11-04 19:58:31,954 DAKOTA_BRIDGE_Driver_1 DEBUG    _get_service_response(REQUEST|fastran_FPP_000001@Driver@1|FRAMEWORK@Framework@0|78), response = ServiceResponseMessage(sender_id=FRAMEWORK@Framework@0, receiver_id=fastran_FPP_000001@Driver@1, request_msg_id=REQUEST|fastran_FPP_000001@Driver@1|FRAMEWORK@Framework@0|78,status=0, args=({2: {'_IPS_DYNAMIC_SIMULATION': []}},), message_id=RESPONSE|FRAMEWORK@Framework@0|fastran_FPP_000001@Driver@1|702)
2025-11-04 19:58:32,455 DAKOTA_BRIDGE_Driver_1 DEBUG    _invoke_service(): processEvents  (2,)
2025-11-04 19:58:32,455 DAKOTA_BRIDGE_Driver_1 DEBUG    _get_service_response(REQUEST|fastran_FPP_000001@Driver@1|FRAMEWORK@Framework@0|79)
2025-11-04 19:58:32,466 DAKOTA_BRIDGE_Driver_1 DEBUG    _get_service_response(REQUEST|fastran_FPP_000001@Driver@1|FRAMEWORK@Framework@0|79), response = ServiceResponseMessage(sender_id=FRAMEWORK@Framework@0, receiver_id=fastran_FPP_000001@Driver@1, request_msg_id=REQUEST|fastran_FPP_000001@Driver@1|FRAMEWORK@Framework@0|79,status=0, args=({2: {'_IPS_DYNAMIC_SIMULATION': []}},), message_id=RESPONSE|FRAMEWORK@Framework@0|fastran_FPP_000001@Driver@1|810)
2025-11-04 19:58:32,967 DAKOTA_BRIDGE_Driver_1 DEBUG    _invoke_service(): processEvents  (2,)
2025-11-04 19:58:32,967 DAKOTA_BRIDGE_Driver_1 DEBUG    _get_service_response(REQUEST|fastran_FPP_000001@Driver@1|FRAMEWORK@Framework@0|80)
2025-11-04 19:58:32,978 DAKOTA_BRIDGE_Driver_1 DEBUG    _get_service_response(REQUEST|fastran_FPP_000001@Driver@1|FRAMEWORK@Framework@0|80), response = ServiceResponseMessage(sender_id=FRAMEWORK@Framework@0, receiver_id=fastran_FPP_000001@Driver@1, request_msg_id=REQUEST|fastran_FPP_000001@Driver@1|FRAMEWORK@Framework@0|80,status=0, args=({2: {'_IPS_DYNAMIC_SIMULATION': []}},), message_id=RESPONSE|FRAMEWORK@Framework@0|fastran_FPP_000001@Driver@1|877)
2025-11-04 19:58:33,478 DAKOTA_BRIDGE_Driver_1 DEBUG    _invoke_service(): processEvents  (2,)
2025-11-04 19:58:33,479 DAKOTA_BRIDGE_Driver_1 DEBUG    _get_service_response(REQUEST|fastran_FPP_000001@Driver@1|FRAMEWORK@Framework@0|81)
2025-11-04 19:58:33,493 DAKOTA_BRIDGE_Driver_1 DEBUG    _get_service_response(REQUEST|fastran_FPP_000001@Driver@1|FRAMEWORK@Framework@0|81), response = ServiceResponseMessage(sender_id=FRAMEWORK@Framework@0, receiver_id=fastran_FPP_000001@Driver@1, request_msg_id=REQUEST|fastran_FPP_000001@Driver@1|FRAMEWORK@Framework@0|81,status=0, args=({2: {'_IPS_DYNAMIC_SIMULATION': []}},), message_id=RESPONSE|FRAMEWORK@Framework@0|fastran_FPP_000001@Driver@1|917)
2025-11-04 19:58:33,993 DAKOTA_BRIDGE_Driver_1 DEBUG    _invoke_service(): processEvents  (2,)
2025-11-04 19:58:33,994 DAKOTA_BRIDGE_Driver_1 DEBUG    _get_service_response(REQUEST|fastran_FPP_000001@Driver@1|FRAMEWORK@Framework@0|82)
2025-11-04 19:58:34,009 DAKOTA_BRIDGE_Driver_1 DEBUG    _get_service_response(REQUEST|fastran_FPP_000001@Driver@1|FRAMEWORK@Framework@0|82), response = ServiceResponseMessage(sender_id=FRAMEWORK@Framework@0, receiver_id=fastran_FPP_000001@Driver@1, request_msg_id=REQUEST|fastran_FPP_000001@Driver@1|FRAMEWORK@Framework@0|82,status=0, args=({2: {'_IPS_DYNAMIC_SIMULATION': []}},), message_id=RESPONSE|FRAMEWORK@Framework@0|fastran_FPP_000001@Driver@1|1063)
2025-11-04 19:58:34,510 DAKOTA_BRIDGE_Driver_1 DEBUG    _invoke_service(): processEvents  (2,)
2025-11-04 19:58:34,510 DAKOTA_BRIDGE_Driver_1 DEBUG    _get_service_response(REQUEST|fastran_FPP_000001@Driver@1|FRAMEWORK@Framework@0|83)
2025-11-04 19:58:34,521 DAKOTA_BRIDGE_Driver_1 DEBUG    _get_service_response(REQUEST|fastran_FPP_000001@Driver@1|FRAMEWORK@Framework@0|83), response = ServiceResponseMessage(sender_id=FRAMEWORK@Framework@0, receiver_id=fastran_FPP_000001@Driver@1, request_msg_id=REQUEST|fastran_FPP_000001@Driver@1|FRAMEWORK@Framework@0|83,status=0, args=({2: {'_IPS_DYNAMIC_SIMULATION': []}},), message_id=RESPONSE|FRAMEWORK@Framework@0|fastran_FPP_000001@Driver@1|1130)
2025-11-04 19:58:35,021 DAKOTA_BRIDGE_Driver_1 DEBUG    _invoke_service(): processEvents  (2,)
2025-11-04 19:58:35,021 DAKOTA_BRIDGE_Driver_1 DEBUG    _get_service_response(REQUEST|fastran_FPP_000001@Driver@1|FRAMEWORK@Framework@0|84)
2025-11-04 19:58:35,032 DAKOTA_BRIDGE_Driver_1 DEBUG    _get_service_response(REQUEST|fastran_FPP_000001@Driver@1|FRAMEWORK@Framework@0|84), response = ServiceResponseMessage(sender_id=FRAMEWORK@Framework@0, receiver_id=fastran_FPP_000001@Driver@1, request_msg_id=REQUEST|fastran_FPP_000001@Driver@1|FRAMEWORK@Framework@0|84,status=0, args=({2: {'_IPS_DYNAMIC_SIMULATION': []}},), message_id=RESPONSE|FRAMEWORK@Framework@0|fastran_FPP_000001@Driver@1|1218)
2025-11-04 19:58:35,533 DAKOTA_BRIDGE_Driver_1 DEBUG    _invoke_service(): processEvents  (2,)
2025-11-04 19:58:35,533 DAKOTA_BRIDGE_Driver_1 DEBUG    _get_service_response(REQUEST|fastran_FPP_000001@Driver@1|FRAMEWORK@Framework@0|85)
2025-11-04 19:58:35,544 DAKOTA_BRIDGE_Driver_1 DEBUG    _get_service_response(REQUEST|fastran_FPP_000001@Driver@1|FRAMEWORK@Framework@0|85), response = ServiceResponseMessage(sender_id=FRAMEWORK@Framework@0, receiver_id=fastran_FPP_000001@Driver@1, request_msg_id=REQUEST|fastran_FPP_000001@Driver@1|FRAMEWORK@Framework@0|85,status=0, args=({2: {'_IPS_DYNAMIC_SIMULATION': []}},), message_id=RESPONSE|FRAMEWORK@Framework@0|fastran_FPP_000001@Driver@1|1223)
2025-11-04 19:58:36,044 DAKOTA_BRIDGE_Driver_1 DEBUG    _invoke_service(): processEvents  (2,)
2025-11-04 19:58:36,044 DAKOTA_BRIDGE_Driver_1 DEBUG    _get_service_response(REQUEST|fastran_FPP_000001@Driver@1|FRAMEWORK@Framework@0|86)
2025-11-04 19:58:36,055 DAKOTA_BRIDGE_Driver_1 DEBUG    _get_service_response(REQUEST|fastran_FPP_000001@Driver@1|FRAMEWORK@Framework@0|86), response = ServiceResponseMessage(sender_id=FRAMEWORK@Framework@0, receiver_id=fastran_FPP_000001@Driver@1, request_msg_id=REQUEST|fastran_FPP_000001@Driver@1|FRAMEWORK@Framework@0|86,status=0, args=({2: {'_IPS_DYNAMIC_SIMULATION': []}},), message_id=RESPONSE|FRAMEWORK@Framework@0|fastran_FPP_000001@Driver@1|1245)
2025-11-04 19:58:36,555 DAKOTA_BRIDGE_Driver_1 DEBUG    _invoke_service(): processEvents  (2,)
2025-11-04 19:58:36,555 DAKOTA_BRIDGE_Driver_1 DEBUG    _get_service_response(REQUEST|fastran_FPP_000001@Driver@1|FRAMEWORK@Framework@0|87)
2025-11-04 19:58:36,566 DAKOTA_BRIDGE_Driver_1 DEBUG    _get_service_response(REQUEST|fastran_FPP_000001@Driver@1|FRAMEWORK@Framework@0|87), response = ServiceResponseMessage(sender_id=FRAMEWORK@Framework@0, receiver_id=fastran_FPP_000001@Driver@1, request_msg_id=REQUEST|fastran_FPP_000001@Driver@1|FRAMEWORK@Framework@0|87,status=0, args=({2: {'_IPS_DYNAMIC_SIMULATION': []}},), message_id=RESPONSE|FRAMEWORK@Framework@0|fastran_FPP_000001@Driver@1|1261)
2025-11-04 19:58:37,067 DAKOTA_BRIDGE_Driver_1 DEBUG    _invoke_service(): processEvents  (2,)
2025-11-04 19:58:37,067 DAKOTA_BRIDGE_Driver_1 DEBUG    _get_service_response(REQUEST|fastran_FPP_000001@Driver@1|FRAMEWORK@Framework@0|88)
2025-11-04 19:58:37,078 DAKOTA_BRIDGE_Driver_1 DEBUG    _get_service_response(REQUEST|fastran_FPP_000001@Driver@1|FRAMEWORK@Framework@0|88), response = ServiceResponseMessage(sender_id=FRAMEWORK@Framework@0, receiver_id=fastran_FPP_000001@Driver@1, request_msg_id=REQUEST|fastran_FPP_000001@Driver@1|FRAMEWORK@Framework@0|88,status=0, args=({2: {'_IPS_DYNAMIC_SIMULATION': []}},), message_id=RESPONSE|FRAMEWORK@Framework@0|fastran_FPP_000001@Driver@1|1263)
2025-11-04 19:58:37,578 DAKOTA_BRIDGE_Driver_1 DEBUG    _invoke_service(): processEvents  (2,)
2025-11-04 19:58:37,578 DAKOTA_BRIDGE_Driver_1 DEBUG    _get_service_response(REQUEST|fastran_FPP_000001@Driver@1|FRAMEWORK@Framework@0|89)
2025-11-04 19:58:37,596 DAKOTA_BRIDGE_Driver_1 DEBUG    _get_service_response(REQUEST|fastran_FPP_000001@Driver@1|FRAMEWORK@Framework@0|89), response = ServiceResponseMessage(sender_id=FRAMEWORK@Framework@0, receiver_id=fastran_FPP_000001@Driver@1, request_msg_id=REQUEST|fastran_FPP_000001@Driver@1|FRAMEWORK@Framework@0|89,status=0, args=({2: {'_IPS_DYNAMIC_SIMULATION': []}},), message_id=RESPONSE|FRAMEWORK@Framework@0|fastran_FPP_000001@Driver@1|1300)
2025-11-04 19:58:38,097 DAKOTA_BRIDGE_Driver_1 DEBUG    _invoke_service(): processEvents  (2,)
2025-11-04 19:58:38,097 DAKOTA_BRIDGE_Driver_1 DEBUG    _get_service_response(REQUEST|fastran_FPP_000001@Driver@1|FRAMEWORK@Framework@0|90)
2025-11-04 19:58:38,108 DAKOTA_BRIDGE_Driver_1 DEBUG    _get_service_response(REQUEST|fastran_FPP_000001@Driver@1|FRAMEWORK@Framework@0|90), response = ServiceResponseMessage(sender_id=FRAMEWORK@Framework@0, receiver_id=fastran_FPP_000001@Driver@1, request_msg_id=REQUEST|fastran_FPP_000001@Driver@1|FRAMEWORK@Framework@0|90,status=0, args=({2: {'_IPS_DYNAMIC_SIMULATION': []}},), message_id=RESPONSE|FRAMEWORK@Framework@0|fastran_FPP_000001@Driver@1|1418)
2025-11-04 19:58:38,609 DAKOTA_BRIDGE_Driver_1 DEBUG    _invoke_service(): processEvents  (2,)
2025-11-04 19:58:38,609 DAKOTA_BRIDGE_Driver_1 DEBUG    _get_service_response(REQUEST|fastran_FPP_000001@Driver@1|FRAMEWORK@Framework@0|91)
2025-11-04 19:58:38,619 DAKOTA_BRIDGE_Driver_1 DEBUG    _get_service_response(REQUEST|fastran_FPP_000001@Driver@1|FRAMEWORK@Framework@0|91), response = ServiceResponseMessage(sender_id=FRAMEWORK@Framework@0, receiver_id=fastran_FPP_000001@Driver@1, request_msg_id=REQUEST|fastran_FPP_000001@Driver@1|FRAMEWORK@Framework@0|91,status=0, args=({2: {'_IPS_DYNAMIC_SIMULATION': []}},), message_id=RESPONSE|FRAMEWORK@Framework@0|fastran_FPP_000001@Driver@1|1449)
2025-11-04 19:58:39,120 DAKOTA_BRIDGE_Driver_1 DEBUG    _invoke_service(): processEvents  (2,)
2025-11-04 19:58:39,120 DAKOTA_BRIDGE_Driver_1 DEBUG    _get_service_response(REQUEST|fastran_FPP_000001@Driver@1|FRAMEWORK@Framework@0|92)
2025-11-04 19:58:39,131 DAKOTA_BRIDGE_Driver_1 DEBUG    _get_service_response(REQUEST|fastran_FPP_000001@Driver@1|FRAMEWORK@Framework@0|92), response = ServiceResponseMessage(sender_id=FRAMEWORK@Framework@0, receiver_id=fastran_FPP_000001@Driver@1, request_msg_id=REQUEST|fastran_FPP_000001@Driver@1|FRAMEWORK@Framework@0|92,status=0, args=({2: {'_IPS_DYNAMIC_SIMULATION': []}},), message_id=RESPONSE|FRAMEWORK@Framework@0|fastran_FPP_000001@Driver@1|1571)
2025-11-04 19:58:39,631 DAKOTA_BRIDGE_Driver_1 DEBUG    _invoke_service(): processEvents  (2,)
2025-11-04 19:58:39,632 DAKOTA_BRIDGE_Driver_1 DEBUG    _get_service_response(REQUEST|fastran_FPP_000001@Driver@1|FRAMEWORK@Framework@0|93)
2025-11-04 19:58:39,642 DAKOTA_BRIDGE_Driver_1 DEBUG    _get_service_response(REQUEST|fastran_FPP_000001@Driver@1|FRAMEWORK@Framework@0|93), response = ServiceResponseMessage(sender_id=FRAMEWORK@Framework@0, receiver_id=fastran_FPP_000001@Driver@1, request_msg_id=REQUEST|fastran_FPP_000001@Driver@1|FRAMEWORK@Framework@0|93,status=0, args=({2: {'_IPS_DYNAMIC_SIMULATION': []}},), message_id=RESPONSE|FRAMEWORK@Framework@0|fastran_FPP_000001@Driver@1|1616)
2025-11-04 19:58:40,143 DAKOTA_BRIDGE_Driver_1 DEBUG    _invoke_service(): processEvents  (2,)
2025-11-04 19:58:40,143 DAKOTA_BRIDGE_Driver_1 DEBUG    _get_service_response(REQUEST|fastran_FPP_000001@Driver@1|FRAMEWORK@Framework@0|94)
2025-11-04 19:58:40,154 DAKOTA_BRIDGE_Driver_1 DEBUG    _get_service_response(REQUEST|fastran_FPP_000001@Driver@1|FRAMEWORK@Framework@0|94), response = ServiceResponseMessage(sender_id=FRAMEWORK@Framework@0, receiver_id=fastran_FPP_000001@Driver@1, request_msg_id=REQUEST|fastran_FPP_000001@Driver@1|FRAMEWORK@Framework@0|94,status=0, args=({2: {'_IPS_DYNAMIC_SIMULATION': []}},), message_id=RESPONSE|FRAMEWORK@Framework@0|fastran_FPP_000001@Driver@1|1618)
2025-11-04 19:58:40,655 DAKOTA_BRIDGE_Driver_1 DEBUG    _invoke_service(): processEvents  (2,)
2025-11-04 19:58:40,655 DAKOTA_BRIDGE_Driver_1 DEBUG    _get_service_response(REQUEST|fastran_FPP_000001@Driver@1|FRAMEWORK@Framework@0|95)
2025-11-04 19:58:40,666 DAKOTA_BRIDGE_Driver_1 DEBUG    _get_service_response(REQUEST|fastran_FPP_000001@Driver@1|FRAMEWORK@Framework@0|95), response = ServiceResponseMessage(sender_id=FRAMEWORK@Framework@0, receiver_id=fastran_FPP_000001@Driver@1, request_msg_id=REQUEST|fastran_FPP_000001@Driver@1|FRAMEWORK@Framework@0|95,status=0, args=({2: {'_IPS_DYNAMIC_SIMULATION': []}},), message_id=RESPONSE|FRAMEWORK@Framework@0|fastran_FPP_000001@Driver@1|1620)
2025-11-04 19:58:41,167 DAKOTA_BRIDGE_Driver_1 DEBUG    _invoke_service(): processEvents  (2,)
2025-11-04 19:58:41,167 DAKOTA_BRIDGE_Driver_1 DEBUG    _get_service_response(REQUEST|fastran_FPP_000001@Driver@1|FRAMEWORK@Framework@0|96)
2025-11-04 19:58:41,178 DAKOTA_BRIDGE_Driver_1 DEBUG    _get_service_response(REQUEST|fastran_FPP_000001@Driver@1|FRAMEWORK@Framework@0|96), response = ServiceResponseMessage(sender_id=FRAMEWORK@Framework@0, receiver_id=fastran_FPP_000001@Driver@1, request_msg_id=REQUEST|fastran_FPP_000001@Driver@1|FRAMEWORK@Framework@0|96,status=0, args=({2: {'_IPS_DYNAMIC_SIMULATION': []}},), message_id=RESPONSE|FRAMEWORK@Framework@0|fastran_FPP_000001@Driver@1|1628)
2025-11-04 19:58:41,679 DAKOTA_BRIDGE_Driver_1 DEBUG    _invoke_service(): processEvents  (2,)
2025-11-04 19:58:41,679 DAKOTA_BRIDGE_Driver_1 DEBUG    _get_service_response(REQUEST|fastran_FPP_000001@Driver@1|FRAMEWORK@Framework@0|97)
2025-11-04 19:58:41,690 DAKOTA_BRIDGE_Driver_1 DEBUG    _get_service_response(REQUEST|fastran_FPP_000001@Driver@1|FRAMEWORK@Framework@0|97), response = ServiceResponseMessage(sender_id=FRAMEWORK@Framework@0, receiver_id=fastran_FPP_000001@Driver@1, request_msg_id=REQUEST|fastran_FPP_000001@Driver@1|FRAMEWORK@Framework@0|97,status=0, args=({2: {'_IPS_DYNAMIC_SIMULATION': []}},), message_id=RESPONSE|FRAMEWORK@Framework@0|fastran_FPP_000001@Driver@1|1691)
2025-11-04 19:58:42,190 DAKOTA_BRIDGE_Driver_1 DEBUG    _invoke_service(): processEvents  (2,)
2025-11-04 19:58:42,191 DAKOTA_BRIDGE_Driver_1 DEBUG    _get_service_response(REQUEST|fastran_FPP_000001@Driver@1|FRAMEWORK@Framework@0|98)
2025-11-04 19:58:42,201 DAKOTA_BRIDGE_Driver_1 DEBUG    _get_service_response(REQUEST|fastran_FPP_000001@Driver@1|FRAMEWORK@Framework@0|98), response = ServiceResponseMessage(sender_id=FRAMEWORK@Framework@0, receiver_id=fastran_FPP_000001@Driver@1, request_msg_id=REQUEST|fastran_FPP_000001@Driver@1|FRAMEWORK@Framework@0|98,status=0, args=({2: {'_IPS_DYNAMIC_SIMULATION': []}},), message_id=RESPONSE|FRAMEWORK@Framework@0|fastran_FPP_000001@Driver@1|1823)
2025-11-04 19:58:42,702 DAKOTA_BRIDGE_Driver_1 DEBUG    _invoke_service(): processEvents  (2,)
2025-11-04 19:58:42,702 DAKOTA_BRIDGE_Driver_1 DEBUG    _get_service_response(REQUEST|fastran_FPP_000001@Driver@1|FRAMEWORK@Framework@0|99)
2025-11-04 19:58:42,716 DAKOTA_BRIDGE_Driver_1 DEBUG    _get_service_response(REQUEST|fastran_FPP_000001@Driver@1|FRAMEWORK@Framework@0|99), response = ServiceResponseMessage(sender_id=FRAMEWORK@Framework@0, receiver_id=fastran_FPP_000001@Driver@1, request_msg_id=REQUEST|fastran_FPP_000001@Driver@1|FRAMEWORK@Framework@0|99,status=0, args=({2: {'_IPS_DYNAMIC_SIMULATION': []}},), message_id=RESPONSE|FRAMEWORK@Framework@0|fastran_FPP_000001@Driver@1|1881)
2025-11-04 19:58:43,217 DAKOTA_BRIDGE_Driver_1 DEBUG    _invoke_service(): processEvents  (2,)
2025-11-04 19:58:43,217 DAKOTA_BRIDGE_Driver_1 DEBUG    _get_service_response(REQUEST|fastran_FPP_000001@Driver@1|FRAMEWORK@Framework@0|100)
2025-11-04 19:58:43,228 DAKOTA_BRIDGE_Driver_1 DEBUG    _get_service_response(REQUEST|fastran_FPP_000001@Driver@1|FRAMEWORK@Framework@0|100), response = ServiceResponseMessage(sender_id=FRAMEWORK@Framework@0, receiver_id=fastran_FPP_000001@Driver@1, request_msg_id=REQUEST|fastran_FPP_000001@Driver@1|FRAMEWORK@Framework@0|100,status=0, args=({2: {'_IPS_DYNAMIC_SIMULATION': []}},), message_id=RESPONSE|FRAMEWORK@Framework@0|fastran_FPP_000001@Driver@1|1944)
2025-11-04 19:58:43,729 DAKOTA_BRIDGE_Driver_1 DEBUG    _invoke_service(): processEvents  (2,)
2025-11-04 19:58:43,729 DAKOTA_BRIDGE_Driver_1 DEBUG    _get_service_response(REQUEST|fastran_FPP_000001@Driver@1|FRAMEWORK@Framework@0|101)
2025-11-04 19:58:43,740 DAKOTA_BRIDGE_Driver_1 DEBUG    _get_service_response(REQUEST|fastran_FPP_000001@Driver@1|FRAMEWORK@Framework@0|101), response = ServiceResponseMessage(sender_id=FRAMEWORK@Framework@0, receiver_id=fastran_FPP_000001@Driver@1, request_msg_id=REQUEST|fastran_FPP_000001@Driver@1|FRAMEWORK@Framework@0|101,status=0, args=({2: {'_IPS_DYNAMIC_SIMULATION': []}},), message_id=RESPONSE|FRAMEWORK@Framework@0|fastran_FPP_000001@Driver@1|1963)
2025-11-04 19:58:44,240 DAKOTA_BRIDGE_Driver_1 DEBUG    _invoke_service(): processEvents  (2,)
2025-11-04 19:58:44,241 DAKOTA_BRIDGE_Driver_1 DEBUG    _get_service_response(REQUEST|fastran_FPP_000001@Driver@1|FRAMEWORK@Framework@0|102)
2025-11-04 19:58:44,252 DAKOTA_BRIDGE_Driver_1 DEBUG    _get_service_response(REQUEST|fastran_FPP_000001@Driver@1|FRAMEWORK@Framework@0|102), response = ServiceResponseMessage(sender_id=FRAMEWORK@Framework@0, receiver_id=fastran_FPP_000001@Driver@1, request_msg_id=REQUEST|fastran_FPP_000001@Driver@1|FRAMEWORK@Framework@0|102,status=0, args=({2: {'_IPS_DYNAMIC_SIMULATION': []}},), message_id=RESPONSE|FRAMEWORK@Framework@0|fastran_FPP_000001@Driver@1|1977)
2025-11-04 19:58:44,752 DAKOTA_BRIDGE_Driver_1 DEBUG    _invoke_service(): processEvents  (2,)
2025-11-04 19:58:44,752 DAKOTA_BRIDGE_Driver_1 DEBUG    _get_service_response(REQUEST|fastran_FPP_000001@Driver@1|FRAMEWORK@Framework@0|103)
2025-11-04 19:58:44,763 DAKOTA_BRIDGE_Driver_1 DEBUG    _get_service_response(REQUEST|fastran_FPP_000001@Driver@1|FRAMEWORK@Framework@0|103), response = ServiceResponseMessage(sender_id=FRAMEWORK@Framework@0, receiver_id=fastran_FPP_000001@Driver@1, request_msg_id=REQUEST|fastran_FPP_000001@Driver@1|FRAMEWORK@Framework@0|103,status=0, args=({2: {'_IPS_DYNAMIC_SIMULATION': []}},), message_id=RESPONSE|FRAMEWORK@Framework@0|fastran_FPP_000001@Driver@1|2021)
2025-11-04 19:58:45,263 DAKOTA_BRIDGE_Driver_1 DEBUG    _invoke_service(): processEvents  (2,)
2025-11-04 19:58:45,264 DAKOTA_BRIDGE_Driver_1 DEBUG    _get_service_response(REQUEST|fastran_FPP_000001@Driver@1|FRAMEWORK@Framework@0|104)
2025-11-04 19:58:45,274 DAKOTA_BRIDGE_Driver_1 DEBUG    _get_service_response(REQUEST|fastran_FPP_000001@Driver@1|FRAMEWORK@Framework@0|104), response = ServiceResponseMessage(sender_id=FRAMEWORK@Framework@0, receiver_id=fastran_FPP_000001@Driver@1, request_msg_id=REQUEST|fastran_FPP_000001@Driver@1|FRAMEWORK@Framework@0|104,status=0, args=({2: {'_IPS_DYNAMIC_SIMULATION': []}},), message_id=RESPONSE|FRAMEWORK@Framework@0|fastran_FPP_000001@Driver@1|2025)
2025-11-04 19:58:45,775 DAKOTA_BRIDGE_Driver_1 DEBUG    _invoke_service(): processEvents  (2,)
2025-11-04 19:58:45,775 DAKOTA_BRIDGE_Driver_1 DEBUG    _get_service_response(REQUEST|fastran_FPP_000001@Driver@1|FRAMEWORK@Framework@0|105)
2025-11-04 19:58:45,786 DAKOTA_BRIDGE_Driver_1 DEBUG    _get_service_response(REQUEST|fastran_FPP_000001@Driver@1|FRAMEWORK@Framework@0|105), response = ServiceResponseMessage(sender_id=FRAMEWORK@Framework@0, receiver_id=fastran_FPP_000001@Driver@1, request_msg_id=REQUEST|fastran_FPP_000001@Driver@1|FRAMEWORK@Framework@0|105,status=0, args=({2: {'_IPS_DYNAMIC_SIMULATION': []}},), message_id=RESPONSE|FRAMEWORK@Framework@0|fastran_FPP_000001@Driver@1|2079)
2025-11-04 19:58:46,286 DAKOTA_BRIDGE_Driver_1 DEBUG    _invoke_service(): processEvents  (2,)
2025-11-04 19:58:46,286 DAKOTA_BRIDGE_Driver_1 DEBUG    _get_service_response(REQUEST|fastran_FPP_000001@Driver@1|FRAMEWORK@Framework@0|106)
2025-11-04 19:58:46,297 DAKOTA_BRIDGE_Driver_1 DEBUG    _get_service_response(REQUEST|fastran_FPP_000001@Driver@1|FRAMEWORK@Framework@0|106), response = ServiceResponseMessage(sender_id=FRAMEWORK@Framework@0, receiver_id=fastran_FPP_000001@Driver@1, request_msg_id=REQUEST|fastran_FPP_000001@Driver@1|FRAMEWORK@Framework@0|106,status=0, args=({2: {'_IPS_DYNAMIC_SIMULATION': []}},), message_id=RESPONSE|FRAMEWORK@Framework@0|fastran_FPP_000001@Driver@1|2170)
2025-11-04 19:58:46,798 DAKOTA_BRIDGE_Driver_1 DEBUG    _invoke_service(): processEvents  (2,)
2025-11-04 19:58:46,798 DAKOTA_BRIDGE_Driver_1 DEBUG    _get_service_response(REQUEST|fastran_FPP_000001@Driver@1|FRAMEWORK@Framework@0|107)
2025-11-04 19:58:46,809 DAKOTA_BRIDGE_Driver_1 DEBUG    _get_service_response(REQUEST|fastran_FPP_000001@Driver@1|FRAMEWORK@Framework@0|107), response = ServiceResponseMessage(sender_id=FRAMEWORK@Framework@0, receiver_id=fastran_FPP_000001@Driver@1, request_msg_id=REQUEST|fastran_FPP_000001@Driver@1|FRAMEWORK@Framework@0|107,status=0, args=({2: {'_IPS_DYNAMIC_SIMULATION': []}},), message_id=RESPONSE|FRAMEWORK@Framework@0|fastran_FPP_000001@Driver@1|2276)
2025-11-04 19:58:47,309 DAKOTA_BRIDGE_Driver_1 DEBUG    _invoke_service(): processEvents  (2,)
2025-11-04 19:58:47,309 DAKOTA_BRIDGE_Driver_1 DEBUG    _get_service_response(REQUEST|fastran_FPP_000001@Driver@1|FRAMEWORK@Framework@0|108)
2025-11-04 19:58:47,320 DAKOTA_BRIDGE_Driver_1 DEBUG    _get_service_response(REQUEST|fastran_FPP_000001@Driver@1|FRAMEWORK@Framework@0|108), response = ServiceResponseMessage(sender_id=FRAMEWORK@Framework@0, receiver_id=fastran_FPP_000001@Driver@1, request_msg_id=REQUEST|fastran_FPP_000001@Driver@1|FRAMEWORK@Framework@0|108,status=0, args=({2: {'_IPS_DYNAMIC_SIMULATION': []}},), message_id=RESPONSE|FRAMEWORK@Framework@0|fastran_FPP_000001@Driver@1|2337)
2025-11-04 19:58:47,821 DAKOTA_BRIDGE_Driver_1 DEBUG    _invoke_service(): processEvents  (2,)
2025-11-04 19:58:47,821 DAKOTA_BRIDGE_Driver_1 DEBUG    _get_service_response(REQUEST|fastran_FPP_000001@Driver@1|FRAMEWORK@Framework@0|109)
2025-11-04 19:58:47,832 DAKOTA_BRIDGE_Driver_1 DEBUG    _get_service_response(REQUEST|fastran_FPP_000001@Driver@1|FRAMEWORK@Framework@0|109), response = ServiceResponseMessage(sender_id=FRAMEWORK@Framework@0, receiver_id=fastran_FPP_000001@Driver@1, request_msg_id=REQUEST|fastran_FPP_000001@Driver@1|FRAMEWORK@Framework@0|109,status=0, args=({2: {'_IPS_DYNAMIC_SIMULATION': []}},), message_id=RESPONSE|FRAMEWORK@Framework@0|fastran_FPP_000001@Driver@1|2347)
2025-11-04 19:58:48,333 DAKOTA_BRIDGE_Driver_1 DEBUG    _invoke_service(): processEvents  (2,)
2025-11-04 19:58:48,333 DAKOTA_BRIDGE_Driver_1 DEBUG    _get_service_response(REQUEST|fastran_FPP_000001@Driver@1|FRAMEWORK@Framework@0|110)
2025-11-04 19:58:48,344 DAKOTA_BRIDGE_Driver_1 DEBUG    _get_service_response(REQUEST|fastran_FPP_000001@Driver@1|FRAMEWORK@Framework@0|110), response = ServiceResponseMessage(sender_id=FRAMEWORK@Framework@0, receiver_id=fastran_FPP_000001@Driver@1, request_msg_id=REQUEST|fastran_FPP_000001@Driver@1|FRAMEWORK@Framework@0|110,status=0, args=({2: {'_IPS_DYNAMIC_SIMULATION': []}},), message_id=RESPONSE|FRAMEWORK@Framework@0|fastran_FPP_000001@Driver@1|2358)
2025-11-04 19:58:48,844 DAKOTA_BRIDGE_Driver_1 DEBUG    _invoke_service(): processEvents  (2,)
2025-11-04 19:58:48,845 DAKOTA_BRIDGE_Driver_1 DEBUG    _get_service_response(REQUEST|fastran_FPP_000001@Driver@1|FRAMEWORK@Framework@0|111)
2025-11-04 19:58:48,856 DAKOTA_BRIDGE_Driver_1 DEBUG    _get_service_response(REQUEST|fastran_FPP_000001@Driver@1|FRAMEWORK@Framework@0|111), response = ServiceResponseMessage(sender_id=FRAMEWORK@Framework@0, receiver_id=fastran_FPP_000001@Driver@1, request_msg_id=REQUEST|fastran_FPP_000001@Driver@1|FRAMEWORK@Framework@0|111,status=0, args=({2: {'_IPS_DYNAMIC_SIMULATION': []}},), message_id=RESPONSE|FRAMEWORK@Framework@0|fastran_FPP_000001@Driver@1|2360)
2025-11-04 19:58:49,356 DAKOTA_BRIDGE_Driver_1 DEBUG    _invoke_service(): processEvents  (2,)
2025-11-04 19:58:49,356 DAKOTA_BRIDGE_Driver_1 DEBUG    _get_service_response(REQUEST|fastran_FPP_000001@Driver@1|FRAMEWORK@Framework@0|112)
2025-11-04 19:58:49,377 DAKOTA_BRIDGE_Driver_1 DEBUG    _get_service_response(REQUEST|fastran_FPP_000001@Driver@1|FRAMEWORK@Framework@0|112), response = ServiceResponseMessage(sender_id=FRAMEWORK@Framework@0, receiver_id=fastran_FPP_000001@Driver@1, request_msg_id=REQUEST|fastran_FPP_000001@Driver@1|FRAMEWORK@Framework@0|112,status=0, args=({2: {'_IPS_DYNAMIC_SIMULATION': []}},), message_id=RESPONSE|FRAMEWORK@Framework@0|fastran_FPP_000001@Driver@1|2379)
2025-11-04 19:58:49,877 DAKOTA_BRIDGE_Driver_1 DEBUG    _invoke_service(): processEvents  (2,)
2025-11-04 19:58:49,877 DAKOTA_BRIDGE_Driver_1 DEBUG    _get_service_response(REQUEST|fastran_FPP_000001@Driver@1|FRAMEWORK@Framework@0|113)
2025-11-04 19:58:49,889 DAKOTA_BRIDGE_Driver_1 DEBUG    _get_service_response(REQUEST|fastran_FPP_000001@Driver@1|FRAMEWORK@Framework@0|113), response = ServiceResponseMessage(sender_id=FRAMEWORK@Framework@0, receiver_id=fastran_FPP_000001@Driver@1, request_msg_id=REQUEST|fastran_FPP_000001@Driver@1|FRAMEWORK@Framework@0|113,status=0, args=({2: {'_IPS_DYNAMIC_SIMULATION': []}},), message_id=RESPONSE|FRAMEWORK@Framework@0|fastran_FPP_000001@Driver@1|2504)
2025-11-04 19:58:50,389 DAKOTA_BRIDGE_Driver_1 DEBUG    _invoke_service(): processEvents  (2,)
2025-11-04 19:58:50,389 DAKOTA_BRIDGE_Driver_1 DEBUG    _get_service_response(REQUEST|fastran_FPP_000001@Driver@1|FRAMEWORK@Framework@0|114)
2025-11-04 19:58:50,400 DAKOTA_BRIDGE_Driver_1 DEBUG    _get_service_response(REQUEST|fastran_FPP_000001@Driver@1|FRAMEWORK@Framework@0|114), response = ServiceResponseMessage(sender_id=FRAMEWORK@Framework@0, receiver_id=fastran_FPP_000001@Driver@1, request_msg_id=REQUEST|fastran_FPP_000001@Driver@1|FRAMEWORK@Framework@0|114,status=0, args=({2: {'_IPS_DYNAMIC_SIMULATION': []}},), message_id=RESPONSE|FRAMEWORK@Framework@0|fastran_FPP_000001@Driver@1|2604)
2025-11-04 19:58:50,901 DAKOTA_BRIDGE_Driver_1 DEBUG    _invoke_service(): processEvents  (2,)
2025-11-04 19:58:50,901 DAKOTA_BRIDGE_Driver_1 DEBUG    _get_service_response(REQUEST|fastran_FPP_000001@Driver@1|FRAMEWORK@Framework@0|115)
2025-11-04 19:58:50,914 DAKOTA_BRIDGE_Driver_1 DEBUG    _get_service_response(REQUEST|fastran_FPP_000001@Driver@1|FRAMEWORK@Framework@0|115), response = ServiceResponseMessage(sender_id=FRAMEWORK@Framework@0, receiver_id=fastran_FPP_000001@Driver@1, request_msg_id=REQUEST|fastran_FPP_000001@Driver@1|FRAMEWORK@Framework@0|115,status=0, args=({2: {'_IPS_DYNAMIC_SIMULATION': []}},), message_id=RESPONSE|FRAMEWORK@Framework@0|fastran_FPP_000001@Driver@1|2655)
2025-11-04 19:58:51,414 DAKOTA_BRIDGE_Driver_1 DEBUG    _invoke_service(): processEvents  (2,)
2025-11-04 19:58:51,414 DAKOTA_BRIDGE_Driver_1 DEBUG    _get_service_response(REQUEST|fastran_FPP_000001@Driver@1|FRAMEWORK@Framework@0|116)
2025-11-04 19:58:51,425 DAKOTA_BRIDGE_Driver_1 DEBUG    _get_service_response(REQUEST|fastran_FPP_000001@Driver@1|FRAMEWORK@Framework@0|116), response = ServiceResponseMessage(sender_id=FRAMEWORK@Framework@0, receiver_id=fastran_FPP_000001@Driver@1, request_msg_id=REQUEST|fastran_FPP_000001@Driver@1|FRAMEWORK@Framework@0|116,status=0, args=({2: {'_IPS_DYNAMIC_SIMULATION': []}},), message_id=RESPONSE|FRAMEWORK@Framework@0|fastran_FPP_000001@Driver@1|2707)
2025-11-04 19:58:51,926 DAKOTA_BRIDGE_Driver_1 DEBUG    _invoke_service(): processEvents  (2,)
2025-11-04 19:58:51,926 DAKOTA_BRIDGE_Driver_1 DEBUG    _get_service_response(REQUEST|fastran_FPP_000001@Driver@1|FRAMEWORK@Framework@0|117)
2025-11-04 19:58:51,937 DAKOTA_BRIDGE_Driver_1 DEBUG    _get_service_response(REQUEST|fastran_FPP_000001@Driver@1|FRAMEWORK@Framework@0|117), response = ServiceResponseMessage(sender_id=FRAMEWORK@Framework@0, receiver_id=fastran_FPP_000001@Driver@1, request_msg_id=REQUEST|fastran_FPP_000001@Driver@1|FRAMEWORK@Framework@0|117,status=0, args=({2: {'_IPS_DYNAMIC_SIMULATION': []}},), message_id=RESPONSE|FRAMEWORK@Framework@0|fastran_FPP_000001@Driver@1|2749)
2025-11-04 19:58:52,438 DAKOTA_BRIDGE_Driver_1 DEBUG    _invoke_service(): processEvents  (2,)
2025-11-04 19:58:52,438 DAKOTA_BRIDGE_Driver_1 DEBUG    _get_service_response(REQUEST|fastran_FPP_000001@Driver@1|FRAMEWORK@Framework@0|118)
2025-11-04 19:58:52,449 DAKOTA_BRIDGE_Driver_1 DEBUG    _get_service_response(REQUEST|fastran_FPP_000001@Driver@1|FRAMEWORK@Framework@0|118), response = ServiceResponseMessage(sender_id=FRAMEWORK@Framework@0, receiver_id=fastran_FPP_000001@Driver@1, request_msg_id=REQUEST|fastran_FPP_000001@Driver@1|FRAMEWORK@Framework@0|118,status=0, args=({2: {'_IPS_DYNAMIC_SIMULATION': []}},), message_id=RESPONSE|FRAMEWORK@Framework@0|fastran_FPP_000001@Driver@1|2762)
2025-11-04 19:58:52,949 DAKOTA_BRIDGE_Driver_1 DEBUG    _invoke_service(): processEvents  (2,)
2025-11-04 19:58:52,949 DAKOTA_BRIDGE_Driver_1 DEBUG    _get_service_response(REQUEST|fastran_FPP_000001@Driver@1|FRAMEWORK@Framework@0|119)
2025-11-04 19:58:52,960 DAKOTA_BRIDGE_Driver_1 DEBUG    _get_service_response(REQUEST|fastran_FPP_000001@Driver@1|FRAMEWORK@Framework@0|119), response = ServiceResponseMessage(sender_id=FRAMEWORK@Framework@0, receiver_id=fastran_FPP_000001@Driver@1, request_msg_id=REQUEST|fastran_FPP_000001@Driver@1|FRAMEWORK@Framework@0|119,status=0, args=({2: {'_IPS_DYNAMIC_SIMULATION': []}},), message_id=RESPONSE|FRAMEWORK@Framework@0|fastran_FPP_000001@Driver@1|2764)
2025-11-04 19:58:53,461 DAKOTA_BRIDGE_Driver_1 DEBUG    _invoke_service(): processEvents  (2,)
2025-11-04 19:58:53,461 DAKOTA_BRIDGE_Driver_1 DEBUG    _get_service_response(REQUEST|fastran_FPP_000001@Driver@1|FRAMEWORK@Framework@0|120)
2025-11-04 19:58:53,472 DAKOTA_BRIDGE_Driver_1 DEBUG    _get_service_response(REQUEST|fastran_FPP_000001@Driver@1|FRAMEWORK@Framework@0|120), response = ServiceResponseMessage(sender_id=FRAMEWORK@Framework@0, receiver_id=fastran_FPP_000001@Driver@1, request_msg_id=REQUEST|fastran_FPP_000001@Driver@1|FRAMEWORK@Framework@0|120,status=0, args=({2: {'_IPS_DYNAMIC_SIMULATION': [<ipsframework.cca_es_spec.Event object at 0x7fcf9a8b5040>]}},), message_id=RESPONSE|FRAMEWORK@Framework@0|fastran_FPP_000001@Driver@1|2803)
2025-11-04 19:58:53,472 DAKOTA_BRIDGE_Driver_1 DEBUG    In Component: Just received {'eventtype': 'IPS_END', 'SIM_NAME': 'fastran_FPP_000001_691836_0006', 'ok': True}
2025-11-04 19:58:53,472 DAKOTA_BRIDGE_Driver_1 DEBUG    In Component: There are 1 events in self.events_received
2025-11-04 19:58:53,973 DAKOTA_BRIDGE_Driver_1 DEBUG    _invoke_service(): processEvents  (2,)
2025-11-04 19:58:53,973 DAKOTA_BRIDGE_Driver_1 DEBUG    _get_service_response(REQUEST|fastran_FPP_000001@Driver@1|FRAMEWORK@Framework@0|121)
2025-11-04 19:58:53,984 DAKOTA_BRIDGE_Driver_1 DEBUG    _get_service_response(REQUEST|fastran_FPP_000001@Driver@1|FRAMEWORK@Framework@0|121), response = ServiceResponseMessage(sender_id=FRAMEWORK@Framework@0, receiver_id=fastran_FPP_000001@Driver@1, request_msg_id=REQUEST|fastran_FPP_000001@Driver@1|FRAMEWORK@Framework@0|121,status=0, args=({2: {'_IPS_DYNAMIC_SIMULATION': []}},), message_id=RESPONSE|FRAMEWORK@Framework@0|fastran_FPP_000001@Driver@1|2863)
2025-11-04 19:58:54,484 DAKOTA_BRIDGE_Driver_1 DEBUG    _invoke_service(): processEvents  (2,)
2025-11-04 19:58:54,484 DAKOTA_BRIDGE_Driver_1 DEBUG    _get_service_response(REQUEST|fastran_FPP_000001@Driver@1|FRAMEWORK@Framework@0|122)
2025-11-04 19:58:54,495 DAKOTA_BRIDGE_Driver_1 DEBUG    _get_service_response(REQUEST|fastran_FPP_000001@Driver@1|FRAMEWORK@Framework@0|122), response = ServiceResponseMessage(sender_id=FRAMEWORK@Framework@0, receiver_id=fastran_FPP_000001@Driver@1, request_msg_id=REQUEST|fastran_FPP_000001@Driver@1|FRAMEWORK@Framework@0|122,status=0, args=({2: {'_IPS_DYNAMIC_SIMULATION': [<ipsframework.cca_es_spec.Event object at 0x7fcf9a8b50d0>, <ipsframework.cca_es_spec.Event object at 0x7fcf9a8b52b0>, <ipsframework.cca_es_spec.Event object at 0x7fcf9a8b51f0>, <ipsframework.cca_es_spec.Event object at 0x7fcf9a8b5250>]}},), message_id=RESPONSE|FRAMEWORK@Framework@0|fastran_FPP_000001@Driver@1|2964)
2025-11-04 19:58:54,495 DAKOTA_BRIDGE_Driver_1 DEBUG    In Component: Just received {'eventtype': 'IPS_END', 'SIM_NAME': 'fastran_FPP_000001_691836_0004', 'ok': True}
2025-11-04 19:58:54,495 DAKOTA_BRIDGE_Driver_1 DEBUG    In Component: There are 1 events in self.events_received
2025-11-04 19:58:54,495 DAKOTA_BRIDGE_Driver_1 DEBUG    In Component: Just received {'eventtype': 'IPS_END', 'SIM_NAME': 'fastran_FPP_000001_691836_0002', 'ok': True}
2025-11-04 19:58:54,495 DAKOTA_BRIDGE_Driver_1 DEBUG    In Component: There are 2 events in self.events_received
2025-11-04 19:58:54,495 DAKOTA_BRIDGE_Driver_1 DEBUG    In Component: Just received {'eventtype': 'IPS_END', 'SIM_NAME': 'fastran_FPP_000001_691836_0007', 'ok': True}
2025-11-04 19:58:54,495 DAKOTA_BRIDGE_Driver_1 DEBUG    In Component: There are 3 events in self.events_received
2025-11-04 19:58:54,497 DAKOTA_BRIDGE_Driver_1 DEBUG    In Component: Just received {'eventtype': 'IPS_END', 'SIM_NAME': 'fastran_FPP_000001_691836_0005', 'ok': True}
2025-11-04 19:58:54,497 DAKOTA_BRIDGE_Driver_1 DEBUG    In Component: There are 4 events in self.events_received
2025-11-04 19:58:54,998 DAKOTA_BRIDGE_Driver_1 DEBUG    _invoke_service(): processEvents  (2,)
2025-11-04 19:58:54,998 DAKOTA_BRIDGE_Driver_1 DEBUG    _get_service_response(REQUEST|fastran_FPP_000001@Driver@1|FRAMEWORK@Framework@0|123)
2025-11-04 19:58:55,008 DAKOTA_BRIDGE_Driver_1 DEBUG    _get_service_response(REQUEST|fastran_FPP_000001@Driver@1|FRAMEWORK@Framework@0|123), response = ServiceResponseMessage(sender_id=FRAMEWORK@Framework@0, receiver_id=fastran_FPP_000001@Driver@1, request_msg_id=REQUEST|fastran_FPP_000001@Driver@1|FRAMEWORK@Framework@0|123,status=0, args=({2: {'_IPS_DYNAMIC_SIMULATION': []}},), message_id=RESPONSE|FRAMEWORK@Framework@0|fastran_FPP_000001@Driver@1|3044)
2025-11-04 19:58:55,509 DAKOTA_BRIDGE_Driver_1 DEBUG    _invoke_service(): processEvents  (2,)
2025-11-04 19:58:55,509 DAKOTA_BRIDGE_Driver_1 DEBUG    _get_service_response(REQUEST|fastran_FPP_000001@Driver@1|FRAMEWORK@Framework@0|124)
2025-11-04 19:58:55,520 DAKOTA_BRIDGE_Driver_1 DEBUG    _get_service_response(REQUEST|fastran_FPP_000001@Driver@1|FRAMEWORK@Framework@0|124), response = ServiceResponseMessage(sender_id=FRAMEWORK@Framework@0, receiver_id=fastran_FPP_000001@Driver@1, request_msg_id=REQUEST|fastran_FPP_000001@Driver@1|FRAMEWORK@Framework@0|124,status=0, args=({2: {'_IPS_DYNAMIC_SIMULATION': [<ipsframework.cca_es_spec.Event object at 0x7fcf9a8ebac0>]}},), message_id=RESPONSE|FRAMEWORK@Framework@0|fastran_FPP_000001@Driver@1|3069)
2025-11-04 19:58:55,520 DAKOTA_BRIDGE_Driver_1 DEBUG    In Component: Just received {'eventtype': 'IPS_END', 'SIM_NAME': 'fastran_FPP_000001_691836_0001', 'ok': True}
2025-11-04 19:58:55,521 DAKOTA_BRIDGE_Driver_1 DEBUG    In Component: There are 1 events in self.events_received
2025-11-04 19:58:56,021 DAKOTA_BRIDGE_Driver_1 DEBUG    _invoke_service(): processEvents  (2,)
2025-11-04 19:58:56,021 DAKOTA_BRIDGE_Driver_1 DEBUG    _get_service_response(REQUEST|fastran_FPP_000001@Driver@1|FRAMEWORK@Framework@0|125)
2025-11-04 19:58:56,032 DAKOTA_BRIDGE_Driver_1 DEBUG    _get_service_response(REQUEST|fastran_FPP_000001@Driver@1|FRAMEWORK@Framework@0|125), response = ServiceResponseMessage(sender_id=FRAMEWORK@Framework@0, receiver_id=fastran_FPP_000001@Driver@1, request_msg_id=REQUEST|fastran_FPP_000001@Driver@1|FRAMEWORK@Framework@0|125,status=0, args=({2: {'_IPS_DYNAMIC_SIMULATION': []}},), message_id=RESPONSE|FRAMEWORK@Framework@0|fastran_FPP_000001@Driver@1|3071)
2025-11-04 19:58:56,533 DAKOTA_BRIDGE_Driver_1 DEBUG    _invoke_service(): processEvents  (2,)
2025-11-04 19:58:56,533 DAKOTA_BRIDGE_Driver_1 DEBUG    _get_service_response(REQUEST|fastran_FPP_000001@Driver@1|FRAMEWORK@Framework@0|126)
2025-11-04 19:58:56,544 DAKOTA_BRIDGE_Driver_1 DEBUG    _get_service_response(REQUEST|fastran_FPP_000001@Driver@1|FRAMEWORK@Framework@0|126), response = ServiceResponseMessage(sender_id=FRAMEWORK@Framework@0, receiver_id=fastran_FPP_000001@Driver@1, request_msg_id=REQUEST|fastran_FPP_000001@Driver@1|FRAMEWORK@Framework@0|126,status=0, args=({2: {'_IPS_DYNAMIC_SIMULATION': []}},), message_id=RESPONSE|FRAMEWORK@Framework@0|fastran_FPP_000001@Driver@1|3073)
2025-11-04 19:58:57,045 DAKOTA_BRIDGE_Driver_1 DEBUG    _invoke_service(): processEvents  (2,)
2025-11-04 19:58:57,045 DAKOTA_BRIDGE_Driver_1 DEBUG    _get_service_response(REQUEST|fastran_FPP_000001@Driver@1|FRAMEWORK@Framework@0|127)
2025-11-04 19:58:57,055 DAKOTA_BRIDGE_Driver_1 DEBUG    _get_service_response(REQUEST|fastran_FPP_000001@Driver@1|FRAMEWORK@Framework@0|127), response = ServiceResponseMessage(sender_id=FRAMEWORK@Framework@0, receiver_id=fastran_FPP_000001@Driver@1, request_msg_id=REQUEST|fastran_FPP_000001@Driver@1|FRAMEWORK@Framework@0|127,status=0, args=({2: {'_IPS_DYNAMIC_SIMULATION': []}},), message_id=RESPONSE|FRAMEWORK@Framework@0|fastran_FPP_000001@Driver@1|3109)
2025-11-04 19:58:57,556 DAKOTA_BRIDGE_Driver_1 DEBUG    _invoke_service(): processEvents  (2,)
2025-11-04 19:58:57,556 DAKOTA_BRIDGE_Driver_1 DEBUG    _get_service_response(REQUEST|fastran_FPP_000001@Driver@1|FRAMEWORK@Framework@0|128)
2025-11-04 19:58:57,567 DAKOTA_BRIDGE_Driver_1 DEBUG    _get_service_response(REQUEST|fastran_FPP_000001@Driver@1|FRAMEWORK@Framework@0|128), response = ServiceResponseMessage(sender_id=FRAMEWORK@Framework@0, receiver_id=fastran_FPP_000001@Driver@1, request_msg_id=REQUEST|fastran_FPP_000001@Driver@1|FRAMEWORK@Framework@0|128,status=0, args=({2: {'_IPS_DYNAMIC_SIMULATION': []}},), message_id=RESPONSE|FRAMEWORK@Framework@0|fastran_FPP_000001@Driver@1|3121)
2025-11-04 19:58:58,068 DAKOTA_BRIDGE_Driver_1 DEBUG    _invoke_service(): processEvents  (2,)
2025-11-04 19:58:58,068 DAKOTA_BRIDGE_Driver_1 DEBUG    _get_service_response(REQUEST|fastran_FPP_000001@Driver@1|FRAMEWORK@Framework@0|129)
2025-11-04 19:58:58,079 DAKOTA_BRIDGE_Driver_1 DEBUG    _get_service_response(REQUEST|fastran_FPP_000001@Driver@1|FRAMEWORK@Framework@0|129), response = ServiceResponseMessage(sender_id=FRAMEWORK@Framework@0, receiver_id=fastran_FPP_000001@Driver@1, request_msg_id=REQUEST|fastran_FPP_000001@Driver@1|FRAMEWORK@Framework@0|129,status=0, args=({2: {'_IPS_DYNAMIC_SIMULATION': []}},), message_id=RESPONSE|FRAMEWORK@Framework@0|fastran_FPP_000001@Driver@1|3141)
2025-11-04 19:58:58,579 DAKOTA_BRIDGE_Driver_1 DEBUG    _invoke_service(): processEvents  (2,)
2025-11-04 19:58:58,580 DAKOTA_BRIDGE_Driver_1 DEBUG    _get_service_response(REQUEST|fastran_FPP_000001@Driver@1|FRAMEWORK@Framework@0|130)
2025-11-04 19:58:58,590 DAKOTA_BRIDGE_Driver_1 DEBUG    _get_service_response(REQUEST|fastran_FPP_000001@Driver@1|FRAMEWORK@Framework@0|130), response = ServiceResponseMessage(sender_id=FRAMEWORK@Framework@0, receiver_id=fastran_FPP_000001@Driver@1, request_msg_id=REQUEST|fastran_FPP_000001@Driver@1|FRAMEWORK@Framework@0|130,status=0, args=({2: {'_IPS_DYNAMIC_SIMULATION': []}},), message_id=RESPONSE|FRAMEWORK@Framework@0|fastran_FPP_000001@Driver@1|3143)
2025-11-04 19:58:59,091 DAKOTA_BRIDGE_Driver_1 DEBUG    _invoke_service(): processEvents  (2,)
2025-11-04 19:58:59,091 DAKOTA_BRIDGE_Driver_1 DEBUG    _get_service_response(REQUEST|fastran_FPP_000001@Driver@1|FRAMEWORK@Framework@0|131)
2025-11-04 19:58:59,102 DAKOTA_BRIDGE_Driver_1 DEBUG    _get_service_response(REQUEST|fastran_FPP_000001@Driver@1|FRAMEWORK@Framework@0|131), response = ServiceResponseMessage(sender_id=FRAMEWORK@Framework@0, receiver_id=fastran_FPP_000001@Driver@1, request_msg_id=REQUEST|fastran_FPP_000001@Driver@1|FRAMEWORK@Framework@0|131,status=0, args=({2: {'_IPS_DYNAMIC_SIMULATION': []}},), message_id=RESPONSE|FRAMEWORK@Framework@0|fastran_FPP_000001@Driver@1|3145)
2025-11-04 19:58:59,603 DAKOTA_BRIDGE_Driver_1 DEBUG    _invoke_service(): processEvents  (2,)
2025-11-04 19:58:59,603 DAKOTA_BRIDGE_Driver_1 DEBUG    _get_service_response(REQUEST|fastran_FPP_000001@Driver@1|FRAMEWORK@Framework@0|132)
2025-11-04 19:58:59,613 DAKOTA_BRIDGE_Driver_1 DEBUG    _get_service_response(REQUEST|fastran_FPP_000001@Driver@1|FRAMEWORK@Framework@0|132), response = ServiceResponseMessage(sender_id=FRAMEWORK@Framework@0, receiver_id=fastran_FPP_000001@Driver@1, request_msg_id=REQUEST|fastran_FPP_000001@Driver@1|FRAMEWORK@Framework@0|132,status=0, args=({2: {'_IPS_DYNAMIC_SIMULATION': []}},), message_id=RESPONSE|FRAMEWORK@Framework@0|fastran_FPP_000001@Driver@1|3162)
2025-11-04 19:59:00,114 DAKOTA_BRIDGE_Driver_1 DEBUG    _invoke_service(): processEvents  (2,)
2025-11-04 19:59:00,114 DAKOTA_BRIDGE_Driver_1 DEBUG    _get_service_response(REQUEST|fastran_FPP_000001@Driver@1|FRAMEWORK@Framework@0|133)
2025-11-04 19:59:00,125 DAKOTA_BRIDGE_Driver_1 DEBUG    _get_service_response(REQUEST|fastran_FPP_000001@Driver@1|FRAMEWORK@Framework@0|133), response = ServiceResponseMessage(sender_id=FRAMEWORK@Framework@0, receiver_id=fastran_FPP_000001@Driver@1, request_msg_id=REQUEST|fastran_FPP_000001@Driver@1|FRAMEWORK@Framework@0|133,status=0, args=({2: {'_IPS_DYNAMIC_SIMULATION': [<ipsframework.cca_es_spec.Event object at 0x7fcf9a8ebca0>, <ipsframework.cca_es_spec.Event object at 0x7fcf9a8ebe80>]}},), message_id=RESPONSE|FRAMEWORK@Framework@0|fastran_FPP_000001@Driver@1|3223)
2025-11-04 19:59:00,125 DAKOTA_BRIDGE_Driver_1 DEBUG    In Component: Just received {'eventtype': 'IPS_END', 'SIM_NAME': 'fastran_FPP_000001_691836_0008', 'ok': True}
2025-11-04 19:59:00,125 DAKOTA_BRIDGE_Driver_1 DEBUG    In Component: There are 1 events in self.events_received
2025-11-04 19:59:00,125 DAKOTA_BRIDGE_Driver_1 DEBUG    In Component: Just received {'eventtype': 'IPS_END', 'SIM_NAME': 'fastran_FPP_000001_691836_0003', 'ok': True}
2025-11-04 19:59:00,125 DAKOTA_BRIDGE_Driver_1 DEBUG    In Component: There are 2 events in self.events_received
2025-11-04 19:59:00,626 DAKOTA_BRIDGE_Driver_1 DEBUG    _invoke_service(): processEvents  (2,)
2025-11-04 19:59:00,626 DAKOTA_BRIDGE_Driver_1 DEBUG    _get_service_response(REQUEST|fastran_FPP_000001@Driver@1|FRAMEWORK@Framework@0|134)
2025-11-04 19:59:00,637 DAKOTA_BRIDGE_Driver_1 DEBUG    _get_service_response(REQUEST|fastran_FPP_000001@Driver@1|FRAMEWORK@Framework@0|134), response = ServiceResponseMessage(sender_id=FRAMEWORK@Framework@0, receiver_id=fastran_FPP_000001@Driver@1, request_msg_id=REQUEST|fastran_FPP_000001@Driver@1|FRAMEWORK@Framework@0|134,status=0, args=({2: {'_IPS_DYNAMIC_SIMULATION': []}},), message_id=RESPONSE|FRAMEWORK@Framework@0|fastran_FPP_000001@Driver@1|3225)
2025-11-04 19:59:01,138 DAKOTA_BRIDGE_Driver_1 DEBUG    _invoke_service(): processEvents  (2,)
2025-11-04 19:59:01,138 DAKOTA_BRIDGE_Driver_1 DEBUG    _get_service_response(REQUEST|fastran_FPP_000001@Driver@1|FRAMEWORK@Framework@0|135)
2025-11-04 19:59:01,149 DAKOTA_BRIDGE_Driver_1 DEBUG    _get_service_response(REQUEST|fastran_FPP_000001@Driver@1|FRAMEWORK@Framework@0|135), response = ServiceResponseMessage(sender_id=FRAMEWORK@Framework@0, receiver_id=fastran_FPP_000001@Driver@1, request_msg_id=REQUEST|fastran_FPP_000001@Driver@1|FRAMEWORK@Framework@0|135,status=0, args=({2: {'_IPS_DYNAMIC_SIMULATION': []}},), message_id=RESPONSE|FRAMEWORK@Framework@0|fastran_FPP_000001@Driver@1|3227)
2025-11-04 19:59:01,650 DAKOTA_BRIDGE_Driver_1 DEBUG    _invoke_service(): processEvents  (2,)
2025-11-04 19:59:01,650 DAKOTA_BRIDGE_Driver_1 DEBUG    _get_service_response(REQUEST|fastran_FPP_000001@Driver@1|FRAMEWORK@Framework@0|136)
2025-11-04 19:59:01,661 DAKOTA_BRIDGE_Driver_1 DEBUG    _get_service_response(REQUEST|fastran_FPP_000001@Driver@1|FRAMEWORK@Framework@0|136), response = ServiceResponseMessage(sender_id=FRAMEWORK@Framework@0, receiver_id=fastran_FPP_000001@Driver@1, request_msg_id=REQUEST|fastran_FPP_000001@Driver@1|FRAMEWORK@Framework@0|136,status=0, args=({2: {'_IPS_DYNAMIC_SIMULATION': []}},), message_id=RESPONSE|FRAMEWORK@Framework@0|fastran_FPP_000001@Driver@1|3229)
2025-11-04 19:59:02,161 DAKOTA_BRIDGE_Driver_1 DEBUG    _invoke_service(): processEvents  (2,)
2025-11-04 19:59:02,162 DAKOTA_BRIDGE_Driver_1 DEBUG    _get_service_response(REQUEST|fastran_FPP_000001@Driver@1|FRAMEWORK@Framework@0|137)
2025-11-04 19:59:02,172 DAKOTA_BRIDGE_Driver_1 DEBUG    _get_service_response(REQUEST|fastran_FPP_000001@Driver@1|FRAMEWORK@Framework@0|137), response = ServiceResponseMessage(sender_id=FRAMEWORK@Framework@0, receiver_id=fastran_FPP_000001@Driver@1, request_msg_id=REQUEST|fastran_FPP_000001@Driver@1|FRAMEWORK@Framework@0|137,status=0, args=({2: {'_IPS_DYNAMIC_SIMULATION': []}},), message_id=RESPONSE|FRAMEWORK@Framework@0|fastran_FPP_000001@Driver@1|3231)
2025-11-04 19:59:02,673 DAKOTA_BRIDGE_Driver_1 DEBUG    _invoke_service(): processEvents  (2,)
2025-11-04 19:59:02,673 DAKOTA_BRIDGE_Driver_1 DEBUG    _get_service_response(REQUEST|fastran_FPP_000001@Driver@1|FRAMEWORK@Framework@0|138)
2025-11-04 19:59:02,684 DAKOTA_BRIDGE_Driver_1 DEBUG    _get_service_response(REQUEST|fastran_FPP_000001@Driver@1|FRAMEWORK@Framework@0|138), response = ServiceResponseMessage(sender_id=FRAMEWORK@Framework@0, receiver_id=fastran_FPP_000001@Driver@1, request_msg_id=REQUEST|fastran_FPP_000001@Driver@1|FRAMEWORK@Framework@0|138,status=0, args=({2: {'_IPS_DYNAMIC_SIMULATION': []}},), message_id=RESPONSE|FRAMEWORK@Framework@0|fastran_FPP_000001@Driver@1|3240)
2025-11-04 19:59:03,185 DAKOTA_BRIDGE_Driver_1 DEBUG    _invoke_service(): processEvents  (2,)
2025-11-04 19:59:03,185 DAKOTA_BRIDGE_Driver_1 DEBUG    _get_service_response(REQUEST|fastran_FPP_000001@Driver@1|FRAMEWORK@Framework@0|139)
2025-11-04 19:59:03,196 DAKOTA_BRIDGE_Driver_1 DEBUG    _get_service_response(REQUEST|fastran_FPP_000001@Driver@1|FRAMEWORK@Framework@0|139), response = ServiceResponseMessage(sender_id=FRAMEWORK@Framework@0, receiver_id=fastran_FPP_000001@Driver@1, request_msg_id=REQUEST|fastran_FPP_000001@Driver@1|FRAMEWORK@Framework@0|139,status=0, args=({2: {'_IPS_DYNAMIC_SIMULATION': []}},), message_id=RESPONSE|FRAMEWORK@Framework@0|fastran_FPP_000001@Driver@1|3252)
2025-11-04 19:59:03,696 DAKOTA_BRIDGE_Driver_1 DEBUG    _invoke_service(): processEvents  (2,)
2025-11-04 19:59:03,696 DAKOTA_BRIDGE_Driver_1 DEBUG    _get_service_response(REQUEST|fastran_FPP_000001@Driver@1|FRAMEWORK@Framework@0|140)
2025-11-04 19:59:03,707 DAKOTA_BRIDGE_Driver_1 DEBUG    _get_service_response(REQUEST|fastran_FPP_000001@Driver@1|FRAMEWORK@Framework@0|140), response = ServiceResponseMessage(sender_id=FRAMEWORK@Framework@0, receiver_id=fastran_FPP_000001@Driver@1, request_msg_id=REQUEST|fastran_FPP_000001@Driver@1|FRAMEWORK@Framework@0|140,status=0, args=({2: {'_IPS_DYNAMIC_SIMULATION': []}},), message_id=RESPONSE|FRAMEWORK@Framework@0|fastran_FPP_000001@Driver@1|3254)
2025-11-04 19:59:04,208 DAKOTA_BRIDGE_Driver_1 DEBUG    _invoke_service(): processEvents  (2,)
2025-11-04 19:59:04,208 DAKOTA_BRIDGE_Driver_1 DEBUG    _get_service_response(REQUEST|fastran_FPP_000001@Driver@1|FRAMEWORK@Framework@0|141)
2025-11-04 19:59:04,219 DAKOTA_BRIDGE_Driver_1 DEBUG    _get_service_response(REQUEST|fastran_FPP_000001@Driver@1|FRAMEWORK@Framework@0|141), response = ServiceResponseMessage(sender_id=FRAMEWORK@Framework@0, receiver_id=fastran_FPP_000001@Driver@1, request_msg_id=REQUEST|fastran_FPP_000001@Driver@1|FRAMEWORK@Framework@0|141,status=0, args=({2: {'_IPS_DYNAMIC_SIMULATION': []}},), message_id=RESPONSE|FRAMEWORK@Framework@0|fastran_FPP_000001@Driver@1|3256)
2025-11-04 19:59:04,720 DAKOTA_BRIDGE_Driver_1 DEBUG    _invoke_service(): processEvents  (2,)
2025-11-04 19:59:04,720 DAKOTA_BRIDGE_Driver_1 DEBUG    _get_service_response(REQUEST|fastran_FPP_000001@Driver@1|FRAMEWORK@Framework@0|142)
2025-11-04 19:59:04,731 DAKOTA_BRIDGE_Driver_1 DEBUG    _get_service_response(REQUEST|fastran_FPP_000001@Driver@1|FRAMEWORK@Framework@0|142), response = ServiceResponseMessage(sender_id=FRAMEWORK@Framework@0, receiver_id=fastran_FPP_000001@Driver@1, request_msg_id=REQUEST|fastran_FPP_000001@Driver@1|FRAMEWORK@Framework@0|142,status=0, args=({2: {'_IPS_DYNAMIC_SIMULATION': []}},), message_id=RESPONSE|FRAMEWORK@Framework@0|fastran_FPP_000001@Driver@1|3258)
2025-11-04 19:59:05,231 DAKOTA_BRIDGE_Driver_1 DEBUG    _invoke_service(): processEvents  (2,)
2025-11-04 19:59:05,232 DAKOTA_BRIDGE_Driver_1 DEBUG    _get_service_response(REQUEST|fastran_FPP_000001@Driver@1|FRAMEWORK@Framework@0|143)
2025-11-04 19:59:05,242 DAKOTA_BRIDGE_Driver_1 DEBUG    _get_service_response(REQUEST|fastran_FPP_000001@Driver@1|FRAMEWORK@Framework@0|143), response = ServiceResponseMessage(sender_id=FRAMEWORK@Framework@0, receiver_id=fastran_FPP_000001@Driver@1, request_msg_id=REQUEST|fastran_FPP_000001@Driver@1|FRAMEWORK@Framework@0|143,status=0, args=({2: {'_IPS_DYNAMIC_SIMULATION': []}},), message_id=RESPONSE|FRAMEWORK@Framework@0|fastran_FPP_000001@Driver@1|3260)
2025-11-04 19:59:05,743 DAKOTA_BRIDGE_Driver_1 DEBUG    _invoke_service(): processEvents  (2,)
2025-11-04 19:59:05,743 DAKOTA_BRIDGE_Driver_1 DEBUG    _get_service_response(REQUEST|fastran_FPP_000001@Driver@1|FRAMEWORK@Framework@0|144)
2025-11-04 19:59:05,754 DAKOTA_BRIDGE_Driver_1 DEBUG    _get_service_response(REQUEST|fastran_FPP_000001@Driver@1|FRAMEWORK@Framework@0|144), response = ServiceResponseMessage(sender_id=FRAMEWORK@Framework@0, receiver_id=fastran_FPP_000001@Driver@1, request_msg_id=REQUEST|fastran_FPP_000001@Driver@1|FRAMEWORK@Framework@0|144,status=0, args=({2: {'_IPS_DYNAMIC_SIMULATION': []}},), message_id=RESPONSE|FRAMEWORK@Framework@0|fastran_FPP_000001@Driver@1|3287)
2025-11-04 19:59:06,255 DAKOTA_BRIDGE_Driver_1 DEBUG    _invoke_service(): processEvents  (2,)
2025-11-04 19:59:06,255 DAKOTA_BRIDGE_Driver_1 DEBUG    _get_service_response(REQUEST|fastran_FPP_000001@Driver@1|FRAMEWORK@Framework@0|145)
2025-11-04 19:59:06,266 DAKOTA_BRIDGE_Driver_1 DEBUG    _get_service_response(REQUEST|fastran_FPP_000001@Driver@1|FRAMEWORK@Framework@0|145), response = ServiceResponseMessage(sender_id=FRAMEWORK@Framework@0, receiver_id=fastran_FPP_000001@Driver@1, request_msg_id=REQUEST|fastran_FPP_000001@Driver@1|FRAMEWORK@Framework@0|145,status=0, args=({2: {'_IPS_DYNAMIC_SIMULATION': []}},), message_id=RESPONSE|FRAMEWORK@Framework@0|fastran_FPP_000001@Driver@1|3292)
2025-11-04 19:59:06,767 DAKOTA_BRIDGE_Driver_1 DEBUG    _invoke_service(): processEvents  (2,)
2025-11-04 19:59:06,767 DAKOTA_BRIDGE_Driver_1 DEBUG    _get_service_response(REQUEST|fastran_FPP_000001@Driver@1|FRAMEWORK@Framework@0|146)
2025-11-04 19:59:06,778 DAKOTA_BRIDGE_Driver_1 DEBUG    _get_service_response(REQUEST|fastran_FPP_000001@Driver@1|FRAMEWORK@Framework@0|146), response = ServiceResponseMessage(sender_id=FRAMEWORK@Framework@0, receiver_id=fastran_FPP_000001@Driver@1, request_msg_id=REQUEST|fastran_FPP_000001@Driver@1|FRAMEWORK@Framework@0|146,status=0, args=({2: {'_IPS_DYNAMIC_SIMULATION': []}},), message_id=RESPONSE|FRAMEWORK@Framework@0|fastran_FPP_000001@Driver@1|3294)
2025-11-04 19:59:07,278 DAKOTA_BRIDGE_Driver_1 DEBUG    _invoke_service(): processEvents  (2,)
2025-11-04 19:59:07,279 DAKOTA_BRIDGE_Driver_1 DEBUG    _get_service_response(REQUEST|fastran_FPP_000001@Driver@1|FRAMEWORK@Framework@0|147)
2025-11-04 19:59:07,289 DAKOTA_BRIDGE_Driver_1 DEBUG    _get_service_response(REQUEST|fastran_FPP_000001@Driver@1|FRAMEWORK@Framework@0|147), response = ServiceResponseMessage(sender_id=FRAMEWORK@Framework@0, receiver_id=fastran_FPP_000001@Driver@1, request_msg_id=REQUEST|fastran_FPP_000001@Driver@1|FRAMEWORK@Framework@0|147,status=0, args=({2: {'_IPS_DYNAMIC_SIMULATION': []}},), message_id=RESPONSE|FRAMEWORK@Framework@0|fastran_FPP_000001@Driver@1|3296)
2025-11-04 19:59:07,790 DAKOTA_BRIDGE_Driver_1 DEBUG    _invoke_service(): processEvents  (2,)
2025-11-04 19:59:07,790 DAKOTA_BRIDGE_Driver_1 DEBUG    _get_service_response(REQUEST|fastran_FPP_000001@Driver@1|FRAMEWORK@Framework@0|148)
2025-11-04 19:59:07,801 DAKOTA_BRIDGE_Driver_1 DEBUG    _get_service_response(REQUEST|fastran_FPP_000001@Driver@1|FRAMEWORK@Framework@0|148), response = ServiceResponseMessage(sender_id=FRAMEWORK@Framework@0, receiver_id=fastran_FPP_000001@Driver@1, request_msg_id=REQUEST|fastran_FPP_000001@Driver@1|FRAMEWORK@Framework@0|148,status=0, args=({2: {'_IPS_DYNAMIC_SIMULATION': []}},), message_id=RESPONSE|FRAMEWORK@Framework@0|fastran_FPP_000001@Driver@1|3298)
2025-11-04 19:59:08,302 DAKOTA_BRIDGE_Driver_1 DEBUG    _invoke_service(): processEvents  (2,)
2025-11-04 19:59:08,302 DAKOTA_BRIDGE_Driver_1 DEBUG    _get_service_response(REQUEST|fastran_FPP_000001@Driver@1|FRAMEWORK@Framework@0|149)
2025-11-04 19:59:08,312 DAKOTA_BRIDGE_Driver_1 DEBUG    _get_service_response(REQUEST|fastran_FPP_000001@Driver@1|FRAMEWORK@Framework@0|149), response = ServiceResponseMessage(sender_id=FRAMEWORK@Framework@0, receiver_id=fastran_FPP_000001@Driver@1, request_msg_id=REQUEST|fastran_FPP_000001@Driver@1|FRAMEWORK@Framework@0|149,status=0, args=({2: {'_IPS_DYNAMIC_SIMULATION': []}},), message_id=RESPONSE|FRAMEWORK@Framework@0|fastran_FPP_000001@Driver@1|3300)
2025-11-04 19:59:08,813 DAKOTA_BRIDGE_Driver_1 DEBUG    _invoke_service(): processEvents  (2,)
2025-11-04 19:59:08,813 DAKOTA_BRIDGE_Driver_1 DEBUG    _get_service_response(REQUEST|fastran_FPP_000001@Driver@1|FRAMEWORK@Framework@0|150)
2025-11-04 19:59:08,824 DAKOTA_BRIDGE_Driver_1 DEBUG    _get_service_response(REQUEST|fastran_FPP_000001@Driver@1|FRAMEWORK@Framework@0|150), response = ServiceResponseMessage(sender_id=FRAMEWORK@Framework@0, receiver_id=fastran_FPP_000001@Driver@1, request_msg_id=REQUEST|fastran_FPP_000001@Driver@1|FRAMEWORK@Framework@0|150,status=0, args=({2: {'_IPS_DYNAMIC_SIMULATION': []}},), message_id=RESPONSE|FRAMEWORK@Framework@0|fastran_FPP_000001@Driver@1|3302)
2025-11-04 19:59:09,325 DAKOTA_BRIDGE_Driver_1 DEBUG    _invoke_service(): processEvents  (2,)
2025-11-04 19:59:09,325 DAKOTA_BRIDGE_Driver_1 DEBUG    _get_service_response(REQUEST|fastran_FPP_000001@Driver@1|FRAMEWORK@Framework@0|151)
2025-11-04 19:59:09,336 DAKOTA_BRIDGE_Driver_1 DEBUG    _get_service_response(REQUEST|fastran_FPP_000001@Driver@1|FRAMEWORK@Framework@0|151), response = ServiceResponseMessage(sender_id=FRAMEWORK@Framework@0, receiver_id=fastran_FPP_000001@Driver@1, request_msg_id=REQUEST|fastran_FPP_000001@Driver@1|FRAMEWORK@Framework@0|151,status=0, args=({2: {'_IPS_DYNAMIC_SIMULATION': []}},), message_id=RESPONSE|FRAMEWORK@Framework@0|fastran_FPP_000001@Driver@1|3304)
2025-11-04 19:59:09,836 DAKOTA_BRIDGE_Driver_1 DEBUG    _invoke_service(): processEvents  (2,)
2025-11-04 19:59:09,837 DAKOTA_BRIDGE_Driver_1 DEBUG    _get_service_response(REQUEST|fastran_FPP_000001@Driver@1|FRAMEWORK@Framework@0|152)
2025-11-04 19:59:09,847 DAKOTA_BRIDGE_Driver_1 DEBUG    _get_service_response(REQUEST|fastran_FPP_000001@Driver@1|FRAMEWORK@Framework@0|152), response = ServiceResponseMessage(sender_id=FRAMEWORK@Framework@0, receiver_id=fastran_FPP_000001@Driver@1, request_msg_id=REQUEST|fastran_FPP_000001@Driver@1|FRAMEWORK@Framework@0|152,status=0, args=({2: {'_IPS_DYNAMIC_SIMULATION': []}},), message_id=RESPONSE|FRAMEWORK@Framework@0|fastran_FPP_000001@Driver@1|3306)
2025-11-04 19:59:10,348 DAKOTA_BRIDGE_Driver_1 DEBUG    _invoke_service(): processEvents  (2,)
2025-11-04 19:59:10,348 DAKOTA_BRIDGE_Driver_1 DEBUG    _get_service_response(REQUEST|fastran_FPP_000001@Driver@1|FRAMEWORK@Framework@0|153)
2025-11-04 19:59:10,359 DAKOTA_BRIDGE_Driver_1 DEBUG    _get_service_response(REQUEST|fastran_FPP_000001@Driver@1|FRAMEWORK@Framework@0|153), response = ServiceResponseMessage(sender_id=FRAMEWORK@Framework@0, receiver_id=fastran_FPP_000001@Driver@1, request_msg_id=REQUEST|fastran_FPP_000001@Driver@1|FRAMEWORK@Framework@0|153,status=0, args=({2: {'_IPS_DYNAMIC_SIMULATION': []}},), message_id=RESPONSE|FRAMEWORK@Framework@0|fastran_FPP_000001@Driver@1|3308)
2025-11-04 19:59:10,860 DAKOTA_BRIDGE_Driver_1 DEBUG    _invoke_service(): processEvents  (2,)
2025-11-04 19:59:10,860 DAKOTA_BRIDGE_Driver_1 DEBUG    _get_service_response(REQUEST|fastran_FPP_000001@Driver@1|FRAMEWORK@Framework@0|154)
2025-11-04 19:59:10,870 DAKOTA_BRIDGE_Driver_1 DEBUG    _get_service_response(REQUEST|fastran_FPP_000001@Driver@1|FRAMEWORK@Framework@0|154), response = ServiceResponseMessage(sender_id=FRAMEWORK@Framework@0, receiver_id=fastran_FPP_000001@Driver@1, request_msg_id=REQUEST|fastran_FPP_000001@Driver@1|FRAMEWORK@Framework@0|154,status=0, args=({2: {'_IPS_DYNAMIC_SIMULATION': []}},), message_id=RESPONSE|FRAMEWORK@Framework@0|fastran_FPP_000001@Driver@1|3318)
2025-11-04 19:59:11,371 DAKOTA_BRIDGE_Driver_1 DEBUG    _invoke_service(): processEvents  (2,)
2025-11-04 19:59:11,371 DAKOTA_BRIDGE_Driver_1 DEBUG    _get_service_response(REQUEST|fastran_FPP_000001@Driver@1|FRAMEWORK@Framework@0|155)
2025-11-04 19:59:11,382 DAKOTA_BRIDGE_Driver_1 DEBUG    _get_service_response(REQUEST|fastran_FPP_000001@Driver@1|FRAMEWORK@Framework@0|155), response = ServiceResponseMessage(sender_id=FRAMEWORK@Framework@0, receiver_id=fastran_FPP_000001@Driver@1, request_msg_id=REQUEST|fastran_FPP_000001@Driver@1|FRAMEWORK@Framework@0|155,status=0, args=({2: {'_IPS_DYNAMIC_SIMULATION': []}},), message_id=RESPONSE|FRAMEWORK@Framework@0|fastran_FPP_000001@Driver@1|3329)
2025-11-04 19:59:11,883 DAKOTA_BRIDGE_Driver_1 DEBUG    _invoke_service(): processEvents  (2,)
2025-11-04 19:59:11,883 DAKOTA_BRIDGE_Driver_1 DEBUG    _get_service_response(REQUEST|fastran_FPP_000001@Driver@1|FRAMEWORK@Framework@0|156)
2025-11-04 19:59:11,894 DAKOTA_BRIDGE_Driver_1 DEBUG    _get_service_response(REQUEST|fastran_FPP_000001@Driver@1|FRAMEWORK@Framework@0|156), response = ServiceResponseMessage(sender_id=FRAMEWORK@Framework@0, receiver_id=fastran_FPP_000001@Driver@1, request_msg_id=REQUEST|fastran_FPP_000001@Driver@1|FRAMEWORK@Framework@0|156,status=0, args=({2: {'_IPS_DYNAMIC_SIMULATION': []}},), message_id=RESPONSE|FRAMEWORK@Framework@0|fastran_FPP_000001@Driver@1|3331)
2025-11-04 19:59:12,395 DAKOTA_BRIDGE_Driver_1 DEBUG    _invoke_service(): processEvents  (2,)
2025-11-04 19:59:12,395 DAKOTA_BRIDGE_Driver_1 DEBUG    _get_service_response(REQUEST|fastran_FPP_000001@Driver@1|FRAMEWORK@Framework@0|157)
2025-11-04 19:59:12,406 DAKOTA_BRIDGE_Driver_1 DEBUG    _get_service_response(REQUEST|fastran_FPP_000001@Driver@1|FRAMEWORK@Framework@0|157), response = ServiceResponseMessage(sender_id=FRAMEWORK@Framework@0, receiver_id=fastran_FPP_000001@Driver@1, request_msg_id=REQUEST|fastran_FPP_000001@Driver@1|FRAMEWORK@Framework@0|157,status=0, args=({2: {'_IPS_DYNAMIC_SIMULATION': []}},), message_id=RESPONSE|FRAMEWORK@Framework@0|fastran_FPP_000001@Driver@1|3333)
2025-11-04 19:59:12,906 DAKOTA_BRIDGE_Driver_1 DEBUG    _invoke_service(): processEvents  (2,)
2025-11-04 19:59:12,907 DAKOTA_BRIDGE_Driver_1 DEBUG    _get_service_response(REQUEST|fastran_FPP_000001@Driver@1|FRAMEWORK@Framework@0|158)
2025-11-04 19:59:12,918 DAKOTA_BRIDGE_Driver_1 DEBUG    _get_service_response(REQUEST|fastran_FPP_000001@Driver@1|FRAMEWORK@Framework@0|158), response = ServiceResponseMessage(sender_id=FRAMEWORK@Framework@0, receiver_id=fastran_FPP_000001@Driver@1, request_msg_id=REQUEST|fastran_FPP_000001@Driver@1|FRAMEWORK@Framework@0|158,status=0, args=({2: {'_IPS_DYNAMIC_SIMULATION': []}},), message_id=RESPONSE|FRAMEWORK@Framework@0|fastran_FPP_000001@Driver@1|3335)
2025-11-04 19:59:13,418 DAKOTA_BRIDGE_Driver_1 DEBUG    _invoke_service(): processEvents  (2,)
2025-11-04 19:59:13,419 DAKOTA_BRIDGE_Driver_1 DEBUG    _get_service_response(REQUEST|fastran_FPP_000001@Driver@1|FRAMEWORK@Framework@0|159)
2025-11-04 19:59:13,429 DAKOTA_BRIDGE_Driver_1 DEBUG    _get_service_response(REQUEST|fastran_FPP_000001@Driver@1|FRAMEWORK@Framework@0|159), response = ServiceResponseMessage(sender_id=FRAMEWORK@Framework@0, receiver_id=fastran_FPP_000001@Driver@1, request_msg_id=REQUEST|fastran_FPP_000001@Driver@1|FRAMEWORK@Framework@0|159,status=0, args=({2: {'_IPS_DYNAMIC_SIMULATION': []}},), message_id=RESPONSE|FRAMEWORK@Framework@0|fastran_FPP_000001@Driver@1|3337)
2025-11-04 19:59:13,930 DAKOTA_BRIDGE_Driver_1 DEBUG    _invoke_service(): processEvents  (2,)
2025-11-04 19:59:13,930 DAKOTA_BRIDGE_Driver_1 DEBUG    _get_service_response(REQUEST|fastran_FPP_000001@Driver@1|FRAMEWORK@Framework@0|160)
2025-11-04 19:59:13,941 DAKOTA_BRIDGE_Driver_1 DEBUG    _get_service_response(REQUEST|fastran_FPP_000001@Driver@1|FRAMEWORK@Framework@0|160), response = ServiceResponseMessage(sender_id=FRAMEWORK@Framework@0, receiver_id=fastran_FPP_000001@Driver@1, request_msg_id=REQUEST|fastran_FPP_000001@Driver@1|FRAMEWORK@Framework@0|160,status=0, args=({2: {'_IPS_DYNAMIC_SIMULATION': []}},), message_id=RESPONSE|FRAMEWORK@Framework@0|fastran_FPP_000001@Driver@1|3376)
2025-11-04 19:59:14,441 DAKOTA_BRIDGE_Driver_1 DEBUG    _invoke_service(): processEvents  (2,)
2025-11-04 19:59:14,442 DAKOTA_BRIDGE_Driver_1 DEBUG    _get_service_response(REQUEST|fastran_FPP_000001@Driver@1|FRAMEWORK@Framework@0|161)
2025-11-04 19:59:14,452 DAKOTA_BRIDGE_Driver_1 DEBUG    _get_service_response(REQUEST|fastran_FPP_000001@Driver@1|FRAMEWORK@Framework@0|161), response = ServiceResponseMessage(sender_id=FRAMEWORK@Framework@0, receiver_id=fastran_FPP_000001@Driver@1, request_msg_id=REQUEST|fastran_FPP_000001@Driver@1|FRAMEWORK@Framework@0|161,status=0, args=({2: {'_IPS_DYNAMIC_SIMULATION': [<ipsframework.cca_es_spec.Event object at 0x7fcf9a8eb430>]}},), message_id=RESPONSE|FRAMEWORK@Framework@0|fastran_FPP_000001@Driver@1|3378)
2025-11-04 19:59:14,453 DAKOTA_BRIDGE_Driver_1 DEBUG    In Component: Just received {'eventtype': 'IPS_END', 'SIM_NAME': 'fastran_FPP_000001_691836_0000', 'ok': True}
2025-11-04 19:59:14,453 DAKOTA_BRIDGE_Driver_1 DEBUG    In Component: There are 1 events in self.events_received
2025-11-04 19:59:14,555 DAKOTA_BRIDGE_Driver_1 DEBUG    _invoke_service(): processEvents  (2,)
2025-11-04 19:59:14,555 DAKOTA_BRIDGE_Driver_1 DEBUG    _get_service_response(REQUEST|fastran_FPP_000001@Driver@1|FRAMEWORK@Framework@0|162)
2025-11-04 19:59:14,566 DAKOTA_BRIDGE_Driver_1 DEBUG    _get_service_response(REQUEST|fastran_FPP_000001@Driver@1|FRAMEWORK@Framework@0|162), response = ServiceResponseMessage(sender_id=FRAMEWORK@Framework@0, receiver_id=fastran_FPP_000001@Driver@1, request_msg_id=REQUEST|fastran_FPP_000001@Driver@1|FRAMEWORK@Framework@0|162,status=0, args=({2: {'_IPS_DYNAMIC_SIMULATION': []}},), message_id=RESPONSE|FRAMEWORK@Framework@0|fastran_FPP_000001@Driver@1|3379)
2025-11-04 19:59:14,568 DAKOTA_BRIDGE_Driver_1 DEBUG    Received Message 
2025-11-04 19:59:14,568 DAKOTA_BRIDGE_Driver_1 DEBUG    Calling method finalize(0)
