2026-04-28 07:38:55,698 fastran_init_fastran_init_1 DEBUG    __initialize__(): <fastran.driver.fastran_init.fastran_init object at 0x7fbe9a275520>  fastran_FPP_000001@fastran_init@1 
2026-04-28 07:38:55,706 fastran_init_fastran_init_1 DEBUG    Running - CompID =  fastran_FPP_000001@fastran_init@1
2026-04-28 07:38:55,707 fastran_init_fastran_init_1 DEBUG    _init_event_service(): self.counter = 0 - <fastran.driver.fastran_init.fastran_init object at 0x7fbe9a275520>
2026-04-28 07:38:55,707 fastran_driver_fastran_driver_2 DEBUG    __initialize__(): <fastran.driver.fastran_driver.fastran_driver object at 0x7fbe9a275e20>  fastran_FPP_000001@fastran_driver@2 
2026-04-28 07:38:55,713 fastran_driver_fastran_driver_2 DEBUG    Running - CompID =  fastran_FPP_000001@fastran_driver@2
2026-04-28 07:38:55,714 fastran_driver_fastran_driver_2 DEBUG    _init_event_service(): self.counter = 0 - <fastran.driver.fastran_driver.fastran_driver object at 0x7fbe9a275e20>
2026-04-28 07:38:55,722 fastran_eq0_efit_3 DEBUG    __initialize__(): <fastran.equilibrium.efit.efit object at 0x7fbe9a297910>  fastran_FPP_000001@efit@3 
2026-04-28 07:38:55,730 fastran_eq0_efit_3 DEBUG    Running - CompID =  fastran_FPP_000001@efit@3
2026-04-28 07:38:55,732 fastran_eq0_efit_3 DEBUG    _init_event_service(): self.counter = 0 - <fastran.equilibrium.efit.efit object at 0x7fbe9a297910>
2026-04-28 07:38:55,737 fastran_tr0_fastran_4 DEBUG    __initialize__(): <fastran.solver.fastran.fastran object at 0x7fbe9a29dd30>  fastran_FPP_000001@fastran@4 
2026-04-28 07:38:55,743 fastran_tr0_fastran_4 DEBUG    Running - CompID =  fastran_FPP_000001@fastran@4
2026-04-28 07:38:55,744 fastran_tr0_fastran_4 DEBUG    _init_event_service(): self.counter = 0 - <fastran.solver.fastran.fastran object at 0x7fbe9a29dd30>
2026-04-28 07:38:55,747 fastran__impurity_radiation_5 DEBUG    __initialize__(): <impurity_radiation.impurity_radiation object at 0x7fbe9a220c40>  fastran_FPP_000001@impurity_radiation@5 
2026-04-28 07:38:55,754 fastran__impurity_radiation_5 DEBUG    Running - CompID =  fastran_FPP_000001@impurity_radiation@5
2026-04-28 07:38:55,755 fastran__impurity_radiation_5 DEBUG    _init_event_service(): self.counter = 0 - <impurity_radiation.impurity_radiation object at 0x7fbe9a220c40>
2026-04-28 07:38:55,758 fastran_ic_hcd_model_6 DEBUG    __initialize__(): <fastran.heating.hcd_model.hcd_model object at 0x7fbe9a22a670>  fastran_FPP_000001@hcd_model@6 
2026-04-28 07:38:55,766 fastran_eq_efit_7 DEBUG    __initialize__(): <fastran.equilibrium.efit.efit object at 0x7fbe9a22ae80>  fastran_FPP_000001@efit@7 
2026-04-28 07:38:55,767 fastran_ic_hcd_model_6 DEBUG    Running - CompID =  fastran_FPP_000001@hcd_model@6
2026-04-28 07:38:55,768 fastran_ic_hcd_model_6 DEBUG    _init_event_service(): self.counter = 0 - <fastran.heating.hcd_model.hcd_model object at 0x7fbe9a22a670>
2026-04-28 07:38:55,771 fastran_tr_fastran_8 DEBUG    __initialize__(): <fastran.solver.fastran.fastran object at 0x7fbe9a231790>  fastran_FPP_000001@fastran@8 
2026-04-28 07:38:55,772 fastran_eq_efit_7 DEBUG    Running - CompID =  fastran_FPP_000001@efit@7
2026-04-28 07:38:55,773 fastran_eq_efit_7 DEBUG    _init_event_service(): self.counter = 0 - <fastran.equilibrium.efit.efit object at 0x7fbe9a22ae80>
2026-04-28 07:38:55,777 fastran_tr_fastran_8 DEBUG    Running - CompID =  fastran_FPP_000001@fastran@8
2026-04-28 07:38:55,778 fastran_tr_fastran_8 DEBUG    _init_event_service(): self.counter = 0 - <fastran.solver.fastran.fastran object at 0x7fbe9a231790>
2026-04-28 07:38:56,913 fastran_init_fastran_init_1 DEBUG    Received Message 
2026-04-28 07:38:56,913 fastran_init_fastran_init_1 DEBUG    Calling method init(0)
2026-04-28 07:38:56,918 fastran_init_fastran_init_1 DEBUG    Received Message 
2026-04-28 07:38:56,918 fastran_init_fastran_init_1 DEBUG    Calling method step(0)
2026-04-28 07:38:56,924 fastran_init_fastran_init_1 DEBUG    _invoke_service(): getTopic  ('_IPS_MONITOR',)
2026-04-28 07:38:56,924 fastran_init_fastran_init_1 DEBUG    _get_service_response(REQUEST|fastran_FPP_000001@fastran_init@1|FRAMEWORK@Framework@0|0)
2026-04-28 07:38:56,935 fastran_init_fastran_init_1 DEBUG    _get_service_response(REQUEST|fastran_FPP_000001@fastran_init@1|FRAMEWORK@Framework@0|0), response = ServiceResponseMessage(sender_id=FRAMEWORK@Framework@0, receiver_id=fastran_FPP_000001@fastran_init@1, request_msg_id=REQUEST|fastran_FPP_000001@fastran_init@1|FRAMEWORK@Framework@0|0,status=0, args=(<ipsframework.cca_es_spec.Topic object at 0x7fbe9a275940>,), message_id=RESPONSE|FRAMEWORK@Framework@0|fastran_FPP_000001@fastran_init@1|8)
2026-04-28 07:38:56,935 fastran_init_fastran_init_1 DEBUG    _invoke_service(): sendEvent  ('_IPS_MONITOR', 'PORTAL_EVENT', {'sim_name': 'fastran_FPP_000001', 'real_sim_name': 'fastran_FPP_000001', 'portal_data': {'code': 'fastran_init_fastran_init', 'eventtype': 'IPS_STAGE_INPUTS', 'ok': True, 'walltime': '24.48', 'time': '2026-04-28|07:38:56PDT', 'trace': {'timestamp': 1777387136918635, 'duration': 5190, 'localEndpoint': {'serviceName': 'stage_input_files'}, 'name': 'instate', 'id': '55339cced059be1a', 'parentId': '4aa442acb149fbac', 'tags': {}}, 'state': 'Running', 'comment': 'Elapsed time = 0.005 Path = /pscratch/sd/h/hswils/github_repos/MANTA_DBSCANS/RAD_Kr_coronal/input Files = instate'}})
2026-04-28 07:38:56,935 fastran_init_fastran_init_1 DEBUG    _get_service_response(REQUEST|fastran_FPP_000001@fastran_init@1|FRAMEWORK@Framework@0|1)
2026-04-28 07:38:56,946 fastran_init_fastran_init_1 DEBUG    _get_service_response(REQUEST|fastran_FPP_000001@fastran_init@1|FRAMEWORK@Framework@0|1), response = ServiceResponseMessage(sender_id=FRAMEWORK@Framework@0, receiver_id=fastran_FPP_000001@fastran_init@1, request_msg_id=REQUEST|fastran_FPP_000001@fastran_init@1|FRAMEWORK@Framework@0|1,status=0, args=(None,), message_id=RESPONSE|FRAMEWORK@Framework@0|fastran_FPP_000001@fastran_init@1|9)
2026-04-28 07:38:57,354 fastran_init_fastran_init_1 DEBUG    _invoke_service(): update_state  (['s000001.00001', 'g000001.00001', 'i000001.00001'], '/pscratch/sd/h/hswils/github_repos/MANTA_DBSCANS/RAD_Kr_coronal/SCAN/work/fastran_init_fastran_init_1', '/pscratch/sd/h/hswils/github_repos/MANTA_DBSCANS/RAD_Kr_coronal/SCAN/work/plasma_state')
2026-04-28 07:38:57,355 fastran_init_fastran_init_1 DEBUG    _get_service_response(REQUEST|fastran_FPP_000001@fastran_init@1|FRAMEWORK@Framework@0|2)
2026-04-28 07:38:57,372 fastran_init_fastran_init_1 DEBUG    _get_service_response(REQUEST|fastran_FPP_000001@fastran_init@1|FRAMEWORK@Framework@0|2), response = ServiceResponseMessage(sender_id=FRAMEWORK@Framework@0, receiver_id=fastran_FPP_000001@fastran_init@1, request_msg_id=REQUEST|fastran_FPP_000001@fastran_init@1|FRAMEWORK@Framework@0|2,status=0, args=(0,), message_id=RESPONSE|FRAMEWORK@Framework@0|fastran_FPP_000001@fastran_init@1|10)
2026-04-28 07:38:57,373 fastran_init_fastran_init_1 DEBUG    _invoke_service(): getTopic  ('_IPS_MONITOR',)
2026-04-28 07:38:57,373 fastran_init_fastran_init_1 DEBUG    _get_service_response(REQUEST|fastran_FPP_000001@fastran_init@1|FRAMEWORK@Framework@0|3)
2026-04-28 07:38:57,383 fastran_init_fastran_init_1 DEBUG    _get_service_response(REQUEST|fastran_FPP_000001@fastran_init@1|FRAMEWORK@Framework@0|3), response = ServiceResponseMessage(sender_id=FRAMEWORK@Framework@0, receiver_id=fastran_FPP_000001@fastran_init@1, request_msg_id=REQUEST|fastran_FPP_000001@fastran_init@1|FRAMEWORK@Framework@0|3,status=0, args=(<ipsframework.cca_es_spec.Topic object at 0x7fbe9a20f250>,), message_id=RESPONSE|FRAMEWORK@Framework@0|fastran_FPP_000001@fastran_init@1|11)
2026-04-28 07:38:57,383 fastran_init_fastran_init_1 DEBUG    _invoke_service(): sendEvent  ('_IPS_MONITOR', 'PORTAL_EVENT', {'sim_name': 'fastran_FPP_000001', 'real_sim_name': 'fastran_FPP_000001', 'portal_data': {'code': 'fastran_init_fastran_init', 'eventtype': 'IPS_UPDATE_STATE', 'ok': True, 'walltime': '24.93', 'time': '2026-04-28|07:38:57PDT', 'trace': {'timestamp': 1777387137354798, 'duration': 18172, 'localEndpoint': {'serviceName': 'update_state'}, 'name': "['s000001.00001', 'g000001.00001', 'i000001.00001']", 'id': '7629e189a66153c0', 'parentId': '4aa442acb149fbac', 'tags': {}}, 'state': 'Running', 'comment': 'Elapsed time = 0.018   files = s000001.00001 g000001.00001 i000001.00001 Success'}})
2026-04-28 07:38:57,383 fastran_init_fastran_init_1 DEBUG    _get_service_response(REQUEST|fastran_FPP_000001@fastran_init@1|FRAMEWORK@Framework@0|4)
2026-04-28 07:38:57,394 fastran_init_fastran_init_1 DEBUG    _get_service_response(REQUEST|fastran_FPP_000001@fastran_init@1|FRAMEWORK@Framework@0|4), response = ServiceResponseMessage(sender_id=FRAMEWORK@Framework@0, receiver_id=fastran_FPP_000001@fastran_init@1, request_msg_id=REQUEST|fastran_FPP_000001@fastran_init@1|FRAMEWORK@Framework@0|4,status=0, args=(None,), message_id=RESPONSE|FRAMEWORK@Framework@0|fastran_FPP_000001@fastran_init@1|12)
2026-04-28 07:38:57,396 fastran_init_fastran_init_1 DEBUG    _invoke_service(): getTopic  ('_IPS_MONITOR',)
2026-04-28 07:38:57,396 fastran_init_fastran_init_1 DEBUG    _get_service_response(REQUEST|fastran_FPP_000001@fastran_init@1|FRAMEWORK@Framework@0|5)
2026-04-28 07:38:57,406 fastran_init_fastran_init_1 DEBUG    _get_service_response(REQUEST|fastran_FPP_000001@fastran_init@1|FRAMEWORK@Framework@0|5), response = ServiceResponseMessage(sender_id=FRAMEWORK@Framework@0, receiver_id=fastran_FPP_000001@fastran_init@1, request_msg_id=REQUEST|fastran_FPP_000001@fastran_init@1|FRAMEWORK@Framework@0|5,status=0, args=(<ipsframework.cca_es_spec.Topic object at 0x7fbe9a20f3d0>,), message_id=RESPONSE|FRAMEWORK@Framework@0|fastran_FPP_000001@fastran_init@1|13)
2026-04-28 07:38:57,406 fastran_init_fastran_init_1 DEBUG    _invoke_service(): sendEvent  ('_IPS_MONITOR', 'PORTAL_EVENT', {'sim_name': 'fastran_FPP_000001', 'real_sim_name': 'fastran_FPP_000001', 'portal_data': {'code': 'fastran_init_fastran_init', 'eventtype': 'IPS_STAGE_OUTPUTS', 'ok': True, 'walltime': '24.96', 'time': '2026-04-28|07:38:57PDT', 'trace': {'timestamp': 1777387137394155, 'duration': 2015, 'localEndpoint': {'serviceName': 'stage_output_files'}, 'name': '[]', 'id': 'ed019efe11be26d9', 'parentId': '4aa442acb149fbac', 'tags': {}}, 'state': 'Running', 'comment': 'Elapsed time = 0.002 Path = /pscratch/sd/h/hswils/github_repos/MANTA_DBSCANS/RAD_Kr_coronal/SCAN/simulation_results/0/components/fastran_init_fastran_init_1 Files = []'}})
2026-04-28 07:38:57,406 fastran_init_fastran_init_1 DEBUG    _get_service_response(REQUEST|fastran_FPP_000001@fastran_init@1|FRAMEWORK@Framework@0|6)
2026-04-28 07:38:57,417 fastran_init_fastran_init_1 DEBUG    _get_service_response(REQUEST|fastran_FPP_000001@fastran_init@1|FRAMEWORK@Framework@0|6), response = ServiceResponseMessage(sender_id=FRAMEWORK@Framework@0, receiver_id=fastran_FPP_000001@fastran_init@1, request_msg_id=REQUEST|fastran_FPP_000001@fastran_init@1|FRAMEWORK@Framework@0|6,status=0, args=(None,), message_id=RESPONSE|FRAMEWORK@Framework@0|fastran_FPP_000001@fastran_init@1|14)
2026-04-28 07:38:57,418 fastran_init_fastran_init_1 DEBUG    Received Message 
2026-04-28 07:38:57,418 fastran_init_fastran_init_1 DEBUG    Calling method finalize(0)
2026-04-28 07:38:57,419 fastran_driver_fastran_driver_2 DEBUG    Received Message 
2026-04-28 07:38:57,419 fastran_driver_fastran_driver_2 DEBUG    Calling method init(0)
2026-04-28 07:38:57,421 fastran_driver_fastran_driver_2 DEBUG    Received Message 
2026-04-28 07:38:57,421 fastran_driver_fastran_driver_2 DEBUG    Calling method step(0)
2026-04-28 07:38:57,421 fastran_driver_fastran_driver_2 DEBUG    _invoke_service(): getTopic  ('_IPS_MONITOR',)
2026-04-28 07:38:57,422 fastran_driver_fastran_driver_2 DEBUG    _get_service_response(REQUEST|fastran_FPP_000001@fastran_driver@2|FRAMEWORK@Framework@0|0)
2026-04-28 07:38:57,432 fastran_driver_fastran_driver_2 DEBUG    _get_service_response(REQUEST|fastran_FPP_000001@fastran_driver@2|FRAMEWORK@Framework@0|0), response = ServiceResponseMessage(sender_id=FRAMEWORK@Framework@0, receiver_id=fastran_FPP_000001@fastran_driver@2, request_msg_id=REQUEST|fastran_FPP_000001@fastran_driver@2|FRAMEWORK@Framework@0|0,status=0, args=(<ipsframework.cca_es_spec.Topic object at 0x7fbe9a2977c0>,), message_id=RESPONSE|FRAMEWORK@Framework@0|fastran_FPP_000001@fastran_driver@2|15)
2026-04-28 07:38:57,433 fastran_driver_fastran_driver_2 DEBUG    _invoke_service(): sendEvent  ('_IPS_MONITOR', 'PORTAL_EVENT', {'sim_name': 'fastran_FPP_000001', 'real_sim_name': 'fastran_FPP_000001', 'portal_data': {'code': 'fastran_driver_fastran_driver', 'eventtype': 'IPS_STAGE_INPUTS', 'ok': True, 'walltime': '24.98', 'time': '2026-04-28|07:38:57PDT', 'trace': {'timestamp': 1777387137421610, 'duration': 131, 'localEndpoint': {'serviceName': 'stage_input_files'}, 'name': '', 'id': 'e70cb59b389672bf', 'parentId': 'f899e3e5886669ce', 'tags': {}}, 'state': 'Running', 'comment': 'Elapsed time = 0.000 Path = /pscratch/sd/h/hswils/github_repos/MANTA_DBSCANS/RAD_Kr_coronal/input Files = '}})
2026-04-28 07:38:57,433 fastran_driver_fastran_driver_2 DEBUG    _get_service_response(REQUEST|fastran_FPP_000001@fastran_driver@2|FRAMEWORK@Framework@0|1)
2026-04-28 07:38:57,444 fastran_driver_fastran_driver_2 DEBUG    _get_service_response(REQUEST|fastran_FPP_000001@fastran_driver@2|FRAMEWORK@Framework@0|1), response = ServiceResponseMessage(sender_id=FRAMEWORK@Framework@0, receiver_id=fastran_FPP_000001@fastran_driver@2, request_msg_id=REQUEST|fastran_FPP_000001@fastran_driver@2|FRAMEWORK@Framework@0|1,status=0, args=(None,), message_id=RESPONSE|FRAMEWORK@Framework@0|fastran_FPP_000001@fastran_driver@2|16)
2026-04-28 07:38:57,444 fastran_driver_fastran_driver_2 DEBUG    _invoke_service(): stage_state  (['s000001.00001', 'g000001.00001', 'i000001.00001'], '/pscratch/sd/h/hswils/github_repos/MANTA_DBSCANS/RAD_Kr_coronal/SCAN/work/plasma_state', '/pscratch/sd/h/hswils/github_repos/MANTA_DBSCANS/RAD_Kr_coronal/SCAN/work/fastran_driver_fastran_driver_2')
2026-04-28 07:38:57,444 fastran_driver_fastran_driver_2 DEBUG    _get_service_response(REQUEST|fastran_FPP_000001@fastran_driver@2|FRAMEWORK@Framework@0|2)
2026-04-28 07:38:57,462 fastran_driver_fastran_driver_2 DEBUG    _get_service_response(REQUEST|fastran_FPP_000001@fastran_driver@2|FRAMEWORK@Framework@0|2), response = ServiceResponseMessage(sender_id=FRAMEWORK@Framework@0, receiver_id=fastran_FPP_000001@fastran_driver@2, request_msg_id=REQUEST|fastran_FPP_000001@fastran_driver@2|FRAMEWORK@Framework@0|2,status=0, args=(0,), message_id=RESPONSE|FRAMEWORK@Framework@0|fastran_FPP_000001@fastran_driver@2|18)
2026-04-28 07:38:57,463 fastran_driver_fastran_driver_2 DEBUG    _invoke_service(): getTopic  ('_IPS_MONITOR',)
2026-04-28 07:38:57,463 fastran_driver_fastran_driver_2 DEBUG    _get_service_response(REQUEST|fastran_FPP_000001@fastran_driver@2|FRAMEWORK@Framework@0|3)
2026-04-28 07:38:57,473 fastran_driver_fastran_driver_2 DEBUG    _get_service_response(REQUEST|fastran_FPP_000001@fastran_driver@2|FRAMEWORK@Framework@0|3), response = ServiceResponseMessage(sender_id=FRAMEWORK@Framework@0, receiver_id=fastran_FPP_000001@fastran_driver@2, request_msg_id=REQUEST|fastran_FPP_000001@fastran_driver@2|FRAMEWORK@Framework@0|3,status=0, args=(<ipsframework.cca_es_spec.Topic object at 0x7fbe9a297790>,), message_id=RESPONSE|FRAMEWORK@Framework@0|fastran_FPP_000001@fastran_driver@2|19)
2026-04-28 07:38:57,473 fastran_driver_fastran_driver_2 DEBUG    _invoke_service(): sendEvent  ('_IPS_MONITOR', 'PORTAL_EVENT', {'sim_name': 'fastran_FPP_000001', 'real_sim_name': 'fastran_FPP_000001', 'portal_data': {'code': 'fastran_driver_fastran_driver', 'eventtype': 'IPS_STAGE_STATE', 'ok': True, 'walltime': '25.02', 'time': '2026-04-28|07:38:57PDT', 'trace': {'timestamp': 1777387137444273, 'duration': 18762, 'localEndpoint': {'serviceName': 'stage_state'}, 'name': "['s000001.00001', 'g000001.00001', 'i000001.00001']", 'id': '71885aecf25d7412', 'parentId': 'f899e3e5886669ce', 'tags': {}}, 'state': 'Running', 'comment': 'Elapsed time = 0.019  files = s000001.00001 g000001.00001 i000001.00001 Success'}})
2026-04-28 07:38:57,473 fastran_driver_fastran_driver_2 DEBUG    _get_service_response(REQUEST|fastran_FPP_000001@fastran_driver@2|FRAMEWORK@Framework@0|4)
2026-04-28 07:38:57,484 fastran_driver_fastran_driver_2 DEBUG    _get_service_response(REQUEST|fastran_FPP_000001@fastran_driver@2|FRAMEWORK@Framework@0|4), response = ServiceResponseMessage(sender_id=FRAMEWORK@Framework@0, receiver_id=fastran_FPP_000001@fastran_driver@2, request_msg_id=REQUEST|fastran_FPP_000001@fastran_driver@2|FRAMEWORK@Framework@0|4,status=0, args=(None,), message_id=RESPONSE|FRAMEWORK@Framework@0|fastran_FPP_000001@fastran_driver@2|20)
2026-04-28 07:38:57,484 fastran_driver_fastran_driver_2 DEBUG    _invoke_service(): get_port  ('INIT',)
2026-04-28 07:38:57,484 fastran_driver_fastran_driver_2 DEBUG    _get_service_response(REQUEST|fastran_FPP_000001@fastran_driver@2|FRAMEWORK@Framework@0|5)
2026-04-28 07:38:57,495 fastran_driver_fastran_driver_2 DEBUG    _get_service_response(REQUEST|fastran_FPP_000001@fastran_driver@2|FRAMEWORK@Framework@0|5), response = ServiceResponseMessage(sender_id=FRAMEWORK@Framework@0, receiver_id=fastran_FPP_000001@fastran_driver@2, request_msg_id=REQUEST|fastran_FPP_000001@fastran_driver@2|FRAMEWORK@Framework@0|5,status=0, args=(fastran_FPP_000001@fastran_init@1,), message_id=RESPONSE|FRAMEWORK@Framework@0|fastran_FPP_000001@fastran_driver@2|21)
2026-04-28 07:38:57,495 fastran_driver_fastran_driver_2 DEBUG    _invoke_service(): get_port  ('EQ0',)
2026-04-28 07:38:57,495 fastran_driver_fastran_driver_2 DEBUG    _get_service_response(REQUEST|fastran_FPP_000001@fastran_driver@2|FRAMEWORK@Framework@0|6)
2026-04-28 07:38:57,506 fastran_driver_fastran_driver_2 DEBUG    _get_service_response(REQUEST|fastran_FPP_000001@fastran_driver@2|FRAMEWORK@Framework@0|6), response = ServiceResponseMessage(sender_id=FRAMEWORK@Framework@0, receiver_id=fastran_FPP_000001@fastran_driver@2, request_msg_id=REQUEST|fastran_FPP_000001@fastran_driver@2|FRAMEWORK@Framework@0|6,status=0, args=(fastran_FPP_000001@efit@3,), message_id=RESPONSE|FRAMEWORK@Framework@0|fastran_FPP_000001@fastran_driver@2|22)
2026-04-28 07:38:57,506 fastran_driver_fastran_driver_2 DEBUG    _invoke_service(): get_port  ('TR0',)
2026-04-28 07:38:57,506 fastran_driver_fastran_driver_2 DEBUG    _get_service_response(REQUEST|fastran_FPP_000001@fastran_driver@2|FRAMEWORK@Framework@0|7)
2026-04-28 07:38:57,516 fastran_driver_fastran_driver_2 DEBUG    _get_service_response(REQUEST|fastran_FPP_000001@fastran_driver@2|FRAMEWORK@Framework@0|7), response = ServiceResponseMessage(sender_id=FRAMEWORK@Framework@0, receiver_id=fastran_FPP_000001@fastran_driver@2, request_msg_id=REQUEST|fastran_FPP_000001@fastran_driver@2|FRAMEWORK@Framework@0|7,status=0, args=(fastran_FPP_000001@fastran@4,), message_id=RESPONSE|FRAMEWORK@Framework@0|fastran_FPP_000001@fastran_driver@2|23)
2026-04-28 07:38:57,516 fastran_driver_fastran_driver_2 DEBUG    _invoke_service(): get_port  ('RAD',)
2026-04-28 07:38:57,516 fastran_driver_fastran_driver_2 DEBUG    _get_service_response(REQUEST|fastran_FPP_000001@fastran_driver@2|FRAMEWORK@Framework@0|8)
2026-04-28 07:38:57,527 fastran_driver_fastran_driver_2 DEBUG    _get_service_response(REQUEST|fastran_FPP_000001@fastran_driver@2|FRAMEWORK@Framework@0|8), response = ServiceResponseMessage(sender_id=FRAMEWORK@Framework@0, receiver_id=fastran_FPP_000001@fastran_driver@2, request_msg_id=REQUEST|fastran_FPP_000001@fastran_driver@2|FRAMEWORK@Framework@0|8,status=0, args=(fastran_FPP_000001@impurity_radiation@5,), message_id=RESPONSE|FRAMEWORK@Framework@0|fastran_FPP_000001@fastran_driver@2|24)
2026-04-28 07:38:57,527 fastran_driver_fastran_driver_2 DEBUG    _invoke_service(): get_port  ('HCD0',)
2026-04-28 07:38:57,527 fastran_driver_fastran_driver_2 DEBUG    _get_service_response(REQUEST|fastran_FPP_000001@fastran_driver@2|FRAMEWORK@Framework@0|9)
2026-04-28 07:38:57,538 fastran_driver_fastran_driver_2 DEBUG    _get_service_response(REQUEST|fastran_FPP_000001@fastran_driver@2|FRAMEWORK@Framework@0|9), response = ServiceResponseMessage(sender_id=FRAMEWORK@Framework@0, receiver_id=fastran_FPP_000001@fastran_driver@2, request_msg_id=REQUEST|fastran_FPP_000001@fastran_driver@2|FRAMEWORK@Framework@0|9,status=0, args=(fastran_FPP_000001@hcd_model@6,), message_id=RESPONSE|FRAMEWORK@Framework@0|fastran_FPP_000001@fastran_driver@2|25)
2026-04-28 07:38:57,538 fastran_driver_fastran_driver_2 DEBUG    _invoke_service(): get_port  ('EQ',)
2026-04-28 07:38:57,538 fastran_driver_fastran_driver_2 DEBUG    _get_service_response(REQUEST|fastran_FPP_000001@fastran_driver@2|FRAMEWORK@Framework@0|10)
2026-04-28 07:38:57,549 fastran_driver_fastran_driver_2 DEBUG    _get_service_response(REQUEST|fastran_FPP_000001@fastran_driver@2|FRAMEWORK@Framework@0|10), response = ServiceResponseMessage(sender_id=FRAMEWORK@Framework@0, receiver_id=fastran_FPP_000001@fastran_driver@2, request_msg_id=REQUEST|fastran_FPP_000001@fastran_driver@2|FRAMEWORK@Framework@0|10,status=0, args=(fastran_FPP_000001@efit@7,), message_id=RESPONSE|FRAMEWORK@Framework@0|fastran_FPP_000001@fastran_driver@2|26)
2026-04-28 07:38:57,549 fastran_driver_fastran_driver_2 DEBUG    _invoke_service(): get_port  ('TR',)
2026-04-28 07:38:57,549 fastran_driver_fastran_driver_2 DEBUG    _get_service_response(REQUEST|fastran_FPP_000001@fastran_driver@2|FRAMEWORK@Framework@0|11)
2026-04-28 07:38:57,560 fastran_driver_fastran_driver_2 DEBUG    _get_service_response(REQUEST|fastran_FPP_000001@fastran_driver@2|FRAMEWORK@Framework@0|11), response = ServiceResponseMessage(sender_id=FRAMEWORK@Framework@0, receiver_id=fastran_FPP_000001@fastran_driver@2, request_msg_id=REQUEST|fastran_FPP_000001@fastran_driver@2|FRAMEWORK@Framework@0|11,status=0, args=(fastran_FPP_000001@fastran@8,), message_id=RESPONSE|FRAMEWORK@Framework@0|fastran_FPP_000001@fastran_driver@2|27)
2026-04-28 07:38:57,560 fastran_driver_fastran_driver_2 DEBUG    _invoke_service(): getTopic  ('_IPS_MONITOR',)
2026-04-28 07:38:57,560 fastran_driver_fastran_driver_2 DEBUG    _get_service_response(REQUEST|fastran_FPP_000001@fastran_driver@2|FRAMEWORK@Framework@0|12)
2026-04-28 07:38:57,571 fastran_driver_fastran_driver_2 DEBUG    _get_service_response(REQUEST|fastran_FPP_000001@fastran_driver@2|FRAMEWORK@Framework@0|12), response = ServiceResponseMessage(sender_id=FRAMEWORK@Framework@0, receiver_id=fastran_FPP_000001@fastran_driver@2, request_msg_id=REQUEST|fastran_FPP_000001@fastran_driver@2|FRAMEWORK@Framework@0|12,status=0, args=(<ipsframework.cca_es_spec.Topic object at 0x7fbe9a297b80>,), message_id=RESPONSE|FRAMEWORK@Framework@0|fastran_FPP_000001@fastran_driver@2|28)
2026-04-28 07:38:57,571 fastran_driver_fastran_driver_2 DEBUG    _invoke_service(): sendEvent  ('_IPS_MONITOR', 'PORTAL_EVENT', {'sim_name': 'fastran_FPP_000001', 'real_sim_name': 'fastran_FPP_000001', 'portal_data': {'code': 'fastran_driver_fastran_driver', 'eventtype': 'IPS_CALL_BEGIN', 'ok': True, 'walltime': '25.12', 'time': '2026-04-28|07:38:57PDT', 'state': 'Running', 'comment': 'Target = fastran_FPP_000001@efit@3:init(0)'}})
2026-04-28 07:38:57,571 fastran_driver_fastran_driver_2 DEBUG    _get_service_response(REQUEST|fastran_FPP_000001@fastran_driver@2|FRAMEWORK@Framework@0|13)
2026-04-28 07:38:57,582 fastran_driver_fastran_driver_2 DEBUG    _get_service_response(REQUEST|fastran_FPP_000001@fastran_driver@2|FRAMEWORK@Framework@0|13), response = ServiceResponseMessage(sender_id=FRAMEWORK@Framework@0, receiver_id=fastran_FPP_000001@fastran_driver@2, request_msg_id=REQUEST|fastran_FPP_000001@fastran_driver@2|FRAMEWORK@Framework@0|13,status=0, args=(None,), message_id=RESPONSE|FRAMEWORK@Framework@0|fastran_FPP_000001@fastran_driver@2|29)
2026-04-28 07:38:57,582 fastran_driver_fastran_driver_2 DEBUG    _invoke_service(): init_call  ('init', '0')
2026-04-28 07:38:57,582 fastran_driver_fastran_driver_2 DEBUG    _get_service_response(REQUEST|fastran_FPP_000001@fastran_driver@2|FRAMEWORK@Framework@0|14)
2026-04-28 07:38:57,584 fastran_eq0_efit_3 DEBUG    Received Message 
2026-04-28 07:38:57,584 fastran_eq0_efit_3 DEBUG    Calling method init(0)
2026-04-28 07:38:57,586 fastran_eq0_efit_3 DEBUG    _invoke_service(): stage_state  (['s000001.00001', 'g000001.00001', 'i000001.00001'], '/pscratch/sd/h/hswils/github_repos/MANTA_DBSCANS/RAD_Kr_coronal/SCAN/work/plasma_state', '/pscratch/sd/h/hswils/github_repos/MANTA_DBSCANS/RAD_Kr_coronal/SCAN/work/fastran_eq0_efit_3')
2026-04-28 07:38:57,587 fastran_eq0_efit_3 DEBUG    _get_service_response(REQUEST|fastran_FPP_000001@efit@3|FRAMEWORK@Framework@0|0)
2026-04-28 07:38:57,593 fastran_driver_fastran_driver_2 DEBUG    _get_service_response(REQUEST|fastran_FPP_000001@fastran_driver@2|FRAMEWORK@Framework@0|14), response = ServiceResponseMessage(sender_id=FRAMEWORK@Framework@0, receiver_id=fastran_FPP_000001@fastran_driver@2, request_msg_id=REQUEST|fastran_FPP_000001@fastran_driver@2|FRAMEWORK@Framework@0|14,status=0, args=(11,), message_id=RESPONSE|FRAMEWORK@Framework@0|fastran_FPP_000001@fastran_driver@2|30)
2026-04-28 07:38:57,594 fastran_driver_fastran_driver_2 DEBUG    _invoke_service(): wait_call  (11, True)
2026-04-28 07:38:57,594 fastran_driver_fastran_driver_2 DEBUG    _get_service_response(REQUEST|fastran_FPP_000001@fastran_driver@2|FRAMEWORK@Framework@0|15)
2026-04-28 07:38:57,606 fastran_eq0_efit_3 DEBUG    _get_service_response(REQUEST|fastran_FPP_000001@efit@3|FRAMEWORK@Framework@0|0), response = ServiceResponseMessage(sender_id=FRAMEWORK@Framework@0, receiver_id=fastran_FPP_000001@efit@3, request_msg_id=REQUEST|fastran_FPP_000001@efit@3|FRAMEWORK@Framework@0|0,status=0, args=(0,), message_id=RESPONSE|FRAMEWORK@Framework@0|fastran_FPP_000001@efit@3|31)
2026-04-28 07:38:57,606 fastran_eq0_efit_3 DEBUG    _invoke_service(): getTopic  ('_IPS_MONITOR',)
2026-04-28 07:38:57,606 fastran_eq0_efit_3 DEBUG    _get_service_response(REQUEST|fastran_FPP_000001@efit@3|FRAMEWORK@Framework@0|1)
2026-04-28 07:38:57,617 fastran_eq0_efit_3 DEBUG    _get_service_response(REQUEST|fastran_FPP_000001@efit@3|FRAMEWORK@Framework@0|1), response = ServiceResponseMessage(sender_id=FRAMEWORK@Framework@0, receiver_id=fastran_FPP_000001@efit@3, request_msg_id=REQUEST|fastran_FPP_000001@efit@3|FRAMEWORK@Framework@0|1,status=0, args=(<ipsframework.cca_es_spec.Topic object at 0x7fbe9a29f3d0>,), message_id=RESPONSE|FRAMEWORK@Framework@0|fastran_FPP_000001@efit@3|32)
2026-04-28 07:38:57,617 fastran_eq0_efit_3 DEBUG    _invoke_service(): sendEvent  ('_IPS_MONITOR', 'PORTAL_EVENT', {'sim_name': 'fastran_FPP_000001', 'real_sim_name': 'fastran_FPP_000001', 'portal_data': {'code': 'fastran_eq0_efit', 'eventtype': 'IPS_STAGE_STATE', 'ok': True, 'walltime': '25.17', 'time': '2026-04-28|07:38:57PDT', 'trace': {'timestamp': 1777387137586576, 'duration': 19803, 'localEndpoint': {'serviceName': 'stage_state'}, 'name': "['s000001.00001', 'g000001.00001', 'i000001.00001']", 'id': '71885aecf25d7412', 'parentId': '545edfc5a3ffe396', 'tags': {}}, 'state': 'Running', 'comment': 'Elapsed time = 0.020  files = s000001.00001 g000001.00001 i000001.00001 Success'}})
2026-04-28 07:38:57,617 fastran_eq0_efit_3 DEBUG    _get_service_response(REQUEST|fastran_FPP_000001@efit@3|FRAMEWORK@Framework@0|2)
2026-04-28 07:38:57,627 fastran_eq0_efit_3 DEBUG    _get_service_response(REQUEST|fastran_FPP_000001@efit@3|FRAMEWORK@Framework@0|2), response = ServiceResponseMessage(sender_id=FRAMEWORK@Framework@0, receiver_id=fastran_FPP_000001@efit@3, request_msg_id=REQUEST|fastran_FPP_000001@efit@3|FRAMEWORK@Framework@0|2,status=0, args=(None,), message_id=RESPONSE|FRAMEWORK@Framework@0|fastran_FPP_000001@efit@3|33)
2026-04-28 07:38:59,607 fastran_eq0_efit_3 DEBUG    _invoke_service(): update_state  (['s000001.00001', 'g000001.00001', 'i000001.00001'], '/pscratch/sd/h/hswils/github_repos/MANTA_DBSCANS/RAD_Kr_coronal/SCAN/work/fastran_eq0_efit_3', '/pscratch/sd/h/hswils/github_repos/MANTA_DBSCANS/RAD_Kr_coronal/SCAN/work/plasma_state')
2026-04-28 07:38:59,607 fastran_eq0_efit_3 DEBUG    _get_service_response(REQUEST|fastran_FPP_000001@efit@3|FRAMEWORK@Framework@0|3)
2026-04-28 07:38:59,628 fastran_eq0_efit_3 DEBUG    _get_service_response(REQUEST|fastran_FPP_000001@efit@3|FRAMEWORK@Framework@0|3), response = ServiceResponseMessage(sender_id=FRAMEWORK@Framework@0, receiver_id=fastran_FPP_000001@efit@3, request_msg_id=REQUEST|fastran_FPP_000001@efit@3|FRAMEWORK@Framework@0|3,status=0, args=(0,), message_id=RESPONSE|FRAMEWORK@Framework@0|fastran_FPP_000001@efit@3|38)
2026-04-28 07:38:59,628 fastran_eq0_efit_3 DEBUG    _invoke_service(): getTopic  ('_IPS_MONITOR',)
2026-04-28 07:38:59,628 fastran_eq0_efit_3 DEBUG    _get_service_response(REQUEST|fastran_FPP_000001@efit@3|FRAMEWORK@Framework@0|4)
2026-04-28 07:38:59,638 fastran_eq0_efit_3 DEBUG    _get_service_response(REQUEST|fastran_FPP_000001@efit@3|FRAMEWORK@Framework@0|4), response = ServiceResponseMessage(sender_id=FRAMEWORK@Framework@0, receiver_id=fastran_FPP_000001@efit@3, request_msg_id=REQUEST|fastran_FPP_000001@efit@3|FRAMEWORK@Framework@0|4,status=0, args=(<ipsframework.cca_es_spec.Topic object at 0x7fbe9a29f2b0>,), message_id=RESPONSE|FRAMEWORK@Framework@0|fastran_FPP_000001@efit@3|39)
2026-04-28 07:38:59,638 fastran_eq0_efit_3 DEBUG    _invoke_service(): sendEvent  ('_IPS_MONITOR', 'PORTAL_EVENT', {'sim_name': 'fastran_FPP_000001', 'real_sim_name': 'fastran_FPP_000001', 'portal_data': {'code': 'fastran_eq0_efit', 'eventtype': 'IPS_UPDATE_STATE', 'ok': True, 'walltime': '27.19', 'time': '2026-04-28|07:38:59PDT', 'trace': {'timestamp': 1777387139606937, 'duration': 21156, 'localEndpoint': {'serviceName': 'update_state'}, 'name': "['s000001.00001', 'g000001.00001', 'i000001.00001']", 'id': '7629e189a66153c0', 'parentId': '545edfc5a3ffe396', 'tags': {}}, 'state': 'Running', 'comment': 'Elapsed time = 0.021   files = s000001.00001 g000001.00001 i000001.00001 Success'}})
2026-04-28 07:38:59,639 fastran_eq0_efit_3 DEBUG    _get_service_response(REQUEST|fastran_FPP_000001@efit@3|FRAMEWORK@Framework@0|5)
2026-04-28 07:38:59,649 fastran_eq0_efit_3 DEBUG    _get_service_response(REQUEST|fastran_FPP_000001@efit@3|FRAMEWORK@Framework@0|5), response = ServiceResponseMessage(sender_id=FRAMEWORK@Framework@0, receiver_id=fastran_FPP_000001@efit@3, request_msg_id=REQUEST|fastran_FPP_000001@efit@3|FRAMEWORK@Framework@0|5,status=0, args=(None,), message_id=RESPONSE|FRAMEWORK@Framework@0|fastran_FPP_000001@efit@3|40)
2026-04-28 07:38:59,660 fastran_driver_fastran_driver_2 DEBUG    _get_service_response(REQUEST|fastran_FPP_000001@fastran_driver@2|FRAMEWORK@Framework@0|15), response = ServiceResponseMessage(sender_id=FRAMEWORK@Framework@0, receiver_id=fastran_FPP_000001@fastran_driver@2, request_msg_id=REQUEST|fastran_FPP_000001@fastran_driver@2|FRAMEWORK@Framework@0|15,status=0, args=((None,),), message_id=RESPONSE|FRAMEWORK@Framework@0|fastran_FPP_000001@fastran_driver@2|41)
2026-04-28 07:38:59,660 fastran_driver_fastran_driver_2 DEBUG    _invoke_service(): getTopic  ('_IPS_MONITOR',)
2026-04-28 07:38:59,660 fastran_driver_fastran_driver_2 DEBUG    _get_service_response(REQUEST|fastran_FPP_000001@fastran_driver@2|FRAMEWORK@Framework@0|16)
2026-04-28 07:38:59,671 fastran_driver_fastran_driver_2 DEBUG    _get_service_response(REQUEST|fastran_FPP_000001@fastran_driver@2|FRAMEWORK@Framework@0|16), response = ServiceResponseMessage(sender_id=FRAMEWORK@Framework@0, receiver_id=fastran_FPP_000001@fastran_driver@2, request_msg_id=REQUEST|fastran_FPP_000001@fastran_driver@2|FRAMEWORK@Framework@0|16,status=0, args=(<ipsframework.cca_es_spec.Topic object at 0x7fbe9a2977f0>,), message_id=RESPONSE|FRAMEWORK@Framework@0|fastran_FPP_000001@fastran_driver@2|42)
2026-04-28 07:38:59,671 fastran_driver_fastran_driver_2 DEBUG    _invoke_service(): sendEvent  ('_IPS_MONITOR', 'PORTAL_EVENT', {'sim_name': 'fastran_FPP_000001', 'real_sim_name': 'fastran_FPP_000001', 'portal_data': {'code': 'fastran_driver_fastran_driver', 'eventtype': 'IPS_CALL_END', 'ok': True, 'walltime': '27.22', 'time': '2026-04-28|07:38:59PDT', 'trace': {'timestamp': 1777387137594045, 'duration': 2066225, 'localEndpoint': {'serviceName': 'fastran_FPP_000001@efit@3'}, 'name': 'init(0)', 'id': '545edfc5a3ffe396', 'parentId': 'f899e3e5886669ce', 'tags': {}}, 'state': 'Running', 'comment': 'Target = fastran_FPP_000001@efit@3:init(0)'}})
2026-04-28 07:38:59,671 fastran_driver_fastran_driver_2 DEBUG    _get_service_response(REQUEST|fastran_FPP_000001@fastran_driver@2|FRAMEWORK@Framework@0|17)
2026-04-28 07:38:59,682 fastran_driver_fastran_driver_2 DEBUG    _get_service_response(REQUEST|fastran_FPP_000001@fastran_driver@2|FRAMEWORK@Framework@0|17), response = ServiceResponseMessage(sender_id=FRAMEWORK@Framework@0, receiver_id=fastran_FPP_000001@fastran_driver@2, request_msg_id=REQUEST|fastran_FPP_000001@fastran_driver@2|FRAMEWORK@Framework@0|17,status=0, args=(None,), message_id=RESPONSE|FRAMEWORK@Framework@0|fastran_FPP_000001@fastran_driver@2|43)
2026-04-28 07:38:59,682 fastran_driver_fastran_driver_2 DEBUG    _invoke_service(): getTopic  ('_IPS_MONITOR',)
2026-04-28 07:38:59,682 fastran_driver_fastran_driver_2 DEBUG    _get_service_response(REQUEST|fastran_FPP_000001@fastran_driver@2|FRAMEWORK@Framework@0|18)
2026-04-28 07:38:59,693 fastran_driver_fastran_driver_2 DEBUG    _get_service_response(REQUEST|fastran_FPP_000001@fastran_driver@2|FRAMEWORK@Framework@0|18), response = ServiceResponseMessage(sender_id=FRAMEWORK@Framework@0, receiver_id=fastran_FPP_000001@fastran_driver@2, request_msg_id=REQUEST|fastran_FPP_000001@fastran_driver@2|FRAMEWORK@Framework@0|18,status=0, args=(<ipsframework.cca_es_spec.Topic object at 0x7fbe9a297850>,), message_id=RESPONSE|FRAMEWORK@Framework@0|fastran_FPP_000001@fastran_driver@2|44)
2026-04-28 07:38:59,693 fastran_driver_fastran_driver_2 DEBUG    _invoke_service(): sendEvent  ('_IPS_MONITOR', 'PORTAL_EVENT', {'sim_name': 'fastran_FPP_000001', 'real_sim_name': 'fastran_FPP_000001', 'portal_data': {'code': 'fastran_driver_fastran_driver', 'eventtype': 'IPS_CALL_BEGIN', 'ok': True, 'walltime': '27.24', 'time': '2026-04-28|07:38:59PDT', 'state': 'Running', 'comment': 'Target = fastran_FPP_000001@fastran@4:init(0)'}})
2026-04-28 07:38:59,693 fastran_driver_fastran_driver_2 DEBUG    _get_service_response(REQUEST|fastran_FPP_000001@fastran_driver@2|FRAMEWORK@Framework@0|19)
2026-04-28 07:38:59,703 fastran_driver_fastran_driver_2 DEBUG    _get_service_response(REQUEST|fastran_FPP_000001@fastran_driver@2|FRAMEWORK@Framework@0|19), response = ServiceResponseMessage(sender_id=FRAMEWORK@Framework@0, receiver_id=fastran_FPP_000001@fastran_driver@2, request_msg_id=REQUEST|fastran_FPP_000001@fastran_driver@2|FRAMEWORK@Framework@0|19,status=0, args=(None,), message_id=RESPONSE|FRAMEWORK@Framework@0|fastran_FPP_000001@fastran_driver@2|45)
2026-04-28 07:38:59,704 fastran_driver_fastran_driver_2 DEBUG    _invoke_service(): init_call  ('init', '0')
2026-04-28 07:38:59,704 fastran_driver_fastran_driver_2 DEBUG    _get_service_response(REQUEST|fastran_FPP_000001@fastran_driver@2|FRAMEWORK@Framework@0|20)
2026-04-28 07:38:59,705 fastran_tr0_fastran_4 DEBUG    Received Message 
2026-04-28 07:38:59,705 fastran_tr0_fastran_4 DEBUG    Calling method init(0)
2026-04-28 07:38:59,715 fastran_driver_fastran_driver_2 DEBUG    _get_service_response(REQUEST|fastran_FPP_000001@fastran_driver@2|FRAMEWORK@Framework@0|20), response = ServiceResponseMessage(sender_id=FRAMEWORK@Framework@0, receiver_id=fastran_FPP_000001@fastran_driver@2, request_msg_id=REQUEST|fastran_FPP_000001@fastran_driver@2|FRAMEWORK@Framework@0|20,status=0, args=(12,), message_id=RESPONSE|FRAMEWORK@Framework@0|fastran_FPP_000001@fastran_driver@2|46)
2026-04-28 07:38:59,715 fastran_driver_fastran_driver_2 DEBUG    _invoke_service(): wait_call  (12, True)
2026-04-28 07:38:59,715 fastran_driver_fastran_driver_2 DEBUG    _get_service_response(REQUEST|fastran_FPP_000001@fastran_driver@2|FRAMEWORK@Framework@0|21)
2026-04-28 07:38:59,725 fastran_driver_fastran_driver_2 DEBUG    _get_service_response(REQUEST|fastran_FPP_000001@fastran_driver@2|FRAMEWORK@Framework@0|21), response = ServiceResponseMessage(sender_id=FRAMEWORK@Framework@0, receiver_id=fastran_FPP_000001@fastran_driver@2, request_msg_id=REQUEST|fastran_FPP_000001@fastran_driver@2|FRAMEWORK@Framework@0|21,status=0, args=((None,),), message_id=RESPONSE|FRAMEWORK@Framework@0|fastran_FPP_000001@fastran_driver@2|47)
2026-04-28 07:38:59,726 fastran_driver_fastran_driver_2 DEBUG    _invoke_service(): getTopic  ('_IPS_MONITOR',)
2026-04-28 07:38:59,726 fastran_driver_fastran_driver_2 DEBUG    _get_service_response(REQUEST|fastran_FPP_000001@fastran_driver@2|FRAMEWORK@Framework@0|22)
2026-04-28 07:38:59,736 fastran_driver_fastran_driver_2 DEBUG    _get_service_response(REQUEST|fastran_FPP_000001@fastran_driver@2|FRAMEWORK@Framework@0|22), response = ServiceResponseMessage(sender_id=FRAMEWORK@Framework@0, receiver_id=fastran_FPP_000001@fastran_driver@2, request_msg_id=REQUEST|fastran_FPP_000001@fastran_driver@2|FRAMEWORK@Framework@0|22,status=0, args=(<ipsframework.cca_es_spec.Topic object at 0x7fbe9a2977f0>,), message_id=RESPONSE|FRAMEWORK@Framework@0|fastran_FPP_000001@fastran_driver@2|48)
2026-04-28 07:38:59,736 fastran_driver_fastran_driver_2 DEBUG    _invoke_service(): sendEvent  ('_IPS_MONITOR', 'PORTAL_EVENT', {'sim_name': 'fastran_FPP_000001', 'real_sim_name': 'fastran_FPP_000001', 'portal_data': {'code': 'fastran_driver_fastran_driver', 'eventtype': 'IPS_CALL_END', 'ok': True, 'walltime': '27.29', 'time': '2026-04-28|07:38:59PDT', 'trace': {'timestamp': 1777387139715446, 'duration': 10502, 'localEndpoint': {'serviceName': 'fastran_FPP_000001@fastran@4'}, 'name': 'init(0)', 'id': '2dfda25fbdd3f2fb', 'parentId': 'f899e3e5886669ce', 'tags': {}}, 'state': 'Running', 'comment': 'Target = fastran_FPP_000001@fastran@4:init(0)'}})
2026-04-28 07:38:59,736 fastran_driver_fastran_driver_2 DEBUG    _get_service_response(REQUEST|fastran_FPP_000001@fastran_driver@2|FRAMEWORK@Framework@0|23)
2026-04-28 07:38:59,747 fastran_driver_fastran_driver_2 DEBUG    _get_service_response(REQUEST|fastran_FPP_000001@fastran_driver@2|FRAMEWORK@Framework@0|23), response = ServiceResponseMessage(sender_id=FRAMEWORK@Framework@0, receiver_id=fastran_FPP_000001@fastran_driver@2, request_msg_id=REQUEST|fastran_FPP_000001@fastran_driver@2|FRAMEWORK@Framework@0|23,status=0, args=(None,), message_id=RESPONSE|FRAMEWORK@Framework@0|fastran_FPP_000001@fastran_driver@2|49)
2026-04-28 07:38:59,747 fastran_driver_fastran_driver_2 DEBUG    _invoke_service(): getTopic  ('_IPS_MONITOR',)
2026-04-28 07:38:59,747 fastran_driver_fastran_driver_2 DEBUG    _get_service_response(REQUEST|fastran_FPP_000001@fastran_driver@2|FRAMEWORK@Framework@0|24)
2026-04-28 07:38:59,758 fastran_driver_fastran_driver_2 DEBUG    _get_service_response(REQUEST|fastran_FPP_000001@fastran_driver@2|FRAMEWORK@Framework@0|24), response = ServiceResponseMessage(sender_id=FRAMEWORK@Framework@0, receiver_id=fastran_FPP_000001@fastran_driver@2, request_msg_id=REQUEST|fastran_FPP_000001@fastran_driver@2|FRAMEWORK@Framework@0|24,status=0, args=(<ipsframework.cca_es_spec.Topic object at 0x7fbe9a2978b0>,), message_id=RESPONSE|FRAMEWORK@Framework@0|fastran_FPP_000001@fastran_driver@2|50)
2026-04-28 07:38:59,758 fastran_driver_fastran_driver_2 DEBUG    _invoke_service(): sendEvent  ('_IPS_MONITOR', 'PORTAL_EVENT', {'sim_name': 'fastran_FPP_000001', 'real_sim_name': 'fastran_FPP_000001', 'portal_data': {'code': 'fastran_driver_fastran_driver', 'eventtype': 'IPS_CALL_BEGIN', 'ok': True, 'walltime': '27.31', 'time': '2026-04-28|07:38:59PDT', 'state': 'Running', 'comment': 'Target = fastran_FPP_000001@impurity_radiation@5:init(0)'}})
2026-04-28 07:38:59,758 fastran_driver_fastran_driver_2 DEBUG    _get_service_response(REQUEST|fastran_FPP_000001@fastran_driver@2|FRAMEWORK@Framework@0|25)
2026-04-28 07:38:59,769 fastran_driver_fastran_driver_2 DEBUG    _get_service_response(REQUEST|fastran_FPP_000001@fastran_driver@2|FRAMEWORK@Framework@0|25), response = ServiceResponseMessage(sender_id=FRAMEWORK@Framework@0, receiver_id=fastran_FPP_000001@fastran_driver@2, request_msg_id=REQUEST|fastran_FPP_000001@fastran_driver@2|FRAMEWORK@Framework@0|25,status=0, args=(None,), message_id=RESPONSE|FRAMEWORK@Framework@0|fastran_FPP_000001@fastran_driver@2|51)
2026-04-28 07:38:59,769 fastran_driver_fastran_driver_2 DEBUG    _invoke_service(): init_call  ('init', '0')
2026-04-28 07:38:59,769 fastran_driver_fastran_driver_2 DEBUG    _get_service_response(REQUEST|fastran_FPP_000001@fastran_driver@2|FRAMEWORK@Framework@0|26)
2026-04-28 07:38:59,771 fastran__impurity_radiation_5 DEBUG    Received Message 
2026-04-28 07:38:59,771 fastran__impurity_radiation_5 DEBUG    Calling method init(0)
2026-04-28 07:38:59,771 fastran__impurity_radiation_5 DEBUG    _invoke_service(): stage_state  (['s000001.00001', 'g000001.00001', 'i000001.00001'], '/pscratch/sd/h/hswils/github_repos/MANTA_DBSCANS/RAD_Kr_coronal/SCAN/work/plasma_state', '/pscratch/sd/h/hswils/github_repos/MANTA_DBSCANS/RAD_Kr_coronal/SCAN/work/fastran__impurity_radiation_5')
2026-04-28 07:38:59,772 fastran__impurity_radiation_5 DEBUG    _get_service_response(REQUEST|fastran_FPP_000001@impurity_radiation@5|FRAMEWORK@Framework@0|0)
2026-04-28 07:38:59,780 fastran_driver_fastran_driver_2 DEBUG    _get_service_response(REQUEST|fastran_FPP_000001@fastran_driver@2|FRAMEWORK@Framework@0|26), response = ServiceResponseMessage(sender_id=FRAMEWORK@Framework@0, receiver_id=fastran_FPP_000001@fastran_driver@2, request_msg_id=REQUEST|fastran_FPP_000001@fastran_driver@2|FRAMEWORK@Framework@0|26,status=0, args=(13,), message_id=RESPONSE|FRAMEWORK@Framework@0|fastran_FPP_000001@fastran_driver@2|52)
2026-04-28 07:38:59,780 fastran_driver_fastran_driver_2 DEBUG    _invoke_service(): wait_call  (13, True)
2026-04-28 07:38:59,780 fastran_driver_fastran_driver_2 DEBUG    _get_service_response(REQUEST|fastran_FPP_000001@fastran_driver@2|FRAMEWORK@Framework@0|27)
2026-04-28 07:38:59,793 fastran__impurity_radiation_5 DEBUG    _get_service_response(REQUEST|fastran_FPP_000001@impurity_radiation@5|FRAMEWORK@Framework@0|0), response = ServiceResponseMessage(sender_id=FRAMEWORK@Framework@0, receiver_id=fastran_FPP_000001@impurity_radiation@5, request_msg_id=REQUEST|fastran_FPP_000001@impurity_radiation@5|FRAMEWORK@Framework@0|0,status=0, args=(0,), message_id=RESPONSE|FRAMEWORK@Framework@0|fastran_FPP_000001@impurity_radiation@5|53)
2026-04-28 07:38:59,794 fastran__impurity_radiation_5 DEBUG    _invoke_service(): getTopic  ('_IPS_MONITOR',)
2026-04-28 07:38:59,794 fastran__impurity_radiation_5 DEBUG    _get_service_response(REQUEST|fastran_FPP_000001@impurity_radiation@5|FRAMEWORK@Framework@0|1)
2026-04-28 07:38:59,804 fastran__impurity_radiation_5 DEBUG    _get_service_response(REQUEST|fastran_FPP_000001@impurity_radiation@5|FRAMEWORK@Framework@0|1), response = ServiceResponseMessage(sender_id=FRAMEWORK@Framework@0, receiver_id=fastran_FPP_000001@impurity_radiation@5, request_msg_id=REQUEST|fastran_FPP_000001@impurity_radiation@5|FRAMEWORK@Framework@0|1,status=0, args=(<ipsframework.cca_es_spec.Topic object at 0x7fbe9a22e2e0>,), message_id=RESPONSE|FRAMEWORK@Framework@0|fastran_FPP_000001@impurity_radiation@5|54)
2026-04-28 07:38:59,804 fastran__impurity_radiation_5 DEBUG    _invoke_service(): sendEvent  ('_IPS_MONITOR', 'PORTAL_EVENT', {'sim_name': 'fastran_FPP_000001', 'real_sim_name': 'fastran_FPP_000001', 'portal_data': {'code': 'fastran__impurity_radiation', 'eventtype': 'IPS_STAGE_STATE', 'ok': True, 'walltime': '27.35', 'time': '2026-04-28|07:38:59PDT', 'trace': {'timestamp': 1777387139771324, 'duration': 22594, 'localEndpoint': {'serviceName': 'stage_state'}, 'name': "['s000001.00001', 'g000001.00001', 'i000001.00001']", 'id': '71885aecf25d7412', 'parentId': '1a9b8874f301cc93', 'tags': {}}, 'state': 'Running', 'comment': 'Elapsed time = 0.023  files = s000001.00001 g000001.00001 i000001.00001 Success'}})
2026-04-28 07:38:59,805 fastran__impurity_radiation_5 DEBUG    _get_service_response(REQUEST|fastran_FPP_000001@impurity_radiation@5|FRAMEWORK@Framework@0|2)
2026-04-28 07:38:59,815 fastran__impurity_radiation_5 DEBUG    _get_service_response(REQUEST|fastran_FPP_000001@impurity_radiation@5|FRAMEWORK@Framework@0|2), response = ServiceResponseMessage(sender_id=FRAMEWORK@Framework@0, receiver_id=fastran_FPP_000001@impurity_radiation@5, request_msg_id=REQUEST|fastran_FPP_000001@impurity_radiation@5|FRAMEWORK@Framework@0|2,status=0, args=(None,), message_id=RESPONSE|FRAMEWORK@Framework@0|fastran_FPP_000001@impurity_radiation@5|55)
2026-04-28 07:39:00,027 fastran_driver_fastran_driver_2 DEBUG    _get_service_response(REQUEST|fastran_FPP_000001@fastran_driver@2|FRAMEWORK@Framework@0|27), response = ServiceResponseMessage(sender_id=FRAMEWORK@Framework@0, receiver_id=fastran_FPP_000001@fastran_driver@2, request_msg_id=REQUEST|fastran_FPP_000001@fastran_driver@2|FRAMEWORK@Framework@0|27,status=0, args=((None,),), message_id=RESPONSE|FRAMEWORK@Framework@0|fastran_FPP_000001@fastran_driver@2|57)
2026-04-28 07:39:00,027 fastran_driver_fastran_driver_2 DEBUG    _invoke_service(): getTopic  ('_IPS_MONITOR',)
2026-04-28 07:39:00,027 fastran_driver_fastran_driver_2 DEBUG    _get_service_response(REQUEST|fastran_FPP_000001@fastran_driver@2|FRAMEWORK@Framework@0|28)
2026-04-28 07:39:00,038 fastran_driver_fastran_driver_2 DEBUG    _get_service_response(REQUEST|fastran_FPP_000001@fastran_driver@2|FRAMEWORK@Framework@0|28), response = ServiceResponseMessage(sender_id=FRAMEWORK@Framework@0, receiver_id=fastran_FPP_000001@fastran_driver@2, request_msg_id=REQUEST|fastran_FPP_000001@fastran_driver@2|FRAMEWORK@Framework@0|28,status=0, args=(<ipsframework.cca_es_spec.Topic object at 0x7fbe9a2977f0>,), message_id=RESPONSE|FRAMEWORK@Framework@0|fastran_FPP_000001@fastran_driver@2|58)
2026-04-28 07:39:00,038 fastran_driver_fastran_driver_2 DEBUG    _invoke_service(): sendEvent  ('_IPS_MONITOR', 'PORTAL_EVENT', {'sim_name': 'fastran_FPP_000001', 'real_sim_name': 'fastran_FPP_000001', 'portal_data': {'code': 'fastran_driver_fastran_driver', 'eventtype': 'IPS_CALL_END', 'ok': True, 'walltime': '27.59', 'time': '2026-04-28|07:39:00PDT', 'trace': {'timestamp': 1777387139780905, 'duration': 246964, 'localEndpoint': {'serviceName': 'fastran_FPP_000001@impurity_radiation@5'}, 'name': 'init(0)', 'id': '1a9b8874f301cc93', 'parentId': 'f899e3e5886669ce', 'tags': {}}, 'state': 'Running', 'comment': 'Target = fastran_FPP_000001@impurity_radiation@5:init(0)'}})
2026-04-28 07:39:00,038 fastran_driver_fastran_driver_2 DEBUG    _get_service_response(REQUEST|fastran_FPP_000001@fastran_driver@2|FRAMEWORK@Framework@0|29)
2026-04-28 07:39:00,049 fastran_driver_fastran_driver_2 DEBUG    _get_service_response(REQUEST|fastran_FPP_000001@fastran_driver@2|FRAMEWORK@Framework@0|29), response = ServiceResponseMessage(sender_id=FRAMEWORK@Framework@0, receiver_id=fastran_FPP_000001@fastran_driver@2, request_msg_id=REQUEST|fastran_FPP_000001@fastran_driver@2|FRAMEWORK@Framework@0|29,status=0, args=(None,), message_id=RESPONSE|FRAMEWORK@Framework@0|fastran_FPP_000001@fastran_driver@2|59)
2026-04-28 07:39:00,049 fastran_driver_fastran_driver_2 DEBUG    _invoke_service(): getTopic  ('_IPS_MONITOR',)
2026-04-28 07:39:00,049 fastran_driver_fastran_driver_2 DEBUG    _get_service_response(REQUEST|fastran_FPP_000001@fastran_driver@2|FRAMEWORK@Framework@0|30)
2026-04-28 07:39:00,060 fastran_driver_fastran_driver_2 DEBUG    _get_service_response(REQUEST|fastran_FPP_000001@fastran_driver@2|FRAMEWORK@Framework@0|30), response = ServiceResponseMessage(sender_id=FRAMEWORK@Framework@0, receiver_id=fastran_FPP_000001@fastran_driver@2, request_msg_id=REQUEST|fastran_FPP_000001@fastran_driver@2|FRAMEWORK@Framework@0|30,status=0, args=(<ipsframework.cca_es_spec.Topic object at 0x7fbe9a297850>,), message_id=RESPONSE|FRAMEWORK@Framework@0|fastran_FPP_000001@fastran_driver@2|60)
2026-04-28 07:39:00,060 fastran_driver_fastran_driver_2 DEBUG    _invoke_service(): sendEvent  ('_IPS_MONITOR', 'PORTAL_EVENT', {'sim_name': 'fastran_FPP_000001', 'real_sim_name': 'fastran_FPP_000001', 'portal_data': {'code': 'fastran_driver_fastran_driver', 'eventtype': 'IPS_CALL_BEGIN', 'ok': True, 'walltime': '27.61', 'time': '2026-04-28|07:39:00PDT', 'state': 'Running', 'comment': 'Target = fastran_FPP_000001@hcd_model@6:init(0)'}})
2026-04-28 07:39:00,060 fastran_driver_fastran_driver_2 DEBUG    _get_service_response(REQUEST|fastran_FPP_000001@fastran_driver@2|FRAMEWORK@Framework@0|31)
2026-04-28 07:39:00,071 fastran_driver_fastran_driver_2 DEBUG    _get_service_response(REQUEST|fastran_FPP_000001@fastran_driver@2|FRAMEWORK@Framework@0|31), response = ServiceResponseMessage(sender_id=FRAMEWORK@Framework@0, receiver_id=fastran_FPP_000001@fastran_driver@2, request_msg_id=REQUEST|fastran_FPP_000001@fastran_driver@2|FRAMEWORK@Framework@0|31,status=0, args=(None,), message_id=RESPONSE|FRAMEWORK@Framework@0|fastran_FPP_000001@fastran_driver@2|61)
2026-04-28 07:39:00,071 fastran_driver_fastran_driver_2 DEBUG    _invoke_service(): init_call  ('init', '0')
2026-04-28 07:39:00,071 fastran_driver_fastran_driver_2 DEBUG    _get_service_response(REQUEST|fastran_FPP_000001@fastran_driver@2|FRAMEWORK@Framework@0|32)
2026-04-28 07:39:00,072 fastran_ic_hcd_model_6 DEBUG    Received Message 
2026-04-28 07:39:00,073 fastran_ic_hcd_model_6 DEBUG    Calling method init(0)
2026-04-28 07:39:00,082 fastran_driver_fastran_driver_2 DEBUG    _get_service_response(REQUEST|fastran_FPP_000001@fastran_driver@2|FRAMEWORK@Framework@0|32), response = ServiceResponseMessage(sender_id=FRAMEWORK@Framework@0, receiver_id=fastran_FPP_000001@fastran_driver@2, request_msg_id=REQUEST|fastran_FPP_000001@fastran_driver@2|FRAMEWORK@Framework@0|32,status=0, args=(14,), message_id=RESPONSE|FRAMEWORK@Framework@0|fastran_FPP_000001@fastran_driver@2|62)
2026-04-28 07:39:00,082 fastran_driver_fastran_driver_2 DEBUG    _invoke_service(): wait_call  (14, True)
2026-04-28 07:39:00,083 fastran_driver_fastran_driver_2 DEBUG    _get_service_response(REQUEST|fastran_FPP_000001@fastran_driver@2|FRAMEWORK@Framework@0|33)
2026-04-28 07:39:00,093 fastran_driver_fastran_driver_2 DEBUG    _get_service_response(REQUEST|fastran_FPP_000001@fastran_driver@2|FRAMEWORK@Framework@0|33), response = ServiceResponseMessage(sender_id=FRAMEWORK@Framework@0, receiver_id=fastran_FPP_000001@fastran_driver@2, request_msg_id=REQUEST|fastran_FPP_000001@fastran_driver@2|FRAMEWORK@Framework@0|33,status=0, args=((None,),), message_id=RESPONSE|FRAMEWORK@Framework@0|fastran_FPP_000001@fastran_driver@2|63)
2026-04-28 07:39:00,093 fastran_driver_fastran_driver_2 DEBUG    _invoke_service(): getTopic  ('_IPS_MONITOR',)
2026-04-28 07:39:00,093 fastran_driver_fastran_driver_2 DEBUG    _get_service_response(REQUEST|fastran_FPP_000001@fastran_driver@2|FRAMEWORK@Framework@0|34)
2026-04-28 07:39:00,104 fastran_driver_fastran_driver_2 DEBUG    _get_service_response(REQUEST|fastran_FPP_000001@fastran_driver@2|FRAMEWORK@Framework@0|34), response = ServiceResponseMessage(sender_id=FRAMEWORK@Framework@0, receiver_id=fastran_FPP_000001@fastran_driver@2, request_msg_id=REQUEST|fastran_FPP_000001@fastran_driver@2|FRAMEWORK@Framework@0|34,status=0, args=(<ipsframework.cca_es_spec.Topic object at 0x7fbe9a2977f0>,), message_id=RESPONSE|FRAMEWORK@Framework@0|fastran_FPP_000001@fastran_driver@2|64)
2026-04-28 07:39:00,104 fastran_driver_fastran_driver_2 DEBUG    _invoke_service(): sendEvent  ('_IPS_MONITOR', 'PORTAL_EVENT', {'sim_name': 'fastran_FPP_000001', 'real_sim_name': 'fastran_FPP_000001', 'portal_data': {'code': 'fastran_driver_fastran_driver', 'eventtype': 'IPS_CALL_END', 'ok': True, 'walltime': '27.65', 'time': '2026-04-28|07:39:00PDT', 'trace': {'timestamp': 1777387140082957, 'duration': 10639, 'localEndpoint': {'serviceName': 'fastran_FPP_000001@hcd_model@6'}, 'name': 'init(0)', 'id': '79133d47a6537a4e', 'parentId': 'f899e3e5886669ce', 'tags': {}}, 'state': 'Running', 'comment': 'Target = fastran_FPP_000001@hcd_model@6:init(0)'}})
2026-04-28 07:39:00,104 fastran_driver_fastran_driver_2 DEBUG    _get_service_response(REQUEST|fastran_FPP_000001@fastran_driver@2|FRAMEWORK@Framework@0|35)
2026-04-28 07:39:00,115 fastran_driver_fastran_driver_2 DEBUG    _get_service_response(REQUEST|fastran_FPP_000001@fastran_driver@2|FRAMEWORK@Framework@0|35), response = ServiceResponseMessage(sender_id=FRAMEWORK@Framework@0, receiver_id=fastran_FPP_000001@fastran_driver@2, request_msg_id=REQUEST|fastran_FPP_000001@fastran_driver@2|FRAMEWORK@Framework@0|35,status=0, args=(None,), message_id=RESPONSE|FRAMEWORK@Framework@0|fastran_FPP_000001@fastran_driver@2|65)
2026-04-28 07:39:00,115 fastran_driver_fastran_driver_2 DEBUG    _invoke_service(): getTopic  ('_IPS_MONITOR',)
2026-04-28 07:39:00,116 fastran_driver_fastran_driver_2 DEBUG    _get_service_response(REQUEST|fastran_FPP_000001@fastran_driver@2|FRAMEWORK@Framework@0|36)
2026-04-28 07:39:00,126 fastran_driver_fastran_driver_2 DEBUG    _get_service_response(REQUEST|fastran_FPP_000001@fastran_driver@2|FRAMEWORK@Framework@0|36), response = ServiceResponseMessage(sender_id=FRAMEWORK@Framework@0, receiver_id=fastran_FPP_000001@fastran_driver@2, request_msg_id=REQUEST|fastran_FPP_000001@fastran_driver@2|FRAMEWORK@Framework@0|36,status=0, args=(<ipsframework.cca_es_spec.Topic object at 0x7fbe9a297b80>,), message_id=RESPONSE|FRAMEWORK@Framework@0|fastran_FPP_000001@fastran_driver@2|66)
2026-04-28 07:39:00,126 fastran_driver_fastran_driver_2 DEBUG    _invoke_service(): sendEvent  ('_IPS_MONITOR', 'PORTAL_EVENT', {'sim_name': 'fastran_FPP_000001', 'real_sim_name': 'fastran_FPP_000001', 'portal_data': {'code': 'fastran_driver_fastran_driver', 'eventtype': 'IPS_CALL_BEGIN', 'ok': True, 'walltime': '27.68', 'time': '2026-04-28|07:39:00PDT', 'state': 'Running', 'comment': 'Target = fastran_FPP_000001@efit@7:init(0)'}})
2026-04-28 07:39:00,126 fastran_driver_fastran_driver_2 DEBUG    _get_service_response(REQUEST|fastran_FPP_000001@fastran_driver@2|FRAMEWORK@Framework@0|37)
2026-04-28 07:39:00,137 fastran_driver_fastran_driver_2 DEBUG    _get_service_response(REQUEST|fastran_FPP_000001@fastran_driver@2|FRAMEWORK@Framework@0|37), response = ServiceResponseMessage(sender_id=FRAMEWORK@Framework@0, receiver_id=fastran_FPP_000001@fastran_driver@2, request_msg_id=REQUEST|fastran_FPP_000001@fastran_driver@2|FRAMEWORK@Framework@0|37,status=0, args=(None,), message_id=RESPONSE|FRAMEWORK@Framework@0|fastran_FPP_000001@fastran_driver@2|67)
2026-04-28 07:39:00,137 fastran_driver_fastran_driver_2 DEBUG    _invoke_service(): init_call  ('init', '0')
2026-04-28 07:39:00,137 fastran_driver_fastran_driver_2 DEBUG    _get_service_response(REQUEST|fastran_FPP_000001@fastran_driver@2|FRAMEWORK@Framework@0|38)
2026-04-28 07:39:00,139 fastran_eq_efit_7 DEBUG    Received Message 
2026-04-28 07:39:00,139 fastran_eq_efit_7 DEBUG    Calling method init(0)
2026-04-28 07:39:00,149 fastran_driver_fastran_driver_2 DEBUG    _get_service_response(REQUEST|fastran_FPP_000001@fastran_driver@2|FRAMEWORK@Framework@0|38), response = ServiceResponseMessage(sender_id=FRAMEWORK@Framework@0, receiver_id=fastran_FPP_000001@fastran_driver@2, request_msg_id=REQUEST|fastran_FPP_000001@fastran_driver@2|FRAMEWORK@Framework@0|38,status=0, args=(15,), message_id=RESPONSE|FRAMEWORK@Framework@0|fastran_FPP_000001@fastran_driver@2|68)
2026-04-28 07:39:00,149 fastran_driver_fastran_driver_2 DEBUG    _invoke_service(): wait_call  (15, True)
2026-04-28 07:39:00,149 fastran_driver_fastran_driver_2 DEBUG    _get_service_response(REQUEST|fastran_FPP_000001@fastran_driver@2|FRAMEWORK@Framework@0|39)
2026-04-28 07:39:00,160 fastran_driver_fastran_driver_2 DEBUG    _get_service_response(REQUEST|fastran_FPP_000001@fastran_driver@2|FRAMEWORK@Framework@0|39), response = ServiceResponseMessage(sender_id=FRAMEWORK@Framework@0, receiver_id=fastran_FPP_000001@fastran_driver@2, request_msg_id=REQUEST|fastran_FPP_000001@fastran_driver@2|FRAMEWORK@Framework@0|39,status=0, args=((None,),), message_id=RESPONSE|FRAMEWORK@Framework@0|fastran_FPP_000001@fastran_driver@2|69)
2026-04-28 07:39:00,160 fastran_driver_fastran_driver_2 DEBUG    _invoke_service(): getTopic  ('_IPS_MONITOR',)
2026-04-28 07:39:00,160 fastran_driver_fastran_driver_2 DEBUG    _get_service_response(REQUEST|fastran_FPP_000001@fastran_driver@2|FRAMEWORK@Framework@0|40)
2026-04-28 07:39:00,171 fastran_driver_fastran_driver_2 DEBUG    _get_service_response(REQUEST|fastran_FPP_000001@fastran_driver@2|FRAMEWORK@Framework@0|40), response = ServiceResponseMessage(sender_id=FRAMEWORK@Framework@0, receiver_id=fastran_FPP_000001@fastran_driver@2, request_msg_id=REQUEST|fastran_FPP_000001@fastran_driver@2|FRAMEWORK@Framework@0|40,status=0, args=(<ipsframework.cca_es_spec.Topic object at 0x7fbe9a2977f0>,), message_id=RESPONSE|FRAMEWORK@Framework@0|fastran_FPP_000001@fastran_driver@2|70)
2026-04-28 07:39:00,171 fastran_driver_fastran_driver_2 DEBUG    _invoke_service(): sendEvent  ('_IPS_MONITOR', 'PORTAL_EVENT', {'sim_name': 'fastran_FPP_000001', 'real_sim_name': 'fastran_FPP_000001', 'portal_data': {'code': 'fastran_driver_fastran_driver', 'eventtype': 'IPS_CALL_END', 'ok': True, 'walltime': '27.72', 'time': '2026-04-28|07:39:00PDT', 'trace': {'timestamp': 1777387140149311, 'duration': 10988, 'localEndpoint': {'serviceName': 'fastran_FPP_000001@efit@7'}, 'name': 'init(0)', 'id': '87f19c9b49f8de42', 'parentId': 'f899e3e5886669ce', 'tags': {}}, 'state': 'Running', 'comment': 'Target = fastran_FPP_000001@efit@7:init(0)'}})
2026-04-28 07:39:00,171 fastran_driver_fastran_driver_2 DEBUG    _get_service_response(REQUEST|fastran_FPP_000001@fastran_driver@2|FRAMEWORK@Framework@0|41)
2026-04-28 07:39:00,182 fastran_driver_fastran_driver_2 DEBUG    _get_service_response(REQUEST|fastran_FPP_000001@fastran_driver@2|FRAMEWORK@Framework@0|41), response = ServiceResponseMessage(sender_id=FRAMEWORK@Framework@0, receiver_id=fastran_FPP_000001@fastran_driver@2, request_msg_id=REQUEST|fastran_FPP_000001@fastran_driver@2|FRAMEWORK@Framework@0|41,status=0, args=(None,), message_id=RESPONSE|FRAMEWORK@Framework@0|fastran_FPP_000001@fastran_driver@2|71)
2026-04-28 07:39:00,182 fastran_driver_fastran_driver_2 DEBUG    _invoke_service(): getTopic  ('_IPS_MONITOR',)
2026-04-28 07:39:00,182 fastran_driver_fastran_driver_2 DEBUG    _get_service_response(REQUEST|fastran_FPP_000001@fastran_driver@2|FRAMEWORK@Framework@0|42)
2026-04-28 07:39:00,193 fastran_driver_fastran_driver_2 DEBUG    _get_service_response(REQUEST|fastran_FPP_000001@fastran_driver@2|FRAMEWORK@Framework@0|42), response = ServiceResponseMessage(sender_id=FRAMEWORK@Framework@0, receiver_id=fastran_FPP_000001@fastran_driver@2, request_msg_id=REQUEST|fastran_FPP_000001@fastran_driver@2|FRAMEWORK@Framework@0|42,status=0, args=(<ipsframework.cca_es_spec.Topic object at 0x7fbe9a297850>,), message_id=RESPONSE|FRAMEWORK@Framework@0|fastran_FPP_000001@fastran_driver@2|72)
2026-04-28 07:39:00,193 fastran_driver_fastran_driver_2 DEBUG    _invoke_service(): sendEvent  ('_IPS_MONITOR', 'PORTAL_EVENT', {'sim_name': 'fastran_FPP_000001', 'real_sim_name': 'fastran_FPP_000001', 'portal_data': {'code': 'fastran_driver_fastran_driver', 'eventtype': 'IPS_CALL_BEGIN', 'ok': True, 'walltime': '27.74', 'time': '2026-04-28|07:39:00PDT', 'state': 'Running', 'comment': 'Target = fastran_FPP_000001@fastran@8:init(0)'}})
2026-04-28 07:39:00,193 fastran_driver_fastran_driver_2 DEBUG    _get_service_response(REQUEST|fastran_FPP_000001@fastran_driver@2|FRAMEWORK@Framework@0|43)
2026-04-28 07:39:00,204 fastran_driver_fastran_driver_2 DEBUG    _get_service_response(REQUEST|fastran_FPP_000001@fastran_driver@2|FRAMEWORK@Framework@0|43), response = ServiceResponseMessage(sender_id=FRAMEWORK@Framework@0, receiver_id=fastran_FPP_000001@fastran_driver@2, request_msg_id=REQUEST|fastran_FPP_000001@fastran_driver@2|FRAMEWORK@Framework@0|43,status=0, args=(None,), message_id=RESPONSE|FRAMEWORK@Framework@0|fastran_FPP_000001@fastran_driver@2|73)
2026-04-28 07:39:00,204 fastran_driver_fastran_driver_2 DEBUG    _invoke_service(): init_call  ('init', '0')
2026-04-28 07:39:00,204 fastran_driver_fastran_driver_2 DEBUG    _get_service_response(REQUEST|fastran_FPP_000001@fastran_driver@2|FRAMEWORK@Framework@0|44)
2026-04-28 07:39:00,205 fastran_tr_fastran_8 DEBUG    Received Message 
2026-04-28 07:39:00,205 fastran_tr_fastran_8 DEBUG    Calling method init(0)
2026-04-28 07:39:00,215 fastran_driver_fastran_driver_2 DEBUG    _get_service_response(REQUEST|fastran_FPP_000001@fastran_driver@2|FRAMEWORK@Framework@0|44), response = ServiceResponseMessage(sender_id=FRAMEWORK@Framework@0, receiver_id=fastran_FPP_000001@fastran_driver@2, request_msg_id=REQUEST|fastran_FPP_000001@fastran_driver@2|FRAMEWORK@Framework@0|44,status=0, args=(16,), message_id=RESPONSE|FRAMEWORK@Framework@0|fastran_FPP_000001@fastran_driver@2|74)
2026-04-28 07:39:00,215 fastran_driver_fastran_driver_2 DEBUG    _invoke_service(): wait_call  (16, True)
2026-04-28 07:39:00,215 fastran_driver_fastran_driver_2 DEBUG    _get_service_response(REQUEST|fastran_FPP_000001@fastran_driver@2|FRAMEWORK@Framework@0|45)
2026-04-28 07:39:00,226 fastran_driver_fastran_driver_2 DEBUG    _get_service_response(REQUEST|fastran_FPP_000001@fastran_driver@2|FRAMEWORK@Framework@0|45), response = ServiceResponseMessage(sender_id=FRAMEWORK@Framework@0, receiver_id=fastran_FPP_000001@fastran_driver@2, request_msg_id=REQUEST|fastran_FPP_000001@fastran_driver@2|FRAMEWORK@Framework@0|45,status=0, args=((None,),), message_id=RESPONSE|FRAMEWORK@Framework@0|fastran_FPP_000001@fastran_driver@2|75)
2026-04-28 07:39:00,226 fastran_driver_fastran_driver_2 DEBUG    _invoke_service(): getTopic  ('_IPS_MONITOR',)
2026-04-28 07:39:00,226 fastran_driver_fastran_driver_2 DEBUG    _get_service_response(REQUEST|fastran_FPP_000001@fastran_driver@2|FRAMEWORK@Framework@0|46)
2026-04-28 07:39:00,237 fastran_driver_fastran_driver_2 DEBUG    _get_service_response(REQUEST|fastran_FPP_000001@fastran_driver@2|FRAMEWORK@Framework@0|46), response = ServiceResponseMessage(sender_id=FRAMEWORK@Framework@0, receiver_id=fastran_FPP_000001@fastran_driver@2, request_msg_id=REQUEST|fastran_FPP_000001@fastran_driver@2|FRAMEWORK@Framework@0|46,status=0, args=(<ipsframework.cca_es_spec.Topic object at 0x7fbe9a2977f0>,), message_id=RESPONSE|FRAMEWORK@Framework@0|fastran_FPP_000001@fastran_driver@2|76)
2026-04-28 07:39:00,237 fastran_driver_fastran_driver_2 DEBUG    _invoke_service(): sendEvent  ('_IPS_MONITOR', 'PORTAL_EVENT', {'sim_name': 'fastran_FPP_000001', 'real_sim_name': 'fastran_FPP_000001', 'portal_data': {'code': 'fastran_driver_fastran_driver', 'eventtype': 'IPS_CALL_END', 'ok': True, 'walltime': '27.79', 'time': '2026-04-28|07:39:00PDT', 'trace': {'timestamp': 1777387140215743, 'duration': 10742, 'localEndpoint': {'serviceName': 'fastran_FPP_000001@fastran@8'}, 'name': 'init(0)', 'id': '3832a100988b6d1f', 'parentId': 'f899e3e5886669ce', 'tags': {}}, 'state': 'Running', 'comment': 'Target = fastran_FPP_000001@fastran@8:init(0)'}})
2026-04-28 07:39:00,237 fastran_driver_fastran_driver_2 DEBUG    _get_service_response(REQUEST|fastran_FPP_000001@fastran_driver@2|FRAMEWORK@Framework@0|47)
2026-04-28 07:39:00,248 fastran_driver_fastran_driver_2 DEBUG    _get_service_response(REQUEST|fastran_FPP_000001@fastran_driver@2|FRAMEWORK@Framework@0|47), response = ServiceResponseMessage(sender_id=FRAMEWORK@Framework@0, receiver_id=fastran_FPP_000001@fastran_driver@2, request_msg_id=REQUEST|fastran_FPP_000001@fastran_driver@2|FRAMEWORK@Framework@0|47,status=0, args=(None,), message_id=RESPONSE|FRAMEWORK@Framework@0|fastran_FPP_000001@fastran_driver@2|77)
2026-04-28 07:39:00,248 fastran_driver_fastran_driver_2 DEBUG    _invoke_service(): stage_state  (['s000001.00001', 'g000001.00001', 'i000001.00001'], '/pscratch/sd/h/hswils/github_repos/MANTA_DBSCANS/RAD_Kr_coronal/SCAN/work/plasma_state', '/pscratch/sd/h/hswils/github_repos/MANTA_DBSCANS/RAD_Kr_coronal/SCAN/work/fastran_driver_fastran_driver_2')
2026-04-28 07:39:00,248 fastran_driver_fastran_driver_2 DEBUG    _get_service_response(REQUEST|fastran_FPP_000001@fastran_driver@2|FRAMEWORK@Framework@0|48)
2026-04-28 07:39:00,269 fastran_driver_fastran_driver_2 DEBUG    _get_service_response(REQUEST|fastran_FPP_000001@fastran_driver@2|FRAMEWORK@Framework@0|48), response = ServiceResponseMessage(sender_id=FRAMEWORK@Framework@0, receiver_id=fastran_FPP_000001@fastran_driver@2, request_msg_id=REQUEST|fastran_FPP_000001@fastran_driver@2|FRAMEWORK@Framework@0|48,status=0, args=(0,), message_id=RESPONSE|FRAMEWORK@Framework@0|fastran_FPP_000001@fastran_driver@2|78)
2026-04-28 07:39:00,269 fastran_driver_fastran_driver_2 DEBUG    _invoke_service(): getTopic  ('_IPS_MONITOR',)
2026-04-28 07:39:00,269 fastran_driver_fastran_driver_2 DEBUG    _get_service_response(REQUEST|fastran_FPP_000001@fastran_driver@2|FRAMEWORK@Framework@0|49)
2026-04-28 07:39:00,280 fastran_driver_fastran_driver_2 DEBUG    _get_service_response(REQUEST|fastran_FPP_000001@fastran_driver@2|FRAMEWORK@Framework@0|49), response = ServiceResponseMessage(sender_id=FRAMEWORK@Framework@0, receiver_id=fastran_FPP_000001@fastran_driver@2, request_msg_id=REQUEST|fastran_FPP_000001@fastran_driver@2|FRAMEWORK@Framework@0|49,status=0, args=(<ipsframework.cca_es_spec.Topic object at 0x7fbe9a2977c0>,), message_id=RESPONSE|FRAMEWORK@Framework@0|fastran_FPP_000001@fastran_driver@2|79)
2026-04-28 07:39:00,280 fastran_driver_fastran_driver_2 DEBUG    _invoke_service(): sendEvent  ('_IPS_MONITOR', 'PORTAL_EVENT', {'sim_name': 'fastran_FPP_000001', 'real_sim_name': 'fastran_FPP_000001', 'portal_data': {'code': 'fastran_driver_fastran_driver', 'eventtype': 'IPS_STAGE_STATE', 'ok': True, 'walltime': '27.83', 'time': '2026-04-28|07:39:00PDT', 'trace': {'timestamp': 1777387140248516, 'duration': 21040, 'localEndpoint': {'serviceName': 'stage_state'}, 'name': "['s000001.00001', 'g000001.00001', 'i000001.00001']", 'id': '71885aecf25d7412', 'parentId': 'f899e3e5886669ce', 'tags': {}}, 'state': 'Running', 'comment': 'Elapsed time = 0.021  files = s000001.00001 g000001.00001 i000001.00001 Success'}})
2026-04-28 07:39:00,280 fastran_driver_fastran_driver_2 DEBUG    _get_service_response(REQUEST|fastran_FPP_000001@fastran_driver@2|FRAMEWORK@Framework@0|50)
2026-04-28 07:39:00,290 fastran_driver_fastran_driver_2 DEBUG    _get_service_response(REQUEST|fastran_FPP_000001@fastran_driver@2|FRAMEWORK@Framework@0|50), response = ServiceResponseMessage(sender_id=FRAMEWORK@Framework@0, receiver_id=fastran_FPP_000001@fastran_driver@2, request_msg_id=REQUEST|fastran_FPP_000001@fastran_driver@2|FRAMEWORK@Framework@0|50,status=0, args=(None,), message_id=RESPONSE|FRAMEWORK@Framework@0|fastran_FPP_000001@fastran_driver@2|80)
2026-04-28 07:39:00,292 fastran_driver_fastran_driver_2 DEBUG    _invoke_service(): getTopic  ('_IPS_MONITOR',)
2026-04-28 07:39:00,292 fastran_driver_fastran_driver_2 DEBUG    _get_service_response(REQUEST|fastran_FPP_000001@fastran_driver@2|FRAMEWORK@Framework@0|51)
2026-04-28 07:39:00,303 fastran_driver_fastran_driver_2 DEBUG    _get_service_response(REQUEST|fastran_FPP_000001@fastran_driver@2|FRAMEWORK@Framework@0|51), response = ServiceResponseMessage(sender_id=FRAMEWORK@Framework@0, receiver_id=fastran_FPP_000001@fastran_driver@2, request_msg_id=REQUEST|fastran_FPP_000001@fastran_driver@2|FRAMEWORK@Framework@0|51,status=0, args=(<ipsframework.cca_es_spec.Topic object at 0x7fbe9a297ca0>,), message_id=RESPONSE|FRAMEWORK@Framework@0|fastran_FPP_000001@fastran_driver@2|81)
2026-04-28 07:39:00,303 fastran_driver_fastran_driver_2 DEBUG    _invoke_service(): sendEvent  ('_IPS_MONITOR', 'PORTAL_EVENT', {'sim_name': 'fastran_FPP_000001', 'real_sim_name': 'fastran_FPP_000001', 'portal_data': {'code': 'fastran_driver_fastran_driver', 'eventtype': 'IPS_STAGE_OUTPUTS', 'ok': True, 'walltime': '27.85', 'time': '2026-04-28|07:39:00PDT', 'trace': {'timestamp': 1777387140290883, 'duration': 1778, 'localEndpoint': {'serviceName': 'stage_output_files'}, 'name': '[]', 'id': 'ed019efe11be26d9', 'parentId': 'f899e3e5886669ce', 'tags': {}}, 'state': 'Running', 'comment': 'Elapsed time = 0.002 Path = /pscratch/sd/h/hswils/github_repos/MANTA_DBSCANS/RAD_Kr_coronal/SCAN/simulation_results/0/components/fastran_driver_fastran_driver_2 Files = []'}})
2026-04-28 07:39:00,303 fastran_driver_fastran_driver_2 DEBUG    _get_service_response(REQUEST|fastran_FPP_000001@fastran_driver@2|FRAMEWORK@Framework@0|52)
2026-04-28 07:39:00,313 fastran_driver_fastran_driver_2 DEBUG    _get_service_response(REQUEST|fastran_FPP_000001@fastran_driver@2|FRAMEWORK@Framework@0|52), response = ServiceResponseMessage(sender_id=FRAMEWORK@Framework@0, receiver_id=fastran_FPP_000001@fastran_driver@2, request_msg_id=REQUEST|fastran_FPP_000001@fastran_driver@2|FRAMEWORK@Framework@0|52,status=0, args=(None,), message_id=RESPONSE|FRAMEWORK@Framework@0|fastran_FPP_000001@fastran_driver@2|82)
2026-04-28 07:39:00,314 fastran_driver_fastran_driver_2 DEBUG    _invoke_service(): getTopic  ('_IPS_MONITOR',)
2026-04-28 07:39:00,314 fastran_driver_fastran_driver_2 DEBUG    _get_service_response(REQUEST|fastran_FPP_000001@fastran_driver@2|FRAMEWORK@Framework@0|53)
2026-04-28 07:39:00,324 fastran_driver_fastran_driver_2 DEBUG    _get_service_response(REQUEST|fastran_FPP_000001@fastran_driver@2|FRAMEWORK@Framework@0|53), response = ServiceResponseMessage(sender_id=FRAMEWORK@Framework@0, receiver_id=fastran_FPP_000001@fastran_driver@2, request_msg_id=REQUEST|fastran_FPP_000001@fastran_driver@2|FRAMEWORK@Framework@0|53,status=0, args=(<ipsframework.cca_es_spec.Topic object at 0x7fbe9a297b50>,), message_id=RESPONSE|FRAMEWORK@Framework@0|fastran_FPP_000001@fastran_driver@2|83)
2026-04-28 07:39:00,325 fastran_driver_fastran_driver_2 DEBUG    _invoke_service(): sendEvent  ('_IPS_MONITOR', 'PORTALBRIDGE_UPDATE_TIMESTAMP', {'sim_name': 'fastran_FPP_000001', 'real_sim_name': 'fastran_FPP_000001', 'portal_data': {'phystimestamp': 'preprocess_0', 'eventtype': 'PORTALBRIDGE_UPDATE_TIMESTAMP'}})
2026-04-28 07:39:00,325 fastran_driver_fastran_driver_2 DEBUG    _get_service_response(REQUEST|fastran_FPP_000001@fastran_driver@2|FRAMEWORK@Framework@0|54)
2026-04-28 07:39:00,335 fastran_driver_fastran_driver_2 DEBUG    _get_service_response(REQUEST|fastran_FPP_000001@fastran_driver@2|FRAMEWORK@Framework@0|54), response = ServiceResponseMessage(sender_id=FRAMEWORK@Framework@0, receiver_id=fastran_FPP_000001@fastran_driver@2, request_msg_id=REQUEST|fastran_FPP_000001@fastran_driver@2|FRAMEWORK@Framework@0|54,status=0, args=(None,), message_id=RESPONSE|FRAMEWORK@Framework@0|fastran_FPP_000001@fastran_driver@2|84)
2026-04-28 07:39:00,335 fastran_driver_fastran_driver_2 DEBUG    _invoke_service(): getTopic  ('_IPS_MONITOR',)
2026-04-28 07:39:00,335 fastran_driver_fastran_driver_2 DEBUG    _get_service_response(REQUEST|fastran_FPP_000001@fastran_driver@2|FRAMEWORK@Framework@0|55)
2026-04-28 07:39:00,346 fastran_driver_fastran_driver_2 DEBUG    _get_service_response(REQUEST|fastran_FPP_000001@fastran_driver@2|FRAMEWORK@Framework@0|55), response = ServiceResponseMessage(sender_id=FRAMEWORK@Framework@0, receiver_id=fastran_FPP_000001@fastran_driver@2, request_msg_id=REQUEST|fastran_FPP_000001@fastran_driver@2|FRAMEWORK@Framework@0|55,status=0, args=(<ipsframework.cca_es_spec.Topic object at 0x7fbe9a297ca0>,), message_id=RESPONSE|FRAMEWORK@Framework@0|fastran_FPP_000001@fastran_driver@2|85)
2026-04-28 07:39:00,346 fastran_driver_fastran_driver_2 DEBUG    _invoke_service(): sendEvent  ('_IPS_MONITOR', 'PORTAL_EVENT', {'sim_name': 'fastran_FPP_000001', 'real_sim_name': 'fastran_FPP_000001', 'portal_data': {'code': 'fastran_driver_fastran_driver', 'eventtype': 'IPS_UPDATE_TIME_STAMP', 'ok': True, 'walltime': '27.89', 'time': '2026-04-28|07:39:00PDT', 'state': 'Running', 'comment': 'Timestamp = preprocess_0'}})
2026-04-28 07:39:00,346 fastran_driver_fastran_driver_2 DEBUG    _get_service_response(REQUEST|fastran_FPP_000001@fastran_driver@2|FRAMEWORK@Framework@0|56)
2026-04-28 07:39:00,357 fastran_driver_fastran_driver_2 DEBUG    _get_service_response(REQUEST|fastran_FPP_000001@fastran_driver@2|FRAMEWORK@Framework@0|56), response = ServiceResponseMessage(sender_id=FRAMEWORK@Framework@0, receiver_id=fastran_FPP_000001@fastran_driver@2, request_msg_id=REQUEST|fastran_FPP_000001@fastran_driver@2|FRAMEWORK@Framework@0|56,status=0, args=(None,), message_id=RESPONSE|FRAMEWORK@Framework@0|fastran_FPP_000001@fastran_driver@2|86)
2026-04-28 07:39:00,357 fastran_driver_fastran_driver_2 DEBUG    _invoke_service(): getTopic  ('_IPS_MONITOR',)
2026-04-28 07:39:00,357 fastran_driver_fastran_driver_2 DEBUG    _get_service_response(REQUEST|fastran_FPP_000001@fastran_driver@2|FRAMEWORK@Framework@0|57)
2026-04-28 07:39:00,368 fastran_driver_fastran_driver_2 DEBUG    _get_service_response(REQUEST|fastran_FPP_000001@fastran_driver@2|FRAMEWORK@Framework@0|57), response = ServiceResponseMessage(sender_id=FRAMEWORK@Framework@0, receiver_id=fastran_FPP_000001@fastran_driver@2, request_msg_id=REQUEST|fastran_FPP_000001@fastran_driver@2|FRAMEWORK@Framework@0|57,status=0, args=(<ipsframework.cca_es_spec.Topic object at 0x7fbe9a2977c0>,), message_id=RESPONSE|FRAMEWORK@Framework@0|fastran_FPP_000001@fastran_driver@2|87)
2026-04-28 07:39:00,368 fastran_driver_fastran_driver_2 DEBUG    _invoke_service(): sendEvent  ('_IPS_MONITOR', 'PORTAL_EVENT', {'sim_name': 'fastran_FPP_000001', 'real_sim_name': 'fastran_FPP_000001', 'portal_data': {'code': 'fastran_driver_fastran_driver', 'eventtype': 'IPS_CALL_BEGIN', 'ok': True, 'walltime': '27.92', 'time': '2026-04-28|07:39:00PDT', 'state': 'Running', 'comment': 'Target = fastran_FPP_000001@efit@3:step(preprocess_0)'}})
2026-04-28 07:39:00,368 fastran_driver_fastran_driver_2 DEBUG    _get_service_response(REQUEST|fastran_FPP_000001@fastran_driver@2|FRAMEWORK@Framework@0|58)
2026-04-28 07:39:00,379 fastran_driver_fastran_driver_2 DEBUG    _get_service_response(REQUEST|fastran_FPP_000001@fastran_driver@2|FRAMEWORK@Framework@0|58), response = ServiceResponseMessage(sender_id=FRAMEWORK@Framework@0, receiver_id=fastran_FPP_000001@fastran_driver@2, request_msg_id=REQUEST|fastran_FPP_000001@fastran_driver@2|FRAMEWORK@Framework@0|58,status=0, args=(None,), message_id=RESPONSE|FRAMEWORK@Framework@0|fastran_FPP_000001@fastran_driver@2|88)
2026-04-28 07:39:00,379 fastran_driver_fastran_driver_2 DEBUG    _invoke_service(): init_call  ('step', 'preprocess_0')
2026-04-28 07:39:00,379 fastran_driver_fastran_driver_2 DEBUG    _get_service_response(REQUEST|fastran_FPP_000001@fastran_driver@2|FRAMEWORK@Framework@0|59)
2026-04-28 07:39:00,380 fastran_eq0_efit_3 DEBUG    Received Message 
2026-04-28 07:39:00,380 fastran_eq0_efit_3 DEBUG    Calling method step(preprocess_0)
2026-04-28 07:39:00,380 fastran_eq0_efit_3 DEBUG    _invoke_service(): stage_state  (['s000001.00001', 'g000001.00001', 'i000001.00001'], '/pscratch/sd/h/hswils/github_repos/MANTA_DBSCANS/RAD_Kr_coronal/SCAN/work/plasma_state', '/pscratch/sd/h/hswils/github_repos/MANTA_DBSCANS/RAD_Kr_coronal/SCAN/work/fastran_eq0_efit_3')
2026-04-28 07:39:00,380 fastran_eq0_efit_3 DEBUG    _get_service_response(REQUEST|fastran_FPP_000001@efit@3|FRAMEWORK@Framework@0|6)
2026-04-28 07:39:00,390 fastran_driver_fastran_driver_2 DEBUG    _get_service_response(REQUEST|fastran_FPP_000001@fastran_driver@2|FRAMEWORK@Framework@0|59), response = ServiceResponseMessage(sender_id=FRAMEWORK@Framework@0, receiver_id=fastran_FPP_000001@fastran_driver@2, request_msg_id=REQUEST|fastran_FPP_000001@fastran_driver@2|FRAMEWORK@Framework@0|59,status=0, args=(17,), message_id=RESPONSE|FRAMEWORK@Framework@0|fastran_FPP_000001@fastran_driver@2|89)
2026-04-28 07:39:00,390 fastran_driver_fastran_driver_2 DEBUG    _invoke_service(): wait_call  (17, True)
2026-04-28 07:39:00,390 fastran_driver_fastran_driver_2 DEBUG    _get_service_response(REQUEST|fastran_FPP_000001@fastran_driver@2|FRAMEWORK@Framework@0|60)
2026-04-28 07:39:00,401 fastran_eq0_efit_3 DEBUG    _get_service_response(REQUEST|fastran_FPP_000001@efit@3|FRAMEWORK@Framework@0|6), response = ServiceResponseMessage(sender_id=FRAMEWORK@Framework@0, receiver_id=fastran_FPP_000001@efit@3, request_msg_id=REQUEST|fastran_FPP_000001@efit@3|FRAMEWORK@Framework@0|6,status=0, args=(0,), message_id=RESPONSE|FRAMEWORK@Framework@0|fastran_FPP_000001@efit@3|90)
2026-04-28 07:39:00,401 fastran_eq0_efit_3 DEBUG    _invoke_service(): getTopic  ('_IPS_MONITOR',)
2026-04-28 07:39:00,402 fastran_eq0_efit_3 DEBUG    _get_service_response(REQUEST|fastran_FPP_000001@efit@3|FRAMEWORK@Framework@0|7)
2026-04-28 07:39:00,412 fastran_eq0_efit_3 DEBUG    _get_service_response(REQUEST|fastran_FPP_000001@efit@3|FRAMEWORK@Framework@0|7), response = ServiceResponseMessage(sender_id=FRAMEWORK@Framework@0, receiver_id=fastran_FPP_000001@efit@3, request_msg_id=REQUEST|fastran_FPP_000001@efit@3|FRAMEWORK@Framework@0|7,status=0, args=(<ipsframework.cca_es_spec.Topic object at 0x7fbe9a29f790>,), message_id=RESPONSE|FRAMEWORK@Framework@0|fastran_FPP_000001@efit@3|91)
2026-04-28 07:39:00,412 fastran_eq0_efit_3 DEBUG    _invoke_service(): sendEvent  ('_IPS_MONITOR', 'PORTAL_EVENT', {'sim_name': 'fastran_FPP_000001', 'real_sim_name': 'fastran_FPP_000001', 'portal_data': {'code': 'fastran_eq0_efit', 'eventtype': 'IPS_STAGE_STATE', 'ok': True, 'walltime': '27.96', 'time': '2026-04-28|07:39:00PDT', 'trace': {'timestamp': 1777387140380465, 'duration': 21478, 'localEndpoint': {'serviceName': 'stage_state'}, 'name': "['s000001.00001', 'g000001.00001', 'i000001.00001']", 'id': '71885aecf25d7412', 'parentId': '6bdb4f9fe7725998', 'tags': {}}, 'state': 'Running', 'comment': 'Elapsed time = 0.021  files = s000001.00001 g000001.00001 i000001.00001 Success'}})
2026-04-28 07:39:00,412 fastran_eq0_efit_3 DEBUG    _get_service_response(REQUEST|fastran_FPP_000001@efit@3|FRAMEWORK@Framework@0|8)
2026-04-28 07:39:00,423 fastran_eq0_efit_3 DEBUG    _get_service_response(REQUEST|fastran_FPP_000001@efit@3|FRAMEWORK@Framework@0|8), response = ServiceResponseMessage(sender_id=FRAMEWORK@Framework@0, receiver_id=fastran_FPP_000001@efit@3, request_msg_id=REQUEST|fastran_FPP_000001@efit@3|FRAMEWORK@Framework@0|8,status=0, args=(None,), message_id=RESPONSE|FRAMEWORK@Framework@0|fastran_FPP_000001@efit@3|92)
2026-04-28 07:39:14,890 fastran_eq0_efit_3 DEBUG    _invoke_service(): update_state  (['s000001.00001', 'g000001.00001', 'i000001.00001'], '/pscratch/sd/h/hswils/github_repos/MANTA_DBSCANS/RAD_Kr_coronal/SCAN/work/fastran_eq0_efit_3', '/pscratch/sd/h/hswils/github_repos/MANTA_DBSCANS/RAD_Kr_coronal/SCAN/work/plasma_state')
2026-04-28 07:39:14,891 fastran_eq0_efit_3 DEBUG    _get_service_response(REQUEST|fastran_FPP_000001@efit@3|FRAMEWORK@Framework@0|9)
2026-04-28 07:39:14,913 fastran_eq0_efit_3 DEBUG    _get_service_response(REQUEST|fastran_FPP_000001@efit@3|FRAMEWORK@Framework@0|9), response = ServiceResponseMessage(sender_id=FRAMEWORK@Framework@0, receiver_id=fastran_FPP_000001@efit@3, request_msg_id=REQUEST|fastran_FPP_000001@efit@3|FRAMEWORK@Framework@0|9,status=0, args=(0,), message_id=RESPONSE|FRAMEWORK@Framework@0|fastran_FPP_000001@efit@3|122)
2026-04-28 07:39:14,913 fastran_eq0_efit_3 DEBUG    _invoke_service(): getTopic  ('_IPS_MONITOR',)
2026-04-28 07:39:14,913 fastran_eq0_efit_3 DEBUG    _get_service_response(REQUEST|fastran_FPP_000001@efit@3|FRAMEWORK@Framework@0|10)
2026-04-28 07:39:14,924 fastran_eq0_efit_3 DEBUG    _get_service_response(REQUEST|fastran_FPP_000001@efit@3|FRAMEWORK@Framework@0|10), response = ServiceResponseMessage(sender_id=FRAMEWORK@Framework@0, receiver_id=fastran_FPP_000001@efit@3, request_msg_id=REQUEST|fastran_FPP_000001@efit@3|FRAMEWORK@Framework@0|10,status=0, args=(<ipsframework.cca_es_spec.Topic object at 0x7fbe9a29fb50>,), message_id=RESPONSE|FRAMEWORK@Framework@0|fastran_FPP_000001@efit@3|123)
2026-04-28 07:39:14,924 fastran_eq0_efit_3 DEBUG    _invoke_service(): sendEvent  ('_IPS_MONITOR', 'PORTAL_EVENT', {'sim_name': 'fastran_FPP_000001', 'real_sim_name': 'fastran_FPP_000001', 'portal_data': {'code': 'fastran_eq0_efit', 'eventtype': 'IPS_UPDATE_STATE', 'ok': True, 'walltime': '42.47', 'time': '2026-04-28|07:39:14PDT', 'trace': {'timestamp': 1777387154890280, 'duration': 23263, 'localEndpoint': {'serviceName': 'update_state'}, 'name': "['s000001.00001', 'g000001.00001', 'i000001.00001']", 'id': '7629e189a66153c0', 'parentId': '6bdb4f9fe7725998', 'tags': {}}, 'state': 'Running', 'comment': 'Elapsed time = 0.023   files = s000001.00001 g000001.00001 i000001.00001 Success'}})
2026-04-28 07:39:14,924 fastran_eq0_efit_3 DEBUG    _get_service_response(REQUEST|fastran_FPP_000001@efit@3|FRAMEWORK@Framework@0|11)
2026-04-28 07:39:14,935 fastran_eq0_efit_3 DEBUG    _get_service_response(REQUEST|fastran_FPP_000001@efit@3|FRAMEWORK@Framework@0|11), response = ServiceResponseMessage(sender_id=FRAMEWORK@Framework@0, receiver_id=fastran_FPP_000001@efit@3, request_msg_id=REQUEST|fastran_FPP_000001@efit@3|FRAMEWORK@Framework@0|11,status=0, args=(None,), message_id=RESPONSE|FRAMEWORK@Framework@0|fastran_FPP_000001@efit@3|124)
2026-04-28 07:39:14,962 fastran_eq0_efit_3 DEBUG    _invoke_service(): getTopic  ('_IPS_MONITOR',)
2026-04-28 07:39:14,962 fastran_eq0_efit_3 DEBUG    _get_service_response(REQUEST|fastran_FPP_000001@efit@3|FRAMEWORK@Framework@0|12)
2026-04-28 07:39:14,973 fastran_eq0_efit_3 DEBUG    _get_service_response(REQUEST|fastran_FPP_000001@efit@3|FRAMEWORK@Framework@0|12), response = ServiceResponseMessage(sender_id=FRAMEWORK@Framework@0, receiver_id=fastran_FPP_000001@efit@3, request_msg_id=REQUEST|fastran_FPP_000001@efit@3|FRAMEWORK@Framework@0|12,status=0, args=(<ipsframework.cca_es_spec.Topic object at 0x7fbe9a29fcd0>,), message_id=RESPONSE|FRAMEWORK@Framework@0|fastran_FPP_000001@efit@3|125)
2026-04-28 07:39:14,973 fastran_eq0_efit_3 DEBUG    _invoke_service(): sendEvent  ('_IPS_MONITOR', 'PORTAL_EVENT', {'sim_name': 'fastran_FPP_000001', 'real_sim_name': 'fastran_FPP_000001', 'portal_data': {'code': 'fastran_eq0_efit', 'eventtype': 'IPS_STAGE_OUTPUTS', 'ok': True, 'walltime': '42.52', 'time': '2026-04-28|07:39:14PDT', 'trace': {'timestamp': 1777387154935266, 'duration': 26937, 'localEndpoint': {'serviceName': 'stage_output_files'}, 'name': "['g*.*', 'a*.*', 'm*.*', 'k*.*', 'efit.log', 's*.*']", 'id': '80725d8eee5776f1', 'parentId': '6bdb4f9fe7725998', 'tags': {}}, 'state': 'Running', 'comment': "Elapsed time = 0.027 Path = /pscratch/sd/h/hswils/github_repos/MANTA_DBSCANS/RAD_Kr_coronal/SCAN/simulation_results/preprocess_0/components/fastran_eq0_efit_3 Files = ['g*.*', 'a*.*', 'm*.*', 'k*.*', 'efit.log', 's*.*']"}})
2026-04-28 07:39:14,973 fastran_eq0_efit_3 DEBUG    _get_service_response(REQUEST|fastran_FPP_000001@efit@3|FRAMEWORK@Framework@0|13)
2026-04-28 07:39:14,984 fastran_eq0_efit_3 DEBUG    _get_service_response(REQUEST|fastran_FPP_000001@efit@3|FRAMEWORK@Framework@0|13), response = ServiceResponseMessage(sender_id=FRAMEWORK@Framework@0, receiver_id=fastran_FPP_000001@efit@3, request_msg_id=REQUEST|fastran_FPP_000001@efit@3|FRAMEWORK@Framework@0|13,status=0, args=(None,), message_id=RESPONSE|FRAMEWORK@Framework@0|fastran_FPP_000001@efit@3|126)
2026-04-28 07:39:14,995 fastran_driver_fastran_driver_2 DEBUG    _get_service_response(REQUEST|fastran_FPP_000001@fastran_driver@2|FRAMEWORK@Framework@0|60), response = ServiceResponseMessage(sender_id=FRAMEWORK@Framework@0, receiver_id=fastran_FPP_000001@fastran_driver@2, request_msg_id=REQUEST|fastran_FPP_000001@fastran_driver@2|FRAMEWORK@Framework@0|60,status=0, args=((None,),), message_id=RESPONSE|FRAMEWORK@Framework@0|fastran_FPP_000001@fastran_driver@2|127)
2026-04-28 07:39:14,995 fastran_driver_fastran_driver_2 DEBUG    _invoke_service(): getTopic  ('_IPS_MONITOR',)
2026-04-28 07:39:14,995 fastran_driver_fastran_driver_2 DEBUG    _get_service_response(REQUEST|fastran_FPP_000001@fastran_driver@2|FRAMEWORK@Framework@0|61)
2026-04-28 07:39:15,006 fastran_driver_fastran_driver_2 DEBUG    _get_service_response(REQUEST|fastran_FPP_000001@fastran_driver@2|FRAMEWORK@Framework@0|61), response = ServiceResponseMessage(sender_id=FRAMEWORK@Framework@0, receiver_id=fastran_FPP_000001@fastran_driver@2, request_msg_id=REQUEST|fastran_FPP_000001@fastran_driver@2|FRAMEWORK@Framework@0|61,status=0, args=(<ipsframework.cca_es_spec.Topic object at 0x7fbe9a297bb0>,), message_id=RESPONSE|FRAMEWORK@Framework@0|fastran_FPP_000001@fastran_driver@2|128)
2026-04-28 07:39:15,006 fastran_driver_fastran_driver_2 DEBUG    _invoke_service(): sendEvent  ('_IPS_MONITOR', 'PORTAL_EVENT', {'sim_name': 'fastran_FPP_000001', 'real_sim_name': 'fastran_FPP_000001', 'portal_data': {'code': 'fastran_driver_fastran_driver', 'eventtype': 'IPS_CALL_END', 'ok': True, 'walltime': '42.56', 'time': '2026-04-28|07:39:14PDT', 'trace': {'timestamp': 1777387140390250, 'duration': 14605582, 'localEndpoint': {'serviceName': 'fastran_FPP_000001@efit@3'}, 'name': 'step(preprocess_0)', 'id': '6bdb4f9fe7725998', 'parentId': 'f899e3e5886669ce', 'tags': {}}, 'state': 'Running', 'comment': 'Target = fastran_FPP_000001@efit@3:step(preprocess_0)'}})
2026-04-28 07:39:15,006 fastran_driver_fastran_driver_2 DEBUG    _get_service_response(REQUEST|fastran_FPP_000001@fastran_driver@2|FRAMEWORK@Framework@0|62)
2026-04-28 07:39:15,017 fastran_driver_fastran_driver_2 DEBUG    _get_service_response(REQUEST|fastran_FPP_000001@fastran_driver@2|FRAMEWORK@Framework@0|62), response = ServiceResponseMessage(sender_id=FRAMEWORK@Framework@0, receiver_id=fastran_FPP_000001@fastran_driver@2, request_msg_id=REQUEST|fastran_FPP_000001@fastran_driver@2|FRAMEWORK@Framework@0|62,status=0, args=(None,), message_id=RESPONSE|FRAMEWORK@Framework@0|fastran_FPP_000001@fastran_driver@2|129)
2026-04-28 07:39:15,017 fastran_driver_fastran_driver_2 DEBUG    _invoke_service(): getTopic  ('_IPS_MONITOR',)
2026-04-28 07:39:15,017 fastran_driver_fastran_driver_2 DEBUG    _get_service_response(REQUEST|fastran_FPP_000001@fastran_driver@2|FRAMEWORK@Framework@0|63)
2026-04-28 07:39:15,027 fastran_driver_fastran_driver_2 DEBUG    _get_service_response(REQUEST|fastran_FPP_000001@fastran_driver@2|FRAMEWORK@Framework@0|63), response = ServiceResponseMessage(sender_id=FRAMEWORK@Framework@0, receiver_id=fastran_FPP_000001@fastran_driver@2, request_msg_id=REQUEST|fastran_FPP_000001@fastran_driver@2|FRAMEWORK@Framework@0|63,status=0, args=(<ipsframework.cca_es_spec.Topic object at 0x7fbe9a297df0>,), message_id=RESPONSE|FRAMEWORK@Framework@0|fastran_FPP_000001@fastran_driver@2|130)
2026-04-28 07:39:15,027 fastran_driver_fastran_driver_2 DEBUG    _invoke_service(): sendEvent  ('_IPS_MONITOR', 'PORTAL_EVENT', {'sim_name': 'fastran_FPP_000001', 'real_sim_name': 'fastran_FPP_000001', 'portal_data': {'code': 'fastran_driver_fastran_driver', 'eventtype': 'IPS_CALL_BEGIN', 'ok': True, 'walltime': '42.58', 'time': '2026-04-28|07:39:15PDT', 'state': 'Running', 'comment': 'Target = fastran_FPP_000001@fastran@4:step(preprocess_0)'}})
2026-04-28 07:39:15,028 fastran_driver_fastran_driver_2 DEBUG    _get_service_response(REQUEST|fastran_FPP_000001@fastran_driver@2|FRAMEWORK@Framework@0|64)
2026-04-28 07:39:15,038 fastran_driver_fastran_driver_2 DEBUG    _get_service_response(REQUEST|fastran_FPP_000001@fastran_driver@2|FRAMEWORK@Framework@0|64), response = ServiceResponseMessage(sender_id=FRAMEWORK@Framework@0, receiver_id=fastran_FPP_000001@fastran_driver@2, request_msg_id=REQUEST|fastran_FPP_000001@fastran_driver@2|FRAMEWORK@Framework@0|64,status=0, args=(None,), message_id=RESPONSE|FRAMEWORK@Framework@0|fastran_FPP_000001@fastran_driver@2|131)
2026-04-28 07:39:15,038 fastran_driver_fastran_driver_2 DEBUG    _invoke_service(): init_call  ('step', 'preprocess_0')
2026-04-28 07:39:15,038 fastran_driver_fastran_driver_2 DEBUG    _get_service_response(REQUEST|fastran_FPP_000001@fastran_driver@2|FRAMEWORK@Framework@0|65)
2026-04-28 07:39:15,039 fastran_tr0_fastran_4 DEBUG    Received Message 
2026-04-28 07:39:15,039 fastran_tr0_fastran_4 DEBUG    Calling method step(preprocess_0)
2026-04-28 07:39:15,039 fastran_tr0_fastran_4 DEBUG    _invoke_service(): stage_state  (['s000001.00001', 'g000001.00001', 'i000001.00001'], '/pscratch/sd/h/hswils/github_repos/MANTA_DBSCANS/RAD_Kr_coronal/SCAN/work/plasma_state', '/pscratch/sd/h/hswils/github_repos/MANTA_DBSCANS/RAD_Kr_coronal/SCAN/work/fastran_tr0_fastran_4')
2026-04-28 07:39:15,040 fastran_tr0_fastran_4 DEBUG    _get_service_response(REQUEST|fastran_FPP_000001@fastran@4|FRAMEWORK@Framework@0|0)
2026-04-28 07:39:15,049 fastran_driver_fastran_driver_2 DEBUG    _get_service_response(REQUEST|fastran_FPP_000001@fastran_driver@2|FRAMEWORK@Framework@0|65), response = ServiceResponseMessage(sender_id=FRAMEWORK@Framework@0, receiver_id=fastran_FPP_000001@fastran_driver@2, request_msg_id=REQUEST|fastran_FPP_000001@fastran_driver@2|FRAMEWORK@Framework@0|65,status=0, args=(18,), message_id=RESPONSE|FRAMEWORK@Framework@0|fastran_FPP_000001@fastran_driver@2|132)
2026-04-28 07:39:15,049 fastran_driver_fastran_driver_2 DEBUG    _invoke_service(): wait_call  (18, True)
2026-04-28 07:39:15,049 fastran_driver_fastran_driver_2 DEBUG    _get_service_response(REQUEST|fastran_FPP_000001@fastran_driver@2|FRAMEWORK@Framework@0|66)
2026-04-28 07:39:15,061 fastran_tr0_fastran_4 DEBUG    _get_service_response(REQUEST|fastran_FPP_000001@fastran@4|FRAMEWORK@Framework@0|0), response = ServiceResponseMessage(sender_id=FRAMEWORK@Framework@0, receiver_id=fastran_FPP_000001@fastran@4, request_msg_id=REQUEST|fastran_FPP_000001@fastran@4|FRAMEWORK@Framework@0|0,status=0, args=(0,), message_id=RESPONSE|FRAMEWORK@Framework@0|fastran_FPP_000001@fastran@4|133)
2026-04-28 07:39:15,062 fastran_tr0_fastran_4 DEBUG    _invoke_service(): getTopic  ('_IPS_MONITOR',)
2026-04-28 07:39:15,062 fastran_tr0_fastran_4 DEBUG    _get_service_response(REQUEST|fastran_FPP_000001@fastran@4|FRAMEWORK@Framework@0|1)
2026-04-28 07:39:15,073 fastran_tr0_fastran_4 DEBUG    _get_service_response(REQUEST|fastran_FPP_000001@fastran@4|FRAMEWORK@Framework@0|1), response = ServiceResponseMessage(sender_id=FRAMEWORK@Framework@0, receiver_id=fastran_FPP_000001@fastran@4, request_msg_id=REQUEST|fastran_FPP_000001@fastran@4|FRAMEWORK@Framework@0|1,status=0, args=(<ipsframework.cca_es_spec.Topic object at 0x7fbe9a220940>,), message_id=RESPONSE|FRAMEWORK@Framework@0|fastran_FPP_000001@fastran@4|134)
2026-04-28 07:39:15,073 fastran_tr0_fastran_4 DEBUG    _invoke_service(): sendEvent  ('_IPS_MONITOR', 'PORTAL_EVENT', {'sim_name': 'fastran_FPP_000001', 'real_sim_name': 'fastran_FPP_000001', 'portal_data': {'code': 'fastran_tr0_fastran', 'eventtype': 'IPS_STAGE_STATE', 'ok': True, 'walltime': '42.62', 'time': '2026-04-28|07:39:15PDT', 'trace': {'timestamp': 1777387155039724, 'duration': 21943, 'localEndpoint': {'serviceName': 'stage_state'}, 'name': "['s000001.00001', 'g000001.00001', 'i000001.00001']", 'id': '71885aecf25d7412', 'parentId': 'dc94d487f5ccfee0', 'tags': {}}, 'state': 'Running', 'comment': 'Elapsed time = 0.022  files = s000001.00001 g000001.00001 i000001.00001 Success'}})
2026-04-28 07:39:15,073 fastran_tr0_fastran_4 DEBUG    _get_service_response(REQUEST|fastran_FPP_000001@fastran@4|FRAMEWORK@Framework@0|2)
2026-04-28 07:39:15,084 fastran_tr0_fastran_4 DEBUG    _get_service_response(REQUEST|fastran_FPP_000001@fastran@4|FRAMEWORK@Framework@0|2), response = ServiceResponseMessage(sender_id=FRAMEWORK@Framework@0, receiver_id=fastran_FPP_000001@fastran@4, request_msg_id=REQUEST|fastran_FPP_000001@fastran@4|FRAMEWORK@Framework@0|2,status=0, args=(None,), message_id=RESPONSE|FRAMEWORK@Framework@0|fastran_FPP_000001@fastran@4|135)
2026-04-28 07:39:15,093 fastran_tr0_fastran_4 DEBUG    _invoke_service(): getTopic  ('_IPS_MONITOR',)
2026-04-28 07:39:15,093 fastran_tr0_fastran_4 DEBUG    _get_service_response(REQUEST|fastran_FPP_000001@fastran@4|FRAMEWORK@Framework@0|3)
2026-04-28 07:39:15,103 fastran_tr0_fastran_4 DEBUG    _get_service_response(REQUEST|fastran_FPP_000001@fastran@4|FRAMEWORK@Framework@0|3), response = ServiceResponseMessage(sender_id=FRAMEWORK@Framework@0, receiver_id=fastran_FPP_000001@fastran@4, request_msg_id=REQUEST|fastran_FPP_000001@fastran@4|FRAMEWORK@Framework@0|3,status=0, args=(<ipsframework.cca_es_spec.Topic object at 0x7fbe9a2206a0>,), message_id=RESPONSE|FRAMEWORK@Framework@0|fastran_FPP_000001@fastran@4|136)
2026-04-28 07:39:15,103 fastran_tr0_fastran_4 DEBUG    _invoke_service(): sendEvent  ('_IPS_MONITOR', 'PORTAL_EVENT', {'sim_name': 'fastran_FPP_000001', 'real_sim_name': 'fastran_FPP_000001', 'portal_data': {'code': 'fastran_tr0_fastran', 'eventtype': 'IPS_STAGE_INPUTS', 'ok': True, 'walltime': '42.65', 'time': '2026-04-28|07:39:15PDT', 'trace': {'timestamp': 1777387155084634, 'duration': 8709, 'localEndpoint': {'serviceName': 'stage_input_files'}, 'name': 'infastran0 intglf', 'id': 'dca1af508bf5af99', 'parentId': 'dc94d487f5ccfee0', 'tags': {}}, 'state': 'Running', 'comment': 'Elapsed time = 0.009 Path = /pscratch/sd/h/hswils/github_repos/MANTA_DBSCANS/RAD_Kr_coronal/input Files = infastran0 intglf'}})
2026-04-28 07:39:15,104 fastran_tr0_fastran_4 DEBUG    _get_service_response(REQUEST|fastran_FPP_000001@fastran@4|FRAMEWORK@Framework@0|4)
2026-04-28 07:39:15,114 fastran_tr0_fastran_4 DEBUG    _get_service_response(REQUEST|fastran_FPP_000001@fastran@4|FRAMEWORK@Framework@0|4), response = ServiceResponseMessage(sender_id=FRAMEWORK@Framework@0, receiver_id=fastran_FPP_000001@fastran@4, request_msg_id=REQUEST|fastran_FPP_000001@fastran@4|FRAMEWORK@Framework@0|4,status=0, args=(None,), message_id=RESPONSE|FRAMEWORK@Framework@0|fastran_FPP_000001@fastran@4|137)
2026-04-28 07:39:15,341 fastran_tr0_fastran_4 DEBUG    _invoke_service(): init_task  (TaskInit(nproc=1, binary='/global/common/software/atom/perlmutter/binaries/fastran/default/xfastran_ver1.07', working_dir='/pscratch/sd/h/hswils/github_repos/MANTA_DBSCANS/RAD_Kr_coronal/SCAN/work/fastran_tr0_fastran_4', tppn=0, tcpp=0, tgpp=0, block=True, omp=False, wnodes=True, wsocks=True, cmd_args=('1', '1')),)
2026-04-28 07:39:15,341 fastran_tr0_fastran_4 DEBUG    _get_service_response(REQUEST|fastran_FPP_000001@fastran@4|FRAMEWORK@Framework@0|5)
2026-04-28 07:39:15,352 fastran_tr0_fastran_4 DEBUG    _get_service_response(REQUEST|fastran_FPP_000001@fastran@4|FRAMEWORK@Framework@0|5), response = ServiceResponseMessage(sender_id=FRAMEWORK@Framework@0, receiver_id=fastran_FPP_000001@fastran@4, request_msg_id=REQUEST|fastran_FPP_000001@fastran@4|FRAMEWORK@Framework@0|5,status=0, args=((1, 'srun -N 1 -n 1 -c 128 --threads-per-core=1 --cpu-bind=cores /global/common/software/atom/perlmutter/binaries/fastran/default/xfastran_ver1.07 1 1', None, 128),), message_id=RESPONSE|FRAMEWORK@Framework@0|fastran_FPP_000001@fastran@4|138)
2026-04-28 07:39:15,353 fastran_tr0_fastran_4 DEBUG    Launching command : srun -N 1 -n 1 -c 128 --threads-per-core=1 --cpu-bind=cores /global/common/software/atom/perlmutter/binaries/fastran/default/xfastran_ver1.07 1 1
2026-04-28 07:39:15,408 fastran_tr0_fastran_4 DEBUG    _invoke_service(): getTopic  ('_IPS_MONITOR',)
2026-04-28 07:39:15,408 fastran_tr0_fastran_4 DEBUG    _get_service_response(REQUEST|fastran_FPP_000001@fastran@4|FRAMEWORK@Framework@0|6)
2026-04-28 07:39:15,419 fastran_tr0_fastran_4 DEBUG    _get_service_response(REQUEST|fastran_FPP_000001@fastran@4|FRAMEWORK@Framework@0|6), response = ServiceResponseMessage(sender_id=FRAMEWORK@Framework@0, receiver_id=fastran_FPP_000001@fastran@4, request_msg_id=REQUEST|fastran_FPP_000001@fastran@4|FRAMEWORK@Framework@0|6,status=0, args=(<ipsframework.cca_es_spec.Topic object at 0x7fbe9a220880>,), message_id=RESPONSE|FRAMEWORK@Framework@0|fastran_FPP_000001@fastran@4|140)
2026-04-28 07:39:15,419 fastran_tr0_fastran_4 DEBUG    _invoke_service(): sendEvent  ('_IPS_MONITOR', 'PORTAL_EVENT', {'sim_name': 'fastran_FPP_000001', 'real_sim_name': 'fastran_FPP_000001', 'portal_data': {'code': 'fastran_tr0_fastran', 'eventtype': 'IPS_LAUNCH_TASK', 'ok': True, 'walltime': '42.97', 'time': '2026-04-28|07:39:15PDT', 'state': 'Running', 'comment': 'task_id = 1 , Tag = None , nproc = 1 , Target = srun -N 1 -n 1 -c 128 --threads-per-core=1 --cpu-bind=cores /global/common/software/atom/perlmutter/binaries/fastran/default/xfastran_ver1.07 1 1'}})
2026-04-28 07:39:15,419 fastran_tr0_fastran_4 DEBUG    _get_service_response(REQUEST|fastran_FPP_000001@fastran@4|FRAMEWORK@Framework@0|7)
2026-04-28 07:39:15,430 fastran_tr0_fastran_4 DEBUG    _get_service_response(REQUEST|fastran_FPP_000001@fastran@4|FRAMEWORK@Framework@0|7), response = ServiceResponseMessage(sender_id=FRAMEWORK@Framework@0, receiver_id=fastran_FPP_000001@fastran@4, request_msg_id=REQUEST|fastran_FPP_000001@fastran@4|FRAMEWORK@Framework@0|7,status=0, args=(None,), message_id=RESPONSE|FRAMEWORK@Framework@0|fastran_FPP_000001@fastran@4|141)
2026-04-28 07:39:16,889 fastran_tr0_fastran_4 DEBUG    _invoke_service(): getTopic  ('_IPS_MONITOR',)
2026-04-28 07:39:16,889 fastran_tr0_fastran_4 DEBUG    _get_service_response(REQUEST|fastran_FPP_000001@fastran@4|FRAMEWORK@Framework@0|8)
2026-04-28 07:39:16,900 fastran_tr0_fastran_4 DEBUG    _get_service_response(REQUEST|fastran_FPP_000001@fastran@4|FRAMEWORK@Framework@0|8), response = ServiceResponseMessage(sender_id=FRAMEWORK@Framework@0, receiver_id=fastran_FPP_000001@fastran@4, request_msg_id=REQUEST|fastran_FPP_000001@fastran@4|FRAMEWORK@Framework@0|8,status=0, args=(<ipsframework.cca_es_spec.Topic object at 0x7fbe9a220e20>,), message_id=RESPONSE|FRAMEWORK@Framework@0|fastran_FPP_000001@fastran@4|145)
2026-04-28 07:39:16,900 fastran_tr0_fastran_4 DEBUG    _invoke_service(): sendEvent  ('_IPS_MONITOR', 'PORTAL_EVENT', {'sim_name': 'fastran_FPP_000001', 'real_sim_name': 'fastran_FPP_000001', 'portal_data': {'code': 'fastran_tr0_fastran', 'eventtype': 'IPS_TASK_END', 'ok': True, 'walltime': '44.45', 'time': '2026-04-28|07:39:16PDT', 'trace': {'timestamp': 1777387155408271, 'duration': 1481307, 'localEndpoint': {'serviceName': '/global/common/software/atom/perlmutter/binaries/fastran/default/xfastran_ver1.07'}, 'name': '1 1', 'id': '9f56dce9f2ad0f49', 'parentId': 'dc94d487f5ccfee0', 'tags': {'procs_requested': '1', 'cores_allocated': '128'}}, 'state': 'Running', 'comment': 'task_id = 1  elapsed time = 1.48 S'}})
2026-04-28 07:39:16,900 fastran_tr0_fastran_4 DEBUG    _get_service_response(REQUEST|fastran_FPP_000001@fastran@4|FRAMEWORK@Framework@0|9)
2026-04-28 07:39:16,911 fastran_tr0_fastran_4 DEBUG    _get_service_response(REQUEST|fastran_FPP_000001@fastran@4|FRAMEWORK@Framework@0|9), response = ServiceResponseMessage(sender_id=FRAMEWORK@Framework@0, receiver_id=fastran_FPP_000001@fastran@4, request_msg_id=REQUEST|fastran_FPP_000001@fastran@4|FRAMEWORK@Framework@0|9,status=0, args=(None,), message_id=RESPONSE|FRAMEWORK@Framework@0|fastran_FPP_000001@fastran@4|146)
2026-04-28 07:39:16,911 fastran_tr0_fastran_4 DEBUG    _invoke_service(): finish_task  (1, 0)
2026-04-28 07:39:16,911 fastran_tr0_fastran_4 DEBUG    _get_service_response(REQUEST|fastran_FPP_000001@fastran@4|FRAMEWORK@Framework@0|10)
2026-04-28 07:39:16,922 fastran_tr0_fastran_4 DEBUG    _get_service_response(REQUEST|fastran_FPP_000001@fastran@4|FRAMEWORK@Framework@0|10), response = ServiceResponseMessage(sender_id=FRAMEWORK@Framework@0, receiver_id=fastran_FPP_000001@fastran@4, request_msg_id=REQUEST|fastran_FPP_000001@fastran@4|FRAMEWORK@Framework@0|10,status=0, args=(0,), message_id=RESPONSE|FRAMEWORK@Framework@0|fastran_FPP_000001@fastran@4|147)
2026-04-28 07:39:17,171 fastran_tr0_fastran_4 DEBUG    _invoke_service(): update_state  (['s000001.00001', 'g000001.00001', 'i000001.00001'], '/pscratch/sd/h/hswils/github_repos/MANTA_DBSCANS/RAD_Kr_coronal/SCAN/work/fastran_tr0_fastran_4', '/pscratch/sd/h/hswils/github_repos/MANTA_DBSCANS/RAD_Kr_coronal/SCAN/work/plasma_state')
2026-04-28 07:39:17,172 fastran_tr0_fastran_4 DEBUG    _get_service_response(REQUEST|fastran_FPP_000001@fastran@4|FRAMEWORK@Framework@0|11)
2026-04-28 07:39:17,192 fastran_tr0_fastran_4 DEBUG    _get_service_response(REQUEST|fastran_FPP_000001@fastran@4|FRAMEWORK@Framework@0|11), response = ServiceResponseMessage(sender_id=FRAMEWORK@Framework@0, receiver_id=fastran_FPP_000001@fastran@4, request_msg_id=REQUEST|fastran_FPP_000001@fastran@4|FRAMEWORK@Framework@0|11,status=0, args=(0,), message_id=RESPONSE|FRAMEWORK@Framework@0|fastran_FPP_000001@fastran@4|148)
2026-04-28 07:39:17,192 fastran_tr0_fastran_4 DEBUG    _invoke_service(): getTopic  ('_IPS_MONITOR',)
2026-04-28 07:39:17,192 fastran_tr0_fastran_4 DEBUG    _get_service_response(REQUEST|fastran_FPP_000001@fastran@4|FRAMEWORK@Framework@0|12)
2026-04-28 07:39:17,203 fastran_tr0_fastran_4 DEBUG    _get_service_response(REQUEST|fastran_FPP_000001@fastran@4|FRAMEWORK@Framework@0|12), response = ServiceResponseMessage(sender_id=FRAMEWORK@Framework@0, receiver_id=fastran_FPP_000001@fastran@4, request_msg_id=REQUEST|fastran_FPP_000001@fastran@4|FRAMEWORK@Framework@0|12,status=0, args=(<ipsframework.cca_es_spec.Topic object at 0x7fbe9a29de50>,), message_id=RESPONSE|FRAMEWORK@Framework@0|fastran_FPP_000001@fastran@4|149)
2026-04-28 07:39:17,203 fastran_tr0_fastran_4 DEBUG    _invoke_service(): sendEvent  ('_IPS_MONITOR', 'PORTAL_EVENT', {'sim_name': 'fastran_FPP_000001', 'real_sim_name': 'fastran_FPP_000001', 'portal_data': {'code': 'fastran_tr0_fastran', 'eventtype': 'IPS_UPDATE_STATE', 'ok': True, 'walltime': '44.75', 'time': '2026-04-28|07:39:17PDT', 'trace': {'timestamp': 1777387157171741, 'duration': 20604, 'localEndpoint': {'serviceName': 'update_state'}, 'name': "['s000001.00001', 'g000001.00001', 'i000001.00001']", 'id': '7629e189a66153c0', 'parentId': 'dc94d487f5ccfee0', 'tags': {}}, 'state': 'Running', 'comment': 'Elapsed time = 0.021   files = s000001.00001 g000001.00001 i000001.00001 Success'}})
2026-04-28 07:39:17,203 fastran_tr0_fastran_4 DEBUG    _get_service_response(REQUEST|fastran_FPP_000001@fastran@4|FRAMEWORK@Framework@0|13)
2026-04-28 07:39:17,213 fastran_tr0_fastran_4 DEBUG    _get_service_response(REQUEST|fastran_FPP_000001@fastran@4|FRAMEWORK@Framework@0|13), response = ServiceResponseMessage(sender_id=FRAMEWORK@Framework@0, receiver_id=fastran_FPP_000001@fastran@4, request_msg_id=REQUEST|fastran_FPP_000001@fastran@4|FRAMEWORK@Framework@0|13,status=0, args=(None,), message_id=RESPONSE|FRAMEWORK@Framework@0|fastran_FPP_000001@fastran@4|150)
2026-04-28 07:39:17,231 fastran_tr0_fastran_4 DEBUG    _invoke_service(): getTopic  ('_IPS_MONITOR',)
2026-04-28 07:39:17,231 fastran_tr0_fastran_4 DEBUG    _get_service_response(REQUEST|fastran_FPP_000001@fastran@4|FRAMEWORK@Framework@0|14)
2026-04-28 07:39:17,242 fastran_tr0_fastran_4 DEBUG    _get_service_response(REQUEST|fastran_FPP_000001@fastran@4|FRAMEWORK@Framework@0|14), response = ServiceResponseMessage(sender_id=FRAMEWORK@Framework@0, receiver_id=fastran_FPP_000001@fastran@4, request_msg_id=REQUEST|fastran_FPP_000001@fastran@4|FRAMEWORK@Framework@0|14,status=0, args=(<ipsframework.cca_es_spec.Topic object at 0x7fbe9a238280>,), message_id=RESPONSE|FRAMEWORK@Framework@0|fastran_FPP_000001@fastran@4|151)
2026-04-28 07:39:17,242 fastran_tr0_fastran_4 DEBUG    _invoke_service(): sendEvent  ('_IPS_MONITOR', 'PORTAL_EVENT', {'sim_name': 'fastran_FPP_000001', 'real_sim_name': 'fastran_FPP_000001', 'portal_data': {'code': 'fastran_tr0_fastran', 'eventtype': 'IPS_STAGE_OUTPUTS', 'ok': True, 'walltime': '44.79', 'time': '2026-04-28|07:39:17PDT', 'trace': {'timestamp': 1777387157213829, 'duration': 17819, 'localEndpoint': {'serviceName': 'stage_output_files'}, 'name': "['fastran.nc', 'inprof', 'inmetric', 'infastran', 'intglf', 'xfastran.log', 'i000001.00001']", 'id': '7349cfaaafc33980', 'parentId': 'dc94d487f5ccfee0', 'tags': {}}, 'state': 'Running', 'comment': "Elapsed time = 0.018 Path = /pscratch/sd/h/hswils/github_repos/MANTA_DBSCANS/RAD_Kr_coronal/SCAN/simulation_results/preprocess_0/components/fastran_tr0_fastran_4 Files = ['fastran.nc', 'inprof', 'inmetric', 'infastran', 'intglf', 'xfastran.log', 'i000001.00001']"}})
2026-04-28 07:39:17,242 fastran_tr0_fastran_4 DEBUG    _get_service_response(REQUEST|fastran_FPP_000001@fastran@4|FRAMEWORK@Framework@0|15)
2026-04-28 07:39:17,252 fastran_tr0_fastran_4 DEBUG    _get_service_response(REQUEST|fastran_FPP_000001@fastran@4|FRAMEWORK@Framework@0|15), response = ServiceResponseMessage(sender_id=FRAMEWORK@Framework@0, receiver_id=fastran_FPP_000001@fastran@4, request_msg_id=REQUEST|fastran_FPP_000001@fastran@4|FRAMEWORK@Framework@0|15,status=0, args=(None,), message_id=RESPONSE|FRAMEWORK@Framework@0|fastran_FPP_000001@fastran@4|152)
2026-04-28 07:39:17,263 fastran_driver_fastran_driver_2 DEBUG    _get_service_response(REQUEST|fastran_FPP_000001@fastran_driver@2|FRAMEWORK@Framework@0|66), response = ServiceResponseMessage(sender_id=FRAMEWORK@Framework@0, receiver_id=fastran_FPP_000001@fastran_driver@2, request_msg_id=REQUEST|fastran_FPP_000001@fastran_driver@2|FRAMEWORK@Framework@0|66,status=0, args=((None,),), message_id=RESPONSE|FRAMEWORK@Framework@0|fastran_FPP_000001@fastran_driver@2|153)
2026-04-28 07:39:17,263 fastran_driver_fastran_driver_2 DEBUG    _invoke_service(): getTopic  ('_IPS_MONITOR',)
2026-04-28 07:39:17,263 fastran_driver_fastran_driver_2 DEBUG    _get_service_response(REQUEST|fastran_FPP_000001@fastran_driver@2|FRAMEWORK@Framework@0|67)
2026-04-28 07:39:17,274 fastran_driver_fastran_driver_2 DEBUG    _get_service_response(REQUEST|fastran_FPP_000001@fastran_driver@2|FRAMEWORK@Framework@0|67), response = ServiceResponseMessage(sender_id=FRAMEWORK@Framework@0, receiver_id=fastran_FPP_000001@fastran_driver@2, request_msg_id=REQUEST|fastran_FPP_000001@fastran_driver@2|FRAMEWORK@Framework@0|67,status=0, args=(<ipsframework.cca_es_spec.Topic object at 0x7fbe9a297be0>,), message_id=RESPONSE|FRAMEWORK@Framework@0|fastran_FPP_000001@fastran_driver@2|154)
2026-04-28 07:39:17,274 fastran_driver_fastran_driver_2 DEBUG    _invoke_service(): sendEvent  ('_IPS_MONITOR', 'PORTAL_EVENT', {'sim_name': 'fastran_FPP_000001', 'real_sim_name': 'fastran_FPP_000001', 'portal_data': {'code': 'fastran_driver_fastran_driver', 'eventtype': 'IPS_CALL_END', 'ok': True, 'walltime': '44.82', 'time': '2026-04-28|07:39:17PDT', 'trace': {'timestamp': 1777387155049386, 'duration': 2214353, 'localEndpoint': {'serviceName': 'fastran_FPP_000001@fastran@4'}, 'name': 'step(preprocess_0)', 'id': 'dc94d487f5ccfee0', 'parentId': 'f899e3e5886669ce', 'tags': {}}, 'state': 'Running', 'comment': 'Target = fastran_FPP_000001@fastran@4:step(preprocess_0)'}})
2026-04-28 07:39:17,274 fastran_driver_fastran_driver_2 DEBUG    _get_service_response(REQUEST|fastran_FPP_000001@fastran_driver@2|FRAMEWORK@Framework@0|68)
2026-04-28 07:39:17,285 fastran_driver_fastran_driver_2 DEBUG    _get_service_response(REQUEST|fastran_FPP_000001@fastran_driver@2|FRAMEWORK@Framework@0|68), response = ServiceResponseMessage(sender_id=FRAMEWORK@Framework@0, receiver_id=fastran_FPP_000001@fastran_driver@2, request_msg_id=REQUEST|fastran_FPP_000001@fastran_driver@2|FRAMEWORK@Framework@0|68,status=0, args=(None,), message_id=RESPONSE|FRAMEWORK@Framework@0|fastran_FPP_000001@fastran_driver@2|155)
2026-04-28 07:39:17,286 fastran_driver_fastran_driver_2 DEBUG    _invoke_service(): getTopic  ('_IPS_MONITOR',)
2026-04-28 07:39:17,286 fastran_driver_fastran_driver_2 DEBUG    _get_service_response(REQUEST|fastran_FPP_000001@fastran_driver@2|FRAMEWORK@Framework@0|69)
2026-04-28 07:39:17,297 fastran_driver_fastran_driver_2 DEBUG    _get_service_response(REQUEST|fastran_FPP_000001@fastran_driver@2|FRAMEWORK@Framework@0|69), response = ServiceResponseMessage(sender_id=FRAMEWORK@Framework@0, receiver_id=fastran_FPP_000001@fastran_driver@2, request_msg_id=REQUEST|fastran_FPP_000001@fastran_driver@2|FRAMEWORK@Framework@0|69,status=0, args=(<ipsframework.cca_es_spec.Topic object at 0x7fbe9a2977c0>,), message_id=RESPONSE|FRAMEWORK@Framework@0|fastran_FPP_000001@fastran_driver@2|156)
2026-04-28 07:39:17,297 fastran_driver_fastran_driver_2 DEBUG    _invoke_service(): sendEvent  ('_IPS_MONITOR', 'PORTALBRIDGE_UPDATE_TIMESTAMP', {'sim_name': 'fastran_FPP_000001', 'real_sim_name': 'fastran_FPP_000001', 'portal_data': {'phystimestamp': 0, 'eventtype': 'PORTALBRIDGE_UPDATE_TIMESTAMP'}})
2026-04-28 07:39:17,297 fastran_driver_fastran_driver_2 DEBUG    _get_service_response(REQUEST|fastran_FPP_000001@fastran_driver@2|FRAMEWORK@Framework@0|70)
2026-04-28 07:39:17,308 fastran_driver_fastran_driver_2 DEBUG    _get_service_response(REQUEST|fastran_FPP_000001@fastran_driver@2|FRAMEWORK@Framework@0|70), response = ServiceResponseMessage(sender_id=FRAMEWORK@Framework@0, receiver_id=fastran_FPP_000001@fastran_driver@2, request_msg_id=REQUEST|fastran_FPP_000001@fastran_driver@2|FRAMEWORK@Framework@0|70,status=0, args=(None,), message_id=RESPONSE|FRAMEWORK@Framework@0|fastran_FPP_000001@fastran_driver@2|157)
2026-04-28 07:39:17,308 fastran_driver_fastran_driver_2 DEBUG    _invoke_service(): getTopic  ('_IPS_MONITOR',)
2026-04-28 07:39:17,308 fastran_driver_fastran_driver_2 DEBUG    _get_service_response(REQUEST|fastran_FPP_000001@fastran_driver@2|FRAMEWORK@Framework@0|71)
2026-04-28 07:39:17,319 fastran_driver_fastran_driver_2 DEBUG    _get_service_response(REQUEST|fastran_FPP_000001@fastran_driver@2|FRAMEWORK@Framework@0|71), response = ServiceResponseMessage(sender_id=FRAMEWORK@Framework@0, receiver_id=fastran_FPP_000001@fastran_driver@2, request_msg_id=REQUEST|fastran_FPP_000001@fastran_driver@2|FRAMEWORK@Framework@0|71,status=0, args=(<ipsframework.cca_es_spec.Topic object at 0x7fbe9a297be0>,), message_id=RESPONSE|FRAMEWORK@Framework@0|fastran_FPP_000001@fastran_driver@2|158)
2026-04-28 07:39:17,319 fastran_driver_fastran_driver_2 DEBUG    _invoke_service(): sendEvent  ('_IPS_MONITOR', 'PORTAL_EVENT', {'sim_name': 'fastran_FPP_000001', 'real_sim_name': 'fastran_FPP_000001', 'portal_data': {'code': 'fastran_driver_fastran_driver', 'eventtype': 'IPS_UPDATE_TIME_STAMP', 'ok': True, 'walltime': '44.87', 'time': '2026-04-28|07:39:17PDT', 'state': 'Running', 'comment': 'Timestamp = 0'}})
2026-04-28 07:39:17,319 fastran_driver_fastran_driver_2 DEBUG    _get_service_response(REQUEST|fastran_FPP_000001@fastran_driver@2|FRAMEWORK@Framework@0|72)
2026-04-28 07:39:17,330 fastran_driver_fastran_driver_2 DEBUG    _get_service_response(REQUEST|fastran_FPP_000001@fastran_driver@2|FRAMEWORK@Framework@0|72), response = ServiceResponseMessage(sender_id=FRAMEWORK@Framework@0, receiver_id=fastran_FPP_000001@fastran_driver@2, request_msg_id=REQUEST|fastran_FPP_000001@fastran_driver@2|FRAMEWORK@Framework@0|72,status=0, args=(None,), message_id=RESPONSE|FRAMEWORK@Framework@0|fastran_FPP_000001@fastran_driver@2|159)
2026-04-28 07:39:17,330 fastran_driver_fastran_driver_2 DEBUG    _invoke_service(): getTopic  ('_IPS_MONITOR',)
2026-04-28 07:39:17,330 fastran_driver_fastran_driver_2 DEBUG    _get_service_response(REQUEST|fastran_FPP_000001@fastran_driver@2|FRAMEWORK@Framework@0|73)
2026-04-28 07:39:17,341 fastran_driver_fastran_driver_2 DEBUG    _get_service_response(REQUEST|fastran_FPP_000001@fastran_driver@2|FRAMEWORK@Framework@0|73), response = ServiceResponseMessage(sender_id=FRAMEWORK@Framework@0, receiver_id=fastran_FPP_000001@fastran_driver@2, request_msg_id=REQUEST|fastran_FPP_000001@fastran_driver@2|FRAMEWORK@Framework@0|73,status=0, args=(<ipsframework.cca_es_spec.Topic object at 0x7fbe9a297d30>,), message_id=RESPONSE|FRAMEWORK@Framework@0|fastran_FPP_000001@fastran_driver@2|160)
2026-04-28 07:39:17,341 fastran_driver_fastran_driver_2 DEBUG    _invoke_service(): sendEvent  ('_IPS_MONITOR', 'PORTAL_EVENT', {'sim_name': 'fastran_FPP_000001', 'real_sim_name': 'fastran_FPP_000001', 'portal_data': {'code': 'fastran_driver_fastran_driver', 'eventtype': 'IPS_CALL_BEGIN', 'ok': True, 'walltime': '44.89', 'time': '2026-04-28|07:39:17PDT', 'state': 'Running', 'comment': 'Target = fastran_FPP_000001@impurity_radiation@5:step(0)'}})
2026-04-28 07:39:17,341 fastran_driver_fastran_driver_2 DEBUG    _get_service_response(REQUEST|fastran_FPP_000001@fastran_driver@2|FRAMEWORK@Framework@0|74)
2026-04-28 07:39:17,352 fastran_driver_fastran_driver_2 DEBUG    _get_service_response(REQUEST|fastran_FPP_000001@fastran_driver@2|FRAMEWORK@Framework@0|74), response = ServiceResponseMessage(sender_id=FRAMEWORK@Framework@0, receiver_id=fastran_FPP_000001@fastran_driver@2, request_msg_id=REQUEST|fastran_FPP_000001@fastran_driver@2|FRAMEWORK@Framework@0|74,status=0, args=(None,), message_id=RESPONSE|FRAMEWORK@Framework@0|fastran_FPP_000001@fastran_driver@2|161)
2026-04-28 07:39:17,352 fastran_driver_fastran_driver_2 DEBUG    _invoke_service(): init_call  ('step', 0)
2026-04-28 07:39:17,352 fastran_driver_fastran_driver_2 DEBUG    _get_service_response(REQUEST|fastran_FPP_000001@fastran_driver@2|FRAMEWORK@Framework@0|75)
2026-04-28 07:39:17,353 fastran__impurity_radiation_5 DEBUG    Received Message 
2026-04-28 07:39:17,353 fastran__impurity_radiation_5 DEBUG    Calling method step(0)
2026-04-28 07:39:17,354 fastran__impurity_radiation_5 DEBUG    _invoke_service(): stage_state  (['s000001.00001', 'g000001.00001', 'i000001.00001'], '/pscratch/sd/h/hswils/github_repos/MANTA_DBSCANS/RAD_Kr_coronal/SCAN/work/plasma_state', '/pscratch/sd/h/hswils/github_repos/MANTA_DBSCANS/RAD_Kr_coronal/SCAN/work/fastran__impurity_radiation_5')
2026-04-28 07:39:17,354 fastran__impurity_radiation_5 DEBUG    _get_service_response(REQUEST|fastran_FPP_000001@impurity_radiation@5|FRAMEWORK@Framework@0|3)
2026-04-28 07:39:17,363 fastran_driver_fastran_driver_2 DEBUG    _get_service_response(REQUEST|fastran_FPP_000001@fastran_driver@2|FRAMEWORK@Framework@0|75), response = ServiceResponseMessage(sender_id=FRAMEWORK@Framework@0, receiver_id=fastran_FPP_000001@fastran_driver@2, request_msg_id=REQUEST|fastran_FPP_000001@fastran_driver@2|FRAMEWORK@Framework@0|75,status=0, args=(19,), message_id=RESPONSE|FRAMEWORK@Framework@0|fastran_FPP_000001@fastran_driver@2|162)
2026-04-28 07:39:17,363 fastran_driver_fastran_driver_2 DEBUG    _invoke_service(): wait_call  (19, True)
2026-04-28 07:39:17,363 fastran_driver_fastran_driver_2 DEBUG    _get_service_response(REQUEST|fastran_FPP_000001@fastran_driver@2|FRAMEWORK@Framework@0|76)
2026-04-28 07:39:17,374 fastran__impurity_radiation_5 DEBUG    _get_service_response(REQUEST|fastran_FPP_000001@impurity_radiation@5|FRAMEWORK@Framework@0|3), response = ServiceResponseMessage(sender_id=FRAMEWORK@Framework@0, receiver_id=fastran_FPP_000001@impurity_radiation@5, request_msg_id=REQUEST|fastran_FPP_000001@impurity_radiation@5|FRAMEWORK@Framework@0|3,status=0, args=(0,), message_id=RESPONSE|FRAMEWORK@Framework@0|fastran_FPP_000001@impurity_radiation@5|163)
2026-04-28 07:39:17,375 fastran__impurity_radiation_5 DEBUG    _invoke_service(): getTopic  ('_IPS_MONITOR',)
2026-04-28 07:39:17,375 fastran__impurity_radiation_5 DEBUG    _get_service_response(REQUEST|fastran_FPP_000001@impurity_radiation@5|FRAMEWORK@Framework@0|4)
2026-04-28 07:39:17,385 fastran__impurity_radiation_5 DEBUG    _get_service_response(REQUEST|fastran_FPP_000001@impurity_radiation@5|FRAMEWORK@Framework@0|4), response = ServiceResponseMessage(sender_id=FRAMEWORK@Framework@0, receiver_id=fastran_FPP_000001@impurity_radiation@5, request_msg_id=REQUEST|fastran_FPP_000001@impurity_radiation@5|FRAMEWORK@Framework@0|4,status=0, args=(<ipsframework.cca_es_spec.Topic object at 0x7fbe9a22e4f0>,), message_id=RESPONSE|FRAMEWORK@Framework@0|fastran_FPP_000001@impurity_radiation@5|164)
2026-04-28 07:39:17,385 fastran__impurity_radiation_5 DEBUG    _invoke_service(): sendEvent  ('_IPS_MONITOR', 'PORTAL_EVENT', {'sim_name': 'fastran_FPP_000001', 'real_sim_name': 'fastran_FPP_000001', 'portal_data': {'code': 'fastran__impurity_radiation', 'eventtype': 'IPS_STAGE_STATE', 'ok': True, 'walltime': '44.93', 'time': '2026-04-28|07:39:17PDT', 'trace': {'timestamp': 1777387157354077, 'duration': 20900, 'localEndpoint': {'serviceName': 'stage_state'}, 'name': "['s000001.00001', 'g000001.00001', 'i000001.00001']", 'id': '71885aecf25d7412', 'parentId': '6a4482facc9b4129', 'tags': {}}, 'state': 'Running', 'comment': 'Elapsed time = 0.021  files = s000001.00001 g000001.00001 i000001.00001 Success'}})
2026-04-28 07:39:17,385 fastran__impurity_radiation_5 DEBUG    _get_service_response(REQUEST|fastran_FPP_000001@impurity_radiation@5|FRAMEWORK@Framework@0|5)
2026-04-28 07:39:17,396 fastran__impurity_radiation_5 DEBUG    _get_service_response(REQUEST|fastran_FPP_000001@impurity_radiation@5|FRAMEWORK@Framework@0|5), response = ServiceResponseMessage(sender_id=FRAMEWORK@Framework@0, receiver_id=fastran_FPP_000001@impurity_radiation@5, request_msg_id=REQUEST|fastran_FPP_000001@impurity_radiation@5|FRAMEWORK@Framework@0|5,status=0, args=(None,), message_id=RESPONSE|FRAMEWORK@Framework@0|fastran_FPP_000001@impurity_radiation@5|165)
2026-04-28 07:39:17,396 fastran__impurity_radiation_5 DEBUG    _invoke_service(): getTopic  ('_IPS_MONITOR',)
2026-04-28 07:39:17,396 fastran__impurity_radiation_5 DEBUG    _get_service_response(REQUEST|fastran_FPP_000001@impurity_radiation@5|FRAMEWORK@Framework@0|6)
2026-04-28 07:39:17,407 fastran__impurity_radiation_5 DEBUG    _get_service_response(REQUEST|fastran_FPP_000001@impurity_radiation@5|FRAMEWORK@Framework@0|6), response = ServiceResponseMessage(sender_id=FRAMEWORK@Framework@0, receiver_id=fastran_FPP_000001@impurity_radiation@5, request_msg_id=REQUEST|fastran_FPP_000001@impurity_radiation@5|FRAMEWORK@Framework@0|6,status=0, args=(<ipsframework.cca_es_spec.Topic object at 0x7fbe9a22e9a0>,), message_id=RESPONSE|FRAMEWORK@Framework@0|fastran_FPP_000001@impurity_radiation@5|167)
2026-04-28 07:39:17,407 fastran__impurity_radiation_5 DEBUG    _invoke_service(): sendEvent  ('_IPS_MONITOR', 'PORTAL_EVENT', {'sim_name': 'fastran_FPP_000001', 'real_sim_name': 'fastran_FPP_000001', 'portal_data': {'code': 'fastran__impurity_radiation', 'eventtype': 'IPS_STAGE_INPUTS', 'ok': True, 'walltime': '44.96', 'time': '2026-04-28|07:39:17PDT', 'trace': {'timestamp': 1777387157396437, 'duration': 102, 'localEndpoint': {'serviceName': 'stage_input_files'}, 'name': '', 'id': 'e70cb59b389672bf', 'parentId': '6a4482facc9b4129', 'tags': {}}, 'state': 'Running', 'comment': 'Elapsed time = 0.000 Path = /pscratch/sd/h/hswils/github_repos/MANTA_DBSCANS/RAD_Kr_coronal/input Files = '}})
2026-04-28 07:39:17,407 fastran__impurity_radiation_5 DEBUG    _get_service_response(REQUEST|fastran_FPP_000001@impurity_radiation@5|FRAMEWORK@Framework@0|7)
2026-04-28 07:39:17,417 fastran__impurity_radiation_5 DEBUG    _get_service_response(REQUEST|fastran_FPP_000001@impurity_radiation@5|FRAMEWORK@Framework@0|7), response = ServiceResponseMessage(sender_id=FRAMEWORK@Framework@0, receiver_id=fastran_FPP_000001@impurity_radiation@5, request_msg_id=REQUEST|fastran_FPP_000001@impurity_radiation@5|FRAMEWORK@Framework@0|7,status=0, args=(None,), message_id=RESPONSE|FRAMEWORK@Framework@0|fastran_FPP_000001@impurity_radiation@5|168)
2026-04-28 07:39:17,653 fastran__impurity_radiation_5 DEBUG    _invoke_service(): update_state  (['s000001.00001', 'g000001.00001', 'i000001.00001'], '/pscratch/sd/h/hswils/github_repos/MANTA_DBSCANS/RAD_Kr_coronal/SCAN/work/fastran__impurity_radiation_5', '/pscratch/sd/h/hswils/github_repos/MANTA_DBSCANS/RAD_Kr_coronal/SCAN/work/plasma_state')
2026-04-28 07:39:17,653 fastran__impurity_radiation_5 DEBUG    _get_service_response(REQUEST|fastran_FPP_000001@impurity_radiation@5|FRAMEWORK@Framework@0|8)
2026-04-28 07:39:17,673 fastran__impurity_radiation_5 DEBUG    _get_service_response(REQUEST|fastran_FPP_000001@impurity_radiation@5|FRAMEWORK@Framework@0|8), response = ServiceResponseMessage(sender_id=FRAMEWORK@Framework@0, receiver_id=fastran_FPP_000001@impurity_radiation@5, request_msg_id=REQUEST|fastran_FPP_000001@impurity_radiation@5|FRAMEWORK@Framework@0|8,status=0, args=(0,), message_id=RESPONSE|FRAMEWORK@Framework@0|fastran_FPP_000001@impurity_radiation@5|169)
2026-04-28 07:39:17,673 fastran__impurity_radiation_5 DEBUG    _invoke_service(): getTopic  ('_IPS_MONITOR',)
2026-04-28 07:39:17,673 fastran__impurity_radiation_5 DEBUG    _get_service_response(REQUEST|fastran_FPP_000001@impurity_radiation@5|FRAMEWORK@Framework@0|9)
2026-04-28 07:39:17,684 fastran__impurity_radiation_5 DEBUG    _get_service_response(REQUEST|fastran_FPP_000001@impurity_radiation@5|FRAMEWORK@Framework@0|9), response = ServiceResponseMessage(sender_id=FRAMEWORK@Framework@0, receiver_id=fastran_FPP_000001@impurity_radiation@5, request_msg_id=REQUEST|fastran_FPP_000001@impurity_radiation@5|FRAMEWORK@Framework@0|9,status=0, args=(<ipsframework.cca_es_spec.Topic object at 0x7fbe9a22ea00>,), message_id=RESPONSE|FRAMEWORK@Framework@0|fastran_FPP_000001@impurity_radiation@5|170)
2026-04-28 07:39:17,684 fastran__impurity_radiation_5 DEBUG    _invoke_service(): sendEvent  ('_IPS_MONITOR', 'PORTAL_EVENT', {'sim_name': 'fastran_FPP_000001', 'real_sim_name': 'fastran_FPP_000001', 'portal_data': {'code': 'fastran__impurity_radiation', 'eventtype': 'IPS_UPDATE_STATE', 'ok': True, 'walltime': '45.23', 'time': '2026-04-28|07:39:17PDT', 'trace': {'timestamp': 1777387157653061, 'duration': 20620, 'localEndpoint': {'serviceName': 'update_state'}, 'name': "['s000001.00001', 'g000001.00001', 'i000001.00001']", 'id': '7629e189a66153c0', 'parentId': '6a4482facc9b4129', 'tags': {}}, 'state': 'Running', 'comment': 'Elapsed time = 0.021   files = s000001.00001 g000001.00001 i000001.00001 Success'}})
2026-04-28 07:39:17,684 fastran__impurity_radiation_5 DEBUG    _get_service_response(REQUEST|fastran_FPP_000001@impurity_radiation@5|FRAMEWORK@Framework@0|10)
2026-04-28 07:39:17,695 fastran__impurity_radiation_5 DEBUG    _get_service_response(REQUEST|fastran_FPP_000001@impurity_radiation@5|FRAMEWORK@Framework@0|10), response = ServiceResponseMessage(sender_id=FRAMEWORK@Framework@0, receiver_id=fastran_FPP_000001@impurity_radiation@5, request_msg_id=REQUEST|fastran_FPP_000001@impurity_radiation@5|FRAMEWORK@Framework@0|10,status=0, args=(None,), message_id=RESPONSE|FRAMEWORK@Framework@0|fastran_FPP_000001@impurity_radiation@5|171)
2026-04-28 07:39:17,696 fastran__impurity_radiation_5 DEBUG    _invoke_service(): getTopic  ('_IPS_MONITOR',)
2026-04-28 07:39:17,697 fastran__impurity_radiation_5 DEBUG    _get_service_response(REQUEST|fastran_FPP_000001@impurity_radiation@5|FRAMEWORK@Framework@0|11)
2026-04-28 07:39:17,707 fastran__impurity_radiation_5 DEBUG    _get_service_response(REQUEST|fastran_FPP_000001@impurity_radiation@5|FRAMEWORK@Framework@0|11), response = ServiceResponseMessage(sender_id=FRAMEWORK@Framework@0, receiver_id=fastran_FPP_000001@impurity_radiation@5, request_msg_id=REQUEST|fastran_FPP_000001@impurity_radiation@5|FRAMEWORK@Framework@0|11,status=0, args=(<ipsframework.cca_es_spec.Topic object at 0x7fbe9a22eb20>,), message_id=RESPONSE|FRAMEWORK@Framework@0|fastran_FPP_000001@impurity_radiation@5|172)
2026-04-28 07:39:17,707 fastran__impurity_radiation_5 DEBUG    _invoke_service(): sendEvent  ('_IPS_MONITOR', 'PORTAL_EVENT', {'sim_name': 'fastran_FPP_000001', 'real_sim_name': 'fastran_FPP_000001', 'portal_data': {'code': 'fastran__impurity_radiation', 'eventtype': 'IPS_STAGE_OUTPUTS', 'ok': True, 'walltime': '45.26', 'time': '2026-04-28|07:39:17PDT', 'trace': {'timestamp': 1777387157695806, 'duration': 1039, 'localEndpoint': {'serviceName': 'stage_output_files'}, 'name': '[]', 'id': 'ed019efe11be26d9', 'parentId': '6a4482facc9b4129', 'tags': {}}, 'state': 'Running', 'comment': 'Elapsed time = 0.001 Path = /pscratch/sd/h/hswils/github_repos/MANTA_DBSCANS/RAD_Kr_coronal/SCAN/simulation_results/0/components/fastran__impurity_radiation_5 Files = []'}})
2026-04-28 07:39:17,707 fastran__impurity_radiation_5 DEBUG    _get_service_response(REQUEST|fastran_FPP_000001@impurity_radiation@5|FRAMEWORK@Framework@0|12)
2026-04-28 07:39:17,718 fastran__impurity_radiation_5 DEBUG    _get_service_response(REQUEST|fastran_FPP_000001@impurity_radiation@5|FRAMEWORK@Framework@0|12), response = ServiceResponseMessage(sender_id=FRAMEWORK@Framework@0, receiver_id=fastran_FPP_000001@impurity_radiation@5, request_msg_id=REQUEST|fastran_FPP_000001@impurity_radiation@5|FRAMEWORK@Framework@0|12,status=0, args=(None,), message_id=RESPONSE|FRAMEWORK@Framework@0|fastran_FPP_000001@impurity_radiation@5|173)
2026-04-28 07:39:17,729 fastran_driver_fastran_driver_2 DEBUG    _get_service_response(REQUEST|fastran_FPP_000001@fastran_driver@2|FRAMEWORK@Framework@0|76), response = ServiceResponseMessage(sender_id=FRAMEWORK@Framework@0, receiver_id=fastran_FPP_000001@fastran_driver@2, request_msg_id=REQUEST|fastran_FPP_000001@fastran_driver@2|FRAMEWORK@Framework@0|76,status=0, args=((None,),), message_id=RESPONSE|FRAMEWORK@Framework@0|fastran_FPP_000001@fastran_driver@2|174)
2026-04-28 07:39:17,729 fastran_driver_fastran_driver_2 DEBUG    _invoke_service(): getTopic  ('_IPS_MONITOR',)
2026-04-28 07:39:17,729 fastran_driver_fastran_driver_2 DEBUG    _get_service_response(REQUEST|fastran_FPP_000001@fastran_driver@2|FRAMEWORK@Framework@0|77)
2026-04-28 07:39:17,740 fastran_driver_fastran_driver_2 DEBUG    _get_service_response(REQUEST|fastran_FPP_000001@fastran_driver@2|FRAMEWORK@Framework@0|77), response = ServiceResponseMessage(sender_id=FRAMEWORK@Framework@0, receiver_id=fastran_FPP_000001@fastran_driver@2, request_msg_id=REQUEST|fastran_FPP_000001@fastran_driver@2|FRAMEWORK@Framework@0|77,status=0, args=(<ipsframework.cca_es_spec.Topic object at 0x7fbe9a297b50>,), message_id=RESPONSE|FRAMEWORK@Framework@0|fastran_FPP_000001@fastran_driver@2|175)
2026-04-28 07:39:17,740 fastran_driver_fastran_driver_2 DEBUG    _invoke_service(): sendEvent  ('_IPS_MONITOR', 'PORTAL_EVENT', {'sim_name': 'fastran_FPP_000001', 'real_sim_name': 'fastran_FPP_000001', 'portal_data': {'code': 'fastran_driver_fastran_driver', 'eventtype': 'IPS_CALL_END', 'ok': True, 'walltime': '45.29', 'time': '2026-04-28|07:39:17PDT', 'trace': {'timestamp': 1777387157363865, 'duration': 365795, 'localEndpoint': {'serviceName': 'fastran_FPP_000001@impurity_radiation@5'}, 'name': 'step(0)', 'id': '6a4482facc9b4129', 'parentId': 'f899e3e5886669ce', 'tags': {}}, 'state': 'Running', 'comment': 'Target = fastran_FPP_000001@impurity_radiation@5:step(0)'}})
2026-04-28 07:39:17,740 fastran_driver_fastran_driver_2 DEBUG    _get_service_response(REQUEST|fastran_FPP_000001@fastran_driver@2|FRAMEWORK@Framework@0|78)
2026-04-28 07:39:17,751 fastran_driver_fastran_driver_2 DEBUG    _get_service_response(REQUEST|fastran_FPP_000001@fastran_driver@2|FRAMEWORK@Framework@0|78), response = ServiceResponseMessage(sender_id=FRAMEWORK@Framework@0, receiver_id=fastran_FPP_000001@fastran_driver@2, request_msg_id=REQUEST|fastran_FPP_000001@fastran_driver@2|FRAMEWORK@Framework@0|78,status=0, args=(None,), message_id=RESPONSE|FRAMEWORK@Framework@0|fastran_FPP_000001@fastran_driver@2|176)
2026-04-28 07:39:17,751 fastran_driver_fastran_driver_2 DEBUG    _invoke_service(): getTopic  ('_IPS_MONITOR',)
2026-04-28 07:39:17,751 fastran_driver_fastran_driver_2 DEBUG    _get_service_response(REQUEST|fastran_FPP_000001@fastran_driver@2|FRAMEWORK@Framework@0|79)
2026-04-28 07:39:17,762 fastran_driver_fastran_driver_2 DEBUG    _get_service_response(REQUEST|fastran_FPP_000001@fastran_driver@2|FRAMEWORK@Framework@0|79), response = ServiceResponseMessage(sender_id=FRAMEWORK@Framework@0, receiver_id=fastran_FPP_000001@fastran_driver@2, request_msg_id=REQUEST|fastran_FPP_000001@fastran_driver@2|FRAMEWORK@Framework@0|79,status=0, args=(<ipsframework.cca_es_spec.Topic object at 0x7fbe9a297d90>,), message_id=RESPONSE|FRAMEWORK@Framework@0|fastran_FPP_000001@fastran_driver@2|177)
2026-04-28 07:39:17,762 fastran_driver_fastran_driver_2 DEBUG    _invoke_service(): sendEvent  ('_IPS_MONITOR', 'PORTAL_EVENT', {'sim_name': 'fastran_FPP_000001', 'real_sim_name': 'fastran_FPP_000001', 'portal_data': {'code': 'fastran_driver_fastran_driver', 'eventtype': 'IPS_CALL_BEGIN', 'ok': True, 'walltime': '45.31', 'time': '2026-04-28|07:39:17PDT', 'state': 'Running', 'comment': 'Target = fastran_FPP_000001@hcd_model@6:step(0)'}})
2026-04-28 07:39:17,762 fastran_driver_fastran_driver_2 DEBUG    _get_service_response(REQUEST|fastran_FPP_000001@fastran_driver@2|FRAMEWORK@Framework@0|80)
2026-04-28 07:39:17,773 fastran_driver_fastran_driver_2 DEBUG    _get_service_response(REQUEST|fastran_FPP_000001@fastran_driver@2|FRAMEWORK@Framework@0|80), response = ServiceResponseMessage(sender_id=FRAMEWORK@Framework@0, receiver_id=fastran_FPP_000001@fastran_driver@2, request_msg_id=REQUEST|fastran_FPP_000001@fastran_driver@2|FRAMEWORK@Framework@0|80,status=0, args=(None,), message_id=RESPONSE|FRAMEWORK@Framework@0|fastran_FPP_000001@fastran_driver@2|178)
2026-04-28 07:39:17,773 fastran_driver_fastran_driver_2 DEBUG    _invoke_service(): init_call  ('step', 0)
2026-04-28 07:39:17,773 fastran_driver_fastran_driver_2 DEBUG    _get_service_response(REQUEST|fastran_FPP_000001@fastran_driver@2|FRAMEWORK@Framework@0|81)
2026-04-28 07:39:17,774 fastran_ic_hcd_model_6 DEBUG    Received Message 
2026-04-28 07:39:17,774 fastran_ic_hcd_model_6 DEBUG    Calling method step(0)
2026-04-28 07:39:17,774 fastran_ic_hcd_model_6 DEBUG    _invoke_service(): stage_state  (['s000001.00001', 'g000001.00001', 'i000001.00001'], '/pscratch/sd/h/hswils/github_repos/MANTA_DBSCANS/RAD_Kr_coronal/SCAN/work/plasma_state', '/pscratch/sd/h/hswils/github_repos/MANTA_DBSCANS/RAD_Kr_coronal/SCAN/work/fastran_ic_hcd_model_6')
2026-04-28 07:39:17,775 fastran_ic_hcd_model_6 DEBUG    _get_service_response(REQUEST|fastran_FPP_000001@hcd_model@6|FRAMEWORK@Framework@0|0)
2026-04-28 07:39:17,784 fastran_driver_fastran_driver_2 DEBUG    _get_service_response(REQUEST|fastran_FPP_000001@fastran_driver@2|FRAMEWORK@Framework@0|81), response = ServiceResponseMessage(sender_id=FRAMEWORK@Framework@0, receiver_id=fastran_FPP_000001@fastran_driver@2, request_msg_id=REQUEST|fastran_FPP_000001@fastran_driver@2|FRAMEWORK@Framework@0|81,status=0, args=(20,), message_id=RESPONSE|FRAMEWORK@Framework@0|fastran_FPP_000001@fastran_driver@2|179)
2026-04-28 07:39:17,784 fastran_driver_fastran_driver_2 DEBUG    _invoke_service(): wait_call  (20, True)
2026-04-28 07:39:17,784 fastran_driver_fastran_driver_2 DEBUG    _get_service_response(REQUEST|fastran_FPP_000001@fastran_driver@2|FRAMEWORK@Framework@0|82)
2026-04-28 07:39:17,796 fastran_ic_hcd_model_6 DEBUG    _get_service_response(REQUEST|fastran_FPP_000001@hcd_model@6|FRAMEWORK@Framework@0|0), response = ServiceResponseMessage(sender_id=FRAMEWORK@Framework@0, receiver_id=fastran_FPP_000001@hcd_model@6, request_msg_id=REQUEST|fastran_FPP_000001@hcd_model@6|FRAMEWORK@Framework@0|0,status=0, args=(0,), message_id=RESPONSE|FRAMEWORK@Framework@0|fastran_FPP_000001@hcd_model@6|180)
2026-04-28 07:39:17,796 fastran_ic_hcd_model_6 DEBUG    _invoke_service(): getTopic  ('_IPS_MONITOR',)
2026-04-28 07:39:17,796 fastran_ic_hcd_model_6 DEBUG    _get_service_response(REQUEST|fastran_FPP_000001@hcd_model@6|FRAMEWORK@Framework@0|1)
2026-04-28 07:39:17,807 fastran_ic_hcd_model_6 DEBUG    _get_service_response(REQUEST|fastran_FPP_000001@hcd_model@6|FRAMEWORK@Framework@0|1), response = ServiceResponseMessage(sender_id=FRAMEWORK@Framework@0, receiver_id=fastran_FPP_000001@hcd_model@6, request_msg_id=REQUEST|fastran_FPP_000001@hcd_model@6|FRAMEWORK@Framework@0|1,status=0, args=(<ipsframework.cca_es_spec.Topic object at 0x7fbe9a236160>,), message_id=RESPONSE|FRAMEWORK@Framework@0|fastran_FPP_000001@hcd_model@6|181)
2026-04-28 07:39:17,807 fastran_ic_hcd_model_6 DEBUG    _invoke_service(): sendEvent  ('_IPS_MONITOR', 'PORTAL_EVENT', {'sim_name': 'fastran_FPP_000001', 'real_sim_name': 'fastran_FPP_000001', 'portal_data': {'code': 'fastran_ic_hcd_model', 'eventtype': 'IPS_STAGE_STATE', 'ok': True, 'walltime': '45.36', 'time': '2026-04-28|07:39:17PDT', 'trace': {'timestamp': 1777387157774632, 'duration': 21500, 'localEndpoint': {'serviceName': 'stage_state'}, 'name': "['s000001.00001', 'g000001.00001', 'i000001.00001']", 'id': '71885aecf25d7412', 'parentId': '645e56c3eac20083', 'tags': {}}, 'state': 'Running', 'comment': 'Elapsed time = 0.022  files = s000001.00001 g000001.00001 i000001.00001 Success'}})
2026-04-28 07:39:17,807 fastran_ic_hcd_model_6 DEBUG    _get_service_response(REQUEST|fastran_FPP_000001@hcd_model@6|FRAMEWORK@Framework@0|2)
2026-04-28 07:39:17,817 fastran_ic_hcd_model_6 DEBUG    _get_service_response(REQUEST|fastran_FPP_000001@hcd_model@6|FRAMEWORK@Framework@0|2), response = ServiceResponseMessage(sender_id=FRAMEWORK@Framework@0, receiver_id=fastran_FPP_000001@hcd_model@6, request_msg_id=REQUEST|fastran_FPP_000001@hcd_model@6|FRAMEWORK@Framework@0|2,status=0, args=(None,), message_id=RESPONSE|FRAMEWORK@Framework@0|fastran_FPP_000001@hcd_model@6|182)
2026-04-28 07:39:17,823 fastran_ic_hcd_model_6 DEBUG    _invoke_service(): getTopic  ('_IPS_MONITOR',)
2026-04-28 07:39:17,823 fastran_ic_hcd_model_6 DEBUG    _get_service_response(REQUEST|fastran_FPP_000001@hcd_model@6|FRAMEWORK@Framework@0|3)
2026-04-28 07:39:17,833 fastran_ic_hcd_model_6 DEBUG    _get_service_response(REQUEST|fastran_FPP_000001@hcd_model@6|FRAMEWORK@Framework@0|3), response = ServiceResponseMessage(sender_id=FRAMEWORK@Framework@0, receiver_id=fastran_FPP_000001@hcd_model@6, request_msg_id=REQUEST|fastran_FPP_000001@hcd_model@6|FRAMEWORK@Framework@0|3,status=0, args=(<ipsframework.cca_es_spec.Topic object at 0x7fbe9a236160>,), message_id=RESPONSE|FRAMEWORK@Framework@0|fastran_FPP_000001@hcd_model@6|183)
2026-04-28 07:39:17,833 fastran_ic_hcd_model_6 DEBUG    _invoke_service(): sendEvent  ('_IPS_MONITOR', 'PORTAL_EVENT', {'sim_name': 'fastran_FPP_000001', 'real_sim_name': 'fastran_FPP_000001', 'portal_data': {'code': 'fastran_ic_hcd_model', 'eventtype': 'IPS_STAGE_INPUTS', 'ok': True, 'walltime': '45.38', 'time': '2026-04-28|07:39:17PDT', 'trace': {'timestamp': 1777387157817774, 'duration': 5492, 'localEndpoint': {'serviceName': 'stage_input_files'}, 'name': 'inhcd', 'id': '5ee53c28a9607896', 'parentId': '645e56c3eac20083', 'tags': {}}, 'state': 'Running', 'comment': 'Elapsed time = 0.005 Path = /pscratch/sd/h/hswils/github_repos/MANTA_DBSCANS/RAD_Kr_coronal/input Files = inhcd'}})
2026-04-28 07:39:17,834 fastran_ic_hcd_model_6 DEBUG    _get_service_response(REQUEST|fastran_FPP_000001@hcd_model@6|FRAMEWORK@Framework@0|4)
2026-04-28 07:39:17,844 fastran_ic_hcd_model_6 DEBUG    _get_service_response(REQUEST|fastran_FPP_000001@hcd_model@6|FRAMEWORK@Framework@0|4), response = ServiceResponseMessage(sender_id=FRAMEWORK@Framework@0, receiver_id=fastran_FPP_000001@hcd_model@6, request_msg_id=REQUEST|fastran_FPP_000001@hcd_model@6|FRAMEWORK@Framework@0|4,status=0, args=(None,), message_id=RESPONSE|FRAMEWORK@Framework@0|fastran_FPP_000001@hcd_model@6|184)
2026-04-28 07:39:17,996 fastran_ic_hcd_model_6 DEBUG    _invoke_service(): update_state  (['s000001.00001', 'g000001.00001', 'i000001.00001'], '/pscratch/sd/h/hswils/github_repos/MANTA_DBSCANS/RAD_Kr_coronal/SCAN/work/fastran_ic_hcd_model_6', '/pscratch/sd/h/hswils/github_repos/MANTA_DBSCANS/RAD_Kr_coronal/SCAN/work/plasma_state')
2026-04-28 07:39:17,997 fastran_ic_hcd_model_6 DEBUG    _get_service_response(REQUEST|fastran_FPP_000001@hcd_model@6|FRAMEWORK@Framework@0|5)
2026-04-28 07:39:18,019 fastran_ic_hcd_model_6 DEBUG    _get_service_response(REQUEST|fastran_FPP_000001@hcd_model@6|FRAMEWORK@Framework@0|5), response = ServiceResponseMessage(sender_id=FRAMEWORK@Framework@0, receiver_id=fastran_FPP_000001@hcd_model@6, request_msg_id=REQUEST|fastran_FPP_000001@hcd_model@6|FRAMEWORK@Framework@0|5,status=0, args=(0,), message_id=RESPONSE|FRAMEWORK@Framework@0|fastran_FPP_000001@hcd_model@6|186)
2026-04-28 07:39:18,019 fastran_ic_hcd_model_6 DEBUG    _invoke_service(): getTopic  ('_IPS_MONITOR',)
2026-04-28 07:39:18,019 fastran_ic_hcd_model_6 DEBUG    _get_service_response(REQUEST|fastran_FPP_000001@hcd_model@6|FRAMEWORK@Framework@0|6)
2026-04-28 07:39:18,029 fastran_ic_hcd_model_6 DEBUG    _get_service_response(REQUEST|fastran_FPP_000001@hcd_model@6|FRAMEWORK@Framework@0|6), response = ServiceResponseMessage(sender_id=FRAMEWORK@Framework@0, receiver_id=fastran_FPP_000001@hcd_model@6, request_msg_id=REQUEST|fastran_FPP_000001@hcd_model@6|FRAMEWORK@Framework@0|6,status=0, args=(<ipsframework.cca_es_spec.Topic object at 0x7fbe9a236640>,), message_id=RESPONSE|FRAMEWORK@Framework@0|fastran_FPP_000001@hcd_model@6|187)
2026-04-28 07:39:18,029 fastran_ic_hcd_model_6 DEBUG    _invoke_service(): sendEvent  ('_IPS_MONITOR', 'PORTAL_EVENT', {'sim_name': 'fastran_FPP_000001', 'real_sim_name': 'fastran_FPP_000001', 'portal_data': {'code': 'fastran_ic_hcd_model', 'eventtype': 'IPS_UPDATE_STATE', 'ok': True, 'walltime': '45.58', 'time': '2026-04-28|07:39:18PDT', 'trace': {'timestamp': 1777387157996743, 'duration': 22436, 'localEndpoint': {'serviceName': 'update_state'}, 'name': "['s000001.00001', 'g000001.00001', 'i000001.00001']", 'id': '7629e189a66153c0', 'parentId': '645e56c3eac20083', 'tags': {}}, 'state': 'Running', 'comment': 'Elapsed time = 0.022   files = s000001.00001 g000001.00001 i000001.00001 Success'}})
2026-04-28 07:39:18,029 fastran_ic_hcd_model_6 DEBUG    _get_service_response(REQUEST|fastran_FPP_000001@hcd_model@6|FRAMEWORK@Framework@0|7)
2026-04-28 07:39:18,040 fastran_ic_hcd_model_6 DEBUG    _get_service_response(REQUEST|fastran_FPP_000001@hcd_model@6|FRAMEWORK@Framework@0|7), response = ServiceResponseMessage(sender_id=FRAMEWORK@Framework@0, receiver_id=fastran_FPP_000001@hcd_model@6, request_msg_id=REQUEST|fastran_FPP_000001@hcd_model@6|FRAMEWORK@Framework@0|7,status=0, args=(None,), message_id=RESPONSE|FRAMEWORK@Framework@0|fastran_FPP_000001@hcd_model@6|188)
2026-04-28 07:39:18,042 fastran_ic_hcd_model_6 DEBUG    _invoke_service(): getTopic  ('_IPS_MONITOR',)
2026-04-28 07:39:18,042 fastran_ic_hcd_model_6 DEBUG    _get_service_response(REQUEST|fastran_FPP_000001@hcd_model@6|FRAMEWORK@Framework@0|8)
2026-04-28 07:39:18,052 fastran_ic_hcd_model_6 DEBUG    _get_service_response(REQUEST|fastran_FPP_000001@hcd_model@6|FRAMEWORK@Framework@0|8), response = ServiceResponseMessage(sender_id=FRAMEWORK@Framework@0, receiver_id=fastran_FPP_000001@hcd_model@6, request_msg_id=REQUEST|fastran_FPP_000001@hcd_model@6|FRAMEWORK@Framework@0|8,status=0, args=(<ipsframework.cca_es_spec.Topic object at 0x7fbe9a236670>,), message_id=RESPONSE|FRAMEWORK@Framework@0|fastran_FPP_000001@hcd_model@6|189)
2026-04-28 07:39:18,052 fastran_ic_hcd_model_6 DEBUG    _invoke_service(): sendEvent  ('_IPS_MONITOR', 'PORTAL_EVENT', {'sim_name': 'fastran_FPP_000001', 'real_sim_name': 'fastran_FPP_000001', 'portal_data': {'code': 'fastran_ic_hcd_model', 'eventtype': 'IPS_STAGE_OUTPUTS', 'ok': True, 'walltime': '45.60', 'time': '2026-04-28|07:39:18PDT', 'trace': {'timestamp': 1777387158040817, 'duration': 1410, 'localEndpoint': {'serviceName': 'stage_output_files'}, 'name': '[]', 'id': 'ed019efe11be26d9', 'parentId': '645e56c3eac20083', 'tags': {}}, 'state': 'Running', 'comment': 'Elapsed time = 0.001 Path = /pscratch/sd/h/hswils/github_repos/MANTA_DBSCANS/RAD_Kr_coronal/SCAN/simulation_results/0/components/fastran_ic_hcd_model_6 Files = []'}})
2026-04-28 07:39:18,052 fastran_ic_hcd_model_6 DEBUG    _get_service_response(REQUEST|fastran_FPP_000001@hcd_model@6|FRAMEWORK@Framework@0|9)
2026-04-28 07:39:18,063 fastran_ic_hcd_model_6 DEBUG    _get_service_response(REQUEST|fastran_FPP_000001@hcd_model@6|FRAMEWORK@Framework@0|9), response = ServiceResponseMessage(sender_id=FRAMEWORK@Framework@0, receiver_id=fastran_FPP_000001@hcd_model@6, request_msg_id=REQUEST|fastran_FPP_000001@hcd_model@6|FRAMEWORK@Framework@0|9,status=0, args=(None,), message_id=RESPONSE|FRAMEWORK@Framework@0|fastran_FPP_000001@hcd_model@6|190)
2026-04-28 07:39:18,073 fastran_driver_fastran_driver_2 DEBUG    _get_service_response(REQUEST|fastran_FPP_000001@fastran_driver@2|FRAMEWORK@Framework@0|82), response = ServiceResponseMessage(sender_id=FRAMEWORK@Framework@0, receiver_id=fastran_FPP_000001@fastran_driver@2, request_msg_id=REQUEST|fastran_FPP_000001@fastran_driver@2|FRAMEWORK@Framework@0|82,status=0, args=((None,),), message_id=RESPONSE|FRAMEWORK@Framework@0|fastran_FPP_000001@fastran_driver@2|191)
2026-04-28 07:39:18,074 fastran_driver_fastran_driver_2 DEBUG    _invoke_service(): getTopic  ('_IPS_MONITOR',)
2026-04-28 07:39:18,074 fastran_driver_fastran_driver_2 DEBUG    _get_service_response(REQUEST|fastran_FPP_000001@fastran_driver@2|FRAMEWORK@Framework@0|83)
2026-04-28 07:39:18,084 fastran_driver_fastran_driver_2 DEBUG    _get_service_response(REQUEST|fastran_FPP_000001@fastran_driver@2|FRAMEWORK@Framework@0|83), response = ServiceResponseMessage(sender_id=FRAMEWORK@Framework@0, receiver_id=fastran_FPP_000001@fastran_driver@2, request_msg_id=REQUEST|fastran_FPP_000001@fastran_driver@2|FRAMEWORK@Framework@0|83,status=0, args=(<ipsframework.cca_es_spec.Topic object at 0x7fbe9a297ca0>,), message_id=RESPONSE|FRAMEWORK@Framework@0|fastran_FPP_000001@fastran_driver@2|192)
2026-04-28 07:39:18,084 fastran_driver_fastran_driver_2 DEBUG    _invoke_service(): sendEvent  ('_IPS_MONITOR', 'PORTAL_EVENT', {'sim_name': 'fastran_FPP_000001', 'real_sim_name': 'fastran_FPP_000001', 'portal_data': {'code': 'fastran_driver_fastran_driver', 'eventtype': 'IPS_CALL_END', 'ok': True, 'walltime': '45.63', 'time': '2026-04-28|07:39:18PDT', 'trace': {'timestamp': 1777387157784228, 'duration': 289830, 'localEndpoint': {'serviceName': 'fastran_FPP_000001@hcd_model@6'}, 'name': 'step(0)', 'id': '645e56c3eac20083', 'parentId': 'f899e3e5886669ce', 'tags': {}}, 'state': 'Running', 'comment': 'Target = fastran_FPP_000001@hcd_model@6:step(0)'}})
2026-04-28 07:39:18,085 fastran_driver_fastran_driver_2 DEBUG    _get_service_response(REQUEST|fastran_FPP_000001@fastran_driver@2|FRAMEWORK@Framework@0|84)
2026-04-28 07:39:18,095 fastran_driver_fastran_driver_2 DEBUG    _get_service_response(REQUEST|fastran_FPP_000001@fastran_driver@2|FRAMEWORK@Framework@0|84), response = ServiceResponseMessage(sender_id=FRAMEWORK@Framework@0, receiver_id=fastran_FPP_000001@fastran_driver@2, request_msg_id=REQUEST|fastran_FPP_000001@fastran_driver@2|FRAMEWORK@Framework@0|84,status=0, args=(None,), message_id=RESPONSE|FRAMEWORK@Framework@0|fastran_FPP_000001@fastran_driver@2|193)
2026-04-28 07:39:18,095 fastran_driver_fastran_driver_2 DEBUG    _invoke_service(): getTopic  ('_IPS_MONITOR',)
2026-04-28 07:39:18,095 fastran_driver_fastran_driver_2 DEBUG    _get_service_response(REQUEST|fastran_FPP_000001@fastran_driver@2|FRAMEWORK@Framework@0|85)
2026-04-28 07:39:18,106 fastran_driver_fastran_driver_2 DEBUG    _get_service_response(REQUEST|fastran_FPP_000001@fastran_driver@2|FRAMEWORK@Framework@0|85), response = ServiceResponseMessage(sender_id=FRAMEWORK@Framework@0, receiver_id=fastran_FPP_000001@fastran_driver@2, request_msg_id=REQUEST|fastran_FPP_000001@fastran_driver@2|FRAMEWORK@Framework@0|85,status=0, args=(<ipsframework.cca_es_spec.Topic object at 0x7fbe9a297dc0>,), message_id=RESPONSE|FRAMEWORK@Framework@0|fastran_FPP_000001@fastran_driver@2|194)
2026-04-28 07:39:18,106 fastran_driver_fastran_driver_2 DEBUG    _invoke_service(): sendEvent  ('_IPS_MONITOR', 'PORTAL_EVENT', {'sim_name': 'fastran_FPP_000001', 'real_sim_name': 'fastran_FPP_000001', 'portal_data': {'code': 'fastran_driver_fastran_driver', 'eventtype': 'IPS_CALL_BEGIN', 'ok': True, 'walltime': '45.65', 'time': '2026-04-28|07:39:18PDT', 'state': 'Running', 'comment': 'Target = fastran_FPP_000001@efit@7:step(0)'}})
2026-04-28 07:39:18,106 fastran_driver_fastran_driver_2 DEBUG    _get_service_response(REQUEST|fastran_FPP_000001@fastran_driver@2|FRAMEWORK@Framework@0|86)
2026-04-28 07:39:18,117 fastran_driver_fastran_driver_2 DEBUG    _get_service_response(REQUEST|fastran_FPP_000001@fastran_driver@2|FRAMEWORK@Framework@0|86), response = ServiceResponseMessage(sender_id=FRAMEWORK@Framework@0, receiver_id=fastran_FPP_000001@fastran_driver@2, request_msg_id=REQUEST|fastran_FPP_000001@fastran_driver@2|FRAMEWORK@Framework@0|86,status=0, args=(None,), message_id=RESPONSE|FRAMEWORK@Framework@0|fastran_FPP_000001@fastran_driver@2|195)
2026-04-28 07:39:18,117 fastran_driver_fastran_driver_2 DEBUG    _invoke_service(): init_call  ('step', 0)
2026-04-28 07:39:18,117 fastran_driver_fastran_driver_2 DEBUG    _get_service_response(REQUEST|fastran_FPP_000001@fastran_driver@2|FRAMEWORK@Framework@0|87)
2026-04-28 07:39:18,118 fastran_eq_efit_7 DEBUG    Received Message 
2026-04-28 07:39:18,118 fastran_eq_efit_7 DEBUG    Calling method step(0)
2026-04-28 07:39:18,118 fastran_eq_efit_7 DEBUG    _invoke_service(): stage_state  (['s000001.00001', 'g000001.00001', 'i000001.00001'], '/pscratch/sd/h/hswils/github_repos/MANTA_DBSCANS/RAD_Kr_coronal/SCAN/work/plasma_state', '/pscratch/sd/h/hswils/github_repos/MANTA_DBSCANS/RAD_Kr_coronal/SCAN/work/fastran_eq_efit_7')
2026-04-28 07:39:18,118 fastran_eq_efit_7 DEBUG    _get_service_response(REQUEST|fastran_FPP_000001@efit@7|FRAMEWORK@Framework@0|0)
2026-04-28 07:39:18,128 fastran_driver_fastran_driver_2 DEBUG    _get_service_response(REQUEST|fastran_FPP_000001@fastran_driver@2|FRAMEWORK@Framework@0|87), response = ServiceResponseMessage(sender_id=FRAMEWORK@Framework@0, receiver_id=fastran_FPP_000001@fastran_driver@2, request_msg_id=REQUEST|fastran_FPP_000001@fastran_driver@2|FRAMEWORK@Framework@0|87,status=0, args=(21,), message_id=RESPONSE|FRAMEWORK@Framework@0|fastran_FPP_000001@fastran_driver@2|196)
2026-04-28 07:39:18,128 fastran_driver_fastran_driver_2 DEBUG    _invoke_service(): wait_call  (21, True)
2026-04-28 07:39:18,128 fastran_driver_fastran_driver_2 DEBUG    _get_service_response(REQUEST|fastran_FPP_000001@fastran_driver@2|FRAMEWORK@Framework@0|88)
2026-04-28 07:39:18,140 fastran_eq_efit_7 DEBUG    _get_service_response(REQUEST|fastran_FPP_000001@efit@7|FRAMEWORK@Framework@0|0), response = ServiceResponseMessage(sender_id=FRAMEWORK@Framework@0, receiver_id=fastran_FPP_000001@efit@7, request_msg_id=REQUEST|fastran_FPP_000001@efit@7|FRAMEWORK@Framework@0|0,status=0, args=(0,), message_id=RESPONSE|FRAMEWORK@Framework@0|fastran_FPP_000001@efit@7|197)
2026-04-28 07:39:18,140 fastran_eq_efit_7 DEBUG    _invoke_service(): getTopic  ('_IPS_MONITOR',)
2026-04-28 07:39:18,140 fastran_eq_efit_7 DEBUG    _get_service_response(REQUEST|fastran_FPP_000001@efit@7|FRAMEWORK@Framework@0|1)
2026-04-28 07:39:18,151 fastran_eq_efit_7 DEBUG    _get_service_response(REQUEST|fastran_FPP_000001@efit@7|FRAMEWORK@Framework@0|1), response = ServiceResponseMessage(sender_id=FRAMEWORK@Framework@0, receiver_id=fastran_FPP_000001@efit@7, request_msg_id=REQUEST|fastran_FPP_000001@efit@7|FRAMEWORK@Framework@0|1,status=0, args=(<ipsframework.cca_es_spec.Topic object at 0x7fbe9a231af0>,), message_id=RESPONSE|FRAMEWORK@Framework@0|fastran_FPP_000001@efit@7|198)
2026-04-28 07:39:18,151 fastran_eq_efit_7 DEBUG    _invoke_service(): sendEvent  ('_IPS_MONITOR', 'PORTAL_EVENT', {'sim_name': 'fastran_FPP_000001', 'real_sim_name': 'fastran_FPP_000001', 'portal_data': {'code': 'fastran_eq_efit', 'eventtype': 'IPS_STAGE_STATE', 'ok': True, 'walltime': '45.70', 'time': '2026-04-28|07:39:18PDT', 'trace': {'timestamp': 1777387158118673, 'duration': 21708, 'localEndpoint': {'serviceName': 'stage_state'}, 'name': "['s000001.00001', 'g000001.00001', 'i000001.00001']", 'id': '71885aecf25d7412', 'parentId': '13bf82df7dd38026', 'tags': {}}, 'state': 'Running', 'comment': 'Elapsed time = 0.022  files = s000001.00001 g000001.00001 i000001.00001 Success'}})
2026-04-28 07:39:18,151 fastran_eq_efit_7 DEBUG    _get_service_response(REQUEST|fastran_FPP_000001@efit@7|FRAMEWORK@Framework@0|2)
2026-04-28 07:39:18,161 fastran_eq_efit_7 DEBUG    _get_service_response(REQUEST|fastran_FPP_000001@efit@7|FRAMEWORK@Framework@0|2), response = ServiceResponseMessage(sender_id=FRAMEWORK@Framework@0, receiver_id=fastran_FPP_000001@efit@7, request_msg_id=REQUEST|fastran_FPP_000001@efit@7|FRAMEWORK@Framework@0|2,status=0, args=(None,), message_id=RESPONSE|FRAMEWORK@Framework@0|fastran_FPP_000001@efit@7|199)
2026-04-28 07:39:20,847 fastran_eq_efit_7 DEBUG    _invoke_service(): update_state  (['s000001.00001', 'g000001.00001', 'i000001.00001'], '/pscratch/sd/h/hswils/github_repos/MANTA_DBSCANS/RAD_Kr_coronal/SCAN/work/fastran_eq_efit_7', '/pscratch/sd/h/hswils/github_repos/MANTA_DBSCANS/RAD_Kr_coronal/SCAN/work/plasma_state')
2026-04-28 07:39:20,847 fastran_eq_efit_7 DEBUG    _get_service_response(REQUEST|fastran_FPP_000001@efit@7|FRAMEWORK@Framework@0|3)
2026-04-28 07:39:20,870 fastran_eq_efit_7 DEBUG    _get_service_response(REQUEST|fastran_FPP_000001@efit@7|FRAMEWORK@Framework@0|3), response = ServiceResponseMessage(sender_id=FRAMEWORK@Framework@0, receiver_id=fastran_FPP_000001@efit@7, request_msg_id=REQUEST|fastran_FPP_000001@efit@7|FRAMEWORK@Framework@0|3,status=0, args=(0,), message_id=RESPONSE|FRAMEWORK@Framework@0|fastran_FPP_000001@efit@7|205)
2026-04-28 07:39:20,871 fastran_eq_efit_7 DEBUG    _invoke_service(): getTopic  ('_IPS_MONITOR',)
2026-04-28 07:39:20,871 fastran_eq_efit_7 DEBUG    _get_service_response(REQUEST|fastran_FPP_000001@efit@7|FRAMEWORK@Framework@0|4)
2026-04-28 07:39:20,882 fastran_eq_efit_7 DEBUG    _get_service_response(REQUEST|fastran_FPP_000001@efit@7|FRAMEWORK@Framework@0|4), response = ServiceResponseMessage(sender_id=FRAMEWORK@Framework@0, receiver_id=fastran_FPP_000001@efit@7, request_msg_id=REQUEST|fastran_FPP_000001@efit@7|FRAMEWORK@Framework@0|4,status=0, args=(<ipsframework.cca_es_spec.Topic object at 0x7fbe9a231c70>,), message_id=RESPONSE|FRAMEWORK@Framework@0|fastran_FPP_000001@efit@7|206)
2026-04-28 07:39:20,882 fastran_eq_efit_7 DEBUG    _invoke_service(): sendEvent  ('_IPS_MONITOR', 'PORTAL_EVENT', {'sim_name': 'fastran_FPP_000001', 'real_sim_name': 'fastran_FPP_000001', 'portal_data': {'code': 'fastran_eq_efit', 'eventtype': 'IPS_UPDATE_STATE', 'ok': True, 'walltime': '48.43', 'time': '2026-04-28|07:39:20PDT', 'trace': {'timestamp': 1777387160846844, 'duration': 24198, 'localEndpoint': {'serviceName': 'update_state'}, 'name': "['s000001.00001', 'g000001.00001', 'i000001.00001']", 'id': '7629e189a66153c0', 'parentId': '13bf82df7dd38026', 'tags': {}}, 'state': 'Running', 'comment': 'Elapsed time = 0.024   files = s000001.00001 g000001.00001 i000001.00001 Success'}})
2026-04-28 07:39:20,882 fastran_eq_efit_7 DEBUG    _get_service_response(REQUEST|fastran_FPP_000001@efit@7|FRAMEWORK@Framework@0|5)
2026-04-28 07:39:20,893 fastran_eq_efit_7 DEBUG    _get_service_response(REQUEST|fastran_FPP_000001@efit@7|FRAMEWORK@Framework@0|5), response = ServiceResponseMessage(sender_id=FRAMEWORK@Framework@0, receiver_id=fastran_FPP_000001@efit@7, request_msg_id=REQUEST|fastran_FPP_000001@efit@7|FRAMEWORK@Framework@0|5,status=0, args=(None,), message_id=RESPONSE|FRAMEWORK@Framework@0|fastran_FPP_000001@efit@7|207)
2026-04-28 07:39:20,920 fastran_eq_efit_7 DEBUG    _invoke_service(): getTopic  ('_IPS_MONITOR',)
2026-04-28 07:39:20,920 fastran_eq_efit_7 DEBUG    _get_service_response(REQUEST|fastran_FPP_000001@efit@7|FRAMEWORK@Framework@0|6)
2026-04-28 07:39:20,930 fastran_eq_efit_7 DEBUG    _get_service_response(REQUEST|fastran_FPP_000001@efit@7|FRAMEWORK@Framework@0|6), response = ServiceResponseMessage(sender_id=FRAMEWORK@Framework@0, receiver_id=fastran_FPP_000001@efit@7, request_msg_id=REQUEST|fastran_FPP_000001@efit@7|FRAMEWORK@Framework@0|6,status=0, args=(<ipsframework.cca_es_spec.Topic object at 0x7fbe9a1f4100>,), message_id=RESPONSE|FRAMEWORK@Framework@0|fastran_FPP_000001@efit@7|208)
2026-04-28 07:39:20,930 fastran_eq_efit_7 DEBUG    _invoke_service(): sendEvent  ('_IPS_MONITOR', 'PORTAL_EVENT', {'sim_name': 'fastran_FPP_000001', 'real_sim_name': 'fastran_FPP_000001', 'portal_data': {'code': 'fastran_eq_efit', 'eventtype': 'IPS_STAGE_OUTPUTS', 'ok': True, 'walltime': '48.48', 'time': '2026-04-28|07:39:20PDT', 'trace': {'timestamp': 1777387160893493, 'duration': 26496, 'localEndpoint': {'serviceName': 'stage_output_files'}, 'name': "['g*.*', 'a*.*', 'm*.*', 'k*.*', 'efit.log', 's*.*']", 'id': '80725d8eee5776f1', 'parentId': '13bf82df7dd38026', 'tags': {}}, 'state': 'Running', 'comment': "Elapsed time = 0.026 Path = /pscratch/sd/h/hswils/github_repos/MANTA_DBSCANS/RAD_Kr_coronal/SCAN/simulation_results/0/components/fastran_eq_efit_7 Files = ['g*.*', 'a*.*', 'm*.*', 'k*.*', 'efit.log', 's*.*']"}})
2026-04-28 07:39:20,930 fastran_eq_efit_7 DEBUG    _get_service_response(REQUEST|fastran_FPP_000001@efit@7|FRAMEWORK@Framework@0|7)
2026-04-28 07:39:20,941 fastran_eq_efit_7 DEBUG    _get_service_response(REQUEST|fastran_FPP_000001@efit@7|FRAMEWORK@Framework@0|7), response = ServiceResponseMessage(sender_id=FRAMEWORK@Framework@0, receiver_id=fastran_FPP_000001@efit@7, request_msg_id=REQUEST|fastran_FPP_000001@efit@7|FRAMEWORK@Framework@0|7,status=0, args=(None,), message_id=RESPONSE|FRAMEWORK@Framework@0|fastran_FPP_000001@efit@7|209)
2026-04-28 07:39:20,953 fastran_driver_fastran_driver_2 DEBUG    _get_service_response(REQUEST|fastran_FPP_000001@fastran_driver@2|FRAMEWORK@Framework@0|88), response = ServiceResponseMessage(sender_id=FRAMEWORK@Framework@0, receiver_id=fastran_FPP_000001@fastran_driver@2, request_msg_id=REQUEST|fastran_FPP_000001@fastran_driver@2|FRAMEWORK@Framework@0|88,status=0, args=((None,),), message_id=RESPONSE|FRAMEWORK@Framework@0|fastran_FPP_000001@fastran_driver@2|210)
2026-04-28 07:39:20,953 fastran_driver_fastran_driver_2 DEBUG    _invoke_service(): getTopic  ('_IPS_MONITOR',)
2026-04-28 07:39:20,953 fastran_driver_fastran_driver_2 DEBUG    _get_service_response(REQUEST|fastran_FPP_000001@fastran_driver@2|FRAMEWORK@Framework@0|89)
2026-04-28 07:39:20,964 fastran_driver_fastran_driver_2 DEBUG    _get_service_response(REQUEST|fastran_FPP_000001@fastran_driver@2|FRAMEWORK@Framework@0|89), response = ServiceResponseMessage(sender_id=FRAMEWORK@Framework@0, receiver_id=fastran_FPP_000001@fastran_driver@2, request_msg_id=REQUEST|fastran_FPP_000001@fastran_driver@2|FRAMEWORK@Framework@0|89,status=0, args=(<ipsframework.cca_es_spec.Topic object at 0x7fbe9a297d00>,), message_id=RESPONSE|FRAMEWORK@Framework@0|fastran_FPP_000001@fastran_driver@2|211)
2026-04-28 07:39:20,964 fastran_driver_fastran_driver_2 DEBUG    _invoke_service(): sendEvent  ('_IPS_MONITOR', 'PORTAL_EVENT', {'sim_name': 'fastran_FPP_000001', 'real_sim_name': 'fastran_FPP_000001', 'portal_data': {'code': 'fastran_driver_fastran_driver', 'eventtype': 'IPS_CALL_END', 'ok': True, 'walltime': '48.51', 'time': '2026-04-28|07:39:20PDT', 'trace': {'timestamp': 1777387158128620, 'duration': 2825163, 'localEndpoint': {'serviceName': 'fastran_FPP_000001@efit@7'}, 'name': 'step(0)', 'id': '13bf82df7dd38026', 'parentId': 'f899e3e5886669ce', 'tags': {}}, 'state': 'Running', 'comment': 'Target = fastran_FPP_000001@efit@7:step(0)'}})
2026-04-28 07:39:20,964 fastran_driver_fastran_driver_2 DEBUG    _get_service_response(REQUEST|fastran_FPP_000001@fastran_driver@2|FRAMEWORK@Framework@0|90)
2026-04-28 07:39:20,975 fastran_driver_fastran_driver_2 DEBUG    _get_service_response(REQUEST|fastran_FPP_000001@fastran_driver@2|FRAMEWORK@Framework@0|90), response = ServiceResponseMessage(sender_id=FRAMEWORK@Framework@0, receiver_id=fastran_FPP_000001@fastran_driver@2, request_msg_id=REQUEST|fastran_FPP_000001@fastran_driver@2|FRAMEWORK@Framework@0|90,status=0, args=(None,), message_id=RESPONSE|FRAMEWORK@Framework@0|fastran_FPP_000001@fastran_driver@2|212)
2026-04-28 07:39:20,975 fastran_driver_fastran_driver_2 DEBUG    _invoke_service(): getTopic  ('_IPS_MONITOR',)
2026-04-28 07:39:20,975 fastran_driver_fastran_driver_2 DEBUG    _get_service_response(REQUEST|fastran_FPP_000001@fastran_driver@2|FRAMEWORK@Framework@0|91)
2026-04-28 07:39:20,986 fastran_driver_fastran_driver_2 DEBUG    _get_service_response(REQUEST|fastran_FPP_000001@fastran_driver@2|FRAMEWORK@Framework@0|91), response = ServiceResponseMessage(sender_id=FRAMEWORK@Framework@0, receiver_id=fastran_FPP_000001@fastran_driver@2, request_msg_id=REQUEST|fastran_FPP_000001@fastran_driver@2|FRAMEWORK@Framework@0|91,status=0, args=(<ipsframework.cca_es_spec.Topic object at 0x7fbe9a297e20>,), message_id=RESPONSE|FRAMEWORK@Framework@0|fastran_FPP_000001@fastran_driver@2|213)
2026-04-28 07:39:20,986 fastran_driver_fastran_driver_2 DEBUG    _invoke_service(): sendEvent  ('_IPS_MONITOR', 'PORTAL_EVENT', {'sim_name': 'fastran_FPP_000001', 'real_sim_name': 'fastran_FPP_000001', 'portal_data': {'code': 'fastran_driver_fastran_driver', 'eventtype': 'IPS_CALL_BEGIN', 'ok': True, 'walltime': '48.53', 'time': '2026-04-28|07:39:20PDT', 'state': 'Running', 'comment': 'Target = fastran_FPP_000001@fastran@8:step(0)'}})
2026-04-28 07:39:20,986 fastran_driver_fastran_driver_2 DEBUG    _get_service_response(REQUEST|fastran_FPP_000001@fastran_driver@2|FRAMEWORK@Framework@0|92)
2026-04-28 07:39:20,997 fastran_driver_fastran_driver_2 DEBUG    _get_service_response(REQUEST|fastran_FPP_000001@fastran_driver@2|FRAMEWORK@Framework@0|92), response = ServiceResponseMessage(sender_id=FRAMEWORK@Framework@0, receiver_id=fastran_FPP_000001@fastran_driver@2, request_msg_id=REQUEST|fastran_FPP_000001@fastran_driver@2|FRAMEWORK@Framework@0|92,status=0, args=(None,), message_id=RESPONSE|FRAMEWORK@Framework@0|fastran_FPP_000001@fastran_driver@2|215)
2026-04-28 07:39:20,997 fastran_driver_fastran_driver_2 DEBUG    _invoke_service(): init_call  ('step', 0)
2026-04-28 07:39:20,997 fastran_driver_fastran_driver_2 DEBUG    _get_service_response(REQUEST|fastran_FPP_000001@fastran_driver@2|FRAMEWORK@Framework@0|93)
2026-04-28 07:39:20,998 fastran_tr_fastran_8 DEBUG    Received Message 
2026-04-28 07:39:20,998 fastran_tr_fastran_8 DEBUG    Calling method step(0)
2026-04-28 07:39:20,999 fastran_tr_fastran_8 DEBUG    _invoke_service(): stage_state  (['s000001.00001', 'g000001.00001', 'i000001.00001'], '/pscratch/sd/h/hswils/github_repos/MANTA_DBSCANS/RAD_Kr_coronal/SCAN/work/plasma_state', '/pscratch/sd/h/hswils/github_repos/MANTA_DBSCANS/RAD_Kr_coronal/SCAN/work/fastran_tr_fastran_8')
2026-04-28 07:39:20,999 fastran_tr_fastran_8 DEBUG    _get_service_response(REQUEST|fastran_FPP_000001@fastran@8|FRAMEWORK@Framework@0|0)
2026-04-28 07:39:21,008 fastran_driver_fastran_driver_2 DEBUG    _get_service_response(REQUEST|fastran_FPP_000001@fastran_driver@2|FRAMEWORK@Framework@0|93), response = ServiceResponseMessage(sender_id=FRAMEWORK@Framework@0, receiver_id=fastran_FPP_000001@fastran_driver@2, request_msg_id=REQUEST|fastran_FPP_000001@fastran_driver@2|FRAMEWORK@Framework@0|93,status=0, args=(22,), message_id=RESPONSE|FRAMEWORK@Framework@0|fastran_FPP_000001@fastran_driver@2|216)
2026-04-28 07:39:21,008 fastran_driver_fastran_driver_2 DEBUG    _invoke_service(): wait_call  (22, True)
2026-04-28 07:39:21,008 fastran_driver_fastran_driver_2 DEBUG    _get_service_response(REQUEST|fastran_FPP_000001@fastran_driver@2|FRAMEWORK@Framework@0|94)
2026-04-28 07:39:21,020 fastran_tr_fastran_8 DEBUG    _get_service_response(REQUEST|fastran_FPP_000001@fastran@8|FRAMEWORK@Framework@0|0), response = ServiceResponseMessage(sender_id=FRAMEWORK@Framework@0, receiver_id=fastran_FPP_000001@fastran@8, request_msg_id=REQUEST|fastran_FPP_000001@fastran@8|FRAMEWORK@Framework@0|0,status=0, args=(0,), message_id=RESPONSE|FRAMEWORK@Framework@0|fastran_FPP_000001@fastran@8|217)
2026-04-28 07:39:21,021 fastran_tr_fastran_8 DEBUG    _invoke_service(): getTopic  ('_IPS_MONITOR',)
2026-04-28 07:39:21,021 fastran_tr_fastran_8 DEBUG    _get_service_response(REQUEST|fastran_FPP_000001@fastran@8|FRAMEWORK@Framework@0|1)
2026-04-28 07:39:21,031 fastran_tr_fastran_8 DEBUG    _get_service_response(REQUEST|fastran_FPP_000001@fastran@8|FRAMEWORK@Framework@0|1), response = ServiceResponseMessage(sender_id=FRAMEWORK@Framework@0, receiver_id=fastran_FPP_000001@fastran@8, request_msg_id=REQUEST|fastran_FPP_000001@fastran@8|FRAMEWORK@Framework@0|1,status=0, args=(<ipsframework.cca_es_spec.Topic object at 0x7fbe9a23b460>,), message_id=RESPONSE|FRAMEWORK@Framework@0|fastran_FPP_000001@fastran@8|218)
2026-04-28 07:39:21,032 fastran_tr_fastran_8 DEBUG    _invoke_service(): sendEvent  ('_IPS_MONITOR', 'PORTAL_EVENT', {'sim_name': 'fastran_FPP_000001', 'real_sim_name': 'fastran_FPP_000001', 'portal_data': {'code': 'fastran_tr_fastran', 'eventtype': 'IPS_STAGE_STATE', 'ok': True, 'walltime': '48.58', 'time': '2026-04-28|07:39:21PDT', 'trace': {'timestamp': 1777387160998850, 'duration': 22227, 'localEndpoint': {'serviceName': 'stage_state'}, 'name': "['s000001.00001', 'g000001.00001', 'i000001.00001']", 'id': '71885aecf25d7412', 'parentId': 'df5e6cd0e63af24f', 'tags': {}}, 'state': 'Running', 'comment': 'Elapsed time = 0.022  files = s000001.00001 g000001.00001 i000001.00001 Success'}})
2026-04-28 07:39:21,032 fastran_tr_fastran_8 DEBUG    _get_service_response(REQUEST|fastran_FPP_000001@fastran@8|FRAMEWORK@Framework@0|2)
2026-04-28 07:39:21,042 fastran_tr_fastran_8 DEBUG    _get_service_response(REQUEST|fastran_FPP_000001@fastran@8|FRAMEWORK@Framework@0|2), response = ServiceResponseMessage(sender_id=FRAMEWORK@Framework@0, receiver_id=fastran_FPP_000001@fastran@8, request_msg_id=REQUEST|fastran_FPP_000001@fastran@8|FRAMEWORK@Framework@0|2,status=0, args=(None,), message_id=RESPONSE|FRAMEWORK@Framework@0|fastran_FPP_000001@fastran@8|219)
2026-04-28 07:39:21,053 fastran_tr_fastran_8 DEBUG    _invoke_service(): getTopic  ('_IPS_MONITOR',)
2026-04-28 07:39:21,053 fastran_tr_fastran_8 DEBUG    _get_service_response(REQUEST|fastran_FPP_000001@fastran@8|FRAMEWORK@Framework@0|3)
2026-04-28 07:39:21,064 fastran_tr_fastran_8 DEBUG    _get_service_response(REQUEST|fastran_FPP_000001@fastran@8|FRAMEWORK@Framework@0|3), response = ServiceResponseMessage(sender_id=FRAMEWORK@Framework@0, receiver_id=fastran_FPP_000001@fastran@8, request_msg_id=REQUEST|fastran_FPP_000001@fastran@8|FRAMEWORK@Framework@0|3,status=0, args=(<ipsframework.cca_es_spec.Topic object at 0x7fbe9a231970>,), message_id=RESPONSE|FRAMEWORK@Framework@0|fastran_FPP_000001@fastran@8|220)
2026-04-28 07:39:21,064 fastran_tr_fastran_8 DEBUG    _invoke_service(): sendEvent  ('_IPS_MONITOR', 'PORTAL_EVENT', {'sim_name': 'fastran_FPP_000001', 'real_sim_name': 'fastran_FPP_000001', 'portal_data': {'code': 'fastran_tr_fastran', 'eventtype': 'IPS_STAGE_INPUTS', 'ok': True, 'walltime': '48.61', 'time': '2026-04-28|07:39:21PDT', 'trace': {'timestamp': 1777387161042862, 'duration': 10369, 'localEndpoint': {'serviceName': 'stage_input_files'}, 'name': 'infastran intglf', 'id': '5ff6e2efe4653e6c', 'parentId': 'df5e6cd0e63af24f', 'tags': {}}, 'state': 'Running', 'comment': 'Elapsed time = 0.010 Path = /pscratch/sd/h/hswils/github_repos/MANTA_DBSCANS/RAD_Kr_coronal/input Files = infastran intglf'}})
2026-04-28 07:39:21,064 fastran_tr_fastran_8 DEBUG    _get_service_response(REQUEST|fastran_FPP_000001@fastran@8|FRAMEWORK@Framework@0|4)
2026-04-28 07:39:21,074 fastran_tr_fastran_8 DEBUG    _get_service_response(REQUEST|fastran_FPP_000001@fastran@8|FRAMEWORK@Framework@0|4), response = ServiceResponseMessage(sender_id=FRAMEWORK@Framework@0, receiver_id=fastran_FPP_000001@fastran@8, request_msg_id=REQUEST|fastran_FPP_000001@fastran@8|FRAMEWORK@Framework@0|4,status=0, args=(None,), message_id=RESPONSE|FRAMEWORK@Framework@0|fastran_FPP_000001@fastran@8|221)
2026-04-28 07:39:21,318 fastran_tr_fastran_8 DEBUG    _invoke_service(): init_task  (TaskInit(nproc=126, binary='/global/common/software/atom/perlmutter/binaries/fastran/default/xfastran_ver1.07', working_dir='/pscratch/sd/h/hswils/github_repos/MANTA_DBSCANS/RAD_Kr_coronal/SCAN/work/fastran_tr_fastran_8', tppn=0, tcpp=0, tgpp=0, block=True, omp=False, wnodes=True, wsocks=True, cmd_args=('6', '21')),)
2026-04-28 07:39:21,319 fastran_tr_fastran_8 DEBUG    _get_service_response(REQUEST|fastran_FPP_000001@fastran@8|FRAMEWORK@Framework@0|5)
2026-04-28 07:39:21,329 fastran_tr_fastran_8 DEBUG    _get_service_response(REQUEST|fastran_FPP_000001@fastran@8|FRAMEWORK@Framework@0|5), response = ServiceResponseMessage(sender_id=FRAMEWORK@Framework@0, receiver_id=fastran_FPP_000001@fastran@8, request_msg_id=REQUEST|fastran_FPP_000001@fastran@8|FRAMEWORK@Framework@0|5,status=0, args=((2, 'srun -N 1 -n 126 -c 1 --threads-per-core=1 --cpu-bind=cores /global/common/software/atom/perlmutter/binaries/fastran/default/xfastran_ver1.07 6 21', None, 128),), message_id=RESPONSE|FRAMEWORK@Framework@0|fastran_FPP_000001@fastran@8|222)
2026-04-28 07:39:21,330 fastran_tr_fastran_8 DEBUG    Launching command : srun -N 1 -n 126 -c 1 --threads-per-core=1 --cpu-bind=cores /global/common/software/atom/perlmutter/binaries/fastran/default/xfastran_ver1.07 6 21
2026-04-28 07:39:21,349 fastran_tr_fastran_8 DEBUG    _invoke_service(): getTopic  ('_IPS_MONITOR',)
2026-04-28 07:39:21,349 fastran_tr_fastran_8 DEBUG    _get_service_response(REQUEST|fastran_FPP_000001@fastran@8|FRAMEWORK@Framework@0|6)
2026-04-28 07:39:21,360 fastran_tr_fastran_8 DEBUG    _get_service_response(REQUEST|fastran_FPP_000001@fastran@8|FRAMEWORK@Framework@0|6), response = ServiceResponseMessage(sender_id=FRAMEWORK@Framework@0, receiver_id=fastran_FPP_000001@fastran@8, request_msg_id=REQUEST|fastran_FPP_000001@fastran@8|FRAMEWORK@Framework@0|6,status=0, args=(<ipsframework.cca_es_spec.Topic object at 0x7fbe9a231d30>,), message_id=RESPONSE|FRAMEWORK@Framework@0|fastran_FPP_000001@fastran@8|223)
2026-04-28 07:39:21,360 fastran_tr_fastran_8 DEBUG    _invoke_service(): sendEvent  ('_IPS_MONITOR', 'PORTAL_EVENT', {'sim_name': 'fastran_FPP_000001', 'real_sim_name': 'fastran_FPP_000001', 'portal_data': {'code': 'fastran_tr_fastran', 'eventtype': 'IPS_LAUNCH_TASK', 'ok': True, 'walltime': '48.91', 'time': '2026-04-28|07:39:21PDT', 'state': 'Running', 'comment': 'task_id = 2 , Tag = None , nproc = 126 , Target = srun -N 1 -n 126 -c 1 --threads-per-core=1 --cpu-bind=cores /global/common/software/atom/perlmutter/binaries/fastran/default/xfastran_ver1.07 6 21'}})
2026-04-28 07:39:21,360 fastran_tr_fastran_8 DEBUG    _get_service_response(REQUEST|fastran_FPP_000001@fastran@8|FRAMEWORK@Framework@0|7)
2026-04-28 07:39:21,371 fastran_tr_fastran_8 DEBUG    _get_service_response(REQUEST|fastran_FPP_000001@fastran@8|FRAMEWORK@Framework@0|7), response = ServiceResponseMessage(sender_id=FRAMEWORK@Framework@0, receiver_id=fastran_FPP_000001@fastran@8, request_msg_id=REQUEST|fastran_FPP_000001@fastran@8|FRAMEWORK@Framework@0|7,status=0, args=(None,), message_id=RESPONSE|FRAMEWORK@Framework@0|fastran_FPP_000001@fastran@8|224)
2026-04-28 07:39:28,552 fastran_tr_fastran_8 DEBUG    _invoke_service(): getTopic  ('_IPS_MONITOR',)
2026-04-28 07:39:28,552 fastran_tr_fastran_8 DEBUG    _get_service_response(REQUEST|fastran_FPP_000001@fastran@8|FRAMEWORK@Framework@0|8)
2026-04-28 07:39:28,563 fastran_tr_fastran_8 DEBUG    _get_service_response(REQUEST|fastran_FPP_000001@fastran@8|FRAMEWORK@Framework@0|8), response = ServiceResponseMessage(sender_id=FRAMEWORK@Framework@0, receiver_id=fastran_FPP_000001@fastran@8, request_msg_id=REQUEST|fastran_FPP_000001@fastran@8|FRAMEWORK@Framework@0|8,status=0, args=(<ipsframework.cca_es_spec.Topic object at 0x7fbe9a2310a0>,), message_id=RESPONSE|FRAMEWORK@Framework@0|fastran_FPP_000001@fastran@8|239)
2026-04-28 07:39:28,563 fastran_tr_fastran_8 DEBUG    _invoke_service(): sendEvent  ('_IPS_MONITOR', 'PORTAL_EVENT', {'sim_name': 'fastran_FPP_000001', 'real_sim_name': 'fastran_FPP_000001', 'portal_data': {'code': 'fastran_tr_fastran', 'eventtype': 'IPS_TASK_END', 'ok': True, 'walltime': '56.11', 'time': '2026-04-28|07:39:28PDT', 'trace': {'timestamp': 1777387161349063, 'duration': 7203532, 'localEndpoint': {'serviceName': '/global/common/software/atom/perlmutter/binaries/fastran/default/xfastran_ver1.07'}, 'name': '6 21', 'id': '7a9794fb7ad7ff00', 'parentId': 'df5e6cd0e63af24f', 'tags': {'procs_requested': '126', 'cores_allocated': '128'}}, 'state': 'Running', 'comment': 'task_id = 2  elapsed time = 7.20 S'}})
2026-04-28 07:39:28,563 fastran_tr_fastran_8 DEBUG    _get_service_response(REQUEST|fastran_FPP_000001@fastran@8|FRAMEWORK@Framework@0|9)
2026-04-28 07:39:28,574 fastran_tr_fastran_8 DEBUG    _get_service_response(REQUEST|fastran_FPP_000001@fastran@8|FRAMEWORK@Framework@0|9), response = ServiceResponseMessage(sender_id=FRAMEWORK@Framework@0, receiver_id=fastran_FPP_000001@fastran@8, request_msg_id=REQUEST|fastran_FPP_000001@fastran@8|FRAMEWORK@Framework@0|9,status=0, args=(None,), message_id=RESPONSE|FRAMEWORK@Framework@0|fastran_FPP_000001@fastran@8|240)
2026-04-28 07:39:28,574 fastran_tr_fastran_8 DEBUG    _invoke_service(): finish_task  (2, 0)
2026-04-28 07:39:28,574 fastran_tr_fastran_8 DEBUG    _get_service_response(REQUEST|fastran_FPP_000001@fastran@8|FRAMEWORK@Framework@0|10)
2026-04-28 07:39:28,585 fastran_tr_fastran_8 DEBUG    _get_service_response(REQUEST|fastran_FPP_000001@fastran@8|FRAMEWORK@Framework@0|10), response = ServiceResponseMessage(sender_id=FRAMEWORK@Framework@0, receiver_id=fastran_FPP_000001@fastran@8, request_msg_id=REQUEST|fastran_FPP_000001@fastran@8|FRAMEWORK@Framework@0|10,status=0, args=(0,), message_id=RESPONSE|FRAMEWORK@Framework@0|fastran_FPP_000001@fastran@8|241)
2026-04-28 07:39:28,852 fastran_tr_fastran_8 DEBUG    _invoke_service(): update_state  (['s000001.00001', 'g000001.00001', 'i000001.00001'], '/pscratch/sd/h/hswils/github_repos/MANTA_DBSCANS/RAD_Kr_coronal/SCAN/work/fastran_tr_fastran_8', '/pscratch/sd/h/hswils/github_repos/MANTA_DBSCANS/RAD_Kr_coronal/SCAN/work/plasma_state')
2026-04-28 07:39:28,852 fastran_tr_fastran_8 DEBUG    _get_service_response(REQUEST|fastran_FPP_000001@fastran@8|FRAMEWORK@Framework@0|11)
2026-04-28 07:39:28,873 fastran_tr_fastran_8 DEBUG    _get_service_response(REQUEST|fastran_FPP_000001@fastran@8|FRAMEWORK@Framework@0|11), response = ServiceResponseMessage(sender_id=FRAMEWORK@Framework@0, receiver_id=fastran_FPP_000001@fastran@8, request_msg_id=REQUEST|fastran_FPP_000001@fastran@8|FRAMEWORK@Framework@0|11,status=0, args=(0,), message_id=RESPONSE|FRAMEWORK@Framework@0|fastran_FPP_000001@fastran@8|243)
2026-04-28 07:39:28,873 fastran_tr_fastran_8 DEBUG    _invoke_service(): getTopic  ('_IPS_MONITOR',)
2026-04-28 07:39:28,873 fastran_tr_fastran_8 DEBUG    _get_service_response(REQUEST|fastran_FPP_000001@fastran@8|FRAMEWORK@Framework@0|12)
2026-04-28 07:39:28,884 fastran_tr_fastran_8 DEBUG    _get_service_response(REQUEST|fastran_FPP_000001@fastran@8|FRAMEWORK@Framework@0|12), response = ServiceResponseMessage(sender_id=FRAMEWORK@Framework@0, receiver_id=fastran_FPP_000001@fastran@8, request_msg_id=REQUEST|fastran_FPP_000001@fastran@8|FRAMEWORK@Framework@0|12,status=0, args=(<ipsframework.cca_es_spec.Topic object at 0x7fbe9a23bc40>,), message_id=RESPONSE|FRAMEWORK@Framework@0|fastran_FPP_000001@fastran@8|244)
2026-04-28 07:39:28,884 fastran_tr_fastran_8 DEBUG    _invoke_service(): sendEvent  ('_IPS_MONITOR', 'PORTAL_EVENT', {'sim_name': 'fastran_FPP_000001', 'real_sim_name': 'fastran_FPP_000001', 'portal_data': {'code': 'fastran_tr_fastran', 'eventtype': 'IPS_UPDATE_STATE', 'ok': True, 'walltime': '56.43', 'time': '2026-04-28|07:39:28PDT', 'trace': {'timestamp': 1777387168852277, 'duration': 21453, 'localEndpoint': {'serviceName': 'update_state'}, 'name': "['s000001.00001', 'g000001.00001', 'i000001.00001']", 'id': '7629e189a66153c0', 'parentId': 'df5e6cd0e63af24f', 'tags': {}}, 'state': 'Running', 'comment': 'Elapsed time = 0.021   files = s000001.00001 g000001.00001 i000001.00001 Success'}})
2026-04-28 07:39:28,884 fastran_tr_fastran_8 DEBUG    _get_service_response(REQUEST|fastran_FPP_000001@fastran@8|FRAMEWORK@Framework@0|13)
2026-04-28 07:39:28,894 fastran_tr_fastran_8 DEBUG    _get_service_response(REQUEST|fastran_FPP_000001@fastran@8|FRAMEWORK@Framework@0|13), response = ServiceResponseMessage(sender_id=FRAMEWORK@Framework@0, receiver_id=fastran_FPP_000001@fastran@8, request_msg_id=REQUEST|fastran_FPP_000001@fastran@8|FRAMEWORK@Framework@0|13,status=0, args=(None,), message_id=RESPONSE|FRAMEWORK@Framework@0|fastran_FPP_000001@fastran@8|245)
2026-04-28 07:39:28,913 fastran_tr_fastran_8 DEBUG    _invoke_service(): getTopic  ('_IPS_MONITOR',)
2026-04-28 07:39:28,913 fastran_tr_fastran_8 DEBUG    _get_service_response(REQUEST|fastran_FPP_000001@fastran@8|FRAMEWORK@Framework@0|14)
2026-04-28 07:39:28,923 fastran_tr_fastran_8 DEBUG    _get_service_response(REQUEST|fastran_FPP_000001@fastran@8|FRAMEWORK@Framework@0|14), response = ServiceResponseMessage(sender_id=FRAMEWORK@Framework@0, receiver_id=fastran_FPP_000001@fastran@8, request_msg_id=REQUEST|fastran_FPP_000001@fastran@8|FRAMEWORK@Framework@0|14,status=0, args=(<ipsframework.cca_es_spec.Topic object at 0x7fbe9a23bd30>,), message_id=RESPONSE|FRAMEWORK@Framework@0|fastran_FPP_000001@fastran@8|246)
2026-04-28 07:39:28,923 fastran_tr_fastran_8 DEBUG    _invoke_service(): sendEvent  ('_IPS_MONITOR', 'PORTAL_EVENT', {'sim_name': 'fastran_FPP_000001', 'real_sim_name': 'fastran_FPP_000001', 'portal_data': {'code': 'fastran_tr_fastran', 'eventtype': 'IPS_STAGE_OUTPUTS', 'ok': True, 'walltime': '56.47', 'time': '2026-04-28|07:39:28PDT', 'trace': {'timestamp': 1777387168895052, 'duration': 18063, 'localEndpoint': {'serviceName': 'stage_output_files'}, 'name': "['fastran.nc', 'inprof', 'inmetric', 'infastran', 'intglf', 'xfastran.log', 'i000001.00001']", 'id': '7349cfaaafc33980', 'parentId': 'df5e6cd0e63af24f', 'tags': {}}, 'state': 'Running', 'comment': "Elapsed time = 0.018 Path = /pscratch/sd/h/hswils/github_repos/MANTA_DBSCANS/RAD_Kr_coronal/SCAN/simulation_results/0/components/fastran_tr_fastran_8 Files = ['fastran.nc', 'inprof', 'inmetric', 'infastran', 'intglf', 'xfastran.log', 'i000001.00001']"}})
2026-04-28 07:39:28,923 fastran_tr_fastran_8 DEBUG    _get_service_response(REQUEST|fastran_FPP_000001@fastran@8|FRAMEWORK@Framework@0|15)
2026-04-28 07:39:28,934 fastran_tr_fastran_8 DEBUG    _get_service_response(REQUEST|fastran_FPP_000001@fastran@8|FRAMEWORK@Framework@0|15), response = ServiceResponseMessage(sender_id=FRAMEWORK@Framework@0, receiver_id=fastran_FPP_000001@fastran@8, request_msg_id=REQUEST|fastran_FPP_000001@fastran@8|FRAMEWORK@Framework@0|15,status=0, args=(None,), message_id=RESPONSE|FRAMEWORK@Framework@0|fastran_FPP_000001@fastran@8|247)
2026-04-28 07:39:28,944 fastran_driver_fastran_driver_2 DEBUG    _get_service_response(REQUEST|fastran_FPP_000001@fastran_driver@2|FRAMEWORK@Framework@0|94), response = ServiceResponseMessage(sender_id=FRAMEWORK@Framework@0, receiver_id=fastran_FPP_000001@fastran_driver@2, request_msg_id=REQUEST|fastran_FPP_000001@fastran_driver@2|FRAMEWORK@Framework@0|94,status=0, args=((None,),), message_id=RESPONSE|FRAMEWORK@Framework@0|fastran_FPP_000001@fastran_driver@2|248)
2026-04-28 07:39:28,945 fastran_driver_fastran_driver_2 DEBUG    _invoke_service(): getTopic  ('_IPS_MONITOR',)
2026-04-28 07:39:28,945 fastran_driver_fastran_driver_2 DEBUG    _get_service_response(REQUEST|fastran_FPP_000001@fastran_driver@2|FRAMEWORK@Framework@0|95)
2026-04-28 07:39:28,955 fastran_driver_fastran_driver_2 DEBUG    _get_service_response(REQUEST|fastran_FPP_000001@fastran_driver@2|FRAMEWORK@Framework@0|95), response = ServiceResponseMessage(sender_id=FRAMEWORK@Framework@0, receiver_id=fastran_FPP_000001@fastran_driver@2, request_msg_id=REQUEST|fastran_FPP_000001@fastran_driver@2|FRAMEWORK@Framework@0|95,status=0, args=(<ipsframework.cca_es_spec.Topic object at 0x7fbe9a297d60>,), message_id=RESPONSE|FRAMEWORK@Framework@0|fastran_FPP_000001@fastran_driver@2|249)
2026-04-28 07:39:28,956 fastran_driver_fastran_driver_2 DEBUG    _invoke_service(): sendEvent  ('_IPS_MONITOR', 'PORTAL_EVENT', {'sim_name': 'fastran_FPP_000001', 'real_sim_name': 'fastran_FPP_000001', 'portal_data': {'code': 'fastran_driver_fastran_driver', 'eventtype': 'IPS_CALL_END', 'ok': True, 'walltime': '56.50', 'time': '2026-04-28|07:39:28PDT', 'trace': {'timestamp': 1777387161008784, 'duration': 7936167, 'localEndpoint': {'serviceName': 'fastran_FPP_000001@fastran@8'}, 'name': 'step(0)', 'id': 'df5e6cd0e63af24f', 'parentId': 'f899e3e5886669ce', 'tags': {}}, 'state': 'Running', 'comment': 'Target = fastran_FPP_000001@fastran@8:step(0)'}})
2026-04-28 07:39:28,956 fastran_driver_fastran_driver_2 DEBUG    _get_service_response(REQUEST|fastran_FPP_000001@fastran_driver@2|FRAMEWORK@Framework@0|96)
2026-04-28 07:39:28,967 fastran_driver_fastran_driver_2 DEBUG    _get_service_response(REQUEST|fastran_FPP_000001@fastran_driver@2|FRAMEWORK@Framework@0|96), response = ServiceResponseMessage(sender_id=FRAMEWORK@Framework@0, receiver_id=fastran_FPP_000001@fastran_driver@2, request_msg_id=REQUEST|fastran_FPP_000001@fastran_driver@2|FRAMEWORK@Framework@0|96,status=0, args=(None,), message_id=RESPONSE|FRAMEWORK@Framework@0|fastran_FPP_000001@fastran_driver@2|250)
2026-04-28 07:39:28,967 fastran_driver_fastran_driver_2 DEBUG    _invoke_service(): stage_state  (['s000001.00001', 'g000001.00001', 'i000001.00001'], '/pscratch/sd/h/hswils/github_repos/MANTA_DBSCANS/RAD_Kr_coronal/SCAN/work/plasma_state', '/pscratch/sd/h/hswils/github_repos/MANTA_DBSCANS/RAD_Kr_coronal/SCAN/work/fastran_driver_fastran_driver_2')
2026-04-28 07:39:28,967 fastran_driver_fastran_driver_2 DEBUG    _get_service_response(REQUEST|fastran_FPP_000001@fastran_driver@2|FRAMEWORK@Framework@0|97)
2026-04-28 07:39:28,988 fastran_driver_fastran_driver_2 DEBUG    _get_service_response(REQUEST|fastran_FPP_000001@fastran_driver@2|FRAMEWORK@Framework@0|97), response = ServiceResponseMessage(sender_id=FRAMEWORK@Framework@0, receiver_id=fastran_FPP_000001@fastran_driver@2, request_msg_id=REQUEST|fastran_FPP_000001@fastran_driver@2|FRAMEWORK@Framework@0|97,status=0, args=(0,), message_id=RESPONSE|FRAMEWORK@Framework@0|fastran_FPP_000001@fastran_driver@2|251)
2026-04-28 07:39:28,988 fastran_driver_fastran_driver_2 DEBUG    _invoke_service(): getTopic  ('_IPS_MONITOR',)
2026-04-28 07:39:28,988 fastran_driver_fastran_driver_2 DEBUG    _get_service_response(REQUEST|fastran_FPP_000001@fastran_driver@2|FRAMEWORK@Framework@0|98)
2026-04-28 07:39:28,998 fastran_driver_fastran_driver_2 DEBUG    _get_service_response(REQUEST|fastran_FPP_000001@fastran_driver@2|FRAMEWORK@Framework@0|98), response = ServiceResponseMessage(sender_id=FRAMEWORK@Framework@0, receiver_id=fastran_FPP_000001@fastran_driver@2, request_msg_id=REQUEST|fastran_FPP_000001@fastran_driver@2|FRAMEWORK@Framework@0|98,status=0, args=(<ipsframework.cca_es_spec.Topic object at 0x7fbe9a2977c0>,), message_id=RESPONSE|FRAMEWORK@Framework@0|fastran_FPP_000001@fastran_driver@2|252)
2026-04-28 07:39:28,998 fastran_driver_fastran_driver_2 DEBUG    _invoke_service(): sendEvent  ('_IPS_MONITOR', 'PORTAL_EVENT', {'sim_name': 'fastran_FPP_000001', 'real_sim_name': 'fastran_FPP_000001', 'portal_data': {'code': 'fastran_driver_fastran_driver', 'eventtype': 'IPS_STAGE_STATE', 'ok': True, 'walltime': '56.55', 'time': '2026-04-28|07:39:28PDT', 'trace': {'timestamp': 1777387168967341, 'duration': 20924, 'localEndpoint': {'serviceName': 'stage_state'}, 'name': "['s000001.00001', 'g000001.00001', 'i000001.00001']", 'id': '71885aecf25d7412', 'parentId': 'f899e3e5886669ce', 'tags': {}}, 'state': 'Running', 'comment': 'Elapsed time = 0.021  files = s000001.00001 g000001.00001 i000001.00001 Success'}})
2026-04-28 07:39:28,998 fastran_driver_fastran_driver_2 DEBUG    _get_service_response(REQUEST|fastran_FPP_000001@fastran_driver@2|FRAMEWORK@Framework@0|99)
2026-04-28 07:39:29,009 fastran_driver_fastran_driver_2 DEBUG    _get_service_response(REQUEST|fastran_FPP_000001@fastran_driver@2|FRAMEWORK@Framework@0|99), response = ServiceResponseMessage(sender_id=FRAMEWORK@Framework@0, receiver_id=fastran_FPP_000001@fastran_driver@2, request_msg_id=REQUEST|fastran_FPP_000001@fastran_driver@2|FRAMEWORK@Framework@0|99,status=0, args=(None,), message_id=RESPONSE|FRAMEWORK@Framework@0|fastran_FPP_000001@fastran_driver@2|253)
2026-04-28 07:39:29,010 fastran_driver_fastran_driver_2 DEBUG    _invoke_service(): getTopic  ('_IPS_MONITOR',)
2026-04-28 07:39:29,010 fastran_driver_fastran_driver_2 DEBUG    _get_service_response(REQUEST|fastran_FPP_000001@fastran_driver@2|FRAMEWORK@Framework@0|100)
2026-04-28 07:39:29,020 fastran_driver_fastran_driver_2 DEBUG    _get_service_response(REQUEST|fastran_FPP_000001@fastran_driver@2|FRAMEWORK@Framework@0|100), response = ServiceResponseMessage(sender_id=FRAMEWORK@Framework@0, receiver_id=fastran_FPP_000001@fastran_driver@2, request_msg_id=REQUEST|fastran_FPP_000001@fastran_driver@2|FRAMEWORK@Framework@0|100,status=0, args=(<ipsframework.cca_es_spec.Topic object at 0x7fbe9a297e80>,), message_id=RESPONSE|FRAMEWORK@Framework@0|fastran_FPP_000001@fastran_driver@2|254)
2026-04-28 07:39:29,021 fastran_driver_fastran_driver_2 DEBUG    _invoke_service(): sendEvent  ('_IPS_MONITOR', 'PORTAL_EVENT', {'sim_name': 'fastran_FPP_000001', 'real_sim_name': 'fastran_FPP_000001', 'portal_data': {'code': 'fastran_driver_fastran_driver', 'eventtype': 'IPS_STAGE_OUTPUTS', 'ok': True, 'walltime': '56.57', 'time': '2026-04-28|07:39:29PDT', 'trace': {'timestamp': 1777387169009306, 'duration': 1142, 'localEndpoint': {'serviceName': 'stage_output_files'}, 'name': '[]', 'id': 'ed019efe11be26d9', 'parentId': 'f899e3e5886669ce', 'tags': {}}, 'state': 'Running', 'comment': 'Elapsed time = 0.001 Path = /pscratch/sd/h/hswils/github_repos/MANTA_DBSCANS/RAD_Kr_coronal/SCAN/simulation_results/0/components/fastran_driver_fastran_driver_2 Files = []'}})
2026-04-28 07:39:29,021 fastran_driver_fastran_driver_2 DEBUG    _get_service_response(REQUEST|fastran_FPP_000001@fastran_driver@2|FRAMEWORK@Framework@0|101)
2026-04-28 07:39:29,031 fastran_driver_fastran_driver_2 DEBUG    _get_service_response(REQUEST|fastran_FPP_000001@fastran_driver@2|FRAMEWORK@Framework@0|101), response = ServiceResponseMessage(sender_id=FRAMEWORK@Framework@0, receiver_id=fastran_FPP_000001@fastran_driver@2, request_msg_id=REQUEST|fastran_FPP_000001@fastran_driver@2|FRAMEWORK@Framework@0|101,status=0, args=(None,), message_id=RESPONSE|FRAMEWORK@Framework@0|fastran_FPP_000001@fastran_driver@2|255)
2026-04-28 07:39:29,031 fastran_driver_fastran_driver_2 DEBUG    _invoke_service(): getTopic  ('_IPS_MONITOR',)
2026-04-28 07:39:29,031 fastran_driver_fastran_driver_2 DEBUG    _get_service_response(REQUEST|fastran_FPP_000001@fastran_driver@2|FRAMEWORK@Framework@0|102)
2026-04-28 07:39:29,042 fastran_driver_fastran_driver_2 DEBUG    _get_service_response(REQUEST|fastran_FPP_000001@fastran_driver@2|FRAMEWORK@Framework@0|102), response = ServiceResponseMessage(sender_id=FRAMEWORK@Framework@0, receiver_id=fastran_FPP_000001@fastran_driver@2, request_msg_id=REQUEST|fastran_FPP_000001@fastran_driver@2|FRAMEWORK@Framework@0|102,status=0, args=(<ipsframework.cca_es_spec.Topic object at 0x7fbe9a297ca0>,), message_id=RESPONSE|FRAMEWORK@Framework@0|fastran_FPP_000001@fastran_driver@2|256)
2026-04-28 07:39:29,042 fastran_driver_fastran_driver_2 DEBUG    _invoke_service(): sendEvent  ('_IPS_MONITOR', 'PORTALBRIDGE_UPDATE_TIMESTAMP', {'sim_name': 'fastran_FPP_000001', 'real_sim_name': 'fastran_FPP_000001', 'portal_data': {'phystimestamp': 1, 'eventtype': 'PORTALBRIDGE_UPDATE_TIMESTAMP'}})
2026-04-28 07:39:29,042 fastran_driver_fastran_driver_2 DEBUG    _get_service_response(REQUEST|fastran_FPP_000001@fastran_driver@2|FRAMEWORK@Framework@0|103)
2026-04-28 07:39:29,053 fastran_driver_fastran_driver_2 DEBUG    _get_service_response(REQUEST|fastran_FPP_000001@fastran_driver@2|FRAMEWORK@Framework@0|103), response = ServiceResponseMessage(sender_id=FRAMEWORK@Framework@0, receiver_id=fastran_FPP_000001@fastran_driver@2, request_msg_id=REQUEST|fastran_FPP_000001@fastran_driver@2|FRAMEWORK@Framework@0|103,status=0, args=(None,), message_id=RESPONSE|FRAMEWORK@Framework@0|fastran_FPP_000001@fastran_driver@2|257)
2026-04-28 07:39:29,053 fastran_driver_fastran_driver_2 DEBUG    _invoke_service(): getTopic  ('_IPS_MONITOR',)
2026-04-28 07:39:29,053 fastran_driver_fastran_driver_2 DEBUG    _get_service_response(REQUEST|fastran_FPP_000001@fastran_driver@2|FRAMEWORK@Framework@0|104)
2026-04-28 07:39:29,064 fastran_driver_fastran_driver_2 DEBUG    _get_service_response(REQUEST|fastran_FPP_000001@fastran_driver@2|FRAMEWORK@Framework@0|104), response = ServiceResponseMessage(sender_id=FRAMEWORK@Framework@0, receiver_id=fastran_FPP_000001@fastran_driver@2, request_msg_id=REQUEST|fastran_FPP_000001@fastran_driver@2|FRAMEWORK@Framework@0|104,status=0, args=(<ipsframework.cca_es_spec.Topic object at 0x7fbe9a297e80>,), message_id=RESPONSE|FRAMEWORK@Framework@0|fastran_FPP_000001@fastran_driver@2|258)
2026-04-28 07:39:29,064 fastran_driver_fastran_driver_2 DEBUG    _invoke_service(): sendEvent  ('_IPS_MONITOR', 'PORTAL_EVENT', {'sim_name': 'fastran_FPP_000001', 'real_sim_name': 'fastran_FPP_000001', 'portal_data': {'code': 'fastran_driver_fastran_driver', 'eventtype': 'IPS_UPDATE_TIME_STAMP', 'ok': True, 'walltime': '56.61', 'time': '2026-04-28|07:39:29PDT', 'state': 'Running', 'comment': 'Timestamp = 1'}})
2026-04-28 07:39:29,064 fastran_driver_fastran_driver_2 DEBUG    _get_service_response(REQUEST|fastran_FPP_000001@fastran_driver@2|FRAMEWORK@Framework@0|105)
2026-04-28 07:39:29,075 fastran_driver_fastran_driver_2 DEBUG    _get_service_response(REQUEST|fastran_FPP_000001@fastran_driver@2|FRAMEWORK@Framework@0|105), response = ServiceResponseMessage(sender_id=FRAMEWORK@Framework@0, receiver_id=fastran_FPP_000001@fastran_driver@2, request_msg_id=REQUEST|fastran_FPP_000001@fastran_driver@2|FRAMEWORK@Framework@0|105,status=0, args=(None,), message_id=RESPONSE|FRAMEWORK@Framework@0|fastran_FPP_000001@fastran_driver@2|259)
2026-04-28 07:39:29,075 fastran_driver_fastran_driver_2 DEBUG    _invoke_service(): getTopic  ('_IPS_MONITOR',)
2026-04-28 07:39:29,075 fastran_driver_fastran_driver_2 DEBUG    _get_service_response(REQUEST|fastran_FPP_000001@fastran_driver@2|FRAMEWORK@Framework@0|106)
2026-04-28 07:39:29,086 fastran_driver_fastran_driver_2 DEBUG    _get_service_response(REQUEST|fastran_FPP_000001@fastran_driver@2|FRAMEWORK@Framework@0|106), response = ServiceResponseMessage(sender_id=FRAMEWORK@Framework@0, receiver_id=fastran_FPP_000001@fastran_driver@2, request_msg_id=REQUEST|fastran_FPP_000001@fastran_driver@2|FRAMEWORK@Framework@0|106,status=0, args=(<ipsframework.cca_es_spec.Topic object at 0x7fbe9a297eb0>,), message_id=RESPONSE|FRAMEWORK@Framework@0|fastran_FPP_000001@fastran_driver@2|260)
2026-04-28 07:39:29,086 fastran_driver_fastran_driver_2 DEBUG    _invoke_service(): sendEvent  ('_IPS_MONITOR', 'PORTAL_EVENT', {'sim_name': 'fastran_FPP_000001', 'real_sim_name': 'fastran_FPP_000001', 'portal_data': {'code': 'fastran_driver_fastran_driver', 'eventtype': 'IPS_CALL_BEGIN', 'ok': True, 'walltime': '56.63', 'time': '2026-04-28|07:39:29PDT', 'state': 'Running', 'comment': 'Target = fastran_FPP_000001@impurity_radiation@5:step(1)'}})
2026-04-28 07:39:29,086 fastran_driver_fastran_driver_2 DEBUG    _get_service_response(REQUEST|fastran_FPP_000001@fastran_driver@2|FRAMEWORK@Framework@0|107)
2026-04-28 07:39:29,097 fastran_driver_fastran_driver_2 DEBUG    _get_service_response(REQUEST|fastran_FPP_000001@fastran_driver@2|FRAMEWORK@Framework@0|107), response = ServiceResponseMessage(sender_id=FRAMEWORK@Framework@0, receiver_id=fastran_FPP_000001@fastran_driver@2, request_msg_id=REQUEST|fastran_FPP_000001@fastran_driver@2|FRAMEWORK@Framework@0|107,status=0, args=(None,), message_id=RESPONSE|FRAMEWORK@Framework@0|fastran_FPP_000001@fastran_driver@2|261)
2026-04-28 07:39:29,097 fastran_driver_fastran_driver_2 DEBUG    _invoke_service(): init_call  ('step', 1)
2026-04-28 07:39:29,097 fastran_driver_fastran_driver_2 DEBUG    _get_service_response(REQUEST|fastran_FPP_000001@fastran_driver@2|FRAMEWORK@Framework@0|108)
2026-04-28 07:39:29,098 fastran__impurity_radiation_5 DEBUG    Received Message 
2026-04-28 07:39:29,098 fastran__impurity_radiation_5 DEBUG    Calling method step(1)
2026-04-28 07:39:29,098 fastran__impurity_radiation_5 DEBUG    _invoke_service(): stage_state  (['s000001.00001', 'g000001.00001', 'i000001.00001'], '/pscratch/sd/h/hswils/github_repos/MANTA_DBSCANS/RAD_Kr_coronal/SCAN/work/plasma_state', '/pscratch/sd/h/hswils/github_repos/MANTA_DBSCANS/RAD_Kr_coronal/SCAN/work/fastran__impurity_radiation_5')
2026-04-28 07:39:29,098 fastran__impurity_radiation_5 DEBUG    _get_service_response(REQUEST|fastran_FPP_000001@impurity_radiation@5|FRAMEWORK@Framework@0|13)
2026-04-28 07:39:29,108 fastran_driver_fastran_driver_2 DEBUG    _get_service_response(REQUEST|fastran_FPP_000001@fastran_driver@2|FRAMEWORK@Framework@0|108), response = ServiceResponseMessage(sender_id=FRAMEWORK@Framework@0, receiver_id=fastran_FPP_000001@fastran_driver@2, request_msg_id=REQUEST|fastran_FPP_000001@fastran_driver@2|FRAMEWORK@Framework@0|108,status=0, args=(23,), message_id=RESPONSE|FRAMEWORK@Framework@0|fastran_FPP_000001@fastran_driver@2|262)
2026-04-28 07:39:29,108 fastran_driver_fastran_driver_2 DEBUG    _invoke_service(): wait_call  (23, True)
2026-04-28 07:39:29,108 fastran_driver_fastran_driver_2 DEBUG    _get_service_response(REQUEST|fastran_FPP_000001@fastran_driver@2|FRAMEWORK@Framework@0|109)
2026-04-28 07:39:29,119 fastran__impurity_radiation_5 DEBUG    _get_service_response(REQUEST|fastran_FPP_000001@impurity_radiation@5|FRAMEWORK@Framework@0|13), response = ServiceResponseMessage(sender_id=FRAMEWORK@Framework@0, receiver_id=fastran_FPP_000001@impurity_radiation@5, request_msg_id=REQUEST|fastran_FPP_000001@impurity_radiation@5|FRAMEWORK@Framework@0|13,status=0, args=(0,), message_id=RESPONSE|FRAMEWORK@Framework@0|fastran_FPP_000001@impurity_radiation@5|263)
2026-04-28 07:39:29,119 fastran__impurity_radiation_5 DEBUG    _invoke_service(): getTopic  ('_IPS_MONITOR',)
2026-04-28 07:39:29,119 fastran__impurity_radiation_5 DEBUG    _get_service_response(REQUEST|fastran_FPP_000001@impurity_radiation@5|FRAMEWORK@Framework@0|14)
2026-04-28 07:39:29,130 fastran__impurity_radiation_5 DEBUG    _get_service_response(REQUEST|fastran_FPP_000001@impurity_radiation@5|FRAMEWORK@Framework@0|14), response = ServiceResponseMessage(sender_id=FRAMEWORK@Framework@0, receiver_id=fastran_FPP_000001@impurity_radiation@5, request_msg_id=REQUEST|fastran_FPP_000001@impurity_radiation@5|FRAMEWORK@Framework@0|14,status=0, args=(<ipsframework.cca_es_spec.Topic object at 0x7fbe9a22e370>,), message_id=RESPONSE|FRAMEWORK@Framework@0|fastran_FPP_000001@impurity_radiation@5|264)
2026-04-28 07:39:29,130 fastran__impurity_radiation_5 DEBUG    _invoke_service(): sendEvent  ('_IPS_MONITOR', 'PORTAL_EVENT', {'sim_name': 'fastran_FPP_000001', 'real_sim_name': 'fastran_FPP_000001', 'portal_data': {'code': 'fastran__impurity_radiation', 'eventtype': 'IPS_STAGE_STATE', 'ok': True, 'walltime': '56.68', 'time': '2026-04-28|07:39:29PDT', 'trace': {'timestamp': 1777387169098601, 'duration': 20879, 'localEndpoint': {'serviceName': 'stage_state'}, 'name': "['s000001.00001', 'g000001.00001', 'i000001.00001']", 'id': '71885aecf25d7412', 'parentId': 'dfc15df24f18fdb7', 'tags': {}}, 'state': 'Running', 'comment': 'Elapsed time = 0.021  files = s000001.00001 g000001.00001 i000001.00001 Success'}})
2026-04-28 07:39:29,130 fastran__impurity_radiation_5 DEBUG    _get_service_response(REQUEST|fastran_FPP_000001@impurity_radiation@5|FRAMEWORK@Framework@0|15)
2026-04-28 07:39:29,140 fastran__impurity_radiation_5 DEBUG    _get_service_response(REQUEST|fastran_FPP_000001@impurity_radiation@5|FRAMEWORK@Framework@0|15), response = ServiceResponseMessage(sender_id=FRAMEWORK@Framework@0, receiver_id=fastran_FPP_000001@impurity_radiation@5, request_msg_id=REQUEST|fastran_FPP_000001@impurity_radiation@5|FRAMEWORK@Framework@0|15,status=0, args=(None,), message_id=RESPONSE|FRAMEWORK@Framework@0|fastran_FPP_000001@impurity_radiation@5|265)
2026-04-28 07:39:29,140 fastran__impurity_radiation_5 DEBUG    _invoke_service(): getTopic  ('_IPS_MONITOR',)
2026-04-28 07:39:29,141 fastran__impurity_radiation_5 DEBUG    _get_service_response(REQUEST|fastran_FPP_000001@impurity_radiation@5|FRAMEWORK@Framework@0|16)
2026-04-28 07:39:29,151 fastran__impurity_radiation_5 DEBUG    _get_service_response(REQUEST|fastran_FPP_000001@impurity_radiation@5|FRAMEWORK@Framework@0|16), response = ServiceResponseMessage(sender_id=FRAMEWORK@Framework@0, receiver_id=fastran_FPP_000001@impurity_radiation@5, request_msg_id=REQUEST|fastran_FPP_000001@impurity_radiation@5|FRAMEWORK@Framework@0|16,status=0, args=(<ipsframework.cca_es_spec.Topic object at 0x7fbe9a22e5b0>,), message_id=RESPONSE|FRAMEWORK@Framework@0|fastran_FPP_000001@impurity_radiation@5|266)
2026-04-28 07:39:29,151 fastran__impurity_radiation_5 DEBUG    _invoke_service(): sendEvent  ('_IPS_MONITOR', 'PORTAL_EVENT', {'sim_name': 'fastran_FPP_000001', 'real_sim_name': 'fastran_FPP_000001', 'portal_data': {'code': 'fastran__impurity_radiation', 'eventtype': 'IPS_STAGE_INPUTS', 'ok': True, 'walltime': '56.70', 'time': '2026-04-28|07:39:29PDT', 'trace': {'timestamp': 1777387169140864, 'duration': 49, 'localEndpoint': {'serviceName': 'stage_input_files'}, 'name': '', 'id': 'e70cb59b389672bf', 'parentId': 'dfc15df24f18fdb7', 'tags': {}}, 'state': 'Running', 'comment': 'Elapsed time = 0.000 Path = /pscratch/sd/h/hswils/github_repos/MANTA_DBSCANS/RAD_Kr_coronal/input Files = '}})
2026-04-28 07:39:29,151 fastran__impurity_radiation_5 DEBUG    _get_service_response(REQUEST|fastran_FPP_000001@impurity_radiation@5|FRAMEWORK@Framework@0|17)
2026-04-28 07:39:29,162 fastran__impurity_radiation_5 DEBUG    _get_service_response(REQUEST|fastran_FPP_000001@impurity_radiation@5|FRAMEWORK@Framework@0|17), response = ServiceResponseMessage(sender_id=FRAMEWORK@Framework@0, receiver_id=fastran_FPP_000001@impurity_radiation@5, request_msg_id=REQUEST|fastran_FPP_000001@impurity_radiation@5|FRAMEWORK@Framework@0|17,status=0, args=(None,), message_id=RESPONSE|FRAMEWORK@Framework@0|fastran_FPP_000001@impurity_radiation@5|267)
2026-04-28 07:39:29,361 fastran__impurity_radiation_5 DEBUG    _invoke_service(): update_state  (['s000001.00001', 'g000001.00001', 'i000001.00001'], '/pscratch/sd/h/hswils/github_repos/MANTA_DBSCANS/RAD_Kr_coronal/SCAN/work/fastran__impurity_radiation_5', '/pscratch/sd/h/hswils/github_repos/MANTA_DBSCANS/RAD_Kr_coronal/SCAN/work/plasma_state')
2026-04-28 07:39:29,362 fastran__impurity_radiation_5 DEBUG    _get_service_response(REQUEST|fastran_FPP_000001@impurity_radiation@5|FRAMEWORK@Framework@0|18)
2026-04-28 07:39:29,383 fastran__impurity_radiation_5 DEBUG    _get_service_response(REQUEST|fastran_FPP_000001@impurity_radiation@5|FRAMEWORK@Framework@0|18), response = ServiceResponseMessage(sender_id=FRAMEWORK@Framework@0, receiver_id=fastran_FPP_000001@impurity_radiation@5, request_msg_id=REQUEST|fastran_FPP_000001@impurity_radiation@5|FRAMEWORK@Framework@0|18,status=0, args=(0,), message_id=RESPONSE|FRAMEWORK@Framework@0|fastran_FPP_000001@impurity_radiation@5|269)
2026-04-28 07:39:29,383 fastran__impurity_radiation_5 DEBUG    _invoke_service(): getTopic  ('_IPS_MONITOR',)
2026-04-28 07:39:29,383 fastran__impurity_radiation_5 DEBUG    _get_service_response(REQUEST|fastran_FPP_000001@impurity_radiation@5|FRAMEWORK@Framework@0|19)
2026-04-28 07:39:29,393 fastran__impurity_radiation_5 DEBUG    _get_service_response(REQUEST|fastran_FPP_000001@impurity_radiation@5|FRAMEWORK@Framework@0|19), response = ServiceResponseMessage(sender_id=FRAMEWORK@Framework@0, receiver_id=fastran_FPP_000001@impurity_radiation@5, request_msg_id=REQUEST|fastran_FPP_000001@impurity_radiation@5|FRAMEWORK@Framework@0|19,status=0, args=(<ipsframework.cca_es_spec.Topic object at 0x7fbe9a22e2e0>,), message_id=RESPONSE|FRAMEWORK@Framework@0|fastran_FPP_000001@impurity_radiation@5|270)
2026-04-28 07:39:29,393 fastran__impurity_radiation_5 DEBUG    _invoke_service(): sendEvent  ('_IPS_MONITOR', 'PORTAL_EVENT', {'sim_name': 'fastran_FPP_000001', 'real_sim_name': 'fastran_FPP_000001', 'portal_data': {'code': 'fastran__impurity_radiation', 'eventtype': 'IPS_UPDATE_STATE', 'ok': True, 'walltime': '56.94', 'time': '2026-04-28|07:39:29PDT', 'trace': {'timestamp': 1777387169361761, 'duration': 21438, 'localEndpoint': {'serviceName': 'update_state'}, 'name': "['s000001.00001', 'g000001.00001', 'i000001.00001']", 'id': '7629e189a66153c0', 'parentId': 'dfc15df24f18fdb7', 'tags': {}}, 'state': 'Running', 'comment': 'Elapsed time = 0.021   files = s000001.00001 g000001.00001 i000001.00001 Success'}})
2026-04-28 07:39:29,394 fastran__impurity_radiation_5 DEBUG    _get_service_response(REQUEST|fastran_FPP_000001@impurity_radiation@5|FRAMEWORK@Framework@0|20)
2026-04-28 07:39:29,404 fastran__impurity_radiation_5 DEBUG    _get_service_response(REQUEST|fastran_FPP_000001@impurity_radiation@5|FRAMEWORK@Framework@0|20), response = ServiceResponseMessage(sender_id=FRAMEWORK@Framework@0, receiver_id=fastran_FPP_000001@impurity_radiation@5, request_msg_id=REQUEST|fastran_FPP_000001@impurity_radiation@5|FRAMEWORK@Framework@0|20,status=0, args=(None,), message_id=RESPONSE|FRAMEWORK@Framework@0|fastran_FPP_000001@impurity_radiation@5|271)
2026-04-28 07:39:29,406 fastran__impurity_radiation_5 DEBUG    _invoke_service(): getTopic  ('_IPS_MONITOR',)
2026-04-28 07:39:29,406 fastran__impurity_radiation_5 DEBUG    _get_service_response(REQUEST|fastran_FPP_000001@impurity_radiation@5|FRAMEWORK@Framework@0|21)
2026-04-28 07:39:29,416 fastran__impurity_radiation_5 DEBUG    _get_service_response(REQUEST|fastran_FPP_000001@impurity_radiation@5|FRAMEWORK@Framework@0|21), response = ServiceResponseMessage(sender_id=FRAMEWORK@Framework@0, receiver_id=fastran_FPP_000001@impurity_radiation@5, request_msg_id=REQUEST|fastran_FPP_000001@impurity_radiation@5|FRAMEWORK@Framework@0|21,status=0, args=(<ipsframework.cca_es_spec.Topic object at 0x7fbe9a22e340>,), message_id=RESPONSE|FRAMEWORK@Framework@0|fastran_FPP_000001@impurity_radiation@5|272)
2026-04-28 07:39:29,416 fastran__impurity_radiation_5 DEBUG    _invoke_service(): sendEvent  ('_IPS_MONITOR', 'PORTAL_EVENT', {'sim_name': 'fastran_FPP_000001', 'real_sim_name': 'fastran_FPP_000001', 'portal_data': {'code': 'fastran__impurity_radiation', 'eventtype': 'IPS_STAGE_OUTPUTS', 'ok': True, 'walltime': '56.97', 'time': '2026-04-28|07:39:29PDT', 'trace': {'timestamp': 1777387169404803, 'duration': 1219, 'localEndpoint': {'serviceName': 'stage_output_files'}, 'name': '[]', 'id': 'ed019efe11be26d9', 'parentId': 'dfc15df24f18fdb7', 'tags': {}}, 'state': 'Running', 'comment': 'Elapsed time = 0.001 Path = /pscratch/sd/h/hswils/github_repos/MANTA_DBSCANS/RAD_Kr_coronal/SCAN/simulation_results/1/components/fastran__impurity_radiation_5 Files = []'}})
2026-04-28 07:39:29,416 fastran__impurity_radiation_5 DEBUG    _get_service_response(REQUEST|fastran_FPP_000001@impurity_radiation@5|FRAMEWORK@Framework@0|22)
2026-04-28 07:39:29,427 fastran__impurity_radiation_5 DEBUG    _get_service_response(REQUEST|fastran_FPP_000001@impurity_radiation@5|FRAMEWORK@Framework@0|22), response = ServiceResponseMessage(sender_id=FRAMEWORK@Framework@0, receiver_id=fastran_FPP_000001@impurity_radiation@5, request_msg_id=REQUEST|fastran_FPP_000001@impurity_radiation@5|FRAMEWORK@Framework@0|22,status=0, args=(None,), message_id=RESPONSE|FRAMEWORK@Framework@0|fastran_FPP_000001@impurity_radiation@5|273)
2026-04-28 07:39:29,438 fastran_driver_fastran_driver_2 DEBUG    _get_service_response(REQUEST|fastran_FPP_000001@fastran_driver@2|FRAMEWORK@Framework@0|109), response = ServiceResponseMessage(sender_id=FRAMEWORK@Framework@0, receiver_id=fastran_FPP_000001@fastran_driver@2, request_msg_id=REQUEST|fastran_FPP_000001@fastran_driver@2|FRAMEWORK@Framework@0|109,status=0, args=((None,),), message_id=RESPONSE|FRAMEWORK@Framework@0|fastran_FPP_000001@fastran_driver@2|274)
2026-04-28 07:39:29,438 fastran_driver_fastran_driver_2 DEBUG    _invoke_service(): getTopic  ('_IPS_MONITOR',)
2026-04-28 07:39:29,438 fastran_driver_fastran_driver_2 DEBUG    _get_service_response(REQUEST|fastran_FPP_000001@fastran_driver@2|FRAMEWORK@Framework@0|110)
2026-04-28 07:39:29,449 fastran_driver_fastran_driver_2 DEBUG    _get_service_response(REQUEST|fastran_FPP_000001@fastran_driver@2|FRAMEWORK@Framework@0|110), response = ServiceResponseMessage(sender_id=FRAMEWORK@Framework@0, receiver_id=fastran_FPP_000001@fastran_driver@2, request_msg_id=REQUEST|fastran_FPP_000001@fastran_driver@2|FRAMEWORK@Framework@0|110,status=0, args=(<ipsframework.cca_es_spec.Topic object at 0x7fbe9a297b50>,), message_id=RESPONSE|FRAMEWORK@Framework@0|fastran_FPP_000001@fastran_driver@2|275)
2026-04-28 07:39:29,449 fastran_driver_fastran_driver_2 DEBUG    _invoke_service(): sendEvent  ('_IPS_MONITOR', 'PORTAL_EVENT', {'sim_name': 'fastran_FPP_000001', 'real_sim_name': 'fastran_FPP_000001', 'portal_data': {'code': 'fastran_driver_fastran_driver', 'eventtype': 'IPS_CALL_END', 'ok': True, 'walltime': '57.00', 'time': '2026-04-28|07:39:29PDT', 'trace': {'timestamp': 1777387169108350, 'duration': 329985, 'localEndpoint': {'serviceName': 'fastran_FPP_000001@impurity_radiation@5'}, 'name': 'step(1)', 'id': 'dfc15df24f18fdb7', 'parentId': 'f899e3e5886669ce', 'tags': {}}, 'state': 'Running', 'comment': 'Target = fastran_FPP_000001@impurity_radiation@5:step(1)'}})
2026-04-28 07:39:29,449 fastran_driver_fastran_driver_2 DEBUG    _get_service_response(REQUEST|fastran_FPP_000001@fastran_driver@2|FRAMEWORK@Framework@0|111)
2026-04-28 07:39:29,460 fastran_driver_fastran_driver_2 DEBUG    _get_service_response(REQUEST|fastran_FPP_000001@fastran_driver@2|FRAMEWORK@Framework@0|111), response = ServiceResponseMessage(sender_id=FRAMEWORK@Framework@0, receiver_id=fastran_FPP_000001@fastran_driver@2, request_msg_id=REQUEST|fastran_FPP_000001@fastran_driver@2|FRAMEWORK@Framework@0|111,status=0, args=(None,), message_id=RESPONSE|FRAMEWORK@Framework@0|fastran_FPP_000001@fastran_driver@2|276)
2026-04-28 07:39:29,460 fastran_driver_fastran_driver_2 DEBUG    _invoke_service(): getTopic  ('_IPS_MONITOR',)
2026-04-28 07:39:29,460 fastran_driver_fastran_driver_2 DEBUG    _get_service_response(REQUEST|fastran_FPP_000001@fastran_driver@2|FRAMEWORK@Framework@0|112)
2026-04-28 07:39:29,471 fastran_driver_fastran_driver_2 DEBUG    _get_service_response(REQUEST|fastran_FPP_000001@fastran_driver@2|FRAMEWORK@Framework@0|112), response = ServiceResponseMessage(sender_id=FRAMEWORK@Framework@0, receiver_id=fastran_FPP_000001@fastran_driver@2, request_msg_id=REQUEST|fastran_FPP_000001@fastran_driver@2|FRAMEWORK@Framework@0|112,status=0, args=(<ipsframework.cca_es_spec.Topic object at 0x7fbe9a297f10>,), message_id=RESPONSE|FRAMEWORK@Framework@0|fastran_FPP_000001@fastran_driver@2|277)
2026-04-28 07:39:29,471 fastran_driver_fastran_driver_2 DEBUG    _invoke_service(): sendEvent  ('_IPS_MONITOR', 'PORTAL_EVENT', {'sim_name': 'fastran_FPP_000001', 'real_sim_name': 'fastran_FPP_000001', 'portal_data': {'code': 'fastran_driver_fastran_driver', 'eventtype': 'IPS_CALL_BEGIN', 'ok': True, 'walltime': '57.02', 'time': '2026-04-28|07:39:29PDT', 'state': 'Running', 'comment': 'Target = fastran_FPP_000001@hcd_model@6:step(1)'}})
2026-04-28 07:39:29,471 fastran_driver_fastran_driver_2 DEBUG    _get_service_response(REQUEST|fastran_FPP_000001@fastran_driver@2|FRAMEWORK@Framework@0|113)
2026-04-28 07:39:29,482 fastran_driver_fastran_driver_2 DEBUG    _get_service_response(REQUEST|fastran_FPP_000001@fastran_driver@2|FRAMEWORK@Framework@0|113), response = ServiceResponseMessage(sender_id=FRAMEWORK@Framework@0, receiver_id=fastran_FPP_000001@fastran_driver@2, request_msg_id=REQUEST|fastran_FPP_000001@fastran_driver@2|FRAMEWORK@Framework@0|113,status=0, args=(None,), message_id=RESPONSE|FRAMEWORK@Framework@0|fastran_FPP_000001@fastran_driver@2|278)
2026-04-28 07:39:29,482 fastran_driver_fastran_driver_2 DEBUG    _invoke_service(): init_call  ('step', 1)
2026-04-28 07:39:29,482 fastran_driver_fastran_driver_2 DEBUG    _get_service_response(REQUEST|fastran_FPP_000001@fastran_driver@2|FRAMEWORK@Framework@0|114)
2026-04-28 07:39:29,483 fastran_ic_hcd_model_6 DEBUG    Received Message 
2026-04-28 07:39:29,483 fastran_ic_hcd_model_6 DEBUG    Calling method step(1)
2026-04-28 07:39:29,483 fastran_ic_hcd_model_6 DEBUG    _invoke_service(): stage_state  (['s000001.00001', 'g000001.00001', 'i000001.00001'], '/pscratch/sd/h/hswils/github_repos/MANTA_DBSCANS/RAD_Kr_coronal/SCAN/work/plasma_state', '/pscratch/sd/h/hswils/github_repos/MANTA_DBSCANS/RAD_Kr_coronal/SCAN/work/fastran_ic_hcd_model_6')
2026-04-28 07:39:29,483 fastran_ic_hcd_model_6 DEBUG    _get_service_response(REQUEST|fastran_FPP_000001@hcd_model@6|FRAMEWORK@Framework@0|10)
2026-04-28 07:39:29,492 fastran_driver_fastran_driver_2 DEBUG    _get_service_response(REQUEST|fastran_FPP_000001@fastran_driver@2|FRAMEWORK@Framework@0|114), response = ServiceResponseMessage(sender_id=FRAMEWORK@Framework@0, receiver_id=fastran_FPP_000001@fastran_driver@2, request_msg_id=REQUEST|fastran_FPP_000001@fastran_driver@2|FRAMEWORK@Framework@0|114,status=0, args=(24,), message_id=RESPONSE|FRAMEWORK@Framework@0|fastran_FPP_000001@fastran_driver@2|279)
2026-04-28 07:39:29,492 fastran_driver_fastran_driver_2 DEBUG    _invoke_service(): wait_call  (24, True)
2026-04-28 07:39:29,493 fastran_driver_fastran_driver_2 DEBUG    _get_service_response(REQUEST|fastran_FPP_000001@fastran_driver@2|FRAMEWORK@Framework@0|115)
2026-04-28 07:39:29,504 fastran_ic_hcd_model_6 DEBUG    _get_service_response(REQUEST|fastran_FPP_000001@hcd_model@6|FRAMEWORK@Framework@0|10), response = ServiceResponseMessage(sender_id=FRAMEWORK@Framework@0, receiver_id=fastran_FPP_000001@hcd_model@6, request_msg_id=REQUEST|fastran_FPP_000001@hcd_model@6|FRAMEWORK@Framework@0|10,status=0, args=(0,), message_id=RESPONSE|FRAMEWORK@Framework@0|fastran_FPP_000001@hcd_model@6|280)
2026-04-28 07:39:29,505 fastran_ic_hcd_model_6 DEBUG    _invoke_service(): getTopic  ('_IPS_MONITOR',)
2026-04-28 07:39:29,505 fastran_ic_hcd_model_6 DEBUG    _get_service_response(REQUEST|fastran_FPP_000001@hcd_model@6|FRAMEWORK@Framework@0|11)
2026-04-28 07:39:29,515 fastran_ic_hcd_model_6 DEBUG    _get_service_response(REQUEST|fastran_FPP_000001@hcd_model@6|FRAMEWORK@Framework@0|11), response = ServiceResponseMessage(sender_id=FRAMEWORK@Framework@0, receiver_id=fastran_FPP_000001@hcd_model@6, request_msg_id=REQUEST|fastran_FPP_000001@hcd_model@6|FRAMEWORK@Framework@0|11,status=0, args=(<ipsframework.cca_es_spec.Topic object at 0x7fbe9a2369d0>,), message_id=RESPONSE|FRAMEWORK@Framework@0|fastran_FPP_000001@hcd_model@6|281)
2026-04-28 07:39:29,515 fastran_ic_hcd_model_6 DEBUG    _invoke_service(): sendEvent  ('_IPS_MONITOR', 'PORTAL_EVENT', {'sim_name': 'fastran_FPP_000001', 'real_sim_name': 'fastran_FPP_000001', 'portal_data': {'code': 'fastran_ic_hcd_model', 'eventtype': 'IPS_STAGE_STATE', 'ok': True, 'walltime': '57.06', 'time': '2026-04-28|07:39:29PDT', 'trace': {'timestamp': 1777387169483454, 'duration': 21486, 'localEndpoint': {'serviceName': 'stage_state'}, 'name': "['s000001.00001', 'g000001.00001', 'i000001.00001']", 'id': '71885aecf25d7412', 'parentId': '027faaeff0c60d04', 'tags': {}}, 'state': 'Running', 'comment': 'Elapsed time = 0.021  files = s000001.00001 g000001.00001 i000001.00001 Success'}})
2026-04-28 07:39:29,515 fastran_ic_hcd_model_6 DEBUG    _get_service_response(REQUEST|fastran_FPP_000001@hcd_model@6|FRAMEWORK@Framework@0|12)
2026-04-28 07:39:29,526 fastran_ic_hcd_model_6 DEBUG    _get_service_response(REQUEST|fastran_FPP_000001@hcd_model@6|FRAMEWORK@Framework@0|12), response = ServiceResponseMessage(sender_id=FRAMEWORK@Framework@0, receiver_id=fastran_FPP_000001@hcd_model@6, request_msg_id=REQUEST|fastran_FPP_000001@hcd_model@6|FRAMEWORK@Framework@0|12,status=0, args=(None,), message_id=RESPONSE|FRAMEWORK@Framework@0|fastran_FPP_000001@hcd_model@6|282)
2026-04-28 07:39:29,530 fastran_ic_hcd_model_6 DEBUG    _invoke_service(): getTopic  ('_IPS_MONITOR',)
2026-04-28 07:39:29,530 fastran_ic_hcd_model_6 DEBUG    _get_service_response(REQUEST|fastran_FPP_000001@hcd_model@6|FRAMEWORK@Framework@0|13)
2026-04-28 07:39:29,541 fastran_ic_hcd_model_6 DEBUG    _get_service_response(REQUEST|fastran_FPP_000001@hcd_model@6|FRAMEWORK@Framework@0|13), response = ServiceResponseMessage(sender_id=FRAMEWORK@Framework@0, receiver_id=fastran_FPP_000001@hcd_model@6, request_msg_id=REQUEST|fastran_FPP_000001@hcd_model@6|FRAMEWORK@Framework@0|13,status=0, args=(<ipsframework.cca_es_spec.Topic object at 0x7fbe9a236460>,), message_id=RESPONSE|FRAMEWORK@Framework@0|fastran_FPP_000001@hcd_model@6|283)
2026-04-28 07:39:29,541 fastran_ic_hcd_model_6 DEBUG    _invoke_service(): sendEvent  ('_IPS_MONITOR', 'PORTAL_EVENT', {'sim_name': 'fastran_FPP_000001', 'real_sim_name': 'fastran_FPP_000001', 'portal_data': {'code': 'fastran_ic_hcd_model', 'eventtype': 'IPS_STAGE_INPUTS', 'ok': True, 'walltime': '57.09', 'time': '2026-04-28|07:39:29PDT', 'trace': {'timestamp': 1777387169526557, 'duration': 4297, 'localEndpoint': {'serviceName': 'stage_input_files'}, 'name': 'inhcd', 'id': '5ee53c28a9607896', 'parentId': '027faaeff0c60d04', 'tags': {}}, 'state': 'Running', 'comment': 'Elapsed time = 0.004 Path = /pscratch/sd/h/hswils/github_repos/MANTA_DBSCANS/RAD_Kr_coronal/input Files = inhcd'}})
2026-04-28 07:39:29,541 fastran_ic_hcd_model_6 DEBUG    _get_service_response(REQUEST|fastran_FPP_000001@hcd_model@6|FRAMEWORK@Framework@0|14)
2026-04-28 07:39:29,552 fastran_ic_hcd_model_6 DEBUG    _get_service_response(REQUEST|fastran_FPP_000001@hcd_model@6|FRAMEWORK@Framework@0|14), response = ServiceResponseMessage(sender_id=FRAMEWORK@Framework@0, receiver_id=fastran_FPP_000001@hcd_model@6, request_msg_id=REQUEST|fastran_FPP_000001@hcd_model@6|FRAMEWORK@Framework@0|14,status=0, args=(None,), message_id=RESPONSE|FRAMEWORK@Framework@0|fastran_FPP_000001@hcd_model@6|284)
2026-04-28 07:39:29,681 fastran_ic_hcd_model_6 DEBUG    _invoke_service(): update_state  (['s000001.00001', 'g000001.00001', 'i000001.00001'], '/pscratch/sd/h/hswils/github_repos/MANTA_DBSCANS/RAD_Kr_coronal/SCAN/work/fastran_ic_hcd_model_6', '/pscratch/sd/h/hswils/github_repos/MANTA_DBSCANS/RAD_Kr_coronal/SCAN/work/plasma_state')
2026-04-28 07:39:29,681 fastran_ic_hcd_model_6 DEBUG    _get_service_response(REQUEST|fastran_FPP_000001@hcd_model@6|FRAMEWORK@Framework@0|15)
2026-04-28 07:39:29,702 fastran_ic_hcd_model_6 DEBUG    _get_service_response(REQUEST|fastran_FPP_000001@hcd_model@6|FRAMEWORK@Framework@0|15), response = ServiceResponseMessage(sender_id=FRAMEWORK@Framework@0, receiver_id=fastran_FPP_000001@hcd_model@6, request_msg_id=REQUEST|fastran_FPP_000001@hcd_model@6|FRAMEWORK@Framework@0|15,status=0, args=(0,), message_id=RESPONSE|FRAMEWORK@Framework@0|fastran_FPP_000001@hcd_model@6|286)
2026-04-28 07:39:29,702 fastran_ic_hcd_model_6 DEBUG    _invoke_service(): getTopic  ('_IPS_MONITOR',)
2026-04-28 07:39:29,702 fastran_ic_hcd_model_6 DEBUG    _get_service_response(REQUEST|fastran_FPP_000001@hcd_model@6|FRAMEWORK@Framework@0|16)
2026-04-28 07:39:29,713 fastran_ic_hcd_model_6 DEBUG    _get_service_response(REQUEST|fastran_FPP_000001@hcd_model@6|FRAMEWORK@Framework@0|16), response = ServiceResponseMessage(sender_id=FRAMEWORK@Framework@0, receiver_id=fastran_FPP_000001@hcd_model@6, request_msg_id=REQUEST|fastran_FPP_000001@hcd_model@6|FRAMEWORK@Framework@0|16,status=0, args=(<ipsframework.cca_es_spec.Topic object at 0x7fbe9a236820>,), message_id=RESPONSE|FRAMEWORK@Framework@0|fastran_FPP_000001@hcd_model@6|287)
2026-04-28 07:39:29,713 fastran_ic_hcd_model_6 DEBUG    _invoke_service(): sendEvent  ('_IPS_MONITOR', 'PORTAL_EVENT', {'sim_name': 'fastran_FPP_000001', 'real_sim_name': 'fastran_FPP_000001', 'portal_data': {'code': 'fastran_ic_hcd_model', 'eventtype': 'IPS_UPDATE_STATE', 'ok': True, 'walltime': '57.26', 'time': '2026-04-28|07:39:29PDT', 'trace': {'timestamp': 1777387169680994, 'duration': 21255, 'localEndpoint': {'serviceName': 'update_state'}, 'name': "['s000001.00001', 'g000001.00001', 'i000001.00001']", 'id': '7629e189a66153c0', 'parentId': '027faaeff0c60d04', 'tags': {}}, 'state': 'Running', 'comment': 'Elapsed time = 0.021   files = s000001.00001 g000001.00001 i000001.00001 Success'}})
2026-04-28 07:39:29,713 fastran_ic_hcd_model_6 DEBUG    _get_service_response(REQUEST|fastran_FPP_000001@hcd_model@6|FRAMEWORK@Framework@0|17)
2026-04-28 07:39:29,723 fastran_ic_hcd_model_6 DEBUG    _get_service_response(REQUEST|fastran_FPP_000001@hcd_model@6|FRAMEWORK@Framework@0|17), response = ServiceResponseMessage(sender_id=FRAMEWORK@Framework@0, receiver_id=fastran_FPP_000001@hcd_model@6, request_msg_id=REQUEST|fastran_FPP_000001@hcd_model@6|FRAMEWORK@Framework@0|17,status=0, args=(None,), message_id=RESPONSE|FRAMEWORK@Framework@0|fastran_FPP_000001@hcd_model@6|288)
2026-04-28 07:39:29,725 fastran_ic_hcd_model_6 DEBUG    _invoke_service(): getTopic  ('_IPS_MONITOR',)
2026-04-28 07:39:29,725 fastran_ic_hcd_model_6 DEBUG    _get_service_response(REQUEST|fastran_FPP_000001@hcd_model@6|FRAMEWORK@Framework@0|18)
2026-04-28 07:39:29,735 fastran_ic_hcd_model_6 DEBUG    _get_service_response(REQUEST|fastran_FPP_000001@hcd_model@6|FRAMEWORK@Framework@0|18), response = ServiceResponseMessage(sender_id=FRAMEWORK@Framework@0, receiver_id=fastran_FPP_000001@hcd_model@6, request_msg_id=REQUEST|fastran_FPP_000001@hcd_model@6|FRAMEWORK@Framework@0|18,status=0, args=(<ipsframework.cca_es_spec.Topic object at 0x7fbe9a236a90>,), message_id=RESPONSE|FRAMEWORK@Framework@0|fastran_FPP_000001@hcd_model@6|289)
2026-04-28 07:39:29,735 fastran_ic_hcd_model_6 DEBUG    _invoke_service(): sendEvent  ('_IPS_MONITOR', 'PORTAL_EVENT', {'sim_name': 'fastran_FPP_000001', 'real_sim_name': 'fastran_FPP_000001', 'portal_data': {'code': 'fastran_ic_hcd_model', 'eventtype': 'IPS_STAGE_OUTPUTS', 'ok': True, 'walltime': '57.28', 'time': '2026-04-28|07:39:29PDT', 'trace': {'timestamp': 1777387169723944, 'duration': 1384, 'localEndpoint': {'serviceName': 'stage_output_files'}, 'name': '[]', 'id': 'ed019efe11be26d9', 'parentId': '027faaeff0c60d04', 'tags': {}}, 'state': 'Running', 'comment': 'Elapsed time = 0.001 Path = /pscratch/sd/h/hswils/github_repos/MANTA_DBSCANS/RAD_Kr_coronal/SCAN/simulation_results/1/components/fastran_ic_hcd_model_6 Files = []'}})
2026-04-28 07:39:29,735 fastran_ic_hcd_model_6 DEBUG    _get_service_response(REQUEST|fastran_FPP_000001@hcd_model@6|FRAMEWORK@Framework@0|19)
2026-04-28 07:39:29,746 fastran_ic_hcd_model_6 DEBUG    _get_service_response(REQUEST|fastran_FPP_000001@hcd_model@6|FRAMEWORK@Framework@0|19), response = ServiceResponseMessage(sender_id=FRAMEWORK@Framework@0, receiver_id=fastran_FPP_000001@hcd_model@6, request_msg_id=REQUEST|fastran_FPP_000001@hcd_model@6|FRAMEWORK@Framework@0|19,status=0, args=(None,), message_id=RESPONSE|FRAMEWORK@Framework@0|fastran_FPP_000001@hcd_model@6|290)
2026-04-28 07:39:29,757 fastran_driver_fastran_driver_2 DEBUG    _get_service_response(REQUEST|fastran_FPP_000001@fastran_driver@2|FRAMEWORK@Framework@0|115), response = ServiceResponseMessage(sender_id=FRAMEWORK@Framework@0, receiver_id=fastran_FPP_000001@fastran_driver@2, request_msg_id=REQUEST|fastran_FPP_000001@fastran_driver@2|FRAMEWORK@Framework@0|115,status=0, args=((None,),), message_id=RESPONSE|FRAMEWORK@Framework@0|fastran_FPP_000001@fastran_driver@2|291)
2026-04-28 07:39:29,757 fastran_driver_fastran_driver_2 DEBUG    _invoke_service(): getTopic  ('_IPS_MONITOR',)
2026-04-28 07:39:29,757 fastran_driver_fastran_driver_2 DEBUG    _get_service_response(REQUEST|fastran_FPP_000001@fastran_driver@2|FRAMEWORK@Framework@0|116)
2026-04-28 07:39:29,767 fastran_driver_fastran_driver_2 DEBUG    _get_service_response(REQUEST|fastran_FPP_000001@fastran_driver@2|FRAMEWORK@Framework@0|116), response = ServiceResponseMessage(sender_id=FRAMEWORK@Framework@0, receiver_id=fastran_FPP_000001@fastran_driver@2, request_msg_id=REQUEST|fastran_FPP_000001@fastran_driver@2|FRAMEWORK@Framework@0|116,status=0, args=(<ipsframework.cca_es_spec.Topic object at 0x7fbe9a297ee0>,), message_id=RESPONSE|FRAMEWORK@Framework@0|fastran_FPP_000001@fastran_driver@2|292)
2026-04-28 07:39:29,767 fastran_driver_fastran_driver_2 DEBUG    _invoke_service(): sendEvent  ('_IPS_MONITOR', 'PORTAL_EVENT', {'sim_name': 'fastran_FPP_000001', 'real_sim_name': 'fastran_FPP_000001', 'portal_data': {'code': 'fastran_driver_fastran_driver', 'eventtype': 'IPS_CALL_END', 'ok': True, 'walltime': '57.32', 'time': '2026-04-28|07:39:29PDT', 'trace': {'timestamp': 1777387169492987, 'duration': 264088, 'localEndpoint': {'serviceName': 'fastran_FPP_000001@hcd_model@6'}, 'name': 'step(1)', 'id': '027faaeff0c60d04', 'parentId': 'f899e3e5886669ce', 'tags': {}}, 'state': 'Running', 'comment': 'Target = fastran_FPP_000001@hcd_model@6:step(1)'}})
2026-04-28 07:39:29,768 fastran_driver_fastran_driver_2 DEBUG    _get_service_response(REQUEST|fastran_FPP_000001@fastran_driver@2|FRAMEWORK@Framework@0|117)
2026-04-28 07:39:29,778 fastran_driver_fastran_driver_2 DEBUG    _get_service_response(REQUEST|fastran_FPP_000001@fastran_driver@2|FRAMEWORK@Framework@0|117), response = ServiceResponseMessage(sender_id=FRAMEWORK@Framework@0, receiver_id=fastran_FPP_000001@fastran_driver@2, request_msg_id=REQUEST|fastran_FPP_000001@fastran_driver@2|FRAMEWORK@Framework@0|117,status=0, args=(None,), message_id=RESPONSE|FRAMEWORK@Framework@0|fastran_FPP_000001@fastran_driver@2|293)
2026-04-28 07:39:29,778 fastran_driver_fastran_driver_2 DEBUG    _invoke_service(): getTopic  ('_IPS_MONITOR',)
2026-04-28 07:39:29,779 fastran_driver_fastran_driver_2 DEBUG    _get_service_response(REQUEST|fastran_FPP_000001@fastran_driver@2|FRAMEWORK@Framework@0|118)
2026-04-28 07:39:29,789 fastran_driver_fastran_driver_2 DEBUG    _get_service_response(REQUEST|fastran_FPP_000001@fastran_driver@2|FRAMEWORK@Framework@0|118), response = ServiceResponseMessage(sender_id=FRAMEWORK@Framework@0, receiver_id=fastran_FPP_000001@fastran_driver@2, request_msg_id=REQUEST|fastran_FPP_000001@fastran_driver@2|FRAMEWORK@Framework@0|118,status=0, args=(<ipsframework.cca_es_spec.Topic object at 0x7fbe9a297f70>,), message_id=RESPONSE|FRAMEWORK@Framework@0|fastran_FPP_000001@fastran_driver@2|294)
2026-04-28 07:39:29,789 fastran_driver_fastran_driver_2 DEBUG    _invoke_service(): sendEvent  ('_IPS_MONITOR', 'PORTAL_EVENT', {'sim_name': 'fastran_FPP_000001', 'real_sim_name': 'fastran_FPP_000001', 'portal_data': {'code': 'fastran_driver_fastran_driver', 'eventtype': 'IPS_CALL_BEGIN', 'ok': True, 'walltime': '57.34', 'time': '2026-04-28|07:39:29PDT', 'state': 'Running', 'comment': 'Target = fastran_FPP_000001@efit@7:step(1)'}})
2026-04-28 07:39:29,789 fastran_driver_fastran_driver_2 DEBUG    _get_service_response(REQUEST|fastran_FPP_000001@fastran_driver@2|FRAMEWORK@Framework@0|119)
2026-04-28 07:39:29,800 fastran_driver_fastran_driver_2 DEBUG    _get_service_response(REQUEST|fastran_FPP_000001@fastran_driver@2|FRAMEWORK@Framework@0|119), response = ServiceResponseMessage(sender_id=FRAMEWORK@Framework@0, receiver_id=fastran_FPP_000001@fastran_driver@2, request_msg_id=REQUEST|fastran_FPP_000001@fastran_driver@2|FRAMEWORK@Framework@0|119,status=0, args=(None,), message_id=RESPONSE|FRAMEWORK@Framework@0|fastran_FPP_000001@fastran_driver@2|295)
2026-04-28 07:39:29,800 fastran_driver_fastran_driver_2 DEBUG    _invoke_service(): init_call  ('step', 1)
2026-04-28 07:39:29,800 fastran_driver_fastran_driver_2 DEBUG    _get_service_response(REQUEST|fastran_FPP_000001@fastran_driver@2|FRAMEWORK@Framework@0|120)
2026-04-28 07:39:29,801 fastran_eq_efit_7 DEBUG    Received Message 
2026-04-28 07:39:29,801 fastran_eq_efit_7 DEBUG    Calling method step(1)
2026-04-28 07:39:29,802 fastran_eq_efit_7 DEBUG    _invoke_service(): stage_state  (['s000001.00001', 'g000001.00001', 'i000001.00001'], '/pscratch/sd/h/hswils/github_repos/MANTA_DBSCANS/RAD_Kr_coronal/SCAN/work/plasma_state', '/pscratch/sd/h/hswils/github_repos/MANTA_DBSCANS/RAD_Kr_coronal/SCAN/work/fastran_eq_efit_7')
2026-04-28 07:39:29,802 fastran_eq_efit_7 DEBUG    _get_service_response(REQUEST|fastran_FPP_000001@efit@7|FRAMEWORK@Framework@0|8)
2026-04-28 07:39:29,811 fastran_driver_fastran_driver_2 DEBUG    _get_service_response(REQUEST|fastran_FPP_000001@fastran_driver@2|FRAMEWORK@Framework@0|120), response = ServiceResponseMessage(sender_id=FRAMEWORK@Framework@0, receiver_id=fastran_FPP_000001@fastran_driver@2, request_msg_id=REQUEST|fastran_FPP_000001@fastran_driver@2|FRAMEWORK@Framework@0|120,status=0, args=(25,), message_id=RESPONSE|FRAMEWORK@Framework@0|fastran_FPP_000001@fastran_driver@2|296)
2026-04-28 07:39:29,811 fastran_driver_fastran_driver_2 DEBUG    _invoke_service(): wait_call  (25, True)
2026-04-28 07:39:29,811 fastran_driver_fastran_driver_2 DEBUG    _get_service_response(REQUEST|fastran_FPP_000001@fastran_driver@2|FRAMEWORK@Framework@0|121)
2026-04-28 07:39:29,823 fastran_eq_efit_7 DEBUG    _get_service_response(REQUEST|fastran_FPP_000001@efit@7|FRAMEWORK@Framework@0|8), response = ServiceResponseMessage(sender_id=FRAMEWORK@Framework@0, receiver_id=fastran_FPP_000001@efit@7, request_msg_id=REQUEST|fastran_FPP_000001@efit@7|FRAMEWORK@Framework@0|8,status=0, args=(0,), message_id=RESPONSE|FRAMEWORK@Framework@0|fastran_FPP_000001@efit@7|297)
2026-04-28 07:39:29,823 fastran_eq_efit_7 DEBUG    _invoke_service(): getTopic  ('_IPS_MONITOR',)
2026-04-28 07:39:29,823 fastran_eq_efit_7 DEBUG    _get_service_response(REQUEST|fastran_FPP_000001@efit@7|FRAMEWORK@Framework@0|9)
2026-04-28 07:39:29,834 fastran_eq_efit_7 DEBUG    _get_service_response(REQUEST|fastran_FPP_000001@efit@7|FRAMEWORK@Framework@0|9), response = ServiceResponseMessage(sender_id=FRAMEWORK@Framework@0, receiver_id=fastran_FPP_000001@efit@7, request_msg_id=REQUEST|fastran_FPP_000001@efit@7|FRAMEWORK@Framework@0|9,status=0, args=(<ipsframework.cca_es_spec.Topic object at 0x7fbe9a231850>,), message_id=RESPONSE|FRAMEWORK@Framework@0|fastran_FPP_000001@efit@7|298)
2026-04-28 07:39:29,834 fastran_eq_efit_7 DEBUG    _invoke_service(): sendEvent  ('_IPS_MONITOR', 'PORTAL_EVENT', {'sim_name': 'fastran_FPP_000001', 'real_sim_name': 'fastran_FPP_000001', 'portal_data': {'code': 'fastran_eq_efit', 'eventtype': 'IPS_STAGE_STATE', 'ok': True, 'walltime': '57.38', 'time': '2026-04-28|07:39:29PDT', 'trace': {'timestamp': 1777387169801982, 'duration': 21655, 'localEndpoint': {'serviceName': 'stage_state'}, 'name': "['s000001.00001', 'g000001.00001', 'i000001.00001']", 'id': '71885aecf25d7412', 'parentId': 'b1669d50980f7a5f', 'tags': {}}, 'state': 'Running', 'comment': 'Elapsed time = 0.022  files = s000001.00001 g000001.00001 i000001.00001 Success'}})
2026-04-28 07:39:29,834 fastran_eq_efit_7 DEBUG    _get_service_response(REQUEST|fastran_FPP_000001@efit@7|FRAMEWORK@Framework@0|10)
2026-04-28 07:39:29,844 fastran_eq_efit_7 DEBUG    _get_service_response(REQUEST|fastran_FPP_000001@efit@7|FRAMEWORK@Framework@0|10), response = ServiceResponseMessage(sender_id=FRAMEWORK@Framework@0, receiver_id=fastran_FPP_000001@efit@7, request_msg_id=REQUEST|fastran_FPP_000001@efit@7|FRAMEWORK@Framework@0|10,status=0, args=(None,), message_id=RESPONSE|FRAMEWORK@Framework@0|fastran_FPP_000001@efit@7|299)
2026-04-28 07:39:32,424 fastran_eq_efit_7 DEBUG    _invoke_service(): update_state  (['s000001.00001', 'g000001.00001', 'i000001.00001'], '/pscratch/sd/h/hswils/github_repos/MANTA_DBSCANS/RAD_Kr_coronal/SCAN/work/fastran_eq_efit_7', '/pscratch/sd/h/hswils/github_repos/MANTA_DBSCANS/RAD_Kr_coronal/SCAN/work/plasma_state')
2026-04-28 07:39:32,425 fastran_eq_efit_7 DEBUG    _get_service_response(REQUEST|fastran_FPP_000001@efit@7|FRAMEWORK@Framework@0|11)
2026-04-28 07:39:32,446 fastran_eq_efit_7 DEBUG    _get_service_response(REQUEST|fastran_FPP_000001@efit@7|FRAMEWORK@Framework@0|11), response = ServiceResponseMessage(sender_id=FRAMEWORK@Framework@0, receiver_id=fastran_FPP_000001@efit@7, request_msg_id=REQUEST|fastran_FPP_000001@efit@7|FRAMEWORK@Framework@0|11,status=0, args=(0,), message_id=RESPONSE|FRAMEWORK@Framework@0|fastran_FPP_000001@efit@7|305)
2026-04-28 07:39:32,446 fastran_eq_efit_7 DEBUG    _invoke_service(): getTopic  ('_IPS_MONITOR',)
2026-04-28 07:39:32,447 fastran_eq_efit_7 DEBUG    _get_service_response(REQUEST|fastran_FPP_000001@efit@7|FRAMEWORK@Framework@0|12)
2026-04-28 07:39:32,457 fastran_eq_efit_7 DEBUG    _get_service_response(REQUEST|fastran_FPP_000001@efit@7|FRAMEWORK@Framework@0|12), response = ServiceResponseMessage(sender_id=FRAMEWORK@Framework@0, receiver_id=fastran_FPP_000001@efit@7, request_msg_id=REQUEST|fastran_FPP_000001@efit@7|FRAMEWORK@Framework@0|12,status=0, args=(<ipsframework.cca_es_spec.Topic object at 0x7fbe9a1cc1c0>,), message_id=RESPONSE|FRAMEWORK@Framework@0|fastran_FPP_000001@efit@7|306)
2026-04-28 07:39:32,457 fastran_eq_efit_7 DEBUG    _invoke_service(): sendEvent  ('_IPS_MONITOR', 'PORTAL_EVENT', {'sim_name': 'fastran_FPP_000001', 'real_sim_name': 'fastran_FPP_000001', 'portal_data': {'code': 'fastran_eq_efit', 'eventtype': 'IPS_UPDATE_STATE', 'ok': True, 'walltime': '60.01', 'time': '2026-04-28|07:39:32PDT', 'trace': {'timestamp': 1777387172424740, 'duration': 22128, 'localEndpoint': {'serviceName': 'update_state'}, 'name': "['s000001.00001', 'g000001.00001', 'i000001.00001']", 'id': '7629e189a66153c0', 'parentId': 'b1669d50980f7a5f', 'tags': {}}, 'state': 'Running', 'comment': 'Elapsed time = 0.022   files = s000001.00001 g000001.00001 i000001.00001 Success'}})
2026-04-28 07:39:32,457 fastran_eq_efit_7 DEBUG    _get_service_response(REQUEST|fastran_FPP_000001@efit@7|FRAMEWORK@Framework@0|13)
2026-04-28 07:39:32,468 fastran_eq_efit_7 DEBUG    _get_service_response(REQUEST|fastran_FPP_000001@efit@7|FRAMEWORK@Framework@0|13), response = ServiceResponseMessage(sender_id=FRAMEWORK@Framework@0, receiver_id=fastran_FPP_000001@efit@7, request_msg_id=REQUEST|fastran_FPP_000001@efit@7|FRAMEWORK@Framework@0|13,status=0, args=(None,), message_id=RESPONSE|FRAMEWORK@Framework@0|fastran_FPP_000001@efit@7|307)
2026-04-28 07:39:32,493 fastran_eq_efit_7 DEBUG    _invoke_service(): getTopic  ('_IPS_MONITOR',)
2026-04-28 07:39:32,493 fastran_eq_efit_7 DEBUG    _get_service_response(REQUEST|fastran_FPP_000001@efit@7|FRAMEWORK@Framework@0|14)
2026-04-28 07:39:32,504 fastran_eq_efit_7 DEBUG    _get_service_response(REQUEST|fastran_FPP_000001@efit@7|FRAMEWORK@Framework@0|14), response = ServiceResponseMessage(sender_id=FRAMEWORK@Framework@0, receiver_id=fastran_FPP_000001@efit@7, request_msg_id=REQUEST|fastran_FPP_000001@efit@7|FRAMEWORK@Framework@0|14,status=0, args=(<ipsframework.cca_es_spec.Topic object at 0x7fbe9a1cc100>,), message_id=RESPONSE|FRAMEWORK@Framework@0|fastran_FPP_000001@efit@7|308)
2026-04-28 07:39:32,504 fastran_eq_efit_7 DEBUG    _invoke_service(): sendEvent  ('_IPS_MONITOR', 'PORTAL_EVENT', {'sim_name': 'fastran_FPP_000001', 'real_sim_name': 'fastran_FPP_000001', 'portal_data': {'code': 'fastran_eq_efit', 'eventtype': 'IPS_STAGE_OUTPUTS', 'ok': True, 'walltime': '60.05', 'time': '2026-04-28|07:39:32PDT', 'trace': {'timestamp': 1777387172468206, 'duration': 25322, 'localEndpoint': {'serviceName': 'stage_output_files'}, 'name': "['g*.*', 'a*.*', 'm*.*', 'k*.*', 'efit.log', 's*.*']", 'id': '80725d8eee5776f1', 'parentId': 'b1669d50980f7a5f', 'tags': {}}, 'state': 'Running', 'comment': "Elapsed time = 0.025 Path = /pscratch/sd/h/hswils/github_repos/MANTA_DBSCANS/RAD_Kr_coronal/SCAN/simulation_results/1/components/fastran_eq_efit_7 Files = ['g*.*', 'a*.*', 'm*.*', 'k*.*', 'efit.log', 's*.*']"}})
2026-04-28 07:39:32,504 fastran_eq_efit_7 DEBUG    _get_service_response(REQUEST|fastran_FPP_000001@efit@7|FRAMEWORK@Framework@0|15)
2026-04-28 07:39:32,514 fastran_eq_efit_7 DEBUG    _get_service_response(REQUEST|fastran_FPP_000001@efit@7|FRAMEWORK@Framework@0|15), response = ServiceResponseMessage(sender_id=FRAMEWORK@Framework@0, receiver_id=fastran_FPP_000001@efit@7, request_msg_id=REQUEST|fastran_FPP_000001@efit@7|FRAMEWORK@Framework@0|15,status=0, args=(None,), message_id=RESPONSE|FRAMEWORK@Framework@0|fastran_FPP_000001@efit@7|309)
2026-04-28 07:39:32,526 fastran_driver_fastran_driver_2 DEBUG    _get_service_response(REQUEST|fastran_FPP_000001@fastran_driver@2|FRAMEWORK@Framework@0|121), response = ServiceResponseMessage(sender_id=FRAMEWORK@Framework@0, receiver_id=fastran_FPP_000001@fastran_driver@2, request_msg_id=REQUEST|fastran_FPP_000001@fastran_driver@2|FRAMEWORK@Framework@0|121,status=0, args=((None,),), message_id=RESPONSE|FRAMEWORK@Framework@0|fastran_FPP_000001@fastran_driver@2|310)
2026-04-28 07:39:32,526 fastran_driver_fastran_driver_2 DEBUG    _invoke_service(): getTopic  ('_IPS_MONITOR',)
2026-04-28 07:39:32,526 fastran_driver_fastran_driver_2 DEBUG    _get_service_response(REQUEST|fastran_FPP_000001@fastran_driver@2|FRAMEWORK@Framework@0|122)
2026-04-28 07:39:32,536 fastran_driver_fastran_driver_2 DEBUG    _get_service_response(REQUEST|fastran_FPP_000001@fastran_driver@2|FRAMEWORK@Framework@0|122), response = ServiceResponseMessage(sender_id=FRAMEWORK@Framework@0, receiver_id=fastran_FPP_000001@fastran_driver@2, request_msg_id=REQUEST|fastran_FPP_000001@fastran_driver@2|FRAMEWORK@Framework@0|122,status=0, args=(<ipsframework.cca_es_spec.Topic object at 0x7fbe9a297ca0>,), message_id=RESPONSE|FRAMEWORK@Framework@0|fastran_FPP_000001@fastran_driver@2|311)
2026-04-28 07:39:32,537 fastran_driver_fastran_driver_2 DEBUG    _invoke_service(): sendEvent  ('_IPS_MONITOR', 'PORTAL_EVENT', {'sim_name': 'fastran_FPP_000001', 'real_sim_name': 'fastran_FPP_000001', 'portal_data': {'code': 'fastran_driver_fastran_driver', 'eventtype': 'IPS_CALL_END', 'ok': True, 'walltime': '60.09', 'time': '2026-04-28|07:39:32PDT', 'trace': {'timestamp': 1777387169811808, 'duration': 2714347, 'localEndpoint': {'serviceName': 'fastran_FPP_000001@efit@7'}, 'name': 'step(1)', 'id': 'b1669d50980f7a5f', 'parentId': 'f899e3e5886669ce', 'tags': {}}, 'state': 'Running', 'comment': 'Target = fastran_FPP_000001@efit@7:step(1)'}})
2026-04-28 07:39:32,537 fastran_driver_fastran_driver_2 DEBUG    _get_service_response(REQUEST|fastran_FPP_000001@fastran_driver@2|FRAMEWORK@Framework@0|123)
2026-04-28 07:39:32,548 fastran_driver_fastran_driver_2 DEBUG    _get_service_response(REQUEST|fastran_FPP_000001@fastran_driver@2|FRAMEWORK@Framework@0|123), response = ServiceResponseMessage(sender_id=FRAMEWORK@Framework@0, receiver_id=fastran_FPP_000001@fastran_driver@2, request_msg_id=REQUEST|fastran_FPP_000001@fastran_driver@2|FRAMEWORK@Framework@0|123,status=0, args=(None,), message_id=RESPONSE|FRAMEWORK@Framework@0|fastran_FPP_000001@fastran_driver@2|312)
2026-04-28 07:39:32,548 fastran_driver_fastran_driver_2 DEBUG    _invoke_service(): getTopic  ('_IPS_MONITOR',)
2026-04-28 07:39:32,548 fastran_driver_fastran_driver_2 DEBUG    _get_service_response(REQUEST|fastran_FPP_000001@fastran_driver@2|FRAMEWORK@Framework@0|124)
2026-04-28 07:39:32,559 fastran_driver_fastran_driver_2 DEBUG    _get_service_response(REQUEST|fastran_FPP_000001@fastran_driver@2|FRAMEWORK@Framework@0|124), response = ServiceResponseMessage(sender_id=FRAMEWORK@Framework@0, receiver_id=fastran_FPP_000001@fastran_driver@2, request_msg_id=REQUEST|fastran_FPP_000001@fastran_driver@2|FRAMEWORK@Framework@0|124,status=0, args=(<ipsframework.cca_es_spec.Topic object at 0x7fbe9a297f40>,), message_id=RESPONSE|FRAMEWORK@Framework@0|fastran_FPP_000001@fastran_driver@2|313)
2026-04-28 07:39:32,559 fastran_driver_fastran_driver_2 DEBUG    _invoke_service(): sendEvent  ('_IPS_MONITOR', 'PORTAL_EVENT', {'sim_name': 'fastran_FPP_000001', 'real_sim_name': 'fastran_FPP_000001', 'portal_data': {'code': 'fastran_driver_fastran_driver', 'eventtype': 'IPS_CALL_BEGIN', 'ok': True, 'walltime': '60.11', 'time': '2026-04-28|07:39:32PDT', 'state': 'Running', 'comment': 'Target = fastran_FPP_000001@fastran@8:step(1)'}})
2026-04-28 07:39:32,559 fastran_driver_fastran_driver_2 DEBUG    _get_service_response(REQUEST|fastran_FPP_000001@fastran_driver@2|FRAMEWORK@Framework@0|125)
2026-04-28 07:39:32,570 fastran_driver_fastran_driver_2 DEBUG    _get_service_response(REQUEST|fastran_FPP_000001@fastran_driver@2|FRAMEWORK@Framework@0|125), response = ServiceResponseMessage(sender_id=FRAMEWORK@Framework@0, receiver_id=fastran_FPP_000001@fastran_driver@2, request_msg_id=REQUEST|fastran_FPP_000001@fastran_driver@2|FRAMEWORK@Framework@0|125,status=0, args=(None,), message_id=RESPONSE|FRAMEWORK@Framework@0|fastran_FPP_000001@fastran_driver@2|314)
2026-04-28 07:39:32,570 fastran_driver_fastran_driver_2 DEBUG    _invoke_service(): init_call  ('step', 1)
2026-04-28 07:39:32,570 fastran_driver_fastran_driver_2 DEBUG    _get_service_response(REQUEST|fastran_FPP_000001@fastran_driver@2|FRAMEWORK@Framework@0|126)
2026-04-28 07:39:32,571 fastran_tr_fastran_8 DEBUG    Received Message 
2026-04-28 07:39:32,571 fastran_tr_fastran_8 DEBUG    Calling method step(1)
2026-04-28 07:39:32,571 fastran_tr_fastran_8 DEBUG    _invoke_service(): stage_state  (['s000001.00001', 'g000001.00001', 'i000001.00001'], '/pscratch/sd/h/hswils/github_repos/MANTA_DBSCANS/RAD_Kr_coronal/SCAN/work/plasma_state', '/pscratch/sd/h/hswils/github_repos/MANTA_DBSCANS/RAD_Kr_coronal/SCAN/work/fastran_tr_fastran_8')
2026-04-28 07:39:32,571 fastran_tr_fastran_8 DEBUG    _get_service_response(REQUEST|fastran_FPP_000001@fastran@8|FRAMEWORK@Framework@0|16)
2026-04-28 07:39:32,581 fastran_driver_fastran_driver_2 DEBUG    _get_service_response(REQUEST|fastran_FPP_000001@fastran_driver@2|FRAMEWORK@Framework@0|126), response = ServiceResponseMessage(sender_id=FRAMEWORK@Framework@0, receiver_id=fastran_FPP_000001@fastran_driver@2, request_msg_id=REQUEST|fastran_FPP_000001@fastran_driver@2|FRAMEWORK@Framework@0|126,status=0, args=(26,), message_id=RESPONSE|FRAMEWORK@Framework@0|fastran_FPP_000001@fastran_driver@2|315)
2026-04-28 07:39:32,581 fastran_driver_fastran_driver_2 DEBUG    _invoke_service(): wait_call  (26, True)
2026-04-28 07:39:32,581 fastran_driver_fastran_driver_2 DEBUG    _get_service_response(REQUEST|fastran_FPP_000001@fastran_driver@2|FRAMEWORK@Framework@0|127)
2026-04-28 07:39:32,592 fastran_tr_fastran_8 DEBUG    _get_service_response(REQUEST|fastran_FPP_000001@fastran@8|FRAMEWORK@Framework@0|16), response = ServiceResponseMessage(sender_id=FRAMEWORK@Framework@0, receiver_id=fastran_FPP_000001@fastran@8, request_msg_id=REQUEST|fastran_FPP_000001@fastran@8|FRAMEWORK@Framework@0|16,status=0, args=(0,), message_id=RESPONSE|FRAMEWORK@Framework@0|fastran_FPP_000001@fastran@8|316)
2026-04-28 07:39:32,593 fastran_tr_fastran_8 DEBUG    _invoke_service(): getTopic  ('_IPS_MONITOR',)
2026-04-28 07:39:32,593 fastran_tr_fastran_8 DEBUG    _get_service_response(REQUEST|fastran_FPP_000001@fastran@8|FRAMEWORK@Framework@0|17)
2026-04-28 07:39:32,603 fastran_tr_fastran_8 DEBUG    _get_service_response(REQUEST|fastran_FPP_000001@fastran@8|FRAMEWORK@Framework@0|17), response = ServiceResponseMessage(sender_id=FRAMEWORK@Framework@0, receiver_id=fastran_FPP_000001@fastran@8, request_msg_id=REQUEST|fastran_FPP_000001@fastran@8|FRAMEWORK@Framework@0|17,status=0, args=(<ipsframework.cca_es_spec.Topic object at 0x7fbe9a23b220>,), message_id=RESPONSE|FRAMEWORK@Framework@0|fastran_FPP_000001@fastran@8|317)
2026-04-28 07:39:32,603 fastran_tr_fastran_8 DEBUG    _invoke_service(): sendEvent  ('_IPS_MONITOR', 'PORTAL_EVENT', {'sim_name': 'fastran_FPP_000001', 'real_sim_name': 'fastran_FPP_000001', 'portal_data': {'code': 'fastran_tr_fastran', 'eventtype': 'IPS_STAGE_STATE', 'ok': True, 'walltime': '60.15', 'time': '2026-04-28|07:39:32PDT', 'trace': {'timestamp': 1777387172571322, 'duration': 21687, 'localEndpoint': {'serviceName': 'stage_state'}, 'name': "['s000001.00001', 'g000001.00001', 'i000001.00001']", 'id': '71885aecf25d7412', 'parentId': '2246e8405ba31c8d', 'tags': {}}, 'state': 'Running', 'comment': 'Elapsed time = 0.022  files = s000001.00001 g000001.00001 i000001.00001 Success'}})
2026-04-28 07:39:32,603 fastran_tr_fastran_8 DEBUG    _get_service_response(REQUEST|fastran_FPP_000001@fastran@8|FRAMEWORK@Framework@0|18)
2026-04-28 07:39:32,614 fastran_tr_fastran_8 DEBUG    _get_service_response(REQUEST|fastran_FPP_000001@fastran@8|FRAMEWORK@Framework@0|18), response = ServiceResponseMessage(sender_id=FRAMEWORK@Framework@0, receiver_id=fastran_FPP_000001@fastran@8, request_msg_id=REQUEST|fastran_FPP_000001@fastran@8|FRAMEWORK@Framework@0|18,status=0, args=(None,), message_id=RESPONSE|FRAMEWORK@Framework@0|fastran_FPP_000001@fastran@8|318)
2026-04-28 07:39:32,622 fastran_tr_fastran_8 DEBUG    _invoke_service(): getTopic  ('_IPS_MONITOR',)
2026-04-28 07:39:32,622 fastran_tr_fastran_8 DEBUG    _get_service_response(REQUEST|fastran_FPP_000001@fastran@8|FRAMEWORK@Framework@0|19)
2026-04-28 07:39:32,633 fastran_tr_fastran_8 DEBUG    _get_service_response(REQUEST|fastran_FPP_000001@fastran@8|FRAMEWORK@Framework@0|19), response = ServiceResponseMessage(sender_id=FRAMEWORK@Framework@0, receiver_id=fastran_FPP_000001@fastran@8, request_msg_id=REQUEST|fastran_FPP_000001@fastran@8|FRAMEWORK@Framework@0|19,status=0, args=(<ipsframework.cca_es_spec.Topic object at 0x7fbe9a23bd60>,), message_id=RESPONSE|FRAMEWORK@Framework@0|fastran_FPP_000001@fastran@8|319)
2026-04-28 07:39:32,633 fastran_tr_fastran_8 DEBUG    _invoke_service(): sendEvent  ('_IPS_MONITOR', 'PORTAL_EVENT', {'sim_name': 'fastran_FPP_000001', 'real_sim_name': 'fastran_FPP_000001', 'portal_data': {'code': 'fastran_tr_fastran', 'eventtype': 'IPS_STAGE_INPUTS', 'ok': True, 'walltime': '60.18', 'time': '2026-04-28|07:39:32PDT', 'trace': {'timestamp': 1777387172614606, 'duration': 8048, 'localEndpoint': {'serviceName': 'stage_input_files'}, 'name': 'infastran intglf', 'id': '5ff6e2efe4653e6c', 'parentId': '2246e8405ba31c8d', 'tags': {}}, 'state': 'Running', 'comment': 'Elapsed time = 0.008 Path = /pscratch/sd/h/hswils/github_repos/MANTA_DBSCANS/RAD_Kr_coronal/input Files = infastran intglf'}})
2026-04-28 07:39:32,633 fastran_tr_fastran_8 DEBUG    _get_service_response(REQUEST|fastran_FPP_000001@fastran@8|FRAMEWORK@Framework@0|20)
2026-04-28 07:39:32,643 fastran_tr_fastran_8 DEBUG    _get_service_response(REQUEST|fastran_FPP_000001@fastran@8|FRAMEWORK@Framework@0|20), response = ServiceResponseMessage(sender_id=FRAMEWORK@Framework@0, receiver_id=fastran_FPP_000001@fastran@8, request_msg_id=REQUEST|fastran_FPP_000001@fastran@8|FRAMEWORK@Framework@0|20,status=0, args=(None,), message_id=RESPONSE|FRAMEWORK@Framework@0|fastran_FPP_000001@fastran@8|320)
2026-04-28 07:39:32,855 fastran_tr_fastran_8 DEBUG    _invoke_service(): init_task  (TaskInit(nproc=126, binary='/global/common/software/atom/perlmutter/binaries/fastran/default/xfastran_ver1.07', working_dir='/pscratch/sd/h/hswils/github_repos/MANTA_DBSCANS/RAD_Kr_coronal/SCAN/work/fastran_tr_fastran_8', tppn=0, tcpp=0, tgpp=0, block=True, omp=False, wnodes=True, wsocks=True, cmd_args=('6', '21')),)
2026-04-28 07:39:32,856 fastran_tr_fastran_8 DEBUG    _get_service_response(REQUEST|fastran_FPP_000001@fastran@8|FRAMEWORK@Framework@0|21)
2026-04-28 07:39:32,866 fastran_tr_fastran_8 DEBUG    _get_service_response(REQUEST|fastran_FPP_000001@fastran@8|FRAMEWORK@Framework@0|21), response = ServiceResponseMessage(sender_id=FRAMEWORK@Framework@0, receiver_id=fastran_FPP_000001@fastran@8, request_msg_id=REQUEST|fastran_FPP_000001@fastran@8|FRAMEWORK@Framework@0|21,status=0, args=((3, 'srun -N 1 -n 126 -c 1 --threads-per-core=1 --cpu-bind=cores /global/common/software/atom/perlmutter/binaries/fastran/default/xfastran_ver1.07 6 21', None, 128),), message_id=RESPONSE|FRAMEWORK@Framework@0|fastran_FPP_000001@fastran@8|322)
2026-04-28 07:39:32,867 fastran_tr_fastran_8 DEBUG    Launching command : srun -N 1 -n 126 -c 1 --threads-per-core=1 --cpu-bind=cores /global/common/software/atom/perlmutter/binaries/fastran/default/xfastran_ver1.07 6 21
2026-04-28 07:39:32,887 fastran_tr_fastran_8 DEBUG    _invoke_service(): getTopic  ('_IPS_MONITOR',)
2026-04-28 07:39:32,887 fastran_tr_fastran_8 DEBUG    _get_service_response(REQUEST|fastran_FPP_000001@fastran@8|FRAMEWORK@Framework@0|22)
2026-04-28 07:39:32,898 fastran_tr_fastran_8 DEBUG    _get_service_response(REQUEST|fastran_FPP_000001@fastran@8|FRAMEWORK@Framework@0|22), response = ServiceResponseMessage(sender_id=FRAMEWORK@Framework@0, receiver_id=fastran_FPP_000001@fastran@8, request_msg_id=REQUEST|fastran_FPP_000001@fastran@8|FRAMEWORK@Framework@0|22,status=0, args=(<ipsframework.cca_es_spec.Topic object at 0x7fbe9a23baf0>,), message_id=RESPONSE|FRAMEWORK@Framework@0|fastran_FPP_000001@fastran@8|323)
2026-04-28 07:39:32,898 fastran_tr_fastran_8 DEBUG    _invoke_service(): sendEvent  ('_IPS_MONITOR', 'PORTAL_EVENT', {'sim_name': 'fastran_FPP_000001', 'real_sim_name': 'fastran_FPP_000001', 'portal_data': {'code': 'fastran_tr_fastran', 'eventtype': 'IPS_LAUNCH_TASK', 'ok': True, 'walltime': '60.45', 'time': '2026-04-28|07:39:32PDT', 'state': 'Running', 'comment': 'task_id = 3 , Tag = None , nproc = 126 , Target = srun -N 1 -n 126 -c 1 --threads-per-core=1 --cpu-bind=cores /global/common/software/atom/perlmutter/binaries/fastran/default/xfastran_ver1.07 6 21'}})
2026-04-28 07:39:32,898 fastran_tr_fastran_8 DEBUG    _get_service_response(REQUEST|fastran_FPP_000001@fastran@8|FRAMEWORK@Framework@0|23)
2026-04-28 07:39:32,908 fastran_tr_fastran_8 DEBUG    _get_service_response(REQUEST|fastran_FPP_000001@fastran@8|FRAMEWORK@Framework@0|23), response = ServiceResponseMessage(sender_id=FRAMEWORK@Framework@0, receiver_id=fastran_FPP_000001@fastran@8, request_msg_id=REQUEST|fastran_FPP_000001@fastran@8|FRAMEWORK@Framework@0|23,status=0, args=(None,), message_id=RESPONSE|FRAMEWORK@Framework@0|fastran_FPP_000001@fastran@8|324)
2026-04-28 07:39:40,373 fastran_tr_fastran_8 DEBUG    _invoke_service(): getTopic  ('_IPS_MONITOR',)
2026-04-28 07:39:40,374 fastran_tr_fastran_8 DEBUG    _get_service_response(REQUEST|fastran_FPP_000001@fastran@8|FRAMEWORK@Framework@0|24)
2026-04-28 07:39:40,385 fastran_tr_fastran_8 DEBUG    _get_service_response(REQUEST|fastran_FPP_000001@fastran@8|FRAMEWORK@Framework@0|24), response = ServiceResponseMessage(sender_id=FRAMEWORK@Framework@0, receiver_id=fastran_FPP_000001@fastran@8, request_msg_id=REQUEST|fastran_FPP_000001@fastran@8|FRAMEWORK@Framework@0|24,status=0, args=(<ipsframework.cca_es_spec.Topic object at 0x7fbe9a23bdf0>,), message_id=RESPONSE|FRAMEWORK@Framework@0|fastran_FPP_000001@fastran@8|339)
2026-04-28 07:39:40,385 fastran_tr_fastran_8 DEBUG    _invoke_service(): sendEvent  ('_IPS_MONITOR', 'PORTAL_EVENT', {'sim_name': 'fastran_FPP_000001', 'real_sim_name': 'fastran_FPP_000001', 'portal_data': {'code': 'fastran_tr_fastran', 'eventtype': 'IPS_TASK_END', 'ok': True, 'walltime': '67.93', 'time': '2026-04-28|07:39:40PDT', 'trace': {'timestamp': 1777387172886767, 'duration': 7487019, 'localEndpoint': {'serviceName': '/global/common/software/atom/perlmutter/binaries/fastran/default/xfastran_ver1.07'}, 'name': '6 21', 'id': '8d3011dceed0d201', 'parentId': '2246e8405ba31c8d', 'tags': {'procs_requested': '126', 'cores_allocated': '128'}}, 'state': 'Running', 'comment': 'task_id = 3  elapsed time = 7.49 S'}})
2026-04-28 07:39:40,385 fastran_tr_fastran_8 DEBUG    _get_service_response(REQUEST|fastran_FPP_000001@fastran@8|FRAMEWORK@Framework@0|25)
2026-04-28 07:39:40,396 fastran_tr_fastran_8 DEBUG    _get_service_response(REQUEST|fastran_FPP_000001@fastran@8|FRAMEWORK@Framework@0|25), response = ServiceResponseMessage(sender_id=FRAMEWORK@Framework@0, receiver_id=fastran_FPP_000001@fastran@8, request_msg_id=REQUEST|fastran_FPP_000001@fastran@8|FRAMEWORK@Framework@0|25,status=0, args=(None,), message_id=RESPONSE|FRAMEWORK@Framework@0|fastran_FPP_000001@fastran@8|340)
2026-04-28 07:39:40,396 fastran_tr_fastran_8 DEBUG    _invoke_service(): finish_task  (3, 0)
2026-04-28 07:39:40,396 fastran_tr_fastran_8 DEBUG    _get_service_response(REQUEST|fastran_FPP_000001@fastran@8|FRAMEWORK@Framework@0|26)
2026-04-28 07:39:40,407 fastran_tr_fastran_8 DEBUG    _get_service_response(REQUEST|fastran_FPP_000001@fastran@8|FRAMEWORK@Framework@0|26), response = ServiceResponseMessage(sender_id=FRAMEWORK@Framework@0, receiver_id=fastran_FPP_000001@fastran@8, request_msg_id=REQUEST|fastran_FPP_000001@fastran@8|FRAMEWORK@Framework@0|26,status=0, args=(0,), message_id=RESPONSE|FRAMEWORK@Framework@0|fastran_FPP_000001@fastran@8|341)
2026-04-28 07:39:40,685 fastran_tr_fastran_8 DEBUG    _invoke_service(): update_state  (['s000001.00001', 'g000001.00001', 'i000001.00001'], '/pscratch/sd/h/hswils/github_repos/MANTA_DBSCANS/RAD_Kr_coronal/SCAN/work/fastran_tr_fastran_8', '/pscratch/sd/h/hswils/github_repos/MANTA_DBSCANS/RAD_Kr_coronal/SCAN/work/plasma_state')
2026-04-28 07:39:40,685 fastran_tr_fastran_8 DEBUG    _get_service_response(REQUEST|fastran_FPP_000001@fastran@8|FRAMEWORK@Framework@0|27)
2026-04-28 07:39:40,706 fastran_tr_fastran_8 DEBUG    _get_service_response(REQUEST|fastran_FPP_000001@fastran@8|FRAMEWORK@Framework@0|27), response = ServiceResponseMessage(sender_id=FRAMEWORK@Framework@0, receiver_id=fastran_FPP_000001@fastran@8, request_msg_id=REQUEST|fastran_FPP_000001@fastran@8|FRAMEWORK@Framework@0|27,status=0, args=(0,), message_id=RESPONSE|FRAMEWORK@Framework@0|fastran_FPP_000001@fastran@8|343)
2026-04-28 07:39:40,706 fastran_tr_fastran_8 DEBUG    _invoke_service(): getTopic  ('_IPS_MONITOR',)
2026-04-28 07:39:40,706 fastran_tr_fastran_8 DEBUG    _get_service_response(REQUEST|fastran_FPP_000001@fastran@8|FRAMEWORK@Framework@0|28)
2026-04-28 07:39:40,717 fastran_tr_fastran_8 DEBUG    _get_service_response(REQUEST|fastran_FPP_000001@fastran@8|FRAMEWORK@Framework@0|28), response = ServiceResponseMessage(sender_id=FRAMEWORK@Framework@0, receiver_id=fastran_FPP_000001@fastran@8, request_msg_id=REQUEST|fastran_FPP_000001@fastran@8|FRAMEWORK@Framework@0|28,status=0, args=(<ipsframework.cca_es_spec.Topic object at 0x7fbe9a1ba820>,), message_id=RESPONSE|FRAMEWORK@Framework@0|fastran_FPP_000001@fastran@8|344)
2026-04-28 07:39:40,717 fastran_tr_fastran_8 DEBUG    _invoke_service(): sendEvent  ('_IPS_MONITOR', 'PORTAL_EVENT', {'sim_name': 'fastran_FPP_000001', 'real_sim_name': 'fastran_FPP_000001', 'portal_data': {'code': 'fastran_tr_fastran', 'eventtype': 'IPS_UPDATE_STATE', 'ok': True, 'walltime': '68.27', 'time': '2026-04-28|07:39:40PDT', 'trace': {'timestamp': 1777387180685619, 'duration': 21154, 'localEndpoint': {'serviceName': 'update_state'}, 'name': "['s000001.00001', 'g000001.00001', 'i000001.00001']", 'id': '7629e189a66153c0', 'parentId': '2246e8405ba31c8d', 'tags': {}}, 'state': 'Running', 'comment': 'Elapsed time = 0.021   files = s000001.00001 g000001.00001 i000001.00001 Success'}})
2026-04-28 07:39:40,717 fastran_tr_fastran_8 DEBUG    _get_service_response(REQUEST|fastran_FPP_000001@fastran@8|FRAMEWORK@Framework@0|29)
2026-04-28 07:39:40,728 fastran_tr_fastran_8 DEBUG    _get_service_response(REQUEST|fastran_FPP_000001@fastran@8|FRAMEWORK@Framework@0|29), response = ServiceResponseMessage(sender_id=FRAMEWORK@Framework@0, receiver_id=fastran_FPP_000001@fastran@8, request_msg_id=REQUEST|fastran_FPP_000001@fastran@8|FRAMEWORK@Framework@0|29,status=0, args=(None,), message_id=RESPONSE|FRAMEWORK@Framework@0|fastran_FPP_000001@fastran@8|345)
2026-04-28 07:39:40,745 fastran_tr_fastran_8 DEBUG    _invoke_service(): getTopic  ('_IPS_MONITOR',)
2026-04-28 07:39:40,745 fastran_tr_fastran_8 DEBUG    _get_service_response(REQUEST|fastran_FPP_000001@fastran@8|FRAMEWORK@Framework@0|30)
2026-04-28 07:39:40,755 fastran_tr_fastran_8 DEBUG    _get_service_response(REQUEST|fastran_FPP_000001@fastran@8|FRAMEWORK@Framework@0|30), response = ServiceResponseMessage(sender_id=FRAMEWORK@Framework@0, receiver_id=fastran_FPP_000001@fastran@8, request_msg_id=REQUEST|fastran_FPP_000001@fastran@8|FRAMEWORK@Framework@0|30,status=0, args=(<ipsframework.cca_es_spec.Topic object at 0x7fbe9a1ba910>,), message_id=RESPONSE|FRAMEWORK@Framework@0|fastran_FPP_000001@fastran@8|346)
2026-04-28 07:39:40,755 fastran_tr_fastran_8 DEBUG    _invoke_service(): sendEvent  ('_IPS_MONITOR', 'PORTAL_EVENT', {'sim_name': 'fastran_FPP_000001', 'real_sim_name': 'fastran_FPP_000001', 'portal_data': {'code': 'fastran_tr_fastran', 'eventtype': 'IPS_STAGE_OUTPUTS', 'ok': True, 'walltime': '68.30', 'time': '2026-04-28|07:39:40PDT', 'trace': {'timestamp': 1777387180728129, 'duration': 17192, 'localEndpoint': {'serviceName': 'stage_output_files'}, 'name': "['fastran.nc', 'inprof', 'inmetric', 'infastran', 'intglf', 'xfastran.log', 'i000001.00001']", 'id': '7349cfaaafc33980', 'parentId': '2246e8405ba31c8d', 'tags': {}}, 'state': 'Running', 'comment': "Elapsed time = 0.017 Path = /pscratch/sd/h/hswils/github_repos/MANTA_DBSCANS/RAD_Kr_coronal/SCAN/simulation_results/1/components/fastran_tr_fastran_8 Files = ['fastran.nc', 'inprof', 'inmetric', 'infastran', 'intglf', 'xfastran.log', 'i000001.00001']"}})
2026-04-28 07:39:40,755 fastran_tr_fastran_8 DEBUG    _get_service_response(REQUEST|fastran_FPP_000001@fastran@8|FRAMEWORK@Framework@0|31)
2026-04-28 07:39:40,766 fastran_tr_fastran_8 DEBUG    _get_service_response(REQUEST|fastran_FPP_000001@fastran@8|FRAMEWORK@Framework@0|31), response = ServiceResponseMessage(sender_id=FRAMEWORK@Framework@0, receiver_id=fastran_FPP_000001@fastran@8, request_msg_id=REQUEST|fastran_FPP_000001@fastran@8|FRAMEWORK@Framework@0|31,status=0, args=(None,), message_id=RESPONSE|FRAMEWORK@Framework@0|fastran_FPP_000001@fastran@8|347)
2026-04-28 07:39:40,777 fastran_driver_fastran_driver_2 DEBUG    _get_service_response(REQUEST|fastran_FPP_000001@fastran_driver@2|FRAMEWORK@Framework@0|127), response = ServiceResponseMessage(sender_id=FRAMEWORK@Framework@0, receiver_id=fastran_FPP_000001@fastran_driver@2, request_msg_id=REQUEST|fastran_FPP_000001@fastran_driver@2|FRAMEWORK@Framework@0|127,status=0, args=((None,),), message_id=RESPONSE|FRAMEWORK@Framework@0|fastran_FPP_000001@fastran_driver@2|348)
2026-04-28 07:39:40,777 fastran_driver_fastran_driver_2 DEBUG    _invoke_service(): getTopic  ('_IPS_MONITOR',)
2026-04-28 07:39:40,777 fastran_driver_fastran_driver_2 DEBUG    _get_service_response(REQUEST|fastran_FPP_000001@fastran_driver@2|FRAMEWORK@Framework@0|128)
2026-04-28 07:39:40,787 fastran_driver_fastran_driver_2 DEBUG    _get_service_response(REQUEST|fastran_FPP_000001@fastran_driver@2|FRAMEWORK@Framework@0|128), response = ServiceResponseMessage(sender_id=FRAMEWORK@Framework@0, receiver_id=fastran_FPP_000001@fastran_driver@2, request_msg_id=REQUEST|fastran_FPP_000001@fastran_driver@2|FRAMEWORK@Framework@0|128,status=0, args=(<ipsframework.cca_es_spec.Topic object at 0x7fbe9a297d00>,), message_id=RESPONSE|FRAMEWORK@Framework@0|fastran_FPP_000001@fastran_driver@2|349)
2026-04-28 07:39:40,787 fastran_driver_fastran_driver_2 DEBUG    _invoke_service(): sendEvent  ('_IPS_MONITOR', 'PORTAL_EVENT', {'sim_name': 'fastran_FPP_000001', 'real_sim_name': 'fastran_FPP_000001', 'portal_data': {'code': 'fastran_driver_fastran_driver', 'eventtype': 'IPS_CALL_END', 'ok': True, 'walltime': '68.34', 'time': '2026-04-28|07:39:40PDT', 'trace': {'timestamp': 1777387172581269, 'duration': 8195835, 'localEndpoint': {'serviceName': 'fastran_FPP_000001@fastran@8'}, 'name': 'step(1)', 'id': '2246e8405ba31c8d', 'parentId': 'f899e3e5886669ce', 'tags': {}}, 'state': 'Running', 'comment': 'Target = fastran_FPP_000001@fastran@8:step(1)'}})
2026-04-28 07:39:40,787 fastran_driver_fastran_driver_2 DEBUG    _get_service_response(REQUEST|fastran_FPP_000001@fastran_driver@2|FRAMEWORK@Framework@0|129)
2026-04-28 07:39:40,798 fastran_driver_fastran_driver_2 DEBUG    _get_service_response(REQUEST|fastran_FPP_000001@fastran_driver@2|FRAMEWORK@Framework@0|129), response = ServiceResponseMessage(sender_id=FRAMEWORK@Framework@0, receiver_id=fastran_FPP_000001@fastran_driver@2, request_msg_id=REQUEST|fastran_FPP_000001@fastran_driver@2|FRAMEWORK@Framework@0|129,status=0, args=(None,), message_id=RESPONSE|FRAMEWORK@Framework@0|fastran_FPP_000001@fastran_driver@2|350)
2026-04-28 07:39:40,798 fastran_driver_fastran_driver_2 DEBUG    _invoke_service(): stage_state  (['s000001.00001', 'g000001.00001', 'i000001.00001'], '/pscratch/sd/h/hswils/github_repos/MANTA_DBSCANS/RAD_Kr_coronal/SCAN/work/plasma_state', '/pscratch/sd/h/hswils/github_repos/MANTA_DBSCANS/RAD_Kr_coronal/SCAN/work/fastran_driver_fastran_driver_2')
2026-04-28 07:39:40,799 fastran_driver_fastran_driver_2 DEBUG    _get_service_response(REQUEST|fastran_FPP_000001@fastran_driver@2|FRAMEWORK@Framework@0|130)
2026-04-28 07:39:40,820 fastran_driver_fastran_driver_2 DEBUG    _get_service_response(REQUEST|fastran_FPP_000001@fastran_driver@2|FRAMEWORK@Framework@0|130), response = ServiceResponseMessage(sender_id=FRAMEWORK@Framework@0, receiver_id=fastran_FPP_000001@fastran_driver@2, request_msg_id=REQUEST|fastran_FPP_000001@fastran_driver@2|FRAMEWORK@Framework@0|130,status=0, args=(0,), message_id=RESPONSE|FRAMEWORK@Framework@0|fastran_FPP_000001@fastran_driver@2|351)
2026-04-28 07:39:40,820 fastran_driver_fastran_driver_2 DEBUG    _invoke_service(): getTopic  ('_IPS_MONITOR',)
2026-04-28 07:39:40,820 fastran_driver_fastran_driver_2 DEBUG    _get_service_response(REQUEST|fastran_FPP_000001@fastran_driver@2|FRAMEWORK@Framework@0|131)
2026-04-28 07:39:40,830 fastran_driver_fastran_driver_2 DEBUG    _get_service_response(REQUEST|fastran_FPP_000001@fastran_driver@2|FRAMEWORK@Framework@0|131), response = ServiceResponseMessage(sender_id=FRAMEWORK@Framework@0, receiver_id=fastran_FPP_000001@fastran_driver@2, request_msg_id=REQUEST|fastran_FPP_000001@fastran_driver@2|FRAMEWORK@Framework@0|131,status=0, args=(<ipsframework.cca_es_spec.Topic object at 0x7fbe9a297f10>,), message_id=RESPONSE|FRAMEWORK@Framework@0|fastran_FPP_000001@fastran_driver@2|352)
2026-04-28 07:39:40,831 fastran_driver_fastran_driver_2 DEBUG    _invoke_service(): sendEvent  ('_IPS_MONITOR', 'PORTAL_EVENT', {'sim_name': 'fastran_FPP_000001', 'real_sim_name': 'fastran_FPP_000001', 'portal_data': {'code': 'fastran_driver_fastran_driver', 'eventtype': 'IPS_STAGE_STATE', 'ok': True, 'walltime': '68.38', 'time': '2026-04-28|07:39:40PDT', 'trace': {'timestamp': 1777387180798873, 'duration': 21443, 'localEndpoint': {'serviceName': 'stage_state'}, 'name': "['s000001.00001', 'g000001.00001', 'i000001.00001']", 'id': '71885aecf25d7412', 'parentId': 'f899e3e5886669ce', 'tags': {}}, 'state': 'Running', 'comment': 'Elapsed time = 0.021  files = s000001.00001 g000001.00001 i000001.00001 Success'}})
2026-04-28 07:39:40,831 fastran_driver_fastran_driver_2 DEBUG    _get_service_response(REQUEST|fastran_FPP_000001@fastran_driver@2|FRAMEWORK@Framework@0|132)
2026-04-28 07:39:40,841 fastran_driver_fastran_driver_2 DEBUG    _get_service_response(REQUEST|fastran_FPP_000001@fastran_driver@2|FRAMEWORK@Framework@0|132), response = ServiceResponseMessage(sender_id=FRAMEWORK@Framework@0, receiver_id=fastran_FPP_000001@fastran_driver@2, request_msg_id=REQUEST|fastran_FPP_000001@fastran_driver@2|FRAMEWORK@Framework@0|132,status=0, args=(None,), message_id=RESPONSE|FRAMEWORK@Framework@0|fastran_FPP_000001@fastran_driver@2|353)
2026-04-28 07:39:40,842 fastran_driver_fastran_driver_2 DEBUG    _invoke_service(): getTopic  ('_IPS_MONITOR',)
2026-04-28 07:39:40,842 fastran_driver_fastran_driver_2 DEBUG    _get_service_response(REQUEST|fastran_FPP_000001@fastran_driver@2|FRAMEWORK@Framework@0|133)
2026-04-28 07:39:40,853 fastran_driver_fastran_driver_2 DEBUG    _get_service_response(REQUEST|fastran_FPP_000001@fastran_driver@2|FRAMEWORK@Framework@0|133), response = ServiceResponseMessage(sender_id=FRAMEWORK@Framework@0, receiver_id=fastran_FPP_000001@fastran_driver@2, request_msg_id=REQUEST|fastran_FPP_000001@fastran_driver@2|FRAMEWORK@Framework@0|133,status=0, args=(<ipsframework.cca_es_spec.Topic object at 0x7fbe9a297ca0>,), message_id=RESPONSE|FRAMEWORK@Framework@0|fastran_FPP_000001@fastran_driver@2|354)
2026-04-28 07:39:40,853 fastran_driver_fastran_driver_2 DEBUG    _invoke_service(): sendEvent  ('_IPS_MONITOR', 'PORTAL_EVENT', {'sim_name': 'fastran_FPP_000001', 'real_sim_name': 'fastran_FPP_000001', 'portal_data': {'code': 'fastran_driver_fastran_driver', 'eventtype': 'IPS_STAGE_OUTPUTS', 'ok': True, 'walltime': '68.40', 'time': '2026-04-28|07:39:40PDT', 'trace': {'timestamp': 1777387180842032, 'duration': 293, 'localEndpoint': {'serviceName': 'stage_output_files'}, 'name': '[]', 'id': 'ed019efe11be26d9', 'parentId': 'f899e3e5886669ce', 'tags': {}}, 'state': 'Running', 'comment': 'Elapsed time = 0.000 Path = /pscratch/sd/h/hswils/github_repos/MANTA_DBSCANS/RAD_Kr_coronal/SCAN/simulation_results/1/components/fastran_driver_fastran_driver_2 Files = []'}})
2026-04-28 07:39:40,853 fastran_driver_fastran_driver_2 DEBUG    _get_service_response(REQUEST|fastran_FPP_000001@fastran_driver@2|FRAMEWORK@Framework@0|134)
2026-04-28 07:39:40,864 fastran_driver_fastran_driver_2 DEBUG    _get_service_response(REQUEST|fastran_FPP_000001@fastran_driver@2|FRAMEWORK@Framework@0|134), response = ServiceResponseMessage(sender_id=FRAMEWORK@Framework@0, receiver_id=fastran_FPP_000001@fastran_driver@2, request_msg_id=REQUEST|fastran_FPP_000001@fastran_driver@2|FRAMEWORK@Framework@0|134,status=0, args=(None,), message_id=RESPONSE|FRAMEWORK@Framework@0|fastran_FPP_000001@fastran_driver@2|355)
2026-04-28 07:39:40,864 fastran_driver_fastran_driver_2 DEBUG    _invoke_service(): getTopic  ('_IPS_MONITOR',)
2026-04-28 07:39:40,864 fastran_driver_fastran_driver_2 DEBUG    _get_service_response(REQUEST|fastran_FPP_000001@fastran_driver@2|FRAMEWORK@Framework@0|135)
2026-04-28 07:39:40,875 fastran_driver_fastran_driver_2 DEBUG    _get_service_response(REQUEST|fastran_FPP_000001@fastran_driver@2|FRAMEWORK@Framework@0|135), response = ServiceResponseMessage(sender_id=FRAMEWORK@Framework@0, receiver_id=fastran_FPP_000001@fastran_driver@2, request_msg_id=REQUEST|fastran_FPP_000001@fastran_driver@2|FRAMEWORK@Framework@0|135,status=0, args=(<ipsframework.cca_es_spec.Topic object at 0x7fbe9a297ee0>,), message_id=RESPONSE|FRAMEWORK@Framework@0|fastran_FPP_000001@fastran_driver@2|356)
2026-04-28 07:39:40,875 fastran_driver_fastran_driver_2 DEBUG    _invoke_service(): sendEvent  ('_IPS_MONITOR', 'PORTALBRIDGE_UPDATE_TIMESTAMP', {'sim_name': 'fastran_FPP_000001', 'real_sim_name': 'fastran_FPP_000001', 'portal_data': {'phystimestamp': 2, 'eventtype': 'PORTALBRIDGE_UPDATE_TIMESTAMP'}})
2026-04-28 07:39:40,875 fastran_driver_fastran_driver_2 DEBUG    _get_service_response(REQUEST|fastran_FPP_000001@fastran_driver@2|FRAMEWORK@Framework@0|136)
2026-04-28 07:39:40,886 fastran_driver_fastran_driver_2 DEBUG    _get_service_response(REQUEST|fastran_FPP_000001@fastran_driver@2|FRAMEWORK@Framework@0|136), response = ServiceResponseMessage(sender_id=FRAMEWORK@Framework@0, receiver_id=fastran_FPP_000001@fastran_driver@2, request_msg_id=REQUEST|fastran_FPP_000001@fastran_driver@2|FRAMEWORK@Framework@0|136,status=0, args=(None,), message_id=RESPONSE|FRAMEWORK@Framework@0|fastran_FPP_000001@fastran_driver@2|357)
2026-04-28 07:39:40,886 fastran_driver_fastran_driver_2 DEBUG    _invoke_service(): getTopic  ('_IPS_MONITOR',)
2026-04-28 07:39:40,886 fastran_driver_fastran_driver_2 DEBUG    _get_service_response(REQUEST|fastran_FPP_000001@fastran_driver@2|FRAMEWORK@Framework@0|137)
2026-04-28 07:39:40,897 fastran_driver_fastran_driver_2 DEBUG    _get_service_response(REQUEST|fastran_FPP_000001@fastran_driver@2|FRAMEWORK@Framework@0|137), response = ServiceResponseMessage(sender_id=FRAMEWORK@Framework@0, receiver_id=fastran_FPP_000001@fastran_driver@2, request_msg_id=REQUEST|fastran_FPP_000001@fastran_driver@2|FRAMEWORK@Framework@0|137,status=0, args=(<ipsframework.cca_es_spec.Topic object at 0x7fbe9a297ca0>,), message_id=RESPONSE|FRAMEWORK@Framework@0|fastran_FPP_000001@fastran_driver@2|358)
2026-04-28 07:39:40,897 fastran_driver_fastran_driver_2 DEBUG    _invoke_service(): sendEvent  ('_IPS_MONITOR', 'PORTAL_EVENT', {'sim_name': 'fastran_FPP_000001', 'real_sim_name': 'fastran_FPP_000001', 'portal_data': {'code': 'fastran_driver_fastran_driver', 'eventtype': 'IPS_UPDATE_TIME_STAMP', 'ok': True, 'walltime': '68.45', 'time': '2026-04-28|07:39:40PDT', 'state': 'Running', 'comment': 'Timestamp = 2'}})
2026-04-28 07:39:40,897 fastran_driver_fastran_driver_2 DEBUG    _get_service_response(REQUEST|fastran_FPP_000001@fastran_driver@2|FRAMEWORK@Framework@0|138)
2026-04-28 07:39:40,908 fastran_driver_fastran_driver_2 DEBUG    _get_service_response(REQUEST|fastran_FPP_000001@fastran_driver@2|FRAMEWORK@Framework@0|138), response = ServiceResponseMessage(sender_id=FRAMEWORK@Framework@0, receiver_id=fastran_FPP_000001@fastran_driver@2, request_msg_id=REQUEST|fastran_FPP_000001@fastran_driver@2|FRAMEWORK@Framework@0|138,status=0, args=(None,), message_id=RESPONSE|FRAMEWORK@Framework@0|fastran_FPP_000001@fastran_driver@2|359)
2026-04-28 07:39:40,908 fastran_driver_fastran_driver_2 DEBUG    _invoke_service(): getTopic  ('_IPS_MONITOR',)
2026-04-28 07:39:40,908 fastran_driver_fastran_driver_2 DEBUG    _get_service_response(REQUEST|fastran_FPP_000001@fastran_driver@2|FRAMEWORK@Framework@0|139)
2026-04-28 07:39:40,919 fastran_driver_fastran_driver_2 DEBUG    _get_service_response(REQUEST|fastran_FPP_000001@fastran_driver@2|FRAMEWORK@Framework@0|139), response = ServiceResponseMessage(sender_id=FRAMEWORK@Framework@0, receiver_id=fastran_FPP_000001@fastran_driver@2, request_msg_id=REQUEST|fastran_FPP_000001@fastran_driver@2|FRAMEWORK@Framework@0|139,status=0, args=(<ipsframework.cca_es_spec.Topic object at 0x7fbe9a29f040>,), message_id=RESPONSE|FRAMEWORK@Framework@0|fastran_FPP_000001@fastran_driver@2|360)
2026-04-28 07:39:40,919 fastran_driver_fastran_driver_2 DEBUG    _invoke_service(): sendEvent  ('_IPS_MONITOR', 'PORTAL_EVENT', {'sim_name': 'fastran_FPP_000001', 'real_sim_name': 'fastran_FPP_000001', 'portal_data': {'code': 'fastran_driver_fastran_driver', 'eventtype': 'IPS_CALL_BEGIN', 'ok': True, 'walltime': '68.47', 'time': '2026-04-28|07:39:40PDT', 'state': 'Running', 'comment': 'Target = fastran_FPP_000001@impurity_radiation@5:step(2)'}})
2026-04-28 07:39:40,919 fastran_driver_fastran_driver_2 DEBUG    _get_service_response(REQUEST|fastran_FPP_000001@fastran_driver@2|FRAMEWORK@Framework@0|140)
2026-04-28 07:39:40,930 fastran_driver_fastran_driver_2 DEBUG    _get_service_response(REQUEST|fastran_FPP_000001@fastran_driver@2|FRAMEWORK@Framework@0|140), response = ServiceResponseMessage(sender_id=FRAMEWORK@Framework@0, receiver_id=fastran_FPP_000001@fastran_driver@2, request_msg_id=REQUEST|fastran_FPP_000001@fastran_driver@2|FRAMEWORK@Framework@0|140,status=0, args=(None,), message_id=RESPONSE|FRAMEWORK@Framework@0|fastran_FPP_000001@fastran_driver@2|361)
2026-04-28 07:39:40,930 fastran_driver_fastran_driver_2 DEBUG    _invoke_service(): init_call  ('step', 2)
2026-04-28 07:39:40,930 fastran_driver_fastran_driver_2 DEBUG    _get_service_response(REQUEST|fastran_FPP_000001@fastran_driver@2|FRAMEWORK@Framework@0|141)
2026-04-28 07:39:40,931 fastran__impurity_radiation_5 DEBUG    Received Message 
2026-04-28 07:39:40,931 fastran__impurity_radiation_5 DEBUG    Calling method step(2)
2026-04-28 07:39:40,932 fastran__impurity_radiation_5 DEBUG    _invoke_service(): stage_state  (['s000001.00001', 'g000001.00001', 'i000001.00001'], '/pscratch/sd/h/hswils/github_repos/MANTA_DBSCANS/RAD_Kr_coronal/SCAN/work/plasma_state', '/pscratch/sd/h/hswils/github_repos/MANTA_DBSCANS/RAD_Kr_coronal/SCAN/work/fastran__impurity_radiation_5')
2026-04-28 07:39:40,932 fastran__impurity_radiation_5 DEBUG    _get_service_response(REQUEST|fastran_FPP_000001@impurity_radiation@5|FRAMEWORK@Framework@0|23)
2026-04-28 07:39:40,941 fastran_driver_fastran_driver_2 DEBUG    _get_service_response(REQUEST|fastran_FPP_000001@fastran_driver@2|FRAMEWORK@Framework@0|141), response = ServiceResponseMessage(sender_id=FRAMEWORK@Framework@0, receiver_id=fastran_FPP_000001@fastran_driver@2, request_msg_id=REQUEST|fastran_FPP_000001@fastran_driver@2|FRAMEWORK@Framework@0|141,status=0, args=(27,), message_id=RESPONSE|FRAMEWORK@Framework@0|fastran_FPP_000001@fastran_driver@2|363)
2026-04-28 07:39:40,941 fastran_driver_fastran_driver_2 DEBUG    _invoke_service(): wait_call  (27, True)
2026-04-28 07:39:40,941 fastran_driver_fastran_driver_2 DEBUG    _get_service_response(REQUEST|fastran_FPP_000001@fastran_driver@2|FRAMEWORK@Framework@0|142)
2026-04-28 07:39:40,952 fastran__impurity_radiation_5 DEBUG    _get_service_response(REQUEST|fastran_FPP_000001@impurity_radiation@5|FRAMEWORK@Framework@0|23), response = ServiceResponseMessage(sender_id=FRAMEWORK@Framework@0, receiver_id=fastran_FPP_000001@impurity_radiation@5, request_msg_id=REQUEST|fastran_FPP_000001@impurity_radiation@5|FRAMEWORK@Framework@0|23,status=0, args=(0,), message_id=RESPONSE|FRAMEWORK@Framework@0|fastran_FPP_000001@impurity_radiation@5|364)
2026-04-28 07:39:40,953 fastran__impurity_radiation_5 DEBUG    _invoke_service(): getTopic  ('_IPS_MONITOR',)
2026-04-28 07:39:40,953 fastran__impurity_radiation_5 DEBUG    _get_service_response(REQUEST|fastran_FPP_000001@impurity_radiation@5|FRAMEWORK@Framework@0|24)
2026-04-28 07:39:40,963 fastran__impurity_radiation_5 DEBUG    _get_service_response(REQUEST|fastran_FPP_000001@impurity_radiation@5|FRAMEWORK@Framework@0|24), response = ServiceResponseMessage(sender_id=FRAMEWORK@Framework@0, receiver_id=fastran_FPP_000001@impurity_radiation@5, request_msg_id=REQUEST|fastran_FPP_000001@impurity_radiation@5|FRAMEWORK@Framework@0|24,status=0, args=(<ipsframework.cca_es_spec.Topic object at 0x7fbe9a22eaf0>,), message_id=RESPONSE|FRAMEWORK@Framework@0|fastran_FPP_000001@impurity_radiation@5|365)
2026-04-28 07:39:40,963 fastran__impurity_radiation_5 DEBUG    _invoke_service(): sendEvent  ('_IPS_MONITOR', 'PORTAL_EVENT', {'sim_name': 'fastran_FPP_000001', 'real_sim_name': 'fastran_FPP_000001', 'portal_data': {'code': 'fastran__impurity_radiation', 'eventtype': 'IPS_STAGE_STATE', 'ok': True, 'walltime': '68.51', 'time': '2026-04-28|07:39:40PDT', 'trace': {'timestamp': 1777387180931963, 'duration': 21036, 'localEndpoint': {'serviceName': 'stage_state'}, 'name': "['s000001.00001', 'g000001.00001', 'i000001.00001']", 'id': '71885aecf25d7412', 'parentId': 'bb6121ebffb698a2', 'tags': {}}, 'state': 'Running', 'comment': 'Elapsed time = 0.021  files = s000001.00001 g000001.00001 i000001.00001 Success'}})
2026-04-28 07:39:40,963 fastran__impurity_radiation_5 DEBUG    _get_service_response(REQUEST|fastran_FPP_000001@impurity_radiation@5|FRAMEWORK@Framework@0|25)
2026-04-28 07:39:40,974 fastran__impurity_radiation_5 DEBUG    _get_service_response(REQUEST|fastran_FPP_000001@impurity_radiation@5|FRAMEWORK@Framework@0|25), response = ServiceResponseMessage(sender_id=FRAMEWORK@Framework@0, receiver_id=fastran_FPP_000001@impurity_radiation@5, request_msg_id=REQUEST|fastran_FPP_000001@impurity_radiation@5|FRAMEWORK@Framework@0|25,status=0, args=(None,), message_id=RESPONSE|FRAMEWORK@Framework@0|fastran_FPP_000001@impurity_radiation@5|366)
2026-04-28 07:39:40,974 fastran__impurity_radiation_5 DEBUG    _invoke_service(): getTopic  ('_IPS_MONITOR',)
2026-04-28 07:39:40,974 fastran__impurity_radiation_5 DEBUG    _get_service_response(REQUEST|fastran_FPP_000001@impurity_radiation@5|FRAMEWORK@Framework@0|26)
2026-04-28 07:39:40,985 fastran__impurity_radiation_5 DEBUG    _get_service_response(REQUEST|fastran_FPP_000001@impurity_radiation@5|FRAMEWORK@Framework@0|26), response = ServiceResponseMessage(sender_id=FRAMEWORK@Framework@0, receiver_id=fastran_FPP_000001@impurity_radiation@5, request_msg_id=REQUEST|fastran_FPP_000001@impurity_radiation@5|FRAMEWORK@Framework@0|26,status=0, args=(<ipsframework.cca_es_spec.Topic object at 0x7fbe9a22ee50>,), message_id=RESPONSE|FRAMEWORK@Framework@0|fastran_FPP_000001@impurity_radiation@5|367)
2026-04-28 07:39:40,985 fastran__impurity_radiation_5 DEBUG    _invoke_service(): sendEvent  ('_IPS_MONITOR', 'PORTAL_EVENT', {'sim_name': 'fastran_FPP_000001', 'real_sim_name': 'fastran_FPP_000001', 'portal_data': {'code': 'fastran__impurity_radiation', 'eventtype': 'IPS_STAGE_INPUTS', 'ok': True, 'walltime': '68.53', 'time': '2026-04-28|07:39:40PDT', 'trace': {'timestamp': 1777387180974394, 'duration': 59, 'localEndpoint': {'serviceName': 'stage_input_files'}, 'name': '', 'id': 'e70cb59b389672bf', 'parentId': 'bb6121ebffb698a2', 'tags': {}}, 'state': 'Running', 'comment': 'Elapsed time = 0.000 Path = /pscratch/sd/h/hswils/github_repos/MANTA_DBSCANS/RAD_Kr_coronal/input Files = '}})
2026-04-28 07:39:40,985 fastran__impurity_radiation_5 DEBUG    _get_service_response(REQUEST|fastran_FPP_000001@impurity_radiation@5|FRAMEWORK@Framework@0|27)
2026-04-28 07:39:40,996 fastran__impurity_radiation_5 DEBUG    _get_service_response(REQUEST|fastran_FPP_000001@impurity_radiation@5|FRAMEWORK@Framework@0|27), response = ServiceResponseMessage(sender_id=FRAMEWORK@Framework@0, receiver_id=fastran_FPP_000001@impurity_radiation@5, request_msg_id=REQUEST|fastran_FPP_000001@impurity_radiation@5|FRAMEWORK@Framework@0|27,status=0, args=(None,), message_id=RESPONSE|FRAMEWORK@Framework@0|fastran_FPP_000001@impurity_radiation@5|368)
2026-04-28 07:39:41,196 fastran__impurity_radiation_5 DEBUG    _invoke_service(): update_state  (['s000001.00001', 'g000001.00001', 'i000001.00001'], '/pscratch/sd/h/hswils/github_repos/MANTA_DBSCANS/RAD_Kr_coronal/SCAN/work/fastran__impurity_radiation_5', '/pscratch/sd/h/hswils/github_repos/MANTA_DBSCANS/RAD_Kr_coronal/SCAN/work/plasma_state')
2026-04-28 07:39:41,197 fastran__impurity_radiation_5 DEBUG    _get_service_response(REQUEST|fastran_FPP_000001@impurity_radiation@5|FRAMEWORK@Framework@0|28)
2026-04-28 07:39:41,218 fastran__impurity_radiation_5 DEBUG    _get_service_response(REQUEST|fastran_FPP_000001@impurity_radiation@5|FRAMEWORK@Framework@0|28), response = ServiceResponseMessage(sender_id=FRAMEWORK@Framework@0, receiver_id=fastran_FPP_000001@impurity_radiation@5, request_msg_id=REQUEST|fastran_FPP_000001@impurity_radiation@5|FRAMEWORK@Framework@0|28,status=0, args=(0,), message_id=RESPONSE|FRAMEWORK@Framework@0|fastran_FPP_000001@impurity_radiation@5|369)
2026-04-28 07:39:41,218 fastran__impurity_radiation_5 DEBUG    _invoke_service(): getTopic  ('_IPS_MONITOR',)
2026-04-28 07:39:41,218 fastran__impurity_radiation_5 DEBUG    _get_service_response(REQUEST|fastran_FPP_000001@impurity_radiation@5|FRAMEWORK@Framework@0|29)
2026-04-28 07:39:41,228 fastran__impurity_radiation_5 DEBUG    _get_service_response(REQUEST|fastran_FPP_000001@impurity_radiation@5|FRAMEWORK@Framework@0|29), response = ServiceResponseMessage(sender_id=FRAMEWORK@Framework@0, receiver_id=fastran_FPP_000001@impurity_radiation@5, request_msg_id=REQUEST|fastran_FPP_000001@impurity_radiation@5|FRAMEWORK@Framework@0|29,status=0, args=(<ipsframework.cca_es_spec.Topic object at 0x7fbe9a22ef70>,), message_id=RESPONSE|FRAMEWORK@Framework@0|fastran_FPP_000001@impurity_radiation@5|370)
2026-04-28 07:39:41,228 fastran__impurity_radiation_5 DEBUG    _invoke_service(): sendEvent  ('_IPS_MONITOR', 'PORTAL_EVENT', {'sim_name': 'fastran_FPP_000001', 'real_sim_name': 'fastran_FPP_000001', 'portal_data': {'code': 'fastran__impurity_radiation', 'eventtype': 'IPS_UPDATE_STATE', 'ok': True, 'walltime': '68.78', 'time': '2026-04-28|07:39:41PDT', 'trace': {'timestamp': 1777387181196783, 'duration': 21313, 'localEndpoint': {'serviceName': 'update_state'}, 'name': "['s000001.00001', 'g000001.00001', 'i000001.00001']", 'id': '7629e189a66153c0', 'parentId': 'bb6121ebffb698a2', 'tags': {}}, 'state': 'Running', 'comment': 'Elapsed time = 0.021   files = s000001.00001 g000001.00001 i000001.00001 Success'}})
2026-04-28 07:39:41,229 fastran__impurity_radiation_5 DEBUG    _get_service_response(REQUEST|fastran_FPP_000001@impurity_radiation@5|FRAMEWORK@Framework@0|30)
2026-04-28 07:39:41,239 fastran__impurity_radiation_5 DEBUG    _get_service_response(REQUEST|fastran_FPP_000001@impurity_radiation@5|FRAMEWORK@Framework@0|30), response = ServiceResponseMessage(sender_id=FRAMEWORK@Framework@0, receiver_id=fastran_FPP_000001@impurity_radiation@5, request_msg_id=REQUEST|fastran_FPP_000001@impurity_radiation@5|FRAMEWORK@Framework@0|30,status=0, args=(None,), message_id=RESPONSE|FRAMEWORK@Framework@0|fastran_FPP_000001@impurity_radiation@5|371)
2026-04-28 07:39:41,240 fastran__impurity_radiation_5 DEBUG    _invoke_service(): getTopic  ('_IPS_MONITOR',)
2026-04-28 07:39:41,240 fastran__impurity_radiation_5 DEBUG    _get_service_response(REQUEST|fastran_FPP_000001@impurity_radiation@5|FRAMEWORK@Framework@0|31)
2026-04-28 07:39:41,250 fastran__impurity_radiation_5 DEBUG    _get_service_response(REQUEST|fastran_FPP_000001@impurity_radiation@5|FRAMEWORK@Framework@0|31), response = ServiceResponseMessage(sender_id=FRAMEWORK@Framework@0, receiver_id=fastran_FPP_000001@impurity_radiation@5, request_msg_id=REQUEST|fastran_FPP_000001@impurity_radiation@5|FRAMEWORK@Framework@0|31,status=0, args=(<ipsframework.cca_es_spec.Topic object at 0x7fbe9a22eeb0>,), message_id=RESPONSE|FRAMEWORK@Framework@0|fastran_FPP_000001@impurity_radiation@5|372)
2026-04-28 07:39:41,250 fastran__impurity_radiation_5 DEBUG    _invoke_service(): sendEvent  ('_IPS_MONITOR', 'PORTAL_EVENT', {'sim_name': 'fastran_FPP_000001', 'real_sim_name': 'fastran_FPP_000001', 'portal_data': {'code': 'fastran__impurity_radiation', 'eventtype': 'IPS_STAGE_OUTPUTS', 'ok': True, 'walltime': '68.80', 'time': '2026-04-28|07:39:41PDT', 'trace': {'timestamp': 1777387181239761, 'duration': 283, 'localEndpoint': {'serviceName': 'stage_output_files'}, 'name': '[]', 'id': 'ed019efe11be26d9', 'parentId': 'bb6121ebffb698a2', 'tags': {}}, 'state': 'Running', 'comment': 'Elapsed time = 0.000 Path = /pscratch/sd/h/hswils/github_repos/MANTA_DBSCANS/RAD_Kr_coronal/SCAN/simulation_results/2/components/fastran__impurity_radiation_5 Files = []'}})
2026-04-28 07:39:41,250 fastran__impurity_radiation_5 DEBUG    _get_service_response(REQUEST|fastran_FPP_000001@impurity_radiation@5|FRAMEWORK@Framework@0|32)
2026-04-28 07:39:41,261 fastran__impurity_radiation_5 DEBUG    _get_service_response(REQUEST|fastran_FPP_000001@impurity_radiation@5|FRAMEWORK@Framework@0|32), response = ServiceResponseMessage(sender_id=FRAMEWORK@Framework@0, receiver_id=fastran_FPP_000001@impurity_radiation@5, request_msg_id=REQUEST|fastran_FPP_000001@impurity_radiation@5|FRAMEWORK@Framework@0|32,status=0, args=(None,), message_id=RESPONSE|FRAMEWORK@Framework@0|fastran_FPP_000001@impurity_radiation@5|373)
2026-04-28 07:39:41,272 fastran_driver_fastran_driver_2 DEBUG    _get_service_response(REQUEST|fastran_FPP_000001@fastran_driver@2|FRAMEWORK@Framework@0|142), response = ServiceResponseMessage(sender_id=FRAMEWORK@Framework@0, receiver_id=fastran_FPP_000001@fastran_driver@2, request_msg_id=REQUEST|fastran_FPP_000001@fastran_driver@2|FRAMEWORK@Framework@0|142,status=0, args=((None,),), message_id=RESPONSE|FRAMEWORK@Framework@0|fastran_FPP_000001@fastran_driver@2|374)
2026-04-28 07:39:41,272 fastran_driver_fastran_driver_2 DEBUG    _invoke_service(): getTopic  ('_IPS_MONITOR',)
2026-04-28 07:39:41,272 fastran_driver_fastran_driver_2 DEBUG    _get_service_response(REQUEST|fastran_FPP_000001@fastran_driver@2|FRAMEWORK@Framework@0|143)
2026-04-28 07:39:41,283 fastran_driver_fastran_driver_2 DEBUG    _get_service_response(REQUEST|fastran_FPP_000001@fastran_driver@2|FRAMEWORK@Framework@0|143), response = ServiceResponseMessage(sender_id=FRAMEWORK@Framework@0, receiver_id=fastran_FPP_000001@fastran_driver@2, request_msg_id=REQUEST|fastran_FPP_000001@fastran_driver@2|FRAMEWORK@Framework@0|143,status=0, args=(<ipsframework.cca_es_spec.Topic object at 0x7fbe9a29f040>,), message_id=RESPONSE|FRAMEWORK@Framework@0|fastran_FPP_000001@fastran_driver@2|375)
2026-04-28 07:39:41,283 fastran_driver_fastran_driver_2 DEBUG    _invoke_service(): sendEvent  ('_IPS_MONITOR', 'PORTAL_EVENT', {'sim_name': 'fastran_FPP_000001', 'real_sim_name': 'fastran_FPP_000001', 'portal_data': {'code': 'fastran_driver_fastran_driver', 'eventtype': 'IPS_CALL_END', 'ok': True, 'walltime': '68.83', 'time': '2026-04-28|07:39:41PDT', 'trace': {'timestamp': 1777387180941802, 'duration': 330677, 'localEndpoint': {'serviceName': 'fastran_FPP_000001@impurity_radiation@5'}, 'name': 'step(2)', 'id': 'bb6121ebffb698a2', 'parentId': 'f899e3e5886669ce', 'tags': {}}, 'state': 'Running', 'comment': 'Target = fastran_FPP_000001@impurity_radiation@5:step(2)'}})
2026-04-28 07:39:41,283 fastran_driver_fastran_driver_2 DEBUG    _get_service_response(REQUEST|fastran_FPP_000001@fastran_driver@2|FRAMEWORK@Framework@0|144)
2026-04-28 07:39:41,294 fastran_driver_fastran_driver_2 DEBUG    _get_service_response(REQUEST|fastran_FPP_000001@fastran_driver@2|FRAMEWORK@Framework@0|144), response = ServiceResponseMessage(sender_id=FRAMEWORK@Framework@0, receiver_id=fastran_FPP_000001@fastran_driver@2, request_msg_id=REQUEST|fastran_FPP_000001@fastran_driver@2|FRAMEWORK@Framework@0|144,status=0, args=(None,), message_id=RESPONSE|FRAMEWORK@Framework@0|fastran_FPP_000001@fastran_driver@2|376)
2026-04-28 07:39:41,294 fastran_driver_fastran_driver_2 DEBUG    _invoke_service(): getTopic  ('_IPS_MONITOR',)
2026-04-28 07:39:41,294 fastran_driver_fastran_driver_2 DEBUG    _get_service_response(REQUEST|fastran_FPP_000001@fastran_driver@2|FRAMEWORK@Framework@0|145)
2026-04-28 07:39:41,305 fastran_driver_fastran_driver_2 DEBUG    _get_service_response(REQUEST|fastran_FPP_000001@fastran_driver@2|FRAMEWORK@Framework@0|145), response = ServiceResponseMessage(sender_id=FRAMEWORK@Framework@0, receiver_id=fastran_FPP_000001@fastran_driver@2, request_msg_id=REQUEST|fastran_FPP_000001@fastran_driver@2|FRAMEWORK@Framework@0|145,status=0, args=(<ipsframework.cca_es_spec.Topic object at 0x7fbe9a29f040>,), message_id=RESPONSE|FRAMEWORK@Framework@0|fastran_FPP_000001@fastran_driver@2|377)
2026-04-28 07:39:41,305 fastran_driver_fastran_driver_2 DEBUG    _invoke_service(): sendEvent  ('_IPS_MONITOR', 'PORTAL_EVENT', {'sim_name': 'fastran_FPP_000001', 'real_sim_name': 'fastran_FPP_000001', 'portal_data': {'code': 'fastran_driver_fastran_driver', 'eventtype': 'IPS_CALL_BEGIN', 'ok': True, 'walltime': '68.85', 'time': '2026-04-28|07:39:41PDT', 'state': 'Running', 'comment': 'Target = fastran_FPP_000001@hcd_model@6:step(2)'}})
2026-04-28 07:39:41,305 fastran_driver_fastran_driver_2 DEBUG    _get_service_response(REQUEST|fastran_FPP_000001@fastran_driver@2|FRAMEWORK@Framework@0|146)
2026-04-28 07:39:41,316 fastran_driver_fastran_driver_2 DEBUG    _get_service_response(REQUEST|fastran_FPP_000001@fastran_driver@2|FRAMEWORK@Framework@0|146), response = ServiceResponseMessage(sender_id=FRAMEWORK@Framework@0, receiver_id=fastran_FPP_000001@fastran_driver@2, request_msg_id=REQUEST|fastran_FPP_000001@fastran_driver@2|FRAMEWORK@Framework@0|146,status=0, args=(None,), message_id=RESPONSE|FRAMEWORK@Framework@0|fastran_FPP_000001@fastran_driver@2|378)
2026-04-28 07:39:41,316 fastran_driver_fastran_driver_2 DEBUG    _invoke_service(): init_call  ('step', 2)
2026-04-28 07:39:41,316 fastran_driver_fastran_driver_2 DEBUG    _get_service_response(REQUEST|fastran_FPP_000001@fastran_driver@2|FRAMEWORK@Framework@0|147)
2026-04-28 07:39:41,317 fastran_ic_hcd_model_6 DEBUG    Received Message 
2026-04-28 07:39:41,317 fastran_ic_hcd_model_6 DEBUG    Calling method step(2)
2026-04-28 07:39:41,317 fastran_ic_hcd_model_6 DEBUG    _invoke_service(): stage_state  (['s000001.00001', 'g000001.00001', 'i000001.00001'], '/pscratch/sd/h/hswils/github_repos/MANTA_DBSCANS/RAD_Kr_coronal/SCAN/work/plasma_state', '/pscratch/sd/h/hswils/github_repos/MANTA_DBSCANS/RAD_Kr_coronal/SCAN/work/fastran_ic_hcd_model_6')
2026-04-28 07:39:41,317 fastran_ic_hcd_model_6 DEBUG    _get_service_response(REQUEST|fastran_FPP_000001@hcd_model@6|FRAMEWORK@Framework@0|20)
2026-04-28 07:39:41,327 fastran_driver_fastran_driver_2 DEBUG    _get_service_response(REQUEST|fastran_FPP_000001@fastran_driver@2|FRAMEWORK@Framework@0|147), response = ServiceResponseMessage(sender_id=FRAMEWORK@Framework@0, receiver_id=fastran_FPP_000001@fastran_driver@2, request_msg_id=REQUEST|fastran_FPP_000001@fastran_driver@2|FRAMEWORK@Framework@0|147,status=0, args=(28,), message_id=RESPONSE|FRAMEWORK@Framework@0|fastran_FPP_000001@fastran_driver@2|379)
2026-04-28 07:39:41,327 fastran_driver_fastran_driver_2 DEBUG    _invoke_service(): wait_call  (28, True)
2026-04-28 07:39:41,327 fastran_driver_fastran_driver_2 DEBUG    _get_service_response(REQUEST|fastran_FPP_000001@fastran_driver@2|FRAMEWORK@Framework@0|148)
2026-04-28 07:39:41,339 fastran_ic_hcd_model_6 DEBUG    _get_service_response(REQUEST|fastran_FPP_000001@hcd_model@6|FRAMEWORK@Framework@0|20), response = ServiceResponseMessage(sender_id=FRAMEWORK@Framework@0, receiver_id=fastran_FPP_000001@hcd_model@6, request_msg_id=REQUEST|fastran_FPP_000001@hcd_model@6|FRAMEWORK@Framework@0|20,status=0, args=(0,), message_id=RESPONSE|FRAMEWORK@Framework@0|fastran_FPP_000001@hcd_model@6|380)
2026-04-28 07:39:41,339 fastran_ic_hcd_model_6 DEBUG    _invoke_service(): getTopic  ('_IPS_MONITOR',)
2026-04-28 07:39:41,339 fastran_ic_hcd_model_6 DEBUG    _get_service_response(REQUEST|fastran_FPP_000001@hcd_model@6|FRAMEWORK@Framework@0|21)
2026-04-28 07:39:41,349 fastran_ic_hcd_model_6 DEBUG    _get_service_response(REQUEST|fastran_FPP_000001@hcd_model@6|FRAMEWORK@Framework@0|21), response = ServiceResponseMessage(sender_id=FRAMEWORK@Framework@0, receiver_id=fastran_FPP_000001@hcd_model@6, request_msg_id=REQUEST|fastran_FPP_000001@hcd_model@6|FRAMEWORK@Framework@0|21,status=0, args=(<ipsframework.cca_es_spec.Topic object at 0x7fbe9a236ac0>,), message_id=RESPONSE|FRAMEWORK@Framework@0|fastran_FPP_000001@hcd_model@6|381)
2026-04-28 07:39:41,349 fastran_ic_hcd_model_6 DEBUG    _invoke_service(): sendEvent  ('_IPS_MONITOR', 'PORTAL_EVENT', {'sim_name': 'fastran_FPP_000001', 'real_sim_name': 'fastran_FPP_000001', 'portal_data': {'code': 'fastran_ic_hcd_model', 'eventtype': 'IPS_STAGE_STATE', 'ok': True, 'walltime': '68.90', 'time': '2026-04-28|07:39:41PDT', 'trace': {'timestamp': 1777387181317604, 'duration': 21485, 'localEndpoint': {'serviceName': 'stage_state'}, 'name': "['s000001.00001', 'g000001.00001', 'i000001.00001']", 'id': '71885aecf25d7412', 'parentId': '8e181ef39668412d', 'tags': {}}, 'state': 'Running', 'comment': 'Elapsed time = 0.021  files = s000001.00001 g000001.00001 i000001.00001 Success'}})
2026-04-28 07:39:41,349 fastran_ic_hcd_model_6 DEBUG    _get_service_response(REQUEST|fastran_FPP_000001@hcd_model@6|FRAMEWORK@Framework@0|22)
2026-04-28 07:39:41,360 fastran_ic_hcd_model_6 DEBUG    _get_service_response(REQUEST|fastran_FPP_000001@hcd_model@6|FRAMEWORK@Framework@0|22), response = ServiceResponseMessage(sender_id=FRAMEWORK@Framework@0, receiver_id=fastran_FPP_000001@hcd_model@6, request_msg_id=REQUEST|fastran_FPP_000001@hcd_model@6|FRAMEWORK@Framework@0|22,status=0, args=(None,), message_id=RESPONSE|FRAMEWORK@Framework@0|fastran_FPP_000001@hcd_model@6|382)
2026-04-28 07:39:41,365 fastran_ic_hcd_model_6 DEBUG    _invoke_service(): getTopic  ('_IPS_MONITOR',)
2026-04-28 07:39:41,365 fastran_ic_hcd_model_6 DEBUG    _get_service_response(REQUEST|fastran_FPP_000001@hcd_model@6|FRAMEWORK@Framework@0|23)
2026-04-28 07:39:41,375 fastran_ic_hcd_model_6 DEBUG    _get_service_response(REQUEST|fastran_FPP_000001@hcd_model@6|FRAMEWORK@Framework@0|23), response = ServiceResponseMessage(sender_id=FRAMEWORK@Framework@0, receiver_id=fastran_FPP_000001@hcd_model@6, request_msg_id=REQUEST|fastran_FPP_000001@hcd_model@6|FRAMEWORK@Framework@0|23,status=0, args=(<ipsframework.cca_es_spec.Topic object at 0x7fbe9a236940>,), message_id=RESPONSE|FRAMEWORK@Framework@0|fastran_FPP_000001@hcd_model@6|383)
2026-04-28 07:39:41,375 fastran_ic_hcd_model_6 DEBUG    _invoke_service(): sendEvent  ('_IPS_MONITOR', 'PORTAL_EVENT', {'sim_name': 'fastran_FPP_000001', 'real_sim_name': 'fastran_FPP_000001', 'portal_data': {'code': 'fastran_ic_hcd_model', 'eventtype': 'IPS_STAGE_INPUTS', 'ok': True, 'walltime': '68.92', 'time': '2026-04-28|07:39:41PDT', 'trace': {'timestamp': 1777387181360499, 'duration': 4536, 'localEndpoint': {'serviceName': 'stage_input_files'}, 'name': 'inhcd', 'id': '5ee53c28a9607896', 'parentId': '8e181ef39668412d', 'tags': {}}, 'state': 'Running', 'comment': 'Elapsed time = 0.005 Path = /pscratch/sd/h/hswils/github_repos/MANTA_DBSCANS/RAD_Kr_coronal/input Files = inhcd'}})
2026-04-28 07:39:41,375 fastran_ic_hcd_model_6 DEBUG    _get_service_response(REQUEST|fastran_FPP_000001@hcd_model@6|FRAMEWORK@Framework@0|24)
2026-04-28 07:39:41,386 fastran_ic_hcd_model_6 DEBUG    _get_service_response(REQUEST|fastran_FPP_000001@hcd_model@6|FRAMEWORK@Framework@0|24), response = ServiceResponseMessage(sender_id=FRAMEWORK@Framework@0, receiver_id=fastran_FPP_000001@hcd_model@6, request_msg_id=REQUEST|fastran_FPP_000001@hcd_model@6|FRAMEWORK@Framework@0|24,status=0, args=(None,), message_id=RESPONSE|FRAMEWORK@Framework@0|fastran_FPP_000001@hcd_model@6|384)
2026-04-28 07:39:41,509 fastran_ic_hcd_model_6 DEBUG    _invoke_service(): update_state  (['s000001.00001', 'g000001.00001', 'i000001.00001'], '/pscratch/sd/h/hswils/github_repos/MANTA_DBSCANS/RAD_Kr_coronal/SCAN/work/fastran_ic_hcd_model_6', '/pscratch/sd/h/hswils/github_repos/MANTA_DBSCANS/RAD_Kr_coronal/SCAN/work/plasma_state')
2026-04-28 07:39:41,510 fastran_ic_hcd_model_6 DEBUG    _get_service_response(REQUEST|fastran_FPP_000001@hcd_model@6|FRAMEWORK@Framework@0|25)
2026-04-28 07:39:41,531 fastran_ic_hcd_model_6 DEBUG    _get_service_response(REQUEST|fastran_FPP_000001@hcd_model@6|FRAMEWORK@Framework@0|25), response = ServiceResponseMessage(sender_id=FRAMEWORK@Framework@0, receiver_id=fastran_FPP_000001@hcd_model@6, request_msg_id=REQUEST|fastran_FPP_000001@hcd_model@6|FRAMEWORK@Framework@0|25,status=0, args=(0,), message_id=RESPONSE|FRAMEWORK@Framework@0|fastran_FPP_000001@hcd_model@6|386)
2026-04-28 07:39:41,531 fastran_ic_hcd_model_6 DEBUG    _invoke_service(): getTopic  ('_IPS_MONITOR',)
2026-04-28 07:39:41,531 fastran_ic_hcd_model_6 DEBUG    _get_service_response(REQUEST|fastran_FPP_000001@hcd_model@6|FRAMEWORK@Framework@0|26)
2026-04-28 07:39:41,541 fastran_ic_hcd_model_6 DEBUG    _get_service_response(REQUEST|fastran_FPP_000001@hcd_model@6|FRAMEWORK@Framework@0|26), response = ServiceResponseMessage(sender_id=FRAMEWORK@Framework@0, receiver_id=fastran_FPP_000001@hcd_model@6, request_msg_id=REQUEST|fastran_FPP_000001@hcd_model@6|FRAMEWORK@Framework@0|26,status=0, args=(<ipsframework.cca_es_spec.Topic object at 0x7fbe9a236c40>,), message_id=RESPONSE|FRAMEWORK@Framework@0|fastran_FPP_000001@hcd_model@6|387)
2026-04-28 07:39:41,541 fastran_ic_hcd_model_6 DEBUG    _invoke_service(): sendEvent  ('_IPS_MONITOR', 'PORTAL_EVENT', {'sim_name': 'fastran_FPP_000001', 'real_sim_name': 'fastran_FPP_000001', 'portal_data': {'code': 'fastran_ic_hcd_model', 'eventtype': 'IPS_UPDATE_STATE', 'ok': True, 'walltime': '69.09', 'time': '2026-04-28|07:39:41PDT', 'trace': {'timestamp': 1777387181509776, 'duration': 21579, 'localEndpoint': {'serviceName': 'update_state'}, 'name': "['s000001.00001', 'g000001.00001', 'i000001.00001']", 'id': '7629e189a66153c0', 'parentId': '8e181ef39668412d', 'tags': {}}, 'state': 'Running', 'comment': 'Elapsed time = 0.022   files = s000001.00001 g000001.00001 i000001.00001 Success'}})
2026-04-28 07:39:41,542 fastran_ic_hcd_model_6 DEBUG    _get_service_response(REQUEST|fastran_FPP_000001@hcd_model@6|FRAMEWORK@Framework@0|27)
2026-04-28 07:39:41,552 fastran_ic_hcd_model_6 DEBUG    _get_service_response(REQUEST|fastran_FPP_000001@hcd_model@6|FRAMEWORK@Framework@0|27), response = ServiceResponseMessage(sender_id=FRAMEWORK@Framework@0, receiver_id=fastran_FPP_000001@hcd_model@6, request_msg_id=REQUEST|fastran_FPP_000001@hcd_model@6|FRAMEWORK@Framework@0|27,status=0, args=(None,), message_id=RESPONSE|FRAMEWORK@Framework@0|fastran_FPP_000001@hcd_model@6|388)
2026-04-28 07:39:41,552 fastran_ic_hcd_model_6 DEBUG    _invoke_service(): getTopic  ('_IPS_MONITOR',)
2026-04-28 07:39:41,553 fastran_ic_hcd_model_6 DEBUG    _get_service_response(REQUEST|fastran_FPP_000001@hcd_model@6|FRAMEWORK@Framework@0|28)
2026-04-28 07:39:41,563 fastran_ic_hcd_model_6 DEBUG    _get_service_response(REQUEST|fastran_FPP_000001@hcd_model@6|FRAMEWORK@Framework@0|28), response = ServiceResponseMessage(sender_id=FRAMEWORK@Framework@0, receiver_id=fastran_FPP_000001@hcd_model@6, request_msg_id=REQUEST|fastran_FPP_000001@hcd_model@6|FRAMEWORK@Framework@0|28,status=0, args=(<ipsframework.cca_es_spec.Topic object at 0x7fbe9a236d00>,), message_id=RESPONSE|FRAMEWORK@Framework@0|fastran_FPP_000001@hcd_model@6|389)
2026-04-28 07:39:41,563 fastran_ic_hcd_model_6 DEBUG    _invoke_service(): sendEvent  ('_IPS_MONITOR', 'PORTAL_EVENT', {'sim_name': 'fastran_FPP_000001', 'real_sim_name': 'fastran_FPP_000001', 'portal_data': {'code': 'fastran_ic_hcd_model', 'eventtype': 'IPS_STAGE_OUTPUTS', 'ok': True, 'walltime': '69.11', 'time': '2026-04-28|07:39:41PDT', 'trace': {'timestamp': 1777387181552679, 'duration': 225, 'localEndpoint': {'serviceName': 'stage_output_files'}, 'name': '[]', 'id': 'ed019efe11be26d9', 'parentId': '8e181ef39668412d', 'tags': {}}, 'state': 'Running', 'comment': 'Elapsed time = 0.000 Path = /pscratch/sd/h/hswils/github_repos/MANTA_DBSCANS/RAD_Kr_coronal/SCAN/simulation_results/2/components/fastran_ic_hcd_model_6 Files = []'}})
2026-04-28 07:39:41,563 fastran_ic_hcd_model_6 DEBUG    _get_service_response(REQUEST|fastran_FPP_000001@hcd_model@6|FRAMEWORK@Framework@0|29)
2026-04-28 07:39:41,574 fastran_ic_hcd_model_6 DEBUG    _get_service_response(REQUEST|fastran_FPP_000001@hcd_model@6|FRAMEWORK@Framework@0|29), response = ServiceResponseMessage(sender_id=FRAMEWORK@Framework@0, receiver_id=fastran_FPP_000001@hcd_model@6, request_msg_id=REQUEST|fastran_FPP_000001@hcd_model@6|FRAMEWORK@Framework@0|29,status=0, args=(None,), message_id=RESPONSE|FRAMEWORK@Framework@0|fastran_FPP_000001@hcd_model@6|390)
2026-04-28 07:39:41,584 fastran_driver_fastran_driver_2 DEBUG    _get_service_response(REQUEST|fastran_FPP_000001@fastran_driver@2|FRAMEWORK@Framework@0|148), response = ServiceResponseMessage(sender_id=FRAMEWORK@Framework@0, receiver_id=fastran_FPP_000001@fastran_driver@2, request_msg_id=REQUEST|fastran_FPP_000001@fastran_driver@2|FRAMEWORK@Framework@0|148,status=0, args=((None,),), message_id=RESPONSE|FRAMEWORK@Framework@0|fastran_FPP_000001@fastran_driver@2|391)
2026-04-28 07:39:41,584 fastran_driver_fastran_driver_2 DEBUG    _invoke_service(): getTopic  ('_IPS_MONITOR',)
2026-04-28 07:39:41,585 fastran_driver_fastran_driver_2 DEBUG    _get_service_response(REQUEST|fastran_FPP_000001@fastran_driver@2|FRAMEWORK@Framework@0|149)
2026-04-28 07:39:41,595 fastran_driver_fastran_driver_2 DEBUG    _get_service_response(REQUEST|fastran_FPP_000001@fastran_driver@2|FRAMEWORK@Framework@0|149), response = ServiceResponseMessage(sender_id=FRAMEWORK@Framework@0, receiver_id=fastran_FPP_000001@fastran_driver@2, request_msg_id=REQUEST|fastran_FPP_000001@fastran_driver@2|FRAMEWORK@Framework@0|149,status=0, args=(<ipsframework.cca_es_spec.Topic object at 0x7fbe9a2a0040>,), message_id=RESPONSE|FRAMEWORK@Framework@0|fastran_FPP_000001@fastran_driver@2|392)
2026-04-28 07:39:41,595 fastran_driver_fastran_driver_2 DEBUG    _invoke_service(): sendEvent  ('_IPS_MONITOR', 'PORTAL_EVENT', {'sim_name': 'fastran_FPP_000001', 'real_sim_name': 'fastran_FPP_000001', 'portal_data': {'code': 'fastran_driver_fastran_driver', 'eventtype': 'IPS_CALL_END', 'ok': True, 'walltime': '69.14', 'time': '2026-04-28|07:39:41PDT', 'trace': {'timestamp': 1777387181327222, 'duration': 257673, 'localEndpoint': {'serviceName': 'fastran_FPP_000001@hcd_model@6'}, 'name': 'step(2)', 'id': '8e181ef39668412d', 'parentId': 'f899e3e5886669ce', 'tags': {}}, 'state': 'Running', 'comment': 'Target = fastran_FPP_000001@hcd_model@6:step(2)'}})
2026-04-28 07:39:41,595 fastran_driver_fastran_driver_2 DEBUG    _get_service_response(REQUEST|fastran_FPP_000001@fastran_driver@2|FRAMEWORK@Framework@0|150)
2026-04-28 07:39:41,606 fastran_driver_fastran_driver_2 DEBUG    _get_service_response(REQUEST|fastran_FPP_000001@fastran_driver@2|FRAMEWORK@Framework@0|150), response = ServiceResponseMessage(sender_id=FRAMEWORK@Framework@0, receiver_id=fastran_FPP_000001@fastran_driver@2, request_msg_id=REQUEST|fastran_FPP_000001@fastran_driver@2|FRAMEWORK@Framework@0|150,status=0, args=(None,), message_id=RESPONSE|FRAMEWORK@Framework@0|fastran_FPP_000001@fastran_driver@2|393)
2026-04-28 07:39:41,606 fastran_driver_fastran_driver_2 DEBUG    _invoke_service(): getTopic  ('_IPS_MONITOR',)
2026-04-28 07:39:41,606 fastran_driver_fastran_driver_2 DEBUG    _get_service_response(REQUEST|fastran_FPP_000001@fastran_driver@2|FRAMEWORK@Framework@0|151)
2026-04-28 07:39:41,617 fastran_driver_fastran_driver_2 DEBUG    _get_service_response(REQUEST|fastran_FPP_000001@fastran_driver@2|FRAMEWORK@Framework@0|151), response = ServiceResponseMessage(sender_id=FRAMEWORK@Framework@0, receiver_id=fastran_FPP_000001@fastran_driver@2, request_msg_id=REQUEST|fastran_FPP_000001@fastran_driver@2|FRAMEWORK@Framework@0|151,status=0, args=(<ipsframework.cca_es_spec.Topic object at 0x7fbe9a2a0040>,), message_id=RESPONSE|FRAMEWORK@Framework@0|fastran_FPP_000001@fastran_driver@2|394)
2026-04-28 07:39:41,617 fastran_driver_fastran_driver_2 DEBUG    _invoke_service(): sendEvent  ('_IPS_MONITOR', 'PORTAL_EVENT', {'sim_name': 'fastran_FPP_000001', 'real_sim_name': 'fastran_FPP_000001', 'portal_data': {'code': 'fastran_driver_fastran_driver', 'eventtype': 'IPS_CALL_BEGIN', 'ok': True, 'walltime': '69.17', 'time': '2026-04-28|07:39:41PDT', 'state': 'Running', 'comment': 'Target = fastran_FPP_000001@efit@7:step(2)'}})
2026-04-28 07:39:41,617 fastran_driver_fastran_driver_2 DEBUG    _get_service_response(REQUEST|fastran_FPP_000001@fastran_driver@2|FRAMEWORK@Framework@0|152)
2026-04-28 07:39:41,628 fastran_driver_fastran_driver_2 DEBUG    _get_service_response(REQUEST|fastran_FPP_000001@fastran_driver@2|FRAMEWORK@Framework@0|152), response = ServiceResponseMessage(sender_id=FRAMEWORK@Framework@0, receiver_id=fastran_FPP_000001@fastran_driver@2, request_msg_id=REQUEST|fastran_FPP_000001@fastran_driver@2|FRAMEWORK@Framework@0|152,status=0, args=(None,), message_id=RESPONSE|FRAMEWORK@Framework@0|fastran_FPP_000001@fastran_driver@2|395)
2026-04-28 07:39:41,628 fastran_driver_fastran_driver_2 DEBUG    _invoke_service(): init_call  ('step', 2)
2026-04-28 07:39:41,628 fastran_driver_fastran_driver_2 DEBUG    _get_service_response(REQUEST|fastran_FPP_000001@fastran_driver@2|FRAMEWORK@Framework@0|153)
2026-04-28 07:39:41,629 fastran_eq_efit_7 DEBUG    Received Message 
2026-04-28 07:39:41,629 fastran_eq_efit_7 DEBUG    Calling method step(2)
2026-04-28 07:39:41,629 fastran_eq_efit_7 DEBUG    _invoke_service(): stage_state  (['s000001.00001', 'g000001.00001', 'i000001.00001'], '/pscratch/sd/h/hswils/github_repos/MANTA_DBSCANS/RAD_Kr_coronal/SCAN/work/plasma_state', '/pscratch/sd/h/hswils/github_repos/MANTA_DBSCANS/RAD_Kr_coronal/SCAN/work/fastran_eq_efit_7')
2026-04-28 07:39:41,629 fastran_eq_efit_7 DEBUG    _get_service_response(REQUEST|fastran_FPP_000001@efit@7|FRAMEWORK@Framework@0|16)
2026-04-28 07:39:41,639 fastran_driver_fastran_driver_2 DEBUG    _get_service_response(REQUEST|fastran_FPP_000001@fastran_driver@2|FRAMEWORK@Framework@0|153), response = ServiceResponseMessage(sender_id=FRAMEWORK@Framework@0, receiver_id=fastran_FPP_000001@fastran_driver@2, request_msg_id=REQUEST|fastran_FPP_000001@fastran_driver@2|FRAMEWORK@Framework@0|153,status=0, args=(29,), message_id=RESPONSE|FRAMEWORK@Framework@0|fastran_FPP_000001@fastran_driver@2|396)
2026-04-28 07:39:41,639 fastran_driver_fastran_driver_2 DEBUG    _invoke_service(): wait_call  (29, True)
2026-04-28 07:39:41,639 fastran_driver_fastran_driver_2 DEBUG    _get_service_response(REQUEST|fastran_FPP_000001@fastran_driver@2|FRAMEWORK@Framework@0|154)
2026-04-28 07:39:41,651 fastran_eq_efit_7 DEBUG    _get_service_response(REQUEST|fastran_FPP_000001@efit@7|FRAMEWORK@Framework@0|16), response = ServiceResponseMessage(sender_id=FRAMEWORK@Framework@0, receiver_id=fastran_FPP_000001@efit@7, request_msg_id=REQUEST|fastran_FPP_000001@efit@7|FRAMEWORK@Framework@0|16,status=0, args=(0,), message_id=RESPONSE|FRAMEWORK@Framework@0|fastran_FPP_000001@efit@7|397)
2026-04-28 07:39:41,651 fastran_eq_efit_7 DEBUG    _invoke_service(): getTopic  ('_IPS_MONITOR',)
2026-04-28 07:39:41,651 fastran_eq_efit_7 DEBUG    _get_service_response(REQUEST|fastran_FPP_000001@efit@7|FRAMEWORK@Framework@0|17)
2026-04-28 07:39:41,661 fastran_eq_efit_7 DEBUG    _get_service_response(REQUEST|fastran_FPP_000001@efit@7|FRAMEWORK@Framework@0|17), response = ServiceResponseMessage(sender_id=FRAMEWORK@Framework@0, receiver_id=fastran_FPP_000001@efit@7, request_msg_id=REQUEST|fastran_FPP_000001@efit@7|FRAMEWORK@Framework@0|17,status=0, args=(<ipsframework.cca_es_spec.Topic object at 0x7fbe9a231790>,), message_id=RESPONSE|FRAMEWORK@Framework@0|fastran_FPP_000001@efit@7|398)
2026-04-28 07:39:41,661 fastran_eq_efit_7 DEBUG    _invoke_service(): sendEvent  ('_IPS_MONITOR', 'PORTAL_EVENT', {'sim_name': 'fastran_FPP_000001', 'real_sim_name': 'fastran_FPP_000001', 'portal_data': {'code': 'fastran_eq_efit', 'eventtype': 'IPS_STAGE_STATE', 'ok': True, 'walltime': '69.21', 'time': '2026-04-28|07:39:41PDT', 'trace': {'timestamp': 1777387181629739, 'duration': 21564, 'localEndpoint': {'serviceName': 'stage_state'}, 'name': "['s000001.00001', 'g000001.00001', 'i000001.00001']", 'id': '71885aecf25d7412', 'parentId': '75686f9034225e05', 'tags': {}}, 'state': 'Running', 'comment': 'Elapsed time = 0.022  files = s000001.00001 g000001.00001 i000001.00001 Success'}})
2026-04-28 07:39:41,662 fastran_eq_efit_7 DEBUG    _get_service_response(REQUEST|fastran_FPP_000001@efit@7|FRAMEWORK@Framework@0|18)
2026-04-28 07:39:41,672 fastran_eq_efit_7 DEBUG    _get_service_response(REQUEST|fastran_FPP_000001@efit@7|FRAMEWORK@Framework@0|18), response = ServiceResponseMessage(sender_id=FRAMEWORK@Framework@0, receiver_id=fastran_FPP_000001@efit@7, request_msg_id=REQUEST|fastran_FPP_000001@efit@7|FRAMEWORK@Framework@0|18,status=0, args=(None,), message_id=RESPONSE|FRAMEWORK@Framework@0|fastran_FPP_000001@efit@7|399)
2026-04-28 07:39:44,189 fastran_eq_efit_7 DEBUG    _invoke_service(): update_state  (['s000001.00001', 'g000001.00001', 'i000001.00001'], '/pscratch/sd/h/hswils/github_repos/MANTA_DBSCANS/RAD_Kr_coronal/SCAN/work/fastran_eq_efit_7', '/pscratch/sd/h/hswils/github_repos/MANTA_DBSCANS/RAD_Kr_coronal/SCAN/work/plasma_state')
2026-04-28 07:39:44,189 fastran_eq_efit_7 DEBUG    _get_service_response(REQUEST|fastran_FPP_000001@efit@7|FRAMEWORK@Framework@0|19)
2026-04-28 07:39:44,212 fastran_eq_efit_7 DEBUG    _get_service_response(REQUEST|fastran_FPP_000001@efit@7|FRAMEWORK@Framework@0|19), response = ServiceResponseMessage(sender_id=FRAMEWORK@Framework@0, receiver_id=fastran_FPP_000001@efit@7, request_msg_id=REQUEST|fastran_FPP_000001@efit@7|FRAMEWORK@Framework@0|19,status=0, args=(0,), message_id=RESPONSE|FRAMEWORK@Framework@0|fastran_FPP_000001@efit@7|405)
2026-04-28 07:39:44,212 fastran_eq_efit_7 DEBUG    _invoke_service(): getTopic  ('_IPS_MONITOR',)
2026-04-28 07:39:44,212 fastran_eq_efit_7 DEBUG    _get_service_response(REQUEST|fastran_FPP_000001@efit@7|FRAMEWORK@Framework@0|20)
2026-04-28 07:39:44,223 fastran_eq_efit_7 DEBUG    _get_service_response(REQUEST|fastran_FPP_000001@efit@7|FRAMEWORK@Framework@0|20), response = ServiceResponseMessage(sender_id=FRAMEWORK@Framework@0, receiver_id=fastran_FPP_000001@efit@7, request_msg_id=REQUEST|fastran_FPP_000001@efit@7|FRAMEWORK@Framework@0|20,status=0, args=(<ipsframework.cca_es_spec.Topic object at 0x7fbe9a2313a0>,), message_id=RESPONSE|FRAMEWORK@Framework@0|fastran_FPP_000001@efit@7|406)
2026-04-28 07:39:44,223 fastran_eq_efit_7 DEBUG    _invoke_service(): sendEvent  ('_IPS_MONITOR', 'PORTAL_EVENT', {'sim_name': 'fastran_FPP_000001', 'real_sim_name': 'fastran_FPP_000001', 'portal_data': {'code': 'fastran_eq_efit', 'eventtype': 'IPS_UPDATE_STATE', 'ok': True, 'walltime': '71.77', 'time': '2026-04-28|07:39:44PDT', 'trace': {'timestamp': 1777387184188958, 'duration': 23679, 'localEndpoint': {'serviceName': 'update_state'}, 'name': "['s000001.00001', 'g000001.00001', 'i000001.00001']", 'id': '7629e189a66153c0', 'parentId': '75686f9034225e05', 'tags': {}}, 'state': 'Running', 'comment': 'Elapsed time = 0.024   files = s000001.00001 g000001.00001 i000001.00001 Success'}})
2026-04-28 07:39:44,223 fastran_eq_efit_7 DEBUG    _get_service_response(REQUEST|fastran_FPP_000001@efit@7|FRAMEWORK@Framework@0|21)
2026-04-28 07:39:44,234 fastran_eq_efit_7 DEBUG    _get_service_response(REQUEST|fastran_FPP_000001@efit@7|FRAMEWORK@Framework@0|21), response = ServiceResponseMessage(sender_id=FRAMEWORK@Framework@0, receiver_id=fastran_FPP_000001@efit@7, request_msg_id=REQUEST|fastran_FPP_000001@efit@7|FRAMEWORK@Framework@0|21,status=0, args=(None,), message_id=RESPONSE|FRAMEWORK@Framework@0|fastran_FPP_000001@efit@7|407)
2026-04-28 07:39:44,259 fastran_eq_efit_7 DEBUG    _invoke_service(): getTopic  ('_IPS_MONITOR',)
2026-04-28 07:39:44,259 fastran_eq_efit_7 DEBUG    _get_service_response(REQUEST|fastran_FPP_000001@efit@7|FRAMEWORK@Framework@0|22)
2026-04-28 07:39:44,269 fastran_eq_efit_7 DEBUG    _get_service_response(REQUEST|fastran_FPP_000001@efit@7|FRAMEWORK@Framework@0|22), response = ServiceResponseMessage(sender_id=FRAMEWORK@Framework@0, receiver_id=fastran_FPP_000001@efit@7, request_msg_id=REQUEST|fastran_FPP_000001@efit@7|FRAMEWORK@Framework@0|22,status=0, args=(<ipsframework.cca_es_spec.Topic object at 0x7fbe9a1cc2e0>,), message_id=RESPONSE|FRAMEWORK@Framework@0|fastran_FPP_000001@efit@7|408)
2026-04-28 07:39:44,270 fastran_eq_efit_7 DEBUG    _invoke_service(): sendEvent  ('_IPS_MONITOR', 'PORTAL_EVENT', {'sim_name': 'fastran_FPP_000001', 'real_sim_name': 'fastran_FPP_000001', 'portal_data': {'code': 'fastran_eq_efit', 'eventtype': 'IPS_STAGE_OUTPUTS', 'ok': True, 'walltime': '71.82', 'time': '2026-04-28|07:39:44PDT', 'trace': {'timestamp': 1777387184234525, 'duration': 24784, 'localEndpoint': {'serviceName': 'stage_output_files'}, 'name': "['g*.*', 'a*.*', 'm*.*', 'k*.*', 'efit.log', 's*.*']", 'id': '80725d8eee5776f1', 'parentId': '75686f9034225e05', 'tags': {}}, 'state': 'Running', 'comment': "Elapsed time = 0.025 Path = /pscratch/sd/h/hswils/github_repos/MANTA_DBSCANS/RAD_Kr_coronal/SCAN/simulation_results/2/components/fastran_eq_efit_7 Files = ['g*.*', 'a*.*', 'm*.*', 'k*.*', 'efit.log', 's*.*']"}})
2026-04-28 07:39:44,270 fastran_eq_efit_7 DEBUG    _get_service_response(REQUEST|fastran_FPP_000001@efit@7|FRAMEWORK@Framework@0|23)
2026-04-28 07:39:44,280 fastran_eq_efit_7 DEBUG    _get_service_response(REQUEST|fastran_FPP_000001@efit@7|FRAMEWORK@Framework@0|23), response = ServiceResponseMessage(sender_id=FRAMEWORK@Framework@0, receiver_id=fastran_FPP_000001@efit@7, request_msg_id=REQUEST|fastran_FPP_000001@efit@7|FRAMEWORK@Framework@0|23,status=0, args=(None,), message_id=RESPONSE|FRAMEWORK@Framework@0|fastran_FPP_000001@efit@7|409)
2026-04-28 07:39:44,292 fastran_driver_fastran_driver_2 DEBUG    _get_service_response(REQUEST|fastran_FPP_000001@fastran_driver@2|FRAMEWORK@Framework@0|154), response = ServiceResponseMessage(sender_id=FRAMEWORK@Framework@0, receiver_id=fastran_FPP_000001@fastran_driver@2, request_msg_id=REQUEST|fastran_FPP_000001@fastran_driver@2|FRAMEWORK@Framework@0|154,status=0, args=((None,),), message_id=RESPONSE|FRAMEWORK@Framework@0|fastran_FPP_000001@fastran_driver@2|410)
2026-04-28 07:39:44,292 fastran_driver_fastran_driver_2 DEBUG    _invoke_service(): getTopic  ('_IPS_MONITOR',)
2026-04-28 07:39:44,292 fastran_driver_fastran_driver_2 DEBUG    _get_service_response(REQUEST|fastran_FPP_000001@fastran_driver@2|FRAMEWORK@Framework@0|155)
2026-04-28 07:39:44,303 fastran_driver_fastran_driver_2 DEBUG    _get_service_response(REQUEST|fastran_FPP_000001@fastran_driver@2|FRAMEWORK@Framework@0|155), response = ServiceResponseMessage(sender_id=FRAMEWORK@Framework@0, receiver_id=fastran_FPP_000001@fastran_driver@2, request_msg_id=REQUEST|fastran_FPP_000001@fastran_driver@2|FRAMEWORK@Framework@0|155,status=0, args=(<ipsframework.cca_es_spec.Topic object at 0x7fbe9a29f040>,), message_id=RESPONSE|FRAMEWORK@Framework@0|fastran_FPP_000001@fastran_driver@2|411)
2026-04-28 07:39:44,303 fastran_driver_fastran_driver_2 DEBUG    _invoke_service(): sendEvent  ('_IPS_MONITOR', 'PORTAL_EVENT', {'sim_name': 'fastran_FPP_000001', 'real_sim_name': 'fastran_FPP_000001', 'portal_data': {'code': 'fastran_driver_fastran_driver', 'eventtype': 'IPS_CALL_END', 'ok': True, 'walltime': '71.85', 'time': '2026-04-28|07:39:44PDT', 'trace': {'timestamp': 1777387181639586, 'duration': 2652925, 'localEndpoint': {'serviceName': 'fastran_FPP_000001@efit@7'}, 'name': 'step(2)', 'id': '75686f9034225e05', 'parentId': 'f899e3e5886669ce', 'tags': {}}, 'state': 'Running', 'comment': 'Target = fastran_FPP_000001@efit@7:step(2)'}})
2026-04-28 07:39:44,303 fastran_driver_fastran_driver_2 DEBUG    _get_service_response(REQUEST|fastran_FPP_000001@fastran_driver@2|FRAMEWORK@Framework@0|156)
2026-04-28 07:39:44,314 fastran_driver_fastran_driver_2 DEBUG    _get_service_response(REQUEST|fastran_FPP_000001@fastran_driver@2|FRAMEWORK@Framework@0|156), response = ServiceResponseMessage(sender_id=FRAMEWORK@Framework@0, receiver_id=fastran_FPP_000001@fastran_driver@2, request_msg_id=REQUEST|fastran_FPP_000001@fastran_driver@2|FRAMEWORK@Framework@0|156,status=0, args=(None,), message_id=RESPONSE|FRAMEWORK@Framework@0|fastran_FPP_000001@fastran_driver@2|412)
2026-04-28 07:39:44,314 fastran_driver_fastran_driver_2 DEBUG    _invoke_service(): getTopic  ('_IPS_MONITOR',)
2026-04-28 07:39:44,314 fastran_driver_fastran_driver_2 DEBUG    _get_service_response(REQUEST|fastran_FPP_000001@fastran_driver@2|FRAMEWORK@Framework@0|157)
2026-04-28 07:39:44,325 fastran_driver_fastran_driver_2 DEBUG    _get_service_response(REQUEST|fastran_FPP_000001@fastran_driver@2|FRAMEWORK@Framework@0|157), response = ServiceResponseMessage(sender_id=FRAMEWORK@Framework@0, receiver_id=fastran_FPP_000001@fastran_driver@2, request_msg_id=REQUEST|fastran_FPP_000001@fastran_driver@2|FRAMEWORK@Framework@0|157,status=0, args=(<ipsframework.cca_es_spec.Topic object at 0x7fbe9a29f040>,), message_id=RESPONSE|FRAMEWORK@Framework@0|fastran_FPP_000001@fastran_driver@2|413)
2026-04-28 07:39:44,325 fastran_driver_fastran_driver_2 DEBUG    _invoke_service(): sendEvent  ('_IPS_MONITOR', 'PORTAL_EVENT', {'sim_name': 'fastran_FPP_000001', 'real_sim_name': 'fastran_FPP_000001', 'portal_data': {'code': 'fastran_driver_fastran_driver', 'eventtype': 'IPS_CALL_BEGIN', 'ok': True, 'walltime': '71.87', 'time': '2026-04-28|07:39:44PDT', 'state': 'Running', 'comment': 'Target = fastran_FPP_000001@fastran@8:step(2)'}})
2026-04-28 07:39:44,325 fastran_driver_fastran_driver_2 DEBUG    _get_service_response(REQUEST|fastran_FPP_000001@fastran_driver@2|FRAMEWORK@Framework@0|158)
2026-04-28 07:39:44,336 fastran_driver_fastran_driver_2 DEBUG    _get_service_response(REQUEST|fastran_FPP_000001@fastran_driver@2|FRAMEWORK@Framework@0|158), response = ServiceResponseMessage(sender_id=FRAMEWORK@Framework@0, receiver_id=fastran_FPP_000001@fastran_driver@2, request_msg_id=REQUEST|fastran_FPP_000001@fastran_driver@2|FRAMEWORK@Framework@0|158,status=0, args=(None,), message_id=RESPONSE|FRAMEWORK@Framework@0|fastran_FPP_000001@fastran_driver@2|414)
2026-04-28 07:39:44,336 fastran_driver_fastran_driver_2 DEBUG    _invoke_service(): init_call  ('step', 2)
2026-04-28 07:39:44,336 fastran_driver_fastran_driver_2 DEBUG    _get_service_response(REQUEST|fastran_FPP_000001@fastran_driver@2|FRAMEWORK@Framework@0|159)
2026-04-28 07:39:44,337 fastran_tr_fastran_8 DEBUG    Received Message 
2026-04-28 07:39:44,337 fastran_tr_fastran_8 DEBUG    Calling method step(2)
2026-04-28 07:39:44,338 fastran_tr_fastran_8 DEBUG    _invoke_service(): stage_state  (['s000001.00001', 'g000001.00001', 'i000001.00001'], '/pscratch/sd/h/hswils/github_repos/MANTA_DBSCANS/RAD_Kr_coronal/SCAN/work/plasma_state', '/pscratch/sd/h/hswils/github_repos/MANTA_DBSCANS/RAD_Kr_coronal/SCAN/work/fastran_tr_fastran_8')
2026-04-28 07:39:44,338 fastran_tr_fastran_8 DEBUG    _get_service_response(REQUEST|fastran_FPP_000001@fastran@8|FRAMEWORK@Framework@0|32)
2026-04-28 07:39:44,347 fastran_driver_fastran_driver_2 DEBUG    _get_service_response(REQUEST|fastran_FPP_000001@fastran_driver@2|FRAMEWORK@Framework@0|159), response = ServiceResponseMessage(sender_id=FRAMEWORK@Framework@0, receiver_id=fastran_FPP_000001@fastran_driver@2, request_msg_id=REQUEST|fastran_FPP_000001@fastran_driver@2|FRAMEWORK@Framework@0|159,status=0, args=(30,), message_id=RESPONSE|FRAMEWORK@Framework@0|fastran_FPP_000001@fastran_driver@2|415)
2026-04-28 07:39:44,347 fastran_driver_fastran_driver_2 DEBUG    _invoke_service(): wait_call  (30, True)
2026-04-28 07:39:44,347 fastran_driver_fastran_driver_2 DEBUG    _get_service_response(REQUEST|fastran_FPP_000001@fastran_driver@2|FRAMEWORK@Framework@0|160)
2026-04-28 07:39:44,359 fastran_tr_fastran_8 DEBUG    _get_service_response(REQUEST|fastran_FPP_000001@fastran@8|FRAMEWORK@Framework@0|32), response = ServiceResponseMessage(sender_id=FRAMEWORK@Framework@0, receiver_id=fastran_FPP_000001@fastran@8, request_msg_id=REQUEST|fastran_FPP_000001@fastran@8|FRAMEWORK@Framework@0|32,status=0, args=(0,), message_id=RESPONSE|FRAMEWORK@Framework@0|fastran_FPP_000001@fastran@8|416)
2026-04-28 07:39:44,359 fastran_tr_fastran_8 DEBUG    _invoke_service(): getTopic  ('_IPS_MONITOR',)
2026-04-28 07:39:44,359 fastran_tr_fastran_8 DEBUG    _get_service_response(REQUEST|fastran_FPP_000001@fastran@8|FRAMEWORK@Framework@0|33)
2026-04-28 07:39:44,369 fastran_tr_fastran_8 DEBUG    _get_service_response(REQUEST|fastran_FPP_000001@fastran@8|FRAMEWORK@Framework@0|33), response = ServiceResponseMessage(sender_id=FRAMEWORK@Framework@0, receiver_id=fastran_FPP_000001@fastran@8, request_msg_id=REQUEST|fastran_FPP_000001@fastran@8|FRAMEWORK@Framework@0|33,status=0, args=(<ipsframework.cca_es_spec.Topic object at 0x7fbe9a1ba910>,), message_id=RESPONSE|FRAMEWORK@Framework@0|fastran_FPP_000001@fastran@8|417)
2026-04-28 07:39:44,370 fastran_tr_fastran_8 DEBUG    _invoke_service(): sendEvent  ('_IPS_MONITOR', 'PORTAL_EVENT', {'sim_name': 'fastran_FPP_000001', 'real_sim_name': 'fastran_FPP_000001', 'portal_data': {'code': 'fastran_tr_fastran', 'eventtype': 'IPS_STAGE_STATE', 'ok': True, 'walltime': '71.92', 'time': '2026-04-28|07:39:44PDT', 'trace': {'timestamp': 1777387184337877, 'duration': 21529, 'localEndpoint': {'serviceName': 'stage_state'}, 'name': "['s000001.00001', 'g000001.00001', 'i000001.00001']", 'id': '71885aecf25d7412', 'parentId': '37654f3c7b48c26a', 'tags': {}}, 'state': 'Running', 'comment': 'Elapsed time = 0.022  files = s000001.00001 g000001.00001 i000001.00001 Success'}})
2026-04-28 07:39:44,370 fastran_tr_fastran_8 DEBUG    _get_service_response(REQUEST|fastran_FPP_000001@fastran@8|FRAMEWORK@Framework@0|34)
2026-04-28 07:39:44,380 fastran_tr_fastran_8 DEBUG    _get_service_response(REQUEST|fastran_FPP_000001@fastran@8|FRAMEWORK@Framework@0|34), response = ServiceResponseMessage(sender_id=FRAMEWORK@Framework@0, receiver_id=fastran_FPP_000001@fastran@8, request_msg_id=REQUEST|fastran_FPP_000001@fastran@8|FRAMEWORK@Framework@0|34,status=0, args=(None,), message_id=RESPONSE|FRAMEWORK@Framework@0|fastran_FPP_000001@fastran@8|418)
2026-04-28 07:39:44,388 fastran_tr_fastran_8 DEBUG    _invoke_service(): getTopic  ('_IPS_MONITOR',)
2026-04-28 07:39:44,388 fastran_tr_fastran_8 DEBUG    _get_service_response(REQUEST|fastran_FPP_000001@fastran@8|FRAMEWORK@Framework@0|35)
2026-04-28 07:39:44,398 fastran_tr_fastran_8 DEBUG    _get_service_response(REQUEST|fastran_FPP_000001@fastran@8|FRAMEWORK@Framework@0|35), response = ServiceResponseMessage(sender_id=FRAMEWORK@Framework@0, receiver_id=fastran_FPP_000001@fastran@8, request_msg_id=REQUEST|fastran_FPP_000001@fastran@8|FRAMEWORK@Framework@0|35,status=0, args=(<ipsframework.cca_es_spec.Topic object at 0x7fbe9a1ba7f0>,), message_id=RESPONSE|FRAMEWORK@Framework@0|fastran_FPP_000001@fastran@8|419)
2026-04-28 07:39:44,398 fastran_tr_fastran_8 DEBUG    _invoke_service(): sendEvent  ('_IPS_MONITOR', 'PORTAL_EVENT', {'sim_name': 'fastran_FPP_000001', 'real_sim_name': 'fastran_FPP_000001', 'portal_data': {'code': 'fastran_tr_fastran', 'eventtype': 'IPS_STAGE_INPUTS', 'ok': True, 'walltime': '71.95', 'time': '2026-04-28|07:39:44PDT', 'trace': {'timestamp': 1777387184380911, 'duration': 7167, 'localEndpoint': {'serviceName': 'stage_input_files'}, 'name': 'infastran intglf', 'id': '5ff6e2efe4653e6c', 'parentId': '37654f3c7b48c26a', 'tags': {}}, 'state': 'Running', 'comment': 'Elapsed time = 0.007 Path = /pscratch/sd/h/hswils/github_repos/MANTA_DBSCANS/RAD_Kr_coronal/input Files = infastran intglf'}})
2026-04-28 07:39:44,398 fastran_tr_fastran_8 DEBUG    _get_service_response(REQUEST|fastran_FPP_000001@fastran@8|FRAMEWORK@Framework@0|36)
2026-04-28 07:39:44,409 fastran_tr_fastran_8 DEBUG    _get_service_response(REQUEST|fastran_FPP_000001@fastran@8|FRAMEWORK@Framework@0|36), response = ServiceResponseMessage(sender_id=FRAMEWORK@Framework@0, receiver_id=fastran_FPP_000001@fastran@8, request_msg_id=REQUEST|fastran_FPP_000001@fastran@8|FRAMEWORK@Framework@0|36,status=0, args=(None,), message_id=RESPONSE|FRAMEWORK@Framework@0|fastran_FPP_000001@fastran@8|420)
2026-04-28 07:39:44,626 fastran_tr_fastran_8 DEBUG    _invoke_service(): init_task  (TaskInit(nproc=126, binary='/global/common/software/atom/perlmutter/binaries/fastran/default/xfastran_ver1.07', working_dir='/pscratch/sd/h/hswils/github_repos/MANTA_DBSCANS/RAD_Kr_coronal/SCAN/work/fastran_tr_fastran_8', tppn=0, tcpp=0, tgpp=0, block=True, omp=False, wnodes=True, wsocks=True, cmd_args=('6', '21')),)
2026-04-28 07:39:44,626 fastran_tr_fastran_8 DEBUG    _get_service_response(REQUEST|fastran_FPP_000001@fastran@8|FRAMEWORK@Framework@0|37)
2026-04-28 07:39:44,636 fastran_tr_fastran_8 DEBUG    _get_service_response(REQUEST|fastran_FPP_000001@fastran@8|FRAMEWORK@Framework@0|37), response = ServiceResponseMessage(sender_id=FRAMEWORK@Framework@0, receiver_id=fastran_FPP_000001@fastran@8, request_msg_id=REQUEST|fastran_FPP_000001@fastran@8|FRAMEWORK@Framework@0|37,status=0, args=((4, 'srun -N 1 -n 126 -c 1 --threads-per-core=1 --cpu-bind=cores /global/common/software/atom/perlmutter/binaries/fastran/default/xfastran_ver1.07 6 21', None, 128),), message_id=RESPONSE|FRAMEWORK@Framework@0|fastran_FPP_000001@fastran@8|422)
2026-04-28 07:39:44,638 fastran_tr_fastran_8 DEBUG    Launching command : srun -N 1 -n 126 -c 1 --threads-per-core=1 --cpu-bind=cores /global/common/software/atom/perlmutter/binaries/fastran/default/xfastran_ver1.07 6 21
2026-04-28 07:39:44,658 fastran_tr_fastran_8 DEBUG    _invoke_service(): getTopic  ('_IPS_MONITOR',)
2026-04-28 07:39:44,659 fastran_tr_fastran_8 DEBUG    _get_service_response(REQUEST|fastran_FPP_000001@fastran@8|FRAMEWORK@Framework@0|38)
2026-04-28 07:39:44,669 fastran_tr_fastran_8 DEBUG    _get_service_response(REQUEST|fastran_FPP_000001@fastran@8|FRAMEWORK@Framework@0|38), response = ServiceResponseMessage(sender_id=FRAMEWORK@Framework@0, receiver_id=fastran_FPP_000001@fastran@8, request_msg_id=REQUEST|fastran_FPP_000001@fastran@8|FRAMEWORK@Framework@0|38,status=0, args=(<ipsframework.cca_es_spec.Topic object at 0x7fbe9a1bab80>,), message_id=RESPONSE|FRAMEWORK@Framework@0|fastran_FPP_000001@fastran@8|423)
2026-04-28 07:39:44,670 fastran_tr_fastran_8 DEBUG    _invoke_service(): sendEvent  ('_IPS_MONITOR', 'PORTAL_EVENT', {'sim_name': 'fastran_FPP_000001', 'real_sim_name': 'fastran_FPP_000001', 'portal_data': {'code': 'fastran_tr_fastran', 'eventtype': 'IPS_LAUNCH_TASK', 'ok': True, 'walltime': '72.22', 'time': '2026-04-28|07:39:44PDT', 'state': 'Running', 'comment': 'task_id = 4 , Tag = None , nproc = 126 , Target = srun -N 1 -n 126 -c 1 --threads-per-core=1 --cpu-bind=cores /global/common/software/atom/perlmutter/binaries/fastran/default/xfastran_ver1.07 6 21'}})
2026-04-28 07:39:44,670 fastran_tr_fastran_8 DEBUG    _get_service_response(REQUEST|fastran_FPP_000001@fastran@8|FRAMEWORK@Framework@0|39)
2026-04-28 07:39:44,685 fastran_tr_fastran_8 DEBUG    _get_service_response(REQUEST|fastran_FPP_000001@fastran@8|FRAMEWORK@Framework@0|39), response = ServiceResponseMessage(sender_id=FRAMEWORK@Framework@0, receiver_id=fastran_FPP_000001@fastran@8, request_msg_id=REQUEST|fastran_FPP_000001@fastran@8|FRAMEWORK@Framework@0|39,status=0, args=(None,), message_id=RESPONSE|FRAMEWORK@Framework@0|fastran_FPP_000001@fastran@8|424)
2026-04-28 07:39:51,910 fastran_tr_fastran_8 DEBUG    _invoke_service(): getTopic  ('_IPS_MONITOR',)
2026-04-28 07:39:51,910 fastran_tr_fastran_8 DEBUG    _get_service_response(REQUEST|fastran_FPP_000001@fastran@8|FRAMEWORK@Framework@0|40)
2026-04-28 07:39:51,921 fastran_tr_fastran_8 DEBUG    _get_service_response(REQUEST|fastran_FPP_000001@fastran@8|FRAMEWORK@Framework@0|40), response = ServiceResponseMessage(sender_id=FRAMEWORK@Framework@0, receiver_id=fastran_FPP_000001@fastran@8, request_msg_id=REQUEST|fastran_FPP_000001@fastran@8|FRAMEWORK@Framework@0|40,status=0, args=(<ipsframework.cca_es_spec.Topic object at 0x7fbe9a1ba970>,), message_id=RESPONSE|FRAMEWORK@Framework@0|fastran_FPP_000001@fastran@8|439)
2026-04-28 07:39:51,921 fastran_tr_fastran_8 DEBUG    _invoke_service(): sendEvent  ('_IPS_MONITOR', 'PORTAL_EVENT', {'sim_name': 'fastran_FPP_000001', 'real_sim_name': 'fastran_FPP_000001', 'portal_data': {'code': 'fastran_tr_fastran', 'eventtype': 'IPS_TASK_END', 'ok': True, 'walltime': '79.47', 'time': '2026-04-28|07:39:51PDT', 'trace': {'timestamp': 1777387184658311, 'duration': 7251379, 'localEndpoint': {'serviceName': '/global/common/software/atom/perlmutter/binaries/fastran/default/xfastran_ver1.07'}, 'name': '6 21', 'id': '9144f69e7b6d5f0c', 'parentId': '37654f3c7b48c26a', 'tags': {'procs_requested': '126', 'cores_allocated': '128'}}, 'state': 'Running', 'comment': 'task_id = 4  elapsed time = 7.25 S'}})
2026-04-28 07:39:51,921 fastran_tr_fastran_8 DEBUG    _get_service_response(REQUEST|fastran_FPP_000001@fastran@8|FRAMEWORK@Framework@0|41)
2026-04-28 07:39:51,933 fastran_tr_fastran_8 DEBUG    _get_service_response(REQUEST|fastran_FPP_000001@fastran@8|FRAMEWORK@Framework@0|41), response = ServiceResponseMessage(sender_id=FRAMEWORK@Framework@0, receiver_id=fastran_FPP_000001@fastran@8, request_msg_id=REQUEST|fastran_FPP_000001@fastran@8|FRAMEWORK@Framework@0|41,status=0, args=(None,), message_id=RESPONSE|FRAMEWORK@Framework@0|fastran_FPP_000001@fastran@8|440)
2026-04-28 07:39:51,933 fastran_tr_fastran_8 DEBUG    _invoke_service(): finish_task  (4, 0)
2026-04-28 07:39:51,933 fastran_tr_fastran_8 DEBUG    _get_service_response(REQUEST|fastran_FPP_000001@fastran@8|FRAMEWORK@Framework@0|42)
2026-04-28 07:39:51,945 fastran_tr_fastran_8 DEBUG    _get_service_response(REQUEST|fastran_FPP_000001@fastran@8|FRAMEWORK@Framework@0|42), response = ServiceResponseMessage(sender_id=FRAMEWORK@Framework@0, receiver_id=fastran_FPP_000001@fastran@8, request_msg_id=REQUEST|fastran_FPP_000001@fastran@8|FRAMEWORK@Framework@0|42,status=0, args=(0,), message_id=RESPONSE|FRAMEWORK@Framework@0|fastran_FPP_000001@fastran@8|441)
2026-04-28 07:39:52,226 fastran_tr_fastran_8 DEBUG    _invoke_service(): update_state  (['s000001.00001', 'g000001.00001', 'i000001.00001'], '/pscratch/sd/h/hswils/github_repos/MANTA_DBSCANS/RAD_Kr_coronal/SCAN/work/fastran_tr_fastran_8', '/pscratch/sd/h/hswils/github_repos/MANTA_DBSCANS/RAD_Kr_coronal/SCAN/work/plasma_state')
2026-04-28 07:39:52,226 fastran_tr_fastran_8 DEBUG    _get_service_response(REQUEST|fastran_FPP_000001@fastran@8|FRAMEWORK@Framework@0|43)
2026-04-28 07:39:52,247 fastran_tr_fastran_8 DEBUG    _get_service_response(REQUEST|fastran_FPP_000001@fastran@8|FRAMEWORK@Framework@0|43), response = ServiceResponseMessage(sender_id=FRAMEWORK@Framework@0, receiver_id=fastran_FPP_000001@fastran@8, request_msg_id=REQUEST|fastran_FPP_000001@fastran@8|FRAMEWORK@Framework@0|43,status=0, args=(0,), message_id=RESPONSE|FRAMEWORK@Framework@0|fastran_FPP_000001@fastran@8|443)
2026-04-28 07:39:52,247 fastran_tr_fastran_8 DEBUG    _invoke_service(): getTopic  ('_IPS_MONITOR',)
2026-04-28 07:39:52,247 fastran_tr_fastran_8 DEBUG    _get_service_response(REQUEST|fastran_FPP_000001@fastran@8|FRAMEWORK@Framework@0|44)
2026-04-28 07:39:52,258 fastran_tr_fastran_8 DEBUG    _get_service_response(REQUEST|fastran_FPP_000001@fastran@8|FRAMEWORK@Framework@0|44), response = ServiceResponseMessage(sender_id=FRAMEWORK@Framework@0, receiver_id=fastran_FPP_000001@fastran@8, request_msg_id=REQUEST|fastran_FPP_000001@fastran@8|FRAMEWORK@Framework@0|44,status=0, args=(<ipsframework.cca_es_spec.Topic object at 0x7fbe9a1baa90>,), message_id=RESPONSE|FRAMEWORK@Framework@0|fastran_FPP_000001@fastran@8|444)
2026-04-28 07:39:52,258 fastran_tr_fastran_8 DEBUG    _invoke_service(): sendEvent  ('_IPS_MONITOR', 'PORTAL_EVENT', {'sim_name': 'fastran_FPP_000001', 'real_sim_name': 'fastran_FPP_000001', 'portal_data': {'code': 'fastran_tr_fastran', 'eventtype': 'IPS_UPDATE_STATE', 'ok': True, 'walltime': '79.81', 'time': '2026-04-28|07:39:52PDT', 'trace': {'timestamp': 1777387192226506, 'duration': 21267, 'localEndpoint': {'serviceName': 'update_state'}, 'name': "['s000001.00001', 'g000001.00001', 'i000001.00001']", 'id': '7629e189a66153c0', 'parentId': '37654f3c7b48c26a', 'tags': {}}, 'state': 'Running', 'comment': 'Elapsed time = 0.021   files = s000001.00001 g000001.00001 i000001.00001 Success'}})
2026-04-28 07:39:52,258 fastran_tr_fastran_8 DEBUG    _get_service_response(REQUEST|fastran_FPP_000001@fastran@8|FRAMEWORK@Framework@0|45)
2026-04-28 07:39:52,269 fastran_tr_fastran_8 DEBUG    _get_service_response(REQUEST|fastran_FPP_000001@fastran@8|FRAMEWORK@Framework@0|45), response = ServiceResponseMessage(sender_id=FRAMEWORK@Framework@0, receiver_id=fastran_FPP_000001@fastran@8, request_msg_id=REQUEST|fastran_FPP_000001@fastran@8|FRAMEWORK@Framework@0|45,status=0, args=(None,), message_id=RESPONSE|FRAMEWORK@Framework@0|fastran_FPP_000001@fastran@8|445)
2026-04-28 07:39:52,286 fastran_tr_fastran_8 DEBUG    _invoke_service(): getTopic  ('_IPS_MONITOR',)
2026-04-28 07:39:52,287 fastran_tr_fastran_8 DEBUG    _get_service_response(REQUEST|fastran_FPP_000001@fastran@8|FRAMEWORK@Framework@0|46)
2026-04-28 07:39:52,297 fastran_tr_fastran_8 DEBUG    _get_service_response(REQUEST|fastran_FPP_000001@fastran@8|FRAMEWORK@Framework@0|46), response = ServiceResponseMessage(sender_id=FRAMEWORK@Framework@0, receiver_id=fastran_FPP_000001@fastran@8, request_msg_id=REQUEST|fastran_FPP_000001@fastran@8|FRAMEWORK@Framework@0|46,status=0, args=(<ipsframework.cca_es_spec.Topic object at 0x7fbe9a1ba610>,), message_id=RESPONSE|FRAMEWORK@Framework@0|fastran_FPP_000001@fastran@8|446)
2026-04-28 07:39:52,297 fastran_tr_fastran_8 DEBUG    _invoke_service(): sendEvent  ('_IPS_MONITOR', 'PORTAL_EVENT', {'sim_name': 'fastran_FPP_000001', 'real_sim_name': 'fastran_FPP_000001', 'portal_data': {'code': 'fastran_tr_fastran', 'eventtype': 'IPS_STAGE_OUTPUTS', 'ok': True, 'walltime': '79.85', 'time': '2026-04-28|07:39:52PDT', 'trace': {'timestamp': 1777387192269214, 'duration': 17703, 'localEndpoint': {'serviceName': 'stage_output_files'}, 'name': "['fastran.nc', 'inprof', 'inmetric', 'infastran', 'intglf', 'xfastran.log', 'i000001.00001']", 'id': '7349cfaaafc33980', 'parentId': '37654f3c7b48c26a', 'tags': {}}, 'state': 'Running', 'comment': "Elapsed time = 0.018 Path = /pscratch/sd/h/hswils/github_repos/MANTA_DBSCANS/RAD_Kr_coronal/SCAN/simulation_results/2/components/fastran_tr_fastran_8 Files = ['fastran.nc', 'inprof', 'inmetric', 'infastran', 'intglf', 'xfastran.log', 'i000001.00001']"}})
2026-04-28 07:39:52,297 fastran_tr_fastran_8 DEBUG    _get_service_response(REQUEST|fastran_FPP_000001@fastran@8|FRAMEWORK@Framework@0|47)
2026-04-28 07:39:52,308 fastran_tr_fastran_8 DEBUG    _get_service_response(REQUEST|fastran_FPP_000001@fastran@8|FRAMEWORK@Framework@0|47), response = ServiceResponseMessage(sender_id=FRAMEWORK@Framework@0, receiver_id=fastran_FPP_000001@fastran@8, request_msg_id=REQUEST|fastran_FPP_000001@fastran@8|FRAMEWORK@Framework@0|47,status=0, args=(None,), message_id=RESPONSE|FRAMEWORK@Framework@0|fastran_FPP_000001@fastran@8|447)
2026-04-28 07:39:52,319 fastran_driver_fastran_driver_2 DEBUG    _get_service_response(REQUEST|fastran_FPP_000001@fastran_driver@2|FRAMEWORK@Framework@0|160), response = ServiceResponseMessage(sender_id=FRAMEWORK@Framework@0, receiver_id=fastran_FPP_000001@fastran_driver@2, request_msg_id=REQUEST|fastran_FPP_000001@fastran_driver@2|FRAMEWORK@Framework@0|160,status=0, args=((None,),), message_id=RESPONSE|FRAMEWORK@Framework@0|fastran_FPP_000001@fastran_driver@2|448)
2026-04-28 07:39:52,319 fastran_driver_fastran_driver_2 DEBUG    _invoke_service(): getTopic  ('_IPS_MONITOR',)
2026-04-28 07:39:52,319 fastran_driver_fastran_driver_2 DEBUG    _get_service_response(REQUEST|fastran_FPP_000001@fastran_driver@2|FRAMEWORK@Framework@0|161)
2026-04-28 07:39:52,329 fastran_driver_fastran_driver_2 DEBUG    _get_service_response(REQUEST|fastran_FPP_000001@fastran_driver@2|FRAMEWORK@Framework@0|161), response = ServiceResponseMessage(sender_id=FRAMEWORK@Framework@0, receiver_id=fastran_FPP_000001@fastran_driver@2, request_msg_id=REQUEST|fastran_FPP_000001@fastran_driver@2|FRAMEWORK@Framework@0|161,status=0, args=(<ipsframework.cca_es_spec.Topic object at 0x7fbe9a2a0040>,), message_id=RESPONSE|FRAMEWORK@Framework@0|fastran_FPP_000001@fastran_driver@2|449)
2026-04-28 07:39:52,329 fastran_driver_fastran_driver_2 DEBUG    _invoke_service(): sendEvent  ('_IPS_MONITOR', 'PORTAL_EVENT', {'sim_name': 'fastran_FPP_000001', 'real_sim_name': 'fastran_FPP_000001', 'portal_data': {'code': 'fastran_driver_fastran_driver', 'eventtype': 'IPS_CALL_END', 'ok': True, 'walltime': '79.88', 'time': '2026-04-28|07:39:52PDT', 'trace': {'timestamp': 1777387184347753, 'duration': 7971354, 'localEndpoint': {'serviceName': 'fastran_FPP_000001@fastran@8'}, 'name': 'step(2)', 'id': '37654f3c7b48c26a', 'parentId': 'f899e3e5886669ce', 'tags': {}}, 'state': 'Running', 'comment': 'Target = fastran_FPP_000001@fastran@8:step(2)'}})
2026-04-28 07:39:52,329 fastran_driver_fastran_driver_2 DEBUG    _get_service_response(REQUEST|fastran_FPP_000001@fastran_driver@2|FRAMEWORK@Framework@0|162)
2026-04-28 07:39:52,340 fastran_driver_fastran_driver_2 DEBUG    _get_service_response(REQUEST|fastran_FPP_000001@fastran_driver@2|FRAMEWORK@Framework@0|162), response = ServiceResponseMessage(sender_id=FRAMEWORK@Framework@0, receiver_id=fastran_FPP_000001@fastran_driver@2, request_msg_id=REQUEST|fastran_FPP_000001@fastran_driver@2|FRAMEWORK@Framework@0|162,status=0, args=(None,), message_id=RESPONSE|FRAMEWORK@Framework@0|fastran_FPP_000001@fastran_driver@2|450)
2026-04-28 07:39:52,341 fastran_driver_fastran_driver_2 DEBUG    _invoke_service(): stage_state  (['s000001.00001', 'g000001.00001', 'i000001.00001'], '/pscratch/sd/h/hswils/github_repos/MANTA_DBSCANS/RAD_Kr_coronal/SCAN/work/plasma_state', '/pscratch/sd/h/hswils/github_repos/MANTA_DBSCANS/RAD_Kr_coronal/SCAN/work/fastran_driver_fastran_driver_2')
2026-04-28 07:39:52,341 fastran_driver_fastran_driver_2 DEBUG    _get_service_response(REQUEST|fastran_FPP_000001@fastran_driver@2|FRAMEWORK@Framework@0|163)
2026-04-28 07:39:52,362 fastran_driver_fastran_driver_2 DEBUG    _get_service_response(REQUEST|fastran_FPP_000001@fastran_driver@2|FRAMEWORK@Framework@0|163), response = ServiceResponseMessage(sender_id=FRAMEWORK@Framework@0, receiver_id=fastran_FPP_000001@fastran_driver@2, request_msg_id=REQUEST|fastran_FPP_000001@fastran_driver@2|FRAMEWORK@Framework@0|163,status=0, args=(0,), message_id=RESPONSE|FRAMEWORK@Framework@0|fastran_FPP_000001@fastran_driver@2|451)
2026-04-28 07:39:52,362 fastran_driver_fastran_driver_2 DEBUG    _invoke_service(): getTopic  ('_IPS_MONITOR',)
2026-04-28 07:39:52,362 fastran_driver_fastran_driver_2 DEBUG    _get_service_response(REQUEST|fastran_FPP_000001@fastran_driver@2|FRAMEWORK@Framework@0|164)
2026-04-28 07:39:52,373 fastran_driver_fastran_driver_2 DEBUG    _get_service_response(REQUEST|fastran_FPP_000001@fastran_driver@2|FRAMEWORK@Framework@0|164), response = ServiceResponseMessage(sender_id=FRAMEWORK@Framework@0, receiver_id=fastran_FPP_000001@fastran_driver@2, request_msg_id=REQUEST|fastran_FPP_000001@fastran_driver@2|FRAMEWORK@Framework@0|164,status=0, args=(<ipsframework.cca_es_spec.Topic object at 0x7fbe9a2a0070>,), message_id=RESPONSE|FRAMEWORK@Framework@0|fastran_FPP_000001@fastran_driver@2|452)
2026-04-28 07:39:52,373 fastran_driver_fastran_driver_2 DEBUG    _invoke_service(): sendEvent  ('_IPS_MONITOR', 'PORTAL_EVENT', {'sim_name': 'fastran_FPP_000001', 'real_sim_name': 'fastran_FPP_000001', 'portal_data': {'code': 'fastran_driver_fastran_driver', 'eventtype': 'IPS_STAGE_STATE', 'ok': True, 'walltime': '79.92', 'time': '2026-04-28|07:39:52PDT', 'trace': {'timestamp': 1777387192340996, 'duration': 21769, 'localEndpoint': {'serviceName': 'stage_state'}, 'name': "['s000001.00001', 'g000001.00001', 'i000001.00001']", 'id': '71885aecf25d7412', 'parentId': 'f899e3e5886669ce', 'tags': {}}, 'state': 'Running', 'comment': 'Elapsed time = 0.022  files = s000001.00001 g000001.00001 i000001.00001 Success'}})
2026-04-28 07:39:52,373 fastran_driver_fastran_driver_2 DEBUG    _get_service_response(REQUEST|fastran_FPP_000001@fastran_driver@2|FRAMEWORK@Framework@0|165)
2026-04-28 07:39:52,384 fastran_driver_fastran_driver_2 DEBUG    _get_service_response(REQUEST|fastran_FPP_000001@fastran_driver@2|FRAMEWORK@Framework@0|165), response = ServiceResponseMessage(sender_id=FRAMEWORK@Framework@0, receiver_id=fastran_FPP_000001@fastran_driver@2, request_msg_id=REQUEST|fastran_FPP_000001@fastran_driver@2|FRAMEWORK@Framework@0|165,status=0, args=(None,), message_id=RESPONSE|FRAMEWORK@Framework@0|fastran_FPP_000001@fastran_driver@2|453)
2026-04-28 07:39:52,384 fastran_driver_fastran_driver_2 DEBUG    _invoke_service(): getTopic  ('_IPS_MONITOR',)
2026-04-28 07:39:52,384 fastran_driver_fastran_driver_2 DEBUG    _get_service_response(REQUEST|fastran_FPP_000001@fastran_driver@2|FRAMEWORK@Framework@0|166)
2026-04-28 07:39:52,395 fastran_driver_fastran_driver_2 DEBUG    _get_service_response(REQUEST|fastran_FPP_000001@fastran_driver@2|FRAMEWORK@Framework@0|166), response = ServiceResponseMessage(sender_id=FRAMEWORK@Framework@0, receiver_id=fastran_FPP_000001@fastran_driver@2, request_msg_id=REQUEST|fastran_FPP_000001@fastran_driver@2|FRAMEWORK@Framework@0|166,status=0, args=(<ipsframework.cca_es_spec.Topic object at 0x7fbe9a2a01c0>,), message_id=RESPONSE|FRAMEWORK@Framework@0|fastran_FPP_000001@fastran_driver@2|454)
2026-04-28 07:39:52,395 fastran_driver_fastran_driver_2 DEBUG    _invoke_service(): sendEvent  ('_IPS_MONITOR', 'PORTAL_EVENT', {'sim_name': 'fastran_FPP_000001', 'real_sim_name': 'fastran_FPP_000001', 'portal_data': {'code': 'fastran_driver_fastran_driver', 'eventtype': 'IPS_STAGE_OUTPUTS', 'ok': True, 'walltime': '79.94', 'time': '2026-04-28|07:39:52PDT', 'trace': {'timestamp': 1777387192384298, 'duration': 241, 'localEndpoint': {'serviceName': 'stage_output_files'}, 'name': '[]', 'id': 'ed019efe11be26d9', 'parentId': 'f899e3e5886669ce', 'tags': {}}, 'state': 'Running', 'comment': 'Elapsed time = 0.000 Path = /pscratch/sd/h/hswils/github_repos/MANTA_DBSCANS/RAD_Kr_coronal/SCAN/simulation_results/2/components/fastran_driver_fastran_driver_2 Files = []'}})
2026-04-28 07:39:52,395 fastran_driver_fastran_driver_2 DEBUG    _get_service_response(REQUEST|fastran_FPP_000001@fastran_driver@2|FRAMEWORK@Framework@0|167)
2026-04-28 07:39:52,406 fastran_driver_fastran_driver_2 DEBUG    _get_service_response(REQUEST|fastran_FPP_000001@fastran_driver@2|FRAMEWORK@Framework@0|167), response = ServiceResponseMessage(sender_id=FRAMEWORK@Framework@0, receiver_id=fastran_FPP_000001@fastran_driver@2, request_msg_id=REQUEST|fastran_FPP_000001@fastran_driver@2|FRAMEWORK@Framework@0|167,status=0, args=(None,), message_id=RESPONSE|FRAMEWORK@Framework@0|fastran_FPP_000001@fastran_driver@2|455)
2026-04-28 07:39:52,406 fastran_driver_fastran_driver_2 DEBUG    _invoke_service(): getTopic  ('_IPS_MONITOR',)
2026-04-28 07:39:52,406 fastran_driver_fastran_driver_2 DEBUG    _get_service_response(REQUEST|fastran_FPP_000001@fastran_driver@2|FRAMEWORK@Framework@0|168)
2026-04-28 07:39:52,417 fastran_driver_fastran_driver_2 DEBUG    _get_service_response(REQUEST|fastran_FPP_000001@fastran_driver@2|FRAMEWORK@Framework@0|168), response = ServiceResponseMessage(sender_id=FRAMEWORK@Framework@0, receiver_id=fastran_FPP_000001@fastran_driver@2, request_msg_id=REQUEST|fastran_FPP_000001@fastran_driver@2|FRAMEWORK@Framework@0|168,status=0, args=(<ipsframework.cca_es_spec.Topic object at 0x7fbe9a2a0160>,), message_id=RESPONSE|FRAMEWORK@Framework@0|fastran_FPP_000001@fastran_driver@2|456)
2026-04-28 07:39:52,417 fastran_driver_fastran_driver_2 DEBUG    _invoke_service(): sendEvent  ('_IPS_MONITOR', 'PORTALBRIDGE_UPDATE_TIMESTAMP', {'sim_name': 'fastran_FPP_000001', 'real_sim_name': 'fastran_FPP_000001', 'portal_data': {'phystimestamp': 3, 'eventtype': 'PORTALBRIDGE_UPDATE_TIMESTAMP'}})
2026-04-28 07:39:52,417 fastran_driver_fastran_driver_2 DEBUG    _get_service_response(REQUEST|fastran_FPP_000001@fastran_driver@2|FRAMEWORK@Framework@0|169)
2026-04-28 07:39:52,428 fastran_driver_fastran_driver_2 DEBUG    _get_service_response(REQUEST|fastran_FPP_000001@fastran_driver@2|FRAMEWORK@Framework@0|169), response = ServiceResponseMessage(sender_id=FRAMEWORK@Framework@0, receiver_id=fastran_FPP_000001@fastran_driver@2, request_msg_id=REQUEST|fastran_FPP_000001@fastran_driver@2|FRAMEWORK@Framework@0|169,status=0, args=(None,), message_id=RESPONSE|FRAMEWORK@Framework@0|fastran_FPP_000001@fastran_driver@2|457)
2026-04-28 07:39:52,428 fastran_driver_fastran_driver_2 DEBUG    _invoke_service(): getTopic  ('_IPS_MONITOR',)
2026-04-28 07:39:52,428 fastran_driver_fastran_driver_2 DEBUG    _get_service_response(REQUEST|fastran_FPP_000001@fastran_driver@2|FRAMEWORK@Framework@0|170)
2026-04-28 07:39:52,439 fastran_driver_fastran_driver_2 DEBUG    _get_service_response(REQUEST|fastran_FPP_000001@fastran_driver@2|FRAMEWORK@Framework@0|170), response = ServiceResponseMessage(sender_id=FRAMEWORK@Framework@0, receiver_id=fastran_FPP_000001@fastran_driver@2, request_msg_id=REQUEST|fastran_FPP_000001@fastran_driver@2|FRAMEWORK@Framework@0|170,status=0, args=(<ipsframework.cca_es_spec.Topic object at 0x7fbe9a2a01c0>,), message_id=RESPONSE|FRAMEWORK@Framework@0|fastran_FPP_000001@fastran_driver@2|458)
2026-04-28 07:39:52,439 fastran_driver_fastran_driver_2 DEBUG    _invoke_service(): sendEvent  ('_IPS_MONITOR', 'PORTAL_EVENT', {'sim_name': 'fastran_FPP_000001', 'real_sim_name': 'fastran_FPP_000001', 'portal_data': {'code': 'fastran_driver_fastran_driver', 'eventtype': 'IPS_UPDATE_TIME_STAMP', 'ok': True, 'walltime': '79.99', 'time': '2026-04-28|07:39:52PDT', 'state': 'Running', 'comment': 'Timestamp = 3'}})
2026-04-28 07:39:52,439 fastran_driver_fastran_driver_2 DEBUG    _get_service_response(REQUEST|fastran_FPP_000001@fastran_driver@2|FRAMEWORK@Framework@0|171)
2026-04-28 07:39:52,450 fastran_driver_fastran_driver_2 DEBUG    _get_service_response(REQUEST|fastran_FPP_000001@fastran_driver@2|FRAMEWORK@Framework@0|171), response = ServiceResponseMessage(sender_id=FRAMEWORK@Framework@0, receiver_id=fastran_FPP_000001@fastran_driver@2, request_msg_id=REQUEST|fastran_FPP_000001@fastran_driver@2|FRAMEWORK@Framework@0|171,status=0, args=(None,), message_id=RESPONSE|FRAMEWORK@Framework@0|fastran_FPP_000001@fastran_driver@2|459)
2026-04-28 07:39:52,450 fastran_driver_fastran_driver_2 DEBUG    _invoke_service(): getTopic  ('_IPS_MONITOR',)
2026-04-28 07:39:52,450 fastran_driver_fastran_driver_2 DEBUG    _get_service_response(REQUEST|fastran_FPP_000001@fastran_driver@2|FRAMEWORK@Framework@0|172)
2026-04-28 07:39:52,461 fastran_driver_fastran_driver_2 DEBUG    _get_service_response(REQUEST|fastran_FPP_000001@fastran_driver@2|FRAMEWORK@Framework@0|172), response = ServiceResponseMessage(sender_id=FRAMEWORK@Framework@0, receiver_id=fastran_FPP_000001@fastran_driver@2, request_msg_id=REQUEST|fastran_FPP_000001@fastran_driver@2|FRAMEWORK@Framework@0|172,status=0, args=(<ipsframework.cca_es_spec.Topic object at 0x7fbe9a2a01f0>,), message_id=RESPONSE|FRAMEWORK@Framework@0|fastran_FPP_000001@fastran_driver@2|460)
2026-04-28 07:39:52,461 fastran_driver_fastran_driver_2 DEBUG    _invoke_service(): sendEvent  ('_IPS_MONITOR', 'PORTAL_EVENT', {'sim_name': 'fastran_FPP_000001', 'real_sim_name': 'fastran_FPP_000001', 'portal_data': {'code': 'fastran_driver_fastran_driver', 'eventtype': 'IPS_CALL_BEGIN', 'ok': True, 'walltime': '80.01', 'time': '2026-04-28|07:39:52PDT', 'state': 'Running', 'comment': 'Target = fastran_FPP_000001@impurity_radiation@5:step(3)'}})
2026-04-28 07:39:52,461 fastran_driver_fastran_driver_2 DEBUG    _get_service_response(REQUEST|fastran_FPP_000001@fastran_driver@2|FRAMEWORK@Framework@0|173)
2026-04-28 07:39:52,472 fastran_driver_fastran_driver_2 DEBUG    _get_service_response(REQUEST|fastran_FPP_000001@fastran_driver@2|FRAMEWORK@Framework@0|173), response = ServiceResponseMessage(sender_id=FRAMEWORK@Framework@0, receiver_id=fastran_FPP_000001@fastran_driver@2, request_msg_id=REQUEST|fastran_FPP_000001@fastran_driver@2|FRAMEWORK@Framework@0|173,status=0, args=(None,), message_id=RESPONSE|FRAMEWORK@Framework@0|fastran_FPP_000001@fastran_driver@2|461)
2026-04-28 07:39:52,472 fastran_driver_fastran_driver_2 DEBUG    _invoke_service(): init_call  ('step', 3)
2026-04-28 07:39:52,472 fastran_driver_fastran_driver_2 DEBUG    _get_service_response(REQUEST|fastran_FPP_000001@fastran_driver@2|FRAMEWORK@Framework@0|174)
2026-04-28 07:39:52,473 fastran__impurity_radiation_5 DEBUG    Received Message 
2026-04-28 07:39:52,473 fastran__impurity_radiation_5 DEBUG    Calling method step(3)
2026-04-28 07:39:52,474 fastran__impurity_radiation_5 DEBUG    _invoke_service(): stage_state  (['s000001.00001', 'g000001.00001', 'i000001.00001'], '/pscratch/sd/h/hswils/github_repos/MANTA_DBSCANS/RAD_Kr_coronal/SCAN/work/plasma_state', '/pscratch/sd/h/hswils/github_repos/MANTA_DBSCANS/RAD_Kr_coronal/SCAN/work/fastran__impurity_radiation_5')
2026-04-28 07:39:52,474 fastran__impurity_radiation_5 DEBUG    _get_service_response(REQUEST|fastran_FPP_000001@impurity_radiation@5|FRAMEWORK@Framework@0|33)
2026-04-28 07:39:52,483 fastran_driver_fastran_driver_2 DEBUG    _get_service_response(REQUEST|fastran_FPP_000001@fastran_driver@2|FRAMEWORK@Framework@0|174), response = ServiceResponseMessage(sender_id=FRAMEWORK@Framework@0, receiver_id=fastran_FPP_000001@fastran_driver@2, request_msg_id=REQUEST|fastran_FPP_000001@fastran_driver@2|FRAMEWORK@Framework@0|174,status=0, args=(31,), message_id=RESPONSE|FRAMEWORK@Framework@0|fastran_FPP_000001@fastran_driver@2|462)
2026-04-28 07:39:52,483 fastran_driver_fastran_driver_2 DEBUG    _invoke_service(): wait_call  (31, True)
2026-04-28 07:39:52,483 fastran_driver_fastran_driver_2 DEBUG    _get_service_response(REQUEST|fastran_FPP_000001@fastran_driver@2|FRAMEWORK@Framework@0|175)
2026-04-28 07:39:52,494 fastran__impurity_radiation_5 DEBUG    _get_service_response(REQUEST|fastran_FPP_000001@impurity_radiation@5|FRAMEWORK@Framework@0|33), response = ServiceResponseMessage(sender_id=FRAMEWORK@Framework@0, receiver_id=fastran_FPP_000001@impurity_radiation@5, request_msg_id=REQUEST|fastran_FPP_000001@impurity_radiation@5|FRAMEWORK@Framework@0|33,status=0, args=(0,), message_id=RESPONSE|FRAMEWORK@Framework@0|fastran_FPP_000001@impurity_radiation@5|463)
2026-04-28 07:39:52,495 fastran__impurity_radiation_5 DEBUG    _invoke_service(): getTopic  ('_IPS_MONITOR',)
2026-04-28 07:39:52,495 fastran__impurity_radiation_5 DEBUG    _get_service_response(REQUEST|fastran_FPP_000001@impurity_radiation@5|FRAMEWORK@Framework@0|34)
2026-04-28 07:39:52,505 fastran__impurity_radiation_5 DEBUG    _get_service_response(REQUEST|fastran_FPP_000001@impurity_radiation@5|FRAMEWORK@Framework@0|34), response = ServiceResponseMessage(sender_id=FRAMEWORK@Framework@0, receiver_id=fastran_FPP_000001@impurity_radiation@5, request_msg_id=REQUEST|fastran_FPP_000001@impurity_radiation@5|FRAMEWORK@Framework@0|34,status=0, args=(<ipsframework.cca_es_spec.Topic object at 0x7fbe9a23a070>,), message_id=RESPONSE|FRAMEWORK@Framework@0|fastran_FPP_000001@impurity_radiation@5|464)
2026-04-28 07:39:52,505 fastran__impurity_radiation_5 DEBUG    _invoke_service(): sendEvent  ('_IPS_MONITOR', 'PORTAL_EVENT', {'sim_name': 'fastran_FPP_000001', 'real_sim_name': 'fastran_FPP_000001', 'portal_data': {'code': 'fastran__impurity_radiation', 'eventtype': 'IPS_STAGE_STATE', 'ok': True, 'walltime': '80.05', 'time': '2026-04-28|07:39:52PDT', 'trace': {'timestamp': 1777387192473856, 'duration': 21138, 'localEndpoint': {'serviceName': 'stage_state'}, 'name': "['s000001.00001', 'g000001.00001', 'i000001.00001']", 'id': '71885aecf25d7412', 'parentId': '917c9fa0783dd566', 'tags': {}}, 'state': 'Running', 'comment': 'Elapsed time = 0.021  files = s000001.00001 g000001.00001 i000001.00001 Success'}})
2026-04-28 07:39:52,505 fastran__impurity_radiation_5 DEBUG    _get_service_response(REQUEST|fastran_FPP_000001@impurity_radiation@5|FRAMEWORK@Framework@0|35)
2026-04-28 07:39:52,516 fastran__impurity_radiation_5 DEBUG    _get_service_response(REQUEST|fastran_FPP_000001@impurity_radiation@5|FRAMEWORK@Framework@0|35), response = ServiceResponseMessage(sender_id=FRAMEWORK@Framework@0, receiver_id=fastran_FPP_000001@impurity_radiation@5, request_msg_id=REQUEST|fastran_FPP_000001@impurity_radiation@5|FRAMEWORK@Framework@0|35,status=0, args=(None,), message_id=RESPONSE|FRAMEWORK@Framework@0|fastran_FPP_000001@impurity_radiation@5|465)
2026-04-28 07:39:52,516 fastran__impurity_radiation_5 DEBUG    _invoke_service(): getTopic  ('_IPS_MONITOR',)
2026-04-28 07:39:52,517 fastran__impurity_radiation_5 DEBUG    _get_service_response(REQUEST|fastran_FPP_000001@impurity_radiation@5|FRAMEWORK@Framework@0|36)
2026-04-28 07:39:52,527 fastran__impurity_radiation_5 DEBUG    _get_service_response(REQUEST|fastran_FPP_000001@impurity_radiation@5|FRAMEWORK@Framework@0|36), response = ServiceResponseMessage(sender_id=FRAMEWORK@Framework@0, receiver_id=fastran_FPP_000001@impurity_radiation@5, request_msg_id=REQUEST|fastran_FPP_000001@impurity_radiation@5|FRAMEWORK@Framework@0|36,status=0, args=(<ipsframework.cca_es_spec.Topic object at 0x7fbe9a23a2e0>,), message_id=RESPONSE|FRAMEWORK@Framework@0|fastran_FPP_000001@impurity_radiation@5|466)
2026-04-28 07:39:52,527 fastran__impurity_radiation_5 DEBUG    _invoke_service(): sendEvent  ('_IPS_MONITOR', 'PORTAL_EVENT', {'sim_name': 'fastran_FPP_000001', 'real_sim_name': 'fastran_FPP_000001', 'portal_data': {'code': 'fastran__impurity_radiation', 'eventtype': 'IPS_STAGE_INPUTS', 'ok': True, 'walltime': '80.08', 'time': '2026-04-28|07:39:52PDT', 'trace': {'timestamp': 1777387192516788, 'duration': 76, 'localEndpoint': {'serviceName': 'stage_input_files'}, 'name': '', 'id': 'e70cb59b389672bf', 'parentId': '917c9fa0783dd566', 'tags': {}}, 'state': 'Running', 'comment': 'Elapsed time = 0.000 Path = /pscratch/sd/h/hswils/github_repos/MANTA_DBSCANS/RAD_Kr_coronal/input Files = '}})
2026-04-28 07:39:52,528 fastran__impurity_radiation_5 DEBUG    _get_service_response(REQUEST|fastran_FPP_000001@impurity_radiation@5|FRAMEWORK@Framework@0|37)
2026-04-28 07:39:52,538 fastran__impurity_radiation_5 DEBUG    _get_service_response(REQUEST|fastran_FPP_000001@impurity_radiation@5|FRAMEWORK@Framework@0|37), response = ServiceResponseMessage(sender_id=FRAMEWORK@Framework@0, receiver_id=fastran_FPP_000001@impurity_radiation@5, request_msg_id=REQUEST|fastran_FPP_000001@impurity_radiation@5|FRAMEWORK@Framework@0|37,status=0, args=(None,), message_id=RESPONSE|FRAMEWORK@Framework@0|fastran_FPP_000001@impurity_radiation@5|467)
2026-04-28 07:39:52,736 fastran__impurity_radiation_5 DEBUG    _invoke_service(): update_state  (['s000001.00001', 'g000001.00001', 'i000001.00001'], '/pscratch/sd/h/hswils/github_repos/MANTA_DBSCANS/RAD_Kr_coronal/SCAN/work/fastran__impurity_radiation_5', '/pscratch/sd/h/hswils/github_repos/MANTA_DBSCANS/RAD_Kr_coronal/SCAN/work/plasma_state')
2026-04-28 07:39:52,736 fastran__impurity_radiation_5 DEBUG    _get_service_response(REQUEST|fastran_FPP_000001@impurity_radiation@5|FRAMEWORK@Framework@0|38)
2026-04-28 07:39:52,757 fastran__impurity_radiation_5 DEBUG    _get_service_response(REQUEST|fastran_FPP_000001@impurity_radiation@5|FRAMEWORK@Framework@0|38), response = ServiceResponseMessage(sender_id=FRAMEWORK@Framework@0, receiver_id=fastran_FPP_000001@impurity_radiation@5, request_msg_id=REQUEST|fastran_FPP_000001@impurity_radiation@5|FRAMEWORK@Framework@0|38,status=0, args=(0,), message_id=RESPONSE|FRAMEWORK@Framework@0|fastran_FPP_000001@impurity_radiation@5|469)
2026-04-28 07:39:52,757 fastran__impurity_radiation_5 DEBUG    _invoke_service(): getTopic  ('_IPS_MONITOR',)
2026-04-28 07:39:52,757 fastran__impurity_radiation_5 DEBUG    _get_service_response(REQUEST|fastran_FPP_000001@impurity_radiation@5|FRAMEWORK@Framework@0|39)
2026-04-28 07:39:52,768 fastran__impurity_radiation_5 DEBUG    _get_service_response(REQUEST|fastran_FPP_000001@impurity_radiation@5|FRAMEWORK@Framework@0|39), response = ServiceResponseMessage(sender_id=FRAMEWORK@Framework@0, receiver_id=fastran_FPP_000001@impurity_radiation@5, request_msg_id=REQUEST|fastran_FPP_000001@impurity_radiation@5|FRAMEWORK@Framework@0|39,status=0, args=(<ipsframework.cca_es_spec.Topic object at 0x7fbe9a23a430>,), message_id=RESPONSE|FRAMEWORK@Framework@0|fastran_FPP_000001@impurity_radiation@5|470)
2026-04-28 07:39:52,768 fastran__impurity_radiation_5 DEBUG    _invoke_service(): sendEvent  ('_IPS_MONITOR', 'PORTAL_EVENT', {'sim_name': 'fastran_FPP_000001', 'real_sim_name': 'fastran_FPP_000001', 'portal_data': {'code': 'fastran__impurity_radiation', 'eventtype': 'IPS_UPDATE_STATE', 'ok': True, 'walltime': '80.32', 'time': '2026-04-28|07:39:52PDT', 'trace': {'timestamp': 1777387192736217, 'duration': 21194, 'localEndpoint': {'serviceName': 'update_state'}, 'name': "['s000001.00001', 'g000001.00001', 'i000001.00001']", 'id': '7629e189a66153c0', 'parentId': '917c9fa0783dd566', 'tags': {}}, 'state': 'Running', 'comment': 'Elapsed time = 0.021   files = s000001.00001 g000001.00001 i000001.00001 Success'}})
2026-04-28 07:39:52,768 fastran__impurity_radiation_5 DEBUG    _get_service_response(REQUEST|fastran_FPP_000001@impurity_radiation@5|FRAMEWORK@Framework@0|40)
2026-04-28 07:39:52,778 fastran__impurity_radiation_5 DEBUG    _get_service_response(REQUEST|fastran_FPP_000001@impurity_radiation@5|FRAMEWORK@Framework@0|40), response = ServiceResponseMessage(sender_id=FRAMEWORK@Framework@0, receiver_id=fastran_FPP_000001@impurity_radiation@5, request_msg_id=REQUEST|fastran_FPP_000001@impurity_radiation@5|FRAMEWORK@Framework@0|40,status=0, args=(None,), message_id=RESPONSE|FRAMEWORK@Framework@0|fastran_FPP_000001@impurity_radiation@5|471)
2026-04-28 07:39:52,779 fastran__impurity_radiation_5 DEBUG    _invoke_service(): getTopic  ('_IPS_MONITOR',)
2026-04-28 07:39:52,779 fastran__impurity_radiation_5 DEBUG    _get_service_response(REQUEST|fastran_FPP_000001@impurity_radiation@5|FRAMEWORK@Framework@0|41)
2026-04-28 07:39:52,789 fastran__impurity_radiation_5 DEBUG    _get_service_response(REQUEST|fastran_FPP_000001@impurity_radiation@5|FRAMEWORK@Framework@0|41), response = ServiceResponseMessage(sender_id=FRAMEWORK@Framework@0, receiver_id=fastran_FPP_000001@impurity_radiation@5, request_msg_id=REQUEST|fastran_FPP_000001@impurity_radiation@5|FRAMEWORK@Framework@0|41,status=0, args=(<ipsframework.cca_es_spec.Topic object at 0x7fbe9a23a370>,), message_id=RESPONSE|FRAMEWORK@Framework@0|fastran_FPP_000001@impurity_radiation@5|472)
2026-04-28 07:39:52,789 fastran__impurity_radiation_5 DEBUG    _invoke_service(): sendEvent  ('_IPS_MONITOR', 'PORTAL_EVENT', {'sim_name': 'fastran_FPP_000001', 'real_sim_name': 'fastran_FPP_000001', 'portal_data': {'code': 'fastran__impurity_radiation', 'eventtype': 'IPS_STAGE_OUTPUTS', 'ok': True, 'walltime': '80.34', 'time': '2026-04-28|07:39:52PDT', 'trace': {'timestamp': 1777387192778888, 'duration': 247, 'localEndpoint': {'serviceName': 'stage_output_files'}, 'name': '[]', 'id': 'ed019efe11be26d9', 'parentId': '917c9fa0783dd566', 'tags': {}}, 'state': 'Running', 'comment': 'Elapsed time = 0.000 Path = /pscratch/sd/h/hswils/github_repos/MANTA_DBSCANS/RAD_Kr_coronal/SCAN/simulation_results/3/components/fastran__impurity_radiation_5 Files = []'}})
2026-04-28 07:39:52,789 fastran__impurity_radiation_5 DEBUG    _get_service_response(REQUEST|fastran_FPP_000001@impurity_radiation@5|FRAMEWORK@Framework@0|42)
2026-04-28 07:39:52,800 fastran__impurity_radiation_5 DEBUG    _get_service_response(REQUEST|fastran_FPP_000001@impurity_radiation@5|FRAMEWORK@Framework@0|42), response = ServiceResponseMessage(sender_id=FRAMEWORK@Framework@0, receiver_id=fastran_FPP_000001@impurity_radiation@5, request_msg_id=REQUEST|fastran_FPP_000001@impurity_radiation@5|FRAMEWORK@Framework@0|42,status=0, args=(None,), message_id=RESPONSE|FRAMEWORK@Framework@0|fastran_FPP_000001@impurity_radiation@5|473)
2026-04-28 07:39:52,811 fastran_driver_fastran_driver_2 DEBUG    _get_service_response(REQUEST|fastran_FPP_000001@fastran_driver@2|FRAMEWORK@Framework@0|175), response = ServiceResponseMessage(sender_id=FRAMEWORK@Framework@0, receiver_id=fastran_FPP_000001@fastran_driver@2, request_msg_id=REQUEST|fastran_FPP_000001@fastran_driver@2|FRAMEWORK@Framework@0|175,status=0, args=((None,),), message_id=RESPONSE|FRAMEWORK@Framework@0|fastran_FPP_000001@fastran_driver@2|474)
2026-04-28 07:39:52,811 fastran_driver_fastran_driver_2 DEBUG    _invoke_service(): getTopic  ('_IPS_MONITOR',)
2026-04-28 07:39:52,811 fastran_driver_fastran_driver_2 DEBUG    _get_service_response(REQUEST|fastran_FPP_000001@fastran_driver@2|FRAMEWORK@Framework@0|176)
2026-04-28 07:39:52,822 fastran_driver_fastran_driver_2 DEBUG    _get_service_response(REQUEST|fastran_FPP_000001@fastran_driver@2|FRAMEWORK@Framework@0|176), response = ServiceResponseMessage(sender_id=FRAMEWORK@Framework@0, receiver_id=fastran_FPP_000001@fastran_driver@2, request_msg_id=REQUEST|fastran_FPP_000001@fastran_driver@2|FRAMEWORK@Framework@0|176,status=0, args=(<ipsframework.cca_es_spec.Topic object at 0x7fbe9a2a0130>,), message_id=RESPONSE|FRAMEWORK@Framework@0|fastran_FPP_000001@fastran_driver@2|475)
2026-04-28 07:39:52,822 fastran_driver_fastran_driver_2 DEBUG    _invoke_service(): sendEvent  ('_IPS_MONITOR', 'PORTAL_EVENT', {'sim_name': 'fastran_FPP_000001', 'real_sim_name': 'fastran_FPP_000001', 'portal_data': {'code': 'fastran_driver_fastran_driver', 'eventtype': 'IPS_CALL_END', 'ok': True, 'walltime': '80.37', 'time': '2026-04-28|07:39:52PDT', 'trace': {'timestamp': 1777387192483597, 'duration': 328062, 'localEndpoint': {'serviceName': 'fastran_FPP_000001@impurity_radiation@5'}, 'name': 'step(3)', 'id': '917c9fa0783dd566', 'parentId': 'f899e3e5886669ce', 'tags': {}}, 'state': 'Running', 'comment': 'Target = fastran_FPP_000001@impurity_radiation@5:step(3)'}})
2026-04-28 07:39:52,822 fastran_driver_fastran_driver_2 DEBUG    _get_service_response(REQUEST|fastran_FPP_000001@fastran_driver@2|FRAMEWORK@Framework@0|177)
2026-04-28 07:39:52,833 fastran_driver_fastran_driver_2 DEBUG    _get_service_response(REQUEST|fastran_FPP_000001@fastran_driver@2|FRAMEWORK@Framework@0|177), response = ServiceResponseMessage(sender_id=FRAMEWORK@Framework@0, receiver_id=fastran_FPP_000001@fastran_driver@2, request_msg_id=REQUEST|fastran_FPP_000001@fastran_driver@2|FRAMEWORK@Framework@0|177,status=0, args=(None,), message_id=RESPONSE|FRAMEWORK@Framework@0|fastran_FPP_000001@fastran_driver@2|476)
2026-04-28 07:39:52,833 fastran_driver_fastran_driver_2 DEBUG    _invoke_service(): getTopic  ('_IPS_MONITOR',)
2026-04-28 07:39:52,833 fastran_driver_fastran_driver_2 DEBUG    _get_service_response(REQUEST|fastran_FPP_000001@fastran_driver@2|FRAMEWORK@Framework@0|178)
2026-04-28 07:39:52,844 fastran_driver_fastran_driver_2 DEBUG    _get_service_response(REQUEST|fastran_FPP_000001@fastran_driver@2|FRAMEWORK@Framework@0|178), response = ServiceResponseMessage(sender_id=FRAMEWORK@Framework@0, receiver_id=fastran_FPP_000001@fastran_driver@2, request_msg_id=REQUEST|fastran_FPP_000001@fastran_driver@2|FRAMEWORK@Framework@0|178,status=0, args=(<ipsframework.cca_es_spec.Topic object at 0x7fbe9a2a0100>,), message_id=RESPONSE|FRAMEWORK@Framework@0|fastran_FPP_000001@fastran_driver@2|477)
2026-04-28 07:39:52,844 fastran_driver_fastran_driver_2 DEBUG    _invoke_service(): sendEvent  ('_IPS_MONITOR', 'PORTAL_EVENT', {'sim_name': 'fastran_FPP_000001', 'real_sim_name': 'fastran_FPP_000001', 'portal_data': {'code': 'fastran_driver_fastran_driver', 'eventtype': 'IPS_CALL_BEGIN', 'ok': True, 'walltime': '80.39', 'time': '2026-04-28|07:39:52PDT', 'state': 'Running', 'comment': 'Target = fastran_FPP_000001@hcd_model@6:step(3)'}})
2026-04-28 07:39:52,844 fastran_driver_fastran_driver_2 DEBUG    _get_service_response(REQUEST|fastran_FPP_000001@fastran_driver@2|FRAMEWORK@Framework@0|179)
2026-04-28 07:39:52,855 fastran_driver_fastran_driver_2 DEBUG    _get_service_response(REQUEST|fastran_FPP_000001@fastran_driver@2|FRAMEWORK@Framework@0|179), response = ServiceResponseMessage(sender_id=FRAMEWORK@Framework@0, receiver_id=fastran_FPP_000001@fastran_driver@2, request_msg_id=REQUEST|fastran_FPP_000001@fastran_driver@2|FRAMEWORK@Framework@0|179,status=0, args=(None,), message_id=RESPONSE|FRAMEWORK@Framework@0|fastran_FPP_000001@fastran_driver@2|478)
2026-04-28 07:39:52,855 fastran_driver_fastran_driver_2 DEBUG    _invoke_service(): init_call  ('step', 3)
2026-04-28 07:39:52,855 fastran_driver_fastran_driver_2 DEBUG    _get_service_response(REQUEST|fastran_FPP_000001@fastran_driver@2|FRAMEWORK@Framework@0|180)
2026-04-28 07:39:52,856 fastran_ic_hcd_model_6 DEBUG    Received Message 
2026-04-28 07:39:52,856 fastran_ic_hcd_model_6 DEBUG    Calling method step(3)
2026-04-28 07:39:52,857 fastran_ic_hcd_model_6 DEBUG    _invoke_service(): stage_state  (['s000001.00001', 'g000001.00001', 'i000001.00001'], '/pscratch/sd/h/hswils/github_repos/MANTA_DBSCANS/RAD_Kr_coronal/SCAN/work/plasma_state', '/pscratch/sd/h/hswils/github_repos/MANTA_DBSCANS/RAD_Kr_coronal/SCAN/work/fastran_ic_hcd_model_6')
2026-04-28 07:39:52,857 fastran_ic_hcd_model_6 DEBUG    _get_service_response(REQUEST|fastran_FPP_000001@hcd_model@6|FRAMEWORK@Framework@0|30)
2026-04-28 07:39:52,866 fastran_driver_fastran_driver_2 DEBUG    _get_service_response(REQUEST|fastran_FPP_000001@fastran_driver@2|FRAMEWORK@Framework@0|180), response = ServiceResponseMessage(sender_id=FRAMEWORK@Framework@0, receiver_id=fastran_FPP_000001@fastran_driver@2, request_msg_id=REQUEST|fastran_FPP_000001@fastran_driver@2|FRAMEWORK@Framework@0|180,status=0, args=(32,), message_id=RESPONSE|FRAMEWORK@Framework@0|fastran_FPP_000001@fastran_driver@2|479)
2026-04-28 07:39:52,866 fastran_driver_fastran_driver_2 DEBUG    _invoke_service(): wait_call  (32, True)
2026-04-28 07:39:52,866 fastran_driver_fastran_driver_2 DEBUG    _get_service_response(REQUEST|fastran_FPP_000001@fastran_driver@2|FRAMEWORK@Framework@0|181)
2026-04-28 07:39:52,878 fastran_ic_hcd_model_6 DEBUG    _get_service_response(REQUEST|fastran_FPP_000001@hcd_model@6|FRAMEWORK@Framework@0|30), response = ServiceResponseMessage(sender_id=FRAMEWORK@Framework@0, receiver_id=fastran_FPP_000001@hcd_model@6, request_msg_id=REQUEST|fastran_FPP_000001@hcd_model@6|FRAMEWORK@Framework@0|30,status=0, args=(0,), message_id=RESPONSE|FRAMEWORK@Framework@0|fastran_FPP_000001@hcd_model@6|480)
2026-04-28 07:39:52,878 fastran_ic_hcd_model_6 DEBUG    _invoke_service(): getTopic  ('_IPS_MONITOR',)
2026-04-28 07:39:52,878 fastran_ic_hcd_model_6 DEBUG    _get_service_response(REQUEST|fastran_FPP_000001@hcd_model@6|FRAMEWORK@Framework@0|31)
2026-04-28 07:39:52,889 fastran_ic_hcd_model_6 DEBUG    _get_service_response(REQUEST|fastran_FPP_000001@hcd_model@6|FRAMEWORK@Framework@0|31), response = ServiceResponseMessage(sender_id=FRAMEWORK@Framework@0, receiver_id=fastran_FPP_000001@hcd_model@6, request_msg_id=REQUEST|fastran_FPP_000001@hcd_model@6|FRAMEWORK@Framework@0|31,status=0, args=(<ipsframework.cca_es_spec.Topic object at 0x7fbe9a236bb0>,), message_id=RESPONSE|FRAMEWORK@Framework@0|fastran_FPP_000001@hcd_model@6|481)
2026-04-28 07:39:52,889 fastran_ic_hcd_model_6 DEBUG    _invoke_service(): sendEvent  ('_IPS_MONITOR', 'PORTAL_EVENT', {'sim_name': 'fastran_FPP_000001', 'real_sim_name': 'fastran_FPP_000001', 'portal_data': {'code': 'fastran_ic_hcd_model', 'eventtype': 'IPS_STAGE_STATE', 'ok': True, 'walltime': '80.44', 'time': '2026-04-28|07:39:52PDT', 'trace': {'timestamp': 1777387192856879, 'duration': 21766, 'localEndpoint': {'serviceName': 'stage_state'}, 'name': "['s000001.00001', 'g000001.00001', 'i000001.00001']", 'id': '71885aecf25d7412', 'parentId': '7a17970e6e5ad390', 'tags': {}}, 'state': 'Running', 'comment': 'Elapsed time = 0.022  files = s000001.00001 g000001.00001 i000001.00001 Success'}})
2026-04-28 07:39:52,889 fastran_ic_hcd_model_6 DEBUG    _get_service_response(REQUEST|fastran_FPP_000001@hcd_model@6|FRAMEWORK@Framework@0|32)
2026-04-28 07:39:52,900 fastran_ic_hcd_model_6 DEBUG    _get_service_response(REQUEST|fastran_FPP_000001@hcd_model@6|FRAMEWORK@Framework@0|32), response = ServiceResponseMessage(sender_id=FRAMEWORK@Framework@0, receiver_id=fastran_FPP_000001@hcd_model@6, request_msg_id=REQUEST|fastran_FPP_000001@hcd_model@6|FRAMEWORK@Framework@0|32,status=0, args=(None,), message_id=RESPONSE|FRAMEWORK@Framework@0|fastran_FPP_000001@hcd_model@6|482)
2026-04-28 07:39:52,904 fastran_ic_hcd_model_6 DEBUG    _invoke_service(): getTopic  ('_IPS_MONITOR',)
2026-04-28 07:39:52,904 fastran_ic_hcd_model_6 DEBUG    _get_service_response(REQUEST|fastran_FPP_000001@hcd_model@6|FRAMEWORK@Framework@0|33)
2026-04-28 07:39:52,915 fastran_ic_hcd_model_6 DEBUG    _get_service_response(REQUEST|fastran_FPP_000001@hcd_model@6|FRAMEWORK@Framework@0|33), response = ServiceResponseMessage(sender_id=FRAMEWORK@Framework@0, receiver_id=fastran_FPP_000001@hcd_model@6, request_msg_id=REQUEST|fastran_FPP_000001@hcd_model@6|FRAMEWORK@Framework@0|33,status=0, args=(<ipsframework.cca_es_spec.Topic object at 0x7fbe9a236d90>,), message_id=RESPONSE|FRAMEWORK@Framework@0|fastran_FPP_000001@hcd_model@6|483)
2026-04-28 07:39:52,915 fastran_ic_hcd_model_6 DEBUG    _invoke_service(): sendEvent  ('_IPS_MONITOR', 'PORTAL_EVENT', {'sim_name': 'fastran_FPP_000001', 'real_sim_name': 'fastran_FPP_000001', 'portal_data': {'code': 'fastran_ic_hcd_model', 'eventtype': 'IPS_STAGE_INPUTS', 'ok': True, 'walltime': '80.46', 'time': '2026-04-28|07:39:52PDT', 'trace': {'timestamp': 1777387192900283, 'duration': 4234, 'localEndpoint': {'serviceName': 'stage_input_files'}, 'name': 'inhcd', 'id': '5ee53c28a9607896', 'parentId': '7a17970e6e5ad390', 'tags': {}}, 'state': 'Running', 'comment': 'Elapsed time = 0.004 Path = /pscratch/sd/h/hswils/github_repos/MANTA_DBSCANS/RAD_Kr_coronal/input Files = inhcd'}})
2026-04-28 07:39:52,915 fastran_ic_hcd_model_6 DEBUG    _get_service_response(REQUEST|fastran_FPP_000001@hcd_model@6|FRAMEWORK@Framework@0|34)
2026-04-28 07:39:52,925 fastran_ic_hcd_model_6 DEBUG    _get_service_response(REQUEST|fastran_FPP_000001@hcd_model@6|FRAMEWORK@Framework@0|34), response = ServiceResponseMessage(sender_id=FRAMEWORK@Framework@0, receiver_id=fastran_FPP_000001@hcd_model@6, request_msg_id=REQUEST|fastran_FPP_000001@hcd_model@6|FRAMEWORK@Framework@0|34,status=0, args=(None,), message_id=RESPONSE|FRAMEWORK@Framework@0|fastran_FPP_000001@hcd_model@6|484)
2026-04-28 07:39:53,048 fastran_ic_hcd_model_6 DEBUG    _invoke_service(): update_state  (['s000001.00001', 'g000001.00001', 'i000001.00001'], '/pscratch/sd/h/hswils/github_repos/MANTA_DBSCANS/RAD_Kr_coronal/SCAN/work/fastran_ic_hcd_model_6', '/pscratch/sd/h/hswils/github_repos/MANTA_DBSCANS/RAD_Kr_coronal/SCAN/work/plasma_state')
2026-04-28 07:39:53,048 fastran_ic_hcd_model_6 DEBUG    _get_service_response(REQUEST|fastran_FPP_000001@hcd_model@6|FRAMEWORK@Framework@0|35)
2026-04-28 07:39:53,071 fastran_ic_hcd_model_6 DEBUG    _get_service_response(REQUEST|fastran_FPP_000001@hcd_model@6|FRAMEWORK@Framework@0|35), response = ServiceResponseMessage(sender_id=FRAMEWORK@Framework@0, receiver_id=fastran_FPP_000001@hcd_model@6, request_msg_id=REQUEST|fastran_FPP_000001@hcd_model@6|FRAMEWORK@Framework@0|35,status=0, args=(0,), message_id=RESPONSE|FRAMEWORK@Framework@0|fastran_FPP_000001@hcd_model@6|485)
2026-04-28 07:39:53,071 fastran_ic_hcd_model_6 DEBUG    _invoke_service(): getTopic  ('_IPS_MONITOR',)
2026-04-28 07:39:53,071 fastran_ic_hcd_model_6 DEBUG    _get_service_response(REQUEST|fastran_FPP_000001@hcd_model@6|FRAMEWORK@Framework@0|36)
2026-04-28 07:39:53,082 fastran_ic_hcd_model_6 DEBUG    _get_service_response(REQUEST|fastran_FPP_000001@hcd_model@6|FRAMEWORK@Framework@0|36), response = ServiceResponseMessage(sender_id=FRAMEWORK@Framework@0, receiver_id=fastran_FPP_000001@hcd_model@6, request_msg_id=REQUEST|fastran_FPP_000001@hcd_model@6|FRAMEWORK@Framework@0|36,status=0, args=(<ipsframework.cca_es_spec.Topic object at 0x7fbe9a236400>,), message_id=RESPONSE|FRAMEWORK@Framework@0|fastran_FPP_000001@hcd_model@6|486)
2026-04-28 07:39:53,082 fastran_ic_hcd_model_6 DEBUG    _invoke_service(): sendEvent  ('_IPS_MONITOR', 'PORTAL_EVENT', {'sim_name': 'fastran_FPP_000001', 'real_sim_name': 'fastran_FPP_000001', 'portal_data': {'code': 'fastran_ic_hcd_model', 'eventtype': 'IPS_UPDATE_STATE', 'ok': True, 'walltime': '80.63', 'time': '2026-04-28|07:39:53PDT', 'trace': {'timestamp': 1777387193047913, 'duration': 23832, 'localEndpoint': {'serviceName': 'update_state'}, 'name': "['s000001.00001', 'g000001.00001', 'i000001.00001']", 'id': '7629e189a66153c0', 'parentId': '7a17970e6e5ad390', 'tags': {}}, 'state': 'Running', 'comment': 'Elapsed time = 0.024   files = s000001.00001 g000001.00001 i000001.00001 Success'}})
2026-04-28 07:39:53,082 fastran_ic_hcd_model_6 DEBUG    _get_service_response(REQUEST|fastran_FPP_000001@hcd_model@6|FRAMEWORK@Framework@0|37)
2026-04-28 07:39:53,093 fastran_ic_hcd_model_6 DEBUG    _get_service_response(REQUEST|fastran_FPP_000001@hcd_model@6|FRAMEWORK@Framework@0|37), response = ServiceResponseMessage(sender_id=FRAMEWORK@Framework@0, receiver_id=fastran_FPP_000001@hcd_model@6, request_msg_id=REQUEST|fastran_FPP_000001@hcd_model@6|FRAMEWORK@Framework@0|37,status=0, args=(None,), message_id=RESPONSE|FRAMEWORK@Framework@0|fastran_FPP_000001@hcd_model@6|487)
2026-04-28 07:39:53,094 fastran_ic_hcd_model_6 DEBUG    _invoke_service(): getTopic  ('_IPS_MONITOR',)
2026-04-28 07:39:53,094 fastran_ic_hcd_model_6 DEBUG    _get_service_response(REQUEST|fastran_FPP_000001@hcd_model@6|FRAMEWORK@Framework@0|38)
2026-04-28 07:39:53,104 fastran_ic_hcd_model_6 DEBUG    _get_service_response(REQUEST|fastran_FPP_000001@hcd_model@6|FRAMEWORK@Framework@0|38), response = ServiceResponseMessage(sender_id=FRAMEWORK@Framework@0, receiver_id=fastran_FPP_000001@hcd_model@6, request_msg_id=REQUEST|fastran_FPP_000001@hcd_model@6|FRAMEWORK@Framework@0|38,status=0, args=(<ipsframework.cca_es_spec.Topic object at 0x7fbe9a236a30>,), message_id=RESPONSE|FRAMEWORK@Framework@0|fastran_FPP_000001@hcd_model@6|488)
2026-04-28 07:39:53,104 fastran_ic_hcd_model_6 DEBUG    _invoke_service(): sendEvent  ('_IPS_MONITOR', 'PORTAL_EVENT', {'sim_name': 'fastran_FPP_000001', 'real_sim_name': 'fastran_FPP_000001', 'portal_data': {'code': 'fastran_ic_hcd_model', 'eventtype': 'IPS_STAGE_OUTPUTS', 'ok': True, 'walltime': '80.65', 'time': '2026-04-28|07:39:53PDT', 'trace': {'timestamp': 1777387193093716, 'duration': 269, 'localEndpoint': {'serviceName': 'stage_output_files'}, 'name': '[]', 'id': 'ed019efe11be26d9', 'parentId': '7a17970e6e5ad390', 'tags': {}}, 'state': 'Running', 'comment': 'Elapsed time = 0.000 Path = /pscratch/sd/h/hswils/github_repos/MANTA_DBSCANS/RAD_Kr_coronal/SCAN/simulation_results/3/components/fastran_ic_hcd_model_6 Files = []'}})
2026-04-28 07:39:53,104 fastran_ic_hcd_model_6 DEBUG    _get_service_response(REQUEST|fastran_FPP_000001@hcd_model@6|FRAMEWORK@Framework@0|39)
2026-04-28 07:39:53,115 fastran_ic_hcd_model_6 DEBUG    _get_service_response(REQUEST|fastran_FPP_000001@hcd_model@6|FRAMEWORK@Framework@0|39), response = ServiceResponseMessage(sender_id=FRAMEWORK@Framework@0, receiver_id=fastran_FPP_000001@hcd_model@6, request_msg_id=REQUEST|fastran_FPP_000001@hcd_model@6|FRAMEWORK@Framework@0|39,status=0, args=(None,), message_id=RESPONSE|FRAMEWORK@Framework@0|fastran_FPP_000001@hcd_model@6|489)
2026-04-28 07:39:53,126 fastran_driver_fastran_driver_2 DEBUG    _get_service_response(REQUEST|fastran_FPP_000001@fastran_driver@2|FRAMEWORK@Framework@0|181), response = ServiceResponseMessage(sender_id=FRAMEWORK@Framework@0, receiver_id=fastran_FPP_000001@fastran_driver@2, request_msg_id=REQUEST|fastran_FPP_000001@fastran_driver@2|FRAMEWORK@Framework@0|181,status=0, args=((None,),), message_id=RESPONSE|FRAMEWORK@Framework@0|fastran_FPP_000001@fastran_driver@2|490)
2026-04-28 07:39:53,126 fastran_driver_fastran_driver_2 DEBUG    _invoke_service(): getTopic  ('_IPS_MONITOR',)
2026-04-28 07:39:53,126 fastran_driver_fastran_driver_2 DEBUG    _get_service_response(REQUEST|fastran_FPP_000001@fastran_driver@2|FRAMEWORK@Framework@0|182)
2026-04-28 07:39:53,137 fastran_driver_fastran_driver_2 DEBUG    _get_service_response(REQUEST|fastran_FPP_000001@fastran_driver@2|FRAMEWORK@Framework@0|182), response = ServiceResponseMessage(sender_id=FRAMEWORK@Framework@0, receiver_id=fastran_FPP_000001@fastran_driver@2, request_msg_id=REQUEST|fastran_FPP_000001@fastran_driver@2|FRAMEWORK@Framework@0|182,status=0, args=(<ipsframework.cca_es_spec.Topic object at 0x7fbe9a2a0190>,), message_id=RESPONSE|FRAMEWORK@Framework@0|fastran_FPP_000001@fastran_driver@2|491)
2026-04-28 07:39:53,137 fastran_driver_fastran_driver_2 DEBUG    _invoke_service(): sendEvent  ('_IPS_MONITOR', 'PORTAL_EVENT', {'sim_name': 'fastran_FPP_000001', 'real_sim_name': 'fastran_FPP_000001', 'portal_data': {'code': 'fastran_driver_fastran_driver', 'eventtype': 'IPS_CALL_END', 'ok': True, 'walltime': '80.69', 'time': '2026-04-28|07:39:53PDT', 'trace': {'timestamp': 1777387192866497, 'duration': 259949, 'localEndpoint': {'serviceName': 'fastran_FPP_000001@hcd_model@6'}, 'name': 'step(3)', 'id': '7a17970e6e5ad390', 'parentId': 'f899e3e5886669ce', 'tags': {}}, 'state': 'Running', 'comment': 'Target = fastran_FPP_000001@hcd_model@6:step(3)'}})
2026-04-28 07:39:53,137 fastran_driver_fastran_driver_2 DEBUG    _get_service_response(REQUEST|fastran_FPP_000001@fastran_driver@2|FRAMEWORK@Framework@0|183)
2026-04-28 07:39:53,148 fastran_driver_fastran_driver_2 DEBUG    _get_service_response(REQUEST|fastran_FPP_000001@fastran_driver@2|FRAMEWORK@Framework@0|183), response = ServiceResponseMessage(sender_id=FRAMEWORK@Framework@0, receiver_id=fastran_FPP_000001@fastran_driver@2, request_msg_id=REQUEST|fastran_FPP_000001@fastran_driver@2|FRAMEWORK@Framework@0|183,status=0, args=(None,), message_id=RESPONSE|FRAMEWORK@Framework@0|fastran_FPP_000001@fastran_driver@2|492)
2026-04-28 07:39:53,148 fastran_driver_fastran_driver_2 DEBUG    _invoke_service(): getTopic  ('_IPS_MONITOR',)
2026-04-28 07:39:53,148 fastran_driver_fastran_driver_2 DEBUG    _get_service_response(REQUEST|fastran_FPP_000001@fastran_driver@2|FRAMEWORK@Framework@0|184)
2026-04-28 07:39:53,159 fastran_driver_fastran_driver_2 DEBUG    _get_service_response(REQUEST|fastran_FPP_000001@fastran_driver@2|FRAMEWORK@Framework@0|184), response = ServiceResponseMessage(sender_id=FRAMEWORK@Framework@0, receiver_id=fastran_FPP_000001@fastran_driver@2, request_msg_id=REQUEST|fastran_FPP_000001@fastran_driver@2|FRAMEWORK@Framework@0|184,status=0, args=(<ipsframework.cca_es_spec.Topic object at 0x7fbe9a2a01f0>,), message_id=RESPONSE|FRAMEWORK@Framework@0|fastran_FPP_000001@fastran_driver@2|493)
2026-04-28 07:39:53,159 fastran_driver_fastran_driver_2 DEBUG    _invoke_service(): sendEvent  ('_IPS_MONITOR', 'PORTAL_EVENT', {'sim_name': 'fastran_FPP_000001', 'real_sim_name': 'fastran_FPP_000001', 'portal_data': {'code': 'fastran_driver_fastran_driver', 'eventtype': 'IPS_CALL_BEGIN', 'ok': True, 'walltime': '80.71', 'time': '2026-04-28|07:39:53PDT', 'state': 'Running', 'comment': 'Target = fastran_FPP_000001@efit@7:step(3)'}})
2026-04-28 07:39:53,159 fastran_driver_fastran_driver_2 DEBUG    _get_service_response(REQUEST|fastran_FPP_000001@fastran_driver@2|FRAMEWORK@Framework@0|185)
2026-04-28 07:39:53,170 fastran_driver_fastran_driver_2 DEBUG    _get_service_response(REQUEST|fastran_FPP_000001@fastran_driver@2|FRAMEWORK@Framework@0|185), response = ServiceResponseMessage(sender_id=FRAMEWORK@Framework@0, receiver_id=fastran_FPP_000001@fastran_driver@2, request_msg_id=REQUEST|fastran_FPP_000001@fastran_driver@2|FRAMEWORK@Framework@0|185,status=0, args=(None,), message_id=RESPONSE|FRAMEWORK@Framework@0|fastran_FPP_000001@fastran_driver@2|494)
2026-04-28 07:39:53,170 fastran_driver_fastran_driver_2 DEBUG    _invoke_service(): init_call  ('step', 3)
2026-04-28 07:39:53,170 fastran_driver_fastran_driver_2 DEBUG    _get_service_response(REQUEST|fastran_FPP_000001@fastran_driver@2|FRAMEWORK@Framework@0|186)
2026-04-28 07:39:53,171 fastran_eq_efit_7 DEBUG    Received Message 
2026-04-28 07:39:53,171 fastran_eq_efit_7 DEBUG    Calling method step(3)
2026-04-28 07:39:53,171 fastran_eq_efit_7 DEBUG    _invoke_service(): stage_state  (['s000001.00001', 'g000001.00001', 'i000001.00001'], '/pscratch/sd/h/hswils/github_repos/MANTA_DBSCANS/RAD_Kr_coronal/SCAN/work/plasma_state', '/pscratch/sd/h/hswils/github_repos/MANTA_DBSCANS/RAD_Kr_coronal/SCAN/work/fastran_eq_efit_7')
2026-04-28 07:39:53,171 fastran_eq_efit_7 DEBUG    _get_service_response(REQUEST|fastran_FPP_000001@efit@7|FRAMEWORK@Framework@0|24)
2026-04-28 07:39:53,181 fastran_driver_fastran_driver_2 DEBUG    _get_service_response(REQUEST|fastran_FPP_000001@fastran_driver@2|FRAMEWORK@Framework@0|186), response = ServiceResponseMessage(sender_id=FRAMEWORK@Framework@0, receiver_id=fastran_FPP_000001@fastran_driver@2, request_msg_id=REQUEST|fastran_FPP_000001@fastran_driver@2|FRAMEWORK@Framework@0|186,status=0, args=(33,), message_id=RESPONSE|FRAMEWORK@Framework@0|fastran_FPP_000001@fastran_driver@2|495)
2026-04-28 07:39:53,181 fastran_driver_fastran_driver_2 DEBUG    _invoke_service(): wait_call  (33, True)
2026-04-28 07:39:53,181 fastran_driver_fastran_driver_2 DEBUG    _get_service_response(REQUEST|fastran_FPP_000001@fastran_driver@2|FRAMEWORK@Framework@0|187)
2026-04-28 07:39:53,193 fastran_eq_efit_7 DEBUG    _get_service_response(REQUEST|fastran_FPP_000001@efit@7|FRAMEWORK@Framework@0|24), response = ServiceResponseMessage(sender_id=FRAMEWORK@Framework@0, receiver_id=fastran_FPP_000001@efit@7, request_msg_id=REQUEST|fastran_FPP_000001@efit@7|FRAMEWORK@Framework@0|24,status=0, args=(0,), message_id=RESPONSE|FRAMEWORK@Framework@0|fastran_FPP_000001@efit@7|496)
2026-04-28 07:39:53,193 fastran_eq_efit_7 DEBUG    _invoke_service(): getTopic  ('_IPS_MONITOR',)
2026-04-28 07:39:53,193 fastran_eq_efit_7 DEBUG    _get_service_response(REQUEST|fastran_FPP_000001@efit@7|FRAMEWORK@Framework@0|25)
2026-04-28 07:39:53,204 fastran_eq_efit_7 DEBUG    _get_service_response(REQUEST|fastran_FPP_000001@efit@7|FRAMEWORK@Framework@0|25), response = ServiceResponseMessage(sender_id=FRAMEWORK@Framework@0, receiver_id=fastran_FPP_000001@efit@7, request_msg_id=REQUEST|fastran_FPP_000001@efit@7|FRAMEWORK@Framework@0|25,status=0, args=(<ipsframework.cca_es_spec.Topic object at 0x7fbe9a231d00>,), message_id=RESPONSE|FRAMEWORK@Framework@0|fastran_FPP_000001@efit@7|497)
2026-04-28 07:39:53,204 fastran_eq_efit_7 DEBUG    _invoke_service(): sendEvent  ('_IPS_MONITOR', 'PORTAL_EVENT', {'sim_name': 'fastran_FPP_000001', 'real_sim_name': 'fastran_FPP_000001', 'portal_data': {'code': 'fastran_eq_efit', 'eventtype': 'IPS_STAGE_STATE', 'ok': True, 'walltime': '80.75', 'time': '2026-04-28|07:39:53PDT', 'trace': {'timestamp': 1777387193171564, 'duration': 21802, 'localEndpoint': {'serviceName': 'stage_state'}, 'name': "['s000001.00001', 'g000001.00001', 'i000001.00001']", 'id': '71885aecf25d7412', 'parentId': '1317b13b8666eb0a', 'tags': {}}, 'state': 'Running', 'comment': 'Elapsed time = 0.022  files = s000001.00001 g000001.00001 i000001.00001 Success'}})
2026-04-28 07:39:53,204 fastran_eq_efit_7 DEBUG    _get_service_response(REQUEST|fastran_FPP_000001@efit@7|FRAMEWORK@Framework@0|26)
2026-04-28 07:39:53,214 fastran_eq_efit_7 DEBUG    _get_service_response(REQUEST|fastran_FPP_000001@efit@7|FRAMEWORK@Framework@0|26), response = ServiceResponseMessage(sender_id=FRAMEWORK@Framework@0, receiver_id=fastran_FPP_000001@efit@7, request_msg_id=REQUEST|fastran_FPP_000001@efit@7|FRAMEWORK@Framework@0|26,status=0, args=(None,), message_id=RESPONSE|FRAMEWORK@Framework@0|fastran_FPP_000001@efit@7|498)
2026-04-28 07:39:55,800 fastran_eq_efit_7 DEBUG    _invoke_service(): update_state  (['s000001.00001', 'g000001.00001', 'i000001.00001'], '/pscratch/sd/h/hswils/github_repos/MANTA_DBSCANS/RAD_Kr_coronal/SCAN/work/fastran_eq_efit_7', '/pscratch/sd/h/hswils/github_repos/MANTA_DBSCANS/RAD_Kr_coronal/SCAN/work/plasma_state')
2026-04-28 07:39:55,801 fastran_eq_efit_7 DEBUG    _get_service_response(REQUEST|fastran_FPP_000001@efit@7|FRAMEWORK@Framework@0|27)
2026-04-28 07:39:55,827 fastran_eq_efit_7 DEBUG    _get_service_response(REQUEST|fastran_FPP_000001@efit@7|FRAMEWORK@Framework@0|27), response = ServiceResponseMessage(sender_id=FRAMEWORK@Framework@0, receiver_id=fastran_FPP_000001@efit@7, request_msg_id=REQUEST|fastran_FPP_000001@efit@7|FRAMEWORK@Framework@0|27,status=0, args=(0,), message_id=RESPONSE|FRAMEWORK@Framework@0|fastran_FPP_000001@efit@7|505)
2026-04-28 07:39:55,827 fastran_eq_efit_7 DEBUG    _invoke_service(): getTopic  ('_IPS_MONITOR',)
2026-04-28 07:39:55,827 fastran_eq_efit_7 DEBUG    _get_service_response(REQUEST|fastran_FPP_000001@efit@7|FRAMEWORK@Framework@0|28)
2026-04-28 07:39:55,838 fastran_eq_efit_7 DEBUG    _get_service_response(REQUEST|fastran_FPP_000001@efit@7|FRAMEWORK@Framework@0|28), response = ServiceResponseMessage(sender_id=FRAMEWORK@Framework@0, receiver_id=fastran_FPP_000001@efit@7, request_msg_id=REQUEST|fastran_FPP_000001@efit@7|FRAMEWORK@Framework@0|28,status=0, args=(<ipsframework.cca_es_spec.Topic object at 0x7fbe9a1ccb20>,), message_id=RESPONSE|FRAMEWORK@Framework@0|fastran_FPP_000001@efit@7|506)
2026-04-28 07:39:55,838 fastran_eq_efit_7 DEBUG    _invoke_service(): sendEvent  ('_IPS_MONITOR', 'PORTAL_EVENT', {'sim_name': 'fastran_FPP_000001', 'real_sim_name': 'fastran_FPP_000001', 'portal_data': {'code': 'fastran_eq_efit', 'eventtype': 'IPS_UPDATE_STATE', 'ok': True, 'walltime': '83.39', 'time': '2026-04-28|07:39:55PDT', 'trace': {'timestamp': 1777387195800479, 'duration': 26782, 'localEndpoint': {'serviceName': 'update_state'}, 'name': "['s000001.00001', 'g000001.00001', 'i000001.00001']", 'id': '7629e189a66153c0', 'parentId': '1317b13b8666eb0a', 'tags': {}}, 'state': 'Running', 'comment': 'Elapsed time = 0.027   files = s000001.00001 g000001.00001 i000001.00001 Success'}})
2026-04-28 07:39:55,838 fastran_eq_efit_7 DEBUG    _get_service_response(REQUEST|fastran_FPP_000001@efit@7|FRAMEWORK@Framework@0|29)
2026-04-28 07:39:55,849 fastran_eq_efit_7 DEBUG    _get_service_response(REQUEST|fastran_FPP_000001@efit@7|FRAMEWORK@Framework@0|29), response = ServiceResponseMessage(sender_id=FRAMEWORK@Framework@0, receiver_id=fastran_FPP_000001@efit@7, request_msg_id=REQUEST|fastran_FPP_000001@efit@7|FRAMEWORK@Framework@0|29,status=0, args=(None,), message_id=RESPONSE|FRAMEWORK@Framework@0|fastran_FPP_000001@efit@7|507)
2026-04-28 07:39:55,878 fastran_eq_efit_7 DEBUG    _invoke_service(): getTopic  ('_IPS_MONITOR',)
2026-04-28 07:39:55,878 fastran_eq_efit_7 DEBUG    _get_service_response(REQUEST|fastran_FPP_000001@efit@7|FRAMEWORK@Framework@0|30)
2026-04-28 07:39:55,889 fastran_eq_efit_7 DEBUG    _get_service_response(REQUEST|fastran_FPP_000001@efit@7|FRAMEWORK@Framework@0|30), response = ServiceResponseMessage(sender_id=FRAMEWORK@Framework@0, receiver_id=fastran_FPP_000001@efit@7, request_msg_id=REQUEST|fastran_FPP_000001@efit@7|FRAMEWORK@Framework@0|30,status=0, args=(<ipsframework.cca_es_spec.Topic object at 0x7fbe9a1cc9d0>,), message_id=RESPONSE|FRAMEWORK@Framework@0|fastran_FPP_000001@efit@7|508)
2026-04-28 07:39:55,889 fastran_eq_efit_7 DEBUG    _invoke_service(): sendEvent  ('_IPS_MONITOR', 'PORTAL_EVENT', {'sim_name': 'fastran_FPP_000001', 'real_sim_name': 'fastran_FPP_000001', 'portal_data': {'code': 'fastran_eq_efit', 'eventtype': 'IPS_STAGE_OUTPUTS', 'ok': True, 'walltime': '83.44', 'time': '2026-04-28|07:39:55PDT', 'trace': {'timestamp': 1777387195849561, 'duration': 28394, 'localEndpoint': {'serviceName': 'stage_output_files'}, 'name': "['g*.*', 'a*.*', 'm*.*', 'k*.*', 'efit.log', 's*.*']", 'id': '80725d8eee5776f1', 'parentId': '1317b13b8666eb0a', 'tags': {}}, 'state': 'Running', 'comment': "Elapsed time = 0.028 Path = /pscratch/sd/h/hswils/github_repos/MANTA_DBSCANS/RAD_Kr_coronal/SCAN/simulation_results/3/components/fastran_eq_efit_7 Files = ['g*.*', 'a*.*', 'm*.*', 'k*.*', 'efit.log', 's*.*']"}})
2026-04-28 07:39:55,889 fastran_eq_efit_7 DEBUG    _get_service_response(REQUEST|fastran_FPP_000001@efit@7|FRAMEWORK@Framework@0|31)
2026-04-28 07:39:55,900 fastran_eq_efit_7 DEBUG    _get_service_response(REQUEST|fastran_FPP_000001@efit@7|FRAMEWORK@Framework@0|31), response = ServiceResponseMessage(sender_id=FRAMEWORK@Framework@0, receiver_id=fastran_FPP_000001@efit@7, request_msg_id=REQUEST|fastran_FPP_000001@efit@7|FRAMEWORK@Framework@0|31,status=0, args=(None,), message_id=RESPONSE|FRAMEWORK@Framework@0|fastran_FPP_000001@efit@7|509)
2026-04-28 07:39:55,912 fastran_driver_fastran_driver_2 DEBUG    _get_service_response(REQUEST|fastran_FPP_000001@fastran_driver@2|FRAMEWORK@Framework@0|187), response = ServiceResponseMessage(sender_id=FRAMEWORK@Framework@0, receiver_id=fastran_FPP_000001@fastran_driver@2, request_msg_id=REQUEST|fastran_FPP_000001@fastran_driver@2|FRAMEWORK@Framework@0|187,status=0, args=((None,),), message_id=RESPONSE|FRAMEWORK@Framework@0|fastran_FPP_000001@fastran_driver@2|510)
2026-04-28 07:39:55,912 fastran_driver_fastran_driver_2 DEBUG    _invoke_service(): getTopic  ('_IPS_MONITOR',)
2026-04-28 07:39:55,912 fastran_driver_fastran_driver_2 DEBUG    _get_service_response(REQUEST|fastran_FPP_000001@fastran_driver@2|FRAMEWORK@Framework@0|188)
2026-04-28 07:39:55,923 fastran_driver_fastran_driver_2 DEBUG    _get_service_response(REQUEST|fastran_FPP_000001@fastran_driver@2|FRAMEWORK@Framework@0|188), response = ServiceResponseMessage(sender_id=FRAMEWORK@Framework@0, receiver_id=fastran_FPP_000001@fastran_driver@2, request_msg_id=REQUEST|fastran_FPP_000001@fastran_driver@2|FRAMEWORK@Framework@0|188,status=0, args=(<ipsframework.cca_es_spec.Topic object at 0x7fbe9a2a0100>,), message_id=RESPONSE|FRAMEWORK@Framework@0|fastran_FPP_000001@fastran_driver@2|511)
2026-04-28 07:39:55,923 fastran_driver_fastran_driver_2 DEBUG    _invoke_service(): sendEvent  ('_IPS_MONITOR', 'PORTAL_EVENT', {'sim_name': 'fastran_FPP_000001', 'real_sim_name': 'fastran_FPP_000001', 'portal_data': {'code': 'fastran_driver_fastran_driver', 'eventtype': 'IPS_CALL_END', 'ok': True, 'walltime': '83.47', 'time': '2026-04-28|07:39:55PDT', 'trace': {'timestamp': 1777387193181328, 'duration': 2731383, 'localEndpoint': {'serviceName': 'fastran_FPP_000001@efit@7'}, 'name': 'step(3)', 'id': '1317b13b8666eb0a', 'parentId': 'f899e3e5886669ce', 'tags': {}}, 'state': 'Running', 'comment': 'Target = fastran_FPP_000001@efit@7:step(3)'}})
2026-04-28 07:39:55,923 fastran_driver_fastran_driver_2 DEBUG    _get_service_response(REQUEST|fastran_FPP_000001@fastran_driver@2|FRAMEWORK@Framework@0|189)
2026-04-28 07:39:55,934 fastran_driver_fastran_driver_2 DEBUG    _get_service_response(REQUEST|fastran_FPP_000001@fastran_driver@2|FRAMEWORK@Framework@0|189), response = ServiceResponseMessage(sender_id=FRAMEWORK@Framework@0, receiver_id=fastran_FPP_000001@fastran_driver@2, request_msg_id=REQUEST|fastran_FPP_000001@fastran_driver@2|FRAMEWORK@Framework@0|189,status=0, args=(None,), message_id=RESPONSE|FRAMEWORK@Framework@0|fastran_FPP_000001@fastran_driver@2|512)
2026-04-28 07:39:55,934 fastran_driver_fastran_driver_2 DEBUG    _invoke_service(): getTopic  ('_IPS_MONITOR',)
2026-04-28 07:39:55,934 fastran_driver_fastran_driver_2 DEBUG    _get_service_response(REQUEST|fastran_FPP_000001@fastran_driver@2|FRAMEWORK@Framework@0|190)
2026-04-28 07:39:55,945 fastran_driver_fastran_driver_2 DEBUG    _get_service_response(REQUEST|fastran_FPP_000001@fastran_driver@2|FRAMEWORK@Framework@0|190), response = ServiceResponseMessage(sender_id=FRAMEWORK@Framework@0, receiver_id=fastran_FPP_000001@fastran_driver@2, request_msg_id=REQUEST|fastran_FPP_000001@fastran_driver@2|FRAMEWORK@Framework@0|190,status=0, args=(<ipsframework.cca_es_spec.Topic object at 0x7fbe9a2a0130>,), message_id=RESPONSE|FRAMEWORK@Framework@0|fastran_FPP_000001@fastran_driver@2|513)
2026-04-28 07:39:55,945 fastran_driver_fastran_driver_2 DEBUG    _invoke_service(): sendEvent  ('_IPS_MONITOR', 'PORTAL_EVENT', {'sim_name': 'fastran_FPP_000001', 'real_sim_name': 'fastran_FPP_000001', 'portal_data': {'code': 'fastran_driver_fastran_driver', 'eventtype': 'IPS_CALL_BEGIN', 'ok': True, 'walltime': '83.49', 'time': '2026-04-28|07:39:55PDT', 'state': 'Running', 'comment': 'Target = fastran_FPP_000001@fastran@8:step(3)'}})
2026-04-28 07:39:55,945 fastran_driver_fastran_driver_2 DEBUG    _get_service_response(REQUEST|fastran_FPP_000001@fastran_driver@2|FRAMEWORK@Framework@0|191)
2026-04-28 07:39:55,956 fastran_driver_fastran_driver_2 DEBUG    _get_service_response(REQUEST|fastran_FPP_000001@fastran_driver@2|FRAMEWORK@Framework@0|191), response = ServiceResponseMessage(sender_id=FRAMEWORK@Framework@0, receiver_id=fastran_FPP_000001@fastran_driver@2, request_msg_id=REQUEST|fastran_FPP_000001@fastran_driver@2|FRAMEWORK@Framework@0|191,status=0, args=(None,), message_id=RESPONSE|FRAMEWORK@Framework@0|fastran_FPP_000001@fastran_driver@2|514)
2026-04-28 07:39:55,956 fastran_driver_fastran_driver_2 DEBUG    _invoke_service(): init_call  ('step', 3)
2026-04-28 07:39:55,956 fastran_driver_fastran_driver_2 DEBUG    _get_service_response(REQUEST|fastran_FPP_000001@fastran_driver@2|FRAMEWORK@Framework@0|192)
2026-04-28 07:39:55,957 fastran_tr_fastran_8 DEBUG    Received Message 
2026-04-28 07:39:55,957 fastran_tr_fastran_8 DEBUG    Calling method step(3)
2026-04-28 07:39:55,958 fastran_tr_fastran_8 DEBUG    _invoke_service(): stage_state  (['s000001.00001', 'g000001.00001', 'i000001.00001'], '/pscratch/sd/h/hswils/github_repos/MANTA_DBSCANS/RAD_Kr_coronal/SCAN/work/plasma_state', '/pscratch/sd/h/hswils/github_repos/MANTA_DBSCANS/RAD_Kr_coronal/SCAN/work/fastran_tr_fastran_8')
2026-04-28 07:39:55,958 fastran_tr_fastran_8 DEBUG    _get_service_response(REQUEST|fastran_FPP_000001@fastran@8|FRAMEWORK@Framework@0|48)
2026-04-28 07:39:55,967 fastran_driver_fastran_driver_2 DEBUG    _get_service_response(REQUEST|fastran_FPP_000001@fastran_driver@2|FRAMEWORK@Framework@0|192), response = ServiceResponseMessage(sender_id=FRAMEWORK@Framework@0, receiver_id=fastran_FPP_000001@fastran_driver@2, request_msg_id=REQUEST|fastran_FPP_000001@fastran_driver@2|FRAMEWORK@Framework@0|192,status=0, args=(34,), message_id=RESPONSE|FRAMEWORK@Framework@0|fastran_FPP_000001@fastran_driver@2|515)
2026-04-28 07:39:55,967 fastran_driver_fastran_driver_2 DEBUG    _invoke_service(): wait_call  (34, True)
2026-04-28 07:39:55,967 fastran_driver_fastran_driver_2 DEBUG    _get_service_response(REQUEST|fastran_FPP_000001@fastran_driver@2|FRAMEWORK@Framework@0|193)
2026-04-28 07:39:55,980 fastran_tr_fastran_8 DEBUG    _get_service_response(REQUEST|fastran_FPP_000001@fastran@8|FRAMEWORK@Framework@0|48), response = ServiceResponseMessage(sender_id=FRAMEWORK@Framework@0, receiver_id=fastran_FPP_000001@fastran@8, request_msg_id=REQUEST|fastran_FPP_000001@fastran@8|FRAMEWORK@Framework@0|48,status=0, args=(0,), message_id=RESPONSE|FRAMEWORK@Framework@0|fastran_FPP_000001@fastran@8|516)
2026-04-28 07:39:55,980 fastran_tr_fastran_8 DEBUG    _invoke_service(): getTopic  ('_IPS_MONITOR',)
2026-04-28 07:39:55,980 fastran_tr_fastran_8 DEBUG    _get_service_response(REQUEST|fastran_FPP_000001@fastran@8|FRAMEWORK@Framework@0|49)
2026-04-28 07:39:55,990 fastran_tr_fastran_8 DEBUG    _get_service_response(REQUEST|fastran_FPP_000001@fastran@8|FRAMEWORK@Framework@0|49), response = ServiceResponseMessage(sender_id=FRAMEWORK@Framework@0, receiver_id=fastran_FPP_000001@fastran@8, request_msg_id=REQUEST|fastran_FPP_000001@fastran@8|FRAMEWORK@Framework@0|49,status=0, args=(<ipsframework.cca_es_spec.Topic object at 0x7fbe9a231ca0>,), message_id=RESPONSE|FRAMEWORK@Framework@0|fastran_FPP_000001@fastran@8|517)
2026-04-28 07:39:55,990 fastran_tr_fastran_8 DEBUG    _invoke_service(): sendEvent  ('_IPS_MONITOR', 'PORTAL_EVENT', {'sim_name': 'fastran_FPP_000001', 'real_sim_name': 'fastran_FPP_000001', 'portal_data': {'code': 'fastran_tr_fastran', 'eventtype': 'IPS_STAGE_STATE', 'ok': True, 'walltime': '83.54', 'time': '2026-04-28|07:39:55PDT', 'trace': {'timestamp': 1777387195958058, 'duration': 22075, 'localEndpoint': {'serviceName': 'stage_state'}, 'name': "['s000001.00001', 'g000001.00001', 'i000001.00001']", 'id': '71885aecf25d7412', 'parentId': '013a85ae9ab26b7c', 'tags': {}}, 'state': 'Running', 'comment': 'Elapsed time = 0.022  files = s000001.00001 g000001.00001 i000001.00001 Success'}})
2026-04-28 07:39:55,991 fastran_tr_fastran_8 DEBUG    _get_service_response(REQUEST|fastran_FPP_000001@fastran@8|FRAMEWORK@Framework@0|50)
2026-04-28 07:39:56,001 fastran_tr_fastran_8 DEBUG    _get_service_response(REQUEST|fastran_FPP_000001@fastran@8|FRAMEWORK@Framework@0|50), response = ServiceResponseMessage(sender_id=FRAMEWORK@Framework@0, receiver_id=fastran_FPP_000001@fastran@8, request_msg_id=REQUEST|fastran_FPP_000001@fastran@8|FRAMEWORK@Framework@0|50,status=0, args=(None,), message_id=RESPONSE|FRAMEWORK@Framework@0|fastran_FPP_000001@fastran@8|518)
2026-04-28 07:39:56,009 fastran_tr_fastran_8 DEBUG    _invoke_service(): getTopic  ('_IPS_MONITOR',)
2026-04-28 07:39:56,009 fastran_tr_fastran_8 DEBUG    _get_service_response(REQUEST|fastran_FPP_000001@fastran@8|FRAMEWORK@Framework@0|51)
2026-04-28 07:39:56,020 fastran_tr_fastran_8 DEBUG    _get_service_response(REQUEST|fastran_FPP_000001@fastran@8|FRAMEWORK@Framework@0|51), response = ServiceResponseMessage(sender_id=FRAMEWORK@Framework@0, receiver_id=fastran_FPP_000001@fastran@8, request_msg_id=REQUEST|fastran_FPP_000001@fastran@8|FRAMEWORK@Framework@0|51,status=0, args=(<ipsframework.cca_es_spec.Topic object at 0x7fbe9a23b100>,), message_id=RESPONSE|FRAMEWORK@Framework@0|fastran_FPP_000001@fastran@8|519)
2026-04-28 07:39:56,020 fastran_tr_fastran_8 DEBUG    _invoke_service(): sendEvent  ('_IPS_MONITOR', 'PORTAL_EVENT', {'sim_name': 'fastran_FPP_000001', 'real_sim_name': 'fastran_FPP_000001', 'portal_data': {'code': 'fastran_tr_fastran', 'eventtype': 'IPS_STAGE_INPUTS', 'ok': True, 'walltime': '83.57', 'time': '2026-04-28|07:39:56PDT', 'trace': {'timestamp': 1777387196002308, 'duration': 7406, 'localEndpoint': {'serviceName': 'stage_input_files'}, 'name': 'infastran intglf', 'id': '5ff6e2efe4653e6c', 'parentId': '013a85ae9ab26b7c', 'tags': {}}, 'state': 'Running', 'comment': 'Elapsed time = 0.007 Path = /pscratch/sd/h/hswils/github_repos/MANTA_DBSCANS/RAD_Kr_coronal/input Files = infastran intglf'}})
2026-04-28 07:39:56,020 fastran_tr_fastran_8 DEBUG    _get_service_response(REQUEST|fastran_FPP_000001@fastran@8|FRAMEWORK@Framework@0|52)
2026-04-28 07:39:56,030 fastran_tr_fastran_8 DEBUG    _get_service_response(REQUEST|fastran_FPP_000001@fastran@8|FRAMEWORK@Framework@0|52), response = ServiceResponseMessage(sender_id=FRAMEWORK@Framework@0, receiver_id=fastran_FPP_000001@fastran@8, request_msg_id=REQUEST|fastran_FPP_000001@fastran@8|FRAMEWORK@Framework@0|52,status=0, args=(None,), message_id=RESPONSE|FRAMEWORK@Framework@0|fastran_FPP_000001@fastran@8|520)
2026-04-28 07:39:56,243 fastran_tr_fastran_8 DEBUG    _invoke_service(): init_task  (TaskInit(nproc=126, binary='/global/common/software/atom/perlmutter/binaries/fastran/default/xfastran_ver1.07', working_dir='/pscratch/sd/h/hswils/github_repos/MANTA_DBSCANS/RAD_Kr_coronal/SCAN/work/fastran_tr_fastran_8', tppn=0, tcpp=0, tgpp=0, block=True, omp=False, wnodes=True, wsocks=True, cmd_args=('6', '21')),)
2026-04-28 07:39:56,244 fastran_tr_fastran_8 DEBUG    _get_service_response(REQUEST|fastran_FPP_000001@fastran@8|FRAMEWORK@Framework@0|53)
2026-04-28 07:39:56,255 fastran_tr_fastran_8 DEBUG    _get_service_response(REQUEST|fastran_FPP_000001@fastran@8|FRAMEWORK@Framework@0|53), response = ServiceResponseMessage(sender_id=FRAMEWORK@Framework@0, receiver_id=fastran_FPP_000001@fastran@8, request_msg_id=REQUEST|fastran_FPP_000001@fastran@8|FRAMEWORK@Framework@0|53,status=0, args=((5, 'srun -N 1 -n 126 -c 1 --threads-per-core=1 --cpu-bind=cores /global/common/software/atom/perlmutter/binaries/fastran/default/xfastran_ver1.07 6 21', None, 128),), message_id=RESPONSE|FRAMEWORK@Framework@0|fastran_FPP_000001@fastran@8|521)
2026-04-28 07:39:56,256 fastran_tr_fastran_8 DEBUG    Launching command : srun -N 1 -n 126 -c 1 --threads-per-core=1 --cpu-bind=cores /global/common/software/atom/perlmutter/binaries/fastran/default/xfastran_ver1.07 6 21
2026-04-28 07:39:56,273 fastran_tr_fastran_8 DEBUG    _invoke_service(): getTopic  ('_IPS_MONITOR',)
2026-04-28 07:39:56,273 fastran_tr_fastran_8 DEBUG    _get_service_response(REQUEST|fastran_FPP_000001@fastran@8|FRAMEWORK@Framework@0|54)
2026-04-28 07:39:56,284 fastran_tr_fastran_8 DEBUG    _get_service_response(REQUEST|fastran_FPP_000001@fastran@8|FRAMEWORK@Framework@0|54), response = ServiceResponseMessage(sender_id=FRAMEWORK@Framework@0, receiver_id=fastran_FPP_000001@fastran@8, request_msg_id=REQUEST|fastran_FPP_000001@fastran@8|FRAMEWORK@Framework@0|54,status=0, args=(<ipsframework.cca_es_spec.Topic object at 0x7fbe9a23bc70>,), message_id=RESPONSE|FRAMEWORK@Framework@0|fastran_FPP_000001@fastran@8|522)
2026-04-28 07:39:56,284 fastran_tr_fastran_8 DEBUG    _invoke_service(): sendEvent  ('_IPS_MONITOR', 'PORTAL_EVENT', {'sim_name': 'fastran_FPP_000001', 'real_sim_name': 'fastran_FPP_000001', 'portal_data': {'code': 'fastran_tr_fastran', 'eventtype': 'IPS_LAUNCH_TASK', 'ok': True, 'walltime': '83.83', 'time': '2026-04-28|07:39:56PDT', 'state': 'Running', 'comment': 'task_id = 5 , Tag = None , nproc = 126 , Target = srun -N 1 -n 126 -c 1 --threads-per-core=1 --cpu-bind=cores /global/common/software/atom/perlmutter/binaries/fastran/default/xfastran_ver1.07 6 21'}})
2026-04-28 07:39:56,284 fastran_tr_fastran_8 DEBUG    _get_service_response(REQUEST|fastran_FPP_000001@fastran@8|FRAMEWORK@Framework@0|55)
2026-04-28 07:39:56,294 fastran_tr_fastran_8 DEBUG    _get_service_response(REQUEST|fastran_FPP_000001@fastran@8|FRAMEWORK@Framework@0|55), response = ServiceResponseMessage(sender_id=FRAMEWORK@Framework@0, receiver_id=fastran_FPP_000001@fastran@8, request_msg_id=REQUEST|fastran_FPP_000001@fastran@8|FRAMEWORK@Framework@0|55,status=0, args=(None,), message_id=RESPONSE|FRAMEWORK@Framework@0|fastran_FPP_000001@fastran@8|524)
2026-04-28 07:40:03,673 fastran_tr_fastran_8 DEBUG    _invoke_service(): getTopic  ('_IPS_MONITOR',)
2026-04-28 07:40:03,673 fastran_tr_fastran_8 DEBUG    _get_service_response(REQUEST|fastran_FPP_000001@fastran@8|FRAMEWORK@Framework@0|56)
2026-04-28 07:40:03,684 fastran_tr_fastran_8 DEBUG    _get_service_response(REQUEST|fastran_FPP_000001@fastran@8|FRAMEWORK@Framework@0|56), response = ServiceResponseMessage(sender_id=FRAMEWORK@Framework@0, receiver_id=fastran_FPP_000001@fastran@8, request_msg_id=REQUEST|fastran_FPP_000001@fastran@8|FRAMEWORK@Framework@0|56,status=0, args=(<ipsframework.cca_es_spec.Topic object at 0x7fbe9a23ba90>,), message_id=RESPONSE|FRAMEWORK@Framework@0|fastran_FPP_000001@fastran@8|539)
2026-04-28 07:40:03,684 fastran_tr_fastran_8 DEBUG    _invoke_service(): sendEvent  ('_IPS_MONITOR', 'PORTAL_EVENT', {'sim_name': 'fastran_FPP_000001', 'real_sim_name': 'fastran_FPP_000001', 'portal_data': {'code': 'fastran_tr_fastran', 'eventtype': 'IPS_TASK_END', 'ok': True, 'walltime': '91.23', 'time': '2026-04-28|07:40:03PDT', 'trace': {'timestamp': 1777387196272664, 'duration': 7400325, 'localEndpoint': {'serviceName': '/global/common/software/atom/perlmutter/binaries/fastran/default/xfastran_ver1.07'}, 'name': '6 21', 'id': '3678a338c36fffdc', 'parentId': '013a85ae9ab26b7c', 'tags': {'procs_requested': '126', 'cores_allocated': '128'}}, 'state': 'Running', 'comment': 'task_id = 5  elapsed time = 7.40 S'}})
2026-04-28 07:40:03,684 fastran_tr_fastran_8 DEBUG    _get_service_response(REQUEST|fastran_FPP_000001@fastran@8|FRAMEWORK@Framework@0|57)
2026-04-28 07:40:03,695 fastran_tr_fastran_8 DEBUG    _get_service_response(REQUEST|fastran_FPP_000001@fastran@8|FRAMEWORK@Framework@0|57), response = ServiceResponseMessage(sender_id=FRAMEWORK@Framework@0, receiver_id=fastran_FPP_000001@fastran@8, request_msg_id=REQUEST|fastran_FPP_000001@fastran@8|FRAMEWORK@Framework@0|57,status=0, args=(None,), message_id=RESPONSE|FRAMEWORK@Framework@0|fastran_FPP_000001@fastran@8|540)
2026-04-28 07:40:03,695 fastran_tr_fastran_8 DEBUG    _invoke_service(): finish_task  (5, 0)
2026-04-28 07:40:03,695 fastran_tr_fastran_8 DEBUG    _get_service_response(REQUEST|fastran_FPP_000001@fastran@8|FRAMEWORK@Framework@0|58)
2026-04-28 07:40:03,706 fastran_tr_fastran_8 DEBUG    _get_service_response(REQUEST|fastran_FPP_000001@fastran@8|FRAMEWORK@Framework@0|58), response = ServiceResponseMessage(sender_id=FRAMEWORK@Framework@0, receiver_id=fastran_FPP_000001@fastran@8, request_msg_id=REQUEST|fastran_FPP_000001@fastran@8|FRAMEWORK@Framework@0|58,status=0, args=(0,), message_id=RESPONSE|FRAMEWORK@Framework@0|fastran_FPP_000001@fastran@8|541)
2026-04-28 07:40:04,055 fastran_tr_fastran_8 DEBUG    _invoke_service(): update_state  (['s000001.00001', 'g000001.00001', 'i000001.00001'], '/pscratch/sd/h/hswils/github_repos/MANTA_DBSCANS/RAD_Kr_coronal/SCAN/work/fastran_tr_fastran_8', '/pscratch/sd/h/hswils/github_repos/MANTA_DBSCANS/RAD_Kr_coronal/SCAN/work/plasma_state')
2026-04-28 07:40:04,055 fastran_tr_fastran_8 DEBUG    _get_service_response(REQUEST|fastran_FPP_000001@fastran@8|FRAMEWORK@Framework@0|59)
2026-04-28 07:40:04,077 fastran_tr_fastran_8 DEBUG    _get_service_response(REQUEST|fastran_FPP_000001@fastran@8|FRAMEWORK@Framework@0|59), response = ServiceResponseMessage(sender_id=FRAMEWORK@Framework@0, receiver_id=fastran_FPP_000001@fastran@8, request_msg_id=REQUEST|fastran_FPP_000001@fastran@8|FRAMEWORK@Framework@0|59,status=0, args=(0,), message_id=RESPONSE|FRAMEWORK@Framework@0|fastran_FPP_000001@fastran@8|543)
2026-04-28 07:40:04,077 fastran_tr_fastran_8 DEBUG    _invoke_service(): getTopic  ('_IPS_MONITOR',)
2026-04-28 07:40:04,077 fastran_tr_fastran_8 DEBUG    _get_service_response(REQUEST|fastran_FPP_000001@fastran@8|FRAMEWORK@Framework@0|60)
2026-04-28 07:40:04,087 fastran_tr_fastran_8 DEBUG    _get_service_response(REQUEST|fastran_FPP_000001@fastran@8|FRAMEWORK@Framework@0|60), response = ServiceResponseMessage(sender_id=FRAMEWORK@Framework@0, receiver_id=fastran_FPP_000001@fastran@8, request_msg_id=REQUEST|fastran_FPP_000001@fastran@8|FRAMEWORK@Framework@0|60,status=0, args=(<ipsframework.cca_es_spec.Topic object at 0x7fbe9a1a1700>,), message_id=RESPONSE|FRAMEWORK@Framework@0|fastran_FPP_000001@fastran@8|544)
2026-04-28 07:40:04,087 fastran_tr_fastran_8 DEBUG    _invoke_service(): sendEvent  ('_IPS_MONITOR', 'PORTAL_EVENT', {'sim_name': 'fastran_FPP_000001', 'real_sim_name': 'fastran_FPP_000001', 'portal_data': {'code': 'fastran_tr_fastran', 'eventtype': 'IPS_UPDATE_STATE', 'ok': True, 'walltime': '91.64', 'time': '2026-04-28|07:40:04PDT', 'trace': {'timestamp': 1777387204054947, 'duration': 22161, 'localEndpoint': {'serviceName': 'update_state'}, 'name': "['s000001.00001', 'g000001.00001', 'i000001.00001']", 'id': '7629e189a66153c0', 'parentId': '013a85ae9ab26b7c', 'tags': {}}, 'state': 'Running', 'comment': 'Elapsed time = 0.022   files = s000001.00001 g000001.00001 i000001.00001 Success'}})
2026-04-28 07:40:04,087 fastran_tr_fastran_8 DEBUG    _get_service_response(REQUEST|fastran_FPP_000001@fastran@8|FRAMEWORK@Framework@0|61)
2026-04-28 07:40:04,098 fastran_tr_fastran_8 DEBUG    _get_service_response(REQUEST|fastran_FPP_000001@fastran@8|FRAMEWORK@Framework@0|61), response = ServiceResponseMessage(sender_id=FRAMEWORK@Framework@0, receiver_id=fastran_FPP_000001@fastran@8, request_msg_id=REQUEST|fastran_FPP_000001@fastran@8|FRAMEWORK@Framework@0|61,status=0, args=(None,), message_id=RESPONSE|FRAMEWORK@Framework@0|fastran_FPP_000001@fastran@8|545)
2026-04-28 07:40:04,115 fastran_tr_fastran_8 DEBUG    _invoke_service(): getTopic  ('_IPS_MONITOR',)
2026-04-28 07:40:04,116 fastran_tr_fastran_8 DEBUG    _get_service_response(REQUEST|fastran_FPP_000001@fastran@8|FRAMEWORK@Framework@0|62)
2026-04-28 07:40:04,126 fastran_tr_fastran_8 DEBUG    _get_service_response(REQUEST|fastran_FPP_000001@fastran@8|FRAMEWORK@Framework@0|62), response = ServiceResponseMessage(sender_id=FRAMEWORK@Framework@0, receiver_id=fastran_FPP_000001@fastran@8, request_msg_id=REQUEST|fastran_FPP_000001@fastran@8|FRAMEWORK@Framework@0|62,status=0, args=(<ipsframework.cca_es_spec.Topic object at 0x7fbe9a1a17f0>,), message_id=RESPONSE|FRAMEWORK@Framework@0|fastran_FPP_000001@fastran@8|546)
2026-04-28 07:40:04,126 fastran_tr_fastran_8 DEBUG    _invoke_service(): sendEvent  ('_IPS_MONITOR', 'PORTAL_EVENT', {'sim_name': 'fastran_FPP_000001', 'real_sim_name': 'fastran_FPP_000001', 'portal_data': {'code': 'fastran_tr_fastran', 'eventtype': 'IPS_STAGE_OUTPUTS', 'ok': True, 'walltime': '91.68', 'time': '2026-04-28|07:40:04PDT', 'trace': {'timestamp': 1777387204098510, 'duration': 17346, 'localEndpoint': {'serviceName': 'stage_output_files'}, 'name': "['fastran.nc', 'inprof', 'inmetric', 'infastran', 'intglf', 'xfastran.log', 'i000001.00001']", 'id': '7349cfaaafc33980', 'parentId': '013a85ae9ab26b7c', 'tags': {}}, 'state': 'Running', 'comment': "Elapsed time = 0.017 Path = /pscratch/sd/h/hswils/github_repos/MANTA_DBSCANS/RAD_Kr_coronal/SCAN/simulation_results/3/components/fastran_tr_fastran_8 Files = ['fastran.nc', 'inprof', 'inmetric', 'infastran', 'intglf', 'xfastran.log', 'i000001.00001']"}})
2026-04-28 07:40:04,126 fastran_tr_fastran_8 DEBUG    _get_service_response(REQUEST|fastran_FPP_000001@fastran@8|FRAMEWORK@Framework@0|63)
2026-04-28 07:40:04,137 fastran_tr_fastran_8 DEBUG    _get_service_response(REQUEST|fastran_FPP_000001@fastran@8|FRAMEWORK@Framework@0|63), response = ServiceResponseMessage(sender_id=FRAMEWORK@Framework@0, receiver_id=fastran_FPP_000001@fastran@8, request_msg_id=REQUEST|fastran_FPP_000001@fastran@8|FRAMEWORK@Framework@0|63,status=0, args=(None,), message_id=RESPONSE|FRAMEWORK@Framework@0|fastran_FPP_000001@fastran@8|547)
2026-04-28 07:40:04,147 fastran_driver_fastran_driver_2 DEBUG    _get_service_response(REQUEST|fastran_FPP_000001@fastran_driver@2|FRAMEWORK@Framework@0|193), response = ServiceResponseMessage(sender_id=FRAMEWORK@Framework@0, receiver_id=fastran_FPP_000001@fastran_driver@2, request_msg_id=REQUEST|fastran_FPP_000001@fastran_driver@2|FRAMEWORK@Framework@0|193,status=0, args=((None,),), message_id=RESPONSE|FRAMEWORK@Framework@0|fastran_FPP_000001@fastran_driver@2|548)
2026-04-28 07:40:04,147 fastran_driver_fastran_driver_2 DEBUG    _invoke_service(): getTopic  ('_IPS_MONITOR',)
2026-04-28 07:40:04,148 fastran_driver_fastran_driver_2 DEBUG    _get_service_response(REQUEST|fastran_FPP_000001@fastran_driver@2|FRAMEWORK@Framework@0|194)
2026-04-28 07:40:04,158 fastran_driver_fastran_driver_2 DEBUG    _get_service_response(REQUEST|fastran_FPP_000001@fastran_driver@2|FRAMEWORK@Framework@0|194), response = ServiceResponseMessage(sender_id=FRAMEWORK@Framework@0, receiver_id=fastran_FPP_000001@fastran_driver@2, request_msg_id=REQUEST|fastran_FPP_000001@fastran_driver@2|FRAMEWORK@Framework@0|194,status=0, args=(<ipsframework.cca_es_spec.Topic object at 0x7fbe9a2a01c0>,), message_id=RESPONSE|FRAMEWORK@Framework@0|fastran_FPP_000001@fastran_driver@2|549)
2026-04-28 07:40:04,158 fastran_driver_fastran_driver_2 DEBUG    _invoke_service(): sendEvent  ('_IPS_MONITOR', 'PORTAL_EVENT', {'sim_name': 'fastran_FPP_000001', 'real_sim_name': 'fastran_FPP_000001', 'portal_data': {'code': 'fastran_driver_fastran_driver', 'eventtype': 'IPS_CALL_END', 'ok': True, 'walltime': '91.71', 'time': '2026-04-28|07:40:04PDT', 'trace': {'timestamp': 1777387195967857, 'duration': 8180002, 'localEndpoint': {'serviceName': 'fastran_FPP_000001@fastran@8'}, 'name': 'step(3)', 'id': '013a85ae9ab26b7c', 'parentId': 'f899e3e5886669ce', 'tags': {}}, 'state': 'Running', 'comment': 'Target = fastran_FPP_000001@fastran@8:step(3)'}})
2026-04-28 07:40:04,158 fastran_driver_fastran_driver_2 DEBUG    _get_service_response(REQUEST|fastran_FPP_000001@fastran_driver@2|FRAMEWORK@Framework@0|195)
2026-04-28 07:40:04,169 fastran_driver_fastran_driver_2 DEBUG    _get_service_response(REQUEST|fastran_FPP_000001@fastran_driver@2|FRAMEWORK@Framework@0|195), response = ServiceResponseMessage(sender_id=FRAMEWORK@Framework@0, receiver_id=fastran_FPP_000001@fastran_driver@2, request_msg_id=REQUEST|fastran_FPP_000001@fastran_driver@2|FRAMEWORK@Framework@0|195,status=0, args=(None,), message_id=RESPONSE|FRAMEWORK@Framework@0|fastran_FPP_000001@fastran_driver@2|550)
2026-04-28 07:40:04,169 fastran_driver_fastran_driver_2 DEBUG    _invoke_service(): stage_state  (['s000001.00001', 'g000001.00001', 'i000001.00001'], '/pscratch/sd/h/hswils/github_repos/MANTA_DBSCANS/RAD_Kr_coronal/SCAN/work/plasma_state', '/pscratch/sd/h/hswils/github_repos/MANTA_DBSCANS/RAD_Kr_coronal/SCAN/work/fastran_driver_fastran_driver_2')
2026-04-28 07:40:04,169 fastran_driver_fastran_driver_2 DEBUG    _get_service_response(REQUEST|fastran_FPP_000001@fastran_driver@2|FRAMEWORK@Framework@0|196)
2026-04-28 07:40:04,191 fastran_driver_fastran_driver_2 DEBUG    _get_service_response(REQUEST|fastran_FPP_000001@fastran_driver@2|FRAMEWORK@Framework@0|196), response = ServiceResponseMessage(sender_id=FRAMEWORK@Framework@0, receiver_id=fastran_FPP_000001@fastran_driver@2, request_msg_id=REQUEST|fastran_FPP_000001@fastran_driver@2|FRAMEWORK@Framework@0|196,status=0, args=(0,), message_id=RESPONSE|FRAMEWORK@Framework@0|fastran_FPP_000001@fastran_driver@2|551)
2026-04-28 07:40:04,191 fastran_driver_fastran_driver_2 DEBUG    _invoke_service(): getTopic  ('_IPS_MONITOR',)
2026-04-28 07:40:04,191 fastran_driver_fastran_driver_2 DEBUG    _get_service_response(REQUEST|fastran_FPP_000001@fastran_driver@2|FRAMEWORK@Framework@0|197)
2026-04-28 07:40:04,202 fastran_driver_fastran_driver_2 DEBUG    _get_service_response(REQUEST|fastran_FPP_000001@fastran_driver@2|FRAMEWORK@Framework@0|197), response = ServiceResponseMessage(sender_id=FRAMEWORK@Framework@0, receiver_id=fastran_FPP_000001@fastran_driver@2, request_msg_id=REQUEST|fastran_FPP_000001@fastran_driver@2|FRAMEWORK@Framework@0|197,status=0, args=(<ipsframework.cca_es_spec.Topic object at 0x7fbe9a2a0160>,), message_id=RESPONSE|FRAMEWORK@Framework@0|fastran_FPP_000001@fastran_driver@2|552)
2026-04-28 07:40:04,202 fastran_driver_fastran_driver_2 DEBUG    _invoke_service(): sendEvent  ('_IPS_MONITOR', 'PORTAL_EVENT', {'sim_name': 'fastran_FPP_000001', 'real_sim_name': 'fastran_FPP_000001', 'portal_data': {'code': 'fastran_driver_fastran_driver', 'eventtype': 'IPS_STAGE_STATE', 'ok': True, 'walltime': '91.75', 'time': '2026-04-28|07:40:04PDT', 'trace': {'timestamp': 1777387204169647, 'duration': 21942, 'localEndpoint': {'serviceName': 'stage_state'}, 'name': "['s000001.00001', 'g000001.00001', 'i000001.00001']", 'id': '71885aecf25d7412', 'parentId': 'f899e3e5886669ce', 'tags': {}}, 'state': 'Running', 'comment': 'Elapsed time = 0.022  files = s000001.00001 g000001.00001 i000001.00001 Success'}})
2026-04-28 07:40:04,202 fastran_driver_fastran_driver_2 DEBUG    _get_service_response(REQUEST|fastran_FPP_000001@fastran_driver@2|FRAMEWORK@Framework@0|198)
2026-04-28 07:40:04,212 fastran_driver_fastran_driver_2 DEBUG    _get_service_response(REQUEST|fastran_FPP_000001@fastran_driver@2|FRAMEWORK@Framework@0|198), response = ServiceResponseMessage(sender_id=FRAMEWORK@Framework@0, receiver_id=fastran_FPP_000001@fastran_driver@2, request_msg_id=REQUEST|fastran_FPP_000001@fastran_driver@2|FRAMEWORK@Framework@0|198,status=0, args=(None,), message_id=RESPONSE|FRAMEWORK@Framework@0|fastran_FPP_000001@fastran_driver@2|553)
2026-04-28 07:40:04,213 fastran_driver_fastran_driver_2 DEBUG    _invoke_service(): getTopic  ('_IPS_MONITOR',)
2026-04-28 07:40:04,213 fastran_driver_fastran_driver_2 DEBUG    _get_service_response(REQUEST|fastran_FPP_000001@fastran_driver@2|FRAMEWORK@Framework@0|199)
2026-04-28 07:40:04,223 fastran_driver_fastran_driver_2 DEBUG    _get_service_response(REQUEST|fastran_FPP_000001@fastran_driver@2|FRAMEWORK@Framework@0|199), response = ServiceResponseMessage(sender_id=FRAMEWORK@Framework@0, receiver_id=fastran_FPP_000001@fastran_driver@2, request_msg_id=REQUEST|fastran_FPP_000001@fastran_driver@2|FRAMEWORK@Framework@0|199,status=0, args=(<ipsframework.cca_es_spec.Topic object at 0x7fbe9a2a0340>,), message_id=RESPONSE|FRAMEWORK@Framework@0|fastran_FPP_000001@fastran_driver@2|554)
2026-04-28 07:40:04,223 fastran_driver_fastran_driver_2 DEBUG    _invoke_service(): sendEvent  ('_IPS_MONITOR', 'PORTAL_EVENT', {'sim_name': 'fastran_FPP_000001', 'real_sim_name': 'fastran_FPP_000001', 'portal_data': {'code': 'fastran_driver_fastran_driver', 'eventtype': 'IPS_STAGE_OUTPUTS', 'ok': True, 'walltime': '91.77', 'time': '2026-04-28|07:40:04PDT', 'trace': {'timestamp': 1777387204212847, 'duration': 226, 'localEndpoint': {'serviceName': 'stage_output_files'}, 'name': '[]', 'id': 'ed019efe11be26d9', 'parentId': 'f899e3e5886669ce', 'tags': {}}, 'state': 'Running', 'comment': 'Elapsed time = 0.000 Path = /pscratch/sd/h/hswils/github_repos/MANTA_DBSCANS/RAD_Kr_coronal/SCAN/simulation_results/3/components/fastran_driver_fastran_driver_2 Files = []'}})
2026-04-28 07:40:04,223 fastran_driver_fastran_driver_2 DEBUG    _get_service_response(REQUEST|fastran_FPP_000001@fastran_driver@2|FRAMEWORK@Framework@0|200)
2026-04-28 07:40:04,234 fastran_driver_fastran_driver_2 DEBUG    _get_service_response(REQUEST|fastran_FPP_000001@fastran_driver@2|FRAMEWORK@Framework@0|200), response = ServiceResponseMessage(sender_id=FRAMEWORK@Framework@0, receiver_id=fastran_FPP_000001@fastran_driver@2, request_msg_id=REQUEST|fastran_FPP_000001@fastran_driver@2|FRAMEWORK@Framework@0|200,status=0, args=(None,), message_id=RESPONSE|FRAMEWORK@Framework@0|fastran_FPP_000001@fastran_driver@2|555)
2026-04-28 07:40:04,234 fastran_driver_fastran_driver_2 DEBUG    _invoke_service(): getTopic  ('_IPS_MONITOR',)
2026-04-28 07:40:04,234 fastran_driver_fastran_driver_2 DEBUG    _get_service_response(REQUEST|fastran_FPP_000001@fastran_driver@2|FRAMEWORK@Framework@0|201)
2026-04-28 07:40:04,245 fastran_driver_fastran_driver_2 DEBUG    _get_service_response(REQUEST|fastran_FPP_000001@fastran_driver@2|FRAMEWORK@Framework@0|201), response = ServiceResponseMessage(sender_id=FRAMEWORK@Framework@0, receiver_id=fastran_FPP_000001@fastran_driver@2, request_msg_id=REQUEST|fastran_FPP_000001@fastran_driver@2|FRAMEWORK@Framework@0|201,status=0, args=(<ipsframework.cca_es_spec.Topic object at 0x7fbe9a2a0250>,), message_id=RESPONSE|FRAMEWORK@Framework@0|fastran_FPP_000001@fastran_driver@2|556)
2026-04-28 07:40:04,245 fastran_driver_fastran_driver_2 DEBUG    _invoke_service(): sendEvent  ('_IPS_MONITOR', 'PORTALBRIDGE_UPDATE_TIMESTAMP', {'sim_name': 'fastran_FPP_000001', 'real_sim_name': 'fastran_FPP_000001', 'portal_data': {'phystimestamp': 4, 'eventtype': 'PORTALBRIDGE_UPDATE_TIMESTAMP'}})
2026-04-28 07:40:04,245 fastran_driver_fastran_driver_2 DEBUG    _get_service_response(REQUEST|fastran_FPP_000001@fastran_driver@2|FRAMEWORK@Framework@0|202)
2026-04-28 07:40:04,256 fastran_driver_fastran_driver_2 DEBUG    _get_service_response(REQUEST|fastran_FPP_000001@fastran_driver@2|FRAMEWORK@Framework@0|202), response = ServiceResponseMessage(sender_id=FRAMEWORK@Framework@0, receiver_id=fastran_FPP_000001@fastran_driver@2, request_msg_id=REQUEST|fastran_FPP_000001@fastran_driver@2|FRAMEWORK@Framework@0|202,status=0, args=(None,), message_id=RESPONSE|FRAMEWORK@Framework@0|fastran_FPP_000001@fastran_driver@2|557)
2026-04-28 07:40:04,256 fastran_driver_fastran_driver_2 DEBUG    _invoke_service(): getTopic  ('_IPS_MONITOR',)
2026-04-28 07:40:04,256 fastran_driver_fastran_driver_2 DEBUG    _get_service_response(REQUEST|fastran_FPP_000001@fastran_driver@2|FRAMEWORK@Framework@0|203)
2026-04-28 07:40:04,267 fastran_driver_fastran_driver_2 DEBUG    _get_service_response(REQUEST|fastran_FPP_000001@fastran_driver@2|FRAMEWORK@Framework@0|203), response = ServiceResponseMessage(sender_id=FRAMEWORK@Framework@0, receiver_id=fastran_FPP_000001@fastran_driver@2, request_msg_id=REQUEST|fastran_FPP_000001@fastran_driver@2|FRAMEWORK@Framework@0|203,status=0, args=(<ipsframework.cca_es_spec.Topic object at 0x7fbe9a2a0340>,), message_id=RESPONSE|FRAMEWORK@Framework@0|fastran_FPP_000001@fastran_driver@2|558)
2026-04-28 07:40:04,267 fastran_driver_fastran_driver_2 DEBUG    _invoke_service(): sendEvent  ('_IPS_MONITOR', 'PORTAL_EVENT', {'sim_name': 'fastran_FPP_000001', 'real_sim_name': 'fastran_FPP_000001', 'portal_data': {'code': 'fastran_driver_fastran_driver', 'eventtype': 'IPS_UPDATE_TIME_STAMP', 'ok': True, 'walltime': '91.82', 'time': '2026-04-28|07:40:04PDT', 'state': 'Running', 'comment': 'Timestamp = 4'}})
2026-04-28 07:40:04,267 fastran_driver_fastran_driver_2 DEBUG    _get_service_response(REQUEST|fastran_FPP_000001@fastran_driver@2|FRAMEWORK@Framework@0|204)
2026-04-28 07:40:04,278 fastran_driver_fastran_driver_2 DEBUG    _get_service_response(REQUEST|fastran_FPP_000001@fastran_driver@2|FRAMEWORK@Framework@0|204), response = ServiceResponseMessage(sender_id=FRAMEWORK@Framework@0, receiver_id=fastran_FPP_000001@fastran_driver@2, request_msg_id=REQUEST|fastran_FPP_000001@fastran_driver@2|FRAMEWORK@Framework@0|204,status=0, args=(None,), message_id=RESPONSE|FRAMEWORK@Framework@0|fastran_FPP_000001@fastran_driver@2|559)
2026-04-28 07:40:04,278 fastran_driver_fastran_driver_2 DEBUG    _invoke_service(): getTopic  ('_IPS_MONITOR',)
2026-04-28 07:40:04,278 fastran_driver_fastran_driver_2 DEBUG    _get_service_response(REQUEST|fastran_FPP_000001@fastran_driver@2|FRAMEWORK@Framework@0|205)
2026-04-28 07:40:04,289 fastran_driver_fastran_driver_2 DEBUG    _get_service_response(REQUEST|fastran_FPP_000001@fastran_driver@2|FRAMEWORK@Framework@0|205), response = ServiceResponseMessage(sender_id=FRAMEWORK@Framework@0, receiver_id=fastran_FPP_000001@fastran_driver@2, request_msg_id=REQUEST|fastran_FPP_000001@fastran_driver@2|FRAMEWORK@Framework@0|205,status=0, args=(<ipsframework.cca_es_spec.Topic object at 0x7fbe9a2a0370>,), message_id=RESPONSE|FRAMEWORK@Framework@0|fastran_FPP_000001@fastran_driver@2|560)
2026-04-28 07:40:04,289 fastran_driver_fastran_driver_2 DEBUG    _invoke_service(): sendEvent  ('_IPS_MONITOR', 'PORTAL_EVENT', {'sim_name': 'fastran_FPP_000001', 'real_sim_name': 'fastran_FPP_000001', 'portal_data': {'code': 'fastran_driver_fastran_driver', 'eventtype': 'IPS_CALL_BEGIN', 'ok': True, 'walltime': '91.84', 'time': '2026-04-28|07:40:04PDT', 'state': 'Running', 'comment': 'Target = fastran_FPP_000001@impurity_radiation@5:step(4)'}})
2026-04-28 07:40:04,289 fastran_driver_fastran_driver_2 DEBUG    _get_service_response(REQUEST|fastran_FPP_000001@fastran_driver@2|FRAMEWORK@Framework@0|206)
2026-04-28 07:40:04,300 fastran_driver_fastran_driver_2 DEBUG    _get_service_response(REQUEST|fastran_FPP_000001@fastran_driver@2|FRAMEWORK@Framework@0|206), response = ServiceResponseMessage(sender_id=FRAMEWORK@Framework@0, receiver_id=fastran_FPP_000001@fastran_driver@2, request_msg_id=REQUEST|fastran_FPP_000001@fastran_driver@2|FRAMEWORK@Framework@0|206,status=0, args=(None,), message_id=RESPONSE|FRAMEWORK@Framework@0|fastran_FPP_000001@fastran_driver@2|561)
2026-04-28 07:40:04,300 fastran_driver_fastran_driver_2 DEBUG    _invoke_service(): init_call  ('step', 4)
2026-04-28 07:40:04,300 fastran_driver_fastran_driver_2 DEBUG    _get_service_response(REQUEST|fastran_FPP_000001@fastran_driver@2|FRAMEWORK@Framework@0|207)
2026-04-28 07:40:04,301 fastran__impurity_radiation_5 DEBUG    Received Message 
2026-04-28 07:40:04,301 fastran__impurity_radiation_5 DEBUG    Calling method step(4)
2026-04-28 07:40:04,301 fastran__impurity_radiation_5 DEBUG    _invoke_service(): stage_state  (['s000001.00001', 'g000001.00001', 'i000001.00001'], '/pscratch/sd/h/hswils/github_repos/MANTA_DBSCANS/RAD_Kr_coronal/SCAN/work/plasma_state', '/pscratch/sd/h/hswils/github_repos/MANTA_DBSCANS/RAD_Kr_coronal/SCAN/work/fastran__impurity_radiation_5')
2026-04-28 07:40:04,301 fastran__impurity_radiation_5 DEBUG    _get_service_response(REQUEST|fastran_FPP_000001@impurity_radiation@5|FRAMEWORK@Framework@0|43)
2026-04-28 07:40:04,311 fastran_driver_fastran_driver_2 DEBUG    _get_service_response(REQUEST|fastran_FPP_000001@fastran_driver@2|FRAMEWORK@Framework@0|207), response = ServiceResponseMessage(sender_id=FRAMEWORK@Framework@0, receiver_id=fastran_FPP_000001@fastran_driver@2, request_msg_id=REQUEST|fastran_FPP_000001@fastran_driver@2|FRAMEWORK@Framework@0|207,status=0, args=(35,), message_id=RESPONSE|FRAMEWORK@Framework@0|fastran_FPP_000001@fastran_driver@2|562)
2026-04-28 07:40:04,311 fastran_driver_fastran_driver_2 DEBUG    _invoke_service(): wait_call  (35, True)
2026-04-28 07:40:04,311 fastran_driver_fastran_driver_2 DEBUG    _get_service_response(REQUEST|fastran_FPP_000001@fastran_driver@2|FRAMEWORK@Framework@0|208)
2026-04-28 07:40:04,322 fastran__impurity_radiation_5 DEBUG    _get_service_response(REQUEST|fastran_FPP_000001@impurity_radiation@5|FRAMEWORK@Framework@0|43), response = ServiceResponseMessage(sender_id=FRAMEWORK@Framework@0, receiver_id=fastran_FPP_000001@impurity_radiation@5, request_msg_id=REQUEST|fastran_FPP_000001@impurity_radiation@5|FRAMEWORK@Framework@0|43,status=0, args=(0,), message_id=RESPONSE|FRAMEWORK@Framework@0|fastran_FPP_000001@impurity_radiation@5|563)
2026-04-28 07:40:04,322 fastran__impurity_radiation_5 DEBUG    _invoke_service(): getTopic  ('_IPS_MONITOR',)
2026-04-28 07:40:04,322 fastran__impurity_radiation_5 DEBUG    _get_service_response(REQUEST|fastran_FPP_000001@impurity_radiation@5|FRAMEWORK@Framework@0|44)
2026-04-28 07:40:04,333 fastran__impurity_radiation_5 DEBUG    _get_service_response(REQUEST|fastran_FPP_000001@impurity_radiation@5|FRAMEWORK@Framework@0|44), response = ServiceResponseMessage(sender_id=FRAMEWORK@Framework@0, receiver_id=fastran_FPP_000001@impurity_radiation@5, request_msg_id=REQUEST|fastran_FPP_000001@impurity_radiation@5|FRAMEWORK@Framework@0|44,status=0, args=(<ipsframework.cca_es_spec.Topic object at 0x7fbe9a23a2b0>,), message_id=RESPONSE|FRAMEWORK@Framework@0|fastran_FPP_000001@impurity_radiation@5|564)
2026-04-28 07:40:04,333 fastran__impurity_radiation_5 DEBUG    _invoke_service(): sendEvent  ('_IPS_MONITOR', 'PORTAL_EVENT', {'sim_name': 'fastran_FPP_000001', 'real_sim_name': 'fastran_FPP_000001', 'portal_data': {'code': 'fastran__impurity_radiation', 'eventtype': 'IPS_STAGE_STATE', 'ok': True, 'walltime': '91.88', 'time': '2026-04-28|07:40:04PDT', 'trace': {'timestamp': 1777387204301676, 'duration': 21025, 'localEndpoint': {'serviceName': 'stage_state'}, 'name': "['s000001.00001', 'g000001.00001', 'i000001.00001']", 'id': '71885aecf25d7412', 'parentId': '220051d240fcdcac', 'tags': {}}, 'state': 'Running', 'comment': 'Elapsed time = 0.021  files = s000001.00001 g000001.00001 i000001.00001 Success'}})
2026-04-28 07:40:04,333 fastran__impurity_radiation_5 DEBUG    _get_service_response(REQUEST|fastran_FPP_000001@impurity_radiation@5|FRAMEWORK@Framework@0|45)
2026-04-28 07:40:04,344 fastran__impurity_radiation_5 DEBUG    _get_service_response(REQUEST|fastran_FPP_000001@impurity_radiation@5|FRAMEWORK@Framework@0|45), response = ServiceResponseMessage(sender_id=FRAMEWORK@Framework@0, receiver_id=fastran_FPP_000001@impurity_radiation@5, request_msg_id=REQUEST|fastran_FPP_000001@impurity_radiation@5|FRAMEWORK@Framework@0|45,status=0, args=(None,), message_id=RESPONSE|FRAMEWORK@Framework@0|fastran_FPP_000001@impurity_radiation@5|565)
2026-04-28 07:40:04,344 fastran__impurity_radiation_5 DEBUG    _invoke_service(): getTopic  ('_IPS_MONITOR',)
2026-04-28 07:40:04,344 fastran__impurity_radiation_5 DEBUG    _get_service_response(REQUEST|fastran_FPP_000001@impurity_radiation@5|FRAMEWORK@Framework@0|46)
2026-04-28 07:40:04,354 fastran__impurity_radiation_5 DEBUG    _get_service_response(REQUEST|fastran_FPP_000001@impurity_radiation@5|FRAMEWORK@Framework@0|46), response = ServiceResponseMessage(sender_id=FRAMEWORK@Framework@0, receiver_id=fastran_FPP_000001@impurity_radiation@5, request_msg_id=REQUEST|fastran_FPP_000001@impurity_radiation@5|FRAMEWORK@Framework@0|46,status=0, args=(<ipsframework.cca_es_spec.Topic object at 0x7fbe9a23a700>,), message_id=RESPONSE|FRAMEWORK@Framework@0|fastran_FPP_000001@impurity_radiation@5|566)
2026-04-28 07:40:04,354 fastran__impurity_radiation_5 DEBUG    _invoke_service(): sendEvent  ('_IPS_MONITOR', 'PORTAL_EVENT', {'sim_name': 'fastran_FPP_000001', 'real_sim_name': 'fastran_FPP_000001', 'portal_data': {'code': 'fastran__impurity_radiation', 'eventtype': 'IPS_STAGE_INPUTS', 'ok': True, 'walltime': '91.90', 'time': '2026-04-28|07:40:04PDT', 'trace': {'timestamp': 1777387204344161, 'duration': 45, 'localEndpoint': {'serviceName': 'stage_input_files'}, 'name': '', 'id': 'e70cb59b389672bf', 'parentId': '220051d240fcdcac', 'tags': {}}, 'state': 'Running', 'comment': 'Elapsed time = 0.000 Path = /pscratch/sd/h/hswils/github_repos/MANTA_DBSCANS/RAD_Kr_coronal/input Files = '}})
2026-04-28 07:40:04,355 fastran__impurity_radiation_5 DEBUG    _get_service_response(REQUEST|fastran_FPP_000001@impurity_radiation@5|FRAMEWORK@Framework@0|47)
2026-04-28 07:40:04,365 fastran__impurity_radiation_5 DEBUG    _get_service_response(REQUEST|fastran_FPP_000001@impurity_radiation@5|FRAMEWORK@Framework@0|47), response = ServiceResponseMessage(sender_id=FRAMEWORK@Framework@0, receiver_id=fastran_FPP_000001@impurity_radiation@5, request_msg_id=REQUEST|fastran_FPP_000001@impurity_radiation@5|FRAMEWORK@Framework@0|47,status=0, args=(None,), message_id=RESPONSE|FRAMEWORK@Framework@0|fastran_FPP_000001@impurity_radiation@5|567)
2026-04-28 07:40:04,552 fastran__impurity_radiation_5 DEBUG    _invoke_service(): update_state  (['s000001.00001', 'g000001.00001', 'i000001.00001'], '/pscratch/sd/h/hswils/github_repos/MANTA_DBSCANS/RAD_Kr_coronal/SCAN/work/fastran__impurity_radiation_5', '/pscratch/sd/h/hswils/github_repos/MANTA_DBSCANS/RAD_Kr_coronal/SCAN/work/plasma_state')
2026-04-28 07:40:04,552 fastran__impurity_radiation_5 DEBUG    _get_service_response(REQUEST|fastran_FPP_000001@impurity_radiation@5|FRAMEWORK@Framework@0|48)
2026-04-28 07:40:04,573 fastran__impurity_radiation_5 DEBUG    _get_service_response(REQUEST|fastran_FPP_000001@impurity_radiation@5|FRAMEWORK@Framework@0|48), response = ServiceResponseMessage(sender_id=FRAMEWORK@Framework@0, receiver_id=fastran_FPP_000001@impurity_radiation@5, request_msg_id=REQUEST|fastran_FPP_000001@impurity_radiation@5|FRAMEWORK@Framework@0|48,status=0, args=(0,), message_id=RESPONSE|FRAMEWORK@Framework@0|fastran_FPP_000001@impurity_radiation@5|569)
2026-04-28 07:40:04,573 fastran__impurity_radiation_5 DEBUG    _invoke_service(): getTopic  ('_IPS_MONITOR',)
2026-04-28 07:40:04,573 fastran__impurity_radiation_5 DEBUG    _get_service_response(REQUEST|fastran_FPP_000001@impurity_radiation@5|FRAMEWORK@Framework@0|49)
2026-04-28 07:40:04,584 fastran__impurity_radiation_5 DEBUG    _get_service_response(REQUEST|fastran_FPP_000001@impurity_radiation@5|FRAMEWORK@Framework@0|49), response = ServiceResponseMessage(sender_id=FRAMEWORK@Framework@0, receiver_id=fastran_FPP_000001@impurity_radiation@5, request_msg_id=REQUEST|fastran_FPP_000001@impurity_radiation@5|FRAMEWORK@Framework@0|49,status=0, args=(<ipsframework.cca_es_spec.Topic object at 0x7fbe9a23a850>,), message_id=RESPONSE|FRAMEWORK@Framework@0|fastran_FPP_000001@impurity_radiation@5|570)
2026-04-28 07:40:04,584 fastran__impurity_radiation_5 DEBUG    _invoke_service(): sendEvent  ('_IPS_MONITOR', 'PORTAL_EVENT', {'sim_name': 'fastran_FPP_000001', 'real_sim_name': 'fastran_FPP_000001', 'portal_data': {'code': 'fastran__impurity_radiation', 'eventtype': 'IPS_UPDATE_STATE', 'ok': True, 'walltime': '92.13', 'time': '2026-04-28|07:40:04PDT', 'trace': {'timestamp': 1777387204552355, 'duration': 21368, 'localEndpoint': {'serviceName': 'update_state'}, 'name': "['s000001.00001', 'g000001.00001', 'i000001.00001']", 'id': '7629e189a66153c0', 'parentId': '220051d240fcdcac', 'tags': {}}, 'state': 'Running', 'comment': 'Elapsed time = 0.021   files = s000001.00001 g000001.00001 i000001.00001 Success'}})
2026-04-28 07:40:04,584 fastran__impurity_radiation_5 DEBUG    _get_service_response(REQUEST|fastran_FPP_000001@impurity_radiation@5|FRAMEWORK@Framework@0|50)
2026-04-28 07:40:04,595 fastran__impurity_radiation_5 DEBUG    _get_service_response(REQUEST|fastran_FPP_000001@impurity_radiation@5|FRAMEWORK@Framework@0|50), response = ServiceResponseMessage(sender_id=FRAMEWORK@Framework@0, receiver_id=fastran_FPP_000001@impurity_radiation@5, request_msg_id=REQUEST|fastran_FPP_000001@impurity_radiation@5|FRAMEWORK@Framework@0|50,status=0, args=(None,), message_id=RESPONSE|FRAMEWORK@Framework@0|fastran_FPP_000001@impurity_radiation@5|571)
2026-04-28 07:40:04,595 fastran__impurity_radiation_5 DEBUG    _invoke_service(): getTopic  ('_IPS_MONITOR',)
2026-04-28 07:40:04,595 fastran__impurity_radiation_5 DEBUG    _get_service_response(REQUEST|fastran_FPP_000001@impurity_radiation@5|FRAMEWORK@Framework@0|51)
2026-04-28 07:40:04,605 fastran__impurity_radiation_5 DEBUG    _get_service_response(REQUEST|fastran_FPP_000001@impurity_radiation@5|FRAMEWORK@Framework@0|51), response = ServiceResponseMessage(sender_id=FRAMEWORK@Framework@0, receiver_id=fastran_FPP_000001@impurity_radiation@5, request_msg_id=REQUEST|fastran_FPP_000001@impurity_radiation@5|FRAMEWORK@Framework@0|51,status=0, args=(<ipsframework.cca_es_spec.Topic object at 0x7fbe9a23a790>,), message_id=RESPONSE|FRAMEWORK@Framework@0|fastran_FPP_000001@impurity_radiation@5|572)
2026-04-28 07:40:04,605 fastran__impurity_radiation_5 DEBUG    _invoke_service(): sendEvent  ('_IPS_MONITOR', 'PORTAL_EVENT', {'sim_name': 'fastran_FPP_000001', 'real_sim_name': 'fastran_FPP_000001', 'portal_data': {'code': 'fastran__impurity_radiation', 'eventtype': 'IPS_STAGE_OUTPUTS', 'ok': True, 'walltime': '92.15', 'time': '2026-04-28|07:40:04PDT', 'trace': {'timestamp': 1777387204595134, 'duration': 244, 'localEndpoint': {'serviceName': 'stage_output_files'}, 'name': '[]', 'id': 'ed019efe11be26d9', 'parentId': '220051d240fcdcac', 'tags': {}}, 'state': 'Running', 'comment': 'Elapsed time = 0.000 Path = /pscratch/sd/h/hswils/github_repos/MANTA_DBSCANS/RAD_Kr_coronal/SCAN/simulation_results/4/components/fastran__impurity_radiation_5 Files = []'}})
2026-04-28 07:40:04,606 fastran__impurity_radiation_5 DEBUG    _get_service_response(REQUEST|fastran_FPP_000001@impurity_radiation@5|FRAMEWORK@Framework@0|52)
2026-04-28 07:40:04,616 fastran__impurity_radiation_5 DEBUG    _get_service_response(REQUEST|fastran_FPP_000001@impurity_radiation@5|FRAMEWORK@Framework@0|52), response = ServiceResponseMessage(sender_id=FRAMEWORK@Framework@0, receiver_id=fastran_FPP_000001@impurity_radiation@5, request_msg_id=REQUEST|fastran_FPP_000001@impurity_radiation@5|FRAMEWORK@Framework@0|52,status=0, args=(None,), message_id=RESPONSE|FRAMEWORK@Framework@0|fastran_FPP_000001@impurity_radiation@5|573)
2026-04-28 07:40:04,627 fastran_driver_fastran_driver_2 DEBUG    _get_service_response(REQUEST|fastran_FPP_000001@fastran_driver@2|FRAMEWORK@Framework@0|208), response = ServiceResponseMessage(sender_id=FRAMEWORK@Framework@0, receiver_id=fastran_FPP_000001@fastran_driver@2, request_msg_id=REQUEST|fastran_FPP_000001@fastran_driver@2|FRAMEWORK@Framework@0|208,status=0, args=((None,),), message_id=RESPONSE|FRAMEWORK@Framework@0|fastran_FPP_000001@fastran_driver@2|574)
2026-04-28 07:40:04,627 fastran_driver_fastran_driver_2 DEBUG    _invoke_service(): getTopic  ('_IPS_MONITOR',)
2026-04-28 07:40:04,627 fastran_driver_fastran_driver_2 DEBUG    _get_service_response(REQUEST|fastran_FPP_000001@fastran_driver@2|FRAMEWORK@Framework@0|209)
2026-04-28 07:40:04,638 fastran_driver_fastran_driver_2 DEBUG    _get_service_response(REQUEST|fastran_FPP_000001@fastran_driver@2|FRAMEWORK@Framework@0|209), response = ServiceResponseMessage(sender_id=FRAMEWORK@Framework@0, receiver_id=fastran_FPP_000001@fastran_driver@2, request_msg_id=REQUEST|fastran_FPP_000001@fastran_driver@2|FRAMEWORK@Framework@0|209,status=0, args=(<ipsframework.cca_es_spec.Topic object at 0x7fbe9a2a01c0>,), message_id=RESPONSE|FRAMEWORK@Framework@0|fastran_FPP_000001@fastran_driver@2|575)
2026-04-28 07:40:04,638 fastran_driver_fastran_driver_2 DEBUG    _invoke_service(): sendEvent  ('_IPS_MONITOR', 'PORTAL_EVENT', {'sim_name': 'fastran_FPP_000001', 'real_sim_name': 'fastran_FPP_000001', 'portal_data': {'code': 'fastran_driver_fastran_driver', 'eventtype': 'IPS_CALL_END', 'ok': True, 'walltime': '92.19', 'time': '2026-04-28|07:40:04PDT', 'trace': {'timestamp': 1777387204311526, 'duration': 316101, 'localEndpoint': {'serviceName': 'fastran_FPP_000001@impurity_radiation@5'}, 'name': 'step(4)', 'id': '220051d240fcdcac', 'parentId': 'f899e3e5886669ce', 'tags': {}}, 'state': 'Running', 'comment': 'Target = fastran_FPP_000001@impurity_radiation@5:step(4)'}})
2026-04-28 07:40:04,638 fastran_driver_fastran_driver_2 DEBUG    _get_service_response(REQUEST|fastran_FPP_000001@fastran_driver@2|FRAMEWORK@Framework@0|210)
2026-04-28 07:40:04,649 fastran_driver_fastran_driver_2 DEBUG    _get_service_response(REQUEST|fastran_FPP_000001@fastran_driver@2|FRAMEWORK@Framework@0|210), response = ServiceResponseMessage(sender_id=FRAMEWORK@Framework@0, receiver_id=fastran_FPP_000001@fastran_driver@2, request_msg_id=REQUEST|fastran_FPP_000001@fastran_driver@2|FRAMEWORK@Framework@0|210,status=0, args=(None,), message_id=RESPONSE|FRAMEWORK@Framework@0|fastran_FPP_000001@fastran_driver@2|576)
2026-04-28 07:40:04,649 fastran_driver_fastran_driver_2 DEBUG    _invoke_service(): getTopic  ('_IPS_MONITOR',)
2026-04-28 07:40:04,649 fastran_driver_fastran_driver_2 DEBUG    _get_service_response(REQUEST|fastran_FPP_000001@fastran_driver@2|FRAMEWORK@Framework@0|211)
2026-04-28 07:40:04,660 fastran_driver_fastran_driver_2 DEBUG    _get_service_response(REQUEST|fastran_FPP_000001@fastran_driver@2|FRAMEWORK@Framework@0|211), response = ServiceResponseMessage(sender_id=FRAMEWORK@Framework@0, receiver_id=fastran_FPP_000001@fastran_driver@2, request_msg_id=REQUEST|fastran_FPP_000001@fastran_driver@2|FRAMEWORK@Framework@0|211,status=0, args=(<ipsframework.cca_es_spec.Topic object at 0x7fbe9a2a0280>,), message_id=RESPONSE|FRAMEWORK@Framework@0|fastran_FPP_000001@fastran_driver@2|577)
2026-04-28 07:40:04,660 fastran_driver_fastran_driver_2 DEBUG    _invoke_service(): sendEvent  ('_IPS_MONITOR', 'PORTAL_EVENT', {'sim_name': 'fastran_FPP_000001', 'real_sim_name': 'fastran_FPP_000001', 'portal_data': {'code': 'fastran_driver_fastran_driver', 'eventtype': 'IPS_CALL_BEGIN', 'ok': True, 'walltime': '92.21', 'time': '2026-04-28|07:40:04PDT', 'state': 'Running', 'comment': 'Target = fastran_FPP_000001@hcd_model@6:step(4)'}})
2026-04-28 07:40:04,660 fastran_driver_fastran_driver_2 DEBUG    _get_service_response(REQUEST|fastran_FPP_000001@fastran_driver@2|FRAMEWORK@Framework@0|212)
2026-04-28 07:40:04,671 fastran_driver_fastran_driver_2 DEBUG    _get_service_response(REQUEST|fastran_FPP_000001@fastran_driver@2|FRAMEWORK@Framework@0|212), response = ServiceResponseMessage(sender_id=FRAMEWORK@Framework@0, receiver_id=fastran_FPP_000001@fastran_driver@2, request_msg_id=REQUEST|fastran_FPP_000001@fastran_driver@2|FRAMEWORK@Framework@0|212,status=0, args=(None,), message_id=RESPONSE|FRAMEWORK@Framework@0|fastran_FPP_000001@fastran_driver@2|578)
2026-04-28 07:40:04,671 fastran_driver_fastran_driver_2 DEBUG    _invoke_service(): init_call  ('step', 4)
2026-04-28 07:40:04,671 fastran_driver_fastran_driver_2 DEBUG    _get_service_response(REQUEST|fastran_FPP_000001@fastran_driver@2|FRAMEWORK@Framework@0|213)
2026-04-28 07:40:04,672 fastran_ic_hcd_model_6 DEBUG    Received Message 
2026-04-28 07:40:04,672 fastran_ic_hcd_model_6 DEBUG    Calling method step(4)
2026-04-28 07:40:04,673 fastran_ic_hcd_model_6 DEBUG    _invoke_service(): stage_state  (['s000001.00001', 'g000001.00001', 'i000001.00001'], '/pscratch/sd/h/hswils/github_repos/MANTA_DBSCANS/RAD_Kr_coronal/SCAN/work/plasma_state', '/pscratch/sd/h/hswils/github_repos/MANTA_DBSCANS/RAD_Kr_coronal/SCAN/work/fastran_ic_hcd_model_6')
2026-04-28 07:40:04,673 fastran_ic_hcd_model_6 DEBUG    _get_service_response(REQUEST|fastran_FPP_000001@hcd_model@6|FRAMEWORK@Framework@0|40)
2026-04-28 07:40:04,682 fastran_driver_fastran_driver_2 DEBUG    _get_service_response(REQUEST|fastran_FPP_000001@fastran_driver@2|FRAMEWORK@Framework@0|213), response = ServiceResponseMessage(sender_id=FRAMEWORK@Framework@0, receiver_id=fastran_FPP_000001@fastran_driver@2, request_msg_id=REQUEST|fastran_FPP_000001@fastran_driver@2|FRAMEWORK@Framework@0|213,status=0, args=(36,), message_id=RESPONSE|FRAMEWORK@Framework@0|fastran_FPP_000001@fastran_driver@2|579)
2026-04-28 07:40:04,682 fastran_driver_fastran_driver_2 DEBUG    _invoke_service(): wait_call  (36, True)
2026-04-28 07:40:04,682 fastran_driver_fastran_driver_2 DEBUG    _get_service_response(REQUEST|fastran_FPP_000001@fastran_driver@2|FRAMEWORK@Framework@0|214)
2026-04-28 07:40:04,694 fastran_ic_hcd_model_6 DEBUG    _get_service_response(REQUEST|fastran_FPP_000001@hcd_model@6|FRAMEWORK@Framework@0|40), response = ServiceResponseMessage(sender_id=FRAMEWORK@Framework@0, receiver_id=fastran_FPP_000001@hcd_model@6, request_msg_id=REQUEST|fastran_FPP_000001@hcd_model@6|FRAMEWORK@Framework@0|40,status=0, args=(0,), message_id=RESPONSE|FRAMEWORK@Framework@0|fastran_FPP_000001@hcd_model@6|580)
2026-04-28 07:40:04,694 fastran_ic_hcd_model_6 DEBUG    _invoke_service(): getTopic  ('_IPS_MONITOR',)
2026-04-28 07:40:04,694 fastran_ic_hcd_model_6 DEBUG    _get_service_response(REQUEST|fastran_FPP_000001@hcd_model@6|FRAMEWORK@Framework@0|41)
2026-04-28 07:40:04,705 fastran_ic_hcd_model_6 DEBUG    _get_service_response(REQUEST|fastran_FPP_000001@hcd_model@6|FRAMEWORK@Framework@0|41), response = ServiceResponseMessage(sender_id=FRAMEWORK@Framework@0, receiver_id=fastran_FPP_000001@hcd_model@6, request_msg_id=REQUEST|fastran_FPP_000001@hcd_model@6|FRAMEWORK@Framework@0|41,status=0, args=(<ipsframework.cca_es_spec.Topic object at 0x7fbe9a236730>,), message_id=RESPONSE|FRAMEWORK@Framework@0|fastran_FPP_000001@hcd_model@6|581)
2026-04-28 07:40:04,705 fastran_ic_hcd_model_6 DEBUG    _invoke_service(): sendEvent  ('_IPS_MONITOR', 'PORTAL_EVENT', {'sim_name': 'fastran_FPP_000001', 'real_sim_name': 'fastran_FPP_000001', 'portal_data': {'code': 'fastran_ic_hcd_model', 'eventtype': 'IPS_STAGE_STATE', 'ok': True, 'walltime': '92.25', 'time': '2026-04-28|07:40:04PDT', 'trace': {'timestamp': 1777387204672989, 'duration': 21666, 'localEndpoint': {'serviceName': 'stage_state'}, 'name': "['s000001.00001', 'g000001.00001', 'i000001.00001']", 'id': '71885aecf25d7412', 'parentId': '9c8df1b3f216d019', 'tags': {}}, 'state': 'Running', 'comment': 'Elapsed time = 0.022  files = s000001.00001 g000001.00001 i000001.00001 Success'}})
2026-04-28 07:40:04,705 fastran_ic_hcd_model_6 DEBUG    _get_service_response(REQUEST|fastran_FPP_000001@hcd_model@6|FRAMEWORK@Framework@0|42)
2026-04-28 07:40:04,716 fastran_ic_hcd_model_6 DEBUG    _get_service_response(REQUEST|fastran_FPP_000001@hcd_model@6|FRAMEWORK@Framework@0|42), response = ServiceResponseMessage(sender_id=FRAMEWORK@Framework@0, receiver_id=fastran_FPP_000001@hcd_model@6, request_msg_id=REQUEST|fastran_FPP_000001@hcd_model@6|FRAMEWORK@Framework@0|42,status=0, args=(None,), message_id=RESPONSE|FRAMEWORK@Framework@0|fastran_FPP_000001@hcd_model@6|582)
2026-04-28 07:40:04,720 fastran_ic_hcd_model_6 DEBUG    _invoke_service(): getTopic  ('_IPS_MONITOR',)
2026-04-28 07:40:04,721 fastran_ic_hcd_model_6 DEBUG    _get_service_response(REQUEST|fastran_FPP_000001@hcd_model@6|FRAMEWORK@Framework@0|43)
2026-04-28 07:40:04,731 fastran_ic_hcd_model_6 DEBUG    _get_service_response(REQUEST|fastran_FPP_000001@hcd_model@6|FRAMEWORK@Framework@0|43), response = ServiceResponseMessage(sender_id=FRAMEWORK@Framework@0, receiver_id=fastran_FPP_000001@hcd_model@6, request_msg_id=REQUEST|fastran_FPP_000001@hcd_model@6|FRAMEWORK@Framework@0|43,status=0, args=(<ipsframework.cca_es_spec.Topic object at 0x7fbe9a236490>,), message_id=RESPONSE|FRAMEWORK@Framework@0|fastran_FPP_000001@hcd_model@6|583)
2026-04-28 07:40:04,731 fastran_ic_hcd_model_6 DEBUG    _invoke_service(): sendEvent  ('_IPS_MONITOR', 'PORTAL_EVENT', {'sim_name': 'fastran_FPP_000001', 'real_sim_name': 'fastran_FPP_000001', 'portal_data': {'code': 'fastran_ic_hcd_model', 'eventtype': 'IPS_STAGE_INPUTS', 'ok': True, 'walltime': '92.28', 'time': '2026-04-28|07:40:04PDT', 'trace': {'timestamp': 1777387204716080, 'duration': 4855, 'localEndpoint': {'serviceName': 'stage_input_files'}, 'name': 'inhcd', 'id': '5ee53c28a9607896', 'parentId': '9c8df1b3f216d019', 'tags': {}}, 'state': 'Running', 'comment': 'Elapsed time = 0.005 Path = /pscratch/sd/h/hswils/github_repos/MANTA_DBSCANS/RAD_Kr_coronal/input Files = inhcd'}})
2026-04-28 07:40:04,731 fastran_ic_hcd_model_6 DEBUG    _get_service_response(REQUEST|fastran_FPP_000001@hcd_model@6|FRAMEWORK@Framework@0|44)
2026-04-28 07:40:04,741 fastran_ic_hcd_model_6 DEBUG    _get_service_response(REQUEST|fastran_FPP_000001@hcd_model@6|FRAMEWORK@Framework@0|44), response = ServiceResponseMessage(sender_id=FRAMEWORK@Framework@0, receiver_id=fastran_FPP_000001@hcd_model@6, request_msg_id=REQUEST|fastran_FPP_000001@hcd_model@6|FRAMEWORK@Framework@0|44,status=0, args=(None,), message_id=RESPONSE|FRAMEWORK@Framework@0|fastran_FPP_000001@hcd_model@6|584)
2026-04-28 07:40:04,866 fastran_ic_hcd_model_6 DEBUG    _invoke_service(): update_state  (['s000001.00001', 'g000001.00001', 'i000001.00001'], '/pscratch/sd/h/hswils/github_repos/MANTA_DBSCANS/RAD_Kr_coronal/SCAN/work/fastran_ic_hcd_model_6', '/pscratch/sd/h/hswils/github_repos/MANTA_DBSCANS/RAD_Kr_coronal/SCAN/work/plasma_state')
2026-04-28 07:40:04,866 fastran_ic_hcd_model_6 DEBUG    _get_service_response(REQUEST|fastran_FPP_000001@hcd_model@6|FRAMEWORK@Framework@0|45)
2026-04-28 07:40:04,887 fastran_ic_hcd_model_6 DEBUG    _get_service_response(REQUEST|fastran_FPP_000001@hcd_model@6|FRAMEWORK@Framework@0|45), response = ServiceResponseMessage(sender_id=FRAMEWORK@Framework@0, receiver_id=fastran_FPP_000001@hcd_model@6, request_msg_id=REQUEST|fastran_FPP_000001@hcd_model@6|FRAMEWORK@Framework@0|45,status=0, args=(0,), message_id=RESPONSE|FRAMEWORK@Framework@0|fastran_FPP_000001@hcd_model@6|585)
2026-04-28 07:40:04,887 fastran_ic_hcd_model_6 DEBUG    _invoke_service(): getTopic  ('_IPS_MONITOR',)
2026-04-28 07:40:04,887 fastran_ic_hcd_model_6 DEBUG    _get_service_response(REQUEST|fastran_FPP_000001@hcd_model@6|FRAMEWORK@Framework@0|46)
2026-04-28 07:40:04,898 fastran_ic_hcd_model_6 DEBUG    _get_service_response(REQUEST|fastran_FPP_000001@hcd_model@6|FRAMEWORK@Framework@0|46), response = ServiceResponseMessage(sender_id=FRAMEWORK@Framework@0, receiver_id=fastran_FPP_000001@hcd_model@6, request_msg_id=REQUEST|fastran_FPP_000001@hcd_model@6|FRAMEWORK@Framework@0|46,status=0, args=(<ipsframework.cca_es_spec.Topic object at 0x7fbe9a2364c0>,), message_id=RESPONSE|FRAMEWORK@Framework@0|fastran_FPP_000001@hcd_model@6|586)
2026-04-28 07:40:04,898 fastran_ic_hcd_model_6 DEBUG    _invoke_service(): sendEvent  ('_IPS_MONITOR', 'PORTAL_EVENT', {'sim_name': 'fastran_FPP_000001', 'real_sim_name': 'fastran_FPP_000001', 'portal_data': {'code': 'fastran_ic_hcd_model', 'eventtype': 'IPS_UPDATE_STATE', 'ok': True, 'walltime': '92.45', 'time': '2026-04-28|07:40:04PDT', 'trace': {'timestamp': 1777387204866194, 'duration': 21286, 'localEndpoint': {'serviceName': 'update_state'}, 'name': "['s000001.00001', 'g000001.00001', 'i000001.00001']", 'id': '7629e189a66153c0', 'parentId': '9c8df1b3f216d019', 'tags': {}}, 'state': 'Running', 'comment': 'Elapsed time = 0.021   files = s000001.00001 g000001.00001 i000001.00001 Success'}})
2026-04-28 07:40:04,898 fastran_ic_hcd_model_6 DEBUG    _get_service_response(REQUEST|fastran_FPP_000001@hcd_model@6|FRAMEWORK@Framework@0|47)
2026-04-28 07:40:04,908 fastran_ic_hcd_model_6 DEBUG    _get_service_response(REQUEST|fastran_FPP_000001@hcd_model@6|FRAMEWORK@Framework@0|47), response = ServiceResponseMessage(sender_id=FRAMEWORK@Framework@0, receiver_id=fastran_FPP_000001@hcd_model@6, request_msg_id=REQUEST|fastran_FPP_000001@hcd_model@6|FRAMEWORK@Framework@0|47,status=0, args=(None,), message_id=RESPONSE|FRAMEWORK@Framework@0|fastran_FPP_000001@hcd_model@6|587)
2026-04-28 07:40:04,909 fastran_ic_hcd_model_6 DEBUG    _invoke_service(): getTopic  ('_IPS_MONITOR',)
2026-04-28 07:40:04,909 fastran_ic_hcd_model_6 DEBUG    _get_service_response(REQUEST|fastran_FPP_000001@hcd_model@6|FRAMEWORK@Framework@0|48)
2026-04-28 07:40:04,919 fastran_ic_hcd_model_6 DEBUG    _get_service_response(REQUEST|fastran_FPP_000001@hcd_model@6|FRAMEWORK@Framework@0|48), response = ServiceResponseMessage(sender_id=FRAMEWORK@Framework@0, receiver_id=fastran_FPP_000001@hcd_model@6, request_msg_id=REQUEST|fastran_FPP_000001@hcd_model@6|FRAMEWORK@Framework@0|48,status=0, args=(<ipsframework.cca_es_spec.Topic object at 0x7fbe9a2366d0>,), message_id=RESPONSE|FRAMEWORK@Framework@0|fastran_FPP_000001@hcd_model@6|588)
2026-04-28 07:40:04,919 fastran_ic_hcd_model_6 DEBUG    _invoke_service(): sendEvent  ('_IPS_MONITOR', 'PORTAL_EVENT', {'sim_name': 'fastran_FPP_000001', 'real_sim_name': 'fastran_FPP_000001', 'portal_data': {'code': 'fastran_ic_hcd_model', 'eventtype': 'IPS_STAGE_OUTPUTS', 'ok': True, 'walltime': '92.47', 'time': '2026-04-28|07:40:04PDT', 'trace': {'timestamp': 1777387204908967, 'duration': 229, 'localEndpoint': {'serviceName': 'stage_output_files'}, 'name': '[]', 'id': 'ed019efe11be26d9', 'parentId': '9c8df1b3f216d019', 'tags': {}}, 'state': 'Running', 'comment': 'Elapsed time = 0.000 Path = /pscratch/sd/h/hswils/github_repos/MANTA_DBSCANS/RAD_Kr_coronal/SCAN/simulation_results/4/components/fastran_ic_hcd_model_6 Files = []'}})
2026-04-28 07:40:04,920 fastran_ic_hcd_model_6 DEBUG    _get_service_response(REQUEST|fastran_FPP_000001@hcd_model@6|FRAMEWORK@Framework@0|49)
2026-04-28 07:40:04,930 fastran_ic_hcd_model_6 DEBUG    _get_service_response(REQUEST|fastran_FPP_000001@hcd_model@6|FRAMEWORK@Framework@0|49), response = ServiceResponseMessage(sender_id=FRAMEWORK@Framework@0, receiver_id=fastran_FPP_000001@hcd_model@6, request_msg_id=REQUEST|fastran_FPP_000001@hcd_model@6|FRAMEWORK@Framework@0|49,status=0, args=(None,), message_id=RESPONSE|FRAMEWORK@Framework@0|fastran_FPP_000001@hcd_model@6|589)
2026-04-28 07:40:04,941 fastran_driver_fastran_driver_2 DEBUG    _get_service_response(REQUEST|fastran_FPP_000001@fastran_driver@2|FRAMEWORK@Framework@0|214), response = ServiceResponseMessage(sender_id=FRAMEWORK@Framework@0, receiver_id=fastran_FPP_000001@fastran_driver@2, request_msg_id=REQUEST|fastran_FPP_000001@fastran_driver@2|FRAMEWORK@Framework@0|214,status=0, args=((None,),), message_id=RESPONSE|FRAMEWORK@Framework@0|fastran_FPP_000001@fastran_driver@2|590)
2026-04-28 07:40:04,941 fastran_driver_fastran_driver_2 DEBUG    _invoke_service(): getTopic  ('_IPS_MONITOR',)
2026-04-28 07:40:04,941 fastran_driver_fastran_driver_2 DEBUG    _get_service_response(REQUEST|fastran_FPP_000001@fastran_driver@2|FRAMEWORK@Framework@0|215)
2026-04-28 07:40:04,952 fastran_driver_fastran_driver_2 DEBUG    _get_service_response(REQUEST|fastran_FPP_000001@fastran_driver@2|FRAMEWORK@Framework@0|215), response = ServiceResponseMessage(sender_id=FRAMEWORK@Framework@0, receiver_id=fastran_FPP_000001@fastran_driver@2, request_msg_id=REQUEST|fastran_FPP_000001@fastran_driver@2|FRAMEWORK@Framework@0|215,status=0, args=(<ipsframework.cca_es_spec.Topic object at 0x7fbe9a2a0370>,), message_id=RESPONSE|FRAMEWORK@Framework@0|fastran_FPP_000001@fastran_driver@2|591)
2026-04-28 07:40:04,952 fastran_driver_fastran_driver_2 DEBUG    _invoke_service(): sendEvent  ('_IPS_MONITOR', 'PORTAL_EVENT', {'sim_name': 'fastran_FPP_000001', 'real_sim_name': 'fastran_FPP_000001', 'portal_data': {'code': 'fastran_driver_fastran_driver', 'eventtype': 'IPS_CALL_END', 'ok': True, 'walltime': '92.50', 'time': '2026-04-28|07:40:04PDT', 'trace': {'timestamp': 1777387204682541, 'duration': 258985, 'localEndpoint': {'serviceName': 'fastran_FPP_000001@hcd_model@6'}, 'name': 'step(4)', 'id': '9c8df1b3f216d019', 'parentId': 'f899e3e5886669ce', 'tags': {}}, 'state': 'Running', 'comment': 'Target = fastran_FPP_000001@hcd_model@6:step(4)'}})
2026-04-28 07:40:04,952 fastran_driver_fastran_driver_2 DEBUG    _get_service_response(REQUEST|fastran_FPP_000001@fastran_driver@2|FRAMEWORK@Framework@0|216)
2026-04-28 07:40:04,963 fastran_driver_fastran_driver_2 DEBUG    _get_service_response(REQUEST|fastran_FPP_000001@fastran_driver@2|FRAMEWORK@Framework@0|216), response = ServiceResponseMessage(sender_id=FRAMEWORK@Framework@0, receiver_id=fastran_FPP_000001@fastran_driver@2, request_msg_id=REQUEST|fastran_FPP_000001@fastran_driver@2|FRAMEWORK@Framework@0|216,status=0, args=(None,), message_id=RESPONSE|FRAMEWORK@Framework@0|fastran_FPP_000001@fastran_driver@2|592)
2026-04-28 07:40:04,963 fastran_driver_fastran_driver_2 DEBUG    _invoke_service(): getTopic  ('_IPS_MONITOR',)
2026-04-28 07:40:04,963 fastran_driver_fastran_driver_2 DEBUG    _get_service_response(REQUEST|fastran_FPP_000001@fastran_driver@2|FRAMEWORK@Framework@0|217)
2026-04-28 07:40:04,974 fastran_driver_fastran_driver_2 DEBUG    _get_service_response(REQUEST|fastran_FPP_000001@fastran_driver@2|FRAMEWORK@Framework@0|217), response = ServiceResponseMessage(sender_id=FRAMEWORK@Framework@0, receiver_id=fastran_FPP_000001@fastran_driver@2, request_msg_id=REQUEST|fastran_FPP_000001@fastran_driver@2|FRAMEWORK@Framework@0|217,status=0, args=(<ipsframework.cca_es_spec.Topic object at 0x7fbe9a2a0340>,), message_id=RESPONSE|FRAMEWORK@Framework@0|fastran_FPP_000001@fastran_driver@2|593)
2026-04-28 07:40:04,974 fastran_driver_fastran_driver_2 DEBUG    _invoke_service(): sendEvent  ('_IPS_MONITOR', 'PORTAL_EVENT', {'sim_name': 'fastran_FPP_000001', 'real_sim_name': 'fastran_FPP_000001', 'portal_data': {'code': 'fastran_driver_fastran_driver', 'eventtype': 'IPS_CALL_BEGIN', 'ok': True, 'walltime': '92.52', 'time': '2026-04-28|07:40:04PDT', 'state': 'Running', 'comment': 'Target = fastran_FPP_000001@efit@7:step(4)'}})
2026-04-28 07:40:04,974 fastran_driver_fastran_driver_2 DEBUG    _get_service_response(REQUEST|fastran_FPP_000001@fastran_driver@2|FRAMEWORK@Framework@0|218)
2026-04-28 07:40:04,985 fastran_driver_fastran_driver_2 DEBUG    _get_service_response(REQUEST|fastran_FPP_000001@fastran_driver@2|FRAMEWORK@Framework@0|218), response = ServiceResponseMessage(sender_id=FRAMEWORK@Framework@0, receiver_id=fastran_FPP_000001@fastran_driver@2, request_msg_id=REQUEST|fastran_FPP_000001@fastran_driver@2|FRAMEWORK@Framework@0|218,status=0, args=(None,), message_id=RESPONSE|FRAMEWORK@Framework@0|fastran_FPP_000001@fastran_driver@2|594)
2026-04-28 07:40:04,985 fastran_driver_fastran_driver_2 DEBUG    _invoke_service(): init_call  ('step', 4)
2026-04-28 07:40:04,985 fastran_driver_fastran_driver_2 DEBUG    _get_service_response(REQUEST|fastran_FPP_000001@fastran_driver@2|FRAMEWORK@Framework@0|219)
2026-04-28 07:40:04,986 fastran_eq_efit_7 DEBUG    Received Message 
2026-04-28 07:40:04,986 fastran_eq_efit_7 DEBUG    Calling method step(4)
2026-04-28 07:40:04,987 fastran_eq_efit_7 DEBUG    _invoke_service(): stage_state  (['s000001.00001', 'g000001.00001', 'i000001.00001'], '/pscratch/sd/h/hswils/github_repos/MANTA_DBSCANS/RAD_Kr_coronal/SCAN/work/plasma_state', '/pscratch/sd/h/hswils/github_repos/MANTA_DBSCANS/RAD_Kr_coronal/SCAN/work/fastran_eq_efit_7')
2026-04-28 07:40:04,987 fastran_eq_efit_7 DEBUG    _get_service_response(REQUEST|fastran_FPP_000001@efit@7|FRAMEWORK@Framework@0|32)
2026-04-28 07:40:04,996 fastran_driver_fastran_driver_2 DEBUG    _get_service_response(REQUEST|fastran_FPP_000001@fastran_driver@2|FRAMEWORK@Framework@0|219), response = ServiceResponseMessage(sender_id=FRAMEWORK@Framework@0, receiver_id=fastran_FPP_000001@fastran_driver@2, request_msg_id=REQUEST|fastran_FPP_000001@fastran_driver@2|FRAMEWORK@Framework@0|219,status=0, args=(37,), message_id=RESPONSE|FRAMEWORK@Framework@0|fastran_FPP_000001@fastran_driver@2|596)
2026-04-28 07:40:04,996 fastran_driver_fastran_driver_2 DEBUG    _invoke_service(): wait_call  (37, True)
2026-04-28 07:40:04,996 fastran_driver_fastran_driver_2 DEBUG    _get_service_response(REQUEST|fastran_FPP_000001@fastran_driver@2|FRAMEWORK@Framework@0|220)
2026-04-28 07:40:05,009 fastran_eq_efit_7 DEBUG    _get_service_response(REQUEST|fastran_FPP_000001@efit@7|FRAMEWORK@Framework@0|32), response = ServiceResponseMessage(sender_id=FRAMEWORK@Framework@0, receiver_id=fastran_FPP_000001@efit@7, request_msg_id=REQUEST|fastran_FPP_000001@efit@7|FRAMEWORK@Framework@0|32,status=0, args=(0,), message_id=RESPONSE|FRAMEWORK@Framework@0|fastran_FPP_000001@efit@7|597)
2026-04-28 07:40:05,009 fastran_eq_efit_7 DEBUG    _invoke_service(): getTopic  ('_IPS_MONITOR',)
2026-04-28 07:40:05,009 fastran_eq_efit_7 DEBUG    _get_service_response(REQUEST|fastran_FPP_000001@efit@7|FRAMEWORK@Framework@0|33)
2026-04-28 07:40:05,019 fastran_eq_efit_7 DEBUG    _get_service_response(REQUEST|fastran_FPP_000001@efit@7|FRAMEWORK@Framework@0|33), response = ServiceResponseMessage(sender_id=FRAMEWORK@Framework@0, receiver_id=fastran_FPP_000001@efit@7, request_msg_id=REQUEST|fastran_FPP_000001@efit@7|FRAMEWORK@Framework@0|33,status=0, args=(<ipsframework.cca_es_spec.Topic object at 0x7fbe9a2310d0>,), message_id=RESPONSE|FRAMEWORK@Framework@0|fastran_FPP_000001@efit@7|598)
2026-04-28 07:40:05,019 fastran_eq_efit_7 DEBUG    _invoke_service(): sendEvent  ('_IPS_MONITOR', 'PORTAL_EVENT', {'sim_name': 'fastran_FPP_000001', 'real_sim_name': 'fastran_FPP_000001', 'portal_data': {'code': 'fastran_eq_efit', 'eventtype': 'IPS_STAGE_STATE', 'ok': True, 'walltime': '92.57', 'time': '2026-04-28|07:40:05PDT', 'trace': {'timestamp': 1777387204987366, 'duration': 21725, 'localEndpoint': {'serviceName': 'stage_state'}, 'name': "['s000001.00001', 'g000001.00001', 'i000001.00001']", 'id': '71885aecf25d7412', 'parentId': '46114afab1f00ff7', 'tags': {}}, 'state': 'Running', 'comment': 'Elapsed time = 0.022  files = s000001.00001 g000001.00001 i000001.00001 Success'}})
2026-04-28 07:40:05,019 fastran_eq_efit_7 DEBUG    _get_service_response(REQUEST|fastran_FPP_000001@efit@7|FRAMEWORK@Framework@0|34)
2026-04-28 07:40:05,030 fastran_eq_efit_7 DEBUG    _get_service_response(REQUEST|fastran_FPP_000001@efit@7|FRAMEWORK@Framework@0|34), response = ServiceResponseMessage(sender_id=FRAMEWORK@Framework@0, receiver_id=fastran_FPP_000001@efit@7, request_msg_id=REQUEST|fastran_FPP_000001@efit@7|FRAMEWORK@Framework@0|34,status=0, args=(None,), message_id=RESPONSE|FRAMEWORK@Framework@0|fastran_FPP_000001@efit@7|599)
2026-04-28 07:40:07,600 fastran_eq_efit_7 DEBUG    _invoke_service(): update_state  (['s000001.00001', 'g000001.00001', 'i000001.00001'], '/pscratch/sd/h/hswils/github_repos/MANTA_DBSCANS/RAD_Kr_coronal/SCAN/work/fastran_eq_efit_7', '/pscratch/sd/h/hswils/github_repos/MANTA_DBSCANS/RAD_Kr_coronal/SCAN/work/plasma_state')
2026-04-28 07:40:07,601 fastran_eq_efit_7 DEBUG    _get_service_response(REQUEST|fastran_FPP_000001@efit@7|FRAMEWORK@Framework@0|35)
2026-04-28 07:40:07,622 fastran_eq_efit_7 DEBUG    _get_service_response(REQUEST|fastran_FPP_000001@efit@7|FRAMEWORK@Framework@0|35), response = ServiceResponseMessage(sender_id=FRAMEWORK@Framework@0, receiver_id=fastran_FPP_000001@efit@7, request_msg_id=REQUEST|fastran_FPP_000001@efit@7|FRAMEWORK@Framework@0|35,status=0, args=(0,), message_id=RESPONSE|FRAMEWORK@Framework@0|fastran_FPP_000001@efit@7|605)
2026-04-28 07:40:07,623 fastran_eq_efit_7 DEBUG    _invoke_service(): getTopic  ('_IPS_MONITOR',)
2026-04-28 07:40:07,623 fastran_eq_efit_7 DEBUG    _get_service_response(REQUEST|fastran_FPP_000001@efit@7|FRAMEWORK@Framework@0|36)
2026-04-28 07:40:07,633 fastran_eq_efit_7 DEBUG    _get_service_response(REQUEST|fastran_FPP_000001@efit@7|FRAMEWORK@Framework@0|36), response = ServiceResponseMessage(sender_id=FRAMEWORK@Framework@0, receiver_id=fastran_FPP_000001@efit@7, request_msg_id=REQUEST|fastran_FPP_000001@efit@7|FRAMEWORK@Framework@0|36,status=0, args=(<ipsframework.cca_es_spec.Topic object at 0x7fbe9a1cc700>,), message_id=RESPONSE|FRAMEWORK@Framework@0|fastran_FPP_000001@efit@7|606)
2026-04-28 07:40:07,633 fastran_eq_efit_7 DEBUG    _invoke_service(): sendEvent  ('_IPS_MONITOR', 'PORTAL_EVENT', {'sim_name': 'fastran_FPP_000001', 'real_sim_name': 'fastran_FPP_000001', 'portal_data': {'code': 'fastran_eq_efit', 'eventtype': 'IPS_UPDATE_STATE', 'ok': True, 'walltime': '95.18', 'time': '2026-04-28|07:40:07PDT', 'trace': {'timestamp': 1777387207600437, 'duration': 22465, 'localEndpoint': {'serviceName': 'update_state'}, 'name': "['s000001.00001', 'g000001.00001', 'i000001.00001']", 'id': '7629e189a66153c0', 'parentId': '46114afab1f00ff7', 'tags': {}}, 'state': 'Running', 'comment': 'Elapsed time = 0.022   files = s000001.00001 g000001.00001 i000001.00001 Success'}})
2026-04-28 07:40:07,633 fastran_eq_efit_7 DEBUG    _get_service_response(REQUEST|fastran_FPP_000001@efit@7|FRAMEWORK@Framework@0|37)
2026-04-28 07:40:07,644 fastran_eq_efit_7 DEBUG    _get_service_response(REQUEST|fastran_FPP_000001@efit@7|FRAMEWORK@Framework@0|37), response = ServiceResponseMessage(sender_id=FRAMEWORK@Framework@0, receiver_id=fastran_FPP_000001@efit@7, request_msg_id=REQUEST|fastran_FPP_000001@efit@7|FRAMEWORK@Framework@0|37,status=0, args=(None,), message_id=RESPONSE|FRAMEWORK@Framework@0|fastran_FPP_000001@efit@7|607)
2026-04-28 07:40:07,669 fastran_eq_efit_7 DEBUG    _invoke_service(): getTopic  ('_IPS_MONITOR',)
2026-04-28 07:40:07,669 fastran_eq_efit_7 DEBUG    _get_service_response(REQUEST|fastran_FPP_000001@efit@7|FRAMEWORK@Framework@0|38)
2026-04-28 07:40:07,680 fastran_eq_efit_7 DEBUG    _get_service_response(REQUEST|fastran_FPP_000001@efit@7|FRAMEWORK@Framework@0|38), response = ServiceResponseMessage(sender_id=FRAMEWORK@Framework@0, receiver_id=fastran_FPP_000001@efit@7, request_msg_id=REQUEST|fastran_FPP_000001@efit@7|FRAMEWORK@Framework@0|38,status=0, args=(<ipsframework.cca_es_spec.Topic object at 0x7fbe9a1cc1c0>,), message_id=RESPONSE|FRAMEWORK@Framework@0|fastran_FPP_000001@efit@7|608)
2026-04-28 07:40:07,680 fastran_eq_efit_7 DEBUG    _invoke_service(): sendEvent  ('_IPS_MONITOR', 'PORTAL_EVENT', {'sim_name': 'fastran_FPP_000001', 'real_sim_name': 'fastran_FPP_000001', 'portal_data': {'code': 'fastran_eq_efit', 'eventtype': 'IPS_STAGE_OUTPUTS', 'ok': True, 'walltime': '95.23', 'time': '2026-04-28|07:40:07PDT', 'trace': {'timestamp': 1777387207644656, 'duration': 24912, 'localEndpoint': {'serviceName': 'stage_output_files'}, 'name': "['g*.*', 'a*.*', 'm*.*', 'k*.*', 'efit.log', 's*.*']", 'id': '80725d8eee5776f1', 'parentId': '46114afab1f00ff7', 'tags': {}}, 'state': 'Running', 'comment': "Elapsed time = 0.025 Path = /pscratch/sd/h/hswils/github_repos/MANTA_DBSCANS/RAD_Kr_coronal/SCAN/simulation_results/4/components/fastran_eq_efit_7 Files = ['g*.*', 'a*.*', 'm*.*', 'k*.*', 'efit.log', 's*.*']"}})
2026-04-28 07:40:07,680 fastran_eq_efit_7 DEBUG    _get_service_response(REQUEST|fastran_FPP_000001@efit@7|FRAMEWORK@Framework@0|39)
2026-04-28 07:40:07,690 fastran_eq_efit_7 DEBUG    _get_service_response(REQUEST|fastran_FPP_000001@efit@7|FRAMEWORK@Framework@0|39), response = ServiceResponseMessage(sender_id=FRAMEWORK@Framework@0, receiver_id=fastran_FPP_000001@efit@7, request_msg_id=REQUEST|fastran_FPP_000001@efit@7|FRAMEWORK@Framework@0|39,status=0, args=(None,), message_id=RESPONSE|FRAMEWORK@Framework@0|fastran_FPP_000001@efit@7|609)
2026-04-28 07:40:07,702 fastran_driver_fastran_driver_2 DEBUG    _get_service_response(REQUEST|fastran_FPP_000001@fastran_driver@2|FRAMEWORK@Framework@0|220), response = ServiceResponseMessage(sender_id=FRAMEWORK@Framework@0, receiver_id=fastran_FPP_000001@fastran_driver@2, request_msg_id=REQUEST|fastran_FPP_000001@fastran_driver@2|FRAMEWORK@Framework@0|220,status=0, args=((None,),), message_id=RESPONSE|FRAMEWORK@Framework@0|fastran_FPP_000001@fastran_driver@2|610)
2026-04-28 07:40:07,702 fastran_driver_fastran_driver_2 DEBUG    _invoke_service(): getTopic  ('_IPS_MONITOR',)
2026-04-28 07:40:07,702 fastran_driver_fastran_driver_2 DEBUG    _get_service_response(REQUEST|fastran_FPP_000001@fastran_driver@2|FRAMEWORK@Framework@0|221)
2026-04-28 07:40:07,713 fastran_driver_fastran_driver_2 DEBUG    _get_service_response(REQUEST|fastran_FPP_000001@fastran_driver@2|FRAMEWORK@Framework@0|221), response = ServiceResponseMessage(sender_id=FRAMEWORK@Framework@0, receiver_id=fastran_FPP_000001@fastran_driver@2, request_msg_id=REQUEST|fastran_FPP_000001@fastran_driver@2|FRAMEWORK@Framework@0|221,status=0, args=(<ipsframework.cca_es_spec.Topic object at 0x7fbe9a2a0280>,), message_id=RESPONSE|FRAMEWORK@Framework@0|fastran_FPP_000001@fastran_driver@2|611)
2026-04-28 07:40:07,713 fastran_driver_fastran_driver_2 DEBUG    _invoke_service(): sendEvent  ('_IPS_MONITOR', 'PORTAL_EVENT', {'sim_name': 'fastran_FPP_000001', 'real_sim_name': 'fastran_FPP_000001', 'portal_data': {'code': 'fastran_driver_fastran_driver', 'eventtype': 'IPS_CALL_END', 'ok': True, 'walltime': '95.26', 'time': '2026-04-28|07:40:07PDT', 'trace': {'timestamp': 1777387204996806, 'duration': 2705839, 'localEndpoint': {'serviceName': 'fastran_FPP_000001@efit@7'}, 'name': 'step(4)', 'id': '46114afab1f00ff7', 'parentId': 'f899e3e5886669ce', 'tags': {}}, 'state': 'Running', 'comment': 'Target = fastran_FPP_000001@efit@7:step(4)'}})
2026-04-28 07:40:07,713 fastran_driver_fastran_driver_2 DEBUG    _get_service_response(REQUEST|fastran_FPP_000001@fastran_driver@2|FRAMEWORK@Framework@0|222)
2026-04-28 07:40:07,724 fastran_driver_fastran_driver_2 DEBUG    _get_service_response(REQUEST|fastran_FPP_000001@fastran_driver@2|FRAMEWORK@Framework@0|222), response = ServiceResponseMessage(sender_id=FRAMEWORK@Framework@0, receiver_id=fastran_FPP_000001@fastran_driver@2, request_msg_id=REQUEST|fastran_FPP_000001@fastran_driver@2|FRAMEWORK@Framework@0|222,status=0, args=(None,), message_id=RESPONSE|FRAMEWORK@Framework@0|fastran_FPP_000001@fastran_driver@2|612)
2026-04-28 07:40:07,724 fastran_driver_fastran_driver_2 DEBUG    _invoke_service(): getTopic  ('_IPS_MONITOR',)
2026-04-28 07:40:07,724 fastran_driver_fastran_driver_2 DEBUG    _get_service_response(REQUEST|fastran_FPP_000001@fastran_driver@2|FRAMEWORK@Framework@0|223)
2026-04-28 07:40:07,735 fastran_driver_fastran_driver_2 DEBUG    _get_service_response(REQUEST|fastran_FPP_000001@fastran_driver@2|FRAMEWORK@Framework@0|223), response = ServiceResponseMessage(sender_id=FRAMEWORK@Framework@0, receiver_id=fastran_FPP_000001@fastran_driver@2, request_msg_id=REQUEST|fastran_FPP_000001@fastran_driver@2|FRAMEWORK@Framework@0|223,status=0, args=(<ipsframework.cca_es_spec.Topic object at 0x7fbe9a2a01c0>,), message_id=RESPONSE|FRAMEWORK@Framework@0|fastran_FPP_000001@fastran_driver@2|613)
2026-04-28 07:40:07,735 fastran_driver_fastran_driver_2 DEBUG    _invoke_service(): sendEvent  ('_IPS_MONITOR', 'PORTAL_EVENT', {'sim_name': 'fastran_FPP_000001', 'real_sim_name': 'fastran_FPP_000001', 'portal_data': {'code': 'fastran_driver_fastran_driver', 'eventtype': 'IPS_CALL_BEGIN', 'ok': True, 'walltime': '95.28', 'time': '2026-04-28|07:40:07PDT', 'state': 'Running', 'comment': 'Target = fastran_FPP_000001@fastran@8:step(4)'}})
2026-04-28 07:40:07,735 fastran_driver_fastran_driver_2 DEBUG    _get_service_response(REQUEST|fastran_FPP_000001@fastran_driver@2|FRAMEWORK@Framework@0|224)
2026-04-28 07:40:07,746 fastran_driver_fastran_driver_2 DEBUG    _get_service_response(REQUEST|fastran_FPP_000001@fastran_driver@2|FRAMEWORK@Framework@0|224), response = ServiceResponseMessage(sender_id=FRAMEWORK@Framework@0, receiver_id=fastran_FPP_000001@fastran_driver@2, request_msg_id=REQUEST|fastran_FPP_000001@fastran_driver@2|FRAMEWORK@Framework@0|224,status=0, args=(None,), message_id=RESPONSE|FRAMEWORK@Framework@0|fastran_FPP_000001@fastran_driver@2|614)
2026-04-28 07:40:07,746 fastran_driver_fastran_driver_2 DEBUG    _invoke_service(): init_call  ('step', 4)
2026-04-28 07:40:07,746 fastran_driver_fastran_driver_2 DEBUG    _get_service_response(REQUEST|fastran_FPP_000001@fastran_driver@2|FRAMEWORK@Framework@0|225)
2026-04-28 07:40:07,747 fastran_tr_fastran_8 DEBUG    Received Message 
2026-04-28 07:40:07,747 fastran_tr_fastran_8 DEBUG    Calling method step(4)
2026-04-28 07:40:07,747 fastran_tr_fastran_8 DEBUG    _invoke_service(): stage_state  (['s000001.00001', 'g000001.00001', 'i000001.00001'], '/pscratch/sd/h/hswils/github_repos/MANTA_DBSCANS/RAD_Kr_coronal/SCAN/work/plasma_state', '/pscratch/sd/h/hswils/github_repos/MANTA_DBSCANS/RAD_Kr_coronal/SCAN/work/fastran_tr_fastran_8')
2026-04-28 07:40:07,747 fastran_tr_fastran_8 DEBUG    _get_service_response(REQUEST|fastran_FPP_000001@fastran@8|FRAMEWORK@Framework@0|64)
2026-04-28 07:40:07,757 fastran_driver_fastran_driver_2 DEBUG    _get_service_response(REQUEST|fastran_FPP_000001@fastran_driver@2|FRAMEWORK@Framework@0|225), response = ServiceResponseMessage(sender_id=FRAMEWORK@Framework@0, receiver_id=fastran_FPP_000001@fastran_driver@2, request_msg_id=REQUEST|fastran_FPP_000001@fastran_driver@2|FRAMEWORK@Framework@0|225,status=0, args=(38,), message_id=RESPONSE|FRAMEWORK@Framework@0|fastran_FPP_000001@fastran_driver@2|615)
2026-04-28 07:40:07,757 fastran_driver_fastran_driver_2 DEBUG    _invoke_service(): wait_call  (38, True)
2026-04-28 07:40:07,757 fastran_driver_fastran_driver_2 DEBUG    _get_service_response(REQUEST|fastran_FPP_000001@fastran_driver@2|FRAMEWORK@Framework@0|226)
2026-04-28 07:40:07,769 fastran_tr_fastran_8 DEBUG    _get_service_response(REQUEST|fastran_FPP_000001@fastran@8|FRAMEWORK@Framework@0|64), response = ServiceResponseMessage(sender_id=FRAMEWORK@Framework@0, receiver_id=fastran_FPP_000001@fastran@8, request_msg_id=REQUEST|fastran_FPP_000001@fastran@8|FRAMEWORK@Framework@0|64,status=0, args=(0,), message_id=RESPONSE|FRAMEWORK@Framework@0|fastran_FPP_000001@fastran@8|616)
2026-04-28 07:40:07,769 fastran_tr_fastran_8 DEBUG    _invoke_service(): getTopic  ('_IPS_MONITOR',)
2026-04-28 07:40:07,769 fastran_tr_fastran_8 DEBUG    _get_service_response(REQUEST|fastran_FPP_000001@fastran@8|FRAMEWORK@Framework@0|65)
2026-04-28 07:40:07,779 fastran_tr_fastran_8 DEBUG    _get_service_response(REQUEST|fastran_FPP_000001@fastran@8|FRAMEWORK@Framework@0|65), response = ServiceResponseMessage(sender_id=FRAMEWORK@Framework@0, receiver_id=fastran_FPP_000001@fastran@8, request_msg_id=REQUEST|fastran_FPP_000001@fastran@8|FRAMEWORK@Framework@0|65,status=0, args=(<ipsframework.cca_es_spec.Topic object at 0x7fbe9a1a17f0>,), message_id=RESPONSE|FRAMEWORK@Framework@0|fastran_FPP_000001@fastran@8|617)
2026-04-28 07:40:07,779 fastran_tr_fastran_8 DEBUG    _invoke_service(): sendEvent  ('_IPS_MONITOR', 'PORTAL_EVENT', {'sim_name': 'fastran_FPP_000001', 'real_sim_name': 'fastran_FPP_000001', 'portal_data': {'code': 'fastran_tr_fastran', 'eventtype': 'IPS_STAGE_STATE', 'ok': True, 'walltime': '95.33', 'time': '2026-04-28|07:40:07PDT', 'trace': {'timestamp': 1777387207747540, 'duration': 21698, 'localEndpoint': {'serviceName': 'stage_state'}, 'name': "['s000001.00001', 'g000001.00001', 'i000001.00001']", 'id': '71885aecf25d7412', 'parentId': 'eb091b4eeea33c28', 'tags': {}}, 'state': 'Running', 'comment': 'Elapsed time = 0.022  files = s000001.00001 g000001.00001 i000001.00001 Success'}})
2026-04-28 07:40:07,779 fastran_tr_fastran_8 DEBUG    _get_service_response(REQUEST|fastran_FPP_000001@fastran@8|FRAMEWORK@Framework@0|66)
2026-04-28 07:40:07,790 fastran_tr_fastran_8 DEBUG    _get_service_response(REQUEST|fastran_FPP_000001@fastran@8|FRAMEWORK@Framework@0|66), response = ServiceResponseMessage(sender_id=FRAMEWORK@Framework@0, receiver_id=fastran_FPP_000001@fastran@8, request_msg_id=REQUEST|fastran_FPP_000001@fastran@8|FRAMEWORK@Framework@0|66,status=0, args=(None,), message_id=RESPONSE|FRAMEWORK@Framework@0|fastran_FPP_000001@fastran@8|618)
2026-04-28 07:40:07,803 fastran_tr_fastran_8 DEBUG    _invoke_service(): getTopic  ('_IPS_MONITOR',)
2026-04-28 07:40:07,803 fastran_tr_fastran_8 DEBUG    _get_service_response(REQUEST|fastran_FPP_000001@fastran@8|FRAMEWORK@Framework@0|67)
2026-04-28 07:40:07,814 fastran_tr_fastran_8 DEBUG    _get_service_response(REQUEST|fastran_FPP_000001@fastran@8|FRAMEWORK@Framework@0|67), response = ServiceResponseMessage(sender_id=FRAMEWORK@Framework@0, receiver_id=fastran_FPP_000001@fastran@8, request_msg_id=REQUEST|fastran_FPP_000001@fastran@8|FRAMEWORK@Framework@0|67,status=0, args=(<ipsframework.cca_es_spec.Topic object at 0x7fbe9a1a16d0>,), message_id=RESPONSE|FRAMEWORK@Framework@0|fastran_FPP_000001@fastran@8|619)
2026-04-28 07:40:07,814 fastran_tr_fastran_8 DEBUG    _invoke_service(): sendEvent  ('_IPS_MONITOR', 'PORTAL_EVENT', {'sim_name': 'fastran_FPP_000001', 'real_sim_name': 'fastran_FPP_000001', 'portal_data': {'code': 'fastran_tr_fastran', 'eventtype': 'IPS_STAGE_INPUTS', 'ok': True, 'walltime': '95.36', 'time': '2026-04-28|07:40:07PDT', 'trace': {'timestamp': 1777387207790789, 'duration': 12835, 'localEndpoint': {'serviceName': 'stage_input_files'}, 'name': 'infastran intglf', 'id': '5ff6e2efe4653e6c', 'parentId': 'eb091b4eeea33c28', 'tags': {}}, 'state': 'Running', 'comment': 'Elapsed time = 0.013 Path = /pscratch/sd/h/hswils/github_repos/MANTA_DBSCANS/RAD_Kr_coronal/input Files = infastran intglf'}})
2026-04-28 07:40:07,814 fastran_tr_fastran_8 DEBUG    _get_service_response(REQUEST|fastran_FPP_000001@fastran@8|FRAMEWORK@Framework@0|68)
2026-04-28 07:40:07,824 fastran_tr_fastran_8 DEBUG    _get_service_response(REQUEST|fastran_FPP_000001@fastran@8|FRAMEWORK@Framework@0|68), response = ServiceResponseMessage(sender_id=FRAMEWORK@Framework@0, receiver_id=fastran_FPP_000001@fastran@8, request_msg_id=REQUEST|fastran_FPP_000001@fastran@8|FRAMEWORK@Framework@0|68,status=0, args=(None,), message_id=RESPONSE|FRAMEWORK@Framework@0|fastran_FPP_000001@fastran@8|620)
2026-04-28 07:40:08,043 fastran_tr_fastran_8 DEBUG    _invoke_service(): init_task  (TaskInit(nproc=126, binary='/global/common/software/atom/perlmutter/binaries/fastran/default/xfastran_ver1.07', working_dir='/pscratch/sd/h/hswils/github_repos/MANTA_DBSCANS/RAD_Kr_coronal/SCAN/work/fastran_tr_fastran_8', tppn=0, tcpp=0, tgpp=0, block=True, omp=False, wnodes=True, wsocks=True, cmd_args=('6', '21')),)
2026-04-28 07:40:08,043 fastran_tr_fastran_8 DEBUG    _get_service_response(REQUEST|fastran_FPP_000001@fastran@8|FRAMEWORK@Framework@0|69)
2026-04-28 07:40:08,053 fastran_tr_fastran_8 DEBUG    _get_service_response(REQUEST|fastran_FPP_000001@fastran@8|FRAMEWORK@Framework@0|69), response = ServiceResponseMessage(sender_id=FRAMEWORK@Framework@0, receiver_id=fastran_FPP_000001@fastran@8, request_msg_id=REQUEST|fastran_FPP_000001@fastran@8|FRAMEWORK@Framework@0|69,status=0, args=((6, 'srun -N 1 -n 126 -c 1 --threads-per-core=1 --cpu-bind=cores /global/common/software/atom/perlmutter/binaries/fastran/default/xfastran_ver1.07 6 21', None, 128),), message_id=RESPONSE|FRAMEWORK@Framework@0|fastran_FPP_000001@fastran@8|621)
2026-04-28 07:40:08,055 fastran_tr_fastran_8 DEBUG    Launching command : srun -N 1 -n 126 -c 1 --threads-per-core=1 --cpu-bind=cores /global/common/software/atom/perlmutter/binaries/fastran/default/xfastran_ver1.07 6 21
2026-04-28 07:40:08,075 fastran_tr_fastran_8 DEBUG    _invoke_service(): getTopic  ('_IPS_MONITOR',)
2026-04-28 07:40:08,076 fastran_tr_fastran_8 DEBUG    _get_service_response(REQUEST|fastran_FPP_000001@fastran@8|FRAMEWORK@Framework@0|70)
2026-04-28 07:40:08,087 fastran_tr_fastran_8 DEBUG    _get_service_response(REQUEST|fastran_FPP_000001@fastran@8|FRAMEWORK@Framework@0|70), response = ServiceResponseMessage(sender_id=FRAMEWORK@Framework@0, receiver_id=fastran_FPP_000001@fastran@8, request_msg_id=REQUEST|fastran_FPP_000001@fastran@8|FRAMEWORK@Framework@0|70,status=0, args=(<ipsframework.cca_es_spec.Topic object at 0x7fbe9a1a1a60>,), message_id=RESPONSE|FRAMEWORK@Framework@0|fastran_FPP_000001@fastran@8|623)
2026-04-28 07:40:08,087 fastran_tr_fastran_8 DEBUG    _invoke_service(): sendEvent  ('_IPS_MONITOR', 'PORTAL_EVENT', {'sim_name': 'fastran_FPP_000001', 'real_sim_name': 'fastran_FPP_000001', 'portal_data': {'code': 'fastran_tr_fastran', 'eventtype': 'IPS_LAUNCH_TASK', 'ok': True, 'walltime': '95.63', 'time': '2026-04-28|07:40:08PDT', 'state': 'Running', 'comment': 'task_id = 6 , Tag = None , nproc = 126 , Target = srun -N 1 -n 126 -c 1 --threads-per-core=1 --cpu-bind=cores /global/common/software/atom/perlmutter/binaries/fastran/default/xfastran_ver1.07 6 21'}})
2026-04-28 07:40:08,087 fastran_tr_fastran_8 DEBUG    _get_service_response(REQUEST|fastran_FPP_000001@fastran@8|FRAMEWORK@Framework@0|71)
2026-04-28 07:40:08,097 fastran_tr_fastran_8 DEBUG    _get_service_response(REQUEST|fastran_FPP_000001@fastran@8|FRAMEWORK@Framework@0|71), response = ServiceResponseMessage(sender_id=FRAMEWORK@Framework@0, receiver_id=fastran_FPP_000001@fastran@8, request_msg_id=REQUEST|fastran_FPP_000001@fastran@8|FRAMEWORK@Framework@0|71,status=0, args=(None,), message_id=RESPONSE|FRAMEWORK@Framework@0|fastran_FPP_000001@fastran@8|624)
2026-04-28 07:40:15,193 fastran_tr_fastran_8 DEBUG    _invoke_service(): getTopic  ('_IPS_MONITOR',)
2026-04-28 07:40:15,193 fastran_tr_fastran_8 DEBUG    _get_service_response(REQUEST|fastran_FPP_000001@fastran@8|FRAMEWORK@Framework@0|72)
2026-04-28 07:40:15,204 fastran_tr_fastran_8 DEBUG    _get_service_response(REQUEST|fastran_FPP_000001@fastran@8|FRAMEWORK@Framework@0|72), response = ServiceResponseMessage(sender_id=FRAMEWORK@Framework@0, receiver_id=fastran_FPP_000001@fastran@8, request_msg_id=REQUEST|fastran_FPP_000001@fastran@8|FRAMEWORK@Framework@0|72,status=0, args=(<ipsframework.cca_es_spec.Topic object at 0x7fbe9a1a1850>,), message_id=RESPONSE|FRAMEWORK@Framework@0|fastran_FPP_000001@fastran@8|638)
2026-04-28 07:40:15,204 fastran_tr_fastran_8 DEBUG    _invoke_service(): sendEvent  ('_IPS_MONITOR', 'PORTAL_EVENT', {'sim_name': 'fastran_FPP_000001', 'real_sim_name': 'fastran_FPP_000001', 'portal_data': {'code': 'fastran_tr_fastran', 'eventtype': 'IPS_TASK_END', 'ok': True, 'walltime': '102.75', 'time': '2026-04-28|07:40:15PDT', 'trace': {'timestamp': 1777387208075438, 'duration': 7118185, 'localEndpoint': {'serviceName': '/global/common/software/atom/perlmutter/binaries/fastran/default/xfastran_ver1.07'}, 'name': '6 21', 'id': '5475ce58d4cda962', 'parentId': 'eb091b4eeea33c28', 'tags': {'procs_requested': '126', 'cores_allocated': '128'}}, 'state': 'Running', 'comment': 'task_id = 6  elapsed time = 7.12 S'}})
2026-04-28 07:40:15,204 fastran_tr_fastran_8 DEBUG    _get_service_response(REQUEST|fastran_FPP_000001@fastran@8|FRAMEWORK@Framework@0|73)
2026-04-28 07:40:15,215 fastran_tr_fastran_8 DEBUG    _get_service_response(REQUEST|fastran_FPP_000001@fastran@8|FRAMEWORK@Framework@0|73), response = ServiceResponseMessage(sender_id=FRAMEWORK@Framework@0, receiver_id=fastran_FPP_000001@fastran@8, request_msg_id=REQUEST|fastran_FPP_000001@fastran@8|FRAMEWORK@Framework@0|73,status=0, args=(None,), message_id=RESPONSE|FRAMEWORK@Framework@0|fastran_FPP_000001@fastran@8|639)
2026-04-28 07:40:15,215 fastran_tr_fastran_8 DEBUG    _invoke_service(): finish_task  (6, 0)
2026-04-28 07:40:15,215 fastran_tr_fastran_8 DEBUG    _get_service_response(REQUEST|fastran_FPP_000001@fastran@8|FRAMEWORK@Framework@0|74)
2026-04-28 07:40:15,226 fastran_tr_fastran_8 DEBUG    _get_service_response(REQUEST|fastran_FPP_000001@fastran@8|FRAMEWORK@Framework@0|74), response = ServiceResponseMessage(sender_id=FRAMEWORK@Framework@0, receiver_id=fastran_FPP_000001@fastran@8, request_msg_id=REQUEST|fastran_FPP_000001@fastran@8|FRAMEWORK@Framework@0|74,status=0, args=(0,), message_id=RESPONSE|FRAMEWORK@Framework@0|fastran_FPP_000001@fastran@8|641)
2026-04-28 07:40:15,483 fastran_tr_fastran_8 DEBUG    _invoke_service(): update_state  (['s000001.00001', 'g000001.00001', 'i000001.00001'], '/pscratch/sd/h/hswils/github_repos/MANTA_DBSCANS/RAD_Kr_coronal/SCAN/work/fastran_tr_fastran_8', '/pscratch/sd/h/hswils/github_repos/MANTA_DBSCANS/RAD_Kr_coronal/SCAN/work/plasma_state')
2026-04-28 07:40:15,483 fastran_tr_fastran_8 DEBUG    _get_service_response(REQUEST|fastran_FPP_000001@fastran@8|FRAMEWORK@Framework@0|75)
2026-04-28 07:40:15,504 fastran_tr_fastran_8 DEBUG    _get_service_response(REQUEST|fastran_FPP_000001@fastran@8|FRAMEWORK@Framework@0|75), response = ServiceResponseMessage(sender_id=FRAMEWORK@Framework@0, receiver_id=fastran_FPP_000001@fastran@8, request_msg_id=REQUEST|fastran_FPP_000001@fastran@8|FRAMEWORK@Framework@0|75,status=0, args=(0,), message_id=RESPONSE|FRAMEWORK@Framework@0|fastran_FPP_000001@fastran@8|642)
2026-04-28 07:40:15,504 fastran_tr_fastran_8 DEBUG    _invoke_service(): getTopic  ('_IPS_MONITOR',)
2026-04-28 07:40:15,504 fastran_tr_fastran_8 DEBUG    _get_service_response(REQUEST|fastran_FPP_000001@fastran@8|FRAMEWORK@Framework@0|76)
2026-04-28 07:40:15,515 fastran_tr_fastran_8 DEBUG    _get_service_response(REQUEST|fastran_FPP_000001@fastran@8|FRAMEWORK@Framework@0|76), response = ServiceResponseMessage(sender_id=FRAMEWORK@Framework@0, receiver_id=fastran_FPP_000001@fastran@8, request_msg_id=REQUEST|fastran_FPP_000001@fastran@8|FRAMEWORK@Framework@0|76,status=0, args=(<ipsframework.cca_es_spec.Topic object at 0x7fbe9a1a1790>,), message_id=RESPONSE|FRAMEWORK@Framework@0|fastran_FPP_000001@fastran@8|643)
2026-04-28 07:40:15,515 fastran_tr_fastran_8 DEBUG    _invoke_service(): sendEvent  ('_IPS_MONITOR', 'PORTAL_EVENT', {'sim_name': 'fastran_FPP_000001', 'real_sim_name': 'fastran_FPP_000001', 'portal_data': {'code': 'fastran_tr_fastran', 'eventtype': 'IPS_UPDATE_STATE', 'ok': True, 'walltime': '103.06', 'time': '2026-04-28|07:40:15PDT', 'trace': {'timestamp': 1777387215483602, 'duration': 20938, 'localEndpoint': {'serviceName': 'update_state'}, 'name': "['s000001.00001', 'g000001.00001', 'i000001.00001']", 'id': '7629e189a66153c0', 'parentId': 'eb091b4eeea33c28', 'tags': {}}, 'state': 'Running', 'comment': 'Elapsed time = 0.021   files = s000001.00001 g000001.00001 i000001.00001 Success'}})
2026-04-28 07:40:15,515 fastran_tr_fastran_8 DEBUG    _get_service_response(REQUEST|fastran_FPP_000001@fastran@8|FRAMEWORK@Framework@0|77)
2026-04-28 07:40:15,525 fastran_tr_fastran_8 DEBUG    _get_service_response(REQUEST|fastran_FPP_000001@fastran@8|FRAMEWORK@Framework@0|77), response = ServiceResponseMessage(sender_id=FRAMEWORK@Framework@0, receiver_id=fastran_FPP_000001@fastran@8, request_msg_id=REQUEST|fastran_FPP_000001@fastran@8|FRAMEWORK@Framework@0|77,status=0, args=(None,), message_id=RESPONSE|FRAMEWORK@Framework@0|fastran_FPP_000001@fastran@8|644)
2026-04-28 07:40:15,543 fastran_tr_fastran_8 DEBUG    _invoke_service(): getTopic  ('_IPS_MONITOR',)
2026-04-28 07:40:15,543 fastran_tr_fastran_8 DEBUG    _get_service_response(REQUEST|fastran_FPP_000001@fastran@8|FRAMEWORK@Framework@0|78)
2026-04-28 07:40:15,553 fastran_tr_fastran_8 DEBUG    _get_service_response(REQUEST|fastran_FPP_000001@fastran@8|FRAMEWORK@Framework@0|78), response = ServiceResponseMessage(sender_id=FRAMEWORK@Framework@0, receiver_id=fastran_FPP_000001@fastran@8, request_msg_id=REQUEST|fastran_FPP_000001@fastran@8|FRAMEWORK@Framework@0|78,status=0, args=(<ipsframework.cca_es_spec.Topic object at 0x7fbe9a1a17f0>,), message_id=RESPONSE|FRAMEWORK@Framework@0|fastran_FPP_000001@fastran@8|645)
2026-04-28 07:40:15,553 fastran_tr_fastran_8 DEBUG    _invoke_service(): sendEvent  ('_IPS_MONITOR', 'PORTAL_EVENT', {'sim_name': 'fastran_FPP_000001', 'real_sim_name': 'fastran_FPP_000001', 'portal_data': {'code': 'fastran_tr_fastran', 'eventtype': 'IPS_STAGE_OUTPUTS', 'ok': True, 'walltime': '103.10', 'time': '2026-04-28|07:40:15PDT', 'trace': {'timestamp': 1777387215525764, 'duration': 17408, 'localEndpoint': {'serviceName': 'stage_output_files'}, 'name': "['fastran.nc', 'inprof', 'inmetric', 'infastran', 'intglf', 'xfastran.log', 'i000001.00001']", 'id': '7349cfaaafc33980', 'parentId': 'eb091b4eeea33c28', 'tags': {}}, 'state': 'Running', 'comment': "Elapsed time = 0.017 Path = /pscratch/sd/h/hswils/github_repos/MANTA_DBSCANS/RAD_Kr_coronal/SCAN/simulation_results/4/components/fastran_tr_fastran_8 Files = ['fastran.nc', 'inprof', 'inmetric', 'infastran', 'intglf', 'xfastran.log', 'i000001.00001']"}})
2026-04-28 07:40:15,553 fastran_tr_fastran_8 DEBUG    _get_service_response(REQUEST|fastran_FPP_000001@fastran@8|FRAMEWORK@Framework@0|79)
2026-04-28 07:40:15,564 fastran_tr_fastran_8 DEBUG    _get_service_response(REQUEST|fastran_FPP_000001@fastran@8|FRAMEWORK@Framework@0|79), response = ServiceResponseMessage(sender_id=FRAMEWORK@Framework@0, receiver_id=fastran_FPP_000001@fastran@8, request_msg_id=REQUEST|fastran_FPP_000001@fastran@8|FRAMEWORK@Framework@0|79,status=0, args=(None,), message_id=RESPONSE|FRAMEWORK@Framework@0|fastran_FPP_000001@fastran@8|646)
2026-04-28 07:40:15,574 fastran_driver_fastran_driver_2 DEBUG    _get_service_response(REQUEST|fastran_FPP_000001@fastran_driver@2|FRAMEWORK@Framework@0|226), response = ServiceResponseMessage(sender_id=FRAMEWORK@Framework@0, receiver_id=fastran_FPP_000001@fastran_driver@2, request_msg_id=REQUEST|fastran_FPP_000001@fastran_driver@2|FRAMEWORK@Framework@0|226,status=0, args=((None,),), message_id=RESPONSE|FRAMEWORK@Framework@0|fastran_FPP_000001@fastran_driver@2|647)
2026-04-28 07:40:15,575 fastran_driver_fastran_driver_2 DEBUG    _invoke_service(): getTopic  ('_IPS_MONITOR',)
2026-04-28 07:40:15,575 fastran_driver_fastran_driver_2 DEBUG    _get_service_response(REQUEST|fastran_FPP_000001@fastran_driver@2|FRAMEWORK@Framework@0|227)
2026-04-28 07:40:15,585 fastran_driver_fastran_driver_2 DEBUG    _get_service_response(REQUEST|fastran_FPP_000001@fastran_driver@2|FRAMEWORK@Framework@0|227), response = ServiceResponseMessage(sender_id=FRAMEWORK@Framework@0, receiver_id=fastran_FPP_000001@fastran_driver@2, request_msg_id=REQUEST|fastran_FPP_000001@fastran_driver@2|FRAMEWORK@Framework@0|227,status=0, args=(<ipsframework.cca_es_spec.Topic object at 0x7fbe9a2a0370>,), message_id=RESPONSE|FRAMEWORK@Framework@0|fastran_FPP_000001@fastran_driver@2|648)
2026-04-28 07:40:15,585 fastran_driver_fastran_driver_2 DEBUG    _invoke_service(): sendEvent  ('_IPS_MONITOR', 'PORTAL_EVENT', {'sim_name': 'fastran_FPP_000001', 'real_sim_name': 'fastran_FPP_000001', 'portal_data': {'code': 'fastran_driver_fastran_driver', 'eventtype': 'IPS_CALL_END', 'ok': True, 'walltime': '103.13', 'time': '2026-04-28|07:40:15PDT', 'trace': {'timestamp': 1777387207757435, 'duration': 7817626, 'localEndpoint': {'serviceName': 'fastran_FPP_000001@fastran@8'}, 'name': 'step(4)', 'id': 'eb091b4eeea33c28', 'parentId': 'f899e3e5886669ce', 'tags': {}}, 'state': 'Running', 'comment': 'Target = fastran_FPP_000001@fastran@8:step(4)'}})
2026-04-28 07:40:15,585 fastran_driver_fastran_driver_2 DEBUG    _get_service_response(REQUEST|fastran_FPP_000001@fastran_driver@2|FRAMEWORK@Framework@0|228)
2026-04-28 07:40:15,596 fastran_driver_fastran_driver_2 DEBUG    _get_service_response(REQUEST|fastran_FPP_000001@fastran_driver@2|FRAMEWORK@Framework@0|228), response = ServiceResponseMessage(sender_id=FRAMEWORK@Framework@0, receiver_id=fastran_FPP_000001@fastran_driver@2, request_msg_id=REQUEST|fastran_FPP_000001@fastran_driver@2|FRAMEWORK@Framework@0|228,status=0, args=(None,), message_id=RESPONSE|FRAMEWORK@Framework@0|fastran_FPP_000001@fastran_driver@2|649)
2026-04-28 07:40:15,597 fastran_driver_fastran_driver_2 DEBUG    _invoke_service(): stage_state  (['s000001.00001', 'g000001.00001', 'i000001.00001'], '/pscratch/sd/h/hswils/github_repos/MANTA_DBSCANS/RAD_Kr_coronal/SCAN/work/plasma_state', '/pscratch/sd/h/hswils/github_repos/MANTA_DBSCANS/RAD_Kr_coronal/SCAN/work/fastran_driver_fastran_driver_2')
2026-04-28 07:40:15,597 fastran_driver_fastran_driver_2 DEBUG    _get_service_response(REQUEST|fastran_FPP_000001@fastran_driver@2|FRAMEWORK@Framework@0|229)
2026-04-28 07:40:15,619 fastran_driver_fastran_driver_2 DEBUG    _get_service_response(REQUEST|fastran_FPP_000001@fastran_driver@2|FRAMEWORK@Framework@0|229), response = ServiceResponseMessage(sender_id=FRAMEWORK@Framework@0, receiver_id=fastran_FPP_000001@fastran_driver@2, request_msg_id=REQUEST|fastran_FPP_000001@fastran_driver@2|FRAMEWORK@Framework@0|229,status=0, args=(0,), message_id=RESPONSE|FRAMEWORK@Framework@0|fastran_FPP_000001@fastran_driver@2|650)
2026-04-28 07:40:15,619 fastran_driver_fastran_driver_2 DEBUG    _invoke_service(): getTopic  ('_IPS_MONITOR',)
2026-04-28 07:40:15,619 fastran_driver_fastran_driver_2 DEBUG    _get_service_response(REQUEST|fastran_FPP_000001@fastran_driver@2|FRAMEWORK@Framework@0|230)
2026-04-28 07:40:15,629 fastran_driver_fastran_driver_2 DEBUG    _get_service_response(REQUEST|fastran_FPP_000001@fastran_driver@2|FRAMEWORK@Framework@0|230), response = ServiceResponseMessage(sender_id=FRAMEWORK@Framework@0, receiver_id=fastran_FPP_000001@fastran_driver@2, request_msg_id=REQUEST|fastran_FPP_000001@fastran_driver@2|FRAMEWORK@Framework@0|230,status=0, args=(<ipsframework.cca_es_spec.Topic object at 0x7fbe9a2a0250>,), message_id=RESPONSE|FRAMEWORK@Framework@0|fastran_FPP_000001@fastran_driver@2|651)
2026-04-28 07:40:15,629 fastran_driver_fastran_driver_2 DEBUG    _invoke_service(): sendEvent  ('_IPS_MONITOR', 'PORTAL_EVENT', {'sim_name': 'fastran_FPP_000001', 'real_sim_name': 'fastran_FPP_000001', 'portal_data': {'code': 'fastran_driver_fastran_driver', 'eventtype': 'IPS_STAGE_STATE', 'ok': True, 'walltime': '103.18', 'time': '2026-04-28|07:40:15PDT', 'trace': {'timestamp': 1777387215597016, 'duration': 22125, 'localEndpoint': {'serviceName': 'stage_state'}, 'name': "['s000001.00001', 'g000001.00001', 'i000001.00001']", 'id': '71885aecf25d7412', 'parentId': 'f899e3e5886669ce', 'tags': {}}, 'state': 'Running', 'comment': 'Elapsed time = 0.022  files = s000001.00001 g000001.00001 i000001.00001 Success'}})
2026-04-28 07:40:15,629 fastran_driver_fastran_driver_2 DEBUG    _get_service_response(REQUEST|fastran_FPP_000001@fastran_driver@2|FRAMEWORK@Framework@0|231)
2026-04-28 07:40:15,640 fastran_driver_fastran_driver_2 DEBUG    _get_service_response(REQUEST|fastran_FPP_000001@fastran_driver@2|FRAMEWORK@Framework@0|231), response = ServiceResponseMessage(sender_id=FRAMEWORK@Framework@0, receiver_id=fastran_FPP_000001@fastran_driver@2, request_msg_id=REQUEST|fastran_FPP_000001@fastran_driver@2|FRAMEWORK@Framework@0|231,status=0, args=(None,), message_id=RESPONSE|FRAMEWORK@Framework@0|fastran_FPP_000001@fastran_driver@2|652)
2026-04-28 07:40:15,640 fastran_driver_fastran_driver_2 DEBUG    _invoke_service(): getTopic  ('_IPS_MONITOR',)
2026-04-28 07:40:15,640 fastran_driver_fastran_driver_2 DEBUG    _get_service_response(REQUEST|fastran_FPP_000001@fastran_driver@2|FRAMEWORK@Framework@0|232)
2026-04-28 07:40:15,651 fastran_driver_fastran_driver_2 DEBUG    _get_service_response(REQUEST|fastran_FPP_000001@fastran_driver@2|FRAMEWORK@Framework@0|232), response = ServiceResponseMessage(sender_id=FRAMEWORK@Framework@0, receiver_id=fastran_FPP_000001@fastran_driver@2, request_msg_id=REQUEST|fastran_FPP_000001@fastran_driver@2|FRAMEWORK@Framework@0|232,status=0, args=(<ipsframework.cca_es_spec.Topic object at 0x7fbe9a2a04c0>,), message_id=RESPONSE|FRAMEWORK@Framework@0|fastran_FPP_000001@fastran_driver@2|653)
2026-04-28 07:40:15,651 fastran_driver_fastran_driver_2 DEBUG    _invoke_service(): sendEvent  ('_IPS_MONITOR', 'PORTAL_EVENT', {'sim_name': 'fastran_FPP_000001', 'real_sim_name': 'fastran_FPP_000001', 'portal_data': {'code': 'fastran_driver_fastran_driver', 'eventtype': 'IPS_STAGE_OUTPUTS', 'ok': True, 'walltime': '103.20', 'time': '2026-04-28|07:40:15PDT', 'trace': {'timestamp': 1777387215640335, 'duration': 224, 'localEndpoint': {'serviceName': 'stage_output_files'}, 'name': '[]', 'id': 'ed019efe11be26d9', 'parentId': 'f899e3e5886669ce', 'tags': {}}, 'state': 'Running', 'comment': 'Elapsed time = 0.000 Path = /pscratch/sd/h/hswils/github_repos/MANTA_DBSCANS/RAD_Kr_coronal/SCAN/simulation_results/4/components/fastran_driver_fastran_driver_2 Files = []'}})
2026-04-28 07:40:15,651 fastran_driver_fastran_driver_2 DEBUG    _get_service_response(REQUEST|fastran_FPP_000001@fastran_driver@2|FRAMEWORK@Framework@0|233)
2026-04-28 07:40:15,662 fastran_driver_fastran_driver_2 DEBUG    _get_service_response(REQUEST|fastran_FPP_000001@fastran_driver@2|FRAMEWORK@Framework@0|233), response = ServiceResponseMessage(sender_id=FRAMEWORK@Framework@0, receiver_id=fastran_FPP_000001@fastran_driver@2, request_msg_id=REQUEST|fastran_FPP_000001@fastran_driver@2|FRAMEWORK@Framework@0|233,status=0, args=(None,), message_id=RESPONSE|FRAMEWORK@Framework@0|fastran_FPP_000001@fastran_driver@2|654)
2026-04-28 07:40:15,662 fastran_driver_fastran_driver_2 DEBUG    _invoke_service(): getTopic  ('_IPS_MONITOR',)
2026-04-28 07:40:15,662 fastran_driver_fastran_driver_2 DEBUG    _get_service_response(REQUEST|fastran_FPP_000001@fastran_driver@2|FRAMEWORK@Framework@0|234)
2026-04-28 07:40:15,673 fastran_driver_fastran_driver_2 DEBUG    _get_service_response(REQUEST|fastran_FPP_000001@fastran_driver@2|FRAMEWORK@Framework@0|234), response = ServiceResponseMessage(sender_id=FRAMEWORK@Framework@0, receiver_id=fastran_FPP_000001@fastran_driver@2, request_msg_id=REQUEST|fastran_FPP_000001@fastran_driver@2|FRAMEWORK@Framework@0|234,status=0, args=(<ipsframework.cca_es_spec.Topic object at 0x7fbe9a2a03d0>,), message_id=RESPONSE|FRAMEWORK@Framework@0|fastran_FPP_000001@fastran_driver@2|655)
2026-04-28 07:40:15,673 fastran_driver_fastran_driver_2 DEBUG    _invoke_service(): sendEvent  ('_IPS_MONITOR', 'PORTAL_EVENT', {'sim_name': 'fastran_FPP_000001', 'real_sim_name': 'fastran_FPP_000001', 'portal_data': {'code': 'fastran_driver_fastran_driver', 'eventtype': 'IPS_CALL_BEGIN', 'ok': True, 'walltime': '103.22', 'time': '2026-04-28|07:40:15PDT', 'state': 'Running', 'comment': 'Target = fastran_FPP_000001@efit@3:finalize(4)'}})
2026-04-28 07:40:15,673 fastran_driver_fastran_driver_2 DEBUG    _get_service_response(REQUEST|fastran_FPP_000001@fastran_driver@2|FRAMEWORK@Framework@0|235)
2026-04-28 07:40:15,684 fastran_driver_fastran_driver_2 DEBUG    _get_service_response(REQUEST|fastran_FPP_000001@fastran_driver@2|FRAMEWORK@Framework@0|235), response = ServiceResponseMessage(sender_id=FRAMEWORK@Framework@0, receiver_id=fastran_FPP_000001@fastran_driver@2, request_msg_id=REQUEST|fastran_FPP_000001@fastran_driver@2|FRAMEWORK@Framework@0|235,status=0, args=(None,), message_id=RESPONSE|FRAMEWORK@Framework@0|fastran_FPP_000001@fastran_driver@2|656)
2026-04-28 07:40:15,684 fastran_driver_fastran_driver_2 DEBUG    _invoke_service(): init_call  ('finalize', 4)
2026-04-28 07:40:15,684 fastran_driver_fastran_driver_2 DEBUG    _get_service_response(REQUEST|fastran_FPP_000001@fastran_driver@2|FRAMEWORK@Framework@0|236)
2026-04-28 07:40:15,685 fastran_eq0_efit_3 DEBUG    Received Message 
2026-04-28 07:40:15,685 fastran_eq0_efit_3 DEBUG    Calling method finalize(4)
2026-04-28 07:40:15,695 fastran_driver_fastran_driver_2 DEBUG    _get_service_response(REQUEST|fastran_FPP_000001@fastran_driver@2|FRAMEWORK@Framework@0|236), response = ServiceResponseMessage(sender_id=FRAMEWORK@Framework@0, receiver_id=fastran_FPP_000001@fastran_driver@2, request_msg_id=REQUEST|fastran_FPP_000001@fastran_driver@2|FRAMEWORK@Framework@0|236,status=0, args=(39,), message_id=RESPONSE|FRAMEWORK@Framework@0|fastran_FPP_000001@fastran_driver@2|657)
2026-04-28 07:40:15,695 fastran_driver_fastran_driver_2 DEBUG    _invoke_service(): wait_call  (39, True)
2026-04-28 07:40:15,696 fastran_driver_fastran_driver_2 DEBUG    _get_service_response(REQUEST|fastran_FPP_000001@fastran_driver@2|FRAMEWORK@Framework@0|237)
2026-04-28 07:40:15,706 fastran_driver_fastran_driver_2 DEBUG    _get_service_response(REQUEST|fastran_FPP_000001@fastran_driver@2|FRAMEWORK@Framework@0|237), response = ServiceResponseMessage(sender_id=FRAMEWORK@Framework@0, receiver_id=fastran_FPP_000001@fastran_driver@2, request_msg_id=REQUEST|fastran_FPP_000001@fastran_driver@2|FRAMEWORK@Framework@0|237,status=0, args=((None,),), message_id=RESPONSE|FRAMEWORK@Framework@0|fastran_FPP_000001@fastran_driver@2|658)
2026-04-28 07:40:15,706 fastran_driver_fastran_driver_2 DEBUG    _invoke_service(): getTopic  ('_IPS_MONITOR',)
2026-04-28 07:40:15,706 fastran_driver_fastran_driver_2 DEBUG    _get_service_response(REQUEST|fastran_FPP_000001@fastran_driver@2|FRAMEWORK@Framework@0|238)
2026-04-28 07:40:15,717 fastran_driver_fastran_driver_2 DEBUG    _get_service_response(REQUEST|fastran_FPP_000001@fastran_driver@2|FRAMEWORK@Framework@0|238), response = ServiceResponseMessage(sender_id=FRAMEWORK@Framework@0, receiver_id=fastran_FPP_000001@fastran_driver@2, request_msg_id=REQUEST|fastran_FPP_000001@fastran_driver@2|FRAMEWORK@Framework@0|238,status=0, args=(<ipsframework.cca_es_spec.Topic object at 0x7fbe9a2a04c0>,), message_id=RESPONSE|FRAMEWORK@Framework@0|fastran_FPP_000001@fastran_driver@2|659)
2026-04-28 07:40:15,717 fastran_driver_fastran_driver_2 DEBUG    _invoke_service(): sendEvent  ('_IPS_MONITOR', 'PORTAL_EVENT', {'sim_name': 'fastran_FPP_000001', 'real_sim_name': 'fastran_FPP_000001', 'portal_data': {'code': 'fastran_driver_fastran_driver', 'eventtype': 'IPS_CALL_END', 'ok': True, 'walltime': '103.27', 'time': '2026-04-28|07:40:15PDT', 'trace': {'timestamp': 1777387215695955, 'duration': 10498, 'localEndpoint': {'serviceName': 'fastran_FPP_000001@efit@3'}, 'name': 'finalize(4)', 'id': '2f98dd4a52e552c0', 'parentId': 'f899e3e5886669ce', 'tags': {}}, 'state': 'Running', 'comment': 'Target = fastran_FPP_000001@efit@3:finalize(4)'}})
2026-04-28 07:40:15,717 fastran_driver_fastran_driver_2 DEBUG    _get_service_response(REQUEST|fastran_FPP_000001@fastran_driver@2|FRAMEWORK@Framework@0|239)
2026-04-28 07:40:15,728 fastran_driver_fastran_driver_2 DEBUG    _get_service_response(REQUEST|fastran_FPP_000001@fastran_driver@2|FRAMEWORK@Framework@0|239), response = ServiceResponseMessage(sender_id=FRAMEWORK@Framework@0, receiver_id=fastran_FPP_000001@fastran_driver@2, request_msg_id=REQUEST|fastran_FPP_000001@fastran_driver@2|FRAMEWORK@Framework@0|239,status=0, args=(None,), message_id=RESPONSE|FRAMEWORK@Framework@0|fastran_FPP_000001@fastran_driver@2|660)
2026-04-28 07:40:15,728 fastran_driver_fastran_driver_2 DEBUG    _invoke_service(): getTopic  ('_IPS_MONITOR',)
2026-04-28 07:40:15,728 fastran_driver_fastran_driver_2 DEBUG    _get_service_response(REQUEST|fastran_FPP_000001@fastran_driver@2|FRAMEWORK@Framework@0|240)
2026-04-28 07:40:15,739 fastran_driver_fastran_driver_2 DEBUG    _get_service_response(REQUEST|fastran_FPP_000001@fastran_driver@2|FRAMEWORK@Framework@0|240), response = ServiceResponseMessage(sender_id=FRAMEWORK@Framework@0, receiver_id=fastran_FPP_000001@fastran_driver@2, request_msg_id=REQUEST|fastran_FPP_000001@fastran_driver@2|FRAMEWORK@Framework@0|240,status=0, args=(<ipsframework.cca_es_spec.Topic object at 0x7fbe9a2a03d0>,), message_id=RESPONSE|FRAMEWORK@Framework@0|fastran_FPP_000001@fastran_driver@2|662)
2026-04-28 07:40:15,739 fastran_driver_fastran_driver_2 DEBUG    _invoke_service(): sendEvent  ('_IPS_MONITOR', 'PORTAL_EVENT', {'sim_name': 'fastran_FPP_000001', 'real_sim_name': 'fastran_FPP_000001', 'portal_data': {'code': 'fastran_driver_fastran_driver', 'eventtype': 'IPS_CALL_BEGIN', 'ok': True, 'walltime': '103.29', 'time': '2026-04-28|07:40:15PDT', 'state': 'Running', 'comment': 'Target = fastran_FPP_000001@fastran@4:finalize(4)'}})
2026-04-28 07:40:15,739 fastran_driver_fastran_driver_2 DEBUG    _get_service_response(REQUEST|fastran_FPP_000001@fastran_driver@2|FRAMEWORK@Framework@0|241)
2026-04-28 07:40:15,750 fastran_driver_fastran_driver_2 DEBUG    _get_service_response(REQUEST|fastran_FPP_000001@fastran_driver@2|FRAMEWORK@Framework@0|241), response = ServiceResponseMessage(sender_id=FRAMEWORK@Framework@0, receiver_id=fastran_FPP_000001@fastran_driver@2, request_msg_id=REQUEST|fastran_FPP_000001@fastran_driver@2|FRAMEWORK@Framework@0|241,status=0, args=(None,), message_id=RESPONSE|FRAMEWORK@Framework@0|fastran_FPP_000001@fastran_driver@2|663)
2026-04-28 07:40:15,750 fastran_driver_fastran_driver_2 DEBUG    _invoke_service(): init_call  ('finalize', 4)
2026-04-28 07:40:15,750 fastran_driver_fastran_driver_2 DEBUG    _get_service_response(REQUEST|fastran_FPP_000001@fastran_driver@2|FRAMEWORK@Framework@0|242)
2026-04-28 07:40:15,751 fastran_tr0_fastran_4 DEBUG    Received Message 
2026-04-28 07:40:15,751 fastran_tr0_fastran_4 DEBUG    Calling method finalize(4)
2026-04-28 07:40:15,761 fastran_driver_fastran_driver_2 DEBUG    _get_service_response(REQUEST|fastran_FPP_000001@fastran_driver@2|FRAMEWORK@Framework@0|242), response = ServiceResponseMessage(sender_id=FRAMEWORK@Framework@0, receiver_id=fastran_FPP_000001@fastran_driver@2, request_msg_id=REQUEST|fastran_FPP_000001@fastran_driver@2|FRAMEWORK@Framework@0|242,status=0, args=(40,), message_id=RESPONSE|FRAMEWORK@Framework@0|fastran_FPP_000001@fastran_driver@2|664)
2026-04-28 07:40:15,761 fastran_driver_fastran_driver_2 DEBUG    _invoke_service(): wait_call  (40, True)
2026-04-28 07:40:15,761 fastran_driver_fastran_driver_2 DEBUG    _get_service_response(REQUEST|fastran_FPP_000001@fastran_driver@2|FRAMEWORK@Framework@0|243)
2026-04-28 07:40:15,772 fastran_driver_fastran_driver_2 DEBUG    _get_service_response(REQUEST|fastran_FPP_000001@fastran_driver@2|FRAMEWORK@Framework@0|243), response = ServiceResponseMessage(sender_id=FRAMEWORK@Framework@0, receiver_id=fastran_FPP_000001@fastran_driver@2, request_msg_id=REQUEST|fastran_FPP_000001@fastran_driver@2|FRAMEWORK@Framework@0|243,status=0, args=((None,),), message_id=RESPONSE|FRAMEWORK@Framework@0|fastran_FPP_000001@fastran_driver@2|665)
2026-04-28 07:40:15,772 fastran_driver_fastran_driver_2 DEBUG    _invoke_service(): getTopic  ('_IPS_MONITOR',)
2026-04-28 07:40:15,772 fastran_driver_fastran_driver_2 DEBUG    _get_service_response(REQUEST|fastran_FPP_000001@fastran_driver@2|FRAMEWORK@Framework@0|244)
2026-04-28 07:40:15,782 fastran_driver_fastran_driver_2 DEBUG    _get_service_response(REQUEST|fastran_FPP_000001@fastran_driver@2|FRAMEWORK@Framework@0|244), response = ServiceResponseMessage(sender_id=FRAMEWORK@Framework@0, receiver_id=fastran_FPP_000001@fastran_driver@2, request_msg_id=REQUEST|fastran_FPP_000001@fastran_driver@2|FRAMEWORK@Framework@0|244,status=0, args=(<ipsframework.cca_es_spec.Topic object at 0x7fbe9a2a04c0>,), message_id=RESPONSE|FRAMEWORK@Framework@0|fastran_FPP_000001@fastran_driver@2|666)
2026-04-28 07:40:15,782 fastran_driver_fastran_driver_2 DEBUG    _invoke_service(): sendEvent  ('_IPS_MONITOR', 'PORTAL_EVENT', {'sim_name': 'fastran_FPP_000001', 'real_sim_name': 'fastran_FPP_000001', 'portal_data': {'code': 'fastran_driver_fastran_driver', 'eventtype': 'IPS_CALL_END', 'ok': True, 'walltime': '103.33', 'time': '2026-04-28|07:40:15PDT', 'trace': {'timestamp': 1777387215761402, 'duration': 10689, 'localEndpoint': {'serviceName': 'fastran_FPP_000001@fastran@4'}, 'name': 'finalize(4)', 'id': 'ffbe4872e79e23a5', 'parentId': 'f899e3e5886669ce', 'tags': {}}, 'state': 'Running', 'comment': 'Target = fastran_FPP_000001@fastran@4:finalize(4)'}})
2026-04-28 07:40:15,782 fastran_driver_fastran_driver_2 DEBUG    _get_service_response(REQUEST|fastran_FPP_000001@fastran_driver@2|FRAMEWORK@Framework@0|245)
2026-04-28 07:40:15,793 fastran_driver_fastran_driver_2 DEBUG    _get_service_response(REQUEST|fastran_FPP_000001@fastran_driver@2|FRAMEWORK@Framework@0|245), response = ServiceResponseMessage(sender_id=FRAMEWORK@Framework@0, receiver_id=fastran_FPP_000001@fastran_driver@2, request_msg_id=REQUEST|fastran_FPP_000001@fastran_driver@2|FRAMEWORK@Framework@0|245,status=0, args=(None,), message_id=RESPONSE|FRAMEWORK@Framework@0|fastran_FPP_000001@fastran_driver@2|667)
2026-04-28 07:40:15,793 fastran_driver_fastran_driver_2 DEBUG    _invoke_service(): getTopic  ('_IPS_MONITOR',)
2026-04-28 07:40:15,793 fastran_driver_fastran_driver_2 DEBUG    _get_service_response(REQUEST|fastran_FPP_000001@fastran_driver@2|FRAMEWORK@Framework@0|246)
2026-04-28 07:40:15,804 fastran_driver_fastran_driver_2 DEBUG    _get_service_response(REQUEST|fastran_FPP_000001@fastran_driver@2|FRAMEWORK@Framework@0|246), response = ServiceResponseMessage(sender_id=FRAMEWORK@Framework@0, receiver_id=fastran_FPP_000001@fastran_driver@2, request_msg_id=REQUEST|fastran_FPP_000001@fastran_driver@2|FRAMEWORK@Framework@0|246,status=0, args=(<ipsframework.cca_es_spec.Topic object at 0x7fbe9a2a03d0>,), message_id=RESPONSE|FRAMEWORK@Framework@0|fastran_FPP_000001@fastran_driver@2|668)
2026-04-28 07:40:15,804 fastran_driver_fastran_driver_2 DEBUG    _invoke_service(): sendEvent  ('_IPS_MONITOR', 'PORTAL_EVENT', {'sim_name': 'fastran_FPP_000001', 'real_sim_name': 'fastran_FPP_000001', 'portal_data': {'code': 'fastran_driver_fastran_driver', 'eventtype': 'IPS_CALL_BEGIN', 'ok': True, 'walltime': '103.35', 'time': '2026-04-28|07:40:15PDT', 'state': 'Running', 'comment': 'Target = fastran_FPP_000001@impurity_radiation@5:finalize(4)'}})
2026-04-28 07:40:15,804 fastran_driver_fastran_driver_2 DEBUG    _get_service_response(REQUEST|fastran_FPP_000001@fastran_driver@2|FRAMEWORK@Framework@0|247)
2026-04-28 07:40:15,815 fastran_driver_fastran_driver_2 DEBUG    _get_service_response(REQUEST|fastran_FPP_000001@fastran_driver@2|FRAMEWORK@Framework@0|247), response = ServiceResponseMessage(sender_id=FRAMEWORK@Framework@0, receiver_id=fastran_FPP_000001@fastran_driver@2, request_msg_id=REQUEST|fastran_FPP_000001@fastran_driver@2|FRAMEWORK@Framework@0|247,status=0, args=(None,), message_id=RESPONSE|FRAMEWORK@Framework@0|fastran_FPP_000001@fastran_driver@2|669)
2026-04-28 07:40:15,815 fastran_driver_fastran_driver_2 DEBUG    _invoke_service(): init_call  ('finalize', 4)
2026-04-28 07:40:15,815 fastran_driver_fastran_driver_2 DEBUG    _get_service_response(REQUEST|fastran_FPP_000001@fastran_driver@2|FRAMEWORK@Framework@0|248)
2026-04-28 07:40:15,816 fastran__impurity_radiation_5 DEBUG    Received Message 
2026-04-28 07:40:15,816 fastran__impurity_radiation_5 DEBUG    Calling method finalize(4)
2026-04-28 07:40:15,826 fastran_driver_fastran_driver_2 DEBUG    _get_service_response(REQUEST|fastran_FPP_000001@fastran_driver@2|FRAMEWORK@Framework@0|248), response = ServiceResponseMessage(sender_id=FRAMEWORK@Framework@0, receiver_id=fastran_FPP_000001@fastran_driver@2, request_msg_id=REQUEST|fastran_FPP_000001@fastran_driver@2|FRAMEWORK@Framework@0|248,status=0, args=(41,), message_id=RESPONSE|FRAMEWORK@Framework@0|fastran_FPP_000001@fastran_driver@2|670)
2026-04-28 07:40:15,826 fastran_driver_fastran_driver_2 DEBUG    _invoke_service(): wait_call  (41, True)
2026-04-28 07:40:15,827 fastran_driver_fastran_driver_2 DEBUG    _get_service_response(REQUEST|fastran_FPP_000001@fastran_driver@2|FRAMEWORK@Framework@0|249)
2026-04-28 07:40:15,837 fastran_driver_fastran_driver_2 DEBUG    _get_service_response(REQUEST|fastran_FPP_000001@fastran_driver@2|FRAMEWORK@Framework@0|249), response = ServiceResponseMessage(sender_id=FRAMEWORK@Framework@0, receiver_id=fastran_FPP_000001@fastran_driver@2, request_msg_id=REQUEST|fastran_FPP_000001@fastran_driver@2|FRAMEWORK@Framework@0|249,status=0, args=((None,),), message_id=RESPONSE|FRAMEWORK@Framework@0|fastran_FPP_000001@fastran_driver@2|671)
2026-04-28 07:40:15,837 fastran_driver_fastran_driver_2 DEBUG    _invoke_service(): getTopic  ('_IPS_MONITOR',)
2026-04-28 07:40:15,838 fastran_driver_fastran_driver_2 DEBUG    _get_service_response(REQUEST|fastran_FPP_000001@fastran_driver@2|FRAMEWORK@Framework@0|250)
2026-04-28 07:40:15,848 fastran_driver_fastran_driver_2 DEBUG    _get_service_response(REQUEST|fastran_FPP_000001@fastran_driver@2|FRAMEWORK@Framework@0|250), response = ServiceResponseMessage(sender_id=FRAMEWORK@Framework@0, receiver_id=fastran_FPP_000001@fastran_driver@2, request_msg_id=REQUEST|fastran_FPP_000001@fastran_driver@2|FRAMEWORK@Framework@0|250,status=0, args=(<ipsframework.cca_es_spec.Topic object at 0x7fbe9a2a04c0>,), message_id=RESPONSE|FRAMEWORK@Framework@0|fastran_FPP_000001@fastran_driver@2|672)
2026-04-28 07:40:15,848 fastran_driver_fastran_driver_2 DEBUG    _invoke_service(): sendEvent  ('_IPS_MONITOR', 'PORTAL_EVENT', {'sim_name': 'fastran_FPP_000001', 'real_sim_name': 'fastran_FPP_000001', 'portal_data': {'code': 'fastran_driver_fastran_driver', 'eventtype': 'IPS_CALL_END', 'ok': True, 'walltime': '103.40', 'time': '2026-04-28|07:40:15PDT', 'trace': {'timestamp': 1777387215826879, 'duration': 11018, 'localEndpoint': {'serviceName': 'fastran_FPP_000001@impurity_radiation@5'}, 'name': 'finalize(4)', 'id': 'fa434151541e4005', 'parentId': 'f899e3e5886669ce', 'tags': {}}, 'state': 'Running', 'comment': 'Target = fastran_FPP_000001@impurity_radiation@5:finalize(4)'}})
2026-04-28 07:40:15,849 fastran_driver_fastran_driver_2 DEBUG    _get_service_response(REQUEST|fastran_FPP_000001@fastran_driver@2|FRAMEWORK@Framework@0|251)
2026-04-28 07:40:15,859 fastran_driver_fastran_driver_2 DEBUG    _get_service_response(REQUEST|fastran_FPP_000001@fastran_driver@2|FRAMEWORK@Framework@0|251), response = ServiceResponseMessage(sender_id=FRAMEWORK@Framework@0, receiver_id=fastran_FPP_000001@fastran_driver@2, request_msg_id=REQUEST|fastran_FPP_000001@fastran_driver@2|FRAMEWORK@Framework@0|251,status=0, args=(None,), message_id=RESPONSE|FRAMEWORK@Framework@0|fastran_FPP_000001@fastran_driver@2|673)
2026-04-28 07:40:15,860 fastran_driver_fastran_driver_2 DEBUG    _invoke_service(): getTopic  ('_IPS_MONITOR',)
2026-04-28 07:40:15,860 fastran_driver_fastran_driver_2 DEBUG    _get_service_response(REQUEST|fastran_FPP_000001@fastran_driver@2|FRAMEWORK@Framework@0|252)
2026-04-28 07:40:15,871 fastran_driver_fastran_driver_2 DEBUG    _get_service_response(REQUEST|fastran_FPP_000001@fastran_driver@2|FRAMEWORK@Framework@0|252), response = ServiceResponseMessage(sender_id=FRAMEWORK@Framework@0, receiver_id=fastran_FPP_000001@fastran_driver@2, request_msg_id=REQUEST|fastran_FPP_000001@fastran_driver@2|FRAMEWORK@Framework@0|252,status=0, args=(<ipsframework.cca_es_spec.Topic object at 0x7fbe9a2a03d0>,), message_id=RESPONSE|FRAMEWORK@Framework@0|fastran_FPP_000001@fastran_driver@2|674)
2026-04-28 07:40:15,871 fastran_driver_fastran_driver_2 DEBUG    _invoke_service(): sendEvent  ('_IPS_MONITOR', 'PORTAL_EVENT', {'sim_name': 'fastran_FPP_000001', 'real_sim_name': 'fastran_FPP_000001', 'portal_data': {'code': 'fastran_driver_fastran_driver', 'eventtype': 'IPS_CALL_BEGIN', 'ok': True, 'walltime': '103.42', 'time': '2026-04-28|07:40:15PDT', 'state': 'Running', 'comment': 'Target = fastran_FPP_000001@hcd_model@6:finalize(4)'}})
2026-04-28 07:40:15,871 fastran_driver_fastran_driver_2 DEBUG    _get_service_response(REQUEST|fastran_FPP_000001@fastran_driver@2|FRAMEWORK@Framework@0|253)
2026-04-28 07:40:15,882 fastran_driver_fastran_driver_2 DEBUG    _get_service_response(REQUEST|fastran_FPP_000001@fastran_driver@2|FRAMEWORK@Framework@0|253), response = ServiceResponseMessage(sender_id=FRAMEWORK@Framework@0, receiver_id=fastran_FPP_000001@fastran_driver@2, request_msg_id=REQUEST|fastran_FPP_000001@fastran_driver@2|FRAMEWORK@Framework@0|253,status=0, args=(None,), message_id=RESPONSE|FRAMEWORK@Framework@0|fastran_FPP_000001@fastran_driver@2|675)
2026-04-28 07:40:15,882 fastran_driver_fastran_driver_2 DEBUG    _invoke_service(): init_call  ('finalize', 4)
2026-04-28 07:40:15,882 fastran_driver_fastran_driver_2 DEBUG    _get_service_response(REQUEST|fastran_FPP_000001@fastran_driver@2|FRAMEWORK@Framework@0|254)
2026-04-28 07:40:15,883 fastran_ic_hcd_model_6 DEBUG    Received Message 
2026-04-28 07:40:15,883 fastran_ic_hcd_model_6 DEBUG    Calling method finalize(4)
2026-04-28 07:40:15,893 fastran_driver_fastran_driver_2 DEBUG    _get_service_response(REQUEST|fastran_FPP_000001@fastran_driver@2|FRAMEWORK@Framework@0|254), response = ServiceResponseMessage(sender_id=FRAMEWORK@Framework@0, receiver_id=fastran_FPP_000001@fastran_driver@2, request_msg_id=REQUEST|fastran_FPP_000001@fastran_driver@2|FRAMEWORK@Framework@0|254,status=0, args=(42,), message_id=RESPONSE|FRAMEWORK@Framework@0|fastran_FPP_000001@fastran_driver@2|676)
2026-04-28 07:40:15,893 fastran_driver_fastran_driver_2 DEBUG    _invoke_service(): wait_call  (42, True)
2026-04-28 07:40:15,893 fastran_driver_fastran_driver_2 DEBUG    _get_service_response(REQUEST|fastran_FPP_000001@fastran_driver@2|FRAMEWORK@Framework@0|255)
2026-04-28 07:40:15,903 fastran_driver_fastran_driver_2 DEBUG    _get_service_response(REQUEST|fastran_FPP_000001@fastran_driver@2|FRAMEWORK@Framework@0|255), response = ServiceResponseMessage(sender_id=FRAMEWORK@Framework@0, receiver_id=fastran_FPP_000001@fastran_driver@2, request_msg_id=REQUEST|fastran_FPP_000001@fastran_driver@2|FRAMEWORK@Framework@0|255,status=0, args=((None,),), message_id=RESPONSE|FRAMEWORK@Framework@0|fastran_FPP_000001@fastran_driver@2|677)
2026-04-28 07:40:15,904 fastran_driver_fastran_driver_2 DEBUG    _invoke_service(): getTopic  ('_IPS_MONITOR',)
2026-04-28 07:40:15,904 fastran_driver_fastran_driver_2 DEBUG    _get_service_response(REQUEST|fastran_FPP_000001@fastran_driver@2|FRAMEWORK@Framework@0|256)
2026-04-28 07:40:15,914 fastran_driver_fastran_driver_2 DEBUG    _get_service_response(REQUEST|fastran_FPP_000001@fastran_driver@2|FRAMEWORK@Framework@0|256), response = ServiceResponseMessage(sender_id=FRAMEWORK@Framework@0, receiver_id=fastran_FPP_000001@fastran_driver@2, request_msg_id=REQUEST|fastran_FPP_000001@fastran_driver@2|FRAMEWORK@Framework@0|256,status=0, args=(<ipsframework.cca_es_spec.Topic object at 0x7fbe9a2a04c0>,), message_id=RESPONSE|FRAMEWORK@Framework@0|fastran_FPP_000001@fastran_driver@2|678)
2026-04-28 07:40:15,915 fastran_driver_fastran_driver_2 DEBUG    _invoke_service(): sendEvent  ('_IPS_MONITOR', 'PORTAL_EVENT', {'sim_name': 'fastran_FPP_000001', 'real_sim_name': 'fastran_FPP_000001', 'portal_data': {'code': 'fastran_driver_fastran_driver', 'eventtype': 'IPS_CALL_END', 'ok': True, 'walltime': '103.46', 'time': '2026-04-28|07:40:15PDT', 'trace': {'timestamp': 1777387215893089, 'duration': 10931, 'localEndpoint': {'serviceName': 'fastran_FPP_000001@hcd_model@6'}, 'name': 'finalize(4)', 'id': 'c2898ebde13fed41', 'parentId': 'f899e3e5886669ce', 'tags': {}}, 'state': 'Running', 'comment': 'Target = fastran_FPP_000001@hcd_model@6:finalize(4)'}})
2026-04-28 07:40:15,915 fastran_driver_fastran_driver_2 DEBUG    _get_service_response(REQUEST|fastran_FPP_000001@fastran_driver@2|FRAMEWORK@Framework@0|257)
2026-04-28 07:40:15,925 fastran_driver_fastran_driver_2 DEBUG    _get_service_response(REQUEST|fastran_FPP_000001@fastran_driver@2|FRAMEWORK@Framework@0|257), response = ServiceResponseMessage(sender_id=FRAMEWORK@Framework@0, receiver_id=fastran_FPP_000001@fastran_driver@2, request_msg_id=REQUEST|fastran_FPP_000001@fastran_driver@2|FRAMEWORK@Framework@0|257,status=0, args=(None,), message_id=RESPONSE|FRAMEWORK@Framework@0|fastran_FPP_000001@fastran_driver@2|679)
2026-04-28 07:40:15,926 fastran_driver_fastran_driver_2 DEBUG    _invoke_service(): getTopic  ('_IPS_MONITOR',)
2026-04-28 07:40:15,926 fastran_driver_fastran_driver_2 DEBUG    _get_service_response(REQUEST|fastran_FPP_000001@fastran_driver@2|FRAMEWORK@Framework@0|258)
2026-04-28 07:40:15,937 fastran_driver_fastran_driver_2 DEBUG    _get_service_response(REQUEST|fastran_FPP_000001@fastran_driver@2|FRAMEWORK@Framework@0|258), response = ServiceResponseMessage(sender_id=FRAMEWORK@Framework@0, receiver_id=fastran_FPP_000001@fastran_driver@2, request_msg_id=REQUEST|fastran_FPP_000001@fastran_driver@2|FRAMEWORK@Framework@0|258,status=0, args=(<ipsframework.cca_es_spec.Topic object at 0x7fbe9a2a03d0>,), message_id=RESPONSE|FRAMEWORK@Framework@0|fastran_FPP_000001@fastran_driver@2|680)
2026-04-28 07:40:15,937 fastran_driver_fastran_driver_2 DEBUG    _invoke_service(): sendEvent  ('_IPS_MONITOR', 'PORTAL_EVENT', {'sim_name': 'fastran_FPP_000001', 'real_sim_name': 'fastran_FPP_000001', 'portal_data': {'code': 'fastran_driver_fastran_driver', 'eventtype': 'IPS_CALL_BEGIN', 'ok': True, 'walltime': '103.49', 'time': '2026-04-28|07:40:15PDT', 'state': 'Running', 'comment': 'Target = fastran_FPP_000001@efit@7:finalize(4)'}})
2026-04-28 07:40:15,937 fastran_driver_fastran_driver_2 DEBUG    _get_service_response(REQUEST|fastran_FPP_000001@fastran_driver@2|FRAMEWORK@Framework@0|259)
2026-04-28 07:40:15,948 fastran_driver_fastran_driver_2 DEBUG    _get_service_response(REQUEST|fastran_FPP_000001@fastran_driver@2|FRAMEWORK@Framework@0|259), response = ServiceResponseMessage(sender_id=FRAMEWORK@Framework@0, receiver_id=fastran_FPP_000001@fastran_driver@2, request_msg_id=REQUEST|fastran_FPP_000001@fastran_driver@2|FRAMEWORK@Framework@0|259,status=0, args=(None,), message_id=RESPONSE|FRAMEWORK@Framework@0|fastran_FPP_000001@fastran_driver@2|681)
2026-04-28 07:40:15,948 fastran_driver_fastran_driver_2 DEBUG    _invoke_service(): init_call  ('finalize', 4)
2026-04-28 07:40:15,948 fastran_driver_fastran_driver_2 DEBUG    _get_service_response(REQUEST|fastran_FPP_000001@fastran_driver@2|FRAMEWORK@Framework@0|260)
2026-04-28 07:40:15,949 fastran_eq_efit_7 DEBUG    Received Message 
2026-04-28 07:40:15,949 fastran_eq_efit_7 DEBUG    Calling method finalize(4)
2026-04-28 07:40:15,959 fastran_driver_fastran_driver_2 DEBUG    _get_service_response(REQUEST|fastran_FPP_000001@fastran_driver@2|FRAMEWORK@Framework@0|260), response = ServiceResponseMessage(sender_id=FRAMEWORK@Framework@0, receiver_id=fastran_FPP_000001@fastran_driver@2, request_msg_id=REQUEST|fastran_FPP_000001@fastran_driver@2|FRAMEWORK@Framework@0|260,status=0, args=(43,), message_id=RESPONSE|FRAMEWORK@Framework@0|fastran_FPP_000001@fastran_driver@2|682)
2026-04-28 07:40:15,959 fastran_driver_fastran_driver_2 DEBUG    _invoke_service(): wait_call  (43, True)
2026-04-28 07:40:15,959 fastran_driver_fastran_driver_2 DEBUG    _get_service_response(REQUEST|fastran_FPP_000001@fastran_driver@2|FRAMEWORK@Framework@0|261)
2026-04-28 07:40:15,970 fastran_driver_fastran_driver_2 DEBUG    _get_service_response(REQUEST|fastran_FPP_000001@fastran_driver@2|FRAMEWORK@Framework@0|261), response = ServiceResponseMessage(sender_id=FRAMEWORK@Framework@0, receiver_id=fastran_FPP_000001@fastran_driver@2, request_msg_id=REQUEST|fastran_FPP_000001@fastran_driver@2|FRAMEWORK@Framework@0|261,status=0, args=((None,),), message_id=RESPONSE|FRAMEWORK@Framework@0|fastran_FPP_000001@fastran_driver@2|683)
2026-04-28 07:40:15,970 fastran_driver_fastran_driver_2 DEBUG    _invoke_service(): getTopic  ('_IPS_MONITOR',)
2026-04-28 07:40:15,970 fastran_driver_fastran_driver_2 DEBUG    _get_service_response(REQUEST|fastran_FPP_000001@fastran_driver@2|FRAMEWORK@Framework@0|262)
2026-04-28 07:40:15,981 fastran_driver_fastran_driver_2 DEBUG    _get_service_response(REQUEST|fastran_FPP_000001@fastran_driver@2|FRAMEWORK@Framework@0|262), response = ServiceResponseMessage(sender_id=FRAMEWORK@Framework@0, receiver_id=fastran_FPP_000001@fastran_driver@2, request_msg_id=REQUEST|fastran_FPP_000001@fastran_driver@2|FRAMEWORK@Framework@0|262,status=0, args=(<ipsframework.cca_es_spec.Topic object at 0x7fbe9a2a04c0>,), message_id=RESPONSE|FRAMEWORK@Framework@0|fastran_FPP_000001@fastran_driver@2|684)
2026-04-28 07:40:15,981 fastran_driver_fastran_driver_2 DEBUG    _invoke_service(): sendEvent  ('_IPS_MONITOR', 'PORTAL_EVENT', {'sim_name': 'fastran_FPP_000001', 'real_sim_name': 'fastran_FPP_000001', 'portal_data': {'code': 'fastran_driver_fastran_driver', 'eventtype': 'IPS_CALL_END', 'ok': True, 'walltime': '103.53', 'time': '2026-04-28|07:40:15PDT', 'trace': {'timestamp': 1777387215959337, 'duration': 10964, 'localEndpoint': {'serviceName': 'fastran_FPP_000001@efit@7'}, 'name': 'finalize(4)', 'id': 'a282c5e99f2dec53', 'parentId': 'f899e3e5886669ce', 'tags': {}}, 'state': 'Running', 'comment': 'Target = fastran_FPP_000001@efit@7:finalize(4)'}})
2026-04-28 07:40:15,981 fastran_driver_fastran_driver_2 DEBUG    _get_service_response(REQUEST|fastran_FPP_000001@fastran_driver@2|FRAMEWORK@Framework@0|263)
2026-04-28 07:40:15,992 fastran_driver_fastran_driver_2 DEBUG    _get_service_response(REQUEST|fastran_FPP_000001@fastran_driver@2|FRAMEWORK@Framework@0|263), response = ServiceResponseMessage(sender_id=FRAMEWORK@Framework@0, receiver_id=fastran_FPP_000001@fastran_driver@2, request_msg_id=REQUEST|fastran_FPP_000001@fastran_driver@2|FRAMEWORK@Framework@0|263,status=0, args=(None,), message_id=RESPONSE|FRAMEWORK@Framework@0|fastran_FPP_000001@fastran_driver@2|685)
2026-04-28 07:40:15,992 fastran_driver_fastran_driver_2 DEBUG    _invoke_service(): getTopic  ('_IPS_MONITOR',)
2026-04-28 07:40:15,992 fastran_driver_fastran_driver_2 DEBUG    _get_service_response(REQUEST|fastran_FPP_000001@fastran_driver@2|FRAMEWORK@Framework@0|264)
2026-04-28 07:40:16,003 fastran_driver_fastran_driver_2 DEBUG    _get_service_response(REQUEST|fastran_FPP_000001@fastran_driver@2|FRAMEWORK@Framework@0|264), response = ServiceResponseMessage(sender_id=FRAMEWORK@Framework@0, receiver_id=fastran_FPP_000001@fastran_driver@2, request_msg_id=REQUEST|fastran_FPP_000001@fastran_driver@2|FRAMEWORK@Framework@0|264,status=0, args=(<ipsframework.cca_es_spec.Topic object at 0x7fbe9a2a03d0>,), message_id=RESPONSE|FRAMEWORK@Framework@0|fastran_FPP_000001@fastran_driver@2|686)
2026-04-28 07:40:16,003 fastran_driver_fastran_driver_2 DEBUG    _invoke_service(): sendEvent  ('_IPS_MONITOR', 'PORTAL_EVENT', {'sim_name': 'fastran_FPP_000001', 'real_sim_name': 'fastran_FPP_000001', 'portal_data': {'code': 'fastran_driver_fastran_driver', 'eventtype': 'IPS_CALL_BEGIN', 'ok': True, 'walltime': '103.55', 'time': '2026-04-28|07:40:15PDT', 'state': 'Running', 'comment': 'Target = fastran_FPP_000001@fastran@8:finalize(4)'}})
2026-04-28 07:40:16,003 fastran_driver_fastran_driver_2 DEBUG    _get_service_response(REQUEST|fastran_FPP_000001@fastran_driver@2|FRAMEWORK@Framework@0|265)
2026-04-28 07:40:16,014 fastran_driver_fastran_driver_2 DEBUG    _get_service_response(REQUEST|fastran_FPP_000001@fastran_driver@2|FRAMEWORK@Framework@0|265), response = ServiceResponseMessage(sender_id=FRAMEWORK@Framework@0, receiver_id=fastran_FPP_000001@fastran_driver@2, request_msg_id=REQUEST|fastran_FPP_000001@fastran_driver@2|FRAMEWORK@Framework@0|265,status=0, args=(None,), message_id=RESPONSE|FRAMEWORK@Framework@0|fastran_FPP_000001@fastran_driver@2|687)
2026-04-28 07:40:16,014 fastran_driver_fastran_driver_2 DEBUG    _invoke_service(): init_call  ('finalize', 4)
2026-04-28 07:40:16,014 fastran_driver_fastran_driver_2 DEBUG    _get_service_response(REQUEST|fastran_FPP_000001@fastran_driver@2|FRAMEWORK@Framework@0|266)
2026-04-28 07:40:16,015 fastran_tr_fastran_8 DEBUG    Received Message 
2026-04-28 07:40:16,015 fastran_tr_fastran_8 DEBUG    Calling method finalize(4)
2026-04-28 07:40:16,025 fastran_driver_fastran_driver_2 DEBUG    _get_service_response(REQUEST|fastran_FPP_000001@fastran_driver@2|FRAMEWORK@Framework@0|266), response = ServiceResponseMessage(sender_id=FRAMEWORK@Framework@0, receiver_id=fastran_FPP_000001@fastran_driver@2, request_msg_id=REQUEST|fastran_FPP_000001@fastran_driver@2|FRAMEWORK@Framework@0|266,status=0, args=(44,), message_id=RESPONSE|FRAMEWORK@Framework@0|fastran_FPP_000001@fastran_driver@2|688)
2026-04-28 07:40:16,025 fastran_driver_fastran_driver_2 DEBUG    _invoke_service(): wait_call  (44, True)
2026-04-28 07:40:16,025 fastran_driver_fastran_driver_2 DEBUG    _get_service_response(REQUEST|fastran_FPP_000001@fastran_driver@2|FRAMEWORK@Framework@0|267)
2026-04-28 07:40:16,036 fastran_driver_fastran_driver_2 DEBUG    _get_service_response(REQUEST|fastran_FPP_000001@fastran_driver@2|FRAMEWORK@Framework@0|267), response = ServiceResponseMessage(sender_id=FRAMEWORK@Framework@0, receiver_id=fastran_FPP_000001@fastran_driver@2, request_msg_id=REQUEST|fastran_FPP_000001@fastran_driver@2|FRAMEWORK@Framework@0|267,status=0, args=((None,),), message_id=RESPONSE|FRAMEWORK@Framework@0|fastran_FPP_000001@fastran_driver@2|689)
2026-04-28 07:40:16,036 fastran_driver_fastran_driver_2 DEBUG    _invoke_service(): getTopic  ('_IPS_MONITOR',)
2026-04-28 07:40:16,036 fastran_driver_fastran_driver_2 DEBUG    _get_service_response(REQUEST|fastran_FPP_000001@fastran_driver@2|FRAMEWORK@Framework@0|268)
2026-04-28 07:40:16,047 fastran_driver_fastran_driver_2 DEBUG    _get_service_response(REQUEST|fastran_FPP_000001@fastran_driver@2|FRAMEWORK@Framework@0|268), response = ServiceResponseMessage(sender_id=FRAMEWORK@Framework@0, receiver_id=fastran_FPP_000001@fastran_driver@2, request_msg_id=REQUEST|fastran_FPP_000001@fastran_driver@2|FRAMEWORK@Framework@0|268,status=0, args=(<ipsframework.cca_es_spec.Topic object at 0x7fbe9a2a04c0>,), message_id=RESPONSE|FRAMEWORK@Framework@0|fastran_FPP_000001@fastran_driver@2|690)
2026-04-28 07:40:16,047 fastran_driver_fastran_driver_2 DEBUG    _invoke_service(): sendEvent  ('_IPS_MONITOR', 'PORTAL_EVENT', {'sim_name': 'fastran_FPP_000001', 'real_sim_name': 'fastran_FPP_000001', 'portal_data': {'code': 'fastran_driver_fastran_driver', 'eventtype': 'IPS_CALL_END', 'ok': True, 'walltime': '103.60', 'time': '2026-04-28|07:40:16PDT', 'trace': {'timestamp': 1777387216025265, 'duration': 10892, 'localEndpoint': {'serviceName': 'fastran_FPP_000001@fastran@8'}, 'name': 'finalize(4)', 'id': '8117c2f7b58744ea', 'parentId': 'f899e3e5886669ce', 'tags': {}}, 'state': 'Running', 'comment': 'Target = fastran_FPP_000001@fastran@8:finalize(4)'}})
2026-04-28 07:40:16,047 fastran_driver_fastran_driver_2 DEBUG    _get_service_response(REQUEST|fastran_FPP_000001@fastran_driver@2|FRAMEWORK@Framework@0|269)
2026-04-28 07:40:16,058 fastran_driver_fastran_driver_2 DEBUG    _get_service_response(REQUEST|fastran_FPP_000001@fastran_driver@2|FRAMEWORK@Framework@0|269), response = ServiceResponseMessage(sender_id=FRAMEWORK@Framework@0, receiver_id=fastran_FPP_000001@fastran_driver@2, request_msg_id=REQUEST|fastran_FPP_000001@fastran_driver@2|FRAMEWORK@Framework@0|269,status=0, args=(None,), message_id=RESPONSE|FRAMEWORK@Framework@0|fastran_FPP_000001@fastran_driver@2|691)
2026-04-28 07:40:16,059 fastran_driver_fastran_driver_2 DEBUG    Received Message 
2026-04-28 07:40:16,059 fastran_driver_fastran_driver_2 DEBUG    Calling method finalize(0)
2026-04-28 07:40:16,077 fastran_init_fastran_init_1 DEBUG    Received Message 
2026-04-28 07:40:16,077 fastran_eq0_efit_3 DEBUG    Received Message 
2026-04-28 07:40:16,077 fastran_init_fastran_init_1 DEBUG    Calling method terminate(0)
2026-04-28 07:40:16,077 fastran__impurity_radiation_5 DEBUG    Received Message 
2026-04-28 07:40:16,077 fastran_eq0_efit_3 DEBUG    Calling method terminate(0)
2026-04-28 07:40:16,077 fastran_eq_efit_7 DEBUG    Received Message 
2026-04-28 07:40:16,077 fastran_init_fastran_init_1 DEBUG    Calling self.sys_exit(0)
2026-04-28 07:40:16,078 fastran_tr0_fastran_4 DEBUG    Received Message 
2026-04-28 07:40:16,077 fastran_driver_fastran_driver_2 DEBUG    Received Message 
2026-04-28 07:40:16,078 fastran_tr_fastran_8 DEBUG    Received Message 
2026-04-28 07:40:16,078 fastran_ic_hcd_model_6 DEBUG    Received Message 
2026-04-28 07:40:16,077 fastran__impurity_radiation_5 DEBUG    Calling method terminate(0)
2026-04-28 07:40:16,077 fastran_eq0_efit_3 DEBUG    Calling self.sys_exit(0)
2026-04-28 07:40:16,077 fastran_eq_efit_7 DEBUG    Calling method terminate(0)
2026-04-28 07:40:16,078 fastran_tr0_fastran_4 DEBUG    Calling method terminate(0)
2026-04-28 07:40:16,078 fastran_tr_fastran_8 DEBUG    Calling method terminate(0)
2026-04-28 07:40:16,077 fastran_driver_fastran_driver_2 DEBUG    Calling method terminate(0)
2026-04-28 07:40:16,078 fastran_ic_hcd_model_6 DEBUG    Calling method terminate(0)
2026-04-28 07:40:16,077 fastran__impurity_radiation_5 DEBUG    Calling self.sys_exit(0)
2026-04-28 07:40:16,077 fastran_eq_efit_7 DEBUG    Calling self.sys_exit(0)
2026-04-28 07:40:16,078 fastran_tr0_fastran_4 DEBUG    Calling self.sys_exit(0)
2026-04-28 07:40:16,078 fastran_tr_fastran_8 DEBUG    Calling self.sys_exit(0)
2026-04-28 07:40:16,077 fastran_driver_fastran_driver_2 DEBUG    Calling self.sys_exit(0)
2026-04-28 07:40:16,078 fastran_ic_hcd_model_6 DEBUG    Calling self.sys_exit(0)
