Major radius (central)
   0.460884432E+01
Major radius (axis)
   0.475177260E+01
Magnetic field at major radius
   0.108595553E+02
Total toroidal current
   0.125774131E+02
Number of poloidal modes
   16
Number of radial mesh points
  151
Radial mesh: sqrt(Psi/Psilim)
   0.000000000E+00   0.793483726E-02   0.158609861E-01   0.237787358E-01
   0.316872238E-01   0.395855775E-01   0.474731089E-01   0.553494883E-01
   0.632148749E-01   0.710699691E-01   0.789159398E-01   0.867542489E-01
   0.945864419E-01   0.102413946E+00   0.110237902E+00   0.118059057E+00
   0.125877739E+00   0.133693887E+00   0.141507099E+00   0.149316701E+00
   0.157121838E+00   0.164921602E+00   0.172715120E+00   0.180501593E+00
   0.188280294E+00   0.196050588E+00   0.203811983E+00   0.211564173E+00
   0.219307005E+00   0.227040410E+00   0.234764343E+00   0.242478748E+00
   0.250183551E+00   0.257878628E+00   0.265563771E+00   0.273238677E+00
   0.280902985E+00   0.288556315E+00   0.296198292E+00   0.303828556E+00
   0.311446753E+00   0.319052538E+00   0.326645576E+00   0.334225537E+00
   0.341792083E+00   0.349344870E+00   0.356883547E+00   0.364407770E+00
   0.371917208E+00   0.379411540E+00   0.386890448E+00   0.394353621E+00
   0.401800755E+00   0.409231553E+00   0.416645726E+00   0.424042987E+00
   0.431423045E+00   0.438785611E+00   0.446130391E+00   0.453457091E+00
   0.460765417E+00   0.468055072E+00   0.475325761E+00   0.482577183E+00
   0.489809035E+00   0.497021011E+00   0.504212800E+00   0.511384088E+00
   0.518534562E+00   0.525663906E+00   0.532771806E+00   0.539857948E+00
   0.546922022E+00   0.553963719E+00   0.560982730E+00   0.567978743E+00
   0.574951441E+00   0.581900505E+00   0.588825607E+00   0.595726416E+00
   0.602602596E+00   0.609453804E+00   0.616279697E+00   0.623079930E+00
   0.629854155E+00   0.636602027E+00   0.643323196E+00   0.650017315E+00
   0.656684036E+00   0.663323009E+00   0.669933880E+00   0.676516294E+00
   0.683069891E+00   0.689594311E+00   0.696089188E+00   0.702554157E+00
   0.708988850E+00   0.715392895E+00   0.721765920E+00   0.728107554E+00
   0.734417423E+00   0.740695152E+00   0.746940363E+00   0.753152676E+00
   0.759331706E+00   0.765477070E+00   0.771588376E+00   0.777665231E+00
   0.783707238E+00   0.789713995E+00   0.795685097E+00   0.801620135E+00
   0.807518697E+00   0.813380366E+00   0.819204723E+00   0.824991344E+00
   0.830739802E+00   0.836449666E+00   0.842120498E+00   0.847751855E+00
   0.853343287E+00   0.858894334E+00   0.864404529E+00   0.869873397E+00
   0.875300460E+00   0.880685237E+00   0.886027248E+00   0.891326008E+00
   0.896581033E+00   0.901791829E+00   0.906957887E+00   0.912078669E+00
   0.917153604E+00   0.922182082E+00   0.927163455E+00   0.932097050E+00
   0.936982182E+00   0.941818185E+00   0.946604431E+00   0.951340355E+00
   0.956025468E+00   0.960659340E+00   0.965241581E+00   0.969771792E+00
   0.974249539E+00   0.978674379E+00   0.983045944E+00   0.987364040E+00
   0.991628732E+00   0.995840435E+00   0.100000000E+01
Fourier equilibrium coefficients
   0.475177260E+01   0.475176707E+01   0.475175048E+01   0.475172284E+01
   0.475168414E+01   0.475163438E+01   0.475157356E+01   0.475150169E+01
   0.475141876E+01   0.475132477E+01   0.475121972E+01   0.475110361E+01
   0.475097645E+01   0.475083823E+01   0.475068896E+01   0.475052862E+01
   0.475035723E+01   0.475017478E+01   0.474998127E+01   0.474977671E+01
   0.474956108E+01   0.474933440E+01   0.474909666E+01   0.474884846E+01
   0.474859037E+01   0.474832257E+01   0.474804527E+01   0.474775873E+01
   0.474746314E+01   0.474715859E+01   0.474684514E+01   0.474652286E+01
   0.474619197E+01   0.474585271E+01   0.474550533E+01   0.474515005E+01
   0.474478706E+01   0.474441659E+01   0.474403889E+01   0.474365420E+01
   0.474326277E+01   0.474286471E+01   0.474246012E+01   0.474204911E+01
   0.474163184E+01   0.474120844E+01   0.474077913E+01   0.474034426E+01
   0.473990423E+01   0.473945943E+01   0.473901033E+01   0.473855740E+01
   0.473810110E+01   0.473764180E+01   0.473717987E+01   0.473671566E+01
   0.473624942E+01   0.473578141E+01   0.473531187E+01   0.473484087E+01
   0.473436851E+01   0.473389483E+01   0.473341982E+01   0.473294345E+01
   0.473246571E+01   0.473198659E+01   0.473150610E+01   0.473102427E+01
   0.473054119E+01   0.473005695E+01   0.472957164E+01   0.472908537E+01
   0.472859827E+01   0.472811042E+01   0.472762187E+01   0.472713264E+01
   0.472664275E+01   0.472615216E+01   0.472566081E+01   0.472516865E+01
   0.472467558E+01   0.472418152E+01   0.472368637E+01   0.472319008E+01
   0.472269258E+01   0.472219380E+01   0.472169372E+01   0.472119232E+01
   0.472068957E+01   0.472018549E+01   0.471968009E+01   0.471917338E+01
   0.471866539E+01   0.471815618E+01   0.471764579E+01   0.471713427E+01
   0.471662171E+01   0.471610817E+01   0.471559380E+01   0.471507871E+01
   0.471456305E+01   0.471404698E+01   0.471353064E+01   0.471301419E+01
   0.471249781E+01   0.471198164E+01   0.471146588E+01   0.471095066E+01
   0.471043617E+01   0.470992257E+01   0.470941002E+01   0.470889872E+01
   0.470838886E+01   0.470788063E+01   0.470737428E+01   0.470687001E+01
   0.470636808E+01   0.470586875E+01   0.470537227E+01   0.470487894E+01
   0.470438906E+01   0.470390295E+01   0.470342100E+01   0.470294365E+01
   0.470247132E+01   0.470200452E+01   0.470154374E+01   0.470108950E+01
   0.470064235E+01   0.470020281E+01   0.469977142E+01   0.469934869E+01
   0.469893510E+01   0.469853122E+01   0.469813783E+01   0.469775581E+01
   0.469738644E+01   0.469703277E+01   0.469669829E+01   0.469638591E+01
   0.469609626E+01   0.469582939E+01   0.469558248E+01   0.469534114E+01
   0.469508811E+01   0.469481026E+01   0.469451093E+01   0.469419758E+01
   0.469387767E+01   0.469355866E+01   0.469324802E+01
   0.539529535E-01   0.539525447E-01   0.539513183E-01   0.539492744E-01
   0.539464128E-01   0.539427337E-01   0.539382370E-01   0.539329228E-01
   0.539267909E-01   0.539198415E-01   0.539120745E-01   0.539034899E-01
   0.538940877E-01   0.538838679E-01   0.538728306E-01   0.538609757E-01
   0.538483032E-01   0.538348131E-01   0.538205054E-01   0.538053802E-01
   0.537894373E-01   0.537726769E-01   0.537550989E-01   0.537367198E-01
   0.537175561E-01   0.536975994E-01   0.536768918E-01   0.536554878E-01
   0.536334255E-01   0.536106766E-01   0.535871964E-01   0.535629563E-01
   0.535379944E-01   0.535123649E-01   0.534861100E-01   0.534592231E-01
   0.534316852E-01   0.534034839E-01   0.533746326E-01   0.533451510E-01
   0.533150541E-01   0.532843380E-01   0.532529941E-01   0.532210159E-01
   0.531884044E-01   0.531551630E-01   0.531213003E-01   0.530868479E-01
   0.530518429E-01   0.530163150E-01   0.529802650E-01   0.529436863E-01
   0.529065777E-01   0.528689608E-01   0.528308626E-01   0.527923051E-01
   0.527532894E-01   0.527138116E-01   0.526738669E-01   0.526334471E-01
   0.525925428E-01   0.525511412E-01   0.525092152E-01   0.524667338E-01
   0.524236683E-01   0.523799977E-01   0.523357031E-01   0.522907674E-01
   0.522451803E-01   0.521989334E-01   0.521520147E-01   0.521043983E-01
   0.520560546E-01   0.520069547E-01   0.519570717E-01   0.519063792E-01
   0.518548483E-01   0.518024409E-01   0.517491161E-01   0.516948341E-01
   0.516395585E-01   0.515832535E-01   0.515258803E-01   0.514673884E-01
   0.514077239E-01   0.513468345E-01   0.512846726E-01   0.512211918E-01
   0.511563449E-01   0.510900820E-01   0.510223525E-01   0.509531040E-01
   0.508822788E-01   0.508098173E-01   0.507356605E-01   0.506597504E-01
   0.505820292E-01   0.505024367E-01   0.504209016E-01   0.503373499E-01
   0.502517075E-01   0.501638998E-01   0.500738518E-01   0.499814862E-01
   0.498867151E-01   0.497894484E-01   0.496895934E-01   0.495870480E-01
   0.494817077E-01   0.493734647E-01   0.492621975E-01   0.491477814E-01
   0.490300882E-01   0.489089768E-01   0.487843026E-01   0.486559168E-01
   0.485236546E-01   0.483873469E-01   0.482468195E-01   0.481018767E-01
   0.479523180E-01   0.477979363E-01   0.476385003E-01   0.474737722E-01
   0.473035027E-01   0.471273956E-01   0.469451427E-01   0.467564196E-01
   0.465608364E-01   0.463579867E-01   0.461474655E-01   0.459288721E-01
   0.457018070E-01   0.454658459E-01   0.452204634E-01   0.449651093E-01
   0.446991088E-01   0.444212888E-01   0.441303521E-01   0.438251005E-01
   0.435047330E-01   0.431685479E-01   0.428161742E-01   0.424485642E-01
   0.420670011E-01   0.416717292E-01   0.412588378E-01   0.408233773E-01
   0.403603984E-01   0.398649516E-01   0.393320874E-01
   0.000000000E+00   0.782111428E-02   0.156390125E-01   0.234499734E-01
   0.312511416E-01   0.390405278E-01   0.468170080E-01   0.545803443E-01
   0.623312671E-01   0.700714547E-01   0.778034339E-01   0.855302534E-01
   0.932556207E-01   0.100983433E+00   0.108715828E+00   0.116454223E+00
   0.124199342E+00   0.131949731E+00   0.139702662E+00   0.147455323E+00
   0.155207627E+00   0.162960356E+00   0.170714164E+00   0.178468703E+00
   0.186223238E+00   0.193976821E+00   0.201728093E+00   0.209475425E+00
   0.217217750E+00   0.224957079E+00   0.232696585E+00   0.240438981E+00
   0.248183552E+00   0.255928476E+00   0.263672163E+00   0.271414814E+00
   0.279157174E+00   0.286899850E+00   0.294642598E+00   0.302384902E+00
   0.310126286E+00   0.317866623E+00   0.325605879E+00   0.333344029E+00
   0.341081076E+00   0.348817037E+00   0.356551910E+00   0.364285606E+00
   0.372018006E+00   0.379748993E+00   0.387478460E+00   0.395206299E+00
   0.402932416E+00   0.410656782E+00   0.418379389E+00   0.426100205E+00
   0.433819104E+00   0.441535926E+00   0.449250540E+00   0.456962958E+00
   0.464673234E+00   0.472381395E+00   0.480087340E+00   0.487790928E+00
   0.495492035E+00   0.503190609E+00   0.510886623E+00   0.518580046E+00
   0.526270830E+00   0.533958922E+00   0.541644262E+00   0.549326759E+00
   0.557006310E+00   0.564682815E+00   0.572356200E+00   0.580026395E+00
   0.587693327E+00   0.595356912E+00   0.603017060E+00   0.610673686E+00
   0.618326715E+00   0.625976079E+00   0.633621698E+00   0.641263454E+00
   0.648901212E+00   0.656534849E+00   0.664164286E+00   0.671789458E+00
   0.679410290E+00   0.687026672E+00   0.694638486E+00   0.702245600E+00
   0.709847838E+00   0.717445011E+00   0.725036948E+00   0.732623580E+00
   0.740204860E+00   0.747780708E+00   0.755350896E+00   0.762915151E+00
   0.770473226E+00   0.778025002E+00   0.785570394E+00   0.793109288E+00
   0.800641461E+00   0.808166655E+00   0.815684619E+00   0.823195141E+00
   0.830698020E+00   0.838193050E+00   0.845680030E+00   0.853158760E+00
   0.860629019E+00   0.868090518E+00   0.875542948E+00   0.882985998E+00
   0.890419385E+00   0.897842828E+00   0.905256040E+00   0.912658725E+00
   0.920050579E+00   0.927431272E+00   0.934800380E+00   0.942157446E+00
   0.949502020E+00   0.956833709E+00   0.964152129E+00   0.971456857E+00
   0.978747333E+00   0.986022953E+00   0.993283112E+00   0.100052724E+01
   0.100775477E+01   0.101496514E+01   0.102215787E+01   0.102933249E+01
   0.103648829E+01   0.104362355E+01   0.105073628E+01   0.105782462E+01
   0.106488734E+01   0.107192336E+01   0.107893288E+01   0.108592138E+01
   0.109289582E+01   0.109986139E+01   0.110681560E+01   0.111375390E+01
   0.112067163E+01   0.112756400E+01   0.113442610E+01
   0.000000000E+00   0.947356422E-02   0.189432571E-01   0.284046494E-01
   0.378542682E-01   0.472895980E-01   0.567090796E-01   0.661121921E-01
   0.754997883E-01   0.848740141E-01   0.942380949E-01   0.103595745E+00
   0.112951418E+00   0.122309784E+00   0.131673400E+00   0.141043950E+00
   0.150422289E+00   0.159806676E+00   0.169193848E+00   0.178580438E+00
   0.187966320E+00   0.197352400E+00   0.206739436E+00   0.216127028E+00
   0.225514331E+00   0.234900243E+00   0.244283134E+00   0.253661045E+00
   0.263032701E+00   0.272400570E+00   0.281768539E+00   0.291139938E+00
   0.300513962E+00   0.309888470E+00   0.319261600E+00   0.328633651E+00
   0.338005576E+00   0.347378174E+00   0.356751246E+00   0.366124285E+00
   0.375496824E+00   0.384868768E+00   0.394240122E+00   0.403610904E+00
   0.412981194E+00   0.422351096E+00   0.431720708E+00   0.441090088E+00
   0.450459285E+00   0.459828352E+00   0.469197363E+00   0.478566400E+00
   0.487935561E+00   0.497305020E+00   0.506674973E+00   0.516045592E+00
   0.525416905E+00   0.534788900E+00   0.544161591E+00   0.553535130E+00
   0.562909705E+00   0.572285474E+00   0.581662421E+00   0.591040479E+00
   0.600419600E+00   0.609799843E+00   0.619181291E+00   0.628564037E+00
   0.637948187E+00   0.647333854E+00   0.656721145E+00   0.666110135E+00
   0.675500891E+00   0.684893481E+00   0.694287979E+00   0.703684464E+00
   0.713083005E+00   0.722483647E+00   0.731886425E+00   0.741291373E+00
   0.750698535E+00   0.760107955E+00   0.769519668E+00   0.778933678E+00
   0.788349975E+00   0.797768569E+00   0.807189544E+00   0.816613006E+00
   0.826039058E+00   0.835467782E+00   0.844899258E+00   0.854333552E+00
   0.863770692E+00   0.873210693E+00   0.882653608E+00   0.892099642E+00
   0.901549046E+00   0.911002038E+00   0.920458675E+00   0.929918971E+00
   0.939382985E+00   0.948850967E+00   0.958323222E+00   0.967800034E+00
   0.977281561E+00   0.986767936E+00   0.996259308E+00   0.100575590E+01
   0.101525794E+01   0.102476570E+01   0.103427945E+01   0.104379951E+01
   0.105332615E+01   0.106285964E+01   0.107240022E+01   0.108194817E+01
   0.109150383E+01   0.110106760E+01   0.111063989E+01   0.112022116E+01
   0.112981187E+01   0.113941252E+01   0.114902354E+01   0.115864537E+01
   0.116827851E+01   0.117792367E+01   0.118758161E+01   0.119725311E+01
   0.120693894E+01   0.121663990E+01   0.122635680E+01   0.123609046E+01
   0.124584172E+01   0.125561144E+01   0.126540056E+01   0.127521005E+01
   0.128504134E+01   0.129489765E+01   0.130478277E+01   0.131470008E+01
   0.132465104E+01   0.133463668E+01   0.134465552E+01   0.135469593E+01
   0.136474343E+01   0.137478711E+01   0.138483191E+01   0.139488697E+01
   0.140496167E+01   0.141506565E+01   0.142520881E+01
   0.000000000E+00   0.168407167E-03   0.336600287E-03   0.504301476E-03
   0.671342284E-03   0.837663696E-03   0.100331613E-02   0.116840288E-02
   0.133284584E-02   0.149644205E-02   0.165898609E-02   0.182058163E-02
   0.198151028E-02   0.214208201E-02   0.230233147E-02   0.246217951E-02
   0.262152913E-02   0.278035251E-02   0.293863814E-02   0.309637423E-02
   0.325356635E-02   0.341022577E-02   0.356635814E-02   0.372194098E-02
   0.387693952E-02   0.403132073E-02   0.418507980E-02   0.433822069E-02
   0.449075190E-02   0.464269680E-02   0.479408577E-02   0.494494779E-02
   0.509529257E-02   0.524512449E-02   0.539444704E-02   0.554326019E-02
   0.569156245E-02   0.583935340E-02   0.598663925E-02   0.613342832E-02
   0.627972632E-02   0.642552679E-02   0.657081902E-02   0.671559243E-02
   0.685984150E-02   0.700356164E-02   0.714675495E-02   0.728945328E-02
   0.743169865E-02   0.757352898E-02   0.771495478E-02   0.785597915E-02
   0.799660873E-02   0.813686603E-02   0.827677872E-02   0.841637103E-02
   0.855564823E-02   0.869461013E-02   0.883325579E-02   0.897158324E-02
   0.910958973E-02   0.924726765E-02   0.938459160E-02   0.952152987E-02
   0.965805162E-02   0.979413708E-02   0.992976847E-02   0.100649295E-01
   0.101996136E-01   0.103338167E-01   0.104675315E-01   0.106007397E-01
   0.107334189E-01   0.108655458E-01   0.109970957E-01   0.111280427E-01
   0.112583580E-01   0.113880045E-01   0.115169418E-01   0.116451291E-01
   0.117725291E-01   0.118991048E-01   0.120248153E-01   0.121496092E-01
   0.122734311E-01   0.123962256E-01   0.125179451E-01   0.126385429E-01
   0.127579709E-01   0.128761795E-01   0.129931175E-01   0.131087316E-01
   0.132229622E-01   0.133357469E-01   0.134470237E-01   0.135567373E-01
   0.136648332E-01   0.137712529E-01   0.138759257E-01   0.139787765E-01
   0.140797292E-01   0.141787110E-01   0.142756486E-01   0.143704652E-01
   0.144630736E-01   0.145533827E-01   0.146412974E-01   0.147267134E-01
   0.148095221E-01   0.148896104E-01   0.149668542E-01   0.150411246E-01
   0.151122870E-01   0.151801926E-01   0.152446869E-01   0.153056085E-01
   0.153627812E-01   0.154160215E-01   0.154651377E-01   0.155099156E-01
   0.155501317E-01   0.155855538E-01   0.156159285E-01   0.156409931E-01
   0.156604688E-01   0.156740300E-01   0.156813337E-01   0.156820106E-01
   0.156756101E-01   0.156616526E-01   0.156396490E-01   0.156091052E-01
   0.155695183E-01   0.155203387E-01   0.154608618E-01   0.153903310E-01
   0.153079058E-01   0.152124602E-01   0.151027739E-01   0.149775422E-01
   0.148352061E-01   0.146741137E-01   0.144930263E-01   0.142925001E-01
   0.140735745E-01   0.138361649E-01   0.135755117E-01   0.132855546E-01
   0.129600789E-01   0.125927156E-01   0.121769407E-01
   0.000000000E+00   0.279831766E-04   0.561149135E-04   0.846040323E-04
   0.113556049E-03   0.142973176E-03   0.172754318E-03   0.202762399E-03
   0.233103274E-03   0.264058405E-03   0.295937026E-03   0.328697100E-03
   0.362104921E-03   0.395898285E-03   0.430087946E-03   0.464797269E-03
   0.500150367E-03   0.536127520E-03   0.572652956E-03   0.609649130E-03
   0.647098743E-03   0.685003715E-03   0.723368797E-03   0.762201014E-03
   0.801510059E-03   0.841297886E-03   0.881523669E-03   0.922129557E-03
   0.963068143E-03   0.100436084E-02   0.104605345E-02   0.108818113E-02
   0.113070784E-02   0.117357370E-02   0.121672610E-02   0.126016428E-02
   0.130390364E-02   0.134795558E-02   0.139230407E-02   0.143692478E-02
   0.148179708E-02   0.152692072E-02   0.157230207E-02   0.161794611E-02
   0.166384687E-02   0.170999544E-02   0.175637841E-02   0.180296353E-02
   0.184971186E-02   0.189658899E-02   0.194358701E-02   0.199070563E-02
   0.203794047E-02   0.208526695E-02   0.213265420E-02   0.218007554E-02
   0.222752568E-02   0.227500573E-02   0.232251852E-02   0.237007077E-02
   0.241767120E-02   0.246533236E-02   0.251307844E-02   0.256093832E-02
   0.260894046E-02   0.265710426E-02   0.270544775E-02   0.275398803E-02
   0.280273453E-02   0.285169503E-02   0.290088063E-02   0.295031443E-02
   0.300002370E-02   0.305003629E-02   0.310037779E-02   0.315107411E-02
   0.320215398E-02   0.325365415E-02   0.330561470E-02   0.335807607E-02
   0.341107508E-02   0.346464858E-02   0.351883665E-02   0.357368869E-02
   0.362925788E-02   0.368559728E-02   0.374275376E-02   0.380077355E-02
   0.385970428E-02   0.391959510E-02   0.398049659E-02   0.404246130E-02
   0.410554592E-02   0.416980933E-02   0.423531099E-02   0.430210819E-02
   0.437025861E-02   0.443982295E-02   0.451087033E-02   0.458347324E-02
   0.465770542E-02   0.473364024E-02   0.481135214E-02   0.489091883E-02
   0.497242627E-02   0.505596403E-02   0.514162508E-02   0.522951035E-02
   0.531972448E-02   0.541237652E-02   0.550758648E-02   0.560547922E-02
   0.570618417E-02   0.580984092E-02   0.591659404E-02   0.602659355E-02
   0.614000220E-02   0.625698867E-02   0.637772894E-02   0.650241747E-02
   0.663125671E-02   0.676445815E-02   0.690225678E-02   0.704489748E-02
   0.719263755E-02   0.734576835E-02   0.750459490E-02   0.766944193E-02
   0.784069375E-02   0.801875666E-02   0.820404167E-02   0.839695106E-02
   0.859789110E-02   0.880730005E-02   0.902572059E-02   0.925373131E-02
   0.949204503E-02   0.974188094E-02   0.100046122E-01   0.102815121E-01
   0.105733456E-01   0.108807565E-01   0.112041788E-01   0.115431606E-01
   0.118970060E-01   0.122658387E-01   0.126531865E-01   0.130635253E-01
   0.135014444E-01   0.139716471E-01   0.144789500E-01
  -0.000000000E+00  -0.187331778E-05  -0.750136879E-05  -0.168962995E-04
  -0.300702564E-04  -0.470353861E-04  -0.678038349E-04  -0.923877493E-04
  -0.120799276E-03  -0.153050561E-03  -0.189153752E-03  -0.229120994E-03
  -0.272964434E-03  -0.320696219E-03  -0.372328494E-03  -0.427873408E-03
  -0.487343105E-03  -0.550749733E-03  -0.618105438E-03  -0.689422367E-03
  -0.764712666E-03  -0.843988481E-03  -0.927261959E-03  -0.101458494E-02
  -0.110600117E-02  -0.120152908E-02  -0.130117580E-02  -0.140494364E-02
  -0.151284348E-02  -0.162493111E-02  -0.174127961E-02  -0.186195897E-02
  -0.198700324E-02  -0.211643623E-02  -0.225028575E-02  -0.238859903E-02
  -0.253143041E-02  -0.267883144E-02  -0.283083360E-02  -0.298746240E-02
  -0.314874634E-02  -0.331472948E-02  -0.348546106E-02  -0.366099015E-02
  -0.384136048E-02  -0.402661482E-02  -0.421680084E-02  -0.441198495E-02
  -0.461224057E-02  -0.481764428E-02  -0.502827683E-02  -0.524422229E-02
  -0.546556710E-02  -0.569239822E-02  -0.592480470E-02  -0.616287234E-02
  -0.640666486E-02  -0.665624030E-02  -0.691165680E-02  -0.717297264E-02
  -0.744024623E-02  -0.771353629E-02  -0.799290264E-02  -0.827840552E-02
  -0.857010670E-02  -0.886807356E-02  -0.917237548E-02  -0.948308587E-02
  -0.980029264E-02  -0.101240889E-01  -0.104545699E-01  -0.107918349E-01
  -0.111359853E-01  -0.114871238E-01  -0.118453523E-01  -0.122107735E-01
  -0.125834909E-01  -0.129636057E-01  -0.133512195E-01  -0.137464357E-01
  -0.141493611E-01  -0.145601045E-01  -0.149787776E-01  -0.154055002E-01
  -0.158403957E-01  -0.162835922E-01  -0.167352315E-01  -0.171954610E-01
  -0.176644325E-01  -0.181423075E-01  -0.186292521E-01  -0.191254368E-01
  -0.196310397E-01  -0.201462432E-01  -0.206712381E-01  -0.212062375E-01
  -0.217514635E-01  -0.223071431E-01  -0.228735072E-01  -0.234507913E-01
  -0.240392410E-01  -0.246391289E-01  -0.252507389E-01  -0.258743613E-01
  -0.265102943E-01  -0.271588427E-01  -0.278203214E-01  -0.284950666E-01
  -0.291834253E-01  -0.298857558E-01  -0.306024398E-01  -0.313338711E-01
  -0.320804557E-01  -0.328426250E-01  -0.336208235E-01  -0.344155131E-01
  -0.352272003E-01  -0.360564107E-01  -0.369036892E-01  -0.377696273E-01
  -0.386548375E-01  -0.395599500E-01  -0.404856289E-01  -0.414325572E-01
  -0.424014556E-01  -0.433931578E-01  -0.444085399E-01  -0.454485217E-01
  -0.465141461E-01  -0.476065044E-01  -0.487266996E-01  -0.498758106E-01
  -0.510549261E-01  -0.522651974E-01  -0.535079659E-01  -0.547846425E-01
  -0.560968435E-01  -0.574469313E-01  -0.588375023E-01  -0.602711828E-01
  -0.617505372E-01  -0.632781551E-01  -0.648552523E-01  -0.664773059E-01
  -0.681381983E-01  -0.698334861E-01  -0.715660872E-01  -0.733408764E-01
  -0.751628497E-01  -0.770371243E-01  -0.789689386E-01
   0.000000000E+00   0.127641924E-05   0.511162617E-05   0.115145446E-04
   0.204940983E-04   0.320592110E-04   0.462188067E-04   0.629818089E-04
   0.823571417E-04   0.104353729E-03   0.128980494E-03   0.156246361E-03
   0.186160253E-03   0.218731095E-03   0.253967811E-03   0.291879323E-03
   0.332474556E-03   0.375762434E-03   0.421751880E-03   0.470451818E-03
   0.521871173E-03   0.576018867E-03   0.632903825E-03   0.692562947E-03
   0.755027187E-03   0.820310105E-03   0.888417724E-03   0.959352825E-03
   0.103312392E-02   0.110976942E-02   0.118933924E-02   0.127188131E-02
   0.135741993E-02   0.144597268E-02   0.153755966E-02   0.163221310E-02
   0.172996963E-02   0.183086389E-02   0.193491686E-02   0.204214534E-02
   0.215256818E-02   0.226621519E-02   0.238311976E-02   0.250331501E-02
   0.262682992E-02   0.275369257E-02   0.288393407E-02   0.301759740E-02
   0.315472990E-02   0.329538067E-02   0.343960073E-02   0.358744288E-02
   0.373896130E-02   0.389421036E-02   0.405324568E-02   0.421612033E-02
   0.438287198E-02   0.455353416E-02   0.472814027E-02   0.490672397E-02
   0.508931885E-02   0.527595850E-02   0.546667699E-02   0.566150846E-02
   0.586048788E-02   0.606365391E-02   0.627104640E-02   0.648270739E-02
   0.669868737E-02   0.691903971E-02   0.714381887E-02   0.737308070E-02
   0.760688218E-02   0.784528085E-02   0.808833350E-02   0.833609738E-02
   0.858862981E-02   0.884598593E-02   0.910822077E-02   0.937539027E-02
   0.964755230E-02   0.992476575E-02   0.102070910E-01   0.104945922E-01
   0.107873353E-01   0.110853887E-01   0.113888287E-01   0.116977342E-01
   0.120121865E-01   0.123322713E-01   0.126580767E-01   0.129896924E-01
   0.133272112E-01   0.136707279E-01   0.140203414E-01   0.143761628E-01
   0.147383082E-01   0.151068950E-01   0.154820398E-01   0.158638605E-01
   0.162524800E-01   0.166480351E-01   0.170506685E-01   0.174605249E-01
   0.178777502E-01   0.183024924E-01   0.187349038E-01   0.191751462E-01
   0.196233860E-01   0.200797944E-01   0.205445522E-01   0.210178451E-01
   0.214998638E-01   0.219908071E-01   0.224908788E-01   0.230002899E-01
   0.235192691E-01   0.240480532E-01   0.245868863E-01   0.251360307E-01
   0.256957568E-01   0.262663419E-01   0.268480760E-01   0.274412564E-01
   0.280461975E-01   0.286632662E-01   0.292928486E-01   0.299353415E-01
   0.305911610E-01   0.312607343E-01   0.319444804E-01   0.326427597E-01
   0.333559212E-01   0.340843819E-01   0.348288178E-01   0.355899829E-01
   0.363686912E-01   0.371659497E-01   0.379828322E-01   0.388203192E-01
   0.396789394E-01   0.405591095E-01   0.414608844E-01   0.423828403E-01
   0.433231352E-01   0.442804598E-01   0.452558423E-01   0.462509333E-01
   0.472674236E-01   0.483070437E-01   0.493715637E-01
   0.000000000E+00   0.250354561E-06   0.100230317E-05   0.225717323E-05
   0.401629212E-05   0.628098724E-05   0.905258598E-05   0.123324157E-04
   0.161218039E-04   0.204220779E-04   0.252345650E-04   0.305605928E-04
   0.364014885E-04   0.427585796E-04   0.496331934E-04   0.570266575E-04
   0.649402990E-04   0.733754455E-04   0.823334244E-04   0.918155630E-04
   0.101823189E-03   0.112357629E-03   0.123420211E-03   0.135026877E-03
   0.147192685E-03   0.159924089E-03   0.173207812E-03   0.187022583E-03
   0.201353328E-03   0.216223250E-03   0.231669421E-03   0.247722260E-03
   0.264368209E-03   0.281578926E-03   0.299332154E-03   0.317644554E-03
   0.336545442E-03   0.356060925E-03   0.376193636E-03   0.396939256E-03
   0.418294831E-03   0.440266312E-03   0.462862312E-03   0.486091998E-03
   0.509965505E-03   0.534493593E-03   0.559684791E-03   0.585536759E-03
   0.612043629E-03   0.639204107E-03   0.667038873E-03   0.695575652E-03
   0.724838956E-03   0.754834376E-03   0.785562186E-03   0.817024579E-03
   0.849233391E-03   0.882203360E-03   0.915948773E-03   0.950480338E-03
   0.985807936E-03   0.102194276E-02   0.105890106E-02   0.109670082E-02
   0.113535958E-02   0.117489114E-02   0.121530850E-02   0.125662450E-02
   0.129885069E-02   0.134199834E-02   0.138608096E-02   0.143112093E-02
   0.147714350E-02   0.152417330E-02   0.157222971E-02   0.162133101E-02
   0.167149652E-02   0.172274874E-02   0.177511140E-02   0.182860777E-02
   0.188325767E-02   0.193908018E-02   0.199609647E-02   0.205433540E-02
   0.211382839E-02   0.217460689E-02   0.223669996E-02   0.230013647E-02
   0.236494646E-02   0.243116306E-02   0.249882071E-02   0.256795496E-02
   0.263860356E-02   0.271080548E-02   0.278460065E-02   0.286003049E-02
   0.293713747E-02   0.301596637E-02   0.309656877E-02   0.317899889E-02
   0.326331186E-02   0.334956274E-02   0.343780740E-02   0.352810416E-02
   0.362051782E-02   0.371511588E-02   0.381196765E-02   0.391114524E-02
   0.401272257E-02   0.411677703E-02   0.422339530E-02   0.433266786E-02
   0.444468822E-02   0.455955616E-02   0.467737467E-02   0.479825097E-02
   0.492230276E-02   0.504965236E-02   0.518042662E-02   0.531476284E-02
   0.545280320E-02   0.559469594E-02   0.574060461E-02   0.589069939E-02
   0.604516399E-02   0.620422629E-02   0.636812949E-02   0.653712329E-02
   0.671146682E-02   0.689142588E-02   0.707727685E-02   0.726932172E-02
   0.746787388E-02   0.767326627E-02   0.788589087E-02   0.810616133E-02
   0.833457443E-02   0.857193707E-02   0.881915125E-02   0.907714145E-02
   0.934685577E-02   0.962926483E-02   0.992476402E-02   0.102313480E-01
   0.105463434E-01   0.108680814E-01   0.111992055E-01   0.115435276E-01
   0.119049601E-01   0.122875159E-01   0.126953080E-01
   0.000000000E+00   0.236123467E-06   0.944927508E-06   0.212706259E-05
   0.378317917E-05   0.591392772E-05   0.851995869E-05   0.116019226E-04
   0.151604698E-04   0.191962508E-04   0.237099161E-04   0.287021162E-04
   0.341735014E-04   0.401247224E-04   0.465564294E-04   0.534692731E-04
   0.608639038E-04   0.687409721E-04   0.771011283E-04   0.859450230E-04
   0.952733066E-04   0.105086630E-03   0.115385642E-03   0.126180054E-03
   0.137479140E-03   0.149286274E-03   0.161591182E-03   0.174378005E-03
   0.187635210E-03   0.201378172E-03   0.215631992E-03   0.230417134E-03
   0.245723420E-03   0.261530370E-03   0.277821612E-03   0.294607341E-03
   0.311906349E-03   0.329735080E-03   0.348093418E-03   0.366976270E-03
   0.386379384E-03   0.406304610E-03   0.426755539E-03   0.447736007E-03
   0.469250261E-03   0.491302816E-03   0.513896762E-03   0.537028552E-03
   0.560692428E-03   0.584885607E-03   0.609619728E-03   0.634911033E-03
   0.660773484E-03   0.687208017E-03   0.714211850E-03   0.741783193E-03
   0.769925767E-03   0.798644857E-03   0.827945359E-03   0.857829955E-03
   0.888300717E-03   0.919360339E-03   0.951014264E-03   0.983268799E-03
   0.101612976E-02   0.104960025E-02   0.108368263E-02   0.111837911E-02
   0.115369131E-02   0.118962069E-02   0.122616993E-02   0.126334722E-02
   0.130116244E-02   0.133962475E-02   0.137873922E-02   0.141850990E-02
   0.145894122E-02   0.150003918E-02   0.154181030E-02   0.158426059E-02
   0.162739354E-02   0.167121199E-02   0.171571975E-02   0.176092499E-02
   0.180683714E-02   0.185346538E-02   0.190081695E-02   0.194889866E-02
   0.199771775E-02   0.204728283E-02   0.209760299E-02   0.214868762E-02
   0.220054666E-02   0.225319036E-02   0.230662919E-02   0.236087398E-02
   0.241593576E-02   0.247182649E-02   0.252856120E-02   0.258615599E-02
   0.264462690E-02   0.270398871E-02   0.276425603E-02   0.282544434E-02
   0.288757156E-02   0.295065655E-02   0.301471846E-02   0.307977627E-02
   0.314584924E-02   0.321295770E-02   0.328112534E-02   0.335037709E-02
   0.342073851E-02   0.349223597E-02   0.356489650E-02   0.363874810E-02
   0.371382106E-02   0.379014675E-02   0.386775745E-02   0.394668722E-02
   0.402697110E-02   0.410864522E-02   0.419174812E-02   0.427631950E-02
   0.436240433E-02   0.445006649E-02   0.453937590E-02   0.463040089E-02
   0.472319814E-02   0.481782217E-02   0.491432940E-02   0.501278074E-02
   0.511323918E-02   0.521577119E-02   0.532045395E-02   0.542736851E-02
   0.553661257E-02   0.564834631E-02   0.576274897E-02   0.588000789E-02
   0.600033017E-02   0.612393158E-02   0.625074955E-02   0.637957728E-02
   0.650888570E-02   0.663759014E-02   0.676653934E-02   0.689710036E-02
   0.703067800E-02   0.716871472E-02   0.731269074E-02
  -0.000000000E+00  -0.253038487E-03  -0.505958078E-03  -0.758618547E-03
  -0.101091623E-02  -0.126278405E-02  -0.151419145E-02  -0.176513719E-02
  -0.201561895E-02  -0.226564072E-02  -0.251523005E-02  -0.276448376E-02
  -0.301354870E-02  -0.326258229E-02  -0.351164461E-02  -0.376075578E-02
  -0.400991294E-02  -0.425906119E-02  -0.450811120E-02  -0.475697185E-02
  -0.500563685E-02  -0.525412743E-02  -0.550246001E-02  -0.575061359E-02
  -0.599855266E-02  -0.624623712E-02  -0.649362604E-02  -0.674067488E-02
  -0.698735614E-02  -0.723373052E-02  -0.747989278E-02  -0.772592440E-02
  -0.797180480E-02  -0.821748080E-02  -0.846290669E-02  -0.870809152E-02
  -0.895306128E-02  -0.919784003E-02  -0.944243351E-02  -0.968684251E-02
  -0.993106762E-02  -0.101751091E-01  -0.104189671E-01  -0.106626423E-01
  -0.109061383E-01  -0.111494599E-01  -0.113926154E-01  -0.116356264E-01
  -0.118785198E-01  -0.121213224E-01  -0.123640550E-01  -0.126067376E-01
  -0.128493924E-01  -0.130920476E-01  -0.133347339E-01  -0.135774810E-01
  -0.138203082E-01  -0.140632329E-01  -0.143062731E-01  -0.145494484E-01
  -0.147927795E-01  -0.150362858E-01  -0.152799798E-01  -0.155238722E-01
  -0.157679731E-01  -0.160122916E-01  -0.162568365E-01  -0.165016184E-01
  -0.167466570E-01  -0.169919752E-01  -0.172375954E-01  -0.174835377E-01
  -0.177298219E-01  -0.179764674E-01  -0.182234902E-01  -0.184709058E-01
  -0.187187293E-01  -0.189669754E-01  -0.192156582E-01  -0.194647913E-01
  -0.197143858E-01  -0.199644517E-01  -0.202149994E-01  -0.204660400E-01
  -0.207175845E-01  -0.209696453E-01  -0.212222386E-01  -0.214753821E-01
  -0.217290937E-01  -0.219833925E-01  -0.222382978E-01  -0.224938294E-01
  -0.227500066E-01  -0.230068493E-01  -0.232643790E-01  -0.235226242E-01
  -0.237816157E-01  -0.240413842E-01  -0.243019572E-01  -0.245633624E-01
  -0.248256291E-01  -0.250887947E-01  -0.253528991E-01  -0.256179820E-01
  -0.258840790E-01  -0.261512258E-01  -0.264194584E-01  -0.266888148E-01
  -0.269593341E-01  -0.272310549E-01  -0.275040134E-01  -0.277782454E-01
  -0.280537875E-01  -0.283306776E-01  -0.286089546E-01  -0.288886596E-01
  -0.291698430E-01  -0.294525578E-01  -0.297368579E-01  -0.300227974E-01
  -0.303104310E-01  -0.305998051E-01  -0.308909291E-01  -0.311838024E-01
  -0.314784242E-01  -0.317747956E-01  -0.320729178E-01  -0.323728233E-01
  -0.326746756E-01  -0.329786752E-01  -0.332850295E-01  -0.335939567E-01
  -0.339056818E-01  -0.342202787E-01  -0.345371894E-01  -0.348556786E-01
  -0.351751061E-01  -0.354952882E-01  -0.358161552E-01  -0.361378536E-01
  -0.364614113E-01  -0.367881064E-01  -0.371185086E-01  -0.374502038E-01
  -0.377799541E-01  -0.381051538E-01  -0.384260366E-01  -0.387435783E-01
  -0.390587841E-01  -0.393726887E-01  -0.396863561E-01
  -0.000000000E+00  -0.287153805E-03  -0.574203613E-03  -0.861044244E-03
  -0.114757254E-02  -0.143368738E-02  -0.171928964E-02  -0.200430321E-02
  -0.228876191E-02  -0.257278847E-02  -0.285655339E-02  -0.314017517E-02
  -0.342376238E-02  -0.370742454E-02  -0.399123605E-02  -0.427525536E-02
  -0.455951761E-02  -0.484397907E-02  -0.512855089E-02  -0.541313947E-02
  -0.569773719E-02  -0.598236238E-02  -0.626703098E-02  -0.655174094E-02
  -0.683648319E-02  -0.712123948E-02  -0.740596132E-02  -0.769058549E-02
  -0.797507093E-02  -0.825950083E-02  -0.854400499E-02  -0.882869676E-02
  -0.911356159E-02  -0.939854423E-02  -0.968359771E-02  -0.996873852E-02
  -0.102540025E-01  -0.105394216E-01  -0.108250018E-01  -0.111107407E-01
  -0.113966369E-01  -0.116826952E-01  -0.119689220E-01  -0.122553250E-01
  -0.125419163E-01  -0.128287102E-01  -0.131157221E-01  -0.134029717E-01
  -0.136904809E-01  -0.139782729E-01  -0.142663752E-01  -0.145548174E-01
  -0.148436292E-01  -0.151328377E-01  -0.154224700E-01  -0.157125523E-01
  -0.160031055E-01  -0.162941488E-01  -0.165857012E-01  -0.168777778E-01
  -0.171703932E-01  -0.174635597E-01  -0.177572824E-01  -0.180515637E-01
  -0.183464072E-01  -0.186418240E-01  -0.189378271E-01  -0.192344298E-01
  -0.195316473E-01  -0.198294952E-01  -0.201279892E-01  -0.204271454E-01
  -0.207269797E-01  -0.210275079E-01  -0.213287423E-01  -0.216306948E-01
  -0.219333757E-01  -0.222367915E-01  -0.225409470E-01  -0.228458467E-01
  -0.231514939E-01  -0.234578912E-01  -0.237650410E-01  -0.240729451E-01
  -0.243816051E-01  -0.246910230E-01  -0.250012048E-01  -0.253121573E-01
  -0.256238874E-01  -0.259364027E-01  -0.262497109E-01  -0.265638194E-01
  -0.268787338E-01  -0.271944593E-01  -0.275110028E-01  -0.278283784E-01
  -0.281466022E-01  -0.284656894E-01  -0.287856502E-01  -0.291064932E-01
  -0.294282291E-01  -0.297508757E-01  -0.300744533E-01  -0.303989811E-01
  -0.307244734E-01  -0.310509435E-01  -0.313784048E-01  -0.317068717E-01
  -0.320363589E-01  -0.323668817E-01  -0.326984567E-01  -0.330311010E-01
  -0.333648313E-01  -0.336996606E-01  -0.340356011E-01  -0.343726653E-01
  -0.347108661E-01  -0.350502166E-01  -0.353907302E-01  -0.357324212E-01
  -0.360753045E-01  -0.364193991E-01  -0.367647403E-01  -0.371113685E-01
  -0.374593252E-01  -0.378086551E-01  -0.381594042E-01  -0.385116022E-01
  -0.388652101E-01  -0.392201695E-01  -0.395764129E-01  -0.399338421E-01
  -0.402923484E-01  -0.406518970E-01  -0.410127636E-01  -0.413753108E-01
  -0.417399345E-01  -0.421071348E-01  -0.424774491E-01  -0.428511609E-01
  -0.432274783E-01  -0.436053131E-01  -0.439834357E-01  -0.443601399E-01
  -0.447335610E-01  -0.451022997E-01  -0.454669965E-01  -0.458288356E-01
  -0.461890358E-01  -0.465488511E-01  -0.469095702E-01
   0.000000000E+00   0.236904397E-04   0.473904111E-04   0.711139048E-04
   0.948672673E-04   0.118649202E-03   0.142450766E-03   0.166262189E-03
   0.190101090E-03   0.214005674E-03   0.238019714E-03   0.262154012E-03
   0.286402629E-03   0.310757471E-03   0.335231706E-03   0.359847306E-03
   0.384624463E-03   0.409563696E-03   0.434656718E-03   0.459894817E-03
   0.485282241E-03   0.510827349E-03   0.536538500E-03   0.562422034E-03
   0.588483695E-03   0.614727867E-03   0.641153237E-03   0.667755983E-03
   0.694535138E-03   0.721506257E-03   0.748691017E-03   0.776108767E-03
   0.803761572E-03   0.831645909E-03   0.859759270E-03   0.888107626E-03
   0.916699459E-03   0.945542959E-03   0.974644026E-03   0.100400790E-02
   0.103364075E-02   0.106355283E-02   0.109375587E-02   0.112426106E-02
   0.115507555E-02   0.118620543E-02   0.121765655E-02   0.124943427E-02
   0.128154369E-02   0.131399014E-02   0.134678032E-02   0.137992134E-02
   0.141342033E-02   0.144728445E-02   0.148152089E-02   0.151613742E-02
   0.155114404E-02   0.158655156E-02   0.162237067E-02   0.165861075E-02
   0.169528098E-02   0.173239111E-02   0.176995307E-02   0.180797962E-02
   0.184648374E-02   0.188547861E-02   0.192497767E-02   0.196499411E-02
   0.200553924E-02   0.204662396E-02   0.208825963E-02   0.213045910E-02
   0.217323579E-02   0.221660342E-02   0.226057619E-02   0.230516861E-02
   0.235039557E-02   0.239627274E-02   0.244281617E-02   0.249004202E-02
   0.253796576E-02   0.258660289E-02   0.263596950E-02   0.268608347E-02
   0.273696340E-02   0.278862812E-02   0.284109658E-02   0.289438794E-02
   0.294852166E-02   0.300351735E-02   0.305939489E-02   0.311617469E-02
   0.317387825E-02   0.323252764E-02   0.329214527E-02   0.335275400E-02
   0.341437702E-02   0.347703813E-02   0.354076246E-02   0.360557577E-02
   0.367150451E-02   0.373857656E-02   0.380682050E-02   0.387626558E-02
   0.394694214E-02   0.401888122E-02   0.409211466E-02   0.416667608E-02
   0.424259997E-02   0.431992193E-02   0.439868028E-02   0.447891456E-02
   0.456066552E-02   0.464397660E-02   0.472889253E-02   0.481545995E-02
   0.490373068E-02   0.499375867E-02   0.508559923E-02   0.517931012E-02
   0.527495057E-02   0.537258119E-02   0.547226507E-02   0.557406673E-02
   0.567805342E-02   0.578429974E-02   0.589288325E-02   0.600389354E-02
   0.611746451E-02   0.623374389E-02   0.635287627E-02   0.647498279E-02
   0.660018031E-02   0.672857345E-02   0.686021022E-02   0.699512396E-02
   0.713341646E-02   0.727546835E-02   0.742173982E-02   0.757266870E-02
   0.772856621E-02   0.788971583E-02   0.805634448E-02   0.822843173E-02
   0.840589095E-02   0.858878155E-02   0.877776962E-02   0.897369021E-02
   0.917739862E-02   0.938977043E-02   0.961170150E-02
  -0.000000000E+00  -0.316296312E-04  -0.632539052E-04  -0.948702251E-04
  -0.126471262E-03  -0.158044955E-03  -0.189574510E-03  -0.221043666E-03
  -0.252458497E-03  -0.283842148E-03  -0.315222932E-03  -0.346603364E-03
  -0.377973197E-03  -0.409320362E-03  -0.440646938E-03  -0.471960653E-03
  -0.503266706E-03  -0.534552209E-03  -0.565795631E-03  -0.596974973E-03
  -0.628082428E-03  -0.659114683E-03  -0.690068115E-03  -0.720935517E-03
  -0.751708400E-03  -0.782376984E-03  -0.812927237E-03  -0.843343052E-03
  -0.873610793E-03  -0.903731541E-03  -0.933711777E-03  -0.963555819E-03
  -0.993252462E-03  -0.102278543E-02  -0.105213974E-02  -0.108130994E-02
  -0.111029351E-02  -0.113908705E-02  -0.116768167E-02  -0.119606673E-02
  -0.122423153E-02  -0.125216631E-02  -0.127986143E-02  -0.130730729E-02
  -0.133449523E-02  -0.136141676E-02  -0.138806340E-02  -0.141442667E-02
  -0.144049808E-02  -0.146626937E-02  -0.149173334E-02  -0.151688315E-02
  -0.154171152E-02  -0.156620898E-02  -0.159036541E-02  -0.161417076E-02
  -0.163761570E-02  -0.166069110E-02  -0.168338826E-02  -0.170570072E-02
  -0.172762267E-02  -0.174914792E-02  -0.177026812E-02  -0.179097430E-02
  -0.181125750E-02  -0.183110893E-02  -0.185051979E-02  -0.186948142E-02
  -0.188798557E-02  -0.190602418E-02  -0.192358908E-02  -0.194067183E-02
  -0.195726390E-02  -0.197335655E-02  -0.198894020E-02  -0.200400500E-02
  -0.201854099E-02  -0.203253798E-02  -0.204598569E-02  -0.205887384E-02
  -0.207119262E-02  -0.208293226E-02  -0.209408260E-02  -0.210463200E-02
  -0.211456831E-02  -0.212387925E-02  -0.213255251E-02  -0.214057566E-02
  -0.214793603E-02  -0.215462043E-02  -0.216061541E-02  -0.216590720E-02
  -0.217048109E-02  -0.217432204E-02  -0.217741483E-02  -0.217974445E-02
  -0.218129578E-02  -0.218205314E-02  -0.218199916E-02  -0.218111581E-02
  -0.217938481E-02  -0.217678772E-02  -0.217330587E-02  -0.216892005E-02
  -0.216360986E-02  -0.215735434E-02  -0.215013206E-02  -0.214192079E-02
  -0.213269780E-02  -0.212243973E-02  -0.211112165E-02  -0.209871790E-02
  -0.208520201E-02  -0.207054537E-02  -0.205471847E-02  -0.203769062E-02
  -0.201942781E-02  -0.199989473E-02  -0.197905533E-02  -0.195687247E-02
  -0.193330826E-02  -0.190832459E-02  -0.188188451E-02  -0.185395091E-02
  -0.182448471E-02  -0.179344056E-02  -0.176077090E-02  -0.172642037E-02
  -0.169030480E-02  -0.165233102E-02  -0.161240872E-02  -0.157046572E-02
  -0.152643351E-02  -0.148025143E-02  -0.143189452E-02  -0.138134716E-02
  -0.132856176E-02  -0.127335983E-02  -0.121552566E-02  -0.115486953E-02
  -0.109132329E-02  -0.102484976E-02  -0.955392715E-03  -0.882818511E-03
  -0.806971537E-03  -0.727610658E-03  -0.644157523E-03  -0.555935756E-03
  -0.462252212E-03  -0.362396975E-03  -0.255643354E-03
  -0.000000000E+00  -0.628263705E-06  -0.251367486E-05  -0.565716350E-05
  -0.100596597E-04  -0.157220935E-04  -0.226453949E-04  -0.308304941E-04
  -0.402783210E-04  -0.509898057E-04  -0.629658783E-04  -0.762074687E-04
  -0.907155072E-04  -0.106490924E-03  -0.123534648E-03  -0.141847611E-03
  -0.161430742E-03  -0.182284971E-03  -0.204411228E-03  -0.227810443E-03
  -0.252483547E-03  -0.278431470E-03  -0.305655141E-03  -0.334158243E-03
  -0.363943838E-03  -0.395010862E-03  -0.427357146E-03  -0.460979823E-03
  -0.495877968E-03  -0.532060764E-03  -0.569541293E-03  -0.608331021E-03
  -0.648429375E-03  -0.689831896E-03  -0.732534594E-03  -0.776538333E-03
  -0.821845320E-03  -0.868458584E-03  -0.916384398E-03  -0.965630304E-03
  -0.101620462E-02  -0.106811714E-02  -0.112137854E-02  -0.117599445E-02
  -0.123194705E-02  -0.128921050E-02  -0.134776439E-02  -0.140761907E-02
  -0.146879416E-02  -0.153130722E-02  -0.159516221E-02  -0.166035939E-02
  -0.172689942E-02  -0.179478501E-02  -0.186401952E-02  -0.193460560E-02
  -0.200654293E-02  -0.207983023E-02  -0.215446636E-02  -0.223045150E-02
  -0.230778612E-02  -0.238647060E-02  -0.246650513E-02  -0.254788982E-02
  -0.263062299E-02  -0.271469593E-02  -0.280009759E-02  -0.288681792E-02
  -0.297485324E-02  -0.306420142E-02  -0.315485970E-02  -0.324682297E-02
  -0.334008531E-02  -0.343464044E-02  -0.353048166E-02  -0.362760191E-02
  -0.372599445E-02  -0.382565489E-02  -0.392657935E-02  -0.402876328E-02
  -0.413219976E-02  -0.423688106E-02  -0.434279916E-02  -0.444994567E-02
  -0.455831194E-02  -0.466788928E-02  -0.477866976E-02  -0.489064555E-02
  -0.500380829E-02  -0.511814828E-02  -0.523365522E-02  -0.535031842E-02
  -0.546812619E-02  -0.558706637E-02  -0.570712701E-02  -0.582829798E-02
  -0.595056948E-02  -0.607393033E-02  -0.619836440E-02  -0.632385392E-02
  -0.645038100E-02  -0.657792863E-02  -0.670647974E-02  -0.683601627E-02
  -0.696651718E-02  -0.709796033E-02  -0.723032260E-02  -0.736357873E-02
  -0.749770243E-02  -0.763266549E-02  -0.776843382E-02  -0.790497116E-02
  -0.804223930E-02  -0.818019493E-02  -0.831879260E-02  -0.845798589E-02
  -0.859772790E-02  -0.873797081E-02  -0.887866402E-02  -0.901974908E-02
  -0.916116449E-02  -0.930283808E-02  -0.944465884E-02  -0.958650344E-02
  -0.972824415E-02  -0.986974529E-02  -0.100108666E-01  -0.101514734E-01
  -0.102914651E-01  -0.104307483E-01  -0.105692131E-01  -0.107066885E-01
  -0.108429847E-01  -0.109778962E-01  -0.111111694E-01  -0.112425331E-01
  -0.113715949E-01  -0.114974892E-01  -0.116192103E-01  -0.117358290E-01
  -0.118468084E-01  -0.119517041E-01  -0.120505769E-01  -0.121455635E-01
  -0.122393848E-01  -0.123341427E-01  -0.124291889E-01  -0.125231501E-01
  -0.126146154E-01  -0.127021365E-01  -0.127842276E-01
  -0.000000000E+00  -0.851526660E-06  -0.341129686E-05  -0.768709592E-05
  -0.136867092E-04  -0.214179220E-04  -0.308885196E-04  -0.421062874E-04
  -0.550790107E-04  -0.698144748E-04  -0.863204650E-04  -0.104604767E-03
  -0.124675165E-03  -0.146539446E-03  -0.170205394E-03  -0.195680795E-03
  -0.222973434E-03  -0.252091097E-03  -0.283041568E-03  -0.315832633E-03
  -0.350472078E-03  -0.386967688E-03  -0.425327247E-03  -0.465583578E-03
  -0.507764311E-03  -0.551883206E-03  -0.597946717E-03  -0.645958333E-03
  -0.695925961E-03  -0.747880792E-03  -0.801862945E-03  -0.857911605E-03
  -0.916050275E-03  -0.976298311E-03  -0.103867725E-02  -0.110321756E-02
  -0.116995324E-02  -0.123891576E-02  -0.131012082E-02  -0.138357913E-02
  -0.145930277E-02  -0.153731297E-02  -0.161763369E-02  -0.170029226E-02
  -0.178532901E-02  -0.187278923E-02  -0.196271736E-02  -0.205514778E-02
  -0.215011264E-02  -0.224764730E-02  -0.234779873E-02  -0.245061830E-02
  -0.255615854E-02  -0.266447095E-02  -0.277560790E-02  -0.288961958E-02
  -0.300654229E-02  -0.312640866E-02  -0.324925107E-02  -0.337510117E-02
  -0.350399032E-02  -0.363594981E-02  -0.377101118E-02  -0.390920593E-02
  -0.405056749E-02  -0.419513750E-02  -0.434296023E-02  -0.449408146E-02
  -0.464855121E-02  -0.480642134E-02  -0.496774501E-02  -0.513257794E-02
  -0.530097729E-02  -0.547300080E-02  -0.564870519E-02  -0.582814762E-02
  -0.601138494E-02  -0.619847002E-02  -0.638945510E-02  -0.658439350E-02
  -0.678334120E-02  -0.698635543E-02  -0.719349483E-02  -0.740482165E-02
  -0.762039975E-02  -0.784029523E-02  -0.806458057E-02  -0.829333082E-02
  -0.852662314E-02  -0.876453936E-02  -0.900716361E-02  -0.925458177E-02
  -0.950688203E-02  -0.976415437E-02  -0.100264924E-01  -0.102939997E-01
  -0.105667839E-01  -0.108449544E-01  -0.111286214E-01  -0.114178969E-01
  -0.117128969E-01  -0.120137494E-01  -0.123205870E-01  -0.126335447E-01
  -0.129527577E-01  -0.132783634E-01  -0.136105028E-01  -0.139493253E-01
  -0.142949842E-01  -0.146476373E-01  -0.150074520E-01  -0.153746004E-01
  -0.157492589E-01  -0.161316110E-01  -0.165218446E-01  -0.169201532E-01
  -0.173267429E-01  -0.177418259E-01  -0.181656211E-01  -0.185983631E-01
  -0.190402939E-01  -0.194916655E-01  -0.199527577E-01  -0.204238615E-01
  -0.209052821E-01  -0.213973662E-01  -0.219004763E-01  -0.224149752E-01
  -0.229412051E-01  -0.234795073E-01  -0.240302219E-01  -0.245936653E-01
  -0.251701514E-01  -0.257600501E-01  -0.263639435E-01  -0.269824781E-01
  -0.276164301E-01  -0.282670612E-01  -0.289357817E-01  -0.296238225E-01
  -0.303315816E-01  -0.310592436E-01  -0.318063635E-01  -0.325699497E-01
  -0.333462835E-01  -0.341324943E-01  -0.349294811E-01  -0.357391359E-01
  -0.365634005E-01  -0.374042665E-01  -0.382637749E-01
   0.000000000E+00   0.725039178E-07   0.289518582E-06   0.650298359E-06
   0.115409762E-05   0.180017072E-05   0.258777203E-05   0.351615593E-05
   0.458457677E-05   0.579228892E-05   0.713854675E-05   0.862260462E-05
   0.102437169E-04   0.120011380E-04   0.138941222E-04   0.159219239E-04
   0.180837975E-04   0.203789973E-04   0.228067778E-04   0.253663932E-04
   0.280570980E-04   0.308781465E-04   0.338287930E-04   0.369025111E-04
   0.400932711E-04   0.434069492E-04   0.468433610E-04   0.504005616E-04
   0.540756398E-04   0.578619980E-04   0.617514217E-04   0.657373432E-04
   0.698229714E-04   0.740149328E-04   0.783177032E-04   0.827231432E-04
   0.872188700E-04   0.917937232E-04   0.964455562E-04   0.101174886E-03
   0.105980818E-03   0.110855350E-03   0.115788088E-03   0.120770506E-03
   0.125804110E-03   0.130893584E-03   0.136042261E-03   0.141245501E-03
   0.146496317E-03   0.151786909E-03   0.157107224E-03   0.162446192E-03
   0.167794010E-03   0.173147963E-03   0.178507384E-03   0.183870629E-03
   0.189231139E-03   0.194580881E-03   0.199912087E-03   0.205218945E-03
   0.210496115E-03   0.215737364E-03   0.220932927E-03   0.226071842E-03
   0.231143957E-03   0.236143649E-03   0.241066517E-03   0.245907697E-03
   0.250660228E-03   0.255316513E-03   0.259868248E-03   0.264304597E-03
   0.268613827E-03   0.272784517E-03   0.276807509E-03   0.280674143E-03
   0.284375308E-03   0.287900393E-03   0.291238236E-03   0.294377832E-03
   0.297309504E-03   0.300023833E-03   0.302510510E-03   0.304755906E-03
   0.306745287E-03   0.308464190E-03   0.309900300E-03   0.311041725E-03
   0.311875962E-03   0.312388507E-03   0.312564129E-03   0.312387546E-03
   0.311844156E-03   0.310919366E-03   0.309598096E-03   0.307863979E-03
   0.305700102E-03   0.303088999E-03   0.300011843E-03   0.296449192E-03
   0.292381639E-03   0.287791009E-03   0.282659246E-03   0.276967477E-03
   0.270694311E-03   0.263817422E-03   0.256314260E-03   0.248162563E-03
   0.239339881E-03   0.229822896E-03   0.219585848E-03   0.208602008E-03
   0.196844163E-03   0.184284561E-03   0.170894964E-03   0.156646731E-03
   0.141511039E-03   0.125458675E-03   0.108459644E-03   0.904821489E-04
   0.714935498E-04   0.514594812E-04   0.303401746E-04   0.809391993E-05
  -0.153212497E-04  -0.399460123E-04  -0.658212131E-04  -0.929885637E-04
  -0.121491261E-03  -0.151373405E-03  -0.182678234E-03  -0.215443349E-03
  -0.249705225E-03  -0.285500442E-03  -0.322864718E-03  -0.361833823E-03
  -0.402489266E-03  -0.445097119E-03  -0.489976538E-03  -0.537309212E-03
  -0.586693477E-03  -0.637567121E-03  -0.689510845E-03  -0.742736434E-03
  -0.797623330E-03  -0.854540624E-03  -0.913784306E-03  -0.975636898E-03
  -0.104038771E-02  -0.110833282E-02  -0.117977510E-02
  -0.000000000E+00  -0.131661767E-06  -0.527794700E-06  -0.119012025E-05
  -0.212035987E-05  -0.332023501E-05  -0.479146712E-05  -0.653577765E-05
  -0.855488805E-05  -0.108505198E-04  -0.134243943E-04  -0.162782330E-04
  -0.194137574E-04  -0.228326889E-04  -0.265367490E-04  -0.305276591E-04
  -0.348071407E-04  -0.393769153E-04  -0.442387042E-04  -0.493942289E-04
  -0.548452109E-04  -0.605933717E-04  -0.666404326E-04  -0.730016104E-04
  -0.796909741E-04  -0.867090802E-04  -0.940466725E-04  -0.101690039E-03
  -0.109630378E-03  -0.117887936E-03  -0.126493639E-03  -0.135472714E-03
  -0.144813530E-03  -0.154491966E-03  -0.164489501E-03  -0.174822782E-03
  -0.185519971E-03  -0.196606071E-03  -0.208083417E-03  -0.219947577E-03
  -0.232195930E-03  -0.244836725E-03  -0.257881575E-03  -0.271341304E-03
  -0.285221289E-03  -0.299525365E-03  -0.314256578E-03  -0.329415109E-03
  -0.345000034E-03  -0.361014112E-03  -0.377476954E-03  -0.394413720E-03
  -0.411846362E-03  -0.429778585E-03  -0.448208866E-03  -0.467137559E-03
  -0.486574829E-03  -0.506533724E-03  -0.527026823E-03  -0.548063327E-03
  -0.569651615E-03  -0.591801437E-03  -0.614527986E-03  -0.637848296E-03
  -0.661778542E-03  -0.686329534E-03  -0.711510729E-03  -0.737331699E-03
  -0.763802351E-03  -0.790932733E-03  -0.818734839E-03  -0.847228462E-03
  -0.876435929E-03  -0.906378825E-03  -0.937073449E-03  -0.968534915E-03
  -0.100077925E-02  -0.103382553E-02  -0.106769392E-02  -0.110240422E-02
  -0.113797336E-02  -0.117441763E-02  -0.121175522E-02  -0.125001141E-02
  -0.128921380E-02  -0.132938975E-02  -0.137056345E-02  -0.141275859E-02
  -0.145599997E-02  -0.150031554E-02  -0.154573452E-02  -0.159228682E-02
  -0.164000337E-02  -0.168891581E-02  -0.173905657E-02  -0.179045940E-02
  -0.184315892E-02  -0.189719149E-02  -0.195259875E-02  -0.200942438E-02
  -0.206771241E-02  -0.212750549E-02  -0.218884650E-02  -0.225178023E-02
  -0.231635687E-02  -0.238262876E-02  -0.245064939E-02  -0.252047368E-02
  -0.259215773E-02  -0.266576014E-02  -0.274134643E-02  -0.281898490E-02
  -0.289874578E-02  -0.298070277E-02  -0.306493162E-02  -0.315151034E-02
  -0.324052169E-02  -0.333205088E-02  -0.342618600E-02  -0.352302185E-02
  -0.362265633E-02  -0.372519187E-02  -0.383074336E-02  -0.393943064E-02
  -0.405138101E-02  -0.416674440E-02  -0.428567906E-02  -0.440834550E-02
  -0.453490293E-02  -0.466551263E-02  -0.480033825E-02  -0.493954326E-02
  -0.508329336E-02  -0.523176835E-02  -0.538519601E-02  -0.554382007E-02
  -0.570794733E-02  -0.587812529E-02  -0.605497394E-02  -0.623902136E-02
  -0.643037600E-02  -0.662903743E-02  -0.683486847E-02  -0.704718701E-02
  -0.726515351E-02  -0.748835716E-02  -0.771820461E-02  -0.795660022E-02
  -0.820549780E-02  -0.846690059E-02  -0.874286127E-02
   0.000000000E+00   0.238036023E-04   0.476113933E-04   0.714376646E-04
   0.952793886E-04   0.119116219E-03   0.142910490E-03   0.166620715E-03
   0.190257497E-03   0.213870032E-03   0.237521230E-03   0.261229783E-03
   0.284994554E-03   0.308811024E-03   0.332686628E-03   0.356632603E-03
   0.380658028E-03   0.404761579E-03   0.428936535E-03   0.453176508E-03
   0.477487995E-03   0.501882071E-03   0.526369302E-03   0.550953648E-03
   0.575636749E-03   0.600419568E-03   0.625302395E-03   0.650284845E-03
   0.675368682E-03   0.700567100E-03   0.725897660E-03   0.751376896E-03
   0.777011297E-03   0.802804357E-03   0.828760224E-03   0.854887104E-03
   0.881194535E-03   0.907691510E-03   0.934383617E-03   0.961275369E-03
   0.988372844E-03   0.101568943E-02   0.104324106E-02   0.107104224E-02
   0.109909880E-02   0.112741397E-02   0.115599259E-02   0.118484751E-02
   0.121399415E-02   0.124344858E-02   0.127322752E-02   0.130334836E-02
   0.133382782E-02   0.136467798E-02   0.139590972E-02   0.142753521E-02
   0.145957172E-02   0.149203827E-02   0.152495349E-02   0.155833255E-02
   0.159218986E-02   0.162653982E-02   0.166139631E-02   0.169677318E-02
   0.173268555E-02   0.176915356E-02   0.180619906E-02   0.184384348E-02
   0.188210494E-02   0.192100084E-02   0.196054988E-02   0.200077547E-02
   0.204170266E-02   0.208335717E-02   0.212576557E-02   0.216895511E-02
   0.221295282E-02   0.225778297E-02   0.230346941E-02   0.235003714E-02
   0.239751493E-02   0.244593295E-02   0.249532184E-02   0.254571227E-02
   0.259713528E-02   0.264962322E-02   0.270321188E-02   0.275793853E-02
   0.281384136E-02   0.287096013E-02   0.292933559E-02   0.298901006E-02
   0.305002971E-02   0.311244244E-02   0.317629733E-02   0.324164499E-02
   0.330853723E-02   0.337702803E-02   0.344717702E-02   0.351904624E-02
   0.359269967E-02   0.366820506E-02   0.374563222E-02   0.382505307E-02
   0.390654372E-02   0.399018251E-02   0.407605022E-02   0.416423231E-02
   0.425481682E-02   0.434789536E-02   0.444356852E-02   0.454194086E-02
   0.464312022E-02   0.474722115E-02   0.485436173E-02   0.496466423E-02
   0.507826053E-02   0.519528705E-02   0.531588563E-02   0.544021174E-02
   0.556842678E-02   0.570069953E-02   0.583721848E-02   0.597818019E-02
   0.612378964E-02   0.627427318E-02   0.642986631E-02   0.659081697E-02
   0.675740860E-02   0.692993837E-02   0.710870587E-02   0.729400077E-02
   0.748611446E-02   0.768536385E-02   0.789215225E-02   0.810691180E-02
   0.833010360E-02   0.856227822E-02   0.880401837E-02   0.905601470E-02
   0.931935681E-02   0.959525726E-02   0.988444222E-02   0.101855758E-01
   0.104967558E-01   0.108165532E-01   0.111456341E-01   0.114852183E-01
   0.118365556E-01   0.122009256E-01   0.125796378E-01
   0.000000000E+00   0.262544653E-04   0.525032997E-04   0.787434634E-04
   0.104967475E-03   0.131163411E-03   0.157314906E-03   0.183407208E-03
   0.209452255E-03   0.235482625E-03   0.261537537E-03   0.287626091E-03
   0.313742744E-03   0.339879996E-03   0.366046254E-03   0.392256326E-03
   0.418524222E-03   0.444852565E-03   0.471239017E-03   0.497679201E-03
   0.524167621E-03   0.550697057E-03   0.577261593E-03   0.603867644E-03
   0.630526214E-03   0.657245863E-03   0.684019283E-03   0.710833162E-03
   0.737677168E-03   0.764561219E-03   0.791502337E-03   0.818515363E-03
   0.845598581E-03   0.872744961E-03   0.899948224E-03   0.927209125E-03
   0.954530426E-03   0.981914188E-03   0.100935892E-02   0.103686189E-02
   0.106441965E-02   0.109202692E-02   0.111967750E-02   0.114736668E-02
   0.117509798E-02   0.120287748E-02   0.123070939E-02   0.125858825E-02
   0.128650556E-02   0.131445358E-02   0.134243001E-02   0.137043396E-02
   0.139846433E-02   0.142651896E-02   0.145459536E-02   0.148269034E-02
   0.151079801E-02   0.153891153E-02   0.156702368E-02   0.159512669E-02
   0.162321242E-02   0.165127215E-02   0.167929611E-02   0.170727391E-02
   0.173519521E-02   0.176305135E-02   0.179083387E-02   0.181853400E-02
   0.184614231E-02   0.187364903E-02   0.190104377E-02   0.192831454E-02
   0.195544865E-02   0.198243291E-02   0.200925329E-02   0.203589520E-02
   0.206234371E-02   0.208858378E-02   0.211460004E-02   0.214037636E-02
   0.216589481E-02   0.219113661E-02   0.221608252E-02   0.224071315E-02
   0.226500867E-02   0.228894850E-02   0.231251055E-02   0.233567191E-02
   0.235840913E-02   0.238069838E-02   0.240251532E-02   0.242383453E-02
   0.244462783E-02   0.246486588E-02   0.248451896E-02   0.250355813E-02
   0.252195419E-02   0.253967645E-02   0.255668990E-02   0.257295782E-02
   0.258844274E-02   0.260310662E-02   0.261691066E-02   0.262981483E-02
   0.264177656E-02   0.265275195E-02   0.266269593E-02   0.267156139E-02
   0.267929998E-02   0.268586202E-02   0.269119541E-02   0.269524663E-02
   0.269796011E-02   0.269927517E-02   0.269912887E-02   0.269745585E-02
   0.269418466E-02   0.268924118E-02   0.268254940E-02   0.267403014E-02
   0.266360225E-02   0.265118629E-02   0.263671467E-02   0.262012212E-02
   0.260133861E-02   0.258027754E-02   0.255684687E-02   0.253093009E-02
   0.250231647E-02   0.247076688E-02   0.243604511E-02   0.239794521E-02
   0.235626568E-02   0.231087792E-02   0.226196263E-02   0.220978620E-02
   0.215456384E-02   0.209627369E-02   0.203483286E-02   0.196992172E-02
   0.190026340E-02   0.182430700E-02   0.174097784E-02   0.165126090E-02
   0.155669765E-02   0.145852153E-02   0.135657685E-02   0.125034620E-02
   0.113929933E-02   0.102289320E-02   0.900571944E-03
  -0.000000000E+00  -0.496672210E-05  -0.992995013E-05  -0.148855086E-04
  -0.198303901E-04  -0.247627557E-04  -0.296819344E-04  -0.345878781E-04
  -0.394789007E-04  -0.443522242E-04  -0.492048593E-04  -0.540354723E-04
  -0.588435992E-04  -0.636290019E-04  -0.683907610E-04  -0.731277586E-04
  -0.778383835E-04  -0.825187588E-04  -0.871638174E-04  -0.917684155E-04
  -0.963296213E-04  -0.100845201E-03  -0.105312833E-03  -0.109729493E-03
  -0.114091881E-03  -0.118396612E-03  -0.122640246E-03  -0.126819269E-03
  -0.130930500E-03  -0.134972499E-03  -0.138944500E-03  -0.142845195E-03
  -0.146670083E-03  -0.150413544E-03  -0.154070183E-03  -0.157636721E-03
  -0.161110480E-03  -0.164488673E-03  -0.167767867E-03  -0.170944418E-03
  -0.174014941E-03  -0.176977297E-03  -0.179829773E-03  -0.182570513E-03
  -0.185196636E-03  -0.187704974E-03  -0.190092049E-03  -0.192353154E-03
  -0.194483130E-03  -0.196476914E-03  -0.198330366E-03  -0.200039557E-03
  -0.201600903E-03  -0.203012394E-03  -0.204272525E-03  -0.205379423E-03
  -0.206329250E-03  -0.207117593E-03  -0.207739851E-03  -0.208190910E-03
  -0.208465427E-03  -0.208558474E-03  -0.208467228E-03  -0.208189477E-03
  -0.207722641E-03  -0.207062358E-03  -0.206203747E-03  -0.205141949E-03
  -0.203872462E-03  -0.202390841E-03  -0.200692607E-03  -0.198773271E-03
  -0.196628312E-03  -0.194253170E-03  -0.191643266E-03  -0.188793988E-03
  -0.185700752E-03  -0.182359239E-03  -0.178765180E-03  -0.174913853E-03
  -0.170798719E-03  -0.166412661E-03  -0.161748839E-03  -0.156802017E-03
  -0.151567347E-03  -0.146039814E-03  -0.140213773E-03  -0.134083369E-03
  -0.127642796E-03  -0.120886649E-03  -0.113809602E-03  -0.106406144E-03
  -0.986701365E-04  -0.905952206E-04  -0.821752587E-04  -0.734052368E-04
  -0.642804288E-04  -0.547960953E-04  -0.449474406E-04  -0.347296524E-04
  -0.241379376E-04  -0.131675887E-04  -0.181392216E-05   0.992744506E-05
   0.220596780E-04   0.345855776E-04   0.475080388E-04   0.608305623E-04
   0.745567772E-04   0.886899756E-04   0.103232180E-03   0.118185014E-03
   0.133549817E-03   0.149327077E-03   0.165516961E-03   0.182118743E-03
   0.199128490E-03   0.216541233E-03   0.234351024E-03   0.252548848E-03
   0.271124586E-03   0.290068276E-03   0.309371935E-03   0.329027847E-03
   0.349026129E-03   0.369349076E-03   0.389976491E-03   0.410886207E-03
   0.432050127E-03   0.453437963E-03   0.475005193E-03   0.496652321E-03
   0.518263365E-03   0.539736632E-03   0.561038772E-03   0.582153643E-03
   0.603059565E-03   0.623712959E-03   0.644063845E-03   0.663974149E-03
   0.682951827E-03   0.700402979E-03   0.716069946E-03   0.731108333E-03
   0.747064576E-03   0.765058225E-03   0.784345086E-03   0.803682716E-03
   0.821794243E-03   0.837368360E-03   0.849059330E-03
   0.000000000E+00   0.582418939E-05   0.116434691E-04   0.174530834E-04
   0.232480125E-04   0.290229729E-04   0.347724166E-04   0.404911187E-04
   0.461766065E-04   0.518285737E-04   0.574475209E-04   0.630311838E-04
   0.685760369E-04   0.740781764E-04   0.795337931E-04   0.849389205E-04
   0.902892730E-04   0.955800648E-04   0.100806119E-03   0.105962081E-03
   0.111042984E-03   0.116043875E-03   0.120959780E-03   0.125786088E-03
   0.130518285E-03   0.135151676E-03   0.139680827E-03   0.144099981E-03
   0.148403435E-03   0.152586305E-03   0.156643947E-03   0.160571846E-03
   0.164365970E-03   0.168022496E-03   0.171537670E-03   0.174907689E-03
   0.178128797E-03   0.181197107E-03   0.184107914E-03   0.186856252E-03
   0.189436385E-03   0.191839510E-03   0.194055661E-03   0.196075404E-03
   0.197893108E-03   0.199504203E-03   0.200904413E-03   0.202090432E-03
   0.203059350E-03   0.203808135E-03   0.204332619E-03   0.204628369E-03
   0.204690668E-03   0.204513505E-03   0.204090448E-03   0.203414981E-03
   0.202480575E-03   0.201280625E-03   0.199809065E-03   0.198062358E-03
   0.196037747E-03   0.193731653E-03   0.191136577E-03   0.188243840E-03
   0.185044997E-03   0.181533259E-03   0.177702225E-03   0.173545708E-03
   0.169058556E-03   0.164235917E-03   0.159072661E-03   0.153562382E-03
   0.147698291E-03   0.141473494E-03   0.134880861E-03   0.127913142E-03
   0.120562875E-03   0.112821984E-03   0.104682143E-03   0.961354156E-04
   0.871758429E-04   0.777979966E-04   0.679957478E-04   0.577599937E-04
   0.470807340E-04   0.359481051E-04   0.243533672E-04   0.122880000E-04
  -0.256753025E-06  -0.132903311E-04  -0.268224458E-04  -0.408629719E-04
  -0.554220460E-04  -0.705099753E-04  -0.861372002E-04  -0.102314274E-03
  -0.119051881E-03  -0.136361226E-03  -0.154255217E-03  -0.172747368E-03
  -0.191851252E-03  -0.211579960E-03  -0.231946602E-03  -0.252964843E-03
  -0.274650015E-03  -0.297018083E-03  -0.320085186E-03  -0.343867319E-03
  -0.368380633E-03  -0.393641984E-03  -0.419670335E-03  -0.446485448E-03
  -0.474107720E-03  -0.502559053E-03  -0.531862041E-03  -0.562040549E-03
  -0.593122345E-03  -0.625136630E-03  -0.658113327E-03  -0.692083457E-03
  -0.727078788E-03  -0.763130879E-03  -0.800268562E-03  -0.838520313E-03
  -0.877917085E-03  -0.918498494E-03  -0.960306990E-03  -0.100339232E-02
  -0.104783132E-02  -0.109370920E-02  -0.114111308E-02  -0.119013129E-02
  -0.124085401E-02  -0.129335537E-02  -0.134763826E-02  -0.140368651E-02
  -0.146152401E-02  -0.152134090E-02  -0.158337402E-02  -0.164785422E-02
  -0.171496962E-02  -0.178490042E-02  -0.185764856E-02  -0.193248060E-02
  -0.200845660E-02  -0.208500177E-02  -0.216310418E-02  -0.224417655E-02
  -0.232966968E-02  -0.242107238E-02  -0.251991155E-02
   0.000000000E+00   0.150367253E-06   0.602847202E-06   0.135950713E-05
   0.242241431E-05   0.379363604E-05   0.547523959E-05   0.746929224E-05
   0.977786129E-05   0.124030140E-04   0.153468177E-04   0.186113396E-04
   0.221986470E-04   0.261108072E-04   0.303498875E-04   0.349179551E-04
   0.398170774E-04   0.450493217E-04   0.506167551E-04   0.565214450E-04
   0.627654587E-04   0.693508635E-04   0.762797266E-04   0.835633911E-04
   0.912118219E-04   0.992301443E-04   0.107618518E-03   0.116375144E-03
   0.125499667E-03   0.135000621E-03   0.144889766E-03   0.155178454E-03
   0.165872663E-03   0.176976881E-03   0.188497464E-03   0.200448871E-03
   0.212848677E-03   0.225711372E-03   0.239034281E-03   0.252809045E-03
   0.267028630E-03   0.281696521E-03   0.296819107E-03   0.312407757E-03
   0.328494096E-03   0.345117184E-03   0.362309247E-03   0.380064928E-03
   0.398367405E-03   0.417205063E-03   0.436594921E-03   0.456562531E-03
   0.477132890E-03   0.498324180E-03   0.520153187E-03   0.542636281E-03
   0.565786486E-03   0.589616033E-03   0.614137489E-03   0.639364455E-03
   0.665310951E-03   0.691990294E-03   0.719412276E-03   0.747585661E-03
   0.776521119E-03   0.806237663E-03   0.836756919E-03   0.868099668E-03
   0.900281262E-03   0.933315724E-03   0.967218391E-03   0.100200971E-02
   0.103771183E-02   0.107434725E-02   0.111193840E-02   0.115050803E-02
   0.119007864E-02   0.123067026E-02   0.127230247E-02   0.131499558E-02
   0.135877216E-02   0.140365563E-02   0.144966984E-02   0.149683909E-02
   0.154518809E-02   0.159474211E-02   0.164552758E-02   0.169757150E-02
   0.175090185E-02   0.180554914E-02   0.186154493E-02   0.191892159E-02
   0.197771290E-02   0.203795345E-02   0.209967863E-02   0.216292503E-02
   0.222773004E-02   0.229413225E-02   0.236217301E-02   0.243189500E-02
   0.250334199E-02   0.257655981E-02   0.265159545E-02   0.272849683E-02
   0.280731297E-02   0.288809382E-02   0.297089046E-02   0.305575588E-02
   0.314274429E-02   0.323191142E-02   0.332331648E-02   0.341702036E-02
   0.351308445E-02   0.361156889E-02   0.371253423E-02   0.381604297E-02
   0.392216270E-02   0.403096319E-02   0.414251755E-02   0.425690905E-02
   0.437422476E-02   0.449455307E-02   0.461798295E-02   0.474460466E-02
   0.487450418E-02   0.500774532E-02   0.514438659E-02   0.528449145E-02
   0.542814223E-02   0.557542701E-02   0.572645909E-02   0.588145030E-02
   0.604064173E-02   0.620423747E-02   0.637227387E-02   0.654474319E-02
   0.672164548E-02   0.690301846E-02   0.708890922E-02   0.727940686E-02
   0.747477194E-02   0.767531373E-02   0.788114447E-02   0.809155560E-02
   0.830560992E-02   0.852247003E-02   0.874178719E-02   0.896333183E-02
   0.918686793E-02   0.941215312E-02   0.963893862E-02
   0.000000000E+00   0.176702969E-06   0.708921452E-06   0.159981981E-05
   0.285256242E-05   0.447031363E-05   0.645623782E-05   0.881349934E-05
   0.115452626E-04   0.146546919E-04   0.181449516E-04   0.220192061E-04
   0.262806198E-04   0.309323570E-04   0.359775821E-04   0.414194594E-04
   0.472611534E-04   0.535058283E-04   0.601566486E-04   0.672167786E-04
   0.746893827E-04   0.825776252E-04   0.908846705E-04   0.996225629E-04
   0.108801237E-03   0.118427192E-03   0.128505302E-03   0.139039911E-03
   0.150036439E-03   0.161505333E-03   0.173459058E-03   0.185910541E-03
   0.198871693E-03   0.212354565E-03   0.226371056E-03   0.240930616E-03
   0.256042081E-03   0.271714501E-03   0.287957628E-03   0.304781515E-03
   0.322195752E-03   0.340207478E-03   0.358823031E-03   0.378049946E-03
   0.397901470E-03   0.418392773E-03   0.439540767E-03   0.461367797E-03
   0.483898506E-03   0.507157010E-03   0.531161484E-03   0.555928809E-03
   0.581476947E-03   0.607827268E-03   0.635002537E-03   0.663024668E-03
   0.691909893E-03   0.721672976E-03   0.752328192E-03   0.783887724E-03
   0.816363073E-03   0.849766197E-03   0.884111570E-03   0.919414363E-03
   0.955690560E-03   0.992959312E-03   0.103124084E-02   0.107055652E-02
   0.111093142E-02   0.115239202E-02   0.119496506E-02   0.123867631E-02
   0.128355166E-02   0.132961731E-02   0.137689904E-02   0.142542289E-02
   0.147521462E-02   0.152629768E-02   0.157869506E-02   0.163243024E-02
   0.168752796E-02   0.174401349E-02   0.180191279E-02   0.186125368E-02
   0.192206473E-02   0.198437558E-02   0.204821900E-02   0.211362894E-02
   0.218064029E-02   0.224928972E-02   0.231961486E-02   0.239165404E-02
   0.246544619E-02   0.254103096E-02   0.261844964E-02   0.269774836E-02
   0.277897517E-02   0.286217885E-02   0.294740833E-02   0.303471321E-02
   0.312414511E-02   0.321576105E-02   0.330962032E-02   0.340578306E-02
   0.350430944E-02   0.360526042E-02   0.370869873E-02   0.381469096E-02
   0.392330560E-02   0.403461327E-02   0.414868957E-02   0.426561238E-02
   0.438546195E-02   0.450832356E-02   0.463428499E-02   0.476343593E-02
   0.489586877E-02   0.503167786E-02   0.517095993E-02   0.531381626E-02
   0.546035066E-02   0.561067541E-02   0.576493171E-02   0.592327049E-02
   0.608585242E-02   0.625286835E-02   0.642452010E-02   0.660100120E-02
   0.678245795E-02   0.696902615E-02   0.716083140E-02   0.735795158E-02
   0.756045228E-02   0.776845006E-02   0.798226917E-02   0.820229328E-02
   0.842902116E-02   0.866339103E-02   0.890647335E-02   0.915918344E-02
   0.942172238E-02   0.969410720E-02   0.997581983E-02   0.102641834E-01
   0.105559037E-01   0.108484427E-01   0.111426158E-01   0.114401235E-01
   0.117427135E-01   0.120521805E-01   0.123703662E-01
  -0.000000000E+00  -0.364108553E-07  -0.146035917E-06  -0.329463927E-06
  -0.587283629E-06  -0.920083766E-06  -0.132845308E-05  -0.181298032E-05
  -0.237425421E-05  -0.301286352E-05  -0.372939697E-05  -0.452444332E-05
  -0.539859130E-05  -0.635242966E-05  -0.738654715E-05  -0.850153249E-05
  -0.969797445E-05  -0.109764617E-04  -0.123375831E-04  -0.137819274E-04
  -0.153100832E-04  -0.169226393E-04  -0.186201845E-04  -0.204071627E-04
  -0.222876252E-04  -0.242769107E-04  -0.263743372E-04  -0.285739010E-04
  -0.308702870E-04  -0.332653599E-04  -0.357632253E-04  -0.383683962E-04
  -0.410857972E-04  -0.439207616E-04  -0.468774501E-04  -0.499537412E-04
  -0.531453189E-04  -0.564497564E-04  -0.598748691E-04  -0.634319055E-04
  -0.671305843E-04  -0.709710719E-04  -0.749506259E-04  -0.790675166E-04
  -0.833259343E-04  -0.877318699E-04  -0.922915335E-04  -0.970109948E-04
  -0.101896489E-03  -0.106953516E-03  -0.112183666E-03  -0.117587341E-03
  -0.123166237E-03  -0.128928114E-03  -0.134882667E-03  -0.141038750E-03
  -0.147400232E-03  -0.153969617E-03  -0.160750079E-03  -0.167747865E-03
  -0.174970188E-03  -0.182424068E-03  -0.190115062E-03  -0.198048391E-03
  -0.206229811E-03  -0.214667105E-03  -0.223368755E-03  -0.232343454E-03
  -0.241600025E-03  -0.251147490E-03  -0.260994666E-03  -0.271148799E-03
  -0.281616791E-03  -0.292406136E-03  -0.303526519E-03  -0.314988371E-03
  -0.326802341E-03  -0.338979200E-03  -0.351529924E-03  -0.364465851E-03
  -0.377799032E-03  -0.391541911E-03  -0.405706978E-03  -0.420306072E-03
  -0.435351020E-03  -0.450854449E-03  -0.466831619E-03  -0.483298747E-03
  -0.500272194E-03  -0.517767759E-03  -0.535801330E-03  -0.554389283E-03
  -0.573549028E-03  -0.593298505E-03  -0.613656479E-03  -0.634643969E-03
  -0.656282930E-03  -0.678595432E-03  -0.701602561E-03  -0.725325437E-03
  -0.749786260E-03  -0.775010420E-03  -0.801024537E-03  -0.827855895E-03
  -0.855532774E-03  -0.884084139E-03  -0.913539852E-03  -0.943931640E-03
  -0.975292188E-03  -0.100765514E-02  -0.104105604E-02  -0.107553145E-02
  -0.111111898E-02  -0.114785829E-02  -0.118579015E-02  -0.122495715E-02
  -0.126540689E-02  -0.130718901E-02  -0.135035560E-02  -0.139496563E-02
  -0.144108082E-02  -0.148876328E-02  -0.153807279E-02  -0.158906938E-02
  -0.164181272E-02  -0.169635755E-02  -0.175275799E-02  -0.181107800E-02
  -0.187141901E-02  -0.193389388E-02  -0.199862963E-02  -0.206580320E-02
  -0.213560765E-02  -0.220820995E-02  -0.228365663E-02  -0.236196301E-02
  -0.244314912E-02  -0.252725692E-02  -0.261433397E-02  -0.270451868E-02
  -0.279831758E-02  -0.289634237E-02  -0.299915017E-02  -0.310702835E-02
  -0.322019882E-02  -0.333884926E-02  -0.346301682E-02  -0.359269871E-02
  -0.372788967E-02  -0.386858206E-02  -0.401476580E-02
   0.000000000E+00   0.455714885E-07   0.183111631E-06   0.413858943E-06
   0.739051940E-06   0.115992914E-05   0.167772905E-05   0.229369019E-05
   0.300905108E-05   0.382505023E-05   0.474292616E-05   0.576391738E-05
   0.688926241E-05   0.812019976E-05   0.945796795E-05   0.109038055E-04
   0.124589509E-04   0.141246427E-04   0.159021194E-04   0.177926195E-04
   0.197973816E-04   0.219176440E-04   0.241546455E-04   0.265187853E-04
   0.290196373E-04   0.316447048E-04   0.343884928E-04   0.372469163E-04
   0.402191783E-04   0.433208676E-04   0.465739929E-04   0.499957442E-04
   0.535739363E-04   0.572862161E-04   0.611156935E-04   0.650786986E-04
   0.692025758E-04   0.735108482E-04   0.780014735E-04   0.826645682E-04
   0.874930364E-04   0.924961171E-04   0.976881652E-04   0.103081319E-03
   0.108674946E-03   0.114464505E-03   0.120445778E-03   0.126618292E-03
   0.132982418E-03   0.139541635E-03   0.146312987E-03   0.153318112E-03
   0.160575095E-03   0.168082772E-03   0.175834315E-03   0.183825157E-03
   0.192062812E-03   0.200558301E-03   0.209321801E-03   0.218358444E-03
   0.227672011E-03   0.237267676E-03   0.247156576E-03   0.257351769E-03
   0.267864998E-03   0.278700992E-03   0.289862538E-03   0.301352683E-03
   0.313176071E-03   0.325337749E-03   0.337844487E-03   0.350710203E-03
   0.363951090E-03   0.377582279E-03   0.391612747E-03   0.406049921E-03
   0.420901934E-03   0.436179701E-03   0.451895041E-03   0.468059238E-03
   0.484680611E-03   0.501766730E-03   0.519326773E-03   0.537376481E-03
   0.555933635E-03   0.575015251E-03   0.594633722E-03   0.614800353E-03
   0.635527352E-03   0.656830218E-03   0.678725548E-03   0.701230136E-03
   0.724360550E-03   0.748133523E-03   0.772566057E-03   0.797675320E-03
   0.823478741E-03   0.849995064E-03   0.877247495E-03   0.905260789E-03
   0.934059320E-03   0.963664234E-03   0.994096095E-03   0.102537664E-02
   0.105753141E-02   0.109058729E-02   0.112457156E-02   0.115951145E-02
   0.119543455E-02   0.123236983E-02   0.127035037E-02   0.130941081E-02
   0.134958662E-02   0.139091460E-02   0.143343242E-02   0.147717821E-02
   0.152218975E-02   0.156850521E-02   0.161616359E-02   0.166520506E-02
   0.171567062E-02   0.176760489E-02   0.182106510E-02   0.187611262E-02
   0.193281367E-02   0.199125023E-02   0.205150975E-02   0.211367536E-02
   0.217780672E-02   0.224395808E-02   0.231217662E-02   0.238247829E-02
   0.245487064E-02   0.252938441E-02   0.260614654E-02   0.268531112E-02
   0.276708490E-02   0.285187731E-02   0.294015836E-02   0.303225142E-02
   0.312784716E-02   0.322646445E-02   0.332762548E-02   0.343091232E-02
   0.353591325E-02   0.364243797E-02   0.375123081E-02   0.386329296E-02
   0.397965221E-02   0.410136296E-02   0.422950621E-02
  -0.000000000E+00  -0.301934114E-05  -0.603672553E-05  -0.905108792E-05
  -0.120598348E-04  -0.150588442E-04  -0.180424662E-04  -0.210055719E-04
  -0.239520455E-04  -0.268927346E-04  -0.298404808E-04  -0.327968015E-04
  -0.357574974E-04  -0.387160773E-04  -0.416660019E-04  -0.445994906E-04
  -0.475097336E-04  -0.504004752E-04  -0.532801950E-04  -0.561570138E-04
  -0.590294605E-04  -0.618925797E-04  -0.647407795E-04  -0.675692852E-04
  -0.703731178E-04  -0.731485365E-04  -0.758991338E-04  -0.786313560E-04
  -0.813501404E-04  -0.840501307E-04  -0.867223609E-04  -0.893587140E-04
  -0.919583580E-04  -0.945227117E-04  -0.970531765E-04  -0.995497783E-04
  -0.102012254E-03  -0.104439949E-03  -0.106830220E-03  -0.109179737E-03
  -0.111484249E-03  -0.113736326E-03  -0.115927230E-03  -0.118049187E-03
  -0.120100493E-03  -0.122081231E-03  -0.123991386E-03  -0.125829725E-03
  -0.127594747E-03  -0.129284252E-03  -0.130892900E-03  -0.132414303E-03
  -0.133842721E-03  -0.135176067E-03  -0.136413306E-03  -0.137552086E-03
  -0.138584186E-03  -0.139499487E-03  -0.140288755E-03  -0.140947963E-03
  -0.141474488E-03  -0.141865245E-03  -0.142115016E-03  -0.142217928E-03
  -0.142167438E-03  -0.141954667E-03  -0.141569878E-03  -0.141004058E-03
  -0.140252203E-03  -0.139310377E-03  -0.138174075E-03  -0.136836332E-03
  -0.135289425E-03  -0.133525177E-03  -0.131534079E-03  -0.129306083E-03
  -0.126831442E-03  -0.124102455E-03  -0.121111886E-03  -0.117851781E-03
  -0.114311492E-03  -0.110479477E-03  -0.106344444E-03  -0.101896979E-03
  -0.971280617E-04  -0.920282341E-04  -0.865866329E-04  -0.807918774E-04
  -0.746324378E-04  -0.680968252E-04  -0.611734167E-04  -0.538501747E-04
  -0.461139656E-04  -0.379511876E-04  -0.293483272E-04  -0.202930090E-04
  -0.107730256E-04  -0.775570763E-06   0.971409532E-05   0.207114094E-04
   0.322317367E-04   0.442893096E-04   0.568982133E-04   0.700728960E-04
   0.838287017E-04   0.981813742E-04   0.113146705E-03   0.128739973E-03
   0.144976465E-03   0.161871856E-03   0.179442822E-03   0.197706468E-03
   0.216679040E-03   0.236372579E-03   0.256798054E-03   0.277966824E-03
   0.299891837E-03   0.322586502E-03   0.346064695E-03   0.370341938E-03
   0.395434288E-03   0.421355862E-03   0.448112390E-03   0.475707276E-03
   0.504138926E-03   0.533386211E-03   0.563422162E-03   0.594226867E-03
   0.625812697E-03   0.658200508E-03   0.691409813E-03   0.725453498E-03
   0.760342812E-03   0.796051616E-03   0.832401789E-03   0.869171626E-03
   0.906137333E-03   0.943087118E-03   0.979807846E-03   0.101623533E-02
   0.105292778E-02   0.109061685E-02   0.112977937E-02   0.116979475E-02
   0.120974486E-02   0.124890134E-02   0.128738411E-02   0.132553553E-02
   0.136370794E-02   0.140226357E-02   0.144157460E-02
  -0.000000000E+00  -0.327376722E-05  -0.654206189E-05  -0.979582784E-05
  -0.130321523E-04  -0.162542657E-04  -0.194715421E-04  -0.226958244E-04
  -0.259262027E-04  -0.291526881E-04  -0.323617827E-04  -0.355476703E-04
  -0.387075047E-04  -0.418402039E-04  -0.449506100E-04  -0.480472767E-04
  -0.511387116E-04  -0.542236308E-04  -0.572968760E-04  -0.603519115E-04
  -0.633810325E-04  -0.663752276E-04  -0.693271095E-04  -0.722409571E-04
  -0.751256593E-04  -0.779878932E-04  -0.808184869E-04  -0.836024426E-04
  -0.863266764E-04  -0.889930358E-04  -0.916083958E-04  -0.941780772E-04
  -0.966963926E-04  -0.991540414E-04  -0.101541826E-03  -0.103853892E-03
  -0.106085135E-03  -0.108230585E-03  -0.110286442E-03  -0.112249233E-03
  -0.114114713E-03  -0.115875344E-03  -0.117522383E-03  -0.119048098E-03
  -0.120450438E-03  -0.121729115E-03  -0.122881860E-03  -0.123896991E-03
  -0.124759726E-03  -0.125455807E-03  -0.125975890E-03  -0.126311777E-03
  -0.126454963E-03  -0.126396229E-03  -0.126125996E-03  -0.125634429E-03
  -0.124911390E-03  -0.123946479E-03  -0.122728563E-03  -0.121244249E-03
  -0.119479227E-03  -0.117419129E-03  -0.115050738E-03  -0.112360917E-03
  -0.109336291E-03  -0.105963413E-03  -0.102228612E-03  -0.981176363E-04
  -0.936146848E-04  -0.887032721E-04  -0.833661572E-04  -0.775841904E-04
  -0.713373502E-04  -0.646052338E-04  -0.573674646E-04  -0.496033243E-04
  -0.412916871E-04  -0.324112109E-04  -0.229401639E-04  -0.128561679E-04
  -0.213558809E-05   0.924591175E-05   0.213134263E-04   0.340935803E-04
   0.476138240E-04   0.619025204E-04   0.769899681E-04   0.929074642E-04
   0.109687102E-03   0.127362147E-03   0.145966689E-03   0.165536076E-03
   0.186108597E-03   0.207723931E-03   0.230422733E-03   0.254247014E-03
   0.279239794E-03   0.305445750E-03   0.332913606E-03   0.361693921E-03
   0.391838843E-03   0.423403674E-03   0.456445421E-03   0.491022624E-03
   0.527196411E-03   0.565029519E-03   0.604586604E-03   0.645936209E-03
   0.689148928E-03   0.734297635E-03   0.781460115E-03   0.830716605E-03
   0.882150617E-03   0.935854042E-03   0.991922370E-03   0.105045404E-02
   0.111155342E-02   0.117532804E-02   0.124188828E-02   0.131134971E-02
   0.138383090E-02   0.145945361E-02   0.153834543E-02   0.162063729E-02
   0.170647075E-02   0.179602291E-02   0.188948297E-02   0.198705443E-02
   0.208898656E-02   0.219554470E-02   0.230698326E-02   0.242349381E-02
   0.254525407E-02   0.267243755E-02   0.280519163E-02   0.294365826E-02
   0.308804596E-02   0.323882862E-02   0.339655721E-02   0.356180953E-02
   0.373523227E-02   0.391750114E-02   0.410898348E-02   0.430874874E-02
   0.451550786E-02   0.472825635E-02   0.494726369E-02   0.517313304E-02
   0.540648190E-02   0.564794206E-02   0.589815964E-02
   0.000000000E+00   0.988917486E-06   0.197674542E-05   0.296239067E-05
   0.394476625E-05   0.492279134E-05   0.589539128E-05   0.686145868E-05
   0.781969225E-05   0.876863569E-05   0.970688110E-05   0.106337362E-04
   0.115489433E-04   0.124524808E-04   0.133443527E-04   0.142247007E-04
   0.150933998E-04   0.159484707E-04   0.167870442E-04   0.176062758E-04
   0.184051198E-04   0.191831555E-04   0.199400792E-04   0.206755530E-04
   0.213893114E-04   0.220808806E-04   0.227485147E-04   0.233899773E-04
   0.240033507E-04   0.245887218E-04   0.251468991E-04   0.256783430E-04
   0.261812333E-04   0.266529808E-04   0.270912240E-04   0.274952599E-04
   0.278648994E-04   0.281994149E-04   0.284954921E-04   0.287488996E-04
   0.289564886E-04   0.291206657E-04   0.292456888E-04   0.293358891E-04
   0.293942355E-04   0.294235394E-04   0.294250087E-04   0.293922932E-04
   0.293165420E-04   0.291902132E-04   0.290134516E-04   0.287886161E-04
   0.285179720E-04   0.282025106E-04   0.278429709E-04   0.274399832E-04
   0.269933869E-04   0.265028258E-04   0.259677402E-04   0.253866855E-04
   0.247579314E-04   0.240802140E-04   0.233544370E-04   0.225821664E-04
   0.217649909E-04   0.209041633E-04   0.200009196E-04   0.190561329E-04
   0.180688878E-04   0.170377562E-04   0.159616101E-04   0.148407732E-04
   0.136759856E-04   0.124682667E-04   0.112196055E-04   0.993233726E-05
   0.860855090E-05   0.724892044E-05   0.585376476E-05   0.442368630E-05
   0.296041510E-05   0.146604054E-05  -0.573894359E-07  -0.160828809E-05
  -0.318514648E-05  -0.478628250E-05  -0.640947345E-05  -0.805229269E-05
  -0.971216148E-05  -0.113861506E-04  -0.130711625E-04  -0.147639738E-04
  -0.164611714E-04  -0.181592114E-04  -0.198545239E-04  -0.215437755E-04
  -0.232236267E-04  -0.248903060E-04  -0.265385522E-04  -0.281625942E-04
  -0.297566348E-04  -0.313153070E-04  -0.328332501E-04  -0.343046928E-04
  -0.357226140E-04  -0.370795234E-04  -0.383679206E-04  -0.395808842E-04
  -0.407115223E-04  -0.417522415E-04  -0.426930771E-04  -0.435232533E-04
  -0.442315580E-04  -0.448058572E-04  -0.452335497E-04  -0.455014660E-04
  -0.455950825E-04  -0.454992587E-04  -0.451990847E-04  -0.446817116E-04
  -0.439346325E-04  -0.429437101E-04  -0.416889264E-04  -0.401483810E-04
  -0.382966516E-04  -0.360955926E-04  -0.335030039E-04  -0.304793030E-04
  -0.269989129E-04  -0.230395183E-04  -0.185834474E-04  -0.136331052E-04
  -0.819639323E-05  -0.225978171E-05   0.427890511E-05   0.115469076E-04
   0.196891077E-04   0.289114984E-04   0.394400130E-04   0.514252768E-04
   0.646941910E-04   0.789854896E-04   0.940628226E-04   0.109815632E-03
   0.126163390E-03   0.143123445E-03   0.161117728E-03   0.180681280E-03
   0.202363245E-03   0.226726874E-03   0.254349520E-03
  -0.000000000E+00  -0.110976592E-05  -0.221833038E-05  -0.332511539E-05
  -0.442847418E-05  -0.552569124E-05  -0.661298232E-05  -0.768639674E-05
  -0.874555559E-05  -0.979274943E-05  -0.108310334E-04  -0.118594383E-04
  -0.128749867E-04  -0.138741621E-04  -0.148545736E-04  -0.158140704E-04
  -0.167507119E-04  -0.176640260E-04  -0.185542452E-04  -0.194213904E-04
  -0.202632129E-04  -0.210765559E-04  -0.218583496E-04  -0.226071483E-04
  -0.233220501E-04  -0.240020669E-04  -0.246454098E-04  -0.252500144E-04
  -0.258135513E-04  -0.263328132E-04  -0.268041812E-04  -0.272246634E-04
  -0.275947122E-04  -0.279160207E-04  -0.281899023E-04  -0.284146657E-04
  -0.285877150E-04  -0.287069463E-04  -0.287727840E-04  -0.287865208E-04
  -0.287479313E-04  -0.286495510E-04  -0.284814141E-04  -0.282340712E-04
  -0.279027955E-04  -0.274840520E-04  -0.269756140E-04  -0.263809246E-04
  -0.257053924E-04  -0.249533796E-04  -0.241228339E-04  -0.232098945E-04
  -0.222105007E-04  -0.211203286E-04  -0.199348459E-04  -0.186496347E-04
  -0.172613484E-04  -0.157668768E-04  -0.141637303E-04  -0.124521665E-04
  -0.106333204E-04  -0.870711621E-05  -0.666777463E-05  -0.450778784E-05
  -0.222015486E-05   0.198968954E-06   0.275262999E-05   0.544363087E-05
   0.827369834E-05   0.112442278E-04   0.143570575E-04   0.176160730E-04
   0.210257648E-04   0.245907895E-04   0.283161630E-04   0.322070862E-04
   0.362688588E-04   0.405068000E-04   0.449263202E-04   0.495324299E-04
   0.543281373E-04   0.593159067E-04   0.644990014E-04   0.698840833E-04
   0.754788387E-04   0.812907797E-04   0.873260709E-04   0.935906046E-04
   0.100090663E-03   0.106833818E-03   0.113828105E-03   0.121081702E-03
   0.128602825E-03   0.136399824E-03   0.144481285E-03   0.152856238E-03
   0.161533965E-03   0.170524534E-03   0.179840669E-03   0.189496016E-03
   0.199504245E-03   0.209878081E-03   0.220630202E-03   0.231774209E-03
   0.243326660E-03   0.255305180E-03   0.267727530E-03   0.280610773E-03
   0.293972054E-03   0.307829720E-03   0.322205928E-03   0.337124211E-03
   0.352609057E-03   0.368687197E-03   0.385386401E-03   0.402736136E-03
   0.420770838E-03   0.439526844E-03   0.459041376E-03   0.479352654E-03
   0.500499792E-03   0.522522734E-03   0.545462169E-03   0.569359612E-03
   0.594262023E-03   0.620235887E-03   0.647353949E-03   0.675692452E-03
   0.705336510E-03   0.736375041E-03   0.768900989E-03   0.803017307E-03
   0.838831307E-03   0.876451142E-03   0.915980932E-03   0.957525374E-03
   0.100122222E-02   0.104733681E-02   0.109617253E-02   0.114800978E-02
   0.120301235E-02   0.126131620E-02   0.132281316E-02   0.138639777E-02
   0.145068224E-02   0.151481788E-02   0.158026218E-02   0.164909946E-02
   0.172347042E-02   0.180557220E-02   0.189765831E-02
  -0.000000000E+00  -0.305566894E-07  -0.122807955E-06  -0.277625594E-06
  -0.495881402E-06  -0.778447176E-06  -0.112619471E-05  -0.153999581E-05
  -0.202072226E-05  -0.256924586E-05  -0.318643841E-05  -0.387317171E-05
  -0.463031755E-05  -0.545874772E-05  -0.635933403E-05  -0.733294827E-05
  -0.838046224E-05  -0.950274773E-05  -0.107006765E-04  -0.119751205E-04
  -0.133269513E-04  -0.147570409E-04  -0.162662609E-04  -0.178549911E-04
  -0.195230300E-04  -0.212660753E-04  -0.230884275E-04  -0.249974762E-04
  -0.270000777E-04  -0.290974829E-04  -0.312891969E-04  -0.335750836E-04
  -0.359575554E-04  -0.384398608E-04  -0.410246450E-04  -0.437113274E-04
  -0.464981999E-04  -0.493860452E-04  -0.523873216E-04  -0.555186764E-04
  -0.587944062E-04  -0.622141756E-04  -0.657731879E-04  -0.694640919E-04
  -0.732714426E-04  -0.771763509E-04  -0.811671491E-04  -0.852679781E-04
  -0.895145079E-04  -0.939374497E-04  -0.985376550E-04  -0.103307482E-03
  -0.108241049E-03  -0.113342760E-03  -0.118619921E-03  -0.124079283E-03
  -0.129724327E-03  -0.135557633E-03  -0.141581760E-03  -0.147799413E-03
  -0.154213294E-03  -0.160826985E-03  -0.167647837E-03  -0.174684411E-03
  -0.181943909E-03  -0.189426936E-03  -0.197132161E-03  -0.205060160E-03
  -0.213220356E-03  -0.221624807E-03  -0.230284842E-03  -0.239207270E-03
  -0.248397788E-03  -0.257862434E-03  -0.267608447E-03  -0.277643493E-03
  -0.287975310E-03  -0.298611445E-03  -0.309559494E-03  -0.320827048E-03
  -0.332421285E-03  -0.344349339E-03  -0.356618795E-03  -0.369238793E-03
  -0.382219016E-03  -0.395569461E-03  -0.409300794E-03  -0.423424023E-03
  -0.437950533E-03  -0.452892550E-03  -0.468262714E-03  -0.484073962E-03
  -0.500339617E-03  -0.517073309E-03  -0.534289470E-03  -0.552004974E-03
  -0.570237623E-03  -0.589005489E-03  -0.608326483E-03  -0.628218755E-03
  -0.648701435E-03  -0.669796504E-03  -0.691527055E-03  -0.713916941E-03
  -0.736991500E-03  -0.760776879E-03  -0.785300095E-03  -0.810589936E-03
  -0.836676122E-03  -0.863589228E-03  -0.891361339E-03  -0.920025440E-03
  -0.949616404E-03  -0.980174677E-03  -0.101174283E-02  -0.104436530E-02
  -0.107809124E-02  -0.111297186E-02  -0.114906091E-02  -0.118641897E-02
  -0.122510945E-02  -0.126519764E-02  -0.130675209E-02  -0.134984334E-02
  -0.139454347E-02  -0.144092637E-02  -0.148906749E-02  -0.153904903E-02
  -0.159097581E-02  -0.164496026E-02  -0.170113728E-02  -0.175972523E-02
  -0.182096831E-02  -0.188509694E-02  -0.195226671E-02  -0.202261614E-02
  -0.209624285E-02  -0.217307042E-02  -0.225297450E-02  -0.233603162E-02
  -0.242314901E-02  -0.251546738E-02  -0.261374498E-02  -0.271709546E-02
  -0.282418600E-02  -0.293399623E-02  -0.304689284E-02  -0.316360834E-02
  -0.328489412E-02  -0.341152048E-02  -0.354427661E-02
  -0.000000000E+00  -0.351722768E-07  -0.141221927E-06  -0.318948180E-06
  -0.569150264E-06  -0.892627411E-06  -0.129017885E-05  -0.176260381E-05
  -0.231070152E-05  -0.293527121E-05  -0.363711210E-05  -0.441702344E-05
  -0.527580445E-05  -0.621425435E-05  -0.723317238E-05  -0.833335776E-05
  -0.951560974E-05  -0.107807275E-04  -0.121295104E-04  -0.135627575E-04
  -0.150812681E-04  -0.166858414E-04  -0.183772767E-04  -0.201591102E-04
  -0.220343452E-04  -0.240088864E-04  -0.260833963E-04  -0.282567941E-04
  -0.305284948E-04  -0.329014338E-04  -0.353797656E-04  -0.379679713E-04
  -0.406707355E-04  -0.434930426E-04  -0.464391953E-04  -0.495095254E-04
  -0.527030253E-04  -0.560187774E-04  -0.594574730E-04  -0.630201744E-04
  -0.667084842E-04  -0.705265179E-04  -0.744792704E-04  -0.785719492E-04
  -0.828097163E-04  -0.871979051E-04  -0.917416441E-04  -0.964444187E-04
  -0.101309293E-03  -0.106339735E-03  -0.111540861E-03  -0.116918370E-03
  -0.122477899E-03  -0.128224189E-03  -0.134161811E-03  -0.140295289E-03
  -0.146628692E-03  -0.153165995E-03  -0.159910697E-03  -0.166864255E-03
  -0.174027464E-03  -0.181401185E-03  -0.188987108E-03  -0.196787077E-03
  -0.204803632E-03  -0.213042447E-03  -0.221510161E-03  -0.230213382E-03
  -0.239157952E-03  -0.248349607E-03  -0.257794161E-03  -0.267497373E-03
  -0.277465069E-03  -0.287702923E-03  -0.298215664E-03  -0.309007791E-03
  -0.320083744E-03  -0.331447631E-03  -0.343103474E-03  -0.355055338E-03
  -0.367307471E-03  -0.379864177E-03  -0.392729801E-03  -0.405908822E-03
  -0.419405771E-03  -0.433225546E-03  -0.447374498E-03  -0.461859438E-03
  -0.476687230E-03  -0.491864588E-03  -0.507398264E-03  -0.523294972E-03
  -0.539560955E-03  -0.556202389E-03  -0.573225968E-03  -0.590640335E-03
  -0.608454763E-03  -0.626678356E-03  -0.645318970E-03  -0.664384211E-03
  -0.683882222E-03  -0.703823032E-03  -0.724217304E-03  -0.745075558E-03
  -0.766407126E-03  -0.788221126E-03  -0.810527083E-03  -0.833335823E-03
  -0.856658638E-03  -0.880507372E-03  -0.904895535E-03  -0.929837260E-03
  -0.955347197E-03  -0.981441282E-03  -0.100813601E-02  -0.103544749E-02
  -0.106338917E-02  -0.109197398E-02  -0.112121393E-02  -0.115111689E-02
  -0.118168960E-02  -0.121294405E-02  -0.124491375E-02  -0.127763838E-02
  -0.131116579E-02  -0.134557378E-02  -0.138094957E-02  -0.141736793E-02
  -0.145484564E-02  -0.149338445E-02  -0.153295401E-02  -0.157339485E-02
  -0.161451001E-02  -0.165617177E-02  -0.169855256E-02  -0.174190649E-02
  -0.178659652E-02  -0.183340484E-02  -0.188323891E-02  -0.193673208E-02
  -0.199332832E-02  -0.205215012E-02  -0.211226967E-02  -0.217263600E-02
  -0.223214414E-02  -0.228999617E-02  -0.234673232E-02  -0.240325106E-02
  -0.246047628E-02  -0.251935724E-02  -0.258086862E-02
   0.000000000E+00   0.127386386E-07   0.508536745E-07   0.114193788E-06
   0.202607658E-06   0.315943965E-06   0.454051389E-06   0.616778610E-06
   0.803974307E-06   0.101548716E-05   0.125116585E-05   0.151085906E-05
   0.179441546E-05   0.210168374E-05   0.243251258E-05   0.278675065E-05
   0.316424664E-05   0.356484922E-05   0.398840708E-05   0.443476890E-05
   0.490378335E-05   0.539529912E-05   0.590916488E-05   0.645315118E-05
   0.703512944E-05   0.766900026E-05   0.834667656E-05   0.905211996E-05
   0.977156342E-05   0.105097107E-04   0.112774107E-04   0.120845405E-04
   0.129317327E-04   0.138168466E-04   0.147373413E-04   0.156902722E-04
   0.166722943E-04   0.176812600E-04   0.187213564E-04   0.197989177E-04
   0.209192587E-04   0.220813759E-04   0.232823354E-04   0.245207250E-04
   0.258026402E-04   0.271366593E-04   0.285291409E-04   0.299749836E-04
   0.314654736E-04   0.329933535E-04   0.345600465E-04   0.361694572E-04
   0.378254581E-04   0.395308687E-04   0.412883391E-04   0.431002393E-04
   0.449673311E-04   0.468899270E-04   0.488685532E-04   0.509047520E-04
   0.530003759E-04   0.551567928E-04   0.573731685E-04   0.596479859E-04
   0.619807919E-04   0.643759969E-04   0.668394931E-04   0.693761506E-04
   0.719856816E-04   0.746663406E-04   0.774169202E-04   0.802389603E-04
   0.831347618E-04   0.861067372E-04   0.891575344E-04   0.922899252E-04
   0.955064344E-04   0.988083086E-04   0.102196451E-03   0.105672160E-03
   0.109238408E-03   0.112898677E-03   0.116656035E-03   0.120511522E-03
   0.124465627E-03   0.128519313E-03   0.132675645E-03   0.136938299E-03
   0.141310877E-03   0.145796355E-03   0.150397589E-03   0.155117539E-03
   0.159959425E-03   0.164926581E-03   0.170022450E-03   0.175250696E-03
   0.180615103E-03   0.186119597E-03   0.191768467E-03   0.197566165E-03
   0.203517379E-03   0.209627485E-03   0.215902128E-03   0.222347147E-03
   0.228968774E-03   0.235773451E-03   0.242767677E-03   0.249957751E-03
   0.257350015E-03   0.264951366E-03   0.272770582E-03   0.280817087E-03
   0.289100645E-03   0.297631739E-03   0.306421215E-03   0.315480479E-03
   0.324822451E-03   0.334460668E-03   0.344408805E-03   0.354680138E-03
   0.365288048E-03   0.376247726E-03   0.387580887E-03   0.399311335E-03
   0.411464593E-03   0.424071392E-03   0.437164379E-03   0.450777565E-03
   0.464948026E-03   0.479714298E-03   0.495115986E-03   0.511194275E-03
   0.527991451E-03   0.545540204E-03   0.563831406E-03   0.582844593E-03
   0.602609472E-03   0.623362334E-03   0.645397911E-03   0.668993767E-03
   0.694333147E-03   0.721578131E-03   0.750770683E-03   0.781454210E-03
   0.813032818E-03   0.845019096E-03   0.877418166E-03   0.910362710E-03
   0.943988988E-03   0.978436846E-03   0.101384971E-02
  -0.000000000E+00  -0.117828031E-07  -0.476001929E-07  -0.108155641E-06
  -0.194152617E-06  -0.306294592E-06  -0.445285039E-06  -0.611827426E-06
  -0.806625226E-06  -0.103038191E-05  -0.128380095E-05  -0.156758581E-05
  -0.188243997E-05  -0.222906689E-05  -0.260817005E-05  -0.302045293E-05
  -0.346661898E-05  -0.394737168E-05  -0.446341450E-05  -0.501545092E-05
  -0.560418440E-05  -0.623031841E-05  -0.689455643E-05  -0.759718950E-05
  -0.833803969E-05  -0.909069959E-05  -0.985652374E-05  -0.106458157E-04
  -0.114695146E-04  -0.123351860E-04  -0.132500725E-04  -0.142182481E-04
  -0.152276563E-04  -0.162602490E-04  -0.173029501E-04  -0.183710866E-04
  -0.194896442E-04  -0.206788420E-04  -0.219296625E-04  -0.232237977E-04
  -0.245465272E-04  -0.259048943E-04  -0.273126540E-04  -0.287805586E-04
  -0.303026030E-04  -0.318675704E-04  -0.334655769E-04  -0.350957756E-04
  -0.367598130E-04  -0.384612621E-04  -0.402111734E-04  -0.420233115E-04
  -0.439080289E-04  -0.458582520E-04  -0.478616151E-04  -0.499080899E-04
  -0.520005459E-04  -0.541455327E-04  -0.563484648E-04  -0.586086615E-04
  -0.609237071E-04  -0.632925225E-04  -0.657202041E-04  -0.682137422E-04
  -0.707783024E-04  -0.734102765E-04  -0.761034671E-04  -0.788523617E-04
  -0.816556248E-04  -0.845129732E-04  -0.874251753E-04  -0.903974303E-04
  -0.934363301E-04  -0.965472609E-04  -0.997296024E-04  -0.102981064E-03
  -0.106299898E-03  -0.109687119E-03  -0.113144489E-03  -0.116672984E-03
  -0.120270163E-03  -0.123932561E-03  -0.127658051E-03  -0.131450621E-03
  -0.135316010E-03  -0.139258722E-03  -0.143277429E-03  -0.147369183E-03
  -0.151531632E-03  -0.155765380E-03  -0.160071818E-03  -0.164452182E-03
  -0.168906956E-03  -0.173436425E-03  -0.178040580E-03  -0.182718259E-03
  -0.187467941E-03  -0.192288883E-03  -0.197183785E-03  -0.202156319E-03
  -0.207209209E-03  -0.212340901E-03  -0.217548655E-03  -0.222830117E-03
  -0.228184912E-03  -0.233613158E-03  -0.239114805E-03  -0.244689131E-03
  -0.250335207E-03  -0.256052318E-03  -0.261840745E-03  -0.267701034E-03
  -0.273633567E-03  -0.279638032E-03  -0.285713922E-03  -0.291859797E-03
  -0.298070501E-03  -0.304339775E-03  -0.310660852E-03  -0.317025564E-03
  -0.323425180E-03  -0.329852783E-03  -0.336309668E-03  -0.342799324E-03
  -0.349327920E-03  -0.355912096E-03  -0.362571626E-03  -0.369316537E-03
  -0.376115335E-03  -0.382924980E-03  -0.389692891E-03  -0.396331780E-03
  -0.402743428E-03  -0.408863468E-03  -0.414773708E-03  -0.420595884E-03
  -0.426451550E-03  -0.432449968E-03  -0.438699582E-03  -0.445221786E-03
  -0.451675364E-03  -0.457617788E-03  -0.462645640E-03  -0.466552300E-03
  -0.469178251E-03  -0.470444699E-03  -0.470611695E-03  -0.470032827E-03
  -0.469071907E-03  -0.468102968E-03  -0.467510263E-03
   0.000000000E+00   0.439005683E-06   0.876068553E-06   0.130694640E-05
   0.173133883E-05   0.215288730E-05   0.257917508E-05   0.301854343E-05
   0.346690135E-05   0.391090943E-05   0.433485533E-05   0.473813874E-05
   0.512790928E-05   0.551246714E-05   0.589071222E-05   0.625775627E-05
   0.660986707E-05   0.695313021E-05   0.729819013E-05   0.765350848E-05
   0.800970860E-05   0.834993227E-05   0.865921224E-05   0.894222578E-05
   0.921081924E-05   0.947533361E-05   0.973173570E-05   0.997107597E-05
   0.101851287E-04   0.103732069E-04   0.105369772E-04   0.106784198E-04
   0.107994578E-04   0.109022469E-04   0.109873271E-04   0.110472964E-04
   0.110718715E-04   0.110520259E-04   0.109873803E-04   0.108801783E-04
   0.107326863E-04   0.105458273E-04   0.103203125E-04   0.100563541E-04
   0.975145897E-05   0.940228094E-05   0.900500932E-05   0.855450745E-05
   0.804504438E-05   0.747119592E-05   0.682987351E-05   0.611858334E-05
   0.533442850E-05   0.447290236E-05   0.352893337E-05   0.249806650E-05
   0.137902245E-05   0.171463926E-06  -0.112605832E-05  -0.252009027E-05
  -0.401877155E-05  -0.562989864E-05  -0.735869988E-05  -0.920980421E-05
  -0.111877327E-04  -0.132962866E-04  -0.155390920E-04  -0.179203421E-04
  -0.204465207E-04  -0.231248599E-04  -0.259626505E-04  -0.289667630E-04
  -0.321440784E-04  -0.355015364E-04  -0.390458235E-04  -0.427836547E-04
  -0.467223393E-04  -0.508712328E-04  -0.552404203E-04  -0.598396936E-04
  -0.646767922E-04  -0.697590042E-04  -0.750944171E-04  -0.806940763E-04
  -0.865700138E-04  -0.927341242E-04  -0.991967961E-04  -0.105968166E-03
  -0.113059146E-03  -0.120483257E-03  -0.128254941E-03  -0.136388606E-03
  -0.144897447E-03  -0.153794532E-03  -0.163094003E-03  -0.172813640E-03
  -0.182972495E-03  -0.193589504E-03  -0.204681738E-03  -0.216266024E-03
  -0.228360384E-03  -0.240986745E-03  -0.254168418E-03  -0.267929088E-03
  -0.282292334E-03  -0.297282075E-03  -0.312923095E-03  -0.329242211E-03
  -0.346267184E-03  -0.364026453E-03  -0.382549438E-03  -0.401866256E-03
  -0.422008385E-03  -0.443011007E-03  -0.464910813E-03  -0.487745396E-03
  -0.511553673E-03  -0.536375487E-03  -0.562252486E-03  -0.589231245E-03
  -0.617360332E-03  -0.646689029E-03  -0.677266467E-03  -0.709142439E-03
  -0.742367272E-03  -0.776990569E-03  -0.813062393E-03  -0.850638973E-03
  -0.889798950E-03  -0.930628052E-03  -0.973214866E-03  -0.101765390E-02
  -0.106404270E-02  -0.111247274E-02  -0.116300462E-02  -0.121569152E-02
  -0.127060661E-02  -0.132790235E-02  -0.138775429E-02  -0.145028143E-02
  -0.151536100E-02  -0.158280410E-02  -0.165246642E-02  -0.172440447E-02
  -0.179872727E-02  -0.187552309E-02  -0.195478929E-02  -0.203649896E-02
  -0.212062358E-02  -0.220713301E-02  -0.229599552E-02
   0.000000000E+00   0.470179618E-06   0.938112304E-06   0.139987508E-05
   0.185441820E-05   0.230356511E-05   0.275201249E-05   0.320556565E-05
   0.366382805E-05   0.412196591E-05   0.457296042E-05   0.501137646E-05
   0.543177581E-05   0.583050382E-05   0.621501778E-05   0.659892501E-05
   0.699448995E-05   0.739405018E-05   0.778129955E-05   0.814053263E-05
   0.847237635E-05   0.878338294E-05   0.908039479E-05   0.936542952E-05
   0.963927422E-05   0.990136848E-05   0.101448261E-04   0.103600939E-04
   0.105393532E-04   0.106864494E-04   0.108093373E-04   0.109140827E-04
   0.109944643E-04   0.110401070E-04   0.110417701E-04   0.109987953E-04
   0.109131485E-04   0.107862529E-04   0.106157749E-04   0.103982441E-04
   0.101300973E-04   0.980799329E-05   0.942855221E-05   0.898880795E-05
   0.848794765E-05   0.792585157E-05   0.730120923E-05   0.660719253E-05
   0.583513066E-05   0.497689445E-05   0.402831402E-05   0.298624623E-05
   0.184713296E-05   0.605722413E-06  -0.743823726E-06  -0.220732224E-05
  -0.378988199E-05  -0.549650302E-05  -0.733248768E-05  -0.930407085E-05
  -0.114178659E-04  -0.136805834E-04  -0.160987577E-04  -0.186789887E-04
  -0.214279102E-04  -0.243518261E-04  -0.274570338E-04  -0.307504215E-04
  -0.342409785E-04  -0.379384435E-04  -0.418528633E-04  -0.459946795E-04
  -0.503746507E-04  -0.550037030E-04  -0.598925507E-04  -0.650520386E-04
  -0.704931552E-04  -0.762267023E-04  -0.822635942E-04  -0.886152292E-04
  -0.952943203E-04  -0.102314139E-03  -0.109688268E-03  -0.117430646E-03
  -0.125555527E-03  -0.134077922E-03  -0.143015006E-03  -0.152384828E-03
  -0.162205678E-03  -0.172495486E-03  -0.183272375E-03  -0.194555433E-03
  -0.206366549E-03  -0.218728721E-03  -0.231665340E-03  -0.245199763E-03
  -0.259355702E-03  -0.274158148E-03  -0.289635747E-03  -0.305818597E-03
  -0.322737623E-03  -0.340425008E-03  -0.358913794E-03  -0.378238039E-03
  -0.398433727E-03  -0.419537920E-03  -0.441588960E-03  -0.464627958E-03
  -0.488697407E-03  -0.513841375E-03  -0.540107572E-03  -0.567545423E-03
  -0.596206728E-03  -0.626149748E-03  -0.657435381E-03  -0.690126172E-03
  -0.724287252E-03  -0.759985457E-03  -0.797288948E-03  -0.836266996E-03
  -0.876990185E-03  -0.919533723E-03  -0.963987382E-03  -0.101044615E-02
  -0.105901557E-02  -0.110983793E-02  -0.116306758E-02  -0.121885791E-02
  -0.127734708E-02  -0.133867146E-02  -0.140296069E-02  -0.147030835E-02
  -0.154079970E-02  -0.161454375E-02  -0.169174304E-02  -0.177262765E-02
  -0.185747210E-02  -0.194671550E-02  -0.204084772E-02  -0.214033212E-02
  -0.224548754E-02  -0.235660018E-02  -0.247371437E-02  -0.259587679E-02
  -0.272185395E-02  -0.285068261E-02  -0.298260676E-02  -0.311818719E-02
  -0.325799905E-02  -0.340263190E-02  -0.355268966E-02
   0.000000000E+00   0.000000000E+00   0.000000000E+00   0.000000000E+00
   0.000000000E+00   0.000000000E+00   0.000000000E+00   0.000000000E+00
   0.000000000E+00   0.000000000E+00   0.000000000E+00   0.000000000E+00
   0.000000000E+00   0.000000000E+00   0.000000000E+00   0.000000000E+00
   0.000000000E+00   0.000000000E+00   0.000000000E+00   0.000000000E+00
   0.000000000E+00   0.000000000E+00   0.000000000E+00   0.000000000E+00
   0.000000000E+00   0.000000000E+00   0.000000000E+00   0.000000000E+00
   0.000000000E+00   0.000000000E+00   0.000000000E+00   0.000000000E+00
   0.000000000E+00   0.000000000E+00   0.000000000E+00   0.411443218E-09
   0.838085960E-08   0.279589468E-07   0.514474335E-07   0.642688093E-07
   0.492788256E-07  -0.991562507E-08  -0.126542538E-06  -0.309064014E-06
  -0.560297962E-06  -0.877171556E-06  -0.125101575E-05  -0.166831010E-05
  -0.211178728E-05  -0.256180636E-05  -0.299790446E-05  -0.340043571E-05
  -0.375220707E-05  -0.404002016E-05  -0.425602842E-05  -0.439881892E-05
  -0.447412802E-05   0.426226485E-05   0.504069730E-05   0.586996963E-05
   0.675078516E-05   0.768374719E-05   0.866918127E-05   0.970729247E-05
   0.107990307E-04   0.119486235E-04   0.131613216E-04   0.144418418E-04
   0.157919575E-04   0.172126542E-04   0.187052632E-04   0.202726572E-04
   0.219181752E-04   0.236452074E-04   0.254570638E-04   0.273570929E-04
   0.293486231E-04   0.314346526E-04   0.336181304E-04   0.359024222E-04
   0.382924527E-04   0.407936658E-04   0.434112296E-04   0.461486878E-04
   0.490091914E-04   0.519963630E-04   0.551156551E-04   0.583731051E-04
   0.617747383E-04   0.653260458E-04   0.690324640E-04   0.728997992E-04
   0.769350278E-04   0.811455584E-04   0.855388997E-04   0.901224171E-04
   0.949035575E-04   0.998901670E-04   0.105091232E-03   0.110516194E-03
   0.116174688E-03   0.122076477E-03   0.128231512E-03   0.134650284E-03
   0.141344816E-03   0.148327738E-03   0.155611940E-03   0.163210496E-03
   0.171136733E-03   0.179404855E-03   0.188031767E-03   0.197035367E-03
   0.206433847E-03   0.216245316E-03   0.226488151E-03   0.237181522E-03
   0.248346642E-03   0.260005594E-03   0.272181362E-03   0.284899152E-03
   0.298185148E-03   0.312067838E-03   0.326583354E-03   0.341770448E-03
   0.357669402E-03   0.374323942E-03   0.391779432E-03   0.410078270E-03
   0.429247641E-03   0.449311071E-03   0.470305062E-03   0.492318002E-03
   0.515453409E-03   0.539806245E-03   0.565428743E-03   0.592362732E-03
   0.620642332E-03   0.650268530E-03   0.681233257E-03   0.713664499E-03
   0.748244943E-03   0.785814999E-03   0.826972419E-03   0.871261038E-03
   0.917940905E-03   0.966401895E-03   0.101662781E-02   0.106875532E-02
   0.112292417E-02   0.117927714E-02   0.123796007E-02
   0.000000000E+00   0.000000000E+00   0.000000000E+00   0.000000000E+00
   0.000000000E+00   0.000000000E+00   0.000000000E+00   0.000000000E+00
   0.000000000E+00   0.000000000E+00   0.000000000E+00   0.000000000E+00
   0.000000000E+00   0.000000000E+00   0.000000000E+00   0.000000000E+00
   0.000000000E+00   0.000000000E+00   0.000000000E+00   0.000000000E+00
   0.000000000E+00   0.000000000E+00   0.000000000E+00   0.000000000E+00
   0.000000000E+00   0.000000000E+00   0.000000000E+00   0.000000000E+00
   0.000000000E+00   0.000000000E+00   0.000000000E+00  -0.403165252E-09
  -0.799608429E-08  -0.255756282E-07  -0.436146010E-07  -0.455577884E-07
  -0.124636578E-07   0.734366216E-07   0.226164090E-06   0.454302099E-06
   0.760092848E-06   0.113922162E-05   0.158118998E-05   0.207017914E-05
   0.258630482E-05   0.310716479E-05   0.360958043E-05   0.407143341E-05
   0.447349896E-05   0.480117678E-05   0.504602098E-05   0.520697024E-05
   0.529117942E-05  -0.421833042E-05  -0.506568015E-05  -0.597283312E-05
  -0.694178238E-05  -0.797366350E-05  -0.906926763E-05  -0.102280908E-04
  -0.114491696E-04  -0.127329402E-04  -0.140861424E-04  -0.155174803E-04
  -0.170347394E-04  -0.186405110E-04  -0.203359976E-04  -0.221224751E-04
  -0.240017200E-04  -0.259756272E-04  -0.280465346E-04  -0.302186493E-04
  -0.324967651E-04  -0.348859036E-04  -0.373915792E-04  -0.400195597E-04
  -0.427756893E-04  -0.456655962E-04  -0.486949581E-04  -0.518690714E-04
  -0.551912342E-04  -0.586642183E-04  -0.622918080E-04  -0.660819902E-04
  -0.700440406E-04  -0.741868939E-04  -0.785172094E-04  -0.830411441E-04
  -0.877654603E-04  -0.926990670E-04  -0.978516032E-04  -0.103232810E-03
  -0.108852096E-03  -0.114718935E-03  -0.120843091E-03  -0.127234868E-03
  -0.133904880E-03  -0.140864659E-03  -0.148128791E-03  -0.155712943E-03
  -0.163632791E-03  -0.171902836E-03  -0.180537508E-03  -0.189552216E-03
  -0.198965423E-03  -0.208796714E-03  -0.219065883E-03  -0.229792151E-03
  -0.240994894E-03  -0.252694716E-03  -0.264915980E-03  -0.277684444E-03
  -0.291026993E-03  -0.304973309E-03  -0.319554308E-03  -0.334802468E-03
  -0.350754480E-03  -0.367448763E-03  -0.384924350E-03  -0.403220060E-03
  -0.422375275E-03  -0.442430478E-03  -0.463428094E-03  -0.485411697E-03
  -0.508430663E-03  -0.532555236E-03  -0.557862334E-03  -0.584432395E-03
  -0.612354551E-03  -0.641721747E-03  -0.672620778E-03  -0.705106865E-03
  -0.739227670E-03  -0.775050611E-03  -0.812721403E-03  -0.852408682E-03
  -0.894326207E-03  -0.938858440E-03  -0.986441612E-03  -0.103735710E-02
  -0.109122333E-02  -0.114747758E-02  -0.120554746E-02  -0.126487445E-02
  -0.132489155E-02  -0.138541383E-02  -0.144785462E-02  -0.151406973E-02
  -0.158596477E-02  -0.166549519E-02  -0.175466624E-02
   0.000000000E+00   0.000000000E+00   0.000000000E+00   0.000000000E+00
   0.480794909E-09   0.111028858E-07   0.437011055E-07   0.101296467E-06
   0.180610815E-06   0.274586544E-06   0.374398654E-06   0.471005466E-06
   0.556284288E-06   0.623798323E-06   0.669241138E-06   0.690604980E-06
   0.688119240E-06   0.664005382E-06   0.622094607E-06   0.567354584E-06
   0.505371527E-06   0.441833931E-06   0.382064253E-06   0.330644858E-06
   0.291184512E-06   0.266271733E-06   0.472737904E-05   0.512468728E-05
   0.553898295E-05   0.596993226E-05   0.641767936E-05   0.688295840E-05
   0.736898096E-05   0.787995977E-05   0.841953568E-05   0.898744183E-05
   0.958217234E-05   0.102009502E-04   0.108365031E-04   0.114796915E-04
   0.121240664E-04   0.127774195E-04   0.134522182E-04   0.141608756E-04
   0.149116055E-04   0.157119016E-04   0.165654451E-04   0.174583501E-04
   0.183708453E-04   0.192872298E-04   0.202142530E-04   0.211653435E-04
   0.221521476E-04   0.231754201E-04   0.242329119E-04   0.253228073E-04
   0.264458024E-04   0.276032916E-04   0.287964860E-04   0.300256486E-04
   0.312907667E-04   0.325913889E-04   0.339253749E-04   0.352900016E-04
   0.366836941E-04   0.381102304E-04   0.395749990E-04   0.410819667E-04
   0.426282827E-04   0.442091066E-04   0.458208634E-04   0.474661561E-04
   0.491493488E-04   0.508741583E-04   0.526409283E-04   0.544490909E-04
   0.562980889E-04   0.581875944E-04   0.601173109E-04   0.620870428E-04
   0.640971235E-04   0.661480260E-04   0.682400734E-04   0.703729590E-04
   0.725461847E-04   0.747594340E-04   0.770132608E-04   0.793084581E-04
   0.816457232E-04   0.840252920E-04   0.864472751E-04   0.889119520E-04
   0.914203228E-04   0.939736000E-04   0.965727156E-04   0.992173415E-04
   0.101906795E-03   0.104640783E-03   0.107420728E-03   0.110248544E-03
   0.113125979E-03   0.116053934E-03   0.119033097E-03   0.122064366E-03
   0.125149448E-03   0.128290302E-03   0.131488800E-03   0.134746313E-03
   0.138064099E-03   0.141443600E-03   0.144886946E-03   0.148396481E-03
   0.151974912E-03   0.155626236E-03   0.159354866E-03   0.163166109E-03
   0.167068503E-03   0.171071621E-03   0.175184247E-03   0.179411071E-03
   0.183755795E-03   0.188221837E-03   0.192811279E-03   0.197525860E-03
   0.202373001E-03   0.207383233E-03   0.212593778E-03   0.218047601E-03
   0.223807644E-03   0.229943394E-03   0.236496857E-03   0.243392358E-03
   0.250521755E-03   0.257805384E-03   0.265289816E-03   0.273055389E-03
   0.281260472E-03   0.290373133E-03   0.300951724E-03   0.313356983E-03
   0.327099917E-03   0.341460164E-03   0.355917828E-03   0.370830851E-03
   0.386791979E-03   0.404226430E-03   0.422830267E-03   0.442104134E-03
   0.461534546E-03   0.480593890E-03   0.498740427E-03
   0.000000000E+00   0.000000000E+00   0.443558737E-09   0.101709491E-07
   0.397096659E-07   0.911855039E-07   0.160817218E-06   0.241379743E-06
   0.324163053E-06   0.400472672E-06   0.462717821E-06   0.505133214E-06
   0.524180497E-06   0.518675325E-06   0.489686091E-06   0.440250295E-06
   0.374954550E-06   0.299424241E-06   0.219768820E-06   0.142028749E-06
   0.716700796E-07   0.131726809E-07  -0.302418935E-07  -0.566968946E-07
   0.437519665E-05   0.476992659E-05   0.518726508E-05   0.562344021E-05
   0.607535614E-05   0.654496592E-05   0.703594435E-05   0.755160159E-05
   0.809211196E-05   0.865668155E-05   0.924465114E-05   0.985649046E-05
   0.104930028E-04   0.111546597E-04   0.118403915E-04   0.125485733E-04
   0.132773068E-04   0.140241839E-04   0.147864822E-04   0.155631914E-04
   0.163612435E-04   0.171902829E-04   0.180583882E-04   0.189644116E-04
   0.199044852E-04   0.208749523E-04   0.218743386E-04   0.229016607E-04
   0.239561789E-04   0.250385003E-04   0.261496236E-04   0.272904567E-04
   0.284613572E-04   0.296625337E-04   0.308939054E-04   0.321542220E-04
   0.334418374E-04   0.347549709E-04   0.360916749E-04   0.374498638E-04
   0.388279392E-04   0.402267168E-04   0.416477117E-04   0.430923058E-04
   0.445610126E-04   0.460541353E-04   0.475714992E-04   0.491109096E-04
   0.506695382E-04   0.522446644E-04   0.538344803E-04   0.554373640E-04
   0.570515313E-04   0.586747414E-04   0.603045641E-04   0.619384902E-04
   0.635739865E-04   0.652084460E-04   0.668390311E-04   0.684622441E-04
   0.700743196E-04   0.716714471E-04   0.732500388E-04   0.748064846E-04
   0.763369706E-04   0.778371831E-04   0.793025810E-04   0.807281939E-04
   0.821077090E-04   0.834343126E-04   0.847012738E-04   0.859028518E-04
   0.870334574E-04   0.880867640E-04   0.890538558E-04   0.899249435E-04
   0.906901224E-04   0.913398957E-04   0.918646887E-04   0.922541080E-04
   0.924951743E-04   0.925739672E-04   0.924762882E-04   0.921879691E-04
   0.916945847E-04   0.909813139E-04   0.900328162E-04   0.888333475E-04
   0.873661444E-04   0.856114144E-04   0.835482169E-04   0.811535609E-04
   0.783976581E-04   0.752483734E-04   0.716717332E-04   0.676288226E-04
   0.630786994E-04   0.579836224E-04   0.523220318E-04   0.460763384E-04
   0.392307613E-04   0.317774609E-04   0.237107609E-04   0.150058722E-04
   0.555975661E-05  -0.475308122E-05  -0.160736172E-04  -0.285951258E-04
  -0.425283975E-04  -0.580372390E-04  -0.750773321E-04  -0.935486649E-04
  -0.113305653E-03  -0.134029452E-03  -0.155348893E-03  -0.177075817E-03
  -0.199798882E-03  -0.224320495E-03  -0.251402369E-03  -0.281572882E-03
  -0.315309952E-03  -0.352928066E-03  -0.394043269E-03  -0.438081601E-03
  -0.484451807E-03  -0.532545328E-03  -0.581736308E-03
   0.000000000E+00   0.000000000E+00   0.000000000E+00   0.000000000E+00
   0.000000000E+00   0.000000000E+00   0.000000000E+00   0.000000000E+00
   0.000000000E+00   0.000000000E+00   0.000000000E+00   0.000000000E+00
   0.000000000E+00   0.000000000E+00   0.000000000E+00  -0.484014145E-09
  -0.115320607E-07  -0.469826502E-07  -0.113133542E-06  -0.210412580E-06
  -0.335231453E-06  -0.481505801E-06  -0.641872111E-06  -0.808631814E-06
  -0.974453030E-06  -0.113286039E-05  -0.127854333E-05  -0.140751340E-05
  -0.151714083E-05  -0.160610094E-05  -0.167426083E-05  -0.172253663E-05
  -0.175275190E-05  -0.176752751E-05  -0.177023351E-05  -0.176503335E-05
  -0.175705092E-05  -0.469038312E-05  -0.495151133E-05  -0.522894244E-05
  -0.552535322E-05  -0.583667757E-05  -0.615659181E-05  -0.647955053E-05
  -0.680533578E-05  -0.713523839E-05  -0.747061684E-05  -0.781264440E-05
  -0.816252386E-05  -0.852131992E-05  -0.888918779E-05  -0.926603505E-05
  -0.965200022E-05  -0.100482241E-04  -0.104561819E-04  -0.108767408E-04
  -0.113079357E-04  -0.117469106E-04  -0.121913132E-04  -0.126415328E-04
  -0.130987327E-04  -0.135639917E-04  -0.140377695E-04  -0.145203793E-04
  -0.150119983E-04  -0.155121834E-04  -0.160203019E-04  -0.165358512E-04
  -0.170589867E-04  -0.175900492E-04  -0.181291800E-04  -0.186756333E-04
  -0.192283941E-04  -0.197866599E-04  -0.203506696E-04  -0.209209551E-04
  -0.214980003E-04  -0.220819908E-04  -0.226730409E-04  -0.232711654E-04
  -0.238759450E-04  -0.244868310E-04  -0.251032213E-04  -0.257243729E-04
  -0.263494825E-04  -0.269779834E-04  -0.276103815E-04  -0.282474899E-04
  -0.288899650E-04  -0.295376902E-04  -0.301903429E-04  -0.308475941E-04
  -0.315091252E-04  -0.321746125E-04  -0.328438952E-04  -0.335175084E-04
  -0.341961904E-04  -0.348804665E-04  -0.355698867E-04  -0.362637321E-04
  -0.369616746E-04  -0.376650644E-04  -0.383757343E-04  -0.390952715E-04
  -0.398240352E-04  -0.405620707E-04  -0.413097464E-04  -0.420687496E-04
  -0.428411581E-04  -0.436287931E-04  -0.444322081E-04  -0.452516342E-04
  -0.460878850E-04  -0.469441484E-04  -0.478243098E-04  -0.487325700E-04
  -0.496740308E-04  -0.506541459E-04  -0.516785551E-04  -0.527531496E-04
  -0.538840108E-04  -0.550759681E-04  -0.563282427E-04  -0.576385457E-04
  -0.590077254E-04  -0.604497283E-04  -0.619822148E-04  -0.636241941E-04
  -0.653985726E-04  -0.673297498E-04  -0.694399675E-04  -0.717406431E-04
  -0.742405576E-04  -0.769549560E-04  -0.799248653E-04  -0.831988210E-04
  -0.868070633E-04  -0.907016304E-04  -0.948130972E-04  -0.991222335E-04
  -0.103820100E-03  -0.109156239E-03  -0.115302747E-03  -0.122096559E-03
  -0.129284099E-03  -0.136698726E-03  -0.144548869E-03  -0.153144201E-03
  -0.162802628E-03  -0.173850288E-03  -0.186621555E-03
   0.000000000E+00   0.000000000E+00   0.000000000E+00   0.000000000E+00
   0.000000000E+00   0.000000000E+00   0.000000000E+00   0.000000000E+00
   0.000000000E+00   0.000000000E+00   0.000000000E+00   0.000000000E+00
   0.000000000E+00   0.479722053E-09   0.114098493E-07   0.463979859E-07
   0.111502965E-06   0.206939254E-06   0.328952662E-06   0.471355387E-06
   0.626751462E-06   0.787483686E-06   0.946333093E-06   0.109700205E-05
   0.123441202E-05   0.135484712E-05   0.145597447E-05   0.153677246E-05
   0.159739796E-05   0.163902365E-05   0.166367633E-05   0.167410752E-05
   0.167372728E-05   0.166663229E-05   0.165775945E-05   0.465264961E-05
   0.491926773E-05   0.522297290E-05   0.555165680E-05   0.588461109E-05
   0.620530598E-05   0.652197124E-05   0.685055256E-05   0.720330598E-05
   0.757192600E-05   0.794170813E-05   0.830032664E-05   0.864966848E-05
   0.899578257E-05   0.934536470E-05   0.970591993E-05   0.100856233E-04
   0.104898148E-04   0.109101011E-04   0.113337921E-04   0.117506220E-04
   0.121634410E-04   0.125788834E-04   0.130022388E-04   0.134316345E-04
   0.138631503E-04   0.142941537E-04   0.147281415E-04   0.151704563E-04
   0.156245310E-04   0.160848262E-04   0.165431161E-04   0.169922277E-04
   0.174308766E-04   0.178593405E-04   0.182784816E-04   0.186913858E-04
   0.191018891E-04   0.195126435E-04   0.199206936E-04   0.203214713E-04
   0.207109984E-04   0.210884302E-04   0.214537494E-04   0.218061773E-04
   0.221417227E-04   0.224554132E-04   0.227434717E-04   0.230076715E-04
   0.232513586E-04   0.234765354E-04   0.236790822E-04   0.238531363E-04
   0.239933569E-04   0.240972667E-04   0.241630998E-04   0.241888825E-04
   0.241718803E-04   0.241091077E-04   0.239971768E-04   0.238312913E-04
   0.236061763E-04   0.233170624E-04   0.229617345E-04   0.225386338E-04
   0.220451010E-04   0.214739713E-04   0.208167363E-04   0.200651102E-04
   0.192125154E-04   0.182527003E-04   0.171790049E-04   0.159835599E-04
   0.146580335E-04   0.131939779E-04   0.115831068E-04   0.981703595E-05
   0.788659955E-05   0.578002292E-05   0.348463294E-05   0.986344629E-06
  -0.173370845E-05  -0.469601458E-05  -0.792166208E-05  -0.114325133E-04
  -0.152510411E-04  -0.193984261E-04  -0.238888928E-04  -0.287350379E-04
  -0.339507931E-04  -0.395549408E-04  -0.455678024E-04  -0.520187795E-04
  -0.589729107E-04  -0.665058170E-04  -0.746999468E-04  -0.836592056E-04
  -0.934951354E-04  -0.104292364E-03  -0.116017274E-03  -0.128604397E-03
  -0.142003812E-03  -0.156236202E-03  -0.171340707E-03  -0.187433199E-03
  -0.204938678E-03  -0.224370906E-03  -0.246083229E-03  -0.269735986E-03
  -0.294802103E-03  -0.320908060E-03  -0.348350703E-03  -0.377606096E-03
  -0.409162696E-03  -0.443521351E-03  -0.481195304E-03
   0.000000000E+00   0.000000000E+00   0.000000000E+00   0.000000000E+00
   0.000000000E+00   0.000000000E+00   0.000000000E+00   0.000000000E+00
   0.000000000E+00   0.000000000E+00   0.000000000E+00   0.000000000E+00
   0.000000000E+00   0.000000000E+00   0.000000000E+00   0.000000000E+00
   0.000000000E+00   0.000000000E+00   0.000000000E+00   0.000000000E+00
   0.000000000E+00   0.000000000E+00   0.000000000E+00   0.000000000E+00
   0.000000000E+00   0.000000000E+00   0.000000000E+00   0.000000000E+00
   0.000000000E+00   0.000000000E+00   0.000000000E+00   0.000000000E+00
   0.000000000E+00   0.440222006E-09   0.974045341E-08   0.364291718E-07
   0.793674673E-07   0.131083528E-06   0.180898519E-06   0.217374918E-06
   0.230149119E-06   0.211210080E-06   0.155685829E-06   0.621996045E-07
  -0.671425620E-07  -0.227071030E-06  -0.409716710E-06  -0.605358394E-06
  -0.803291478E-06  -0.992756265E-06  -0.116386406E-05  -0.130845929E-05
  -0.142085575E-05  -0.149838538E-05  -0.154169754E-05   0.441076788E-05
   0.494103589E-05   0.551204163E-05   0.612841929E-05   0.678882604E-05
   0.749015019E-05   0.823027919E-05   0.901215457E-05   0.984018403E-05
   0.107187232E-04   0.116512455E-04   0.126410811E-04   0.136912422E-04
   0.148030771E-04   0.159774746E-04   0.172158336E-04   0.185217783E-04
   0.198996160E-04   0.213537580E-04   0.228885812E-04   0.245085533E-04
   0.262178147E-04   0.280187475E-04   0.299132736E-04   0.319040411E-04
   0.339967150E-04   0.361978927E-04   0.385137068E-04   0.409477283E-04
   0.435028818E-04   0.461827705E-04   0.489937302E-04   0.519429470E-04
   0.550375072E-04   0.582834657E-04   0.616867022E-04   0.652536711E-04
   0.689928073E-04   0.729132302E-04   0.770239027E-04   0.813324086E-04
   0.858460824E-04   0.905731363E-04   0.955249377E-04   0.100713899E-03
   0.106152428E-03   0.111851921E-03   0.117823698E-03   0.124079804E-03
   0.130634504E-03   0.137502893E-03   0.144700389E-03   0.152242634E-03
   0.160145587E-03   0.168425996E-03   0.177102742E-03   0.186195586E-03
   0.195725289E-03   0.205715333E-03   0.216190313E-03   0.227175917E-03
   0.238700565E-03   0.250793872E-03   0.263485275E-03   0.276801408E-03
   0.290768569E-03   0.305416153E-03   0.320784622E-03   0.336918009E-03
   0.353866427E-03   0.371701575E-03   0.390502127E-03   0.410338997E-03
   0.431245453E-03   0.453245310E-03   0.476370369E-03   0.500684409E-03
   0.526260519E-03   0.553188993E-03   0.581625082E-03   0.611743821E-03
   0.643707415E-03   0.677612489E-03   0.713540046E-03   0.751645704E-03
   0.792383633E-03   0.836294214E-03   0.883648758E-03   0.933584320E-03
   0.984925031E-03   0.103674947E-02   0.108927142E-02   0.114300283E-02
   0.119846954E-02   0.125621130E-02   0.131678173E-02
   0.000000000E+00   0.000000000E+00   0.000000000E+00   0.000000000E+00
   0.000000000E+00   0.000000000E+00   0.000000000E+00   0.000000000E+00
   0.000000000E+00   0.000000000E+00   0.000000000E+00   0.000000000E+00
   0.000000000E+00   0.000000000E+00   0.000000000E+00   0.000000000E+00
   0.000000000E+00   0.000000000E+00   0.000000000E+00   0.000000000E+00
   0.000000000E+00   0.000000000E+00   0.000000000E+00   0.000000000E+00
   0.000000000E+00   0.000000000E+00   0.000000000E+00   0.000000000E+00
   0.000000000E+00   0.000000000E+00   0.000000000E+00   0.442520415E-09
   0.973033705E-08   0.361057769E-07   0.778644126E-07   0.126854845E-06
   0.171738230E-06   0.200536251E-06   0.202532428E-06   0.169591673E-06
   0.969629724E-07  -0.163698859E-07  -0.167724662E-06  -0.351079179E-06
  -0.557687113E-06  -0.776886157E-06  -0.997033663E-06  -0.120650486E-05
  -0.139468878E-05  -0.155291691E-05  -0.167525978E-05  -0.175912656E-05
  -0.180560267E-05   0.444559260E-05   0.500248623E-05   0.560055545E-05
   0.624104506E-05   0.692475032E-05   0.765292462E-05   0.842882569E-05
   0.925635631E-05   0.101390226E-04   0.110781621E-04   0.120745115E-04
   0.131289988E-04   0.142435075E-04   0.154201964E-04   0.166616547E-04
   0.179721250E-04   0.193564088E-04   0.208192348E-04   0.223644742E-04
   0.239958458E-04   0.257171316E-04   0.275320841E-04   0.294445098E-04
   0.314582860E-04   0.335773230E-04   0.358055985E-04   0.381472214E-04
   0.406065943E-04   0.431882659E-04   0.458969603E-04   0.487378279E-04
   0.517162164E-04   0.548378145E-04   0.581093410E-04   0.615379132E-04
   0.651305958E-04   0.688936774E-04   0.728333356E-04   0.769562473E-04
   0.812707689E-04   0.857858490E-04   0.905104844E-04   0.954531977E-04
   0.100622520E-03   0.106027560E-03   0.111679244E-03   0.117589166E-03
   0.123769216E-03   0.130231651E-03   0.136989027E-03   0.144054192E-03
   0.151440324E-03   0.159160892E-03   0.167230022E-03   0.175663632E-03
   0.184478369E-03   0.193691570E-03   0.203322239E-03   0.213390133E-03
   0.223915909E-03   0.234922569E-03   0.246434104E-03   0.258474870E-03
   0.271069040E-03   0.284241115E-03   0.298016347E-03   0.312421508E-03
   0.327484169E-03   0.343234754E-03   0.359713601E-03   0.376964320E-03
   0.395035610E-03   0.413993779E-03   0.433910951E-03   0.454859025E-03
   0.476903478E-03   0.500109211E-03   0.524528207E-03   0.550155637E-03
   0.576971329E-03   0.604974636E-03   0.634247962E-03   0.664896673E-03
   0.697081394E-03   0.731179355E-03   0.767631578E-03   0.806811681E-03
   0.848783635E-03   0.893531467E-03   0.940914303E-03   0.990290300E-03
   0.104087366E-02   0.109206432E-02   0.114408476E-02   0.119737479E-02
   0.125238610E-02   0.130958222E-02   0.136943849E-02
   0.000000000E+00   0.000000000E+00   0.000000000E+00   0.000000000E+00
   0.000000000E+00   0.000000000E+00   0.000000000E+00   0.000000000E+00
   0.000000000E+00   0.000000000E+00   0.000000000E+00   0.000000000E+00
   0.000000000E+00   0.000000000E+00   0.000000000E+00   0.000000000E+00
   0.000000000E+00   0.000000000E+00   0.000000000E+00   0.000000000E+00
   0.000000000E+00   0.000000000E+00   0.000000000E+00   0.000000000E+00
   0.000000000E+00   0.000000000E+00   0.000000000E+00   0.000000000E+00
   0.000000000E+00   0.000000000E+00   0.000000000E+00   0.000000000E+00
   0.000000000E+00   0.000000000E+00   0.000000000E+00   0.000000000E+00
   0.000000000E+00  -0.473738998E-09  -0.108812271E-07  -0.425651579E-07
  -0.979633181E-07  -0.173228759E-06  -0.260825525E-06  -0.351594829E-06
  -0.436339960E-06  -0.506978246E-06  -0.557308341E-06  -0.583441157E-06
  -0.583942729E-06  -0.559737313E-06  -0.513819016E-06  -0.450820257E-06
  -0.376485354E-06  -0.297097538E-06  -0.218907698E-06  -0.147613139E-06
  -0.879346672E-07  -0.433402991E-07  -0.159638793E-07  -0.466936239E-05
  -0.508381532E-05  -0.552413231E-05  -0.599029197E-05  -0.648172651E-05
  -0.699807650E-05  -0.754009075E-05  -0.810882536E-05  -0.870555748E-05
  -0.933238617E-05  -0.999169474E-05  -0.106856913E-04  -0.114155599E-04
  -0.121822238E-04  -0.129865971E-04  -0.138295454E-04  -0.147119214E-04
  -0.156348768E-04  -0.166007918E-04  -0.176124319E-04  -0.186724535E-04
  -0.197827721E-04  -0.209451374E-04  -0.221613023E-04  -0.234329348E-04
  -0.247616982E-04  -0.261494846E-04  -0.275990472E-04  -0.291134204E-04
  -0.306956883E-04  -0.323488854E-04  -0.340760880E-04  -0.358803736E-04
  -0.377646000E-04  -0.397316089E-04  -0.417847163E-04  -0.439290095E-04
  -0.461701482E-04  -0.485134755E-04  -0.509625439E-04  -0.535204804E-04
  -0.561910699E-04  -0.589806476E-04  -0.618963416E-04  -0.649453643E-04
  -0.681346846E-04  -0.714713328E-04  -0.749626820E-04  -0.786169925E-04
  -0.824429038E-04  -0.864492334E-04  -0.906448900E-04  -0.950389540E-04
  -0.996411944E-04  -0.104463568E-03  -0.109518817E-03  -0.114820554E-03
  -0.120385004E-03  -0.126229375E-03  -0.132371824E-03  -0.138833072E-03
  -0.145634894E-03  -0.152798629E-03  -0.160342229E-03  -0.168283041E-03
  -0.176639442E-03  -0.185432954E-03  -0.194686252E-03  -0.204430270E-03
  -0.214728035E-03  -0.225652183E-03  -0.237274268E-03  -0.249655507E-03
  -0.262855531E-03  -0.276925273E-03  -0.291876139E-03  -0.307709174E-03
  -0.324451382E-03  -0.342236461E-03  -0.361228337E-03  -0.381563436E-03
  -0.403253682E-03  -0.426278474E-03  -0.450650366E-03  -0.476520215E-03
  -0.504077360E-03  -0.533441750E-03  -0.564438001E-03  -0.596810121E-03
  -0.630294437E-03  -0.664619597E-03  -0.699506572E-03
   0.000000000E+00   0.000000000E+00   0.000000000E+00   0.000000000E+00
   0.000000000E+00   0.000000000E+00   0.000000000E+00   0.000000000E+00
   0.000000000E+00   0.000000000E+00   0.000000000E+00   0.000000000E+00
   0.000000000E+00   0.000000000E+00   0.000000000E+00   0.000000000E+00
   0.000000000E+00   0.000000000E+00   0.000000000E+00   0.000000000E+00
   0.000000000E+00   0.000000000E+00   0.000000000E+00   0.000000000E+00
   0.000000000E+00   0.000000000E+00   0.000000000E+00   0.000000000E+00
   0.000000000E+00   0.000000000E+00   0.000000000E+00   0.000000000E+00
   0.000000000E+00   0.000000000E+00   0.457462845E-09   0.104262608E-07
   0.404194237E-07   0.920464771E-07   0.160740356E-06   0.238420063E-06
   0.315601399E-06   0.383006122E-06   0.432719857E-06   0.458949096E-06
   0.458427641E-06   0.430522805E-06   0.377091730E-06   0.302138146E-06
   0.211319918E-06   0.111357707E-06   0.939510150E-08  -0.876394599E-07
  -0.173618630E-06  -0.243699619E-06  -0.294654849E-06  -0.324999459E-06
   0.452463258E-05   0.495658795E-05   0.541271127E-05   0.589103202E-05
   0.638935883E-05   0.690702211E-05   0.745019672E-05   0.802719236E-05
   0.864487180E-05   0.930259587E-05   0.999761240E-05   0.107275732E-04
   0.114925305E-04   0.122931504E-04   0.131303871E-04   0.140063999E-04
   0.149237284E-04   0.158850246E-04   0.168931084E-04   0.179509177E-04
   0.190613563E-04   0.202268785E-04   0.214498657E-04   0.227321777E-04
   0.240733545E-04   0.254722524E-04   0.269288890E-04   0.284484060E-04
   0.300374492E-04   0.317018451E-04   0.334432729E-04   0.352623141E-04
   0.371602032E-04   0.391409944E-04   0.412095700E-04   0.433706454E-04
   0.456278083E-04   0.479844045E-04   0.504437926E-04   0.530091951E-04
   0.556838363E-04   0.584717503E-04   0.613801251E-04   0.644171309E-04
   0.675904392E-04   0.709049564E-04   0.743649281E-04   0.779752362E-04
   0.817431694E-04   0.856767757E-04   0.897839718E-04   0.940715418E-04
   0.985460711E-04   0.103214796E-03   0.108087229E-03   0.113173644E-03
   0.118484754E-03   0.124032339E-03   0.129828662E-03   0.135886429E-03
   0.142219275E-03   0.148841309E-03   0.155766372E-03   0.163006247E-03
   0.170572343E-03   0.178476693E-03   0.186733268E-03   0.195356746E-03
   0.204365744E-03   0.213794044E-03   0.223680019E-03   0.234060382E-03
   0.244962077E-03   0.256409926E-03   0.268420046E-03   0.280971688E-03
   0.294033840E-03   0.307601607E-03   0.321779833E-03   0.336704001E-03
   0.352535492E-03   0.369529414E-03   0.387970360E-03   0.407977859E-03
   0.428978333E-03   0.450205807E-03   0.470961951E-03   0.490890630E-03
   0.509717272E-03   0.527457536E-03   0.545325403E-03   0.564870184E-03
   0.587683384E-03   0.615398706E-03   0.649692049E-03
   0.000000000E+00   0.000000000E+00   0.000000000E+00   0.000000000E+00
   0.000000000E+00   0.000000000E+00   0.000000000E+00   0.000000000E+00
   0.000000000E+00   0.000000000E+00   0.000000000E+00   0.000000000E+00
   0.000000000E+00   0.000000000E+00   0.000000000E+00   0.000000000E+00
   0.000000000E+00   0.000000000E+00   0.000000000E+00   0.000000000E+00
   0.000000000E+00   0.000000000E+00   0.000000000E+00   0.000000000E+00
   0.000000000E+00   0.000000000E+00   0.000000000E+00   0.000000000E+00
   0.000000000E+00   0.000000000E+00   0.000000000E+00   0.000000000E+00
   0.000000000E+00   0.000000000E+00  -0.486135009E-09  -0.118348775E-07
  -0.493136411E-07  -0.121563152E-06  -0.231663683E-06  -0.378511451E-06
  -0.557986033E-06  -0.763927859E-06  -0.988944846E-06  -0.122506723E-05
  -0.146426966E-05  -0.169887960E-05  -0.192189113E-05  -0.212720319E-05
  -0.230980126E-05  -0.246590171E-05  -0.259307768E-05  -0.269038570E-05
  -0.275851196E-05  -0.279995753E-05  -0.281928128E-05  -0.282341987E-05
  -0.466212655E-05  -0.482568415E-05  -0.498810009E-05  -0.514903217E-05
  -0.530822035E-05  -0.546548906E-05  -0.562102165E-05  -0.577511757E-05
  -0.592728754E-05  -0.607369131E-05  -0.620941805E-05  -0.633103688E-05
  -0.644207486E-05  -0.654811561E-05  -0.665326385E-05  -0.675444088E-05
  -0.684651344E-05  -0.692491354E-05  -0.698825206E-05  -0.703595850E-05
  -0.706729389E-05  -0.708082414E-05  -0.707489763E-05  -0.704762798E-05
  -0.699632851E-05  -0.691802703E-05  -0.680993355E-05  -0.667033878E-05
  -0.649779349E-05  -0.629056008E-05  -0.604579130E-05  -0.576028285E-05
  -0.543076196E-05  -0.505397829E-05  -0.462662041E-05  -0.414508729E-05
  -0.360487169E-05  -0.300112846E-05  -0.232908110E-05  -0.158467288E-05
  -0.763965119E-06   0.137473155E-06   0.112580930E-05   0.220779447E-05
   0.339031268E-05   0.468020951E-05   0.608445116E-05   0.761033539E-05
   0.926597295E-05   0.110598395E-04   0.130007931E-04   0.150985987E-04
   0.173634392E-04   0.198059467E-04   0.224378155E-04   0.252712294E-04
   0.283188873E-04   0.315946803E-04   0.351130577E-04   0.388888317E-04
   0.429372422E-04   0.472738964E-04   0.519151949E-04   0.568797058E-04
   0.621868748E-04   0.678580138E-04   0.739206852E-04   0.804045780E-04
   0.873384491E-04   0.947450595E-04   0.102645945E-03   0.111065724E-03
   0.120040311E-03   0.129609171E-03   0.139807505E-03   0.150650443E-03
   0.162147979E-03   0.174313567E-03   0.187174852E-03   0.200763516E-03
   0.215160515E-03   0.230644994E-03   0.247553249E-03   0.266126420E-03
   0.286191512E-03   0.307463863E-03   0.329671644E-03   0.352622082E-03
   0.376138595E-03   0.400088000E-03   0.424528918E-03   0.449570742E-03
   0.475325733E-03   0.501909014E-03   0.529438579E-03
   0.000000000E+00   0.000000000E+00   0.000000000E+00   0.000000000E+00
   0.000000000E+00   0.000000000E+00   0.000000000E+00   0.000000000E+00
   0.000000000E+00   0.000000000E+00   0.000000000E+00   0.000000000E+00
   0.000000000E+00   0.000000000E+00   0.000000000E+00   0.000000000E+00
   0.000000000E+00   0.000000000E+00   0.000000000E+00   0.000000000E+00
   0.000000000E+00   0.000000000E+00   0.000000000E+00   0.000000000E+00
   0.000000000E+00   0.000000000E+00   0.000000000E+00   0.000000000E+00
   0.000000000E+00   0.000000000E+00   0.000000000E+00   0.000000000E+00
   0.000000000E+00  -0.486030892E-09  -0.118647680E-07  -0.495762128E-07
  -0.122556826E-06  -0.234226886E-06  -0.383804194E-06  -0.567425053E-06
  -0.779090096E-06  -0.101145255E-05  -0.125646651E-05  -0.150591276E-05
  -0.175181984E-05  -0.198679775E-05  -0.220430206E-05  -0.239884583E-05
  -0.256617711E-05  -0.270343939E-05  -0.280933271E-05  -0.288429300E-05
  -0.293070721E-05  -0.295318172E-05  -0.295888178E-05  -0.465485483E-05
  -0.480568997E-05  -0.495526543E-05  -0.510259961E-05  -0.524614394E-05
  -0.538413024E-05  -0.551480359E-05  -0.563677067E-05  -0.574869151E-05
  -0.584955767E-05  -0.593989771E-05  -0.602070427E-05  -0.609253687E-05
  -0.615388847E-05  -0.620264694E-05  -0.623656948E-05  -0.625317806E-05
  -0.624985346E-05  -0.622398414E-05  -0.617332812E-05  -0.609568620E-05
  -0.598877496E-05  -0.585018374E-05  -0.567741368E-05  -0.546793387E-05
  -0.521931396E-05  -0.492910346E-05  -0.459449307E-05  -0.421139460E-05
  -0.377528131E-05  -0.328161290E-05  -0.272625340E-05  -0.210508822E-05
  -0.141378354E-05  -0.647450516E-06   0.199046093E-06   0.113123896E-05
   0.215585251E-05   0.328007081E-05   0.451107269E-05   0.585537373E-05
   0.731943438E-05   0.891045378E-05   0.106381734E-04   0.125132060E-04
   0.145463011E-04   0.167478464E-04   0.191283306E-04   0.216990972E-04
   0.244741769E-04   0.274685825E-04   0.306975902E-04   0.341763255E-04
   0.379201495E-04   0.419449775E-04   0.462678513E-04   0.509064042E-04
   0.558794918E-04   0.612096893E-04   0.669209536E-04   0.730395581E-04
   0.795994137E-04   0.866370794E-04   0.941902060E-04   0.102297987E-03
   0.111000734E-03   0.120335943E-03   0.130326662E-03   0.140992434E-03
   0.152356590E-03   0.164457184E-03   0.177336695E-03   0.191053433E-03
   0.205727250E-03   0.221496413E-03   0.238500311E-03   0.256871448E-03
   0.276743003E-03   0.298228188E-03   0.321349200E-03   0.346104431E-03
   0.372471443E-03   0.400346146E-03   0.429600404E-03   0.460203321E-03
   0.492532158E-03   0.527077508E-03   0.564341441E-03   0.604832511E-03
   0.649070497E-03   0.697405978E-03   0.749464209E-03   0.804673627E-03
   0.862445375E-03   0.922173299E-03   0.983233950E-03
   0.000000000E+00   0.000000000E+00   0.000000000E+00   0.000000000E+00
   0.000000000E+00   0.000000000E+00   0.000000000E+00   0.000000000E+00
   0.000000000E+00   0.000000000E+00   0.000000000E+00   0.000000000E+00
   0.000000000E+00   0.000000000E+00   0.000000000E+00   0.000000000E+00
   0.000000000E+00   0.000000000E+00   0.000000000E+00   0.000000000E+00
   0.000000000E+00   0.000000000E+00   0.000000000E+00   0.000000000E+00
   0.000000000E+00   0.000000000E+00   0.000000000E+00   0.000000000E+00
   0.000000000E+00   0.000000000E+00   0.000000000E+00   0.000000000E+00
   0.000000000E+00   0.000000000E+00   0.000000000E+00   0.000000000E+00
   0.000000000E+00   0.000000000E+00   0.000000000E+00   0.000000000E+00
   0.000000000E+00   0.000000000E+00   0.000000000E+00   0.000000000E+00
   0.000000000E+00   0.000000000E+00   0.000000000E+00   0.000000000E+00
   0.000000000E+00   0.000000000E+00   0.000000000E+00   0.000000000E+00
   0.000000000E+00   0.000000000E+00   0.000000000E+00   0.000000000E+00
   0.000000000E+00   0.000000000E+00   0.000000000E+00   0.000000000E+00
   0.000000000E+00   0.000000000E+00   0.000000000E+00   0.000000000E+00
   0.000000000E+00   0.000000000E+00   0.000000000E+00   0.000000000E+00
   0.000000000E+00   0.000000000E+00   0.000000000E+00   0.000000000E+00
   0.000000000E+00   0.000000000E+00  -0.415235848E-09  -0.874587901E-08
  -0.306406589E-07  -0.609713382E-07  -0.880493510E-07  -0.974242934E-07
  -0.748224936E-07  -0.830408915E-08   0.110282958E-06   0.284473479E-06
   0.512901922E-06   0.789486949E-06   0.110400538E-05   0.144297704E-05
   0.179078214E-05   0.213093262E-05   0.244741924E-05   0.272605579E-05
   0.295574206E-05   0.312956724E-05   0.324567511E-05   0.330781283E-05
  -0.424588054E-05  -0.491889078E-05  -0.564417020E-05  -0.642281283E-05
  -0.725640422E-05  -0.814854886E-05  -0.910345182E-05  -0.101255596E-04
  -0.112199504E-04  -0.123919708E-04  -0.136470050E-04  -0.149901466E-04
  -0.164265045E-04  -0.179615158E-04  -0.196015862E-04  -0.213534918E-04
  -0.232242479E-04  -0.252213354E-04  -0.273524892E-04  -0.296261789E-04
  -0.320533073E-04  -0.346456176E-04  -0.374156211E-04  -0.403780409E-04
  -0.435484559E-04  -0.469420597E-04  -0.505712752E-04  -0.544479991E-04
  -0.585850585E-04  -0.629983326E-04  -0.677047538E-04  -0.727221813E-04
  -0.780710977E-04  -0.837730082E-04  -0.898645695E-04  -0.964425165E-04
  -0.103621220E-03  -0.111490797E-03  -0.120033150E-03  -0.129201390E-03
  -0.138927779E-03  -0.149065348E-03  -0.159443191E-03  -0.170034463E-03
  -0.181412553E-03  -0.194318522E-03  -0.209318228E-03  -0.226203790E-03
  -0.244561784E-03  -0.264073082E-03  -0.284839057E-03  -0.307071581E-03
  -0.330987725E-03  -0.356809763E-03  -0.384765169E-03
   0.000000000E+00   0.000000000E+00   0.000000000E+00   0.000000000E+00
   0.000000000E+00   0.000000000E+00   0.000000000E+00   0.000000000E+00
   0.000000000E+00   0.000000000E+00   0.000000000E+00   0.000000000E+00
   0.000000000E+00   0.000000000E+00   0.000000000E+00   0.000000000E+00
   0.000000000E+00   0.000000000E+00   0.000000000E+00   0.000000000E+00
   0.000000000E+00   0.000000000E+00   0.000000000E+00   0.000000000E+00
   0.000000000E+00   0.000000000E+00   0.000000000E+00   0.000000000E+00
   0.000000000E+00   0.000000000E+00   0.000000000E+00   0.000000000E+00
   0.000000000E+00   0.000000000E+00   0.000000000E+00   0.000000000E+00
   0.000000000E+00   0.000000000E+00   0.000000000E+00   0.000000000E+00
   0.000000000E+00   0.000000000E+00   0.000000000E+00   0.000000000E+00
   0.000000000E+00   0.000000000E+00   0.000000000E+00   0.000000000E+00
   0.000000000E+00   0.000000000E+00   0.000000000E+00   0.000000000E+00
   0.000000000E+00   0.000000000E+00   0.000000000E+00   0.000000000E+00
   0.000000000E+00   0.000000000E+00   0.000000000E+00   0.000000000E+00
   0.000000000E+00   0.000000000E+00   0.000000000E+00   0.000000000E+00
   0.000000000E+00   0.000000000E+00   0.400916689E-09   0.832795651E-08
   0.286041631E-07   0.552105500E-07   0.756394820E-07   0.747860286E-07
   0.379508942E-07  -0.469640480E-07  -0.187986590E-06  -0.388250357E-06
  -0.645735293E-06  -0.953491414E-06  -0.130026482E-05  -0.167144493E-05
  -0.205025192E-05  -0.241908327E-05  -0.276093855E-05  -0.306084119E-05
  -0.330717645E-05  -0.349286431E-05  -0.361628649E-05  -0.368188643E-05
   0.412196921E-05   0.481728747E-05   0.556937763E-05   0.638026988E-05
   0.725422046E-05   0.819616424E-05   0.921109226E-05   0.103037718E-04
   0.114790050E-04   0.127415874E-04   0.140959066E-04   0.155463138E-04
   0.170980850E-04   0.187599870E-04   0.205418947E-04   0.224534797E-04
   0.245026880E-04   0.266971570E-04   0.290451708E-04   0.315571086E-04
   0.342440945E-04   0.371173956E-04   0.401879948E-04   0.434669898E-04
   0.469666103E-04   0.507029184E-04   0.546932808E-04   0.589564492E-04
   0.635154615E-04   0.683949215E-04   0.736199747E-04   0.792160134E-04
   0.852089539E-04   0.916238266E-04   0.984801662E-04   0.105796348E-03
   0.113594097E-03   0.121907767E-03   0.130775599E-03   0.140243900E-03
   0.150388984E-03   0.161296472E-03   0.173050228E-03   0.185720054E-03
   0.199373315E-03   0.214076372E-03   0.229886873E-03   0.246861046E-03
   0.265070742E-03   0.284647968E-03   0.305742711E-03   0.328499119E-03
   0.353026553E-03   0.379427035E-03   0.407719602E-03   0.437580567E-03
   0.468590087E-03   0.500543801E-03   0.534148934E-03   0.570362759E-03
   0.610167897E-03   0.654572314E-03   0.704609323E-03
   0.000000000E+00   0.000000000E+00   0.000000000E+00   0.000000000E+00
   0.000000000E+00   0.000000000E+00   0.000000000E+00   0.000000000E+00
   0.000000000E+00   0.000000000E+00   0.000000000E+00   0.000000000E+00
   0.000000000E+00   0.000000000E+00   0.000000000E+00   0.000000000E+00
   0.000000000E+00   0.000000000E+00   0.000000000E+00   0.000000000E+00
   0.000000000E+00   0.000000000E+00   0.000000000E+00   0.000000000E+00
   0.000000000E+00   0.000000000E+00   0.000000000E+00   0.000000000E+00
   0.000000000E+00   0.000000000E+00   0.000000000E+00   0.000000000E+00
   0.000000000E+00   0.000000000E+00   0.000000000E+00   0.000000000E+00
   0.000000000E+00   0.000000000E+00   0.000000000E+00   0.000000000E+00
   0.000000000E+00   0.000000000E+00   0.000000000E+00   0.000000000E+00
   0.000000000E+00  -0.486132189E-09  -0.113864893E-07  -0.455369424E-07
  -0.107463675E-06  -0.195536817E-06  -0.304209559E-06  -0.425824145E-06
  -0.552024254E-06  -0.674813264E-06  -0.787297908E-06  -0.884156825E-06
  -0.961873502E-06  -0.101877312E-05  -0.105490277E-05  -0.107179466E-05
  -0.107215158E-05  -0.105949444E-05  -0.103781107E-05  -0.101124607E-05
  -0.983870946E-06  -0.959574274E-06  -0.942111212E-06  -0.474883476E-05
  -0.508781100E-05  -0.544576527E-05  -0.582537591E-05  -0.622757259E-05
  -0.665282972E-05  -0.710156730E-05  -0.757400185E-05  -0.807028105E-05
  -0.859088730E-05  -0.913774635E-05  -0.971322203E-05  -0.103192800E-04
  -0.109559726E-04  -0.116228176E-04  -0.123198099E-04  -0.130490769E-04
  -0.138133663E-04  -0.146151597E-04  -0.154555444E-04  -0.163352473E-04
  -0.172552641E-04  -0.182177044E-04  -0.192250149E-04  -0.202794420E-04
  -0.213821954E-04  -0.225342190E-04  -0.237369567E-04  -0.249938984E-04
  -0.263091511E-04  -0.276863353E-04  -0.291266935E-04  -0.306308426E-04
  -0.322000383E-04  -0.338382196E-04  -0.355501104E-04  -0.373402666E-04
  -0.392121456E-04  -0.411689723E-04  -0.432142987E-04  -0.453528142E-04
  -0.475895900E-04  -0.499296471E-04  -0.523774212E-04  -0.549372627E-04
  -0.576138692E-04  -0.604130902E-04  -0.633411743E-04  -0.664050262E-04
  -0.696137892E-04  -0.729773616E-04  -0.765065086E-04  -0.802147588E-04
  -0.841166230E-04  -0.882251578E-04  -0.925463578E-04  -0.970844307E-04
  -0.101844290E-03  -0.106833677E-03  -0.112061165E-03  -0.117546943E-03
  -0.123357957E-03  -0.129574762E-03  -0.136266274E-03  -0.143447075E-03
  -0.151117749E-03  -0.159270803E-03  -0.167866730E-03  -0.176856654E-03
  -0.186235364E-03  -0.196180008E-03  -0.206918739E-03  -0.218611898E-03
  -0.231125335E-03  -0.244245356E-03  -0.257878713E-03  -0.272440522E-03
  -0.288486011E-03  -0.306419357E-03  -0.325986433E-03  -0.346756871E-03
  -0.368287800E-03  -0.390123850E-03  -0.411797148E-03
   0.000000000E+00   0.000000000E+00   0.000000000E+00   0.000000000E+00
   0.000000000E+00   0.000000000E+00   0.000000000E+00   0.000000000E+00
   0.000000000E+00   0.000000000E+00   0.000000000E+00   0.000000000E+00
   0.000000000E+00   0.000000000E+00   0.000000000E+00   0.000000000E+00
   0.000000000E+00   0.000000000E+00   0.000000000E+00   0.000000000E+00
   0.000000000E+00   0.000000000E+00   0.000000000E+00   0.000000000E+00
   0.000000000E+00   0.000000000E+00   0.000000000E+00   0.000000000E+00
   0.000000000E+00   0.000000000E+00   0.000000000E+00   0.000000000E+00
   0.000000000E+00   0.000000000E+00   0.000000000E+00   0.000000000E+00
   0.000000000E+00   0.000000000E+00   0.000000000E+00   0.000000000E+00
   0.000000000E+00   0.000000000E+00   0.000000000E+00  -0.474001554E-09
  -0.110797614E-07  -0.442102997E-07  -0.104071474E-06  -0.188836679E-06
  -0.292873577E-06  -0.408537204E-06  -0.527569032E-06  -0.642141510E-06
  -0.745587637E-06  -0.832855125E-06  -0.900724685E-06  -0.947831985E-06
  -0.974532843E-06  -0.982651181E-06  -0.975149301E-06  -0.955760020E-06
  -0.928620232E-06  -0.897945409E-06  -0.867784629E-06  -0.841895645E-06
  -0.823779559E-06  -0.463470705E-05  -0.497406638E-05  -0.533050682E-05
  -0.570552839E-05  -0.610085571E-05  -0.651807156E-05  -0.695794488E-05
  -0.742103489E-05  -0.790794710E-05  -0.841947725E-05  -0.895648128E-05
  -0.951981617E-05  -0.101102960E-04  -0.107287320E-04  -0.113759288E-04
  -0.120526322E-04  -0.127595771E-04  -0.134975530E-04  -0.142675569E-04
  -0.150706540E-04  -0.159080306E-04  -0.167813083E-04  -0.176922561E-04
  -0.186424554E-04  -0.196325691E-04  -0.206630132E-04  -0.217344260E-04
  -0.228484030E-04  -0.240068195E-04  -0.252113796E-04  -0.264629437E-04
  -0.277621496E-04  -0.291098890E-04  -0.305081142E-04  -0.319590907E-04
  -0.334649531E-04  -0.350271310E-04  -0.366468826E-04  -0.383253628E-04
  -0.400632724E-04  -0.418611845E-04  -0.437198625E-04  -0.456408904E-04
  -0.476260851E-04  -0.496773908E-04  -0.517971760E-04  -0.539879563E-04
  -0.562522136E-04  -0.585921313E-04  -0.610098426E-04  -0.635066776E-04
  -0.660805959E-04  -0.687285942E-04  -0.714477062E-04  -0.742355462E-04
  -0.770897984E-04  -0.800102779E-04  -0.830057835E-04  -0.860876516E-04
  -0.892686995E-04  -0.925667277E-04  -0.960012207E-04  -0.995865100E-04
  -0.103314275E-03  -0.107170054E-03  -0.111125916E-03  -0.115100816E-03
  -0.118998053E-03  -0.122745341E-03  -0.126378443E-03  -0.129962062E-03
  -0.133610694E-03  -0.137634770E-03  -0.142402247E-03  -0.148174345E-03
  -0.154747252E-03  -0.161791877E-03  -0.168919449E-03  -0.175529015E-03
  -0.180952215E-03  -0.184715114E-03  -0.187187857E-03  -0.188967277E-03
  -0.190667188E-03  -0.192918385E-03  -0.196368644E-03
   0.000000000E+00   0.000000000E+00   0.000000000E+00   0.000000000E+00
   0.000000000E+00   0.000000000E+00   0.000000000E+00   0.000000000E+00
   0.000000000E+00   0.000000000E+00   0.000000000E+00   0.000000000E+00
   0.000000000E+00   0.000000000E+00   0.000000000E+00   0.000000000E+00
   0.000000000E+00   0.000000000E+00   0.000000000E+00   0.000000000E+00
   0.000000000E+00   0.000000000E+00   0.000000000E+00   0.000000000E+00
   0.000000000E+00   0.000000000E+00   0.000000000E+00   0.000000000E+00
   0.000000000E+00   0.000000000E+00   0.000000000E+00   0.000000000E+00
   0.000000000E+00   0.000000000E+00   0.000000000E+00   0.000000000E+00
   0.000000000E+00   0.000000000E+00   0.000000000E+00   0.000000000E+00
   0.000000000E+00   0.000000000E+00   0.000000000E+00   0.000000000E+00
   0.000000000E+00   0.000000000E+00   0.000000000E+00   0.000000000E+00
   0.000000000E+00   0.000000000E+00   0.464493144E-09   0.109938814E-07
   0.444722300E-07   0.106272654E-06   0.196038009E-06   0.309600508E-06
   0.440544607E-06   0.581445706E-06   0.724817185E-06   0.863798329E-06
   0.992615658E-06   0.110685021E-05   0.120354333E-05   0.128117343E-05
   0.133953634E-05   0.137956179E-05   0.140309841E-05   0.141270000E-05
   0.141144543E-05   0.140282482E-05   0.139072445E-05   0.137954298E-05
   0.451535060E-05   0.479453985E-05   0.508862434E-05   0.539673075E-05
   0.571826577E-05   0.605399022E-05   0.640504503E-05   0.677266306E-05
   0.715831993E-05   0.756359675E-05   0.798966821E-05   0.843586401E-05
   0.890098285E-05   0.938448076E-05   0.988874599E-05   0.104170144E-04
   0.109720117E-04   0.115539757E-04   0.121624740E-04   0.127976223E-04
   0.134619152E-04   0.141585386E-04   0.148901746E-04   0.156571023E-04
   0.164589529E-04   0.172959906E-04   0.181712027E-04   0.190883634E-04
   0.200510026E-04   0.210612766E-04   0.221210166E-04   0.232322190E-04
   0.243974471E-04   0.256194570E-04   0.269012066E-04   0.282462761E-04
   0.296584759E-04   0.311416905E-04   0.326998120E-04   0.343368025E-04
   0.360569190E-04   0.378653411E-04   0.397675835E-04   0.417692948E-04
   0.438762550E-04   0.460943778E-04   0.484298135E-04   0.508892620E-04
   0.534796786E-04   0.562086731E-04   0.590860403E-04   0.621223202E-04
   0.653303037E-04   0.687311525E-04   0.723486335E-04   0.762062819E-04
   0.803247287E-04   0.847242220E-04   0.894155420E-04   0.943695568E-04
   0.995459839E-04   0.104918167E-03   0.110518934E-03   0.116397219E-03
   0.122623923E-03   0.129355005E-03   0.136771727E-03   0.145033786E-03
   0.154198133E-03   0.164295951E-03   0.175271246E-03   0.186713170E-03
   0.198110128E-03   0.209054303E-03   0.219602714E-03   0.229934084E-03
   0.240232301E-03   0.250686404E-03   0.261490597E-03
   0.000000000E+00   0.000000000E+00   0.000000000E+00   0.000000000E+00
   0.000000000E+00   0.000000000E+00   0.000000000E+00   0.000000000E+00
   0.000000000E+00   0.000000000E+00   0.000000000E+00   0.000000000E+00
   0.000000000E+00   0.000000000E+00   0.000000000E+00   0.000000000E+00
   0.000000000E+00   0.000000000E+00   0.000000000E+00   0.000000000E+00
   0.000000000E+00   0.000000000E+00   0.000000000E+00   0.000000000E+00
   0.000000000E+00   0.000000000E+00   0.000000000E+00   0.000000000E+00
   0.000000000E+00   0.000000000E+00   0.000000000E+00   0.000000000E+00
   0.000000000E+00   0.000000000E+00   0.000000000E+00   0.000000000E+00
   0.000000000E+00   0.000000000E+00   0.000000000E+00   0.000000000E+00
   0.000000000E+00   0.000000000E+00   0.000000000E+00   0.000000000E+00
   0.000000000E+00   0.000000000E+00   0.000000000E+00   0.000000000E+00
   0.000000000E+00  -0.489421938E-09  -0.116163157E-07  -0.471319709E-07
  -0.112995278E-06  -0.209170386E-06  -0.331586981E-06  -0.473740895E-06
  -0.627967849E-06  -0.786423124E-06  -0.941799991E-06  -0.108781966E-05
  -0.121952562E-05  -0.133341507E-05  -0.142744035E-05  -0.150091315E-05
  -0.155434421E-05  -0.158925147E-05  -0.160796934E-05  -0.161349196E-05
  -0.160938322E-05  -0.159978643E-05  -0.158956628E-05  -0.475141464E-05
  -0.503290784E-05  -0.532519419E-05  -0.563022668E-05  -0.595035989E-05
  -0.628761980E-05  -0.664233831E-05  -0.701439141E-05  -0.740318668E-05
  -0.780629638E-05  -0.822070160E-05  -0.864468004E-05  -0.908232284E-05
  -0.953940897E-05  -0.100203728E-04  -0.105233232E-04  -0.110446075E-04
  -0.115815185E-04  -0.121357997E-04  -0.127104238E-04  -0.133077933E-04
  -0.139276108E-04  -0.145688427E-04  -0.152305487E-04  -0.159123612E-04
  -0.166140426E-04  -0.173358416E-04  -0.180800596E-04  -0.188495994E-04
  -0.196466243E-04  -0.204699598E-04  -0.213175066E-04  -0.221876214E-04
  -0.230808258E-04  -0.239982164E-04  -0.249403985E-04  -0.259058819E-04
  -0.268925768E-04  -0.278988434E-04  -0.289251449E-04  -0.299725031E-04
  -0.310416661E-04  -0.321321730E-04  -0.332432295E-04  -0.343737535E-04
  -0.355215994E-04  -0.366842857E-04  -0.378584138E-04  -0.390371233E-04
  -0.402124822E-04  -0.413771772E-04  -0.425271955E-04  -0.436593023E-04
  -0.447719639E-04  -0.458708153E-04  -0.469635092E-04  -0.480504913E-04
  -0.491021192E-04  -0.500802495E-04  -0.509448245E-04  -0.516515303E-04
  -0.521540093E-04  -0.524289237E-04  -0.525503474E-04  -0.526193953E-04
  -0.527296986E-04  -0.529350407E-04  -0.532800100E-04  -0.537081275E-04
  -0.537490702E-04  -0.528152571E-04  -0.503937450E-04  -0.463245710E-04
  -0.405365196E-04  -0.331477664E-04  -0.250476808E-04  -0.173439166E-04
  -0.111746066E-04  -0.770836200E-05  -0.814427317E-05
   0.000000000E+00   0.000000000E+00   0.000000000E+00   0.000000000E+00
   0.000000000E+00   0.000000000E+00   0.000000000E+00   0.000000000E+00
   0.000000000E+00   0.000000000E+00   0.000000000E+00   0.000000000E+00
   0.000000000E+00   0.000000000E+00   0.000000000E+00   0.000000000E+00
   0.000000000E+00   0.000000000E+00   0.000000000E+00   0.000000000E+00
   0.000000000E+00   0.000000000E+00   0.000000000E+00   0.000000000E+00
   0.000000000E+00   0.000000000E+00   0.000000000E+00   0.000000000E+00
   0.000000000E+00   0.000000000E+00   0.000000000E+00   0.000000000E+00
   0.000000000E+00   0.000000000E+00   0.000000000E+00   0.000000000E+00
   0.000000000E+00   0.000000000E+00   0.000000000E+00   0.000000000E+00
   0.000000000E+00   0.000000000E+00   0.000000000E+00   0.000000000E+00
   0.000000000E+00   0.000000000E+00   0.000000000E+00   0.000000000E+00
   0.000000000E+00   0.000000000E+00   0.000000000E+00   0.000000000E+00
   0.000000000E+00   0.000000000E+00   0.000000000E+00   0.000000000E+00
   0.000000000E+00   0.000000000E+00   0.000000000E+00   0.000000000E+00
   0.000000000E+00   0.000000000E+00   0.000000000E+00   0.000000000E+00
   0.000000000E+00   0.000000000E+00   0.000000000E+00   0.000000000E+00
  -0.463289361E-09  -0.103457942E-07  -0.391378238E-07  -0.865121763E-07
  -0.145603055E-06  -0.206113025E-06  -0.256754404E-06  -0.287085785E-06
  -0.288804396E-06  -0.256554999E-06  -0.188316036E-06  -0.854237231E-07
   0.477052100E-07   0.204091421E-06   0.374890799E-06   0.550211550E-06
   0.719989816E-06   0.874863124E-06   0.100698097E-05   0.111069182E-05
   0.118304584E-05   0.122405263E-05  -0.462352014E-05  -0.514442267E-05
  -0.570598959E-05  -0.631040764E-05  -0.696022799E-05  -0.765933175E-05
  -0.841203768E-05  -0.922248950E-05  -0.100937111E-04  -0.110284820E-04
  -0.120300224E-04  -0.131031813E-04  -0.142533335E-04  -0.154859953E-04
  -0.168068057E-04  -0.182215438E-04  -0.197363427E-04  -0.213583264E-04
  -0.230950160E-04  -0.249538483E-04  -0.269413234E-04  -0.290638011E-04
  -0.313283861E-04  -0.337448068E-04  -0.363236565E-04  -0.390765037E-04
  -0.420180756E-04  -0.451642107E-04  -0.485311293E-04  -0.521353413E-04
  -0.559937328E-04  -0.601221398E-04  -0.645308841E-04  -0.692289729E-04
  -0.742293229E-04  -0.795603830E-04  -0.852551846E-04  -0.913495804E-04
  -0.978882775E-04  -0.104919145E-03  -0.112486109E-03  -0.120613322E-03
  -0.129320121E-03  -0.138634527E-03  -0.148619005E-03  -0.159346095E-03
  -0.170891073E-03  -0.183334826E-03  -0.196761127E-03  -0.211274327E-03
  -0.227056307E-03  -0.244312477E-03  -0.263125091E-03  -0.283061049E-03
  -0.303544214E-03  -0.324169387E-03  -0.345275017E-03  -0.367398933E-03
  -0.391093473E-03  -0.416925482E-03  -0.445476316E-03
   0.000000000E+00   0.000000000E+00   0.000000000E+00   0.000000000E+00
   0.000000000E+00   0.000000000E+00   0.000000000E+00   0.000000000E+00
   0.000000000E+00   0.000000000E+00   0.000000000E+00   0.000000000E+00
   0.000000000E+00   0.000000000E+00   0.000000000E+00   0.000000000E+00
   0.000000000E+00   0.000000000E+00   0.000000000E+00   0.000000000E+00
   0.000000000E+00   0.000000000E+00   0.000000000E+00   0.000000000E+00
   0.000000000E+00   0.000000000E+00   0.000000000E+00   0.000000000E+00
   0.000000000E+00   0.000000000E+00   0.000000000E+00   0.000000000E+00
   0.000000000E+00   0.000000000E+00   0.000000000E+00   0.000000000E+00
   0.000000000E+00   0.000000000E+00   0.000000000E+00   0.000000000E+00
   0.000000000E+00   0.000000000E+00   0.000000000E+00   0.000000000E+00
   0.000000000E+00   0.000000000E+00   0.000000000E+00   0.000000000E+00
   0.000000000E+00   0.000000000E+00   0.000000000E+00   0.000000000E+00
   0.000000000E+00   0.000000000E+00   0.000000000E+00   0.000000000E+00
   0.000000000E+00   0.000000000E+00   0.000000000E+00   0.000000000E+00
   0.000000000E+00   0.000000000E+00   0.000000000E+00   0.000000000E+00
   0.000000000E+00  -0.460675809E-09  -0.102623751E-07  -0.387059817E-07
  -0.852361913E-07  -0.142762702E-06  -0.200797860E-06  -0.247919968E-06
  -0.273623748E-06  -0.269619476E-06  -0.230642287E-06  -0.154833143E-06
  -0.437529895E-07   0.979084218E-07   0.262867516E-06   0.441964200E-06
   0.624999971E-06   0.801635342E-06   0.962285056E-06   0.109894962E-05
   0.120592160E-05   0.128030528E-05   0.132228800E-05  -0.460228491E-05
  -0.513005262E-05  -0.569991211E-05  -0.631447073E-05  -0.697659762E-05
  -0.769001884E-05  -0.845876883E-05  -0.928674813E-05  -0.101769407E-04
  -0.111321372E-04  -0.121557558E-04  -0.132536067E-04  -0.144322571E-04
  -0.156981154E-04  -0.170563354E-04  -0.185118333E-04  -0.200701509E-04
  -0.217390382E-04  -0.235269802E-04  -0.254424450E-04  -0.274931214E-04
  -0.296866293E-04  -0.320311232E-04  -0.345363954E-04  -0.372128451E-04
  -0.400714686E-04  -0.431249138E-04  -0.463864932E-04  -0.498708261E-04
  -0.535968439E-04  -0.575849719E-04  -0.618562346E-04  -0.664324620E-04
  -0.713360959E-04  -0.765880942E-04  -0.822017087E-04  -0.881883382E-04
  -0.945620141E-04  -0.101347028E-03  -0.108570746E-03  -0.116268529E-03
  -0.124506313E-03  -0.133359305E-03  -0.142908941E-03  -0.153255781E-03
  -0.164507324E-03  -0.176754011E-03  -0.190008480E-03  -0.204263023E-03
  -0.219478744E-03  -0.235492551E-03  -0.252105243E-03  -0.269216034E-03
  -0.287142272E-03  -0.306316275E-03  -0.327200736E-03  -0.350345193E-03
  -0.376332427E-03  -0.405548717E-03  -0.437537613E-03  -0.471614068E-03
  -0.507073055E-03  -0.543189559E-03  -0.579218577E-03
   0.000000000E+00   0.000000000E+00   0.000000000E+00   0.000000000E+00
   0.000000000E+00   0.000000000E+00   0.000000000E+00   0.000000000E+00
   0.000000000E+00   0.000000000E+00   0.000000000E+00   0.000000000E+00
   0.000000000E+00   0.000000000E+00   0.000000000E+00   0.000000000E+00
   0.000000000E+00   0.000000000E+00   0.000000000E+00   0.000000000E+00
   0.000000000E+00   0.000000000E+00   0.000000000E+00   0.000000000E+00
   0.000000000E+00   0.000000000E+00   0.000000000E+00   0.000000000E+00
   0.000000000E+00   0.000000000E+00   0.000000000E+00   0.000000000E+00
   0.000000000E+00   0.000000000E+00   0.000000000E+00   0.000000000E+00
   0.000000000E+00   0.000000000E+00   0.000000000E+00   0.000000000E+00
   0.000000000E+00   0.000000000E+00   0.000000000E+00   0.000000000E+00
   0.000000000E+00   0.000000000E+00   0.000000000E+00   0.000000000E+00
   0.000000000E+00   0.000000000E+00   0.000000000E+00   0.000000000E+00
   0.000000000E+00   0.000000000E+00   0.000000000E+00   0.000000000E+00
   0.000000000E+00   0.000000000E+00   0.000000000E+00   0.000000000E+00
   0.000000000E+00   0.000000000E+00   0.000000000E+00   0.000000000E+00
   0.000000000E+00   0.000000000E+00   0.000000000E+00   0.451869221E-09
   0.103194011E-07   0.400989493E-07   0.915696679E-07   0.160437051E-06
   0.238923334E-06   0.317823043E-06   0.388072460E-06   0.441881800E-06
   0.473478867E-06   0.479512992E-06   0.459168005E-06   0.414033057E-06
   0.347780046E-06   0.265696439E-06   0.174122279E-06   0.798401505E-07
  -0.105331186E-07  -0.911042240E-07  -0.157161849E-06  -0.205487040E-06
  -0.234466715E-06   0.446531695E-05   0.488391948E-05   0.533439136E-05
   0.581851272E-05   0.633796950E-05   0.689462230E-05   0.749092960E-05
   0.812955667E-05   0.881338138E-05   0.954592596E-05   0.103309570E-04
   0.111722352E-04   0.120731668E-04   0.130371273E-04   0.140678469E-04
   0.151702572E-04   0.163497032E-04   0.176116388E-04   0.189615179E-04
   0.204048958E-04   0.219477718E-04   0.235975341E-04   0.253620769E-04
   0.272494313E-04   0.292675589E-04   0.314245450E-04   0.337290976E-04
   0.361918778E-04   0.388242521E-04   0.416382268E-04   0.446475509E-04
   0.478666800E-04   0.513109830E-04   0.549984604E-04   0.589481276E-04
   0.631800395E-04   0.677170526E-04   0.725831645E-04   0.778033231E-04
   0.834045740E-04   0.894149780E-04   0.958594566E-04   0.102748203E-03
   0.110087629E-03   0.117896686E-03   0.126245379E-03   0.135218336E-03
   0.144924473E-03   0.155564513E-03   0.167367042E-03   0.180516963E-03
   0.195003245E-03   0.210763293E-03   0.227700235E-03   0.245585737E-03
   0.264152259E-03   0.283167117E-03   0.302562981E-03   0.322313861E-03
   0.342392974E-03   0.362772754E-03   0.383424844E-03
   0.000000000E+00   0.000000000E+00   0.000000000E+00   0.000000000E+00
   0.000000000E+00   0.000000000E+00   0.000000000E+00   0.000000000E+00
   0.000000000E+00   0.000000000E+00   0.000000000E+00   0.000000000E+00
   0.000000000E+00   0.000000000E+00   0.000000000E+00   0.000000000E+00
   0.000000000E+00   0.000000000E+00   0.000000000E+00   0.000000000E+00
   0.000000000E+00   0.000000000E+00   0.000000000E+00   0.000000000E+00
   0.000000000E+00   0.000000000E+00   0.000000000E+00   0.000000000E+00
   0.000000000E+00   0.000000000E+00   0.000000000E+00   0.000000000E+00
   0.000000000E+00   0.000000000E+00   0.000000000E+00   0.000000000E+00
   0.000000000E+00   0.000000000E+00   0.000000000E+00   0.000000000E+00
   0.000000000E+00   0.000000000E+00   0.000000000E+00   0.000000000E+00
   0.000000000E+00   0.000000000E+00   0.000000000E+00   0.000000000E+00
   0.000000000E+00   0.000000000E+00   0.000000000E+00   0.000000000E+00
   0.000000000E+00   0.000000000E+00   0.000000000E+00   0.000000000E+00
   0.000000000E+00   0.000000000E+00   0.000000000E+00   0.000000000E+00
   0.000000000E+00   0.000000000E+00   0.000000000E+00   0.000000000E+00
  -0.456856046E-09  -0.104432681E-07  -0.406255661E-07  -0.928941513E-07
  -0.163011998E-06  -0.243214436E-06  -0.324273161E-06  -0.397073341E-06
  -0.453752684E-06  -0.488451326E-06  -0.497721412E-06  -0.480645230E-06
  -0.438710768E-06  -0.375493553E-06  -0.296193637E-06  -0.207076608E-06
  -0.114867470E-06  -0.261462741E-07   0.532056404E-07   0.118459931E-06
   0.166347195E-06   0.195165711E-06  -0.451266492E-05  -0.493198128E-05
  -0.538632951E-05  -0.587612472E-05  -0.640058090E-05  -0.695971956E-05
  -0.755709317E-05  -0.819727492E-05  -0.888442048E-05  -0.962049196E-05
  -0.104068992E-04  -0.112453585E-04  -0.121388027E-04  -0.130905381E-04
  -0.141044192E-04  -0.151862779E-04  -0.163425967E-04  -0.175795309E-04
  -0.189013012E-04  -0.203116901E-04  -0.218150156E-04  -0.234175527E-04
  -0.251262083E-04  -0.269478677E-04  -0.288887802E-04  -0.309551335E-04
  -0.331540315E-04  -0.354958954E-04  -0.379922167E-04  -0.406552483E-04
  -0.434994165E-04  -0.465399971E-04  -0.497921675E-04  -0.532694820E-04
  -0.569853037E-04  -0.609525181E-04  -0.651811583E-04  -0.696806389E-04
  -0.744631098E-04  -0.795513993E-04  -0.849715308E-04  -0.907557017E-04
  -0.969592193E-04  -0.103644523E-03  -0.110866676E-03  -0.118645614E-03
  -0.126992362E-03  -0.135928328E-03  -0.145517014E-03  -0.155834020E-03
  -0.166973020E-03  -0.179095283E-03  -0.192382772E-03  -0.206923387E-03
  -0.222408861E-03  -0.238421226E-03  -0.254607493E-03  -0.270915890E-03
  -0.287371603E-03  -0.304167782E-03  -0.322176439E-03  -0.342462924E-03
  -0.366121013E-03  -0.394272907E-03  -0.428069233E-03
   0.000000000E+00   0.000000000E+00   0.000000000E+00   0.000000000E+00
   0.000000000E+00   0.000000000E+00   0.000000000E+00   0.000000000E+00
   0.000000000E+00   0.000000000E+00   0.000000000E+00   0.000000000E+00
   0.000000000E+00   0.000000000E+00   0.000000000E+00   0.000000000E+00
   0.000000000E+00   0.000000000E+00   0.000000000E+00   0.000000000E+00
   0.000000000E+00   0.000000000E+00   0.000000000E+00   0.000000000E+00
   0.000000000E+00   0.000000000E+00   0.000000000E+00   0.000000000E+00
   0.000000000E+00   0.000000000E+00   0.000000000E+00   0.000000000E+00
   0.000000000E+00   0.000000000E+00   0.000000000E+00   0.000000000E+00
   0.000000000E+00   0.000000000E+00   0.000000000E+00   0.000000000E+00
   0.000000000E+00   0.000000000E+00   0.000000000E+00   0.000000000E+00
   0.000000000E+00   0.000000000E+00   0.000000000E+00   0.000000000E+00
   0.000000000E+00   0.000000000E+00   0.000000000E+00   0.000000000E+00
   0.000000000E+00   0.000000000E+00   0.000000000E+00   0.000000000E+00
   0.000000000E+00   0.000000000E+00   0.000000000E+00   0.000000000E+00
   0.000000000E+00   0.000000000E+00   0.000000000E+00   0.000000000E+00
   0.000000000E+00   0.000000000E+00   0.000000000E+00   0.000000000E+00
   0.000000000E+00   0.000000000E+00   0.000000000E+00   0.493543219E-09
   0.119640598E-07   0.496341071E-07   0.121806476E-06   0.231070785E-06
   0.375799320E-06   0.551405129E-06   0.751384042E-06   0.968162325E-06
   0.119377162E-05   0.142037291E-05   0.164065106E-05   0.184810188E-05
   0.203723302E-05   0.220370080E-05   0.234440423E-05   0.245755834E-05
   0.254276810E-05   0.260112491E-05   0.263534718E-05   0.264998676E-05
   0.265172290E-05   0.474307229E-05   0.492914403E-05   0.511772764E-05
   0.530721884E-05   0.549635549E-05   0.568547693E-05   0.587535732E-05
   0.606642251E-05   0.625757031E-05   0.644726596E-05   0.663403396E-05
   0.681681656E-05   0.699464017E-05   0.716637897E-05   0.733037936E-05
   0.748481015E-05   0.762799429E-05   0.775905980E-05   0.787733161E-05
   0.798170398E-05   0.806935191E-05   0.813693738E-05   0.818121274E-05
   0.819960813E-05   0.818968069E-05   0.814850917E-05   0.807141362E-05
   0.795315789E-05   0.778870735E-05   0.757429425E-05   0.730641552E-05
   0.698203235E-05   0.660022883E-05   0.616064934E-05   0.566152531E-05
   0.509526250E-05   0.445260419E-05   0.371956703E-05   0.286371905E-05
   0.184714314E-05   0.640187317E-06  -0.749962485E-06  -0.230631075E-05
  -0.402208664E-05  -0.593389424E-05  -0.809031545E-05  -0.105025783E-04
  -0.130263720E-04  -0.154739140E-04  -0.177460169E-04  -0.201192910E-04
  -0.229735003E-04  -0.265912697E-04  -0.308292052E-04  -0.354304409E-04
  -0.401308012E-04  -0.446588011E-04  -0.487356456E-04
   0.000000000E+00   0.000000000E+00   0.000000000E+00   0.000000000E+00
   0.000000000E+00   0.000000000E+00   0.000000000E+00   0.000000000E+00
   0.000000000E+00   0.000000000E+00   0.000000000E+00   0.000000000E+00
   0.000000000E+00   0.000000000E+00   0.000000000E+00   0.000000000E+00
   0.000000000E+00   0.000000000E+00   0.000000000E+00   0.000000000E+00
   0.000000000E+00   0.000000000E+00   0.000000000E+00   0.000000000E+00
   0.000000000E+00   0.000000000E+00   0.000000000E+00   0.000000000E+00
   0.000000000E+00   0.000000000E+00   0.000000000E+00   0.000000000E+00
   0.000000000E+00   0.000000000E+00   0.000000000E+00   0.000000000E+00
   0.000000000E+00   0.000000000E+00   0.000000000E+00   0.000000000E+00
   0.000000000E+00   0.000000000E+00   0.000000000E+00   0.000000000E+00
   0.000000000E+00   0.000000000E+00   0.000000000E+00   0.000000000E+00
   0.000000000E+00   0.000000000E+00   0.000000000E+00   0.000000000E+00
   0.000000000E+00   0.000000000E+00   0.000000000E+00   0.000000000E+00
   0.000000000E+00   0.000000000E+00   0.000000000E+00   0.000000000E+00
   0.000000000E+00   0.000000000E+00   0.000000000E+00   0.000000000E+00
   0.000000000E+00   0.000000000E+00   0.000000000E+00   0.000000000E+00
   0.000000000E+00   0.000000000E+00   0.000000000E+00   0.000000000E+00
   0.485614391E-09   0.119199606E-07   0.500842881E-07   0.124507247E-06
   0.239292870E-06   0.394307373E-06   0.586206076E-06   0.809315024E-06
   0.105638188E-05   0.131921069E-05   0.158919510E-05   0.185776456E-05
   0.211675821E-05   0.235874088E-05   0.257727593E-05   0.276716937E-05
   0.292470004E-05   0.304785017E-05   0.313655111E-05   0.319295881E-05
   0.322177342E-05   0.323061787E-05   0.463822083E-05   0.476335248E-05
   0.488211787E-05   0.499294088E-05   0.509491087E-05   0.518727378E-05
   0.526902145E-05   0.533816432E-05   0.539240676E-05   0.542924540E-05
   0.544555944E-05   0.543799190E-05   0.540320599E-05   0.533827216E-05
   0.524030717E-05   0.510626874E-05   0.493270392E-05   0.471598421E-05
   0.445233262E-05   0.413766012E-05   0.376771875E-05   0.333678880E-05
   0.283348853E-05   0.224470330E-05   0.155686331E-05   0.755748444E-06
  -0.173328461E-06  -0.124241743E-05  -0.245160552E-05  -0.379778967E-05
  -0.527752547E-05  -0.688659046E-05  -0.862039554E-05  -0.104867850E-04
  -0.125448135E-04  -0.148681619E-04  -0.175340764E-04  -0.206276506E-04
  -0.242377801E-04  -0.284291555E-04  -0.331607724E-04  -0.383630170E-04
  -0.439347143E-04  -0.496538734E-04  -0.552622221E-04  -0.606055536E-04
  -0.659749359E-04  -0.717831650E-04  -0.784896869E-04  -0.867073013E-04
  -0.971008668E-04  -0.110139231E-03  -0.125442491E-03  -0.142402319E-03
  -0.160392660E-03  -0.178769739E-03  -0.196872052E-03
   0.000000000E+00   0.000000000E+00   0.000000000E+00   0.000000000E+00
   0.000000000E+00   0.000000000E+00   0.000000000E+00   0.000000000E+00
   0.000000000E+00   0.000000000E+00   0.000000000E+00   0.000000000E+00
   0.000000000E+00   0.000000000E+00   0.000000000E+00   0.000000000E+00
   0.000000000E+00   0.000000000E+00   0.000000000E+00   0.000000000E+00
   0.000000000E+00   0.000000000E+00   0.000000000E+00   0.000000000E+00
   0.000000000E+00   0.000000000E+00   0.000000000E+00   0.000000000E+00
   0.000000000E+00   0.000000000E+00   0.000000000E+00   0.000000000E+00
   0.000000000E+00   0.000000000E+00   0.000000000E+00   0.000000000E+00
   0.000000000E+00   0.000000000E+00   0.000000000E+00   0.000000000E+00
   0.000000000E+00   0.000000000E+00   0.000000000E+00   0.000000000E+00
   0.000000000E+00   0.000000000E+00   0.000000000E+00   0.000000000E+00
   0.000000000E+00   0.000000000E+00   0.000000000E+00   0.000000000E+00
   0.000000000E+00   0.000000000E+00   0.000000000E+00   0.000000000E+00
   0.000000000E+00   0.000000000E+00   0.000000000E+00   0.000000000E+00
   0.000000000E+00   0.000000000E+00   0.000000000E+00   0.000000000E+00
   0.000000000E+00   0.000000000E+00   0.000000000E+00   0.000000000E+00
   0.000000000E+00   0.000000000E+00   0.000000000E+00   0.000000000E+00
   0.000000000E+00   0.000000000E+00   0.000000000E+00   0.000000000E+00
   0.000000000E+00   0.000000000E+00   0.000000000E+00   0.000000000E+00
   0.000000000E+00   0.000000000E+00   0.000000000E+00   0.000000000E+00
   0.000000000E+00   0.000000000E+00   0.000000000E+00   0.000000000E+00
   0.000000000E+00   0.000000000E+00   0.000000000E+00   0.000000000E+00
   0.000000000E+00   0.000000000E+00   0.000000000E+00   0.000000000E+00
   0.000000000E+00   0.000000000E+00   0.000000000E+00   0.000000000E+00
   0.000000000E+00   0.000000000E+00   0.000000000E+00   0.440487570E-09
   0.817045206E-08   0.231767703E-07   0.298570912E-07   0.417864976E-08
  -0.801614322E-07  -0.247041650E-06  -0.514553739E-06  -0.892838725E-06
  -0.138298771E-05  -0.197687371E-05  -0.265778086E-05  -0.340169728E-05
  -0.417913793E-05  -0.495736374E-05  -0.570286338E-05  -0.638396392E-05
  -0.697343669E-05  -0.745096475E-05  -0.780533812E-05  -0.803624325E-05
  -0.815551288E-05   0.471830966E-05   0.586551076E-05   0.714088471E-05
   0.854026548E-05   0.100569808E-04   0.116896816E-04   0.134595061E-04
   0.153938645E-04   0.175259415E-04   0.199100669E-04   0.226071758E-04
   0.256817440E-04   0.292075465E-04   0.332622034E-04   0.379076250E-04
   0.431358915E-04   0.489205717E-04   0.551948097E-04   0.617310305E-04
   0.682551365E-04   0.745797878E-04   0.808930394E-04   0.874840385E-04
   0.946498512E-04   0.102695463E-03   0.111933780E-03
   0.000000000E+00   0.000000000E+00   0.000000000E+00   0.000000000E+00
   0.000000000E+00   0.000000000E+00   0.000000000E+00   0.000000000E+00
   0.000000000E+00   0.000000000E+00   0.000000000E+00   0.000000000E+00
   0.000000000E+00   0.000000000E+00   0.000000000E+00   0.000000000E+00
   0.000000000E+00   0.000000000E+00   0.000000000E+00   0.000000000E+00
   0.000000000E+00   0.000000000E+00   0.000000000E+00   0.000000000E+00
   0.000000000E+00   0.000000000E+00   0.000000000E+00   0.000000000E+00
   0.000000000E+00   0.000000000E+00   0.000000000E+00   0.000000000E+00
   0.000000000E+00   0.000000000E+00   0.000000000E+00   0.000000000E+00
   0.000000000E+00   0.000000000E+00   0.000000000E+00   0.000000000E+00
   0.000000000E+00   0.000000000E+00   0.000000000E+00   0.000000000E+00
   0.000000000E+00   0.000000000E+00   0.000000000E+00   0.000000000E+00
   0.000000000E+00   0.000000000E+00   0.000000000E+00   0.000000000E+00
   0.000000000E+00   0.000000000E+00   0.000000000E+00   0.000000000E+00
   0.000000000E+00   0.000000000E+00   0.000000000E+00   0.000000000E+00
   0.000000000E+00   0.000000000E+00   0.000000000E+00   0.000000000E+00
   0.000000000E+00   0.000000000E+00   0.000000000E+00   0.000000000E+00
   0.000000000E+00   0.000000000E+00   0.000000000E+00   0.000000000E+00
   0.000000000E+00   0.000000000E+00   0.000000000E+00   0.000000000E+00
   0.000000000E+00   0.000000000E+00   0.000000000E+00   0.000000000E+00
   0.000000000E+00   0.000000000E+00   0.000000000E+00   0.000000000E+00
   0.000000000E+00   0.000000000E+00   0.000000000E+00   0.000000000E+00
   0.000000000E+00   0.000000000E+00   0.000000000E+00   0.000000000E+00
   0.000000000E+00   0.000000000E+00  -0.368066810E-09  -0.695499401E-08
  -0.204432066E-07  -0.289688947E-07  -0.137937422E-07   0.457936176E-07
   0.168737040E-06   0.369527319E-06   0.656465778E-06   0.103077111E-05
   0.148642359E-05   0.201064079E-05   0.258487894E-05   0.318625392E-05
   0.378927626E-05   0.436779403E-05   0.489703777E-05   0.535566182E-05
   0.572767578E-05   0.600416057E-05   0.618466305E-05   0.627816326E-05
  -0.391783549E-05  -0.482639941E-05  -0.584153910E-05  -0.697630583E-05
  -0.824470815E-05  -0.965999452E-05  -0.112311568E-04  -0.129662194E-04
  -0.148742838E-04  -0.169683571E-04  -0.192626872E-04  -0.217793180E-04
  -0.245709496E-04  -0.276993708E-04  -0.312233142E-04  -0.351837621E-04
  -0.396178281E-04  -0.445442875E-04  -0.499048372E-04  -0.556196606E-04
  -0.616249951E-04  -0.679302125E-04  -0.745637571E-04  -0.816489298E-04
  -0.896918189E-04  -0.993082741E-04  -0.111002417E-03  -0.124773372E-03
  -0.140488599E-03  -0.157936069E-03  -0.176596069E-03  -0.195858066E-03
  -0.215094360E-03  -0.233660090E-03  -0.250893229E-03
   0.000000000E+00   0.000000000E+00   0.000000000E+00   0.000000000E+00
   0.000000000E+00   0.000000000E+00   0.000000000E+00   0.000000000E+00
   0.000000000E+00   0.000000000E+00   0.000000000E+00   0.000000000E+00
   0.000000000E+00   0.000000000E+00   0.000000000E+00   0.000000000E+00
   0.000000000E+00   0.000000000E+00   0.000000000E+00   0.000000000E+00
   0.000000000E+00   0.000000000E+00   0.000000000E+00   0.000000000E+00
   0.000000000E+00   0.000000000E+00   0.000000000E+00   0.000000000E+00
   0.000000000E+00   0.000000000E+00   0.000000000E+00   0.000000000E+00
   0.000000000E+00   0.000000000E+00   0.000000000E+00   0.000000000E+00
   0.000000000E+00   0.000000000E+00   0.000000000E+00   0.000000000E+00
   0.000000000E+00   0.000000000E+00   0.000000000E+00   0.000000000E+00
   0.000000000E+00   0.000000000E+00   0.000000000E+00   0.000000000E+00
   0.000000000E+00   0.000000000E+00   0.000000000E+00   0.000000000E+00
   0.000000000E+00   0.000000000E+00   0.000000000E+00   0.000000000E+00
   0.000000000E+00   0.000000000E+00   0.000000000E+00   0.000000000E+00
   0.000000000E+00   0.000000000E+00   0.000000000E+00   0.000000000E+00
   0.000000000E+00   0.000000000E+00   0.000000000E+00   0.000000000E+00
   0.000000000E+00   0.000000000E+00   0.000000000E+00   0.000000000E+00
   0.000000000E+00   0.000000000E+00   0.450511552E-09   0.104240554E-07
   0.411211963E-07   0.955607708E-07   0.170886440E-06   0.260688252E-06
   0.356858780E-06   0.451026278E-06   0.535607308E-06   0.604521290E-06
   0.653609416E-06   0.680800392E-06   0.686065437E-06   0.671205013E-06
   0.639509709E-06   0.595337757E-06   0.543651600E-06   0.489555986E-06
   0.437880024E-06   0.392845654E-06   0.357864984E-06   0.335508941E-06
   0.442565491E-05   0.478991848E-05   0.517966462E-05   0.559745208E-05
   0.604574987E-05   0.652641435E-05   0.704117475E-05   0.759190395E-05
   0.818093975E-05   0.881078588E-05   0.948417706E-05   0.102045938E-04
   0.109757823E-04   0.118016599E-04   0.126865295E-04   0.136348790E-04
   0.146512776E-04   0.157402666E-04   0.169064617E-04   0.181547280E-04
   0.194906116E-04   0.209199351E-04   0.224490136E-04   0.240857419E-04
   0.258385732E-04   0.277172571E-04   0.297361672E-04   0.319111711E-04
   0.342581983E-04   0.367921279E-04   0.395278367E-04   0.424807104E-04
   0.456671119E-04   0.491039394E-04   0.528075576E-04   0.567909883E-04
   0.610665645E-04   0.656514609E-04   0.705818525E-04   0.758995218E-04
   0.816682768E-04   0.880381145E-04   0.951844509E-04   0.103205771E-03
   0.111873878E-03   0.120870716E-03   0.130001203E-03   0.139597654E-03
   0.150135857E-03   0.161967438E-03   0.174900756E-03   0.188599193E-03
   0.202716440E-03   0.216896492E-03   0.230773655E-03
   0.000000000E+00   0.000000000E+00   0.000000000E+00   0.000000000E+00
   0.000000000E+00   0.000000000E+00   0.000000000E+00   0.000000000E+00
   0.000000000E+00   0.000000000E+00   0.000000000E+00   0.000000000E+00
   0.000000000E+00   0.000000000E+00   0.000000000E+00   0.000000000E+00
   0.000000000E+00   0.000000000E+00   0.000000000E+00   0.000000000E+00
   0.000000000E+00   0.000000000E+00   0.000000000E+00   0.000000000E+00
   0.000000000E+00   0.000000000E+00   0.000000000E+00   0.000000000E+00
   0.000000000E+00   0.000000000E+00   0.000000000E+00   0.000000000E+00
   0.000000000E+00   0.000000000E+00   0.000000000E+00   0.000000000E+00
   0.000000000E+00   0.000000000E+00   0.000000000E+00   0.000000000E+00
   0.000000000E+00   0.000000000E+00   0.000000000E+00   0.000000000E+00
   0.000000000E+00   0.000000000E+00   0.000000000E+00   0.000000000E+00
   0.000000000E+00   0.000000000E+00   0.000000000E+00   0.000000000E+00
   0.000000000E+00   0.000000000E+00   0.000000000E+00   0.000000000E+00
   0.000000000E+00   0.000000000E+00   0.000000000E+00   0.000000000E+00
   0.000000000E+00   0.000000000E+00   0.000000000E+00   0.000000000E+00
   0.000000000E+00   0.000000000E+00   0.000000000E+00   0.000000000E+00
   0.000000000E+00   0.000000000E+00   0.000000000E+00   0.000000000E+00
   0.000000000E+00   0.475685647E-09   0.110238164E-07   0.435645289E-07
   0.101443902E-06   0.181827494E-06   0.278118385E-06   0.381892426E-06
   0.484394722E-06   0.577641377E-06   0.655170555E-06   0.712486860E-06
   0.747243106E-06   0.759203469E-06   0.750032099E-06   0.722951184E-06
   0.682312531E-06   0.633126683E-06   0.580593605E-06   0.529678981E-06
   0.484780152E-06   0.449525721E-06   0.426752870E-06   0.466961332E-05
   0.504747171E-05   0.544942843E-05   0.587815805E-05   0.633688458E-05
   0.682853736E-05   0.735451681E-05   0.791584054E-05   0.851392600E-05
   0.915179078E-05   0.983293563E-05   0.105605940E-04   0.113365999E-04
   0.121624438E-04   0.130400558E-04   0.139731040E-04   0.149657817E-04
   0.160224068E-04   0.171474667E-04   0.183455765E-04   0.196217471E-04
   0.209822520E-04   0.224338144E-04   0.239834440E-04   0.256387862E-04
   0.274077945E-04   0.292973358E-04   0.313092616E-04   0.334441043E-04
   0.357029226E-04   0.380890944E-04   0.406066281E-04   0.432644415E-04
   0.460912329E-04   0.491214511E-04   0.523935673E-04   0.559594137E-04
   0.598753607E-04   0.641808073E-04   0.688415470E-04   0.738033402E-04
   0.789917284E-04   0.842557073E-04   0.894210749E-04   0.944081626E-04
   0.995363303E-04   0.105235234E-03   0.111897538E-03   0.119728762E-03
   0.128889820E-03   0.139453789E-03   0.151125817E-03   0.163509305E-03
   0.176196317E-03   0.188767577E-03   0.200792476E-03
   0.000000000E+00   0.000000000E+00   0.000000000E+00   0.000000000E+00
   0.000000000E+00   0.000000000E+00   0.000000000E+00   0.000000000E+00
   0.000000000E+00   0.000000000E+00   0.000000000E+00   0.000000000E+00
   0.000000000E+00   0.000000000E+00   0.000000000E+00   0.000000000E+00
   0.000000000E+00   0.000000000E+00   0.000000000E+00   0.000000000E+00
   0.000000000E+00   0.000000000E+00   0.000000000E+00   0.000000000E+00
   0.000000000E+00   0.000000000E+00   0.000000000E+00   0.000000000E+00
   0.000000000E+00   0.000000000E+00   0.000000000E+00   0.000000000E+00
   0.000000000E+00   0.000000000E+00   0.000000000E+00   0.000000000E+00
   0.000000000E+00   0.000000000E+00   0.000000000E+00   0.000000000E+00
   0.000000000E+00   0.000000000E+00   0.000000000E+00   0.000000000E+00
   0.000000000E+00   0.000000000E+00   0.000000000E+00   0.000000000E+00
   0.000000000E+00   0.000000000E+00   0.000000000E+00   0.000000000E+00
   0.000000000E+00   0.000000000E+00   0.000000000E+00   0.000000000E+00
   0.000000000E+00   0.000000000E+00   0.000000000E+00   0.000000000E+00
   0.000000000E+00   0.000000000E+00   0.000000000E+00   0.000000000E+00
   0.000000000E+00   0.000000000E+00   0.000000000E+00   0.000000000E+00
   0.000000000E+00   0.000000000E+00   0.000000000E+00   0.000000000E+00
   0.000000000E+00   0.000000000E+00   0.000000000E+00  -0.458780482E-09
  -0.107254139E-07  -0.428027911E-07  -0.100774967E-06  -0.182889168E-06
  -0.283708232E-06  -0.395844089E-06  -0.511310483E-06  -0.622533168E-06
  -0.723055766E-06  -0.807979515E-06  -0.874175114E-06  -0.920304868E-06
  -0.946693362E-06  -0.955084857E-06  -0.948325630E-06  -0.930009473E-06
  -0.904124545E-06  -0.874739813E-06  -0.845769271E-06  -0.820852161E-06
  -0.803387410E-06  -0.448559855E-05  -0.481349526E-05  -0.516137192E-05
  -0.552939525E-05  -0.591941394E-05  -0.633376049E-05  -0.677470206E-05
  -0.724401415E-05  -0.774337735E-05  -0.827462434E-05  -0.884008174E-05
  -0.944225134E-05  -0.100833521E-04  -0.107642477E-04  -0.114854487E-04
  -0.122481879E-04  -0.130566724E-04  -0.139159759E-04  -0.148314584E-04
  -0.158091965E-04  -0.168555800E-04  -0.179771442E-04  -0.191804778E-04
  -0.204723096E-04  -0.218579538E-04  -0.233364546E-04  -0.249051536E-04
  -0.265636943E-04  -0.283215189E-04  -0.301908053E-04  -0.321908924E-04
  -0.343692065E-04  -0.367815183E-04  -0.394734547E-04  -0.424444836E-04
  -0.456819382E-04  -0.491758490E-04  -0.529288859E-04  -0.569469538E-04
  -0.612367532E-04  -0.658081101E-04  -0.706717698E-04  -0.758577456E-04
  -0.814737162E-04  -0.876496515E-04  -0.944758458E-04  -0.101871060E-03
  -0.109707697E-03  -0.117885021E-03  -0.126422919E-03  -0.135372797E-03
  -0.144787317E-03  -0.154720394E-03  -0.165227198E-03
   0.000000000E+00   0.000000000E+00   0.000000000E+00   0.000000000E+00
   0.000000000E+00   0.000000000E+00   0.000000000E+00   0.000000000E+00
   0.000000000E+00   0.000000000E+00   0.000000000E+00   0.000000000E+00
   0.000000000E+00   0.000000000E+00   0.000000000E+00   0.000000000E+00
   0.000000000E+00   0.000000000E+00   0.000000000E+00   0.000000000E+00
   0.000000000E+00   0.000000000E+00   0.000000000E+00   0.000000000E+00
   0.000000000E+00   0.000000000E+00   0.000000000E+00   0.000000000E+00
   0.000000000E+00   0.000000000E+00   0.000000000E+00   0.000000000E+00
   0.000000000E+00   0.000000000E+00   0.000000000E+00   0.000000000E+00
   0.000000000E+00   0.000000000E+00   0.000000000E+00   0.000000000E+00
   0.000000000E+00   0.000000000E+00   0.000000000E+00   0.000000000E+00
   0.000000000E+00   0.000000000E+00   0.000000000E+00   0.000000000E+00
   0.000000000E+00   0.000000000E+00   0.000000000E+00   0.000000000E+00
   0.000000000E+00   0.000000000E+00   0.000000000E+00   0.000000000E+00
   0.000000000E+00   0.000000000E+00   0.000000000E+00   0.000000000E+00
   0.000000000E+00   0.000000000E+00   0.000000000E+00   0.000000000E+00
   0.000000000E+00   0.000000000E+00   0.000000000E+00   0.000000000E+00
   0.000000000E+00   0.000000000E+00   0.000000000E+00   0.000000000E+00
   0.000000000E+00   0.456750188E-09   0.106752987E-07   0.425910416E-07
   0.100245631E-06   0.181866201E-06   0.282013380E-06   0.393310876E-06
   0.507794787E-06   0.617920812E-06   0.717267508E-06   0.800973783E-06
   0.865948756E-06   0.910892175E-06   0.936163540E-06   0.943538104E-06
   0.935887903E-06   0.916825990E-06   0.890352035E-06   0.860537447E-06
   0.831288184E-06   0.806223421E-06   0.788708231E-06   0.446626077E-05
   0.479374364E-05   0.513984343E-05   0.550572046E-05   0.589294543E-05
   0.630334183E-05   0.673962144E-05   0.720479423E-05   0.770148600E-05
   0.823046023E-05   0.879199360E-05   0.938666910E-05   0.100163666E-04
   0.106833393E-04   0.113898740E-04   0.121382209E-04   0.129306591E-04
   0.137697630E-04   0.146591488E-04   0.156027757E-04   0.166048553E-04
   0.176703072E-04   0.188043321E-04   0.200115930E-04   0.212941515E-04
   0.226534062E-04   0.240908038E-04   0.256079920E-04   0.272066757E-04
   0.288898545E-04   0.306657640E-04   0.325441627E-04   0.345346509E-04
   0.366453991E-04   0.388843478E-04   0.412605588E-04   0.437871008E-04
   0.464783233E-04   0.493525567E-04   0.524432153E-04   0.557882945E-04
   0.594282347E-04   0.634103188E-04   0.677845071E-04   0.725193193E-04
   0.772489693E-04   0.815131406E-04   0.849532686E-04   0.876633165E-04
   0.898567807E-04   0.918917477E-04   0.946931522E-04   0.993514888E-04
   0.106986508E-03   0.118747216E-03   0.135811875E-03
Safety factor
   0.969154594E+00   0.969409846E+00   0.970371581E+00   0.971916550E+00
   0.973921505E+00   0.976263198E+00   0.978818379E+00   0.981459510E+00
   0.984041889E+00   0.986416522E+00   0.988445916E+00   0.990038570E+00
   0.991114480E+00   0.991650832E+00   0.991853554E+00   0.991985761E+00
   0.992273917E+00   0.992797871E+00   0.993600822E+00   0.994685270E+00
   0.995890921E+00   0.997016784E+00   0.997946197E+00   0.998899810E+00
   0.100018260E+01   0.100199184E+01   0.100409389E+01   0.100614742E+01
   0.100789400E+01   0.100940684E+01   0.101084205E+01   0.101233461E+01
   0.101393483E+01   0.101567187E+01   0.101755861E+01   0.101954281E+01
   0.102155595E+01   0.102355147E+01   0.102557071E+01   0.102767694E+01
   0.102991463E+01   0.103225293E+01   0.103464216E+01   0.103704734E+01
   0.103949228E+01   0.104201549E+01   0.104464556E+01   0.104737150E+01
   0.105017238E+01   0.105303171E+01   0.105595057E+01   0.105893446E+01
   0.106198794E+01   0.106511182E+01   0.106830599E+01   0.107157071E+01
   0.107490773E+01   0.107831921E+01   0.108180703E+01   0.108537196E+01
   0.108901451E+01   0.109273522E+01   0.109653473E+01   0.110041373E+01
   0.110437334E+01   0.110841647E+01   0.111254647E+01   0.111676678E+01
   0.112108117E+01   0.112549353E+01   0.113000606E+01   0.113461438E+01
   0.113931242E+01   0.114409662E+01   0.114897335E+01   0.115395143E+01
   0.115903829E+01   0.116423564E+01   0.116954375E+01   0.117496343E+01
   0.118049753E+01   0.118614942E+01   0.119192264E+01   0.119782156E+01
   0.120385071E+01   0.121001348E+01   0.121630860E+01   0.122273366E+01
   0.122928828E+01   0.123598037E+01   0.124281987E+01   0.124981485E+01
   0.125696582E+01   0.126427143E+01   0.127173200E+01   0.127935468E+01
   0.128714831E+01   0.129512035E+01   0.130327262E+01   0.131160557E+01
   0.132012083E+01   0.132882494E+01   0.133772565E+01   0.134683026E+01
   0.135614437E+01   0.136567315E+01   0.137542218E+01   0.138539870E+01
   0.139561037E+01   0.140606480E+01   0.141676943E+01   0.142773162E+01
   0.143895926E+01   0.145046234E+01   0.146225133E+01   0.147433614E+01
   0.148672437E+01   0.149942303E+01   0.151244067E+01   0.152579207E+01
   0.153949352E+01   0.155356074E+01   0.156800714E+01   0.158284551E+01
   0.159809051E+01   0.161376407E+01   0.162988996E+01   0.164648741E+01
   0.166355733E+01   0.168109611E+01   0.169910718E+01   0.171762215E+01
   0.173667970E+01   0.175632540E+01   0.177663241E+01   0.179768076E+01
   0.181953950E+01   0.184223366E+01   0.186577725E+01   0.189017282E+01
   0.191537695E+01   0.194133477E+01   0.196799581E+01   0.199532730E+01
   0.202330090E+01   0.205194672E+01   0.208152870E+01   0.211236922E+01
   0.214479067E+01   0.217911543E+01   0.221566589E+01
Current profile
   0.000000000E+00   0.110435406E-02   0.441342279E-02   0.991962525E-02
   0.176132638E-01   0.274825305E-01   0.395135152E-01   0.536911029E-01
   0.700026559E-01   0.884371166E-01   0.108985709E+00   0.131647027E+00
   0.156424863E+00   0.183324970E+00   0.212347325E+00   0.243490257E+00
   0.276750822E+00   0.312119775E+00   0.349584645E+00   0.389131704E+00
   0.430748347E+00   0.474421503E+00   0.520136557E+00   0.567875879E+00
   0.617619868E+00   0.669348589E+00   0.723045853E+00   0.778696241E+00
   0.836284268E+00   0.895795277E+00   0.957214680E+00   0.102052847E+01
   0.108572584E+01   0.115279722E+01   0.122173020E+01   0.129249868E+01
   0.136507149E+01   0.143941897E+01   0.151552382E+01   0.159337228E+01
   0.167294819E+01   0.175422443E+01   0.183717001E+01   0.192175454E+01
   0.200795435E+01   0.209574739E+01   0.218511052E+01   0.227601703E+01
   0.236843880E+01   0.246234698E+01   0.255771194E+01   0.265450330E+01
   0.275269048E+01   0.285224412E+01   0.295313482E+01   0.305533296E+01
   0.315880942E+01   0.326353496E+01   0.336947989E+01   0.347661381E+01
   0.358490583E+01   0.369432435E+01   0.380483616E+01   0.391640725E+01
   0.402900278E+01   0.414258593E+01   0.425711892E+01   0.437256377E+01
   0.448888372E+01   0.460604195E+01   0.472400103E+01   0.484272246E+01
   0.496216710E+01   0.508229569E+01   0.520307015E+01   0.532445238E+01
   0.544640377E+01   0.556888486E+01   0.569185560E+01   0.581527512E+01
   0.593910038E+01   0.606328738E+01   0.618779164E+01   0.631256848E+01
   0.643757279E+01   0.656275887E+01   0.668808030E+01   0.681349004E+01
   0.693894052E+01   0.706438363E+01   0.718977069E+01   0.731505263E+01
   0.744018037E+01   0.756510447E+01   0.768977489E+01   0.781414077E+01
   0.793815063E+01   0.806175239E+01   0.818489337E+01   0.830752031E+01
   0.842957976E+01   0.855101892E+01   0.867178477E+01   0.879182398E+01
   0.891108332E+01   0.902950932E+01   0.914704783E+01   0.926364323E+01
   0.937923917E+01   0.949377885E+01   0.960720525E+01   0.971946093E+01
   0.983048815E+01   0.994022945E+01   0.100486272E+02   0.101556238E+02
   0.102611637E+02   0.103651917E+02   0.104676509E+02   0.105684797E+02
   0.106676147E+02   0.107649885E+02   0.108605191E+02   0.109541202E+02
   0.110457096E+02   0.111352285E+02   0.112226233E+02   0.113078603E+02
   0.113909852E+02   0.114720670E+02   0.115511339E+02   0.116280371E+02
   0.117025795E+02   0.117745278E+02   0.118435168E+02   0.119091397E+02
   0.119711041E+02   0.120296141E+02   0.120850090E+02   0.121376763E+02
   0.121881635E+02   0.122370735E+02   0.122848429E+02   0.123311748E+02
   0.123755754E+02   0.124175616E+02   0.124567345E+02   0.124927083E+02
   0.125250859E+02   0.125534597E+02   0.125774131E+02
R*B_phi (m*T)
   0.507679789E+02   0.507679716E+02   0.507679494E+02   0.507679119E+02
   0.507678584E+02   0.507677879E+02   0.507676989E+02   0.507675901E+02
   0.507674594E+02   0.507673046E+02   0.507671233E+02   0.507669126E+02
   0.507666693E+02   0.507663902E+02   0.507660715E+02   0.507657090E+02
   0.507652987E+02   0.507648363E+02   0.507643172E+02   0.507637370E+02
   0.507630903E+02   0.507623719E+02   0.507615764E+02   0.507606983E+02
   0.507597316E+02   0.507586707E+02   0.507575098E+02   0.507562431E+02
   0.507548646E+02   0.507533674E+02   0.507517446E+02   0.507499891E+02
   0.507480943E+02   0.507460535E+02   0.507438601E+02   0.507415079E+02
   0.507389907E+02   0.507363017E+02   0.507334319E+02   0.507303718E+02
   0.507271164E+02   0.507236800E+02   0.507200813E+02   0.507163313E+02
   0.507124099E+02   0.507082891E+02   0.507039409E+02   0.506993371E+02
   0.506944493E+02   0.506892546E+02   0.506837505E+02   0.506779399E+02
   0.506718257E+02   0.506654102E+02   0.506586958E+02   0.506516875E+02
   0.506444011E+02   0.506368553E+02   0.506290695E+02   0.506210658E+02
   0.506128669E+02   0.506044939E+02   0.505959594E+02   0.505872743E+02
   0.505784475E+02   0.505694796E+02   0.505603693E+02   0.505511148E+02
   0.505417128E+02   0.505321592E+02   0.505224534E+02   0.505126061E+02
   0.505026313E+02   0.504925436E+02   0.504823607E+02   0.504721014E+02
   0.504617839E+02   0.504514259E+02   0.504410445E+02   0.504306561E+02
   0.504202731E+02   0.504099069E+02   0.503995674E+02   0.503892594E+02
   0.503789859E+02   0.503687503E+02   0.503585553E+02   0.503484036E+02
   0.503382984E+02   0.503282438E+02   0.503182443E+02   0.503083044E+02
   0.502984270E+02   0.502886151E+02   0.502788713E+02   0.502691972E+02
   0.502595942E+02   0.502500639E+02   0.502406072E+02   0.502312255E+02
   0.502219207E+02   0.502126981E+02   0.502035637E+02   0.501945242E+02
   0.501855874E+02   0.501767620E+02   0.501680564E+02   0.501594791E+02
   0.501510386E+02   0.501427430E+02   0.501345990E+02   0.501266126E+02
   0.501187899E+02   0.501111360E+02   0.501036561E+02   0.500963552E+02
   0.500892380E+02   0.500823095E+02   0.500755745E+02   0.500690374E+02
   0.500627031E+02   0.500565760E+02   0.500506609E+02   0.500449624E+02
   0.500394851E+02   0.500342325E+02   0.500292078E+02   0.500244149E+02
   0.500198598E+02   0.500155492E+02   0.500114871E+02   0.500076678E+02
   0.500040831E+02   0.500007336E+02   0.499976550E+02   0.499948917E+02
   0.499924599E+02   0.499902634E+02   0.499881776E+02   0.499862159E+02
   0.499849436E+02   0.499850640E+02   0.499872403E+02   0.499919748E+02
   0.499997298E+02   0.500105714E+02   0.500229808E+02   0.500350433E+02
   0.500448439E+02   0.500504677E+02   0.500500000E+02
Radial mesh: sqrt(Phi/Philim)
   0.000000000E+00   0.666666667E-02   0.133333333E-01   0.200000000E-01
   0.266666667E-01   0.333333333E-01   0.400000000E-01   0.466666667E-01
   0.533333333E-01   0.600000000E-01   0.666666667E-01   0.733333333E-01
   0.800000000E-01   0.866666667E-01   0.933333333E-01   0.100000000E+00
   0.106666667E+00   0.113333333E+00   0.120000000E+00   0.126666667E+00
   0.133333333E+00   0.140000000E+00   0.146666667E+00   0.153333333E+00
   0.160000000E+00   0.166666667E+00   0.173333333E+00   0.180000000E+00
   0.186666667E+00   0.193333333E+00   0.200000000E+00   0.206666667E+00
   0.213333333E+00   0.220000000E+00   0.226666667E+00   0.233333333E+00
   0.240000000E+00   0.246666667E+00   0.253333333E+00   0.260000000E+00
   0.266666667E+00   0.273333333E+00   0.280000000E+00   0.286666667E+00
   0.293333333E+00   0.300000000E+00   0.306666667E+00   0.313333333E+00
   0.320000000E+00   0.326666667E+00   0.333333333E+00   0.340000000E+00
   0.346666667E+00   0.353333333E+00   0.360000000E+00   0.366666667E+00
   0.373333333E+00   0.380000000E+00   0.386666667E+00   0.393333333E+00
   0.400000000E+00   0.406666667E+00   0.413333333E+00   0.420000000E+00
   0.426666667E+00   0.433333333E+00   0.440000000E+00   0.446666667E+00
   0.453333333E+00   0.460000000E+00   0.466666667E+00   0.473333333E+00
   0.480000000E+00   0.486666667E+00   0.493333333E+00   0.500000000E+00
   0.506666667E+00   0.513333333E+00   0.520000000E+00   0.526666667E+00
   0.533333333E+00   0.540000000E+00   0.546666667E+00   0.553333333E+00
   0.560000000E+00   0.566666667E+00   0.573333333E+00   0.580000000E+00
   0.586666667E+00   0.593333333E+00   0.600000000E+00   0.606666667E+00
   0.613333333E+00   0.620000000E+00   0.626666667E+00   0.633333333E+00
   0.640000000E+00   0.646666667E+00   0.653333333E+00   0.660000000E+00
   0.666666667E+00   0.673333333E+00   0.680000000E+00   0.686666667E+00
   0.693333333E+00   0.700000000E+00   0.706666667E+00   0.713333333E+00
   0.720000000E+00   0.726666667E+00   0.733333333E+00   0.740000000E+00
   0.746666667E+00   0.753333333E+00   0.760000000E+00   0.766666667E+00
   0.773333333E+00   0.780000000E+00   0.786666667E+00   0.793333333E+00
   0.800000000E+00   0.806666667E+00   0.813333333E+00   0.820000000E+00
   0.826666667E+00   0.833333333E+00   0.840000000E+00   0.846666667E+00
   0.853333333E+00   0.860000000E+00   0.866666667E+00   0.873333333E+00
   0.880000000E+00   0.886666667E+00   0.893333333E+00   0.900000000E+00
   0.906666667E+00   0.913333333E+00   0.920000000E+00   0.926666667E+00
   0.933333333E+00   0.940000000E+00   0.946666667E+00   0.953333333E+00
   0.960000000E+00   0.966666667E+00   0.973333333E+00   0.980000000E+00
   0.986666667E+00   0.993333333E+00   0.100000000E+01
Last surface (set to 1: TRANSP)
   0.100000000E+01
