2025-08-19 09:58:36,621 fastran_init_fastran_init_1 DEBUG    __initialize__(): <fastran.driver.fastran_init.fastran_init object at 0x7f3a449f6df0>  fastran_FPP_000001@fastran_init@1 
2025-08-19 09:58:36,629 fastran_init_fastran_init_1 DEBUG    Running - CompID =  fastran_FPP_000001@fastran_init@1
2025-08-19 09:58:36,630 fastran_init_fastran_init_1 DEBUG    _init_event_service(): self.counter = 0 - <fastran.driver.fastran_init.fastran_init object at 0x7f3a449f6df0>
2025-08-19 09:58:36,632 fastran_driver_fastran_driver_2 DEBUG    __initialize__(): <fastran.driver.fastran_driver.fastran_driver object at 0x7f3a44a1b730>  fastran_FPP_000001@fastran_driver@2 
2025-08-19 09:58:36,637 fastran_driver_fastran_driver_2 DEBUG    Running - CompID =  fastran_FPP_000001@fastran_driver@2
2025-08-19 09:58:36,638 fastran_driver_fastran_driver_2 DEBUG    _init_event_service(): self.counter = 0 - <fastran.driver.fastran_driver.fastran_driver object at 0x7f3a44a1b730>
2025-08-19 09:58:36,658 fastran_eq0_efit_3 DEBUG    __initialize__(): <fastran.equilibrium.efit.efit object at 0x7f3a44a113a0>  fastran_FPP_000001@efit@3 
2025-08-19 09:58:36,662 fastran_eq0_efit_3 DEBUG    Running - CompID =  fastran_FPP_000001@efit@3
2025-08-19 09:58:36,663 fastran_eq0_efit_3 DEBUG    _init_event_service(): self.counter = 0 - <fastran.equilibrium.efit.efit object at 0x7f3a44a113a0>
2025-08-19 09:58:36,706 fastran_tr0_fastran_4 DEBUG    __initialize__(): <fastran.solver.fastran.fastran object at 0x7f3a44a2a580>  fastran_FPP_000001@fastran@4 
2025-08-19 09:58:36,711 fastran_tr0_fastran_4 DEBUG    Running - CompID =  fastran_FPP_000001@fastran@4
2025-08-19 09:58:36,712 fastran_tr0_fastran_4 DEBUG    _init_event_service(): self.counter = 0 - <fastran.solver.fastran.fastran object at 0x7f3a44a2a580>
2025-08-19 09:58:36,718 rf_ic_toric_5   DEBUG    __initialize__(): <fastran.external.rf_ic_toric_abr_mcmd.toric object at 0x7f3a449b71c0>  fastran_FPP_000001@toric@5 
2025-08-19 09:58:36,722 fastran_eq_efit_6 DEBUG    __initialize__(): <fastran.equilibrium.efit.efit object at 0x7f3a449b7c40>  fastran_FPP_000001@efit@6 
2025-08-19 09:58:36,723 rf_ic_toric_5   DEBUG    Running - CompID =  fastran_FPP_000001@toric@5
2025-08-19 09:58:36,724 rf_ic_toric_5   DEBUG    _init_event_service(): self.counter = 0 - <fastran.external.rf_ic_toric_abr_mcmd.toric object at 0x7f3a449b71c0>
2025-08-19 09:58:36,728 fastran_tr_fastran_7 DEBUG    __initialize__(): <fastran.solver.fastran.fastran object at 0x7f3a449ba580>  fastran_FPP_000001@fastran@7 
2025-08-19 09:58:36,730 fastran_eq_efit_6 DEBUG    Running - CompID =  fastran_FPP_000001@efit@6
2025-08-19 09:58:36,731 fastran_eq_efit_6 DEBUG    _init_event_service(): self.counter = 0 - <fastran.equilibrium.efit.efit object at 0x7f3a449b7c40>
2025-08-19 09:58:36,735 fastran_tr_fastran_7 DEBUG    Running - CompID =  fastran_FPP_000001@fastran@7
2025-08-19 09:58:36,736 fastran_tr_fastran_7 DEBUG    _init_event_service(): self.counter = 0 - <fastran.solver.fastran.fastran object at 0x7f3a449ba580>
2025-08-19 09:58:37,277 fastran_init_fastran_init_1 DEBUG    Received Message 
2025-08-19 09:58:37,277 fastran_init_fastran_init_1 DEBUG    Calling method init(0)
2025-08-19 09:58:37,281 fastran_init_fastran_init_1 DEBUG    Received Message 
2025-08-19 09:58:37,281 fastran_init_fastran_init_1 DEBUG    Calling method step(0)
2025-08-19 09:58:37,287 fastran_init_fastran_init_1 DEBUG    _invoke_service(): getTopic  ('_IPS_MONITOR',)
2025-08-19 09:58:37,287 fastran_init_fastran_init_1 DEBUG    _get_service_response(REQUEST|fastran_FPP_000001@fastran_init@1|FRAMEWORK@Framework@0|0)
2025-08-19 09:58:37,298 fastran_init_fastran_init_1 DEBUG    _get_service_response(REQUEST|fastran_FPP_000001@fastran_init@1|FRAMEWORK@Framework@0|0), response = ServiceResponseMessage(sender_id=FRAMEWORK@Framework@0, receiver_id=fastran_FPP_000001@fastran_init@1, request_msg_id=REQUEST|fastran_FPP_000001@fastran_init@1|FRAMEWORK@Framework@0|0,status=0, args=(<ipsframework.cca_es_spec.Topic object at 0x7f3a44a1b8e0>,), message_id=RESPONSE|FRAMEWORK@Framework@0|fastran_FPP_000001@fastran_init@1|7)
2025-08-19 09:58:37,299 fastran_init_fastran_init_1 DEBUG    _invoke_service(): sendEvent  ('_IPS_MONITOR', 'PORTAL_EVENT', {'sim_name': 'fastran_FPP_000001', 'real_sim_name': 'fastran_FPP_000001', 'portal_data': {'code': 'fastran_init_fastran_init', 'eventtype': 'IPS_STAGE_INPUTS', 'ok': True, 'walltime': '5.17', 'time': '2025-08-19|09:58:37PDT', 'trace': {'timestamp': 1755622717282127, 'duration': 5307, 'localEndpoint': {'serviceName': 'stage_input_files'}, 'name': 'instate', 'id': '55339cced059be1a', 'parentId': '4aa442acb149fbac', 'tags': {}}, 'state': 'Running', 'comment': 'Elapsed time = 0.005 Path = /pscratch/sd/h/hswils/github_repos/MANTA_DBSCANS/basecase/input Files = instate'}})
2025-08-19 09:58:37,299 fastran_init_fastran_init_1 DEBUG    _get_service_response(REQUEST|fastran_FPP_000001@fastran_init@1|FRAMEWORK@Framework@0|1)
2025-08-19 09:58:37,309 fastran_init_fastran_init_1 DEBUG    _get_service_response(REQUEST|fastran_FPP_000001@fastran_init@1|FRAMEWORK@Framework@0|1), response = ServiceResponseMessage(sender_id=FRAMEWORK@Framework@0, receiver_id=fastran_FPP_000001@fastran_init@1, request_msg_id=REQUEST|fastran_FPP_000001@fastran_init@1|FRAMEWORK@Framework@0|1,status=0, args=(None,), message_id=RESPONSE|FRAMEWORK@Framework@0|fastran_FPP_000001@fastran_init@1|9)
2025-08-19 09:58:37,533 fastran_init_fastran_init_1 DEBUG    _invoke_service(): update_state  (['s000001.00001', 'g000001.00001', 'i000001.00001'], '/pscratch/sd/h/hswils/github_repos/MANTA_DBSCANS/basecase/SCAN/work/fastran_init_fastran_init_1', '/pscratch/sd/h/hswils/github_repos/MANTA_DBSCANS/basecase/SCAN/work/plasma_state')
2025-08-19 09:58:37,533 fastran_init_fastran_init_1 DEBUG    _get_service_response(REQUEST|fastran_FPP_000001@fastran_init@1|FRAMEWORK@Framework@0|2)
2025-08-19 09:58:37,550 fastran_init_fastran_init_1 DEBUG    _get_service_response(REQUEST|fastran_FPP_000001@fastran_init@1|FRAMEWORK@Framework@0|2), response = ServiceResponseMessage(sender_id=FRAMEWORK@Framework@0, receiver_id=fastran_FPP_000001@fastran_init@1, request_msg_id=REQUEST|fastran_FPP_000001@fastran_init@1|FRAMEWORK@Framework@0|2,status=0, args=(0,), message_id=RESPONSE|FRAMEWORK@Framework@0|fastran_FPP_000001@fastran_init@1|10)
2025-08-19 09:58:37,551 fastran_init_fastran_init_1 DEBUG    _invoke_service(): getTopic  ('_IPS_MONITOR',)
2025-08-19 09:58:37,551 fastran_init_fastran_init_1 DEBUG    _get_service_response(REQUEST|fastran_FPP_000001@fastran_init@1|FRAMEWORK@Framework@0|3)
2025-08-19 09:58:37,561 fastran_init_fastran_init_1 DEBUG    _get_service_response(REQUEST|fastran_FPP_000001@fastran_init@1|FRAMEWORK@Framework@0|3), response = ServiceResponseMessage(sender_id=FRAMEWORK@Framework@0, receiver_id=fastran_FPP_000001@fastran_init@1, request_msg_id=REQUEST|fastran_FPP_000001@fastran_init@1|FRAMEWORK@Framework@0|3,status=0, args=(<ipsframework.cca_es_spec.Topic object at 0x7f3a44991ac0>,), message_id=RESPONSE|FRAMEWORK@Framework@0|fastran_FPP_000001@fastran_init@1|11)
2025-08-19 09:58:37,561 fastran_init_fastran_init_1 DEBUG    _invoke_service(): sendEvent  ('_IPS_MONITOR', 'PORTAL_EVENT', {'sim_name': 'fastran_FPP_000001', 'real_sim_name': 'fastran_FPP_000001', 'portal_data': {'code': 'fastran_init_fastran_init', 'eventtype': 'IPS_UPDATE_STATE', 'ok': True, 'walltime': '5.43', 'time': '2025-08-19|09:58:37PDT', 'trace': {'timestamp': 1755622717532935, 'duration': 18071, 'localEndpoint': {'serviceName': 'update_state'}, 'name': "['s000001.00001', 'g000001.00001', 'i000001.00001']", 'id': '7629e189a66153c0', 'parentId': '4aa442acb149fbac', 'tags': {}}, 'state': 'Running', 'comment': 'Elapsed time = 0.018   files = s000001.00001 g000001.00001 i000001.00001 Success'}})
2025-08-19 09:58:37,561 fastran_init_fastran_init_1 DEBUG    _get_service_response(REQUEST|fastran_FPP_000001@fastran_init@1|FRAMEWORK@Framework@0|4)
2025-08-19 09:58:37,572 fastran_init_fastran_init_1 DEBUG    _get_service_response(REQUEST|fastran_FPP_000001@fastran_init@1|FRAMEWORK@Framework@0|4), response = ServiceResponseMessage(sender_id=FRAMEWORK@Framework@0, receiver_id=fastran_FPP_000001@fastran_init@1, request_msg_id=REQUEST|fastran_FPP_000001@fastran_init@1|FRAMEWORK@Framework@0|4,status=0, args=(None,), message_id=RESPONSE|FRAMEWORK@Framework@0|fastran_FPP_000001@fastran_init@1|12)
2025-08-19 09:58:37,573 fastran_init_fastran_init_1 DEBUG    _invoke_service(): getTopic  ('_IPS_MONITOR',)
2025-08-19 09:58:37,574 fastran_init_fastran_init_1 DEBUG    _get_service_response(REQUEST|fastran_FPP_000001@fastran_init@1|FRAMEWORK@Framework@0|5)
2025-08-19 09:58:37,584 fastran_init_fastran_init_1 DEBUG    _get_service_response(REQUEST|fastran_FPP_000001@fastran_init@1|FRAMEWORK@Framework@0|5), response = ServiceResponseMessage(sender_id=FRAMEWORK@Framework@0, receiver_id=fastran_FPP_000001@fastran_init@1, request_msg_id=REQUEST|fastran_FPP_000001@fastran_init@1|FRAMEWORK@Framework@0|5,status=0, args=(<ipsframework.cca_es_spec.Topic object at 0x7f3a44991c40>,), message_id=RESPONSE|FRAMEWORK@Framework@0|fastran_FPP_000001@fastran_init@1|13)
2025-08-19 09:58:37,584 fastran_init_fastran_init_1 DEBUG    _invoke_service(): sendEvent  ('_IPS_MONITOR', 'PORTAL_EVENT', {'sim_name': 'fastran_FPP_000001', 'real_sim_name': 'fastran_FPP_000001', 'portal_data': {'code': 'fastran_init_fastran_init', 'eventtype': 'IPS_STAGE_OUTPUTS', 'ok': True, 'walltime': '5.45', 'time': '2025-08-19|09:58:37PDT', 'trace': {'timestamp': 1755622717572548, 'duration': 1396, 'localEndpoint': {'serviceName': 'stage_output_files'}, 'name': '[]', 'id': 'ed019efe11be26d9', 'parentId': '4aa442acb149fbac', 'tags': {}}, 'state': 'Running', 'comment': 'Elapsed time = 0.001 Path = /pscratch/sd/h/hswils/github_repos/MANTA_DBSCANS/basecase/SCAN/simulation_results/0/components/fastran_init_fastran_init_1 Files = []'}})
2025-08-19 09:58:37,584 fastran_init_fastran_init_1 DEBUG    _get_service_response(REQUEST|fastran_FPP_000001@fastran_init@1|FRAMEWORK@Framework@0|6)
2025-08-19 09:58:37,595 fastran_init_fastran_init_1 DEBUG    _get_service_response(REQUEST|fastran_FPP_000001@fastran_init@1|FRAMEWORK@Framework@0|6), response = ServiceResponseMessage(sender_id=FRAMEWORK@Framework@0, receiver_id=fastran_FPP_000001@fastran_init@1, request_msg_id=REQUEST|fastran_FPP_000001@fastran_init@1|FRAMEWORK@Framework@0|6,status=0, args=(None,), message_id=RESPONSE|FRAMEWORK@Framework@0|fastran_FPP_000001@fastran_init@1|14)
2025-08-19 09:58:37,595 fastran_init_fastran_init_1 DEBUG    Received Message 
2025-08-19 09:58:37,595 fastran_init_fastran_init_1 DEBUG    Calling method finalize(0)
2025-08-19 09:58:37,597 fastran_driver_fastran_driver_2 DEBUG    Received Message 
2025-08-19 09:58:37,597 fastran_driver_fastran_driver_2 DEBUG    Calling method init(0)
2025-08-19 09:58:37,599 fastran_driver_fastran_driver_2 DEBUG    Received Message 
2025-08-19 09:58:37,599 fastran_driver_fastran_driver_2 DEBUG    Calling method step(0)
2025-08-19 09:58:37,599 fastran_driver_fastran_driver_2 DEBUG    _invoke_service(): getTopic  ('_IPS_MONITOR',)
2025-08-19 09:58:37,599 fastran_driver_fastran_driver_2 DEBUG    _get_service_response(REQUEST|fastran_FPP_000001@fastran_driver@2|FRAMEWORK@Framework@0|0)
2025-08-19 09:58:37,611 fastran_driver_fastran_driver_2 DEBUG    _get_service_response(REQUEST|fastran_FPP_000001@fastran_driver@2|FRAMEWORK@Framework@0|0), response = ServiceResponseMessage(sender_id=FRAMEWORK@Framework@0, receiver_id=fastran_FPP_000001@fastran_driver@2, request_msg_id=REQUEST|fastran_FPP_000001@fastran_driver@2|FRAMEWORK@Framework@0|0,status=0, args=(<ipsframework.cca_es_spec.Topic object at 0x7f3a44a20250>,), message_id=RESPONSE|FRAMEWORK@Framework@0|fastran_FPP_000001@fastran_driver@2|15)
2025-08-19 09:58:37,611 fastran_driver_fastran_driver_2 DEBUG    _invoke_service(): sendEvent  ('_IPS_MONITOR', 'PORTAL_EVENT', {'sim_name': 'fastran_FPP_000001', 'real_sim_name': 'fastran_FPP_000001', 'portal_data': {'code': 'fastran_driver_fastran_driver', 'eventtype': 'IPS_STAGE_INPUTS', 'ok': True, 'walltime': '5.48', 'time': '2025-08-19|09:58:37PDT', 'trace': {'timestamp': 1755622717599453, 'duration': 148, 'localEndpoint': {'serviceName': 'stage_input_files'}, 'name': '', 'id': 'e70cb59b389672bf', 'parentId': 'f899e3e5886669ce', 'tags': {}}, 'state': 'Running', 'comment': 'Elapsed time = 0.000 Path = /pscratch/sd/h/hswils/github_repos/MANTA_DBSCANS/basecase/input Files = '}})
2025-08-19 09:58:37,611 fastran_driver_fastran_driver_2 DEBUG    _get_service_response(REQUEST|fastran_FPP_000001@fastran_driver@2|FRAMEWORK@Framework@0|1)
2025-08-19 09:58:37,622 fastran_driver_fastran_driver_2 DEBUG    _get_service_response(REQUEST|fastran_FPP_000001@fastran_driver@2|FRAMEWORK@Framework@0|1), response = ServiceResponseMessage(sender_id=FRAMEWORK@Framework@0, receiver_id=fastran_FPP_000001@fastran_driver@2, request_msg_id=REQUEST|fastran_FPP_000001@fastran_driver@2|FRAMEWORK@Framework@0|1,status=0, args=(None,), message_id=RESPONSE|FRAMEWORK@Framework@0|fastran_FPP_000001@fastran_driver@2|16)
2025-08-19 09:58:37,622 fastran_driver_fastran_driver_2 DEBUG    _invoke_service(): stage_state  (['s000001.00001', 'g000001.00001', 'i000001.00001'], '/pscratch/sd/h/hswils/github_repos/MANTA_DBSCANS/basecase/SCAN/work/plasma_state', '/pscratch/sd/h/hswils/github_repos/MANTA_DBSCANS/basecase/SCAN/work/fastran_driver_fastran_driver_2')
2025-08-19 09:58:37,622 fastran_driver_fastran_driver_2 DEBUG    _get_service_response(REQUEST|fastran_FPP_000001@fastran_driver@2|FRAMEWORK@Framework@0|2)
2025-08-19 09:58:37,641 fastran_driver_fastran_driver_2 DEBUG    _get_service_response(REQUEST|fastran_FPP_000001@fastran_driver@2|FRAMEWORK@Framework@0|2), response = ServiceResponseMessage(sender_id=FRAMEWORK@Framework@0, receiver_id=fastran_FPP_000001@fastran_driver@2, request_msg_id=REQUEST|fastran_FPP_000001@fastran_driver@2|FRAMEWORK@Framework@0|2,status=0, args=(0,), message_id=RESPONSE|FRAMEWORK@Framework@0|fastran_FPP_000001@fastran_driver@2|17)
2025-08-19 09:58:37,641 fastran_driver_fastran_driver_2 DEBUG    _invoke_service(): getTopic  ('_IPS_MONITOR',)
2025-08-19 09:58:37,641 fastran_driver_fastran_driver_2 DEBUG    _get_service_response(REQUEST|fastran_FPP_000001@fastran_driver@2|FRAMEWORK@Framework@0|3)
2025-08-19 09:58:37,652 fastran_driver_fastran_driver_2 DEBUG    _get_service_response(REQUEST|fastran_FPP_000001@fastran_driver@2|FRAMEWORK@Framework@0|3), response = ServiceResponseMessage(sender_id=FRAMEWORK@Framework@0, receiver_id=fastran_FPP_000001@fastran_driver@2, request_msg_id=REQUEST|fastran_FPP_000001@fastran_driver@2|FRAMEWORK@Framework@0|3,status=0, args=(<ipsframework.cca_es_spec.Topic object at 0x7f3a44a20220>,), message_id=RESPONSE|FRAMEWORK@Framework@0|fastran_FPP_000001@fastran_driver@2|18)
2025-08-19 09:58:37,652 fastran_driver_fastran_driver_2 DEBUG    _invoke_service(): sendEvent  ('_IPS_MONITOR', 'PORTAL_EVENT', {'sim_name': 'fastran_FPP_000001', 'real_sim_name': 'fastran_FPP_000001', 'portal_data': {'code': 'fastran_driver_fastran_driver', 'eventtype': 'IPS_STAGE_STATE', 'ok': True, 'walltime': '5.52', 'time': '2025-08-19|09:58:37PDT', 'trace': {'timestamp': 1755622717622387, 'duration': 19176, 'localEndpoint': {'serviceName': 'stage_state'}, 'name': "['s000001.00001', 'g000001.00001', 'i000001.00001']", 'id': '71885aecf25d7412', 'parentId': 'f899e3e5886669ce', 'tags': {}}, 'state': 'Running', 'comment': 'Elapsed time = 0.019  files = s000001.00001 g000001.00001 i000001.00001 Success'}})
2025-08-19 09:58:37,652 fastran_driver_fastran_driver_2 DEBUG    _get_service_response(REQUEST|fastran_FPP_000001@fastran_driver@2|FRAMEWORK@Framework@0|4)
2025-08-19 09:58:37,663 fastran_driver_fastran_driver_2 DEBUG    _get_service_response(REQUEST|fastran_FPP_000001@fastran_driver@2|FRAMEWORK@Framework@0|4), response = ServiceResponseMessage(sender_id=FRAMEWORK@Framework@0, receiver_id=fastran_FPP_000001@fastran_driver@2, request_msg_id=REQUEST|fastran_FPP_000001@fastran_driver@2|FRAMEWORK@Framework@0|4,status=0, args=(None,), message_id=RESPONSE|FRAMEWORK@Framework@0|fastran_FPP_000001@fastran_driver@2|19)
2025-08-19 09:58:37,663 fastran_driver_fastran_driver_2 DEBUG    _invoke_service(): get_port  ('INIT',)
2025-08-19 09:58:37,663 fastran_driver_fastran_driver_2 DEBUG    _get_service_response(REQUEST|fastran_FPP_000001@fastran_driver@2|FRAMEWORK@Framework@0|5)
2025-08-19 09:58:37,674 fastran_driver_fastran_driver_2 DEBUG    _get_service_response(REQUEST|fastran_FPP_000001@fastran_driver@2|FRAMEWORK@Framework@0|5), response = ServiceResponseMessage(sender_id=FRAMEWORK@Framework@0, receiver_id=fastran_FPP_000001@fastran_driver@2, request_msg_id=REQUEST|fastran_FPP_000001@fastran_driver@2|FRAMEWORK@Framework@0|5,status=0, args=(fastran_FPP_000001@fastran_init@1,), message_id=RESPONSE|FRAMEWORK@Framework@0|fastran_FPP_000001@fastran_driver@2|20)
2025-08-19 09:58:37,674 fastran_driver_fastran_driver_2 DEBUG    _invoke_service(): get_port  ('EQ0',)
2025-08-19 09:58:37,674 fastran_driver_fastran_driver_2 DEBUG    _get_service_response(REQUEST|fastran_FPP_000001@fastran_driver@2|FRAMEWORK@Framework@0|6)
2025-08-19 09:58:37,685 fastran_driver_fastran_driver_2 DEBUG    _get_service_response(REQUEST|fastran_FPP_000001@fastran_driver@2|FRAMEWORK@Framework@0|6), response = ServiceResponseMessage(sender_id=FRAMEWORK@Framework@0, receiver_id=fastran_FPP_000001@fastran_driver@2, request_msg_id=REQUEST|fastran_FPP_000001@fastran_driver@2|FRAMEWORK@Framework@0|6,status=0, args=(fastran_FPP_000001@efit@3,), message_id=RESPONSE|FRAMEWORK@Framework@0|fastran_FPP_000001@fastran_driver@2|21)
2025-08-19 09:58:37,685 fastran_driver_fastran_driver_2 DEBUG    _invoke_service(): get_port  ('TR0',)
2025-08-19 09:58:37,685 fastran_driver_fastran_driver_2 DEBUG    _get_service_response(REQUEST|fastran_FPP_000001@fastran_driver@2|FRAMEWORK@Framework@0|7)
2025-08-19 09:58:37,695 fastran_driver_fastran_driver_2 DEBUG    _get_service_response(REQUEST|fastran_FPP_000001@fastran_driver@2|FRAMEWORK@Framework@0|7), response = ServiceResponseMessage(sender_id=FRAMEWORK@Framework@0, receiver_id=fastran_FPP_000001@fastran_driver@2, request_msg_id=REQUEST|fastran_FPP_000001@fastran_driver@2|FRAMEWORK@Framework@0|7,status=0, args=(fastran_FPP_000001@fastran@4,), message_id=RESPONSE|FRAMEWORK@Framework@0|fastran_FPP_000001@fastran_driver@2|22)
2025-08-19 09:58:37,696 fastran_driver_fastran_driver_2 DEBUG    _invoke_service(): get_port  ('IC',)
2025-08-19 09:58:37,696 fastran_driver_fastran_driver_2 DEBUG    _get_service_response(REQUEST|fastran_FPP_000001@fastran_driver@2|FRAMEWORK@Framework@0|8)
2025-08-19 09:58:37,706 fastran_driver_fastran_driver_2 DEBUG    _get_service_response(REQUEST|fastran_FPP_000001@fastran_driver@2|FRAMEWORK@Framework@0|8), response = ServiceResponseMessage(sender_id=FRAMEWORK@Framework@0, receiver_id=fastran_FPP_000001@fastran_driver@2, request_msg_id=REQUEST|fastran_FPP_000001@fastran_driver@2|FRAMEWORK@Framework@0|8,status=0, args=(fastran_FPP_000001@toric@5,), message_id=RESPONSE|FRAMEWORK@Framework@0|fastran_FPP_000001@fastran_driver@2|23)
2025-08-19 09:58:37,706 fastran_driver_fastran_driver_2 DEBUG    _invoke_service(): get_port  ('EQ',)
2025-08-19 09:58:37,707 fastran_driver_fastran_driver_2 DEBUG    _get_service_response(REQUEST|fastran_FPP_000001@fastran_driver@2|FRAMEWORK@Framework@0|9)
2025-08-19 09:58:37,717 fastran_driver_fastran_driver_2 DEBUG    _get_service_response(REQUEST|fastran_FPP_000001@fastran_driver@2|FRAMEWORK@Framework@0|9), response = ServiceResponseMessage(sender_id=FRAMEWORK@Framework@0, receiver_id=fastran_FPP_000001@fastran_driver@2, request_msg_id=REQUEST|fastran_FPP_000001@fastran_driver@2|FRAMEWORK@Framework@0|9,status=0, args=(fastran_FPP_000001@efit@6,), message_id=RESPONSE|FRAMEWORK@Framework@0|fastran_FPP_000001@fastran_driver@2|24)
2025-08-19 09:58:37,717 fastran_driver_fastran_driver_2 DEBUG    _invoke_service(): get_port  ('TR',)
2025-08-19 09:58:37,717 fastran_driver_fastran_driver_2 DEBUG    _get_service_response(REQUEST|fastran_FPP_000001@fastran_driver@2|FRAMEWORK@Framework@0|10)
2025-08-19 09:58:37,728 fastran_driver_fastran_driver_2 DEBUG    _get_service_response(REQUEST|fastran_FPP_000001@fastran_driver@2|FRAMEWORK@Framework@0|10), response = ServiceResponseMessage(sender_id=FRAMEWORK@Framework@0, receiver_id=fastran_FPP_000001@fastran_driver@2, request_msg_id=REQUEST|fastran_FPP_000001@fastran_driver@2|FRAMEWORK@Framework@0|10,status=0, args=(fastran_FPP_000001@fastran@7,), message_id=RESPONSE|FRAMEWORK@Framework@0|fastran_FPP_000001@fastran_driver@2|25)
2025-08-19 09:58:37,728 fastran_driver_fastran_driver_2 DEBUG    _invoke_service(): getTopic  ('_IPS_MONITOR',)
2025-08-19 09:58:37,728 fastran_driver_fastran_driver_2 DEBUG    _get_service_response(REQUEST|fastran_FPP_000001@fastran_driver@2|FRAMEWORK@Framework@0|11)
2025-08-19 09:58:37,739 fastran_driver_fastran_driver_2 DEBUG    _get_service_response(REQUEST|fastran_FPP_000001@fastran_driver@2|FRAMEWORK@Framework@0|11), response = ServiceResponseMessage(sender_id=FRAMEWORK@Framework@0, receiver_id=fastran_FPP_000001@fastran_driver@2, request_msg_id=REQUEST|fastran_FPP_000001@fastran_driver@2|FRAMEWORK@Framework@0|11,status=0, args=(<ipsframework.cca_es_spec.Topic object at 0x7f3a44a205b0>,), message_id=RESPONSE|FRAMEWORK@Framework@0|fastran_FPP_000001@fastran_driver@2|26)
2025-08-19 09:58:37,739 fastran_driver_fastran_driver_2 DEBUG    _invoke_service(): sendEvent  ('_IPS_MONITOR', 'PORTAL_EVENT', {'sim_name': 'fastran_FPP_000001', 'real_sim_name': 'fastran_FPP_000001', 'portal_data': {'code': 'fastran_driver_fastran_driver', 'eventtype': 'IPS_CALL_BEGIN', 'ok': True, 'walltime': '5.61', 'time': '2025-08-19|09:58:37PDT', 'state': 'Running', 'comment': 'Target = fastran_FPP_000001@efit@3:init(0)'}})
2025-08-19 09:58:37,739 fastran_driver_fastran_driver_2 DEBUG    _get_service_response(REQUEST|fastran_FPP_000001@fastran_driver@2|FRAMEWORK@Framework@0|12)
2025-08-19 09:58:37,750 fastran_driver_fastran_driver_2 DEBUG    _get_service_response(REQUEST|fastran_FPP_000001@fastran_driver@2|FRAMEWORK@Framework@0|12), response = ServiceResponseMessage(sender_id=FRAMEWORK@Framework@0, receiver_id=fastran_FPP_000001@fastran_driver@2, request_msg_id=REQUEST|fastran_FPP_000001@fastran_driver@2|FRAMEWORK@Framework@0|12,status=0, args=(None,), message_id=RESPONSE|FRAMEWORK@Framework@0|fastran_FPP_000001@fastran_driver@2|27)
2025-08-19 09:58:37,750 fastran_driver_fastran_driver_2 DEBUG    _invoke_service(): init_call  ('init', '0')
2025-08-19 09:58:37,750 fastran_driver_fastran_driver_2 DEBUG    _get_service_response(REQUEST|fastran_FPP_000001@fastran_driver@2|FRAMEWORK@Framework@0|13)
2025-08-19 09:58:37,752 fastran_eq0_efit_3 DEBUG    Received Message 
2025-08-19 09:58:37,752 fastran_eq0_efit_3 DEBUG    Calling method init(0)
2025-08-19 09:58:37,755 fastran_eq0_efit_3 DEBUG    _invoke_service(): stage_state  (['s000001.00001', 'g000001.00001', 'i000001.00001'], '/pscratch/sd/h/hswils/github_repos/MANTA_DBSCANS/basecase/SCAN/work/plasma_state', '/pscratch/sd/h/hswils/github_repos/MANTA_DBSCANS/basecase/SCAN/work/fastran_eq0_efit_3')
2025-08-19 09:58:37,755 fastran_eq0_efit_3 DEBUG    _get_service_response(REQUEST|fastran_FPP_000001@efit@3|FRAMEWORK@Framework@0|0)
2025-08-19 09:58:37,761 fastran_driver_fastran_driver_2 DEBUG    _get_service_response(REQUEST|fastran_FPP_000001@fastran_driver@2|FRAMEWORK@Framework@0|13), response = ServiceResponseMessage(sender_id=FRAMEWORK@Framework@0, receiver_id=fastran_FPP_000001@fastran_driver@2, request_msg_id=REQUEST|fastran_FPP_000001@fastran_driver@2|FRAMEWORK@Framework@0|13,status=0, args=(11,), message_id=RESPONSE|FRAMEWORK@Framework@0|fastran_FPP_000001@fastran_driver@2|28)
2025-08-19 09:58:37,762 fastran_driver_fastran_driver_2 DEBUG    _invoke_service(): wait_call  (11, True)
2025-08-19 09:58:37,762 fastran_driver_fastran_driver_2 DEBUG    _get_service_response(REQUEST|fastran_FPP_000001@fastran_driver@2|FRAMEWORK@Framework@0|14)
2025-08-19 09:58:37,774 fastran_eq0_efit_3 DEBUG    _get_service_response(REQUEST|fastran_FPP_000001@efit@3|FRAMEWORK@Framework@0|0), response = ServiceResponseMessage(sender_id=FRAMEWORK@Framework@0, receiver_id=fastran_FPP_000001@efit@3, request_msg_id=REQUEST|fastran_FPP_000001@efit@3|FRAMEWORK@Framework@0|0,status=0, args=(0,), message_id=RESPONSE|FRAMEWORK@Framework@0|fastran_FPP_000001@efit@3|29)
2025-08-19 09:58:37,774 fastran_eq0_efit_3 DEBUG    _invoke_service(): getTopic  ('_IPS_MONITOR',)
2025-08-19 09:58:37,774 fastran_eq0_efit_3 DEBUG    _get_service_response(REQUEST|fastran_FPP_000001@efit@3|FRAMEWORK@Framework@0|1)
2025-08-19 09:58:37,785 fastran_eq0_efit_3 DEBUG    _get_service_response(REQUEST|fastran_FPP_000001@efit@3|FRAMEWORK@Framework@0|1), response = ServiceResponseMessage(sender_id=FRAMEWORK@Framework@0, receiver_id=fastran_FPP_000001@efit@3, request_msg_id=REQUEST|fastran_FPP_000001@efit@3|FRAMEWORK@Framework@0|1,status=0, args=(<ipsframework.cca_es_spec.Topic object at 0x7f3a44a11b20>,), message_id=RESPONSE|FRAMEWORK@Framework@0|fastran_FPP_000001@efit@3|30)
2025-08-19 09:58:37,785 fastran_eq0_efit_3 DEBUG    _invoke_service(): sendEvent  ('_IPS_MONITOR', 'PORTAL_EVENT', {'sim_name': 'fastran_FPP_000001', 'real_sim_name': 'fastran_FPP_000001', 'portal_data': {'code': 'fastran_eq0_efit', 'eventtype': 'IPS_STAGE_STATE', 'ok': True, 'walltime': '5.65', 'time': '2025-08-19|09:58:37PDT', 'trace': {'timestamp': 1755622717754562, 'duration': 19644, 'localEndpoint': {'serviceName': 'stage_state'}, 'name': "['s000001.00001', 'g000001.00001', 'i000001.00001']", 'id': '71885aecf25d7412', 'parentId': '545edfc5a3ffe396', 'tags': {}}, 'state': 'Running', 'comment': 'Elapsed time = 0.020  files = s000001.00001 g000001.00001 i000001.00001 Success'}})
2025-08-19 09:58:37,785 fastran_eq0_efit_3 DEBUG    _get_service_response(REQUEST|fastran_FPP_000001@efit@3|FRAMEWORK@Framework@0|2)
2025-08-19 09:58:37,796 fastran_eq0_efit_3 DEBUG    _get_service_response(REQUEST|fastran_FPP_000001@efit@3|FRAMEWORK@Framework@0|2), response = ServiceResponseMessage(sender_id=FRAMEWORK@Framework@0, receiver_id=fastran_FPP_000001@efit@3, request_msg_id=REQUEST|fastran_FPP_000001@efit@3|FRAMEWORK@Framework@0|2,status=0, args=(None,), message_id=RESPONSE|FRAMEWORK@Framework@0|fastran_FPP_000001@efit@3|31)
2025-08-19 09:58:39,423 fastran_eq0_efit_3 DEBUG    _invoke_service(): update_state  (['s000001.00001', 'g000001.00001', 'i000001.00001'], '/pscratch/sd/h/hswils/github_repos/MANTA_DBSCANS/basecase/SCAN/work/fastran_eq0_efit_3', '/pscratch/sd/h/hswils/github_repos/MANTA_DBSCANS/basecase/SCAN/work/plasma_state')
2025-08-19 09:58:39,423 fastran_eq0_efit_3 DEBUG    _get_service_response(REQUEST|fastran_FPP_000001@efit@3|FRAMEWORK@Framework@0|3)
2025-08-19 09:58:39,454 fastran_eq0_efit_3 DEBUG    _get_service_response(REQUEST|fastran_FPP_000001@efit@3|FRAMEWORK@Framework@0|3), response = ServiceResponseMessage(sender_id=FRAMEWORK@Framework@0, receiver_id=fastran_FPP_000001@efit@3, request_msg_id=REQUEST|fastran_FPP_000001@efit@3|FRAMEWORK@Framework@0|3,status=0, args=(0,), message_id=RESPONSE|FRAMEWORK@Framework@0|fastran_FPP_000001@efit@3|36)
2025-08-19 09:58:39,454 fastran_eq0_efit_3 DEBUG    _invoke_service(): getTopic  ('_IPS_MONITOR',)
2025-08-19 09:58:39,454 fastran_eq0_efit_3 DEBUG    _get_service_response(REQUEST|fastran_FPP_000001@efit@3|FRAMEWORK@Framework@0|4)
2025-08-19 09:58:39,464 fastran_eq0_efit_3 DEBUG    _get_service_response(REQUEST|fastran_FPP_000001@efit@3|FRAMEWORK@Framework@0|4), response = ServiceResponseMessage(sender_id=FRAMEWORK@Framework@0, receiver_id=fastran_FPP_000001@efit@3, request_msg_id=REQUEST|fastran_FPP_000001@efit@3|FRAMEWORK@Framework@0|4,status=0, args=(<ipsframework.cca_es_spec.Topic object at 0x7f3a44a11dc0>,), message_id=RESPONSE|FRAMEWORK@Framework@0|fastran_FPP_000001@efit@3|37)
2025-08-19 09:58:39,465 fastran_eq0_efit_3 DEBUG    _invoke_service(): sendEvent  ('_IPS_MONITOR', 'PORTAL_EVENT', {'sim_name': 'fastran_FPP_000001', 'real_sim_name': 'fastran_FPP_000001', 'portal_data': {'code': 'fastran_eq0_efit', 'eventtype': 'IPS_UPDATE_STATE', 'ok': True, 'walltime': '7.33', 'time': '2025-08-19|09:58:39PDT', 'trace': {'timestamp': 1755622719423010, 'duration': 31213, 'localEndpoint': {'serviceName': 'update_state'}, 'name': "['s000001.00001', 'g000001.00001', 'i000001.00001']", 'id': '7629e189a66153c0', 'parentId': '545edfc5a3ffe396', 'tags': {}}, 'state': 'Running', 'comment': 'Elapsed time = 0.031   files = s000001.00001 g000001.00001 i000001.00001 Success'}})
2025-08-19 09:58:39,465 fastran_eq0_efit_3 DEBUG    _get_service_response(REQUEST|fastran_FPP_000001@efit@3|FRAMEWORK@Framework@0|5)
2025-08-19 09:58:39,475 fastran_eq0_efit_3 DEBUG    _get_service_response(REQUEST|fastran_FPP_000001@efit@3|FRAMEWORK@Framework@0|5), response = ServiceResponseMessage(sender_id=FRAMEWORK@Framework@0, receiver_id=fastran_FPP_000001@efit@3, request_msg_id=REQUEST|fastran_FPP_000001@efit@3|FRAMEWORK@Framework@0|5,status=0, args=(None,), message_id=RESPONSE|FRAMEWORK@Framework@0|fastran_FPP_000001@efit@3|38)
2025-08-19 09:58:39,486 fastran_driver_fastran_driver_2 DEBUG    _get_service_response(REQUEST|fastran_FPP_000001@fastran_driver@2|FRAMEWORK@Framework@0|14), response = ServiceResponseMessage(sender_id=FRAMEWORK@Framework@0, receiver_id=fastran_FPP_000001@fastran_driver@2, request_msg_id=REQUEST|fastran_FPP_000001@fastran_driver@2|FRAMEWORK@Framework@0|14,status=0, args=((None,),), message_id=RESPONSE|FRAMEWORK@Framework@0|fastran_FPP_000001@fastran_driver@2|39)
2025-08-19 09:58:39,487 fastran_driver_fastran_driver_2 DEBUG    _invoke_service(): getTopic  ('_IPS_MONITOR',)
2025-08-19 09:58:39,487 fastran_driver_fastran_driver_2 DEBUG    _get_service_response(REQUEST|fastran_FPP_000001@fastran_driver@2|FRAMEWORK@Framework@0|15)
2025-08-19 09:58:39,498 fastran_driver_fastran_driver_2 DEBUG    _get_service_response(REQUEST|fastran_FPP_000001@fastran_driver@2|FRAMEWORK@Framework@0|15), response = ServiceResponseMessage(sender_id=FRAMEWORK@Framework@0, receiver_id=fastran_FPP_000001@fastran_driver@2, request_msg_id=REQUEST|fastran_FPP_000001@fastran_driver@2|FRAMEWORK@Framework@0|15,status=0, args=(<ipsframework.cca_es_spec.Topic object at 0x7f3a44a202e0>,), message_id=RESPONSE|FRAMEWORK@Framework@0|fastran_FPP_000001@fastran_driver@2|40)
2025-08-19 09:58:39,498 fastran_driver_fastran_driver_2 DEBUG    _invoke_service(): sendEvent  ('_IPS_MONITOR', 'PORTAL_EVENT', {'sim_name': 'fastran_FPP_000001', 'real_sim_name': 'fastran_FPP_000001', 'portal_data': {'code': 'fastran_driver_fastran_driver', 'eventtype': 'IPS_CALL_END', 'ok': True, 'walltime': '7.37', 'time': '2025-08-19|09:58:39PDT', 'trace': {'timestamp': 1755622717762044, 'duration': 1724859, 'localEndpoint': {'serviceName': 'fastran_FPP_000001@efit@3'}, 'name': 'init(0)', 'id': '545edfc5a3ffe396', 'parentId': 'f899e3e5886669ce', 'tags': {}}, 'state': 'Running', 'comment': 'Target = fastran_FPP_000001@efit@3:init(0)'}})
2025-08-19 09:58:39,498 fastran_driver_fastran_driver_2 DEBUG    _get_service_response(REQUEST|fastran_FPP_000001@fastran_driver@2|FRAMEWORK@Framework@0|16)
2025-08-19 09:58:39,509 fastran_driver_fastran_driver_2 DEBUG    _get_service_response(REQUEST|fastran_FPP_000001@fastran_driver@2|FRAMEWORK@Framework@0|16), response = ServiceResponseMessage(sender_id=FRAMEWORK@Framework@0, receiver_id=fastran_FPP_000001@fastran_driver@2, request_msg_id=REQUEST|fastran_FPP_000001@fastran_driver@2|FRAMEWORK@Framework@0|16,status=0, args=(None,), message_id=RESPONSE|FRAMEWORK@Framework@0|fastran_FPP_000001@fastran_driver@2|41)
2025-08-19 09:58:39,509 fastran_driver_fastran_driver_2 DEBUG    _invoke_service(): getTopic  ('_IPS_MONITOR',)
2025-08-19 09:58:39,509 fastran_driver_fastran_driver_2 DEBUG    _get_service_response(REQUEST|fastran_FPP_000001@fastran_driver@2|FRAMEWORK@Framework@0|17)
2025-08-19 09:58:39,520 fastran_driver_fastran_driver_2 DEBUG    _get_service_response(REQUEST|fastran_FPP_000001@fastran_driver@2|FRAMEWORK@Framework@0|17), response = ServiceResponseMessage(sender_id=FRAMEWORK@Framework@0, receiver_id=fastran_FPP_000001@fastran_driver@2, request_msg_id=REQUEST|fastran_FPP_000001@fastran_driver@2|FRAMEWORK@Framework@0|17,status=0, args=(<ipsframework.cca_es_spec.Topic object at 0x7f3a44a20340>,), message_id=RESPONSE|FRAMEWORK@Framework@0|fastran_FPP_000001@fastran_driver@2|42)
2025-08-19 09:58:39,520 fastran_driver_fastran_driver_2 DEBUG    _invoke_service(): sendEvent  ('_IPS_MONITOR', 'PORTAL_EVENT', {'sim_name': 'fastran_FPP_000001', 'real_sim_name': 'fastran_FPP_000001', 'portal_data': {'code': 'fastran_driver_fastran_driver', 'eventtype': 'IPS_CALL_BEGIN', 'ok': True, 'walltime': '7.39', 'time': '2025-08-19|09:58:39PDT', 'state': 'Running', 'comment': 'Target = fastran_FPP_000001@fastran@4:init(0)'}})
2025-08-19 09:58:39,520 fastran_driver_fastran_driver_2 DEBUG    _get_service_response(REQUEST|fastran_FPP_000001@fastran_driver@2|FRAMEWORK@Framework@0|18)
2025-08-19 09:58:39,531 fastran_driver_fastran_driver_2 DEBUG    _get_service_response(REQUEST|fastran_FPP_000001@fastran_driver@2|FRAMEWORK@Framework@0|18), response = ServiceResponseMessage(sender_id=FRAMEWORK@Framework@0, receiver_id=fastran_FPP_000001@fastran_driver@2, request_msg_id=REQUEST|fastran_FPP_000001@fastran_driver@2|FRAMEWORK@Framework@0|18,status=0, args=(None,), message_id=RESPONSE|FRAMEWORK@Framework@0|fastran_FPP_000001@fastran_driver@2|43)
2025-08-19 09:58:39,531 fastran_driver_fastran_driver_2 DEBUG    _invoke_service(): init_call  ('init', '0')
2025-08-19 09:58:39,531 fastran_driver_fastran_driver_2 DEBUG    _get_service_response(REQUEST|fastran_FPP_000001@fastran_driver@2|FRAMEWORK@Framework@0|19)
2025-08-19 09:58:39,532 fastran_tr0_fastran_4 DEBUG    Received Message 
2025-08-19 09:58:39,533 fastran_tr0_fastran_4 DEBUG    Calling method init(0)
2025-08-19 09:58:39,543 fastran_driver_fastran_driver_2 DEBUG    _get_service_response(REQUEST|fastran_FPP_000001@fastran_driver@2|FRAMEWORK@Framework@0|19), response = ServiceResponseMessage(sender_id=FRAMEWORK@Framework@0, receiver_id=fastran_FPP_000001@fastran_driver@2, request_msg_id=REQUEST|fastran_FPP_000001@fastran_driver@2|FRAMEWORK@Framework@0|19,status=0, args=(12,), message_id=RESPONSE|FRAMEWORK@Framework@0|fastran_FPP_000001@fastran_driver@2|44)
2025-08-19 09:58:39,543 fastran_driver_fastran_driver_2 DEBUG    _invoke_service(): wait_call  (12, True)
2025-08-19 09:58:39,543 fastran_driver_fastran_driver_2 DEBUG    _get_service_response(REQUEST|fastran_FPP_000001@fastran_driver@2|FRAMEWORK@Framework@0|20)
2025-08-19 09:58:39,554 fastran_driver_fastran_driver_2 DEBUG    _get_service_response(REQUEST|fastran_FPP_000001@fastran_driver@2|FRAMEWORK@Framework@0|20), response = ServiceResponseMessage(sender_id=FRAMEWORK@Framework@0, receiver_id=fastran_FPP_000001@fastran_driver@2, request_msg_id=REQUEST|fastran_FPP_000001@fastran_driver@2|FRAMEWORK@Framework@0|20,status=0, args=((None,),), message_id=RESPONSE|FRAMEWORK@Framework@0|fastran_FPP_000001@fastran_driver@2|45)
2025-08-19 09:58:39,554 fastran_driver_fastran_driver_2 DEBUG    _invoke_service(): getTopic  ('_IPS_MONITOR',)
2025-08-19 09:58:39,554 fastran_driver_fastran_driver_2 DEBUG    _get_service_response(REQUEST|fastran_FPP_000001@fastran_driver@2|FRAMEWORK@Framework@0|21)
2025-08-19 09:58:39,565 fastran_driver_fastran_driver_2 DEBUG    _get_service_response(REQUEST|fastran_FPP_000001@fastran_driver@2|FRAMEWORK@Framework@0|21), response = ServiceResponseMessage(sender_id=FRAMEWORK@Framework@0, receiver_id=fastran_FPP_000001@fastran_driver@2, request_msg_id=REQUEST|fastran_FPP_000001@fastran_driver@2|FRAMEWORK@Framework@0|21,status=0, args=(<ipsframework.cca_es_spec.Topic object at 0x7f3a44a202e0>,), message_id=RESPONSE|FRAMEWORK@Framework@0|fastran_FPP_000001@fastran_driver@2|46)
2025-08-19 09:58:39,565 fastran_driver_fastran_driver_2 DEBUG    _invoke_service(): sendEvent  ('_IPS_MONITOR', 'PORTAL_EVENT', {'sim_name': 'fastran_FPP_000001', 'real_sim_name': 'fastran_FPP_000001', 'portal_data': {'code': 'fastran_driver_fastran_driver', 'eventtype': 'IPS_CALL_END', 'ok': True, 'walltime': '7.43', 'time': '2025-08-19|09:58:39PDT', 'trace': {'timestamp': 1755622719543109, 'duration': 11013, 'localEndpoint': {'serviceName': 'fastran_FPP_000001@fastran@4'}, 'name': 'init(0)', 'id': '2dfda25fbdd3f2fb', 'parentId': 'f899e3e5886669ce', 'tags': {}}, 'state': 'Running', 'comment': 'Target = fastran_FPP_000001@fastran@4:init(0)'}})
2025-08-19 09:58:39,565 fastran_driver_fastran_driver_2 DEBUG    _get_service_response(REQUEST|fastran_FPP_000001@fastran_driver@2|FRAMEWORK@Framework@0|22)
2025-08-19 09:58:39,576 fastran_driver_fastran_driver_2 DEBUG    _get_service_response(REQUEST|fastran_FPP_000001@fastran_driver@2|FRAMEWORK@Framework@0|22), response = ServiceResponseMessage(sender_id=FRAMEWORK@Framework@0, receiver_id=fastran_FPP_000001@fastran_driver@2, request_msg_id=REQUEST|fastran_FPP_000001@fastran_driver@2|FRAMEWORK@Framework@0|22,status=0, args=(None,), message_id=RESPONSE|FRAMEWORK@Framework@0|fastran_FPP_000001@fastran_driver@2|47)
2025-08-19 09:58:39,576 fastran_driver_fastran_driver_2 DEBUG    _invoke_service(): getTopic  ('_IPS_MONITOR',)
2025-08-19 09:58:39,576 fastran_driver_fastran_driver_2 DEBUG    _get_service_response(REQUEST|fastran_FPP_000001@fastran_driver@2|FRAMEWORK@Framework@0|23)
2025-08-19 09:58:39,587 fastran_driver_fastran_driver_2 DEBUG    _get_service_response(REQUEST|fastran_FPP_000001@fastran_driver@2|FRAMEWORK@Framework@0|23), response = ServiceResponseMessage(sender_id=FRAMEWORK@Framework@0, receiver_id=fastran_FPP_000001@fastran_driver@2, request_msg_id=REQUEST|fastran_FPP_000001@fastran_driver@2|FRAMEWORK@Framework@0|23,status=0, args=(<ipsframework.cca_es_spec.Topic object at 0x7f3a44a20280>,), message_id=RESPONSE|FRAMEWORK@Framework@0|fastran_FPP_000001@fastran_driver@2|48)
2025-08-19 09:58:39,587 fastran_driver_fastran_driver_2 DEBUG    _invoke_service(): sendEvent  ('_IPS_MONITOR', 'PORTAL_EVENT', {'sim_name': 'fastran_FPP_000001', 'real_sim_name': 'fastran_FPP_000001', 'portal_data': {'code': 'fastran_driver_fastran_driver', 'eventtype': 'IPS_CALL_BEGIN', 'ok': True, 'walltime': '7.45', 'time': '2025-08-19|09:58:39PDT', 'state': 'Running', 'comment': 'Target = fastran_FPP_000001@toric@5:init(0)'}})
2025-08-19 09:58:39,587 fastran_driver_fastran_driver_2 DEBUG    _get_service_response(REQUEST|fastran_FPP_000001@fastran_driver@2|FRAMEWORK@Framework@0|24)
2025-08-19 09:58:39,598 fastran_driver_fastran_driver_2 DEBUG    _get_service_response(REQUEST|fastran_FPP_000001@fastran_driver@2|FRAMEWORK@Framework@0|24), response = ServiceResponseMessage(sender_id=FRAMEWORK@Framework@0, receiver_id=fastran_FPP_000001@fastran_driver@2, request_msg_id=REQUEST|fastran_FPP_000001@fastran_driver@2|FRAMEWORK@Framework@0|24,status=0, args=(None,), message_id=RESPONSE|FRAMEWORK@Framework@0|fastran_FPP_000001@fastran_driver@2|49)
2025-08-19 09:58:39,598 fastran_driver_fastran_driver_2 DEBUG    _invoke_service(): init_call  ('init', '0')
2025-08-19 09:58:39,598 fastran_driver_fastran_driver_2 DEBUG    _get_service_response(REQUEST|fastran_FPP_000001@fastran_driver@2|FRAMEWORK@Framework@0|25)
2025-08-19 09:58:39,599 rf_ic_toric_5   DEBUG    Received Message 
2025-08-19 09:58:39,600 rf_ic_toric_5   DEBUG    Calling method init(0)
2025-08-19 09:58:39,600 rf_ic_toric_5   DEBUG    _invoke_service(): stage_state  (['s000001.00001', 'g000001.00001'], '/pscratch/sd/h/hswils/github_repos/MANTA_DBSCANS/basecase/SCAN/work/plasma_state', '/pscratch/sd/h/hswils/github_repos/MANTA_DBSCANS/basecase/SCAN/work/rf_ic_toric_5')
2025-08-19 09:58:39,600 rf_ic_toric_5   DEBUG    _get_service_response(REQUEST|fastran_FPP_000001@toric@5|FRAMEWORK@Framework@0|0)
2025-08-19 09:58:39,609 fastran_driver_fastran_driver_2 DEBUG    _get_service_response(REQUEST|fastran_FPP_000001@fastran_driver@2|FRAMEWORK@Framework@0|25), response = ServiceResponseMessage(sender_id=FRAMEWORK@Framework@0, receiver_id=fastran_FPP_000001@fastran_driver@2, request_msg_id=REQUEST|fastran_FPP_000001@fastran_driver@2|FRAMEWORK@Framework@0|25,status=0, args=(13,), message_id=RESPONSE|FRAMEWORK@Framework@0|fastran_FPP_000001@fastran_driver@2|50)
2025-08-19 09:58:39,610 fastran_driver_fastran_driver_2 DEBUG    _invoke_service(): wait_call  (13, True)
2025-08-19 09:58:39,610 fastran_driver_fastran_driver_2 DEBUG    _get_service_response(REQUEST|fastran_FPP_000001@fastran_driver@2|FRAMEWORK@Framework@0|26)
2025-08-19 09:58:39,620 rf_ic_toric_5   DEBUG    _get_service_response(REQUEST|fastran_FPP_000001@toric@5|FRAMEWORK@Framework@0|0), response = ServiceResponseMessage(sender_id=FRAMEWORK@Framework@0, receiver_id=fastran_FPP_000001@toric@5, request_msg_id=REQUEST|fastran_FPP_000001@toric@5|FRAMEWORK@Framework@0|0,status=0, args=(0,), message_id=RESPONSE|FRAMEWORK@Framework@0|fastran_FPP_000001@toric@5|51)
2025-08-19 09:58:39,621 rf_ic_toric_5   DEBUG    _invoke_service(): getTopic  ('_IPS_MONITOR',)
2025-08-19 09:58:39,621 rf_ic_toric_5   DEBUG    _get_service_response(REQUEST|fastran_FPP_000001@toric@5|FRAMEWORK@Framework@0|1)
2025-08-19 09:58:39,632 rf_ic_toric_5   DEBUG    _get_service_response(REQUEST|fastran_FPP_000001@toric@5|FRAMEWORK@Framework@0|1), response = ServiceResponseMessage(sender_id=FRAMEWORK@Framework@0, receiver_id=fastran_FPP_000001@toric@5, request_msg_id=REQUEST|fastran_FPP_000001@toric@5|FRAMEWORK@Framework@0|1,status=0, args=(<ipsframework.cca_es_spec.Topic object at 0x7f3a449b7f40>,), message_id=RESPONSE|FRAMEWORK@Framework@0|fastran_FPP_000001@toric@5|52)
2025-08-19 09:58:39,632 rf_ic_toric_5   DEBUG    _invoke_service(): sendEvent  ('_IPS_MONITOR', 'PORTAL_EVENT', {'sim_name': 'fastran_FPP_000001', 'real_sim_name': 'fastran_FPP_000001', 'portal_data': {'code': 'rf_ic_toric', 'eventtype': 'IPS_STAGE_STATE', 'ok': True, 'walltime': '7.50', 'time': '2025-08-19|09:58:39PDT', 'trace': {'timestamp': 1755622719600310, 'duration': 20836, 'localEndpoint': {'serviceName': 'stage_state'}, 'name': "['s000001.00001', 'g000001.00001']", 'id': '32793a28c0f8ba4b', 'parentId': '133476eb7f1f8b1b', 'tags': {}}, 'state': 'Running', 'comment': 'Elapsed time = 0.021  files = s000001.00001 g000001.00001 Success'}})
2025-08-19 09:58:39,632 rf_ic_toric_5   DEBUG    _get_service_response(REQUEST|fastran_FPP_000001@toric@5|FRAMEWORK@Framework@0|2)
2025-08-19 09:58:39,643 rf_ic_toric_5   DEBUG    _get_service_response(REQUEST|fastran_FPP_000001@toric@5|FRAMEWORK@Framework@0|2), response = ServiceResponseMessage(sender_id=FRAMEWORK@Framework@0, receiver_id=fastran_FPP_000001@toric@5, request_msg_id=REQUEST|fastran_FPP_000001@toric@5|FRAMEWORK@Framework@0|2,status=0, args=(None,), message_id=RESPONSE|FRAMEWORK@Framework@0|fastran_FPP_000001@toric@5|53)
2025-08-19 09:58:39,657 rf_ic_toric_5   DEBUG    _invoke_service(): getTopic  ('_IPS_MONITOR',)
2025-08-19 09:58:39,657 rf_ic_toric_5   DEBUG    _get_service_response(REQUEST|fastran_FPP_000001@toric@5|FRAMEWORK@Framework@0|3)
2025-08-19 09:58:39,667 rf_ic_toric_5   DEBUG    _get_service_response(REQUEST|fastran_FPP_000001@toric@5|FRAMEWORK@Framework@0|3), response = ServiceResponseMessage(sender_id=FRAMEWORK@Framework@0, receiver_id=fastran_FPP_000001@toric@5, request_msg_id=REQUEST|fastran_FPP_000001@toric@5|FRAMEWORK@Framework@0|3,status=0, args=(<ipsframework.cca_es_spec.Topic object at 0x7f3a449b7f70>,), message_id=RESPONSE|FRAMEWORK@Framework@0|fastran_FPP_000001@toric@5|54)
2025-08-19 09:58:39,667 rf_ic_toric_5   DEBUG    _invoke_service(): sendEvent  ('_IPS_MONITOR', 'PORTAL_EVENT', {'sim_name': 'fastran_FPP_000001', 'real_sim_name': 'fastran_FPP_000001', 'portal_data': {'code': 'rf_ic_toric', 'eventtype': 'IPS_STAGE_INPUTS', 'ok': True, 'walltime': '7.54', 'time': '2025-08-19|09:58:39PDT', 'trace': {'timestamp': 1755622719643455, 'duration': 13518, 'localEndpoint': {'serviceName': 'stage_input_files'}, 'name': 'machine.inp equigs_gen.ind torica.inp', 'id': 'b108389cfa22cdf4', 'parentId': '133476eb7f1f8b1b', 'tags': {}}, 'state': 'Running', 'comment': 'Elapsed time = 0.014 Path = /pscratch/sd/h/hswils/github_repos/MANTA_DBSCANS/basecase/input Files = machine.inp equigs_gen.ind torica.inp'}})
2025-08-19 09:58:39,667 rf_ic_toric_5   DEBUG    _get_service_response(REQUEST|fastran_FPP_000001@toric@5|FRAMEWORK@Framework@0|4)
2025-08-19 09:58:39,678 rf_ic_toric_5   DEBUG    _get_service_response(REQUEST|fastran_FPP_000001@toric@5|FRAMEWORK@Framework@0|4), response = ServiceResponseMessage(sender_id=FRAMEWORK@Framework@0, receiver_id=fastran_FPP_000001@toric@5, request_msg_id=REQUEST|fastran_FPP_000001@toric@5|FRAMEWORK@Framework@0|4,status=0, args=(None,), message_id=RESPONSE|FRAMEWORK@Framework@0|fastran_FPP_000001@toric@5|55)
2025-08-19 09:58:39,678 rf_ic_toric_5   DEBUG    _invoke_service(): update_state  (['s000001.00001', 'g000001.00001'], '/pscratch/sd/h/hswils/github_repos/MANTA_DBSCANS/basecase/SCAN/work/rf_ic_toric_5', '/pscratch/sd/h/hswils/github_repos/MANTA_DBSCANS/basecase/SCAN/work/plasma_state')
2025-08-19 09:58:39,678 rf_ic_toric_5   DEBUG    _get_service_response(REQUEST|fastran_FPP_000001@toric@5|FRAMEWORK@Framework@0|5)
2025-08-19 09:58:39,697 rf_ic_toric_5   DEBUG    _get_service_response(REQUEST|fastran_FPP_000001@toric@5|FRAMEWORK@Framework@0|5), response = ServiceResponseMessage(sender_id=FRAMEWORK@Framework@0, receiver_id=fastran_FPP_000001@toric@5, request_msg_id=REQUEST|fastran_FPP_000001@toric@5|FRAMEWORK@Framework@0|5,status=0, args=(0,), message_id=RESPONSE|FRAMEWORK@Framework@0|fastran_FPP_000001@toric@5|56)
2025-08-19 09:58:39,698 rf_ic_toric_5   DEBUG    _invoke_service(): getTopic  ('_IPS_MONITOR',)
2025-08-19 09:58:39,698 rf_ic_toric_5   DEBUG    _get_service_response(REQUEST|fastran_FPP_000001@toric@5|FRAMEWORK@Framework@0|6)
2025-08-19 09:58:39,708 rf_ic_toric_5   DEBUG    _get_service_response(REQUEST|fastran_FPP_000001@toric@5|FRAMEWORK@Framework@0|6), response = ServiceResponseMessage(sender_id=FRAMEWORK@Framework@0, receiver_id=fastran_FPP_000001@toric@5, request_msg_id=REQUEST|fastran_FPP_000001@toric@5|FRAMEWORK@Framework@0|6,status=0, args=(<ipsframework.cca_es_spec.Topic object at 0x7f3a449c40a0>,), message_id=RESPONSE|FRAMEWORK@Framework@0|fastran_FPP_000001@toric@5|57)
2025-08-19 09:58:39,708 rf_ic_toric_5   DEBUG    _invoke_service(): sendEvent  ('_IPS_MONITOR', 'PORTAL_EVENT', {'sim_name': 'fastran_FPP_000001', 'real_sim_name': 'fastran_FPP_000001', 'portal_data': {'code': 'rf_ic_toric', 'eventtype': 'IPS_UPDATE_STATE', 'ok': True, 'walltime': '7.58', 'time': '2025-08-19|09:58:39PDT', 'trace': {'timestamp': 1755622719678607, 'duration': 19368, 'localEndpoint': {'serviceName': 'update_state'}, 'name': "['s000001.00001', 'g000001.00001']", 'id': 'd2ceaa619acd7d5c', 'parentId': '133476eb7f1f8b1b', 'tags': {}}, 'state': 'Running', 'comment': 'Elapsed time = 0.019   files = s000001.00001 g000001.00001 Success'}})
2025-08-19 09:58:39,708 rf_ic_toric_5   DEBUG    _get_service_response(REQUEST|fastran_FPP_000001@toric@5|FRAMEWORK@Framework@0|7)
2025-08-19 09:58:39,719 rf_ic_toric_5   DEBUG    _get_service_response(REQUEST|fastran_FPP_000001@toric@5|FRAMEWORK@Framework@0|7), response = ServiceResponseMessage(sender_id=FRAMEWORK@Framework@0, receiver_id=fastran_FPP_000001@toric@5, request_msg_id=REQUEST|fastran_FPP_000001@toric@5|FRAMEWORK@Framework@0|7,status=0, args=(None,), message_id=RESPONSE|FRAMEWORK@Framework@0|fastran_FPP_000001@toric@5|58)
2025-08-19 09:58:39,965 rf_ic_toric_5   DEBUG    _invoke_service(): getTopic  ('_IPS_MONITOR',)
2025-08-19 09:58:39,965 rf_ic_toric_5   DEBUG    _get_service_response(REQUEST|fastran_FPP_000001@toric@5|FRAMEWORK@Framework@0|8)
2025-08-19 09:58:39,976 rf_ic_toric_5   DEBUG    _get_service_response(REQUEST|fastran_FPP_000001@toric@5|FRAMEWORK@Framework@0|8), response = ServiceResponseMessage(sender_id=FRAMEWORK@Framework@0, receiver_id=fastran_FPP_000001@toric@5, request_msg_id=REQUEST|fastran_FPP_000001@toric@5|FRAMEWORK@Framework@0|8,status=0, args=(<ipsframework.cca_es_spec.Topic object at 0x7f3a449c5190>,), message_id=RESPONSE|FRAMEWORK@Framework@0|fastran_FPP_000001@toric@5|60)
2025-08-19 09:58:39,976 rf_ic_toric_5   DEBUG    _invoke_service(): sendEvent  ('_IPS_MONITOR', 'PORTAL_EVENT', {'sim_name': 'fastran_FPP_000001', 'real_sim_name': 'fastran_FPP_000001', 'portal_data': {'code': 'rf_ic_toric', 'eventtype': 'IPS_STAGE_OUTPUTS', 'ok': True, 'walltime': '7.84', 'time': '2025-08-19|09:58:39PDT', 'trace': {'timestamp': 1755622719939667, 'duration': 25571, 'localEndpoint': {'serviceName': 'stage_output_files'}, 'name': "['torica.inp', 'machine.inp', 'log.toric', 'toric.nc', 'profstat.dat', 'equigs.data', 'equidt.data', 'toric_cfg.nc']", 'id': '749f5c33ef51fb56', 'parentId': '133476eb7f1f8b1b', 'tags': {}}, 'state': 'Running', 'comment': "Elapsed time = 0.026 Path = /pscratch/sd/h/hswils/github_repos/MANTA_DBSCANS/basecase/SCAN/simulation_results/0/components/rf_ic_toric_5 Files = ['torica.inp', 'machine.inp', 'log.toric', 'toric.nc', 'profstat.dat', 'equigs.data', 'equidt.data', 'toric_cfg.nc']"}})
2025-08-19 09:58:39,976 rf_ic_toric_5   DEBUG    _get_service_response(REQUEST|fastran_FPP_000001@toric@5|FRAMEWORK@Framework@0|9)
2025-08-19 09:58:39,987 rf_ic_toric_5   DEBUG    _get_service_response(REQUEST|fastran_FPP_000001@toric@5|FRAMEWORK@Framework@0|9), response = ServiceResponseMessage(sender_id=FRAMEWORK@Framework@0, receiver_id=fastran_FPP_000001@toric@5, request_msg_id=REQUEST|fastran_FPP_000001@toric@5|FRAMEWORK@Framework@0|9,status=0, args=(None,), message_id=RESPONSE|FRAMEWORK@Framework@0|fastran_FPP_000001@toric@5|61)
2025-08-19 09:58:39,998 fastran_driver_fastran_driver_2 DEBUG    _get_service_response(REQUEST|fastran_FPP_000001@fastran_driver@2|FRAMEWORK@Framework@0|26), response = ServiceResponseMessage(sender_id=FRAMEWORK@Framework@0, receiver_id=fastran_FPP_000001@fastran_driver@2, request_msg_id=REQUEST|fastran_FPP_000001@fastran_driver@2|FRAMEWORK@Framework@0|26,status=0, args=((0,),), message_id=RESPONSE|FRAMEWORK@Framework@0|fastran_FPP_000001@fastran_driver@2|62)
2025-08-19 09:58:39,998 fastran_driver_fastran_driver_2 DEBUG    _invoke_service(): getTopic  ('_IPS_MONITOR',)
2025-08-19 09:58:39,998 fastran_driver_fastran_driver_2 DEBUG    _get_service_response(REQUEST|fastran_FPP_000001@fastran_driver@2|FRAMEWORK@Framework@0|27)
2025-08-19 09:58:40,009 fastran_driver_fastran_driver_2 DEBUG    _get_service_response(REQUEST|fastran_FPP_000001@fastran_driver@2|FRAMEWORK@Framework@0|27), response = ServiceResponseMessage(sender_id=FRAMEWORK@Framework@0, receiver_id=fastran_FPP_000001@fastran_driver@2, request_msg_id=REQUEST|fastran_FPP_000001@fastran_driver@2|FRAMEWORK@Framework@0|27,status=0, args=(<ipsframework.cca_es_spec.Topic object at 0x7f3a44a202e0>,), message_id=RESPONSE|FRAMEWORK@Framework@0|fastran_FPP_000001@fastran_driver@2|63)
2025-08-19 09:58:40,009 fastran_driver_fastran_driver_2 DEBUG    _invoke_service(): sendEvent  ('_IPS_MONITOR', 'PORTAL_EVENT', {'sim_name': 'fastran_FPP_000001', 'real_sim_name': 'fastran_FPP_000001', 'portal_data': {'code': 'fastran_driver_fastran_driver', 'eventtype': 'IPS_CALL_END', 'ok': True, 'walltime': '7.88', 'time': '2025-08-19|09:58:39PDT', 'trace': {'timestamp': 1755622719610035, 'duration': 388709, 'localEndpoint': {'serviceName': 'fastran_FPP_000001@toric@5'}, 'name': 'init(0)', 'id': '133476eb7f1f8b1b', 'parentId': 'f899e3e5886669ce', 'tags': {}}, 'state': 'Running', 'comment': 'Target = fastran_FPP_000001@toric@5:init(0)'}})
2025-08-19 09:58:40,009 fastran_driver_fastran_driver_2 DEBUG    _get_service_response(REQUEST|fastran_FPP_000001@fastran_driver@2|FRAMEWORK@Framework@0|28)
2025-08-19 09:58:40,020 fastran_driver_fastran_driver_2 DEBUG    _get_service_response(REQUEST|fastran_FPP_000001@fastran_driver@2|FRAMEWORK@Framework@0|28), response = ServiceResponseMessage(sender_id=FRAMEWORK@Framework@0, receiver_id=fastran_FPP_000001@fastran_driver@2, request_msg_id=REQUEST|fastran_FPP_000001@fastran_driver@2|FRAMEWORK@Framework@0|28,status=0, args=(None,), message_id=RESPONSE|FRAMEWORK@Framework@0|fastran_FPP_000001@fastran_driver@2|64)
2025-08-19 09:58:40,021 fastran_driver_fastran_driver_2 DEBUG    _invoke_service(): getTopic  ('_IPS_MONITOR',)
2025-08-19 09:58:40,021 fastran_driver_fastran_driver_2 DEBUG    _get_service_response(REQUEST|fastran_FPP_000001@fastran_driver@2|FRAMEWORK@Framework@0|29)
2025-08-19 09:58:40,032 fastran_driver_fastran_driver_2 DEBUG    _get_service_response(REQUEST|fastran_FPP_000001@fastran_driver@2|FRAMEWORK@Framework@0|29), response = ServiceResponseMessage(sender_id=FRAMEWORK@Framework@0, receiver_id=fastran_FPP_000001@fastran_driver@2, request_msg_id=REQUEST|fastran_FPP_000001@fastran_driver@2|FRAMEWORK@Framework@0|29,status=0, args=(<ipsframework.cca_es_spec.Topic object at 0x7f3a44a20340>,), message_id=RESPONSE|FRAMEWORK@Framework@0|fastran_FPP_000001@fastran_driver@2|65)
2025-08-19 09:58:40,032 fastran_driver_fastran_driver_2 DEBUG    _invoke_service(): sendEvent  ('_IPS_MONITOR', 'PORTAL_EVENT', {'sim_name': 'fastran_FPP_000001', 'real_sim_name': 'fastran_FPP_000001', 'portal_data': {'code': 'fastran_driver_fastran_driver', 'eventtype': 'IPS_CALL_BEGIN', 'ok': True, 'walltime': '7.90', 'time': '2025-08-19|09:58:40PDT', 'state': 'Running', 'comment': 'Target = fastran_FPP_000001@efit@6:init(0)'}})
2025-08-19 09:58:40,032 fastran_driver_fastran_driver_2 DEBUG    _get_service_response(REQUEST|fastran_FPP_000001@fastran_driver@2|FRAMEWORK@Framework@0|30)
2025-08-19 09:58:40,043 fastran_driver_fastran_driver_2 DEBUG    _get_service_response(REQUEST|fastran_FPP_000001@fastran_driver@2|FRAMEWORK@Framework@0|30), response = ServiceResponseMessage(sender_id=FRAMEWORK@Framework@0, receiver_id=fastran_FPP_000001@fastran_driver@2, request_msg_id=REQUEST|fastran_FPP_000001@fastran_driver@2|FRAMEWORK@Framework@0|30,status=0, args=(None,), message_id=RESPONSE|FRAMEWORK@Framework@0|fastran_FPP_000001@fastran_driver@2|66)
2025-08-19 09:58:40,043 fastran_driver_fastran_driver_2 DEBUG    _invoke_service(): init_call  ('init', '0')
2025-08-19 09:58:40,043 fastran_driver_fastran_driver_2 DEBUG    _get_service_response(REQUEST|fastran_FPP_000001@fastran_driver@2|FRAMEWORK@Framework@0|31)
2025-08-19 09:58:40,044 fastran_eq_efit_6 DEBUG    Received Message 
2025-08-19 09:58:40,044 fastran_eq_efit_6 DEBUG    Calling method init(0)
2025-08-19 09:58:40,054 fastran_driver_fastran_driver_2 DEBUG    _get_service_response(REQUEST|fastran_FPP_000001@fastran_driver@2|FRAMEWORK@Framework@0|31), response = ServiceResponseMessage(sender_id=FRAMEWORK@Framework@0, receiver_id=fastran_FPP_000001@fastran_driver@2, request_msg_id=REQUEST|fastran_FPP_000001@fastran_driver@2|FRAMEWORK@Framework@0|31,status=0, args=(14,), message_id=RESPONSE|FRAMEWORK@Framework@0|fastran_FPP_000001@fastran_driver@2|67)
2025-08-19 09:58:40,054 fastran_driver_fastran_driver_2 DEBUG    _invoke_service(): wait_call  (14, True)
2025-08-19 09:58:40,054 fastran_driver_fastran_driver_2 DEBUG    _get_service_response(REQUEST|fastran_FPP_000001@fastran_driver@2|FRAMEWORK@Framework@0|32)
2025-08-19 09:58:40,065 fastran_driver_fastran_driver_2 DEBUG    _get_service_response(REQUEST|fastran_FPP_000001@fastran_driver@2|FRAMEWORK@Framework@0|32), response = ServiceResponseMessage(sender_id=FRAMEWORK@Framework@0, receiver_id=fastran_FPP_000001@fastran_driver@2, request_msg_id=REQUEST|fastran_FPP_000001@fastran_driver@2|FRAMEWORK@Framework@0|32,status=0, args=((None,),), message_id=RESPONSE|FRAMEWORK@Framework@0|fastran_FPP_000001@fastran_driver@2|68)
2025-08-19 09:58:40,065 fastran_driver_fastran_driver_2 DEBUG    _invoke_service(): getTopic  ('_IPS_MONITOR',)
2025-08-19 09:58:40,065 fastran_driver_fastran_driver_2 DEBUG    _get_service_response(REQUEST|fastran_FPP_000001@fastran_driver@2|FRAMEWORK@Framework@0|33)
2025-08-19 09:58:40,076 fastran_driver_fastran_driver_2 DEBUG    _get_service_response(REQUEST|fastran_FPP_000001@fastran_driver@2|FRAMEWORK@Framework@0|33), response = ServiceResponseMessage(sender_id=FRAMEWORK@Framework@0, receiver_id=fastran_FPP_000001@fastran_driver@2, request_msg_id=REQUEST|fastran_FPP_000001@fastran_driver@2|FRAMEWORK@Framework@0|33,status=0, args=(<ipsframework.cca_es_spec.Topic object at 0x7f3a44a202e0>,), message_id=RESPONSE|FRAMEWORK@Framework@0|fastran_FPP_000001@fastran_driver@2|69)
2025-08-19 09:58:40,076 fastran_driver_fastran_driver_2 DEBUG    _invoke_service(): sendEvent  ('_IPS_MONITOR', 'PORTAL_EVENT', {'sim_name': 'fastran_FPP_000001', 'real_sim_name': 'fastran_FPP_000001', 'portal_data': {'code': 'fastran_driver_fastran_driver', 'eventtype': 'IPS_CALL_END', 'ok': True, 'walltime': '7.94', 'time': '2025-08-19|09:58:40PDT', 'trace': {'timestamp': 1755622720054757, 'duration': 10944, 'localEndpoint': {'serviceName': 'fastran_FPP_000001@efit@6'}, 'name': 'init(0)', 'id': '96be875be0c44841', 'parentId': 'f899e3e5886669ce', 'tags': {}}, 'state': 'Running', 'comment': 'Target = fastran_FPP_000001@efit@6:init(0)'}})
2025-08-19 09:58:40,076 fastran_driver_fastran_driver_2 DEBUG    _get_service_response(REQUEST|fastran_FPP_000001@fastran_driver@2|FRAMEWORK@Framework@0|34)
2025-08-19 09:58:40,087 fastran_driver_fastran_driver_2 DEBUG    _get_service_response(REQUEST|fastran_FPP_000001@fastran_driver@2|FRAMEWORK@Framework@0|34), response = ServiceResponseMessage(sender_id=FRAMEWORK@Framework@0, receiver_id=fastran_FPP_000001@fastran_driver@2, request_msg_id=REQUEST|fastran_FPP_000001@fastran_driver@2|FRAMEWORK@Framework@0|34,status=0, args=(None,), message_id=RESPONSE|FRAMEWORK@Framework@0|fastran_FPP_000001@fastran_driver@2|70)
2025-08-19 09:58:40,087 fastran_driver_fastran_driver_2 DEBUG    _invoke_service(): getTopic  ('_IPS_MONITOR',)
2025-08-19 09:58:40,088 fastran_driver_fastran_driver_2 DEBUG    _get_service_response(REQUEST|fastran_FPP_000001@fastran_driver@2|FRAMEWORK@Framework@0|35)
2025-08-19 09:58:40,098 fastran_driver_fastran_driver_2 DEBUG    _get_service_response(REQUEST|fastran_FPP_000001@fastran_driver@2|FRAMEWORK@Framework@0|35), response = ServiceResponseMessage(sender_id=FRAMEWORK@Framework@0, receiver_id=fastran_FPP_000001@fastran_driver@2, request_msg_id=REQUEST|fastran_FPP_000001@fastran_driver@2|FRAMEWORK@Framework@0|35,status=0, args=(<ipsframework.cca_es_spec.Topic object at 0x7f3a44a205b0>,), message_id=RESPONSE|FRAMEWORK@Framework@0|fastran_FPP_000001@fastran_driver@2|71)
2025-08-19 09:58:40,099 fastran_driver_fastran_driver_2 DEBUG    _invoke_service(): sendEvent  ('_IPS_MONITOR', 'PORTAL_EVENT', {'sim_name': 'fastran_FPP_000001', 'real_sim_name': 'fastran_FPP_000001', 'portal_data': {'code': 'fastran_driver_fastran_driver', 'eventtype': 'IPS_CALL_BEGIN', 'ok': True, 'walltime': '7.97', 'time': '2025-08-19|09:58:40PDT', 'state': 'Running', 'comment': 'Target = fastran_FPP_000001@fastran@7:init(0)'}})
2025-08-19 09:58:40,099 fastran_driver_fastran_driver_2 DEBUG    _get_service_response(REQUEST|fastran_FPP_000001@fastran_driver@2|FRAMEWORK@Framework@0|36)
2025-08-19 09:58:40,109 fastran_driver_fastran_driver_2 DEBUG    _get_service_response(REQUEST|fastran_FPP_000001@fastran_driver@2|FRAMEWORK@Framework@0|36), response = ServiceResponseMessage(sender_id=FRAMEWORK@Framework@0, receiver_id=fastran_FPP_000001@fastran_driver@2, request_msg_id=REQUEST|fastran_FPP_000001@fastran_driver@2|FRAMEWORK@Framework@0|36,status=0, args=(None,), message_id=RESPONSE|FRAMEWORK@Framework@0|fastran_FPP_000001@fastran_driver@2|72)
2025-08-19 09:58:40,110 fastran_driver_fastran_driver_2 DEBUG    _invoke_service(): init_call  ('init', '0')
2025-08-19 09:58:40,110 fastran_driver_fastran_driver_2 DEBUG    _get_service_response(REQUEST|fastran_FPP_000001@fastran_driver@2|FRAMEWORK@Framework@0|37)
2025-08-19 09:58:40,111 fastran_tr_fastran_7 DEBUG    Received Message 
2025-08-19 09:58:40,111 fastran_tr_fastran_7 DEBUG    Calling method init(0)
2025-08-19 09:58:40,121 fastran_driver_fastran_driver_2 DEBUG    _get_service_response(REQUEST|fastran_FPP_000001@fastran_driver@2|FRAMEWORK@Framework@0|37), response = ServiceResponseMessage(sender_id=FRAMEWORK@Framework@0, receiver_id=fastran_FPP_000001@fastran_driver@2, request_msg_id=REQUEST|fastran_FPP_000001@fastran_driver@2|FRAMEWORK@Framework@0|37,status=0, args=(15,), message_id=RESPONSE|FRAMEWORK@Framework@0|fastran_FPP_000001@fastran_driver@2|73)
2025-08-19 09:58:40,121 fastran_driver_fastran_driver_2 DEBUG    _invoke_service(): wait_call  (15, True)
2025-08-19 09:58:40,121 fastran_driver_fastran_driver_2 DEBUG    _get_service_response(REQUEST|fastran_FPP_000001@fastran_driver@2|FRAMEWORK@Framework@0|38)
2025-08-19 09:58:40,132 fastran_driver_fastran_driver_2 DEBUG    _get_service_response(REQUEST|fastran_FPP_000001@fastran_driver@2|FRAMEWORK@Framework@0|38), response = ServiceResponseMessage(sender_id=FRAMEWORK@Framework@0, receiver_id=fastran_FPP_000001@fastran_driver@2, request_msg_id=REQUEST|fastran_FPP_000001@fastran_driver@2|FRAMEWORK@Framework@0|38,status=0, args=((None,),), message_id=RESPONSE|FRAMEWORK@Framework@0|fastran_FPP_000001@fastran_driver@2|74)
2025-08-19 09:58:40,132 fastran_driver_fastran_driver_2 DEBUG    _invoke_service(): getTopic  ('_IPS_MONITOR',)
2025-08-19 09:58:40,132 fastran_driver_fastran_driver_2 DEBUG    _get_service_response(REQUEST|fastran_FPP_000001@fastran_driver@2|FRAMEWORK@Framework@0|39)
2025-08-19 09:58:40,143 fastran_driver_fastran_driver_2 DEBUG    _get_service_response(REQUEST|fastran_FPP_000001@fastran_driver@2|FRAMEWORK@Framework@0|39), response = ServiceResponseMessage(sender_id=FRAMEWORK@Framework@0, receiver_id=fastran_FPP_000001@fastran_driver@2, request_msg_id=REQUEST|fastran_FPP_000001@fastran_driver@2|FRAMEWORK@Framework@0|39,status=0, args=(<ipsframework.cca_es_spec.Topic object at 0x7f3a44a202e0>,), message_id=RESPONSE|FRAMEWORK@Framework@0|fastran_FPP_000001@fastran_driver@2|75)
2025-08-19 09:58:40,143 fastran_driver_fastran_driver_2 DEBUG    _invoke_service(): sendEvent  ('_IPS_MONITOR', 'PORTAL_EVENT', {'sim_name': 'fastran_FPP_000001', 'real_sim_name': 'fastran_FPP_000001', 'portal_data': {'code': 'fastran_driver_fastran_driver', 'eventtype': 'IPS_CALL_END', 'ok': True, 'walltime': '8.01', 'time': '2025-08-19|09:58:40PDT', 'trace': {'timestamp': 1755622720121591, 'duration': 11032, 'localEndpoint': {'serviceName': 'fastran_FPP_000001@fastran@7'}, 'name': 'init(0)', 'id': '3426007ad16ea1cb', 'parentId': 'f899e3e5886669ce', 'tags': {}}, 'state': 'Running', 'comment': 'Target = fastran_FPP_000001@fastran@7:init(0)'}})
2025-08-19 09:58:40,143 fastran_driver_fastran_driver_2 DEBUG    _get_service_response(REQUEST|fastran_FPP_000001@fastran_driver@2|FRAMEWORK@Framework@0|40)
2025-08-19 09:58:40,154 fastran_driver_fastran_driver_2 DEBUG    _get_service_response(REQUEST|fastran_FPP_000001@fastran_driver@2|FRAMEWORK@Framework@0|40), response = ServiceResponseMessage(sender_id=FRAMEWORK@Framework@0, receiver_id=fastran_FPP_000001@fastran_driver@2, request_msg_id=REQUEST|fastran_FPP_000001@fastran_driver@2|FRAMEWORK@Framework@0|40,status=0, args=(None,), message_id=RESPONSE|FRAMEWORK@Framework@0|fastran_FPP_000001@fastran_driver@2|76)
2025-08-19 09:58:40,155 fastran_driver_fastran_driver_2 DEBUG    _invoke_service(): stage_state  (['s000001.00001', 'g000001.00001', 'i000001.00001'], '/pscratch/sd/h/hswils/github_repos/MANTA_DBSCANS/basecase/SCAN/work/plasma_state', '/pscratch/sd/h/hswils/github_repos/MANTA_DBSCANS/basecase/SCAN/work/fastran_driver_fastran_driver_2')
2025-08-19 09:58:40,155 fastran_driver_fastran_driver_2 DEBUG    _get_service_response(REQUEST|fastran_FPP_000001@fastran_driver@2|FRAMEWORK@Framework@0|41)
2025-08-19 09:58:40,176 fastran_driver_fastran_driver_2 DEBUG    _get_service_response(REQUEST|fastran_FPP_000001@fastran_driver@2|FRAMEWORK@Framework@0|41), response = ServiceResponseMessage(sender_id=FRAMEWORK@Framework@0, receiver_id=fastran_FPP_000001@fastran_driver@2, request_msg_id=REQUEST|fastran_FPP_000001@fastran_driver@2|FRAMEWORK@Framework@0|41,status=0, args=(0,), message_id=RESPONSE|FRAMEWORK@Framework@0|fastran_FPP_000001@fastran_driver@2|77)
2025-08-19 09:58:40,176 fastran_driver_fastran_driver_2 DEBUG    _invoke_service(): getTopic  ('_IPS_MONITOR',)
2025-08-19 09:58:40,176 fastran_driver_fastran_driver_2 DEBUG    _get_service_response(REQUEST|fastran_FPP_000001@fastran_driver@2|FRAMEWORK@Framework@0|42)
2025-08-19 09:58:40,186 fastran_driver_fastran_driver_2 DEBUG    _get_service_response(REQUEST|fastran_FPP_000001@fastran_driver@2|FRAMEWORK@Framework@0|42), response = ServiceResponseMessage(sender_id=FRAMEWORK@Framework@0, receiver_id=fastran_FPP_000001@fastran_driver@2, request_msg_id=REQUEST|fastran_FPP_000001@fastran_driver@2|FRAMEWORK@Framework@0|42,status=0, args=(<ipsframework.cca_es_spec.Topic object at 0x7f3a44a20220>,), message_id=RESPONSE|FRAMEWORK@Framework@0|fastran_FPP_000001@fastran_driver@2|78)
2025-08-19 09:58:40,187 fastran_driver_fastran_driver_2 DEBUG    _invoke_service(): sendEvent  ('_IPS_MONITOR', 'PORTAL_EVENT', {'sim_name': 'fastran_FPP_000001', 'real_sim_name': 'fastran_FPP_000001', 'portal_data': {'code': 'fastran_driver_fastran_driver', 'eventtype': 'IPS_STAGE_STATE', 'ok': True, 'walltime': '8.05', 'time': '2025-08-19|09:58:40PDT', 'trace': {'timestamp': 1755622720154976, 'duration': 21379, 'localEndpoint': {'serviceName': 'stage_state'}, 'name': "['s000001.00001', 'g000001.00001', 'i000001.00001']", 'id': '71885aecf25d7412', 'parentId': 'f899e3e5886669ce', 'tags': {}}, 'state': 'Running', 'comment': 'Elapsed time = 0.021  files = s000001.00001 g000001.00001 i000001.00001 Success'}})
2025-08-19 09:58:40,187 fastran_driver_fastran_driver_2 DEBUG    _get_service_response(REQUEST|fastran_FPP_000001@fastran_driver@2|FRAMEWORK@Framework@0|43)
2025-08-19 09:58:40,197 fastran_driver_fastran_driver_2 DEBUG    _get_service_response(REQUEST|fastran_FPP_000001@fastran_driver@2|FRAMEWORK@Framework@0|43), response = ServiceResponseMessage(sender_id=FRAMEWORK@Framework@0, receiver_id=fastran_FPP_000001@fastran_driver@2, request_msg_id=REQUEST|fastran_FPP_000001@fastran_driver@2|FRAMEWORK@Framework@0|43,status=0, args=(None,), message_id=RESPONSE|FRAMEWORK@Framework@0|fastran_FPP_000001@fastran_driver@2|79)
2025-08-19 09:58:40,199 fastran_driver_fastran_driver_2 DEBUG    _invoke_service(): getTopic  ('_IPS_MONITOR',)
2025-08-19 09:58:40,199 fastran_driver_fastran_driver_2 DEBUG    _get_service_response(REQUEST|fastran_FPP_000001@fastran_driver@2|FRAMEWORK@Framework@0|44)
2025-08-19 09:58:40,210 fastran_driver_fastran_driver_2 DEBUG    _get_service_response(REQUEST|fastran_FPP_000001@fastran_driver@2|FRAMEWORK@Framework@0|44), response = ServiceResponseMessage(sender_id=FRAMEWORK@Framework@0, receiver_id=fastran_FPP_000001@fastran_driver@2, request_msg_id=REQUEST|fastran_FPP_000001@fastran_driver@2|FRAMEWORK@Framework@0|44,status=0, args=(<ipsframework.cca_es_spec.Topic object at 0x7f3a44a206d0>,), message_id=RESPONSE|FRAMEWORK@Framework@0|fastran_FPP_000001@fastran_driver@2|80)
2025-08-19 09:58:40,210 fastran_driver_fastran_driver_2 DEBUG    _invoke_service(): sendEvent  ('_IPS_MONITOR', 'PORTAL_EVENT', {'sim_name': 'fastran_FPP_000001', 'real_sim_name': 'fastran_FPP_000001', 'portal_data': {'code': 'fastran_driver_fastran_driver', 'eventtype': 'IPS_STAGE_OUTPUTS', 'ok': True, 'walltime': '8.08', 'time': '2025-08-19|09:58:40PDT', 'trace': {'timestamp': 1755622720198051, 'duration': 1466, 'localEndpoint': {'serviceName': 'stage_output_files'}, 'name': '[]', 'id': 'ed019efe11be26d9', 'parentId': 'f899e3e5886669ce', 'tags': {}}, 'state': 'Running', 'comment': 'Elapsed time = 0.001 Path = /pscratch/sd/h/hswils/github_repos/MANTA_DBSCANS/basecase/SCAN/simulation_results/0/components/fastran_driver_fastran_driver_2 Files = []'}})
2025-08-19 09:58:40,210 fastran_driver_fastran_driver_2 DEBUG    _get_service_response(REQUEST|fastran_FPP_000001@fastran_driver@2|FRAMEWORK@Framework@0|45)
2025-08-19 09:58:40,220 fastran_driver_fastran_driver_2 DEBUG    _get_service_response(REQUEST|fastran_FPP_000001@fastran_driver@2|FRAMEWORK@Framework@0|45), response = ServiceResponseMessage(sender_id=FRAMEWORK@Framework@0, receiver_id=fastran_FPP_000001@fastran_driver@2, request_msg_id=REQUEST|fastran_FPP_000001@fastran_driver@2|FRAMEWORK@Framework@0|45,status=0, args=(None,), message_id=RESPONSE|FRAMEWORK@Framework@0|fastran_FPP_000001@fastran_driver@2|81)
2025-08-19 09:58:40,221 fastran_driver_fastran_driver_2 DEBUG    _invoke_service(): getTopic  ('_IPS_MONITOR',)
2025-08-19 09:58:40,221 fastran_driver_fastran_driver_2 DEBUG    _get_service_response(REQUEST|fastran_FPP_000001@fastran_driver@2|FRAMEWORK@Framework@0|46)
2025-08-19 09:58:40,231 fastran_driver_fastran_driver_2 DEBUG    _get_service_response(REQUEST|fastran_FPP_000001@fastran_driver@2|FRAMEWORK@Framework@0|46), response = ServiceResponseMessage(sender_id=FRAMEWORK@Framework@0, receiver_id=fastran_FPP_000001@fastran_driver@2, request_msg_id=REQUEST|fastran_FPP_000001@fastran_driver@2|FRAMEWORK@Framework@0|46,status=0, args=(<ipsframework.cca_es_spec.Topic object at 0x7f3a44a20610>,), message_id=RESPONSE|FRAMEWORK@Framework@0|fastran_FPP_000001@fastran_driver@2|82)
2025-08-19 09:58:40,232 fastran_driver_fastran_driver_2 DEBUG    _invoke_service(): sendEvent  ('_IPS_MONITOR', 'PORTALBRIDGE_UPDATE_TIMESTAMP', {'sim_name': 'fastran_FPP_000001', 'real_sim_name': 'fastran_FPP_000001', 'portal_data': {'phystimestamp': 'preprocess_0', 'eventtype': 'PORTALBRIDGE_UPDATE_TIMESTAMP'}})
2025-08-19 09:58:40,232 fastran_driver_fastran_driver_2 DEBUG    _get_service_response(REQUEST|fastran_FPP_000001@fastran_driver@2|FRAMEWORK@Framework@0|47)
2025-08-19 09:58:40,242 fastran_driver_fastran_driver_2 DEBUG    _get_service_response(REQUEST|fastran_FPP_000001@fastran_driver@2|FRAMEWORK@Framework@0|47), response = ServiceResponseMessage(sender_id=FRAMEWORK@Framework@0, receiver_id=fastran_FPP_000001@fastran_driver@2, request_msg_id=REQUEST|fastran_FPP_000001@fastran_driver@2|FRAMEWORK@Framework@0|47,status=0, args=(None,), message_id=RESPONSE|FRAMEWORK@Framework@0|fastran_FPP_000001@fastran_driver@2|83)
2025-08-19 09:58:40,243 fastran_driver_fastran_driver_2 DEBUG    _invoke_service(): getTopic  ('_IPS_MONITOR',)
2025-08-19 09:58:40,243 fastran_driver_fastran_driver_2 DEBUG    _get_service_response(REQUEST|fastran_FPP_000001@fastran_driver@2|FRAMEWORK@Framework@0|48)
2025-08-19 09:58:40,253 fastran_driver_fastran_driver_2 DEBUG    _get_service_response(REQUEST|fastran_FPP_000001@fastran_driver@2|FRAMEWORK@Framework@0|48), response = ServiceResponseMessage(sender_id=FRAMEWORK@Framework@0, receiver_id=fastran_FPP_000001@fastran_driver@2, request_msg_id=REQUEST|fastran_FPP_000001@fastran_driver@2|FRAMEWORK@Framework@0|48,status=0, args=(<ipsframework.cca_es_spec.Topic object at 0x7f3a44a206d0>,), message_id=RESPONSE|FRAMEWORK@Framework@0|fastran_FPP_000001@fastran_driver@2|84)
2025-08-19 09:58:40,254 fastran_driver_fastran_driver_2 DEBUG    _invoke_service(): sendEvent  ('_IPS_MONITOR', 'PORTAL_EVENT', {'sim_name': 'fastran_FPP_000001', 'real_sim_name': 'fastran_FPP_000001', 'portal_data': {'code': 'fastran_driver_fastran_driver', 'eventtype': 'IPS_UPDATE_TIME_STAMP', 'ok': True, 'walltime': '8.12', 'time': '2025-08-19|09:58:40PDT', 'state': 'Running', 'comment': 'Timestamp = preprocess_0'}})
2025-08-19 09:58:40,254 fastran_driver_fastran_driver_2 DEBUG    _get_service_response(REQUEST|fastran_FPP_000001@fastran_driver@2|FRAMEWORK@Framework@0|49)
2025-08-19 09:58:40,265 fastran_driver_fastran_driver_2 DEBUG    _get_service_response(REQUEST|fastran_FPP_000001@fastran_driver@2|FRAMEWORK@Framework@0|49), response = ServiceResponseMessage(sender_id=FRAMEWORK@Framework@0, receiver_id=fastran_FPP_000001@fastran_driver@2, request_msg_id=REQUEST|fastran_FPP_000001@fastran_driver@2|FRAMEWORK@Framework@0|49,status=0, args=(None,), message_id=RESPONSE|FRAMEWORK@Framework@0|fastran_FPP_000001@fastran_driver@2|85)
2025-08-19 09:58:40,265 fastran_driver_fastran_driver_2 DEBUG    _invoke_service(): getTopic  ('_IPS_MONITOR',)
2025-08-19 09:58:40,265 fastran_driver_fastran_driver_2 DEBUG    _get_service_response(REQUEST|fastran_FPP_000001@fastran_driver@2|FRAMEWORK@Framework@0|50)
2025-08-19 09:58:40,276 fastran_driver_fastran_driver_2 DEBUG    _get_service_response(REQUEST|fastran_FPP_000001@fastran_driver@2|FRAMEWORK@Framework@0|50), response = ServiceResponseMessage(sender_id=FRAMEWORK@Framework@0, receiver_id=fastran_FPP_000001@fastran_driver@2, request_msg_id=REQUEST|fastran_FPP_000001@fastran_driver@2|FRAMEWORK@Framework@0|50,status=0, args=(<ipsframework.cca_es_spec.Topic object at 0x7f3a44a20220>,), message_id=RESPONSE|FRAMEWORK@Framework@0|fastran_FPP_000001@fastran_driver@2|86)
2025-08-19 09:58:40,276 fastran_driver_fastran_driver_2 DEBUG    _invoke_service(): sendEvent  ('_IPS_MONITOR', 'PORTAL_EVENT', {'sim_name': 'fastran_FPP_000001', 'real_sim_name': 'fastran_FPP_000001', 'portal_data': {'code': 'fastran_driver_fastran_driver', 'eventtype': 'IPS_CALL_BEGIN', 'ok': True, 'walltime': '8.14', 'time': '2025-08-19|09:58:40PDT', 'state': 'Running', 'comment': 'Target = fastran_FPP_000001@efit@3:step(preprocess_0)'}})
2025-08-19 09:58:40,276 fastran_driver_fastran_driver_2 DEBUG    _get_service_response(REQUEST|fastran_FPP_000001@fastran_driver@2|FRAMEWORK@Framework@0|51)
2025-08-19 09:58:40,287 fastran_driver_fastran_driver_2 DEBUG    _get_service_response(REQUEST|fastran_FPP_000001@fastran_driver@2|FRAMEWORK@Framework@0|51), response = ServiceResponseMessage(sender_id=FRAMEWORK@Framework@0, receiver_id=fastran_FPP_000001@fastran_driver@2, request_msg_id=REQUEST|fastran_FPP_000001@fastran_driver@2|FRAMEWORK@Framework@0|51,status=0, args=(None,), message_id=RESPONSE|FRAMEWORK@Framework@0|fastran_FPP_000001@fastran_driver@2|87)
2025-08-19 09:58:40,287 fastran_driver_fastran_driver_2 DEBUG    _invoke_service(): init_call  ('step', 'preprocess_0')
2025-08-19 09:58:40,287 fastran_driver_fastran_driver_2 DEBUG    _get_service_response(REQUEST|fastran_FPP_000001@fastran_driver@2|FRAMEWORK@Framework@0|52)
2025-08-19 09:58:40,288 fastran_eq0_efit_3 DEBUG    Received Message 
2025-08-19 09:58:40,288 fastran_eq0_efit_3 DEBUG    Calling method step(preprocess_0)
2025-08-19 09:58:40,288 fastran_eq0_efit_3 DEBUG    _invoke_service(): stage_state  (['s000001.00001', 'g000001.00001', 'i000001.00001'], '/pscratch/sd/h/hswils/github_repos/MANTA_DBSCANS/basecase/SCAN/work/plasma_state', '/pscratch/sd/h/hswils/github_repos/MANTA_DBSCANS/basecase/SCAN/work/fastran_eq0_efit_3')
2025-08-19 09:58:40,288 fastran_eq0_efit_3 DEBUG    _get_service_response(REQUEST|fastran_FPP_000001@efit@3|FRAMEWORK@Framework@0|6)
2025-08-19 09:58:40,298 fastran_driver_fastran_driver_2 DEBUG    _get_service_response(REQUEST|fastran_FPP_000001@fastran_driver@2|FRAMEWORK@Framework@0|52), response = ServiceResponseMessage(sender_id=FRAMEWORK@Framework@0, receiver_id=fastran_FPP_000001@fastran_driver@2, request_msg_id=REQUEST|fastran_FPP_000001@fastran_driver@2|FRAMEWORK@Framework@0|52,status=0, args=(16,), message_id=RESPONSE|FRAMEWORK@Framework@0|fastran_FPP_000001@fastran_driver@2|88)
2025-08-19 09:58:40,298 fastran_driver_fastran_driver_2 DEBUG    _invoke_service(): wait_call  (16, True)
2025-08-19 09:58:40,298 fastran_driver_fastran_driver_2 DEBUG    _get_service_response(REQUEST|fastran_FPP_000001@fastran_driver@2|FRAMEWORK@Framework@0|53)
2025-08-19 09:58:40,309 fastran_eq0_efit_3 DEBUG    _get_service_response(REQUEST|fastran_FPP_000001@efit@3|FRAMEWORK@Framework@0|6), response = ServiceResponseMessage(sender_id=FRAMEWORK@Framework@0, receiver_id=fastran_FPP_000001@efit@3, request_msg_id=REQUEST|fastran_FPP_000001@efit@3|FRAMEWORK@Framework@0|6,status=0, args=(0,), message_id=RESPONSE|FRAMEWORK@Framework@0|fastran_FPP_000001@efit@3|89)
2025-08-19 09:58:40,309 fastran_eq0_efit_3 DEBUG    _invoke_service(): getTopic  ('_IPS_MONITOR',)
2025-08-19 09:58:40,309 fastran_eq0_efit_3 DEBUG    _get_service_response(REQUEST|fastran_FPP_000001@efit@3|FRAMEWORK@Framework@0|7)
2025-08-19 09:58:40,319 fastran_eq0_efit_3 DEBUG    _get_service_response(REQUEST|fastran_FPP_000001@efit@3|FRAMEWORK@Framework@0|7), response = ServiceResponseMessage(sender_id=FRAMEWORK@Framework@0, receiver_id=fastran_FPP_000001@efit@3, request_msg_id=REQUEST|fastran_FPP_000001@efit@3|FRAMEWORK@Framework@0|7,status=0, args=(<ipsframework.cca_es_spec.Topic object at 0x7f3a44a118b0>,), message_id=RESPONSE|FRAMEWORK@Framework@0|fastran_FPP_000001@efit@3|90)
2025-08-19 09:58:40,320 fastran_eq0_efit_3 DEBUG    _invoke_service(): sendEvent  ('_IPS_MONITOR', 'PORTAL_EVENT', {'sim_name': 'fastran_FPP_000001', 'real_sim_name': 'fastran_FPP_000001', 'portal_data': {'code': 'fastran_eq0_efit', 'eventtype': 'IPS_STAGE_STATE', 'ok': True, 'walltime': '8.19', 'time': '2025-08-19|09:58:40PDT', 'trace': {'timestamp': 1755622720288538, 'duration': 20887, 'localEndpoint': {'serviceName': 'stage_state'}, 'name': "['s000001.00001', 'g000001.00001', 'i000001.00001']", 'id': '71885aecf25d7412', 'parentId': 'cc07e8ec53bea48f', 'tags': {}}, 'state': 'Running', 'comment': 'Elapsed time = 0.021  files = s000001.00001 g000001.00001 i000001.00001 Success'}})
2025-08-19 09:58:40,320 fastran_eq0_efit_3 DEBUG    _get_service_response(REQUEST|fastran_FPP_000001@efit@3|FRAMEWORK@Framework@0|8)
2025-08-19 09:58:40,330 fastran_eq0_efit_3 DEBUG    _get_service_response(REQUEST|fastran_FPP_000001@efit@3|FRAMEWORK@Framework@0|8), response = ServiceResponseMessage(sender_id=FRAMEWORK@Framework@0, receiver_id=fastran_FPP_000001@efit@3, request_msg_id=REQUEST|fastran_FPP_000001@efit@3|FRAMEWORK@Framework@0|8,status=0, args=(None,), message_id=RESPONSE|FRAMEWORK@Framework@0|fastran_FPP_000001@efit@3|91)
2025-08-19 09:58:54,848 fastran_eq0_efit_3 DEBUG    _invoke_service(): update_state  (['s000001.00001', 'g000001.00001', 'i000001.00001'], '/pscratch/sd/h/hswils/github_repos/MANTA_DBSCANS/basecase/SCAN/work/fastran_eq0_efit_3', '/pscratch/sd/h/hswils/github_repos/MANTA_DBSCANS/basecase/SCAN/work/plasma_state')
2025-08-19 09:58:54,850 fastran_eq0_efit_3 DEBUG    _get_service_response(REQUEST|fastran_FPP_000001@efit@3|FRAMEWORK@Framework@0|9)
2025-08-19 09:58:54,872 fastran_eq0_efit_3 DEBUG    _get_service_response(REQUEST|fastran_FPP_000001@efit@3|FRAMEWORK@Framework@0|9), response = ServiceResponseMessage(sender_id=FRAMEWORK@Framework@0, receiver_id=fastran_FPP_000001@efit@3, request_msg_id=REQUEST|fastran_FPP_000001@efit@3|FRAMEWORK@Framework@0|9,status=0, args=(0,), message_id=RESPONSE|FRAMEWORK@Framework@0|fastran_FPP_000001@efit@3|121)
2025-08-19 09:58:54,873 fastran_eq0_efit_3 DEBUG    _invoke_service(): getTopic  ('_IPS_MONITOR',)
2025-08-19 09:58:54,873 fastran_eq0_efit_3 DEBUG    _get_service_response(REQUEST|fastran_FPP_000001@efit@3|FRAMEWORK@Framework@0|10)
2025-08-19 09:58:54,884 fastran_eq0_efit_3 DEBUG    _get_service_response(REQUEST|fastran_FPP_000001@efit@3|FRAMEWORK@Framework@0|10), response = ServiceResponseMessage(sender_id=FRAMEWORK@Framework@0, receiver_id=fastran_FPP_000001@efit@3, request_msg_id=REQUEST|fastran_FPP_000001@efit@3|FRAMEWORK@Framework@0|10,status=0, args=(<ipsframework.cca_es_spec.Topic object at 0x7f3a44a30b20>,), message_id=RESPONSE|FRAMEWORK@Framework@0|fastran_FPP_000001@efit@3|122)
2025-08-19 09:58:54,884 fastran_eq0_efit_3 DEBUG    _invoke_service(): sendEvent  ('_IPS_MONITOR', 'PORTAL_EVENT', {'sim_name': 'fastran_FPP_000001', 'real_sim_name': 'fastran_FPP_000001', 'portal_data': {'code': 'fastran_eq0_efit', 'eventtype': 'IPS_UPDATE_STATE', 'ok': True, 'walltime': '22.75', 'time': '2025-08-19|09:58:54PDT', 'trace': {'timestamp': 1755622734847922, 'duration': 25121, 'localEndpoint': {'serviceName': 'update_state'}, 'name': "['s000001.00001', 'g000001.00001', 'i000001.00001']", 'id': '7629e189a66153c0', 'parentId': 'cc07e8ec53bea48f', 'tags': {}}, 'state': 'Running', 'comment': 'Elapsed time = 0.025   files = s000001.00001 g000001.00001 i000001.00001 Success'}})
2025-08-19 09:58:54,884 fastran_eq0_efit_3 DEBUG    _get_service_response(REQUEST|fastran_FPP_000001@efit@3|FRAMEWORK@Framework@0|11)
2025-08-19 09:58:54,895 fastran_eq0_efit_3 DEBUG    _get_service_response(REQUEST|fastran_FPP_000001@efit@3|FRAMEWORK@Framework@0|11), response = ServiceResponseMessage(sender_id=FRAMEWORK@Framework@0, receiver_id=fastran_FPP_000001@efit@3, request_msg_id=REQUEST|fastran_FPP_000001@efit@3|FRAMEWORK@Framework@0|11,status=0, args=(None,), message_id=RESPONSE|FRAMEWORK@Framework@0|fastran_FPP_000001@efit@3|123)
2025-08-19 09:58:54,920 fastran_eq0_efit_3 DEBUG    _invoke_service(): getTopic  ('_IPS_MONITOR',)
2025-08-19 09:58:54,920 fastran_eq0_efit_3 DEBUG    _get_service_response(REQUEST|fastran_FPP_000001@efit@3|FRAMEWORK@Framework@0|12)
2025-08-19 09:58:54,931 fastran_eq0_efit_3 DEBUG    _get_service_response(REQUEST|fastran_FPP_000001@efit@3|FRAMEWORK@Framework@0|12), response = ServiceResponseMessage(sender_id=FRAMEWORK@Framework@0, receiver_id=fastran_FPP_000001@efit@3, request_msg_id=REQUEST|fastran_FPP_000001@efit@3|FRAMEWORK@Framework@0|12,status=0, args=(<ipsframework.cca_es_spec.Topic object at 0x7f3a44a30a30>,), message_id=RESPONSE|FRAMEWORK@Framework@0|fastran_FPP_000001@efit@3|124)
2025-08-19 09:58:54,931 fastran_eq0_efit_3 DEBUG    _invoke_service(): sendEvent  ('_IPS_MONITOR', 'PORTAL_EVENT', {'sim_name': 'fastran_FPP_000001', 'real_sim_name': 'fastran_FPP_000001', 'portal_data': {'code': 'fastran_eq0_efit', 'eventtype': 'IPS_STAGE_OUTPUTS', 'ok': True, 'walltime': '22.80', 'time': '2025-08-19|09:58:54PDT', 'trace': {'timestamp': 1755622734895623, 'duration': 25145, 'localEndpoint': {'serviceName': 'stage_output_files'}, 'name': "['g*.*', 'a*.*', 'm*.*', 'k*.*', 'efit.log', 's*.*']", 'id': '80725d8eee5776f1', 'parentId': 'cc07e8ec53bea48f', 'tags': {}}, 'state': 'Running', 'comment': "Elapsed time = 0.025 Path = /pscratch/sd/h/hswils/github_repos/MANTA_DBSCANS/basecase/SCAN/simulation_results/preprocess_0/components/fastran_eq0_efit_3 Files = ['g*.*', 'a*.*', 'm*.*', 'k*.*', 'efit.log', 's*.*']"}})
2025-08-19 09:58:54,931 fastran_eq0_efit_3 DEBUG    _get_service_response(REQUEST|fastran_FPP_000001@efit@3|FRAMEWORK@Framework@0|13)
2025-08-19 09:58:54,942 fastran_eq0_efit_3 DEBUG    _get_service_response(REQUEST|fastran_FPP_000001@efit@3|FRAMEWORK@Framework@0|13), response = ServiceResponseMessage(sender_id=FRAMEWORK@Framework@0, receiver_id=fastran_FPP_000001@efit@3, request_msg_id=REQUEST|fastran_FPP_000001@efit@3|FRAMEWORK@Framework@0|13,status=0, args=(None,), message_id=RESPONSE|FRAMEWORK@Framework@0|fastran_FPP_000001@efit@3|125)
2025-08-19 09:58:54,954 fastran_driver_fastran_driver_2 DEBUG    _get_service_response(REQUEST|fastran_FPP_000001@fastran_driver@2|FRAMEWORK@Framework@0|53), response = ServiceResponseMessage(sender_id=FRAMEWORK@Framework@0, receiver_id=fastran_FPP_000001@fastran_driver@2, request_msg_id=REQUEST|fastran_FPP_000001@fastran_driver@2|FRAMEWORK@Framework@0|53,status=0, args=((None,),), message_id=RESPONSE|FRAMEWORK@Framework@0|fastran_FPP_000001@fastran_driver@2|126)
2025-08-19 09:58:54,954 fastran_driver_fastran_driver_2 DEBUG    _invoke_service(): getTopic  ('_IPS_MONITOR',)
2025-08-19 09:58:54,954 fastran_driver_fastran_driver_2 DEBUG    _get_service_response(REQUEST|fastran_FPP_000001@fastran_driver@2|FRAMEWORK@Framework@0|54)
2025-08-19 09:58:54,965 fastran_driver_fastran_driver_2 DEBUG    _get_service_response(REQUEST|fastran_FPP_000001@fastran_driver@2|FRAMEWORK@Framework@0|54), response = ServiceResponseMessage(sender_id=FRAMEWORK@Framework@0, receiver_id=fastran_FPP_000001@fastran_driver@2, request_msg_id=REQUEST|fastran_FPP_000001@fastran_driver@2|FRAMEWORK@Framework@0|54,status=0, args=(<ipsframework.cca_es_spec.Topic object at 0x7f3a44a20640>,), message_id=RESPONSE|FRAMEWORK@Framework@0|fastran_FPP_000001@fastran_driver@2|127)
2025-08-19 09:58:54,965 fastran_driver_fastran_driver_2 DEBUG    _invoke_service(): sendEvent  ('_IPS_MONITOR', 'PORTAL_EVENT', {'sim_name': 'fastran_FPP_000001', 'real_sim_name': 'fastran_FPP_000001', 'portal_data': {'code': 'fastran_driver_fastran_driver', 'eventtype': 'IPS_CALL_END', 'ok': True, 'walltime': '22.83', 'time': '2025-08-19|09:58:54PDT', 'trace': {'timestamp': 1755622720298480, 'duration': 14656291, 'localEndpoint': {'serviceName': 'fastran_FPP_000001@efit@3'}, 'name': 'step(preprocess_0)', 'id': 'cc07e8ec53bea48f', 'parentId': 'f899e3e5886669ce', 'tags': {}}, 'state': 'Running', 'comment': 'Target = fastran_FPP_000001@efit@3:step(preprocess_0)'}})
2025-08-19 09:58:54,965 fastran_driver_fastran_driver_2 DEBUG    _get_service_response(REQUEST|fastran_FPP_000001@fastran_driver@2|FRAMEWORK@Framework@0|55)
2025-08-19 09:58:54,976 fastran_driver_fastran_driver_2 DEBUG    _get_service_response(REQUEST|fastran_FPP_000001@fastran_driver@2|FRAMEWORK@Framework@0|55), response = ServiceResponseMessage(sender_id=FRAMEWORK@Framework@0, receiver_id=fastran_FPP_000001@fastran_driver@2, request_msg_id=REQUEST|fastran_FPP_000001@fastran_driver@2|FRAMEWORK@Framework@0|55,status=0, args=(None,), message_id=RESPONSE|FRAMEWORK@Framework@0|fastran_FPP_000001@fastran_driver@2|128)
2025-08-19 09:58:54,976 fastran_driver_fastran_driver_2 DEBUG    _invoke_service(): getTopic  ('_IPS_MONITOR',)
2025-08-19 09:58:54,977 fastran_driver_fastran_driver_2 DEBUG    _get_service_response(REQUEST|fastran_FPP_000001@fastran_driver@2|FRAMEWORK@Framework@0|56)
2025-08-19 09:58:54,987 fastran_driver_fastran_driver_2 DEBUG    _get_service_response(REQUEST|fastran_FPP_000001@fastran_driver@2|FRAMEWORK@Framework@0|56), response = ServiceResponseMessage(sender_id=FRAMEWORK@Framework@0, receiver_id=fastran_FPP_000001@fastran_driver@2, request_msg_id=REQUEST|fastran_FPP_000001@fastran_driver@2|FRAMEWORK@Framework@0|56,status=0, args=(<ipsframework.cca_es_spec.Topic object at 0x7f3a44a20820>,), message_id=RESPONSE|FRAMEWORK@Framework@0|fastran_FPP_000001@fastran_driver@2|129)
2025-08-19 09:58:54,987 fastran_driver_fastran_driver_2 DEBUG    _invoke_service(): sendEvent  ('_IPS_MONITOR', 'PORTAL_EVENT', {'sim_name': 'fastran_FPP_000001', 'real_sim_name': 'fastran_FPP_000001', 'portal_data': {'code': 'fastran_driver_fastran_driver', 'eventtype': 'IPS_CALL_BEGIN', 'ok': True, 'walltime': '22.86', 'time': '2025-08-19|09:58:54PDT', 'state': 'Running', 'comment': 'Target = fastran_FPP_000001@fastran@4:step(preprocess_0)'}})
2025-08-19 09:58:54,987 fastran_driver_fastran_driver_2 DEBUG    _get_service_response(REQUEST|fastran_FPP_000001@fastran_driver@2|FRAMEWORK@Framework@0|57)
2025-08-19 09:58:54,998 fastran_driver_fastran_driver_2 DEBUG    _get_service_response(REQUEST|fastran_FPP_000001@fastran_driver@2|FRAMEWORK@Framework@0|57), response = ServiceResponseMessage(sender_id=FRAMEWORK@Framework@0, receiver_id=fastran_FPP_000001@fastran_driver@2, request_msg_id=REQUEST|fastran_FPP_000001@fastran_driver@2|FRAMEWORK@Framework@0|57,status=0, args=(None,), message_id=RESPONSE|FRAMEWORK@Framework@0|fastran_FPP_000001@fastran_driver@2|130)
2025-08-19 09:58:54,999 fastran_driver_fastran_driver_2 DEBUG    _invoke_service(): init_call  ('step', 'preprocess_0')
2025-08-19 09:58:54,999 fastran_driver_fastran_driver_2 DEBUG    _get_service_response(REQUEST|fastran_FPP_000001@fastran_driver@2|FRAMEWORK@Framework@0|58)
2025-08-19 09:58:54,999 fastran_tr0_fastran_4 DEBUG    Received Message 
2025-08-19 09:58:55,000 fastran_tr0_fastran_4 DEBUG    Calling method step(preprocess_0)
2025-08-19 09:58:55,000 fastran_tr0_fastran_4 DEBUG    _invoke_service(): stage_state  (['s000001.00001', 'g000001.00001', 'i000001.00001'], '/pscratch/sd/h/hswils/github_repos/MANTA_DBSCANS/basecase/SCAN/work/plasma_state', '/pscratch/sd/h/hswils/github_repos/MANTA_DBSCANS/basecase/SCAN/work/fastran_tr0_fastran_4')
2025-08-19 09:58:55,000 fastran_tr0_fastran_4 DEBUG    _get_service_response(REQUEST|fastran_FPP_000001@fastran@4|FRAMEWORK@Framework@0|0)
2025-08-19 09:58:55,010 fastran_driver_fastran_driver_2 DEBUG    _get_service_response(REQUEST|fastran_FPP_000001@fastran_driver@2|FRAMEWORK@Framework@0|58), response = ServiceResponseMessage(sender_id=FRAMEWORK@Framework@0, receiver_id=fastran_FPP_000001@fastran_driver@2, request_msg_id=REQUEST|fastran_FPP_000001@fastran_driver@2|FRAMEWORK@Framework@0|58,status=0, args=(17,), message_id=RESPONSE|FRAMEWORK@Framework@0|fastran_FPP_000001@fastran_driver@2|131)
2025-08-19 09:58:55,010 fastran_driver_fastran_driver_2 DEBUG    _invoke_service(): wait_call  (17, True)
2025-08-19 09:58:55,010 fastran_driver_fastran_driver_2 DEBUG    _get_service_response(REQUEST|fastran_FPP_000001@fastran_driver@2|FRAMEWORK@Framework@0|59)
2025-08-19 09:58:55,021 fastran_tr0_fastran_4 DEBUG    _get_service_response(REQUEST|fastran_FPP_000001@fastran@4|FRAMEWORK@Framework@0|0), response = ServiceResponseMessage(sender_id=FRAMEWORK@Framework@0, receiver_id=fastran_FPP_000001@fastran@4, request_msg_id=REQUEST|fastran_FPP_000001@fastran@4|FRAMEWORK@Framework@0|0,status=0, args=(0,), message_id=RESPONSE|FRAMEWORK@Framework@0|fastran_FPP_000001@fastran@4|132)
2025-08-19 09:58:55,021 fastran_tr0_fastran_4 DEBUG    _invoke_service(): getTopic  ('_IPS_MONITOR',)
2025-08-19 09:58:55,021 fastran_tr0_fastran_4 DEBUG    _get_service_response(REQUEST|fastran_FPP_000001@fastran@4|FRAMEWORK@Framework@0|1)
2025-08-19 09:58:55,032 fastran_tr0_fastran_4 DEBUG    _get_service_response(REQUEST|fastran_FPP_000001@fastran@4|FRAMEWORK@Framework@0|1), response = ServiceResponseMessage(sender_id=FRAMEWORK@Framework@0, receiver_id=fastran_FPP_000001@fastran@4, request_msg_id=REQUEST|fastran_FPP_000001@fastran@4|FRAMEWORK@Framework@0|1,status=0, args=(<ipsframework.cca_es_spec.Topic object at 0x7f3a449b8190>,), message_id=RESPONSE|FRAMEWORK@Framework@0|fastran_FPP_000001@fastran@4|133)
2025-08-19 09:58:55,032 fastran_tr0_fastran_4 DEBUG    _invoke_service(): sendEvent  ('_IPS_MONITOR', 'PORTAL_EVENT', {'sim_name': 'fastran_FPP_000001', 'real_sim_name': 'fastran_FPP_000001', 'portal_data': {'code': 'fastran_tr0_fastran', 'eventtype': 'IPS_STAGE_STATE', 'ok': True, 'walltime': '22.90', 'time': '2025-08-19|09:58:55PDT', 'trace': {'timestamp': 1755622735000348, 'duration': 21256, 'localEndpoint': {'serviceName': 'stage_state'}, 'name': "['s000001.00001', 'g000001.00001', 'i000001.00001']", 'id': '71885aecf25d7412', 'parentId': 'f579e6ecd3f7aba4', 'tags': {}}, 'state': 'Running', 'comment': 'Elapsed time = 0.021  files = s000001.00001 g000001.00001 i000001.00001 Success'}})
2025-08-19 09:58:55,032 fastran_tr0_fastran_4 DEBUG    _get_service_response(REQUEST|fastran_FPP_000001@fastran@4|FRAMEWORK@Framework@0|2)
2025-08-19 09:58:55,043 fastran_tr0_fastran_4 DEBUG    _get_service_response(REQUEST|fastran_FPP_000001@fastran@4|FRAMEWORK@Framework@0|2), response = ServiceResponseMessage(sender_id=FRAMEWORK@Framework@0, receiver_id=fastran_FPP_000001@fastran@4, request_msg_id=REQUEST|fastran_FPP_000001@fastran@4|FRAMEWORK@Framework@0|2,status=0, args=(None,), message_id=RESPONSE|FRAMEWORK@Framework@0|fastran_FPP_000001@fastran@4|134)
2025-08-19 09:58:55,052 fastran_tr0_fastran_4 DEBUG    _invoke_service(): getTopic  ('_IPS_MONITOR',)
2025-08-19 09:58:55,052 fastran_tr0_fastran_4 DEBUG    _get_service_response(REQUEST|fastran_FPP_000001@fastran@4|FRAMEWORK@Framework@0|3)
2025-08-19 09:58:55,063 fastran_tr0_fastran_4 DEBUG    _get_service_response(REQUEST|fastran_FPP_000001@fastran@4|FRAMEWORK@Framework@0|3), response = ServiceResponseMessage(sender_id=FRAMEWORK@Framework@0, receiver_id=fastran_FPP_000001@fastran@4, request_msg_id=REQUEST|fastran_FPP_000001@fastran@4|FRAMEWORK@Framework@0|3,status=0, args=(<ipsframework.cca_es_spec.Topic object at 0x7f3a449b8340>,), message_id=RESPONSE|FRAMEWORK@Framework@0|fastran_FPP_000001@fastran@4|135)
2025-08-19 09:58:55,063 fastran_tr0_fastran_4 DEBUG    _invoke_service(): sendEvent  ('_IPS_MONITOR', 'PORTAL_EVENT', {'sim_name': 'fastran_FPP_000001', 'real_sim_name': 'fastran_FPP_000001', 'portal_data': {'code': 'fastran_tr0_fastran', 'eventtype': 'IPS_STAGE_INPUTS', 'ok': True, 'walltime': '22.93', 'time': '2025-08-19|09:58:55PDT', 'trace': {'timestamp': 1755622735043680, 'duration': 8973, 'localEndpoint': {'serviceName': 'stage_input_files'}, 'name': 'infastran0 intglf', 'id': 'dca1af508bf5af99', 'parentId': 'f579e6ecd3f7aba4', 'tags': {}}, 'state': 'Running', 'comment': 'Elapsed time = 0.009 Path = /pscratch/sd/h/hswils/github_repos/MANTA_DBSCANS/basecase/input Files = infastran0 intglf'}})
2025-08-19 09:58:55,063 fastran_tr0_fastran_4 DEBUG    _get_service_response(REQUEST|fastran_FPP_000001@fastran@4|FRAMEWORK@Framework@0|4)
2025-08-19 09:58:55,074 fastran_tr0_fastran_4 DEBUG    _get_service_response(REQUEST|fastran_FPP_000001@fastran@4|FRAMEWORK@Framework@0|4), response = ServiceResponseMessage(sender_id=FRAMEWORK@Framework@0, receiver_id=fastran_FPP_000001@fastran@4, request_msg_id=REQUEST|fastran_FPP_000001@fastran@4|FRAMEWORK@Framework@0|4,status=0, args=(None,), message_id=RESPONSE|FRAMEWORK@Framework@0|fastran_FPP_000001@fastran@4|136)
2025-08-19 09:58:55,297 fastran_tr0_fastran_4 DEBUG    _invoke_service(): init_task  (TaskInit(nproc=1, binary='/global/common/software/atom/perlmutter/binaries/fastran/default/xfastran_ver1.06', working_dir='/pscratch/sd/h/hswils/github_repos/MANTA_DBSCANS/basecase/SCAN/work/fastran_tr0_fastran_4', tppn=0, tcpp=0, tgpp=0, block=True, omp=False, wnodes=True, wsocks=True, cmd_args=('1', '1')),)
2025-08-19 09:58:55,297 fastran_tr0_fastran_4 DEBUG    _get_service_response(REQUEST|fastran_FPP_000001@fastran@4|FRAMEWORK@Framework@0|5)
2025-08-19 09:58:55,308 fastran_tr0_fastran_4 DEBUG    _get_service_response(REQUEST|fastran_FPP_000001@fastran@4|FRAMEWORK@Framework@0|5), response = ServiceResponseMessage(sender_id=FRAMEWORK@Framework@0, receiver_id=fastran_FPP_000001@fastran@4, request_msg_id=REQUEST|fastran_FPP_000001@fastran@4|FRAMEWORK@Framework@0|5,status=0, args=((1, 'srun -N 1 -n 1 -c 128 --threads-per-core=1 --cpu-bind=cores /global/common/software/atom/perlmutter/binaries/fastran/default/xfastran_ver1.06 1 1', None, 128),), message_id=RESPONSE|FRAMEWORK@Framework@0|fastran_FPP_000001@fastran@4|138)
2025-08-19 09:58:55,308 fastran_tr0_fastran_4 DEBUG    Launching command : srun -N 1 -n 1 -c 128 --threads-per-core=1 --cpu-bind=cores /global/common/software/atom/perlmutter/binaries/fastran/default/xfastran_ver1.06 1 1
2025-08-19 09:58:55,337 fastran_tr0_fastran_4 DEBUG    _invoke_service(): getTopic  ('_IPS_MONITOR',)
2025-08-19 09:58:55,337 fastran_tr0_fastran_4 DEBUG    _get_service_response(REQUEST|fastran_FPP_000001@fastran@4|FRAMEWORK@Framework@0|6)
2025-08-19 09:58:55,348 fastran_tr0_fastran_4 DEBUG    _get_service_response(REQUEST|fastran_FPP_000001@fastran@4|FRAMEWORK@Framework@0|6), response = ServiceResponseMessage(sender_id=FRAMEWORK@Framework@0, receiver_id=fastran_FPP_000001@fastran@4, request_msg_id=REQUEST|fastran_FPP_000001@fastran@4|FRAMEWORK@Framework@0|6,status=0, args=(<ipsframework.cca_es_spec.Topic object at 0x7f3a44a2a760>,), message_id=RESPONSE|FRAMEWORK@Framework@0|fastran_FPP_000001@fastran@4|139)
2025-08-19 09:58:55,348 fastran_tr0_fastran_4 DEBUG    _invoke_service(): sendEvent  ('_IPS_MONITOR', 'PORTAL_EVENT', {'sim_name': 'fastran_FPP_000001', 'real_sim_name': 'fastran_FPP_000001', 'portal_data': {'code': 'fastran_tr0_fastran', 'eventtype': 'IPS_LAUNCH_TASK', 'ok': True, 'walltime': '23.22', 'time': '2025-08-19|09:58:55PDT', 'state': 'Running', 'comment': 'task_id = 1 , Tag = None , nproc = 1 , Target = srun -N 1 -n 1 -c 128 --threads-per-core=1 --cpu-bind=cores /global/common/software/atom/perlmutter/binaries/fastran/default/xfastran_ver1.06 1 1'}})
2025-08-19 09:58:55,348 fastran_tr0_fastran_4 DEBUG    _get_service_response(REQUEST|fastran_FPP_000001@fastran@4|FRAMEWORK@Framework@0|7)
2025-08-19 09:58:55,358 fastran_tr0_fastran_4 DEBUG    _get_service_response(REQUEST|fastran_FPP_000001@fastran@4|FRAMEWORK@Framework@0|7), response = ServiceResponseMessage(sender_id=FRAMEWORK@Framework@0, receiver_id=fastran_FPP_000001@fastran@4, request_msg_id=REQUEST|fastran_FPP_000001@fastran@4|FRAMEWORK@Framework@0|7,status=0, args=(None,), message_id=RESPONSE|FRAMEWORK@Framework@0|fastran_FPP_000001@fastran@4|140)
2025-08-19 09:58:56,025 fastran_tr0_fastran_4 DEBUG    _invoke_service(): getTopic  ('_IPS_MONITOR',)
2025-08-19 09:58:56,025 fastran_tr0_fastran_4 DEBUG    _get_service_response(REQUEST|fastran_FPP_000001@fastran@4|FRAMEWORK@Framework@0|8)
2025-08-19 09:58:56,035 fastran_tr0_fastran_4 DEBUG    _get_service_response(REQUEST|fastran_FPP_000001@fastran@4|FRAMEWORK@Framework@0|8), response = ServiceResponseMessage(sender_id=FRAMEWORK@Framework@0, receiver_id=fastran_FPP_000001@fastran@4, request_msg_id=REQUEST|fastran_FPP_000001@fastran@4|FRAMEWORK@Framework@0|8,status=0, args=(<ipsframework.cca_es_spec.Topic object at 0x7f3a44a2afd0>,), message_id=RESPONSE|FRAMEWORK@Framework@0|fastran_FPP_000001@fastran@4|142)
2025-08-19 09:58:56,036 fastran_tr0_fastran_4 DEBUG    _invoke_service(): sendEvent  ('_IPS_MONITOR', 'PORTAL_EVENT', {'sim_name': 'fastran_FPP_000001', 'real_sim_name': 'fastran_FPP_000001', 'portal_data': {'code': 'fastran_tr0_fastran', 'eventtype': 'IPS_TASK_END', 'ok': True, 'walltime': '23.90', 'time': '2025-08-19|09:58:56PDT', 'trace': {'timestamp': 1755622735336894, 'duration': 688096, 'localEndpoint': {'serviceName': '/global/common/software/atom/perlmutter/binaries/fastran/default/xfastran_ver1.06'}, 'name': '1 1', 'id': 'fac48c450d2f8310', 'parentId': 'f579e6ecd3f7aba4', 'tags': {'procs_requested': '1', 'cores_allocated': '128'}}, 'state': 'Running', 'comment': 'task_id = 1  elapsed time = 0.69 S'}})
2025-08-19 09:58:56,036 fastran_tr0_fastran_4 DEBUG    _get_service_response(REQUEST|fastran_FPP_000001@fastran@4|FRAMEWORK@Framework@0|9)
2025-08-19 09:58:56,046 fastran_tr0_fastran_4 DEBUG    _get_service_response(REQUEST|fastran_FPP_000001@fastran@4|FRAMEWORK@Framework@0|9), response = ServiceResponseMessage(sender_id=FRAMEWORK@Framework@0, receiver_id=fastran_FPP_000001@fastran@4, request_msg_id=REQUEST|fastran_FPP_000001@fastran@4|FRAMEWORK@Framework@0|9,status=0, args=(None,), message_id=RESPONSE|FRAMEWORK@Framework@0|fastran_FPP_000001@fastran@4|143)
2025-08-19 09:58:56,047 fastran_tr0_fastran_4 DEBUG    _invoke_service(): finish_task  (1, 0)
2025-08-19 09:58:56,047 fastran_tr0_fastran_4 DEBUG    _get_service_response(REQUEST|fastran_FPP_000001@fastran@4|FRAMEWORK@Framework@0|10)
2025-08-19 09:58:56,058 fastran_tr0_fastran_4 DEBUG    _get_service_response(REQUEST|fastran_FPP_000001@fastran@4|FRAMEWORK@Framework@0|10), response = ServiceResponseMessage(sender_id=FRAMEWORK@Framework@0, receiver_id=fastran_FPP_000001@fastran@4, request_msg_id=REQUEST|fastran_FPP_000001@fastran@4|FRAMEWORK@Framework@0|10,status=0, args=(0,), message_id=RESPONSE|FRAMEWORK@Framework@0|fastran_FPP_000001@fastran@4|144)
2025-08-19 09:58:56,319 fastran_tr0_fastran_4 DEBUG    _invoke_service(): update_state  (['s000001.00001', 'g000001.00001', 'i000001.00001'], '/pscratch/sd/h/hswils/github_repos/MANTA_DBSCANS/basecase/SCAN/work/fastran_tr0_fastran_4', '/pscratch/sd/h/hswils/github_repos/MANTA_DBSCANS/basecase/SCAN/work/plasma_state')
2025-08-19 09:58:56,320 fastran_tr0_fastran_4 DEBUG    _get_service_response(REQUEST|fastran_FPP_000001@fastran@4|FRAMEWORK@Framework@0|11)
2025-08-19 09:58:56,342 fastran_tr0_fastran_4 DEBUG    _get_service_response(REQUEST|fastran_FPP_000001@fastran@4|FRAMEWORK@Framework@0|11), response = ServiceResponseMessage(sender_id=FRAMEWORK@Framework@0, receiver_id=fastran_FPP_000001@fastran@4, request_msg_id=REQUEST|fastran_FPP_000001@fastran@4|FRAMEWORK@Framework@0|11,status=0, args=(0,), message_id=RESPONSE|FRAMEWORK@Framework@0|fastran_FPP_000001@fastran@4|146)
2025-08-19 09:58:56,342 fastran_tr0_fastran_4 DEBUG    _invoke_service(): getTopic  ('_IPS_MONITOR',)
2025-08-19 09:58:56,342 fastran_tr0_fastran_4 DEBUG    _get_service_response(REQUEST|fastran_FPP_000001@fastran@4|FRAMEWORK@Framework@0|12)
2025-08-19 09:58:56,353 fastran_tr0_fastran_4 DEBUG    _get_service_response(REQUEST|fastran_FPP_000001@fastran@4|FRAMEWORK@Framework@0|12), response = ServiceResponseMessage(sender_id=FRAMEWORK@Framework@0, receiver_id=fastran_FPP_000001@fastran@4, request_msg_id=REQUEST|fastran_FPP_000001@fastran@4|FRAMEWORK@Framework@0|12,status=0, args=(<ipsframework.cca_es_spec.Topic object at 0x7f3a449b8af0>,), message_id=RESPONSE|FRAMEWORK@Framework@0|fastran_FPP_000001@fastran@4|147)
2025-08-19 09:58:56,353 fastran_tr0_fastran_4 DEBUG    _invoke_service(): sendEvent  ('_IPS_MONITOR', 'PORTAL_EVENT', {'sim_name': 'fastran_FPP_000001', 'real_sim_name': 'fastran_FPP_000001', 'portal_data': {'code': 'fastran_tr0_fastran', 'eventtype': 'IPS_UPDATE_STATE', 'ok': True, 'walltime': '24.22', 'time': '2025-08-19|09:58:56PDT', 'trace': {'timestamp': 1755622736319763, 'duration': 22751, 'localEndpoint': {'serviceName': 'update_state'}, 'name': "['s000001.00001', 'g000001.00001', 'i000001.00001']", 'id': '7629e189a66153c0', 'parentId': 'f579e6ecd3f7aba4', 'tags': {}}, 'state': 'Running', 'comment': 'Elapsed time = 0.023   files = s000001.00001 g000001.00001 i000001.00001 Success'}})
2025-08-19 09:58:56,353 fastran_tr0_fastran_4 DEBUG    _get_service_response(REQUEST|fastran_FPP_000001@fastran@4|FRAMEWORK@Framework@0|13)
2025-08-19 09:58:56,364 fastran_tr0_fastran_4 DEBUG    _get_service_response(REQUEST|fastran_FPP_000001@fastran@4|FRAMEWORK@Framework@0|13), response = ServiceResponseMessage(sender_id=FRAMEWORK@Framework@0, receiver_id=fastran_FPP_000001@fastran@4, request_msg_id=REQUEST|fastran_FPP_000001@fastran@4|FRAMEWORK@Framework@0|13,status=0, args=(None,), message_id=RESPONSE|FRAMEWORK@Framework@0|fastran_FPP_000001@fastran@4|148)
2025-08-19 09:58:56,382 fastran_tr0_fastran_4 DEBUG    _invoke_service(): getTopic  ('_IPS_MONITOR',)
2025-08-19 09:58:56,382 fastran_tr0_fastran_4 DEBUG    _get_service_response(REQUEST|fastran_FPP_000001@fastran@4|FRAMEWORK@Framework@0|14)
2025-08-19 09:58:56,392 fastran_tr0_fastran_4 DEBUG    _get_service_response(REQUEST|fastran_FPP_000001@fastran@4|FRAMEWORK@Framework@0|14), response = ServiceResponseMessage(sender_id=FRAMEWORK@Framework@0, receiver_id=fastran_FPP_000001@fastran@4, request_msg_id=REQUEST|fastran_FPP_000001@fastran@4|FRAMEWORK@Framework@0|14,status=0, args=(<ipsframework.cca_es_spec.Topic object at 0x7f3a449b8be0>,), message_id=RESPONSE|FRAMEWORK@Framework@0|fastran_FPP_000001@fastran@4|149)
2025-08-19 09:58:56,392 fastran_tr0_fastran_4 DEBUG    _invoke_service(): sendEvent  ('_IPS_MONITOR', 'PORTAL_EVENT', {'sim_name': 'fastran_FPP_000001', 'real_sim_name': 'fastran_FPP_000001', 'portal_data': {'code': 'fastran_tr0_fastran', 'eventtype': 'IPS_STAGE_OUTPUTS', 'ok': True, 'walltime': '24.26', 'time': '2025-08-19|09:58:56PDT', 'trace': {'timestamp': 1755622736364189, 'duration': 17843, 'localEndpoint': {'serviceName': 'stage_output_files'}, 'name': "['fastran.nc', 'inprof', 'inmetric', 'infastran', 'intglf', 'xfastran.log', 'i000001.00001']", 'id': '7349cfaaafc33980', 'parentId': 'f579e6ecd3f7aba4', 'tags': {}}, 'state': 'Running', 'comment': "Elapsed time = 0.018 Path = /pscratch/sd/h/hswils/github_repos/MANTA_DBSCANS/basecase/SCAN/simulation_results/preprocess_0/components/fastran_tr0_fastran_4 Files = ['fastran.nc', 'inprof', 'inmetric', 'infastran', 'intglf', 'xfastran.log', 'i000001.00001']"}})
2025-08-19 09:58:56,392 fastran_tr0_fastran_4 DEBUG    _get_service_response(REQUEST|fastran_FPP_000001@fastran@4|FRAMEWORK@Framework@0|15)
2025-08-19 09:58:56,403 fastran_tr0_fastran_4 DEBUG    _get_service_response(REQUEST|fastran_FPP_000001@fastran@4|FRAMEWORK@Framework@0|15), response = ServiceResponseMessage(sender_id=FRAMEWORK@Framework@0, receiver_id=fastran_FPP_000001@fastran@4, request_msg_id=REQUEST|fastran_FPP_000001@fastran@4|FRAMEWORK@Framework@0|15,status=0, args=(None,), message_id=RESPONSE|FRAMEWORK@Framework@0|fastran_FPP_000001@fastran@4|150)
2025-08-19 09:58:56,413 fastran_driver_fastran_driver_2 DEBUG    _get_service_response(REQUEST|fastran_FPP_000001@fastran_driver@2|FRAMEWORK@Framework@0|59), response = ServiceResponseMessage(sender_id=FRAMEWORK@Framework@0, receiver_id=fastran_FPP_000001@fastran_driver@2, request_msg_id=REQUEST|fastran_FPP_000001@fastran_driver@2|FRAMEWORK@Framework@0|59,status=0, args=((None,),), message_id=RESPONSE|FRAMEWORK@Framework@0|fastran_FPP_000001@fastran_driver@2|151)
2025-08-19 09:58:56,414 fastran_driver_fastran_driver_2 DEBUG    _invoke_service(): getTopic  ('_IPS_MONITOR',)
2025-08-19 09:58:56,414 fastran_driver_fastran_driver_2 DEBUG    _get_service_response(REQUEST|fastran_FPP_000001@fastran_driver@2|FRAMEWORK@Framework@0|60)
2025-08-19 09:58:56,424 fastran_driver_fastran_driver_2 DEBUG    _get_service_response(REQUEST|fastran_FPP_000001@fastran_driver@2|FRAMEWORK@Framework@0|60), response = ServiceResponseMessage(sender_id=FRAMEWORK@Framework@0, receiver_id=fastran_FPP_000001@fastran_driver@2, request_msg_id=REQUEST|fastran_FPP_000001@fastran_driver@2|FRAMEWORK@Framework@0|60,status=0, args=(<ipsframework.cca_es_spec.Topic object at 0x7f3a44a20730>,), message_id=RESPONSE|FRAMEWORK@Framework@0|fastran_FPP_000001@fastran_driver@2|152)
2025-08-19 09:58:56,424 fastran_driver_fastran_driver_2 DEBUG    _invoke_service(): sendEvent  ('_IPS_MONITOR', 'PORTAL_EVENT', {'sim_name': 'fastran_FPP_000001', 'real_sim_name': 'fastran_FPP_000001', 'portal_data': {'code': 'fastran_driver_fastran_driver', 'eventtype': 'IPS_CALL_END', 'ok': True, 'walltime': '24.29', 'time': '2025-08-19|09:58:56PDT', 'trace': {'timestamp': 1755622735010105, 'duration': 1403935, 'localEndpoint': {'serviceName': 'fastran_FPP_000001@fastran@4'}, 'name': 'step(preprocess_0)', 'id': 'f579e6ecd3f7aba4', 'parentId': 'f899e3e5886669ce', 'tags': {}}, 'state': 'Running', 'comment': 'Target = fastran_FPP_000001@fastran@4:step(preprocess_0)'}})
2025-08-19 09:58:56,425 fastran_driver_fastran_driver_2 DEBUG    _get_service_response(REQUEST|fastran_FPP_000001@fastran_driver@2|FRAMEWORK@Framework@0|61)
2025-08-19 09:58:56,435 fastran_driver_fastran_driver_2 DEBUG    _get_service_response(REQUEST|fastran_FPP_000001@fastran_driver@2|FRAMEWORK@Framework@0|61), response = ServiceResponseMessage(sender_id=FRAMEWORK@Framework@0, receiver_id=fastran_FPP_000001@fastran_driver@2, request_msg_id=REQUEST|fastran_FPP_000001@fastran_driver@2|FRAMEWORK@Framework@0|61,status=0, args=(None,), message_id=RESPONSE|FRAMEWORK@Framework@0|fastran_FPP_000001@fastran_driver@2|153)
2025-08-19 09:58:56,436 fastran_driver_fastran_driver_2 DEBUG    _invoke_service(): getTopic  ('_IPS_MONITOR',)
2025-08-19 09:58:56,436 fastran_driver_fastran_driver_2 DEBUG    _get_service_response(REQUEST|fastran_FPP_000001@fastran_driver@2|FRAMEWORK@Framework@0|62)
2025-08-19 09:58:56,446 fastran_driver_fastran_driver_2 DEBUG    _get_service_response(REQUEST|fastran_FPP_000001@fastran_driver@2|FRAMEWORK@Framework@0|62), response = ServiceResponseMessage(sender_id=FRAMEWORK@Framework@0, receiver_id=fastran_FPP_000001@fastran_driver@2, request_msg_id=REQUEST|fastran_FPP_000001@fastran_driver@2|FRAMEWORK@Framework@0|62,status=0, args=(<ipsframework.cca_es_spec.Topic object at 0x7f3a44a20670>,), message_id=RESPONSE|FRAMEWORK@Framework@0|fastran_FPP_000001@fastran_driver@2|154)
2025-08-19 09:58:56,447 fastran_driver_fastran_driver_2 DEBUG    _invoke_service(): sendEvent  ('_IPS_MONITOR', 'PORTALBRIDGE_UPDATE_TIMESTAMP', {'sim_name': 'fastran_FPP_000001', 'real_sim_name': 'fastran_FPP_000001', 'portal_data': {'phystimestamp': 0, 'eventtype': 'PORTALBRIDGE_UPDATE_TIMESTAMP'}})
2025-08-19 09:58:56,447 fastran_driver_fastran_driver_2 DEBUG    _get_service_response(REQUEST|fastran_FPP_000001@fastran_driver@2|FRAMEWORK@Framework@0|63)
2025-08-19 09:58:56,458 fastran_driver_fastran_driver_2 DEBUG    _get_service_response(REQUEST|fastran_FPP_000001@fastran_driver@2|FRAMEWORK@Framework@0|63), response = ServiceResponseMessage(sender_id=FRAMEWORK@Framework@0, receiver_id=fastran_FPP_000001@fastran_driver@2, request_msg_id=REQUEST|fastran_FPP_000001@fastran_driver@2|FRAMEWORK@Framework@0|63,status=0, args=(None,), message_id=RESPONSE|FRAMEWORK@Framework@0|fastran_FPP_000001@fastran_driver@2|155)
2025-08-19 09:58:56,458 fastran_driver_fastran_driver_2 DEBUG    _invoke_service(): getTopic  ('_IPS_MONITOR',)
2025-08-19 09:58:56,458 fastran_driver_fastran_driver_2 DEBUG    _get_service_response(REQUEST|fastran_FPP_000001@fastran_driver@2|FRAMEWORK@Framework@0|64)
2025-08-19 09:58:56,469 fastran_driver_fastran_driver_2 DEBUG    _get_service_response(REQUEST|fastran_FPP_000001@fastran_driver@2|FRAMEWORK@Framework@0|64), response = ServiceResponseMessage(sender_id=FRAMEWORK@Framework@0, receiver_id=fastran_FPP_000001@fastran_driver@2, request_msg_id=REQUEST|fastran_FPP_000001@fastran_driver@2|FRAMEWORK@Framework@0|64,status=0, args=(<ipsframework.cca_es_spec.Topic object at 0x7f3a44a20730>,), message_id=RESPONSE|FRAMEWORK@Framework@0|fastran_FPP_000001@fastran_driver@2|156)
2025-08-19 09:58:56,469 fastran_driver_fastran_driver_2 DEBUG    _invoke_service(): sendEvent  ('_IPS_MONITOR', 'PORTAL_EVENT', {'sim_name': 'fastran_FPP_000001', 'real_sim_name': 'fastran_FPP_000001', 'portal_data': {'code': 'fastran_driver_fastran_driver', 'eventtype': 'IPS_UPDATE_TIME_STAMP', 'ok': True, 'walltime': '24.34', 'time': '2025-08-19|09:58:56PDT', 'state': 'Running', 'comment': 'Timestamp = 0'}})
2025-08-19 09:58:56,469 fastran_driver_fastran_driver_2 DEBUG    _get_service_response(REQUEST|fastran_FPP_000001@fastran_driver@2|FRAMEWORK@Framework@0|65)
2025-08-19 09:58:56,480 fastran_driver_fastran_driver_2 DEBUG    _get_service_response(REQUEST|fastran_FPP_000001@fastran_driver@2|FRAMEWORK@Framework@0|65), response = ServiceResponseMessage(sender_id=FRAMEWORK@Framework@0, receiver_id=fastran_FPP_000001@fastran_driver@2, request_msg_id=REQUEST|fastran_FPP_000001@fastran_driver@2|FRAMEWORK@Framework@0|65,status=0, args=(None,), message_id=RESPONSE|FRAMEWORK@Framework@0|fastran_FPP_000001@fastran_driver@2|157)
2025-08-19 09:58:56,480 fastran_driver_fastran_driver_2 DEBUG    _invoke_service(): getTopic  ('_IPS_MONITOR',)
2025-08-19 09:58:56,480 fastran_driver_fastran_driver_2 DEBUG    _get_service_response(REQUEST|fastran_FPP_000001@fastran_driver@2|FRAMEWORK@Framework@0|66)
2025-08-19 09:58:56,491 fastran_driver_fastran_driver_2 DEBUG    _get_service_response(REQUEST|fastran_FPP_000001@fastran_driver@2|FRAMEWORK@Framework@0|66), response = ServiceResponseMessage(sender_id=FRAMEWORK@Framework@0, receiver_id=fastran_FPP_000001@fastran_driver@2, request_msg_id=REQUEST|fastran_FPP_000001@fastran_driver@2|FRAMEWORK@Framework@0|66,status=0, args=(<ipsframework.cca_es_spec.Topic object at 0x7f3a44a20760>,), message_id=RESPONSE|FRAMEWORK@Framework@0|fastran_FPP_000001@fastran_driver@2|158)
2025-08-19 09:58:56,491 fastran_driver_fastran_driver_2 DEBUG    _invoke_service(): sendEvent  ('_IPS_MONITOR', 'PORTAL_EVENT', {'sim_name': 'fastran_FPP_000001', 'real_sim_name': 'fastran_FPP_000001', 'portal_data': {'code': 'fastran_driver_fastran_driver', 'eventtype': 'IPS_CALL_BEGIN', 'ok': True, 'walltime': '24.36', 'time': '2025-08-19|09:58:56PDT', 'state': 'Running', 'comment': 'Target = fastran_FPP_000001@toric@5:step(0)'}})
2025-08-19 09:58:56,491 fastran_driver_fastran_driver_2 DEBUG    _get_service_response(REQUEST|fastran_FPP_000001@fastran_driver@2|FRAMEWORK@Framework@0|67)
2025-08-19 09:58:56,502 fastran_driver_fastran_driver_2 DEBUG    _get_service_response(REQUEST|fastran_FPP_000001@fastran_driver@2|FRAMEWORK@Framework@0|67), response = ServiceResponseMessage(sender_id=FRAMEWORK@Framework@0, receiver_id=fastran_FPP_000001@fastran_driver@2, request_msg_id=REQUEST|fastran_FPP_000001@fastran_driver@2|FRAMEWORK@Framework@0|67,status=0, args=(None,), message_id=RESPONSE|FRAMEWORK@Framework@0|fastran_FPP_000001@fastran_driver@2|159)
2025-08-19 09:58:56,502 fastran_driver_fastran_driver_2 DEBUG    _invoke_service(): init_call  ('step', 0)
2025-08-19 09:58:56,502 fastran_driver_fastran_driver_2 DEBUG    _get_service_response(REQUEST|fastran_FPP_000001@fastran_driver@2|FRAMEWORK@Framework@0|68)
2025-08-19 09:58:56,503 rf_ic_toric_5   DEBUG    Received Message 
2025-08-19 09:58:56,503 rf_ic_toric_5   DEBUG    Calling method step(0)
2025-08-19 09:58:56,503 rf_ic_toric_5   DEBUG    _invoke_service(): stage_state  (['s000001.00001', 'g000001.00001'], '/pscratch/sd/h/hswils/github_repos/MANTA_DBSCANS/basecase/SCAN/work/plasma_state', '/pscratch/sd/h/hswils/github_repos/MANTA_DBSCANS/basecase/SCAN/work/rf_ic_toric_5')
2025-08-19 09:58:56,503 rf_ic_toric_5   DEBUG    _get_service_response(REQUEST|fastran_FPP_000001@toric@5|FRAMEWORK@Framework@0|10)
2025-08-19 09:58:56,513 fastran_driver_fastran_driver_2 DEBUG    _get_service_response(REQUEST|fastran_FPP_000001@fastran_driver@2|FRAMEWORK@Framework@0|68), response = ServiceResponseMessage(sender_id=FRAMEWORK@Framework@0, receiver_id=fastran_FPP_000001@fastran_driver@2, request_msg_id=REQUEST|fastran_FPP_000001@fastran_driver@2|FRAMEWORK@Framework@0|68,status=0, args=(18,), message_id=RESPONSE|FRAMEWORK@Framework@0|fastran_FPP_000001@fastran_driver@2|160)
2025-08-19 09:58:56,513 fastran_driver_fastran_driver_2 DEBUG    _invoke_service(): wait_call  (18, True)
2025-08-19 09:58:56,513 fastran_driver_fastran_driver_2 DEBUG    _get_service_response(REQUEST|fastran_FPP_000001@fastran_driver@2|FRAMEWORK@Framework@0|69)
2025-08-19 09:58:56,522 rf_ic_toric_5   DEBUG    _get_service_response(REQUEST|fastran_FPP_000001@toric@5|FRAMEWORK@Framework@0|10), response = ServiceResponseMessage(sender_id=FRAMEWORK@Framework@0, receiver_id=fastran_FPP_000001@toric@5, request_msg_id=REQUEST|fastran_FPP_000001@toric@5|FRAMEWORK@Framework@0|10,status=0, args=(0,), message_id=RESPONSE|FRAMEWORK@Framework@0|fastran_FPP_000001@toric@5|161)
2025-08-19 09:58:56,523 rf_ic_toric_5   DEBUG    _invoke_service(): getTopic  ('_IPS_MONITOR',)
2025-08-19 09:58:56,523 rf_ic_toric_5   DEBUG    _get_service_response(REQUEST|fastran_FPP_000001@toric@5|FRAMEWORK@Framework@0|11)
2025-08-19 09:58:56,534 rf_ic_toric_5   DEBUG    _get_service_response(REQUEST|fastran_FPP_000001@toric@5|FRAMEWORK@Framework@0|11), response = ServiceResponseMessage(sender_id=FRAMEWORK@Framework@0, receiver_id=fastran_FPP_000001@toric@5, request_msg_id=REQUEST|fastran_FPP_000001@toric@5|FRAMEWORK@Framework@0|11,status=0, args=(<ipsframework.cca_es_spec.Topic object at 0x7f3a449b7fa0>,), message_id=RESPONSE|FRAMEWORK@Framework@0|fastran_FPP_000001@toric@5|162)
2025-08-19 09:58:56,534 rf_ic_toric_5   DEBUG    _invoke_service(): sendEvent  ('_IPS_MONITOR', 'PORTAL_EVENT', {'sim_name': 'fastran_FPP_000001', 'real_sim_name': 'fastran_FPP_000001', 'portal_data': {'code': 'rf_ic_toric', 'eventtype': 'IPS_STAGE_STATE', 'ok': True, 'walltime': '24.40', 'time': '2025-08-19|09:58:56PDT', 'trace': {'timestamp': 1755622736503835, 'duration': 19217, 'localEndpoint': {'serviceName': 'stage_state'}, 'name': "['s000001.00001', 'g000001.00001']", 'id': '32793a28c0f8ba4b', 'parentId': 'fba610b07eb4a96a', 'tags': {}}, 'state': 'Running', 'comment': 'Elapsed time = 0.019  files = s000001.00001 g000001.00001 Success'}})
2025-08-19 09:58:56,534 rf_ic_toric_5   DEBUG    _get_service_response(REQUEST|fastran_FPP_000001@toric@5|FRAMEWORK@Framework@0|12)
2025-08-19 09:58:56,545 rf_ic_toric_5   DEBUG    _get_service_response(REQUEST|fastran_FPP_000001@toric@5|FRAMEWORK@Framework@0|12), response = ServiceResponseMessage(sender_id=FRAMEWORK@Framework@0, receiver_id=fastran_FPP_000001@toric@5, request_msg_id=REQUEST|fastran_FPP_000001@toric@5|FRAMEWORK@Framework@0|12,status=0, args=(None,), message_id=RESPONSE|FRAMEWORK@Framework@0|fastran_FPP_000001@toric@5|163)
2025-08-19 09:58:56,557 rf_ic_toric_5   DEBUG    _invoke_service(): getTopic  ('_IPS_MONITOR',)
2025-08-19 09:58:56,557 rf_ic_toric_5   DEBUG    _get_service_response(REQUEST|fastran_FPP_000001@toric@5|FRAMEWORK@Framework@0|13)
2025-08-19 09:58:56,568 rf_ic_toric_5   DEBUG    _get_service_response(REQUEST|fastran_FPP_000001@toric@5|FRAMEWORK@Framework@0|13), response = ServiceResponseMessage(sender_id=FRAMEWORK@Framework@0, receiver_id=fastran_FPP_000001@toric@5, request_msg_id=REQUEST|fastran_FPP_000001@toric@5|FRAMEWORK@Framework@0|13,status=0, args=(<ipsframework.cca_es_spec.Topic object at 0x7f3a449b7a60>,), message_id=RESPONSE|FRAMEWORK@Framework@0|fastran_FPP_000001@toric@5|164)
2025-08-19 09:58:56,568 rf_ic_toric_5   DEBUG    _invoke_service(): sendEvent  ('_IPS_MONITOR', 'PORTAL_EVENT', {'sim_name': 'fastran_FPP_000001', 'real_sim_name': 'fastran_FPP_000001', 'portal_data': {'code': 'rf_ic_toric', 'eventtype': 'IPS_STAGE_INPUTS', 'ok': True, 'walltime': '24.44', 'time': '2025-08-19|09:58:56PDT', 'trace': {'timestamp': 1755622736545214, 'duration': 12286, 'localEndpoint': {'serviceName': 'stage_input_files'}, 'name': 'machine.inp equigs_gen.ind torica.inp', 'id': 'b108389cfa22cdf4', 'parentId': 'fba610b07eb4a96a', 'tags': {}}, 'state': 'Running', 'comment': 'Elapsed time = 0.012 Path = /pscratch/sd/h/hswils/github_repos/MANTA_DBSCANS/basecase/input Files = machine.inp equigs_gen.ind torica.inp'}})
2025-08-19 09:58:56,568 rf_ic_toric_5   DEBUG    _get_service_response(REQUEST|fastran_FPP_000001@toric@5|FRAMEWORK@Framework@0|14)
2025-08-19 09:58:56,579 rf_ic_toric_5   DEBUG    _get_service_response(REQUEST|fastran_FPP_000001@toric@5|FRAMEWORK@Framework@0|14), response = ServiceResponseMessage(sender_id=FRAMEWORK@Framework@0, receiver_id=fastran_FPP_000001@toric@5, request_msg_id=REQUEST|fastran_FPP_000001@toric@5|FRAMEWORK@Framework@0|14,status=0, args=(None,), message_id=RESPONSE|FRAMEWORK@Framework@0|fastran_FPP_000001@toric@5|165)
2025-08-19 09:58:57,067 rf_ic_toric_5   DEBUG    _invoke_service(): init_task  (TaskInit(nproc=24, binary='/global/common/software/atom/perlmutter/binaries/toric/default/Ptoric.e', working_dir='/pscratch/sd/h/hswils/github_repos/MANTA_DBSCANS/basecase/SCAN/work/rf_ic_toric_5', tppn=0, tcpp=0, tgpp=0, block=True, omp=False, wnodes=True, wsocks=True, cmd_args=()),)
2025-08-19 09:58:57,067 rf_ic_toric_5   DEBUG    _get_service_response(REQUEST|fastran_FPP_000001@toric@5|FRAMEWORK@Framework@0|15)
2025-08-19 09:58:57,079 rf_ic_toric_5   DEBUG    _get_service_response(REQUEST|fastran_FPP_000001@toric@5|FRAMEWORK@Framework@0|15), response = ServiceResponseMessage(sender_id=FRAMEWORK@Framework@0, receiver_id=fastran_FPP_000001@toric@5, request_msg_id=REQUEST|fastran_FPP_000001@toric@5|FRAMEWORK@Framework@0|15,status=0, args=((2, 'srun -N 1 -n 24 -c 5 --threads-per-core=1 --cpu-bind=cores /global/common/software/atom/perlmutter/binaries/toric/default/Ptoric.e ', None, 128),), message_id=RESPONSE|FRAMEWORK@Framework@0|fastran_FPP_000001@toric@5|167)
2025-08-19 09:58:57,081 rf_ic_toric_5   DEBUG    Launching command : srun -N 1 -n 24 -c 5 --threads-per-core=1 --cpu-bind=cores /global/common/software/atom/perlmutter/binaries/toric/default/Ptoric.e 
2025-08-19 09:58:57,095 rf_ic_toric_5   DEBUG    _invoke_service(): getTopic  ('_IPS_MONITOR',)
2025-08-19 09:58:57,095 rf_ic_toric_5   DEBUG    _get_service_response(REQUEST|fastran_FPP_000001@toric@5|FRAMEWORK@Framework@0|16)
2025-08-19 09:58:57,106 rf_ic_toric_5   DEBUG    _get_service_response(REQUEST|fastran_FPP_000001@toric@5|FRAMEWORK@Framework@0|16), response = ServiceResponseMessage(sender_id=FRAMEWORK@Framework@0, receiver_id=fastran_FPP_000001@toric@5, request_msg_id=REQUEST|fastran_FPP_000001@toric@5|FRAMEWORK@Framework@0|16,status=0, args=(<ipsframework.cca_es_spec.Topic object at 0x7f3a449ded30>,), message_id=RESPONSE|FRAMEWORK@Framework@0|fastran_FPP_000001@toric@5|168)
2025-08-19 09:58:57,106 rf_ic_toric_5   DEBUG    _invoke_service(): sendEvent  ('_IPS_MONITOR', 'PORTAL_EVENT', {'sim_name': 'fastran_FPP_000001', 'real_sim_name': 'fastran_FPP_000001', 'portal_data': {'code': 'rf_ic_toric', 'eventtype': 'IPS_LAUNCH_TASK', 'ok': True, 'walltime': '24.97', 'time': '2025-08-19|09:58:57PDT', 'state': 'Running', 'comment': 'task_id = 2 , Tag = None , nproc = 24 , Target = srun -N 1 -n 24 -c 5 --threads-per-core=1 --cpu-bind=cores /global/common/software/atom/perlmutter/binaries/toric/default/Ptoric.e '}})
2025-08-19 09:58:57,107 rf_ic_toric_5   DEBUG    _get_service_response(REQUEST|fastran_FPP_000001@toric@5|FRAMEWORK@Framework@0|17)
2025-08-19 09:58:57,117 rf_ic_toric_5   DEBUG    _get_service_response(REQUEST|fastran_FPP_000001@toric@5|FRAMEWORK@Framework@0|17), response = ServiceResponseMessage(sender_id=FRAMEWORK@Framework@0, receiver_id=fastran_FPP_000001@toric@5, request_msg_id=REQUEST|fastran_FPP_000001@toric@5|FRAMEWORK@Framework@0|17,status=0, args=(None,), message_id=RESPONSE|FRAMEWORK@Framework@0|fastran_FPP_000001@toric@5|169)
2025-08-19 10:03:51,004 rf_ic_toric_5   DEBUG    _invoke_service(): getTopic  ('_IPS_MONITOR',)
2025-08-19 10:03:51,005 rf_ic_toric_5   DEBUG    _get_service_response(REQUEST|fastran_FPP_000001@toric@5|FRAMEWORK@Framework@0|18)
2025-08-19 10:03:51,016 rf_ic_toric_5   DEBUG    _get_service_response(REQUEST|fastran_FPP_000001@toric@5|FRAMEWORK@Framework@0|18), response = ServiceResponseMessage(sender_id=FRAMEWORK@Framework@0, receiver_id=fastran_FPP_000001@toric@5, request_msg_id=REQUEST|fastran_FPP_000001@toric@5|FRAMEWORK@Framework@0|18,status=0, args=(<ipsframework.cca_es_spec.Topic object at 0x7f3a449dedc0>,), message_id=RESPONSE|FRAMEWORK@Framework@0|fastran_FPP_000001@toric@5|745)
2025-08-19 10:03:51,016 rf_ic_toric_5   DEBUG    _invoke_service(): sendEvent  ('_IPS_MONITOR', 'PORTAL_EVENT', {'sim_name': 'fastran_FPP_000001', 'real_sim_name': 'fastran_FPP_000001', 'portal_data': {'code': 'rf_ic_toric', 'eventtype': 'IPS_TASK_END', 'ok': True, 'walltime': '318.88', 'time': '2025-08-19|10:03:51PDT', 'trace': {'timestamp': 1755622737095541, 'duration': 293909223, 'localEndpoint': {'serviceName': '/global/common/software/atom/perlmutter/binaries/toric/default/Ptoric.e'}, 'name': '', 'id': '2bc83162d12c30de', 'parentId': 'fba610b07eb4a96a', 'tags': {'procs_requested': '24', 'cores_allocated': '128'}}, 'state': 'Running', 'comment': 'task_id = 2  elapsed time = 293.91 S'}})
2025-08-19 10:03:51,016 rf_ic_toric_5   DEBUG    _get_service_response(REQUEST|fastran_FPP_000001@toric@5|FRAMEWORK@Framework@0|19)
2025-08-19 10:03:51,027 rf_ic_toric_5   DEBUG    _get_service_response(REQUEST|fastran_FPP_000001@toric@5|FRAMEWORK@Framework@0|19), response = ServiceResponseMessage(sender_id=FRAMEWORK@Framework@0, receiver_id=fastran_FPP_000001@toric@5, request_msg_id=REQUEST|fastran_FPP_000001@toric@5|FRAMEWORK@Framework@0|19,status=0, args=(None,), message_id=RESPONSE|FRAMEWORK@Framework@0|fastran_FPP_000001@toric@5|746)
2025-08-19 10:03:51,027 rf_ic_toric_5   DEBUG    _invoke_service(): finish_task  (2, 0)
2025-08-19 10:03:51,027 rf_ic_toric_5   DEBUG    _get_service_response(REQUEST|fastran_FPP_000001@toric@5|FRAMEWORK@Framework@0|20)
2025-08-19 10:03:51,038 rf_ic_toric_5   DEBUG    _get_service_response(REQUEST|fastran_FPP_000001@toric@5|FRAMEWORK@Framework@0|20), response = ServiceResponseMessage(sender_id=FRAMEWORK@Framework@0, receiver_id=fastran_FPP_000001@toric@5, request_msg_id=REQUEST|fastran_FPP_000001@toric@5|FRAMEWORK@Framework@0|20,status=0, args=(0,), message_id=RESPONSE|FRAMEWORK@Framework@0|fastran_FPP_000001@toric@5|747)
2025-08-19 10:03:51,353 rf_ic_toric_5   DEBUG    _invoke_service(): merge_current_plasma_state  ('/pscratch/sd/h/hswils/github_repos/MANTA_DBSCANS/basecase/SCAN/work/rf_ic_toric_5/RF_IC_s000001.00001', '/pscratch/sd/h/hswils/github_repos/MANTA_DBSCANS/basecase/SCAN/work/plasma_state/s000001.00001', 'log.update_state', '/global/common/software/atom/perlmutter/binaries/update-state/default/update_state')
2025-08-19 10:03:51,353 rf_ic_toric_5   DEBUG    _get_service_response(REQUEST|fastran_FPP_000001@toric@5|FRAMEWORK@Framework@0|21)
2025-08-19 10:03:51,597 rf_ic_toric_5   DEBUG    _get_service_response(REQUEST|fastran_FPP_000001@toric@5|FRAMEWORK@Framework@0|21), response = ServiceResponseMessage(sender_id=FRAMEWORK@Framework@0, receiver_id=fastran_FPP_000001@toric@5, request_msg_id=REQUEST|fastran_FPP_000001@toric@5|FRAMEWORK@Framework@0|21,status=0, args=(1,), message_id=RESPONSE|FRAMEWORK@Framework@0|fastran_FPP_000001@toric@5|749)
2025-08-19 10:03:51,597 rf_ic_toric_5   DEBUG    _invoke_service(): getTopic  ('_IPS_MONITOR',)
2025-08-19 10:03:51,597 rf_ic_toric_5   DEBUG    _get_service_response(REQUEST|fastran_FPP_000001@toric@5|FRAMEWORK@Framework@0|22)
2025-08-19 10:03:51,608 rf_ic_toric_5   DEBUG    _get_service_response(REQUEST|fastran_FPP_000001@toric@5|FRAMEWORK@Framework@0|22), response = ServiceResponseMessage(sender_id=FRAMEWORK@Framework@0, receiver_id=fastran_FPP_000001@toric@5, request_msg_id=REQUEST|fastran_FPP_000001@toric@5|FRAMEWORK@Framework@0|22,status=0, args=(<ipsframework.cca_es_spec.Topic object at 0x7f3a449debe0>,), message_id=RESPONSE|FRAMEWORK@Framework@0|fastran_FPP_000001@toric@5|750)
2025-08-19 10:03:51,608 rf_ic_toric_5   DEBUG    _invoke_service(): sendEvent  ('_IPS_MONITOR', 'PORTAL_EVENT', {'sim_name': 'fastran_FPP_000001', 'real_sim_name': 'fastran_FPP_000001', 'portal_data': {'code': 'rf_ic_toric', 'eventtype': 'IPS_MERGE_PLASMA_STATE', 'ok': False, 'walltime': '319.48', 'time': '2025-08-19|10:03:51PDT', 'state': 'Running', 'comment': ' Error in call to update_state() : '}})
2025-08-19 10:03:51,608 rf_ic_toric_5   DEBUG    _get_service_response(REQUEST|fastran_FPP_000001@toric@5|FRAMEWORK@Framework@0|23)
2025-08-19 10:03:51,619 rf_ic_toric_5   DEBUG    _get_service_response(REQUEST|fastran_FPP_000001@toric@5|FRAMEWORK@Framework@0|23), response = ServiceResponseMessage(sender_id=FRAMEWORK@Framework@0, receiver_id=fastran_FPP_000001@toric@5, request_msg_id=REQUEST|fastran_FPP_000001@toric@5|FRAMEWORK@Framework@0|23,status=0, args=(None,), message_id=RESPONSE|FRAMEWORK@Framework@0|fastran_FPP_000001@toric@5|751)
2025-08-19 10:03:51,619 rf_ic_toric_5   ERROR    Error merging update /pscratch/sd/h/hswils/github_repos/MANTA_DBSCANS/basecase/SCAN/work/rf_ic_toric_5/RF_IC_s000001.00001 into current plasma state file s000001.00001
2025-08-19 10:03:51,619 rf_ic_toric_5   DEBUG    _invoke_service(): update_state  (['s000001.00001', 'g000001.00001'], '/pscratch/sd/h/hswils/github_repos/MANTA_DBSCANS/basecase/SCAN/work/rf_ic_toric_5', '/pscratch/sd/h/hswils/github_repos/MANTA_DBSCANS/basecase/SCAN/work/plasma_state')
2025-08-19 10:03:51,619 rf_ic_toric_5   DEBUG    _get_service_response(REQUEST|fastran_FPP_000001@toric@5|FRAMEWORK@Framework@0|24)
2025-08-19 10:03:51,638 rf_ic_toric_5   DEBUG    _get_service_response(REQUEST|fastran_FPP_000001@toric@5|FRAMEWORK@Framework@0|24), response = ServiceResponseMessage(sender_id=FRAMEWORK@Framework@0, receiver_id=fastran_FPP_000001@toric@5, request_msg_id=REQUEST|fastran_FPP_000001@toric@5|FRAMEWORK@Framework@0|24,status=0, args=(0,), message_id=RESPONSE|FRAMEWORK@Framework@0|fastran_FPP_000001@toric@5|752)
2025-08-19 10:03:51,638 rf_ic_toric_5   DEBUG    _invoke_service(): getTopic  ('_IPS_MONITOR',)
2025-08-19 10:03:51,638 rf_ic_toric_5   DEBUG    _get_service_response(REQUEST|fastran_FPP_000001@toric@5|FRAMEWORK@Framework@0|25)
2025-08-19 10:03:51,649 rf_ic_toric_5   DEBUG    _get_service_response(REQUEST|fastran_FPP_000001@toric@5|FRAMEWORK@Framework@0|25), response = ServiceResponseMessage(sender_id=FRAMEWORK@Framework@0, receiver_id=fastran_FPP_000001@toric@5, request_msg_id=REQUEST|fastran_FPP_000001@toric@5|FRAMEWORK@Framework@0|25,status=0, args=(<ipsframework.cca_es_spec.Topic object at 0x7f3a449decd0>,), message_id=RESPONSE|FRAMEWORK@Framework@0|fastran_FPP_000001@toric@5|753)
2025-08-19 10:03:51,649 rf_ic_toric_5   DEBUG    _invoke_service(): sendEvent  ('_IPS_MONITOR', 'PORTAL_EVENT', {'sim_name': 'fastran_FPP_000001', 'real_sim_name': 'fastran_FPP_000001', 'portal_data': {'code': 'rf_ic_toric', 'eventtype': 'IPS_UPDATE_STATE', 'ok': True, 'walltime': '319.52', 'time': '2025-08-19|10:03:51PDT', 'trace': {'timestamp': 1755623031619614, 'duration': 19056, 'localEndpoint': {'serviceName': 'update_state'}, 'name': "['s000001.00001', 'g000001.00001']", 'id': 'd2ceaa619acd7d5c', 'parentId': 'fba610b07eb4a96a', 'tags': {}}, 'state': 'Running', 'comment': 'Elapsed time = 0.019   files = s000001.00001 g000001.00001 Success'}})
2025-08-19 10:03:51,650 rf_ic_toric_5   DEBUG    _get_service_response(REQUEST|fastran_FPP_000001@toric@5|FRAMEWORK@Framework@0|26)
2025-08-19 10:03:51,660 rf_ic_toric_5   DEBUG    _get_service_response(REQUEST|fastran_FPP_000001@toric@5|FRAMEWORK@Framework@0|26), response = ServiceResponseMessage(sender_id=FRAMEWORK@Framework@0, receiver_id=fastran_FPP_000001@toric@5, request_msg_id=REQUEST|fastran_FPP_000001@toric@5|FRAMEWORK@Framework@0|26,status=0, args=(None,), message_id=RESPONSE|FRAMEWORK@Framework@0|fastran_FPP_000001@toric@5|754)
2025-08-19 10:03:51,761 rf_ic_toric_5   DEBUG    _invoke_service(): getTopic  ('_IPS_MONITOR',)
2025-08-19 10:03:51,761 rf_ic_toric_5   DEBUG    _get_service_response(REQUEST|fastran_FPP_000001@toric@5|FRAMEWORK@Framework@0|27)
2025-08-19 10:03:51,772 rf_ic_toric_5   DEBUG    _get_service_response(REQUEST|fastran_FPP_000001@toric@5|FRAMEWORK@Framework@0|27), response = ServiceResponseMessage(sender_id=FRAMEWORK@Framework@0, receiver_id=fastran_FPP_000001@toric@5, request_msg_id=REQUEST|fastran_FPP_000001@toric@5|FRAMEWORK@Framework@0|27,status=0, args=(<ipsframework.cca_es_spec.Topic object at 0x7f3a449dee80>,), message_id=RESPONSE|FRAMEWORK@Framework@0|fastran_FPP_000001@toric@5|755)
2025-08-19 10:03:51,772 rf_ic_toric_5   DEBUG    _invoke_service(): sendEvent  ('_IPS_MONITOR', 'PORTAL_EVENT', {'sim_name': 'fastran_FPP_000001', 'real_sim_name': 'fastran_FPP_000001', 'portal_data': {'code': 'rf_ic_toric', 'eventtype': 'IPS_STAGE_OUTPUTS', 'ok': True, 'walltime': '319.64', 'time': '2025-08-19|10:03:51PDT', 'trace': {'timestamp': 1755623031661180, 'duration': 100017, 'localEndpoint': {'serviceName': 'stage_output_files'}, 'name': "['torica.inp', 'machine.inp', 'log.toric', 'toric.nc', 'profstat.dat', 'equigs.data', 'equidt.data', 'toric_cfg.nc']", 'id': '749f5c33ef51fb56', 'parentId': 'fba610b07eb4a96a', 'tags': {}}, 'state': 'Running', 'comment': "Elapsed time = 0.100 Path = /pscratch/sd/h/hswils/github_repos/MANTA_DBSCANS/basecase/SCAN/simulation_results/0/components/rf_ic_toric_5 Files = ['torica.inp', 'machine.inp', 'log.toric', 'toric.nc', 'profstat.dat', 'equigs.data', 'equidt.data', 'toric_cfg.nc']"}})
2025-08-19 10:03:51,772 rf_ic_toric_5   DEBUG    _get_service_response(REQUEST|fastran_FPP_000001@toric@5|FRAMEWORK@Framework@0|28)
2025-08-19 10:03:51,782 rf_ic_toric_5   DEBUG    _get_service_response(REQUEST|fastran_FPP_000001@toric@5|FRAMEWORK@Framework@0|28), response = ServiceResponseMessage(sender_id=FRAMEWORK@Framework@0, receiver_id=fastran_FPP_000001@toric@5, request_msg_id=REQUEST|fastran_FPP_000001@toric@5|FRAMEWORK@Framework@0|28,status=0, args=(None,), message_id=RESPONSE|FRAMEWORK@Framework@0|fastran_FPP_000001@toric@5|756)
2025-08-19 10:03:51,795 fastran_driver_fastran_driver_2 DEBUG    _get_service_response(REQUEST|fastran_FPP_000001@fastran_driver@2|FRAMEWORK@Framework@0|69), response = ServiceResponseMessage(sender_id=FRAMEWORK@Framework@0, receiver_id=fastran_FPP_000001@fastran_driver@2, request_msg_id=REQUEST|fastran_FPP_000001@fastran_driver@2|FRAMEWORK@Framework@0|69,status=0, args=((0,),), message_id=RESPONSE|FRAMEWORK@Framework@0|fastran_FPP_000001@fastran_driver@2|757)
2025-08-19 10:03:51,796 fastran_driver_fastran_driver_2 DEBUG    _invoke_service(): getTopic  ('_IPS_MONITOR',)
2025-08-19 10:03:51,796 fastran_driver_fastran_driver_2 DEBUG    _get_service_response(REQUEST|fastran_FPP_000001@fastran_driver@2|FRAMEWORK@Framework@0|70)
2025-08-19 10:03:51,808 fastran_driver_fastran_driver_2 DEBUG    _get_service_response(REQUEST|fastran_FPP_000001@fastran_driver@2|FRAMEWORK@Framework@0|70), response = ServiceResponseMessage(sender_id=FRAMEWORK@Framework@0, receiver_id=fastran_FPP_000001@fastran_driver@2, request_msg_id=REQUEST|fastran_FPP_000001@fastran_driver@2|FRAMEWORK@Framework@0|70,status=0, args=(<ipsframework.cca_es_spec.Topic object at 0x7f3a44a20220>,), message_id=RESPONSE|FRAMEWORK@Framework@0|fastran_FPP_000001@fastran_driver@2|758)
2025-08-19 10:03:51,808 fastran_driver_fastran_driver_2 DEBUG    _invoke_service(): sendEvent  ('_IPS_MONITOR', 'PORTAL_EVENT', {'sim_name': 'fastran_FPP_000001', 'real_sim_name': 'fastran_FPP_000001', 'portal_data': {'code': 'fastran_driver_fastran_driver', 'eventtype': 'IPS_CALL_END', 'ok': True, 'walltime': '319.67', 'time': '2025-08-19|10:03:51PDT', 'trace': {'timestamp': 1755622736513665, 'duration': 295282560, 'localEndpoint': {'serviceName': 'fastran_FPP_000001@toric@5'}, 'name': 'step(0)', 'id': 'fba610b07eb4a96a', 'parentId': 'f899e3e5886669ce', 'tags': {}}, 'state': 'Running', 'comment': 'Target = fastran_FPP_000001@toric@5:step(0)'}})
2025-08-19 10:03:51,808 fastran_driver_fastran_driver_2 DEBUG    _get_service_response(REQUEST|fastran_FPP_000001@fastran_driver@2|FRAMEWORK@Framework@0|71)
2025-08-19 10:03:51,819 fastran_driver_fastran_driver_2 DEBUG    _get_service_response(REQUEST|fastran_FPP_000001@fastran_driver@2|FRAMEWORK@Framework@0|71), response = ServiceResponseMessage(sender_id=FRAMEWORK@Framework@0, receiver_id=fastran_FPP_000001@fastran_driver@2, request_msg_id=REQUEST|fastran_FPP_000001@fastran_driver@2|FRAMEWORK@Framework@0|71,status=0, args=(None,), message_id=RESPONSE|FRAMEWORK@Framework@0|fastran_FPP_000001@fastran_driver@2|759)
2025-08-19 10:03:51,820 fastran_driver_fastran_driver_2 DEBUG    _invoke_service(): getTopic  ('_IPS_MONITOR',)
2025-08-19 10:03:51,820 fastran_driver_fastran_driver_2 DEBUG    _get_service_response(REQUEST|fastran_FPP_000001@fastran_driver@2|FRAMEWORK@Framework@0|72)
2025-08-19 10:03:51,830 fastran_driver_fastran_driver_2 DEBUG    _get_service_response(REQUEST|fastran_FPP_000001@fastran_driver@2|FRAMEWORK@Framework@0|72), response = ServiceResponseMessage(sender_id=FRAMEWORK@Framework@0, receiver_id=fastran_FPP_000001@fastran_driver@2, request_msg_id=REQUEST|fastran_FPP_000001@fastran_driver@2|FRAMEWORK@Framework@0|72,status=0, args=(<ipsframework.cca_es_spec.Topic object at 0x7f3a44a207c0>,), message_id=RESPONSE|FRAMEWORK@Framework@0|fastran_FPP_000001@fastran_driver@2|760)
2025-08-19 10:03:51,830 fastran_driver_fastran_driver_2 DEBUG    _invoke_service(): sendEvent  ('_IPS_MONITOR', 'PORTAL_EVENT', {'sim_name': 'fastran_FPP_000001', 'real_sim_name': 'fastran_FPP_000001', 'portal_data': {'code': 'fastran_driver_fastran_driver', 'eventtype': 'IPS_CALL_BEGIN', 'ok': True, 'walltime': '319.70', 'time': '2025-08-19|10:03:51PDT', 'state': 'Running', 'comment': 'Target = fastran_FPP_000001@efit@6:step(0)'}})
2025-08-19 10:03:51,831 fastran_driver_fastran_driver_2 DEBUG    _get_service_response(REQUEST|fastran_FPP_000001@fastran_driver@2|FRAMEWORK@Framework@0|73)
2025-08-19 10:03:51,841 fastran_driver_fastran_driver_2 DEBUG    _get_service_response(REQUEST|fastran_FPP_000001@fastran_driver@2|FRAMEWORK@Framework@0|73), response = ServiceResponseMessage(sender_id=FRAMEWORK@Framework@0, receiver_id=fastran_FPP_000001@fastran_driver@2, request_msg_id=REQUEST|fastran_FPP_000001@fastran_driver@2|FRAMEWORK@Framework@0|73,status=0, args=(None,), message_id=RESPONSE|FRAMEWORK@Framework@0|fastran_FPP_000001@fastran_driver@2|761)
2025-08-19 10:03:51,842 fastran_driver_fastran_driver_2 DEBUG    _invoke_service(): init_call  ('step', 0)
2025-08-19 10:03:51,842 fastran_driver_fastran_driver_2 DEBUG    _get_service_response(REQUEST|fastran_FPP_000001@fastran_driver@2|FRAMEWORK@Framework@0|74)
2025-08-19 10:03:51,843 fastran_eq_efit_6 DEBUG    Received Message 
2025-08-19 10:03:51,843 fastran_eq_efit_6 DEBUG    Calling method step(0)
2025-08-19 10:03:51,843 fastran_eq_efit_6 DEBUG    _invoke_service(): stage_state  (['s000001.00001', 'g000001.00001', 'i000001.00001'], '/pscratch/sd/h/hswils/github_repos/MANTA_DBSCANS/basecase/SCAN/work/plasma_state', '/pscratch/sd/h/hswils/github_repos/MANTA_DBSCANS/basecase/SCAN/work/fastran_eq_efit_6')
2025-08-19 10:03:51,843 fastran_eq_efit_6 DEBUG    _get_service_response(REQUEST|fastran_FPP_000001@efit@6|FRAMEWORK@Framework@0|0)
2025-08-19 10:03:51,853 fastran_driver_fastran_driver_2 DEBUG    _get_service_response(REQUEST|fastran_FPP_000001@fastran_driver@2|FRAMEWORK@Framework@0|74), response = ServiceResponseMessage(sender_id=FRAMEWORK@Framework@0, receiver_id=fastran_FPP_000001@fastran_driver@2, request_msg_id=REQUEST|fastran_FPP_000001@fastran_driver@2|FRAMEWORK@Framework@0|74,status=0, args=(19,), message_id=RESPONSE|FRAMEWORK@Framework@0|fastran_FPP_000001@fastran_driver@2|762)
2025-08-19 10:03:51,853 fastran_driver_fastran_driver_2 DEBUG    _invoke_service(): wait_call  (19, True)
2025-08-19 10:03:51,853 fastran_driver_fastran_driver_2 DEBUG    _get_service_response(REQUEST|fastran_FPP_000001@fastran_driver@2|FRAMEWORK@Framework@0|75)
2025-08-19 10:03:51,865 fastran_eq_efit_6 DEBUG    _get_service_response(REQUEST|fastran_FPP_000001@efit@6|FRAMEWORK@Framework@0|0), response = ServiceResponseMessage(sender_id=FRAMEWORK@Framework@0, receiver_id=fastran_FPP_000001@efit@6, request_msg_id=REQUEST|fastran_FPP_000001@efit@6|FRAMEWORK@Framework@0|0,status=0, args=(0,), message_id=RESPONSE|FRAMEWORK@Framework@0|fastran_FPP_000001@efit@6|763)
2025-08-19 10:03:51,865 fastran_eq_efit_6 DEBUG    _invoke_service(): getTopic  ('_IPS_MONITOR',)
2025-08-19 10:03:51,865 fastran_eq_efit_6 DEBUG    _get_service_response(REQUEST|fastran_FPP_000001@efit@6|FRAMEWORK@Framework@0|1)
2025-08-19 10:03:51,876 fastran_eq_efit_6 DEBUG    _get_service_response(REQUEST|fastran_FPP_000001@efit@6|FRAMEWORK@Framework@0|1), response = ServiceResponseMessage(sender_id=FRAMEWORK@Framework@0, receiver_id=fastran_FPP_000001@efit@6, request_msg_id=REQUEST|fastran_FPP_000001@efit@6|FRAMEWORK@Framework@0|1,status=0, args=(<ipsframework.cca_es_spec.Topic object at 0x7f3a449b73d0>,), message_id=RESPONSE|FRAMEWORK@Framework@0|fastran_FPP_000001@efit@6|765)
2025-08-19 10:03:51,876 fastran_eq_efit_6 DEBUG    _invoke_service(): sendEvent  ('_IPS_MONITOR', 'PORTAL_EVENT', {'sim_name': 'fastran_FPP_000001', 'real_sim_name': 'fastran_FPP_000001', 'portal_data': {'code': 'fastran_eq_efit', 'eventtype': 'IPS_STAGE_STATE', 'ok': True, 'walltime': '319.74', 'time': '2025-08-19|10:03:51PDT', 'trace': {'timestamp': 1755623031843438, 'duration': 21854, 'localEndpoint': {'serviceName': 'stage_state'}, 'name': "['s000001.00001', 'g000001.00001', 'i000001.00001']", 'id': '71885aecf25d7412', 'parentId': '1cd3b8ed025d3002', 'tags': {}}, 'state': 'Running', 'comment': 'Elapsed time = 0.022  files = s000001.00001 g000001.00001 i000001.00001 Success'}})
2025-08-19 10:03:51,876 fastran_eq_efit_6 DEBUG    _get_service_response(REQUEST|fastran_FPP_000001@efit@6|FRAMEWORK@Framework@0|2)
2025-08-19 10:03:51,886 fastran_eq_efit_6 DEBUG    _get_service_response(REQUEST|fastran_FPP_000001@efit@6|FRAMEWORK@Framework@0|2), response = ServiceResponseMessage(sender_id=FRAMEWORK@Framework@0, receiver_id=fastran_FPP_000001@efit@6, request_msg_id=REQUEST|fastran_FPP_000001@efit@6|FRAMEWORK@Framework@0|2,status=0, args=(None,), message_id=RESPONSE|FRAMEWORK@Framework@0|fastran_FPP_000001@efit@6|766)
2025-08-19 10:03:54,554 fastran_eq_efit_6 DEBUG    _invoke_service(): update_state  (['s000001.00001', 'g000001.00001', 'i000001.00001'], '/pscratch/sd/h/hswils/github_repos/MANTA_DBSCANS/basecase/SCAN/work/fastran_eq_efit_6', '/pscratch/sd/h/hswils/github_repos/MANTA_DBSCANS/basecase/SCAN/work/plasma_state')
2025-08-19 10:03:54,554 fastran_eq_efit_6 DEBUG    _get_service_response(REQUEST|fastran_FPP_000001@efit@6|FRAMEWORK@Framework@0|3)
2025-08-19 10:03:54,575 fastran_eq_efit_6 DEBUG    _get_service_response(REQUEST|fastran_FPP_000001@efit@6|FRAMEWORK@Framework@0|3), response = ServiceResponseMessage(sender_id=FRAMEWORK@Framework@0, receiver_id=fastran_FPP_000001@efit@6, request_msg_id=REQUEST|fastran_FPP_000001@efit@6|FRAMEWORK@Framework@0|3,status=0, args=(0,), message_id=RESPONSE|FRAMEWORK@Framework@0|fastran_FPP_000001@efit@6|772)
2025-08-19 10:03:54,575 fastran_eq_efit_6 DEBUG    _invoke_service(): getTopic  ('_IPS_MONITOR',)
2025-08-19 10:03:54,575 fastran_eq_efit_6 DEBUG    _get_service_response(REQUEST|fastran_FPP_000001@efit@6|FRAMEWORK@Framework@0|4)
2025-08-19 10:03:54,586 fastran_eq_efit_6 DEBUG    _get_service_response(REQUEST|fastran_FPP_000001@efit@6|FRAMEWORK@Framework@0|4), response = ServiceResponseMessage(sender_id=FRAMEWORK@Framework@0, receiver_id=fastran_FPP_000001@efit@6, request_msg_id=REQUEST|fastran_FPP_000001@efit@6|FRAMEWORK@Framework@0|4,status=0, args=(<ipsframework.cca_es_spec.Topic object at 0x7f3a449ba730>,), message_id=RESPONSE|FRAMEWORK@Framework@0|fastran_FPP_000001@efit@6|773)
2025-08-19 10:03:54,586 fastran_eq_efit_6 DEBUG    _invoke_service(): sendEvent  ('_IPS_MONITOR', 'PORTAL_EVENT', {'sim_name': 'fastran_FPP_000001', 'real_sim_name': 'fastran_FPP_000001', 'portal_data': {'code': 'fastran_eq_efit', 'eventtype': 'IPS_UPDATE_STATE', 'ok': True, 'walltime': '322.45', 'time': '2025-08-19|10:03:54PDT', 'trace': {'timestamp': 1755623034553677, 'duration': 21916, 'localEndpoint': {'serviceName': 'update_state'}, 'name': "['s000001.00001', 'g000001.00001', 'i000001.00001']", 'id': '7629e189a66153c0', 'parentId': '1cd3b8ed025d3002', 'tags': {}}, 'state': 'Running', 'comment': 'Elapsed time = 0.022   files = s000001.00001 g000001.00001 i000001.00001 Success'}})
2025-08-19 10:03:54,586 fastran_eq_efit_6 DEBUG    _get_service_response(REQUEST|fastran_FPP_000001@efit@6|FRAMEWORK@Framework@0|5)
2025-08-19 10:03:54,597 fastran_eq_efit_6 DEBUG    _get_service_response(REQUEST|fastran_FPP_000001@efit@6|FRAMEWORK@Framework@0|5), response = ServiceResponseMessage(sender_id=FRAMEWORK@Framework@0, receiver_id=fastran_FPP_000001@efit@6, request_msg_id=REQUEST|fastran_FPP_000001@efit@6|FRAMEWORK@Framework@0|5,status=0, args=(None,), message_id=RESPONSE|FRAMEWORK@Framework@0|fastran_FPP_000001@efit@6|774)
2025-08-19 10:03:54,621 fastran_eq_efit_6 DEBUG    _invoke_service(): getTopic  ('_IPS_MONITOR',)
2025-08-19 10:03:54,621 fastran_eq_efit_6 DEBUG    _get_service_response(REQUEST|fastran_FPP_000001@efit@6|FRAMEWORK@Framework@0|6)
2025-08-19 10:03:54,632 fastran_eq_efit_6 DEBUG    _get_service_response(REQUEST|fastran_FPP_000001@efit@6|FRAMEWORK@Framework@0|6), response = ServiceResponseMessage(sender_id=FRAMEWORK@Framework@0, receiver_id=fastran_FPP_000001@efit@6, request_msg_id=REQUEST|fastran_FPP_000001@efit@6|FRAMEWORK@Framework@0|6,status=0, args=(<ipsframework.cca_es_spec.Topic object at 0x7f3a449babb0>,), message_id=RESPONSE|FRAMEWORK@Framework@0|fastran_FPP_000001@efit@6|775)
2025-08-19 10:03:54,632 fastran_eq_efit_6 DEBUG    _invoke_service(): sendEvent  ('_IPS_MONITOR', 'PORTAL_EVENT', {'sim_name': 'fastran_FPP_000001', 'real_sim_name': 'fastran_FPP_000001', 'portal_data': {'code': 'fastran_eq_efit', 'eventtype': 'IPS_STAGE_OUTPUTS', 'ok': True, 'walltime': '322.50', 'time': '2025-08-19|10:03:54PDT', 'trace': {'timestamp': 1755623034597309, 'duration': 24251, 'localEndpoint': {'serviceName': 'stage_output_files'}, 'name': "['g*.*', 'a*.*', 'm*.*', 'k*.*', 'efit.log', 's*.*']", 'id': '80725d8eee5776f1', 'parentId': '1cd3b8ed025d3002', 'tags': {}}, 'state': 'Running', 'comment': "Elapsed time = 0.024 Path = /pscratch/sd/h/hswils/github_repos/MANTA_DBSCANS/basecase/SCAN/simulation_results/0/components/fastran_eq_efit_6 Files = ['g*.*', 'a*.*', 'm*.*', 'k*.*', 'efit.log', 's*.*']"}})
2025-08-19 10:03:54,632 fastran_eq_efit_6 DEBUG    _get_service_response(REQUEST|fastran_FPP_000001@efit@6|FRAMEWORK@Framework@0|7)
2025-08-19 10:03:54,642 fastran_eq_efit_6 DEBUG    _get_service_response(REQUEST|fastran_FPP_000001@efit@6|FRAMEWORK@Framework@0|7), response = ServiceResponseMessage(sender_id=FRAMEWORK@Framework@0, receiver_id=fastran_FPP_000001@efit@6, request_msg_id=REQUEST|fastran_FPP_000001@efit@6|FRAMEWORK@Framework@0|7,status=0, args=(None,), message_id=RESPONSE|FRAMEWORK@Framework@0|fastran_FPP_000001@efit@6|776)
2025-08-19 10:03:54,654 fastran_driver_fastran_driver_2 DEBUG    _get_service_response(REQUEST|fastran_FPP_000001@fastran_driver@2|FRAMEWORK@Framework@0|75), response = ServiceResponseMessage(sender_id=FRAMEWORK@Framework@0, receiver_id=fastran_FPP_000001@fastran_driver@2, request_msg_id=REQUEST|fastran_FPP_000001@fastran_driver@2|FRAMEWORK@Framework@0|75,status=0, args=((None,),), message_id=RESPONSE|FRAMEWORK@Framework@0|fastran_FPP_000001@fastran_driver@2|777)
2025-08-19 10:03:54,654 fastran_driver_fastran_driver_2 DEBUG    _invoke_service(): getTopic  ('_IPS_MONITOR',)
2025-08-19 10:03:54,654 fastran_driver_fastran_driver_2 DEBUG    _get_service_response(REQUEST|fastran_FPP_000001@fastran_driver@2|FRAMEWORK@Framework@0|76)
2025-08-19 10:03:54,665 fastran_driver_fastran_driver_2 DEBUG    _get_service_response(REQUEST|fastran_FPP_000001@fastran_driver@2|FRAMEWORK@Framework@0|76), response = ServiceResponseMessage(sender_id=FRAMEWORK@Framework@0, receiver_id=fastran_FPP_000001@fastran_driver@2, request_msg_id=REQUEST|fastran_FPP_000001@fastran_driver@2|FRAMEWORK@Framework@0|76,status=0, args=(<ipsframework.cca_es_spec.Topic object at 0x7f3a44a206d0>,), message_id=RESPONSE|FRAMEWORK@Framework@0|fastran_FPP_000001@fastran_driver@2|778)
2025-08-19 10:03:54,665 fastran_driver_fastran_driver_2 DEBUG    _invoke_service(): sendEvent  ('_IPS_MONITOR', 'PORTAL_EVENT', {'sim_name': 'fastran_FPP_000001', 'real_sim_name': 'fastran_FPP_000001', 'portal_data': {'code': 'fastran_driver_fastran_driver', 'eventtype': 'IPS_CALL_END', 'ok': True, 'walltime': '322.53', 'time': '2025-08-19|10:03:54PDT', 'trace': {'timestamp': 1755623031853271, 'duration': 2801257, 'localEndpoint': {'serviceName': 'fastran_FPP_000001@efit@6'}, 'name': 'step(0)', 'id': '1cd3b8ed025d3002', 'parentId': 'f899e3e5886669ce', 'tags': {}}, 'state': 'Running', 'comment': 'Target = fastran_FPP_000001@efit@6:step(0)'}})
2025-08-19 10:03:54,665 fastran_driver_fastran_driver_2 DEBUG    _get_service_response(REQUEST|fastran_FPP_000001@fastran_driver@2|FRAMEWORK@Framework@0|77)
2025-08-19 10:03:54,676 fastran_driver_fastran_driver_2 DEBUG    _get_service_response(REQUEST|fastran_FPP_000001@fastran_driver@2|FRAMEWORK@Framework@0|77), response = ServiceResponseMessage(sender_id=FRAMEWORK@Framework@0, receiver_id=fastran_FPP_000001@fastran_driver@2, request_msg_id=REQUEST|fastran_FPP_000001@fastran_driver@2|FRAMEWORK@Framework@0|77,status=0, args=(None,), message_id=RESPONSE|FRAMEWORK@Framework@0|fastran_FPP_000001@fastran_driver@2|779)
2025-08-19 10:03:54,676 fastran_driver_fastran_driver_2 DEBUG    _invoke_service(): getTopic  ('_IPS_MONITOR',)
2025-08-19 10:03:54,676 fastran_driver_fastran_driver_2 DEBUG    _get_service_response(REQUEST|fastran_FPP_000001@fastran_driver@2|FRAMEWORK@Framework@0|78)
2025-08-19 10:03:54,687 fastran_driver_fastran_driver_2 DEBUG    _get_service_response(REQUEST|fastran_FPP_000001@fastran_driver@2|FRAMEWORK@Framework@0|78), response = ServiceResponseMessage(sender_id=FRAMEWORK@Framework@0, receiver_id=fastran_FPP_000001@fastran_driver@2, request_msg_id=REQUEST|fastran_FPP_000001@fastran_driver@2|FRAMEWORK@Framework@0|78,status=0, args=(<ipsframework.cca_es_spec.Topic object at 0x7f3a44a207f0>,), message_id=RESPONSE|FRAMEWORK@Framework@0|fastran_FPP_000001@fastran_driver@2|780)
2025-08-19 10:03:54,687 fastran_driver_fastran_driver_2 DEBUG    _invoke_service(): sendEvent  ('_IPS_MONITOR', 'PORTAL_EVENT', {'sim_name': 'fastran_FPP_000001', 'real_sim_name': 'fastran_FPP_000001', 'portal_data': {'code': 'fastran_driver_fastran_driver', 'eventtype': 'IPS_CALL_BEGIN', 'ok': True, 'walltime': '322.55', 'time': '2025-08-19|10:03:54PDT', 'state': 'Running', 'comment': 'Target = fastran_FPP_000001@fastran@7:step(0)'}})
2025-08-19 10:03:54,687 fastran_driver_fastran_driver_2 DEBUG    _get_service_response(REQUEST|fastran_FPP_000001@fastran_driver@2|FRAMEWORK@Framework@0|79)
2025-08-19 10:03:54,698 fastran_driver_fastran_driver_2 DEBUG    _get_service_response(REQUEST|fastran_FPP_000001@fastran_driver@2|FRAMEWORK@Framework@0|79), response = ServiceResponseMessage(sender_id=FRAMEWORK@Framework@0, receiver_id=fastran_FPP_000001@fastran_driver@2, request_msg_id=REQUEST|fastran_FPP_000001@fastran_driver@2|FRAMEWORK@Framework@0|79,status=0, args=(None,), message_id=RESPONSE|FRAMEWORK@Framework@0|fastran_FPP_000001@fastran_driver@2|781)
2025-08-19 10:03:54,698 fastran_driver_fastran_driver_2 DEBUG    _invoke_service(): init_call  ('step', 0)
2025-08-19 10:03:54,698 fastran_driver_fastran_driver_2 DEBUG    _get_service_response(REQUEST|fastran_FPP_000001@fastran_driver@2|FRAMEWORK@Framework@0|80)
2025-08-19 10:03:54,699 fastran_tr_fastran_7 DEBUG    Received Message 
2025-08-19 10:03:54,699 fastran_tr_fastran_7 DEBUG    Calling method step(0)
2025-08-19 10:03:54,700 fastran_tr_fastran_7 DEBUG    _invoke_service(): stage_state  (['s000001.00001', 'g000001.00001', 'i000001.00001'], '/pscratch/sd/h/hswils/github_repos/MANTA_DBSCANS/basecase/SCAN/work/plasma_state', '/pscratch/sd/h/hswils/github_repos/MANTA_DBSCANS/basecase/SCAN/work/fastran_tr_fastran_7')
2025-08-19 10:03:54,700 fastran_tr_fastran_7 DEBUG    _get_service_response(REQUEST|fastran_FPP_000001@fastran@7|FRAMEWORK@Framework@0|0)
2025-08-19 10:03:54,709 fastran_driver_fastran_driver_2 DEBUG    _get_service_response(REQUEST|fastran_FPP_000001@fastran_driver@2|FRAMEWORK@Framework@0|80), response = ServiceResponseMessage(sender_id=FRAMEWORK@Framework@0, receiver_id=fastran_FPP_000001@fastran_driver@2, request_msg_id=REQUEST|fastran_FPP_000001@fastran_driver@2|FRAMEWORK@Framework@0|80,status=0, args=(20,), message_id=RESPONSE|FRAMEWORK@Framework@0|fastran_FPP_000001@fastran_driver@2|782)
2025-08-19 10:03:54,709 fastran_driver_fastran_driver_2 DEBUG    _invoke_service(): wait_call  (20, True)
2025-08-19 10:03:54,709 fastran_driver_fastran_driver_2 DEBUG    _get_service_response(REQUEST|fastran_FPP_000001@fastran_driver@2|FRAMEWORK@Framework@0|81)
2025-08-19 10:03:54,721 fastran_tr_fastran_7 DEBUG    _get_service_response(REQUEST|fastran_FPP_000001@fastran@7|FRAMEWORK@Framework@0|0), response = ServiceResponseMessage(sender_id=FRAMEWORK@Framework@0, receiver_id=fastran_FPP_000001@fastran@7, request_msg_id=REQUEST|fastran_FPP_000001@fastran@7|FRAMEWORK@Framework@0|0,status=0, args=(0,), message_id=RESPONSE|FRAMEWORK@Framework@0|fastran_FPP_000001@fastran@7|783)
2025-08-19 10:03:54,721 fastran_tr_fastran_7 DEBUG    _invoke_service(): getTopic  ('_IPS_MONITOR',)
2025-08-19 10:03:54,721 fastran_tr_fastran_7 DEBUG    _get_service_response(REQUEST|fastran_FPP_000001@fastran@7|FRAMEWORK@Framework@0|1)
2025-08-19 10:03:54,732 fastran_tr_fastran_7 DEBUG    _get_service_response(REQUEST|fastran_FPP_000001@fastran@7|FRAMEWORK@Framework@0|1), response = ServiceResponseMessage(sender_id=FRAMEWORK@Framework@0, receiver_id=fastran_FPP_000001@fastran@7, request_msg_id=REQUEST|fastran_FPP_000001@fastran@7|FRAMEWORK@Framework@0|1,status=0, args=(<ipsframework.cca_es_spec.Topic object at 0x7f3a449baac0>,), message_id=RESPONSE|FRAMEWORK@Framework@0|fastran_FPP_000001@fastran@7|784)
2025-08-19 10:03:54,732 fastran_tr_fastran_7 DEBUG    _invoke_service(): sendEvent  ('_IPS_MONITOR', 'PORTAL_EVENT', {'sim_name': 'fastran_FPP_000001', 'real_sim_name': 'fastran_FPP_000001', 'portal_data': {'code': 'fastran_tr_fastran', 'eventtype': 'IPS_STAGE_STATE', 'ok': True, 'walltime': '322.60', 'time': '2025-08-19|10:03:54PDT', 'trace': {'timestamp': 1755623034699935, 'duration': 21792, 'localEndpoint': {'serviceName': 'stage_state'}, 'name': "['s000001.00001', 'g000001.00001', 'i000001.00001']", 'id': '71885aecf25d7412', 'parentId': 'dacd0f2f983bbd96', 'tags': {}}, 'state': 'Running', 'comment': 'Elapsed time = 0.022  files = s000001.00001 g000001.00001 i000001.00001 Success'}})
2025-08-19 10:03:54,732 fastran_tr_fastran_7 DEBUG    _get_service_response(REQUEST|fastran_FPP_000001@fastran@7|FRAMEWORK@Framework@0|2)
2025-08-19 10:03:54,743 fastran_tr_fastran_7 DEBUG    _get_service_response(REQUEST|fastran_FPP_000001@fastran@7|FRAMEWORK@Framework@0|2), response = ServiceResponseMessage(sender_id=FRAMEWORK@Framework@0, receiver_id=fastran_FPP_000001@fastran@7, request_msg_id=REQUEST|fastran_FPP_000001@fastran@7|FRAMEWORK@Framework@0|2,status=0, args=(None,), message_id=RESPONSE|FRAMEWORK@Framework@0|fastran_FPP_000001@fastran@7|785)
2025-08-19 10:03:54,771 fastran_tr_fastran_7 DEBUG    _invoke_service(): getTopic  ('_IPS_MONITOR',)
2025-08-19 10:03:54,771 fastran_tr_fastran_7 DEBUG    _get_service_response(REQUEST|fastran_FPP_000001@fastran@7|FRAMEWORK@Framework@0|3)
2025-08-19 10:03:54,781 fastran_tr_fastran_7 DEBUG    _get_service_response(REQUEST|fastran_FPP_000001@fastran@7|FRAMEWORK@Framework@0|3), response = ServiceResponseMessage(sender_id=FRAMEWORK@Framework@0, receiver_id=fastran_FPP_000001@fastran@7, request_msg_id=REQUEST|fastran_FPP_000001@fastran@7|FRAMEWORK@Framework@0|3,status=0, args=(<ipsframework.cca_es_spec.Topic object at 0x7f3a449bac10>,), message_id=RESPONSE|FRAMEWORK@Framework@0|fastran_FPP_000001@fastran@7|786)
2025-08-19 10:03:54,782 fastran_tr_fastran_7 DEBUG    _invoke_service(): sendEvent  ('_IPS_MONITOR', 'PORTAL_EVENT', {'sim_name': 'fastran_FPP_000001', 'real_sim_name': 'fastran_FPP_000001', 'portal_data': {'code': 'fastran_tr_fastran', 'eventtype': 'IPS_STAGE_INPUTS', 'ok': True, 'walltime': '322.65', 'time': '2025-08-19|10:03:54PDT', 'trace': {'timestamp': 1755623034743726, 'duration': 27685, 'localEndpoint': {'serviceName': 'stage_input_files'}, 'name': 'infastran intglf', 'id': '5ff6e2efe4653e6c', 'parentId': 'dacd0f2f983bbd96', 'tags': {}}, 'state': 'Running', 'comment': 'Elapsed time = 0.028 Path = /pscratch/sd/h/hswils/github_repos/MANTA_DBSCANS/basecase/input Files = infastran intglf'}})
2025-08-19 10:03:54,782 fastran_tr_fastran_7 DEBUG    _get_service_response(REQUEST|fastran_FPP_000001@fastran@7|FRAMEWORK@Framework@0|4)
2025-08-19 10:03:54,792 fastran_tr_fastran_7 DEBUG    _get_service_response(REQUEST|fastran_FPP_000001@fastran@7|FRAMEWORK@Framework@0|4), response = ServiceResponseMessage(sender_id=FRAMEWORK@Framework@0, receiver_id=fastran_FPP_000001@fastran@7, request_msg_id=REQUEST|fastran_FPP_000001@fastran@7|FRAMEWORK@Framework@0|4,status=0, args=(None,), message_id=RESPONSE|FRAMEWORK@Framework@0|fastran_FPP_000001@fastran@7|787)
2025-08-19 10:03:55,035 fastran_tr_fastran_7 DEBUG    _invoke_service(): init_task  (TaskInit(nproc=1, binary='/global/common/software/atom/perlmutter/binaries/fastran/default/xfastran_ver1.06', working_dir='/pscratch/sd/h/hswils/github_repos/MANTA_DBSCANS/basecase/SCAN/work/fastran_tr_fastran_7', tppn=0, tcpp=0, tgpp=0, block=True, omp=False, wnodes=True, wsocks=True, cmd_args=('1', '1')),)
2025-08-19 10:03:55,036 fastran_tr_fastran_7 DEBUG    _get_service_response(REQUEST|fastran_FPP_000001@fastran@7|FRAMEWORK@Framework@0|5)
2025-08-19 10:03:55,047 fastran_tr_fastran_7 DEBUG    _get_service_response(REQUEST|fastran_FPP_000001@fastran@7|FRAMEWORK@Framework@0|5), response = ServiceResponseMessage(sender_id=FRAMEWORK@Framework@0, receiver_id=fastran_FPP_000001@fastran@7, request_msg_id=REQUEST|fastran_FPP_000001@fastran@7|FRAMEWORK@Framework@0|5,status=0, args=((3, 'srun -N 1 -n 1 -c 128 --threads-per-core=1 --cpu-bind=cores /global/common/software/atom/perlmutter/binaries/fastran/default/xfastran_ver1.06 1 1', None, 128),), message_id=RESPONSE|FRAMEWORK@Framework@0|fastran_FPP_000001@fastran@7|789)
2025-08-19 10:03:55,048 fastran_tr_fastran_7 DEBUG    Launching command : srun -N 1 -n 1 -c 128 --threads-per-core=1 --cpu-bind=cores /global/common/software/atom/perlmutter/binaries/fastran/default/xfastran_ver1.06 1 1
2025-08-19 10:03:55,062 fastran_tr_fastran_7 DEBUG    _invoke_service(): getTopic  ('_IPS_MONITOR',)
2025-08-19 10:03:55,063 fastran_tr_fastran_7 DEBUG    _get_service_response(REQUEST|fastran_FPP_000001@fastran@7|FRAMEWORK@Framework@0|6)
2025-08-19 10:03:55,073 fastran_tr_fastran_7 DEBUG    _get_service_response(REQUEST|fastran_FPP_000001@fastran@7|FRAMEWORK@Framework@0|6), response = ServiceResponseMessage(sender_id=FRAMEWORK@Framework@0, receiver_id=fastran_FPP_000001@fastran@7, request_msg_id=REQUEST|fastran_FPP_000001@fastran@7|FRAMEWORK@Framework@0|6,status=0, args=(<ipsframework.cca_es_spec.Topic object at 0x7f3a449bacd0>,), message_id=RESPONSE|FRAMEWORK@Framework@0|fastran_FPP_000001@fastran@7|790)
2025-08-19 10:03:55,074 fastran_tr_fastran_7 DEBUG    _invoke_service(): sendEvent  ('_IPS_MONITOR', 'PORTAL_EVENT', {'sim_name': 'fastran_FPP_000001', 'real_sim_name': 'fastran_FPP_000001', 'portal_data': {'code': 'fastran_tr_fastran', 'eventtype': 'IPS_LAUNCH_TASK', 'ok': True, 'walltime': '322.94', 'time': '2025-08-19|10:03:55PDT', 'state': 'Running', 'comment': 'task_id = 3 , Tag = None , nproc = 1 , Target = srun -N 1 -n 1 -c 128 --threads-per-core=1 --cpu-bind=cores /global/common/software/atom/perlmutter/binaries/fastran/default/xfastran_ver1.06 1 1'}})
2025-08-19 10:03:55,074 fastran_tr_fastran_7 DEBUG    _get_service_response(REQUEST|fastran_FPP_000001@fastran@7|FRAMEWORK@Framework@0|7)
2025-08-19 10:03:55,084 fastran_tr_fastran_7 DEBUG    _get_service_response(REQUEST|fastran_FPP_000001@fastran@7|FRAMEWORK@Framework@0|7), response = ServiceResponseMessage(sender_id=FRAMEWORK@Framework@0, receiver_id=fastran_FPP_000001@fastran@7, request_msg_id=REQUEST|fastran_FPP_000001@fastran@7|FRAMEWORK@Framework@0|7,status=0, args=(None,), message_id=RESPONSE|FRAMEWORK@Framework@0|fastran_FPP_000001@fastran@7|791)
2025-08-19 10:35:51,186 fastran_tr_fastran_7 DEBUG    _invoke_service(): getTopic  ('_IPS_MONITOR',)
2025-08-19 10:35:51,186 fastran_tr_fastran_7 DEBUG    _get_service_response(REQUEST|fastran_FPP_000001@fastran@7|FRAMEWORK@Framework@0|8)
2025-08-19 10:35:51,198 fastran_tr_fastran_7 DEBUG    _get_service_response(REQUEST|fastran_FPP_000001@fastran@7|FRAMEWORK@Framework@0|8), response = ServiceResponseMessage(sender_id=FRAMEWORK@Framework@0, receiver_id=fastran_FPP_000001@fastran@7, request_msg_id=REQUEST|fastran_FPP_000001@fastran@7|FRAMEWORK@Framework@0|8,status=0, args=(<ipsframework.cca_es_spec.Topic object at 0x7f3a449bad90>,), message_id=RESPONSE|FRAMEWORK@Framework@0|fastran_FPP_000001@fastran@7|4539)
2025-08-19 10:35:51,198 fastran_tr_fastran_7 DEBUG    _invoke_service(): sendEvent  ('_IPS_MONITOR', 'PORTAL_EVENT', {'sim_name': 'fastran_FPP_000001', 'real_sim_name': 'fastran_FPP_000001', 'portal_data': {'code': 'fastran_tr_fastran', 'eventtype': 'IPS_TASK_END', 'ok': True, 'walltime': '2239.06', 'time': '2025-08-19|10:35:51PDT', 'trace': {'timestamp': 1755623035062543, 'duration': 1916123737, 'localEndpoint': {'serviceName': '/global/common/software/atom/perlmutter/binaries/fastran/default/xfastran_ver1.06'}, 'name': '1 1', 'id': '6b0b0e0917036082', 'parentId': 'dacd0f2f983bbd96', 'tags': {'procs_requested': '1', 'cores_allocated': '128'}}, 'state': 'Running', 'comment': 'task_id = 3  elapsed time = 1916.12 S'}})
2025-08-19 10:35:51,198 fastran_tr_fastran_7 DEBUG    _get_service_response(REQUEST|fastran_FPP_000001@fastran@7|FRAMEWORK@Framework@0|9)
2025-08-19 10:35:51,209 fastran_tr_fastran_7 DEBUG    _get_service_response(REQUEST|fastran_FPP_000001@fastran@7|FRAMEWORK@Framework@0|9), response = ServiceResponseMessage(sender_id=FRAMEWORK@Framework@0, receiver_id=fastran_FPP_000001@fastran@7, request_msg_id=REQUEST|fastran_FPP_000001@fastran@7|FRAMEWORK@Framework@0|9,status=0, args=(None,), message_id=RESPONSE|FRAMEWORK@Framework@0|fastran_FPP_000001@fastran@7|4540)
2025-08-19 10:35:51,210 fastran_tr_fastran_7 DEBUG    _invoke_service(): finish_task  (3, 0)
2025-08-19 10:35:51,210 fastran_tr_fastran_7 DEBUG    _get_service_response(REQUEST|fastran_FPP_000001@fastran@7|FRAMEWORK@Framework@0|10)
2025-08-19 10:35:51,221 fastran_tr_fastran_7 DEBUG    _get_service_response(REQUEST|fastran_FPP_000001@fastran@7|FRAMEWORK@Framework@0|10), response = ServiceResponseMessage(sender_id=FRAMEWORK@Framework@0, receiver_id=fastran_FPP_000001@fastran@7, request_msg_id=REQUEST|fastran_FPP_000001@fastran@7|FRAMEWORK@Framework@0|10,status=0, args=(0,), message_id=RESPONSE|FRAMEWORK@Framework@0|fastran_FPP_000001@fastran@7|4541)
2025-08-19 10:35:51,493 fastran_tr_fastran_7 DEBUG    _invoke_service(): update_state  (['s000001.00001', 'g000001.00001', 'i000001.00001'], '/pscratch/sd/h/hswils/github_repos/MANTA_DBSCANS/basecase/SCAN/work/fastran_tr_fastran_7', '/pscratch/sd/h/hswils/github_repos/MANTA_DBSCANS/basecase/SCAN/work/plasma_state')
2025-08-19 10:35:51,494 fastran_tr_fastran_7 DEBUG    _get_service_response(REQUEST|fastran_FPP_000001@fastran@7|FRAMEWORK@Framework@0|11)
2025-08-19 10:35:51,515 fastran_tr_fastran_7 DEBUG    _get_service_response(REQUEST|fastran_FPP_000001@fastran@7|FRAMEWORK@Framework@0|11), response = ServiceResponseMessage(sender_id=FRAMEWORK@Framework@0, receiver_id=fastran_FPP_000001@fastran@7, request_msg_id=REQUEST|fastran_FPP_000001@fastran@7|FRAMEWORK@Framework@0|11,status=0, args=(0,), message_id=RESPONSE|FRAMEWORK@Framework@0|fastran_FPP_000001@fastran@7|4542)
2025-08-19 10:35:51,515 fastran_tr_fastran_7 DEBUG    _invoke_service(): getTopic  ('_IPS_MONITOR',)
2025-08-19 10:35:51,515 fastran_tr_fastran_7 DEBUG    _get_service_response(REQUEST|fastran_FPP_000001@fastran@7|FRAMEWORK@Framework@0|12)
2025-08-19 10:35:51,526 fastran_tr_fastran_7 DEBUG    _get_service_response(REQUEST|fastran_FPP_000001@fastran@7|FRAMEWORK@Framework@0|12), response = ServiceResponseMessage(sender_id=FRAMEWORK@Framework@0, receiver_id=fastran_FPP_000001@fastran@7, request_msg_id=REQUEST|fastran_FPP_000001@fastran@7|FRAMEWORK@Framework@0|12,status=0, args=(<ipsframework.cca_es_spec.Topic object at 0x7f3a449bab50>,), message_id=RESPONSE|FRAMEWORK@Framework@0|fastran_FPP_000001@fastran@7|4543)
2025-08-19 10:35:51,526 fastran_tr_fastran_7 DEBUG    _invoke_service(): sendEvent  ('_IPS_MONITOR', 'PORTAL_EVENT', {'sim_name': 'fastran_FPP_000001', 'real_sim_name': 'fastran_FPP_000001', 'portal_data': {'code': 'fastran_tr_fastran', 'eventtype': 'IPS_UPDATE_STATE', 'ok': True, 'walltime': '2239.39', 'time': '2025-08-19|10:35:51PDT', 'trace': {'timestamp': 1755624951493772, 'duration': 21551, 'localEndpoint': {'serviceName': 'update_state'}, 'name': "['s000001.00001', 'g000001.00001', 'i000001.00001']", 'id': '7629e189a66153c0', 'parentId': 'dacd0f2f983bbd96', 'tags': {}}, 'state': 'Running', 'comment': 'Elapsed time = 0.022   files = s000001.00001 g000001.00001 i000001.00001 Success'}})
2025-08-19 10:35:51,526 fastran_tr_fastran_7 DEBUG    _get_service_response(REQUEST|fastran_FPP_000001@fastran@7|FRAMEWORK@Framework@0|13)
2025-08-19 10:35:51,537 fastran_tr_fastran_7 DEBUG    _get_service_response(REQUEST|fastran_FPP_000001@fastran@7|FRAMEWORK@Framework@0|13), response = ServiceResponseMessage(sender_id=FRAMEWORK@Framework@0, receiver_id=fastran_FPP_000001@fastran@7, request_msg_id=REQUEST|fastran_FPP_000001@fastran@7|FRAMEWORK@Framework@0|13,status=0, args=(None,), message_id=RESPONSE|FRAMEWORK@Framework@0|fastran_FPP_000001@fastran@7|4544)
2025-08-19 10:35:51,556 fastran_tr_fastran_7 DEBUG    _invoke_service(): getTopic  ('_IPS_MONITOR',)
2025-08-19 10:35:51,556 fastran_tr_fastran_7 DEBUG    _get_service_response(REQUEST|fastran_FPP_000001@fastran@7|FRAMEWORK@Framework@0|14)
2025-08-19 10:35:51,567 fastran_tr_fastran_7 DEBUG    _get_service_response(REQUEST|fastran_FPP_000001@fastran@7|FRAMEWORK@Framework@0|14), response = ServiceResponseMessage(sender_id=FRAMEWORK@Framework@0, receiver_id=fastran_FPP_000001@fastran@7, request_msg_id=REQUEST|fastran_FPP_000001@fastran@7|FRAMEWORK@Framework@0|14,status=0, args=(<ipsframework.cca_es_spec.Topic object at 0x7f3a449ba730>,), message_id=RESPONSE|FRAMEWORK@Framework@0|fastran_FPP_000001@fastran@7|4545)
2025-08-19 10:35:51,567 fastran_tr_fastran_7 DEBUG    _invoke_service(): sendEvent  ('_IPS_MONITOR', 'PORTAL_EVENT', {'sim_name': 'fastran_FPP_000001', 'real_sim_name': 'fastran_FPP_000001', 'portal_data': {'code': 'fastran_tr_fastran', 'eventtype': 'IPS_STAGE_OUTPUTS', 'ok': True, 'walltime': '2239.43', 'time': '2025-08-19|10:35:51PDT', 'trace': {'timestamp': 1755624951537535, 'duration': 19216, 'localEndpoint': {'serviceName': 'stage_output_files'}, 'name': "['fastran.nc', 'inprof', 'inmetric', 'infastran', 'intglf', 'xfastran.log', 'i000001.00001']", 'id': '7349cfaaafc33980', 'parentId': 'dacd0f2f983bbd96', 'tags': {}}, 'state': 'Running', 'comment': "Elapsed time = 0.019 Path = /pscratch/sd/h/hswils/github_repos/MANTA_DBSCANS/basecase/SCAN/simulation_results/0/components/fastran_tr_fastran_7 Files = ['fastran.nc', 'inprof', 'inmetric', 'infastran', 'intglf', 'xfastran.log', 'i000001.00001']"}})
2025-08-19 10:35:51,567 fastran_tr_fastran_7 DEBUG    _get_service_response(REQUEST|fastran_FPP_000001@fastran@7|FRAMEWORK@Framework@0|15)
2025-08-19 10:35:51,578 fastran_tr_fastran_7 DEBUG    _get_service_response(REQUEST|fastran_FPP_000001@fastran@7|FRAMEWORK@Framework@0|15), response = ServiceResponseMessage(sender_id=FRAMEWORK@Framework@0, receiver_id=fastran_FPP_000001@fastran@7, request_msg_id=REQUEST|fastran_FPP_000001@fastran@7|FRAMEWORK@Framework@0|15,status=0, args=(None,), message_id=RESPONSE|FRAMEWORK@Framework@0|fastran_FPP_000001@fastran@7|4547)
2025-08-19 10:35:51,589 fastran_driver_fastran_driver_2 DEBUG    _get_service_response(REQUEST|fastran_FPP_000001@fastran_driver@2|FRAMEWORK@Framework@0|81), response = ServiceResponseMessage(sender_id=FRAMEWORK@Framework@0, receiver_id=fastran_FPP_000001@fastran_driver@2, request_msg_id=REQUEST|fastran_FPP_000001@fastran_driver@2|FRAMEWORK@Framework@0|81,status=0, args=((None,),), message_id=RESPONSE|FRAMEWORK@Framework@0|fastran_FPP_000001@fastran_driver@2|4548)
2025-08-19 10:35:51,589 fastran_driver_fastran_driver_2 DEBUG    _invoke_service(): getTopic  ('_IPS_MONITOR',)
2025-08-19 10:35:51,590 fastran_driver_fastran_driver_2 DEBUG    _get_service_response(REQUEST|fastran_FPP_000001@fastran_driver@2|FRAMEWORK@Framework@0|82)
2025-08-19 10:35:51,600 fastran_driver_fastran_driver_2 DEBUG    _get_service_response(REQUEST|fastran_FPP_000001@fastran_driver@2|FRAMEWORK@Framework@0|82), response = ServiceResponseMessage(sender_id=FRAMEWORK@Framework@0, receiver_id=fastran_FPP_000001@fastran_driver@2, request_msg_id=REQUEST|fastran_FPP_000001@fastran_driver@2|FRAMEWORK@Framework@0|82,status=0, args=(<ipsframework.cca_es_spec.Topic object at 0x7f3a44a20790>,), message_id=RESPONSE|FRAMEWORK@Framework@0|fastran_FPP_000001@fastran_driver@2|4549)
2025-08-19 10:35:51,601 fastran_driver_fastran_driver_2 DEBUG    _invoke_service(): sendEvent  ('_IPS_MONITOR', 'PORTAL_EVENT', {'sim_name': 'fastran_FPP_000001', 'real_sim_name': 'fastran_FPP_000001', 'portal_data': {'code': 'fastran_driver_fastran_driver', 'eventtype': 'IPS_CALL_END', 'ok': True, 'walltime': '2239.47', 'time': '2025-08-19|10:35:51PDT', 'trace': {'timestamp': 1755623034709807, 'duration': 1916879940, 'localEndpoint': {'serviceName': 'fastran_FPP_000001@fastran@7'}, 'name': 'step(0)', 'id': 'dacd0f2f983bbd96', 'parentId': 'f899e3e5886669ce', 'tags': {}}, 'state': 'Running', 'comment': 'Target = fastran_FPP_000001@fastran@7:step(0)'}})
2025-08-19 10:35:51,601 fastran_driver_fastran_driver_2 DEBUG    _get_service_response(REQUEST|fastran_FPP_000001@fastran_driver@2|FRAMEWORK@Framework@0|83)
2025-08-19 10:35:51,611 fastran_driver_fastran_driver_2 DEBUG    _get_service_response(REQUEST|fastran_FPP_000001@fastran_driver@2|FRAMEWORK@Framework@0|83), response = ServiceResponseMessage(sender_id=FRAMEWORK@Framework@0, receiver_id=fastran_FPP_000001@fastran_driver@2, request_msg_id=REQUEST|fastran_FPP_000001@fastran_driver@2|FRAMEWORK@Framework@0|83,status=0, args=(None,), message_id=RESPONSE|FRAMEWORK@Framework@0|fastran_FPP_000001@fastran_driver@2|4550)
2025-08-19 10:35:51,612 fastran_driver_fastran_driver_2 DEBUG    _invoke_service(): stage_state  (['s000001.00001', 'g000001.00001', 'i000001.00001'], '/pscratch/sd/h/hswils/github_repos/MANTA_DBSCANS/basecase/SCAN/work/plasma_state', '/pscratch/sd/h/hswils/github_repos/MANTA_DBSCANS/basecase/SCAN/work/fastran_driver_fastran_driver_2')
2025-08-19 10:35:51,612 fastran_driver_fastran_driver_2 DEBUG    _get_service_response(REQUEST|fastran_FPP_000001@fastran_driver@2|FRAMEWORK@Framework@0|84)
2025-08-19 10:35:51,633 fastran_driver_fastran_driver_2 DEBUG    _get_service_response(REQUEST|fastran_FPP_000001@fastran_driver@2|FRAMEWORK@Framework@0|84), response = ServiceResponseMessage(sender_id=FRAMEWORK@Framework@0, receiver_id=fastran_FPP_000001@fastran_driver@2, request_msg_id=REQUEST|fastran_FPP_000001@fastran_driver@2|FRAMEWORK@Framework@0|84,status=0, args=(0,), message_id=RESPONSE|FRAMEWORK@Framework@0|fastran_FPP_000001@fastran_driver@2|4551)
2025-08-19 10:35:51,633 fastran_driver_fastran_driver_2 DEBUG    _invoke_service(): getTopic  ('_IPS_MONITOR',)
2025-08-19 10:35:51,633 fastran_driver_fastran_driver_2 DEBUG    _get_service_response(REQUEST|fastran_FPP_000001@fastran_driver@2|FRAMEWORK@Framework@0|85)
2025-08-19 10:35:51,644 fastran_driver_fastran_driver_2 DEBUG    _get_service_response(REQUEST|fastran_FPP_000001@fastran_driver@2|FRAMEWORK@Framework@0|85), response = ServiceResponseMessage(sender_id=FRAMEWORK@Framework@0, receiver_id=fastran_FPP_000001@fastran_driver@2, request_msg_id=REQUEST|fastran_FPP_000001@fastran_driver@2|FRAMEWORK@Framework@0|85,status=0, args=(<ipsframework.cca_es_spec.Topic object at 0x7f3a44a20760>,), message_id=RESPONSE|FRAMEWORK@Framework@0|fastran_FPP_000001@fastran_driver@2|4552)
2025-08-19 10:35:51,644 fastran_driver_fastran_driver_2 DEBUG    _invoke_service(): sendEvent  ('_IPS_MONITOR', 'PORTAL_EVENT', {'sim_name': 'fastran_FPP_000001', 'real_sim_name': 'fastran_FPP_000001', 'portal_data': {'code': 'fastran_driver_fastran_driver', 'eventtype': 'IPS_STAGE_STATE', 'ok': True, 'walltime': '2239.51', 'time': '2025-08-19|10:35:51PDT', 'trace': {'timestamp': 1755624951612228, 'duration': 21543, 'localEndpoint': {'serviceName': 'stage_state'}, 'name': "['s000001.00001', 'g000001.00001', 'i000001.00001']", 'id': '71885aecf25d7412', 'parentId': 'f899e3e5886669ce', 'tags': {}}, 'state': 'Running', 'comment': 'Elapsed time = 0.022  files = s000001.00001 g000001.00001 i000001.00001 Success'}})
2025-08-19 10:35:51,645 fastran_driver_fastran_driver_2 DEBUG    _get_service_response(REQUEST|fastran_FPP_000001@fastran_driver@2|FRAMEWORK@Framework@0|86)
2025-08-19 10:35:51,656 fastran_driver_fastran_driver_2 DEBUG    _get_service_response(REQUEST|fastran_FPP_000001@fastran_driver@2|FRAMEWORK@Framework@0|86), response = ServiceResponseMessage(sender_id=FRAMEWORK@Framework@0, receiver_id=fastran_FPP_000001@fastran_driver@2, request_msg_id=REQUEST|fastran_FPP_000001@fastran_driver@2|FRAMEWORK@Framework@0|86,status=0, args=(None,), message_id=RESPONSE|FRAMEWORK@Framework@0|fastran_FPP_000001@fastran_driver@2|4553)
2025-08-19 10:35:51,657 fastran_driver_fastran_driver_2 DEBUG    _invoke_service(): getTopic  ('_IPS_MONITOR',)
2025-08-19 10:35:51,657 fastran_driver_fastran_driver_2 DEBUG    _get_service_response(REQUEST|fastran_FPP_000001@fastran_driver@2|FRAMEWORK@Framework@0|87)
2025-08-19 10:35:51,667 fastran_driver_fastran_driver_2 DEBUG    _get_service_response(REQUEST|fastran_FPP_000001@fastran_driver@2|FRAMEWORK@Framework@0|87), response = ServiceResponseMessage(sender_id=FRAMEWORK@Framework@0, receiver_id=fastran_FPP_000001@fastran_driver@2, request_msg_id=REQUEST|fastran_FPP_000001@fastran_driver@2|FRAMEWORK@Framework@0|87,status=0, args=(<ipsframework.cca_es_spec.Topic object at 0x7f3a44a208b0>,), message_id=RESPONSE|FRAMEWORK@Framework@0|fastran_FPP_000001@fastran_driver@2|4554)
2025-08-19 10:35:51,668 fastran_driver_fastran_driver_2 DEBUG    _invoke_service(): sendEvent  ('_IPS_MONITOR', 'PORTAL_EVENT', {'sim_name': 'fastran_FPP_000001', 'real_sim_name': 'fastran_FPP_000001', 'portal_data': {'code': 'fastran_driver_fastran_driver', 'eventtype': 'IPS_STAGE_OUTPUTS', 'ok': True, 'walltime': '2239.54', 'time': '2025-08-19|10:35:51PDT', 'trace': {'timestamp': 1755624951656147, 'duration': 1114, 'localEndpoint': {'serviceName': 'stage_output_files'}, 'name': '[]', 'id': 'ed019efe11be26d9', 'parentId': 'f899e3e5886669ce', 'tags': {}}, 'state': 'Running', 'comment': 'Elapsed time = 0.001 Path = /pscratch/sd/h/hswils/github_repos/MANTA_DBSCANS/basecase/SCAN/simulation_results/0/components/fastran_driver_fastran_driver_2 Files = []'}})
2025-08-19 10:35:51,668 fastran_driver_fastran_driver_2 DEBUG    _get_service_response(REQUEST|fastran_FPP_000001@fastran_driver@2|FRAMEWORK@Framework@0|88)
2025-08-19 10:35:51,679 fastran_driver_fastran_driver_2 DEBUG    _get_service_response(REQUEST|fastran_FPP_000001@fastran_driver@2|FRAMEWORK@Framework@0|88), response = ServiceResponseMessage(sender_id=FRAMEWORK@Framework@0, receiver_id=fastran_FPP_000001@fastran_driver@2, request_msg_id=REQUEST|fastran_FPP_000001@fastran_driver@2|FRAMEWORK@Framework@0|88,status=0, args=(None,), message_id=RESPONSE|FRAMEWORK@Framework@0|fastran_FPP_000001@fastran_driver@2|4555)
2025-08-19 10:35:51,679 fastran_driver_fastran_driver_2 DEBUG    _invoke_service(): getTopic  ('_IPS_MONITOR',)
2025-08-19 10:35:51,679 fastran_driver_fastran_driver_2 DEBUG    _get_service_response(REQUEST|fastran_FPP_000001@fastran_driver@2|FRAMEWORK@Framework@0|89)
2025-08-19 10:35:51,690 fastran_driver_fastran_driver_2 DEBUG    _get_service_response(REQUEST|fastran_FPP_000001@fastran_driver@2|FRAMEWORK@Framework@0|89), response = ServiceResponseMessage(sender_id=FRAMEWORK@Framework@0, receiver_id=fastran_FPP_000001@fastran_driver@2, request_msg_id=REQUEST|fastran_FPP_000001@fastran_driver@2|FRAMEWORK@Framework@0|89,status=0, args=(<ipsframework.cca_es_spec.Topic object at 0x7f3a44a20220>,), message_id=RESPONSE|FRAMEWORK@Framework@0|fastran_FPP_000001@fastran_driver@2|4556)
2025-08-19 10:35:51,690 fastran_driver_fastran_driver_2 DEBUG    _invoke_service(): sendEvent  ('_IPS_MONITOR', 'PORTALBRIDGE_UPDATE_TIMESTAMP', {'sim_name': 'fastran_FPP_000001', 'real_sim_name': 'fastran_FPP_000001', 'portal_data': {'phystimestamp': 1, 'eventtype': 'PORTALBRIDGE_UPDATE_TIMESTAMP'}})
2025-08-19 10:35:51,690 fastran_driver_fastran_driver_2 DEBUG    _get_service_response(REQUEST|fastran_FPP_000001@fastran_driver@2|FRAMEWORK@Framework@0|90)
2025-08-19 10:35:51,701 fastran_driver_fastran_driver_2 DEBUG    _get_service_response(REQUEST|fastran_FPP_000001@fastran_driver@2|FRAMEWORK@Framework@0|90), response = ServiceResponseMessage(sender_id=FRAMEWORK@Framework@0, receiver_id=fastran_FPP_000001@fastran_driver@2, request_msg_id=REQUEST|fastran_FPP_000001@fastran_driver@2|FRAMEWORK@Framework@0|90,status=0, args=(None,), message_id=RESPONSE|FRAMEWORK@Framework@0|fastran_FPP_000001@fastran_driver@2|4557)
2025-08-19 10:35:51,701 fastran_driver_fastran_driver_2 DEBUG    _invoke_service(): getTopic  ('_IPS_MONITOR',)
2025-08-19 10:35:51,701 fastran_driver_fastran_driver_2 DEBUG    _get_service_response(REQUEST|fastran_FPP_000001@fastran_driver@2|FRAMEWORK@Framework@0|91)
2025-08-19 10:35:51,712 fastran_driver_fastran_driver_2 DEBUG    _get_service_response(REQUEST|fastran_FPP_000001@fastran_driver@2|FRAMEWORK@Framework@0|91), response = ServiceResponseMessage(sender_id=FRAMEWORK@Framework@0, receiver_id=fastran_FPP_000001@fastran_driver@2, request_msg_id=REQUEST|fastran_FPP_000001@fastran_driver@2|FRAMEWORK@Framework@0|91,status=0, args=(<ipsframework.cca_es_spec.Topic object at 0x7f3a44a208b0>,), message_id=RESPONSE|FRAMEWORK@Framework@0|fastran_FPP_000001@fastran_driver@2|4558)
2025-08-19 10:35:51,712 fastran_driver_fastran_driver_2 DEBUG    _invoke_service(): sendEvent  ('_IPS_MONITOR', 'PORTAL_EVENT', {'sim_name': 'fastran_FPP_000001', 'real_sim_name': 'fastran_FPP_000001', 'portal_data': {'code': 'fastran_driver_fastran_driver', 'eventtype': 'IPS_UPDATE_TIME_STAMP', 'ok': True, 'walltime': '2239.58', 'time': '2025-08-19|10:35:51PDT', 'state': 'Running', 'comment': 'Timestamp = 1'}})
2025-08-19 10:35:51,712 fastran_driver_fastran_driver_2 DEBUG    _get_service_response(REQUEST|fastran_FPP_000001@fastran_driver@2|FRAMEWORK@Framework@0|92)
2025-08-19 10:35:51,723 fastran_driver_fastran_driver_2 DEBUG    _get_service_response(REQUEST|fastran_FPP_000001@fastran_driver@2|FRAMEWORK@Framework@0|92), response = ServiceResponseMessage(sender_id=FRAMEWORK@Framework@0, receiver_id=fastran_FPP_000001@fastran_driver@2, request_msg_id=REQUEST|fastran_FPP_000001@fastran_driver@2|FRAMEWORK@Framework@0|92,status=0, args=(None,), message_id=RESPONSE|FRAMEWORK@Framework@0|fastran_FPP_000001@fastran_driver@2|4559)
2025-08-19 10:35:51,723 fastran_driver_fastran_driver_2 DEBUG    _invoke_service(): getTopic  ('_IPS_MONITOR',)
2025-08-19 10:35:51,723 fastran_driver_fastran_driver_2 DEBUG    _get_service_response(REQUEST|fastran_FPP_000001@fastran_driver@2|FRAMEWORK@Framework@0|93)
2025-08-19 10:35:51,734 fastran_driver_fastran_driver_2 DEBUG    _get_service_response(REQUEST|fastran_FPP_000001@fastran_driver@2|FRAMEWORK@Framework@0|93), response = ServiceResponseMessage(sender_id=FRAMEWORK@Framework@0, receiver_id=fastran_FPP_000001@fastran_driver@2, request_msg_id=REQUEST|fastran_FPP_000001@fastran_driver@2|FRAMEWORK@Framework@0|93,status=0, args=(<ipsframework.cca_es_spec.Topic object at 0x7f3a44a208e0>,), message_id=RESPONSE|FRAMEWORK@Framework@0|fastran_FPP_000001@fastran_driver@2|4560)
2025-08-19 10:35:51,734 fastran_driver_fastran_driver_2 DEBUG    _invoke_service(): sendEvent  ('_IPS_MONITOR', 'PORTAL_EVENT', {'sim_name': 'fastran_FPP_000001', 'real_sim_name': 'fastran_FPP_000001', 'portal_data': {'code': 'fastran_driver_fastran_driver', 'eventtype': 'IPS_CALL_BEGIN', 'ok': True, 'walltime': '2239.60', 'time': '2025-08-19|10:35:51PDT', 'state': 'Running', 'comment': 'Target = fastran_FPP_000001@toric@5:step(1)'}})
2025-08-19 10:35:51,734 fastran_driver_fastran_driver_2 DEBUG    _get_service_response(REQUEST|fastran_FPP_000001@fastran_driver@2|FRAMEWORK@Framework@0|94)
2025-08-19 10:35:51,745 fastran_driver_fastran_driver_2 DEBUG    _get_service_response(REQUEST|fastran_FPP_000001@fastran_driver@2|FRAMEWORK@Framework@0|94), response = ServiceResponseMessage(sender_id=FRAMEWORK@Framework@0, receiver_id=fastran_FPP_000001@fastran_driver@2, request_msg_id=REQUEST|fastran_FPP_000001@fastran_driver@2|FRAMEWORK@Framework@0|94,status=0, args=(None,), message_id=RESPONSE|FRAMEWORK@Framework@0|fastran_FPP_000001@fastran_driver@2|4561)
2025-08-19 10:35:51,745 fastran_driver_fastran_driver_2 DEBUG    _invoke_service(): init_call  ('step', 1)
2025-08-19 10:35:51,745 fastran_driver_fastran_driver_2 DEBUG    _get_service_response(REQUEST|fastran_FPP_000001@fastran_driver@2|FRAMEWORK@Framework@0|95)
2025-08-19 10:35:51,746 rf_ic_toric_5   DEBUG    Received Message 
2025-08-19 10:35:51,746 rf_ic_toric_5   DEBUG    Calling method step(1)
2025-08-19 10:35:51,747 rf_ic_toric_5   DEBUG    _invoke_service(): stage_state  (['s000001.00001', 'g000001.00001'], '/pscratch/sd/h/hswils/github_repos/MANTA_DBSCANS/basecase/SCAN/work/plasma_state', '/pscratch/sd/h/hswils/github_repos/MANTA_DBSCANS/basecase/SCAN/work/rf_ic_toric_5')
2025-08-19 10:35:51,747 rf_ic_toric_5   DEBUG    _get_service_response(REQUEST|fastran_FPP_000001@toric@5|FRAMEWORK@Framework@0|29)
2025-08-19 10:35:51,756 fastran_driver_fastran_driver_2 DEBUG    _get_service_response(REQUEST|fastran_FPP_000001@fastran_driver@2|FRAMEWORK@Framework@0|95), response = ServiceResponseMessage(sender_id=FRAMEWORK@Framework@0, receiver_id=fastran_FPP_000001@fastran_driver@2, request_msg_id=REQUEST|fastran_FPP_000001@fastran_driver@2|FRAMEWORK@Framework@0|95,status=0, args=(21,), message_id=RESPONSE|FRAMEWORK@Framework@0|fastran_FPP_000001@fastran_driver@2|4562)
2025-08-19 10:35:51,756 fastran_driver_fastran_driver_2 DEBUG    _invoke_service(): wait_call  (21, True)
2025-08-19 10:35:51,756 fastran_driver_fastran_driver_2 DEBUG    _get_service_response(REQUEST|fastran_FPP_000001@fastran_driver@2|FRAMEWORK@Framework@0|96)
2025-08-19 10:35:51,767 rf_ic_toric_5   DEBUG    _get_service_response(REQUEST|fastran_FPP_000001@toric@5|FRAMEWORK@Framework@0|29), response = ServiceResponseMessage(sender_id=FRAMEWORK@Framework@0, receiver_id=fastran_FPP_000001@toric@5, request_msg_id=REQUEST|fastran_FPP_000001@toric@5|FRAMEWORK@Framework@0|29,status=0, args=(0,), message_id=RESPONSE|FRAMEWORK@Framework@0|fastran_FPP_000001@toric@5|4563)
2025-08-19 10:35:51,767 rf_ic_toric_5   DEBUG    _invoke_service(): getTopic  ('_IPS_MONITOR',)
2025-08-19 10:35:51,768 rf_ic_toric_5   DEBUG    _get_service_response(REQUEST|fastran_FPP_000001@toric@5|FRAMEWORK@Framework@0|30)
2025-08-19 10:35:51,778 rf_ic_toric_5   DEBUG    _get_service_response(REQUEST|fastran_FPP_000001@toric@5|FRAMEWORK@Framework@0|30), response = ServiceResponseMessage(sender_id=FRAMEWORK@Framework@0, receiver_id=fastran_FPP_000001@toric@5, request_msg_id=REQUEST|fastran_FPP_000001@toric@5|FRAMEWORK@Framework@0|30,status=0, args=(<ipsframework.cca_es_spec.Topic object at 0x7f3a44a2a820>,), message_id=RESPONSE|FRAMEWORK@Framework@0|fastran_FPP_000001@toric@5|4564)
2025-08-19 10:35:51,778 rf_ic_toric_5   DEBUG    _invoke_service(): sendEvent  ('_IPS_MONITOR', 'PORTAL_EVENT', {'sim_name': 'fastran_FPP_000001', 'real_sim_name': 'fastran_FPP_000001', 'portal_data': {'code': 'rf_ic_toric', 'eventtype': 'IPS_STAGE_STATE', 'ok': True, 'walltime': '2239.65', 'time': '2025-08-19|10:35:51PDT', 'trace': {'timestamp': 1755624951747199, 'duration': 20704, 'localEndpoint': {'serviceName': 'stage_state'}, 'name': "['s000001.00001', 'g000001.00001']", 'id': '32793a28c0f8ba4b', 'parentId': '3bd38d4e7ce6a5eb', 'tags': {}}, 'state': 'Running', 'comment': 'Elapsed time = 0.021  files = s000001.00001 g000001.00001 Success'}})
2025-08-19 10:35:51,778 rf_ic_toric_5   DEBUG    _get_service_response(REQUEST|fastran_FPP_000001@toric@5|FRAMEWORK@Framework@0|31)
2025-08-19 10:35:51,789 rf_ic_toric_5   DEBUG    _get_service_response(REQUEST|fastran_FPP_000001@toric@5|FRAMEWORK@Framework@0|31), response = ServiceResponseMessage(sender_id=FRAMEWORK@Framework@0, receiver_id=fastran_FPP_000001@toric@5, request_msg_id=REQUEST|fastran_FPP_000001@toric@5|FRAMEWORK@Framework@0|31,status=0, args=(None,), message_id=RESPONSE|FRAMEWORK@Framework@0|fastran_FPP_000001@toric@5|4565)
2025-08-19 10:35:51,800 rf_ic_toric_5   DEBUG    _invoke_service(): getTopic  ('_IPS_MONITOR',)
2025-08-19 10:35:51,800 rf_ic_toric_5   DEBUG    _get_service_response(REQUEST|fastran_FPP_000001@toric@5|FRAMEWORK@Framework@0|32)
2025-08-19 10:35:51,810 rf_ic_toric_5   DEBUG    _get_service_response(REQUEST|fastran_FPP_000001@toric@5|FRAMEWORK@Framework@0|32), response = ServiceResponseMessage(sender_id=FRAMEWORK@Framework@0, receiver_id=fastran_FPP_000001@toric@5, request_msg_id=REQUEST|fastran_FPP_000001@toric@5|FRAMEWORK@Framework@0|32,status=0, args=(<ipsframework.cca_es_spec.Topic object at 0x7f3a449ec0d0>,), message_id=RESPONSE|FRAMEWORK@Framework@0|fastran_FPP_000001@toric@5|4566)
2025-08-19 10:35:51,810 rf_ic_toric_5   DEBUG    _invoke_service(): sendEvent  ('_IPS_MONITOR', 'PORTAL_EVENT', {'sim_name': 'fastran_FPP_000001', 'real_sim_name': 'fastran_FPP_000001', 'portal_data': {'code': 'rf_ic_toric', 'eventtype': 'IPS_STAGE_INPUTS', 'ok': True, 'walltime': '2239.68', 'time': '2025-08-19|10:35:51PDT', 'trace': {'timestamp': 1755624951789960, 'duration': 9996, 'localEndpoint': {'serviceName': 'stage_input_files'}, 'name': 'machine.inp equigs_gen.ind torica.inp', 'id': 'b108389cfa22cdf4', 'parentId': '3bd38d4e7ce6a5eb', 'tags': {}}, 'state': 'Running', 'comment': 'Elapsed time = 0.010 Path = /pscratch/sd/h/hswils/github_repos/MANTA_DBSCANS/basecase/input Files = machine.inp equigs_gen.ind torica.inp'}})
2025-08-19 10:35:51,810 rf_ic_toric_5   DEBUG    _get_service_response(REQUEST|fastran_FPP_000001@toric@5|FRAMEWORK@Framework@0|33)
2025-08-19 10:35:51,821 rf_ic_toric_5   DEBUG    _get_service_response(REQUEST|fastran_FPP_000001@toric@5|FRAMEWORK@Framework@0|33), response = ServiceResponseMessage(sender_id=FRAMEWORK@Framework@0, receiver_id=fastran_FPP_000001@toric@5, request_msg_id=REQUEST|fastran_FPP_000001@toric@5|FRAMEWORK@Framework@0|33,status=0, args=(None,), message_id=RESPONSE|FRAMEWORK@Framework@0|fastran_FPP_000001@toric@5|4567)
2025-08-19 10:35:52,090 rf_ic_toric_5   DEBUG    _invoke_service(): init_task  (TaskInit(nproc=24, binary='/global/common/software/atom/perlmutter/binaries/toric/default/Ptoric.e', working_dir='/pscratch/sd/h/hswils/github_repos/MANTA_DBSCANS/basecase/SCAN/work/rf_ic_toric_5', tppn=0, tcpp=0, tgpp=0, block=True, omp=False, wnodes=True, wsocks=True, cmd_args=()),)
2025-08-19 10:35:52,090 rf_ic_toric_5   DEBUG    _get_service_response(REQUEST|fastran_FPP_000001@toric@5|FRAMEWORK@Framework@0|34)
2025-08-19 10:35:52,102 rf_ic_toric_5   DEBUG    _get_service_response(REQUEST|fastran_FPP_000001@toric@5|FRAMEWORK@Framework@0|34), response = ServiceResponseMessage(sender_id=FRAMEWORK@Framework@0, receiver_id=fastran_FPP_000001@toric@5, request_msg_id=REQUEST|fastran_FPP_000001@toric@5|FRAMEWORK@Framework@0|34,status=0, args=((4, 'srun -N 1 -n 24 -c 5 --threads-per-core=1 --cpu-bind=cores /global/common/software/atom/perlmutter/binaries/toric/default/Ptoric.e ', None, 128),), message_id=RESPONSE|FRAMEWORK@Framework@0|fastran_FPP_000001@toric@5|4569)
2025-08-19 10:35:52,105 rf_ic_toric_5   DEBUG    Launching command : srun -N 1 -n 24 -c 5 --threads-per-core=1 --cpu-bind=cores /global/common/software/atom/perlmutter/binaries/toric/default/Ptoric.e 
2025-08-19 10:35:52,120 rf_ic_toric_5   DEBUG    _invoke_service(): getTopic  ('_IPS_MONITOR',)
2025-08-19 10:35:52,120 rf_ic_toric_5   DEBUG    _get_service_response(REQUEST|fastran_FPP_000001@toric@5|FRAMEWORK@Framework@0|35)
2025-08-19 10:35:52,131 rf_ic_toric_5   DEBUG    _get_service_response(REQUEST|fastran_FPP_000001@toric@5|FRAMEWORK@Framework@0|35), response = ServiceResponseMessage(sender_id=FRAMEWORK@Framework@0, receiver_id=fastran_FPP_000001@toric@5, request_msg_id=REQUEST|fastran_FPP_000001@toric@5|FRAMEWORK@Framework@0|35,status=0, args=(<ipsframework.cca_es_spec.Topic object at 0x7f3a44985f70>,), message_id=RESPONSE|FRAMEWORK@Framework@0|fastran_FPP_000001@toric@5|4570)
2025-08-19 10:35:52,131 rf_ic_toric_5   DEBUG    _invoke_service(): sendEvent  ('_IPS_MONITOR', 'PORTAL_EVENT', {'sim_name': 'fastran_FPP_000001', 'real_sim_name': 'fastran_FPP_000001', 'portal_data': {'code': 'rf_ic_toric', 'eventtype': 'IPS_LAUNCH_TASK', 'ok': True, 'walltime': '2240.00', 'time': '2025-08-19|10:35:52PDT', 'state': 'Running', 'comment': 'task_id = 4 , Tag = None , nproc = 24 , Target = srun -N 1 -n 24 -c 5 --threads-per-core=1 --cpu-bind=cores /global/common/software/atom/perlmutter/binaries/toric/default/Ptoric.e '}})
2025-08-19 10:35:52,131 rf_ic_toric_5   DEBUG    _get_service_response(REQUEST|fastran_FPP_000001@toric@5|FRAMEWORK@Framework@0|36)
2025-08-19 10:35:52,142 rf_ic_toric_5   DEBUG    _get_service_response(REQUEST|fastran_FPP_000001@toric@5|FRAMEWORK@Framework@0|36), response = ServiceResponseMessage(sender_id=FRAMEWORK@Framework@0, receiver_id=fastran_FPP_000001@toric@5, request_msg_id=REQUEST|fastran_FPP_000001@toric@5|FRAMEWORK@Framework@0|36,status=0, args=(None,), message_id=RESPONSE|FRAMEWORK@Framework@0|fastran_FPP_000001@toric@5|4571)
2025-08-19 10:40:46,678 rf_ic_toric_5   DEBUG    _invoke_service(): getTopic  ('_IPS_MONITOR',)
2025-08-19 10:40:46,678 rf_ic_toric_5   DEBUG    _get_service_response(REQUEST|fastran_FPP_000001@toric@5|FRAMEWORK@Framework@0|37)
2025-08-19 10:40:46,689 rf_ic_toric_5   DEBUG    _get_service_response(REQUEST|fastran_FPP_000001@toric@5|FRAMEWORK@Framework@0|37), response = ServiceResponseMessage(sender_id=FRAMEWORK@Framework@0, receiver_id=fastran_FPP_000001@toric@5, request_msg_id=REQUEST|fastran_FPP_000001@toric@5|FRAMEWORK@Framework@0|37,status=0, args=(<ipsframework.cca_es_spec.Topic object at 0x7f3a44985fa0>,), message_id=RESPONSE|FRAMEWORK@Framework@0|fastran_FPP_000001@toric@5|5147)
2025-08-19 10:40:46,689 rf_ic_toric_5   DEBUG    _invoke_service(): sendEvent  ('_IPS_MONITOR', 'PORTAL_EVENT', {'sim_name': 'fastran_FPP_000001', 'real_sim_name': 'fastran_FPP_000001', 'portal_data': {'code': 'rf_ic_toric', 'eventtype': 'IPS_TASK_END', 'ok': True, 'walltime': '2534.56', 'time': '2025-08-19|10:40:46PDT', 'trace': {'timestamp': 1755624952120151, 'duration': 294557835, 'localEndpoint': {'serviceName': '/global/common/software/atom/perlmutter/binaries/toric/default/Ptoric.e'}, 'name': '', 'id': 'ac839985b9bcea4c', 'parentId': '3bd38d4e7ce6a5eb', 'tags': {'procs_requested': '24', 'cores_allocated': '128'}}, 'state': 'Running', 'comment': 'task_id = 4  elapsed time = 294.56 S'}})
2025-08-19 10:40:46,689 rf_ic_toric_5   DEBUG    _get_service_response(REQUEST|fastran_FPP_000001@toric@5|FRAMEWORK@Framework@0|38)
2025-08-19 10:40:46,699 rf_ic_toric_5   DEBUG    _get_service_response(REQUEST|fastran_FPP_000001@toric@5|FRAMEWORK@Framework@0|38), response = ServiceResponseMessage(sender_id=FRAMEWORK@Framework@0, receiver_id=fastran_FPP_000001@toric@5, request_msg_id=REQUEST|fastran_FPP_000001@toric@5|FRAMEWORK@Framework@0|38,status=0, args=(None,), message_id=RESPONSE|FRAMEWORK@Framework@0|fastran_FPP_000001@toric@5|5148)
2025-08-19 10:40:46,699 rf_ic_toric_5   DEBUG    _invoke_service(): finish_task  (4, 0)
2025-08-19 10:40:46,700 rf_ic_toric_5   DEBUG    _get_service_response(REQUEST|fastran_FPP_000001@toric@5|FRAMEWORK@Framework@0|39)
2025-08-19 10:40:46,710 rf_ic_toric_5   DEBUG    _get_service_response(REQUEST|fastran_FPP_000001@toric@5|FRAMEWORK@Framework@0|39), response = ServiceResponseMessage(sender_id=FRAMEWORK@Framework@0, receiver_id=fastran_FPP_000001@toric@5, request_msg_id=REQUEST|fastran_FPP_000001@toric@5|FRAMEWORK@Framework@0|39,status=0, args=(0,), message_id=RESPONSE|FRAMEWORK@Framework@0|fastran_FPP_000001@toric@5|5149)
2025-08-19 10:40:46,886 rf_ic_toric_5   DEBUG    _invoke_service(): merge_current_plasma_state  ('/pscratch/sd/h/hswils/github_repos/MANTA_DBSCANS/basecase/SCAN/work/rf_ic_toric_5/RF_IC_s000001.00001', '/pscratch/sd/h/hswils/github_repos/MANTA_DBSCANS/basecase/SCAN/work/plasma_state/s000001.00001', 'log.update_state', '/global/common/software/atom/perlmutter/binaries/update-state/default/update_state')
2025-08-19 10:40:46,886 rf_ic_toric_5   DEBUG    _get_service_response(REQUEST|fastran_FPP_000001@toric@5|FRAMEWORK@Framework@0|40)
2025-08-19 10:40:47,071 rf_ic_toric_5   DEBUG    _get_service_response(REQUEST|fastran_FPP_000001@toric@5|FRAMEWORK@Framework@0|40), response = ServiceResponseMessage(sender_id=FRAMEWORK@Framework@0, receiver_id=fastran_FPP_000001@toric@5, request_msg_id=REQUEST|fastran_FPP_000001@toric@5|FRAMEWORK@Framework@0|40,status=0, args=(0,), message_id=RESPONSE|FRAMEWORK@Framework@0|fastran_FPP_000001@toric@5|5151)
2025-08-19 10:40:47,072 rf_ic_toric_5   DEBUG    _invoke_service(): getTopic  ('_IPS_MONITOR',)
2025-08-19 10:40:47,072 rf_ic_toric_5   DEBUG    _get_service_response(REQUEST|fastran_FPP_000001@toric@5|FRAMEWORK@Framework@0|41)
2025-08-19 10:40:47,083 rf_ic_toric_5   DEBUG    _get_service_response(REQUEST|fastran_FPP_000001@toric@5|FRAMEWORK@Framework@0|41), response = ServiceResponseMessage(sender_id=FRAMEWORK@Framework@0, receiver_id=fastran_FPP_000001@toric@5, request_msg_id=REQUEST|fastran_FPP_000001@toric@5|FRAMEWORK@Framework@0|41,status=0, args=(<ipsframework.cca_es_spec.Topic object at 0x7f3a44985e20>,), message_id=RESPONSE|FRAMEWORK@Framework@0|fastran_FPP_000001@toric@5|5152)
2025-08-19 10:40:47,083 rf_ic_toric_5   DEBUG    _invoke_service(): sendEvent  ('_IPS_MONITOR', 'PORTAL_EVENT', {'sim_name': 'fastran_FPP_000001', 'real_sim_name': 'fastran_FPP_000001', 'portal_data': {'code': 'rf_ic_toric', 'eventtype': 'IPS_MERGE_PLASMA_STATE', 'ok': True, 'walltime': '2534.95', 'time': '2025-08-19|10:40:47PDT', 'state': 'Running', 'comment': 'Success'}})
2025-08-19 10:40:47,083 rf_ic_toric_5   DEBUG    _get_service_response(REQUEST|fastran_FPP_000001@toric@5|FRAMEWORK@Framework@0|42)
2025-08-19 10:40:47,094 rf_ic_toric_5   DEBUG    _get_service_response(REQUEST|fastran_FPP_000001@toric@5|FRAMEWORK@Framework@0|42), response = ServiceResponseMessage(sender_id=FRAMEWORK@Framework@0, receiver_id=fastran_FPP_000001@toric@5, request_msg_id=REQUEST|fastran_FPP_000001@toric@5|FRAMEWORK@Framework@0|42,status=0, args=(None,), message_id=RESPONSE|FRAMEWORK@Framework@0|fastran_FPP_000001@toric@5|5153)
2025-08-19 10:40:47,192 rf_ic_toric_5   DEBUG    _invoke_service(): getTopic  ('_IPS_MONITOR',)
2025-08-19 10:40:47,192 rf_ic_toric_5   DEBUG    _get_service_response(REQUEST|fastran_FPP_000001@toric@5|FRAMEWORK@Framework@0|43)
2025-08-19 10:40:47,203 rf_ic_toric_5   DEBUG    _get_service_response(REQUEST|fastran_FPP_000001@toric@5|FRAMEWORK@Framework@0|43), response = ServiceResponseMessage(sender_id=FRAMEWORK@Framework@0, receiver_id=fastran_FPP_000001@toric@5, request_msg_id=REQUEST|fastran_FPP_000001@toric@5|FRAMEWORK@Framework@0|43,status=0, args=(<ipsframework.cca_es_spec.Topic object at 0x7f3a44990040>,), message_id=RESPONSE|FRAMEWORK@Framework@0|fastran_FPP_000001@toric@5|5154)
2025-08-19 10:40:47,203 rf_ic_toric_5   DEBUG    _invoke_service(): sendEvent  ('_IPS_MONITOR', 'PORTAL_EVENT', {'sim_name': 'fastran_FPP_000001', 'real_sim_name': 'fastran_FPP_000001', 'portal_data': {'code': 'rf_ic_toric', 'eventtype': 'IPS_STAGE_OUTPUTS', 'ok': True, 'walltime': '2535.07', 'time': '2025-08-19|10:40:47PDT', 'trace': {'timestamp': 1755625247094435, 'duration': 97939, 'localEndpoint': {'serviceName': 'stage_output_files'}, 'name': "['torica.inp', 'machine.inp', 'log.toric', 'toric.nc', 'profstat.dat', 'equigs.data', 'equidt.data', 'toric_cfg.nc']", 'id': '749f5c33ef51fb56', 'parentId': '3bd38d4e7ce6a5eb', 'tags': {}}, 'state': 'Running', 'comment': "Elapsed time = 0.098 Path = /pscratch/sd/h/hswils/github_repos/MANTA_DBSCANS/basecase/SCAN/simulation_results/1/components/rf_ic_toric_5 Files = ['torica.inp', 'machine.inp', 'log.toric', 'toric.nc', 'profstat.dat', 'equigs.data', 'equidt.data', 'toric_cfg.nc']"}})
2025-08-19 10:40:47,203 rf_ic_toric_5   DEBUG    _get_service_response(REQUEST|fastran_FPP_000001@toric@5|FRAMEWORK@Framework@0|44)
2025-08-19 10:40:47,214 rf_ic_toric_5   DEBUG    _get_service_response(REQUEST|fastran_FPP_000001@toric@5|FRAMEWORK@Framework@0|44), response = ServiceResponseMessage(sender_id=FRAMEWORK@Framework@0, receiver_id=fastran_FPP_000001@toric@5, request_msg_id=REQUEST|fastran_FPP_000001@toric@5|FRAMEWORK@Framework@0|44,status=0, args=(None,), message_id=RESPONSE|FRAMEWORK@Framework@0|fastran_FPP_000001@toric@5|5155)
2025-08-19 10:40:47,225 fastran_driver_fastran_driver_2 DEBUG    _get_service_response(REQUEST|fastran_FPP_000001@fastran_driver@2|FRAMEWORK@Framework@0|96), response = ServiceResponseMessage(sender_id=FRAMEWORK@Framework@0, receiver_id=fastran_FPP_000001@fastran_driver@2, request_msg_id=REQUEST|fastran_FPP_000001@fastran_driver@2|FRAMEWORK@Framework@0|96,status=0, args=((0,),), message_id=RESPONSE|FRAMEWORK@Framework@0|fastran_FPP_000001@fastran_driver@2|5156)
2025-08-19 10:40:47,226 fastran_driver_fastran_driver_2 DEBUG    _invoke_service(): getTopic  ('_IPS_MONITOR',)
2025-08-19 10:40:47,227 fastran_driver_fastran_driver_2 DEBUG    _get_service_response(REQUEST|fastran_FPP_000001@fastran_driver@2|FRAMEWORK@Framework@0|97)
2025-08-19 10:40:47,238 fastran_driver_fastran_driver_2 DEBUG    _get_service_response(REQUEST|fastran_FPP_000001@fastran_driver@2|FRAMEWORK@Framework@0|97), response = ServiceResponseMessage(sender_id=FRAMEWORK@Framework@0, receiver_id=fastran_FPP_000001@fastran_driver@2, request_msg_id=REQUEST|fastran_FPP_000001@fastran_driver@2|FRAMEWORK@Framework@0|97,status=0, args=(<ipsframework.cca_es_spec.Topic object at 0x7f3a44a20730>,), message_id=RESPONSE|FRAMEWORK@Framework@0|fastran_FPP_000001@fastran_driver@2|5157)
2025-08-19 10:40:47,238 fastran_driver_fastran_driver_2 DEBUG    _invoke_service(): sendEvent  ('_IPS_MONITOR', 'PORTAL_EVENT', {'sim_name': 'fastran_FPP_000001', 'real_sim_name': 'fastran_FPP_000001', 'portal_data': {'code': 'fastran_driver_fastran_driver', 'eventtype': 'IPS_CALL_END', 'ok': True, 'walltime': '2535.10', 'time': '2025-08-19|10:40:47PDT', 'trace': {'timestamp': 1755624951756576, 'duration': 295469745, 'localEndpoint': {'serviceName': 'fastran_FPP_000001@toric@5'}, 'name': 'step(1)', 'id': '3bd38d4e7ce6a5eb', 'parentId': 'f899e3e5886669ce', 'tags': {}}, 'state': 'Running', 'comment': 'Target = fastran_FPP_000001@toric@5:step(1)'}})
2025-08-19 10:40:47,239 fastran_driver_fastran_driver_2 DEBUG    _get_service_response(REQUEST|fastran_FPP_000001@fastran_driver@2|FRAMEWORK@Framework@0|98)
2025-08-19 10:40:47,249 fastran_driver_fastran_driver_2 DEBUG    _get_service_response(REQUEST|fastran_FPP_000001@fastran_driver@2|FRAMEWORK@Framework@0|98), response = ServiceResponseMessage(sender_id=FRAMEWORK@Framework@0, receiver_id=fastran_FPP_000001@fastran_driver@2, request_msg_id=REQUEST|fastran_FPP_000001@fastran_driver@2|FRAMEWORK@Framework@0|98,status=0, args=(None,), message_id=RESPONSE|FRAMEWORK@Framework@0|fastran_FPP_000001@fastran_driver@2|5159)
2025-08-19 10:40:47,250 fastran_driver_fastran_driver_2 DEBUG    _invoke_service(): getTopic  ('_IPS_MONITOR',)
2025-08-19 10:40:47,250 fastran_driver_fastran_driver_2 DEBUG    _get_service_response(REQUEST|fastran_FPP_000001@fastran_driver@2|FRAMEWORK@Framework@0|99)
2025-08-19 10:40:47,261 fastran_driver_fastran_driver_2 DEBUG    _get_service_response(REQUEST|fastran_FPP_000001@fastran_driver@2|FRAMEWORK@Framework@0|99), response = ServiceResponseMessage(sender_id=FRAMEWORK@Framework@0, receiver_id=fastran_FPP_000001@fastran_driver@2, request_msg_id=REQUEST|fastran_FPP_000001@fastran_driver@2|FRAMEWORK@Framework@0|99,status=0, args=(<ipsframework.cca_es_spec.Topic object at 0x7f3a44a20940>,), message_id=RESPONSE|FRAMEWORK@Framework@0|fastran_FPP_000001@fastran_driver@2|5160)
2025-08-19 10:40:47,261 fastran_driver_fastran_driver_2 DEBUG    _invoke_service(): sendEvent  ('_IPS_MONITOR', 'PORTAL_EVENT', {'sim_name': 'fastran_FPP_000001', 'real_sim_name': 'fastran_FPP_000001', 'portal_data': {'code': 'fastran_driver_fastran_driver', 'eventtype': 'IPS_CALL_BEGIN', 'ok': True, 'walltime': '2535.13', 'time': '2025-08-19|10:40:47PDT', 'state': 'Running', 'comment': 'Target = fastran_FPP_000001@efit@6:step(1)'}})
2025-08-19 10:40:47,261 fastran_driver_fastran_driver_2 DEBUG    _get_service_response(REQUEST|fastran_FPP_000001@fastran_driver@2|FRAMEWORK@Framework@0|100)
2025-08-19 10:40:47,272 fastran_driver_fastran_driver_2 DEBUG    _get_service_response(REQUEST|fastran_FPP_000001@fastran_driver@2|FRAMEWORK@Framework@0|100), response = ServiceResponseMessage(sender_id=FRAMEWORK@Framework@0, receiver_id=fastran_FPP_000001@fastran_driver@2, request_msg_id=REQUEST|fastran_FPP_000001@fastran_driver@2|FRAMEWORK@Framework@0|100,status=0, args=(None,), message_id=RESPONSE|FRAMEWORK@Framework@0|fastran_FPP_000001@fastran_driver@2|5161)
2025-08-19 10:40:47,272 fastran_driver_fastran_driver_2 DEBUG    _invoke_service(): init_call  ('step', 1)
2025-08-19 10:40:47,272 fastran_driver_fastran_driver_2 DEBUG    _get_service_response(REQUEST|fastran_FPP_000001@fastran_driver@2|FRAMEWORK@Framework@0|101)
2025-08-19 10:40:47,273 fastran_eq_efit_6 DEBUG    Received Message 
2025-08-19 10:40:47,273 fastran_eq_efit_6 DEBUG    Calling method step(1)
2025-08-19 10:40:47,274 fastran_eq_efit_6 DEBUG    _invoke_service(): stage_state  (['s000001.00001', 'g000001.00001', 'i000001.00001'], '/pscratch/sd/h/hswils/github_repos/MANTA_DBSCANS/basecase/SCAN/work/plasma_state', '/pscratch/sd/h/hswils/github_repos/MANTA_DBSCANS/basecase/SCAN/work/fastran_eq_efit_6')
2025-08-19 10:40:47,274 fastran_eq_efit_6 DEBUG    _get_service_response(REQUEST|fastran_FPP_000001@efit@6|FRAMEWORK@Framework@0|8)
2025-08-19 10:40:47,283 fastran_driver_fastran_driver_2 DEBUG    _get_service_response(REQUEST|fastran_FPP_000001@fastran_driver@2|FRAMEWORK@Framework@0|101), response = ServiceResponseMessage(sender_id=FRAMEWORK@Framework@0, receiver_id=fastran_FPP_000001@fastran_driver@2, request_msg_id=REQUEST|fastran_FPP_000001@fastran_driver@2|FRAMEWORK@Framework@0|101,status=0, args=(22,), message_id=RESPONSE|FRAMEWORK@Framework@0|fastran_FPP_000001@fastran_driver@2|5162)
2025-08-19 10:40:47,283 fastran_driver_fastran_driver_2 DEBUG    _invoke_service(): wait_call  (22, True)
2025-08-19 10:40:47,283 fastran_driver_fastran_driver_2 DEBUG    _get_service_response(REQUEST|fastran_FPP_000001@fastran_driver@2|FRAMEWORK@Framework@0|102)
2025-08-19 10:40:47,295 fastran_eq_efit_6 DEBUG    _get_service_response(REQUEST|fastran_FPP_000001@efit@6|FRAMEWORK@Framework@0|8), response = ServiceResponseMessage(sender_id=FRAMEWORK@Framework@0, receiver_id=fastran_FPP_000001@efit@6, request_msg_id=REQUEST|fastran_FPP_000001@efit@6|FRAMEWORK@Framework@0|8,status=0, args=(0,), message_id=RESPONSE|FRAMEWORK@Framework@0|fastran_FPP_000001@efit@6|5163)
2025-08-19 10:40:47,295 fastran_eq_efit_6 DEBUG    _invoke_service(): getTopic  ('_IPS_MONITOR',)
2025-08-19 10:40:47,295 fastran_eq_efit_6 DEBUG    _get_service_response(REQUEST|fastran_FPP_000001@efit@6|FRAMEWORK@Framework@0|9)
2025-08-19 10:40:47,306 fastran_eq_efit_6 DEBUG    _get_service_response(REQUEST|fastran_FPP_000001@efit@6|FRAMEWORK@Framework@0|9), response = ServiceResponseMessage(sender_id=FRAMEWORK@Framework@0, receiver_id=fastran_FPP_000001@efit@6, request_msg_id=REQUEST|fastran_FPP_000001@efit@6|FRAMEWORK@Framework@0|9,status=0, args=(<ipsframework.cca_es_spec.Topic object at 0x7f3a449b7520>,), message_id=RESPONSE|FRAMEWORK@Framework@0|fastran_FPP_000001@efit@6|5164)
2025-08-19 10:40:47,306 fastran_eq_efit_6 DEBUG    _invoke_service(): sendEvent  ('_IPS_MONITOR', 'PORTAL_EVENT', {'sim_name': 'fastran_FPP_000001', 'real_sim_name': 'fastran_FPP_000001', 'portal_data': {'code': 'fastran_eq_efit', 'eventtype': 'IPS_STAGE_STATE', 'ok': True, 'walltime': '2535.17', 'time': '2025-08-19|10:40:47PDT', 'trace': {'timestamp': 1755625247274058, 'duration': 21116, 'localEndpoint': {'serviceName': 'stage_state'}, 'name': "['s000001.00001', 'g000001.00001', 'i000001.00001']", 'id': '71885aecf25d7412', 'parentId': 'c39506182bc762d8', 'tags': {}}, 'state': 'Running', 'comment': 'Elapsed time = 0.021  files = s000001.00001 g000001.00001 i000001.00001 Success'}})
2025-08-19 10:40:47,306 fastran_eq_efit_6 DEBUG    _get_service_response(REQUEST|fastran_FPP_000001@efit@6|FRAMEWORK@Framework@0|10)
2025-08-19 10:40:47,316 fastran_eq_efit_6 DEBUG    _get_service_response(REQUEST|fastran_FPP_000001@efit@6|FRAMEWORK@Framework@0|10), response = ServiceResponseMessage(sender_id=FRAMEWORK@Framework@0, receiver_id=fastran_FPP_000001@efit@6, request_msg_id=REQUEST|fastran_FPP_000001@efit@6|FRAMEWORK@Framework@0|10,status=0, args=(None,), message_id=RESPONSE|FRAMEWORK@Framework@0|fastran_FPP_000001@efit@6|5165)
2025-08-19 10:40:49,953 fastran_eq_efit_6 DEBUG    _invoke_service(): update_state  (['s000001.00001', 'g000001.00001', 'i000001.00001'], '/pscratch/sd/h/hswils/github_repos/MANTA_DBSCANS/basecase/SCAN/work/fastran_eq_efit_6', '/pscratch/sd/h/hswils/github_repos/MANTA_DBSCANS/basecase/SCAN/work/plasma_state')
2025-08-19 10:40:49,954 fastran_eq_efit_6 DEBUG    _get_service_response(REQUEST|fastran_FPP_000001@efit@6|FRAMEWORK@Framework@0|11)
2025-08-19 10:40:49,975 fastran_eq_efit_6 DEBUG    _get_service_response(REQUEST|fastran_FPP_000001@efit@6|FRAMEWORK@Framework@0|11), response = ServiceResponseMessage(sender_id=FRAMEWORK@Framework@0, receiver_id=fastran_FPP_000001@efit@6, request_msg_id=REQUEST|fastran_FPP_000001@efit@6|FRAMEWORK@Framework@0|11,status=0, args=(0,), message_id=RESPONSE|FRAMEWORK@Framework@0|fastran_FPP_000001@efit@6|5171)
2025-08-19 10:40:49,976 fastran_eq_efit_6 DEBUG    _invoke_service(): getTopic  ('_IPS_MONITOR',)
2025-08-19 10:40:49,976 fastran_eq_efit_6 DEBUG    _get_service_response(REQUEST|fastran_FPP_000001@efit@6|FRAMEWORK@Framework@0|12)
2025-08-19 10:40:49,987 fastran_eq_efit_6 DEBUG    _get_service_response(REQUEST|fastran_FPP_000001@efit@6|FRAMEWORK@Framework@0|12), response = ServiceResponseMessage(sender_id=FRAMEWORK@Framework@0, receiver_id=fastran_FPP_000001@efit@6, request_msg_id=REQUEST|fastran_FPP_000001@efit@6|FRAMEWORK@Framework@0|12,status=0, args=(<ipsframework.cca_es_spec.Topic object at 0x7f3a449bae50>,), message_id=RESPONSE|FRAMEWORK@Framework@0|fastran_FPP_000001@efit@6|5172)
2025-08-19 10:40:49,987 fastran_eq_efit_6 DEBUG    _invoke_service(): sendEvent  ('_IPS_MONITOR', 'PORTAL_EVENT', {'sim_name': 'fastran_FPP_000001', 'real_sim_name': 'fastran_FPP_000001', 'portal_data': {'code': 'fastran_eq_efit', 'eventtype': 'IPS_UPDATE_STATE', 'ok': True, 'walltime': '2537.85', 'time': '2025-08-19|10:40:49PDT', 'trace': {'timestamp': 1755625249952587, 'duration': 23265, 'localEndpoint': {'serviceName': 'update_state'}, 'name': "['s000001.00001', 'g000001.00001', 'i000001.00001']", 'id': '7629e189a66153c0', 'parentId': 'c39506182bc762d8', 'tags': {}}, 'state': 'Running', 'comment': 'Elapsed time = 0.023   files = s000001.00001 g000001.00001 i000001.00001 Success'}})
2025-08-19 10:40:49,987 fastran_eq_efit_6 DEBUG    _get_service_response(REQUEST|fastran_FPP_000001@efit@6|FRAMEWORK@Framework@0|13)
2025-08-19 10:40:49,998 fastran_eq_efit_6 DEBUG    _get_service_response(REQUEST|fastran_FPP_000001@efit@6|FRAMEWORK@Framework@0|13), response = ServiceResponseMessage(sender_id=FRAMEWORK@Framework@0, receiver_id=fastran_FPP_000001@efit@6, request_msg_id=REQUEST|fastran_FPP_000001@efit@6|FRAMEWORK@Framework@0|13,status=0, args=(None,), message_id=RESPONSE|FRAMEWORK@Framework@0|fastran_FPP_000001@efit@6|5173)
2025-08-19 10:40:50,022 fastran_eq_efit_6 DEBUG    _invoke_service(): getTopic  ('_IPS_MONITOR',)
2025-08-19 10:40:50,022 fastran_eq_efit_6 DEBUG    _get_service_response(REQUEST|fastran_FPP_000001@efit@6|FRAMEWORK@Framework@0|14)
2025-08-19 10:40:50,033 fastran_eq_efit_6 DEBUG    _get_service_response(REQUEST|fastran_FPP_000001@efit@6|FRAMEWORK@Framework@0|14), response = ServiceResponseMessage(sender_id=FRAMEWORK@Framework@0, receiver_id=fastran_FPP_000001@efit@6, request_msg_id=REQUEST|fastran_FPP_000001@efit@6|FRAMEWORK@Framework@0|14,status=0, args=(<ipsframework.cca_es_spec.Topic object at 0x7f3a449ba580>,), message_id=RESPONSE|FRAMEWORK@Framework@0|fastran_FPP_000001@efit@6|5174)
2025-08-19 10:40:50,033 fastran_eq_efit_6 DEBUG    _invoke_service(): sendEvent  ('_IPS_MONITOR', 'PORTAL_EVENT', {'sim_name': 'fastran_FPP_000001', 'real_sim_name': 'fastran_FPP_000001', 'portal_data': {'code': 'fastran_eq_efit', 'eventtype': 'IPS_STAGE_OUTPUTS', 'ok': True, 'walltime': '2537.90', 'time': '2025-08-19|10:40:50PDT', 'trace': {'timestamp': 1755625249998420, 'duration': 23936, 'localEndpoint': {'serviceName': 'stage_output_files'}, 'name': "['g*.*', 'a*.*', 'm*.*', 'k*.*', 'efit.log', 's*.*']", 'id': '80725d8eee5776f1', 'parentId': 'c39506182bc762d8', 'tags': {}}, 'state': 'Running', 'comment': "Elapsed time = 0.024 Path = /pscratch/sd/h/hswils/github_repos/MANTA_DBSCANS/basecase/SCAN/simulation_results/1/components/fastran_eq_efit_6 Files = ['g*.*', 'a*.*', 'm*.*', 'k*.*', 'efit.log', 's*.*']"}})
2025-08-19 10:40:50,033 fastran_eq_efit_6 DEBUG    _get_service_response(REQUEST|fastran_FPP_000001@efit@6|FRAMEWORK@Framework@0|15)
2025-08-19 10:40:50,044 fastran_eq_efit_6 DEBUG    _get_service_response(REQUEST|fastran_FPP_000001@efit@6|FRAMEWORK@Framework@0|15), response = ServiceResponseMessage(sender_id=FRAMEWORK@Framework@0, receiver_id=fastran_FPP_000001@efit@6, request_msg_id=REQUEST|fastran_FPP_000001@efit@6|FRAMEWORK@Framework@0|15,status=0, args=(None,), message_id=RESPONSE|FRAMEWORK@Framework@0|fastran_FPP_000001@efit@6|5175)
2025-08-19 10:40:50,057 fastran_driver_fastran_driver_2 DEBUG    _get_service_response(REQUEST|fastran_FPP_000001@fastran_driver@2|FRAMEWORK@Framework@0|102), response = ServiceResponseMessage(sender_id=FRAMEWORK@Framework@0, receiver_id=fastran_FPP_000001@fastran_driver@2, request_msg_id=REQUEST|fastran_FPP_000001@fastran_driver@2|FRAMEWORK@Framework@0|102,status=0, args=((None,),), message_id=RESPONSE|FRAMEWORK@Framework@0|fastran_FPP_000001@fastran_driver@2|5176)
2025-08-19 10:40:50,057 fastran_driver_fastran_driver_2 DEBUG    _invoke_service(): getTopic  ('_IPS_MONITOR',)
2025-08-19 10:40:50,057 fastran_driver_fastran_driver_2 DEBUG    _get_service_response(REQUEST|fastran_FPP_000001@fastran_driver@2|FRAMEWORK@Framework@0|103)
2025-08-19 10:40:50,068 fastran_driver_fastran_driver_2 DEBUG    _get_service_response(REQUEST|fastran_FPP_000001@fastran_driver@2|FRAMEWORK@Framework@0|103), response = ServiceResponseMessage(sender_id=FRAMEWORK@Framework@0, receiver_id=fastran_FPP_000001@fastran_driver@2, request_msg_id=REQUEST|fastran_FPP_000001@fastran_driver@2|FRAMEWORK@Framework@0|103,status=0, args=(<ipsframework.cca_es_spec.Topic object at 0x7f3a44a20910>,), message_id=RESPONSE|FRAMEWORK@Framework@0|fastran_FPP_000001@fastran_driver@2|5177)
2025-08-19 10:40:50,069 fastran_driver_fastran_driver_2 DEBUG    _invoke_service(): sendEvent  ('_IPS_MONITOR', 'PORTAL_EVENT', {'sim_name': 'fastran_FPP_000001', 'real_sim_name': 'fastran_FPP_000001', 'portal_data': {'code': 'fastran_driver_fastran_driver', 'eventtype': 'IPS_CALL_END', 'ok': True, 'walltime': '2537.94', 'time': '2025-08-19|10:40:50PDT', 'trace': {'timestamp': 1755625247283645, 'duration': 2773807, 'localEndpoint': {'serviceName': 'fastran_FPP_000001@efit@6'}, 'name': 'step(1)', 'id': 'c39506182bc762d8', 'parentId': 'f899e3e5886669ce', 'tags': {}}, 'state': 'Running', 'comment': 'Target = fastran_FPP_000001@efit@6:step(1)'}})
2025-08-19 10:40:50,069 fastran_driver_fastran_driver_2 DEBUG    _get_service_response(REQUEST|fastran_FPP_000001@fastran_driver@2|FRAMEWORK@Framework@0|104)
2025-08-19 10:40:50,080 fastran_driver_fastran_driver_2 DEBUG    _get_service_response(REQUEST|fastran_FPP_000001@fastran_driver@2|FRAMEWORK@Framework@0|104), response = ServiceResponseMessage(sender_id=FRAMEWORK@Framework@0, receiver_id=fastran_FPP_000001@fastran_driver@2, request_msg_id=REQUEST|fastran_FPP_000001@fastran_driver@2|FRAMEWORK@Framework@0|104,status=0, args=(None,), message_id=RESPONSE|FRAMEWORK@Framework@0|fastran_FPP_000001@fastran_driver@2|5178)
2025-08-19 10:40:50,080 fastran_driver_fastran_driver_2 DEBUG    _invoke_service(): getTopic  ('_IPS_MONITOR',)
2025-08-19 10:40:50,080 fastran_driver_fastran_driver_2 DEBUG    _get_service_response(REQUEST|fastran_FPP_000001@fastran_driver@2|FRAMEWORK@Framework@0|105)
2025-08-19 10:40:50,091 fastran_driver_fastran_driver_2 DEBUG    _get_service_response(REQUEST|fastran_FPP_000001@fastran_driver@2|FRAMEWORK@Framework@0|105), response = ServiceResponseMessage(sender_id=FRAMEWORK@Framework@0, receiver_id=fastran_FPP_000001@fastran_driver@2, request_msg_id=REQUEST|fastran_FPP_000001@fastran_driver@2|FRAMEWORK@Framework@0|105,status=0, args=(<ipsframework.cca_es_spec.Topic object at 0x7f3a44a209a0>,), message_id=RESPONSE|FRAMEWORK@Framework@0|fastran_FPP_000001@fastran_driver@2|5179)
2025-08-19 10:40:50,091 fastran_driver_fastran_driver_2 DEBUG    _invoke_service(): sendEvent  ('_IPS_MONITOR', 'PORTAL_EVENT', {'sim_name': 'fastran_FPP_000001', 'real_sim_name': 'fastran_FPP_000001', 'portal_data': {'code': 'fastran_driver_fastran_driver', 'eventtype': 'IPS_CALL_BEGIN', 'ok': True, 'walltime': '2537.96', 'time': '2025-08-19|10:40:50PDT', 'state': 'Running', 'comment': 'Target = fastran_FPP_000001@fastran@7:step(1)'}})
2025-08-19 10:40:50,091 fastran_driver_fastran_driver_2 DEBUG    _get_service_response(REQUEST|fastran_FPP_000001@fastran_driver@2|FRAMEWORK@Framework@0|106)
2025-08-19 10:40:50,102 fastran_driver_fastran_driver_2 DEBUG    _get_service_response(REQUEST|fastran_FPP_000001@fastran_driver@2|FRAMEWORK@Framework@0|106), response = ServiceResponseMessage(sender_id=FRAMEWORK@Framework@0, receiver_id=fastran_FPP_000001@fastran_driver@2, request_msg_id=REQUEST|fastran_FPP_000001@fastran_driver@2|FRAMEWORK@Framework@0|106,status=0, args=(None,), message_id=RESPONSE|FRAMEWORK@Framework@0|fastran_FPP_000001@fastran_driver@2|5180)
2025-08-19 10:40:50,102 fastran_driver_fastran_driver_2 DEBUG    _invoke_service(): init_call  ('step', 1)
2025-08-19 10:40:50,102 fastran_driver_fastran_driver_2 DEBUG    _get_service_response(REQUEST|fastran_FPP_000001@fastran_driver@2|FRAMEWORK@Framework@0|107)
2025-08-19 10:40:50,103 fastran_tr_fastran_7 DEBUG    Received Message 
2025-08-19 10:40:50,103 fastran_tr_fastran_7 DEBUG    Calling method step(1)
2025-08-19 10:40:50,104 fastran_tr_fastran_7 DEBUG    _invoke_service(): stage_state  (['s000001.00001', 'g000001.00001', 'i000001.00001'], '/pscratch/sd/h/hswils/github_repos/MANTA_DBSCANS/basecase/SCAN/work/plasma_state', '/pscratch/sd/h/hswils/github_repos/MANTA_DBSCANS/basecase/SCAN/work/fastran_tr_fastran_7')
2025-08-19 10:40:50,104 fastran_tr_fastran_7 DEBUG    _get_service_response(REQUEST|fastran_FPP_000001@fastran@7|FRAMEWORK@Framework@0|16)
2025-08-19 10:40:50,113 fastran_driver_fastran_driver_2 DEBUG    _get_service_response(REQUEST|fastran_FPP_000001@fastran_driver@2|FRAMEWORK@Framework@0|107), response = ServiceResponseMessage(sender_id=FRAMEWORK@Framework@0, receiver_id=fastran_FPP_000001@fastran_driver@2, request_msg_id=REQUEST|fastran_FPP_000001@fastran_driver@2|FRAMEWORK@Framework@0|107,status=0, args=(23,), message_id=RESPONSE|FRAMEWORK@Framework@0|fastran_FPP_000001@fastran_driver@2|5181)
2025-08-19 10:40:50,113 fastran_driver_fastran_driver_2 DEBUG    _invoke_service(): wait_call  (23, True)
2025-08-19 10:40:50,114 fastran_driver_fastran_driver_2 DEBUG    _get_service_response(REQUEST|fastran_FPP_000001@fastran_driver@2|FRAMEWORK@Framework@0|108)
2025-08-19 10:40:50,124 fastran_tr_fastran_7 DEBUG    _get_service_response(REQUEST|fastran_FPP_000001@fastran@7|FRAMEWORK@Framework@0|16), response = ServiceResponseMessage(sender_id=FRAMEWORK@Framework@0, receiver_id=fastran_FPP_000001@fastran@7, request_msg_id=REQUEST|fastran_FPP_000001@fastran@7|FRAMEWORK@Framework@0|16,status=0, args=(0,), message_id=RESPONSE|FRAMEWORK@Framework@0|fastran_FPP_000001@fastran@7|5182)
2025-08-19 10:40:50,125 fastran_tr_fastran_7 DEBUG    _invoke_service(): getTopic  ('_IPS_MONITOR',)
2025-08-19 10:40:50,125 fastran_tr_fastran_7 DEBUG    _get_service_response(REQUEST|fastran_FPP_000001@fastran@7|FRAMEWORK@Framework@0|17)
2025-08-19 10:40:50,135 fastran_tr_fastran_7 DEBUG    _get_service_response(REQUEST|fastran_FPP_000001@fastran@7|FRAMEWORK@Framework@0|17), response = ServiceResponseMessage(sender_id=FRAMEWORK@Framework@0, receiver_id=fastran_FPP_000001@fastran@7, request_msg_id=REQUEST|fastran_FPP_000001@fastran@7|FRAMEWORK@Framework@0|17,status=0, args=(<ipsframework.cca_es_spec.Topic object at 0x7f3a449ba730>,), message_id=RESPONSE|FRAMEWORK@Framework@0|fastran_FPP_000001@fastran@7|5183)
2025-08-19 10:40:50,135 fastran_tr_fastran_7 DEBUG    _invoke_service(): sendEvent  ('_IPS_MONITOR', 'PORTAL_EVENT', {'sim_name': 'fastran_FPP_000001', 'real_sim_name': 'fastran_FPP_000001', 'portal_data': {'code': 'fastran_tr_fastran', 'eventtype': 'IPS_STAGE_STATE', 'ok': True, 'walltime': '2538.00', 'time': '2025-08-19|10:40:50PDT', 'trace': {'timestamp': 1755625250104074, 'duration': 20905, 'localEndpoint': {'serviceName': 'stage_state'}, 'name': "['s000001.00001', 'g000001.00001', 'i000001.00001']", 'id': '71885aecf25d7412', 'parentId': '246532d4e59cb707', 'tags': {}}, 'state': 'Running', 'comment': 'Elapsed time = 0.021  files = s000001.00001 g000001.00001 i000001.00001 Success'}})
2025-08-19 10:40:50,135 fastran_tr_fastran_7 DEBUG    _get_service_response(REQUEST|fastran_FPP_000001@fastran@7|FRAMEWORK@Framework@0|18)
2025-08-19 10:40:50,146 fastran_tr_fastran_7 DEBUG    _get_service_response(REQUEST|fastran_FPP_000001@fastran@7|FRAMEWORK@Framework@0|18), response = ServiceResponseMessage(sender_id=FRAMEWORK@Framework@0, receiver_id=fastran_FPP_000001@fastran@7, request_msg_id=REQUEST|fastran_FPP_000001@fastran@7|FRAMEWORK@Framework@0|18,status=0, args=(None,), message_id=RESPONSE|FRAMEWORK@Framework@0|fastran_FPP_000001@fastran@7|5184)
2025-08-19 10:40:50,154 fastran_tr_fastran_7 DEBUG    _invoke_service(): getTopic  ('_IPS_MONITOR',)
2025-08-19 10:40:50,154 fastran_tr_fastran_7 DEBUG    _get_service_response(REQUEST|fastran_FPP_000001@fastran@7|FRAMEWORK@Framework@0|19)
2025-08-19 10:40:50,165 fastran_tr_fastran_7 DEBUG    _get_service_response(REQUEST|fastran_FPP_000001@fastran@7|FRAMEWORK@Framework@0|19), response = ServiceResponseMessage(sender_id=FRAMEWORK@Framework@0, receiver_id=fastran_FPP_000001@fastran@7, request_msg_id=REQUEST|fastran_FPP_000001@fastran@7|FRAMEWORK@Framework@0|19,status=0, args=(<ipsframework.cca_es_spec.Topic object at 0x7f3a449d37f0>,), message_id=RESPONSE|FRAMEWORK@Framework@0|fastran_FPP_000001@fastran@7|5185)
2025-08-19 10:40:50,165 fastran_tr_fastran_7 DEBUG    _invoke_service(): sendEvent  ('_IPS_MONITOR', 'PORTAL_EVENT', {'sim_name': 'fastran_FPP_000001', 'real_sim_name': 'fastran_FPP_000001', 'portal_data': {'code': 'fastran_tr_fastran', 'eventtype': 'IPS_STAGE_INPUTS', 'ok': True, 'walltime': '2538.03', 'time': '2025-08-19|10:40:50PDT', 'trace': {'timestamp': 1755625250147044, 'duration': 7719, 'localEndpoint': {'serviceName': 'stage_input_files'}, 'name': 'infastran intglf', 'id': '5ff6e2efe4653e6c', 'parentId': '246532d4e59cb707', 'tags': {}}, 'state': 'Running', 'comment': 'Elapsed time = 0.008 Path = /pscratch/sd/h/hswils/github_repos/MANTA_DBSCANS/basecase/input Files = infastran intglf'}})
2025-08-19 10:40:50,165 fastran_tr_fastran_7 DEBUG    _get_service_response(REQUEST|fastran_FPP_000001@fastran@7|FRAMEWORK@Framework@0|20)
2025-08-19 10:40:50,176 fastran_tr_fastran_7 DEBUG    _get_service_response(REQUEST|fastran_FPP_000001@fastran@7|FRAMEWORK@Framework@0|20), response = ServiceResponseMessage(sender_id=FRAMEWORK@Framework@0, receiver_id=fastran_FPP_000001@fastran@7, request_msg_id=REQUEST|fastran_FPP_000001@fastran@7|FRAMEWORK@Framework@0|20,status=0, args=(None,), message_id=RESPONSE|FRAMEWORK@Framework@0|fastran_FPP_000001@fastran@7|5186)
2025-08-19 10:40:50,431 fastran_tr_fastran_7 DEBUG    _invoke_service(): init_task  (TaskInit(nproc=1, binary='/global/common/software/atom/perlmutter/binaries/fastran/default/xfastran_ver1.06', working_dir='/pscratch/sd/h/hswils/github_repos/MANTA_DBSCANS/basecase/SCAN/work/fastran_tr_fastran_7', tppn=0, tcpp=0, tgpp=0, block=True, omp=False, wnodes=True, wsocks=True, cmd_args=('1', '1')),)
2025-08-19 10:40:50,431 fastran_tr_fastran_7 DEBUG    _get_service_response(REQUEST|fastran_FPP_000001@fastran@7|FRAMEWORK@Framework@0|21)
2025-08-19 10:40:50,443 fastran_tr_fastran_7 DEBUG    _get_service_response(REQUEST|fastran_FPP_000001@fastran@7|FRAMEWORK@Framework@0|21), response = ServiceResponseMessage(sender_id=FRAMEWORK@Framework@0, receiver_id=fastran_FPP_000001@fastran@7, request_msg_id=REQUEST|fastran_FPP_000001@fastran@7|FRAMEWORK@Framework@0|21,status=0, args=((5, 'srun -N 1 -n 1 -c 128 --threads-per-core=1 --cpu-bind=cores /global/common/software/atom/perlmutter/binaries/fastran/default/xfastran_ver1.06 1 1', None, 128),), message_id=RESPONSE|FRAMEWORK@Framework@0|fastran_FPP_000001@fastran@7|5188)
2025-08-19 10:40:50,444 fastran_tr_fastran_7 DEBUG    Launching command : srun -N 1 -n 1 -c 128 --threads-per-core=1 --cpu-bind=cores /global/common/software/atom/perlmutter/binaries/fastran/default/xfastran_ver1.06 1 1
2025-08-19 10:40:50,459 fastran_tr_fastran_7 DEBUG    _invoke_service(): getTopic  ('_IPS_MONITOR',)
2025-08-19 10:40:50,459 fastran_tr_fastran_7 DEBUG    _get_service_response(REQUEST|fastran_FPP_000001@fastran@7|FRAMEWORK@Framework@0|22)
2025-08-19 10:40:50,470 fastran_tr_fastran_7 DEBUG    _get_service_response(REQUEST|fastran_FPP_000001@fastran@7|FRAMEWORK@Framework@0|22), response = ServiceResponseMessage(sender_id=FRAMEWORK@Framework@0, receiver_id=fastran_FPP_000001@fastran@7, request_msg_id=REQUEST|fastran_FPP_000001@fastran@7|FRAMEWORK@Framework@0|22,status=0, args=(<ipsframework.cca_es_spec.Topic object at 0x7f3a449d3a90>,), message_id=RESPONSE|FRAMEWORK@Framework@0|fastran_FPP_000001@fastran@7|5189)
2025-08-19 10:40:50,471 fastran_tr_fastran_7 DEBUG    _invoke_service(): sendEvent  ('_IPS_MONITOR', 'PORTAL_EVENT', {'sim_name': 'fastran_FPP_000001', 'real_sim_name': 'fastran_FPP_000001', 'portal_data': {'code': 'fastran_tr_fastran', 'eventtype': 'IPS_LAUNCH_TASK', 'ok': True, 'walltime': '2538.34', 'time': '2025-08-19|10:40:50PDT', 'state': 'Running', 'comment': 'task_id = 5 , Tag = None , nproc = 1 , Target = srun -N 1 -n 1 -c 128 --threads-per-core=1 --cpu-bind=cores /global/common/software/atom/perlmutter/binaries/fastran/default/xfastran_ver1.06 1 1'}})
2025-08-19 10:40:50,471 fastran_tr_fastran_7 DEBUG    _get_service_response(REQUEST|fastran_FPP_000001@fastran@7|FRAMEWORK@Framework@0|23)
2025-08-19 10:40:50,481 fastran_tr_fastran_7 DEBUG    _get_service_response(REQUEST|fastran_FPP_000001@fastran@7|FRAMEWORK@Framework@0|23), response = ServiceResponseMessage(sender_id=FRAMEWORK@Framework@0, receiver_id=fastran_FPP_000001@fastran@7, request_msg_id=REQUEST|fastran_FPP_000001@fastran@7|FRAMEWORK@Framework@0|23,status=0, args=(None,), message_id=RESPONSE|FRAMEWORK@Framework@0|fastran_FPP_000001@fastran@7|5190)
2025-08-19 11:12:54,978 fastran_tr_fastran_7 DEBUG    _invoke_service(): getTopic  ('_IPS_MONITOR',)
2025-08-19 11:12:54,978 fastran_tr_fastran_7 DEBUG    _get_service_response(REQUEST|fastran_FPP_000001@fastran@7|FRAMEWORK@Framework@0|24)
2025-08-19 11:12:54,989 fastran_tr_fastran_7 DEBUG    _get_service_response(REQUEST|fastran_FPP_000001@fastran@7|FRAMEWORK@Framework@0|24), response = ServiceResponseMessage(sender_id=FRAMEWORK@Framework@0, receiver_id=fastran_FPP_000001@fastran@7, request_msg_id=REQUEST|fastran_FPP_000001@fastran@7|FRAMEWORK@Framework@0|24,status=0, args=(<ipsframework.cca_es_spec.Topic object at 0x7f3a449d39d0>,), message_id=RESPONSE|FRAMEWORK@Framework@0|fastran_FPP_000001@fastran@7|8954)
2025-08-19 11:12:54,990 fastran_tr_fastran_7 DEBUG    _invoke_service(): sendEvent  ('_IPS_MONITOR', 'PORTAL_EVENT', {'sim_name': 'fastran_FPP_000001', 'real_sim_name': 'fastran_FPP_000001', 'portal_data': {'code': 'fastran_tr_fastran', 'eventtype': 'IPS_TASK_END', 'ok': True, 'walltime': '4462.86', 'time': '2025-08-19|11:12:54PDT', 'trace': {'timestamp': 1755625250459477, 'duration': 1924518931, 'localEndpoint': {'serviceName': '/global/common/software/atom/perlmutter/binaries/fastran/default/xfastran_ver1.06'}, 'name': '1 1', 'id': 'a22755ba57fb60fe', 'parentId': '246532d4e59cb707', 'tags': {'procs_requested': '1', 'cores_allocated': '128'}}, 'state': 'Running', 'comment': 'task_id = 5  elapsed time = 1924.52 S'}})
2025-08-19 11:12:54,990 fastran_tr_fastran_7 DEBUG    _get_service_response(REQUEST|fastran_FPP_000001@fastran@7|FRAMEWORK@Framework@0|25)
2025-08-19 11:12:55,001 fastran_tr_fastran_7 DEBUG    _get_service_response(REQUEST|fastran_FPP_000001@fastran@7|FRAMEWORK@Framework@0|25), response = ServiceResponseMessage(sender_id=FRAMEWORK@Framework@0, receiver_id=fastran_FPP_000001@fastran@7, request_msg_id=REQUEST|fastran_FPP_000001@fastran@7|FRAMEWORK@Framework@0|25,status=0, args=(None,), message_id=RESPONSE|FRAMEWORK@Framework@0|fastran_FPP_000001@fastran@7|8955)
2025-08-19 11:12:55,001 fastran_tr_fastran_7 DEBUG    _invoke_service(): finish_task  (5, 0)
2025-08-19 11:12:55,001 fastran_tr_fastran_7 DEBUG    _get_service_response(REQUEST|fastran_FPP_000001@fastran@7|FRAMEWORK@Framework@0|26)
2025-08-19 11:12:55,013 fastran_tr_fastran_7 DEBUG    _get_service_response(REQUEST|fastran_FPP_000001@fastran@7|FRAMEWORK@Framework@0|26), response = ServiceResponseMessage(sender_id=FRAMEWORK@Framework@0, receiver_id=fastran_FPP_000001@fastran@7, request_msg_id=REQUEST|fastran_FPP_000001@fastran@7|FRAMEWORK@Framework@0|26,status=0, args=(0,), message_id=RESPONSE|FRAMEWORK@Framework@0|fastran_FPP_000001@fastran@7|8956)
2025-08-19 11:12:55,322 fastran_tr_fastran_7 DEBUG    _invoke_service(): update_state  (['s000001.00001', 'g000001.00001', 'i000001.00001'], '/pscratch/sd/h/hswils/github_repos/MANTA_DBSCANS/basecase/SCAN/work/fastran_tr_fastran_7', '/pscratch/sd/h/hswils/github_repos/MANTA_DBSCANS/basecase/SCAN/work/plasma_state')
2025-08-19 11:12:55,323 fastran_tr_fastran_7 DEBUG    _get_service_response(REQUEST|fastran_FPP_000001@fastran@7|FRAMEWORK@Framework@0|27)
2025-08-19 11:12:55,343 fastran_tr_fastran_7 DEBUG    _get_service_response(REQUEST|fastran_FPP_000001@fastran@7|FRAMEWORK@Framework@0|27), response = ServiceResponseMessage(sender_id=FRAMEWORK@Framework@0, receiver_id=fastran_FPP_000001@fastran@7, request_msg_id=REQUEST|fastran_FPP_000001@fastran@7|FRAMEWORK@Framework@0|27,status=0, args=(0,), message_id=RESPONSE|FRAMEWORK@Framework@0|fastran_FPP_000001@fastran@7|8958)
2025-08-19 11:12:55,343 fastran_tr_fastran_7 DEBUG    _invoke_service(): getTopic  ('_IPS_MONITOR',)
2025-08-19 11:12:55,343 fastran_tr_fastran_7 DEBUG    _get_service_response(REQUEST|fastran_FPP_000001@fastran@7|FRAMEWORK@Framework@0|28)
2025-08-19 11:12:55,354 fastran_tr_fastran_7 DEBUG    _get_service_response(REQUEST|fastran_FPP_000001@fastran@7|FRAMEWORK@Framework@0|28), response = ServiceResponseMessage(sender_id=FRAMEWORK@Framework@0, receiver_id=fastran_FPP_000001@fastran@7, request_msg_id=REQUEST|fastran_FPP_000001@fastran@7|FRAMEWORK@Framework@0|28,status=0, args=(<ipsframework.cca_es_spec.Topic object at 0x7f3a449ba730>,), message_id=RESPONSE|FRAMEWORK@Framework@0|fastran_FPP_000001@fastran@7|8959)
2025-08-19 11:12:55,354 fastran_tr_fastran_7 DEBUG    _invoke_service(): sendEvent  ('_IPS_MONITOR', 'PORTAL_EVENT', {'sim_name': 'fastran_FPP_000001', 'real_sim_name': 'fastran_FPP_000001', 'portal_data': {'code': 'fastran_tr_fastran', 'eventtype': 'IPS_UPDATE_STATE', 'ok': True, 'walltime': '4463.22', 'time': '2025-08-19|11:12:55PDT', 'trace': {'timestamp': 1755627175322799, 'duration': 20642, 'localEndpoint': {'serviceName': 'update_state'}, 'name': "['s000001.00001', 'g000001.00001', 'i000001.00001']", 'id': '7629e189a66153c0', 'parentId': '246532d4e59cb707', 'tags': {}}, 'state': 'Running', 'comment': 'Elapsed time = 0.021   files = s000001.00001 g000001.00001 i000001.00001 Success'}})
2025-08-19 11:12:55,354 fastran_tr_fastran_7 DEBUG    _get_service_response(REQUEST|fastran_FPP_000001@fastran@7|FRAMEWORK@Framework@0|29)
2025-08-19 11:12:55,365 fastran_tr_fastran_7 DEBUG    _get_service_response(REQUEST|fastran_FPP_000001@fastran@7|FRAMEWORK@Framework@0|29), response = ServiceResponseMessage(sender_id=FRAMEWORK@Framework@0, receiver_id=fastran_FPP_000001@fastran@7, request_msg_id=REQUEST|fastran_FPP_000001@fastran@7|FRAMEWORK@Framework@0|29,status=0, args=(None,), message_id=RESPONSE|FRAMEWORK@Framework@0|fastran_FPP_000001@fastran@7|8960)
2025-08-19 11:12:55,385 fastran_tr_fastran_7 DEBUG    _invoke_service(): getTopic  ('_IPS_MONITOR',)
2025-08-19 11:12:55,385 fastran_tr_fastran_7 DEBUG    _get_service_response(REQUEST|fastran_FPP_000001@fastran@7|FRAMEWORK@Framework@0|30)
2025-08-19 11:12:55,395 fastran_tr_fastran_7 DEBUG    _get_service_response(REQUEST|fastran_FPP_000001@fastran@7|FRAMEWORK@Framework@0|30), response = ServiceResponseMessage(sender_id=FRAMEWORK@Framework@0, receiver_id=fastran_FPP_000001@fastran@7, request_msg_id=REQUEST|fastran_FPP_000001@fastran@7|FRAMEWORK@Framework@0|30,status=0, args=(<ipsframework.cca_es_spec.Topic object at 0x7f3a449bab20>,), message_id=RESPONSE|FRAMEWORK@Framework@0|fastran_FPP_000001@fastran@7|8961)
2025-08-19 11:12:55,396 fastran_tr_fastran_7 DEBUG    _invoke_service(): sendEvent  ('_IPS_MONITOR', 'PORTAL_EVENT', {'sim_name': 'fastran_FPP_000001', 'real_sim_name': 'fastran_FPP_000001', 'portal_data': {'code': 'fastran_tr_fastran', 'eventtype': 'IPS_STAGE_OUTPUTS', 'ok': True, 'walltime': '4463.26', 'time': '2025-08-19|11:12:55PDT', 'trace': {'timestamp': 1755627175365355, 'duration': 19862, 'localEndpoint': {'serviceName': 'stage_output_files'}, 'name': "['fastran.nc', 'inprof', 'inmetric', 'infastran', 'intglf', 'xfastran.log', 'i000001.00001']", 'id': '7349cfaaafc33980', 'parentId': '246532d4e59cb707', 'tags': {}}, 'state': 'Running', 'comment': "Elapsed time = 0.020 Path = /pscratch/sd/h/hswils/github_repos/MANTA_DBSCANS/basecase/SCAN/simulation_results/1/components/fastran_tr_fastran_7 Files = ['fastran.nc', 'inprof', 'inmetric', 'infastran', 'intglf', 'xfastran.log', 'i000001.00001']"}})
2025-08-19 11:12:55,396 fastran_tr_fastran_7 DEBUG    _get_service_response(REQUEST|fastran_FPP_000001@fastran@7|FRAMEWORK@Framework@0|31)
2025-08-19 11:12:55,406 fastran_tr_fastran_7 DEBUG    _get_service_response(REQUEST|fastran_FPP_000001@fastran@7|FRAMEWORK@Framework@0|31), response = ServiceResponseMessage(sender_id=FRAMEWORK@Framework@0, receiver_id=fastran_FPP_000001@fastran@7, request_msg_id=REQUEST|fastran_FPP_000001@fastran@7|FRAMEWORK@Framework@0|31,status=0, args=(None,), message_id=RESPONSE|FRAMEWORK@Framework@0|fastran_FPP_000001@fastran@7|8962)
2025-08-19 11:12:55,418 fastran_driver_fastran_driver_2 DEBUG    _get_service_response(REQUEST|fastran_FPP_000001@fastran_driver@2|FRAMEWORK@Framework@0|108), response = ServiceResponseMessage(sender_id=FRAMEWORK@Framework@0, receiver_id=fastran_FPP_000001@fastran_driver@2, request_msg_id=REQUEST|fastran_FPP_000001@fastran_driver@2|FRAMEWORK@Framework@0|108,status=0, args=((None,),), message_id=RESPONSE|FRAMEWORK@Framework@0|fastran_FPP_000001@fastran_driver@2|8963)
2025-08-19 11:12:55,418 fastran_driver_fastran_driver_2 DEBUG    _invoke_service(): getTopic  ('_IPS_MONITOR',)
2025-08-19 11:12:55,419 fastran_driver_fastran_driver_2 DEBUG    _get_service_response(REQUEST|fastran_FPP_000001@fastran_driver@2|FRAMEWORK@Framework@0|109)
2025-08-19 11:12:55,430 fastran_driver_fastran_driver_2 DEBUG    _get_service_response(REQUEST|fastran_FPP_000001@fastran_driver@2|FRAMEWORK@Framework@0|109), response = ServiceResponseMessage(sender_id=FRAMEWORK@Framework@0, receiver_id=fastran_FPP_000001@fastran_driver@2, request_msg_id=REQUEST|fastran_FPP_000001@fastran_driver@2|FRAMEWORK@Framework@0|109,status=0, args=(<ipsframework.cca_es_spec.Topic object at 0x7f3a44a208e0>,), message_id=RESPONSE|FRAMEWORK@Framework@0|fastran_FPP_000001@fastran_driver@2|8964)
2025-08-19 11:12:55,430 fastran_driver_fastran_driver_2 DEBUG    _invoke_service(): sendEvent  ('_IPS_MONITOR', 'PORTAL_EVENT', {'sim_name': 'fastran_FPP_000001', 'real_sim_name': 'fastran_FPP_000001', 'portal_data': {'code': 'fastran_driver_fastran_driver', 'eventtype': 'IPS_CALL_END', 'ok': True, 'walltime': '4463.30', 'time': '2025-08-19|11:12:55PDT', 'trace': {'timestamp': 1755625250113903, 'duration': 1925304666, 'localEndpoint': {'serviceName': 'fastran_FPP_000001@fastran@7'}, 'name': 'step(1)', 'id': '246532d4e59cb707', 'parentId': 'f899e3e5886669ce', 'tags': {}}, 'state': 'Running', 'comment': 'Target = fastran_FPP_000001@fastran@7:step(1)'}})
2025-08-19 11:12:55,430 fastran_driver_fastran_driver_2 DEBUG    _get_service_response(REQUEST|fastran_FPP_000001@fastran_driver@2|FRAMEWORK@Framework@0|110)
2025-08-19 11:12:55,441 fastran_driver_fastran_driver_2 DEBUG    _get_service_response(REQUEST|fastran_FPP_000001@fastran_driver@2|FRAMEWORK@Framework@0|110), response = ServiceResponseMessage(sender_id=FRAMEWORK@Framework@0, receiver_id=fastran_FPP_000001@fastran_driver@2, request_msg_id=REQUEST|fastran_FPP_000001@fastran_driver@2|FRAMEWORK@Framework@0|110,status=0, args=(None,), message_id=RESPONSE|FRAMEWORK@Framework@0|fastran_FPP_000001@fastran_driver@2|8965)
2025-08-19 11:12:55,441 fastran_driver_fastran_driver_2 DEBUG    _invoke_service(): stage_state  (['s000001.00001', 'g000001.00001', 'i000001.00001'], '/pscratch/sd/h/hswils/github_repos/MANTA_DBSCANS/basecase/SCAN/work/plasma_state', '/pscratch/sd/h/hswils/github_repos/MANTA_DBSCANS/basecase/SCAN/work/fastran_driver_fastran_driver_2')
2025-08-19 11:12:55,442 fastran_driver_fastran_driver_2 DEBUG    _get_service_response(REQUEST|fastran_FPP_000001@fastran_driver@2|FRAMEWORK@Framework@0|111)
2025-08-19 11:12:55,464 fastran_driver_fastran_driver_2 DEBUG    _get_service_response(REQUEST|fastran_FPP_000001@fastran_driver@2|FRAMEWORK@Framework@0|111), response = ServiceResponseMessage(sender_id=FRAMEWORK@Framework@0, receiver_id=fastran_FPP_000001@fastran_driver@2, request_msg_id=REQUEST|fastran_FPP_000001@fastran_driver@2|FRAMEWORK@Framework@0|111,status=0, args=(0,), message_id=RESPONSE|FRAMEWORK@Framework@0|fastran_FPP_000001@fastran_driver@2|8966)
2025-08-19 11:12:55,464 fastran_driver_fastran_driver_2 DEBUG    _invoke_service(): getTopic  ('_IPS_MONITOR',)
2025-08-19 11:12:55,464 fastran_driver_fastran_driver_2 DEBUG    _get_service_response(REQUEST|fastran_FPP_000001@fastran_driver@2|FRAMEWORK@Framework@0|112)
2025-08-19 11:12:55,475 fastran_driver_fastran_driver_2 DEBUG    _get_service_response(REQUEST|fastran_FPP_000001@fastran_driver@2|FRAMEWORK@Framework@0|112), response = ServiceResponseMessage(sender_id=FRAMEWORK@Framework@0, receiver_id=fastran_FPP_000001@fastran_driver@2, request_msg_id=REQUEST|fastran_FPP_000001@fastran_driver@2|FRAMEWORK@Framework@0|112,status=0, args=(<ipsframework.cca_es_spec.Topic object at 0x7f3a44a20670>,), message_id=RESPONSE|FRAMEWORK@Framework@0|fastran_FPP_000001@fastran_driver@2|8967)
2025-08-19 11:12:55,475 fastran_driver_fastran_driver_2 DEBUG    _invoke_service(): sendEvent  ('_IPS_MONITOR', 'PORTAL_EVENT', {'sim_name': 'fastran_FPP_000001', 'real_sim_name': 'fastran_FPP_000001', 'portal_data': {'code': 'fastran_driver_fastran_driver', 'eventtype': 'IPS_STAGE_STATE', 'ok': True, 'walltime': '4463.34', 'time': '2025-08-19|11:12:55PDT', 'trace': {'timestamp': 1755627175441674, 'duration': 22685, 'localEndpoint': {'serviceName': 'stage_state'}, 'name': "['s000001.00001', 'g000001.00001', 'i000001.00001']", 'id': '71885aecf25d7412', 'parentId': 'f899e3e5886669ce', 'tags': {}}, 'state': 'Running', 'comment': 'Elapsed time = 0.023  files = s000001.00001 g000001.00001 i000001.00001 Success'}})
2025-08-19 11:12:55,475 fastran_driver_fastran_driver_2 DEBUG    _get_service_response(REQUEST|fastran_FPP_000001@fastran_driver@2|FRAMEWORK@Framework@0|113)
2025-08-19 11:12:55,486 fastran_driver_fastran_driver_2 DEBUG    _get_service_response(REQUEST|fastran_FPP_000001@fastran_driver@2|FRAMEWORK@Framework@0|113), response = ServiceResponseMessage(sender_id=FRAMEWORK@Framework@0, receiver_id=fastran_FPP_000001@fastran_driver@2, request_msg_id=REQUEST|fastran_FPP_000001@fastran_driver@2|FRAMEWORK@Framework@0|113,status=0, args=(None,), message_id=RESPONSE|FRAMEWORK@Framework@0|fastran_FPP_000001@fastran_driver@2|8968)
2025-08-19 11:12:55,487 fastran_driver_fastran_driver_2 DEBUG    _invoke_service(): getTopic  ('_IPS_MONITOR',)
2025-08-19 11:12:55,487 fastran_driver_fastran_driver_2 DEBUG    _get_service_response(REQUEST|fastran_FPP_000001@fastran_driver@2|FRAMEWORK@Framework@0|114)
2025-08-19 11:12:55,498 fastran_driver_fastran_driver_2 DEBUG    _get_service_response(REQUEST|fastran_FPP_000001@fastran_driver@2|FRAMEWORK@Framework@0|114), response = ServiceResponseMessage(sender_id=FRAMEWORK@Framework@0, receiver_id=fastran_FPP_000001@fastran_driver@2, request_msg_id=REQUEST|fastran_FPP_000001@fastran_driver@2|FRAMEWORK@Framework@0|114,status=0, args=(<ipsframework.cca_es_spec.Topic object at 0x7f3a449f6eb0>,), message_id=RESPONSE|FRAMEWORK@Framework@0|fastran_FPP_000001@fastran_driver@2|8969)
2025-08-19 11:12:55,498 fastran_driver_fastran_driver_2 DEBUG    _invoke_service(): sendEvent  ('_IPS_MONITOR', 'PORTAL_EVENT', {'sim_name': 'fastran_FPP_000001', 'real_sim_name': 'fastran_FPP_000001', 'portal_data': {'code': 'fastran_driver_fastran_driver', 'eventtype': 'IPS_STAGE_OUTPUTS', 'ok': True, 'walltime': '4463.37', 'time': '2025-08-19|11:12:55PDT', 'trace': {'timestamp': 1755627175486739, 'duration': 392, 'localEndpoint': {'serviceName': 'stage_output_files'}, 'name': '[]', 'id': 'ed019efe11be26d9', 'parentId': 'f899e3e5886669ce', 'tags': {}}, 'state': 'Running', 'comment': 'Elapsed time = 0.000 Path = /pscratch/sd/h/hswils/github_repos/MANTA_DBSCANS/basecase/SCAN/simulation_results/1/components/fastran_driver_fastran_driver_2 Files = []'}})
2025-08-19 11:12:55,498 fastran_driver_fastran_driver_2 DEBUG    _get_service_response(REQUEST|fastran_FPP_000001@fastran_driver@2|FRAMEWORK@Framework@0|115)
2025-08-19 11:12:55,509 fastran_driver_fastran_driver_2 DEBUG    _get_service_response(REQUEST|fastran_FPP_000001@fastran_driver@2|FRAMEWORK@Framework@0|115), response = ServiceResponseMessage(sender_id=FRAMEWORK@Framework@0, receiver_id=fastran_FPP_000001@fastran_driver@2, request_msg_id=REQUEST|fastran_FPP_000001@fastran_driver@2|FRAMEWORK@Framework@0|115,status=0, args=(None,), message_id=RESPONSE|FRAMEWORK@Framework@0|fastran_FPP_000001@fastran_driver@2|8970)
2025-08-19 11:12:55,509 fastran_driver_fastran_driver_2 DEBUG    _invoke_service(): getTopic  ('_IPS_MONITOR',)
2025-08-19 11:12:55,509 fastran_driver_fastran_driver_2 DEBUG    _get_service_response(REQUEST|fastran_FPP_000001@fastran_driver@2|FRAMEWORK@Framework@0|116)
2025-08-19 11:12:55,520 fastran_driver_fastran_driver_2 DEBUG    _get_service_response(REQUEST|fastran_FPP_000001@fastran_driver@2|FRAMEWORK@Framework@0|116), response = ServiceResponseMessage(sender_id=FRAMEWORK@Framework@0, receiver_id=fastran_FPP_000001@fastran_driver@2, request_msg_id=REQUEST|fastran_FPP_000001@fastran_driver@2|FRAMEWORK@Framework@0|116,status=0, args=(<ipsframework.cca_es_spec.Topic object at 0x7f3a449f6ee0>,), message_id=RESPONSE|FRAMEWORK@Framework@0|fastran_FPP_000001@fastran_driver@2|8971)
2025-08-19 11:12:55,520 fastran_driver_fastran_driver_2 DEBUG    _invoke_service(): sendEvent  ('_IPS_MONITOR', 'PORTALBRIDGE_UPDATE_TIMESTAMP', {'sim_name': 'fastran_FPP_000001', 'real_sim_name': 'fastran_FPP_000001', 'portal_data': {'phystimestamp': 2, 'eventtype': 'PORTALBRIDGE_UPDATE_TIMESTAMP'}})
2025-08-19 11:12:55,520 fastran_driver_fastran_driver_2 DEBUG    _get_service_response(REQUEST|fastran_FPP_000001@fastran_driver@2|FRAMEWORK@Framework@0|117)
2025-08-19 11:12:55,531 fastran_driver_fastran_driver_2 DEBUG    _get_service_response(REQUEST|fastran_FPP_000001@fastran_driver@2|FRAMEWORK@Framework@0|117), response = ServiceResponseMessage(sender_id=FRAMEWORK@Framework@0, receiver_id=fastran_FPP_000001@fastran_driver@2, request_msg_id=REQUEST|fastran_FPP_000001@fastran_driver@2|FRAMEWORK@Framework@0|117,status=0, args=(None,), message_id=RESPONSE|FRAMEWORK@Framework@0|fastran_FPP_000001@fastran_driver@2|8972)
2025-08-19 11:12:55,531 fastran_driver_fastran_driver_2 DEBUG    _invoke_service(): getTopic  ('_IPS_MONITOR',)
2025-08-19 11:12:55,531 fastran_driver_fastran_driver_2 DEBUG    _get_service_response(REQUEST|fastran_FPP_000001@fastran_driver@2|FRAMEWORK@Framework@0|118)
2025-08-19 11:12:55,542 fastran_driver_fastran_driver_2 DEBUG    _get_service_response(REQUEST|fastran_FPP_000001@fastran_driver@2|FRAMEWORK@Framework@0|118), response = ServiceResponseMessage(sender_id=FRAMEWORK@Framework@0, receiver_id=fastran_FPP_000001@fastran_driver@2, request_msg_id=REQUEST|fastran_FPP_000001@fastran_driver@2|FRAMEWORK@Framework@0|118,status=0, args=(<ipsframework.cca_es_spec.Topic object at 0x7f3a449f6dc0>,), message_id=RESPONSE|FRAMEWORK@Framework@0|fastran_FPP_000001@fastran_driver@2|8973)
2025-08-19 11:12:55,542 fastran_driver_fastran_driver_2 DEBUG    _invoke_service(): sendEvent  ('_IPS_MONITOR', 'PORTAL_EVENT', {'sim_name': 'fastran_FPP_000001', 'real_sim_name': 'fastran_FPP_000001', 'portal_data': {'code': 'fastran_driver_fastran_driver', 'eventtype': 'IPS_UPDATE_TIME_STAMP', 'ok': True, 'walltime': '4463.41', 'time': '2025-08-19|11:12:55PDT', 'state': 'Running', 'comment': 'Timestamp = 2'}})
2025-08-19 11:12:55,542 fastran_driver_fastran_driver_2 DEBUG    _get_service_response(REQUEST|fastran_FPP_000001@fastran_driver@2|FRAMEWORK@Framework@0|119)
2025-08-19 11:12:55,553 fastran_driver_fastran_driver_2 DEBUG    _get_service_response(REQUEST|fastran_FPP_000001@fastran_driver@2|FRAMEWORK@Framework@0|119), response = ServiceResponseMessage(sender_id=FRAMEWORK@Framework@0, receiver_id=fastran_FPP_000001@fastran_driver@2, request_msg_id=REQUEST|fastran_FPP_000001@fastran_driver@2|FRAMEWORK@Framework@0|119,status=0, args=(None,), message_id=RESPONSE|FRAMEWORK@Framework@0|fastran_FPP_000001@fastran_driver@2|8974)
2025-08-19 11:12:55,553 fastran_driver_fastran_driver_2 DEBUG    _invoke_service(): getTopic  ('_IPS_MONITOR',)
2025-08-19 11:12:55,553 fastran_driver_fastran_driver_2 DEBUG    _get_service_response(REQUEST|fastran_FPP_000001@fastran_driver@2|FRAMEWORK@Framework@0|120)
2025-08-19 11:12:55,564 fastran_driver_fastran_driver_2 DEBUG    _get_service_response(REQUEST|fastran_FPP_000001@fastran_driver@2|FRAMEWORK@Framework@0|120), response = ServiceResponseMessage(sender_id=FRAMEWORK@Framework@0, receiver_id=fastran_FPP_000001@fastran_driver@2, request_msg_id=REQUEST|fastran_FPP_000001@fastran_driver@2|FRAMEWORK@Framework@0|120,status=0, args=(<ipsframework.cca_es_spec.Topic object at 0x7f3a44a20670>,), message_id=RESPONSE|FRAMEWORK@Framework@0|fastran_FPP_000001@fastran_driver@2|8975)
2025-08-19 11:12:55,564 fastran_driver_fastran_driver_2 DEBUG    _invoke_service(): sendEvent  ('_IPS_MONITOR', 'PORTAL_EVENT', {'sim_name': 'fastran_FPP_000001', 'real_sim_name': 'fastran_FPP_000001', 'portal_data': {'code': 'fastran_driver_fastran_driver', 'eventtype': 'IPS_CALL_BEGIN', 'ok': True, 'walltime': '4463.43', 'time': '2025-08-19|11:12:55PDT', 'state': 'Running', 'comment': 'Target = fastran_FPP_000001@toric@5:step(2)'}})
2025-08-19 11:12:55,564 fastran_driver_fastran_driver_2 DEBUG    _get_service_response(REQUEST|fastran_FPP_000001@fastran_driver@2|FRAMEWORK@Framework@0|121)
2025-08-19 11:12:55,575 fastran_driver_fastran_driver_2 DEBUG    _get_service_response(REQUEST|fastran_FPP_000001@fastran_driver@2|FRAMEWORK@Framework@0|121), response = ServiceResponseMessage(sender_id=FRAMEWORK@Framework@0, receiver_id=fastran_FPP_000001@fastran_driver@2, request_msg_id=REQUEST|fastran_FPP_000001@fastran_driver@2|FRAMEWORK@Framework@0|121,status=0, args=(None,), message_id=RESPONSE|FRAMEWORK@Framework@0|fastran_FPP_000001@fastran_driver@2|8976)
2025-08-19 11:12:55,575 fastran_driver_fastran_driver_2 DEBUG    _invoke_service(): init_call  ('step', 2)
2025-08-19 11:12:55,575 fastran_driver_fastran_driver_2 DEBUG    _get_service_response(REQUEST|fastran_FPP_000001@fastran_driver@2|FRAMEWORK@Framework@0|122)
2025-08-19 11:12:55,576 rf_ic_toric_5   DEBUG    Received Message 
2025-08-19 11:12:55,576 rf_ic_toric_5   DEBUG    Calling method step(2)
2025-08-19 11:12:55,576 rf_ic_toric_5   DEBUG    _invoke_service(): stage_state  (['s000001.00001', 'g000001.00001'], '/pscratch/sd/h/hswils/github_repos/MANTA_DBSCANS/basecase/SCAN/work/plasma_state', '/pscratch/sd/h/hswils/github_repos/MANTA_DBSCANS/basecase/SCAN/work/rf_ic_toric_5')
2025-08-19 11:12:55,576 rf_ic_toric_5   DEBUG    _get_service_response(REQUEST|fastran_FPP_000001@toric@5|FRAMEWORK@Framework@0|45)
2025-08-19 11:12:55,586 fastran_driver_fastran_driver_2 DEBUG    _get_service_response(REQUEST|fastran_FPP_000001@fastran_driver@2|FRAMEWORK@Framework@0|122), response = ServiceResponseMessage(sender_id=FRAMEWORK@Framework@0, receiver_id=fastran_FPP_000001@fastran_driver@2, request_msg_id=REQUEST|fastran_FPP_000001@fastran_driver@2|FRAMEWORK@Framework@0|122,status=0, args=(24,), message_id=RESPONSE|FRAMEWORK@Framework@0|fastran_FPP_000001@fastran_driver@2|8977)
2025-08-19 11:12:55,586 fastran_driver_fastran_driver_2 DEBUG    _invoke_service(): wait_call  (24, True)
2025-08-19 11:12:55,586 fastran_driver_fastran_driver_2 DEBUG    _get_service_response(REQUEST|fastran_FPP_000001@fastran_driver@2|FRAMEWORK@Framework@0|123)
2025-08-19 11:12:55,596 rf_ic_toric_5   DEBUG    _get_service_response(REQUEST|fastran_FPP_000001@toric@5|FRAMEWORK@Framework@0|45), response = ServiceResponseMessage(sender_id=FRAMEWORK@Framework@0, receiver_id=fastran_FPP_000001@toric@5, request_msg_id=REQUEST|fastran_FPP_000001@toric@5|FRAMEWORK@Framework@0|45,status=0, args=(0,), message_id=RESPONSE|FRAMEWORK@Framework@0|fastran_FPP_000001@toric@5|8978)
2025-08-19 11:12:55,596 rf_ic_toric_5   DEBUG    _invoke_service(): getTopic  ('_IPS_MONITOR',)
2025-08-19 11:12:55,596 rf_ic_toric_5   DEBUG    _get_service_response(REQUEST|fastran_FPP_000001@toric@5|FRAMEWORK@Framework@0|46)
2025-08-19 11:12:55,606 rf_ic_toric_5   DEBUG    _get_service_response(REQUEST|fastran_FPP_000001@toric@5|FRAMEWORK@Framework@0|46), response = ServiceResponseMessage(sender_id=FRAMEWORK@Framework@0, receiver_id=fastran_FPP_000001@toric@5, request_msg_id=REQUEST|fastran_FPP_000001@toric@5|FRAMEWORK@Framework@0|46,status=0, args=(<ipsframework.cca_es_spec.Topic object at 0x7f3a4498f190>,), message_id=RESPONSE|FRAMEWORK@Framework@0|fastran_FPP_000001@toric@5|8979)
2025-08-19 11:12:55,607 rf_ic_toric_5   DEBUG    _invoke_service(): sendEvent  ('_IPS_MONITOR', 'PORTAL_EVENT', {'sim_name': 'fastran_FPP_000001', 'real_sim_name': 'fastran_FPP_000001', 'portal_data': {'code': 'rf_ic_toric', 'eventtype': 'IPS_STAGE_STATE', 'ok': True, 'walltime': '4463.47', 'time': '2025-08-19|11:12:55PDT', 'trace': {'timestamp': 1755627175576847, 'duration': 19230, 'localEndpoint': {'serviceName': 'stage_state'}, 'name': "['s000001.00001', 'g000001.00001']", 'id': '32793a28c0f8ba4b', 'parentId': '218964ec98572672', 'tags': {}}, 'state': 'Running', 'comment': 'Elapsed time = 0.019  files = s000001.00001 g000001.00001 Success'}})
2025-08-19 11:12:55,607 rf_ic_toric_5   DEBUG    _get_service_response(REQUEST|fastran_FPP_000001@toric@5|FRAMEWORK@Framework@0|47)
2025-08-19 11:12:55,618 rf_ic_toric_5   DEBUG    _get_service_response(REQUEST|fastran_FPP_000001@toric@5|FRAMEWORK@Framework@0|47), response = ServiceResponseMessage(sender_id=FRAMEWORK@Framework@0, receiver_id=fastran_FPP_000001@toric@5, request_msg_id=REQUEST|fastran_FPP_000001@toric@5|FRAMEWORK@Framework@0|47,status=0, args=(None,), message_id=RESPONSE|FRAMEWORK@Framework@0|fastran_FPP_000001@toric@5|8980)
2025-08-19 11:12:55,629 rf_ic_toric_5   DEBUG    _invoke_service(): getTopic  ('_IPS_MONITOR',)
2025-08-19 11:12:55,630 rf_ic_toric_5   DEBUG    _get_service_response(REQUEST|fastran_FPP_000001@toric@5|FRAMEWORK@Framework@0|48)
2025-08-19 11:12:55,640 rf_ic_toric_5   DEBUG    _get_service_response(REQUEST|fastran_FPP_000001@toric@5|FRAMEWORK@Framework@0|48), response = ServiceResponseMessage(sender_id=FRAMEWORK@Framework@0, receiver_id=fastran_FPP_000001@toric@5, request_msg_id=REQUEST|fastran_FPP_000001@toric@5|FRAMEWORK@Framework@0|48,status=0, args=(<ipsframework.cca_es_spec.Topic object at 0x7f3a4498f280>,), message_id=RESPONSE|FRAMEWORK@Framework@0|fastran_FPP_000001@toric@5|8981)
2025-08-19 11:12:55,640 rf_ic_toric_5   DEBUG    _invoke_service(): sendEvent  ('_IPS_MONITOR', 'PORTAL_EVENT', {'sim_name': 'fastran_FPP_000001', 'real_sim_name': 'fastran_FPP_000001', 'portal_data': {'code': 'rf_ic_toric', 'eventtype': 'IPS_STAGE_INPUTS', 'ok': True, 'walltime': '4463.51', 'time': '2025-08-19|11:12:55PDT', 'trace': {'timestamp': 1755627175618372, 'duration': 11518, 'localEndpoint': {'serviceName': 'stage_input_files'}, 'name': 'machine.inp equigs_gen.ind torica.inp', 'id': 'b108389cfa22cdf4', 'parentId': '218964ec98572672', 'tags': {}}, 'state': 'Running', 'comment': 'Elapsed time = 0.012 Path = /pscratch/sd/h/hswils/github_repos/MANTA_DBSCANS/basecase/input Files = machine.inp equigs_gen.ind torica.inp'}})
2025-08-19 11:12:55,640 rf_ic_toric_5   DEBUG    _get_service_response(REQUEST|fastran_FPP_000001@toric@5|FRAMEWORK@Framework@0|49)
2025-08-19 11:12:55,651 rf_ic_toric_5   DEBUG    _get_service_response(REQUEST|fastran_FPP_000001@toric@5|FRAMEWORK@Framework@0|49), response = ServiceResponseMessage(sender_id=FRAMEWORK@Framework@0, receiver_id=fastran_FPP_000001@toric@5, request_msg_id=REQUEST|fastran_FPP_000001@toric@5|FRAMEWORK@Framework@0|49,status=0, args=(None,), message_id=RESPONSE|FRAMEWORK@Framework@0|fastran_FPP_000001@toric@5|8982)
2025-08-19 11:12:55,950 rf_ic_toric_5   DEBUG    _invoke_service(): init_task  (TaskInit(nproc=24, binary='/global/common/software/atom/perlmutter/binaries/toric/default/Ptoric.e', working_dir='/pscratch/sd/h/hswils/github_repos/MANTA_DBSCANS/basecase/SCAN/work/rf_ic_toric_5', tppn=0, tcpp=0, tgpp=0, block=True, omp=False, wnodes=True, wsocks=True, cmd_args=()),)
2025-08-19 11:12:55,951 rf_ic_toric_5   DEBUG    _get_service_response(REQUEST|fastran_FPP_000001@toric@5|FRAMEWORK@Framework@0|50)
2025-08-19 11:12:55,962 rf_ic_toric_5   DEBUG    _get_service_response(REQUEST|fastran_FPP_000001@toric@5|FRAMEWORK@Framework@0|50), response = ServiceResponseMessage(sender_id=FRAMEWORK@Framework@0, receiver_id=fastran_FPP_000001@toric@5, request_msg_id=REQUEST|fastran_FPP_000001@toric@5|FRAMEWORK@Framework@0|50,status=0, args=((6, 'srun -N 1 -n 24 -c 5 --threads-per-core=1 --cpu-bind=cores /global/common/software/atom/perlmutter/binaries/toric/default/Ptoric.e ', None, 128),), message_id=RESPONSE|FRAMEWORK@Framework@0|fastran_FPP_000001@toric@5|8984)
2025-08-19 11:12:55,965 rf_ic_toric_5   DEBUG    Launching command : srun -N 1 -n 24 -c 5 --threads-per-core=1 --cpu-bind=cores /global/common/software/atom/perlmutter/binaries/toric/default/Ptoric.e 
2025-08-19 11:12:56,002 rf_ic_toric_5   DEBUG    _invoke_service(): getTopic  ('_IPS_MONITOR',)
2025-08-19 11:12:56,002 rf_ic_toric_5   DEBUG    _get_service_response(REQUEST|fastran_FPP_000001@toric@5|FRAMEWORK@Framework@0|51)
2025-08-19 11:12:56,013 rf_ic_toric_5   DEBUG    _get_service_response(REQUEST|fastran_FPP_000001@toric@5|FRAMEWORK@Framework@0|51), response = ServiceResponseMessage(sender_id=FRAMEWORK@Framework@0, receiver_id=fastran_FPP_000001@toric@5, request_msg_id=REQUEST|fastran_FPP_000001@toric@5|FRAMEWORK@Framework@0|51,status=0, args=(<ipsframework.cca_es_spec.Topic object at 0x7f3a449b21f0>,), message_id=RESPONSE|FRAMEWORK@Framework@0|fastran_FPP_000001@toric@5|8985)
2025-08-19 11:12:56,013 rf_ic_toric_5   DEBUG    _invoke_service(): sendEvent  ('_IPS_MONITOR', 'PORTAL_EVENT', {'sim_name': 'fastran_FPP_000001', 'real_sim_name': 'fastran_FPP_000001', 'portal_data': {'code': 'rf_ic_toric', 'eventtype': 'IPS_LAUNCH_TASK', 'ok': True, 'walltime': '4463.88', 'time': '2025-08-19|11:12:56PDT', 'state': 'Running', 'comment': 'task_id = 6 , Tag = None , nproc = 24 , Target = srun -N 1 -n 24 -c 5 --threads-per-core=1 --cpu-bind=cores /global/common/software/atom/perlmutter/binaries/toric/default/Ptoric.e '}})
2025-08-19 11:12:56,013 rf_ic_toric_5   DEBUG    _get_service_response(REQUEST|fastran_FPP_000001@toric@5|FRAMEWORK@Framework@0|52)
2025-08-19 11:12:56,024 rf_ic_toric_5   DEBUG    _get_service_response(REQUEST|fastran_FPP_000001@toric@5|FRAMEWORK@Framework@0|52), response = ServiceResponseMessage(sender_id=FRAMEWORK@Framework@0, receiver_id=fastran_FPP_000001@toric@5, request_msg_id=REQUEST|fastran_FPP_000001@toric@5|FRAMEWORK@Framework@0|52,status=0, args=(None,), message_id=RESPONSE|FRAMEWORK@Framework@0|fastran_FPP_000001@toric@5|8986)
2025-08-19 11:17:52,238 rf_ic_toric_5   DEBUG    _invoke_service(): getTopic  ('_IPS_MONITOR',)
2025-08-19 11:17:52,238 rf_ic_toric_5   DEBUG    _get_service_response(REQUEST|fastran_FPP_000001@toric@5|FRAMEWORK@Framework@0|53)
2025-08-19 11:17:52,249 rf_ic_toric_5   DEBUG    _get_service_response(REQUEST|fastran_FPP_000001@toric@5|FRAMEWORK@Framework@0|53), response = ServiceResponseMessage(sender_id=FRAMEWORK@Framework@0, receiver_id=fastran_FPP_000001@toric@5, request_msg_id=REQUEST|fastran_FPP_000001@toric@5|FRAMEWORK@Framework@0|53,status=0, args=(<ipsframework.cca_es_spec.Topic object at 0x7f3a449b2040>,), message_id=RESPONSE|FRAMEWORK@Framework@0|fastran_FPP_000001@toric@5|9566)
2025-08-19 11:17:52,249 rf_ic_toric_5   DEBUG    _invoke_service(): sendEvent  ('_IPS_MONITOR', 'PORTAL_EVENT', {'sim_name': 'fastran_FPP_000001', 'real_sim_name': 'fastran_FPP_000001', 'portal_data': {'code': 'rf_ic_toric', 'eventtype': 'IPS_TASK_END', 'ok': True, 'walltime': '4760.12', 'time': '2025-08-19|11:17:52PDT', 'trace': {'timestamp': 1755627176002301, 'duration': 296235759, 'localEndpoint': {'serviceName': '/global/common/software/atom/perlmutter/binaries/toric/default/Ptoric.e'}, 'name': '', 'id': '9495ef9c66f5dbbf', 'parentId': '218964ec98572672', 'tags': {'procs_requested': '24', 'cores_allocated': '128'}}, 'state': 'Running', 'comment': 'task_id = 6  elapsed time = 296.24 S'}})
2025-08-19 11:17:52,249 rf_ic_toric_5   DEBUG    _get_service_response(REQUEST|fastran_FPP_000001@toric@5|FRAMEWORK@Framework@0|54)
2025-08-19 11:17:52,260 rf_ic_toric_5   DEBUG    _get_service_response(REQUEST|fastran_FPP_000001@toric@5|FRAMEWORK@Framework@0|54), response = ServiceResponseMessage(sender_id=FRAMEWORK@Framework@0, receiver_id=fastran_FPP_000001@toric@5, request_msg_id=REQUEST|fastran_FPP_000001@toric@5|FRAMEWORK@Framework@0|54,status=0, args=(None,), message_id=RESPONSE|FRAMEWORK@Framework@0|fastran_FPP_000001@toric@5|9567)
2025-08-19 11:17:52,260 rf_ic_toric_5   DEBUG    _invoke_service(): finish_task  (6, 0)
2025-08-19 11:17:52,260 rf_ic_toric_5   DEBUG    _get_service_response(REQUEST|fastran_FPP_000001@toric@5|FRAMEWORK@Framework@0|55)
2025-08-19 11:17:52,271 rf_ic_toric_5   DEBUG    _get_service_response(REQUEST|fastran_FPP_000001@toric@5|FRAMEWORK@Framework@0|55), response = ServiceResponseMessage(sender_id=FRAMEWORK@Framework@0, receiver_id=fastran_FPP_000001@toric@5, request_msg_id=REQUEST|fastran_FPP_000001@toric@5|FRAMEWORK@Framework@0|55,status=0, args=(0,), message_id=RESPONSE|FRAMEWORK@Framework@0|fastran_FPP_000001@toric@5|9568)
2025-08-19 11:17:52,485 rf_ic_toric_5   DEBUG    _invoke_service(): merge_current_plasma_state  ('/pscratch/sd/h/hswils/github_repos/MANTA_DBSCANS/basecase/SCAN/work/rf_ic_toric_5/RF_IC_s000001.00001', '/pscratch/sd/h/hswils/github_repos/MANTA_DBSCANS/basecase/SCAN/work/plasma_state/s000001.00001', 'log.update_state', '/global/common/software/atom/perlmutter/binaries/update-state/default/update_state')
2025-08-19 11:17:52,486 rf_ic_toric_5   DEBUG    _get_service_response(REQUEST|fastran_FPP_000001@toric@5|FRAMEWORK@Framework@0|56)
2025-08-19 11:17:52,662 rf_ic_toric_5   DEBUG    _get_service_response(REQUEST|fastran_FPP_000001@toric@5|FRAMEWORK@Framework@0|56), response = ServiceResponseMessage(sender_id=FRAMEWORK@Framework@0, receiver_id=fastran_FPP_000001@toric@5, request_msg_id=REQUEST|fastran_FPP_000001@toric@5|FRAMEWORK@Framework@0|56,status=0, args=(0,), message_id=RESPONSE|FRAMEWORK@Framework@0|fastran_FPP_000001@toric@5|9570)
2025-08-19 11:17:52,662 rf_ic_toric_5   DEBUG    _invoke_service(): getTopic  ('_IPS_MONITOR',)
2025-08-19 11:17:52,663 rf_ic_toric_5   DEBUG    _get_service_response(REQUEST|fastran_FPP_000001@toric@5|FRAMEWORK@Framework@0|57)
2025-08-19 11:17:52,673 rf_ic_toric_5   DEBUG    _get_service_response(REQUEST|fastran_FPP_000001@toric@5|FRAMEWORK@Framework@0|57), response = ServiceResponseMessage(sender_id=FRAMEWORK@Framework@0, receiver_id=fastran_FPP_000001@toric@5, request_msg_id=REQUEST|fastran_FPP_000001@toric@5|FRAMEWORK@Framework@0|57,status=0, args=(<ipsframework.cca_es_spec.Topic object at 0x7f3a449b20a0>,), message_id=RESPONSE|FRAMEWORK@Framework@0|fastran_FPP_000001@toric@5|9571)
2025-08-19 11:17:52,673 rf_ic_toric_5   DEBUG    _invoke_service(): sendEvent  ('_IPS_MONITOR', 'PORTAL_EVENT', {'sim_name': 'fastran_FPP_000001', 'real_sim_name': 'fastran_FPP_000001', 'portal_data': {'code': 'rf_ic_toric', 'eventtype': 'IPS_MERGE_PLASMA_STATE', 'ok': True, 'walltime': '4760.54', 'time': '2025-08-19|11:17:52PDT', 'state': 'Running', 'comment': 'Success'}})
2025-08-19 11:17:52,673 rf_ic_toric_5   DEBUG    _get_service_response(REQUEST|fastran_FPP_000001@toric@5|FRAMEWORK@Framework@0|58)
2025-08-19 11:17:52,684 rf_ic_toric_5   DEBUG    _get_service_response(REQUEST|fastran_FPP_000001@toric@5|FRAMEWORK@Framework@0|58), response = ServiceResponseMessage(sender_id=FRAMEWORK@Framework@0, receiver_id=fastran_FPP_000001@toric@5, request_msg_id=REQUEST|fastran_FPP_000001@toric@5|FRAMEWORK@Framework@0|58,status=0, args=(None,), message_id=RESPONSE|FRAMEWORK@Framework@0|fastran_FPP_000001@toric@5|9572)
2025-08-19 11:17:52,785 rf_ic_toric_5   DEBUG    _invoke_service(): getTopic  ('_IPS_MONITOR',)
2025-08-19 11:17:52,786 rf_ic_toric_5   DEBUG    _get_service_response(REQUEST|fastran_FPP_000001@toric@5|FRAMEWORK@Framework@0|59)
2025-08-19 11:17:52,796 rf_ic_toric_5   DEBUG    _get_service_response(REQUEST|fastran_FPP_000001@toric@5|FRAMEWORK@Framework@0|59), response = ServiceResponseMessage(sender_id=FRAMEWORK@Framework@0, receiver_id=fastran_FPP_000001@toric@5, request_msg_id=REQUEST|fastran_FPP_000001@toric@5|FRAMEWORK@Framework@0|59,status=0, args=(<ipsframework.cca_es_spec.Topic object at 0x7f3a449b2190>,), message_id=RESPONSE|FRAMEWORK@Framework@0|fastran_FPP_000001@toric@5|9573)
2025-08-19 11:17:52,796 rf_ic_toric_5   DEBUG    _invoke_service(): sendEvent  ('_IPS_MONITOR', 'PORTAL_EVENT', {'sim_name': 'fastran_FPP_000001', 'real_sim_name': 'fastran_FPP_000001', 'portal_data': {'code': 'rf_ic_toric', 'eventtype': 'IPS_STAGE_OUTPUTS', 'ok': True, 'walltime': '4760.66', 'time': '2025-08-19|11:17:52PDT', 'trace': {'timestamp': 1755627472684923, 'duration': 100933, 'localEndpoint': {'serviceName': 'stage_output_files'}, 'name': "['torica.inp', 'machine.inp', 'log.toric', 'toric.nc', 'profstat.dat', 'equigs.data', 'equidt.data', 'toric_cfg.nc']", 'id': '749f5c33ef51fb56', 'parentId': '218964ec98572672', 'tags': {}}, 'state': 'Running', 'comment': "Elapsed time = 0.101 Path = /pscratch/sd/h/hswils/github_repos/MANTA_DBSCANS/basecase/SCAN/simulation_results/2/components/rf_ic_toric_5 Files = ['torica.inp', 'machine.inp', 'log.toric', 'toric.nc', 'profstat.dat', 'equigs.data', 'equidt.data', 'toric_cfg.nc']"}})
2025-08-19 11:17:52,796 rf_ic_toric_5   DEBUG    _get_service_response(REQUEST|fastran_FPP_000001@toric@5|FRAMEWORK@Framework@0|60)
2025-08-19 11:17:52,807 rf_ic_toric_5   DEBUG    _get_service_response(REQUEST|fastran_FPP_000001@toric@5|FRAMEWORK@Framework@0|60), response = ServiceResponseMessage(sender_id=FRAMEWORK@Framework@0, receiver_id=fastran_FPP_000001@toric@5, request_msg_id=REQUEST|fastran_FPP_000001@toric@5|FRAMEWORK@Framework@0|60,status=0, args=(None,), message_id=RESPONSE|FRAMEWORK@Framework@0|fastran_FPP_000001@toric@5|9574)
2025-08-19 11:17:52,818 fastran_driver_fastran_driver_2 DEBUG    _get_service_response(REQUEST|fastran_FPP_000001@fastran_driver@2|FRAMEWORK@Framework@0|123), response = ServiceResponseMessage(sender_id=FRAMEWORK@Framework@0, receiver_id=fastran_FPP_000001@fastran_driver@2, request_msg_id=REQUEST|fastran_FPP_000001@fastran_driver@2|FRAMEWORK@Framework@0|123,status=0, args=((0,),), message_id=RESPONSE|FRAMEWORK@Framework@0|fastran_FPP_000001@fastran_driver@2|9575)
2025-08-19 11:17:52,818 fastran_driver_fastran_driver_2 DEBUG    _invoke_service(): getTopic  ('_IPS_MONITOR',)
2025-08-19 11:17:52,818 fastran_driver_fastran_driver_2 DEBUG    _get_service_response(REQUEST|fastran_FPP_000001@fastran_driver@2|FRAMEWORK@Framework@0|124)
2025-08-19 11:17:52,829 fastran_driver_fastran_driver_2 DEBUG    _get_service_response(REQUEST|fastran_FPP_000001@fastran_driver@2|FRAMEWORK@Framework@0|124), response = ServiceResponseMessage(sender_id=FRAMEWORK@Framework@0, receiver_id=fastran_FPP_000001@fastran_driver@2, request_msg_id=REQUEST|fastran_FPP_000001@fastran_driver@2|FRAMEWORK@Framework@0|124,status=0, args=(<ipsframework.cca_es_spec.Topic object at 0x7f3a44a20670>,), message_id=RESPONSE|FRAMEWORK@Framework@0|fastran_FPP_000001@fastran_driver@2|9576)
2025-08-19 11:17:52,829 fastran_driver_fastran_driver_2 DEBUG    _invoke_service(): sendEvent  ('_IPS_MONITOR', 'PORTAL_EVENT', {'sim_name': 'fastran_FPP_000001', 'real_sim_name': 'fastran_FPP_000001', 'portal_data': {'code': 'fastran_driver_fastran_driver', 'eventtype': 'IPS_CALL_END', 'ok': True, 'walltime': '4760.70', 'time': '2025-08-19|11:17:52PDT', 'trace': {'timestamp': 1755627175586419, 'duration': 297231780, 'localEndpoint': {'serviceName': 'fastran_FPP_000001@toric@5'}, 'name': 'step(2)', 'id': '218964ec98572672', 'parentId': 'f899e3e5886669ce', 'tags': {}}, 'state': 'Running', 'comment': 'Target = fastran_FPP_000001@toric@5:step(2)'}})
2025-08-19 11:17:52,829 fastran_driver_fastran_driver_2 DEBUG    _get_service_response(REQUEST|fastran_FPP_000001@fastran_driver@2|FRAMEWORK@Framework@0|125)
2025-08-19 11:17:52,840 fastran_driver_fastran_driver_2 DEBUG    _get_service_response(REQUEST|fastran_FPP_000001@fastran_driver@2|FRAMEWORK@Framework@0|125), response = ServiceResponseMessage(sender_id=FRAMEWORK@Framework@0, receiver_id=fastran_FPP_000001@fastran_driver@2, request_msg_id=REQUEST|fastran_FPP_000001@fastran_driver@2|FRAMEWORK@Framework@0|125,status=0, args=(None,), message_id=RESPONSE|FRAMEWORK@Framework@0|fastran_FPP_000001@fastran_driver@2|9577)
2025-08-19 11:17:52,840 fastran_driver_fastran_driver_2 DEBUG    _invoke_service(): getTopic  ('_IPS_MONITOR',)
2025-08-19 11:17:52,840 fastran_driver_fastran_driver_2 DEBUG    _get_service_response(REQUEST|fastran_FPP_000001@fastran_driver@2|FRAMEWORK@Framework@0|126)
2025-08-19 11:17:52,851 fastran_driver_fastran_driver_2 DEBUG    _get_service_response(REQUEST|fastran_FPP_000001@fastran_driver@2|FRAMEWORK@Framework@0|126), response = ServiceResponseMessage(sender_id=FRAMEWORK@Framework@0, receiver_id=fastran_FPP_000001@fastran_driver@2, request_msg_id=REQUEST|fastran_FPP_000001@fastran_driver@2|FRAMEWORK@Framework@0|126,status=0, args=(<ipsframework.cca_es_spec.Topic object at 0x7f3a44a20670>,), message_id=RESPONSE|FRAMEWORK@Framework@0|fastran_FPP_000001@fastran_driver@2|9578)
2025-08-19 11:17:52,851 fastran_driver_fastran_driver_2 DEBUG    _invoke_service(): sendEvent  ('_IPS_MONITOR', 'PORTAL_EVENT', {'sim_name': 'fastran_FPP_000001', 'real_sim_name': 'fastran_FPP_000001', 'portal_data': {'code': 'fastran_driver_fastran_driver', 'eventtype': 'IPS_CALL_BEGIN', 'ok': True, 'walltime': '4760.72', 'time': '2025-08-19|11:17:52PDT', 'state': 'Running', 'comment': 'Target = fastran_FPP_000001@efit@6:step(2)'}})
2025-08-19 11:17:52,851 fastran_driver_fastran_driver_2 DEBUG    _get_service_response(REQUEST|fastran_FPP_000001@fastran_driver@2|FRAMEWORK@Framework@0|127)
2025-08-19 11:17:52,862 fastran_driver_fastran_driver_2 DEBUG    _get_service_response(REQUEST|fastran_FPP_000001@fastran_driver@2|FRAMEWORK@Framework@0|127), response = ServiceResponseMessage(sender_id=FRAMEWORK@Framework@0, receiver_id=fastran_FPP_000001@fastran_driver@2, request_msg_id=REQUEST|fastran_FPP_000001@fastran_driver@2|FRAMEWORK@Framework@0|127,status=0, args=(None,), message_id=RESPONSE|FRAMEWORK@Framework@0|fastran_FPP_000001@fastran_driver@2|9579)
2025-08-19 11:17:52,862 fastran_driver_fastran_driver_2 DEBUG    _invoke_service(): init_call  ('step', 2)
2025-08-19 11:17:52,862 fastran_driver_fastran_driver_2 DEBUG    _get_service_response(REQUEST|fastran_FPP_000001@fastran_driver@2|FRAMEWORK@Framework@0|128)
2025-08-19 11:17:52,863 fastran_eq_efit_6 DEBUG    Received Message 
2025-08-19 11:17:52,864 fastran_eq_efit_6 DEBUG    Calling method step(2)
2025-08-19 11:17:52,864 fastran_eq_efit_6 DEBUG    _invoke_service(): stage_state  (['s000001.00001', 'g000001.00001', 'i000001.00001'], '/pscratch/sd/h/hswils/github_repos/MANTA_DBSCANS/basecase/SCAN/work/plasma_state', '/pscratch/sd/h/hswils/github_repos/MANTA_DBSCANS/basecase/SCAN/work/fastran_eq_efit_6')
2025-08-19 11:17:52,864 fastran_eq_efit_6 DEBUG    _get_service_response(REQUEST|fastran_FPP_000001@efit@6|FRAMEWORK@Framework@0|16)
2025-08-19 11:17:52,873 fastran_driver_fastran_driver_2 DEBUG    _get_service_response(REQUEST|fastran_FPP_000001@fastran_driver@2|FRAMEWORK@Framework@0|128), response = ServiceResponseMessage(sender_id=FRAMEWORK@Framework@0, receiver_id=fastran_FPP_000001@fastran_driver@2, request_msg_id=REQUEST|fastran_FPP_000001@fastran_driver@2|FRAMEWORK@Framework@0|128,status=0, args=(25,), message_id=RESPONSE|FRAMEWORK@Framework@0|fastran_FPP_000001@fastran_driver@2|9580)
2025-08-19 11:17:52,874 fastran_driver_fastran_driver_2 DEBUG    _invoke_service(): wait_call  (25, True)
2025-08-19 11:17:52,874 fastran_driver_fastran_driver_2 DEBUG    _get_service_response(REQUEST|fastran_FPP_000001@fastran_driver@2|FRAMEWORK@Framework@0|129)
2025-08-19 11:17:52,885 fastran_eq_efit_6 DEBUG    _get_service_response(REQUEST|fastran_FPP_000001@efit@6|FRAMEWORK@Framework@0|16), response = ServiceResponseMessage(sender_id=FRAMEWORK@Framework@0, receiver_id=fastran_FPP_000001@efit@6, request_msg_id=REQUEST|fastran_FPP_000001@efit@6|FRAMEWORK@Framework@0|16,status=0, args=(0,), message_id=RESPONSE|FRAMEWORK@Framework@0|fastran_FPP_000001@efit@6|9581)
2025-08-19 11:17:52,886 fastran_eq_efit_6 DEBUG    _invoke_service(): getTopic  ('_IPS_MONITOR',)
2025-08-19 11:17:52,886 fastran_eq_efit_6 DEBUG    _get_service_response(REQUEST|fastran_FPP_000001@efit@6|FRAMEWORK@Framework@0|17)
2025-08-19 11:17:52,896 fastran_eq_efit_6 DEBUG    _get_service_response(REQUEST|fastran_FPP_000001@efit@6|FRAMEWORK@Framework@0|17), response = ServiceResponseMessage(sender_id=FRAMEWORK@Framework@0, receiver_id=fastran_FPP_000001@efit@6, request_msg_id=REQUEST|fastran_FPP_000001@efit@6|FRAMEWORK@Framework@0|17,status=0, args=(<ipsframework.cca_es_spec.Topic object at 0x7f3a449ba160>,), message_id=RESPONSE|FRAMEWORK@Framework@0|fastran_FPP_000001@efit@6|9582)
2025-08-19 11:17:52,897 fastran_eq_efit_6 DEBUG    _invoke_service(): sendEvent  ('_IPS_MONITOR', 'PORTAL_EVENT', {'sim_name': 'fastran_FPP_000001', 'real_sim_name': 'fastran_FPP_000001', 'portal_data': {'code': 'fastran_eq_efit', 'eventtype': 'IPS_STAGE_STATE', 'ok': True, 'walltime': '4760.76', 'time': '2025-08-19|11:17:52PDT', 'trace': {'timestamp': 1755627472864506, 'duration': 21530, 'localEndpoint': {'serviceName': 'stage_state'}, 'name': "['s000001.00001', 'g000001.00001', 'i000001.00001']", 'id': '71885aecf25d7412', 'parentId': 'c2b77a67008ee2d1', 'tags': {}}, 'state': 'Running', 'comment': 'Elapsed time = 0.022  files = s000001.00001 g000001.00001 i000001.00001 Success'}})
2025-08-19 11:17:52,897 fastran_eq_efit_6 DEBUG    _get_service_response(REQUEST|fastran_FPP_000001@efit@6|FRAMEWORK@Framework@0|18)
2025-08-19 11:17:52,907 fastran_eq_efit_6 DEBUG    _get_service_response(REQUEST|fastran_FPP_000001@efit@6|FRAMEWORK@Framework@0|18), response = ServiceResponseMessage(sender_id=FRAMEWORK@Framework@0, receiver_id=fastran_FPP_000001@efit@6, request_msg_id=REQUEST|fastran_FPP_000001@efit@6|FRAMEWORK@Framework@0|18,status=0, args=(None,), message_id=RESPONSE|FRAMEWORK@Framework@0|fastran_FPP_000001@efit@6|9583)
2025-08-19 11:17:55,792 fastran_eq_efit_6 DEBUG    _invoke_service(): update_state  (['s000001.00001', 'g000001.00001', 'i000001.00001'], '/pscratch/sd/h/hswils/github_repos/MANTA_DBSCANS/basecase/SCAN/work/fastran_eq_efit_6', '/pscratch/sd/h/hswils/github_repos/MANTA_DBSCANS/basecase/SCAN/work/plasma_state')
2025-08-19 11:17:55,792 fastran_eq_efit_6 DEBUG    _get_service_response(REQUEST|fastran_FPP_000001@efit@6|FRAMEWORK@Framework@0|19)
2025-08-19 11:17:55,813 fastran_eq_efit_6 DEBUG    _get_service_response(REQUEST|fastran_FPP_000001@efit@6|FRAMEWORK@Framework@0|19), response = ServiceResponseMessage(sender_id=FRAMEWORK@Framework@0, receiver_id=fastran_FPP_000001@efit@6, request_msg_id=REQUEST|fastran_FPP_000001@efit@6|FRAMEWORK@Framework@0|19,status=0, args=(0,), message_id=RESPONSE|FRAMEWORK@Framework@0|fastran_FPP_000001@efit@6|9590)
2025-08-19 11:17:55,813 fastran_eq_efit_6 DEBUG    _invoke_service(): getTopic  ('_IPS_MONITOR',)
2025-08-19 11:17:55,813 fastran_eq_efit_6 DEBUG    _get_service_response(REQUEST|fastran_FPP_000001@efit@6|FRAMEWORK@Framework@0|20)
2025-08-19 11:17:55,824 fastran_eq_efit_6 DEBUG    _get_service_response(REQUEST|fastran_FPP_000001@efit@6|FRAMEWORK@Framework@0|20), response = ServiceResponseMessage(sender_id=FRAMEWORK@Framework@0, receiver_id=fastran_FPP_000001@efit@6, request_msg_id=REQUEST|fastran_FPP_000001@efit@6|FRAMEWORK@Framework@0|20,status=0, args=(<ipsframework.cca_es_spec.Topic object at 0x7f3a449f5070>,), message_id=RESPONSE|FRAMEWORK@Framework@0|fastran_FPP_000001@efit@6|9591)
2025-08-19 11:17:55,824 fastran_eq_efit_6 DEBUG    _invoke_service(): sendEvent  ('_IPS_MONITOR', 'PORTAL_EVENT', {'sim_name': 'fastran_FPP_000001', 'real_sim_name': 'fastran_FPP_000001', 'portal_data': {'code': 'fastran_eq_efit', 'eventtype': 'IPS_UPDATE_STATE', 'ok': True, 'walltime': '4763.69', 'time': '2025-08-19|11:17:55PDT', 'trace': {'timestamp': 1755627475792226, 'duration': 21414, 'localEndpoint': {'serviceName': 'update_state'}, 'name': "['s000001.00001', 'g000001.00001', 'i000001.00001']", 'id': '7629e189a66153c0', 'parentId': 'c2b77a67008ee2d1', 'tags': {}}, 'state': 'Running', 'comment': 'Elapsed time = 0.021   files = s000001.00001 g000001.00001 i000001.00001 Success'}})
2025-08-19 11:17:55,824 fastran_eq_efit_6 DEBUG    _get_service_response(REQUEST|fastran_FPP_000001@efit@6|FRAMEWORK@Framework@0|21)
2025-08-19 11:17:55,835 fastran_eq_efit_6 DEBUG    _get_service_response(REQUEST|fastran_FPP_000001@efit@6|FRAMEWORK@Framework@0|21), response = ServiceResponseMessage(sender_id=FRAMEWORK@Framework@0, receiver_id=fastran_FPP_000001@efit@6, request_msg_id=REQUEST|fastran_FPP_000001@efit@6|FRAMEWORK@Framework@0|21,status=0, args=(None,), message_id=RESPONSE|FRAMEWORK@Framework@0|fastran_FPP_000001@efit@6|9592)
2025-08-19 11:17:55,859 fastran_eq_efit_6 DEBUG    _invoke_service(): getTopic  ('_IPS_MONITOR',)
2025-08-19 11:17:55,859 fastran_eq_efit_6 DEBUG    _get_service_response(REQUEST|fastran_FPP_000001@efit@6|FRAMEWORK@Framework@0|22)
2025-08-19 11:17:55,870 fastran_eq_efit_6 DEBUG    _get_service_response(REQUEST|fastran_FPP_000001@efit@6|FRAMEWORK@Framework@0|22), response = ServiceResponseMessage(sender_id=FRAMEWORK@Framework@0, receiver_id=fastran_FPP_000001@efit@6, request_msg_id=REQUEST|fastran_FPP_000001@efit@6|FRAMEWORK@Framework@0|22,status=0, args=(<ipsframework.cca_es_spec.Topic object at 0x7f3a449f5040>,), message_id=RESPONSE|FRAMEWORK@Framework@0|fastran_FPP_000001@efit@6|9593)
2025-08-19 11:17:55,870 fastran_eq_efit_6 DEBUG    _invoke_service(): sendEvent  ('_IPS_MONITOR', 'PORTAL_EVENT', {'sim_name': 'fastran_FPP_000001', 'real_sim_name': 'fastran_FPP_000001', 'portal_data': {'code': 'fastran_eq_efit', 'eventtype': 'IPS_STAGE_OUTPUTS', 'ok': True, 'walltime': '4763.74', 'time': '2025-08-19|11:17:55PDT', 'trace': {'timestamp': 1755627475835783, 'duration': 23795, 'localEndpoint': {'serviceName': 'stage_output_files'}, 'name': "['g*.*', 'a*.*', 'm*.*', 'k*.*', 'efit.log', 's*.*']", 'id': '80725d8eee5776f1', 'parentId': 'c2b77a67008ee2d1', 'tags': {}}, 'state': 'Running', 'comment': "Elapsed time = 0.024 Path = /pscratch/sd/h/hswils/github_repos/MANTA_DBSCANS/basecase/SCAN/simulation_results/2/components/fastran_eq_efit_6 Files = ['g*.*', 'a*.*', 'm*.*', 'k*.*', 'efit.log', 's*.*']"}})
2025-08-19 11:17:55,870 fastran_eq_efit_6 DEBUG    _get_service_response(REQUEST|fastran_FPP_000001@efit@6|FRAMEWORK@Framework@0|23)
2025-08-19 11:17:55,881 fastran_eq_efit_6 DEBUG    _get_service_response(REQUEST|fastran_FPP_000001@efit@6|FRAMEWORK@Framework@0|23), response = ServiceResponseMessage(sender_id=FRAMEWORK@Framework@0, receiver_id=fastran_FPP_000001@efit@6, request_msg_id=REQUEST|fastran_FPP_000001@efit@6|FRAMEWORK@Framework@0|23,status=0, args=(None,), message_id=RESPONSE|FRAMEWORK@Framework@0|fastran_FPP_000001@efit@6|9594)
2025-08-19 11:17:55,894 fastran_driver_fastran_driver_2 DEBUG    _get_service_response(REQUEST|fastran_FPP_000001@fastran_driver@2|FRAMEWORK@Framework@0|129), response = ServiceResponseMessage(sender_id=FRAMEWORK@Framework@0, receiver_id=fastran_FPP_000001@fastran_driver@2, request_msg_id=REQUEST|fastran_FPP_000001@fastran_driver@2|FRAMEWORK@Framework@0|129,status=0, args=((None,),), message_id=RESPONSE|FRAMEWORK@Framework@0|fastran_FPP_000001@fastran_driver@2|9595)
2025-08-19 11:17:55,894 fastran_driver_fastran_driver_2 DEBUG    _invoke_service(): getTopic  ('_IPS_MONITOR',)
2025-08-19 11:17:55,894 fastran_driver_fastran_driver_2 DEBUG    _get_service_response(REQUEST|fastran_FPP_000001@fastran_driver@2|FRAMEWORK@Framework@0|130)
2025-08-19 11:17:55,904 fastran_driver_fastran_driver_2 DEBUG    _get_service_response(REQUEST|fastran_FPP_000001@fastran_driver@2|FRAMEWORK@Framework@0|130), response = ServiceResponseMessage(sender_id=FRAMEWORK@Framework@0, receiver_id=fastran_FPP_000001@fastran_driver@2, request_msg_id=REQUEST|fastran_FPP_000001@fastran_driver@2|FRAMEWORK@Framework@0|130,status=0, args=(<ipsframework.cca_es_spec.Topic object at 0x7f3a44a20670>,), message_id=RESPONSE|FRAMEWORK@Framework@0|fastran_FPP_000001@fastran_driver@2|9596)
2025-08-19 11:17:55,905 fastran_driver_fastran_driver_2 DEBUG    _invoke_service(): sendEvent  ('_IPS_MONITOR', 'PORTAL_EVENT', {'sim_name': 'fastran_FPP_000001', 'real_sim_name': 'fastran_FPP_000001', 'portal_data': {'code': 'fastran_driver_fastran_driver', 'eventtype': 'IPS_CALL_END', 'ok': True, 'walltime': '4763.77', 'time': '2025-08-19|11:17:55PDT', 'trace': {'timestamp': 1755627472874053, 'duration': 3020063, 'localEndpoint': {'serviceName': 'fastran_FPP_000001@efit@6'}, 'name': 'step(2)', 'id': 'c2b77a67008ee2d1', 'parentId': 'f899e3e5886669ce', 'tags': {}}, 'state': 'Running', 'comment': 'Target = fastran_FPP_000001@efit@6:step(2)'}})
2025-08-19 11:17:55,905 fastran_driver_fastran_driver_2 DEBUG    _get_service_response(REQUEST|fastran_FPP_000001@fastran_driver@2|FRAMEWORK@Framework@0|131)
2025-08-19 11:17:55,915 fastran_driver_fastran_driver_2 DEBUG    _get_service_response(REQUEST|fastran_FPP_000001@fastran_driver@2|FRAMEWORK@Framework@0|131), response = ServiceResponseMessage(sender_id=FRAMEWORK@Framework@0, receiver_id=fastran_FPP_000001@fastran_driver@2, request_msg_id=REQUEST|fastran_FPP_000001@fastran_driver@2|FRAMEWORK@Framework@0|131,status=0, args=(None,), message_id=RESPONSE|FRAMEWORK@Framework@0|fastran_FPP_000001@fastran_driver@2|9597)
2025-08-19 11:17:55,916 fastran_driver_fastran_driver_2 DEBUG    _invoke_service(): getTopic  ('_IPS_MONITOR',)
2025-08-19 11:17:55,916 fastran_driver_fastran_driver_2 DEBUG    _get_service_response(REQUEST|fastran_FPP_000001@fastran_driver@2|FRAMEWORK@Framework@0|132)
2025-08-19 11:17:55,926 fastran_driver_fastran_driver_2 DEBUG    _get_service_response(REQUEST|fastran_FPP_000001@fastran_driver@2|FRAMEWORK@Framework@0|132), response = ServiceResponseMessage(sender_id=FRAMEWORK@Framework@0, receiver_id=fastran_FPP_000001@fastran_driver@2, request_msg_id=REQUEST|fastran_FPP_000001@fastran_driver@2|FRAMEWORK@Framework@0|132,status=0, args=(<ipsframework.cca_es_spec.Topic object at 0x7f3a44a20670>,), message_id=RESPONSE|FRAMEWORK@Framework@0|fastran_FPP_000001@fastran_driver@2|9598)
2025-08-19 11:17:55,927 fastran_driver_fastran_driver_2 DEBUG    _invoke_service(): sendEvent  ('_IPS_MONITOR', 'PORTAL_EVENT', {'sim_name': 'fastran_FPP_000001', 'real_sim_name': 'fastran_FPP_000001', 'portal_data': {'code': 'fastran_driver_fastran_driver', 'eventtype': 'IPS_CALL_BEGIN', 'ok': True, 'walltime': '4763.79', 'time': '2025-08-19|11:17:55PDT', 'state': 'Running', 'comment': 'Target = fastran_FPP_000001@fastran@7:step(2)'}})
2025-08-19 11:17:55,927 fastran_driver_fastran_driver_2 DEBUG    _get_service_response(REQUEST|fastran_FPP_000001@fastran_driver@2|FRAMEWORK@Framework@0|133)
2025-08-19 11:17:55,937 fastran_driver_fastran_driver_2 DEBUG    _get_service_response(REQUEST|fastran_FPP_000001@fastran_driver@2|FRAMEWORK@Framework@0|133), response = ServiceResponseMessage(sender_id=FRAMEWORK@Framework@0, receiver_id=fastran_FPP_000001@fastran_driver@2, request_msg_id=REQUEST|fastran_FPP_000001@fastran_driver@2|FRAMEWORK@Framework@0|133,status=0, args=(None,), message_id=RESPONSE|FRAMEWORK@Framework@0|fastran_FPP_000001@fastran_driver@2|9599)
2025-08-19 11:17:55,938 fastran_driver_fastran_driver_2 DEBUG    _invoke_service(): init_call  ('step', 2)
2025-08-19 11:17:55,938 fastran_driver_fastran_driver_2 DEBUG    _get_service_response(REQUEST|fastran_FPP_000001@fastran_driver@2|FRAMEWORK@Framework@0|134)
2025-08-19 11:17:55,939 fastran_tr_fastran_7 DEBUG    Received Message 
2025-08-19 11:17:55,939 fastran_tr_fastran_7 DEBUG    Calling method step(2)
2025-08-19 11:17:55,939 fastran_tr_fastran_7 DEBUG    _invoke_service(): stage_state  (['s000001.00001', 'g000001.00001', 'i000001.00001'], '/pscratch/sd/h/hswils/github_repos/MANTA_DBSCANS/basecase/SCAN/work/plasma_state', '/pscratch/sd/h/hswils/github_repos/MANTA_DBSCANS/basecase/SCAN/work/fastran_tr_fastran_7')
2025-08-19 11:17:55,939 fastran_tr_fastran_7 DEBUG    _get_service_response(REQUEST|fastran_FPP_000001@fastran@7|FRAMEWORK@Framework@0|32)
2025-08-19 11:17:55,949 fastran_driver_fastran_driver_2 DEBUG    _get_service_response(REQUEST|fastran_FPP_000001@fastran_driver@2|FRAMEWORK@Framework@0|134), response = ServiceResponseMessage(sender_id=FRAMEWORK@Framework@0, receiver_id=fastran_FPP_000001@fastran_driver@2, request_msg_id=REQUEST|fastran_FPP_000001@fastran_driver@2|FRAMEWORK@Framework@0|134,status=0, args=(26,), message_id=RESPONSE|FRAMEWORK@Framework@0|fastran_FPP_000001@fastran_driver@2|9600)
2025-08-19 11:17:55,949 fastran_driver_fastran_driver_2 DEBUG    _invoke_service(): wait_call  (26, True)
2025-08-19 11:17:55,949 fastran_driver_fastran_driver_2 DEBUG    _get_service_response(REQUEST|fastran_FPP_000001@fastran_driver@2|FRAMEWORK@Framework@0|135)
2025-08-19 11:17:55,959 fastran_tr_fastran_7 DEBUG    _get_service_response(REQUEST|fastran_FPP_000001@fastran@7|FRAMEWORK@Framework@0|32), response = ServiceResponseMessage(sender_id=FRAMEWORK@Framework@0, receiver_id=fastran_FPP_000001@fastran@7, request_msg_id=REQUEST|fastran_FPP_000001@fastran@7|FRAMEWORK@Framework@0|32,status=0, args=(0,), message_id=RESPONSE|FRAMEWORK@Framework@0|fastran_FPP_000001@fastran@7|9601)
2025-08-19 11:17:55,959 fastran_tr_fastran_7 DEBUG    _invoke_service(): getTopic  ('_IPS_MONITOR',)
2025-08-19 11:17:55,959 fastran_tr_fastran_7 DEBUG    _get_service_response(REQUEST|fastran_FPP_000001@fastran@7|FRAMEWORK@Framework@0|33)
2025-08-19 11:17:55,970 fastran_tr_fastran_7 DEBUG    _get_service_response(REQUEST|fastran_FPP_000001@fastran@7|FRAMEWORK@Framework@0|33), response = ServiceResponseMessage(sender_id=FRAMEWORK@Framework@0, receiver_id=fastran_FPP_000001@fastran@7, request_msg_id=REQUEST|fastran_FPP_000001@fastran@7|FRAMEWORK@Framework@0|33,status=0, args=(<ipsframework.cca_es_spec.Topic object at 0x7f3a449ba7c0>,), message_id=RESPONSE|FRAMEWORK@Framework@0|fastran_FPP_000001@fastran@7|9602)
2025-08-19 11:17:55,970 fastran_tr_fastran_7 DEBUG    _invoke_service(): sendEvent  ('_IPS_MONITOR', 'PORTAL_EVENT', {'sim_name': 'fastran_FPP_000001', 'real_sim_name': 'fastran_FPP_000001', 'portal_data': {'code': 'fastran_tr_fastran', 'eventtype': 'IPS_STAGE_STATE', 'ok': True, 'walltime': '4763.84', 'time': '2025-08-19|11:17:55PDT', 'trace': {'timestamp': 1755627475939237, 'duration': 20504, 'localEndpoint': {'serviceName': 'stage_state'}, 'name': "['s000001.00001', 'g000001.00001', 'i000001.00001']", 'id': '71885aecf25d7412', 'parentId': '0a6fdef2d2ded936', 'tags': {}}, 'state': 'Running', 'comment': 'Elapsed time = 0.021  files = s000001.00001 g000001.00001 i000001.00001 Success'}})
2025-08-19 11:17:55,970 fastran_tr_fastran_7 DEBUG    _get_service_response(REQUEST|fastran_FPP_000001@fastran@7|FRAMEWORK@Framework@0|34)
2025-08-19 11:17:55,981 fastran_tr_fastran_7 DEBUG    _get_service_response(REQUEST|fastran_FPP_000001@fastran@7|FRAMEWORK@Framework@0|34), response = ServiceResponseMessage(sender_id=FRAMEWORK@Framework@0, receiver_id=fastran_FPP_000001@fastran@7, request_msg_id=REQUEST|fastran_FPP_000001@fastran@7|FRAMEWORK@Framework@0|34,status=0, args=(None,), message_id=RESPONSE|FRAMEWORK@Framework@0|fastran_FPP_000001@fastran@7|9603)
2025-08-19 11:17:55,989 fastran_tr_fastran_7 DEBUG    _invoke_service(): getTopic  ('_IPS_MONITOR',)
2025-08-19 11:17:55,989 fastran_tr_fastran_7 DEBUG    _get_service_response(REQUEST|fastran_FPP_000001@fastran@7|FRAMEWORK@Framework@0|35)
2025-08-19 11:17:56,000 fastran_tr_fastran_7 DEBUG    _get_service_response(REQUEST|fastran_FPP_000001@fastran@7|FRAMEWORK@Framework@0|35), response = ServiceResponseMessage(sender_id=FRAMEWORK@Framework@0, receiver_id=fastran_FPP_000001@fastran@7, request_msg_id=REQUEST|fastran_FPP_000001@fastran@7|FRAMEWORK@Framework@0|35,status=0, args=(<ipsframework.cca_es_spec.Topic object at 0x7f3a449baaf0>,), message_id=RESPONSE|FRAMEWORK@Framework@0|fastran_FPP_000001@fastran@7|9604)
2025-08-19 11:17:56,000 fastran_tr_fastran_7 DEBUG    _invoke_service(): sendEvent  ('_IPS_MONITOR', 'PORTAL_EVENT', {'sim_name': 'fastran_FPP_000001', 'real_sim_name': 'fastran_FPP_000001', 'portal_data': {'code': 'fastran_tr_fastran', 'eventtype': 'IPS_STAGE_INPUTS', 'ok': True, 'walltime': '4763.87', 'time': '2025-08-19|11:17:55PDT', 'trace': {'timestamp': 1755627475982176, 'duration': 7323, 'localEndpoint': {'serviceName': 'stage_input_files'}, 'name': 'infastran intglf', 'id': '5ff6e2efe4653e6c', 'parentId': '0a6fdef2d2ded936', 'tags': {}}, 'state': 'Running', 'comment': 'Elapsed time = 0.007 Path = /pscratch/sd/h/hswils/github_repos/MANTA_DBSCANS/basecase/input Files = infastran intglf'}})
2025-08-19 11:17:56,000 fastran_tr_fastran_7 DEBUG    _get_service_response(REQUEST|fastran_FPP_000001@fastran@7|FRAMEWORK@Framework@0|36)
2025-08-19 11:17:56,010 fastran_tr_fastran_7 DEBUG    _get_service_response(REQUEST|fastran_FPP_000001@fastran@7|FRAMEWORK@Framework@0|36), response = ServiceResponseMessage(sender_id=FRAMEWORK@Framework@0, receiver_id=fastran_FPP_000001@fastran@7, request_msg_id=REQUEST|fastran_FPP_000001@fastran@7|FRAMEWORK@Framework@0|36,status=0, args=(None,), message_id=RESPONSE|FRAMEWORK@Framework@0|fastran_FPP_000001@fastran@7|9606)
2025-08-19 11:17:56,296 fastran_tr_fastran_7 DEBUG    _invoke_service(): init_task  (TaskInit(nproc=1, binary='/global/common/software/atom/perlmutter/binaries/fastran/default/xfastran_ver1.06', working_dir='/pscratch/sd/h/hswils/github_repos/MANTA_DBSCANS/basecase/SCAN/work/fastran_tr_fastran_7', tppn=0, tcpp=0, tgpp=0, block=True, omp=False, wnodes=True, wsocks=True, cmd_args=('1', '1')),)
2025-08-19 11:17:56,297 fastran_tr_fastran_7 DEBUG    _get_service_response(REQUEST|fastran_FPP_000001@fastran@7|FRAMEWORK@Framework@0|37)
2025-08-19 11:17:56,310 fastran_tr_fastran_7 DEBUG    _get_service_response(REQUEST|fastran_FPP_000001@fastran@7|FRAMEWORK@Framework@0|37), response = ServiceResponseMessage(sender_id=FRAMEWORK@Framework@0, receiver_id=fastran_FPP_000001@fastran@7, request_msg_id=REQUEST|fastran_FPP_000001@fastran@7|FRAMEWORK@Framework@0|37,status=0, args=((7, 'srun -N 1 -n 1 -c 128 --threads-per-core=1 --cpu-bind=cores /global/common/software/atom/perlmutter/binaries/fastran/default/xfastran_ver1.06 1 1', None, 128),), message_id=RESPONSE|FRAMEWORK@Framework@0|fastran_FPP_000001@fastran@7|9607)
2025-08-19 11:17:56,312 fastran_tr_fastran_7 DEBUG    Launching command : srun -N 1 -n 1 -c 128 --threads-per-core=1 --cpu-bind=cores /global/common/software/atom/perlmutter/binaries/fastran/default/xfastran_ver1.06 1 1
2025-08-19 11:17:56,327 fastran_tr_fastran_7 DEBUG    _invoke_service(): getTopic  ('_IPS_MONITOR',)
2025-08-19 11:17:56,327 fastran_tr_fastran_7 DEBUG    _get_service_response(REQUEST|fastran_FPP_000001@fastran@7|FRAMEWORK@Framework@0|38)
2025-08-19 11:17:56,338 fastran_tr_fastran_7 DEBUG    _get_service_response(REQUEST|fastran_FPP_000001@fastran@7|FRAMEWORK@Framework@0|38), response = ServiceResponseMessage(sender_id=FRAMEWORK@Framework@0, receiver_id=fastran_FPP_000001@fastran@7, request_msg_id=REQUEST|fastran_FPP_000001@fastran@7|FRAMEWORK@Framework@0|38,status=0, args=(<ipsframework.cca_es_spec.Topic object at 0x7f3a449e5370>,), message_id=RESPONSE|FRAMEWORK@Framework@0|fastran_FPP_000001@fastran@7|9608)
2025-08-19 11:17:56,339 fastran_tr_fastran_7 DEBUG    _invoke_service(): sendEvent  ('_IPS_MONITOR', 'PORTAL_EVENT', {'sim_name': 'fastran_FPP_000001', 'real_sim_name': 'fastran_FPP_000001', 'portal_data': {'code': 'fastran_tr_fastran', 'eventtype': 'IPS_LAUNCH_TASK', 'ok': True, 'walltime': '4764.21', 'time': '2025-08-19|11:17:56PDT', 'state': 'Running', 'comment': 'task_id = 7 , Tag = None , nproc = 1 , Target = srun -N 1 -n 1 -c 128 --threads-per-core=1 --cpu-bind=cores /global/common/software/atom/perlmutter/binaries/fastran/default/xfastran_ver1.06 1 1'}})
2025-08-19 11:17:56,339 fastran_tr_fastran_7 DEBUG    _get_service_response(REQUEST|fastran_FPP_000001@fastran@7|FRAMEWORK@Framework@0|39)
2025-08-19 11:17:56,350 fastran_tr_fastran_7 DEBUG    _get_service_response(REQUEST|fastran_FPP_000001@fastran@7|FRAMEWORK@Framework@0|39), response = ServiceResponseMessage(sender_id=FRAMEWORK@Framework@0, receiver_id=fastran_FPP_000001@fastran@7, request_msg_id=REQUEST|fastran_FPP_000001@fastran@7|FRAMEWORK@Framework@0|39,status=0, args=(None,), message_id=RESPONSE|FRAMEWORK@Framework@0|fastran_FPP_000001@fastran@7|9609)
2025-08-19 11:50:01,197 fastran_tr_fastran_7 DEBUG    _invoke_service(): getTopic  ('_IPS_MONITOR',)
2025-08-19 11:50:01,198 fastran_tr_fastran_7 DEBUG    _get_service_response(REQUEST|fastran_FPP_000001@fastran@7|FRAMEWORK@Framework@0|40)
2025-08-19 11:50:01,209 fastran_tr_fastran_7 DEBUG    _get_service_response(REQUEST|fastran_FPP_000001@fastran@7|FRAMEWORK@Framework@0|40), response = ServiceResponseMessage(sender_id=FRAMEWORK@Framework@0, receiver_id=fastran_FPP_000001@fastran@7, request_msg_id=REQUEST|fastran_FPP_000001@fastran@7|FRAMEWORK@Framework@0|40,status=0, args=(<ipsframework.cca_es_spec.Topic object at 0x7f3a449e5100>,), message_id=RESPONSE|FRAMEWORK@Framework@0|fastran_FPP_000001@fastran@7|13374)
2025-08-19 11:50:01,209 fastran_tr_fastran_7 DEBUG    _invoke_service(): sendEvent  ('_IPS_MONITOR', 'PORTAL_EVENT', {'sim_name': 'fastran_FPP_000001', 'real_sim_name': 'fastran_FPP_000001', 'portal_data': {'code': 'fastran_tr_fastran', 'eventtype': 'IPS_TASK_END', 'ok': True, 'walltime': '6689.08', 'time': '2025-08-19|11:50:01PDT', 'trace': {'timestamp': 1755627476326877, 'duration': 1924870898, 'localEndpoint': {'serviceName': '/global/common/software/atom/perlmutter/binaries/fastran/default/xfastran_ver1.06'}, 'name': '1 1', 'id': '9266ad6af9eed5a5', 'parentId': '0a6fdef2d2ded936', 'tags': {'procs_requested': '1', 'cores_allocated': '128'}}, 'state': 'Running', 'comment': 'task_id = 7  elapsed time = 1924.87 S'}})
2025-08-19 11:50:01,209 fastran_tr_fastran_7 DEBUG    _get_service_response(REQUEST|fastran_FPP_000001@fastran@7|FRAMEWORK@Framework@0|41)
2025-08-19 11:50:01,220 fastran_tr_fastran_7 DEBUG    _get_service_response(REQUEST|fastran_FPP_000001@fastran@7|FRAMEWORK@Framework@0|41), response = ServiceResponseMessage(sender_id=FRAMEWORK@Framework@0, receiver_id=fastran_FPP_000001@fastran@7, request_msg_id=REQUEST|fastran_FPP_000001@fastran@7|FRAMEWORK@Framework@0|41,status=0, args=(None,), message_id=RESPONSE|FRAMEWORK@Framework@0|fastran_FPP_000001@fastran@7|13375)
2025-08-19 11:50:01,220 fastran_tr_fastran_7 DEBUG    _invoke_service(): finish_task  (7, 0)
2025-08-19 11:50:01,221 fastran_tr_fastran_7 DEBUG    _get_service_response(REQUEST|fastran_FPP_000001@fastran@7|FRAMEWORK@Framework@0|42)
2025-08-19 11:50:01,232 fastran_tr_fastran_7 DEBUG    _get_service_response(REQUEST|fastran_FPP_000001@fastran@7|FRAMEWORK@Framework@0|42), response = ServiceResponseMessage(sender_id=FRAMEWORK@Framework@0, receiver_id=fastran_FPP_000001@fastran@7, request_msg_id=REQUEST|fastran_FPP_000001@fastran@7|FRAMEWORK@Framework@0|42,status=0, args=(0,), message_id=RESPONSE|FRAMEWORK@Framework@0|fastran_FPP_000001@fastran@7|13376)
2025-08-19 11:50:01,569 fastran_tr_fastran_7 DEBUG    _invoke_service(): update_state  (['s000001.00001', 'g000001.00001', 'i000001.00001'], '/pscratch/sd/h/hswils/github_repos/MANTA_DBSCANS/basecase/SCAN/work/fastran_tr_fastran_7', '/pscratch/sd/h/hswils/github_repos/MANTA_DBSCANS/basecase/SCAN/work/plasma_state')
2025-08-19 11:50:01,569 fastran_tr_fastran_7 DEBUG    _get_service_response(REQUEST|fastran_FPP_000001@fastran@7|FRAMEWORK@Framework@0|43)
2025-08-19 11:50:01,591 fastran_tr_fastran_7 DEBUG    _get_service_response(REQUEST|fastran_FPP_000001@fastran@7|FRAMEWORK@Framework@0|43), response = ServiceResponseMessage(sender_id=FRAMEWORK@Framework@0, receiver_id=fastran_FPP_000001@fastran@7, request_msg_id=REQUEST|fastran_FPP_000001@fastran@7|FRAMEWORK@Framework@0|43,status=0, args=(0,), message_id=RESPONSE|FRAMEWORK@Framework@0|fastran_FPP_000001@fastran@7|13378)
2025-08-19 11:50:01,591 fastran_tr_fastran_7 DEBUG    _invoke_service(): getTopic  ('_IPS_MONITOR',)
2025-08-19 11:50:01,591 fastran_tr_fastran_7 DEBUG    _get_service_response(REQUEST|fastran_FPP_000001@fastran@7|FRAMEWORK@Framework@0|44)
2025-08-19 11:50:01,602 fastran_tr_fastran_7 DEBUG    _get_service_response(REQUEST|fastran_FPP_000001@fastran@7|FRAMEWORK@Framework@0|44), response = ServiceResponseMessage(sender_id=FRAMEWORK@Framework@0, receiver_id=fastran_FPP_000001@fastran@7, request_msg_id=REQUEST|fastran_FPP_000001@fastran@7|FRAMEWORK@Framework@0|44,status=0, args=(<ipsframework.cca_es_spec.Topic object at 0x7f3a449e5a00>,), message_id=RESPONSE|FRAMEWORK@Framework@0|fastran_FPP_000001@fastran@7|13379)
2025-08-19 11:50:01,602 fastran_tr_fastran_7 DEBUG    _invoke_service(): sendEvent  ('_IPS_MONITOR', 'PORTAL_EVENT', {'sim_name': 'fastran_FPP_000001', 'real_sim_name': 'fastran_FPP_000001', 'portal_data': {'code': 'fastran_tr_fastran', 'eventtype': 'IPS_UPDATE_STATE', 'ok': True, 'walltime': '6689.47', 'time': '2025-08-19|11:50:01PDT', 'trace': {'timestamp': 1755629401569158, 'duration': 21974, 'localEndpoint': {'serviceName': 'update_state'}, 'name': "['s000001.00001', 'g000001.00001', 'i000001.00001']", 'id': '7629e189a66153c0', 'parentId': '0a6fdef2d2ded936', 'tags': {}}, 'state': 'Running', 'comment': 'Elapsed time = 0.022   files = s000001.00001 g000001.00001 i000001.00001 Success'}})
2025-08-19 11:50:01,602 fastran_tr_fastran_7 DEBUG    _get_service_response(REQUEST|fastran_FPP_000001@fastran@7|FRAMEWORK@Framework@0|45)
2025-08-19 11:50:01,612 fastran_tr_fastran_7 DEBUG    _get_service_response(REQUEST|fastran_FPP_000001@fastran@7|FRAMEWORK@Framework@0|45), response = ServiceResponseMessage(sender_id=FRAMEWORK@Framework@0, receiver_id=fastran_FPP_000001@fastran@7, request_msg_id=REQUEST|fastran_FPP_000001@fastran@7|FRAMEWORK@Framework@0|45,status=0, args=(None,), message_id=RESPONSE|FRAMEWORK@Framework@0|fastran_FPP_000001@fastran@7|13380)
2025-08-19 11:50:01,634 fastran_tr_fastran_7 DEBUG    _invoke_service(): getTopic  ('_IPS_MONITOR',)
2025-08-19 11:50:01,634 fastran_tr_fastran_7 DEBUG    _get_service_response(REQUEST|fastran_FPP_000001@fastran@7|FRAMEWORK@Framework@0|46)
2025-08-19 11:50:01,645 fastran_tr_fastran_7 DEBUG    _get_service_response(REQUEST|fastran_FPP_000001@fastran@7|FRAMEWORK@Framework@0|46), response = ServiceResponseMessage(sender_id=FRAMEWORK@Framework@0, receiver_id=fastran_FPP_000001@fastran@7, request_msg_id=REQUEST|fastran_FPP_000001@fastran@7|FRAMEWORK@Framework@0|46,status=0, args=(<ipsframework.cca_es_spec.Topic object at 0x7f3a449e5af0>,), message_id=RESPONSE|FRAMEWORK@Framework@0|fastran_FPP_000001@fastran@7|13381)
2025-08-19 11:50:01,645 fastran_tr_fastran_7 DEBUG    _invoke_service(): sendEvent  ('_IPS_MONITOR', 'PORTAL_EVENT', {'sim_name': 'fastran_FPP_000001', 'real_sim_name': 'fastran_FPP_000001', 'portal_data': {'code': 'fastran_tr_fastran', 'eventtype': 'IPS_STAGE_OUTPUTS', 'ok': True, 'walltime': '6689.51', 'time': '2025-08-19|11:50:01PDT', 'trace': {'timestamp': 1755629401613018, 'duration': 21368, 'localEndpoint': {'serviceName': 'stage_output_files'}, 'name': "['fastran.nc', 'inprof', 'inmetric', 'infastran', 'intglf', 'xfastran.log', 'i000001.00001']", 'id': '7349cfaaafc33980', 'parentId': '0a6fdef2d2ded936', 'tags': {}}, 'state': 'Running', 'comment': "Elapsed time = 0.021 Path = /pscratch/sd/h/hswils/github_repos/MANTA_DBSCANS/basecase/SCAN/simulation_results/2/components/fastran_tr_fastran_7 Files = ['fastran.nc', 'inprof', 'inmetric', 'infastran', 'intglf', 'xfastran.log', 'i000001.00001']"}})
2025-08-19 11:50:01,645 fastran_tr_fastran_7 DEBUG    _get_service_response(REQUEST|fastran_FPP_000001@fastran@7|FRAMEWORK@Framework@0|47)
2025-08-19 11:50:01,656 fastran_tr_fastran_7 DEBUG    _get_service_response(REQUEST|fastran_FPP_000001@fastran@7|FRAMEWORK@Framework@0|47), response = ServiceResponseMessage(sender_id=FRAMEWORK@Framework@0, receiver_id=fastran_FPP_000001@fastran@7, request_msg_id=REQUEST|fastran_FPP_000001@fastran@7|FRAMEWORK@Framework@0|47,status=0, args=(None,), message_id=RESPONSE|FRAMEWORK@Framework@0|fastran_FPP_000001@fastran@7|13382)
2025-08-19 11:50:01,667 fastran_driver_fastran_driver_2 DEBUG    _get_service_response(REQUEST|fastran_FPP_000001@fastran_driver@2|FRAMEWORK@Framework@0|135), response = ServiceResponseMessage(sender_id=FRAMEWORK@Framework@0, receiver_id=fastran_FPP_000001@fastran_driver@2, request_msg_id=REQUEST|fastran_FPP_000001@fastran_driver@2|FRAMEWORK@Framework@0|135,status=0, args=((None,),), message_id=RESPONSE|FRAMEWORK@Framework@0|fastran_FPP_000001@fastran_driver@2|13383)
2025-08-19 11:50:01,668 fastran_driver_fastran_driver_2 DEBUG    _invoke_service(): getTopic  ('_IPS_MONITOR',)
2025-08-19 11:50:01,668 fastran_driver_fastran_driver_2 DEBUG    _get_service_response(REQUEST|fastran_FPP_000001@fastran_driver@2|FRAMEWORK@Framework@0|136)
2025-08-19 11:50:01,679 fastran_driver_fastran_driver_2 DEBUG    _get_service_response(REQUEST|fastran_FPP_000001@fastran_driver@2|FRAMEWORK@Framework@0|136), response = ServiceResponseMessage(sender_id=FRAMEWORK@Framework@0, receiver_id=fastran_FPP_000001@fastran_driver@2, request_msg_id=REQUEST|fastran_FPP_000001@fastran_driver@2|FRAMEWORK@Framework@0|136,status=0, args=(<ipsframework.cca_es_spec.Topic object at 0x7f3a44a20670>,), message_id=RESPONSE|FRAMEWORK@Framework@0|fastran_FPP_000001@fastran_driver@2|13384)
2025-08-19 11:50:01,679 fastran_driver_fastran_driver_2 DEBUG    _invoke_service(): sendEvent  ('_IPS_MONITOR', 'PORTAL_EVENT', {'sim_name': 'fastran_FPP_000001', 'real_sim_name': 'fastran_FPP_000001', 'portal_data': {'code': 'fastran_driver_fastran_driver', 'eventtype': 'IPS_CALL_END', 'ok': True, 'walltime': '6689.55', 'time': '2025-08-19|11:50:01PDT', 'trace': {'timestamp': 1755627475949295, 'duration': 1925718859, 'localEndpoint': {'serviceName': 'fastran_FPP_000001@fastran@7'}, 'name': 'step(2)', 'id': '0a6fdef2d2ded936', 'parentId': 'f899e3e5886669ce', 'tags': {}}, 'state': 'Running', 'comment': 'Target = fastran_FPP_000001@fastran@7:step(2)'}})
2025-08-19 11:50:01,679 fastran_driver_fastran_driver_2 DEBUG    _get_service_response(REQUEST|fastran_FPP_000001@fastran_driver@2|FRAMEWORK@Framework@0|137)
2025-08-19 11:50:01,692 fastran_driver_fastran_driver_2 DEBUG    _get_service_response(REQUEST|fastran_FPP_000001@fastran_driver@2|FRAMEWORK@Framework@0|137), response = ServiceResponseMessage(sender_id=FRAMEWORK@Framework@0, receiver_id=fastran_FPP_000001@fastran_driver@2, request_msg_id=REQUEST|fastran_FPP_000001@fastran_driver@2|FRAMEWORK@Framework@0|137,status=0, args=(None,), message_id=RESPONSE|FRAMEWORK@Framework@0|fastran_FPP_000001@fastran_driver@2|13385)
2025-08-19 11:50:01,693 fastran_driver_fastran_driver_2 DEBUG    _invoke_service(): stage_state  (['s000001.00001', 'g000001.00001', 'i000001.00001'], '/pscratch/sd/h/hswils/github_repos/MANTA_DBSCANS/basecase/SCAN/work/plasma_state', '/pscratch/sd/h/hswils/github_repos/MANTA_DBSCANS/basecase/SCAN/work/fastran_driver_fastran_driver_2')
2025-08-19 11:50:01,693 fastran_driver_fastran_driver_2 DEBUG    _get_service_response(REQUEST|fastran_FPP_000001@fastran_driver@2|FRAMEWORK@Framework@0|138)
2025-08-19 11:50:01,715 fastran_driver_fastran_driver_2 DEBUG    _get_service_response(REQUEST|fastran_FPP_000001@fastran_driver@2|FRAMEWORK@Framework@0|138), response = ServiceResponseMessage(sender_id=FRAMEWORK@Framework@0, receiver_id=fastran_FPP_000001@fastran_driver@2, request_msg_id=REQUEST|fastran_FPP_000001@fastran_driver@2|FRAMEWORK@Framework@0|138,status=0, args=(0,), message_id=RESPONSE|FRAMEWORK@Framework@0|fastran_FPP_000001@fastran_driver@2|13386)
2025-08-19 11:50:01,715 fastran_driver_fastran_driver_2 DEBUG    _invoke_service(): getTopic  ('_IPS_MONITOR',)
2025-08-19 11:50:01,715 fastran_driver_fastran_driver_2 DEBUG    _get_service_response(REQUEST|fastran_FPP_000001@fastran_driver@2|FRAMEWORK@Framework@0|139)
2025-08-19 11:50:01,726 fastran_driver_fastran_driver_2 DEBUG    _get_service_response(REQUEST|fastran_FPP_000001@fastran_driver@2|FRAMEWORK@Framework@0|139), response = ServiceResponseMessage(sender_id=FRAMEWORK@Framework@0, receiver_id=fastran_FPP_000001@fastran_driver@2, request_msg_id=REQUEST|fastran_FPP_000001@fastran_driver@2|FRAMEWORK@Framework@0|139,status=0, args=(<ipsframework.cca_es_spec.Topic object at 0x7f3a44a20730>,), message_id=RESPONSE|FRAMEWORK@Framework@0|fastran_FPP_000001@fastran_driver@2|13387)
2025-08-19 11:50:01,726 fastran_driver_fastran_driver_2 DEBUG    _invoke_service(): sendEvent  ('_IPS_MONITOR', 'PORTAL_EVENT', {'sim_name': 'fastran_FPP_000001', 'real_sim_name': 'fastran_FPP_000001', 'portal_data': {'code': 'fastran_driver_fastran_driver', 'eventtype': 'IPS_STAGE_STATE', 'ok': True, 'walltime': '6689.59', 'time': '2025-08-19|11:50:01PDT', 'trace': {'timestamp': 1755629401692999, 'duration': 22450, 'localEndpoint': {'serviceName': 'stage_state'}, 'name': "['s000001.00001', 'g000001.00001', 'i000001.00001']", 'id': '71885aecf25d7412', 'parentId': 'f899e3e5886669ce', 'tags': {}}, 'state': 'Running', 'comment': 'Elapsed time = 0.022  files = s000001.00001 g000001.00001 i000001.00001 Success'}})
2025-08-19 11:50:01,726 fastran_driver_fastran_driver_2 DEBUG    _get_service_response(REQUEST|fastran_FPP_000001@fastran_driver@2|FRAMEWORK@Framework@0|140)
2025-08-19 11:50:01,737 fastran_driver_fastran_driver_2 DEBUG    _get_service_response(REQUEST|fastran_FPP_000001@fastran_driver@2|FRAMEWORK@Framework@0|140), response = ServiceResponseMessage(sender_id=FRAMEWORK@Framework@0, receiver_id=fastran_FPP_000001@fastran_driver@2, request_msg_id=REQUEST|fastran_FPP_000001@fastran_driver@2|FRAMEWORK@Framework@0|140,status=0, args=(None,), message_id=RESPONSE|FRAMEWORK@Framework@0|fastran_FPP_000001@fastran_driver@2|13388)
2025-08-19 11:50:01,738 fastran_driver_fastran_driver_2 DEBUG    _invoke_service(): getTopic  ('_IPS_MONITOR',)
2025-08-19 11:50:01,738 fastran_driver_fastran_driver_2 DEBUG    _get_service_response(REQUEST|fastran_FPP_000001@fastran_driver@2|FRAMEWORK@Framework@0|141)
2025-08-19 11:50:01,749 fastran_driver_fastran_driver_2 DEBUG    _get_service_response(REQUEST|fastran_FPP_000001@fastran_driver@2|FRAMEWORK@Framework@0|141), response = ServiceResponseMessage(sender_id=FRAMEWORK@Framework@0, receiver_id=fastran_FPP_000001@fastran_driver@2, request_msg_id=REQUEST|fastran_FPP_000001@fastran_driver@2|FRAMEWORK@Framework@0|141,status=0, args=(<ipsframework.cca_es_spec.Topic object at 0x7f3a44a208b0>,), message_id=RESPONSE|FRAMEWORK@Framework@0|fastran_FPP_000001@fastran_driver@2|13389)
2025-08-19 11:50:01,749 fastran_driver_fastran_driver_2 DEBUG    _invoke_service(): sendEvent  ('_IPS_MONITOR', 'PORTAL_EVENT', {'sim_name': 'fastran_FPP_000001', 'real_sim_name': 'fastran_FPP_000001', 'portal_data': {'code': 'fastran_driver_fastran_driver', 'eventtype': 'IPS_STAGE_OUTPUTS', 'ok': True, 'walltime': '6689.62', 'time': '2025-08-19|11:50:01PDT', 'trace': {'timestamp': 1755629401737864, 'duration': 300, 'localEndpoint': {'serviceName': 'stage_output_files'}, 'name': '[]', 'id': 'ed019efe11be26d9', 'parentId': 'f899e3e5886669ce', 'tags': {}}, 'state': 'Running', 'comment': 'Elapsed time = 0.000 Path = /pscratch/sd/h/hswils/github_repos/MANTA_DBSCANS/basecase/SCAN/simulation_results/2/components/fastran_driver_fastran_driver_2 Files = []'}})
2025-08-19 11:50:01,749 fastran_driver_fastran_driver_2 DEBUG    _get_service_response(REQUEST|fastran_FPP_000001@fastran_driver@2|FRAMEWORK@Framework@0|142)
2025-08-19 11:50:01,760 fastran_driver_fastran_driver_2 DEBUG    _get_service_response(REQUEST|fastran_FPP_000001@fastran_driver@2|FRAMEWORK@Framework@0|142), response = ServiceResponseMessage(sender_id=FRAMEWORK@Framework@0, receiver_id=fastran_FPP_000001@fastran_driver@2, request_msg_id=REQUEST|fastran_FPP_000001@fastran_driver@2|FRAMEWORK@Framework@0|142,status=0, args=(None,), message_id=RESPONSE|FRAMEWORK@Framework@0|fastran_FPP_000001@fastran_driver@2|13390)
2025-08-19 11:50:01,760 fastran_driver_fastran_driver_2 DEBUG    _invoke_service(): getTopic  ('_IPS_MONITOR',)
2025-08-19 11:50:01,760 fastran_driver_fastran_driver_2 DEBUG    _get_service_response(REQUEST|fastran_FPP_000001@fastran_driver@2|FRAMEWORK@Framework@0|143)
2025-08-19 11:50:01,771 fastran_driver_fastran_driver_2 DEBUG    _get_service_response(REQUEST|fastran_FPP_000001@fastran_driver@2|FRAMEWORK@Framework@0|143), response = ServiceResponseMessage(sender_id=FRAMEWORK@Framework@0, receiver_id=fastran_FPP_000001@fastran_driver@2, request_msg_id=REQUEST|fastran_FPP_000001@fastran_driver@2|FRAMEWORK@Framework@0|143,status=0, args=(<ipsframework.cca_es_spec.Topic object at 0x7f3a44a20880>,), message_id=RESPONSE|FRAMEWORK@Framework@0|fastran_FPP_000001@fastran_driver@2|13391)
2025-08-19 11:50:01,771 fastran_driver_fastran_driver_2 DEBUG    _invoke_service(): sendEvent  ('_IPS_MONITOR', 'PORTALBRIDGE_UPDATE_TIMESTAMP', {'sim_name': 'fastran_FPP_000001', 'real_sim_name': 'fastran_FPP_000001', 'portal_data': {'phystimestamp': 3, 'eventtype': 'PORTALBRIDGE_UPDATE_TIMESTAMP'}})
2025-08-19 11:50:01,771 fastran_driver_fastran_driver_2 DEBUG    _get_service_response(REQUEST|fastran_FPP_000001@fastran_driver@2|FRAMEWORK@Framework@0|144)
2025-08-19 11:50:01,782 fastran_driver_fastran_driver_2 DEBUG    _get_service_response(REQUEST|fastran_FPP_000001@fastran_driver@2|FRAMEWORK@Framework@0|144), response = ServiceResponseMessage(sender_id=FRAMEWORK@Framework@0, receiver_id=fastran_FPP_000001@fastran_driver@2, request_msg_id=REQUEST|fastran_FPP_000001@fastran_driver@2|FRAMEWORK@Framework@0|144,status=0, args=(None,), message_id=RESPONSE|FRAMEWORK@Framework@0|fastran_FPP_000001@fastran_driver@2|13392)
2025-08-19 11:50:01,782 fastran_driver_fastran_driver_2 DEBUG    _invoke_service(): getTopic  ('_IPS_MONITOR',)
2025-08-19 11:50:01,782 fastran_driver_fastran_driver_2 DEBUG    _get_service_response(REQUEST|fastran_FPP_000001@fastran_driver@2|FRAMEWORK@Framework@0|145)
2025-08-19 11:50:01,793 fastran_driver_fastran_driver_2 DEBUG    _get_service_response(REQUEST|fastran_FPP_000001@fastran_driver@2|FRAMEWORK@Framework@0|145), response = ServiceResponseMessage(sender_id=FRAMEWORK@Framework@0, receiver_id=fastran_FPP_000001@fastran_driver@2, request_msg_id=REQUEST|fastran_FPP_000001@fastran_driver@2|FRAMEWORK@Framework@0|145,status=0, args=(<ipsframework.cca_es_spec.Topic object at 0x7f3a44a208b0>,), message_id=RESPONSE|FRAMEWORK@Framework@0|fastran_FPP_000001@fastran_driver@2|13393)
2025-08-19 11:50:01,793 fastran_driver_fastran_driver_2 DEBUG    _invoke_service(): sendEvent  ('_IPS_MONITOR', 'PORTAL_EVENT', {'sim_name': 'fastran_FPP_000001', 'real_sim_name': 'fastran_FPP_000001', 'portal_data': {'code': 'fastran_driver_fastran_driver', 'eventtype': 'IPS_UPDATE_TIME_STAMP', 'ok': True, 'walltime': '6689.66', 'time': '2025-08-19|11:50:01PDT', 'state': 'Running', 'comment': 'Timestamp = 3'}})
2025-08-19 11:50:01,793 fastran_driver_fastran_driver_2 DEBUG    _get_service_response(REQUEST|fastran_FPP_000001@fastran_driver@2|FRAMEWORK@Framework@0|146)
2025-08-19 11:50:01,804 fastran_driver_fastran_driver_2 DEBUG    _get_service_response(REQUEST|fastran_FPP_000001@fastran_driver@2|FRAMEWORK@Framework@0|146), response = ServiceResponseMessage(sender_id=FRAMEWORK@Framework@0, receiver_id=fastran_FPP_000001@fastran_driver@2, request_msg_id=REQUEST|fastran_FPP_000001@fastran_driver@2|FRAMEWORK@Framework@0|146,status=0, args=(None,), message_id=RESPONSE|FRAMEWORK@Framework@0|fastran_FPP_000001@fastran_driver@2|13394)
2025-08-19 11:50:01,805 fastran_driver_fastran_driver_2 DEBUG    _invoke_service(): getTopic  ('_IPS_MONITOR',)
2025-08-19 11:50:01,805 fastran_driver_fastran_driver_2 DEBUG    _get_service_response(REQUEST|fastran_FPP_000001@fastran_driver@2|FRAMEWORK@Framework@0|147)
2025-08-19 11:50:01,816 fastran_driver_fastran_driver_2 DEBUG    _get_service_response(REQUEST|fastran_FPP_000001@fastran_driver@2|FRAMEWORK@Framework@0|147), response = ServiceResponseMessage(sender_id=FRAMEWORK@Framework@0, receiver_id=fastran_FPP_000001@fastran_driver@2, request_msg_id=REQUEST|fastran_FPP_000001@fastran_driver@2|FRAMEWORK@Framework@0|147,status=0, args=(<ipsframework.cca_es_spec.Topic object at 0x7f3a44a20a60>,), message_id=RESPONSE|FRAMEWORK@Framework@0|fastran_FPP_000001@fastran_driver@2|13395)
2025-08-19 11:50:01,816 fastran_driver_fastran_driver_2 DEBUG    _invoke_service(): sendEvent  ('_IPS_MONITOR', 'PORTAL_EVENT', {'sim_name': 'fastran_FPP_000001', 'real_sim_name': 'fastran_FPP_000001', 'portal_data': {'code': 'fastran_driver_fastran_driver', 'eventtype': 'IPS_CALL_BEGIN', 'ok': True, 'walltime': '6689.68', 'time': '2025-08-19|11:50:01PDT', 'state': 'Running', 'comment': 'Target = fastran_FPP_000001@toric@5:step(3)'}})
2025-08-19 11:50:01,816 fastran_driver_fastran_driver_2 DEBUG    _get_service_response(REQUEST|fastran_FPP_000001@fastran_driver@2|FRAMEWORK@Framework@0|148)
2025-08-19 11:50:01,827 fastran_driver_fastran_driver_2 DEBUG    _get_service_response(REQUEST|fastran_FPP_000001@fastran_driver@2|FRAMEWORK@Framework@0|148), response = ServiceResponseMessage(sender_id=FRAMEWORK@Framework@0, receiver_id=fastran_FPP_000001@fastran_driver@2, request_msg_id=REQUEST|fastran_FPP_000001@fastran_driver@2|FRAMEWORK@Framework@0|148,status=0, args=(None,), message_id=RESPONSE|FRAMEWORK@Framework@0|fastran_FPP_000001@fastran_driver@2|13396)
2025-08-19 11:50:01,827 fastran_driver_fastran_driver_2 DEBUG    _invoke_service(): init_call  ('step', 3)
2025-08-19 11:50:01,827 fastran_driver_fastran_driver_2 DEBUG    _get_service_response(REQUEST|fastran_FPP_000001@fastran_driver@2|FRAMEWORK@Framework@0|149)
2025-08-19 11:50:01,828 rf_ic_toric_5   DEBUG    Received Message 
2025-08-19 11:50:01,828 rf_ic_toric_5   DEBUG    Calling method step(3)
2025-08-19 11:50:01,828 rf_ic_toric_5   DEBUG    _invoke_service(): stage_state  (['s000001.00001', 'g000001.00001'], '/pscratch/sd/h/hswils/github_repos/MANTA_DBSCANS/basecase/SCAN/work/plasma_state', '/pscratch/sd/h/hswils/github_repos/MANTA_DBSCANS/basecase/SCAN/work/rf_ic_toric_5')
2025-08-19 11:50:01,829 rf_ic_toric_5   DEBUG    _get_service_response(REQUEST|fastran_FPP_000001@toric@5|FRAMEWORK@Framework@0|61)
2025-08-19 11:50:01,838 fastran_driver_fastran_driver_2 DEBUG    _get_service_response(REQUEST|fastran_FPP_000001@fastran_driver@2|FRAMEWORK@Framework@0|149), response = ServiceResponseMessage(sender_id=FRAMEWORK@Framework@0, receiver_id=fastran_FPP_000001@fastran_driver@2, request_msg_id=REQUEST|fastran_FPP_000001@fastran_driver@2|FRAMEWORK@Framework@0|149,status=0, args=(27,), message_id=RESPONSE|FRAMEWORK@Framework@0|fastran_FPP_000001@fastran_driver@2|13397)
2025-08-19 11:50:01,838 fastran_driver_fastran_driver_2 DEBUG    _invoke_service(): wait_call  (27, True)
2025-08-19 11:50:01,838 fastran_driver_fastran_driver_2 DEBUG    _get_service_response(REQUEST|fastran_FPP_000001@fastran_driver@2|FRAMEWORK@Framework@0|150)
2025-08-19 11:50:01,848 rf_ic_toric_5   DEBUG    _get_service_response(REQUEST|fastran_FPP_000001@toric@5|FRAMEWORK@Framework@0|61), response = ServiceResponseMessage(sender_id=FRAMEWORK@Framework@0, receiver_id=fastran_FPP_000001@toric@5, request_msg_id=REQUEST|fastran_FPP_000001@toric@5|FRAMEWORK@Framework@0|61,status=0, args=(0,), message_id=RESPONSE|FRAMEWORK@Framework@0|fastran_FPP_000001@toric@5|13398)
2025-08-19 11:50:01,848 rf_ic_toric_5   DEBUG    _invoke_service(): getTopic  ('_IPS_MONITOR',)
2025-08-19 11:50:01,849 rf_ic_toric_5   DEBUG    _get_service_response(REQUEST|fastran_FPP_000001@toric@5|FRAMEWORK@Framework@0|62)
2025-08-19 11:50:01,859 rf_ic_toric_5   DEBUG    _get_service_response(REQUEST|fastran_FPP_000001@toric@5|FRAMEWORK@Framework@0|62), response = ServiceResponseMessage(sender_id=FRAMEWORK@Framework@0, receiver_id=fastran_FPP_000001@toric@5, request_msg_id=REQUEST|fastran_FPP_000001@toric@5|FRAMEWORK@Framework@0|62,status=0, args=(<ipsframework.cca_es_spec.Topic object at 0x7f3a449b23d0>,), message_id=RESPONSE|FRAMEWORK@Framework@0|fastran_FPP_000001@toric@5|13399)
2025-08-19 11:50:01,859 rf_ic_toric_5   DEBUG    _invoke_service(): sendEvent  ('_IPS_MONITOR', 'PORTAL_EVENT', {'sim_name': 'fastran_FPP_000001', 'real_sim_name': 'fastran_FPP_000001', 'portal_data': {'code': 'rf_ic_toric', 'eventtype': 'IPS_STAGE_STATE', 'ok': True, 'walltime': '6689.73', 'time': '2025-08-19|11:50:01PDT', 'trace': {'timestamp': 1755629401828841, 'duration': 20007, 'localEndpoint': {'serviceName': 'stage_state'}, 'name': "['s000001.00001', 'g000001.00001']", 'id': '32793a28c0f8ba4b', 'parentId': 'c7b5a741c717552a', 'tags': {}}, 'state': 'Running', 'comment': 'Elapsed time = 0.020  files = s000001.00001 g000001.00001 Success'}})
2025-08-19 11:50:01,860 rf_ic_toric_5   DEBUG    _get_service_response(REQUEST|fastran_FPP_000001@toric@5|FRAMEWORK@Framework@0|63)
2025-08-19 11:50:01,870 rf_ic_toric_5   DEBUG    _get_service_response(REQUEST|fastran_FPP_000001@toric@5|FRAMEWORK@Framework@0|63), response = ServiceResponseMessage(sender_id=FRAMEWORK@Framework@0, receiver_id=fastran_FPP_000001@toric@5, request_msg_id=REQUEST|fastran_FPP_000001@toric@5|FRAMEWORK@Framework@0|63,status=0, args=(None,), message_id=RESPONSE|FRAMEWORK@Framework@0|fastran_FPP_000001@toric@5|13400)
2025-08-19 11:50:01,883 rf_ic_toric_5   DEBUG    _invoke_service(): getTopic  ('_IPS_MONITOR',)
2025-08-19 11:50:01,883 rf_ic_toric_5   DEBUG    _get_service_response(REQUEST|fastran_FPP_000001@toric@5|FRAMEWORK@Framework@0|64)
2025-08-19 11:50:01,894 rf_ic_toric_5   DEBUG    _get_service_response(REQUEST|fastran_FPP_000001@toric@5|FRAMEWORK@Framework@0|64), response = ServiceResponseMessage(sender_id=FRAMEWORK@Framework@0, receiver_id=fastran_FPP_000001@toric@5, request_msg_id=REQUEST|fastran_FPP_000001@toric@5|FRAMEWORK@Framework@0|64,status=0, args=(<ipsframework.cca_es_spec.Topic object at 0x7f3a449b24c0>,), message_id=RESPONSE|FRAMEWORK@Framework@0|fastran_FPP_000001@toric@5|13401)
2025-08-19 11:50:01,894 rf_ic_toric_5   DEBUG    _invoke_service(): sendEvent  ('_IPS_MONITOR', 'PORTAL_EVENT', {'sim_name': 'fastran_FPP_000001', 'real_sim_name': 'fastran_FPP_000001', 'portal_data': {'code': 'rf_ic_toric', 'eventtype': 'IPS_STAGE_INPUTS', 'ok': True, 'walltime': '6689.76', 'time': '2025-08-19|11:50:01PDT', 'trace': {'timestamp': 1755629401870907, 'duration': 12742, 'localEndpoint': {'serviceName': 'stage_input_files'}, 'name': 'machine.inp equigs_gen.ind torica.inp', 'id': 'b108389cfa22cdf4', 'parentId': 'c7b5a741c717552a', 'tags': {}}, 'state': 'Running', 'comment': 'Elapsed time = 0.013 Path = /pscratch/sd/h/hswils/github_repos/MANTA_DBSCANS/basecase/input Files = machine.inp equigs_gen.ind torica.inp'}})
2025-08-19 11:50:01,894 rf_ic_toric_5   DEBUG    _get_service_response(REQUEST|fastran_FPP_000001@toric@5|FRAMEWORK@Framework@0|65)
2025-08-19 11:50:01,905 rf_ic_toric_5   DEBUG    _get_service_response(REQUEST|fastran_FPP_000001@toric@5|FRAMEWORK@Framework@0|65), response = ServiceResponseMessage(sender_id=FRAMEWORK@Framework@0, receiver_id=fastran_FPP_000001@toric@5, request_msg_id=REQUEST|fastran_FPP_000001@toric@5|FRAMEWORK@Framework@0|65,status=0, args=(None,), message_id=RESPONSE|FRAMEWORK@Framework@0|fastran_FPP_000001@toric@5|13402)
2025-08-19 11:50:02,159 rf_ic_toric_5   DEBUG    _invoke_service(): init_task  (TaskInit(nproc=24, binary='/global/common/software/atom/perlmutter/binaries/toric/default/Ptoric.e', working_dir='/pscratch/sd/h/hswils/github_repos/MANTA_DBSCANS/basecase/SCAN/work/rf_ic_toric_5', tppn=0, tcpp=0, tgpp=0, block=True, omp=False, wnodes=True, wsocks=True, cmd_args=()),)
2025-08-19 11:50:02,159 rf_ic_toric_5   DEBUG    _get_service_response(REQUEST|fastran_FPP_000001@toric@5|FRAMEWORK@Framework@0|66)
2025-08-19 11:50:02,171 rf_ic_toric_5   DEBUG    _get_service_response(REQUEST|fastran_FPP_000001@toric@5|FRAMEWORK@Framework@0|66), response = ServiceResponseMessage(sender_id=FRAMEWORK@Framework@0, receiver_id=fastran_FPP_000001@toric@5, request_msg_id=REQUEST|fastran_FPP_000001@toric@5|FRAMEWORK@Framework@0|66,status=0, args=((8, 'srun -N 1 -n 24 -c 5 --threads-per-core=1 --cpu-bind=cores /global/common/software/atom/perlmutter/binaries/toric/default/Ptoric.e ', None, 128),), message_id=RESPONSE|FRAMEWORK@Framework@0|fastran_FPP_000001@toric@5|13404)
2025-08-19 11:50:02,173 rf_ic_toric_5   DEBUG    Launching command : srun -N 1 -n 24 -c 5 --threads-per-core=1 --cpu-bind=cores /global/common/software/atom/perlmutter/binaries/toric/default/Ptoric.e 
2025-08-19 11:50:02,187 rf_ic_toric_5   DEBUG    _invoke_service(): getTopic  ('_IPS_MONITOR',)
2025-08-19 11:50:02,187 rf_ic_toric_5   DEBUG    _get_service_response(REQUEST|fastran_FPP_000001@toric@5|FRAMEWORK@Framework@0|67)
2025-08-19 11:50:02,198 rf_ic_toric_5   DEBUG    _get_service_response(REQUEST|fastran_FPP_000001@toric@5|FRAMEWORK@Framework@0|67), response = ServiceResponseMessage(sender_id=FRAMEWORK@Framework@0, receiver_id=fastran_FPP_000001@toric@5, request_msg_id=REQUEST|fastran_FPP_000001@toric@5|FRAMEWORK@Framework@0|67,status=0, args=(<ipsframework.cca_es_spec.Topic object at 0x7f3a44953430>,), message_id=RESPONSE|FRAMEWORK@Framework@0|fastran_FPP_000001@toric@5|13405)
2025-08-19 11:50:02,198 rf_ic_toric_5   DEBUG    _invoke_service(): sendEvent  ('_IPS_MONITOR', 'PORTAL_EVENT', {'sim_name': 'fastran_FPP_000001', 'real_sim_name': 'fastran_FPP_000001', 'portal_data': {'code': 'rf_ic_toric', 'eventtype': 'IPS_LAUNCH_TASK', 'ok': True, 'walltime': '6690.07', 'time': '2025-08-19|11:50:02PDT', 'state': 'Running', 'comment': 'task_id = 8 , Tag = None , nproc = 24 , Target = srun -N 1 -n 24 -c 5 --threads-per-core=1 --cpu-bind=cores /global/common/software/atom/perlmutter/binaries/toric/default/Ptoric.e '}})
2025-08-19 11:50:02,198 rf_ic_toric_5   DEBUG    _get_service_response(REQUEST|fastran_FPP_000001@toric@5|FRAMEWORK@Framework@0|68)
2025-08-19 11:50:02,209 rf_ic_toric_5   DEBUG    _get_service_response(REQUEST|fastran_FPP_000001@toric@5|FRAMEWORK@Framework@0|68), response = ServiceResponseMessage(sender_id=FRAMEWORK@Framework@0, receiver_id=fastran_FPP_000001@toric@5, request_msg_id=REQUEST|fastran_FPP_000001@toric@5|FRAMEWORK@Framework@0|68,status=0, args=(None,), message_id=RESPONSE|FRAMEWORK@Framework@0|fastran_FPP_000001@toric@5|13406)
2025-08-19 11:54:58,073 rf_ic_toric_5   DEBUG    _invoke_service(): getTopic  ('_IPS_MONITOR',)
2025-08-19 11:54:58,073 rf_ic_toric_5   DEBUG    _get_service_response(REQUEST|fastran_FPP_000001@toric@5|FRAMEWORK@Framework@0|69)
2025-08-19 11:54:58,084 rf_ic_toric_5   DEBUG    _get_service_response(REQUEST|fastran_FPP_000001@toric@5|FRAMEWORK@Framework@0|69), response = ServiceResponseMessage(sender_id=FRAMEWORK@Framework@0, receiver_id=fastran_FPP_000001@toric@5, request_msg_id=REQUEST|fastran_FPP_000001@toric@5|FRAMEWORK@Framework@0|69,status=0, args=(<ipsframework.cca_es_spec.Topic object at 0x7f3a449534c0>,), message_id=RESPONSE|FRAMEWORK@Framework@0|fastran_FPP_000001@toric@5|13986)
2025-08-19 11:54:58,084 rf_ic_toric_5   DEBUG    _invoke_service(): sendEvent  ('_IPS_MONITOR', 'PORTAL_EVENT', {'sim_name': 'fastran_FPP_000001', 'real_sim_name': 'fastran_FPP_000001', 'portal_data': {'code': 'rf_ic_toric', 'eventtype': 'IPS_TASK_END', 'ok': True, 'walltime': '6985.95', 'time': '2025-08-19|11:54:58PDT', 'trace': {'timestamp': 1755629402186830, 'duration': 295886349, 'localEndpoint': {'serviceName': '/global/common/software/atom/perlmutter/binaries/toric/default/Ptoric.e'}, 'name': '', 'id': 'aaa300c1af89ab13', 'parentId': 'c7b5a741c717552a', 'tags': {'procs_requested': '24', 'cores_allocated': '128'}}, 'state': 'Running', 'comment': 'task_id = 8  elapsed time = 295.89 S'}})
2025-08-19 11:54:58,084 rf_ic_toric_5   DEBUG    _get_service_response(REQUEST|fastran_FPP_000001@toric@5|FRAMEWORK@Framework@0|70)
2025-08-19 11:54:58,094 rf_ic_toric_5   DEBUG    _get_service_response(REQUEST|fastran_FPP_000001@toric@5|FRAMEWORK@Framework@0|70), response = ServiceResponseMessage(sender_id=FRAMEWORK@Framework@0, receiver_id=fastran_FPP_000001@toric@5, request_msg_id=REQUEST|fastran_FPP_000001@toric@5|FRAMEWORK@Framework@0|70,status=0, args=(None,), message_id=RESPONSE|FRAMEWORK@Framework@0|fastran_FPP_000001@toric@5|13987)
2025-08-19 11:54:58,095 rf_ic_toric_5   DEBUG    _invoke_service(): finish_task  (8, 0)
2025-08-19 11:54:58,095 rf_ic_toric_5   DEBUG    _get_service_response(REQUEST|fastran_FPP_000001@toric@5|FRAMEWORK@Framework@0|71)
2025-08-19 11:54:58,106 rf_ic_toric_5   DEBUG    _get_service_response(REQUEST|fastran_FPP_000001@toric@5|FRAMEWORK@Framework@0|71), response = ServiceResponseMessage(sender_id=FRAMEWORK@Framework@0, receiver_id=fastran_FPP_000001@toric@5, request_msg_id=REQUEST|fastran_FPP_000001@toric@5|FRAMEWORK@Framework@0|71,status=0, args=(0,), message_id=RESPONSE|FRAMEWORK@Framework@0|fastran_FPP_000001@toric@5|13988)
2025-08-19 11:54:58,279 rf_ic_toric_5   DEBUG    _invoke_service(): merge_current_plasma_state  ('/pscratch/sd/h/hswils/github_repos/MANTA_DBSCANS/basecase/SCAN/work/rf_ic_toric_5/RF_IC_s000001.00001', '/pscratch/sd/h/hswils/github_repos/MANTA_DBSCANS/basecase/SCAN/work/plasma_state/s000001.00001', 'log.update_state', '/global/common/software/atom/perlmutter/binaries/update-state/default/update_state')
2025-08-19 11:54:58,280 rf_ic_toric_5   DEBUG    _get_service_response(REQUEST|fastran_FPP_000001@toric@5|FRAMEWORK@Framework@0|72)
2025-08-19 11:54:58,430 rf_ic_toric_5   DEBUG    _get_service_response(REQUEST|fastran_FPP_000001@toric@5|FRAMEWORK@Framework@0|72), response = ServiceResponseMessage(sender_id=FRAMEWORK@Framework@0, receiver_id=fastran_FPP_000001@toric@5, request_msg_id=REQUEST|fastran_FPP_000001@toric@5|FRAMEWORK@Framework@0|72,status=0, args=(0,), message_id=RESPONSE|FRAMEWORK@Framework@0|fastran_FPP_000001@toric@5|13989)
2025-08-19 11:54:58,430 rf_ic_toric_5   DEBUG    _invoke_service(): getTopic  ('_IPS_MONITOR',)
2025-08-19 11:54:58,430 rf_ic_toric_5   DEBUG    _get_service_response(REQUEST|fastran_FPP_000001@toric@5|FRAMEWORK@Framework@0|73)
2025-08-19 11:54:58,441 rf_ic_toric_5   DEBUG    _get_service_response(REQUEST|fastran_FPP_000001@toric@5|FRAMEWORK@Framework@0|73), response = ServiceResponseMessage(sender_id=FRAMEWORK@Framework@0, receiver_id=fastran_FPP_000001@toric@5, request_msg_id=REQUEST|fastran_FPP_000001@toric@5|FRAMEWORK@Framework@0|73,status=0, args=(<ipsframework.cca_es_spec.Topic object at 0x7f3a449532e0>,), message_id=RESPONSE|FRAMEWORK@Framework@0|fastran_FPP_000001@toric@5|13990)
2025-08-19 11:54:58,441 rf_ic_toric_5   DEBUG    _invoke_service(): sendEvent  ('_IPS_MONITOR', 'PORTAL_EVENT', {'sim_name': 'fastran_FPP_000001', 'real_sim_name': 'fastran_FPP_000001', 'portal_data': {'code': 'rf_ic_toric', 'eventtype': 'IPS_MERGE_PLASMA_STATE', 'ok': True, 'walltime': '6986.31', 'time': '2025-08-19|11:54:58PDT', 'state': 'Running', 'comment': 'Success'}})
2025-08-19 11:54:58,441 rf_ic_toric_5   DEBUG    _get_service_response(REQUEST|fastran_FPP_000001@toric@5|FRAMEWORK@Framework@0|74)
2025-08-19 11:54:58,452 rf_ic_toric_5   DEBUG    _get_service_response(REQUEST|fastran_FPP_000001@toric@5|FRAMEWORK@Framework@0|74), response = ServiceResponseMessage(sender_id=FRAMEWORK@Framework@0, receiver_id=fastran_FPP_000001@toric@5, request_msg_id=REQUEST|fastran_FPP_000001@toric@5|FRAMEWORK@Framework@0|74,status=0, args=(None,), message_id=RESPONSE|FRAMEWORK@Framework@0|fastran_FPP_000001@toric@5|13991)
2025-08-19 11:54:58,549 rf_ic_toric_5   DEBUG    _invoke_service(): getTopic  ('_IPS_MONITOR',)
2025-08-19 11:54:58,549 rf_ic_toric_5   DEBUG    _get_service_response(REQUEST|fastran_FPP_000001@toric@5|FRAMEWORK@Framework@0|75)
2025-08-19 11:54:58,559 rf_ic_toric_5   DEBUG    _get_service_response(REQUEST|fastran_FPP_000001@toric@5|FRAMEWORK@Framework@0|75), response = ServiceResponseMessage(sender_id=FRAMEWORK@Framework@0, receiver_id=fastran_FPP_000001@toric@5, request_msg_id=REQUEST|fastran_FPP_000001@toric@5|FRAMEWORK@Framework@0|75,status=0, args=(<ipsframework.cca_es_spec.Topic object at 0x7f3a44953340>,), message_id=RESPONSE|FRAMEWORK@Framework@0|fastran_FPP_000001@toric@5|13993)
2025-08-19 11:54:58,559 rf_ic_toric_5   DEBUG    _invoke_service(): sendEvent  ('_IPS_MONITOR', 'PORTAL_EVENT', {'sim_name': 'fastran_FPP_000001', 'real_sim_name': 'fastran_FPP_000001', 'portal_data': {'code': 'rf_ic_toric', 'eventtype': 'IPS_STAGE_OUTPUTS', 'ok': True, 'walltime': '6986.43', 'time': '2025-08-19|11:54:58PDT', 'trace': {'timestamp': 1755629698452758, 'duration': 96176, 'localEndpoint': {'serviceName': 'stage_output_files'}, 'name': "['torica.inp', 'machine.inp', 'log.toric', 'toric.nc', 'profstat.dat', 'equigs.data', 'equidt.data', 'toric_cfg.nc']", 'id': '749f5c33ef51fb56', 'parentId': 'c7b5a741c717552a', 'tags': {}}, 'state': 'Running', 'comment': "Elapsed time = 0.096 Path = /pscratch/sd/h/hswils/github_repos/MANTA_DBSCANS/basecase/SCAN/simulation_results/3/components/rf_ic_toric_5 Files = ['torica.inp', 'machine.inp', 'log.toric', 'toric.nc', 'profstat.dat', 'equigs.data', 'equidt.data', 'toric_cfg.nc']"}})
2025-08-19 11:54:58,559 rf_ic_toric_5   DEBUG    _get_service_response(REQUEST|fastran_FPP_000001@toric@5|FRAMEWORK@Framework@0|76)
2025-08-19 11:54:58,570 rf_ic_toric_5   DEBUG    _get_service_response(REQUEST|fastran_FPP_000001@toric@5|FRAMEWORK@Framework@0|76), response = ServiceResponseMessage(sender_id=FRAMEWORK@Framework@0, receiver_id=fastran_FPP_000001@toric@5, request_msg_id=REQUEST|fastran_FPP_000001@toric@5|FRAMEWORK@Framework@0|76,status=0, args=(None,), message_id=RESPONSE|FRAMEWORK@Framework@0|fastran_FPP_000001@toric@5|13994)
2025-08-19 11:54:58,582 fastran_driver_fastran_driver_2 DEBUG    _get_service_response(REQUEST|fastran_FPP_000001@fastran_driver@2|FRAMEWORK@Framework@0|150), response = ServiceResponseMessage(sender_id=FRAMEWORK@Framework@0, receiver_id=fastran_FPP_000001@fastran_driver@2, request_msg_id=REQUEST|fastran_FPP_000001@fastran_driver@2|FRAMEWORK@Framework@0|150,status=0, args=((0,),), message_id=RESPONSE|FRAMEWORK@Framework@0|fastran_FPP_000001@fastran_driver@2|13995)
2025-08-19 11:54:58,582 fastran_driver_fastran_driver_2 DEBUG    _invoke_service(): getTopic  ('_IPS_MONITOR',)
2025-08-19 11:54:58,583 fastran_driver_fastran_driver_2 DEBUG    _get_service_response(REQUEST|fastran_FPP_000001@fastran_driver@2|FRAMEWORK@Framework@0|151)
2025-08-19 11:54:58,594 fastran_driver_fastran_driver_2 DEBUG    _get_service_response(REQUEST|fastran_FPP_000001@fastran_driver@2|FRAMEWORK@Framework@0|151), response = ServiceResponseMessage(sender_id=FRAMEWORK@Framework@0, receiver_id=fastran_FPP_000001@fastran_driver@2, request_msg_id=REQUEST|fastran_FPP_000001@fastran_driver@2|FRAMEWORK@Framework@0|151,status=0, args=(<ipsframework.cca_es_spec.Topic object at 0x7f3a44a208e0>,), message_id=RESPONSE|FRAMEWORK@Framework@0|fastran_FPP_000001@fastran_driver@2|13996)
2025-08-19 11:54:58,594 fastran_driver_fastran_driver_2 DEBUG    _invoke_service(): sendEvent  ('_IPS_MONITOR', 'PORTAL_EVENT', {'sim_name': 'fastran_FPP_000001', 'real_sim_name': 'fastran_FPP_000001', 'portal_data': {'code': 'fastran_driver_fastran_driver', 'eventtype': 'IPS_CALL_END', 'ok': True, 'walltime': '6986.46', 'time': '2025-08-19|11:54:58PDT', 'trace': {'timestamp': 1755629401838745, 'duration': 296743791, 'localEndpoint': {'serviceName': 'fastran_FPP_000001@toric@5'}, 'name': 'step(3)', 'id': 'c7b5a741c717552a', 'parentId': 'f899e3e5886669ce', 'tags': {}}, 'state': 'Running', 'comment': 'Target = fastran_FPP_000001@toric@5:step(3)'}})
2025-08-19 11:54:58,594 fastran_driver_fastran_driver_2 DEBUG    _get_service_response(REQUEST|fastran_FPP_000001@fastran_driver@2|FRAMEWORK@Framework@0|152)
2025-08-19 11:54:58,605 fastran_driver_fastran_driver_2 DEBUG    _get_service_response(REQUEST|fastran_FPP_000001@fastran_driver@2|FRAMEWORK@Framework@0|152), response = ServiceResponseMessage(sender_id=FRAMEWORK@Framework@0, receiver_id=fastran_FPP_000001@fastran_driver@2, request_msg_id=REQUEST|fastran_FPP_000001@fastran_driver@2|FRAMEWORK@Framework@0|152,status=0, args=(None,), message_id=RESPONSE|FRAMEWORK@Framework@0|fastran_FPP_000001@fastran_driver@2|13997)
2025-08-19 11:54:58,605 fastran_driver_fastran_driver_2 DEBUG    _invoke_service(): getTopic  ('_IPS_MONITOR',)
2025-08-19 11:54:58,606 fastran_driver_fastran_driver_2 DEBUG    _get_service_response(REQUEST|fastran_FPP_000001@fastran_driver@2|FRAMEWORK@Framework@0|153)
2025-08-19 11:54:58,616 fastran_driver_fastran_driver_2 DEBUG    _get_service_response(REQUEST|fastran_FPP_000001@fastran_driver@2|FRAMEWORK@Framework@0|153), response = ServiceResponseMessage(sender_id=FRAMEWORK@Framework@0, receiver_id=fastran_FPP_000001@fastran_driver@2, request_msg_id=REQUEST|fastran_FPP_000001@fastran_driver@2|FRAMEWORK@Framework@0|153,status=0, args=(<ipsframework.cca_es_spec.Topic object at 0x7f3a44a206d0>,), message_id=RESPONSE|FRAMEWORK@Framework@0|fastran_FPP_000001@fastran_driver@2|13998)
2025-08-19 11:54:58,616 fastran_driver_fastran_driver_2 DEBUG    _invoke_service(): sendEvent  ('_IPS_MONITOR', 'PORTAL_EVENT', {'sim_name': 'fastran_FPP_000001', 'real_sim_name': 'fastran_FPP_000001', 'portal_data': {'code': 'fastran_driver_fastran_driver', 'eventtype': 'IPS_CALL_BEGIN', 'ok': True, 'walltime': '6986.48', 'time': '2025-08-19|11:54:58PDT', 'state': 'Running', 'comment': 'Target = fastran_FPP_000001@efit@6:step(3)'}})
2025-08-19 11:54:58,616 fastran_driver_fastran_driver_2 DEBUG    _get_service_response(REQUEST|fastran_FPP_000001@fastran_driver@2|FRAMEWORK@Framework@0|154)
2025-08-19 11:54:58,627 fastran_driver_fastran_driver_2 DEBUG    _get_service_response(REQUEST|fastran_FPP_000001@fastran_driver@2|FRAMEWORK@Framework@0|154), response = ServiceResponseMessage(sender_id=FRAMEWORK@Framework@0, receiver_id=fastran_FPP_000001@fastran_driver@2, request_msg_id=REQUEST|fastran_FPP_000001@fastran_driver@2|FRAMEWORK@Framework@0|154,status=0, args=(None,), message_id=RESPONSE|FRAMEWORK@Framework@0|fastran_FPP_000001@fastran_driver@2|13999)
2025-08-19 11:54:58,627 fastran_driver_fastran_driver_2 DEBUG    _invoke_service(): init_call  ('step', 3)
2025-08-19 11:54:58,627 fastran_driver_fastran_driver_2 DEBUG    _get_service_response(REQUEST|fastran_FPP_000001@fastran_driver@2|FRAMEWORK@Framework@0|155)
2025-08-19 11:54:58,628 fastran_eq_efit_6 DEBUG    Received Message 
2025-08-19 11:54:58,628 fastran_eq_efit_6 DEBUG    Calling method step(3)
2025-08-19 11:54:58,629 fastran_eq_efit_6 DEBUG    _invoke_service(): stage_state  (['s000001.00001', 'g000001.00001', 'i000001.00001'], '/pscratch/sd/h/hswils/github_repos/MANTA_DBSCANS/basecase/SCAN/work/plasma_state', '/pscratch/sd/h/hswils/github_repos/MANTA_DBSCANS/basecase/SCAN/work/fastran_eq_efit_6')
2025-08-19 11:54:58,629 fastran_eq_efit_6 DEBUG    _get_service_response(REQUEST|fastran_FPP_000001@efit@6|FRAMEWORK@Framework@0|24)
2025-08-19 11:54:58,638 fastran_driver_fastran_driver_2 DEBUG    _get_service_response(REQUEST|fastran_FPP_000001@fastran_driver@2|FRAMEWORK@Framework@0|155), response = ServiceResponseMessage(sender_id=FRAMEWORK@Framework@0, receiver_id=fastran_FPP_000001@fastran_driver@2, request_msg_id=REQUEST|fastran_FPP_000001@fastran_driver@2|FRAMEWORK@Framework@0|155,status=0, args=(28,), message_id=RESPONSE|FRAMEWORK@Framework@0|fastran_FPP_000001@fastran_driver@2|14000)
2025-08-19 11:54:58,639 fastran_driver_fastran_driver_2 DEBUG    _invoke_service(): wait_call  (28, True)
2025-08-19 11:54:58,639 fastran_driver_fastran_driver_2 DEBUG    _get_service_response(REQUEST|fastran_FPP_000001@fastran_driver@2|FRAMEWORK@Framework@0|156)
2025-08-19 11:54:58,651 fastran_eq_efit_6 DEBUG    _get_service_response(REQUEST|fastran_FPP_000001@efit@6|FRAMEWORK@Framework@0|24), response = ServiceResponseMessage(sender_id=FRAMEWORK@Framework@0, receiver_id=fastran_FPP_000001@efit@6, request_msg_id=REQUEST|fastran_FPP_000001@efit@6|FRAMEWORK@Framework@0|24,status=0, args=(0,), message_id=RESPONSE|FRAMEWORK@Framework@0|fastran_FPP_000001@efit@6|14001)
2025-08-19 11:54:58,651 fastran_eq_efit_6 DEBUG    _invoke_service(): getTopic  ('_IPS_MONITOR',)
2025-08-19 11:54:58,651 fastran_eq_efit_6 DEBUG    _get_service_response(REQUEST|fastran_FPP_000001@efit@6|FRAMEWORK@Framework@0|25)
2025-08-19 11:54:58,662 fastran_eq_efit_6 DEBUG    _get_service_response(REQUEST|fastran_FPP_000001@efit@6|FRAMEWORK@Framework@0|25), response = ServiceResponseMessage(sender_id=FRAMEWORK@Framework@0, receiver_id=fastran_FPP_000001@efit@6, request_msg_id=REQUEST|fastran_FPP_000001@efit@6|FRAMEWORK@Framework@0|25,status=0, args=(<ipsframework.cca_es_spec.Topic object at 0x7f3a449babe0>,), message_id=RESPONSE|FRAMEWORK@Framework@0|fastran_FPP_000001@efit@6|14002)
2025-08-19 11:54:58,662 fastran_eq_efit_6 DEBUG    _invoke_service(): sendEvent  ('_IPS_MONITOR', 'PORTAL_EVENT', {'sim_name': 'fastran_FPP_000001', 'real_sim_name': 'fastran_FPP_000001', 'portal_data': {'code': 'fastran_eq_efit', 'eventtype': 'IPS_STAGE_STATE', 'ok': True, 'walltime': '6986.53', 'time': '2025-08-19|11:54:58PDT', 'trace': {'timestamp': 1755629698629301, 'duration': 22078, 'localEndpoint': {'serviceName': 'stage_state'}, 'name': "['s000001.00001', 'g000001.00001', 'i000001.00001']", 'id': '71885aecf25d7412', 'parentId': '810094d30974723f', 'tags': {}}, 'state': 'Running', 'comment': 'Elapsed time = 0.022  files = s000001.00001 g000001.00001 i000001.00001 Success'}})
2025-08-19 11:54:58,662 fastran_eq_efit_6 DEBUG    _get_service_response(REQUEST|fastran_FPP_000001@efit@6|FRAMEWORK@Framework@0|26)
2025-08-19 11:54:58,673 fastran_eq_efit_6 DEBUG    _get_service_response(REQUEST|fastran_FPP_000001@efit@6|FRAMEWORK@Framework@0|26), response = ServiceResponseMessage(sender_id=FRAMEWORK@Framework@0, receiver_id=fastran_FPP_000001@efit@6, request_msg_id=REQUEST|fastran_FPP_000001@efit@6|FRAMEWORK@Framework@0|26,status=0, args=(None,), message_id=RESPONSE|FRAMEWORK@Framework@0|fastran_FPP_000001@efit@6|14003)
2025-08-19 11:55:01,286 fastran_eq_efit_6 DEBUG    _invoke_service(): update_state  (['s000001.00001', 'g000001.00001', 'i000001.00001'], '/pscratch/sd/h/hswils/github_repos/MANTA_DBSCANS/basecase/SCAN/work/fastran_eq_efit_6', '/pscratch/sd/h/hswils/github_repos/MANTA_DBSCANS/basecase/SCAN/work/plasma_state')
2025-08-19 11:55:01,287 fastran_eq_efit_6 DEBUG    _get_service_response(REQUEST|fastran_FPP_000001@efit@6|FRAMEWORK@Framework@0|27)
2025-08-19 11:55:01,308 fastran_eq_efit_6 DEBUG    _get_service_response(REQUEST|fastran_FPP_000001@efit@6|FRAMEWORK@Framework@0|27), response = ServiceResponseMessage(sender_id=FRAMEWORK@Framework@0, receiver_id=fastran_FPP_000001@efit@6, request_msg_id=REQUEST|fastran_FPP_000001@efit@6|FRAMEWORK@Framework@0|27,status=0, args=(0,), message_id=RESPONSE|FRAMEWORK@Framework@0|fastran_FPP_000001@efit@6|14009)
2025-08-19 11:55:01,308 fastran_eq_efit_6 DEBUG    _invoke_service(): getTopic  ('_IPS_MONITOR',)
2025-08-19 11:55:01,308 fastran_eq_efit_6 DEBUG    _get_service_response(REQUEST|fastran_FPP_000001@efit@6|FRAMEWORK@Framework@0|28)
2025-08-19 11:55:01,319 fastran_eq_efit_6 DEBUG    _get_service_response(REQUEST|fastran_FPP_000001@efit@6|FRAMEWORK@Framework@0|28), response = ServiceResponseMessage(sender_id=FRAMEWORK@Framework@0, receiver_id=fastran_FPP_000001@efit@6, request_msg_id=REQUEST|fastran_FPP_000001@efit@6|FRAMEWORK@Framework@0|28,status=0, args=(<ipsframework.cca_es_spec.Topic object at 0x7f3a449f5550>,), message_id=RESPONSE|FRAMEWORK@Framework@0|fastran_FPP_000001@efit@6|14010)
2025-08-19 11:55:01,319 fastran_eq_efit_6 DEBUG    _invoke_service(): sendEvent  ('_IPS_MONITOR', 'PORTAL_EVENT', {'sim_name': 'fastran_FPP_000001', 'real_sim_name': 'fastran_FPP_000001', 'portal_data': {'code': 'fastran_eq_efit', 'eventtype': 'IPS_UPDATE_STATE', 'ok': True, 'walltime': '6989.19', 'time': '2025-08-19|11:55:01PDT', 'trace': {'timestamp': 1755629701286658, 'duration': 21514, 'localEndpoint': {'serviceName': 'update_state'}, 'name': "['s000001.00001', 'g000001.00001', 'i000001.00001']", 'id': '7629e189a66153c0', 'parentId': '810094d30974723f', 'tags': {}}, 'state': 'Running', 'comment': 'Elapsed time = 0.022   files = s000001.00001 g000001.00001 i000001.00001 Success'}})
2025-08-19 11:55:01,319 fastran_eq_efit_6 DEBUG    _get_service_response(REQUEST|fastran_FPP_000001@efit@6|FRAMEWORK@Framework@0|29)
2025-08-19 11:55:01,330 fastran_eq_efit_6 DEBUG    _get_service_response(REQUEST|fastran_FPP_000001@efit@6|FRAMEWORK@Framework@0|29), response = ServiceResponseMessage(sender_id=FRAMEWORK@Framework@0, receiver_id=fastran_FPP_000001@efit@6, request_msg_id=REQUEST|fastran_FPP_000001@efit@6|FRAMEWORK@Framework@0|29,status=0, args=(None,), message_id=RESPONSE|FRAMEWORK@Framework@0|fastran_FPP_000001@efit@6|14011)
2025-08-19 11:55:01,353 fastran_eq_efit_6 DEBUG    _invoke_service(): getTopic  ('_IPS_MONITOR',)
2025-08-19 11:55:01,353 fastran_eq_efit_6 DEBUG    _get_service_response(REQUEST|fastran_FPP_000001@efit@6|FRAMEWORK@Framework@0|30)
2025-08-19 11:55:01,364 fastran_eq_efit_6 DEBUG    _get_service_response(REQUEST|fastran_FPP_000001@efit@6|FRAMEWORK@Framework@0|30), response = ServiceResponseMessage(sender_id=FRAMEWORK@Framework@0, receiver_id=fastran_FPP_000001@efit@6, request_msg_id=REQUEST|fastran_FPP_000001@efit@6|FRAMEWORK@Framework@0|30,status=0, args=(<ipsframework.cca_es_spec.Topic object at 0x7f3a449f53d0>,), message_id=RESPONSE|FRAMEWORK@Framework@0|fastran_FPP_000001@efit@6|14012)
2025-08-19 11:55:01,364 fastran_eq_efit_6 DEBUG    _invoke_service(): sendEvent  ('_IPS_MONITOR', 'PORTAL_EVENT', {'sim_name': 'fastran_FPP_000001', 'real_sim_name': 'fastran_FPP_000001', 'portal_data': {'code': 'fastran_eq_efit', 'eventtype': 'IPS_STAGE_OUTPUTS', 'ok': True, 'walltime': '6989.23', 'time': '2025-08-19|11:55:01PDT', 'trace': {'timestamp': 1755629701330335, 'duration': 23232, 'localEndpoint': {'serviceName': 'stage_output_files'}, 'name': "['g*.*', 'a*.*', 'm*.*', 'k*.*', 'efit.log', 's*.*']", 'id': '80725d8eee5776f1', 'parentId': '810094d30974723f', 'tags': {}}, 'state': 'Running', 'comment': "Elapsed time = 0.023 Path = /pscratch/sd/h/hswils/github_repos/MANTA_DBSCANS/basecase/SCAN/simulation_results/3/components/fastran_eq_efit_6 Files = ['g*.*', 'a*.*', 'm*.*', 'k*.*', 'efit.log', 's*.*']"}})
2025-08-19 11:55:01,364 fastran_eq_efit_6 DEBUG    _get_service_response(REQUEST|fastran_FPP_000001@efit@6|FRAMEWORK@Framework@0|31)
2025-08-19 11:55:01,375 fastran_eq_efit_6 DEBUG    _get_service_response(REQUEST|fastran_FPP_000001@efit@6|FRAMEWORK@Framework@0|31), response = ServiceResponseMessage(sender_id=FRAMEWORK@Framework@0, receiver_id=fastran_FPP_000001@efit@6, request_msg_id=REQUEST|fastran_FPP_000001@efit@6|FRAMEWORK@Framework@0|31,status=0, args=(None,), message_id=RESPONSE|FRAMEWORK@Framework@0|fastran_FPP_000001@efit@6|14013)
2025-08-19 11:55:01,387 fastran_driver_fastran_driver_2 DEBUG    _get_service_response(REQUEST|fastran_FPP_000001@fastran_driver@2|FRAMEWORK@Framework@0|156), response = ServiceResponseMessage(sender_id=FRAMEWORK@Framework@0, receiver_id=fastran_FPP_000001@fastran_driver@2, request_msg_id=REQUEST|fastran_FPP_000001@fastran_driver@2|FRAMEWORK@Framework@0|156,status=0, args=((None,),), message_id=RESPONSE|FRAMEWORK@Framework@0|fastran_FPP_000001@fastran_driver@2|14014)
2025-08-19 11:55:01,387 fastran_driver_fastran_driver_2 DEBUG    _invoke_service(): getTopic  ('_IPS_MONITOR',)
2025-08-19 11:55:01,387 fastran_driver_fastran_driver_2 DEBUG    _get_service_response(REQUEST|fastran_FPP_000001@fastran_driver@2|FRAMEWORK@Framework@0|157)
2025-08-19 11:55:01,398 fastran_driver_fastran_driver_2 DEBUG    _get_service_response(REQUEST|fastran_FPP_000001@fastran_driver@2|FRAMEWORK@Framework@0|157), response = ServiceResponseMessage(sender_id=FRAMEWORK@Framework@0, receiver_id=fastran_FPP_000001@fastran_driver@2, request_msg_id=REQUEST|fastran_FPP_000001@fastran_driver@2|FRAMEWORK@Framework@0|157,status=0, args=(<ipsframework.cca_es_spec.Topic object at 0x7f3a44a208b0>,), message_id=RESPONSE|FRAMEWORK@Framework@0|fastran_FPP_000001@fastran_driver@2|14015)
2025-08-19 11:55:01,398 fastran_driver_fastran_driver_2 DEBUG    _invoke_service(): sendEvent  ('_IPS_MONITOR', 'PORTAL_EVENT', {'sim_name': 'fastran_FPP_000001', 'real_sim_name': 'fastran_FPP_000001', 'portal_data': {'code': 'fastran_driver_fastran_driver', 'eventtype': 'IPS_CALL_END', 'ok': True, 'walltime': '6989.27', 'time': '2025-08-19|11:55:01PDT', 'trace': {'timestamp': 1755629698639036, 'duration': 2748412, 'localEndpoint': {'serviceName': 'fastran_FPP_000001@efit@6'}, 'name': 'step(3)', 'id': '810094d30974723f', 'parentId': 'f899e3e5886669ce', 'tags': {}}, 'state': 'Running', 'comment': 'Target = fastran_FPP_000001@efit@6:step(3)'}})
2025-08-19 11:55:01,398 fastran_driver_fastran_driver_2 DEBUG    _get_service_response(REQUEST|fastran_FPP_000001@fastran_driver@2|FRAMEWORK@Framework@0|158)
2025-08-19 11:55:01,409 fastran_driver_fastran_driver_2 DEBUG    _get_service_response(REQUEST|fastran_FPP_000001@fastran_driver@2|FRAMEWORK@Framework@0|158), response = ServiceResponseMessage(sender_id=FRAMEWORK@Framework@0, receiver_id=fastran_FPP_000001@fastran_driver@2, request_msg_id=REQUEST|fastran_FPP_000001@fastran_driver@2|FRAMEWORK@Framework@0|158,status=0, args=(None,), message_id=RESPONSE|FRAMEWORK@Framework@0|fastran_FPP_000001@fastran_driver@2|14016)
2025-08-19 11:55:01,409 fastran_driver_fastran_driver_2 DEBUG    _invoke_service(): getTopic  ('_IPS_MONITOR',)
2025-08-19 11:55:01,409 fastran_driver_fastran_driver_2 DEBUG    _get_service_response(REQUEST|fastran_FPP_000001@fastran_driver@2|FRAMEWORK@Framework@0|159)
2025-08-19 11:55:01,420 fastran_driver_fastran_driver_2 DEBUG    _get_service_response(REQUEST|fastran_FPP_000001@fastran_driver@2|FRAMEWORK@Framework@0|159), response = ServiceResponseMessage(sender_id=FRAMEWORK@Framework@0, receiver_id=fastran_FPP_000001@fastran_driver@2, request_msg_id=REQUEST|fastran_FPP_000001@fastran_driver@2|FRAMEWORK@Framework@0|159,status=0, args=(<ipsframework.cca_es_spec.Topic object at 0x7f3a44a20a00>,), message_id=RESPONSE|FRAMEWORK@Framework@0|fastran_FPP_000001@fastran_driver@2|14017)
2025-08-19 11:55:01,420 fastran_driver_fastran_driver_2 DEBUG    _invoke_service(): sendEvent  ('_IPS_MONITOR', 'PORTAL_EVENT', {'sim_name': 'fastran_FPP_000001', 'real_sim_name': 'fastran_FPP_000001', 'portal_data': {'code': 'fastran_driver_fastran_driver', 'eventtype': 'IPS_CALL_BEGIN', 'ok': True, 'walltime': '6989.29', 'time': '2025-08-19|11:55:01PDT', 'state': 'Running', 'comment': 'Target = fastran_FPP_000001@fastran@7:step(3)'}})
2025-08-19 11:55:01,420 fastran_driver_fastran_driver_2 DEBUG    _get_service_response(REQUEST|fastran_FPP_000001@fastran_driver@2|FRAMEWORK@Framework@0|160)
2025-08-19 11:55:01,431 fastran_driver_fastran_driver_2 DEBUG    _get_service_response(REQUEST|fastran_FPP_000001@fastran_driver@2|FRAMEWORK@Framework@0|160), response = ServiceResponseMessage(sender_id=FRAMEWORK@Framework@0, receiver_id=fastran_FPP_000001@fastran_driver@2, request_msg_id=REQUEST|fastran_FPP_000001@fastran_driver@2|FRAMEWORK@Framework@0|160,status=0, args=(None,), message_id=RESPONSE|FRAMEWORK@Framework@0|fastran_FPP_000001@fastran_driver@2|14018)
2025-08-19 11:55:01,431 fastran_driver_fastran_driver_2 DEBUG    _invoke_service(): init_call  ('step', 3)
2025-08-19 11:55:01,431 fastran_driver_fastran_driver_2 DEBUG    _get_service_response(REQUEST|fastran_FPP_000001@fastran_driver@2|FRAMEWORK@Framework@0|161)
2025-08-19 11:55:01,432 fastran_tr_fastran_7 DEBUG    Received Message 
2025-08-19 11:55:01,432 fastran_tr_fastran_7 DEBUG    Calling method step(3)
2025-08-19 11:55:01,433 fastran_tr_fastran_7 DEBUG    _invoke_service(): stage_state  (['s000001.00001', 'g000001.00001', 'i000001.00001'], '/pscratch/sd/h/hswils/github_repos/MANTA_DBSCANS/basecase/SCAN/work/plasma_state', '/pscratch/sd/h/hswils/github_repos/MANTA_DBSCANS/basecase/SCAN/work/fastran_tr_fastran_7')
2025-08-19 11:55:01,433 fastran_tr_fastran_7 DEBUG    _get_service_response(REQUEST|fastran_FPP_000001@fastran@7|FRAMEWORK@Framework@0|48)
2025-08-19 11:55:01,442 fastran_driver_fastran_driver_2 DEBUG    _get_service_response(REQUEST|fastran_FPP_000001@fastran_driver@2|FRAMEWORK@Framework@0|161), response = ServiceResponseMessage(sender_id=FRAMEWORK@Framework@0, receiver_id=fastran_FPP_000001@fastran_driver@2, request_msg_id=REQUEST|fastran_FPP_000001@fastran_driver@2|FRAMEWORK@Framework@0|161,status=0, args=(29,), message_id=RESPONSE|FRAMEWORK@Framework@0|fastran_FPP_000001@fastran_driver@2|14019)
2025-08-19 11:55:01,442 fastran_driver_fastran_driver_2 DEBUG    _invoke_service(): wait_call  (29, True)
2025-08-19 11:55:01,442 fastran_driver_fastran_driver_2 DEBUG    _get_service_response(REQUEST|fastran_FPP_000001@fastran_driver@2|FRAMEWORK@Framework@0|162)
2025-08-19 11:55:01,454 fastran_tr_fastran_7 DEBUG    _get_service_response(REQUEST|fastran_FPP_000001@fastran@7|FRAMEWORK@Framework@0|48), response = ServiceResponseMessage(sender_id=FRAMEWORK@Framework@0, receiver_id=fastran_FPP_000001@fastran@7, request_msg_id=REQUEST|fastran_FPP_000001@fastran@7|FRAMEWORK@Framework@0|48,status=0, args=(0,), message_id=RESPONSE|FRAMEWORK@Framework@0|fastran_FPP_000001@fastran@7|14020)
2025-08-19 11:55:01,454 fastran_tr_fastran_7 DEBUG    _invoke_service(): getTopic  ('_IPS_MONITOR',)
2025-08-19 11:55:01,454 fastran_tr_fastran_7 DEBUG    _get_service_response(REQUEST|fastran_FPP_000001@fastran@7|FRAMEWORK@Framework@0|49)
2025-08-19 11:55:01,465 fastran_tr_fastran_7 DEBUG    _get_service_response(REQUEST|fastran_FPP_000001@fastran@7|FRAMEWORK@Framework@0|49), response = ServiceResponseMessage(sender_id=FRAMEWORK@Framework@0, receiver_id=fastran_FPP_000001@fastran@7, request_msg_id=REQUEST|fastran_FPP_000001@fastran@7|FRAMEWORK@Framework@0|49,status=0, args=(<ipsframework.cca_es_spec.Topic object at 0x7f3a449e50d0>,), message_id=RESPONSE|FRAMEWORK@Framework@0|fastran_FPP_000001@fastran@7|14021)
2025-08-19 11:55:01,465 fastran_tr_fastran_7 DEBUG    _invoke_service(): sendEvent  ('_IPS_MONITOR', 'PORTAL_EVENT', {'sim_name': 'fastran_FPP_000001', 'real_sim_name': 'fastran_FPP_000001', 'portal_data': {'code': 'fastran_tr_fastran', 'eventtype': 'IPS_STAGE_STATE', 'ok': True, 'walltime': '6989.33', 'time': '2025-08-19|11:55:01PDT', 'trace': {'timestamp': 1755629701432991, 'duration': 21394, 'localEndpoint': {'serviceName': 'stage_state'}, 'name': "['s000001.00001', 'g000001.00001', 'i000001.00001']", 'id': '71885aecf25d7412', 'parentId': '2f41b606b8bddf61', 'tags': {}}, 'state': 'Running', 'comment': 'Elapsed time = 0.021  files = s000001.00001 g000001.00001 i000001.00001 Success'}})
2025-08-19 11:55:01,465 fastran_tr_fastran_7 DEBUG    _get_service_response(REQUEST|fastran_FPP_000001@fastran@7|FRAMEWORK@Framework@0|50)
2025-08-19 11:55:01,475 fastran_tr_fastran_7 DEBUG    _get_service_response(REQUEST|fastran_FPP_000001@fastran@7|FRAMEWORK@Framework@0|50), response = ServiceResponseMessage(sender_id=FRAMEWORK@Framework@0, receiver_id=fastran_FPP_000001@fastran@7, request_msg_id=REQUEST|fastran_FPP_000001@fastran@7|FRAMEWORK@Framework@0|50,status=0, args=(None,), message_id=RESPONSE|FRAMEWORK@Framework@0|fastran_FPP_000001@fastran@7|14022)
2025-08-19 11:55:01,484 fastran_tr_fastran_7 DEBUG    _invoke_service(): getTopic  ('_IPS_MONITOR',)
2025-08-19 11:55:01,484 fastran_tr_fastran_7 DEBUG    _get_service_response(REQUEST|fastran_FPP_000001@fastran@7|FRAMEWORK@Framework@0|51)
2025-08-19 11:55:01,495 fastran_tr_fastran_7 DEBUG    _get_service_response(REQUEST|fastran_FPP_000001@fastran@7|FRAMEWORK@Framework@0|51), response = ServiceResponseMessage(sender_id=FRAMEWORK@Framework@0, receiver_id=fastran_FPP_000001@fastran@7, request_msg_id=REQUEST|fastran_FPP_000001@fastran@7|FRAMEWORK@Framework@0|51,status=0, args=(<ipsframework.cca_es_spec.Topic object at 0x7f3a449e59d0>,), message_id=RESPONSE|FRAMEWORK@Framework@0|fastran_FPP_000001@fastran@7|14023)
2025-08-19 11:55:01,495 fastran_tr_fastran_7 DEBUG    _invoke_service(): sendEvent  ('_IPS_MONITOR', 'PORTAL_EVENT', {'sim_name': 'fastran_FPP_000001', 'real_sim_name': 'fastran_FPP_000001', 'portal_data': {'code': 'fastran_tr_fastran', 'eventtype': 'IPS_STAGE_INPUTS', 'ok': True, 'walltime': '6989.36', 'time': '2025-08-19|11:55:01PDT', 'trace': {'timestamp': 1755629701476153, 'duration': 8299, 'localEndpoint': {'serviceName': 'stage_input_files'}, 'name': 'infastran intglf', 'id': '5ff6e2efe4653e6c', 'parentId': '2f41b606b8bddf61', 'tags': {}}, 'state': 'Running', 'comment': 'Elapsed time = 0.008 Path = /pscratch/sd/h/hswils/github_repos/MANTA_DBSCANS/basecase/input Files = infastran intglf'}})
2025-08-19 11:55:01,495 fastran_tr_fastran_7 DEBUG    _get_service_response(REQUEST|fastran_FPP_000001@fastran@7|FRAMEWORK@Framework@0|52)
2025-08-19 11:55:01,505 fastran_tr_fastran_7 DEBUG    _get_service_response(REQUEST|fastran_FPP_000001@fastran@7|FRAMEWORK@Framework@0|52), response = ServiceResponseMessage(sender_id=FRAMEWORK@Framework@0, receiver_id=fastran_FPP_000001@fastran@7, request_msg_id=REQUEST|fastran_FPP_000001@fastran@7|FRAMEWORK@Framework@0|52,status=0, args=(None,), message_id=RESPONSE|FRAMEWORK@Framework@0|fastran_FPP_000001@fastran@7|14024)
2025-08-19 11:55:01,726 fastran_tr_fastran_7 DEBUG    _invoke_service(): init_task  (TaskInit(nproc=1, binary='/global/common/software/atom/perlmutter/binaries/fastran/default/xfastran_ver1.06', working_dir='/pscratch/sd/h/hswils/github_repos/MANTA_DBSCANS/basecase/SCAN/work/fastran_tr_fastran_7', tppn=0, tcpp=0, tgpp=0, block=True, omp=False, wnodes=True, wsocks=True, cmd_args=('1', '1')),)
2025-08-19 11:55:01,726 fastran_tr_fastran_7 DEBUG    _get_service_response(REQUEST|fastran_FPP_000001@fastran@7|FRAMEWORK@Framework@0|53)
2025-08-19 11:55:01,737 fastran_tr_fastran_7 DEBUG    _get_service_response(REQUEST|fastran_FPP_000001@fastran@7|FRAMEWORK@Framework@0|53), response = ServiceResponseMessage(sender_id=FRAMEWORK@Framework@0, receiver_id=fastran_FPP_000001@fastran@7, request_msg_id=REQUEST|fastran_FPP_000001@fastran@7|FRAMEWORK@Framework@0|53,status=0, args=((9, 'srun -N 1 -n 1 -c 128 --threads-per-core=1 --cpu-bind=cores /global/common/software/atom/perlmutter/binaries/fastran/default/xfastran_ver1.06 1 1', None, 128),), message_id=RESPONSE|FRAMEWORK@Framework@0|fastran_FPP_000001@fastran@7|14026)
2025-08-19 11:55:01,739 fastran_tr_fastran_7 DEBUG    Launching command : srun -N 1 -n 1 -c 128 --threads-per-core=1 --cpu-bind=cores /global/common/software/atom/perlmutter/binaries/fastran/default/xfastran_ver1.06 1 1
2025-08-19 11:55:01,752 fastran_tr_fastran_7 DEBUG    _invoke_service(): getTopic  ('_IPS_MONITOR',)
2025-08-19 11:55:01,752 fastran_tr_fastran_7 DEBUG    _get_service_response(REQUEST|fastran_FPP_000001@fastran@7|FRAMEWORK@Framework@0|54)
2025-08-19 11:55:01,763 fastran_tr_fastran_7 DEBUG    _get_service_response(REQUEST|fastran_FPP_000001@fastran@7|FRAMEWORK@Framework@0|54), response = ServiceResponseMessage(sender_id=FRAMEWORK@Framework@0, receiver_id=fastran_FPP_000001@fastran@7, request_msg_id=REQUEST|fastran_FPP_000001@fastran@7|FRAMEWORK@Framework@0|54,status=0, args=(<ipsframework.cca_es_spec.Topic object at 0x7f3a449e5d90>,), message_id=RESPONSE|FRAMEWORK@Framework@0|fastran_FPP_000001@fastran@7|14027)
2025-08-19 11:55:01,763 fastran_tr_fastran_7 DEBUG    _invoke_service(): sendEvent  ('_IPS_MONITOR', 'PORTAL_EVENT', {'sim_name': 'fastran_FPP_000001', 'real_sim_name': 'fastran_FPP_000001', 'portal_data': {'code': 'fastran_tr_fastran', 'eventtype': 'IPS_LAUNCH_TASK', 'ok': True, 'walltime': '6989.63', 'time': '2025-08-19|11:55:01PDT', 'state': 'Running', 'comment': 'task_id = 9 , Tag = None , nproc = 1 , Target = srun -N 1 -n 1 -c 128 --threads-per-core=1 --cpu-bind=cores /global/common/software/atom/perlmutter/binaries/fastran/default/xfastran_ver1.06 1 1'}})
2025-08-19 11:55:01,763 fastran_tr_fastran_7 DEBUG    _get_service_response(REQUEST|fastran_FPP_000001@fastran@7|FRAMEWORK@Framework@0|55)
2025-08-19 11:55:01,774 fastran_tr_fastran_7 DEBUG    _get_service_response(REQUEST|fastran_FPP_000001@fastran@7|FRAMEWORK@Framework@0|55), response = ServiceResponseMessage(sender_id=FRAMEWORK@Framework@0, receiver_id=fastran_FPP_000001@fastran@7, request_msg_id=REQUEST|fastran_FPP_000001@fastran@7|FRAMEWORK@Framework@0|55,status=0, args=(None,), message_id=RESPONSE|FRAMEWORK@Framework@0|fastran_FPP_000001@fastran@7|14028)
2025-08-19 12:26:56,433 fastran_tr_fastran_7 DEBUG    _invoke_service(): getTopic  ('_IPS_MONITOR',)
2025-08-19 12:26:56,433 fastran_tr_fastran_7 DEBUG    _get_service_response(REQUEST|fastran_FPP_000001@fastran@7|FRAMEWORK@Framework@0|56)
2025-08-19 12:26:56,444 fastran_tr_fastran_7 DEBUG    _get_service_response(REQUEST|fastran_FPP_000001@fastran@7|FRAMEWORK@Framework@0|56), response = ServiceResponseMessage(sender_id=FRAMEWORK@Framework@0, receiver_id=fastran_FPP_000001@fastran@7, request_msg_id=REQUEST|fastran_FPP_000001@fastran@7|FRAMEWORK@Framework@0|56,status=0, args=(<ipsframework.cca_es_spec.Topic object at 0x7f3a449e5b80>,), message_id=RESPONSE|FRAMEWORK@Framework@0|fastran_FPP_000001@fastran@7|17773)
2025-08-19 12:26:56,444 fastran_tr_fastran_7 DEBUG    _invoke_service(): sendEvent  ('_IPS_MONITOR', 'PORTAL_EVENT', {'sim_name': 'fastran_FPP_000001', 'real_sim_name': 'fastran_FPP_000001', 'portal_data': {'code': 'fastran_tr_fastran', 'eventtype': 'IPS_TASK_END', 'ok': True, 'walltime': '8904.31', 'time': '2025-08-19|12:26:56PDT', 'trace': {'timestamp': 1755629701751767, 'duration': 1914681651, 'localEndpoint': {'serviceName': '/global/common/software/atom/perlmutter/binaries/fastran/default/xfastran_ver1.06'}, 'name': '1 1', 'id': '30e9234bfa041b1b', 'parentId': '2f41b606b8bddf61', 'tags': {'procs_requested': '1', 'cores_allocated': '128'}}, 'state': 'Running', 'comment': 'task_id = 9  elapsed time = 1914.68 S'}})
2025-08-19 12:26:56,444 fastran_tr_fastran_7 DEBUG    _get_service_response(REQUEST|fastran_FPP_000001@fastran@7|FRAMEWORK@Framework@0|57)
2025-08-19 12:26:56,456 fastran_tr_fastran_7 DEBUG    _get_service_response(REQUEST|fastran_FPP_000001@fastran@7|FRAMEWORK@Framework@0|57), response = ServiceResponseMessage(sender_id=FRAMEWORK@Framework@0, receiver_id=fastran_FPP_000001@fastran@7, request_msg_id=REQUEST|fastran_FPP_000001@fastran@7|FRAMEWORK@Framework@0|57,status=0, args=(None,), message_id=RESPONSE|FRAMEWORK@Framework@0|fastran_FPP_000001@fastran@7|17774)
2025-08-19 12:26:56,456 fastran_tr_fastran_7 DEBUG    _invoke_service(): finish_task  (9, 0)
2025-08-19 12:26:56,456 fastran_tr_fastran_7 DEBUG    _get_service_response(REQUEST|fastran_FPP_000001@fastran@7|FRAMEWORK@Framework@0|58)
2025-08-19 12:26:56,467 fastran_tr_fastran_7 DEBUG    _get_service_response(REQUEST|fastran_FPP_000001@fastran@7|FRAMEWORK@Framework@0|58), response = ServiceResponseMessage(sender_id=FRAMEWORK@Framework@0, receiver_id=fastran_FPP_000001@fastran@7, request_msg_id=REQUEST|fastran_FPP_000001@fastran@7|FRAMEWORK@Framework@0|58,status=0, args=(0,), message_id=RESPONSE|FRAMEWORK@Framework@0|fastran_FPP_000001@fastran@7|17775)
2025-08-19 12:26:56,791 fastran_tr_fastran_7 DEBUG    _invoke_service(): update_state  (['s000001.00001', 'g000001.00001', 'i000001.00001'], '/pscratch/sd/h/hswils/github_repos/MANTA_DBSCANS/basecase/SCAN/work/fastran_tr_fastran_7', '/pscratch/sd/h/hswils/github_repos/MANTA_DBSCANS/basecase/SCAN/work/plasma_state')
2025-08-19 12:26:56,792 fastran_tr_fastran_7 DEBUG    _get_service_response(REQUEST|fastran_FPP_000001@fastran@7|FRAMEWORK@Framework@0|59)
2025-08-19 12:26:56,812 fastran_tr_fastran_7 DEBUG    _get_service_response(REQUEST|fastran_FPP_000001@fastran@7|FRAMEWORK@Framework@0|59), response = ServiceResponseMessage(sender_id=FRAMEWORK@Framework@0, receiver_id=fastran_FPP_000001@fastran@7, request_msg_id=REQUEST|fastran_FPP_000001@fastran@7|FRAMEWORK@Framework@0|59,status=0, args=(0,), message_id=RESPONSE|FRAMEWORK@Framework@0|fastran_FPP_000001@fastran@7|17777)
2025-08-19 12:26:56,813 fastran_tr_fastran_7 DEBUG    _invoke_service(): getTopic  ('_IPS_MONITOR',)
2025-08-19 12:26:56,813 fastran_tr_fastran_7 DEBUG    _get_service_response(REQUEST|fastran_FPP_000001@fastran@7|FRAMEWORK@Framework@0|60)
2025-08-19 12:26:56,823 fastran_tr_fastran_7 DEBUG    _get_service_response(REQUEST|fastran_FPP_000001@fastran@7|FRAMEWORK@Framework@0|60), response = ServiceResponseMessage(sender_id=FRAMEWORK@Framework@0, receiver_id=fastran_FPP_000001@fastran@7, request_msg_id=REQUEST|fastran_FPP_000001@fastran@7|FRAMEWORK@Framework@0|60,status=0, args=(<ipsframework.cca_es_spec.Topic object at 0x7f3a449e5ee0>,), message_id=RESPONSE|FRAMEWORK@Framework@0|fastran_FPP_000001@fastran@7|17778)
2025-08-19 12:26:56,823 fastran_tr_fastran_7 DEBUG    _invoke_service(): sendEvent  ('_IPS_MONITOR', 'PORTAL_EVENT', {'sim_name': 'fastran_FPP_000001', 'real_sim_name': 'fastran_FPP_000001', 'portal_data': {'code': 'fastran_tr_fastran', 'eventtype': 'IPS_UPDATE_STATE', 'ok': True, 'walltime': '8904.69', 'time': '2025-08-19|12:26:56PDT', 'trace': {'timestamp': 1755631616791843, 'duration': 21212, 'localEndpoint': {'serviceName': 'update_state'}, 'name': "['s000001.00001', 'g000001.00001', 'i000001.00001']", 'id': '7629e189a66153c0', 'parentId': '2f41b606b8bddf61', 'tags': {}}, 'state': 'Running', 'comment': 'Elapsed time = 0.021   files = s000001.00001 g000001.00001 i000001.00001 Success'}})
2025-08-19 12:26:56,824 fastran_tr_fastran_7 DEBUG    _get_service_response(REQUEST|fastran_FPP_000001@fastran@7|FRAMEWORK@Framework@0|61)
2025-08-19 12:26:56,834 fastran_tr_fastran_7 DEBUG    _get_service_response(REQUEST|fastran_FPP_000001@fastran@7|FRAMEWORK@Framework@0|61), response = ServiceResponseMessage(sender_id=FRAMEWORK@Framework@0, receiver_id=fastran_FPP_000001@fastran@7, request_msg_id=REQUEST|fastran_FPP_000001@fastran@7|FRAMEWORK@Framework@0|61,status=0, args=(None,), message_id=RESPONSE|FRAMEWORK@Framework@0|fastran_FPP_000001@fastran@7|17779)
2025-08-19 12:26:56,854 fastran_tr_fastran_7 DEBUG    _invoke_service(): getTopic  ('_IPS_MONITOR',)
2025-08-19 12:26:56,854 fastran_tr_fastran_7 DEBUG    _get_service_response(REQUEST|fastran_FPP_000001@fastran@7|FRAMEWORK@Framework@0|62)
2025-08-19 12:26:56,865 fastran_tr_fastran_7 DEBUG    _get_service_response(REQUEST|fastran_FPP_000001@fastran@7|FRAMEWORK@Framework@0|62), response = ServiceResponseMessage(sender_id=FRAMEWORK@Framework@0, receiver_id=fastran_FPP_000001@fastran@7, request_msg_id=REQUEST|fastran_FPP_000001@fastran@7|FRAMEWORK@Framework@0|62,status=0, args=(<ipsframework.cca_es_spec.Topic object at 0x7f3a449e5a00>,), message_id=RESPONSE|FRAMEWORK@Framework@0|fastran_FPP_000001@fastran@7|17780)
2025-08-19 12:26:56,865 fastran_tr_fastran_7 DEBUG    _invoke_service(): sendEvent  ('_IPS_MONITOR', 'PORTAL_EVENT', {'sim_name': 'fastran_FPP_000001', 'real_sim_name': 'fastran_FPP_000001', 'portal_data': {'code': 'fastran_tr_fastran', 'eventtype': 'IPS_STAGE_OUTPUTS', 'ok': True, 'walltime': '8904.73', 'time': '2025-08-19|12:26:56PDT', 'trace': {'timestamp': 1755631616834782, 'duration': 19460, 'localEndpoint': {'serviceName': 'stage_output_files'}, 'name': "['fastran.nc', 'inprof', 'inmetric', 'infastran', 'intglf', 'xfastran.log', 'i000001.00001']", 'id': '7349cfaaafc33980', 'parentId': '2f41b606b8bddf61', 'tags': {}}, 'state': 'Running', 'comment': "Elapsed time = 0.019 Path = /pscratch/sd/h/hswils/github_repos/MANTA_DBSCANS/basecase/SCAN/simulation_results/3/components/fastran_tr_fastran_7 Files = ['fastran.nc', 'inprof', 'inmetric', 'infastran', 'intglf', 'xfastran.log', 'i000001.00001']"}})
2025-08-19 12:26:56,865 fastran_tr_fastran_7 DEBUG    _get_service_response(REQUEST|fastran_FPP_000001@fastran@7|FRAMEWORK@Framework@0|63)
2025-08-19 12:26:56,876 fastran_tr_fastran_7 DEBUG    _get_service_response(REQUEST|fastran_FPP_000001@fastran@7|FRAMEWORK@Framework@0|63), response = ServiceResponseMessage(sender_id=FRAMEWORK@Framework@0, receiver_id=fastran_FPP_000001@fastran@7, request_msg_id=REQUEST|fastran_FPP_000001@fastran@7|FRAMEWORK@Framework@0|63,status=0, args=(None,), message_id=RESPONSE|FRAMEWORK@Framework@0|fastran_FPP_000001@fastran@7|17781)
2025-08-19 12:26:56,887 fastran_driver_fastran_driver_2 DEBUG    _get_service_response(REQUEST|fastran_FPP_000001@fastran_driver@2|FRAMEWORK@Framework@0|162), response = ServiceResponseMessage(sender_id=FRAMEWORK@Framework@0, receiver_id=fastran_FPP_000001@fastran_driver@2, request_msg_id=REQUEST|fastran_FPP_000001@fastran_driver@2|FRAMEWORK@Framework@0|162,status=0, args=((None,),), message_id=RESPONSE|FRAMEWORK@Framework@0|fastran_FPP_000001@fastran_driver@2|17782)
2025-08-19 12:26:56,887 fastran_driver_fastran_driver_2 DEBUG    _invoke_service(): getTopic  ('_IPS_MONITOR',)
2025-08-19 12:26:56,887 fastran_driver_fastran_driver_2 DEBUG    _get_service_response(REQUEST|fastran_FPP_000001@fastran_driver@2|FRAMEWORK@Framework@0|163)
2025-08-19 12:26:56,898 fastran_driver_fastran_driver_2 DEBUG    _get_service_response(REQUEST|fastran_FPP_000001@fastran_driver@2|FRAMEWORK@Framework@0|163), response = ServiceResponseMessage(sender_id=FRAMEWORK@Framework@0, receiver_id=fastran_FPP_000001@fastran_driver@2, request_msg_id=REQUEST|fastran_FPP_000001@fastran_driver@2|FRAMEWORK@Framework@0|163,status=0, args=(<ipsframework.cca_es_spec.Topic object at 0x7f3a44a206d0>,), message_id=RESPONSE|FRAMEWORK@Framework@0|fastran_FPP_000001@fastran_driver@2|17783)
2025-08-19 12:26:56,898 fastran_driver_fastran_driver_2 DEBUG    _invoke_service(): sendEvent  ('_IPS_MONITOR', 'PORTAL_EVENT', {'sim_name': 'fastran_FPP_000001', 'real_sim_name': 'fastran_FPP_000001', 'portal_data': {'code': 'fastran_driver_fastran_driver', 'eventtype': 'IPS_CALL_END', 'ok': True, 'walltime': '8904.77', 'time': '2025-08-19|12:26:56PDT', 'trace': {'timestamp': 1755629701442753, 'duration': 1915444596, 'localEndpoint': {'serviceName': 'fastran_FPP_000001@fastran@7'}, 'name': 'step(3)', 'id': '2f41b606b8bddf61', 'parentId': 'f899e3e5886669ce', 'tags': {}}, 'state': 'Running', 'comment': 'Target = fastran_FPP_000001@fastran@7:step(3)'}})
2025-08-19 12:26:56,898 fastran_driver_fastran_driver_2 DEBUG    _get_service_response(REQUEST|fastran_FPP_000001@fastran_driver@2|FRAMEWORK@Framework@0|164)
2025-08-19 12:26:56,909 fastran_driver_fastran_driver_2 DEBUG    _get_service_response(REQUEST|fastran_FPP_000001@fastran_driver@2|FRAMEWORK@Framework@0|164), response = ServiceResponseMessage(sender_id=FRAMEWORK@Framework@0, receiver_id=fastran_FPP_000001@fastran_driver@2, request_msg_id=REQUEST|fastran_FPP_000001@fastran_driver@2|FRAMEWORK@Framework@0|164,status=0, args=(None,), message_id=RESPONSE|FRAMEWORK@Framework@0|fastran_FPP_000001@fastran_driver@2|17784)
2025-08-19 12:26:56,910 fastran_driver_fastran_driver_2 DEBUG    _invoke_service(): stage_state  (['s000001.00001', 'g000001.00001', 'i000001.00001'], '/pscratch/sd/h/hswils/github_repos/MANTA_DBSCANS/basecase/SCAN/work/plasma_state', '/pscratch/sd/h/hswils/github_repos/MANTA_DBSCANS/basecase/SCAN/work/fastran_driver_fastran_driver_2')
2025-08-19 12:26:56,910 fastran_driver_fastran_driver_2 DEBUG    _get_service_response(REQUEST|fastran_FPP_000001@fastran_driver@2|FRAMEWORK@Framework@0|165)
2025-08-19 12:26:56,931 fastran_driver_fastran_driver_2 DEBUG    _get_service_response(REQUEST|fastran_FPP_000001@fastran_driver@2|FRAMEWORK@Framework@0|165), response = ServiceResponseMessage(sender_id=FRAMEWORK@Framework@0, receiver_id=fastran_FPP_000001@fastran_driver@2, request_msg_id=REQUEST|fastran_FPP_000001@fastran_driver@2|FRAMEWORK@Framework@0|165,status=0, args=(0,), message_id=RESPONSE|FRAMEWORK@Framework@0|fastran_FPP_000001@fastran_driver@2|17785)
2025-08-19 12:26:56,932 fastran_driver_fastran_driver_2 DEBUG    _invoke_service(): getTopic  ('_IPS_MONITOR',)
2025-08-19 12:26:56,932 fastran_driver_fastran_driver_2 DEBUG    _get_service_response(REQUEST|fastran_FPP_000001@fastran_driver@2|FRAMEWORK@Framework@0|166)
2025-08-19 12:26:56,942 fastran_driver_fastran_driver_2 DEBUG    _get_service_response(REQUEST|fastran_FPP_000001@fastran_driver@2|FRAMEWORK@Framework@0|166), response = ServiceResponseMessage(sender_id=FRAMEWORK@Framework@0, receiver_id=fastran_FPP_000001@fastran_driver@2, request_msg_id=REQUEST|fastran_FPP_000001@fastran_driver@2|FRAMEWORK@Framework@0|166,status=0, args=(<ipsframework.cca_es_spec.Topic object at 0x7f3a44a20a60>,), message_id=RESPONSE|FRAMEWORK@Framework@0|fastran_FPP_000001@fastran_driver@2|17786)
2025-08-19 12:26:56,942 fastran_driver_fastran_driver_2 DEBUG    _invoke_service(): sendEvent  ('_IPS_MONITOR', 'PORTAL_EVENT', {'sim_name': 'fastran_FPP_000001', 'real_sim_name': 'fastran_FPP_000001', 'portal_data': {'code': 'fastran_driver_fastran_driver', 'eventtype': 'IPS_STAGE_STATE', 'ok': True, 'walltime': '8904.81', 'time': '2025-08-19|12:26:56PDT', 'trace': {'timestamp': 1755631616910018, 'duration': 22014, 'localEndpoint': {'serviceName': 'stage_state'}, 'name': "['s000001.00001', 'g000001.00001', 'i000001.00001']", 'id': '71885aecf25d7412', 'parentId': 'f899e3e5886669ce', 'tags': {}}, 'state': 'Running', 'comment': 'Elapsed time = 0.022  files = s000001.00001 g000001.00001 i000001.00001 Success'}})
2025-08-19 12:26:56,942 fastran_driver_fastran_driver_2 DEBUG    _get_service_response(REQUEST|fastran_FPP_000001@fastran_driver@2|FRAMEWORK@Framework@0|167)
2025-08-19 12:26:56,953 fastran_driver_fastran_driver_2 DEBUG    _get_service_response(REQUEST|fastran_FPP_000001@fastran_driver@2|FRAMEWORK@Framework@0|167), response = ServiceResponseMessage(sender_id=FRAMEWORK@Framework@0, receiver_id=fastran_FPP_000001@fastran_driver@2, request_msg_id=REQUEST|fastran_FPP_000001@fastran_driver@2|FRAMEWORK@Framework@0|167,status=0, args=(None,), message_id=RESPONSE|FRAMEWORK@Framework@0|fastran_FPP_000001@fastran_driver@2|17787)
2025-08-19 12:26:56,954 fastran_driver_fastran_driver_2 DEBUG    _invoke_service(): getTopic  ('_IPS_MONITOR',)
2025-08-19 12:26:56,954 fastran_driver_fastran_driver_2 DEBUG    _get_service_response(REQUEST|fastran_FPP_000001@fastran_driver@2|FRAMEWORK@Framework@0|168)
2025-08-19 12:26:56,965 fastran_driver_fastran_driver_2 DEBUG    _get_service_response(REQUEST|fastran_FPP_000001@fastran_driver@2|FRAMEWORK@Framework@0|168), response = ServiceResponseMessage(sender_id=FRAMEWORK@Framework@0, receiver_id=fastran_FPP_000001@fastran_driver@2, request_msg_id=REQUEST|fastran_FPP_000001@fastran_driver@2|FRAMEWORK@Framework@0|168,status=0, args=(<ipsframework.cca_es_spec.Topic object at 0x7f3a44a20970>,), message_id=RESPONSE|FRAMEWORK@Framework@0|fastran_FPP_000001@fastran_driver@2|17788)
2025-08-19 12:26:56,965 fastran_driver_fastran_driver_2 DEBUG    _invoke_service(): sendEvent  ('_IPS_MONITOR', 'PORTAL_EVENT', {'sim_name': 'fastran_FPP_000001', 'real_sim_name': 'fastran_FPP_000001', 'portal_data': {'code': 'fastran_driver_fastran_driver', 'eventtype': 'IPS_STAGE_OUTPUTS', 'ok': True, 'walltime': '8904.83', 'time': '2025-08-19|12:26:56PDT', 'trace': {'timestamp': 1755631616953922, 'duration': 311, 'localEndpoint': {'serviceName': 'stage_output_files'}, 'name': '[]', 'id': 'ed019efe11be26d9', 'parentId': 'f899e3e5886669ce', 'tags': {}}, 'state': 'Running', 'comment': 'Elapsed time = 0.000 Path = /pscratch/sd/h/hswils/github_repos/MANTA_DBSCANS/basecase/SCAN/simulation_results/3/components/fastran_driver_fastran_driver_2 Files = []'}})
2025-08-19 12:26:56,965 fastran_driver_fastran_driver_2 DEBUG    _get_service_response(REQUEST|fastran_FPP_000001@fastran_driver@2|FRAMEWORK@Framework@0|169)
2025-08-19 12:26:56,976 fastran_driver_fastran_driver_2 DEBUG    _get_service_response(REQUEST|fastran_FPP_000001@fastran_driver@2|FRAMEWORK@Framework@0|169), response = ServiceResponseMessage(sender_id=FRAMEWORK@Framework@0, receiver_id=fastran_FPP_000001@fastran_driver@2, request_msg_id=REQUEST|fastran_FPP_000001@fastran_driver@2|FRAMEWORK@Framework@0|169,status=0, args=(None,), message_id=RESPONSE|FRAMEWORK@Framework@0|fastran_FPP_000001@fastran_driver@2|17789)
2025-08-19 12:26:56,976 fastran_driver_fastran_driver_2 DEBUG    _invoke_service(): getTopic  ('_IPS_MONITOR',)
2025-08-19 12:26:56,976 fastran_driver_fastran_driver_2 DEBUG    _get_service_response(REQUEST|fastran_FPP_000001@fastran_driver@2|FRAMEWORK@Framework@0|170)
2025-08-19 12:26:56,987 fastran_driver_fastran_driver_2 DEBUG    _get_service_response(REQUEST|fastran_FPP_000001@fastran_driver@2|FRAMEWORK@Framework@0|170), response = ServiceResponseMessage(sender_id=FRAMEWORK@Framework@0, receiver_id=fastran_FPP_000001@fastran_driver@2, request_msg_id=REQUEST|fastran_FPP_000001@fastran_driver@2|FRAMEWORK@Framework@0|170,status=0, args=(<ipsframework.cca_es_spec.Topic object at 0x7f3a44a20910>,), message_id=RESPONSE|FRAMEWORK@Framework@0|fastran_FPP_000001@fastran_driver@2|17790)
2025-08-19 12:26:56,987 fastran_driver_fastran_driver_2 DEBUG    _invoke_service(): sendEvent  ('_IPS_MONITOR', 'PORTALBRIDGE_UPDATE_TIMESTAMP', {'sim_name': 'fastran_FPP_000001', 'real_sim_name': 'fastran_FPP_000001', 'portal_data': {'phystimestamp': 4, 'eventtype': 'PORTALBRIDGE_UPDATE_TIMESTAMP'}})
2025-08-19 12:26:56,987 fastran_driver_fastran_driver_2 DEBUG    _get_service_response(REQUEST|fastran_FPP_000001@fastran_driver@2|FRAMEWORK@Framework@0|171)
2025-08-19 12:26:56,998 fastran_driver_fastran_driver_2 DEBUG    _get_service_response(REQUEST|fastran_FPP_000001@fastran_driver@2|FRAMEWORK@Framework@0|171), response = ServiceResponseMessage(sender_id=FRAMEWORK@Framework@0, receiver_id=fastran_FPP_000001@fastran_driver@2, request_msg_id=REQUEST|fastran_FPP_000001@fastran_driver@2|FRAMEWORK@Framework@0|171,status=0, args=(None,), message_id=RESPONSE|FRAMEWORK@Framework@0|fastran_FPP_000001@fastran_driver@2|17791)
2025-08-19 12:26:56,998 fastran_driver_fastran_driver_2 DEBUG    _invoke_service(): getTopic  ('_IPS_MONITOR',)
2025-08-19 12:26:56,998 fastran_driver_fastran_driver_2 DEBUG    _get_service_response(REQUEST|fastran_FPP_000001@fastran_driver@2|FRAMEWORK@Framework@0|172)
2025-08-19 12:26:57,009 fastran_driver_fastran_driver_2 DEBUG    _get_service_response(REQUEST|fastran_FPP_000001@fastran_driver@2|FRAMEWORK@Framework@0|172), response = ServiceResponseMessage(sender_id=FRAMEWORK@Framework@0, receiver_id=fastran_FPP_000001@fastran_driver@2, request_msg_id=REQUEST|fastran_FPP_000001@fastran_driver@2|FRAMEWORK@Framework@0|172,status=0, args=(<ipsframework.cca_es_spec.Topic object at 0x7f3a44a20970>,), message_id=RESPONSE|FRAMEWORK@Framework@0|fastran_FPP_000001@fastran_driver@2|17792)
2025-08-19 12:26:57,009 fastran_driver_fastran_driver_2 DEBUG    _invoke_service(): sendEvent  ('_IPS_MONITOR', 'PORTAL_EVENT', {'sim_name': 'fastran_FPP_000001', 'real_sim_name': 'fastran_FPP_000001', 'portal_data': {'code': 'fastran_driver_fastran_driver', 'eventtype': 'IPS_UPDATE_TIME_STAMP', 'ok': True, 'walltime': '8904.88', 'time': '2025-08-19|12:26:56PDT', 'state': 'Running', 'comment': 'Timestamp = 4'}})
2025-08-19 12:26:57,009 fastran_driver_fastran_driver_2 DEBUG    _get_service_response(REQUEST|fastran_FPP_000001@fastran_driver@2|FRAMEWORK@Framework@0|173)
2025-08-19 12:26:57,020 fastran_driver_fastran_driver_2 DEBUG    _get_service_response(REQUEST|fastran_FPP_000001@fastran_driver@2|FRAMEWORK@Framework@0|173), response = ServiceResponseMessage(sender_id=FRAMEWORK@Framework@0, receiver_id=fastran_FPP_000001@fastran_driver@2, request_msg_id=REQUEST|fastran_FPP_000001@fastran_driver@2|FRAMEWORK@Framework@0|173,status=0, args=(None,), message_id=RESPONSE|FRAMEWORK@Framework@0|fastran_FPP_000001@fastran_driver@2|17793)
2025-08-19 12:26:57,020 fastran_driver_fastran_driver_2 DEBUG    _invoke_service(): getTopic  ('_IPS_MONITOR',)
2025-08-19 12:26:57,021 fastran_driver_fastran_driver_2 DEBUG    _get_service_response(REQUEST|fastran_FPP_000001@fastran_driver@2|FRAMEWORK@Framework@0|174)
2025-08-19 12:26:57,031 fastran_driver_fastran_driver_2 DEBUG    _get_service_response(REQUEST|fastran_FPP_000001@fastran_driver@2|FRAMEWORK@Framework@0|174), response = ServiceResponseMessage(sender_id=FRAMEWORK@Framework@0, receiver_id=fastran_FPP_000001@fastran_driver@2, request_msg_id=REQUEST|fastran_FPP_000001@fastran_driver@2|FRAMEWORK@Framework@0|174,status=0, args=(<ipsframework.cca_es_spec.Topic object at 0x7f3a44a206a0>,), message_id=RESPONSE|FRAMEWORK@Framework@0|fastran_FPP_000001@fastran_driver@2|17794)
2025-08-19 12:26:57,031 fastran_driver_fastran_driver_2 DEBUG    _invoke_service(): sendEvent  ('_IPS_MONITOR', 'PORTAL_EVENT', {'sim_name': 'fastran_FPP_000001', 'real_sim_name': 'fastran_FPP_000001', 'portal_data': {'code': 'fastran_driver_fastran_driver', 'eventtype': 'IPS_CALL_BEGIN', 'ok': True, 'walltime': '8904.90', 'time': '2025-08-19|12:26:57PDT', 'state': 'Running', 'comment': 'Target = fastran_FPP_000001@toric@5:step(4)'}})
2025-08-19 12:26:57,032 fastran_driver_fastran_driver_2 DEBUG    _get_service_response(REQUEST|fastran_FPP_000001@fastran_driver@2|FRAMEWORK@Framework@0|175)
2025-08-19 12:26:57,042 fastran_driver_fastran_driver_2 DEBUG    _get_service_response(REQUEST|fastran_FPP_000001@fastran_driver@2|FRAMEWORK@Framework@0|175), response = ServiceResponseMessage(sender_id=FRAMEWORK@Framework@0, receiver_id=fastran_FPP_000001@fastran_driver@2, request_msg_id=REQUEST|fastran_FPP_000001@fastran_driver@2|FRAMEWORK@Framework@0|175,status=0, args=(None,), message_id=RESPONSE|FRAMEWORK@Framework@0|fastran_FPP_000001@fastran_driver@2|17795)
2025-08-19 12:26:57,043 fastran_driver_fastran_driver_2 DEBUG    _invoke_service(): init_call  ('step', 4)
2025-08-19 12:26:57,043 fastran_driver_fastran_driver_2 DEBUG    _get_service_response(REQUEST|fastran_FPP_000001@fastran_driver@2|FRAMEWORK@Framework@0|176)
2025-08-19 12:26:57,043 rf_ic_toric_5   DEBUG    Received Message 
2025-08-19 12:26:57,044 rf_ic_toric_5   DEBUG    Calling method step(4)
2025-08-19 12:26:57,044 rf_ic_toric_5   DEBUG    _invoke_service(): stage_state  (['s000001.00001', 'g000001.00001'], '/pscratch/sd/h/hswils/github_repos/MANTA_DBSCANS/basecase/SCAN/work/plasma_state', '/pscratch/sd/h/hswils/github_repos/MANTA_DBSCANS/basecase/SCAN/work/rf_ic_toric_5')
2025-08-19 12:26:57,044 rf_ic_toric_5   DEBUG    _get_service_response(REQUEST|fastran_FPP_000001@toric@5|FRAMEWORK@Framework@0|77)
2025-08-19 12:26:57,054 fastran_driver_fastran_driver_2 DEBUG    _get_service_response(REQUEST|fastran_FPP_000001@fastran_driver@2|FRAMEWORK@Framework@0|176), response = ServiceResponseMessage(sender_id=FRAMEWORK@Framework@0, receiver_id=fastran_FPP_000001@fastran_driver@2, request_msg_id=REQUEST|fastran_FPP_000001@fastran_driver@2|FRAMEWORK@Framework@0|176,status=0, args=(30,), message_id=RESPONSE|FRAMEWORK@Framework@0|fastran_FPP_000001@fastran_driver@2|17796)
2025-08-19 12:26:57,054 fastran_driver_fastran_driver_2 DEBUG    _invoke_service(): wait_call  (30, True)
2025-08-19 12:26:57,054 fastran_driver_fastran_driver_2 DEBUG    _get_service_response(REQUEST|fastran_FPP_000001@fastran_driver@2|FRAMEWORK@Framework@0|177)
2025-08-19 12:26:57,063 rf_ic_toric_5   DEBUG    _get_service_response(REQUEST|fastran_FPP_000001@toric@5|FRAMEWORK@Framework@0|77), response = ServiceResponseMessage(sender_id=FRAMEWORK@Framework@0, receiver_id=fastran_FPP_000001@toric@5, request_msg_id=REQUEST|fastran_FPP_000001@toric@5|FRAMEWORK@Framework@0|77,status=0, args=(0,), message_id=RESPONSE|FRAMEWORK@Framework@0|fastran_FPP_000001@toric@5|17797)
2025-08-19 12:26:57,063 rf_ic_toric_5   DEBUG    _invoke_service(): getTopic  ('_IPS_MONITOR',)
2025-08-19 12:26:57,063 rf_ic_toric_5   DEBUG    _get_service_response(REQUEST|fastran_FPP_000001@toric@5|FRAMEWORK@Framework@0|78)
2025-08-19 12:26:57,074 rf_ic_toric_5   DEBUG    _get_service_response(REQUEST|fastran_FPP_000001@toric@5|FRAMEWORK@Framework@0|78), response = ServiceResponseMessage(sender_id=FRAMEWORK@Framework@0, receiver_id=fastran_FPP_000001@toric@5, request_msg_id=REQUEST|fastran_FPP_000001@toric@5|FRAMEWORK@Framework@0|78,status=0, args=(<ipsframework.cca_es_spec.Topic object at 0x7f3a44953610>,), message_id=RESPONSE|FRAMEWORK@Framework@0|fastran_FPP_000001@toric@5|17798)
2025-08-19 12:26:57,074 rf_ic_toric_5   DEBUG    _invoke_service(): sendEvent  ('_IPS_MONITOR', 'PORTAL_EVENT', {'sim_name': 'fastran_FPP_000001', 'real_sim_name': 'fastran_FPP_000001', 'portal_data': {'code': 'rf_ic_toric', 'eventtype': 'IPS_STAGE_STATE', 'ok': True, 'walltime': '8904.94', 'time': '2025-08-19|12:26:57PDT', 'trace': {'timestamp': 1755631617044411, 'duration': 19302, 'localEndpoint': {'serviceName': 'stage_state'}, 'name': "['s000001.00001', 'g000001.00001']", 'id': '32793a28c0f8ba4b', 'parentId': '65acd0db2dd2d253', 'tags': {}}, 'state': 'Running', 'comment': 'Elapsed time = 0.019  files = s000001.00001 g000001.00001 Success'}})
2025-08-19 12:26:57,074 rf_ic_toric_5   DEBUG    _get_service_response(REQUEST|fastran_FPP_000001@toric@5|FRAMEWORK@Framework@0|79)
2025-08-19 12:26:57,085 rf_ic_toric_5   DEBUG    _get_service_response(REQUEST|fastran_FPP_000001@toric@5|FRAMEWORK@Framework@0|79), response = ServiceResponseMessage(sender_id=FRAMEWORK@Framework@0, receiver_id=fastran_FPP_000001@toric@5, request_msg_id=REQUEST|fastran_FPP_000001@toric@5|FRAMEWORK@Framework@0|79,status=0, args=(None,), message_id=RESPONSE|FRAMEWORK@Framework@0|fastran_FPP_000001@toric@5|17799)
2025-08-19 12:26:57,100 rf_ic_toric_5   DEBUG    _invoke_service(): getTopic  ('_IPS_MONITOR',)
2025-08-19 12:26:57,100 rf_ic_toric_5   DEBUG    _get_service_response(REQUEST|fastran_FPP_000001@toric@5|FRAMEWORK@Framework@0|80)
2025-08-19 12:26:57,110 rf_ic_toric_5   DEBUG    _get_service_response(REQUEST|fastran_FPP_000001@toric@5|FRAMEWORK@Framework@0|80), response = ServiceResponseMessage(sender_id=FRAMEWORK@Framework@0, receiver_id=fastran_FPP_000001@toric@5, request_msg_id=REQUEST|fastran_FPP_000001@toric@5|FRAMEWORK@Framework@0|80,status=0, args=(<ipsframework.cca_es_spec.Topic object at 0x7f3a44953700>,), message_id=RESPONSE|FRAMEWORK@Framework@0|fastran_FPP_000001@toric@5|17800)
2025-08-19 12:26:57,110 rf_ic_toric_5   DEBUG    _invoke_service(): sendEvent  ('_IPS_MONITOR', 'PORTAL_EVENT', {'sim_name': 'fastran_FPP_000001', 'real_sim_name': 'fastran_FPP_000001', 'portal_data': {'code': 'rf_ic_toric', 'eventtype': 'IPS_STAGE_INPUTS', 'ok': True, 'walltime': '8904.98', 'time': '2025-08-19|12:26:57PDT', 'trace': {'timestamp': 1755631617085956, 'duration': 14280, 'localEndpoint': {'serviceName': 'stage_input_files'}, 'name': 'machine.inp equigs_gen.ind torica.inp', 'id': 'b108389cfa22cdf4', 'parentId': '65acd0db2dd2d253', 'tags': {}}, 'state': 'Running', 'comment': 'Elapsed time = 0.014 Path = /pscratch/sd/h/hswils/github_repos/MANTA_DBSCANS/basecase/input Files = machine.inp equigs_gen.ind torica.inp'}})
2025-08-19 12:26:57,110 rf_ic_toric_5   DEBUG    _get_service_response(REQUEST|fastran_FPP_000001@toric@5|FRAMEWORK@Framework@0|81)
2025-08-19 12:26:57,121 rf_ic_toric_5   DEBUG    _get_service_response(REQUEST|fastran_FPP_000001@toric@5|FRAMEWORK@Framework@0|81), response = ServiceResponseMessage(sender_id=FRAMEWORK@Framework@0, receiver_id=fastran_FPP_000001@toric@5, request_msg_id=REQUEST|fastran_FPP_000001@toric@5|FRAMEWORK@Framework@0|81,status=0, args=(None,), message_id=RESPONSE|FRAMEWORK@Framework@0|fastran_FPP_000001@toric@5|17801)
2025-08-19 12:26:57,495 rf_ic_toric_5   DEBUG    _invoke_service(): init_task  (TaskInit(nproc=24, binary='/global/common/software/atom/perlmutter/binaries/toric/default/Ptoric.e', working_dir='/pscratch/sd/h/hswils/github_repos/MANTA_DBSCANS/basecase/SCAN/work/rf_ic_toric_5', tppn=0, tcpp=0, tgpp=0, block=True, omp=False, wnodes=True, wsocks=True, cmd_args=()),)
2025-08-19 12:26:57,495 rf_ic_toric_5   DEBUG    _get_service_response(REQUEST|fastran_FPP_000001@toric@5|FRAMEWORK@Framework@0|82)
2025-08-19 12:26:57,506 rf_ic_toric_5   DEBUG    _get_service_response(REQUEST|fastran_FPP_000001@toric@5|FRAMEWORK@Framework@0|82), response = ServiceResponseMessage(sender_id=FRAMEWORK@Framework@0, receiver_id=fastran_FPP_000001@toric@5, request_msg_id=REQUEST|fastran_FPP_000001@toric@5|FRAMEWORK@Framework@0|82,status=0, args=((10, 'srun -N 1 -n 24 -c 5 --threads-per-core=1 --cpu-bind=cores /global/common/software/atom/perlmutter/binaries/toric/default/Ptoric.e ', None, 128),), message_id=RESPONSE|FRAMEWORK@Framework@0|fastran_FPP_000001@toric@5|17803)
2025-08-19 12:26:57,509 rf_ic_toric_5   DEBUG    Launching command : srun -N 1 -n 24 -c 5 --threads-per-core=1 --cpu-bind=cores /global/common/software/atom/perlmutter/binaries/toric/default/Ptoric.e 
2025-08-19 12:26:57,576 rf_ic_toric_5   DEBUG    _invoke_service(): getTopic  ('_IPS_MONITOR',)
2025-08-19 12:26:57,576 rf_ic_toric_5   DEBUG    _get_service_response(REQUEST|fastran_FPP_000001@toric@5|FRAMEWORK@Framework@0|83)
2025-08-19 12:26:57,587 rf_ic_toric_5   DEBUG    _get_service_response(REQUEST|fastran_FPP_000001@toric@5|FRAMEWORK@Framework@0|83), response = ServiceResponseMessage(sender_id=FRAMEWORK@Framework@0, receiver_id=fastran_FPP_000001@toric@5, request_msg_id=REQUEST|fastran_FPP_000001@toric@5|FRAMEWORK@Framework@0|83,status=0, args=(<ipsframework.cca_es_spec.Topic object at 0x7f3a44974670>,), message_id=RESPONSE|FRAMEWORK@Framework@0|fastran_FPP_000001@toric@5|17804)
2025-08-19 12:26:57,587 rf_ic_toric_5   DEBUG    _invoke_service(): sendEvent  ('_IPS_MONITOR', 'PORTAL_EVENT', {'sim_name': 'fastran_FPP_000001', 'real_sim_name': 'fastran_FPP_000001', 'portal_data': {'code': 'rf_ic_toric', 'eventtype': 'IPS_LAUNCH_TASK', 'ok': True, 'walltime': '8905.45', 'time': '2025-08-19|12:26:57PDT', 'state': 'Running', 'comment': 'task_id = 10 , Tag = None , nproc = 24 , Target = srun -N 1 -n 24 -c 5 --threads-per-core=1 --cpu-bind=cores /global/common/software/atom/perlmutter/binaries/toric/default/Ptoric.e '}})
2025-08-19 12:26:57,587 rf_ic_toric_5   DEBUG    _get_service_response(REQUEST|fastran_FPP_000001@toric@5|FRAMEWORK@Framework@0|84)
2025-08-19 12:26:57,598 rf_ic_toric_5   DEBUG    _get_service_response(REQUEST|fastran_FPP_000001@toric@5|FRAMEWORK@Framework@0|84), response = ServiceResponseMessage(sender_id=FRAMEWORK@Framework@0, receiver_id=fastran_FPP_000001@toric@5, request_msg_id=REQUEST|fastran_FPP_000001@toric@5|FRAMEWORK@Framework@0|84,status=0, args=(None,), message_id=RESPONSE|FRAMEWORK@Framework@0|fastran_FPP_000001@toric@5|17805)
2025-08-19 12:31:55,304 rf_ic_toric_5   DEBUG    _invoke_service(): getTopic  ('_IPS_MONITOR',)
2025-08-19 12:31:55,304 rf_ic_toric_5   DEBUG    _get_service_response(REQUEST|fastran_FPP_000001@toric@5|FRAMEWORK@Framework@0|85)
2025-08-19 12:31:55,315 rf_ic_toric_5   DEBUG    _get_service_response(REQUEST|fastran_FPP_000001@toric@5|FRAMEWORK@Framework@0|85), response = ServiceResponseMessage(sender_id=FRAMEWORK@Framework@0, receiver_id=fastran_FPP_000001@toric@5, request_msg_id=REQUEST|fastran_FPP_000001@toric@5|FRAMEWORK@Framework@0|85,status=0, args=(<ipsframework.cca_es_spec.Topic object at 0x7f3a44974700>,), message_id=RESPONSE|FRAMEWORK@Framework@0|fastran_FPP_000001@toric@5|18388)
2025-08-19 12:31:55,315 rf_ic_toric_5   DEBUG    _invoke_service(): sendEvent  ('_IPS_MONITOR', 'PORTAL_EVENT', {'sim_name': 'fastran_FPP_000001', 'real_sim_name': 'fastran_FPP_000001', 'portal_data': {'code': 'rf_ic_toric', 'eventtype': 'IPS_TASK_END', 'ok': True, 'walltime': '9203.18', 'time': '2025-08-19|12:31:55PDT', 'trace': {'timestamp': 1755631617575623, 'duration': 297728630, 'localEndpoint': {'serviceName': '/global/common/software/atom/perlmutter/binaries/toric/default/Ptoric.e'}, 'name': '', 'id': 'fbbe941d62a41d04', 'parentId': '65acd0db2dd2d253', 'tags': {'procs_requested': '24', 'cores_allocated': '128'}}, 'state': 'Running', 'comment': 'task_id = 10  elapsed time = 297.73 S'}})
2025-08-19 12:31:55,315 rf_ic_toric_5   DEBUG    _get_service_response(REQUEST|fastran_FPP_000001@toric@5|FRAMEWORK@Framework@0|86)
2025-08-19 12:31:55,326 rf_ic_toric_5   DEBUG    _get_service_response(REQUEST|fastran_FPP_000001@toric@5|FRAMEWORK@Framework@0|86), response = ServiceResponseMessage(sender_id=FRAMEWORK@Framework@0, receiver_id=fastran_FPP_000001@toric@5, request_msg_id=REQUEST|fastran_FPP_000001@toric@5|FRAMEWORK@Framework@0|86,status=0, args=(None,), message_id=RESPONSE|FRAMEWORK@Framework@0|fastran_FPP_000001@toric@5|18389)
2025-08-19 12:31:55,326 rf_ic_toric_5   DEBUG    _invoke_service(): finish_task  (10, 0)
2025-08-19 12:31:55,326 rf_ic_toric_5   DEBUG    _get_service_response(REQUEST|fastran_FPP_000001@toric@5|FRAMEWORK@Framework@0|87)
2025-08-19 12:31:55,337 rf_ic_toric_5   DEBUG    _get_service_response(REQUEST|fastran_FPP_000001@toric@5|FRAMEWORK@Framework@0|87), response = ServiceResponseMessage(sender_id=FRAMEWORK@Framework@0, receiver_id=fastran_FPP_000001@toric@5, request_msg_id=REQUEST|fastran_FPP_000001@toric@5|FRAMEWORK@Framework@0|87,status=0, args=(0,), message_id=RESPONSE|FRAMEWORK@Framework@0|fastran_FPP_000001@toric@5|18390)
2025-08-19 12:31:55,545 rf_ic_toric_5   DEBUG    _invoke_service(): merge_current_plasma_state  ('/pscratch/sd/h/hswils/github_repos/MANTA_DBSCANS/basecase/SCAN/work/rf_ic_toric_5/RF_IC_s000001.00001', '/pscratch/sd/h/hswils/github_repos/MANTA_DBSCANS/basecase/SCAN/work/plasma_state/s000001.00001', 'log.update_state', '/global/common/software/atom/perlmutter/binaries/update-state/default/update_state')
2025-08-19 12:31:55,545 rf_ic_toric_5   DEBUG    _get_service_response(REQUEST|fastran_FPP_000001@toric@5|FRAMEWORK@Framework@0|88)
2025-08-19 12:31:55,697 rf_ic_toric_5   DEBUG    _get_service_response(REQUEST|fastran_FPP_000001@toric@5|FRAMEWORK@Framework@0|88), response = ServiceResponseMessage(sender_id=FRAMEWORK@Framework@0, receiver_id=fastran_FPP_000001@toric@5, request_msg_id=REQUEST|fastran_FPP_000001@toric@5|FRAMEWORK@Framework@0|88,status=0, args=(0,), message_id=RESPONSE|FRAMEWORK@Framework@0|fastran_FPP_000001@toric@5|18392)
2025-08-19 12:31:55,698 rf_ic_toric_5   DEBUG    _invoke_service(): getTopic  ('_IPS_MONITOR',)
2025-08-19 12:31:55,698 rf_ic_toric_5   DEBUG    _get_service_response(REQUEST|fastran_FPP_000001@toric@5|FRAMEWORK@Framework@0|89)
2025-08-19 12:31:55,708 rf_ic_toric_5   DEBUG    _get_service_response(REQUEST|fastran_FPP_000001@toric@5|FRAMEWORK@Framework@0|89), response = ServiceResponseMessage(sender_id=FRAMEWORK@Framework@0, receiver_id=fastran_FPP_000001@toric@5, request_msg_id=REQUEST|fastran_FPP_000001@toric@5|FRAMEWORK@Framework@0|89,status=0, args=(<ipsframework.cca_es_spec.Topic object at 0x7f3a44974520>,), message_id=RESPONSE|FRAMEWORK@Framework@0|fastran_FPP_000001@toric@5|18393)
2025-08-19 12:31:55,708 rf_ic_toric_5   DEBUG    _invoke_service(): sendEvent  ('_IPS_MONITOR', 'PORTAL_EVENT', {'sim_name': 'fastran_FPP_000001', 'real_sim_name': 'fastran_FPP_000001', 'portal_data': {'code': 'rf_ic_toric', 'eventtype': 'IPS_MERGE_PLASMA_STATE', 'ok': True, 'walltime': '9203.58', 'time': '2025-08-19|12:31:55PDT', 'state': 'Running', 'comment': 'Success'}})
2025-08-19 12:31:55,709 rf_ic_toric_5   DEBUG    _get_service_response(REQUEST|fastran_FPP_000001@toric@5|FRAMEWORK@Framework@0|90)
2025-08-19 12:31:55,719 rf_ic_toric_5   DEBUG    _get_service_response(REQUEST|fastran_FPP_000001@toric@5|FRAMEWORK@Framework@0|90), response = ServiceResponseMessage(sender_id=FRAMEWORK@Framework@0, receiver_id=fastran_FPP_000001@toric@5, request_msg_id=REQUEST|fastran_FPP_000001@toric@5|FRAMEWORK@Framework@0|90,status=0, args=(None,), message_id=RESPONSE|FRAMEWORK@Framework@0|fastran_FPP_000001@toric@5|18394)
2025-08-19 12:31:55,820 rf_ic_toric_5   DEBUG    _invoke_service(): getTopic  ('_IPS_MONITOR',)
2025-08-19 12:31:55,820 rf_ic_toric_5   DEBUG    _get_service_response(REQUEST|fastran_FPP_000001@toric@5|FRAMEWORK@Framework@0|91)
2025-08-19 12:31:55,830 rf_ic_toric_5   DEBUG    _get_service_response(REQUEST|fastran_FPP_000001@toric@5|FRAMEWORK@Framework@0|91), response = ServiceResponseMessage(sender_id=FRAMEWORK@Framework@0, receiver_id=fastran_FPP_000001@toric@5, request_msg_id=REQUEST|fastran_FPP_000001@toric@5|FRAMEWORK@Framework@0|91,status=0, args=(<ipsframework.cca_es_spec.Topic object at 0x7f3a44974580>,), message_id=RESPONSE|FRAMEWORK@Framework@0|fastran_FPP_000001@toric@5|18395)
2025-08-19 12:31:55,830 rf_ic_toric_5   DEBUG    _invoke_service(): sendEvent  ('_IPS_MONITOR', 'PORTAL_EVENT', {'sim_name': 'fastran_FPP_000001', 'real_sim_name': 'fastran_FPP_000001', 'portal_data': {'code': 'rf_ic_toric', 'eventtype': 'IPS_STAGE_OUTPUTS', 'ok': True, 'walltime': '9203.70', 'time': '2025-08-19|12:31:55PDT', 'trace': {'timestamp': 1755631915720001, 'duration': 99910, 'localEndpoint': {'serviceName': 'stage_output_files'}, 'name': "['torica.inp', 'machine.inp', 'log.toric', 'toric.nc', 'profstat.dat', 'equigs.data', 'equidt.data', 'toric_cfg.nc']", 'id': '749f5c33ef51fb56', 'parentId': '65acd0db2dd2d253', 'tags': {}}, 'state': 'Running', 'comment': "Elapsed time = 0.100 Path = /pscratch/sd/h/hswils/github_repos/MANTA_DBSCANS/basecase/SCAN/simulation_results/4/components/rf_ic_toric_5 Files = ['torica.inp', 'machine.inp', 'log.toric', 'toric.nc', 'profstat.dat', 'equigs.data', 'equidt.data', 'toric_cfg.nc']"}})
2025-08-19 12:31:55,830 rf_ic_toric_5   DEBUG    _get_service_response(REQUEST|fastran_FPP_000001@toric@5|FRAMEWORK@Framework@0|92)
2025-08-19 12:31:55,841 rf_ic_toric_5   DEBUG    _get_service_response(REQUEST|fastran_FPP_000001@toric@5|FRAMEWORK@Framework@0|92), response = ServiceResponseMessage(sender_id=FRAMEWORK@Framework@0, receiver_id=fastran_FPP_000001@toric@5, request_msg_id=REQUEST|fastran_FPP_000001@toric@5|FRAMEWORK@Framework@0|92,status=0, args=(None,), message_id=RESPONSE|FRAMEWORK@Framework@0|fastran_FPP_000001@toric@5|18396)
2025-08-19 12:31:55,852 fastran_driver_fastran_driver_2 DEBUG    _get_service_response(REQUEST|fastran_FPP_000001@fastran_driver@2|FRAMEWORK@Framework@0|177), response = ServiceResponseMessage(sender_id=FRAMEWORK@Framework@0, receiver_id=fastran_FPP_000001@fastran_driver@2, request_msg_id=REQUEST|fastran_FPP_000001@fastran_driver@2|FRAMEWORK@Framework@0|177,status=0, args=((0,),), message_id=RESPONSE|FRAMEWORK@Framework@0|fastran_FPP_000001@fastran_driver@2|18397)
2025-08-19 12:31:55,853 fastran_driver_fastran_driver_2 DEBUG    _invoke_service(): getTopic  ('_IPS_MONITOR',)
2025-08-19 12:31:55,853 fastran_driver_fastran_driver_2 DEBUG    _get_service_response(REQUEST|fastran_FPP_000001@fastran_driver@2|FRAMEWORK@Framework@0|178)
2025-08-19 12:31:55,864 fastran_driver_fastran_driver_2 DEBUG    _get_service_response(REQUEST|fastran_FPP_000001@fastran_driver@2|FRAMEWORK@Framework@0|178), response = ServiceResponseMessage(sender_id=FRAMEWORK@Framework@0, receiver_id=fastran_FPP_000001@fastran_driver@2, request_msg_id=REQUEST|fastran_FPP_000001@fastran_driver@2|FRAMEWORK@Framework@0|178,status=0, args=(<ipsframework.cca_es_spec.Topic object at 0x7f3a44a206d0>,), message_id=RESPONSE|FRAMEWORK@Framework@0|fastran_FPP_000001@fastran_driver@2|18398)
2025-08-19 12:31:55,864 fastran_driver_fastran_driver_2 DEBUG    _invoke_service(): sendEvent  ('_IPS_MONITOR', 'PORTAL_EVENT', {'sim_name': 'fastran_FPP_000001', 'real_sim_name': 'fastran_FPP_000001', 'portal_data': {'code': 'fastran_driver_fastran_driver', 'eventtype': 'IPS_CALL_END', 'ok': True, 'walltime': '9203.73', 'time': '2025-08-19|12:31:55PDT', 'trace': {'timestamp': 1755631617054237, 'duration': 298798720, 'localEndpoint': {'serviceName': 'fastran_FPP_000001@toric@5'}, 'name': 'step(4)', 'id': '65acd0db2dd2d253', 'parentId': 'f899e3e5886669ce', 'tags': {}}, 'state': 'Running', 'comment': 'Target = fastran_FPP_000001@toric@5:step(4)'}})
2025-08-19 12:31:55,864 fastran_driver_fastran_driver_2 DEBUG    _get_service_response(REQUEST|fastran_FPP_000001@fastran_driver@2|FRAMEWORK@Framework@0|179)
2025-08-19 12:31:55,875 fastran_driver_fastran_driver_2 DEBUG    _get_service_response(REQUEST|fastran_FPP_000001@fastran_driver@2|FRAMEWORK@Framework@0|179), response = ServiceResponseMessage(sender_id=FRAMEWORK@Framework@0, receiver_id=fastran_FPP_000001@fastran_driver@2, request_msg_id=REQUEST|fastran_FPP_000001@fastran_driver@2|FRAMEWORK@Framework@0|179,status=0, args=(None,), message_id=RESPONSE|FRAMEWORK@Framework@0|fastran_FPP_000001@fastran_driver@2|18399)
2025-08-19 12:31:55,875 fastran_driver_fastran_driver_2 DEBUG    _invoke_service(): getTopic  ('_IPS_MONITOR',)
2025-08-19 12:31:55,876 fastran_driver_fastran_driver_2 DEBUG    _get_service_response(REQUEST|fastran_FPP_000001@fastran_driver@2|FRAMEWORK@Framework@0|180)
2025-08-19 12:31:55,886 fastran_driver_fastran_driver_2 DEBUG    _get_service_response(REQUEST|fastran_FPP_000001@fastran_driver@2|FRAMEWORK@Framework@0|180), response = ServiceResponseMessage(sender_id=FRAMEWORK@Framework@0, receiver_id=fastran_FPP_000001@fastran_driver@2, request_msg_id=REQUEST|fastran_FPP_000001@fastran_driver@2|FRAMEWORK@Framework@0|180,status=0, args=(<ipsframework.cca_es_spec.Topic object at 0x7f3a44a209a0>,), message_id=RESPONSE|FRAMEWORK@Framework@0|fastran_FPP_000001@fastran_driver@2|18400)
2025-08-19 12:31:55,886 fastran_driver_fastran_driver_2 DEBUG    _invoke_service(): sendEvent  ('_IPS_MONITOR', 'PORTAL_EVENT', {'sim_name': 'fastran_FPP_000001', 'real_sim_name': 'fastran_FPP_000001', 'portal_data': {'code': 'fastran_driver_fastran_driver', 'eventtype': 'IPS_CALL_BEGIN', 'ok': True, 'walltime': '9203.75', 'time': '2025-08-19|12:31:55PDT', 'state': 'Running', 'comment': 'Target = fastran_FPP_000001@efit@6:step(4)'}})
2025-08-19 12:31:55,887 fastran_driver_fastran_driver_2 DEBUG    _get_service_response(REQUEST|fastran_FPP_000001@fastran_driver@2|FRAMEWORK@Framework@0|181)
2025-08-19 12:31:55,897 fastran_driver_fastran_driver_2 DEBUG    _get_service_response(REQUEST|fastran_FPP_000001@fastran_driver@2|FRAMEWORK@Framework@0|181), response = ServiceResponseMessage(sender_id=FRAMEWORK@Framework@0, receiver_id=fastran_FPP_000001@fastran_driver@2, request_msg_id=REQUEST|fastran_FPP_000001@fastran_driver@2|FRAMEWORK@Framework@0|181,status=0, args=(None,), message_id=RESPONSE|FRAMEWORK@Framework@0|fastran_FPP_000001@fastran_driver@2|18401)
2025-08-19 12:31:55,897 fastran_driver_fastran_driver_2 DEBUG    _invoke_service(): init_call  ('step', 4)
2025-08-19 12:31:55,898 fastran_driver_fastran_driver_2 DEBUG    _get_service_response(REQUEST|fastran_FPP_000001@fastran_driver@2|FRAMEWORK@Framework@0|182)
2025-08-19 12:31:55,898 fastran_eq_efit_6 DEBUG    Received Message 
2025-08-19 12:31:55,899 fastran_eq_efit_6 DEBUG    Calling method step(4)
2025-08-19 12:31:55,899 fastran_eq_efit_6 DEBUG    _invoke_service(): stage_state  (['s000001.00001', 'g000001.00001', 'i000001.00001'], '/pscratch/sd/h/hswils/github_repos/MANTA_DBSCANS/basecase/SCAN/work/plasma_state', '/pscratch/sd/h/hswils/github_repos/MANTA_DBSCANS/basecase/SCAN/work/fastran_eq_efit_6')
2025-08-19 12:31:55,899 fastran_eq_efit_6 DEBUG    _get_service_response(REQUEST|fastran_FPP_000001@efit@6|FRAMEWORK@Framework@0|32)
2025-08-19 12:31:55,909 fastran_driver_fastran_driver_2 DEBUG    _get_service_response(REQUEST|fastran_FPP_000001@fastran_driver@2|FRAMEWORK@Framework@0|182), response = ServiceResponseMessage(sender_id=FRAMEWORK@Framework@0, receiver_id=fastran_FPP_000001@fastran_driver@2, request_msg_id=REQUEST|fastran_FPP_000001@fastran_driver@2|FRAMEWORK@Framework@0|182,status=0, args=(31,), message_id=RESPONSE|FRAMEWORK@Framework@0|fastran_FPP_000001@fastran_driver@2|18402)
2025-08-19 12:31:55,909 fastran_driver_fastran_driver_2 DEBUG    _invoke_service(): wait_call  (31, True)
2025-08-19 12:31:55,909 fastran_driver_fastran_driver_2 DEBUG    _get_service_response(REQUEST|fastran_FPP_000001@fastran_driver@2|FRAMEWORK@Framework@0|183)
2025-08-19 12:31:55,920 fastran_eq_efit_6 DEBUG    _get_service_response(REQUEST|fastran_FPP_000001@efit@6|FRAMEWORK@Framework@0|32), response = ServiceResponseMessage(sender_id=FRAMEWORK@Framework@0, receiver_id=fastran_FPP_000001@efit@6, request_msg_id=REQUEST|fastran_FPP_000001@efit@6|FRAMEWORK@Framework@0|32,status=0, args=(0,), message_id=RESPONSE|FRAMEWORK@Framework@0|fastran_FPP_000001@efit@6|18403)
2025-08-19 12:31:55,920 fastran_eq_efit_6 DEBUG    _invoke_service(): getTopic  ('_IPS_MONITOR',)
2025-08-19 12:31:55,921 fastran_eq_efit_6 DEBUG    _get_service_response(REQUEST|fastran_FPP_000001@efit@6|FRAMEWORK@Framework@0|33)
2025-08-19 12:31:55,931 fastran_eq_efit_6 DEBUG    _get_service_response(REQUEST|fastran_FPP_000001@efit@6|FRAMEWORK@Framework@0|33), response = ServiceResponseMessage(sender_id=FRAMEWORK@Framework@0, receiver_id=fastran_FPP_000001@efit@6, request_msg_id=REQUEST|fastran_FPP_000001@efit@6|FRAMEWORK@Framework@0|33,status=0, args=(<ipsframework.cca_es_spec.Topic object at 0x7f3a449ba850>,), message_id=RESPONSE|FRAMEWORK@Framework@0|fastran_FPP_000001@efit@6|18404)
2025-08-19 12:31:55,931 fastran_eq_efit_6 DEBUG    _invoke_service(): sendEvent  ('_IPS_MONITOR', 'PORTAL_EVENT', {'sim_name': 'fastran_FPP_000001', 'real_sim_name': 'fastran_FPP_000001', 'portal_data': {'code': 'fastran_eq_efit', 'eventtype': 'IPS_STAGE_STATE', 'ok': True, 'walltime': '9203.80', 'time': '2025-08-19|12:31:55PDT', 'trace': {'timestamp': 1755631915899302, 'duration': 21501, 'localEndpoint': {'serviceName': 'stage_state'}, 'name': "['s000001.00001', 'g000001.00001', 'i000001.00001']", 'id': '71885aecf25d7412', 'parentId': '7684241fa4c35f75', 'tags': {}}, 'state': 'Running', 'comment': 'Elapsed time = 0.022  files = s000001.00001 g000001.00001 i000001.00001 Success'}})
2025-08-19 12:31:55,931 fastran_eq_efit_6 DEBUG    _get_service_response(REQUEST|fastran_FPP_000001@efit@6|FRAMEWORK@Framework@0|34)
2025-08-19 12:31:55,942 fastran_eq_efit_6 DEBUG    _get_service_response(REQUEST|fastran_FPP_000001@efit@6|FRAMEWORK@Framework@0|34), response = ServiceResponseMessage(sender_id=FRAMEWORK@Framework@0, receiver_id=fastran_FPP_000001@efit@6, request_msg_id=REQUEST|fastran_FPP_000001@efit@6|FRAMEWORK@Framework@0|34,status=0, args=(None,), message_id=RESPONSE|FRAMEWORK@Framework@0|fastran_FPP_000001@efit@6|18405)
2025-08-19 12:31:58,571 fastran_eq_efit_6 DEBUG    _invoke_service(): update_state  (['s000001.00001', 'g000001.00001', 'i000001.00001'], '/pscratch/sd/h/hswils/github_repos/MANTA_DBSCANS/basecase/SCAN/work/fastran_eq_efit_6', '/pscratch/sd/h/hswils/github_repos/MANTA_DBSCANS/basecase/SCAN/work/plasma_state')
2025-08-19 12:31:58,571 fastran_eq_efit_6 DEBUG    _get_service_response(REQUEST|fastran_FPP_000001@efit@6|FRAMEWORK@Framework@0|35)
2025-08-19 12:31:58,592 fastran_eq_efit_6 DEBUG    _get_service_response(REQUEST|fastran_FPP_000001@efit@6|FRAMEWORK@Framework@0|35), response = ServiceResponseMessage(sender_id=FRAMEWORK@Framework@0, receiver_id=fastran_FPP_000001@efit@6, request_msg_id=REQUEST|fastran_FPP_000001@efit@6|FRAMEWORK@Framework@0|35,status=0, args=(0,), message_id=RESPONSE|FRAMEWORK@Framework@0|fastran_FPP_000001@efit@6|18412)
2025-08-19 12:31:58,592 fastran_eq_efit_6 DEBUG    _invoke_service(): getTopic  ('_IPS_MONITOR',)
2025-08-19 12:31:58,592 fastran_eq_efit_6 DEBUG    _get_service_response(REQUEST|fastran_FPP_000001@efit@6|FRAMEWORK@Framework@0|36)
2025-08-19 12:31:58,603 fastran_eq_efit_6 DEBUG    _get_service_response(REQUEST|fastran_FPP_000001@efit@6|FRAMEWORK@Framework@0|36), response = ServiceResponseMessage(sender_id=FRAMEWORK@Framework@0, receiver_id=fastran_FPP_000001@efit@6, request_msg_id=REQUEST|fastran_FPP_000001@efit@6|FRAMEWORK@Framework@0|36,status=0, args=(<ipsframework.cca_es_spec.Topic object at 0x7f3a449f5340>,), message_id=RESPONSE|FRAMEWORK@Framework@0|fastran_FPP_000001@efit@6|18413)
2025-08-19 12:31:58,603 fastran_eq_efit_6 DEBUG    _invoke_service(): sendEvent  ('_IPS_MONITOR', 'PORTAL_EVENT', {'sim_name': 'fastran_FPP_000001', 'real_sim_name': 'fastran_FPP_000001', 'portal_data': {'code': 'fastran_eq_efit', 'eventtype': 'IPS_UPDATE_STATE', 'ok': True, 'walltime': '9206.47', 'time': '2025-08-19|12:31:58PDT', 'trace': {'timestamp': 1755631918571337, 'duration': 20973, 'localEndpoint': {'serviceName': 'update_state'}, 'name': "['s000001.00001', 'g000001.00001', 'i000001.00001']", 'id': '7629e189a66153c0', 'parentId': '7684241fa4c35f75', 'tags': {}}, 'state': 'Running', 'comment': 'Elapsed time = 0.021   files = s000001.00001 g000001.00001 i000001.00001 Success'}})
2025-08-19 12:31:58,603 fastran_eq_efit_6 DEBUG    _get_service_response(REQUEST|fastran_FPP_000001@efit@6|FRAMEWORK@Framework@0|37)
2025-08-19 12:31:58,614 fastran_eq_efit_6 DEBUG    _get_service_response(REQUEST|fastran_FPP_000001@efit@6|FRAMEWORK@Framework@0|37), response = ServiceResponseMessage(sender_id=FRAMEWORK@Framework@0, receiver_id=fastran_FPP_000001@efit@6, request_msg_id=REQUEST|fastran_FPP_000001@efit@6|FRAMEWORK@Framework@0|37,status=0, args=(None,), message_id=RESPONSE|FRAMEWORK@Framework@0|fastran_FPP_000001@efit@6|18414)
2025-08-19 12:31:58,639 fastran_eq_efit_6 DEBUG    _invoke_service(): getTopic  ('_IPS_MONITOR',)
2025-08-19 12:31:58,639 fastran_eq_efit_6 DEBUG    _get_service_response(REQUEST|fastran_FPP_000001@efit@6|FRAMEWORK@Framework@0|38)
2025-08-19 12:31:58,649 fastran_eq_efit_6 DEBUG    _get_service_response(REQUEST|fastran_FPP_000001@efit@6|FRAMEWORK@Framework@0|38), response = ServiceResponseMessage(sender_id=FRAMEWORK@Framework@0, receiver_id=fastran_FPP_000001@efit@6, request_msg_id=REQUEST|fastran_FPP_000001@efit@6|FRAMEWORK@Framework@0|38,status=0, args=(<ipsframework.cca_es_spec.Topic object at 0x7f3a449f5670>,), message_id=RESPONSE|FRAMEWORK@Framework@0|fastran_FPP_000001@efit@6|18415)
2025-08-19 12:31:58,650 fastran_eq_efit_6 DEBUG    _invoke_service(): sendEvent  ('_IPS_MONITOR', 'PORTAL_EVENT', {'sim_name': 'fastran_FPP_000001', 'real_sim_name': 'fastran_FPP_000001', 'portal_data': {'code': 'fastran_eq_efit', 'eventtype': 'IPS_STAGE_OUTPUTS', 'ok': True, 'walltime': '9206.52', 'time': '2025-08-19|12:31:58PDT', 'trace': {'timestamp': 1755631918614476, 'duration': 24861, 'localEndpoint': {'serviceName': 'stage_output_files'}, 'name': "['g*.*', 'a*.*', 'm*.*', 'k*.*', 'efit.log', 's*.*']", 'id': '80725d8eee5776f1', 'parentId': '7684241fa4c35f75', 'tags': {}}, 'state': 'Running', 'comment': "Elapsed time = 0.025 Path = /pscratch/sd/h/hswils/github_repos/MANTA_DBSCANS/basecase/SCAN/simulation_results/4/components/fastran_eq_efit_6 Files = ['g*.*', 'a*.*', 'm*.*', 'k*.*', 'efit.log', 's*.*']"}})
2025-08-19 12:31:58,650 fastran_eq_efit_6 DEBUG    _get_service_response(REQUEST|fastran_FPP_000001@efit@6|FRAMEWORK@Framework@0|39)
2025-08-19 12:31:58,661 fastran_eq_efit_6 DEBUG    _get_service_response(REQUEST|fastran_FPP_000001@efit@6|FRAMEWORK@Framework@0|39), response = ServiceResponseMessage(sender_id=FRAMEWORK@Framework@0, receiver_id=fastran_FPP_000001@efit@6, request_msg_id=REQUEST|fastran_FPP_000001@efit@6|FRAMEWORK@Framework@0|39,status=0, args=(None,), message_id=RESPONSE|FRAMEWORK@Framework@0|fastran_FPP_000001@efit@6|18416)
2025-08-19 12:31:58,673 fastran_driver_fastran_driver_2 DEBUG    _get_service_response(REQUEST|fastran_FPP_000001@fastran_driver@2|FRAMEWORK@Framework@0|183), response = ServiceResponseMessage(sender_id=FRAMEWORK@Framework@0, receiver_id=fastran_FPP_000001@fastran_driver@2, request_msg_id=REQUEST|fastran_FPP_000001@fastran_driver@2|FRAMEWORK@Framework@0|183,status=0, args=((None,),), message_id=RESPONSE|FRAMEWORK@Framework@0|fastran_FPP_000001@fastran_driver@2|18417)
2025-08-19 12:31:58,673 fastran_driver_fastran_driver_2 DEBUG    _invoke_service(): getTopic  ('_IPS_MONITOR',)
2025-08-19 12:31:58,673 fastran_driver_fastran_driver_2 DEBUG    _get_service_response(REQUEST|fastran_FPP_000001@fastran_driver@2|FRAMEWORK@Framework@0|184)
2025-08-19 12:31:58,684 fastran_driver_fastran_driver_2 DEBUG    _get_service_response(REQUEST|fastran_FPP_000001@fastran_driver@2|FRAMEWORK@Framework@0|184), response = ServiceResponseMessage(sender_id=FRAMEWORK@Framework@0, receiver_id=fastran_FPP_000001@fastran_driver@2, request_msg_id=REQUEST|fastran_FPP_000001@fastran_driver@2|FRAMEWORK@Framework@0|184,status=0, args=(<ipsframework.cca_es_spec.Topic object at 0x7f3a44a206a0>,), message_id=RESPONSE|FRAMEWORK@Framework@0|fastran_FPP_000001@fastran_driver@2|18418)
2025-08-19 12:31:58,684 fastran_driver_fastran_driver_2 DEBUG    _invoke_service(): sendEvent  ('_IPS_MONITOR', 'PORTAL_EVENT', {'sim_name': 'fastran_FPP_000001', 'real_sim_name': 'fastran_FPP_000001', 'portal_data': {'code': 'fastran_driver_fastran_driver', 'eventtype': 'IPS_CALL_END', 'ok': True, 'walltime': '9206.55', 'time': '2025-08-19|12:31:58PDT', 'trace': {'timestamp': 1755631915909193, 'duration': 2764459, 'localEndpoint': {'serviceName': 'fastran_FPP_000001@efit@6'}, 'name': 'step(4)', 'id': '7684241fa4c35f75', 'parentId': 'f899e3e5886669ce', 'tags': {}}, 'state': 'Running', 'comment': 'Target = fastran_FPP_000001@efit@6:step(4)'}})
2025-08-19 12:31:58,684 fastran_driver_fastran_driver_2 DEBUG    _get_service_response(REQUEST|fastran_FPP_000001@fastran_driver@2|FRAMEWORK@Framework@0|185)
2025-08-19 12:31:58,695 fastran_driver_fastran_driver_2 DEBUG    _get_service_response(REQUEST|fastran_FPP_000001@fastran_driver@2|FRAMEWORK@Framework@0|185), response = ServiceResponseMessage(sender_id=FRAMEWORK@Framework@0, receiver_id=fastran_FPP_000001@fastran_driver@2, request_msg_id=REQUEST|fastran_FPP_000001@fastran_driver@2|FRAMEWORK@Framework@0|185,status=0, args=(None,), message_id=RESPONSE|FRAMEWORK@Framework@0|fastran_FPP_000001@fastran_driver@2|18419)
2025-08-19 12:31:58,695 fastran_driver_fastran_driver_2 DEBUG    _invoke_service(): getTopic  ('_IPS_MONITOR',)
2025-08-19 12:31:58,695 fastran_driver_fastran_driver_2 DEBUG    _get_service_response(REQUEST|fastran_FPP_000001@fastran_driver@2|FRAMEWORK@Framework@0|186)
2025-08-19 12:31:58,706 fastran_driver_fastran_driver_2 DEBUG    _get_service_response(REQUEST|fastran_FPP_000001@fastran_driver@2|FRAMEWORK@Framework@0|186), response = ServiceResponseMessage(sender_id=FRAMEWORK@Framework@0, receiver_id=fastran_FPP_000001@fastran_driver@2, request_msg_id=REQUEST|fastran_FPP_000001@fastran_driver@2|FRAMEWORK@Framework@0|186,status=0, args=(<ipsframework.cca_es_spec.Topic object at 0x7f3a44a20970>,), message_id=RESPONSE|FRAMEWORK@Framework@0|fastran_FPP_000001@fastran_driver@2|18420)
2025-08-19 12:31:58,706 fastran_driver_fastran_driver_2 DEBUG    _invoke_service(): sendEvent  ('_IPS_MONITOR', 'PORTAL_EVENT', {'sim_name': 'fastran_FPP_000001', 'real_sim_name': 'fastran_FPP_000001', 'portal_data': {'code': 'fastran_driver_fastran_driver', 'eventtype': 'IPS_CALL_BEGIN', 'ok': True, 'walltime': '9206.57', 'time': '2025-08-19|12:31:58PDT', 'state': 'Running', 'comment': 'Target = fastran_FPP_000001@fastran@7:step(4)'}})
2025-08-19 12:31:58,706 fastran_driver_fastran_driver_2 DEBUG    _get_service_response(REQUEST|fastran_FPP_000001@fastran_driver@2|FRAMEWORK@Framework@0|187)
2025-08-19 12:31:58,717 fastran_driver_fastran_driver_2 DEBUG    _get_service_response(REQUEST|fastran_FPP_000001@fastran_driver@2|FRAMEWORK@Framework@0|187), response = ServiceResponseMessage(sender_id=FRAMEWORK@Framework@0, receiver_id=fastran_FPP_000001@fastran_driver@2, request_msg_id=REQUEST|fastran_FPP_000001@fastran_driver@2|FRAMEWORK@Framework@0|187,status=0, args=(None,), message_id=RESPONSE|FRAMEWORK@Framework@0|fastran_FPP_000001@fastran_driver@2|18421)
2025-08-19 12:31:58,717 fastran_driver_fastran_driver_2 DEBUG    _invoke_service(): init_call  ('step', 4)
2025-08-19 12:31:58,717 fastran_driver_fastran_driver_2 DEBUG    _get_service_response(REQUEST|fastran_FPP_000001@fastran_driver@2|FRAMEWORK@Framework@0|188)
2025-08-19 12:31:58,718 fastran_tr_fastran_7 DEBUG    Received Message 
2025-08-19 12:31:58,718 fastran_tr_fastran_7 DEBUG    Calling method step(4)
2025-08-19 12:31:58,719 fastran_tr_fastran_7 DEBUG    _invoke_service(): stage_state  (['s000001.00001', 'g000001.00001', 'i000001.00001'], '/pscratch/sd/h/hswils/github_repos/MANTA_DBSCANS/basecase/SCAN/work/plasma_state', '/pscratch/sd/h/hswils/github_repos/MANTA_DBSCANS/basecase/SCAN/work/fastran_tr_fastran_7')
2025-08-19 12:31:58,719 fastran_tr_fastran_7 DEBUG    _get_service_response(REQUEST|fastran_FPP_000001@fastran@7|FRAMEWORK@Framework@0|64)
2025-08-19 12:31:58,728 fastran_driver_fastran_driver_2 DEBUG    _get_service_response(REQUEST|fastran_FPP_000001@fastran_driver@2|FRAMEWORK@Framework@0|188), response = ServiceResponseMessage(sender_id=FRAMEWORK@Framework@0, receiver_id=fastran_FPP_000001@fastran_driver@2, request_msg_id=REQUEST|fastran_FPP_000001@fastran_driver@2|FRAMEWORK@Framework@0|188,status=0, args=(32,), message_id=RESPONSE|FRAMEWORK@Framework@0|fastran_FPP_000001@fastran_driver@2|18422)
2025-08-19 12:31:58,728 fastran_driver_fastran_driver_2 DEBUG    _invoke_service(): wait_call  (32, True)
2025-08-19 12:31:58,728 fastran_driver_fastran_driver_2 DEBUG    _get_service_response(REQUEST|fastran_FPP_000001@fastran_driver@2|FRAMEWORK@Framework@0|189)
2025-08-19 12:31:58,739 fastran_tr_fastran_7 DEBUG    _get_service_response(REQUEST|fastran_FPP_000001@fastran@7|FRAMEWORK@Framework@0|64), response = ServiceResponseMessage(sender_id=FRAMEWORK@Framework@0, receiver_id=fastran_FPP_000001@fastran@7, request_msg_id=REQUEST|fastran_FPP_000001@fastran@7|FRAMEWORK@Framework@0|64,status=0, args=(0,), message_id=RESPONSE|FRAMEWORK@Framework@0|fastran_FPP_000001@fastran@7|18423)
2025-08-19 12:31:58,739 fastran_tr_fastran_7 DEBUG    _invoke_service(): getTopic  ('_IPS_MONITOR',)
2025-08-19 12:31:58,740 fastran_tr_fastran_7 DEBUG    _get_service_response(REQUEST|fastran_FPP_000001@fastran@7|FRAMEWORK@Framework@0|65)
2025-08-19 12:31:58,750 fastran_tr_fastran_7 DEBUG    _get_service_response(REQUEST|fastran_FPP_000001@fastran@7|FRAMEWORK@Framework@0|65), response = ServiceResponseMessage(sender_id=FRAMEWORK@Framework@0, receiver_id=fastran_FPP_000001@fastran@7, request_msg_id=REQUEST|fastran_FPP_000001@fastran@7|FRAMEWORK@Framework@0|65,status=0, args=(<ipsframework.cca_es_spec.Topic object at 0x7f3a449e5a60>,), message_id=RESPONSE|FRAMEWORK@Framework@0|fastran_FPP_000001@fastran@7|18424)
2025-08-19 12:31:58,750 fastran_tr_fastran_7 DEBUG    _invoke_service(): sendEvent  ('_IPS_MONITOR', 'PORTAL_EVENT', {'sim_name': 'fastran_FPP_000001', 'real_sim_name': 'fastran_FPP_000001', 'portal_data': {'code': 'fastran_tr_fastran', 'eventtype': 'IPS_STAGE_STATE', 'ok': True, 'walltime': '9206.62', 'time': '2025-08-19|12:31:58PDT', 'trace': {'timestamp': 1755631918718936, 'duration': 20951, 'localEndpoint': {'serviceName': 'stage_state'}, 'name': "['s000001.00001', 'g000001.00001', 'i000001.00001']", 'id': '71885aecf25d7412', 'parentId': '45211a5914fb4f50', 'tags': {}}, 'state': 'Running', 'comment': 'Elapsed time = 0.021  files = s000001.00001 g000001.00001 i000001.00001 Success'}})
2025-08-19 12:31:58,750 fastran_tr_fastran_7 DEBUG    _get_service_response(REQUEST|fastran_FPP_000001@fastran@7|FRAMEWORK@Framework@0|66)
2025-08-19 12:31:58,761 fastran_tr_fastran_7 DEBUG    _get_service_response(REQUEST|fastran_FPP_000001@fastran@7|FRAMEWORK@Framework@0|66), response = ServiceResponseMessage(sender_id=FRAMEWORK@Framework@0, receiver_id=fastran_FPP_000001@fastran@7, request_msg_id=REQUEST|fastran_FPP_000001@fastran@7|FRAMEWORK@Framework@0|66,status=0, args=(None,), message_id=RESPONSE|FRAMEWORK@Framework@0|fastran_FPP_000001@fastran@7|18425)
2025-08-19 12:31:58,770 fastran_tr_fastran_7 DEBUG    _invoke_service(): getTopic  ('_IPS_MONITOR',)
2025-08-19 12:31:58,770 fastran_tr_fastran_7 DEBUG    _get_service_response(REQUEST|fastran_FPP_000001@fastran@7|FRAMEWORK@Framework@0|67)
2025-08-19 12:31:58,780 fastran_tr_fastran_7 DEBUG    _get_service_response(REQUEST|fastran_FPP_000001@fastran@7|FRAMEWORK@Framework@0|67), response = ServiceResponseMessage(sender_id=FRAMEWORK@Framework@0, receiver_id=fastran_FPP_000001@fastran@7, request_msg_id=REQUEST|fastran_FPP_000001@fastran@7|FRAMEWORK@Framework@0|67,status=0, args=(<ipsframework.cca_es_spec.Topic object at 0x7f3a449ba760>,), message_id=RESPONSE|FRAMEWORK@Framework@0|fastran_FPP_000001@fastran@7|18426)
2025-08-19 12:31:58,781 fastran_tr_fastran_7 DEBUG    _invoke_service(): sendEvent  ('_IPS_MONITOR', 'PORTAL_EVENT', {'sim_name': 'fastran_FPP_000001', 'real_sim_name': 'fastran_FPP_000001', 'portal_data': {'code': 'fastran_tr_fastran', 'eventtype': 'IPS_STAGE_INPUTS', 'ok': True, 'walltime': '9206.65', 'time': '2025-08-19|12:31:58PDT', 'trace': {'timestamp': 1755631918761953, 'duration': 8093, 'localEndpoint': {'serviceName': 'stage_input_files'}, 'name': 'infastran intglf', 'id': '5ff6e2efe4653e6c', 'parentId': '45211a5914fb4f50', 'tags': {}}, 'state': 'Running', 'comment': 'Elapsed time = 0.008 Path = /pscratch/sd/h/hswils/github_repos/MANTA_DBSCANS/basecase/input Files = infastran intglf'}})
2025-08-19 12:31:58,781 fastran_tr_fastran_7 DEBUG    _get_service_response(REQUEST|fastran_FPP_000001@fastran@7|FRAMEWORK@Framework@0|68)
2025-08-19 12:31:58,792 fastran_tr_fastran_7 DEBUG    _get_service_response(REQUEST|fastran_FPP_000001@fastran@7|FRAMEWORK@Framework@0|68), response = ServiceResponseMessage(sender_id=FRAMEWORK@Framework@0, receiver_id=fastran_FPP_000001@fastran@7, request_msg_id=REQUEST|fastran_FPP_000001@fastran@7|FRAMEWORK@Framework@0|68,status=0, args=(None,), message_id=RESPONSE|FRAMEWORK@Framework@0|fastran_FPP_000001@fastran@7|18427)
2025-08-19 12:31:59,021 fastran_tr_fastran_7 DEBUG    _invoke_service(): init_task  (TaskInit(nproc=1, binary='/global/common/software/atom/perlmutter/binaries/fastran/default/xfastran_ver1.06', working_dir='/pscratch/sd/h/hswils/github_repos/MANTA_DBSCANS/basecase/SCAN/work/fastran_tr_fastran_7', tppn=0, tcpp=0, tgpp=0, block=True, omp=False, wnodes=True, wsocks=True, cmd_args=('1', '1')),)
2025-08-19 12:31:59,021 fastran_tr_fastran_7 DEBUG    _get_service_response(REQUEST|fastran_FPP_000001@fastran@7|FRAMEWORK@Framework@0|69)
2025-08-19 12:31:59,032 fastran_tr_fastran_7 DEBUG    _get_service_response(REQUEST|fastran_FPP_000001@fastran@7|FRAMEWORK@Framework@0|69), response = ServiceResponseMessage(sender_id=FRAMEWORK@Framework@0, receiver_id=fastran_FPP_000001@fastran@7, request_msg_id=REQUEST|fastran_FPP_000001@fastran@7|FRAMEWORK@Framework@0|69,status=0, args=((11, 'srun -N 1 -n 1 -c 128 --threads-per-core=1 --cpu-bind=cores /global/common/software/atom/perlmutter/binaries/fastran/default/xfastran_ver1.06 1 1', None, 128),), message_id=RESPONSE|FRAMEWORK@Framework@0|fastran_FPP_000001@fastran@7|18428)
2025-08-19 12:31:59,033 fastran_tr_fastran_7 DEBUG    Launching command : srun -N 1 -n 1 -c 128 --threads-per-core=1 --cpu-bind=cores /global/common/software/atom/perlmutter/binaries/fastran/default/xfastran_ver1.06 1 1
2025-08-19 12:31:59,049 fastran_tr_fastran_7 DEBUG    _invoke_service(): getTopic  ('_IPS_MONITOR',)
2025-08-19 12:31:59,049 fastran_tr_fastran_7 DEBUG    _get_service_response(REQUEST|fastran_FPP_000001@fastran@7|FRAMEWORK@Framework@0|70)
2025-08-19 12:31:59,060 fastran_tr_fastran_7 DEBUG    _get_service_response(REQUEST|fastran_FPP_000001@fastran@7|FRAMEWORK@Framework@0|70), response = ServiceResponseMessage(sender_id=FRAMEWORK@Framework@0, receiver_id=fastran_FPP_000001@fastran@7, request_msg_id=REQUEST|fastran_FPP_000001@fastran@7|FRAMEWORK@Framework@0|70,status=0, args=(<ipsframework.cca_es_spec.Topic object at 0x7f3a449bae80>,), message_id=RESPONSE|FRAMEWORK@Framework@0|fastran_FPP_000001@fastran@7|18430)
2025-08-19 12:31:59,060 fastran_tr_fastran_7 DEBUG    _invoke_service(): sendEvent  ('_IPS_MONITOR', 'PORTAL_EVENT', {'sim_name': 'fastran_FPP_000001', 'real_sim_name': 'fastran_FPP_000001', 'portal_data': {'code': 'fastran_tr_fastran', 'eventtype': 'IPS_LAUNCH_TASK', 'ok': True, 'walltime': '9206.93', 'time': '2025-08-19|12:31:59PDT', 'state': 'Running', 'comment': 'task_id = 11 , Tag = None , nproc = 1 , Target = srun -N 1 -n 1 -c 128 --threads-per-core=1 --cpu-bind=cores /global/common/software/atom/perlmutter/binaries/fastran/default/xfastran_ver1.06 1 1'}})
2025-08-19 12:31:59,060 fastran_tr_fastran_7 DEBUG    _get_service_response(REQUEST|fastran_FPP_000001@fastran@7|FRAMEWORK@Framework@0|71)
2025-08-19 12:31:59,071 fastran_tr_fastran_7 DEBUG    _get_service_response(REQUEST|fastran_FPP_000001@fastran@7|FRAMEWORK@Framework@0|71), response = ServiceResponseMessage(sender_id=FRAMEWORK@Framework@0, receiver_id=fastran_FPP_000001@fastran@7, request_msg_id=REQUEST|fastran_FPP_000001@fastran@7|FRAMEWORK@Framework@0|71,status=0, args=(None,), message_id=RESPONSE|FRAMEWORK@Framework@0|fastran_FPP_000001@fastran@7|18431)
2025-08-19 13:03:54,343 fastran_tr_fastran_7 DEBUG    _invoke_service(): getTopic  ('_IPS_MONITOR',)
2025-08-19 13:03:54,343 fastran_tr_fastran_7 DEBUG    _get_service_response(REQUEST|fastran_FPP_000001@fastran@7|FRAMEWORK@Framework@0|72)
2025-08-19 13:03:54,354 fastran_tr_fastran_7 DEBUG    _get_service_response(REQUEST|fastran_FPP_000001@fastran@7|FRAMEWORK@Framework@0|72), response = ServiceResponseMessage(sender_id=FRAMEWORK@Framework@0, receiver_id=fastran_FPP_000001@fastran@7, request_msg_id=REQUEST|fastran_FPP_000001@fastran@7|FRAMEWORK@Framework@0|72,status=0, args=(<ipsframework.cca_es_spec.Topic object at 0x7f3a449ba370>,), message_id=RESPONSE|FRAMEWORK@Framework@0|fastran_FPP_000001@fastran@7|22177)
2025-08-19 13:03:54,355 fastran_tr_fastran_7 DEBUG    _invoke_service(): sendEvent  ('_IPS_MONITOR', 'PORTAL_EVENT', {'sim_name': 'fastran_FPP_000001', 'real_sim_name': 'fastran_FPP_000001', 'portal_data': {'code': 'fastran_tr_fastran', 'eventtype': 'IPS_TASK_END', 'ok': True, 'walltime': '11122.22', 'time': '2025-08-19|13:03:54PDT', 'trace': {'timestamp': 1755631919048928, 'duration': 1915294733, 'localEndpoint': {'serviceName': '/global/common/software/atom/perlmutter/binaries/fastran/default/xfastran_ver1.06'}, 'name': '1 1', 'id': 'a8183b95621ec6b7', 'parentId': '45211a5914fb4f50', 'tags': {'procs_requested': '1', 'cores_allocated': '128'}}, 'state': 'Running', 'comment': 'task_id = 11  elapsed time = 1915.29 S'}})
2025-08-19 13:03:54,355 fastran_tr_fastran_7 DEBUG    _get_service_response(REQUEST|fastran_FPP_000001@fastran@7|FRAMEWORK@Framework@0|73)
2025-08-19 13:03:54,366 fastran_tr_fastran_7 DEBUG    _get_service_response(REQUEST|fastran_FPP_000001@fastran@7|FRAMEWORK@Framework@0|73), response = ServiceResponseMessage(sender_id=FRAMEWORK@Framework@0, receiver_id=fastran_FPP_000001@fastran@7, request_msg_id=REQUEST|fastran_FPP_000001@fastran@7|FRAMEWORK@Framework@0|73,status=0, args=(None,), message_id=RESPONSE|FRAMEWORK@Framework@0|fastran_FPP_000001@fastran@7|22178)
2025-08-19 13:03:54,366 fastran_tr_fastran_7 DEBUG    _invoke_service(): finish_task  (11, 0)
2025-08-19 13:03:54,366 fastran_tr_fastran_7 DEBUG    _get_service_response(REQUEST|fastran_FPP_000001@fastran@7|FRAMEWORK@Framework@0|74)
2025-08-19 13:03:54,377 fastran_tr_fastran_7 DEBUG    _get_service_response(REQUEST|fastran_FPP_000001@fastran@7|FRAMEWORK@Framework@0|74), response = ServiceResponseMessage(sender_id=FRAMEWORK@Framework@0, receiver_id=fastran_FPP_000001@fastran@7, request_msg_id=REQUEST|fastran_FPP_000001@fastran@7|FRAMEWORK@Framework@0|74,status=0, args=(0,), message_id=RESPONSE|FRAMEWORK@Framework@0|fastran_FPP_000001@fastran@7|22179)
2025-08-19 13:03:54,675 fastran_tr_fastran_7 DEBUG    _invoke_service(): update_state  (['s000001.00001', 'g000001.00001', 'i000001.00001'], '/pscratch/sd/h/hswils/github_repos/MANTA_DBSCANS/basecase/SCAN/work/fastran_tr_fastran_7', '/pscratch/sd/h/hswils/github_repos/MANTA_DBSCANS/basecase/SCAN/work/plasma_state')
2025-08-19 13:03:54,675 fastran_tr_fastran_7 DEBUG    _get_service_response(REQUEST|fastran_FPP_000001@fastran@7|FRAMEWORK@Framework@0|75)
2025-08-19 13:03:54,697 fastran_tr_fastran_7 DEBUG    _get_service_response(REQUEST|fastran_FPP_000001@fastran@7|FRAMEWORK@Framework@0|75), response = ServiceResponseMessage(sender_id=FRAMEWORK@Framework@0, receiver_id=fastran_FPP_000001@fastran@7, request_msg_id=REQUEST|fastran_FPP_000001@fastran@7|FRAMEWORK@Framework@0|75,status=0, args=(0,), message_id=RESPONSE|FRAMEWORK@Framework@0|fastran_FPP_000001@fastran@7|22180)
2025-08-19 13:03:54,697 fastran_tr_fastran_7 DEBUG    _invoke_service(): getTopic  ('_IPS_MONITOR',)
2025-08-19 13:03:54,698 fastran_tr_fastran_7 DEBUG    _get_service_response(REQUEST|fastran_FPP_000001@fastran@7|FRAMEWORK@Framework@0|76)
2025-08-19 13:03:54,708 fastran_tr_fastran_7 DEBUG    _get_service_response(REQUEST|fastran_FPP_000001@fastran@7|FRAMEWORK@Framework@0|76), response = ServiceResponseMessage(sender_id=FRAMEWORK@Framework@0, receiver_id=fastran_FPP_000001@fastran@7, request_msg_id=REQUEST|fastran_FPP_000001@fastran@7|FRAMEWORK@Framework@0|76,status=0, args=(<ipsframework.cca_es_spec.Topic object at 0x7f3a449468e0>,), message_id=RESPONSE|FRAMEWORK@Framework@0|fastran_FPP_000001@fastran@7|22182)
2025-08-19 13:03:54,708 fastran_tr_fastran_7 DEBUG    _invoke_service(): sendEvent  ('_IPS_MONITOR', 'PORTAL_EVENT', {'sim_name': 'fastran_FPP_000001', 'real_sim_name': 'fastran_FPP_000001', 'portal_data': {'code': 'fastran_tr_fastran', 'eventtype': 'IPS_UPDATE_STATE', 'ok': True, 'walltime': '11122.58', 'time': '2025-08-19|13:03:54PDT', 'trace': {'timestamp': 1755633834675352, 'duration': 22382, 'localEndpoint': {'serviceName': 'update_state'}, 'name': "['s000001.00001', 'g000001.00001', 'i000001.00001']", 'id': '7629e189a66153c0', 'parentId': '45211a5914fb4f50', 'tags': {}}, 'state': 'Running', 'comment': 'Elapsed time = 0.022   files = s000001.00001 g000001.00001 i000001.00001 Success'}})
2025-08-19 13:03:54,708 fastran_tr_fastran_7 DEBUG    _get_service_response(REQUEST|fastran_FPP_000001@fastran@7|FRAMEWORK@Framework@0|77)
2025-08-19 13:03:54,719 fastran_tr_fastran_7 DEBUG    _get_service_response(REQUEST|fastran_FPP_000001@fastran@7|FRAMEWORK@Framework@0|77), response = ServiceResponseMessage(sender_id=FRAMEWORK@Framework@0, receiver_id=fastran_FPP_000001@fastran@7, request_msg_id=REQUEST|fastran_FPP_000001@fastran@7|FRAMEWORK@Framework@0|77,status=0, args=(None,), message_id=RESPONSE|FRAMEWORK@Framework@0|fastran_FPP_000001@fastran@7|22183)
2025-08-19 13:03:54,738 fastran_tr_fastran_7 DEBUG    _invoke_service(): getTopic  ('_IPS_MONITOR',)
2025-08-19 13:03:54,738 fastran_tr_fastran_7 DEBUG    _get_service_response(REQUEST|fastran_FPP_000001@fastran@7|FRAMEWORK@Framework@0|78)
2025-08-19 13:03:54,749 fastran_tr_fastran_7 DEBUG    _get_service_response(REQUEST|fastran_FPP_000001@fastran@7|FRAMEWORK@Framework@0|78), response = ServiceResponseMessage(sender_id=FRAMEWORK@Framework@0, receiver_id=fastran_FPP_000001@fastran@7, request_msg_id=REQUEST|fastran_FPP_000001@fastran@7|FRAMEWORK@Framework@0|78,status=0, args=(<ipsframework.cca_es_spec.Topic object at 0x7f3a449469d0>,), message_id=RESPONSE|FRAMEWORK@Framework@0|fastran_FPP_000001@fastran@7|22184)
2025-08-19 13:03:54,749 fastran_tr_fastran_7 DEBUG    _invoke_service(): sendEvent  ('_IPS_MONITOR', 'PORTAL_EVENT', {'sim_name': 'fastran_FPP_000001', 'real_sim_name': 'fastran_FPP_000001', 'portal_data': {'code': 'fastran_tr_fastran', 'eventtype': 'IPS_STAGE_OUTPUTS', 'ok': True, 'walltime': '11122.62', 'time': '2025-08-19|13:03:54PDT', 'trace': {'timestamp': 1755633834719774, 'duration': 18511, 'localEndpoint': {'serviceName': 'stage_output_files'}, 'name': "['fastran.nc', 'inprof', 'inmetric', 'infastran', 'intglf', 'xfastran.log', 'i000001.00001']", 'id': '7349cfaaafc33980', 'parentId': '45211a5914fb4f50', 'tags': {}}, 'state': 'Running', 'comment': "Elapsed time = 0.019 Path = /pscratch/sd/h/hswils/github_repos/MANTA_DBSCANS/basecase/SCAN/simulation_results/4/components/fastran_tr_fastran_7 Files = ['fastran.nc', 'inprof', 'inmetric', 'infastran', 'intglf', 'xfastran.log', 'i000001.00001']"}})
2025-08-19 13:03:54,749 fastran_tr_fastran_7 DEBUG    _get_service_response(REQUEST|fastran_FPP_000001@fastran@7|FRAMEWORK@Framework@0|79)
2025-08-19 13:03:54,760 fastran_tr_fastran_7 DEBUG    _get_service_response(REQUEST|fastran_FPP_000001@fastran@7|FRAMEWORK@Framework@0|79), response = ServiceResponseMessage(sender_id=FRAMEWORK@Framework@0, receiver_id=fastran_FPP_000001@fastran@7, request_msg_id=REQUEST|fastran_FPP_000001@fastran@7|FRAMEWORK@Framework@0|79,status=0, args=(None,), message_id=RESPONSE|FRAMEWORK@Framework@0|fastran_FPP_000001@fastran@7|22185)
2025-08-19 13:03:54,771 fastran_driver_fastran_driver_2 DEBUG    _get_service_response(REQUEST|fastran_FPP_000001@fastran_driver@2|FRAMEWORK@Framework@0|189), response = ServiceResponseMessage(sender_id=FRAMEWORK@Framework@0, receiver_id=fastran_FPP_000001@fastran_driver@2, request_msg_id=REQUEST|fastran_FPP_000001@fastran_driver@2|FRAMEWORK@Framework@0|189,status=0, args=((None,),), message_id=RESPONSE|FRAMEWORK@Framework@0|fastran_FPP_000001@fastran_driver@2|22186)
2025-08-19 13:03:54,771 fastran_driver_fastran_driver_2 DEBUG    _invoke_service(): getTopic  ('_IPS_MONITOR',)
2025-08-19 13:03:54,771 fastran_driver_fastran_driver_2 DEBUG    _get_service_response(REQUEST|fastran_FPP_000001@fastran_driver@2|FRAMEWORK@Framework@0|190)
2025-08-19 13:03:54,782 fastran_driver_fastran_driver_2 DEBUG    _get_service_response(REQUEST|fastran_FPP_000001@fastran_driver@2|FRAMEWORK@Framework@0|190), response = ServiceResponseMessage(sender_id=FRAMEWORK@Framework@0, receiver_id=fastran_FPP_000001@fastran_driver@2, request_msg_id=REQUEST|fastran_FPP_000001@fastran_driver@2|FRAMEWORK@Framework@0|190,status=0, args=(<ipsframework.cca_es_spec.Topic object at 0x7f3a44a206d0>,), message_id=RESPONSE|FRAMEWORK@Framework@0|fastran_FPP_000001@fastran_driver@2|22187)
2025-08-19 13:03:54,782 fastran_driver_fastran_driver_2 DEBUG    _invoke_service(): sendEvent  ('_IPS_MONITOR', 'PORTAL_EVENT', {'sim_name': 'fastran_FPP_000001', 'real_sim_name': 'fastran_FPP_000001', 'portal_data': {'code': 'fastran_driver_fastran_driver', 'eventtype': 'IPS_CALL_END', 'ok': True, 'walltime': '11122.65', 'time': '2025-08-19|13:03:54PDT', 'trace': {'timestamp': 1755631918728871, 'duration': 1916042511, 'localEndpoint': {'serviceName': 'fastran_FPP_000001@fastran@7'}, 'name': 'step(4)', 'id': '45211a5914fb4f50', 'parentId': 'f899e3e5886669ce', 'tags': {}}, 'state': 'Running', 'comment': 'Target = fastran_FPP_000001@fastran@7:step(4)'}})
2025-08-19 13:03:54,782 fastran_driver_fastran_driver_2 DEBUG    _get_service_response(REQUEST|fastran_FPP_000001@fastran_driver@2|FRAMEWORK@Framework@0|191)
2025-08-19 13:03:54,793 fastran_driver_fastran_driver_2 DEBUG    _get_service_response(REQUEST|fastran_FPP_000001@fastran_driver@2|FRAMEWORK@Framework@0|191), response = ServiceResponseMessage(sender_id=FRAMEWORK@Framework@0, receiver_id=fastran_FPP_000001@fastran_driver@2, request_msg_id=REQUEST|fastran_FPP_000001@fastran_driver@2|FRAMEWORK@Framework@0|191,status=0, args=(None,), message_id=RESPONSE|FRAMEWORK@Framework@0|fastran_FPP_000001@fastran_driver@2|22188)
2025-08-19 13:03:54,794 fastran_driver_fastran_driver_2 DEBUG    _invoke_service(): stage_state  (['s000001.00001', 'g000001.00001', 'i000001.00001'], '/pscratch/sd/h/hswils/github_repos/MANTA_DBSCANS/basecase/SCAN/work/plasma_state', '/pscratch/sd/h/hswils/github_repos/MANTA_DBSCANS/basecase/SCAN/work/fastran_driver_fastran_driver_2')
2025-08-19 13:03:54,794 fastran_driver_fastran_driver_2 DEBUG    _get_service_response(REQUEST|fastran_FPP_000001@fastran_driver@2|FRAMEWORK@Framework@0|192)
2025-08-19 13:03:54,815 fastran_driver_fastran_driver_2 DEBUG    _get_service_response(REQUEST|fastran_FPP_000001@fastran_driver@2|FRAMEWORK@Framework@0|192), response = ServiceResponseMessage(sender_id=FRAMEWORK@Framework@0, receiver_id=fastran_FPP_000001@fastran_driver@2, request_msg_id=REQUEST|fastran_FPP_000001@fastran_driver@2|FRAMEWORK@Framework@0|192,status=0, args=(0,), message_id=RESPONSE|FRAMEWORK@Framework@0|fastran_FPP_000001@fastran_driver@2|22189)
2025-08-19 13:03:54,815 fastran_driver_fastran_driver_2 DEBUG    _invoke_service(): getTopic  ('_IPS_MONITOR',)
2025-08-19 13:03:54,815 fastran_driver_fastran_driver_2 DEBUG    _get_service_response(REQUEST|fastran_FPP_000001@fastran_driver@2|FRAMEWORK@Framework@0|193)
2025-08-19 13:03:54,826 fastran_driver_fastran_driver_2 DEBUG    _get_service_response(REQUEST|fastran_FPP_000001@fastran_driver@2|FRAMEWORK@Framework@0|193), response = ServiceResponseMessage(sender_id=FRAMEWORK@Framework@0, receiver_id=fastran_FPP_000001@fastran_driver@2, request_msg_id=REQUEST|fastran_FPP_000001@fastran_driver@2|FRAMEWORK@Framework@0|193,status=0, args=(<ipsframework.cca_es_spec.Topic object at 0x7f3a44a20220>,), message_id=RESPONSE|FRAMEWORK@Framework@0|fastran_FPP_000001@fastran_driver@2|22190)
2025-08-19 13:03:54,826 fastran_driver_fastran_driver_2 DEBUG    _invoke_service(): sendEvent  ('_IPS_MONITOR', 'PORTAL_EVENT', {'sim_name': 'fastran_FPP_000001', 'real_sim_name': 'fastran_FPP_000001', 'portal_data': {'code': 'fastran_driver_fastran_driver', 'eventtype': 'IPS_STAGE_STATE', 'ok': True, 'walltime': '11122.69', 'time': '2025-08-19|13:03:54PDT', 'trace': {'timestamp': 1755633834793886, 'duration': 21538, 'localEndpoint': {'serviceName': 'stage_state'}, 'name': "['s000001.00001', 'g000001.00001', 'i000001.00001']", 'id': '71885aecf25d7412', 'parentId': 'f899e3e5886669ce', 'tags': {}}, 'state': 'Running', 'comment': 'Elapsed time = 0.022  files = s000001.00001 g000001.00001 i000001.00001 Success'}})
2025-08-19 13:03:54,826 fastran_driver_fastran_driver_2 DEBUG    _get_service_response(REQUEST|fastran_FPP_000001@fastran_driver@2|FRAMEWORK@Framework@0|194)
2025-08-19 13:03:54,837 fastran_driver_fastran_driver_2 DEBUG    _get_service_response(REQUEST|fastran_FPP_000001@fastran_driver@2|FRAMEWORK@Framework@0|194), response = ServiceResponseMessage(sender_id=FRAMEWORK@Framework@0, receiver_id=fastran_FPP_000001@fastran_driver@2, request_msg_id=REQUEST|fastran_FPP_000001@fastran_driver@2|FRAMEWORK@Framework@0|194,status=0, args=(None,), message_id=RESPONSE|FRAMEWORK@Framework@0|fastran_FPP_000001@fastran_driver@2|22191)
2025-08-19 13:03:54,838 fastran_driver_fastran_driver_2 DEBUG    _invoke_service(): getTopic  ('_IPS_MONITOR',)
2025-08-19 13:03:54,838 fastran_driver_fastran_driver_2 DEBUG    _get_service_response(REQUEST|fastran_FPP_000001@fastran_driver@2|FRAMEWORK@Framework@0|195)
2025-08-19 13:03:54,849 fastran_driver_fastran_driver_2 DEBUG    _get_service_response(REQUEST|fastran_FPP_000001@fastran_driver@2|FRAMEWORK@Framework@0|195), response = ServiceResponseMessage(sender_id=FRAMEWORK@Framework@0, receiver_id=fastran_FPP_000001@fastran_driver@2, request_msg_id=REQUEST|fastran_FPP_000001@fastran_driver@2|FRAMEWORK@Framework@0|195,status=0, args=(<ipsframework.cca_es_spec.Topic object at 0x7f3a44a20850>,), message_id=RESPONSE|FRAMEWORK@Framework@0|fastran_FPP_000001@fastran_driver@2|22192)
2025-08-19 13:03:54,849 fastran_driver_fastran_driver_2 DEBUG    _invoke_service(): sendEvent  ('_IPS_MONITOR', 'PORTAL_EVENT', {'sim_name': 'fastran_FPP_000001', 'real_sim_name': 'fastran_FPP_000001', 'portal_data': {'code': 'fastran_driver_fastran_driver', 'eventtype': 'IPS_STAGE_OUTPUTS', 'ok': True, 'walltime': '11122.72', 'time': '2025-08-19|13:03:54PDT', 'trace': {'timestamp': 1755633834837727, 'duration': 295, 'localEndpoint': {'serviceName': 'stage_output_files'}, 'name': '[]', 'id': 'ed019efe11be26d9', 'parentId': 'f899e3e5886669ce', 'tags': {}}, 'state': 'Running', 'comment': 'Elapsed time = 0.000 Path = /pscratch/sd/h/hswils/github_repos/MANTA_DBSCANS/basecase/SCAN/simulation_results/4/components/fastran_driver_fastran_driver_2 Files = []'}})
2025-08-19 13:03:54,849 fastran_driver_fastran_driver_2 DEBUG    _get_service_response(REQUEST|fastran_FPP_000001@fastran_driver@2|FRAMEWORK@Framework@0|196)
2025-08-19 13:03:54,860 fastran_driver_fastran_driver_2 DEBUG    _get_service_response(REQUEST|fastran_FPP_000001@fastran_driver@2|FRAMEWORK@Framework@0|196), response = ServiceResponseMessage(sender_id=FRAMEWORK@Framework@0, receiver_id=fastran_FPP_000001@fastran_driver@2, request_msg_id=REQUEST|fastran_FPP_000001@fastran_driver@2|FRAMEWORK@Framework@0|196,status=0, args=(None,), message_id=RESPONSE|FRAMEWORK@Framework@0|fastran_FPP_000001@fastran_driver@2|22193)
2025-08-19 13:03:54,860 fastran_driver_fastran_driver_2 DEBUG    _invoke_service(): getTopic  ('_IPS_MONITOR',)
2025-08-19 13:03:54,860 fastran_driver_fastran_driver_2 DEBUG    _get_service_response(REQUEST|fastran_FPP_000001@fastran_driver@2|FRAMEWORK@Framework@0|197)
2025-08-19 13:03:54,871 fastran_driver_fastran_driver_2 DEBUG    _get_service_response(REQUEST|fastran_FPP_000001@fastran_driver@2|FRAMEWORK@Framework@0|197), response = ServiceResponseMessage(sender_id=FRAMEWORK@Framework@0, receiver_id=fastran_FPP_000001@fastran_driver@2, request_msg_id=REQUEST|fastran_FPP_000001@fastran_driver@2|FRAMEWORK@Framework@0|197,status=0, args=(<ipsframework.cca_es_spec.Topic object at 0x7f3a44a20640>,), message_id=RESPONSE|FRAMEWORK@Framework@0|fastran_FPP_000001@fastran_driver@2|22194)
2025-08-19 13:03:54,871 fastran_driver_fastran_driver_2 DEBUG    _invoke_service(): sendEvent  ('_IPS_MONITOR', 'PORTALBRIDGE_UPDATE_TIMESTAMP', {'sim_name': 'fastran_FPP_000001', 'real_sim_name': 'fastran_FPP_000001', 'portal_data': {'phystimestamp': 5, 'eventtype': 'PORTALBRIDGE_UPDATE_TIMESTAMP'}})
2025-08-19 13:03:54,871 fastran_driver_fastran_driver_2 DEBUG    _get_service_response(REQUEST|fastran_FPP_000001@fastran_driver@2|FRAMEWORK@Framework@0|198)
2025-08-19 13:03:54,882 fastran_driver_fastran_driver_2 DEBUG    _get_service_response(REQUEST|fastran_FPP_000001@fastran_driver@2|FRAMEWORK@Framework@0|198), response = ServiceResponseMessage(sender_id=FRAMEWORK@Framework@0, receiver_id=fastran_FPP_000001@fastran_driver@2, request_msg_id=REQUEST|fastran_FPP_000001@fastran_driver@2|FRAMEWORK@Framework@0|198,status=0, args=(None,), message_id=RESPONSE|FRAMEWORK@Framework@0|fastran_FPP_000001@fastran_driver@2|22195)
2025-08-19 13:03:54,882 fastran_driver_fastran_driver_2 DEBUG    _invoke_service(): getTopic  ('_IPS_MONITOR',)
2025-08-19 13:03:54,882 fastran_driver_fastran_driver_2 DEBUG    _get_service_response(REQUEST|fastran_FPP_000001@fastran_driver@2|FRAMEWORK@Framework@0|199)
2025-08-19 13:03:54,893 fastran_driver_fastran_driver_2 DEBUG    _get_service_response(REQUEST|fastran_FPP_000001@fastran_driver@2|FRAMEWORK@Framework@0|199), response = ServiceResponseMessage(sender_id=FRAMEWORK@Framework@0, receiver_id=fastran_FPP_000001@fastran_driver@2, request_msg_id=REQUEST|fastran_FPP_000001@fastran_driver@2|FRAMEWORK@Framework@0|199,status=0, args=(<ipsframework.cca_es_spec.Topic object at 0x7f3a44a20850>,), message_id=RESPONSE|FRAMEWORK@Framework@0|fastran_FPP_000001@fastran_driver@2|22196)
2025-08-19 13:03:54,893 fastran_driver_fastran_driver_2 DEBUG    _invoke_service(): sendEvent  ('_IPS_MONITOR', 'PORTAL_EVENT', {'sim_name': 'fastran_FPP_000001', 'real_sim_name': 'fastran_FPP_000001', 'portal_data': {'code': 'fastran_driver_fastran_driver', 'eventtype': 'IPS_UPDATE_TIME_STAMP', 'ok': True, 'walltime': '11122.76', 'time': '2025-08-19|13:03:54PDT', 'state': 'Running', 'comment': 'Timestamp = 5'}})
2025-08-19 13:03:54,893 fastran_driver_fastran_driver_2 DEBUG    _get_service_response(REQUEST|fastran_FPP_000001@fastran_driver@2|FRAMEWORK@Framework@0|200)
2025-08-19 13:03:54,904 fastran_driver_fastran_driver_2 DEBUG    _get_service_response(REQUEST|fastran_FPP_000001@fastran_driver@2|FRAMEWORK@Framework@0|200), response = ServiceResponseMessage(sender_id=FRAMEWORK@Framework@0, receiver_id=fastran_FPP_000001@fastran_driver@2, request_msg_id=REQUEST|fastran_FPP_000001@fastran_driver@2|FRAMEWORK@Framework@0|200,status=0, args=(None,), message_id=RESPONSE|FRAMEWORK@Framework@0|fastran_FPP_000001@fastran_driver@2|22197)
2025-08-19 13:03:54,904 fastran_driver_fastran_driver_2 DEBUG    _invoke_service(): getTopic  ('_IPS_MONITOR',)
2025-08-19 13:03:54,904 fastran_driver_fastran_driver_2 DEBUG    _get_service_response(REQUEST|fastran_FPP_000001@fastran_driver@2|FRAMEWORK@Framework@0|201)
2025-08-19 13:03:54,915 fastran_driver_fastran_driver_2 DEBUG    _get_service_response(REQUEST|fastran_FPP_000001@fastran_driver@2|FRAMEWORK@Framework@0|201), response = ServiceResponseMessage(sender_id=FRAMEWORK@Framework@0, receiver_id=fastran_FPP_000001@fastran_driver@2, request_msg_id=REQUEST|fastran_FPP_000001@fastran_driver@2|FRAMEWORK@Framework@0|201,status=0, args=(<ipsframework.cca_es_spec.Topic object at 0x7f3a44a202e0>,), message_id=RESPONSE|FRAMEWORK@Framework@0|fastran_FPP_000001@fastran_driver@2|22198)
2025-08-19 13:03:54,915 fastran_driver_fastran_driver_2 DEBUG    _invoke_service(): sendEvent  ('_IPS_MONITOR', 'PORTAL_EVENT', {'sim_name': 'fastran_FPP_000001', 'real_sim_name': 'fastran_FPP_000001', 'portal_data': {'code': 'fastran_driver_fastran_driver', 'eventtype': 'IPS_CALL_BEGIN', 'ok': True, 'walltime': '11122.78', 'time': '2025-08-19|13:03:54PDT', 'state': 'Running', 'comment': 'Target = fastran_FPP_000001@toric@5:step(5)'}})
2025-08-19 13:03:54,915 fastran_driver_fastran_driver_2 DEBUG    _get_service_response(REQUEST|fastran_FPP_000001@fastran_driver@2|FRAMEWORK@Framework@0|202)
2025-08-19 13:03:54,926 fastran_driver_fastran_driver_2 DEBUG    _get_service_response(REQUEST|fastran_FPP_000001@fastran_driver@2|FRAMEWORK@Framework@0|202), response = ServiceResponseMessage(sender_id=FRAMEWORK@Framework@0, receiver_id=fastran_FPP_000001@fastran_driver@2, request_msg_id=REQUEST|fastran_FPP_000001@fastran_driver@2|FRAMEWORK@Framework@0|202,status=0, args=(None,), message_id=RESPONSE|FRAMEWORK@Framework@0|fastran_FPP_000001@fastran_driver@2|22199)
2025-08-19 13:03:54,927 fastran_driver_fastran_driver_2 DEBUG    _invoke_service(): init_call  ('step', 5)
2025-08-19 13:03:54,927 fastran_driver_fastran_driver_2 DEBUG    _get_service_response(REQUEST|fastran_FPP_000001@fastran_driver@2|FRAMEWORK@Framework@0|203)
2025-08-19 13:03:54,927 rf_ic_toric_5   DEBUG    Received Message 
2025-08-19 13:03:54,928 rf_ic_toric_5   DEBUG    Calling method step(5)
2025-08-19 13:03:54,928 rf_ic_toric_5   DEBUG    _invoke_service(): stage_state  (['s000001.00001', 'g000001.00001'], '/pscratch/sd/h/hswils/github_repos/MANTA_DBSCANS/basecase/SCAN/work/plasma_state', '/pscratch/sd/h/hswils/github_repos/MANTA_DBSCANS/basecase/SCAN/work/rf_ic_toric_5')
2025-08-19 13:03:54,928 rf_ic_toric_5   DEBUG    _get_service_response(REQUEST|fastran_FPP_000001@toric@5|FRAMEWORK@Framework@0|93)
2025-08-19 13:03:54,938 fastran_driver_fastran_driver_2 DEBUG    _get_service_response(REQUEST|fastran_FPP_000001@fastran_driver@2|FRAMEWORK@Framework@0|203), response = ServiceResponseMessage(sender_id=FRAMEWORK@Framework@0, receiver_id=fastran_FPP_000001@fastran_driver@2, request_msg_id=REQUEST|fastran_FPP_000001@fastran_driver@2|FRAMEWORK@Framework@0|203,status=0, args=(33,), message_id=RESPONSE|FRAMEWORK@Framework@0|fastran_FPP_000001@fastran_driver@2|22200)
2025-08-19 13:03:54,938 fastran_driver_fastran_driver_2 DEBUG    _invoke_service(): wait_call  (33, True)
2025-08-19 13:03:54,938 fastran_driver_fastran_driver_2 DEBUG    _get_service_response(REQUEST|fastran_FPP_000001@fastran_driver@2|FRAMEWORK@Framework@0|204)
2025-08-19 13:03:54,947 rf_ic_toric_5   DEBUG    _get_service_response(REQUEST|fastran_FPP_000001@toric@5|FRAMEWORK@Framework@0|93), response = ServiceResponseMessage(sender_id=FRAMEWORK@Framework@0, receiver_id=fastran_FPP_000001@toric@5, request_msg_id=REQUEST|fastran_FPP_000001@toric@5|FRAMEWORK@Framework@0|93,status=0, args=(0,), message_id=RESPONSE|FRAMEWORK@Framework@0|fastran_FPP_000001@toric@5|22201)
2025-08-19 13:03:54,947 rf_ic_toric_5   DEBUG    _invoke_service(): getTopic  ('_IPS_MONITOR',)
2025-08-19 13:03:54,947 rf_ic_toric_5   DEBUG    _get_service_response(REQUEST|fastran_FPP_000001@toric@5|FRAMEWORK@Framework@0|94)
2025-08-19 13:03:54,958 rf_ic_toric_5   DEBUG    _get_service_response(REQUEST|fastran_FPP_000001@toric@5|FRAMEWORK@Framework@0|94), response = ServiceResponseMessage(sender_id=FRAMEWORK@Framework@0, receiver_id=fastran_FPP_000001@toric@5, request_msg_id=REQUEST|fastran_FPP_000001@toric@5|FRAMEWORK@Framework@0|94,status=0, args=(<ipsframework.cca_es_spec.Topic object at 0x7f3a44974850>,), message_id=RESPONSE|FRAMEWORK@Framework@0|fastran_FPP_000001@toric@5|22202)
2025-08-19 13:03:54,958 rf_ic_toric_5   DEBUG    _invoke_service(): sendEvent  ('_IPS_MONITOR', 'PORTAL_EVENT', {'sim_name': 'fastran_FPP_000001', 'real_sim_name': 'fastran_FPP_000001', 'portal_data': {'code': 'rf_ic_toric', 'eventtype': 'IPS_STAGE_STATE', 'ok': True, 'walltime': '11122.83', 'time': '2025-08-19|13:03:54PDT', 'trace': {'timestamp': 1755633834928325, 'duration': 19117, 'localEndpoint': {'serviceName': 'stage_state'}, 'name': "['s000001.00001', 'g000001.00001']", 'id': '32793a28c0f8ba4b', 'parentId': 'c09ceedc1465015e', 'tags': {}}, 'state': 'Running', 'comment': 'Elapsed time = 0.019  files = s000001.00001 g000001.00001 Success'}})
2025-08-19 13:03:54,958 rf_ic_toric_5   DEBUG    _get_service_response(REQUEST|fastran_FPP_000001@toric@5|FRAMEWORK@Framework@0|95)
2025-08-19 13:03:54,969 rf_ic_toric_5   DEBUG    _get_service_response(REQUEST|fastran_FPP_000001@toric@5|FRAMEWORK@Framework@0|95), response = ServiceResponseMessage(sender_id=FRAMEWORK@Framework@0, receiver_id=fastran_FPP_000001@toric@5, request_msg_id=REQUEST|fastran_FPP_000001@toric@5|FRAMEWORK@Framework@0|95,status=0, args=(None,), message_id=RESPONSE|FRAMEWORK@Framework@0|fastran_FPP_000001@toric@5|22203)
2025-08-19 13:03:54,980 rf_ic_toric_5   DEBUG    _invoke_service(): getTopic  ('_IPS_MONITOR',)
2025-08-19 13:03:54,980 rf_ic_toric_5   DEBUG    _get_service_response(REQUEST|fastran_FPP_000001@toric@5|FRAMEWORK@Framework@0|96)
2025-08-19 13:03:54,990 rf_ic_toric_5   DEBUG    _get_service_response(REQUEST|fastran_FPP_000001@toric@5|FRAMEWORK@Framework@0|96), response = ServiceResponseMessage(sender_id=FRAMEWORK@Framework@0, receiver_id=fastran_FPP_000001@toric@5, request_msg_id=REQUEST|fastran_FPP_000001@toric@5|FRAMEWORK@Framework@0|96,status=0, args=(<ipsframework.cca_es_spec.Topic object at 0x7f3a44974940>,), message_id=RESPONSE|FRAMEWORK@Framework@0|fastran_FPP_000001@toric@5|22204)
2025-08-19 13:03:54,990 rf_ic_toric_5   DEBUG    _invoke_service(): sendEvent  ('_IPS_MONITOR', 'PORTAL_EVENT', {'sim_name': 'fastran_FPP_000001', 'real_sim_name': 'fastran_FPP_000001', 'portal_data': {'code': 'rf_ic_toric', 'eventtype': 'IPS_STAGE_INPUTS', 'ok': True, 'walltime': '11122.86', 'time': '2025-08-19|13:03:54PDT', 'trace': {'timestamp': 1755633834969839, 'duration': 10209, 'localEndpoint': {'serviceName': 'stage_input_files'}, 'name': 'machine.inp equigs_gen.ind torica.inp', 'id': 'b108389cfa22cdf4', 'parentId': 'c09ceedc1465015e', 'tags': {}}, 'state': 'Running', 'comment': 'Elapsed time = 0.010 Path = /pscratch/sd/h/hswils/github_repos/MANTA_DBSCANS/basecase/input Files = machine.inp equigs_gen.ind torica.inp'}})
2025-08-19 13:03:54,990 rf_ic_toric_5   DEBUG    _get_service_response(REQUEST|fastran_FPP_000001@toric@5|FRAMEWORK@Framework@0|97)
2025-08-19 13:03:55,001 rf_ic_toric_5   DEBUG    _get_service_response(REQUEST|fastran_FPP_000001@toric@5|FRAMEWORK@Framework@0|97), response = ServiceResponseMessage(sender_id=FRAMEWORK@Framework@0, receiver_id=fastran_FPP_000001@toric@5, request_msg_id=REQUEST|fastran_FPP_000001@toric@5|FRAMEWORK@Framework@0|97,status=0, args=(None,), message_id=RESPONSE|FRAMEWORK@Framework@0|fastran_FPP_000001@toric@5|22205)
2025-08-19 13:03:55,301 rf_ic_toric_5   DEBUG    _invoke_service(): init_task  (TaskInit(nproc=24, binary='/global/common/software/atom/perlmutter/binaries/toric/default/Ptoric.e', working_dir='/pscratch/sd/h/hswils/github_repos/MANTA_DBSCANS/basecase/SCAN/work/rf_ic_toric_5', tppn=0, tcpp=0, tgpp=0, block=True, omp=False, wnodes=True, wsocks=True, cmd_args=()),)
2025-08-19 13:03:55,301 rf_ic_toric_5   DEBUG    _get_service_response(REQUEST|fastran_FPP_000001@toric@5|FRAMEWORK@Framework@0|98)
2025-08-19 13:03:55,313 rf_ic_toric_5   DEBUG    _get_service_response(REQUEST|fastran_FPP_000001@toric@5|FRAMEWORK@Framework@0|98), response = ServiceResponseMessage(sender_id=FRAMEWORK@Framework@0, receiver_id=fastran_FPP_000001@toric@5, request_msg_id=REQUEST|fastran_FPP_000001@toric@5|FRAMEWORK@Framework@0|98,status=0, args=((12, 'srun -N 1 -n 24 -c 5 --threads-per-core=1 --cpu-bind=cores /global/common/software/atom/perlmutter/binaries/toric/default/Ptoric.e ', None, 128),), message_id=RESPONSE|FRAMEWORK@Framework@0|fastran_FPP_000001@toric@5|22207)
2025-08-19 13:03:55,315 rf_ic_toric_5   DEBUG    Launching command : srun -N 1 -n 24 -c 5 --threads-per-core=1 --cpu-bind=cores /global/common/software/atom/perlmutter/binaries/toric/default/Ptoric.e 
2025-08-19 13:03:55,327 rf_ic_toric_5   DEBUG    _invoke_service(): getTopic  ('_IPS_MONITOR',)
2025-08-19 13:03:55,328 rf_ic_toric_5   DEBUG    _get_service_response(REQUEST|fastran_FPP_000001@toric@5|FRAMEWORK@Framework@0|99)
2025-08-19 13:03:55,339 rf_ic_toric_5   DEBUG    _get_service_response(REQUEST|fastran_FPP_000001@toric@5|FRAMEWORK@Framework@0|99), response = ServiceResponseMessage(sender_id=FRAMEWORK@Framework@0, receiver_id=fastran_FPP_000001@toric@5, request_msg_id=REQUEST|fastran_FPP_000001@toric@5|FRAMEWORK@Framework@0|99,status=0, args=(<ipsframework.cca_es_spec.Topic object at 0x7f3a449148b0>,), message_id=RESPONSE|FRAMEWORK@Framework@0|fastran_FPP_000001@toric@5|22208)
2025-08-19 13:03:55,339 rf_ic_toric_5   DEBUG    _invoke_service(): sendEvent  ('_IPS_MONITOR', 'PORTAL_EVENT', {'sim_name': 'fastran_FPP_000001', 'real_sim_name': 'fastran_FPP_000001', 'portal_data': {'code': 'rf_ic_toric', 'eventtype': 'IPS_LAUNCH_TASK', 'ok': True, 'walltime': '11123.21', 'time': '2025-08-19|13:03:55PDT', 'state': 'Running', 'comment': 'task_id = 12 , Tag = None , nproc = 24 , Target = srun -N 1 -n 24 -c 5 --threads-per-core=1 --cpu-bind=cores /global/common/software/atom/perlmutter/binaries/toric/default/Ptoric.e '}})
2025-08-19 13:03:55,339 rf_ic_toric_5   DEBUG    _get_service_response(REQUEST|fastran_FPP_000001@toric@5|FRAMEWORK@Framework@0|100)
2025-08-19 13:03:55,349 rf_ic_toric_5   DEBUG    _get_service_response(REQUEST|fastran_FPP_000001@toric@5|FRAMEWORK@Framework@0|100), response = ServiceResponseMessage(sender_id=FRAMEWORK@Framework@0, receiver_id=fastran_FPP_000001@toric@5, request_msg_id=REQUEST|fastran_FPP_000001@toric@5|FRAMEWORK@Framework@0|100,status=0, args=(None,), message_id=RESPONSE|FRAMEWORK@Framework@0|fastran_FPP_000001@toric@5|22209)
2025-08-19 13:08:55,029 rf_ic_toric_5   DEBUG    _invoke_service(): getTopic  ('_IPS_MONITOR',)
2025-08-19 13:08:55,029 rf_ic_toric_5   DEBUG    _get_service_response(REQUEST|fastran_FPP_000001@toric@5|FRAMEWORK@Framework@0|101)
2025-08-19 13:08:55,040 rf_ic_toric_5   DEBUG    _get_service_response(REQUEST|fastran_FPP_000001@toric@5|FRAMEWORK@Framework@0|101), response = ServiceResponseMessage(sender_id=FRAMEWORK@Framework@0, receiver_id=fastran_FPP_000001@toric@5, request_msg_id=REQUEST|fastran_FPP_000001@toric@5|FRAMEWORK@Framework@0|101,status=0, args=(<ipsframework.cca_es_spec.Topic object at 0x7f3a44914940>,), message_id=RESPONSE|FRAMEWORK@Framework@0|fastran_FPP_000001@toric@5|22796)
2025-08-19 13:08:55,040 rf_ic_toric_5   DEBUG    _invoke_service(): sendEvent  ('_IPS_MONITOR', 'PORTAL_EVENT', {'sim_name': 'fastran_FPP_000001', 'real_sim_name': 'fastran_FPP_000001', 'portal_data': {'code': 'rf_ic_toric', 'eventtype': 'IPS_TASK_END', 'ok': True, 'walltime': '11422.91', 'time': '2025-08-19|13:08:55PDT', 'trace': {'timestamp': 1755633835327682, 'duration': 299701414, 'localEndpoint': {'serviceName': '/global/common/software/atom/perlmutter/binaries/toric/default/Ptoric.e'}, 'name': '', 'id': '66aef68c9e13b235', 'parentId': 'c09ceedc1465015e', 'tags': {'procs_requested': '24', 'cores_allocated': '128'}}, 'state': 'Running', 'comment': 'task_id = 12  elapsed time = 299.70 S'}})
2025-08-19 13:08:55,040 rf_ic_toric_5   DEBUG    _get_service_response(REQUEST|fastran_FPP_000001@toric@5|FRAMEWORK@Framework@0|102)
2025-08-19 13:08:55,051 rf_ic_toric_5   DEBUG    _get_service_response(REQUEST|fastran_FPP_000001@toric@5|FRAMEWORK@Framework@0|102), response = ServiceResponseMessage(sender_id=FRAMEWORK@Framework@0, receiver_id=fastran_FPP_000001@toric@5, request_msg_id=REQUEST|fastran_FPP_000001@toric@5|FRAMEWORK@Framework@0|102,status=0, args=(None,), message_id=RESPONSE|FRAMEWORK@Framework@0|fastran_FPP_000001@toric@5|22797)
2025-08-19 13:08:55,051 rf_ic_toric_5   DEBUG    _invoke_service(): finish_task  (12, 0)
2025-08-19 13:08:55,051 rf_ic_toric_5   DEBUG    _get_service_response(REQUEST|fastran_FPP_000001@toric@5|FRAMEWORK@Framework@0|103)
2025-08-19 13:08:55,062 rf_ic_toric_5   DEBUG    _get_service_response(REQUEST|fastran_FPP_000001@toric@5|FRAMEWORK@Framework@0|103), response = ServiceResponseMessage(sender_id=FRAMEWORK@Framework@0, receiver_id=fastran_FPP_000001@toric@5, request_msg_id=REQUEST|fastran_FPP_000001@toric@5|FRAMEWORK@Framework@0|103,status=0, args=(0,), message_id=RESPONSE|FRAMEWORK@Framework@0|fastran_FPP_000001@toric@5|22798)
2025-08-19 13:08:55,234 rf_ic_toric_5   DEBUG    _invoke_service(): merge_current_plasma_state  ('/pscratch/sd/h/hswils/github_repos/MANTA_DBSCANS/basecase/SCAN/work/rf_ic_toric_5/RF_IC_s000001.00001', '/pscratch/sd/h/hswils/github_repos/MANTA_DBSCANS/basecase/SCAN/work/plasma_state/s000001.00001', 'log.update_state', '/global/common/software/atom/perlmutter/binaries/update-state/default/update_state')
2025-08-19 13:08:55,234 rf_ic_toric_5   DEBUG    _get_service_response(REQUEST|fastran_FPP_000001@toric@5|FRAMEWORK@Framework@0|104)
2025-08-19 13:08:55,391 rf_ic_toric_5   DEBUG    _get_service_response(REQUEST|fastran_FPP_000001@toric@5|FRAMEWORK@Framework@0|104), response = ServiceResponseMessage(sender_id=FRAMEWORK@Framework@0, receiver_id=fastran_FPP_000001@toric@5, request_msg_id=REQUEST|fastran_FPP_000001@toric@5|FRAMEWORK@Framework@0|104,status=0, args=(0,), message_id=RESPONSE|FRAMEWORK@Framework@0|fastran_FPP_000001@toric@5|22799)
2025-08-19 13:08:55,391 rf_ic_toric_5   DEBUG    _invoke_service(): getTopic  ('_IPS_MONITOR',)
2025-08-19 13:08:55,391 rf_ic_toric_5   DEBUG    _get_service_response(REQUEST|fastran_FPP_000001@toric@5|FRAMEWORK@Framework@0|105)
2025-08-19 13:08:55,402 rf_ic_toric_5   DEBUG    _get_service_response(REQUEST|fastran_FPP_000001@toric@5|FRAMEWORK@Framework@0|105), response = ServiceResponseMessage(sender_id=FRAMEWORK@Framework@0, receiver_id=fastran_FPP_000001@toric@5, request_msg_id=REQUEST|fastran_FPP_000001@toric@5|FRAMEWORK@Framework@0|105,status=0, args=(<ipsframework.cca_es_spec.Topic object at 0x7f3a44914760>,), message_id=RESPONSE|FRAMEWORK@Framework@0|fastran_FPP_000001@toric@5|22800)
2025-08-19 13:08:55,402 rf_ic_toric_5   DEBUG    _invoke_service(): sendEvent  ('_IPS_MONITOR', 'PORTAL_EVENT', {'sim_name': 'fastran_FPP_000001', 'real_sim_name': 'fastran_FPP_000001', 'portal_data': {'code': 'rf_ic_toric', 'eventtype': 'IPS_MERGE_PLASMA_STATE', 'ok': True, 'walltime': '11423.27', 'time': '2025-08-19|13:08:55PDT', 'state': 'Running', 'comment': 'Success'}})
2025-08-19 13:08:55,403 rf_ic_toric_5   DEBUG    _get_service_response(REQUEST|fastran_FPP_000001@toric@5|FRAMEWORK@Framework@0|106)
2025-08-19 13:08:55,413 rf_ic_toric_5   DEBUG    _get_service_response(REQUEST|fastran_FPP_000001@toric@5|FRAMEWORK@Framework@0|106), response = ServiceResponseMessage(sender_id=FRAMEWORK@Framework@0, receiver_id=fastran_FPP_000001@toric@5, request_msg_id=REQUEST|fastran_FPP_000001@toric@5|FRAMEWORK@Framework@0|106,status=0, args=(None,), message_id=RESPONSE|FRAMEWORK@Framework@0|fastran_FPP_000001@toric@5|22801)
2025-08-19 13:08:55,510 rf_ic_toric_5   DEBUG    _invoke_service(): getTopic  ('_IPS_MONITOR',)
2025-08-19 13:08:55,510 rf_ic_toric_5   DEBUG    _get_service_response(REQUEST|fastran_FPP_000001@toric@5|FRAMEWORK@Framework@0|107)
2025-08-19 13:08:55,521 rf_ic_toric_5   DEBUG    _get_service_response(REQUEST|fastran_FPP_000001@toric@5|FRAMEWORK@Framework@0|107), response = ServiceResponseMessage(sender_id=FRAMEWORK@Framework@0, receiver_id=fastran_FPP_000001@toric@5, request_msg_id=REQUEST|fastran_FPP_000001@toric@5|FRAMEWORK@Framework@0|107,status=0, args=(<ipsframework.cca_es_spec.Topic object at 0x7f3a449147c0>,), message_id=RESPONSE|FRAMEWORK@Framework@0|fastran_FPP_000001@toric@5|22803)
2025-08-19 13:08:55,521 rf_ic_toric_5   DEBUG    _invoke_service(): sendEvent  ('_IPS_MONITOR', 'PORTAL_EVENT', {'sim_name': 'fastran_FPP_000001', 'real_sim_name': 'fastran_FPP_000001', 'portal_data': {'code': 'rf_ic_toric', 'eventtype': 'IPS_STAGE_OUTPUTS', 'ok': True, 'walltime': '11423.39', 'time': '2025-08-19|13:08:55PDT', 'trace': {'timestamp': 1755634135414066, 'duration': 96514, 'localEndpoint': {'serviceName': 'stage_output_files'}, 'name': "['torica.inp', 'machine.inp', 'log.toric', 'toric.nc', 'profstat.dat', 'equigs.data', 'equidt.data', 'toric_cfg.nc']", 'id': '749f5c33ef51fb56', 'parentId': 'c09ceedc1465015e', 'tags': {}}, 'state': 'Running', 'comment': "Elapsed time = 0.097 Path = /pscratch/sd/h/hswils/github_repos/MANTA_DBSCANS/basecase/SCAN/simulation_results/5/components/rf_ic_toric_5 Files = ['torica.inp', 'machine.inp', 'log.toric', 'toric.nc', 'profstat.dat', 'equigs.data', 'equidt.data', 'toric_cfg.nc']"}})
2025-08-19 13:08:55,521 rf_ic_toric_5   DEBUG    _get_service_response(REQUEST|fastran_FPP_000001@toric@5|FRAMEWORK@Framework@0|108)
2025-08-19 13:08:55,532 rf_ic_toric_5   DEBUG    _get_service_response(REQUEST|fastran_FPP_000001@toric@5|FRAMEWORK@Framework@0|108), response = ServiceResponseMessage(sender_id=FRAMEWORK@Framework@0, receiver_id=fastran_FPP_000001@toric@5, request_msg_id=REQUEST|fastran_FPP_000001@toric@5|FRAMEWORK@Framework@0|108,status=0, args=(None,), message_id=RESPONSE|FRAMEWORK@Framework@0|fastran_FPP_000001@toric@5|22804)
2025-08-19 13:08:55,543 fastran_driver_fastran_driver_2 DEBUG    _get_service_response(REQUEST|fastran_FPP_000001@fastran_driver@2|FRAMEWORK@Framework@0|204), response = ServiceResponseMessage(sender_id=FRAMEWORK@Framework@0, receiver_id=fastran_FPP_000001@fastran_driver@2, request_msg_id=REQUEST|fastran_FPP_000001@fastran_driver@2|FRAMEWORK@Framework@0|204,status=0, args=((0,),), message_id=RESPONSE|FRAMEWORK@Framework@0|fastran_FPP_000001@fastran_driver@2|22805)
2025-08-19 13:08:55,543 fastran_driver_fastran_driver_2 DEBUG    _invoke_service(): getTopic  ('_IPS_MONITOR',)
2025-08-19 13:08:55,543 fastran_driver_fastran_driver_2 DEBUG    _get_service_response(REQUEST|fastran_FPP_000001@fastran_driver@2|FRAMEWORK@Framework@0|205)
2025-08-19 13:08:55,554 fastran_driver_fastran_driver_2 DEBUG    _get_service_response(REQUEST|fastran_FPP_000001@fastran_driver@2|FRAMEWORK@Framework@0|205), response = ServiceResponseMessage(sender_id=FRAMEWORK@Framework@0, receiver_id=fastran_FPP_000001@fastran_driver@2, request_msg_id=REQUEST|fastran_FPP_000001@fastran_driver@2|FRAMEWORK@Framework@0|205,status=0, args=(<ipsframework.cca_es_spec.Topic object at 0x7f3a44a206d0>,), message_id=RESPONSE|FRAMEWORK@Framework@0|fastran_FPP_000001@fastran_driver@2|22806)
2025-08-19 13:08:55,554 fastran_driver_fastran_driver_2 DEBUG    _invoke_service(): sendEvent  ('_IPS_MONITOR', 'PORTAL_EVENT', {'sim_name': 'fastran_FPP_000001', 'real_sim_name': 'fastran_FPP_000001', 'portal_data': {'code': 'fastran_driver_fastran_driver', 'eventtype': 'IPS_CALL_END', 'ok': True, 'walltime': '11423.42', 'time': '2025-08-19|13:08:55PDT', 'trace': {'timestamp': 1755633834938265, 'duration': 300604924, 'localEndpoint': {'serviceName': 'fastran_FPP_000001@toric@5'}, 'name': 'step(5)', 'id': 'c09ceedc1465015e', 'parentId': 'f899e3e5886669ce', 'tags': {}}, 'state': 'Running', 'comment': 'Target = fastran_FPP_000001@toric@5:step(5)'}})
2025-08-19 13:08:55,554 fastran_driver_fastran_driver_2 DEBUG    _get_service_response(REQUEST|fastran_FPP_000001@fastran_driver@2|FRAMEWORK@Framework@0|206)
2025-08-19 13:08:55,565 fastran_driver_fastran_driver_2 DEBUG    _get_service_response(REQUEST|fastran_FPP_000001@fastran_driver@2|FRAMEWORK@Framework@0|206), response = ServiceResponseMessage(sender_id=FRAMEWORK@Framework@0, receiver_id=fastran_FPP_000001@fastran_driver@2, request_msg_id=REQUEST|fastran_FPP_000001@fastran_driver@2|FRAMEWORK@Framework@0|206,status=0, args=(None,), message_id=RESPONSE|FRAMEWORK@Framework@0|fastran_FPP_000001@fastran_driver@2|22807)
2025-08-19 13:08:55,565 fastran_driver_fastran_driver_2 DEBUG    _invoke_service(): getTopic  ('_IPS_MONITOR',)
2025-08-19 13:08:55,565 fastran_driver_fastran_driver_2 DEBUG    _get_service_response(REQUEST|fastran_FPP_000001@fastran_driver@2|FRAMEWORK@Framework@0|207)
2025-08-19 13:08:55,576 fastran_driver_fastran_driver_2 DEBUG    _get_service_response(REQUEST|fastran_FPP_000001@fastran_driver@2|FRAMEWORK@Framework@0|207), response = ServiceResponseMessage(sender_id=FRAMEWORK@Framework@0, receiver_id=fastran_FPP_000001@fastran_driver@2, request_msg_id=REQUEST|fastran_FPP_000001@fastran_driver@2|FRAMEWORK@Framework@0|207,status=0, args=(<ipsframework.cca_es_spec.Topic object at 0x7f3a44a207f0>,), message_id=RESPONSE|FRAMEWORK@Framework@0|fastran_FPP_000001@fastran_driver@2|22808)
2025-08-19 13:08:55,576 fastran_driver_fastran_driver_2 DEBUG    _invoke_service(): sendEvent  ('_IPS_MONITOR', 'PORTAL_EVENT', {'sim_name': 'fastran_FPP_000001', 'real_sim_name': 'fastran_FPP_000001', 'portal_data': {'code': 'fastran_driver_fastran_driver', 'eventtype': 'IPS_CALL_BEGIN', 'ok': True, 'walltime': '11423.44', 'time': '2025-08-19|13:08:55PDT', 'state': 'Running', 'comment': 'Target = fastran_FPP_000001@efit@6:step(5)'}})
2025-08-19 13:08:55,576 fastran_driver_fastran_driver_2 DEBUG    _get_service_response(REQUEST|fastran_FPP_000001@fastran_driver@2|FRAMEWORK@Framework@0|208)
2025-08-19 13:08:55,587 fastran_driver_fastran_driver_2 DEBUG    _get_service_response(REQUEST|fastran_FPP_000001@fastran_driver@2|FRAMEWORK@Framework@0|208), response = ServiceResponseMessage(sender_id=FRAMEWORK@Framework@0, receiver_id=fastran_FPP_000001@fastran_driver@2, request_msg_id=REQUEST|fastran_FPP_000001@fastran_driver@2|FRAMEWORK@Framework@0|208,status=0, args=(None,), message_id=RESPONSE|FRAMEWORK@Framework@0|fastran_FPP_000001@fastran_driver@2|22809)
2025-08-19 13:08:55,587 fastran_driver_fastran_driver_2 DEBUG    _invoke_service(): init_call  ('step', 5)
2025-08-19 13:08:55,587 fastran_driver_fastran_driver_2 DEBUG    _get_service_response(REQUEST|fastran_FPP_000001@fastran_driver@2|FRAMEWORK@Framework@0|209)
2025-08-19 13:08:55,588 fastran_eq_efit_6 DEBUG    Received Message 
2025-08-19 13:08:55,588 fastran_eq_efit_6 DEBUG    Calling method step(5)
2025-08-19 13:08:55,589 fastran_eq_efit_6 DEBUG    _invoke_service(): stage_state  (['s000001.00001', 'g000001.00001', 'i000001.00001'], '/pscratch/sd/h/hswils/github_repos/MANTA_DBSCANS/basecase/SCAN/work/plasma_state', '/pscratch/sd/h/hswils/github_repos/MANTA_DBSCANS/basecase/SCAN/work/fastran_eq_efit_6')
2025-08-19 13:08:55,589 fastran_eq_efit_6 DEBUG    _get_service_response(REQUEST|fastran_FPP_000001@efit@6|FRAMEWORK@Framework@0|40)
2025-08-19 13:08:55,598 fastran_driver_fastran_driver_2 DEBUG    _get_service_response(REQUEST|fastran_FPP_000001@fastran_driver@2|FRAMEWORK@Framework@0|209), response = ServiceResponseMessage(sender_id=FRAMEWORK@Framework@0, receiver_id=fastran_FPP_000001@fastran_driver@2, request_msg_id=REQUEST|fastran_FPP_000001@fastran_driver@2|FRAMEWORK@Framework@0|209,status=0, args=(34,), message_id=RESPONSE|FRAMEWORK@Framework@0|fastran_FPP_000001@fastran_driver@2|22810)
2025-08-19 13:08:55,600 fastran_driver_fastran_driver_2 DEBUG    _invoke_service(): wait_call  (34, True)
2025-08-19 13:08:55,601 fastran_driver_fastran_driver_2 DEBUG    _get_service_response(REQUEST|fastran_FPP_000001@fastran_driver@2|FRAMEWORK@Framework@0|210)
2025-08-19 13:08:55,610 fastran_eq_efit_6 DEBUG    _get_service_response(REQUEST|fastran_FPP_000001@efit@6|FRAMEWORK@Framework@0|40), response = ServiceResponseMessage(sender_id=FRAMEWORK@Framework@0, receiver_id=fastran_FPP_000001@efit@6, request_msg_id=REQUEST|fastran_FPP_000001@efit@6|FRAMEWORK@Framework@0|40,status=0, args=(0,), message_id=RESPONSE|FRAMEWORK@Framework@0|fastran_FPP_000001@efit@6|22811)
2025-08-19 13:08:55,610 fastran_eq_efit_6 DEBUG    _invoke_service(): getTopic  ('_IPS_MONITOR',)
2025-08-19 13:08:55,610 fastran_eq_efit_6 DEBUG    _get_service_response(REQUEST|fastran_FPP_000001@efit@6|FRAMEWORK@Framework@0|41)
2025-08-19 13:08:55,621 fastran_eq_efit_6 DEBUG    _get_service_response(REQUEST|fastran_FPP_000001@efit@6|FRAMEWORK@Framework@0|41), response = ServiceResponseMessage(sender_id=FRAMEWORK@Framework@0, receiver_id=fastran_FPP_000001@efit@6, request_msg_id=REQUEST|fastran_FPP_000001@efit@6|FRAMEWORK@Framework@0|41,status=0, args=(<ipsframework.cca_es_spec.Topic object at 0x7f3a449bac40>,), message_id=RESPONSE|FRAMEWORK@Framework@0|fastran_FPP_000001@efit@6|22812)
2025-08-19 13:08:55,621 fastran_eq_efit_6 DEBUG    _invoke_service(): sendEvent  ('_IPS_MONITOR', 'PORTAL_EVENT', {'sim_name': 'fastran_FPP_000001', 'real_sim_name': 'fastran_FPP_000001', 'portal_data': {'code': 'fastran_eq_efit', 'eventtype': 'IPS_STAGE_STATE', 'ok': True, 'walltime': '11423.49', 'time': '2025-08-19|13:08:55PDT', 'trace': {'timestamp': 1755634135588927, 'duration': 21478, 'localEndpoint': {'serviceName': 'stage_state'}, 'name': "['s000001.00001', 'g000001.00001', 'i000001.00001']", 'id': '71885aecf25d7412', 'parentId': '2617dfea67be2d95', 'tags': {}}, 'state': 'Running', 'comment': 'Elapsed time = 0.021  files = s000001.00001 g000001.00001 i000001.00001 Success'}})
2025-08-19 13:08:55,621 fastran_eq_efit_6 DEBUG    _get_service_response(REQUEST|fastran_FPP_000001@efit@6|FRAMEWORK@Framework@0|42)
2025-08-19 13:08:55,632 fastran_eq_efit_6 DEBUG    _get_service_response(REQUEST|fastran_FPP_000001@efit@6|FRAMEWORK@Framework@0|42), response = ServiceResponseMessage(sender_id=FRAMEWORK@Framework@0, receiver_id=fastran_FPP_000001@efit@6, request_msg_id=REQUEST|fastran_FPP_000001@efit@6|FRAMEWORK@Framework@0|42,status=0, args=(None,), message_id=RESPONSE|FRAMEWORK@Framework@0|fastran_FPP_000001@efit@6|22813)
2025-08-19 13:08:58,277 fastran_eq_efit_6 DEBUG    _invoke_service(): update_state  (['s000001.00001', 'g000001.00001', 'i000001.00001'], '/pscratch/sd/h/hswils/github_repos/MANTA_DBSCANS/basecase/SCAN/work/fastran_eq_efit_6', '/pscratch/sd/h/hswils/github_repos/MANTA_DBSCANS/basecase/SCAN/work/plasma_state')
2025-08-19 13:08:58,277 fastran_eq_efit_6 DEBUG    _get_service_response(REQUEST|fastran_FPP_000001@efit@6|FRAMEWORK@Framework@0|43)
2025-08-19 13:08:58,298 fastran_eq_efit_6 DEBUG    _get_service_response(REQUEST|fastran_FPP_000001@efit@6|FRAMEWORK@Framework@0|43), response = ServiceResponseMessage(sender_id=FRAMEWORK@Framework@0, receiver_id=fastran_FPP_000001@efit@6, request_msg_id=REQUEST|fastran_FPP_000001@efit@6|FRAMEWORK@Framework@0|43,status=0, args=(0,), message_id=RESPONSE|FRAMEWORK@Framework@0|fastran_FPP_000001@efit@6|22819)
2025-08-19 13:08:58,298 fastran_eq_efit_6 DEBUG    _invoke_service(): getTopic  ('_IPS_MONITOR',)
2025-08-19 13:08:58,298 fastran_eq_efit_6 DEBUG    _get_service_response(REQUEST|fastran_FPP_000001@efit@6|FRAMEWORK@Framework@0|44)
2025-08-19 13:08:58,309 fastran_eq_efit_6 DEBUG    _get_service_response(REQUEST|fastran_FPP_000001@efit@6|FRAMEWORK@Framework@0|44), response = ServiceResponseMessage(sender_id=FRAMEWORK@Framework@0, receiver_id=fastran_FPP_000001@efit@6, request_msg_id=REQUEST|fastran_FPP_000001@efit@6|FRAMEWORK@Framework@0|44,status=0, args=(<ipsframework.cca_es_spec.Topic object at 0x7f3a449f5c10>,), message_id=RESPONSE|FRAMEWORK@Framework@0|fastran_FPP_000001@efit@6|22820)
2025-08-19 13:08:58,309 fastran_eq_efit_6 DEBUG    _invoke_service(): sendEvent  ('_IPS_MONITOR', 'PORTAL_EVENT', {'sim_name': 'fastran_FPP_000001', 'real_sim_name': 'fastran_FPP_000001', 'portal_data': {'code': 'fastran_eq_efit', 'eventtype': 'IPS_UPDATE_STATE', 'ok': True, 'walltime': '11426.18', 'time': '2025-08-19|13:08:58PDT', 'trace': {'timestamp': 1755634138276883, 'duration': 21480, 'localEndpoint': {'serviceName': 'update_state'}, 'name': "['s000001.00001', 'g000001.00001', 'i000001.00001']", 'id': '7629e189a66153c0', 'parentId': '2617dfea67be2d95', 'tags': {}}, 'state': 'Running', 'comment': 'Elapsed time = 0.021   files = s000001.00001 g000001.00001 i000001.00001 Success'}})
2025-08-19 13:08:58,309 fastran_eq_efit_6 DEBUG    _get_service_response(REQUEST|fastran_FPP_000001@efit@6|FRAMEWORK@Framework@0|45)
2025-08-19 13:08:58,320 fastran_eq_efit_6 DEBUG    _get_service_response(REQUEST|fastran_FPP_000001@efit@6|FRAMEWORK@Framework@0|45), response = ServiceResponseMessage(sender_id=FRAMEWORK@Framework@0, receiver_id=fastran_FPP_000001@efit@6, request_msg_id=REQUEST|fastran_FPP_000001@efit@6|FRAMEWORK@Framework@0|45,status=0, args=(None,), message_id=RESPONSE|FRAMEWORK@Framework@0|fastran_FPP_000001@efit@6|22821)
2025-08-19 13:08:58,344 fastran_eq_efit_6 DEBUG    _invoke_service(): getTopic  ('_IPS_MONITOR',)
2025-08-19 13:08:58,344 fastran_eq_efit_6 DEBUG    _get_service_response(REQUEST|fastran_FPP_000001@efit@6|FRAMEWORK@Framework@0|46)
2025-08-19 13:08:58,355 fastran_eq_efit_6 DEBUG    _get_service_response(REQUEST|fastran_FPP_000001@efit@6|FRAMEWORK@Framework@0|46), response = ServiceResponseMessage(sender_id=FRAMEWORK@Framework@0, receiver_id=fastran_FPP_000001@efit@6, request_msg_id=REQUEST|fastran_FPP_000001@efit@6|FRAMEWORK@Framework@0|46,status=0, args=(<ipsframework.cca_es_spec.Topic object at 0x7f3a449f5bb0>,), message_id=RESPONSE|FRAMEWORK@Framework@0|fastran_FPP_000001@efit@6|22822)
2025-08-19 13:08:58,355 fastran_eq_efit_6 DEBUG    _invoke_service(): sendEvent  ('_IPS_MONITOR', 'PORTAL_EVENT', {'sim_name': 'fastran_FPP_000001', 'real_sim_name': 'fastran_FPP_000001', 'portal_data': {'code': 'fastran_eq_efit', 'eventtype': 'IPS_STAGE_OUTPUTS', 'ok': True, 'walltime': '11426.22', 'time': '2025-08-19|13:08:58PDT', 'trace': {'timestamp': 1755634138320728, 'duration': 23554, 'localEndpoint': {'serviceName': 'stage_output_files'}, 'name': "['g*.*', 'a*.*', 'm*.*', 'k*.*', 'efit.log', 's*.*']", 'id': '80725d8eee5776f1', 'parentId': '2617dfea67be2d95', 'tags': {}}, 'state': 'Running', 'comment': "Elapsed time = 0.024 Path = /pscratch/sd/h/hswils/github_repos/MANTA_DBSCANS/basecase/SCAN/simulation_results/5/components/fastran_eq_efit_6 Files = ['g*.*', 'a*.*', 'm*.*', 'k*.*', 'efit.log', 's*.*']"}})
2025-08-19 13:08:58,355 fastran_eq_efit_6 DEBUG    _get_service_response(REQUEST|fastran_FPP_000001@efit@6|FRAMEWORK@Framework@0|47)
2025-08-19 13:08:58,366 fastran_eq_efit_6 DEBUG    _get_service_response(REQUEST|fastran_FPP_000001@efit@6|FRAMEWORK@Framework@0|47), response = ServiceResponseMessage(sender_id=FRAMEWORK@Framework@0, receiver_id=fastran_FPP_000001@efit@6, request_msg_id=REQUEST|fastran_FPP_000001@efit@6|FRAMEWORK@Framework@0|47,status=0, args=(None,), message_id=RESPONSE|FRAMEWORK@Framework@0|fastran_FPP_000001@efit@6|22823)
2025-08-19 13:08:58,378 fastran_driver_fastran_driver_2 DEBUG    _get_service_response(REQUEST|fastran_FPP_000001@fastran_driver@2|FRAMEWORK@Framework@0|210), response = ServiceResponseMessage(sender_id=FRAMEWORK@Framework@0, receiver_id=fastran_FPP_000001@fastran_driver@2, request_msg_id=REQUEST|fastran_FPP_000001@fastran_driver@2|FRAMEWORK@Framework@0|210,status=0, args=((None,),), message_id=RESPONSE|FRAMEWORK@Framework@0|fastran_FPP_000001@fastran_driver@2|22824)
2025-08-19 13:08:58,379 fastran_driver_fastran_driver_2 DEBUG    _invoke_service(): getTopic  ('_IPS_MONITOR',)
2025-08-19 13:08:58,379 fastran_driver_fastran_driver_2 DEBUG    _get_service_response(REQUEST|fastran_FPP_000001@fastran_driver@2|FRAMEWORK@Framework@0|211)
2025-08-19 13:08:58,390 fastran_driver_fastran_driver_2 DEBUG    _get_service_response(REQUEST|fastran_FPP_000001@fastran_driver@2|FRAMEWORK@Framework@0|211), response = ServiceResponseMessage(sender_id=FRAMEWORK@Framework@0, receiver_id=fastran_FPP_000001@fastran_driver@2, request_msg_id=REQUEST|fastran_FPP_000001@fastran_driver@2|FRAMEWORK@Framework@0|211,status=0, args=(<ipsframework.cca_es_spec.Topic object at 0x7f3a44a20850>,), message_id=RESPONSE|FRAMEWORK@Framework@0|fastran_FPP_000001@fastran_driver@2|22825)
2025-08-19 13:08:58,390 fastran_driver_fastran_driver_2 DEBUG    _invoke_service(): sendEvent  ('_IPS_MONITOR', 'PORTAL_EVENT', {'sim_name': 'fastran_FPP_000001', 'real_sim_name': 'fastran_FPP_000001', 'portal_data': {'code': 'fastran_driver_fastran_driver', 'eventtype': 'IPS_CALL_END', 'ok': True, 'walltime': '11426.26', 'time': '2025-08-19|13:08:58PDT', 'trace': {'timestamp': 1755634135600837, 'duration': 2778231, 'localEndpoint': {'serviceName': 'fastran_FPP_000001@efit@6'}, 'name': 'step(5)', 'id': '2617dfea67be2d95', 'parentId': 'f899e3e5886669ce', 'tags': {}}, 'state': 'Running', 'comment': 'Target = fastran_FPP_000001@efit@6:step(5)'}})
2025-08-19 13:08:58,390 fastran_driver_fastran_driver_2 DEBUG    _get_service_response(REQUEST|fastran_FPP_000001@fastran_driver@2|FRAMEWORK@Framework@0|212)
2025-08-19 13:08:58,401 fastran_driver_fastran_driver_2 DEBUG    _get_service_response(REQUEST|fastran_FPP_000001@fastran_driver@2|FRAMEWORK@Framework@0|212), response = ServiceResponseMessage(sender_id=FRAMEWORK@Framework@0, receiver_id=fastran_FPP_000001@fastran_driver@2, request_msg_id=REQUEST|fastran_FPP_000001@fastran_driver@2|FRAMEWORK@Framework@0|212,status=0, args=(None,), message_id=RESPONSE|FRAMEWORK@Framework@0|fastran_FPP_000001@fastran_driver@2|22826)
2025-08-19 13:08:58,401 fastran_driver_fastran_driver_2 DEBUG    _invoke_service(): getTopic  ('_IPS_MONITOR',)
2025-08-19 13:08:58,402 fastran_driver_fastran_driver_2 DEBUG    _get_service_response(REQUEST|fastran_FPP_000001@fastran_driver@2|FRAMEWORK@Framework@0|213)
2025-08-19 13:08:58,412 fastran_driver_fastran_driver_2 DEBUG    _get_service_response(REQUEST|fastran_FPP_000001@fastran_driver@2|FRAMEWORK@Framework@0|213), response = ServiceResponseMessage(sender_id=FRAMEWORK@Framework@0, receiver_id=fastran_FPP_000001@fastran_driver@2, request_msg_id=REQUEST|fastran_FPP_000001@fastran_driver@2|FRAMEWORK@Framework@0|213,status=0, args=(<ipsframework.cca_es_spec.Topic object at 0x7f3a44a207c0>,), message_id=RESPONSE|FRAMEWORK@Framework@0|fastran_FPP_000001@fastran_driver@2|22827)
2025-08-19 13:08:58,412 fastran_driver_fastran_driver_2 DEBUG    _invoke_service(): sendEvent  ('_IPS_MONITOR', 'PORTAL_EVENT', {'sim_name': 'fastran_FPP_000001', 'real_sim_name': 'fastran_FPP_000001', 'portal_data': {'code': 'fastran_driver_fastran_driver', 'eventtype': 'IPS_CALL_BEGIN', 'ok': True, 'walltime': '11426.28', 'time': '2025-08-19|13:08:58PDT', 'state': 'Running', 'comment': 'Target = fastran_FPP_000001@fastran@7:step(5)'}})
2025-08-19 13:08:58,412 fastran_driver_fastran_driver_2 DEBUG    _get_service_response(REQUEST|fastran_FPP_000001@fastran_driver@2|FRAMEWORK@Framework@0|214)
2025-08-19 13:08:58,423 fastran_driver_fastran_driver_2 DEBUG    _get_service_response(REQUEST|fastran_FPP_000001@fastran_driver@2|FRAMEWORK@Framework@0|214), response = ServiceResponseMessage(sender_id=FRAMEWORK@Framework@0, receiver_id=fastran_FPP_000001@fastran_driver@2, request_msg_id=REQUEST|fastran_FPP_000001@fastran_driver@2|FRAMEWORK@Framework@0|214,status=0, args=(None,), message_id=RESPONSE|FRAMEWORK@Framework@0|fastran_FPP_000001@fastran_driver@2|22828)
2025-08-19 13:08:58,423 fastran_driver_fastran_driver_2 DEBUG    _invoke_service(): init_call  ('step', 5)
2025-08-19 13:08:58,423 fastran_driver_fastran_driver_2 DEBUG    _get_service_response(REQUEST|fastran_FPP_000001@fastran_driver@2|FRAMEWORK@Framework@0|215)
2025-08-19 13:08:58,424 fastran_tr_fastran_7 DEBUG    Received Message 
2025-08-19 13:08:58,424 fastran_tr_fastran_7 DEBUG    Calling method step(5)
2025-08-19 13:08:58,424 fastran_tr_fastran_7 DEBUG    _invoke_service(): stage_state  (['s000001.00001', 'g000001.00001', 'i000001.00001'], '/pscratch/sd/h/hswils/github_repos/MANTA_DBSCANS/basecase/SCAN/work/plasma_state', '/pscratch/sd/h/hswils/github_repos/MANTA_DBSCANS/basecase/SCAN/work/fastran_tr_fastran_7')
2025-08-19 13:08:58,424 fastran_tr_fastran_7 DEBUG    _get_service_response(REQUEST|fastran_FPP_000001@fastran@7|FRAMEWORK@Framework@0|80)
2025-08-19 13:08:58,434 fastran_driver_fastran_driver_2 DEBUG    _get_service_response(REQUEST|fastran_FPP_000001@fastran_driver@2|FRAMEWORK@Framework@0|215), response = ServiceResponseMessage(sender_id=FRAMEWORK@Framework@0, receiver_id=fastran_FPP_000001@fastran_driver@2, request_msg_id=REQUEST|fastran_FPP_000001@fastran_driver@2|FRAMEWORK@Framework@0|215,status=0, args=(35,), message_id=RESPONSE|FRAMEWORK@Framework@0|fastran_FPP_000001@fastran_driver@2|22829)
2025-08-19 13:08:58,434 fastran_driver_fastran_driver_2 DEBUG    _invoke_service(): wait_call  (35, True)
2025-08-19 13:08:58,434 fastran_driver_fastran_driver_2 DEBUG    _get_service_response(REQUEST|fastran_FPP_000001@fastran_driver@2|FRAMEWORK@Framework@0|216)
2025-08-19 13:08:58,445 fastran_tr_fastran_7 DEBUG    _get_service_response(REQUEST|fastran_FPP_000001@fastran@7|FRAMEWORK@Framework@0|80), response = ServiceResponseMessage(sender_id=FRAMEWORK@Framework@0, receiver_id=fastran_FPP_000001@fastran@7, request_msg_id=REQUEST|fastran_FPP_000001@fastran@7|FRAMEWORK@Framework@0|80,status=0, args=(0,), message_id=RESPONSE|FRAMEWORK@Framework@0|fastran_FPP_000001@fastran@7|22830)
2025-08-19 13:08:58,446 fastran_tr_fastran_7 DEBUG    _invoke_service(): getTopic  ('_IPS_MONITOR',)
2025-08-19 13:08:58,446 fastran_tr_fastran_7 DEBUG    _get_service_response(REQUEST|fastran_FPP_000001@fastran@7|FRAMEWORK@Framework@0|81)
2025-08-19 13:08:58,456 fastran_tr_fastran_7 DEBUG    _get_service_response(REQUEST|fastran_FPP_000001@fastran@7|FRAMEWORK@Framework@0|81), response = ServiceResponseMessage(sender_id=FRAMEWORK@Framework@0, receiver_id=fastran_FPP_000001@fastran@7, request_msg_id=REQUEST|fastran_FPP_000001@fastran@7|FRAMEWORK@Framework@0|81,status=0, args=(<ipsframework.cca_es_spec.Topic object at 0x7f3a449469d0>,), message_id=RESPONSE|FRAMEWORK@Framework@0|fastran_FPP_000001@fastran@7|22831)
2025-08-19 13:08:58,456 fastran_tr_fastran_7 DEBUG    _invoke_service(): sendEvent  ('_IPS_MONITOR', 'PORTAL_EVENT', {'sim_name': 'fastran_FPP_000001', 'real_sim_name': 'fastran_FPP_000001', 'portal_data': {'code': 'fastran_tr_fastran', 'eventtype': 'IPS_STAGE_STATE', 'ok': True, 'walltime': '11426.32', 'time': '2025-08-19|13:08:58PDT', 'trace': {'timestamp': 1755634138424761, 'duration': 21198, 'localEndpoint': {'serviceName': 'stage_state'}, 'name': "['s000001.00001', 'g000001.00001', 'i000001.00001']", 'id': '71885aecf25d7412', 'parentId': '9f97e80bb0367ca1', 'tags': {}}, 'state': 'Running', 'comment': 'Elapsed time = 0.021  files = s000001.00001 g000001.00001 i000001.00001 Success'}})
2025-08-19 13:08:58,457 fastran_tr_fastran_7 DEBUG    _get_service_response(REQUEST|fastran_FPP_000001@fastran@7|FRAMEWORK@Framework@0|82)
2025-08-19 13:08:58,467 fastran_tr_fastran_7 DEBUG    _get_service_response(REQUEST|fastran_FPP_000001@fastran@7|FRAMEWORK@Framework@0|82), response = ServiceResponseMessage(sender_id=FRAMEWORK@Framework@0, receiver_id=fastran_FPP_000001@fastran@7, request_msg_id=REQUEST|fastran_FPP_000001@fastran@7|FRAMEWORK@Framework@0|82,status=0, args=(None,), message_id=RESPONSE|FRAMEWORK@Framework@0|fastran_FPP_000001@fastran@7|22832)
2025-08-19 13:08:58,476 fastran_tr_fastran_7 DEBUG    _invoke_service(): getTopic  ('_IPS_MONITOR',)
2025-08-19 13:08:58,476 fastran_tr_fastran_7 DEBUG    _get_service_response(REQUEST|fastran_FPP_000001@fastran@7|FRAMEWORK@Framework@0|83)
2025-08-19 13:08:58,486 fastran_tr_fastran_7 DEBUG    _get_service_response(REQUEST|fastran_FPP_000001@fastran@7|FRAMEWORK@Framework@0|83), response = ServiceResponseMessage(sender_id=FRAMEWORK@Framework@0, receiver_id=fastran_FPP_000001@fastran@7, request_msg_id=REQUEST|fastran_FPP_000001@fastran@7|FRAMEWORK@Framework@0|83,status=0, args=(<ipsframework.cca_es_spec.Topic object at 0x7f3a449468b0>,), message_id=RESPONSE|FRAMEWORK@Framework@0|fastran_FPP_000001@fastran@7|22833)
2025-08-19 13:08:58,486 fastran_tr_fastran_7 DEBUG    _invoke_service(): sendEvent  ('_IPS_MONITOR', 'PORTAL_EVENT', {'sim_name': 'fastran_FPP_000001', 'real_sim_name': 'fastran_FPP_000001', 'portal_data': {'code': 'fastran_tr_fastran', 'eventtype': 'IPS_STAGE_INPUTS', 'ok': True, 'walltime': '11426.35', 'time': '2025-08-19|13:08:58PDT', 'trace': {'timestamp': 1755634138468296, 'duration': 7732, 'localEndpoint': {'serviceName': 'stage_input_files'}, 'name': 'infastran intglf', 'id': '5ff6e2efe4653e6c', 'parentId': '9f97e80bb0367ca1', 'tags': {}}, 'state': 'Running', 'comment': 'Elapsed time = 0.008 Path = /pscratch/sd/h/hswils/github_repos/MANTA_DBSCANS/basecase/input Files = infastran intglf'}})
2025-08-19 13:08:58,486 fastran_tr_fastran_7 DEBUG    _get_service_response(REQUEST|fastran_FPP_000001@fastran@7|FRAMEWORK@Framework@0|84)
2025-08-19 13:08:58,497 fastran_tr_fastran_7 DEBUG    _get_service_response(REQUEST|fastran_FPP_000001@fastran@7|FRAMEWORK@Framework@0|84), response = ServiceResponseMessage(sender_id=FRAMEWORK@Framework@0, receiver_id=fastran_FPP_000001@fastran@7, request_msg_id=REQUEST|fastran_FPP_000001@fastran@7|FRAMEWORK@Framework@0|84,status=0, args=(None,), message_id=RESPONSE|FRAMEWORK@Framework@0|fastran_FPP_000001@fastran@7|22834)
2025-08-19 13:08:58,709 fastran_tr_fastran_7 DEBUG    _invoke_service(): init_task  (TaskInit(nproc=1, binary='/global/common/software/atom/perlmutter/binaries/fastran/default/xfastran_ver1.06', working_dir='/pscratch/sd/h/hswils/github_repos/MANTA_DBSCANS/basecase/SCAN/work/fastran_tr_fastran_7', tppn=0, tcpp=0, tgpp=0, block=True, omp=False, wnodes=True, wsocks=True, cmd_args=('1', '1')),)
2025-08-19 13:08:58,710 fastran_tr_fastran_7 DEBUG    _get_service_response(REQUEST|fastran_FPP_000001@fastran@7|FRAMEWORK@Framework@0|85)
2025-08-19 13:08:58,721 fastran_tr_fastran_7 DEBUG    _get_service_response(REQUEST|fastran_FPP_000001@fastran@7|FRAMEWORK@Framework@0|85), response = ServiceResponseMessage(sender_id=FRAMEWORK@Framework@0, receiver_id=fastran_FPP_000001@fastran@7, request_msg_id=REQUEST|fastran_FPP_000001@fastran@7|FRAMEWORK@Framework@0|85,status=0, args=((13, 'srun -N 1 -n 1 -c 128 --threads-per-core=1 --cpu-bind=cores /global/common/software/atom/perlmutter/binaries/fastran/default/xfastran_ver1.06 1 1', None, 128),), message_id=RESPONSE|FRAMEWORK@Framework@0|fastran_FPP_000001@fastran@7|22836)
2025-08-19 13:08:58,723 fastran_tr_fastran_7 DEBUG    Launching command : srun -N 1 -n 1 -c 128 --threads-per-core=1 --cpu-bind=cores /global/common/software/atom/perlmutter/binaries/fastran/default/xfastran_ver1.06 1 1
2025-08-19 13:08:58,736 fastran_tr_fastran_7 DEBUG    _invoke_service(): getTopic  ('_IPS_MONITOR',)
2025-08-19 13:08:58,737 fastran_tr_fastran_7 DEBUG    _get_service_response(REQUEST|fastran_FPP_000001@fastran@7|FRAMEWORK@Framework@0|86)
2025-08-19 13:08:58,748 fastran_tr_fastran_7 DEBUG    _get_service_response(REQUEST|fastran_FPP_000001@fastran@7|FRAMEWORK@Framework@0|86), response = ServiceResponseMessage(sender_id=FRAMEWORK@Framework@0, receiver_id=fastran_FPP_000001@fastran@7, request_msg_id=REQUEST|fastran_FPP_000001@fastran@7|FRAMEWORK@Framework@0|86,status=0, args=(<ipsframework.cca_es_spec.Topic object at 0x7f3a44946c70>,), message_id=RESPONSE|FRAMEWORK@Framework@0|fastran_FPP_000001@fastran@7|22837)
2025-08-19 13:08:58,748 fastran_tr_fastran_7 DEBUG    _invoke_service(): sendEvent  ('_IPS_MONITOR', 'PORTAL_EVENT', {'sim_name': 'fastran_FPP_000001', 'real_sim_name': 'fastran_FPP_000001', 'portal_data': {'code': 'fastran_tr_fastran', 'eventtype': 'IPS_LAUNCH_TASK', 'ok': True, 'walltime': '11426.61', 'time': '2025-08-19|13:08:58PDT', 'state': 'Running', 'comment': 'task_id = 13 , Tag = None , nproc = 1 , Target = srun -N 1 -n 1 -c 128 --threads-per-core=1 --cpu-bind=cores /global/common/software/atom/perlmutter/binaries/fastran/default/xfastran_ver1.06 1 1'}})
2025-08-19 13:08:58,748 fastran_tr_fastran_7 DEBUG    _get_service_response(REQUEST|fastran_FPP_000001@fastran@7|FRAMEWORK@Framework@0|87)
2025-08-19 13:08:58,759 fastran_tr_fastran_7 DEBUG    _get_service_response(REQUEST|fastran_FPP_000001@fastran@7|FRAMEWORK@Framework@0|87), response = ServiceResponseMessage(sender_id=FRAMEWORK@Framework@0, receiver_id=fastran_FPP_000001@fastran@7, request_msg_id=REQUEST|fastran_FPP_000001@fastran@7|FRAMEWORK@Framework@0|87,status=0, args=(None,), message_id=RESPONSE|FRAMEWORK@Framework@0|fastran_FPP_000001@fastran@7|22838)
2025-08-19 13:40:53,786 fastran_tr_fastran_7 DEBUG    _invoke_service(): getTopic  ('_IPS_MONITOR',)
2025-08-19 13:40:53,786 fastran_tr_fastran_7 DEBUG    _get_service_response(REQUEST|fastran_FPP_000001@fastran@7|FRAMEWORK@Framework@0|88)
2025-08-19 13:40:53,797 fastran_tr_fastran_7 DEBUG    _get_service_response(REQUEST|fastran_FPP_000001@fastran@7|FRAMEWORK@Framework@0|88), response = ServiceResponseMessage(sender_id=FRAMEWORK@Framework@0, receiver_id=fastran_FPP_000001@fastran@7, request_msg_id=REQUEST|fastran_FPP_000001@fastran@7|FRAMEWORK@Framework@0|88,status=0, args=(<ipsframework.cca_es_spec.Topic object at 0x7f3a44946a60>,), message_id=RESPONSE|FRAMEWORK@Framework@0|fastran_FPP_000001@fastran@7|26584)
2025-08-19 13:40:53,797 fastran_tr_fastran_7 DEBUG    _invoke_service(): sendEvent  ('_IPS_MONITOR', 'PORTAL_EVENT', {'sim_name': 'fastran_FPP_000001', 'real_sim_name': 'fastran_FPP_000001', 'portal_data': {'code': 'fastran_tr_fastran', 'eventtype': 'IPS_TASK_END', 'ok': True, 'walltime': '13341.66', 'time': '2025-08-19|13:40:53PDT', 'trace': {'timestamp': 1755634138736594, 'duration': 1915049486, 'localEndpoint': {'serviceName': '/global/common/software/atom/perlmutter/binaries/fastran/default/xfastran_ver1.06'}, 'name': '1 1', 'id': 'df5829d3b5a7ea69', 'parentId': '9f97e80bb0367ca1', 'tags': {'procs_requested': '1', 'cores_allocated': '128'}}, 'state': 'Running', 'comment': 'task_id = 13  elapsed time = 1915.05 S'}})
2025-08-19 13:40:53,798 fastran_tr_fastran_7 DEBUG    _get_service_response(REQUEST|fastran_FPP_000001@fastran@7|FRAMEWORK@Framework@0|89)
2025-08-19 13:40:53,809 fastran_tr_fastran_7 DEBUG    _get_service_response(REQUEST|fastran_FPP_000001@fastran@7|FRAMEWORK@Framework@0|89), response = ServiceResponseMessage(sender_id=FRAMEWORK@Framework@0, receiver_id=fastran_FPP_000001@fastran@7, request_msg_id=REQUEST|fastran_FPP_000001@fastran@7|FRAMEWORK@Framework@0|89,status=0, args=(None,), message_id=RESPONSE|FRAMEWORK@Framework@0|fastran_FPP_000001@fastran@7|26585)
2025-08-19 13:40:53,809 fastran_tr_fastran_7 DEBUG    _invoke_service(): finish_task  (13, 0)
2025-08-19 13:40:53,809 fastran_tr_fastran_7 DEBUG    _get_service_response(REQUEST|fastran_FPP_000001@fastran@7|FRAMEWORK@Framework@0|90)
2025-08-19 13:40:53,821 fastran_tr_fastran_7 DEBUG    _get_service_response(REQUEST|fastran_FPP_000001@fastran@7|FRAMEWORK@Framework@0|90), response = ServiceResponseMessage(sender_id=FRAMEWORK@Framework@0, receiver_id=fastran_FPP_000001@fastran@7, request_msg_id=REQUEST|fastran_FPP_000001@fastran@7|FRAMEWORK@Framework@0|90,status=0, args=(0,), message_id=RESPONSE|FRAMEWORK@Framework@0|fastran_FPP_000001@fastran@7|26586)
2025-08-19 13:40:54,092 fastran_tr_fastran_7 DEBUG    _invoke_service(): update_state  (['s000001.00001', 'g000001.00001', 'i000001.00001'], '/pscratch/sd/h/hswils/github_repos/MANTA_DBSCANS/basecase/SCAN/work/fastran_tr_fastran_7', '/pscratch/sd/h/hswils/github_repos/MANTA_DBSCANS/basecase/SCAN/work/plasma_state')
2025-08-19 13:40:54,092 fastran_tr_fastran_7 DEBUG    _get_service_response(REQUEST|fastran_FPP_000001@fastran@7|FRAMEWORK@Framework@0|91)
2025-08-19 13:40:54,114 fastran_tr_fastran_7 DEBUG    _get_service_response(REQUEST|fastran_FPP_000001@fastran@7|FRAMEWORK@Framework@0|91), response = ServiceResponseMessage(sender_id=FRAMEWORK@Framework@0, receiver_id=fastran_FPP_000001@fastran@7, request_msg_id=REQUEST|fastran_FPP_000001@fastran@7|FRAMEWORK@Framework@0|91,status=0, args=(0,), message_id=RESPONSE|FRAMEWORK@Framework@0|fastran_FPP_000001@fastran@7|26587)
2025-08-19 13:40:54,114 fastran_tr_fastran_7 DEBUG    _invoke_service(): getTopic  ('_IPS_MONITOR',)
2025-08-19 13:40:54,114 fastran_tr_fastran_7 DEBUG    _get_service_response(REQUEST|fastran_FPP_000001@fastran@7|FRAMEWORK@Framework@0|92)
2025-08-19 13:40:54,125 fastran_tr_fastran_7 DEBUG    _get_service_response(REQUEST|fastran_FPP_000001@fastran@7|FRAMEWORK@Framework@0|92), response = ServiceResponseMessage(sender_id=FRAMEWORK@Framework@0, receiver_id=fastran_FPP_000001@fastran@7, request_msg_id=REQUEST|fastran_FPP_000001@fastran@7|FRAMEWORK@Framework@0|92,status=0, args=(<ipsframework.cca_es_spec.Topic object at 0x7f3a44946850>,), message_id=RESPONSE|FRAMEWORK@Framework@0|fastran_FPP_000001@fastran@7|26588)
2025-08-19 13:40:54,125 fastran_tr_fastran_7 DEBUG    _invoke_service(): sendEvent  ('_IPS_MONITOR', 'PORTAL_EVENT', {'sim_name': 'fastran_FPP_000001', 'real_sim_name': 'fastran_FPP_000001', 'portal_data': {'code': 'fastran_tr_fastran', 'eventtype': 'IPS_UPDATE_STATE', 'ok': True, 'walltime': '13341.99', 'time': '2025-08-19|13:40:54PDT', 'trace': {'timestamp': 1755636054092197, 'duration': 22130, 'localEndpoint': {'serviceName': 'update_state'}, 'name': "['s000001.00001', 'g000001.00001', 'i000001.00001']", 'id': '7629e189a66153c0', 'parentId': '9f97e80bb0367ca1', 'tags': {}}, 'state': 'Running', 'comment': 'Elapsed time = 0.022   files = s000001.00001 g000001.00001 i000001.00001 Success'}})
2025-08-19 13:40:54,125 fastran_tr_fastran_7 DEBUG    _get_service_response(REQUEST|fastran_FPP_000001@fastran@7|FRAMEWORK@Framework@0|93)
2025-08-19 13:40:54,136 fastran_tr_fastran_7 DEBUG    _get_service_response(REQUEST|fastran_FPP_000001@fastran@7|FRAMEWORK@Framework@0|93), response = ServiceResponseMessage(sender_id=FRAMEWORK@Framework@0, receiver_id=fastran_FPP_000001@fastran@7, request_msg_id=REQUEST|fastran_FPP_000001@fastran@7|FRAMEWORK@Framework@0|93,status=0, args=(None,), message_id=RESPONSE|FRAMEWORK@Framework@0|fastran_FPP_000001@fastran@7|26590)
2025-08-19 13:40:54,157 fastran_tr_fastran_7 DEBUG    _invoke_service(): getTopic  ('_IPS_MONITOR',)
2025-08-19 13:40:54,157 fastran_tr_fastran_7 DEBUG    _get_service_response(REQUEST|fastran_FPP_000001@fastran@7|FRAMEWORK@Framework@0|94)
2025-08-19 13:40:54,168 fastran_tr_fastran_7 DEBUG    _get_service_response(REQUEST|fastran_FPP_000001@fastran@7|FRAMEWORK@Framework@0|94), response = ServiceResponseMessage(sender_id=FRAMEWORK@Framework@0, receiver_id=fastran_FPP_000001@fastran@7, request_msg_id=REQUEST|fastran_FPP_000001@fastran@7|FRAMEWORK@Framework@0|94,status=0, args=(<ipsframework.cca_es_spec.Topic object at 0x7f3a449468e0>,), message_id=RESPONSE|FRAMEWORK@Framework@0|fastran_FPP_000001@fastran@7|26591)
2025-08-19 13:40:54,168 fastran_tr_fastran_7 DEBUG    _invoke_service(): sendEvent  ('_IPS_MONITOR', 'PORTAL_EVENT', {'sim_name': 'fastran_FPP_000001', 'real_sim_name': 'fastran_FPP_000001', 'portal_data': {'code': 'fastran_tr_fastran', 'eventtype': 'IPS_STAGE_OUTPUTS', 'ok': True, 'walltime': '13342.04', 'time': '2025-08-19|13:40:54PDT', 'trace': {'timestamp': 1755636054136469, 'duration': 20912, 'localEndpoint': {'serviceName': 'stage_output_files'}, 'name': "['fastran.nc', 'inprof', 'inmetric', 'infastran', 'intglf', 'xfastran.log', 'i000001.00001']", 'id': '7349cfaaafc33980', 'parentId': '9f97e80bb0367ca1', 'tags': {}}, 'state': 'Running', 'comment': "Elapsed time = 0.021 Path = /pscratch/sd/h/hswils/github_repos/MANTA_DBSCANS/basecase/SCAN/simulation_results/5/components/fastran_tr_fastran_7 Files = ['fastran.nc', 'inprof', 'inmetric', 'infastran', 'intglf', 'xfastran.log', 'i000001.00001']"}})
2025-08-19 13:40:54,168 fastran_tr_fastran_7 DEBUG    _get_service_response(REQUEST|fastran_FPP_000001@fastran@7|FRAMEWORK@Framework@0|95)
2025-08-19 13:40:54,179 fastran_tr_fastran_7 DEBUG    _get_service_response(REQUEST|fastran_FPP_000001@fastran@7|FRAMEWORK@Framework@0|95), response = ServiceResponseMessage(sender_id=FRAMEWORK@Framework@0, receiver_id=fastran_FPP_000001@fastran@7, request_msg_id=REQUEST|fastran_FPP_000001@fastran@7|FRAMEWORK@Framework@0|95,status=0, args=(None,), message_id=RESPONSE|FRAMEWORK@Framework@0|fastran_FPP_000001@fastran@7|26592)
2025-08-19 13:40:54,190 fastran_driver_fastran_driver_2 DEBUG    _get_service_response(REQUEST|fastran_FPP_000001@fastran_driver@2|FRAMEWORK@Framework@0|216), response = ServiceResponseMessage(sender_id=FRAMEWORK@Framework@0, receiver_id=fastran_FPP_000001@fastran_driver@2, request_msg_id=REQUEST|fastran_FPP_000001@fastran_driver@2|FRAMEWORK@Framework@0|216,status=0, args=((None,),), message_id=RESPONSE|FRAMEWORK@Framework@0|fastran_FPP_000001@fastran_driver@2|26593)
2025-08-19 13:40:54,191 fastran_driver_fastran_driver_2 DEBUG    _invoke_service(): getTopic  ('_IPS_MONITOR',)
2025-08-19 13:40:54,191 fastran_driver_fastran_driver_2 DEBUG    _get_service_response(REQUEST|fastran_FPP_000001@fastran_driver@2|FRAMEWORK@Framework@0|217)
2025-08-19 13:40:54,202 fastran_driver_fastran_driver_2 DEBUG    _get_service_response(REQUEST|fastran_FPP_000001@fastran_driver@2|FRAMEWORK@Framework@0|217), response = ServiceResponseMessage(sender_id=FRAMEWORK@Framework@0, receiver_id=fastran_FPP_000001@fastran_driver@2, request_msg_id=REQUEST|fastran_FPP_000001@fastran_driver@2|FRAMEWORK@Framework@0|217,status=0, args=(<ipsframework.cca_es_spec.Topic object at 0x7f3a44a207f0>,), message_id=RESPONSE|FRAMEWORK@Framework@0|fastran_FPP_000001@fastran_driver@2|26594)
2025-08-19 13:40:54,202 fastran_driver_fastran_driver_2 DEBUG    _invoke_service(): sendEvent  ('_IPS_MONITOR', 'PORTAL_EVENT', {'sim_name': 'fastran_FPP_000001', 'real_sim_name': 'fastran_FPP_000001', 'portal_data': {'code': 'fastran_driver_fastran_driver', 'eventtype': 'IPS_CALL_END', 'ok': True, 'walltime': '13342.07', 'time': '2025-08-19|13:40:54PDT', 'trace': {'timestamp': 1755634138434520, 'duration': 1915756235, 'localEndpoint': {'serviceName': 'fastran_FPP_000001@fastran@7'}, 'name': 'step(5)', 'id': '9f97e80bb0367ca1', 'parentId': 'f899e3e5886669ce', 'tags': {}}, 'state': 'Running', 'comment': 'Target = fastran_FPP_000001@fastran@7:step(5)'}})
2025-08-19 13:40:54,202 fastran_driver_fastran_driver_2 DEBUG    _get_service_response(REQUEST|fastran_FPP_000001@fastran_driver@2|FRAMEWORK@Framework@0|218)
2025-08-19 13:40:54,213 fastran_driver_fastran_driver_2 DEBUG    _get_service_response(REQUEST|fastran_FPP_000001@fastran_driver@2|FRAMEWORK@Framework@0|218), response = ServiceResponseMessage(sender_id=FRAMEWORK@Framework@0, receiver_id=fastran_FPP_000001@fastran_driver@2, request_msg_id=REQUEST|fastran_FPP_000001@fastran_driver@2|FRAMEWORK@Framework@0|218,status=0, args=(None,), message_id=RESPONSE|FRAMEWORK@Framework@0|fastran_FPP_000001@fastran_driver@2|26595)
2025-08-19 13:40:54,214 fastran_driver_fastran_driver_2 DEBUG    _invoke_service(): stage_state  (['s000001.00001', 'g000001.00001', 'i000001.00001'], '/pscratch/sd/h/hswils/github_repos/MANTA_DBSCANS/basecase/SCAN/work/plasma_state', '/pscratch/sd/h/hswils/github_repos/MANTA_DBSCANS/basecase/SCAN/work/fastran_driver_fastran_driver_2')
2025-08-19 13:40:54,214 fastran_driver_fastran_driver_2 DEBUG    _get_service_response(REQUEST|fastran_FPP_000001@fastran_driver@2|FRAMEWORK@Framework@0|219)
2025-08-19 13:40:54,236 fastran_driver_fastran_driver_2 DEBUG    _get_service_response(REQUEST|fastran_FPP_000001@fastran_driver@2|FRAMEWORK@Framework@0|219), response = ServiceResponseMessage(sender_id=FRAMEWORK@Framework@0, receiver_id=fastran_FPP_000001@fastran_driver@2, request_msg_id=REQUEST|fastran_FPP_000001@fastran_driver@2|FRAMEWORK@Framework@0|219,status=0, args=(0,), message_id=RESPONSE|FRAMEWORK@Framework@0|fastran_FPP_000001@fastran_driver@2|26596)
2025-08-19 13:40:54,236 fastran_driver_fastran_driver_2 DEBUG    _invoke_service(): getTopic  ('_IPS_MONITOR',)
2025-08-19 13:40:54,236 fastran_driver_fastran_driver_2 DEBUG    _get_service_response(REQUEST|fastran_FPP_000001@fastran_driver@2|FRAMEWORK@Framework@0|220)
2025-08-19 13:40:54,247 fastran_driver_fastran_driver_2 DEBUG    _get_service_response(REQUEST|fastran_FPP_000001@fastran_driver@2|FRAMEWORK@Framework@0|220), response = ServiceResponseMessage(sender_id=FRAMEWORK@Framework@0, receiver_id=fastran_FPP_000001@fastran_driver@2, request_msg_id=REQUEST|fastran_FPP_000001@fastran_driver@2|FRAMEWORK@Framework@0|220,status=0, args=(<ipsframework.cca_es_spec.Topic object at 0x7f3a44a20850>,), message_id=RESPONSE|FRAMEWORK@Framework@0|fastran_FPP_000001@fastran_driver@2|26597)
2025-08-19 13:40:54,247 fastran_driver_fastran_driver_2 DEBUG    _invoke_service(): sendEvent  ('_IPS_MONITOR', 'PORTAL_EVENT', {'sim_name': 'fastran_FPP_000001', 'real_sim_name': 'fastran_FPP_000001', 'portal_data': {'code': 'fastran_driver_fastran_driver', 'eventtype': 'IPS_STAGE_STATE', 'ok': True, 'walltime': '13342.11', 'time': '2025-08-19|13:40:54PDT', 'trace': {'timestamp': 1755636054214112, 'duration': 22377, 'localEndpoint': {'serviceName': 'stage_state'}, 'name': "['s000001.00001', 'g000001.00001', 'i000001.00001']", 'id': '71885aecf25d7412', 'parentId': 'f899e3e5886669ce', 'tags': {}}, 'state': 'Running', 'comment': 'Elapsed time = 0.022  files = s000001.00001 g000001.00001 i000001.00001 Success'}})
2025-08-19 13:40:54,247 fastran_driver_fastran_driver_2 DEBUG    _get_service_response(REQUEST|fastran_FPP_000001@fastran_driver@2|FRAMEWORK@Framework@0|221)
2025-08-19 13:40:54,258 fastran_driver_fastran_driver_2 DEBUG    _get_service_response(REQUEST|fastran_FPP_000001@fastran_driver@2|FRAMEWORK@Framework@0|221), response = ServiceResponseMessage(sender_id=FRAMEWORK@Framework@0, receiver_id=fastran_FPP_000001@fastran_driver@2, request_msg_id=REQUEST|fastran_FPP_000001@fastran_driver@2|FRAMEWORK@Framework@0|221,status=0, args=(None,), message_id=RESPONSE|FRAMEWORK@Framework@0|fastran_FPP_000001@fastran_driver@2|26598)
2025-08-19 13:40:54,259 fastran_driver_fastran_driver_2 DEBUG    _invoke_service(): getTopic  ('_IPS_MONITOR',)
2025-08-19 13:40:54,259 fastran_driver_fastran_driver_2 DEBUG    _get_service_response(REQUEST|fastran_FPP_000001@fastran_driver@2|FRAMEWORK@Framework@0|222)
2025-08-19 13:40:54,270 fastran_driver_fastran_driver_2 DEBUG    _get_service_response(REQUEST|fastran_FPP_000001@fastran_driver@2|FRAMEWORK@Framework@0|222), response = ServiceResponseMessage(sender_id=FRAMEWORK@Framework@0, receiver_id=fastran_FPP_000001@fastran_driver@2, request_msg_id=REQUEST|fastran_FPP_000001@fastran_driver@2|FRAMEWORK@Framework@0|222,status=0, args=(<ipsframework.cca_es_spec.Topic object at 0x7f3a44a20340>,), message_id=RESPONSE|FRAMEWORK@Framework@0|fastran_FPP_000001@fastran_driver@2|26599)
2025-08-19 13:40:54,270 fastran_driver_fastran_driver_2 DEBUG    _invoke_service(): sendEvent  ('_IPS_MONITOR', 'PORTAL_EVENT', {'sim_name': 'fastran_FPP_000001', 'real_sim_name': 'fastran_FPP_000001', 'portal_data': {'code': 'fastran_driver_fastran_driver', 'eventtype': 'IPS_STAGE_OUTPUTS', 'ok': True, 'walltime': '13342.14', 'time': '2025-08-19|13:40:54PDT', 'trace': {'timestamp': 1755636054258659, 'duration': 365, 'localEndpoint': {'serviceName': 'stage_output_files'}, 'name': '[]', 'id': 'ed019efe11be26d9', 'parentId': 'f899e3e5886669ce', 'tags': {}}, 'state': 'Running', 'comment': 'Elapsed time = 0.000 Path = /pscratch/sd/h/hswils/github_repos/MANTA_DBSCANS/basecase/SCAN/simulation_results/5/components/fastran_driver_fastran_driver_2 Files = []'}})
2025-08-19 13:40:54,270 fastran_driver_fastran_driver_2 DEBUG    _get_service_response(REQUEST|fastran_FPP_000001@fastran_driver@2|FRAMEWORK@Framework@0|223)
2025-08-19 13:40:54,281 fastran_driver_fastran_driver_2 DEBUG    _get_service_response(REQUEST|fastran_FPP_000001@fastran_driver@2|FRAMEWORK@Framework@0|223), response = ServiceResponseMessage(sender_id=FRAMEWORK@Framework@0, receiver_id=fastran_FPP_000001@fastran_driver@2, request_msg_id=REQUEST|fastran_FPP_000001@fastran_driver@2|FRAMEWORK@Framework@0|223,status=0, args=(None,), message_id=RESPONSE|FRAMEWORK@Framework@0|fastran_FPP_000001@fastran_driver@2|26600)
2025-08-19 13:40:54,281 fastran_driver_fastran_driver_2 DEBUG    _invoke_service(): getTopic  ('_IPS_MONITOR',)
2025-08-19 13:40:54,281 fastran_driver_fastran_driver_2 DEBUG    _get_service_response(REQUEST|fastran_FPP_000001@fastran_driver@2|FRAMEWORK@Framework@0|224)
2025-08-19 13:40:54,292 fastran_driver_fastran_driver_2 DEBUG    _get_service_response(REQUEST|fastran_FPP_000001@fastran_driver@2|FRAMEWORK@Framework@0|224), response = ServiceResponseMessage(sender_id=FRAMEWORK@Framework@0, receiver_id=fastran_FPP_000001@fastran_driver@2, request_msg_id=REQUEST|fastran_FPP_000001@fastran_driver@2|FRAMEWORK@Framework@0|224,status=0, args=(<ipsframework.cca_es_spec.Topic object at 0x7f3a44a20580>,), message_id=RESPONSE|FRAMEWORK@Framework@0|fastran_FPP_000001@fastran_driver@2|26601)
2025-08-19 13:40:54,292 fastran_driver_fastran_driver_2 DEBUG    _invoke_service(): sendEvent  ('_IPS_MONITOR', 'PORTALBRIDGE_UPDATE_TIMESTAMP', {'sim_name': 'fastran_FPP_000001', 'real_sim_name': 'fastran_FPP_000001', 'portal_data': {'phystimestamp': 6, 'eventtype': 'PORTALBRIDGE_UPDATE_TIMESTAMP'}})
2025-08-19 13:40:54,292 fastran_driver_fastran_driver_2 DEBUG    _get_service_response(REQUEST|fastran_FPP_000001@fastran_driver@2|FRAMEWORK@Framework@0|225)
2025-08-19 13:40:54,303 fastran_driver_fastran_driver_2 DEBUG    _get_service_response(REQUEST|fastran_FPP_000001@fastran_driver@2|FRAMEWORK@Framework@0|225), response = ServiceResponseMessage(sender_id=FRAMEWORK@Framework@0, receiver_id=fastran_FPP_000001@fastran_driver@2, request_msg_id=REQUEST|fastran_FPP_000001@fastran_driver@2|FRAMEWORK@Framework@0|225,status=0, args=(None,), message_id=RESPONSE|FRAMEWORK@Framework@0|fastran_FPP_000001@fastran_driver@2|26602)
2025-08-19 13:40:54,303 fastran_driver_fastran_driver_2 DEBUG    _invoke_service(): getTopic  ('_IPS_MONITOR',)
2025-08-19 13:40:54,303 fastran_driver_fastran_driver_2 DEBUG    _get_service_response(REQUEST|fastran_FPP_000001@fastran_driver@2|FRAMEWORK@Framework@0|226)
2025-08-19 13:40:54,314 fastran_driver_fastran_driver_2 DEBUG    _get_service_response(REQUEST|fastran_FPP_000001@fastran_driver@2|FRAMEWORK@Framework@0|226), response = ServiceResponseMessage(sender_id=FRAMEWORK@Framework@0, receiver_id=fastran_FPP_000001@fastran_driver@2, request_msg_id=REQUEST|fastran_FPP_000001@fastran_driver@2|FRAMEWORK@Framework@0|226,status=0, args=(<ipsframework.cca_es_spec.Topic object at 0x7f3a44a20340>,), message_id=RESPONSE|FRAMEWORK@Framework@0|fastran_FPP_000001@fastran_driver@2|26603)
2025-08-19 13:40:54,314 fastran_driver_fastran_driver_2 DEBUG    _invoke_service(): sendEvent  ('_IPS_MONITOR', 'PORTAL_EVENT', {'sim_name': 'fastran_FPP_000001', 'real_sim_name': 'fastran_FPP_000001', 'portal_data': {'code': 'fastran_driver_fastran_driver', 'eventtype': 'IPS_UPDATE_TIME_STAMP', 'ok': True, 'walltime': '13342.18', 'time': '2025-08-19|13:40:54PDT', 'state': 'Running', 'comment': 'Timestamp = 6'}})
2025-08-19 13:40:54,314 fastran_driver_fastran_driver_2 DEBUG    _get_service_response(REQUEST|fastran_FPP_000001@fastran_driver@2|FRAMEWORK@Framework@0|227)
2025-08-19 13:40:54,325 fastran_driver_fastran_driver_2 DEBUG    _get_service_response(REQUEST|fastran_FPP_000001@fastran_driver@2|FRAMEWORK@Framework@0|227), response = ServiceResponseMessage(sender_id=FRAMEWORK@Framework@0, receiver_id=fastran_FPP_000001@fastran_driver@2, request_msg_id=REQUEST|fastran_FPP_000001@fastran_driver@2|FRAMEWORK@Framework@0|227,status=0, args=(None,), message_id=RESPONSE|FRAMEWORK@Framework@0|fastran_FPP_000001@fastran_driver@2|26604)
2025-08-19 13:40:54,326 fastran_driver_fastran_driver_2 DEBUG    _invoke_service(): getTopic  ('_IPS_MONITOR',)
2025-08-19 13:40:54,326 fastran_driver_fastran_driver_2 DEBUG    _get_service_response(REQUEST|fastran_FPP_000001@fastran_driver@2|FRAMEWORK@Framework@0|228)
2025-08-19 13:40:54,337 fastran_driver_fastran_driver_2 DEBUG    _get_service_response(REQUEST|fastran_FPP_000001@fastran_driver@2|FRAMEWORK@Framework@0|228), response = ServiceResponseMessage(sender_id=FRAMEWORK@Framework@0, receiver_id=fastran_FPP_000001@fastran_driver@2, request_msg_id=REQUEST|fastran_FPP_000001@fastran_driver@2|FRAMEWORK@Framework@0|228,status=0, args=(<ipsframework.cca_es_spec.Topic object at 0x7f3a44a20190>,), message_id=RESPONSE|FRAMEWORK@Framework@0|fastran_FPP_000001@fastran_driver@2|26605)
2025-08-19 13:40:54,337 fastran_driver_fastran_driver_2 DEBUG    _invoke_service(): sendEvent  ('_IPS_MONITOR', 'PORTAL_EVENT', {'sim_name': 'fastran_FPP_000001', 'real_sim_name': 'fastran_FPP_000001', 'portal_data': {'code': 'fastran_driver_fastran_driver', 'eventtype': 'IPS_CALL_BEGIN', 'ok': True, 'walltime': '13342.20', 'time': '2025-08-19|13:40:54PDT', 'state': 'Running', 'comment': 'Target = fastran_FPP_000001@toric@5:step(6)'}})
2025-08-19 13:40:54,337 fastran_driver_fastran_driver_2 DEBUG    _get_service_response(REQUEST|fastran_FPP_000001@fastran_driver@2|FRAMEWORK@Framework@0|229)
2025-08-19 13:40:54,348 fastran_driver_fastran_driver_2 DEBUG    _get_service_response(REQUEST|fastran_FPP_000001@fastran_driver@2|FRAMEWORK@Framework@0|229), response = ServiceResponseMessage(sender_id=FRAMEWORK@Framework@0, receiver_id=fastran_FPP_000001@fastran_driver@2, request_msg_id=REQUEST|fastran_FPP_000001@fastran_driver@2|FRAMEWORK@Framework@0|229,status=0, args=(None,), message_id=RESPONSE|FRAMEWORK@Framework@0|fastran_FPP_000001@fastran_driver@2|26606)
2025-08-19 13:40:54,348 fastran_driver_fastran_driver_2 DEBUG    _invoke_service(): init_call  ('step', 6)
2025-08-19 13:40:54,348 fastran_driver_fastran_driver_2 DEBUG    _get_service_response(REQUEST|fastran_FPP_000001@fastran_driver@2|FRAMEWORK@Framework@0|230)
2025-08-19 13:40:54,349 rf_ic_toric_5   DEBUG    Received Message 
2025-08-19 13:40:54,349 rf_ic_toric_5   DEBUG    Calling method step(6)
2025-08-19 13:40:54,349 rf_ic_toric_5   DEBUG    _invoke_service(): stage_state  (['s000001.00001', 'g000001.00001'], '/pscratch/sd/h/hswils/github_repos/MANTA_DBSCANS/basecase/SCAN/work/plasma_state', '/pscratch/sd/h/hswils/github_repos/MANTA_DBSCANS/basecase/SCAN/work/rf_ic_toric_5')
2025-08-19 13:40:54,349 rf_ic_toric_5   DEBUG    _get_service_response(REQUEST|fastran_FPP_000001@toric@5|FRAMEWORK@Framework@0|109)
2025-08-19 13:40:54,359 fastran_driver_fastran_driver_2 DEBUG    _get_service_response(REQUEST|fastran_FPP_000001@fastran_driver@2|FRAMEWORK@Framework@0|230), response = ServiceResponseMessage(sender_id=FRAMEWORK@Framework@0, receiver_id=fastran_FPP_000001@fastran_driver@2, request_msg_id=REQUEST|fastran_FPP_000001@fastran_driver@2|FRAMEWORK@Framework@0|230,status=0, args=(36,), message_id=RESPONSE|FRAMEWORK@Framework@0|fastran_FPP_000001@fastran_driver@2|26607)
2025-08-19 13:40:54,359 fastran_driver_fastran_driver_2 DEBUG    _invoke_service(): wait_call  (36, True)
2025-08-19 13:40:54,359 fastran_driver_fastran_driver_2 DEBUG    _get_service_response(REQUEST|fastran_FPP_000001@fastran_driver@2|FRAMEWORK@Framework@0|231)
2025-08-19 13:40:54,369 rf_ic_toric_5   DEBUG    _get_service_response(REQUEST|fastran_FPP_000001@toric@5|FRAMEWORK@Framework@0|109), response = ServiceResponseMessage(sender_id=FRAMEWORK@Framework@0, receiver_id=fastran_FPP_000001@toric@5, request_msg_id=REQUEST|fastran_FPP_000001@toric@5|FRAMEWORK@Framework@0|109,status=0, args=(0,), message_id=RESPONSE|FRAMEWORK@Framework@0|fastran_FPP_000001@toric@5|26608)
2025-08-19 13:40:54,369 rf_ic_toric_5   DEBUG    _invoke_service(): getTopic  ('_IPS_MONITOR',)
2025-08-19 13:40:54,369 rf_ic_toric_5   DEBUG    _get_service_response(REQUEST|fastran_FPP_000001@toric@5|FRAMEWORK@Framework@0|110)
2025-08-19 13:40:54,380 rf_ic_toric_5   DEBUG    _get_service_response(REQUEST|fastran_FPP_000001@toric@5|FRAMEWORK@Framework@0|110), response = ServiceResponseMessage(sender_id=FRAMEWORK@Framework@0, receiver_id=fastran_FPP_000001@toric@5, request_msg_id=REQUEST|fastran_FPP_000001@toric@5|FRAMEWORK@Framework@0|110,status=0, args=(<ipsframework.cca_es_spec.Topic object at 0x7f3a44914a90>,), message_id=RESPONSE|FRAMEWORK@Framework@0|fastran_FPP_000001@toric@5|26609)
2025-08-19 13:40:54,380 rf_ic_toric_5   DEBUG    _invoke_service(): sendEvent  ('_IPS_MONITOR', 'PORTAL_EVENT', {'sim_name': 'fastran_FPP_000001', 'real_sim_name': 'fastran_FPP_000001', 'portal_data': {'code': 'rf_ic_toric', 'eventtype': 'IPS_STAGE_STATE', 'ok': True, 'walltime': '13342.25', 'time': '2025-08-19|13:40:54PDT', 'trace': {'timestamp': 1755636054349825, 'duration': 19621, 'localEndpoint': {'serviceName': 'stage_state'}, 'name': "['s000001.00001', 'g000001.00001']", 'id': '32793a28c0f8ba4b', 'parentId': 'd65b28808a29e285', 'tags': {}}, 'state': 'Running', 'comment': 'Elapsed time = 0.020  files = s000001.00001 g000001.00001 Success'}})
2025-08-19 13:40:54,380 rf_ic_toric_5   DEBUG    _get_service_response(REQUEST|fastran_FPP_000001@toric@5|FRAMEWORK@Framework@0|111)
2025-08-19 13:40:54,391 rf_ic_toric_5   DEBUG    _get_service_response(REQUEST|fastran_FPP_000001@toric@5|FRAMEWORK@Framework@0|111), response = ServiceResponseMessage(sender_id=FRAMEWORK@Framework@0, receiver_id=fastran_FPP_000001@toric@5, request_msg_id=REQUEST|fastran_FPP_000001@toric@5|FRAMEWORK@Framework@0|111,status=0, args=(None,), message_id=RESPONSE|FRAMEWORK@Framework@0|fastran_FPP_000001@toric@5|26610)
2025-08-19 13:40:54,401 rf_ic_toric_5   DEBUG    _invoke_service(): getTopic  ('_IPS_MONITOR',)
2025-08-19 13:40:54,401 rf_ic_toric_5   DEBUG    _get_service_response(REQUEST|fastran_FPP_000001@toric@5|FRAMEWORK@Framework@0|112)
2025-08-19 13:40:54,412 rf_ic_toric_5   DEBUG    _get_service_response(REQUEST|fastran_FPP_000001@toric@5|FRAMEWORK@Framework@0|112), response = ServiceResponseMessage(sender_id=FRAMEWORK@Framework@0, receiver_id=fastran_FPP_000001@toric@5, request_msg_id=REQUEST|fastran_FPP_000001@toric@5|FRAMEWORK@Framework@0|112,status=0, args=(<ipsframework.cca_es_spec.Topic object at 0x7f3a44914b80>,), message_id=RESPONSE|FRAMEWORK@Framework@0|fastran_FPP_000001@toric@5|26611)
2025-08-19 13:40:54,412 rf_ic_toric_5   DEBUG    _invoke_service(): sendEvent  ('_IPS_MONITOR', 'PORTAL_EVENT', {'sim_name': 'fastran_FPP_000001', 'real_sim_name': 'fastran_FPP_000001', 'portal_data': {'code': 'rf_ic_toric', 'eventtype': 'IPS_STAGE_INPUTS', 'ok': True, 'walltime': '13342.28', 'time': '2025-08-19|13:40:54PDT', 'trace': {'timestamp': 1755636054391552, 'duration': 9939, 'localEndpoint': {'serviceName': 'stage_input_files'}, 'name': 'machine.inp equigs_gen.ind torica.inp', 'id': 'b108389cfa22cdf4', 'parentId': 'd65b28808a29e285', 'tags': {}}, 'state': 'Running', 'comment': 'Elapsed time = 0.010 Path = /pscratch/sd/h/hswils/github_repos/MANTA_DBSCANS/basecase/input Files = machine.inp equigs_gen.ind torica.inp'}})
2025-08-19 13:40:54,412 rf_ic_toric_5   DEBUG    _get_service_response(REQUEST|fastran_FPP_000001@toric@5|FRAMEWORK@Framework@0|113)
2025-08-19 13:40:54,422 rf_ic_toric_5   DEBUG    _get_service_response(REQUEST|fastran_FPP_000001@toric@5|FRAMEWORK@Framework@0|113), response = ServiceResponseMessage(sender_id=FRAMEWORK@Framework@0, receiver_id=fastran_FPP_000001@toric@5, request_msg_id=REQUEST|fastran_FPP_000001@toric@5|FRAMEWORK@Framework@0|113,status=0, args=(None,), message_id=RESPONSE|FRAMEWORK@Framework@0|fastran_FPP_000001@toric@5|26612)
2025-08-19 13:40:54,680 rf_ic_toric_5   DEBUG    _invoke_service(): init_task  (TaskInit(nproc=24, binary='/global/common/software/atom/perlmutter/binaries/toric/default/Ptoric.e', working_dir='/pscratch/sd/h/hswils/github_repos/MANTA_DBSCANS/basecase/SCAN/work/rf_ic_toric_5', tppn=0, tcpp=0, tgpp=0, block=True, omp=False, wnodes=True, wsocks=True, cmd_args=()),)
2025-08-19 13:40:54,680 rf_ic_toric_5   DEBUG    _get_service_response(REQUEST|fastran_FPP_000001@toric@5|FRAMEWORK@Framework@0|114)
2025-08-19 13:40:54,692 rf_ic_toric_5   DEBUG    _get_service_response(REQUEST|fastran_FPP_000001@toric@5|FRAMEWORK@Framework@0|114), response = ServiceResponseMessage(sender_id=FRAMEWORK@Framework@0, receiver_id=fastran_FPP_000001@toric@5, request_msg_id=REQUEST|fastran_FPP_000001@toric@5|FRAMEWORK@Framework@0|114,status=0, args=((14, 'srun -N 1 -n 24 -c 5 --threads-per-core=1 --cpu-bind=cores /global/common/software/atom/perlmutter/binaries/toric/default/Ptoric.e ', None, 128),), message_id=RESPONSE|FRAMEWORK@Framework@0|fastran_FPP_000001@toric@5|26614)
2025-08-19 13:40:54,695 rf_ic_toric_5   DEBUG    Launching command : srun -N 1 -n 24 -c 5 --threads-per-core=1 --cpu-bind=cores /global/common/software/atom/perlmutter/binaries/toric/default/Ptoric.e 
2025-08-19 13:40:54,716 rf_ic_toric_5   DEBUG    _invoke_service(): getTopic  ('_IPS_MONITOR',)
2025-08-19 13:40:54,716 rf_ic_toric_5   DEBUG    _get_service_response(REQUEST|fastran_FPP_000001@toric@5|FRAMEWORK@Framework@0|115)
2025-08-19 13:40:54,727 rf_ic_toric_5   DEBUG    _get_service_response(REQUEST|fastran_FPP_000001@toric@5|FRAMEWORK@Framework@0|115), response = ServiceResponseMessage(sender_id=FRAMEWORK@Framework@0, receiver_id=fastran_FPP_000001@toric@5, request_msg_id=REQUEST|fastran_FPP_000001@toric@5|FRAMEWORK@Framework@0|115,status=0, args=(<ipsframework.cca_es_spec.Topic object at 0x7f3a449e1af0>,), message_id=RESPONSE|FRAMEWORK@Framework@0|fastran_FPP_000001@toric@5|26615)
2025-08-19 13:40:54,727 rf_ic_toric_5   DEBUG    _invoke_service(): sendEvent  ('_IPS_MONITOR', 'PORTAL_EVENT', {'sim_name': 'fastran_FPP_000001', 'real_sim_name': 'fastran_FPP_000001', 'portal_data': {'code': 'rf_ic_toric', 'eventtype': 'IPS_LAUNCH_TASK', 'ok': True, 'walltime': '13342.59', 'time': '2025-08-19|13:40:54PDT', 'state': 'Running', 'comment': 'task_id = 14 , Tag = None , nproc = 24 , Target = srun -N 1 -n 24 -c 5 --threads-per-core=1 --cpu-bind=cores /global/common/software/atom/perlmutter/binaries/toric/default/Ptoric.e '}})
2025-08-19 13:40:54,727 rf_ic_toric_5   DEBUG    _get_service_response(REQUEST|fastran_FPP_000001@toric@5|FRAMEWORK@Framework@0|116)
2025-08-19 13:40:54,738 rf_ic_toric_5   DEBUG    _get_service_response(REQUEST|fastran_FPP_000001@toric@5|FRAMEWORK@Framework@0|116), response = ServiceResponseMessage(sender_id=FRAMEWORK@Framework@0, receiver_id=fastran_FPP_000001@toric@5, request_msg_id=REQUEST|fastran_FPP_000001@toric@5|FRAMEWORK@Framework@0|116,status=0, args=(None,), message_id=RESPONSE|FRAMEWORK@Framework@0|fastran_FPP_000001@toric@5|26616)
2025-08-19 13:45:56,062 rf_ic_toric_5   DEBUG    _invoke_service(): getTopic  ('_IPS_MONITOR',)
2025-08-19 13:45:56,062 rf_ic_toric_5   DEBUG    _get_service_response(REQUEST|fastran_FPP_000001@toric@5|FRAMEWORK@Framework@0|117)
2025-08-19 13:45:56,073 rf_ic_toric_5   DEBUG    _get_service_response(REQUEST|fastran_FPP_000001@toric@5|FRAMEWORK@Framework@0|117), response = ServiceResponseMessage(sender_id=FRAMEWORK@Framework@0, receiver_id=fastran_FPP_000001@toric@5, request_msg_id=REQUEST|fastran_FPP_000001@toric@5|FRAMEWORK@Framework@0|117,status=0, args=(<ipsframework.cca_es_spec.Topic object at 0x7f3a449e1b80>,), message_id=RESPONSE|FRAMEWORK@Framework@0|fastran_FPP_000001@toric@5|27206)
2025-08-19 13:45:56,073 rf_ic_toric_5   DEBUG    _invoke_service(): sendEvent  ('_IPS_MONITOR', 'PORTAL_EVENT', {'sim_name': 'fastran_FPP_000001', 'real_sim_name': 'fastran_FPP_000001', 'portal_data': {'code': 'rf_ic_toric', 'eventtype': 'IPS_TASK_END', 'ok': True, 'walltime': '13643.94', 'time': '2025-08-19|13:45:56PDT', 'trace': {'timestamp': 1755636054716028, 'duration': 301346478, 'localEndpoint': {'serviceName': '/global/common/software/atom/perlmutter/binaries/toric/default/Ptoric.e'}, 'name': '', 'id': 'b4da9245a90068c3', 'parentId': 'd65b28808a29e285', 'tags': {'procs_requested': '24', 'cores_allocated': '128'}}, 'state': 'Running', 'comment': 'task_id = 14  elapsed time = 301.35 S'}})
2025-08-19 13:45:56,073 rf_ic_toric_5   DEBUG    _get_service_response(REQUEST|fastran_FPP_000001@toric@5|FRAMEWORK@Framework@0|118)
2025-08-19 13:45:56,084 rf_ic_toric_5   DEBUG    _get_service_response(REQUEST|fastran_FPP_000001@toric@5|FRAMEWORK@Framework@0|118), response = ServiceResponseMessage(sender_id=FRAMEWORK@Framework@0, receiver_id=fastran_FPP_000001@toric@5, request_msg_id=REQUEST|fastran_FPP_000001@toric@5|FRAMEWORK@Framework@0|118,status=0, args=(None,), message_id=RESPONSE|FRAMEWORK@Framework@0|fastran_FPP_000001@toric@5|27207)
2025-08-19 13:45:56,084 rf_ic_toric_5   DEBUG    _invoke_service(): finish_task  (14, 0)
2025-08-19 13:45:56,084 rf_ic_toric_5   DEBUG    _get_service_response(REQUEST|fastran_FPP_000001@toric@5|FRAMEWORK@Framework@0|119)
2025-08-19 13:45:56,095 rf_ic_toric_5   DEBUG    _get_service_response(REQUEST|fastran_FPP_000001@toric@5|FRAMEWORK@Framework@0|119), response = ServiceResponseMessage(sender_id=FRAMEWORK@Framework@0, receiver_id=fastran_FPP_000001@toric@5, request_msg_id=REQUEST|fastran_FPP_000001@toric@5|FRAMEWORK@Framework@0|119,status=0, args=(0,), message_id=RESPONSE|FRAMEWORK@Framework@0|fastran_FPP_000001@toric@5|27208)
2025-08-19 13:45:56,263 rf_ic_toric_5   DEBUG    _invoke_service(): merge_current_plasma_state  ('/pscratch/sd/h/hswils/github_repos/MANTA_DBSCANS/basecase/SCAN/work/rf_ic_toric_5/RF_IC_s000001.00001', '/pscratch/sd/h/hswils/github_repos/MANTA_DBSCANS/basecase/SCAN/work/plasma_state/s000001.00001', 'log.update_state', '/global/common/software/atom/perlmutter/binaries/update-state/default/update_state')
2025-08-19 13:45:56,263 rf_ic_toric_5   DEBUG    _get_service_response(REQUEST|fastran_FPP_000001@toric@5|FRAMEWORK@Framework@0|120)
2025-08-19 13:45:56,416 rf_ic_toric_5   DEBUG    _get_service_response(REQUEST|fastran_FPP_000001@toric@5|FRAMEWORK@Framework@0|120), response = ServiceResponseMessage(sender_id=FRAMEWORK@Framework@0, receiver_id=fastran_FPP_000001@toric@5, request_msg_id=REQUEST|fastran_FPP_000001@toric@5|FRAMEWORK@Framework@0|120,status=0, args=(0,), message_id=RESPONSE|FRAMEWORK@Framework@0|fastran_FPP_000001@toric@5|27209)
2025-08-19 13:45:56,417 rf_ic_toric_5   DEBUG    _invoke_service(): getTopic  ('_IPS_MONITOR',)
2025-08-19 13:45:56,417 rf_ic_toric_5   DEBUG    _get_service_response(REQUEST|fastran_FPP_000001@toric@5|FRAMEWORK@Framework@0|121)
2025-08-19 13:45:56,427 rf_ic_toric_5   DEBUG    _get_service_response(REQUEST|fastran_FPP_000001@toric@5|FRAMEWORK@Framework@0|121), response = ServiceResponseMessage(sender_id=FRAMEWORK@Framework@0, receiver_id=fastran_FPP_000001@toric@5, request_msg_id=REQUEST|fastran_FPP_000001@toric@5|FRAMEWORK@Framework@0|121,status=0, args=(<ipsframework.cca_es_spec.Topic object at 0x7f3a449e19a0>,), message_id=RESPONSE|FRAMEWORK@Framework@0|fastran_FPP_000001@toric@5|27210)
2025-08-19 13:45:56,428 rf_ic_toric_5   DEBUG    _invoke_service(): sendEvent  ('_IPS_MONITOR', 'PORTAL_EVENT', {'sim_name': 'fastran_FPP_000001', 'real_sim_name': 'fastran_FPP_000001', 'portal_data': {'code': 'rf_ic_toric', 'eventtype': 'IPS_MERGE_PLASMA_STATE', 'ok': True, 'walltime': '13644.30', 'time': '2025-08-19|13:45:56PDT', 'state': 'Running', 'comment': 'Success'}})
2025-08-19 13:45:56,428 rf_ic_toric_5   DEBUG    _get_service_response(REQUEST|fastran_FPP_000001@toric@5|FRAMEWORK@Framework@0|122)
2025-08-19 13:45:56,438 rf_ic_toric_5   DEBUG    _get_service_response(REQUEST|fastran_FPP_000001@toric@5|FRAMEWORK@Framework@0|122), response = ServiceResponseMessage(sender_id=FRAMEWORK@Framework@0, receiver_id=fastran_FPP_000001@toric@5, request_msg_id=REQUEST|fastran_FPP_000001@toric@5|FRAMEWORK@Framework@0|122,status=0, args=(None,), message_id=RESPONSE|FRAMEWORK@Framework@0|fastran_FPP_000001@toric@5|27212)
2025-08-19 13:45:56,534 rf_ic_toric_5   DEBUG    _invoke_service(): getTopic  ('_IPS_MONITOR',)
2025-08-19 13:45:56,534 rf_ic_toric_5   DEBUG    _get_service_response(REQUEST|fastran_FPP_000001@toric@5|FRAMEWORK@Framework@0|123)
2025-08-19 13:45:56,545 rf_ic_toric_5   DEBUG    _get_service_response(REQUEST|fastran_FPP_000001@toric@5|FRAMEWORK@Framework@0|123), response = ServiceResponseMessage(sender_id=FRAMEWORK@Framework@0, receiver_id=fastran_FPP_000001@toric@5, request_msg_id=REQUEST|fastran_FPP_000001@toric@5|FRAMEWORK@Framework@0|123,status=0, args=(<ipsframework.cca_es_spec.Topic object at 0x7f3a449e1a00>,), message_id=RESPONSE|FRAMEWORK@Framework@0|fastran_FPP_000001@toric@5|27213)
2025-08-19 13:45:56,545 rf_ic_toric_5   DEBUG    _invoke_service(): sendEvent  ('_IPS_MONITOR', 'PORTAL_EVENT', {'sim_name': 'fastran_FPP_000001', 'real_sim_name': 'fastran_FPP_000001', 'portal_data': {'code': 'rf_ic_toric', 'eventtype': 'IPS_STAGE_OUTPUTS', 'ok': True, 'walltime': '13644.41', 'time': '2025-08-19|13:45:56PDT', 'trace': {'timestamp': 1755636356439036, 'duration': 95532, 'localEndpoint': {'serviceName': 'stage_output_files'}, 'name': "['torica.inp', 'machine.inp', 'log.toric', 'toric.nc', 'profstat.dat', 'equigs.data', 'equidt.data', 'toric_cfg.nc']", 'id': '749f5c33ef51fb56', 'parentId': 'd65b28808a29e285', 'tags': {}}, 'state': 'Running', 'comment': "Elapsed time = 0.096 Path = /pscratch/sd/h/hswils/github_repos/MANTA_DBSCANS/basecase/SCAN/simulation_results/6/components/rf_ic_toric_5 Files = ['torica.inp', 'machine.inp', 'log.toric', 'toric.nc', 'profstat.dat', 'equigs.data', 'equidt.data', 'toric_cfg.nc']"}})
2025-08-19 13:45:56,545 rf_ic_toric_5   DEBUG    _get_service_response(REQUEST|fastran_FPP_000001@toric@5|FRAMEWORK@Framework@0|124)
2025-08-19 13:45:56,556 rf_ic_toric_5   DEBUG    _get_service_response(REQUEST|fastran_FPP_000001@toric@5|FRAMEWORK@Framework@0|124), response = ServiceResponseMessage(sender_id=FRAMEWORK@Framework@0, receiver_id=fastran_FPP_000001@toric@5, request_msg_id=REQUEST|fastran_FPP_000001@toric@5|FRAMEWORK@Framework@0|124,status=0, args=(None,), message_id=RESPONSE|FRAMEWORK@Framework@0|fastran_FPP_000001@toric@5|27214)
2025-08-19 13:45:56,567 fastran_driver_fastran_driver_2 DEBUG    _get_service_response(REQUEST|fastran_FPP_000001@fastran_driver@2|FRAMEWORK@Framework@0|231), response = ServiceResponseMessage(sender_id=FRAMEWORK@Framework@0, receiver_id=fastran_FPP_000001@fastran_driver@2, request_msg_id=REQUEST|fastran_FPP_000001@fastran_driver@2|FRAMEWORK@Framework@0|231,status=0, args=((0,),), message_id=RESPONSE|FRAMEWORK@Framework@0|fastran_FPP_000001@fastran_driver@2|27215)
2025-08-19 13:45:56,567 fastran_driver_fastran_driver_2 DEBUG    _invoke_service(): getTopic  ('_IPS_MONITOR',)
2025-08-19 13:45:56,567 fastran_driver_fastran_driver_2 DEBUG    _get_service_response(REQUEST|fastran_FPP_000001@fastran_driver@2|FRAMEWORK@Framework@0|232)
2025-08-19 13:45:56,579 fastran_driver_fastran_driver_2 DEBUG    _get_service_response(REQUEST|fastran_FPP_000001@fastran_driver@2|FRAMEWORK@Framework@0|232), response = ServiceResponseMessage(sender_id=FRAMEWORK@Framework@0, receiver_id=fastran_FPP_000001@fastran_driver@2, request_msg_id=REQUEST|fastran_FPP_000001@fastran_driver@2|FRAMEWORK@Framework@0|232,status=0, args=(<ipsframework.cca_es_spec.Topic object at 0x7f3a44a207f0>,), message_id=RESPONSE|FRAMEWORK@Framework@0|fastran_FPP_000001@fastran_driver@2|27216)
2025-08-19 13:45:56,579 fastran_driver_fastran_driver_2 DEBUG    _invoke_service(): sendEvent  ('_IPS_MONITOR', 'PORTAL_EVENT', {'sim_name': 'fastran_FPP_000001', 'real_sim_name': 'fastran_FPP_000001', 'portal_data': {'code': 'fastran_driver_fastran_driver', 'eventtype': 'IPS_CALL_END', 'ok': True, 'walltime': '13644.45', 'time': '2025-08-19|13:45:56PDT', 'trace': {'timestamp': 1755636054359808, 'duration': 302207731, 'localEndpoint': {'serviceName': 'fastran_FPP_000001@toric@5'}, 'name': 'step(6)', 'id': 'd65b28808a29e285', 'parentId': 'f899e3e5886669ce', 'tags': {}}, 'state': 'Running', 'comment': 'Target = fastran_FPP_000001@toric@5:step(6)'}})
2025-08-19 13:45:56,579 fastran_driver_fastran_driver_2 DEBUG    _get_service_response(REQUEST|fastran_FPP_000001@fastran_driver@2|FRAMEWORK@Framework@0|233)
2025-08-19 13:45:56,590 fastran_driver_fastran_driver_2 DEBUG    _get_service_response(REQUEST|fastran_FPP_000001@fastran_driver@2|FRAMEWORK@Framework@0|233), response = ServiceResponseMessage(sender_id=FRAMEWORK@Framework@0, receiver_id=fastran_FPP_000001@fastran_driver@2, request_msg_id=REQUEST|fastran_FPP_000001@fastran_driver@2|FRAMEWORK@Framework@0|233,status=0, args=(None,), message_id=RESPONSE|FRAMEWORK@Framework@0|fastran_FPP_000001@fastran_driver@2|27217)
2025-08-19 13:45:56,590 fastran_driver_fastran_driver_2 DEBUG    _invoke_service(): getTopic  ('_IPS_MONITOR',)
2025-08-19 13:45:56,590 fastran_driver_fastran_driver_2 DEBUG    _get_service_response(REQUEST|fastran_FPP_000001@fastran_driver@2|FRAMEWORK@Framework@0|234)
2025-08-19 13:45:56,601 fastran_driver_fastran_driver_2 DEBUG    _get_service_response(REQUEST|fastran_FPP_000001@fastran_driver@2|FRAMEWORK@Framework@0|234), response = ServiceResponseMessage(sender_id=FRAMEWORK@Framework@0, receiver_id=fastran_FPP_000001@fastran_driver@2, request_msg_id=REQUEST|fastran_FPP_000001@fastran_driver@2|FRAMEWORK@Framework@0|234,status=0, args=(<ipsframework.cca_es_spec.Topic object at 0x7f3a44a205b0>,), message_id=RESPONSE|FRAMEWORK@Framework@0|fastran_FPP_000001@fastran_driver@2|27218)
2025-08-19 13:45:56,601 fastran_driver_fastran_driver_2 DEBUG    _invoke_service(): sendEvent  ('_IPS_MONITOR', 'PORTAL_EVENT', {'sim_name': 'fastran_FPP_000001', 'real_sim_name': 'fastran_FPP_000001', 'portal_data': {'code': 'fastran_driver_fastran_driver', 'eventtype': 'IPS_CALL_BEGIN', 'ok': True, 'walltime': '13644.47', 'time': '2025-08-19|13:45:56PDT', 'state': 'Running', 'comment': 'Target = fastran_FPP_000001@efit@6:step(6)'}})
2025-08-19 13:45:56,601 fastran_driver_fastran_driver_2 DEBUG    _get_service_response(REQUEST|fastran_FPP_000001@fastran_driver@2|FRAMEWORK@Framework@0|235)
2025-08-19 13:45:56,612 fastran_driver_fastran_driver_2 DEBUG    _get_service_response(REQUEST|fastran_FPP_000001@fastran_driver@2|FRAMEWORK@Framework@0|235), response = ServiceResponseMessage(sender_id=FRAMEWORK@Framework@0, receiver_id=fastran_FPP_000001@fastran_driver@2, request_msg_id=REQUEST|fastran_FPP_000001@fastran_driver@2|FRAMEWORK@Framework@0|235,status=0, args=(None,), message_id=RESPONSE|FRAMEWORK@Framework@0|fastran_FPP_000001@fastran_driver@2|27219)
2025-08-19 13:45:56,612 fastran_driver_fastran_driver_2 DEBUG    _invoke_service(): init_call  ('step', 6)
2025-08-19 13:45:56,612 fastran_driver_fastran_driver_2 DEBUG    _get_service_response(REQUEST|fastran_FPP_000001@fastran_driver@2|FRAMEWORK@Framework@0|236)
2025-08-19 13:45:56,613 fastran_eq_efit_6 DEBUG    Received Message 
2025-08-19 13:45:56,614 fastran_eq_efit_6 DEBUG    Calling method step(6)
2025-08-19 13:45:56,614 fastran_eq_efit_6 DEBUG    _invoke_service(): stage_state  (['s000001.00001', 'g000001.00001', 'i000001.00001'], '/pscratch/sd/h/hswils/github_repos/MANTA_DBSCANS/basecase/SCAN/work/plasma_state', '/pscratch/sd/h/hswils/github_repos/MANTA_DBSCANS/basecase/SCAN/work/fastran_eq_efit_6')
2025-08-19 13:45:56,614 fastran_eq_efit_6 DEBUG    _get_service_response(REQUEST|fastran_FPP_000001@efit@6|FRAMEWORK@Framework@0|48)
2025-08-19 13:45:56,623 fastran_driver_fastran_driver_2 DEBUG    _get_service_response(REQUEST|fastran_FPP_000001@fastran_driver@2|FRAMEWORK@Framework@0|236), response = ServiceResponseMessage(sender_id=FRAMEWORK@Framework@0, receiver_id=fastran_FPP_000001@fastran_driver@2, request_msg_id=REQUEST|fastran_FPP_000001@fastran_driver@2|FRAMEWORK@Framework@0|236,status=0, args=(37,), message_id=RESPONSE|FRAMEWORK@Framework@0|fastran_FPP_000001@fastran_driver@2|27220)
2025-08-19 13:45:56,623 fastran_driver_fastran_driver_2 DEBUG    _invoke_service(): wait_call  (37, True)
2025-08-19 13:45:56,623 fastran_driver_fastran_driver_2 DEBUG    _get_service_response(REQUEST|fastran_FPP_000001@fastran_driver@2|FRAMEWORK@Framework@0|237)
2025-08-19 13:45:56,635 fastran_eq_efit_6 DEBUG    _get_service_response(REQUEST|fastran_FPP_000001@efit@6|FRAMEWORK@Framework@0|48), response = ServiceResponseMessage(sender_id=FRAMEWORK@Framework@0, receiver_id=fastran_FPP_000001@efit@6, request_msg_id=REQUEST|fastran_FPP_000001@efit@6|FRAMEWORK@Framework@0|48,status=0, args=(0,), message_id=RESPONSE|FRAMEWORK@Framework@0|fastran_FPP_000001@efit@6|27221)
2025-08-19 13:45:56,635 fastran_eq_efit_6 DEBUG    _invoke_service(): getTopic  ('_IPS_MONITOR',)
2025-08-19 13:45:56,636 fastran_eq_efit_6 DEBUG    _get_service_response(REQUEST|fastran_FPP_000001@efit@6|FRAMEWORK@Framework@0|49)
2025-08-19 13:45:56,646 fastran_eq_efit_6 DEBUG    _get_service_response(REQUEST|fastran_FPP_000001@efit@6|FRAMEWORK@Framework@0|49), response = ServiceResponseMessage(sender_id=FRAMEWORK@Framework@0, receiver_id=fastran_FPP_000001@efit@6, request_msg_id=REQUEST|fastran_FPP_000001@efit@6|FRAMEWORK@Framework@0|49,status=0, args=(<ipsframework.cca_es_spec.Topic object at 0x7f3a449f5760>,), message_id=RESPONSE|FRAMEWORK@Framework@0|fastran_FPP_000001@efit@6|27222)
2025-08-19 13:45:56,646 fastran_eq_efit_6 DEBUG    _invoke_service(): sendEvent  ('_IPS_MONITOR', 'PORTAL_EVENT', {'sim_name': 'fastran_FPP_000001', 'real_sim_name': 'fastran_FPP_000001', 'portal_data': {'code': 'fastran_eq_efit', 'eventtype': 'IPS_STAGE_STATE', 'ok': True, 'walltime': '13644.51', 'time': '2025-08-19|13:45:56PDT', 'trace': {'timestamp': 1755636356614366, 'duration': 21481, 'localEndpoint': {'serviceName': 'stage_state'}, 'name': "['s000001.00001', 'g000001.00001', 'i000001.00001']", 'id': '71885aecf25d7412', 'parentId': 'b90889b5ec92bc4d', 'tags': {}}, 'state': 'Running', 'comment': 'Elapsed time = 0.021  files = s000001.00001 g000001.00001 i000001.00001 Success'}})
2025-08-19 13:45:56,646 fastran_eq_efit_6 DEBUG    _get_service_response(REQUEST|fastran_FPP_000001@efit@6|FRAMEWORK@Framework@0|50)
2025-08-19 13:45:56,657 fastran_eq_efit_6 DEBUG    _get_service_response(REQUEST|fastran_FPP_000001@efit@6|FRAMEWORK@Framework@0|50), response = ServiceResponseMessage(sender_id=FRAMEWORK@Framework@0, receiver_id=fastran_FPP_000001@efit@6, request_msg_id=REQUEST|fastran_FPP_000001@efit@6|FRAMEWORK@Framework@0|50,status=0, args=(None,), message_id=RESPONSE|FRAMEWORK@Framework@0|fastran_FPP_000001@efit@6|27223)
2025-08-19 13:45:59,276 fastran_eq_efit_6 DEBUG    _invoke_service(): update_state  (['s000001.00001', 'g000001.00001', 'i000001.00001'], '/pscratch/sd/h/hswils/github_repos/MANTA_DBSCANS/basecase/SCAN/work/fastran_eq_efit_6', '/pscratch/sd/h/hswils/github_repos/MANTA_DBSCANS/basecase/SCAN/work/plasma_state')
2025-08-19 13:45:59,276 fastran_eq_efit_6 DEBUG    _get_service_response(REQUEST|fastran_FPP_000001@efit@6|FRAMEWORK@Framework@0|51)
2025-08-19 13:45:59,297 fastran_eq_efit_6 DEBUG    _get_service_response(REQUEST|fastran_FPP_000001@efit@6|FRAMEWORK@Framework@0|51), response = ServiceResponseMessage(sender_id=FRAMEWORK@Framework@0, receiver_id=fastran_FPP_000001@efit@6, request_msg_id=REQUEST|fastran_FPP_000001@efit@6|FRAMEWORK@Framework@0|51,status=0, args=(0,), message_id=RESPONSE|FRAMEWORK@Framework@0|fastran_FPP_000001@efit@6|27229)
2025-08-19 13:45:59,298 fastran_eq_efit_6 DEBUG    _invoke_service(): getTopic  ('_IPS_MONITOR',)
2025-08-19 13:45:59,298 fastran_eq_efit_6 DEBUG    _get_service_response(REQUEST|fastran_FPP_000001@efit@6|FRAMEWORK@Framework@0|52)
2025-08-19 13:45:59,309 fastran_eq_efit_6 DEBUG    _get_service_response(REQUEST|fastran_FPP_000001@efit@6|FRAMEWORK@Framework@0|52), response = ServiceResponseMessage(sender_id=FRAMEWORK@Framework@0, receiver_id=fastran_FPP_000001@efit@6, request_msg_id=REQUEST|fastran_FPP_000001@efit@6|FRAMEWORK@Framework@0|52,status=0, args=(<ipsframework.cca_es_spec.Topic object at 0x7f3a449f5a60>,), message_id=RESPONSE|FRAMEWORK@Framework@0|fastran_FPP_000001@efit@6|27230)
2025-08-19 13:45:59,309 fastran_eq_efit_6 DEBUG    _invoke_service(): sendEvent  ('_IPS_MONITOR', 'PORTAL_EVENT', {'sim_name': 'fastran_FPP_000001', 'real_sim_name': 'fastran_FPP_000001', 'portal_data': {'code': 'fastran_eq_efit', 'eventtype': 'IPS_UPDATE_STATE', 'ok': True, 'walltime': '13647.18', 'time': '2025-08-19|13:45:59PDT', 'trace': {'timestamp': 1755636359275903, 'duration': 22094, 'localEndpoint': {'serviceName': 'update_state'}, 'name': "['s000001.00001', 'g000001.00001', 'i000001.00001']", 'id': '7629e189a66153c0', 'parentId': 'b90889b5ec92bc4d', 'tags': {}}, 'state': 'Running', 'comment': 'Elapsed time = 0.022   files = s000001.00001 g000001.00001 i000001.00001 Success'}})
2025-08-19 13:45:59,309 fastran_eq_efit_6 DEBUG    _get_service_response(REQUEST|fastran_FPP_000001@efit@6|FRAMEWORK@Framework@0|53)
2025-08-19 13:45:59,319 fastran_eq_efit_6 DEBUG    _get_service_response(REQUEST|fastran_FPP_000001@efit@6|FRAMEWORK@Framework@0|53), response = ServiceResponseMessage(sender_id=FRAMEWORK@Framework@0, receiver_id=fastran_FPP_000001@efit@6, request_msg_id=REQUEST|fastran_FPP_000001@efit@6|FRAMEWORK@Framework@0|53,status=0, args=(None,), message_id=RESPONSE|FRAMEWORK@Framework@0|fastran_FPP_000001@efit@6|27231)
2025-08-19 13:45:59,343 fastran_eq_efit_6 DEBUG    _invoke_service(): getTopic  ('_IPS_MONITOR',)
2025-08-19 13:45:59,343 fastran_eq_efit_6 DEBUG    _get_service_response(REQUEST|fastran_FPP_000001@efit@6|FRAMEWORK@Framework@0|54)
2025-08-19 13:45:59,353 fastran_eq_efit_6 DEBUG    _get_service_response(REQUEST|fastran_FPP_000001@efit@6|FRAMEWORK@Framework@0|54), response = ServiceResponseMessage(sender_id=FRAMEWORK@Framework@0, receiver_id=fastran_FPP_000001@efit@6, request_msg_id=REQUEST|fastran_FPP_000001@efit@6|FRAMEWORK@Framework@0|54,status=0, args=(<ipsframework.cca_es_spec.Topic object at 0x7f3a449f5fd0>,), message_id=RESPONSE|FRAMEWORK@Framework@0|fastran_FPP_000001@efit@6|27232)
2025-08-19 13:45:59,354 fastran_eq_efit_6 DEBUG    _invoke_service(): sendEvent  ('_IPS_MONITOR', 'PORTAL_EVENT', {'sim_name': 'fastran_FPP_000001', 'real_sim_name': 'fastran_FPP_000001', 'portal_data': {'code': 'fastran_eq_efit', 'eventtype': 'IPS_STAGE_OUTPUTS', 'ok': True, 'walltime': '13647.22', 'time': '2025-08-19|13:45:59PDT', 'trace': {'timestamp': 1755636359320110, 'duration': 22977, 'localEndpoint': {'serviceName': 'stage_output_files'}, 'name': "['g*.*', 'a*.*', 'm*.*', 'k*.*', 'efit.log', 's*.*']", 'id': '80725d8eee5776f1', 'parentId': 'b90889b5ec92bc4d', 'tags': {}}, 'state': 'Running', 'comment': "Elapsed time = 0.023 Path = /pscratch/sd/h/hswils/github_repos/MANTA_DBSCANS/basecase/SCAN/simulation_results/6/components/fastran_eq_efit_6 Files = ['g*.*', 'a*.*', 'm*.*', 'k*.*', 'efit.log', 's*.*']"}})
2025-08-19 13:45:59,354 fastran_eq_efit_6 DEBUG    _get_service_response(REQUEST|fastran_FPP_000001@efit@6|FRAMEWORK@Framework@0|55)
2025-08-19 13:45:59,364 fastran_eq_efit_6 DEBUG    _get_service_response(REQUEST|fastran_FPP_000001@efit@6|FRAMEWORK@Framework@0|55), response = ServiceResponseMessage(sender_id=FRAMEWORK@Framework@0, receiver_id=fastran_FPP_000001@efit@6, request_msg_id=REQUEST|fastran_FPP_000001@efit@6|FRAMEWORK@Framework@0|55,status=0, args=(None,), message_id=RESPONSE|FRAMEWORK@Framework@0|fastran_FPP_000001@efit@6|27233)
2025-08-19 13:45:59,377 fastran_driver_fastran_driver_2 DEBUG    _get_service_response(REQUEST|fastran_FPP_000001@fastran_driver@2|FRAMEWORK@Framework@0|237), response = ServiceResponseMessage(sender_id=FRAMEWORK@Framework@0, receiver_id=fastran_FPP_000001@fastran_driver@2, request_msg_id=REQUEST|fastran_FPP_000001@fastran_driver@2|FRAMEWORK@Framework@0|237,status=0, args=((None,),), message_id=RESPONSE|FRAMEWORK@Framework@0|fastran_FPP_000001@fastran_driver@2|27234)
2025-08-19 13:45:59,377 fastran_driver_fastran_driver_2 DEBUG    _invoke_service(): getTopic  ('_IPS_MONITOR',)
2025-08-19 13:45:59,377 fastran_driver_fastran_driver_2 DEBUG    _get_service_response(REQUEST|fastran_FPP_000001@fastran_driver@2|FRAMEWORK@Framework@0|238)
2025-08-19 13:45:59,388 fastran_driver_fastran_driver_2 DEBUG    _get_service_response(REQUEST|fastran_FPP_000001@fastran_driver@2|FRAMEWORK@Framework@0|238), response = ServiceResponseMessage(sender_id=FRAMEWORK@Framework@0, receiver_id=fastran_FPP_000001@fastran_driver@2, request_msg_id=REQUEST|fastran_FPP_000001@fastran_driver@2|FRAMEWORK@Framework@0|238,status=0, args=(<ipsframework.cca_es_spec.Topic object at 0x7f3a44a20340>,), message_id=RESPONSE|FRAMEWORK@Framework@0|fastran_FPP_000001@fastran_driver@2|27235)
2025-08-19 13:45:59,388 fastran_driver_fastran_driver_2 DEBUG    _invoke_service(): sendEvent  ('_IPS_MONITOR', 'PORTAL_EVENT', {'sim_name': 'fastran_FPP_000001', 'real_sim_name': 'fastran_FPP_000001', 'portal_data': {'code': 'fastran_driver_fastran_driver', 'eventtype': 'IPS_CALL_END', 'ok': True, 'walltime': '13647.26', 'time': '2025-08-19|13:45:59PDT', 'trace': {'timestamp': 1755636356623842, 'duration': 2753802, 'localEndpoint': {'serviceName': 'fastran_FPP_000001@efit@6'}, 'name': 'step(6)', 'id': 'b90889b5ec92bc4d', 'parentId': 'f899e3e5886669ce', 'tags': {}}, 'state': 'Running', 'comment': 'Target = fastran_FPP_000001@efit@6:step(6)'}})
2025-08-19 13:45:59,388 fastran_driver_fastran_driver_2 DEBUG    _get_service_response(REQUEST|fastran_FPP_000001@fastran_driver@2|FRAMEWORK@Framework@0|239)
2025-08-19 13:45:59,399 fastran_driver_fastran_driver_2 DEBUG    _get_service_response(REQUEST|fastran_FPP_000001@fastran_driver@2|FRAMEWORK@Framework@0|239), response = ServiceResponseMessage(sender_id=FRAMEWORK@Framework@0, receiver_id=fastran_FPP_000001@fastran_driver@2, request_msg_id=REQUEST|fastran_FPP_000001@fastran_driver@2|FRAMEWORK@Framework@0|239,status=0, args=(None,), message_id=RESPONSE|FRAMEWORK@Framework@0|fastran_FPP_000001@fastran_driver@2|27236)
2025-08-19 13:45:59,399 fastran_driver_fastran_driver_2 DEBUG    _invoke_service(): getTopic  ('_IPS_MONITOR',)
2025-08-19 13:45:59,400 fastran_driver_fastran_driver_2 DEBUG    _get_service_response(REQUEST|fastran_FPP_000001@fastran_driver@2|FRAMEWORK@Framework@0|240)
2025-08-19 13:45:59,410 fastran_driver_fastran_driver_2 DEBUG    _get_service_response(REQUEST|fastran_FPP_000001@fastran_driver@2|FRAMEWORK@Framework@0|240), response = ServiceResponseMessage(sender_id=FRAMEWORK@Framework@0, receiver_id=fastran_FPP_000001@fastran_driver@2, request_msg_id=REQUEST|fastran_FPP_000001@fastran_driver@2|FRAMEWORK@Framework@0|240,status=0, args=(<ipsframework.cca_es_spec.Topic object at 0x7f3a44a20280>,), message_id=RESPONSE|FRAMEWORK@Framework@0|fastran_FPP_000001@fastran_driver@2|27237)
2025-08-19 13:45:59,410 fastran_driver_fastran_driver_2 DEBUG    _invoke_service(): sendEvent  ('_IPS_MONITOR', 'PORTAL_EVENT', {'sim_name': 'fastran_FPP_000001', 'real_sim_name': 'fastran_FPP_000001', 'portal_data': {'code': 'fastran_driver_fastran_driver', 'eventtype': 'IPS_CALL_BEGIN', 'ok': True, 'walltime': '13647.28', 'time': '2025-08-19|13:45:59PDT', 'state': 'Running', 'comment': 'Target = fastran_FPP_000001@fastran@7:step(6)'}})
2025-08-19 13:45:59,410 fastran_driver_fastran_driver_2 DEBUG    _get_service_response(REQUEST|fastran_FPP_000001@fastran_driver@2|FRAMEWORK@Framework@0|241)
2025-08-19 13:45:59,421 fastran_driver_fastran_driver_2 DEBUG    _get_service_response(REQUEST|fastran_FPP_000001@fastran_driver@2|FRAMEWORK@Framework@0|241), response = ServiceResponseMessage(sender_id=FRAMEWORK@Framework@0, receiver_id=fastran_FPP_000001@fastran_driver@2, request_msg_id=REQUEST|fastran_FPP_000001@fastran_driver@2|FRAMEWORK@Framework@0|241,status=0, args=(None,), message_id=RESPONSE|FRAMEWORK@Framework@0|fastran_FPP_000001@fastran_driver@2|27238)
2025-08-19 13:45:59,421 fastran_driver_fastran_driver_2 DEBUG    _invoke_service(): init_call  ('step', 6)
2025-08-19 13:45:59,422 fastran_driver_fastran_driver_2 DEBUG    _get_service_response(REQUEST|fastran_FPP_000001@fastran_driver@2|FRAMEWORK@Framework@0|242)
2025-08-19 13:45:59,422 fastran_tr_fastran_7 DEBUG    Received Message 
2025-08-19 13:45:59,423 fastran_tr_fastran_7 DEBUG    Calling method step(6)
2025-08-19 13:45:59,423 fastran_tr_fastran_7 DEBUG    _invoke_service(): stage_state  (['s000001.00001', 'g000001.00001', 'i000001.00001'], '/pscratch/sd/h/hswils/github_repos/MANTA_DBSCANS/basecase/SCAN/work/plasma_state', '/pscratch/sd/h/hswils/github_repos/MANTA_DBSCANS/basecase/SCAN/work/fastran_tr_fastran_7')
2025-08-19 13:45:59,423 fastran_tr_fastran_7 DEBUG    _get_service_response(REQUEST|fastran_FPP_000001@fastran@7|FRAMEWORK@Framework@0|96)
2025-08-19 13:45:59,433 fastran_driver_fastran_driver_2 DEBUG    _get_service_response(REQUEST|fastran_FPP_000001@fastran_driver@2|FRAMEWORK@Framework@0|242), response = ServiceResponseMessage(sender_id=FRAMEWORK@Framework@0, receiver_id=fastran_FPP_000001@fastran_driver@2, request_msg_id=REQUEST|fastran_FPP_000001@fastran_driver@2|FRAMEWORK@Framework@0|242,status=0, args=(38,), message_id=RESPONSE|FRAMEWORK@Framework@0|fastran_FPP_000001@fastran_driver@2|27239)
2025-08-19 13:45:59,433 fastran_driver_fastran_driver_2 DEBUG    _invoke_service(): wait_call  (38, True)
2025-08-19 13:45:59,433 fastran_driver_fastran_driver_2 DEBUG    _get_service_response(REQUEST|fastran_FPP_000001@fastran_driver@2|FRAMEWORK@Framework@0|243)
2025-08-19 13:45:59,446 fastran_tr_fastran_7 DEBUG    _get_service_response(REQUEST|fastran_FPP_000001@fastran@7|FRAMEWORK@Framework@0|96), response = ServiceResponseMessage(sender_id=FRAMEWORK@Framework@0, receiver_id=fastran_FPP_000001@fastran@7, request_msg_id=REQUEST|fastran_FPP_000001@fastran@7|FRAMEWORK@Framework@0|96,status=0, args=(0,), message_id=RESPONSE|FRAMEWORK@Framework@0|fastran_FPP_000001@fastran@7|27240)
2025-08-19 13:45:59,446 fastran_tr_fastran_7 DEBUG    _invoke_service(): getTopic  ('_IPS_MONITOR',)
2025-08-19 13:45:59,446 fastran_tr_fastran_7 DEBUG    _get_service_response(REQUEST|fastran_FPP_000001@fastran@7|FRAMEWORK@Framework@0|97)
2025-08-19 13:45:59,457 fastran_tr_fastran_7 DEBUG    _get_service_response(REQUEST|fastran_FPP_000001@fastran@7|FRAMEWORK@Framework@0|97), response = ServiceResponseMessage(sender_id=FRAMEWORK@Framework@0, receiver_id=fastran_FPP_000001@fastran@7, request_msg_id=REQUEST|fastran_FPP_000001@fastran@7|FRAMEWORK@Framework@0|97,status=0, args=(<ipsframework.cca_es_spec.Topic object at 0x7f3a44946b20>,), message_id=RESPONSE|FRAMEWORK@Framework@0|fastran_FPP_000001@fastran@7|27241)
2025-08-19 13:45:59,457 fastran_tr_fastran_7 DEBUG    _invoke_service(): sendEvent  ('_IPS_MONITOR', 'PORTAL_EVENT', {'sim_name': 'fastran_FPP_000001', 'real_sim_name': 'fastran_FPP_000001', 'portal_data': {'code': 'fastran_tr_fastran', 'eventtype': 'IPS_STAGE_STATE', 'ok': True, 'walltime': '13647.32', 'time': '2025-08-19|13:45:59PDT', 'trace': {'timestamp': 1755636359423236, 'duration': 23508, 'localEndpoint': {'serviceName': 'stage_state'}, 'name': "['s000001.00001', 'g000001.00001', 'i000001.00001']", 'id': '71885aecf25d7412', 'parentId': '0ac27d36636e3719', 'tags': {}}, 'state': 'Running', 'comment': 'Elapsed time = 0.024  files = s000001.00001 g000001.00001 i000001.00001 Success'}})
2025-08-19 13:45:59,457 fastran_tr_fastran_7 DEBUG    _get_service_response(REQUEST|fastran_FPP_000001@fastran@7|FRAMEWORK@Framework@0|98)
2025-08-19 13:45:59,468 fastran_tr_fastran_7 DEBUG    _get_service_response(REQUEST|fastran_FPP_000001@fastran@7|FRAMEWORK@Framework@0|98), response = ServiceResponseMessage(sender_id=FRAMEWORK@Framework@0, receiver_id=fastran_FPP_000001@fastran@7, request_msg_id=REQUEST|fastran_FPP_000001@fastran@7|FRAMEWORK@Framework@0|98,status=0, args=(None,), message_id=RESPONSE|FRAMEWORK@Framework@0|fastran_FPP_000001@fastran@7|27242)
2025-08-19 13:45:59,476 fastran_tr_fastran_7 DEBUG    _invoke_service(): getTopic  ('_IPS_MONITOR',)
2025-08-19 13:45:59,476 fastran_tr_fastran_7 DEBUG    _get_service_response(REQUEST|fastran_FPP_000001@fastran@7|FRAMEWORK@Framework@0|99)
2025-08-19 13:45:59,487 fastran_tr_fastran_7 DEBUG    _get_service_response(REQUEST|fastran_FPP_000001@fastran@7|FRAMEWORK@Framework@0|99), response = ServiceResponseMessage(sender_id=FRAMEWORK@Framework@0, receiver_id=fastran_FPP_000001@fastran@7, request_msg_id=REQUEST|fastran_FPP_000001@fastran@7|FRAMEWORK@Framework@0|99,status=0, args=(<ipsframework.cca_es_spec.Topic object at 0x7f3a449babe0>,), message_id=RESPONSE|FRAMEWORK@Framework@0|fastran_FPP_000001@fastran@7|27243)
2025-08-19 13:45:59,487 fastran_tr_fastran_7 DEBUG    _invoke_service(): sendEvent  ('_IPS_MONITOR', 'PORTAL_EVENT', {'sim_name': 'fastran_FPP_000001', 'real_sim_name': 'fastran_FPP_000001', 'portal_data': {'code': 'fastran_tr_fastran', 'eventtype': 'IPS_STAGE_INPUTS', 'ok': True, 'walltime': '13647.35', 'time': '2025-08-19|13:45:59PDT', 'trace': {'timestamp': 1755636359469105, 'duration': 7467, 'localEndpoint': {'serviceName': 'stage_input_files'}, 'name': 'infastran intglf', 'id': '5ff6e2efe4653e6c', 'parentId': '0ac27d36636e3719', 'tags': {}}, 'state': 'Running', 'comment': 'Elapsed time = 0.007 Path = /pscratch/sd/h/hswils/github_repos/MANTA_DBSCANS/basecase/input Files = infastran intglf'}})
2025-08-19 13:45:59,487 fastran_tr_fastran_7 DEBUG    _get_service_response(REQUEST|fastran_FPP_000001@fastran@7|FRAMEWORK@Framework@0|100)
2025-08-19 13:45:59,498 fastran_tr_fastran_7 DEBUG    _get_service_response(REQUEST|fastran_FPP_000001@fastran@7|FRAMEWORK@Framework@0|100), response = ServiceResponseMessage(sender_id=FRAMEWORK@Framework@0, receiver_id=fastran_FPP_000001@fastran@7, request_msg_id=REQUEST|fastran_FPP_000001@fastran@7|FRAMEWORK@Framework@0|100,status=0, args=(None,), message_id=RESPONSE|FRAMEWORK@Framework@0|fastran_FPP_000001@fastran@7|27244)
2025-08-19 13:45:59,705 fastran_tr_fastran_7 DEBUG    _invoke_service(): init_task  (TaskInit(nproc=1, binary='/global/common/software/atom/perlmutter/binaries/fastran/default/xfastran_ver1.06', working_dir='/pscratch/sd/h/hswils/github_repos/MANTA_DBSCANS/basecase/SCAN/work/fastran_tr_fastran_7', tppn=0, tcpp=0, tgpp=0, block=True, omp=False, wnodes=True, wsocks=True, cmd_args=('1', '1')),)
2025-08-19 13:45:59,705 fastran_tr_fastran_7 DEBUG    _get_service_response(REQUEST|fastran_FPP_000001@fastran@7|FRAMEWORK@Framework@0|101)
2025-08-19 13:45:59,717 fastran_tr_fastran_7 DEBUG    _get_service_response(REQUEST|fastran_FPP_000001@fastran@7|FRAMEWORK@Framework@0|101), response = ServiceResponseMessage(sender_id=FRAMEWORK@Framework@0, receiver_id=fastran_FPP_000001@fastran@7, request_msg_id=REQUEST|fastran_FPP_000001@fastran@7|FRAMEWORK@Framework@0|101,status=0, args=((15, 'srun -N 1 -n 1 -c 128 --threads-per-core=1 --cpu-bind=cores /global/common/software/atom/perlmutter/binaries/fastran/default/xfastran_ver1.06 1 1', None, 128),), message_id=RESPONSE|FRAMEWORK@Framework@0|fastran_FPP_000001@fastran@7|27246)
2025-08-19 13:45:59,718 fastran_tr_fastran_7 DEBUG    Launching command : srun -N 1 -n 1 -c 128 --threads-per-core=1 --cpu-bind=cores /global/common/software/atom/perlmutter/binaries/fastran/default/xfastran_ver1.06 1 1
2025-08-19 13:45:59,732 fastran_tr_fastran_7 DEBUG    _invoke_service(): getTopic  ('_IPS_MONITOR',)
2025-08-19 13:45:59,732 fastran_tr_fastran_7 DEBUG    _get_service_response(REQUEST|fastran_FPP_000001@fastran@7|FRAMEWORK@Framework@0|102)
2025-08-19 13:45:59,743 fastran_tr_fastran_7 DEBUG    _get_service_response(REQUEST|fastran_FPP_000001@fastran@7|FRAMEWORK@Framework@0|102), response = ServiceResponseMessage(sender_id=FRAMEWORK@Framework@0, receiver_id=fastran_FPP_000001@fastran@7, request_msg_id=REQUEST|fastran_FPP_000001@fastran@7|FRAMEWORK@Framework@0|102,status=0, args=(<ipsframework.cca_es_spec.Topic object at 0x7f3a449e5a00>,), message_id=RESPONSE|FRAMEWORK@Framework@0|fastran_FPP_000001@fastran@7|27247)
2025-08-19 13:45:59,743 fastran_tr_fastran_7 DEBUG    _invoke_service(): sendEvent  ('_IPS_MONITOR', 'PORTAL_EVENT', {'sim_name': 'fastran_FPP_000001', 'real_sim_name': 'fastran_FPP_000001', 'portal_data': {'code': 'fastran_tr_fastran', 'eventtype': 'IPS_LAUNCH_TASK', 'ok': True, 'walltime': '13647.61', 'time': '2025-08-19|13:45:59PDT', 'state': 'Running', 'comment': 'task_id = 15 , Tag = None , nproc = 1 , Target = srun -N 1 -n 1 -c 128 --threads-per-core=1 --cpu-bind=cores /global/common/software/atom/perlmutter/binaries/fastran/default/xfastran_ver1.06 1 1'}})
2025-08-19 13:45:59,743 fastran_tr_fastran_7 DEBUG    _get_service_response(REQUEST|fastran_FPP_000001@fastran@7|FRAMEWORK@Framework@0|103)
2025-08-19 13:45:59,754 fastran_tr_fastran_7 DEBUG    _get_service_response(REQUEST|fastran_FPP_000001@fastran@7|FRAMEWORK@Framework@0|103), response = ServiceResponseMessage(sender_id=FRAMEWORK@Framework@0, receiver_id=fastran_FPP_000001@fastran@7, request_msg_id=REQUEST|fastran_FPP_000001@fastran@7|FRAMEWORK@Framework@0|103,status=0, args=(None,), message_id=RESPONSE|FRAMEWORK@Framework@0|fastran_FPP_000001@fastran@7|27248)
2025-08-19 14:17:53,206 fastran_tr_fastran_7 DEBUG    _invoke_service(): getTopic  ('_IPS_MONITOR',)
2025-08-19 14:17:53,206 fastran_tr_fastran_7 DEBUG    _get_service_response(REQUEST|fastran_FPP_000001@fastran@7|FRAMEWORK@Framework@0|104)
2025-08-19 14:17:53,218 fastran_tr_fastran_7 DEBUG    _get_service_response(REQUEST|fastran_FPP_000001@fastran@7|FRAMEWORK@Framework@0|104), response = ServiceResponseMessage(sender_id=FRAMEWORK@Framework@0, receiver_id=fastran_FPP_000001@fastran@7, request_msg_id=REQUEST|fastran_FPP_000001@fastran@7|FRAMEWORK@Framework@0|104,status=0, args=(<ipsframework.cca_es_spec.Topic object at 0x7f3a449e5c40>,), message_id=RESPONSE|FRAMEWORK@Framework@0|fastran_FPP_000001@fastran@7|30991)
2025-08-19 14:17:53,218 fastran_tr_fastran_7 DEBUG    _invoke_service(): sendEvent  ('_IPS_MONITOR', 'PORTAL_EVENT', {'sim_name': 'fastran_FPP_000001', 'real_sim_name': 'fastran_FPP_000001', 'portal_data': {'code': 'fastran_tr_fastran', 'eventtype': 'IPS_TASK_END', 'ok': True, 'walltime': '15561.08', 'time': '2025-08-19|14:17:53PDT', 'trace': {'timestamp': 1755636359732293, 'duration': 1913474292, 'localEndpoint': {'serviceName': '/global/common/software/atom/perlmutter/binaries/fastran/default/xfastran_ver1.06'}, 'name': '1 1', 'id': '83c26f2b51ba18e5', 'parentId': '0ac27d36636e3719', 'tags': {'procs_requested': '1', 'cores_allocated': '128'}}, 'state': 'Running', 'comment': 'task_id = 15  elapsed time = 1913.47 S'}})
2025-08-19 14:17:53,218 fastran_tr_fastran_7 DEBUG    _get_service_response(REQUEST|fastran_FPP_000001@fastran@7|FRAMEWORK@Framework@0|105)
2025-08-19 14:17:53,229 fastran_tr_fastran_7 DEBUG    _get_service_response(REQUEST|fastran_FPP_000001@fastran@7|FRAMEWORK@Framework@0|105), response = ServiceResponseMessage(sender_id=FRAMEWORK@Framework@0, receiver_id=fastran_FPP_000001@fastran@7, request_msg_id=REQUEST|fastran_FPP_000001@fastran@7|FRAMEWORK@Framework@0|105,status=0, args=(None,), message_id=RESPONSE|FRAMEWORK@Framework@0|fastran_FPP_000001@fastran@7|30993)
2025-08-19 14:17:53,229 fastran_tr_fastran_7 DEBUG    _invoke_service(): finish_task  (15, 0)
2025-08-19 14:17:53,229 fastran_tr_fastran_7 DEBUG    _get_service_response(REQUEST|fastran_FPP_000001@fastran@7|FRAMEWORK@Framework@0|106)
2025-08-19 14:17:53,241 fastran_tr_fastran_7 DEBUG    _get_service_response(REQUEST|fastran_FPP_000001@fastran@7|FRAMEWORK@Framework@0|106), response = ServiceResponseMessage(sender_id=FRAMEWORK@Framework@0, receiver_id=fastran_FPP_000001@fastran@7, request_msg_id=REQUEST|fastran_FPP_000001@fastran@7|FRAMEWORK@Framework@0|106,status=0, args=(0,), message_id=RESPONSE|FRAMEWORK@Framework@0|fastran_FPP_000001@fastran@7|30994)
2025-08-19 14:17:53,515 fastran_tr_fastran_7 DEBUG    _invoke_service(): update_state  (['s000001.00001', 'g000001.00001', 'i000001.00001'], '/pscratch/sd/h/hswils/github_repos/MANTA_DBSCANS/basecase/SCAN/work/fastran_tr_fastran_7', '/pscratch/sd/h/hswils/github_repos/MANTA_DBSCANS/basecase/SCAN/work/plasma_state')
2025-08-19 14:17:53,515 fastran_tr_fastran_7 DEBUG    _get_service_response(REQUEST|fastran_FPP_000001@fastran@7|FRAMEWORK@Framework@0|107)
2025-08-19 14:17:53,537 fastran_tr_fastran_7 DEBUG    _get_service_response(REQUEST|fastran_FPP_000001@fastran@7|FRAMEWORK@Framework@0|107), response = ServiceResponseMessage(sender_id=FRAMEWORK@Framework@0, receiver_id=fastran_FPP_000001@fastran@7, request_msg_id=REQUEST|fastran_FPP_000001@fastran@7|FRAMEWORK@Framework@0|107,status=0, args=(0,), message_id=RESPONSE|FRAMEWORK@Framework@0|fastran_FPP_000001@fastran@7|30995)
2025-08-19 14:17:53,537 fastran_tr_fastran_7 DEBUG    _invoke_service(): getTopic  ('_IPS_MONITOR',)
2025-08-19 14:17:53,537 fastran_tr_fastran_7 DEBUG    _get_service_response(REQUEST|fastran_FPP_000001@fastran@7|FRAMEWORK@Framework@0|108)
2025-08-19 14:17:53,548 fastran_tr_fastran_7 DEBUG    _get_service_response(REQUEST|fastran_FPP_000001@fastran@7|FRAMEWORK@Framework@0|108), response = ServiceResponseMessage(sender_id=FRAMEWORK@Framework@0, receiver_id=fastran_FPP_000001@fastran@7, request_msg_id=REQUEST|fastran_FPP_000001@fastran@7|FRAMEWORK@Framework@0|108,status=0, args=(<ipsframework.cca_es_spec.Topic object at 0x7f3a4493d7c0>,), message_id=RESPONSE|FRAMEWORK@Framework@0|fastran_FPP_000001@fastran@7|30996)
2025-08-19 14:17:53,548 fastran_tr_fastran_7 DEBUG    _invoke_service(): sendEvent  ('_IPS_MONITOR', 'PORTAL_EVENT', {'sim_name': 'fastran_FPP_000001', 'real_sim_name': 'fastran_FPP_000001', 'portal_data': {'code': 'fastran_tr_fastran', 'eventtype': 'IPS_UPDATE_STATE', 'ok': True, 'walltime': '15561.42', 'time': '2025-08-19|14:17:53PDT', 'trace': {'timestamp': 1755638273515219, 'duration': 21864, 'localEndpoint': {'serviceName': 'update_state'}, 'name': "['s000001.00001', 'g000001.00001', 'i000001.00001']", 'id': '7629e189a66153c0', 'parentId': '0ac27d36636e3719', 'tags': {}}, 'state': 'Running', 'comment': 'Elapsed time = 0.022   files = s000001.00001 g000001.00001 i000001.00001 Success'}})
2025-08-19 14:17:53,548 fastran_tr_fastran_7 DEBUG    _get_service_response(REQUEST|fastran_FPP_000001@fastran@7|FRAMEWORK@Framework@0|109)
2025-08-19 14:17:53,559 fastran_tr_fastran_7 DEBUG    _get_service_response(REQUEST|fastran_FPP_000001@fastran@7|FRAMEWORK@Framework@0|109), response = ServiceResponseMessage(sender_id=FRAMEWORK@Framework@0, receiver_id=fastran_FPP_000001@fastran@7, request_msg_id=REQUEST|fastran_FPP_000001@fastran@7|FRAMEWORK@Framework@0|109,status=0, args=(None,), message_id=RESPONSE|FRAMEWORK@Framework@0|fastran_FPP_000001@fastran@7|30997)
2025-08-19 14:17:53,577 fastran_tr_fastran_7 DEBUG    _invoke_service(): getTopic  ('_IPS_MONITOR',)
2025-08-19 14:17:53,577 fastran_tr_fastran_7 DEBUG    _get_service_response(REQUEST|fastran_FPP_000001@fastran@7|FRAMEWORK@Framework@0|110)
2025-08-19 14:17:53,588 fastran_tr_fastran_7 DEBUG    _get_service_response(REQUEST|fastran_FPP_000001@fastran@7|FRAMEWORK@Framework@0|110), response = ServiceResponseMessage(sender_id=FRAMEWORK@Framework@0, receiver_id=fastran_FPP_000001@fastran@7, request_msg_id=REQUEST|fastran_FPP_000001@fastran@7|FRAMEWORK@Framework@0|110,status=0, args=(<ipsframework.cca_es_spec.Topic object at 0x7f3a4493d8b0>,), message_id=RESPONSE|FRAMEWORK@Framework@0|fastran_FPP_000001@fastran@7|30998)
2025-08-19 14:17:53,588 fastran_tr_fastran_7 DEBUG    _invoke_service(): sendEvent  ('_IPS_MONITOR', 'PORTAL_EVENT', {'sim_name': 'fastran_FPP_000001', 'real_sim_name': 'fastran_FPP_000001', 'portal_data': {'code': 'fastran_tr_fastran', 'eventtype': 'IPS_STAGE_OUTPUTS', 'ok': True, 'walltime': '15561.46', 'time': '2025-08-19|14:17:53PDT', 'trace': {'timestamp': 1755638273559241, 'duration': 18385, 'localEndpoint': {'serviceName': 'stage_output_files'}, 'name': "['fastran.nc', 'inprof', 'inmetric', 'infastran', 'intglf', 'xfastran.log', 'i000001.00001']", 'id': '7349cfaaafc33980', 'parentId': '0ac27d36636e3719', 'tags': {}}, 'state': 'Running', 'comment': "Elapsed time = 0.018 Path = /pscratch/sd/h/hswils/github_repos/MANTA_DBSCANS/basecase/SCAN/simulation_results/6/components/fastran_tr_fastran_7 Files = ['fastran.nc', 'inprof', 'inmetric', 'infastran', 'intglf', 'xfastran.log', 'i000001.00001']"}})
2025-08-19 14:17:53,588 fastran_tr_fastran_7 DEBUG    _get_service_response(REQUEST|fastran_FPP_000001@fastran@7|FRAMEWORK@Framework@0|111)
2025-08-19 14:17:53,599 fastran_tr_fastran_7 DEBUG    _get_service_response(REQUEST|fastran_FPP_000001@fastran@7|FRAMEWORK@Framework@0|111), response = ServiceResponseMessage(sender_id=FRAMEWORK@Framework@0, receiver_id=fastran_FPP_000001@fastran@7, request_msg_id=REQUEST|fastran_FPP_000001@fastran@7|FRAMEWORK@Framework@0|111,status=0, args=(None,), message_id=RESPONSE|FRAMEWORK@Framework@0|fastran_FPP_000001@fastran@7|30999)
2025-08-19 14:17:53,610 fastran_driver_fastran_driver_2 DEBUG    _get_service_response(REQUEST|fastran_FPP_000001@fastran_driver@2|FRAMEWORK@Framework@0|243), response = ServiceResponseMessage(sender_id=FRAMEWORK@Framework@0, receiver_id=fastran_FPP_000001@fastran_driver@2, request_msg_id=REQUEST|fastran_FPP_000001@fastran_driver@2|FRAMEWORK@Framework@0|243,status=0, args=((None,),), message_id=RESPONSE|FRAMEWORK@Framework@0|fastran_FPP_000001@fastran_driver@2|31000)
2025-08-19 14:17:53,611 fastran_driver_fastran_driver_2 DEBUG    _invoke_service(): getTopic  ('_IPS_MONITOR',)
2025-08-19 14:17:53,611 fastran_driver_fastran_driver_2 DEBUG    _get_service_response(REQUEST|fastran_FPP_000001@fastran_driver@2|FRAMEWORK@Framework@0|244)
2025-08-19 14:17:53,622 fastran_driver_fastran_driver_2 DEBUG    _get_service_response(REQUEST|fastran_FPP_000001@fastran_driver@2|FRAMEWORK@Framework@0|244), response = ServiceResponseMessage(sender_id=FRAMEWORK@Framework@0, receiver_id=fastran_FPP_000001@fastran_driver@2, request_msg_id=REQUEST|fastran_FPP_000001@fastran_driver@2|FRAMEWORK@Framework@0|244,status=0, args=(<ipsframework.cca_es_spec.Topic object at 0x7f3a44a205b0>,), message_id=RESPONSE|FRAMEWORK@Framework@0|fastran_FPP_000001@fastran_driver@2|31001)
2025-08-19 14:17:53,622 fastran_driver_fastran_driver_2 DEBUG    _invoke_service(): sendEvent  ('_IPS_MONITOR', 'PORTAL_EVENT', {'sim_name': 'fastran_FPP_000001', 'real_sim_name': 'fastran_FPP_000001', 'portal_data': {'code': 'fastran_driver_fastran_driver', 'eventtype': 'IPS_CALL_END', 'ok': True, 'walltime': '15561.49', 'time': '2025-08-19|14:17:53PDT', 'trace': {'timestamp': 1755636359433303, 'duration': 1914177726, 'localEndpoint': {'serviceName': 'fastran_FPP_000001@fastran@7'}, 'name': 'step(6)', 'id': '0ac27d36636e3719', 'parentId': 'f899e3e5886669ce', 'tags': {}}, 'state': 'Running', 'comment': 'Target = fastran_FPP_000001@fastran@7:step(6)'}})
2025-08-19 14:17:53,622 fastran_driver_fastran_driver_2 DEBUG    _get_service_response(REQUEST|fastran_FPP_000001@fastran_driver@2|FRAMEWORK@Framework@0|245)
2025-08-19 14:17:53,633 fastran_driver_fastran_driver_2 DEBUG    _get_service_response(REQUEST|fastran_FPP_000001@fastran_driver@2|FRAMEWORK@Framework@0|245), response = ServiceResponseMessage(sender_id=FRAMEWORK@Framework@0, receiver_id=fastran_FPP_000001@fastran_driver@2, request_msg_id=REQUEST|fastran_FPP_000001@fastran_driver@2|FRAMEWORK@Framework@0|245,status=0, args=(None,), message_id=RESPONSE|FRAMEWORK@Framework@0|fastran_FPP_000001@fastran_driver@2|31002)
2025-08-19 14:17:53,634 fastran_driver_fastran_driver_2 DEBUG    _invoke_service(): stage_state  (['s000001.00001', 'g000001.00001', 'i000001.00001'], '/pscratch/sd/h/hswils/github_repos/MANTA_DBSCANS/basecase/SCAN/work/plasma_state', '/pscratch/sd/h/hswils/github_repos/MANTA_DBSCANS/basecase/SCAN/work/fastran_driver_fastran_driver_2')
2025-08-19 14:17:53,634 fastran_driver_fastran_driver_2 DEBUG    _get_service_response(REQUEST|fastran_FPP_000001@fastran_driver@2|FRAMEWORK@Framework@0|246)
2025-08-19 14:17:53,656 fastran_driver_fastran_driver_2 DEBUG    _get_service_response(REQUEST|fastran_FPP_000001@fastran_driver@2|FRAMEWORK@Framework@0|246), response = ServiceResponseMessage(sender_id=FRAMEWORK@Framework@0, receiver_id=fastran_FPP_000001@fastran_driver@2, request_msg_id=REQUEST|fastran_FPP_000001@fastran_driver@2|FRAMEWORK@Framework@0|246,status=0, args=(0,), message_id=RESPONSE|FRAMEWORK@Framework@0|fastran_FPP_000001@fastran_driver@2|31003)
2025-08-19 14:17:53,656 fastran_driver_fastran_driver_2 DEBUG    _invoke_service(): getTopic  ('_IPS_MONITOR',)
2025-08-19 14:17:53,656 fastran_driver_fastran_driver_2 DEBUG    _get_service_response(REQUEST|fastran_FPP_000001@fastran_driver@2|FRAMEWORK@Framework@0|247)
2025-08-19 14:17:53,667 fastran_driver_fastran_driver_2 DEBUG    _get_service_response(REQUEST|fastran_FPP_000001@fastran_driver@2|FRAMEWORK@Framework@0|247), response = ServiceResponseMessage(sender_id=FRAMEWORK@Framework@0, receiver_id=fastran_FPP_000001@fastran_driver@2, request_msg_id=REQUEST|fastran_FPP_000001@fastran_driver@2|FRAMEWORK@Framework@0|247,status=0, args=(<ipsframework.cca_es_spec.Topic object at 0x7f3a44a20280>,), message_id=RESPONSE|FRAMEWORK@Framework@0|fastran_FPP_000001@fastran_driver@2|31004)
2025-08-19 14:17:53,667 fastran_driver_fastran_driver_2 DEBUG    _invoke_service(): sendEvent  ('_IPS_MONITOR', 'PORTAL_EVENT', {'sim_name': 'fastran_FPP_000001', 'real_sim_name': 'fastran_FPP_000001', 'portal_data': {'code': 'fastran_driver_fastran_driver', 'eventtype': 'IPS_STAGE_STATE', 'ok': True, 'walltime': '15561.53', 'time': '2025-08-19|14:17:53PDT', 'trace': {'timestamp': 1755638273634142, 'duration': 22716, 'localEndpoint': {'serviceName': 'stage_state'}, 'name': "['s000001.00001', 'g000001.00001', 'i000001.00001']", 'id': '71885aecf25d7412', 'parentId': 'f899e3e5886669ce', 'tags': {}}, 'state': 'Running', 'comment': 'Elapsed time = 0.023  files = s000001.00001 g000001.00001 i000001.00001 Success'}})
2025-08-19 14:17:53,667 fastran_driver_fastran_driver_2 DEBUG    _get_service_response(REQUEST|fastran_FPP_000001@fastran_driver@2|FRAMEWORK@Framework@0|248)
2025-08-19 14:17:53,678 fastran_driver_fastran_driver_2 DEBUG    _get_service_response(REQUEST|fastran_FPP_000001@fastran_driver@2|FRAMEWORK@Framework@0|248), response = ServiceResponseMessage(sender_id=FRAMEWORK@Framework@0, receiver_id=fastran_FPP_000001@fastran_driver@2, request_msg_id=REQUEST|fastran_FPP_000001@fastran_driver@2|FRAMEWORK@Framework@0|248,status=0, args=(None,), message_id=RESPONSE|FRAMEWORK@Framework@0|fastran_FPP_000001@fastran_driver@2|31005)
2025-08-19 14:17:53,679 fastran_driver_fastran_driver_2 DEBUG    _invoke_service(): getTopic  ('_IPS_MONITOR',)
2025-08-19 14:17:53,679 fastran_driver_fastran_driver_2 DEBUG    _get_service_response(REQUEST|fastran_FPP_000001@fastran_driver@2|FRAMEWORK@Framework@0|249)
2025-08-19 14:17:53,690 fastran_driver_fastran_driver_2 DEBUG    _get_service_response(REQUEST|fastran_FPP_000001@fastran_driver@2|FRAMEWORK@Framework@0|249), response = ServiceResponseMessage(sender_id=FRAMEWORK@Framework@0, receiver_id=fastran_FPP_000001@fastran_driver@2, request_msg_id=REQUEST|fastran_FPP_000001@fastran_driver@2|FRAMEWORK@Framework@0|249,status=0, args=(<ipsframework.cca_es_spec.Topic object at 0x7f3a44a20100>,), message_id=RESPONSE|FRAMEWORK@Framework@0|fastran_FPP_000001@fastran_driver@2|31006)
2025-08-19 14:17:53,690 fastran_driver_fastran_driver_2 DEBUG    _invoke_service(): sendEvent  ('_IPS_MONITOR', 'PORTAL_EVENT', {'sim_name': 'fastran_FPP_000001', 'real_sim_name': 'fastran_FPP_000001', 'portal_data': {'code': 'fastran_driver_fastran_driver', 'eventtype': 'IPS_STAGE_OUTPUTS', 'ok': True, 'walltime': '15561.56', 'time': '2025-08-19|14:17:53PDT', 'trace': {'timestamp': 1755638273679052, 'duration': 351, 'localEndpoint': {'serviceName': 'stage_output_files'}, 'name': '[]', 'id': 'ed019efe11be26d9', 'parentId': 'f899e3e5886669ce', 'tags': {}}, 'state': 'Running', 'comment': 'Elapsed time = 0.000 Path = /pscratch/sd/h/hswils/github_repos/MANTA_DBSCANS/basecase/SCAN/simulation_results/6/components/fastran_driver_fastran_driver_2 Files = []'}})
2025-08-19 14:17:53,690 fastran_driver_fastran_driver_2 DEBUG    _get_service_response(REQUEST|fastran_FPP_000001@fastran_driver@2|FRAMEWORK@Framework@0|250)
2025-08-19 14:17:53,701 fastran_driver_fastran_driver_2 DEBUG    _get_service_response(REQUEST|fastran_FPP_000001@fastran_driver@2|FRAMEWORK@Framework@0|250), response = ServiceResponseMessage(sender_id=FRAMEWORK@Framework@0, receiver_id=fastran_FPP_000001@fastran_driver@2, request_msg_id=REQUEST|fastran_FPP_000001@fastran_driver@2|FRAMEWORK@Framework@0|250,status=0, args=(None,), message_id=RESPONSE|FRAMEWORK@Framework@0|fastran_FPP_000001@fastran_driver@2|31007)
2025-08-19 14:17:53,701 fastran_driver_fastran_driver_2 DEBUG    _invoke_service(): getTopic  ('_IPS_MONITOR',)
2025-08-19 14:17:53,702 fastran_driver_fastran_driver_2 DEBUG    _get_service_response(REQUEST|fastran_FPP_000001@fastran_driver@2|FRAMEWORK@Framework@0|251)
2025-08-19 14:17:53,712 fastran_driver_fastran_driver_2 DEBUG    _get_service_response(REQUEST|fastran_FPP_000001@fastran_driver@2|FRAMEWORK@Framework@0|251), response = ServiceResponseMessage(sender_id=FRAMEWORK@Framework@0, receiver_id=fastran_FPP_000001@fastran_driver@2, request_msg_id=REQUEST|fastran_FPP_000001@fastran_driver@2|FRAMEWORK@Framework@0|251,status=0, args=(<ipsframework.cca_es_spec.Topic object at 0x7f3a44a201c0>,), message_id=RESPONSE|FRAMEWORK@Framework@0|fastran_FPP_000001@fastran_driver@2|31008)
2025-08-19 14:17:53,713 fastran_driver_fastran_driver_2 DEBUG    _invoke_service(): sendEvent  ('_IPS_MONITOR', 'PORTALBRIDGE_UPDATE_TIMESTAMP', {'sim_name': 'fastran_FPP_000001', 'real_sim_name': 'fastran_FPP_000001', 'portal_data': {'phystimestamp': 7, 'eventtype': 'PORTALBRIDGE_UPDATE_TIMESTAMP'}})
2025-08-19 14:17:53,713 fastran_driver_fastran_driver_2 DEBUG    _get_service_response(REQUEST|fastran_FPP_000001@fastran_driver@2|FRAMEWORK@Framework@0|252)
2025-08-19 14:17:53,724 fastran_driver_fastran_driver_2 DEBUG    _get_service_response(REQUEST|fastran_FPP_000001@fastran_driver@2|FRAMEWORK@Framework@0|252), response = ServiceResponseMessage(sender_id=FRAMEWORK@Framework@0, receiver_id=fastran_FPP_000001@fastran_driver@2, request_msg_id=REQUEST|fastran_FPP_000001@fastran_driver@2|FRAMEWORK@Framework@0|252,status=0, args=(None,), message_id=RESPONSE|FRAMEWORK@Framework@0|fastran_FPP_000001@fastran_driver@2|31009)
2025-08-19 14:17:53,724 fastran_driver_fastran_driver_2 DEBUG    _invoke_service(): getTopic  ('_IPS_MONITOR',)
2025-08-19 14:17:53,724 fastran_driver_fastran_driver_2 DEBUG    _get_service_response(REQUEST|fastran_FPP_000001@fastran_driver@2|FRAMEWORK@Framework@0|253)
2025-08-19 14:17:53,734 fastran_driver_fastran_driver_2 DEBUG    _get_service_response(REQUEST|fastran_FPP_000001@fastran_driver@2|FRAMEWORK@Framework@0|253), response = ServiceResponseMessage(sender_id=FRAMEWORK@Framework@0, receiver_id=fastran_FPP_000001@fastran_driver@2, request_msg_id=REQUEST|fastran_FPP_000001@fastran_driver@2|FRAMEWORK@Framework@0|253,status=0, args=(<ipsframework.cca_es_spec.Topic object at 0x7f3a44a20100>,), message_id=RESPONSE|FRAMEWORK@Framework@0|fastran_FPP_000001@fastran_driver@2|31010)
2025-08-19 14:17:53,734 fastran_driver_fastran_driver_2 DEBUG    _invoke_service(): sendEvent  ('_IPS_MONITOR', 'PORTAL_EVENT', {'sim_name': 'fastran_FPP_000001', 'real_sim_name': 'fastran_FPP_000001', 'portal_data': {'code': 'fastran_driver_fastran_driver', 'eventtype': 'IPS_UPDATE_TIME_STAMP', 'ok': True, 'walltime': '15561.60', 'time': '2025-08-19|14:17:53PDT', 'state': 'Running', 'comment': 'Timestamp = 7'}})
2025-08-19 14:17:53,735 fastran_driver_fastran_driver_2 DEBUG    _get_service_response(REQUEST|fastran_FPP_000001@fastran_driver@2|FRAMEWORK@Framework@0|254)
2025-08-19 14:17:53,745 fastran_driver_fastran_driver_2 DEBUG    _get_service_response(REQUEST|fastran_FPP_000001@fastran_driver@2|FRAMEWORK@Framework@0|254), response = ServiceResponseMessage(sender_id=FRAMEWORK@Framework@0, receiver_id=fastran_FPP_000001@fastran_driver@2, request_msg_id=REQUEST|fastran_FPP_000001@fastran_driver@2|FRAMEWORK@Framework@0|254,status=0, args=(None,), message_id=RESPONSE|FRAMEWORK@Framework@0|fastran_FPP_000001@fastran_driver@2|31012)
2025-08-19 14:17:53,746 fastran_driver_fastran_driver_2 DEBUG    _invoke_service(): getTopic  ('_IPS_MONITOR',)
2025-08-19 14:17:53,746 fastran_driver_fastran_driver_2 DEBUG    _get_service_response(REQUEST|fastran_FPP_000001@fastran_driver@2|FRAMEWORK@Framework@0|255)
2025-08-19 14:17:53,757 fastran_driver_fastran_driver_2 DEBUG    _get_service_response(REQUEST|fastran_FPP_000001@fastran_driver@2|FRAMEWORK@Framework@0|255), response = ServiceResponseMessage(sender_id=FRAMEWORK@Framework@0, receiver_id=fastran_FPP_000001@fastran_driver@2, request_msg_id=REQUEST|fastran_FPP_000001@fastran_driver@2|FRAMEWORK@Framework@0|255,status=0, args=(<ipsframework.cca_es_spec.Topic object at 0x7f3a44a20ac0>,), message_id=RESPONSE|FRAMEWORK@Framework@0|fastran_FPP_000001@fastran_driver@2|31013)
2025-08-19 14:17:53,757 fastran_driver_fastran_driver_2 DEBUG    _invoke_service(): sendEvent  ('_IPS_MONITOR', 'PORTAL_EVENT', {'sim_name': 'fastran_FPP_000001', 'real_sim_name': 'fastran_FPP_000001', 'portal_data': {'code': 'fastran_driver_fastran_driver', 'eventtype': 'IPS_CALL_BEGIN', 'ok': True, 'walltime': '15561.62', 'time': '2025-08-19|14:17:53PDT', 'state': 'Running', 'comment': 'Target = fastran_FPP_000001@toric@5:step(7)'}})
2025-08-19 14:17:53,757 fastran_driver_fastran_driver_2 DEBUG    _get_service_response(REQUEST|fastran_FPP_000001@fastran_driver@2|FRAMEWORK@Framework@0|256)
2025-08-19 14:17:53,768 fastran_driver_fastran_driver_2 DEBUG    _get_service_response(REQUEST|fastran_FPP_000001@fastran_driver@2|FRAMEWORK@Framework@0|256), response = ServiceResponseMessage(sender_id=FRAMEWORK@Framework@0, receiver_id=fastran_FPP_000001@fastran_driver@2, request_msg_id=REQUEST|fastran_FPP_000001@fastran_driver@2|FRAMEWORK@Framework@0|256,status=0, args=(None,), message_id=RESPONSE|FRAMEWORK@Framework@0|fastran_FPP_000001@fastran_driver@2|31014)
2025-08-19 14:17:53,768 fastran_driver_fastran_driver_2 DEBUG    _invoke_service(): init_call  ('step', 7)
2025-08-19 14:17:53,768 fastran_driver_fastran_driver_2 DEBUG    _get_service_response(REQUEST|fastran_FPP_000001@fastran_driver@2|FRAMEWORK@Framework@0|257)
2025-08-19 14:17:53,768 rf_ic_toric_5   DEBUG    Received Message 
2025-08-19 14:17:53,769 rf_ic_toric_5   DEBUG    Calling method step(7)
2025-08-19 14:17:53,769 rf_ic_toric_5   DEBUG    _invoke_service(): stage_state  (['s000001.00001', 'g000001.00001'], '/pscratch/sd/h/hswils/github_repos/MANTA_DBSCANS/basecase/SCAN/work/plasma_state', '/pscratch/sd/h/hswils/github_repos/MANTA_DBSCANS/basecase/SCAN/work/rf_ic_toric_5')
2025-08-19 14:17:53,769 rf_ic_toric_5   DEBUG    _get_service_response(REQUEST|fastran_FPP_000001@toric@5|FRAMEWORK@Framework@0|125)
2025-08-19 14:17:53,778 fastran_driver_fastran_driver_2 DEBUG    _get_service_response(REQUEST|fastran_FPP_000001@fastran_driver@2|FRAMEWORK@Framework@0|257), response = ServiceResponseMessage(sender_id=FRAMEWORK@Framework@0, receiver_id=fastran_FPP_000001@fastran_driver@2, request_msg_id=REQUEST|fastran_FPP_000001@fastran_driver@2|FRAMEWORK@Framework@0|257,status=0, args=(39,), message_id=RESPONSE|FRAMEWORK@Framework@0|fastran_FPP_000001@fastran_driver@2|31015)
2025-08-19 14:17:53,779 fastran_driver_fastran_driver_2 DEBUG    _invoke_service(): wait_call  (39, True)
2025-08-19 14:17:53,779 fastran_driver_fastran_driver_2 DEBUG    _get_service_response(REQUEST|fastran_FPP_000001@fastran_driver@2|FRAMEWORK@Framework@0|258)
2025-08-19 14:17:53,788 rf_ic_toric_5   DEBUG    _get_service_response(REQUEST|fastran_FPP_000001@toric@5|FRAMEWORK@Framework@0|125), response = ServiceResponseMessage(sender_id=FRAMEWORK@Framework@0, receiver_id=fastran_FPP_000001@toric@5, request_msg_id=REQUEST|fastran_FPP_000001@toric@5|FRAMEWORK@Framework@0|125,status=0, args=(0,), message_id=RESPONSE|FRAMEWORK@Framework@0|fastran_FPP_000001@toric@5|31016)
2025-08-19 14:17:53,788 rf_ic_toric_5   DEBUG    _invoke_service(): getTopic  ('_IPS_MONITOR',)
2025-08-19 14:17:53,788 rf_ic_toric_5   DEBUG    _get_service_response(REQUEST|fastran_FPP_000001@toric@5|FRAMEWORK@Framework@0|126)
2025-08-19 14:17:53,799 rf_ic_toric_5   DEBUG    _get_service_response(REQUEST|fastran_FPP_000001@toric@5|FRAMEWORK@Framework@0|126), response = ServiceResponseMessage(sender_id=FRAMEWORK@Framework@0, receiver_id=fastran_FPP_000001@toric@5, request_msg_id=REQUEST|fastran_FPP_000001@toric@5|FRAMEWORK@Framework@0|126,status=0, args=(<ipsframework.cca_es_spec.Topic object at 0x7f3a449e1cd0>,), message_id=RESPONSE|FRAMEWORK@Framework@0|fastran_FPP_000001@toric@5|31017)
2025-08-19 14:17:53,799 rf_ic_toric_5   DEBUG    _invoke_service(): sendEvent  ('_IPS_MONITOR', 'PORTAL_EVENT', {'sim_name': 'fastran_FPP_000001', 'real_sim_name': 'fastran_FPP_000001', 'portal_data': {'code': 'rf_ic_toric', 'eventtype': 'IPS_STAGE_STATE', 'ok': True, 'walltime': '15561.67', 'time': '2025-08-19|14:17:53PDT', 'trace': {'timestamp': 1755638273769191, 'duration': 19436, 'localEndpoint': {'serviceName': 'stage_state'}, 'name': "['s000001.00001', 'g000001.00001']", 'id': '32793a28c0f8ba4b', 'parentId': '93290435ddc97a47', 'tags': {}}, 'state': 'Running', 'comment': 'Elapsed time = 0.019  files = s000001.00001 g000001.00001 Success'}})
2025-08-19 14:17:53,799 rf_ic_toric_5   DEBUG    _get_service_response(REQUEST|fastran_FPP_000001@toric@5|FRAMEWORK@Framework@0|127)
2025-08-19 14:17:53,810 rf_ic_toric_5   DEBUG    _get_service_response(REQUEST|fastran_FPP_000001@toric@5|FRAMEWORK@Framework@0|127), response = ServiceResponseMessage(sender_id=FRAMEWORK@Framework@0, receiver_id=fastran_FPP_000001@toric@5, request_msg_id=REQUEST|fastran_FPP_000001@toric@5|FRAMEWORK@Framework@0|127,status=0, args=(None,), message_id=RESPONSE|FRAMEWORK@Framework@0|fastran_FPP_000001@toric@5|31018)
2025-08-19 14:17:53,820 rf_ic_toric_5   DEBUG    _invoke_service(): getTopic  ('_IPS_MONITOR',)
2025-08-19 14:17:53,820 rf_ic_toric_5   DEBUG    _get_service_response(REQUEST|fastran_FPP_000001@toric@5|FRAMEWORK@Framework@0|128)
2025-08-19 14:17:53,831 rf_ic_toric_5   DEBUG    _get_service_response(REQUEST|fastran_FPP_000001@toric@5|FRAMEWORK@Framework@0|128), response = ServiceResponseMessage(sender_id=FRAMEWORK@Framework@0, receiver_id=fastran_FPP_000001@toric@5, request_msg_id=REQUEST|fastran_FPP_000001@toric@5|FRAMEWORK@Framework@0|128,status=0, args=(<ipsframework.cca_es_spec.Topic object at 0x7f3a449e1dc0>,), message_id=RESPONSE|FRAMEWORK@Framework@0|fastran_FPP_000001@toric@5|31019)
2025-08-19 14:17:53,831 rf_ic_toric_5   DEBUG    _invoke_service(): sendEvent  ('_IPS_MONITOR', 'PORTAL_EVENT', {'sim_name': 'fastran_FPP_000001', 'real_sim_name': 'fastran_FPP_000001', 'portal_data': {'code': 'rf_ic_toric', 'eventtype': 'IPS_STAGE_INPUTS', 'ok': True, 'walltime': '15561.70', 'time': '2025-08-19|14:17:53PDT', 'trace': {'timestamp': 1755638273810635, 'duration': 10099, 'localEndpoint': {'serviceName': 'stage_input_files'}, 'name': 'machine.inp equigs_gen.ind torica.inp', 'id': 'b108389cfa22cdf4', 'parentId': '93290435ddc97a47', 'tags': {}}, 'state': 'Running', 'comment': 'Elapsed time = 0.010 Path = /pscratch/sd/h/hswils/github_repos/MANTA_DBSCANS/basecase/input Files = machine.inp equigs_gen.ind torica.inp'}})
2025-08-19 14:17:53,831 rf_ic_toric_5   DEBUG    _get_service_response(REQUEST|fastran_FPP_000001@toric@5|FRAMEWORK@Framework@0|129)
2025-08-19 14:17:53,842 rf_ic_toric_5   DEBUG    _get_service_response(REQUEST|fastran_FPP_000001@toric@5|FRAMEWORK@Framework@0|129), response = ServiceResponseMessage(sender_id=FRAMEWORK@Framework@0, receiver_id=fastran_FPP_000001@toric@5, request_msg_id=REQUEST|fastran_FPP_000001@toric@5|FRAMEWORK@Framework@0|129,status=0, args=(None,), message_id=RESPONSE|FRAMEWORK@Framework@0|fastran_FPP_000001@toric@5|31020)
2025-08-19 14:17:54,091 rf_ic_toric_5   DEBUG    _invoke_service(): init_task  (TaskInit(nproc=24, binary='/global/common/software/atom/perlmutter/binaries/toric/default/Ptoric.e', working_dir='/pscratch/sd/h/hswils/github_repos/MANTA_DBSCANS/basecase/SCAN/work/rf_ic_toric_5', tppn=0, tcpp=0, tgpp=0, block=True, omp=False, wnodes=True, wsocks=True, cmd_args=()),)
2025-08-19 14:17:54,091 rf_ic_toric_5   DEBUG    _get_service_response(REQUEST|fastran_FPP_000001@toric@5|FRAMEWORK@Framework@0|130)
2025-08-19 14:17:54,103 rf_ic_toric_5   DEBUG    _get_service_response(REQUEST|fastran_FPP_000001@toric@5|FRAMEWORK@Framework@0|130), response = ServiceResponseMessage(sender_id=FRAMEWORK@Framework@0, receiver_id=fastran_FPP_000001@toric@5, request_msg_id=REQUEST|fastran_FPP_000001@toric@5|FRAMEWORK@Framework@0|130,status=0, args=((16, 'srun -N 1 -n 24 -c 5 --threads-per-core=1 --cpu-bind=cores /global/common/software/atom/perlmutter/binaries/toric/default/Ptoric.e ', None, 128),), message_id=RESPONSE|FRAMEWORK@Framework@0|fastran_FPP_000001@toric@5|31021)
2025-08-19 14:17:54,105 rf_ic_toric_5   DEBUG    Launching command : srun -N 1 -n 24 -c 5 --threads-per-core=1 --cpu-bind=cores /global/common/software/atom/perlmutter/binaries/toric/default/Ptoric.e 
2025-08-19 14:17:54,117 rf_ic_toric_5   DEBUG    _invoke_service(): getTopic  ('_IPS_MONITOR',)
2025-08-19 14:17:54,118 rf_ic_toric_5   DEBUG    _get_service_response(REQUEST|fastran_FPP_000001@toric@5|FRAMEWORK@Framework@0|131)
2025-08-19 14:17:54,129 rf_ic_toric_5   DEBUG    _get_service_response(REQUEST|fastran_FPP_000001@toric@5|FRAMEWORK@Framework@0|131), response = ServiceResponseMessage(sender_id=FRAMEWORK@Framework@0, receiver_id=fastran_FPP_000001@toric@5, request_msg_id=REQUEST|fastran_FPP_000001@toric@5|FRAMEWORK@Framework@0|131,status=0, args=(<ipsframework.cca_es_spec.Topic object at 0x7f3a449c9730>,), message_id=RESPONSE|FRAMEWORK@Framework@0|fastran_FPP_000001@toric@5|31022)
2025-08-19 14:17:54,129 rf_ic_toric_5   DEBUG    _invoke_service(): sendEvent  ('_IPS_MONITOR', 'PORTAL_EVENT', {'sim_name': 'fastran_FPP_000001', 'real_sim_name': 'fastran_FPP_000001', 'portal_data': {'code': 'rf_ic_toric', 'eventtype': 'IPS_LAUNCH_TASK', 'ok': True, 'walltime': '15562.00', 'time': '2025-08-19|14:17:54PDT', 'state': 'Running', 'comment': 'task_id = 16 , Tag = None , nproc = 24 , Target = srun -N 1 -n 24 -c 5 --threads-per-core=1 --cpu-bind=cores /global/common/software/atom/perlmutter/binaries/toric/default/Ptoric.e '}})
2025-08-19 14:17:54,129 rf_ic_toric_5   DEBUG    _get_service_response(REQUEST|fastran_FPP_000001@toric@5|FRAMEWORK@Framework@0|132)
2025-08-19 14:17:54,140 rf_ic_toric_5   DEBUG    _get_service_response(REQUEST|fastran_FPP_000001@toric@5|FRAMEWORK@Framework@0|132), response = ServiceResponseMessage(sender_id=FRAMEWORK@Framework@0, receiver_id=fastran_FPP_000001@toric@5, request_msg_id=REQUEST|fastran_FPP_000001@toric@5|FRAMEWORK@Framework@0|132,status=0, args=(None,), message_id=RESPONSE|FRAMEWORK@Framework@0|fastran_FPP_000001@toric@5|31023)
2025-08-19 14:22:56,483 rf_ic_toric_5   DEBUG    _invoke_service(): getTopic  ('_IPS_MONITOR',)
2025-08-19 14:22:56,483 rf_ic_toric_5   DEBUG    _get_service_response(REQUEST|fastran_FPP_000001@toric@5|FRAMEWORK@Framework@0|133)
2025-08-19 14:22:56,494 rf_ic_toric_5   DEBUG    _get_service_response(REQUEST|fastran_FPP_000001@toric@5|FRAMEWORK@Framework@0|133), response = ServiceResponseMessage(sender_id=FRAMEWORK@Framework@0, receiver_id=fastran_FPP_000001@toric@5, request_msg_id=REQUEST|fastran_FPP_000001@toric@5|FRAMEWORK@Framework@0|133,status=0, args=(<ipsframework.cca_es_spec.Topic object at 0x7f3a449c97c0>,), message_id=RESPONSE|FRAMEWORK@Framework@0|fastran_FPP_000001@toric@5|31616)
2025-08-19 14:22:56,494 rf_ic_toric_5   DEBUG    _invoke_service(): sendEvent  ('_IPS_MONITOR', 'PORTAL_EVENT', {'sim_name': 'fastran_FPP_000001', 'real_sim_name': 'fastran_FPP_000001', 'portal_data': {'code': 'rf_ic_toric', 'eventtype': 'IPS_TASK_END', 'ok': True, 'walltime': '15864.36', 'time': '2025-08-19|14:22:56PDT', 'trace': {'timestamp': 1755638274117559, 'duration': 302365573, 'localEndpoint': {'serviceName': '/global/common/software/atom/perlmutter/binaries/toric/default/Ptoric.e'}, 'name': '', 'id': 'a340df8447147b89', 'parentId': '93290435ddc97a47', 'tags': {'procs_requested': '24', 'cores_allocated': '128'}}, 'state': 'Running', 'comment': 'task_id = 16  elapsed time = 302.37 S'}})
2025-08-19 14:22:56,494 rf_ic_toric_5   DEBUG    _get_service_response(REQUEST|fastran_FPP_000001@toric@5|FRAMEWORK@Framework@0|134)
2025-08-19 14:22:56,505 rf_ic_toric_5   DEBUG    _get_service_response(REQUEST|fastran_FPP_000001@toric@5|FRAMEWORK@Framework@0|134), response = ServiceResponseMessage(sender_id=FRAMEWORK@Framework@0, receiver_id=fastran_FPP_000001@toric@5, request_msg_id=REQUEST|fastran_FPP_000001@toric@5|FRAMEWORK@Framework@0|134,status=0, args=(None,), message_id=RESPONSE|FRAMEWORK@Framework@0|fastran_FPP_000001@toric@5|31617)
2025-08-19 14:22:56,505 rf_ic_toric_5   DEBUG    _invoke_service(): finish_task  (16, 0)
2025-08-19 14:22:56,505 rf_ic_toric_5   DEBUG    _get_service_response(REQUEST|fastran_FPP_000001@toric@5|FRAMEWORK@Framework@0|135)
2025-08-19 14:22:56,516 rf_ic_toric_5   DEBUG    _get_service_response(REQUEST|fastran_FPP_000001@toric@5|FRAMEWORK@Framework@0|135), response = ServiceResponseMessage(sender_id=FRAMEWORK@Framework@0, receiver_id=fastran_FPP_000001@toric@5, request_msg_id=REQUEST|fastran_FPP_000001@toric@5|FRAMEWORK@Framework@0|135,status=0, args=(0,), message_id=RESPONSE|FRAMEWORK@Framework@0|fastran_FPP_000001@toric@5|31618)
2025-08-19 14:22:56,687 rf_ic_toric_5   DEBUG    _invoke_service(): merge_current_plasma_state  ('/pscratch/sd/h/hswils/github_repos/MANTA_DBSCANS/basecase/SCAN/work/rf_ic_toric_5/RF_IC_s000001.00001', '/pscratch/sd/h/hswils/github_repos/MANTA_DBSCANS/basecase/SCAN/work/plasma_state/s000001.00001', 'log.update_state', '/global/common/software/atom/perlmutter/binaries/update-state/default/update_state')
2025-08-19 14:22:56,687 rf_ic_toric_5   DEBUG    _get_service_response(REQUEST|fastran_FPP_000001@toric@5|FRAMEWORK@Framework@0|136)
2025-08-19 14:22:56,840 rf_ic_toric_5   DEBUG    _get_service_response(REQUEST|fastran_FPP_000001@toric@5|FRAMEWORK@Framework@0|136), response = ServiceResponseMessage(sender_id=FRAMEWORK@Framework@0, receiver_id=fastran_FPP_000001@toric@5, request_msg_id=REQUEST|fastran_FPP_000001@toric@5|FRAMEWORK@Framework@0|136,status=0, args=(0,), message_id=RESPONSE|FRAMEWORK@Framework@0|fastran_FPP_000001@toric@5|31619)
2025-08-19 14:22:56,840 rf_ic_toric_5   DEBUG    _invoke_service(): getTopic  ('_IPS_MONITOR',)
2025-08-19 14:22:56,840 rf_ic_toric_5   DEBUG    _get_service_response(REQUEST|fastran_FPP_000001@toric@5|FRAMEWORK@Framework@0|137)
2025-08-19 14:22:56,850 rf_ic_toric_5   DEBUG    _get_service_response(REQUEST|fastran_FPP_000001@toric@5|FRAMEWORK@Framework@0|137), response = ServiceResponseMessage(sender_id=FRAMEWORK@Framework@0, receiver_id=fastran_FPP_000001@toric@5, request_msg_id=REQUEST|fastran_FPP_000001@toric@5|FRAMEWORK@Framework@0|137,status=0, args=(<ipsframework.cca_es_spec.Topic object at 0x7f3a449c95e0>,), message_id=RESPONSE|FRAMEWORK@Framework@0|fastran_FPP_000001@toric@5|31620)
2025-08-19 14:22:56,850 rf_ic_toric_5   DEBUG    _invoke_service(): sendEvent  ('_IPS_MONITOR', 'PORTAL_EVENT', {'sim_name': 'fastran_FPP_000001', 'real_sim_name': 'fastran_FPP_000001', 'portal_data': {'code': 'rf_ic_toric', 'eventtype': 'IPS_MERGE_PLASMA_STATE', 'ok': True, 'walltime': '15864.72', 'time': '2025-08-19|14:22:56PDT', 'state': 'Running', 'comment': 'Success'}})
2025-08-19 14:22:56,851 rf_ic_toric_5   DEBUG    _get_service_response(REQUEST|fastran_FPP_000001@toric@5|FRAMEWORK@Framework@0|138)
2025-08-19 14:22:56,861 rf_ic_toric_5   DEBUG    _get_service_response(REQUEST|fastran_FPP_000001@toric@5|FRAMEWORK@Framework@0|138), response = ServiceResponseMessage(sender_id=FRAMEWORK@Framework@0, receiver_id=fastran_FPP_000001@toric@5, request_msg_id=REQUEST|fastran_FPP_000001@toric@5|FRAMEWORK@Framework@0|138,status=0, args=(None,), message_id=RESPONSE|FRAMEWORK@Framework@0|fastran_FPP_000001@toric@5|31621)
2025-08-19 14:22:56,961 rf_ic_toric_5   DEBUG    _invoke_service(): getTopic  ('_IPS_MONITOR',)
2025-08-19 14:22:56,961 rf_ic_toric_5   DEBUG    _get_service_response(REQUEST|fastran_FPP_000001@toric@5|FRAMEWORK@Framework@0|139)
2025-08-19 14:22:56,972 rf_ic_toric_5   DEBUG    _get_service_response(REQUEST|fastran_FPP_000001@toric@5|FRAMEWORK@Framework@0|139), response = ServiceResponseMessage(sender_id=FRAMEWORK@Framework@0, receiver_id=fastran_FPP_000001@toric@5, request_msg_id=REQUEST|fastran_FPP_000001@toric@5|FRAMEWORK@Framework@0|139,status=0, args=(<ipsframework.cca_es_spec.Topic object at 0x7f3a449c9640>,), message_id=RESPONSE|FRAMEWORK@Framework@0|fastran_FPP_000001@toric@5|31623)
2025-08-19 14:22:56,972 rf_ic_toric_5   DEBUG    _invoke_service(): sendEvent  ('_IPS_MONITOR', 'PORTAL_EVENT', {'sim_name': 'fastran_FPP_000001', 'real_sim_name': 'fastran_FPP_000001', 'portal_data': {'code': 'rf_ic_toric', 'eventtype': 'IPS_STAGE_OUTPUTS', 'ok': True, 'walltime': '15864.84', 'time': '2025-08-19|14:22:56PDT', 'trace': {'timestamp': 1755638576861945, 'duration': 98815, 'localEndpoint': {'serviceName': 'stage_output_files'}, 'name': "['torica.inp', 'machine.inp', 'log.toric', 'toric.nc', 'profstat.dat', 'equigs.data', 'equidt.data', 'toric_cfg.nc']", 'id': '749f5c33ef51fb56', 'parentId': '93290435ddc97a47', 'tags': {}}, 'state': 'Running', 'comment': "Elapsed time = 0.099 Path = /pscratch/sd/h/hswils/github_repos/MANTA_DBSCANS/basecase/SCAN/simulation_results/7/components/rf_ic_toric_5 Files = ['torica.inp', 'machine.inp', 'log.toric', 'toric.nc', 'profstat.dat', 'equigs.data', 'equidt.data', 'toric_cfg.nc']"}})
2025-08-19 14:22:56,973 rf_ic_toric_5   DEBUG    _get_service_response(REQUEST|fastran_FPP_000001@toric@5|FRAMEWORK@Framework@0|140)
2025-08-19 14:22:56,983 rf_ic_toric_5   DEBUG    _get_service_response(REQUEST|fastran_FPP_000001@toric@5|FRAMEWORK@Framework@0|140), response = ServiceResponseMessage(sender_id=FRAMEWORK@Framework@0, receiver_id=fastran_FPP_000001@toric@5, request_msg_id=REQUEST|fastran_FPP_000001@toric@5|FRAMEWORK@Framework@0|140,status=0, args=(None,), message_id=RESPONSE|FRAMEWORK@Framework@0|fastran_FPP_000001@toric@5|31624)
2025-08-19 14:22:56,994 fastran_driver_fastran_driver_2 DEBUG    _get_service_response(REQUEST|fastran_FPP_000001@fastran_driver@2|FRAMEWORK@Framework@0|258), response = ServiceResponseMessage(sender_id=FRAMEWORK@Framework@0, receiver_id=fastran_FPP_000001@fastran_driver@2, request_msg_id=REQUEST|fastran_FPP_000001@fastran_driver@2|FRAMEWORK@Framework@0|258,status=0, args=((0,),), message_id=RESPONSE|FRAMEWORK@Framework@0|fastran_FPP_000001@fastran_driver@2|31625)
2025-08-19 14:22:56,994 fastran_driver_fastran_driver_2 DEBUG    _invoke_service(): getTopic  ('_IPS_MONITOR',)
2025-08-19 14:22:56,994 fastran_driver_fastran_driver_2 DEBUG    _get_service_response(REQUEST|fastran_FPP_000001@fastran_driver@2|FRAMEWORK@Framework@0|259)
2025-08-19 14:22:57,005 fastran_driver_fastran_driver_2 DEBUG    _get_service_response(REQUEST|fastran_FPP_000001@fastran_driver@2|FRAMEWORK@Framework@0|259), response = ServiceResponseMessage(sender_id=FRAMEWORK@Framework@0, receiver_id=fastran_FPP_000001@fastran_driver@2, request_msg_id=REQUEST|fastran_FPP_000001@fastran_driver@2|FRAMEWORK@Framework@0|259,status=0, args=(<ipsframework.cca_es_spec.Topic object at 0x7f3a44a205b0>,), message_id=RESPONSE|FRAMEWORK@Framework@0|fastran_FPP_000001@fastran_driver@2|31626)
2025-08-19 14:22:57,005 fastran_driver_fastran_driver_2 DEBUG    _invoke_service(): sendEvent  ('_IPS_MONITOR', 'PORTAL_EVENT', {'sim_name': 'fastran_FPP_000001', 'real_sim_name': 'fastran_FPP_000001', 'portal_data': {'code': 'fastran_driver_fastran_driver', 'eventtype': 'IPS_CALL_END', 'ok': True, 'walltime': '15864.87', 'time': '2025-08-19|14:22:56PDT', 'trace': {'timestamp': 1755638273779003, 'duration': 303215353, 'localEndpoint': {'serviceName': 'fastran_FPP_000001@toric@5'}, 'name': 'step(7)', 'id': '93290435ddc97a47', 'parentId': 'f899e3e5886669ce', 'tags': {}}, 'state': 'Running', 'comment': 'Target = fastran_FPP_000001@toric@5:step(7)'}})
2025-08-19 14:22:57,005 fastran_driver_fastran_driver_2 DEBUG    _get_service_response(REQUEST|fastran_FPP_000001@fastran_driver@2|FRAMEWORK@Framework@0|260)
2025-08-19 14:22:57,016 fastran_driver_fastran_driver_2 DEBUG    _get_service_response(REQUEST|fastran_FPP_000001@fastran_driver@2|FRAMEWORK@Framework@0|260), response = ServiceResponseMessage(sender_id=FRAMEWORK@Framework@0, receiver_id=fastran_FPP_000001@fastran_driver@2, request_msg_id=REQUEST|fastran_FPP_000001@fastran_driver@2|FRAMEWORK@Framework@0|260,status=0, args=(None,), message_id=RESPONSE|FRAMEWORK@Framework@0|fastran_FPP_000001@fastran_driver@2|31627)
2025-08-19 14:22:57,017 fastran_driver_fastran_driver_2 DEBUG    _invoke_service(): getTopic  ('_IPS_MONITOR',)
2025-08-19 14:22:57,017 fastran_driver_fastran_driver_2 DEBUG    _get_service_response(REQUEST|fastran_FPP_000001@fastran_driver@2|FRAMEWORK@Framework@0|261)
2025-08-19 14:22:57,027 fastran_driver_fastran_driver_2 DEBUG    _get_service_response(REQUEST|fastran_FPP_000001@fastran_driver@2|FRAMEWORK@Framework@0|261), response = ServiceResponseMessage(sender_id=FRAMEWORK@Framework@0, receiver_id=fastran_FPP_000001@fastran_driver@2, request_msg_id=REQUEST|fastran_FPP_000001@fastran_driver@2|FRAMEWORK@Framework@0|261,status=0, args=(<ipsframework.cca_es_spec.Topic object at 0x7f3a44a20130>,), message_id=RESPONSE|FRAMEWORK@Framework@0|fastran_FPP_000001@fastran_driver@2|31628)
2025-08-19 14:22:57,028 fastran_driver_fastran_driver_2 DEBUG    _invoke_service(): sendEvent  ('_IPS_MONITOR', 'PORTAL_EVENT', {'sim_name': 'fastran_FPP_000001', 'real_sim_name': 'fastran_FPP_000001', 'portal_data': {'code': 'fastran_driver_fastran_driver', 'eventtype': 'IPS_CALL_BEGIN', 'ok': True, 'walltime': '15864.90', 'time': '2025-08-19|14:22:57PDT', 'state': 'Running', 'comment': 'Target = fastran_FPP_000001@efit@6:step(7)'}})
2025-08-19 14:22:57,028 fastran_driver_fastran_driver_2 DEBUG    _get_service_response(REQUEST|fastran_FPP_000001@fastran_driver@2|FRAMEWORK@Framework@0|262)
2025-08-19 14:22:57,039 fastran_driver_fastran_driver_2 DEBUG    _get_service_response(REQUEST|fastran_FPP_000001@fastran_driver@2|FRAMEWORK@Framework@0|262), response = ServiceResponseMessage(sender_id=FRAMEWORK@Framework@0, receiver_id=fastran_FPP_000001@fastran_driver@2, request_msg_id=REQUEST|fastran_FPP_000001@fastran_driver@2|FRAMEWORK@Framework@0|262,status=0, args=(None,), message_id=RESPONSE|FRAMEWORK@Framework@0|fastran_FPP_000001@fastran_driver@2|31629)
2025-08-19 14:22:57,039 fastran_driver_fastran_driver_2 DEBUG    _invoke_service(): init_call  ('step', 7)
2025-08-19 14:22:57,039 fastran_driver_fastran_driver_2 DEBUG    _get_service_response(REQUEST|fastran_FPP_000001@fastran_driver@2|FRAMEWORK@Framework@0|263)
2025-08-19 14:22:57,040 fastran_eq_efit_6 DEBUG    Received Message 
2025-08-19 14:22:57,040 fastran_eq_efit_6 DEBUG    Calling method step(7)
2025-08-19 14:22:57,040 fastran_eq_efit_6 DEBUG    _invoke_service(): stage_state  (['s000001.00001', 'g000001.00001', 'i000001.00001'], '/pscratch/sd/h/hswils/github_repos/MANTA_DBSCANS/basecase/SCAN/work/plasma_state', '/pscratch/sd/h/hswils/github_repos/MANTA_DBSCANS/basecase/SCAN/work/fastran_eq_efit_6')
2025-08-19 14:22:57,040 fastran_eq_efit_6 DEBUG    _get_service_response(REQUEST|fastran_FPP_000001@efit@6|FRAMEWORK@Framework@0|56)
2025-08-19 14:22:57,050 fastran_driver_fastran_driver_2 DEBUG    _get_service_response(REQUEST|fastran_FPP_000001@fastran_driver@2|FRAMEWORK@Framework@0|263), response = ServiceResponseMessage(sender_id=FRAMEWORK@Framework@0, receiver_id=fastran_FPP_000001@fastran_driver@2, request_msg_id=REQUEST|fastran_FPP_000001@fastran_driver@2|FRAMEWORK@Framework@0|263,status=0, args=(40,), message_id=RESPONSE|FRAMEWORK@Framework@0|fastran_FPP_000001@fastran_driver@2|31630)
2025-08-19 14:22:57,050 fastran_driver_fastran_driver_2 DEBUG    _invoke_service(): wait_call  (40, True)
2025-08-19 14:22:57,050 fastran_driver_fastran_driver_2 DEBUG    _get_service_response(REQUEST|fastran_FPP_000001@fastran_driver@2|FRAMEWORK@Framework@0|264)
2025-08-19 14:22:57,062 fastran_eq_efit_6 DEBUG    _get_service_response(REQUEST|fastran_FPP_000001@efit@6|FRAMEWORK@Framework@0|56), response = ServiceResponseMessage(sender_id=FRAMEWORK@Framework@0, receiver_id=fastran_FPP_000001@efit@6, request_msg_id=REQUEST|fastran_FPP_000001@efit@6|FRAMEWORK@Framework@0|56,status=0, args=(0,), message_id=RESPONSE|FRAMEWORK@Framework@0|fastran_FPP_000001@efit@6|31631)
2025-08-19 14:22:57,062 fastran_eq_efit_6 DEBUG    _invoke_service(): getTopic  ('_IPS_MONITOR',)
2025-08-19 14:22:57,062 fastran_eq_efit_6 DEBUG    _get_service_response(REQUEST|fastran_FPP_000001@efit@6|FRAMEWORK@Framework@0|57)
2025-08-19 14:22:57,073 fastran_eq_efit_6 DEBUG    _get_service_response(REQUEST|fastran_FPP_000001@efit@6|FRAMEWORK@Framework@0|57), response = ServiceResponseMessage(sender_id=FRAMEWORK@Framework@0, receiver_id=fastran_FPP_000001@efit@6, request_msg_id=REQUEST|fastran_FPP_000001@efit@6|FRAMEWORK@Framework@0|57,status=0, args=(<ipsframework.cca_es_spec.Topic object at 0x7f3a449f5f10>,), message_id=RESPONSE|FRAMEWORK@Framework@0|fastran_FPP_000001@efit@6|31632)
2025-08-19 14:22:57,073 fastran_eq_efit_6 DEBUG    _invoke_service(): sendEvent  ('_IPS_MONITOR', 'PORTAL_EVENT', {'sim_name': 'fastran_FPP_000001', 'real_sim_name': 'fastran_FPP_000001', 'portal_data': {'code': 'fastran_eq_efit', 'eventtype': 'IPS_STAGE_STATE', 'ok': True, 'walltime': '15864.94', 'time': '2025-08-19|14:22:57PDT', 'trace': {'timestamp': 1755638577040707, 'duration': 21611, 'localEndpoint': {'serviceName': 'stage_state'}, 'name': "['s000001.00001', 'g000001.00001', 'i000001.00001']", 'id': '71885aecf25d7412', 'parentId': '0b2e90094cb02931', 'tags': {}}, 'state': 'Running', 'comment': 'Elapsed time = 0.022  files = s000001.00001 g000001.00001 i000001.00001 Success'}})
2025-08-19 14:22:57,073 fastran_eq_efit_6 DEBUG    _get_service_response(REQUEST|fastran_FPP_000001@efit@6|FRAMEWORK@Framework@0|58)
2025-08-19 14:22:57,084 fastran_eq_efit_6 DEBUG    _get_service_response(REQUEST|fastran_FPP_000001@efit@6|FRAMEWORK@Framework@0|58), response = ServiceResponseMessage(sender_id=FRAMEWORK@Framework@0, receiver_id=fastran_FPP_000001@efit@6, request_msg_id=REQUEST|fastran_FPP_000001@efit@6|FRAMEWORK@Framework@0|58,status=0, args=(None,), message_id=RESPONSE|FRAMEWORK@Framework@0|fastran_FPP_000001@efit@6|31633)
2025-08-19 14:22:59,717 fastran_eq_efit_6 DEBUG    _invoke_service(): update_state  (['s000001.00001', 'g000001.00001', 'i000001.00001'], '/pscratch/sd/h/hswils/github_repos/MANTA_DBSCANS/basecase/SCAN/work/fastran_eq_efit_6', '/pscratch/sd/h/hswils/github_repos/MANTA_DBSCANS/basecase/SCAN/work/plasma_state')
2025-08-19 14:22:59,717 fastran_eq_efit_6 DEBUG    _get_service_response(REQUEST|fastran_FPP_000001@efit@6|FRAMEWORK@Framework@0|59)
2025-08-19 14:22:59,738 fastran_eq_efit_6 DEBUG    _get_service_response(REQUEST|fastran_FPP_000001@efit@6|FRAMEWORK@Framework@0|59), response = ServiceResponseMessage(sender_id=FRAMEWORK@Framework@0, receiver_id=fastran_FPP_000001@efit@6, request_msg_id=REQUEST|fastran_FPP_000001@efit@6|FRAMEWORK@Framework@0|59,status=0, args=(0,), message_id=RESPONSE|FRAMEWORK@Framework@0|fastran_FPP_000001@efit@6|31639)
2025-08-19 14:22:59,739 fastran_eq_efit_6 DEBUG    _invoke_service(): getTopic  ('_IPS_MONITOR',)
2025-08-19 14:22:59,739 fastran_eq_efit_6 DEBUG    _get_service_response(REQUEST|fastran_FPP_000001@efit@6|FRAMEWORK@Framework@0|60)
2025-08-19 14:22:59,750 fastran_eq_efit_6 DEBUG    _get_service_response(REQUEST|fastran_FPP_000001@efit@6|FRAMEWORK@Framework@0|60), response = ServiceResponseMessage(sender_id=FRAMEWORK@Framework@0, receiver_id=fastran_FPP_000001@efit@6, request_msg_id=REQUEST|fastran_FPP_000001@efit@6|FRAMEWORK@Framework@0|60,status=0, args=(<ipsframework.cca_es_spec.Topic object at 0x7f3a449d42b0>,), message_id=RESPONSE|FRAMEWORK@Framework@0|fastran_FPP_000001@efit@6|31640)
2025-08-19 14:22:59,750 fastran_eq_efit_6 DEBUG    _invoke_service(): sendEvent  ('_IPS_MONITOR', 'PORTAL_EVENT', {'sim_name': 'fastran_FPP_000001', 'real_sim_name': 'fastran_FPP_000001', 'portal_data': {'code': 'fastran_eq_efit', 'eventtype': 'IPS_UPDATE_STATE', 'ok': True, 'walltime': '15867.62', 'time': '2025-08-19|14:22:59PDT', 'trace': {'timestamp': 1755638579717261, 'duration': 21799, 'localEndpoint': {'serviceName': 'update_state'}, 'name': "['s000001.00001', 'g000001.00001', 'i000001.00001']", 'id': '7629e189a66153c0', 'parentId': '0b2e90094cb02931', 'tags': {}}, 'state': 'Running', 'comment': 'Elapsed time = 0.022   files = s000001.00001 g000001.00001 i000001.00001 Success'}})
2025-08-19 14:22:59,750 fastran_eq_efit_6 DEBUG    _get_service_response(REQUEST|fastran_FPP_000001@efit@6|FRAMEWORK@Framework@0|61)
2025-08-19 14:22:59,761 fastran_eq_efit_6 DEBUG    _get_service_response(REQUEST|fastran_FPP_000001@efit@6|FRAMEWORK@Framework@0|61), response = ServiceResponseMessage(sender_id=FRAMEWORK@Framework@0, receiver_id=fastran_FPP_000001@efit@6, request_msg_id=REQUEST|fastran_FPP_000001@efit@6|FRAMEWORK@Framework@0|61,status=0, args=(None,), message_id=RESPONSE|FRAMEWORK@Framework@0|fastran_FPP_000001@efit@6|31641)
2025-08-19 14:22:59,784 fastran_eq_efit_6 DEBUG    _invoke_service(): getTopic  ('_IPS_MONITOR',)
2025-08-19 14:22:59,784 fastran_eq_efit_6 DEBUG    _get_service_response(REQUEST|fastran_FPP_000001@efit@6|FRAMEWORK@Framework@0|62)
2025-08-19 14:22:59,795 fastran_eq_efit_6 DEBUG    _get_service_response(REQUEST|fastran_FPP_000001@efit@6|FRAMEWORK@Framework@0|62), response = ServiceResponseMessage(sender_id=FRAMEWORK@Framework@0, receiver_id=fastran_FPP_000001@efit@6, request_msg_id=REQUEST|fastran_FPP_000001@efit@6|FRAMEWORK@Framework@0|62,status=0, args=(<ipsframework.cca_es_spec.Topic object at 0x7f3a449d4970>,), message_id=RESPONSE|FRAMEWORK@Framework@0|fastran_FPP_000001@efit@6|31642)
2025-08-19 14:22:59,795 fastran_eq_efit_6 DEBUG    _invoke_service(): sendEvent  ('_IPS_MONITOR', 'PORTAL_EVENT', {'sim_name': 'fastran_FPP_000001', 'real_sim_name': 'fastran_FPP_000001', 'portal_data': {'code': 'fastran_eq_efit', 'eventtype': 'IPS_STAGE_OUTPUTS', 'ok': True, 'walltime': '15867.66', 'time': '2025-08-19|14:22:59PDT', 'trace': {'timestamp': 1755638579761625, 'duration': 22870, 'localEndpoint': {'serviceName': 'stage_output_files'}, 'name': "['g*.*', 'a*.*', 'm*.*', 'k*.*', 'efit.log', 's*.*']", 'id': '80725d8eee5776f1', 'parentId': '0b2e90094cb02931', 'tags': {}}, 'state': 'Running', 'comment': "Elapsed time = 0.023 Path = /pscratch/sd/h/hswils/github_repos/MANTA_DBSCANS/basecase/SCAN/simulation_results/7/components/fastran_eq_efit_6 Files = ['g*.*', 'a*.*', 'm*.*', 'k*.*', 'efit.log', 's*.*']"}})
2025-08-19 14:22:59,795 fastran_eq_efit_6 DEBUG    _get_service_response(REQUEST|fastran_FPP_000001@efit@6|FRAMEWORK@Framework@0|63)
2025-08-19 14:22:59,806 fastran_eq_efit_6 DEBUG    _get_service_response(REQUEST|fastran_FPP_000001@efit@6|FRAMEWORK@Framework@0|63), response = ServiceResponseMessage(sender_id=FRAMEWORK@Framework@0, receiver_id=fastran_FPP_000001@efit@6, request_msg_id=REQUEST|fastran_FPP_000001@efit@6|FRAMEWORK@Framework@0|63,status=0, args=(None,), message_id=RESPONSE|FRAMEWORK@Framework@0|fastran_FPP_000001@efit@6|31643)
2025-08-19 14:22:59,818 fastran_driver_fastran_driver_2 DEBUG    _get_service_response(REQUEST|fastran_FPP_000001@fastran_driver@2|FRAMEWORK@Framework@0|264), response = ServiceResponseMessage(sender_id=FRAMEWORK@Framework@0, receiver_id=fastran_FPP_000001@fastran_driver@2, request_msg_id=REQUEST|fastran_FPP_000001@fastran_driver@2|FRAMEWORK@Framework@0|264,status=0, args=((None,),), message_id=RESPONSE|FRAMEWORK@Framework@0|fastran_FPP_000001@fastran_driver@2|31644)
2025-08-19 14:22:59,819 fastran_driver_fastran_driver_2 DEBUG    _invoke_service(): getTopic  ('_IPS_MONITOR',)
2025-08-19 14:22:59,819 fastran_driver_fastran_driver_2 DEBUG    _get_service_response(REQUEST|fastran_FPP_000001@fastran_driver@2|FRAMEWORK@Framework@0|265)
2025-08-19 14:22:59,830 fastran_driver_fastran_driver_2 DEBUG    _get_service_response(REQUEST|fastran_FPP_000001@fastran_driver@2|FRAMEWORK@Framework@0|265), response = ServiceResponseMessage(sender_id=FRAMEWORK@Framework@0, receiver_id=fastran_FPP_000001@fastran_driver@2, request_msg_id=REQUEST|fastran_FPP_000001@fastran_driver@2|FRAMEWORK@Framework@0|265,status=0, args=(<ipsframework.cca_es_spec.Topic object at 0x7f3a44a20ac0>,), message_id=RESPONSE|FRAMEWORK@Framework@0|fastran_FPP_000001@fastran_driver@2|31645)
2025-08-19 14:22:59,830 fastran_driver_fastran_driver_2 DEBUG    _invoke_service(): sendEvent  ('_IPS_MONITOR', 'PORTAL_EVENT', {'sim_name': 'fastran_FPP_000001', 'real_sim_name': 'fastran_FPP_000001', 'portal_data': {'code': 'fastran_driver_fastran_driver', 'eventtype': 'IPS_CALL_END', 'ok': True, 'walltime': '15867.70', 'time': '2025-08-19|14:22:59PDT', 'trace': {'timestamp': 1755638577050202, 'duration': 2768800, 'localEndpoint': {'serviceName': 'fastran_FPP_000001@efit@6'}, 'name': 'step(7)', 'id': '0b2e90094cb02931', 'parentId': 'f899e3e5886669ce', 'tags': {}}, 'state': 'Running', 'comment': 'Target = fastran_FPP_000001@efit@6:step(7)'}})
2025-08-19 14:22:59,830 fastran_driver_fastran_driver_2 DEBUG    _get_service_response(REQUEST|fastran_FPP_000001@fastran_driver@2|FRAMEWORK@Framework@0|266)
2025-08-19 14:22:59,841 fastran_driver_fastran_driver_2 DEBUG    _get_service_response(REQUEST|fastran_FPP_000001@fastran_driver@2|FRAMEWORK@Framework@0|266), response = ServiceResponseMessage(sender_id=FRAMEWORK@Framework@0, receiver_id=fastran_FPP_000001@fastran_driver@2, request_msg_id=REQUEST|fastran_FPP_000001@fastran_driver@2|FRAMEWORK@Framework@0|266,status=0, args=(None,), message_id=RESPONSE|FRAMEWORK@Framework@0|fastran_FPP_000001@fastran_driver@2|31646)
2025-08-19 14:22:59,841 fastran_driver_fastran_driver_2 DEBUG    _invoke_service(): getTopic  ('_IPS_MONITOR',)
2025-08-19 14:22:59,841 fastran_driver_fastran_driver_2 DEBUG    _get_service_response(REQUEST|fastran_FPP_000001@fastran_driver@2|FRAMEWORK@Framework@0|267)
2025-08-19 14:22:59,852 fastran_driver_fastran_driver_2 DEBUG    _get_service_response(REQUEST|fastran_FPP_000001@fastran_driver@2|FRAMEWORK@Framework@0|267), response = ServiceResponseMessage(sender_id=FRAMEWORK@Framework@0, receiver_id=fastran_FPP_000001@fastran_driver@2, request_msg_id=REQUEST|fastran_FPP_000001@fastran_driver@2|FRAMEWORK@Framework@0|267,status=0, args=(<ipsframework.cca_es_spec.Topic object at 0x7f3a44a20100>,), message_id=RESPONSE|FRAMEWORK@Framework@0|fastran_FPP_000001@fastran_driver@2|31647)
2025-08-19 14:22:59,852 fastran_driver_fastran_driver_2 DEBUG    _invoke_service(): sendEvent  ('_IPS_MONITOR', 'PORTAL_EVENT', {'sim_name': 'fastran_FPP_000001', 'real_sim_name': 'fastran_FPP_000001', 'portal_data': {'code': 'fastran_driver_fastran_driver', 'eventtype': 'IPS_CALL_BEGIN', 'ok': True, 'walltime': '15867.72', 'time': '2025-08-19|14:22:59PDT', 'state': 'Running', 'comment': 'Target = fastran_FPP_000001@fastran@7:step(7)'}})
2025-08-19 14:22:59,852 fastran_driver_fastran_driver_2 DEBUG    _get_service_response(REQUEST|fastran_FPP_000001@fastran_driver@2|FRAMEWORK@Framework@0|268)
2025-08-19 14:22:59,863 fastran_driver_fastran_driver_2 DEBUG    _get_service_response(REQUEST|fastran_FPP_000001@fastran_driver@2|FRAMEWORK@Framework@0|268), response = ServiceResponseMessage(sender_id=FRAMEWORK@Framework@0, receiver_id=fastran_FPP_000001@fastran_driver@2, request_msg_id=REQUEST|fastran_FPP_000001@fastran_driver@2|FRAMEWORK@Framework@0|268,status=0, args=(None,), message_id=RESPONSE|FRAMEWORK@Framework@0|fastran_FPP_000001@fastran_driver@2|31648)
2025-08-19 14:22:59,863 fastran_driver_fastran_driver_2 DEBUG    _invoke_service(): init_call  ('step', 7)
2025-08-19 14:22:59,863 fastran_driver_fastran_driver_2 DEBUG    _get_service_response(REQUEST|fastran_FPP_000001@fastran_driver@2|FRAMEWORK@Framework@0|269)
2025-08-19 14:22:59,864 fastran_tr_fastran_7 DEBUG    Received Message 
2025-08-19 14:22:59,864 fastran_tr_fastran_7 DEBUG    Calling method step(7)
2025-08-19 14:22:59,864 fastran_tr_fastran_7 DEBUG    _invoke_service(): stage_state  (['s000001.00001', 'g000001.00001', 'i000001.00001'], '/pscratch/sd/h/hswils/github_repos/MANTA_DBSCANS/basecase/SCAN/work/plasma_state', '/pscratch/sd/h/hswils/github_repos/MANTA_DBSCANS/basecase/SCAN/work/fastran_tr_fastran_7')
2025-08-19 14:22:59,865 fastran_tr_fastran_7 DEBUG    _get_service_response(REQUEST|fastran_FPP_000001@fastran@7|FRAMEWORK@Framework@0|112)
2025-08-19 14:22:59,874 fastran_driver_fastran_driver_2 DEBUG    _get_service_response(REQUEST|fastran_FPP_000001@fastran_driver@2|FRAMEWORK@Framework@0|269), response = ServiceResponseMessage(sender_id=FRAMEWORK@Framework@0, receiver_id=fastran_FPP_000001@fastran_driver@2, request_msg_id=REQUEST|fastran_FPP_000001@fastran_driver@2|FRAMEWORK@Framework@0|269,status=0, args=(41,), message_id=RESPONSE|FRAMEWORK@Framework@0|fastran_FPP_000001@fastran_driver@2|31649)
2025-08-19 14:22:59,874 fastran_driver_fastran_driver_2 DEBUG    _invoke_service(): wait_call  (41, True)
2025-08-19 14:22:59,875 fastran_driver_fastran_driver_2 DEBUG    _get_service_response(REQUEST|fastran_FPP_000001@fastran_driver@2|FRAMEWORK@Framework@0|270)
2025-08-19 14:22:59,885 fastran_tr_fastran_7 DEBUG    _get_service_response(REQUEST|fastran_FPP_000001@fastran@7|FRAMEWORK@Framework@0|112), response = ServiceResponseMessage(sender_id=FRAMEWORK@Framework@0, receiver_id=fastran_FPP_000001@fastran@7, request_msg_id=REQUEST|fastran_FPP_000001@fastran@7|FRAMEWORK@Framework@0|112,status=0, args=(0,), message_id=RESPONSE|FRAMEWORK@Framework@0|fastran_FPP_000001@fastran@7|31650)
2025-08-19 14:22:59,886 fastran_tr_fastran_7 DEBUG    _invoke_service(): getTopic  ('_IPS_MONITOR',)
2025-08-19 14:22:59,886 fastran_tr_fastran_7 DEBUG    _get_service_response(REQUEST|fastran_FPP_000001@fastran@7|FRAMEWORK@Framework@0|113)
2025-08-19 14:22:59,896 fastran_tr_fastran_7 DEBUG    _get_service_response(REQUEST|fastran_FPP_000001@fastran@7|FRAMEWORK@Framework@0|113), response = ServiceResponseMessage(sender_id=FRAMEWORK@Framework@0, receiver_id=fastran_FPP_000001@fastran@7, request_msg_id=REQUEST|fastran_FPP_000001@fastran@7|FRAMEWORK@Framework@0|113,status=0, args=(<ipsframework.cca_es_spec.Topic object at 0x7f3a4493d8b0>,), message_id=RESPONSE|FRAMEWORK@Framework@0|fastran_FPP_000001@fastran@7|31651)
2025-08-19 14:22:59,896 fastran_tr_fastran_7 DEBUG    _invoke_service(): sendEvent  ('_IPS_MONITOR', 'PORTAL_EVENT', {'sim_name': 'fastran_FPP_000001', 'real_sim_name': 'fastran_FPP_000001', 'portal_data': {'code': 'fastran_tr_fastran', 'eventtype': 'IPS_STAGE_STATE', 'ok': True, 'walltime': '15867.76', 'time': '2025-08-19|14:22:59PDT', 'trace': {'timestamp': 1755638579864856, 'duration': 21056, 'localEndpoint': {'serviceName': 'stage_state'}, 'name': "['s000001.00001', 'g000001.00001', 'i000001.00001']", 'id': '71885aecf25d7412', 'parentId': '8c63b32ed90b3767', 'tags': {}}, 'state': 'Running', 'comment': 'Elapsed time = 0.021  files = s000001.00001 g000001.00001 i000001.00001 Success'}})
2025-08-19 14:22:59,896 fastran_tr_fastran_7 DEBUG    _get_service_response(REQUEST|fastran_FPP_000001@fastran@7|FRAMEWORK@Framework@0|114)
2025-08-19 14:22:59,907 fastran_tr_fastran_7 DEBUG    _get_service_response(REQUEST|fastran_FPP_000001@fastran@7|FRAMEWORK@Framework@0|114), response = ServiceResponseMessage(sender_id=FRAMEWORK@Framework@0, receiver_id=fastran_FPP_000001@fastran@7, request_msg_id=REQUEST|fastran_FPP_000001@fastran@7|FRAMEWORK@Framework@0|114,status=0, args=(None,), message_id=RESPONSE|FRAMEWORK@Framework@0|fastran_FPP_000001@fastran@7|31652)
2025-08-19 14:22:59,915 fastran_tr_fastran_7 DEBUG    _invoke_service(): getTopic  ('_IPS_MONITOR',)
2025-08-19 14:22:59,915 fastran_tr_fastran_7 DEBUG    _get_service_response(REQUEST|fastran_FPP_000001@fastran@7|FRAMEWORK@Framework@0|115)
2025-08-19 14:22:59,926 fastran_tr_fastran_7 DEBUG    _get_service_response(REQUEST|fastran_FPP_000001@fastran@7|FRAMEWORK@Framework@0|115), response = ServiceResponseMessage(sender_id=FRAMEWORK@Framework@0, receiver_id=fastran_FPP_000001@fastran@7, request_msg_id=REQUEST|fastran_FPP_000001@fastran@7|FRAMEWORK@Framework@0|115,status=0, args=(<ipsframework.cca_es_spec.Topic object at 0x7f3a4493d790>,), message_id=RESPONSE|FRAMEWORK@Framework@0|fastran_FPP_000001@fastran@7|31653)
2025-08-19 14:22:59,926 fastran_tr_fastran_7 DEBUG    _invoke_service(): sendEvent  ('_IPS_MONITOR', 'PORTAL_EVENT', {'sim_name': 'fastran_FPP_000001', 'real_sim_name': 'fastran_FPP_000001', 'portal_data': {'code': 'fastran_tr_fastran', 'eventtype': 'IPS_STAGE_INPUTS', 'ok': True, 'walltime': '15867.79', 'time': '2025-08-19|14:22:59PDT', 'trace': {'timestamp': 1755638579907866, 'duration': 7838, 'localEndpoint': {'serviceName': 'stage_input_files'}, 'name': 'infastran intglf', 'id': '5ff6e2efe4653e6c', 'parentId': '8c63b32ed90b3767', 'tags': {}}, 'state': 'Running', 'comment': 'Elapsed time = 0.008 Path = /pscratch/sd/h/hswils/github_repos/MANTA_DBSCANS/basecase/input Files = infastran intglf'}})
2025-08-19 14:22:59,926 fastran_tr_fastran_7 DEBUG    _get_service_response(REQUEST|fastran_FPP_000001@fastran@7|FRAMEWORK@Framework@0|116)
2025-08-19 14:22:59,937 fastran_tr_fastran_7 DEBUG    _get_service_response(REQUEST|fastran_FPP_000001@fastran@7|FRAMEWORK@Framework@0|116), response = ServiceResponseMessage(sender_id=FRAMEWORK@Framework@0, receiver_id=fastran_FPP_000001@fastran@7, request_msg_id=REQUEST|fastran_FPP_000001@fastran@7|FRAMEWORK@Framework@0|116,status=0, args=(None,), message_id=RESPONSE|FRAMEWORK@Framework@0|fastran_FPP_000001@fastran@7|31654)
2025-08-19 14:23:00,152 fastran_tr_fastran_7 DEBUG    _invoke_service(): init_task  (TaskInit(nproc=1, binary='/global/common/software/atom/perlmutter/binaries/fastran/default/xfastran_ver1.06', working_dir='/pscratch/sd/h/hswils/github_repos/MANTA_DBSCANS/basecase/SCAN/work/fastran_tr_fastran_7', tppn=0, tcpp=0, tgpp=0, block=True, omp=False, wnodes=True, wsocks=True, cmd_args=('1', '1')),)
2025-08-19 14:23:00,152 fastran_tr_fastran_7 DEBUG    _get_service_response(REQUEST|fastran_FPP_000001@fastran@7|FRAMEWORK@Framework@0|117)
2025-08-19 14:23:00,164 fastran_tr_fastran_7 DEBUG    _get_service_response(REQUEST|fastran_FPP_000001@fastran@7|FRAMEWORK@Framework@0|117), response = ServiceResponseMessage(sender_id=FRAMEWORK@Framework@0, receiver_id=fastran_FPP_000001@fastran@7, request_msg_id=REQUEST|fastran_FPP_000001@fastran@7|FRAMEWORK@Framework@0|117,status=0, args=((17, 'srun -N 1 -n 1 -c 128 --threads-per-core=1 --cpu-bind=cores /global/common/software/atom/perlmutter/binaries/fastran/default/xfastran_ver1.06 1 1', None, 128),), message_id=RESPONSE|FRAMEWORK@Framework@0|fastran_FPP_000001@fastran@7|31656)
2025-08-19 14:23:00,165 fastran_tr_fastran_7 DEBUG    Launching command : srun -N 1 -n 1 -c 128 --threads-per-core=1 --cpu-bind=cores /global/common/software/atom/perlmutter/binaries/fastran/default/xfastran_ver1.06 1 1
2025-08-19 14:23:00,180 fastran_tr_fastran_7 DEBUG    _invoke_service(): getTopic  ('_IPS_MONITOR',)
2025-08-19 14:23:00,180 fastran_tr_fastran_7 DEBUG    _get_service_response(REQUEST|fastran_FPP_000001@fastran@7|FRAMEWORK@Framework@0|118)
2025-08-19 14:23:00,191 fastran_tr_fastran_7 DEBUG    _get_service_response(REQUEST|fastran_FPP_000001@fastran@7|FRAMEWORK@Framework@0|118), response = ServiceResponseMessage(sender_id=FRAMEWORK@Framework@0, receiver_id=fastran_FPP_000001@fastran@7, request_msg_id=REQUEST|fastran_FPP_000001@fastran@7|FRAMEWORK@Framework@0|118,status=0, args=(<ipsframework.cca_es_spec.Topic object at 0x7f3a4493db50>,), message_id=RESPONSE|FRAMEWORK@Framework@0|fastran_FPP_000001@fastran@7|31657)
2025-08-19 14:23:00,191 fastran_tr_fastran_7 DEBUG    _invoke_service(): sendEvent  ('_IPS_MONITOR', 'PORTAL_EVENT', {'sim_name': 'fastran_FPP_000001', 'real_sim_name': 'fastran_FPP_000001', 'portal_data': {'code': 'fastran_tr_fastran', 'eventtype': 'IPS_LAUNCH_TASK', 'ok': True, 'walltime': '15868.06', 'time': '2025-08-19|14:23:00PDT', 'state': 'Running', 'comment': 'task_id = 17 , Tag = None , nproc = 1 , Target = srun -N 1 -n 1 -c 128 --threads-per-core=1 --cpu-bind=cores /global/common/software/atom/perlmutter/binaries/fastran/default/xfastran_ver1.06 1 1'}})
2025-08-19 14:23:00,191 fastran_tr_fastran_7 DEBUG    _get_service_response(REQUEST|fastran_FPP_000001@fastran@7|FRAMEWORK@Framework@0|119)
2025-08-19 14:23:00,202 fastran_tr_fastran_7 DEBUG    _get_service_response(REQUEST|fastran_FPP_000001@fastran@7|FRAMEWORK@Framework@0|119), response = ServiceResponseMessage(sender_id=FRAMEWORK@Framework@0, receiver_id=fastran_FPP_000001@fastran@7, request_msg_id=REQUEST|fastran_FPP_000001@fastran@7|FRAMEWORK@Framework@0|119,status=0, args=(None,), message_id=RESPONSE|FRAMEWORK@Framework@0|fastran_FPP_000001@fastran@7|31658)
2025-08-19 14:54:54,528 fastran_tr_fastran_7 DEBUG    _invoke_service(): getTopic  ('_IPS_MONITOR',)
2025-08-19 14:54:54,528 fastran_tr_fastran_7 DEBUG    _get_service_response(REQUEST|fastran_FPP_000001@fastran@7|FRAMEWORK@Framework@0|120)
2025-08-19 14:54:54,539 fastran_tr_fastran_7 DEBUG    _get_service_response(REQUEST|fastran_FPP_000001@fastran@7|FRAMEWORK@Framework@0|120), response = ServiceResponseMessage(sender_id=FRAMEWORK@Framework@0, receiver_id=fastran_FPP_000001@fastran@7, request_msg_id=REQUEST|fastran_FPP_000001@fastran@7|FRAMEWORK@Framework@0|120,status=0, args=(<ipsframework.cca_es_spec.Topic object at 0x7f3a4493d940>,), message_id=RESPONSE|FRAMEWORK@Framework@0|fastran_FPP_000001@fastran@7|35403)
2025-08-19 14:54:54,539 fastran_tr_fastran_7 DEBUG    _invoke_service(): sendEvent  ('_IPS_MONITOR', 'PORTAL_EVENT', {'sim_name': 'fastran_FPP_000001', 'real_sim_name': 'fastran_FPP_000001', 'portal_data': {'code': 'fastran_tr_fastran', 'eventtype': 'IPS_TASK_END', 'ok': True, 'walltime': '17782.41', 'time': '2025-08-19|14:54:54PDT', 'trace': {'timestamp': 1755638580179938, 'duration': 1914348029, 'localEndpoint': {'serviceName': '/global/common/software/atom/perlmutter/binaries/fastran/default/xfastran_ver1.06'}, 'name': '1 1', 'id': '39df5d05e3b1335e', 'parentId': '8c63b32ed90b3767', 'tags': {'procs_requested': '1', 'cores_allocated': '128'}}, 'state': 'Running', 'comment': 'task_id = 17  elapsed time = 1914.35 S'}})
2025-08-19 14:54:54,539 fastran_tr_fastran_7 DEBUG    _get_service_response(REQUEST|fastran_FPP_000001@fastran@7|FRAMEWORK@Framework@0|121)
2025-08-19 14:54:54,550 fastran_tr_fastran_7 DEBUG    _get_service_response(REQUEST|fastran_FPP_000001@fastran@7|FRAMEWORK@Framework@0|121), response = ServiceResponseMessage(sender_id=FRAMEWORK@Framework@0, receiver_id=fastran_FPP_000001@fastran@7, request_msg_id=REQUEST|fastran_FPP_000001@fastran@7|FRAMEWORK@Framework@0|121,status=0, args=(None,), message_id=RESPONSE|FRAMEWORK@Framework@0|fastran_FPP_000001@fastran@7|35404)
2025-08-19 14:54:54,550 fastran_tr_fastran_7 DEBUG    _invoke_service(): finish_task  (17, 0)
2025-08-19 14:54:54,550 fastran_tr_fastran_7 DEBUG    _get_service_response(REQUEST|fastran_FPP_000001@fastran@7|FRAMEWORK@Framework@0|122)
2025-08-19 14:54:54,562 fastran_tr_fastran_7 DEBUG    _get_service_response(REQUEST|fastran_FPP_000001@fastran@7|FRAMEWORK@Framework@0|122), response = ServiceResponseMessage(sender_id=FRAMEWORK@Framework@0, receiver_id=fastran_FPP_000001@fastran@7, request_msg_id=REQUEST|fastran_FPP_000001@fastran@7|FRAMEWORK@Framework@0|122,status=0, args=(0,), message_id=RESPONSE|FRAMEWORK@Framework@0|fastran_FPP_000001@fastran@7|35405)
2025-08-19 14:54:54,858 fastran_tr_fastran_7 DEBUG    _invoke_service(): update_state  (['s000001.00001', 'g000001.00001', 'i000001.00001'], '/pscratch/sd/h/hswils/github_repos/MANTA_DBSCANS/basecase/SCAN/work/fastran_tr_fastran_7', '/pscratch/sd/h/hswils/github_repos/MANTA_DBSCANS/basecase/SCAN/work/plasma_state')
2025-08-19 14:54:54,859 fastran_tr_fastran_7 DEBUG    _get_service_response(REQUEST|fastran_FPP_000001@fastran@7|FRAMEWORK@Framework@0|123)
2025-08-19 14:54:54,881 fastran_tr_fastran_7 DEBUG    _get_service_response(REQUEST|fastran_FPP_000001@fastran@7|FRAMEWORK@Framework@0|123), response = ServiceResponseMessage(sender_id=FRAMEWORK@Framework@0, receiver_id=fastran_FPP_000001@fastran@7, request_msg_id=REQUEST|fastran_FPP_000001@fastran@7|FRAMEWORK@Framework@0|123,status=0, args=(0,), message_id=RESPONSE|FRAMEWORK@Framework@0|fastran_FPP_000001@fastran@7|35407)
2025-08-19 14:54:54,881 fastran_tr_fastran_7 DEBUG    _invoke_service(): getTopic  ('_IPS_MONITOR',)
2025-08-19 14:54:54,881 fastran_tr_fastran_7 DEBUG    _get_service_response(REQUEST|fastran_FPP_000001@fastran@7|FRAMEWORK@Framework@0|124)
2025-08-19 14:54:54,892 fastran_tr_fastran_7 DEBUG    _get_service_response(REQUEST|fastran_FPP_000001@fastran@7|FRAMEWORK@Framework@0|124), response = ServiceResponseMessage(sender_id=FRAMEWORK@Framework@0, receiver_id=fastran_FPP_000001@fastran@7, request_msg_id=REQUEST|fastran_FPP_000001@fastran@7|FRAMEWORK@Framework@0|124,status=0, args=(<ipsframework.cca_es_spec.Topic object at 0x7f3a4493d760>,), message_id=RESPONSE|FRAMEWORK@Framework@0|fastran_FPP_000001@fastran@7|35408)
2025-08-19 14:54:54,892 fastran_tr_fastran_7 DEBUG    _invoke_service(): sendEvent  ('_IPS_MONITOR', 'PORTAL_EVENT', {'sim_name': 'fastran_FPP_000001', 'real_sim_name': 'fastran_FPP_000001', 'portal_data': {'code': 'fastran_tr_fastran', 'eventtype': 'IPS_UPDATE_STATE', 'ok': True, 'walltime': '17782.76', 'time': '2025-08-19|14:54:54PDT', 'trace': {'timestamp': 1755640494858652, 'duration': 22707, 'localEndpoint': {'serviceName': 'update_state'}, 'name': "['s000001.00001', 'g000001.00001', 'i000001.00001']", 'id': '7629e189a66153c0', 'parentId': '8c63b32ed90b3767', 'tags': {}}, 'state': 'Running', 'comment': 'Elapsed time = 0.023   files = s000001.00001 g000001.00001 i000001.00001 Success'}})
2025-08-19 14:54:54,892 fastran_tr_fastran_7 DEBUG    _get_service_response(REQUEST|fastran_FPP_000001@fastran@7|FRAMEWORK@Framework@0|125)
2025-08-19 14:54:54,903 fastran_tr_fastran_7 DEBUG    _get_service_response(REQUEST|fastran_FPP_000001@fastran@7|FRAMEWORK@Framework@0|125), response = ServiceResponseMessage(sender_id=FRAMEWORK@Framework@0, receiver_id=fastran_FPP_000001@fastran@7, request_msg_id=REQUEST|fastran_FPP_000001@fastran@7|FRAMEWORK@Framework@0|125,status=0, args=(None,), message_id=RESPONSE|FRAMEWORK@Framework@0|fastran_FPP_000001@fastran@7|35409)
2025-08-19 14:54:54,926 fastran_tr_fastran_7 DEBUG    _invoke_service(): getTopic  ('_IPS_MONITOR',)
2025-08-19 14:54:54,926 fastran_tr_fastran_7 DEBUG    _get_service_response(REQUEST|fastran_FPP_000001@fastran@7|FRAMEWORK@Framework@0|126)
2025-08-19 14:54:54,936 fastran_tr_fastran_7 DEBUG    _get_service_response(REQUEST|fastran_FPP_000001@fastran@7|FRAMEWORK@Framework@0|126), response = ServiceResponseMessage(sender_id=FRAMEWORK@Framework@0, receiver_id=fastran_FPP_000001@fastran@7, request_msg_id=REQUEST|fastran_FPP_000001@fastran@7|FRAMEWORK@Framework@0|126,status=0, args=(<ipsframework.cca_es_spec.Topic object at 0x7f3a4493d610>,), message_id=RESPONSE|FRAMEWORK@Framework@0|fastran_FPP_000001@fastran@7|35410)
2025-08-19 14:54:54,936 fastran_tr_fastran_7 DEBUG    _invoke_service(): sendEvent  ('_IPS_MONITOR', 'PORTAL_EVENT', {'sim_name': 'fastran_FPP_000001', 'real_sim_name': 'fastran_FPP_000001', 'portal_data': {'code': 'fastran_tr_fastran', 'eventtype': 'IPS_STAGE_OUTPUTS', 'ok': True, 'walltime': '17782.80', 'time': '2025-08-19|14:54:54PDT', 'trace': {'timestamp': 1755640494903391, 'duration': 22636, 'localEndpoint': {'serviceName': 'stage_output_files'}, 'name': "['fastran.nc', 'inprof', 'inmetric', 'infastran', 'intglf', 'xfastran.log', 'i000001.00001']", 'id': '7349cfaaafc33980', 'parentId': '8c63b32ed90b3767', 'tags': {}}, 'state': 'Running', 'comment': "Elapsed time = 0.023 Path = /pscratch/sd/h/hswils/github_repos/MANTA_DBSCANS/basecase/SCAN/simulation_results/7/components/fastran_tr_fastran_7 Files = ['fastran.nc', 'inprof', 'inmetric', 'infastran', 'intglf', 'xfastran.log', 'i000001.00001']"}})
2025-08-19 14:54:54,936 fastran_tr_fastran_7 DEBUG    _get_service_response(REQUEST|fastran_FPP_000001@fastran@7|FRAMEWORK@Framework@0|127)
2025-08-19 14:54:54,947 fastran_tr_fastran_7 DEBUG    _get_service_response(REQUEST|fastran_FPP_000001@fastran@7|FRAMEWORK@Framework@0|127), response = ServiceResponseMessage(sender_id=FRAMEWORK@Framework@0, receiver_id=fastran_FPP_000001@fastran@7, request_msg_id=REQUEST|fastran_FPP_000001@fastran@7|FRAMEWORK@Framework@0|127,status=0, args=(None,), message_id=RESPONSE|FRAMEWORK@Framework@0|fastran_FPP_000001@fastran@7|35411)
2025-08-19 14:54:54,958 fastran_driver_fastran_driver_2 DEBUG    _get_service_response(REQUEST|fastran_FPP_000001@fastran_driver@2|FRAMEWORK@Framework@0|270), response = ServiceResponseMessage(sender_id=FRAMEWORK@Framework@0, receiver_id=fastran_FPP_000001@fastran_driver@2, request_msg_id=REQUEST|fastran_FPP_000001@fastran_driver@2|FRAMEWORK@Framework@0|270,status=0, args=((None,),), message_id=RESPONSE|FRAMEWORK@Framework@0|fastran_FPP_000001@fastran_driver@2|35412)
2025-08-19 14:54:54,959 fastran_driver_fastran_driver_2 DEBUG    _invoke_service(): getTopic  ('_IPS_MONITOR',)
2025-08-19 14:54:54,959 fastran_driver_fastran_driver_2 DEBUG    _get_service_response(REQUEST|fastran_FPP_000001@fastran_driver@2|FRAMEWORK@Framework@0|271)
2025-08-19 14:54:54,970 fastran_driver_fastran_driver_2 DEBUG    _get_service_response(REQUEST|fastran_FPP_000001@fastran_driver@2|FRAMEWORK@Framework@0|271), response = ServiceResponseMessage(sender_id=FRAMEWORK@Framework@0, receiver_id=fastran_FPP_000001@fastran_driver@2, request_msg_id=REQUEST|fastran_FPP_000001@fastran_driver@2|FRAMEWORK@Framework@0|271,status=0, args=(<ipsframework.cca_es_spec.Topic object at 0x7f3a44a205b0>,), message_id=RESPONSE|FRAMEWORK@Framework@0|fastran_FPP_000001@fastran_driver@2|35413)
2025-08-19 14:54:54,970 fastran_driver_fastran_driver_2 DEBUG    _invoke_service(): sendEvent  ('_IPS_MONITOR', 'PORTAL_EVENT', {'sim_name': 'fastran_FPP_000001', 'real_sim_name': 'fastran_FPP_000001', 'portal_data': {'code': 'fastran_driver_fastran_driver', 'eventtype': 'IPS_CALL_END', 'ok': True, 'walltime': '17782.84', 'time': '2025-08-19|14:54:54PDT', 'trace': {'timestamp': 1755638579874874, 'duration': 1915084234, 'localEndpoint': {'serviceName': 'fastran_FPP_000001@fastran@7'}, 'name': 'step(7)', 'id': '8c63b32ed90b3767', 'parentId': 'f899e3e5886669ce', 'tags': {}}, 'state': 'Running', 'comment': 'Target = fastran_FPP_000001@fastran@7:step(7)'}})
2025-08-19 14:54:54,970 fastran_driver_fastran_driver_2 DEBUG    _get_service_response(REQUEST|fastran_FPP_000001@fastran_driver@2|FRAMEWORK@Framework@0|272)
2025-08-19 14:54:54,981 fastran_driver_fastran_driver_2 DEBUG    _get_service_response(REQUEST|fastran_FPP_000001@fastran_driver@2|FRAMEWORK@Framework@0|272), response = ServiceResponseMessage(sender_id=FRAMEWORK@Framework@0, receiver_id=fastran_FPP_000001@fastran_driver@2, request_msg_id=REQUEST|fastran_FPP_000001@fastran_driver@2|FRAMEWORK@Framework@0|272,status=0, args=(None,), message_id=RESPONSE|FRAMEWORK@Framework@0|fastran_FPP_000001@fastran_driver@2|35414)
2025-08-19 14:54:54,982 fastran_driver_fastran_driver_2 DEBUG    _invoke_service(): stage_state  (['s000001.00001', 'g000001.00001', 'i000001.00001'], '/pscratch/sd/h/hswils/github_repos/MANTA_DBSCANS/basecase/SCAN/work/plasma_state', '/pscratch/sd/h/hswils/github_repos/MANTA_DBSCANS/basecase/SCAN/work/fastran_driver_fastran_driver_2')
2025-08-19 14:54:54,982 fastran_driver_fastran_driver_2 DEBUG    _get_service_response(REQUEST|fastran_FPP_000001@fastran_driver@2|FRAMEWORK@Framework@0|273)
2025-08-19 14:54:55,005 fastran_driver_fastran_driver_2 DEBUG    _get_service_response(REQUEST|fastran_FPP_000001@fastran_driver@2|FRAMEWORK@Framework@0|273), response = ServiceResponseMessage(sender_id=FRAMEWORK@Framework@0, receiver_id=fastran_FPP_000001@fastran_driver@2, request_msg_id=REQUEST|fastran_FPP_000001@fastran_driver@2|FRAMEWORK@Framework@0|273,status=0, args=(0,), message_id=RESPONSE|FRAMEWORK@Framework@0|fastran_FPP_000001@fastran_driver@2|35415)
2025-08-19 14:54:55,006 fastran_driver_fastran_driver_2 DEBUG    _invoke_service(): getTopic  ('_IPS_MONITOR',)
2025-08-19 14:54:55,006 fastran_driver_fastran_driver_2 DEBUG    _get_service_response(REQUEST|fastran_FPP_000001@fastran_driver@2|FRAMEWORK@Framework@0|274)
2025-08-19 14:54:55,016 fastran_driver_fastran_driver_2 DEBUG    _get_service_response(REQUEST|fastran_FPP_000001@fastran_driver@2|FRAMEWORK@Framework@0|274), response = ServiceResponseMessage(sender_id=FRAMEWORK@Framework@0, receiver_id=fastran_FPP_000001@fastran_driver@2, request_msg_id=REQUEST|fastran_FPP_000001@fastran_driver@2|FRAMEWORK@Framework@0|274,status=0, args=(<ipsframework.cca_es_spec.Topic object at 0x7f3a44a200d0>,), message_id=RESPONSE|FRAMEWORK@Framework@0|fastran_FPP_000001@fastran_driver@2|35416)
2025-08-19 14:54:55,016 fastran_driver_fastran_driver_2 DEBUG    _invoke_service(): sendEvent  ('_IPS_MONITOR', 'PORTAL_EVENT', {'sim_name': 'fastran_FPP_000001', 'real_sim_name': 'fastran_FPP_000001', 'portal_data': {'code': 'fastran_driver_fastran_driver', 'eventtype': 'IPS_STAGE_STATE', 'ok': True, 'walltime': '17782.88', 'time': '2025-08-19|14:54:55PDT', 'trace': {'timestamp': 1755640494982079, 'duration': 23894, 'localEndpoint': {'serviceName': 'stage_state'}, 'name': "['s000001.00001', 'g000001.00001', 'i000001.00001']", 'id': '71885aecf25d7412', 'parentId': 'f899e3e5886669ce', 'tags': {}}, 'state': 'Running', 'comment': 'Elapsed time = 0.024  files = s000001.00001 g000001.00001 i000001.00001 Success'}})
2025-08-19 14:54:55,016 fastran_driver_fastran_driver_2 DEBUG    _get_service_response(REQUEST|fastran_FPP_000001@fastran_driver@2|FRAMEWORK@Framework@0|275)
2025-08-19 14:54:55,027 fastran_driver_fastran_driver_2 DEBUG    _get_service_response(REQUEST|fastran_FPP_000001@fastran_driver@2|FRAMEWORK@Framework@0|275), response = ServiceResponseMessage(sender_id=FRAMEWORK@Framework@0, receiver_id=fastran_FPP_000001@fastran_driver@2, request_msg_id=REQUEST|fastran_FPP_000001@fastran_driver@2|FRAMEWORK@Framework@0|275,status=0, args=(None,), message_id=RESPONSE|FRAMEWORK@Framework@0|fastran_FPP_000001@fastran_driver@2|35417)
2025-08-19 14:54:55,028 fastran_driver_fastran_driver_2 DEBUG    _invoke_service(): getTopic  ('_IPS_MONITOR',)
2025-08-19 14:54:55,028 fastran_driver_fastran_driver_2 DEBUG    _get_service_response(REQUEST|fastran_FPP_000001@fastran_driver@2|FRAMEWORK@Framework@0|276)
2025-08-19 14:54:55,039 fastran_driver_fastran_driver_2 DEBUG    _get_service_response(REQUEST|fastran_FPP_000001@fastran_driver@2|FRAMEWORK@Framework@0|276), response = ServiceResponseMessage(sender_id=FRAMEWORK@Framework@0, receiver_id=fastran_FPP_000001@fastran_driver@2, request_msg_id=REQUEST|fastran_FPP_000001@fastran_driver@2|FRAMEWORK@Framework@0|276,status=0, args=(<ipsframework.cca_es_spec.Topic object at 0x7f3a44a20c10>,), message_id=RESPONSE|FRAMEWORK@Framework@0|fastran_FPP_000001@fastran_driver@2|35418)
2025-08-19 14:54:55,039 fastran_driver_fastran_driver_2 DEBUG    _invoke_service(): sendEvent  ('_IPS_MONITOR', 'PORTAL_EVENT', {'sim_name': 'fastran_FPP_000001', 'real_sim_name': 'fastran_FPP_000001', 'portal_data': {'code': 'fastran_driver_fastran_driver', 'eventtype': 'IPS_STAGE_OUTPUTS', 'ok': True, 'walltime': '17782.91', 'time': '2025-08-19|14:54:55PDT', 'trace': {'timestamp': 1755640495027955, 'duration': 291, 'localEndpoint': {'serviceName': 'stage_output_files'}, 'name': '[]', 'id': 'ed019efe11be26d9', 'parentId': 'f899e3e5886669ce', 'tags': {}}, 'state': 'Running', 'comment': 'Elapsed time = 0.000 Path = /pscratch/sd/h/hswils/github_repos/MANTA_DBSCANS/basecase/SCAN/simulation_results/7/components/fastran_driver_fastran_driver_2 Files = []'}})
2025-08-19 14:54:55,039 fastran_driver_fastran_driver_2 DEBUG    _get_service_response(REQUEST|fastran_FPP_000001@fastran_driver@2|FRAMEWORK@Framework@0|277)
2025-08-19 14:54:55,050 fastran_driver_fastran_driver_2 DEBUG    _get_service_response(REQUEST|fastran_FPP_000001@fastran_driver@2|FRAMEWORK@Framework@0|277), response = ServiceResponseMessage(sender_id=FRAMEWORK@Framework@0, receiver_id=fastran_FPP_000001@fastran_driver@2, request_msg_id=REQUEST|fastran_FPP_000001@fastran_driver@2|FRAMEWORK@Framework@0|277,status=0, args=(None,), message_id=RESPONSE|FRAMEWORK@Framework@0|fastran_FPP_000001@fastran_driver@2|35419)
2025-08-19 14:54:55,050 fastran_driver_fastran_driver_2 DEBUG    _invoke_service(): getTopic  ('_IPS_MONITOR',)
2025-08-19 14:54:55,050 fastran_driver_fastran_driver_2 DEBUG    _get_service_response(REQUEST|fastran_FPP_000001@fastran_driver@2|FRAMEWORK@Framework@0|278)
2025-08-19 14:54:55,061 fastran_driver_fastran_driver_2 DEBUG    _get_service_response(REQUEST|fastran_FPP_000001@fastran_driver@2|FRAMEWORK@Framework@0|278), response = ServiceResponseMessage(sender_id=FRAMEWORK@Framework@0, receiver_id=fastran_FPP_000001@fastran_driver@2, request_msg_id=REQUEST|fastran_FPP_000001@fastran_driver@2|FRAMEWORK@Framework@0|278,status=0, args=(<ipsframework.cca_es_spec.Topic object at 0x7f3a44a20af0>,), message_id=RESPONSE|FRAMEWORK@Framework@0|fastran_FPP_000001@fastran_driver@2|35420)
2025-08-19 14:54:55,061 fastran_driver_fastran_driver_2 DEBUG    _invoke_service(): sendEvent  ('_IPS_MONITOR', 'PORTALBRIDGE_UPDATE_TIMESTAMP', {'sim_name': 'fastran_FPP_000001', 'real_sim_name': 'fastran_FPP_000001', 'portal_data': {'phystimestamp': 8, 'eventtype': 'PORTALBRIDGE_UPDATE_TIMESTAMP'}})
2025-08-19 14:54:55,061 fastran_driver_fastran_driver_2 DEBUG    _get_service_response(REQUEST|fastran_FPP_000001@fastran_driver@2|FRAMEWORK@Framework@0|279)
2025-08-19 14:54:55,072 fastran_driver_fastran_driver_2 DEBUG    _get_service_response(REQUEST|fastran_FPP_000001@fastran_driver@2|FRAMEWORK@Framework@0|279), response = ServiceResponseMessage(sender_id=FRAMEWORK@Framework@0, receiver_id=fastran_FPP_000001@fastran_driver@2, request_msg_id=REQUEST|fastran_FPP_000001@fastran_driver@2|FRAMEWORK@Framework@0|279,status=0, args=(None,), message_id=RESPONSE|FRAMEWORK@Framework@0|fastran_FPP_000001@fastran_driver@2|35421)
2025-08-19 14:54:55,072 fastran_driver_fastran_driver_2 DEBUG    _invoke_service(): getTopic  ('_IPS_MONITOR',)
2025-08-19 14:54:55,072 fastran_driver_fastran_driver_2 DEBUG    _get_service_response(REQUEST|fastran_FPP_000001@fastran_driver@2|FRAMEWORK@Framework@0|280)
2025-08-19 14:54:55,083 fastran_driver_fastran_driver_2 DEBUG    _get_service_response(REQUEST|fastran_FPP_000001@fastran_driver@2|FRAMEWORK@Framework@0|280), response = ServiceResponseMessage(sender_id=FRAMEWORK@Framework@0, receiver_id=fastran_FPP_000001@fastran_driver@2, request_msg_id=REQUEST|fastran_FPP_000001@fastran_driver@2|FRAMEWORK@Framework@0|280,status=0, args=(<ipsframework.cca_es_spec.Topic object at 0x7f3a44a20c10>,), message_id=RESPONSE|FRAMEWORK@Framework@0|fastran_FPP_000001@fastran_driver@2|35422)
2025-08-19 14:54:55,083 fastran_driver_fastran_driver_2 DEBUG    _invoke_service(): sendEvent  ('_IPS_MONITOR', 'PORTAL_EVENT', {'sim_name': 'fastran_FPP_000001', 'real_sim_name': 'fastran_FPP_000001', 'portal_data': {'code': 'fastran_driver_fastran_driver', 'eventtype': 'IPS_UPDATE_TIME_STAMP', 'ok': True, 'walltime': '17782.95', 'time': '2025-08-19|14:54:55PDT', 'state': 'Running', 'comment': 'Timestamp = 8'}})
2025-08-19 14:54:55,083 fastran_driver_fastran_driver_2 DEBUG    _get_service_response(REQUEST|fastran_FPP_000001@fastran_driver@2|FRAMEWORK@Framework@0|281)
2025-08-19 14:54:55,094 fastran_driver_fastran_driver_2 DEBUG    _get_service_response(REQUEST|fastran_FPP_000001@fastran_driver@2|FRAMEWORK@Framework@0|281), response = ServiceResponseMessage(sender_id=FRAMEWORK@Framework@0, receiver_id=fastran_FPP_000001@fastran_driver@2, request_msg_id=REQUEST|fastran_FPP_000001@fastran_driver@2|FRAMEWORK@Framework@0|281,status=0, args=(None,), message_id=RESPONSE|FRAMEWORK@Framework@0|fastran_FPP_000001@fastran_driver@2|35423)
2025-08-19 14:54:55,094 fastran_driver_fastran_driver_2 DEBUG    _invoke_service(): getTopic  ('_IPS_MONITOR',)
2025-08-19 14:54:55,095 fastran_driver_fastran_driver_2 DEBUG    _get_service_response(REQUEST|fastran_FPP_000001@fastran_driver@2|FRAMEWORK@Framework@0|282)
2025-08-19 14:54:55,105 fastran_driver_fastran_driver_2 DEBUG    _get_service_response(REQUEST|fastran_FPP_000001@fastran_driver@2|FRAMEWORK@Framework@0|282), response = ServiceResponseMessage(sender_id=FRAMEWORK@Framework@0, receiver_id=fastran_FPP_000001@fastran_driver@2, request_msg_id=REQUEST|fastran_FPP_000001@fastran_driver@2|FRAMEWORK@Framework@0|282,status=0, args=(<ipsframework.cca_es_spec.Topic object at 0x7f3a44a20c40>,), message_id=RESPONSE|FRAMEWORK@Framework@0|fastran_FPP_000001@fastran_driver@2|35424)
2025-08-19 14:54:55,106 fastran_driver_fastran_driver_2 DEBUG    _invoke_service(): sendEvent  ('_IPS_MONITOR', 'PORTAL_EVENT', {'sim_name': 'fastran_FPP_000001', 'real_sim_name': 'fastran_FPP_000001', 'portal_data': {'code': 'fastran_driver_fastran_driver', 'eventtype': 'IPS_CALL_BEGIN', 'ok': True, 'walltime': '17782.97', 'time': '2025-08-19|14:54:55PDT', 'state': 'Running', 'comment': 'Target = fastran_FPP_000001@toric@5:step(8)'}})
2025-08-19 14:54:55,106 fastran_driver_fastran_driver_2 DEBUG    _get_service_response(REQUEST|fastran_FPP_000001@fastran_driver@2|FRAMEWORK@Framework@0|283)
2025-08-19 14:54:55,117 fastran_driver_fastran_driver_2 DEBUG    _get_service_response(REQUEST|fastran_FPP_000001@fastran_driver@2|FRAMEWORK@Framework@0|283), response = ServiceResponseMessage(sender_id=FRAMEWORK@Framework@0, receiver_id=fastran_FPP_000001@fastran_driver@2, request_msg_id=REQUEST|fastran_FPP_000001@fastran_driver@2|FRAMEWORK@Framework@0|283,status=0, args=(None,), message_id=RESPONSE|FRAMEWORK@Framework@0|fastran_FPP_000001@fastran_driver@2|35425)
2025-08-19 14:54:55,117 fastran_driver_fastran_driver_2 DEBUG    _invoke_service(): init_call  ('step', 8)
2025-08-19 14:54:55,117 fastran_driver_fastran_driver_2 DEBUG    _get_service_response(REQUEST|fastran_FPP_000001@fastran_driver@2|FRAMEWORK@Framework@0|284)
2025-08-19 14:54:55,118 rf_ic_toric_5   DEBUG    Received Message 
2025-08-19 14:54:55,118 rf_ic_toric_5   DEBUG    Calling method step(8)
2025-08-19 14:54:55,118 rf_ic_toric_5   DEBUG    _invoke_service(): stage_state  (['s000001.00001', 'g000001.00001'], '/pscratch/sd/h/hswils/github_repos/MANTA_DBSCANS/basecase/SCAN/work/plasma_state', '/pscratch/sd/h/hswils/github_repos/MANTA_DBSCANS/basecase/SCAN/work/rf_ic_toric_5')
2025-08-19 14:54:55,118 rf_ic_toric_5   DEBUG    _get_service_response(REQUEST|fastran_FPP_000001@toric@5|FRAMEWORK@Framework@0|141)
2025-08-19 14:54:55,128 fastran_driver_fastran_driver_2 DEBUG    _get_service_response(REQUEST|fastran_FPP_000001@fastran_driver@2|FRAMEWORK@Framework@0|284), response = ServiceResponseMessage(sender_id=FRAMEWORK@Framework@0, receiver_id=fastran_FPP_000001@fastran_driver@2, request_msg_id=REQUEST|fastran_FPP_000001@fastran_driver@2|FRAMEWORK@Framework@0|284,status=0, args=(42,), message_id=RESPONSE|FRAMEWORK@Framework@0|fastran_FPP_000001@fastran_driver@2|35426)
2025-08-19 14:54:55,128 fastran_driver_fastran_driver_2 DEBUG    _invoke_service(): wait_call  (42, True)
2025-08-19 14:54:55,128 fastran_driver_fastran_driver_2 DEBUG    _get_service_response(REQUEST|fastran_FPP_000001@fastran_driver@2|FRAMEWORK@Framework@0|285)
2025-08-19 14:54:55,138 rf_ic_toric_5   DEBUG    _get_service_response(REQUEST|fastran_FPP_000001@toric@5|FRAMEWORK@Framework@0|141), response = ServiceResponseMessage(sender_id=FRAMEWORK@Framework@0, receiver_id=fastran_FPP_000001@toric@5, request_msg_id=REQUEST|fastran_FPP_000001@toric@5|FRAMEWORK@Framework@0|141,status=0, args=(0,), message_id=RESPONSE|FRAMEWORK@Framework@0|fastran_FPP_000001@toric@5|35427)
2025-08-19 14:54:55,139 rf_ic_toric_5   DEBUG    _invoke_service(): getTopic  ('_IPS_MONITOR',)
2025-08-19 14:54:55,139 rf_ic_toric_5   DEBUG    _get_service_response(REQUEST|fastran_FPP_000001@toric@5|FRAMEWORK@Framework@0|142)
2025-08-19 14:54:55,150 rf_ic_toric_5   DEBUG    _get_service_response(REQUEST|fastran_FPP_000001@toric@5|FRAMEWORK@Framework@0|142), response = ServiceResponseMessage(sender_id=FRAMEWORK@Framework@0, receiver_id=fastran_FPP_000001@toric@5, request_msg_id=REQUEST|fastran_FPP_000001@toric@5|FRAMEWORK@Framework@0|142,status=0, args=(<ipsframework.cca_es_spec.Topic object at 0x7f3a449c9910>,), message_id=RESPONSE|FRAMEWORK@Framework@0|fastran_FPP_000001@toric@5|35428)
2025-08-19 14:54:55,150 rf_ic_toric_5   DEBUG    _invoke_service(): sendEvent  ('_IPS_MONITOR', 'PORTAL_EVENT', {'sim_name': 'fastran_FPP_000001', 'real_sim_name': 'fastran_FPP_000001', 'portal_data': {'code': 'rf_ic_toric', 'eventtype': 'IPS_STAGE_STATE', 'ok': True, 'walltime': '17783.02', 'time': '2025-08-19|14:54:55PDT', 'trace': {'timestamp': 1755640495118642, 'duration': 20341, 'localEndpoint': {'serviceName': 'stage_state'}, 'name': "['s000001.00001', 'g000001.00001']", 'id': '32793a28c0f8ba4b', 'parentId': 'c8e2fa93f3ebd5c0', 'tags': {}}, 'state': 'Running', 'comment': 'Elapsed time = 0.020  files = s000001.00001 g000001.00001 Success'}})
2025-08-19 14:54:55,150 rf_ic_toric_5   DEBUG    _get_service_response(REQUEST|fastran_FPP_000001@toric@5|FRAMEWORK@Framework@0|143)
2025-08-19 14:54:55,161 rf_ic_toric_5   DEBUG    _get_service_response(REQUEST|fastran_FPP_000001@toric@5|FRAMEWORK@Framework@0|143), response = ServiceResponseMessage(sender_id=FRAMEWORK@Framework@0, receiver_id=fastran_FPP_000001@toric@5, request_msg_id=REQUEST|fastran_FPP_000001@toric@5|FRAMEWORK@Framework@0|143,status=0, args=(None,), message_id=RESPONSE|FRAMEWORK@Framework@0|fastran_FPP_000001@toric@5|35429)
2025-08-19 14:54:55,173 rf_ic_toric_5   DEBUG    _invoke_service(): getTopic  ('_IPS_MONITOR',)
2025-08-19 14:54:55,173 rf_ic_toric_5   DEBUG    _get_service_response(REQUEST|fastran_FPP_000001@toric@5|FRAMEWORK@Framework@0|144)
2025-08-19 14:54:55,184 rf_ic_toric_5   DEBUG    _get_service_response(REQUEST|fastran_FPP_000001@toric@5|FRAMEWORK@Framework@0|144), response = ServiceResponseMessage(sender_id=FRAMEWORK@Framework@0, receiver_id=fastran_FPP_000001@toric@5, request_msg_id=REQUEST|fastran_FPP_000001@toric@5|FRAMEWORK@Framework@0|144,status=0, args=(<ipsframework.cca_es_spec.Topic object at 0x7f3a449c9a00>,), message_id=RESPONSE|FRAMEWORK@Framework@0|fastran_FPP_000001@toric@5|35430)
2025-08-19 14:54:55,184 rf_ic_toric_5   DEBUG    _invoke_service(): sendEvent  ('_IPS_MONITOR', 'PORTAL_EVENT', {'sim_name': 'fastran_FPP_000001', 'real_sim_name': 'fastran_FPP_000001', 'portal_data': {'code': 'rf_ic_toric', 'eventtype': 'IPS_STAGE_INPUTS', 'ok': True, 'walltime': '17783.05', 'time': '2025-08-19|14:54:55PDT', 'trace': {'timestamp': 1755640495161175, 'duration': 12361, 'localEndpoint': {'serviceName': 'stage_input_files'}, 'name': 'machine.inp equigs_gen.ind torica.inp', 'id': 'b108389cfa22cdf4', 'parentId': 'c8e2fa93f3ebd5c0', 'tags': {}}, 'state': 'Running', 'comment': 'Elapsed time = 0.012 Path = /pscratch/sd/h/hswils/github_repos/MANTA_DBSCANS/basecase/input Files = machine.inp equigs_gen.ind torica.inp'}})
2025-08-19 14:54:55,184 rf_ic_toric_5   DEBUG    _get_service_response(REQUEST|fastran_FPP_000001@toric@5|FRAMEWORK@Framework@0|145)
2025-08-19 14:54:55,194 rf_ic_toric_5   DEBUG    _get_service_response(REQUEST|fastran_FPP_000001@toric@5|FRAMEWORK@Framework@0|145), response = ServiceResponseMessage(sender_id=FRAMEWORK@Framework@0, receiver_id=fastran_FPP_000001@toric@5, request_msg_id=REQUEST|fastran_FPP_000001@toric@5|FRAMEWORK@Framework@0|145,status=0, args=(None,), message_id=RESPONSE|FRAMEWORK@Framework@0|fastran_FPP_000001@toric@5|35431)
2025-08-19 14:54:55,455 rf_ic_toric_5   DEBUG    _invoke_service(): init_task  (TaskInit(nproc=24, binary='/global/common/software/atom/perlmutter/binaries/toric/default/Ptoric.e', working_dir='/pscratch/sd/h/hswils/github_repos/MANTA_DBSCANS/basecase/SCAN/work/rf_ic_toric_5', tppn=0, tcpp=0, tgpp=0, block=True, omp=False, wnodes=True, wsocks=True, cmd_args=()),)
2025-08-19 14:54:55,456 rf_ic_toric_5   DEBUG    _get_service_response(REQUEST|fastran_FPP_000001@toric@5|FRAMEWORK@Framework@0|146)
2025-08-19 14:54:55,467 rf_ic_toric_5   DEBUG    _get_service_response(REQUEST|fastran_FPP_000001@toric@5|FRAMEWORK@Framework@0|146), response = ServiceResponseMessage(sender_id=FRAMEWORK@Framework@0, receiver_id=fastran_FPP_000001@toric@5, request_msg_id=REQUEST|fastran_FPP_000001@toric@5|FRAMEWORK@Framework@0|146,status=0, args=((18, 'srun -N 1 -n 24 -c 5 --threads-per-core=1 --cpu-bind=cores /global/common/software/atom/perlmutter/binaries/toric/default/Ptoric.e ', None, 128),), message_id=RESPONSE|FRAMEWORK@Framework@0|fastran_FPP_000001@toric@5|35433)
2025-08-19 14:54:55,469 rf_ic_toric_5   DEBUG    Launching command : srun -N 1 -n 24 -c 5 --threads-per-core=1 --cpu-bind=cores /global/common/software/atom/perlmutter/binaries/toric/default/Ptoric.e 
2025-08-19 14:54:55,483 rf_ic_toric_5   DEBUG    _invoke_service(): getTopic  ('_IPS_MONITOR',)
2025-08-19 14:54:55,483 rf_ic_toric_5   DEBUG    _get_service_response(REQUEST|fastran_FPP_000001@toric@5|FRAMEWORK@Framework@0|147)
2025-08-19 14:54:55,494 rf_ic_toric_5   DEBUG    _get_service_response(REQUEST|fastran_FPP_000001@toric@5|FRAMEWORK@Framework@0|147), response = ServiceResponseMessage(sender_id=FRAMEWORK@Framework@0, receiver_id=fastran_FPP_000001@toric@5, request_msg_id=REQUEST|fastran_FPP_000001@toric@5|FRAMEWORK@Framework@0|147,status=0, args=(<ipsframework.cca_es_spec.Topic object at 0x7f3a449c96d0>,), message_id=RESPONSE|FRAMEWORK@Framework@0|fastran_FPP_000001@toric@5|35434)
2025-08-19 14:54:55,494 rf_ic_toric_5   DEBUG    _invoke_service(): sendEvent  ('_IPS_MONITOR', 'PORTAL_EVENT', {'sim_name': 'fastran_FPP_000001', 'real_sim_name': 'fastran_FPP_000001', 'portal_data': {'code': 'rf_ic_toric', 'eventtype': 'IPS_LAUNCH_TASK', 'ok': True, 'walltime': '17783.36', 'time': '2025-08-19|14:54:55PDT', 'state': 'Running', 'comment': 'task_id = 18 , Tag = None , nproc = 24 , Target = srun -N 1 -n 24 -c 5 --threads-per-core=1 --cpu-bind=cores /global/common/software/atom/perlmutter/binaries/toric/default/Ptoric.e '}})
2025-08-19 14:54:55,494 rf_ic_toric_5   DEBUG    _get_service_response(REQUEST|fastran_FPP_000001@toric@5|FRAMEWORK@Framework@0|148)
2025-08-19 14:54:55,505 rf_ic_toric_5   DEBUG    _get_service_response(REQUEST|fastran_FPP_000001@toric@5|FRAMEWORK@Framework@0|148), response = ServiceResponseMessage(sender_id=FRAMEWORK@Framework@0, receiver_id=fastran_FPP_000001@toric@5, request_msg_id=REQUEST|fastran_FPP_000001@toric@5|FRAMEWORK@Framework@0|148,status=0, args=(None,), message_id=RESPONSE|FRAMEWORK@Framework@0|fastran_FPP_000001@toric@5|35435)
2025-08-19 14:59:57,592 rf_ic_toric_5   DEBUG    _invoke_service(): getTopic  ('_IPS_MONITOR',)
2025-08-19 14:59:57,592 rf_ic_toric_5   DEBUG    _get_service_response(REQUEST|fastran_FPP_000001@toric@5|FRAMEWORK@Framework@0|149)
2025-08-19 14:59:57,603 rf_ic_toric_5   DEBUG    _get_service_response(REQUEST|fastran_FPP_000001@toric@5|FRAMEWORK@Framework@0|149), response = ServiceResponseMessage(sender_id=FRAMEWORK@Framework@0, receiver_id=fastran_FPP_000001@toric@5, request_msg_id=REQUEST|fastran_FPP_000001@toric@5|FRAMEWORK@Framework@0|149,status=0, args=(<ipsframework.cca_es_spec.Topic object at 0x7f3a449c9820>,), message_id=RESPONSE|FRAMEWORK@Framework@0|fastran_FPP_000001@toric@5|36027)
2025-08-19 14:59:57,603 rf_ic_toric_5   DEBUG    _invoke_service(): sendEvent  ('_IPS_MONITOR', 'PORTAL_EVENT', {'sim_name': 'fastran_FPP_000001', 'real_sim_name': 'fastran_FPP_000001', 'portal_data': {'code': 'rf_ic_toric', 'eventtype': 'IPS_TASK_END', 'ok': True, 'walltime': '18085.47', 'time': '2025-08-19|14:59:57PDT', 'trace': {'timestamp': 1755640495483020, 'duration': 302109603, 'localEndpoint': {'serviceName': '/global/common/software/atom/perlmutter/binaries/toric/default/Ptoric.e'}, 'name': '', 'id': '0f90379215699225', 'parentId': 'c8e2fa93f3ebd5c0', 'tags': {'procs_requested': '24', 'cores_allocated': '128'}}, 'state': 'Running', 'comment': 'task_id = 18  elapsed time = 302.11 S'}})
2025-08-19 14:59:57,603 rf_ic_toric_5   DEBUG    _get_service_response(REQUEST|fastran_FPP_000001@toric@5|FRAMEWORK@Framework@0|150)
2025-08-19 14:59:57,614 rf_ic_toric_5   DEBUG    _get_service_response(REQUEST|fastran_FPP_000001@toric@5|FRAMEWORK@Framework@0|150), response = ServiceResponseMessage(sender_id=FRAMEWORK@Framework@0, receiver_id=fastran_FPP_000001@toric@5, request_msg_id=REQUEST|fastran_FPP_000001@toric@5|FRAMEWORK@Framework@0|150,status=0, args=(None,), message_id=RESPONSE|FRAMEWORK@Framework@0|fastran_FPP_000001@toric@5|36028)
2025-08-19 14:59:57,614 rf_ic_toric_5   DEBUG    _invoke_service(): finish_task  (18, 0)
2025-08-19 14:59:57,614 rf_ic_toric_5   DEBUG    _get_service_response(REQUEST|fastran_FPP_000001@toric@5|FRAMEWORK@Framework@0|151)
2025-08-19 14:59:57,625 rf_ic_toric_5   DEBUG    _get_service_response(REQUEST|fastran_FPP_000001@toric@5|FRAMEWORK@Framework@0|151), response = ServiceResponseMessage(sender_id=FRAMEWORK@Framework@0, receiver_id=fastran_FPP_000001@toric@5, request_msg_id=REQUEST|fastran_FPP_000001@toric@5|FRAMEWORK@Framework@0|151,status=0, args=(0,), message_id=RESPONSE|FRAMEWORK@Framework@0|fastran_FPP_000001@toric@5|36029)
2025-08-19 14:59:57,798 rf_ic_toric_5   DEBUG    _invoke_service(): merge_current_plasma_state  ('/pscratch/sd/h/hswils/github_repos/MANTA_DBSCANS/basecase/SCAN/work/rf_ic_toric_5/RF_IC_s000001.00001', '/pscratch/sd/h/hswils/github_repos/MANTA_DBSCANS/basecase/SCAN/work/plasma_state/s000001.00001', 'log.update_state', '/global/common/software/atom/perlmutter/binaries/update-state/default/update_state')
2025-08-19 14:59:57,799 rf_ic_toric_5   DEBUG    _get_service_response(REQUEST|fastran_FPP_000001@toric@5|FRAMEWORK@Framework@0|152)
2025-08-19 14:59:57,964 rf_ic_toric_5   DEBUG    _get_service_response(REQUEST|fastran_FPP_000001@toric@5|FRAMEWORK@Framework@0|152), response = ServiceResponseMessage(sender_id=FRAMEWORK@Framework@0, receiver_id=fastran_FPP_000001@toric@5, request_msg_id=REQUEST|fastran_FPP_000001@toric@5|FRAMEWORK@Framework@0|152,status=0, args=(0,), message_id=RESPONSE|FRAMEWORK@Framework@0|fastran_FPP_000001@toric@5|36030)
2025-08-19 14:59:57,964 rf_ic_toric_5   DEBUG    _invoke_service(): getTopic  ('_IPS_MONITOR',)
2025-08-19 14:59:57,964 rf_ic_toric_5   DEBUG    _get_service_response(REQUEST|fastran_FPP_000001@toric@5|FRAMEWORK@Framework@0|153)
2025-08-19 14:59:57,975 rf_ic_toric_5   DEBUG    _get_service_response(REQUEST|fastran_FPP_000001@toric@5|FRAMEWORK@Framework@0|153), response = ServiceResponseMessage(sender_id=FRAMEWORK@Framework@0, receiver_id=fastran_FPP_000001@toric@5, request_msg_id=REQUEST|fastran_FPP_000001@toric@5|FRAMEWORK@Framework@0|153,status=0, args=(<ipsframework.cca_es_spec.Topic object at 0x7f3a449c99d0>,), message_id=RESPONSE|FRAMEWORK@Framework@0|fastran_FPP_000001@toric@5|36031)
2025-08-19 14:59:57,975 rf_ic_toric_5   DEBUG    _invoke_service(): sendEvent  ('_IPS_MONITOR', 'PORTAL_EVENT', {'sim_name': 'fastran_FPP_000001', 'real_sim_name': 'fastran_FPP_000001', 'portal_data': {'code': 'rf_ic_toric', 'eventtype': 'IPS_MERGE_PLASMA_STATE', 'ok': True, 'walltime': '18085.84', 'time': '2025-08-19|14:59:57PDT', 'state': 'Running', 'comment': 'Success'}})
2025-08-19 14:59:57,975 rf_ic_toric_5   DEBUG    _get_service_response(REQUEST|fastran_FPP_000001@toric@5|FRAMEWORK@Framework@0|154)
2025-08-19 14:59:57,986 rf_ic_toric_5   DEBUG    _get_service_response(REQUEST|fastran_FPP_000001@toric@5|FRAMEWORK@Framework@0|154), response = ServiceResponseMessage(sender_id=FRAMEWORK@Framework@0, receiver_id=fastran_FPP_000001@toric@5, request_msg_id=REQUEST|fastran_FPP_000001@toric@5|FRAMEWORK@Framework@0|154,status=0, args=(None,), message_id=RESPONSE|FRAMEWORK@Framework@0|fastran_FPP_000001@toric@5|36032)
2025-08-19 14:59:58,085 rf_ic_toric_5   DEBUG    _invoke_service(): getTopic  ('_IPS_MONITOR',)
2025-08-19 14:59:58,085 rf_ic_toric_5   DEBUG    _get_service_response(REQUEST|fastran_FPP_000001@toric@5|FRAMEWORK@Framework@0|155)
2025-08-19 14:59:58,095 rf_ic_toric_5   DEBUG    _get_service_response(REQUEST|fastran_FPP_000001@toric@5|FRAMEWORK@Framework@0|155), response = ServiceResponseMessage(sender_id=FRAMEWORK@Framework@0, receiver_id=fastran_FPP_000001@toric@5, request_msg_id=REQUEST|fastran_FPP_000001@toric@5|FRAMEWORK@Framework@0|155,status=0, args=(<ipsframework.cca_es_spec.Topic object at 0x7f3a449c9730>,), message_id=RESPONSE|FRAMEWORK@Framework@0|fastran_FPP_000001@toric@5|36034)
2025-08-19 14:59:58,095 rf_ic_toric_5   DEBUG    _invoke_service(): sendEvent  ('_IPS_MONITOR', 'PORTAL_EVENT', {'sim_name': 'fastran_FPP_000001', 'real_sim_name': 'fastran_FPP_000001', 'portal_data': {'code': 'rf_ic_toric', 'eventtype': 'IPS_STAGE_OUTPUTS', 'ok': True, 'walltime': '18085.96', 'time': '2025-08-19|14:59:58PDT', 'trace': {'timestamp': 1755640797986691, 'duration': 98350, 'localEndpoint': {'serviceName': 'stage_output_files'}, 'name': "['torica.inp', 'machine.inp', 'log.toric', 'toric.nc', 'profstat.dat', 'equigs.data', 'equidt.data', 'toric_cfg.nc']", 'id': '749f5c33ef51fb56', 'parentId': 'c8e2fa93f3ebd5c0', 'tags': {}}, 'state': 'Running', 'comment': "Elapsed time = 0.098 Path = /pscratch/sd/h/hswils/github_repos/MANTA_DBSCANS/basecase/SCAN/simulation_results/8/components/rf_ic_toric_5 Files = ['torica.inp', 'machine.inp', 'log.toric', 'toric.nc', 'profstat.dat', 'equigs.data', 'equidt.data', 'toric_cfg.nc']"}})
2025-08-19 14:59:58,096 rf_ic_toric_5   DEBUG    _get_service_response(REQUEST|fastran_FPP_000001@toric@5|FRAMEWORK@Framework@0|156)
2025-08-19 14:59:58,106 rf_ic_toric_5   DEBUG    _get_service_response(REQUEST|fastran_FPP_000001@toric@5|FRAMEWORK@Framework@0|156), response = ServiceResponseMessage(sender_id=FRAMEWORK@Framework@0, receiver_id=fastran_FPP_000001@toric@5, request_msg_id=REQUEST|fastran_FPP_000001@toric@5|FRAMEWORK@Framework@0|156,status=0, args=(None,), message_id=RESPONSE|FRAMEWORK@Framework@0|fastran_FPP_000001@toric@5|36035)
2025-08-19 14:59:58,117 fastran_driver_fastran_driver_2 DEBUG    _get_service_response(REQUEST|fastran_FPP_000001@fastran_driver@2|FRAMEWORK@Framework@0|285), response = ServiceResponseMessage(sender_id=FRAMEWORK@Framework@0, receiver_id=fastran_FPP_000001@fastran_driver@2, request_msg_id=REQUEST|fastran_FPP_000001@fastran_driver@2|FRAMEWORK@Framework@0|285,status=0, args=((0,),), message_id=RESPONSE|FRAMEWORK@Framework@0|fastran_FPP_000001@fastran_driver@2|36036)
2025-08-19 14:59:58,117 fastran_driver_fastran_driver_2 DEBUG    _invoke_service(): getTopic  ('_IPS_MONITOR',)
2025-08-19 14:59:58,117 fastran_driver_fastran_driver_2 DEBUG    _get_service_response(REQUEST|fastran_FPP_000001@fastran_driver@2|FRAMEWORK@Framework@0|286)
2025-08-19 14:59:58,128 fastran_driver_fastran_driver_2 DEBUG    _get_service_response(REQUEST|fastran_FPP_000001@fastran_driver@2|FRAMEWORK@Framework@0|286), response = ServiceResponseMessage(sender_id=FRAMEWORK@Framework@0, receiver_id=fastran_FPP_000001@fastran_driver@2, request_msg_id=REQUEST|fastran_FPP_000001@fastran_driver@2|FRAMEWORK@Framework@0|286,status=0, args=(<ipsframework.cca_es_spec.Topic object at 0x7f3a44a205b0>,), message_id=RESPONSE|FRAMEWORK@Framework@0|fastran_FPP_000001@fastran_driver@2|36037)
2025-08-19 14:59:58,128 fastran_driver_fastran_driver_2 DEBUG    _invoke_service(): sendEvent  ('_IPS_MONITOR', 'PORTAL_EVENT', {'sim_name': 'fastran_FPP_000001', 'real_sim_name': 'fastran_FPP_000001', 'portal_data': {'code': 'fastran_driver_fastran_driver', 'eventtype': 'IPS_CALL_END', 'ok': True, 'walltime': '18086.00', 'time': '2025-08-19|14:59:58PDT', 'trace': {'timestamp': 1755640495128510, 'duration': 302988924, 'localEndpoint': {'serviceName': 'fastran_FPP_000001@toric@5'}, 'name': 'step(8)', 'id': 'c8e2fa93f3ebd5c0', 'parentId': 'f899e3e5886669ce', 'tags': {}}, 'state': 'Running', 'comment': 'Target = fastran_FPP_000001@toric@5:step(8)'}})
2025-08-19 14:59:58,128 fastran_driver_fastran_driver_2 DEBUG    _get_service_response(REQUEST|fastran_FPP_000001@fastran_driver@2|FRAMEWORK@Framework@0|287)
2025-08-19 14:59:58,139 fastran_driver_fastran_driver_2 DEBUG    _get_service_response(REQUEST|fastran_FPP_000001@fastran_driver@2|FRAMEWORK@Framework@0|287), response = ServiceResponseMessage(sender_id=FRAMEWORK@Framework@0, receiver_id=fastran_FPP_000001@fastran_driver@2, request_msg_id=REQUEST|fastran_FPP_000001@fastran_driver@2|FRAMEWORK@Framework@0|287,status=0, args=(None,), message_id=RESPONSE|FRAMEWORK@Framework@0|fastran_FPP_000001@fastran_driver@2|36038)
2025-08-19 14:59:58,140 fastran_driver_fastran_driver_2 DEBUG    _invoke_service(): getTopic  ('_IPS_MONITOR',)
2025-08-19 14:59:58,140 fastran_driver_fastran_driver_2 DEBUG    _get_service_response(REQUEST|fastran_FPP_000001@fastran_driver@2|FRAMEWORK@Framework@0|288)
2025-08-19 14:59:58,150 fastran_driver_fastran_driver_2 DEBUG    _get_service_response(REQUEST|fastran_FPP_000001@fastran_driver@2|FRAMEWORK@Framework@0|288), response = ServiceResponseMessage(sender_id=FRAMEWORK@Framework@0, receiver_id=fastran_FPP_000001@fastran_driver@2, request_msg_id=REQUEST|fastran_FPP_000001@fastran_driver@2|FRAMEWORK@Framework@0|288,status=0, args=(<ipsframework.cca_es_spec.Topic object at 0x7f3a44a20b80>,), message_id=RESPONSE|FRAMEWORK@Framework@0|fastran_FPP_000001@fastran_driver@2|36039)
2025-08-19 14:59:58,150 fastran_driver_fastran_driver_2 DEBUG    _invoke_service(): sendEvent  ('_IPS_MONITOR', 'PORTAL_EVENT', {'sim_name': 'fastran_FPP_000001', 'real_sim_name': 'fastran_FPP_000001', 'portal_data': {'code': 'fastran_driver_fastran_driver', 'eventtype': 'IPS_CALL_BEGIN', 'ok': True, 'walltime': '18086.02', 'time': '2025-08-19|14:59:58PDT', 'state': 'Running', 'comment': 'Target = fastran_FPP_000001@efit@6:step(8)'}})
2025-08-19 14:59:58,151 fastran_driver_fastran_driver_2 DEBUG    _get_service_response(REQUEST|fastran_FPP_000001@fastran_driver@2|FRAMEWORK@Framework@0|289)
2025-08-19 14:59:58,161 fastran_driver_fastran_driver_2 DEBUG    _get_service_response(REQUEST|fastran_FPP_000001@fastran_driver@2|FRAMEWORK@Framework@0|289), response = ServiceResponseMessage(sender_id=FRAMEWORK@Framework@0, receiver_id=fastran_FPP_000001@fastran_driver@2, request_msg_id=REQUEST|fastran_FPP_000001@fastran_driver@2|FRAMEWORK@Framework@0|289,status=0, args=(None,), message_id=RESPONSE|FRAMEWORK@Framework@0|fastran_FPP_000001@fastran_driver@2|36040)
2025-08-19 14:59:58,161 fastran_driver_fastran_driver_2 DEBUG    _invoke_service(): init_call  ('step', 8)
2025-08-19 14:59:58,162 fastran_driver_fastran_driver_2 DEBUG    _get_service_response(REQUEST|fastran_FPP_000001@fastran_driver@2|FRAMEWORK@Framework@0|290)
2025-08-19 14:59:58,162 fastran_eq_efit_6 DEBUG    Received Message 
2025-08-19 14:59:58,163 fastran_eq_efit_6 DEBUG    Calling method step(8)
2025-08-19 14:59:58,163 fastran_eq_efit_6 DEBUG    _invoke_service(): stage_state  (['s000001.00001', 'g000001.00001', 'i000001.00001'], '/pscratch/sd/h/hswils/github_repos/MANTA_DBSCANS/basecase/SCAN/work/plasma_state', '/pscratch/sd/h/hswils/github_repos/MANTA_DBSCANS/basecase/SCAN/work/fastran_eq_efit_6')
2025-08-19 14:59:58,163 fastran_eq_efit_6 DEBUG    _get_service_response(REQUEST|fastran_FPP_000001@efit@6|FRAMEWORK@Framework@0|64)
2025-08-19 14:59:58,173 fastran_driver_fastran_driver_2 DEBUG    _get_service_response(REQUEST|fastran_FPP_000001@fastran_driver@2|FRAMEWORK@Framework@0|290), response = ServiceResponseMessage(sender_id=FRAMEWORK@Framework@0, receiver_id=fastran_FPP_000001@fastran_driver@2, request_msg_id=REQUEST|fastran_FPP_000001@fastran_driver@2|FRAMEWORK@Framework@0|290,status=0, args=(43,), message_id=RESPONSE|FRAMEWORK@Framework@0|fastran_FPP_000001@fastran_driver@2|36041)
2025-08-19 14:59:58,173 fastran_driver_fastran_driver_2 DEBUG    _invoke_service(): wait_call  (43, True)
2025-08-19 14:59:58,173 fastran_driver_fastran_driver_2 DEBUG    _get_service_response(REQUEST|fastran_FPP_000001@fastran_driver@2|FRAMEWORK@Framework@0|291)
2025-08-19 14:59:58,184 fastran_eq_efit_6 DEBUG    _get_service_response(REQUEST|fastran_FPP_000001@efit@6|FRAMEWORK@Framework@0|64), response = ServiceResponseMessage(sender_id=FRAMEWORK@Framework@0, receiver_id=fastran_FPP_000001@efit@6, request_msg_id=REQUEST|fastran_FPP_000001@efit@6|FRAMEWORK@Framework@0|64,status=0, args=(0,), message_id=RESPONSE|FRAMEWORK@Framework@0|fastran_FPP_000001@efit@6|36042)
2025-08-19 14:59:58,184 fastran_eq_efit_6 DEBUG    _invoke_service(): getTopic  ('_IPS_MONITOR',)
2025-08-19 14:59:58,184 fastran_eq_efit_6 DEBUG    _get_service_response(REQUEST|fastran_FPP_000001@efit@6|FRAMEWORK@Framework@0|65)
2025-08-19 14:59:58,195 fastran_eq_efit_6 DEBUG    _get_service_response(REQUEST|fastran_FPP_000001@efit@6|FRAMEWORK@Framework@0|65), response = ServiceResponseMessage(sender_id=FRAMEWORK@Framework@0, receiver_id=fastran_FPP_000001@efit@6, request_msg_id=REQUEST|fastran_FPP_000001@efit@6|FRAMEWORK@Framework@0|65,status=0, args=(<ipsframework.cca_es_spec.Topic object at 0x7f3a449f5f70>,), message_id=RESPONSE|FRAMEWORK@Framework@0|fastran_FPP_000001@efit@6|36043)
2025-08-19 14:59:58,195 fastran_eq_efit_6 DEBUG    _invoke_service(): sendEvent  ('_IPS_MONITOR', 'PORTAL_EVENT', {'sim_name': 'fastran_FPP_000001', 'real_sim_name': 'fastran_FPP_000001', 'portal_data': {'code': 'fastran_eq_efit', 'eventtype': 'IPS_STAGE_STATE', 'ok': True, 'walltime': '18086.06', 'time': '2025-08-19|14:59:58PDT', 'trace': {'timestamp': 1755640798163558, 'duration': 21129, 'localEndpoint': {'serviceName': 'stage_state'}, 'name': "['s000001.00001', 'g000001.00001', 'i000001.00001']", 'id': '71885aecf25d7412', 'parentId': '4c4ed291e697dff9', 'tags': {}}, 'state': 'Running', 'comment': 'Elapsed time = 0.021  files = s000001.00001 g000001.00001 i000001.00001 Success'}})
2025-08-19 14:59:58,195 fastran_eq_efit_6 DEBUG    _get_service_response(REQUEST|fastran_FPP_000001@efit@6|FRAMEWORK@Framework@0|66)
2025-08-19 14:59:58,206 fastran_eq_efit_6 DEBUG    _get_service_response(REQUEST|fastran_FPP_000001@efit@6|FRAMEWORK@Framework@0|66), response = ServiceResponseMessage(sender_id=FRAMEWORK@Framework@0, receiver_id=fastran_FPP_000001@efit@6, request_msg_id=REQUEST|fastran_FPP_000001@efit@6|FRAMEWORK@Framework@0|66,status=0, args=(None,), message_id=RESPONSE|FRAMEWORK@Framework@0|fastran_FPP_000001@efit@6|36044)
2025-08-19 15:00:00,807 fastran_eq_efit_6 DEBUG    _invoke_service(): update_state  (['s000001.00001', 'g000001.00001', 'i000001.00001'], '/pscratch/sd/h/hswils/github_repos/MANTA_DBSCANS/basecase/SCAN/work/fastran_eq_efit_6', '/pscratch/sd/h/hswils/github_repos/MANTA_DBSCANS/basecase/SCAN/work/plasma_state')
2025-08-19 15:00:00,807 fastran_eq_efit_6 DEBUG    _get_service_response(REQUEST|fastran_FPP_000001@efit@6|FRAMEWORK@Framework@0|67)
2025-08-19 15:00:00,827 fastran_eq_efit_6 DEBUG    _get_service_response(REQUEST|fastran_FPP_000001@efit@6|FRAMEWORK@Framework@0|67), response = ServiceResponseMessage(sender_id=FRAMEWORK@Framework@0, receiver_id=fastran_FPP_000001@efit@6, request_msg_id=REQUEST|fastran_FPP_000001@efit@6|FRAMEWORK@Framework@0|67,status=0, args=(0,), message_id=RESPONSE|FRAMEWORK@Framework@0|fastran_FPP_000001@efit@6|36050)
2025-08-19 15:00:00,827 fastran_eq_efit_6 DEBUG    _invoke_service(): getTopic  ('_IPS_MONITOR',)
2025-08-19 15:00:00,827 fastran_eq_efit_6 DEBUG    _get_service_response(REQUEST|fastran_FPP_000001@efit@6|FRAMEWORK@Framework@0|68)
2025-08-19 15:00:00,838 fastran_eq_efit_6 DEBUG    _get_service_response(REQUEST|fastran_FPP_000001@efit@6|FRAMEWORK@Framework@0|68), response = ServiceResponseMessage(sender_id=FRAMEWORK@Framework@0, receiver_id=fastran_FPP_000001@efit@6, request_msg_id=REQUEST|fastran_FPP_000001@efit@6|FRAMEWORK@Framework@0|68,status=0, args=(<ipsframework.cca_es_spec.Topic object at 0x7f3a449d44f0>,), message_id=RESPONSE|FRAMEWORK@Framework@0|fastran_FPP_000001@efit@6|36051)
2025-08-19 15:00:00,838 fastran_eq_efit_6 DEBUG    _invoke_service(): sendEvent  ('_IPS_MONITOR', 'PORTAL_EVENT', {'sim_name': 'fastran_FPP_000001', 'real_sim_name': 'fastran_FPP_000001', 'portal_data': {'code': 'fastran_eq_efit', 'eventtype': 'IPS_UPDATE_STATE', 'ok': True, 'walltime': '18088.71', 'time': '2025-08-19|15:00:00PDT', 'trace': {'timestamp': 1755640800807247, 'duration': 20036, 'localEndpoint': {'serviceName': 'update_state'}, 'name': "['s000001.00001', 'g000001.00001', 'i000001.00001']", 'id': '7629e189a66153c0', 'parentId': '4c4ed291e697dff9', 'tags': {}}, 'state': 'Running', 'comment': 'Elapsed time = 0.020   files = s000001.00001 g000001.00001 i000001.00001 Success'}})
2025-08-19 15:00:00,838 fastran_eq_efit_6 DEBUG    _get_service_response(REQUEST|fastran_FPP_000001@efit@6|FRAMEWORK@Framework@0|69)
2025-08-19 15:00:00,849 fastran_eq_efit_6 DEBUG    _get_service_response(REQUEST|fastran_FPP_000001@efit@6|FRAMEWORK@Framework@0|69), response = ServiceResponseMessage(sender_id=FRAMEWORK@Framework@0, receiver_id=fastran_FPP_000001@efit@6, request_msg_id=REQUEST|fastran_FPP_000001@efit@6|FRAMEWORK@Framework@0|69,status=0, args=(None,), message_id=RESPONSE|FRAMEWORK@Framework@0|fastran_FPP_000001@efit@6|36052)
2025-08-19 15:00:00,875 fastran_eq_efit_6 DEBUG    _invoke_service(): getTopic  ('_IPS_MONITOR',)
2025-08-19 15:00:00,875 fastran_eq_efit_6 DEBUG    _get_service_response(REQUEST|fastran_FPP_000001@efit@6|FRAMEWORK@Framework@0|70)
2025-08-19 15:00:00,886 fastran_eq_efit_6 DEBUG    _get_service_response(REQUEST|fastran_FPP_000001@efit@6|FRAMEWORK@Framework@0|70), response = ServiceResponseMessage(sender_id=FRAMEWORK@Framework@0, receiver_id=fastran_FPP_000001@efit@6, request_msg_id=REQUEST|fastran_FPP_000001@efit@6|FRAMEWORK@Framework@0|70,status=0, args=(<ipsframework.cca_es_spec.Topic object at 0x7f3a449d4a30>,), message_id=RESPONSE|FRAMEWORK@Framework@0|fastran_FPP_000001@efit@6|36053)
2025-08-19 15:00:00,886 fastran_eq_efit_6 DEBUG    _invoke_service(): sendEvent  ('_IPS_MONITOR', 'PORTAL_EVENT', {'sim_name': 'fastran_FPP_000001', 'real_sim_name': 'fastran_FPP_000001', 'portal_data': {'code': 'fastran_eq_efit', 'eventtype': 'IPS_STAGE_OUTPUTS', 'ok': True, 'walltime': '18088.75', 'time': '2025-08-19|15:00:00PDT', 'trace': {'timestamp': 1755640800849350, 'duration': 26427, 'localEndpoint': {'serviceName': 'stage_output_files'}, 'name': "['g*.*', 'a*.*', 'm*.*', 'k*.*', 'efit.log', 's*.*']", 'id': '80725d8eee5776f1', 'parentId': '4c4ed291e697dff9', 'tags': {}}, 'state': 'Running', 'comment': "Elapsed time = 0.026 Path = /pscratch/sd/h/hswils/github_repos/MANTA_DBSCANS/basecase/SCAN/simulation_results/8/components/fastran_eq_efit_6 Files = ['g*.*', 'a*.*', 'm*.*', 'k*.*', 'efit.log', 's*.*']"}})
2025-08-19 15:00:00,886 fastran_eq_efit_6 DEBUG    _get_service_response(REQUEST|fastran_FPP_000001@efit@6|FRAMEWORK@Framework@0|71)
2025-08-19 15:00:00,897 fastran_eq_efit_6 DEBUG    _get_service_response(REQUEST|fastran_FPP_000001@efit@6|FRAMEWORK@Framework@0|71), response = ServiceResponseMessage(sender_id=FRAMEWORK@Framework@0, receiver_id=fastran_FPP_000001@efit@6, request_msg_id=REQUEST|fastran_FPP_000001@efit@6|FRAMEWORK@Framework@0|71,status=0, args=(None,), message_id=RESPONSE|FRAMEWORK@Framework@0|fastran_FPP_000001@efit@6|36054)
2025-08-19 15:00:00,909 fastran_driver_fastran_driver_2 DEBUG    _get_service_response(REQUEST|fastran_FPP_000001@fastran_driver@2|FRAMEWORK@Framework@0|291), response = ServiceResponseMessage(sender_id=FRAMEWORK@Framework@0, receiver_id=fastran_FPP_000001@fastran_driver@2, request_msg_id=REQUEST|fastran_FPP_000001@fastran_driver@2|FRAMEWORK@Framework@0|291,status=0, args=((None,),), message_id=RESPONSE|FRAMEWORK@Framework@0|fastran_FPP_000001@fastran_driver@2|36055)
2025-08-19 15:00:00,909 fastran_driver_fastran_driver_2 DEBUG    _invoke_service(): getTopic  ('_IPS_MONITOR',)
2025-08-19 15:00:00,909 fastran_driver_fastran_driver_2 DEBUG    _get_service_response(REQUEST|fastran_FPP_000001@fastran_driver@2|FRAMEWORK@Framework@0|292)
2025-08-19 15:00:00,920 fastran_driver_fastran_driver_2 DEBUG    _get_service_response(REQUEST|fastran_FPP_000001@fastran_driver@2|FRAMEWORK@Framework@0|292), response = ServiceResponseMessage(sender_id=FRAMEWORK@Framework@0, receiver_id=fastran_FPP_000001@fastran_driver@2, request_msg_id=REQUEST|fastran_FPP_000001@fastran_driver@2|FRAMEWORK@Framework@0|292,status=0, args=(<ipsframework.cca_es_spec.Topic object at 0x7f3a44a20be0>,), message_id=RESPONSE|FRAMEWORK@Framework@0|fastran_FPP_000001@fastran_driver@2|36056)
2025-08-19 15:00:00,920 fastran_driver_fastran_driver_2 DEBUG    _invoke_service(): sendEvent  ('_IPS_MONITOR', 'PORTAL_EVENT', {'sim_name': 'fastran_FPP_000001', 'real_sim_name': 'fastran_FPP_000001', 'portal_data': {'code': 'fastran_driver_fastran_driver', 'eventtype': 'IPS_CALL_END', 'ok': True, 'walltime': '18088.79', 'time': '2025-08-19|15:00:00PDT', 'trace': {'timestamp': 1755640798173078, 'duration': 2736339, 'localEndpoint': {'serviceName': 'fastran_FPP_000001@efit@6'}, 'name': 'step(8)', 'id': '4c4ed291e697dff9', 'parentId': 'f899e3e5886669ce', 'tags': {}}, 'state': 'Running', 'comment': 'Target = fastran_FPP_000001@efit@6:step(8)'}})
2025-08-19 15:00:00,920 fastran_driver_fastran_driver_2 DEBUG    _get_service_response(REQUEST|fastran_FPP_000001@fastran_driver@2|FRAMEWORK@Framework@0|293)
2025-08-19 15:00:00,930 fastran_driver_fastran_driver_2 DEBUG    _get_service_response(REQUEST|fastran_FPP_000001@fastran_driver@2|FRAMEWORK@Framework@0|293), response = ServiceResponseMessage(sender_id=FRAMEWORK@Framework@0, receiver_id=fastran_FPP_000001@fastran_driver@2, request_msg_id=REQUEST|fastran_FPP_000001@fastran_driver@2|FRAMEWORK@Framework@0|293,status=0, args=(None,), message_id=RESPONSE|FRAMEWORK@Framework@0|fastran_FPP_000001@fastran_driver@2|36057)
2025-08-19 15:00:00,931 fastran_driver_fastran_driver_2 DEBUG    _invoke_service(): getTopic  ('_IPS_MONITOR',)
2025-08-19 15:00:00,931 fastran_driver_fastran_driver_2 DEBUG    _get_service_response(REQUEST|fastran_FPP_000001@fastran_driver@2|FRAMEWORK@Framework@0|294)
2025-08-19 15:00:00,942 fastran_driver_fastran_driver_2 DEBUG    _get_service_response(REQUEST|fastran_FPP_000001@fastran_driver@2|FRAMEWORK@Framework@0|294), response = ServiceResponseMessage(sender_id=FRAMEWORK@Framework@0, receiver_id=fastran_FPP_000001@fastran_driver@2, request_msg_id=REQUEST|fastran_FPP_000001@fastran_driver@2|FRAMEWORK@Framework@0|294,status=0, args=(<ipsframework.cca_es_spec.Topic object at 0x7f3a44a20c40>,), message_id=RESPONSE|FRAMEWORK@Framework@0|fastran_FPP_000001@fastran_driver@2|36058)
2025-08-19 15:00:00,942 fastran_driver_fastran_driver_2 DEBUG    _invoke_service(): sendEvent  ('_IPS_MONITOR', 'PORTAL_EVENT', {'sim_name': 'fastran_FPP_000001', 'real_sim_name': 'fastran_FPP_000001', 'portal_data': {'code': 'fastran_driver_fastran_driver', 'eventtype': 'IPS_CALL_BEGIN', 'ok': True, 'walltime': '18088.81', 'time': '2025-08-19|15:00:00PDT', 'state': 'Running', 'comment': 'Target = fastran_FPP_000001@fastran@7:step(8)'}})
2025-08-19 15:00:00,942 fastran_driver_fastran_driver_2 DEBUG    _get_service_response(REQUEST|fastran_FPP_000001@fastran_driver@2|FRAMEWORK@Framework@0|295)
2025-08-19 15:00:00,953 fastran_driver_fastran_driver_2 DEBUG    _get_service_response(REQUEST|fastran_FPP_000001@fastran_driver@2|FRAMEWORK@Framework@0|295), response = ServiceResponseMessage(sender_id=FRAMEWORK@Framework@0, receiver_id=fastran_FPP_000001@fastran_driver@2, request_msg_id=REQUEST|fastran_FPP_000001@fastran_driver@2|FRAMEWORK@Framework@0|295,status=0, args=(None,), message_id=RESPONSE|FRAMEWORK@Framework@0|fastran_FPP_000001@fastran_driver@2|36059)
2025-08-19 15:00:00,953 fastran_driver_fastran_driver_2 DEBUG    _invoke_service(): init_call  ('step', 8)
2025-08-19 15:00:00,953 fastran_driver_fastran_driver_2 DEBUG    _get_service_response(REQUEST|fastran_FPP_000001@fastran_driver@2|FRAMEWORK@Framework@0|296)
2025-08-19 15:00:00,954 fastran_tr_fastran_7 DEBUG    Received Message 
2025-08-19 15:00:00,954 fastran_tr_fastran_7 DEBUG    Calling method step(8)
2025-08-19 15:00:00,954 fastran_tr_fastran_7 DEBUG    _invoke_service(): stage_state  (['s000001.00001', 'g000001.00001', 'i000001.00001'], '/pscratch/sd/h/hswils/github_repos/MANTA_DBSCANS/basecase/SCAN/work/plasma_state', '/pscratch/sd/h/hswils/github_repos/MANTA_DBSCANS/basecase/SCAN/work/fastran_tr_fastran_7')
2025-08-19 15:00:00,954 fastran_tr_fastran_7 DEBUG    _get_service_response(REQUEST|fastran_FPP_000001@fastran@7|FRAMEWORK@Framework@0|128)
2025-08-19 15:00:00,964 fastran_driver_fastran_driver_2 DEBUG    _get_service_response(REQUEST|fastran_FPP_000001@fastran_driver@2|FRAMEWORK@Framework@0|296), response = ServiceResponseMessage(sender_id=FRAMEWORK@Framework@0, receiver_id=fastran_FPP_000001@fastran_driver@2, request_msg_id=REQUEST|fastran_FPP_000001@fastran_driver@2|FRAMEWORK@Framework@0|296,status=0, args=(44,), message_id=RESPONSE|FRAMEWORK@Framework@0|fastran_FPP_000001@fastran_driver@2|36060)
2025-08-19 15:00:00,964 fastran_driver_fastran_driver_2 DEBUG    _invoke_service(): wait_call  (44, True)
2025-08-19 15:00:00,964 fastran_driver_fastran_driver_2 DEBUG    _get_service_response(REQUEST|fastran_FPP_000001@fastran_driver@2|FRAMEWORK@Framework@0|297)
2025-08-19 15:00:00,976 fastran_tr_fastran_7 DEBUG    _get_service_response(REQUEST|fastran_FPP_000001@fastran@7|FRAMEWORK@Framework@0|128), response = ServiceResponseMessage(sender_id=FRAMEWORK@Framework@0, receiver_id=fastran_FPP_000001@fastran@7, request_msg_id=REQUEST|fastran_FPP_000001@fastran@7|FRAMEWORK@Framework@0|128,status=0, args=(0,), message_id=RESPONSE|FRAMEWORK@Framework@0|fastran_FPP_000001@fastran@7|36061)
2025-08-19 15:00:00,976 fastran_tr_fastran_7 DEBUG    _invoke_service(): getTopic  ('_IPS_MONITOR',)
2025-08-19 15:00:00,976 fastran_tr_fastran_7 DEBUG    _get_service_response(REQUEST|fastran_FPP_000001@fastran@7|FRAMEWORK@Framework@0|129)
2025-08-19 15:00:00,986 fastran_tr_fastran_7 DEBUG    _get_service_response(REQUEST|fastran_FPP_000001@fastran@7|FRAMEWORK@Framework@0|129), response = ServiceResponseMessage(sender_id=FRAMEWORK@Framework@0, receiver_id=fastran_FPP_000001@fastran@7, request_msg_id=REQUEST|fastran_FPP_000001@fastran@7|FRAMEWORK@Framework@0|129,status=0, args=(<ipsframework.cca_es_spec.Topic object at 0x7f3a4493d6d0>,), message_id=RESPONSE|FRAMEWORK@Framework@0|fastran_FPP_000001@fastran@7|36062)
2025-08-19 15:00:00,987 fastran_tr_fastran_7 DEBUG    _invoke_service(): sendEvent  ('_IPS_MONITOR', 'PORTAL_EVENT', {'sim_name': 'fastran_FPP_000001', 'real_sim_name': 'fastran_FPP_000001', 'portal_data': {'code': 'fastran_tr_fastran', 'eventtype': 'IPS_STAGE_STATE', 'ok': True, 'walltime': '18088.85', 'time': '2025-08-19|15:00:00PDT', 'trace': {'timestamp': 1755640800954400, 'duration': 21705, 'localEndpoint': {'serviceName': 'stage_state'}, 'name': "['s000001.00001', 'g000001.00001', 'i000001.00001']", 'id': '71885aecf25d7412', 'parentId': '703e3007eee0a595', 'tags': {}}, 'state': 'Running', 'comment': 'Elapsed time = 0.022  files = s000001.00001 g000001.00001 i000001.00001 Success'}})
2025-08-19 15:00:00,987 fastran_tr_fastran_7 DEBUG    _get_service_response(REQUEST|fastran_FPP_000001@fastran@7|FRAMEWORK@Framework@0|130)
2025-08-19 15:00:00,998 fastran_tr_fastran_7 DEBUG    _get_service_response(REQUEST|fastran_FPP_000001@fastran@7|FRAMEWORK@Framework@0|130), response = ServiceResponseMessage(sender_id=FRAMEWORK@Framework@0, receiver_id=fastran_FPP_000001@fastran@7, request_msg_id=REQUEST|fastran_FPP_000001@fastran@7|FRAMEWORK@Framework@0|130,status=0, args=(None,), message_id=RESPONSE|FRAMEWORK@Framework@0|fastran_FPP_000001@fastran@7|36063)
2025-08-19 15:00:01,008 fastran_tr_fastran_7 DEBUG    _invoke_service(): getTopic  ('_IPS_MONITOR',)
2025-08-19 15:00:01,008 fastran_tr_fastran_7 DEBUG    _get_service_response(REQUEST|fastran_FPP_000001@fastran@7|FRAMEWORK@Framework@0|131)
2025-08-19 15:00:01,018 fastran_tr_fastran_7 DEBUG    _get_service_response(REQUEST|fastran_FPP_000001@fastran@7|FRAMEWORK@Framework@0|131), response = ServiceResponseMessage(sender_id=FRAMEWORK@Framework@0, receiver_id=fastran_FPP_000001@fastran@7, request_msg_id=REQUEST|fastran_FPP_000001@fastran@7|FRAMEWORK@Framework@0|131,status=0, args=(<ipsframework.cca_es_spec.Topic object at 0x7f3a449babe0>,), message_id=RESPONSE|FRAMEWORK@Framework@0|fastran_FPP_000001@fastran@7|36064)
2025-08-19 15:00:01,019 fastran_tr_fastran_7 DEBUG    _invoke_service(): sendEvent  ('_IPS_MONITOR', 'PORTAL_EVENT', {'sim_name': 'fastran_FPP_000001', 'real_sim_name': 'fastran_FPP_000001', 'portal_data': {'code': 'fastran_tr_fastran', 'eventtype': 'IPS_STAGE_INPUTS', 'ok': True, 'walltime': '18088.89', 'time': '2025-08-19|15:00:01PDT', 'trace': {'timestamp': 1755640800998377, 'duration': 9879, 'localEndpoint': {'serviceName': 'stage_input_files'}, 'name': 'infastran intglf', 'id': '5ff6e2efe4653e6c', 'parentId': '703e3007eee0a595', 'tags': {}}, 'state': 'Running', 'comment': 'Elapsed time = 0.010 Path = /pscratch/sd/h/hswils/github_repos/MANTA_DBSCANS/basecase/input Files = infastran intglf'}})
2025-08-19 15:00:01,019 fastran_tr_fastran_7 DEBUG    _get_service_response(REQUEST|fastran_FPP_000001@fastran@7|FRAMEWORK@Framework@0|132)
2025-08-19 15:00:01,029 fastran_tr_fastran_7 DEBUG    _get_service_response(REQUEST|fastran_FPP_000001@fastran@7|FRAMEWORK@Framework@0|132), response = ServiceResponseMessage(sender_id=FRAMEWORK@Framework@0, receiver_id=fastran_FPP_000001@fastran@7, request_msg_id=REQUEST|fastran_FPP_000001@fastran@7|FRAMEWORK@Framework@0|132,status=0, args=(None,), message_id=RESPONSE|FRAMEWORK@Framework@0|fastran_FPP_000001@fastran@7|36065)
2025-08-19 15:00:01,248 fastran_tr_fastran_7 DEBUG    _invoke_service(): init_task  (TaskInit(nproc=1, binary='/global/common/software/atom/perlmutter/binaries/fastran/default/xfastran_ver1.06', working_dir='/pscratch/sd/h/hswils/github_repos/MANTA_DBSCANS/basecase/SCAN/work/fastran_tr_fastran_7', tppn=0, tcpp=0, tgpp=0, block=True, omp=False, wnodes=True, wsocks=True, cmd_args=('1', '1')),)
2025-08-19 15:00:01,248 fastran_tr_fastran_7 DEBUG    _get_service_response(REQUEST|fastran_FPP_000001@fastran@7|FRAMEWORK@Framework@0|133)
2025-08-19 15:00:01,260 fastran_tr_fastran_7 DEBUG    _get_service_response(REQUEST|fastran_FPP_000001@fastran@7|FRAMEWORK@Framework@0|133), response = ServiceResponseMessage(sender_id=FRAMEWORK@Framework@0, receiver_id=fastran_FPP_000001@fastran@7, request_msg_id=REQUEST|fastran_FPP_000001@fastran@7|FRAMEWORK@Framework@0|133,status=0, args=((19, 'srun -N 1 -n 1 -c 128 --threads-per-core=1 --cpu-bind=cores /global/common/software/atom/perlmutter/binaries/fastran/default/xfastran_ver1.06 1 1', None, 128),), message_id=RESPONSE|FRAMEWORK@Framework@0|fastran_FPP_000001@fastran@7|36067)
2025-08-19 15:00:01,261 fastran_tr_fastran_7 DEBUG    Launching command : srun -N 1 -n 1 -c 128 --threads-per-core=1 --cpu-bind=cores /global/common/software/atom/perlmutter/binaries/fastran/default/xfastran_ver1.06 1 1
2025-08-19 15:00:01,275 fastran_tr_fastran_7 DEBUG    _invoke_service(): getTopic  ('_IPS_MONITOR',)
2025-08-19 15:00:01,275 fastran_tr_fastran_7 DEBUG    _get_service_response(REQUEST|fastran_FPP_000001@fastran@7|FRAMEWORK@Framework@0|134)
2025-08-19 15:00:01,286 fastran_tr_fastran_7 DEBUG    _get_service_response(REQUEST|fastran_FPP_000001@fastran@7|FRAMEWORK@Framework@0|134), response = ServiceResponseMessage(sender_id=FRAMEWORK@Framework@0, receiver_id=fastran_FPP_000001@fastran@7, request_msg_id=REQUEST|fastran_FPP_000001@fastran@7|FRAMEWORK@Framework@0|134,status=0, args=(<ipsframework.cca_es_spec.Topic object at 0x7f3a449468e0>,), message_id=RESPONSE|FRAMEWORK@Framework@0|fastran_FPP_000001@fastran@7|36068)
2025-08-19 15:00:01,286 fastran_tr_fastran_7 DEBUG    _invoke_service(): sendEvent  ('_IPS_MONITOR', 'PORTAL_EVENT', {'sim_name': 'fastran_FPP_000001', 'real_sim_name': 'fastran_FPP_000001', 'portal_data': {'code': 'fastran_tr_fastran', 'eventtype': 'IPS_LAUNCH_TASK', 'ok': True, 'walltime': '18089.15', 'time': '2025-08-19|15:00:01PDT', 'state': 'Running', 'comment': 'task_id = 19 , Tag = None , nproc = 1 , Target = srun -N 1 -n 1 -c 128 --threads-per-core=1 --cpu-bind=cores /global/common/software/atom/perlmutter/binaries/fastran/default/xfastran_ver1.06 1 1'}})
2025-08-19 15:00:01,287 fastran_tr_fastran_7 DEBUG    _get_service_response(REQUEST|fastran_FPP_000001@fastran@7|FRAMEWORK@Framework@0|135)
2025-08-19 15:00:01,297 fastran_tr_fastran_7 DEBUG    _get_service_response(REQUEST|fastran_FPP_000001@fastran@7|FRAMEWORK@Framework@0|135), response = ServiceResponseMessage(sender_id=FRAMEWORK@Framework@0, receiver_id=fastran_FPP_000001@fastran@7, request_msg_id=REQUEST|fastran_FPP_000001@fastran@7|FRAMEWORK@Framework@0|135,status=0, args=(None,), message_id=RESPONSE|FRAMEWORK@Framework@0|fastran_FPP_000001@fastran@7|36069)
2025-08-19 15:31:51,516 fastran_tr_fastran_7 DEBUG    _invoke_service(): getTopic  ('_IPS_MONITOR',)
2025-08-19 15:31:51,517 fastran_tr_fastran_7 DEBUG    _get_service_response(REQUEST|fastran_FPP_000001@fastran@7|FRAMEWORK@Framework@0|136)
2025-08-19 15:31:51,528 fastran_tr_fastran_7 DEBUG    _get_service_response(REQUEST|fastran_FPP_000001@fastran@7|FRAMEWORK@Framework@0|136), response = ServiceResponseMessage(sender_id=FRAMEWORK@Framework@0, receiver_id=fastran_FPP_000001@fastran@7, request_msg_id=REQUEST|fastran_FPP_000001@fastran@7|FRAMEWORK@Framework@0|136,status=0, args=(<ipsframework.cca_es_spec.Topic object at 0x7f3a449468e0>,), message_id=RESPONSE|FRAMEWORK@Framework@0|fastran_FPP_000001@fastran@7|39806)
2025-08-19 15:31:51,528 fastran_tr_fastran_7 DEBUG    _invoke_service(): sendEvent  ('_IPS_MONITOR', 'PORTAL_EVENT', {'sim_name': 'fastran_FPP_000001', 'real_sim_name': 'fastran_FPP_000001', 'portal_data': {'code': 'fastran_tr_fastran', 'eventtype': 'IPS_TASK_END', 'ok': True, 'walltime': '19999.39', 'time': '2025-08-19|15:31:51PDT', 'trace': {'timestamp': 1755640801275225, 'duration': 1910241516, 'localEndpoint': {'serviceName': '/global/common/software/atom/perlmutter/binaries/fastran/default/xfastran_ver1.06'}, 'name': '1 1', 'id': 'c837207664c1514f', 'parentId': '703e3007eee0a595', 'tags': {'procs_requested': '1', 'cores_allocated': '128'}}, 'state': 'Running', 'comment': 'task_id = 19  elapsed time = 1910.24 S'}})
2025-08-19 15:31:51,528 fastran_tr_fastran_7 DEBUG    _get_service_response(REQUEST|fastran_FPP_000001@fastran@7|FRAMEWORK@Framework@0|137)
2025-08-19 15:31:51,539 fastran_tr_fastran_7 DEBUG    _get_service_response(REQUEST|fastran_FPP_000001@fastran@7|FRAMEWORK@Framework@0|137), response = ServiceResponseMessage(sender_id=FRAMEWORK@Framework@0, receiver_id=fastran_FPP_000001@fastran@7, request_msg_id=REQUEST|fastran_FPP_000001@fastran@7|FRAMEWORK@Framework@0|137,status=0, args=(None,), message_id=RESPONSE|FRAMEWORK@Framework@0|fastran_FPP_000001@fastran@7|39807)
2025-08-19 15:31:51,539 fastran_tr_fastran_7 DEBUG    _invoke_service(): finish_task  (19, 0)
2025-08-19 15:31:51,539 fastran_tr_fastran_7 DEBUG    _get_service_response(REQUEST|fastran_FPP_000001@fastran@7|FRAMEWORK@Framework@0|138)
2025-08-19 15:31:51,551 fastran_tr_fastran_7 DEBUG    _get_service_response(REQUEST|fastran_FPP_000001@fastran@7|FRAMEWORK@Framework@0|138), response = ServiceResponseMessage(sender_id=FRAMEWORK@Framework@0, receiver_id=fastran_FPP_000001@fastran@7, request_msg_id=REQUEST|fastran_FPP_000001@fastran@7|FRAMEWORK@Framework@0|138,status=0, args=(0,), message_id=RESPONSE|FRAMEWORK@Framework@0|fastran_FPP_000001@fastran@7|39808)
2025-08-19 15:31:51,945 fastran_tr_fastran_7 DEBUG    _invoke_service(): update_state  (['s000001.00001', 'g000001.00001', 'i000001.00001'], '/pscratch/sd/h/hswils/github_repos/MANTA_DBSCANS/basecase/SCAN/work/fastran_tr_fastran_7', '/pscratch/sd/h/hswils/github_repos/MANTA_DBSCANS/basecase/SCAN/work/plasma_state')
2025-08-19 15:31:51,946 fastran_tr_fastran_7 DEBUG    _get_service_response(REQUEST|fastran_FPP_000001@fastran@7|FRAMEWORK@Framework@0|139)
2025-08-19 15:31:51,967 fastran_tr_fastran_7 DEBUG    _get_service_response(REQUEST|fastran_FPP_000001@fastran@7|FRAMEWORK@Framework@0|139), response = ServiceResponseMessage(sender_id=FRAMEWORK@Framework@0, receiver_id=fastran_FPP_000001@fastran@7, request_msg_id=REQUEST|fastran_FPP_000001@fastran@7|FRAMEWORK@Framework@0|139,status=0, args=(0,), message_id=RESPONSE|FRAMEWORK@Framework@0|fastran_FPP_000001@fastran@7|39810)
2025-08-19 15:31:51,967 fastran_tr_fastran_7 DEBUG    _invoke_service(): getTopic  ('_IPS_MONITOR',)
2025-08-19 15:31:51,967 fastran_tr_fastran_7 DEBUG    _get_service_response(REQUEST|fastran_FPP_000001@fastran@7|FRAMEWORK@Framework@0|140)
2025-08-19 15:31:51,978 fastran_tr_fastran_7 DEBUG    _get_service_response(REQUEST|fastran_FPP_000001@fastran@7|FRAMEWORK@Framework@0|140), response = ServiceResponseMessage(sender_id=FRAMEWORK@Framework@0, receiver_id=fastran_FPP_000001@fastran@7, request_msg_id=REQUEST|fastran_FPP_000001@fastran@7|FRAMEWORK@Framework@0|140,status=0, args=(<ipsframework.cca_es_spec.Topic object at 0x7f3a449486a0>,), message_id=RESPONSE|FRAMEWORK@Framework@0|fastran_FPP_000001@fastran@7|39811)
2025-08-19 15:31:51,978 fastran_tr_fastran_7 DEBUG    _invoke_service(): sendEvent  ('_IPS_MONITOR', 'PORTAL_EVENT', {'sim_name': 'fastran_FPP_000001', 'real_sim_name': 'fastran_FPP_000001', 'portal_data': {'code': 'fastran_tr_fastran', 'eventtype': 'IPS_UPDATE_STATE', 'ok': True, 'walltime': '19999.85', 'time': '2025-08-19|15:31:51PDT', 'trace': {'timestamp': 1755642711945821, 'duration': 21553, 'localEndpoint': {'serviceName': 'update_state'}, 'name': "['s000001.00001', 'g000001.00001', 'i000001.00001']", 'id': '7629e189a66153c0', 'parentId': '703e3007eee0a595', 'tags': {}}, 'state': 'Running', 'comment': 'Elapsed time = 0.022   files = s000001.00001 g000001.00001 i000001.00001 Success'}})
2025-08-19 15:31:51,978 fastran_tr_fastran_7 DEBUG    _get_service_response(REQUEST|fastran_FPP_000001@fastran@7|FRAMEWORK@Framework@0|141)
2025-08-19 15:31:51,989 fastran_tr_fastran_7 DEBUG    _get_service_response(REQUEST|fastran_FPP_000001@fastran@7|FRAMEWORK@Framework@0|141), response = ServiceResponseMessage(sender_id=FRAMEWORK@Framework@0, receiver_id=fastran_FPP_000001@fastran@7, request_msg_id=REQUEST|fastran_FPP_000001@fastran@7|FRAMEWORK@Framework@0|141,status=0, args=(None,), message_id=RESPONSE|FRAMEWORK@Framework@0|fastran_FPP_000001@fastran@7|39812)
2025-08-19 15:31:52,009 fastran_tr_fastran_7 DEBUG    _invoke_service(): getTopic  ('_IPS_MONITOR',)
2025-08-19 15:31:52,009 fastran_tr_fastran_7 DEBUG    _get_service_response(REQUEST|fastran_FPP_000001@fastran@7|FRAMEWORK@Framework@0|142)
2025-08-19 15:31:52,019 fastran_tr_fastran_7 DEBUG    _get_service_response(REQUEST|fastran_FPP_000001@fastran@7|FRAMEWORK@Framework@0|142), response = ServiceResponseMessage(sender_id=FRAMEWORK@Framework@0, receiver_id=fastran_FPP_000001@fastran@7, request_msg_id=REQUEST|fastran_FPP_000001@fastran@7|FRAMEWORK@Framework@0|142,status=0, args=(<ipsframework.cca_es_spec.Topic object at 0x7f3a44948790>,), message_id=RESPONSE|FRAMEWORK@Framework@0|fastran_FPP_000001@fastran@7|39813)
2025-08-19 15:31:52,019 fastran_tr_fastran_7 DEBUG    _invoke_service(): sendEvent  ('_IPS_MONITOR', 'PORTAL_EVENT', {'sim_name': 'fastran_FPP_000001', 'real_sim_name': 'fastran_FPP_000001', 'portal_data': {'code': 'fastran_tr_fastran', 'eventtype': 'IPS_STAGE_OUTPUTS', 'ok': True, 'walltime': '19999.89', 'time': '2025-08-19|15:31:52PDT', 'trace': {'timestamp': 1755642711989386, 'duration': 19766, 'localEndpoint': {'serviceName': 'stage_output_files'}, 'name': "['fastran.nc', 'inprof', 'inmetric', 'infastran', 'intglf', 'xfastran.log', 'i000001.00001']", 'id': '7349cfaaafc33980', 'parentId': '703e3007eee0a595', 'tags': {}}, 'state': 'Running', 'comment': "Elapsed time = 0.020 Path = /pscratch/sd/h/hswils/github_repos/MANTA_DBSCANS/basecase/SCAN/simulation_results/8/components/fastran_tr_fastran_7 Files = ['fastran.nc', 'inprof', 'inmetric', 'infastran', 'intglf', 'xfastran.log', 'i000001.00001']"}})
2025-08-19 15:31:52,019 fastran_tr_fastran_7 DEBUG    _get_service_response(REQUEST|fastran_FPP_000001@fastran@7|FRAMEWORK@Framework@0|143)
2025-08-19 15:31:52,030 fastran_tr_fastran_7 DEBUG    _get_service_response(REQUEST|fastran_FPP_000001@fastran@7|FRAMEWORK@Framework@0|143), response = ServiceResponseMessage(sender_id=FRAMEWORK@Framework@0, receiver_id=fastran_FPP_000001@fastran@7, request_msg_id=REQUEST|fastran_FPP_000001@fastran@7|FRAMEWORK@Framework@0|143,status=0, args=(None,), message_id=RESPONSE|FRAMEWORK@Framework@0|fastran_FPP_000001@fastran@7|39814)
2025-08-19 15:31:52,042 fastran_driver_fastran_driver_2 DEBUG    _get_service_response(REQUEST|fastran_FPP_000001@fastran_driver@2|FRAMEWORK@Framework@0|297), response = ServiceResponseMessage(sender_id=FRAMEWORK@Framework@0, receiver_id=fastran_FPP_000001@fastran_driver@2, request_msg_id=REQUEST|fastran_FPP_000001@fastran_driver@2|FRAMEWORK@Framework@0|297,status=0, args=((None,),), message_id=RESPONSE|FRAMEWORK@Framework@0|fastran_FPP_000001@fastran_driver@2|39815)
2025-08-19 15:31:52,042 fastran_driver_fastran_driver_2 DEBUG    _invoke_service(): getTopic  ('_IPS_MONITOR',)
2025-08-19 15:31:52,042 fastran_driver_fastran_driver_2 DEBUG    _get_service_response(REQUEST|fastran_FPP_000001@fastran_driver@2|FRAMEWORK@Framework@0|298)
2025-08-19 15:31:52,053 fastran_driver_fastran_driver_2 DEBUG    _get_service_response(REQUEST|fastran_FPP_000001@fastran_driver@2|FRAMEWORK@Framework@0|298), response = ServiceResponseMessage(sender_id=FRAMEWORK@Framework@0, receiver_id=fastran_FPP_000001@fastran_driver@2, request_msg_id=REQUEST|fastran_FPP_000001@fastran_driver@2|FRAMEWORK@Framework@0|298,status=0, args=(<ipsframework.cca_es_spec.Topic object at 0x7f3a44a205b0>,), message_id=RESPONSE|FRAMEWORK@Framework@0|fastran_FPP_000001@fastran_driver@2|39816)
2025-08-19 15:31:52,054 fastran_driver_fastran_driver_2 DEBUG    _invoke_service(): sendEvent  ('_IPS_MONITOR', 'PORTAL_EVENT', {'sim_name': 'fastran_FPP_000001', 'real_sim_name': 'fastran_FPP_000001', 'portal_data': {'code': 'fastran_driver_fastran_driver', 'eventtype': 'IPS_CALL_END', 'ok': True, 'walltime': '19999.92', 'time': '2025-08-19|15:31:52PDT', 'trace': {'timestamp': 1755640800964413, 'duration': 1911077936, 'localEndpoint': {'serviceName': 'fastran_FPP_000001@fastran@7'}, 'name': 'step(8)', 'id': '703e3007eee0a595', 'parentId': 'f899e3e5886669ce', 'tags': {}}, 'state': 'Running', 'comment': 'Target = fastran_FPP_000001@fastran@7:step(8)'}})
2025-08-19 15:31:52,054 fastran_driver_fastran_driver_2 DEBUG    _get_service_response(REQUEST|fastran_FPP_000001@fastran_driver@2|FRAMEWORK@Framework@0|299)
2025-08-19 15:31:52,065 fastran_driver_fastran_driver_2 DEBUG    _get_service_response(REQUEST|fastran_FPP_000001@fastran_driver@2|FRAMEWORK@Framework@0|299), response = ServiceResponseMessage(sender_id=FRAMEWORK@Framework@0, receiver_id=fastran_FPP_000001@fastran_driver@2, request_msg_id=REQUEST|fastran_FPP_000001@fastran_driver@2|FRAMEWORK@Framework@0|299,status=0, args=(None,), message_id=RESPONSE|FRAMEWORK@Framework@0|fastran_FPP_000001@fastran_driver@2|39817)
2025-08-19 15:31:52,065 fastran_driver_fastran_driver_2 DEBUG    _invoke_service(): stage_state  (['s000001.00001', 'g000001.00001', 'i000001.00001'], '/pscratch/sd/h/hswils/github_repos/MANTA_DBSCANS/basecase/SCAN/work/plasma_state', '/pscratch/sd/h/hswils/github_repos/MANTA_DBSCANS/basecase/SCAN/work/fastran_driver_fastran_driver_2')
2025-08-19 15:31:52,065 fastran_driver_fastran_driver_2 DEBUG    _get_service_response(REQUEST|fastran_FPP_000001@fastran_driver@2|FRAMEWORK@Framework@0|300)
2025-08-19 15:31:52,086 fastran_driver_fastran_driver_2 DEBUG    _get_service_response(REQUEST|fastran_FPP_000001@fastran_driver@2|FRAMEWORK@Framework@0|300), response = ServiceResponseMessage(sender_id=FRAMEWORK@Framework@0, receiver_id=fastran_FPP_000001@fastran_driver@2, request_msg_id=REQUEST|fastran_FPP_000001@fastran_driver@2|FRAMEWORK@Framework@0|300,status=0, args=(0,), message_id=RESPONSE|FRAMEWORK@Framework@0|fastran_FPP_000001@fastran_driver@2|39818)
2025-08-19 15:31:52,087 fastran_driver_fastran_driver_2 DEBUG    _invoke_service(): getTopic  ('_IPS_MONITOR',)
2025-08-19 15:31:52,087 fastran_driver_fastran_driver_2 DEBUG    _get_service_response(REQUEST|fastran_FPP_000001@fastran_driver@2|FRAMEWORK@Framework@0|301)
2025-08-19 15:31:52,097 fastran_driver_fastran_driver_2 DEBUG    _get_service_response(REQUEST|fastran_FPP_000001@fastran_driver@2|FRAMEWORK@Framework@0|301), response = ServiceResponseMessage(sender_id=FRAMEWORK@Framework@0, receiver_id=fastran_FPP_000001@fastran_driver@2, request_msg_id=REQUEST|fastran_FPP_000001@fastran_driver@2|FRAMEWORK@Framework@0|301,status=0, args=(<ipsframework.cca_es_spec.Topic object at 0x7f3a44a20c10>,), message_id=RESPONSE|FRAMEWORK@Framework@0|fastran_FPP_000001@fastran_driver@2|39819)
2025-08-19 15:31:52,098 fastran_driver_fastran_driver_2 DEBUG    _invoke_service(): sendEvent  ('_IPS_MONITOR', 'PORTAL_EVENT', {'sim_name': 'fastran_FPP_000001', 'real_sim_name': 'fastran_FPP_000001', 'portal_data': {'code': 'fastran_driver_fastran_driver', 'eventtype': 'IPS_STAGE_STATE', 'ok': True, 'walltime': '19999.97', 'time': '2025-08-19|15:31:52PDT', 'trace': {'timestamp': 1755642712065431, 'duration': 21567, 'localEndpoint': {'serviceName': 'stage_state'}, 'name': "['s000001.00001', 'g000001.00001', 'i000001.00001']", 'id': '71885aecf25d7412', 'parentId': 'f899e3e5886669ce', 'tags': {}}, 'state': 'Running', 'comment': 'Elapsed time = 0.022  files = s000001.00001 g000001.00001 i000001.00001 Success'}})
2025-08-19 15:31:52,098 fastran_driver_fastran_driver_2 DEBUG    _get_service_response(REQUEST|fastran_FPP_000001@fastran_driver@2|FRAMEWORK@Framework@0|302)
2025-08-19 15:31:52,109 fastran_driver_fastran_driver_2 DEBUG    _get_service_response(REQUEST|fastran_FPP_000001@fastran_driver@2|FRAMEWORK@Framework@0|302), response = ServiceResponseMessage(sender_id=FRAMEWORK@Framework@0, receiver_id=fastran_FPP_000001@fastran_driver@2, request_msg_id=REQUEST|fastran_FPP_000001@fastran_driver@2|FRAMEWORK@Framework@0|302,status=0, args=(None,), message_id=RESPONSE|FRAMEWORK@Framework@0|fastran_FPP_000001@fastran_driver@2|39820)
2025-08-19 15:31:52,109 fastran_driver_fastran_driver_2 DEBUG    _invoke_service(): getTopic  ('_IPS_MONITOR',)
2025-08-19 15:31:52,109 fastran_driver_fastran_driver_2 DEBUG    _get_service_response(REQUEST|fastran_FPP_000001@fastran_driver@2|FRAMEWORK@Framework@0|303)
2025-08-19 15:31:52,120 fastran_driver_fastran_driver_2 DEBUG    _get_service_response(REQUEST|fastran_FPP_000001@fastran_driver@2|FRAMEWORK@Framework@0|303), response = ServiceResponseMessage(sender_id=FRAMEWORK@Framework@0, receiver_id=fastran_FPP_000001@fastran_driver@2, request_msg_id=REQUEST|fastran_FPP_000001@fastran_driver@2|FRAMEWORK@Framework@0|303,status=0, args=(<ipsframework.cca_es_spec.Topic object at 0x7f3a44a20d90>,), message_id=RESPONSE|FRAMEWORK@Framework@0|fastran_FPP_000001@fastran_driver@2|39821)
2025-08-19 15:31:52,120 fastran_driver_fastran_driver_2 DEBUG    _invoke_service(): sendEvent  ('_IPS_MONITOR', 'PORTAL_EVENT', {'sim_name': 'fastran_FPP_000001', 'real_sim_name': 'fastran_FPP_000001', 'portal_data': {'code': 'fastran_driver_fastran_driver', 'eventtype': 'IPS_STAGE_OUTPUTS', 'ok': True, 'walltime': '19999.99', 'time': '2025-08-19|15:31:52PDT', 'trace': {'timestamp': 1755642712109332, 'duration': 324, 'localEndpoint': {'serviceName': 'stage_output_files'}, 'name': '[]', 'id': 'ed019efe11be26d9', 'parentId': 'f899e3e5886669ce', 'tags': {}}, 'state': 'Running', 'comment': 'Elapsed time = 0.000 Path = /pscratch/sd/h/hswils/github_repos/MANTA_DBSCANS/basecase/SCAN/simulation_results/8/components/fastran_driver_fastran_driver_2 Files = []'}})
2025-08-19 15:31:52,120 fastran_driver_fastran_driver_2 DEBUG    _get_service_response(REQUEST|fastran_FPP_000001@fastran_driver@2|FRAMEWORK@Framework@0|304)
2025-08-19 15:31:52,131 fastran_driver_fastran_driver_2 DEBUG    _get_service_response(REQUEST|fastran_FPP_000001@fastran_driver@2|FRAMEWORK@Framework@0|304), response = ServiceResponseMessage(sender_id=FRAMEWORK@Framework@0, receiver_id=fastran_FPP_000001@fastran_driver@2, request_msg_id=REQUEST|fastran_FPP_000001@fastran_driver@2|FRAMEWORK@Framework@0|304,status=0, args=(None,), message_id=RESPONSE|FRAMEWORK@Framework@0|fastran_FPP_000001@fastran_driver@2|39822)
2025-08-19 15:31:52,132 fastran_driver_fastran_driver_2 DEBUG    _invoke_service(): getTopic  ('_IPS_MONITOR',)
2025-08-19 15:31:52,132 fastran_driver_fastran_driver_2 DEBUG    _get_service_response(REQUEST|fastran_FPP_000001@fastran_driver@2|FRAMEWORK@Framework@0|305)
2025-08-19 15:31:52,143 fastran_driver_fastran_driver_2 DEBUG    _get_service_response(REQUEST|fastran_FPP_000001@fastran_driver@2|FRAMEWORK@Framework@0|305), response = ServiceResponseMessage(sender_id=FRAMEWORK@Framework@0, receiver_id=fastran_FPP_000001@fastran_driver@2, request_msg_id=REQUEST|fastran_FPP_000001@fastran_driver@2|FRAMEWORK@Framework@0|305,status=0, args=(<ipsframework.cca_es_spec.Topic object at 0x7f3a44a20c70>,), message_id=RESPONSE|FRAMEWORK@Framework@0|fastran_FPP_000001@fastran_driver@2|39823)
2025-08-19 15:31:52,143 fastran_driver_fastran_driver_2 DEBUG    _invoke_service(): sendEvent  ('_IPS_MONITOR', 'PORTALBRIDGE_UPDATE_TIMESTAMP', {'sim_name': 'fastran_FPP_000001', 'real_sim_name': 'fastran_FPP_000001', 'portal_data': {'phystimestamp': 9, 'eventtype': 'PORTALBRIDGE_UPDATE_TIMESTAMP'}})
2025-08-19 15:31:52,143 fastran_driver_fastran_driver_2 DEBUG    _get_service_response(REQUEST|fastran_FPP_000001@fastran_driver@2|FRAMEWORK@Framework@0|306)
2025-08-19 15:31:52,154 fastran_driver_fastran_driver_2 DEBUG    _get_service_response(REQUEST|fastran_FPP_000001@fastran_driver@2|FRAMEWORK@Framework@0|306), response = ServiceResponseMessage(sender_id=FRAMEWORK@Framework@0, receiver_id=fastran_FPP_000001@fastran_driver@2, request_msg_id=REQUEST|fastran_FPP_000001@fastran_driver@2|FRAMEWORK@Framework@0|306,status=0, args=(None,), message_id=RESPONSE|FRAMEWORK@Framework@0|fastran_FPP_000001@fastran_driver@2|39824)
2025-08-19 15:31:52,154 fastran_driver_fastran_driver_2 DEBUG    _invoke_service(): getTopic  ('_IPS_MONITOR',)
2025-08-19 15:31:52,154 fastran_driver_fastran_driver_2 DEBUG    _get_service_response(REQUEST|fastran_FPP_000001@fastran_driver@2|FRAMEWORK@Framework@0|307)
2025-08-19 15:31:52,165 fastran_driver_fastran_driver_2 DEBUG    _get_service_response(REQUEST|fastran_FPP_000001@fastran_driver@2|FRAMEWORK@Framework@0|307), response = ServiceResponseMessage(sender_id=FRAMEWORK@Framework@0, receiver_id=fastran_FPP_000001@fastran_driver@2, request_msg_id=REQUEST|fastran_FPP_000001@fastran_driver@2|FRAMEWORK@Framework@0|307,status=0, args=(<ipsframework.cca_es_spec.Topic object at 0x7f3a44a20d90>,), message_id=RESPONSE|FRAMEWORK@Framework@0|fastran_FPP_000001@fastran_driver@2|39825)
2025-08-19 15:31:52,165 fastran_driver_fastran_driver_2 DEBUG    _invoke_service(): sendEvent  ('_IPS_MONITOR', 'PORTAL_EVENT', {'sim_name': 'fastran_FPP_000001', 'real_sim_name': 'fastran_FPP_000001', 'portal_data': {'code': 'fastran_driver_fastran_driver', 'eventtype': 'IPS_UPDATE_TIME_STAMP', 'ok': True, 'walltime': '20000.03', 'time': '2025-08-19|15:31:52PDT', 'state': 'Running', 'comment': 'Timestamp = 9'}})
2025-08-19 15:31:52,165 fastran_driver_fastran_driver_2 DEBUG    _get_service_response(REQUEST|fastran_FPP_000001@fastran_driver@2|FRAMEWORK@Framework@0|308)
2025-08-19 15:31:52,176 fastran_driver_fastran_driver_2 DEBUG    _get_service_response(REQUEST|fastran_FPP_000001@fastran_driver@2|FRAMEWORK@Framework@0|308), response = ServiceResponseMessage(sender_id=FRAMEWORK@Framework@0, receiver_id=fastran_FPP_000001@fastran_driver@2, request_msg_id=REQUEST|fastran_FPP_000001@fastran_driver@2|FRAMEWORK@Framework@0|308,status=0, args=(None,), message_id=RESPONSE|FRAMEWORK@Framework@0|fastran_FPP_000001@fastran_driver@2|39826)
2025-08-19 15:31:52,176 fastran_driver_fastran_driver_2 DEBUG    _invoke_service(): getTopic  ('_IPS_MONITOR',)
2025-08-19 15:31:52,176 fastran_driver_fastran_driver_2 DEBUG    _get_service_response(REQUEST|fastran_FPP_000001@fastran_driver@2|FRAMEWORK@Framework@0|309)
2025-08-19 15:31:52,187 fastran_driver_fastran_driver_2 DEBUG    _get_service_response(REQUEST|fastran_FPP_000001@fastran_driver@2|FRAMEWORK@Framework@0|309), response = ServiceResponseMessage(sender_id=FRAMEWORK@Framework@0, receiver_id=fastran_FPP_000001@fastran_driver@2, request_msg_id=REQUEST|fastran_FPP_000001@fastran_driver@2|FRAMEWORK@Framework@0|309,status=0, args=(<ipsframework.cca_es_spec.Topic object at 0x7f3a44a20dc0>,), message_id=RESPONSE|FRAMEWORK@Framework@0|fastran_FPP_000001@fastran_driver@2|39827)
2025-08-19 15:31:52,187 fastran_driver_fastran_driver_2 DEBUG    _invoke_service(): sendEvent  ('_IPS_MONITOR', 'PORTAL_EVENT', {'sim_name': 'fastran_FPP_000001', 'real_sim_name': 'fastran_FPP_000001', 'portal_data': {'code': 'fastran_driver_fastran_driver', 'eventtype': 'IPS_CALL_BEGIN', 'ok': True, 'walltime': '20000.05', 'time': '2025-08-19|15:31:52PDT', 'state': 'Running', 'comment': 'Target = fastran_FPP_000001@toric@5:step(9)'}})
2025-08-19 15:31:52,187 fastran_driver_fastran_driver_2 DEBUG    _get_service_response(REQUEST|fastran_FPP_000001@fastran_driver@2|FRAMEWORK@Framework@0|310)
2025-08-19 15:31:52,198 fastran_driver_fastran_driver_2 DEBUG    _get_service_response(REQUEST|fastran_FPP_000001@fastran_driver@2|FRAMEWORK@Framework@0|310), response = ServiceResponseMessage(sender_id=FRAMEWORK@Framework@0, receiver_id=fastran_FPP_000001@fastran_driver@2, request_msg_id=REQUEST|fastran_FPP_000001@fastran_driver@2|FRAMEWORK@Framework@0|310,status=0, args=(None,), message_id=RESPONSE|FRAMEWORK@Framework@0|fastran_FPP_000001@fastran_driver@2|39828)
2025-08-19 15:31:52,198 fastran_driver_fastran_driver_2 DEBUG    _invoke_service(): init_call  ('step', 9)
2025-08-19 15:31:52,198 fastran_driver_fastran_driver_2 DEBUG    _get_service_response(REQUEST|fastran_FPP_000001@fastran_driver@2|FRAMEWORK@Framework@0|311)
2025-08-19 15:31:52,199 rf_ic_toric_5   DEBUG    Received Message 
2025-08-19 15:31:52,199 rf_ic_toric_5   DEBUG    Calling method step(9)
2025-08-19 15:31:52,200 rf_ic_toric_5   DEBUG    _invoke_service(): stage_state  (['s000001.00001', 'g000001.00001'], '/pscratch/sd/h/hswils/github_repos/MANTA_DBSCANS/basecase/SCAN/work/plasma_state', '/pscratch/sd/h/hswils/github_repos/MANTA_DBSCANS/basecase/SCAN/work/rf_ic_toric_5')
2025-08-19 15:31:52,200 rf_ic_toric_5   DEBUG    _get_service_response(REQUEST|fastran_FPP_000001@toric@5|FRAMEWORK@Framework@0|157)
2025-08-19 15:31:52,209 fastran_driver_fastran_driver_2 DEBUG    _get_service_response(REQUEST|fastran_FPP_000001@fastran_driver@2|FRAMEWORK@Framework@0|311), response = ServiceResponseMessage(sender_id=FRAMEWORK@Framework@0, receiver_id=fastran_FPP_000001@fastran_driver@2, request_msg_id=REQUEST|fastran_FPP_000001@fastran_driver@2|FRAMEWORK@Framework@0|311,status=0, args=(45,), message_id=RESPONSE|FRAMEWORK@Framework@0|fastran_FPP_000001@fastran_driver@2|39829)
2025-08-19 15:31:52,209 fastran_driver_fastran_driver_2 DEBUG    _invoke_service(): wait_call  (45, True)
2025-08-19 15:31:52,210 fastran_driver_fastran_driver_2 DEBUG    _get_service_response(REQUEST|fastran_FPP_000001@fastran_driver@2|FRAMEWORK@Framework@0|312)
2025-08-19 15:31:52,220 rf_ic_toric_5   DEBUG    _get_service_response(REQUEST|fastran_FPP_000001@toric@5|FRAMEWORK@Framework@0|157), response = ServiceResponseMessage(sender_id=FRAMEWORK@Framework@0, receiver_id=fastran_FPP_000001@toric@5, request_msg_id=REQUEST|fastran_FPP_000001@toric@5|FRAMEWORK@Framework@0|157,status=0, args=(0,), message_id=RESPONSE|FRAMEWORK@Framework@0|fastran_FPP_000001@toric@5|39830)
2025-08-19 15:31:52,220 rf_ic_toric_5   DEBUG    _invoke_service(): getTopic  ('_IPS_MONITOR',)
2025-08-19 15:31:52,220 rf_ic_toric_5   DEBUG    _get_service_response(REQUEST|fastran_FPP_000001@toric@5|FRAMEWORK@Framework@0|158)
2025-08-19 15:31:52,231 rf_ic_toric_5   DEBUG    _get_service_response(REQUEST|fastran_FPP_000001@toric@5|FRAMEWORK@Framework@0|158), response = ServiceResponseMessage(sender_id=FRAMEWORK@Framework@0, receiver_id=fastran_FPP_000001@toric@5, request_msg_id=REQUEST|fastran_FPP_000001@toric@5|FRAMEWORK@Framework@0|158,status=0, args=(<ipsframework.cca_es_spec.Topic object at 0x7f3a449c97f0>,), message_id=RESPONSE|FRAMEWORK@Framework@0|fastran_FPP_000001@toric@5|39831)
2025-08-19 15:31:52,231 rf_ic_toric_5   DEBUG    _invoke_service(): sendEvent  ('_IPS_MONITOR', 'PORTAL_EVENT', {'sim_name': 'fastran_FPP_000001', 'real_sim_name': 'fastran_FPP_000001', 'portal_data': {'code': 'rf_ic_toric', 'eventtype': 'IPS_STAGE_STATE', 'ok': True, 'walltime': '20000.10', 'time': '2025-08-19|15:31:52PDT', 'trace': {'timestamp': 1755642712200075, 'duration': 20317, 'localEndpoint': {'serviceName': 'stage_state'}, 'name': "['s000001.00001', 'g000001.00001']", 'id': '32793a28c0f8ba4b', 'parentId': 'f61649391a7d9151', 'tags': {}}, 'state': 'Running', 'comment': 'Elapsed time = 0.020  files = s000001.00001 g000001.00001 Success'}})
2025-08-19 15:31:52,231 rf_ic_toric_5   DEBUG    _get_service_response(REQUEST|fastran_FPP_000001@toric@5|FRAMEWORK@Framework@0|159)
2025-08-19 15:31:52,242 rf_ic_toric_5   DEBUG    _get_service_response(REQUEST|fastran_FPP_000001@toric@5|FRAMEWORK@Framework@0|159), response = ServiceResponseMessage(sender_id=FRAMEWORK@Framework@0, receiver_id=fastran_FPP_000001@toric@5, request_msg_id=REQUEST|fastran_FPP_000001@toric@5|FRAMEWORK@Framework@0|159,status=0, args=(None,), message_id=RESPONSE|FRAMEWORK@Framework@0|fastran_FPP_000001@toric@5|39832)
2025-08-19 15:31:52,255 rf_ic_toric_5   DEBUG    _invoke_service(): getTopic  ('_IPS_MONITOR',)
2025-08-19 15:31:52,256 rf_ic_toric_5   DEBUG    _get_service_response(REQUEST|fastran_FPP_000001@toric@5|FRAMEWORK@Framework@0|160)
2025-08-19 15:31:52,266 rf_ic_toric_5   DEBUG    _get_service_response(REQUEST|fastran_FPP_000001@toric@5|FRAMEWORK@Framework@0|160), response = ServiceResponseMessage(sender_id=FRAMEWORK@Framework@0, receiver_id=fastran_FPP_000001@toric@5, request_msg_id=REQUEST|fastran_FPP_000001@toric@5|FRAMEWORK@Framework@0|160,status=0, args=(<ipsframework.cca_es_spec.Topic object at 0x7f3a449c9910>,), message_id=RESPONSE|FRAMEWORK@Framework@0|fastran_FPP_000001@toric@5|39833)
2025-08-19 15:31:52,266 rf_ic_toric_5   DEBUG    _invoke_service(): sendEvent  ('_IPS_MONITOR', 'PORTAL_EVENT', {'sim_name': 'fastran_FPP_000001', 'real_sim_name': 'fastran_FPP_000001', 'portal_data': {'code': 'rf_ic_toric', 'eventtype': 'IPS_STAGE_INPUTS', 'ok': True, 'walltime': '20000.13', 'time': '2025-08-19|15:31:52PDT', 'trace': {'timestamp': 1755642712242484, 'duration': 13417, 'localEndpoint': {'serviceName': 'stage_input_files'}, 'name': 'machine.inp equigs_gen.ind torica.inp', 'id': 'b108389cfa22cdf4', 'parentId': 'f61649391a7d9151', 'tags': {}}, 'state': 'Running', 'comment': 'Elapsed time = 0.013 Path = /pscratch/sd/h/hswils/github_repos/MANTA_DBSCANS/basecase/input Files = machine.inp equigs_gen.ind torica.inp'}})
2025-08-19 15:31:52,266 rf_ic_toric_5   DEBUG    _get_service_response(REQUEST|fastran_FPP_000001@toric@5|FRAMEWORK@Framework@0|161)
2025-08-19 15:31:52,277 rf_ic_toric_5   DEBUG    _get_service_response(REQUEST|fastran_FPP_000001@toric@5|FRAMEWORK@Framework@0|161), response = ServiceResponseMessage(sender_id=FRAMEWORK@Framework@0, receiver_id=fastran_FPP_000001@toric@5, request_msg_id=REQUEST|fastran_FPP_000001@toric@5|FRAMEWORK@Framework@0|161,status=0, args=(None,), message_id=RESPONSE|FRAMEWORK@Framework@0|fastran_FPP_000001@toric@5|39834)
2025-08-19 15:31:52,560 rf_ic_toric_5   DEBUG    _invoke_service(): init_task  (TaskInit(nproc=24, binary='/global/common/software/atom/perlmutter/binaries/toric/default/Ptoric.e', working_dir='/pscratch/sd/h/hswils/github_repos/MANTA_DBSCANS/basecase/SCAN/work/rf_ic_toric_5', tppn=0, tcpp=0, tgpp=0, block=True, omp=False, wnodes=True, wsocks=True, cmd_args=()),)
2025-08-19 15:31:52,561 rf_ic_toric_5   DEBUG    _get_service_response(REQUEST|fastran_FPP_000001@toric@5|FRAMEWORK@Framework@0|162)
2025-08-19 15:31:52,572 rf_ic_toric_5   DEBUG    _get_service_response(REQUEST|fastran_FPP_000001@toric@5|FRAMEWORK@Framework@0|162), response = ServiceResponseMessage(sender_id=FRAMEWORK@Framework@0, receiver_id=fastran_FPP_000001@toric@5, request_msg_id=REQUEST|fastran_FPP_000001@toric@5|FRAMEWORK@Framework@0|162,status=0, args=((20, 'srun -N 1 -n 24 -c 5 --threads-per-core=1 --cpu-bind=cores /global/common/software/atom/perlmutter/binaries/toric/default/Ptoric.e ', None, 128),), message_id=RESPONSE|FRAMEWORK@Framework@0|fastran_FPP_000001@toric@5|39836)
2025-08-19 15:31:52,575 rf_ic_toric_5   DEBUG    Launching command : srun -N 1 -n 24 -c 5 --threads-per-core=1 --cpu-bind=cores /global/common/software/atom/perlmutter/binaries/toric/default/Ptoric.e 
2025-08-19 15:31:52,594 rf_ic_toric_5   DEBUG    _invoke_service(): getTopic  ('_IPS_MONITOR',)
2025-08-19 15:31:52,594 rf_ic_toric_5   DEBUG    _get_service_response(REQUEST|fastran_FPP_000001@toric@5|FRAMEWORK@Framework@0|163)
2025-08-19 15:31:52,606 rf_ic_toric_5   DEBUG    _get_service_response(REQUEST|fastran_FPP_000001@toric@5|FRAMEWORK@Framework@0|163), response = ServiceResponseMessage(sender_id=FRAMEWORK@Framework@0, receiver_id=fastran_FPP_000001@toric@5, request_msg_id=REQUEST|fastran_FPP_000001@toric@5|FRAMEWORK@Framework@0|163,status=0, args=(<ipsframework.cca_es_spec.Topic object at 0x7f3a449c95e0>,), message_id=RESPONSE|FRAMEWORK@Framework@0|fastran_FPP_000001@toric@5|39837)
2025-08-19 15:31:52,606 rf_ic_toric_5   DEBUG    _invoke_service(): sendEvent  ('_IPS_MONITOR', 'PORTAL_EVENT', {'sim_name': 'fastran_FPP_000001', 'real_sim_name': 'fastran_FPP_000001', 'portal_data': {'code': 'rf_ic_toric', 'eventtype': 'IPS_LAUNCH_TASK', 'ok': True, 'walltime': '20000.47', 'time': '2025-08-19|15:31:52PDT', 'state': 'Running', 'comment': 'task_id = 20 , Tag = None , nproc = 24 , Target = srun -N 1 -n 24 -c 5 --threads-per-core=1 --cpu-bind=cores /global/common/software/atom/perlmutter/binaries/toric/default/Ptoric.e '}})
2025-08-19 15:31:52,606 rf_ic_toric_5   DEBUG    _get_service_response(REQUEST|fastran_FPP_000001@toric@5|FRAMEWORK@Framework@0|164)
2025-08-19 15:31:52,616 rf_ic_toric_5   DEBUG    _get_service_response(REQUEST|fastran_FPP_000001@toric@5|FRAMEWORK@Framework@0|164), response = ServiceResponseMessage(sender_id=FRAMEWORK@Framework@0, receiver_id=fastran_FPP_000001@toric@5, request_msg_id=REQUEST|fastran_FPP_000001@toric@5|FRAMEWORK@Framework@0|164,status=0, args=(None,), message_id=RESPONSE|FRAMEWORK@Framework@0|fastran_FPP_000001@toric@5|39838)
2025-08-19 15:36:56,893 rf_ic_toric_5   DEBUG    _invoke_service(): getTopic  ('_IPS_MONITOR',)
2025-08-19 15:36:56,894 rf_ic_toric_5   DEBUG    _get_service_response(REQUEST|fastran_FPP_000001@toric@5|FRAMEWORK@Framework@0|165)
2025-08-19 15:36:56,905 rf_ic_toric_5   DEBUG    _get_service_response(REQUEST|fastran_FPP_000001@toric@5|FRAMEWORK@Framework@0|165), response = ServiceResponseMessage(sender_id=FRAMEWORK@Framework@0, receiver_id=fastran_FPP_000001@toric@5, request_msg_id=REQUEST|fastran_FPP_000001@toric@5|FRAMEWORK@Framework@0|165,status=0, args=(<ipsframework.cca_es_spec.Topic object at 0x7f3a449c99d0>,), message_id=RESPONSE|FRAMEWORK@Framework@0|fastran_FPP_000001@toric@5|40434)
2025-08-19 15:36:56,905 rf_ic_toric_5   DEBUG    _invoke_service(): sendEvent  ('_IPS_MONITOR', 'PORTAL_EVENT', {'sim_name': 'fastran_FPP_000001', 'real_sim_name': 'fastran_FPP_000001', 'portal_data': {'code': 'rf_ic_toric', 'eventtype': 'IPS_TASK_END', 'ok': True, 'walltime': '20304.77', 'time': '2025-08-19|15:36:56PDT', 'trace': {'timestamp': 1755642712594131, 'duration': 304299664, 'localEndpoint': {'serviceName': '/global/common/software/atom/perlmutter/binaries/toric/default/Ptoric.e'}, 'name': '', 'id': '048a327dd7078392', 'parentId': 'f61649391a7d9151', 'tags': {'procs_requested': '24', 'cores_allocated': '128'}}, 'state': 'Running', 'comment': 'task_id = 20  elapsed time = 304.30 S'}})
2025-08-19 15:36:56,905 rf_ic_toric_5   DEBUG    _get_service_response(REQUEST|fastran_FPP_000001@toric@5|FRAMEWORK@Framework@0|166)
2025-08-19 15:36:56,915 rf_ic_toric_5   DEBUG    _get_service_response(REQUEST|fastran_FPP_000001@toric@5|FRAMEWORK@Framework@0|166), response = ServiceResponseMessage(sender_id=FRAMEWORK@Framework@0, receiver_id=fastran_FPP_000001@toric@5, request_msg_id=REQUEST|fastran_FPP_000001@toric@5|FRAMEWORK@Framework@0|166,status=0, args=(None,), message_id=RESPONSE|FRAMEWORK@Framework@0|fastran_FPP_000001@toric@5|40435)
2025-08-19 15:36:56,916 rf_ic_toric_5   DEBUG    _invoke_service(): finish_task  (20, 0)
2025-08-19 15:36:56,916 rf_ic_toric_5   DEBUG    _get_service_response(REQUEST|fastran_FPP_000001@toric@5|FRAMEWORK@Framework@0|167)
2025-08-19 15:36:56,926 rf_ic_toric_5   DEBUG    _get_service_response(REQUEST|fastran_FPP_000001@toric@5|FRAMEWORK@Framework@0|167), response = ServiceResponseMessage(sender_id=FRAMEWORK@Framework@0, receiver_id=fastran_FPP_000001@toric@5, request_msg_id=REQUEST|fastran_FPP_000001@toric@5|FRAMEWORK@Framework@0|167,status=0, args=(0,), message_id=RESPONSE|FRAMEWORK@Framework@0|fastran_FPP_000001@toric@5|40436)
2025-08-19 15:36:57,155 rf_ic_toric_5   DEBUG    _invoke_service(): merge_current_plasma_state  ('/pscratch/sd/h/hswils/github_repos/MANTA_DBSCANS/basecase/SCAN/work/rf_ic_toric_5/RF_IC_s000001.00001', '/pscratch/sd/h/hswils/github_repos/MANTA_DBSCANS/basecase/SCAN/work/plasma_state/s000001.00001', 'log.update_state', '/global/common/software/atom/perlmutter/binaries/update-state/default/update_state')
2025-08-19 15:36:57,155 rf_ic_toric_5   DEBUG    _get_service_response(REQUEST|fastran_FPP_000001@toric@5|FRAMEWORK@Framework@0|168)
2025-08-19 15:36:57,360 rf_ic_toric_5   DEBUG    _get_service_response(REQUEST|fastran_FPP_000001@toric@5|FRAMEWORK@Framework@0|168), response = ServiceResponseMessage(sender_id=FRAMEWORK@Framework@0, receiver_id=fastran_FPP_000001@toric@5, request_msg_id=REQUEST|fastran_FPP_000001@toric@5|FRAMEWORK@Framework@0|168,status=0, args=(0,), message_id=RESPONSE|FRAMEWORK@Framework@0|fastran_FPP_000001@toric@5|40438)
2025-08-19 15:36:57,360 rf_ic_toric_5   DEBUG    _invoke_service(): getTopic  ('_IPS_MONITOR',)
2025-08-19 15:36:57,360 rf_ic_toric_5   DEBUG    _get_service_response(REQUEST|fastran_FPP_000001@toric@5|FRAMEWORK@Framework@0|169)
2025-08-19 15:36:57,370 rf_ic_toric_5   DEBUG    _get_service_response(REQUEST|fastran_FPP_000001@toric@5|FRAMEWORK@Framework@0|169), response = ServiceResponseMessage(sender_id=FRAMEWORK@Framework@0, receiver_id=fastran_FPP_000001@toric@5, request_msg_id=REQUEST|fastran_FPP_000001@toric@5|FRAMEWORK@Framework@0|169,status=0, args=(<ipsframework.cca_es_spec.Topic object at 0x7f3a449c9790>,), message_id=RESPONSE|FRAMEWORK@Framework@0|fastran_FPP_000001@toric@5|40439)
2025-08-19 15:36:57,371 rf_ic_toric_5   DEBUG    _invoke_service(): sendEvent  ('_IPS_MONITOR', 'PORTAL_EVENT', {'sim_name': 'fastran_FPP_000001', 'real_sim_name': 'fastran_FPP_000001', 'portal_data': {'code': 'rf_ic_toric', 'eventtype': 'IPS_MERGE_PLASMA_STATE', 'ok': True, 'walltime': '20305.24', 'time': '2025-08-19|15:36:57PDT', 'state': 'Running', 'comment': 'Success'}})
2025-08-19 15:36:57,371 rf_ic_toric_5   DEBUG    _get_service_response(REQUEST|fastran_FPP_000001@toric@5|FRAMEWORK@Framework@0|170)
2025-08-19 15:36:57,382 rf_ic_toric_5   DEBUG    _get_service_response(REQUEST|fastran_FPP_000001@toric@5|FRAMEWORK@Framework@0|170), response = ServiceResponseMessage(sender_id=FRAMEWORK@Framework@0, receiver_id=fastran_FPP_000001@toric@5, request_msg_id=REQUEST|fastran_FPP_000001@toric@5|FRAMEWORK@Framework@0|170,status=0, args=(None,), message_id=RESPONSE|FRAMEWORK@Framework@0|fastran_FPP_000001@toric@5|40440)
2025-08-19 15:36:57,480 rf_ic_toric_5   DEBUG    _invoke_service(): getTopic  ('_IPS_MONITOR',)
2025-08-19 15:36:57,480 rf_ic_toric_5   DEBUG    _get_service_response(REQUEST|fastran_FPP_000001@toric@5|FRAMEWORK@Framework@0|171)
2025-08-19 15:36:57,491 rf_ic_toric_5   DEBUG    _get_service_response(REQUEST|fastran_FPP_000001@toric@5|FRAMEWORK@Framework@0|171), response = ServiceResponseMessage(sender_id=FRAMEWORK@Framework@0, receiver_id=fastran_FPP_000001@toric@5, request_msg_id=REQUEST|fastran_FPP_000001@toric@5|FRAMEWORK@Framework@0|171,status=0, args=(<ipsframework.cca_es_spec.Topic object at 0x7f3a449c96a0>,), message_id=RESPONSE|FRAMEWORK@Framework@0|fastran_FPP_000001@toric@5|40441)
2025-08-19 15:36:57,491 rf_ic_toric_5   DEBUG    _invoke_service(): sendEvent  ('_IPS_MONITOR', 'PORTAL_EVENT', {'sim_name': 'fastran_FPP_000001', 'real_sim_name': 'fastran_FPP_000001', 'portal_data': {'code': 'rf_ic_toric', 'eventtype': 'IPS_STAGE_OUTPUTS', 'ok': True, 'walltime': '20305.36', 'time': '2025-08-19|15:36:57PDT', 'trace': {'timestamp': 1755643017382264, 'duration': 98161, 'localEndpoint': {'serviceName': 'stage_output_files'}, 'name': "['torica.inp', 'machine.inp', 'log.toric', 'toric.nc', 'profstat.dat', 'equigs.data', 'equidt.data', 'toric_cfg.nc']", 'id': '749f5c33ef51fb56', 'parentId': 'f61649391a7d9151', 'tags': {}}, 'state': 'Running', 'comment': "Elapsed time = 0.098 Path = /pscratch/sd/h/hswils/github_repos/MANTA_DBSCANS/basecase/SCAN/simulation_results/9/components/rf_ic_toric_5 Files = ['torica.inp', 'machine.inp', 'log.toric', 'toric.nc', 'profstat.dat', 'equigs.data', 'equidt.data', 'toric_cfg.nc']"}})
2025-08-19 15:36:57,491 rf_ic_toric_5   DEBUG    _get_service_response(REQUEST|fastran_FPP_000001@toric@5|FRAMEWORK@Framework@0|172)
2025-08-19 15:36:57,502 rf_ic_toric_5   DEBUG    _get_service_response(REQUEST|fastran_FPP_000001@toric@5|FRAMEWORK@Framework@0|172), response = ServiceResponseMessage(sender_id=FRAMEWORK@Framework@0, receiver_id=fastran_FPP_000001@toric@5, request_msg_id=REQUEST|fastran_FPP_000001@toric@5|FRAMEWORK@Framework@0|172,status=0, args=(None,), message_id=RESPONSE|FRAMEWORK@Framework@0|fastran_FPP_000001@toric@5|40442)
2025-08-19 15:36:57,513 fastran_driver_fastran_driver_2 DEBUG    _get_service_response(REQUEST|fastran_FPP_000001@fastran_driver@2|FRAMEWORK@Framework@0|312), response = ServiceResponseMessage(sender_id=FRAMEWORK@Framework@0, receiver_id=fastran_FPP_000001@fastran_driver@2, request_msg_id=REQUEST|fastran_FPP_000001@fastran_driver@2|FRAMEWORK@Framework@0|312,status=0, args=((0,),), message_id=RESPONSE|FRAMEWORK@Framework@0|fastran_FPP_000001@fastran_driver@2|40443)
2025-08-19 15:36:57,513 fastran_driver_fastran_driver_2 DEBUG    _invoke_service(): getTopic  ('_IPS_MONITOR',)
2025-08-19 15:36:57,513 fastran_driver_fastran_driver_2 DEBUG    _get_service_response(REQUEST|fastran_FPP_000001@fastran_driver@2|FRAMEWORK@Framework@0|313)
2025-08-19 15:36:57,524 fastran_driver_fastran_driver_2 DEBUG    _get_service_response(REQUEST|fastran_FPP_000001@fastran_driver@2|FRAMEWORK@Framework@0|313), response = ServiceResponseMessage(sender_id=FRAMEWORK@Framework@0, receiver_id=fastran_FPP_000001@fastran_driver@2, request_msg_id=REQUEST|fastran_FPP_000001@fastran_driver@2|FRAMEWORK@Framework@0|313,status=0, args=(<ipsframework.cca_es_spec.Topic object at 0x7f3a44a205b0>,), message_id=RESPONSE|FRAMEWORK@Framework@0|fastran_FPP_000001@fastran_driver@2|40444)
2025-08-19 15:36:57,524 fastran_driver_fastran_driver_2 DEBUG    _invoke_service(): sendEvent  ('_IPS_MONITOR', 'PORTAL_EVENT', {'sim_name': 'fastran_FPP_000001', 'real_sim_name': 'fastran_FPP_000001', 'portal_data': {'code': 'fastran_driver_fastran_driver', 'eventtype': 'IPS_CALL_END', 'ok': True, 'walltime': '20305.39', 'time': '2025-08-19|15:36:57PDT', 'trace': {'timestamp': 1755642712209936, 'duration': 305303506, 'localEndpoint': {'serviceName': 'fastran_FPP_000001@toric@5'}, 'name': 'step(9)', 'id': 'f61649391a7d9151', 'parentId': 'f899e3e5886669ce', 'tags': {}}, 'state': 'Running', 'comment': 'Target = fastran_FPP_000001@toric@5:step(9)'}})
2025-08-19 15:36:57,524 fastran_driver_fastran_driver_2 DEBUG    _get_service_response(REQUEST|fastran_FPP_000001@fastran_driver@2|FRAMEWORK@Framework@0|314)
2025-08-19 15:36:57,535 fastran_driver_fastran_driver_2 DEBUG    _get_service_response(REQUEST|fastran_FPP_000001@fastran_driver@2|FRAMEWORK@Framework@0|314), response = ServiceResponseMessage(sender_id=FRAMEWORK@Framework@0, receiver_id=fastran_FPP_000001@fastran_driver@2, request_msg_id=REQUEST|fastran_FPP_000001@fastran_driver@2|FRAMEWORK@Framework@0|314,status=0, args=(None,), message_id=RESPONSE|FRAMEWORK@Framework@0|fastran_FPP_000001@fastran_driver@2|40445)
2025-08-19 15:36:57,535 fastran_driver_fastran_driver_2 DEBUG    _invoke_service(): getTopic  ('_IPS_MONITOR',)
2025-08-19 15:36:57,535 fastran_driver_fastran_driver_2 DEBUG    _get_service_response(REQUEST|fastran_FPP_000001@fastran_driver@2|FRAMEWORK@Framework@0|315)
2025-08-19 15:36:57,546 fastran_driver_fastran_driver_2 DEBUG    _get_service_response(REQUEST|fastran_FPP_000001@fastran_driver@2|FRAMEWORK@Framework@0|315), response = ServiceResponseMessage(sender_id=FRAMEWORK@Framework@0, receiver_id=fastran_FPP_000001@fastran_driver@2, request_msg_id=REQUEST|fastran_FPP_000001@fastran_driver@2|FRAMEWORK@Framework@0|315,status=0, args=(<ipsframework.cca_es_spec.Topic object at 0x7f3a44a20d00>,), message_id=RESPONSE|FRAMEWORK@Framework@0|fastran_FPP_000001@fastran_driver@2|40446)
2025-08-19 15:36:57,546 fastran_driver_fastran_driver_2 DEBUG    _invoke_service(): sendEvent  ('_IPS_MONITOR', 'PORTAL_EVENT', {'sim_name': 'fastran_FPP_000001', 'real_sim_name': 'fastran_FPP_000001', 'portal_data': {'code': 'fastran_driver_fastran_driver', 'eventtype': 'IPS_CALL_BEGIN', 'ok': True, 'walltime': '20305.41', 'time': '2025-08-19|15:36:57PDT', 'state': 'Running', 'comment': 'Target = fastran_FPP_000001@efit@6:step(9)'}})
2025-08-19 15:36:57,546 fastran_driver_fastran_driver_2 DEBUG    _get_service_response(REQUEST|fastran_FPP_000001@fastran_driver@2|FRAMEWORK@Framework@0|316)
2025-08-19 15:36:57,557 fastran_driver_fastran_driver_2 DEBUG    _get_service_response(REQUEST|fastran_FPP_000001@fastran_driver@2|FRAMEWORK@Framework@0|316), response = ServiceResponseMessage(sender_id=FRAMEWORK@Framework@0, receiver_id=fastran_FPP_000001@fastran_driver@2, request_msg_id=REQUEST|fastran_FPP_000001@fastran_driver@2|FRAMEWORK@Framework@0|316,status=0, args=(None,), message_id=RESPONSE|FRAMEWORK@Framework@0|fastran_FPP_000001@fastran_driver@2|40447)
2025-08-19 15:36:57,557 fastran_driver_fastran_driver_2 DEBUG    _invoke_service(): init_call  ('step', 9)
2025-08-19 15:36:57,557 fastran_driver_fastran_driver_2 DEBUG    _get_service_response(REQUEST|fastran_FPP_000001@fastran_driver@2|FRAMEWORK@Framework@0|317)
2025-08-19 15:36:57,558 fastran_eq_efit_6 DEBUG    Received Message 
2025-08-19 15:36:57,558 fastran_eq_efit_6 DEBUG    Calling method step(9)
2025-08-19 15:36:57,559 fastran_eq_efit_6 DEBUG    _invoke_service(): stage_state  (['s000001.00001', 'g000001.00001', 'i000001.00001'], '/pscratch/sd/h/hswils/github_repos/MANTA_DBSCANS/basecase/SCAN/work/plasma_state', '/pscratch/sd/h/hswils/github_repos/MANTA_DBSCANS/basecase/SCAN/work/fastran_eq_efit_6')
2025-08-19 15:36:57,559 fastran_eq_efit_6 DEBUG    _get_service_response(REQUEST|fastran_FPP_000001@efit@6|FRAMEWORK@Framework@0|72)
2025-08-19 15:36:57,568 fastran_driver_fastran_driver_2 DEBUG    _get_service_response(REQUEST|fastran_FPP_000001@fastran_driver@2|FRAMEWORK@Framework@0|317), response = ServiceResponseMessage(sender_id=FRAMEWORK@Framework@0, receiver_id=fastran_FPP_000001@fastran_driver@2, request_msg_id=REQUEST|fastran_FPP_000001@fastran_driver@2|FRAMEWORK@Framework@0|317,status=0, args=(46,), message_id=RESPONSE|FRAMEWORK@Framework@0|fastran_FPP_000001@fastran_driver@2|40449)
2025-08-19 15:36:57,568 fastran_driver_fastran_driver_2 DEBUG    _invoke_service(): wait_call  (46, True)
2025-08-19 15:36:57,568 fastran_driver_fastran_driver_2 DEBUG    _get_service_response(REQUEST|fastran_FPP_000001@fastran_driver@2|FRAMEWORK@Framework@0|318)
2025-08-19 15:36:57,580 fastran_eq_efit_6 DEBUG    _get_service_response(REQUEST|fastran_FPP_000001@efit@6|FRAMEWORK@Framework@0|72), response = ServiceResponseMessage(sender_id=FRAMEWORK@Framework@0, receiver_id=fastran_FPP_000001@efit@6, request_msg_id=REQUEST|fastran_FPP_000001@efit@6|FRAMEWORK@Framework@0|72,status=0, args=(0,), message_id=RESPONSE|FRAMEWORK@Framework@0|fastran_FPP_000001@efit@6|40450)
2025-08-19 15:36:57,580 fastran_eq_efit_6 DEBUG    _invoke_service(): getTopic  ('_IPS_MONITOR',)
2025-08-19 15:36:57,581 fastran_eq_efit_6 DEBUG    _get_service_response(REQUEST|fastran_FPP_000001@efit@6|FRAMEWORK@Framework@0|73)
2025-08-19 15:36:57,591 fastran_eq_efit_6 DEBUG    _get_service_response(REQUEST|fastran_FPP_000001@efit@6|FRAMEWORK@Framework@0|73), response = ServiceResponseMessage(sender_id=FRAMEWORK@Framework@0, receiver_id=fastran_FPP_000001@efit@6, request_msg_id=REQUEST|fastran_FPP_000001@efit@6|FRAMEWORK@Framework@0|73,status=0, args=(<ipsframework.cca_es_spec.Topic object at 0x7f3a449f5310>,), message_id=RESPONSE|FRAMEWORK@Framework@0|fastran_FPP_000001@efit@6|40451)
2025-08-19 15:36:57,591 fastran_eq_efit_6 DEBUG    _invoke_service(): sendEvent  ('_IPS_MONITOR', 'PORTAL_EVENT', {'sim_name': 'fastran_FPP_000001', 'real_sim_name': 'fastran_FPP_000001', 'portal_data': {'code': 'fastran_eq_efit', 'eventtype': 'IPS_STAGE_STATE', 'ok': True, 'walltime': '20305.46', 'time': '2025-08-19|15:36:57PDT', 'trace': {'timestamp': 1755643017558959, 'duration': 21816, 'localEndpoint': {'serviceName': 'stage_state'}, 'name': "['s000001.00001', 'g000001.00001', 'i000001.00001']", 'id': '71885aecf25d7412', 'parentId': '7ec441390a5ac38e', 'tags': {}}, 'state': 'Running', 'comment': 'Elapsed time = 0.022  files = s000001.00001 g000001.00001 i000001.00001 Success'}})
2025-08-19 15:36:57,592 fastran_eq_efit_6 DEBUG    _get_service_response(REQUEST|fastran_FPP_000001@efit@6|FRAMEWORK@Framework@0|74)
2025-08-19 15:36:57,602 fastran_eq_efit_6 DEBUG    _get_service_response(REQUEST|fastran_FPP_000001@efit@6|FRAMEWORK@Framework@0|74), response = ServiceResponseMessage(sender_id=FRAMEWORK@Framework@0, receiver_id=fastran_FPP_000001@efit@6, request_msg_id=REQUEST|fastran_FPP_000001@efit@6|FRAMEWORK@Framework@0|74,status=0, args=(None,), message_id=RESPONSE|FRAMEWORK@Framework@0|fastran_FPP_000001@efit@6|40452)
2025-08-19 15:37:00,345 fastran_eq_efit_6 DEBUG    _invoke_service(): update_state  (['s000001.00001', 'g000001.00001', 'i000001.00001'], '/pscratch/sd/h/hswils/github_repos/MANTA_DBSCANS/basecase/SCAN/work/fastran_eq_efit_6', '/pscratch/sd/h/hswils/github_repos/MANTA_DBSCANS/basecase/SCAN/work/plasma_state')
2025-08-19 15:37:00,346 fastran_eq_efit_6 DEBUG    _get_service_response(REQUEST|fastran_FPP_000001@efit@6|FRAMEWORK@Framework@0|75)
2025-08-19 15:37:00,366 fastran_eq_efit_6 DEBUG    _get_service_response(REQUEST|fastran_FPP_000001@efit@6|FRAMEWORK@Framework@0|75), response = ServiceResponseMessage(sender_id=FRAMEWORK@Framework@0, receiver_id=fastran_FPP_000001@efit@6, request_msg_id=REQUEST|fastran_FPP_000001@efit@6|FRAMEWORK@Framework@0|75,status=0, args=(0,), message_id=RESPONSE|FRAMEWORK@Framework@0|fastran_FPP_000001@efit@6|40458)
2025-08-19 15:37:00,367 fastran_eq_efit_6 DEBUG    _invoke_service(): getTopic  ('_IPS_MONITOR',)
2025-08-19 15:37:00,367 fastran_eq_efit_6 DEBUG    _get_service_response(REQUEST|fastran_FPP_000001@efit@6|FRAMEWORK@Framework@0|76)
2025-08-19 15:37:00,378 fastran_eq_efit_6 DEBUG    _get_service_response(REQUEST|fastran_FPP_000001@efit@6|FRAMEWORK@Framework@0|76), response = ServiceResponseMessage(sender_id=FRAMEWORK@Framework@0, receiver_id=fastran_FPP_000001@efit@6, request_msg_id=REQUEST|fastran_FPP_000001@efit@6|FRAMEWORK@Framework@0|76,status=0, args=(<ipsframework.cca_es_spec.Topic object at 0x7f3a449d4280>,), message_id=RESPONSE|FRAMEWORK@Framework@0|fastran_FPP_000001@efit@6|40459)
2025-08-19 15:37:00,378 fastran_eq_efit_6 DEBUG    _invoke_service(): sendEvent  ('_IPS_MONITOR', 'PORTAL_EVENT', {'sim_name': 'fastran_FPP_000001', 'real_sim_name': 'fastran_FPP_000001', 'portal_data': {'code': 'fastran_eq_efit', 'eventtype': 'IPS_UPDATE_STATE', 'ok': True, 'walltime': '20308.25', 'time': '2025-08-19|15:37:00PDT', 'trace': {'timestamp': 1755643020345521, 'duration': 21621, 'localEndpoint': {'serviceName': 'update_state'}, 'name': "['s000001.00001', 'g000001.00001', 'i000001.00001']", 'id': '7629e189a66153c0', 'parentId': '7ec441390a5ac38e', 'tags': {}}, 'state': 'Running', 'comment': 'Elapsed time = 0.022   files = s000001.00001 g000001.00001 i000001.00001 Success'}})
2025-08-19 15:37:00,378 fastran_eq_efit_6 DEBUG    _get_service_response(REQUEST|fastran_FPP_000001@efit@6|FRAMEWORK@Framework@0|77)
2025-08-19 15:37:00,389 fastran_eq_efit_6 DEBUG    _get_service_response(REQUEST|fastran_FPP_000001@efit@6|FRAMEWORK@Framework@0|77), response = ServiceResponseMessage(sender_id=FRAMEWORK@Framework@0, receiver_id=fastran_FPP_000001@efit@6, request_msg_id=REQUEST|fastran_FPP_000001@efit@6|FRAMEWORK@Framework@0|77,status=0, args=(None,), message_id=RESPONSE|FRAMEWORK@Framework@0|fastran_FPP_000001@efit@6|40460)
2025-08-19 15:37:00,413 fastran_eq_efit_6 DEBUG    _invoke_service(): getTopic  ('_IPS_MONITOR',)
2025-08-19 15:37:00,413 fastran_eq_efit_6 DEBUG    _get_service_response(REQUEST|fastran_FPP_000001@efit@6|FRAMEWORK@Framework@0|78)
2025-08-19 15:37:00,424 fastran_eq_efit_6 DEBUG    _get_service_response(REQUEST|fastran_FPP_000001@efit@6|FRAMEWORK@Framework@0|78), response = ServiceResponseMessage(sender_id=FRAMEWORK@Framework@0, receiver_id=fastran_FPP_000001@efit@6, request_msg_id=REQUEST|fastran_FPP_000001@efit@6|FRAMEWORK@Framework@0|78,status=0, args=(<ipsframework.cca_es_spec.Topic object at 0x7f3a449d4580>,), message_id=RESPONSE|FRAMEWORK@Framework@0|fastran_FPP_000001@efit@6|40461)
2025-08-19 15:37:00,424 fastran_eq_efit_6 DEBUG    _invoke_service(): sendEvent  ('_IPS_MONITOR', 'PORTAL_EVENT', {'sim_name': 'fastran_FPP_000001', 'real_sim_name': 'fastran_FPP_000001', 'portal_data': {'code': 'fastran_eq_efit', 'eventtype': 'IPS_STAGE_OUTPUTS', 'ok': True, 'walltime': '20308.29', 'time': '2025-08-19|15:37:00PDT', 'trace': {'timestamp': 1755643020389522, 'duration': 24120, 'localEndpoint': {'serviceName': 'stage_output_files'}, 'name': "['g*.*', 'a*.*', 'm*.*', 'k*.*', 'efit.log', 's*.*']", 'id': '80725d8eee5776f1', 'parentId': '7ec441390a5ac38e', 'tags': {}}, 'state': 'Running', 'comment': "Elapsed time = 0.024 Path = /pscratch/sd/h/hswils/github_repos/MANTA_DBSCANS/basecase/SCAN/simulation_results/9/components/fastran_eq_efit_6 Files = ['g*.*', 'a*.*', 'm*.*', 'k*.*', 'efit.log', 's*.*']"}})
2025-08-19 15:37:00,425 fastran_eq_efit_6 DEBUG    _get_service_response(REQUEST|fastran_FPP_000001@efit@6|FRAMEWORK@Framework@0|79)
2025-08-19 15:37:00,435 fastran_eq_efit_6 DEBUG    _get_service_response(REQUEST|fastran_FPP_000001@efit@6|FRAMEWORK@Framework@0|79), response = ServiceResponseMessage(sender_id=FRAMEWORK@Framework@0, receiver_id=fastran_FPP_000001@efit@6, request_msg_id=REQUEST|fastran_FPP_000001@efit@6|FRAMEWORK@Framework@0|79,status=0, args=(None,), message_id=RESPONSE|FRAMEWORK@Framework@0|fastran_FPP_000001@efit@6|40462)
2025-08-19 15:37:00,448 fastran_driver_fastran_driver_2 DEBUG    _get_service_response(REQUEST|fastran_FPP_000001@fastran_driver@2|FRAMEWORK@Framework@0|318), response = ServiceResponseMessage(sender_id=FRAMEWORK@Framework@0, receiver_id=fastran_FPP_000001@fastran_driver@2, request_msg_id=REQUEST|fastran_FPP_000001@fastran_driver@2|FRAMEWORK@Framework@0|318,status=0, args=((None,),), message_id=RESPONSE|FRAMEWORK@Framework@0|fastran_FPP_000001@fastran_driver@2|40463)
2025-08-19 15:37:00,448 fastran_driver_fastran_driver_2 DEBUG    _invoke_service(): getTopic  ('_IPS_MONITOR',)
2025-08-19 15:37:00,448 fastran_driver_fastran_driver_2 DEBUG    _get_service_response(REQUEST|fastran_FPP_000001@fastran_driver@2|FRAMEWORK@Framework@0|319)
2025-08-19 15:37:00,458 fastran_driver_fastran_driver_2 DEBUG    _get_service_response(REQUEST|fastran_FPP_000001@fastran_driver@2|FRAMEWORK@Framework@0|319), response = ServiceResponseMessage(sender_id=FRAMEWORK@Framework@0, receiver_id=fastran_FPP_000001@fastran_driver@2, request_msg_id=REQUEST|fastran_FPP_000001@fastran_driver@2|FRAMEWORK@Framework@0|319,status=0, args=(<ipsframework.cca_es_spec.Topic object at 0x7f3a44a20d60>,), message_id=RESPONSE|FRAMEWORK@Framework@0|fastran_FPP_000001@fastran_driver@2|40464)
2025-08-19 15:37:00,458 fastran_driver_fastran_driver_2 DEBUG    _invoke_service(): sendEvent  ('_IPS_MONITOR', 'PORTAL_EVENT', {'sim_name': 'fastran_FPP_000001', 'real_sim_name': 'fastran_FPP_000001', 'portal_data': {'code': 'fastran_driver_fastran_driver', 'eventtype': 'IPS_CALL_END', 'ok': True, 'walltime': '20308.33', 'time': '2025-08-19|15:37:00PDT', 'trace': {'timestamp': 1755643017568708, 'duration': 2879460, 'localEndpoint': {'serviceName': 'fastran_FPP_000001@efit@6'}, 'name': 'step(9)', 'id': '7ec441390a5ac38e', 'parentId': 'f899e3e5886669ce', 'tags': {}}, 'state': 'Running', 'comment': 'Target = fastran_FPP_000001@efit@6:step(9)'}})
2025-08-19 15:37:00,459 fastran_driver_fastran_driver_2 DEBUG    _get_service_response(REQUEST|fastran_FPP_000001@fastran_driver@2|FRAMEWORK@Framework@0|320)
2025-08-19 15:37:00,469 fastran_driver_fastran_driver_2 DEBUG    _get_service_response(REQUEST|fastran_FPP_000001@fastran_driver@2|FRAMEWORK@Framework@0|320), response = ServiceResponseMessage(sender_id=FRAMEWORK@Framework@0, receiver_id=fastran_FPP_000001@fastran_driver@2, request_msg_id=REQUEST|fastran_FPP_000001@fastran_driver@2|FRAMEWORK@Framework@0|320,status=0, args=(None,), message_id=RESPONSE|FRAMEWORK@Framework@0|fastran_FPP_000001@fastran_driver@2|40465)
2025-08-19 15:37:00,470 fastran_driver_fastran_driver_2 DEBUG    _invoke_service(): getTopic  ('_IPS_MONITOR',)
2025-08-19 15:37:00,470 fastran_driver_fastran_driver_2 DEBUG    _get_service_response(REQUEST|fastran_FPP_000001@fastran_driver@2|FRAMEWORK@Framework@0|321)
2025-08-19 15:37:00,481 fastran_driver_fastran_driver_2 DEBUG    _get_service_response(REQUEST|fastran_FPP_000001@fastran_driver@2|FRAMEWORK@Framework@0|321), response = ServiceResponseMessage(sender_id=FRAMEWORK@Framework@0, receiver_id=fastran_FPP_000001@fastran_driver@2, request_msg_id=REQUEST|fastran_FPP_000001@fastran_driver@2|FRAMEWORK@Framework@0|321,status=0, args=(<ipsframework.cca_es_spec.Topic object at 0x7f3a44a20dc0>,), message_id=RESPONSE|FRAMEWORK@Framework@0|fastran_FPP_000001@fastran_driver@2|40466)
2025-08-19 15:37:00,481 fastran_driver_fastran_driver_2 DEBUG    _invoke_service(): sendEvent  ('_IPS_MONITOR', 'PORTAL_EVENT', {'sim_name': 'fastran_FPP_000001', 'real_sim_name': 'fastran_FPP_000001', 'portal_data': {'code': 'fastran_driver_fastran_driver', 'eventtype': 'IPS_CALL_BEGIN', 'ok': True, 'walltime': '20308.35', 'time': '2025-08-19|15:37:00PDT', 'state': 'Running', 'comment': 'Target = fastran_FPP_000001@fastran@7:step(9)'}})
2025-08-19 15:37:00,481 fastran_driver_fastran_driver_2 DEBUG    _get_service_response(REQUEST|fastran_FPP_000001@fastran_driver@2|FRAMEWORK@Framework@0|322)
2025-08-19 15:37:00,492 fastran_driver_fastran_driver_2 DEBUG    _get_service_response(REQUEST|fastran_FPP_000001@fastran_driver@2|FRAMEWORK@Framework@0|322), response = ServiceResponseMessage(sender_id=FRAMEWORK@Framework@0, receiver_id=fastran_FPP_000001@fastran_driver@2, request_msg_id=REQUEST|fastran_FPP_000001@fastran_driver@2|FRAMEWORK@Framework@0|322,status=0, args=(None,), message_id=RESPONSE|FRAMEWORK@Framework@0|fastran_FPP_000001@fastran_driver@2|40467)
2025-08-19 15:37:00,492 fastran_driver_fastran_driver_2 DEBUG    _invoke_service(): init_call  ('step', 9)
2025-08-19 15:37:00,492 fastran_driver_fastran_driver_2 DEBUG    _get_service_response(REQUEST|fastran_FPP_000001@fastran_driver@2|FRAMEWORK@Framework@0|323)
2025-08-19 15:37:00,493 fastran_tr_fastran_7 DEBUG    Received Message 
2025-08-19 15:37:00,493 fastran_tr_fastran_7 DEBUG    Calling method step(9)
2025-08-19 15:37:00,493 fastran_tr_fastran_7 DEBUG    _invoke_service(): stage_state  (['s000001.00001', 'g000001.00001', 'i000001.00001'], '/pscratch/sd/h/hswils/github_repos/MANTA_DBSCANS/basecase/SCAN/work/plasma_state', '/pscratch/sd/h/hswils/github_repos/MANTA_DBSCANS/basecase/SCAN/work/fastran_tr_fastran_7')
2025-08-19 15:37:00,493 fastran_tr_fastran_7 DEBUG    _get_service_response(REQUEST|fastran_FPP_000001@fastran@7|FRAMEWORK@Framework@0|144)
2025-08-19 15:37:00,503 fastran_driver_fastran_driver_2 DEBUG    _get_service_response(REQUEST|fastran_FPP_000001@fastran_driver@2|FRAMEWORK@Framework@0|323), response = ServiceResponseMessage(sender_id=FRAMEWORK@Framework@0, receiver_id=fastran_FPP_000001@fastran_driver@2, request_msg_id=REQUEST|fastran_FPP_000001@fastran_driver@2|FRAMEWORK@Framework@0|323,status=0, args=(47,), message_id=RESPONSE|FRAMEWORK@Framework@0|fastran_FPP_000001@fastran_driver@2|40468)
2025-08-19 15:37:00,503 fastran_driver_fastran_driver_2 DEBUG    _invoke_service(): wait_call  (47, True)
2025-08-19 15:37:00,503 fastran_driver_fastran_driver_2 DEBUG    _get_service_response(REQUEST|fastran_FPP_000001@fastran_driver@2|FRAMEWORK@Framework@0|324)
2025-08-19 15:37:00,515 fastran_tr_fastran_7 DEBUG    _get_service_response(REQUEST|fastran_FPP_000001@fastran@7|FRAMEWORK@Framework@0|144), response = ServiceResponseMessage(sender_id=FRAMEWORK@Framework@0, receiver_id=fastran_FPP_000001@fastran@7, request_msg_id=REQUEST|fastran_FPP_000001@fastran@7|FRAMEWORK@Framework@0|144,status=0, args=(0,), message_id=RESPONSE|FRAMEWORK@Framework@0|fastran_FPP_000001@fastran@7|40469)
2025-08-19 15:37:00,515 fastran_tr_fastran_7 DEBUG    _invoke_service(): getTopic  ('_IPS_MONITOR',)
2025-08-19 15:37:00,515 fastran_tr_fastran_7 DEBUG    _get_service_response(REQUEST|fastran_FPP_000001@fastran@7|FRAMEWORK@Framework@0|145)
2025-08-19 15:37:00,525 fastran_tr_fastran_7 DEBUG    _get_service_response(REQUEST|fastran_FPP_000001@fastran@7|FRAMEWORK@Framework@0|145), response = ServiceResponseMessage(sender_id=FRAMEWORK@Framework@0, receiver_id=fastran_FPP_000001@fastran@7, request_msg_id=REQUEST|fastran_FPP_000001@fastran@7|FRAMEWORK@Framework@0|145,status=0, args=(<ipsframework.cca_es_spec.Topic object at 0x7f3a44948790>,), message_id=RESPONSE|FRAMEWORK@Framework@0|fastran_FPP_000001@fastran@7|40470)
2025-08-19 15:37:00,525 fastran_tr_fastran_7 DEBUG    _invoke_service(): sendEvent  ('_IPS_MONITOR', 'PORTAL_EVENT', {'sim_name': 'fastran_FPP_000001', 'real_sim_name': 'fastran_FPP_000001', 'portal_data': {'code': 'fastran_tr_fastran', 'eventtype': 'IPS_STAGE_STATE', 'ok': True, 'walltime': '20308.39', 'time': '2025-08-19|15:37:00PDT', 'trace': {'timestamp': 1755643020493623, 'duration': 21458, 'localEndpoint': {'serviceName': 'stage_state'}, 'name': "['s000001.00001', 'g000001.00001', 'i000001.00001']", 'id': '71885aecf25d7412', 'parentId': '2a876778814b02c3', 'tags': {}}, 'state': 'Running', 'comment': 'Elapsed time = 0.021  files = s000001.00001 g000001.00001 i000001.00001 Success'}})
2025-08-19 15:37:00,525 fastran_tr_fastran_7 DEBUG    _get_service_response(REQUEST|fastran_FPP_000001@fastran@7|FRAMEWORK@Framework@0|146)
2025-08-19 15:37:00,536 fastran_tr_fastran_7 DEBUG    _get_service_response(REQUEST|fastran_FPP_000001@fastran@7|FRAMEWORK@Framework@0|146), response = ServiceResponseMessage(sender_id=FRAMEWORK@Framework@0, receiver_id=fastran_FPP_000001@fastran@7, request_msg_id=REQUEST|fastran_FPP_000001@fastran@7|FRAMEWORK@Framework@0|146,status=0, args=(None,), message_id=RESPONSE|FRAMEWORK@Framework@0|fastran_FPP_000001@fastran@7|40471)
2025-08-19 15:37:00,545 fastran_tr_fastran_7 DEBUG    _invoke_service(): getTopic  ('_IPS_MONITOR',)
2025-08-19 15:37:00,545 fastran_tr_fastran_7 DEBUG    _get_service_response(REQUEST|fastran_FPP_000001@fastran@7|FRAMEWORK@Framework@0|147)
2025-08-19 15:37:00,556 fastran_tr_fastran_7 DEBUG    _get_service_response(REQUEST|fastran_FPP_000001@fastran@7|FRAMEWORK@Framework@0|147), response = ServiceResponseMessage(sender_id=FRAMEWORK@Framework@0, receiver_id=fastran_FPP_000001@fastran@7, request_msg_id=REQUEST|fastran_FPP_000001@fastran@7|FRAMEWORK@Framework@0|147,status=0, args=(<ipsframework.cca_es_spec.Topic object at 0x7f3a449487c0>,), message_id=RESPONSE|FRAMEWORK@Framework@0|fastran_FPP_000001@fastran@7|40472)
2025-08-19 15:37:00,556 fastran_tr_fastran_7 DEBUG    _invoke_service(): sendEvent  ('_IPS_MONITOR', 'PORTAL_EVENT', {'sim_name': 'fastran_FPP_000001', 'real_sim_name': 'fastran_FPP_000001', 'portal_data': {'code': 'fastran_tr_fastran', 'eventtype': 'IPS_STAGE_INPUTS', 'ok': True, 'walltime': '20308.42', 'time': '2025-08-19|15:37:00PDT', 'trace': {'timestamp': 1755643020536961, 'duration': 8571, 'localEndpoint': {'serviceName': 'stage_input_files'}, 'name': 'infastran intglf', 'id': '5ff6e2efe4653e6c', 'parentId': '2a876778814b02c3', 'tags': {}}, 'state': 'Running', 'comment': 'Elapsed time = 0.009 Path = /pscratch/sd/h/hswils/github_repos/MANTA_DBSCANS/basecase/input Files = infastran intglf'}})
2025-08-19 15:37:00,556 fastran_tr_fastran_7 DEBUG    _get_service_response(REQUEST|fastran_FPP_000001@fastran@7|FRAMEWORK@Framework@0|148)
2025-08-19 15:37:00,567 fastran_tr_fastran_7 DEBUG    _get_service_response(REQUEST|fastran_FPP_000001@fastran@7|FRAMEWORK@Framework@0|148), response = ServiceResponseMessage(sender_id=FRAMEWORK@Framework@0, receiver_id=fastran_FPP_000001@fastran@7, request_msg_id=REQUEST|fastran_FPP_000001@fastran@7|FRAMEWORK@Framework@0|148,status=0, args=(None,), message_id=RESPONSE|FRAMEWORK@Framework@0|fastran_FPP_000001@fastran@7|40473)
2025-08-19 15:37:00,804 fastran_tr_fastran_7 DEBUG    _invoke_service(): init_task  (TaskInit(nproc=1, binary='/global/common/software/atom/perlmutter/binaries/fastran/default/xfastran_ver1.06', working_dir='/pscratch/sd/h/hswils/github_repos/MANTA_DBSCANS/basecase/SCAN/work/fastran_tr_fastran_7', tppn=0, tcpp=0, tgpp=0, block=True, omp=False, wnodes=True, wsocks=True, cmd_args=('1', '1')),)
2025-08-19 15:37:00,804 fastran_tr_fastran_7 DEBUG    _get_service_response(REQUEST|fastran_FPP_000001@fastran@7|FRAMEWORK@Framework@0|149)
2025-08-19 15:37:00,816 fastran_tr_fastran_7 DEBUG    _get_service_response(REQUEST|fastran_FPP_000001@fastran@7|FRAMEWORK@Framework@0|149), response = ServiceResponseMessage(sender_id=FRAMEWORK@Framework@0, receiver_id=fastran_FPP_000001@fastran@7, request_msg_id=REQUEST|fastran_FPP_000001@fastran@7|FRAMEWORK@Framework@0|149,status=0, args=((21, 'srun -N 1 -n 1 -c 128 --threads-per-core=1 --cpu-bind=cores /global/common/software/atom/perlmutter/binaries/fastran/default/xfastran_ver1.06 1 1', None, 128),), message_id=RESPONSE|FRAMEWORK@Framework@0|fastran_FPP_000001@fastran@7|40475)
2025-08-19 15:37:00,817 fastran_tr_fastran_7 DEBUG    Launching command : srun -N 1 -n 1 -c 128 --threads-per-core=1 --cpu-bind=cores /global/common/software/atom/perlmutter/binaries/fastran/default/xfastran_ver1.06 1 1
2025-08-19 15:37:00,843 fastran_tr_fastran_7 DEBUG    _invoke_service(): getTopic  ('_IPS_MONITOR',)
2025-08-19 15:37:00,843 fastran_tr_fastran_7 DEBUG    _get_service_response(REQUEST|fastran_FPP_000001@fastran@7|FRAMEWORK@Framework@0|150)
2025-08-19 15:37:00,854 fastran_tr_fastran_7 DEBUG    _get_service_response(REQUEST|fastran_FPP_000001@fastran@7|FRAMEWORK@Framework@0|150), response = ServiceResponseMessage(sender_id=FRAMEWORK@Framework@0, receiver_id=fastran_FPP_000001@fastran@7, request_msg_id=REQUEST|fastran_FPP_000001@fastran@7|FRAMEWORK@Framework@0|150,status=0, args=(<ipsframework.cca_es_spec.Topic object at 0x7f3a44948a60>,), message_id=RESPONSE|FRAMEWORK@Framework@0|fastran_FPP_000001@fastran@7|40476)
2025-08-19 15:37:00,854 fastran_tr_fastran_7 DEBUG    _invoke_service(): sendEvent  ('_IPS_MONITOR', 'PORTAL_EVENT', {'sim_name': 'fastran_FPP_000001', 'real_sim_name': 'fastran_FPP_000001', 'portal_data': {'code': 'fastran_tr_fastran', 'eventtype': 'IPS_LAUNCH_TASK', 'ok': True, 'walltime': '20308.72', 'time': '2025-08-19|15:37:00PDT', 'state': 'Running', 'comment': 'task_id = 21 , Tag = None , nproc = 1 , Target = srun -N 1 -n 1 -c 128 --threads-per-core=1 --cpu-bind=cores /global/common/software/atom/perlmutter/binaries/fastran/default/xfastran_ver1.06 1 1'}})
2025-08-19 15:37:00,854 fastran_tr_fastran_7 DEBUG    _get_service_response(REQUEST|fastran_FPP_000001@fastran@7|FRAMEWORK@Framework@0|151)
2025-08-19 15:37:00,865 fastran_tr_fastran_7 DEBUG    _get_service_response(REQUEST|fastran_FPP_000001@fastran@7|FRAMEWORK@Framework@0|151), response = ServiceResponseMessage(sender_id=FRAMEWORK@Framework@0, receiver_id=fastran_FPP_000001@fastran@7, request_msg_id=REQUEST|fastran_FPP_000001@fastran@7|FRAMEWORK@Framework@0|151,status=0, args=(None,), message_id=RESPONSE|FRAMEWORK@Framework@0|fastran_FPP_000001@fastran@7|40477)
2025-08-19 16:08:50,787 fastran_tr_fastran_7 DEBUG    _invoke_service(): getTopic  ('_IPS_MONITOR',)
2025-08-19 16:08:50,787 fastran_tr_fastran_7 DEBUG    _get_service_response(REQUEST|fastran_FPP_000001@fastran@7|FRAMEWORK@Framework@0|152)
2025-08-19 16:08:50,798 fastran_tr_fastran_7 DEBUG    _get_service_response(REQUEST|fastran_FPP_000001@fastran@7|FRAMEWORK@Framework@0|152), response = ServiceResponseMessage(sender_id=FRAMEWORK@Framework@0, receiver_id=fastran_FPP_000001@fastran@7, request_msg_id=REQUEST|fastran_FPP_000001@fastran@7|FRAMEWORK@Framework@0|152,status=0, args=(<ipsframework.cca_es_spec.Topic object at 0x7f3a44948850>,), message_id=RESPONSE|FRAMEWORK@Framework@0|fastran_FPP_000001@fastran@7|44214)
2025-08-19 16:08:50,798 fastran_tr_fastran_7 DEBUG    _invoke_service(): sendEvent  ('_IPS_MONITOR', 'PORTAL_EVENT', {'sim_name': 'fastran_FPP_000001', 'real_sim_name': 'fastran_FPP_000001', 'portal_data': {'code': 'fastran_tr_fastran', 'eventtype': 'IPS_TASK_END', 'ok': True, 'walltime': '22218.67', 'time': '2025-08-19|16:08:50PDT', 'trace': {'timestamp': 1755643020842943, 'duration': 1909944035, 'localEndpoint': {'serviceName': '/global/common/software/atom/perlmutter/binaries/fastran/default/xfastran_ver1.06'}, 'name': '1 1', 'id': 'ad6fa6492ce92732', 'parentId': '2a876778814b02c3', 'tags': {'procs_requested': '1', 'cores_allocated': '128'}}, 'state': 'Running', 'comment': 'task_id = 21  elapsed time = 1909.94 S'}})
2025-08-19 16:08:50,798 fastran_tr_fastran_7 DEBUG    _get_service_response(REQUEST|fastran_FPP_000001@fastran@7|FRAMEWORK@Framework@0|153)
2025-08-19 16:08:50,809 fastran_tr_fastran_7 DEBUG    _get_service_response(REQUEST|fastran_FPP_000001@fastran@7|FRAMEWORK@Framework@0|153), response = ServiceResponseMessage(sender_id=FRAMEWORK@Framework@0, receiver_id=fastran_FPP_000001@fastran@7, request_msg_id=REQUEST|fastran_FPP_000001@fastran@7|FRAMEWORK@Framework@0|153,status=0, args=(None,), message_id=RESPONSE|FRAMEWORK@Framework@0|fastran_FPP_000001@fastran@7|44215)
2025-08-19 16:08:50,809 fastran_tr_fastran_7 DEBUG    _invoke_service(): finish_task  (21, 0)
2025-08-19 16:08:50,810 fastran_tr_fastran_7 DEBUG    _get_service_response(REQUEST|fastran_FPP_000001@fastran@7|FRAMEWORK@Framework@0|154)
2025-08-19 16:08:50,821 fastran_tr_fastran_7 DEBUG    _get_service_response(REQUEST|fastran_FPP_000001@fastran@7|FRAMEWORK@Framework@0|154), response = ServiceResponseMessage(sender_id=FRAMEWORK@Framework@0, receiver_id=fastran_FPP_000001@fastran@7, request_msg_id=REQUEST|fastran_FPP_000001@fastran@7|FRAMEWORK@Framework@0|154,status=0, args=(0,), message_id=RESPONSE|FRAMEWORK@Framework@0|fastran_FPP_000001@fastran@7|44216)
2025-08-19 16:08:51,240 fastran_tr_fastran_7 DEBUG    _invoke_service(): update_state  (['s000001.00001', 'g000001.00001', 'i000001.00001'], '/pscratch/sd/h/hswils/github_repos/MANTA_DBSCANS/basecase/SCAN/work/fastran_tr_fastran_7', '/pscratch/sd/h/hswils/github_repos/MANTA_DBSCANS/basecase/SCAN/work/plasma_state')
2025-08-19 16:08:51,241 fastran_tr_fastran_7 DEBUG    _get_service_response(REQUEST|fastran_FPP_000001@fastran@7|FRAMEWORK@Framework@0|155)
2025-08-19 16:08:51,261 fastran_tr_fastran_7 DEBUG    _get_service_response(REQUEST|fastran_FPP_000001@fastran@7|FRAMEWORK@Framework@0|155), response = ServiceResponseMessage(sender_id=FRAMEWORK@Framework@0, receiver_id=fastran_FPP_000001@fastran@7, request_msg_id=REQUEST|fastran_FPP_000001@fastran@7|FRAMEWORK@Framework@0|155,status=0, args=(0,), message_id=RESPONSE|FRAMEWORK@Framework@0|fastran_FPP_000001@fastran@7|44218)
2025-08-19 16:08:51,261 fastran_tr_fastran_7 DEBUG    _invoke_service(): getTopic  ('_IPS_MONITOR',)
2025-08-19 16:08:51,262 fastran_tr_fastran_7 DEBUG    _get_service_response(REQUEST|fastran_FPP_000001@fastran@7|FRAMEWORK@Framework@0|156)
2025-08-19 16:08:51,272 fastran_tr_fastran_7 DEBUG    _get_service_response(REQUEST|fastran_FPP_000001@fastran@7|FRAMEWORK@Framework@0|156), response = ServiceResponseMessage(sender_id=FRAMEWORK@Framework@0, receiver_id=fastran_FPP_000001@fastran@7, request_msg_id=REQUEST|fastran_FPP_000001@fastran@7|FRAMEWORK@Framework@0|156,status=0, args=(<ipsframework.cca_es_spec.Topic object at 0x7f3a44948730>,), message_id=RESPONSE|FRAMEWORK@Framework@0|fastran_FPP_000001@fastran@7|44219)
2025-08-19 16:08:51,272 fastran_tr_fastran_7 DEBUG    _invoke_service(): sendEvent  ('_IPS_MONITOR', 'PORTAL_EVENT', {'sim_name': 'fastran_FPP_000001', 'real_sim_name': 'fastran_FPP_000001', 'portal_data': {'code': 'fastran_tr_fastran', 'eventtype': 'IPS_UPDATE_STATE', 'ok': True, 'walltime': '22219.14', 'time': '2025-08-19|16:08:51PDT', 'trace': {'timestamp': 1755644931240773, 'duration': 21098, 'localEndpoint': {'serviceName': 'update_state'}, 'name': "['s000001.00001', 'g000001.00001', 'i000001.00001']", 'id': '7629e189a66153c0', 'parentId': '2a876778814b02c3', 'tags': {}}, 'state': 'Running', 'comment': 'Elapsed time = 0.021   files = s000001.00001 g000001.00001 i000001.00001 Success'}})
2025-08-19 16:08:51,272 fastran_tr_fastran_7 DEBUG    _get_service_response(REQUEST|fastran_FPP_000001@fastran@7|FRAMEWORK@Framework@0|157)
2025-08-19 16:08:51,283 fastran_tr_fastran_7 DEBUG    _get_service_response(REQUEST|fastran_FPP_000001@fastran@7|FRAMEWORK@Framework@0|157), response = ServiceResponseMessage(sender_id=FRAMEWORK@Framework@0, receiver_id=fastran_FPP_000001@fastran@7, request_msg_id=REQUEST|fastran_FPP_000001@fastran@7|FRAMEWORK@Framework@0|157,status=0, args=(None,), message_id=RESPONSE|FRAMEWORK@Framework@0|fastran_FPP_000001@fastran@7|44220)
2025-08-19 16:08:51,302 fastran_tr_fastran_7 DEBUG    _invoke_service(): getTopic  ('_IPS_MONITOR',)
2025-08-19 16:08:51,302 fastran_tr_fastran_7 DEBUG    _get_service_response(REQUEST|fastran_FPP_000001@fastran@7|FRAMEWORK@Framework@0|158)
2025-08-19 16:08:51,312 fastran_tr_fastran_7 DEBUG    _get_service_response(REQUEST|fastran_FPP_000001@fastran@7|FRAMEWORK@Framework@0|158), response = ServiceResponseMessage(sender_id=FRAMEWORK@Framework@0, receiver_id=fastran_FPP_000001@fastran@7, request_msg_id=REQUEST|fastran_FPP_000001@fastran@7|FRAMEWORK@Framework@0|158,status=0, args=(<ipsframework.cca_es_spec.Topic object at 0x7f3a44948700>,), message_id=RESPONSE|FRAMEWORK@Framework@0|fastran_FPP_000001@fastran@7|44221)
2025-08-19 16:08:51,312 fastran_tr_fastran_7 DEBUG    _invoke_service(): sendEvent  ('_IPS_MONITOR', 'PORTAL_EVENT', {'sim_name': 'fastran_FPP_000001', 'real_sim_name': 'fastran_FPP_000001', 'portal_data': {'code': 'fastran_tr_fastran', 'eventtype': 'IPS_STAGE_OUTPUTS', 'ok': True, 'walltime': '22219.18', 'time': '2025-08-19|16:08:51PDT', 'trace': {'timestamp': 1755644931283980, 'duration': 18225, 'localEndpoint': {'serviceName': 'stage_output_files'}, 'name': "['fastran.nc', 'inprof', 'inmetric', 'infastran', 'intglf', 'xfastran.log', 'i000001.00001']", 'id': '7349cfaaafc33980', 'parentId': '2a876778814b02c3', 'tags': {}}, 'state': 'Running', 'comment': "Elapsed time = 0.018 Path = /pscratch/sd/h/hswils/github_repos/MANTA_DBSCANS/basecase/SCAN/simulation_results/9/components/fastran_tr_fastran_7 Files = ['fastran.nc', 'inprof', 'inmetric', 'infastran', 'intglf', 'xfastran.log', 'i000001.00001']"}})
2025-08-19 16:08:51,313 fastran_tr_fastran_7 DEBUG    _get_service_response(REQUEST|fastran_FPP_000001@fastran@7|FRAMEWORK@Framework@0|159)
2025-08-19 16:08:51,323 fastran_tr_fastran_7 DEBUG    _get_service_response(REQUEST|fastran_FPP_000001@fastran@7|FRAMEWORK@Framework@0|159), response = ServiceResponseMessage(sender_id=FRAMEWORK@Framework@0, receiver_id=fastran_FPP_000001@fastran@7, request_msg_id=REQUEST|fastran_FPP_000001@fastran@7|FRAMEWORK@Framework@0|159,status=0, args=(None,), message_id=RESPONSE|FRAMEWORK@Framework@0|fastran_FPP_000001@fastran@7|44222)
2025-08-19 16:08:51,334 fastran_driver_fastran_driver_2 DEBUG    _get_service_response(REQUEST|fastran_FPP_000001@fastran_driver@2|FRAMEWORK@Framework@0|324), response = ServiceResponseMessage(sender_id=FRAMEWORK@Framework@0, receiver_id=fastran_FPP_000001@fastran_driver@2, request_msg_id=REQUEST|fastran_FPP_000001@fastran_driver@2|FRAMEWORK@Framework@0|324,status=0, args=((None,),), message_id=RESPONSE|FRAMEWORK@Framework@0|fastran_FPP_000001@fastran_driver@2|44223)
2025-08-19 16:08:51,335 fastran_driver_fastran_driver_2 DEBUG    _invoke_service(): getTopic  ('_IPS_MONITOR',)
2025-08-19 16:08:51,335 fastran_driver_fastran_driver_2 DEBUG    _get_service_response(REQUEST|fastran_FPP_000001@fastran_driver@2|FRAMEWORK@Framework@0|325)
2025-08-19 16:08:51,346 fastran_driver_fastran_driver_2 DEBUG    _get_service_response(REQUEST|fastran_FPP_000001@fastran_driver@2|FRAMEWORK@Framework@0|325), response = ServiceResponseMessage(sender_id=FRAMEWORK@Framework@0, receiver_id=fastran_FPP_000001@fastran_driver@2, request_msg_id=REQUEST|fastran_FPP_000001@fastran_driver@2|FRAMEWORK@Framework@0|325,status=0, args=(<ipsframework.cca_es_spec.Topic object at 0x7f3a44a20c70>,), message_id=RESPONSE|FRAMEWORK@Framework@0|fastran_FPP_000001@fastran_driver@2|44224)
2025-08-19 16:08:51,346 fastran_driver_fastran_driver_2 DEBUG    _invoke_service(): sendEvent  ('_IPS_MONITOR', 'PORTAL_EVENT', {'sim_name': 'fastran_FPP_000001', 'real_sim_name': 'fastran_FPP_000001', 'portal_data': {'code': 'fastran_driver_fastran_driver', 'eventtype': 'IPS_CALL_END', 'ok': True, 'walltime': '22219.21', 'time': '2025-08-19|16:08:51PDT', 'trace': {'timestamp': 1755643020503613, 'duration': 1910831628, 'localEndpoint': {'serviceName': 'fastran_FPP_000001@fastran@7'}, 'name': 'step(9)', 'id': '2a876778814b02c3', 'parentId': 'f899e3e5886669ce', 'tags': {}}, 'state': 'Running', 'comment': 'Target = fastran_FPP_000001@fastran@7:step(9)'}})
2025-08-19 16:08:51,346 fastran_driver_fastran_driver_2 DEBUG    _get_service_response(REQUEST|fastran_FPP_000001@fastran_driver@2|FRAMEWORK@Framework@0|326)
2025-08-19 16:08:51,357 fastran_driver_fastran_driver_2 DEBUG    _get_service_response(REQUEST|fastran_FPP_000001@fastran_driver@2|FRAMEWORK@Framework@0|326), response = ServiceResponseMessage(sender_id=FRAMEWORK@Framework@0, receiver_id=fastran_FPP_000001@fastran_driver@2, request_msg_id=REQUEST|fastran_FPP_000001@fastran_driver@2|FRAMEWORK@Framework@0|326,status=0, args=(None,), message_id=RESPONSE|FRAMEWORK@Framework@0|fastran_FPP_000001@fastran_driver@2|44225)
2025-08-19 16:08:51,358 fastran_driver_fastran_driver_2 DEBUG    _invoke_service(): stage_state  (['s000001.00001', 'g000001.00001', 'i000001.00001'], '/pscratch/sd/h/hswils/github_repos/MANTA_DBSCANS/basecase/SCAN/work/plasma_state', '/pscratch/sd/h/hswils/github_repos/MANTA_DBSCANS/basecase/SCAN/work/fastran_driver_fastran_driver_2')
2025-08-19 16:08:51,358 fastran_driver_fastran_driver_2 DEBUG    _get_service_response(REQUEST|fastran_FPP_000001@fastran_driver@2|FRAMEWORK@Framework@0|327)
2025-08-19 16:08:51,379 fastran_driver_fastran_driver_2 DEBUG    _get_service_response(REQUEST|fastran_FPP_000001@fastran_driver@2|FRAMEWORK@Framework@0|327), response = ServiceResponseMessage(sender_id=FRAMEWORK@Framework@0, receiver_id=fastran_FPP_000001@fastran_driver@2, request_msg_id=REQUEST|fastran_FPP_000001@fastran_driver@2|FRAMEWORK@Framework@0|327,status=0, args=(0,), message_id=RESPONSE|FRAMEWORK@Framework@0|fastran_FPP_000001@fastran_driver@2|44226)
2025-08-19 16:08:51,379 fastran_driver_fastran_driver_2 DEBUG    _invoke_service(): getTopic  ('_IPS_MONITOR',)
2025-08-19 16:08:51,379 fastran_driver_fastran_driver_2 DEBUG    _get_service_response(REQUEST|fastran_FPP_000001@fastran_driver@2|FRAMEWORK@Framework@0|328)
2025-08-19 16:08:51,390 fastran_driver_fastran_driver_2 DEBUG    _get_service_response(REQUEST|fastran_FPP_000001@fastran_driver@2|FRAMEWORK@Framework@0|328), response = ServiceResponseMessage(sender_id=FRAMEWORK@Framework@0, receiver_id=fastran_FPP_000001@fastran_driver@2, request_msg_id=REQUEST|fastran_FPP_000001@fastran_driver@2|FRAMEWORK@Framework@0|328,status=0, args=(<ipsframework.cca_es_spec.Topic object at 0x7f3a44a20d60>,), message_id=RESPONSE|FRAMEWORK@Framework@0|fastran_FPP_000001@fastran_driver@2|44227)
2025-08-19 16:08:51,390 fastran_driver_fastran_driver_2 DEBUG    _invoke_service(): sendEvent  ('_IPS_MONITOR', 'PORTAL_EVENT', {'sim_name': 'fastran_FPP_000001', 'real_sim_name': 'fastran_FPP_000001', 'portal_data': {'code': 'fastran_driver_fastran_driver', 'eventtype': 'IPS_STAGE_STATE', 'ok': True, 'walltime': '22219.26', 'time': '2025-08-19|16:08:51PDT', 'trace': {'timestamp': 1755644931357992, 'duration': 21833, 'localEndpoint': {'serviceName': 'stage_state'}, 'name': "['s000001.00001', 'g000001.00001', 'i000001.00001']", 'id': '71885aecf25d7412', 'parentId': 'f899e3e5886669ce', 'tags': {}}, 'state': 'Running', 'comment': 'Elapsed time = 0.022  files = s000001.00001 g000001.00001 i000001.00001 Success'}})
2025-08-19 16:08:51,390 fastran_driver_fastran_driver_2 DEBUG    _get_service_response(REQUEST|fastran_FPP_000001@fastran_driver@2|FRAMEWORK@Framework@0|329)
2025-08-19 16:08:51,401 fastran_driver_fastran_driver_2 DEBUG    _get_service_response(REQUEST|fastran_FPP_000001@fastran_driver@2|FRAMEWORK@Framework@0|329), response = ServiceResponseMessage(sender_id=FRAMEWORK@Framework@0, receiver_id=fastran_FPP_000001@fastran_driver@2, request_msg_id=REQUEST|fastran_FPP_000001@fastran_driver@2|FRAMEWORK@Framework@0|329,status=0, args=(None,), message_id=RESPONSE|FRAMEWORK@Framework@0|fastran_FPP_000001@fastran_driver@2|44228)
2025-08-19 16:08:51,402 fastran_driver_fastran_driver_2 DEBUG    _invoke_service(): getTopic  ('_IPS_MONITOR',)
2025-08-19 16:08:51,402 fastran_driver_fastran_driver_2 DEBUG    _get_service_response(REQUEST|fastran_FPP_000001@fastran_driver@2|FRAMEWORK@Framework@0|330)
2025-08-19 16:08:51,412 fastran_driver_fastran_driver_2 DEBUG    _get_service_response(REQUEST|fastran_FPP_000001@fastran_driver@2|FRAMEWORK@Framework@0|330), response = ServiceResponseMessage(sender_id=FRAMEWORK@Framework@0, receiver_id=fastran_FPP_000001@fastran_driver@2, request_msg_id=REQUEST|fastran_FPP_000001@fastran_driver@2|FRAMEWORK@Framework@0|330,status=0, args=(<ipsframework.cca_es_spec.Topic object at 0x7f3a44a20f10>,), message_id=RESPONSE|FRAMEWORK@Framework@0|fastran_FPP_000001@fastran_driver@2|44229)
2025-08-19 16:08:51,412 fastran_driver_fastran_driver_2 DEBUG    _invoke_service(): sendEvent  ('_IPS_MONITOR', 'PORTAL_EVENT', {'sim_name': 'fastran_FPP_000001', 'real_sim_name': 'fastran_FPP_000001', 'portal_data': {'code': 'fastran_driver_fastran_driver', 'eventtype': 'IPS_STAGE_OUTPUTS', 'ok': True, 'walltime': '22219.28', 'time': '2025-08-19|16:08:51PDT', 'trace': {'timestamp': 1755644931401737, 'duration': 312, 'localEndpoint': {'serviceName': 'stage_output_files'}, 'name': '[]', 'id': 'ed019efe11be26d9', 'parentId': 'f899e3e5886669ce', 'tags': {}}, 'state': 'Running', 'comment': 'Elapsed time = 0.000 Path = /pscratch/sd/h/hswils/github_repos/MANTA_DBSCANS/basecase/SCAN/simulation_results/9/components/fastran_driver_fastran_driver_2 Files = []'}})
2025-08-19 16:08:51,413 fastran_driver_fastran_driver_2 DEBUG    _get_service_response(REQUEST|fastran_FPP_000001@fastran_driver@2|FRAMEWORK@Framework@0|331)
2025-08-19 16:08:51,423 fastran_driver_fastran_driver_2 DEBUG    _get_service_response(REQUEST|fastran_FPP_000001@fastran_driver@2|FRAMEWORK@Framework@0|331), response = ServiceResponseMessage(sender_id=FRAMEWORK@Framework@0, receiver_id=fastran_FPP_000001@fastran_driver@2, request_msg_id=REQUEST|fastran_FPP_000001@fastran_driver@2|FRAMEWORK@Framework@0|331,status=0, args=(None,), message_id=RESPONSE|FRAMEWORK@Framework@0|fastran_FPP_000001@fastran_driver@2|44230)
2025-08-19 16:08:51,424 fastran_driver_fastran_driver_2 DEBUG    _invoke_service(): getTopic  ('_IPS_MONITOR',)
2025-08-19 16:08:51,424 fastran_driver_fastran_driver_2 DEBUG    _get_service_response(REQUEST|fastran_FPP_000001@fastran_driver@2|FRAMEWORK@Framework@0|332)
2025-08-19 16:08:51,435 fastran_driver_fastran_driver_2 DEBUG    _get_service_response(REQUEST|fastran_FPP_000001@fastran_driver@2|FRAMEWORK@Framework@0|332), response = ServiceResponseMessage(sender_id=FRAMEWORK@Framework@0, receiver_id=fastran_FPP_000001@fastran_driver@2, request_msg_id=REQUEST|fastran_FPP_000001@fastran_driver@2|FRAMEWORK@Framework@0|332,status=0, args=(<ipsframework.cca_es_spec.Topic object at 0x7f3a44a20df0>,), message_id=RESPONSE|FRAMEWORK@Framework@0|fastran_FPP_000001@fastran_driver@2|44231)
2025-08-19 16:08:51,435 fastran_driver_fastran_driver_2 DEBUG    _invoke_service(): sendEvent  ('_IPS_MONITOR', 'PORTAL_EVENT', {'sim_name': 'fastran_FPP_000001', 'real_sim_name': 'fastran_FPP_000001', 'portal_data': {'code': 'fastran_driver_fastran_driver', 'eventtype': 'IPS_CALL_BEGIN', 'ok': True, 'walltime': '22219.30', 'time': '2025-08-19|16:08:51PDT', 'state': 'Running', 'comment': 'Target = fastran_FPP_000001@efit@3:finalize(9)'}})
2025-08-19 16:08:51,435 fastran_driver_fastran_driver_2 DEBUG    _get_service_response(REQUEST|fastran_FPP_000001@fastran_driver@2|FRAMEWORK@Framework@0|333)
2025-08-19 16:08:51,446 fastran_driver_fastran_driver_2 DEBUG    _get_service_response(REQUEST|fastran_FPP_000001@fastran_driver@2|FRAMEWORK@Framework@0|333), response = ServiceResponseMessage(sender_id=FRAMEWORK@Framework@0, receiver_id=fastran_FPP_000001@fastran_driver@2, request_msg_id=REQUEST|fastran_FPP_000001@fastran_driver@2|FRAMEWORK@Framework@0|333,status=0, args=(None,), message_id=RESPONSE|FRAMEWORK@Framework@0|fastran_FPP_000001@fastran_driver@2|44232)
2025-08-19 16:08:51,446 fastran_driver_fastran_driver_2 DEBUG    _invoke_service(): init_call  ('finalize', 9)
2025-08-19 16:08:51,446 fastran_driver_fastran_driver_2 DEBUG    _get_service_response(REQUEST|fastran_FPP_000001@fastran_driver@2|FRAMEWORK@Framework@0|334)
2025-08-19 16:08:51,447 fastran_eq0_efit_3 DEBUG    Received Message 
2025-08-19 16:08:51,447 fastran_eq0_efit_3 DEBUG    Calling method finalize(9)
2025-08-19 16:08:51,456 fastran_driver_fastran_driver_2 DEBUG    _get_service_response(REQUEST|fastran_FPP_000001@fastran_driver@2|FRAMEWORK@Framework@0|334), response = ServiceResponseMessage(sender_id=FRAMEWORK@Framework@0, receiver_id=fastran_FPP_000001@fastran_driver@2, request_msg_id=REQUEST|fastran_FPP_000001@fastran_driver@2|FRAMEWORK@Framework@0|334,status=0, args=(48,), message_id=RESPONSE|FRAMEWORK@Framework@0|fastran_FPP_000001@fastran_driver@2|44233)
2025-08-19 16:08:51,456 fastran_driver_fastran_driver_2 DEBUG    _invoke_service(): wait_call  (48, True)
2025-08-19 16:08:51,457 fastran_driver_fastran_driver_2 DEBUG    _get_service_response(REQUEST|fastran_FPP_000001@fastran_driver@2|FRAMEWORK@Framework@0|335)
2025-08-19 16:08:51,467 fastran_driver_fastran_driver_2 DEBUG    _get_service_response(REQUEST|fastran_FPP_000001@fastran_driver@2|FRAMEWORK@Framework@0|335), response = ServiceResponseMessage(sender_id=FRAMEWORK@Framework@0, receiver_id=fastran_FPP_000001@fastran_driver@2, request_msg_id=REQUEST|fastran_FPP_000001@fastran_driver@2|FRAMEWORK@Framework@0|335,status=0, args=((None,),), message_id=RESPONSE|FRAMEWORK@Framework@0|fastran_FPP_000001@fastran_driver@2|44234)
2025-08-19 16:08:51,467 fastran_driver_fastran_driver_2 DEBUG    _invoke_service(): getTopic  ('_IPS_MONITOR',)
2025-08-19 16:08:51,467 fastran_driver_fastran_driver_2 DEBUG    _get_service_response(REQUEST|fastran_FPP_000001@fastran_driver@2|FRAMEWORK@Framework@0|336)
2025-08-19 16:08:51,478 fastran_driver_fastran_driver_2 DEBUG    _get_service_response(REQUEST|fastran_FPP_000001@fastran_driver@2|FRAMEWORK@Framework@0|336), response = ServiceResponseMessage(sender_id=FRAMEWORK@Framework@0, receiver_id=fastran_FPP_000001@fastran_driver@2, request_msg_id=REQUEST|fastran_FPP_000001@fastran_driver@2|FRAMEWORK@Framework@0|336,status=0, args=(<ipsframework.cca_es_spec.Topic object at 0x7f3a44a20f10>,), message_id=RESPONSE|FRAMEWORK@Framework@0|fastran_FPP_000001@fastran_driver@2|44235)
2025-08-19 16:08:51,478 fastran_driver_fastran_driver_2 DEBUG    _invoke_service(): sendEvent  ('_IPS_MONITOR', 'PORTAL_EVENT', {'sim_name': 'fastran_FPP_000001', 'real_sim_name': 'fastran_FPP_000001', 'portal_data': {'code': 'fastran_driver_fastran_driver', 'eventtype': 'IPS_CALL_END', 'ok': True, 'walltime': '22219.35', 'time': '2025-08-19|16:08:51PDT', 'trace': {'timestamp': 1755644931456984, 'duration': 10733, 'localEndpoint': {'serviceName': 'fastran_FPP_000001@efit@3'}, 'name': 'finalize(9)', 'id': 'b8f02a261c3b1109', 'parentId': 'f899e3e5886669ce', 'tags': {}}, 'state': 'Running', 'comment': 'Target = fastran_FPP_000001@efit@3:finalize(9)'}})
2025-08-19 16:08:51,478 fastran_driver_fastran_driver_2 DEBUG    _get_service_response(REQUEST|fastran_FPP_000001@fastran_driver@2|FRAMEWORK@Framework@0|337)
2025-08-19 16:08:51,489 fastran_driver_fastran_driver_2 DEBUG    _get_service_response(REQUEST|fastran_FPP_000001@fastran_driver@2|FRAMEWORK@Framework@0|337), response = ServiceResponseMessage(sender_id=FRAMEWORK@Framework@0, receiver_id=fastran_FPP_000001@fastran_driver@2, request_msg_id=REQUEST|fastran_FPP_000001@fastran_driver@2|FRAMEWORK@Framework@0|337,status=0, args=(None,), message_id=RESPONSE|FRAMEWORK@Framework@0|fastran_FPP_000001@fastran_driver@2|44236)
2025-08-19 16:08:51,489 fastran_driver_fastran_driver_2 DEBUG    _invoke_service(): getTopic  ('_IPS_MONITOR',)
2025-08-19 16:08:51,490 fastran_driver_fastran_driver_2 DEBUG    _get_service_response(REQUEST|fastran_FPP_000001@fastran_driver@2|FRAMEWORK@Framework@0|338)
2025-08-19 16:08:51,500 fastran_driver_fastran_driver_2 DEBUG    _get_service_response(REQUEST|fastran_FPP_000001@fastran_driver@2|FRAMEWORK@Framework@0|338), response = ServiceResponseMessage(sender_id=FRAMEWORK@Framework@0, receiver_id=fastran_FPP_000001@fastran_driver@2, request_msg_id=REQUEST|fastran_FPP_000001@fastran_driver@2|FRAMEWORK@Framework@0|338,status=0, args=(<ipsframework.cca_es_spec.Topic object at 0x7f3a44a20f70>,), message_id=RESPONSE|FRAMEWORK@Framework@0|fastran_FPP_000001@fastran_driver@2|44237)
2025-08-19 16:08:51,501 fastran_driver_fastran_driver_2 DEBUG    _invoke_service(): sendEvent  ('_IPS_MONITOR', 'PORTAL_EVENT', {'sim_name': 'fastran_FPP_000001', 'real_sim_name': 'fastran_FPP_000001', 'portal_data': {'code': 'fastran_driver_fastran_driver', 'eventtype': 'IPS_CALL_BEGIN', 'ok': True, 'walltime': '22219.37', 'time': '2025-08-19|16:08:51PDT', 'state': 'Running', 'comment': 'Target = fastran_FPP_000001@fastran@4:finalize(9)'}})
2025-08-19 16:08:51,501 fastran_driver_fastran_driver_2 DEBUG    _get_service_response(REQUEST|fastran_FPP_000001@fastran_driver@2|FRAMEWORK@Framework@0|339)
2025-08-19 16:08:51,512 fastran_driver_fastran_driver_2 DEBUG    _get_service_response(REQUEST|fastran_FPP_000001@fastran_driver@2|FRAMEWORK@Framework@0|339), response = ServiceResponseMessage(sender_id=FRAMEWORK@Framework@0, receiver_id=fastran_FPP_000001@fastran_driver@2, request_msg_id=REQUEST|fastran_FPP_000001@fastran_driver@2|FRAMEWORK@Framework@0|339,status=0, args=(None,), message_id=RESPONSE|FRAMEWORK@Framework@0|fastran_FPP_000001@fastran_driver@2|44238)
2025-08-19 16:08:51,512 fastran_driver_fastran_driver_2 DEBUG    _invoke_service(): init_call  ('finalize', 9)
2025-08-19 16:08:51,512 fastran_driver_fastran_driver_2 DEBUG    _get_service_response(REQUEST|fastran_FPP_000001@fastran_driver@2|FRAMEWORK@Framework@0|340)
2025-08-19 16:08:51,513 fastran_tr0_fastran_4 DEBUG    Received Message 
2025-08-19 16:08:51,513 fastran_tr0_fastran_4 DEBUG    Calling method finalize(9)
2025-08-19 16:08:51,523 fastran_driver_fastran_driver_2 DEBUG    _get_service_response(REQUEST|fastran_FPP_000001@fastran_driver@2|FRAMEWORK@Framework@0|340), response = ServiceResponseMessage(sender_id=FRAMEWORK@Framework@0, receiver_id=fastran_FPP_000001@fastran_driver@2, request_msg_id=REQUEST|fastran_FPP_000001@fastran_driver@2|FRAMEWORK@Framework@0|340,status=0, args=(49,), message_id=RESPONSE|FRAMEWORK@Framework@0|fastran_FPP_000001@fastran_driver@2|44240)
2025-08-19 16:08:51,523 fastran_driver_fastran_driver_2 DEBUG    _invoke_service(): wait_call  (49, True)
2025-08-19 16:08:51,523 fastran_driver_fastran_driver_2 DEBUG    _get_service_response(REQUEST|fastran_FPP_000001@fastran_driver@2|FRAMEWORK@Framework@0|341)
2025-08-19 16:08:51,533 fastran_driver_fastran_driver_2 DEBUG    _get_service_response(REQUEST|fastran_FPP_000001@fastran_driver@2|FRAMEWORK@Framework@0|341), response = ServiceResponseMessage(sender_id=FRAMEWORK@Framework@0, receiver_id=fastran_FPP_000001@fastran_driver@2, request_msg_id=REQUEST|fastran_FPP_000001@fastran_driver@2|FRAMEWORK@Framework@0|341,status=0, args=((None,),), message_id=RESPONSE|FRAMEWORK@Framework@0|fastran_FPP_000001@fastran_driver@2|44241)
2025-08-19 16:08:51,533 fastran_driver_fastran_driver_2 DEBUG    _invoke_service(): getTopic  ('_IPS_MONITOR',)
2025-08-19 16:08:51,533 fastran_driver_fastran_driver_2 DEBUG    _get_service_response(REQUEST|fastran_FPP_000001@fastran_driver@2|FRAMEWORK@Framework@0|342)
2025-08-19 16:08:51,544 fastran_driver_fastran_driver_2 DEBUG    _get_service_response(REQUEST|fastran_FPP_000001@fastran_driver@2|FRAMEWORK@Framework@0|342), response = ServiceResponseMessage(sender_id=FRAMEWORK@Framework@0, receiver_id=fastran_FPP_000001@fastran_driver@2, request_msg_id=REQUEST|fastran_FPP_000001@fastran_driver@2|FRAMEWORK@Framework@0|342,status=0, args=(<ipsframework.cca_es_spec.Topic object at 0x7f3a44a20c70>,), message_id=RESPONSE|FRAMEWORK@Framework@0|fastran_FPP_000001@fastran_driver@2|44242)
2025-08-19 16:08:51,544 fastran_driver_fastran_driver_2 DEBUG    _invoke_service(): sendEvent  ('_IPS_MONITOR', 'PORTAL_EVENT', {'sim_name': 'fastran_FPP_000001', 'real_sim_name': 'fastran_FPP_000001', 'portal_data': {'code': 'fastran_driver_fastran_driver', 'eventtype': 'IPS_CALL_END', 'ok': True, 'walltime': '22219.41', 'time': '2025-08-19|16:08:51PDT', 'trace': {'timestamp': 1755644931523076, 'duration': 10689, 'localEndpoint': {'serviceName': 'fastran_FPP_000001@fastran@4'}, 'name': 'finalize(9)', 'id': '273a2b7ceea86e64', 'parentId': 'f899e3e5886669ce', 'tags': {}}, 'state': 'Running', 'comment': 'Target = fastran_FPP_000001@fastran@4:finalize(9)'}})
2025-08-19 16:08:51,544 fastran_driver_fastran_driver_2 DEBUG    _get_service_response(REQUEST|fastran_FPP_000001@fastran_driver@2|FRAMEWORK@Framework@0|343)
2025-08-19 16:08:51,555 fastran_driver_fastran_driver_2 DEBUG    _get_service_response(REQUEST|fastran_FPP_000001@fastran_driver@2|FRAMEWORK@Framework@0|343), response = ServiceResponseMessage(sender_id=FRAMEWORK@Framework@0, receiver_id=fastran_FPP_000001@fastran_driver@2, request_msg_id=REQUEST|fastran_FPP_000001@fastran_driver@2|FRAMEWORK@Framework@0|343,status=0, args=(None,), message_id=RESPONSE|FRAMEWORK@Framework@0|fastran_FPP_000001@fastran_driver@2|44243)
2025-08-19 16:08:51,555 fastran_driver_fastran_driver_2 DEBUG    _invoke_service(): getTopic  ('_IPS_MONITOR',)
2025-08-19 16:08:51,555 fastran_driver_fastran_driver_2 DEBUG    _get_service_response(REQUEST|fastran_FPP_000001@fastran_driver@2|FRAMEWORK@Framework@0|344)
2025-08-19 16:08:51,566 fastran_driver_fastran_driver_2 DEBUG    _get_service_response(REQUEST|fastran_FPP_000001@fastran_driver@2|FRAMEWORK@Framework@0|344), response = ServiceResponseMessage(sender_id=FRAMEWORK@Framework@0, receiver_id=fastran_FPP_000001@fastran_driver@2, request_msg_id=REQUEST|fastran_FPP_000001@fastran_driver@2|FRAMEWORK@Framework@0|344,status=0, args=(<ipsframework.cca_es_spec.Topic object at 0x7f3a44a20fa0>,), message_id=RESPONSE|FRAMEWORK@Framework@0|fastran_FPP_000001@fastran_driver@2|44244)
2025-08-19 16:08:51,566 fastran_driver_fastran_driver_2 DEBUG    _invoke_service(): sendEvent  ('_IPS_MONITOR', 'PORTAL_EVENT', {'sim_name': 'fastran_FPP_000001', 'real_sim_name': 'fastran_FPP_000001', 'portal_data': {'code': 'fastran_driver_fastran_driver', 'eventtype': 'IPS_CALL_BEGIN', 'ok': True, 'walltime': '22219.43', 'time': '2025-08-19|16:08:51PDT', 'state': 'Running', 'comment': 'Target = fastran_FPP_000001@toric@5:finalize(9)'}})
2025-08-19 16:08:51,566 fastran_driver_fastran_driver_2 DEBUG    _get_service_response(REQUEST|fastran_FPP_000001@fastran_driver@2|FRAMEWORK@Framework@0|345)
2025-08-19 16:08:51,577 fastran_driver_fastran_driver_2 DEBUG    _get_service_response(REQUEST|fastran_FPP_000001@fastran_driver@2|FRAMEWORK@Framework@0|345), response = ServiceResponseMessage(sender_id=FRAMEWORK@Framework@0, receiver_id=fastran_FPP_000001@fastran_driver@2, request_msg_id=REQUEST|fastran_FPP_000001@fastran_driver@2|FRAMEWORK@Framework@0|345,status=0, args=(None,), message_id=RESPONSE|FRAMEWORK@Framework@0|fastran_FPP_000001@fastran_driver@2|44245)
2025-08-19 16:08:51,577 fastran_driver_fastran_driver_2 DEBUG    _invoke_service(): init_call  ('finalize', 9)
2025-08-19 16:08:51,577 fastran_driver_fastran_driver_2 DEBUG    _get_service_response(REQUEST|fastran_FPP_000001@fastran_driver@2|FRAMEWORK@Framework@0|346)
2025-08-19 16:08:51,578 rf_ic_toric_5   DEBUG    Received Message 
2025-08-19 16:08:51,578 rf_ic_toric_5   DEBUG    Calling method finalize(9)
2025-08-19 16:08:51,588 fastran_driver_fastran_driver_2 DEBUG    _get_service_response(REQUEST|fastran_FPP_000001@fastran_driver@2|FRAMEWORK@Framework@0|346), response = ServiceResponseMessage(sender_id=FRAMEWORK@Framework@0, receiver_id=fastran_FPP_000001@fastran_driver@2, request_msg_id=REQUEST|fastran_FPP_000001@fastran_driver@2|FRAMEWORK@Framework@0|346,status=0, args=(50,), message_id=RESPONSE|FRAMEWORK@Framework@0|fastran_FPP_000001@fastran_driver@2|44246)
2025-08-19 16:08:51,588 fastran_driver_fastran_driver_2 DEBUG    _invoke_service(): wait_call  (50, True)
2025-08-19 16:08:51,588 fastran_driver_fastran_driver_2 DEBUG    _get_service_response(REQUEST|fastran_FPP_000001@fastran_driver@2|FRAMEWORK@Framework@0|347)
2025-08-19 16:08:51,599 fastran_driver_fastran_driver_2 DEBUG    _get_service_response(REQUEST|fastran_FPP_000001@fastran_driver@2|FRAMEWORK@Framework@0|347), response = ServiceResponseMessage(sender_id=FRAMEWORK@Framework@0, receiver_id=fastran_FPP_000001@fastran_driver@2, request_msg_id=REQUEST|fastran_FPP_000001@fastran_driver@2|FRAMEWORK@Framework@0|347,status=0, args=((None,),), message_id=RESPONSE|FRAMEWORK@Framework@0|fastran_FPP_000001@fastran_driver@2|44247)
2025-08-19 16:08:51,599 fastran_driver_fastran_driver_2 DEBUG    _invoke_service(): getTopic  ('_IPS_MONITOR',)
2025-08-19 16:08:51,599 fastran_driver_fastran_driver_2 DEBUG    _get_service_response(REQUEST|fastran_FPP_000001@fastran_driver@2|FRAMEWORK@Framework@0|348)
2025-08-19 16:08:51,610 fastran_driver_fastran_driver_2 DEBUG    _get_service_response(REQUEST|fastran_FPP_000001@fastran_driver@2|FRAMEWORK@Framework@0|348), response = ServiceResponseMessage(sender_id=FRAMEWORK@Framework@0, receiver_id=fastran_FPP_000001@fastran_driver@2, request_msg_id=REQUEST|fastran_FPP_000001@fastran_driver@2|FRAMEWORK@Framework@0|348,status=0, args=(<ipsframework.cca_es_spec.Topic object at 0x7f3a44a20f70>,), message_id=RESPONSE|FRAMEWORK@Framework@0|fastran_FPP_000001@fastran_driver@2|44248)
2025-08-19 16:08:51,610 fastran_driver_fastran_driver_2 DEBUG    _invoke_service(): sendEvent  ('_IPS_MONITOR', 'PORTAL_EVENT', {'sim_name': 'fastran_FPP_000001', 'real_sim_name': 'fastran_FPP_000001', 'portal_data': {'code': 'fastran_driver_fastran_driver', 'eventtype': 'IPS_CALL_END', 'ok': True, 'walltime': '22219.48', 'time': '2025-08-19|16:08:51PDT', 'trace': {'timestamp': 1755644931588757, 'duration': 11012, 'localEndpoint': {'serviceName': 'fastran_FPP_000001@toric@5'}, 'name': 'finalize(9)', 'id': '5e56a439202b3bac', 'parentId': 'f899e3e5886669ce', 'tags': {}}, 'state': 'Running', 'comment': 'Target = fastran_FPP_000001@toric@5:finalize(9)'}})
2025-08-19 16:08:51,610 fastran_driver_fastran_driver_2 DEBUG    _get_service_response(REQUEST|fastran_FPP_000001@fastran_driver@2|FRAMEWORK@Framework@0|349)
2025-08-19 16:08:51,621 fastran_driver_fastran_driver_2 DEBUG    _get_service_response(REQUEST|fastran_FPP_000001@fastran_driver@2|FRAMEWORK@Framework@0|349), response = ServiceResponseMessage(sender_id=FRAMEWORK@Framework@0, receiver_id=fastran_FPP_000001@fastran_driver@2, request_msg_id=REQUEST|fastran_FPP_000001@fastran_driver@2|FRAMEWORK@Framework@0|349,status=0, args=(None,), message_id=RESPONSE|FRAMEWORK@Framework@0|fastran_FPP_000001@fastran_driver@2|44249)
2025-08-19 16:08:51,622 fastran_driver_fastran_driver_2 DEBUG    _invoke_service(): getTopic  ('_IPS_MONITOR',)
2025-08-19 16:08:51,622 fastran_driver_fastran_driver_2 DEBUG    _get_service_response(REQUEST|fastran_FPP_000001@fastran_driver@2|FRAMEWORK@Framework@0|350)
2025-08-19 16:08:51,633 fastran_driver_fastran_driver_2 DEBUG    _get_service_response(REQUEST|fastran_FPP_000001@fastran_driver@2|FRAMEWORK@Framework@0|350), response = ServiceResponseMessage(sender_id=FRAMEWORK@Framework@0, receiver_id=fastran_FPP_000001@fastran_driver@2, request_msg_id=REQUEST|fastran_FPP_000001@fastran_driver@2|FRAMEWORK@Framework@0|350,status=0, args=(<ipsframework.cca_es_spec.Topic object at 0x7f3a44a20ee0>,), message_id=RESPONSE|FRAMEWORK@Framework@0|fastran_FPP_000001@fastran_driver@2|44250)
2025-08-19 16:08:51,633 fastran_driver_fastran_driver_2 DEBUG    _invoke_service(): sendEvent  ('_IPS_MONITOR', 'PORTAL_EVENT', {'sim_name': 'fastran_FPP_000001', 'real_sim_name': 'fastran_FPP_000001', 'portal_data': {'code': 'fastran_driver_fastran_driver', 'eventtype': 'IPS_CALL_BEGIN', 'ok': True, 'walltime': '22219.50', 'time': '2025-08-19|16:08:51PDT', 'state': 'Running', 'comment': 'Target = fastran_FPP_000001@efit@6:finalize(9)'}})
2025-08-19 16:08:51,633 fastran_driver_fastran_driver_2 DEBUG    _get_service_response(REQUEST|fastran_FPP_000001@fastran_driver@2|FRAMEWORK@Framework@0|351)
2025-08-19 16:08:51,643 fastran_driver_fastran_driver_2 DEBUG    _get_service_response(REQUEST|fastran_FPP_000001@fastran_driver@2|FRAMEWORK@Framework@0|351), response = ServiceResponseMessage(sender_id=FRAMEWORK@Framework@0, receiver_id=fastran_FPP_000001@fastran_driver@2, request_msg_id=REQUEST|fastran_FPP_000001@fastran_driver@2|FRAMEWORK@Framework@0|351,status=0, args=(None,), message_id=RESPONSE|FRAMEWORK@Framework@0|fastran_FPP_000001@fastran_driver@2|44251)
2025-08-19 16:08:51,644 fastran_driver_fastran_driver_2 DEBUG    _invoke_service(): init_call  ('finalize', 9)
2025-08-19 16:08:51,644 fastran_driver_fastran_driver_2 DEBUG    _get_service_response(REQUEST|fastran_FPP_000001@fastran_driver@2|FRAMEWORK@Framework@0|352)
2025-08-19 16:08:51,645 fastran_eq_efit_6 DEBUG    Received Message 
2025-08-19 16:08:51,645 fastran_eq_efit_6 DEBUG    Calling method finalize(9)
2025-08-19 16:08:51,655 fastran_driver_fastran_driver_2 DEBUG    _get_service_response(REQUEST|fastran_FPP_000001@fastran_driver@2|FRAMEWORK@Framework@0|352), response = ServiceResponseMessage(sender_id=FRAMEWORK@Framework@0, receiver_id=fastran_FPP_000001@fastran_driver@2, request_msg_id=REQUEST|fastran_FPP_000001@fastran_driver@2|FRAMEWORK@Framework@0|352,status=0, args=(51,), message_id=RESPONSE|FRAMEWORK@Framework@0|fastran_FPP_000001@fastran_driver@2|44252)
2025-08-19 16:08:51,655 fastran_driver_fastran_driver_2 DEBUG    _invoke_service(): wait_call  (51, True)
2025-08-19 16:08:51,655 fastran_driver_fastran_driver_2 DEBUG    _get_service_response(REQUEST|fastran_FPP_000001@fastran_driver@2|FRAMEWORK@Framework@0|353)
2025-08-19 16:08:51,666 fastran_driver_fastran_driver_2 DEBUG    _get_service_response(REQUEST|fastran_FPP_000001@fastran_driver@2|FRAMEWORK@Framework@0|353), response = ServiceResponseMessage(sender_id=FRAMEWORK@Framework@0, receiver_id=fastran_FPP_000001@fastran_driver@2, request_msg_id=REQUEST|fastran_FPP_000001@fastran_driver@2|FRAMEWORK@Framework@0|353,status=0, args=((None,),), message_id=RESPONSE|FRAMEWORK@Framework@0|fastran_FPP_000001@fastran_driver@2|44253)
2025-08-19 16:08:51,666 fastran_driver_fastran_driver_2 DEBUG    _invoke_service(): getTopic  ('_IPS_MONITOR',)
2025-08-19 16:08:51,666 fastran_driver_fastran_driver_2 DEBUG    _get_service_response(REQUEST|fastran_FPP_000001@fastran_driver@2|FRAMEWORK@Framework@0|354)
2025-08-19 16:08:51,677 fastran_driver_fastran_driver_2 DEBUG    _get_service_response(REQUEST|fastran_FPP_000001@fastran_driver@2|FRAMEWORK@Framework@0|354), response = ServiceResponseMessage(sender_id=FRAMEWORK@Framework@0, receiver_id=fastran_FPP_000001@fastran_driver@2, request_msg_id=REQUEST|fastran_FPP_000001@fastran_driver@2|FRAMEWORK@Framework@0|354,status=0, args=(<ipsframework.cca_es_spec.Topic object at 0x7f3a44a20fa0>,), message_id=RESPONSE|FRAMEWORK@Framework@0|fastran_FPP_000001@fastran_driver@2|44254)
2025-08-19 16:08:51,677 fastran_driver_fastran_driver_2 DEBUG    _invoke_service(): sendEvent  ('_IPS_MONITOR', 'PORTAL_EVENT', {'sim_name': 'fastran_FPP_000001', 'real_sim_name': 'fastran_FPP_000001', 'portal_data': {'code': 'fastran_driver_fastran_driver', 'eventtype': 'IPS_CALL_END', 'ok': True, 'walltime': '22219.54', 'time': '2025-08-19|16:08:51PDT', 'trace': {'timestamp': 1755644931655320, 'duration': 10823, 'localEndpoint': {'serviceName': 'fastran_FPP_000001@efit@6'}, 'name': 'finalize(9)', 'id': '365b9b22cf811faf', 'parentId': 'f899e3e5886669ce', 'tags': {}}, 'state': 'Running', 'comment': 'Target = fastran_FPP_000001@efit@6:finalize(9)'}})
2025-08-19 16:08:51,677 fastran_driver_fastran_driver_2 DEBUG    _get_service_response(REQUEST|fastran_FPP_000001@fastran_driver@2|FRAMEWORK@Framework@0|355)
2025-08-19 16:08:51,688 fastran_driver_fastran_driver_2 DEBUG    _get_service_response(REQUEST|fastran_FPP_000001@fastran_driver@2|FRAMEWORK@Framework@0|355), response = ServiceResponseMessage(sender_id=FRAMEWORK@Framework@0, receiver_id=fastran_FPP_000001@fastran_driver@2, request_msg_id=REQUEST|fastran_FPP_000001@fastran_driver@2|FRAMEWORK@Framework@0|355,status=0, args=(None,), message_id=RESPONSE|FRAMEWORK@Framework@0|fastran_FPP_000001@fastran_driver@2|44255)
2025-08-19 16:08:51,688 fastran_driver_fastran_driver_2 DEBUG    _invoke_service(): getTopic  ('_IPS_MONITOR',)
2025-08-19 16:08:51,688 fastran_driver_fastran_driver_2 DEBUG    _get_service_response(REQUEST|fastran_FPP_000001@fastran_driver@2|FRAMEWORK@Framework@0|356)
2025-08-19 16:08:51,699 fastran_driver_fastran_driver_2 DEBUG    _get_service_response(REQUEST|fastran_FPP_000001@fastran_driver@2|FRAMEWORK@Framework@0|356), response = ServiceResponseMessage(sender_id=FRAMEWORK@Framework@0, receiver_id=fastran_FPP_000001@fastran_driver@2, request_msg_id=REQUEST|fastran_FPP_000001@fastran_driver@2|FRAMEWORK@Framework@0|356,status=0, args=(<ipsframework.cca_es_spec.Topic object at 0x7f3a44a20c70>,), message_id=RESPONSE|FRAMEWORK@Framework@0|fastran_FPP_000001@fastran_driver@2|44256)
2025-08-19 16:08:51,699 fastran_driver_fastran_driver_2 DEBUG    _invoke_service(): sendEvent  ('_IPS_MONITOR', 'PORTAL_EVENT', {'sim_name': 'fastran_FPP_000001', 'real_sim_name': 'fastran_FPP_000001', 'portal_data': {'code': 'fastran_driver_fastran_driver', 'eventtype': 'IPS_CALL_BEGIN', 'ok': True, 'walltime': '22219.57', 'time': '2025-08-19|16:08:51PDT', 'state': 'Running', 'comment': 'Target = fastran_FPP_000001@fastran@7:finalize(9)'}})
2025-08-19 16:08:51,699 fastran_driver_fastran_driver_2 DEBUG    _get_service_response(REQUEST|fastran_FPP_000001@fastran_driver@2|FRAMEWORK@Framework@0|357)
2025-08-19 16:08:51,710 fastran_driver_fastran_driver_2 DEBUG    _get_service_response(REQUEST|fastran_FPP_000001@fastran_driver@2|FRAMEWORK@Framework@0|357), response = ServiceResponseMessage(sender_id=FRAMEWORK@Framework@0, receiver_id=fastran_FPP_000001@fastran_driver@2, request_msg_id=REQUEST|fastran_FPP_000001@fastran_driver@2|FRAMEWORK@Framework@0|357,status=0, args=(None,), message_id=RESPONSE|FRAMEWORK@Framework@0|fastran_FPP_000001@fastran_driver@2|44257)
2025-08-19 16:08:51,710 fastran_driver_fastran_driver_2 DEBUG    _invoke_service(): init_call  ('finalize', 9)
2025-08-19 16:08:51,710 fastran_driver_fastran_driver_2 DEBUG    _get_service_response(REQUEST|fastran_FPP_000001@fastran_driver@2|FRAMEWORK@Framework@0|358)
2025-08-19 16:08:51,711 fastran_tr_fastran_7 DEBUG    Received Message 
2025-08-19 16:08:51,711 fastran_tr_fastran_7 DEBUG    Calling method finalize(9)
2025-08-19 16:08:51,721 fastran_driver_fastran_driver_2 DEBUG    _get_service_response(REQUEST|fastran_FPP_000001@fastran_driver@2|FRAMEWORK@Framework@0|358), response = ServiceResponseMessage(sender_id=FRAMEWORK@Framework@0, receiver_id=fastran_FPP_000001@fastran_driver@2, request_msg_id=REQUEST|fastran_FPP_000001@fastran_driver@2|FRAMEWORK@Framework@0|358,status=0, args=(52,), message_id=RESPONSE|FRAMEWORK@Framework@0|fastran_FPP_000001@fastran_driver@2|44258)
2025-08-19 16:08:51,721 fastran_driver_fastran_driver_2 DEBUG    _invoke_service(): wait_call  (52, True)
2025-08-19 16:08:51,721 fastran_driver_fastran_driver_2 DEBUG    _get_service_response(REQUEST|fastran_FPP_000001@fastran_driver@2|FRAMEWORK@Framework@0|359)
2025-08-19 16:08:51,732 fastran_driver_fastran_driver_2 DEBUG    _get_service_response(REQUEST|fastran_FPP_000001@fastran_driver@2|FRAMEWORK@Framework@0|359), response = ServiceResponseMessage(sender_id=FRAMEWORK@Framework@0, receiver_id=fastran_FPP_000001@fastran_driver@2, request_msg_id=REQUEST|fastran_FPP_000001@fastran_driver@2|FRAMEWORK@Framework@0|359,status=0, args=((None,),), message_id=RESPONSE|FRAMEWORK@Framework@0|fastran_FPP_000001@fastran_driver@2|44259)
2025-08-19 16:08:51,732 fastran_driver_fastran_driver_2 DEBUG    _invoke_service(): getTopic  ('_IPS_MONITOR',)
2025-08-19 16:08:51,732 fastran_driver_fastran_driver_2 DEBUG    _get_service_response(REQUEST|fastran_FPP_000001@fastran_driver@2|FRAMEWORK@Framework@0|360)
2025-08-19 16:08:51,743 fastran_driver_fastran_driver_2 DEBUG    _get_service_response(REQUEST|fastran_FPP_000001@fastran_driver@2|FRAMEWORK@Framework@0|360), response = ServiceResponseMessage(sender_id=FRAMEWORK@Framework@0, receiver_id=fastran_FPP_000001@fastran_driver@2, request_msg_id=REQUEST|fastran_FPP_000001@fastran_driver@2|FRAMEWORK@Framework@0|360,status=0, args=(<ipsframework.cca_es_spec.Topic object at 0x7f3a44a20ee0>,), message_id=RESPONSE|FRAMEWORK@Framework@0|fastran_FPP_000001@fastran_driver@2|44260)
2025-08-19 16:08:51,743 fastran_driver_fastran_driver_2 DEBUG    _invoke_service(): sendEvent  ('_IPS_MONITOR', 'PORTAL_EVENT', {'sim_name': 'fastran_FPP_000001', 'real_sim_name': 'fastran_FPP_000001', 'portal_data': {'code': 'fastran_driver_fastran_driver', 'eventtype': 'IPS_CALL_END', 'ok': True, 'walltime': '22219.61', 'time': '2025-08-19|16:08:51PDT', 'trace': {'timestamp': 1755644931721431, 'duration': 10873, 'localEndpoint': {'serviceName': 'fastran_FPP_000001@fastran@7'}, 'name': 'finalize(9)', 'id': '3e2f47334bfdec08', 'parentId': 'f899e3e5886669ce', 'tags': {}}, 'state': 'Running', 'comment': 'Target = fastran_FPP_000001@fastran@7:finalize(9)'}})
2025-08-19 16:08:51,743 fastran_driver_fastran_driver_2 DEBUG    _get_service_response(REQUEST|fastran_FPP_000001@fastran_driver@2|FRAMEWORK@Framework@0|361)
2025-08-19 16:08:51,754 fastran_driver_fastran_driver_2 DEBUG    _get_service_response(REQUEST|fastran_FPP_000001@fastran_driver@2|FRAMEWORK@Framework@0|361), response = ServiceResponseMessage(sender_id=FRAMEWORK@Framework@0, receiver_id=fastran_FPP_000001@fastran_driver@2, request_msg_id=REQUEST|fastran_FPP_000001@fastran_driver@2|FRAMEWORK@Framework@0|361,status=0, args=(None,), message_id=RESPONSE|FRAMEWORK@Framework@0|fastran_FPP_000001@fastran_driver@2|44261)
2025-08-19 16:08:51,756 fastran_driver_fastran_driver_2 DEBUG    Received Message 
2025-08-19 16:08:51,756 fastran_driver_fastran_driver_2 DEBUG    Calling method finalize(0)
2025-08-19 16:08:51,775 fastran_driver_fastran_driver_2 DEBUG    Received Message 
2025-08-19 16:08:51,775 fastran_driver_fastran_driver_2 DEBUG    Calling method terminate(0)
2025-08-19 16:08:51,775 fastran_driver_fastran_driver_2 DEBUG    Calling self.sys_exit(0)
2025-08-19 16:08:51,776 fastran_tr0_fastran_4 DEBUG    Received Message 
2025-08-19 16:08:51,776 rf_ic_toric_5   DEBUG    Received Message 
2025-08-19 16:08:51,776 fastran_tr_fastran_7 DEBUG    Received Message 
2025-08-19 16:08:51,776 fastran_tr0_fastran_4 DEBUG    Calling method terminate(0)
2025-08-19 16:08:51,776 rf_ic_toric_5   DEBUG    Calling method terminate(0)
2025-08-19 16:08:51,776 fastran_tr_fastran_7 DEBUG    Calling method terminate(0)
2025-08-19 16:08:51,776 fastran_init_fastran_init_1 DEBUG    Received Message 
2025-08-19 16:08:51,776 fastran_eq0_efit_3 DEBUG    Received Message 
2025-08-19 16:08:51,776 fastran_tr0_fastran_4 DEBUG    Calling self.sys_exit(0)
2025-08-19 16:08:51,776 rf_ic_toric_5   DEBUG    Calling self.sys_exit(0)
2025-08-19 16:08:51,776 fastran_tr_fastran_7 DEBUG    Calling self.sys_exit(0)
2025-08-19 16:08:51,776 fastran_eq_efit_6 DEBUG    Received Message 
2025-08-19 16:08:51,776 fastran_eq0_efit_3 DEBUG    Calling method terminate(0)
2025-08-19 16:08:51,776 fastran_eq_efit_6 DEBUG    Calling method terminate(0)
2025-08-19 16:08:51,776 fastran_eq0_efit_3 DEBUG    Calling self.sys_exit(0)
2025-08-19 16:08:51,777 fastran_eq_efit_6 DEBUG    Calling self.sys_exit(0)
