Major radius (central)
   0.460827000E+01
Major radius (axis)
   0.474980168E+01
Magnetic field at major radius
   0.108609088E+02
Total toroidal current
   0.125759851E+02
Number of poloidal modes
   16
Number of radial mesh points
  151
Radial mesh: sqrt(Psi/Psilim)
   0.000000000E+00   0.792650295E-02   0.158439530E-01   0.237526543E-01
   0.316517125E-01   0.395402249E-01   0.474174839E-01   0.552831582E-01
   0.631374308E-01   0.709810540E-01   0.788152763E-01   0.866416592E-01
   0.944618588E-01   0.102277413E+00   0.110089565E+00   0.117899148E+00
   0.125706562E+00   0.133511795E+00   0.141314479E+00   0.149113955E+00
   0.156909382E+00   0.164699859E+00   0.172484532E+00   0.180262618E+00
   0.188033412E+00   0.195796297E+00   0.203550802E+00   0.211296633E+00
   0.219033641E+00   0.226761750E+00   0.234480897E+00   0.242191008E+00
   0.249891993E+00   0.257583712E+00   0.265265942E+00   0.272938376E+00
   0.280600654E+00   0.288252404E+00   0.295893263E+00   0.303522877E+00
   0.311140891E+00   0.318746958E+00   0.326340738E+00   0.333921893E+00
   0.341490077E+00   0.349044929E+00   0.356586083E+00   0.364113179E+00
   0.371625869E+00   0.379123817E+00   0.386606685E+00   0.394074138E+00
   0.401525847E+00   0.408961491E+00   0.416380753E+00   0.423783319E+00
   0.431168875E+00   0.438537102E+00   0.445887680E+00   0.453220292E+00
   0.460534618E+00   0.467830338E+00   0.475107134E+00   0.482364686E+00
   0.489602672E+00   0.496820770E+00   0.504018653E+00   0.511195996E+00
   0.518352471E+00   0.525487753E+00   0.532601518E+00   0.539693443E+00
   0.546763206E+00   0.553810487E+00   0.560834966E+00   0.567836319E+00
   0.574814221E+00   0.581768340E+00   0.588698345E+00   0.595603896E+00
   0.602484655E+00   0.609340280E+00   0.616170426E+00   0.622974751E+00
   0.629752911E+00   0.636504564E+00   0.643229366E+00   0.649926971E+00
   0.656597035E+00   0.663239212E+00   0.669853152E+00   0.676438502E+00
   0.682994909E+00   0.689522014E+00   0.696019455E+00   0.702486872E+00
   0.708923898E+00   0.715330168E+00   0.721705312E+00   0.728048962E+00
   0.734360748E+00   0.740640298E+00   0.746887236E+00   0.753101187E+00
   0.759281769E+00   0.765428600E+00   0.771541294E+00   0.777619462E+00
   0.783662711E+00   0.789670643E+00   0.795642861E+00   0.801578959E+00
   0.807478531E+00   0.813341166E+00   0.819166450E+00   0.824953964E+00
   0.830703284E+00   0.836413984E+00   0.842085633E+00   0.847717793E+00
   0.853310023E+00   0.858861873E+00   0.864372891E+00   0.869842614E+00
   0.875270575E+00   0.880656298E+00   0.885999301E+00   0.891299090E+00
   0.896555161E+00   0.901767002E+00   0.906934088E+00   0.912055884E+00
   0.917131845E+00   0.922161419E+00   0.927144047E+00   0.932079165E+00
   0.936966203E+00   0.941804589E+00   0.946593751E+00   0.951333115E+00
   0.956022099E+00   0.960660101E+00   0.965246471E+00   0.969780496E+00
   0.974261388E+00   0.978688348E+00   0.983060680E+00   0.987377916E+00
   0.991639922E+00   0.995847005E+00   0.100000000E+01
Fourier equilibrium coefficients
   0.474980168E+01   0.474979706E+01   0.474978317E+01   0.474976003E+01
   0.474972762E+01   0.474968596E+01   0.474963505E+01   0.474957487E+01
   0.474950544E+01   0.474942675E+01   0.474933880E+01   0.474924160E+01
   0.474913514E+01   0.474901942E+01   0.474889444E+01   0.474876020E+01
   0.474861671E+01   0.474846396E+01   0.474830195E+01   0.474813068E+01
   0.474795016E+01   0.474776038E+01   0.474756134E+01   0.474735353E+01
   0.474713743E+01   0.474691318E+01   0.474668095E+01   0.474644093E+01
   0.474619329E+01   0.474593809E+01   0.474567535E+01   0.474540513E+01
   0.474512758E+01   0.474484289E+01   0.474455125E+01   0.474425277E+01
   0.474394757E+01   0.474363577E+01   0.474331752E+01   0.474299297E+01
   0.474266228E+01   0.474232558E+01   0.474198305E+01   0.474163483E+01
   0.474128104E+01   0.474092184E+01   0.474055734E+01   0.474018767E+01
   0.473981292E+01   0.473943322E+01   0.473904864E+01   0.473865930E+01
   0.473826528E+01   0.473786665E+01   0.473746350E+01   0.473705590E+01
   0.473664393E+01   0.473622766E+01   0.473580718E+01   0.473538254E+01
   0.473495380E+01   0.473452104E+01   0.473408432E+01   0.473364370E+01
   0.473319925E+01   0.473275105E+01   0.473229914E+01   0.473184359E+01
   0.473138445E+01   0.473092180E+01   0.473045569E+01   0.472998619E+01
   0.472951335E+01   0.472903725E+01   0.472855794E+01   0.472807550E+01
   0.472758998E+01   0.472710146E+01   0.472660999E+01   0.472611566E+01
   0.472561852E+01   0.472511865E+01   0.472461612E+01   0.472411100E+01
   0.472360338E+01   0.472309333E+01   0.472258093E+01   0.472206626E+01
   0.472154939E+01   0.472103043E+01   0.472050945E+01   0.471998655E+01
   0.471946182E+01   0.471893538E+01   0.471840732E+01   0.471787774E+01
   0.471734675E+01   0.471681445E+01   0.471628096E+01   0.471574643E+01
   0.471521098E+01   0.471467475E+01   0.471413786E+01   0.471360045E+01
   0.471306268E+01   0.471252471E+01   0.471198672E+01   0.471144888E+01
   0.471091137E+01   0.471037438E+01   0.470983811E+01   0.470930278E+01
   0.470876859E+01   0.470823580E+01   0.470770465E+01   0.470717540E+01
   0.470664833E+01   0.470612372E+01   0.470560187E+01   0.470508310E+01
   0.470456774E+01   0.470405611E+01   0.470354858E+01   0.470304553E+01
   0.470254732E+01   0.470205434E+01   0.470156698E+01   0.470108562E+01
   0.470061062E+01   0.470014234E+01   0.469968109E+01   0.469922706E+01
   0.469878040E+01   0.469834113E+01   0.469790881E+01   0.469748289E+01
   0.469706266E+01   0.469664688E+01   0.469623419E+01   0.469582339E+01
   0.469541401E+01   0.469500577E+01   0.469459847E+01   0.469419220E+01
   0.469378717E+01   0.469338516E+01   0.469299435E+01   0.469262456E+01
   0.469228555E+01   0.469198714E+01   0.469173911E+01
   0.547221036E-01   0.547217608E-01   0.547207323E-01   0.547190183E-01
   0.547166186E-01   0.547135334E-01   0.547097625E-01   0.547053060E-01
   0.547001638E-01   0.546943361E-01   0.546878227E-01   0.546806237E-01
   0.546727392E-01   0.546641689E-01   0.546549131E-01   0.546449717E-01
   0.546343446E-01   0.546230319E-01   0.546110336E-01   0.545983497E-01
   0.545849802E-01   0.545709250E-01   0.545561843E-01   0.545407645E-01
   0.545246725E-01   0.545078958E-01   0.544904740E-01   0.544724595E-01
   0.544538882E-01   0.544347297E-01   0.544149371E-01   0.543944790E-01
   0.543733848E-01   0.543516996E-01   0.543294565E-01   0.543066426E-01
   0.542832330E-01   0.542592102E-01   0.542345842E-01   0.542093724E-01
   0.541835894E-01   0.541572398E-01   0.541303257E-01   0.541028470E-01
   0.540747957E-01   0.540461617E-01   0.540169384E-01   0.539871336E-01
   0.539567587E-01   0.539258196E-01   0.538942991E-01   0.538621745E-01
   0.538294284E-01   0.537960636E-01   0.537620884E-01   0.537275057E-01
   0.536922971E-01   0.536564388E-01   0.536199103E-01   0.535827044E-01
   0.535448169E-01   0.535062417E-01   0.534669629E-01   0.534269627E-01
   0.533862229E-01   0.533447252E-01   0.533024509E-01   0.532593822E-01
   0.532155039E-01   0.531708015E-01   0.531252580E-01   0.530788461E-01
   0.530315361E-01   0.529833006E-01   0.529341212E-01   0.528839815E-01
   0.528328620E-01   0.527807286E-01   0.527275438E-01   0.526732722E-01
   0.526178874E-01   0.525613649E-01   0.525036778E-01   0.524447878E-01
   0.523846540E-01   0.523232358E-01   0.522604936E-01   0.521963881E-01
   0.521308792E-01   0.520639231E-01   0.519954754E-01   0.519254898E-01
   0.518539128E-01   0.517806896E-01   0.517057648E-01   0.516290831E-01
   0.515505888E-01   0.514702240E-01   0.513879209E-01   0.513036090E-01
   0.512172177E-01   0.511286736E-01   0.510379028E-01   0.509448290E-01
   0.508493650E-01   0.507514212E-01   0.506509061E-01   0.505477209E-01
   0.504417649E-01   0.503329344E-01   0.502211127E-01   0.501061800E-01
   0.499880134E-01   0.498664790E-01   0.497414401E-01   0.496127564E-01
   0.494802734E-01   0.493438330E-01   0.492032707E-01   0.490583960E-01
   0.489090116E-01   0.487549127E-01   0.485958636E-01   0.484316209E-01
   0.482619319E-01   0.480865066E-01   0.479050456E-01   0.477172430E-01
   0.475227668E-01   0.473212785E-01   0.471124349E-01   0.468958752E-01
   0.466712340E-01   0.464380963E-01   0.461958483E-01   0.459438265E-01
   0.456813193E-01   0.454074224E-01   0.451211833E-01   0.448216631E-01
   0.445079768E-01   0.441792527E-01   0.438348553E-01   0.434750933E-01
   0.431005112E-01   0.427108103E-01   0.423023178E-01   0.418705176E-01
   0.414108936E-01   0.409189297E-01   0.403901098E-01
   0.000000000E+00   0.781433874E-02   0.156253308E-01   0.234291030E-01
   0.312226846E-01   0.390040072E-01   0.467719048E-01   0.545261277E-01
   0.622674015E-01   0.699974128E-01   0.777187220E-01   0.854344711E-01
   0.931485064E-01   0.100864888E+00   0.108585894E+00   0.116313080E+00
   0.124047290E+00   0.131787045E+00   0.139529517E+00   0.147271778E+00
   0.155013677E+00   0.162755932E+00   0.170499161E+00   0.178243136E+00
   0.185987307E+00   0.193730881E+00   0.201472425E+00   0.209210158E+00
   0.216942869E+00   0.224672578E+00   0.232402512E+00   0.240135436E+00
   0.247870655E+00   0.255606359E+00   0.263340959E+00   0.271074611E+00
   0.278807996E+00   0.286541668E+00   0.294275391E+00   0.302008678E+00
   0.309741080E+00   0.317472487E+00   0.325202875E+00   0.332932229E+00
   0.340660556E+00   0.348387874E+00   0.356114182E+00   0.363839402E+00
   0.371563428E+00   0.379286153E+00   0.387007479E+00   0.394727309E+00
   0.402445555E+00   0.410162185E+00   0.417877182E+00   0.425590511E+00
   0.433302069E+00   0.441011727E+00   0.448719376E+00   0.456425014E+00
   0.464128666E+00   0.471830336E+00   0.479529911E+00   0.487227242E+00
   0.494922198E+00   0.502614731E+00   0.510304818E+00   0.517992429E+00
   0.525677500E+00   0.533359959E+00   0.541039733E+00   0.548716746E+00
   0.556390921E+00   0.564062178E+00   0.571730429E+00   0.579395585E+00
   0.587057555E+00   0.594716261E+00   0.602371621E+00   0.610023555E+00
   0.617671968E+00   0.625316761E+00   0.632957832E+00   0.640595065E+00
   0.648228339E+00   0.655857538E+00   0.663482569E+00   0.671103345E+00
   0.678719776E+00   0.686331757E+00   0.693939180E+00   0.701541921E+00
   0.709139799E+00   0.716732618E+00   0.724320202E+00   0.731902485E+00
   0.739479432E+00   0.747050968E+00   0.754616869E+00   0.762176864E+00
   0.769730709E+00   0.777278294E+00   0.784819544E+00   0.792354355E+00
   0.799882509E+00   0.807403752E+00   0.814917838E+00   0.822424561E+00
   0.829923726E+00   0.837415136E+00   0.844898591E+00   0.852373891E+00
   0.859840814E+00   0.867299074E+00   0.874748361E+00   0.882188368E+00
   0.889618812E+00   0.897039415E+00   0.904449894E+00   0.911849955E+00
   0.919239301E+00   0.926617605E+00   0.933984449E+00   0.941339383E+00
   0.948681972E+00   0.956011864E+00   0.963328727E+00   0.970632198E+00
   0.977921814E+00   0.985197077E+00   0.992457489E+00   0.999702579E+00
   0.100693188E+01   0.101414493E+01   0.102134139E+01   0.102852093E+01
   0.103568329E+01   0.104282853E+01   0.104995678E+01   0.105706809E+01
   0.106416214E+01   0.107123854E+01   0.107829693E+01   0.108533707E+01
   0.109235880E+01   0.109936100E+01   0.110633886E+01   0.111328651E+01
   0.112019792E+01   0.112706690E+01   0.113388714E+01
   0.000000000E+00   0.945745341E-02   0.189109536E-01   0.283559914E-01
   0.377890107E-01   0.472074083E-01   0.566095340E-01   0.659947879E-01
   0.753640238E-01   0.847194518E-01   0.940644069E-01   0.103402734E+00
   0.112739048E+00   0.122078206E+00   0.131422939E+00   0.140775115E+00
   0.150135744E+00   0.159503078E+00   0.168873770E+00   0.178244339E+00
   0.187614598E+00   0.196985388E+00   0.206357434E+00   0.215730503E+00
   0.225103994E+00   0.234477016E+00   0.243847863E+00   0.253214399E+00
   0.262575183E+00   0.271932703E+00   0.281290916E+00   0.290653222E+00
   0.300018841E+00   0.309385647E+00   0.318751780E+00   0.328117483E+00
   0.337483633E+00   0.346850958E+00   0.356219251E+00   0.365588010E+00
   0.374956783E+00   0.384325508E+00   0.393694231E+00   0.403063011E+00
   0.412431950E+00   0.421801169E+00   0.431170767E+00   0.440540738E+00
   0.449911041E+00   0.459281634E+00   0.468652493E+00   0.478023594E+00
   0.487394927E+00   0.496766552E+00   0.506138548E+00   0.515510977E+00
   0.524883810E+00   0.534256993E+00   0.543630498E+00   0.553004432E+00
   0.562378941E+00   0.571754144E+00   0.581130017E+00   0.590506496E+00
   0.599883538E+00   0.609261210E+00   0.618639609E+00   0.628018830E+00
   0.637398926E+00   0.646779945E+00   0.656161935E+00   0.665544946E+00
   0.674929030E+00   0.684314238E+00   0.693700620E+00   0.703088225E+00
   0.712477105E+00   0.721867328E+00   0.731258968E+00   0.740652098E+00
   0.750046785E+00   0.759443097E+00   0.768841100E+00   0.778240851E+00
   0.787642407E+00   0.797045833E+00   0.806451234E+00   0.815858726E+00
   0.825268427E+00   0.834680452E+00   0.844094915E+00   0.853511919E+00
   0.862931506E+00   0.872353703E+00   0.881778574E+00   0.891206334E+00
   0.900637246E+00   0.910071536E+00   0.919509252E+00   0.928950394E+00
   0.938395008E+00   0.947843331E+00   0.957295653E+00   0.966752243E+00
   0.976213246E+00   0.985678775E+00   0.995148967E+00   0.100462404E+01
   0.101410424E+01   0.102358983E+01   0.103308110E+01   0.104257835E+01
   0.105208189E+01   0.106159198E+01   0.107110887E+01   0.108063284E+01
   0.109016425E+01   0.109970351E+01   0.110925104E+01   0.111880729E+01
   0.112837277E+01   0.113794795E+01   0.114753325E+01   0.115712905E+01
   0.116673582E+01   0.117635415E+01   0.118598474E+01   0.119562823E+01
   0.120528519E+01   0.121495618E+01   0.122464176E+01   0.123434256E+01
   0.124405921E+01   0.125379227E+01   0.126354198E+01   0.127330847E+01
   0.128309177E+01   0.129289138E+01   0.130270662E+01   0.131253691E+01
   0.132238195E+01   0.133224153E+01   0.134211566E+01   0.135200532E+01
   0.136191174E+01   0.137183786E+01   0.138179340E+01   0.139179004E+01
   0.140183975E+01   0.141195483E+01   0.142214787E+01
   0.000000000E+00   0.169968522E-03   0.339757267E-03   0.509125167E-03
   0.677936225E-03   0.846159517E-03   0.101386919E-02   0.118118760E-02
   0.134804978E-02   0.151426028E-02   0.167961434E-02   0.184420392E-02
   0.200828887E-02   0.217215495E-02   0.233583370E-02   0.249925142E-02
   0.266231707E-02   0.282500046E-02   0.298728474E-02   0.314915325E-02
   0.331061128E-02   0.347167166E-02   0.363234214E-02   0.379260203E-02
   0.395241860E-02   0.411176027E-02   0.427061922E-02   0.442899477E-02
   0.458689140E-02   0.474433285E-02   0.490135138E-02   0.505797659E-02
   0.521421188E-02   0.537005289E-02   0.552549435E-02   0.568053060E-02
   0.583515516E-02   0.598936255E-02   0.614315448E-02   0.629653479E-02
   0.644950699E-02   0.660207225E-02   0.675423105E-02   0.690598283E-02
   0.705732275E-02   0.720824439E-02   0.735874296E-02   0.750882254E-02
   0.765848994E-02   0.780774802E-02   0.795658147E-02   0.810496902E-02
   0.825289277E-02   0.840035393E-02   0.854735919E-02   0.869391105E-02
   0.883999255E-02   0.898558062E-02   0.913065451E-02   0.927520775E-02
   0.941923762E-02   0.956273899E-02   0.970569630E-02   0.984809065E-02
   0.998990302E-02   0.101311169E-01   0.102717158E-01   0.104116834E-01
   0.105510052E-01   0.106896669E-01   0.108276520E-01   0.109649366E-01
   0.111014939E-01   0.112372981E-01   0.113723308E-01   0.115065752E-01
   0.116400114E-01   0.117726082E-01   0.119043310E-01   0.120351461E-01
   0.121650288E-01   0.122939562E-01   0.124219027E-01   0.125488320E-01
   0.126747046E-01   0.127994803E-01   0.129231218E-01   0.130455916E-01
   0.131668512E-01   0.132868600E-01   0.134055763E-01   0.135229558E-01
   0.136389457E-01   0.137534903E-01   0.138665338E-01   0.139780243E-01
   0.140879102E-01   0.141961362E-01   0.143026353E-01   0.144073360E-01
   0.145101660E-01   0.146110539E-01   0.147099271E-01   0.148067098E-01
   0.149013161E-01   0.149936560E-01   0.150836366E-01   0.151711582E-01
   0.152561180E-01   0.153384090E-01   0.154179143E-01   0.154945124E-01
   0.155680768E-01   0.156384684E-01   0.157055423E-01   0.157691482E-01
   0.158291235E-01   0.158852996E-01   0.159374994E-01   0.159855228E-01
   0.160291606E-01   0.160681916E-01   0.161023621E-01   0.161314055E-01
   0.161550391E-01   0.161729347E-01   0.161847462E-01   0.161901116E-01
   0.161886271E-01   0.161798713E-01   0.161634131E-01   0.161388098E-01
   0.161056087E-01   0.160632879E-01   0.160110725E-01   0.159481083E-01
   0.158734626E-01   0.157859466E-01   0.156842835E-01   0.155671377E-01
   0.154330293E-01   0.152804150E-01   0.151081422E-01   0.149167498E-01
   0.147072332E-01   0.144795003E-01   0.142289374E-01   0.139496728E-01
   0.136356852E-01   0.132808037E-01   0.128787079E-01
   0.000000000E+00   0.283931103E-04   0.568929350E-04   0.856632437E-04
   0.114769997E-03   0.144181346E-03   0.173767633E-03   0.203369082E-03
   0.233076219E-03   0.263162193E-03   0.293936804E-03   0.325375575E-03
   0.357275935E-03   0.389410821E-03   0.421801702E-03   0.454573351E-03
   0.487850105E-03   0.521616405E-03   0.555801469E-03   0.590331448E-03
   0.625188603E-03   0.660372153E-03   0.695884375E-03   0.731735865E-03
   0.767941841E-03   0.804509517E-03   0.841400934E-03   0.878560279E-03
   0.915942234E-03   0.953571278E-03   0.991496566E-03   0.102975739E-02
   0.106832524E-02   0.110714913E-02   0.114618543E-02   0.118544061E-02
   0.122493708E-02   0.126469277E-02   0.130469581E-02   0.134492517E-02
   0.138536130E-02   0.142599627E-02   0.146682532E-02   0.150784559E-02
   0.154906119E-02   0.159047895E-02   0.163210332E-02   0.167392532E-02
   0.171593197E-02   0.175811477E-02   0.180048608E-02   0.184306507E-02
   0.188586762E-02   0.192889018E-02   0.197212375E-02   0.201556358E-02
   0.205922417E-02   0.210312622E-02   0.214728851E-02   0.219171713E-02
   0.223641498E-02   0.228138703E-02   0.232664640E-02   0.237220900E-02
   0.241809135E-02   0.246430967E-02   0.251088074E-02   0.255782120E-02
   0.260514483E-02   0.265286501E-02   0.270099758E-02   0.274956698E-02
   0.279860072E-02   0.284812505E-02   0.289815749E-02   0.294871358E-02
   0.299981214E-02   0.305148444E-02   0.310376589E-02   0.315669075E-02
   0.321028454E-02   0.326457098E-02   0.331957650E-02   0.337533707E-02
   0.343189201E-02   0.348928107E-02   0.354754226E-02   0.360671384E-02
   0.366683548E-02   0.372794937E-02   0.379009918E-02   0.385333076E-02
   0.391769552E-02   0.398324730E-02   0.405004086E-02   0.411813041E-02
   0.418757094E-02   0.425842037E-02   0.433074452E-02   0.440461250E-02
   0.448009497E-02   0.455726389E-02   0.463619279E-02   0.471695845E-02
   0.479964608E-02   0.488434448E-02   0.497114538E-02   0.506014597E-02
   0.515144652E-02   0.524515146E-02   0.534137540E-02   0.544023753E-02
   0.554186120E-02   0.564637865E-02   0.575392658E-02   0.586464678E-02
   0.597869254E-02   0.609622265E-02   0.621740381E-02   0.634242454E-02
   0.647148214E-02   0.660478368E-02   0.674256272E-02   0.688506358E-02
   0.703254247E-02   0.718528725E-02   0.734359880E-02   0.750778946E-02
   0.767819752E-02   0.785517356E-02   0.803907811E-02   0.823028912E-02
   0.842919490E-02   0.863623617E-02   0.885204201E-02   0.907730124E-02
   0.931275778E-02   0.955933017E-02   0.981799837E-02   0.100897327E-01
   0.103753942E-01   0.106758291E-01   0.109917304E-01   0.113231159E-01
   0.116698239E-01   0.120323919E-01   0.124142292E-01   0.128195526E-01
   0.132526849E-01   0.137180550E-01   0.142201980E-01
  -0.000000000E+00  -0.190077683E-05  -0.761059916E-05  -0.171407048E-04
  -0.305023314E-04  -0.477067168E-04  -0.687650989E-04  -0.936887152E-04
  -0.122488804E-03  -0.155176602E-03  -0.191763348E-03  -0.232260279E-03
  -0.276678634E-03  -0.325029649E-03  -0.377324564E-03  -0.433574614E-03
  -0.493791039E-03  -0.557985076E-03  -0.626167963E-03  -0.698350937E-03
  -0.774545236E-03  -0.854762099E-03  -0.939012762E-03  -0.102734668E-02
  -0.111980583E-02  -0.121640933E-02  -0.131716225E-02  -0.142206380E-02
  -0.153112236E-02  -0.164439463E-02  -0.176195588E-02  -0.188387640E-02
  -0.201018108E-02  -0.214088103E-02  -0.227599132E-02  -0.241555062E-02
  -0.255960549E-02  -0.270820212E-02  -0.286137825E-02  -0.301916975E-02
  -0.318161372E-02  -0.334875067E-02  -0.352062269E-02  -0.369727345E-02
  -0.387875018E-02  -0.406510201E-02  -0.425637864E-02  -0.445262817E-02
  -0.465389895E-02  -0.486023984E-02  -0.507169897E-02  -0.528832481E-02
  -0.551016755E-02  -0.573728217E-02  -0.596972581E-02  -0.620755622E-02
  -0.645082999E-02  -0.669960410E-02  -0.695393787E-02  -0.721389731E-02
  -0.747955130E-02  -0.775096958E-02  -0.802822058E-02  -0.831137336E-02
  -0.860049924E-02  -0.889567499E-02  -0.919697999E-02  -0.950449558E-02
  -0.981830593E-02  -0.101384973E-01  -0.104651578E-01  -0.107983787E-01
  -0.111382531E-01  -0.114848770E-01  -0.118383516E-01  -0.121987810E-01
  -0.125662717E-01  -0.129409340E-01  -0.133228803E-01  -0.137122265E-01
  -0.141090944E-01  -0.145136089E-01  -0.149258985E-01  -0.153460966E-01
  -0.157743400E-01  -0.162107695E-01  -0.166555340E-01  -0.171087867E-01
  -0.175706850E-01  -0.180413945E-01  -0.185210853E-01  -0.190099314E-01
  -0.195081116E-01  -0.200158085E-01  -0.205332121E-01  -0.210605319E-01
  -0.215979856E-01  -0.221457945E-01  -0.227041809E-01  -0.232733703E-01
  -0.238535982E-01  -0.244451258E-01  -0.250482257E-01  -0.256631760E-01
  -0.262902632E-01  -0.269297796E-01  -0.275820286E-01  -0.282473386E-01
  -0.289260502E-01  -0.296185151E-01  -0.303251112E-01  -0.310462287E-01
  -0.317822699E-01  -0.325336629E-01  -0.333008482E-01  -0.340842831E-01
  -0.348844631E-01  -0.357019016E-01  -0.365371310E-01  -0.373907294E-01
  -0.382632957E-01  -0.391554486E-01  -0.400678495E-01  -0.410011809E-01
  -0.419561547E-01  -0.429335596E-01  -0.439342167E-01  -0.449589702E-01
  -0.460087075E-01  -0.470843406E-01  -0.481867977E-01  -0.493170171E-01
  -0.504759532E-01  -0.516645581E-01  -0.528837219E-01  -0.541343293E-01
  -0.554172650E-01  -0.567333715E-01  -0.580834891E-01  -0.594685589E-01
  -0.608898947E-01  -0.623489255E-01  -0.638471220E-01  -0.653860426E-01
  -0.669672903E-01  -0.685933643E-01  -0.702703097E-01  -0.720051996E-01
  -0.738052802E-01  -0.756779705E-01  -0.776308627E-01
   0.000000000E+00   0.129765351E-05   0.519595400E-05   0.117029114E-04
   0.208265358E-04   0.325748370E-04   0.469558250E-04   0.639775098E-04
   0.836479013E-04   0.105975010E-03   0.130966844E-03   0.158631416E-03
   0.188976734E-03   0.222010808E-03   0.257741650E-03   0.296177267E-03
   0.337325671E-03   0.381194871E-03   0.427792878E-03   0.477127700E-03
   0.529207350E-03   0.584039835E-03   0.641633166E-03   0.702021609E-03
   0.765234090E-03   0.831284060E-03   0.900175539E-03   0.971908633E-03
   0.104648957E-02   0.112395686E-02   0.120436138E-02   0.128775070E-02
   0.137414207E-02   0.146354354E-02   0.155596565E-02   0.165143410E-02
   0.174997965E-02   0.185163282E-02   0.195641894E-02   0.206436219E-02
   0.217548739E-02   0.228982087E-02   0.240738977E-02   0.252822218E-02
   0.265234876E-02   0.277980139E-02   0.291061224E-02   0.304481210E-02
   0.318243182E-02   0.332350239E-02   0.346805393E-02   0.361611660E-02
   0.376772159E-02   0.392290340E-02   0.408169786E-02   0.424414098E-02
   0.441026733E-02   0.458011139E-02   0.475370912E-02   0.493110102E-02
   0.511232943E-02   0.529743691E-02   0.548646446E-02   0.567945309E-02
   0.587644515E-02   0.607748639E-02   0.628262412E-02   0.649190662E-02
   0.670538343E-02   0.692310508E-02   0.714512312E-02   0.737149039E-02
   0.760226075E-02   0.783748949E-02   0.807723469E-02   0.832155597E-02
   0.857051414E-02   0.882417147E-02   0.908259140E-02   0.934583898E-02
   0.961398221E-02   0.988709081E-02   0.101652360E-01   0.104484911E-01
   0.107369310E-01   0.110306328E-01   0.113296772E-01   0.116341474E-01
   0.119441285E-01   0.122597093E-01   0.125809805E-01   0.129080346E-01
   0.132409653E-01   0.135798676E-01   0.139248405E-01   0.142759935E-01
   0.146334405E-01   0.149972964E-01   0.153676736E-01   0.157446852E-01
   0.161284494E-01   0.165190983E-01   0.169167694E-01   0.173216025E-01
   0.177337383E-01   0.181533195E-01   0.185804935E-01   0.190154196E-01
   0.194582622E-01   0.199091905E-01   0.203683847E-01   0.208360298E-01
   0.213123161E-01   0.217974424E-01   0.222916129E-01   0.227950382E-01
   0.233079454E-01   0.238305687E-01   0.243631499E-01   0.249059477E-01
   0.254592293E-01   0.260232682E-01   0.265983507E-01   0.271847697E-01
   0.277828308E-01   0.283928737E-01   0.290152520E-01   0.296503279E-01
   0.302984788E-01   0.309600914E-01   0.316355562E-01   0.323252579E-01
   0.330295843E-01   0.337489170E-01   0.344835907E-01   0.352339317E-01
   0.360002726E-01   0.367829587E-01   0.375823422E-01   0.383988117E-01
   0.392328893E-01   0.400851386E-01   0.409561768E-01   0.418468081E-01
   0.427578966E-01   0.436905269E-01   0.446466229E-01   0.456283595E-01
   0.466379625E-01   0.476777088E-01   0.487499260E-01
   0.000000000E+00   0.248870226E-06   0.996369839E-06   0.224383225E-05
   0.399259085E-05   0.624397906E-05   0.899933028E-05   0.122599779E-04
   0.160272554E-04   0.203024960E-04   0.250870333E-04   0.303822007E-04
   0.361893315E-04   0.425097591E-04   0.493448170E-04   0.566958385E-04
   0.645641571E-04   0.729511061E-04   0.818580191E-04   0.912862293E-04
   0.101237070E-03   0.111711875E-03   0.122711978E-03   0.134253559E-03
   0.146351912E-03   0.159014795E-03   0.172228792E-03   0.185972011E-03
   0.200228674E-03   0.215021322E-03   0.230386313E-03   0.246354171E-03
   0.262915224E-03   0.280046480E-03   0.297730059E-03   0.315980899E-03
   0.334824589E-03   0.354283458E-03   0.374357754E-03   0.395040986E-03
   0.416328387E-03   0.438226295E-03   0.460744381E-03   0.483892873E-03
   0.507682551E-03   0.532124748E-03   0.557229302E-03   0.582998037E-03
   0.609430299E-03   0.636528180E-03   0.664306835E-03   0.692785625E-03
   0.721981387E-03   0.751897049E-03   0.782531481E-03   0.813886440E-03
   0.845977463E-03   0.878824356E-03   0.912445289E-03   0.946848746E-03
   0.982040603E-03   0.101802818E-02   0.105482518E-02   0.109244732E-02
   0.113091052E-02   0.117023003E-02   0.121042120E-02   0.125149918E-02
   0.129347714E-02   0.133636784E-02   0.138018580E-02   0.142495214E-02
   0.147069019E-02   0.151742218E-02   0.156516352E-02   0.161392795E-02
   0.166373151E-02   0.171459935E-02   0.176655954E-02   0.181963929E-02
   0.187385974E-02   0.192924071E-02   0.198580385E-02   0.204357750E-02
   0.210259224E-02   0.216287886E-02   0.222446659E-02   0.228738470E-02
   0.235166362E-02   0.241733655E-02   0.248443800E-02   0.255300361E-02
   0.262307145E-02   0.269468085E-02   0.276787202E-02   0.284268629E-02
   0.291916587E-02   0.299735493E-02   0.307730277E-02   0.315906091E-02
   0.324268172E-02   0.332821790E-02   0.341572299E-02   0.350525321E-02
   0.359687238E-02   0.369064733E-02   0.378664650E-02   0.388494036E-02
   0.398560100E-02   0.408870392E-02   0.419433387E-02   0.430257941E-02
   0.441353173E-02   0.452728706E-02   0.464394443E-02   0.476360665E-02
   0.488638553E-02   0.501239698E-02   0.514176255E-02   0.527461935E-02
   0.541111072E-02   0.555138619E-02   0.569561100E-02   0.584395717E-02
   0.599660526E-02   0.615375940E-02   0.631563315E-02   0.648244421E-02
   0.665441283E-02   0.683176331E-02   0.701472756E-02   0.720355463E-02
   0.739850169E-02   0.759984147E-02   0.780789418E-02   0.802299726E-02
   0.824551429E-02   0.847589334E-02   0.871461171E-02   0.896219040E-02
   0.921929618E-02   0.948664483E-02   0.976473376E-02   0.100531253E-01
   0.103511270E-01   0.106587691E-01   0.109790841E-01   0.113159404E-01
   0.116733063E-01   0.120552500E-01   0.124659400E-01
   0.000000000E+00   0.237205793E-06   0.949223688E-06   0.213665446E-05
   0.380009889E-05   0.594015775E-05   0.855743182E-05   0.116525219E-04
   0.152260287E-04   0.192785530E-04   0.238106957E-04   0.288230575E-04
   0.343162391E-04   0.402908413E-04   0.467474650E-04   0.536867109E-04
   0.611091797E-04   0.690154723E-04   0.774061894E-04   0.862819318E-04
   0.956433003E-04   0.105490896E-03   0.115825319E-03   0.126656305E-03
   0.137993189E-03   0.149840210E-03   0.162186887E-03   0.175016799E-03
   0.188317831E-03   0.202104980E-03   0.216403005E-03   0.231232515E-03
   0.246585648E-03   0.262445093E-03   0.278796970E-03   0.295649912E-03
   0.313019796E-03   0.330920212E-03   0.349349637E-03   0.368301894E-03
   0.387771881E-03   0.407761882E-03   0.428276342E-03   0.449319988E-03
   0.470897790E-03   0.493014990E-03   0.515675734E-03   0.538878679E-03
   0.562620724E-03   0.586900446E-03   0.611724798E-03   0.637103366E-03
   0.663043974E-03   0.689545249E-03   0.716603061E-03   0.744215029E-03
   0.772387553E-03   0.801129678E-03   0.830449266E-03   0.860347757E-03
   0.890824776E-03   0.921880728E-03   0.953519878E-03   0.985747629E-03
   0.101856937E-02   0.105198986E-02   0.108601379E-02   0.112064555E-02
   0.115588797E-02   0.119174346E-02   0.122821538E-02   0.126531101E-02
   0.130303889E-02   0.134140663E-02   0.138041719E-02   0.142007220E-02
   0.146037455E-02   0.150133250E-02   0.154295594E-02   0.158525396E-02
   0.162823152E-02   0.167189250E-02   0.171624165E-02   0.176128735E-02
   0.180703909E-02   0.185350618E-02   0.190069650E-02   0.194861763E-02
   0.199727753E-02   0.204668532E-02   0.209685056E-02   0.214778315E-02
   0.219949365E-02   0.225199298E-02   0.230529221E-02   0.235940239E-02
   0.241433470E-02   0.247010100E-02   0.252671522E-02   0.258419208E-02
   0.264254629E-02   0.270179157E-02   0.276194161E-02   0.282301105E-02
   0.288501777E-02   0.294798078E-02   0.301191929E-02   0.307685211E-02
   0.314279822E-02   0.320977769E-02   0.327781407E-02   0.334693212E-02
   0.341715708E-02   0.348851427E-02   0.356102943E-02   0.363472910E-02
   0.370964159E-02   0.378579611E-02   0.386322368E-02   0.394196108E-02
   0.402204720E-02   0.410352243E-02   0.418643082E-02   0.427081809E-02
   0.435673163E-02   0.444422262E-02   0.453334402E-02   0.462414611E-02
   0.471666481E-02   0.481093266E-02   0.490698312E-02   0.500485202E-02
   0.510457617E-02   0.520619540E-02   0.530976034E-02   0.541532501E-02
   0.552294312E-02   0.563266404E-02   0.574453658E-02   0.585861704E-02
   0.597499004E-02   0.609374874E-02   0.621488237E-02   0.633795253E-02
   0.646240050E-02   0.658794769E-02   0.671550065E-02   0.684629107E-02
   0.698158364E-02   0.712267607E-02   0.727089908E-02
  -0.000000000E+00  -0.251741192E-03  -0.503370673E-03  -0.754758862E-03
  -0.100580681E-02  -0.125644622E-02  -0.150663941E-02  -0.175637546E-02
  -0.200565413E-02  -0.225448975E-02  -0.250292341E-02  -0.275105884E-02
  -0.299904734E-02  -0.324705084E-02  -0.349513592E-02  -0.374333016E-02
  -0.399163728E-02  -0.424000307E-02  -0.448833611E-02  -0.473654282E-02
  -0.498461853E-02  -0.523258724E-02  -0.548046897E-02  -0.572824980E-02
  -0.597590291E-02  -0.622339564E-02  -0.647068612E-02  -0.671772573E-02
  -0.696448315E-02  -0.721102020E-02  -0.745743416E-02  -0.770380916E-02
  -0.795012785E-02  -0.819634050E-02  -0.844240423E-02  -0.868832779E-02
  -0.893413572E-02  -0.917984889E-02  -0.942546362E-02  -0.967096868E-02
  -0.991635537E-02  -0.101616300E-01  -0.104068037E-01  -0.106518871E-01
  -0.108968871E-01  -0.111418093E-01  -0.113866604E-01  -0.116314490E-01
  -0.118761844E-01  -0.121208755E-01  -0.123655274E-01  -0.126101438E-01
  -0.128547300E-01  -0.130992963E-01  -0.133438545E-01  -0.135884163E-01
  -0.138329891E-01  -0.140775795E-01  -0.143221951E-01  -0.145668475E-01
  -0.148115494E-01  -0.150563136E-01  -0.153011505E-01  -0.155460698E-01
  -0.157910820E-01  -0.160361986E-01  -0.162814319E-01  -0.165267948E-01
  -0.167723020E-01  -0.170179688E-01  -0.172638104E-01  -0.175098401E-01
  -0.177560707E-01  -0.180025158E-01  -0.182491921E-01  -0.184961178E-01
  -0.187433104E-01  -0.189907864E-01  -0.192385616E-01  -0.194866529E-01
  -0.197350795E-01  -0.199838614E-01  -0.202330190E-01  -0.204825718E-01
  -0.207325394E-01  -0.209829422E-01  -0.212338025E-01  -0.214851432E-01
  -0.217369880E-01  -0.219893614E-01  -0.222422883E-01  -0.224957940E-01
  -0.227499022E-01  -0.230046367E-01  -0.232600230E-01  -0.235160916E-01
  -0.237728749E-01  -0.240304047E-01  -0.242887084E-01  -0.245478127E-01
  -0.248077461E-01  -0.250685436E-01  -0.253302425E-01  -0.255928796E-01
  -0.258564882E-01  -0.261211011E-01  -0.263867524E-01  -0.266534809E-01
  -0.269213274E-01  -0.271903330E-01  -0.274605394E-01  -0.277319891E-01
  -0.280047247E-01  -0.282787887E-01  -0.285542237E-01  -0.288310729E-01
  -0.291093797E-01  -0.293891876E-01  -0.296705416E-01  -0.299534901E-01
  -0.302380827E-01  -0.305243695E-01  -0.308123997E-01  -0.311022231E-01
  -0.313938868E-01  -0.316874265E-01  -0.319828747E-01  -0.322802557E-01
  -0.325795593E-01  -0.328807653E-01  -0.331838459E-01  -0.334887449E-01
  -0.337953973E-01  -0.341037280E-01  -0.344136292E-01  -0.347249821E-01
  -0.350376343E-01  -0.353513098E-01  -0.356656947E-01  -0.359804873E-01
  -0.362954649E-01  -0.366104204E-01  -0.369251130E-01  -0.372391813E-01
  -0.375522254E-01  -0.378641108E-01  -0.381758112E-01  -0.384886075E-01
  -0.388038159E-01  -0.391227883E-01  -0.394469114E-01
  -0.000000000E+00  -0.285515226E-03  -0.570934883E-03  -0.856166224E-03
  -0.114111167E-02  -0.142566879E-02  -0.170973035E-02  -0.199320883E-02
  -0.227613823E-02  -0.255864954E-02  -0.284092451E-02  -0.312308698E-02
  -0.340524860E-02  -0.368752225E-02  -0.396998748E-02  -0.425270893E-02
  -0.453572799E-02  -0.481900564E-02  -0.510245714E-02  -0.538599206E-02
  -0.566960213E-02  -0.595330317E-02  -0.623710973E-02  -0.652102733E-02
  -0.680505795E-02  -0.708919314E-02  -0.737338407E-02  -0.765756358E-02
  -0.794168696E-02  -0.822583909E-02  -0.851015292E-02  -0.879474433E-02
  -0.907959843E-02  -0.936465851E-02  -0.964987579E-02  -0.993526476E-02
  -0.102208589E-01  -0.105066884E-01  -0.107927597E-01  -0.110790723E-01
  -0.113656261E-01  -0.116524265E-01  -0.119394800E-01  -0.122267952E-01
  -0.125143882E-01  -0.128022782E-01  -0.130904825E-01  -0.133790095E-01
  -0.136678651E-01  -0.139570554E-01  -0.142465904E-01  -0.145364808E-01
  -0.148267374E-01  -0.151173715E-01  -0.154083944E-01  -0.156998167E-01
  -0.159916465E-01  -0.162838908E-01  -0.165765577E-01  -0.168696605E-01
  -0.171632140E-01  -0.174572319E-01  -0.177517214E-01  -0.180466880E-01
  -0.183421383E-01  -0.186380838E-01  -0.189345379E-01  -0.192315130E-01
  -0.195290188E-01  -0.198270642E-01  -0.201256584E-01  -0.204248122E-01
  -0.207245370E-01  -0.210248438E-01  -0.213257421E-01  -0.216272408E-01
  -0.219293494E-01  -0.222320787E-01  -0.225354400E-01  -0.228394445E-01
  -0.231441023E-01  -0.234494237E-01  -0.237554185E-01  -0.240620969E-01
  -0.243694689E-01  -0.246775451E-01  -0.249863368E-01  -0.252958560E-01
  -0.256061146E-01  -0.259171245E-01  -0.262288977E-01  -0.265414458E-01
  -0.268547779E-01  -0.271689024E-01  -0.274838292E-01  -0.277995737E-01
  -0.281161532E-01  -0.284335835E-01  -0.287518739E-01  -0.290710318E-01
  -0.293910663E-01  -0.297119936E-01  -0.300338318E-01  -0.303565982E-01
  -0.306803061E-01  -0.310049678E-01  -0.313305959E-01  -0.316572053E-01
  -0.319848116E-01  -0.323134307E-01  -0.326430801E-01  -0.329737777E-01
  -0.333055413E-01  -0.336383867E-01  -0.339723297E-01  -0.343073871E-01
  -0.346435819E-01  -0.349809382E-01  -0.353194807E-01  -0.356592328E-01
  -0.360002180E-01  -0.363424569E-01  -0.366859587E-01  -0.370307292E-01
  -0.373767751E-01  -0.377241071E-01  -0.380727367E-01  -0.384226758E-01
  -0.387739372E-01  -0.391265341E-01  -0.394804817E-01  -0.398358046E-01
  -0.401925301E-01  -0.405506580E-01  -0.409100757E-01  -0.412706388E-01
  -0.416321595E-01  -0.419942887E-01  -0.423566277E-01  -0.427187814E-01
  -0.430804054E-01  -0.434411613E-01  -0.438007915E-01  -0.441593920E-01
  -0.445171532E-01  -0.448744239E-01  -0.452321751E-01  -0.455915592E-01
  -0.459537602E-01  -0.463199931E-01  -0.466915049E-01
   0.000000000E+00   0.239754244E-04   0.479561750E-04   0.719510421E-04
   0.959628776E-04   0.119988596E-03   0.144019173E-03   0.168045659E-03
   0.192084085E-03   0.216169452E-03   0.240342419E-03   0.264615050E-03
   0.288985236E-03   0.313449420E-03   0.338022526E-03   0.362727360E-03
   0.387584753E-03   0.412595390E-03   0.437750844E-03   0.463042159E-03
   0.488473682E-03   0.514053910E-03   0.539791388E-03   0.565693070E-03
   0.591765471E-03   0.618013653E-03   0.644436406E-03   0.671029788E-03
   0.697792658E-03   0.724740435E-03   0.751894629E-03   0.779274446E-03
   0.806882120E-03   0.834714381E-03   0.862769486E-03   0.891056289E-03
   0.919586984E-03   0.948372949E-03   0.977419896E-03   0.100673182E-02
   0.103631304E-02   0.106617009E-02   0.109631014E-02   0.112674067E-02
   0.115747019E-02   0.118850762E-02   0.121986171E-02   0.125153998E-02
   0.128354957E-02   0.131589814E-02   0.134859517E-02   0.138165083E-02
   0.141507506E-02   0.144887619E-02   0.148306217E-02   0.151764141E-02
   0.155262427E-02   0.158802178E-02   0.162384492E-02   0.166010373E-02
   0.169680806E-02   0.173396806E-02   0.177159453E-02   0.180969857E-02
   0.184829153E-02   0.188738520E-02   0.192699160E-02   0.196712286E-02
   0.200779082E-02   0.204900734E-02   0.209078474E-02   0.213313659E-02
   0.217607697E-02   0.221961987E-02   0.226377825E-02   0.230856488E-02
   0.235399317E-02   0.240007867E-02   0.244683774E-02   0.249428661E-02
   0.254244027E-02   0.259131348E-02   0.264092161E-02   0.269128181E-02
   0.274241195E-02   0.279433011E-02   0.284705436E-02   0.290060299E-02
   0.295499468E-02   0.301024884E-02   0.306638529E-02   0.312342430E-02
   0.318138699E-02   0.324029497E-02   0.330017034E-02   0.336103616E-02
   0.342291600E-02   0.348583396E-02   0.354981500E-02   0.361488463E-02
   0.368106902E-02   0.374839586E-02   0.381689358E-02   0.388659128E-02
   0.395751935E-02   0.402970892E-02   0.410319189E-02   0.417800171E-02
   0.425417266E-02   0.433174019E-02   0.441074268E-02   0.449121981E-02
   0.457321227E-02   0.465676284E-02   0.474191541E-02   0.482871530E-02
   0.491721129E-02   0.500745373E-02   0.509949459E-02   0.519338965E-02
   0.528919641E-02   0.538697470E-02   0.548679036E-02   0.558871176E-02
   0.569281062E-02   0.579916826E-02   0.590786973E-02   0.601900427E-02
   0.613267299E-02   0.624898165E-02   0.636803677E-02   0.648994136E-02
   0.661479897E-02   0.674272304E-02   0.687386126E-02   0.700837254E-02
   0.714644134E-02   0.728834574E-02   0.743439298E-02   0.758488572E-02
   0.774008587E-02   0.790024886E-02   0.806560821E-02   0.823629241E-02
   0.841240379E-02   0.859416051E-02   0.878224845E-02   0.897748676E-02
   0.918071432E-02   0.939278970E-02   0.961459118E-02
  -0.000000000E+00  -0.319636992E-04  -0.639183335E-04  -0.958576250E-04
  -0.127770518E-03  -0.159641178E-03  -0.191448993E-03  -0.223174289E-03
  -0.254822011E-03  -0.286416012E-03  -0.317986553E-03  -0.349538357E-03
  -0.381064061E-03  -0.412554817E-03  -0.444014300E-03  -0.475451258E-03
  -0.506871774E-03  -0.538263650E-03  -0.569605888E-03  -0.600876768E-03
  -0.632068136E-03  -0.663175948E-03  -0.694196010E-03  -0.725122185E-03
  -0.755947655E-03  -0.786664161E-03  -0.817257901E-03  -0.847712547E-03
  -0.878014423E-03  -0.908165780E-03  -0.938174699E-03  -0.968047034E-03
  -0.997772404E-03  -0.102733515E-02  -0.105672063E-02  -0.108592251E-02
  -0.111493695E-02  -0.114375954E-02  -0.117238237E-02  -0.120079642E-02
  -0.122899273E-02  -0.125696337E-02  -0.128470059E-02  -0.131219682E-02
  -0.133944538E-02  -0.136643987E-02  -0.139317359E-02  -0.141963840E-02
  -0.144582569E-02  -0.147172699E-02  -0.149733479E-02  -0.152264184E-02
  -0.154764082E-02  -0.157232407E-02  -0.159668383E-02  -0.162071223E-02
  -0.164440116E-02  -0.166774237E-02  -0.169072769E-02  -0.171334935E-02
  -0.173559967E-02  -0.175747077E-02  -0.177895392E-02  -0.180004008E-02
  -0.182072026E-02  -0.184098586E-02  -0.186082834E-02  -0.188023903E-02
  -0.189920879E-02  -0.191772831E-02  -0.193578819E-02  -0.195337884E-02
  -0.197049058E-02  -0.198711361E-02  -0.200323802E-02  -0.201885378E-02
  -0.203395062E-02  -0.204851759E-02  -0.206254346E-02  -0.207601701E-02
  -0.208892743E-02  -0.210126394E-02  -0.211301543E-02  -0.212416960E-02
  -0.213471374E-02  -0.214463504E-02  -0.215392088E-02  -0.216255854E-02
  -0.217053509E-02  -0.217783697E-02  -0.218445038E-02  -0.219036117E-02
  -0.219555440E-02  -0.220001480E-02  -0.220372688E-02  -0.220667508E-02
  -0.220884365E-02  -0.221021635E-02  -0.221077564E-02  -0.221050343E-02
  -0.220938136E-02  -0.220739086E-02  -0.220451308E-02  -0.220072865E-02
  -0.219601685E-02  -0.219035639E-02  -0.218372553E-02  -0.217610179E-02
  -0.216746224E-02  -0.215778324E-02  -0.214703941E-02  -0.213520462E-02
  -0.212225200E-02  -0.210815307E-02  -0.209287857E-02  -0.207639845E-02
  -0.205868098E-02  -0.203969356E-02  -0.201940276E-02  -0.199777325E-02
  -0.197476881E-02  -0.195035181E-02  -0.192448097E-02  -0.189711351E-02
  -0.186820434E-02  -0.183770145E-02  -0.180555026E-02  -0.177169395E-02
  -0.173606974E-02  -0.169861241E-02  -0.165925768E-02  -0.161794899E-02
  -0.157463112E-02  -0.152924119E-02  -0.148168788E-02  -0.143187110E-02
  -0.137966796E-02  -0.132486954E-02  -0.126724079E-02  -0.120655318E-02
  -0.114262222E-02  -0.107527193E-02  -0.100436444E-02  -0.929927672E-03
  -0.852034165E-03  -0.770683253E-03  -0.685566969E-03  -0.596292519E-03
  -0.502457857E-03  -0.403651677E-03  -0.299453422E-03
  -0.000000000E+00  -0.638777187E-06  -0.255547501E-05  -0.575064286E-05
  -0.102248301E-04  -0.159785862E-04  -0.230124606E-04  -0.313270025E-04
  -0.409227614E-04  -0.518002867E-04  -0.639601278E-04  -0.774028341E-04
  -0.921289550E-04  -0.108139040E-03  -0.125433638E-03  -0.144013299E-03
  -0.163878572E-03  -0.185030007E-03  -0.207468152E-03  -0.231193558E-03
  -0.256206774E-03  -0.282508349E-03  -0.310098832E-03  -0.338981643E-03
  -0.369159836E-03  -0.400633669E-03  -0.433398297E-03  -0.467446675E-03
  -0.502774036E-03  -0.539388998E-03  -0.577305110E-03  -0.616534497E-03
  -0.657077350E-03  -0.698930147E-03  -0.742089875E-03  -0.786557948E-03
  -0.832337073E-03  -0.879429508E-03  -0.927835111E-03  -0.977552931E-03
  -0.102858200E-02  -0.108092206E-02  -0.113457296E-02  -0.118953471E-02
  -0.124580834E-02  -0.130339515E-02  -0.136229631E-02  -0.142251204E-02
  -0.148404230E-02  -0.154688661E-02  -0.161104293E-02  -0.167650862E-02
  -0.174328135E-02  -0.181136086E-02  -0.188074742E-02  -0.195144081E-02
  -0.202343859E-02  -0.209673761E-02  -0.217133487E-02  -0.224722866E-02
  -0.232441758E-02  -0.240290001E-02  -0.248267375E-02  -0.256373635E-02
  -0.264608522E-02  -0.272971754E-02  -0.281463034E-02  -0.290082077E-02
  -0.298828699E-02  -0.307702736E-02  -0.316703983E-02  -0.325832078E-02
  -0.335086603E-02  -0.344467155E-02  -0.353973430E-02  -0.363605146E-02
  -0.373361997E-02  -0.383243592E-02  -0.393249513E-02  -0.403379332E-02
  -0.413632619E-02  -0.424008937E-02  -0.434507826E-02  -0.445128770E-02
  -0.455871229E-02  -0.466734647E-02  -0.477718447E-02  -0.488822036E-02
  -0.500044799E-02  -0.511386071E-02  -0.522845165E-02  -0.534421334E-02
  -0.546113644E-02  -0.557921091E-02  -0.569842684E-02  -0.581877555E-02
  -0.594024857E-02  -0.606283622E-02  -0.618652456E-02  -0.631129825E-02
  -0.643714194E-02  -0.656404175E-02  -0.669198389E-02  -0.682095315E-02
  -0.695092938E-02  -0.708189073E-02  -0.721381471E-02  -0.734667795E-02
  -0.748045644E-02  -0.761512453E-02  -0.775065203E-02  -0.788700692E-02
  -0.802415528E-02  -0.816205793E-02  -0.830067353E-02  -0.843995848E-02
  -0.857986317E-02  -0.872033549E-02  -0.886132063E-02  -0.900275692E-02
  -0.914457975E-02  -0.928671991E-02  -0.942909426E-02  -0.957161452E-02
  -0.971418636E-02  -0.985669756E-02  -0.999902917E-02  -0.101410574E-01
  -0.102826476E-01  -0.104236601E-01  -0.105639528E-01  -0.107033843E-01
  -0.108418108E-01  -0.109790871E-01  -0.111150712E-01  -0.112496197E-01
  -0.113825878E-01  -0.115138334E-01  -0.116432131E-01  -0.117705696E-01
  -0.118956956E-01  -0.120183682E-01  -0.121384024E-01  -0.122557828E-01
  -0.123705390E-01  -0.124823293E-01  -0.125892996E-01  -0.126891678E-01
  -0.127795928E-01  -0.128581743E-01  -0.129224526E-01
  -0.000000000E+00  -0.864744528E-06  -0.346380938E-05  -0.780444144E-05
  -0.138938876E-04  -0.217393948E-04  -0.313482098E-04  -0.427275797E-04
  -0.558847512E-04  -0.708269713E-04  -0.875614869E-04  -0.106095545E-03
  -0.126436392E-03  -0.148591275E-03  -0.172567442E-03  -0.198372138E-03
  -0.226012611E-03  -0.255496108E-03  -0.286829876E-03  -0.320021161E-03
  -0.355077210E-03  -0.392005271E-03  -0.430812590E-03  -0.471529946E-03
  -0.514183287E-03  -0.558785642E-03  -0.605343433E-03  -0.653860422E-03
  -0.704344957E-03  -0.756828889E-03  -0.811353179E-03  -0.867956429E-03
  -0.926654936E-03  -0.987458292E-03  -0.105037818E-02  -0.111543827E-02
  -0.118266633E-02  -0.125209019E-02  -0.132373437E-02  -0.139762283E-02
  -0.147378008E-02  -0.155223152E-02  -0.163300314E-02  -0.171612178E-02
  -0.180161621E-02  -0.188951622E-02  -0.197985191E-02  -0.207265256E-02
  -0.216794757E-02  -0.226576680E-02  -0.236614021E-02  -0.246909819E-02
  -0.257467189E-02  -0.268289426E-02  -0.279379920E-02  -0.290742101E-02
  -0.302379390E-02  -0.314295242E-02  -0.326493244E-02  -0.338977336E-02
  -0.351751619E-02  -0.364820220E-02  -0.378187125E-02  -0.391856329E-02
  -0.405831956E-02  -0.420118474E-02  -0.434720503E-02  -0.449642739E-02
  -0.464889926E-02  -0.480466883E-02  -0.496378538E-02  -0.512630011E-02
  -0.529226540E-02  -0.546173483E-02  -0.563476397E-02  -0.581140970E-02
  -0.599173000E-02  -0.617578432E-02  -0.636363324E-02  -0.655533881E-02
  -0.675096571E-02  -0.695058018E-02  -0.715424978E-02  -0.736204400E-02
  -0.757403371E-02  -0.779029157E-02  -0.801089381E-02  -0.823591860E-02
  -0.846544591E-02  -0.869955882E-02  -0.893834231E-02  -0.918188287E-02
  -0.943026848E-02  -0.968358862E-02  -0.994193600E-02  -0.102054118E-01
  -0.104741210E-01  -0.107481695E-01  -0.110276625E-01  -0.113127058E-01
  -0.116034098E-01  -0.118998958E-01  -0.122022898E-01  -0.125107202E-01
  -0.128253170E-01  -0.131462125E-01  -0.134735430E-01  -0.138074546E-01
  -0.141480977E-01  -0.144956272E-01  -0.148502081E-01  -0.152120105E-01
  -0.155812085E-01  -0.159579846E-01  -0.163425257E-01  -0.167350249E-01
  -0.171356898E-01  -0.175447342E-01  -0.179623787E-01  -0.183888575E-01
  -0.188244121E-01  -0.192692897E-01  -0.197237500E-01  -0.201880590E-01
  -0.206624945E-01  -0.211473673E-01  -0.216430014E-01  -0.221497263E-01
  -0.226678761E-01  -0.231977906E-01  -0.237398086E-01  -0.242942463E-01
  -0.248614179E-01  -0.254416226E-01  -0.260350849E-01  -0.266420114E-01
  -0.272626007E-01  -0.278970149E-01  -0.285454067E-01  -0.292079631E-01
  -0.298850101E-01  -0.305769139E-01  -0.312840501E-01  -0.320068175E-01
  -0.327456255E-01  -0.335012481E-01  -0.342759179E-01  -0.350722866E-01
  -0.358930713E-01  -0.367410549E-01  -0.376190856E-01
   0.000000000E+00   0.719205955E-07   0.287123764E-06   0.644771580E-06
   0.114402612E-05   0.178404945E-05   0.256400365E-05   0.348305079E-05
   0.454035295E-05   0.573507220E-05   0.706637061E-05   0.853341025E-05
   0.101353532E-04   0.118713616E-04   0.137405974E-04   0.157422227E-04
   0.178753996E-04   0.201392903E-04   0.225330566E-04   0.250558608E-04
   0.277068649E-04   0.304852310E-04   0.333901211E-04   0.364149674E-04
   0.395537605E-04   0.428113463E-04   0.461881323E-04   0.496833467E-04
   0.532949985E-04   0.570157097E-04   0.608358866E-04   0.647476677E-04
   0.687539482E-04   0.728613215E-04   0.770741704E-04   0.813839365E-04
   0.857777048E-04   0.902442675E-04   0.947835870E-04   0.993990822E-04
   0.104092896E-03   0.108859655E-03   0.113691637E-03   0.118581304E-03
   0.123523464E-03   0.128513452E-03   0.133546840E-03   0.138620541E-03
   0.143731868E-03   0.148877182E-03   0.154048667E-03   0.159237096E-03
   0.164434205E-03   0.169637085E-03   0.174844378E-03   0.180053403E-03
   0.185255323E-03   0.190439362E-03   0.195595652E-03   0.200719525E-03
   0.205807737E-03   0.210856118E-03   0.215856319E-03   0.220798689E-03
   0.225673791E-03   0.230474017E-03   0.235192151E-03   0.239820802E-03
   0.244352189E-03   0.248778334E-03   0.253090761E-03   0.257279355E-03
   0.261333390E-03   0.265242436E-03   0.268998083E-03   0.272592386E-03
   0.276016619E-03   0.279259100E-03   0.282307164E-03   0.285148442E-03
   0.287772688E-03   0.290170115E-03   0.292330252E-03   0.294240189E-03
   0.295886177E-03   0.297254571E-03   0.298333015E-03   0.299109356E-03
   0.299570838E-03   0.299702786E-03   0.299489818E-03   0.298916443E-03
   0.297967645E-03   0.296628344E-03   0.294883097E-03   0.292715712E-03
   0.290109606E-03   0.287047639E-03   0.283511252E-03   0.279481270E-03
   0.274938471E-03   0.269864516E-03   0.264241085E-03   0.258048985E-03
   0.251266298E-03   0.243870101E-03   0.235837353E-03   0.227145789E-03
   0.217773086E-03   0.207696116E-03   0.196889553E-03   0.185327172E-03
   0.172982268E-03   0.159827540E-03   0.145835195E-03   0.130976909E-03
   0.115223592E-03   0.985456074E-04   0.809124209E-04   0.622912938E-04
   0.426485104E-04   0.219493522E-04   0.156729528E-06  -0.227675315E-04
  -0.468627021E-04  -0.721705350E-04  -0.987339606E-04  -0.126596213E-03
  -0.155799519E-03  -0.186386331E-03  -0.218397979E-03  -0.251869216E-03
  -0.286833370E-03  -0.323328039E-03  -0.361407174E-03  -0.401129653E-03
  -0.442571506E-03  -0.485875224E-03  -0.531203061E-03  -0.578666738E-03
  -0.628161074E-03  -0.679521745E-03  -0.732646383E-03  -0.787700790E-03
  -0.844923178E-03  -0.904514239E-03  -0.966504525E-03  -0.103088048E-02
  -0.109762727E-02  -0.116672873E-02  -0.123816743E-02
  -0.000000000E+00  -0.131606203E-06  -0.527511730E-06  -0.118934696E-05
  -0.211874225E-05  -0.331732800E-05  -0.478673458E-05  -0.652859235E-05
  -0.854453170E-05  -0.108361830E-04  -0.134051766E-04  -0.162531429E-04
  -0.193817123E-04  -0.227925152E-04  -0.264871819E-04  -0.304673428E-04
  -0.347346282E-04  -0.392906686E-04  -0.441370944E-04  -0.492755358E-04
  -0.547076233E-04  -0.604349873E-04  -0.664592581E-04  -0.727956023E-04
  -0.794580994E-04  -0.864486945E-04  -0.937575490E-04  -0.101369691E-03
  -0.109275183E-03  -0.117494297E-03  -0.126058359E-03  -0.134993450E-03
  -0.144290485E-03  -0.153928614E-03  -0.163891955E-03  -0.174195897E-03
  -0.184866058E-03  -0.195924638E-03  -0.207371163E-03  -0.219198180E-03
  -0.231400217E-03  -0.243984319E-03  -0.256961320E-03  -0.270342287E-03
  -0.284137134E-03  -0.298355790E-03  -0.313006924E-03  -0.328092636E-03
  -0.343612970E-03  -0.359570455E-03  -0.375979409E-03  -0.392857956E-03
  -0.410221799E-03  -0.428073456E-03  -0.446411584E-03  -0.465237641E-03
  -0.484566563E-03  -0.504417450E-03  -0.524807640E-03  -0.545744389E-03
  -0.567232186E-03  -0.589277054E-03  -0.611891987E-03  -0.635092140E-03
  -0.658892631E-03  -0.683306934E-03  -0.708348307E-03  -0.734029918E-03
  -0.760363660E-03  -0.787361208E-03  -0.815035709E-03  -0.843405891E-03
  -0.872492366E-03  -0.902314712E-03  -0.932886386E-03  -0.964219316E-03
  -0.996327437E-03  -0.102923271E-02  -0.106295967E-02  -0.109753200E-02
  -0.113296782E-02  -0.116928397E-02  -0.120649891E-02  -0.124463700E-02
  -0.128372457E-02  -0.132378796E-02  -0.136485157E-02  -0.140693964E-02
  -0.145007744E-02  -0.149429306E-02  -0.153961576E-02  -0.158607558E-02
  -0.163370392E-02  -0.168253302E-02  -0.173259579E-02  -0.178392590E-02
  -0.183655771E-02  -0.189052712E-02  -0.194587427E-02  -0.200264103E-02
  -0.206086976E-02  -0.212060206E-02  -0.218187992E-02  -0.224474747E-02
  -0.230925515E-02  -0.237545582E-02  -0.244340332E-02  -0.251315208E-02
  -0.258475748E-02  -0.265827731E-02  -0.273377594E-02  -0.281132042E-02
  -0.289097950E-02  -0.297282467E-02  -0.305692921E-02  -0.314336871E-02
  -0.323222384E-02  -0.332357774E-02  -0.341751747E-02  -0.351414085E-02
  -0.361355001E-02  -0.371585102E-02  -0.382115964E-02  -0.392959589E-02
  -0.404128453E-02  -0.415636203E-02  -0.427496998E-02  -0.439725126E-02
  -0.452334504E-02  -0.465339146E-02  -0.478753425E-02  -0.492592371E-02
  -0.506871386E-02  -0.521607225E-02  -0.536821287E-02  -0.552536499E-02
  -0.568777970E-02  -0.585578214E-02  -0.602972206E-02  -0.620993087E-02
  -0.639664218E-02  -0.659006715E-02  -0.679036419E-02  -0.699746772E-02
  -0.721125072E-02  -0.743186602E-02  -0.766062054E-02  -0.789914448E-02
  -0.814910915E-02  -0.841222700E-02  -0.869025160E-02
   0.000000000E+00   0.235754138E-04   0.471567776E-04   0.707606457E-04
   0.943853937E-04   0.118011219E-03   0.141600139E-03   0.165109433E-03
   0.188547304E-03   0.211959449E-03   0.235405569E-03   0.258906593E-03
   0.282466902E-03   0.306087871E-03   0.329776652E-03   0.353541506E-03
   0.377388449E-03   0.401316725E-03   0.425321560E-03   0.449398644E-03
   0.473555623E-03   0.497804498E-03   0.522156269E-03   0.546613027E-03
   0.571173511E-03   0.595836492E-03   0.620604898E-03   0.645482787E-03
   0.670475918E-03   0.695597427E-03   0.720863511E-03   0.746288912E-03
   0.771877426E-03   0.797629326E-03   0.823546178E-03   0.849637608E-03
   0.875915888E-03   0.902392704E-03   0.929075089E-03   0.955968736E-03
   0.983079838E-03   0.101041714E-02   0.103799023E-02   0.106580900E-02
   0.109388385E-02   0.112222551E-02   0.115084481E-02   0.117975218E-02
   0.120895805E-02   0.123847319E-02   0.126830908E-02   0.129847759E-02
   0.132899080E-02   0.135986093E-02   0.139110042E-02   0.142272202E-02
   0.145473910E-02   0.148716540E-02   0.152001508E-02   0.155330315E-02
   0.158704510E-02   0.162125669E-02   0.165595376E-02   0.169115241E-02
   0.172686940E-02   0.176312323E-02   0.179993317E-02   0.183731861E-02
   0.187529789E-02   0.191388934E-02   0.195311236E-02   0.199298978E-02
   0.203354575E-02   0.207480455E-02   0.211678918E-02   0.215952259E-02
   0.220302877E-02   0.224733446E-02   0.229246754E-02   0.233845645E-02
   0.238533001E-02   0.243311754E-02   0.248184939E-02   0.253155820E-02
   0.258227773E-02   0.263404266E-02   0.268688922E-02   0.274085460E-02
   0.279597705E-02   0.285229670E-02   0.290985481E-02   0.296869395E-02
   0.302885952E-02   0.309039834E-02   0.315335863E-02   0.321779130E-02
   0.328374875E-02   0.335128504E-02   0.342045770E-02   0.349132604E-02
   0.356395126E-02   0.363839841E-02   0.371473458E-02   0.379302917E-02
   0.387335687E-02   0.395579490E-02   0.404042290E-02   0.412732556E-02
   0.421659018E-02   0.430830741E-02   0.440257609E-02   0.449949874E-02
   0.459918115E-02   0.470173584E-02   0.480727885E-02   0.491593092E-02
   0.502782474E-02   0.514309816E-02   0.526189457E-02   0.538437105E-02
   0.551069072E-02   0.564102247E-02   0.577554830E-02   0.591445642E-02
   0.605794233E-02   0.620621913E-02   0.635950777E-02   0.651803630E-02
   0.668204760E-02   0.685179206E-02   0.702753019E-02   0.720954826E-02
   0.739814353E-02   0.759361359E-02   0.779623913E-02   0.800630027E-02
   0.822407625E-02   0.844982773E-02   0.868381356E-02   0.892632632E-02
   0.917778359E-02   0.943864138E-02   0.970936242E-02   0.999040896E-02
   0.102822496E-01   0.105856064E-01   0.109022040E-01   0.112340576E-01
   0.115832315E-01   0.119518396E-01   0.123420446E-01
   0.000000000E+00   0.259897888E-04   0.519752431E-04   0.779552899E-04
   0.103923265E-03   0.129866913E-03   0.155768386E-03   0.181611077E-03
   0.207407909E-03   0.233194510E-03   0.259013341E-03   0.284871944E-03
   0.310760520E-03   0.336667036E-03   0.362600056E-03   0.388576595E-03
   0.414613425E-03   0.440715335E-03   0.466882257E-03   0.493111613E-03
   0.519396301E-03   0.545726026E-03   0.572092393E-03   0.598504261E-03
   0.624976956E-03   0.651522729E-03   0.678132861E-03   0.704790819E-03
   0.731483401E-03   0.758221081E-03   0.785022531E-03   0.811904113E-03
   0.838864372E-03   0.865896164E-03   0.892992687E-03   0.920152587E-03
   0.947375873E-03   0.974662882E-03   0.100201572E-02   0.102943710E-02
   0.105692849E-02   0.108448563E-02   0.111210230E-02   0.113977314E-02
   0.116749874E-02   0.119528140E-02   0.122312224E-02   0.125101687E-02
   0.127895908E-02   0.130694300E-02   0.133496583E-02   0.136302550E-02
   0.139111937E-02   0.141924276E-02   0.144739022E-02   0.147555601E-02
   0.150373413E-02   0.153191831E-02   0.156010220E-02   0.158828013E-02
   0.161644643E-02   0.164459468E-02   0.167271605E-02   0.170080078E-02
   0.172883907E-02   0.175682243E-02   0.178474245E-02   0.181259017E-02
   0.184035504E-02   0.186802584E-02   0.189559095E-02   0.192303841E-02
   0.195035591E-02   0.197753058E-02   0.200454853E-02   0.203139530E-02
   0.205805604E-02   0.208451577E-02   0.211075913E-02   0.213677015E-02
   0.216253143E-02   0.218802484E-02   0.221323171E-02   0.223813250E-02
   0.226270708E-02   0.228693472E-02   0.231079388E-02   0.233426242E-02
   0.235731750E-02   0.237993523E-02   0.240209097E-02   0.242375919E-02
   0.244491228E-02   0.246552163E-02   0.248555810E-02   0.250499231E-02
   0.252379439E-02   0.254193322E-02   0.255937454E-02   0.257608274E-02
   0.259202146E-02   0.260715381E-02   0.262144216E-02   0.263484762E-02
   0.264732838E-02   0.265884127E-02   0.266934172E-02   0.267878243E-02
   0.268711462E-02   0.269428806E-02   0.270024962E-02   0.270494460E-02
   0.270831673E-02   0.271030662E-02   0.271085319E-02   0.270989399E-02
   0.270736468E-02   0.270319952E-02   0.269732993E-02   0.268967964E-02
   0.268016927E-02   0.266871547E-02   0.265522371E-02   0.263959510E-02
   0.262172904E-02   0.260152431E-02   0.257887804E-02   0.255368867E-02
   0.252586583E-02   0.249532099E-02   0.246196606E-02   0.242571876E-02
   0.238649754E-02   0.234421029E-02   0.229872517E-02   0.224989820E-02
   0.219757159E-02   0.214153997E-02   0.208158237E-02   0.201746635E-02
   0.194892727E-02   0.187568792E-02   0.179753440E-02   0.171452749E-02
   0.162680197E-02   0.153432606E-02   0.143637473E-02   0.133203020E-02
   0.122035201E-02   0.110037696E-02   0.971119155E-03
  -0.000000000E+00  -0.500233008E-05  -0.100009751E-04  -0.149918575E-04
  -0.199715726E-04  -0.249373885E-04  -0.298872460E-04  -0.348196086E-04
  -0.397328405E-04  -0.446253565E-04  -0.494958171E-04  -0.543434620E-04
  -0.591679695E-04  -0.639691308E-04  -0.687459259E-04  -0.734970148E-04
  -0.782206062E-04  -0.829132385E-04  -0.875705198E-04  -0.921879638E-04
  -0.967628068E-04  -0.101292805E-03  -0.105775632E-03  -0.110208433E-03
  -0.114588144E-03  -0.118911532E-03  -0.123174982E-03  -0.127374654E-03
  -0.131507021E-03  -0.135570404E-03  -0.139563807E-03  -0.143485893E-03
  -0.147333113E-03  -0.151101168E-03  -0.154785978E-03  -0.158385052E-03
  -0.161896387E-03  -0.165317724E-03  -0.168645415E-03  -0.171875343E-03
  -0.175003533E-03  -0.178027025E-03  -0.180943151E-03  -0.183749054E-03
  -0.186441004E-03  -0.189014971E-03  -0.191467039E-03  -0.193794051E-03
  -0.195993060E-03  -0.198061029E-03  -0.199994503E-03  -0.201789894E-03
  -0.203443481E-03  -0.204951108E-03  -0.206308446E-03  -0.207511275E-03
  -0.208556071E-03  -0.209439493E-03  -0.210157970E-03  -0.210706971E-03
  -0.211081652E-03  -0.211277287E-03  -0.211289951E-03  -0.211115921E-03
  -0.210751311E-03  -0.210191591E-03  -0.209432019E-03  -0.208467814E-03
  -0.207294259E-03  -0.205906609E-03  -0.204300066E-03  -0.202469776E-03
  -0.200410831E-03  -0.198118266E-03  -0.195587069E-03  -0.192812174E-03
  -0.189788478E-03  -0.186510902E-03  -0.182974335E-03  -0.179173537E-03
  -0.175102870E-03  -0.170756542E-03  -0.166128807E-03  -0.161214336E-03
  -0.156007879E-03  -0.150504000E-03  -0.144696628E-03  -0.138579471E-03
  -0.132146374E-03  -0.125391997E-03  -0.118311194E-03  -0.110898583E-03
  -0.103147886E-03  -0.950525356E-04  -0.866060943E-04  -0.778028817E-04
  -0.686373926E-04  -0.591041156E-04  -0.491975905E-04  -0.389123550E-04
  -0.282428554E-04  -0.171832295E-04  -0.572750796E-05   0.612997239E-05
   0.183935129E-04   0.310670356E-04   0.441545802E-04   0.576607968E-04
   0.715904859E-04   0.859480086E-04   0.100735954E-03   0.115956385E-03
   0.131611026E-03   0.147700547E-03   0.164225236E-03   0.181185064E-03
   0.198579190E-03   0.216406427E-03   0.234664999E-03   0.253351307E-03
   0.272461089E-03   0.291988835E-03   0.311924775E-03   0.332257713E-03
   0.352974665E-03   0.374056802E-03   0.395483270E-03   0.417233384E-03
   0.439289325E-03   0.461633592E-03   0.484249574E-03   0.507125959E-03
   0.530252567E-03   0.553619403E-03   0.577218089E-03   0.601040511E-03
   0.625078249E-03   0.649322261E-03   0.673763185E-03   0.698363188E-03
   0.722969588E-03   0.747396765E-03   0.771567831E-03   0.795862553E-03
   0.820787067E-03   0.846530793E-03   0.871955602E-03   0.895556443E-03
   0.915787648E-03   0.931062928E-03   0.939755371E-03
   0.000000000E+00   0.586186596E-05   0.117186052E-04   0.175655421E-04
   0.233972278E-04   0.292074399E-04   0.349891827E-04   0.407356757E-04
   0.464444501E-04   0.521163598E-04   0.577535100E-04   0.633540684E-04
   0.689144501E-04   0.744306663E-04   0.798992511E-04   0.853167688E-04
   0.906794439E-04   0.959826258E-04   0.101221114E-03   0.106389423E-03
   0.111482229E-03   0.116494075E-03   0.121419580E-03   0.126254540E-03
   0.130995156E-03   0.135637422E-03   0.140176093E-03   0.144605441E-03
   0.148919945E-03   0.153115594E-03   0.157188894E-03   0.161136321E-03
   0.164953749E-03   0.168636898E-03   0.172181159E-03   0.175580504E-03
   0.178828356E-03   0.181918495E-03   0.184846927E-03   0.187610362E-03
   0.190205202E-03   0.192626092E-03   0.194867116E-03   0.196922531E-03
   0.198787696E-03   0.200458285E-03   0.201929807E-03   0.203196937E-03
   0.204254081E-03   0.205095541E-03   0.205715405E-03   0.206107643E-03
   0.206266485E-03   0.206187533E-03   0.205866798E-03   0.205299837E-03
   0.204480098E-03   0.203400363E-03   0.202053786E-03   0.200435550E-03
   0.198541409E-03   0.196366717E-03   0.193904975E-03   0.191149117E-03
   0.188092196E-03   0.184728139E-03   0.181051076E-03   0.177055078E-03
   0.172734074E-03   0.168081923E-03   0.163092264E-03   0.157757930E-03
   0.152071473E-03   0.146025614E-03   0.139614080E-03   0.132830847E-03
   0.125669439E-03   0.118121566E-03   0.110178357E-03   0.101831262E-03
   0.930735225E-04   0.838988313E-04   0.743003646E-04   0.642692056E-04
   0.537957833E-04   0.428706800E-04   0.314855925E-04   0.196324508E-04
   0.730285595E-05  -0.551272219E-05  -0.188242078E-04  -0.326416342E-04
  -0.469750460E-04  -0.618345894E-04  -0.772305858E-04  -0.931736651E-04
  -0.109674643E-03  -0.126744740E-03  -0.144396396E-03  -0.162642515E-03
  -0.181496036E-03  -0.200969393E-03  -0.221075015E-03  -0.241825964E-03
  -0.263237357E-03  -0.285325042E-03  -0.308104965E-03  -0.331592621E-03
  -0.355803565E-03  -0.380754169E-03  -0.406463420E-03  -0.432951239E-03
  -0.460238069E-03  -0.488345371E-03  -0.517295157E-03  -0.547110027E-03
  -0.577813735E-03  -0.609430657E-03  -0.641985992E-03  -0.675506951E-03
  -0.710021640E-03  -0.745559686E-03  -0.782155316E-03  -0.819844461E-03
  -0.858665621E-03  -0.898665560E-03  -0.939893938E-03  -0.982400823E-03
  -0.102623463E-02  -0.107144407E-02  -0.111807428E-02  -0.116615299E-02
  -0.121570360E-02  -0.126675768E-02  -0.131937954E-02  -0.137364296E-02
  -0.142964016E-02  -0.148753321E-02  -0.154750535E-02  -0.160974032E-02
  -0.167441012E-02  -0.174168664E-02  -0.181163742E-02  -0.188389507E-02
  -0.195797105E-02  -0.203362362E-02  -0.211165577E-02  -0.219315687E-02
  -0.227924510E-02  -0.237106741E-02  -0.246979956E-02
   0.000000000E+00   0.152058265E-06   0.609606413E-06   0.137470448E-05
   0.244941250E-05   0.383579049E-05   0.553589851E-05   0.755179657E-05
   0.988554471E-05   0.125392030E-04   0.155148314E-04   0.188144900E-04
   0.224402388E-04   0.263941378E-04   0.306782471E-04   0.352946267E-04
   0.402453367E-04   0.455324371E-04   0.511579878E-04   0.571240490E-04
   0.634326807E-04   0.700859429E-04   0.770858956E-04   0.844424097E-04
   0.921639827E-04   0.100253157E-03   0.108711210E-03   0.117538782E-03
   0.126738128E-03   0.136319747E-03   0.146297338E-03   0.156683433E-03
   0.167481261E-03   0.178691109E-03   0.190314386E-03   0.202359197E-03
   0.214835879E-03   0.227754685E-03   0.241123525E-03   0.254949809E-03
   0.269241183E-03   0.284005805E-03   0.299252119E-03   0.314988795E-03
   0.331224792E-03   0.347969309E-03   0.365231736E-03   0.383021579E-03
   0.401348528E-03   0.420222667E-03   0.439655081E-03   0.459657334E-03
   0.480240971E-03   0.501416505E-03   0.523194291E-03   0.545585199E-03
   0.568601753E-03   0.592257136E-03   0.616564823E-03   0.641538526E-03
   0.667192244E-03   0.693540099E-03   0.720595792E-03   0.748373087E-03
   0.776886455E-03   0.806152552E-03   0.836188908E-03   0.867013105E-03
   0.898641679E-03   0.931091104E-03   0.964378520E-03   0.998522917E-03
   0.103354407E-02   0.106946203E-02   0.110629674E-02   0.114406838E-02
   0.118279775E-02   0.122250701E-02   0.126321899E-02   0.130495694E-02
   0.134774427E-02   0.139160475E-02   0.143656288E-02   0.148264461E-02
   0.152987667E-02   0.157828636E-02   0.162790179E-02   0.167875166E-02
   0.173086532E-02   0.178427322E-02   0.183900651E-02   0.189509710E-02
   0.195257834E-02   0.201148437E-02   0.207185013E-02   0.213371181E-02
   0.219710643E-02   0.226207194E-02   0.232864806E-02   0.239687549E-02
   0.246679589E-02   0.253845249E-02   0.261188953E-02   0.268715241E-02
   0.276428904E-02   0.284334860E-02   0.292438126E-02   0.300743837E-02
   0.309257230E-02   0.317983714E-02   0.326929136E-02   0.336099534E-02
   0.345501050E-02   0.355139903E-02   0.365022416E-02   0.375155115E-02
   0.385545040E-02   0.396199455E-02   0.407125766E-02   0.418331570E-02
   0.429824608E-02   0.441612762E-02   0.453704070E-02   0.466106712E-02
   0.478829102E-02   0.491880216E-02   0.505269281E-02   0.519005491E-02
   0.533097425E-02   0.547553591E-02   0.562382495E-02   0.577592278E-02
   0.593191058E-02   0.609185802E-02   0.625578530E-02   0.642369902E-02
   0.659558999E-02   0.677138862E-02   0.695100714E-02   0.713437991E-02
   0.732154290E-02   0.751255833E-02   0.770749038E-02   0.790640942E-02
   0.810938799E-02   0.831651682E-02   0.852795777E-02   0.874389350E-02
   0.896451041E-02   0.918999861E-02   0.942055193E-02
   0.000000000E+00   0.178811045E-06   0.717292836E-06   0.161851835E-05
   0.288556058E-05   0.452149249E-05   0.652938707E-05   0.891231731E-05
   0.116733562E-04   0.148155767E-04   0.183420517E-04   0.222558544E-04
   0.265600576E-04   0.312577343E-04   0.363519576E-04   0.418458004E-04
   0.477423356E-04   0.540446364E-04   0.607557755E-04   0.678788261E-04
   0.754168611E-04   0.833729535E-04   0.917501763E-04   0.100560627E-03
   0.109814355E-03   0.119518726E-03   0.129679213E-03   0.140300728E-03
   0.151389105E-03   0.162954295E-03   0.175007937E-03   0.187561602E-03
   0.200624046E-03   0.214203361E-03   0.228307954E-03   0.242947172E-03
   0.258130805E-03   0.273869094E-03   0.290173347E-03   0.307055440E-03
   0.324527385E-03   0.342600525E-03   0.361286202E-03   0.380596199E-03
   0.400543383E-03   0.421141162E-03   0.442403084E-03   0.464342158E-03
   0.486971428E-03   0.510304171E-03   0.534353891E-03   0.559134323E-03
   0.584659633E-03   0.610945021E-03   0.638006201E-03   0.665859022E-03
   0.694518887E-03   0.724001258E-03   0.754322245E-03   0.785499856E-03
   0.817552894E-03   0.850500307E-03   0.884360356E-03   0.919151354E-03
   0.954892105E-03   0.991602506E-03   0.102930301E-02   0.106801447E-02
   0.110775814E-02   0.114855567E-02   0.119042918E-02   0.123340141E-02
   0.127749561E-02   0.132273555E-02   0.136914608E-02   0.141675263E-02
   0.146558105E-02   0.151565729E-02   0.156700766E-02   0.161965923E-02
   0.167364078E-02   0.172898189E-02   0.178571262E-02   0.184386326E-02
   0.190346452E-02   0.196454794E-02   0.202714685E-02   0.209129549E-02
   0.215702886E-02   0.222438330E-02   0.229339599E-02   0.236410469E-02
   0.243654768E-02   0.251076384E-02   0.258679349E-02   0.266468096E-02
   0.274447217E-02   0.282621358E-02   0.290995099E-02   0.299573061E-02
   0.308360052E-02   0.317361409E-02   0.326582680E-02   0.336029508E-02
   0.345707616E-02   0.355622819E-02   0.365781129E-02   0.376189035E-02
   0.386853242E-02   0.397780652E-02   0.408978609E-02   0.420454668E-02
   0.432216616E-02   0.444272737E-02   0.456631560E-02   0.469301889E-02
   0.482293162E-02   0.495615112E-02   0.509277776E-02   0.523291868E-02
   0.537668428E-02   0.552418833E-02   0.567555213E-02   0.583090057E-02
   0.599036512E-02   0.615409665E-02   0.632225331E-02   0.649499502E-02
   0.667247922E-02   0.685486491E-02   0.704231016E-02   0.723496068E-02
   0.743296065E-02   0.763644379E-02   0.784549458E-02   0.806018497E-02
   0.828058061E-02   0.850672202E-02   0.873864244E-02   0.897639347E-02
   0.922010484E-02   0.946992773E-02   0.972597163E-02   0.998817015E-02
   0.102564084E-01   0.105309014E-01   0.108132181E-01   0.111053083E-01
   0.114091721E-01   0.117268596E-01   0.120604714E-01
  -0.000000000E+00  -0.366072749E-07  -0.146820233E-06  -0.331225573E-06
  -0.590409995E-06  -0.924960198E-06  -0.133546288E-05  -0.182250475E-05
  -0.238667249E-05  -0.302855281E-05  -0.374873241E-05  -0.454779799E-05
  -0.542633625E-05  -0.638493388E-05  -0.742417759E-05  -0.854465407E-05
  -0.974695003E-05  -0.110316522E-04  -0.123993472E-04  -0.138506218E-04
  -0.153860626E-04  -0.170062564E-04  -0.187117899E-04  -0.205069460E-04
  -0.223956164E-04  -0.243935432E-04  -0.265001798E-04  -0.287095888E-04
  -0.310163159E-04  -0.334211886E-04  -0.359269046E-04  -0.385369676E-04
  -0.412575630E-04  -0.440960906E-04  -0.470586242E-04  -0.501434316E-04
  -0.533461583E-04  -0.566641021E-04  -0.601038965E-04  -0.636752479E-04
  -0.673866897E-04  -0.712392296E-04  -0.752316108E-04  -0.793634528E-04
  -0.836392499E-04  -0.880650149E-04  -0.926466383E-04  -0.973884791E-04
  -0.102294562E-03  -0.107368801E-03  -0.112614374E-03  -0.118034257E-03
  -0.123632168E-03  -0.129414916E-03  -0.135390366E-03  -0.141565728E-03
  -0.147944424E-03  -0.154528820E-03  -0.161322256E-03  -0.168332393E-03
  -0.175568269E-03  -0.183038420E-03  -0.190748239E-03  -0.198702313E-03
  -0.206905886E-03  -0.215366869E-03  -0.224094050E-03  -0.233096246E-03
  -0.242381598E-03  -0.251958203E-03  -0.261834264E-03  -0.272017879E-03
  -0.282517232E-03  -0.293341128E-03  -0.304500462E-03  -0.316006893E-03
  -0.327871890E-03  -0.340105192E-03  -0.352716204E-03  -0.365715100E-03
  -0.379114753E-03  -0.392928979E-03  -0.407171531E-03  -0.421854866E-03
  -0.436991273E-03  -0.452593715E-03  -0.468677228E-03  -0.485257641E-03
  -0.502351098E-03  -0.519973960E-03  -0.538142897E-03  -0.556874954E-03
  -0.576187661E-03  -0.596098933E-03  -0.616627475E-03  -0.637794160E-03
  -0.659620754E-03  -0.682129286E-03  -0.705341420E-03  -0.729279035E-03
  -0.753965020E-03  -0.779425124E-03  -0.805686239E-03  -0.832775796E-03
  -0.860721720E-03  -0.889552468E-03  -0.919297516E-03  -0.949988768E-03
  -0.981659240E-03  -0.101434291E-02  -0.104807571E-02  -0.108289456E-02
  -0.111883768E-02  -0.115594624E-02  -0.119426277E-02  -0.123383116E-02
  -0.127469818E-02  -0.131691204E-02  -0.136052261E-02  -0.140558364E-02
  -0.145215065E-02  -0.150028123E-02  -0.155003792E-02  -0.160148551E-02
  -0.165469088E-02  -0.170972555E-02  -0.176666326E-02  -0.182558177E-02
  -0.188657053E-02  -0.194972344E-02  -0.201513803E-02  -0.208292070E-02
  -0.215318180E-02  -0.222603186E-02  -0.230157538E-02  -0.237991676E-02
  -0.246117769E-02  -0.254554461E-02  -0.263322378E-02  -0.272442497E-02
  -0.281935820E-02  -0.291823681E-02  -0.302128536E-02  -0.312876026E-02
  -0.324093022E-02  -0.335808078E-02  -0.348054895E-02  -0.360869031E-02
  -0.374286789E-02  -0.388345214E-02  -0.403082097E-02
   0.000000000E+00   0.460253882E-07   0.184898466E-06   0.417814601E-06
   0.745969164E-06   0.117055752E-05   0.169277505E-05   0.231381711E-05
   0.303487907E-05   0.385715631E-05   0.478184418E-05   0.581013807E-05
   0.694323334E-05   0.818232535E-05   0.952860949E-05   0.109832811E-04
   0.125475356E-04   0.142225683E-04   0.160095746E-04   0.179097499E-04
   0.199242894E-04   0.220543887E-04   0.243012431E-04   0.266753866E-04
   0.291865565E-04   0.318234674E-04   0.345798229E-04   0.374500174E-04
   0.404320766E-04   0.435426429E-04   0.468055732E-04   0.502398945E-04
   0.538343592E-04   0.575673473E-04   0.614224333E-04   0.654151126E-04
   0.695714204E-04   0.739132485E-04   0.784361275E-04   0.831273371E-04
   0.879768320E-04   0.929912926E-04   0.981824890E-04   0.103561708E-03
   0.109135289E-03   0.114908367E-03   0.120885209E-03   0.127066007E-03
   0.133449600E-03   0.140036979E-03   0.146839333E-03   0.153871144E-03
   0.161144401E-03   0.168658018E-03   0.176406996E-03   0.184389204E-03
   0.192616571E-03   0.201105319E-03   0.209869491E-03   0.218911415E-03
   0.228230091E-03   0.237826272E-03   0.247709201E-03   0.257890652E-03
   0.268381863E-03   0.279190447E-03   0.290323144E-03   0.301786711E-03
   0.313587732E-03   0.325732792E-03   0.338229596E-03   0.351090285E-03
   0.364328459E-03   0.377956530E-03   0.391980723E-03   0.406405591E-03
   0.421237472E-03   0.436490367E-03   0.452180608E-03   0.468323377E-03
   0.484927615E-03   0.502000658E-03   0.519551235E-03   0.537593817E-03
   0.556144645E-03   0.575219527E-03   0.594831235E-03   0.614991889E-03
   0.635714340E-03   0.657013927E-03   0.678906862E-03   0.701409713E-03
   0.724539503E-03   0.748313618E-03   0.772749580E-03   0.797864453E-03
   0.823675389E-03   0.850200613E-03   0.877461845E-03   0.905482057E-03
   0.934283995E-03   0.963888029E-03   0.994314154E-03   0.102558375E-02
   0.105772293E-02   0.109075943E-02   0.112472113E-02   0.115963482E-02
   0.119552738E-02   0.123242695E-02   0.127036537E-02   0.130937591E-02
   0.134949244E-02   0.139074927E-02   0.143318129E-02   0.147682432E-02
   0.152171598E-02   0.156789485E-02   0.161540149E-02   0.166428227E-02
   0.171458574E-02   0.176636213E-02   0.181966564E-02   0.187455228E-02
   0.193107998E-02   0.198931118E-02   0.204931041E-02   0.211114123E-02
   0.217485949E-02   0.224051972E-02   0.230817600E-02   0.237787816E-02
   0.244967537E-02   0.252362762E-02   0.259983700E-02   0.267841807E-02
   0.275948989E-02   0.284318215E-02   0.292962932E-02   0.301893790E-02
   0.311109223E-02   0.320604378E-02   0.330374833E-02   0.340418679E-02
   0.350734540E-02   0.361331692E-02   0.372263002E-02   0.383593624E-02
   0.395390358E-02   0.407721655E-02   0.420657614E-02
  -0.000000000E+00  -0.297765044E-05  -0.595287505E-05  -0.892383289E-05
  -0.118876803E-04  -0.148405710E-04  -0.177776557E-04  -0.206949610E-04
  -0.235971694E-04  -0.264957420E-04  -0.294039457E-04  -0.323230560E-04
  -0.352481666E-04  -0.381716581E-04  -0.410852399E-04  -0.439788640E-04
  -0.468439333E-04  -0.496862011E-04  -0.525179395E-04  -0.553507716E-04
  -0.581821837E-04  -0.610044479E-04  -0.638095317E-04  -0.665937452E-04
  -0.693544757E-04  -0.720899656E-04  -0.748027484E-04  -0.774971232E-04
  -0.801760574E-04  -0.828341358E-04  -0.854629249E-04  -0.880552562E-04
  -0.906126858E-04  -0.931396598E-04  -0.956394971E-04  -0.981083250E-04
  -0.100539931E-03  -0.102928432E-03  -0.105271186E-03  -0.107566419E-03
  -0.109812525E-03  -0.112008566E-03  -0.114153858E-03  -0.116246958E-03
  -0.118282906E-03  -0.120255540E-03  -0.122159360E-03  -0.123992835E-03
  -0.125755596E-03  -0.127446424E-03  -0.129060034E-03  -0.130589838E-03
  -0.132029677E-03  -0.133376230E-03  -0.134626928E-03  -0.135778792E-03
  -0.136827078E-03  -0.137766458E-03  -0.138591519E-03  -0.139297015E-03
  -0.139877642E-03  -0.140328084E-03  -0.140643388E-03  -0.140818628E-03
  -0.140848413E-03  -0.140725692E-03  -0.140442818E-03  -0.139992366E-03
  -0.139368542E-03  -0.138565922E-03  -0.137578546E-03  -0.136398460E-03
  -0.135017028E-03  -0.133425685E-03  -0.131616871E-03  -0.129583188E-03
  -0.127316866E-03  -0.124809014E-03  -0.122050297E-03  -0.119031275E-03
  -0.115742705E-03  -0.112175264E-03  -0.108319329E-03  -0.104164581E-03
  -0.997003678E-04  -0.949158714E-04  -0.898002622E-04  -0.843425594E-04
  -0.785315382E-04  -0.723555924E-04  -0.658028610E-04  -0.588611778E-04
  -0.515177831E-04  -0.437595893E-04  -0.355733849E-04  -0.269461795E-04
  -0.178648846E-04  -0.831602060E-05   0.171485037E-05   0.122425991E-04
   0.232821280E-04   0.348476892E-04   0.469535176E-04   0.596142619E-04
   0.728456429E-04   0.866638406E-04   0.101084931E-03   0.116123796E-03
   0.131795139E-03   0.148114195E-03   0.165097826E-03   0.182763498E-03
   0.201128162E-03   0.220205925E-03   0.240010231E-03   0.260554708E-03
   0.281853467E-03   0.303920818E-03   0.326770415E-03   0.350412913E-03
   0.374858162E-03   0.400115901E-03   0.426195549E-03   0.453106398E-03
   0.480857462E-03   0.509456822E-03   0.538912245E-03   0.569224447E-03
   0.600365829E-03   0.632300540E-03   0.664999486E-03   0.698465356E-03
   0.732708977E-03   0.767732857E-03   0.803505429E-03   0.839985409E-03
   0.877132415E-03   0.914914064E-03   0.953299249E-03   0.992283694E-03
   0.103197510E-02   0.107251242E-02   0.111392370E-02   0.115577550E-02
   0.119750576E-02   0.123859810E-02   0.127876923E-02   0.131779089E-02
   0.135542936E-02   0.139144550E-02   0.142559472E-02
  -0.000000000E+00  -0.322376763E-05  -0.644243682E-05  -0.964776097E-05
  -0.128368903E-04  -0.160123719E-04  -0.191821497E-04  -0.223565738E-04
  -0.255360102E-04  -0.287138322E-04  -0.318800070E-04  -0.350266113E-04
  -0.381455086E-04  -0.412302317E-04  -0.442869837E-04  -0.473287866E-04
  -0.503687393E-04  -0.534054348E-04  -0.564318142E-04  -0.594392487E-04
  -0.624190329E-04  -0.653613970E-04  -0.682586219E-04  -0.711168323E-04
  -0.739477092E-04  -0.767602054E-04  -0.795436194E-04  -0.822800348E-04
  -0.849537811E-04  -0.875671081E-04  -0.901282594E-04  -0.926437921E-04
  -0.951079838E-04  -0.975111182E-04  -0.998437660E-04  -0.102100798E-03
  -0.104278173E-03  -0.106372137E-03  -0.108380380E-03  -0.110301092E-03
  -0.112131198E-03  -0.113861815E-03  -0.115482010E-03  -0.116981819E-03
  -0.118357539E-03  -0.119607281E-03  -0.120727800E-03  -0.121709442E-03
  -0.122540439E-03  -0.123209650E-03  -0.123710462E-03  -0.124037447E-03
  -0.124184333E-03  -0.124141338E-03  -0.123897477E-03  -0.123441647E-03
  -0.122763455E-03  -0.121852493E-03  -0.120698095E-03  -0.119289370E-03
  -0.117615172E-03  -0.115663687E-03  -0.113421157E-03  -0.110873012E-03
  -0.108004594E-03  -0.104802231E-03  -0.101252288E-03  -0.973404743E-04
  -0.930507509E-04  -0.883663107E-04  -0.832698697E-04  -0.777435003E-04
  -0.717687810E-04  -0.653267495E-04  -0.583975956E-04  -0.509609385E-04
  -0.429958355E-04  -0.344805097E-04  -0.253925971E-04  -0.157090333E-04
  -0.540543965E-05   0.554331766E-05   0.171631223E-04   0.294811886E-04
   0.425255309E-04   0.563249781E-04   0.709097853E-04   0.863110730E-04
   0.102560832E-03   0.119692528E-03   0.137740547E-03   0.156740392E-03
   0.176729882E-03   0.197748049E-03   0.219834992E-03   0.243032611E-03
   0.267383929E-03   0.292933344E-03   0.319728120E-03   0.347817009E-03
   0.377250228E-03   0.408080866E-03   0.440363581E-03   0.474154695E-03
   0.509513867E-03   0.546502536E-03   0.585184292E-03   0.625627652E-03
   0.667903473E-03   0.712084764E-03   0.758248855E-03   0.806475374E-03
   0.856846680E-03   0.909451315E-03   0.964380778E-03   0.102172937E-02
   0.108159711E-02   0.114408703E-02   0.120930660E-02   0.127737510E-02
   0.134841673E-02   0.142256033E-02   0.149994592E-02   0.158071853E-02
   0.166502700E-02   0.175302641E-02   0.184487576E-02   0.194073903E-02
   0.204079086E-02   0.214521122E-02   0.225417861E-02   0.236785499E-02
   0.248640007E-02   0.260998267E-02   0.273880087E-02   0.287306299E-02
   0.301298354E-02   0.315879078E-02   0.331071957E-02   0.346900055E-02
   0.363383441E-02   0.380541628E-02   0.398397685E-02   0.416988268E-02
   0.436354099E-02   0.456550524E-02   0.477689663E-02   0.499900352E-02
   0.523314542E-02   0.548067290E-02   0.574296769E-02
   0.000000000E+00   0.991569687E-06   0.198208876E-05   0.297065284E-05
   0.395610685E-05   0.493704499E-05   0.591181072E-05   0.687866867E-05
   0.783651671E-05   0.878471406E-05   0.972282657E-05   0.106501253E-04
   0.115657975E-04   0.124691868E-04   0.133602782E-04   0.142394401E-04
   0.151068155E-04   0.159605889E-04   0.167980386E-04   0.176164778E-04
   0.184149927E-04   0.191932930E-04   0.199511076E-04   0.206876831E-04
   0.214021364E-04   0.220934508E-04   0.227600127E-04   0.233999523E-04
   0.240116480E-04   0.245949632E-04   0.251503050E-04   0.256778435E-04
   0.261761054E-04   0.266430736E-04   0.270769542E-04   0.274773493E-04
   0.278443186E-04   0.281778194E-04   0.284770023E-04   0.287407852E-04
   0.289681766E-04   0.291586473E-04   0.293118224E-04   0.294272190E-04
   0.295037613E-04   0.295401875E-04   0.295353508E-04   0.294887142E-04
   0.293999301E-04   0.292687367E-04   0.290951002E-04   0.288790925E-04
   0.286206431E-04   0.283188909E-04   0.279727454E-04   0.275813478E-04
   0.271449020E-04   0.266639489E-04   0.261389034E-04   0.255693967E-04
   0.249548542E-04   0.242948496E-04   0.235895797E-04   0.228394447E-04
   0.220448369E-04   0.212059417E-04   0.203229150E-04   0.193959528E-04
   0.184253149E-04   0.174113036E-04   0.163543923E-04   0.152556483E-04
   0.141163526E-04   0.129376660E-04   0.117200015E-04   0.104635907E-04
   0.916889388E-05   0.783726163E-05   0.647033462E-05   0.506976922E-05
   0.363703015E-05   0.217357915E-05   0.681006518E-06  -0.838763531E-06
  -0.238366047E-05  -0.395156434E-05  -0.554040542E-05  -0.714807291E-05
  -0.877225872E-05  -0.104100718E-04  -0.120583928E-04  -0.137140016E-04
  -0.153735970E-04  -0.170337784E-04  -0.186910104E-04  -0.203415287E-04
  -0.219814270E-04  -0.236064967E-04  -0.252116433E-04  -0.267914275E-04
  -0.283403970E-04  -0.298535388E-04  -0.313258594E-04  -0.327518437E-04
  -0.341242323E-04  -0.354351595E-04  -0.366767473E-04  -0.378417351E-04
  -0.389228928E-04  -0.399123185E-04  -0.407998989E-04  -0.415747478E-04
  -0.422258438E-04  -0.427424783E-04  -0.431138363E-04  -0.433284161E-04
  -0.433726894E-04  -0.432323579E-04  -0.428925388E-04  -0.423370180E-04
  -0.415489520E-04  -0.405107129E-04  -0.392026822E-04  -0.376043859E-04
  -0.356940020E-04  -0.334456655E-04  -0.308320074E-04  -0.278254933E-04
  -0.243998720E-04  -0.205288086E-04  -0.161827527E-04  -0.113207740E-04
  -0.589827541E-05   0.127195167E-06   0.678619383E-05   0.141066046E-04
   0.221337259E-04   0.309821113E-04   0.407864706E-04   0.516532703E-04
   0.635638092E-04   0.764661254E-04   0.903185507E-04   0.105127333E-03
   0.120910919E-03   0.137762570E-03   0.156078728E-03   0.176341987E-03
   0.199047380E-03   0.224702374E-03   0.253826875E-03
  -0.000000000E+00  -0.111241634E-05  -0.222359412E-05  -0.333291407E-05
  -0.443869527E-05  -0.553819504E-05  -0.662760902E-05  -0.770294406E-05
  -0.876363455E-05  -0.981166954E-05  -0.108498021E-04  -0.118771139E-04
  -0.128908831E-04  -0.138879481E-04  -0.148662641E-04  -0.158240752E-04
  -0.167597678E-04  -0.176726324E-04  -0.185624010E-04  -0.194285277E-04
  -0.202683780E-04  -0.210784271E-04  -0.218553592E-04  -0.225981755E-04
  -0.233067131E-04  -0.239807064E-04  -0.246185619E-04  -0.252182585E-04
  -0.257776650E-04  -0.262944663E-04  -0.267662198E-04  -0.271907965E-04
  -0.275677530E-04  -0.278972582E-04  -0.281788865E-04  -0.284089848E-04
  -0.285827789E-04  -0.286960993E-04  -0.287484701E-04  -0.287405913E-04
  -0.286726304E-04  -0.285416621E-04  -0.283437884E-04  -0.280755248E-04
  -0.277357946E-04  -0.273242548E-04  -0.268402420E-04  -0.262813214E-04
  -0.256445194E-04  -0.249267474E-04  -0.241247590E-04  -0.232351869E-04
  -0.222550906E-04  -0.211836443E-04  -0.200206754E-04  -0.187653303E-04
  -0.174134965E-04  -0.159600527E-04  -0.144004865E-04  -0.127334921E-04
  -0.109586870E-04  -0.907508464E-05  -0.707881784E-05  -0.496515325E-05
  -0.272962097E-05  -0.369345404E-06   0.211813925E-05   0.473541515E-05
   0.748553499E-05   0.103717051E-04   0.133974151E-04   0.165671847E-04
   0.198858920E-04   0.233581330E-04   0.269869517E-04   0.307749870E-04
   0.347254784E-04   0.388441595E-04   0.431375413E-04   0.476117348E-04
   0.522706397E-04   0.571175931E-04   0.621565727E-04   0.673941603E-04
   0.728377485E-04   0.784945002E-04   0.843700423E-04   0.904696627E-04
   0.967991569E-04   0.103366172E-03   0.110178970E-03   0.117245905E-03
   0.124575101E-03   0.132174751E-03   0.140053311E-03   0.148219813E-03
   0.156683579E-03   0.165454540E-03   0.174544528E-03   0.183966079E-03
   0.193731705E-03   0.203852920E-03   0.214341145E-03   0.225208856E-03
   0.236472158E-03   0.248148391E-03   0.260254965E-03   0.272808311E-03
   0.285824859E-03   0.299322359E-03   0.313322905E-03   0.327850109E-03
   0.342928285E-03   0.358582917E-03   0.374840220E-03   0.391727421E-03
   0.409274079E-03   0.427510844E-03   0.446469863E-03   0.466187279E-03
   0.486700884E-03   0.508050668E-03   0.530282986E-03   0.553446642E-03
   0.577594091E-03   0.602789241E-03   0.629100105E-03   0.656594437E-03
   0.685334028E-03   0.715380088E-03   0.746792569E-03   0.779622480E-03
   0.813919145E-03   0.849738038E-03   0.887157186E-03   0.926261653E-03
   0.967160081E-03   0.101005146E-02   0.105516188E-02   0.110271040E-02
   0.115287031E-02   0.120580589E-02   0.126155791E-02   0.131965578E-02
   0.137948580E-02   0.144080526E-02   0.150493115E-02   0.157361049E-02
   0.164863668E-02   0.173184948E-02   0.182513502E-02
  -0.000000000E+00  -0.309171427E-07  -0.124222617E-06  -0.280747492E-06
  -0.501322838E-06  -0.786779722E-06  -0.113794922E-05  -0.155566239E-05
  -0.204075031E-05  -0.259404404E-05  -0.321637466E-05  -0.390857324E-05
  -0.467147084E-05  -0.550589854E-05  -0.641268740E-05  -0.739266849E-05
  -0.844667288E-05  -0.957553165E-05  -0.107800758E-04  -0.120611366E-04
  -0.134195449E-04  -0.148561318E-04  -0.163717285E-04  -0.179670206E-04
  -0.196421399E-04  -0.213947083E-04  -0.232292699E-04  -0.251529391E-04
  -0.271720515E-04  -0.292865469E-04  -0.314942436E-04  -0.337936692E-04
  -0.361881182E-04  -0.386824784E-04  -0.412814997E-04  -0.439879614E-04
  -0.468041384E-04  -0.497320045E-04  -0.527721715E-04  -0.559247539E-04
  -0.591905239E-04  -0.625736073E-04  -0.660792509E-04  -0.697125063E-04
  -0.734765871E-04  -0.773742476E-04  -0.814084616E-04  -0.855830129E-04
  -0.899019938E-04  -0.943692908E-04  -0.989875249E-04  -0.103758961E-03
  -0.108686243E-03  -0.113773697E-03  -0.119026203E-03  -0.124448599E-03
  -0.130045059E-03  -0.135819636E-03  -0.141776417E-03  -0.147919405E-03
  -0.154252622E-03  -0.160780508E-03  -0.167509058E-03  -0.174444813E-03
  -0.181594041E-03  -0.188961257E-03  -0.196550541E-03  -0.204366462E-03
  -0.212415542E-03  -0.220704951E-03  -0.229241748E-03  -0.238031963E-03
  -0.247081423E-03  -0.256396400E-03  -0.265984722E-03  -0.275854770E-03
  -0.286014837E-03  -0.296472228E-03  -0.307234078E-03  -0.318307944E-03
  -0.329702752E-03  -0.341427936E-03  -0.353493153E-03  -0.365908342E-03
  -0.378683673E-03  -0.391829521E-03  -0.405356466E-03  -0.419275297E-03
  -0.433597290E-03  -0.448335067E-03  -0.463501811E-03  -0.479110919E-03
  -0.495175788E-03  -0.511710011E-03  -0.528727918E-03  -0.546246005E-03
  -0.564281608E-03  -0.582852308E-03  -0.601975473E-03  -0.621668680E-03
  -0.641950517E-03  -0.662842616E-03  -0.684367764E-03  -0.706549230E-03
  -0.729410680E-03  -0.752976255E-03  -0.777271359E-03  -0.802325010E-03
  -0.828167648E-03  -0.854830640E-03  -0.882347062E-03  -0.910750971E-03
  -0.940078252E-03  -0.970370001E-03  -0.100166936E-02  -0.103402075E-02
  -0.106747082E-02  -0.110206756E-02  -0.113786147E-02  -0.117491009E-02
  -0.121327378E-02  -0.125301532E-02  -0.129420335E-02  -0.133690916E-02
  -0.138120809E-02  -0.142718715E-02  -0.147493787E-02  -0.152455541E-02
  -0.157614372E-02  -0.162981068E-02  -0.168566343E-02  -0.174379895E-02
  -0.180431290E-02  -0.186730366E-02  -0.193287489E-02  -0.200113310E-02
  -0.207218260E-02  -0.214611295E-02  -0.222301088E-02  -0.230299774E-02
  -0.238633160E-02  -0.247331044E-02  -0.256418615E-02  -0.265900220E-02
  -0.275774776E-02  -0.286058551E-02  -0.296838794E-02  -0.308222770E-02
  -0.320320450E-02  -0.333244513E-02  -0.347110339E-02
  -0.000000000E+00  -0.354560219E-07  -0.142341362E-06  -0.321431933E-06
  -0.573503646E-06  -0.899332413E-06  -0.129969415E-05  -0.177536476E-05
  -0.232712016E-05  -0.295573626E-05  -0.366198898E-05  -0.444665423E-05
  -0.531050791E-05  -0.625432594E-05  -0.727888423E-05  -0.838495870E-05
  -0.957332525E-05  -0.108447598E-04  -0.122000383E-04  -0.136399365E-04
  -0.151652306E-04  -0.167766962E-04  -0.184751094E-04  -0.202646312E-04
  -0.221489052E-04  -0.241344820E-04  -0.262217563E-04  -0.284090499E-04
  -0.306951474E-04  -0.330825704E-04  -0.355750862E-04  -0.381765326E-04
  -0.408900025E-04  -0.437184817E-04  -0.466646914E-04  -0.497298217E-04
  -0.529145449E-04  -0.562202156E-04  -0.596515465E-04  -0.632144273E-04
  -0.669142037E-04  -0.707526866E-04  -0.747306289E-04  -0.788492276E-04
  -0.831120807E-04  -0.875235449E-04  -0.920877997E-04  -0.968077394E-04
  -0.101685914E-03  -0.106725026E-03  -0.111928436E-03  -0.117299731E-03
  -0.122842601E-03  -0.128560958E-03  -0.134458831E-03  -0.140540115E-03
  -0.146807860E-03  -0.153264890E-03  -0.159914408E-03  -0.166761238E-03
  -0.173810736E-03  -0.181067991E-03  -0.188536515E-03  -0.196219407E-03
  -0.204120050E-03  -0.212243056E-03  -0.220593428E-03  -0.229176085E-03
  -0.237995294E-03  -0.247055182E-03  -0.256360002E-03  -0.265914445E-03
  -0.275723361E-03  -0.285791623E-03  -0.296123986E-03  -0.306725214E-03
  -0.317600131E-03  -0.328753655E-03  -0.340190764E-03  -0.351916598E-03
  -0.363936771E-03  -0.376257086E-03  -0.388883236E-03  -0.401820190E-03
  -0.415072753E-03  -0.428645991E-03  -0.442545929E-03  -0.456778915E-03
  -0.471351315E-03  -0.486269308E-03  -0.501539078E-03  -0.517166798E-03
  -0.533158370E-03  -0.549519661E-03  -0.566256913E-03  -0.583377712E-03
  -0.600890091E-03  -0.618801908E-03  -0.637119904E-03  -0.655850578E-03
  -0.675000894E-03  -0.694579532E-03  -0.714595729E-03  -0.735058688E-03
  -0.755977007E-03  -0.777359210E-03  -0.799214195E-03  -0.821552042E-03
  -0.844383259E-03  -0.867718651E-03  -0.891569707E-03  -0.915948241E-03
  -0.940866364E-03  -0.966336796E-03  -0.992372577E-03  -0.101898741E-02
  -0.104619699E-02  -0.107401778E-02  -0.110246665E-02  -0.113156119E-02
  -0.116131944E-02  -0.119176007E-02  -0.122290330E-02  -0.125477004E-02
  -0.128738300E-02  -0.132077087E-02  -0.135496441E-02  -0.138999399E-02
  -0.142588655E-02  -0.146266852E-02  -0.150036913E-02  -0.153902770E-02
  -0.157868675E-02  -0.161938302E-02  -0.166112676E-02  -0.170392130E-02
  -0.174777003E-02  -0.179267741E-02  -0.183864802E-02  -0.188567674E-02
  -0.193371997E-02  -0.198272290E-02  -0.203263155E-02  -0.208340090E-02
  -0.213498715E-02  -0.218745546E-02  -0.224131732E-02  -0.229720995E-02
  -0.235578742E-02  -0.241772066E-02  -0.248369744E-02
   0.000000000E+00   0.127762546E-07   0.510152781E-07   0.114582460E-06
   0.203343190E-06   0.317162857E-06   0.455906851E-06   0.619440562E-06
   0.807629378E-06   0.102033869E-05   0.125743389E-05   0.151878036E-05
   0.180424349E-05   0.211368868E-05   0.244698131E-05   0.280398678E-05
   0.318457047E-05   0.358859776E-05   0.401593406E-05   0.446644475E-05
   0.493999522E-05   0.543645086E-05   0.595567706E-05   0.650497134E-05
   0.709172094E-05   0.772907383E-05   0.840924939E-05   0.911689254E-05
   0.983890990E-05   0.105802448E-04   0.113518744E-04   0.121636865E-04
   0.130157946E-04   0.139053311E-04   0.148293512E-04   0.157861612E-04
   0.167742563E-04   0.177931679E-04   0.188474339E-04   0.199433626E-04
   0.210857745E-04   0.222713119E-04   0.234939795E-04   0.247492252E-04
   0.260406142E-04   0.273742267E-04   0.287552120E-04   0.301831924E-04
   0.316561665E-04   0.331725699E-04   0.347334095E-04   0.363404319E-04
   0.379954446E-04   0.397002164E-04   0.414565631E-04   0.432659098E-04
   0.451278141E-04   0.470412547E-04   0.490058842E-04   0.510245401E-04
   0.531010377E-04   0.552384885E-04   0.574364596E-04   0.596934870E-04
   0.620087954E-04   0.643849252E-04   0.668253942E-04   0.693332711E-04
   0.719092661E-04   0.745534395E-04   0.772661341E-04   0.800490328E-04
   0.829042078E-04   0.858337536E-04   0.888396708E-04   0.919239711E-04
   0.950884910E-04   0.983342004E-04   0.101661829E-03   0.105072546E-03
   0.108569391E-03   0.112155970E-03   0.115835511E-03   0.119609322E-03
   0.123478202E-03   0.127443328E-03   0.131507526E-03   0.135674106E-03
   0.139946330E-03   0.144326984E-03   0.148818771E-03   0.153424423E-03
   0.158146639E-03   0.162988141E-03   0.167951880E-03   0.173041593E-03
   0.178261285E-03   0.183615017E-03   0.189106793E-03   0.194740661E-03
   0.200520762E-03   0.206451355E-03   0.212536794E-03   0.218781777E-03
   0.225192157E-03   0.231774188E-03   0.238534146E-03   0.245477955E-03
   0.252611533E-03   0.259941320E-03   0.267475520E-03   0.275222939E-03
   0.283192495E-03   0.291392928E-03   0.299833071E-03   0.308522476E-03
   0.317473040E-03   0.326697481E-03   0.336208947E-03   0.346021424E-03
   0.356149354E-03   0.366608251E-03   0.377416997E-03   0.388595685E-03
   0.400164903E-03   0.412145805E-03   0.424560045E-03   0.437430762E-03
   0.450785671E-03   0.464654145E-03   0.479065938E-03   0.494050310E-03
   0.509636853E-03   0.525855470E-03   0.542735437E-03   0.560306292E-03
   0.578595406E-03   0.597619647E-03   0.617393277E-03   0.637937311E-03
   0.659299922E-03   0.681537091E-03   0.704701832E-03   0.728831348E-03
   0.753959228E-03   0.780201160E-03   0.808004189E-03   0.837909843E-03
   0.870473674E-03   0.906265257E-03   0.945868195E-03
  -0.000000000E+00  -0.120503507E-07  -0.486403121E-07  -0.110428249E-06
  -0.198072525E-06  -0.312231505E-06  -0.453563552E-06  -0.622727032E-06
  -0.820380309E-06  -0.104718175E-05  -0.130378971E-05  -0.159086256E-05
  -0.190905867E-05  -0.225903639E-05  -0.264145410E-05  -0.305697015E-05
  -0.350624292E-05  -0.398993075E-05  -0.450869203E-05  -0.506318512E-05
  -0.565406837E-05  -0.628200015E-05  -0.694763883E-05  -0.765176284E-05
  -0.839471169E-05  -0.915120310E-05  -0.992175581E-05  -0.107151243E-04
  -0.115410733E-04  -0.124083989E-04  -0.133264340E-04  -0.143011641E-04
  -0.153207474E-04  -0.163668408E-04  -0.174257175E-04  -0.185107869E-04
  -0.196445785E-04  -0.208450157E-04  -0.221023379E-04  -0.233979115E-04
  -0.247166381E-04  -0.260649386E-04  -0.274558597E-04  -0.289007078E-04
  -0.303994021E-04  -0.319485721E-04  -0.335448335E-04  -0.351860228E-04
  -0.368701490E-04  -0.385966094E-04  -0.403712151E-04  -0.422018788E-04
  -0.440942169E-04  -0.460424837E-04  -0.480374212E-04  -0.500724707E-04
  -0.521546194E-04  -0.542949330E-04  -0.565019505E-04  -0.587713828E-04
  -0.610951682E-04  -0.634671954E-04  -0.658912942E-04  -0.683741652E-04
  -0.709213714E-04  -0.735325283E-04  -0.762055853E-04  -0.789387259E-04
  -0.817316462E-04  -0.845844116E-04  -0.874976865E-04  -0.904746899E-04
  -0.935194376E-04  -0.966347305E-04  -0.998177966E-04  -0.103064227E-03
  -0.106371102E-03  -0.109742465E-03  -0.113184361E-03  -0.116701329E-03
  -0.120290865E-03  -0.123948462E-03  -0.127670862E-03  -0.131460721E-03
  -0.135322349E-03  -0.139259181E-03  -0.143270505E-03  -0.147354463E-03
  -0.151509552E-03  -0.155736083E-03  -0.160034843E-03  -0.164406676E-03
  -0.168852646E-03  -0.173373885E-03  -0.177971069E-03  -0.182642915E-03
  -0.187387570E-03  -0.192203775E-03  -0.197093015E-03  -0.202057530E-03
  -0.207098842E-03  -0.212215312E-03  -0.217404410E-03  -0.222664120E-03
  -0.227994890E-03  -0.233397819E-03  -0.238873615E-03  -0.244421297E-03
  -0.250039403E-03  -0.255726590E-03  -0.261482189E-03  -0.267305685E-03
  -0.273196324E-03  -0.279152465E-03  -0.285172185E-03  -0.291253231E-03
  -0.297392216E-03  -0.303585369E-03  -0.309829330E-03  -0.316122776E-03
  -0.322464892E-03  -0.328854499E-03  -0.335288982E-03  -0.341765299E-03
  -0.348280474E-03  -0.354832052E-03  -0.361417669E-03  -0.368031891E-03
  -0.374656977E-03  -0.381271595E-03  -0.387854134E-03  -0.394383778E-03
  -0.400839494E-03  -0.407204589E-03  -0.413481716E-03  -0.419678682E-03
  -0.425797003E-03  -0.431811693E-03  -0.437690408E-03  -0.443385361E-03
  -0.448788673E-03  -0.453774714E-03  -0.458223076E-03  -0.462044821E-03
  -0.465157566E-03  -0.467496733E-03  -0.469075783E-03  -0.469928969E-03
  -0.470091898E-03  -0.469601525E-03  -0.468496157E-03
   0.000000000E+00   0.429000170E-06   0.856363755E-06   0.127848936E-05
   0.169514384E-05   0.210946227E-05   0.252794799E-05   0.295781046E-05
   0.339593646E-05   0.383155227E-05   0.425152932E-05   0.465332016E-05
   0.503951174E-05   0.541384449E-05   0.577666570E-05   0.612734791E-05
   0.646650708E-05   0.680004162E-05   0.713668014E-05   0.748290182E-05
   0.782901324E-05   0.815835915E-05   0.845618723E-05   0.872721769E-05
   0.898329712E-05   0.923488650E-05   0.947856681E-05   0.970622167E-05
   0.991027837E-05   0.100895523E-04   0.102448002E-04   0.103767758E-04
   0.104852776E-04   0.105698936E-04   0.106296681E-04   0.106611379E-04
   0.106599031E-04   0.106222770E-04   0.105487532E-04   0.104411792E-04
   0.103004807E-04   0.101226407E-04   0.990202939E-05   0.963357426E-05
   0.931587266E-05   0.894857913E-05   0.853086301E-05   0.805946991E-05
   0.753036811E-05   0.693964190E-05   0.628446912E-05   0.556228234E-05
   0.477040804E-05   0.390586342E-05   0.296553230E-05   0.194599579E-05
   0.842804700E-06  -0.348885435E-06  -0.163375644E-05  -0.301527634E-05
  -0.449662349E-05  -0.608138470E-05  -0.777472857E-05  -0.958236734E-05
  -0.115100123E-04  -0.135628045E-04  -0.157458218E-04  -0.180643959E-04
  -0.205245541E-04  -0.231326243E-04  -0.258950295E-04  -0.288180751E-04
  -0.319081404E-04  -0.351719321E-04  -0.386170683E-04  -0.422515512E-04
  -0.460835212E-04  -0.501210594E-04  -0.543723666E-04  -0.588459231E-04
  -0.635507917E-04  -0.684963418E-04  -0.736923239E-04  -0.791493956E-04
  -0.848786408E-04  -0.908912557E-04  -0.971980874E-04  -0.103810057E-03
  -0.110738743E-03  -0.117997742E-03  -0.125601419E-03  -0.133564218E-03
  -0.141899852E-03  -0.150622050E-03  -0.159745326E-03  -0.169286557E-03
  -0.179263527E-03  -0.189694222E-03  -0.200596236E-03  -0.211987321E-03
  -0.223886158E-03  -0.236314136E-03  -0.249293694E-03  -0.262847612E-03
  -0.276998519E-03  -0.291769349E-03  -0.307184147E-03  -0.323270082E-03
  -0.340055574E-03  -0.357569688E-03  -0.375842268E-03  -0.394903814E-03
  -0.414786021E-03  -0.435523566E-03  -0.457152435E-03  -0.479709519E-03
  -0.503233134E-03  -0.527762536E-03  -0.553338788E-03  -0.580007948E-03
  -0.607818075E-03  -0.636818441E-03  -0.667060218E-03  -0.698595829E-03
  -0.731479174E-03  -0.765766997E-03  -0.801517596E-03  -0.838789950E-03
  -0.877642386E-03  -0.918133838E-03  -0.960324089E-03  -0.100427322E-02
  -0.105004213E-02  -0.109769273E-02  -0.114728794E-02  -0.119889171E-02
  -0.125256224E-02  -0.130833141E-02  -0.136622427E-02  -0.142626768E-02
  -0.148849632E-02  -0.155294698E-02  -0.161968061E-02  -0.168885568E-02
  -0.176065851E-02  -0.183524791E-02  -0.191265809E-02  -0.199289089E-02
  -0.207594714E-02  -0.216182658E-02  -0.225052793E-02
   0.000000000E+00   0.459648876E-06   0.917378684E-06   0.136986683E-05
   0.181619677E-05   0.225785799E-05   0.269874602E-05   0.314366028E-05
   0.359208088E-05   0.403967075E-05   0.448007495E-05   0.490768061E-05
   0.531645484E-05   0.570229502E-05   0.607362666E-05   0.644576624E-05
   0.683247301E-05   0.722506159E-05   0.760508362E-05   0.795473662E-05
   0.827460908E-05   0.857194140E-05   0.885441902E-05   0.912490532E-05
   0.938514283E-05   0.963523654E-05   0.986721247E-05   0.100697517E-04
   0.102335594E-04   0.103631401E-04   0.104678384E-04   0.105550223E-04
   0.106187191E-04   0.106485041E-04   0.106350946E-04   0.105778902E-04
   0.104789405E-04   0.103398259E-04   0.101586812E-04   0.993262122E-05
   0.965827768E-05   0.933071140E-05   0.894431286E-05   0.849419813E-05
   0.797962854E-05   0.740114013E-05   0.675815962E-05   0.604468547E-05
   0.525295603E-05   0.437600905E-05   0.341166106E-05   0.235909284E-05
   0.121662435E-05  -0.214972069E-07  -0.136231629E-05  -0.281261020E-05
  -0.437706589E-05  -0.605987128E-05  -0.786556306E-05  -0.979993427E-05
  -0.118692364E-04  -0.140800139E-04  -0.164394595E-04  -0.189551002E-04
  -0.216343857E-04  -0.244837498E-04  -0.275094457E-04  -0.307182669E-04
  -0.341188856E-04  -0.377206548E-04  -0.415330435E-04  -0.455651732E-04
  -0.498262350E-04  -0.543257915E-04  -0.590742701E-04  -0.640825177E-04
  -0.693616380E-04  -0.749229636E-04  -0.807780807E-04  -0.869390274E-04
  -0.934188779E-04  -0.100231210E-03  -0.107389922E-03  -0.114909224E-03
  -0.122803647E-03  -0.131088366E-03  -0.139780192E-03  -0.148896667E-03
  -0.158455635E-03  -0.168474924E-03  -0.178972641E-03  -0.189967736E-03
  -0.201481436E-03  -0.213535927E-03  -0.226153903E-03  -0.239358598E-03
  -0.253173758E-03  -0.267624058E-03  -0.282736419E-03  -0.298538783E-03
  -0.315059950E-03  -0.332330317E-03  -0.350381190E-03  -0.369244990E-03
  -0.388956630E-03  -0.409552236E-03  -0.431069284E-03  -0.453548381E-03
  -0.477031605E-03  -0.501562394E-03  -0.527186955E-03  -0.553952950E-03
  -0.581910011E-03  -0.611112699E-03  -0.641617735E-03  -0.673483839E-03
  -0.706774151E-03  -0.741553958E-03  -0.777891474E-03  -0.815862595E-03
  -0.855546432E-03  -0.897025169E-03  -0.940388300E-03  -0.985728645E-03
  -0.103314195E-02  -0.108272982E-02  -0.113459696E-02  -0.118885436E-02
  -0.124563192E-02  -0.130506654E-02  -0.136729125E-02  -0.143241434E-02
  -0.150053910E-02  -0.157177372E-02  -0.164624113E-02  -0.172406974E-02
  -0.180539019E-02  -0.189033533E-02  -0.197904027E-02  -0.207163631E-02
  -0.216823227E-02  -0.226893219E-02  -0.237387100E-02  -0.248330512E-02
  -0.259752647E-02  -0.271695920E-02  -0.284254483E-02  -0.297537626E-02
  -0.311657347E-02  -0.326728351E-02  -0.342868053E-02
   0.000000000E+00   0.000000000E+00   0.000000000E+00   0.000000000E+00
   0.000000000E+00   0.000000000E+00   0.000000000E+00   0.000000000E+00
   0.000000000E+00   0.000000000E+00   0.000000000E+00   0.000000000E+00
   0.000000000E+00   0.000000000E+00   0.000000000E+00   0.000000000E+00
   0.000000000E+00   0.000000000E+00   0.000000000E+00   0.000000000E+00
   0.000000000E+00   0.000000000E+00   0.000000000E+00   0.000000000E+00
   0.000000000E+00   0.000000000E+00   0.000000000E+00   0.000000000E+00
   0.000000000E+00   0.000000000E+00   0.000000000E+00   0.000000000E+00
   0.000000000E+00   0.000000000E+00   0.000000000E+00   0.413410445E-09
   0.846719416E-08   0.284823245E-07   0.531483081E-07   0.683039855E-07
   0.571816251E-07   0.367476840E-08  -0.105281134E-06  -0.278126255E-06
  -0.517803058E-06  -0.821503053E-06  -0.118094461E-05  -0.158309277E-05
  -0.201123207E-05  -0.244630327E-05  -0.286841499E-05  -0.325844118E-05
  -0.359961548E-05  -0.387903328E-05  -0.408897257E-05  -0.422794450E-05
  -0.430138454E-05   0.427369351E-05   0.503774585E-05   0.584769282E-05
   0.670639666E-05   0.761640532E-05   0.857860570E-05   0.959341528E-05
   0.106617632E-04   0.117868565E-04   0.129726079E-04   0.142225931E-04
   0.155385045E-04   0.169215345E-04   0.183731991E-04   0.198964061E-04
   0.214944945E-04   0.231708604E-04   0.249288273E-04   0.267717629E-04
   0.287030397E-04   0.307257857E-04   0.328431106E-04   0.350583796E-04
   0.373758216E-04   0.397999759E-04   0.423353754E-04   0.449861573E-04
   0.477564184E-04   0.506505664E-04   0.536740261E-04   0.568325920E-04
   0.601320938E-04   0.635780524E-04   0.671759959E-04   0.709317601E-04
   0.748520801E-04   0.789440452E-04   0.832149202E-04   0.876721738E-04
   0.923234523E-04   0.971767689E-04   0.102241112E-03   0.107525882E-03
   0.113040656E-03   0.118795068E-03   0.124798918E-03   0.131062633E-03
   0.137598549E-03   0.144419718E-03   0.151539378E-03   0.158970603E-03
   0.166726633E-03   0.174821515E-03   0.183271728E-03   0.192094664E-03
   0.201308132E-03   0.210930405E-03   0.220980175E-03   0.231477190E-03
   0.242444278E-03   0.253905451E-03   0.265885602E-03   0.278411559E-03
   0.291511098E-03   0.305213049E-03   0.319548691E-03   0.334550437E-03
   0.350252049E-03   0.366690613E-03   0.383904675E-03   0.401933855E-03
   0.420819625E-03   0.440604572E-03   0.461338953E-03   0.483101500E-03
   0.505979762E-03   0.530051592E-03   0.555348965E-03   0.581892203E-03
   0.609712933E-03   0.638888687E-03   0.669510133E-03   0.701689686E-03
   0.735621925E-03   0.771526306E-03   0.809576373E-03   0.849742930E-03
   0.891942919E-03   0.936184763E-03   0.982857859E-03   0.103245746E-02
   0.108549123E-02   0.114247924E-02   0.120395398E-02
   0.000000000E+00   0.000000000E+00   0.000000000E+00   0.000000000E+00
   0.000000000E+00   0.000000000E+00   0.000000000E+00   0.000000000E+00
   0.000000000E+00   0.000000000E+00   0.000000000E+00   0.000000000E+00
   0.000000000E+00   0.000000000E+00   0.000000000E+00   0.000000000E+00
   0.000000000E+00   0.000000000E+00   0.000000000E+00   0.000000000E+00
   0.000000000E+00   0.000000000E+00   0.000000000E+00   0.000000000E+00
   0.000000000E+00   0.000000000E+00   0.000000000E+00   0.000000000E+00
   0.000000000E+00   0.000000000E+00   0.000000000E+00  -0.412294603E-09
  -0.824018602E-08  -0.266857576E-07  -0.465846043E-07  -0.516689088E-07
  -0.231929442E-07   0.565171039E-07   0.201490888E-06   0.420421112E-06
   0.715752107E-06   0.108345165E-05   0.151336793E-05   0.199007353E-05
   0.249409840E-05   0.300345353E-05   0.349534745E-05   0.394799731E-05
   0.434243637E-05   0.466422000E-05   0.490493186E-05   0.506339236E-05
   0.514647105E-05  -0.430165552E-05  -0.514352758E-05  -0.603637008E-05
  -0.698444254E-05  -0.799318288E-05  -0.906722122E-05  -0.102069570E-04
  -0.114115682E-04  -0.126811692E-04  -0.140202705E-04  -0.154347176E-04
  -0.169297789E-04  -0.185075102E-04  -0.201691003E-04  -0.219161724E-04
  -0.237522949E-04  -0.256816297E-04  -0.277085395E-04  -0.298378285E-04
  -0.320745262E-04  -0.344233381E-04  -0.368871731E-04  -0.394684735E-04
  -0.421704868E-04  -0.449997853E-04  -0.479639812E-04  -0.510701710E-04
  -0.543225577E-04  -0.577246152E-04  -0.612806446E-04  -0.649982834E-04
  -0.688862138E-04  -0.729527924E-04  -0.772042543E-04  -0.816463584E-04
  -0.862855346E-04  -0.911306758E-04  -0.961914906E-04  -0.101477788E-03
  -0.106999023E-03  -0.112764712E-03  -0.118784675E-03  -0.125069312E-03
  -0.131629346E-03  -0.138476199E-03  -0.145623442E-03  -0.153085453E-03
  -0.160876620E-03  -0.169010300E-03  -0.177499784E-03  -0.186359470E-03
  -0.195607441E-03  -0.205263062E-03  -0.215345860E-03  -0.225874594E-03
  -0.236868116E-03  -0.248346628E-03  -0.260334600E-03  -0.272858044E-03
  -0.285943681E-03  -0.299619269E-03  -0.313913302E-03  -0.328855270E-03
  -0.344476804E-03  -0.360810608E-03  -0.377891038E-03  -0.395757015E-03
  -0.414449289E-03  -0.434010724E-03  -0.454490022E-03  -0.475938217E-03
  -0.498409776E-03  -0.521969614E-03  -0.546686486E-03  -0.572629120E-03
  -0.599861299E-03  -0.628446501E-03  -0.658445091E-03  -0.689900881E-03
  -0.722853827E-03  -0.757356152E-03  -0.793508458E-03  -0.831425566E-03
  -0.871241408E-03  -0.913159547E-03  -0.957405329E-03  -0.100417044E-02
  -0.105349317E-02  -0.110537195E-02  -0.115975518E-02  -0.121639227E-02
  -0.127497502E-02  -0.133545328E-02  -0.139885213E-02  -0.146649528E-02
  -0.153974120E-02  -0.161998315E-02  -0.170864919E-02
   0.000000000E+00   0.000000000E+00   0.000000000E+00   0.000000000E+00
   0.481248937E-09   0.111097686E-07   0.437120324E-07   0.101278848E-06
   0.180491124E-06   0.274248889E-06   0.373690392E-06   0.469747765E-06
   0.554285786E-06   0.620870231E-06   0.665212324E-06   0.685335805E-06
   0.681513118E-06   0.656017216E-06   0.612735520E-06   0.556692504E-06
   0.493527444E-06   0.428973826E-06   0.368386921E-06   0.316366038E-06
   0.276517965E-06   0.251408103E-06   0.473254010E-05   0.513163293E-05
   0.554642809E-05   0.597763843E-05   0.642714158E-05   0.689675175E-05
   0.738721356E-05   0.789898903E-05   0.843230023E-05   0.898633286E-05
   0.955987338E-05   0.101523660E-04   0.107665672E-04   0.114063817E-04
   0.120750075E-04   0.127714971E-04   0.134936048E-04   0.142394315E-04
   0.150094113E-04   0.158046436E-04   0.166261601E-04   0.174744847E-04
   0.183500075E-04   0.192531561E-04   0.201845196E-04   0.211447421E-04
   0.221344461E-04   0.231541072E-04   0.242041622E-04   0.252849733E-04
   0.263965938E-04   0.275389725E-04   0.287122448E-04   0.299174205E-04
   0.311557790E-04   0.324283496E-04   0.337349468E-04   0.350750241E-04
   0.364483057E-04   0.378558323E-04   0.392990303E-04   0.407789966E-04
   0.422952755E-04   0.438469529E-04   0.454334500E-04   0.470558118E-04
   0.487155487E-04   0.504138553E-04   0.521504307E-04   0.539245438E-04
   0.557356629E-04   0.575842639E-04   0.594710976E-04   0.613968255E-04
   0.633616792E-04   0.653657707E-04   0.674091374E-04   0.694915505E-04
   0.716126900E-04   0.737723857E-04   0.759711742E-04   0.782097886E-04
   0.804887698E-04   0.828078104E-04   0.851663577E-04   0.875640247E-04
   0.900012171E-04   0.924785555E-04   0.949964878E-04   0.975547072E-04
   0.100152690E-03   0.102790162E-03   0.105467965E-03   0.108187255E-03
   0.110948911E-03   0.113752575E-03   0.116597546E-03   0.119483507E-03
   0.122411840E-03   0.125384404E-03   0.128402849E-03   0.131467783E-03
   0.134579552E-03   0.137738884E-03   0.140948085E-03   0.144209925E-03
   0.147527129E-03   0.150901982E-03   0.154336700E-03   0.157833840E-03
   0.161397170E-03   0.165030854E-03   0.168739683E-03   0.172530640E-03
   0.176411432E-03   0.180390611E-03   0.184479493E-03   0.188690357E-03
   0.193035178E-03   0.197523650E-03   0.202165049E-03   0.206971341E-03
   0.211964744E-03   0.217170592E-03   0.222613280E-03   0.228311295E-03
   0.234281912E-03   0.240548253E-03   0.247156002E-03   0.254157597E-03
   0.261607676E-03   0.269565629E-03   0.278093181E-03   0.287214076E-03
   0.296793293E-03   0.306651574E-03   0.316721329E-03   0.327404123E-03
   0.339231311E-03   0.352667713E-03   0.367864148E-03   0.384892610E-03
   0.403826156E-03   0.424738901E-03   0.447706022E-03
   0.000000000E+00   0.000000000E+00   0.443811878E-09   0.101752716E-07
   0.397198444E-07   0.911909365E-07   0.160789575E-06   0.241271881E-06
   0.323911168E-06   0.400000733E-06   0.461943467E-06   0.503974354E-06
   0.522561956E-06   0.516534993E-06   0.486980092E-06   0.436956808E-06
   0.371076015E-06   0.294987751E-06   0.214824616E-06   0.136646822E-06
   0.659349726E-07   0.717668451E-08  -0.364068656E-07  -0.629483746E-07
   0.437798031E-05   0.477351543E-05   0.519102736E-05   0.562718421E-05
   0.607922941E-05   0.654877078E-05   0.703889756E-05   0.755238942E-05
   0.808937017E-05   0.864914300E-05   0.923100632E-05   0.983471364E-05
   0.104601057E-04   0.111073354E-04   0.117780221E-04   0.124743105E-04
   0.131979474E-04   0.139484126E-04   0.147244664E-04   0.155251588E-04
   0.163512745E-04   0.172041200E-04   0.180847128E-04   0.189925831E-04
   0.199267913E-04   0.208866196E-04   0.218726130E-04   0.228856859E-04
   0.239266267E-04   0.249955312E-04   0.260922935E-04   0.272167215E-04
   0.283683607E-04   0.295466483E-04   0.307511952E-04   0.319825002E-04
   0.332413224E-04   0.345280791E-04   0.358416508E-04   0.371804386E-04
   0.385430433E-04   0.399292353E-04   0.413390913E-04   0.427725073E-04
   0.442286159E-04   0.457063075E-04   0.472043798E-04   0.487214380E-04
   0.502559848E-04   0.518064666E-04   0.533713236E-04   0.549489450E-04
   0.565375948E-04   0.581352301E-04   0.597396659E-04   0.613486505E-04
   0.629599210E-04   0.645711528E-04   0.661797481E-04   0.677822365E-04
   0.693748223E-04   0.709536407E-04   0.725149641E-04   0.740550127E-04
   0.755697871E-04   0.770547522E-04   0.785051276E-04   0.799157818E-04
   0.812805959E-04   0.825930502E-04   0.838465401E-04   0.850347312E-04
   0.861512314E-04   0.871890460E-04   0.881392454E-04   0.889921996E-04
   0.897381713E-04   0.903678406E-04   0.908718179E-04   0.912399822E-04
   0.914599582E-04   0.915185334E-04   0.914020847E-04   0.910963954E-04
   0.905868257E-04   0.898579891E-04   0.888925793E-04   0.876724664E-04
   0.861786192E-04   0.843897164E-04   0.822834472E-04   0.798369210E-04
   0.770265667E-04   0.738282272E-04   0.702161309E-04   0.661596348E-04
   0.616262831E-04   0.565818777E-04   0.509874940E-04   0.448022883E-04
   0.379845911E-04   0.304923262E-04   0.222826161E-04   0.133092198E-04
   0.351509571E-05  -0.716058192E-05  -0.187744413E-04  -0.313617934E-04
  -0.449528052E-04  -0.595884753E-04  -0.753526709E-04  -0.923418226E-04
  -0.110655809E-03  -0.130401618E-03  -0.151689881E-03  -0.174623971E-03
  -0.199270288E-03  -0.225686434E-03  -0.253973288E-03  -0.284404855E-03
  -0.317304996E-03  -0.352974943E-03  -0.391599829E-03  -0.433337518E-03
  -0.478348773E-03  -0.526797261E-03  -0.578849549E-03
   0.000000000E+00   0.000000000E+00   0.000000000E+00   0.000000000E+00
   0.000000000E+00   0.000000000E+00   0.000000000E+00   0.000000000E+00
   0.000000000E+00   0.000000000E+00   0.000000000E+00   0.000000000E+00
   0.000000000E+00   0.000000000E+00   0.000000000E+00  -0.488836282E-09
  -0.116299654E-07  -0.473076401E-07  -0.113726464E-06  -0.211140077E-06
  -0.335756069E-06  -0.481295434E-06  -0.640238060E-06  -0.804785771E-06
  -0.967574427E-06  -0.112216660E-05  -0.126335629E-05  -0.138731731E-05
  -0.149162662E-05  -0.157519443E-05  -0.163813228E-05  -0.168159077E-05
  -0.170759848E-05  -0.171893344E-05  -0.171905878E-05  -0.171215404E-05
  -0.170327358E-05  -0.474039889E-05  -0.501077535E-05  -0.529191673E-05
  -0.558387092E-05  -0.588432854E-05  -0.619013329E-05  -0.649909080E-05
  -0.681400620E-05  -0.713929491E-05  -0.747840961E-05  -0.782950910E-05
  -0.818913679E-05  -0.855448786E-05  -0.892645171E-05  -0.930700133E-05
  -0.969780495E-05  -0.100987571E-04  -0.105092503E-04  -0.109286762E-04
  -0.113565910E-04  -0.117925710E-04  -0.122363872E-04  -0.126887128E-04
  -0.131505017E-04  -0.136224394E-04  -0.141039090E-04  -0.145939063E-04
  -0.150916852E-04  -0.155977754E-04  -0.161130764E-04  -0.166382495E-04
  -0.171728036E-04  -0.177159130E-04  -0.182669332E-04  -0.188261227E-04
  -0.193939938E-04  -0.199709914E-04  -0.205571932E-04  -0.211525802E-04
  -0.217570228E-04  -0.223699456E-04  -0.229906311E-04  -0.236186274E-04
  -0.242546844E-04  -0.248999015E-04  -0.255550678E-04  -0.262195300E-04
  -0.268922264E-04  -0.275723442E-04  -0.282602509E-04  -0.289566408E-04
  -0.296621076E-04  -0.303767310E-04  -0.311004566E-04  -0.318332025E-04
  -0.325747844E-04  -0.333249846E-04  -0.340837631E-04  -0.348518364E-04
  -0.356301426E-04  -0.364194064E-04  -0.372193647E-04  -0.380294840E-04
  -0.388495865E-04  -0.396810201E-04  -0.405255717E-04  -0.413846888E-04
  -0.422582277E-04  -0.431456181E-04  -0.440467791E-04  -0.449637077E-04
  -0.458989975E-04  -0.468549741E-04  -0.478325975E-04  -0.488324876E-04
  -0.498557560E-04  -0.509054823E-04  -0.519853321E-04  -0.530988348E-04
  -0.542486151E-04  -0.554371139E-04  -0.566670266E-04  -0.579418971E-04
  -0.592655602E-04  -0.606424588E-04  -0.620791986E-04  -0.635830858E-04
  -0.651622874E-04  -0.668278524E-04  -0.685918076E-04  -0.704662463E-04
  -0.724625219E-04  -0.745920087E-04  -0.768651784E-04  -0.792879816E-04
  -0.818652663E-04  -0.846029564E-04  -0.875111569E-04  -0.906012162E-04
  -0.938947243E-04  -0.974540916E-04  -0.101353587E-03  -0.105657999E-03
  -0.110387504E-03  -0.115550979E-03  -0.121143145E-03  -0.127101218E-03
  -0.133346060E-03  -0.139882008E-03  -0.147059145E-03  -0.155324055E-03
  -0.165135158E-03  -0.176962710E-03  -0.191288806E-03
   0.000000000E+00   0.000000000E+00   0.000000000E+00   0.000000000E+00
   0.000000000E+00   0.000000000E+00   0.000000000E+00   0.000000000E+00
   0.000000000E+00   0.000000000E+00   0.000000000E+00   0.000000000E+00
   0.000000000E+00   0.483886246E-09   0.115122146E-07   0.468287307E-07
   0.112575357E-06   0.209003334E-06   0.332358814E-06   0.476426500E-06
   0.633762508E-06   0.796647650E-06   0.957792318E-06   0.111082417E-05
   0.125058979E-05   0.137330151E-05   0.147656064E-05   0.155928818E-05
   0.162159429E-05   0.166461773E-05   0.169036635E-05   0.170158993E-05
   0.170171647E-05   0.169488321E-05   0.168609346E-05   0.469239373E-05
   0.496002602E-05   0.525865952E-05   0.557718302E-05   0.589678598E-05
   0.620263578E-05   0.650307057E-05   0.681370518E-05   0.714734230E-05
   0.749998298E-05   0.786256963E-05   0.822714764E-05   0.859313376E-05
   0.896199229E-05   0.933563272E-05   0.971731702E-05   0.101108811E-04
   0.105184946E-04   0.109344621E-04   0.113505906E-04   0.117610138E-04
   0.121714245E-04   0.125910165E-04   0.130265057E-04   0.134722450E-04
   0.139189143E-04   0.143592435E-04   0.147964049E-04   0.152365875E-04
   0.156845537E-04   0.161378590E-04   0.165919964E-04   0.170430102E-04
   0.174900562E-04   0.179331111E-04   0.183723298E-04   0.188085274E-04
   0.192427463E-04   0.196751054E-04   0.201016910E-04   0.205173646E-04
   0.209182557E-04   0.213064803E-04   0.216858621E-04   0.220586687E-04
   0.224200782E-04   0.227632154E-04   0.230824870E-04   0.233785242E-04
   0.236536681E-04   0.239092366E-04   0.241418856E-04   0.243469431E-04
   0.245200228E-04   0.246584585E-04   0.247599852E-04   0.248223544E-04
   0.248435456E-04   0.248215711E-04   0.247538178E-04   0.246352241E-04
   0.244599647E-04   0.242226755E-04   0.239204464E-04   0.235509754E-04
   0.231111274E-04   0.225944469E-04   0.219934679E-04   0.213010004E-04
   0.205116550E-04   0.196204240E-04   0.186216574E-04   0.175074054E-04
   0.162689638E-04   0.148974321E-04   0.133838018E-04   0.117188741E-04
   0.989283241E-05   0.789402033E-05   0.571008583E-05   0.332800802E-05
   0.732979103E-06  -0.209054726E-05  -0.515835908E-05  -0.848605981E-05
  -0.120894687E-04  -0.159858618E-04  -0.201973592E-04  -0.247477386E-04
  -0.296618964E-04  -0.349675254E-04  -0.406935343E-04  -0.468715395E-04
  -0.535420846E-04  -0.607487725E-04  -0.685342746E-04  -0.769342302E-04
  -0.859830096E-04  -0.957147696E-04  -0.106160677E-03  -0.117351537E-03
  -0.129329470E-03  -0.142180919E-03  -0.156005387E-03  -0.170911649E-03
  -0.187038637E-03  -0.204535637E-03  -0.223507157E-03  -0.243865050E-03
  -0.265468899E-03  -0.288314264E-03  -0.312962057E-03  -0.340130490E-03
  -0.370556474E-03  -0.404995617E-03  -0.444222223E-03
   0.000000000E+00   0.000000000E+00   0.000000000E+00   0.000000000E+00
   0.000000000E+00   0.000000000E+00   0.000000000E+00   0.000000000E+00
   0.000000000E+00   0.000000000E+00   0.000000000E+00   0.000000000E+00
   0.000000000E+00   0.000000000E+00   0.000000000E+00   0.000000000E+00
   0.000000000E+00   0.000000000E+00   0.000000000E+00   0.000000000E+00
   0.000000000E+00   0.000000000E+00   0.000000000E+00   0.000000000E+00
   0.000000000E+00   0.000000000E+00   0.000000000E+00   0.000000000E+00
   0.000000000E+00   0.000000000E+00   0.000000000E+00   0.000000000E+00
   0.000000000E+00   0.453861830E-09   0.100862547E-07   0.379285539E-07
   0.832104064E-07   0.138690802E-06   0.193796123E-06   0.237081667E-06
   0.258078340E-06   0.248586229E-06   0.203476751E-06   0.121065090E-06
   0.311461551E-08  -0.145465011E-06  -0.317164336E-06  -0.502603517E-06
  -0.691382932E-06  -0.872993287E-06  -0.103772352E-05  -0.117750480E-05
  -0.128662889E-05  -0.136227929E-05  -0.140481319E-05   0.453891775E-05
   0.506839781E-05   0.563276054E-05   0.623368733E-05   0.687316674E-05
   0.755331832E-05   0.827624053E-05   0.904372772E-05   0.985752055E-05
   0.107195858E-04   0.116327177E-04   0.126000025E-04   0.136243406E-04
   0.147075345E-04   0.158511047E-04   0.170569905E-04   0.183288512E-04
   0.196708964E-04   0.210872011E-04   0.225808392E-04   0.241546659E-04
   0.258116983E-04   0.275554528E-04   0.293896388E-04   0.313181890E-04
   0.333456801E-04   0.354769497E-04   0.377168635E-04   0.400700034E-04
   0.425409522E-04   0.451346094E-04   0.478568639E-04   0.507139775E-04
   0.537122120E-04   0.568573341E-04   0.601550705E-04   0.636116404E-04
   0.672349157E-04   0.710333515E-04   0.750154269E-04   0.791890529E-04
   0.835621194E-04   0.881430510E-04   0.929419390E-04   0.979694928E-04
   0.103236587E-03   0.108753981E-03   0.114532579E-03   0.120583992E-03
   0.126921993E-03   0.133561161E-03   0.140516402E-03   0.147802885E-03
   0.155436099E-03   0.163432348E-03   0.171810208E-03   0.180589169E-03
   0.189789346E-03   0.199432053E-03   0.209539267E-03   0.220134166E-03
   0.231243310E-03   0.242894593E-03   0.255117382E-03   0.267945078E-03
   0.281412709E-03   0.295556259E-03   0.310413131E-03   0.326021713E-03
   0.342421639E-03   0.359655055E-03   0.377765429E-03   0.396799161E-03
   0.416811762E-03   0.437862027E-03   0.460013449E-03   0.483344641E-03
   0.507939492E-03   0.533876867E-03   0.561209343E-03   0.589983326E-03
   0.620236800E-03   0.651971517E-03   0.685179338E-03   0.719889855E-03
   0.756288619E-03   0.794605029E-03   0.835033636E-03   0.877610068E-03
   0.922328812E-03   0.969260407E-03   0.101878721E-02   0.107137932E-02
   0.112751850E-02   0.118769818E-02   0.125242342E-02
   0.000000000E+00   0.000000000E+00   0.000000000E+00   0.000000000E+00
   0.000000000E+00   0.000000000E+00   0.000000000E+00   0.000000000E+00
   0.000000000E+00   0.000000000E+00   0.000000000E+00   0.000000000E+00
   0.000000000E+00   0.000000000E+00   0.000000000E+00   0.000000000E+00
   0.000000000E+00   0.000000000E+00   0.000000000E+00   0.000000000E+00
   0.000000000E+00   0.000000000E+00   0.000000000E+00   0.000000000E+00
   0.000000000E+00   0.000000000E+00   0.000000000E+00   0.000000000E+00
   0.000000000E+00   0.000000000E+00   0.000000000E+00   0.458868229E-09
   0.101555124E-07   0.379931417E-07   0.828074435E-07   0.136836271E-06
   0.188973132E-06   0.227315687E-06   0.241073557E-06   0.221899739E-06
   0.164709926E-06   0.680540324E-07  -0.658957732E-07  -0.231676238E-06
  -0.421119090E-06  -0.624127705E-06  -0.829580072E-06  -0.102629377E-05
  -0.120398862E-05  -0.135418279E-05  -0.147095797E-05  -0.155152937E-05
  -0.159655617E-05   0.459711074E-05   0.514886532E-05   0.574064341E-05
   0.637356486E-05   0.704804072E-05   0.776483079E-05   0.852631979E-05
   0.933539547E-05   0.101949905E-04   0.111078776E-04   0.120768509E-04
   0.131045346E-04   0.141925885E-04   0.153424148E-04   0.165558808E-04
   0.178368023E-04   0.191896163E-04   0.206185529E-04   0.221264947E-04
   0.237160025E-04   0.253899226E-04   0.271521699E-04   0.290070205E-04
   0.309588010E-04   0.330116807E-04   0.351698601E-04   0.374377029E-04
   0.398199473E-04   0.423215137E-04   0.449473952E-04   0.477025213E-04
   0.505918825E-04   0.536208196E-04   0.567957897E-04   0.601236645E-04
   0.636113008E-04   0.672649595E-04   0.710908397E-04   0.750955393E-04
   0.792869106E-04   0.836732718E-04   0.882630871E-04   0.930648157E-04
   0.980870512E-04   0.103338761E-03   0.108829877E-03   0.114570747E-03
   0.120572045E-03   0.126845060E-03   0.133401428E-03   0.140253178E-03
   0.147413159E-03   0.154894646E-03   0.162711474E-03   0.170878891E-03
   0.179412765E-03   0.188329447E-03   0.197646189E-03   0.207380751E-03
   0.217551833E-03   0.228180791E-03   0.239290029E-03   0.250902709E-03
   0.263043557E-03   0.275738106E-03   0.289012794E-03   0.302896036E-03
   0.317417217E-03   0.332607361E-03   0.348502249E-03   0.365139486E-03
   0.382558690E-03   0.400805128E-03   0.419926290E-03   0.439972759E-03
   0.461004452E-03   0.483084730E-03   0.506272430E-03   0.530603601E-03
   0.556108758E-03   0.582821777E-03   0.610789141E-03   0.640061197E-03
   0.670697015E-03   0.702788374E-03   0.736437048E-03   0.771733021E-03
   0.808711500E-03   0.847393678E-03   0.887803843E-03   0.929979330E-03
   0.973961071E-03   0.101990102E-02   0.106840015E-02   0.112018724E-02
   0.117600976E-02   0.123663389E-02   0.130284453E-02
   0.000000000E+00   0.000000000E+00   0.000000000E+00   0.000000000E+00
   0.000000000E+00   0.000000000E+00   0.000000000E+00   0.000000000E+00
   0.000000000E+00   0.000000000E+00   0.000000000E+00   0.000000000E+00
   0.000000000E+00   0.000000000E+00   0.000000000E+00   0.000000000E+00
   0.000000000E+00   0.000000000E+00   0.000000000E+00   0.000000000E+00
   0.000000000E+00   0.000000000E+00   0.000000000E+00   0.000000000E+00
   0.000000000E+00   0.000000000E+00   0.000000000E+00   0.000000000E+00
   0.000000000E+00   0.000000000E+00   0.000000000E+00   0.000000000E+00
   0.000000000E+00   0.000000000E+00   0.000000000E+00   0.000000000E+00
   0.000000000E+00  -0.478125661E-09  -0.110013536E-07  -0.431224599E-07
  -0.994795742E-07  -0.176393631E-06  -0.266450861E-06  -0.360560501E-06
  -0.449535598E-06  -0.525244758E-06  -0.581382703E-06  -0.613907509E-06
  -0.621192369E-06  -0.603939765E-06  -0.564905894E-06  -0.508483214E-06
  -0.440188982E-06  -0.366107636E-06  -0.292334880E-06  -0.224471354E-06
  -0.167213724E-06  -0.124091079E-06  -0.973944789E-07  -0.470885163E-05
  -0.511956311E-05  -0.555306604E-05  -0.601038116E-05  -0.649263614E-05
  -0.700097547E-05  -0.753650829E-05  -0.810035484E-05  -0.869364062E-05
  -0.931742786E-05  -0.997277689E-05  -0.106608654E-04  -0.113832938E-04
  -0.121418106E-04  -0.129381576E-04  -0.137738833E-04  -0.146505112E-04
  -0.155695790E-04  -0.165325779E-04  -0.175410076E-04  -0.185965870E-04
  -0.197018511E-04  -0.208596076E-04  -0.220725170E-04  -0.233423709E-04
  -0.246707514E-04  -0.260594939E-04  -0.275114175E-04  -0.290296562E-04
  -0.306174019E-04  -0.322778238E-04  -0.340141423E-04  -0.358295884E-04
  -0.377271965E-04  -0.397099951E-04  -0.417813565E-04  -0.439458742E-04
  -0.462085523E-04  -0.485743112E-04  -0.510473237E-04  -0.536316300E-04
  -0.563317046E-04  -0.591535502E-04  -0.621036818E-04  -0.651886198E-04
  -0.684144020E-04  -0.717870380E-04  -0.753130114E-04  -0.790003494E-04
  -0.828576255E-04  -0.868936147E-04  -0.911172809E-04  -0.955377885E-04
  -0.100164944E-03  -0.105010541E-03  -0.110087101E-03  -0.115407457E-03
  -0.120984790E-03  -0.126832594E-03  -0.132965189E-03  -0.139399335E-03
  -0.146152713E-03  -0.153243892E-03  -0.160693802E-03  -0.168524344E-03
  -0.176758448E-03  -0.185421673E-03  -0.194540700E-03  -0.204144600E-03
  -0.214270310E-03  -0.224957469E-03  -0.236243480E-03  -0.248153782E-03
  -0.260711040E-03  -0.273941918E-03  -0.287888218E-03  -0.302596343E-03
  -0.318116253E-03  -0.334509252E-03  -0.351840612E-03  -0.370166014E-03
  -0.389497747E-03  -0.409836757E-03  -0.431221022E-03  -0.453840093E-03
  -0.477926357E-03  -0.503714774E-03  -0.531432751E-03  -0.561309766E-03
  -0.593580635E-03  -0.628485514E-03  -0.666269896E-03
   0.000000000E+00   0.000000000E+00   0.000000000E+00   0.000000000E+00
   0.000000000E+00   0.000000000E+00   0.000000000E+00   0.000000000E+00
   0.000000000E+00   0.000000000E+00   0.000000000E+00   0.000000000E+00
   0.000000000E+00   0.000000000E+00   0.000000000E+00   0.000000000E+00
   0.000000000E+00   0.000000000E+00   0.000000000E+00   0.000000000E+00
   0.000000000E+00   0.000000000E+00   0.000000000E+00   0.000000000E+00
   0.000000000E+00   0.000000000E+00   0.000000000E+00   0.000000000E+00
   0.000000000E+00   0.000000000E+00   0.000000000E+00   0.000000000E+00
   0.000000000E+00   0.000000000E+00   0.460359655E-09   0.105333804E-07
   0.410215531E-07   0.939217667E-07   0.165069809E-06   0.246740797E-06
   0.329714743E-06   0.404856029E-06   0.464255582E-06   0.501984534E-06
   0.514508135E-06   0.500808717E-06   0.462266491E-06   0.402346945E-06
   0.326143645E-06   0.239825207E-06   0.150035232E-06   0.632939816E-07
  -0.145494221E-07  -0.787654872E-07  -0.126044753E-06  -0.154601317E-06
   0.454533316E-05   0.496394328E-05   0.541095447E-05   0.588492997E-05
   0.638312728E-05   0.690387113E-05   0.745062209E-05   0.802837663E-05
   0.864123977E-05   0.928876720E-05   0.996922086E-05   0.106815159E-04
   0.114277576E-04   0.122109711E-04   0.130340815E-04   0.138991909E-04
   0.148082278E-04   0.157628223E-04   0.167632150E-04   0.178092423E-04
   0.189015016E-04   0.200439122E-04   0.212413933E-04   0.224980656E-04
   0.238141651E-04   0.251888521E-04   0.266222364E-04   0.281186441E-04
   0.296836333E-04   0.313220709E-04   0.330353630E-04   0.348239927E-04
   0.366890861E-04   0.386345536E-04   0.406651220E-04   0.427854068E-04
   0.449991383E-04   0.473098747E-04   0.497211936E-04   0.522365234E-04
   0.548592988E-04   0.575934709E-04   0.604449154E-04   0.634201276E-04
   0.665252571E-04   0.697645106E-04   0.731416347E-04   0.766611268E-04
   0.803303982E-04   0.841577610E-04   0.881512869E-04   0.923174157E-04
   0.966622531E-04   0.101192664E-03   0.105918270E-03   0.110849584E-03
   0.115997180E-03   0.121371112E-03   0.126981458E-03   0.132838558E-03
   0.138953163E-03   0.145336294E-03   0.151999699E-03   0.158957402E-03
   0.166224250E-03   0.173816003E-03   0.181751151E-03   0.190049204E-03
   0.198731464E-03   0.207825155E-03   0.217359530E-03   0.227362237E-03
   0.237852253E-03   0.248846553E-03   0.260357498E-03   0.272377901E-03
   0.284895142E-03   0.297910009E-03   0.311479689E-03   0.325677103E-03
   0.340579652E-03   0.356277103E-03   0.372864119E-03   0.390408814E-03
   0.408864386E-03   0.428152911E-03   0.448155414E-03   0.468594453E-03
   0.489145584E-03   0.509653862E-03   0.530679575E-03   0.552979614E-03
   0.577331306E-03   0.604532418E-03   0.635401154E-03
   0.000000000E+00   0.000000000E+00   0.000000000E+00   0.000000000E+00
   0.000000000E+00   0.000000000E+00   0.000000000E+00   0.000000000E+00
   0.000000000E+00   0.000000000E+00   0.000000000E+00   0.000000000E+00
   0.000000000E+00   0.000000000E+00   0.000000000E+00   0.000000000E+00
   0.000000000E+00   0.000000000E+00   0.000000000E+00   0.000000000E+00
   0.000000000E+00   0.000000000E+00   0.000000000E+00   0.000000000E+00
   0.000000000E+00   0.000000000E+00   0.000000000E+00   0.000000000E+00
   0.000000000E+00   0.000000000E+00   0.000000000E+00   0.000000000E+00
   0.000000000E+00   0.000000000E+00  -0.481702078E-09  -0.117392619E-07
  -0.489676010E-07  -0.120841568E-06  -0.230542610E-06  -0.377098941E-06
  -0.556524786E-06  -0.762777031E-06  -0.988547591E-06  -0.122590983E-05
  -0.146683738E-05  -0.170361362E-05  -0.192915020E-05  -0.213723296E-05
  -0.232271347E-05  -0.248166459E-05  -0.261151834E-05  -0.271120454E-05
  -0.278130821E-05  -0.282426451E-05  -0.284460914E-05  -0.284930281E-05
  -0.461723361E-05  -0.477448567E-05  -0.493212669E-05  -0.508926593E-05
  -0.524478907E-05  -0.539779330E-05  -0.554844974E-05  -0.569724034E-05
  -0.584427692E-05  -0.598800570E-05  -0.612636027E-05  -0.625756823E-05
  -0.638141477E-05  -0.649811210E-05  -0.660757797E-05  -0.670841265E-05
  -0.679881869E-05  -0.687706858E-05  -0.694196653E-05  -0.699243140E-05
  -0.702730310E-05  -0.704518965E-05  -0.704460584E-05  -0.702390034E-05
  -0.698088114E-05  -0.691315646E-05  -0.681838787E-05  -0.669470927E-05
  -0.654034422E-05  -0.635323379E-05  -0.613029379E-05  -0.586809545E-05
  -0.556325527E-05  -0.521291546E-05  -0.481430237E-05  -0.436431066E-05
  -0.385868845E-05  -0.329278839E-05  -0.266198267E-05  -0.196214724E-05
  -0.118921433E-05  -0.338697514E-06   0.595298824E-06   0.161916184E-05
   0.273936433E-05   0.396218394E-05   0.529396391E-05   0.674148424E-05
   0.831282918E-05   0.100165799E-04   0.118614966E-04   0.138563897E-04
   0.160102399E-04   0.183326172E-04   0.208348425E-04   0.235289024E-04
   0.264272512E-04   0.295433438E-04   0.328911371E-04   0.364851512E-04
   0.403411826E-04   0.444756354E-04   0.489055195E-04   0.536491435E-04
   0.587254637E-04   0.641539826E-04   0.699551164E-04   0.761498492E-04
   0.827607564E-04   0.898155024E-04   0.973435458E-04   0.105374192E-03
   0.113934075E-03   0.123049533E-03   0.132750640E-03   0.143081074E-03
   0.154088793E-03   0.165815162E-03   0.178271367E-03   0.191460721E-03
   0.205389865E-03   0.220079787E-03   0.235555383E-03   0.251859573E-03
   0.269107319E-03   0.287434405E-03   0.306948484E-03   0.327632694E-03
   0.349437161E-03   0.372313018E-03   0.396221385E-03   0.421124836E-03
   0.446984507E-03   0.473760098E-03   0.501409868E-03
   0.000000000E+00   0.000000000E+00   0.000000000E+00   0.000000000E+00
   0.000000000E+00   0.000000000E+00   0.000000000E+00   0.000000000E+00
   0.000000000E+00   0.000000000E+00   0.000000000E+00   0.000000000E+00
   0.000000000E+00   0.000000000E+00   0.000000000E+00   0.000000000E+00
   0.000000000E+00   0.000000000E+00   0.000000000E+00   0.000000000E+00
   0.000000000E+00   0.000000000E+00   0.000000000E+00   0.000000000E+00
   0.000000000E+00   0.000000000E+00   0.000000000E+00   0.000000000E+00
   0.000000000E+00   0.000000000E+00   0.000000000E+00   0.000000000E+00
   0.000000000E+00   0.000000000E+00  -0.496448646E-09  -0.121481265E-07
  -0.508835063E-07  -0.126097159E-06  -0.241587825E-06  -0.396844387E-06
  -0.588149505E-06  -0.809517542E-06  -0.105348342E-05  -0.131175903E-05
  -0.157577382E-05  -0.183711620E-05  -0.208789240E-05  -0.232101939E-05
  -0.253046850E-05  -0.271147641E-05  -0.286074003E-05  -0.297661207E-05
  -0.305931377E-05  -0.311118145E-05  -0.313696369E-05  -0.314418541E-05
  -0.474900934E-05  -0.489171276E-05  -0.503084743E-05  -0.516636127E-05
  -0.529841732E-05  -0.542683066E-05  -0.554988698E-05  -0.566538792E-05
  -0.577139730E-05  -0.586743254E-05  -0.595340428E-05  -0.602898578E-05
  -0.609279786E-05  -0.614313813E-05  -0.617821636E-05  -0.619609786E-05
  -0.619475437E-05  -0.617216479E-05  -0.612657358E-05  -0.605625741E-05
  -0.595926587E-05  -0.583286732E-05  -0.567405135E-05  -0.547985440E-05
  -0.524783046E-05  -0.497562262E-05  -0.466052801E-05  -0.429860842E-05
  -0.388550261E-05  -0.341682864E-05  -0.288856181E-05  -0.229668827E-05
  -0.163693753E-05  -0.904324053E-06  -0.935685713E-07   0.800904741E-06
   0.178542436E-05   0.286665103E-05   0.405140171E-05   0.534655224E-05
   0.675912732E-05   0.829671987E-05   0.996868857E-05   0.117850485E-04
   0.137559195E-04   0.158909997E-04   0.182000544E-04   0.206936589E-04
   0.233849669E-04   0.262880651E-04   0.294174777E-04   0.327883795E-04
   0.364163977E-04   0.403179890E-04   0.445118092E-04   0.490174336E-04
   0.538553239E-04   0.590480690E-04   0.646192232E-04   0.705931038E-04
   0.769953864E-04   0.838525463E-04   0.911930383E-04   0.990514990E-04
   0.107464800E-03   0.116472117E-03   0.126119275E-03   0.136454663E-03
   0.147527088E-03   0.159383487E-03   0.172071084E-03   0.185641822E-03
   0.200163686E-03   0.215710018E-03   0.232348326E-03   0.250117141E-03
   0.269047877E-03   0.289189060E-03   0.310657687E-03   0.333590642E-03
   0.358125793E-03   0.384394737E-03   0.412529672E-03   0.442627235E-03
   0.474630805E-03   0.508442105E-03   0.544066474E-03   0.581940872E-03
   0.622622497E-03   0.666640182E-03   0.714363639E-03   0.766127723E-03
   0.822274633E-03   0.883153913E-03   0.949122454E-03
   0.000000000E+00   0.000000000E+00   0.000000000E+00   0.000000000E+00
   0.000000000E+00   0.000000000E+00   0.000000000E+00   0.000000000E+00
   0.000000000E+00   0.000000000E+00   0.000000000E+00   0.000000000E+00
   0.000000000E+00   0.000000000E+00   0.000000000E+00   0.000000000E+00
   0.000000000E+00   0.000000000E+00   0.000000000E+00   0.000000000E+00
   0.000000000E+00   0.000000000E+00   0.000000000E+00   0.000000000E+00
   0.000000000E+00   0.000000000E+00   0.000000000E+00   0.000000000E+00
   0.000000000E+00   0.000000000E+00   0.000000000E+00   0.000000000E+00
   0.000000000E+00   0.000000000E+00   0.000000000E+00   0.000000000E+00
   0.000000000E+00   0.000000000E+00   0.000000000E+00   0.000000000E+00
   0.000000000E+00   0.000000000E+00   0.000000000E+00   0.000000000E+00
   0.000000000E+00   0.000000000E+00   0.000000000E+00   0.000000000E+00
   0.000000000E+00   0.000000000E+00   0.000000000E+00   0.000000000E+00
   0.000000000E+00   0.000000000E+00   0.000000000E+00   0.000000000E+00
   0.000000000E+00   0.000000000E+00   0.000000000E+00   0.000000000E+00
   0.000000000E+00   0.000000000E+00   0.000000000E+00   0.000000000E+00
   0.000000000E+00   0.000000000E+00   0.000000000E+00   0.000000000E+00
   0.000000000E+00   0.000000000E+00   0.000000000E+00   0.000000000E+00
   0.000000000E+00   0.000000000E+00  -0.439638620E-09  -0.926050670E-08
  -0.324468035E-07  -0.645748403E-07  -0.932759173E-07  -0.103256803E-06
  -0.794100806E-07  -0.909736399E-08   0.116311596E-06   0.300560919E-06
   0.542208696E-06   0.834822186E-06   0.116758508E-05   0.152623387E-05
   0.189424023E-05   0.225415647E-05   0.258904109E-05   0.288388126E-05
   0.312692943E-05   0.331087091E-05   0.343373942E-05   0.349949776E-05
  -0.449527946E-05  -0.520758877E-05  -0.597555881E-05  -0.680147667E-05
  -0.768798400E-05  -0.863904429E-05  -0.965904465E-05  -0.107525345E-04
  -0.119243679E-04  -0.131795714E-04  -0.145233075E-04  -0.159609052E-04
  -0.174978315E-04  -0.191399620E-04  -0.208944381E-04  -0.227688661E-04
  -0.247711280E-04  -0.269096445E-04  -0.291931292E-04  -0.316305917E-04
  -0.342316063E-04  -0.370060602E-04  -0.399644750E-04  -0.431192564E-04
  -0.464835204E-04  -0.500710389E-04  -0.538973011E-04  -0.579785152E-04
  -0.623317828E-04  -0.669766785E-04  -0.719337619E-04  -0.772248760E-04
  -0.828756124E-04  -0.889129856E-04  -0.953648069E-04  -0.102260194E-03
  -0.109629091E-03  -0.117501017E-03  -0.125901748E-03  -0.134856459E-03
  -0.144391930E-03  -0.154540045E-03  -0.165334479E-03  -0.176835823E-03
  -0.189211842E-03  -0.202661372E-03  -0.217325347E-03  -0.233093954E-03
  -0.249789705E-03  -0.267311320E-03  -0.285883254E-03  -0.305818565E-03
  -0.327438363E-03  -0.351071809E-03  -0.377056121E-03
   0.000000000E+00   0.000000000E+00   0.000000000E+00   0.000000000E+00
   0.000000000E+00   0.000000000E+00   0.000000000E+00   0.000000000E+00
   0.000000000E+00   0.000000000E+00   0.000000000E+00   0.000000000E+00
   0.000000000E+00   0.000000000E+00   0.000000000E+00   0.000000000E+00
   0.000000000E+00   0.000000000E+00   0.000000000E+00   0.000000000E+00
   0.000000000E+00   0.000000000E+00   0.000000000E+00   0.000000000E+00
   0.000000000E+00   0.000000000E+00   0.000000000E+00   0.000000000E+00
   0.000000000E+00   0.000000000E+00   0.000000000E+00   0.000000000E+00
   0.000000000E+00   0.000000000E+00   0.000000000E+00   0.000000000E+00
   0.000000000E+00   0.000000000E+00   0.000000000E+00   0.000000000E+00
   0.000000000E+00   0.000000000E+00   0.000000000E+00   0.000000000E+00
   0.000000000E+00   0.000000000E+00   0.000000000E+00   0.000000000E+00
   0.000000000E+00   0.000000000E+00   0.000000000E+00   0.000000000E+00
   0.000000000E+00   0.000000000E+00   0.000000000E+00   0.000000000E+00
   0.000000000E+00   0.000000000E+00   0.000000000E+00   0.000000000E+00
   0.000000000E+00   0.000000000E+00   0.000000000E+00   0.000000000E+00
   0.000000000E+00   0.000000000E+00   0.000000000E+00   0.443661953E-09
   0.931334985E-08   0.324749964E-07   0.641624767E-07   0.915587106E-07
   0.989143299E-07   0.707319314E-07  -0.589886055E-08  -0.139730299E-06
  -0.334464164E-06  -0.588452928E-06  -0.894909228E-06  -0.124253840E-05
  -0.161650887E-05  -0.199967517E-05  -0.237396835E-05  -0.272186861E-05
  -0.302787479E-05  -0.327988574E-05  -0.347040805E-05  -0.359750517E-05
  -0.366540253E-05   0.454259019E-05   0.527390164E-05   0.606294758E-05
   0.691324232E-05   0.782870314E-05   0.881358953E-05   0.987323468E-05
   0.110133695E-04   0.122395664E-04   0.135562409E-04   0.149675764E-04
   0.164785291E-04   0.180969445E-04   0.198315921E-04   0.216910148E-04
   0.236820615E-04   0.258112529E-04   0.280859720E-04   0.305166876E-04
   0.331148809E-04   0.358921984E-04   0.388600290E-04   0.420298991E-04
   0.454142219E-04   0.490281836E-04   0.528879780E-04   0.570105291E-04
   0.614144919E-04   0.661193143E-04   0.711450175E-04   0.765125063E-04
   0.822432780E-04   0.883606353E-04   0.948937126E-04   0.101873689E-03
   0.109333572E-03   0.117311499E-03   0.125847627E-03   0.134983920E-03
   0.144766732E-03   0.155244369E-03   0.166463927E-03   0.178464151E-03
   0.191282180E-03   0.204958913E-03   0.219548413E-03   0.235109010E-03
   0.251717912E-03   0.269525144E-03   0.288702456E-03   0.309402427E-03
   0.331686508E-03   0.355593250E-03   0.381131166E-03   0.408186031E-03
   0.436608884E-03   0.466435866E-03   0.498468524E-03   0.533722325E-03
   0.573239342E-03   0.618088255E-03   0.669364348E-03
   0.000000000E+00   0.000000000E+00   0.000000000E+00   0.000000000E+00
   0.000000000E+00   0.000000000E+00   0.000000000E+00   0.000000000E+00
   0.000000000E+00   0.000000000E+00   0.000000000E+00   0.000000000E+00
   0.000000000E+00   0.000000000E+00   0.000000000E+00   0.000000000E+00
   0.000000000E+00   0.000000000E+00   0.000000000E+00   0.000000000E+00
   0.000000000E+00   0.000000000E+00   0.000000000E+00   0.000000000E+00
   0.000000000E+00   0.000000000E+00   0.000000000E+00   0.000000000E+00
   0.000000000E+00   0.000000000E+00   0.000000000E+00   0.000000000E+00
   0.000000000E+00   0.000000000E+00   0.000000000E+00   0.000000000E+00
   0.000000000E+00   0.000000000E+00   0.000000000E+00   0.000000000E+00
   0.000000000E+00   0.000000000E+00   0.000000000E+00   0.000000000E+00
   0.000000000E+00  -0.482219623E-09  -0.113024225E-07  -0.452342591E-07
  -0.106837012E-06  -0.194573521E-06  -0.303016698E-06  -0.424630195E-06
  -0.551162067E-06  -0.674690267E-06  -0.788358819E-06  -0.886843497E-06
  -0.966585864E-06  -0.102583449E-05  -0.106453221E-05  -0.108408825E-05
  -0.108707406E-05  -0.107688169E-05  -0.105738357E-05  -0.103263247E-05
  -0.100664061E-05  -0.983276585E-06  -0.966319100E-06  -0.470914877E-05
  -0.504243255E-05  -0.539383328E-05  -0.576523893E-05  -0.615744470E-05
  -0.657096381E-05  -0.700634726E-05  -0.746430327E-05  -0.794558940E-05
  -0.845107419E-05  -0.898204469E-05  -0.953992762E-05  -0.101260982E-04
  -0.107415863E-04  -0.113873440E-04  -0.120644094E-04  -0.127741285E-04
  -0.135179524E-04  -0.142973499E-04  -0.151137515E-04  -0.159686005E-04
  -0.168634862E-04  -0.178004997E-04  -0.187819072E-04  -0.198098315E-04
  -0.208856211E-04  -0.220104318E-04  -0.231857555E-04  -0.244144317E-04
  -0.256997127E-04  -0.270446494E-04  -0.284511899E-04  -0.299210144E-04
  -0.314561813E-04  -0.330602318E-04  -0.347371640E-04  -0.364908621E-04
  -0.383244224E-04  -0.402407807E-04  -0.422432466E-04  -0.443364864E-04
  -0.465256068E-04  -0.488156519E-04  -0.512110222E-04  -0.537160175E-04
  -0.563354199E-04  -0.590757128E-04  -0.619439398E-04  -0.649473932E-04
  -0.680938553E-04  -0.713913719E-04  -0.748484352E-04  -0.784747792E-04
  -0.822806329E-04  -0.862766615E-04  -0.904745732E-04  -0.948865488E-04
  -0.995254533E-04  -0.104406080E-03  -0.109543979E-03  -0.114957553E-03
  -0.120675710E-03  -0.126730645E-03  -0.133150219E-03  -0.139942159E-03
  -0.147108987E-03  -0.154659271E-03  -0.162626519E-03  -0.171051308E-03
  -0.179979384E-03  -0.189474445E-03  -0.199606033E-03  -0.210423234E-03
  -0.221886839E-03  -0.233933671E-03  -0.246554006E-03  -0.259961364E-03
  -0.274431325E-03  -0.290214254E-03  -0.307435994E-03  -0.326192241E-03
  -0.346580598E-03  -0.368700573E-03  -0.392653582E-03
   0.000000000E+00   0.000000000E+00   0.000000000E+00   0.000000000E+00
   0.000000000E+00   0.000000000E+00   0.000000000E+00   0.000000000E+00
   0.000000000E+00   0.000000000E+00   0.000000000E+00   0.000000000E+00
   0.000000000E+00   0.000000000E+00   0.000000000E+00   0.000000000E+00
   0.000000000E+00   0.000000000E+00   0.000000000E+00   0.000000000E+00
   0.000000000E+00   0.000000000E+00   0.000000000E+00   0.000000000E+00
   0.000000000E+00   0.000000000E+00   0.000000000E+00   0.000000000E+00
   0.000000000E+00   0.000000000E+00   0.000000000E+00   0.000000000E+00
   0.000000000E+00   0.000000000E+00   0.000000000E+00   0.000000000E+00
   0.000000000E+00   0.000000000E+00   0.000000000E+00   0.000000000E+00
   0.000000000E+00   0.000000000E+00   0.000000000E+00  -0.470294223E-09
  -0.110063355E-07  -0.439759816E-07  -0.103673639E-06  -0.188426016E-06
  -0.292775968E-06  -0.409242735E-06  -0.529697224E-06  -0.646390949E-06
  -0.752677284E-06  -0.843463644E-06  -0.915433250E-06  -0.967075088E-06
  -0.998560723E-06  -0.101150658E-05  -0.100866033E-05  -0.993550039E-06
  -0.970134695E-06  -0.942494721E-06  -0.914601168E-06  -0.890202184E-06
  -0.872865391E-06  -0.459589729E-05  -0.492742462E-05  -0.527614263E-05
  -0.564340808E-05  -0.603075514E-05  -0.643946634E-05  -0.686959436E-05
  -0.732084150E-05  -0.779319757E-05  -0.828797461E-05  -0.880687245E-05
  -0.935145564E-05  -0.992253430E-05  -0.105207255E-04  -0.111467205E-04
  -0.118015107E-04  -0.124861819E-04  -0.132017776E-04  -0.139490956E-04
  -0.147288737E-04  -0.155419789E-04  -0.163897937E-04  -0.172738618E-04
  -0.181956021E-04  -0.191557999E-04  -0.201550741E-04  -0.211941845E-04
  -0.222744828E-04  -0.233974971E-04  -0.245646644E-04  -0.257769496E-04
  -0.270351979E-04  -0.283403503E-04  -0.296937352E-04  -0.310967980E-04
  -0.325509497E-04  -0.340573826E-04  -0.356172411E-04  -0.372316236E-04
  -0.389014093E-04  -0.406274189E-04  -0.424105297E-04  -0.442518566E-04
  -0.461525830E-04  -0.481138341E-04  -0.501364651E-04  -0.522212593E-04
  -0.543691394E-04  -0.565816108E-04  -0.588603468E-04  -0.612068236E-04
  -0.636216344E-04  -0.661051326E-04  -0.686572795E-04  -0.712765033E-04
  -0.739607707E-04  -0.767085119E-04  -0.795203365E-04  -0.823974191E-04
  -0.853416842E-04  -0.883580569E-04  -0.914523421E-04  -0.946294811E-04
  -0.978904249E-04  -0.101235084E-03  -0.104660964E-03  -0.108155921E-03
  -0.111705003E-03  -0.115292851E-03  -0.118903885E-03  -0.122522127E-03
  -0.126139294E-03  -0.129779754E-03  -0.133476890E-03  -0.137253895E-03
  -0.141089610E-03  -0.144950919E-03  -0.148780017E-03  -0.152421871E-03
  -0.155693084E-03  -0.158487762E-03  -0.161029454E-03  -0.163631725E-03
  -0.166616825E-03  -0.170315693E-03  -0.175067953E-03
   0.000000000E+00   0.000000000E+00   0.000000000E+00   0.000000000E+00
   0.000000000E+00   0.000000000E+00   0.000000000E+00   0.000000000E+00
   0.000000000E+00   0.000000000E+00   0.000000000E+00   0.000000000E+00
   0.000000000E+00   0.000000000E+00   0.000000000E+00   0.000000000E+00
   0.000000000E+00   0.000000000E+00   0.000000000E+00   0.000000000E+00
   0.000000000E+00   0.000000000E+00   0.000000000E+00   0.000000000E+00
   0.000000000E+00   0.000000000E+00   0.000000000E+00   0.000000000E+00
   0.000000000E+00   0.000000000E+00   0.000000000E+00   0.000000000E+00
   0.000000000E+00   0.000000000E+00   0.000000000E+00   0.000000000E+00
   0.000000000E+00   0.000000000E+00   0.000000000E+00   0.000000000E+00
   0.000000000E+00   0.000000000E+00   0.000000000E+00   0.000000000E+00
   0.000000000E+00   0.000000000E+00   0.000000000E+00   0.000000000E+00
   0.000000000E+00   0.000000000E+00   0.000000000E+00   0.487743742E-09
   0.115612111E-07   0.468417064E-07   0.112127518E-06   0.207222456E-06
   0.327918802E-06   0.467614182E-06   0.618595758E-06   0.773025115E-06
   0.923657249E-06   0.106432702E-05   0.119023649E-05   0.129807647E-05
   0.138601581E-05   0.145359155E-05   0.150153367E-05   0.153155752E-05
   0.154615752E-05   0.154843533E-05   0.154199616E-05   0.153094625E-05
   0.152002524E-05   0.473807718E-05   0.502458124E-05   0.532431620E-05
   0.563683945E-05   0.596279748E-05   0.630314243E-05   0.665887529E-05
   0.703108967E-05   0.742093198E-05   0.782931515E-05   0.825607470E-05
   0.870073960E-05   0.916327138E-05   0.964552878E-05   0.101499256E-04
   0.106784409E-04   0.112309874E-04   0.118069111E-04   0.124060472E-04
   0.130303884E-04   0.136825475E-04   0.143647994E-04   0.150777581E-04
   0.158215995E-04   0.165968327E-04   0.174053819E-04   0.182495843E-04
   0.191316851E-04   0.200533432E-04   0.210160906E-04   0.220215903E-04
   0.230719474E-04   0.241694200E-04   0.253164046E-04   0.265156985E-04
   0.277702551E-04   0.290830905E-04   0.304572506E-04   0.318958418E-04
   0.334021921E-04   0.349803139E-04   0.366344710E-04   0.383692172E-04
   0.401899707E-04   0.421024755E-04   0.441125430E-04   0.462258224E-04
   0.484480165E-04   0.507853986E-04   0.532461735E-04   0.558391971E-04
   0.585737502E-04   0.614601795E-04   0.645092938E-04   0.677331607E-04
   0.711481828E-04   0.747721955E-04   0.786237931E-04   0.827232883E-04
   0.870918056E-04   0.917482141E-04   0.967006871E-04   0.101954686E-03
   0.107514156E-03   0.113376858E-03   0.119538791E-03   0.126011200E-03
   0.132867998E-03   0.140200798E-03   0.148094650E-03   0.156600590E-03
   0.165761701E-03   0.175636770E-03   0.186345535E-03   0.198025686E-03
   0.210818261E-03   0.224867646E-03   0.240321575E-03
   0.000000000E+00   0.000000000E+00   0.000000000E+00   0.000000000E+00
   0.000000000E+00   0.000000000E+00   0.000000000E+00   0.000000000E+00
   0.000000000E+00   0.000000000E+00   0.000000000E+00   0.000000000E+00
   0.000000000E+00   0.000000000E+00   0.000000000E+00   0.000000000E+00
   0.000000000E+00   0.000000000E+00   0.000000000E+00   0.000000000E+00
   0.000000000E+00   0.000000000E+00   0.000000000E+00   0.000000000E+00
   0.000000000E+00   0.000000000E+00   0.000000000E+00   0.000000000E+00
   0.000000000E+00   0.000000000E+00   0.000000000E+00   0.000000000E+00
   0.000000000E+00   0.000000000E+00   0.000000000E+00   0.000000000E+00
   0.000000000E+00   0.000000000E+00   0.000000000E+00   0.000000000E+00
   0.000000000E+00   0.000000000E+00   0.000000000E+00   0.000000000E+00
   0.000000000E+00   0.000000000E+00   0.000000000E+00   0.000000000E+00
   0.000000000E+00  -0.483225722E-09  -0.114563872E-07  -0.464269181E-07
  -0.111160218E-06  -0.205485753E-06  -0.325257264E-06  -0.463951438E-06
  -0.613937998E-06  -0.767454198E-06  -0.917316697E-06  -0.105740378E-05
  -0.118294091E-05  -0.129062260E-05  -0.137860352E-05  -0.144639188E-05
  -0.149467807E-05  -0.152513147E-05  -0.154019840E-05  -0.154293431E-05
  -0.153690307E-05  -0.152617626E-05  -0.151546573E-05  -0.469374894E-05
  -0.497671134E-05  -0.527195951E-05  -0.557890662E-05  -0.589696580E-05
  -0.622609552E-05  -0.656862725E-05  -0.692760819E-05  -0.730516392E-05
  -0.769919797E-05  -0.810639587E-05  -0.852457864E-05  -0.895677957E-05
  -0.940752052E-05  -0.988021975E-05  -0.103731442E-04  -0.108831188E-04
  -0.114078270E-04  -0.119489748E-04  -0.125093830E-04  -0.130914111E-04
  -0.136951805E-04  -0.143202126E-04  -0.149660632E-04  -0.156325465E-04
  -0.163195281E-04  -0.170271697E-04  -0.177569004E-04  -0.185105164E-04
  -0.192892590E-04  -0.200919228E-04  -0.209166118E-04  -0.217620460E-04
  -0.226297271E-04  -0.235219229E-04  -0.244402438E-04  -0.253833900E-04
  -0.263492519E-04  -0.273362583E-04  -0.283453062E-04  -0.293779572E-04
  -0.304352550E-04  -0.315159857E-04  -0.326183064E-04  -0.337402276E-04
  -0.348793898E-04  -0.360332733E-04  -0.371994765E-04  -0.383763503E-04
  -0.395624023E-04  -0.407559746E-04  -0.419548790E-04  -0.431567404E-04
  -0.443598195E-04  -0.455651768E-04  -0.467746340E-04  -0.479864369E-04
  -0.491840982E-04  -0.503469237E-04  -0.514522946E-04  -0.524716785E-04
  -0.533743979E-04  -0.541383463E-04  -0.547788546E-04  -0.553213849E-04
  -0.557935539E-04  -0.562291534E-04  -0.566643420E-04  -0.571109692E-04
  -0.574789709E-04  -0.576499567E-04  -0.574615208E-04  -0.565828356E-04
  -0.546327520E-04  -0.513441527E-04  -0.469434714E-04  -0.417900212E-04
  -0.362534857E-04  -0.307139194E-04  -0.255617476E-04
   0.000000000E+00   0.000000000E+00   0.000000000E+00   0.000000000E+00
   0.000000000E+00   0.000000000E+00   0.000000000E+00   0.000000000E+00
   0.000000000E+00   0.000000000E+00   0.000000000E+00   0.000000000E+00
   0.000000000E+00   0.000000000E+00   0.000000000E+00   0.000000000E+00
   0.000000000E+00   0.000000000E+00   0.000000000E+00   0.000000000E+00
   0.000000000E+00   0.000000000E+00   0.000000000E+00   0.000000000E+00
   0.000000000E+00   0.000000000E+00   0.000000000E+00   0.000000000E+00
   0.000000000E+00   0.000000000E+00   0.000000000E+00   0.000000000E+00
   0.000000000E+00   0.000000000E+00   0.000000000E+00   0.000000000E+00
   0.000000000E+00   0.000000000E+00   0.000000000E+00   0.000000000E+00
   0.000000000E+00   0.000000000E+00   0.000000000E+00   0.000000000E+00
   0.000000000E+00   0.000000000E+00   0.000000000E+00   0.000000000E+00
   0.000000000E+00   0.000000000E+00   0.000000000E+00   0.000000000E+00
   0.000000000E+00   0.000000000E+00   0.000000000E+00   0.000000000E+00
   0.000000000E+00   0.000000000E+00   0.000000000E+00   0.000000000E+00
   0.000000000E+00   0.000000000E+00   0.000000000E+00   0.000000000E+00
   0.000000000E+00   0.000000000E+00   0.000000000E+00   0.000000000E+00
  -0.445254908E-09  -0.993333477E-08  -0.375323547E-07  -0.828385612E-07
  -0.139151207E-06  -0.196477289E-06  -0.243891754E-06  -0.271311975E-06
  -0.270745262E-06  -0.237068200E-06  -0.168396603E-06  -0.661048617E-07
   0.654465359E-07   0.219416510E-06   0.387163156E-06   0.559038976E-06
   0.725242794E-06   0.876669575E-06   0.100569936E-05   0.110686654E-05
   0.117735064E-05   0.121722994E-05  -0.444542273E-05  -0.494985489E-05
  -0.549482575E-05  -0.608231252E-05  -0.671466288E-05  -0.739560784E-05
  -0.812932570E-05  -0.891988152E-05  -0.977048940E-05  -0.106841959E-04
  -0.116644729E-04  -0.127163211E-04  -0.138452457E-04  -0.150567587E-04
  -0.163559313E-04  -0.177478106E-04  -0.192379418E-04  -0.208335348E-04
  -0.225423764E-04  -0.243722794E-04  -0.263305332E-04  -0.284244174E-04
  -0.306620366E-04  -0.330543474E-04  -0.356132613E-04  -0.383507436E-04
  -0.412780383E-04  -0.444063951E-04  -0.477480384E-04  -0.513183781E-04
  -0.551339330E-04  -0.592119103E-04  -0.635710880E-04  -0.682309846E-04
  -0.732121210E-04  -0.785376894E-04  -0.842319811E-04  -0.903207929E-04
  -0.968343138E-04  -0.103804402E-03  -0.111261302E-03  -0.119226446E-03
  -0.127719254E-03  -0.136764939E-03  -0.146411295E-03  -0.156712818E-03
  -0.167720287E-03  -0.179465440E-03  -0.191975489E-03  -0.205285183E-03
  -0.219458591E-03  -0.234568448E-03  -0.250675476E-03  -0.267786656E-03
  -0.285894839E-03  -0.305035278E-03  -0.325417197E-03  -0.347298752E-03
  -0.370944561E-03  -0.396625706E-03  -0.424619732E-03
   0.000000000E+00   0.000000000E+00   0.000000000E+00   0.000000000E+00
   0.000000000E+00   0.000000000E+00   0.000000000E+00   0.000000000E+00
   0.000000000E+00   0.000000000E+00   0.000000000E+00   0.000000000E+00
   0.000000000E+00   0.000000000E+00   0.000000000E+00   0.000000000E+00
   0.000000000E+00   0.000000000E+00   0.000000000E+00   0.000000000E+00
   0.000000000E+00   0.000000000E+00   0.000000000E+00   0.000000000E+00
   0.000000000E+00   0.000000000E+00   0.000000000E+00   0.000000000E+00
   0.000000000E+00   0.000000000E+00   0.000000000E+00   0.000000000E+00
   0.000000000E+00   0.000000000E+00   0.000000000E+00   0.000000000E+00
   0.000000000E+00   0.000000000E+00   0.000000000E+00   0.000000000E+00
   0.000000000E+00   0.000000000E+00   0.000000000E+00   0.000000000E+00
   0.000000000E+00   0.000000000E+00   0.000000000E+00   0.000000000E+00
   0.000000000E+00   0.000000000E+00   0.000000000E+00   0.000000000E+00
   0.000000000E+00   0.000000000E+00   0.000000000E+00   0.000000000E+00
   0.000000000E+00   0.000000000E+00   0.000000000E+00   0.000000000E+00
   0.000000000E+00   0.000000000E+00   0.000000000E+00   0.000000000E+00
   0.000000000E+00  -0.441945708E-09  -0.984183325E-08  -0.371045192E-07
  -0.816670323E-07  -0.136692724E-06  -0.192087688E-06  -0.236868605E-06
  -0.260941171E-06  -0.256348264E-06  -0.218046986E-06  -0.144273762E-06
  -0.365566200E-07   0.100566174E-06   0.260061989E-06   0.433095036E-06
   0.609833784E-06   0.780315406E-06   0.935308114E-06   0.106711223E-05
   0.117024084E-05   0.124192088E-05   0.128235546E-05  -0.441580334E-05
  -0.492340260E-05  -0.547171446E-05  -0.606333022E-05  -0.670106336E-05
  -0.738842024E-05  -0.812916625E-05  -0.892703429E-05  -0.978528533E-05
  -0.107071145E-04  -0.116961712E-04  -0.127577318E-04  -0.138976133E-04
  -0.151214951E-04  -0.164339784E-04  -0.178394597E-04  -0.193429574E-04
  -0.209517349E-04  -0.226737898E-04  -0.245172340E-04  -0.264899741E-04
  -0.286000092E-04  -0.308559298E-04  -0.332681387E-04  -0.358477104E-04
  -0.386059909E-04  -0.415545673E-04  -0.447052966E-04  -0.480706274E-04
  -0.516645601E-04  -0.555017468E-04  -0.595980414E-04  -0.639731299E-04
  -0.686480602E-04  -0.736455129E-04  -0.789932169E-04  -0.847207368E-04
  -0.908573766E-04  -0.974291147E-04  -0.104461492E-03  -0.111983646E-03
  -0.120037655E-03  -0.128669722E-03  -0.137921032E-03  -0.147808938E-03
  -0.158344734E-03  -0.169553627E-03  -0.181517334E-03  -0.194333788E-03
  -0.208101677E-03  -0.222915099E-03  -0.238868629E-03  -0.256021892E-03
  -0.274286010E-03  -0.293531277E-03  -0.313718888E-03  -0.335191643E-03
  -0.358397979E-03  -0.383768977E-03  -0.411629128E-03  -0.442281140E-03
  -0.476034740E-03  -0.513206678E-03  -0.554120725E-03
   0.000000000E+00   0.000000000E+00   0.000000000E+00   0.000000000E+00
   0.000000000E+00   0.000000000E+00   0.000000000E+00   0.000000000E+00
   0.000000000E+00   0.000000000E+00   0.000000000E+00   0.000000000E+00
   0.000000000E+00   0.000000000E+00   0.000000000E+00   0.000000000E+00
   0.000000000E+00   0.000000000E+00   0.000000000E+00   0.000000000E+00
   0.000000000E+00   0.000000000E+00   0.000000000E+00   0.000000000E+00
   0.000000000E+00   0.000000000E+00   0.000000000E+00   0.000000000E+00
   0.000000000E+00   0.000000000E+00   0.000000000E+00   0.000000000E+00
   0.000000000E+00   0.000000000E+00   0.000000000E+00   0.000000000E+00
   0.000000000E+00   0.000000000E+00   0.000000000E+00   0.000000000E+00
   0.000000000E+00   0.000000000E+00   0.000000000E+00   0.000000000E+00
   0.000000000E+00   0.000000000E+00   0.000000000E+00   0.000000000E+00
   0.000000000E+00   0.000000000E+00   0.000000000E+00   0.000000000E+00
   0.000000000E+00   0.000000000E+00   0.000000000E+00   0.000000000E+00
   0.000000000E+00   0.000000000E+00   0.000000000E+00   0.000000000E+00
   0.000000000E+00   0.000000000E+00   0.000000000E+00   0.000000000E+00
   0.000000000E+00   0.000000000E+00   0.000000000E+00   0.000000000E+00
   0.467781267E-09   0.107153926E-07   0.417856420E-07   0.958195778E-07
   0.168714031E-06   0.252740490E-06   0.338626591E-06   0.417149217E-06
   0.480288244E-06   0.521989928E-06   0.538588953E-06   0.528938149E-06
   0.494294906E-06   0.438013270E-06   0.365090771E-06   0.281618956E-06
   0.194186678E-06   0.109285115E-06   0.327635754E-07  -0.306149414E-07
  -0.774693811E-07  -0.105898474E-06   0.461624968E-05   0.503683470E-05
   0.548771380E-05   0.597042643E-05   0.648668335E-05   0.703878665E-05
   0.762924156E-05   0.826066944E-05   0.893595020E-05   0.965809034E-05
   0.104301378E-04   0.112550589E-04   0.121358527E-04   0.130758608E-04
   0.140796008E-04   0.151519908E-04   0.162978858E-04   0.175214703E-04
   0.188268246E-04   0.202185766E-04   0.217033079E-04   0.232882400E-04
   0.249806975E-04   0.267878393E-04   0.287169099E-04   0.307758309E-04
   0.329747495E-04   0.353245861E-04   0.378365269E-04   0.405219883E-04
   0.433926503E-04   0.464608499E-04   0.497407532E-04   0.532472530E-04
   0.569960000E-04   0.610046521E-04   0.652916975E-04   0.698770524E-04
   0.747851180E-04   0.800418964E-04   0.856772116E-04   0.917345179E-04
   0.982616338E-04   0.105299505E-03   0.112857471E-03   0.120936661E-03
   0.129548026E-03   0.138743147E-03   0.148585051E-03   0.159136626E-03
   0.170455509E-03   0.182598929E-03   0.195622254E-03   0.209569511E-03
   0.224482388E-03   0.240438260E-03   0.257657036E-03   0.276399623E-03
   0.296933430E-03   0.319532371E-03   0.344476865E-03
   0.000000000E+00   0.000000000E+00   0.000000000E+00   0.000000000E+00
   0.000000000E+00   0.000000000E+00   0.000000000E+00   0.000000000E+00
   0.000000000E+00   0.000000000E+00   0.000000000E+00   0.000000000E+00
   0.000000000E+00   0.000000000E+00   0.000000000E+00   0.000000000E+00
   0.000000000E+00   0.000000000E+00   0.000000000E+00   0.000000000E+00
   0.000000000E+00   0.000000000E+00   0.000000000E+00   0.000000000E+00
   0.000000000E+00   0.000000000E+00   0.000000000E+00   0.000000000E+00
   0.000000000E+00   0.000000000E+00   0.000000000E+00   0.000000000E+00
   0.000000000E+00   0.000000000E+00   0.000000000E+00   0.000000000E+00
   0.000000000E+00   0.000000000E+00   0.000000000E+00   0.000000000E+00
   0.000000000E+00   0.000000000E+00   0.000000000E+00   0.000000000E+00
   0.000000000E+00   0.000000000E+00   0.000000000E+00   0.000000000E+00
   0.000000000E+00   0.000000000E+00   0.000000000E+00   0.000000000E+00
   0.000000000E+00   0.000000000E+00   0.000000000E+00   0.000000000E+00
   0.000000000E+00   0.000000000E+00   0.000000000E+00   0.000000000E+00
   0.000000000E+00   0.000000000E+00   0.000000000E+00   0.000000000E+00
   0.000000000E+00  -0.480787721E-09  -0.109981194E-07  -0.428193524E-07
  -0.980054746E-07  -0.172179431E-06  -0.257247086E-06  -0.343558248E-06
  -0.421558828E-06  -0.482985195E-06  -0.521651802E-06  -0.533883156E-06
  -0.518641192E-06  -0.477399122E-06  -0.413812839E-06  -0.333240933E-06
  -0.242164388E-06  -0.147557041E-06  -0.562578616E-07   0.256038753E-07
   0.930794552E-07   0.142716556E-06   0.172668979E-06  -0.474754514E-05
  -0.518577575E-05  -0.565741793E-05  -0.616223739E-05  -0.670057460E-05
  -0.727526600E-05  -0.788987319E-05  -0.854786787E-05  -0.925199448E-05
  -0.100048592E-04  -0.108091215E-04  -0.116674612E-04  -0.125826092E-04
  -0.135577684E-04  -0.145978799E-04  -0.157084476E-04  -0.168947059E-04
  -0.181602984E-04  -0.195085079E-04  -0.209433441E-04  -0.224715961E-04
  -0.241009186E-04  -0.258388733E-04  -0.276919946E-04  -0.296666624E-04
  -0.317698892E-04  -0.340108203E-04  -0.363993296E-04  -0.389456716E-04
  -0.416608873E-04  -0.445564235E-04  -0.476441517E-04  -0.509368239E-04
  -0.544476443E-04  -0.581910822E-04  -0.621858103E-04  -0.664519408E-04
  -0.710107980E-04  -0.758871127E-04  -0.811069547E-04  -0.866968406E-04
  -0.926831557E-04  -0.990926989E-04  -0.105948521E-03  -0.113256615E-03
  -0.121018490E-03  -0.129246892E-03  -0.138000818E-03  -0.147352391E-03
  -0.157383089E-03  -0.168206647E-03  -0.179947363E-03  -0.192696654E-03
  -0.206402801E-03  -0.220975496E-03  -0.236320307E-03  -0.252335379E-03
  -0.268914565E-03  -0.286095645E-03  -0.304509897E-03  -0.324954854E-03
  -0.348249178E-03  -0.375232660E-03  -0.406766225E-03
   0.000000000E+00   0.000000000E+00   0.000000000E+00   0.000000000E+00
   0.000000000E+00   0.000000000E+00   0.000000000E+00   0.000000000E+00
   0.000000000E+00   0.000000000E+00   0.000000000E+00   0.000000000E+00
   0.000000000E+00   0.000000000E+00   0.000000000E+00   0.000000000E+00
   0.000000000E+00   0.000000000E+00   0.000000000E+00   0.000000000E+00
   0.000000000E+00   0.000000000E+00   0.000000000E+00   0.000000000E+00
   0.000000000E+00   0.000000000E+00   0.000000000E+00   0.000000000E+00
   0.000000000E+00   0.000000000E+00   0.000000000E+00   0.000000000E+00
   0.000000000E+00   0.000000000E+00   0.000000000E+00   0.000000000E+00
   0.000000000E+00   0.000000000E+00   0.000000000E+00   0.000000000E+00
   0.000000000E+00   0.000000000E+00   0.000000000E+00   0.000000000E+00
   0.000000000E+00   0.000000000E+00   0.000000000E+00   0.000000000E+00
   0.000000000E+00   0.000000000E+00   0.000000000E+00   0.000000000E+00
   0.000000000E+00   0.000000000E+00   0.000000000E+00   0.000000000E+00
   0.000000000E+00   0.000000000E+00   0.000000000E+00   0.000000000E+00
   0.000000000E+00   0.000000000E+00   0.000000000E+00   0.000000000E+00
   0.000000000E+00   0.000000000E+00   0.000000000E+00   0.000000000E+00
   0.000000000E+00   0.000000000E+00   0.000000000E+00   0.480504756E-09
   0.116557520E-07   0.483882333E-07   0.118832611E-06   0.225591615E-06
   0.367157437E-06   0.539125527E-06   0.735201567E-06   0.948022370E-06
   0.116981146E-05   0.139289009E-05   0.161006448E-05   0.181490996E-05
   0.200197289E-05   0.216691100E-05   0.230659299E-05   0.241917807E-05
   0.250419630E-05   0.256265038E-05   0.259715974E-05   0.261216758E-05
   0.261423173E-05   0.461626819E-05   0.479438802E-05   0.497437828E-05
   0.515534469E-05   0.533646958E-05   0.551735936E-05   0.569772259E-05
   0.587710295E-05   0.605439656E-05   0.622830015E-05   0.639754266E-05
   0.656112534E-05   0.671809830E-05   0.686733257E-05   0.700705435E-05
   0.713527935E-05   0.725010776E-05   0.735017443E-05   0.743422826E-05
   0.750055064E-05   0.754561063E-05   0.756532376E-05   0.755593186E-05
   0.751538392E-05   0.744204128E-05   0.733367165E-05   0.718571873E-05
   0.699292745E-05   0.675033043E-05   0.645457288E-05   0.610266632E-05
   0.569056674E-05   0.521011983E-05   0.465193892E-05   0.400761364E-05
   0.327347109E-05   0.244702736E-05   0.152505424E-05   0.501360183E-06
  -0.631113363E-06  -0.187937655E-05  -0.324977382E-05  -0.474856786E-05
  -0.638068896E-05  -0.814530179E-05  -0.100400042E-04  -0.120756713E-04
  -0.143174759E-04  -0.168459915E-04  -0.197237108E-04  -0.229331282E-04
  -0.264355189E-04  -0.301780039E-04  -0.340541167E-04  -0.379412783E-04
  -0.417135273E-04  -0.452415192E-04  -0.483925271E-04
   0.000000000E+00   0.000000000E+00   0.000000000E+00   0.000000000E+00
   0.000000000E+00   0.000000000E+00   0.000000000E+00   0.000000000E+00
   0.000000000E+00   0.000000000E+00   0.000000000E+00   0.000000000E+00
   0.000000000E+00   0.000000000E+00   0.000000000E+00   0.000000000E+00
   0.000000000E+00   0.000000000E+00   0.000000000E+00   0.000000000E+00
   0.000000000E+00   0.000000000E+00   0.000000000E+00   0.000000000E+00
   0.000000000E+00   0.000000000E+00   0.000000000E+00   0.000000000E+00
   0.000000000E+00   0.000000000E+00   0.000000000E+00   0.000000000E+00
   0.000000000E+00   0.000000000E+00   0.000000000E+00   0.000000000E+00
   0.000000000E+00   0.000000000E+00   0.000000000E+00   0.000000000E+00
   0.000000000E+00   0.000000000E+00   0.000000000E+00   0.000000000E+00
   0.000000000E+00   0.000000000E+00   0.000000000E+00   0.000000000E+00
   0.000000000E+00   0.000000000E+00   0.000000000E+00   0.000000000E+00
   0.000000000E+00   0.000000000E+00   0.000000000E+00   0.000000000E+00
   0.000000000E+00   0.000000000E+00   0.000000000E+00   0.000000000E+00
   0.000000000E+00   0.000000000E+00   0.000000000E+00   0.000000000E+00
   0.000000000E+00   0.000000000E+00   0.000000000E+00   0.000000000E+00
   0.000000000E+00   0.000000000E+00   0.000000000E+00   0.000000000E+00
   0.000000000E+00   0.486473193E-09   0.119709162E-07   0.504245156E-07
   0.125666956E-06   0.242123403E-06   0.399955913E-06   0.596049616E-06
   0.824866910E-06   0.107918292E-05   0.135071548E-05   0.163066280E-05
   0.191016225E-05   0.218068327E-05   0.243436785E-05   0.266433170E-05
   0.286493941E-05   0.303206688E-05   0.316336415E-05   0.325853202E-05
   0.331962555E-05   0.335139791E-05   0.336169751E-05   0.464064356E-05
   0.475430681E-05   0.486006929E-05   0.495671751E-05   0.504309492E-05
   0.511788588E-05   0.517923044E-05   0.522508207E-05   0.525321823E-05
   0.526089591E-05   0.524517219E-05   0.520300485E-05   0.513122401E-05
   0.502655857E-05   0.488544178E-05   0.470338601E-05   0.447556692E-05
   0.419714606E-05   0.386364834E-05   0.347060872E-05   0.301281872E-05
   0.248238418E-05   0.187054647E-05   0.116794153E-05   0.363487151E-06
  -0.554571925E-06  -0.159843255E-05  -0.278111676E-05  -0.411611093E-05
  -0.561627934E-05  -0.729091185E-05  -0.914850531E-05  -0.112010303E-04
  -0.134740965E-04  -0.159973626E-04  -0.187995354E-04  -0.219030627E-04
  -0.253291474E-04  -0.291053353E-04  -0.332835110E-04  -0.379228748E-04
  -0.430797258E-04  -0.487939287E-04  -0.551017315E-04  -0.620226652E-04
  -0.695061607E-04  -0.774821687E-04  -0.859545006E-04  -0.952335156E-04
  -0.105715229E-03  -0.117729652E-03  -0.131306767E-03  -0.146398933E-03
  -0.162956424E-03  -0.180927431E-03  -0.200258062E-03
   0.000000000E+00   0.000000000E+00   0.000000000E+00   0.000000000E+00
   0.000000000E+00   0.000000000E+00   0.000000000E+00   0.000000000E+00
   0.000000000E+00   0.000000000E+00   0.000000000E+00   0.000000000E+00
   0.000000000E+00   0.000000000E+00   0.000000000E+00   0.000000000E+00
   0.000000000E+00   0.000000000E+00   0.000000000E+00   0.000000000E+00
   0.000000000E+00   0.000000000E+00   0.000000000E+00   0.000000000E+00
   0.000000000E+00   0.000000000E+00   0.000000000E+00   0.000000000E+00
   0.000000000E+00   0.000000000E+00   0.000000000E+00   0.000000000E+00
   0.000000000E+00   0.000000000E+00   0.000000000E+00   0.000000000E+00
   0.000000000E+00   0.000000000E+00   0.000000000E+00   0.000000000E+00
   0.000000000E+00   0.000000000E+00   0.000000000E+00   0.000000000E+00
   0.000000000E+00   0.000000000E+00   0.000000000E+00   0.000000000E+00
   0.000000000E+00   0.000000000E+00   0.000000000E+00   0.000000000E+00
   0.000000000E+00   0.000000000E+00   0.000000000E+00   0.000000000E+00
   0.000000000E+00   0.000000000E+00   0.000000000E+00   0.000000000E+00
   0.000000000E+00   0.000000000E+00   0.000000000E+00   0.000000000E+00
   0.000000000E+00   0.000000000E+00   0.000000000E+00   0.000000000E+00
   0.000000000E+00   0.000000000E+00   0.000000000E+00   0.000000000E+00
   0.000000000E+00   0.000000000E+00   0.000000000E+00   0.000000000E+00
   0.000000000E+00   0.000000000E+00   0.000000000E+00   0.000000000E+00
   0.000000000E+00   0.000000000E+00   0.000000000E+00   0.000000000E+00
   0.000000000E+00   0.000000000E+00   0.000000000E+00   0.000000000E+00
   0.000000000E+00   0.000000000E+00   0.000000000E+00   0.000000000E+00
   0.000000000E+00   0.000000000E+00   0.000000000E+00   0.000000000E+00
   0.000000000E+00   0.000000000E+00   0.000000000E+00   0.000000000E+00
   0.000000000E+00   0.000000000E+00   0.000000000E+00   0.000000000E+00
   0.000000000E+00   0.000000000E+00   0.000000000E+00   0.418338676E-09
   0.765465206E-08   0.211271855E-07   0.250547648E-07  -0.448975402E-08
  -0.935269445E-07  -0.265562850E-06  -0.538293854E-06  -0.921492615E-06
  -0.141594334E-05  -0.201329460E-05  -0.269669798E-05  -0.344210079E-05
  -0.422006108E-05  -0.499795317E-05  -0.574243207E-05  -0.642202486E-05
  -0.700971741E-05  -0.748540463E-05  -0.783807252E-05  -0.806758021E-05
  -0.818591037E-05   0.450136828E-05   0.563195711E-05   0.689963657E-05
   0.833078384E-05   0.994860750E-05   0.117612605E-04   0.137730847E-04
   0.159846000E-04   0.183807687E-04   0.209421106E-04   0.236719776E-04
   0.266683896E-04   0.300559174E-04   0.339204153E-04   0.381803174E-04
   0.427088176E-04   0.474216998E-04   0.524188334E-04   0.578497049E-04
   0.638677435E-04   0.706303214E-04   0.782987534E-04
   0.000000000E+00   0.000000000E+00   0.000000000E+00   0.000000000E+00
   0.000000000E+00   0.000000000E+00   0.000000000E+00   0.000000000E+00
   0.000000000E+00   0.000000000E+00   0.000000000E+00   0.000000000E+00
   0.000000000E+00   0.000000000E+00   0.000000000E+00   0.000000000E+00
   0.000000000E+00   0.000000000E+00   0.000000000E+00   0.000000000E+00
   0.000000000E+00   0.000000000E+00   0.000000000E+00   0.000000000E+00
   0.000000000E+00   0.000000000E+00   0.000000000E+00   0.000000000E+00
   0.000000000E+00   0.000000000E+00   0.000000000E+00   0.000000000E+00
   0.000000000E+00   0.000000000E+00   0.000000000E+00   0.000000000E+00
   0.000000000E+00   0.000000000E+00   0.000000000E+00   0.000000000E+00
   0.000000000E+00   0.000000000E+00   0.000000000E+00   0.000000000E+00
   0.000000000E+00   0.000000000E+00   0.000000000E+00   0.000000000E+00
   0.000000000E+00   0.000000000E+00   0.000000000E+00   0.000000000E+00
   0.000000000E+00   0.000000000E+00   0.000000000E+00   0.000000000E+00
   0.000000000E+00   0.000000000E+00   0.000000000E+00   0.000000000E+00
   0.000000000E+00   0.000000000E+00   0.000000000E+00   0.000000000E+00
   0.000000000E+00   0.000000000E+00   0.000000000E+00   0.000000000E+00
   0.000000000E+00   0.000000000E+00   0.000000000E+00   0.000000000E+00
   0.000000000E+00   0.000000000E+00   0.000000000E+00   0.000000000E+00
   0.000000000E+00   0.000000000E+00   0.000000000E+00   0.000000000E+00
   0.000000000E+00   0.000000000E+00   0.000000000E+00   0.000000000E+00
   0.000000000E+00   0.000000000E+00   0.000000000E+00   0.000000000E+00
   0.000000000E+00   0.000000000E+00   0.000000000E+00   0.000000000E+00
   0.000000000E+00   0.000000000E+00   0.000000000E+00  -0.373371374E-09
  -0.705218832E-08  -0.207122194E-07  -0.292907671E-07  -0.137475125E-07
   0.469575375E-07   0.172065248E-06   0.376290156E-06   0.668057322E-06
   0.104859570E-05   0.151178047E-05   0.204461681E-05   0.262825750E-05
   0.323944696E-05   0.385228395E-05   0.444019563E-05   0.497801524E-05
   0.544405602E-05   0.582207368E-05   0.610300994E-05   0.628640967E-05
   0.638140391E-05  -0.397488746E-05  -0.489773536E-05  -0.592619656E-05
  -0.706861875E-05  -0.833423262E-05  -0.973523942E-05  -0.112848472E-04
  -0.129966032E-04  -0.148844001E-04  -0.169624700E-04  -0.192487290E-04
  -0.217750260E-04  -0.245774733E-04  -0.276928561E-04  -0.311577222E-04
  -0.350092421E-04  -0.392788459E-04  -0.439718571E-04  -0.490867581E-04
  -0.546277395E-04  -0.606230370E-04  -0.671075642E-04  -0.741285587E-04
  -0.817809034E-04  -0.901736336E-04  -0.994519053E-04  -0.109898938E-03
  -0.121839241E-03  -0.135554097E-03  -0.151123830E-03  -0.168577708E-03
  -0.187944855E-03  -0.209254254E-03  -0.232534749E-03
   0.000000000E+00   0.000000000E+00   0.000000000E+00   0.000000000E+00
   0.000000000E+00   0.000000000E+00   0.000000000E+00   0.000000000E+00
   0.000000000E+00   0.000000000E+00   0.000000000E+00   0.000000000E+00
   0.000000000E+00   0.000000000E+00   0.000000000E+00   0.000000000E+00
   0.000000000E+00   0.000000000E+00   0.000000000E+00   0.000000000E+00
   0.000000000E+00   0.000000000E+00   0.000000000E+00   0.000000000E+00
   0.000000000E+00   0.000000000E+00   0.000000000E+00   0.000000000E+00
   0.000000000E+00   0.000000000E+00   0.000000000E+00   0.000000000E+00
   0.000000000E+00   0.000000000E+00   0.000000000E+00   0.000000000E+00
   0.000000000E+00   0.000000000E+00   0.000000000E+00   0.000000000E+00
   0.000000000E+00   0.000000000E+00   0.000000000E+00   0.000000000E+00
   0.000000000E+00   0.000000000E+00   0.000000000E+00   0.000000000E+00
   0.000000000E+00   0.000000000E+00   0.000000000E+00   0.000000000E+00
   0.000000000E+00   0.000000000E+00   0.000000000E+00   0.000000000E+00
   0.000000000E+00   0.000000000E+00   0.000000000E+00   0.000000000E+00
   0.000000000E+00   0.000000000E+00   0.000000000E+00   0.000000000E+00
   0.000000000E+00   0.000000000E+00   0.000000000E+00   0.000000000E+00
   0.000000000E+00   0.000000000E+00   0.000000000E+00   0.000000000E+00
   0.000000000E+00   0.000000000E+00   0.000000000E+00   0.468404717E-09
   0.108520672E-07   0.428723115E-07   0.997963151E-07   0.178801326E-06
   0.273361504E-06   0.375157837E-06   0.475554653E-06   0.566686192E-06
   0.642196765E-06   0.697677979E-06   0.730846539E-06   0.741506104E-06
   0.731336719E-06   0.703555307E-06   0.662490710E-06   0.613116799E-06
   0.560587132E-06   0.509814658E-06   0.465139977E-06   0.430131642E-06
   0.407562003E-06   0.459872300E-05   0.497197819E-05   0.537172884E-05
   0.580012695E-05   0.625870669E-05   0.674886570E-05   0.727218903E-05
   0.783093864E-05   0.842759789E-05   0.906479541E-05   0.974555084E-05
   0.104730457E-04   0.112506137E-04   0.120819529E-04   0.129709271E-04
   0.139214239E-04   0.149371230E-04   0.160217131E-04   0.171793502E-04
   0.184158406E-04   0.197375317E-04   0.211509356E-04   0.226627321E-04
   0.242797657E-04   0.260095576E-04   0.278618803E-04   0.298472763E-04
   0.319764977E-04   0.342603363E-04   0.367097838E-04   0.393375554E-04
   0.421625906E-04   0.452058068E-04   0.484873686E-04   0.520227519E-04
   0.558264623E-04   0.599137535E-04   0.643020158E-04   0.690094629E-04
   0.740591111E-04   0.794923187E-04   0.853559626E-04   0.916892633E-04
   0.984968351E-04   0.105774240E-03   0.113546502E-03   0.121959254E-03
   0.131192210E-03   0.141403160E-03   0.152646689E-03   0.164951421E-03
   0.178346252E-03   0.192860352E-03   0.208523165E-03
   0.000000000E+00   0.000000000E+00   0.000000000E+00   0.000000000E+00
   0.000000000E+00   0.000000000E+00   0.000000000E+00   0.000000000E+00
   0.000000000E+00   0.000000000E+00   0.000000000E+00   0.000000000E+00
   0.000000000E+00   0.000000000E+00   0.000000000E+00   0.000000000E+00
   0.000000000E+00   0.000000000E+00   0.000000000E+00   0.000000000E+00
   0.000000000E+00   0.000000000E+00   0.000000000E+00   0.000000000E+00
   0.000000000E+00   0.000000000E+00   0.000000000E+00   0.000000000E+00
   0.000000000E+00   0.000000000E+00   0.000000000E+00   0.000000000E+00
   0.000000000E+00   0.000000000E+00   0.000000000E+00   0.000000000E+00
   0.000000000E+00   0.000000000E+00   0.000000000E+00   0.000000000E+00
   0.000000000E+00   0.000000000E+00   0.000000000E+00   0.000000000E+00
   0.000000000E+00   0.000000000E+00   0.000000000E+00   0.000000000E+00
   0.000000000E+00   0.000000000E+00   0.000000000E+00   0.000000000E+00
   0.000000000E+00   0.000000000E+00   0.000000000E+00   0.000000000E+00
   0.000000000E+00   0.000000000E+00   0.000000000E+00   0.000000000E+00
   0.000000000E+00   0.000000000E+00   0.000000000E+00   0.000000000E+00
   0.000000000E+00   0.000000000E+00   0.000000000E+00   0.000000000E+00
   0.000000000E+00   0.000000000E+00   0.000000000E+00   0.000000000E+00
   0.000000000E+00   0.456959702E-09   0.105926171E-07   0.418728633E-07
   0.975374463E-07   0.174892572E-06   0.267628436E-06   0.367674348E-06
   0.466633613E-06   0.556840365E-06   0.632080501E-06   0.688018907E-06
   0.722375147E-06   0.734889785E-06   0.727123513E-06   0.702131277E-06
   0.664053538E-06   0.617666889E-06   0.567936160E-06   0.519610213E-06
   0.476903588E-06   0.443306181E-06   0.421563120E-06   0.448525304E-05
   0.484715402E-05   0.523280051E-05   0.564441267E-05   0.608457285E-05
   0.655560774E-05   0.705855222E-05   0.759411149E-05   0.816343108E-05
   0.876945193E-05   0.941564934E-05   0.101052931E-04   0.108404996E-04
   0.116231159E-04   0.124554013E-04   0.133411938E-04   0.142848207E-04
   0.152905114E-04   0.163617421E-04   0.175018490E-04   0.187143682E-04
   0.200034303E-04   0.213733898E-04   0.228291178E-04   0.243772882E-04
   0.260251691E-04   0.277807056E-04   0.296540336E-04   0.316560554E-04
   0.337973269E-04   0.360861357E-04   0.385303118E-04   0.411388890E-04
   0.439253038E-04   0.469043777E-04   0.500875730E-04   0.534716177E-04
   0.570492520E-04   0.608216585E-04   0.648253038E-04   0.691065479E-04
   0.737140923E-04   0.787023087E-04   0.841280867E-04   0.900215626E-04
   0.962999007E-04   0.102849049E-03   0.109600360E-03   0.116679828E-03
   0.124266415E-03   0.132550543E-03   0.141754347E-03   0.152112425E-03
   0.163865303E-03   0.177259431E-03   0.192547190E-03
   0.000000000E+00   0.000000000E+00   0.000000000E+00   0.000000000E+00
   0.000000000E+00   0.000000000E+00   0.000000000E+00   0.000000000E+00
   0.000000000E+00   0.000000000E+00   0.000000000E+00   0.000000000E+00
   0.000000000E+00   0.000000000E+00   0.000000000E+00   0.000000000E+00
   0.000000000E+00   0.000000000E+00   0.000000000E+00   0.000000000E+00
   0.000000000E+00   0.000000000E+00   0.000000000E+00   0.000000000E+00
   0.000000000E+00   0.000000000E+00   0.000000000E+00   0.000000000E+00
   0.000000000E+00   0.000000000E+00   0.000000000E+00   0.000000000E+00
   0.000000000E+00   0.000000000E+00   0.000000000E+00   0.000000000E+00
   0.000000000E+00   0.000000000E+00   0.000000000E+00   0.000000000E+00
   0.000000000E+00   0.000000000E+00   0.000000000E+00   0.000000000E+00
   0.000000000E+00   0.000000000E+00   0.000000000E+00   0.000000000E+00
   0.000000000E+00   0.000000000E+00   0.000000000E+00   0.000000000E+00
   0.000000000E+00   0.000000000E+00   0.000000000E+00   0.000000000E+00
   0.000000000E+00   0.000000000E+00   0.000000000E+00   0.000000000E+00
   0.000000000E+00   0.000000000E+00   0.000000000E+00   0.000000000E+00
   0.000000000E+00   0.000000000E+00   0.000000000E+00   0.000000000E+00
   0.000000000E+00   0.000000000E+00   0.000000000E+00   0.000000000E+00
   0.000000000E+00   0.000000000E+00   0.000000000E+00  -0.455589183E-09
  -0.106341112E-07  -0.423644119E-07  -0.995489054E-07  -0.180271597E-06
  -0.278967678E-06  -0.388168731E-06  -0.499862241E-06  -0.606504134E-06
  -0.701723030E-06  -0.780754945E-06  -0.840647121E-06  -0.880269708E-06
  -0.900174002E-06  -0.902335940E-06  -0.889823569E-06  -0.866427186E-06
  -0.836290863E-06  -0.803584058E-06  -0.772252027E-06  -0.745883736E-06
  -0.727735983E-06  -0.445762671E-05  -0.478977553E-05  -0.514361164E-05
  -0.552009171E-05  -0.592116418E-05  -0.634908064E-05  -0.680594695E-05
  -0.729306775E-05  -0.781155643E-05  -0.836290735E-05  -0.895011327E-05
  -0.957662331E-05  -0.102456018E-04  -0.109587459E-04  -0.117173906E-04
  -0.125234813E-04  -0.133814044E-04  -0.142962742E-04  -0.152730361E-04
  -0.163155119E-04  -0.174272951E-04  -0.186124229E-04  -0.198764984E-04
  -0.212256368E-04  -0.226664044E-04  -0.242067346E-04  -0.258550666E-04
  -0.276206938E-04  -0.295157340E-04  -0.315532732E-04  -0.337464223E-04
  -0.361073641E-04  -0.386482522E-04  -0.413792545E-04  -0.443016252E-04
  -0.474142499E-04  -0.507244644E-04  -0.542743442E-04  -0.581158364E-04
  -0.622914723E-04  -0.668012557E-04  -0.716340235E-04  -0.767888714E-04
  -0.823080509E-04  -0.882457753E-04  -0.946641538E-04  -0.101653178E-03
  -0.109311748E-03  -0.117727167E-03  -0.126932180E-03  -0.136945801E-03
  -0.147787179E-03  -0.159475598E-03  -0.172030476E-03
   0.000000000E+00   0.000000000E+00   0.000000000E+00   0.000000000E+00
   0.000000000E+00   0.000000000E+00   0.000000000E+00   0.000000000E+00
   0.000000000E+00   0.000000000E+00   0.000000000E+00   0.000000000E+00
   0.000000000E+00   0.000000000E+00   0.000000000E+00   0.000000000E+00
   0.000000000E+00   0.000000000E+00   0.000000000E+00   0.000000000E+00
   0.000000000E+00   0.000000000E+00   0.000000000E+00   0.000000000E+00
   0.000000000E+00   0.000000000E+00   0.000000000E+00   0.000000000E+00
   0.000000000E+00   0.000000000E+00   0.000000000E+00   0.000000000E+00
   0.000000000E+00   0.000000000E+00   0.000000000E+00   0.000000000E+00
   0.000000000E+00   0.000000000E+00   0.000000000E+00   0.000000000E+00
   0.000000000E+00   0.000000000E+00   0.000000000E+00   0.000000000E+00
   0.000000000E+00   0.000000000E+00   0.000000000E+00   0.000000000E+00
   0.000000000E+00   0.000000000E+00   0.000000000E+00   0.000000000E+00
   0.000000000E+00   0.000000000E+00   0.000000000E+00   0.000000000E+00
   0.000000000E+00   0.000000000E+00   0.000000000E+00   0.000000000E+00
   0.000000000E+00   0.000000000E+00   0.000000000E+00   0.000000000E+00
   0.000000000E+00   0.000000000E+00   0.000000000E+00   0.000000000E+00
   0.000000000E+00   0.000000000E+00   0.000000000E+00   0.000000000E+00
   0.000000000E+00   0.000000000E+00   0.476757681E-09   0.111545846E-07
   0.445549597E-07   0.105003632E-06   0.190772630E-06   0.296299921E-06
   0.413978141E-06   0.535551696E-06   0.653161543E-06   0.760076949E-06
   0.851153530E-06   0.923056877E-06   0.974291071E-06   0.100507139E-05
   0.101708051E-05   0.101314751E-05   0.996888940E-06   0.972351371E-06
   0.943694569E-06   0.914954727E-06   0.889926995E-06   0.872206627E-06
   0.465964415E-05   0.499690780E-05   0.535487386E-05   0.573432771E-05
   0.613631497E-05   0.656290130E-05   0.701646687E-05   0.749913260E-05
   0.801173858E-05   0.855479476E-05   0.912920524E-05   0.973749472E-05
   0.103826648E-04   0.110676527E-04   0.117948698E-04   0.125666328E-04
   0.133853502E-04   0.142536435E-04   0.151742335E-04   0.161499877E-04
   0.171841812E-04   0.182802522E-04   0.194417223E-04   0.206722125E-04
   0.219754282E-04   0.233556845E-04   0.248195300E-04   0.263742189E-04
   0.280273917E-04   0.297876917E-04   0.316641840E-04   0.336654282E-04
   0.357972432E-04   0.380648158E-04   0.404691358E-04   0.429938826E-04
   0.456178134E-04   0.483296570E-04   0.511607841E-04   0.541543028E-04
   0.573616472E-04   0.608643075E-04   0.647532489E-04   0.690861054E-04
   0.737776983E-04   0.787038499E-04   0.837165407E-04   0.885823691E-04
   0.930409715E-04   0.969776418E-04   0.100890060E-03   0.105444744E-03
   0.111326383E-03   0.119237846E-03   0.129900175E-03
Safety factor
   0.966588714E+00   0.966854360E+00   0.967855385E+00   0.969463276E+00
   0.971549524E+00   0.973985615E+00   0.976643038E+00   0.979388734E+00
   0.982071451E+00   0.984535387E+00   0.986636669E+00   0.988279122E+00
   0.989378497E+00   0.989909065E+00   0.990079181E+00   0.990155720E+00
   0.990370901E+00   0.990818319E+00   0.991556912E+00   0.992599184E+00
   0.993771899E+00   0.994855385E+00   0.995719148E+00   0.996589411E+00
   0.997781573E+00   0.999501123E+00   0.100151390E+01   0.100347585E+01
   0.100512647E+01   0.100653965E+01   0.100787285E+01   0.100926370E+01
   0.101077046E+01   0.101243153E+01   0.101426347E+01   0.101619534E+01
   0.101813435E+01   0.102001829E+01   0.102190746E+01   0.102389276E+01
   0.102603830E+01   0.102830101E+01   0.103061100E+01   0.103291860E+01
   0.103525492E+01   0.103767124E+01   0.104020575E+01   0.104284414E+01
   0.104555897E+01   0.104832883E+01   0.105115633E+01   0.105405005E+01
   0.105701736E+01   0.106006053E+01   0.106318058E+01   0.106637804E+01
   0.106965147E+01   0.107299894E+01   0.107641994E+01   0.107991956E+01
   0.108350426E+01   0.108717846E+01   0.109093819E+01   0.109477740E+01
   0.109869250E+01   0.110268977E+01   0.110677796E+01   0.111096426E+01
   0.111524958E+01   0.111963325E+01   0.112411417E+01   0.112868938E+01
   0.113335544E+01   0.113811100E+01   0.114296296E+01   0.114792031E+01
   0.115299029E+01   0.115817330E+01   0.116346798E+01   0.116887386E+01
   0.117439388E+01   0.118003183E+01   0.118579143E+01   0.119167619E+01
   0.119768956E+01   0.120383429E+01   0.121011047E+01   0.121651751E+01
   0.122305617E+01   0.122973262E+01   0.123655436E+01   0.124352783E+01
   0.125065517E+01   0.125793744E+01   0.126537664E+01   0.127297855E+01
   0.128074990E+01   0.128869659E+01   0.129682123E+01   0.130512563E+01
   0.131361244E+01   0.132228784E+01   0.133115889E+01   0.134023238E+01
   0.134951412E+01   0.135900966E+01   0.136872480E+01   0.137866617E+01
   0.138884065E+01   0.139925525E+01   0.140991754E+01   0.142083526E+01
   0.143201647E+01   0.144347069E+01   0.145520777E+01   0.146723733E+01
   0.147956797E+01   0.149220804E+01   0.150516691E+01   0.151845798E+01
   0.153209570E+01   0.154609414E+01   0.156046588E+01   0.157522316E+01
   0.159037931E+01   0.160595215E+01   0.162196061E+01   0.163842343E+01
   0.165535860E+01   0.167278393E+01   0.169071945E+01   0.170919401E+01
   0.172823867E+01   0.174788326E+01   0.176815256E+01   0.178907011E+01
   0.181065965E+01   0.183294575E+01   0.185595320E+01   0.187971166E+01
   0.190427043E+01   0.192968368E+01   0.195599702E+01   0.198322169E+01
   0.201136034E+01   0.204046061E+01   0.207075003E+01   0.210250110E+01
   0.213598635E+01   0.217147828E+01   0.220924939E+01
Current profile
   0.000000000E+00   0.110513879E-02   0.441632557E-02   0.992557910E-02
   0.176227405E-01   0.274954800E-01   0.395293058E-01   0.537085238E-01
   0.700201793E-01   0.884530945E-01   0.108998550E+00   0.131655470E+00
   0.156428202E+00   0.183323218E+00   0.212341206E+00   0.243481286E+00
   0.276741287E+00   0.312112203E+00   0.349581587E+00   0.389135736E+00
   0.430762410E+00   0.474449020E+00   0.520181468E+00   0.567942679E+00
   0.617713645E+00   0.669475038E+00   0.723211278E+00   0.778907569E+00
   0.836548937E+00   0.896120674E+00   0.957607921E+00   0.102099659E+01
   0.108627695E+01   0.115344088E+01   0.122247724E+01   0.129335986E+01
   0.136605708E+01   0.144053862E+01   0.151678645E+01   0.159478596E+01
   0.167452054E+01   0.175596455E+01   0.183908917E+01   0.192386592E+01
   0.201027152E+01   0.209828384E+01   0.218787970E+01   0.227903250E+01
   0.237171427E+01   0.246589660E+01   0.256155140E+01   0.265865029E+01
   0.275716428E+01   0.285706371E+01   0.295831828E+01   0.306089725E+01
   0.316476965E+01   0.326990408E+01   0.337626855E+01   0.348383034E+01
   0.359255611E+01   0.370241204E+01   0.381336404E+01   0.392537757E+01
   0.403841750E+01   0.415244780E+01   0.426743180E+01   0.438333246E+01
   0.450011300E+01   0.461773637E+01   0.473616480E+01   0.485535923E+01
   0.497527981E+01   0.509588632E+01   0.521713856E+01   0.533899599E+01
   0.546141755E+01   0.558436152E+01   0.570778567E+01   0.583164724E+01
   0.595590284E+01   0.608050859E+01   0.620542008E+01   0.633059243E+01
   0.645598028E+01   0.658153789E+01   0.670721953E+01   0.683297908E+01
   0.695876982E+01   0.708454395E+01   0.721025300E+01   0.733584809E+01
   0.746128028E+01   0.758650027E+01   0.771145830E+01   0.783610417E+01
   0.796038721E+01   0.808425623E+01   0.820765944E+01   0.833054459E+01
   0.845285900E+01   0.857454960E+01   0.869556285E+01   0.881584480E+01
   0.893534124E+01   0.905399761E+01   0.917175884E+01   0.928856919E+01
   0.940437241E+01   0.951911199E+01   0.963273193E+01   0.974517607E+01
   0.985638743E+01   0.996630732E+01   0.100748762E+02   0.101820341E+02
   0.102877204E+02   0.103918743E+02   0.104944350E+02   0.105953457E+02
   0.106945501E+02   0.107919911E+02   0.108876100E+02   0.109813471E+02
   0.110731429E+02   0.111629385E+02   0.112506750E+02   0.113362898E+02
   0.114197079E+02   0.115008501E+02   0.115796411E+02   0.116560232E+02
   0.117299436E+02   0.118013562E+02   0.118702444E+02   0.119365999E+02
   0.120004133E+02   0.120616667E+02   0.121203409E+02   0.121764129E+02
   0.122298404E+02   0.122805767E+02   0.123285163E+02   0.123733144E+02
   0.124145575E+02   0.124518801E+02   0.124851447E+02   0.125142701E+02
   0.125391743E+02   0.125597739E+02   0.125759851E+02
R*B_phi (m*T)
   0.508124427E+02   0.508124046E+02   0.508122900E+02   0.508120989E+02
   0.508118310E+02   0.508114857E+02   0.508110625E+02   0.508105604E+02
   0.508099782E+02   0.508093143E+02   0.508085671E+02   0.508077341E+02
   0.508068127E+02   0.508058000E+02   0.508046929E+02   0.508034878E+02
   0.508021814E+02   0.508007708E+02   0.507992530E+02   0.507976249E+02
   0.507958829E+02   0.507940233E+02   0.507920424E+02   0.507899364E+02
   0.507877016E+02   0.507853344E+02   0.507828318E+02   0.507801909E+02
   0.507774084E+02   0.507744801E+02   0.507714010E+02   0.507681670E+02
   0.507647750E+02   0.507612225E+02   0.507575070E+02   0.507536255E+02
   0.507495752E+02   0.507453534E+02   0.507409582E+02   0.507363881E+02
   0.507316411E+02   0.507267146E+02   0.507216053E+02   0.507163112E+02
   0.507108338E+02   0.507051758E+02   0.506993399E+02   0.506933288E+02
   0.506871454E+02   0.506807925E+02   0.506742735E+02   0.506675914E+02
   0.506607497E+02   0.506537518E+02   0.506466010E+02   0.506393011E+02
   0.506318556E+02   0.506242687E+02   0.506165442E+02   0.506086860E+02
   0.506006981E+02   0.505925846E+02   0.505843499E+02   0.505759985E+02
   0.505675349E+02   0.505589635E+02   0.505502889E+02   0.505415157E+02
   0.505326486E+02   0.505236926E+02   0.505146525E+02   0.505055333E+02
   0.504963400E+02   0.504870776E+02   0.504777513E+02   0.504683663E+02
   0.504589278E+02   0.504494413E+02   0.504399119E+02   0.504303450E+02
   0.504207461E+02   0.504111207E+02   0.504014742E+02   0.503918122E+02
   0.503821403E+02   0.503724640E+02   0.503627890E+02   0.503531208E+02
   0.503434650E+02   0.503338271E+02   0.503242130E+02   0.503146282E+02
   0.503050784E+02   0.502955694E+02   0.502861068E+02   0.502766961E+02
   0.502673429E+02   0.502580526E+02   0.502488310E+02   0.502396836E+02
   0.502306162E+02   0.502216341E+02   0.502127428E+02   0.502039475E+02
   0.501952536E+02   0.501866667E+02   0.501781920E+02   0.501698349E+02
   0.501616006E+02   0.501534944E+02   0.501455215E+02   0.501376870E+02
   0.501299962E+02   0.501224545E+02   0.501150672E+02   0.501078397E+02
   0.501007780E+02   0.500938877E+02   0.500871751E+02   0.500806470E+02
   0.500743108E+02   0.500681742E+02   0.500622474E+02   0.500565409E+02
   0.500510666E+02   0.500458412E+02   0.500408824E+02   0.500362106E+02
   0.500318561E+02   0.500278515E+02   0.500242339E+02   0.500210573E+02
   0.500183796E+02   0.500162630E+02   0.500147851E+02   0.500140273E+02
   0.500140631E+02   0.500149343E+02   0.500166747E+02   0.500192813E+02
   0.500226034E+02   0.500264536E+02   0.500306299E+02   0.500348715E+02
   0.500389033E+02   0.500424811E+02   0.500454854E+02   0.500478277E+02
   0.500494199E+02   0.500501734E+02   0.500500000E+02
Radial mesh: sqrt(Phi/Philim)
   0.000000000E+00   0.666666667E-02   0.133333333E-01   0.200000000E-01
   0.266666667E-01   0.333333333E-01   0.400000000E-01   0.466666667E-01
   0.533333333E-01   0.600000000E-01   0.666666667E-01   0.733333333E-01
   0.800000000E-01   0.866666667E-01   0.933333333E-01   0.100000000E+00
   0.106666667E+00   0.113333333E+00   0.120000000E+00   0.126666667E+00
   0.133333333E+00   0.140000000E+00   0.146666667E+00   0.153333333E+00
   0.160000000E+00   0.166666667E+00   0.173333333E+00   0.180000000E+00
   0.186666667E+00   0.193333333E+00   0.200000000E+00   0.206666667E+00
   0.213333333E+00   0.220000000E+00   0.226666667E+00   0.233333333E+00
   0.240000000E+00   0.246666667E+00   0.253333333E+00   0.260000000E+00
   0.266666667E+00   0.273333333E+00   0.280000000E+00   0.286666667E+00
   0.293333333E+00   0.300000000E+00   0.306666667E+00   0.313333333E+00
   0.320000000E+00   0.326666667E+00   0.333333333E+00   0.340000000E+00
   0.346666667E+00   0.353333333E+00   0.360000000E+00   0.366666667E+00
   0.373333333E+00   0.380000000E+00   0.386666667E+00   0.393333333E+00
   0.400000000E+00   0.406666667E+00   0.413333333E+00   0.420000000E+00
   0.426666667E+00   0.433333333E+00   0.440000000E+00   0.446666667E+00
   0.453333333E+00   0.460000000E+00   0.466666667E+00   0.473333333E+00
   0.480000000E+00   0.486666667E+00   0.493333333E+00   0.500000000E+00
   0.506666667E+00   0.513333333E+00   0.520000000E+00   0.526666667E+00
   0.533333333E+00   0.540000000E+00   0.546666667E+00   0.553333333E+00
   0.560000000E+00   0.566666667E+00   0.573333333E+00   0.580000000E+00
   0.586666667E+00   0.593333333E+00   0.600000000E+00   0.606666667E+00
   0.613333333E+00   0.620000000E+00   0.626666667E+00   0.633333333E+00
   0.640000000E+00   0.646666667E+00   0.653333333E+00   0.660000000E+00
   0.666666667E+00   0.673333333E+00   0.680000000E+00   0.686666667E+00
   0.693333333E+00   0.700000000E+00   0.706666667E+00   0.713333333E+00
   0.720000000E+00   0.726666667E+00   0.733333333E+00   0.740000000E+00
   0.746666667E+00   0.753333333E+00   0.760000000E+00   0.766666667E+00
   0.773333333E+00   0.780000000E+00   0.786666667E+00   0.793333333E+00
   0.800000000E+00   0.806666667E+00   0.813333333E+00   0.820000000E+00
   0.826666667E+00   0.833333333E+00   0.840000000E+00   0.846666667E+00
   0.853333333E+00   0.860000000E+00   0.866666667E+00   0.873333333E+00
   0.880000000E+00   0.886666667E+00   0.893333333E+00   0.900000000E+00
   0.906666667E+00   0.913333333E+00   0.920000000E+00   0.926666667E+00
   0.933333333E+00   0.940000000E+00   0.946666667E+00   0.953333333E+00
   0.960000000E+00   0.966666667E+00   0.973333333E+00   0.980000000E+00
   0.986666667E+00   0.993333333E+00   0.100000000E+01
Last surface (set to 1: TRANSP)
   0.100000000E+01
