Major radius (central)
   0.460943956E+01
Major radius (axis)
   0.476562727E+01
Magnetic field at major radius
   0.108581530E+02
Total toroidal current
   0.125759642E+02
Number of poloidal modes
   16
Number of radial mesh points
  151
Radial mesh: sqrt(Psi/Psilim)
   0.000000000E+00   0.796242446E-02   0.159175710E-01   0.238656730E-01
   0.318059942E-01   0.397377835E-01   0.476604371E-01   0.555736427E-01
   0.634774882E-01   0.713725031E-01   0.792595963E-01   0.871399073E-01
   0.950146305E-01   0.102884847E+00   0.110751383E+00   0.118614721E+00
   0.126474986E+00   0.134331967E+00   0.142185179E+00   0.150033912E+00
   0.157877326E+00   0.165714544E+00   0.173544730E+00   0.181367115E+00
   0.189180991E+00   0.196985723E+00   0.204780789E+00   0.212565813E+00
   0.220340565E+00   0.228104903E+00   0.235858730E+00   0.243601957E+00
   0.251334495E+00   0.259056225E+00   0.266766965E+00   0.274466441E+00
   0.282154293E+00   0.289830107E+00   0.297493454E+00   0.305143915E+00
   0.312781090E+00   0.320404601E+00   0.328014087E+00   0.335609209E+00
   0.343189649E+00   0.350755096E+00   0.358305249E+00   0.365839804E+00
   0.373358462E+00   0.380860934E+00   0.388346938E+00   0.395816208E+00
   0.403268485E+00   0.410703527E+00   0.418121093E+00   0.425520948E+00
   0.432902851E+00   0.440266551E+00   0.447611784E+00   0.454938276E+00
   0.462245743E+00   0.469533893E+00   0.476802431E+00   0.484051057E+00
   0.491279473E+00   0.498487380E+00   0.505674482E+00   0.512840482E+00
   0.519985084E+00   0.527107987E+00   0.534208891E+00   0.541287490E+00
   0.548343475E+00   0.555376538E+00   0.562386363E+00   0.569372636E+00
   0.576335040E+00   0.583273256E+00   0.590186964E+00   0.597075844E+00
   0.603939574E+00   0.610777833E+00   0.617590297E+00   0.624376643E+00
   0.631136546E+00   0.637869681E+00   0.644575719E+00   0.651254334E+00
   0.657905194E+00   0.664527969E+00   0.671122322E+00   0.677687916E+00
   0.684224409E+00   0.690731457E+00   0.697208713E+00   0.703655827E+00
   0.710072448E+00   0.716458222E+00   0.722812792E+00   0.729135801E+00
   0.735426889E+00   0.741685694E+00   0.747911851E+00   0.754104990E+00
   0.760264738E+00   0.766390719E+00   0.772482552E+00   0.778539854E+00
   0.784562235E+00   0.790549303E+00   0.796500664E+00   0.802415916E+00
   0.808294655E+00   0.814136470E+00   0.819940946E+00   0.825707661E+00
   0.831436185E+00   0.837126089E+00   0.842776937E+00   0.848388293E+00
   0.853959718E+00   0.859490768E+00   0.864980993E+00   0.870429936E+00
   0.875837129E+00   0.881202088E+00   0.886524313E+00   0.891803282E+00
   0.897038455E+00   0.902229277E+00   0.907375176E+00   0.912475571E+00
   0.917529878E+00   0.922537514E+00   0.927497906E+00   0.932410487E+00
   0.937274704E+00   0.942090008E+00   0.946855867E+00   0.951571758E+00
   0.956237165E+00   0.960851562E+00   0.965414398E+00   0.969925082E+00
   0.974382976E+00   0.978787456E+00   0.983138004E+00   0.987434319E+00
   0.991676408E+00   0.995864677E+00   0.100000000E+01
Fourier equilibrium coefficients
   0.476562727E+01   0.476562011E+01   0.476559862E+01   0.476556280E+01
   0.476551266E+01   0.476544820E+01   0.476536940E+01   0.476527629E+01
   0.476516884E+01   0.476504707E+01   0.476491098E+01   0.476476056E+01
   0.476459581E+01   0.476441674E+01   0.476422334E+01   0.476401561E+01
   0.476379356E+01   0.476355719E+01   0.476330649E+01   0.476304146E+01
   0.476276210E+01   0.476246842E+01   0.476216042E+01   0.476183863E+01
   0.476150361E+01   0.476115553E+01   0.476079462E+01   0.476042113E+01
   0.476003527E+01   0.475963715E+01   0.475922686E+01   0.475880450E+01
   0.475837033E+01   0.475792462E+01   0.475746764E+01   0.475699963E+01
   0.475652084E+01   0.475603153E+01   0.475553209E+01   0.475502293E+01
   0.475450443E+01   0.475397678E+01   0.475344015E+01   0.475289469E+01
   0.475234051E+01   0.475177771E+01   0.475120649E+01   0.475062741E+01
   0.475004111E+01   0.474944831E+01   0.474885002E+01   0.474824729E+01
   0.474764116E+01   0.474703250E+01   0.474642215E+01   0.474581089E+01
   0.474519913E+01   0.474458724E+01   0.474397553E+01   0.474336417E+01
   0.474275328E+01   0.474214298E+01   0.474153328E+01   0.474092422E+01
   0.474031579E+01   0.473970796E+01   0.473910069E+01   0.473849395E+01
   0.473788772E+01   0.473728196E+01   0.473667666E+01   0.473607181E+01
   0.473546738E+01   0.473486337E+01   0.473425974E+01   0.473365643E+01
   0.473305341E+01   0.473245060E+01   0.473184791E+01   0.473124528E+01
   0.473064263E+01   0.473003990E+01   0.472943705E+01   0.472883408E+01
   0.472823097E+01   0.472762776E+01   0.472702451E+01   0.472642129E+01
   0.472581820E+01   0.472521533E+01   0.472461282E+01   0.472401078E+01
   0.472340933E+01   0.472280860E+01   0.472220871E+01   0.472160978E+01
   0.472101194E+01   0.472041534E+01   0.471982008E+01   0.471922631E+01
   0.471863416E+01   0.471804375E+01   0.471745523E+01   0.471686872E+01
   0.471628435E+01   0.471570227E+01   0.471512260E+01   0.471454548E+01
   0.471397107E+01   0.471339951E+01   0.471283095E+01   0.471226555E+01
   0.471170345E+01   0.471114483E+01   0.471058989E+01   0.471003883E+01
   0.470949187E+01   0.470894928E+01   0.470841129E+01   0.470787818E+01
   0.470735021E+01   0.470682764E+01   0.470631073E+01   0.470579971E+01
   0.470529483E+01   0.470479628E+01   0.470430428E+01   0.470381919E+01
   0.470334206E+01   0.470287415E+01   0.470241678E+01   0.470197163E+01
   0.470154047E+01   0.470112427E+01   0.470072074E+01   0.470032680E+01
   0.469993891E+01   0.469955184E+01   0.469915990E+01   0.469875816E+01
   0.469834478E+01   0.469791867E+01   0.469747916E+01   0.469702719E+01
   0.469656413E+01   0.469609305E+01   0.469562387E+01   0.469516823E+01
   0.469473775E+01   0.469434408E+01   0.469399885E+01
   0.556213783E-01   0.556208201E-01   0.556191455E-01   0.556163544E-01
   0.556124470E-01   0.556074231E-01   0.556012828E-01   0.555940261E-01
   0.555856530E-01   0.555761635E-01   0.555655575E-01   0.555538351E-01
   0.555409964E-01   0.555270412E-01   0.555119695E-01   0.554957815E-01
   0.554784771E-01   0.554600562E-01   0.554405189E-01   0.554198652E-01
   0.553980951E-01   0.553752086E-01   0.553512056E-01   0.553261095E-01
   0.552999433E-01   0.552727078E-01   0.552444422E-01   0.552151949E-01
   0.551850005E-01   0.551538373E-01   0.551216691E-01   0.550884767E-01
   0.550543062E-01   0.550192204E-01   0.549832678E-01   0.549464403E-01
   0.549087154E-01   0.548700804E-01   0.548305606E-01   0.547901910E-01
   0.547489988E-01   0.547069804E-01   0.546641246E-01   0.546204254E-01
   0.545758979E-01   0.545305627E-01   0.544844468E-01   0.544376027E-01
   0.543900896E-01   0.543419594E-01   0.542932363E-01   0.542439375E-01
   0.541940867E-01   0.541437341E-01   0.540929366E-01   0.540417437E-01
   0.539901758E-01   0.539382458E-01   0.538859632E-01   0.538333243E-01
   0.537803217E-01   0.537269445E-01   0.536731681E-01   0.536189644E-01
   0.535643064E-01   0.535091725E-01   0.534535422E-01   0.533973944E-01
   0.533407057E-01   0.532834521E-01   0.532256072E-01   0.531671367E-01
   0.531080039E-01   0.530481732E-01   0.529876129E-01   0.529262918E-01
   0.528641771E-01   0.528012271E-01   0.527373985E-01   0.526726492E-01
   0.526069449E-01   0.525402526E-01   0.524725361E-01   0.524037448E-01
   0.523338246E-01   0.522627241E-01   0.521904020E-01   0.521168196E-01
   0.520419368E-01   0.519657078E-01   0.518880854E-01   0.518090208E-01
   0.517284597E-01   0.516463463E-01   0.515626242E-01   0.514772340E-01
   0.513901156E-01   0.513012062E-01   0.512104333E-01   0.511177218E-01
   0.510229959E-01   0.509261778E-01   0.508271889E-01   0.507259475E-01
   0.506223582E-01   0.505163223E-01   0.504077388E-01   0.502964979E-01
   0.501824872E-01   0.500655908E-01   0.499456773E-01   0.498226112E-01
   0.496962559E-01   0.495664683E-01   0.494331037E-01   0.492960144E-01
   0.491550394E-01   0.490100149E-01   0.488607650E-01   0.487070675E-01
   0.485486885E-01   0.483853832E-01   0.482168628E-01   0.480428278E-01
   0.478629812E-01   0.476770369E-01   0.474847118E-01   0.472857146E-01
   0.470797227E-01   0.468664055E-01   0.466454123E-01   0.464163117E-01
   0.461786521E-01   0.459319317E-01   0.456754485E-01   0.454084505E-01
   0.451301618E-01   0.448397112E-01   0.445362039E-01   0.442187418E-01
   0.438864146E-01   0.435383085E-01   0.431737240E-01   0.427928175E-01
   0.423959596E-01   0.419827873E-01   0.415500045E-01   0.410935817E-01
   0.406094893E-01   0.400936978E-01   0.395421778E-01
   0.000000000E+00   0.781751442E-02   0.156324470E-01   0.234418168E-01
   0.312433271E-01   0.390353652E-01   0.468170029E-01   0.545880290E-01
   0.623490856E-01   0.701016355E-01   0.778478541E-01   0.855903083E-01
   0.933320919E-01   0.101076432E+00   0.108825023E+00   0.116578914E+00
   0.124338568E+00   0.132102722E+00   0.139869076E+00   0.147635255E+00
   0.155401093E+00   0.163167122E+00   0.170933781E+00   0.178700782E+00
   0.186467557E+00   0.194233375E+00   0.201997166E+00   0.209757652E+00
   0.217513976E+00   0.225267601E+00   0.233020868E+00   0.240775794E+00
   0.248531937E+00   0.256288067E+00   0.264043128E+00   0.271797352E+00
   0.279551365E+00   0.287305653E+00   0.295059870E+00   0.302813403E+00
   0.310565713E+00   0.318316797E+00   0.326066807E+00   0.333815861E+00
   0.341563873E+00   0.349310695E+00   0.357056169E+00   0.364800116E+00
   0.372542344E+00   0.380282709E+00   0.388021290E+00   0.395758240E+00
   0.403493647E+00   0.411227283E+00   0.418958820E+00   0.426687976E+00
   0.434414705E+00   0.442139029E+00   0.449860959E+00   0.457580445E+00
   0.465297417E+00   0.473011812E+00   0.480723601E+00   0.488432761E+00
   0.496139263E+00   0.503843041E+00   0.511544021E+00   0.519242129E+00
   0.526937310E+00   0.534629514E+00   0.542318691E+00   0.550004788E+00
   0.557687754E+00   0.565367532E+00   0.573044046E+00   0.580717211E+00
   0.588386948E+00   0.596053189E+00   0.603715873E+00   0.611374931E+00
   0.619030279E+00   0.626681825E+00   0.634329474E+00   0.641973124E+00
   0.649612666E+00   0.657248001E+00   0.664879052E+00   0.672505753E+00
   0.680128015E+00   0.687745674E+00   0.695358538E+00   0.702966430E+00
   0.710569243E+00   0.718166884E+00   0.725759250E+00   0.733346184E+00
   0.740927511E+00   0.748503059E+00   0.756072676E+00   0.763636212E+00
   0.771193505E+00   0.778744361E+00   0.786288572E+00   0.793825938E+00
   0.801356301E+00   0.808879515E+00   0.816395412E+00   0.823903739E+00
   0.831404220E+00   0.838896588E+00   0.846380640E+00   0.853856189E+00
   0.861323029E+00   0.868780900E+00   0.876229523E+00   0.883668607E+00
   0.891097834E+00   0.898516870E+00   0.905925387E+00   0.913323093E+00
   0.920709698E+00   0.928084889E+00   0.935448247E+00   0.942799323E+00
   0.950137687E+00   0.957463014E+00   0.964775000E+00   0.972073288E+00
   0.979357297E+00   0.986626383E+00   0.993879799E+00   0.100111642E+01
   0.100833502E+01   0.101553462E+01   0.102271541E+01   0.102987788E+01
   0.103702273E+01   0.104415129E+01   0.105126512E+01   0.105836554E+01
   0.106545279E+01   0.107252683E+01   0.107958757E+01   0.108663473E+01
   0.109366797E+01   0.110068601E+01   0.110768369E+01   0.111465478E+01
   0.112159289E+01   0.112849144E+01   0.113534372E+01
   0.000000000E+00   0.952050171E-02   0.190378291E-01   0.285483728E-01
   0.380492692E-01   0.475383999E-01   0.570143920E-01   0.664767145E-01
   0.759260765E-01   0.853643316E-01   0.947942533E-01   0.104218945E+00
   0.113642088E+00   0.123067514E+00   0.132497205E+00   0.141932358E+00
   0.151373466E+00   0.160818957E+00   0.170266019E+00   0.179711743E+00
   0.189155866E+00   0.198598954E+00   0.208041470E+00   0.217483051E+00
   0.226923010E+00   0.236360466E+00   0.245794088E+00   0.255222283E+00
   0.264643973E+00   0.274060947E+00   0.283476067E+00   0.292891815E+00
   0.302307681E+00   0.311722202E+00   0.321134133E+00   0.330543804E+00
   0.339952031E+00   0.349359470E+00   0.358765782E+00   0.368170313E+00
   0.377572494E+00   0.386972351E+00   0.396370083E+00   0.405765867E+00
   0.415159706E+00   0.424551555E+00   0.433941374E+00   0.443329136E+00
   0.452714824E+00   0.462098510E+00   0.471480666E+00   0.480861897E+00
   0.490242746E+00   0.499623354E+00   0.509003752E+00   0.518384002E+00
   0.527764302E+00   0.537144897E+00   0.546526013E+00   0.555907764E+00
   0.565290236E+00   0.574673515E+00   0.584057685E+00   0.593442834E+00
   0.602829034E+00   0.612216320E+00   0.621604713E+00   0.630994239E+00
   0.640384959E+00   0.649776946E+00   0.659170271E+00   0.668565010E+00
   0.677961240E+00   0.687359031E+00   0.696758428E+00   0.706159466E+00
   0.715562182E+00   0.724966628E+00   0.734372858E+00   0.743780922E+00
   0.753190856E+00   0.762602690E+00   0.772016458E+00   0.781432222E+00
   0.790850050E+00   0.800270023E+00   0.809692292E+00   0.819117023E+00
   0.828544371E+00   0.837974419E+00   0.847407230E+00   0.856842891E+00
   0.866281584E+00   0.875723519E+00   0.885168897E+00   0.894617871E+00
   0.904070579E+00   0.913527172E+00   0.922987833E+00   0.932452760E+00
   0.941922146E+00   0.951396156E+00   0.960874955E+00   0.970358722E+00
   0.979847711E+00   0.989342198E+00   0.998842443E+00   0.100834862E+01
   0.101786090E+01   0.102737945E+01   0.103690458E+01   0.104643661E+01
   0.105597585E+01   0.106552263E+01   0.107507722E+01   0.108463995E+01
   0.109421114E+01   0.110379114E+01   0.111338031E+01   0.112297913E+01
   0.113258811E+01   0.114220776E+01   0.115183850E+01   0.116148076E+01
   0.117113497E+01   0.118080157E+01   0.119048102E+01   0.120017390E+01
   0.120988126E+01   0.121960430E+01   0.122934438E+01   0.123910337E+01
   0.124888332E+01   0.125868572E+01   0.126850965E+01   0.127835351E+01
   0.128821527E+01   0.129809126E+01   0.130797735E+01   0.131786980E+01
   0.132776705E+01   0.133766805E+01   0.134757216E+01   0.135748050E+01
   0.136739464E+01   0.137731805E+01   0.138726163E+01   0.139723843E+01
   0.140726187E+01   0.141734568E+01   0.142750397E+01
   0.000000000E+00   0.172564248E-03   0.344826207E-03   0.516395382E-03
   0.687032487E-03   0.856649446E-03   0.102530939E-02   0.119315781E-02
   0.136013733E-02   0.152605653E-02   0.169071595E-02   0.185419983E-02
   0.201675333E-02   0.217864571E-02   0.233989821E-02   0.250042876E-02
   0.266014099E-02   0.281901249E-02   0.297704119E-02   0.313422380E-02
   0.329055741E-02   0.344603843E-02   0.360065986E-02   0.375440351E-02
   0.390724543E-02   0.405916345E-02   0.421015504E-02   0.436022418E-02
   0.450937750E-02   0.465762795E-02   0.480499204E-02   0.495148835E-02
   0.509713628E-02   0.524195704E-02   0.538596953E-02   0.552917581E-02
   0.567157274E-02   0.581315875E-02   0.595394211E-02   0.609393418E-02
   0.623314343E-02   0.637156380E-02   0.650918432E-02   0.664599578E-02
   0.678200093E-02   0.691720592E-02   0.705162522E-02   0.718530700E-02
   0.731831161E-02   0.745069937E-02   0.758251638E-02   0.771380671E-02
   0.784461724E-02   0.797499941E-02   0.810500769E-02   0.823469173E-02
   0.836407318E-02   0.849316594E-02   0.862198192E-02   0.875052703E-02
   0.887880472E-02   0.900681379E-02   0.913453768E-02   0.926195397E-02
   0.938903924E-02   0.951577407E-02   0.964213862E-02   0.976811181E-02
   0.989367371E-02   0.100188034E-01   0.101434775E-01   0.102676674E-01
   0.103913418E-01   0.105144686E-01   0.106370177E-01   0.107589588E-01
   0.108802586E-01   0.110008778E-01   0.111207738E-01   0.112399043E-01
   0.113582343E-01   0.114757293E-01   0.115923517E-01   0.117080543E-01
   0.118227864E-01   0.119364985E-01   0.120491541E-01   0.121607194E-01
   0.122711581E-01   0.123804269E-01   0.124884800E-01   0.125952700E-01
   0.127007487E-01   0.128048663E-01   0.129075715E-01   0.130088099E-01
   0.131085255E-01   0.132066587E-01   0.133031405E-01   0.133978977E-01
   0.134908559E-01   0.135819400E-01   0.136710736E-01   0.137581758E-01
   0.138431533E-01   0.139259077E-01   0.140063368E-01   0.140843293E-01
   0.141597696E-01   0.142325367E-01   0.143024970E-01   0.143695110E-01
   0.144334349E-01   0.144941175E-01   0.145514030E-01   0.146051304E-01
   0.146551278E-01   0.147012172E-01   0.147432062E-01   0.147808535E-01
   0.148139008E-01   0.148420767E-01   0.148650750E-01   0.148825749E-01
   0.148942441E-01   0.148997267E-01   0.148986545E-01   0.148906528E-01
   0.148753449E-01   0.148523477E-01   0.148212763E-01   0.147817620E-01
   0.147334351E-01   0.146757890E-01   0.146077818E-01   0.145282128E-01
   0.144358180E-01   0.143291682E-01   0.142067654E-01   0.140670713E-01
   0.139084955E-01   0.137294071E-01   0.135285854E-01   0.133065883E-01
   0.130644538E-01   0.128021927E-01   0.125155327E-01   0.121990131E-01
   0.118470350E-01   0.114538624E-01   0.110136212E-01
   0.000000000E+00   0.287690874E-04   0.578079086E-04   0.874789044E-04
   0.117985589E-03   0.149372551E-03   0.181525453E-03   0.214254223E-03
   0.247637719E-03   0.281940527E-03   0.317458029E-03   0.354153427E-03
   0.391810572E-03   0.430187593E-03   0.469296022E-03   0.509252326E-03
   0.550172715E-03   0.592033644E-03   0.634756510E-03   0.678261944E-03
   0.722536249E-03   0.767587448E-03   0.813424811E-03   0.860048441E-03
   0.907456588E-03   0.955641089E-03   0.100456286E-02   0.105416991E-02
   0.110441894E-02   0.115532400E-02   0.120691948E-02   0.125922888E-02
   0.131220804E-02   0.136578958E-02   0.141991474E-02   0.147458385E-02
   0.152981598E-02   0.158562323E-02   0.164197519E-02   0.169882790E-02
   0.175614348E-02   0.181391937E-02   0.187216413E-02   0.193088271E-02
   0.199005738E-02   0.204966378E-02   0.210967097E-02   0.217002369E-02
   0.223065742E-02   0.229151087E-02   0.235254839E-02   0.241374072E-02
   0.247505286E-02   0.253642722E-02   0.259779823E-02   0.265910635E-02
   0.272032611E-02   0.278144165E-02   0.284244116E-02   0.290332649E-02
   0.296410467E-02   0.302478708E-02   0.308539567E-02   0.314595744E-02
   0.320650006E-02   0.326704431E-02   0.332761079E-02   0.338822189E-02
   0.344890042E-02   0.350967084E-02   0.357056039E-02   0.363160160E-02
   0.369283007E-02   0.375428191E-02   0.381598838E-02   0.387798074E-02
   0.394029304E-02   0.400296547E-02   0.406604133E-02   0.412956354E-02
   0.419356708E-02   0.425808583E-02   0.432315732E-02   0.438882974E-02
   0.445515548E-02   0.452218574E-02   0.458996057E-02   0.465851799E-02
   0.472789787E-02   0.479814438E-02   0.486930370E-02   0.494142403E-02
   0.501455772E-02   0.508875926E-02   0.516408469E-02   0.524059180E-02
   0.531833995E-02   0.539739155E-02   0.547781689E-02   0.555968971E-02
   0.564308545E-02   0.572808089E-02   0.581475446E-02   0.590318872E-02
   0.599347712E-02   0.608571770E-02   0.618001193E-02   0.627646798E-02
   0.637519771E-02   0.647631784E-02   0.657995695E-02   0.668624895E-02
   0.679533139E-02   0.690734690E-02   0.702244186E-02   0.714076778E-02
   0.726248722E-02   0.738776824E-02   0.751679082E-02   0.764977218E-02
   0.778694298E-02   0.792854691E-02   0.807486432E-02   0.822618998E-02
   0.838282043E-02   0.854503830E-02   0.871312709E-02   0.888738623E-02
   0.906816209E-02   0.925581872E-02   0.945074121E-02   0.965337642E-02
   0.986419447E-02   0.100837190E-01   0.103126596E-01   0.105517867E-01
   0.108019127E-01   0.110639669E-01   0.113389246E-01   0.116277594E-01
   0.119313681E-01   0.122506419E-01   0.125863361E-01   0.129385981E-01
   0.133074158E-01   0.136933739E-01   0.140995036E-01   0.145295248E-01
   0.149872499E-01   0.154765834E-01   0.160015219E-01
  -0.000000000E+00  -0.181854249E-05  -0.728256154E-05  -0.164046446E-04
  -0.291973789E-04  -0.456733520E-04  -0.658451513E-04  -0.897253641E-04
  -0.117326578E-03  -0.148661380E-03  -0.183742357E-03  -0.222582098E-03
  -0.265193190E-03  -0.311588219E-03  -0.361779773E-03  -0.415780440E-03
  -0.473602808E-03  -0.535259462E-03  -0.600762992E-03  -0.670125984E-03
  -0.743361025E-03  -0.820480703E-03  -0.901497606E-03  -0.986464626E-03
  -0.107542626E-02  -0.116840098E-02  -0.126540163E-02  -0.136643853E-02
  -0.147152818E-02  -0.158071852E-02  -0.169406969E-02  -0.181164067E-02
  -0.193346850E-02  -0.205958455E-02  -0.219002816E-02  -0.232487192E-02
  -0.246420145E-02  -0.260809281E-02  -0.275656322E-02  -0.290961121E-02
  -0.306723800E-02  -0.322946953E-02  -0.339633821E-02  -0.356788482E-02
  -0.374418540E-02  -0.392532868E-02  -0.411140656E-02  -0.430250935E-02
  -0.449872982E-02  -0.470016442E-02  -0.490691268E-02  -0.511907775E-02
  -0.533676777E-02  -0.556009981E-02  -0.578919646E-02  -0.602417710E-02
  -0.626513404E-02  -0.651215331E-02  -0.676531417E-02  -0.702466450E-02
  -0.729024242E-02  -0.756208621E-02  -0.784024162E-02  -0.812475538E-02
  -0.841567626E-02  -0.871306544E-02  -0.901698725E-02  -0.932750777E-02
  -0.964470041E-02  -0.996864089E-02  -0.102994067E-01  -0.106370808E-01
  -0.109817481E-01  -0.113334955E-01  -0.116924132E-01  -0.120585936E-01
  -0.124321313E-01  -0.128131270E-01  -0.132016841E-01  -0.135979084E-01
  -0.140019107E-01  -0.144138044E-01  -0.148337078E-01  -0.152617533E-01
  -0.156980789E-01  -0.161428282E-01  -0.165961590E-01  -0.170582356E-01
  -0.175292265E-01  -0.180093090E-01  -0.184986652E-01  -0.189974830E-01
  -0.195059632E-01  -0.200243130E-01  -0.205527450E-01  -0.210914796E-01
  -0.216407431E-01  -0.222007681E-01  -0.227717994E-01  -0.233540889E-01
  -0.239478954E-01  -0.245534908E-01  -0.251711545E-01  -0.258011746E-01
  -0.264438588E-01  -0.270995243E-01  -0.277684965E-01  -0.284511150E-01
  -0.291477276E-01  -0.298586956E-01  -0.305844126E-01  -0.313252867E-01
  -0.320817388E-01  -0.328542160E-01  -0.336431792E-01  -0.344491043E-01
  -0.352725004E-01  -0.361138930E-01  -0.369738303E-01  -0.378529215E-01
  -0.387518011E-01  -0.396711185E-01  -0.406115445E-01  -0.415737656E-01
  -0.425584999E-01  -0.435665539E-01  -0.445987692E-01  -0.456560618E-01
  -0.467395979E-01  -0.478506278E-01  -0.489904445E-01  -0.501604280E-01
  -0.513620033E-01  -0.525964442E-01  -0.538643172E-01  -0.551660074E-01
  -0.565016888E-01  -0.578706859E-01  -0.592720781E-01  -0.607052178E-01
  -0.621706858E-01  -0.636693853E-01  -0.652024219E-01  -0.667716781E-01
  -0.683792677E-01  -0.700281505E-01  -0.717245740E-01  -0.734757526E-01
  -0.752890796E-01  -0.771721270E-01  -0.791326457E-01
   0.000000000E+00   0.122451476E-05   0.490452244E-05   0.110497182E-04
   0.196697970E-04   0.307744542E-04   0.443733848E-04   0.604762838E-04
   0.790928465E-04   0.100232768E-03   0.123905743E-03   0.150121468E-03
   0.178889636E-03   0.210219944E-03   0.244122085E-03   0.280605757E-03
   0.319680653E-03   0.361356468E-03   0.405642899E-03   0.452549639E-03
   0.502086385E-03   0.554262830E-03   0.609088671E-03   0.666603414E-03
   0.726840103E-03   0.789813723E-03   0.855535374E-03   0.924014450E-03
   0.995264493E-03   0.106931971E-02   0.114622241E-02   0.122601424E-02
   0.130872287E-02   0.139437243E-02   0.148299229E-02   0.157463318E-02
   0.166935432E-02   0.176720829E-02   0.186820760E-02   0.197235194E-02
   0.207964292E-02   0.219009957E-02   0.230374551E-02   0.242060992E-02
   0.254074545E-02   0.266421316E-02   0.279107590E-02   0.292139411E-02
   0.305522935E-02   0.319264473E-02   0.333370223E-02   0.347846502E-02
   0.362699913E-02   0.377937630E-02   0.393567156E-02   0.409595789E-02
   0.426029240E-02   0.442872837E-02   0.460131398E-02   0.477807464E-02
   0.495902846E-02   0.514419357E-02   0.533359370E-02   0.552725321E-02
   0.572519766E-02   0.592746107E-02   0.613407944E-02   0.634508956E-02
   0.656053221E-02   0.678044928E-02   0.700488349E-02   0.723388059E-02
   0.746748740E-02   0.770575147E-02   0.794872229E-02   0.819645025E-02
   0.844898691E-02   0.870638724E-02   0.896870763E-02   0.923600567E-02
   0.950834168E-02   0.978577733E-02   0.100683767E-01   0.103562107E-01
   0.106493534E-01   0.109478814E-01   0.112518791E-01   0.115614343E-01
   0.118766367E-01   0.121975794E-01   0.125243576E-01   0.128570692E-01
   0.131958183E-01   0.135407120E-01   0.138918597E-01   0.142493732E-01
   0.146133666E-01   0.149839569E-01   0.153612657E-01   0.157454181E-01
   0.161365416E-01   0.165347692E-01   0.169402368E-01   0.173530843E-01
   0.177734599E-01   0.182015160E-01   0.186374080E-01   0.190812947E-01
   0.195333380E-01   0.199937054E-01   0.204625785E-01   0.209401452E-01
   0.214265985E-01   0.219221418E-01   0.224269839E-01   0.229413399E-01
   0.234654396E-01   0.239995193E-01   0.245438245E-01   0.250986232E-01
   0.256641932E-01   0.262408119E-01   0.268287388E-01   0.274282323E-01
   0.280395697E-01   0.286630945E-01   0.292991720E-01   0.299482074E-01
   0.306107465E-01   0.312873807E-01   0.319786915E-01   0.326851803E-01
   0.334073347E-01   0.341455920E-01   0.349001565E-01   0.356711723E-01
   0.364587010E-01   0.372624740E-01   0.380821269E-01   0.389174029E-01
   0.397685298E-01   0.406358622E-01   0.415198971E-01   0.424216912E-01
   0.433424649E-01   0.442836093E-01   0.452471232E-01   0.462351980E-01
   0.472500772E-01   0.482940565E-01   0.493694833E-01
   0.000000000E+00   0.261973687E-06   0.104890594E-05   0.236231353E-05
   0.420371324E-05   0.657462186E-05   0.947655616E-05   0.129110329E-04
   0.168795689E-04   0.213836810E-04   0.264248858E-04   0.320047003E-04
   0.381246411E-04   0.447862251E-04   0.519909689E-04   0.597403896E-04
   0.680360037E-04   0.768793280E-04   0.862718795E-04   0.962151747E-04
   0.106710731E-03   0.117760064E-03   0.129364691E-03   0.141537941E-03
   0.154292128E-03   0.167629344E-03   0.181539600E-03   0.196007718E-03
   0.211023522E-03   0.226606830E-03   0.242788445E-03   0.259593175E-03
   0.277007553E-03   0.295005086E-03   0.313564857E-03   0.332701693E-03
   0.352442029E-03   0.372810596E-03   0.393815825E-03   0.415461744E-03
   0.437753705E-03   0.460702969E-03   0.484322909E-03   0.508623245E-03
   0.533596017E-03   0.559227359E-03   0.585504980E-03   0.612428570E-03
   0.640000962E-03   0.668231231E-03   0.697154436E-03   0.726814679E-03
   0.757250673E-03   0.788469085E-03   0.820467617E-03   0.853245449E-03
   0.886810531E-03   0.921173217E-03   0.956344148E-03   0.992334598E-03
   0.102915617E-02   0.106682161E-02   0.110534773E-02   0.114475281E-02
   0.118505422E-02   0.122626371E-02   0.126839160E-02   0.131144881E-02
   0.135544874E-02   0.140040561E-02   0.144633521E-02   0.149325907E-02
   0.154120077E-02   0.159018322E-02   0.164022457E-02   0.169134197E-02
   0.174355376E-02   0.179688261E-02   0.185135269E-02   0.190698760E-02
   0.196380681E-02   0.202182889E-02   0.208107524E-02   0.214157801E-02
   0.220337290E-02   0.226649523E-02   0.233097589E-02   0.239684506E-02
   0.246413421E-02   0.253287812E-02   0.260311303E-02   0.267487670E-02
   0.274821092E-02   0.282315921E-02   0.289976604E-02   0.297807676E-02
   0.305813766E-02   0.313999702E-02   0.322370816E-02   0.330932664E-02
   0.339690904E-02   0.348651254E-02   0.357819532E-02   0.367201829E-02
   0.376804985E-02   0.386636142E-02   0.396702655E-02   0.407012260E-02
   0.417572912E-02   0.428392921E-02   0.439481516E-02   0.450848315E-02
   0.462503125E-02   0.474455897E-02   0.486716767E-02   0.499296292E-02
   0.512206119E-02   0.525458354E-02   0.539065948E-02   0.553044501E-02
   0.567410567E-02   0.582181485E-02   0.597376660E-02   0.613016359E-02
   0.629121081E-02   0.645710872E-02   0.662805968E-02   0.680427330E-02
   0.698597601E-02   0.717340205E-02   0.736683184E-02   0.756671909E-02
   0.777357075E-02   0.798786374E-02   0.820991530E-02   0.844000561E-02
   0.867837564E-02   0.892509260E-02   0.918017736E-02   0.944374830E-02
   0.971632886E-02   0.999855592E-02   0.102909339E-01   0.105933857E-01
   0.109056793E-01   0.112281686E-01   0.115636176E-01   0.119154670E-01
   0.122872458E-01   0.126825712E-01   0.131051488E-01
   0.000000000E+00   0.240947700E-06   0.964389520E-06   0.217122354E-05
   0.386234784E-05   0.603866050E-05   0.870105961E-05   0.118504432E-04
   0.154877095E-04   0.196137564E-04   0.242294820E-04   0.293357845E-04
   0.349335620E-04   0.410237124E-04   0.476071339E-04   0.546847246E-04
   0.622573826E-04   0.703260058E-04   0.788914925E-04   0.879547406E-04
   0.975166483E-04   0.107578114E-03   0.118140035E-03   0.129210706E-03
   0.140797825E-03   0.152902000E-03   0.165515609E-03   0.178627439E-03
   0.192229705E-03   0.206335348E-03   0.220964873E-03   0.236134709E-03
   0.251835218E-03   0.268047895E-03   0.284758096E-03   0.301975788E-03
   0.319718949E-03   0.338004017E-03   0.356834571E-03   0.376210562E-03
   0.396132645E-03   0.416605434E-03   0.437634811E-03   0.459224402E-03
   0.481367439E-03   0.504053592E-03   0.527273710E-03   0.551027116E-03
   0.575315414E-03   0.600144106E-03   0.625534694E-03   0.651514296E-03
   0.678106290E-03   0.705312361E-03   0.733128048E-03   0.761549646E-03
   0.790578722E-03   0.820218175E-03   0.850470826E-03   0.881339333E-03
   0.912826265E-03   0.944934656E-03   0.977669658E-03   0.101103708E-02
   0.104504200E-02   0.107968603E-02   0.111496975E-02   0.115089396E-02
   0.118746093E-02   0.122467328E-02   0.126253444E-02   0.130105131E-02
   0.134023186E-02   0.138008339E-02   0.142060982E-02   0.146181415E-02
   0.150369992E-02   0.154627313E-02   0.158954052E-02   0.163350818E-02
   0.167817923E-02   0.172355595E-02   0.176964215E-02   0.181644819E-02
   0.186398641E-02   0.191226861E-02   0.196130323E-02   0.201109797E-02
   0.206166096E-02   0.211300174E-02   0.216513037E-02   0.221805755E-02
   0.227179581E-02   0.232635844E-02   0.238175882E-02   0.243800988E-02
   0.249512460E-02   0.255311668E-02   0.261200184E-02   0.267179659E-02
   0.273251749E-02   0.279418012E-02   0.285680000E-02   0.292039365E-02
   0.298498063E-02   0.305058160E-02   0.311721766E-02   0.318491025E-02
   0.325368123E-02   0.332355364E-02   0.339455399E-02   0.346671015E-02
   0.354004976E-02   0.361459783E-02   0.369037899E-02   0.376741877E-02
   0.384574499E-02   0.392538642E-02   0.400637514E-02   0.408875489E-02
   0.417257316E-02   0.425788000E-02   0.434473220E-02   0.443318936E-02
   0.452330988E-02   0.461514317E-02   0.470873703E-02   0.480413441E-02
   0.490135596E-02   0.500041652E-02   0.510135129E-02   0.520427886E-02
   0.530934170E-02   0.541666297E-02   0.552627647E-02   0.563819289E-02
   0.575238983E-02   0.586871220E-02   0.598696650E-02   0.610699543E-02
   0.622880767E-02   0.635245480E-02   0.647791238E-02   0.660484448E-02
   0.673282723E-02   0.686168885E-02   0.699231651E-02   0.712588954E-02
   0.726361901E-02   0.740674773E-02   0.755655026E-02
  -0.000000000E+00  -0.259920632E-03  -0.519741827E-03  -0.779353347E-03
  -0.103866347E-02  -0.129759898E-02  -0.155610518E-02  -0.181414670E-02
  -0.207171086E-02  -0.232880683E-02  -0.258546939E-02  -0.284177511E-02
  -0.309783557E-02  -0.335377064E-02  -0.360962444E-02  -0.386541004E-02
  -0.412111898E-02  -0.437668583E-02  -0.463200971E-02  -0.488698968E-02
  -0.514161558E-02  -0.539590791E-02  -0.564988258E-02  -0.590351201E-02
  -0.615675248E-02  -0.640955734E-02  -0.666188632E-02  -0.691369866E-02
  -0.716496706E-02  -0.741573162E-02  -0.766605875E-02  -0.791600568E-02
  -0.816555438E-02  -0.841466319E-02  -0.866329749E-02  -0.891146726E-02
  -0.915919700E-02  -0.940650873E-02  -0.965340247E-02  -0.989987211E-02
  -0.101459120E-01  -0.103915192E-01  -0.106366919E-01  -0.108814305E-01
  -0.111257457E-01  -0.113696520E-01  -0.116131653E-01  -0.118563030E-01
  -0.120990840E-01  -0.123415346E-01  -0.125837071E-01  -0.128256638E-01
  -0.130674698E-01  -0.133091870E-01  -0.135508796E-01  -0.137926062E-01
  -0.140343915E-01  -0.142762515E-01  -0.145182044E-01  -0.147602802E-01
  -0.150025128E-01  -0.152449335E-01  -0.154875626E-01  -0.157304168E-01
  -0.159735118E-01  -0.162168598E-01  -0.164604711E-01  -0.167043569E-01
  -0.169485321E-01  -0.171930125E-01  -0.174378132E-01  -0.176829483E-01
  -0.179284308E-01  -0.181742742E-01  -0.184204926E-01  -0.186671005E-01
  -0.189141122E-01  -0.191615412E-01  -0.194094010E-01  -0.196577046E-01
  -0.199064632E-01  -0.201556877E-01  -0.204053904E-01  -0.206555915E-01
  -0.209063130E-01  -0.211575782E-01  -0.214094127E-01  -0.216618436E-01
  -0.219148980E-01  -0.221686042E-01  -0.224229910E-01  -0.226780881E-01
  -0.229339284E-01  -0.231905460E-01  -0.234479754E-01  -0.237062516E-01
  -0.239654100E-01  -0.242254868E-01  -0.244865187E-01  -0.247485430E-01
  -0.250115974E-01  -0.252757182E-01  -0.255409417E-01  -0.258073048E-01
  -0.260748448E-01  -0.263435997E-01  -0.266136075E-01  -0.268849062E-01
  -0.271575342E-01  -0.274315315E-01  -0.277069439E-01  -0.279838194E-01
  -0.282622047E-01  -0.285421392E-01  -0.288236611E-01  -0.291068039E-01
  -0.293915840E-01  -0.296780124E-01  -0.299661054E-01  -0.302559025E-01
  -0.305474492E-01  -0.308408078E-01  -0.311361053E-01  -0.314334882E-01
  -0.317330772E-01  -0.320348759E-01  -0.323388568E-01  -0.326449676E-01
  -0.329530609E-01  -0.332629605E-01  -0.335745534E-01  -0.338880027E-01
  -0.342035464E-01  -0.345213199E-01  -0.348410218E-01  -0.351622300E-01
  -0.354844423E-01  -0.358068724E-01  -0.361286427E-01  -0.364489838E-01
  -0.367676410E-01  -0.370844883E-01  -0.373993348E-01  -0.377117318E-01
  -0.380211556E-01  -0.383274194E-01  -0.386317406E-01  -0.389357264E-01
  -0.392410290E-01  -0.395493459E-01  -0.398624198E-01
  -0.000000000E+00  -0.296129492E-03  -0.592158472E-03  -0.887982498E-03
  -0.118350386E-02  -0.147863160E-02  -0.177328147E-02  -0.206739169E-02
  -0.236098803E-02  -0.265416809E-02  -0.294706897E-02  -0.323978700E-02
  -0.353241154E-02  -0.382503120E-02  -0.411769521E-02  -0.441043401E-02
  -0.470325861E-02  -0.499612709E-02  -0.528896491E-02  -0.558169211E-02
  -0.587428729E-02  -0.616674531E-02  -0.645906076E-02  -0.675122898E-02
  -0.704324540E-02  -0.733509743E-02  -0.762673881E-02  -0.791810847E-02
  -0.820916339E-02  -0.849996301E-02  -0.879060499E-02  -0.908117557E-02
  -0.937166549E-02  -0.966203576E-02  -0.995225451E-02  -0.102423383E-01
  -0.105323190E-01  -0.108222242E-01  -0.111120522E-01  -0.114017924E-01
  -0.116914364E-01  -0.119809913E-01  -0.122704688E-01  -0.125598811E-01
  -0.128492402E-01  -0.131385584E-01  -0.134278504E-01  -0.137171399E-01
  -0.140064536E-01  -0.142958263E-01  -0.145853195E-01  -0.148750055E-01
  -0.151649547E-01  -0.154552162E-01  -0.157458350E-01  -0.160368561E-01
  -0.163283198E-01  -0.166202659E-01  -0.169127301E-01  -0.172057286E-01
  -0.174992720E-01  -0.177933694E-01  -0.180880297E-01  -0.183832607E-01
  -0.186790693E-01  -0.189754631E-01  -0.192724489E-01  -0.195700331E-01
  -0.198682243E-01  -0.201670305E-01  -0.204664600E-01  -0.207665228E-01
  -0.210672293E-01  -0.213685886E-01  -0.216706069E-01  -0.219732891E-01
  -0.222766396E-01  -0.225806623E-01  -0.228853603E-01  -0.231907365E-01
  -0.234967948E-01  -0.238035390E-01  -0.241109726E-01  -0.244191018E-01
  -0.247279326E-01  -0.250374725E-01  -0.253477355E-01  -0.256587373E-01
  -0.259704935E-01  -0.262830188E-01  -0.265963277E-01  -0.269104355E-01
  -0.272253596E-01  -0.275411187E-01  -0.278577306E-01  -0.281752111E-01
  -0.284935755E-01  -0.288128390E-01  -0.291330171E-01  -0.294541252E-01
  -0.297761786E-01  -0.300991920E-01  -0.304231795E-01  -0.307481560E-01
  -0.310741380E-01  -0.314011423E-01  -0.317291848E-01  -0.320582755E-01
  -0.323884233E-01  -0.327196365E-01  -0.330519239E-01  -0.333852939E-01
  -0.337197558E-01  -0.340553223E-01  -0.343920072E-01  -0.347298266E-01
  -0.350688072E-01  -0.354089784E-01  -0.357503679E-01  -0.360929922E-01
  -0.364368654E-01  -0.367819901E-01  -0.371283227E-01  -0.374758062E-01
  -0.378243868E-01  -0.381740307E-01  -0.385247083E-01  -0.388764295E-01
  -0.392293697E-01  -0.395837510E-01  -0.399398005E-01  -0.402977458E-01
  -0.406578193E-01  -0.410201408E-01  -0.413843538E-01  -0.417499696E-01
  -0.421164213E-01  -0.424828707E-01  -0.428483912E-01  -0.432121030E-01
  -0.435733983E-01  -0.439317278E-01  -0.442866737E-01  -0.446383928E-01
  -0.449871961E-01  -0.453335748E-01  -0.456787188E-01  -0.460240243E-01
  -0.463709263E-01  -0.467208989E-01  -0.470754550E-01
   0.000000000E+00   0.240302902E-04   0.480800783E-04   0.721747803E-04
   0.963296668E-04   0.120549863E-03   0.144830348E-03   0.169162447E-03
   0.193560731E-03   0.218056518E-03   0.242685170E-03   0.267455427E-03
   0.292362316E-03   0.317399200E-03   0.342577990E-03   0.367918393E-03
   0.393438691E-03   0.419140015E-03   0.445015895E-03   0.471059327E-03
   0.497273528E-03   0.523664818E-03   0.550239590E-03   0.577003541E-03
   0.603962212E-03   0.631120165E-03   0.658477578E-03   0.686032749E-03
   0.713786112E-03   0.741750327E-03   0.769942607E-03   0.798378174E-03
   0.827058266E-03   0.855979514E-03   0.885139601E-03   0.914544370E-03
   0.944202136E-03   0.974120244E-03   0.100430066E-02   0.103474357E-02
   0.106545170E-02   0.109644000E-02   0.112772763E-02   0.115933214E-02
   0.119126021E-02   0.122351541E-02   0.125609977E-02   0.128900999E-02
   0.132224063E-02   0.135578791E-02   0.138965785E-02   0.142385926E-02
   0.145840106E-02   0.149329173E-02   0.152853977E-02   0.156415365E-02
   0.160014103E-02   0.163650942E-02   0.167326661E-02   0.171042127E-02
   0.174798236E-02   0.178595994E-02   0.182436770E-02   0.186322068E-02
   0.190253373E-02   0.194231929E-02   0.198258934E-02   0.202335621E-02
   0.206463278E-02   0.210643226E-02   0.214876838E-02   0.219165599E-02
   0.223511052E-02   0.227914749E-02   0.232378178E-02   0.236902833E-02
   0.241490248E-02   0.246142048E-02   0.250859904E-02   0.255645495E-02
   0.260500438E-02   0.265426350E-02   0.270424908E-02   0.275497939E-02
   0.280647336E-02   0.285875015E-02   0.291182879E-02   0.296572851E-02
   0.302046876E-02   0.307606907E-02   0.313254921E-02   0.318992950E-02
   0.324823159E-02   0.330747780E-02   0.336769081E-02   0.342889392E-02
   0.349111082E-02   0.355436592E-02   0.361868525E-02   0.368409560E-02
   0.375062425E-02   0.381829896E-02   0.388714795E-02   0.395720037E-02
   0.402848772E-02   0.410104251E-02   0.417489811E-02   0.425008955E-02
   0.432665277E-02   0.440462494E-02   0.448404633E-02   0.456495855E-02
   0.464740414E-02   0.473142693E-02   0.481707169E-02   0.490438425E-02
   0.499341242E-02   0.508420514E-02   0.517681446E-02   0.527130267E-02
   0.536773557E-02   0.546618350E-02   0.556673096E-02   0.566946752E-02
   0.577447837E-02   0.588182496E-02   0.599156321E-02   0.610375971E-02
   0.621852198E-02   0.633596995E-02   0.645623335E-02   0.657947396E-02
   0.670586464E-02   0.683557167E-02   0.696872269E-02   0.710543702E-02
   0.724585923E-02   0.739023020E-02   0.753881982E-02   0.769191250E-02
   0.784983278E-02   0.801292107E-02   0.818150848E-02   0.835586542E-02
   0.853625040E-02   0.872295837E-02   0.891641751E-02   0.911709727E-02
   0.932547704E-02   0.954204621E-02   0.976730416E-02
  -0.000000000E+00  -0.323770890E-04  -0.647631315E-04  -0.971741101E-04
  -0.129613957E-03  -0.162074556E-03  -0.194535739E-03  -0.226973215E-03
  -0.259391403E-03  -0.291815510E-03  -0.324276510E-03  -0.356775591E-03
  -0.389299128E-03  -0.421831247E-03  -0.454372211E-03  -0.486928641E-03
  -0.519504924E-03  -0.552088212E-03  -0.584657527E-03  -0.617191537E-03
  -0.649682314E-03  -0.682126227E-03  -0.714519316E-03  -0.746853800E-03
  -0.779120532E-03  -0.811309196E-03  -0.843405845E-03  -0.875394715E-03
  -0.907262006E-03  -0.939006086E-03  -0.970629726E-03  -0.100213401E-02
  -0.103350784E-02  -0.106473618E-02  -0.109580529E-02  -0.112671030E-02
  -0.115744914E-02  -0.118801855E-02  -0.121840806E-02  -0.124860485E-02
  -0.127859564E-02  -0.130836686E-02  -0.133790448E-02  -0.136719485E-02
  -0.139622740E-02  -0.142499235E-02  -0.145348051E-02  -0.148168526E-02
  -0.150960089E-02  -0.153722122E-02  -0.156453738E-02  -0.159153973E-02
  -0.161821736E-02  -0.164455423E-02  -0.167053252E-02  -0.169613548E-02
  -0.172135280E-02  -0.174617596E-02  -0.177059697E-02  -0.179460969E-02
  -0.181820871E-02  -0.184138823E-02  -0.186414001E-02  -0.188645519E-02
  -0.190832514E-02  -0.192974200E-02  -0.195069824E-02  -0.197118627E-02
  -0.199119815E-02  -0.201072586E-02  -0.202976133E-02  -0.204829599E-02
  -0.206632119E-02  -0.208382815E-02  -0.210080758E-02  -0.211725006E-02
  -0.213314603E-02  -0.214848548E-02  -0.216325823E-02  -0.217745404E-02
  -0.219106267E-02  -0.220407381E-02  -0.221647684E-02  -0.222826001E-02
  -0.223941118E-02  -0.224991813E-02  -0.225976865E-02  -0.226895049E-02
  -0.227745106E-02  -0.228525705E-02  -0.229235480E-02  -0.229873049E-02
  -0.230437011E-02  -0.230925950E-02  -0.231338421E-02  -0.231672914E-02
  -0.231927887E-02  -0.232101755E-02  -0.232192817E-02  -0.232199319E-02
  -0.232119491E-02  -0.231951548E-02  -0.231693689E-02  -0.231344055E-02
  -0.230900642E-02  -0.230361381E-02  -0.229724151E-02  -0.228986697E-02
  -0.228146703E-02  -0.227201774E-02  -0.226149313E-02  -0.224986638E-02
  -0.223711015E-02  -0.222319655E-02  -0.220809717E-02  -0.219178322E-02
  -0.217422572E-02  -0.215539531E-02  -0.213526025E-02  -0.211378050E-02
  -0.209091327E-02  -0.206661312E-02  -0.204082635E-02  -0.201349628E-02
  -0.198456777E-02  -0.195399572E-02  -0.192173706E-02  -0.188774677E-02
  -0.185197394E-02  -0.181436547E-02  -0.177486745E-02  -0.173342546E-02
  -0.168998428E-02  -0.164447762E-02  -0.159679698E-02  -0.154682107E-02
  -0.149440170E-02  -0.143928969E-02  -0.138120501E-02  -0.131987096E-02
  -0.125504585E-02  -0.118649294E-02  -0.111400842E-02  -0.103753796E-02
  -0.957066073E-03  -0.872540328E-03  -0.783754789E-03  -0.690460801E-03
  -0.592404621E-03  -0.489327416E-03  -0.380965269E-03
  -0.000000000E+00  -0.601485214E-06  -0.240681439E-05  -0.541729783E-05
  -0.963424584E-05  -0.150589687E-04  -0.216927767E-04  -0.295369803E-04
  -0.385928895E-04  -0.488618149E-04  -0.603450666E-04  -0.730439550E-04
  -0.869597904E-04  -0.102093883E-03  -0.118447543E-03  -0.136022081E-03
  -0.154818808E-03  -0.174839033E-03  -0.196084066E-03  -0.218555219E-03
  -0.242253801E-03  -0.267181123E-03  -0.293338494E-03  -0.320732270E-03
  -0.349367929E-03  -0.379242370E-03  -0.410354481E-03  -0.442703456E-03
  -0.476290389E-03  -0.511125604E-03  -0.547223078E-03  -0.584594251E-03
  -0.623234603E-03  -0.663134153E-03  -0.704286783E-03  -0.746707937E-03
  -0.790420459E-03  -0.835443295E-03  -0.881771700E-03  -0.929393370E-03
  -0.978298644E-03  -0.102849452E-02  -0.107999305E-02  -0.113280624E-02
  -0.118694307E-02  -0.124241202E-02  -0.129922020E-02  -0.135736784E-02
  -0.141685300E-02  -0.147767334E-02  -0.153982662E-02  -0.160331027E-02
  -0.166812542E-02  -0.173428997E-02  -0.180182727E-02  -0.187075799E-02
  -0.194108711E-02  -0.201281528E-02  -0.208594286E-02  -0.216047004E-02
  -0.223639672E-02  -0.231372243E-02  -0.239244611E-02  -0.247256629E-02
  -0.255408028E-02  -0.263698151E-02  -0.272126186E-02  -0.280691275E-02
  -0.289392565E-02  -0.298229161E-02  -0.307200139E-02  -0.316304659E-02
  -0.325541864E-02  -0.334910881E-02  -0.344410929E-02  -0.354041225E-02
  -0.363800994E-02  -0.373689629E-02  -0.383706545E-02  -0.393851082E-02
  -0.404122317E-02  -0.414519235E-02  -0.425040845E-02  -0.435686395E-02
  -0.446455175E-02  -0.457346408E-02  -0.468359099E-02  -0.479492172E-02
  -0.490744528E-02  -0.502115089E-02  -0.513602761E-02  -0.525206413E-02
  -0.536924866E-02  -0.548756906E-02  -0.560701283E-02  -0.572756700E-02
  -0.584921823E-02  -0.597195242E-02  -0.609575344E-02  -0.622060427E-02
  -0.634648710E-02  -0.647338207E-02  -0.660126839E-02  -0.673012419E-02
  -0.685992475E-02  -0.699064414E-02  -0.712225513E-02  -0.725472722E-02
  -0.738802845E-02  -0.752212621E-02  -0.765698756E-02  -0.779257890E-02
  -0.792886354E-02  -0.806579464E-02  -0.820332181E-02  -0.834138942E-02
  -0.847992447E-02  -0.861884795E-02  -0.875808200E-02  -0.889755988E-02
  -0.903721659E-02  -0.917698505E-02  -0.931679410E-02  -0.945657037E-02
  -0.959623061E-02  -0.973565619E-02  -0.987471715E-02  -0.100132600E-01
  -0.101510454E-01  -0.102878070E-01  -0.104232515E-01  -0.105569978E-01
  -0.106886347E-01  -0.108178440E-01  -0.109447189E-01  -0.110694633E-01
  -0.111923009E-01  -0.113135125E-01  -0.114334010E-01  -0.115521993E-01
  -0.116698265E-01  -0.117861191E-01  -0.119009450E-01  -0.120143091E-01
  -0.121262529E-01  -0.122364297E-01  -0.123429114E-01  -0.124433222E-01
  -0.125352241E-01  -0.126161167E-01  -0.126834372E-01
  -0.000000000E+00  -0.822966652E-06  -0.329725886E-05  -0.743096501E-05
  -0.132321735E-04  -0.207089726E-04  -0.298694509E-04  -0.407216966E-04
  -0.532737981E-04  -0.675338439E-04  -0.835099222E-04  -0.101210122E-03
  -0.120642530E-03  -0.141815237E-03  -0.164736329E-03  -0.189413896E-03
  -0.215856026E-03  -0.244070807E-03  -0.274066328E-03  -0.305850677E-03
  -0.339431942E-03  -0.374818212E-03  -0.412017575E-03  -0.451063028E-03
  -0.491982175E-03  -0.534791138E-03  -0.579500094E-03  -0.626117025E-03
  -0.674652826E-03  -0.725133484E-03  -0.777590814E-03  -0.832057573E-03
  -0.888562756E-03  -0.947135279E-03  -0.100780663E-02  -0.107061512E-02
  -0.113560246E-02  -0.120280659E-02  -0.127224237E-02  -0.134391730E-02
  -0.141783864E-02  -0.149401799E-02  -0.157246752E-02  -0.165320524E-02
  -0.173627646E-02  -0.182173579E-02  -0.190964029E-02  -0.200004788E-02
  -0.209301873E-02  -0.218861510E-02  -0.228689973E-02  -0.238793725E-02
  -0.249179279E-02  -0.259852609E-02  -0.270819662E-02  -0.282086325E-02
  -0.293657763E-02  -0.305539001E-02  -0.317734585E-02  -0.330246893E-02
  -0.343077624E-02  -0.356228483E-02  -0.369701702E-02  -0.383499582E-02
  -0.397624614E-02  -0.412080375E-02  -0.426870730E-02  -0.441999643E-02
  -0.457471449E-02  -0.473290609E-02  -0.489461667E-02  -0.505989381E-02
  -0.522878604E-02  -0.540134259E-02  -0.557761374E-02  -0.575765046E-02
  -0.594150463E-02  -0.612922981E-02  -0.632088051E-02  -0.651651273E-02
  -0.671618631E-02  -0.691996278E-02  -0.712790568E-02  -0.734008380E-02
  -0.755656824E-02  -0.777743304E-02  -0.800276058E-02  -0.823263662E-02
  -0.846714883E-02  -0.870638734E-02  -0.895044421E-02  -0.919941410E-02
  -0.945339672E-02  -0.971249459E-02  -0.997681216E-02  -0.102464556E-01
  -0.105215332E-01  -0.108021555E-01  -0.110884380E-01  -0.113804988E-01
  -0.116784587E-01  -0.119824433E-01  -0.122925807E-01  -0.126090030E-01
  -0.129318494E-01  -0.132612632E-01  -0.135973902E-01  -0.139403788E-01
  -0.142903804E-01  -0.146475505E-01  -0.150120557E-01  -0.153840673E-01
  -0.157637623E-01  -0.161513299E-01  -0.165469655E-01  -0.169508712E-01
  -0.173632683E-01  -0.177843855E-01  -0.182144565E-01  -0.186537203E-01
  -0.191024204E-01  -0.195607993E-01  -0.200290806E-01  -0.205074853E-01
  -0.209962542E-01  -0.214956966E-01  -0.220061442E-01  -0.225279733E-01
  -0.230617212E-01  -0.236079764E-01  -0.241673360E-01  -0.247403902E-01
  -0.253277366E-01  -0.259298473E-01  -0.265466456E-01  -0.271779059E-01
  -0.278233022E-01  -0.284821377E-01  -0.291536005E-01  -0.298370267E-01
  -0.305324384E-01  -0.312400331E-01  -0.319600846E-01  -0.326931669E-01
  -0.334399415E-01  -0.342014213E-01  -0.349799991E-01  -0.357784701E-01
  -0.365997002E-01  -0.374466258E-01  -0.383222539E-01
   0.000000000E+00   0.754514393E-07   0.301372393E-06   0.677112813E-06
   0.120202265E-05   0.187545187E-05   0.269675040E-05   0.366526822E-05
   0.478035527E-05   0.604136150E-05   0.744763687E-05   0.899853133E-05
   0.106933948E-04   0.125315773E-04   0.145124288E-04   0.166352991E-04
   0.188995383E-04   0.213044963E-04   0.238495231E-04   0.265339686E-04
   0.293571828E-04   0.323185155E-04   0.354173169E-04   0.386476219E-04
   0.420038991E-04   0.454936592E-04   0.491154436E-04   0.528649650E-04
   0.567373746E-04   0.607271029E-04   0.648279803E-04   0.690354862E-04
   0.733539262E-04   0.777908184E-04   0.823504690E-04   0.870198593E-04
   0.917799361E-04   0.966145901E-04   0.101526326E-03   0.106523489E-03
   0.111612056E-03   0.116784110E-03   0.122027386E-03   0.127331225E-03
   0.132694647E-03   0.138119576E-03   0.143607353E-03   0.149155348E-03
   0.154759835E-03   0.160415577E-03   0.166111266E-03   0.171833432E-03
   0.177569618E-03   0.183314018E-03   0.189062595E-03   0.194811362E-03
   0.200556403E-03   0.206293852E-03   0.212019506E-03   0.217727605E-03
   0.223411900E-03   0.229065599E-03   0.234680000E-03   0.240245700E-03
   0.245753690E-03   0.251197481E-03   0.256571215E-03   0.261868518E-03
   0.267080997E-03   0.272199587E-03   0.277214963E-03   0.282117358E-03
   0.286896728E-03   0.291543039E-03   0.296046987E-03   0.300399347E-03
   0.304590351E-03   0.308608443E-03   0.312441408E-03   0.316077510E-03
   0.319507816E-03   0.322724082E-03   0.325716765E-03   0.328471141E-03
   0.330970855E-03   0.333200105E-03   0.335146632E-03   0.336798983E-03
   0.338145138E-03   0.339171200E-03   0.339862599E-03   0.340204414E-03
   0.340181067E-03   0.339776605E-03   0.338974795E-03   0.337759126E-03
   0.336112808E-03   0.334018658E-03   0.331458754E-03   0.328414757E-03
   0.324867921E-03   0.320798796E-03   0.316187505E-03   0.311013639E-03
   0.305255631E-03   0.298891340E-03   0.291898162E-03   0.284252779E-03
   0.275931394E-03   0.266909567E-03   0.257161451E-03   0.246660505E-03
   0.235379630E-03   0.223290834E-03   0.210365549E-03   0.196574477E-03
   0.181886813E-03   0.166270979E-03   0.149694804E-03   0.132125326E-03
   0.113528979E-03   0.938698370E-04   0.731040341E-04   0.511850122E-04
   0.280676584E-04   0.371549555E-05  -0.219060919E-04  -0.488341243E-04
  -0.771140231E-04  -0.106793953E-03  -0.137928330E-03  -0.170594447E-03
  -0.204876770E-03  -0.240849141E-03  -0.278536713E-03  -0.317951960E-03
  -0.359127437E-03  -0.402178507E-03  -0.447243932E-03  -0.494408811E-03
  -0.543530751E-03  -0.594404697E-03  -0.646928106E-03  -0.701434488E-03
  -0.758376774E-03  -0.818112389E-03  -0.880575361E-03  -0.945587931E-03
  -0.101296640E-02  -0.108252112E-02  -0.115405651E-02
  -0.000000000E+00  -0.135888322E-06  -0.544954170E-06  -0.122929887E-05
  -0.219102373E-05  -0.343223009E-05  -0.495501926E-05  -0.676149257E-05
  -0.885375134E-05  -0.112338969E-04  -0.139040305E-04  -0.168662536E-04
  -0.201226675E-04  -0.236753734E-04  -0.275264726E-04  -0.316780666E-04
  -0.361322567E-04  -0.408911441E-04  -0.459568302E-04  -0.513314163E-04
  -0.570170037E-04  -0.630156937E-04  -0.693295878E-04  -0.759722161E-04
  -0.829557083E-04  -0.902770259E-04  -0.979305950E-04  -0.105909071E-03
  -0.114208860E-03  -0.122847306E-03  -0.131849616E-03  -0.141235884E-03
  -0.150994648E-03  -0.161103575E-03  -0.171546203E-03  -0.182341544E-03
  -0.193520402E-03  -0.205110320E-03  -0.217114878E-03  -0.229530567E-03
  -0.242356191E-03  -0.255603442E-03  -0.269288143E-03  -0.283422627E-03
  -0.298001479E-03  -0.313013502E-03  -0.328449131E-03  -0.344310403E-03
  -0.360602489E-03  -0.377335483E-03  -0.394539577E-03  -0.412252045E-03
  -0.430505403E-03  -0.449304613E-03  -0.468646827E-03  -0.488530328E-03
  -0.508960813E-03  -0.529945909E-03  -0.551493558E-03  -0.573612961E-03
  -0.596313746E-03  -0.619606541E-03  -0.643505680E-03  -0.668026809E-03
  -0.693184729E-03  -0.718989278E-03  -0.745448995E-03  -0.772573115E-03
  -0.800373801E-03  -0.828864147E-03  -0.858058432E-03  -0.887975077E-03
  -0.918633988E-03  -0.950054568E-03  -0.982252411E-03  -0.101524229E-02
  -0.104904011E-02  -0.108366580E-02  -0.111914066E-02  -0.115548534E-02
  -0.119271599E-02  -0.123084778E-02  -0.126989844E-02  -0.130989592E-02
  -0.135087144E-02  -0.139285552E-02  -0.143587318E-02  -0.147994834E-02
  -0.152510603E-02  -0.157137449E-02  -0.161878323E-02  -0.166736295E-02
  -0.171714725E-02  -0.176817106E-02  -0.182046994E-02  -0.187407968E-02
  -0.192903664E-02  -0.198537871E-02  -0.204314756E-02  -0.210238653E-02
  -0.216313968E-02  -0.222545119E-02  -0.228936590E-02  -0.235493070E-02
  -0.242219801E-02  -0.249122254E-02  -0.256206036E-02  -0.263476972E-02
  -0.270941032E-02  -0.278604424E-02  -0.286473970E-02  -0.294556755E-02
  -0.302859987E-02  -0.311390916E-02  -0.320156910E-02  -0.329165607E-02
  -0.338425304E-02  -0.347944595E-02  -0.357732596E-02  -0.367800051E-02
  -0.378158294E-02  -0.388819195E-02  -0.399796057E-02  -0.411102772E-02
  -0.422753249E-02  -0.434760569E-02  -0.447137782E-02  -0.459898270E-02
  -0.473056004E-02  -0.486625300E-02  -0.500622658E-02  -0.515072640E-02
  -0.530002316E-02  -0.545437533E-02  -0.561397298E-02  -0.577899093E-02
  -0.594960278E-02  -0.612596862E-02  -0.630824666E-02  -0.649659898E-02
  -0.669119672E-02  -0.689221516E-02  -0.709981745E-02  -0.731411027E-02
  -0.753518592E-02  -0.776336008E-02  -0.799985434E-02  -0.824614754E-02
  -0.850375544E-02  -0.877423080E-02  -0.905916327E-02
   0.000000000E+00   0.251541038E-04   0.503062450E-04   0.754576328E-04
   0.100604039E-03   0.125735800E-03   0.150837812E-03   0.175893724E-03
   0.200903282E-03   0.225878141E-03   0.250838389E-03   0.275810701E-03
   0.300829116E-03   0.325926064E-03   0.351098514E-03   0.376325984E-03
   0.401586463E-03   0.426884437E-03   0.452233871E-03   0.477648236E-03
   0.503130322E-03   0.528678979E-03   0.554292608E-03   0.579971966E-03
   0.605718199E-03   0.631533183E-03   0.657423192E-03   0.683396206E-03
   0.709460010E-03   0.735619304E-03   0.761877903E-03   0.788240928E-03
   0.814719289E-03   0.841326173E-03   0.868074387E-03   0.894971884E-03
   0.922025336E-03   0.949240459E-03   0.976618848E-03   0.100416056E-02
   0.103186927E-02   0.105976588E-02   0.108787721E-02   0.111622460E-02
   0.114480015E-02   0.117358662E-02   0.120257401E-02   0.123178948E-02
   0.126127189E-02   0.129105837E-02   0.132117020E-02   0.135162490E-02
   0.138243820E-02   0.141361680E-02   0.144516461E-02   0.147708973E-02
   0.150941930E-02   0.154218648E-02   0.157542160E-02   0.160913846E-02
   0.164334634E-02   0.167805533E-02   0.171327972E-02   0.174903505E-02
   0.178533692E-02   0.182220103E-02   0.185964314E-02   0.189767958E-02
   0.193632852E-02   0.197560878E-02   0.201554004E-02   0.205614459E-02
   0.209744576E-02   0.213946699E-02   0.218223082E-02   0.222575983E-02
   0.227007724E-02   0.231520792E-02   0.236117748E-02   0.240801279E-02
   0.245574435E-02   0.250440413E-02   0.255402413E-02   0.260463436E-02
   0.265626471E-02   0.270894715E-02   0.276272082E-02   0.281762738E-02
   0.287370924E-02   0.293100891E-02   0.298956959E-02   0.304943623E-02
   0.311065830E-02   0.317328724E-02   0.323737563E-02   0.330297731E-02
   0.337014725E-02   0.343894240E-02   0.350942414E-02   0.358165599E-02
   0.365570319E-02   0.373163381E-02   0.380951770E-02   0.388942745E-02
   0.397144241E-02   0.405564496E-02   0.414211980E-02   0.423095590E-02
   0.432224470E-02   0.441608062E-02   0.451256446E-02   0.461180022E-02
   0.471389544E-02   0.481896556E-02   0.492712985E-02   0.503851313E-02
   0.515325541E-02   0.527150289E-02   0.539340855E-02   0.551914363E-02
   0.564888687E-02   0.578281891E-02   0.592111640E-02   0.606395752E-02
   0.621152821E-02   0.636403518E-02   0.652169362E-02   0.668474548E-02
   0.685352821E-02   0.702840992E-02   0.720976606E-02   0.739797584E-02
   0.759342564E-02   0.779646530E-02   0.800727092E-02   0.822597462E-02
   0.845266013E-02   0.868721400E-02   0.892946646E-02   0.917931813E-02
   0.943698070E-02   0.970274867E-02   0.997697300E-02   0.102602178E-01
   0.105531115E-01   0.108565156E-01   0.111721935E-01   0.115021751E-01
   0.118485402E-01   0.122134187E-01   0.125989909E-01
   0.000000000E+00   0.278217344E-04   0.556338950E-04   0.834278972E-04
   0.111193461E-03   0.138918609E-03   0.166589669E-03   0.194197145E-03
   0.221760046E-03   0.249320011E-03   0.276923647E-03   0.304571337E-03
   0.332238793E-03   0.359898607E-03   0.387559199E-03   0.415244096E-03
   0.442977001E-03   0.470761407E-03   0.498592972E-03   0.526464718E-03
   0.554367386E-03   0.582289196E-03   0.610220710E-03   0.638171462E-03
   0.666158273E-03   0.694194459E-03   0.722268941E-03   0.750361603E-03
   0.778456319E-03   0.806564754E-03   0.834708258E-03   0.862905316E-03
   0.891152580E-03   0.919439707E-03   0.947757436E-03   0.976106118E-03
   0.100448889E-02   0.103290854E-02   0.106136529E-02   0.108985862E-02
   0.111838645E-02   0.114694055E-02   0.117551035E-02   0.120408846E-02
   0.123268403E-02   0.126131150E-02   0.128998139E-02   0.131868344E-02
   0.134740087E-02   0.137611967E-02   0.140484172E-02   0.143357350E-02
   0.146232085E-02   0.149108498E-02   0.151986594E-02   0.154866317E-02
   0.157747350E-02   0.160629292E-02   0.163511607E-02   0.166393264E-02
   0.169273057E-02   0.172149757E-02   0.175022271E-02   0.177889507E-02
   0.180750373E-02   0.183603952E-02   0.186449352E-02   0.189285610E-02
   0.192111583E-02   0.194926048E-02   0.197727754E-02   0.200515472E-02
   0.203287950E-02   0.206043876E-02   0.208781809E-02   0.211500242E-02
   0.214197604E-02   0.216872218E-02   0.219522339E-02   0.222146164E-02
   0.224741799E-02   0.227307288E-02   0.229840627E-02   0.232339774E-02
   0.234802642E-02   0.237227065E-02   0.239610726E-02   0.241951226E-02
   0.244246112E-02   0.246492900E-02   0.248689054E-02   0.250831942E-02
   0.252918707E-02   0.254946384E-02   0.256911925E-02   0.258812142E-02
   0.260643759E-02   0.262403390E-02   0.264087413E-02   0.265692088E-02
   0.267213593E-02   0.268648028E-02   0.269991414E-02   0.271239648E-02
   0.272388370E-02   0.273433083E-02   0.274369121E-02   0.275191385E-02
   0.275894585E-02   0.276473241E-02   0.276921435E-02   0.277233043E-02
   0.277401894E-02   0.277422025E-02   0.277287443E-02   0.276992190E-02
   0.276530784E-02   0.275897806E-02   0.275087169E-02   0.274090323E-02
   0.272897944E-02   0.271499568E-02   0.269880716E-02   0.268025600E-02
   0.265919377E-02   0.263552222E-02   0.260915490E-02   0.258001967E-02
   0.254810632E-02   0.251342165E-02   0.247594898E-02   0.243557138E-02
   0.239214418E-02   0.234552656E-02   0.229560221E-02   0.224225974E-02
   0.218539753E-02   0.212495881E-02   0.206089841E-02   0.199311905E-02
   0.192131114E-02   0.184510469E-02   0.176420361E-02   0.167863849E-02
   0.158852661E-02   0.149382408E-02   0.139381742E-02   0.128760673E-02
   0.117426976E-02   0.105286194E-02   0.922416331E-03
  -0.000000000E+00  -0.519040708E-05  -0.103803651E-04  -0.155705976E-04
  -0.207598179E-04  -0.259447297E-04  -0.311200269E-04  -0.362798899E-04
  -0.414241865E-04  -0.465569747E-04  -0.516831788E-04  -0.568000174E-04
  -0.619006129E-04  -0.669777939E-04  -0.720313191E-04  -0.770640350E-04
  -0.820782810E-04  -0.870692275E-04  -0.920289202E-04  -0.969494947E-04
  -0.101828472E-03  -0.106665254E-03  -0.111459167E-03  -0.116207520E-03
  -0.120906973E-03  -0.125553929E-03  -0.130144117E-03  -0.134672905E-03
  -0.139136187E-03  -0.143532954E-03  -0.147863339E-03  -0.152126551E-03
  -0.156316488E-03  -0.160425168E-03  -0.164445261E-03  -0.168374213E-03
  -0.172210944E-03  -0.175954147E-03  -0.179600664E-03  -0.183146804E-03
  -0.186589069E-03  -0.189924911E-03  -0.193152103E-03  -0.196269111E-03
  -0.199277007E-03  -0.202177861E-03  -0.204971245E-03  -0.207644934E-03
  -0.210182803E-03  -0.212570455E-03  -0.214804167E-03  -0.216883213E-03
  -0.218808014E-03  -0.220582842E-03  -0.222213480E-03  -0.223703993E-03
  -0.225049189E-03  -0.226241200E-03  -0.227272412E-03  -0.228137412E-03
  -0.228831276E-03  -0.229349348E-03  -0.229688431E-03  -0.229845733E-03
  -0.229818185E-03  -0.229601445E-03  -0.229190782E-03  -0.228581461E-03
  -0.227768973E-03  -0.226748826E-03  -0.225516459E-03  -0.224067181E-03
  -0.222396228E-03  -0.220498810E-03  -0.218370229E-03  -0.216005778E-03
  -0.213400777E-03  -0.210550822E-03  -0.207451561E-03  -0.204098176E-03
  -0.200483994E-03  -0.196601749E-03  -0.192444700E-03  -0.188008728E-03
  -0.183290419E-03  -0.178286119E-03  -0.172991053E-03  -0.167400134E-03
  -0.161508314E-03  -0.155310843E-03  -0.148803033E-03  -0.141980198E-03
  -0.134837717E-03  -0.127370976E-03  -0.119575588E-03  -0.111448126E-03
  -0.102985447E-03  -0.941841815E-04  -0.850399003E-04  -0.755478875E-04
  -0.657038104E-04  -0.555049542E-04  -0.449490756E-04  -0.340337853E-04
  -0.227558600E-04  -0.111118828E-04   0.901162057E-06   0.132847361E-04
   0.260398221E-04   0.391669895E-04   0.526654656E-04   0.665340035E-04
   0.807711210E-04   0.953749223E-04   0.110343265E-03   0.125673759E-03
   0.141363599E-03   0.157409720E-03   0.173808370E-03   0.190553617E-03
   0.207638754E-03   0.225053185E-03   0.242771440E-03   0.260763514E-03
   0.278998679E-03   0.297446386E-03   0.316075417E-03   0.334860124E-03
   0.353800422E-03   0.372902928E-03   0.392152165E-03   0.411442063E-03
   0.430640674E-03   0.449638088E-03   0.468425680E-03   0.487021144E-03
   0.505481347E-03   0.524019616E-03   0.542894653E-03   0.562316170E-03
   0.582271909E-03   0.602691671E-03   0.623532445E-03   0.644868176E-03
   0.666804548E-03   0.689242431E-03   0.711243627E-03   0.731633622E-03
   0.749206327E-03   0.762724075E-03   0.770917619E-03
   0.000000000E+00   0.611741842E-05   0.122326124E-04   0.183445185E-04
   0.244500830E-04   0.305442619E-04   0.366200212E-04   0.426696382E-04
   0.486900939E-04   0.546817716E-04   0.606463179E-04   0.665820475E-04
   0.724858781E-04   0.783541872E-04   0.841824132E-04   0.899652676E-04
   0.956971389E-04   0.101373178E-03   0.106988641E-03   0.112538640E-03
   0.118018242E-03   0.123422406E-03   0.128746032E-03   0.133984230E-03
   0.139132129E-03   0.144184634E-03   0.149135824E-03   0.153979397E-03
   0.158709101E-03   0.163319633E-03   0.167805957E-03   0.172163458E-03
   0.176389261E-03   0.180481205E-03   0.184436987E-03   0.188252670E-03
   0.191923881E-03   0.195446270E-03   0.198815582E-03   0.202027602E-03
   0.205076434E-03   0.207949082E-03   0.210629939E-03   0.213104230E-03
   0.215363844E-03   0.217402440E-03   0.219215994E-03   0.220810078E-03
   0.222193681E-03   0.223373820E-03   0.224345451E-03   0.225100129E-03
   0.225628191E-03   0.225916004E-03   0.225948349E-03   0.225711537E-03
   0.225200580E-03   0.224412933E-03   0.223346188E-03   0.221997721E-03
   0.220365005E-03   0.218444604E-03   0.216228698E-03   0.213708161E-03
   0.210874385E-03   0.207721651E-03   0.204245022E-03   0.200439392E-03
   0.196298814E-03   0.191817104E-03   0.186987878E-03   0.181804026E-03
   0.176258187E-03   0.170343005E-03   0.164051429E-03   0.157376440E-03
   0.150310749E-03   0.142846109E-03   0.134973938E-03   0.126686025E-03
   0.117976074E-03   0.108838297E-03   0.992661091E-04   0.892495681E-04
   0.787777110E-04   0.678398133E-04   0.564267949E-04   0.445299320E-04
   0.321402667E-04   0.192481537E-04   0.584367671E-05  -0.808327946E-05
  -0.225432518E-04  -0.375469937E-04  -0.531055499E-04  -0.692307017E-04
  -0.859345555E-04  -0.103229474E-03  -0.121128302E-03  -0.139644158E-03
  -0.158790427E-03  -0.178580976E-03  -0.199029954E-03  -0.220151910E-03
  -0.241962346E-03  -0.264477205E-03  -0.287712998E-03  -0.311687762E-03
  -0.336420169E-03  -0.361929699E-03  -0.388238102E-03  -0.415368029E-03
  -0.443342331E-03  -0.472183323E-03  -0.501913471E-03  -0.532555435E-03
  -0.564131493E-03  -0.596664081E-03  -0.630178130E-03  -0.664707646E-03
  -0.700289533E-03  -0.736964953E-03  -0.774790005E-03  -0.813825684E-03
  -0.854130027E-03  -0.895744542E-03  -0.938706992E-03  -0.983053760E-03
  -0.102881372E-02  -0.107601400E-02  -0.112469416E-02  -0.117494336E-02
  -0.122686522E-02  -0.128055504E-02  -0.133606675E-02  -0.139344413E-02
  -0.145273386E-02  -0.151399256E-02  -0.157728008E-02  -0.164267840E-02
  -0.171035624E-02  -0.178050782E-02  -0.185326303E-02  -0.192847700E-02
  -0.200592991E-02  -0.208556412E-02  -0.216800128E-02  -0.225405095E-02
  -0.234454362E-02  -0.244033077E-02  -0.254228485E-02
   0.000000000E+00   0.148316491E-06   0.594615734E-06   0.134092239E-05
   0.238926110E-05   0.374165654E-05   0.540013336E-05   0.736671620E-05
   0.964342974E-05   0.122322986E-04   0.151353475E-04   0.183546011E-04
   0.218920839E-04   0.257498208E-04   0.299298362E-04   0.344341550E-04
   0.392648017E-04   0.444238010E-04   0.499131775E-04   0.557349560E-04
   0.618911610E-04   0.683838172E-04   0.752149494E-04   0.823923875E-04
   0.899226121E-04   0.978107219E-04   0.106061722E-03   0.114680754E-03
   0.123672598E-03   0.133039758E-03   0.142783925E-03   0.152908194E-03
   0.163422569E-03   0.174339659E-03   0.185671716E-03   0.197426146E-03
   0.209609101E-03   0.222228668E-03   0.235300925E-03   0.248845008E-03
   0.262876737E-03   0.277393943E-03   0.292388624E-03   0.307853805E-03
   0.323791548E-03   0.340206231E-03   0.357105548E-03   0.374511296E-03
   0.392450212E-03   0.410950534E-03   0.430041390E-03   0.449753318E-03
   0.470113694E-03   0.491131710E-03   0.512811375E-03   0.535159064E-03
   0.558192824E-03   0.581934250E-03   0.606403442E-03   0.631612140E-03
   0.657569759E-03   0.684285948E-03   0.711771979E-03   0.740039520E-03
   0.769100481E-03   0.798967895E-03   0.829655137E-03   0.861175933E-03
   0.893545247E-03   0.926778488E-03   0.960891829E-03   0.995904065E-03
   0.103183494E-02   0.106870437E-02   0.110653173E-02   0.114533649E-02
   0.118513835E-02   0.122595692E-02   0.126781200E-02   0.131072443E-02
   0.135471843E-02   0.139981949E-02   0.144605319E-02   0.149344408E-02
   0.154201671E-02   0.159179716E-02   0.164281661E-02   0.169510805E-02
   0.174870487E-02   0.180363987E-02   0.185994614E-02   0.191765794E-02
   0.197681241E-02   0.203744797E-02   0.209960369E-02   0.216331878E-02
   0.222863308E-02   0.229558755E-02   0.236422561E-02   0.243459192E-02
   0.250673192E-02   0.258069155E-02   0.265651752E-02   0.273425789E-02
   0.281396373E-02   0.289568758E-02   0.297948262E-02   0.306540171E-02
   0.315349829E-02   0.324382750E-02   0.333644859E-02   0.343142269E-02
   0.352881261E-02   0.362868493E-02   0.373110805E-02   0.383615205E-02
   0.394389001E-02   0.405439677E-02   0.416774657E-02   0.428400729E-02
   0.440324586E-02   0.452553207E-02   0.465094455E-02   0.477956513E-02
   0.491148128E-02   0.504679947E-02   0.518563259E-02   0.532809156E-02
   0.547427284E-02   0.562427020E-02   0.577818986E-02   0.593618432E-02
   0.609842038E-02   0.626502079E-02   0.643591906E-02   0.661099680E-02
   0.679009465E-02   0.697290280E-02   0.715906466E-02   0.734827947E-02
   0.754050796E-02   0.773577731E-02   0.793410675E-02   0.813548270E-02
   0.833988238E-02   0.854734860E-02   0.875819407E-02   0.897280725E-02
   0.919158644E-02   0.941493976E-02   0.964328517E-02
   0.000000000E+00   0.175362090E-06   0.703488651E-06   0.158744012E-05
   0.283027694E-05   0.443505955E-05   0.640484838E-05   0.874270388E-05
   0.114516865E-04   0.145348566E-04   0.179952747E-04   0.218360013E-04
   0.260600966E-04   0.306706213E-04   0.356706357E-04   0.410632003E-04
   0.468513755E-04   0.530382217E-04   0.596267994E-04   0.666201691E-04
   0.740213911E-04   0.818335259E-04   0.900596339E-04   0.987125382E-04
   0.107803022E-03   0.117339688E-03   0.127325688E-03   0.137762245E-03
   0.148651926E-03   0.160005047E-03   0.171834799E-03   0.184155219E-03
   0.196980471E-03   0.210325402E-03   0.224204977E-03   0.238631731E-03
   0.253617804E-03   0.269173372E-03   0.285299228E-03   0.301992830E-03
   0.319252526E-03   0.337084090E-03   0.355495308E-03   0.374497149E-03
   0.394113666E-03   0.414373686E-03   0.435306167E-03   0.456934889E-03
   0.479282962E-03   0.502374114E-03   0.526231678E-03   0.550879461E-03
   0.576342336E-03   0.602647154E-03   0.629821956E-03   0.657893953E-03
   0.686884046E-03   0.716811611E-03   0.747693989E-03   0.779539631E-03
   0.812354126E-03   0.846143094E-03   0.880914654E-03   0.916677240E-03
   0.953440935E-03   0.991224018E-03   0.103004714E-02   0.106993155E-02
   0.111089996E-02   0.115297577E-02   0.119618253E-02   0.124054306E-02
   0.128608019E-02   0.133281718E-02   0.138077775E-02   0.142998604E-02
   0.148046650E-02   0.153224382E-02   0.158534298E-02   0.163978959E-02
   0.169561077E-02   0.175283431E-02   0.181148901E-02   0.187160638E-02
   0.193321907E-02   0.199636099E-02   0.206106937E-02   0.212738289E-02
   0.219534121E-02   0.226498573E-02   0.233635890E-02   0.240950411E-02
   0.248446598E-02   0.256129011E-02   0.264002300E-02   0.272071210E-02
   0.280340580E-02   0.288815354E-02   0.297500637E-02   0.306401646E-02
   0.315523741E-02   0.324872581E-02   0.334453977E-02   0.344273894E-02
   0.354338589E-02   0.364654482E-02   0.375228126E-02   0.386066275E-02
   0.397175817E-02   0.408563806E-02   0.420237582E-02   0.432204656E-02
   0.444472851E-02   0.457050863E-02   0.469947736E-02   0.483172964E-02
   0.496737373E-02   0.510652293E-02   0.524929140E-02   0.539578973E-02
   0.554612907E-02   0.570041824E-02   0.585875058E-02   0.602121626E-02
   0.618791447E-02   0.635897732E-02   0.653454727E-02   0.671479925E-02
   0.690003193E-02   0.709058160E-02   0.728680303E-02   0.748910083E-02
   0.769789983E-02   0.791351602E-02   0.813579231E-02   0.836444310E-02
   0.859911953E-02   0.883925064E-02   0.908419383E-02   0.933341731E-02
   0.958690158E-02   0.984475876E-02   0.101070883E-01   0.103739319E-01
   0.106453162E-01   0.109215902E-01   0.112044111E-01   0.114958072E-01
   0.117978598E-01   0.121127036E-01   0.124425262E-01
  -0.000000000E+00  -0.373744044E-07  -0.149934458E-06  -0.338335423E-06
  -0.603232560E-06  -0.945281129E-06  -0.136513639E-05  -0.186345361E-05
  -0.244088805E-05  -0.309809496E-05  -0.383572961E-05  -0.465444726E-05
  -0.555490317E-05  -0.653775261E-05  -0.760365082E-05  -0.875325308E-05
  -0.998721465E-05  -0.113061908E-04  -0.127108367E-04  -0.142018078E-04
  -0.157797592E-04  -0.174453462E-04  -0.191992241E-04  -0.210472574E-04
  -0.229948737E-04  -0.250565669E-04  -0.272297614E-04  -0.295060110E-04
  -0.318782496E-04  -0.343507415E-04  -0.369315101E-04  -0.396283397E-04
  -0.424449094E-04  -0.453838169E-04  -0.484469138E-04  -0.516327989E-04
  -0.549388236E-04  -0.583636541E-04  -0.619131658E-04  -0.655956389E-04
  -0.694184726E-04  -0.733832211E-04  -0.774897043E-04  -0.817397264E-04
  -0.861442263E-04  -0.907172754E-04  -0.954707427E-04  -0.100404154E-03
  -0.105513303E-03  -0.110794395E-03  -0.116247465E-03  -0.121873442E-03
  -0.127675103E-03  -0.133663343E-03  -0.139851746E-03  -0.146252724E-03
  -0.152871398E-03  -0.159710939E-03  -0.166775129E-03  -0.174070499E-03
  -0.181604451E-03  -0.189384024E-03  -0.197414126E-03  -0.205699100E-03
  -0.214244078E-03  -0.223057513E-03  -0.232148924E-03  -0.241527580E-03
  -0.251200822E-03  -0.261175562E-03  -0.271458932E-03  -0.282058667E-03
  -0.292982760E-03  -0.304239674E-03  -0.315839383E-03  -0.327792430E-03
  -0.340109543E-03  -0.352801431E-03  -0.365878967E-03  -0.379353468E-03
  -0.393237366E-03  -0.407543598E-03  -0.422285126E-03  -0.437474114E-03
  -0.453122682E-03  -0.469243742E-03  -0.485852789E-03  -0.502966262E-03
  -0.520600746E-03  -0.538772259E-03  -0.557496908E-03  -0.576791370E-03
  -0.596673671E-03  -0.617162468E-03  -0.638277041E-03  -0.660038036E-03
  -0.682466778E-03  -0.705585032E-03  -0.729414997E-03  -0.753979312E-03
  -0.779301482E-03  -0.805407184E-03  -0.832323056E-03  -0.860076353E-03
  -0.888695172E-03  -0.918208242E-03  -0.948645181E-03  -0.980037493E-03
  -0.101241764E-02  -0.104581937E-02  -0.108027979E-02  -0.111583745E-02
  -0.115253223E-02  -0.119040709E-02  -0.122950642E-02  -0.126987530E-02
  -0.131155868E-02  -0.135460209E-02  -0.139905214E-02  -0.144495697E-02
  -0.149236580E-02  -0.154133447E-02  -0.159194291E-02  -0.164427872E-02
  -0.169842869E-02  -0.175447018E-02  -0.181247927E-02  -0.187252930E-02
  -0.193467810E-02  -0.199898006E-02  -0.206550505E-02  -0.213438377E-02
  -0.220576488E-02  -0.227980142E-02  -0.235665359E-02  -0.243648611E-02
  -0.251946092E-02  -0.260571772E-02  -0.269539242E-02  -0.278862946E-02
  -0.288560048E-02  -0.298648664E-02  -0.309151338E-02  -0.320107515E-02
  -0.331561704E-02  -0.343553392E-02  -0.356098525E-02  -0.369207112E-02
  -0.382889196E-02  -0.397154860E-02  -0.412014225E-02
   0.000000000E+00   0.466653924E-07   0.187622839E-06   0.424314242E-06
   0.758181506E-06   0.119066653E-05   0.172321123E-05   0.235725749E-05
   0.309424723E-05   0.393562235E-05   0.488282475E-05   0.593729633E-05
   0.710047900E-05   0.837381465E-05   0.975874521E-05   0.112567126E-04
   0.128691586E-04   0.145975253E-04   0.164432544E-04   0.184077880E-04
   0.204925679E-04   0.226990360E-04   0.250286342E-04   0.274895854E-04
   0.300891513E-04   0.328124421E-04   0.356581290E-04   0.386288161E-04
   0.417290221E-04   0.449704740E-04   0.483680790E-04   0.519327234E-04
   0.556526829E-04   0.595081631E-04   0.634853244E-04   0.676043901E-04
   0.718971599E-04   0.763908252E-04   0.810822124E-04   0.859587779E-04
   0.910112673E-04   0.962499842E-04   0.101691317E-03   0.107347504E-03
   0.113209400E-03   0.119260944E-03   0.125488776E-03   0.131896415E-03
   0.138492218E-03   0.145288233E-03   0.152310074E-03   0.159588447E-03
   0.167149275E-03   0.174992003E-03   0.183108382E-03   0.191491592E-03
   0.200144112E-03   0.209070850E-03   0.218276752E-03   0.227766864E-03
   0.237546279E-03   0.247621132E-03   0.258001788E-03   0.268700021E-03
   0.279726411E-03   0.291085268E-03   0.302779152E-03   0.314811483E-03
   0.327189810E-03   0.339922890E-03   0.353020237E-03   0.366493889E-03
   0.380356823E-03   0.394621376E-03   0.409296073E-03   0.424388495E-03
   0.439907114E-03   0.455863910E-03   0.472271998E-03   0.489143555E-03
   0.506485916E-03   0.524305125E-03   0.542609524E-03   0.561417078E-03
   0.580748682E-03   0.600624024E-03   0.621055910E-03   0.642055463E-03
   0.663634735E-03   0.685809247E-03   0.708595653E-03   0.732011188E-03
   0.756074429E-03   0.780804593E-03   0.806221044E-03   0.832342522E-03
   0.859187854E-03   0.886776764E-03   0.915131600E-03   0.944275729E-03
   0.974232642E-03   0.100502485E-02   0.103667493E-02   0.106920659E-02
   0.110264715E-02   0.113702525E-02   0.117237009E-02   0.120871146E-02
   0.124607970E-02   0.128450612E-02   0.132402430E-02   0.136466891E-02
   0.140647489E-02   0.144947650E-02   0.149370824E-02   0.153920623E-02
   0.158601139E-02   0.163416646E-02   0.168371700E-02   0.173471762E-02
   0.178722614E-02   0.184130088E-02   0.189699844E-02   0.195437581E-02
   0.201349011E-02   0.207439572E-02   0.213714700E-02   0.220180392E-02
   0.226844650E-02   0.233716120E-02   0.240803909E-02   0.248118452E-02
   0.255670695E-02   0.263470179E-02   0.271520036E-02   0.279821724E-02
   0.288377411E-02   0.297192339E-02   0.306272586E-02   0.315622268E-02
   0.325237318E-02   0.335111385E-02   0.345239744E-02   0.355625118E-02
   0.366272149E-02   0.377195473E-02   0.388450108E-02   0.400102575E-02
   0.412221083E-02   0.424875529E-02   0.438137503E-02
  -0.000000000E+00  -0.328343777E-05  -0.656276244E-05  -0.983368142E-05
  -0.130922098E-04  -0.163346704E-04  -0.195576935E-04  -0.227601545E-04
  -0.259511996E-04  -0.291483085E-04  -0.323696614E-04  -0.356103935E-04
  -0.388525925E-04  -0.420755560E-04  -0.452747998E-04  -0.484519467E-04
  -0.516103061E-04  -0.547549722E-04  -0.578927640E-04  -0.610295147E-04
  -0.641608793E-04  -0.672784159E-04  -0.703741697E-04  -0.734480071E-04
  -0.765024626E-04  -0.795395832E-04  -0.825570366E-04  -0.855509718E-04
  -0.885178165E-04  -0.914566396E-04  -0.943673540E-04  -0.972496359E-04
  -0.100101580E-03  -0.102920753E-03  -0.105705349E-03  -0.108456693E-03
  -0.111177237E-03  -0.113868413E-03  -0.116526053E-03  -0.119144117E-03
  -0.121713938E-03  -0.124217461E-03  -0.126632838E-03  -0.128945443E-03
  -0.131176578E-03  -0.133359372E-03  -0.135519354E-03  -0.137640041E-03
  -0.139692158E-03  -0.141649922E-03  -0.143509706E-03  -0.145274024E-03
  -0.146945772E-03  -0.148527947E-03  -0.150023891E-03  -0.151434342E-03
  -0.152747874E-03  -0.153949238E-03  -0.155024737E-03  -0.155969882E-03
  -0.156782663E-03  -0.157460014E-03  -0.157994152E-03  -0.158375817E-03
  -0.158596297E-03  -0.158650208E-03  -0.158533017E-03  -0.158239932E-03
  -0.157765120E-03  -0.157102403E-03  -0.156245130E-03  -0.155185021E-03
  -0.153913205E-03  -0.152420996E-03  -0.150701186E-03  -0.148746878E-03
  -0.146550869E-03  -0.144104988E-03  -0.141400696E-03  -0.138428784E-03
  -0.135177783E-03  -0.131635408E-03  -0.127790064E-03  -0.123633951E-03
  -0.119160225E-03  -0.114361042E-03  -0.109224532E-03  -0.103737571E-03
  -0.978872023E-04  -0.916620781E-04  -0.850511341E-04  -0.780428757E-04
  -0.706245726E-04  -0.627830010E-04  -0.545047966E-04  -0.457767570E-04
  -0.365855622E-04  -0.269175490E-04  -0.167583113E-04  -0.609307070E-05
   0.509306375E-05   0.168146842E-04   0.290864658E-04   0.419232995E-04
   0.553402983E-04   0.693527913E-04   0.839760116E-04   0.992241405E-04
   0.115111198E-03   0.131651652E-03   0.148861345E-03   0.166756626E-03
   0.185353867E-03   0.204668872E-03   0.224717429E-03   0.245513631E-03
   0.267064153E-03   0.289373616E-03   0.312446232E-03   0.336285211E-03
   0.360893321E-03   0.386278235E-03   0.412468396E-03   0.439498094E-03
   0.467392268E-03   0.496135488E-03   0.525701178E-03   0.556046488E-03
   0.587066105E-03   0.618635836E-03   0.650675039E-03   0.683292352E-03
   0.716648024E-03   0.750875081E-03   0.785981504E-03   0.821942765E-03
   0.858715501E-03   0.896183031E-03   0.934206960E-03   0.972729688E-03
   0.101203420E-02   0.105249771E-02   0.109433659E-02   0.113708255E-02
   0.118007988E-02   0.122273813E-02   0.126478787E-02   0.130603763E-02
   0.134629133E-02   0.138534830E-02   0.142300325E-02
  -0.000000000E+00  -0.356133858E-05  -0.711877861E-05  -0.106677810E-04
  -0.142049047E-04  -0.177278070E-04  -0.212352431E-04  -0.247278931E-04
  -0.282117866E-04  -0.316974756E-04  -0.351943212E-04  -0.386910231E-04
  -0.421638179E-04  -0.455893289E-04  -0.489762052E-04  -0.523482923E-04
  -0.557292930E-04  -0.591149962E-04  -0.624901382E-04  -0.658384668E-04
  -0.691534218E-04  -0.724310697E-04  -0.756690404E-04  -0.788723487E-04
  -0.820493034E-04  -0.852057112E-04  -0.883308552E-04  -0.914077996E-04
  -0.944221962E-04  -0.973784512E-04  -0.100287425E-03  -0.103157524E-03
  -0.105980569E-03  -0.108742852E-03  -0.111431058E-03  -0.114038315E-03
  -0.116559354E-03  -0.118989849E-03  -0.121329932E-03  -0.123581323E-03
  -0.125744716E-03  -0.127814709E-03  -0.129783997E-03  -0.131645052E-03
  -0.133390668E-03  -0.135013499E-03  -0.136505047E-03  -0.137852948E-03
  -0.139043278E-03  -0.140062433E-03  -0.140900515E-03  -0.141548426E-03
  -0.141997219E-03  -0.142239268E-03  -0.142267256E-03  -0.142073049E-03
  -0.141645302E-03  -0.140971549E-03  -0.140038748E-03  -0.138832676E-03
  -0.137338461E-03  -0.135541373E-03  -0.133428727E-03  -0.130988197E-03
  -0.128207014E-03  -0.125071289E-03  -0.121566612E-03  -0.117677962E-03
  -0.113388752E-03  -0.108681682E-03  -0.103539115E-03  -0.979433310E-04
  -0.918762996E-04  -0.853193333E-04  -0.782522524E-04  -0.706541393E-04
  -0.625034894E-04  -0.537778686E-04  -0.444542237E-04  -0.345088644E-04
  -0.239170735E-04  -0.126534617E-04  -0.691743239E-06   0.119963376E-04
   0.254400257E-04   0.396695336E-04   0.547170203E-04   0.706156943E-04
   0.873996637E-04   0.105104428E-03   0.123766425E-03   0.143423403E-03
   0.164116043E-03   0.185886460E-03   0.208777857E-03   0.232835034E-03
   0.258103915E-03   0.284631920E-03   0.312469598E-03   0.341669116E-03
   0.372283941E-03   0.404369488E-03   0.437982520E-03   0.473181793E-03
   0.510030666E-03   0.548594675E-03   0.588941599E-03   0.631144240E-03
   0.675277831E-03   0.721419855E-03   0.769652193E-03   0.820059117E-03
   0.872726598E-03   0.927742304E-03   0.985195603E-03   0.104517903E-02
   0.110779278E-02   0.117314052E-02   0.124133368E-02   0.131250923E-02
   0.138681304E-02   0.146439428E-02   0.154540592E-02   0.163000426E-02
   0.171834630E-02   0.181058192E-02   0.190686123E-02   0.200734989E-02
   0.211226852E-02   0.222185556E-02   0.233633888E-02   0.245588777E-02
   0.258065831E-02   0.271079783E-02   0.284641107E-02   0.298759221E-02
   0.313441645E-02   0.328688133E-02   0.344496232E-02   0.360864664E-02
   0.377797871E-02   0.395301703E-02   0.413390108E-02   0.432110036E-02
   0.451517797E-02   0.471682202E-02   0.492718722E-02   0.514757025E-02
   0.537929954E-02   0.562373522E-02   0.588226914E-02
   0.000000000E+00   0.106261976E-05   0.212471496E-05   0.318604779E-05
   0.424588887E-05   0.530301722E-05   0.635572029E-05   0.740194220E-05
   0.843989801E-05   0.946792545E-05   0.104847479E-04   0.114908766E-04
   0.124880200E-04   0.134779303E-04   0.144592989E-04   0.154294079E-04
   0.163852874E-04   0.173252243E-04   0.182478465E-04   0.191519226E-04
   0.200369684E-04   0.209028457E-04   0.217492561E-04   0.225745704E-04
   0.233766512E-04   0.241535975E-04   0.249051664E-04   0.256317282E-04
   0.263334661E-04   0.270090407E-04   0.276566063E-04   0.282741231E-04
   0.288591461E-04   0.294089900E-04   0.299209520E-04   0.303928340E-04
   0.308225246E-04   0.312091962E-04   0.315576444E-04   0.318747506E-04
   0.321670169E-04   0.324367604E-04   0.326852644E-04   0.329116583E-04
   0.331057476E-04   0.332540322E-04   0.333452601E-04   0.333812416E-04
   0.333676647E-04   0.333091797E-04   0.332041619E-04   0.330492058E-04
   0.328414959E-04   0.325812765E-04   0.322697135E-04   0.319084610E-04
   0.315006659E-04   0.310500913E-04   0.305592641E-04   0.300246299E-04
   0.294408129E-04   0.288033743E-04   0.281127849E-04   0.273709102E-04
   0.265793594E-04   0.257381586E-04   0.248469317E-04   0.239054696E-04
   0.229142235E-04   0.218738638E-04   0.207851095E-04   0.196486765E-04
   0.184653239E-04   0.172358789E-04   0.159612605E-04   0.146424577E-04
   0.132805207E-04   0.118765568E-04   0.104317344E-04   0.894733191E-05
   0.742488904E-05   0.586606929E-05   0.427251437E-05   0.264553879E-05
   0.986408725E-06  -0.703270206E-06  -0.242065094E-05  -0.416247153E-05
  -0.592555198E-05  -0.770744985E-05  -0.950585770E-05  -0.113181678E-04
  -0.131407689E-04  -0.149696941E-04  -0.168008862E-04  -0.186303261E-04
  -0.204539143E-04  -0.222673264E-04  -0.240656972E-04  -0.258439136E-04
  -0.275966773E-04  -0.293183867E-04  -0.310032466E-04  -0.326450354E-04
  -0.342362750E-04  -0.357690037E-04  -0.372349833E-04  -0.386255246E-04
  -0.399316502E-04  -0.411439073E-04  -0.422516204E-04  -0.432435892E-04
  -0.441087373E-04  -0.448373694E-04  -0.454199942E-04  -0.458454974E-04
  -0.460967670E-04  -0.461547949E-04  -0.459992182E-04  -0.456056816E-04
  -0.449483146E-04  -0.440038080E-04  -0.427613226E-04  -0.412131683E-04
  -0.393494911E-04  -0.371517318E-04  -0.345987888E-04  -0.316644517E-04
  -0.283031083E-04  -0.244632291E-04  -0.200859236E-04  -0.150864582E-04
  -0.937171641E-05  -0.286004001E-05   0.447624377E-05   0.126510506E-04
   0.216838548E-04   0.316169025E-04   0.424989087E-04   0.543595030E-04
   0.671480489E-04   0.807916574E-04   0.952632554E-04   0.110729351E-03
   0.127409756E-03   0.145541164E-03   0.165411472E-03   0.187327162E-03
   0.211602213E-03   0.238558110E-03   0.268523832E-03
  -0.000000000E+00  -0.119800001E-05  -0.239477812E-05  -0.358929734E-05
  -0.478020369E-05  -0.596582620E-05  -0.714417691E-05  -0.831315104E-05
  -0.947135621E-05  -0.106179123E-04  -0.117522542E-04  -0.128739254E-04
  -0.139826649E-04  -0.150779576E-04  -0.161572506E-04  -0.172169019E-04
  -0.182534527E-04  -0.192666195E-04  -0.202574774E-04  -0.212267741E-04
  -0.221717201E-04  -0.230881124E-04  -0.239719606E-04  -0.248221345E-04
  -0.256385037E-04  -0.264206495E-04  -0.271659633E-04  -0.278710441E-04
  -0.285324307E-04  -0.291472768E-04  -0.297128370E-04  -0.302272839E-04
  -0.306929884E-04  -0.311139539E-04  -0.314936092E-04  -0.318307172E-04
  -0.321226484E-04  -0.323662367E-04  -0.325567068E-04  -0.326885487E-04
  -0.327551639E-04  -0.327467218E-04  -0.326519348E-04  -0.324611412E-04
  -0.321741001E-04  -0.317934479E-04  -0.313232290E-04  -0.307716335E-04
  -0.301486717E-04  -0.294626575E-04  -0.287116946E-04  -0.278909818E-04
  -0.269940204E-04  -0.260082808E-04  -0.249189548E-04  -0.237128212E-04
  -0.223862511E-04  -0.209382208E-04  -0.193684399E-04  -0.176791724E-04
  -0.158736359E-04  -0.139536188E-04  -0.119137744E-04  -0.974666997E-05
  -0.744559762E-05  -0.500785244E-05  -0.243181515E-05   0.284433237E-06
   0.314426300E-05   0.615146532E-05   0.930999591E-05   0.126242919E-04
   0.160989869E-04   0.197387235E-04   0.235478773E-04   0.275308060E-04
   0.316921894E-04   0.360378163E-04   0.405738709E-04   0.453060261E-04
   0.502373973E-04   0.553704046E-04   0.607085438E-04   0.662598779E-04
   0.720338478E-04   0.780396281E-04   0.842844429E-04   0.907751092E-04
   0.975187626E-04   0.104523459E-03   0.111797621E-03   0.119350010E-03
   0.127190228E-03   0.135328252E-03   0.143774484E-03   0.152540377E-03
   0.161637855E-03   0.171079165E-03   0.180877038E-03   0.191044538E-03
   0.201595199E-03   0.212543587E-03   0.223904778E-03   0.235694486E-03
   0.247930024E-03   0.260629407E-03   0.273811446E-03   0.287496955E-03
   0.301707619E-03   0.316466340E-03   0.331799454E-03   0.347734654E-03
   0.364299771E-03   0.381521187E-03   0.399425324E-03   0.418039815E-03
   0.437395592E-03   0.457524932E-03   0.478463584E-03   0.500259334E-03
   0.522963961E-03   0.546632370E-03   0.571328363E-03   0.597119213E-03
   0.624072162E-03   0.652249373E-03   0.681712689E-03   0.712521849E-03
   0.744724062E-03   0.778363846E-03   0.813505775E-03   0.850293884E-03
   0.888895546E-03   0.929463159E-03   0.972075331E-03   0.101679251E-02
   0.106366230E-02   0.111267772E-02   0.116381677E-02   0.121707916E-02
   0.127255792E-02   0.133037152E-02   0.139059009E-02   0.145308022E-02
   0.151765232E-02   0.158437639E-02   0.165439416E-02   0.172914730E-02
   0.181011532E-02   0.189881553E-02   0.199680309E-02
  -0.000000000E+00  -0.314509683E-07  -0.126284829E-06  -0.285223014E-06
  -0.508986958E-06  -0.798298093E-06  -0.115387785E-05  -0.157644767E-05
  -0.206672898E-05  -0.262544321E-05  -0.325331180E-05  -0.395105619E-05
  -0.471939779E-05  -0.555905805E-05  -0.647075840E-05  -0.745522028E-05
  -0.851316511E-05  -0.964531433E-05  -0.108523894E-04  -0.121351117E-04
  -0.134942027E-04  -0.149303838E-04  -0.164443764E-04  -0.180403366E-04
  -0.197219391E-04  -0.214906426E-04  -0.233450598E-04  -0.252826245E-04
  -0.273016488E-04  -0.294060170E-04  -0.316016142E-04  -0.338942877E-04
  -0.362875271E-04  -0.387842790E-04  -0.413885656E-04  -0.441085679E-04
  -0.469541592E-04  -0.499310559E-04  -0.530248899E-04  -0.562141918E-04
  -0.594820457E-04  -0.628383942E-04  -0.663015670E-04  -0.698895977E-04
  -0.736136546E-04  -0.774835547E-04  -0.815075566E-04  -0.856854630E-04
  -0.900144787E-04  -0.944923616E-04  -0.991208140E-04  -0.103902573E-03
  -0.108842837E-03  -0.113957017E-03  -0.119264026E-03  -0.124780202E-03
  -0.130507633E-03  -0.136444348E-03  -0.142588981E-03  -0.148944179E-03
  -0.155513609E-03  -0.162300375E-03  -0.169305374E-03  -0.176528754E-03
  -0.183971581E-03  -0.191639465E-03  -0.199539336E-03  -0.207678240E-03
  -0.216063106E-03  -0.224700952E-03  -0.233598706E-03  -0.242762389E-03
  -0.252197844E-03  -0.261911228E-03  -0.271909719E-03  -0.282200875E-03
  -0.292792618E-03  -0.303693873E-03  -0.314913989E-03  -0.326462036E-03
  -0.338345257E-03  -0.350570479E-03  -0.363145482E-03  -0.376081738E-03
  -0.389391910E-03  -0.403088540E-03  -0.417182661E-03  -0.431685069E-03
  -0.446607427E-03  -0.461964320E-03  -0.477771368E-03  -0.494044378E-03
  -0.510798749E-03  -0.528050018E-03  -0.545814373E-03  -0.564109614E-03
  -0.582954265E-03  -0.602367311E-03  -0.622368358E-03  -0.642977486E-03
  -0.664215545E-03  -0.686105211E-03  -0.708670003E-03  -0.731934203E-03
  -0.755923630E-03  -0.780664920E-03  -0.806185766E-03  -0.832516428E-03
  -0.859688328E-03  -0.887734194E-03  -0.916689996E-03  -0.946593136E-03
  -0.977482775E-03  -0.100940273E-02  -0.104239875E-02  -0.107651798E-02
  -0.111181005E-02  -0.114832604E-02  -0.118611789E-02  -0.122523782E-02
  -0.126573886E-02  -0.130767944E-02  -0.135113673E-02  -0.139619409E-02
  -0.144294438E-02  -0.149151320E-02  -0.154203702E-02  -0.159464664E-02
  -0.164943964E-02  -0.170650636E-02  -0.176594136E-02  -0.182785113E-02
  -0.189234677E-02  -0.195953675E-02  -0.202951219E-02  -0.210236077E-02
  -0.217813564E-02  -0.225674602E-02  -0.233806083E-02  -0.242200626E-02
  -0.250875626E-02  -0.259855191E-02  -0.269159618E-02  -0.278791989E-02
  -0.288750899E-02  -0.299053078E-02  -0.309789335E-02  -0.321071395E-02
  -0.333013845E-02  -0.345734133E-02  -0.359352569E-02
  -0.000000000E+00  -0.356801615E-07  -0.143263200E-06  -0.323562945E-06
  -0.577393227E-06  -0.905567877E-06  -0.130890073E-05  -0.178820560E-05
  -0.234429634E-05  -0.297798677E-05  -0.369009071E-05  -0.448142201E-05
  -0.535279449E-05  -0.630502197E-05  -0.733891830E-05  -0.845529731E-05
  -0.965497281E-05  -0.109387586E-04  -0.123074687E-04  -0.137619166E-04
  -0.153029165E-04  -0.169312819E-04  -0.186478269E-04  -0.204558137E-04
  -0.223579621E-04  -0.243578310E-04  -0.264560923E-04  -0.286524335E-04
  -0.309472147E-04  -0.333445568E-04  -0.358499916E-04  -0.384689917E-04
  -0.412050230E-04  -0.440610682E-04  -0.470396412E-04  -0.501410270E-04
  -0.533646897E-04  -0.567104942E-04  -0.601809872E-04  -0.637795380E-04
  -0.675086927E-04  -0.713670555E-04  -0.753518713E-04  -0.794627471E-04
  -0.837105571E-04  -0.881099677E-04  -0.926747853E-04  -0.974116509E-04
  -0.102325395E-03  -0.107420483E-03  -0.112699570E-03  -0.118164738E-03
  -0.123818753E-03  -0.129667631E-03  -0.135718415E-03  -0.141978158E-03
  -0.148453195E-03  -0.155149780E-03  -0.162072953E-03  -0.169222283E-03
  -0.176595610E-03  -0.184191069E-03  -0.192009315E-03  -0.200051552E-03
  -0.208319539E-03  -0.216817758E-03  -0.225551482E-03  -0.234526182E-03
  -0.243747761E-03  -0.253222346E-03  -0.262955905E-03  -0.272953293E-03
  -0.283219111E-03  -0.293757994E-03  -0.304574591E-03  -0.315673580E-03
  -0.327059578E-03  -0.338736800E-03  -0.350709366E-03  -0.362981596E-03
  -0.375558603E-03  -0.388445753E-03  -0.401648467E-03  -0.415172180E-03
  -0.429022379E-03  -0.443204943E-03  -0.457727166E-03  -0.472596820E-03
  -0.487821742E-03  -0.503409553E-03  -0.519367914E-03  -0.535704574E-03
  -0.552427230E-03  -0.569543656E-03  -0.587061706E-03  -0.604989199E-03
  -0.623334025E-03  -0.642104103E-03  -0.661307142E-03  -0.680950858E-03
  -0.701043352E-03  -0.721594005E-03  -0.742612641E-03  -0.764109218E-03
  -0.786093735E-03  -0.808576314E-03  -0.831567308E-03  -0.855077528E-03
  -0.879118031E-03  -0.903699647E-03  -0.928831758E-03  -0.954523440E-03
  -0.980784516E-03  -0.100762760E-02  -0.103506617E-02  -0.106311581E-02
  -0.109179991E-02  -0.112114432E-02  -0.115117572E-02  -0.118192236E-02
  -0.121341335E-02  -0.124567131E-02  -0.127869033E-02  -0.131245667E-02
  -0.134695383E-02  -0.138215635E-02  -0.141803561E-02  -0.145459695E-02
  -0.149198692E-02  -0.153039211E-02  -0.157000415E-02  -0.161101865E-02
  -0.165363623E-02  -0.169799649E-02  -0.174397463E-02  -0.179137384E-02
  -0.183998973E-02  -0.188960750E-02  -0.194000463E-02  -0.199098065E-02
  -0.204244520E-02  -0.209433452E-02  -0.214661087E-02  -0.219934749E-02
  -0.225264793E-02  -0.230669442E-02  -0.236197931E-02  -0.241908511E-02
  -0.247860978E-02  -0.254116676E-02  -0.260738490E-02
   0.000000000E+00   0.129173982E-07   0.516420680E-07   0.116132722E-06
   0.206348074E-06   0.322246836E-06   0.463787720E-06   0.630929441E-06
   0.823630711E-06   0.104185024E-05   0.128554675E-05   0.155467894E-05
   0.184920553E-05   0.216908524E-05   0.251427677E-05   0.288473884E-05
   0.328043016E-05   0.370130945E-05   0.414733542E-05   0.461846677E-05
   0.511466223E-05   0.563588050E-05   0.618208030E-05   0.675967073E-05
   0.737508839E-05   0.803798521E-05   0.874289791E-05   0.947887820E-05
   0.102366102E-04   0.110198651E-04   0.118367860E-04   0.126945194E-04
   0.135922747E-04   0.145267534E-04   0.154945792E-04   0.164937143E-04
   0.175223264E-04   0.185800669E-04   0.196735047E-04   0.208116970E-04
   0.220022514E-04   0.232438406E-04   0.245324009E-04   0.258644462E-04
   0.272405431E-04   0.286623939E-04   0.301310328E-04   0.316444045E-04
   0.331994207E-04   0.347941358E-04   0.364323196E-04   0.381195335E-04
   0.398609731E-04   0.416590370E-04   0.435154319E-04   0.454316175E-04
   0.474078731E-04   0.494441124E-04   0.515404079E-04   0.536977401E-04
   0.559173386E-04   0.582003894E-04   0.605478394E-04   0.629605690E-04
   0.654395516E-04   0.679861625E-04   0.706019036E-04   0.732881443E-04
   0.760456098E-04   0.788748389E-04   0.817765940E-04   0.847526453E-04
   0.878050658E-04   0.909359363E-04   0.941471866E-04   0.974407394E-04
   0.100818500E-03   0.104282175E-03   0.107833438E-03   0.111474210E-03
   0.115207358E-03   0.119036058E-03   0.122963002E-03   0.126988608E-03
   0.131112653E-03   0.135335857E-03   0.139663041E-03   0.144100235E-03
   0.148652836E-03   0.153323003E-03   0.158112054E-03   0.163021878E-03
   0.168056756E-03   0.173221684E-03   0.178521584E-03   0.183960665E-03
   0.189543013E-03   0.195272868E-03   0.201154852E-03   0.207193757E-03
   0.213394690E-03   0.219763729E-03   0.226307313E-03   0.233031967E-03
   0.239944106E-03   0.247050220E-03   0.254357290E-03   0.261873884E-03
   0.269609137E-03   0.277572342E-03   0.285772770E-03   0.294219836E-03
   0.302923230E-03   0.311893121E-03   0.321139963E-03   0.330675583E-03
   0.340516713E-03   0.350681677E-03   0.361188959E-03   0.372056285E-03
   0.383301486E-03   0.394943484E-03   0.407004422E-03   0.419507663E-03
   0.432474822E-03   0.445918780E-03   0.459850265E-03   0.474291075E-03
   0.489307688E-03   0.504979551E-03   0.521392427E-03   0.538651096E-03
   0.556867357E-03   0.576118563E-03   0.596333247E-03   0.617399313E-03
   0.639208032E-03   0.661675992E-03   0.684724305E-03   0.708289241E-03
   0.732376346E-03   0.757009120E-03   0.782255487E-03   0.808361987E-03
   0.835626382E-03   0.864329226E-03   0.894657048E-03   0.926775351E-03
   0.960853411E-03   0.997064274E-03   0.103558476E-02
  -0.000000000E+00  -0.123115529E-07  -0.497563592E-07  -0.113099640E-06
  -0.203106617E-06  -0.320542511E-06  -0.466172543E-06  -0.640761935E-06
  -0.845075908E-06  -0.107987968E-05  -0.134593848E-05  -0.164401752E-05
  -0.197488203E-05  -0.233929723E-05  -0.273802834E-05  -0.317184057E-05
  -0.364149916E-05  -0.414776931E-05  -0.469141627E-05  -0.527320523E-05
  -0.589390144E-05  -0.655427010E-05  -0.725507644E-05  -0.799508140E-05
  -0.877253579E-05  -0.956248987E-05  -0.103688121E-04  -0.112049238E-04
  -0.120838806E-04  -0.130096491E-04  -0.139837441E-04  -0.150054947E-04
  -0.160648801E-04  -0.171481329E-04  -0.182463012E-04  -0.193762916E-04
  -0.205640347E-04  -0.218304650E-04  -0.231661189E-04  -0.245518407E-04
  -0.259720991E-04  -0.274336936E-04  -0.289502636E-04  -0.305310604E-04
  -0.321628694E-04  -0.338251852E-04  -0.355013571E-04  -0.371967926E-04
  -0.389234972E-04  -0.406950299E-04  -0.425279013E-04  -0.444403740E-04
  -0.464462855E-04  -0.485369015E-04  -0.506966281E-04  -0.529119510E-04
  -0.551821517E-04  -0.575099538E-04  -0.598975492E-04  -0.623444283E-04
  -0.648492874E-04  -0.674117536E-04  -0.700356966E-04  -0.727262980E-04
  -0.754874170E-04  -0.783165513E-04  -0.812093217E-04  -0.841621791E-04
  -0.871759775E-04  -0.902527771E-04  -0.933949460E-04  -0.966058234E-04
  -0.998891230E-04  -0.103247793E-03  -0.106681114E-03  -0.110187318E-03
  -0.113765191E-03  -0.117416229E-03  -0.121142681E-03  -0.124945778E-03
  -0.128822343E-03  -0.132767873E-03  -0.136779729E-03  -0.140863687E-03
  -0.145027949E-03  -0.149278923E-03  -0.153614519E-03  -0.158030291E-03
  -0.162522740E-03  -0.167093000E-03  -0.171743453E-03  -0.176476281E-03
  -0.181292618E-03  -0.186193335E-03  -0.191179103E-03  -0.196249763E-03
  -0.201404911E-03  -0.206644469E-03  -0.211969821E-03  -0.217382766E-03
  -0.222884594E-03  -0.228474397E-03  -0.234150641E-03  -0.239912237E-03
  -0.245760179E-03  -0.251696024E-03  -0.257721002E-03  -0.263834918E-03
  -0.270037176E-03  -0.276327112E-03  -0.282703892E-03  -0.289166606E-03
  -0.295713924E-03  -0.302342965E-03  -0.309050355E-03  -0.315832902E-03
  -0.322688544E-03  -0.329615455E-03  -0.336613016E-03  -0.343685705E-03
  -0.350839443E-03  -0.358076448E-03  -0.365383304E-03  -0.372742185E-03
  -0.380137906E-03  -0.387567790E-03  -0.395032368E-03  -0.402530762E-03
  -0.410056204E-03  -0.417600264E-03  -0.425150192E-03  -0.432676415E-03
  -0.440144353E-03  -0.447524669E-03  -0.454812346E-03  -0.462008641E-03
  -0.469111507E-03  -0.476105052E-03  -0.482969520E-03  -0.489666193E-03
  -0.496080841E-03  -0.502077341E-03  -0.507504026E-03  -0.512157351E-03
  -0.515816383E-03  -0.518336094E-03  -0.519896590E-03  -0.520766262E-03
  -0.521221331E-03  -0.521545847E-03  -0.522031694E-03
   0.000000000E+00   0.488325018E-06   0.975603160E-06   0.146024932E-05
   0.194160108E-05   0.241991868E-05   0.289638501E-05   0.337289682E-05
   0.385119936E-05   0.433309529E-05   0.481886786E-05   0.530072195E-05
   0.576554578E-05   0.620090198E-05   0.661169555E-05   0.701130796E-05
   0.741394156E-05   0.782147874E-05   0.823146032E-05   0.864019196E-05
   0.904213245E-05   0.943029841E-05   0.979820730E-05   0.101458751E-04
   0.104756018E-04   0.107898918E-04   0.110899317E-04   0.113767091E-04
   0.116503644E-04   0.119066753E-04   0.121397317E-04   0.123448297E-04
   0.125246630E-04   0.126844804E-04   0.128271780E-04   0.129431747E-04
   0.130185121E-04   0.130420858E-04   0.130194307E-04   0.129614843E-04
   0.128792956E-04   0.127800682E-04   0.126704372E-04   0.125505189E-04
   0.123912107E-04   0.121532458E-04   0.118069482E-04   0.113733701E-04
   0.108893530E-04   0.103842229E-04   0.984528632E-05   0.924743713E-05
   0.856775898E-05   0.779858436E-05   0.693618750E-05   0.597762901E-05
   0.492335370E-05   0.377492311E-05   0.253263258E-05   0.119053131E-05
  -0.259199698E-06  -0.182386586E-05  -0.350759927E-05  -0.531371211E-05
  -0.724603085E-05  -0.931049817E-05  -0.115137473E-04  -0.138623515E-04
  -0.163620331E-04  -0.190183712E-04  -0.218370893E-04  -0.248241856E-04
  -0.279858157E-04  -0.313285856E-04  -0.348605883E-04  -0.385904671E-04
  -0.425271327E-04  -0.466798861E-04  -0.510583066E-04  -0.556717129E-04
  -0.605276100E-04  -0.656331029E-04  -0.709964327E-04  -0.766302267E-04
  -0.825485298E-04  -0.887650836E-04  -0.952911662E-04  -0.102137572E-03
  -0.109315945E-03  -0.116840807E-03  -0.124727691E-03  -0.132992262E-03
  -0.141649566E-03  -0.150714719E-03  -0.160203655E-03  -0.170134691E-03
  -0.180527080E-03  -0.191400396E-03  -0.202774155E-03  -0.214668167E-03
  -0.227102949E-03  -0.240100636E-03  -0.253684139E-03  -0.267876961E-03
  -0.282703553E-03  -0.298188985E-03  -0.314359316E-03  -0.331243081E-03
  -0.348869902E-03  -0.367270315E-03  -0.386476666E-03  -0.406522275E-03
  -0.427441269E-03  -0.449268975E-03  -0.472041552E-03  -0.495795532E-03
  -0.520566766E-03  -0.546391411E-03  -0.573308970E-03  -0.601370605E-03
  -0.630631329E-03  -0.661148130E-03  -0.692982367E-03  -0.726197515E-03
  -0.760853359E-03  -0.796990555E-03  -0.834645173E-03  -0.873864646E-03
  -0.914741426E-03  -0.957381230E-03  -0.100187270E-02  -0.104822761E-02
  -0.109643736E-02  -0.114650394E-02  -0.119847582E-02  -0.125241400E-02
  -0.130837831E-02  -0.136642076E-02  -0.142659185E-02  -0.148891516E-02
  -0.155330324E-02  -0.161963739E-02  -0.168784441E-02  -0.175804840E-02
  -0.183042662E-02  -0.190514967E-02  -0.198234807E-02  -0.206214400E-02
  -0.214466204E-02  -0.223002919E-02  -0.231837490E-02
   0.000000000E+00   0.523025283E-06   0.104553330E-05   0.156697839E-05
   0.208686356E-05   0.260474050E-05   0.312020956E-05   0.363269880E-05
   0.414054863E-05   0.464123278E-05   0.513193833E-05   0.561117032E-05
   0.607807610E-05   0.653309920E-05   0.698156444E-05   0.743177094E-05
   0.789046038E-05   0.834989272E-05   0.879569306E-05   0.921406501E-05
   0.960541434E-05   0.997533639E-05   0.103300315E-04   0.106728692E-04
   0.110068025E-04   0.113329498E-04   0.116428041E-04   0.119239585E-04
   0.121664041E-04   0.123761288E-04   0.125647703E-04   0.127413102E-04
   0.128975349E-04   0.130194076E-04   0.130944588E-04   0.131221889E-04
   0.131057460E-04   0.130476141E-04   0.129454784E-04   0.127955955E-04
   0.125946708E-04   0.123419738E-04   0.120375862E-04   0.116819883E-04
   0.112767411E-04   0.108239134E-04   0.103219660E-04   0.975333600E-05
   0.909498128E-05   0.832745142E-05   0.745174392E-05   0.647484037E-05
   0.540201738E-05   0.422871651E-05   0.294758373E-05   0.155132489E-05
   0.338911049E-07  -0.161055590E-05  -0.338818264E-05  -0.530603546E-05
  -0.737155563E-05  -0.959193487E-05  -0.119726289E-04  -0.145186726E-04
  -0.172355175E-04  -0.201302129E-04  -0.232103545E-04  -0.264839951E-04
  -0.299605075E-04  -0.336498122E-04  -0.375618695E-04  -0.417059339E-04
  -0.460912241E-04  -0.507273654E-04  -0.556250399E-04  -0.607953991E-04
  -0.662498048E-04  -0.719996550E-04  -0.780565420E-04  -0.844325736E-04
  -0.911412030E-04  -0.981964737E-04  -0.105612839E-03  -0.113405408E-03
  -0.121589721E-03  -0.130182005E-03  -0.139200189E-03  -0.148662976E-03
  -0.158589491E-03  -0.168999209E-03  -0.179912028E-03  -0.191348776E-03
  -0.203332740E-03  -0.215888261E-03  -0.229040161E-03  -0.242813457E-03
  -0.257233627E-03  -0.272327170E-03  -0.288123060E-03  -0.304651402E-03
  -0.321943122E-03  -0.340030454E-03  -0.358946489E-03  -0.378725683E-03
  -0.399405884E-03  -0.421026448E-03  -0.443628147E-03  -0.467254905E-03
  -0.491952180E-03  -0.517766614E-03  -0.544746643E-03  -0.572941922E-03
  -0.602403466E-03  -0.633184654E-03  -0.665340288E-03  -0.698929008E-03
  -0.734021714E-03  -0.770693668E-03  -0.809023823E-03  -0.849101011E-03
  -0.891018131E-03  -0.934866379E-03  -0.980723649E-03  -0.102866545E-02
  -0.107877630E-02  -0.113117332E-02  -0.118598403E-02  -0.124334719E-02
  -0.130343873E-02  -0.136644732E-02  -0.143255796E-02  -0.150192732E-02
  -0.157470704E-02  -0.165102818E-02  -0.173092924E-02  -0.181442426E-02
  -0.190149647E-02  -0.199200812E-02  -0.208578592E-02  -0.218268487E-02
  -0.228269471E-02  -0.238583905E-02  -0.249220496E-02  -0.260213869E-02
  -0.271605991E-02  -0.283450431E-02  -0.295844650E-02  -0.308899316E-02
  -0.322727874E-02  -0.337446554E-02  -0.353174363E-02
   0.000000000E+00   0.000000000E+00   0.000000000E+00   0.000000000E+00
   0.000000000E+00   0.000000000E+00   0.000000000E+00   0.000000000E+00
   0.000000000E+00   0.000000000E+00   0.000000000E+00   0.000000000E+00
   0.000000000E+00   0.000000000E+00   0.000000000E+00   0.000000000E+00
   0.000000000E+00   0.000000000E+00   0.000000000E+00   0.000000000E+00
   0.000000000E+00   0.000000000E+00   0.000000000E+00   0.000000000E+00
   0.000000000E+00   0.000000000E+00   0.000000000E+00   0.000000000E+00
   0.000000000E+00   0.000000000E+00   0.000000000E+00   0.000000000E+00
   0.000000000E+00   0.000000000E+00   0.000000000E+00   0.000000000E+00
   0.381752260E-09   0.752336462E-08   0.238126699E-07   0.397876821E-07
   0.392678585E-07   0.384169467E-08  -0.836948679E-07  -0.236853531E-06
  -0.463826537E-06  -0.766621672E-06  -0.114086370E-05  -0.157616654E-05
  -0.205698043E-05  -0.256381853E-05  -0.307476706E-05  -0.356718356E-05
  -0.401948726E-05  -0.441294613E-05  -0.473336484E-05  -0.497257781E-05
  -0.512965189E-05  -0.521170279E-05   0.400357788E-05   0.482471633E-05
   0.570078263E-05   0.663137749E-05   0.761797103E-05   0.866254527E-05
   0.976712332E-05   0.109337792E-04   0.121646290E-04   0.134618465E-04
   0.148277211E-04   0.162646055E-04   0.177750746E-04   0.193624734E-04
   0.210304244E-04   0.227823725E-04   0.246207053E-04   0.265475478E-04
   0.285652578E-04   0.306771088E-04   0.328866709E-04   0.351979340E-04
   0.376163548E-04   0.401479040E-04   0.427980453E-04   0.455695937E-04
   0.484646716E-04   0.514862465E-04   0.546407984E-04   0.579358755E-04
   0.613787319E-04   0.649747207E-04   0.687287708E-04   0.726463360E-04
   0.767347563E-04   0.810020029E-04   0.854561525E-04   0.901050931E-04
   0.949567957E-04   0.100019501E-03   0.105302010E-03   0.110813412E-03
   0.116563322E-03   0.122562875E-03   0.128823798E-03   0.135358041E-03
   0.142177593E-03   0.149294648E-03   0.156721998E-03   0.164474044E-03
   0.172565853E-03   0.181012945E-03   0.189831655E-03   0.199038798E-03
   0.208651943E-03   0.218690618E-03   0.229175183E-03   0.240127252E-03
   0.251572171E-03   0.263536694E-03   0.276048166E-03   0.289134447E-03
   0.302823984E-03   0.317146256E-03   0.332133072E-03   0.347817351E-03
   0.364234679E-03   0.381429351E-03   0.399448678E-03   0.418334841E-03
   0.438105873E-03   0.458773604E-03   0.480375196E-03   0.503051001E-03
   0.526971011E-03   0.552291036E-03   0.579095236E-03   0.607450484E-03
   0.637403849E-03   0.668918315E-03   0.701933663E-03   0.736429927E-03
   0.772558109E-03   0.810516230E-03   0.850504166E-03   0.892714382E-03
   0.937340726E-03   0.984570806E-03   0.103455357E-02   0.108743010E-02
   0.114334411E-02   0.120244193E-02   0.126487248E-02
   0.000000000E+00   0.000000000E+00   0.000000000E+00   0.496971948E-09
   0.123563683E-07   0.525833991E-07   0.132376174E-06   0.257590731E-06
   0.429652271E-06   0.646381580E-06   0.902744360E-06   0.119153122E-05
   0.150397606E-05   0.183032055E-05   0.216033252E-05   0.248378591E-05
   0.279091004E-05   0.307281601E-05   0.332190782E-05   0.353228611E-05
   0.370015214E-05   0.382421973E-05   0.390614309E-05   0.395096797E-05
   0.396761413E-05   0.471620460E-05   0.478258752E-05   0.483126348E-05
   0.485945122E-05   0.486616140E-05   0.485095507E-05   0.481411741E-05
   0.475872644E-05   0.468903495E-05   0.460861875E-05   0.451630765E-05
   0.440944065E-05   0.428471702E-05   0.413712626E-05   0.396082032E-05
   0.374884943E-05   0.349130979E-05   0.317687755E-05   0.279659120E-05
   0.235415065E-05   0.185727201E-05   0.131496001E-05   0.738633315E-06
   0.141168759E-06  -0.467480852E-06  -0.109307601E-05  -0.174611649E-05
  -0.243815823E-05  -0.318242811E-05  -0.399329166E-05  -0.488307892E-05
  -0.585268989E-05  -0.689979438E-05  -0.802172079E-05  -0.921548939E-05
  -0.104777831E-04  -0.118067803E-04  -0.132079272E-04  -0.146888303E-04
  -0.162563190E-04  -0.179128383E-04  -0.196596594E-04  -0.214985052E-04
  -0.234331330E-04  -0.254679186E-04  -0.276073146E-04  -0.298556960E-04
  -0.322174988E-04  -0.346973464E-04  -0.373002897E-04  -0.400315902E-04
  -0.428967634E-04  -0.459019510E-04  -0.490535832E-04  -0.523575449E-04
  -0.558169479E-04  -0.594341585E-04  -0.632129392E-04  -0.671629141E-04
  -0.712954904E-04  -0.756214935E-04  -0.801482019E-04  -0.848820641E-04
  -0.898301696E-04  -0.950019016E-04  -0.100407418E-03  -0.106057124E-03
  -0.111961665E-03  -0.118131934E-03  -0.124579304E-03  -0.131316335E-03
  -0.138356120E-03  -0.145712239E-03  -0.153399291E-03  -0.161432399E-03
  -0.169826978E-03  -0.178598538E-03  -0.187762865E-03  -0.197336729E-03
  -0.207339867E-03  -0.217793138E-03  -0.228718032E-03  -0.240137111E-03
  -0.252073601E-03  -0.264552083E-03  -0.277601071E-03  -0.291250603E-03
  -0.305530654E-03  -0.320468770E-03  -0.336092283E-03  -0.352430096E-03
  -0.369515863E-03  -0.387385012E-03  -0.406076610E-03  -0.425642213E-03
  -0.446137558E-03  -0.467619910E-03  -0.490148639E-03  -0.513784681E-03
  -0.538588276E-03  -0.564612613E-03  -0.591909820E-03  -0.620538340E-03
  -0.650579281E-03  -0.682120993E-03  -0.715257369E-03  -0.750098751E-03
  -0.786761629E-03  -0.825352545E-03  -0.865929569E-03  -0.908538741E-03
  -0.953230017E-03  -0.100006811E-02  -0.104912220E-02  -0.110044412E-02
  -0.115401203E-02  -0.120978380E-02  -0.126771856E-02  -0.132778712E-02
  -0.138996211E-02  -0.145441888E-02  -0.152215994E-02  -0.159442157E-02
  -0.167247225E-02  -0.175761272E-02  -0.185117593E-02
   0.000000000E+00   0.000000000E+00   0.000000000E+00   0.460179394E-09
   0.106327769E-07   0.418774979E-07   0.971405227E-07   0.173346879E-06
   0.263800646E-06   0.360102253E-06   0.453626916E-06   0.536608264E-06
   0.602871187E-06   0.648257954E-06   0.670791645E-06   0.670620941E-06
   0.649790311E-06   0.611879646E-06   0.561557373E-06   0.504091105E-06
   0.444859864E-06   0.388911910E-06   0.340612248E-06   0.303423817E-06
   0.279866443E-06   0.452352542E-05   0.490146567E-05   0.530087357E-05
   0.572852793E-05   0.618187731E-05   0.665519427E-05   0.714333442E-05
   0.764653625E-05   0.816666680E-05   0.870537463E-05   0.926257283E-05
   0.983765264E-05   0.104322064E-04   0.110573665E-04   0.117278229E-04
   0.124539420E-04   0.132234515E-04   0.140166076E-04   0.148155152E-04
   0.156165000E-04   0.164197235E-04   0.172277427E-04   0.180526924E-04
   0.189101855E-04   0.198143441E-04   0.207689291E-04   0.217749519E-04
   0.228316390E-04   0.239309933E-04   0.250625033E-04   0.262177423E-04
   0.273996164E-04   0.286142928E-04   0.298670323E-04   0.311580054E-04
   0.324859710E-04   0.338499040E-04   0.352500637E-04   0.366870490E-04
   0.381611645E-04   0.396714732E-04   0.412166398E-04   0.427958476E-04
   0.444107421E-04   0.460636918E-04   0.477567990E-04   0.494906986E-04
   0.512656380E-04   0.530817316E-04   0.549385891E-04   0.568356513E-04
   0.587724407E-04   0.607489778E-04   0.627654035E-04   0.648219647E-04
   0.669193744E-04   0.690584841E-04   0.712398290E-04   0.734625719E-04
   0.757254680E-04   0.780277111E-04   0.803705213E-04   0.827556901E-04
   0.851846698E-04   0.876573071E-04   0.901730070E-04   0.927314184E-04
   0.953333149E-04   0.979797830E-04   0.100671677E-03   0.103408802E-03
   0.106190667E-03   0.109017052E-03   0.111888942E-03   0.114807660E-03
   0.117774322E-03   0.120789069E-03   0.123851781E-03   0.126962574E-03
   0.130122588E-03   0.133333257E-03   0.136596137E-03   0.139913175E-03
   0.143286460E-03   0.146718407E-03   0.150212561E-03   0.153772847E-03
   0.157402890E-03   0.161104740E-03   0.164880066E-03   0.168731037E-03
   0.172661767E-03   0.176676957E-03   0.180784380E-03   0.185003910E-03
   0.189359042E-03   0.193870351E-03   0.198544327E-03   0.203383881E-03
   0.208386727E-03   0.213529457E-03   0.218782541E-03   0.224152481E-03
   0.229795228E-03   0.235909180E-03   0.242643793E-03   0.249931413E-03
   0.257646151E-03   0.265666626E-03   0.273902455E-03   0.282269191E-03
   0.290736957E-03   0.299505253E-03   0.308837390E-03   0.318902359E-03
   0.329463510E-03   0.340173757E-03   0.350846384E-03   0.361976001E-03
   0.374243997E-03   0.388213315E-03   0.403909367E-03   0.421218306E-03
   0.440022308E-03   0.460199577E-03   0.481624338E-03
   0.000000000E+00   0.000000000E+00   0.461252531E-09   0.105833647E-07
   0.413500680E-07   0.950333645E-07   0.167771471E-06   0.252117423E-06
   0.339066541E-06   0.419610308E-06   0.485864169E-06   0.531816792E-06
   0.553748318E-06   0.550365134E-06   0.522698685E-06   0.473815876E-06
   0.408388577E-06   0.332169762E-06   0.251423825E-06   0.172358584E-06
   0.100606519E-06   0.408027641E-07  -0.369261314E-08  -0.308805168E-07
   0.454843105E-05   0.495628887E-05   0.538778321E-05   0.583807363E-05
   0.630332011E-05   0.678667295E-05   0.729371524E-05   0.782952478E-05
   0.839461681E-05   0.898811752E-05   0.960835037E-05   0.102509641E-04
   0.109104303E-04   0.115823381E-04   0.122690222E-04   0.129749756E-04
   0.137044227E-04   0.144588533E-04   0.152390648E-04   0.160467242E-04
   0.168870099E-04   0.177663943E-04   0.186897938E-04   0.196540352E-04
   0.206534049E-04   0.216825110E-04   0.227391078E-04   0.238216723E-04
   0.249293097E-04   0.260641565E-04   0.272292997E-04   0.284276389E-04
   0.296606122E-04   0.309293083E-04   0.322341082E-04   0.335723364E-04
   0.349403257E-04   0.363347628E-04   0.377546373E-04   0.391995169E-04
   0.406691166E-04   0.421638330E-04   0.436842686E-04   0.452306973E-04
   0.468019118E-04   0.483962547E-04   0.500121328E-04   0.516485026E-04
   0.533044339E-04   0.549788995E-04   0.566705933E-04   0.583780950E-04
   0.600996139E-04   0.618320184E-04   0.635717163E-04   0.653152973E-04
   0.670605828E-04   0.688056706E-04   0.705482754E-04   0.722847083E-04
   0.740108089E-04   0.757224604E-04   0.774161885E-04   0.790886123E-04
   0.807360358E-04   0.823537663E-04   0.839367407E-04   0.854795867E-04
   0.869761477E-04   0.884199207E-04   0.898041517E-04   0.911216662E-04
   0.923650257E-04   0.935262211E-04   0.945955622E-04   0.955627062E-04
   0.964172144E-04   0.971491778E-04   0.977486363E-04   0.982049669E-04
   0.985056164E-04   0.986372811E-04   0.985860205E-04   0.983363649E-04
   0.978721478E-04   0.971758803E-04   0.962259545E-04   0.949992568E-04
   0.934722945E-04   0.916219138E-04   0.894246281E-04   0.868576408E-04
   0.839026898E-04   0.805424426E-04   0.767573034E-04   0.725193928E-04
   0.677982024E-04   0.625560741E-04   0.567284267E-04   0.502423570E-04
   0.430225439E-04   0.349899038E-04   0.260628574E-04   0.161659553E-04
   0.525497610E-05  -0.670675195E-05  -0.197209663E-04  -0.336459379E-04
  -0.482990038E-04  -0.635485073E-04  -0.794883342E-04  -0.962728110E-04
  -0.114081772E-03  -0.133185539E-03  -0.153883382E-03  -0.176420064E-03
  -0.200794698E-03  -0.226941998E-03  -0.254851399E-03  -0.284742794E-03
  -0.316899708E-03  -0.351584568E-03  -0.388953074E-03  -0.429135579E-03
  -0.472264733E-03  -0.518475482E-03  -0.567905071E-03
   0.000000000E+00   0.000000000E+00   0.000000000E+00   0.000000000E+00
   0.000000000E+00   0.000000000E+00   0.000000000E+00   0.000000000E+00
   0.000000000E+00   0.000000000E+00   0.000000000E+00   0.000000000E+00
   0.000000000E+00  -0.466262408E-09  -0.110692076E-07  -0.449233938E-07
  -0.107729395E-06  -0.199480142E-06  -0.316323479E-06  -0.452083357E-06
  -0.599470802E-06  -0.751015788E-06  -0.899751150E-06  -0.103967967E-05
  -0.116605546E-05  -0.127551084E-05  -0.136605969E-05  -0.143700860E-05
  -0.148880688E-05  -0.152286641E-05  -0.154138279E-05  -0.154718858E-05
  -0.154367001E-05  -0.153477818E-05  -0.152516586E-05  -0.452607812E-05
  -0.479324230E-05  -0.507243472E-05  -0.536224357E-05  -0.565929855E-05
  -0.596099810E-05  -0.626914634E-05  -0.658694127E-05  -0.691812720E-05
  -0.726773432E-05  -0.764145791E-05  -0.804192690E-05  -0.845756309E-05
  -0.887204316E-05  -0.927220029E-05  -0.966239821E-05  -0.100521973E-04
  -0.104510126E-04  -0.108650118E-04  -0.112998012E-04  -0.117594097E-04
  -0.122401187E-04  -0.127358474E-04  -0.132412034E-04  -0.137551214E-04
  -0.142776643E-04  -0.148088102E-04  -0.153481616E-04  -0.158952028E-04
  -0.164498060E-04  -0.170135319E-04  -0.175884722E-04  -0.181761531E-04
  -0.187753725E-04  -0.193841351E-04  -0.200007883E-04  -0.206254657E-04
  -0.212587894E-04  -0.219013633E-04  -0.225535978E-04  -0.232158679E-04
  -0.238886132E-04  -0.245724757E-04  -0.252681742E-04  -0.259760992E-04
  -0.266951877E-04  -0.274239475E-04  -0.281611822E-04  -0.289071462E-04
  -0.296624902E-04  -0.304278549E-04  -0.312037389E-04  -0.319906198E-04
  -0.327889259E-04  -0.335988200E-04  -0.344203981E-04  -0.352538345E-04
  -0.360996187E-04  -0.369583370E-04  -0.378305907E-04  -0.387169749E-04
  -0.396180981E-04  -0.405345187E-04  -0.414665294E-04  -0.424143569E-04
  -0.433784683E-04  -0.443603036E-04  -0.453615954E-04  -0.463839046E-04
  -0.474279089E-04  -0.484940649E-04  -0.495831804E-04  -0.506974765E-04
  -0.518395971E-04  -0.530122554E-04  -0.542181890E-04  -0.554602019E-04
  -0.567412032E-04  -0.580642817E-04  -0.594326364E-04  -0.608492632E-04
  -0.623160684E-04  -0.638347001E-04  -0.654082146E-04  -0.670453188E-04
  -0.687563853E-04  -0.705503582E-04  -0.724294310E-04  -0.743940527E-04
  -0.764512665E-04  -0.786350319E-04  -0.809870787E-04  -0.835400405E-04
  -0.862857747E-04  -0.892052503E-04  -0.922771100E-04  -0.954727157E-04
  -0.987608288E-04  -0.102129508E-03  -0.105648241E-03  -0.109409172E-03
  -0.113498619E-03  -0.117971116E-03  -0.122874002E-03  -0.128240112E-03
  -0.134039911E-03  -0.140226883E-03  -0.146754756E-03  -0.153582955E-03
  -0.160671425E-03  -0.168041535E-03  -0.175967549E-03  -0.184794665E-03
  -0.194877212E-03  -0.206578649E-03  -0.220271567E-03
   0.000000000E+00   0.000000000E+00   0.000000000E+00   0.000000000E+00
   0.000000000E+00   0.000000000E+00   0.000000000E+00   0.000000000E+00
   0.000000000E+00   0.000000000E+00   0.000000000E+00   0.000000000E+00
   0.488903975E-09   0.116426209E-07   0.474072278E-07   0.114089554E-06
   0.212059313E-06   0.337633030E-06   0.484617977E-06   0.645547121E-06
   0.812636100E-06   0.978493236E-06   0.113661359E-05   0.128168807E-05
   0.140975859E-05   0.151825034E-05   0.160591208E-05   0.167269555E-05
   0.171960500E-05   0.174854780E-05   0.176221716E-05   0.176403800E-05
   0.175820694E-05   0.174985744E-05   0.473891851E-05   0.500501072E-05
   0.529831097E-05   0.563219108E-05   0.599567498E-05   0.636978418E-05
   0.673880005E-05   0.710742971E-05   0.748659045E-05   0.788322572E-05
   0.828409454E-05   0.866937891E-05   0.902447733E-05   0.936203878E-05
   0.970324898E-05   0.100678517E-04   0.104635893E-04   0.108952634E-04
   0.113643815E-04   0.118579438E-04   0.123581521E-04   0.128501726E-04
   0.133358000E-04   0.138215311E-04   0.143128024E-04   0.148090434E-04
   0.153080258E-04   0.158082551E-04   0.163116960E-04   0.168213612E-04
   0.173390050E-04   0.178605460E-04   0.183801412E-04   0.188929670E-04
   0.193994698E-04   0.199015627E-04   0.204010466E-04   0.208988079E-04
   0.213955397E-04   0.218913124E-04   0.223834615E-04   0.228684955E-04
   0.233432995E-04   0.238068240E-04   0.242585540E-04   0.246972604E-04
   0.251187710E-04   0.255179994E-04   0.258912831E-04   0.262414538E-04
   0.265732062E-04   0.268893502E-04   0.271841574E-04   0.274494580E-04
   0.276781108E-04   0.278682385E-04   0.280193347E-04   0.281303612E-04
   0.281980056E-04   0.282182872E-04   0.281870152E-04   0.280995010E-04
   0.279508243E-04   0.277361958E-04   0.274517949E-04   0.270939937E-04
   0.266584189E-04   0.261378827E-04   0.255243038E-04   0.248098780E-04
   0.239886506E-04   0.230550528E-04   0.220026933E-04   0.208221822E-04
   0.195031601E-04   0.180349293E-04   0.164062609E-04   0.146055750E-04
   0.126207702E-04   0.104385115E-04   0.804489691E-05   0.542552506E-05
   0.256500372E-05  -0.552589280E-06  -0.394368934E-05  -0.762567686E-05
  -0.116164717E-04  -0.159371279E-04  -0.206202133E-04  -0.257019270E-04
  -0.312191974E-04  -0.372090269E-04  -0.437091091E-04  -0.507573444E-04
  -0.583897100E-04  -0.666422693E-04  -0.755562613E-04  -0.851915887E-04
  -0.956140752E-04  -0.106882184E-03  -0.119019645E-03  -0.132041348E-03
  -0.145960232E-03  -0.160781410E-03  -0.176507737E-03  -0.193160855E-03
  -0.210839773E-03  -0.229665325E-03  -0.249759234E-03  -0.271237852E-03
  -0.294218104E-03  -0.318867691E-03  -0.345552300E-03  -0.374695702E-03
  -0.406732240E-03  -0.442106821E-03  -0.481274923E-03
   0.000000000E+00   0.000000000E+00   0.000000000E+00   0.000000000E+00
   0.000000000E+00   0.000000000E+00   0.000000000E+00   0.000000000E+00
   0.000000000E+00   0.000000000E+00   0.000000000E+00   0.000000000E+00
   0.000000000E+00   0.000000000E+00   0.000000000E+00   0.000000000E+00
   0.000000000E+00   0.000000000E+00   0.000000000E+00   0.000000000E+00
   0.000000000E+00   0.000000000E+00   0.000000000E+00   0.000000000E+00
   0.000000000E+00   0.000000000E+00   0.000000000E+00   0.000000000E+00
   0.000000000E+00   0.000000000E+00   0.000000000E+00   0.000000000E+00
   0.000000000E+00   0.000000000E+00   0.422147041E-09   0.923245933E-08
   0.340231664E-07   0.727103604E-07   0.116993681E-06   0.155561801E-06
   0.176594161E-06   0.169623156E-06   0.126820941E-06   0.437750476E-07
  -0.801829963E-07  -0.242031871E-06  -0.435433301E-06  -0.651359335E-06
  -0.878909898E-06  -0.110625641E-05  -0.132164731E-05  -0.151441126E-05
  -0.167589394E-05  -0.180026408E-05  -0.188512471E-05  -0.193186540E-05
   0.425057400E-05   0.480135313E-05   0.539975875E-05   0.604565816E-05
   0.673749062E-05   0.747431781E-05   0.825841441E-05   0.909297586E-05
   0.998085336E-05   0.109231012E-04   0.119202696E-04   0.129734244E-04
   0.140859227E-04   0.152618242E-04   0.165052273E-04   0.178199230E-04
   0.192097062E-04   0.206782497E-04   0.222283779E-04   0.238627225E-04
   0.255840727E-04   0.273957547E-04   0.293012874E-04   0.313047435E-04
   0.334122377E-04   0.356305723E-04   0.379658968E-04   0.404210049E-04
   0.429978036E-04   0.456992446E-04   0.485326671E-04   0.515067346E-04
   0.546297715E-04   0.579078822E-04   0.613466799E-04   0.649523987E-04
   0.687334920E-04   0.726991595E-04   0.768586081E-04   0.812203330E-04
   0.857927824E-04   0.905848995E-04   0.956070938E-04   0.100870341E-03
   0.106385882E-03   0.112165235E-03   0.118220188E-03   0.124563191E-03
   0.131208616E-03   0.138171585E-03   0.145467797E-03   0.153114199E-03
   0.161128357E-03   0.169528271E-03   0.178332467E-03   0.187559907E-03
   0.197229801E-03   0.207361092E-03   0.217972938E-03   0.229087662E-03
   0.240739324E-03   0.252965684E-03   0.265805577E-03   0.279299261E-03
   0.293488092E-03   0.308410164E-03   0.324087312E-03   0.340537338E-03
   0.357785720E-03   0.375888687E-03   0.394911478E-03   0.414918601E-03
   0.435966710E-03   0.458111324E-03   0.481432483E-03   0.506106262E-03
   0.532337205E-03   0.560295082E-03   0.589991721E-03   0.621397515E-03
   0.654442709E-03   0.688900074E-03   0.724496029E-03   0.761046439E-03
   0.798756287E-03   0.837935513E-03   0.878851431E-03   0.921572878E-03
   0.966118159E-03   0.101259278E-02   0.106145663E-02   0.111327005E-02
   0.116860763E-02   0.122805814E-02   0.129222460E-02
   0.000000000E+00   0.000000000E+00   0.000000000E+00   0.000000000E+00
   0.000000000E+00   0.000000000E+00   0.000000000E+00   0.000000000E+00
   0.000000000E+00   0.000000000E+00   0.000000000E+00   0.000000000E+00
   0.000000000E+00   0.000000000E+00   0.000000000E+00   0.000000000E+00
   0.000000000E+00   0.000000000E+00   0.000000000E+00   0.000000000E+00
   0.000000000E+00   0.000000000E+00   0.000000000E+00   0.000000000E+00
   0.000000000E+00   0.000000000E+00   0.000000000E+00   0.000000000E+00
   0.000000000E+00   0.000000000E+00   0.000000000E+00   0.000000000E+00
   0.420860199E-09   0.907529624E-08   0.328326587E-07   0.684313038E-07
   0.106240672E-06   0.133705277E-06   0.138022599E-06   0.108124737E-06
   0.360337190E-07  -0.823396863E-07  -0.246883759E-06  -0.453390364E-06
  -0.694006349E-06  -0.957961942E-06  -0.123250627E-05  -0.150398010E-05
  -0.175895605E-05  -0.198537614E-05  -0.217361716E-05  -0.231741365E-05
  -0.241456886E-05  -0.246738368E-05   0.426257794E-05   0.486216120E-05
   0.550060475E-05   0.618117097E-05   0.690724980E-05   0.768227581E-05
   0.850980110E-05   0.939304538E-05   0.103334071E-04   0.113317807E-04
   0.123894378E-04   0.135093423E-04   0.146949800E-04   0.159499362E-04
   0.172778515E-04   0.186824615E-04   0.201674685E-04   0.217360991E-04
   0.233915018E-04   0.251370273E-04   0.269766707E-04   0.289146715E-04
   0.309552720E-04   0.331023923E-04   0.353599246E-04   0.377320028E-04
   0.402235231E-04   0.428396704E-04   0.455858451E-04   0.484679451E-04
   0.514921084E-04   0.546646249E-04   0.579919375E-04   0.614806412E-04
   0.651375434E-04   0.689698527E-04   0.729850055E-04   0.771908188E-04
   0.815961455E-04   0.862102703E-04   0.910425715E-04   0.961021171E-04
   0.101398038E-03   0.106939924E-03   0.112738646E-03   0.118805595E-03
   0.125152499E-03   0.131791678E-03   0.138735803E-03   0.145998076E-03
   0.153592989E-03   0.161535614E-03   0.169841510E-03   0.178527194E-03
   0.187609704E-03   0.197106465E-03   0.207035347E-03   0.217414611E-03
   0.228263588E-03   0.239604817E-03   0.251462041E-03   0.263860385E-03
   0.276828993E-03   0.290398551E-03   0.304600664E-03   0.319468505E-03
   0.335036204E-03   0.351337444E-03   0.368401813E-03   0.386258236E-03
   0.404939261E-03   0.424490606E-03   0.444962161E-03   0.466414795E-03
   0.488950558E-03   0.512684183E-03   0.537723511E-03   0.564139282E-03
   0.591993673E-03   0.621334973E-03   0.652151553E-03   0.684415406E-03
   0.718095954E-03   0.753156943E-03   0.789559384E-03   0.827265349E-03
   0.866246535E-03   0.906476147E-03   0.947956943E-03   0.990815401E-03
   0.103521232E-02   0.108138985E-02   0.112990788E-02   0.118141936E-02
   0.123659402E-02   0.129611835E-02   0.136069558E-02
   0.000000000E+00   0.000000000E+00   0.000000000E+00   0.000000000E+00
   0.000000000E+00   0.000000000E+00   0.000000000E+00   0.000000000E+00
   0.000000000E+00   0.000000000E+00   0.000000000E+00   0.000000000E+00
   0.000000000E+00   0.000000000E+00   0.000000000E+00   0.000000000E+00
   0.000000000E+00   0.000000000E+00   0.000000000E+00   0.000000000E+00
   0.000000000E+00   0.000000000E+00   0.000000000E+00   0.000000000E+00
   0.000000000E+00   0.000000000E+00   0.000000000E+00   0.000000000E+00
   0.000000000E+00   0.000000000E+00   0.000000000E+00   0.000000000E+00
   0.000000000E+00   0.000000000E+00   0.000000000E+00   0.000000000E+00
   0.000000000E+00  -0.462838481E-09  -0.105513266E-07  -0.409158460E-07
  -0.932082111E-07  -0.162834449E-06  -0.241643843E-06  -0.320060843E-06
  -0.388710659E-06  -0.439589348E-06  -0.466829209E-06  -0.467110300E-06
  -0.439768889E-06  -0.386653653E-06  -0.311780444E-06  -0.220836415E-06
  -0.120584355E-06  -0.182180045E-07   0.792807977E-07   0.165732350E-06
   0.236245877E-06   0.287552065E-06   0.318130531E-06  -0.457730868E-05
  -0.501334335E-05  -0.547536942E-05  -0.596300793E-05  -0.647601844E-05
  -0.701466771E-05  -0.758148908E-05  -0.817971660E-05  -0.881219751E-05
  -0.947970107E-05  -0.101824317E-04  -0.109207780E-04  -0.116960076E-04
  -0.125096424E-04  -0.133632965E-04  -0.142588454E-04  -0.151982733E-04
  -0.161837070E-04  -0.172176867E-04  -0.183029204E-04  -0.194419357E-04
  -0.206362612E-04  -0.218871718E-04  -0.231962546E-04  -0.245663686E-04
  -0.260007683E-04  -0.275027401E-04  -0.290754114E-04  -0.307219257E-04
  -0.324455041E-04  -0.342494495E-04  -0.361371426E-04  -0.381122088E-04
  -0.401790365E-04  -0.423422993E-04  -0.446067884E-04  -0.469774023E-04
  -0.494591567E-04  -0.520572199E-04  -0.547770140E-04  -0.576241215E-04
  -0.606044985E-04  -0.637252311E-04  -0.669938334E-04  -0.704178853E-04
  -0.740046610E-04  -0.777614750E-04  -0.816961382E-04  -0.858179970E-04
  -0.901369643E-04  -0.946635394E-04  -0.994098861E-04  -0.104388825E-03
  -0.109613524E-03  -0.115097597E-03  -0.120855012E-03  -0.126900062E-03
  -0.133247390E-03  -0.139911963E-03  -0.146910025E-03  -0.154262002E-03
  -0.161989771E-03  -0.170116968E-03  -0.178672798E-03  -0.187688454E-03
  -0.197194162E-03  -0.207213892E-03  -0.217770347E-03  -0.228892907E-03
  -0.240636787E-03  -0.253064967E-03  -0.266236130E-03  -0.280186594E-03
  -0.294947380E-03  -0.310545655E-03  -0.326991335E-03  -0.344289760E-03
  -0.362457319E-03  -0.381556106E-03  -0.401661099E-03  -0.422819277E-03
  -0.444958719E-03  -0.467974799E-03  -0.491853217E-03  -0.516956486E-03
  -0.543751966E-03  -0.572603932E-03  -0.603420621E-03  -0.635989655E-03
  -0.670091972E-03  -0.705501825E-03  -0.741986785E-03
   0.000000000E+00   0.000000000E+00   0.000000000E+00   0.000000000E+00
   0.000000000E+00   0.000000000E+00   0.000000000E+00   0.000000000E+00
   0.000000000E+00   0.000000000E+00   0.000000000E+00   0.000000000E+00
   0.000000000E+00   0.000000000E+00   0.000000000E+00   0.000000000E+00
   0.000000000E+00   0.000000000E+00   0.000000000E+00   0.000000000E+00
   0.000000000E+00   0.000000000E+00   0.000000000E+00   0.000000000E+00
   0.000000000E+00   0.000000000E+00   0.000000000E+00   0.000000000E+00
   0.000000000E+00   0.000000000E+00   0.000000000E+00   0.000000000E+00
   0.000000000E+00   0.000000000E+00   0.437396170E-09   0.983091793E-08
   0.374840344E-07   0.836692222E-07   0.142569968E-06   0.205092176E-06
   0.261078871E-06   0.300982627E-06   0.317050142E-06   0.304073376E-06
   0.259761681E-06   0.184789339E-06   0.825729322E-07  -0.411670226E-07
  -0.179005776E-06  -0.322520936E-06  -0.463051548E-06  -0.592455220E-06
  -0.703808890E-06  -0.791998801E-06  -0.854145269E-06  -0.889807820E-06
   0.435285614E-05   0.481985813E-05   0.531280169E-05   0.582888177E-05
   0.636721919E-05   0.692795838E-05   0.751575209E-05   0.813667808E-05
   0.879576065E-05   0.949258942E-05   0.102252186E-04   0.109924103E-04
   0.117963953E-04   0.126404027E-04   0.135274723E-04   0.144594288E-04
   0.154378036E-04   0.164643295E-04   0.175414816E-04   0.186719887E-04
   0.198586086E-04   0.211039564E-04   0.224106605E-04   0.237807634E-04
   0.252136972E-04   0.267081263E-04   0.282641477E-04   0.298881352E-04
   0.315883150E-04   0.333717838E-04   0.352400055E-04   0.371929381E-04
   0.392313800E-04   0.413598290E-04   0.435838545E-04   0.459087930E-04
   0.483385122E-04   0.508765501E-04   0.535267798E-04   0.562942506E-04
   0.591844106E-04   0.622029560E-04   0.653561902E-04   0.686506910E-04
   0.720928173E-04   0.756875419E-04   0.794395350E-04   0.833542590E-04
   0.874401922E-04   0.917067593E-04   0.961633756E-04   0.100818687E-03
   0.105681280E-03   0.110760416E-03   0.116067548E-03   0.121614909E-03
   0.127414196E-03   0.133474059E-03   0.139802453E-03   0.146408062E-03
   0.153302170E-03   0.160496904E-03   0.168006457E-03   0.175852678E-03
   0.184059820E-03   0.192652242E-03   0.201652833E-03   0.211084495E-03
   0.220969550E-03   0.231326404E-03   0.242172691E-03   0.253530170E-03
   0.265436430E-03   0.277933848E-03   0.291059689E-03   0.304827322E-03
   0.319243966E-03   0.334318384E-03   0.350065929E-03   0.366503773E-03
   0.383650255E-03   0.401527882E-03   0.420160487E-03   0.439554745E-03
   0.459646603E-03   0.480352075E-03   0.501554884E-03   0.523015921E-03
   0.544459194E-03   0.565817302E-03   0.587892137E-03   0.611726988E-03
   0.638393270E-03   0.668990522E-03   0.704646403E-03
   0.000000000E+00   0.000000000E+00   0.000000000E+00   0.000000000E+00
   0.000000000E+00   0.000000000E+00   0.000000000E+00   0.000000000E+00
   0.000000000E+00   0.000000000E+00   0.000000000E+00   0.000000000E+00
   0.000000000E+00   0.000000000E+00   0.000000000E+00   0.000000000E+00
   0.000000000E+00   0.000000000E+00   0.000000000E+00   0.000000000E+00
   0.000000000E+00   0.000000000E+00   0.000000000E+00   0.000000000E+00
   0.000000000E+00   0.000000000E+00   0.000000000E+00   0.000000000E+00
   0.000000000E+00   0.000000000E+00   0.000000000E+00   0.000000000E+00
  -0.478216050E-09  -0.115638218E-07  -0.478510350E-07  -0.117121498E-06
  -0.221582991E-06  -0.359374024E-06  -0.525823723E-06  -0.714489330E-06
  -0.917993626E-06  -0.112868460E-05  -0.133913971E-05  -0.154253696E-05
  -0.173291529E-05  -0.190534637E-05  -0.205604035E-05  -0.218240765E-05
  -0.228309934E-05  -0.235804822E-05  -0.240853312E-05  -0.243728854E-05
  -0.244868206E-05  -0.244898191E-05  -0.460132491E-05  -0.479284386E-05
  -0.499510631E-05  -0.519929413E-05  -0.539782267E-05  -0.559023452E-05
  -0.577801820E-05  -0.596233705E-05  -0.614259609E-05  -0.631771009E-05
  -0.648691769E-05  -0.665094216E-05  -0.681095834E-05  -0.696772334E-05
  -0.711998733E-05  -0.726591546E-05  -0.740365202E-05  -0.753153827E-05
  -0.764791658E-05  -0.775136395E-05  -0.784162939E-05  -0.791878737E-05
  -0.798241275E-05  -0.802992910E-05  -0.805810639E-05  -0.806380793E-05
  -0.804470057E-05  -0.799860827E-05  -0.792355958E-05  -0.781862604E-05
  -0.768315641E-05  -0.751583228E-05  -0.731256314E-05  -0.706841523E-05
  -0.677877810E-05  -0.644091694E-05  -0.605254580E-05  -0.561099091E-05
  -0.511212284E-05  -0.455134075E-05  -0.392394297E-05  -0.322522677E-05
  -0.245039619E-05  -0.159431991E-05  -0.650882739E-06   0.386413576E-06
   0.152420189E-05   0.276911908E-05   0.412792733E-05   0.560775357E-05
   0.721669877E-05   0.896327094E-05   0.108563071E-04   0.129053306E-04
   0.151202176E-04   0.175111871E-04   0.200891186E-04   0.228652551E-04
   0.258517097E-04   0.290633344E-04   0.325159709E-04   0.362255729E-04
   0.402073460E-04   0.444765540E-04   0.490503279E-04   0.539523699E-04
   0.592085351E-04   0.648445754E-04   0.708838431E-04   0.773494511E-04
   0.842577003E-04   0.915956796E-04   0.993423692E-04   0.107504670E-03
   0.116205733E-03   0.125601626E-03   0.135818775E-03   0.146849333E-03
   0.158650027E-03   0.171166235E-03   0.184302691E-03   0.197951196E-03
   0.212048308E-03   0.226722953E-03   0.242156622E-03   0.258514199E-03
   0.275877885E-03   0.294309852E-03   0.313854383E-03   0.334479266E-03
   0.356131428E-03   0.378778983E-03   0.402481963E-03   0.427325102E-03
   0.453395004E-03   0.480780146E-03   0.509570874E-03
   0.000000000E+00   0.000000000E+00   0.000000000E+00   0.000000000E+00
   0.000000000E+00   0.000000000E+00   0.000000000E+00   0.000000000E+00
   0.000000000E+00   0.000000000E+00   0.000000000E+00   0.000000000E+00
   0.000000000E+00   0.000000000E+00   0.000000000E+00   0.000000000E+00
   0.000000000E+00   0.000000000E+00   0.000000000E+00   0.000000000E+00
   0.000000000E+00   0.000000000E+00   0.000000000E+00   0.000000000E+00
   0.000000000E+00   0.000000000E+00   0.000000000E+00   0.000000000E+00
   0.000000000E+00   0.000000000E+00  -0.485328808E-09  -0.118121478E-07
  -0.492057236E-07  -0.121263976E-06  -0.231029472E-06  -0.377369508E-06
  -0.556146013E-06  -0.761194428E-06  -0.985130744E-06  -0.122000587E-05
  -0.145782646E-05  -0.169096149E-05  -0.191245354E-05  -0.211625421E-05
  -0.229740263E-05  -0.245216632E-05  -0.257816362E-05  -0.267448673E-05
  -0.274184466E-05  -0.278274519E-05  -0.280173501E-05  -0.280571723E-05
  -0.465499522E-05  -0.481949565E-05  -0.497776309E-05  -0.513266528E-05
  -0.528714907E-05  -0.544435237E-05  -0.560642989E-05  -0.577074526E-05
  -0.593321860E-05  -0.609013293E-05  -0.624012150E-05  -0.638240933E-05
  -0.651627975E-05  -0.664132560E-05  -0.675722563E-05  -0.686329577E-05
  -0.695733213E-05  -0.703664620E-05  -0.709873998E-05  -0.714228803E-05
  -0.716625456E-05  -0.716936342E-05  -0.714940266E-05  -0.710385258E-05
  -0.703012374E-05  -0.692562043E-05  -0.678768311E-05  -0.661359665E-05
  -0.640067784E-05  -0.614619572E-05  -0.584701729E-05  -0.549859496E-05
  -0.509589135E-05  -0.463402532E-05  -0.410928392E-05  -0.351819504E-05
  -0.285684000E-05  -0.211971577E-05  -0.130078073E-05  -0.393702866E-06
   0.608484468E-06   0.171306524E-05   0.292751363E-05   0.425943807E-05
   0.571663297E-05   0.730751698E-05   0.904242938E-05   0.109324291E-04
   0.129886790E-04   0.152218190E-04   0.176425478E-04   0.202623118E-04
   0.230948069E-04   0.261545809E-04   0.294569105E-04   0.330188981E-04
   0.368584489E-04   0.409948951E-04   0.454519865E-04   0.502550960E-04
   0.554295727E-04   0.609986182E-04   0.669852743E-04   0.734128049E-04
   0.803037833E-04   0.876809479E-04   0.955702258E-04   0.104009111E-03
   0.113038797E-03   0.122705327E-03   0.133071371E-03   0.144205148E-03
   0.156179416E-03   0.169079931E-03   0.182997478E-03   0.198018743E-03
   0.214206684E-03   0.231619053E-03   0.250284109E-03   0.270106974E-03
   0.290958100E-03   0.312755797E-03   0.335626588E-03   0.359753522E-03
   0.385327101E-03   0.412553075E-03   0.441645060E-03   0.472748937E-03
   0.505719363E-03   0.540331693E-03   0.576483718E-03   0.614592092E-03
   0.655215998E-03   0.698863204E-03   0.745788184E-03   0.796183966E-03
   0.850247300E-03   0.908178659E-03   0.970182234E-03
   0.000000000E+00   0.000000000E+00   0.000000000E+00   0.000000000E+00
   0.000000000E+00   0.000000000E+00   0.000000000E+00   0.000000000E+00
   0.000000000E+00   0.000000000E+00   0.000000000E+00   0.000000000E+00
   0.000000000E+00   0.000000000E+00   0.000000000E+00   0.000000000E+00
   0.000000000E+00   0.000000000E+00   0.000000000E+00   0.000000000E+00
   0.000000000E+00   0.000000000E+00   0.000000000E+00   0.000000000E+00
   0.000000000E+00   0.000000000E+00   0.000000000E+00   0.000000000E+00
   0.000000000E+00   0.000000000E+00   0.000000000E+00   0.000000000E+00
   0.000000000E+00   0.000000000E+00   0.000000000E+00   0.000000000E+00
   0.000000000E+00   0.000000000E+00   0.000000000E+00   0.000000000E+00
   0.000000000E+00   0.000000000E+00   0.000000000E+00   0.000000000E+00
   0.000000000E+00   0.000000000E+00   0.000000000E+00   0.000000000E+00
   0.000000000E+00   0.000000000E+00   0.000000000E+00   0.000000000E+00
   0.000000000E+00   0.000000000E+00   0.000000000E+00   0.000000000E+00
   0.000000000E+00   0.000000000E+00   0.000000000E+00   0.000000000E+00
   0.000000000E+00   0.000000000E+00   0.000000000E+00   0.000000000E+00
   0.000000000E+00   0.000000000E+00   0.000000000E+00   0.000000000E+00
   0.000000000E+00   0.000000000E+00   0.000000000E+00   0.000000000E+00
   0.000000000E+00   0.000000000E+00   0.000000000E+00  -0.457090419E-09
  -0.946401333E-08  -0.323525410E-07  -0.619776776E-07  -0.837557118E-07
  -0.801600717E-07  -0.341888759E-07   0.681020320E-07   0.235906778E-06
   0.472724099E-06   0.776065136E-06   0.113772060E-05   0.154449353E-05
   0.197930381E-05   0.242257078E-05   0.285377997E-05   0.325314033E-05
   0.360323810E-05   0.389059354E-05   0.410702676E-05   0.425073879E-05
   0.432701420E-05  -0.470547042E-05  -0.551026347E-05  -0.637715635E-05
  -0.730949566E-05  -0.831210296E-05  -0.939028537E-05  -0.105492703E-04
  -0.117935095E-04  -0.131273266E-04  -0.145554960E-04  -0.160843400E-04
  -0.177207056E-04  -0.194718656E-04  -0.213462895E-04  -0.233529233E-04
  -0.255008334E-04  -0.277988711E-04  -0.302559871E-04  -0.328813317E-04
  -0.356842353E-04  -0.386742268E-04  -0.418610723E-04  -0.452548724E-04
  -0.488659707E-04  -0.527079886E-04  -0.568072258E-04  -0.611938171E-04
  -0.658999445E-04  -0.709635979E-04  -0.764250319E-04  -0.823144089E-04
  -0.886176478E-04  -0.953086438E-04  -0.102373839E-03  -0.109853848E-03
  -0.117804133E-03  -0.126288054E-03  -0.135396558E-03  -0.145229553E-03
  -0.155862862E-03  -0.167266525E-03  -0.179382173E-03  -0.192177700E-03
  -0.205733944E-03  -0.220162489E-03  -0.235588444E-03  -0.252183211E-03
  -0.270133375E-03  -0.289593952E-03  -0.310577835E-03  -0.333060854E-03
  -0.357017467E-03  -0.382420758E-03  -0.409242436E-03
   0.000000000E+00   0.000000000E+00   0.000000000E+00   0.000000000E+00
   0.000000000E+00   0.000000000E+00   0.000000000E+00   0.000000000E+00
   0.000000000E+00   0.000000000E+00   0.000000000E+00   0.000000000E+00
   0.000000000E+00   0.000000000E+00   0.000000000E+00   0.000000000E+00
   0.000000000E+00   0.000000000E+00   0.000000000E+00   0.000000000E+00
   0.000000000E+00   0.000000000E+00   0.000000000E+00   0.000000000E+00
   0.000000000E+00   0.000000000E+00   0.000000000E+00   0.000000000E+00
   0.000000000E+00   0.000000000E+00   0.000000000E+00   0.000000000E+00
   0.000000000E+00   0.000000000E+00   0.000000000E+00   0.000000000E+00
   0.000000000E+00   0.000000000E+00   0.000000000E+00   0.000000000E+00
   0.000000000E+00   0.000000000E+00   0.000000000E+00   0.000000000E+00
   0.000000000E+00   0.000000000E+00   0.000000000E+00   0.000000000E+00
   0.000000000E+00   0.000000000E+00   0.000000000E+00   0.000000000E+00
   0.000000000E+00   0.000000000E+00   0.000000000E+00   0.000000000E+00
   0.000000000E+00   0.000000000E+00   0.000000000E+00   0.000000000E+00
   0.000000000E+00   0.000000000E+00   0.000000000E+00   0.000000000E+00
   0.000000000E+00   0.000000000E+00   0.000000000E+00   0.400728680E-09
   0.811465968E-08   0.268269435E-07   0.485997077E-07   0.587312783E-07
   0.400486518E-07  -0.237927265E-07  -0.145911339E-06  -0.334613586E-06
  -0.592528861E-06  -0.916375152E-06  -0.129726465E-05  -0.172145882E-05
  -0.217148240E-05  -0.262750573E-05  -0.306890504E-05  -0.347590991E-05
  -0.383124759E-05  -0.412169351E-05  -0.433943746E-05  -0.448317501E-05
  -0.455883341E-05   0.416054667E-05   0.493747007E-05   0.577738328E-05
   0.668469569E-05   0.766462862E-05   0.872258073E-05   0.986419939E-05
   0.110953147E-04   0.124217817E-04   0.138490629E-04   0.153826151E-04
   0.170285811E-04   0.187955132E-04   0.206927732E-04   0.227296766E-04
   0.249145477E-04   0.272555993E-04   0.297619182E-04   0.324455706E-04
   0.353196390E-04   0.383976291E-04   0.416937128E-04   0.452225014E-04
   0.489992368E-04   0.530406164E-04   0.573640210E-04   0.619874745E-04
   0.669303288E-04   0.722126218E-04   0.778563617E-04   0.838901438E-04
   0.903448142E-04   0.972521281E-04   0.104645169E-03   0.112557955E-03
   0.121027695E-03   0.130102123E-03   0.139832592E-03   0.150270891E-03
   0.161466724E-03   0.173470092E-03   0.186331192E-03   0.200097625E-03
   0.214817038E-03   0.230539772E-03   0.247324262E-03   0.265231930E-03
   0.284329157E-03   0.304698603E-03   0.326428483E-03   0.349594242E-03
   0.374213666E-03   0.400289446E-03   0.427826245E-03   0.456838627E-03
   0.487343529E-03   0.519497876E-03   0.554026825E-03   0.591816791E-03
   0.633777199E-03   0.680840492E-03   0.733962123E-03
   0.000000000E+00   0.000000000E+00   0.000000000E+00   0.000000000E+00
   0.000000000E+00   0.000000000E+00   0.000000000E+00   0.000000000E+00
   0.000000000E+00   0.000000000E+00   0.000000000E+00   0.000000000E+00
   0.000000000E+00   0.000000000E+00   0.000000000E+00   0.000000000E+00
   0.000000000E+00   0.000000000E+00   0.000000000E+00   0.000000000E+00
   0.000000000E+00   0.000000000E+00   0.000000000E+00   0.000000000E+00
   0.000000000E+00   0.000000000E+00   0.000000000E+00   0.000000000E+00
   0.000000000E+00   0.000000000E+00   0.000000000E+00   0.000000000E+00
   0.000000000E+00   0.000000000E+00   0.000000000E+00   0.000000000E+00
   0.000000000E+00   0.000000000E+00   0.000000000E+00   0.000000000E+00
   0.000000000E+00   0.000000000E+00   0.000000000E+00   0.000000000E+00
   0.000000000E+00  -0.477624317E-09  -0.111350125E-07  -0.443002869E-07
  -0.103941346E-06  -0.187908422E-06  -0.290234456E-06  -0.402983839E-06
  -0.517690712E-06  -0.626428009E-06  -0.722548440E-06  -0.801138608E-06
  -0.859227444E-06  -0.895790156E-06  -0.911588889E-06  -0.908891269E-06
  -0.891108052E-06  -0.862391037E-06  -0.827232459E-06  -0.790107041E-06
  -0.755197904E-06  -0.726247519E-06  -0.706574896E-06  -0.467582370E-05
  -0.502929246E-05  -0.540293268E-05  -0.579696207E-05  -0.621203682E-05
  -0.664893725E-05  -0.710853401E-05  -0.759202183E-05  -0.810070841E-05
  -0.863595900E-05  -0.919925138E-05  -0.979212602E-05  -0.104157743E-04
  -0.110698147E-04  -0.117534069E-04  -0.124665416E-04  -0.132128462E-04
  -0.139970221E-04  -0.148229987E-04  -0.156909544E-04  -0.166000462E-04
  -0.175500758E-04  -0.185437331E-04  -0.195845343E-04  -0.206757386E-04
  -0.218191948E-04  -0.230164047E-04  -0.242691433E-04  -0.255802459E-04
  -0.269528808E-04  -0.283901817E-04  -0.298948834E-04  -0.314696593E-04
  -0.331174376E-04  -0.348420197E-04  -0.366475059E-04  -0.385380453E-04
  -0.405176709E-04  -0.425904531E-04  -0.447607004E-04  -0.470334158E-04
  -0.494138715E-04  -0.519075909E-04  -0.545207429E-04  -0.572597739E-04
  -0.601316526E-04  -0.631450087E-04  -0.663090673E-04  -0.696327405E-04
  -0.731229589E-04  -0.767862364E-04  -0.806305132E-04  -0.846691710E-04
  -0.889172617E-04  -0.933910001E-04  -0.981101507E-04  -0.103095782E-03
  -0.108365460E-03  -0.113920854E-03  -0.119759417E-03  -0.125897556E-03
  -0.132429453E-03  -0.139471573E-03  -0.147100814E-03  -0.155223006E-03
  -0.163697142E-03  -0.172405761E-03  -0.181340895E-03  -0.190522767E-03
  -0.200008761E-03  -0.210005486E-03  -0.220762637E-03  -0.232448656E-03
  -0.244880919E-03  -0.257781580E-03  -0.270994659E-03  -0.284883700E-03
  -0.299954271E-03  -0.316622669E-03  -0.334901200E-03  -0.354697268E-03
  -0.375914972E-03  -0.398455104E-03  -0.422215147E-03
   0.000000000E+00   0.000000000E+00   0.000000000E+00   0.000000000E+00
   0.000000000E+00   0.000000000E+00   0.000000000E+00   0.000000000E+00
   0.000000000E+00   0.000000000E+00   0.000000000E+00   0.000000000E+00
   0.000000000E+00   0.000000000E+00   0.000000000E+00   0.000000000E+00
   0.000000000E+00   0.000000000E+00   0.000000000E+00   0.000000000E+00
   0.000000000E+00   0.000000000E+00   0.000000000E+00   0.000000000E+00
   0.000000000E+00   0.000000000E+00   0.000000000E+00   0.000000000E+00
   0.000000000E+00   0.000000000E+00   0.000000000E+00   0.000000000E+00
   0.000000000E+00   0.000000000E+00   0.000000000E+00   0.000000000E+00
   0.000000000E+00   0.000000000E+00   0.000000000E+00   0.000000000E+00
   0.000000000E+00   0.000000000E+00   0.000000000E+00  -0.468059275E-09
  -0.109071047E-07  -0.433717167E-07  -0.101705226E-06  -0.183749279E-06
  -0.283607607E-06  -0.393464745E-06  -0.505000290E-06  -0.610439296E-06
  -0.703279396E-06  -0.778735232E-06  -0.833940795E-06  -0.867950262E-06
  -0.881577911E-06  -0.877117729E-06  -0.857983275E-06  -0.828308406E-06
  -0.792549456E-06  -0.755129449E-06  -0.720164951E-06  -0.691316135E-06
  -0.671800669E-06  -0.458313517E-05  -0.493144835E-05  -0.529939474E-05
  -0.568806213E-05  -0.609849863E-05  -0.653163387E-05  -0.698781611E-05
  -0.746722840E-05  -0.797023919E-05  -0.849804339E-05  -0.905208345E-05
  -0.963367384E-05  -0.102434579E-04  -0.108819003E-04  -0.115496142E-04
  -0.122478464E-04  -0.129780356E-04  -0.137415493E-04  -0.145393413E-04
  -0.153722642E-04  -0.162413137E-04  -0.171480493E-04  -0.180942085E-04
  -0.190814153E-04  -0.201106879E-04  -0.211828916E-04  -0.222990494E-04
  -0.234608255E-04  -0.246700802E-04  -0.259285466E-04  -0.272373045E-04
  -0.285972667E-04  -0.300094642E-04  -0.314754105E-04  -0.329967645E-04
  -0.345751716E-04  -0.362121345E-04  -0.379091336E-04  -0.396676428E-04
  -0.414890525E-04  -0.433747414E-04  -0.453260176E-04  -0.473438612E-04
  -0.494291644E-04  -0.515826588E-04  -0.538044396E-04  -0.560944102E-04
  -0.584529427E-04  -0.608824389E-04  -0.633858693E-04  -0.659660389E-04
  -0.686248672E-04  -0.713640636E-04  -0.741847632E-04  -0.770857033E-04
  -0.800649365E-04  -0.831197524E-04  -0.862446483E-04  -0.894332387E-04
  -0.926794778E-04  -0.959794130E-04  -0.993295332E-04  -0.102729418E-03
  -0.106191578E-03  -0.109732171E-03  -0.113376848E-03  -0.117188332E-03
  -0.121240362E-03  -0.125584452E-03  -0.130175306E-03  -0.134941368E-03
  -0.139810020E-03  -0.144711214E-03  -0.149574027E-03  -0.154343123E-03
  -0.159032624E-03  -0.163675026E-03  -0.168271240E-03  -0.172691002E-03
  -0.176767417E-03  -0.180400682E-03  -0.183776840E-03  -0.187159889E-03
  -0.190821175E-03  -0.195039389E-03  -0.200100568E-03
   0.000000000E+00   0.000000000E+00   0.000000000E+00   0.000000000E+00
   0.000000000E+00   0.000000000E+00   0.000000000E+00   0.000000000E+00
   0.000000000E+00   0.000000000E+00   0.000000000E+00   0.000000000E+00
   0.000000000E+00   0.000000000E+00   0.000000000E+00   0.000000000E+00
   0.000000000E+00   0.000000000E+00   0.000000000E+00   0.000000000E+00
   0.000000000E+00   0.000000000E+00   0.000000000E+00   0.000000000E+00
   0.000000000E+00   0.000000000E+00   0.000000000E+00   0.000000000E+00
   0.000000000E+00   0.000000000E+00   0.000000000E+00   0.000000000E+00
   0.000000000E+00   0.000000000E+00   0.000000000E+00   0.000000000E+00
   0.000000000E+00   0.000000000E+00   0.000000000E+00   0.000000000E+00
   0.000000000E+00   0.000000000E+00   0.000000000E+00   0.000000000E+00
   0.000000000E+00   0.000000000E+00   0.000000000E+00   0.000000000E+00
   0.000000000E+00   0.462278542E-09   0.109205627E-07   0.440841263E-07
   0.105108634E-06   0.193419042E-06   0.304660283E-06   0.432282479E-06
   0.568794005E-06   0.706715748E-06   0.839269892E-06   0.960836550E-06
   0.106721160E-05   0.115569904E-05   0.122507118E-05   0.127543007E-05
   0.130800340E-05   0.132490832E-05   0.132891635E-05   0.132325294E-05
   0.131146478E-05   0.129738837E-05   0.128525306E-05   0.449786631E-05
   0.478390313E-05   0.508443196E-05   0.539947501E-05   0.572887123E-05
   0.607267792E-05   0.643192983E-05   0.680795084E-05   0.720204928E-05
   0.761531141E-05   0.804878940E-05   0.850319778E-05   0.897777208E-05
   0.947131128E-05   0.998332276E-05   0.105164522E-04   0.110742569E-04
   0.116597031E-04   0.122728922E-04   0.129131507E-04   0.135803099E-04
   0.142764388E-04   0.150042469E-04   0.157661255E-04   0.165628827E-04
   0.173949124E-04   0.182630077E-04   0.191696304E-04   0.201177346E-04
   0.211100340E-04   0.221479859E-04   0.232327344E-04   0.243658609E-04
   0.255507006E-04   0.267911173E-04   0.280908312E-04   0.294526392E-04
   0.308791420E-04   0.323731176E-04   0.339379053E-04   0.355770468E-04
   0.372943817E-04   0.390947150E-04   0.409831922E-04   0.429656165E-04
   0.450500789E-04   0.472454296E-04   0.495604340E-04   0.520027845E-04
   0.545800283E-04   0.572976449E-04   0.601521792E-04   0.631377008E-04
   0.662530728E-04   0.695174750E-04   0.729557795E-04   0.765984467E-04
   0.804964749E-04   0.847072963E-04   0.892812636E-04   0.942349848E-04
   0.995765146E-04   0.105298788E-03   0.111333280E-03   0.117593845E-03
   0.124007239E-03   0.130560891E-03   0.137257662E-03   0.144126567E-03
   0.151302595E-03   0.158951025E-03   0.167190814E-03   0.175939134E-03
   0.185058955E-03   0.194471520E-03   0.204346719E-03   0.214922171E-03
   0.226441761E-03   0.239155645E-03   0.253320249E-03
   0.000000000E+00   0.000000000E+00   0.000000000E+00   0.000000000E+00
   0.000000000E+00   0.000000000E+00   0.000000000E+00   0.000000000E+00
   0.000000000E+00   0.000000000E+00   0.000000000E+00   0.000000000E+00
   0.000000000E+00   0.000000000E+00   0.000000000E+00   0.000000000E+00
   0.000000000E+00   0.000000000E+00   0.000000000E+00   0.000000000E+00
   0.000000000E+00   0.000000000E+00   0.000000000E+00   0.000000000E+00
   0.000000000E+00   0.000000000E+00   0.000000000E+00   0.000000000E+00
   0.000000000E+00   0.000000000E+00   0.000000000E+00   0.000000000E+00
   0.000000000E+00   0.000000000E+00   0.000000000E+00   0.000000000E+00
   0.000000000E+00   0.000000000E+00   0.000000000E+00   0.000000000E+00
   0.000000000E+00   0.000000000E+00   0.000000000E+00   0.000000000E+00
   0.000000000E+00   0.000000000E+00   0.000000000E+00  -0.461121031E-09
  -0.109033446E-07  -0.440590404E-07  -0.105163897E-06  -0.193750699E-06
  -0.305575637E-06  -0.434185132E-06  -0.572155935E-06  -0.712041318E-06
  -0.847056120E-06  -0.971533454E-06  -0.108118585E-05  -0.117320365E-05
  -0.124622337E-05  -0.130019893E-05  -0.133620845E-05  -0.135622942E-05
  -0.136291506E-05  -0.135940460E-05  -0.134920040E-05  -0.133614448E-05
  -0.132452747E-05  -0.448464490E-05  -0.476600332E-05  -0.506113466E-05
  -0.537002699E-05  -0.569284907E-05  -0.603056973E-05  -0.638439849E-05
  -0.675537864E-05  -0.714372507E-05  -0.754942470E-05  -0.797206194E-05
  -0.840963340E-05  -0.885962674E-05  -0.932084599E-05  -0.979791171E-05
  -0.102971507E-04  -0.108233395E-04  -0.113740156E-04  -0.119446903E-04
  -0.125320186E-04  -0.131380460E-04  -0.137663053E-04  -0.144196311E-04
  -0.150975590E-04  -0.157987230E-04  -0.165221573E-04  -0.172687705E-04
  -0.180399832E-04  -0.188371018E-04  -0.196608307E-04  -0.205117239E-04
  -0.213900512E-04  -0.222949071E-04  -0.232250378E-04  -0.241795684E-04
  -0.251593654E-04  -0.261657685E-04  -0.271998673E-04  -0.282616119E-04
  -0.293506421E-04  -0.304667135E-04  -0.316101337E-04  -0.327813547E-04
  -0.339799735E-04  -0.352020919E-04  -0.364427879E-04  -0.376972149E-04
  -0.389613843E-04  -0.402314319E-04  -0.415046255E-04  -0.427832255E-04
  -0.440708590E-04  -0.453707982E-04  -0.466844739E-04  -0.480128742E-04
  -0.493549913E-04  -0.507016035E-04  -0.520411335E-04  -0.533580489E-04
  -0.546218473E-04  -0.557974480E-04  -0.568521843E-04  -0.577663741E-04
  -0.585233333E-04  -0.591199458E-04  -0.596094111E-04  -0.600608071E-04
  -0.605297435E-04  -0.610106829E-04  -0.614820985E-04  -0.619004469E-04
  -0.621347832E-04  -0.620287615E-04  -0.613984846E-04  -0.599615120E-04
  -0.574042531E-04  -0.535743025E-04  -0.489980913E-04  -0.443889428E-04
  -0.404799755E-04  -0.380241023E-04  -0.377940311E-04
   0.000000000E+00   0.000000000E+00   0.000000000E+00   0.000000000E+00
   0.000000000E+00   0.000000000E+00   0.000000000E+00   0.000000000E+00
   0.000000000E+00   0.000000000E+00   0.000000000E+00   0.000000000E+00
   0.000000000E+00   0.000000000E+00   0.000000000E+00   0.000000000E+00
   0.000000000E+00   0.000000000E+00   0.000000000E+00   0.000000000E+00
   0.000000000E+00   0.000000000E+00   0.000000000E+00   0.000000000E+00
   0.000000000E+00   0.000000000E+00   0.000000000E+00   0.000000000E+00
   0.000000000E+00   0.000000000E+00   0.000000000E+00   0.000000000E+00
   0.000000000E+00   0.000000000E+00   0.000000000E+00   0.000000000E+00
   0.000000000E+00   0.000000000E+00   0.000000000E+00   0.000000000E+00
   0.000000000E+00   0.000000000E+00   0.000000000E+00   0.000000000E+00
   0.000000000E+00   0.000000000E+00   0.000000000E+00   0.000000000E+00
   0.000000000E+00   0.000000000E+00   0.000000000E+00   0.000000000E+00
   0.000000000E+00   0.000000000E+00   0.000000000E+00   0.000000000E+00
   0.000000000E+00   0.000000000E+00   0.000000000E+00   0.000000000E+00
   0.000000000E+00   0.000000000E+00   0.000000000E+00   0.000000000E+00
   0.000000000E+00   0.000000000E+00   0.000000000E+00   0.000000000E+00
   0.000000000E+00  -0.474638557E-09  -0.105362796E-07  -0.395662787E-07
  -0.866516395E-07  -0.144096953E-06  -0.200728613E-06  -0.244485690E-06
  -0.264362509E-06  -0.251768005E-06  -0.201366914E-06  -0.111467860E-06
   0.159766045E-07   0.175692938E-06   0.359667470E-06   0.557920118E-06
   0.759405912E-06   0.952979245E-06   0.112835581E-05   0.127700714E-05
   0.139292273E-05   0.147317460E-05   0.151821936E-05  -0.474896230E-05
  -0.530725873E-05  -0.591082966E-05  -0.656258269E-05  -0.726588973E-05
  -0.802431357E-05  -0.884158168E-05  -0.972179446E-05  -0.106692323E-04
  -0.116883938E-04  -0.127843173E-04  -0.139622822E-04  -0.152277172E-04
  -0.165862316E-04  -0.180435861E-04  -0.196059744E-04  -0.212809212E-04
  -0.230764449E-04  -0.250011199E-04  -0.270651490E-04  -0.292793612E-04
  -0.316545988E-04  -0.342008847E-04  -0.369282014E-04  -0.398470847E-04
  -0.429696265E-04  -0.463085346E-04  -0.498784441E-04  -0.537009277E-04
  -0.577997898E-04  -0.621984636E-04  -0.669169505E-04  -0.719746991E-04
  -0.773942944E-04  -0.832097569E-04  -0.894587237E-04  -0.961740716E-04
  -0.103366417E-03  -0.111040625E-03  -0.119213571E-03  -0.127951296E-03
  -0.137333907E-03  -0.147434416E-03  -0.158290579E-03  -0.169931535E-03
  -0.182370928E-03  -0.195558119E-03  -0.209424391E-03  -0.223932707E-03
  -0.239181793E-03  -0.255307445E-03  -0.272432612E-03  -0.290617400E-03
  -0.309906534E-03  -0.330363263E-03  -0.352123660E-03  -0.375345020E-03
  -0.400188328E-03  -0.426818263E-03  -0.455403195E-03
   0.000000000E+00   0.000000000E+00   0.000000000E+00   0.000000000E+00
   0.000000000E+00   0.000000000E+00   0.000000000E+00   0.000000000E+00
   0.000000000E+00   0.000000000E+00   0.000000000E+00   0.000000000E+00
   0.000000000E+00   0.000000000E+00   0.000000000E+00   0.000000000E+00
   0.000000000E+00   0.000000000E+00   0.000000000E+00   0.000000000E+00
   0.000000000E+00   0.000000000E+00   0.000000000E+00   0.000000000E+00
   0.000000000E+00   0.000000000E+00   0.000000000E+00   0.000000000E+00
   0.000000000E+00   0.000000000E+00   0.000000000E+00   0.000000000E+00
   0.000000000E+00   0.000000000E+00   0.000000000E+00   0.000000000E+00
   0.000000000E+00   0.000000000E+00   0.000000000E+00   0.000000000E+00
   0.000000000E+00   0.000000000E+00   0.000000000E+00   0.000000000E+00
   0.000000000E+00   0.000000000E+00   0.000000000E+00   0.000000000E+00
   0.000000000E+00   0.000000000E+00   0.000000000E+00   0.000000000E+00
   0.000000000E+00   0.000000000E+00   0.000000000E+00   0.000000000E+00
   0.000000000E+00   0.000000000E+00   0.000000000E+00   0.000000000E+00
   0.000000000E+00   0.000000000E+00   0.000000000E+00   0.000000000E+00
   0.000000000E+00  -0.423012080E-09  -0.931153495E-08  -0.345996164E-07
  -0.747511747E-07  -0.122080862E-06  -0.165850351E-06  -0.194689519E-06
  -0.198404080E-06  -0.169231275E-06  -0.102605153E-06   0.250695485E-08
   0.143635199E-06   0.315143653E-06   0.508810848E-06   0.714592824E-06
   0.921507133E-06   0.111857622E-05   0.129576859E-05   0.144487623E-05
   0.156026666E-05   0.163944806E-05   0.168338595E-05  -0.424764560E-05
  -0.477601496E-05  -0.534695362E-05  -0.596399264E-05  -0.663080206E-05
  -0.735128199E-05  -0.812947865E-05  -0.896949423E-05  -0.987529781E-05
  -0.108509001E-04  -0.119006886E-04  -0.130302753E-04  -0.142457117E-04
  -0.155530325E-04  -0.169576830E-04  -0.184650510E-04  -0.200810493E-04
  -0.218133470E-04  -0.236702235E-04  -0.256603141E-04  -0.277930333E-04
  -0.300781801E-04  -0.325264015E-04  -0.351510326E-04  -0.379663774E-04
  -0.409865178E-04  -0.442234599E-04  -0.476888691E-04  -0.513947585E-04
  -0.553537826E-04  -0.595789616E-04  -0.640843499E-04  -0.688873724E-04
  -0.740066302E-04  -0.794649350E-04  -0.853009109E-04  -0.915580810E-04
  -0.982860119E-04  -0.105555228E-03  -0.113443159E-03  -0.122014363E-03
  -0.131274601E-03  -0.141214161E-03  -0.151810139E-03  -0.162988225E-03
  -0.174658806E-03  -0.186779214E-03  -0.199506645E-03  -0.213053504E-03
  -0.227612135E-03  -0.243275080E-03  -0.260110602E-03  -0.278139486E-03
  -0.297185597E-03  -0.317017593E-03  -0.337508582E-03  -0.358976896E-03
  -0.381862598E-03  -0.406570564E-03  -0.433326937E-03  -0.462315549E-03
  -0.493724258E-03  -0.527744948E-03  -0.564573531E-03
   0.000000000E+00   0.000000000E+00   0.000000000E+00   0.000000000E+00
   0.000000000E+00   0.000000000E+00   0.000000000E+00   0.000000000E+00
   0.000000000E+00   0.000000000E+00   0.000000000E+00   0.000000000E+00
   0.000000000E+00   0.000000000E+00   0.000000000E+00   0.000000000E+00
   0.000000000E+00   0.000000000E+00   0.000000000E+00   0.000000000E+00
   0.000000000E+00   0.000000000E+00   0.000000000E+00   0.000000000E+00
   0.000000000E+00   0.000000000E+00   0.000000000E+00   0.000000000E+00
   0.000000000E+00   0.000000000E+00   0.000000000E+00   0.000000000E+00
   0.000000000E+00   0.000000000E+00   0.000000000E+00   0.000000000E+00
   0.000000000E+00   0.000000000E+00   0.000000000E+00   0.000000000E+00
   0.000000000E+00   0.000000000E+00   0.000000000E+00   0.000000000E+00
   0.000000000E+00   0.000000000E+00   0.000000000E+00   0.000000000E+00
   0.000000000E+00   0.000000000E+00   0.000000000E+00   0.000000000E+00
   0.000000000E+00   0.000000000E+00   0.000000000E+00   0.000000000E+00
   0.000000000E+00   0.000000000E+00   0.000000000E+00   0.000000000E+00
   0.000000000E+00   0.000000000E+00   0.000000000E+00   0.000000000E+00
   0.000000000E+00   0.000000000E+00   0.000000000E+00   0.000000000E+00
   0.481406363E-09   0.109719522E-07   0.425348245E-07   0.968636340E-07
   0.169152097E-06   0.250896087E-06   0.332114871E-06   0.403044501E-06
   0.455356341E-06   0.482953695E-06   0.482399514E-06   0.453028156E-06
   0.396794168E-06   0.317911071E-06   0.222333109E-06   0.117132951E-06
   0.982830509E-08  -0.922895684E-07  -0.182772486E-06  -0.256524128E-06
  -0.310148009E-06  -0.342081675E-06   0.476145430E-05   0.521602483E-05
   0.570384961E-05   0.622756145E-05   0.678978746E-05   0.739288775E-05
   0.803919689E-05   0.873122165E-05   0.947199490E-05   0.102647477E-04
   0.111129044E-04   0.120204127E-04   0.129914372E-04   0.140302916E-04
   0.151415532E-04   0.163299562E-04   0.176004736E-04   0.189586800E-04
   0.204104132E-04   0.219617631E-04   0.236193938E-04   0.253902425E-04
   0.272817560E-04   0.293029316E-04   0.314633424E-04   0.337733023E-04
   0.362453939E-04   0.388930356E-04   0.417303875E-04   0.447735631E-04
   0.480394911E-04   0.515432871E-04   0.552913852E-04   0.592879992E-04
   0.635405456E-04   0.680695113E-04   0.728991575E-04   0.780611684E-04
   0.836155334E-04   0.896308459E-04   0.961679574E-04   0.103250474E-03
   0.110892629E-03   0.119103910E-03   0.127874186E-03   0.137187775E-03
   0.147044924E-03   0.157512846E-03   0.168677381E-03   0.180602090E-03
   0.193253476E-03   0.206571891E-03   0.220559242E-03   0.235473354E-03
   0.251643457E-03   0.269345102E-03   0.288609559E-03   0.309404953E-03
   0.331697792E-03   0.355452965E-03   0.380633743E-03
   0.000000000E+00   0.000000000E+00   0.000000000E+00   0.000000000E+00
   0.000000000E+00   0.000000000E+00   0.000000000E+00   0.000000000E+00
   0.000000000E+00   0.000000000E+00   0.000000000E+00   0.000000000E+00
   0.000000000E+00   0.000000000E+00   0.000000000E+00   0.000000000E+00
   0.000000000E+00   0.000000000E+00   0.000000000E+00   0.000000000E+00
   0.000000000E+00   0.000000000E+00   0.000000000E+00   0.000000000E+00
   0.000000000E+00   0.000000000E+00   0.000000000E+00   0.000000000E+00
   0.000000000E+00   0.000000000E+00   0.000000000E+00   0.000000000E+00
   0.000000000E+00   0.000000000E+00   0.000000000E+00   0.000000000E+00
   0.000000000E+00   0.000000000E+00   0.000000000E+00   0.000000000E+00
   0.000000000E+00   0.000000000E+00   0.000000000E+00   0.000000000E+00
   0.000000000E+00   0.000000000E+00   0.000000000E+00   0.000000000E+00
   0.000000000E+00   0.000000000E+00   0.000000000E+00   0.000000000E+00
   0.000000000E+00   0.000000000E+00   0.000000000E+00   0.000000000E+00
   0.000000000E+00   0.000000000E+00   0.000000000E+00   0.000000000E+00
   0.000000000E+00   0.000000000E+00   0.000000000E+00   0.000000000E+00
  -0.450925317E-09  -0.102530818E-07  -0.396381245E-07  -0.899706722E-07
  -0.156494898E-06  -0.231005664E-06  -0.303963530E-06  -0.366104370E-06
  -0.409594304E-06  -0.428780674E-06  -0.420589791E-06  -0.384622151E-06
  -0.322995873E-06  -0.239989058E-06  -0.141531790E-06  -0.345985190E-07
   0.734484785E-07   0.175513818E-06   0.265371198E-06   0.338162337E-06
   0.390741931E-06   0.421817923E-06  -0.446464964E-05  -0.489989284E-05
  -0.537315447E-05  -0.588537841E-05  -0.643620026E-05  -0.702581200E-05
  -0.765686636E-05  -0.833272159E-05  -0.905683575E-05  -0.983275928E-05
  -0.106641419E-04  -0.115546557E-04  -0.125077501E-04  -0.135268792E-04
  -0.146158559E-04  -0.157797059E-04  -0.170238750E-04  -0.183538872E-04
  -0.197751283E-04  -0.212930477E-04  -0.229136052E-04  -0.246444360E-04
  -0.264937646E-04  -0.284700572E-04  -0.305820938E-04  -0.328389010E-04
  -0.352497472E-04  -0.378242003E-04  -0.405720738E-04  -0.435036286E-04
  -0.466302494E-04  -0.499638101E-04  -0.535179523E-04  -0.573126692E-04
  -0.613700000E-04  -0.657125742E-04  -0.703636529E-04  -0.753470897E-04
  -0.806862990E-04  -0.864011322E-04  -0.925108205E-04  -0.990384212E-04
  -0.106021366E-03  -0.113501510E-03  -0.121520397E-03  -0.130115143E-03
  -0.139322326E-03  -0.149176918E-03  -0.159704965E-03  -0.170930508E-03
  -0.182885331E-03  -0.195631545E-03  -0.209240197E-03  -0.223763878E-03
  -0.239175241E-03  -0.255425301E-03  -0.272450426E-03  -0.290133123E-03
  -0.308339264E-03  -0.327101292E-03  -0.347139294E-03  -0.369365805E-03
  -0.394717608E-03  -0.424155728E-03  -0.458665439E-03
   0.000000000E+00   0.000000000E+00   0.000000000E+00   0.000000000E+00
   0.000000000E+00   0.000000000E+00   0.000000000E+00   0.000000000E+00
   0.000000000E+00   0.000000000E+00   0.000000000E+00   0.000000000E+00
   0.000000000E+00   0.000000000E+00   0.000000000E+00   0.000000000E+00
   0.000000000E+00   0.000000000E+00   0.000000000E+00   0.000000000E+00
   0.000000000E+00   0.000000000E+00   0.000000000E+00   0.000000000E+00
   0.000000000E+00   0.000000000E+00   0.000000000E+00   0.000000000E+00
   0.000000000E+00   0.000000000E+00   0.000000000E+00   0.000000000E+00
   0.000000000E+00   0.000000000E+00   0.000000000E+00   0.000000000E+00
   0.000000000E+00   0.000000000E+00   0.000000000E+00   0.000000000E+00
   0.000000000E+00   0.000000000E+00   0.000000000E+00   0.000000000E+00
   0.000000000E+00   0.000000000E+00   0.000000000E+00   0.000000000E+00
   0.000000000E+00   0.000000000E+00   0.000000000E+00   0.000000000E+00
   0.000000000E+00   0.000000000E+00   0.000000000E+00   0.000000000E+00
   0.000000000E+00   0.000000000E+00   0.000000000E+00   0.000000000E+00
   0.000000000E+00   0.000000000E+00   0.000000000E+00   0.000000000E+00
   0.000000000E+00   0.000000000E+00   0.000000000E+00   0.000000000E+00
   0.000000000E+00   0.483683939E-09   0.116841284E-07   0.482978085E-07
   0.118086006E-06   0.223156579E-06   0.361508689E-06   0.528324056E-06
   0.717027879E-06   0.920142523E-06   0.112995709E-05   0.133903602E-05
   0.154058975E-05   0.172873074E-05   0.189863768E-05   0.204665134E-05
   0.217032491E-05   0.226845208E-05   0.234109594E-05   0.238964183E-05
   0.241689724E-05   0.242726190E-05   0.242699114E-05   0.465624099E-05
   0.485461124E-05   0.505695382E-05   0.526316451E-05   0.547275746E-05
   0.568513041E-05   0.589965425E-05   0.611566797E-05   0.633248331E-05
   0.654941078E-05   0.676583501E-05   0.698114477E-05   0.719464545E-05
   0.740536334E-05   0.761222777E-05   0.781400334E-05   0.800888979E-05
   0.819489511E-05   0.836986722E-05   0.853119902E-05   0.867610395E-05
   0.880180739E-05   0.890584502E-05   0.898578358E-05   0.903950580E-05
   0.906637825E-05   0.906615630E-05   0.903675973E-05   0.896859561E-05
   0.884989039E-05   0.866827024E-05   0.841002865E-05   0.806081539E-05
   0.761200908E-05   0.707952602E-05   0.648610028E-05   0.584408832E-05
   0.512129591E-05   0.427321853E-05   0.327288203E-05   0.216858199E-05
   0.102933600E-05  -0.954803948E-07  -0.124282832E-05  -0.247291607E-05
  -0.384555034E-05  -0.541346244E-05  -0.722862915E-05  -0.933657387E-05
  -0.117523689E-04  -0.144833909E-04  -0.175275682E-04  -0.208443804E-04
  -0.243823888E-04  -0.280899443E-04  -0.319193211E-04  -0.358227885E-04
  -0.397512762E-04  -0.436543740E-04  -0.474803324E-04
   0.000000000E+00   0.000000000E+00   0.000000000E+00   0.000000000E+00
   0.000000000E+00   0.000000000E+00   0.000000000E+00   0.000000000E+00
   0.000000000E+00   0.000000000E+00   0.000000000E+00   0.000000000E+00
   0.000000000E+00   0.000000000E+00   0.000000000E+00   0.000000000E+00
   0.000000000E+00   0.000000000E+00   0.000000000E+00   0.000000000E+00
   0.000000000E+00   0.000000000E+00   0.000000000E+00   0.000000000E+00
   0.000000000E+00   0.000000000E+00   0.000000000E+00   0.000000000E+00
   0.000000000E+00   0.000000000E+00   0.000000000E+00   0.000000000E+00
   0.000000000E+00   0.000000000E+00   0.000000000E+00   0.000000000E+00
   0.000000000E+00   0.000000000E+00   0.000000000E+00   0.000000000E+00
   0.000000000E+00   0.000000000E+00   0.000000000E+00   0.000000000E+00
   0.000000000E+00   0.000000000E+00   0.000000000E+00   0.000000000E+00
   0.000000000E+00   0.000000000E+00   0.000000000E+00   0.000000000E+00
   0.000000000E+00   0.000000000E+00   0.000000000E+00   0.000000000E+00
   0.000000000E+00   0.000000000E+00   0.000000000E+00   0.000000000E+00
   0.000000000E+00   0.000000000E+00   0.000000000E+00   0.000000000E+00
   0.000000000E+00   0.000000000E+00   0.000000000E+00   0.000000000E+00
   0.000000000E+00   0.000000000E+00   0.489793723E-09   0.119634976E-07
   0.500179251E-07   0.123721801E-06   0.236594093E-06   0.387914662E-06
   0.573844128E-06   0.788370356E-06   0.102409897E-05   0.127290525E-05
   0.152646492E-05   0.177668108E-05   0.201602478E-05   0.223780667E-05
   0.243639699E-05   0.260741140E-05   0.274788009E-05   0.285641745E-05
   0.293340977E-05   0.298123839E-05   0.300455562E-05   0.301063098E-05
   0.468956280E-05   0.483887638E-05   0.498525738E-05   0.512719521E-05
   0.526285469E-05   0.539045335E-05   0.550863339E-05   0.561611707E-05
   0.571142731E-05   0.579239117E-05   0.585660088E-05   0.590151392E-05
   0.592427477E-05   0.592188075E-05   0.589113862E-05   0.582835606E-05
   0.572962930E-05   0.559062032E-05   0.540556939E-05   0.516821763E-05
   0.487229424E-05   0.451204419E-05   0.408173423E-05   0.357544324E-05
   0.298693639E-05   0.230978315E-05   0.153673724E-05   0.657711229E-06
  -0.338321103E-06  -0.146439606E-05  -0.274083461E-05  -0.419028057E-05
  -0.583666607E-05  -0.770722580E-05  -0.983059940E-05  -0.122369688E-04
  -0.149604599E-04  -0.180368767E-04  -0.214785027E-04  -0.251993166E-04
  -0.290856429E-04  -0.330515290E-04  -0.371346084E-04  -0.414054196E-04
  -0.459571732E-04  -0.509688327E-04  -0.566453699E-04  -0.631286420E-04
  -0.702870223E-04  -0.779148799E-04  -0.859059050E-04  -0.945755902E-04
  -0.104355096E-03  -0.115594017E-03  -0.128275617E-03  -0.142287450E-03
  -0.157513286E-03  -0.173833110E-03  -0.191123120E-03
   0.000000000E+00   0.000000000E+00   0.000000000E+00   0.000000000E+00
   0.000000000E+00   0.000000000E+00   0.000000000E+00   0.000000000E+00
   0.000000000E+00   0.000000000E+00   0.000000000E+00   0.000000000E+00
   0.000000000E+00   0.000000000E+00   0.000000000E+00   0.000000000E+00
   0.000000000E+00   0.000000000E+00   0.000000000E+00   0.000000000E+00
   0.000000000E+00   0.000000000E+00   0.000000000E+00   0.000000000E+00
   0.000000000E+00   0.000000000E+00   0.000000000E+00   0.000000000E+00
   0.000000000E+00   0.000000000E+00   0.000000000E+00   0.000000000E+00
   0.000000000E+00   0.000000000E+00   0.000000000E+00   0.000000000E+00
   0.000000000E+00   0.000000000E+00   0.000000000E+00   0.000000000E+00
   0.000000000E+00   0.000000000E+00   0.000000000E+00   0.000000000E+00
   0.000000000E+00   0.000000000E+00   0.000000000E+00   0.000000000E+00
   0.000000000E+00   0.000000000E+00   0.000000000E+00   0.000000000E+00
   0.000000000E+00   0.000000000E+00   0.000000000E+00   0.000000000E+00
   0.000000000E+00   0.000000000E+00   0.000000000E+00   0.000000000E+00
   0.000000000E+00   0.000000000E+00   0.000000000E+00   0.000000000E+00
   0.000000000E+00   0.000000000E+00   0.000000000E+00   0.000000000E+00
   0.000000000E+00   0.000000000E+00   0.000000000E+00   0.000000000E+00
   0.000000000E+00   0.000000000E+00   0.000000000E+00   0.000000000E+00
   0.000000000E+00   0.000000000E+00   0.000000000E+00   0.000000000E+00
   0.000000000E+00   0.000000000E+00   0.000000000E+00   0.000000000E+00
   0.000000000E+00   0.000000000E+00   0.000000000E+00   0.000000000E+00
   0.000000000E+00   0.000000000E+00   0.000000000E+00   0.000000000E+00
   0.000000000E+00   0.000000000E+00   0.000000000E+00   0.000000000E+00
   0.000000000E+00   0.000000000E+00   0.000000000E+00   0.000000000E+00
   0.000000000E+00   0.000000000E+00   0.000000000E+00   0.000000000E+00
   0.000000000E+00   0.000000000E+00   0.000000000E+00   0.374611145E-09
   0.607395975E-08   0.123436512E-07  -0.211175389E-08  -0.669192598E-07
  -0.213115443E-06  -0.467908296E-06  -0.850969324E-06  -0.137210233E-05
  -0.203013533E-05  -0.281288194E-05  -0.369801882E-05  -0.465472543E-05
  -0.564593262E-05  -0.663102649E-05  -0.756885384E-05  -0.842087580E-05
  -0.915431590E-05  -0.974514914E-05  -0.101807784E-04  -0.104622445E-04
  -0.106058170E-04   0.418187175E-05   0.549971019E-05   0.708727746E-05
   0.902145753E-05   0.113505505E-04   0.140002026E-04   0.168623914E-04
   0.198386788E-04   0.228798999E-04   0.259485734E-04   0.290398749E-04
   0.322848552E-04   0.358525649E-04   0.399252785E-04   0.447244593E-04
   0.504861104E-04   0.573582813E-04   0.651135242E-04   0.734221576E-04
   0.819450859E-04   0.903337989E-04   0.982303724E-04
   0.000000000E+00   0.000000000E+00   0.000000000E+00   0.000000000E+00
   0.000000000E+00   0.000000000E+00   0.000000000E+00   0.000000000E+00
   0.000000000E+00   0.000000000E+00   0.000000000E+00   0.000000000E+00
   0.000000000E+00   0.000000000E+00   0.000000000E+00   0.000000000E+00
   0.000000000E+00   0.000000000E+00   0.000000000E+00   0.000000000E+00
   0.000000000E+00   0.000000000E+00   0.000000000E+00   0.000000000E+00
   0.000000000E+00   0.000000000E+00   0.000000000E+00   0.000000000E+00
   0.000000000E+00   0.000000000E+00   0.000000000E+00   0.000000000E+00
   0.000000000E+00   0.000000000E+00   0.000000000E+00   0.000000000E+00
   0.000000000E+00   0.000000000E+00   0.000000000E+00   0.000000000E+00
   0.000000000E+00   0.000000000E+00   0.000000000E+00   0.000000000E+00
   0.000000000E+00   0.000000000E+00   0.000000000E+00   0.000000000E+00
   0.000000000E+00   0.000000000E+00   0.000000000E+00   0.000000000E+00
   0.000000000E+00   0.000000000E+00   0.000000000E+00   0.000000000E+00
   0.000000000E+00   0.000000000E+00   0.000000000E+00   0.000000000E+00
   0.000000000E+00   0.000000000E+00   0.000000000E+00   0.000000000E+00
   0.000000000E+00   0.000000000E+00   0.000000000E+00   0.000000000E+00
   0.000000000E+00   0.000000000E+00   0.000000000E+00   0.000000000E+00
   0.000000000E+00   0.000000000E+00   0.000000000E+00   0.000000000E+00
   0.000000000E+00   0.000000000E+00   0.000000000E+00   0.000000000E+00
   0.000000000E+00   0.000000000E+00   0.000000000E+00   0.000000000E+00
   0.000000000E+00   0.000000000E+00   0.000000000E+00   0.000000000E+00
   0.000000000E+00   0.000000000E+00   0.000000000E+00   0.000000000E+00
   0.000000000E+00   0.000000000E+00   0.000000000E+00  -0.384977363E-09
  -0.694744980E-08  -0.186272490E-07  -0.200136288E-07   0.119290705E-07
   0.102105344E-06   0.272910201E-06   0.541102945E-06   0.915807388E-06
   0.139751285E-05   0.197795029E-05   0.264071788E-05   0.336253041E-05
   0.411496679E-05   0.486659014E-05   0.558531459E-05   0.624089333E-05
   0.680740215E-05   0.726559283E-05   0.760499072E-05   0.782561088E-05
   0.793916705E-05  -0.416111804E-05  -0.523940834E-05  -0.644233571E-05
  -0.777680992E-05  -0.925026622E-05  -0.108718456E-04  -0.126512846E-04
  -0.146026641E-04  -0.167570581E-04  -0.191506174E-04  -0.218219754E-04
  -0.248167409E-04  -0.281832593E-04  -0.319610412E-04  -0.361497573E-04
  -0.407385296E-04  -0.457177893E-04  -0.510850493E-04  -0.568394437E-04
  -0.629889318E-04  -0.695780163E-04  -0.766614909E-04  -0.843100210E-04
  -0.926545060E-04  -0.101844013E-03  -0.112020062E-03  -0.123281730E-03
  -0.135718780E-03  -0.149405029E-03  -0.164343717E-03  -0.180519428E-03
  -0.197915722E-03  -0.216515140E-03  -0.236299200E-03
   0.000000000E+00   0.000000000E+00   0.000000000E+00   0.000000000E+00
   0.000000000E+00   0.000000000E+00   0.000000000E+00   0.000000000E+00
   0.000000000E+00   0.000000000E+00   0.000000000E+00   0.000000000E+00
   0.000000000E+00   0.000000000E+00   0.000000000E+00   0.000000000E+00
   0.000000000E+00   0.000000000E+00   0.000000000E+00   0.000000000E+00
   0.000000000E+00   0.000000000E+00   0.000000000E+00   0.000000000E+00
   0.000000000E+00   0.000000000E+00   0.000000000E+00   0.000000000E+00
   0.000000000E+00   0.000000000E+00   0.000000000E+00   0.000000000E+00
   0.000000000E+00   0.000000000E+00   0.000000000E+00   0.000000000E+00
   0.000000000E+00   0.000000000E+00   0.000000000E+00   0.000000000E+00
   0.000000000E+00   0.000000000E+00   0.000000000E+00   0.000000000E+00
   0.000000000E+00   0.000000000E+00   0.000000000E+00   0.000000000E+00
   0.000000000E+00   0.000000000E+00   0.000000000E+00   0.000000000E+00
   0.000000000E+00   0.000000000E+00   0.000000000E+00   0.000000000E+00
   0.000000000E+00   0.000000000E+00   0.000000000E+00   0.000000000E+00
   0.000000000E+00   0.000000000E+00   0.000000000E+00   0.000000000E+00
   0.000000000E+00   0.000000000E+00   0.000000000E+00   0.000000000E+00
   0.000000000E+00   0.000000000E+00   0.000000000E+00   0.000000000E+00
   0.000000000E+00   0.000000000E+00   0.450075069E-09   0.103739940E-07
   0.407447365E-07   0.942114599E-07   0.167500745E-06   0.253812811E-06
   0.344732776E-06   0.431701188E-06   0.507088068E-06   0.564914676E-06
   0.601267259E-06   0.614446979E-06   0.604900280E-06   0.574973907E-06
   0.528538815E-06   0.470527192E-06   0.406426839E-06   0.341777123E-06
   0.281710745E-06   0.230585542E-06   0.191750569E-06   0.167490677E-06
   0.442909840E-05   0.480864547E-05   0.521595976E-05   0.565335801E-05
   0.612319930E-05   0.662780668E-05   0.716953994E-05   0.775083645E-05
   0.837426019E-05   0.904245613E-05   0.975836198E-05   0.105259073E-04
   0.113493617E-04   0.122329505E-04   0.131803595E-04   0.141951980E-04
   0.152815086E-04   0.164448478E-04   0.176912750E-04   0.190275915E-04
   0.204631389E-04   0.220081135E-04   0.236718349E-04   0.254592032E-04
   0.273740267E-04   0.294200626E-04   0.316007255E-04   0.339193616E-04
   0.363824719E-04   0.390093021E-04   0.418228082E-04   0.448518923E-04
   0.481476842E-04   0.517681808E-04   0.557547357E-04   0.600760981E-04
   0.646812807E-04   0.695277669E-04   0.746127547E-04   0.799436021E-04
   0.855409588E-04   0.914791072E-04   0.978477551E-04   0.104710551E-03
   0.112017972E-03   0.119689930E-03   0.127722653E-03   0.136429553E-03
   0.146212574E-03   0.157386350E-03   0.169878379E-03   0.183513965E-03
   0.198112998E-03   0.213489955E-03   0.229453901E-03
   0.000000000E+00   0.000000000E+00   0.000000000E+00   0.000000000E+00
   0.000000000E+00   0.000000000E+00   0.000000000E+00   0.000000000E+00
   0.000000000E+00   0.000000000E+00   0.000000000E+00   0.000000000E+00
   0.000000000E+00   0.000000000E+00   0.000000000E+00   0.000000000E+00
   0.000000000E+00   0.000000000E+00   0.000000000E+00   0.000000000E+00
   0.000000000E+00   0.000000000E+00   0.000000000E+00   0.000000000E+00
   0.000000000E+00   0.000000000E+00   0.000000000E+00   0.000000000E+00
   0.000000000E+00   0.000000000E+00   0.000000000E+00   0.000000000E+00
   0.000000000E+00   0.000000000E+00   0.000000000E+00   0.000000000E+00
   0.000000000E+00   0.000000000E+00   0.000000000E+00   0.000000000E+00
   0.000000000E+00   0.000000000E+00   0.000000000E+00   0.000000000E+00
   0.000000000E+00   0.000000000E+00   0.000000000E+00   0.000000000E+00
   0.000000000E+00   0.000000000E+00   0.000000000E+00   0.000000000E+00
   0.000000000E+00   0.000000000E+00   0.000000000E+00   0.000000000E+00
   0.000000000E+00   0.000000000E+00   0.000000000E+00   0.000000000E+00
   0.000000000E+00   0.000000000E+00   0.000000000E+00   0.000000000E+00
   0.000000000E+00   0.000000000E+00   0.000000000E+00   0.000000000E+00
   0.000000000E+00   0.000000000E+00   0.000000000E+00   0.000000000E+00
   0.000000000E+00   0.475721301E-09   0.109896139E-07   0.432727302E-07
   0.100349921E-06   0.179018512E-06   0.272333942E-06   0.371595045E-06
   0.467874625E-06   0.553140952E-06   0.621015810E-06   0.667214738E-06
   0.689715090E-06   0.688697562E-06   0.666306801E-06   0.626276751E-06
   0.573466352E-06   0.513351237E-06   0.451517064E-06   0.393200105E-06
   0.342920735E-06   0.304255457E-06   0.279793091E-06   0.467674024E-05
   0.506833308E-05   0.548753340E-05   0.593639842E-05   0.641714038E-05
   0.693183982E-05   0.748184881E-05   0.806834505E-05   0.869287797E-05
   0.935846480E-05   0.100685706E-04   0.108265805E-04   0.116352522E-04
   0.124972263E-04   0.134156414E-04   0.143954849E-04   0.154423307E-04
   0.165614539E-04   0.177564368E-04   0.190304739E-04   0.203863118E-04
   0.218246994E-04   0.233458409E-04   0.249506554E-04   0.266431143E-04
   0.284280455E-04   0.303139227E-04   0.323237131E-04   0.344846726E-04
   0.368249093E-04   0.393735137E-04   0.421604359E-04   0.452060551E-04
   0.484893609E-04   0.519779723E-04   0.556334620E-04   0.593963524E-04
   0.632002901E-04   0.670132984E-04   0.709492497E-04   0.751624189E-04
   0.797908276E-04   0.848926956E-04   0.905066287E-04   0.966338774E-04
   0.103121503E-03   0.109773162E-03   0.116435449E-03   0.123146671E-03
   0.129995613E-03   0.137095466E-03   0.144650797E-03   0.152893905E-03
   0.162063203E-03   0.172403218E-03   0.184164592E-03
   0.000000000E+00   0.000000000E+00   0.000000000E+00   0.000000000E+00
   0.000000000E+00   0.000000000E+00   0.000000000E+00   0.000000000E+00
   0.000000000E+00   0.000000000E+00   0.000000000E+00   0.000000000E+00
   0.000000000E+00   0.000000000E+00   0.000000000E+00   0.000000000E+00
   0.000000000E+00   0.000000000E+00   0.000000000E+00   0.000000000E+00
   0.000000000E+00   0.000000000E+00   0.000000000E+00   0.000000000E+00
   0.000000000E+00   0.000000000E+00   0.000000000E+00   0.000000000E+00
   0.000000000E+00   0.000000000E+00   0.000000000E+00   0.000000000E+00
   0.000000000E+00   0.000000000E+00   0.000000000E+00   0.000000000E+00
   0.000000000E+00   0.000000000E+00   0.000000000E+00   0.000000000E+00
   0.000000000E+00   0.000000000E+00   0.000000000E+00   0.000000000E+00
   0.000000000E+00   0.000000000E+00   0.000000000E+00   0.000000000E+00
   0.000000000E+00   0.000000000E+00   0.000000000E+00   0.000000000E+00
   0.000000000E+00   0.000000000E+00   0.000000000E+00   0.000000000E+00
   0.000000000E+00   0.000000000E+00   0.000000000E+00   0.000000000E+00
   0.000000000E+00   0.000000000E+00   0.000000000E+00   0.000000000E+00
   0.000000000E+00   0.000000000E+00   0.000000000E+00   0.000000000E+00
   0.000000000E+00   0.000000000E+00   0.000000000E+00   0.000000000E+00
   0.000000000E+00   0.000000000E+00   0.000000000E+00  -0.485230192E-09
  -0.112944133E-07  -0.448548143E-07  -0.105033079E-06  -0.189456962E-06
  -0.291886811E-06  -0.404119277E-06  -0.517465889E-06  -0.623849184E-06
  -0.716559041E-06  -0.790711885E-06  -0.843455430E-06  -0.873961628E-06
  -0.883250474E-06  -0.873887350E-06  -0.849596559E-06  -0.814833722E-06
  -0.774359695E-06  -0.732858676E-06  -0.694643164E-06  -0.663488439E-06
  -0.642639214E-06  -0.475374979E-05  -0.511985811E-05  -0.551186105E-05
  -0.593137919E-05  -0.637970130E-05  -0.685804848E-05  -0.736799284E-05
  -0.791246771E-05  -0.849482758E-05  -0.911835032E-05  -0.978569637E-05
  -0.104994130E-04  -0.112624313E-04  -0.120790616E-04  -0.129540637E-04
  -0.138920124E-04  -0.148963281E-04  -0.159701847E-04  -0.171167885E-04
  -0.183392841E-04  -0.196408430E-04  -0.210261903E-04  -0.225061981E-04
  -0.240935709E-04  -0.258014157E-04  -0.276433661E-04  -0.296334650E-04
  -0.317836713E-04  -0.340963404E-04  -0.365713084E-04  -0.392083116E-04
  -0.420070039E-04  -0.449669405E-04  -0.480968212E-04  -0.514428071E-04
  -0.550617693E-04  -0.590035334E-04  -0.632844147E-04  -0.679122525E-04
  -0.728972783E-04  -0.782593034E-04  -0.840209112E-04  -0.902033044E-04
  -0.968206840E-04  -0.103885580E-03  -0.111399211E-03  -0.119316501E-03
  -0.127579287E-03  -0.136164121E-03  -0.145193805E-03  -0.154831394E-03
  -0.165244190E-03  -0.176603742E-03  -0.189085847E-03
   0.000000000E+00   0.000000000E+00   0.000000000E+00   0.000000000E+00
   0.000000000E+00   0.000000000E+00   0.000000000E+00   0.000000000E+00
   0.000000000E+00   0.000000000E+00   0.000000000E+00   0.000000000E+00
   0.000000000E+00   0.000000000E+00   0.000000000E+00   0.000000000E+00
   0.000000000E+00   0.000000000E+00   0.000000000E+00   0.000000000E+00
   0.000000000E+00   0.000000000E+00   0.000000000E+00   0.000000000E+00
   0.000000000E+00   0.000000000E+00   0.000000000E+00   0.000000000E+00
   0.000000000E+00   0.000000000E+00   0.000000000E+00   0.000000000E+00
   0.000000000E+00   0.000000000E+00   0.000000000E+00   0.000000000E+00
   0.000000000E+00   0.000000000E+00   0.000000000E+00   0.000000000E+00
   0.000000000E+00   0.000000000E+00   0.000000000E+00   0.000000000E+00
   0.000000000E+00   0.000000000E+00   0.000000000E+00   0.000000000E+00
   0.000000000E+00   0.000000000E+00   0.000000000E+00   0.000000000E+00
   0.000000000E+00   0.000000000E+00   0.000000000E+00   0.000000000E+00
   0.000000000E+00   0.000000000E+00   0.000000000E+00   0.000000000E+00
   0.000000000E+00   0.000000000E+00   0.000000000E+00   0.000000000E+00
   0.000000000E+00   0.000000000E+00   0.000000000E+00   0.000000000E+00
   0.000000000E+00   0.000000000E+00   0.000000000E+00   0.000000000E+00
   0.453297443E-09   0.105618589E-07   0.419932845E-07   0.984581887E-07
   0.177853121E-06   0.274455348E-06   0.380686003E-06   0.488480950E-06
   0.590308766E-06   0.679875165E-06   0.752553272E-06   0.805579088E-06
   0.838051523E-06   0.850776365E-06   0.845993557E-06   0.827027132E-06
   0.797897204E-06   0.762933347E-06   0.726428761E-06   0.692374571E-06
   0.664313643E-06   0.645353267E-06   0.443883301E-05   0.477665141E-05
   0.513717133E-05   0.552188666E-05   0.593175481E-05   0.636760423E-05
   0.683052513E-05   0.732264239E-05   0.784639781E-05   0.840408548E-05
   0.899717835E-05   0.962695493E-05   0.102950614E-04   0.110045809E-04
   0.117590363E-04   0.125619147E-04   0.134162521E-04   0.143250217E-04
   0.152911264E-04   0.163169723E-04   0.174048679E-04   0.185572301E-04
   0.197767936E-04   0.210664145E-04   0.224295534E-04   0.238719664E-04
   0.254001169E-04   0.270217142E-04   0.287490255E-04   0.305957602E-04
   0.325750944E-04   0.346968735E-04   0.369702479E-04   0.394032000E-04
   0.419983453E-04   0.447568939E-04   0.476782658E-04   0.507547814E-04
   0.539766776E-04   0.573445199E-04   0.609019606E-04   0.647047513E-04
   0.688004709E-04   0.731987671E-04   0.778995410E-04   0.828935164E-04
   0.881346731E-04   0.935663865E-04   0.991036926E-04   0.104551924E-03
   0.109683948E-03   0.114437159E-03   0.119435118E-03   0.125491817E-03
   0.133443293E-03   0.144147623E-03   0.158484930E-03
Safety factor
   0.961724634E+00   0.961935836E+00   0.962730523E+00   0.964007783E+00
   0.965666706E+00   0.967606378E+00   0.969725889E+00   0.971920817E+00
   0.974072703E+00   0.976059580E+00   0.977769293E+00   0.979128949E+00
   0.980075472E+00   0.980593888E+00   0.980861646E+00   0.981104300E+00
   0.981513983E+00   0.982149142E+00   0.983034804E+00   0.984165923E+00
   0.985417163E+00   0.986633116E+00   0.987722387E+00   0.988849647E+00
   0.990243583E+00   0.992052777E+00   0.994105402E+00   0.996149529E+00
   0.997996108E+00   0.999707621E+00   0.100140943E+01   0.100319913E+01
   0.100506326E+01   0.100696061E+01   0.100886571E+01   0.101081616E+01
   0.101286532E+01   0.101505224E+01   0.101735873E+01   0.101975230E+01
   0.102220562E+01   0.102471212E+01   0.102727038E+01   0.102988106E+01
   0.103255314E+01   0.103529768E+01   0.103812286E+01   0.104102545E+01
   0.104399932E+01   0.104703978E+01   0.105014770E+01   0.105332536E+01
   0.105657284E+01   0.105988154E+01   0.106324066E+01   0.106664401E+01
   0.107010379E+01   0.107363680E+01   0.107725625E+01   0.108096093E+01
   0.108474602E+01   0.108860805E+01   0.109254886E+01   0.109657163E+01
   0.110067903E+01   0.110487163E+01   0.110914948E+01   0.111351297E+01
   0.111796379E+01   0.112250398E+01   0.112713576E+01   0.113186215E+01
   0.113668635E+01   0.114161125E+01   0.114663849E+01   0.115176942E+01
   0.115700553E+01   0.116234906E+01   0.116780238E+01   0.117336782E+01
   0.117904740E+01   0.118484305E+01   0.119075709E+01   0.119679321E+01
   0.120295548E+01   0.120924723E+01   0.121566899E+01   0.122222053E+01
   0.122890301E+01   0.123572293E+01   0.124268814E+01   0.124980514E+01
   0.125707499E+01   0.126449738E+01   0.127207352E+01   0.127981055E+01
   0.128771713E+01   0.129580051E+01   0.130406236E+01   0.131250296E+01
   0.132112392E+01   0.132993220E+01   0.133893608E+01   0.134814337E+01
   0.135755993E+01   0.136719114E+01   0.137704279E+01   0.138712224E+01
   0.139743728E+01   0.140799537E+01   0.141880282E+01   0.142986563E+01
   0.144119085E+01   0.145278979E+01   0.146467479E+01   0.147685770E+01
   0.148934830E+01   0.150215585E+01   0.151529049E+01   0.152876582E+01
   0.154259628E+01   0.155679410E+01   0.157136259E+01   0.158630283E+01
   0.160162258E+01   0.161735642E+01   0.163354565E+01   0.165022623E+01
   0.166741298E+01   0.168511544E+01   0.170334800E+01   0.172214460E+01
   0.174154406E+01   0.176158155E+01   0.178227780E+01   0.180364986E+01
   0.182571138E+01   0.184846212E+01   0.187189842E+01   0.189603376E+01
   0.192095028E+01   0.194674726E+01   0.197349773E+01   0.200116965E+01
   0.202970471E+01   0.205909656E+01   0.208954677E+01   0.212130888E+01
   0.215463642E+01   0.218978292E+01   0.222700192E+01
Current profile
   0.000000000E+00   0.111343135E-02   0.445040313E-02   0.100045359E-01
   0.177675922E-01   0.277294813E-01   0.398782651E-01   0.542009020E-01
   0.706862994E-01   0.893245711E-01   0.110107637E+00   0.133033512E+00
   0.158104479E+00   0.185324292E+00   0.214691400E+00   0.246202560E+00
   0.279853222E+00   0.315633310E+00   0.353529805E+00   0.393528410E+00
   0.435615630E+00   0.479777379E+00   0.525998194E+00   0.574260401E+00
   0.624544708E+00   0.676831356E+00   0.731103184E+00   0.787343394E+00
   0.845534891E+00   0.905660843E+00   0.967704193E+00   0.103164845E+01
   0.109748085E+01   0.116518996E+01   0.123476183E+01   0.130617061E+01
   0.137938601E+01   0.145437855E+01   0.153112757E+01   0.160961467E+01
   0.168982015E+01   0.177171878E+01   0.185528324E+01   0.194048591E+01
   0.202730042E+01   0.211570038E+01   0.220565800E+01   0.229714147E+01
   0.239011717E+01   0.248455206E+01   0.258041833E+01   0.267768937E+01
   0.277633797E+01   0.287633530E+01   0.297765182E+01   0.308025741E+01
   0.318412073E+01   0.328920976E+01   0.339549282E+01   0.350294112E+01
   0.361152654E+01   0.372121967E+01   0.383198635E+01   0.394379076E+01
   0.405659686E+01   0.417036969E+01   0.428507423E+01   0.440067473E+01
   0.451713382E+01   0.463441332E+01   0.475247469E+01   0.487127958E+01
   0.499078937E+01   0.511096528E+01   0.523176940E+01   0.535316377E+01
   0.547510979E+01   0.559756733E+01   0.572049557E+01   0.584385298E+01
   0.596759662E+01   0.609168282E+01   0.621606728E+01   0.634070479E+01
   0.646554950E+01   0.659055494E+01   0.671567384E+01   0.684085830E+01
   0.696606016E+01   0.709123198E+01   0.721632616E+01   0.734129475E+01
   0.746608967E+01   0.759066250E+01   0.771496446E+01   0.783894678E+01
   0.796256036E+01   0.808575554E+01   0.820848169E+01   0.833068758E+01
   0.845232153E+01   0.857333145E+01   0.869366483E+01   0.881326874E+01
   0.893209005E+01   0.905007522E+01   0.916717037E+01   0.928332178E+01
   0.939847546E+01   0.951257734E+01   0.962557425E+01   0.973741298E+01
   0.984803882E+01   0.995739189E+01   0.100654106E+02   0.101720306E+02
   0.102771778E+02   0.103807753E+02   0.104827534E+02   0.105830764E+02
   0.106817180E+02   0.107786522E+02   0.108738536E+02   0.109672973E+02
   0.110589368E+02   0.111486354E+02   0.112362310E+02   0.113215675E+02
   0.114045265E+02   0.114849976E+02   0.115628882E+02   0.116381832E+02
   0.117108882E+02   0.117810313E+02   0.118487260E+02   0.119141118E+02
   0.119773126E+02   0.120383716E+02   0.120973128E+02   0.121541227E+02
   0.122086284E+02   0.122606129E+02   0.123098387E+02   0.123560002E+02
   0.123987687E+02   0.124378579E+02   0.124731784E+02   0.125046901E+02
   0.125323523E+02   0.125561240E+02   0.125759642E+02
R*B_phi (m*T)
   0.505750612E+02   0.505751091E+02   0.505752527E+02   0.505754910E+02
   0.505758233E+02   0.505762479E+02   0.505767631E+02   0.505773667E+02
   0.505780564E+02   0.505788298E+02   0.505796842E+02   0.505806167E+02
   0.505816244E+02   0.505827043E+02   0.505838527E+02   0.505850657E+02
   0.505863391E+02   0.505876677E+02   0.505890458E+02   0.505904677E+02
   0.505919272E+02   0.505934179E+02   0.505949334E+02   0.505964663E+02
   0.505980090E+02   0.505995536E+02   0.506010914E+02   0.506026134E+02
   0.506041106E+02   0.506055736E+02   0.506069931E+02   0.506083593E+02
   0.506096609E+02   0.506108861E+02   0.506120235E+02   0.506130612E+02
   0.506139876E+02   0.506147901E+02   0.506154525E+02   0.506159577E+02
   0.506162948E+02   0.506164765E+02   0.506165218E+02   0.506164410E+02
   0.506162108E+02   0.506157992E+02   0.506151674E+02   0.506142492E+02
   0.506129717E+02   0.506112669E+02   0.506090868E+02   0.506063884E+02
   0.506031429E+02   0.505993782E+02   0.505951364E+02   0.505904575E+02
   0.505853743E+02   0.505799174E+02   0.505741167E+02   0.505679993E+02
   0.505615913E+02   0.505549181E+02   0.505480010E+02   0.505408605E+02
   0.505335155E+02   0.505259786E+02   0.505182609E+02   0.505103725E+02
   0.505023208E+02   0.504941121E+02   0.504857536E+02   0.504772551E+02
   0.504686268E+02   0.504598801E+02   0.504510295E+02   0.504420902E+02
   0.504330768E+02   0.504240003E+02   0.504148711E+02   0.504056986E+02
   0.503964881E+02   0.503872441E+02   0.503779697E+02   0.503686625E+02
   0.503593186E+02   0.503499350E+02   0.503405121E+02   0.503310512E+02
   0.503215539E+02   0.503120239E+02   0.503024655E+02   0.502928832E+02
   0.502832844E+02   0.502736768E+02   0.502640681E+02   0.502544665E+02
   0.502448800E+02   0.502353169E+02   0.502257863E+02   0.502162976E+02
   0.502068601E+02   0.501974834E+02   0.501881773E+02   0.501789513E+02
   0.501698149E+02   0.501607778E+02   0.501518494E+02   0.501430390E+02
   0.501343559E+02   0.501258091E+02   0.501174067E+02   0.501091567E+02
   0.501010668E+02   0.500931448E+02   0.500853982E+02   0.500778348E+02
   0.500704622E+02   0.500632882E+02   0.500563210E+02   0.500495696E+02
   0.500430434E+02   0.500367512E+02   0.500306996E+02   0.500248948E+02
   0.500193397E+02   0.500140255E+02   0.500089404E+02   0.500040750E+02
   0.499994292E+02   0.499950058E+02   0.499907986E+02   0.499867673E+02
   0.499828632E+02   0.499791916E+02   0.499764761E+02   0.499755946E+02
   0.499771850E+02   0.499809253E+02   0.499862535E+02   0.499926607E+02
   0.499998496E+02   0.500075759E+02   0.500155631E+02   0.500234057E+02
   0.500306661E+02   0.500369647E+02   0.500421532E+02   0.500461414E+02
   0.500488388E+02   0.500501551E+02   0.500500000E+02
Radial mesh: sqrt(Phi/Philim)
   0.000000000E+00   0.666666667E-02   0.133333333E-01   0.200000000E-01
   0.266666667E-01   0.333333333E-01   0.400000000E-01   0.466666667E-01
   0.533333333E-01   0.600000000E-01   0.666666667E-01   0.733333333E-01
   0.800000000E-01   0.866666667E-01   0.933333333E-01   0.100000000E+00
   0.106666667E+00   0.113333333E+00   0.120000000E+00   0.126666667E+00
   0.133333333E+00   0.140000000E+00   0.146666667E+00   0.153333333E+00
   0.160000000E+00   0.166666667E+00   0.173333333E+00   0.180000000E+00
   0.186666667E+00   0.193333333E+00   0.200000000E+00   0.206666667E+00
   0.213333333E+00   0.220000000E+00   0.226666667E+00   0.233333333E+00
   0.240000000E+00   0.246666667E+00   0.253333333E+00   0.260000000E+00
   0.266666667E+00   0.273333333E+00   0.280000000E+00   0.286666667E+00
   0.293333333E+00   0.300000000E+00   0.306666667E+00   0.313333333E+00
   0.320000000E+00   0.326666667E+00   0.333333333E+00   0.340000000E+00
   0.346666667E+00   0.353333333E+00   0.360000000E+00   0.366666667E+00
   0.373333333E+00   0.380000000E+00   0.386666667E+00   0.393333333E+00
   0.400000000E+00   0.406666667E+00   0.413333333E+00   0.420000000E+00
   0.426666667E+00   0.433333333E+00   0.440000000E+00   0.446666667E+00
   0.453333333E+00   0.460000000E+00   0.466666667E+00   0.473333333E+00
   0.480000000E+00   0.486666667E+00   0.493333333E+00   0.500000000E+00
   0.506666667E+00   0.513333333E+00   0.520000000E+00   0.526666667E+00
   0.533333333E+00   0.540000000E+00   0.546666667E+00   0.553333333E+00
   0.560000000E+00   0.566666667E+00   0.573333333E+00   0.580000000E+00
   0.586666667E+00   0.593333333E+00   0.600000000E+00   0.606666667E+00
   0.613333333E+00   0.620000000E+00   0.626666667E+00   0.633333333E+00
   0.640000000E+00   0.646666667E+00   0.653333333E+00   0.660000000E+00
   0.666666667E+00   0.673333333E+00   0.680000000E+00   0.686666667E+00
   0.693333333E+00   0.700000000E+00   0.706666667E+00   0.713333333E+00
   0.720000000E+00   0.726666667E+00   0.733333333E+00   0.740000000E+00
   0.746666667E+00   0.753333333E+00   0.760000000E+00   0.766666667E+00
   0.773333333E+00   0.780000000E+00   0.786666667E+00   0.793333333E+00
   0.800000000E+00   0.806666667E+00   0.813333333E+00   0.820000000E+00
   0.826666667E+00   0.833333333E+00   0.840000000E+00   0.846666667E+00
   0.853333333E+00   0.860000000E+00   0.866666667E+00   0.873333333E+00
   0.880000000E+00   0.886666667E+00   0.893333333E+00   0.900000000E+00
   0.906666667E+00   0.913333333E+00   0.920000000E+00   0.926666667E+00
   0.933333333E+00   0.940000000E+00   0.946666667E+00   0.953333333E+00
   0.960000000E+00   0.966666667E+00   0.973333333E+00   0.980000000E+00
   0.986666667E+00   0.993333333E+00   0.100000000E+01
Last surface (set to 1: TRANSP)
   0.100000000E+01
