2025-11-06 08:38:38,997 DAKOTA_BRIDGE_Driver_1 DEBUG    __initialize__(): <ipsframework.dakota_bridge.Driver object at 0x7ff80292e070>  fastran_FPP_000001@Driver@1 
2025-11-06 08:38:39,001 DAKOTA_BRIDGE_Driver_1 DEBUG    Running - CompID =  fastran_FPP_000001@Driver@1
2025-11-06 08:38:39,002 DAKOTA_BRIDGE_Driver_1 DEBUG    _init_event_service(): self.counter = 0 - <ipsframework.dakota_bridge.Driver object at 0x7ff80292e070>
2025-11-06 08:38:39,423 DAKOTA_BRIDGE_Driver_1 DEBUG    Received Message 
2025-11-06 08:38:39,423 DAKOTA_BRIDGE_Driver_1 DEBUG    Calling method init(0)
2025-11-06 08:38:39,423 DAKOTA_BRIDGE_Driver_1 DEBUG    _invoke_service(): registerSubscriber  ()
2025-11-06 08:38:39,424 DAKOTA_BRIDGE_Driver_1 DEBUG    _get_service_response(REQUEST|fastran_FPP_000001@Driver@1|FRAMEWORK@Framework@0|0)
2025-11-06 08:38:39,436 DAKOTA_BRIDGE_Driver_1 DEBUG    _get_service_response(REQUEST|fastran_FPP_000001@Driver@1|FRAMEWORK@Framework@0|0), response = ServiceResponseMessage(sender_id=FRAMEWORK@Framework@0, receiver_id=fastran_FPP_000001@Driver@1, request_msg_id=REQUEST|fastran_FPP_000001@Driver@1|FRAMEWORK@Framework@0|0,status=0, args=(2,), message_id=RESPONSE|FRAMEWORK@Framework@0|fastran_FPP_000001@Driver@1|7)
2025-11-06 08:38:39,436 DAKOTA_BRIDGE_Driver_1 DEBUG    _invoke_service(): getSubscription  (2, '_IPS_DYNAMIC_SIMULATION')
2025-11-06 08:38:39,436 DAKOTA_BRIDGE_Driver_1 DEBUG    _get_service_response(REQUEST|fastran_FPP_000001@Driver@1|FRAMEWORK@Framework@0|1)
2025-11-06 08:38:39,447 DAKOTA_BRIDGE_Driver_1 DEBUG    _get_service_response(REQUEST|fastran_FPP_000001@Driver@1|FRAMEWORK@Framework@0|1), response = ServiceResponseMessage(sender_id=FRAMEWORK@Framework@0, receiver_id=fastran_FPP_000001@Driver@1, request_msg_id=REQUEST|fastran_FPP_000001@Driver@1|FRAMEWORK@Framework@0|1,status=0, args=(None,), message_id=RESPONSE|FRAMEWORK@Framework@0|fastran_FPP_000001@Driver@1|9)
2025-11-06 08:38:39,447 DAKOTA_BRIDGE_Driver_1 DEBUG    _invoke_service(): createListener  ()
2025-11-06 08:38:39,447 DAKOTA_BRIDGE_Driver_1 DEBUG    _get_service_response(REQUEST|fastran_FPP_000001@Driver@1|FRAMEWORK@Framework@0|2)
2025-11-06 08:38:39,458 DAKOTA_BRIDGE_Driver_1 DEBUG    _get_service_response(REQUEST|fastran_FPP_000001@Driver@1|FRAMEWORK@Framework@0|2), response = ServiceResponseMessage(sender_id=FRAMEWORK@Framework@0, receiver_id=fastran_FPP_000001@Driver@1, request_msg_id=REQUEST|fastran_FPP_000001@Driver@1|FRAMEWORK@Framework@0|2,status=0, args=(2,), message_id=RESPONSE|FRAMEWORK@Framework@0|fastran_FPP_000001@Driver@1|10)
2025-11-06 08:38:39,458 DAKOTA_BRIDGE_Driver_1 DEBUG    _invoke_service(): registerEventListener  (2, '_IPS_DYNAMIC_SIMULATION', '_IPS_DYNAMIC_SIMULATION', 2)
2025-11-06 08:38:39,458 DAKOTA_BRIDGE_Driver_1 DEBUG    _get_service_response(REQUEST|fastran_FPP_000001@Driver@1|FRAMEWORK@Framework@0|3)
2025-11-06 08:38:39,469 DAKOTA_BRIDGE_Driver_1 DEBUG    _get_service_response(REQUEST|fastran_FPP_000001@Driver@1|FRAMEWORK@Framework@0|3), response = ServiceResponseMessage(sender_id=FRAMEWORK@Framework@0, receiver_id=fastran_FPP_000001@Driver@1, request_msg_id=REQUEST|fastran_FPP_000001@Driver@1|FRAMEWORK@Framework@0|3,status=0, args=(None,), message_id=RESPONSE|FRAMEWORK@Framework@0|fastran_FPP_000001@Driver@1|11)
2025-11-06 08:38:39,470 DAKOTA_BRIDGE_Driver_1 DEBUG    Received Message 
2025-11-06 08:38:39,470 DAKOTA_BRIDGE_Driver_1 DEBUG    Calling method step(0)
2025-11-06 08:38:39,474 DAKOTA_BRIDGE_Driver_1 WARNING  Created listener /tmp/ips_dynamic_1917966.tmp
2025-11-06 08:38:39,975 DAKOTA_BRIDGE_Driver_1 DEBUG    _invoke_service(): processEvents  (2,)
2025-11-06 08:38:39,975 DAKOTA_BRIDGE_Driver_1 DEBUG    _get_service_response(REQUEST|fastran_FPP_000001@Driver@1|FRAMEWORK@Framework@0|4)
2025-11-06 08:38:39,986 DAKOTA_BRIDGE_Driver_1 DEBUG    _get_service_response(REQUEST|fastran_FPP_000001@Driver@1|FRAMEWORK@Framework@0|4), response = ServiceResponseMessage(sender_id=FRAMEWORK@Framework@0, receiver_id=fastran_FPP_000001@Driver@1, request_msg_id=REQUEST|fastran_FPP_000001@Driver@1|FRAMEWORK@Framework@0|4,status=0, args=({2: {'_IPS_DYNAMIC_SIMULATION': []}},), message_id=RESPONSE|FRAMEWORK@Framework@0|fastran_FPP_000001@Driver@1|13)
2025-11-06 08:38:40,487 DAKOTA_BRIDGE_Driver_1 DEBUG    _invoke_service(): processEvents  (2,)
2025-11-06 08:38:40,487 DAKOTA_BRIDGE_Driver_1 DEBUG    _get_service_response(REQUEST|fastran_FPP_000001@Driver@1|FRAMEWORK@Framework@0|5)
2025-11-06 08:38:40,498 DAKOTA_BRIDGE_Driver_1 DEBUG    _get_service_response(REQUEST|fastran_FPP_000001@Driver@1|FRAMEWORK@Framework@0|5), response = ServiceResponseMessage(sender_id=FRAMEWORK@Framework@0, receiver_id=fastran_FPP_000001@Driver@1, request_msg_id=REQUEST|fastran_FPP_000001@Driver@1|FRAMEWORK@Framework@0|5,status=0, args=({2: {'_IPS_DYNAMIC_SIMULATION': []}},), message_id=RESPONSE|FRAMEWORK@Framework@0|fastran_FPP_000001@Driver@1|15)
2025-11-06 08:38:40,998 DAKOTA_BRIDGE_Driver_1 DEBUG    _invoke_service(): processEvents  (2,)
2025-11-06 08:38:40,998 DAKOTA_BRIDGE_Driver_1 DEBUG    _get_service_response(REQUEST|fastran_FPP_000001@Driver@1|FRAMEWORK@Framework@0|6)
2025-11-06 08:38:41,009 DAKOTA_BRIDGE_Driver_1 DEBUG    _get_service_response(REQUEST|fastran_FPP_000001@Driver@1|FRAMEWORK@Framework@0|6), response = ServiceResponseMessage(sender_id=FRAMEWORK@Framework@0, receiver_id=fastran_FPP_000001@Driver@1, request_msg_id=REQUEST|fastran_FPP_000001@Driver@1|FRAMEWORK@Framework@0|6,status=0, args=({2: {'_IPS_DYNAMIC_SIMULATION': []}},), message_id=RESPONSE|FRAMEWORK@Framework@0|fastran_FPP_000001@Driver@1|17)
2025-11-06 08:38:41,510 DAKOTA_BRIDGE_Driver_1 DEBUG    _invoke_service(): processEvents  (2,)
2025-11-06 08:38:41,510 DAKOTA_BRIDGE_Driver_1 DEBUG    _get_service_response(REQUEST|fastran_FPP_000001@Driver@1|FRAMEWORK@Framework@0|7)
2025-11-06 08:38:41,521 DAKOTA_BRIDGE_Driver_1 DEBUG    _get_service_response(REQUEST|fastran_FPP_000001@Driver@1|FRAMEWORK@Framework@0|7), response = ServiceResponseMessage(sender_id=FRAMEWORK@Framework@0, receiver_id=fastran_FPP_000001@Driver@1, request_msg_id=REQUEST|fastran_FPP_000001@Driver@1|FRAMEWORK@Framework@0|7,status=0, args=({2: {'_IPS_DYNAMIC_SIMULATION': []}},), message_id=RESPONSE|FRAMEWORK@Framework@0|fastran_FPP_000001@Driver@1|19)
2025-11-06 08:38:42,022 DAKOTA_BRIDGE_Driver_1 DEBUG    _invoke_service(): processEvents  (2,)
2025-11-06 08:38:42,022 DAKOTA_BRIDGE_Driver_1 DEBUG    _get_service_response(REQUEST|fastran_FPP_000001@Driver@1|FRAMEWORK@Framework@0|8)
2025-11-06 08:38:42,033 DAKOTA_BRIDGE_Driver_1 DEBUG    _get_service_response(REQUEST|fastran_FPP_000001@Driver@1|FRAMEWORK@Framework@0|8), response = ServiceResponseMessage(sender_id=FRAMEWORK@Framework@0, receiver_id=fastran_FPP_000001@Driver@1, request_msg_id=REQUEST|fastran_FPP_000001@Driver@1|FRAMEWORK@Framework@0|8,status=0, args=({2: {'_IPS_DYNAMIC_SIMULATION': []}},), message_id=RESPONSE|FRAMEWORK@Framework@0|fastran_FPP_000001@Driver@1|21)
2025-11-06 08:38:42,461 DAKOTA_BRIDGE_Driver_1 DEBUG    _invoke_service(): processEvents  (2,)
2025-11-06 08:38:42,461 DAKOTA_BRIDGE_Driver_1 DEBUG    _get_service_response(REQUEST|fastran_FPP_000001@Driver@1|FRAMEWORK@Framework@0|9)
2025-11-06 08:38:42,472 DAKOTA_BRIDGE_Driver_1 DEBUG    _get_service_response(REQUEST|fastran_FPP_000001@Driver@1|FRAMEWORK@Framework@0|9), response = ServiceResponseMessage(sender_id=FRAMEWORK@Framework@0, receiver_id=fastran_FPP_000001@Driver@1, request_msg_id=REQUEST|fastran_FPP_000001@Driver@1|FRAMEWORK@Framework@0|9,status=0, args=({2: {'_IPS_DYNAMIC_SIMULATION': []}},), message_id=RESPONSE|FRAMEWORK@Framework@0|fastran_FPP_000001@Driver@1|22)
2025-11-06 08:38:42,973 DAKOTA_BRIDGE_Driver_1 DEBUG    _invoke_service(): processEvents  (2,)
2025-11-06 08:38:42,973 DAKOTA_BRIDGE_Driver_1 DEBUG    _get_service_response(REQUEST|fastran_FPP_000001@Driver@1|FRAMEWORK@Framework@0|10)
2025-11-06 08:38:42,984 DAKOTA_BRIDGE_Driver_1 DEBUG    _get_service_response(REQUEST|fastran_FPP_000001@Driver@1|FRAMEWORK@Framework@0|10), response = ServiceResponseMessage(sender_id=FRAMEWORK@Framework@0, receiver_id=fastran_FPP_000001@Driver@1, request_msg_id=REQUEST|fastran_FPP_000001@Driver@1|FRAMEWORK@Framework@0|10,status=0, args=({2: {'_IPS_DYNAMIC_SIMULATION': []}},), message_id=RESPONSE|FRAMEWORK@Framework@0|fastran_FPP_000001@Driver@1|24)
2025-11-06 08:38:43,485 DAKOTA_BRIDGE_Driver_1 DEBUG    _invoke_service(): processEvents  (2,)
2025-11-06 08:38:43,485 DAKOTA_BRIDGE_Driver_1 DEBUG    _get_service_response(REQUEST|fastran_FPP_000001@Driver@1|FRAMEWORK@Framework@0|11)
2025-11-06 08:38:43,496 DAKOTA_BRIDGE_Driver_1 DEBUG    _get_service_response(REQUEST|fastran_FPP_000001@Driver@1|FRAMEWORK@Framework@0|11), response = ServiceResponseMessage(sender_id=FRAMEWORK@Framework@0, receiver_id=fastran_FPP_000001@Driver@1, request_msg_id=REQUEST|fastran_FPP_000001@Driver@1|FRAMEWORK@Framework@0|11,status=0, args=({2: {'_IPS_DYNAMIC_SIMULATION': []}},), message_id=RESPONSE|FRAMEWORK@Framework@0|fastran_FPP_000001@Driver@1|26)
2025-11-06 08:38:43,997 DAKOTA_BRIDGE_Driver_1 DEBUG    _invoke_service(): processEvents  (2,)
2025-11-06 08:38:43,997 DAKOTA_BRIDGE_Driver_1 DEBUG    _get_service_response(REQUEST|fastran_FPP_000001@Driver@1|FRAMEWORK@Framework@0|12)
2025-11-06 08:38:44,008 DAKOTA_BRIDGE_Driver_1 DEBUG    _get_service_response(REQUEST|fastran_FPP_000001@Driver@1|FRAMEWORK@Framework@0|12), response = ServiceResponseMessage(sender_id=FRAMEWORK@Framework@0, receiver_id=fastran_FPP_000001@Driver@1, request_msg_id=REQUEST|fastran_FPP_000001@Driver@1|FRAMEWORK@Framework@0|12,status=0, args=({2: {'_IPS_DYNAMIC_SIMULATION': []}},), message_id=RESPONSE|FRAMEWORK@Framework@0|fastran_FPP_000001@Driver@1|28)
2025-11-06 08:38:44,508 DAKOTA_BRIDGE_Driver_1 DEBUG    _invoke_service(): processEvents  (2,)
2025-11-06 08:38:44,509 DAKOTA_BRIDGE_Driver_1 DEBUG    _get_service_response(REQUEST|fastran_FPP_000001@Driver@1|FRAMEWORK@Framework@0|13)
2025-11-06 08:38:44,519 DAKOTA_BRIDGE_Driver_1 DEBUG    _get_service_response(REQUEST|fastran_FPP_000001@Driver@1|FRAMEWORK@Framework@0|13), response = ServiceResponseMessage(sender_id=FRAMEWORK@Framework@0, receiver_id=fastran_FPP_000001@Driver@1, request_msg_id=REQUEST|fastran_FPP_000001@Driver@1|FRAMEWORK@Framework@0|13,status=0, args=({2: {'_IPS_DYNAMIC_SIMULATION': []}},), message_id=RESPONSE|FRAMEWORK@Framework@0|fastran_FPP_000001@Driver@1|30)
2025-11-06 08:38:45,020 DAKOTA_BRIDGE_Driver_1 DEBUG    _invoke_service(): processEvents  (2,)
2025-11-06 08:38:45,020 DAKOTA_BRIDGE_Driver_1 DEBUG    _get_service_response(REQUEST|fastran_FPP_000001@Driver@1|FRAMEWORK@Framework@0|14)
2025-11-06 08:38:45,031 DAKOTA_BRIDGE_Driver_1 DEBUG    _get_service_response(REQUEST|fastran_FPP_000001@Driver@1|FRAMEWORK@Framework@0|14), response = ServiceResponseMessage(sender_id=FRAMEWORK@Framework@0, receiver_id=fastran_FPP_000001@Driver@1, request_msg_id=REQUEST|fastran_FPP_000001@Driver@1|FRAMEWORK@Framework@0|14,status=0, args=({2: {'_IPS_DYNAMIC_SIMULATION': []}},), message_id=RESPONSE|FRAMEWORK@Framework@0|fastran_FPP_000001@Driver@1|32)
2025-11-06 08:38:45,532 DAKOTA_BRIDGE_Driver_1 DEBUG    _invoke_service(): processEvents  (2,)
2025-11-06 08:38:45,532 DAKOTA_BRIDGE_Driver_1 DEBUG    _get_service_response(REQUEST|fastran_FPP_000001@Driver@1|FRAMEWORK@Framework@0|15)
2025-11-06 08:38:45,543 DAKOTA_BRIDGE_Driver_1 DEBUG    _get_service_response(REQUEST|fastran_FPP_000001@Driver@1|FRAMEWORK@Framework@0|15), response = ServiceResponseMessage(sender_id=FRAMEWORK@Framework@0, receiver_id=fastran_FPP_000001@Driver@1, request_msg_id=REQUEST|fastran_FPP_000001@Driver@1|FRAMEWORK@Framework@0|15,status=0, args=({2: {'_IPS_DYNAMIC_SIMULATION': []}},), message_id=RESPONSE|FRAMEWORK@Framework@0|fastran_FPP_000001@Driver@1|34)
2025-11-06 08:38:46,043 DAKOTA_BRIDGE_Driver_1 DEBUG    _invoke_service(): processEvents  (2,)
2025-11-06 08:38:46,043 DAKOTA_BRIDGE_Driver_1 DEBUG    _get_service_response(REQUEST|fastran_FPP_000001@Driver@1|FRAMEWORK@Framework@0|16)
2025-11-06 08:38:46,054 DAKOTA_BRIDGE_Driver_1 DEBUG    _get_service_response(REQUEST|fastran_FPP_000001@Driver@1|FRAMEWORK@Framework@0|16), response = ServiceResponseMessage(sender_id=FRAMEWORK@Framework@0, receiver_id=fastran_FPP_000001@Driver@1, request_msg_id=REQUEST|fastran_FPP_000001@Driver@1|FRAMEWORK@Framework@0|16,status=0, args=({2: {'_IPS_DYNAMIC_SIMULATION': []}},), message_id=RESPONSE|FRAMEWORK@Framework@0|fastran_FPP_000001@Driver@1|36)
2025-11-06 08:38:46,555 DAKOTA_BRIDGE_Driver_1 DEBUG    _invoke_service(): processEvents  (2,)
2025-11-06 08:38:46,555 DAKOTA_BRIDGE_Driver_1 DEBUG    _get_service_response(REQUEST|fastran_FPP_000001@Driver@1|FRAMEWORK@Framework@0|17)
2025-11-06 08:38:46,566 DAKOTA_BRIDGE_Driver_1 DEBUG    _get_service_response(REQUEST|fastran_FPP_000001@Driver@1|FRAMEWORK@Framework@0|17), response = ServiceResponseMessage(sender_id=FRAMEWORK@Framework@0, receiver_id=fastran_FPP_000001@Driver@1, request_msg_id=REQUEST|fastran_FPP_000001@Driver@1|FRAMEWORK@Framework@0|17,status=0, args=({2: {'_IPS_DYNAMIC_SIMULATION': []}},), message_id=RESPONSE|FRAMEWORK@Framework@0|fastran_FPP_000001@Driver@1|38)
2025-11-06 08:38:46,580 DAKOTA_BRIDGE_Driver_1 DEBUG    _invoke_service(): processEvents  (2,)
2025-11-06 08:38:46,580 DAKOTA_BRIDGE_Driver_1 DEBUG    _get_service_response(REQUEST|fastran_FPP_000001@Driver@1|FRAMEWORK@Framework@0|18)
2025-11-06 08:38:46,591 DAKOTA_BRIDGE_Driver_1 DEBUG    _get_service_response(REQUEST|fastran_FPP_000001@Driver@1|FRAMEWORK@Framework@0|18), response = ServiceResponseMessage(sender_id=FRAMEWORK@Framework@0, receiver_id=fastran_FPP_000001@Driver@1, request_msg_id=REQUEST|fastran_FPP_000001@Driver@1|FRAMEWORK@Framework@0|18,status=0, args=({2: {'_IPS_DYNAMIC_SIMULATION': []}},), message_id=RESPONSE|FRAMEWORK@Framework@0|fastran_FPP_000001@Driver@1|39)
2025-11-06 08:38:46,591 DAKOTA_BRIDGE_Driver_1 DEBUG    _invoke_service(): get_config_parameter  ('PORTAL_RUNID',)
2025-11-06 08:38:46,591 DAKOTA_BRIDGE_Driver_1 DEBUG    _get_service_response(REQUEST|fastran_FPP_000001@Driver@1|FRAMEWORK@Framework@0|19)
2025-11-06 08:38:46,602 DAKOTA_BRIDGE_Driver_1 DEBUG    _get_service_response(REQUEST|fastran_FPP_000001@Driver@1|FRAMEWORK@Framework@0|19), response = ServiceResponseMessage(sender_id=FRAMEWORK@Framework@0, receiver_id=fastran_FPP_000001@Driver@1, request_msg_id=REQUEST|fastran_FPP_000001@Driver@1|FRAMEWORK@Framework@0|19,status=0, args=('fastran_FPP_000001_perlmutter_hswils_2025-11-06T08:38:39.434',), message_id=RESPONSE|FRAMEWORK@Framework@0|fastran_FPP_000001@Driver@1|40)
2025-11-06 08:38:46,606 DAKOTA_BRIDGE_Driver_1 DEBUG    _invoke_service(): create_simulation  ('/pscratch/sd/h/hswils/github_repos/MANTA_DBSCANS/angles_scan_HFS_more/SCAN/simulation_1917966_0000.conf', {}, False)
2025-11-06 08:38:46,606 DAKOTA_BRIDGE_Driver_1 DEBUG    create_simulation() msg_id = REQUEST|fastran_FPP_000001@Driver@1|FRAMEWORK@Framework@0|20
2025-11-06 08:38:46,607 DAKOTA_BRIDGE_Driver_1 DEBUG    _get_service_response(REQUEST|fastran_FPP_000001@Driver@1|FRAMEWORK@Framework@0|20)
2025-11-06 08:38:50,779 DAKOTA_BRIDGE_Driver_1 DEBUG    _get_service_response(REQUEST|fastran_FPP_000001@Driver@1|FRAMEWORK@Framework@0|20), response = ServiceResponseMessage(sender_id=FRAMEWORK@Framework@0, receiver_id=fastran_FPP_000001@Driver@1, request_msg_id=REQUEST|fastran_FPP_000001@Driver@1|FRAMEWORK@Framework@0|20,status=0, args=(('fastran_FPP_000001_1917966_0000', fastran_FPP_000001_1917966_0000@fastran_init@4, fastran_FPP_000001_1917966_0000@fastran_driver@5),), message_id=RESPONSE|FRAMEWORK@Framework@0|fastran_FPP_000001@Driver@1|42)
2025-11-06 08:38:50,779 DAKOTA_BRIDGE_Driver_1 DEBUG    Created simulation fastran_FPP_000001_1917966_0000
2025-11-06 08:38:50,780 DAKOTA_BRIDGE_Driver_1 DEBUG    _invoke_service(): processEvents  (2,)
2025-11-06 08:38:50,780 DAKOTA_BRIDGE_Driver_1 DEBUG    _get_service_response(REQUEST|fastran_FPP_000001@Driver@1|FRAMEWORK@Framework@0|21)
2025-11-06 08:38:50,791 DAKOTA_BRIDGE_Driver_1 DEBUG    _get_service_response(REQUEST|fastran_FPP_000001@Driver@1|FRAMEWORK@Framework@0|21), response = ServiceResponseMessage(sender_id=FRAMEWORK@Framework@0, receiver_id=fastran_FPP_000001@Driver@1, request_msg_id=REQUEST|fastran_FPP_000001@Driver@1|FRAMEWORK@Framework@0|21,status=0, args=({2: {'_IPS_DYNAMIC_SIMULATION': [<ipsframework.cca_es_spec.Event object at 0x7ff80292ec70>]}},), message_id=RESPONSE|FRAMEWORK@Framework@0|fastran_FPP_000001@Driver@1|46)
2025-11-06 08:38:50,791 DAKOTA_BRIDGE_Driver_1 DEBUG    In Component: Just received {'eventtype': 'IPS_START', 'SIM_NAME': 'fastran_FPP_000001_1917966_0000', 'ok': True}
2025-11-06 08:38:50,791 DAKOTA_BRIDGE_Driver_1 DEBUG    In Component: There are 1 events in self.events_received
2025-11-06 08:38:50,791 DAKOTA_BRIDGE_Driver_1 DEBUG    _invoke_service(): get_config_parameter  ('PORTAL_RUNID',)
2025-11-06 08:38:50,791 DAKOTA_BRIDGE_Driver_1 DEBUG    _get_service_response(REQUEST|fastran_FPP_000001@Driver@1|FRAMEWORK@Framework@0|22)
2025-11-06 08:38:50,802 DAKOTA_BRIDGE_Driver_1 DEBUG    _get_service_response(REQUEST|fastran_FPP_000001@Driver@1|FRAMEWORK@Framework@0|22), response = ServiceResponseMessage(sender_id=FRAMEWORK@Framework@0, receiver_id=fastran_FPP_000001@Driver@1, request_msg_id=REQUEST|fastran_FPP_000001@Driver@1|FRAMEWORK@Framework@0|22,status=0, args=('fastran_FPP_000001_perlmutter_hswils_2025-11-06T08:38:39.434',), message_id=RESPONSE|FRAMEWORK@Framework@0|fastran_FPP_000001@Driver@1|47)
2025-11-06 08:38:50,806 DAKOTA_BRIDGE_Driver_1 DEBUG    _invoke_service(): create_simulation  ('/pscratch/sd/h/hswils/github_repos/MANTA_DBSCANS/angles_scan_HFS_more/SCAN/simulation_1917966_0001.conf', {}, False)
2025-11-06 08:38:50,806 DAKOTA_BRIDGE_Driver_1 DEBUG    create_simulation() msg_id = REQUEST|fastran_FPP_000001@Driver@1|FRAMEWORK@Framework@0|23
2025-11-06 08:38:50,806 DAKOTA_BRIDGE_Driver_1 DEBUG    _get_service_response(REQUEST|fastran_FPP_000001@Driver@1|FRAMEWORK@Framework@0|23)
2025-11-06 08:38:50,855 DAKOTA_BRIDGE_Driver_1 DEBUG    _get_service_response(REQUEST|fastran_FPP_000001@Driver@1|FRAMEWORK@Framework@0|23), response = ServiceResponseMessage(sender_id=FRAMEWORK@Framework@0, receiver_id=fastran_FPP_000001@Driver@1, request_msg_id=REQUEST|fastran_FPP_000001@Driver@1|FRAMEWORK@Framework@0|23,status=0, args=(('fastran_FPP_000001_1917966_0001', fastran_FPP_000001_1917966_0001@fastran_init@10, fastran_FPP_000001_1917966_0001@fastran_driver@11),), message_id=RESPONSE|FRAMEWORK@Framework@0|fastran_FPP_000001@Driver@1|49)
2025-11-06 08:38:50,855 DAKOTA_BRIDGE_Driver_1 DEBUG    Created simulation fastran_FPP_000001_1917966_0001
2025-11-06 08:38:50,855 DAKOTA_BRIDGE_Driver_1 DEBUG    _invoke_service(): processEvents  (2,)
2025-11-06 08:38:50,856 DAKOTA_BRIDGE_Driver_1 DEBUG    _get_service_response(REQUEST|fastran_FPP_000001@Driver@1|FRAMEWORK@Framework@0|24)
2025-11-06 08:38:50,866 DAKOTA_BRIDGE_Driver_1 DEBUG    _get_service_response(REQUEST|fastran_FPP_000001@Driver@1|FRAMEWORK@Framework@0|24), response = ServiceResponseMessage(sender_id=FRAMEWORK@Framework@0, receiver_id=fastran_FPP_000001@Driver@1, request_msg_id=REQUEST|fastran_FPP_000001@Driver@1|FRAMEWORK@Framework@0|24,status=0, args=({2: {'_IPS_DYNAMIC_SIMULATION': [<ipsframework.cca_es_spec.Event object at 0x7ff80292eca0>]}},), message_id=RESPONSE|FRAMEWORK@Framework@0|fastran_FPP_000001@Driver@1|50)
2025-11-06 08:38:50,866 DAKOTA_BRIDGE_Driver_1 DEBUG    In Component: Just received {'eventtype': 'IPS_START', 'SIM_NAME': 'fastran_FPP_000001_1917966_0001', 'ok': True}
2025-11-06 08:38:50,866 DAKOTA_BRIDGE_Driver_1 DEBUG    In Component: There are 1 events in self.events_received
2025-11-06 08:38:50,866 DAKOTA_BRIDGE_Driver_1 DEBUG    _invoke_service(): get_config_parameter  ('PORTAL_RUNID',)
2025-11-06 08:38:50,866 DAKOTA_BRIDGE_Driver_1 DEBUG    _get_service_response(REQUEST|fastran_FPP_000001@Driver@1|FRAMEWORK@Framework@0|25)
2025-11-06 08:38:50,877 DAKOTA_BRIDGE_Driver_1 DEBUG    _get_service_response(REQUEST|fastran_FPP_000001@Driver@1|FRAMEWORK@Framework@0|25), response = ServiceResponseMessage(sender_id=FRAMEWORK@Framework@0, receiver_id=fastran_FPP_000001@Driver@1, request_msg_id=REQUEST|fastran_FPP_000001@Driver@1|FRAMEWORK@Framework@0|25,status=0, args=('fastran_FPP_000001_perlmutter_hswils_2025-11-06T08:38:39.434',), message_id=RESPONSE|FRAMEWORK@Framework@0|fastran_FPP_000001@Driver@1|52)
2025-11-06 08:38:50,880 DAKOTA_BRIDGE_Driver_1 DEBUG    _invoke_service(): create_simulation  ('/pscratch/sd/h/hswils/github_repos/MANTA_DBSCANS/angles_scan_HFS_more/SCAN/simulation_1917966_0002.conf', {}, False)
2025-11-06 08:38:50,881 DAKOTA_BRIDGE_Driver_1 DEBUG    create_simulation() msg_id = REQUEST|fastran_FPP_000001@Driver@1|FRAMEWORK@Framework@0|26
2025-11-06 08:38:50,881 DAKOTA_BRIDGE_Driver_1 DEBUG    _get_service_response(REQUEST|fastran_FPP_000001@Driver@1|FRAMEWORK@Framework@0|26)
2025-11-06 08:38:50,981 DAKOTA_BRIDGE_Driver_1 DEBUG    _get_service_response(REQUEST|fastran_FPP_000001@Driver@1|FRAMEWORK@Framework@0|26), response = ServiceResponseMessage(sender_id=FRAMEWORK@Framework@0, receiver_id=fastran_FPP_000001@Driver@1, request_msg_id=REQUEST|fastran_FPP_000001@Driver@1|FRAMEWORK@Framework@0|26,status=0, args=(('fastran_FPP_000001_1917966_0002', fastran_FPP_000001_1917966_0002@fastran_init@16, fastran_FPP_000001_1917966_0002@fastran_driver@17),), message_id=RESPONSE|FRAMEWORK@Framework@0|fastran_FPP_000001@Driver@1|54)
2025-11-06 08:38:50,981 DAKOTA_BRIDGE_Driver_1 DEBUG    Created simulation fastran_FPP_000001_1917966_0002
2025-11-06 08:38:50,981 DAKOTA_BRIDGE_Driver_1 DEBUG    _invoke_service(): processEvents  (2,)
2025-11-06 08:38:50,981 DAKOTA_BRIDGE_Driver_1 DEBUG    _get_service_response(REQUEST|fastran_FPP_000001@Driver@1|FRAMEWORK@Framework@0|27)
2025-11-06 08:38:50,991 DAKOTA_BRIDGE_Driver_1 DEBUG    _get_service_response(REQUEST|fastran_FPP_000001@Driver@1|FRAMEWORK@Framework@0|27), response = ServiceResponseMessage(sender_id=FRAMEWORK@Framework@0, receiver_id=fastran_FPP_000001@Driver@1, request_msg_id=REQUEST|fastran_FPP_000001@Driver@1|FRAMEWORK@Framework@0|27,status=0, args=({2: {'_IPS_DYNAMIC_SIMULATION': [<ipsframework.cca_es_spec.Event object at 0x7ff80292edc0>]}},), message_id=RESPONSE|FRAMEWORK@Framework@0|fastran_FPP_000001@Driver@1|56)
2025-11-06 08:38:50,991 DAKOTA_BRIDGE_Driver_1 DEBUG    In Component: Just received {'eventtype': 'IPS_START', 'SIM_NAME': 'fastran_FPP_000001_1917966_0002', 'ok': True}
2025-11-06 08:38:50,991 DAKOTA_BRIDGE_Driver_1 DEBUG    In Component: There are 1 events in self.events_received
2025-11-06 08:38:50,992 DAKOTA_BRIDGE_Driver_1 DEBUG    _invoke_service(): get_config_parameter  ('PORTAL_RUNID',)
2025-11-06 08:38:50,992 DAKOTA_BRIDGE_Driver_1 DEBUG    _get_service_response(REQUEST|fastran_FPP_000001@Driver@1|FRAMEWORK@Framework@0|28)
2025-11-06 08:38:51,002 DAKOTA_BRIDGE_Driver_1 DEBUG    _get_service_response(REQUEST|fastran_FPP_000001@Driver@1|FRAMEWORK@Framework@0|28), response = ServiceResponseMessage(sender_id=FRAMEWORK@Framework@0, receiver_id=fastran_FPP_000001@Driver@1, request_msg_id=REQUEST|fastran_FPP_000001@Driver@1|FRAMEWORK@Framework@0|28,status=0, args=('fastran_FPP_000001_perlmutter_hswils_2025-11-06T08:38:39.434',), message_id=RESPONSE|FRAMEWORK@Framework@0|fastran_FPP_000001@Driver@1|58)
2025-11-06 08:38:51,007 DAKOTA_BRIDGE_Driver_1 DEBUG    _invoke_service(): create_simulation  ('/pscratch/sd/h/hswils/github_repos/MANTA_DBSCANS/angles_scan_HFS_more/SCAN/simulation_1917966_0003.conf', {}, False)
2025-11-06 08:38:51,007 DAKOTA_BRIDGE_Driver_1 DEBUG    create_simulation() msg_id = REQUEST|fastran_FPP_000001@Driver@1|FRAMEWORK@Framework@0|29
2025-11-06 08:38:51,007 DAKOTA_BRIDGE_Driver_1 DEBUG    _get_service_response(REQUEST|fastran_FPP_000001@Driver@1|FRAMEWORK@Framework@0|29)
2025-11-06 08:38:51,056 DAKOTA_BRIDGE_Driver_1 DEBUG    _get_service_response(REQUEST|fastran_FPP_000001@Driver@1|FRAMEWORK@Framework@0|29), response = ServiceResponseMessage(sender_id=FRAMEWORK@Framework@0, receiver_id=fastran_FPP_000001@Driver@1, request_msg_id=REQUEST|fastran_FPP_000001@Driver@1|FRAMEWORK@Framework@0|29,status=0, args=(('fastran_FPP_000001_1917966_0003', fastran_FPP_000001_1917966_0003@fastran_init@22, fastran_FPP_000001_1917966_0003@fastran_driver@23),), message_id=RESPONSE|FRAMEWORK@Framework@0|fastran_FPP_000001@Driver@1|59)
2025-11-06 08:38:51,056 DAKOTA_BRIDGE_Driver_1 DEBUG    Created simulation fastran_FPP_000001_1917966_0003
2025-11-06 08:38:51,056 DAKOTA_BRIDGE_Driver_1 DEBUG    _invoke_service(): processEvents  (2,)
2025-11-06 08:38:51,056 DAKOTA_BRIDGE_Driver_1 DEBUG    _get_service_response(REQUEST|fastran_FPP_000001@Driver@1|FRAMEWORK@Framework@0|30)
2025-11-06 08:38:51,067 DAKOTA_BRIDGE_Driver_1 DEBUG    _get_service_response(REQUEST|fastran_FPP_000001@Driver@1|FRAMEWORK@Framework@0|30), response = ServiceResponseMessage(sender_id=FRAMEWORK@Framework@0, receiver_id=fastran_FPP_000001@Driver@1, request_msg_id=REQUEST|fastran_FPP_000001@Driver@1|FRAMEWORK@Framework@0|30,status=0, args=({2: {'_IPS_DYNAMIC_SIMULATION': [<ipsframework.cca_es_spec.Event object at 0x7ff80292e430>]}},), message_id=RESPONSE|FRAMEWORK@Framework@0|fastran_FPP_000001@Driver@1|61)
2025-11-06 08:38:51,067 DAKOTA_BRIDGE_Driver_1 DEBUG    In Component: Just received {'eventtype': 'IPS_START', 'SIM_NAME': 'fastran_FPP_000001_1917966_0003', 'ok': True}
2025-11-06 08:38:51,067 DAKOTA_BRIDGE_Driver_1 DEBUG    In Component: There are 1 events in self.events_received
2025-11-06 08:38:51,067 DAKOTA_BRIDGE_Driver_1 DEBUG    _invoke_service(): get_config_parameter  ('PORTAL_RUNID',)
2025-11-06 08:38:51,067 DAKOTA_BRIDGE_Driver_1 DEBUG    _get_service_response(REQUEST|fastran_FPP_000001@Driver@1|FRAMEWORK@Framework@0|31)
2025-11-06 08:38:51,078 DAKOTA_BRIDGE_Driver_1 DEBUG    _get_service_response(REQUEST|fastran_FPP_000001@Driver@1|FRAMEWORK@Framework@0|31), response = ServiceResponseMessage(sender_id=FRAMEWORK@Framework@0, receiver_id=fastran_FPP_000001@Driver@1, request_msg_id=REQUEST|fastran_FPP_000001@Driver@1|FRAMEWORK@Framework@0|31,status=0, args=('fastran_FPP_000001_perlmutter_hswils_2025-11-06T08:38:39.434',), message_id=RESPONSE|FRAMEWORK@Framework@0|fastran_FPP_000001@Driver@1|62)
2025-11-06 08:38:51,082 DAKOTA_BRIDGE_Driver_1 DEBUG    _invoke_service(): create_simulation  ('/pscratch/sd/h/hswils/github_repos/MANTA_DBSCANS/angles_scan_HFS_more/SCAN/simulation_1917966_0004.conf', {}, False)
2025-11-06 08:38:51,082 DAKOTA_BRIDGE_Driver_1 DEBUG    create_simulation() msg_id = REQUEST|fastran_FPP_000001@Driver@1|FRAMEWORK@Framework@0|32
2025-11-06 08:38:51,082 DAKOTA_BRIDGE_Driver_1 DEBUG    _get_service_response(REQUEST|fastran_FPP_000001@Driver@1|FRAMEWORK@Framework@0|32)
2025-11-06 08:38:51,150 DAKOTA_BRIDGE_Driver_1 DEBUG    _get_service_response(REQUEST|fastran_FPP_000001@Driver@1|FRAMEWORK@Framework@0|32), response = ServiceResponseMessage(sender_id=FRAMEWORK@Framework@0, receiver_id=fastran_FPP_000001@Driver@1, request_msg_id=REQUEST|fastran_FPP_000001@Driver@1|FRAMEWORK@Framework@0|32,status=0, args=(('fastran_FPP_000001_1917966_0004', fastran_FPP_000001_1917966_0004@fastran_init@28, fastran_FPP_000001_1917966_0004@fastran_driver@29),), message_id=RESPONSE|FRAMEWORK@Framework@0|fastran_FPP_000001@Driver@1|65)
2025-11-06 08:38:51,151 DAKOTA_BRIDGE_Driver_1 DEBUG    Created simulation fastran_FPP_000001_1917966_0004
2025-11-06 08:38:51,151 DAKOTA_BRIDGE_Driver_1 DEBUG    _invoke_service(): processEvents  (2,)
2025-11-06 08:38:51,151 DAKOTA_BRIDGE_Driver_1 DEBUG    _get_service_response(REQUEST|fastran_FPP_000001@Driver@1|FRAMEWORK@Framework@0|33)
2025-11-06 08:38:51,161 DAKOTA_BRIDGE_Driver_1 DEBUG    _get_service_response(REQUEST|fastran_FPP_000001@Driver@1|FRAMEWORK@Framework@0|33), response = ServiceResponseMessage(sender_id=FRAMEWORK@Framework@0, receiver_id=fastran_FPP_000001@Driver@1, request_msg_id=REQUEST|fastran_FPP_000001@Driver@1|FRAMEWORK@Framework@0|33,status=0, args=({2: {'_IPS_DYNAMIC_SIMULATION': [<ipsframework.cca_es_spec.Event object at 0x7ff80292e910>]}},), message_id=RESPONSE|FRAMEWORK@Framework@0|fastran_FPP_000001@Driver@1|68)
2025-11-06 08:38:51,161 DAKOTA_BRIDGE_Driver_1 DEBUG    In Component: Just received {'eventtype': 'IPS_START', 'SIM_NAME': 'fastran_FPP_000001_1917966_0004', 'ok': True}
2025-11-06 08:38:51,161 DAKOTA_BRIDGE_Driver_1 DEBUG    In Component: There are 1 events in self.events_received
2025-11-06 08:38:51,161 DAKOTA_BRIDGE_Driver_1 DEBUG    _invoke_service(): get_config_parameter  ('PORTAL_RUNID',)
2025-11-06 08:38:51,161 DAKOTA_BRIDGE_Driver_1 DEBUG    _get_service_response(REQUEST|fastran_FPP_000001@Driver@1|FRAMEWORK@Framework@0|34)
2025-11-06 08:38:51,174 DAKOTA_BRIDGE_Driver_1 DEBUG    _get_service_response(REQUEST|fastran_FPP_000001@Driver@1|FRAMEWORK@Framework@0|34), response = ServiceResponseMessage(sender_id=FRAMEWORK@Framework@0, receiver_id=fastran_FPP_000001@Driver@1, request_msg_id=REQUEST|fastran_FPP_000001@Driver@1|FRAMEWORK@Framework@0|34,status=0, args=('fastran_FPP_000001_perlmutter_hswils_2025-11-06T08:38:39.434',), message_id=RESPONSE|FRAMEWORK@Framework@0|fastran_FPP_000001@Driver@1|73)
2025-11-06 08:38:51,177 DAKOTA_BRIDGE_Driver_1 DEBUG    _invoke_service(): create_simulation  ('/pscratch/sd/h/hswils/github_repos/MANTA_DBSCANS/angles_scan_HFS_more/SCAN/simulation_1917966_0005.conf', {}, False)
2025-11-06 08:38:51,177 DAKOTA_BRIDGE_Driver_1 DEBUG    create_simulation() msg_id = REQUEST|fastran_FPP_000001@Driver@1|FRAMEWORK@Framework@0|35
2025-11-06 08:38:51,177 DAKOTA_BRIDGE_Driver_1 DEBUG    _get_service_response(REQUEST|fastran_FPP_000001@Driver@1|FRAMEWORK@Framework@0|35)
2025-11-06 08:38:51,291 DAKOTA_BRIDGE_Driver_1 DEBUG    _get_service_response(REQUEST|fastran_FPP_000001@Driver@1|FRAMEWORK@Framework@0|35), response = ServiceResponseMessage(sender_id=FRAMEWORK@Framework@0, receiver_id=fastran_FPP_000001@Driver@1, request_msg_id=REQUEST|fastran_FPP_000001@Driver@1|FRAMEWORK@Framework@0|35,status=0, args=(('fastran_FPP_000001_1917966_0005', fastran_FPP_000001_1917966_0005@fastran_init@34, fastran_FPP_000001_1917966_0005@fastran_driver@35),), message_id=RESPONSE|FRAMEWORK@Framework@0|fastran_FPP_000001@Driver@1|78)
2025-11-06 08:38:51,291 DAKOTA_BRIDGE_Driver_1 DEBUG    Created simulation fastran_FPP_000001_1917966_0005
2025-11-06 08:38:51,291 DAKOTA_BRIDGE_Driver_1 DEBUG    _invoke_service(): processEvents  (2,)
2025-11-06 08:38:51,291 DAKOTA_BRIDGE_Driver_1 DEBUG    _get_service_response(REQUEST|fastran_FPP_000001@Driver@1|FRAMEWORK@Framework@0|36)
2025-11-06 08:38:51,302 DAKOTA_BRIDGE_Driver_1 DEBUG    _get_service_response(REQUEST|fastran_FPP_000001@Driver@1|FRAMEWORK@Framework@0|36), response = ServiceResponseMessage(sender_id=FRAMEWORK@Framework@0, receiver_id=fastran_FPP_000001@Driver@1, request_msg_id=REQUEST|fastran_FPP_000001@Driver@1|FRAMEWORK@Framework@0|36,status=0, args=({2: {'_IPS_DYNAMIC_SIMULATION': [<ipsframework.cca_es_spec.Event object at 0x7ff8028ff040>]}},), message_id=RESPONSE|FRAMEWORK@Framework@0|fastran_FPP_000001@Driver@1|83)
2025-11-06 08:38:51,302 DAKOTA_BRIDGE_Driver_1 DEBUG    In Component: Just received {'eventtype': 'IPS_START', 'SIM_NAME': 'fastran_FPP_000001_1917966_0005', 'ok': True}
2025-11-06 08:38:51,302 DAKOTA_BRIDGE_Driver_1 DEBUG    In Component: There are 1 events in self.events_received
2025-11-06 08:38:51,302 DAKOTA_BRIDGE_Driver_1 DEBUG    _invoke_service(): get_config_parameter  ('PORTAL_RUNID',)
2025-11-06 08:38:51,302 DAKOTA_BRIDGE_Driver_1 DEBUG    _get_service_response(REQUEST|fastran_FPP_000001@Driver@1|FRAMEWORK@Framework@0|37)
2025-11-06 08:38:51,312 DAKOTA_BRIDGE_Driver_1 DEBUG    _get_service_response(REQUEST|fastran_FPP_000001@Driver@1|FRAMEWORK@Framework@0|37), response = ServiceResponseMessage(sender_id=FRAMEWORK@Framework@0, receiver_id=fastran_FPP_000001@Driver@1, request_msg_id=REQUEST|fastran_FPP_000001@Driver@1|FRAMEWORK@Framework@0|37,status=0, args=('fastran_FPP_000001_perlmutter_hswils_2025-11-06T08:38:39.434',), message_id=RESPONSE|FRAMEWORK@Framework@0|fastran_FPP_000001@Driver@1|90)
2025-11-06 08:38:51,317 DAKOTA_BRIDGE_Driver_1 DEBUG    _invoke_service(): create_simulation  ('/pscratch/sd/h/hswils/github_repos/MANTA_DBSCANS/angles_scan_HFS_more/SCAN/simulation_1917966_0006.conf', {}, False)
2025-11-06 08:38:51,317 DAKOTA_BRIDGE_Driver_1 DEBUG    create_simulation() msg_id = REQUEST|fastran_FPP_000001@Driver@1|FRAMEWORK@Framework@0|38
2025-11-06 08:38:51,317 DAKOTA_BRIDGE_Driver_1 DEBUG    _get_service_response(REQUEST|fastran_FPP_000001@Driver@1|FRAMEWORK@Framework@0|38)
2025-11-06 08:38:51,377 DAKOTA_BRIDGE_Driver_1 DEBUG    _get_service_response(REQUEST|fastran_FPP_000001@Driver@1|FRAMEWORK@Framework@0|38), response = ServiceResponseMessage(sender_id=FRAMEWORK@Framework@0, receiver_id=fastran_FPP_000001@Driver@1, request_msg_id=REQUEST|fastran_FPP_000001@Driver@1|FRAMEWORK@Framework@0|38,status=0, args=(('fastran_FPP_000001_1917966_0006', fastran_FPP_000001_1917966_0006@fastran_init@40, fastran_FPP_000001_1917966_0006@fastran_driver@41),), message_id=RESPONSE|FRAMEWORK@Framework@0|fastran_FPP_000001@Driver@1|97)
2025-11-06 08:38:51,377 DAKOTA_BRIDGE_Driver_1 DEBUG    Created simulation fastran_FPP_000001_1917966_0006
2025-11-06 08:38:51,377 DAKOTA_BRIDGE_Driver_1 DEBUG    _invoke_service(): processEvents  (2,)
2025-11-06 08:38:51,377 DAKOTA_BRIDGE_Driver_1 DEBUG    _get_service_response(REQUEST|fastran_FPP_000001@Driver@1|FRAMEWORK@Framework@0|39)
2025-11-06 08:38:51,394 DAKOTA_BRIDGE_Driver_1 DEBUG    _get_service_response(REQUEST|fastran_FPP_000001@Driver@1|FRAMEWORK@Framework@0|39), response = ServiceResponseMessage(sender_id=FRAMEWORK@Framework@0, receiver_id=fastran_FPP_000001@Driver@1, request_msg_id=REQUEST|fastran_FPP_000001@Driver@1|FRAMEWORK@Framework@0|39,status=0, args=({2: {'_IPS_DYNAMIC_SIMULATION': [<ipsframework.cca_es_spec.Event object at 0x7ff8028fc100>]}},), message_id=RESPONSE|FRAMEWORK@Framework@0|fastran_FPP_000001@Driver@1|104)
2025-11-06 08:38:51,394 DAKOTA_BRIDGE_Driver_1 DEBUG    In Component: Just received {'eventtype': 'IPS_START', 'SIM_NAME': 'fastran_FPP_000001_1917966_0006', 'ok': True}
2025-11-06 08:38:51,394 DAKOTA_BRIDGE_Driver_1 DEBUG    In Component: There are 1 events in self.events_received
2025-11-06 08:38:51,394 DAKOTA_BRIDGE_Driver_1 DEBUG    _invoke_service(): get_config_parameter  ('PORTAL_RUNID',)
2025-11-06 08:38:51,394 DAKOTA_BRIDGE_Driver_1 DEBUG    _get_service_response(REQUEST|fastran_FPP_000001@Driver@1|FRAMEWORK@Framework@0|40)
2025-11-06 08:38:51,405 DAKOTA_BRIDGE_Driver_1 DEBUG    _get_service_response(REQUEST|fastran_FPP_000001@Driver@1|FRAMEWORK@Framework@0|40), response = ServiceResponseMessage(sender_id=FRAMEWORK@Framework@0, receiver_id=fastran_FPP_000001@Driver@1, request_msg_id=REQUEST|fastran_FPP_000001@Driver@1|FRAMEWORK@Framework@0|40,status=0, args=('fastran_FPP_000001_perlmutter_hswils_2025-11-06T08:38:39.434',), message_id=RESPONSE|FRAMEWORK@Framework@0|fastran_FPP_000001@Driver@1|112)
2025-11-06 08:38:51,409 DAKOTA_BRIDGE_Driver_1 DEBUG    _invoke_service(): create_simulation  ('/pscratch/sd/h/hswils/github_repos/MANTA_DBSCANS/angles_scan_HFS_more/SCAN/simulation_1917966_0007.conf', {}, False)
2025-11-06 08:38:51,409 DAKOTA_BRIDGE_Driver_1 DEBUG    create_simulation() msg_id = REQUEST|fastran_FPP_000001@Driver@1|FRAMEWORK@Framework@0|41
2025-11-06 08:38:51,409 DAKOTA_BRIDGE_Driver_1 DEBUG    _get_service_response(REQUEST|fastran_FPP_000001@Driver@1|FRAMEWORK@Framework@0|41)
2025-11-06 08:38:51,474 DAKOTA_BRIDGE_Driver_1 DEBUG    _get_service_response(REQUEST|fastran_FPP_000001@Driver@1|FRAMEWORK@Framework@0|41), response = ServiceResponseMessage(sender_id=FRAMEWORK@Framework@0, receiver_id=fastran_FPP_000001@Driver@1, request_msg_id=REQUEST|fastran_FPP_000001@Driver@1|FRAMEWORK@Framework@0|41,status=0, args=(('fastran_FPP_000001_1917966_0007', fastran_FPP_000001_1917966_0007@fastran_init@46, fastran_FPP_000001_1917966_0007@fastran_driver@47),), message_id=RESPONSE|FRAMEWORK@Framework@0|fastran_FPP_000001@Driver@1|120)
2025-11-06 08:38:51,474 DAKOTA_BRIDGE_Driver_1 DEBUG    Created simulation fastran_FPP_000001_1917966_0007
2025-11-06 08:38:51,474 DAKOTA_BRIDGE_Driver_1 DEBUG    _invoke_service(): processEvents  (2,)
2025-11-06 08:38:51,474 DAKOTA_BRIDGE_Driver_1 DEBUG    _get_service_response(REQUEST|fastran_FPP_000001@Driver@1|FRAMEWORK@Framework@0|42)
2025-11-06 08:38:51,485 DAKOTA_BRIDGE_Driver_1 DEBUG    _get_service_response(REQUEST|fastran_FPP_000001@Driver@1|FRAMEWORK@Framework@0|42), response = ServiceResponseMessage(sender_id=FRAMEWORK@Framework@0, receiver_id=fastran_FPP_000001@Driver@1, request_msg_id=REQUEST|fastran_FPP_000001@Driver@1|FRAMEWORK@Framework@0|42,status=0, args=({2: {'_IPS_DYNAMIC_SIMULATION': [<ipsframework.cca_es_spec.Event object at 0x7ff8029000a0>]}},), message_id=RESPONSE|FRAMEWORK@Framework@0|fastran_FPP_000001@Driver@1|127)
2025-11-06 08:38:51,485 DAKOTA_BRIDGE_Driver_1 DEBUG    In Component: Just received {'eventtype': 'IPS_START', 'SIM_NAME': 'fastran_FPP_000001_1917966_0007', 'ok': True}
2025-11-06 08:38:51,485 DAKOTA_BRIDGE_Driver_1 DEBUG    In Component: There are 1 events in self.events_received
2025-11-06 08:38:51,485 DAKOTA_BRIDGE_Driver_1 DEBUG    _invoke_service(): get_config_parameter  ('PORTAL_RUNID',)
2025-11-06 08:38:51,485 DAKOTA_BRIDGE_Driver_1 DEBUG    _get_service_response(REQUEST|fastran_FPP_000001@Driver@1|FRAMEWORK@Framework@0|43)
2025-11-06 08:38:51,496 DAKOTA_BRIDGE_Driver_1 DEBUG    _get_service_response(REQUEST|fastran_FPP_000001@Driver@1|FRAMEWORK@Framework@0|43), response = ServiceResponseMessage(sender_id=FRAMEWORK@Framework@0, receiver_id=fastran_FPP_000001@Driver@1, request_msg_id=REQUEST|fastran_FPP_000001@Driver@1|FRAMEWORK@Framework@0|43,status=0, args=('fastran_FPP_000001_perlmutter_hswils_2025-11-06T08:38:39.434',), message_id=RESPONSE|FRAMEWORK@Framework@0|fastran_FPP_000001@Driver@1|134)
2025-11-06 08:38:51,499 DAKOTA_BRIDGE_Driver_1 DEBUG    _invoke_service(): create_simulation  ('/pscratch/sd/h/hswils/github_repos/MANTA_DBSCANS/angles_scan_HFS_more/SCAN/simulation_1917966_0008.conf', {}, False)
2025-11-06 08:38:51,500 DAKOTA_BRIDGE_Driver_1 DEBUG    create_simulation() msg_id = REQUEST|fastran_FPP_000001@Driver@1|FRAMEWORK@Framework@0|44
2025-11-06 08:38:51,500 DAKOTA_BRIDGE_Driver_1 DEBUG    _get_service_response(REQUEST|fastran_FPP_000001@Driver@1|FRAMEWORK@Framework@0|44)
2025-11-06 08:38:51,567 DAKOTA_BRIDGE_Driver_1 DEBUG    _get_service_response(REQUEST|fastran_FPP_000001@Driver@1|FRAMEWORK@Framework@0|44), response = ServiceResponseMessage(sender_id=FRAMEWORK@Framework@0, receiver_id=fastran_FPP_000001@Driver@1, request_msg_id=REQUEST|fastran_FPP_000001@Driver@1|FRAMEWORK@Framework@0|44,status=0, args=(('fastran_FPP_000001_1917966_0008', fastran_FPP_000001_1917966_0008@fastran_init@52, fastran_FPP_000001_1917966_0008@fastran_driver@53),), message_id=RESPONSE|FRAMEWORK@Framework@0|fastran_FPP_000001@Driver@1|147)
2025-11-06 08:38:51,567 DAKOTA_BRIDGE_Driver_1 DEBUG    Created simulation fastran_FPP_000001_1917966_0008
2025-11-06 08:38:52,068 DAKOTA_BRIDGE_Driver_1 DEBUG    _invoke_service(): processEvents  (2,)
2025-11-06 08:38:52,068 DAKOTA_BRIDGE_Driver_1 DEBUG    _get_service_response(REQUEST|fastran_FPP_000001@Driver@1|FRAMEWORK@Framework@0|45)
2025-11-06 08:38:52,079 DAKOTA_BRIDGE_Driver_1 DEBUG    _get_service_response(REQUEST|fastran_FPP_000001@Driver@1|FRAMEWORK@Framework@0|45), response = ServiceResponseMessage(sender_id=FRAMEWORK@Framework@0, receiver_id=fastran_FPP_000001@Driver@1, request_msg_id=REQUEST|fastran_FPP_000001@Driver@1|FRAMEWORK@Framework@0|45,status=0, args=({2: {'_IPS_DYNAMIC_SIMULATION': [<ipsframework.cca_es_spec.Event object at 0x7ff802900070>]}},), message_id=RESPONSE|FRAMEWORK@Framework@0|fastran_FPP_000001@Driver@1|286)
2025-11-06 08:38:52,079 DAKOTA_BRIDGE_Driver_1 DEBUG    In Component: Just received {'eventtype': 'IPS_START', 'SIM_NAME': 'fastran_FPP_000001_1917966_0008', 'ok': True}
2025-11-06 08:38:52,079 DAKOTA_BRIDGE_Driver_1 DEBUG    In Component: There are 1 events in self.events_received
2025-11-06 08:38:52,579 DAKOTA_BRIDGE_Driver_1 DEBUG    _invoke_service(): processEvents  (2,)
2025-11-06 08:38:52,580 DAKOTA_BRIDGE_Driver_1 DEBUG    _get_service_response(REQUEST|fastran_FPP_000001@Driver@1|FRAMEWORK@Framework@0|46)
2025-11-06 08:38:52,590 DAKOTA_BRIDGE_Driver_1 DEBUG    _get_service_response(REQUEST|fastran_FPP_000001@Driver@1|FRAMEWORK@Framework@0|46), response = ServiceResponseMessage(sender_id=FRAMEWORK@Framework@0, receiver_id=fastran_FPP_000001@Driver@1, request_msg_id=REQUEST|fastran_FPP_000001@Driver@1|FRAMEWORK@Framework@0|46,status=0, args=({2: {'_IPS_DYNAMIC_SIMULATION': []}},), message_id=RESPONSE|FRAMEWORK@Framework@0|fastran_FPP_000001@Driver@1|288)
2025-11-06 08:38:53,091 DAKOTA_BRIDGE_Driver_1 DEBUG    _invoke_service(): processEvents  (2,)
2025-11-06 08:38:53,091 DAKOTA_BRIDGE_Driver_1 DEBUG    _get_service_response(REQUEST|fastran_FPP_000001@Driver@1|FRAMEWORK@Framework@0|47)
2025-11-06 08:38:53,102 DAKOTA_BRIDGE_Driver_1 DEBUG    _get_service_response(REQUEST|fastran_FPP_000001@Driver@1|FRAMEWORK@Framework@0|47), response = ServiceResponseMessage(sender_id=FRAMEWORK@Framework@0, receiver_id=fastran_FPP_000001@Driver@1, request_msg_id=REQUEST|fastran_FPP_000001@Driver@1|FRAMEWORK@Framework@0|47,status=0, args=({2: {'_IPS_DYNAMIC_SIMULATION': []}},), message_id=RESPONSE|FRAMEWORK@Framework@0|fastran_FPP_000001@Driver@1|290)
2025-11-06 08:38:53,603 DAKOTA_BRIDGE_Driver_1 DEBUG    _invoke_service(): processEvents  (2,)
2025-11-06 08:38:53,603 DAKOTA_BRIDGE_Driver_1 DEBUG    _get_service_response(REQUEST|fastran_FPP_000001@Driver@1|FRAMEWORK@Framework@0|48)
2025-11-06 08:38:53,639 DAKOTA_BRIDGE_Driver_1 DEBUG    _get_service_response(REQUEST|fastran_FPP_000001@Driver@1|FRAMEWORK@Framework@0|48), response = ServiceResponseMessage(sender_id=FRAMEWORK@Framework@0, receiver_id=fastran_FPP_000001@Driver@1, request_msg_id=REQUEST|fastran_FPP_000001@Driver@1|FRAMEWORK@Framework@0|48,status=0, args=({2: {'_IPS_DYNAMIC_SIMULATION': []}},), message_id=RESPONSE|FRAMEWORK@Framework@0|fastran_FPP_000001@Driver@1|489)
2025-11-06 08:38:54,140 DAKOTA_BRIDGE_Driver_1 DEBUG    _invoke_service(): processEvents  (2,)
2025-11-06 08:38:54,140 DAKOTA_BRIDGE_Driver_1 DEBUG    _get_service_response(REQUEST|fastran_FPP_000001@Driver@1|FRAMEWORK@Framework@0|49)
2025-11-06 08:38:54,151 DAKOTA_BRIDGE_Driver_1 DEBUG    _get_service_response(REQUEST|fastran_FPP_000001@Driver@1|FRAMEWORK@Framework@0|49), response = ServiceResponseMessage(sender_id=FRAMEWORK@Framework@0, receiver_id=fastran_FPP_000001@Driver@1, request_msg_id=REQUEST|fastran_FPP_000001@Driver@1|FRAMEWORK@Framework@0|49,status=0, args=({2: {'_IPS_DYNAMIC_SIMULATION': []}},), message_id=RESPONSE|FRAMEWORK@Framework@0|fastran_FPP_000001@Driver@1|645)
2025-11-06 08:38:54,652 DAKOTA_BRIDGE_Driver_1 DEBUG    _invoke_service(): processEvents  (2,)
2025-11-06 08:38:54,652 DAKOTA_BRIDGE_Driver_1 DEBUG    _get_service_response(REQUEST|fastran_FPP_000001@Driver@1|FRAMEWORK@Framework@0|50)
2025-11-06 08:38:54,663 DAKOTA_BRIDGE_Driver_1 DEBUG    _get_service_response(REQUEST|fastran_FPP_000001@Driver@1|FRAMEWORK@Framework@0|50), response = ServiceResponseMessage(sender_id=FRAMEWORK@Framework@0, receiver_id=fastran_FPP_000001@Driver@1, request_msg_id=REQUEST|fastran_FPP_000001@Driver@1|FRAMEWORK@Framework@0|50,status=0, args=({2: {'_IPS_DYNAMIC_SIMULATION': []}},), message_id=RESPONSE|FRAMEWORK@Framework@0|fastran_FPP_000001@Driver@1|647)
2025-11-06 08:38:55,163 DAKOTA_BRIDGE_Driver_1 DEBUG    _invoke_service(): processEvents  (2,)
2025-11-06 08:38:55,163 DAKOTA_BRIDGE_Driver_1 DEBUG    _get_service_response(REQUEST|fastran_FPP_000001@Driver@1|FRAMEWORK@Framework@0|51)
2025-11-06 08:38:55,174 DAKOTA_BRIDGE_Driver_1 DEBUG    _get_service_response(REQUEST|fastran_FPP_000001@Driver@1|FRAMEWORK@Framework@0|51), response = ServiceResponseMessage(sender_id=FRAMEWORK@Framework@0, receiver_id=fastran_FPP_000001@Driver@1, request_msg_id=REQUEST|fastran_FPP_000001@Driver@1|FRAMEWORK@Framework@0|51,status=0, args=({2: {'_IPS_DYNAMIC_SIMULATION': []}},), message_id=RESPONSE|FRAMEWORK@Framework@0|fastran_FPP_000001@Driver@1|649)
2025-11-06 08:38:55,675 DAKOTA_BRIDGE_Driver_1 DEBUG    _invoke_service(): processEvents  (2,)
2025-11-06 08:38:55,675 DAKOTA_BRIDGE_Driver_1 DEBUG    _get_service_response(REQUEST|fastran_FPP_000001@Driver@1|FRAMEWORK@Framework@0|52)
2025-11-06 08:38:55,685 DAKOTA_BRIDGE_Driver_1 DEBUG    _get_service_response(REQUEST|fastran_FPP_000001@Driver@1|FRAMEWORK@Framework@0|52), response = ServiceResponseMessage(sender_id=FRAMEWORK@Framework@0, receiver_id=fastran_FPP_000001@Driver@1, request_msg_id=REQUEST|fastran_FPP_000001@Driver@1|FRAMEWORK@Framework@0|52,status=0, args=({2: {'_IPS_DYNAMIC_SIMULATION': []}},), message_id=RESPONSE|FRAMEWORK@Framework@0|fastran_FPP_000001@Driver@1|651)
2025-11-06 08:38:56,186 DAKOTA_BRIDGE_Driver_1 DEBUG    _invoke_service(): processEvents  (2,)
2025-11-06 08:38:56,186 DAKOTA_BRIDGE_Driver_1 DEBUG    _get_service_response(REQUEST|fastran_FPP_000001@Driver@1|FRAMEWORK@Framework@0|53)
2025-11-06 08:38:56,197 DAKOTA_BRIDGE_Driver_1 DEBUG    _get_service_response(REQUEST|fastran_FPP_000001@Driver@1|FRAMEWORK@Framework@0|53), response = ServiceResponseMessage(sender_id=FRAMEWORK@Framework@0, receiver_id=fastran_FPP_000001@Driver@1, request_msg_id=REQUEST|fastran_FPP_000001@Driver@1|FRAMEWORK@Framework@0|53,status=0, args=({2: {'_IPS_DYNAMIC_SIMULATION': []}},), message_id=RESPONSE|FRAMEWORK@Framework@0|fastran_FPP_000001@Driver@1|653)
2025-11-06 08:38:56,698 DAKOTA_BRIDGE_Driver_1 DEBUG    _invoke_service(): processEvents  (2,)
2025-11-06 08:38:56,698 DAKOTA_BRIDGE_Driver_1 DEBUG    _get_service_response(REQUEST|fastran_FPP_000001@Driver@1|FRAMEWORK@Framework@0|54)
2025-11-06 08:38:56,709 DAKOTA_BRIDGE_Driver_1 DEBUG    _get_service_response(REQUEST|fastran_FPP_000001@Driver@1|FRAMEWORK@Framework@0|54), response = ServiceResponseMessage(sender_id=FRAMEWORK@Framework@0, receiver_id=fastran_FPP_000001@Driver@1, request_msg_id=REQUEST|fastran_FPP_000001@Driver@1|FRAMEWORK@Framework@0|54,status=0, args=({2: {'_IPS_DYNAMIC_SIMULATION': []}},), message_id=RESPONSE|FRAMEWORK@Framework@0|fastran_FPP_000001@Driver@1|655)
2025-11-06 08:38:57,210 DAKOTA_BRIDGE_Driver_1 DEBUG    _invoke_service(): processEvents  (2,)
2025-11-06 08:38:57,210 DAKOTA_BRIDGE_Driver_1 DEBUG    _get_service_response(REQUEST|fastran_FPP_000001@Driver@1|FRAMEWORK@Framework@0|55)
2025-11-06 08:38:57,221 DAKOTA_BRIDGE_Driver_1 DEBUG    _get_service_response(REQUEST|fastran_FPP_000001@Driver@1|FRAMEWORK@Framework@0|55), response = ServiceResponseMessage(sender_id=FRAMEWORK@Framework@0, receiver_id=fastran_FPP_000001@Driver@1, request_msg_id=REQUEST|fastran_FPP_000001@Driver@1|FRAMEWORK@Framework@0|55,status=0, args=({2: {'_IPS_DYNAMIC_SIMULATION': []}},), message_id=RESPONSE|FRAMEWORK@Framework@0|fastran_FPP_000001@Driver@1|657)
2025-11-06 08:38:57,721 DAKOTA_BRIDGE_Driver_1 DEBUG    _invoke_service(): processEvents  (2,)
2025-11-06 08:38:57,721 DAKOTA_BRIDGE_Driver_1 DEBUG    _get_service_response(REQUEST|fastran_FPP_000001@Driver@1|FRAMEWORK@Framework@0|56)
2025-11-06 08:38:57,732 DAKOTA_BRIDGE_Driver_1 DEBUG    _get_service_response(REQUEST|fastran_FPP_000001@Driver@1|FRAMEWORK@Framework@0|56), response = ServiceResponseMessage(sender_id=FRAMEWORK@Framework@0, receiver_id=fastran_FPP_000001@Driver@1, request_msg_id=REQUEST|fastran_FPP_000001@Driver@1|FRAMEWORK@Framework@0|56,status=0, args=({2: {'_IPS_DYNAMIC_SIMULATION': []}},), message_id=RESPONSE|FRAMEWORK@Framework@0|fastran_FPP_000001@Driver@1|659)
2025-11-06 08:38:58,233 DAKOTA_BRIDGE_Driver_1 DEBUG    _invoke_service(): processEvents  (2,)
2025-11-06 08:38:58,233 DAKOTA_BRIDGE_Driver_1 DEBUG    _get_service_response(REQUEST|fastran_FPP_000001@Driver@1|FRAMEWORK@Framework@0|57)
2025-11-06 08:38:58,244 DAKOTA_BRIDGE_Driver_1 DEBUG    _get_service_response(REQUEST|fastran_FPP_000001@Driver@1|FRAMEWORK@Framework@0|57), response = ServiceResponseMessage(sender_id=FRAMEWORK@Framework@0, receiver_id=fastran_FPP_000001@Driver@1, request_msg_id=REQUEST|fastran_FPP_000001@Driver@1|FRAMEWORK@Framework@0|57,status=0, args=({2: {'_IPS_DYNAMIC_SIMULATION': []}},), message_id=RESPONSE|FRAMEWORK@Framework@0|fastran_FPP_000001@Driver@1|661)
2025-11-06 08:38:58,745 DAKOTA_BRIDGE_Driver_1 DEBUG    _invoke_service(): processEvents  (2,)
2025-11-06 08:38:58,745 DAKOTA_BRIDGE_Driver_1 DEBUG    _get_service_response(REQUEST|fastran_FPP_000001@Driver@1|FRAMEWORK@Framework@0|58)
2025-11-06 08:38:58,756 DAKOTA_BRIDGE_Driver_1 DEBUG    _get_service_response(REQUEST|fastran_FPP_000001@Driver@1|FRAMEWORK@Framework@0|58), response = ServiceResponseMessage(sender_id=FRAMEWORK@Framework@0, receiver_id=fastran_FPP_000001@Driver@1, request_msg_id=REQUEST|fastran_FPP_000001@Driver@1|FRAMEWORK@Framework@0|58,status=0, args=({2: {'_IPS_DYNAMIC_SIMULATION': []}},), message_id=RESPONSE|FRAMEWORK@Framework@0|fastran_FPP_000001@Driver@1|663)
2025-11-06 08:38:59,257 DAKOTA_BRIDGE_Driver_1 DEBUG    _invoke_service(): processEvents  (2,)
2025-11-06 08:38:59,257 DAKOTA_BRIDGE_Driver_1 DEBUG    _get_service_response(REQUEST|fastran_FPP_000001@Driver@1|FRAMEWORK@Framework@0|59)
2025-11-06 08:38:59,268 DAKOTA_BRIDGE_Driver_1 DEBUG    _get_service_response(REQUEST|fastran_FPP_000001@Driver@1|FRAMEWORK@Framework@0|59), response = ServiceResponseMessage(sender_id=FRAMEWORK@Framework@0, receiver_id=fastran_FPP_000001@Driver@1, request_msg_id=REQUEST|fastran_FPP_000001@Driver@1|FRAMEWORK@Framework@0|59,status=0, args=({2: {'_IPS_DYNAMIC_SIMULATION': []}},), message_id=RESPONSE|FRAMEWORK@Framework@0|fastran_FPP_000001@Driver@1|665)
2025-11-06 08:38:59,768 DAKOTA_BRIDGE_Driver_1 DEBUG    _invoke_service(): processEvents  (2,)
2025-11-06 08:38:59,769 DAKOTA_BRIDGE_Driver_1 DEBUG    _get_service_response(REQUEST|fastran_FPP_000001@Driver@1|FRAMEWORK@Framework@0|60)
2025-11-06 08:38:59,779 DAKOTA_BRIDGE_Driver_1 DEBUG    _get_service_response(REQUEST|fastran_FPP_000001@Driver@1|FRAMEWORK@Framework@0|60), response = ServiceResponseMessage(sender_id=FRAMEWORK@Framework@0, receiver_id=fastran_FPP_000001@Driver@1, request_msg_id=REQUEST|fastran_FPP_000001@Driver@1|FRAMEWORK@Framework@0|60,status=0, args=({2: {'_IPS_DYNAMIC_SIMULATION': []}},), message_id=RESPONSE|FRAMEWORK@Framework@0|fastran_FPP_000001@Driver@1|667)
2025-11-06 08:39:00,280 DAKOTA_BRIDGE_Driver_1 DEBUG    _invoke_service(): processEvents  (2,)
2025-11-06 08:39:00,280 DAKOTA_BRIDGE_Driver_1 DEBUG    _get_service_response(REQUEST|fastran_FPP_000001@Driver@1|FRAMEWORK@Framework@0|61)
2025-11-06 08:39:00,291 DAKOTA_BRIDGE_Driver_1 DEBUG    _get_service_response(REQUEST|fastran_FPP_000001@Driver@1|FRAMEWORK@Framework@0|61), response = ServiceResponseMessage(sender_id=FRAMEWORK@Framework@0, receiver_id=fastran_FPP_000001@Driver@1, request_msg_id=REQUEST|fastran_FPP_000001@Driver@1|FRAMEWORK@Framework@0|61,status=0, args=({2: {'_IPS_DYNAMIC_SIMULATION': []}},), message_id=RESPONSE|FRAMEWORK@Framework@0|fastran_FPP_000001@Driver@1|669)
2025-11-06 08:39:00,791 DAKOTA_BRIDGE_Driver_1 DEBUG    _invoke_service(): processEvents  (2,)
2025-11-06 08:39:00,792 DAKOTA_BRIDGE_Driver_1 DEBUG    _get_service_response(REQUEST|fastran_FPP_000001@Driver@1|FRAMEWORK@Framework@0|62)
2025-11-06 08:39:00,802 DAKOTA_BRIDGE_Driver_1 DEBUG    _get_service_response(REQUEST|fastran_FPP_000001@Driver@1|FRAMEWORK@Framework@0|62), response = ServiceResponseMessage(sender_id=FRAMEWORK@Framework@0, receiver_id=fastran_FPP_000001@Driver@1, request_msg_id=REQUEST|fastran_FPP_000001@Driver@1|FRAMEWORK@Framework@0|62,status=0, args=({2: {'_IPS_DYNAMIC_SIMULATION': []}},), message_id=RESPONSE|FRAMEWORK@Framework@0|fastran_FPP_000001@Driver@1|671)
2025-11-06 08:39:01,303 DAKOTA_BRIDGE_Driver_1 DEBUG    _invoke_service(): processEvents  (2,)
2025-11-06 08:39:01,303 DAKOTA_BRIDGE_Driver_1 DEBUG    _get_service_response(REQUEST|fastran_FPP_000001@Driver@1|FRAMEWORK@Framework@0|63)
2025-11-06 08:39:01,314 DAKOTA_BRIDGE_Driver_1 DEBUG    _get_service_response(REQUEST|fastran_FPP_000001@Driver@1|FRAMEWORK@Framework@0|63), response = ServiceResponseMessage(sender_id=FRAMEWORK@Framework@0, receiver_id=fastran_FPP_000001@Driver@1, request_msg_id=REQUEST|fastran_FPP_000001@Driver@1|FRAMEWORK@Framework@0|63,status=0, args=({2: {'_IPS_DYNAMIC_SIMULATION': []}},), message_id=RESPONSE|FRAMEWORK@Framework@0|fastran_FPP_000001@Driver@1|673)
2025-11-06 08:39:01,815 DAKOTA_BRIDGE_Driver_1 DEBUG    _invoke_service(): processEvents  (2,)
2025-11-06 08:39:01,815 DAKOTA_BRIDGE_Driver_1 DEBUG    _get_service_response(REQUEST|fastran_FPP_000001@Driver@1|FRAMEWORK@Framework@0|64)
2025-11-06 08:39:01,826 DAKOTA_BRIDGE_Driver_1 DEBUG    _get_service_response(REQUEST|fastran_FPP_000001@Driver@1|FRAMEWORK@Framework@0|64), response = ServiceResponseMessage(sender_id=FRAMEWORK@Framework@0, receiver_id=fastran_FPP_000001@Driver@1, request_msg_id=REQUEST|fastran_FPP_000001@Driver@1|FRAMEWORK@Framework@0|64,status=0, args=({2: {'_IPS_DYNAMIC_SIMULATION': []}},), message_id=RESPONSE|FRAMEWORK@Framework@0|fastran_FPP_000001@Driver@1|675)
2025-11-06 08:39:02,326 DAKOTA_BRIDGE_Driver_1 DEBUG    _invoke_service(): processEvents  (2,)
2025-11-06 08:39:02,327 DAKOTA_BRIDGE_Driver_1 DEBUG    _get_service_response(REQUEST|fastran_FPP_000001@Driver@1|FRAMEWORK@Framework@0|65)
2025-11-06 08:39:02,338 DAKOTA_BRIDGE_Driver_1 DEBUG    _get_service_response(REQUEST|fastran_FPP_000001@Driver@1|FRAMEWORK@Framework@0|65), response = ServiceResponseMessage(sender_id=FRAMEWORK@Framework@0, receiver_id=fastran_FPP_000001@Driver@1, request_msg_id=REQUEST|fastran_FPP_000001@Driver@1|FRAMEWORK@Framework@0|65,status=0, args=({2: {'_IPS_DYNAMIC_SIMULATION': []}},), message_id=RESPONSE|FRAMEWORK@Framework@0|fastran_FPP_000001@Driver@1|677)
2025-11-06 08:39:02,838 DAKOTA_BRIDGE_Driver_1 DEBUG    _invoke_service(): processEvents  (2,)
2025-11-06 08:39:02,838 DAKOTA_BRIDGE_Driver_1 DEBUG    _get_service_response(REQUEST|fastran_FPP_000001@Driver@1|FRAMEWORK@Framework@0|66)
2025-11-06 08:39:02,849 DAKOTA_BRIDGE_Driver_1 DEBUG    _get_service_response(REQUEST|fastran_FPP_000001@Driver@1|FRAMEWORK@Framework@0|66), response = ServiceResponseMessage(sender_id=FRAMEWORK@Framework@0, receiver_id=fastran_FPP_000001@Driver@1, request_msg_id=REQUEST|fastran_FPP_000001@Driver@1|FRAMEWORK@Framework@0|66,status=0, args=({2: {'_IPS_DYNAMIC_SIMULATION': []}},), message_id=RESPONSE|FRAMEWORK@Framework@0|fastran_FPP_000001@Driver@1|679)
2025-11-06 08:39:03,350 DAKOTA_BRIDGE_Driver_1 DEBUG    _invoke_service(): processEvents  (2,)
2025-11-06 08:39:03,350 DAKOTA_BRIDGE_Driver_1 DEBUG    _get_service_response(REQUEST|fastran_FPP_000001@Driver@1|FRAMEWORK@Framework@0|67)
2025-11-06 08:39:03,361 DAKOTA_BRIDGE_Driver_1 DEBUG    _get_service_response(REQUEST|fastran_FPP_000001@Driver@1|FRAMEWORK@Framework@0|67), response = ServiceResponseMessage(sender_id=FRAMEWORK@Framework@0, receiver_id=fastran_FPP_000001@Driver@1, request_msg_id=REQUEST|fastran_FPP_000001@Driver@1|FRAMEWORK@Framework@0|67,status=0, args=({2: {'_IPS_DYNAMIC_SIMULATION': []}},), message_id=RESPONSE|FRAMEWORK@Framework@0|fastran_FPP_000001@Driver@1|681)
2025-11-06 08:39:03,862 DAKOTA_BRIDGE_Driver_1 DEBUG    _invoke_service(): processEvents  (2,)
2025-11-06 08:39:03,862 DAKOTA_BRIDGE_Driver_1 DEBUG    _get_service_response(REQUEST|fastran_FPP_000001@Driver@1|FRAMEWORK@Framework@0|68)
2025-11-06 08:39:03,873 DAKOTA_BRIDGE_Driver_1 DEBUG    _get_service_response(REQUEST|fastran_FPP_000001@Driver@1|FRAMEWORK@Framework@0|68), response = ServiceResponseMessage(sender_id=FRAMEWORK@Framework@0, receiver_id=fastran_FPP_000001@Driver@1, request_msg_id=REQUEST|fastran_FPP_000001@Driver@1|FRAMEWORK@Framework@0|68,status=0, args=({2: {'_IPS_DYNAMIC_SIMULATION': []}},), message_id=RESPONSE|FRAMEWORK@Framework@0|fastran_FPP_000001@Driver@1|683)
2025-11-06 08:39:04,374 DAKOTA_BRIDGE_Driver_1 DEBUG    _invoke_service(): processEvents  (2,)
2025-11-06 08:39:04,374 DAKOTA_BRIDGE_Driver_1 DEBUG    _get_service_response(REQUEST|fastran_FPP_000001@Driver@1|FRAMEWORK@Framework@0|69)
2025-11-06 08:39:04,385 DAKOTA_BRIDGE_Driver_1 DEBUG    _get_service_response(REQUEST|fastran_FPP_000001@Driver@1|FRAMEWORK@Framework@0|69), response = ServiceResponseMessage(sender_id=FRAMEWORK@Framework@0, receiver_id=fastran_FPP_000001@Driver@1, request_msg_id=REQUEST|fastran_FPP_000001@Driver@1|FRAMEWORK@Framework@0|69,status=0, args=({2: {'_IPS_DYNAMIC_SIMULATION': []}},), message_id=RESPONSE|FRAMEWORK@Framework@0|fastran_FPP_000001@Driver@1|685)
2025-11-06 08:39:04,885 DAKOTA_BRIDGE_Driver_1 DEBUG    _invoke_service(): processEvents  (2,)
2025-11-06 08:39:04,886 DAKOTA_BRIDGE_Driver_1 DEBUG    _get_service_response(REQUEST|fastran_FPP_000001@Driver@1|FRAMEWORK@Framework@0|70)
2025-11-06 08:39:04,896 DAKOTA_BRIDGE_Driver_1 DEBUG    _get_service_response(REQUEST|fastran_FPP_000001@Driver@1|FRAMEWORK@Framework@0|70), response = ServiceResponseMessage(sender_id=FRAMEWORK@Framework@0, receiver_id=fastran_FPP_000001@Driver@1, request_msg_id=REQUEST|fastran_FPP_000001@Driver@1|FRAMEWORK@Framework@0|70,status=0, args=({2: {'_IPS_DYNAMIC_SIMULATION': []}},), message_id=RESPONSE|FRAMEWORK@Framework@0|fastran_FPP_000001@Driver@1|687)
2025-11-06 08:39:05,397 DAKOTA_BRIDGE_Driver_1 DEBUG    _invoke_service(): processEvents  (2,)
2025-11-06 08:39:05,397 DAKOTA_BRIDGE_Driver_1 DEBUG    _get_service_response(REQUEST|fastran_FPP_000001@Driver@1|FRAMEWORK@Framework@0|71)
2025-11-06 08:39:05,408 DAKOTA_BRIDGE_Driver_1 DEBUG    _get_service_response(REQUEST|fastran_FPP_000001@Driver@1|FRAMEWORK@Framework@0|71), response = ServiceResponseMessage(sender_id=FRAMEWORK@Framework@0, receiver_id=fastran_FPP_000001@Driver@1, request_msg_id=REQUEST|fastran_FPP_000001@Driver@1|FRAMEWORK@Framework@0|71,status=0, args=({2: {'_IPS_DYNAMIC_SIMULATION': []}},), message_id=RESPONSE|FRAMEWORK@Framework@0|fastran_FPP_000001@Driver@1|689)
2025-11-06 08:39:05,909 DAKOTA_BRIDGE_Driver_1 DEBUG    _invoke_service(): processEvents  (2,)
2025-11-06 08:39:05,909 DAKOTA_BRIDGE_Driver_1 DEBUG    _get_service_response(REQUEST|fastran_FPP_000001@Driver@1|FRAMEWORK@Framework@0|72)
2025-11-06 08:39:05,920 DAKOTA_BRIDGE_Driver_1 DEBUG    _get_service_response(REQUEST|fastran_FPP_000001@Driver@1|FRAMEWORK@Framework@0|72), response = ServiceResponseMessage(sender_id=FRAMEWORK@Framework@0, receiver_id=fastran_FPP_000001@Driver@1, request_msg_id=REQUEST|fastran_FPP_000001@Driver@1|FRAMEWORK@Framework@0|72,status=0, args=({2: {'_IPS_DYNAMIC_SIMULATION': []}},), message_id=RESPONSE|FRAMEWORK@Framework@0|fastran_FPP_000001@Driver@1|691)
2025-11-06 08:39:06,421 DAKOTA_BRIDGE_Driver_1 DEBUG    _invoke_service(): processEvents  (2,)
2025-11-06 08:39:06,421 DAKOTA_BRIDGE_Driver_1 DEBUG    _get_service_response(REQUEST|fastran_FPP_000001@Driver@1|FRAMEWORK@Framework@0|73)
2025-11-06 08:39:06,432 DAKOTA_BRIDGE_Driver_1 DEBUG    _get_service_response(REQUEST|fastran_FPP_000001@Driver@1|FRAMEWORK@Framework@0|73), response = ServiceResponseMessage(sender_id=FRAMEWORK@Framework@0, receiver_id=fastran_FPP_000001@Driver@1, request_msg_id=REQUEST|fastran_FPP_000001@Driver@1|FRAMEWORK@Framework@0|73,status=0, args=({2: {'_IPS_DYNAMIC_SIMULATION': []}},), message_id=RESPONSE|FRAMEWORK@Framework@0|fastran_FPP_000001@Driver@1|693)
2025-11-06 08:39:06,932 DAKOTA_BRIDGE_Driver_1 DEBUG    _invoke_service(): processEvents  (2,)
2025-11-06 08:39:06,933 DAKOTA_BRIDGE_Driver_1 DEBUG    _get_service_response(REQUEST|fastran_FPP_000001@Driver@1|FRAMEWORK@Framework@0|74)
2025-11-06 08:39:06,943 DAKOTA_BRIDGE_Driver_1 DEBUG    _get_service_response(REQUEST|fastran_FPP_000001@Driver@1|FRAMEWORK@Framework@0|74), response = ServiceResponseMessage(sender_id=FRAMEWORK@Framework@0, receiver_id=fastran_FPP_000001@Driver@1, request_msg_id=REQUEST|fastran_FPP_000001@Driver@1|FRAMEWORK@Framework@0|74,status=0, args=({2: {'_IPS_DYNAMIC_SIMULATION': []}},), message_id=RESPONSE|FRAMEWORK@Framework@0|fastran_FPP_000001@Driver@1|695)
2025-11-06 08:39:07,444 DAKOTA_BRIDGE_Driver_1 DEBUG    _invoke_service(): processEvents  (2,)
2025-11-06 08:39:07,444 DAKOTA_BRIDGE_Driver_1 DEBUG    _get_service_response(REQUEST|fastran_FPP_000001@Driver@1|FRAMEWORK@Framework@0|75)
2025-11-06 08:39:07,455 DAKOTA_BRIDGE_Driver_1 DEBUG    _get_service_response(REQUEST|fastran_FPP_000001@Driver@1|FRAMEWORK@Framework@0|75), response = ServiceResponseMessage(sender_id=FRAMEWORK@Framework@0, receiver_id=fastran_FPP_000001@Driver@1, request_msg_id=REQUEST|fastran_FPP_000001@Driver@1|FRAMEWORK@Framework@0|75,status=0, args=({2: {'_IPS_DYNAMIC_SIMULATION': []}},), message_id=RESPONSE|FRAMEWORK@Framework@0|fastran_FPP_000001@Driver@1|697)
2025-11-06 08:39:07,955 DAKOTA_BRIDGE_Driver_1 DEBUG    _invoke_service(): processEvents  (2,)
2025-11-06 08:39:07,955 DAKOTA_BRIDGE_Driver_1 DEBUG    _get_service_response(REQUEST|fastran_FPP_000001@Driver@1|FRAMEWORK@Framework@0|76)
2025-11-06 08:39:07,966 DAKOTA_BRIDGE_Driver_1 DEBUG    _get_service_response(REQUEST|fastran_FPP_000001@Driver@1|FRAMEWORK@Framework@0|76), response = ServiceResponseMessage(sender_id=FRAMEWORK@Framework@0, receiver_id=fastran_FPP_000001@Driver@1, request_msg_id=REQUEST|fastran_FPP_000001@Driver@1|FRAMEWORK@Framework@0|76,status=0, args=({2: {'_IPS_DYNAMIC_SIMULATION': []}},), message_id=RESPONSE|FRAMEWORK@Framework@0|fastran_FPP_000001@Driver@1|699)
2025-11-06 08:39:08,467 DAKOTA_BRIDGE_Driver_1 DEBUG    _invoke_service(): processEvents  (2,)
2025-11-06 08:39:08,467 DAKOTA_BRIDGE_Driver_1 DEBUG    _get_service_response(REQUEST|fastran_FPP_000001@Driver@1|FRAMEWORK@Framework@0|77)
2025-11-06 08:39:08,478 DAKOTA_BRIDGE_Driver_1 DEBUG    _get_service_response(REQUEST|fastran_FPP_000001@Driver@1|FRAMEWORK@Framework@0|77), response = ServiceResponseMessage(sender_id=FRAMEWORK@Framework@0, receiver_id=fastran_FPP_000001@Driver@1, request_msg_id=REQUEST|fastran_FPP_000001@Driver@1|FRAMEWORK@Framework@0|77,status=0, args=({2: {'_IPS_DYNAMIC_SIMULATION': []}},), message_id=RESPONSE|FRAMEWORK@Framework@0|fastran_FPP_000001@Driver@1|735)
2025-11-06 08:39:08,979 DAKOTA_BRIDGE_Driver_1 DEBUG    _invoke_service(): processEvents  (2,)
2025-11-06 08:39:08,979 DAKOTA_BRIDGE_Driver_1 DEBUG    _get_service_response(REQUEST|fastran_FPP_000001@Driver@1|FRAMEWORK@Framework@0|78)
2025-11-06 08:39:08,990 DAKOTA_BRIDGE_Driver_1 DEBUG    _get_service_response(REQUEST|fastran_FPP_000001@Driver@1|FRAMEWORK@Framework@0|78), response = ServiceResponseMessage(sender_id=FRAMEWORK@Framework@0, receiver_id=fastran_FPP_000001@Driver@1, request_msg_id=REQUEST|fastran_FPP_000001@Driver@1|FRAMEWORK@Framework@0|78,status=0, args=({2: {'_IPS_DYNAMIC_SIMULATION': []}},), message_id=RESPONSE|FRAMEWORK@Framework@0|fastran_FPP_000001@Driver@1|869)
2025-11-06 08:39:09,490 DAKOTA_BRIDGE_Driver_1 DEBUG    _invoke_service(): processEvents  (2,)
2025-11-06 08:39:09,491 DAKOTA_BRIDGE_Driver_1 DEBUG    _get_service_response(REQUEST|fastran_FPP_000001@Driver@1|FRAMEWORK@Framework@0|79)
2025-11-06 08:39:09,501 DAKOTA_BRIDGE_Driver_1 DEBUG    _get_service_response(REQUEST|fastran_FPP_000001@Driver@1|FRAMEWORK@Framework@0|79), response = ServiceResponseMessage(sender_id=FRAMEWORK@Framework@0, receiver_id=fastran_FPP_000001@Driver@1, request_msg_id=REQUEST|fastran_FPP_000001@Driver@1|FRAMEWORK@Framework@0|79,status=0, args=({2: {'_IPS_DYNAMIC_SIMULATION': []}},), message_id=RESPONSE|FRAMEWORK@Framework@0|fastran_FPP_000001@Driver@1|882)
2025-11-06 08:39:10,002 DAKOTA_BRIDGE_Driver_1 DEBUG    _invoke_service(): processEvents  (2,)
2025-11-06 08:39:10,002 DAKOTA_BRIDGE_Driver_1 DEBUG    _get_service_response(REQUEST|fastran_FPP_000001@Driver@1|FRAMEWORK@Framework@0|80)
2025-11-06 08:39:10,038 DAKOTA_BRIDGE_Driver_1 DEBUG    _get_service_response(REQUEST|fastran_FPP_000001@Driver@1|FRAMEWORK@Framework@0|80), response = ServiceResponseMessage(sender_id=FRAMEWORK@Framework@0, receiver_id=fastran_FPP_000001@Driver@1, request_msg_id=REQUEST|fastran_FPP_000001@Driver@1|FRAMEWORK@Framework@0|80,status=0, args=({2: {'_IPS_DYNAMIC_SIMULATION': []}},), message_id=RESPONSE|FRAMEWORK@Framework@0|fastran_FPP_000001@Driver@1|988)
2025-11-06 08:39:10,539 DAKOTA_BRIDGE_Driver_1 DEBUG    _invoke_service(): processEvents  (2,)
2025-11-06 08:39:10,539 DAKOTA_BRIDGE_Driver_1 DEBUG    _get_service_response(REQUEST|fastran_FPP_000001@Driver@1|FRAMEWORK@Framework@0|81)
2025-11-06 08:39:10,550 DAKOTA_BRIDGE_Driver_1 DEBUG    _get_service_response(REQUEST|fastran_FPP_000001@Driver@1|FRAMEWORK@Framework@0|81), response = ServiceResponseMessage(sender_id=FRAMEWORK@Framework@0, receiver_id=fastran_FPP_000001@Driver@1, request_msg_id=REQUEST|fastran_FPP_000001@Driver@1|FRAMEWORK@Framework@0|81,status=0, args=({2: {'_IPS_DYNAMIC_SIMULATION': []}},), message_id=RESPONSE|FRAMEWORK@Framework@0|fastran_FPP_000001@Driver@1|1091)
2025-11-06 08:39:11,050 DAKOTA_BRIDGE_Driver_1 DEBUG    _invoke_service(): processEvents  (2,)
2025-11-06 08:39:11,051 DAKOTA_BRIDGE_Driver_1 DEBUG    _get_service_response(REQUEST|fastran_FPP_000001@Driver@1|FRAMEWORK@Framework@0|82)
2025-11-06 08:39:11,061 DAKOTA_BRIDGE_Driver_1 DEBUG    _get_service_response(REQUEST|fastran_FPP_000001@Driver@1|FRAMEWORK@Framework@0|82), response = ServiceResponseMessage(sender_id=FRAMEWORK@Framework@0, receiver_id=fastran_FPP_000001@Driver@1, request_msg_id=REQUEST|fastran_FPP_000001@Driver@1|FRAMEWORK@Framework@0|82,status=0, args=({2: {'_IPS_DYNAMIC_SIMULATION': []}},), message_id=RESPONSE|FRAMEWORK@Framework@0|fastran_FPP_000001@Driver@1|1159)
2025-11-06 08:39:11,562 DAKOTA_BRIDGE_Driver_1 DEBUG    _invoke_service(): processEvents  (2,)
2025-11-06 08:39:11,562 DAKOTA_BRIDGE_Driver_1 DEBUG    _get_service_response(REQUEST|fastran_FPP_000001@Driver@1|FRAMEWORK@Framework@0|83)
2025-11-06 08:39:11,573 DAKOTA_BRIDGE_Driver_1 DEBUG    _get_service_response(REQUEST|fastran_FPP_000001@Driver@1|FRAMEWORK@Framework@0|83), response = ServiceResponseMessage(sender_id=FRAMEWORK@Framework@0, receiver_id=fastran_FPP_000001@Driver@1, request_msg_id=REQUEST|fastran_FPP_000001@Driver@1|FRAMEWORK@Framework@0|83,status=0, args=({2: {'_IPS_DYNAMIC_SIMULATION': []}},), message_id=RESPONSE|FRAMEWORK@Framework@0|fastran_FPP_000001@Driver@1|1169)
2025-11-06 08:39:12,074 DAKOTA_BRIDGE_Driver_1 DEBUG    _invoke_service(): processEvents  (2,)
2025-11-06 08:39:12,074 DAKOTA_BRIDGE_Driver_1 DEBUG    _get_service_response(REQUEST|fastran_FPP_000001@Driver@1|FRAMEWORK@Framework@0|84)
2025-11-06 08:39:12,085 DAKOTA_BRIDGE_Driver_1 DEBUG    _get_service_response(REQUEST|fastran_FPP_000001@Driver@1|FRAMEWORK@Framework@0|84), response = ServiceResponseMessage(sender_id=FRAMEWORK@Framework@0, receiver_id=fastran_FPP_000001@Driver@1, request_msg_id=REQUEST|fastran_FPP_000001@Driver@1|FRAMEWORK@Framework@0|84,status=0, args=({2: {'_IPS_DYNAMIC_SIMULATION': []}},), message_id=RESPONSE|FRAMEWORK@Framework@0|fastran_FPP_000001@Driver@1|1171)
2025-11-06 08:39:12,585 DAKOTA_BRIDGE_Driver_1 DEBUG    _invoke_service(): processEvents  (2,)
2025-11-06 08:39:12,586 DAKOTA_BRIDGE_Driver_1 DEBUG    _get_service_response(REQUEST|fastran_FPP_000001@Driver@1|FRAMEWORK@Framework@0|85)
2025-11-06 08:39:12,596 DAKOTA_BRIDGE_Driver_1 DEBUG    _get_service_response(REQUEST|fastran_FPP_000001@Driver@1|FRAMEWORK@Framework@0|85), response = ServiceResponseMessage(sender_id=FRAMEWORK@Framework@0, receiver_id=fastran_FPP_000001@Driver@1, request_msg_id=REQUEST|fastran_FPP_000001@Driver@1|FRAMEWORK@Framework@0|85,status=0, args=({2: {'_IPS_DYNAMIC_SIMULATION': []}},), message_id=RESPONSE|FRAMEWORK@Framework@0|fastran_FPP_000001@Driver@1|1217)
2025-11-06 08:39:13,097 DAKOTA_BRIDGE_Driver_1 DEBUG    _invoke_service(): processEvents  (2,)
2025-11-06 08:39:13,097 DAKOTA_BRIDGE_Driver_1 DEBUG    _get_service_response(REQUEST|fastran_FPP_000001@Driver@1|FRAMEWORK@Framework@0|86)
2025-11-06 08:39:13,108 DAKOTA_BRIDGE_Driver_1 DEBUG    _get_service_response(REQUEST|fastran_FPP_000001@Driver@1|FRAMEWORK@Framework@0|86), response = ServiceResponseMessage(sender_id=FRAMEWORK@Framework@0, receiver_id=fastran_FPP_000001@Driver@1, request_msg_id=REQUEST|fastran_FPP_000001@Driver@1|FRAMEWORK@Framework@0|86,status=0, args=({2: {'_IPS_DYNAMIC_SIMULATION': []}},), message_id=RESPONSE|FRAMEWORK@Framework@0|fastran_FPP_000001@Driver@1|1245)
2025-11-06 08:39:13,608 DAKOTA_BRIDGE_Driver_1 DEBUG    _invoke_service(): processEvents  (2,)
2025-11-06 08:39:13,609 DAKOTA_BRIDGE_Driver_1 DEBUG    _get_service_response(REQUEST|fastran_FPP_000001@Driver@1|FRAMEWORK@Framework@0|87)
2025-11-06 08:39:13,619 DAKOTA_BRIDGE_Driver_1 DEBUG    _get_service_response(REQUEST|fastran_FPP_000001@Driver@1|FRAMEWORK@Framework@0|87), response = ServiceResponseMessage(sender_id=FRAMEWORK@Framework@0, receiver_id=fastran_FPP_000001@Driver@1, request_msg_id=REQUEST|fastran_FPP_000001@Driver@1|FRAMEWORK@Framework@0|87,status=0, args=({2: {'_IPS_DYNAMIC_SIMULATION': []}},), message_id=RESPONSE|FRAMEWORK@Framework@0|fastran_FPP_000001@Driver@1|1269)
2025-11-06 08:39:14,120 DAKOTA_BRIDGE_Driver_1 DEBUG    _invoke_service(): processEvents  (2,)
2025-11-06 08:39:14,120 DAKOTA_BRIDGE_Driver_1 DEBUG    _get_service_response(REQUEST|fastran_FPP_000001@Driver@1|FRAMEWORK@Framework@0|88)
2025-11-06 08:39:14,131 DAKOTA_BRIDGE_Driver_1 DEBUG    _get_service_response(REQUEST|fastran_FPP_000001@Driver@1|FRAMEWORK@Framework@0|88), response = ServiceResponseMessage(sender_id=FRAMEWORK@Framework@0, receiver_id=fastran_FPP_000001@Driver@1, request_msg_id=REQUEST|fastran_FPP_000001@Driver@1|FRAMEWORK@Framework@0|88,status=0, args=({2: {'_IPS_DYNAMIC_SIMULATION': []}},), message_id=RESPONSE|FRAMEWORK@Framework@0|fastran_FPP_000001@Driver@1|1361)
2025-11-06 08:39:14,632 DAKOTA_BRIDGE_Driver_1 DEBUG    _invoke_service(): processEvents  (2,)
2025-11-06 08:39:14,632 DAKOTA_BRIDGE_Driver_1 DEBUG    _get_service_response(REQUEST|fastran_FPP_000001@Driver@1|FRAMEWORK@Framework@0|89)
2025-11-06 08:39:14,643 DAKOTA_BRIDGE_Driver_1 DEBUG    _get_service_response(REQUEST|fastran_FPP_000001@Driver@1|FRAMEWORK@Framework@0|89), response = ServiceResponseMessage(sender_id=FRAMEWORK@Framework@0, receiver_id=fastran_FPP_000001@Driver@1, request_msg_id=REQUEST|fastran_FPP_000001@Driver@1|FRAMEWORK@Framework@0|89,status=0, args=({2: {'_IPS_DYNAMIC_SIMULATION': []}},), message_id=RESPONSE|FRAMEWORK@Framework@0|fastran_FPP_000001@Driver@1|1392)
2025-11-06 08:39:15,144 DAKOTA_BRIDGE_Driver_1 DEBUG    _invoke_service(): processEvents  (2,)
2025-11-06 08:39:15,144 DAKOTA_BRIDGE_Driver_1 DEBUG    _get_service_response(REQUEST|fastran_FPP_000001@Driver@1|FRAMEWORK@Framework@0|90)
2025-11-06 08:39:15,155 DAKOTA_BRIDGE_Driver_1 DEBUG    _get_service_response(REQUEST|fastran_FPP_000001@Driver@1|FRAMEWORK@Framework@0|90), response = ServiceResponseMessage(sender_id=FRAMEWORK@Framework@0, receiver_id=fastran_FPP_000001@Driver@1, request_msg_id=REQUEST|fastran_FPP_000001@Driver@1|FRAMEWORK@Framework@0|90,status=0, args=({2: {'_IPS_DYNAMIC_SIMULATION': []}},), message_id=RESPONSE|FRAMEWORK@Framework@0|fastran_FPP_000001@Driver@1|1420)
2025-11-06 08:39:15,655 DAKOTA_BRIDGE_Driver_1 DEBUG    _invoke_service(): processEvents  (2,)
2025-11-06 08:39:15,656 DAKOTA_BRIDGE_Driver_1 DEBUG    _get_service_response(REQUEST|fastran_FPP_000001@Driver@1|FRAMEWORK@Framework@0|91)
2025-11-06 08:39:15,666 DAKOTA_BRIDGE_Driver_1 DEBUG    _get_service_response(REQUEST|fastran_FPP_000001@Driver@1|FRAMEWORK@Framework@0|91), response = ServiceResponseMessage(sender_id=FRAMEWORK@Framework@0, receiver_id=fastran_FPP_000001@Driver@1, request_msg_id=REQUEST|fastran_FPP_000001@Driver@1|FRAMEWORK@Framework@0|91,status=0, args=({2: {'_IPS_DYNAMIC_SIMULATION': []}},), message_id=RESPONSE|FRAMEWORK@Framework@0|fastran_FPP_000001@Driver@1|1485)
2025-11-06 08:39:16,167 DAKOTA_BRIDGE_Driver_1 DEBUG    _invoke_service(): processEvents  (2,)
2025-11-06 08:39:16,167 DAKOTA_BRIDGE_Driver_1 DEBUG    _get_service_response(REQUEST|fastran_FPP_000001@Driver@1|FRAMEWORK@Framework@0|92)
2025-11-06 08:39:16,178 DAKOTA_BRIDGE_Driver_1 DEBUG    _get_service_response(REQUEST|fastran_FPP_000001@Driver@1|FRAMEWORK@Framework@0|92), response = ServiceResponseMessage(sender_id=FRAMEWORK@Framework@0, receiver_id=fastran_FPP_000001@Driver@1, request_msg_id=REQUEST|fastran_FPP_000001@Driver@1|FRAMEWORK@Framework@0|92,status=0, args=({2: {'_IPS_DYNAMIC_SIMULATION': []}},), message_id=RESPONSE|FRAMEWORK@Framework@0|fastran_FPP_000001@Driver@1|1536)
2025-11-06 08:39:16,678 DAKOTA_BRIDGE_Driver_1 DEBUG    _invoke_service(): processEvents  (2,)
2025-11-06 08:39:16,679 DAKOTA_BRIDGE_Driver_1 DEBUG    _get_service_response(REQUEST|fastran_FPP_000001@Driver@1|FRAMEWORK@Framework@0|93)
2025-11-06 08:39:16,689 DAKOTA_BRIDGE_Driver_1 DEBUG    _get_service_response(REQUEST|fastran_FPP_000001@Driver@1|FRAMEWORK@Framework@0|93), response = ServiceResponseMessage(sender_id=FRAMEWORK@Framework@0, receiver_id=fastran_FPP_000001@Driver@1, request_msg_id=REQUEST|fastran_FPP_000001@Driver@1|FRAMEWORK@Framework@0|93,status=0, args=({2: {'_IPS_DYNAMIC_SIMULATION': []}},), message_id=RESPONSE|FRAMEWORK@Framework@0|fastran_FPP_000001@Driver@1|1565)
2025-11-06 08:39:17,190 DAKOTA_BRIDGE_Driver_1 DEBUG    _invoke_service(): processEvents  (2,)
2025-11-06 08:39:17,190 DAKOTA_BRIDGE_Driver_1 DEBUG    _get_service_response(REQUEST|fastran_FPP_000001@Driver@1|FRAMEWORK@Framework@0|94)
2025-11-06 08:39:17,201 DAKOTA_BRIDGE_Driver_1 DEBUG    _get_service_response(REQUEST|fastran_FPP_000001@Driver@1|FRAMEWORK@Framework@0|94), response = ServiceResponseMessage(sender_id=FRAMEWORK@Framework@0, receiver_id=fastran_FPP_000001@Driver@1, request_msg_id=REQUEST|fastran_FPP_000001@Driver@1|FRAMEWORK@Framework@0|94,status=0, args=({2: {'_IPS_DYNAMIC_SIMULATION': []}},), message_id=RESPONSE|FRAMEWORK@Framework@0|fastran_FPP_000001@Driver@1|1596)
2025-11-06 08:39:17,701 DAKOTA_BRIDGE_Driver_1 DEBUG    _invoke_service(): processEvents  (2,)
2025-11-06 08:39:17,701 DAKOTA_BRIDGE_Driver_1 DEBUG    _get_service_response(REQUEST|fastran_FPP_000001@Driver@1|FRAMEWORK@Framework@0|95)
2025-11-06 08:39:17,712 DAKOTA_BRIDGE_Driver_1 DEBUG    _get_service_response(REQUEST|fastran_FPP_000001@Driver@1|FRAMEWORK@Framework@0|95), response = ServiceResponseMessage(sender_id=FRAMEWORK@Framework@0, receiver_id=fastran_FPP_000001@Driver@1, request_msg_id=REQUEST|fastran_FPP_000001@Driver@1|FRAMEWORK@Framework@0|95,status=0, args=({2: {'_IPS_DYNAMIC_SIMULATION': []}},), message_id=RESPONSE|FRAMEWORK@Framework@0|fastran_FPP_000001@Driver@1|1645)
2025-11-06 08:39:18,213 DAKOTA_BRIDGE_Driver_1 DEBUG    _invoke_service(): processEvents  (2,)
2025-11-06 08:39:18,213 DAKOTA_BRIDGE_Driver_1 DEBUG    _get_service_response(REQUEST|fastran_FPP_000001@Driver@1|FRAMEWORK@Framework@0|96)
2025-11-06 08:39:18,224 DAKOTA_BRIDGE_Driver_1 DEBUG    _get_service_response(REQUEST|fastran_FPP_000001@Driver@1|FRAMEWORK@Framework@0|96), response = ServiceResponseMessage(sender_id=FRAMEWORK@Framework@0, receiver_id=fastran_FPP_000001@Driver@1, request_msg_id=REQUEST|fastran_FPP_000001@Driver@1|FRAMEWORK@Framework@0|96,status=0, args=({2: {'_IPS_DYNAMIC_SIMULATION': []}},), message_id=RESPONSE|FRAMEWORK@Framework@0|fastran_FPP_000001@Driver@1|1726)
2025-11-06 08:39:18,725 DAKOTA_BRIDGE_Driver_1 DEBUG    _invoke_service(): processEvents  (2,)
2025-11-06 08:39:18,725 DAKOTA_BRIDGE_Driver_1 DEBUG    _get_service_response(REQUEST|fastran_FPP_000001@Driver@1|FRAMEWORK@Framework@0|97)
2025-11-06 08:39:18,736 DAKOTA_BRIDGE_Driver_1 DEBUG    _get_service_response(REQUEST|fastran_FPP_000001@Driver@1|FRAMEWORK@Framework@0|97), response = ServiceResponseMessage(sender_id=FRAMEWORK@Framework@0, receiver_id=fastran_FPP_000001@Driver@1, request_msg_id=REQUEST|fastran_FPP_000001@Driver@1|FRAMEWORK@Framework@0|97,status=0, args=({2: {'_IPS_DYNAMIC_SIMULATION': []}},), message_id=RESPONSE|FRAMEWORK@Framework@0|fastran_FPP_000001@Driver@1|1797)
2025-11-06 08:39:19,236 DAKOTA_BRIDGE_Driver_1 DEBUG    _invoke_service(): processEvents  (2,)
2025-11-06 08:39:19,237 DAKOTA_BRIDGE_Driver_1 DEBUG    _get_service_response(REQUEST|fastran_FPP_000001@Driver@1|FRAMEWORK@Framework@0|98)
2025-11-06 08:39:19,248 DAKOTA_BRIDGE_Driver_1 DEBUG    _get_service_response(REQUEST|fastran_FPP_000001@Driver@1|FRAMEWORK@Framework@0|98), response = ServiceResponseMessage(sender_id=FRAMEWORK@Framework@0, receiver_id=fastran_FPP_000001@Driver@1, request_msg_id=REQUEST|fastran_FPP_000001@Driver@1|FRAMEWORK@Framework@0|98,status=0, args=({2: {'_IPS_DYNAMIC_SIMULATION': []}},), message_id=RESPONSE|FRAMEWORK@Framework@0|fastran_FPP_000001@Driver@1|1824)
2025-11-06 08:39:19,748 DAKOTA_BRIDGE_Driver_1 DEBUG    _invoke_service(): processEvents  (2,)
2025-11-06 08:39:19,749 DAKOTA_BRIDGE_Driver_1 DEBUG    _get_service_response(REQUEST|fastran_FPP_000001@Driver@1|FRAMEWORK@Framework@0|99)
2025-11-06 08:39:19,759 DAKOTA_BRIDGE_Driver_1 DEBUG    _get_service_response(REQUEST|fastran_FPP_000001@Driver@1|FRAMEWORK@Framework@0|99), response = ServiceResponseMessage(sender_id=FRAMEWORK@Framework@0, receiver_id=fastran_FPP_000001@Driver@1, request_msg_id=REQUEST|fastran_FPP_000001@Driver@1|FRAMEWORK@Framework@0|99,status=0, args=({2: {'_IPS_DYNAMIC_SIMULATION': []}},), message_id=RESPONSE|FRAMEWORK@Framework@0|fastran_FPP_000001@Driver@1|1826)
2025-11-06 08:39:20,260 DAKOTA_BRIDGE_Driver_1 DEBUG    _invoke_service(): processEvents  (2,)
2025-11-06 08:39:20,260 DAKOTA_BRIDGE_Driver_1 DEBUG    _get_service_response(REQUEST|fastran_FPP_000001@Driver@1|FRAMEWORK@Framework@0|100)
2025-11-06 08:39:20,271 DAKOTA_BRIDGE_Driver_1 DEBUG    _get_service_response(REQUEST|fastran_FPP_000001@Driver@1|FRAMEWORK@Framework@0|100), response = ServiceResponseMessage(sender_id=FRAMEWORK@Framework@0, receiver_id=fastran_FPP_000001@Driver@1, request_msg_id=REQUEST|fastran_FPP_000001@Driver@1|FRAMEWORK@Framework@0|100,status=0, args=({2: {'_IPS_DYNAMIC_SIMULATION': []}},), message_id=RESPONSE|FRAMEWORK@Framework@0|fastran_FPP_000001@Driver@1|1845)
2025-11-06 08:39:20,772 DAKOTA_BRIDGE_Driver_1 DEBUG    _invoke_service(): processEvents  (2,)
2025-11-06 08:39:20,772 DAKOTA_BRIDGE_Driver_1 DEBUG    _get_service_response(REQUEST|fastran_FPP_000001@Driver@1|FRAMEWORK@Framework@0|101)
2025-11-06 08:39:20,791 DAKOTA_BRIDGE_Driver_1 DEBUG    _get_service_response(REQUEST|fastran_FPP_000001@Driver@1|FRAMEWORK@Framework@0|101), response = ServiceResponseMessage(sender_id=FRAMEWORK@Framework@0, receiver_id=fastran_FPP_000001@Driver@1, request_msg_id=REQUEST|fastran_FPP_000001@Driver@1|FRAMEWORK@Framework@0|101,status=0, args=({2: {'_IPS_DYNAMIC_SIMULATION': []}},), message_id=RESPONSE|FRAMEWORK@Framework@0|fastran_FPP_000001@Driver@1|1856)
2025-11-06 08:39:21,291 DAKOTA_BRIDGE_Driver_1 DEBUG    _invoke_service(): processEvents  (2,)
2025-11-06 08:39:21,292 DAKOTA_BRIDGE_Driver_1 DEBUG    _get_service_response(REQUEST|fastran_FPP_000001@Driver@1|FRAMEWORK@Framework@0|102)
2025-11-06 08:39:21,302 DAKOTA_BRIDGE_Driver_1 DEBUG    _get_service_response(REQUEST|fastran_FPP_000001@Driver@1|FRAMEWORK@Framework@0|102), response = ServiceResponseMessage(sender_id=FRAMEWORK@Framework@0, receiver_id=fastran_FPP_000001@Driver@1, request_msg_id=REQUEST|fastran_FPP_000001@Driver@1|FRAMEWORK@Framework@0|102,status=0, args=({2: {'_IPS_DYNAMIC_SIMULATION': []}},), message_id=RESPONSE|FRAMEWORK@Framework@0|fastran_FPP_000001@Driver@1|1922)
2025-11-06 08:39:21,803 DAKOTA_BRIDGE_Driver_1 DEBUG    _invoke_service(): processEvents  (2,)
2025-11-06 08:39:21,803 DAKOTA_BRIDGE_Driver_1 DEBUG    _get_service_response(REQUEST|fastran_FPP_000001@Driver@1|FRAMEWORK@Framework@0|103)
2025-11-06 08:39:21,814 DAKOTA_BRIDGE_Driver_1 DEBUG    _get_service_response(REQUEST|fastran_FPP_000001@Driver@1|FRAMEWORK@Framework@0|103), response = ServiceResponseMessage(sender_id=FRAMEWORK@Framework@0, receiver_id=fastran_FPP_000001@Driver@1, request_msg_id=REQUEST|fastran_FPP_000001@Driver@1|FRAMEWORK@Framework@0|103,status=0, args=({2: {'_IPS_DYNAMIC_SIMULATION': []}},), message_id=RESPONSE|FRAMEWORK@Framework@0|fastran_FPP_000001@Driver@1|2034)
2025-11-06 08:39:22,314 DAKOTA_BRIDGE_Driver_1 DEBUG    _invoke_service(): processEvents  (2,)
2025-11-06 08:39:22,314 DAKOTA_BRIDGE_Driver_1 DEBUG    _get_service_response(REQUEST|fastran_FPP_000001@Driver@1|FRAMEWORK@Framework@0|104)
2025-11-06 08:39:22,325 DAKOTA_BRIDGE_Driver_1 DEBUG    _get_service_response(REQUEST|fastran_FPP_000001@Driver@1|FRAMEWORK@Framework@0|104), response = ServiceResponseMessage(sender_id=FRAMEWORK@Framework@0, receiver_id=fastran_FPP_000001@Driver@1, request_msg_id=REQUEST|fastran_FPP_000001@Driver@1|FRAMEWORK@Framework@0|104,status=0, args=({2: {'_IPS_DYNAMIC_SIMULATION': []}},), message_id=RESPONSE|FRAMEWORK@Framework@0|fastran_FPP_000001@Driver@1|2094)
2025-11-06 08:39:22,826 DAKOTA_BRIDGE_Driver_1 DEBUG    _invoke_service(): processEvents  (2,)
2025-11-06 08:39:22,826 DAKOTA_BRIDGE_Driver_1 DEBUG    _get_service_response(REQUEST|fastran_FPP_000001@Driver@1|FRAMEWORK@Framework@0|105)
2025-11-06 08:39:22,837 DAKOTA_BRIDGE_Driver_1 DEBUG    _get_service_response(REQUEST|fastran_FPP_000001@Driver@1|FRAMEWORK@Framework@0|105), response = ServiceResponseMessage(sender_id=FRAMEWORK@Framework@0, receiver_id=fastran_FPP_000001@Driver@1, request_msg_id=REQUEST|fastran_FPP_000001@Driver@1|FRAMEWORK@Framework@0|105,status=0, args=({2: {'_IPS_DYNAMIC_SIMULATION': []}},), message_id=RESPONSE|FRAMEWORK@Framework@0|fastran_FPP_000001@Driver@1|2130)
2025-11-06 08:39:23,337 DAKOTA_BRIDGE_Driver_1 DEBUG    _invoke_service(): processEvents  (2,)
2025-11-06 08:39:23,337 DAKOTA_BRIDGE_Driver_1 DEBUG    _get_service_response(REQUEST|fastran_FPP_000001@Driver@1|FRAMEWORK@Framework@0|106)
2025-11-06 08:39:23,348 DAKOTA_BRIDGE_Driver_1 DEBUG    _get_service_response(REQUEST|fastran_FPP_000001@Driver@1|FRAMEWORK@Framework@0|106), response = ServiceResponseMessage(sender_id=FRAMEWORK@Framework@0, receiver_id=fastran_FPP_000001@Driver@1, request_msg_id=REQUEST|fastran_FPP_000001@Driver@1|FRAMEWORK@Framework@0|106,status=0, args=({2: {'_IPS_DYNAMIC_SIMULATION': []}},), message_id=RESPONSE|FRAMEWORK@Framework@0|fastran_FPP_000001@Driver@1|2173)
2025-11-06 08:39:23,849 DAKOTA_BRIDGE_Driver_1 DEBUG    _invoke_service(): processEvents  (2,)
2025-11-06 08:39:23,849 DAKOTA_BRIDGE_Driver_1 DEBUG    _get_service_response(REQUEST|fastran_FPP_000001@Driver@1|FRAMEWORK@Framework@0|107)
2025-11-06 08:39:23,862 DAKOTA_BRIDGE_Driver_1 DEBUG    _get_service_response(REQUEST|fastran_FPP_000001@Driver@1|FRAMEWORK@Framework@0|107), response = ServiceResponseMessage(sender_id=FRAMEWORK@Framework@0, receiver_id=fastran_FPP_000001@Driver@1, request_msg_id=REQUEST|fastran_FPP_000001@Driver@1|FRAMEWORK@Framework@0|107,status=0, args=({2: {'_IPS_DYNAMIC_SIMULATION': []}},), message_id=RESPONSE|FRAMEWORK@Framework@0|fastran_FPP_000001@Driver@1|2200)
2025-11-06 08:39:24,362 DAKOTA_BRIDGE_Driver_1 DEBUG    _invoke_service(): processEvents  (2,)
2025-11-06 08:39:24,363 DAKOTA_BRIDGE_Driver_1 DEBUG    _get_service_response(REQUEST|fastran_FPP_000001@Driver@1|FRAMEWORK@Framework@0|108)
2025-11-06 08:39:24,373 DAKOTA_BRIDGE_Driver_1 DEBUG    _get_service_response(REQUEST|fastran_FPP_000001@Driver@1|FRAMEWORK@Framework@0|108), response = ServiceResponseMessage(sender_id=FRAMEWORK@Framework@0, receiver_id=fastran_FPP_000001@Driver@1, request_msg_id=REQUEST|fastran_FPP_000001@Driver@1|FRAMEWORK@Framework@0|108,status=0, args=({2: {'_IPS_DYNAMIC_SIMULATION': []}},), message_id=RESPONSE|FRAMEWORK@Framework@0|fastran_FPP_000001@Driver@1|2226)
2025-11-06 08:39:24,874 DAKOTA_BRIDGE_Driver_1 DEBUG    _invoke_service(): processEvents  (2,)
2025-11-06 08:39:24,874 DAKOTA_BRIDGE_Driver_1 DEBUG    _get_service_response(REQUEST|fastran_FPP_000001@Driver@1|FRAMEWORK@Framework@0|109)
2025-11-06 08:39:24,885 DAKOTA_BRIDGE_Driver_1 DEBUG    _get_service_response(REQUEST|fastran_FPP_000001@Driver@1|FRAMEWORK@Framework@0|109), response = ServiceResponseMessage(sender_id=FRAMEWORK@Framework@0, receiver_id=fastran_FPP_000001@Driver@1, request_msg_id=REQUEST|fastran_FPP_000001@Driver@1|FRAMEWORK@Framework@0|109,status=0, args=({2: {'_IPS_DYNAMIC_SIMULATION': []}},), message_id=RESPONSE|FRAMEWORK@Framework@0|fastran_FPP_000001@Driver@1|2251)
2025-11-06 08:39:25,386 DAKOTA_BRIDGE_Driver_1 DEBUG    _invoke_service(): processEvents  (2,)
2025-11-06 08:39:25,386 DAKOTA_BRIDGE_Driver_1 DEBUG    _get_service_response(REQUEST|fastran_FPP_000001@Driver@1|FRAMEWORK@Framework@0|110)
2025-11-06 08:39:25,397 DAKOTA_BRIDGE_Driver_1 DEBUG    _get_service_response(REQUEST|fastran_FPP_000001@Driver@1|FRAMEWORK@Framework@0|110), response = ServiceResponseMessage(sender_id=FRAMEWORK@Framework@0, receiver_id=fastran_FPP_000001@Driver@1, request_msg_id=REQUEST|fastran_FPP_000001@Driver@1|FRAMEWORK@Framework@0|110,status=0, args=({2: {'_IPS_DYNAMIC_SIMULATION': []}},), message_id=RESPONSE|FRAMEWORK@Framework@0|fastran_FPP_000001@Driver@1|2290)
2025-11-06 08:39:25,897 DAKOTA_BRIDGE_Driver_1 DEBUG    _invoke_service(): processEvents  (2,)
2025-11-06 08:39:25,897 DAKOTA_BRIDGE_Driver_1 DEBUG    _get_service_response(REQUEST|fastran_FPP_000001@Driver@1|FRAMEWORK@Framework@0|111)
2025-11-06 08:39:25,908 DAKOTA_BRIDGE_Driver_1 DEBUG    _get_service_response(REQUEST|fastran_FPP_000001@Driver@1|FRAMEWORK@Framework@0|111), response = ServiceResponseMessage(sender_id=FRAMEWORK@Framework@0, receiver_id=fastran_FPP_000001@Driver@1, request_msg_id=REQUEST|fastran_FPP_000001@Driver@1|FRAMEWORK@Framework@0|111,status=0, args=({2: {'_IPS_DYNAMIC_SIMULATION': []}},), message_id=RESPONSE|FRAMEWORK@Framework@0|fastran_FPP_000001@Driver@1|2336)
2025-11-06 08:39:26,409 DAKOTA_BRIDGE_Driver_1 DEBUG    _invoke_service(): processEvents  (2,)
2025-11-06 08:39:26,409 DAKOTA_BRIDGE_Driver_1 DEBUG    _get_service_response(REQUEST|fastran_FPP_000001@Driver@1|FRAMEWORK@Framework@0|112)
2025-11-06 08:39:26,428 DAKOTA_BRIDGE_Driver_1 DEBUG    _get_service_response(REQUEST|fastran_FPP_000001@Driver@1|FRAMEWORK@Framework@0|112), response = ServiceResponseMessage(sender_id=FRAMEWORK@Framework@0, receiver_id=fastran_FPP_000001@Driver@1, request_msg_id=REQUEST|fastran_FPP_000001@Driver@1|FRAMEWORK@Framework@0|112,status=0, args=({2: {'_IPS_DYNAMIC_SIMULATION': []}},), message_id=RESPONSE|FRAMEWORK@Framework@0|fastran_FPP_000001@Driver@1|2417)
2025-11-06 08:39:26,929 DAKOTA_BRIDGE_Driver_1 DEBUG    _invoke_service(): processEvents  (2,)
2025-11-06 08:39:26,929 DAKOTA_BRIDGE_Driver_1 DEBUG    _get_service_response(REQUEST|fastran_FPP_000001@Driver@1|FRAMEWORK@Framework@0|113)
2025-11-06 08:39:26,940 DAKOTA_BRIDGE_Driver_1 DEBUG    _get_service_response(REQUEST|fastran_FPP_000001@Driver@1|FRAMEWORK@Framework@0|113), response = ServiceResponseMessage(sender_id=FRAMEWORK@Framework@0, receiver_id=fastran_FPP_000001@Driver@1, request_msg_id=REQUEST|fastran_FPP_000001@Driver@1|FRAMEWORK@Framework@0|113,status=0, args=({2: {'_IPS_DYNAMIC_SIMULATION': []}},), message_id=RESPONSE|FRAMEWORK@Framework@0|fastran_FPP_000001@Driver@1|2469)
2025-11-06 08:39:27,440 DAKOTA_BRIDGE_Driver_1 DEBUG    _invoke_service(): processEvents  (2,)
2025-11-06 08:39:27,441 DAKOTA_BRIDGE_Driver_1 DEBUG    _get_service_response(REQUEST|fastran_FPP_000001@Driver@1|FRAMEWORK@Framework@0|114)
2025-11-06 08:39:27,451 DAKOTA_BRIDGE_Driver_1 DEBUG    _get_service_response(REQUEST|fastran_FPP_000001@Driver@1|FRAMEWORK@Framework@0|114), response = ServiceResponseMessage(sender_id=FRAMEWORK@Framework@0, receiver_id=fastran_FPP_000001@Driver@1, request_msg_id=REQUEST|fastran_FPP_000001@Driver@1|FRAMEWORK@Framework@0|114,status=0, args=({2: {'_IPS_DYNAMIC_SIMULATION': []}},), message_id=RESPONSE|FRAMEWORK@Framework@0|fastran_FPP_000001@Driver@1|2517)
2025-11-06 08:39:27,952 DAKOTA_BRIDGE_Driver_1 DEBUG    _invoke_service(): processEvents  (2,)
2025-11-06 08:39:27,952 DAKOTA_BRIDGE_Driver_1 DEBUG    _get_service_response(REQUEST|fastran_FPP_000001@Driver@1|FRAMEWORK@Framework@0|115)
2025-11-06 08:39:27,963 DAKOTA_BRIDGE_Driver_1 DEBUG    _get_service_response(REQUEST|fastran_FPP_000001@Driver@1|FRAMEWORK@Framework@0|115), response = ServiceResponseMessage(sender_id=FRAMEWORK@Framework@0, receiver_id=fastran_FPP_000001@Driver@1, request_msg_id=REQUEST|fastran_FPP_000001@Driver@1|FRAMEWORK@Framework@0|115,status=0, args=({2: {'_IPS_DYNAMIC_SIMULATION': []}},), message_id=RESPONSE|FRAMEWORK@Framework@0|fastran_FPP_000001@Driver@1|2554)
2025-11-06 08:39:28,464 DAKOTA_BRIDGE_Driver_1 DEBUG    _invoke_service(): processEvents  (2,)
2025-11-06 08:39:28,464 DAKOTA_BRIDGE_Driver_1 DEBUG    _get_service_response(REQUEST|fastran_FPP_000001@Driver@1|FRAMEWORK@Framework@0|116)
2025-11-06 08:39:28,474 DAKOTA_BRIDGE_Driver_1 DEBUG    _get_service_response(REQUEST|fastran_FPP_000001@Driver@1|FRAMEWORK@Framework@0|116), response = ServiceResponseMessage(sender_id=FRAMEWORK@Framework@0, receiver_id=fastran_FPP_000001@Driver@1, request_msg_id=REQUEST|fastran_FPP_000001@Driver@1|FRAMEWORK@Framework@0|116,status=0, args=({2: {'_IPS_DYNAMIC_SIMULATION': []}},), message_id=RESPONSE|FRAMEWORK@Framework@0|fastran_FPP_000001@Driver@1|2567)
2025-11-06 08:39:28,975 DAKOTA_BRIDGE_Driver_1 DEBUG    _invoke_service(): processEvents  (2,)
2025-11-06 08:39:28,975 DAKOTA_BRIDGE_Driver_1 DEBUG    _get_service_response(REQUEST|fastran_FPP_000001@Driver@1|FRAMEWORK@Framework@0|117)
2025-11-06 08:39:28,986 DAKOTA_BRIDGE_Driver_1 DEBUG    _get_service_response(REQUEST|fastran_FPP_000001@Driver@1|FRAMEWORK@Framework@0|117), response = ServiceResponseMessage(sender_id=FRAMEWORK@Framework@0, receiver_id=fastran_FPP_000001@Driver@1, request_msg_id=REQUEST|fastran_FPP_000001@Driver@1|FRAMEWORK@Framework@0|117,status=0, args=({2: {'_IPS_DYNAMIC_SIMULATION': []}},), message_id=RESPONSE|FRAMEWORK@Framework@0|fastran_FPP_000001@Driver@1|2596)
2025-11-06 08:39:29,486 DAKOTA_BRIDGE_Driver_1 DEBUG    _invoke_service(): processEvents  (2,)
2025-11-06 08:39:29,487 DAKOTA_BRIDGE_Driver_1 DEBUG    _get_service_response(REQUEST|fastran_FPP_000001@Driver@1|FRAMEWORK@Framework@0|118)
2025-11-06 08:39:29,497 DAKOTA_BRIDGE_Driver_1 DEBUG    _get_service_response(REQUEST|fastran_FPP_000001@Driver@1|FRAMEWORK@Framework@0|118), response = ServiceResponseMessage(sender_id=FRAMEWORK@Framework@0, receiver_id=fastran_FPP_000001@Driver@1, request_msg_id=REQUEST|fastran_FPP_000001@Driver@1|FRAMEWORK@Framework@0|118,status=0, args=({2: {'_IPS_DYNAMIC_SIMULATION': [<ipsframework.cca_es_spec.Event object at 0x7ff8029000a0>]}},), message_id=RESPONSE|FRAMEWORK@Framework@0|fastran_FPP_000001@Driver@1|2665)
2025-11-06 08:39:29,498 DAKOTA_BRIDGE_Driver_1 DEBUG    In Component: Just received {'eventtype': 'IPS_END', 'SIM_NAME': 'fastran_FPP_000001_1917966_0001', 'ok': True}
2025-11-06 08:39:29,498 DAKOTA_BRIDGE_Driver_1 DEBUG    In Component: There are 1 events in self.events_received
2025-11-06 08:39:29,998 DAKOTA_BRIDGE_Driver_1 DEBUG    _invoke_service(): processEvents  (2,)
2025-11-06 08:39:29,998 DAKOTA_BRIDGE_Driver_1 DEBUG    _get_service_response(REQUEST|fastran_FPP_000001@Driver@1|FRAMEWORK@Framework@0|119)
2025-11-06 08:39:30,009 DAKOTA_BRIDGE_Driver_1 DEBUG    _get_service_response(REQUEST|fastran_FPP_000001@Driver@1|FRAMEWORK@Framework@0|119), response = ServiceResponseMessage(sender_id=FRAMEWORK@Framework@0, receiver_id=fastran_FPP_000001@Driver@1, request_msg_id=REQUEST|fastran_FPP_000001@Driver@1|FRAMEWORK@Framework@0|119,status=0, args=({2: {'_IPS_DYNAMIC_SIMULATION': [<ipsframework.cca_es_spec.Event object at 0x7ff802900160>, <ipsframework.cca_es_spec.Event object at 0x7ff802900100>]}},), message_id=RESPONSE|FRAMEWORK@Framework@0|fastran_FPP_000001@Driver@1|2755)
2025-11-06 08:39:30,009 DAKOTA_BRIDGE_Driver_1 DEBUG    In Component: Just received {'eventtype': 'IPS_END', 'SIM_NAME': 'fastran_FPP_000001_1917966_0000', 'ok': True}
2025-11-06 08:39:30,009 DAKOTA_BRIDGE_Driver_1 DEBUG    In Component: There are 1 events in self.events_received
2025-11-06 08:39:30,009 DAKOTA_BRIDGE_Driver_1 DEBUG    In Component: Just received {'eventtype': 'IPS_END', 'SIM_NAME': 'fastran_FPP_000001_1917966_0003', 'ok': True}
2025-11-06 08:39:30,010 DAKOTA_BRIDGE_Driver_1 DEBUG    In Component: There are 2 events in self.events_received
2025-11-06 08:39:30,510 DAKOTA_BRIDGE_Driver_1 DEBUG    _invoke_service(): processEvents  (2,)
2025-11-06 08:39:30,510 DAKOTA_BRIDGE_Driver_1 DEBUG    _get_service_response(REQUEST|fastran_FPP_000001@Driver@1|FRAMEWORK@Framework@0|120)
2025-11-06 08:39:30,522 DAKOTA_BRIDGE_Driver_1 DEBUG    _get_service_response(REQUEST|fastran_FPP_000001@Driver@1|FRAMEWORK@Framework@0|120), response = ServiceResponseMessage(sender_id=FRAMEWORK@Framework@0, receiver_id=fastran_FPP_000001@Driver@1, request_msg_id=REQUEST|fastran_FPP_000001@Driver@1|FRAMEWORK@Framework@0|120,status=0, args=({2: {'_IPS_DYNAMIC_SIMULATION': []}},), message_id=RESPONSE|FRAMEWORK@Framework@0|fastran_FPP_000001@Driver@1|2788)
2025-11-06 08:39:31,023 DAKOTA_BRIDGE_Driver_1 DEBUG    _invoke_service(): processEvents  (2,)
2025-11-06 08:39:31,023 DAKOTA_BRIDGE_Driver_1 DEBUG    _get_service_response(REQUEST|fastran_FPP_000001@Driver@1|FRAMEWORK@Framework@0|121)
2025-11-06 08:39:31,033 DAKOTA_BRIDGE_Driver_1 DEBUG    _get_service_response(REQUEST|fastran_FPP_000001@Driver@1|FRAMEWORK@Framework@0|121), response = ServiceResponseMessage(sender_id=FRAMEWORK@Framework@0, receiver_id=fastran_FPP_000001@Driver@1, request_msg_id=REQUEST|fastran_FPP_000001@Driver@1|FRAMEWORK@Framework@0|121,status=0, args=({2: {'_IPS_DYNAMIC_SIMULATION': []}},), message_id=RESPONSE|FRAMEWORK@Framework@0|fastran_FPP_000001@Driver@1|2790)
2025-11-06 08:39:31,534 DAKOTA_BRIDGE_Driver_1 DEBUG    _invoke_service(): processEvents  (2,)
2025-11-06 08:39:31,534 DAKOTA_BRIDGE_Driver_1 DEBUG    _get_service_response(REQUEST|fastran_FPP_000001@Driver@1|FRAMEWORK@Framework@0|122)
2025-11-06 08:39:31,555 DAKOTA_BRIDGE_Driver_1 DEBUG    _get_service_response(REQUEST|fastran_FPP_000001@Driver@1|FRAMEWORK@Framework@0|122), response = ServiceResponseMessage(sender_id=FRAMEWORK@Framework@0, receiver_id=fastran_FPP_000001@Driver@1, request_msg_id=REQUEST|fastran_FPP_000001@Driver@1|FRAMEWORK@Framework@0|122,status=0, args=({2: {'_IPS_DYNAMIC_SIMULATION': []}},), message_id=RESPONSE|FRAMEWORK@Framework@0|fastran_FPP_000001@Driver@1|2813)
2025-11-06 08:39:32,056 DAKOTA_BRIDGE_Driver_1 DEBUG    _invoke_service(): processEvents  (2,)
2025-11-06 08:39:32,056 DAKOTA_BRIDGE_Driver_1 DEBUG    _get_service_response(REQUEST|fastran_FPP_000001@Driver@1|FRAMEWORK@Framework@0|123)
2025-11-06 08:39:32,066 DAKOTA_BRIDGE_Driver_1 DEBUG    _get_service_response(REQUEST|fastran_FPP_000001@Driver@1|FRAMEWORK@Framework@0|123), response = ServiceResponseMessage(sender_id=FRAMEWORK@Framework@0, receiver_id=fastran_FPP_000001@Driver@1, request_msg_id=REQUEST|fastran_FPP_000001@Driver@1|FRAMEWORK@Framework@0|123,status=0, args=({2: {'_IPS_DYNAMIC_SIMULATION': []}},), message_id=RESPONSE|FRAMEWORK@Framework@0|fastran_FPP_000001@Driver@1|2849)
2025-11-06 08:39:32,567 DAKOTA_BRIDGE_Driver_1 DEBUG    _invoke_service(): processEvents  (2,)
2025-11-06 08:39:32,567 DAKOTA_BRIDGE_Driver_1 DEBUG    _get_service_response(REQUEST|fastran_FPP_000001@Driver@1|FRAMEWORK@Framework@0|124)
2025-11-06 08:39:32,578 DAKOTA_BRIDGE_Driver_1 DEBUG    _get_service_response(REQUEST|fastran_FPP_000001@Driver@1|FRAMEWORK@Framework@0|124), response = ServiceResponseMessage(sender_id=FRAMEWORK@Framework@0, receiver_id=fastran_FPP_000001@Driver@1, request_msg_id=REQUEST|fastran_FPP_000001@Driver@1|FRAMEWORK@Framework@0|124,status=0, args=({2: {'_IPS_DYNAMIC_SIMULATION': []}},), message_id=RESPONSE|FRAMEWORK@Framework@0|fastran_FPP_000001@Driver@1|2862)
2025-11-06 08:39:33,078 DAKOTA_BRIDGE_Driver_1 DEBUG    _invoke_service(): processEvents  (2,)
2025-11-06 08:39:33,078 DAKOTA_BRIDGE_Driver_1 DEBUG    _get_service_response(REQUEST|fastran_FPP_000001@Driver@1|FRAMEWORK@Framework@0|125)
2025-11-06 08:39:33,092 DAKOTA_BRIDGE_Driver_1 DEBUG    _get_service_response(REQUEST|fastran_FPP_000001@Driver@1|FRAMEWORK@Framework@0|125), response = ServiceResponseMessage(sender_id=FRAMEWORK@Framework@0, receiver_id=fastran_FPP_000001@Driver@1, request_msg_id=REQUEST|fastran_FPP_000001@Driver@1|FRAMEWORK@Framework@0|125,status=0, args=({2: {'_IPS_DYNAMIC_SIMULATION': []}},), message_id=RESPONSE|FRAMEWORK@Framework@0|fastran_FPP_000001@Driver@1|2911)
2025-11-06 08:39:33,593 DAKOTA_BRIDGE_Driver_1 DEBUG    _invoke_service(): processEvents  (2,)
2025-11-06 08:39:33,593 DAKOTA_BRIDGE_Driver_1 DEBUG    _get_service_response(REQUEST|fastran_FPP_000001@Driver@1|FRAMEWORK@Framework@0|126)
2025-11-06 08:39:33,603 DAKOTA_BRIDGE_Driver_1 DEBUG    _get_service_response(REQUEST|fastran_FPP_000001@Driver@1|FRAMEWORK@Framework@0|126), response = ServiceResponseMessage(sender_id=FRAMEWORK@Framework@0, receiver_id=fastran_FPP_000001@Driver@1, request_msg_id=REQUEST|fastran_FPP_000001@Driver@1|FRAMEWORK@Framework@0|126,status=0, args=({2: {'_IPS_DYNAMIC_SIMULATION': []}},), message_id=RESPONSE|FRAMEWORK@Framework@0|fastran_FPP_000001@Driver@1|2957)
2025-11-06 08:39:34,104 DAKOTA_BRIDGE_Driver_1 DEBUG    _invoke_service(): processEvents  (2,)
2025-11-06 08:39:34,104 DAKOTA_BRIDGE_Driver_1 DEBUG    _get_service_response(REQUEST|fastran_FPP_000001@Driver@1|FRAMEWORK@Framework@0|127)
2025-11-06 08:39:34,115 DAKOTA_BRIDGE_Driver_1 DEBUG    _get_service_response(REQUEST|fastran_FPP_000001@Driver@1|FRAMEWORK@Framework@0|127), response = ServiceResponseMessage(sender_id=FRAMEWORK@Framework@0, receiver_id=fastran_FPP_000001@Driver@1, request_msg_id=REQUEST|fastran_FPP_000001@Driver@1|FRAMEWORK@Framework@0|127,status=0, args=({2: {'_IPS_DYNAMIC_SIMULATION': []}},), message_id=RESPONSE|FRAMEWORK@Framework@0|fastran_FPP_000001@Driver@1|2980)
2025-11-06 08:39:34,615 DAKOTA_BRIDGE_Driver_1 DEBUG    _invoke_service(): processEvents  (2,)
2025-11-06 08:39:34,616 DAKOTA_BRIDGE_Driver_1 DEBUG    _get_service_response(REQUEST|fastran_FPP_000001@Driver@1|FRAMEWORK@Framework@0|128)
2025-11-06 08:39:34,626 DAKOTA_BRIDGE_Driver_1 DEBUG    _get_service_response(REQUEST|fastran_FPP_000001@Driver@1|FRAMEWORK@Framework@0|128), response = ServiceResponseMessage(sender_id=FRAMEWORK@Framework@0, receiver_id=fastran_FPP_000001@Driver@1, request_msg_id=REQUEST|fastran_FPP_000001@Driver@1|FRAMEWORK@Framework@0|128,status=0, args=({2: {'_IPS_DYNAMIC_SIMULATION': []}},), message_id=RESPONSE|FRAMEWORK@Framework@0|fastran_FPP_000001@Driver@1|2995)
2025-11-06 08:39:35,127 DAKOTA_BRIDGE_Driver_1 DEBUG    _invoke_service(): processEvents  (2,)
2025-11-06 08:39:35,127 DAKOTA_BRIDGE_Driver_1 DEBUG    _get_service_response(REQUEST|fastran_FPP_000001@Driver@1|FRAMEWORK@Framework@0|129)
2025-11-06 08:39:35,138 DAKOTA_BRIDGE_Driver_1 DEBUG    _get_service_response(REQUEST|fastran_FPP_000001@Driver@1|FRAMEWORK@Framework@0|129), response = ServiceResponseMessage(sender_id=FRAMEWORK@Framework@0, receiver_id=fastran_FPP_000001@Driver@1, request_msg_id=REQUEST|fastran_FPP_000001@Driver@1|FRAMEWORK@Framework@0|129,status=0, args=({2: {'_IPS_DYNAMIC_SIMULATION': []}},), message_id=RESPONSE|FRAMEWORK@Framework@0|fastran_FPP_000001@Driver@1|3000)
2025-11-06 08:39:35,639 DAKOTA_BRIDGE_Driver_1 DEBUG    _invoke_service(): processEvents  (2,)
2025-11-06 08:39:35,639 DAKOTA_BRIDGE_Driver_1 DEBUG    _get_service_response(REQUEST|fastran_FPP_000001@Driver@1|FRAMEWORK@Framework@0|130)
2025-11-06 08:39:35,661 DAKOTA_BRIDGE_Driver_1 DEBUG    _get_service_response(REQUEST|fastran_FPP_000001@Driver@1|FRAMEWORK@Framework@0|130), response = ServiceResponseMessage(sender_id=FRAMEWORK@Framework@0, receiver_id=fastran_FPP_000001@Driver@1, request_msg_id=REQUEST|fastran_FPP_000001@Driver@1|FRAMEWORK@Framework@0|130,status=0, args=({2: {'_IPS_DYNAMIC_SIMULATION': []}},), message_id=RESPONSE|FRAMEWORK@Framework@0|fastran_FPP_000001@Driver@1|3029)
2025-11-06 08:39:36,162 DAKOTA_BRIDGE_Driver_1 DEBUG    _invoke_service(): processEvents  (2,)
2025-11-06 08:39:36,162 DAKOTA_BRIDGE_Driver_1 DEBUG    _get_service_response(REQUEST|fastran_FPP_000001@Driver@1|FRAMEWORK@Framework@0|131)
2025-11-06 08:39:36,173 DAKOTA_BRIDGE_Driver_1 DEBUG    _get_service_response(REQUEST|fastran_FPP_000001@Driver@1|FRAMEWORK@Framework@0|131), response = ServiceResponseMessage(sender_id=FRAMEWORK@Framework@0, receiver_id=fastran_FPP_000001@Driver@1, request_msg_id=REQUEST|fastran_FPP_000001@Driver@1|FRAMEWORK@Framework@0|131,status=0, args=({2: {'_IPS_DYNAMIC_SIMULATION': []}},), message_id=RESPONSE|FRAMEWORK@Framework@0|fastran_FPP_000001@Driver@1|3080)
2025-11-06 08:39:36,673 DAKOTA_BRIDGE_Driver_1 DEBUG    _invoke_service(): processEvents  (2,)
2025-11-06 08:39:36,673 DAKOTA_BRIDGE_Driver_1 DEBUG    _get_service_response(REQUEST|fastran_FPP_000001@Driver@1|FRAMEWORK@Framework@0|132)
2025-11-06 08:39:36,684 DAKOTA_BRIDGE_Driver_1 DEBUG    _get_service_response(REQUEST|fastran_FPP_000001@Driver@1|FRAMEWORK@Framework@0|132), response = ServiceResponseMessage(sender_id=FRAMEWORK@Framework@0, receiver_id=fastran_FPP_000001@Driver@1, request_msg_id=REQUEST|fastran_FPP_000001@Driver@1|FRAMEWORK@Framework@0|132,status=0, args=({2: {'_IPS_DYNAMIC_SIMULATION': []}},), message_id=RESPONSE|FRAMEWORK@Framework@0|fastran_FPP_000001@Driver@1|3088)
2025-11-06 08:39:37,184 DAKOTA_BRIDGE_Driver_1 DEBUG    _invoke_service(): processEvents  (2,)
2025-11-06 08:39:37,185 DAKOTA_BRIDGE_Driver_1 DEBUG    _get_service_response(REQUEST|fastran_FPP_000001@Driver@1|FRAMEWORK@Framework@0|133)
2025-11-06 08:39:37,195 DAKOTA_BRIDGE_Driver_1 DEBUG    _get_service_response(REQUEST|fastran_FPP_000001@Driver@1|FRAMEWORK@Framework@0|133), response = ServiceResponseMessage(sender_id=FRAMEWORK@Framework@0, receiver_id=fastran_FPP_000001@Driver@1, request_msg_id=REQUEST|fastran_FPP_000001@Driver@1|FRAMEWORK@Framework@0|133,status=0, args=({2: {'_IPS_DYNAMIC_SIMULATION': [<ipsframework.cca_es_spec.Event object at 0x7ff8029002b0>]}},), message_id=RESPONSE|FRAMEWORK@Framework@0|fastran_FPP_000001@Driver@1|3137)
2025-11-06 08:39:37,196 DAKOTA_BRIDGE_Driver_1 DEBUG    In Component: Just received {'eventtype': 'IPS_END', 'SIM_NAME': 'fastran_FPP_000001_1917966_0007', 'ok': True}
2025-11-06 08:39:37,196 DAKOTA_BRIDGE_Driver_1 DEBUG    In Component: There are 1 events in self.events_received
2025-11-06 08:39:37,696 DAKOTA_BRIDGE_Driver_1 DEBUG    _invoke_service(): processEvents  (2,)
2025-11-06 08:39:37,697 DAKOTA_BRIDGE_Driver_1 DEBUG    _get_service_response(REQUEST|fastran_FPP_000001@Driver@1|FRAMEWORK@Framework@0|134)
2025-11-06 08:39:37,708 DAKOTA_BRIDGE_Driver_1 DEBUG    _get_service_response(REQUEST|fastran_FPP_000001@Driver@1|FRAMEWORK@Framework@0|134), response = ServiceResponseMessage(sender_id=FRAMEWORK@Framework@0, receiver_id=fastran_FPP_000001@Driver@1, request_msg_id=REQUEST|fastran_FPP_000001@Driver@1|FRAMEWORK@Framework@0|134,status=0, args=({2: {'_IPS_DYNAMIC_SIMULATION': [<ipsframework.cca_es_spec.Event object at 0x7ff8029002b0>]}},), message_id=RESPONSE|FRAMEWORK@Framework@0|fastran_FPP_000001@Driver@1|3160)
2025-11-06 08:39:37,708 DAKOTA_BRIDGE_Driver_1 DEBUG    In Component: Just received {'eventtype': 'IPS_END', 'SIM_NAME': 'fastran_FPP_000001_1917966_0004', 'ok': True}
2025-11-06 08:39:37,708 DAKOTA_BRIDGE_Driver_1 DEBUG    In Component: There are 1 events in self.events_received
2025-11-06 08:39:38,208 DAKOTA_BRIDGE_Driver_1 DEBUG    _invoke_service(): processEvents  (2,)
2025-11-06 08:39:38,209 DAKOTA_BRIDGE_Driver_1 DEBUG    _get_service_response(REQUEST|fastran_FPP_000001@Driver@1|FRAMEWORK@Framework@0|135)
2025-11-06 08:39:38,220 DAKOTA_BRIDGE_Driver_1 DEBUG    _get_service_response(REQUEST|fastran_FPP_000001@Driver@1|FRAMEWORK@Framework@0|135), response = ServiceResponseMessage(sender_id=FRAMEWORK@Framework@0, receiver_id=fastran_FPP_000001@Driver@1, request_msg_id=REQUEST|fastran_FPP_000001@Driver@1|FRAMEWORK@Framework@0|135,status=0, args=({2: {'_IPS_DYNAMIC_SIMULATION': []}},), message_id=RESPONSE|FRAMEWORK@Framework@0|fastran_FPP_000001@Driver@1|3163)
2025-11-06 08:39:38,721 DAKOTA_BRIDGE_Driver_1 DEBUG    _invoke_service(): processEvents  (2,)
2025-11-06 08:39:38,721 DAKOTA_BRIDGE_Driver_1 DEBUG    _get_service_response(REQUEST|fastran_FPP_000001@Driver@1|FRAMEWORK@Framework@0|136)
2025-11-06 08:39:38,732 DAKOTA_BRIDGE_Driver_1 DEBUG    _get_service_response(REQUEST|fastran_FPP_000001@Driver@1|FRAMEWORK@Framework@0|136), response = ServiceResponseMessage(sender_id=FRAMEWORK@Framework@0, receiver_id=fastran_FPP_000001@Driver@1, request_msg_id=REQUEST|fastran_FPP_000001@Driver@1|FRAMEWORK@Framework@0|136,status=0, args=({2: {'_IPS_DYNAMIC_SIMULATION': [<ipsframework.cca_es_spec.Event object at 0x7ff80292edc0>]}},), message_id=RESPONSE|FRAMEWORK@Framework@0|fastran_FPP_000001@Driver@1|3216)
2025-11-06 08:39:38,732 DAKOTA_BRIDGE_Driver_1 DEBUG    In Component: Just received {'eventtype': 'IPS_END', 'SIM_NAME': 'fastran_FPP_000001_1917966_0005', 'ok': True}
2025-11-06 08:39:38,732 DAKOTA_BRIDGE_Driver_1 DEBUG    In Component: There are 1 events in self.events_received
2025-11-06 08:39:39,233 DAKOTA_BRIDGE_Driver_1 DEBUG    _invoke_service(): processEvents  (2,)
2025-11-06 08:39:39,233 DAKOTA_BRIDGE_Driver_1 DEBUG    _get_service_response(REQUEST|fastran_FPP_000001@Driver@1|FRAMEWORK@Framework@0|137)
2025-11-06 08:39:39,244 DAKOTA_BRIDGE_Driver_1 DEBUG    _get_service_response(REQUEST|fastran_FPP_000001@Driver@1|FRAMEWORK@Framework@0|137), response = ServiceResponseMessage(sender_id=FRAMEWORK@Framework@0, receiver_id=fastran_FPP_000001@Driver@1, request_msg_id=REQUEST|fastran_FPP_000001@Driver@1|FRAMEWORK@Framework@0|137,status=0, args=({2: {'_IPS_DYNAMIC_SIMULATION': [<ipsframework.cca_es_spec.Event object at 0x7ff80292ebe0>]}},), message_id=RESPONSE|FRAMEWORK@Framework@0|fastran_FPP_000001@Driver@1|3257)
2025-11-06 08:39:39,244 DAKOTA_BRIDGE_Driver_1 DEBUG    In Component: Just received {'eventtype': 'IPS_END', 'SIM_NAME': 'fastran_FPP_000001_1917966_0002', 'ok': True}
2025-11-06 08:39:39,244 DAKOTA_BRIDGE_Driver_1 DEBUG    In Component: There are 1 events in self.events_received
2025-11-06 08:39:39,745 DAKOTA_BRIDGE_Driver_1 DEBUG    _invoke_service(): processEvents  (2,)
2025-11-06 08:39:39,745 DAKOTA_BRIDGE_Driver_1 DEBUG    _get_service_response(REQUEST|fastran_FPP_000001@Driver@1|FRAMEWORK@Framework@0|138)
2025-11-06 08:39:39,757 DAKOTA_BRIDGE_Driver_1 DEBUG    _get_service_response(REQUEST|fastran_FPP_000001@Driver@1|FRAMEWORK@Framework@0|138), response = ServiceResponseMessage(sender_id=FRAMEWORK@Framework@0, receiver_id=fastran_FPP_000001@Driver@1, request_msg_id=REQUEST|fastran_FPP_000001@Driver@1|FRAMEWORK@Framework@0|138,status=0, args=({2: {'_IPS_DYNAMIC_SIMULATION': [<ipsframework.cca_es_spec.Event object at 0x7ff80292edf0>]}},), message_id=RESPONSE|FRAMEWORK@Framework@0|fastran_FPP_000001@Driver@1|3296)
2025-11-06 08:39:39,757 DAKOTA_BRIDGE_Driver_1 DEBUG    In Component: Just received {'eventtype': 'IPS_END', 'SIM_NAME': 'fastran_FPP_000001_1917966_0008', 'ok': True}
2025-11-06 08:39:39,757 DAKOTA_BRIDGE_Driver_1 DEBUG    In Component: There are 1 events in self.events_received
2025-11-06 08:39:40,258 DAKOTA_BRIDGE_Driver_1 DEBUG    _invoke_service(): processEvents  (2,)
2025-11-06 08:39:40,258 DAKOTA_BRIDGE_Driver_1 DEBUG    _get_service_response(REQUEST|fastran_FPP_000001@Driver@1|FRAMEWORK@Framework@0|139)
2025-11-06 08:39:40,269 DAKOTA_BRIDGE_Driver_1 DEBUG    _get_service_response(REQUEST|fastran_FPP_000001@Driver@1|FRAMEWORK@Framework@0|139), response = ServiceResponseMessage(sender_id=FRAMEWORK@Framework@0, receiver_id=fastran_FPP_000001@Driver@1, request_msg_id=REQUEST|fastran_FPP_000001@Driver@1|FRAMEWORK@Framework@0|139,status=0, args=({2: {'_IPS_DYNAMIC_SIMULATION': []}},), message_id=RESPONSE|FRAMEWORK@Framework@0|fastran_FPP_000001@Driver@1|3298)
2025-11-06 08:39:40,770 DAKOTA_BRIDGE_Driver_1 DEBUG    _invoke_service(): processEvents  (2,)
2025-11-06 08:39:40,770 DAKOTA_BRIDGE_Driver_1 DEBUG    _get_service_response(REQUEST|fastran_FPP_000001@Driver@1|FRAMEWORK@Framework@0|140)
2025-11-06 08:39:40,781 DAKOTA_BRIDGE_Driver_1 DEBUG    _get_service_response(REQUEST|fastran_FPP_000001@Driver@1|FRAMEWORK@Framework@0|140), response = ServiceResponseMessage(sender_id=FRAMEWORK@Framework@0, receiver_id=fastran_FPP_000001@Driver@1, request_msg_id=REQUEST|fastran_FPP_000001@Driver@1|FRAMEWORK@Framework@0|140,status=0, args=({2: {'_IPS_DYNAMIC_SIMULATION': []}},), message_id=RESPONSE|FRAMEWORK@Framework@0|fastran_FPP_000001@Driver@1|3300)
2025-11-06 08:39:41,281 DAKOTA_BRIDGE_Driver_1 DEBUG    _invoke_service(): processEvents  (2,)
2025-11-06 08:39:41,281 DAKOTA_BRIDGE_Driver_1 DEBUG    _get_service_response(REQUEST|fastran_FPP_000001@Driver@1|FRAMEWORK@Framework@0|141)
2025-11-06 08:39:41,292 DAKOTA_BRIDGE_Driver_1 DEBUG    _get_service_response(REQUEST|fastran_FPP_000001@Driver@1|FRAMEWORK@Framework@0|141), response = ServiceResponseMessage(sender_id=FRAMEWORK@Framework@0, receiver_id=fastran_FPP_000001@Driver@1, request_msg_id=REQUEST|fastran_FPP_000001@Driver@1|FRAMEWORK@Framework@0|141,status=0, args=({2: {'_IPS_DYNAMIC_SIMULATION': []}},), message_id=RESPONSE|FRAMEWORK@Framework@0|fastran_FPP_000001@Driver@1|3302)
2025-11-06 08:39:41,792 DAKOTA_BRIDGE_Driver_1 DEBUG    _invoke_service(): processEvents  (2,)
2025-11-06 08:39:41,793 DAKOTA_BRIDGE_Driver_1 DEBUG    _get_service_response(REQUEST|fastran_FPP_000001@Driver@1|FRAMEWORK@Framework@0|142)
2025-11-06 08:39:41,807 DAKOTA_BRIDGE_Driver_1 DEBUG    _get_service_response(REQUEST|fastran_FPP_000001@Driver@1|FRAMEWORK@Framework@0|142), response = ServiceResponseMessage(sender_id=FRAMEWORK@Framework@0, receiver_id=fastran_FPP_000001@Driver@1, request_msg_id=REQUEST|fastran_FPP_000001@Driver@1|FRAMEWORK@Framework@0|142,status=0, args=({2: {'_IPS_DYNAMIC_SIMULATION': []}},), message_id=RESPONSE|FRAMEWORK@Framework@0|fastran_FPP_000001@Driver@1|3313)
2025-11-06 08:39:42,308 DAKOTA_BRIDGE_Driver_1 DEBUG    _invoke_service(): processEvents  (2,)
2025-11-06 08:39:42,308 DAKOTA_BRIDGE_Driver_1 DEBUG    _get_service_response(REQUEST|fastran_FPP_000001@Driver@1|FRAMEWORK@Framework@0|143)
2025-11-06 08:39:42,318 DAKOTA_BRIDGE_Driver_1 DEBUG    _get_service_response(REQUEST|fastran_FPP_000001@Driver@1|FRAMEWORK@Framework@0|143), response = ServiceResponseMessage(sender_id=FRAMEWORK@Framework@0, receiver_id=fastran_FPP_000001@Driver@1, request_msg_id=REQUEST|fastran_FPP_000001@Driver@1|FRAMEWORK@Framework@0|143,status=0, args=({2: {'_IPS_DYNAMIC_SIMULATION': [<ipsframework.cca_es_spec.Event object at 0x7ff80292ed00>]}},), message_id=RESPONSE|FRAMEWORK@Framework@0|fastran_FPP_000001@Driver@1|3343)
2025-11-06 08:39:42,319 DAKOTA_BRIDGE_Driver_1 DEBUG    In Component: Just received {'eventtype': 'IPS_END', 'SIM_NAME': 'fastran_FPP_000001_1917966_0006', 'ok': True}
2025-11-06 08:39:42,319 DAKOTA_BRIDGE_Driver_1 DEBUG    In Component: There are 1 events in self.events_received
2025-11-06 08:39:42,517 DAKOTA_BRIDGE_Driver_1 DEBUG    _invoke_service(): processEvents  (2,)
2025-11-06 08:39:42,517 DAKOTA_BRIDGE_Driver_1 DEBUG    _get_service_response(REQUEST|fastran_FPP_000001@Driver@1|FRAMEWORK@Framework@0|144)
2025-11-06 08:39:42,528 DAKOTA_BRIDGE_Driver_1 DEBUG    _get_service_response(REQUEST|fastran_FPP_000001@Driver@1|FRAMEWORK@Framework@0|144), response = ServiceResponseMessage(sender_id=FRAMEWORK@Framework@0, receiver_id=fastran_FPP_000001@Driver@1, request_msg_id=REQUEST|fastran_FPP_000001@Driver@1|FRAMEWORK@Framework@0|144,status=0, args=({2: {'_IPS_DYNAMIC_SIMULATION': []}},), message_id=RESPONSE|FRAMEWORK@Framework@0|fastran_FPP_000001@Driver@1|3345)
2025-11-06 08:39:42,530 DAKOTA_BRIDGE_Driver_1 DEBUG    Received Message 
2025-11-06 08:39:42,530 DAKOTA_BRIDGE_Driver_1 DEBUG    Calling method finalize(0)
