  EFITD    01/01/2017    #000001     1ms           3 129 129
 4.550000000E+00 8.564705882E+00 4.550000000E+00 2.248235294E+00 0.000000000E+00
 4.762360250E+00 5.604918731E-02-1.840552104E+01-1.195779215E+01 1.100000000E+01
 9.999999995E+06-1.840552104E+01 0.000000000E+00 4.762360250E+00 0.000000000E+00
 5.604918731E-02 0.000000000E+00-1.195779215E+01 0.000000000E+00 0.000000000E+00
 5.064324633E+01 5.064809927E+01 5.065265293E+01 5.065690468E+01 5.066084803E+01
 5.066447651E+01 5.066778378E+01 5.067076338E+01 5.067340867E+01 5.067571318E+01
 5.067767043E+01 5.067927409E+01 5.068051724E+01 5.068138472E+01 5.068183370E+01
 5.068184298E+01 5.068142712E+01 5.068060336E+01 5.067940201E+01 5.067786518E+01
 5.067603055E+01 5.067389327E+01 5.067138415E+01 5.066841132E+01 5.066492696E+01
 5.066093076E+01 5.065643715E+01 5.065146616E+01 5.064604825E+01 5.064022213E+01
 5.063402197E+01 5.062747293E+01 5.062059532E+01 5.061340578E+01 5.060591875E+01
 5.059814819E+01 5.059011119E+01 5.058183042E+01 5.057333222E+01 5.056464369E+01
 5.055579073E+01 5.054679895E+01 5.053769324E+01 5.052849787E+01 5.051923141E+01
 5.050990768E+01 5.050053891E+01 5.049113452E+01 5.048170392E+01 5.047225522E+01
 5.046279341E+01 5.045332292E+01 5.044384757E+01 5.043437149E+01 5.042489894E+01
 5.041543463E+01 5.040598283E+01 5.039654708E+01 5.038713076E+01 5.037773756E+01
 5.036837158E+01 5.035903814E+01 5.034974327E+01 5.034049241E+01 5.033129145E+01
 5.032214629E+01 5.031306251E+01 5.030404644E+01 5.029510383E+01 5.028623997E+01
 5.027745959E+01 5.026876649E+01 5.026016510E+01 5.025165881E+01 5.024325144E+01
 5.023494608E+01 5.022674583E+01 5.021865304E+01 5.021067036E+01 5.020280044E+01
 5.019504593E+01 5.018740948E+01 5.017989373E+01 5.017250120E+01 5.016523468E+01
 5.015809667E+01 5.015108967E+01 5.014421648E+01 5.013748019E+01 5.013088360E+01
 5.012442950E+01 5.011812129E+01 5.011196293E+01 5.010595884E+01 5.010011418E+01
 5.009443262E+01 5.008891667E+01 5.008356662E+01 5.007838232E+01 5.007336422E+01
 5.006851114E+01 5.006381939E+01 5.005928015E+01 5.005488238E+01 5.005061885E+01
 5.004649459E+01 5.004253534E+01 5.003876392E+01 5.003518491E+01 5.003187115E+01
 5.002900299E+01 5.002682729E+01 5.002556235E+01 5.002522231E+01 5.002567511E+01
 5.002678460E+01 5.002845730E+01 5.003064508E+01 5.003325769E+01 5.003614645E+01
 5.003913871E+01 5.004205780E+01 5.004473930E+01 5.004703954E+01 5.004886931E+01
 5.005023995E+01 5.005108844E+01 5.005113584E+01 5.005000000E+01
 1.923899407E+06 1.875066040E+06 1.826960103E+06 1.779596159E+06 1.732988783E+06
 1.687152543E+06 1.642102002E+06 1.597851730E+06 1.554416300E+06 1.511810276E+06
 1.470048227E+06 1.429144721E+06 1.389114331E+06 1.349987444E+06 1.311842793E+06
 1.274721260E+06 1.238599563E+06 1.203450914E+06 1.169224476E+06 1.135846402E+06
 1.103250034E+06 1.071446043E+06 1.040562060E+06 1.010766195E+06 9.821472776E+05
 9.547066103E+05 9.284194268E+05 9.032502531E+05 8.791439374E+05 8.560313341E+05
 8.338510208E+05 8.125577493E+05 7.921160940E+05 7.724962677E+05 7.536732838E+05
 7.356230513E+05 7.183153081E+05 7.017096251E+05 6.857588606E+05 6.704147235E+05
 6.556301026E+05 6.413598406E+05 6.275583900E+05 6.141827263E+05 6.011993930E+05
 5.885836214E+05 5.763144846E+05 5.643747400E+05 5.527482554E+05 5.414213002E+05
 5.303850566E+05 5.196322222E+05 5.091572310E+05 4.989535672E+05 4.890139919E+05
 4.793314570E+05 4.698992831E+05 4.607121252E+05 4.517650979E+05 4.430529768E+05
 4.345690437E+05 4.263049494E+05 4.182512439E+05 4.103984013E+05 4.027371139E+05
 3.952579648E+05 3.879512739E+05 3.808069408E+05 3.738155003E+05 3.669684461E+05
 3.602585272E+05 3.536795303E+05 3.472254054E+05 3.408907741E+05 3.346702004E+05
 3.285593798E+05 3.225544039E+05 3.166520269E+05 3.108492390E+05 3.051426824E+05
 2.995293075E+05 2.940055916E+05 2.885684738E+05 2.832148185E+05 2.779415463E+05
 2.727458828E+05 2.676245629E+05 2.625745442E+05 2.575922469E+05 2.526741239E+05
 2.478168787E+05 2.430161870E+05 2.382670777E+05 2.335628312E+05 2.288963265E+05
 2.242625220E+05 2.196592421E+05 2.150884375E+05 2.105529721E+05 2.060547478E+05
 2.015985722E+05 1.971946108E+05 1.928623625E+05 1.886264541E+05 1.845034142E+05
 1.804862118E+05 1.765290417E+05 1.725903486E+05 1.686645599E+05 1.646135519E+05
 1.600929498E+05 1.546295887E+05 1.478066141E+05 1.395997213E+05 1.302658663E+05
 1.200704565E+05 1.091961127E+05 9.773711717E+04 8.586719353E+04 7.387249680E+04
 6.208245917E+04 5.083089423E+04 4.042396798E+04 3.112029946E+04 2.306327240E+04
 1.619498957E+04 1.059681785E+04 6.752915953E+03 5.307994997E+03
 5.029600163E+00 4.728740824E+00 4.428758796E+00 4.122270982E+00 3.809227648E+00
 3.489608309E+00 3.163422378E+00 2.830663423E+00 2.491319853E+00 2.145387524E+00
 1.792856164E+00 1.433713039E+00 1.067955328E+00 6.775745295E-01 2.259836134E-01
-2.075829437E-01-6.292365420E-01-1.028174411E+00-1.389154333E+00-1.703223929E+00
-1.988120525E+00-2.311997072E+00-2.736264619E+00-3.244340209E+00-3.765157820E+00
-4.273105050E+00-4.765107314E+00-5.232537717E+00-5.662426605E+00-6.052358070E+00
-6.413183315E+00-6.751811715E+00-7.072150635E+00-7.376509855E+00-7.667816750E+00
-7.944099240E+00-8.200587890E+00-8.430994770E+00-8.634370085E+00-8.810508520E+00
-8.961012940E+00-9.086500995E+00-9.185979770E+00-9.263315875E+00-9.325209410E+00
-9.374476485E+00-9.412546440E+00-9.442034745E+00-9.461539505E+00-9.475128190E+00
-9.484074655E+00-9.488697515E+00-9.490483090E+00-9.486811895E+00-9.479477645E+00
-9.466864550E+00-9.450964325E+00-9.431180275E+00-9.408536280E+00-9.381634185E+00
-9.350295790E+00-9.313010025E+00-9.270140660E+00-9.221275965E+00-9.167059330E+00
-9.106728400E+00-9.040787965E+00-8.968298240E+00-8.890870945E+00-8.807899210E+00
-8.721292525E+00-8.630235130E+00-8.535681605E+00-8.437369930E+00-8.335487270E+00
-8.231026155E+00-8.123387470E+00-8.013829340E+00-7.901338115E+00-7.786522755E+00
-7.669085710E+00-7.548775960E+00-7.426312465E+00-7.300877430E+00-7.173294645E+00
-7.043052335E+00-6.910098305E+00-6.774684345E+00-6.635978195E+00-6.494790005E+00
-6.350548765E+00-6.202704475E+00-6.051111220E+00-5.894055585E+00-5.732761430E+00
-5.568131305E+00-5.402139594E+00-5.237028181E+00-5.071442909E+00-4.905635444E+00
-4.742305310E+00-4.584172467E+00-4.438088364E+00-4.302447941E+00-4.170458138E+00
-4.024684741E+00-3.842379700E+00-3.650516683E+00-3.459945054E+00-3.122927588E+00
-2.574490045E+00-1.747062091E+00-7.653597875E-01 8.985624065E-02 8.095190730E-01
 1.394367865E+00 1.928083130E+00 2.417499419E+00 2.772590579E+00 2.966135871E+00
 2.978528734E+00 2.821195443E+00 2.506554358E+00 2.063965398E+00 1.571985453E+00
 1.151895706E+00 5.340713714E-01-4.399296951E-01-1.817083493E+00
-9.765857519E+05-9.622894806E+05-9.477040014E+05-9.328293141E+05-9.176654112E+05
-9.022123002E+05-8.864699736E+05-8.704384467E+05-8.541176964E+05-8.375077458E+05
-8.206085795E+05-8.034202052E+05-7.859426152E+05-7.675474609E+05-7.469439984E+05
-7.269257283E+05-7.072466710E+05-6.882918576E+05-6.706313506E+05-6.546084535E+05
-6.395945091E+05-6.231480606E+05-6.030666581E+05-5.799454729E+05-5.563372024E+05
-5.331643876E+05-5.105393813E+05-4.887750221E+05-4.683398727E+05-4.493205917E+05
-4.313243913E+05-4.141016273E+05-3.975119170E+05-3.814716957E+05-3.658742257E+05
-3.507904891E+05-3.363944692E+05-3.229159960E+05-3.103915874E+05-2.988305046E+05
-2.881766302E+05-2.784084205E+05-2.695630559E+05-2.615030436E+05-2.539858990E+05
-2.469094719E+05-2.402231669E+05-2.338313354E+05-2.277854955E+05-2.219387974E+05
-2.162431826E+05-2.106862936E+05-2.052116602E+05-1.999136404E+05-1.947262986E+05
-1.897080799E+05-1.847861111E+05-1.799798532E+05-1.752520418E+05-1.706531946E+05
-1.661920998E+05-1.619246234E+05-1.578389501E+05-1.539495593E+05-1.502334277E+05
-1.467180195E+05-1.433861081E+05-1.402718091E+05-1.373156716E+05-1.345391197E+05
-1.318708695E+05-1.293409752E+05-1.269128887E+05-1.245967202E+05-1.223843535E+05
-1.202390955E+05-1.181818161E+05-1.161655822E+05-1.142277950E+05-1.123448273E+05
-1.105280033E+05-1.087850806E+05-1.070897119E+05-1.054712973E+05-1.038981978E+05
-1.023899138E+05-1.009464689E+05-9.955898991E+04-9.825765066E+04-9.701103197E+04
-9.584055573E+04-9.476563759E+04-9.379254726E+04-9.298439179E+04-9.229406087E+04
-9.168606301E+04-9.108210829E+04-9.039667658E+04-8.967899958E+04-8.891806115E+04
-8.800950824E+04-8.684494085E+04-8.516222985E+04-8.301985871E+04-8.068092472E+04
-7.881768753E+04-7.829740796E+04-7.808407061E+04-7.778506725E+04-8.305576249E+04
-9.642977748E+04-1.204869815E+05-1.504117427E+05-1.754339354E+05-1.951565258E+05
-2.096410357E+05-2.221128565E+05-2.328539908E+05-2.384283038E+05-2.378079661E+05
-2.303025410E+05-2.164284990E+05-1.967670830E+05-1.726248718E+05-1.472705436E+05
-1.254270899E+05-9.684217528E+04-5.577573243E+04-1.593269132E+03
 1.705248211E+00 1.781076430E+00 1.859855796E+00 1.941660458E+00 2.026518490E+00
 2.114392378E+00 2.205159914E+00 2.298599576E+00 2.394384359E+00 2.492085304E+00
 2.591181512E+00 2.691069752E+00 2.791066256E+00 2.890395697E+00 2.988873637E+00
 3.068527870E+00 3.118427796E+00 3.129153769E+00 3.112669801E+00 3.110923974E+00
 3.131384758E+00 3.176445907E+00 3.250102508E+00 3.339960852E+00 3.406429281E+00
 3.453452456E+00 3.483974840E+00 3.499958352E+00 3.502595551E+00 3.492513589E+00
 3.469948973E+00 3.434888993E+00 3.387128764E+00 3.326225653E+00 3.251409285E+00
 3.161486145E+00 3.054718486E+00 2.928638200E+00 2.779766989E+00 2.603269379E+00
 2.392751179E+00 2.186772750E+00 2.008299967E+00 1.852267116E+00 1.714980733E+00
 1.593922512E+00 1.487455572E+00 1.394594286E+00 1.314854753E+00 1.248168332E+00
 1.194841522E+00 1.155551720E+00 1.131374655E+00 1.123843687E+00 1.135044701E+00
 1.167749959E+00 1.225581271E+00 1.313140442E+00 1.430632305E+00 1.503407828E+00
 1.537158572E+00 1.528746090E+00 1.474294514E+00 1.387736930E+00 1.262973902E+00
 1.093122463E+00 8.899413364E-01 6.447062053E-01 3.474714353E-01 7.294908832E-03
-3.880631522E-01-8.277611148E-01-1.235701717E+00-1.617715745E+00-1.978310642E+00
-2.321101295E+00-2.648941516E+00-2.964085707E+00-3.268325676E+00-3.563095659E+00
-3.849550965E+00-4.128626686E+00-4.401081759E+00-4.667532232E+00-4.928476664E+00
-5.184315627E+00-5.435366756E+00-5.681876693E+00-5.924030336E+00-6.161958294E+00
-6.395742952E+00-6.625423471E+00-6.850999734E+00-7.072436085E+00-7.289664204E+00
-7.502586107E+00-7.711076583E+00-7.914985835E+00-8.114141926E+00-8.308353336E+00
-8.497411485E+00-8.681093689E+00-8.859165917E+00-9.031385863E+00-9.197506140E+00
-9.357277745E+00-9.510453250E+00-9.656790705E+00-9.796056827E+00-9.928030705E+00
-1.005250731E+01-1.016930066E+01-1.027824688E+01-1.037920707E+01-1.047206981E+01
-1.055675300E+01-1.063320565E+01-1.070140886E+01-1.076137660E+01-1.081315577E+01
-1.085682571E+01-1.089249760E+01-1.092031290E+01-1.094044185E+01-1.095308123E+01
-1.095845222E+01-1.095679757E+01-1.094837913E+01-1.093347484E+01 1.758326764E+00
 1.839256594E+00 1.923894506E+00 2.012463152E+00 2.105145136E+00 2.202045496E+00
 2.303147673E+00 2.408275323E+00 2.517079366E+00 2.629063198E+00 2.743637119E+00
 2.860177416E+00 2.978427603E+00 3.086317493E+00 3.166176847E+00 3.214428345E+00
 3.234091598E+00 3.218929832E+00 3.176048105E+00 3.150475300E+00 3.147961015E+00
 3.169629409E+00 3.218666838E+00 3.284480925E+00 3.330576501E+00 3.361232208E+00
 3.378539273E+00 3.383632781E+00 3.377113092E+00 3.359217525E+00 3.329938419E+00
 3.289122984E+00 3.236507881E+00 3.171668228E+00 3.093936393E+00 3.002330843E+00
 2.895480166E+00 2.771503432E+00 2.627780426E+00 2.460413026E+00 2.262720971E+00
 2.069441034E+00 1.900340277E+00 1.750417500E+00 1.616878725E+00 1.497987110E+00
 1.392657105E+00 1.300280138E+00 1.220638410E+00 1.153864681E+00 1.100433525E+00
 1.061178934E+00 1.037336984E+00 1.030613499E+00 1.043274466E+00 1.078248064E+00
 1.139207500E+00 1.230573420E+00 1.349796434E+00 1.428056053E+00 1.463402489E+00
 1.454938339E+00 1.402295664E+00 1.313285482E+00 1.184382612E+00 1.012443571E+00
 8.028055376E-01 5.492003334E-01 2.455274296E-01-1.056863325E-01-5.137961733E-01
-9.629159282E-01-1.382718742E+00-1.775960118E+00-2.146965913E+00-2.499399552E+00
-2.836260185E+00-3.159963275E+00-3.472443748E+00-3.775252414E+00-4.069636005E+00
-4.356600077E+00-4.636957490E+00-4.911365385E+00-5.180353168E+00-5.444344224E+00
-5.703672303E+00-5.958594445E+00-6.209301108E+00-6.455923805E+00-6.698541571E+00
-6.937186043E+00-7.171845521E+00-7.402468667E+00-7.628967463E+00-7.851219968E+00
-8.069072920E+00-8.282344373E+00-8.490826023E+00-8.694286203E+00-8.892472324E+00
-9.085114227E+00-9.271927408E+00-9.452616296E+00-9.626878461E+00-9.794408246E+00
-9.954901289E+00-1.010805867E+01-1.025359159E+01-1.039122564E+01-1.052070531E+01
-1.064179835E+01-1.075429940E+01-1.085803388E+01-1.095286119E+01-1.103867711E+01
-1.111541592E+01-1.118305205E+01-1.124160051E+01-1.129111710E+01-1.133169782E+01
-1.136347763E+01-1.138662853E+01-1.140135726E+01-1.140790254E+01-1.140653176E+01
-1.139753771E+01-1.138123474E+01-1.135795524E+01 1.803538300E+00 1.888841535E+00
 1.978651832E+00 2.073432754E+00 2.173654772E+00 2.279732522E+00 2.391913618E+00
 2.510128756E+00 2.633894862E+00 2.762404654E+00 2.894790593E+00 3.027808235E+00
 3.124765192E+00 3.201470611E+00 3.251650964E+00 3.270770532E+00 3.262743992E+00
 3.221957185E+00 3.157048780E+00 3.108998987E+00 3.081544014E+00 3.072255714E+00
 3.078045627E+00 3.091310840E+00 3.102057880E+00 3.106417968E+00 3.103064420E+00
 3.091397404E+00 3.071068817E+00 3.041809438E+00 3.003350908E+00 2.955385788E+00
 2.897545028E+00 2.829384615E+00 2.750378929E+00 2.659922835E+00 2.557350922E+00
 2.441995616E+00 2.313345590E+00 2.171524058E+00 2.019178233E+00 1.866285288E+00
 1.721488756E+00 1.587083520E+00 1.463561823E+00 1.350969151E+00 1.249280372E+00
 1.158542341E+00 1.078942191E+00 1.010849896E+00 9.548550997E-01 9.118090154E-01
 8.828794869E-01 8.696278661E-01 8.741192710E-01 8.990818809E-01 9.481267016E-01
 1.025984366E+00 1.130764042E+00 1.195418456E+00 1.218324640E+00 1.199282133E+00
 1.138244422E+00 1.042417525E+00 9.084656132E-01 7.335203637E-01 5.224728038E-01
 2.694844839E-01-3.110193516E-02-3.773488759E-01-7.788400825E-01-1.220435260E+00
-1.633654030E+00-2.021898986E+00-2.389780438E+00-2.740866897E+00-3.077918623E+00
-3.403097375E+00-3.718118507E+00-4.024357711E+00-4.322926823E+00-4.614728962E+00
-4.900499237E+00-5.180835178E+00-5.456220016E+00-5.727040217E+00-5.993599354E+00
-6.256128580E+00-6.514794791E+00-6.769707399E+00-7.020923258E+00-7.268450876E+00
-7.512253770E+00-7.752253419E+00-7.988331623E+00-8.220332796E+00-8.448066127E+00
-8.671307947E+00-8.889803855E+00-9.103271437E+00-9.311403222E+00-9.513869635E+00
-9.710322821E+00-9.900400662E+00-1.008373111E+01-1.025993707E+01-1.042864159E+01
-1.058947327E+01-1.074207201E+01-1.088609464E+01-1.102122065E+01-1.114715774E+01
-1.126364686E+01-1.137046721E+01-1.146744008E+01-1.155443265E+01-1.163136038E+01
-1.169818887E+01-1.175493490E+01-1.180166612E+01-1.183850029E+01-1.186560345E+01
-1.188318717E+01-1.189150544E+01-1.189085063E+01-1.188154922E+01-1.186395715E+01
-1.183845502E+01-1.180544309E+01 1.839009356E+00 1.927324929E+00 2.020811603E+00
 2.120264166E+00 2.226634696E+00 2.341023366E+00 2.464571165E+00 2.597940516E+00
 2.740054768E+00 2.883750202E+00 3.005141950E+00 3.103469326E+00 3.175183076E+00
 3.221532970E+00 3.238956180E+00 3.228329537E+00 3.193630433E+00 3.129316965E+00
 3.053024052E+00 2.993824858E+00 2.949864980E+00 2.917816117E+00 2.894418850E+00
 2.876014193E+00 2.858949019E+00 2.840270313E+00 2.817917035E+00 2.790512528E+00
 2.757117527E+00 2.717056127E+00 2.669807946E+00 2.614944507E+00 2.552094668E+00
 2.480931230E+00 2.401176884E+00 2.312632704E+00 2.215239216E+00 2.109188702E+00
 1.995117590E+00 1.874396579E+00 1.749411173E+00 1.623405804E+00 1.499614739E+00
 1.380480425E+00 1.267586278E+00 1.161929299E+00 1.064178089E+00 9.748465483E-01
 8.944036962E-01 8.233452855E-01 7.622446261E-01 7.117940216E-01 6.728452317E-01
 6.464582493E-01 6.339744444E-01 6.371536543E-01 6.584964726E-01 7.021944091E-01
 7.708979875E-01 7.992271072E-01 7.945779873E-01 7.545014774E-01 6.754839512E-01
 5.688982736E-01 4.289119848E-01 2.498343149E-01 4.184052408E-02-2.024153500E-01
-4.905349242E-01-8.143367087E-01-1.185523204E+00-1.596765717E+00-1.981786627E+00
-2.348308999E+00-2.700256074E+00-3.040050070E+00-3.369448498E+00-3.689832553E+00
-4.002329724E+00-4.307876636E+00-4.607257175E+00-4.901128088E+00-5.190038088E+00
-5.474442392E+00-5.754714191E+00-6.031153785E+00-6.303995876E+00-6.573415277E+00
-6.839531645E+00-7.102412864E+00-7.362078122E+00-7.618499996E+00-7.871606465E+00
-8.121282208E+00-8.367370139E+00-8.609672672E+00-8.847953017E+00-9.081936877E+00
-9.311314140E+00-9.535741207E+00-9.754843666E+00-9.968219566E+00-1.017544332E+01
-1.037607014E+01-1.056964120E+01-1.075568956E+01-1.093374642E+01-1.110334805E+01
-1.126404294E+01-1.141539930E+01-1.155701248E+01-1.168851226E+01-1.180956976E+01
-1.191990377E+01-1.201928630E+01-1.210754714E+01-1.218457754E+01-1.225033220E+01
-1.230483074E+01-1.234815704E+01-1.238045817E+01-1.240194131E+01-1.241287034E+01
-1.241356101E+01-1.240437547E+01-1.238571647E+01-1.235802087E+01-1.232175314E+01
-1.227739899E+01 1.863431149E+00 1.952665748E+00 2.047255108E+00 2.148268766E+00
 2.257123161E+00 2.375732145E+00 2.506841880E+00 2.655085162E+00 2.802599441E+00
 2.923397824E+00 3.019049902E+00 3.092243924E+00 3.128248229E+00 3.140941646E+00
 3.126889165E+00 3.080127037E+00 3.012673056E+00 2.944347781E+00 2.880868646E+00
 2.824038637E+00 2.774272078E+00 2.730801511E+00 2.692178261E+00 2.656611902E+00
 2.622227023E+00 2.587277416E+00 2.550275164E+00 2.510022627E+00 2.465583012E+00
 2.416230231E+00 2.361401687E+00 2.300663126E+00 2.233687787E+00 2.160250042E+00
 2.080233966E+00 1.993657924E+00 1.900716768E+00 1.801841183E+00 1.697766654E+00
 1.589587632E+00 1.478750538E+00 1.366940146E+00 1.255875486E+00 1.147111221E+00
 1.041932730E+00 9.413510284E-01 8.461524152E-01 7.569617067E-01 6.742985153E-01
 5.986200889E-01 5.303499335E-01 4.698926044E-01 4.176333904E-01 3.739179172E-01
 3.389980476E-01 3.129071113E-01 2.951472661E-01 2.837141329E-01 2.717290462E-01
 2.462767717E-01 1.994267508E-01 1.283014103E-01 3.157956196E-02-9.155057931E-02
-2.417207702E-01-4.194940304E-01-6.253876166E-01-8.598338303E-01-1.123020697E+00
-1.414453074E+00-1.731484098E+00-2.064860981E+00-2.401140278E+00-2.734097023E+00
-3.061918048E+00-3.384148619E+00-3.700835625E+00-4.012237407E+00-4.318699838E+00
-4.620595230E+00-4.918290153E+00-5.212127458E+00-5.502416470E+00-5.789427939E+00
-6.073391327E+00-6.354493622E+00-6.632878986E+00-6.908648557E+00-7.181860646E+00
-7.452530736E+00-7.720631249E+00-7.986091580E+00-8.248797827E+00-8.508592354E+00
-8.765273869E+00-9.018597152E+00-9.268273288E+00-9.513970182E+00-9.755313580E+00
-9.991888569E+00-1.022324186E+01-1.044888502E+01-1.066829834E+01-1.088093578E+01
-1.108623114E+01-1.128360485E+01-1.147247203E+01-1.165225095E+01-1.182237277E+01
-1.198229094E+01-1.213149134E+01-1.226950193E+01-1.239590232E+01-1.251033203E+01
-1.261249847E+01-1.270218276E+01-1.277924476E+01-1.284362593E+01-1.289535068E+01
-1.293452592E+01-1.296133847E+01-1.297605140E+01-1.297899854E+01-1.297057759E+01
-1.295124277E+01-1.292149632E+01-1.288187973E+01-1.283296505E+01-1.277534601E+01
 1.876857572E+00 1.964407591E+00 2.056648989E+00 2.154666163E+00 2.259928894E+00
 2.374382505E+00 2.500527174E+00 2.641340626E+00 2.775457683E+00 2.875293857E+00
 2.943450893E+00 2.982215685E+00 2.988692727E+00 2.965586345E+00 2.913227801E+00
 2.854811892E+00 2.795646692E+00 2.736990521E+00 2.679963237E+00 2.625381837E+00
 2.573603999E+00 2.524496998E+00 2.477519707E+00 2.431852913E+00 2.386532359E+00
 2.340562883E+00 2.293001979E+00 2.243009355E+00 2.189867760E+00 2.132985252E+00
 2.071888773E+00 2.006216303E+00 1.935712039E+00 1.860226988E+00 1.779726073E+00
 1.694301745E+00 1.604192711E+00 1.509804229E+00 1.411723232E+00 1.310718379E+00
 1.207714871E+00 1.103740376E+00 9.998509687E-01 8.970570407E-01 7.962684148E-01
 6.982667874E-01 6.037014144E-01 5.130984210E-01 4.268741586E-01 3.453455092E-01
 2.687320683E-01 1.971457778E-01 1.305624320E-01 6.876630740E-02 1.125313861E-02
-4.293207478E-02-9.544883008E-02-1.489821542E-01-2.073867052E-01-2.751718108E-01
-3.564523629E-01-4.543226033E-01-5.709054945E-01-7.076218292E-01-8.654043760E-01
-1.044810890E+00-1.246046598E+00-1.468899551E+00-1.712574871E+00-1.975411506E+00
-2.254550743E+00-2.545918119E+00-2.845006781E+00-3.148016111E+00-3.452325020E+00
-3.756312113E+00-4.059032296E+00-4.359966937E+00-4.658861291E+00-4.955622333E+00
-5.250253770E+00-5.542813910E+00-5.833387699E+00-6.122068119E+00-6.408942912E+00
-6.694085558E+00-6.977548418E+00-7.259357614E+00-7.539508970E+00-7.817964583E+00
-8.094649910E+00-8.369450930E+00-8.642211898E+00-8.912732783E+00-9.180767499E+00
-9.446021812E+00-9.708152160E+00-9.966764474E+00-1.022141413E+01-1.047160620E+01
-1.071679705E+01-1.095639707E+01-1.118977430E+01-1.141626002E+01-1.163515551E+01
-1.184574053E+01-1.204728295E+01-1.223905027E+01-1.242032160E+01-1.259040091E+01
-1.274863031E+01-1.289440364E+01-1.302717922E+01-1.314649180E+01-1.325196304E+01
-1.334331006E+01-1.342035212E+01-1.348301446E+01-1.353133000E+01-1.356543834E+01
-1.358558194E+01-1.359210050E+01-1.358542289E+01-1.356605746E+01-1.353458114E+01
-1.349162772E+01-1.343787544E+01-1.337403527E+01-1.330083888E+01 1.881505140E+00
 1.964854977E+00 2.051208473E+00 2.141399992E+00 2.236642583E+00 2.338563720E+00
 2.449204763E+00 2.570985909E+00 2.680893157E+00 2.753454499E+00 2.790656875E+00
 2.795370326E+00 2.764024774E+00 2.721947757E+00 2.675530746E+00 2.625853990E+00
 2.573979781E+00 2.520854919E+00 2.467268234E+00 2.413799267E+00 2.360778648E+00
 2.308278255E+00 2.256135048E+00 2.203999741E+00 2.151396761E+00 2.097783742E+00
 2.042602595E+00 1.985318349E+00 1.925445539E+00 1.862564291E+00 1.796329385E+00
 1.726475460E+00 1.652820952E+00 1.575272453E+00 1.493830208E+00 1.408594662E+00
 1.319772942E+00 1.227683196E+00 1.132753872E+00 1.035514884E+00 9.365786125E-01
 8.366110703E-01 7.362966968E-01 6.363024223E-01 5.372466096E-01 4.396761555E-01
 3.440520099E-01 2.507408666E-01 1.600095224E-01 7.201826556E-02-1.319025070E-02
-9.570992636E-02-1.758011385E-01-2.539346254E-01-3.308508666E-01-4.076315986E-01
-4.857678193E-01-5.671871418E-01-6.541859889E-01-7.492380764E-01-8.547333332E-01
-9.727599813E-01-1.104996754E+00-1.252697222E+00-1.416713171E+00-1.597516076E+00
-1.795196193E+00-2.009433711E+00-2.239448253E+00-2.483950929E+00-2.741147900E+00
-3.008856020E+00-3.284744242E+00-3.566617012E+00-3.852616433E+00-4.141292472E+00
-4.431575810E+00-4.722709305E+00-5.014174383E+00-5.305627405E+00-5.596849075E+00
-5.887706105E+00-6.178122101E+00-6.468055534E+00-6.757483200E+00-7.046387250E+00
-7.334745148E+00-7.622521159E+00-7.909659612E+00-8.196078832E+00-8.481665704E+00
-8.766270787E+00-9.049703546E+00-9.331728098E+00-9.612058996E+00-9.890357327E+00
-1.016622729E+01-1.043921322E+01-1.070879755E+01-1.097439948E+01-1.123537520E+01
-1.149101925E+01-1.174056805E+01-1.198320536E+01-1.221806983E+01-1.244426517E+01
-1.266087240E+01-1.286696437E+01-1.306162210E+01-1.324395263E+01-1.341310740E+01
-1.356830105E+01-1.370882960E+01-1.383408697E+01-1.394358013E+01-1.403694088E+01
-1.411393531E+01-1.417446914E+01-1.421858965E+01-1.424648398E+01-1.425847340E+01
-1.425500454E+01-1.423663761E+01-1.420403215E+01-1.415793124E+01-1.409914449E+01
-1.402853104E+01-1.394698272E+01-1.385540822E+01 1.882250490E+00 1.959745776E+00
 2.037439213E+00 2.115708063E+00 2.195390597E+00 2.277789053E+00 2.364665345E+00
 2.458295810E+00 2.537647040E+00 2.572665781E+00 2.571651972E+00 2.551228488E+00
 2.522756573E+00 2.487562667E+00 2.446994514E+00 2.402200365E+00 2.354158834E+00
 2.303691370E+00 2.251461603E+00 2.197968784E+00 2.143543145E+00 2.088349287E+00
 2.032400423E+00 1.975582368E+00 1.917683841E+00 1.858428870E+00 1.797507532E+00
 1.734602684E+00 1.669411519E+00 1.601662060E+00 1.531125306E+00 1.457624227E+00
 1.381040528E+00 1.301320073E+00 1.218477272E+00 1.132598399E+00 1.043843336E+00
 9.524448287E-01 8.587043177E-01 7.629834167E-01 6.656907113E-01 5.672644194E-01
 4.681522817E-01 3.687906203E-01 2.695845757E-01 1.708907812E-01 7.300292066E-02
-2.386038284E-02-1.195665387E-01-2.140803244E-01-3.074771067E-01-3.999591990E-01
-4.918759949E-01-5.837474501E-01-6.762884833E-01-7.704290067E-01-8.673203995E-01
-9.683169587E-01-1.074923234E+00-1.188708450E+00-1.311203576E+00-1.443804532E+00
-1.587699405E+00-1.743823816E+00-1.912837583E+00-2.095112231E+00-2.290721694E+00
-2.499433893E+00-2.720707075E+00-2.953700526E+00-3.197311869E+00-3.450248784E+00
-3.711129743E+00-3.978593072E+00-4.251388160E+00-4.528432217E+00-4.808831039E+00
-5.091873115E+00-5.377008708E+00-5.663823260E+00-5.952009969E+00-6.241345440E+00
-6.531667862E+00-6.822859037E+00-7.114829253E+00-7.407504439E+00-7.700815332E+00
-7.994687978E+00-8.289035661E+00-8.583751018E+00-8.878699066E+00-9.173710429E+00
-9.468574596E+00-9.763033503E+00-1.005677515E+01-1.034942717E+01-1.064055101E+01
-1.092963618E+01-1.121609562E+01-1.149926161E+01-1.177838362E+01-1.205262785E+01
-1.232107902E+01-1.258274548E+01-1.283656716E+01-1.308142745E+01-1.331616853E+01
-1.353961042E+01-1.375057300E+01-1.394790065E+01-1.413048834E+01-1.429730823E+01
-1.444743542E+01-1.458007235E+01-1.469456975E+01-1.479044441E+01-1.486739184E+01
-1.492529419E+01-1.496422267E+01-1.498443447E+01-1.498636405E+01-1.497060980E+01
-1.493791633E+01-1.488915305E+01-1.482529109E+01-1.474737850E+01-1.465651578E+01
-1.455383246E+01-1.444046558E+01 1.886938486E+00 1.958760552E+00 2.026485973E+00
 2.089814927E+00 2.149313078E+00 2.206134087E+00 2.261565313E+00 2.317100525E+00
 2.351215346E+00 2.356099663E+00 2.348230354E+00 2.330043280E+00 2.303507766E+00
 2.270152952E+00 2.231214536E+00 2.187712698E+00 2.140495642E+00 2.090263562E+00
 2.037581204E+00 1.982884786E+00 1.926487558E+00 1.868587199E+00 1.809276627E+00
 1.748558633E+00 1.686363357E+00 1.622567357E+00 1.557012632E+00 1.489524386E+00
 1.419926717E+00 1.348055839E+00 1.273770880E+00 1.196962464E+00 1.117559374E+00
 1.035533587E+00 9.509037833E-01 8.637372885E-01 7.741502947E-01 6.823060525E-01
 5.884106750E-01 4.927064399E-01 3.954625817E-01 2.969639205E-01 1.974979446E-01
 9.734117981E-02-3.254395660E-03-1.040742798E-01-2.049534325E-01-3.057873722E-01
-4.065426907E-01-5.072674150E-01-6.081016140E-01-7.092883493E-01-8.111846527E-01
-9.142715298E-01-1.019160976E+00-1.126597216E+00-1.237448647E+00-1.352687466E+00
-1.473355635E+00-1.600519269E+00-1.735216626E+00-1.878406694E+00-2.030924469E+00
-2.193446092E+00-2.366464117E+00-2.550271481E+00-2.744952612E+00-2.950381468E+00
-3.166227621E+00-3.391972867E+00-3.626940411E+00-3.870336623E+00-4.121301820E+00
-4.378963430E+00-4.642483310E+00-4.911093727E+00-5.184119340E+00-5.460985627E+00
-5.741217869E+00-6.024432869E+00-6.310327646E+00-6.598666278E+00-6.889266504E+00
-7.181987590E+00-7.476718155E+00-7.773366043E+00-8.071848004E+00-8.372080907E+00
-8.673973107E+00-8.977415943E+00-9.282275890E+00-9.588386131E+00-9.895538285E+00
-1.020347393E+01-1.051187563E+01-1.082035790E+01-1.112845804E+01-1.143562702E+01
-1.174122070E+01-1.204449183E+01-1.234458400E+01-1.264052704E+01-1.293123605E+01
-1.321551411E+01-1.349206005E+01-1.375948128E+01-1.401631306E+01-1.426104345E+01
-1.449214357E+01-1.470810236E+01-1.490746416E+01-1.508886731E+01-1.525108198E+01
-1.539304549E+01-1.551389299E+01-1.561298318E+01-1.568991658E+01-1.574454699E+01
-1.577698452E+01-1.578759060E+01-1.577696486E+01-1.574592442E+01-1.569547699E+01
-1.562678847E+01-1.554114792E+01-1.543993100E+01-1.532456417E+01-1.519649168E+01
-1.505714617E+01 1.907030883E+00 1.977316072E+00 2.035962739E+00 2.081615606E+00
 2.115801767E+00 2.141931618E+00 2.162303096E+00 2.176272799E+00 2.180987002E+00
 2.175226127E+00 2.160036687E+00 2.136760986E+00 2.106585895E+00 2.070527302E+00
 2.029454587E+00 1.984112174E+00 1.935134552E+00 1.883056043E+00 1.828317144E+00
 1.771269191E+00 1.712178822E+00 1.651233443E+00 1.588548336E+00 1.524175591E+00
 1.458114633E+00 1.390323769E+00 1.320732089E+00 1.249251070E+00 1.175785383E+00
 1.100242498E+00 1.022540965E+00 9.426172839E-01 8.604313274E-01 7.759704205E-01
 6.892520367E-01 6.003250941E-01 5.092697504E-01 4.161956734E-01 3.212386709E-01
 2.245556850E-01 1.263182647E-01 2.670473434E-02-7.410863105E-02-1.759570235E-01
-2.786967374E-01-3.822146892E-01-4.864376061E-01-5.913407636E-01-6.969562708E-01
-8.033808174E-01-9.107829296E-01-1.019409384E+00-1.129590391E+00-1.241742757E+00
-1.356369961E+00-1.474057926E+00-1.595465244E+00-1.721307153E+00-1.852333342E+00
-1.989300736E+00-2.132943466E+00-2.283942688E+00-2.442898835E+00-2.610308148E+00
-2.786544546E+00-2.971847236E+00-3.166314201E+00-3.369901660E+00-3.582429941E+00
-3.803595961E+00-4.032992326E+00-4.270132182E+00-4.514477485E+00-4.765468807E+00
-5.022552391E+00-5.285203046E+00-5.552940810E+00-5.825341078E+00-6.102039092E+00
-6.382729625E+00-6.667163440E+00-6.955141254E+00-7.246506652E+00-7.541138364E+00
-7.838941910E+00-8.139841684E+00-8.443772833E+00-8.750673029E+00-9.060474545E+00
-9.373095784E+00-9.688432771E+00-1.000634994E+01-1.032667045E+01-1.064916557E+01
-1.097354354E+01-1.129943719E+01-1.162639076E+01-1.195384636E+01-1.228112947E+01
-1.260743516E+01-1.293181478E+01-1.325316519E+01-1.357022105E+01-1.388155232E+01
-1.418556893E+01-1.448053360E+01-1.476458465E+01-1.503576886E+01-1.529208416E+01
-1.553152970E+01-1.575216164E+01-1.595215082E+01-1.612983899E+01-1.628379078E+01
-1.641283930E+01-1.651612270E+01-1.659311154E+01-1.664362473E+01-1.666783429E+01
-1.666625789E+01-1.663973902E+01-1.658941534E+01-1.651667693E+01-1.642311627E+01
-1.631047390E+01-1.618058254E+01-1.603531423E+01-1.587653253E+01-1.570605281E+01
 1.960746115E+00 2.044802155E+00 2.098058485E+00 2.120437365E+00 2.108911934E+00
 2.095029871E+00 2.082388508E+00 2.067893487E+00 2.049813260E+00 2.027075748E+00
 1.999251884E+00 1.966373691E+00 1.928720737E+00 1.886679936E+00 1.840669931E+00
 1.791101857E+00 1.738358529E+00 1.682783000E+00 1.624672233E+00 1.564273924E+00
 1.501785628E+00 1.437355900E+00 1.371087170E+00 1.303040215E+00 1.233239881E+00
 1.161681754E+00 1.088339323E+00 1.013171290E+00 9.361285985E-01 8.571610226E-01
 7.762229498E-01 6.932783614E-01 6.083048549E-01 5.212966071E-01 4.322663479E-01
 3.412461971E-01 2.482873845E-01 1.534588352E-01 5.684459706E-02-4.145982437E-02
-1.413521416E-01-2.427288225E-01-3.454912958E-01-4.495526105E-01-5.548443074E-01
-6.613233234E-01-7.689786859E-01-8.778379074E-01-9.879729072E-01-1.099505311E+00
-1.212610957E+00-1.327523329E+00-1.444535597E+00-1.564000758E+00-1.686329418E+00
-1.811984658E+00-1.941473674E+00-2.075336024E+00-2.214128772E+00-2.358409234E+00
-2.508716338E+00-2.665551920E+00-2.829363194E+00-3.000527485E+00-3.179340080E+00
-3.366005747E+00-3.560634260E+00-3.763240155E+00-3.973746732E+00-4.191994345E+00
-4.417752278E+00-4.650733980E+00-4.890613933E+00-5.137045426E+00-5.389677370E+00
-5.648169280E+00-5.912203044E+00-6.181491837E+00-6.455785435E+00-6.734872775E+00
-7.018581762E+00-7.306777493E+00-7.599358712E+00-7.896253357E+00-8.197413363E+00
-8.502808745E+00-8.812421617E+00-9.126239213E+00-9.444246759E+00-9.766419708E+00
-1.009271527E+01-1.042306258E+01-1.075735236E+01-1.109542471E+01-1.143705536E+01
-1.178194043E+01-1.212967851E+01-1.247975158E+01-1.283150314E+01-1.318411542E+01
-1.353658586E+01-1.388770411E+01-1.423603232E+01-1.457989075E+01-1.491735332E+01
-1.524625566E+01-1.556421998E+01-1.586869807E+01-1.615703233E+01-1.642653199E+01
-1.667455872E+01-1.689861563E+01-1.709643297E+01-1.726604524E+01-1.740585728E+01
-1.751469656E+01-1.759185190E+01-1.763709730E+01-1.765069996E+01-1.763341091E+01
-1.758643707E+01-1.751139337E+01-1.741023737E+01-1.728518948E+01-1.713864522E+01
-1.697308725E+01-1.679100394E+01-1.659482036E+01-1.638684421E+01 1.986202377E+00
 2.075588695E+00 2.123237432E+00 2.128277136E+00 2.089537729E+00 2.047335001E+00
 2.009163054E+00 1.972334781E+00 1.935115385E+00 1.896319365E+00 1.855195715E+00
 1.811328050E+00 1.764540651E+00 1.714818125E+00 1.662243993E+00 1.606957035E+00
 1.549121346E+00 1.488906188E+00 1.426472543E+00 1.361964399E+00 1.295503491E+00
 1.227186640E+00 1.157085161E+00 1.085245909E+00 1.011693575E+00 9.364339937E-01
 8.594580130E-01 7.807457283E-01 7.002708091E-01 6.180046240E-01 5.339200388E-01
 4.479947535E-01 3.602139866E-01 2.705725143E-01 1.790759502E-01 8.574123975E-02
-9.403653780E-03-1.063208841E-01-2.049646534E-01-3.052839033E-01-4.072256920E-01
-5.107391483E-01-6.157798958E-01-7.223147720E-01-8.303267369E-01-9.398197500E-01
-1.050823530E+00-1.163398023E+00-1.277637402E+00-1.393673503E+00-1.511678473E+00
-1.631866417E+00-1.754493881E+00-1.879858851E+00-2.008298071E+00-2.140182489E+00
-2.275910731E+00-2.415900668E+00-2.560579337E+00-2.710371568E+00-2.865688015E+00
-3.026913152E+00-3.194394045E+00-3.368430453E+00-3.549266895E+00-3.737087050E+00
-3.932010762E+00-4.134093841E+00-4.343330734E+00-4.559659606E+00-4.782970060E+00
-5.013112495E+00-5.249908751E+00-5.493163405E+00-5.742674577E+00-5.998244049E+00
-6.259685857E+00-6.526833223E+00-6.799543721E+00-7.077702264E+00-7.361222843E+00
-7.650048529E+00-7.944150242E+00-8.243524793E+00-8.548191565E+00-8.858188934E+00
-9.173569813E+00-9.494396412E+00-9.820734333E+00-1.015264594E+01-1.049018238E+01
-1.083337446E+01-1.118222183E+01-1.153668031E+01-1.189664653E+01-1.226193980E+01
-1.263228047E+01-1.300726421E+01-1.338633200E+01-1.376873537E+01-1.415349737E+01
-1.453937066E+01-1.492479508E+01-1.530785866E+01-1.568626991E+01-1.605734840E+01
-1.641804394E+01-1.676499033E+01-1.709459677E+01-1.740317013E+01-1.768705657E+01
-1.794278585E+01-1.816720460E+01-1.835758995E+01-1.851173992E+01-1.862804335E+01
-1.870553114E+01-1.874391149E+01-1.874358700E+01-1.870565012E+01-1.863184939E+01
-1.852452178E+01-1.838648885E+01-1.822092339E+01-1.803119991E+01-1.782074672E+01
-1.759291603E+01-1.735088291E+01-1.709757689E+01 1.970138740E+00 2.055669812E+00
 2.096844863E+00 2.091134635E+00 2.043417738E+00 1.985453020E+00 1.930262914E+00
 1.877068086E+00 1.824728837E+00 1.772317758E+00 1.719132497E+00 1.664673818E+00
 1.608611468E+00 1.550747253E+00 1.490980640E+00 1.429279544E+00 1.365656882E+00
 1.300152477E+00 1.232819511E+00 1.163714659E+00 1.092891186E+00 1.020394440E+00
 9.462591982E-01 8.705086199E-01 7.931543161E-01 7.141974017E-01 6.336301898E-01
 5.514382959E-01 4.676030053E-01 3.821036370E-01 2.949198172E-01 2.060334920E-01
 1.154305972E-01 2.310228789E-02-7.095432228E-02-1.667359592E-01-2.642335464E-01
-3.634331272E-01-4.643173387E-01-5.668674014E-01-6.710655768E-01-7.768980200E-01
-8.843579270E-01-9.934489065E-01-1.104188412E+00-1.216611199E+00-1.330772594E+00
-1.446751543E+00-1.564653232E+00-1.684611230E+00-1.806788957E+00-1.931380366E+00
-2.058609715E+00-2.188730269E+00-2.322021842E+00-2.458787138E+00-2.599346867E+00
-2.744033763E+00-2.893185650E+00-3.047137852E+00-3.206215289E+00-3.370724686E+00
-3.540947233E+00-3.717132215E+00-3.899491811E+00-4.088197491E+00-4.283378003E+00
-4.485119392E+00-4.693466533E+00-4.908426715E+00-5.129974369E+00-5.358057328E+00
-5.592603809E+00-5.833529694E+00-6.080746176E+00-6.334166697E+00-6.593713323E+00
-6.859322347E+00-7.130948538E+00-7.408568612E+00-7.692183474E+00-7.981819286E+00
-8.277527976E+00-8.579386529E+00-8.887495966E+00-9.201979094E+00-9.522978026E+00
-9.850650910E+00-1.018516748E+01-1.052670432E+01-1.087543817E+01-1.123153870E+01
-1.159515837E+01-1.196642090E+01-1.234540603E+01-1.273213050E+01-1.312652431E+01
-1.352840047E+01-1.393741707E+01-1.435303019E+01-1.477443576E+01-1.520049996E+01
-1.562967927E+01-1.605993366E+01-1.648864388E+01-1.691254959E+01-1.732773311E+01
-1.772967507E+01-1.811339642E+01-1.847367803E+01-1.880532184E+01-1.910340646E+01
-1.936349947E+01-1.958181292E+01-1.975530846E+01-1.988176968E+01-1.995985763E+01
-1.998916069E+01-1.997023799E+01-1.990464581E+01-1.979492422E+01-1.964451753E+01
-1.945761090E+01-1.923888955E+01-1.899325589E+01-1.872555717E+01-1.844036768E+01
-1.814184612E+01-1.783366549E+01 1.936945167E+00 2.019864836E+00 2.055057721E+00
 2.041004110E+00 1.979062553E+00 1.909030153E+00 1.841788739E+00 1.776460275E+00
 1.712333362E+00 1.648767686E+00 1.585219354E+00 1.521249088E+00 1.456517794E+00
 1.390774941E+00 1.323843757E+00 1.255605960E+00 1.185987536E+00 1.114946366E+00
 1.042461904E+00 9.685269487E-01 8.931412900E-01 8.163070007E-01 7.380251958E-01
 6.582939763E-01 5.771073615E-01 4.944550088E-01 4.103225614E-01 3.246923853E-01
 2.375446119E-01 1.488582996E-01 5.861260363E-02-3.321214785E-02-1.266335676E-01
-2.216665771E-01-3.183230851E-01-4.166120168E-01-5.165397145E-01-6.181107143E-01
-7.213288932E-01-8.261989711E-01-9.327283117E-01-1.040928983E+00-1.150820031E+00
-1.262429842E+00-1.375798584E+00-1.490980589E+00-1.608046593E+00-1.727085774E+00
-1.848207439E+00-1.971542317E+00-2.097243335E+00-2.225485811E+00-2.356466939E+00
-2.490404557E+00-2.627535135E+00-2.768110966E+00-2.912396580E+00-3.060664554E+00
-3.213190701E+00-3.370248976E+00-3.532106206E+00-3.699016953E+00-3.871218744E+00
-4.048927893E+00-4.232336233E+00-4.421608674E+00-4.616882090E+00-4.818265379E+00
-5.025840532E+00-5.239665032E+00-5.459775283E+00-5.686190632E+00-5.918918444E+00
-6.157958998E+00-6.403311109E+00-6.654977064E+00-6.912967894E+00-7.177307554E+00
-7.448037097E+00-7.725217752E+00-8.008933712E+00-8.299294036E+00-8.596434100E+00
-8.900516464E+00-9.211731032E+00-9.530294974E+00-9.856451894E+00-1.019047057E+01
-1.053264296E+01-1.088328157E+01-1.124271575E+01-1.161128676E+01-1.198934112E+01
-1.237722173E+01-1.277525591E+01-1.318373943E+01-1.360291456E+01-1.403294091E+01
-1.447385531E+01-1.492551786E+01-1.538753855E+01-1.585917883E+01-1.633922158E+01
-1.682580480E+01-1.731622310E+01-1.780671910E+01-1.829232349E+01-1.876683814E+01
-1.922305772E+01-1.965323796E+01-2.004968219E+01-2.040525827E+01-2.071373152E+01
-2.096991845E+01-2.116973062E+01-2.131018128E+01-2.138940476E+01-2.140671820E+01
-2.136273224E+01-2.125949359E+01-2.110060390E+01-2.089121536E+01-2.063779500E+01
-2.034762725E+01-2.002817336E+01-1.968649220E+01-1.932886669E+01-1.896065173E+01
-1.858627820E+01 1.883151535E+00 1.962189430E+00 1.991793702E+00 1.970887636E+00
 1.898599780E+00 1.819654473E+00 1.743214972E+00 1.668459098E+00 1.594933114E+00
 1.522202273E+00 1.449867883E+00 1.377580032E+00 1.305042689E+00 1.232013206E+00
 1.158298058E+00 1.083746544E+00 1.008243641E+00 9.317028406E-01 8.540595474E-01
 7.752652611E-01 6.952827022E-01 6.140818839E-01 5.316370943E-01 4.479246898E-01
 3.629216024E-01 2.766044630E-01 1.889491843E-01 9.993093003E-02 9.524340569E-03
-8.229608752E-02-1.755555509E-01-2.702785067E-01-3.664883213E-01-4.642070603E-01
-5.634554642E-01-6.642531480E-01-7.666190114E-01-8.705719463E-01-9.761317233E-01
-1.083320158E+00-1.192162442E+00-1.302688660E+00-1.414935411E+00-1.528947507E+00
-1.644779665E+00-1.762498180E+00-1.882182432E+00-2.003926243E+00-2.127838954E+00
-2.254046196E+00-2.382690269E+00-2.513930092E+00-2.647940677E+00-2.784912055E+00
-2.925047726E+00-3.068562569E+00-3.215680275E+00-3.366630394E+00-3.521645043E+00
-3.680955464E+00-3.844788517E+00-4.013363279E+00-4.186887970E+00-4.365557214E+00
-4.549550002E+00-4.739028226E+00-4.934136007E+00-5.134999936E+00-5.341729858E+00
-5.554420842E+00-5.773155469E+00-5.998006984E+00-6.229042797E+00-6.466328312E+00
-6.709931176E+00-6.959925186E+00-7.216394418E+00-7.479437134E+00-7.749169326E+00
-8.025727985E+00-8.309274174E+00-8.599995553E+00-8.898108777E+00-9.203861471E+00
-9.517533999E+00-9.839440965E+00-1.016993251E+01-1.050939525E+01-1.085825302E+01
-1.121696737E+01-1.158603733E+01-1.196599877E+01-1.235742247E+01-1.276091124E+01
-1.317709455E+01-1.360662038E+01-1.405014242E+01-1.450830115E+01-1.498169434E+01
-1.547083319E+01-1.597607537E+01-1.649752261E+01-1.703486274E+01-1.758712620E+01
-1.815231312E+01-1.872685222E+01-1.930491701E+01-1.987786061E+01-2.043437031E+01
-2.096177952E+01-2.144790796E+01-2.188228902E+01-2.225648088E+01-2.256387700E+01
-2.279940653E+01-2.295930126E+01-2.304098597E+01-2.304311888E+01-2.296581308E+01
-2.281107307E+01-2.258342772E+01-2.229052551E+01-2.194308175E+01-2.155360315E+01
-2.113437274E+01-2.069595908E+01-2.024675741E+01-1.979317478E+01-1.934000990E+01
 1.806073223E+00 1.878626751E+00 1.902830185E+00 1.876136496E+00 1.803824740E+00
 1.718707695E+00 1.634824266E+00 1.552401524E+00 1.471147029E+00 1.390757598E+00
 1.310940066E+00 1.231422044E+00 1.151958515E+00 1.072334958E+00 9.923676658E-01
 9.119020330E-01 8.308096532E-01 7.489847039E-01 6.663401681E-01 5.828041658E-01
 4.983166093E-01 4.128262913E-01 3.262884714E-01 2.386629383E-01 1.499125468E-01
 6.000215547E-02-3.110208315E-02-1.234331480E-01-2.170233635E-01-3.119044677E-01
-4.081076002E-01-5.056632600E-01-6.046013083E-01-7.049510111E-01-8.067412282E-01
-9.100006817E-01-1.014758425E+00-1.121044408E+00-1.228890266E+00-1.338330165E+00
-1.449401861E+00-1.562147781E+00-1.676616230E+00-1.792862593E+00-1.910950538E+00
-2.030953171E+00-2.152954074E+00-2.277048194E+00-2.403342556E+00-2.531956697E+00
-2.663022860E+00-2.796685846E+00-2.933102538E+00-3.072441076E+00-3.214879686E+00
-3.360605173E+00-3.509811096E+00-3.662695745E+00-3.819459885E+00-3.980304456E+00
-4.145428248E+00-4.315025743E+00-4.489284953E+00-4.668385974E+00-4.852499599E+00
-5.041786500E+00-5.236396906E+00-5.436471117E+00-5.642140175E+00-5.853527399E+00
-6.070750200E+00-6.293922756E+00-6.523158497E+00-6.758573416E+00-7.000289255E+00
-7.248437096E+00-7.503160627E+00-7.764619967E+00-8.032994738E+00-8.308487805E+00
-8.591328315E+00-8.881775002E+00-9.180119342E+00-9.486688585E+00-9.801848907E+00
-1.012600864E+01-1.045962147E+01-1.080319001E+01-1.115726916E+01-1.152247031E+01
-1.189946523E+01-1.228899052E+01-1.269185225E+01-1.310893075E+01-1.354118516E+01
-1.398965795E+01-1.445547826E+01-1.493986336E+01-1.544411666E+01-1.596961945E+01
-1.651781049E+01-1.709014458E+01-1.768800976E+01-1.831256188E+01-1.896438201E+01
-1.964272440E+01-2.034378232E+01-2.105699936E+01-2.176118677E+01-2.242985334E+01
-2.304190941E+01-2.358339320E+01-2.404490587E+01-2.441969730E+01-2.470261878E+01
-2.488955757E+01-2.497714791E+01-2.496268894E+01-2.484430598E+01-2.462154558E+01
-2.429693067E+01-2.387950920E+01-2.338947567E+01-2.285440556E+01-2.229717157E+01
-2.173248404E+01-2.116950077E+01-2.061407532E+01-2.007001593E+01 1.723918533E+00
 1.793074513E+00 1.812401935E+00 1.780232526E+00 1.698906820E+00 1.607157384E+00
 1.516964273E+00 1.428084511E+00 1.340303822E+00 1.253398658E+00 1.167145327E+00
 1.081328121E+00 9.957451837E-01 9.102121413E-01 8.245638837E-01 7.386547402E-01
 6.523576090E-01 5.655623218E-01 4.781735879E-01 3.901088515E-01 3.012960946E-01
 2.116718555E-01 1.211794447E-01 2.976742948E-02-6.261160767E-02-1.560020550E-01
-2.504460252E-01-3.459839118E-01-4.426547918E-01-5.404967026E-01-6.395468694E-01
-7.398418782E-01-8.414178541E-01-9.443106703E-01-1.048556231E+00-1.154190800E+00
-1.261251447E+00-1.369776563E+00-1.479806485E+00-1.591384198E+00-1.704556125E+00
-1.819372950E+00-1.935890509E+00-2.054170656E+00-2.174282141E+00-2.296301388E+00
-2.420313259E+00-2.546411618E+00-2.674699824E+00-2.805290991E+00-2.938308058E+00
-3.073883674E+00-3.212159801E+00-3.353287087E+00-3.497424052E+00-3.644736008E+00
-3.795393820E+00-3.949572512E+00-4.107449763E+00-4.269204409E+00-4.435014929E+00
-4.605058068E+00-4.779507577E+00-4.958533187E+00-5.142300021E+00-5.330968078E+00
-5.524692474E+00-5.723623674E+00-5.927908401E+00-6.137691092E+00-6.353115319E+00
-6.574325872E+00-6.801471288E+00-7.034706248E+00-7.274194573E+00-7.520112221E+00
-7.772650514E+00-8.032019371E+00-8.298450814E+00-8.572202318E+00-8.853560471E+00
-9.142844724E+00-9.440411008E+00-9.746656074E+00-1.006202163E+01-1.038699901E+01
-1.072213442E+01-1.106803441E+01-1.142537259E+01-1.179489654E+01-1.217743643E+01
-1.257391446E+01-1.298535627E+01-1.341290402E+01-1.385783210E+01-1.432156562E+01
-1.480570322E+01-1.531204424E+01-1.584262288E+01-1.639975100E+01-1.698607410E+01
-1.760464585E+01-1.825903390E+01-1.895347922E+01-1.969316060E+01-2.048470046E+01
-2.133738089E+01-2.226788026E+01-2.323695903E+01-2.411961664E+01-2.490787958E+01
-2.558622220E+01-2.614933573E+01-2.660382667E+01-2.694938854E+01-2.717997879E+01
-2.728143300E+01-2.724882294E+01-2.708729310E+01-2.679299400E+01-2.635351704E+01
-2.574180004E+01-2.497106896E+01-2.421115990E+01-2.346866566E+01-2.274816359E+01
-2.205235651E+01-2.138271107E+01-2.073984481E+01 1.630710270E+00 1.696426836E+00
 1.711139329E+00 1.673921185E+00 1.583018730E+00 1.485516988E+00 1.389853417E+00
 1.295414429E+00 1.202024867E+00 1.109504612E+00 1.017671193E+00 9.263460870E-01
 8.353593216E-01 7.445524215E-01 6.537800036E-01 5.629102618E-01 4.718246870E-01
 3.804172214E-01 2.885931075E-01 1.962675507E-01 1.033643456E-01 9.814543454E-03
-8.444478276E-02-1.794716350E-01-2.753200397E-01-3.720408461E-01-4.696823819E-01
-5.682909780E-01-6.679114130E-01-7.685872507E-01-8.703611368E-01-9.732750749E-01
-1.077370686E+00-1.182689482E+00-1.289273178E+00-1.397164041E+00-1.506405297E+00
-1.617041585E+00-1.729119487E+00-1.842688069E+00-1.957799526E+00-2.074509795E+00
-2.192879220E+00-2.312973216E+00-2.434862875E+00-2.558625577E+00-2.684345475E+00
-2.812113947E+00-2.942029893E+00-3.074199928E+00-3.208738435E+00-3.345767434E+00
-3.485416340E+00-3.627821500E+00-3.773125640E+00-3.921477136E+00-4.073029184E+00
-4.227938925E+00-4.386366386E+00-4.548473616E+00-4.714423688E+00-4.884379952E+00
-5.058505205E+00-5.236961260E+00-5.419908551E+00-5.607506289E+00-5.799912466E+00
-5.997284639E+00-6.199780601E+00-6.407559724E+00-6.620784410E+00-6.839621870E+00
-7.064246247E+00-7.294840986E+00-7.531601231E+00-7.774736939E+00-8.024475562E+00
-8.281065396E+00-8.544778805E+00-8.815915973E+00-9.094808563E+00-9.381823775E+00
-9.677368800E+00-9.981895430E+00-1.029590545E+01-1.061995633E+01-1.095466784E+01
-1.130072956E+01-1.165890942E+01-1.203006368E+01-1.241514880E+01-1.281523512E+01
-1.323152371E+01-1.366536647E+01-1.411829046E+01-1.459202851E+01-1.508855685E+01
-1.561014356E+01-1.615941082E+01-1.673941744E+01-1.735377092E+01-1.800678461E+01
-1.870370782E+01-1.945107756E+01-2.025728701E+01-2.113354421E+01-2.209545851E+01
-2.316491125E+01-2.437687843E+01-2.548728698E+01-2.643527779E+01-2.725221273E+01
-2.794181706E+01-2.850445248E+01-2.891139412E+01-2.916293632E+01-2.928098888E+01
-2.926156877E+01-2.909696461E+01-2.874712234E+01-2.820106851E+01-2.746160206E+01
-2.649663372E+01-2.548806346E+01-2.454596767E+01-2.366141567E+01-2.282862424E+01
-2.204345528E+01-2.130251573E+01 1.515864487E+00 1.575019136E+00 1.584989625E+00
 1.543332304E+00 1.455259450E+00 1.353975150E+00 1.253541350E+00 1.154283735E+00
 1.056048332E+00 9.586699135E-01 8.619851894E-01 7.658375869E-01 6.700798673E-01
 5.745752838E-01 4.791977864E-01 3.838317542E-01 2.883713403E-01 1.927197114E-01
 9.678816879E-02 4.952494311E-04-9.623416097E-02-1.934696811E-01-2.912762260E-01
-3.897147277E-01-4.888427789E-01-5.887151955E-01-6.893845048E-01-7.909013662E-01
-8.933149302E-01-9.966731615E-01-1.101023130E+00-1.206411288E+00-1.312883725E+00
-1.420486477E+00-1.529265801E+00-1.639268534E+00-1.750542419E+00-1.863136529E+00
-1.977101693E+00-2.092490945E+00-2.209360025E+00-2.327767860E+00-2.447777097E+00
-2.569454560E+00-2.692871758E+00-2.818105304E+00-2.945237301E+00-3.074355649E+00
-3.205554296E+00-3.338933375E+00-3.474599244E+00-3.612664427E+00-3.753247452E+00
-3.896472554E+00-4.042469336E+00-4.191372311E+00-4.343320294E+00-4.498456028E+00
-4.656925331E+00-4.818876816E+00-4.984461145E+00-5.153830676E+00-5.327139026E+00
-5.504541073E+00-5.686192759E+00-5.872251367E+00-6.062875871E+00-6.258227613E+00
-6.458471201E+00-6.663775580E+00-6.874315642E+00-7.090273610E+00-7.311841159E+00
-7.539221395E+00-7.772631366E+00-8.012304591E+00-8.258493857E+00-8.511474288E+00
-8.771546697E+00-9.039041171E+00-9.314320813E+00-9.597786076E+00-9.889879415E+00
-1.019109040E+01-1.050196141E+01-1.082309426E+01-1.115515748E+01-1.149889492E+01
-1.185513563E+01-1.222480533E+01-1.260894017E+01-1.300870319E+01-1.342540362E+01
-1.386052086E+01-1.431573343E+01-1.479295493E+01-1.529437873E+01-1.582253420E+01
-1.638035858E+01-1.697128907E+01-1.759938267E+01-1.826947320E+01-1.898737701E+01
-1.976015894E+01-2.059646076E+01-2.150685384E+01-2.250407725E+01-2.360285448E+01
-2.481885192E+01-2.609910886E+01-2.721101781E+01-2.816194698E+01-2.895552696E+01
-2.958654730E+01-3.004937109E+01-3.035618548E+01-3.051052377E+01-3.050687568E+01
-3.033012636E+01-2.996444855E+01-2.941077571E+01-2.865969223E+01-2.769275796E+01
-2.651855608E+01-2.540641180E+01-2.437704375E+01-2.342191005E+01-2.253374014E+01
-2.170616162E+01 1.398222273E+00 1.453636864E+00 1.459174279E+00 1.413067356E+00
 1.318347581E+00 1.212472169E+00 1.107919030E+00 1.004551422E+00 9.021821781E-01
 8.006352393E-01 6.997514250E-01 5.993887322E-01 4.994202327E-01 3.997314203E-01
 3.002177915E-01 2.007829863E-01 1.013373956E-01 1.797155378E-03-9.791660938E-02
-1.978783772E-01-2.981587271E-01-3.988247694E-01-4.999405467E-01-6.015673792E-01
-7.037642160E-01-8.065879298E-01-9.100936127E-01-1.014334832E+00-1.119363878E+00
-1.225232001E+00-1.331989652E+00-1.439686691E+00-1.548372643E+00-1.658096949E+00
-1.768909217E+00-1.880859528E+00-1.993998746E+00-2.108378851E+00-2.224053295E+00
-2.341077382E+00-2.459508660E+00-2.579407327E+00-2.700836606E+00-2.823863161E+00
-2.948557450E+00-3.074994063E+00-3.203252031E+00-3.333415069E+00-3.465571779E+00
-3.599815769E+00-3.736245719E+00-3.874965382E+00-4.016083480E+00-4.159713578E+00
-4.305973811E+00-4.454986828E+00-4.606879140E+00-4.761781158E+00-4.919826722E+00
-5.081152784E+00-5.245899131E+00-5.414208468E+00-5.586225903E+00-5.762099417E+00
-5.941979715E+00-6.126020728E+00-6.314380132E+00-6.507219936E+00-6.704707431E+00
-6.907016365E+00-7.114328174E+00-7.326833627E+00-7.544734449E+00-7.768245326E+00
-7.997596192E+00-8.233034553E+00-8.474828127E+00-8.723267758E+00-8.978670690E+00
-9.241383713E+00-9.511787386E+00-9.790299852E+00-1.007738161E+01-1.037354075E+01
-1.067933871E+01-1.099539690E+01-1.132240418E+01-1.166112571E+01-1.201241287E+01
-1.237721507E+01-1.275659376E+01-1.315173871E+01-1.356398786E+01-1.399485073E+01
-1.444603694E+01-1.491949100E+01-1.541743460E+01-1.594241827E+01-1.649738542E+01
-1.708575011E+01-1.771149237E+01-1.837927198E+01-1.909456082E+01-1.986378697E+01
-2.069447247E+01-2.159532940E+01-2.257625694E+01-2.364818049E+01-2.482271281E+01
-2.611395917E+01-2.735920352E+01-2.841533235E+01-2.926954033E+01-2.995340546E+01
-3.047623286E+01-3.084081395E+01-3.103318604E+01-3.103408308E+01-3.086695915E+01
-3.053111310E+01-3.001892066E+01-2.930473782E+01-2.835995769E+01-2.719890629E+01
-2.595580219E+01-2.481271104E+01-2.376192722E+01-2.279433065E+01-2.190127685E+01
 1.272401395E+00 1.324364618E+00 1.325574734E+00 1.275167118E+00 1.170476700E+00
 1.060626108E+00 9.527848873E-01 8.461195129E-01 7.403636696E-01 6.353172645E-01
 5.308297097E-01 4.267845411E-01 3.230865790E-01 2.196530787E-01 1.164083050E-01
 1.328045349E-02-8.979995686E-02-1.929008415E-01-2.960888464E-01-3.994294174E-01
-5.029867842E-01-6.068238854E-01-7.110023730E-01-8.155825554E-01-9.206234486E-01
-1.026182800E+00-1.132317183E+00-1.239082052E+00-1.346531897E+00-1.454720331E+00
-1.563700272E+00-1.673524081E+00-1.784243757E+00-1.895911130E+00-2.008578097E+00
-2.122296854E+00-2.237120153E+00-2.353101595E+00-2.470295923E+00-2.588759335E+00
-2.708549799E+00-2.829727389E+00-2.952354597E+00-3.076496654E+00-3.202221820E+00
-3.329601685E+00-3.458711394E+00-3.589629865E+00-3.722439987E+00-3.857228723E+00
-3.994087210E+00-4.133110791E+00-4.274398999E+00-4.418055534E+00-4.564188232E+00
-4.712908709E+00-4.864332564E+00-5.018579059E+00-5.175770999E+00-5.336034621E+00
-5.499499706E+00-5.666299383E+00-5.836570289E+00-6.010452804E+00-6.188091364E+00
-6.369634782E+00-6.555236910E+00-6.745057316E+00-6.939262185E+00-7.138025427E+00
-7.341529852E+00-7.549968596E+00-7.763546693E+00-7.982483045E+00-8.207012155E+00
-8.437386574E+00-8.673879179E+00-8.916785899E+00-9.166428665E+00-9.423158444E+00
-9.687359064E+00-9.959450914E+00-1.023989528E+01-1.052919935E+01-1.082792153E+01
-1.113667759E+01-1.145614771E+01-1.178708466E+01-1.213032264E+01-1.248678840E+01
-1.285751336E+01-1.324364831E+01-1.364648049E+01-1.406745376E+01-1.450819233E+01
-1.497052911E+01-1.545653903E+01-1.596857880E+01-1.650933304E+01-1.708186877E+01
-1.768969727E+01-1.833684347E+01-1.902792019E+01-1.976820280E+01-2.056369747E+01
-2.142119422E+01-2.234829888E+01-2.335344579E+01-2.444590496E+01-2.563578615E+01
-2.691496028E+01-2.802250864E+01-2.893247463E+01-2.966350229E+01-3.022292104E+01
-3.061048606E+01-3.081577980E+01-3.084965627E+01-3.072166562E+01-3.042886313E+01
-2.996008867E+01-2.929436641E+01-2.843350217E+01-2.737755252E+01-2.612264796E+01
-2.490119168E+01-2.378907490E+01-2.277447655E+01-2.184584888E+01 1.120992098E+00
 1.164874738E+00 1.161062895E+00 1.107463532E+00 1.008771331E+00 8.979149469E-01
 7.881138673E-01 6.792046443E-01 5.708641529E-01 4.629312071E-01 3.553282866E-01
 2.480124350E-01 1.409511300E-01 3.411167896E-02-7.254279212E-02-1.790543330E-01
-2.854698595E-01-3.918403520E-01-4.982199315E-01-6.046649854E-01-7.112333982E-01
-8.179839143E-01-9.249756363E-01-1.032267636E+00-1.139918656E+00-1.247986923E+00
-1.356529997E+00-1.465604709E+00-1.575267146E+00-1.685572674E+00-1.796575985E+00
-1.908331199E+00-2.020892005E+00-2.134311769E+00-2.248643755E+00-2.363941282E+00
-2.480257973E+00-2.597647965E+00-2.716166161E+00-2.835868518E+00-2.956812272E+00
-3.079056241E+00-3.202661090E+00-3.327689590E+00-3.454206865E+00-3.582280657E+00
-3.711981519E+00-3.843383029E+00-3.976561924E+00-4.111598343E+00-4.248575764E+00
-4.387581261E+00-4.528705411E+00-4.672042497E+00-4.817690229E+00-4.965750100E+00
-5.116327109E+00-5.269529878E+00-5.425470578E+00-5.584265122E+00-5.746033045E+00
-5.910897787E+00-6.078986843E+00-6.250432122E+00-6.425370142E+00-6.603942700E+00
-6.786297387E+00-6.972588293E+00-7.162976835E+00-7.357632905E+00-7.556735728E+00
-7.760475406E+00-7.969054254E+00-8.182688416E+00-8.401609638E+00-8.626067279E+00
-8.856330394E+00-9.092690185E+00-9.335462435E+00-9.584990549E+00-9.841648543E+00
-1.010584451E+01-1.037802438E+01-1.065867615E+01-1.094833465E+01-1.124758671E+01
-1.155707705E+01-1.187751498E+01-1.220968205E+01-1.255444037E+01-1.291274264E+01
-1.328564327E+01-1.367431111E+01-1.408004402E+01-1.450428562E+01-1.494864426E+01
-1.541491443E+01-1.590510079E+01-1.642144480E+01-1.696645364E+01-1.754293083E+01
-1.815400779E+01-1.880317569E+01-1.949431659E+01-2.023173634E+01-2.102020569E+01
-2.186502744E+01-2.277216528E+01-2.374849847E+01-2.480229369E+01-2.594439832E+01
-2.707449880E+01-2.800938582E+01-2.875491917E+01-2.930189434E+01-2.967574820E+01
-2.989511341E+01-2.996509872E+01-2.988090786E+01-2.961927288E+01-2.919441874E+01
-2.861392980E+01-2.787314513E+01-2.695717769E+01-2.583198844E+01-2.458007302E+01
-2.345112536E+01-2.243328138E+01-2.150926090E+01 9.629609064E-01 9.982735854E-01
 9.887531812E-01 9.333483176E-01 8.343130950E-01 7.246812114E-01 6.150607970E-01
 5.050177392E-01 3.946460958E-01 2.841312099E-01 1.736231432E-01 6.322261907E-02
-4.701123732E-02-1.570511845E-01-2.668938591E-01-3.765536952E-01-4.860583807E-01
-5.954454257E-01-7.047595861E-01-8.140508515E-01-9.233729075E-01-1.032781969E+00
-1.142335834E+00-1.252093200E+00-1.362113115E+00-1.472454574E+00-1.583176248E+00
-1.694336270E+00-1.805992115E+00-1.918200550E+00-2.031017609E+00-2.144498639E+00
-2.258698373E+00-2.373671038E+00-2.489470472E+00-2.606150313E+00-2.723764144E+00
-2.842365721E+00-2.962009167E+00-3.082749200E+00-3.204641361E+00-3.327742251E+00
-3.452109766E+00-3.577803322E+00-3.704884096E+00-3.833415223E+00-3.963461998E+00
-4.095092118E+00-4.228375744E+00-4.363385765E+00-4.500197868E+00-4.638890613E+00
-4.779545676E+00-4.922247805E+00-5.067084937E+00-5.214148284E+00-5.363532402E+00
-5.515335277E+00-5.669658403E+00-5.826607014E+00-5.986290089E+00-6.148820703E+00
-6.314316305E+00-6.482898955E+00-6.654695753E+00-6.829839476E+00-7.008468967E+00
-7.190729923E+00-7.376775726E+00-7.566768227E+00-7.760878893E+00-7.959289787E+00
-8.162195068E+00-8.369802134E+00-8.582333355E+00-8.800027607E+00-9.023142246E+00
-9.251954997E+00-9.486766202E+00-9.727901099E+00-9.975712510E+00-1.023058351E+01
-1.049293064E+01-1.076320717E+01-1.104190674E+01-1.132956755E+01-1.162677656E+01
-1.193417460E+01-1.225246153E+01-1.258240235E+01-1.292483351E+01-1.328067010E+01
-1.365091341E+01-1.403665929E+01-1.443910674E+01-1.485956699E+01-1.529947262E+01
-1.576038603E+01-1.624400702E+01-1.675217837E+01-1.728688826E+01-1.785026797E+01
-1.844458426E+01-1.907222462E+01-1.973567713E+01-2.043750882E+01-2.118035525E+01
-2.196695200E+01-2.280028229E+01-2.368404343E+01-2.462405421E+01-2.562807359E+01
-2.650808420E+01-2.718459247E+01-2.768244620E+01-2.803260595E+01-2.824528196E+01
-2.832209744E+01-2.824954417E+01-2.802851217E+01-2.767588008E+01-2.719272108E+01
-2.657391750E+01-2.579963278E+01-2.486511610E+01-2.377769810E+01-2.270035846E+01
-2.174570934E+01-2.088105331E+01 7.909547876E-01 8.099274787E-01 7.929967941E-01
 7.377620878E-01 6.510396223E-01 5.478118655E-01 4.383871903E-01 3.264431185E-01
 2.133663979E-01 9.981308105E-02-1.386407829E-02-1.274652670E-01-2.408781111E-01
-3.540446981E-01-4.669431353E-01-5.795763688E-01-6.919649371E-01-8.041420419E-01
-9.161500413E-01-1.028037873E+00-1.139859144E+00-1.251670651E+00-1.363531250E+00
-1.475501017E+00-1.587640558E+00-1.700010526E+00-1.812671237E+00-1.925682415E+00
-2.039103007E+00-2.152991070E+00-2.267403734E+00-2.382397197E+00-2.498026758E+00
-2.614346911E+00-2.731411442E+00-2.849273567E+00-2.967986088E+00-3.087601561E+00
-3.208172481E+00-3.329751485E+00-3.452391554E+00-3.576146210E+00-3.701069755E+00
-3.827217457E+00-3.954645753E+00-4.083412494E+00-4.213577121E+00-4.345200740E+00
-4.478346508E+00-4.613079632E+00-4.749467562E+00-4.887580193E+00-5.027489862E+00
-5.169271704E+00-5.313003570E+00-5.458766151E+00-5.606643367E+00-5.756722212E+00
-5.909093145E+00-6.063850135E+00-6.221090892E+00-6.380917340E+00-6.543435622E+00
-6.708756646E+00-6.876996444E+00-7.048276758E+00-7.222725361E+00-7.400476997E+00
-7.581673819E+00-7.766466333E+00-7.955014302E+00-8.147487575E+00-8.344067390E+00
-8.544947276E+00-8.750334511E+00-8.960451465E+00-9.175537055E+00-9.395848282E+00
-9.621662083E+00-9.853277026E+00-1.009101536E+01-1.033522505E+01-1.058628201E+01
-1.084459252E+01-1.111059574E+01-1.138476641E+01-1.166761752E+01-1.195970345E+01
-1.226162287E+01-1.257402190E+01-1.289759719E+01-1.323309870E+01-1.358133277E+01
-1.394316376E+01-1.431951584E+01-1.471137273E+01-1.511977588E+01-1.554582011E+01
-1.599064485E+01-1.645542076E+01-1.694132860E+01-1.744952871E+01-1.798111739E+01
-1.853706598E+01-1.911813629E+01-1.972476248E+01-2.035688233E+01-2.101368370E+01
-2.169318785E+01-2.239146049E+01-2.310073240E+01-2.380268040E+01-2.444446295E+01
-2.497442601E+01-2.538375366E+01-2.567302956E+01-2.584387822E+01-2.589786811E+01
-2.583633744E+01-2.566049281E+01-2.537166531E+01-2.497163343E+01-2.446301844E+01
-2.385000288E+01-2.314009242E+01-2.234994730E+01-2.152917630E+01-2.073977369E+01
-1.999458738E+01 6.717377551E-01 6.963640926E-01 6.753847558E-01 6.072373369E-01
 4.970161434E-01 3.799832520E-01 2.628929323E-01 1.454312498E-01 2.778107592E-02
-8.982998143E-02-2.072304258E-01-3.243083391E-01-4.409989765E-01-5.572728399E-01
-6.731265067E-01-7.885759178E-01-9.036514026E-01-1.018393984E+00-1.132852544E+00
-1.247081663E+00-1.361139903E+00-1.475088491E+00-1.588990269E+00-1.702908863E+00
-1.816908068E+00-1.931051327E+00-2.045401398E+00-2.160020072E+00-2.274967986E+00
-2.390304535E+00-2.506087783E+00-2.622374495E+00-2.739220139E+00-2.856678989E+00
-2.974804191E+00-3.093647908E+00-3.213261458E+00-3.333695469E+00-3.455000046E+00
-3.577224961E+00-3.700419841E+00-3.824634362E+00-3.949918437E+00-4.076322447E+00
-4.203897362E+00-4.332695072E+00-4.462768410E+00-4.594171433E+00-4.726959654E+00
-4.861190043E+00-4.996921425E+00-5.134214434E+00-5.273131834E+00-5.413738554E+00
-5.556101967E+00-5.700291928E+00-5.846381129E+00-5.994445097E+00-6.144562553E+00
-6.296815525E+00-6.451289668E+00-6.608074536E+00-6.767263939E+00-6.928956176E+00
-7.093254633E+00-7.260268051E+00-7.430111200E+00-7.602905233E+00-7.778778629E+00
-7.957867475E+00-8.140316562E+00-8.326279942E+00-8.515921988E+00-8.709418144E+00
-8.906956069E+00-9.108736621E+00-9.314974919E+00-9.525901724E+00-9.741764385E+00
-9.962828334E+00-1.018937827E+01-1.042171966E+01-1.066017998E+01-1.090511020E+01
-1.115688612E+01-1.141590972E+01-1.168261038E+01-1.195744599E+01-1.224090377E+01
-1.253350083E+01-1.283578422E+01-1.314833029E+01-1.347174305E+01-1.380665144E+01
-1.415370473E+01-1.451356555E+01-1.488690016E+01-1.527436420E+01-1.567658349E+01
-1.609412753E+01-1.652747358E+01-1.697695857E+01-1.744271434E+01-1.792458030E+01
-1.842198444E+01-1.893377906E+01-1.945800710E+01-1.999156069E+01-2.052966474E+01
-2.106508763E+01-2.158701707E+01-2.208002528E+01-2.252503212E+01-2.290395051E+01
-2.320402861E+01-2.341795149E+01-2.354200692E+01-2.357463298E+01-2.351564955E+01
-2.336594629E+01-2.312745958E+01-2.280337399E+01-2.239856247E+01-2.192034083E+01
-2.137960913E+01-2.079206048E+01-2.017767611E+01-1.955623519E+01-1.894215817E+01
 5.305276555E-01 5.550608534E-01 5.302603712E-01 4.542687998E-01 3.352368427E-01
 2.083458008E-01 8.308873721E-02-4.088886662E-02-1.638941319E-01-2.860688010E-01
-4.074757865E-01-5.281487739E-01-6.481155894E-01-7.674079335E-01-8.860646500E-01
-1.004132139E+00-1.121663602E+00-1.238717791E+00-1.355357752E+00-1.471649597E+00
-1.587661456E+00-1.703462540E+00-1.819122414E+00-1.934710357E+00-2.050294880E+00
-2.165943355E+00-2.281721734E+00-2.397694331E+00-2.513923713E+00-2.630470609E+00
-2.747393902E+00-2.864750629E+00-2.982596053E+00-3.100983735E+00-3.219965633E+00
-3.339592244E+00-3.459912739E+00-3.580975113E+00-3.702826361E+00-3.825512657E+00
-3.949079509E+00-4.073572027E+00-4.199034947E+00-4.325513067E+00-4.453051183E+00
-4.581694409E+00-4.711488485E+00-4.842479668E+00-4.974715196E+00-5.108243334E+00
-5.243113567E+00-5.379376799E+00-5.517085548E+00-5.656294187E+00-5.797058898E+00
-5.939438189E+00-6.083492814E+00-6.229286245E+00-6.376884633E+00-6.526357281E+00
-6.677776802E+00-6.831219395E+00-6.986765196E+00-7.144498719E+00-7.304509004E+00
-7.466890255E+00-7.631742192E+00-7.799170563E+00-7.969287615E+00-8.142212689E+00
-8.318072927E+00-8.497003664E+00-8.679149337E+00-8.864663960E+00-9.053712102E+00
-9.246469404E+00-9.443123408E+00-9.643874379E+00-9.848936020E+00-1.005853621E+01
-1.027291778E+01-1.049233902E+01-1.071707450E+01-1.094741539E+01-1.118366983E+01
-1.142616313E+01-1.167523744E+01-1.193125162E+01-1.219457978E+01-1.246561029E+01
-1.274474298E+01-1.303238602E+01-1.332895117E+01-1.363484751E+01-1.395047298E+01
-1.427620309E+01-1.461237648E+01-1.495927563E+01-1.531710247E+01-1.568594660E+01
-1.606574465E+01-1.645622848E+01-1.685685844E+01-1.726673855E+01-1.768450784E+01
-1.810820163E+01-1.853507632E+01-1.896139291E+01-1.938216694E+01-1.979092421E+01
-2.017957405E+01-2.053860682E+01-2.085781845E+01-2.112746680E+01-2.133934931E+01
-2.148733121E+01-2.156732881E+01-2.157704190E+01-2.151568092E+01-2.138379479E+01
-2.118322155E+01-2.091715451E+01-2.059029982E+01-2.020907639E+01-1.978174187E+01
-1.931822898E+01-1.882945260E+01-1.832611715E+01-1.781752584E+01 3.794305590E-01
 4.022013378E-01 3.738593215E-01 2.921359986E-01 1.578366364E-01 2.407302864E-02
-1.072241172E-01-2.366646850E-01-3.645139168E-01-4.909677010E-01-6.161715398E-01
-7.402385929E-01-8.632636705E-01-9.853324147E-01-1.106526630E+00-1.226927034E+00
-1.346614470E+00-1.465670202E+00-1.584175744E+00-1.702212482E+00-1.819861197E+00
-1.937201629E+00-2.054312036E+00-2.171268889E+00-2.288146553E+00-2.405017110E+00
-2.521950197E+00-2.639012928E+00-2.756269841E+00-2.873782912E+00-2.991611579E+00
-3.109812809E+00-3.228441198E+00-3.347549071E+00-3.467186623E+00-3.587402040E+00
-3.708241678E+00-3.829750205E+00-3.951970782E+00-4.074945247E+00-4.198714316E+00
-4.323317663E+00-4.448794255E+00-4.575182427E+00-4.702520198E+00-4.830845235E+00
-4.960195362E+00-5.090608479E+00-5.222122844E+00-5.354777264E+00-5.488611416E+00
-5.623665801E+00-5.759982025E+00-5.897603190E+00-6.036573779E+00-6.176940085E+00
-6.318750412E+00-6.462055190E+00-6.606907374E+00-6.753362554E+00-6.901479278E+00
-7.051319402E+00-7.202948291E+00-7.356435208E+00-7.511853671E+00-7.669281771E+00
-7.828802639E+00-7.990504687E+00-8.154482316E+00-8.320835994E+00-8.489673163E+00
-8.661108198E+00-8.835263315E+00-9.012268849E+00-9.192263680E+00-9.375395792E+00
-9.561822664E+00-9.751711664E+00-9.945240403E+00-1.014259686E+01-1.034397983E+01
-1.054959873E+01-1.075967369E+01-1.097443506E+01-1.119412311E+01-1.141898708E+01
-1.164928388E+01-1.188527659E+01-1.212723193E+01-1.237541748E+01-1.263009755E+01
-1.289152817E+01-1.315995054E+01-1.343558280E+01-1.371860975E+01-1.400916975E+01
-1.430733852E+01-1.461310926E+01-1.492636755E+01-1.524686110E+01-1.557416241E+01
-1.590762348E+01-1.624632141E+01-1.658899318E+01-1.693395972E+01-1.727903934E+01
-1.762145423E+01-1.795773904E+01-1.828366937E+01-1.859424189E+01-1.888374883E+01
-1.914598792E+01-1.937461565E+01-1.956358755E+01-1.970757867E+01-1.980228533E+01
-1.984457603E+01-1.983252380E+01-1.976537902E+01-1.964353062E+01-1.946848240E+01
-1.924284878E+01-1.897035545E+01-1.865581298E+01-1.830501540E+01-1.792451493E+01
-1.752125519E+01-1.710211056E+01-1.667344190E+01 1.954268000E-01 2.141261402E-01
 1.814198012E-01 9.561457000E-02-3.653395618E-02-1.747368339E-01-3.106606974E-01
-4.444637795E-01-5.763265319E-01-7.064190537E-01-8.348967629E-01-9.619011974E-01
-1.087562725E+00-1.212003385E+00-1.335339173E+00-1.457681513E+00-1.579138143E+00
-1.699813534E+00-1.819809013E+00-1.939222738E+00-2.058149587E+00-2.176681034E+00
-2.294905044E+00-2.412905973E+00-2.530764532E+00-2.648557767E+00-2.766359079E+00
-2.884238276E+00-3.002261642E+00-3.120492043E+00-3.238989043E+00-3.357809022E+00
-3.477005339E+00-3.596628463E+00-3.716726147E+00-3.837343593E+00-3.958523621E+00
-4.080306851E+00-4.202731894E+00-4.325835510E+00-4.449652764E+00-4.574217303E+00
-4.699561474E+00-4.825716560E+00-4.952712898E+00-5.080580156E+00-5.209347410E+00
-5.339043461E+00-5.469697032E+00-5.601336804E+00-5.733991737E+00-5.867691380E+00
-6.002465794E+00-6.138345947E+00-6.275363989E+00-6.413553291E+00-6.552948800E+00
-6.693587237E+00-6.835507330E+00-6.978750173E+00-7.123359263E+00-7.269381091E+00
-7.416865103E+00-7.565864291E+00-7.716435310E+00-7.868638916E+00-8.022540194E+00
-8.178209039E+00-8.335720271E+00-8.495154225E+00-8.656596908E+00-8.820140358E+00
-8.985882954E+00-9.153929774E+00-9.324392672E+00-9.497390596E+00-9.673049700E+00
-9.851503430E+00-1.003289240E+01-1.021736440E+01-1.040507404E+01-1.059618228E+01
-1.079085596E+01-1.098926662E+01-1.119158958E+01-1.139800234E+01-1.160868243E+01
-1.182380517E+01-1.204354034E+01-1.226804841E+01-1.249747552E+01-1.273194785E+01
-1.297156418E+01-1.321638724E+01-1.346643294E+01-1.372165771E+01-1.398194303E+01
-1.424707706E+01-1.451673317E+01-1.479044429E+01-1.506757333E+01-1.534727928E+01
-1.562847885E+01-1.590980458E+01-1.618956068E+01-1.646567949E+01-1.673568346E+01
-1.699666063E+01-1.724526404E+01-1.747774845E+01-1.769005615E+01-1.787795806E+01
-1.803724265E+01-1.816393132E+01-1.825448786E+01-1.830599332E+01-1.831626971E+01
-1.828395324E+01-1.820852804E+01-1.809033349E+01-1.793055550E+01-1.773120376E+01
-1.749507047E+01-1.722566001E+01-1.692707715E+01-1.660386650E+01-1.626080866E+01
-1.590269310E+01-1.553410215E+01-9.160942559E-04 1.317922369E-02-2.365942975E-02
-1.133476486E-01-2.469460726E-01-3.888316245E-01-5.285027995E-01-6.658122697E-01
-8.008962198E-01-9.339066164E-01-1.065000387E+00-1.194334481E+00-1.322063018E+00
-1.448335707E+00-1.573297020E+00-1.697085776E+00-1.819834914E+00-1.941671403E+00
-2.062716205E+00-2.183084306E+00-2.302884793E+00-2.422220938E+00-2.541190354E+00
-2.659885146E+00-2.778392082E+00-2.896792794E+00-3.015163973E+00-3.133577573E+00
-3.252101010E+00-3.370797385E+00-3.489725688E+00-3.608940995E+00-3.728494671E+00
-3.848434576E+00-3.968805281E+00-4.089648170E+00-4.211001830E+00-4.332902036E+00
-4.455382041E+00-4.578472734E+00-4.702202877E+00-4.826599300E+00-4.951686942E+00
-5.077489247E+00-5.204028239E+00-5.331324720E+00-5.459398430E+00-5.588268358E+00
-5.717952787E+00-5.848469642E+00-5.979836575E+00-6.112071236E+00-6.245191474E+00
-6.379215491E+00-6.514162119E+00-6.650051176E+00-6.786903347E+00-6.924740854E+00
-7.063587374E+00-7.203468479E+00-7.344411787E+00-7.486447320E+00-7.629607740E+00
-7.773928664E+00-7.919448861E+00-8.066210567E+00-8.214259918E+00-8.363646912E+00
-8.514425920E+00-8.666655923E+00-8.820400589E+00-8.975728592E+00-9.132713608E+00
-9.291434751E+00-9.451976177E+00-9.614427480E+00-9.778883337E+00-9.945443427E+00
-1.011421208E+01-1.028529776E+01-1.045881256E+01-1.063487133E+01-1.081359066E+01
-1.099508746E+01-1.117947755E+01-1.136687341E+01-1.155738196E+01-1.175110151E+01
-1.194811823E+01-1.214850192E+01-1.235230097E+01-1.255953626E+01-1.277019429E+01
-1.298421850E+01-1.320149989E+01-1.342186525E+01-1.364506428E+01-1.387075449E+01
-1.409848396E+01-1.432767226E+01-1.455758938E+01-1.478733297E+01-1.501580476E+01
-1.524168684E+01-1.546342054E+01-1.567918904E+01-1.588690879E+01-1.608423281E+01
-1.626857204E+01-1.643713806E+01-1.658701136E+01-1.671523357E+01-1.681891939E+01
-1.689537811E+01-1.694223356E+01-1.695753050E+01-1.693981992E+01-1.688821991E+01
-1.680245261E+01-1.668285958E+01-1.653039803E+01-1.634661894E+01-1.613362565E+01
-1.589401140E+01-1.563077429E+01-1.534721033E+01-1.504679040E+01-1.473303041E+01
-1.440936738E+01-2.038816468E-01-1.930762779E-01-2.338632905E-01-3.279032564E-01
-4.732620258E-01-6.190660745E-01-7.618339326E-01-9.019242511E-01-1.039477374E+00
-1.174653463E+00-1.307626612E+00-1.438577650E+00-1.567688584E+00-1.695138572E+00
-1.821101173E+00-1.945742592E+00-2.069220646E+00-2.191684269E+00-2.313273399E+00
-2.434119057E+00-2.554343634E+00-2.674061250E+00-2.793378140E+00-2.912393094E+00
-3.031197868E+00-3.149877594E+00-3.268511179E+00-3.387171658E+00-3.505926554E+00
-3.624838187E+00-3.743963983E+00-3.863356748E+00-3.983064923E+00-4.103132869E+00
-4.223601031E+00-4.344506250E+00-4.465881855E+00-4.587758067E+00-4.710161914E+00
-4.833117743E+00-4.956647107E+00-5.080769232E+00-5.205500982E+00-5.330857209E+00
-5.456850758E+00-5.583492936E+00-5.710793357E+00-5.838760413E+00-5.967401353E+00
-6.096722482E+00-6.226729354E+00-6.357427091E+00-6.488820421E+00-6.620914033E+00
-6.753712813E+00-6.887221881E+00-7.021447110E+00-7.156395195E+00-7.292073940E+00
-7.428492483E+00-7.565661700E+00-7.703594237E+00-7.842304988E+00-7.981811209E+00
-8.122132876E+00-8.263292919E+00-8.405317420E+00-8.548235811E+00-8.692081226E+00
-8.836890503E+00-8.982704421E+00-9.129567699E+00-9.277529229E+00-9.426641847E+00
-9.576962327E+00-9.728551226E+00-9.881472488E+00-1.003579329E+01-1.019158317E+01
-1.034891356E+01-1.050785699E+01-1.066848569E+01-1.083087064E+01-1.099507978E+01
-1.116117618E+01-1.132921591E+01-1.149924514E+01-1.167129748E+01-1.184538988E+01
-1.202151890E+01-1.219965554E+01-1.237973977E+01-1.256167407E+01-1.274531620E+01
-1.293047079E+01-1.311688013E+01-1.330421358E+01-1.349205634E+01-1.367989694E+01
-1.386711404E+01-1.405296269E+01-1.423656093E+01-1.441687675E+01-1.459271713E+01
-1.476272044E+01-1.492535341E+01-1.507891542E+01-1.522155203E+01-1.535127968E+01
-1.546602298E+01-1.556366512E+01-1.564211031E+01-1.569935447E+01-1.573356063E+01
-1.574313267E+01-1.572678290E+01-1.568358855E+01-1.561303499E+01-1.551504369E+01
-1.538998504E+01-1.523867576E+01-1.506236176E+01-1.486268572E+01-1.464164041E+01
-1.440150853E+01-1.414479113E+01-1.387412817E+01-1.359221665E+01-1.330173175E+01
-4.369667223E-01-4.313439963E-01-4.765701854E-01-5.742487588E-01-7.182156061E-01
-8.666922498E-01-1.011914664E+00-1.154050345E+00-1.293272451E+00-1.429781420E+00
-1.563794069E+00-1.695534081E+00-1.825224577E+00-1.953082757E+00-2.079316350E+00
-2.204121457E+00-2.327681509E+00-2.450166931E+00-2.571735373E+00-2.692532184E+00
-2.812691098E+00-2.932335006E+00-3.051576698E+00-3.170519626E+00-3.289258604E+00
-3.407880453E+00-3.526464588E+00-3.645083552E+00-3.763803489E+00-3.882684572E+00
-4.001781405E+00-4.121143277E+00-4.240814669E+00-4.360835336E+00-4.481240617E+00
-4.602061797E+00-4.723326257E+00-4.845057520E+00-4.967275796E+00-5.089997830E+00
-5.213237413E+00-5.337005261E+00-5.461309450E+00-5.586155378E+00-5.711546158E+00
-5.837482657E+00-5.963963732E+00-6.090986428E+00-6.218546135E+00-6.346636826E+00
-6.475251211E+00-6.604381017E+00-6.734017142E+00-6.864149894E+00-6.994769306E+00
-7.125865211E+00-7.257427604E+00-7.389446830E+00-7.521913947E+00-7.654820799E+00
-7.788160569E+00-7.921927623E+00-8.056118220E+00-8.190730467E+00-8.325764718E+00
-8.461223615E+00-8.597112673E+00-8.733440046E+00-8.870217044E+00-9.007457967E+00
-9.145180428E+00-9.283405229E+00-9.422156443E+00-9.561461176E+00-9.701349373E+00
-9.841853655E+00-9.983008812E+00-1.012485121E+01-1.026741816E+01-1.041074717E+01
-1.055487468E+01-1.069983513E+01-1.084565918E+01-1.099237227E+01-1.113999248E+01
-1.128852833E+01-1.143797604E+01-1.158831658E+01-1.173951227E+01-1.189150277E+01
-1.204420079E+01-1.219748732E+01-1.235120583E+01-1.250515659E+01-1.265908974E+01
-1.281269837E+01-1.296561068E+01-1.311738196E+01-1.326748622E+01-1.341530784E+01
-1.356013383E+01-1.370114651E+01-1.383741802E+01-1.396790690E+01-1.409145805E+01
-1.420680660E+01-1.431258729E+01-1.440735026E+01-1.448958372E+01-1.455774402E+01
-1.461029301E+01-1.464574119E+01-1.466269527E+01-1.465990722E+01-1.463632234E+01
-1.459112324E+01-1.452376743E+01-1.443401659E+01-1.432195548E+01-1.418800096E+01
-1.403289954E+01-1.385771417E+01-1.366380023E+01-1.345277181E+01-1.322645910E+01
-1.298685861E+01-1.273607909E+01-1.247628551E+01-1.220964443E+01-6.884888778E-01
-6.886848298E-01-7.384011274E-01-8.395204940E-01-9.829492937E-01-1.133411256E+00
-1.280327671E+00-1.423622911E+00-1.563548388E+00-1.700386430E+00-1.834430501E+00
-1.965972638E+00-2.095294763E+00-2.222663235E+00-2.348325921E+00-2.472511077E+00
-2.595427421E+00-2.717264939E+00-2.838196074E+00-2.958377127E+00-3.077949643E+00
-3.197041787E+00-3.315769584E+00-3.434238063E+00-3.552542275E+00-3.670768149E+00
-3.788993306E+00-3.907287707E+00-4.025714265E+00-4.144329246E+00-4.263182986E+00
-4.382319928E+00-4.501779156E+00-4.621594749E+00-4.741795982E+00-4.862407440E+00
-4.983449570E+00-5.104938527E+00-5.226886604E+00-5.349302388E+00-5.472190884E+00
-5.595553708E+00-5.719389243E+00-5.843692841E+00-5.968457016E+00-6.093671564E+00
-6.219323758E+00-6.345398548E+00-6.471878756E+00-6.598745234E+00-6.725977022E+00
-6.853551740E+00-6.981445632E+00-7.109633757E+00-7.238090466E+00-7.366789362E+00
-7.495703773E+00-7.624806787E+00-7.754071811E+00-7.883472486E+00-8.012983361E+00
-8.142579732E+00-8.272238276E+00-8.401937124E+00-8.531656146E+00-8.661377255E+00
-8.791084456E+00-8.920764314E+00-9.050405798E+00-9.180000593E+00-9.309543027E+00
-9.439030184E+00-9.568461748E+00-9.697839848E+00-9.827168816E+00-9.956454761E+00
-1.008570509E+01-1.021492796E+01-1.034413144E+01-1.047332251E+01-1.060250606E+01
-1.073168350E+01-1.086085124E+01-1.098999897E+01-1.111910774E+01-1.124814748E+01
-1.137707473E+01-1.150582966E+01-1.163433302E+01-1.176248265E+01-1.189014968E+01
-1.201717450E+01-1.214336229E+01-1.226847818E+01-1.239224236E+01-1.251432483E+01
-1.263434002E+01-1.275184162E+01-1.286631732E+01-1.297718428E+01-1.308378526E+01
-1.318538581E+01-1.328117327E+01-1.337025771E+01-1.345167561E+01-1.352439692E+01
-1.358733572E+01-1.363936550E+01-1.367933849E+01-1.370610960E+01-1.371856444E+01
-1.371565027E+01-1.369640935E+01-1.366001239E+01-1.360579122E+01-1.353326864E+01
-1.344218347E+01-1.333251061E+01-1.320447366E+01-1.305855045E+01-1.289547077E+01
-1.271620581E+01-1.252195020E+01-1.231409681E+01-1.209420538E+01-1.186396614E+01
-1.162516005E+01-1.137961736E+01-1.112917680E+01-9.522288027E-01-9.569752073E-01
-1.011141060E+00-1.116158385E+00-1.269069367E+00-1.421508016E+00-1.569058916E+00
-1.712300885E+00-1.851646007E+00-1.987517480E+00-2.120328690E+00-2.250468747E+00
-2.378295116E+00-2.504131084E+00-2.628266250E+00-2.750958653E+00-2.872437630E+00
-2.992906892E+00-3.112547490E+00-3.231520535E+00-3.349969613E+00-3.468022872E+00
-3.585794823E+00-3.703387856E+00-3.820893528E+00-3.938393653E+00-4.055961205E+00
-4.173661060E+00-4.291550741E+00-4.409680796E+00-4.528095393E+00-4.646832748E+00
-4.765925287E+00-4.885400155E+00-5.005279300E+00-5.125579858E+00-5.246314281E+00
-5.367490487E+00-5.489112101E+00-5.611178651E+00-5.733685684E+00-5.856624887E+00
-5.979984322E+00-6.103748545E+00-6.227898722E+00-6.352412909E+00-6.477266048E+00
-6.602430283E+00-6.727875040E+00-6.853567342E+00-6.979471849E+00-7.105551130E+00
-7.231765945E+00-7.358075397E+00-7.484437171E+00-7.610807771E+00-7.737142911E+00
-7.863397558E+00-7.989526444E+00-8.115484218E+00-8.241225651E+00-8.366706183E+00
-8.491882041E+00-8.616710436E+00-8.741150119E+00-8.865161296E+00-8.988706223E+00
-9.111749085E+00-9.234256315E+00-9.356196827E+00-9.477541819E+00-9.598264934E+00
-9.718342178E+00-9.837751644E+00-9.956473318E+00-1.007448856E+01-1.019177981E+01
-1.030832960E+01-1.042412001E+01-1.053913146E+01-1.065334181E+01-1.076672473E+01
-1.087924839E+01-1.099087360E+01-1.110155192E+01-1.121122355E+01-1.131981490E+01
-1.142723593E+01-1.153337767E+01-1.163810888E+01-1.174127314E+01-1.184268532E+01
-1.194212824E+01-1.203934897E+01-1.213405537E+01-1.222591229E+01-1.231453835E+01
-1.239950262E+01-1.248032204E+01-1.255645942E+01-1.262732211E+01-1.269226212E+01
-1.275057777E+01-1.280151687E+01-1.284428240E+01-1.287804032E+01-1.290193047E+01
-1.291508008E+01-1.291662023E+01-1.290570507E+01-1.288153330E+01-1.284337153E+01
-1.279057846E+01-1.272262918E+01-1.263913833E+01-1.253988121E+01-1.242481165E+01
-1.229407589E+01-1.214802144E+01-1.198720052E+01-1.181236766E+01-1.162447135E+01
-1.142463964E+01-1.121416022E+01-1.099445589E+01-1.076705533E+01-1.053356159E+01
-1.029561815E+01-1.005487508E+01-1.251289657E+00-1.262855598E+00-1.321935901E+00
-1.429962975E+00-1.581671537E+00-1.734036604E+00-1.880529087E+00-2.021908773E+00
-2.158860384E+00-2.292028350E+00-2.421991949E+00-2.549257786E+00-2.674262584E+00
-2.797380541E+00-2.918932056E+00-3.039192081E+00-3.158397565E+00-3.276753705E+00
-3.394439117E+00-3.511610014E+00-3.628403620E+00-3.744940883E+00-3.861328665E+00
-3.977661556E+00-4.094023178E+00-4.210487552E+00-4.327119807E+00-4.443977109E+00
-4.561109182E+00-4.678558892E+00-4.796362682E+00-4.914550851E+00-5.033147984E+00
-5.152173032E+00-5.271639667E+00-5.391556556E+00-5.511927245E+00-5.632750670E+00
-5.754021041E+00-5.875728072E+00-5.997857109E+00-6.120389318E+00-6.243301730E+00
-6.366567395E+00-6.490155543E+00-6.614031659E+00-6.738157803E+00-6.862492527E+00
-6.986991190E+00-7.111606200E+00-7.236286967E+00-7.360980302E+00-7.485630652E+00
-7.610180181E+00-7.734569078E+00-7.858735843E+00-7.982617554E+00-8.106150109E+00
-8.229268618E+00-8.351907520E+00-8.474001137E+00-8.595483869E+00-8.716290432E+00
-8.836356407E+00-8.955618323E+00-9.074014205E+00-9.191483575E+00-9.307967885E+00
-9.423410756E+00-9.537757974E+00-9.650957808E+00-9.762960851E+00-9.873720060E+00
-9.983190600E+00-1.009132953E+01-1.019809547E+01-1.030344800E+01-1.040734713E+01
-1.050975237E+01-1.061062163E+01-1.070991026E+01-1.080756963E+01-1.090354554E+01
-1.099777666E+01-1.109019250E+01-1.118071142E+01-1.126923851E+01-1.135566319E+01
-1.143985669E+01-1.152166952E+01-1.160092902E+01-1.167743632E+01-1.175096393E+01
-1.182125309E+01-1.188801117E+01-1.195090942E+01-1.200958101E+01-1.206361941E+01
-1.211257735E+01-1.215596653E+01-1.219325825E+01-1.222388508E+01-1.224724389E+01
-1.226270032E+01-1.226959523E+01-1.226725247E+01-1.225498927E+01-1.223212818E+01
-1.219801114E+01-1.215201534E+01-1.209357054E+01-1.202217722E+01-1.193742555E+01
-1.183901398E+01-1.172676694E+01-1.160065109E+01-1.146078894E+01-1.130746959E+01
-1.114115570E+01-1.096248603E+01-1.077227348E+01-1.057149836E+01-1.036129622E+01
-1.014294121E+01-9.917824534E+00-9.687429510E+00-9.453302591E+00-9.217022978E+00
-8.980170500E+00-1.583960624E+00-1.604470795E+00-1.668838394E+00-1.778752219E+00
-1.925492495E+00-2.074900206E+00-2.217452211E+00-2.354134820E+00-2.486078597E+00
-2.614222610E+00-2.739321754E+00-2.861977830E+00-2.982672262E+00-3.101793779E+00
-3.219660049E+00-3.336534030E+00-3.452636116E+00-3.568153180E+00-3.683245291E+00
-3.798050757E+00-3.912689896E+00-4.027267934E+00-4.141877196E+00-4.256598785E+00
-4.371503857E+00-4.486654819E+00-4.602105845E+00-4.717903703E+00-4.834088304E+00
-4.950692939E+00-5.067744638E+00-5.185264636E+00-5.303268259E+00-5.421765475E+00
-5.540760698E+00-5.660253218E+00-5.780237085E+00-5.900701426E+00-6.021630363E+00
-6.143003211E+00-6.264794596E+00-6.386974458E+00-6.509508164E+00-6.632356710E+00
-6.755476755E+00-6.878820667E+00-7.002336872E+00-7.125969738E+00-7.249659811E+00
-7.373344053E+00-7.496956038E+00-7.620425909E+00-7.743680936E+00-7.866645433E+00
-7.989241193E+00-8.111387723E+00-8.233002482E+00-8.354001195E+00-8.474298247E+00
-8.593806881E+00-8.712439710E+00-8.830108952E+00-8.946726944E+00-9.062206337E+00
-9.176460613E+00-9.289404430E+00-9.400953909E+00-9.511027178E+00-9.619544296E+00
-9.726427883E+00-9.831603041E+00-9.934997669E+00-1.003654227E+01-1.013617005E+01
-1.023381665E+01-1.032941973E+01-1.042291857E+01-1.051425345E+01-1.060336476E+01
-1.069019202E+01-1.077467289E+01-1.085674155E+01-1.093632742E+01-1.101335334E+01
-1.108773383E+01-1.115937304E+01-1.122816266E+01-1.129397981E+01-1.135668477E+01
-1.141611877E+01-1.147210176E+01-1.152443023E+01-1.157287512E+01-1.161718013E+01
-1.165705979E+01-1.169219822E+01-1.172224828E+01-1.174683075E+01-1.176553479E+01
-1.177791840E+01-1.178351041E+01-1.178181289E+01-1.177230491E+01-1.175444777E+01
-1.172769116E+01-1.169148123E+01-1.164526973E+01-1.158852500E+01-1.152074419E+01
-1.144146677E+01-1.135028921E+01-1.124688024E+01-1.113099657E+01-1.100249854E+01
-1.086136493E+01-1.070770714E+01-1.054178078E+01-1.036399597E+01-1.017492364E+01
-9.975299094E+00-9.766021225E+00-9.548147273E+00-9.322882855E+00-9.091566913E+00
-8.855651743E+00-8.616678326E+00-8.376247808E+00-8.135989228E+00-7.897525834E+00
-1.947858137E+00-1.978891198E+00-2.048958340E+00-2.159030061E+00-2.306705600E+00
-2.448593464E+00-2.582040724E+00-2.709603819E+00-2.832941352E+00-2.953184089E+00
-3.071120166E+00-3.187316598E+00-3.302194996E+00-3.416078800E+00-3.529223274E+00
-3.641834976E+00-3.754084725E+00-3.866116352E+00-3.978052791E+00-4.090000281E+00
-4.202051391E+00-4.314287362E+00-4.426779349E+00-4.539589958E+00-4.652773796E+00
-4.766378338E+00-4.880444285E+00-4.995005953E+00-5.110091512E+00-5.225723263E+00
-5.341917792E+00-5.458685974E+00-5.576033285E+00-5.693959646E+00-5.812459660E+00
-5.931522571E+00-6.051132421E+00-6.171267936E+00-6.291902679E+00-6.413005090E+00
-6.534538450E+00-6.656461075E+00-6.778726275E+00-6.901282360E+00-7.024072910E+00
-7.147036698E+00-7.270107771E+00-7.393215720E+00-7.516285690E+00-7.639238604E+00
-7.761991133E+00-7.884456206E+00-8.006542889E+00-8.128156820E+00-8.249200448E+00
-8.369573186E+00-8.489171768E+00-8.607890645E+00-8.725622256E+00-8.842257465E+00
-8.957685876E+00-9.071796266E+00-9.184477172E+00-9.295617136E+00-9.405105326E+00
-9.512831820E+00-9.618688348E+00-9.722568454E+00-9.824368162E+00-9.923986099E+00
-1.002132412E+01-1.011628728E+01-1.020878408E+01-1.029872663E+01-1.038603026E+01
-1.047061362E+01-1.055239789E+01-1.063130657E+01-1.070726437E+01-1.078019658E+01
-1.085002769E+01-1.091668006E+01-1.098007258E+01-1.104011865E+01-1.109672457E+01
-1.114978740E+01-1.119919292E+01-1.124481348E+01-1.128650597E+01-1.132410985E+01
-1.135744486E+01-1.138630975E+01-1.141048015E+01-1.142970756E+01-1.144371808E+01
-1.145221185E+01-1.145486247E+01-1.145131756E+01-1.144119925E+01-1.142410582E+01
-1.139961389E+01-1.136728135E+01-1.132665181E+01-1.127725925E+01-1.121863471E+01
-1.115031342E+01-1.107184369E+01-1.098279648E+01-1.088277679E+01-1.077143534E+01
-1.064848199E+01-1.051369911E+01-1.036695604E+01-1.020822331E+01-1.003758694E+01
-9.855261998E+00-9.661605053E+00-9.457125025E+00-9.242492053E+00-9.018542859E+00
-8.786283228E+00-8.546885324E+00-8.301680408E+00-8.052145242E+00-7.799882783E+00
-7.546595747E+00-7.294054893E+00-7.044061396E+00-6.798406029E+00-2.375653717E+00
-2.428262391E+00-2.505550957E+00-2.607759661E+00-2.736010395E+00-2.857407280E+00
-2.973045480E+00-3.085636509E+00-3.196353944E+00-3.305852430E+00-3.414541458E+00
-3.522699575E+00-3.630529554E+00-3.738187482E+00-3.845799099E+00-3.953469489E+00
-4.061288886E+00-4.169336484E+00-4.277682688E+00-4.386390577E+00-4.495516965E+00
-4.605112912E+00-4.715224083E+00-4.825891138E+00-4.937149496E+00-5.049029771E+00
-5.161557494E+00-5.274753269E+00-5.388632661E+00-5.503206070E+00-5.618478814E+00
-5.734451093E+00-5.851117782E+00-5.968468481E+00-6.086487510E+00-6.205153749E+00
-6.324440841E+00-6.444316755E+00-6.564744257E+00-6.685680483E+00-6.807077167E+00
-6.928880609E+00-7.051031512E+00-7.173465341E+00-7.296112005E+00-7.418896212E+00
-7.541737311E+00-7.664549412E+00-7.787241700E+00-7.909718238E+00-8.031878282E+00
-8.153616597E+00-8.274823298E+00-8.395384404E+00-8.515181834E+00-8.634093924E+00
-8.751995622E+00-8.868758682E+00-8.984252417E+00-9.098343776E+00-9.210897935E+00
-9.321778770E+00-9.430849369E+00-9.537972621E+00-9.643011733E+00-9.745830779E+00
-9.846295444E+00-9.944273507E+00-1.003963542E+01-1.013225503E+01-1.022201001E+01
-1.030878226E+01-1.039245837E+01-1.047292966E+01-1.055009233E+01-1.062384735E+01
-1.069410011E+01-1.076075996E+01-1.082373950E+01-1.088295369E+01-1.093831878E+01
-1.098975068E+01-1.103716366E+01-1.108046829E+01-1.111956954E+01-1.115436449E+01
-1.118474019E+01-1.121057150E+01-1.123171883E+01-1.124802625E+01-1.125931960E+01
-1.126540493E+01-1.126606711E+01-1.126106893E+01-1.125015018E+01-1.123302752E+01
-1.120939452E+01-1.117892230E+01-1.114126066E+01-1.109603985E+01-1.104287312E+01
-1.098135991E+01-1.091108978E+01-1.083164763E+01-1.074261946E+01-1.064359940E+01
-1.053419762E+01-1.041404941E+01-1.028282538E+01-1.014024248E+01-9.986076199E+00
-9.820173563E+00-9.642467000E+00-9.452988619E+00-9.251885261E+00-9.039433233E+00
-8.816053476E+00-8.582325317E+00-8.338999587E+00-8.087009258E+00-7.827477052E+00
-7.561718744E+00-7.291240449E+00-7.017728532E+00-6.743030856E+00-6.469128020E+00
-6.198094827E+00-5.932052451E+00-5.673113400E+00-2.861144714E+00-2.949842550E+00
-3.035967250E+00-3.119536183E+00-3.201474771E+00-3.288116236E+00-3.379312991E+00
-3.473335510E+00-3.569254416E+00-3.666568101E+00-3.764986423E+00-3.864334164E+00
-3.964504147E+00-4.065432148E+00-4.167082375E+00-4.269438440E+00-4.372497348E+00
-4.476265323E+00-4.580754816E+00-4.685982296E+00-4.791966320E+00-4.898726351E+00
-5.006281537E+00-5.114649766E+00-5.223847072E+00-5.333886852E+00-5.444779309E+00
-5.556531261E+00-5.669145425E+00-5.782620463E+00-5.896950424E+00-6.012124552E+00
-6.128127247E+00-6.244937743E+00-6.362529960E+00-6.480872495E+00-6.599928235E+00
-6.719654629E+00-6.840003293E+00-6.960920016E+00-7.082344753E+00-7.204211548E+00
-7.326448500E+00-7.448977714E+00-7.571715312E+00-7.694571422E+00-7.817450305E+00
-7.940250192E+00-8.062863682E+00-8.185177462E+00-8.307072664E+00-8.428425063E+00
-8.549104997E+00-8.668977837E+00-8.787904151E+00-8.905739894E+00-9.022336847E+00
-9.137542968E+00-9.251202748E+00-9.363157724E+00-9.473246950E+00-9.581307549E+00
-9.687175345E+00-9.790685610E+00-9.891673537E+00-9.989975146E+00-1.008542803E+01
-1.017787216E+01-1.026715064E+01-1.035311068E+01-1.043560441E+01-1.051448961E+01
-1.058963019E+01-1.066089688E+01-1.072816727E+01-1.079132584E+01-1.085026400E+01
-1.090487960E+01-1.095507633E+01-1.100076304E+01-1.104185253E+01-1.107826009E+01
-1.110990188E+01-1.113669272E+01-1.115854364E+01-1.117535959E+01-1.118703649E+01
-1.119345888E+01-1.119449756E+01-1.119000743E+01-1.117982557E+01-1.116376987E+01
-1.114163771E+01-1.111320519E+01-1.107822656E+01-1.103643435E+01-1.098753952E+01
-1.093123228E+01-1.086718352E+01-1.079504662E+01-1.071445985E+01-1.062504958E+01
-1.052643404E+01-1.041822798E+01-1.030004808E+01-1.017151939E+01-1.003228246E+01
-9.882001659E+00-9.720374626E+00-9.547142514E+00-9.362101588E+00-9.165116079E+00
-8.956131853E+00-8.735191854E+00-8.502452458E+00-8.258200924E+00-8.002874270E+00
-7.737078808E+00-7.461609853E+00-7.177471178E+00-6.885892630E+00-6.588344155E+00
-6.286543557E+00-5.982454969E+00-5.678274776E+00-5.376401054E+00-5.079385689E+00
-4.789868351E+00-4.510496588E+00-3.309697987E+00-3.422798562E+00-3.516335789E+00
-3.589754906E+00-3.645837468E+00-3.709306162E+00-3.781412033E+00-3.859620398E+00
-3.942281765E+00-4.028318357E+00-4.117012151E+00-4.207874438E+00-4.300566622E+00
-4.394851599E+00-4.490562276E+00-4.587581165E+00-4.685826275E+00-4.785241425E+00
-4.885789026E+00-4.987444927E+00-5.090194314E+00-5.194028835E+00-5.298944194E+00
-5.404938147E+00-5.512009195E+00-5.620155212E+00-5.729372572E+00-5.839655327E+00
-5.950994493E+00-6.063377502E+00-6.176787807E+00-6.291204407E+00-6.406601535E+00
-6.522948421E+00-6.640208975E+00-6.758341551E+00-6.877298754E+00-6.997027354E+00
-7.117468095E+00-7.238555456E+00-7.360217691E+00-7.482376513E+00-7.604947255E+00
-7.727838667E+00-7.850952802E+00-7.974185135E+00-8.097424364E+00-8.220552604E+00
-8.343445316E+00-8.465971340E+00-8.587993014E+00-8.709366452E+00-8.829941347E+00
-8.949561560E+00-9.068065041E+00-9.185284344E+00-9.301046742E+00-9.415174822E+00
-9.527486676E+00-9.637796656E+00-9.745915684E+00-9.851652044E+00-9.954812090E+00
-1.005520091E+01-1.015262329E+01-1.024688455E+01-1.033779147E+01-1.042515326E+01
-1.050878291E+01-1.058849821E+01-1.066412329E+01-1.073548974E+01-1.080243776E+01
-1.086481666E+01-1.092248541E+01-1.097531288E+01-1.102317785E+01-1.106596879E+01
-1.110358366E+01-1.113592924E+01-1.116292003E+01-1.118447696E+01-1.120052556E+01
-1.121099319E+01-1.121580620E+01-1.121488619E+01-1.120814695E+01-1.119549082E+01
-1.117680617E+01-1.115196488E+01-1.112082047E+01-1.108320638E+01-1.103893517E+01
-1.098779754E+01-1.092956222E+01-1.086397584E+01-1.079076361E+01-1.070963006E+01
-1.062026025E+01-1.052232175E+01-1.041546672E+01-1.029933488E+01-1.017355672E+01
-1.003775785E+01-9.891563416E+00-9.734603970E+00-9.566521652E+00-9.386977705E+00
-9.195660720E+00-8.992296319E+00-8.776657801E+00-8.548578623E+00-8.307966357E+00
-8.054818479E+00-7.789240580E+00-7.511467047E+00-7.221884345E+00-6.921057499E+00
-6.609759759E+00-6.289004748E+00-5.960080584E+00-5.624583645E+00-5.284448196E+00
-4.941966524E+00-4.599791377E+00-4.260912133E+00-3.928596729E+00-3.606296027E+00
-3.297516102E+00-3.706913479E+00-3.832816914E+00-3.932460224E+00-4.004762902E+00
-4.051294564E+00-4.105238402E+00-4.166973121E+00-4.234963491E+00-4.308033602E+00
-4.385252452E+00-4.465905495E+00-4.549452371E+00-4.635486954E+00-4.723704844E+00
-4.813878355E+00-4.905837517E+00-4.999455898E+00-5.094639847E+00-5.191320335E+00
-5.289446579E+00-5.388981265E+00-5.489896619E+00-5.592171363E+00-5.695788479E+00
-5.800733073E+00-5.906990882E+00-6.014547171E+00-6.123385393E+00-6.233486635E+00
-6.344828717E+00-6.457385713E+00-6.571127286E+00-6.686018449E+00-6.802019174E+00
-6.919083795E+00-7.037161134E+00-7.156193865E+00-7.276118595E+00-7.396865310E+00
-7.518357576E+00-7.640512026E+00-7.763238315E+00-7.886439129E+00-8.010009823E+00
-8.133838424E+00-8.257805553E+00-8.381784383E+00-8.505640446E+00-8.629231863E+00
-8.752409156E+00-8.875015357E+00-8.996886171E+00-9.117849976E+00-9.237728096E+00
-9.356334921E+00-9.473478263E+00-9.588959626E+00-9.702574570E+00-9.814113136E+00
-9.923360321E+00-1.003009679E+01-1.013409951E+01-1.023514259E+01-1.033299816E+01
-1.042743743E+01-1.051823183E+01-1.060515384E+01-1.068797818E+01-1.076648313E+01
-1.084045253E+01-1.090967842E+01-1.097396306E+01-1.103312063E+01-1.108697776E+01
-1.113537434E+01-1.117816371E+01-1.121521277E+01-1.124640237E+01-1.127162705E+01
-1.129079509E+01-1.130382788E+01-1.131065903E+01-1.131123245E+01-1.130549911E+01
-1.129341266E+01-1.127492366E+01-1.124997470E+01-1.121849582E+01-1.118040115E+01
-1.113558611E+01-1.108392550E+01-1.102527199E+01-1.095945532E+01-1.088628155E+01
-1.080553316E+01-1.071696907E+01-1.062032522E+01-1.051531550E+01-1.040163271E+01
-1.027895039E+01-1.014692451E+01-1.000519593E+01-9.853393175E+00-9.691135676E+00
-9.518037797E+00-9.333713228E+00-9.137780309E+00-8.929867977E+00-8.709623099E+00
-8.476718305E+00-8.230861804E+00-7.971808535E+00-7.699373202E+00-7.413446117E+00
-7.114011837E+00-6.801171697E+00-6.475171034E+00-6.136432327E+00-5.785595143E+00
-5.423564365E+00-5.051567436E+00-4.671219999E+00-4.284597409E+00-3.894304742E+00
-3.503530431E+00-3.116061112E+00-2.736229033E+00-2.368770232E+00-2.018595775E+00
-4.062264371E+00-4.196193278E+00-4.301020107E+00-4.375639672E+00-4.426497487E+00
-4.477307275E+00-4.534075328E+00-4.596252106E+00-4.663149620E+00-4.734146820E+00
-4.808713077E+00-4.886410470E+00-4.966885783E+00-5.049858573E+00-5.135108796E+00
-5.222465380E+00-5.311796141E+00-5.402999587E+00-5.495997903E+00-5.590731361E+00
-5.687153824E+00-5.785228927E+00-5.884927160E+00-5.986223346E+00-6.089094832E+00
-6.193519592E+00-6.299475288E+00-6.406937847E+00-6.515880673E+00-6.626273982E+00
-6.738084008E+00-6.851272613E+00-6.965796734E+00-7.081607869E+00-7.198651924E+00
-7.316868737E+00-7.436191800E+00-7.556547990E+00-7.677857326E+00-7.800032657E+00
-7.922979543E+00-8.046595901E+00-8.170771964E+00-8.295390007E+00-8.420324111E+00
-8.545440239E+00-8.670595845E+00-8.795639952E+00-8.920413110E+00-9.044747124E+00
-9.168465368E+00-9.291382547E+00-9.413305014E+00-9.534030690E+00-9.653349419E+00
-9.771043128E+00-9.886886098E+00-1.000064528E+01-1.011208078E+01-1.022094623E+01
-1.032698947E+01-1.042995327E+01-1.052957617E+01-1.062559376E+01-1.071774019E+01
-1.080574946E+01-1.088935626E+01-1.096829611E+01-1.104230562E+01-1.111112577E+01
-1.117450923E+01-1.123222429E+01-1.128405625E+01-1.132980776E+01-1.136929883E+01
-1.140236691E+01-1.142886706E+01-1.144867265E+01-1.146167582E+01-1.146778829E+01
-1.146694235E+01-1.145909127E+01-1.144420857E+01-1.142228514E+01-1.139332148E+01
-1.135731528E+01-1.131425323E+01-1.126410507E+01-1.120681975E+01-1.114232291E+01
-1.107051530E+01-1.099127169E+01-1.090444030E+01-1.080984269E+01-1.070727394E+01
-1.059650295E+01-1.047727307E+01-1.034930290E+01-1.021228734E+01-1.006589871E+01
-9.909788275E+00-9.743588096E+00-9.566912807E+00-9.379362190E+00-9.180523775E+00
-8.969976109E+00-8.747292537E+00-8.512045459E+00-8.263811610E+00-8.002178046E+00
-7.726749514E+00-7.437157318E+00-7.133070108E+00-6.814207284E+00-6.480355735E+00
-6.131391236E+00-5.767305552E+00-5.388241939E+00-4.994541042E+00-4.586801809E+00
-4.165961349E+00-3.733399976E+00-3.291076894E+00-2.841697888E+00-2.388904038E+00
-1.937439899E+00-1.493211499E+00-1.063109299E+00-6.545291365E-01-4.401821479E+00
-4.543144713E+00-4.653044665E+00-4.730448573E+00-4.780518246E+00-4.830442812E+00
-4.885116875E+00-4.944200893E+00-5.007321046E+00-5.074112498E+00-5.144240551E+00
-5.217411367E+00-5.293375272E+00-5.371925421E+00-5.452893618E+00-5.536145276E+00
-5.621573623E+00-5.709094778E+00-5.798642865E+00-5.890165956E+00-5.983622525E+00
-6.078978451E+00-6.176204738E+00-6.275275262E+00-6.376165124E+00-6.478849345E+00
-6.583301685E+00-6.689493579E+00-6.797393429E+00-6.906965895E+00-7.018171261E+00
-7.130965007E+00-7.245297214E+00-7.361112329E+00-7.478348652E+00-7.596937984E+00
-7.716805466E+00-7.837869030E+00-7.960039278E+00-8.083219132E+00-8.207303592E+00
-8.332179345E+00-8.457724688E+00-8.583809171E+00-8.710293398E+00-8.837028794E+00
-8.963857410E+00-9.090611837E+00-9.217114857E+00-9.343179679E+00-9.468609464E+00
-9.593197643E+00-9.716727874E+00-9.838973926E+00-9.959700154E+00-1.007866149E+01
-1.019560374E+01-1.031026383E+01-1.042237006E+01-1.053164262E+01-1.063779385E+01
-1.074052898E+01-1.083954694E+01-1.093454177E+01-1.102520509E+01-1.111123132E+01
-1.119231737E+01-1.126815771E+01-1.133843671E+01-1.140282681E+01-1.146102758E+01
-1.151276877E+01-1.155780645E+01-1.159591976E+01-1.162690910E+01-1.165059544E+01
-1.166682090E+01-1.167544941E+01-1.167636828E+01-1.166949048E+01-1.165475785E+01
-1.163214573E+01-1.160166913E+01-1.156338589E+01-1.151738710E+01-1.146374727E+01
-1.140251741E+01-1.133372003E+01-1.125734736E+01-1.117336067E+01-1.108168963E+01
-1.098223232E+01-1.087485558E+01-1.075939545E+01-1.063565766E+01-1.050341851E+01
-1.036242540E+01-1.021239774E+01-1.005302765E+01-9.883980800E+00-9.704897351E+00
-9.515393085E+00-9.315060218E+00-9.103468984E+00-8.880168775E+00-8.644689872E+00
-8.396545380E+00-8.135233196E+00-7.860238883E+00-7.571038827E+00-7.267104092E+00
-6.947905468E+00-6.612920089E+00-6.261639625E+00-5.893581396E+00-5.508303580E+00
-5.105425423E+00-4.684655567E+00-4.245831372E+00-3.788975659E+00-3.314378240E+00
-2.822717554E+00-2.315244443E+00-1.794065281E+00-1.262577254E+00-7.261006078E-01
-1.926129108E-01 3.269717564E-01 8.199515350E-01-4.728384408E+00-4.876212257E+00
-4.991289661E+00-5.071623176E+00-5.119052865E+00-5.169356018E+00-5.223433419E+00
-5.280964557E+00-5.341774339E+00-5.405684959E+00-5.472526132E+00-5.542143020E+00
-5.614400246E+00-5.689183397E+00-5.766397991E+00-5.845967555E+00-5.927831061E+00
-6.011940164E+00-6.098256215E+00-6.186748087E+00-6.277389779E+00-6.370158476E+00
-6.465032865E+00-6.561991985E+00-6.661013694E+00-6.762074116E+00-6.865146379E+00
-6.970200306E+00-7.077201539E+00-7.186111152E+00-7.296885215E+00-7.409474203E+00
-7.523822800E+00-7.639869385E+00-7.757545758E+00-7.876776785E+00-7.997480083E+00
-8.119565544E+00-8.242935262E+00-8.367482978E+00-8.493093842E+00-8.619644181E+00
-8.747000904E+00-8.875021582E+00-9.003553780E+00-9.132434977E+00-9.261492249E+00
-9.390541916E+00-9.519389505E+00-9.647829313E+00-9.775644445E+00-9.902606624E+00
-1.002847630E+01-1.015300254E+01-1.027592327E+01-1.039696548E+01-1.051584542E+01
-1.063226882E+01-1.074593096E+01-1.085651689E+01-1.096370118E+01-1.106714801E+01
-1.116651253E+01-1.126143794E+01-1.135155543E+01-1.143652071E+01-1.151601073E+01
-1.158970619E+01-1.165724508E+01-1.171809371E+01-1.177188862E+01-1.181833494E+01
-1.185717257E+01-1.188816404E+01-1.191109241E+01-1.192576185E+01-1.193199882E+01
-1.192965339E+01-1.191860064E+01-1.189874375E+01-1.187001813E+01-1.183240133E+01
-1.178593854E+01-1.173079011E+01-1.166731355E+01-1.159568498E+01-1.151603650E+01
-1.142844840E+01-1.133295884E+01-1.122956535E+01-1.111822603E+01-1.099886061E+01
-1.087135216E+01-1.073554832E+01-1.059126254E+01-1.043827533E+01-1.027633495E+01
-1.010515822E+01-9.924430956E+00-9.733808500E+00-9.532915967E+00-9.321348452E+00
-9.098671144E+00-8.864419330E+00-8.618098392E+00-8.359183493E+00-8.087119576E+00
-7.801320854E+00-7.501170493E+00-7.186020376E+00-6.855190708E+00-6.507969940E+00
-6.143615041E+00-5.761352448E+00-5.360379676E+00-4.939869067E+00-4.498973340E+00
-4.036835326E+00-3.552603245E+00-3.045455024E+00-2.514637670E+00-1.959531732E+00
-1.379762146E+00-7.754016652E-01-1.473829785E-01 5.015420423E-01 1.164175350E+00
 1.822172461E+00 2.444325114E+00-5.033610413E+00-5.186817674E+00-5.306219142E+00
-5.390581070E+00-5.446400587E+00-5.498162969E+00-5.552357504E+00-5.609100421E+00
-5.668362563E+00-5.730110520E+00-5.794312260E+00-5.860939772E+00-5.929970556E+00
-6.001387595E+00-6.075179263E+00-6.151338037E+00-6.229859661E+00-6.310741692E+00
-6.393982319E+00-6.479579491E+00-6.567529664E+00-6.657827282E+00-6.750463874E+00
-6.845427542E+00-6.942702486E+00-7.042268534E+00-7.144100786E+00-7.248169299E+00
-7.354438810E+00-7.462868264E+00-7.573410818E+00-7.686013280E+00-7.800615963E+00
-7.917152359E+00-8.035548792E+00-8.155724180E+00-8.277589596E+00-8.401048002E+00
-8.525993847E+00-8.652312676E+00-8.779880815E+00-8.908565015E+00-9.038221904E+00
-9.168697784E+00-9.299828085E+00-9.431437166E+00-9.563337722E+00-9.695330590E+00
-9.827204315E+00-9.958734794E+00-1.008968508E+01-1.021980515E+01-1.034883173E+01
-1.047648847E+01-1.060248608E+01-1.072652267E+01-1.084828423E+01-1.096744438E+01
-1.108366479E+01-1.119659644E+01-1.130587534E+01-1.141111929E+01-1.151195104E+01
-1.160796189E+01-1.169859425E+01-1.178347684E+01-1.186232993E+01-1.193498426E+01
-1.200148546E+01-1.205988310E+01-1.211011344E+01-1.215197890E+01-1.218524638E+01
-1.220967098E+01-1.222501591E+01-1.223106523E+01-1.222762643E+01-1.221453013E+01
-1.219163008E+01-1.215880477E+01-1.211595000E+01-1.206295545E+01-1.199973109E+01
-1.192625268E+01-1.184448496E+01-1.175421697E+01-1.165568716E+01-1.154899942E+01
-1.143423012E+01-1.131140876E+01-1.118051643E+01-1.104148860E+01-1.089421852E+01
-1.073856027E+01-1.057433053E+01-1.040131027E+01-1.021924544E+01-1.002784773E+01
-9.826794642E+00-9.615729467E+00-9.394260966E+00-9.161962645E+00-8.918372033E+00
-8.662989274E+00-8.395275701E+00-8.114651870E+00-7.820495076E+00-7.512136597E+00
-7.188858184E+00-6.849887809E+00-6.494394938E+00-6.121484617E+00-5.730190697E+00
-5.319468037E+00-4.888183041E+00-4.435102829E+00-3.958882233E+00-3.458048253E+00
-2.930980665E+00-2.375887122E+00-1.790768910E+00-1.173370081E+00-5.210942960E-01
 1.691472065E-01 9.012534005E-01 1.680727980E+00 2.517275736E+00 3.421791987E+00
 4.235159817E+00-5.339714627E+00-5.498841700E+00-5.622870527E+00-5.710601483E+00
-5.767641785E+00-5.820588428E+00-5.875077237E+00-5.931235981E+00-5.989157761E+00
-6.048939303E+00-6.110678119E+00-6.174469084E+00-6.240402184E+00-6.308560473E+00
-6.379018967E+00-6.451843818E+00-6.527092037E+00-6.604811611E+00-6.685041506E+00
-6.767812021E+00-6.853145061E+00-6.941054614E+00-7.031546982E+00-7.124621063E+00
-7.220268701E+00-7.318474688E+00-7.419217079E+00-7.522467152E+00-7.628189565E+00
-7.736342043E+00-7.846875692E+00-7.959734486E+00-8.074855308E+00-8.192167711E+00
-8.311593488E+00-8.433046632E+00-8.556432740E+00-8.681648863E+00-8.808582951E+00
-8.937113534E+00-9.067109255E+00-9.198428436E+00-9.330918602E+00-9.464415890E+00
-9.598744896E+00-9.733717803E+00-9.869134109E+00-1.000478011E+01-1.014042836E+01
-1.027583702E+01-1.041074969E+01-1.054489462E+01-1.067798452E+01-1.080971661E+01
-1.093977281E+01-1.106782095E+01-1.119351684E+01-1.131650103E+01-1.143639684E+01
-1.155283533E+01-1.166542649E+01-1.177365871E+01-1.187725124E+01-1.197615814E+01
-1.206844483E+01-1.215405402E+01-1.223268446E+01-1.230395143E+01-1.236739501E+01
-1.242238974E+01-1.246850027E+01-1.250538152E+01-1.253273995E+01-1.255031736E+01
-1.255788548E+01-1.255524329E+01-1.254221519E+01-1.251864563E+01-1.248439111E+01
-1.243931525E+01-1.238329484E+01-1.231624430E+01-1.223816135E+01-1.214919290E+01
-1.204969155E+01-1.193975216E+01-1.182179262E+01-1.169555870E+01-1.156123261E+01
-1.141888058E+01-1.126849509E+01-1.111001413E+01-1.094333040E+01-1.076829609E+01
-1.058472527E+01-1.039239521E+01-1.019104702E+01-9.980385770E+00-9.760080216E+00
-9.529762060E+00-9.289025291E+00-9.037424306E+00-8.774472484E+00-8.499639629E+00
-8.212349253E+00-7.911974750E+00-7.597835380E+00-7.269190872E+00-6.925235078E+00
-6.565088488E+00-6.187788975E+00-5.792280915E+00-5.377401716E+00-4.941865898E+00
-4.484245359E+00-4.002945416E+00-3.496174998E+00-2.961909109E+00-2.397840581E+00
-1.801316476E+00-1.169251136E+00-4.980025660E-01 2.168118019E-01 9.806020378E-01
 1.800266029E+00 2.684912138E+00 3.646794849E+00 4.691910303E+00 5.650643196E+00
-5.648667798E+00-5.813321006E+00-5.942844922E+00-6.032939791E+00-6.086418561E+00
-6.140197513E+00-6.194717723E+00-6.250005429E+00-6.306288714E+00-6.363807637E+00
-6.422800249E+00-6.483493134E+00-6.546094754E+00-6.610791940E+00-6.677748198E+00
-6.747103869E+00-6.818976756E+00-6.893464058E+00-6.970644020E+00-7.050577673E+00
-7.133310876E+00-7.218875623E+00-7.307291653E+00-7.398567632E+00-7.492702064E+00
-7.589684036E+00-7.689494123E+00-7.792104549E+00-7.897479816E+00-8.005576702E+00
-8.116344382E+00-8.229724585E+00-8.345651397E+00-8.464051100E+00-8.584841943E+00
-8.707933975E+00-8.833228464E+00-8.960617730E+00-9.089984483E+00-9.221201620E+00
-9.354131441E+00-9.488625293E+00-9.624522979E+00-9.761652127E+00-9.899827757E+00
-1.003885150E+01-1.017851122E+01-1.031858014E+01-1.045881631E+01-1.059896186E+01
-1.073874202E+01-1.087786438E+01-1.101601759E+01-1.115287051E+01-1.128807225E+01
-1.142125308E+01-1.155204975E+01-1.168007630E+01-1.180482917E+01-1.192602212E+01
-1.204359349E+01-1.215565429E+01-1.226201430E+01-1.236222465E+01-1.245557965E+01
-1.254151467E+01-1.261952134E+01-1.268911861E+01-1.274983628E+01-1.280122062E+01
-1.284287762E+01-1.287446567E+01-1.289567896E+01-1.290624756E+01-1.290593954E+01
-1.289456333E+01-1.287196906E+01-1.283804550E+01-1.279270535E+01-1.273585042E+01
-1.266739077E+01-1.258728159E+01-1.249552407E+01-1.239210671E+01-1.227713703E+01
-1.215096732E+01-1.201430320E+01-1.186770280E+01-1.171341612E+01-1.155139371E+01
-1.138156967E+01-1.120385062E+01-1.101811107E+01-1.082419180E+01-1.062189871E+01
-1.041100248E+01-1.019123807E+01-9.962304127E+00-9.723862048E+00-9.475534902E+00
-9.216905805E+00-8.947515874E+00-8.666861745E+00-8.374392144E+00-8.069504263E+00
-7.751538756E+00-7.419773987E+00-7.073419135E+00-6.711605683E+00-6.333377136E+00
-5.937676965E+00-5.523333438E+00-5.089041651E+00-4.633341745E+00-4.154591955E+00
-3.650935845E+00-3.120261991E+00-2.560153971E+00-1.967828160E+00-1.340055815E+00
-6.730651030E-01 3.758223767E-02 7.971447087E-01 1.611886556E+00 2.489282128E+00
 3.438189789E+00 4.468877457E+00 5.590900423E+00 6.639445339E+00-5.946281046E+00
-6.116896183E+00-6.250012166E+00-6.344309908E+00-6.406164400E+00-6.460679645E+00
-6.514479952E+00-6.568066006E+00-6.621859339E+00-6.676287433E+00-6.731761536E+00
-6.788660789E+00-6.847323354E+00-6.908043070E+00-6.971070044E+00-7.036613209E+00
-7.104844308E+00-7.175901986E+00-7.249896128E+00-7.326911598E+00-7.407011594E+00
-7.490240795E+00-7.576627685E+00-7.666186686E+00-7.758919806E+00-7.854818023E+00
-7.953862387E+00-8.056024804E+00-8.161268517E+00-8.269548806E+00-8.380812917E+00
-8.495000292E+00-8.612042653E+00-8.731863683E+00-8.854379030E+00-8.979495670E+00
-9.107111915E+00-9.237116660E+00-9.369388987E+00-9.503797579E+00-9.640200126E+00
-9.778442735E+00-9.918359221E+00-1.005977047E+01-1.020248379E+01-1.034629217E+01
-1.049097375E+01-1.063629085E+01-1.078198949E+01-1.092779820E+01-1.107342706E+01
-1.121856623E+01-1.136288377E+01-1.150601917E+01-1.164758585E+01-1.178708565E+01
-1.192424080E+01-1.205897270E+01-1.218946611E+01-1.231549847E+01-1.243656688E+01
-1.255187516E+01-1.266073415E+01-1.276250789E+01-1.285657570E+01-1.294237334E+01
-1.301939539E+01-1.308716213E+01-1.314521601E+01-1.319312716E+01-1.323050067E+01
-1.325698042E+01-1.327224876E+01-1.327602714E+01-1.326807677E+01-1.324819991E+01
-1.321624111E+01-1.317208825E+01-1.311567412E+01-1.304697831E+01-1.296603458E+01
-1.287297330E+01-1.276793262E+01-1.265084148E+01-1.252167826E+01-1.238050790E+01
-1.222756390E+01-1.206351862E+01-1.188928837E+01-1.170767167E+01-1.151858279E+01
-1.132191212E+01-1.111752200E+01-1.090524392E+01-1.068487675E+01-1.045618546E+01
-1.021890019E+01-9.972715332E+00-9.717288446E+00-9.452238536E+00-9.177144465E+00
-8.891542109E+00-8.594921682E+00-8.286723754E+00-7.966334959E+00-7.633082239E+00
-7.286226622E+00-6.924954910E+00-6.548370296E+00-6.155480865E+00-5.745185568E+00
-5.316257473E+00-4.867323556E+00-4.396839763E+00-3.903061471E+00-3.384006861E+00
-2.837412928E+00-2.260681943E+00-1.650816974E+00-1.004344970E+00-3.172268065E-01
 4.152444225E-01 1.198551455E+00 2.039054609E+00 2.944063307E+00 3.921839648E+00
 4.981489025E+00 6.135931917E+00 7.253549539E+00-6.258480083E+00-6.435647665E+00
-6.573371781E+00-6.670308443E+00-6.732497317E+00-6.786165124E+00-6.837776725E+00
-6.888091580E+00-6.937832072E+00-6.987696633E+00-7.038322545E+00-7.090267739E+00
-7.144006386E+00-7.199933069E+00-7.258370821E+00-7.319580546E+00-7.383770427E+00
-7.451104051E+00-7.521707850E+00-7.595677248E+00-7.673081668E+00-7.753968821E+00
-7.838368100E+00-7.926293294E+00-8.017744836E+00-8.112711458E+00-8.211171649E+00
-8.313094480E+00-8.418440592E+00-8.527162546E+00-8.639205067E+00-8.754505392E+00
-8.872993074E+00-8.994589906E+00-9.119209722E+00-9.246757885E+00-9.377130973E+00
-9.510216106E+00-9.645890516E+00-9.784020680E+00-9.924461648E+00-1.006705633E+01
-1.021163465E+01-1.035801281E+01-1.050599246E+01-1.065536019E+01-1.080588661E+01
-1.095732575E+01-1.110941423E+01-1.126187062E+01-1.141439498E+01-1.156666674E+01
-1.171835587E+01-1.186906373E+01-1.201866817E+01-1.216536908E+01-1.230905524E+01
-1.244922877E+01-1.258504064E+01-1.271570465E+01-1.284048045E+01-1.295860657E+01
-1.306943996E+01-1.317239379E+01-1.326689354E+01-1.335238894E+01-1.342835876E+01
-1.349431077E+01-1.354978211E+01-1.359434094E+01-1.362758919E+01-1.364916503E+01
-1.365874464E+01-1.365604390E+01-1.364082020E+01-1.361287414E+01-1.357205138E+01
-1.351824449E+01-1.345139540E+01-1.337149768E+01-1.327860042E+01-1.317281789E+01
-1.305433560E+01-1.292339111E+01-1.278031421E+01-1.262507892E+01-1.245762013E+01
-1.227807031E+01-1.208714917E+01-1.188609542E+01-1.167798326E+01-1.146270063E+01
-1.124010697E+01-1.101003052E+01-1.077226655E+01-1.052657682E+01-1.027268918E+01
-1.001029726E+01-9.739059037E+00-9.458595719E+00-9.168489441E+00-8.868280808E+00
-8.557465748E+00-8.235491489E+00-7.901752267E+00-7.555583379E+00-7.196254836E+00
-6.822963288E+00-6.434822409E+00-6.030851554E+00-5.609961924E+00-5.170940064E+00
-4.712427802E+00-4.232898381E+00-3.730627283E+00-3.203657149E+00-2.649755318E+00
-2.066362796E+00-1.450533068E+00-7.988596386E-01-1.073918085E-01 6.284602437E-01
 1.414026648E+00 2.255475281E+00 3.159886545E+00 4.135274793E+00 5.190516788E+00
 6.337053872E+00 7.455499665E+00-6.592236916E+00-6.775259459E+00-6.920764448E+00
-7.016474494E+00-7.071237600E+00-7.121524323E+00-7.168286077E+00-7.212608901E+00
-7.255728197E+00-7.298739500E+00-7.342557305E+00-7.387919717E+00-7.435411656E+00
-7.485491849E+00-7.538517488E+00-7.594764959E+00-7.654446309E+00-7.717722444E+00
-7.784713097E+00-7.855505067E+00-7.930158239E+00-8.008710791E+00-8.091182660E+00
-8.177578888E+00-8.267891872E+00-8.362103054E+00-8.460184500E+00-8.562099845E+00
-8.667804962E+00-8.777248553E+00-8.890372228E+00-9.007110860E+00-9.127392310E+00
-9.251137227E+00-9.378258736E+00-9.508662043E+00-9.642243803E+00-9.778891414E+00
-9.918482383E+00-1.006088330E+01-1.020594919E+01-1.035352224E+01-1.050343092E+01
-1.065548907E+01-1.080949503E+01-1.096523097E+01-1.112246239E+01-1.128093713E+01
-1.144038507E+01-1.160051521E+01-1.176102543E+01-1.192154440E+01-1.208195253E+01
-1.224059350E+01-1.239720316E+01-1.255104518E+01-1.270129998E+01-1.284714298E+01
-1.298767448E+01-1.312218311E+01-1.325001790E+01-1.337053027E+01-1.348308963E+01
-1.358709077E+01-1.368195350E+01-1.376712323E+01-1.384207257E+01-1.390630232E+01
-1.395934265E+01-1.400075502E+01-1.403013447E+01-1.404711191E+01-1.405135666E+01
-1.404257891E+01-1.402053201E+01-1.398501499E+01-1.393587514E+01-1.387301037E+01
-1.379637211E+01-1.370596748E+01-1.360186095E+01-1.348417634E+01-1.335310088E+01
-1.320888661E+01-1.305187634E+01-1.288247860E+01-1.270110823E+01-1.250753000E+01
-1.230182328E+01-1.208475216E+01-1.185787919E+01-1.162434685E+01-1.138402042E+01
-1.113673038E+01-1.088226980E+01-1.062039744E+01-1.035084034E+01-1.007329394E+01
-9.787421542E+00-9.492852790E+00-9.189181479E+00-8.875963184E+00-8.552712074E+00
-8.218897482E+00-7.873939529E+00-7.517204125E+00-7.147997015E+00-6.765556691E+00
-6.369045764E+00-5.957541304E+00-5.530022519E+00-5.085356641E+00-4.622281950E+00
-4.139387165E+00-3.635086977E+00-3.107592470E+00-2.554875177E+00-1.974623608E+00
-1.364190104E+00-7.205255352E-01-4.009862855E-02 6.812044897E-01 1.448205654E+00
 2.266589998E+00 3.143091090E+00 4.085687287E+00 5.103744455E+00 6.207834196E+00
 7.290443757E+00-6.931532570E+00-7.125927029E+00-7.273426406E+00-7.372411907E+00
-7.429781429E+00-7.472685723E+00-7.509650861E+00-7.543333452E+00-7.575853845E+00
-7.608782690E+00-7.643247396E+00-7.680056827E+00-7.719796616E+00-7.762894281E+00
-7.809663758E+00-7.860335609E+00-7.915077872E+00-7.974011109E+00-8.037219201E+00
-8.104757307E+00-8.176657892E+00-8.252935297E+00-8.333589049E+00-8.418606856E+00
-8.507966260E+00-8.601636531E+00-8.699579449E+00-8.801750495E+00-8.908098962E+00
-9.018568705E+00-9.133097869E+00-9.251619158E+00-9.374059291E+00-9.500338997E+00
-9.630372187E+00-9.764065802E+00-9.901318624E+00-1.004202093E+01-1.018605325E+01
-1.033328554E+01-1.048357584E+01-1.063676896E+01-1.079269500E+01-1.095116809E+01
-1.111198507E+01-1.127492567E+01-1.143975275E+01-1.160620934E+01-1.177402792E+01
-1.194287376E+01-1.211264673E+01-1.228179090E+01-1.245004307E+01-1.261659229E+01
-1.278050581E+01-1.294079394E+01-1.309654155E+01-1.324705953E+01-1.339164731E+01
-1.352961464E+01-1.366029043E+01-1.378302349E+01-1.389718435E+01-1.400216630E+01
-1.409738579E+01-1.418228319E+01-1.425632433E+01-1.431900191E+01-1.436983739E+01
-1.440838315E+01-1.443422506E+01-1.444698505E+01-1.444632416E+01-1.443194553E+01
-1.440359736E+01-1.436107607E+01-1.430422906E+01-1.423295764E+01-1.414721977E+01
-1.404703275E+01-1.393247518E+01-1.380368949E+01-1.366088362E+01-1.350432963E+01
-1.333436849E+01-1.315141761E+01-1.295601374E+01-1.274874807E+01-1.252952277E+01
-1.229832014E+01-1.205603328E+01-1.180460707E+01-1.154702536E+01-1.128312899E+01
-1.101269624E+01-1.073547461E+01-1.045118759E+01-1.015953470E+01-9.860189107E+00
-9.552795436E+00-9.236967415E+00-8.912285405E+00-8.578293792E+00-8.234497880E+00
-7.880360657E+00-7.515298424E+00-7.138676459E+00-6.749803346E+00-6.347924550E+00
-5.932214894E+00-5.501769732E+00-5.055594706E+00-4.592593376E+00-4.111553073E+00
-3.611127924E+00-3.089818520E+00-2.545947865E+00-1.977631723E+00-1.382741917E+00
-7.588593623E-01-1.032117087E-01 5.874135201E-01 1.316796682E+00 2.089484856E+00
 2.911116539E+00 3.788963020E+00 4.732782858E+00 5.755192970E+00 6.769402056E+00
-7.317030510E+00-7.526888572E+00-7.680220334E+00-7.774551368E+00-7.821885396E+00
-7.846521257E+00-7.863558898E+00-7.878989131E+00-7.895520965E+00-7.914588612E+00
-7.937040928E+00-7.963417328E+00-7.994075754E+00-8.029258904E+00-8.069132058E+00
-8.113806126E+00-8.163352381E+00-8.217812506E+00-8.277205887E+00-8.341534533E+00
-8.410787017E+00-8.484941355E+00-8.563967092E+00-8.647827193E+00-8.736478948E+00
-8.829875157E+00-8.927964601E+00-9.030692476E+00-9.138000629E+00-9.249827479E+00
-9.366107977E+00-9.486773254E+00-9.611750264E+00-9.740961192E+00-9.874322947E+00
-1.001174625E+01-1.015313508E+01-1.029838544E+01-1.044738458E+01-1.060000968E+01
-1.075612642E+01-1.091558712E+01-1.107822829E+01-1.124386735E+01-1.141230004E+01
-1.158330153E+01-1.175664230E+01-1.193202817E+01-1.210939271E+01-1.228729186E+01
-1.246551530E+01-1.264323353E+01-1.281943737E+01-1.299297333E+01-1.316294161E+01
-1.332860154E+01-1.348921188E+01-1.364404424E+01-1.379238857E+01-1.393355464E+01
-1.406687306E+01-1.419169397E+01-1.430738730E+01-1.441334351E+01-1.450897428E+01
-1.459371385E+01-1.466702012E+01-1.472837649E+01-1.477729409E+01-1.481331412E+01
-1.483601087E+01-1.484499488E+01-1.483991663E+01-1.482047004E+01-1.478639618E+01
-1.473748701E+01-1.467358872E+01-1.459460479E+01-1.450049872E+01-1.439129700E+01
-1.426709096E+01-1.412803873E+01-1.397436727E+01-1.380637372E+01-1.362442674E+01
-1.342896282E+01-1.322049709E+01-1.299965551E+01-1.276715180E+01-1.252302650E+01
-1.226718624E+01-1.200081673E+01-1.172643819E+01-1.144661192E+01-1.116098876E+01
-1.086927941E+01-1.057120452E+01-1.026647427E+01-9.954779585E+00-9.635787807E+00
-9.309140564E+00-8.974451782E+00-8.631305799E+00-8.279255514E+00-7.917819821E+00
-7.546481332E+00-7.164683137E+00-6.771825423E+00-6.367261727E+00-5.950294408E+00
-5.520169877E+00-5.076072924E+00-4.617120967E+00-4.142356921E+00-3.650742324E+00
-3.141148917E+00-2.612350186E+00-2.063011664E+00-1.491680185E+00-8.967711757E-01
-2.765523989E-01 3.708795017E-01 1.047637473E+00 1.756115857E+00 2.499141566E+00
 3.280338577E+00 4.105197270E+00 4.985034128E+00 5.866204650E+00-7.845338610E+00
-8.098354619E+00-8.271032738E+00-8.322615736E+00-8.268546096E+00-8.238676876E+00
-8.220547364E+00-8.210093687E+00-8.206372430E+00-8.209023998E+00-8.217872630E+00
-8.232813090E+00-8.253769300E+00-8.280677234E+00-8.313476968E+00-8.352109165E+00
-8.396513467E+00-8.446627937E+00-8.502389222E+00-8.563732707E+00-8.630592910E+00
-8.702903758E+00-8.780599023E+00-8.863612552E+00-8.951878234E+00-9.045330390E+00
-9.143903302E+00-9.247531529E+00-9.356149312E+00-9.469690264E+00-9.588087170E+00
-9.711271082E+00-9.839171001E+00-9.971712937E+00-1.010881912E+01-1.025040715E+01
-1.039638911E+01-1.054667039E+01-1.070114898E+01-1.085971430E+01-1.102224606E+01
-1.118861258E+01-1.135866726E+01-1.153224029E+01-1.170912227E+01-1.188902570E+01
-1.207194198E+01-1.225650574E+01-1.244264378E+01-1.262961109E+01-1.281633625E+01
-1.300155660E+01-1.318429713E+01-1.336377583E+01-1.353921741E+01-1.370985477E+01
-1.387493963E+01-1.403374596E+01-1.418556810E+01-1.432971929E+01-1.446553109E+01
-1.459235356E+01-1.470955525E+01-1.481652346E+01-1.491266517E+01-1.499740777E+01
-1.507020047E+01-1.513051599E+01-1.517785301E+01-1.521173902E+01-1.523173385E+01
-1.523743346E+01-1.522847443E+01-1.520453830E+01-1.516535613E+01-1.511071296E+01
-1.504045189E+01-1.495447755E+01-1.485275885E+01-1.473533160E+01-1.460230001E+01
-1.445383815E+01-1.429019202E+01-1.411168037E+01-1.391869609E+01-1.371170673E+01
-1.349125252E+01-1.325794546E+01-1.301250411E+01-1.275575550E+01-1.248769171E+01
-1.220819379E+01-1.191881592E+01-1.162420911E+01-1.132432635E+01-1.101901914E+01
-1.070807844E+01-1.039125586E+01-1.006827409E+01-9.738831389E+00-9.402603318E+00
-9.059243358E+00-8.708382496E+00-8.349628472E+00-7.982565035E+00-7.606750833E+00
-7.221718080E+00-6.826971607E+00-6.421987640E+00-6.006212502E+00-5.579061982E+00
-5.139920663E+00-4.688142043E+00-4.223049639E+00-3.743939047E+00-3.250082497E+00
-2.740735839E+00-2.215149835E+00-1.672587399E+00-1.112349788E+00-5.338164070E-01
 6.349361518E-02 6.798229914E-01 1.315010349E+00 1.968187111E+00 2.637156878E+00
 3.316914813E+00 3.995648483E+00 4.647955822E+00-8.219479015E+00-8.511186201E+00
-8.680959259E+00-8.724682190E+00-8.663323852E+00-8.598949267E+00-8.551459573E+00
-8.517525615E+00-8.494816692E+00-8.481868807E+00-8.477734410E+00-8.481769127E+00
-8.493511080E+00-8.512612177E+00-8.538797964E+00-8.571843470E+00-8.611558121E+00
-8.657776284E+00-8.710351078E+00-8.769150122E+00-8.834052735E+00-8.904947930E+00
-8.981733073E+00-9.064312620E+00-9.152597134E+00-9.246502775E+00-9.345950272E+00
-9.450864488E+00-9.561173483E+00-9.676807992E+00-9.797700484E+00-9.923784572E+00
-1.005499383E+01-1.019126108E+01-1.033251710E+01-1.047868967E+01-1.062970235E+01
-1.078547336E+01-1.094591471E+01-1.111093197E+01-1.128042494E+01-1.145429043E+01
-1.163242664E+01-1.181473523E+01-1.200113461E+01-1.219001459E+01-1.238168211E+01
-1.257559728E+01-1.277070293E+01-1.296571694E+01-1.315942688E+01-1.335102451E+01
-1.353970817E+01-1.372467561E+01-1.390514292E+01-1.408034968E+01-1.424955649E+01
-1.441204325E+01-1.456710823E+01-1.471406795E+01-1.485225615E+01-1.498102404E+01
-1.509973988E+01-1.520778902E+01-1.530457407E+01-1.538951532E+01-1.546205197E+01
-1.552164416E+01-1.556777564E+01-1.559995732E+01-1.561773126E+01-1.562067556E+01
-1.560840936E+01-1.558059828E+01-1.553695962E+01-1.547726799E+01-1.540136003E+01
-1.530913906E+01-1.520057833E+01-1.507572338E+01-1.493469367E+01-1.477768190E+01
-1.460495504E+01-1.441685433E+01-1.421379729E+01-1.399627824E+01-1.376486916E+01
-1.352021828E+01-1.326304467E+01-1.299418422E+01-1.271460065E+01-1.242414127E+01
-1.212304675E+01-1.181374860E+01-1.150005389E+01-1.118180810E+01-1.085879579E+01
-1.053077304E+01-1.019747745E+01-9.858631341E+00-9.513942524E+00-9.163104592E+00
-8.805797189E+00-8.441685896E+00-8.070422580E+00-7.691645596E+00-7.304980376E+00
-6.910040177E+00-6.506427342E+00-6.093735115E+00-5.671550354E+00-5.239456965E+00
-4.797041373E+00-4.343899541E+00-3.879646982E+00-3.403932391E+00-2.916456501E+00
-2.416998011E+00-1.905449575E+00-1.381868152E+00-8.465463641E-01-3.001152909E-01
 2.563047186E-01 8.208785278E-01 1.390715882E+00 1.961368674E+00 2.526168266E+00
 3.075663503E+00 3.597952805E+00-8.529202953E+00-8.834081024E+00-9.008610001E+00
-9.048110005E+00-8.977414879E+00-8.897863005E+00-8.834181413E+00-8.784938414E+00
-8.748478571E+00-8.723475904E+00-8.708900714E+00-8.703954851E+00-8.708012143E+00
-8.720572142E+00-8.741226751E+00-8.769636229E+00-8.805512963E+00-8.848609486E+00
-8.898710167E+00-8.955625297E+00-9.019186643E+00-9.089243974E+00-9.165662665E+00
-9.248321483E+00-9.337111056E+00-9.431932217E+00-9.532695095E+00-9.639317544E+00
-9.751724547E+00-9.869846723E+00-9.993619653E+00-1.012298266E+01-1.025787764E+01
-1.039824800E+01-1.054403726E+01-1.069518741E+01-1.085163754E+01-1.101332158E+01
-1.118016665E+01-1.135209137E+01-1.152900652E+01-1.171082188E+01-1.189747309E+01
-1.208888636E+01-1.228383426E+01-1.248218287E+01-1.268324824E+01-1.288581686E+01
-1.308840222E+01-1.329011181E+01-1.349011853E+01-1.368759373E+01-1.388172114E+01
-1.407170687E+01-1.425677963E+01-1.443618796E+01-1.460919968E+01-1.477510097E+01
-1.493319614E+01-1.508280716E+01-1.522327299E+01-1.535394898E+01-1.547420529E+01
-1.558342608E+01-1.568100928E+01-1.576636714E+01-1.583892778E+01-1.589813709E+01
-1.594346168E+01-1.597439275E+01-1.599045108E+01-1.599119246E+01-1.597621437E+01
-1.594516250E+01-1.589773735E+01-1.583370041E+01-1.575287965E+01-1.565517450E+01
-1.554055909E+01-1.540908555E+01-1.526088739E+01-1.509617886E+01-1.491525358E+01
-1.471848043E+01-1.450630424E+01-1.427924660E+01-1.403790833E+01-1.378296995E+01
-1.351519054E+01-1.323540087E+01-1.294456642E+01-1.264374312E+01-1.233252835E+01
-1.201179462E+01-1.168477970E+01-1.135429871E+01-1.102001496E+01-1.068165279E+01
-1.033895359E+01-9.991660172E+00-9.639511310E+00-9.282240391E+00-8.919575088E+00
-8.551238071E+00-8.176948146E+00-7.796421561E+00-7.409373932E+00-7.015522727E+00
-6.614590261E+00-6.206307792E+00-5.790420484E+00-5.366694110E+00-4.934923558E+00
-4.494943824E+00-4.046644195E+00-3.589986585E+00-3.125029687E+00-2.651959925E+00
-2.171132193E+00-1.683123007E+00-1.188800081E+00-6.894129668E-01-1.867097944E-01
 3.169168828E-01 8.182595355E-01 1.313124355E+00 1.796220919E+00 2.261220353E+00
 2.701089435E+00-8.795804798E+00-9.108363274E+00-9.290128903E+00-9.325237904E+00
-9.222825380E+00-9.135233819E+00-9.063356598E+00-9.005439033E+00-8.960469392E+00
-8.927511470E+00-8.905732014E+00-8.894407772E+00-8.892917575E+00-8.900729180E+00
-8.917385398E+00-8.942491488E+00-8.975704795E+00-9.016726437E+00-9.065294448E+00
-9.121178383E+00-9.184175059E+00-9.254105092E+00-9.330809939E+00-9.414149378E+00
-9.503999776E+00-9.600251877E+00-9.702809547E+00-9.811588276E+00-9.926513756E+00
-1.004752082E+01-1.017455207E+01-1.030755687E+01-1.044648999E+01-1.059131033E+01
-1.074197958E+01-1.089846012E+01-1.106071313E+01-1.122869510E+01-1.140235335E+01
-1.158161784E+01-1.176638577E+01-1.195648457E+01-1.215201436E+01-1.235193247E+01
-1.255605022E+01-1.276337617E+01-1.297249735E+01-1.318204381E+01-1.339116290E+01
-1.359902192E+01-1.380477636E+01-1.400759780E+01-1.420668324E+01-1.440125031E+01
-1.459053650E+01-1.477379879E+01-1.495031317E+01-1.511937496E+01-1.528029828E+01
-1.543241532E+01-1.557507356E+01-1.570763378E+01-1.582946803E+01-1.593995988E+01
-1.603850348E+01-1.612450390E+01-1.619737851E+01-1.625655827E+01-1.630149052E+01
-1.633164318E+01-1.634651051E+01-1.634562013E+01-1.632854120E+01-1.629489332E+01
-1.624435527E+01-1.617667241E+01-1.609166323E+01-1.598922423E+01-1.586933240E+01
-1.573204715E+01-1.557751312E+01-1.540596052E+01-1.521770812E+01-1.501315856E+01
-1.479279225E+01-1.455716292E+01-1.430690036E+01-1.404271460E+01-1.376539632E+01
-1.347581429E+01-1.317490876E+01-1.286378198E+01-1.254329961E+01-1.221288442E+01
-1.187437494E+01-1.153281757E+01-1.118819826E+01-1.084036692E+01-1.048912432E+01
-1.013425289E+01-9.775528178E+00-9.412723442E+00-9.045612370E+00-8.673971058E+00
-8.297580210E+00-7.916227581E+00-7.529710738E+00-7.137840762E+00-6.740446425E+00
-6.337379427E+00-5.928521098E+00-5.513790079E+00-5.093152565E+00-4.666634402E+00
-4.234336177E+00-3.796452311E+00-3.353294049E+00-2.905318187E+00-2.453162159E+00
-1.997686581E+00-1.540026174E+00-1.081648918E+00-6.244218629E-01-1.706784403E-01
 2.767233514E-01 7.143701515E-01 1.138315317E+00 1.544179581E+00 1.927341249E+00
-8.945692359E+00-9.263892686E+00-9.445037856E+00-9.484476634E+00-9.404652708E+00
-9.315392629E+00-9.239829769E+00-9.177618359E+00-9.128150075E+00-9.090783657E+00
-9.064885760E+00-9.049855076E+00-9.045134852E+00-9.050218021E+00-9.064647277E+00
-9.088013182E+00-9.119950743E+00-9.160135506E+00-9.208280015E+00-9.264129987E+00
-9.327461202E+00-9.398076505E+00-9.475803092E+00-9.560490301E+00-9.652007206E+00
-9.750240970E+00-9.855095103E+00-9.966487852E+00-1.008435070E+01-1.020862731E+01
-1.033927210E+01-1.047624908E+01-1.061953097E+01-1.076909767E+01-1.092493538E+01
-1.108703532E+01-1.125539189E+01-1.143000085E+01-1.161085742E+01-1.179795743E+01
-1.199131403E+01-1.218946206E+01-1.239308409E+01-1.260178129E+01-1.281433548E+01
-1.302908295E+01-1.324480704E+01-1.346062928E+01-1.367568418E+01-1.388910854E+01
-1.410006194E+01-1.430772862E+01-1.451131389E+01-1.471004356E+01-1.490316361E+01
-1.508994082E+01-1.526966325E+01-1.544164057E+01-1.560520081E+01-1.575968689E+01
-1.590445401E+01-1.603886906E+01-1.616230804E+01-1.627415723E+01-1.637381067E+01
-1.646067035E+01-1.653414505E+01-1.659365013E+01-1.663861055E+01-1.666846606E+01
-1.668267834E+01-1.668074006E+01-1.666218472E+01-1.662659785E+01-1.657362800E+01
-1.650299752E+01-1.641451152E+01-1.630806412E+01-1.618364028E+01-1.604131319E+01
-1.588124464E+01-1.570368282E+01-1.550896612E+01-1.529752255E+01-1.506987003E+01
-1.482660446E+01-1.456839162E+01-1.429597145E+01-1.401016501E+01-1.371187642E+01
-1.340208925E+01-1.308187653E+01-1.275252137E+01-1.241420581E+01-1.206710762E+01
-1.171450428E+01-1.136006018E+01-1.100344116E+01-1.064439751E+01-1.028271093E+01
-9.918176723E+00-9.550599126E+00-9.179790595E+00-8.805573480E+00-8.427782108E+00
-8.046265775E+00-7.660892140E+00-7.271551240E+00-6.878160376E+00-6.480669865E+00
-6.079069700E+00-5.673397980E+00-5.263750446E+00-4.850292061E+00-4.433271041E+00
-4.013035044E+00-3.590050290E+00-3.164924169E+00-2.738430610E+00-2.311538888E+00
-1.885444644E+00-1.461601755E+00-1.041752064E+00-6.279483335E-01-2.225637781E-01
 1.717202294E-01 5.519565060E-01 9.150100327E-01 1.257670546E+00-9.060950172E+00
-9.381401888E+00-9.564686633E+00-9.605813983E+00-9.531162978E+00-9.441924569E+00
-9.365384253E+00-9.301825547E+00-9.250838739E+00-9.211944536E+00-9.184633351E+00
-9.168390470E+00-9.162714185E+00-9.167127922E+00-9.181187455E+00-9.204484767E+00
-9.236649227E+00-9.277347244E+00-9.326280762E+00-9.383185570E+00-9.447828660E+00
-9.520006143E+00-9.599540878E+00-9.686280274E+00-9.780094233E+00-9.880873265E+00
-9.988526870E+00-1.010298181E+01-1.022418086E+01-1.035208141E+01-1.048665434E+01
-1.062788298E+01-1.077576216E+01-1.093029749E+01-1.109150473E+01-1.125940959E+01
-1.143404711E+01-1.161545917E+01-1.180368478E+01-1.199872653E+01-1.219919871E+01
-1.240568112E+01-1.261793206E+01-1.283471087E+01-1.305422714E+01-1.327529471E+01
-1.349702821E+01-1.371853745E+01-1.393893847E+01-1.415737488E+01-1.437301557E+01
-1.458505146E+01-1.479269501E+01-1.499517990E+01-1.519176295E+01-1.538172570E+01
-1.556437321E+01-1.573902988E+01-1.590503452E+01-1.606174003E+01-1.620851053E+01
-1.634472301E+01-1.646976562E+01-1.658303661E+01-1.668393691E+01-1.677186601E+01
-1.684621939E+01-1.690639114E+01-1.695177889E+01-1.698179089E+01-1.699585397E+01
-1.699342355E+01-1.697399493E+01-1.693711572E+01-1.688239843E+01-1.680953300E+01
-1.671829835E+01-1.660857329E+01-1.648034581E+01-1.633371085E+01-1.616886218E+01
-1.598607860E+01-1.578572430E+01-1.556825044E+01-1.533419949E+01-1.508420567E+01
-1.481898020E+01-1.453929919E+01-1.424601068E+01-1.394004342E+01-1.362240737E+01
-1.329418077E+01-1.295654717E+01-1.261081530E+01-1.225640878E+01-1.189480206E+01
-1.153172318E+01-1.116720095E+01-1.080112470E+01-1.043333841E+01-1.006367533E+01
-9.691972240E+00-9.318075756E+00-8.941846759E+00-8.563163506E+00-8.181925292E+00
-7.798055998E+00-7.411508424E+00-7.022268977E+00-6.630363267E+00-6.235862526E+00
-5.838890943E+00-5.439634401E+00-5.038350139E+00-4.635378094E+00-4.231153429E+00
-3.826221008E+00-3.421250531E+00-3.017053276E+00-2.614598924E+00-2.215031846E+00
-1.819685193E+00-1.430090565E+00-1.047980455E+00-6.752801115E-01-3.140855385E-01
 3.337496478E-02 3.647964652E-01 6.778684827E-01-9.153719500E+00-9.478205184E+00
-9.664557710E+00-9.705041592E+00-9.606381804E+00-9.516841991E+00-9.441220899E+00
-9.378541741E+00-9.328432826E+00-9.290461038E+00-9.264153193E+00-9.249020386E+00
-9.244577493E+00-9.250357359E+00-9.265919933E+00-9.290858222E+00-9.324800927E+00
-9.367413391E+00-9.418397008E+00-9.477487724E+00-9.544454345E+00-9.619096209E+00
-9.701241261E+00-9.790743606E+00-9.887481972E+00-9.991357350E+00-1.010229181E+01
-1.022022664E+01-1.034512115E+01-1.047695145E+01-1.061570921E+01-1.076140087E+01
-1.091404669E+01-1.107368028E+01-1.124034872E+01-1.141411469E+01-1.159506267E+01
-1.178331558E+01-1.197907443E+01-1.218066520E+01-1.238887692E+01-1.260357167E+01
-1.282354651E+01-1.304695014E+01-1.327250217E+01-1.349930946E+01-1.372647107E+01
-1.395308677E+01-1.417828381E+01-1.440121509E+01-1.462105573E+01-1.483700302E+01
-1.504827674E+01-1.525412191E+01-1.545381178E+01-1.564664504E+01-1.583194006E+01
-1.600903156E+01-1.617726840E+01-1.633601586E+01-1.648465699E+01-1.662259485E+01
-1.674924175E+01-1.686400763E+01-1.696629112E+01-1.705547996E+01-1.713095347E+01
-1.719208313E+01-1.723823806E+01-1.726879448E+01-1.728314513E+01-1.728070983E+01
-1.726094667E+01-1.722336454E+01-1.716753675E+01-1.709311587E+01-1.699984996E+01
-1.688759700E+01-1.675632908E+01-1.660614015E+01-1.643725149E+01-1.624999432E+01
-1.604478218E+01-1.582210073E+01-1.558251631E+01-1.532668684E+01-1.505536186E+01
-1.476936311E+01-1.446957242E+01-1.415694338E+01-1.383251195E+01-1.349739671E+01
-1.315278988E+01-1.280009381E+01-1.243995372E+01-1.207221072E+01-1.170041469E+01
-1.132840023E+01-1.095586046E+01-1.058257746E+01-1.020837319E+01-9.833093790E+00
-9.456605940E+00-9.078797231E+00-8.699578346E+00-8.318886008E+00-7.936686296E+00
-7.552978460E+00-7.167799300E+00-6.781228047E+00-6.393392000E+00-6.004472475E+00
-5.614712013E+00-5.224421867E+00-4.833990397E+00-4.443892046E+00-4.054696845E+00
-3.667080169E+00-3.281832017E+00-2.899865741E+00-2.522224837E+00-2.150086977E+00
-1.784763823E+00-1.427695105E+00-1.080435481E+00-7.446329417E-01-4.219980282E-01
-1.142642246E-01 1.768592030E-01-9.151531740E+00-9.475677251E+00-9.661761784E+00
-9.705221174E+00-9.627009543E+00-9.540550158E+00-9.467576968E+00-9.407804449E+00
-9.360802872E+00-9.326078013E+00-9.303104682E+00-9.291353194E+00-9.290308445E+00
-9.299483184E+00-9.318425581E+00-9.346723521E+00-9.384005861E+00-9.429942083E+00
-9.484240751E+00-9.546647463E+00-9.616942411E+00-9.694937859E+00-9.780475972E+00
-9.873426379E+00-9.973684198E+00-1.008116831E+01-1.019581969E+01-1.031759992E+01
-1.044649014E+01-1.058248975E+01-1.072561558E+01-1.087590068E+01-1.103339328E+01
-1.119815471E+01-1.137025698E+01-1.154977795E+01-1.173679428E+01-1.193137100E+01
-1.213355385E+01-1.234247378E+01-1.255841662E+01-1.278044904E+01-1.300679623E+01
-1.323591137E+01-1.346689265E+01-1.369884099E+01-1.393084335E+01-1.416201048E+01
-1.439147922E+01-1.461840858E+01-1.484197950E+01-1.506139573E+01-1.527588789E+01
-1.548471744E+01-1.568717384E+01-1.588256691E+01-1.607022438E+01-1.624948962E+01
-1.641972794E+01-1.658033398E+01-1.673072955E+01-1.687034692E+01-1.699860880E+01
-1.711492563E+01-1.721869561E+01-1.730929447E+01-1.738607855E+01-1.744838456E+01
-1.749554976E+01-1.752692482E+01-1.754187836E+01-1.753980502E+01-1.752013594E+01
-1.748235091E+01-1.742599036E+01-1.735066476E+01-1.725606652E+01-1.714201137E+01
-1.700845419E+01-1.685549113E+01-1.668334648E+01-1.649237778E+01-1.628306496E+01
-1.605596115E+01-1.581167278E+01-1.555088043E+01-1.527435534E+01-1.498295850E+01
-1.467761379E+01-1.435930172E+01-1.402907817E+01-1.368808165E+01-1.333752417E+01
-1.297870943E+01-1.261311747E+01-1.224016972E+01-1.186161739E+01-1.148324295E+01
-1.110505073E+01-1.072693640E+01-1.034876680E+01-9.970411423E+00-9.591755513E+00
-9.212706557E+00-8.833198126E+00-8.453193108E+00-8.072686853E+00-7.691710447E+00
-7.310334691E+00-6.928673802E+00-6.546890185E+00-6.165198959E+00-5.783873476E+00
-5.403250560E+00-5.023736417E+00-4.645812426E+00-4.270040894E+00-3.897070409E+00
-3.527640316E+00-3.162584044E+00-2.802830462E+00-2.449402673E+00-2.103413442E+00
-1.766056548E+00-1.438593327E+00-1.122334106E+00-8.186143964E-01-5.287662779E-01
-2.540859972E-01-9.107947533E+00-9.429949530E+00-9.616316082E+00-9.662051565E+00
-9.594029952E+00-9.512012277E+00-9.443648403E+00-9.389064288E+00-9.347627851E+00
-9.318663080E+00-9.301500543E+00-9.295504887E+00-9.300089775E+00-9.314724852E+00
-9.338936856E+00-9.372307996E+00-9.414472531E+00-9.465112705E+00-9.523954811E+00
-9.590765017E+00-9.665345891E+00-9.747533061E+00-9.837192530E+00-9.934218116E+00
-1.003852929E+01-1.015006959E+01-1.026880501E+01-1.039472280E+01-1.052783066E+01
-1.066815588E+01-1.081574473E+01-1.097066215E+01-1.113299096E+01-1.130283076E+01
-1.148029486E+01-1.166550233E+01-1.185855737E+01-1.205949561E+01-1.226752279E+01
-1.248313530E+01-1.270580828E+01-1.293393741E+01-1.316556642E+01-1.339971923E+01
-1.363550016E+01-1.387198122E+01-1.410825245E+01-1.434343302E+01-1.457666467E+01
-1.480711095E+01-1.503395772E+01-1.525641802E+01-1.547373738E+01-1.568519249E+01
-1.589008216E+01-1.608772382E+01-1.627745211E+01-1.645862829E+01-1.663065518E+01
-1.679297276E+01-1.694503276E+01-1.708627944E+01-1.721615137E+01-1.733406666E+01
-1.743940599E+01-1.753149872E+01-1.760967063E+01-1.767324821E+01-1.772155792E+01
-1.775393258E+01-1.776971913E+01-1.776828800E+01-1.774904428E+01-1.771143866E+01
-1.765498131E+01-1.757925491E+01-1.748393290E+01-1.736879270E+01-1.723371054E+01
-1.707874193E+01-1.690412844E+01-1.671025319E+01-1.649762536E+01-1.626687567E+01
-1.601868736E+01-1.575377890E+01-1.547294081E+01-1.517705486E+01-1.486708464E+01
-1.454404479E+01-1.420901056E+01-1.386313811E+01-1.350766852E+01-1.314391635E+01
-1.277342455E+01-1.239666961E+01-1.201378317E+01-1.162909201E+01-1.124567329E+01
-1.086325318E+01-1.048163125E+01-1.010065371E+01-9.720202570E+00-9.340191957E+00
-8.960567496E+00-8.581307832E+00-8.202426244E+00-7.823973673E+00-7.446041093E+00
-7.068763014E+00-6.692320788E+00-6.316945888E+00-5.942923878E+00-5.570597926E+00
-5.200372464E+00-4.832716462E+00-4.468166616E+00-4.107329555E+00-3.750883132E+00
-3.399576696E+00-3.054229341E+00-2.715726261E+00-2.385012545E+00-2.063084127E+00
-1.750975618E+00-1.449745005E+00-1.160455248E+00-8.841532716E-01-6.218469267E-01
-9.036647235E+00-9.358900874E+00-9.545722015E+00-9.592047974E+00-9.505873721E+00
-9.428595300E+00-9.367629851E+00-9.321307319E+00-9.288558095E+00-9.268377814E+00
-9.259864824E+00-9.262233663E+00-9.274811746E+00-9.297028258E+00-9.328400795E+00
-9.368522598E+00-9.417051564E+00-9.473700750E+00-9.538230804E+00-9.610443707E+00
-9.690177960E+00-9.777304492E+00-9.871723426E+00-9.973361558E+00-1.008217035E+01
-1.019812431E+01-1.032121981E+01-1.045147410E+01-1.058892499E+01-1.073363041E+01
-1.088566873E+01-1.104513960E+01-1.121216551E+01-1.138689550E+01-1.156951271E+01
-1.176025041E+01-1.195942915E+01-1.216522976E+01-1.237892945E+01-1.260059597E+01
-1.282898632E+01-1.306198965E+01-1.329823049E+01-1.353679881E+01-1.377676182E+01
-1.401718694E+01-1.425717295E+01-1.449584307E+01-1.473234261E+01-1.496583855E+01
-1.519552349E+01-1.542062266E+01-1.564039570E+01-1.585412828E+01-1.606112509E+01
-1.626070791E+01-1.645222690E+01-1.663508133E+01-1.680872209E+01-1.697262001E+01
-1.712624479E+01-1.726907039E+01-1.740054559E+01-1.752004524E+01-1.762690200E+01
-1.772045057E+01-1.780001619E+01-1.786491132E+01-1.791444303E+01-1.794792615E+01
-1.796469063E+01-1.796408995E+01-1.794551058E+01-1.790838245E+01-1.785219096E+01
-1.777649021E+01-1.768091794E+01-1.756522283E+01-1.742927728E+01-1.727307524E+01
-1.709677488E+01-1.690078554E+01-1.668566094E+01-1.645206993E+01-1.620078398E+01
-1.593259230E+01-1.564831277E+01-1.534884146E+01-1.503516531E+01-1.470833419E+01
-1.436944356E+01-1.401965900E+01-1.366022794E+01-1.329246666E+01-1.291779772E+01
-1.253770815E+01-1.215143019E+01-1.176195828E+01-1.137436285E+01-1.098842088E+01
-1.060396048E+01-1.022084438E+01-9.838965337E+00-9.458246248E+00-9.078641447E+00
-8.700138721E+00-8.322761276E+00-7.946570182E+00-7.571666614E+00-7.198194223E+00
-6.826341574E+00-6.456344588E+00-6.088488911E+00-5.723112075E+00-5.360605591E+00
-5.001416482E+00-4.646048309E+00-4.295061606E+00-3.949073245E+00-3.608754779E+00
-3.274829179E+00-2.948066232E+00-2.629275906E+00-2.319299841E+00-2.019000767E+00
-1.729249973E+00-1.450912924E+00-1.184833430E+00-9.318167359E-01-8.866895729E+00
-9.182649757E+00-9.367840912E+00-9.418285627E+00-9.352351502E+00-9.285911492E+00
-9.237036403E+00-9.203603288E+00-9.183826849E+00-9.176246478E+00-9.179707384E+00
-9.193307286E+00-9.216340741E+00-9.248252771E+00-9.288603089E+00-9.337040138E+00
-9.393281856E+00-9.457101740E+00-9.528319063E+00-9.606791241E+00-9.692408547E+00
-9.785089975E+00-9.884780289E+00-9.991447771E+00-1.010508261E+01-1.022569564E+01
-1.035331764E+01-1.048799880E+01-1.062980853E+01-1.077883562E+01-1.093518863E+01
-1.109899649E+01-1.127040962E+01-1.144960110E+01-1.163676761E+01-1.183212865E+01
-1.203591915E+01-1.224695435E+01-1.246610180E+01-1.269304809E+01-1.292618199E+01
-1.316336570E+01-1.340358783E+01-1.364594056E+01-1.388947755E+01-1.413327237E+01
-1.437642916E+01-1.461807479E+01-1.485735776E+01-1.509344944E+01-1.532555077E+01
-1.555289944E+01-1.577476528E+01-1.599043832E+01-1.619922634E+01-1.640046085E+01
-1.659352114E+01-1.677785303E+01-1.695294187E+01-1.711827842E+01-1.727336908E+01
-1.741770336E+01-1.755067223E+01-1.767162276E+01-1.777990576E+01-1.787485513E+01
-1.795577589E+01-1.802196587E+01-1.807272200E+01-1.810734793E+01-1.812516173E+01
-1.812550403E+01-1.810774696E+01-1.807130445E+01-1.801564332E+01-1.794029669E+01
-1.784487902E+01-1.772910397E+01-1.759280883E+01-1.743598318E+01-1.725875067E+01
-1.706142424E+01-1.684460103E+01-1.660899636E+01-1.635543404E+01-1.608479338E+01
-1.579793955E+01-1.549578310E+01-1.517932205E+01-1.484963414E+01-1.450783876E+01
-1.415511159E+01-1.379270826E+01-1.342196407E+01-1.304428522E+01-1.266130701E+01
-1.227260990E+01-1.187960389E+01-1.148871546E+01-1.109994940E+01-1.071322157E+01
-1.032842750E+01-9.945471874E+00-9.564282160E+00-9.184815139E+00-8.807060959E+00
-8.431045545E+00-8.056832764E+00-7.684526117E+00-7.314270673E+00-6.946254483E+00
-6.580710240E+00-6.217916654E+00-5.858199516E+00-5.501932490E+00-5.149537500E+00
-4.801484502E+00-4.458290728E+00-4.120518721E+00-3.788773872E+00-3.463700367E+00
-3.145976287E+00-2.836307106E+00-2.535417954E+00-2.244044463E+00-1.962922366E+00
-1.692775974E+00-1.434305841E+00-1.188175871E+00-8.622487032E+00-8.925081208E+00
-9.107792576E+00-9.166231274E+00-9.125033400E+00-9.078495512E+00-9.050098405E+00
-9.036702512E+00-9.035674587E+00-9.045271409E+00-9.064329758E+00-9.092051799E+00
-9.127874123E+00-9.171388002E+00-9.222290890E+00-9.280355611E+00-9.345410699E+00
-9.417327438E+00-9.496010992E+00-9.581394897E+00-9.673436640E+00-9.772115181E+00
-9.877428867E+00-9.989394323E+00-1.010804555E+01-1.023343346E+01-1.036562576E+01
-1.050470694E+01-1.065077861E+01-1.080395975E+01-1.096438727E+01-1.113221681E+01
-1.130762309E+01-1.149080055E+01-1.168196313E+01-1.188134305E+01-1.208918797E+01
-1.230466652E+01-1.252839110E+01-1.275964881E+01-1.299654817E+01-1.323723794E+01
-1.348079486E+01-1.372629772E+01-1.397280253E+01-1.421939284E+01-1.446517791E+01
-1.470928851E+01-1.495087650E+01-1.518911871E+01-1.542322546E+01-1.565244457E+01
-1.587605131E+01-1.609333939E+01-1.630362025E+01-1.650624059E+01-1.670061689E+01
-1.688623273E+01-1.706259199E+01-1.722921761E+01-1.738564359E+01-1.753131906E+01
-1.766560149E+01-1.778786157E+01-1.789745169E+01-1.799368519E+01-1.807586042E+01
-1.814326792E+01-1.819519751E+01-1.823094533E+01-1.824982138E+01-1.825115741E+01
-1.823431550E+01-1.819869770E+01-1.814375734E+01-1.806901162E+01-1.797405666E+01
-1.785858459E+01-1.772240362E+01-1.756546841E+01-1.738790841E+01-1.718998032E+01
-1.697222519E+01-1.673541913E+01-1.648041905E+01-1.620817410E+01-1.591961499E+01
-1.561567213E+01-1.529735010E+01-1.496574136E+01-1.462198799E+01-1.426727590E+01
-1.390286683E+01-1.353010713E+01-1.315041194E+01-1.276542375E+01-1.237557086E+01
-1.198109955E+01-1.158700352E+01-1.119581117E+01-1.080728315E+01-1.042124261E+01
-1.003755849E+01-9.656139672E+00-9.276932646E+00-8.899921496E+00-8.525128325E+00
-8.152613926E+00-7.782478965E+00-7.414864765E+00-7.049954337E+00-6.687973084E+00
-6.329189472E+00-5.973915424E+00-5.622506203E+00-5.275360096E+00-4.932917232E+00
-4.595658123E+00-4.264101264E+00-3.938799835E+00-3.620337717E+00-3.309324293E+00
-3.006388419E+00-2.712171329E+00-2.427318590E+00-2.152471221E+00-1.888256110E+00
-1.635275959E+00-1.394098971E+00-8.303748079E+00-8.581543006E+00-8.760122302E+00
-8.836966307E+00-8.812794255E+00-8.804374996E+00-8.810781230E+00-8.826874630E+00
-8.850881403E+00-8.881974087E+00-8.919708927E+00-8.963827388E+00-9.014171437E+00
-9.070642538E+00-9.133180174E+00-9.201749791E+00-9.276336024E+00-9.356938714E+00
-9.443570511E+00-9.536255800E+00-9.635030003E+00-9.739939374E+00-9.851041159E+00
-9.968403836E+00-1.009210766E+01-1.022224490E+01-1.035892084E+01-1.050225407E+01
-1.065237755E+01-1.080943928E+01-1.097360315E+01-1.114504980E+01-1.132397759E+01
-1.151060323E+01-1.170516273E+01-1.190791215E+01-1.211912909E+01-1.233810949E+01
-1.256536479E+01-1.279993609E+01-1.303974430E+01-1.328319717E+01-1.352938498E+01
-1.377737455E+01-1.402622425E+01-1.427502368E+01-1.452288635E+01-1.476894685E+01
-1.501236064E+01-1.525231002E+01-1.548801389E+01-1.571872742E+01-1.594372955E+01
-1.616231699E+01-1.637380720E+01-1.657756512E+01-1.677303801E+01-1.695973186E+01
-1.713716755E+01-1.730489949E+01-1.746246683E+01-1.760926352E+01-1.774466820E+01
-1.786806393E+01-1.797878630E+01-1.807614457E+01-1.815943338E+01-1.822793945E+01
-1.828094858E+01-1.831775277E+01-1.833765726E+01-1.833998867E+01-1.832410274E+01
-1.828939349E+01-1.823530494E+01-1.816134334E+01-1.806709165E+01-1.795222669E+01
-1.781653849E+01-1.765995330E+01-1.748257765E+01-1.728468777E+01-1.706672541E+01
-1.682949221E+01-1.657388669E+01-1.630089469E+01-1.601150863E+01-1.570668343E+01
-1.538742709E+01-1.505483639E+01-1.471006893E+01-1.435431745E+01-1.398884258E+01
-1.361498806E+01-1.323416531E+01-1.284794038E+01-1.245754906E+01-1.206235327E+01
-1.166639646E+01-1.127374200E+01-1.088415041E+01-1.049743263E+01-1.011344498E+01
-9.732085454E+00-9.353292001E+00-8.977041729E+00-8.603350791E+00-8.232274424E+00
-7.863907739E+00-7.498385835E+00-7.135884512E+00-6.776620426E+00-6.420851406E+00
-6.068876136E+00-5.721033727E+00-5.377702923E+00-5.039300370E+00-4.706278923E+00
-4.379124691E+00-4.058353802E+00-3.744508078E+00-3.438150130E+00-3.139857525E+00
-2.850216209E+00-2.569813215E+00-2.299228735E+00-2.039027754E+00-1.789751331E+00
-1.551907813E+00-7.841674483E+00-8.060840768E+00-8.231253827E+00-8.350703795E+00
-8.429881062E+00-8.488594372E+00-8.540436026E+00-8.591023483E+00-8.642802295E+00
-8.697060657E+00-8.754578871E+00-8.815876377E+00-8.881323960E+00-8.951200922E+00
-9.025727583E+00-9.105084944E+00-9.189427330E+00-9.278891221E+00-9.373601354E+00
-9.473675495E+00-9.579227940E+00-9.690372513E+00-9.807224734E+00-9.929904020E+00
-1.005853543E+01-1.019325106E+01-1.033419168E+01-1.048150801E+01-1.063536209E+01
-1.079592842E+01-1.096339528E+01-1.113796602E+01-1.131986013E+01-1.150931460E+01
-1.170658496E+01-1.191194686E+01-1.212569808E+01-1.234716816E+01-1.257685407E+01
-1.281372751E+01-1.305564054E+01-1.330109498E+01-1.354918592E+01-1.379897632E+01
-1.404952688E+01-1.429993092E+01-1.454930553E+01-1.479678883E+01-1.504154014E+01
-1.528274666E+01-1.551963334E+01-1.575146100E+01-1.597751242E+01-1.619708739E+01
-1.640950936E+01-1.661415754E+01-1.681049797E+01-1.699804823E+01-1.717634389E+01
-1.734495755E+01-1.750341873E+01-1.765110644E+01-1.778741498E+01-1.791172799E+01
-1.802337613E+01-1.812166816E+01-1.820589795E+01-1.827535133E+01-1.832931309E+01
-1.836707366E+01-1.838793634E+01-1.839122708E+01-1.837629942E+01-1.834254111E+01
-1.828939104E+01-1.821634906E+01-1.812299044E+01-1.800898225E+01-1.787410296E+01
-1.771826489E+01-1.754155080E+01-1.734424021E+01-1.712673653E+01-1.688981979E+01
-1.663442182E+01-1.636154372E+01-1.607221853E+01-1.576742202E+01-1.544816272E+01
-1.511553538E+01-1.477070406E+01-1.441486392E+01-1.404927075E+01-1.367526138E+01
-1.329424361E+01-1.290773583E+01-1.251732098E+01-1.212208273E+01-1.172544549E+01
-1.133230209E+01-1.094243493E+01-1.055566282E+01-1.017184239E+01-9.790868423E+00
-9.412673956E+00-9.037230422E+00-8.664547947E+00-8.294675620E+00-7.927701816E+00
-7.563754738E+00-7.203002386E+00-6.845653024E+00-6.491954866E+00-6.142195881E+00
-5.796702926E+00-5.455840759E+00-5.120010424E+00-4.789647006E+00-4.465216875E+00
-4.147214215E+00-3.836156885E+00-3.532581502E+00-3.237037824E+00-2.950082452E+00
-2.672271910E+00-2.404155209E+00-2.146266001E+00-1.899114519E+00-1.663179456E+00
-7.493092629E+00-7.688662484E+00-7.854468828E+00-7.989440120E+00-8.097615489E+00
-8.190322685E+00-8.273945838E+00-8.352243241E+00-8.427955110E+00-8.503001052E+00
-8.578730808E+00-8.656117144E+00-8.735882522E+00-8.818580030E+00-8.904645620E+00
-8.994432585E+00-9.088235039E+00-9.186304429E+00-9.288861469E+00-9.396104653E+00
-9.508217265E+00-9.625372347E+00-9.747736913E+00-9.875475335E+00-1.000875222E+01
-1.014773467E+01-1.029259462E+01-1.044351058E+01-1.060066958E+01-1.076426870E+01
-1.093451683E+01-1.111163611E+01-1.129586360E+01-1.148745248E+01-1.168667354E+01
-1.189381554E+01-1.210918520E+01-1.233207857E+01-1.256306005E+01-1.280119809E+01
-1.304439514E+01-1.329106740E+01-1.354030952E+01-1.379118981E+01-1.404277181E+01
-1.429415184E+01-1.454445037E+01-1.479280923E+01-1.503839147E+01-1.528038823E+01
-1.551802826E+01-1.575057649E+01-1.597731987E+01-1.619756251E+01-1.641063188E+01
-1.661591191E+01-1.681287362E+01-1.700103965E+01-1.717995089E+01-1.734918583E+01
-1.750827626E+01-1.765660385E+01-1.779356823E+01-1.791855560E+01-1.803089921E+01
-1.812991036E+01-1.821488503E+01-1.828511111E+01-1.833987484E+01-1.837846788E+01
-1.840019395E+01-1.840438216E+01-1.839038693E+01-1.835759326E+01-1.830543772E+01
-1.823341878E+01-1.814110892E+01-1.802817129E+01-1.789437926E+01-1.773963862E+01
-1.756401887E+01-1.736779531E+01-1.715136281E+01-1.691547755E+01-1.666108079E+01
-1.638917487E+01-1.610080543E+01-1.579695583E+01-1.547863128E+01-1.514692049E+01
-1.480298502E+01-1.444801727E+01-1.408326534E+01-1.371005748E+01-1.332979479E+01
-1.294397031E+01-1.255426437E+01-1.215975563E+01-1.176345920E+01-1.137072673E+01
-1.098134911E+01-1.059514888E+01-1.021198263E+01-9.831742357E+00-9.454356520E+00
-9.079790919E+00-8.708049257E+00-8.339173849E+00-7.973246055E+00-7.610386672E+00
-7.250756410E+00-6.894555889E+00-6.542025760E+00-6.193446310E+00-5.849136710E+00
-5.509454156E+00-5.174792126E+00-4.845578377E+00-4.522272188E+00-4.205361004E+00
-3.895356335E+00-3.592788894E+00-3.298203110E+00-3.012150819E+00-2.735184398E+00
-2.467849294E+00-2.210676199E+00-1.964172917E+00-1.728816191E+00-7.211983360E+00
-7.396747191E+00-7.559422045E+00-7.699293024E+00-7.818616640E+00-7.927285169E+00
-8.028864872E+00-8.125314403E+00-8.218418072E+00-8.309689127E+00-8.400363323E+00
-8.491435411E+00-8.583705630E+00-8.677822963E+00-8.774320087E+00-8.873640915E+00
-8.976161590E+00-9.082206682E+00-9.192061404E+00-9.305981495E+00-9.424200474E+00
-9.546936023E+00-9.674394592E+00-9.806775504E+00-9.944274413E+00-1.008708607E+01
-1.023540696E+01-1.038943735E+01-1.054938361E+01-1.071546004E+01-1.088789081E+01
-1.106691197E+01-1.125277346E+01-1.144574123E+01-1.164609924E+01-1.185415041E+01
-1.207021389E+01-1.229343294E+01-1.252453904E+01-1.276286635E+01-1.300648088E+01
-1.325354618E+01-1.350314963E+01-1.375437360E+01-1.400628466E+01-1.425798052E+01
-1.450858482E+01-1.475724300E+01-1.500312196E+01-1.524541559E+01-1.548335430E+01
-1.571620559E+01-1.594326082E+01-1.616382929E+01-1.637724096E+01-1.658287417E+01
-1.678019126E+01-1.696871307E+01-1.714797606E+01-1.731755196E+01-1.747699033E+01
-1.762568910E+01-1.776304274E+01-1.788844534E+01-1.800123790E+01-1.810073749E+01
-1.818624546E+01-1.825705457E+01-1.831245570E+01-1.835174480E+01-1.837423033E+01
-1.837924069E+01-1.836613218E+01-1.833429654E+01-1.828317397E+01-1.821226443E+01
-1.812114203E+01-1.800947112E+01-1.787702575E+01-1.772371160E+01-1.754960112E+01
-1.735496337E+01-1.714018750E+01-1.690603068E+01-1.665341741E+01-1.638333736E+01
-1.609682157E+01-1.579484191E+01-1.547839410E+01-1.514855776E+01-1.480648497E+01
-1.445335858E+01-1.409041673E+01-1.371897683E+01-1.334042950E+01-1.295625286E+01
-1.256813507E+01-1.217517495E+01-1.178019689E+01-1.138874683E+01-1.100061226E+01
-1.061561213E+01-1.023359850E+01-9.854457702E+00-9.478111650E+00-9.104518974E+00
-8.733675732E+00-8.365616322E+00-8.000414143E+00-7.638182429E+00-7.279074521E+00
-6.923284383E+00-6.571046833E+00-6.222637469E+00-5.878372193E+00-5.538606625E+00
-5.203734675E+00-4.874186901E+00-4.550427935E+00-4.232953264E+00-3.922285442E+00
-3.618969275E+00-3.323566146E+00-3.036647640E+00-2.758788318E+00-2.490557812E+00
-2.232512359E+00-1.985185984E+00-1.749081476E+00-6.975039476E+00-7.153198027E+00
-7.313394159E+00-7.454692768E+00-7.577842048E+00-7.694764163E+00-7.806667723E+00
-7.914557211E+00-8.019518352E+00-8.122583446E+00-8.224687671E+00-8.326653919E+00
-8.429195239E+00-8.532925628E+00-8.638373901E+00-8.745997957E+00-8.856197382E+00
-8.969324722E+00-9.085694932E+00-9.205593224E+00-9.329281643E+00-9.457004699E+00
-9.588993667E+00-9.725470837E+00-9.866652589E+00-1.001275239E+01-1.016398323E+01
-1.032056007E+01-1.048270177E+01-1.065063319E+01-1.082458721E+01-1.100480690E+01
-1.119154802E+01-1.138508255E+01-1.158570468E+01-1.179374191E+01-1.200957963E+01
-1.223206743E+01-1.246216172E+01-1.269958009E+01-1.294265193E+01-1.318923542E+01
-1.343836675E+01-1.368914717E+01-1.394064611E+01-1.419195976E+01-1.444221415E+01
-1.469055824E+01-1.493616302E+01-1.517822459E+01-1.541597265E+01-1.564867501E+01
-1.587562761E+01-1.609614493E+01-1.630955897E+01-1.651523796E+01-1.671262250E+01
-1.690122125E+01-1.708056226E+01-1.725019651E+01-1.740968255E+01-1.755847186E+01
-1.769594413E+01-1.782149184E+01-1.793447711E+01-1.803422565E+01-1.812004693E+01
-1.819124128E+01-1.824710674E+01-1.828694605E+01-1.831007390E+01-1.831582457E+01
-1.830356011E+01-1.827267943E+01-1.822262934E+01-1.815291640E+01-1.806312139E+01
-1.795291555E+01-1.782207983E+01-1.767052695E+01-1.749834384E+01-1.730578861E+01
-1.709326330E+01-1.686153623E+01-1.661149033E+01-1.634408967E+01-1.606032410E+01
-1.576113627E+01-1.544750747E+01-1.512050485E+01-1.478126415E+01-1.443095244E+01
-1.407079490E+01-1.370209596E+01-1.332623109E+01-1.294466878E+01-1.255906162E+01
-1.216847669E+01-1.177581428E+01-1.138652917E+01-1.100040262E+01-1.061724578E+01
-1.023690197E+01-9.859248411E+00-9.484197609E+00-9.111698536E+00-8.741737522E+00
-8.374339309E+00-8.009568000E+00-7.647527885E+00-7.288364345E+00-6.932264687E+00
-6.579458763E+00-6.230219415E+00-5.884862742E+00-5.543747750E+00-5.207275838E+00
-4.875889380E+00-4.550070072E+00-4.230335855E+00-3.917237594E+00-3.611354190E+00
-3.313287015E+00-3.023653083E+00-2.743077173E+00-2.472183000E+00-2.211583492E+00
-1.961870486E+00-1.723603982E+00-6.764710396E+00-6.937942705E+00-7.095621778E+00
-7.237217300E+00-7.364788118E+00-7.486300203E+00-7.604291888E+00-7.719411843E+00
-7.832327490E+00-7.943720712E+00-8.054254873E+00-8.164553624E+00-8.275190538E+00
-8.386686119E+00-8.499509454E+00-8.614082666E+00-8.730786430E+00-8.849965686E+00
-8.971935511E+00-9.096986118E+00-9.225387708E+00-9.357394524E+00-9.493248595E+00
-9.633182849E+00-9.777423990E+00-9.926195056E+00-1.007971743E+01-1.023821321E+01
-1.040190673E+01-1.057102647E+01-1.074580658E+01-1.092648822E+01-1.111332086E+01
-1.130656254E+01-1.150647844E+01-1.171333511E+01-1.192738198E+01-1.214880151E+01
-1.237703580E+01-1.261245072E+01-1.285385219E+01-1.309906920E+01-1.334687258E+01
-1.359638489E+01-1.384668889E+01-1.409687931E+01-1.434608443E+01-1.459345697E+01
-1.483817211E+01-1.507942809E+01-1.531645305E+01-1.554851218E+01-1.577490377E+01
-1.599494657E+01-1.620797682E+01-1.641335480E+01-1.661049140E+01-1.679886716E+01
-1.697800021E+01-1.714741541E+01-1.730665607E+01-1.745523668E+01-1.759255333E+01
-1.771798421E+01-1.783090581E+01-1.793066362E+01-1.801657850E+01-1.808796138E+01
-1.814412040E+01-1.818436793E+01-1.820802811E+01-1.821444447E+01-1.820298863E+01
-1.817306953E+01-1.812414433E+01-1.805573065E+01-1.796742092E+01-1.785889888E+01
-1.772995878E+01-1.758053306E+01-1.741072391E+01-1.722076123E+01-1.701112046E+01
-1.678254552E+01-1.653586286E+01-1.627199634E+01-1.599187052E+01-1.569638952E+01
-1.538651732E+01-1.506330521E+01-1.472786446E+01-1.438134090E+01-1.402494460E+01
-1.365996503E+01-1.328775881E+01-1.290979582E+01-1.252760710E+01-1.214023643E+01
-1.175089376E+01-1.136467462E+01-1.098134533E+01-1.060070197E+01-1.022257365E+01
-9.846824418E+00-9.473354234E+00-9.102099586E+00-8.733034549E+00-8.366171733E+00
-8.001563260E+00-7.639302351E+00-7.279524303E+00-6.922408223E+00-6.568178057E+00
-6.217104045E+00-5.869503665E+00-5.525742385E+00-5.186233935E+00-4.851440154E+00
-4.521869764E+00-4.198076600E+00-3.880656552E+00-3.570243230E+00-3.267502287E+00
-2.973124200E+00-2.687815443E+00-2.412288197E+00-2.147248649E+00-1.893384175E+00
-1.651349753E+00-6.578644736E+00-6.748066944E+00-6.903478276E+00-7.044412876E+00
-7.172630551E+00-7.296500600E+00-7.418102278E+00-7.537812715E+00-7.656048912E+00
-7.773259113E+00-7.889902006E+00-8.006430798E+00-8.123282545E+00-8.240871610E+00
-8.359586862E+00-8.479791168E+00-8.601822495E+00-8.725995918E+00-8.852606262E+00
-8.981930857E+00-9.114232221E+00-9.249760618E+00-9.388756698E+00-9.531453665E+00
-9.678079286E+00-9.828857900E+00-9.984012074E+00-1.014376433E+01-1.030833843E+01
-1.047796086E+01-1.065286208E+01-1.083327766E+01-1.101944930E+01-1.121162610E+01
-1.141006575E+01-1.161503760E+01-1.182683095E+01-1.204577968E+01-1.227096868E+01
-1.250303510E+01-1.274140276E+01-1.298429340E+01-1.322986851E+01-1.347723353E+01
-1.372550453E+01-1.397377971E+01-1.422118665E+01-1.446688055E+01-1.471004001E+01
-1.494986615E+01-1.518558606E+01-1.541645966E+01-1.564178247E+01-1.586087646E+01
-1.607308236E+01-1.627775789E+01-1.647429019E+01-1.666212018E+01-1.684074195E+01
-1.700966588E+01-1.716840373E+01-1.731647156E+01-1.745334618E+01-1.757840845E+01
-1.769102601E+01-1.779056156E+01-1.787635987E+01-1.794774507E+01-1.800403899E+01
-1.804456692E+01-1.806866573E+01-1.807569183E+01-1.806502997E+01-1.803610294E+01
-1.798838253E+01-1.792140184E+01-1.783477020E+01-1.772818932E+01-1.760147733E+01
-1.745459486E+01-1.728763515E+01-1.710084832E+01-1.689477633E+01-1.667009687E+01
-1.642758702E+01-1.616810477E+01-1.589249540E+01-1.560162608E+01-1.529644097E+01
-1.497796965E+01-1.464729100E+01-1.430552604E+01-1.395386711E+01-1.359358664E+01
-1.322602070E+01-1.285266482E+01-1.247470478E+01-1.209139322E+01-1.170640400E+01
-1.132419842E+01-1.094450300E+01-1.056708679E+01-1.019175964E+01-9.818369828E+00
-9.446802586E+00-9.076979864E+00-8.708860645E+00-8.342442094E+00-7.977760930E+00
-7.614895046E+00-7.253965791E+00-6.895139903E+00-6.538631951E+00-6.184706499E+00
-5.833680632E+00-5.485925847E+00-5.141869900E+00-4.801998111E+00-4.466853795E+00
-4.137037750E+00-3.813206602E+00-3.496069255E+00-3.186381595E+00-2.884938991E+00
-2.592566411E+00-2.310106107E+00-2.038403028E+00-1.778288194E+00-1.530560590E+00
-6.410884782E+00-6.576771697E+00-6.730305302E+00-6.869805298E+00-6.996208953E+00
-7.121145224E+00-7.244842271E+00-7.367458046E+00-7.489251362E+00-7.610512237E+00
-7.731549797E+00-7.852682152E+00-7.974228908E+00-8.096505298E+00-8.219818439E+00
-8.344465283E+00-8.470731475E+00-8.598891232E+00-8.729207979E+00-8.861935052E+00
-8.997316962E+00-9.135590618E+00-9.276986505E+00-9.421730222E+00-9.570043509E+00
-9.722145503E+00-9.878254123E+00-1.003858689E+01-1.020336200E+01-1.037279957E+01
-1.054712222E+01-1.072655604E+01-1.091133146E+01-1.110168348E+01-1.129785200E+01
-1.150008048E+01-1.170861150E+01-1.192367188E+01-1.214542941E+01-1.237318138E+01
-1.260723808E+01-1.284646149E+01-1.308881950E+01-1.333309885E+01-1.357844044E+01
-1.382395444E+01-1.406876221E+01-1.431201860E+01-1.455290402E+01-1.479062234E+01
-1.502440077E+01-1.525349408E+01-1.547719061E+01-1.569481043E+01-1.590569579E+01
-1.610920715E+01-1.630472189E+01-1.649164641E+01-1.666943272E+01-1.683757098E+01
-1.699555761E+01-1.714288241E+01-1.727903051E+01-1.740345609E+01-1.751554770E+01
-1.761466196E+01-1.770015551E+01-1.777137717E+01-1.782767027E+01-1.786837597E+01
-1.789284757E+01-1.790045824E+01-1.789061005E+01-1.786274393E+01-1.781635071E+01
-1.775098390E+01-1.766627486E+01-1.756195648E+01-1.743787529E+01-1.729399300E+01
-1.713041287E+01-1.694748217E+01-1.674570414E+01-1.652569085E+01-1.628816976E+01
-1.603390551E+01-1.576367354E+01-1.547830935E+01-1.517873461E+01-1.486594711E+01
-1.454098639E+01-1.420494597E+01-1.385899579E+01-1.350438590E+01-1.314243297E+01
-1.277468292E+01-1.240155130E+01-1.202305267E+01-1.164363986E+01-1.126652852E+01
-1.089138978E+01-1.051797373E+01-1.014608002E+01-9.775546853E+00-9.406246998E+00
-9.038087040E+00-8.671008197E+00-8.304987933E+00-7.940042046E+00-7.576227074E+00
-7.213643288E+00-6.852437885E+00-6.492808529E+00-6.135007020E+00-5.779343235E+00
-5.426189259E+00-5.075983094E+00-4.729232437E+00-4.386517482E+00-4.048493043E+00
-3.715888929E+00-3.389508694E+00-3.070225492E+00-2.758974988E+00-2.456744592E+00
-2.164558815E+00-1.883460610E+00-1.614489134E+00-1.358654580E+00-6.251133625E+00
-6.413991489E+00-6.564899215E+00-6.703429950E+00-6.831487861E+00-6.956907600E+00
-7.081762511E+00-7.206208104E+00-7.330394016E+00-7.454494787E+00-7.578705049E+00
-7.703234877E+00-7.828305145E+00-7.954143815E+00-8.080982635E+00-8.209054493E+00
-8.338591765E+00-8.469824820E+00-8.602981344E+00-8.738285835E+00-8.875959559E+00
-9.016220669E+00-9.159284443E+00-9.305363833E+00-9.454669862E+00-9.607412134E+00
-9.763799581E+00-9.924040904E+00-1.008834527E+01-1.025692284E+01-1.042998541E+01
-1.060774718E+01-1.079042513E+01-1.097824020E+01-1.117141844E+01-1.137019378E+01
-1.157481312E+01-1.178554963E+01-1.200273540E+01-1.222508144E+01-1.245339492E+01
-1.268733355E+01-1.292538621E+01-1.316562524E+01-1.340709846E+01-1.364895216E+01
-1.389030962E+01-1.413031920E+01-1.436816111E+01-1.460304052E+01-1.483418606E+01
-1.506085009E+01-1.528231248E+01-1.549788481E+01-1.570690702E+01-1.590873899E+01
-1.610275770E+01-1.628835557E+01-1.646494847E+01-1.663198640E+01-1.678894596E+01
-1.693530820E+01-1.707054205E+01-1.719410486E+01-1.730543300E+01-1.740393385E+01
-1.748897458E+01-1.755991210E+01-1.761610768E+01-1.765692685E+01-1.768174580E+01
-1.768995986E+01-1.768099323E+01-1.765430967E+01-1.760942470E+01-1.754592017E+01
-1.746346012E+01-1.736179941E+01-1.724078534E+01-1.710042880E+01-1.694091156E+01
-1.676255861E+01-1.656581588E+01-1.635125544E+01-1.611952108E+01-1.587128581E+01
-1.560727651E+01-1.532830162E+01-1.503525494E+01-1.472908907E+01-1.441080163E+01
-1.408145510E+01-1.374218829E+01-1.339421102E+01-1.303880486E+01-1.267746314E+01
-1.230970994E+01-1.193644439E+01-1.156442540E+01-1.119367321E+01-1.082406923E+01
-1.045544949E+01-1.008764456E+01-9.720497079E+00-9.353870697E+00-8.987654658E+00
-8.621767760E+00-8.256161069E+00-7.890821308E+00-7.525774362E+00-7.161089022E+00
-6.796881397E+00-6.433319802E+00-6.070630229E+00-5.709102185E+00-5.349095345E+00
-4.991046173E+00-4.635474898E+00-4.282992245E+00-3.934305700E+00-3.590223970E+00
-3.251659805E+00-2.919629288E+00-2.595246909E+00-2.279715100E+00-1.974307339E+00
-1.680344346E+00-1.399163497E+00-1.132082600E+00-6.103113784E+00-6.262940548E+00
-6.411549289E+00-6.548539830E+00-6.675717287E+00-6.801078005E+00-6.926541792E+00
-7.052173144E+00-7.178029544E+00-7.304188412E+00-7.430748049E+00-7.557826495E+00
-7.685559953E+00-7.814100189E+00-7.943612049E+00-8.074270544E+00-8.206258724E+00
-8.339765232E+00-8.474982966E+00-8.612107268E+00-8.751335212E+00-8.892864583E+00
-9.036893559E+00-9.183620278E+00-9.333242644E+00-9.485958399E+00-9.641965093E+00
-9.801460312E+00-9.964641762E+00-1.013170750E+01-1.030285614E+01-1.047828717E+01
-1.065820123E+01-1.084280021E+01-1.103228762E+01-1.122686859E+01-1.142674916E+01
-1.163213328E+01-1.184321291E+01-1.206013608E+01-1.228205811E+01-1.250939685E+01
-1.274147750E+01-1.297667702E+01-1.321333798E+01-1.345059252E+01-1.368759787E+01
-1.392350221E+01-1.415748165E+01-1.438874153E+01-1.461651119E+01-1.484004295E+01
-1.505861206E+01-1.527151982E+01-1.547809616E+01-1.567769667E+01-1.586969538E+01
-1.605348188E+01-1.622845890E+01-1.639404634E+01-1.654968473E+01-1.669483407E+01
-1.682896064E+01-1.695152019E+01-1.706195377E+01-1.715968874E+01-1.724413541E+01
-1.731468894E+01-1.737073575E+01-1.741166126E+01-1.743686399E+01-1.744576546E+01
-1.743781820E+01-1.741251539E+01-1.736940102E+01-1.730808047E+01-1.722824043E+01
-1.712967599E+01-1.701230007E+01-1.687615614E+01-1.672140987E+01-1.654835292E+01
-1.635740172E+01-1.614905698E+01-1.592387093E+01-1.568245756E+01-1.542551065E+01
-1.515380952E+01-1.486820626E+01-1.456960247E+01-1.425895628E+01-1.393729855E+01
-1.360573417E+01-1.326542627E+01-1.291765667E+01-1.256373721E+01-1.220281024E+01
-1.183719232E+01-1.147257569E+01-1.110868117E+01-1.074526748E+01-1.038211505E+01
-1.001902250E+01-9.655806906E+00-9.292305749E+00-8.928379317E+00-8.563913431E+00
-8.198822436E+00-7.833052633E+00-7.466586290E+00-7.099446221E+00-6.731701177E+00
-6.363471916E+00-5.994938572E+00-5.626348573E+00-5.258026093E+00-4.890382581E+00
-4.523927822E+00-4.159282433E+00-3.797190172E+00-3.438529899E+00-3.084325946E+00
-2.735755037E+00-2.394147716E+00-2.060981808E+00-1.737865247E+00-1.426506517E+00
-1.128671948E+00-8.461313485E-01-5.964736469E+00-6.120478242E+00-6.267656713E+00
-6.402093712E+00-6.526261422E+00-6.651318964E+00-6.777171306E+00-6.903706200E+00
-7.030882356E+00-7.158679877E+00-7.287104713E+00-7.416190785E+00-7.545999006E+00
-7.676615305E+00-7.808147242E+00-7.940720855E+00-8.074477272E+00-8.209569638E+00
-8.346160513E+00-8.484419749E+00-8.624522474E+00-8.766647719E+00-8.910977272E+00
-9.057694733E+00-9.206984765E+00-9.359032704E+00-9.514024120E+00-9.672144503E+00
-9.833579149E+00-9.998512957E+00-1.016713040E+01-1.033961522E+01-1.051615057E+01
-1.069691849E+01-1.088209960E+01-1.107187261E+01-1.126641296E+01-1.146589090E+01
-1.167046919E+01-1.188030105E+01-1.209553778E+01-1.231535734E+01-1.253995205E+01
-1.276847278E+01-1.299930545E+01-1.323099052E+01-1.346268777E+01-1.369357367E+01
-1.392282222E+01-1.414963471E+01-1.437323979E+01-1.459288919E+01-1.480785662E+01
-1.501743747E+01-1.522095044E+01-1.541773955E+01-1.560717179E+01-1.578863200E+01
-1.596151858E+01-1.612524185E+01-1.627922318E+01-1.642289572E+01-1.655570490E+01
-1.667710241E+01-1.678653796E+01-1.688345181E+01-1.696727381E+01-1.703742665E+01
-1.709332993E+01-1.713440555E+01-1.716008525E+01-1.716982096E+01-1.716309507E+01
-1.713943234E+01-1.709841188E+01-1.703968166E+01-1.696297315E+01-1.686811291E+01
-1.675503060E+01-1.662376780E+01-1.647448403E+01-1.630744662E+01-1.612300953E+01
-1.592159566E+01-1.570370063E+01-1.546990199E+01-1.522086144E+01-1.495731977E+01
-1.468007513E+01-1.438998127E+01-1.408796074E+01-1.377501080E+01-1.345220214E+01
-1.312067601E+01-1.278179846E+01-1.243592995E+01-1.208291506E+01-1.172632909E+01
-1.137017455E+01-1.101405681E+01-1.065766969E+01-1.030075195E+01-9.943069033E+00
-9.584406337E+00-9.224567495E+00-8.863374739E+00-8.500670982E+00-8.136322269E+00
-7.770221315E+00-7.402291449E+00-7.032491618E+00-6.660822293E+00-6.287332606E+00
-5.912129052E+00-5.535385344E+00-5.157354936E+00-4.778385054E+00-4.398933319E+00
-4.019587174E+00-3.641084960E+00-3.264339503E+00-2.890461777E+00-2.520783216E+00
-2.156872807E+00-1.800543956E+00-1.453844829E+00-1.119025836E+00-7.984800468E-01
-4.946573435E-01-5.823944454E+00-5.977366165E+00-6.121132782E+00-6.254887465E+00
-6.380392345E+00-6.505471714E+00-6.631859019E+00-6.759394220E+00-6.887908098E+00
-7.017266773E+00-7.147380141E+00-7.278202616E+00-7.409730219E+00-7.541995455E+00
-7.675062030E+00-7.809019305E+00-7.943977674E+00-8.080064239E+00-8.217419342E+00
-8.356193565E+00-8.496545332E+00-8.638638822E+00-8.782642424E+00-8.928727330E+00
-9.077066542E+00-9.227834124E+00-9.381204222E+00-9.537350823E+00-9.696447046E+00
-9.858664869E+00-1.002417473E+01-1.019314499E+01-1.036574191E+01-1.054212880E+01
-1.072246565E+01-1.090690858E+01-1.109560879E+01-1.128871170E+01-1.148635628E+01
-1.168867463E+01-1.189579279E+01-1.210783097E+01-1.232389192E+01-1.254405288E+01
-1.276743823E+01-1.299252937E+01-1.321793488E+01-1.344283486E+01-1.366643147E+01
-1.388792376E+01-1.410653456E+01-1.432151326E+01-1.453213129E+01-1.473768113E+01
-1.493747533E+01-1.513084742E+01-1.531715207E+01-1.549576474E+01-1.566607792E+01
-1.582749661E+01-1.597943652E+01-1.612132194E+01-1.625258502E+01-1.637266490E+01
-1.648100630E+01-1.657705730E+01-1.666026543E+01-1.673007781E+01-1.678594280E+01
-1.682731497E+01-1.685366238E+01-1.686447494E+01-1.685927420E+01-1.683762398E+01
-1.679914185E+01-1.674351098E+01-1.667049134E+01-1.657993073E+01-1.647177293E+01
-1.634605817E+01-1.620292056E+01-1.604257716E+01-1.586532597E+01-1.567154405E+01
-1.546169206E+01-1.523631429E+01-1.499603420E+01-1.474153898E+01-1.447357400E+01
-1.419295104E+01-1.390055413E+01-1.359733851E+01-1.328431528E+01-1.296259889E+01
-1.263341847E+01-1.229603809E+01-1.195147929E+01-1.160606419E+01-1.125982529E+01
-1.091261607E+01-1.056422191E+01-1.021440477E+01-9.862921995E+00-9.509534145E+00
-9.154009281E+00-8.796125902E+00-8.435675151E+00-8.072463735E+00-7.706316999E+00
-7.337082743E+00-6.964636033E+00-6.588885106E+00-6.209778508E+00-5.827314388E+00
-5.441551764E+00-5.052624477E+00-4.660758599E+00-4.266293988E+00-3.869710550E+00
-3.471660480E+00-3.073006451E+00-2.674866385E+00-2.278663102E+00-1.886175177E+00
-1.499580848E+00-1.121481101E+00-7.548826058E-01-4.031209590E-01-6.971590586E-02
-5.687302950E+00-5.836921888E+00-5.978075075E+00-6.110442945E+00-6.235738537E+00
-6.361414844E+00-6.489008710E+00-6.618128036E+00-6.748416178E+00-6.879604357E+00
-7.011509602E+00-7.144022934E+00-7.277096483E+00-7.410731354E+00-7.544967495E+00
-7.679875827E+00-7.815551302E+00-7.952107979E+00-8.089674576E+00-8.228391197E+00
-8.368406496E+00-8.509875389E+00-8.652957365E+00-8.797814789E+00-8.944611796E+00
-9.093513274E+00-9.244683832E+00-9.398287252E+00-9.554485702E+00-9.713439260E+00
-9.875305367E+00-1.004023831E+01-1.020838859E+01-1.037990254E+01-1.055492169E+01
-1.073358207E+01-1.091601362E+01-1.110233951E+01-1.129267554E+01-1.148712964E+01
-1.168580152E+01-1.188878170E+01-1.209615028E+01-1.230690101E+01-1.252106635E+01
-1.273786924E+01-1.295595051E+01-1.317388045E+01-1.339085602E+01-1.360610807E+01
-1.381885756E+01-1.402834460E+01-1.423383644E+01-1.443462208E+01-1.463001054E+01
-1.481932971E+01-1.500192596E+01-1.517716388E+01-1.534442595E+01-1.550311053E+01
-1.565262896E+01-1.579240246E+01-1.592186086E+01-1.604044184E+01-1.614758928E+01
-1.624275424E+01-1.632539407E+01-1.639497341E+01-1.645096608E+01-1.649285786E+01
-1.652015183E+01-1.653237516E+01-1.652908765E+01-1.650989077E+01-1.647443786E+01
-1.642244337E+01-1.635369189E+01-1.626804480E+01-1.616544320E+01-1.604590880E+01
-1.590954549E+01-1.575653621E+01-1.558714599E+01-1.540172101E+01-1.520069022E+01
-1.498455866E+01-1.475389801E+01-1.450934282E+01-1.425159493E+01-1.398142781E+01
-1.369968733E+01-1.340728557E+01-1.310520977E+01-1.279464265E+01-1.247591520E+01
-1.214862000E+01-1.181540388E+01-1.148107461E+01-1.114529900E+01-1.080778329E+01
-1.046824462E+01-1.012640255E+01-9.781977397E+00-9.434690478E+00-9.084264937E+00
-8.730426951E+00-8.372907069E+00-8.011441945E+00-7.645776668E+00-7.275667592E+00
-6.900886083E+00-6.521223326E+00-6.136496626E+00-5.746557685E+00-5.351302923E+00
-4.950687660E+00-4.544743731E+00-4.133603084E+00-3.717528457E+00-3.296953481E+00
-2.872535297E+00-2.445223188E+00-2.016346994E+00-1.587727670E+00-1.161806590E+00
-7.417754462E-01-3.316597925E-01 6.372537047E-02 4.390296852E-01-5.550322259E+00
-5.694797904E+00-5.833537968E+00-5.964830751E+00-6.089180643E+00-6.217065907E+00
-6.347440846E+00-6.479399200E+00-6.612361132E+00-6.745956367E+00-6.879962338E+00
-7.014259825E+00-7.148802650E+00-7.283597867E+00-7.418691809E+00-7.554160516E+00
-7.690102723E+00-7.826634460E+00-7.963885036E+00-8.101993767E+00-8.241107533E+00
-8.381378374E+00-8.522961998E+00-8.666016159E+00-8.810699516E+00-8.957170535E+00
-9.105586693E+00-9.256103499E+00-9.408873980E+00-9.564047893E+00-9.721771250E+00
-9.882185574E+00-1.004542754E+01-1.021162807E+01-1.038091215E+01-1.055339780E+01
-1.072919563E+01-1.090840835E+01-1.109113000E+01-1.127744557E+01-1.146743058E+01
-1.166115088E+01-1.185866249E+01-1.206001138E+01-1.226401783E+01-1.247075205E+01
-1.267965381E+01-1.288953496E+01-1.309892540E+01-1.330698867E+01-1.351297114E+01
-1.371611511E+01-1.391567922E+01-1.411094684E+01-1.430122317E+01-1.448583256E+01
-1.466411707E+01-1.483543572E+01-1.499916352E+01-1.515469120E+01-1.530142426E+01
-1.543878129E+01-1.556619235E+01-1.568309732E+01-1.578894534E+01-1.588319517E+01
-1.596531588E+01-1.603478785E+01-1.609110546E+01-1.613378021E+01-1.616234504E+01
-1.617635985E+01-1.617541802E+01-1.615915351E+01-1.612724825E+01-1.607943966E+01
-1.601552656E+01-1.593537444E+01-1.583891904E+01-1.572616938E+01-1.559721033E+01
-1.545220299E+01-1.529138687E+01-1.511507922E+01-1.492366969E+01-1.471761491E+01
-1.449743819E+01-1.426373095E+01-1.401715542E+01-1.375844453E+01-1.348839828E+01
-1.320787772E+01-1.291788322E+01-1.261940401E+01-1.231178376E+01-1.199605506E+01
-1.167584478E+01-1.135380024E+01-1.102953992E+01-1.070272519E+01-1.037303455E+01
-1.004015159E+01-9.703758950E+00-9.363535878E+00-9.019156739E+00-8.670290738E+00
-8.316601917E+00-7.957749474E+00-7.593388548E+00-7.223171439E+00-6.846749504E+00
-6.463775715E+00-6.073908638E+00-5.676817557E+00-5.272189995E+00-4.859741885E+00
-4.439231828E+00-4.010480359E+00-3.573397405E+00-3.128020084E+00-2.674566891E+00
-2.213515488E+00-1.745717090E+00-1.272567589E+00-7.962658460E-01-3.201954551E-01
 1.505720590E-01 6.088504986E-01 1.045591515E+00-5.399693598E+00-5.536016047E+00
-5.670969294E+00-5.804624534E+00-5.936754511E+00-6.071262271E+00-6.207381499E+00
-6.344088051E+00-6.480891288E+00-6.617552886E+00-6.753968001E+00-6.890110396E+00
-7.026005009E+00-7.161712396E+00-7.297318961E+00-7.432930845E+00-7.568669043E+00
-7.704666172E+00-7.841063401E+00-7.978008554E+00-8.115653871E+00-8.254154703E+00
-8.393667819E+00-8.534350540E+00-8.676359439E+00-8.819849591E+00-8.964973629E+00
-9.111881152E+00-9.260717857E+00-9.411625070E+00-9.564739034E+00-9.720190396E+00
-9.878103500E+00-1.003859591E+01-1.020177764E+01-1.036775064E+01-1.053660806E+01
-1.070843366E+01-1.088330108E+01-1.106127327E+01-1.124240225E+01-1.142672918E+01
-1.161428598E+01-1.180510012E+01-1.199920806E+01-1.219511112E+01-1.239324429E+01
-1.259311941E+01-1.279367949E+01-1.299364288E+01-1.319195023E+01-1.338786601E+01
-1.358067098E+01-1.376964537E+01-1.395408731E+01-1.413331764E+01-1.430667520E+01
-1.447351593E+01-1.463321181E+01-1.478514998E+01-1.492873241E+01-1.506337542E+01
-1.518850885E+01-1.530357577E+01-1.540803189E+01-1.550134544E+01-1.558299812E+01
-1.565248637E+01-1.570932381E+01-1.575304414E+01-1.578320487E+01-1.579939208E+01
-1.580122521E+01-1.578836282E+01-1.576050828E+01-1.571741530E+01-1.565889336E+01
-1.558481167E+01-1.549510374E+01-1.538977055E+01-1.526888350E+01-1.513258457E+01
-1.498108645E+01-1.481467020E+01-1.463368393E+01-1.443854278E+01-1.422973029E+01
-1.400779905E+01-1.377337116E+01-1.352713635E+01-1.326984540E+01-1.300235972E+01
-1.272566348E+01-1.243950953E+01-1.214389371E+01-1.184114414E+01-1.153563438E+01
-1.122722594E+01-1.091567282E+01-1.060068262E+01-1.028193929E+01-9.959111096E+00
-9.631852850E+00-9.299805943E+00-8.962597699E+00-8.619840468E+00-8.271130527E+00
-7.916047053E+00-7.554151218E+00-7.184985043E+00-6.808070894E+00-6.422910843E+00
-6.028986592E+00-5.625760382E+00-5.212676329E+00-4.789163735E+00-4.354642487E+00
-3.908531249E+00-3.450260493E+00-2.979292318E+00-2.495150437E+00-1.997466820E+00
-1.486056265E+00-9.610422983E-01-4.230872355E-01 1.261364940E-01 6.828216977E-01
 1.237988338E+00 1.772331174E+00-5.240228086E+00-5.361951114E+00-5.492719297E+00
-5.632752916E+00-5.780979840E+00-5.928175252E+00-6.072844150E+00-6.215635912E+00
-6.356887912E+00-6.496817714E+00-6.635595483E+00-6.773372827E+00-6.910295444E+00
-7.046509191E+00-7.182162444E+00-7.317407245E+00-7.452399182E+00-7.587296916E+00
-7.722261628E+00-7.857455919E+00-7.993043100E+00-8.129186282E+00-8.266047437E+00
-8.403786721E+00-8.542561614E+00-8.682526284E+00-8.823830922E+00-8.966621108E+00
-9.111037220E+00-9.257213887E+00-9.405279392E+00-9.555355124E+00-9.707554986E+00
-9.861984805E+00-1.001874174E+01-1.017791349E+01-1.033957764E+01-1.050380088E+01
-1.067063803E+01-1.084013088E+01-1.101230689E+01-1.118717675E+01-1.136473060E+01
-1.154493035E+01-1.172769243E+01-1.191284710E+01-1.210048620E+01-1.228934448E+01
-1.247922005E+01-1.266948582E+01-1.285913425E+01-1.304694514E+01-1.323213822E+01
-1.341401094E+01-1.359187258E+01-1.376503952E+01-1.393284487E+01-1.409464187E+01
-1.424980041E+01-1.439770651E+01-1.453776160E+01-1.466938250E+01-1.479200091E+01
-1.490506352E+01-1.500803216E+01-1.510038426E+01-1.518161355E+01-1.525123131E+01
-1.530876843E+01-1.535377775E+01-1.538583737E+01-1.540455428E+01-1.540956854E+01
-1.540055790E+01-1.537724219E+01-1.533938809E+01-1.528681345E+01-1.521939138E+01
-1.513705343E+01-1.503979259E+01-1.492766481E+01-1.480078954E+01-1.465935095E+01
-1.450359755E+01-1.433384333E+01-1.415046800E+01-1.395391785E+01-1.374470551E+01
-1.352340863E+01-1.329066580E+01-1.304721285E+01-1.279391546E+01-1.253095004E+01
-1.225795098E+01-1.197630857E+01-1.168919478E+01-1.139885553E+01-1.110492997E+01
-1.080708967E+01-1.050500693E+01-1.019834266E+01-9.886741976E+00-9.569831186E+00
-9.247216217E+00-8.918480499E+00-8.583182960E+00-8.240855693E+00-7.891001283E+00
-7.533090009E+00-7.166556255E+00-6.790795045E+00-6.405157553E+00-6.008946769E+00
-5.601412136E+00-5.181743921E+00-4.749067305E+00-4.302435406E+00-3.840822028E+00
-3.363113320E+00-2.868098078E+00-2.354455187E+00-1.820735690E+00-1.265333387E+00
-6.864301227E-01-8.188077717E-02 5.510638733E-01 1.216569731E+00 1.923227824E+00
 2.630275477E+00-5.101849392E+00-5.212585474E+00-5.339545880E+00-5.482993875E+00
-5.644574022E+00-5.800679450E+00-5.951965920E+00-6.099664343E+00-6.244500057E+00
-6.386970755E+00-6.527444030E+00-6.666212737E+00-6.803526076E+00-6.939607559E+00
-7.074664938E+00-7.208896431E+00-7.342493911E+00-7.475644802E+00-7.608532820E+00
-7.741338534E+00-7.874239082E+00-8.007408056E+00-8.141015111E+00-8.275225564E+00
-8.410199890E+00-8.546093320E+00-8.683055376E+00-8.821229313E+00-8.960751806E+00
-9.101752321E+00-9.244352799E+00-9.388666986E+00-9.534800117E+00-9.682848050E+00
-9.832896951E+00-9.985022546E+00-1.013928925E+01-1.029574951E+01-1.045444276E+01
-1.061539445E+01-1.077861459E+01-1.094409660E+01-1.111181554E+01-1.128172740E+01
-1.145377044E+01-1.162787525E+01-1.180400084E+01-1.198212011E+01-1.216049370E+01
-1.233947116E+01-1.251855670E+01-1.269694247E+01-1.287366421E+01-1.304763466E+01
-1.321815028E+01-1.338454296E+01-1.354615163E+01-1.370232640E+01-1.385243310E+01
-1.399585624E+01-1.413199788E+01-1.426027674E+01-1.438012799E+01-1.449100351E+01
-1.459237211E+01-1.468372015E+01-1.476455227E+01-1.483439270E+01-1.489278724E+01
-1.493930495E+01-1.497354110E+01-1.499512002E+01-1.500369849E+01-1.499896940E+01
-1.498066554E+01-1.494856318E+01-1.490248571E+01-1.484230702E+01-1.476795415E+01
-1.467940980E+01-1.457671411E+01-1.445996614E+01-1.432932553E+01-1.418501328E+01
-1.402731238E+01-1.385656860E+01-1.367319044E+01-1.347764533E+01-1.327046318E+01
-1.305226242E+01-1.282376907E+01-1.258530316E+01-1.233643108E+01-1.207788500E+01
-1.181199541E+01-1.154219738E+01-1.126827099E+01-1.098994827E+01-1.070693192E+01
-1.041890052E+01-1.012550894E+01-9.826387806E+00-9.521141668E+00-9.209347300E+00
-8.890551218E+00-8.564266684E+00-8.229970436E+00-7.887098475E+00-7.535041374E+00
-7.173138604E+00-6.800671917E+00-6.416857428E+00-6.020836548E+00-5.611665034E+00
-5.188300149E+00-4.749585326E+00-4.294231661E+00-3.820795432E+00-3.327650187E+00
-2.812950916E+00-2.274586582E+00-1.710114039E+00-1.116660807E+00-4.907738726E-01
 1.718271340E-01 8.766614348E-01 1.631136436E+00 2.444829834E+00 3.251794692E+00
-5.006172756E+00-5.111835676E+00-5.235926243E+00-5.379048446E+00-5.538453204E+00
-5.696962615E+00-5.850921219E+00-6.000906333E+00-6.147457371E+00-6.291032823E+00
-6.432020612E+00-6.570754727E+00-6.707530149E+00-6.842614162E+00-6.976254311E+00
-7.108683408E+00-7.240123348E+00-7.370786926E+00-7.500879294E+00-7.630598630E+00
-7.760136375E+00-7.889677588E+00-8.019400628E+00-8.149477078E+00-8.280071629E+00
-8.411341758E+00-8.543437419E+00-8.676500843E+00-8.810666066E+00-8.946058772E+00
-9.082795740E+00-9.220984609E+00-9.360723285E+00-9.502099551E+00-9.645190432E+00
-9.790061723E+00-9.936767167E+00-1.008534774E+01-1.023583094E+01-1.038822961E+01
-1.054254103E+01-1.069874586E+01-1.085680699E+01-1.101666839E+01-1.117825452E+01
-1.134146899E+01-1.150618981E+01-1.167224941E+01-1.183939233E+01-1.200767582E+01
-1.217548428E+01-1.234292746E+01-1.250945938E+01-1.267433973E+01-1.283672886E+01
-1.299565925E+01-1.315041190E+01-1.330036274E+01-1.344488216E+01-1.358335356E+01
-1.371517914E+01-1.383977866E+01-1.395659117E+01-1.406507464E+01-1.416470558E+01
-1.425497928E+01-1.433541098E+01-1.440553679E+01-1.446491524E+01-1.451312917E+01
-1.454978786E+01-1.457452935E+01-1.458702351E+01-1.458697466E+01-1.457412487E+01
-1.454825688E+01-1.450919685E+01-1.445681744E+01-1.439104000E+01-1.431183713E+01
-1.421923446E+01-1.411331264E+01-1.399420888E+01-1.386211806E+01-1.371729377E+01
-1.356004699E+01-1.339074456E+01-1.320981896E+01-1.301779641E+01-1.281526058E+01
-1.260241416E+01-1.237888575E+01-1.214503896E+01-1.190255669E+01-1.165548173E+01
-1.140372559E+01-1.114710396E+01-1.088537363E+01-1.061825034E+01-1.034541613E+01
-1.006652248E+01-9.781190240E+00-9.489008726E+00-9.189533511E+00-8.882283686E+00
-8.566738513E+00-8.242332848E+00-7.908452341E+00-7.564426810E+00-7.209523233E+00
-6.842936368E+00-6.463778434E+00-6.071065906E+00-5.663704432E+00-5.240469919E+00
-4.799986229E+00-4.340697881E+00-3.860837120E+00-3.358383317E+00-2.831013446E+00
-2.276040658E+00-1.690337880E+00-1.070242457E+00-4.114380164E-01 2.911863481E-01
 1.043685412E+00 1.853166415E+00 2.727651102E+00 3.585447653E+00-4.936114676E+00
-5.038395724E+00-5.159909306E+00-5.301407118E+00-5.459243118E+00-5.617531381E+00
-5.771598373E+00-5.921656218E+00-6.068057854E+00-6.211154920E+00-6.351284043E+00
-6.488763174E+00-6.623891826E+00-6.756952611E+00-6.888213639E+00-7.017930138E+00
-7.146345833E+00-7.273694006E+00-7.400198169E+00-7.526072338E+00-7.651521587E+00
-7.776741847E+00-7.901920226E+00-8.027234848E+00-8.152854892E+00-8.278940477E+00
-8.405642621E+00-8.533103003E+00-8.661453847E+00-8.790817802E+00-8.921307472E+00
-9.053025334E+00-9.186063385E+00-9.320502590E+00-9.456412608E+00-9.593851158E+00
-9.732863510E+00-9.873481734E+00-1.001572407E+01-1.015959400E+01-1.030507940E+01
-1.045215154E+01-1.060076398E+01-1.075085130E+01-1.090232787E+01-1.105508586E+01
-1.120899277E+01-1.136388825E+01-1.151958519E+01-1.167588737E+01-1.183252083E+01
-1.198950474E+01-1.214508644E+01-1.229944006E+01-1.245218016E+01-1.260251345E+01
-1.274964960E+01-1.289281325E+01-1.303120487E+01-1.316422898E+01-1.329130466E+01
-1.341185635E+01-1.352532639E+01-1.363117937E+01-1.372889972E+01-1.381799145E+01
-1.389797959E+01-1.396841109E+01-1.402885596E+01-1.407890881E+01-1.411819027E+01
-1.414634936E+01-1.416306582E+01-1.416805243E+01-1.416105776E+01-1.414186849E+01
-1.411031192E+01-1.406625808E+01-1.400962193E+01-1.394036559E+01-1.385850007E+01
-1.376408799E+01-1.365724455E+01-1.353813740E+01-1.340698901E+01-1.326407901E+01
-1.310975802E+01-1.294446142E+01-1.276867096E+01-1.258227895E+01-1.238515362E+01
-1.217763441E+01-1.196115645E+01-1.173793583E+01-1.150991890E+01-1.127678500E+01
-1.103825286E+01-1.079404064E+01-1.054384873E+01-1.028735251E+01-1.002419837E+01
-9.754000916E+00-9.476340616E+00-9.190761112E+00-8.896765697E+00-8.593813736E+00
-8.281315738E+00-7.958627644E+00-7.625043773E+00-7.279788514E+00-6.922006036E+00
-6.550747842E+00-6.164957915E+00-5.763454554E+00-5.344908350E+00-4.907815712E+00
-4.450466595E+00-3.970905811E+00-3.466886504E+00-2.935815103E+00-2.374687250E+00
-1.780015645E+00-1.147753050E+00-4.732181390E-01 2.489614551E-01 1.024865582E+00
 1.861227361E+00 2.766726662E+00 3.650647880E+00-4.886868328E+00-4.985873568E+00
-5.104939433E+00-5.244527487E+00-5.404626302E+00-5.561658794E+00-5.714273412E+00
-5.862812298E+00-6.007527648E+00-6.148697344E+00-6.286612939E+00-6.421570402E+00
-6.553864005E+00-6.683782465E+00-6.811606620E+00-6.937608009E+00-7.062047810E+00
-7.185176602E+00-7.307233815E+00-7.428447844E+00-7.549035938E+00-7.669204115E+00
-7.789147440E+00-7.909050146E+00-8.029085429E+00-8.149415891E+00-8.270193417E+00
-8.391559212E+00-8.513643806E+00-8.636567053E+00-8.760438008E+00-8.885354619E+00
-9.011403760E+00-9.138660763E+00-9.267189179E+00-9.397040306E+00-9.528252636E+00
-9.660851583E+00-9.794848492E+00-9.930240174E+00-1.006700807E+01-1.020511731E+01
-1.034451582E+01-1.048513321E+01-1.062687964E+01-1.076964429E+01-1.091329409E+01
-1.105767194E+01-1.120259595E+01-1.134785781E+01-1.149321580E+01-1.163839768E+01
-1.178301004E+01-1.192688748E+01-1.207002686E+01-1.221078291E+01-1.234900944E+01
-1.248425294E+01-1.261572901E+01-1.274274359E+01-1.286463879E+01-1.298074696E+01
-1.309052276E+01-1.319345579E+01-1.328904334E+01-1.337679609E+01-1.345624667E+01
-1.352695196E+01-1.358849256E+01-1.364047325E+01-1.368252412E+01-1.371430231E+01
-1.373549472E+01-1.374582011E+01-1.374503161E+01-1.373291832E+01-1.370930735E+01
-1.367406526E+01-1.362709962E+01-1.356836022E+01-1.349784129E+01-1.341558431E+01
-1.332168056E+01-1.321627712E+01-1.309958600E+01-1.297187217E+01-1.283348035E+01
-1.268459633E+01-1.252500293E+01-1.235474876E+01-1.217424604E+01-1.198465092E+01
-1.178758519E+01-1.158517697E+01-1.137727421E+01-1.116367256E+01-1.094413722E+01
-1.071840714E+01-1.048619364E+01-1.024717854E+01-1.000101213E+01-9.747310968E+00
-9.485655616E+00-9.215588334E+00-8.936609657E+00-8.648174851E+00-8.349689265E+00
-8.040502535E+00-7.719901930E+00-7.387103759E+00-7.041243170E+00-6.681361658E+00
-6.306391940E+00-5.915139389E+00-5.506259470E+00-5.078230386E+00-4.629319557E+00
-4.157542996E+00-3.660616545E+00-3.135897237E+00-2.580315034E+00-1.990295456E+00
-1.361677387E+00-6.896356748E-01 3.137339367E-02 8.076149454E-01 1.645992641E+00
 2.556306571E+00 3.438544157E+00-4.868137899E+00-4.965302013E+00-5.082231692E+00
-5.219561146E+00-5.374572221E+00-5.529067482E+00-5.679135334E+00-5.824933138E+00
-5.966672744E+00-6.104605084E+00-6.239007451E+00-6.370173251E+00-6.498403060E+00
-6.623998244E+00-6.747255990E+00-6.868465724E+00-6.987906749E+00-7.105846625E+00
-7.222540184E+00-7.338229182E+00-7.453141897E+00-7.567493370E+00-7.681485443E+00
-7.795307154E+00-7.909134775E+00-8.023132443E+00-8.137452081E+00-8.252233873E+00
-8.367606179E+00-8.483685899E+00-8.600578425E+00-8.718377487E+00-8.837165313E+00
-8.957012229E+00-9.077976585E+00-9.200104479E+00-9.323429204E+00-9.447971010E+00
-9.573736437E+00-9.700717961E+00-9.828893005E+00-9.958223511E+00-1.008865511E+01
-1.022011605E+01-1.035251650E+01-1.048574749E+01-1.061967982E+01-1.075416300E+01
-1.088902444E+01-1.102406815E+01-1.115907368E+01-1.129379605E+01-1.142796635E+01
-1.156131787E+01-1.169355458E+01-1.182426208E+01-1.195322283E+01-1.208042057E+01
-1.220409914E+01-1.232408601E+01-1.243995151E+01-1.255098778E+01-1.265660614E+01
-1.275627123E+01-1.284945851E+01-1.293565613E+01-1.301440776E+01-1.308528578E+01
-1.314788401E+01-1.320181776E+01-1.324672291E+01-1.328226022E+01-1.330811994E+01
-1.332402442E+01-1.332972962E+01-1.332502642E+01-1.330974129E+01-1.328373733E+01
-1.324691466E+01-1.319921135E+01-1.314060430E+01-1.307111364E+01-1.299080865E+01
-1.289984452E+01-1.279842675E+01-1.268655644E+01-1.256415145E+01-1.243127840E+01
-1.228805514E+01-1.213500319E+01-1.197314473E+01-1.180364215E+01-1.162836912E+01
-1.144721756E+01-1.126005558E+01-1.106671623E+01-1.086699697E+01-1.066066065E+01
-1.044743612E+01-1.022701851E+01-9.999068526E+00-9.763211784E+00-9.519037434E+00
-9.266096363E+00-9.003898760E+00-8.731911041E+00-8.449552187E+00-8.156188775E+00
-7.851129074E+00-7.533615831E+00-7.202817289E+00-6.857816233E+00-6.497596637E+00
-6.121027231E+00-5.726841527E+00-5.313612958E+00-4.879724343E+00-4.423330184E+00
-3.942309344E+00-3.434205858E+00-2.896154555E+00-2.324787226E+00-1.716115683E+00
-1.065390703E+00-3.669465890E-01 3.859311374E-01 1.201025367E+00 2.085575342E+00
 2.914344970E+00-4.872276196E+00-4.968066144E+00-5.083016840E+00-5.217897395E+00
-5.368893533E+00-5.520156481E+00-5.666756138E+00-5.808724496E+00-5.946284474E+00
-6.079705840E+00-6.209289643E+00-6.335356317E+00-6.458235239E+00-6.578256417E+00
-6.695744384E+00-6.811013661E+00-6.924365655E+00-7.036087033E+00-7.146448468E+00
-7.255704361E+00-7.364092880E+00-7.471836276E+00-7.579141395E+00-7.686200112E+00
-7.793189998E+00-7.900274954E+00-8.007605486E+00-8.115319372E+00-8.223541862E+00
-8.332386152E+00-8.441953338E+00-8.552332739E+00-8.663601892E+00-8.775826517E+00
-8.889060234E+00-9.003344689E+00-9.118709037E+00-9.235169747E+00-9.352730090E+00
-9.471379860E+00-9.591094710E+00-9.711835633E+00-9.833548338E+00-9.956162695E+00
-1.007959183E+01-1.020373164E+01-1.032845989E+01-1.045363574E+01-1.057909898E+01
-1.070466970E+01-1.083014798E+01-1.095531419E+01-1.107992990E+01-1.120373967E+01
-1.132646750E+01-1.144781450E+01-1.156748235E+01-1.168514544E+01-1.180035625E+01
-1.191288015E+01-1.202270454E+01-1.212799399E+01-1.222867066E+01-1.232441853E+01
-1.241478226E+01-1.249911023E+01-1.257691696E+01-1.264778410E+01-1.271132106E+01
-1.276715306E+01-1.281491958E+01-1.285427502E+01-1.288491068E+01-1.290655113E+01
-1.291895566E+01-1.292191856E+01-1.291526975E+01-1.289887526E+01-1.287263731E+01
-1.283648990E+01-1.279038146E+01-1.273423911E+01-1.266800209E+01-1.259166058E+01
-1.250525627E+01-1.240879603E+01-1.230231581E+01-1.218606336E+01-1.206065796E+01
-1.192640839E+01-1.178597672E+01-1.163910391E+01-1.148589873E+01-1.132636151E+01
-1.116041999E+01-1.098794612E+01-1.080876500E+01-1.062266033E+01-1.042937760E+01
-1.022862577E+01-1.002007855E+01-9.803374602E+00-9.578117079E+00-9.343873184E+00
-9.100172609E+00-8.846505686E+00-8.582320786E+00-8.307021090E+00-8.019960372E+00
-7.720437838E+00-7.407691546E+00-7.080890724E+00-6.739125881E+00-6.381396986E+00
-6.006599008E+00-5.613503796E+00-5.200737616E+00-4.766752749E+00-4.309791162E+00
-3.827835824E+00-3.318544991E+00-2.779157991E+00-2.206355227E+00-1.596040011E+00
-9.429886452E-01-2.403011792E-01 5.213096915E-01 1.346374052E+00 2.106002148E+00
-4.897350176E+00-4.991427597E+00-5.104512149E+00-5.237048411E+00-5.388359545E+00
-5.536066833E+00-5.678243533E+00-5.815232853E+00-5.947326780E+00-6.074864266E+00
-6.198214482E+00-6.317761255E+00-6.433890972E+00-6.546983049E+00-6.657403465E+00
-6.765500745E+00-6.871603400E+00-6.976018980E+00-7.079033800E+00-7.180913370E+00
-7.281903306E+00-7.382230193E+00-7.482102689E+00-7.581712667E+00-7.681236046E+00
-7.780833771E+00-7.880652684E+00-7.980826150E+00-8.081474653E+00-8.182706145E+00
-8.284616605E+00-8.387290188E+00-8.490799311E+00-8.595204844E+00-8.700556038E+00
-8.806890439E+00-8.914233736E+00-9.022599482E+00-9.131988860E+00-9.242390364E+00
-9.353779330E+00-9.466117542E+00-9.579352757E+00-9.693418191E+00-9.808232132E+00
-9.923697264E+00-1.003970023E+01-1.015611138E+01-1.027278414E+01-1.038955488E+01
-1.050624281E+01-1.062265001E+01-1.073856165E+01-1.085374607E+01-1.096795452E+01
-1.108092123E+01-1.119236472E+01-1.130198376E+01-1.140945471E+01-1.151445466E+01
-1.161662866E+01-1.171548036E+01-1.181070316E+01-1.190211920E+01-1.198975702E+01
-1.207173876E+01-1.214803673E+01-1.221842608E+01-1.228261415E+01-1.234027278E+01
-1.239103040E+01-1.243435808E+01-1.246991013E+01-1.249741961E+01-1.251666223E+01
-1.252744347E+01-1.252959234E+01-1.252295728E+01-1.250740286E+01-1.248280431E+01
-1.244904146E+01-1.240599580E+01-1.235356817E+01-1.229171789E+01-1.222052153E+01
-1.214028084E+01-1.205107328E+01-1.195286028E+01-1.184810251E+01-1.173650729E+01
-1.161829454E+01-1.149354053E+01-1.136227922E+01-1.122449022E+01-1.108010003E+01
-1.092898625E+01-1.077098193E+01-1.060587938E+01-1.043343304E+01-1.025336174E+01
-1.006535027E+01-9.869050386E+00-9.664081531E+00-9.450031116E+00-9.226454206E+00
-8.992873242E+00-8.748776902E+00-8.493618758E+00-8.226815347E+00-7.947743806E+00
-7.655738564E+00-7.350087757E+00-7.030028418E+00-6.694740925E+00-6.343342184E+00
-5.974877907E+00-5.588312722E+00-5.182518628E+00-4.756260382E+00-4.308176582E+00
-3.836753657E+00-3.340287034E+00-2.816817922E+00-2.264017552E+00-1.678945520E+00
-1.057445877E+00-3.921742722E-01 3.251151658E-01 9.735020932E-01-4.954924888E+00
-5.048724348E+00-5.160284190E+00-5.290137207E+00-5.435889190E+00-5.578773894E+00
-5.715325095E+00-5.845921419E+00-5.970992829E+00-6.091013692E+00-6.206476460E+00
-6.317871651E+00-6.425673555E+00-6.530331795E+00-6.632266249E+00-6.731865590E+00
-6.829486932E+00-6.925457250E+00-7.020075150E+00-7.113612763E+00-7.206318146E+00
-7.298417136E+00-7.390115435E+00-7.481600112E+00-7.573041332E+00-7.664593500E+00
-7.756396483E+00-7.848576438E+00-7.941246717E+00-8.034508338E+00-8.128450620E+00
-8.223151298E+00-8.318677035E+00-8.415083423E+00-8.512415102E+00-8.610705680E+00
-8.709977692E+00-8.810242446E+00-8.911499706E+00-9.013737691E+00-9.116932447E+00
-9.221047766E+00-9.326034832E+00-9.431831591E+00-9.538362713E+00-9.645539036E+00
-9.753257217E+00-9.861399530E+00-9.969833555E+00-1.007841202E+01-1.018697263E+01
-1.029533822E+01-1.040331648E+01-1.051070028E+01-1.061726745E+01-1.072278108E+01
-1.082698923E+01-1.092962499E+01-1.103040630E+01-1.112903768E+01-1.122520701E+01
-1.131858478E+01-1.140885663E+01-1.149571209E+01-1.157880119E+01-1.165761390E+01
-1.173181161E+01-1.180112816E+01-1.186535945E+01-1.192440364E+01-1.197836867E+01
-1.202539196E+01-1.206548413E+01-1.209851010E+01-1.212429574E+01-1.214266327E+01
-1.215343888E+01-1.215645686E+01-1.215156371E+01-1.213861783E+01-1.211748472E+01
-1.208802628E+01-1.205009925E+01-1.200356207E+01-1.194825297E+01-1.188612997E+01
-1.181685594E+01-1.174043922E+01-1.165722463E+01-1.156736439E+01-1.147096544E+01
-1.136807792E+01-1.125870249E+01-1.114279278E+01-1.102025766E+01-1.089096367E+01
-1.075473771E+01-1.061136954E+01-1.046061409E+01-1.030219353E+01-1.013579927E+01
-9.961093232E+00-9.777709674E+00-9.585255981E+00-9.383314050E+00-9.171441073E+00
-8.949170247E+00-8.716011643E+00-8.471452599E+00-8.214958387E+00-7.945972574E+00
-7.663917764E+00-7.368196151E+00-7.058191021E+00-6.733268281E+00-6.392779539E+00
-6.036066908E+00-5.662470252E+00-5.271339130E+00-4.862051231E+00-4.434042162E+00
-3.986854419E+00-3.520221285E+00-3.034221203E+00-2.529590518E+00-2.008451902E+00
-1.476309757E+00-9.471401884E-01-4.446952578E-01-5.043414043E+00-5.137977178E+00
-5.248329866E+00-5.375130508E+00-5.514584486E+00-5.651216179E+00-5.780421474E+00
-5.902670915E+00-6.018649221E+00-6.129061875E+00-6.234594778E+00-6.335891082E+00
-6.433540043E+00-6.528073984E+00-6.619969555E+00-6.709651954E+00-6.797500044E+00
-6.883851317E+00-6.969007100E+00-7.053236884E+00-7.136782224E+00-7.219860170E+00
-7.302666066E+00-7.385375906E+00-7.468148430E+00-7.551126697E+00-7.634439621E+00
-7.718202720E+00-7.802519379E+00-7.887481396E+00-7.973169502E+00-8.059653827E+00
-8.146994179E+00-8.235240200E+00-8.324431528E+00-8.414597670E+00-8.505758210E+00
-8.597922445E+00-8.691089350E+00-8.785247383E+00-8.880374242E+00-8.976436517E+00
-9.073389609E+00-9.171177295E+00-9.269731453E+00-9.368971867E+00-9.468805909E+00
-9.569128343E+00-9.669821170E+00-9.770753465E+00-9.871781225E+00-9.972747482E+00
-1.007348215E+01-1.017380226E+01-1.027351180E+01-1.037240211E+01-1.047025181E+01
-1.056682715E+01-1.066188246E+01-1.075516066E+01-1.084639397E+01-1.093530561E+01
-1.102161323E+01-1.110502701E+01-1.118524387E+01-1.126194647E+01-1.133484062E+01
-1.140365609E+01-1.146813906E+01-1.152803585E+01-1.158304807E+01-1.163270650E+01
-1.167670901E+01-1.171481782E+01-1.174682670E+01-1.177254946E+01-1.179181576E+01
-1.180447000E+01-1.181037153E+01-1.180939542E+01-1.180143429E+01-1.178640266E+01
-1.176424856E+01-1.173497766E+01-1.169870027E+01-1.165573211E+01-1.160620237E+01
-1.155020709E+01-1.148785144E+01-1.141920657E+01-1.134430731E+01-1.126314992E+01
-1.117569164E+01-1.108185136E+01-1.098151057E+01-1.087451462E+01-1.076067431E+01
-1.063976787E+01-1.051154255E+01-1.037571693E+01-1.023198262E+01-1.008000635E+01
-9.919432219E+00-9.749883579E+00-9.570965293E+00-9.382266149E+00-9.183361268E+00
-8.973814775E+00-8.753182681E+00-8.521016425E+00-8.276866463E+00-8.020287031E+00
-7.750841666E+00-7.468110173E+00-7.171697617E+00-6.861246172E+00-6.536450810E+00
-6.197081085E+00-5.843011156E+00-5.474262732E+00-5.091067165E+00-4.693957447E+00
-4.283907686E+00-3.862547842E+00-3.432493966E+00-2.997828111E+00-2.564655620E+00
-2.141316730E+00-1.737513235E+00-5.163933739E+00-5.259812533E+00-5.369323181E+00
-5.492721385E+00-5.629030241E+00-5.757542070E+00-5.876667626E+00-5.987636715E+00
-6.091593806E+00-6.189606856E+00-6.282627393E+00-6.371481029E+00-6.456874666E+00
-6.539410637E+00-6.619602630E+00-6.697890341E+00-6.774652356E+00-6.850216675E+00
-6.924869335E+00-6.998861466E+00-7.072414809E+00-7.145726162E+00-7.218970930E+00
-7.292306001E+00-7.365871912E+00-7.439794898E+00-7.514188075E+00-7.589152698E+00
-7.664779109E+00-7.741147290E+00-7.818327607E+00-7.896380932E+00-7.975359153E+00
-8.055305217E+00-8.136253281E+00-8.218228641E+00-8.301247765E+00-8.385318257E+00
-8.470438541E+00-8.556597901E+00-8.643776047E+00-8.731943191E+00-8.821059581E+00
-8.911075337E+00-9.001930335E+00-9.093553816E+00-9.185864301E+00-9.278769438E+00
-9.372165686E+00-9.465938512E+00-9.559961996E+00-9.654099147E+00-9.748201587E+00
-9.842109947E+00-9.935653667E+00-1.002865155E+01-1.012091168E+01-1.021223191E+01
-1.030240041E+01-1.039119609E+01-1.047838956E+01-1.056374400E+01-1.064701634E+01
-1.072795783E+01-1.080631484E+01-1.088183141E+01-1.095425521E+01-1.102333911E+01
-1.108883842E+01-1.115050490E+01-1.120807891E+01-1.126128720E+01-1.130988133E+01
-1.135363996E+01-1.139236482E+01-1.142587705E+01-1.145401472E+01-1.147663156E+01
-1.149359726E+01-1.150479783E+01-1.151013812E+01-1.150954492E+01-1.150297258E+01
-1.149040998E+01-1.147188577E+01-1.144746255E+01-1.141718941E+01-1.138109976E+01
-1.133921196E+01-1.129152283E+01-1.123800317E+01-1.117859481E+01-1.111320905E+01
-1.104172578E+01-1.096399356E+01-1.087983004E+01-1.078902307E+01-1.069133176E+01
-1.058648834E+01-1.047420005E+01-1.035415121E+01-1.022600564E+01-1.008940936E+01
-9.943993536E+00-9.789377753E+00-9.625173421E+00-9.450987966E+00-9.266429208E+00
-9.071110207E+00-8.864655135E+00-8.646705733E+00-8.416928843E+00-8.175025543E+00
-7.920742022E+00-7.653882979E+00-7.374328167E+00-7.082053592E+00-6.777158423E+00
-6.459900329E+00-6.130741503E+00-5.790409137E+00-5.439975086E+00-5.080958546E+00
-4.715452914E+00-4.346268734E+00-3.977060679E+00-3.612371032E+00-3.257494479E+00
-2.918113376E+00-5.332992410E+00-5.433601868E+00-5.543091083E+00-5.661517342E+00
-5.787571172E+00-5.903340623E+00-6.007643048E+00-6.102703244E+00-6.190413633E+00
-6.272316144E+00-6.349632270E+00-6.423323352E+00-6.494149481E+00-6.562718349E+00
-6.629522409E+00-6.694966643E+00-6.759388783E+00-6.823074394E+00-6.886267869E+00
-6.949180782E+00-7.011997994E+00-7.074882343E+00-7.137978344E+00-7.201414873E+00
-7.265307251E+00-7.329758862E+00-7.394862608E+00-7.460701662E+00-7.527350330E+00
-7.594874568E+00-7.663332449E+00-7.732774286E+00-7.803243064E+00-7.874774320E+00
-7.947396344E+00-8.021130017E+00-8.095988774E+00-8.171978565E+00-8.249097616E+00
-8.327336353E+00-8.406677166E+00-8.487094129E+00-8.568552925E+00-8.651010689E+00
-8.734415571E+00-8.818706738E+00-8.903814257E+00-8.989658739E+00-9.076151377E+00
-9.163193870E+00-9.250678266E+00-9.338487113E+00-9.426493273E+00-9.514560304E+00
-9.602542350E+00-9.690284417E+00-9.777622719E+00-9.864384888E+00-9.950390630E+00
-1.003545201E+01-1.011937428E+01-1.020195675E+01-1.028299330E+01-1.036227360E+01
-1.043958417E+01-1.051470970E+01-1.058743475E+01-1.065754464E+01-1.072482523E+01
-1.078906220E+01-1.085004108E+01-1.090754988E+01-1.096138580E+01-1.101135891E+01
-1.105729308E+01-1.109902580E+01-1.113640798E+01-1.116930353E+01-1.119758953E+01
-1.122115665E+01-1.123990981E+01-1.125376951E+01-1.126267271E+01-1.126657320E+01
-1.126543984E+01-1.125925046E+01-1.124798126E+01-1.123160004E+01-1.121006159E+01
-1.118330334E+01-1.115124163E+01-1.111376923E+01-1.107075335E+01-1.102203436E+01
-1.096742547E+01-1.090671265E+01-1.083965537E+01-1.076598749E+01-1.068541892E+01
-1.059763749E+01-1.050231131E+01-1.039909154E+01-1.028761558E+01-1.016751080E+01
-1.003839860E+01-9.899899188E+00-9.751636727E+00-9.593245277E+00-9.424375446E+00
-9.244701640E+00-9.053930728E+00-8.851811461E+00-8.638145504E+00-8.412800278E+00
-8.175723776E+00-7.926962411E+00-7.666682013E+00-7.395193364E+00-7.112982454E+00
-6.820747357E+00-6.519441141E+00-6.210321548E+00-5.895004732E+00-5.575517864E+00
-5.254338996E+00-4.934407547E+00-4.619083561E+00-4.312038888E+00-4.017082566E+00
-5.562110979E+00-5.674176745E+00-5.785188189E+00-5.894682250E+00-6.001428176E+00
-6.095079101E+00-6.175932056E+00-6.247852419E+00-6.313538801E+00-6.374790997E+00
-6.432836294E+00-6.488539859E+00-6.542533498E+00-6.595294217E+00-6.647192999E+00
-6.698526323E+00-6.749536889E+00-6.800427327E+00-6.851370245E+00-6.902514650E+00
-6.953991033E+00-7.005915030E+00-7.058389671E+00-7.111507741E+00-7.165352884E+00
-7.220000865E+00-7.275520278E+00-7.331973255E+00-7.389415705E+00-7.447897703E+00
-7.507463692E+00-7.568152519E+00-7.629997556E+00-7.693026539E+00-7.757261651E+00
-7.822719320E+00-7.889410146E+00-7.957338659E+00-8.026503283E+00-8.096895902E+00
-8.168501938E+00-8.241299998E+00-8.315261674E+00-8.390351350E+00-8.466526002E+00
-8.543735159E+00-8.621920550E+00-8.701016024E+00-8.780947509E+00-8.861632938E+00
-8.942982126E+00-9.024896732E+00-9.107270537E+00-9.189989202E+00-9.272930631E+00
-9.355965041E+00-9.438955286E+00-9.521757162E+00-9.604219693E+00-9.686185834E+00
-9.767492667E+00-9.847972393E+00-9.927452797E+00-1.000575804E+01-1.008270961E+01
-1.015812708E+01-1.023182924E+01-1.030363452E+01-1.037336176E+01-1.044083084E+01
-1.050586343E+01-1.056828468E+01-1.062792549E+01-1.068462408E+01-1.073822719E+01
-1.078859055E+01-1.083557912E+01-1.087906716E+01-1.091893803E+01-1.095508441E+01
-1.098740808E+01-1.101581969E+01-1.104023810E+01-1.106058914E+01-1.107680306E+01
-1.108881092E+01-1.109653975E+01-1.109990815E+01-1.109882226E+01-1.109317222E+01
-1.108282929E+01-1.106764334E+01-1.104744095E+01-1.102202432E+01-1.099117051E+01
-1.095463116E+01-1.091213315E+01-1.086337925E+01-1.080804982E+01-1.074580469E+01
-1.067628559E+01-1.059911950E+01-1.051392207E+01-1.042030223E+01-1.031786674E+01
-1.020622613E+01-1.008500079E+01-9.953828212E+00-9.812370784E+00-9.660324303E+00
-9.497428025E+00-9.323474946E+00-9.138323900E+00-8.941912713E+00-8.734272631E+00
-8.515545055E+00-8.285999596E+00-8.046054477E+00-7.796299187E+00-7.537518797E+00
-7.270719443E+00-6.997153353E+00-6.718340783E+00-6.436084169E+00-6.152469307E+00
-5.869845729E+00-5.590781635E+00-5.317989857E+00-5.054229838E+00-5.871444471E+00
-6.012476387E+00-6.128738565E+00-6.217946440E+00-6.283897191E+00-6.334685190E+00
-6.377869140E+00-6.417315995E+00-6.454749708E+00-6.491057785E+00-6.526765063E+00
-6.562214749E+00-6.597648872E+00-6.633248590E+00-6.669156371E+00-6.705488638E+00
-6.742344049E+00-6.779808257E+00-6.817957538E+00-6.856860762E+00-6.896581206E+00
-6.937177297E+00-6.978703603E+00-7.021211266E+00-7.064748115E+00-7.109359105E+00
-7.155086314E+00-7.201968866E+00-7.250043087E+00-7.299342308E+00-7.349896710E+00
-7.401733320E+00-7.454875738E+00-7.509343941E+00-7.565154199E+00-7.622318765E+00
-7.680845639E+00-7.740738523E+00-7.801996275E+00-7.864612985E+00-7.928577542E+00
-7.993873517E+00-8.060478965E+00-8.128366030E+00-8.197500986E+00-8.267843884E+00
-8.339348546E+00-8.411962256E+00-8.485625720E+00-8.560273021E+00-8.635831588E+00
-8.712222108E+00-8.789358455E+00-8.867148041E+00-8.945491620E+00-9.024283602E+00
-9.103412328E+00-9.182760075E+00-9.262203720E+00-9.341614781E+00-9.420860129E+00
-9.499802340E+00-9.578300206E+00-9.656209488E+00-9.733383461E+00-9.809673592E+00
-9.884930084E+00-9.959002788E+00-1.003174159E+01-1.010299721E+01-1.017262206E+01
-1.024047094E+01-1.030640235E+01-1.037027924E+01-1.043196968E+01-1.049134714E+01
-1.054829084E+01-1.060268556E+01-1.065442150E+01-1.070339395E+01-1.074950250E+01
-1.079265048E+01-1.083274360E+01-1.086968845E+01-1.090339007E+01-1.093374946E+01
-1.096066027E+01-1.098400572E+01-1.100365545E+01-1.101946270E+01-1.103126170E+01
-1.103886544E+01-1.104206406E+01-1.104062347E+01-1.103428453E+01-1.102276286E+01
-1.100574889E+01-1.098290893E+01-1.095388628E+01-1.091830350E+01-1.087576491E+01
-1.082586001E+01-1.076816753E+01-1.070226035E+01-1.062771108E+01-1.054409840E+01
-1.045101447E+01-1.034807290E+01-1.023491774E+01-1.011123307E+01-9.976753752E+00
-9.831276658E+00-9.674672830E+00-9.506900425E+00-9.328018346E+00-9.138200501E+00
-8.937750619E+00-8.727117535E+00-8.506910204E+00-8.277912236E+00-8.041094548E+00
-7.797625444E+00-7.548875386E+00-7.296414473E+00-7.042000423E+00-6.787553868E+00
-6.535120101E+00-6.286817737E+00-6.044775948E+00-6.256797500E+00-6.454770077E+00
-6.581215023E+00-6.637456466E+00-6.614108330E+00-6.597245975E+00-6.592828495E+00
-6.594920712E+00-6.601346686E+00-6.610988424E+00-6.623194066E+00-6.637553664E+00
-6.653796269E+00-6.671736901E+00-6.691247002E+00-6.712236346E+00-6.734642092E+00
-6.758421256E+00-6.783545864E+00-6.809999131E+00-6.837773100E+00-6.866866628E+00
-6.897283812E+00-6.929032808E+00-6.962125002E+00-6.996573987E+00-7.032395050E+00
-7.069604502E+00-7.108219049E+00-7.148255592E+00-7.189730443E+00-7.232659205E+00
-7.277056257E+00-7.322934404E+00-7.370304561E+00-7.419175434E+00-7.469553209E+00
-7.521441196E+00-7.574839591E+00-7.629745204E+00-7.686151060E+00-7.744046442E+00
-7.803416223E+00-7.864241017E+00-7.926496751E+00-7.990154546E+00-8.055180558E+00
-8.121535702E+00-8.189175695E+00-8.258050892E+00-8.328106057E+00-8.399280671E+00
-8.471508585E+00-8.544718209E+00-8.618832597E+00-8.693769522E+00-8.769441597E+00
-8.845756628E+00-8.922617654E+00-8.999923378E+00-9.077568488E+00-9.155443965E+00
-9.233437639E+00-9.311434505E+00-9.389317270E+00-9.466966950E+00-9.544263101E+00
-9.621084648E+00-9.697310204E+00-9.772818733E+00-9.847489989E+00-9.921205145E+00
-9.993847262E+00-1.006530185E+01-1.013545709E+01-1.020420396E+01-1.027143617E+01
-1.033705010E+01-1.040094417E+01-1.046301839E+01-1.052317336E+01-1.058130943E+01
-1.063732504E+01-1.069111530E+01-1.074256982E+01-1.079157031E+01-1.083798843E+01
-1.088168267E+01-1.092249613E+01-1.096025374E+01-1.099476010E+01-1.102579719E+01
-1.105312279E+01-1.107646900E+01-1.109554110E+01-1.111001732E+01-1.111954854E+01
-1.112375917E+01-1.112224821E+01-1.111459113E+01-1.110034268E+01-1.107904043E+01
-1.105020902E+01-1.101336551E+01-1.096802560E+01-1.091371097E+01-1.084995728E+01
-1.077632336E+01-1.069240121E+01-1.059782681E+01-1.049229158E+01-1.037555456E+01
-1.024745493E+01-1.010792467E+01-9.957001583E+00-9.794841558E+00-9.621730993E+00
-9.438097722E+00-9.244520719E+00-9.041738127E+00-8.830651912E+00-8.612329322E+00
-8.387999374E+00-8.159043328E+00-7.926978564E+00-7.693434557E+00-7.460121469E+00
-7.228791580E+00-7.001195398E+00-6.532336231E+00-6.750087099E+00-6.880871909E+00
-6.920737972E+00-6.880054375E+00-6.827193582E+00-6.787583181E+00-6.758556986E+00
-6.737518708E+00-6.722682301E+00-6.712819809E+00-6.707069217E+00-6.704811011E+00
-6.705589894E+00-6.709065142E+00-6.714977823E+00-6.723129009E+00-6.733364730E+00
-6.745565211E+00-6.759637431E+00-6.775509211E+00-6.793125194E+00-6.812443341E+00
-6.833432528E+00-6.856070414E+00-6.880341871E+00-6.906237443E+00-6.933752519E+00
-6.962885959E+00-6.993639691E+00-7.026017616E+00-7.060025172E+00-7.095668781E+00
-7.132955141E+00-7.171890988E+00-7.212482469E+00-7.254734904E+00-7.298652231E+00
-7.344236854E+00-7.391489089E+00-7.440407044E+00-7.490986267E+00-7.543219391E+00
-7.597095975E+00-7.652602228E+00-7.709720856E+00-7.768430660E+00-7.828706702E+00
-7.890519786E+00-7.953836620E+00-8.018619577E+00-8.084826581E+00-8.152411335E+00
-8.221322898E+00-8.291506110E+00-8.362901440E+00-8.435445059E+00-8.509069202E+00
-8.583702123E+00-8.659268293E+00-8.735688954E+00-8.812881957E+00-8.890762438E+00
-8.969243047E+00-9.048234113E+00-9.127644386E+00-9.207381003E+00-9.287350233E+00
-9.367457558E+00-9.447608222E+00-9.527707509E+00-9.607661058E+00-9.687375217E+00
-9.766756966E+00-9.845714266E+00-9.924155831E+00-1.000199088E+01-1.007912881E+01
-1.015547859E+01-1.023094796E+01-1.030544247E+01-1.037886426E+01-1.045111057E+01
-1.052207203E+01-1.059163085E+01-1.065965845E+01-1.072601332E+01-1.079053845E+01
-1.085305890E+01-1.091337939E+01-1.097128182E+01-1.102652312E+01-1.107883327E+01
-1.112791355E+01-1.117343521E+01-1.121503854E+01-1.125233251E+01-1.128489482E+01
-1.131227290E+01-1.133398558E+01-1.134952534E+01-1.135836219E+01-1.135994781E+01
-1.135372148E+01-1.133911670E+01-1.131556932E+01-1.128252681E+01-1.123945834E+01
-1.118586641E+01-1.112129897E+01-1.104536229E+01-1.095773452E+01-1.085817919E+01
-1.074655844E+01-1.062284602E+01-1.048713930E+01-1.033966952E+01-1.018081087E+01
-1.001108694E+01-9.831174259E+00-9.641902921E+00-9.444252944E+00-9.239346380E+00
-9.028434901E+00-8.812881800E+00-8.594139607E+00-8.373722515E+00-8.153175208E+00
-7.934038668E+00-6.748286752E+00-6.976928314E+00-7.108825994E+00-7.140817058E+00
-7.079348521E+00-7.005920073E+00-6.944683597E+00-6.893805846E+00-6.851599981E+00
-6.816655275E+00-6.787838054E+00-6.764252656E+00-6.745194307E+00-6.730107242E+00
-6.718550781E+00-6.710173403E+00-6.704693208E+00-6.701882822E+00-6.701558409E+00
-6.703571000E+00-6.707799876E+00-6.714147405E+00-6.722534909E+00-6.732899425E+00
-6.745191195E+00-6.759371290E+00-6.775409925E+00-6.793284918E+00-6.812980549E+00
-6.834486299E+00-6.857796061E+00-6.882907233E+00-6.909820053E+00-6.938536925E+00
-6.969061826E+00-7.001399880E+00-7.035556719E+00-7.071538255E+00-7.109350082E+00
-7.148997243E+00-7.190483796E+00-7.233812499E+00-7.278984494E+00-7.325999191E+00
-7.374853674E+00-7.425542742E+00-7.478058674E+00-7.532390791E+00-7.588525502E+00
-7.646446140E+00-7.706132650E+00-7.767561789E+00-7.830706685E+00-7.895537079E+00
-7.962019207E+00-8.030115797E+00-8.099786032E+00-8.170985901E+00-8.243667970E+00
-8.317781766E+00-8.393273787E+00-8.470087849E+00-8.548165089E+00-8.627444439E+00
-8.707862781E+00-8.789355027E+00-8.871854791E+00-8.955294186E+00-9.039604422E+00
-9.124715842E+00-9.210558235E+00-9.297060841E+00-9.384152623E+00-9.471761993E+00
-9.559817007E+00-9.648245014E+00-9.736972100E+00-9.825922934E+00-9.915019703E+00
-1.000418140E+01-1.009332281E+01-1.018235292E+01-1.027117369E+01-1.035967817E+01
-1.044774855E+01-1.053525399E+01-1.062204819E+01-1.070796713E+01-1.079282628E+01
-1.087641803E+01-1.095850915E+01-1.103883805E+01-1.111711256E+01-1.119300748E+01
-1.126616274E+01-1.133618181E+01-1.140263049E+01-1.146503645E+01-1.152288944E+01
-1.157564220E+01-1.162271261E+01-1.166348674E+01-1.169732331E+01-1.172355960E+01
-1.174151864E+01-1.175051825E+01-1.174988132E+01-1.173894768E+01-1.171708761E+01
-1.168371600E+01-1.163830769E+01-1.158041313E+01-1.150967415E+01-1.142583931E+01
-1.132877783E+01-1.121849279E+01-1.109513142E+01-1.095899328E+01-1.081053540E+01
-1.065037363E+01-1.047928034E+01-1.029817812E+01-1.010812892E+01-9.910319297E+00
-9.706040993E+00-9.496668565E+00-9.283633075E+00-9.068393985E+00-8.852409581E+00
-6.913542768E+00-7.148674366E+00-7.280166195E+00-7.307139296E+00-7.224315198E+00
-7.137886150E+00-7.062587737E+00-6.996448540E+00-6.938470734E+00-6.887715790E+00
-6.843338122E+00-6.804600926E+00-6.770875192E+00-6.741630056E+00-6.716420268E+00
-6.694873621E+00-6.676679219E+00-6.661577576E+00-6.649352313E+00-6.639822980E+00
-6.632839468E+00-6.628277117E+00-6.626032780E+00-6.626021748E+00-6.628174758E+00
-6.632435902E+00-6.638760659E+00-6.647114279E+00-6.657470246E+00-6.669809334E+00
-6.684118422E+00-6.700389512E+00-6.718619059E+00-6.738807260E+00-6.760957345E+00
-6.785074987E+00-6.811167909E+00-6.839245292E+00-6.869317378E+00-6.901395042E+00
-6.935489434E+00-6.971611665E+00-7.009772372E+00-7.049981523E+00-7.092248062E+00
-7.136579633E+00-7.182982420E+00-7.231460798E+00-7.282017210E+00-7.334651930E+00
-7.389362910E+00-7.446145698E+00-7.504993203E+00-7.565895731E+00-7.628840794E+00
-7.693813144E+00-7.760794736E+00-7.829764768E+00-7.900699717E+00-7.973573384E+00
-8.048356928E+00-8.125019184E+00-8.203526585E+00-8.283843395E+00-8.365931949E+00
-8.449752729E+00-8.535264563E+00-8.622424781E+00-8.711189415E+00-8.801513272E+00
-8.893350139E+00-8.986652578E+00-9.081372207E+00-9.177459343E+00-9.274862926E+00
-9.373530160E+00-9.473406083E+00-9.574432897E+00-9.676549218E+00-9.779689169E+00
-9.883781164E+00-9.988746442E+00-1.009449777E+01-1.020093729E+01-1.030795460E+01
-1.041542464E+01-1.052320496E+01-1.063113314E+01-1.073902404E+01-1.084666662E+01
-1.095382107E+01-1.106021548E+01-1.116554292E+01-1.126945809E+01-1.137157480E+01
-1.147146302E+01-1.156864691E+01-1.166260290E+01-1.175275888E+01-1.183849411E+01
-1.191914014E+01-1.199398325E+01-1.206226837E+01-1.212320466E+01-1.217597334E+01
-1.221973729E+01-1.225365288E+01-1.227688408E+01-1.228861843E+01-1.228808449E+01
-1.227457095E+01-1.224744609E+01-1.220617737E+01-1.215035073E+01-1.207968775E+01
-1.199406154E+01-1.189350886E+01-1.177823938E+01-1.164864061E+01-1.150527846E+01
-1.134889302E+01-1.118038988E+01-1.100082631E+01-1.081139360E+01-1.061339513E+01
-1.040822121E+01-1.019732186E+01-9.982177764E+00-9.764270993E+00-7.008557457E+00
-7.240134813E+00-7.370085935E+00-7.393601715E+00-7.322482850E+00-7.229710764E+00
-7.144474724E+00-7.067165769E+00-6.997219149E+00-6.934033436E+00-6.877018823E+00
-6.825620805E+00-6.779333457E+00-6.737704436E+00-6.700335023E+00-6.666877441E+00
-6.637030521E+00-6.610534781E+00-6.587167891E+00-6.566740025E+00-6.549089686E+00
-6.534080237E+00-6.521596633E+00-6.511542622E+00-6.503838262E+00-6.498418071E+00
-6.495228980E+00-6.494228910E+00-6.495385316E+00-6.498674166E+00-6.504078715E+00
-6.511588719E+00-6.521199568E+00-6.532911578E+00-6.546729357E+00-6.562661221E+00
-6.580718593E+00-6.600915619E+00-6.623268649E+00-6.647795807E+00-6.674516595E+00
-6.703451581E+00-6.734622078E+00-6.768049559E+00-6.803755813E+00-6.841762114E+00
-6.882089424E+00-6.924757756E+00-6.969786299E+00-7.017192782E+00-7.066993595E+00
-7.119203552E+00-7.173835497E+00-7.230900502E+00-7.290407510E+00-7.352363298E+00
-7.416772357E+00-7.483637091E+00-7.552957460E+00-7.624731140E+00-7.698953640E+00
-7.775618181E+00-7.854715901E+00-7.936235884E+00-8.020165248E+00-8.106489297E+00
-8.195191562E+00-8.286254076E+00-8.379657259E+00-8.475379992E+00-8.573399896E+00
-8.673693018E+00-8.776233983E+00-8.880995686E+00-8.987949088E+00-9.097062986E+00
-9.208303260E+00-9.321632520E+00-9.437009082E+00-9.554386179E+00-9.673710582E+00
-9.794921381E+00-9.917948208E+00-1.004270935E+01-1.016910977E+01-1.029703849E+01
-1.042636601E+01-1.055694125E+01-1.068858855E+01-1.082110389E+01-1.095425143E+01
-1.108775948E+01-1.122131641E+01-1.135456667E+01-1.148710636E+01-1.161847928E+01
-1.174817320E+01-1.187561625E+01-1.200017417E+01-1.212114850E+01-1.223777567E+01
-1.234922787E+01-1.245461567E+01-1.255299292E+01-1.264336433E+01-1.272469567E+01
-1.279592734E+01-1.285599110E+01-1.290382955E+01-1.293841872E+01-1.295879233E+01
-1.296406781E+01-1.295347241E+01-1.292636870E+01-1.288227806E+01-1.282090152E+01
-1.274213605E+01-1.264608666E+01-1.253307248E+01-1.240362720E+01-1.225849343E+01
-1.209861088E+01-1.192509872E+01-1.173923328E+01-1.154242078E+01-1.133616696E+01
-1.112204499E+01-1.090166178E+01-1.067662557E+01-7.086171047E+00-7.318725819E+00
-7.446894520E+00-7.466801962E+00-7.386722492E+00-7.286869539E+00-7.194005613E+00
-7.108081861E+00-7.028749992E+00-6.955616054E+00-6.888268088E+00-6.826296580E+00
-6.769308246E+00-6.716935728E+00-6.668842122E+00-6.624723544E+00-6.584308768E+00
-6.547358169E+00-6.513661551E+00-6.483035985E+00-6.455323085E+00-6.430386766E+00
-6.408110880E+00-6.388397164E+00-6.371163156E+00-6.356340736E+00-6.343874507E+00
-6.333720264E+00-6.325844084E+00-6.320221145E+00-6.316834664E+00-6.315675224E+00
-6.316739988E+00-6.320031871E+00-6.325559188E+00-6.333334861E+00-6.343375910E+00
-6.355703138E+00-6.370340580E+00-6.387315064E+00-6.406655827E+00-6.428394269E+00
-6.452563288E+00-6.479197358E+00-6.508331822E+00-6.540002768E+00-6.574246759E+00
-6.611100357E+00-6.650600125E+00-6.692782074E+00-6.737681664E+00-6.785333367E+00
-6.835770596E+00-6.889025459E+00-6.945128651E+00-7.004109167E+00-7.065994312E+00
-7.130809420E+00-7.198578051E+00-7.269321677E+00-7.343059763E+00-7.419809762E+00
-7.499587157E+00-7.582405345E+00-7.668275909E+00-7.757208540E+00-7.849211199E+00
-7.944290031E+00-8.042449645E+00-8.143692957E+00-8.248021466E+00-8.355434854E+00
-8.465931349E+00-8.579507209E+00-8.696156721E+00-8.815871807E+00-8.938641514E+00
-9.064451541E+00-9.193283371E+00-9.325113245E+00-9.459911298E+00-9.597639905E+00
-9.738252141E+00-9.881689814E+00-1.002788133E+01-1.017673908E+01-1.032815651E+01
-1.048200492E+01-1.063812985E+01-1.079634688E+01-1.095643738E+01-1.111814352E+01
-1.128116316E+01-1.144514426E+01-1.160967899E+01-1.177429784E+01-1.193846345E+01
-1.210156476E+01-1.226291146E+01-1.242172917E+01-1.257715587E+01-1.272823971E+01
-1.287393902E+01-1.301312540E+01-1.314458980E+01-1.326705298E+01-1.337918017E+01
-1.347960103E+01-1.356693413E+01-1.363981619E+01-1.369693497E+01-1.373706497E+01
-1.375910411E+01-1.376210972E+01-1.374533215E+01-1.370824413E+01-1.365056442E+01
-1.357227454E+01-1.347362791E+01-1.335515035E+01-1.321763273E+01-1.306211494E+01
-1.288986245E+01-1.270233595E+01-1.250115533E+01-1.228805963E+01-1.206486521E+01
-1.183342292E+01-1.159557785E+01-7.143464725E+00-7.378913409E+00-7.504668593E+00
-7.520921244E+00-7.419831707E+00-7.313320285E+00-7.214284550E+00-7.121436857E+00
-7.034527848E+00-6.953277828E+00-6.877382990E+00-6.806530779E+00-6.740412266E+00
-6.678730775E+00-6.621207912E+00-6.567586754E+00-6.517633584E+00-6.471138090E+00
-6.427912849E+00-6.387792307E+00-6.350631355E+00-6.316303799E+00-6.284701013E+00
-6.255730293E+00-6.229313667E+00-6.205386441E+00-6.183896135E+00-6.164801421E+00
-6.148071093E+00-6.133683285E+00-6.121624602E+00-6.111889409E+00-6.104479282E+00
-6.099402299E+00-6.096672563E+00-6.096309578E+00-6.098337968E+00-6.102786849E+00
-6.109689554E+00-6.119083116E+00-6.131007960E+00-6.145507504E+00-6.162627805E+00
-6.182417167E+00-6.204925903E+00-6.230205941E+00-6.258310391E+00-6.289293465E+00
-6.323209931E+00-6.360115024E+00-6.400063904E+00-6.443111651E+00-6.489312793E+00
-6.538721111E+00-6.591389478E+00-6.647369586E+00-6.706711708E+00-6.769464661E+00
-6.835675525E+00-6.905389650E+00-6.978650493E+00-7.055499620E+00-7.135976588E+00
-7.220119063E+00-7.307962700E+00-7.399541344E+00-7.494886948E+00-7.594029730E+00
-7.696998177E+00-7.803819120E+00-7.914517930E+00-8.029118288E+00-8.147642335E+00
-8.270110560E+00-8.396541677E+00-8.526952312E+00-8.661356688E+00-8.799766153E+00
-8.942188468E+00-9.088627180E+00-9.239080238E+00-9.393539015E+00-9.551986530E+00
-9.714395755E+00-9.880727212E+00-1.005092653E+01-1.022492121E+01-1.040261730E+01
-1.058389532E+01-1.076860549E+01-1.095656283E+01-1.114754106E+01-1.134126628E+01
-1.153740975E+01-1.173558003E+01-1.193531470E+01-1.213607123E+01-1.233721781E+01
-1.253802409E+01-1.273765203E+01-1.293514744E+01-1.312943336E+01-1.331930518E+01
-1.350342928E+01-1.368034589E+01-1.384847746E+01-1.400614373E+01-1.415158450E+01
-1.428299032E+01-1.439854134E+01-1.449645290E+01-1.457502668E+01-1.463270423E+01
-1.466812027E+01-1.468015240E+01-1.466796464E+01-1.463104225E+01-1.456921613E+01
-1.448267613E+01-1.437197279E+01-1.423800677E+01-1.408200717E+01-1.390549857E+01
-1.371025861E+01-1.349826712E+01-1.327164985E+01-1.303261934E+01-1.278341663E+01
-1.252625641E+01-7.141334055E+00-7.369397039E+00-7.492506368E+00-7.505921646E+00
-7.420932718E+00-7.311832649E+00-7.207703935E+00-7.109175268E+00-7.016057454E+00
-6.928117288E+00-6.845102971E+00-6.766756910E+00-6.692825098E+00-6.623063734E+00
-6.557243315E+00-6.495150930E+00-6.436591474E+00-6.381388042E+00-6.329381543E+00
-6.280430138E+00-6.234408577E+00-6.191207173E+00-6.150730935E+00-6.112898660E+00
-6.077641912E+00-6.044904468E+00-6.014641138E+00-5.986817290E+00-5.961408141E+00
-5.938397971E+00-5.917779610E+00-5.899553964E+00-5.883729424E+00-5.870321357E+00
-5.859351747E+00-5.850848646E+00-5.844845938E+00-5.841382786E+00-5.840503356E+00
-5.842256385E+00-5.846694865E+00-5.853875688E+00-5.863859254E+00-5.876709152E+00
-5.892491811E+00-5.911276099E+00-5.933133053E+00-5.958135445E+00-5.986357501E+00
-6.017874553E+00-6.052762643E+00-6.091098204E+00-6.132957788E+00-6.178417674E+00
-6.227553625E+00-6.280440657E+00-6.337152606E+00-6.397762083E+00-6.462340165E+00
-6.530956352E+00-6.603678174E+00-6.680571349E+00-6.761699547E+00-6.847124466E+00
-6.936905757E+00-7.031101101E+00-7.129766168E+00-7.232954935E+00-7.340719489E+00
-7.453110456E+00-7.570176851E+00-7.691966385E+00-7.818525431E+00-7.949899140E+00
-8.086131365E+00-8.227264695E+00-8.373340185E+00-8.524396997E+00-8.680472206E+00
-8.841599853E+00-9.007810354E+00-9.179129319E+00-9.355576211E+00-9.537162652E+00
-9.723890219E+00-9.915748116E+00-1.011270995E+01-1.031473024E+01-1.052173998E+01
-1.073364187E+01-1.095030434E+01-1.117155472E+01-1.139717177E+01-1.162687655E+01
-1.186032273E+01-1.209708518E+01-1.233664778E+01-1.257838978E+01-1.282157162E+01
-1.306531955E+01-1.330861073E+01-1.355025857E+01-1.378889969E+01-1.402298449E+01
-1.425077200E+01-1.447033247E+01-1.467955904E+01-1.487619161E+01-1.505785406E+01
-1.522210602E+01-1.536650819E+01-1.548869798E+01-1.558647148E+01-1.565786527E+01
-1.570123314E+01-1.571531123E+01-1.569926991E+01-1.565274897E+01-1.557587644E+01
-1.546927101E+01-1.533402790E+01-1.517168881E+01-1.498419568E+01-1.477382984E+01
-1.454313758E+01-1.429484657E+01-1.403177749E+01-1.375675808E+01-1.347254412E+01
-7.132187683E+00-7.358166212E+00-7.478275960E+00-7.488316970E+00-7.397657904E+00
-7.284338375E+00-7.176003518E+00-7.072875820E+00-6.974729443E+00-6.881318735E+00
-6.792399066E+00-6.707735970E+00-6.627109679E+00-6.550316775E+00-6.477170268E+00
-6.407499207E+00-6.341147766E+00-6.277974857E+00-6.217853103E+00-6.160668600E+00
-6.106320132E+00-6.054718814E+00-6.005787424E+00-5.959460204E+00-5.915682153E+00
-5.874408789E+00-5.835605560E+00-5.799247564E+00-5.765318964E+00-5.733812865E+00
-5.704730723E+00-5.678082035E+00-5.653884019E+00-5.632161297E+00-5.612945470E+00
-5.596274832E+00-5.582194101E+00-5.570754025E+00-5.562011062E+00-5.556027109E+00
-5.552869182E+00-5.552608911E+00-5.555322453E+00-5.561089987E+00-5.569995354E+00
-5.582125783E+00-5.597571342E+00-5.616424815E+00-5.638781076E+00-5.664736731E+00
-5.694389885E+00-5.727839549E+00-5.765185322E+00-5.806527043E+00-5.851964353E+00
-5.901596340E+00-5.955521306E+00-6.013836330E+00-6.076637074E+00-6.144017425E+00
-6.216069461E+00-6.292883247E+00-6.374546643E+00-6.461145226E+00-6.552762481E+00
-6.649479651E+00-6.751375809E+00-6.858528177E+00-6.971012087E+00-7.088901295E+00
-7.212268256E+00-7.341184202E+00-7.475719542E+00-7.615944050E+00-7.761927031E+00
-7.913737589E+00-8.071444478E+00-8.235116369E+00-8.404821502E+00-8.580627487E+00
-8.762600750E+00-8.950805906E+00-9.145304614E+00-9.346154281E+00-9.553406242E+00
-9.767103640E+00-9.987278466E+00-1.021394829E+01-1.044711178E+01-1.068674384E+01
-1.093278922E+01-1.118515541E+01-1.144370378E+01-1.170823938E+01-1.197849885E+01
-1.225413667E+01-1.253470912E+01-1.281965580E+01-1.310827932E+01-1.339972250E+01
-1.369294368E+01-1.398669084E+01-1.427947555E+01-1.456954854E+01-1.485487924E+01
-1.513314360E+01-1.540172380E+01-1.565772631E+01-1.589802264E+01-1.611931719E+01
-1.631824216E+01-1.649147601E+01-1.663587514E+01-1.674860719E+01-1.682727223E+01
-1.687000293E+01-1.687553801E+01-1.684326953E+01-1.677326574E+01-1.666627274E+01
-1.652369610E+01-1.634756192E+01-1.614045523E+01-1.590543383E+01-1.564591777E+01
-1.536555926E+01-1.506810183E+01-1.475724328E+01-1.443651447E+01-7.113145685E+00
-7.341659239E+00-7.457476166E+00-7.463671418E+00-7.349795651E+00-7.231867241E+00
-7.120390059E+00-7.013846842E+00-6.911875826E+00-6.814164732E+00-6.720447538E+00
-6.630501282E+00-6.544138071E+00-6.461196839E+00-6.381536853E+00-6.305032942E+00
-6.231572385E+00-6.161053137E+00-6.093382767E+00-6.028477948E+00-5.966264213E+00
-5.906675846E+00-5.849655953E+00-5.795156310E+00-5.743137636E+00-5.693569239E+00
-5.646429174E+00-5.601704163E+00-5.559389359E+00-5.519488271E+00-5.482012598E+00
-5.446982159E+00-5.414424573E+00-5.384375063E+00-5.356876376E+00-5.331978471E+00
-5.309738202E+00-5.290219315E+00-5.273491903E+00-5.259632360E+00-5.248722992E+00
-5.240851618E+00-5.236111498E+00-5.234600735E+00-5.236422042E+00-5.241682272E+00
-5.250492214E+00-5.262965850E+00-5.279220156E+00-5.299374631E+00-5.323550742E+00
-5.351871493E+00-5.384460874E+00-5.421443584E+00-5.462944360E+00-5.509087625E+00
-5.559997053E+00-5.615795097E+00-5.676602792E+00-5.742539241E+00-5.813721459E+00
-5.890264060E+00-5.972279292E+00-6.059876645E+00-6.153163206E+00-6.252243344E+00
-6.357219102E+00-6.468190161E+00-6.585254350E+00-6.708507801E+00-6.838045310E+00
-6.973960843E+00-7.116347935E+00-7.265300238E+00-7.420911955E+00-7.583278235E+00
-7.752495763E+00-7.928662960E+00-8.111880371E+00-8.302250790E+00-8.499879216E+00
-8.704872656E+00-8.917339616E+00-9.137389429E+00-9.365130798E+00-9.600670375E+00
-9.844110521E+00-1.009554607E+01-1.035506102E+01-1.062272337E+01-1.089857942E+01
-1.118264643E+01-1.147490336E+01-1.177528007E+01-1.208364398E+01-1.239978381E+01
-1.272339061E+01-1.305403475E+01-1.339113902E+01-1.373394731E+01-1.408148859E+01
-1.443253570E+01-1.478556044E+01-1.513868530E+01-1.548963501E+01-1.583569299E+01
-1.617366952E+01-1.649989373E+01-1.681024250E+01-1.710022054E+01-1.736510064E+01
-1.760011955E+01-1.780071017E+01-1.796273592E+01-1.808269386E+01-1.815786478E+01
-1.818640617E+01-1.816739880E+01-1.810086096E+01-1.798774339E+01-1.782990885E+01
-1.763009365E+01-1.739184014E+01-1.711938719E+01-1.681750831E+01-1.649129867E+01
-1.614593069E+01-1.578641158E+01-1.541738019E+01-7.033091234E+00-7.249960427E+00
-7.362568090E+00-7.366564590E+00-7.272242420E+00-7.154702290E+00-7.041799368E+00
-6.933433189E+00-6.829043848E+00-6.728236922E+00-6.630750364E+00-6.536409165E+00
-6.445090358E+00-6.356700569E+00-6.271162653E+00-6.188408449E+00-6.108375196E+00
-6.031003989E+00-5.956239554E+00-5.884030552E+00-5.814329941E+00-5.747095918E+00
-5.682292236E+00-5.619888952E+00-5.559862938E+00-5.502198119E+00-5.446885946E+00
-5.393925513E+00-5.343323871E+00-5.295095954E+00-5.249264731E+00-5.205861209E+00
-5.164924472E+00-5.126501564E+00-5.090647287E+00-5.057424327E+00-5.026903011E+00
-4.999160995E+00-4.974283341E+00-4.952362048E+00-4.933496046E+00-4.917790728E+00
-4.905357634E+00-4.896314331E+00-4.890783862E+00-4.888894275E+00-4.890778504E+00
-4.896573499E+00-4.906419995E+00-4.920461956E+00-4.938845987E+00-4.961720663E+00
-4.989236213E+00-5.021543692E+00-5.058794553E+00-5.101139970E+00-5.148730407E+00
-5.201714953E+00-5.260240960E+00-5.324453693E+00-5.394495738E+00-5.470506843E+00
-5.552623725E+00-5.640979907E+00-5.735705682E+00-5.836928152E+00-5.944771386E+00
-6.059356772E+00-6.180803296E+00-6.309228014E+00-6.444746600E+00-6.587474062E+00
-6.737525406E+00-6.895016348E+00-7.060064335E+00-7.232789143E+00-7.413313894E+00
-7.601765925E+00-7.798277540E+00-8.002986715E+00-8.216037729E+00-8.437581758E+00
-8.667776910E+00-8.906788426E+00-9.154788204E+00-9.411954132E+00-9.678468826E+00
-9.954517580E+00-1.024028577E+01-1.053595494E+01-1.084169802E+01-1.115767284E+01
-1.148401372E+01-1.182082096E+01-1.216814743E+01-1.252598188E+01-1.289422820E+01
-1.327267943E+01-1.366098606E+01-1.405861723E+01-1.446481311E+01-1.487852779E+01
-1.529836081E+01-1.572247669E+01-1.614851248E+01-1.657347674E+01-1.699364706E+01
-1.740448414E+01-1.780059240E+01-1.817577208E+01-1.852321089E+01-1.883583591E+01
-1.910678278E+01-1.932987295E+01-1.949998212E+01-1.961324440E+01-1.966711378E+01
-1.966034464E+01-1.959294947E+01-1.946616809E+01-1.928245930E+01-1.904550359E+01
-1.876018617E+01-1.843251155E+01-1.806939375E+01-1.767829072E+01-1.726671562E+01
-1.684173387E+01-1.640957697E+01-6.943281379E+00-7.152164980E+00-7.259703382E+00
-7.262094875E+00-7.168544970E+00-7.053021291E+00-6.941737205E+00-6.833829869E+00
-6.728608653E+00-6.625804659E+00-6.525342633E+00-6.427221117E+00-6.331458985E+00
-6.238074320E+00-6.147076893E+00-6.058466902E+00-5.972235874E+00-5.888368958E+00
-5.806847083E+00-5.727648935E+00-5.650753160E+00-5.576139781E+00-5.503791700E+00
-5.433695914E+00-5.365844545E+00-5.300235425E+00-5.236872927E+00-5.175768517E+00
-5.116940988E+00-5.060416974E+00-5.006230949E+00-4.954425661E+00-4.905052172E+00
-4.858169817E+00-4.813846363E+00-4.772157889E+00-4.733188946E+00-4.697032241E+00
-4.663788597E+00-4.633566912E+00-4.606483729E+00-4.582663236E+00-4.562236828E+00
-4.545342875E+00-4.532126209E+00-4.522737926E+00-4.517334638E+00-4.516078236E+00
-4.519135104E+00-4.526675642E+00-4.538873562E+00-4.555905176E+00-4.577948843E+00
-4.605184146E+00-4.637791099E+00-4.675949600E+00-4.719838559E+00-4.769635393E+00
-4.825515269E+00-4.887650639E+00-4.956210682E+00-5.031360915E+00-5.113262913E+00
-5.202074116E+00-5.297947827E+00-5.401033093E+00-5.511475099E+00-5.629415408E+00
-5.754992468E+00-5.888342245E+00-6.029599053E+00-6.178896256E+00-6.336367498E+00
-6.502147799E+00-6.676374702E+00-6.859189572E+00-7.050739131E+00-7.251176760E+00
-7.460663957E+00-7.679371793E+00-7.907482332E+00-8.145189892E+00-8.392702341E+00
-8.650242050E+00-8.918046714E+00-9.196370024E+00-9.485481472E+00-9.785666268E+00
-1.009722400E+01-1.042046688E+01-1.075571659E+01-1.110329999E+01-1.146354295E+01
-1.183676172E+01-1.222325189E+01-1.262327329E+01-1.303703064E+01-1.346464816E+01
-1.390613692E+01-1.436135304E+01-1.482994390E+01-1.531127946E+01-1.580436442E+01
-1.630772600E+01-1.681927044E+01-1.733610131E+01-1.785429299E+01-1.836862351E+01
-1.887229815E+01-1.935676244E+01-1.981180923E+01-2.022622474E+01-2.058897975E+01
-2.089049144E+01-2.112336700E+01-2.128250345E+01-2.136483064E+01-2.136899872E+01
-2.129515883E+01-2.114487775E+01-2.092118217E+01-2.062871119E+01-2.027393294E+01
-1.986531975E+01-1.941327224E+01-1.892951429E+01-1.842588598E+01-1.791297206E+01
-1.739923415E+01-6.837169465E+00-7.035299797E+00-7.133846391E+00-7.138912697E+00
-7.035673814E+00-6.929857631E+00-6.825165113E+00-6.719872782E+00-6.614661968E+00
-6.510171056E+00-6.406859245E+00-6.305043304E+00-6.204939496E+00-6.106693991E+00
-6.010403870E+00-5.916131462E+00-5.823914550E+00-5.733773978E+00-5.645719121E+00
-5.559752226E+00-5.475871638E+00-5.394074678E+00-5.314359534E+00-5.236726992E+00
-5.161181901E+00-5.087734187E+00-5.016399691E+00-4.947201104E+00-4.880168372E+00
-4.815339120E+00-4.752759288E+00-4.692483207E+00-4.634573877E+00-4.579103280E+00
-4.526152381E+00-4.475811286E+00-4.428179164E+00-4.383364480E+00-4.341484723E+00
-4.302666404E+00-4.267045016E+00-4.234764604E+00-4.205977720E+00-4.180845075E+00
-4.159534982E+00-4.142223200E+00-4.129092188E+00-4.120330708E+00-4.116133036E+00
-4.116698336E+00-4.122229829E+00-4.132934164E+00-4.149020275E+00-4.170698751E+00
-4.198180732E+00-4.231677202E+00-4.271397921E+00-4.317550602E+00-4.370340083E+00
-4.429967692E+00-4.496630465E+00-4.570520593E+00-4.651825062E+00-4.740725347E+00
-4.837397247E+00-4.942011045E+00-5.054731627E+00-5.175718913E+00-5.305128493E+00
-5.443112486E+00-5.589820412E+00-5.745400491E+00-5.910001061E+00-6.083771839E+00
-6.266865971E+00-6.459441682E+00-6.661664215E+00-6.873708067E+00-7.095758966E+00
-7.328016352E+00-7.570695463E+00-7.824029856E+00-8.088273500E+00-8.363703332E+00
-8.650621307E+00-8.949356526E+00-9.260267130E+00-9.583741909E+00-9.920201568E+00
-1.027009936E+01-1.063392099E+01-1.101218373E+01-1.140543370E+01-1.181424192E+01
-1.223919743E+01-1.268089769E+01-1.313993439E+01-1.361687390E+01-1.411223047E+01
-1.462642943E+01-1.515975849E+01-1.571230113E+01-1.628384794E+01-1.687377556E+01
-1.748088025E+01-1.810314344E+01-1.873739084E+01-1.937878176E+01-2.002002623E+01
-2.065023506E+01-2.125364954E+01-2.180989224E+01-2.229821073E+01-2.270295054E+01
-2.301473139E+01-2.322861042E+01-2.334230767E+01-2.335520551E+01-2.326790901E+01
-2.308215516E+01-2.280097671E+01-2.242911692E+01-2.197376428E+01-2.144570365E+01
-2.086071835E+01-2.023977831E+01-1.960516122E+01-1.897428706E+01-1.835768069E+01
-6.691916631E+00-6.858472742E+00-6.948160657E+00-6.956309165E+00-6.897585610E+00
-6.807178265E+00-6.705762305E+00-6.600024605E+00-6.492672050E+00-6.385064305E+00
-6.277976748E+00-6.171886346E+00-6.067099941E+00-5.963819688E+00-5.862179901E+00
-5.762269504E+00-5.664146413E+00-5.567847545E+00-5.473395791E+00-5.380805217E+00
-5.290085043E+00-5.201242517E+00-5.114285402E+00-5.029223861E+00-4.946071962E+00
-4.864848773E+00-4.785579588E+00-4.708296518E+00-4.633039277E+00-4.559855736E+00
-4.488802352E+00-4.419944569E+00-4.353357166E+00-4.289124498E+00-4.227340766E+00
-4.168110104E+00-4.111546848E+00-4.057775539E+00-4.006930883E+00-3.959157909E+00
-3.914611778E+00-3.873457648E+00-3.835870496E+00-3.802034815E+00-3.772144249E+00
-3.746401120E+00-3.725015905E+00-3.708206573E+00-3.696197880E+00-3.689220514E+00
-3.687510225E+00-3.691306817E+00-3.700853103E+00-3.716393803E+00-3.738174401E+00
-3.766439990E+00-3.801434087E+00-3.843397544E+00-3.892567437E+00-3.949176077E+00
-4.013450115E+00-4.085609750E+00-4.165868170E+00-4.254431158E+00-4.351496775E+00
-4.457255317E+00-4.571889834E+00-4.695576204E+00-4.828484277E+00-4.970778544E+00
-5.122619558E+00-5.284165507E+00-5.455573711E+00-5.637002910E+00-5.828615232E+00
-6.030578872E+00-6.243070417E+00-6.466277881E+00-6.700403696E+00-6.945667593E+00
-7.202310221E+00-7.470596422E+00-7.750818656E+00-8.043300944E+00-8.348402526E+00
-8.666521729E+00-8.998100022E+00-9.343625954E+00-9.703639295E+00-1.007873485E+01
-1.046956635E+01-1.087684981E+01-1.130136649E+01-1.174396482E+01-1.220556117E+01
-1.268713841E+01-1.318974190E+01-1.371447161E+01-1.426246848E+01-1.483489378E+01
-1.543289840E+01-1.605757869E+01-1.670991499E+01-1.739068562E+01-1.810034775E+01
-1.883886823E+01-1.960547291E+01-2.039824592E+01-2.121340021E+01-2.204365117E+01
-2.287306176E+01-2.365473683E+01-2.432202451E+01-2.485775885E+01-2.526158440E+01
-2.553502709E+01-2.567970233E+01-2.569707506E+01-2.558845957E+01-2.535516614E+01
-2.499883245E+01-2.452192331E+01-2.392845950E+01-2.322548878E+01-2.242757378E+01
-2.157700282E+01-2.074858541E+01-1.996674994E+01-1.923132636E+01-6.661558113E+00
-6.842874472E+00-6.929107509E+00-6.916631942E+00-6.820035689E+00-6.706137544E+00
-6.592620467E+00-6.479043032E+00-6.365539115E+00-6.252472332E+00-6.140183330E+00
-6.028938800E+00-5.918934835E+00-5.810311260E+00-5.703165550E+00-5.597564132E+00
-5.493551093E+00-5.391155078E+00-5.290394563E+00-5.191281882E+00-5.093826568E+00
-4.998037762E+00-4.903926536E+00-4.811507349E+00-4.720799467E+00-4.631828106E+00
-4.544625257E+00-4.459230636E+00-4.375692112E+00-4.294066421E+00-4.214419634E+00
-4.136827437E+00-4.061375801E+00-3.988160976E+00-3.917290153E+00-3.848881399E+00
-3.783064089E+00-3.719979025E+00-3.659778571E+00-3.602626719E+00-3.548699121E+00
-3.498183007E+00-3.451277028E+00-3.408191041E+00-3.369145715E+00-3.334372112E+00
-3.304111086E+00-3.278612580E+00-3.258134799E+00-3.242943255E+00-3.233309693E+00
-3.229510883E+00-3.231827356E+00-3.240542003E+00-3.255938628E+00-3.278300471E+00
-3.307908714E+00-3.345040972E+00-3.389969878E+00-3.442961740E+00-3.504275309E+00
-3.574160726E+00-3.652858642E+00-3.740599601E+00-3.837603632E+00-3.944080182E+00
-4.060228298E+00-4.186237174E+00-4.322287019E+00-4.468550246E+00-4.625192922E+00
-4.792376781E+00-4.970261272E+00-5.159006158E+00-5.358774197E+00-5.569734216E+00
-5.792064535E+00-6.025956437E+00-6.271618069E+00-6.529278457E+00-6.799191925E+00
-7.081642461E+00-7.376948688E+00-7.685468980E+00-8.007606786E+00-8.343816457E+00
-8.694609356E+00-9.060560514E+00-9.442315645E+00-9.840598632E+00-1.025621992E+01
-1.069008501E+01-1.114320383E+01-1.161670045E+01-1.211182301E+01-1.262995414E+01
-1.317262026E+01-1.374150062E+01-1.433843373E+01-1.496542104E+01-1.562462588E+01
-1.631836643E+01-1.704910135E+01-1.781940880E+01-1.863196215E+01-1.948951371E+01
-2.039491306E+01-2.135122577E+01-2.236212548E+01-2.343307484E+01-2.457365047E+01
-2.564259039E+01-2.649735922E+01-2.716128894E+01-2.763648606E+01-2.795074686E+01
-2.811811905E+01-2.814069508E+01-2.800949890E+01-2.770897188E+01-2.725696132E+01
-2.665974914E+01-2.591308650E+01-2.500059612E+01-2.389651733E+01-2.272532595E+01
-2.170003997E+01-2.077911598E+01-1.993882921E+01-6.609527895E+00-6.795196923E+00
-6.878349177E+00-6.855270964E+00-6.728108441E+00-6.599725605E+00-6.474901385E+00
-6.352200823E+00-6.231129734E+00-6.111477333E+00-5.993179752E+00-5.876237622E+00
-5.760673284E+00-5.646511361E+00-5.533771276E+00-5.422465324E+00-5.312599649E+00
-5.204176104E+00-5.097194256E+00-4.991653394E+00-4.887554505E+00-4.784901685E+00
-4.683703603E+00-4.583974560E+00-4.485735517E+00-4.389014920E+00-4.293849173E+00
-4.200283587E+00-4.108372689E+00-4.018180661E+00-3.929782011E+00-3.843261849E+00
-3.758716316E+00-3.676253025E+00-3.595991389E+00-3.518063027E+00-3.442612060E+00
-3.369795420E+00-3.299783114E+00-3.232758411E+00-3.168917969E+00-3.108471877E+00
-3.051643602E+00-2.998669816E+00-2.949800097E+00-2.905296478E+00-2.865432850E+00
-2.830494219E+00-2.800775741E+00-2.776581645E+00-2.758223936E+00-2.746020969E+00
-2.740295840E+00-2.741374674E+00-2.749584782E+00-2.765252757E+00-2.788702500E+00
-2.820253290E+00-2.860217855E+00-2.908900565E+00-2.966595757E+00-3.033586241E+00
-3.110142088E+00-3.196519649E+00-3.292960945E+00-3.399693420E+00-3.516930047E+00
-3.644869902E+00-3.783699114E+00-3.933592286E+00-4.094714319E+00-4.267222667E+00
-4.451270023E+00-4.647007207E+00-4.854586891E+00-5.074167026E+00-5.305915059E+00
-5.550012384E+00-5.806658991E+00-6.076078314E+00-6.358522862E+00-6.654279500E+00
-6.963675834E+00-7.287086235E+00-7.624939129E+00-7.977724249E+00-8.346000947E+00
-8.730407015E+00-9.131668859E+00-9.550612364E+00-9.988175547E+00-1.044542246E+01
-1.092355916E+01-1.142395161E+01-1.194814616E+01-1.249789228E+01-1.307516853E+01
-1.368221093E+01-1.432154399E+01-1.499601383E+01-1.570882261E+01-1.646356304E+01
-1.726425269E+01-1.811536902E+01-1.902189065E+01-1.998936174E+01-2.102401118E+01
-2.213299060E+01-2.332482418E+01-2.461022902E+01-2.594627904E+01-2.706794091E+01
-2.798446522E+01-2.870971510E+01-2.923553171E+01-2.956542167E+01-2.972671062E+01
-2.972513693E+01-2.955940486E+01-2.920617705E+01-2.865790375E+01-2.793129428E+01
-2.702165431E+01-2.591653231E+01-2.459590784E+01-2.337844802E+01-2.228630097E+01
-2.130021580E+01-2.040308615E+01-6.502740875E+00-6.685644433E+00-6.764537670E+00
-6.736013697E+00-6.612701069E+00-6.476760950E+00-6.343969420E+00-6.213811097E+00
-6.085891242E+00-5.959922790E+00-5.835706974E+00-5.713106998E+00-5.592026256E+00
-5.472392884E+00-5.354150108E+00-5.237251357E+00-5.121657232E+00-5.007334954E+00
-4.894257928E+00-4.782406020E+00-4.671766269E+00-4.562333277E+00-4.454109604E+00
-4.347106519E+00-4.241344116E+00-4.136851944E+00-4.033669244E+00-3.931845380E+00
-3.831440073E+00-3.732523911E+00-3.635178670E+00-3.539497712E+00-3.445586453E+00
-3.353562791E+00-3.263557574E+00-3.175715091E+00-3.090193522E+00-3.007165387E+00
-2.926817988E+00-2.849353740E+00-2.774990491E+00-2.703961701E+00-2.636516554E+00
-2.572919883E+00-2.513451986E+00-2.458408224E+00-2.408098448E+00-2.362846181E+00
-2.322987612E+00-2.288870305E+00-2.260851714E+00-2.239297432E+00-2.224579239E+00
-2.217072927E+00-2.217155984E+00-2.225205111E+00-2.241593678E+00-2.266689142E+00
-2.300850474E+00-2.344425713E+00-2.397749656E+00-2.461141793E+00-2.534904555E+00
-2.619321882E+00-2.714658267E+00-2.821158231E+00-2.939046320E+00-3.068527630E+00
-3.209788893E+00-3.363000102E+00-3.528316698E+00-3.705882271E+00-3.895831769E+00
-4.098295196E+00-4.313401628E+00-4.541283967E+00-4.782083538E+00-5.035955534E+00
-5.303074572E+00-5.583640408E+00-5.877884471E+00-6.186076252E+00-6.508530354E+00
-6.845614137E+00-7.197755749E+00-7.565452963E+00-7.949282976E+00-8.349913210E+00
-8.768113567E+00-9.204770332E+00-9.660902132E+00-1.013767834E+01-1.063644076E+01
-1.115872886E+01-1.170630960E+01-1.228121276E+01-1.288577246E+01-1.352267608E+01
-1.419502135E+01-1.490638237E+01-1.566088313E+01-1.646327811E+01-1.731903408E+01
-1.823440730E+01-1.921650610E+01-2.027333159E+01-2.141379536E+01-2.264772705E+01
-2.398588902E+01-2.543468279E+01-2.677617687E+01-2.789511295E+01-2.879679120E+01
-2.950559316E+01-3.003157431E+01-3.037626915E+01-3.052795206E+01-3.048287312E+01
-3.025488921E+01-2.984243763E+01-2.923544787E+01-2.841059207E+01-2.735441608E+01
-2.607348498E+01-2.475813606E+01-2.356532144E+01-2.248137830E+01-2.149351701E+01
-2.058967306E+01-6.378586640E+00-6.557162192E+00-6.632071065E+00-6.599337916E+00
-6.476951800E+00-6.335842306E+00-6.197153146E+00-6.061150067E+00-5.927556133E+00
-5.796113159E+00-5.666596493E+00-5.538814928E+00-5.412606969E+00-5.287836096E+00
-5.164386870E+00-5.042161896E+00-4.921079539E+00-4.801072623E+00-4.682087407E+00
-4.564083114E+00-4.447031258E+00-4.330915449E+00-4.215731037E+00-4.101485036E+00
-3.988195923E+00-3.875893458E+00-3.764618851E+00-3.654424678E+00-3.545375079E+00
-3.437545990E+00-3.331025439E+00-3.225913939E+00-3.122324938E+00-3.020385375E+00
-2.920236249E+00-2.822033245E+00-2.725947393E+00-2.632165721E+00-2.540891901E+00
-2.452346835E+00-2.366769209E+00-2.284415908E+00-2.205562326E+00-2.130502542E+00
-2.059549233E+00-1.993033458E+00-1.931304093E+00-1.874727079E+00-1.823684277E+00
-1.778572081E+00-1.739799646E+00-1.707786802E+00-1.682961656E+00-1.665757887E+00
-1.656611780E+00-1.655959013E+00-1.664231353E+00-1.681853182E+00-1.709238092E+00
-1.746785522E+00-1.794877599E+00-1.853876243E+00-1.924120673E+00-2.005925336E+00
-2.099578432E+00-2.205340993E+00-2.323446676E+00-2.454102228E+00-2.597488686E+00
-2.753763251E+00-2.923061926E+00-3.105502751E+00-3.301189709E+00-3.510217164E+00
-3.732674822E+00-3.968653121E+00-4.218249080E+00-4.481572359E+00-4.758751791E+00
-5.049942218E+00-5.355331336E+00-5.675147424E+00-6.009666829E+00-6.359222395E+00
-6.724212330E+00-7.105109899E+00-7.502473859E+00-7.916960367E+00-8.349336485E+00
-8.800495472E+00-9.271474632E+00-9.763476468E+00-1.027789351E+01-1.081633844E+01
-1.138068035E+01-1.197308866E+01-1.259608724E+01-1.325262058E+01-1.394613501E+01
-1.468067794E+01-1.546101711E+01-1.629278101E+01-1.718261404E+01-1.813833203E+01
-1.916904245E+01-2.028517385E+01-2.149834511E+01-2.282103855E+01-2.426654914E+01
-2.572762837E+01-2.699595483E+01-2.807242946E+01-2.893335934E+01-2.959913858E+01
-3.008963674E+01-3.040708013E+01-3.054591546E+01-3.047202096E+01-3.019713496E+01
-2.972961509E+01-2.906014714E+01-2.817138376E+01-2.701796328E+01-2.568683733E+01
-2.446468377E+01-2.334507412E+01-2.231789820E+01-2.137351411E+01-2.050294694E+01
-6.254546622E+00-6.431780001E+00-6.503180413E+00-6.465505104E+00-6.323748479E+00
-6.177079400E+00-6.033793494E+00-5.893205685E+00-5.755068863E+00-5.619135206E+00
-5.485163551E+00-5.352927707E+00-5.222220869E+00-5.092858214E+00-4.964677417E+00
-4.837538493E+00-4.711323206E+00-4.585934001E+00-4.461292949E+00-4.337340674E+00
-4.214034979E+00-4.091350137E+00-3.969275511E+00-3.847815008E+00-3.726986161E+00
-3.606819623E+00-3.487358749E+00-3.368659335E+00-3.250789551E+00-3.133830031E+00
-3.017874092E+00-2.903028159E+00-2.789412269E+00-2.677160727E+00-2.566422864E+00
-2.457363885E+00-2.350165754E+00-2.245028148E+00-2.142169412E+00-2.041827471E+00
-1.944260720E+00-1.849748788E+00-1.758593170E+00-1.671117698E+00-1.587668768E+00
-1.508615290E+00-1.434348341E+00-1.365280438E+00-1.301844421E+00-1.244491908E+00
-1.193691277E+00-1.149925211E+00-1.113687754E+00-1.085480945E+00-1.065811026E+00
-1.055184335E+00-1.054102885E+00-1.063059825E+00-1.082534786E+00-1.112989312E+00
-1.154862505E+00-1.208566973E+00-1.274485279E+00-1.352966964E+00-1.444326308E+00
-1.548840887E+00-1.666751019E+00-1.798260132E+00-1.943536094E+00-2.102713460E+00
-2.275896638E+00-2.463163899E+00-2.664572128E+00-2.880162273E+00-3.109965371E+00
-3.354009018E+00-3.612324281E+00-3.884952852E+00-4.171954483E+00-4.473414592E+00
-4.789452138E+00-5.120227553E+00-5.465950993E+00-5.826891122E+00-6.203383936E+00
-6.595842575E+00-7.004767961E+00-7.430760302E+00-7.874532409E+00-8.336924824E+00
-8.818923316E+00-9.321679800E+00-9.846537277E+00-1.039506009E+01-1.096907121E+01
-1.157069823E+01-1.220243157E+01-1.286719805E+01-1.356845533E+01-1.431031498E+01
-1.509770278E+01-1.593656965E+01-1.683416591E+01-1.779938541E+01-1.884315313E+01
-1.997873932E+01-2.122170757E+01-2.258909411E+01-2.407636236E+01-2.540970416E+01
-2.655247034E+01-2.752212549E+01-2.832336484E+01-2.895307077E+01-2.939881217E+01
-2.966530835E+01-2.976022651E+01-2.967798213E+01-2.940398718E+01-2.891300184E+01
-2.819669488E+01-2.724858875E+01-2.605995186E+01-2.487692811E+01-2.378622894E+01
-2.277789956E+01-2.184366175E+01-2.097630144E+01-2.016940074E+01-6.089866781E+00
-6.262449515E+00-6.329831127E+00-6.288670997E+00-6.150353648E+00-6.000425781E+00
-5.853613171E+00-5.709553818E+00-5.567982802E+00-5.428619167E+00-5.291179002E+00
-5.155387536E+00-5.020987691E+00-4.887746024E+00-4.755456007E+00-4.623939278E+00
-4.493045845E+00-4.362652940E+00-4.232663719E+00-4.103005136E+00-3.973626249E+00
-3.844496077E+00-3.715601929E+00-3.586947790E+00-3.458552954E+00-3.330450928E+00
-3.202688618E+00-3.075325788E+00-2.948434780E+00-2.822100491E+00-2.696420576E+00
-2.571505908E+00-2.447481224E+00-2.324485944E+00-2.202675190E+00-2.082220908E+00
-1.963313116E+00-1.846161237E+00-1.730995465E+00-1.618068144E+00-1.507655111E+00
-1.400056961E+00-1.295600153E+00-1.194637926E+00-1.097550979E+00-1.004747803E+00
-9.166646069E-01-8.337648351E-01-7.565381138E-01-6.854986660E-01-6.211830617E-01
-5.641473658E-01-5.149635801E-01-4.742154712E-01-4.424937633E-01-4.203907921E-01
-4.084947370E-01-4.073834820E-01-4.176183714E-01-4.397379335E-01-4.742518051E-01
-5.216351015E-01-5.823233298E-01-6.567081301E-01-7.451339461E-01-8.478958229E-01
-9.652383587E-01-1.097355953E+00-1.244394324E+00-1.406453251E+00-1.583590555E+00
-1.775827134E+00-1.983152937E+00-2.205533789E+00-2.442918826E+00-2.695248410E+00
-2.962462396E+00-3.244508559E+00-3.541351142E+00-3.852979367E+00-4.179415947E+00
-4.520725571E+00-4.877023211E+00-5.248482775E+00-5.635345661E+00-6.037929939E+00
-6.456639610E+00-6.891975161E+00-7.344544956E+00-7.815078196E+00-8.304439693E+00
-8.813647642E+00-9.343894341E+00-9.896571648E+00-1.047330190E+01-1.107597710E+01
-1.170680776E+01-1.236838665E+01-1.306377231E+01-1.379660212E+01-1.457125023E+01
-1.539305538E+01-1.626866723E+01-1.720659788E+01-1.821814567E+01-1.931895089E+01
-2.053112298E+01-2.188569631E+01-2.322586520E+01-2.440381792E+01-2.539595635E+01
-2.624050553E+01-2.694567185E+01-2.751168182E+01-2.792393663E+01-2.814849541E+01
-2.821635513E+01-2.812693533E+01-2.787049474E+01-2.741768721E+01-2.671590272E+01
-2.577130383E+01-2.470940423E+01-2.372178718E+01-2.279813772E+01-2.193140508E+01
-2.111672425E+01-2.035021567E+01-1.962846909E+01-5.904010488E+00-6.070884039E+00
-6.134377500E+00-6.090455523E+00-5.957322323E+00-5.805451445E+00-5.656208494E+00
-5.509871945E+00-5.366100561E+00-5.224526354E+00-5.084781216E+00-4.946512800E+00
-4.809395787E+00-4.673139135E+00-4.537489704E+00-4.402233201E+00-4.267193276E+00
-4.132229391E+00-3.997233750E+00-3.862128233E+00-3.726860915E+00-3.591403110E+00
-3.455746516E+00-3.319900770E+00-3.183891411E+00-3.047758263E+00-2.911554237E+00
-2.775344505E+00-2.639206090E+00-2.503227794E+00-2.367510442E+00-2.232167466E+00
-2.097325750E+00-1.963126722E+00-1.829727707E+00-1.697303437E+00-1.566047768E+00
-1.436175499E+00-1.307924320E+00-1.181556782E+00-1.057362276E+00-9.356589637E-01
-8.167955786E-01-7.011530129E-01-5.891456320E-01-4.812222366E-01-3.778665182E-01
-2.795969738E-01-1.869661533E-01-1.005591435E-01-2.099121830E-02 5.109541538E-02
 1.150358146E-01 1.701474460E-01 2.157362544E-01 2.511035742E-01 2.755537705E-01
 2.884024346E-01 2.889849288E-01 2.766650263E-01 2.508433672E-01 2.109654424E-01
 1.565288013E-01 8.708921083E-02 2.265510723E-03-9.825704269E-02-2.147250903E-01
-3.473172346E-01-4.961458658E-01-6.612607141E-01-8.426539811E-01-1.040266930E+00
-1.253997660E+00-1.483709872E+00-1.729242326E+00-1.990418744E+00-2.267057935E+00
-2.558983882E+00-2.866035662E+00-3.188077038E+00-3.525005650E+00-3.876761773E+00
-4.243336653E+00-4.624780531E+00-5.021210336E+00-5.432817233E+00-5.859874338E+00
-6.302744714E+00-6.761889412E+00-7.237876962E+00-7.731393343E+00-8.243253451E+00
-8.774414843E+00-9.325993187E+00-9.899281251E+00-1.049577167E+01-1.111718443E+01
-1.176550157E+01-1.244301047E+01-1.315236024E+01-1.389663671E+01-1.467946776E+01
-1.550517934E+01-1.637904876E+01-1.730777036E+01-1.830050328E+01-1.937235804E+01
-2.052391635E+01-2.158143747E+01-2.253882181E+01-2.338950671E+01-2.412096291E+01
-2.471986859E+01-2.519191732E+01-2.554044728E+01-2.576125013E+01-2.584170630E+01
-2.576714898E+01-2.554055417E+01-2.515940161E+01-2.460818310E+01-2.385503046E+01
-2.308306682E+01-2.232753836E+01-2.159400929E+01-2.088583807E+01-2.020489246E+01
-1.955202857E+01-1.892739064E+01-5.716380246E+00-5.881059693E+00-5.941230854E+00
-5.893730483E+00-5.745549578E+00-5.591184137E+00-5.440877841E+00-5.293775844E+00
-5.149356303E+00-5.007093004E+00-4.866479113E+00-4.727047435E+00-4.588382269E+00
-4.450125555E+00-4.311977543E+00-4.173694550E+00-4.035084582E+00-3.896002041E+00
-3.756341832E+00-3.616033840E+00-3.475037667E+00-3.333337937E+00-3.190940282E+00
-3.047867955E+00-2.904159090E+00-2.759864626E+00-2.615046763E+00-2.469778008E+00
-2.324140681E+00-2.178226910E+00-2.032139037E+00-1.885990414E+00-1.739906536E+00
-1.594026542E+00-1.448504954E+00-1.303513758E+00-1.159244648E+00-1.015911514E+00
-8.737531064E-01-7.330357769E-01-5.940563155E-01-4.571447577E-01-3.226671444E-01
-1.910280523E-01-6.267289552E-02 6.191020697E-02 1.821890879E-01 2.975868702E-01
 4.074821337E-01 5.112100557E-01 6.080646772E-01 6.973024127E-01 7.781468769E-01
 8.497951372E-01 9.114253024E-01 9.622054618E-01 1.001303787E+00 1.027899570E+00
 1.041194955E+00 1.040426919E+00 1.024879194E+00 9.938935897E-01 9.468803624E-01
 8.833270976E-01 8.028058212E-01 7.049779720E-01 5.895970013E-01 4.565084958E-01
 3.056478142E-01 1.370353025E-01-4.923070736E-02-2.529828095E-01-4.739950247E-01
-7.119944651E-01-9.666737708E-01-1.237703864E+00-1.524746710E+00-1.827467670E+00
-2.145547261E+00-2.478692086E+00-2.826644797E+00-3.189193120E+00-3.566177849E+00
-3.957499950E+00-4.363126873E+00-4.783098068E+00-5.217530076E+00-5.666621275E+00
-6.130655928E+00-6.610008802E+00-7.105149022E+00-7.616644411E+00-8.145165661E+00
-8.691490159E+00-9.256505883E+00-9.841214008E+00-1.044673001E+01-1.107428116E+01
-1.172519834E+01-1.240089640E+01-1.310283455E+01-1.383243827E+01-1.459094527E+01
-1.537909076E+01-1.619642820E+01-1.703977575E+01-1.789975654E+01-1.875591013E+01
-1.957932624E+01-2.034484882E+01-2.103549050E+01-2.163993937E+01-2.215018596E+01
-2.256019183E+01-2.286517202E+01-2.306121699E+01-2.314514904E+01-2.311462457E+01
-2.296863832E+01-2.270889056E+01-2.234304921E+01-2.189007734E+01-2.137942703E+01
-2.083821021E+01-2.028447121E+01-1.972941230E+01-1.918014405E+01-1.864127924E+01
-1.811581466E+01-5.488945324E+00-5.648553659E+00-5.705278057E+00-5.655872300E+00
-5.509873482E+00-5.355901521E+00-5.206566297E+00-5.060837285E+00-4.917894900E+00
-4.776954862E+00-4.637304716E+00-4.498324592E+00-4.359494265E+00-4.220391059E+00
-4.080682050E+00-3.940113941E+00-3.798501772E+00-3.655717993E+00-3.511682433E+00
-3.366353342E+00-3.219719735E+00-3.071794913E+00-2.922611219E+00-2.772215782E+00
-2.620667275E+00-2.468033490E+00-2.314389697E+00-2.159817671E+00-2.004405346E+00
-1.848246992E+00-1.691443922E+00-1.534105617E+00-1.376351300E+00-1.218311898E+00
-1.060132353E+00-9.019742920E-01-7.440189994E-01-5.864706889E-01-4.295600311E-01
-2.735478821E-01-1.187291973E-01 3.456299243E-02 1.859535819E-01 3.350215011E-01
 4.812960589E-01 6.242536794E-01 7.633151818E-01 8.978438865E-01 1.027144638E+00
 1.150464122E+00 1.266992615E+00 1.375867426E+00 1.476178226E+00 1.566974394E+00
 1.647274428E+00 1.716077438E+00 1.772376479E+00 1.815173537E+00 1.843495698E+00
 1.856412008E+00 1.853050364E+00 1.832613830E+00 1.794395616E+00 1.737792071E+00
 1.662313127E+00 1.567589609E+00 1.453377192E+00 1.319556684E+00 1.166130714E+00
 9.932169396E-01 8.010381161E-01 5.899095278E-01 3.602242852E-01 1.124372342E-01
-1.529519430E-01-4.354157168E-01-7.344152500E-01-1.049415954E+00-1.379901741E+00
-1.725387659E+00-2.085430802E+00-2.459639446E+00-2.847680499E+00-3.249285289E+00
-3.664253948E+00-4.092458438E+00-4.533844409E+00-4.988432153E+00-5.456316504E+00
-5.937665697E+00-6.432719436E+00-6.941785706E+00-7.465235921E+00-8.003497920E+00
-8.557046225E+00-9.126387433E+00-9.712039485E+00-1.031450098E+01-1.093420582E+01
-1.157145544E+01-1.222631609E+01-1.289846176E+01-1.358693223E+01-1.428976253E+01
-1.500343514E+01-1.572215550E+01-1.643715280E+01-1.713659086E+01-1.780671083E+01
-1.843383021E+01-1.900592420E+01-1.951317861E+01-1.994786506E+01-2.030401645E+01
-2.057714549E+01-2.076408916E+01-2.086301091E+01-2.087359209E+01-2.079745128E+01
-2.063879656E+01-2.040513294E+01-2.010745114E+01-1.975916103E+01-1.937395544E+01
-1.896393794E+01-1.853886628E+01-1.810623990E+01-1.767169509E+01-1.723941771E+01
-5.225146734E+00-5.377375397E+00-5.430803617E+00-5.381412162E+00-5.247029692E+00
-5.097078146E+00-4.951944337E+00-4.810830037E+00-4.672413323E+00-4.535521831E+00
-4.399176373E+00-4.262592786E+00-4.125165228E+00-3.986442579E+00-3.846102288E+00
-3.703926301E+00-3.559779344E+00-3.413590625E+00-3.265338588E+00-3.115038584E+00
-2.962732927E+00-2.808483080E+00-2.652363543E+00-2.494457239E+00-2.334852120E+00
-2.173638795E+00-2.010909117E+00-1.846755472E+00-1.681270787E+00-1.514549136E+00
-1.346686866E+00-1.177784247E+00-1.007947544E+00-8.372915697E-01-6.659426457E-01
-4.940419632E-01-3.217493734E-01-1.492475687E-01 2.325337559E-02 1.955110915E-01
 3.672457067E-01 5.381343884E-01 7.078057132E-01 8.758340078E-01 1.041733771E+00
 1.204954396E+00 1.364875418E+00 1.520802529E+00 1.671964746E+00 1.817513019E+00
 1.956520714E+00 2.087986350E+00 2.210838914E+00 2.323946148E+00 2.426125936E+00
 2.516160880E+00 2.592815962E+00 2.654858924E+00 2.701082788E+00 2.730329792E+00
 2.741515743E+00 2.733653742E+00 2.705876184E+00 2.657453958E+00 2.587811882E+00
 2.496539606E+00 2.383397437E+00 2.248316753E+00 2.091395056E+00 1.912885918E+00
 1.713184326E+00 1.492808263E+00 1.252377481E+00 9.925904605E-01 7.142007427E-01
 4.179936096E-01 1.047640278E-01-2.247034265E-01-5.696521305E-01-9.293682004E-01
-1.303192359E+00-1.690528981E+00-2.090852470E+00-2.503711187E+00-2.928729268E+00
-3.365606518E+00-3.814116688E+00-4.274104214E+00-4.745479612E+00-5.228213451E+00
-5.722328543E+00-6.227890685E+00-6.744996799E+00-7.273759763E+00-7.814289660E+00
-8.366668911E+00-8.930920094E+00-9.506962952E+00-1.009455739E+01-1.069322666E+01
-1.130215546E+01-1.192005440E+01-1.254498633E+01-1.317415478E+01-1.380367294E+01
-1.442836627E+01-1.504170495E+01-1.563597684E+01-1.620274236E+01-1.673346406E+01
-1.722010689E+01-1.765555449E+01-1.803381877E+01-1.835010871E+01-1.860084090E+01
-1.878365380E+01-1.889746247E+01-1.894256729E+01-1.892080569E+01-1.883569655E+01
-1.869247975E+01-1.849792640E+01-1.825985739E+01-1.798645965E+01-1.768561586E+01
-1.736443479E+01-1.702903103E+01-1.668449622E+01-1.633497761E+01-4.943681533E+00
-5.090453797E+00-5.141278517E+00-5.093104695E+00-4.953683498E+00-4.811346167E+00
-4.675902321E+00-4.544495831E+00-4.414995003E+00-4.285754919E+00-4.155558576E+00
-4.023539901E+00-3.889109505E+00-3.751890082E+00-3.611663462E+00-3.468328279E+00
-3.321867264E+00-3.172322306E+00-3.019775601E+00-2.864335472E+00-2.706125715E+00
-2.545277680E+00-2.381924426E+00-2.216196558E+00-2.048219427E+00-1.878111393E+00
-1.705983042E+00-1.531937167E+00-1.356069396E+00-1.178469463E+00-9.992229333E-01
-8.184134722E-01-6.361255474E-01-4.524476101E-01-2.674757387E-01-8.131776072E-02
 1.059021224E-01 2.940381903E-01 4.829175221E-01 6.723337825E-01 8.620404822E-01
 1.051743754E+00 1.241094710E+00 1.429681472E+00 1.617021042E+00 1.802551216E+00
 1.985622807E+00 2.165492549E+00 2.341317067E+00 2.512148514E+00 2.676932405E+00
 2.834508350E+00 2.983614314E+00 3.122895116E+00 3.250915585E+00 3.366178764E+00
 3.467149103E+00 3.552280309E+00 3.620047088E+00 3.668979582E+00 3.697699002E+00
 3.704952761E+00 3.689647275E+00 3.650876715E+00 3.587946182E+00 3.500388004E+00
 3.387970355E+00 3.250697708E+00 3.088803100E+00 2.902732668E+00 2.693123405E+00
 2.460775298E+00 2.206619620E+00 1.931685001E+00 1.637063237E+00 1.323876395E+00
 9.932467254E-01 6.462703505E-01 2.839954327E-01-9.259497230E-02-4.825954177E-01
-8.851862404E-01-1.299637895E+00-1.725311950E+00-2.161659301E+00-2.608216057E+00
-3.064597526E+00-3.530490507E+00-4.005644144E+00-4.489859236E+00-4.982976031E+00
-5.484860098E+00-5.995385714E+00-6.514416795E+00-7.041783372E+00-7.577253778E+00
-8.120500212E+00-8.671056934E+00-9.228268382E+00-9.791226601E+00-1.035869603E+01
-1.092902639E+01-1.150005740E+01-1.206902411E+01-1.263248030E+01-1.318626480E+01
-1.372554042E+01-1.424492582E+01-1.473871733E+01-1.520116833E+01-1.562677428E+01
-1.601051896E+01-1.634805906E+01-1.663585107E+01-1.687123687E+01-1.705250737E+01
-1.717895811E+01-1.725093915E+01-1.726989021E+01-1.723833896E+01-1.715983365E+01
-1.703878687E+01-1.688022955E+01-1.668950698E+01-1.647197265E+01-1.623273206E+01
-1.597646625E+01-1.570733702E+01-1.542895800E+01-4.601221293E+00-4.735059661E+00
-4.783110478E+00-4.742863780E+00-4.618274143E+00-4.495478708E+00-4.379507848E+00
-4.265576686E+00-4.150851472E+00-4.033520985E+00-3.912448682E+00-3.786971874E+00
-3.656759354E+00-3.521704350E+00-3.381847003E+00-3.237320533E+00-3.088314656E+00
-2.935050687E+00-2.777764496E+00-2.616694581E+00-2.452073728E+00-2.284123140E+00
-2.113048470E+00-1.939037282E+00-1.762257675E+00-1.582857883E+00-1.400966661E+00
-1.216694343E+00-1.030134420E+00-8.413656699E-01-6.504546542E-01-4.574586907E-01
-2.624291901E-01-6.541547729E-02 1.335309478E-01 3.343515899E-01 5.369755548E-01
 7.413134785E-01 9.472507308E-01 1.154639837E+00 1.363292089E+00 1.572968316E+00
 1.783368870E+00 1.994122826E+00 2.204776603E+00 2.414782109E+00 2.623484737E+00
 2.830111629E+00 3.033760677E+00 3.233391072E+00 3.427816175E+00 3.615699896E+00
 3.795557654E+00 3.965763267E+00 4.124562775E+00 4.270096368E+00 4.400428362E+00
 4.513585487E+00 4.607602115E+00 4.680570577E+00 4.730694582E+00 4.756342017E+00
 4.756095023E+00 4.728793451E+00 4.673570163E+00 4.589875815E+00 4.477491506E+00
 4.336529010E+00 4.167418726E+00 3.970885166E+00 3.747912262E+00 3.499700307E+00
 3.227616954E+00 2.933145873E+00 2.617835870E+00 2.283253418E+00 1.930940899E+00
 1.562381938E+00 1.178974632E+00 7.820125472E-01 3.726729546E-01-4.798861735E-02
-4.790385939E-01-9.196613748E-01-1.369152180E+00-1.826907468E+00-2.292413572E+00
-2.765234019E+00-3.244995687E+00-3.731373974E+00-4.224076816E+00-4.722827503E+00
-5.227345604E+00-5.737326172E+00-6.252416031E+00-6.772187029E+00-7.296105347E+00
-7.823496627E+00-8.353506341E+00-8.885055657E+00-9.416793854E+00-9.947049655E+00
-1.047378573E+01-1.099456274E+01-1.150652249E+01-1.200639901E+01-1.249056742E+01
-1.295513329E+01-1.339605896E+01-1.380931436E+01-1.419103553E+01-1.453767437E+01
-1.484612812E+01-1.511384453E+01-1.533890308E+01-1.552007579E+01-1.565686969E+01
-1.574955073E+01-1.579914501E+01-1.580741002E+01-1.577676980E+01-1.571021053E+01
-1.561114091E+01-1.548323098E+01-1.533024794E+01-1.515590753E+01-1.496375536E+01
-1.475708320E+01-1.453887916E+01-4.166815406E+00-4.266088482E+00-4.309803927E+00
-4.295514106E+00-4.231613809E+00-4.154000731E+00-4.072226346E+00-3.985049659E+00
-3.891086011E+00-3.789349707E+00-3.679430072E+00-3.561378499E+00-3.435509582E+00
-3.302260864E+00-3.162116745E+00-3.015569805E+00-2.863100865E+00-2.705168172E+00
-2.542201035E+00-2.374595825E+00-2.202713356E+00-2.026877267E+00-1.847373299E+00
-1.664449392E+00-1.478316525E+00-1.289150209E+00-1.097092550E+00-9.022547357E-01
-7.047198874E-01-5.045461817E-01-3.017702394E-01-9.641077941E-02 1.115274644E-01
 3.220494529E-01 5.351651173E-01 7.508840852E-01 9.692097175E-01 1.190132338E+00
 1.413621490E+00 1.639617146E+00 1.868019669E+00 2.098678538E+00 2.331379705E+00
 2.565831596E+00 2.801649801E+00 3.038340494E+00 3.275282877E+00 3.511710887E+00
 3.746694830E+00 3.979123701E+00 4.207689419E+00 4.430874583E+00 4.646945823E+00
 4.853954809E+00 5.049749674E+00 5.231999046E+00 5.398229838E+00 5.545879800E+00
 5.672362845E+00 5.775144657E+00 5.851824446E+00 5.900216698E+00 5.918428397E+00
 5.904926481E+00 5.858591617E+00 5.778755596E+00 5.665220751E+00 5.518259645E+00
 5.338595768E+00 5.127365037E+00 4.886060841E+00 4.616465207E+00 4.320571538E+00
 4.000503925E+00 3.658439356E+00 3.296537488E+00 2.916882194E+00 2.521436506E+00
 2.112011487E+00 1.690247904E+00 1.257608886E+00 8.153813751E-01 3.646840340E-01
-9.352019012E-02-5.584085855E-01-1.029281403E+00-1.505543676E+00-1.986686613E+00
-2.472268898E+00-2.961897888E+00-3.455210725E+00-3.951855066E+00-4.451469305E+00
-4.953661789E+00-5.457989001E+00-5.963932291E+00-6.470872657E+00-6.978064509E+00
-7.484607612E+00-7.989418844E+00-8.491204413E+00-8.988435393E+00-9.479328574E+00
-9.961837050E+00-1.043365455E+01-1.089223662E+01-1.133484239E+01-1.175859599E+01
-1.216056592E+01-1.253785657E+01-1.288770507E+01-1.320757616E+01-1.349524926E+01
-1.374889364E+01-1.396712924E+01-1.414907284E+01-1.429436771E+01-1.440319703E+01
-1.447627817E+01-1.451483697E+01-1.452056061E+01-1.449553032E+01-1.444213725E+01
-1.436298760E+01-1.426080576E+01-1.413834269E+01-1.399829659E+01-1.384324974E+01
-1.367562283E+01-3.739787595E+00-3.806451180E+00-3.847382739E+00-3.861133812E+00
-3.850851116E+00-3.822252884E+00-3.779818212E+00-3.724660086E+00-3.654928169E+00
-3.569612570E+00-3.470020361E+00-3.357788089E+00-3.234338733E+00-3.100882271E+00
-2.958460271E+00-2.807982237E+00-2.650251020E+00-2.485979535E+00-2.315801414E+00
-2.140277501E+00-1.959899926E+00-1.775095057E+00-1.586226201E+00-1.393596568E+00
-1.197452677E+00-9.979882051E-01-7.953481120E-01-5.896329374E-01-3.809030997E-01
-1.691831851E-01 4.553380828E-02 2.632822561E-01 4.841196317E-01 7.081220496E-01
 9.353795011E-01 1.165990547E+00 1.400056303E+00 1.637673425E+00 1.878925893E+00
 2.123875345E+00 2.372549721E+00 2.624930086E+00 2.880935455E+00 3.140405442E+00
 3.403080702E+00 3.668580976E+00 3.936380766E+00 4.205782694E+00 4.475888785E+00
 4.745570585E+00 5.013439194E+00 5.277817268E+00 5.536716368E+00 5.787823484E+00
 6.028501705E+00 6.255810589E+00 6.466550602E+00 6.657334122E+00 6.824682276E+00
 6.965142391E+00 7.075417660E+00 7.152497943E+00 7.193781708E+00 7.197180481E+00
 7.161200561E+00 7.084999039E+00 6.968412330E+00 6.811956524E+00 6.616797721E+00
 6.384692967E+00 6.117902400E+00 5.819077468E+00 5.491133951E+00 5.137120363E+00
 4.760094162E+00 4.363015492E+00 3.948665345E+00 3.519590003E+00 3.078070338E+00
 2.626111660E+00 2.165449498E+00 1.697566234E+00 1.223714426E+00 7.449436676E-01
 2.621286595E-01-2.240029009E-01-7.128435341E-01-1.203880641E+00-1.696672695E+00
-2.190826903E+00-2.685978029E+00-3.181768167E+00-3.677827095E+00-4.173752979E+00
-4.669093229E+00-5.163325140E+00-5.655836880E+00-6.145908312E+00-6.632692470E+00
-7.115198463E+00-7.592276623E+00-8.062607469E+00-8.524696076E+00-8.976873612E+00
-9.417308487E+00-9.844027625E+00-1.025494921E+01-1.064792642E+01-1.102080026E+01
-1.137145901E+01-1.169790090E+01-1.199829640E+01-1.227104634E+01-1.251483344E+01
-1.272866518E+01-1.291190580E+01-1.306429734E+01-1.318596750E+01-1.327742499E+01
-1.333954078E+01-1.337351693E+01-1.338084294E+01-1.336324315E+01-1.332261782E+01
-1.326098231E+01-1.318040775E+01-1.308296757E+01-1.297069129E+01-1.284552792E+01
-3.391607191E+00-3.447523082E+00-3.489403947E+00-3.516752227E+00-3.530498174E+00
-3.532540401E+00-3.525044234E+00-3.510238523E+00-3.472074904E+00-3.395649228E+00
-3.299860907E+00-3.187979281E+00-3.062311221E+00-2.924649742E+00-2.776457959E+00
-2.618969232E+00-2.453246461E+00-2.280217334E+00-2.100694466E+00-1.915386362E+00
-1.724903467E+00-1.529762448E+00-1.330390643E+00-1.127131399E+00-9.202503025E-01
-7.099419627E-01-4.963367590E-01-2.795073429E-01-5.947464244E-02 1.637866706E-01
 3.903432233E-01 6.202984231E-01 8.537882444E-01 1.090977172E+00 1.332054050E+00
 1.577227553E+00 1.826720916E+00 2.080765599E+00 2.339593351E+00 2.603426412E+00
 2.872465458E+00 3.146874991E+00 3.426766036E+00 3.712175852E+00 4.003044426E+00
 4.299187374E+00 4.600264562E+00 4.905744337E+00 5.214862079E+00 5.526573866E+00
 5.839505177E+00 6.151896639E+00 6.461550841E+00 6.765786074E+00 7.061407021E+00
 7.344703617E+00 7.611492017E+00 7.857207035E+00 8.077049371E+00 8.266178676E+00
 8.419932128E+00 8.534043975E+00 8.604841854E+00 8.629406205E+00 8.605687716E+00
 8.532585061E+00 8.409985873E+00 8.238770765E+00 8.020776764E+00 7.758713000E+00
 7.456023950E+00 7.116703907E+00 6.745077016E+00 6.345569146E+00 5.922499479E+00
 5.479915456E+00 5.021481757E+00 4.550422892E+00 4.069509376E+00 3.581075754E+00
 3.087057785E+00 2.589039424E+00 2.088302978E+00 1.585878078E+00 1.082587289E+00
 5.790872590E-01 7.590528282E-02-4.265285211E-01-9.278529102E-01-1.427750543E+00
-1.925925670E+00-2.422084057E+00-2.915914600E+00-3.407072268E+00-3.895162175E+00
-4.379724544E+00-4.860220586E+00-5.336019728E+00-5.806387728E+00-6.270477500E+00
-6.727321717E+00-7.175829531E+00-7.614787368E+00-8.042864952E+00-8.458627522E+00
-8.860554739E+00-9.247065948E+00-9.616551807E+00-9.967411212E+00-1.029809156E+01
-1.060713101E+01-1.089320013E+01-1.115514156E+01-1.139200487E+01-1.160307631E+01
-1.178790090E+01-1.194629688E+01-1.207836145E+01-1.218446738E+01-1.226525107E+01
-1.232159160E+01-1.235458305E+01-1.236550038E+01-1.235576152E+01-1.232688776E+01
-1.228046409E+01-1.221810249E+01-1.214140844E+01-1.205195275E+01-3.091295250E+00
-3.143050820E+00-3.186902646E+00-3.222995477E+00-3.252171191E+00-3.275921964E+00
-3.296306983E+00-3.315930187E+00-3.320962401E+00-3.271530357E+00-3.180961846E+00
-3.060639484E+00-2.926098125E+00-2.778740084E+00-2.620122313E+00-2.451600153E+00
-2.274373988E+00-2.089515260E+00-1.897976371E+00-1.700590605E+00-1.498068804E+00
-1.290998351E+00-1.079847061E+00-8.649716543E-01-6.466287297E-01-4.249862582E-01
-2.001341930E-01 2.790631770E-02 2.591751391E-01 4.937666532E-01 7.318243966E-01
 9.735366936E-01 1.219133123E+00 1.468881688E+00 1.723086288E+00 1.982084233E+00
 2.246243153E+00 2.515956725E+00 2.791638467E+00 3.073712950E+00 3.362603884E+00
 3.658718736E+00 3.962429896E+00 4.274052168E+00 4.593816801E+00 4.921840889E+00
 5.258091299E+00 5.602341209E+00 5.954117512E+00 6.312635889E+00 6.676722715E+00
 7.044722200E+00 7.414391068E+00 7.782786554E+00 8.146162461E+00 8.499897024E+00
 8.838487748E+00 9.155651874E+00 9.444555727E+00 9.698163118E+00 9.909646831E+00
 1.007278727E+01 1.018229449E+01 1.023403114E+01 1.022515001E+01 1.015417546E+01
 1.002105282E+01 9.827173229E+00 9.575359173E+00 9.269779599E+00 8.915757580E+00
 8.519454876E+00 8.087458015E+00 7.626337328E+00 7.142265216E+00 6.640754260E+00
 6.126528899E+00 5.603507662E+00 5.074857576E+00 4.543085496E+00 4.010141408E+00
 3.477518904E+00 2.946346220E+00 2.417464250E+00 1.891492535E+00 1.368883840E+00
 8.499690887E-01 3.349943685E-01-1.758485452E-01-6.823967850E-01-1.184495014E+00
-1.681977207E+00-2.174650883E+00-2.662283313E+00-3.144589352E+00-3.621220633E+00
-4.091756186E+00-4.555694429E+00-5.012446846E+00-5.461333444E+00-5.901580817E+00
-6.332322695E+00-6.752604079E+00-7.161388613E+00-7.557570518E+00-7.939990236E+00
-8.307454285E+00-8.658758743E+00-8.992715567E+00-9.308181075E+00-9.604085106E+00
-9.879459897E+00-1.013346711E+01-1.036542234E+01-1.057481534E+01-1.076132566E+01
-1.092483278E+01-1.106542035E+01-1.118337449E+01-1.127917575E+01-1.135348607E+01
-1.140713031E+01-1.144107404E+01-1.145639861E+01-1.145427448E+01-1.143593430E+01
-1.140264711E+01-1.135569427E+01-1.129634805E+01-2.821023561E+00-2.870111575E+00
-2.915018019E+00-2.956327079E+00-2.995115711E+00-3.032976483E+00-3.071995502E+00
-3.114678869E+00-3.143986555E+00-3.127710308E+00-3.070850060E+00-2.970001776E+00
-2.828510220E+00-2.665300447E+00-2.491128793E+00-2.307033921E+00-2.114257877E+00
-1.913982091E+00-1.707302132E+00-1.495189060E+00-1.278454498E+00-1.057735292E+00
-8.335007500E-01-6.060738858E-01-3.756556179E-01-1.423455094E-01 9.384257780E-02
 3.329689380E-01 5.751592354E-01 8.205976232E-01 1.069521475E+00 1.322217648E+00
 1.579020348E+00 1.840310460E+00 2.106516138E+00 2.378114195E+00 2.655631523E+00
 2.939645527E+00 3.230782142E+00 3.529710012E+00 3.837129667E+00 4.153757362E+00
 4.480304216E+00 4.817451982E+00 5.165826202E+00 5.525966527E+00 5.898292164E+00
 6.283058814E+00 6.680302529E+00 7.089764493E+00 7.510789695E+00 7.942192022E+00
 8.382077750E+00 8.827623176E+00 9.274811549E+00 9.718159523E+00 1.015050873E+01
 1.056301559E+01 1.094548967E+01 1.128712438E+01 1.157744042E+01 1.180712315E+01
 1.196853723E+01 1.205592568E+01 1.206543126E+01 1.199507883E+01 1.184480374E+01
 1.161655041E+01 1.131440882E+01 1.094468861E+01 1.051576863E+01 1.003756484E+01
 9.520622110E+00 8.975085321E+00 8.409901638E+00 7.832437532E+00 7.248457741E+00
 6.662309968E+00 6.077180980E+00 5.495348525E+00 4.918398225E+00 4.347398625E+00
 3.783038397E+00 3.225731887E+00 2.675699674E+00 2.133030136E+00 1.597726440E+00
 1.069742603E+00 5.490114417E-01 3.546639924E-02-4.709411910E-01-9.702282149E-01
-1.462368484E+00-1.947283460E+00-2.424834540E+00-2.894816805E+00-3.356953984E+00
-3.810894817E+00-4.256210743E+00-4.692395347E+00-5.118865285E+00-5.534963851E+00
-5.939966257E+00-6.333087749E+00-6.713494284E+00-7.080315732E+00-7.432661669E+00
-7.769639074E+00-8.090371864E+00-8.394021584E+00-8.679807974E+00-8.947029727E+00
-9.195083324E+00-9.423480335E+00-9.631861833E+00-9.820009348E+00-9.987852355E+00
-1.013547159E+01-1.026309815E+01-1.037110891E+01-1.046001747E+01-1.053046253E+01
-1.058319291E+01-1.061905085E+01-1.063895372E+01-1.064387563E+01-1.063482894E+01
-1.061284670E+01-1.057896672E+01-2.569440009E+00-2.615150750E+00-2.658859100E+00
-2.701380961E+00-2.743972339E+00-2.788413916E+00-2.837084937E+00-2.892931170E+00
-2.940554711E+00-2.944585268E+00-2.911614624E+00-2.838734133E+00-2.726804097E+00
-2.579342157E+00-2.389002185E+00-2.184576689E+00-1.971777385E+00-1.751950697E+00
-1.526493960E+00-1.296657399E+00-1.063401381E+00-8.273614963E-01-5.889087048E-01
-3.482319529E-01-1.053973029E-01 1.396213082E-01 3.869280862E-01 6.366974389E-01
 8.891671181E-01 1.144631694E+00 1.403437248E+00 1.665978196E+00 1.932696753E+00
 2.204085336E+00 2.480691790E+00 2.763127224E+00 3.052075772E+00 3.348304740E+00
 3.652672555E+00 3.966130586E+00 4.289714777E+00 4.624525736E+00 4.971699777E+00
 5.332378255E+00 5.707680779E+00 6.098683539E+00 6.506399211E+00 6.931751236E+00
 7.375534689E+00 7.838354113E+00 8.320527144E+00 8.821936568E+00 9.341806616E+00
 9.878367080E+00 1.042835578E+01 1.098630758E+01 1.154364231E+01 1.208782759E+01
 1.260242953E+01 1.306898384E+01 1.347009179E+01 1.379163810E+01 1.402323519E+01
 1.415769106E+01 1.419036440E+01 1.411876475E+01 1.394248034E+01 1.366345068E+01
 1.328659023E+01 1.282067143E+01 1.227901661E+01 1.167895149E+01 1.103921900E+01
 1.037659139E+01 9.703958468E+00 9.030307979E+00 8.361559029E+00 7.701451708E+00
 7.052239611E+00 6.415178470E+00 5.790860376E+00 5.179441864E+00 4.580799574E+00
 3.994637854E+00 3.420562936E+00 2.858134680E+00 2.306902872E+00 1.766432653E+00
 1.236322535E+00 7.162171830E-01 2.058165820E-01-2.951173424E-01-7.867559535E-01
-1.269200456E+00-1.742479538E+00-2.206547870E+00-2.661285497E+00-3.106498074E+00
-3.541918093E+00-3.967207170E+00-4.381959662E+00-4.785707439E+00-5.177926531E+00
-5.558045018E+00-5.925452805E+00-6.279512766E+00-6.619573711E+00-6.944983977E+00
-7.255106556E+00-7.549334347E+00-7.827105320E+00-8.087917647E+00-8.331343412E+00
-8.557040985E+00-8.764765619E+00-8.954377327E+00-9.125846600E+00-9.279257121E+00
-9.414805415E+00-9.532798282E+00-9.633646893E+00-9.717859065E+00-9.786029213E+00
-9.838826967E+00-9.876984640E+00-9.901284228E+00-9.912544093E+00-9.911606431E+00
-9.899325063E+00-2.329561380E+00-2.370204498E+00-2.409791307E+00-2.449107416E+00
-2.489306835E+00-2.532050333E+00-2.579803612E+00-2.636723652E+00-2.690795561E+00
-2.709390543E+00-2.696447765E+00-2.647584697E+00-2.559962893E+00-2.437354710E+00
-2.276263449E+00-2.077963976E+00-1.844473520E+00-1.599786535E+00-1.350801149E+00
-1.099767985E+00-8.478514318E-01-5.953185208E-01-3.420817345E-01-8.798564359E-02
 1.671300034E-01 4.234540816E-01 6.812340706E-01 9.407852871E-01 1.202484309E+00
 1.466757951E+00 1.734074415E+00 2.004938988E+00 2.279894733E+00 2.559528075E+00
 2.844479517E+00 3.135459961E+00 3.433273397E+00 3.738845922E+00 4.053258379E+00
 4.377773494E+00 4.713840028E+00 5.063056800E+00 5.427103794E+00 5.807676949E+00
 6.206457942E+00 6.625118994E+00 7.065343476E+00 7.528845689E+00 8.017379054E+00
 8.532725637E+00 9.076657854E+00 9.650857734E+00 1.025676682E+01 1.089531520E+01
 1.156642282E+01 1.226803167E+01 1.299408064E+01 1.373010415E+01 1.444628102E+01
 1.510081820E+01 1.566058071E+01 1.610719452E+01 1.643073183E+01 1.662526966E+01
 1.668690533E+01 1.661295137E+01 1.640176418E+01 1.605309848E+01 1.556920828E+01
 1.495744991E+01 1.423598019E+01 1.344073181E+01 1.261562031E+01 1.179051110E+01
 1.098001565E+01 1.019068093E+01 9.425160318E+00 8.684134048E+00 7.967243465E+00
 7.273583176E+00 6.601977507E+00 5.951140822E+00 5.319773105E+00 4.706616102E+00
 4.110486221E+00 3.530292498E+00 2.965045957E+00 2.413863015E+00 1.875965861E+00
 1.350680808E+00 8.374356566E-01 3.357565161E-01-1.547355631E-01-6.343280130E-01
-1.103220200E+00-1.561526936E+00-2.009282091E+00-2.446442468E+00-2.872892049E+00
-3.288446752E+00-3.692859816E+00-4.085827982E+00-4.466998547E+00-4.835977260E+00
-5.192337269E+00-5.535628910E+00-5.865390229E+00-6.181158362E+00-6.482480968E+00
-6.768928083E+00-7.040103902E+00-7.295657732E+00-7.535294474E+00-7.758783761E+00
-7.965967876E+00-8.156767786E+00-8.331187391E+00-8.489315930E+00-8.631328257E+00
-8.757483185E+00-8.868119784E+00-8.963652258E+00-9.044563287E+00-9.111396029E+00
-9.164745451E+00-9.205248954E+00-9.233577191E+00-9.250424377E+00-9.256499382E+00
-2.097799758E+00-2.131561550E+00-2.164265559E+00-2.196416675E+00-2.228689058E+00
-2.261919130E+00-2.297013837E+00-2.334499040E+00-2.373280044E+00-2.406736031E+00
-2.413824321E+00-2.385568815E+00-2.322814799E+00-2.229682573E+00-2.087374893E+00
-1.912429439E+00-1.701303479E+00-1.447977048E+00-1.169220960E+00-8.939401013E-01
-6.234146375E-01-3.551205534E-01-8.778022432E-02 1.791432373E-01 4.458417476E-01
 7.125365078E-01 9.796059388E-01 1.247549560E+00 1.516931729E+00 1.788346146E+00
 2.062399148E+00 2.339704965E+00 2.620888624E+00 2.906594454E+00 3.197500319E+00
 3.494339298E+00 3.797933009E+00 4.109244082E+00 4.429459205E+00 4.760110828E+00
 5.103196254E+00 5.461127701E+00 5.836414505E+00 6.231400565E+00 6.648277384E+00
 7.089215268E+00 7.556486015E+00 8.052557121E+00 8.580167580E+00 9.142394470E+00
 9.742717176E+00 1.038508346E+01 1.107398121E+01 1.181452484E+01 1.261257908E+01
 1.347499542E+01 1.441024767E+01 1.543109135E+01 1.657235300E+01 1.748170559E+01
 1.826391476E+01 1.888746776E+01 1.927834673E+01 1.955575511E+01 1.967867737E+01
 1.956377423E+01 1.932980227E+01 1.893086297E+01 1.827459758E+01 1.747774920E+01
 1.648196003E+01 1.525102422E+01 1.414995561E+01 1.312188651E+01 1.215581812E+01
 1.124436496E+01 1.038154651E+01 9.562233125E+00 8.781943088E+00 8.036741289E+00
 7.323171194E+00 6.638200481E+00 5.979172974E+00 5.343765773E+00 4.729951197E+00
 4.135962861E+00 3.560266082E+00 3.001532496E+00 2.458617793E+00 1.930542865E+00
 1.416477595E+00 9.157269528E-01 4.277190040E-01-4.800545816E-02-5.118020842E-01
-9.639311083E-01-1.404564834E+00-1.833794649E+00-2.251637777E+00-2.658043997E+00
-3.052902470E+00-3.436048808E+00-3.807272480E+00-4.166324650E+00-4.512926377E+00
-4.846777414E+00-5.167565087E+00-5.474973769E+00-5.768694020E+00-6.048432235E+00
-6.313919515E+00-6.564920411E+00-6.801240842E+00-7.022735228E+00-7.229312359E+00
-7.420940362E+00-7.597650046E+00-7.759536877E+00-7.906761642E+00-8.039549429E+00
-8.158187616E+00-8.263022207E+00-8.354453459E+00-8.432930246E+00-8.498944115E+00
-8.553022540E+00-8.595722038E+00-8.627621381E+00-8.649314710E+00-1.873124382E+00
-1.898690091E+00-1.922667043E+00-1.945223645E+00-1.966538789E+00-1.986740173E+00
-2.005793829E+00-2.023348680E+00-2.038617593E+00-2.050434644E+00-2.057429180E+00
-2.053807671E+00-2.014165774E+00-1.939544495E+00-1.825274063E+00-1.671312843E+00
-1.474902547E+00-1.232215899E+00-9.484410483E-01-6.623724301E-01-3.810306709E-01
-1.013423012E-01 1.785971527E-01 4.582009957E-01 7.356441118E-01 1.011152411E+00
 1.285564226E+00 1.559784308E+00 1.834679260E+00 2.111058337E+00 2.389676416E+00
 2.671243540E+00 2.956436092E+00 3.245908362E+00 3.540304589E+00 3.840273138E+00
 4.146486314E+00 4.459674114E+00 4.780694282E+00 5.110720599E+00 5.451989012E+00
 5.809751082E+00 6.188612065E+00 6.591030866E+00 7.019110578E+00 7.475088918E+00
 7.961514031E+00 8.481358193E+00 9.038125612E+00 9.635975702E+00 1.027987694E+01
 1.097580899E+01 1.173103809E+01 1.255451050E+01 1.345744956E+01 1.445432788E+01
 1.556453194E+01 1.681500169E+01 1.821341134E+01 1.937517855E+01 2.032866792E+01
 2.106556160E+01 2.156572530E+01 2.189735993E+01 2.203328303E+01 2.193757488E+01
 2.166796147E+01 2.118505712E+01 2.043816257E+01 1.947018839E+01 1.821899137E+01
 1.673330378E+01 1.540855488E+01 1.421104214E+01 1.311558886E+01 1.210416278E+01
 1.116332580E+01 1.028266790E+01 9.453897874E+00 8.670285695E+00 7.926295145E+00
 7.217326840E+00 6.539530332E+00 5.889662395E+00 5.264978519E+00 4.663147886E+00
 4.082186627E+00 3.520404416E+00 2.976361669E+00 2.448834990E+00 1.936788875E+00
 1.439352475E+00 9.558003343E-01 4.855361756E-01 2.807917465E-02-4.169479463E-01
-8.498293318E-01-1.270765386E+00-1.679881366E+00-2.077235460E+00-2.462826563E+00
-2.836601875E+00-3.198464470E+00-3.548280890E+00-3.885888840E+00-4.211104977E+00
-4.523732717E+00-4.823570130E+00-5.110417738E+00-5.384086109E+00-5.644403069E+00
-5.891220674E+00-6.124421553E+00-6.343924308E+00-6.549688436E+00-6.741718114E+00
-6.920064954E+00-7.084830016E+00-7.236164277E+00-7.374268477E+00-7.499391619E+00
-7.611828959E+00-7.711918623E+00-7.800038055E+00-7.876599647E+00-7.942045812E+00
-7.996844219E+00-8.041482512E+00-8.076463229E+00-1.656079232E+00-1.672865814E+00
-1.687379967E+00-1.699542578E+00-1.709228021E+00-1.716223988E+00-1.720182640E+00
-1.720574548E+00-1.716664408E+00-1.707523418E+00-1.692071816E+00-1.669126773E+00
-1.637522880E+00-1.590403488E+00-1.497575443E+00-1.364998836E+00-1.187994886E+00
-9.597682299E-01-6.848101961E-01-4.031650231E-01-1.222928604E-01 1.609917970E-01
 4.502682934E-01 7.427330127E-01 1.027957235E+00 1.308803596E+00 1.587204046E+00
 1.864615927E+00 2.142207456E+00 2.420943217E+00 2.701633605E+00 2.984982759E+00
 3.271651431E+00 3.562292475E+00 3.857525151E+00 4.157897156E+00 4.463862251E+00
 4.775751728E+00 5.093706361E+00 5.417494954E+00 5.746007042E+00 6.094400764E+00
 6.470275759E+00 6.873779103E+00 7.306073429E+00 7.769015384E+00 8.265085741E+00
 8.797416699E+00 9.369875646E+00 9.987199392E+00 1.065518502E+01 1.138095099E+01
 1.217328612E+01 1.304310651E+01 1.400403024E+01 1.507304234E+01 1.627111778E+01
 1.762345934E+01 1.911912312E+01 2.039183964E+01 2.142805288E+01 2.222689821E+01
 2.278623249E+01 2.314676827E+01 2.329284663E+01 2.320711605E+01 2.291686841E+01
 2.239179849E+01 2.159863630E+01 2.054916282E+01 1.919573834E+01 1.761942529E+01
 1.619818155E+01 1.491840043E+01 1.375653126E+01 1.269291918E+01 1.171162211E+01
 1.079984316E+01 9.947313157E+00 9.145750929E+00 8.388430756E+00 7.669846795E+00
 6.985456630E+00 6.331485816E+00 5.704778002E+00 5.102679849E+00 4.522951470E+00
 3.963696463E+00 3.423306595E+00 2.900417787E+00 2.393874671E+00 1.902701850E+00
 1.426080320E+00 9.633279023E-01 5.138828162E-01 7.728971906E-02-3.468124147E-01
-7.587009301E-01-1.158579042E+00-1.546584568E+00-1.922798065E+00-2.287250548E+00
-2.639930910E+00-2.980793132E+00-3.309763405E+00-3.626747064E+00-3.931635469E+00
-4.224312739E+00-4.504662272E+00-4.772573038E+00-5.027945593E+00-5.270697671E+00
-5.500769109E+00-5.718126616E+00-5.922767394E+00-6.114722489E+00-6.294058959E+00
-6.460881724E+00-6.615334119E+00-6.757598167E+00-6.887893599E+00-7.006476548E+00
-7.113637387E+00-7.209698205E+00-7.295009615E+00-7.369947525E+00-7.434909119E+00
-7.490309468E+00-7.536577313E+00-1.447874842E+00-1.455936601E+00-1.461093021E+00
-1.463114560E+00-1.461712849E+00-1.456517566E+00-1.447052218E+00-1.432712745E+00
-1.412752816E+00-1.386277280E+00-1.352240537E+00-1.309442360E+00-1.256512595E+00
-1.191878925E+00-1.114135640E+00-1.008653007E+00-8.576061747E-01-6.506627333E-01
-3.951928034E-01-1.290352169E-01 1.401203375E-01 4.153037774E-01 6.996779533E-01
 9.892089159E-01 1.272012071E+00 1.550494082E+00 1.826593708E+00 2.101832371E+00
 2.377414855E+00 2.654312717E+00 2.933323437E+00 3.215124848E+00 3.500338149E+00
 3.789560359E+00 4.083335036E+00 4.382105202E+00 4.686173343E+00 4.995648987E+00
 5.310365674E+00 5.629777605E+00 5.952918475E+00 6.296232299E+00 6.668317404E+00
 7.069284659E+00 7.499996633E+00 7.962050963E+00 8.457747737E+00 8.990098631E+00
 9.562890422E+00 1.018080453E+01 1.084959867E+01 1.157636187E+01 1.236985971E+01
 1.324098867E+01 1.420335007E+01 1.527391616E+01 1.647365684E+01 1.782778445E+01
 1.932610043E+01 2.060034225E+01 2.163916340E+01 2.244092349E+01 2.300246003E+01
 2.336632768E+01 2.351606812E+01 2.343326140E+01 2.314710119E+01 2.262648472E+01
 2.183703114E+01 2.079247149E+01 1.944433829E+01 1.787236297E+01 1.645646511E+01
 1.518221100E+01 1.402604431E+01 1.296831737E+01 1.199310083E+01 1.108761133E+01
 1.024159185E+01 9.446771540E+00 8.696432751E+00 7.985075592E+00 7.308161863E+00
 6.661919206E+00 6.043191548E+00 5.449323694E+00 4.878071664E+00 4.327532632E+00
 3.796089401E+00 3.282366042E+00 2.785192337E+00 2.303574760E+00 1.836672671E+00
 1.383778538E+00 9.443013445E-01 5.177524659E-01 1.037334766E-01-2.980745046E-01
-6.879203155E-01-1.065991332E+00-1.432421353E+00-1.787297941E+00-2.130669398E+00
-2.462551375E+00-2.782933268E+00-3.091784360E+00-3.389059819E+00-3.674706420E+00
-3.948668063E+00-4.210891118E+00-4.461329157E+00-4.699947784E+00-4.926728639E+00
-5.141673179E+00-5.344805715E+00-5.536176244E+00-5.715862343E+00-5.883970586E+00
-6.040637454E+00-6.186029524E+00-6.320343046E+00-6.443803146E+00-6.556662374E+00
-6.659198927E+00-6.751714366E+00-6.834531293E+00-6.907990551E+00-6.972448386E+00
-7.028273497E+00
 9.525934420E-01 9.712684010E-01 9.732078500E-01 9.764530890E-01 9.798762700E-01
 9.835591040E-01 9.888240290E-01 9.925872090E-01 9.958475630E-01 9.999412640E-01
 1.003540850E+00 1.007409540E+00 1.011315910E+00 1.015342150E+00 1.019413630E+00
 1.023406870E+00 1.027522510E+00 1.031734480E+00 1.035818090E+00 1.040193840E+00
 1.044426330E+00 1.048618150E+00 1.053104560E+00 1.057530380E+00 1.061894460E+00
 1.066388430E+00 1.070878650E+00 1.075330440E+00 1.079929430E+00 1.084511530E+00
 1.089088800E+00 1.093727980E+00 1.098395180E+00 1.103093410E+00 1.107839240E+00
 1.112615620E+00 1.117435020E+00 1.122272840E+00 1.127211140E+00 1.132137510E+00
 1.137101850E+00 1.142163260E+00 1.147280280E+00 1.152410480E+00 1.157613770E+00
 1.162864910E+00 1.168198980E+00 1.173576770E+00 1.179009230E+00 1.184515310E+00
 1.190099520E+00 1.195721200E+00 1.201417010E+00 1.207191160E+00 1.213051800E+00
 1.218970150E+00 1.224965970E+00 1.231030460E+00 1.237200110E+00 1.243435330E+00
 1.249751230E+00 1.256159920E+00 1.262681370E+00 1.269271570E+00 1.275953870E+00
 1.282729680E+00 1.289623710E+00 1.296620230E+00 1.303720890E+00 1.310927690E+00
 1.318238390E+00 1.325686880E+00 1.333236480E+00 1.340907330E+00 1.348712000E+00
 1.356652410E+00 1.364727290E+00 1.372926920E+00 1.381279800E+00 1.389774820E+00
 1.398425870E+00 1.407230230E+00 1.416192750E+00 1.425330500E+00 1.434640090E+00
 1.444128360E+00 1.453790450E+00 1.463644450E+00 1.473703700E+00 1.483969720E+00
 1.494452350E+00 1.505144710E+00 1.516061900E+00 1.527220980E+00 1.538628520E+00
 1.550292730E+00 1.562221610E+00 1.574409030E+00 1.586893770E+00 1.599684660E+00
 1.612777380E+00 1.626177830E+00 1.639904180E+00 1.654031820E+00 1.668557140E+00
 1.683472470E+00 1.698768870E+00 1.714483660E+00 1.730666280E+00 1.747337690E+00
 1.764521660E+00 1.782229890E+00 1.800515040E+00 1.819437250E+00 1.838944850E+00
 1.859027230E+00 1.879769590E+00 1.901250000E+00 1.923536520E+00 1.946603780E+00
 1.970441000E+00 1.995086970E+00 2.020549730E+00 2.046804960E+00 2.073987980E+00
 2.102451550E+00 2.132545580E+00 2.164746680E+00 2.199477870E+00
  107    6
 3.500000006E+00 0.000000000E+00 3.509427124E+00 1.338235294E-01 3.527922794E+00
 2.428921115E-01 3.549184676E+00 3.345588235E-01 3.568939010E+00 4.014705882E-01
 3.599016544E+00 4.872338139E-01 3.634563419E+00 5.733735280E-01 3.670110294E+00
 6.483487358E-01 3.705657169E+00 7.149491708E-01 3.741204044E+00 7.750115689E-01
 3.776750919E+00 8.297727459E-01 3.812297794E+00 8.800593941E-01 3.856359191E+00
 9.367647059E-01 3.914083355E+00 1.003676471E+00 3.954485294E+00 1.045915836E+00
 3.990032169E+00 1.080648277E+00 4.053945029E+00 1.137500000E+00 4.096672794E+00
 1.172112008E+00 4.139894449E+00 1.204411765E+00 4.203313419E+00 1.248207742E+00
 4.240137238E+00 1.271323529E+00 4.309954044E+00 1.312143656E+00 4.360037580E+00
 1.338235294E+00 4.416594669E+00 1.365842877E+00 4.487688419E+00 1.396325886E+00
 4.523235294E+00 1.410351576E+00 4.594329044E+00 1.435730510E+00 4.665422794E+00
 1.457236139E+00 4.722962736E+00 1.472058824E+00 4.772063419E+00 1.483577515E+00
 4.843157169E+00 1.496598504E+00 4.914250919E+00 1.505481119E+00 4.985344669E+00
 1.509824455E+00 5.056438419E+00 1.508810166E+00 5.127532169E+00 1.500949782E+00
 5.198625919E+00 1.483461372E+00 5.234172794E+00 1.469714506E+00 5.305266544E+00
 1.431795828E+00 5.340813419E+00 1.403731985E+00 5.403597317E+00 1.338235294E+00
 5.447454044E+00 1.276812012E+00 5.483000919E+00 1.214340392E+00 5.518547794E+00
 1.138796932E+00 5.545997382E+00 1.070588235E+00 5.570149933E+00 1.003676471E+00
 5.591934021E+00 9.367647059E-01 5.625188419E+00 8.194683422E-01 5.645545574E+00
 7.360294118E-01 5.660735294E+00 6.659038750E-01 5.684556953E+00 5.352941176E-01
 5.696282169E+00 4.518895103E-01 5.708617835E+00 3.345588235E-01 5.715354993E+00
 2.007352941E-01 5.714397834E+00 6.691176471E-02 5.705669114E+00-6.691176471E-02
 5.696282169E+00-1.491891085E-01 5.678408538E+00-2.676470588E-01 5.660735294E+00
-3.591797193E-01 5.636127824E+00-4.683823529E-01 5.618996324E+00-5.352941176E-01
 5.589641544E+00-6.401573628E-01 5.559964785E+00-7.360294118E-01 5.537540110E+00
-8.029411765E-01 5.513759990E+00-8.698529412E-01 5.483000919E+00-9.514370240E-01
 5.447454044E+00-1.036850090E+00 5.411907169E+00-1.113351033E+00 5.376360294E+00
-1.181245429E+00 5.340813419E+00-1.240539311E+00 5.305266544E+00-1.290965328E+00
 5.263886756E+00-1.338235294E+00 5.198625919E+00-1.395681022E+00 5.163079044E+00
-1.418272901E+00 5.091985294E+00-1.448177763E+00 5.020891544E+00-1.462454100E+00
 4.949797794E+00-1.466220815E+00 4.878704044E+00-1.462104928E+00 4.807610294E+00
-1.451537119E+00 4.736516544E+00-1.435281117E+00 4.665422794E+00-1.413639952E+00
 4.629875919E+00-1.401010871E+00 4.558782169E+00-1.373672522E+00 4.487688419E+00
-1.341572917E+00 4.452141544E+00-1.324228922E+00 4.381047794E+00-1.286504968E+00
 4.345500919E+00-1.265865462E+00 4.274407169E+00-1.222279893E+00 4.238860294E+00
-1.198577835E+00 4.167766544E+00-1.148476870E+00 4.132219669E+00-1.121520191E+00
 4.069158516E+00-1.070588235E+00 4.025579044E+00-1.033144519E+00 3.990032169E+00
-1.000778198E+00 3.924101946E+00-9.367647059E-01 3.883391544E+00-8.940774061E-01
 3.847844669E+00-8.545657147E-01 3.804032264E+00-8.029411765E-01 3.752405743E+00
-7.360294118E-01 3.705894893E+00-6.691176471E-01 3.670110294E+00-6.121779916E-01
 3.634563419E+00-5.489366128E-01 3.599016544E+00-4.765016111E-01 3.568114925E+00
-4.014705882E-01 3.545477872E+00-3.345588235E-01 3.527630631E+00-2.676470588E-01
 3.505450692E+00-1.338235294E-01 3.500000006E+00 0.000000000E+00
 5.999999995E+00 1.930000000E+00 3.500000006E+00 1.930000000E+00 3.500000006E+00
-1.930000000E+00 5.999999995E+00-1.930000000E+00 5.999999995E+00 1.930000000E+00
 5.999999995E+00 1.930000000E+00
    0 1.100000000E+01    0
