Major radius (central)
   0.460944850E+01
Major radius (axis)
   0.475680899E+01
Magnetic field at major radius
   0.108581319E+02
Total toroidal current
   0.125773042E+02
Number of poloidal modes
   16
Number of radial mesh points
  151
Radial mesh: sqrt(Psi/Psilim)
   0.000000000E+00   0.793848798E-02   0.158687813E-01   0.237911497E-01
   0.317047749E-01   0.396088267E-01   0.475026472E-01   0.553859135E-01
   0.632587611E-01   0.711218321E-01   0.789762063E-01   0.868232349E-01
   0.946643440E-01   0.102500845E+00   0.110333774E+00   0.118163790E+00
   0.125991154E+00   0.133815757E+00   0.141637175E+00   0.149454739E+00
   0.157267624E+00   0.165074955E+00   0.172875890E+00   0.180669645E+00
   0.188455502E+00   0.196232826E+00   0.204001115E+00   0.211760026E+00
   0.219509369E+00   0.227249051E+00   0.234979031E+00   0.242699285E+00
   0.250409779E+00   0.258110426E+00   0.265801051E+00   0.273481377E+00
   0.281151054E+00   0.288809689E+00   0.296456884E+00   0.304092250E+00
   0.311715417E+00   0.319326039E+00   0.326923786E+00   0.334508339E+00
   0.342079377E+00   0.349636569E+00   0.357179577E+00   0.364708058E+00
   0.372221673E+00   0.379720089E+00   0.387202982E+00   0.394670037E+00
   0.402120952E+00   0.409555433E+00   0.416973199E+00   0.424373968E+00
   0.431757456E+00   0.439123373E+00   0.446471422E+00   0.453801298E+00
   0.461112694E+00   0.468405295E+00   0.475678788E+00   0.482932859E+00
   0.490167198E+00   0.497381498E+00   0.504575450E+00   0.511748749E+00
   0.518901089E+00   0.526032161E+00   0.533141656E+00   0.540229263E+00
   0.547294667E+00   0.554337552E+00   0.561357597E+00   0.568354481E+00
   0.575327877E+00   0.582277457E+00   0.589202889E+00   0.596103836E+00
   0.602979961E+00   0.609830923E+00   0.616656381E+00   0.623455993E+00
   0.630229414E+00   0.636976300E+00   0.643696305E+00   0.650389080E+00
   0.657054279E+00   0.663691550E+00   0.670300542E+00   0.676880898E+00
   0.683432261E+00   0.689954270E+00   0.696446563E+00   0.702908774E+00
   0.709340536E+00   0.715741482E+00   0.722111241E+00   0.728449441E+00
   0.734755712E+00   0.741029680E+00   0.747270969E+00   0.753479201E+00
   0.759653992E+00   0.765794961E+00   0.771901717E+00   0.777973871E+00
   0.784011028E+00   0.790012789E+00   0.795978751E+00   0.801908511E+00
   0.807801658E+00   0.813657783E+00   0.819476467E+00   0.825257293E+00
   0.830999834E+00   0.836703663E+00   0.842368345E+00   0.847993440E+00
   0.853578502E+00   0.859123075E+00   0.864626698E+00   0.870088902E+00
   0.875509218E+00   0.880887171E+00   0.886222284E+00   0.891514076E+00
   0.896762059E+00   0.901965734E+00   0.907124587E+00   0.912238077E+00
   0.917305631E+00   0.922326643E+00   0.927300476E+00   0.932226471E+00
   0.937103966E+00   0.941932313E+00   0.946710898E+00   0.951439158E+00
   0.956116586E+00   0.960742720E+00   0.965317114E+00   0.969839302E+00
   0.974308767E+00   0.978724979E+00   0.983087491E+00   0.987396037E+00
   0.991650635E+00   0.995851672E+00   0.100000000E+01
Fourier equilibrium coefficients
   0.475680899E+01   0.475680312E+01   0.475678551E+01   0.475675615E+01
   0.475671506E+01   0.475666222E+01   0.475659764E+01   0.475652132E+01
   0.475643326E+01   0.475633345E+01   0.475622191E+01   0.475609862E+01
   0.475596359E+01   0.475581682E+01   0.475565831E+01   0.475548805E+01
   0.475530606E+01   0.475511232E+01   0.475490684E+01   0.475468962E+01
   0.475446066E+01   0.475421996E+01   0.475396751E+01   0.475370420E+01
   0.475343090E+01   0.475314784E+01   0.475285531E+01   0.475255359E+01
   0.475224295E+01   0.475192353E+01   0.475159546E+01   0.475125887E+01
   0.475091404E+01   0.475056124E+01   0.475020076E+01   0.474983285E+01
   0.474945776E+01   0.474907573E+01   0.474868705E+01   0.474829200E+01
   0.474789084E+01   0.474748365E+01   0.474707049E+01   0.474665142E+01
   0.474622658E+01   0.474579609E+01   0.474536014E+01   0.474491910E+01
   0.474447336E+01   0.474402333E+01   0.474356934E+01   0.474311172E+01
   0.474265078E+01   0.474218666E+01   0.474171949E+01   0.474124937E+01
   0.474077637E+01   0.474030053E+01   0.473982192E+01   0.473934059E+01
   0.473885663E+01   0.473837012E+01   0.473788114E+01   0.473738980E+01
   0.473689617E+01   0.473640035E+01   0.473590243E+01   0.473540249E+01
   0.473490062E+01   0.473439693E+01   0.473389150E+01   0.473338440E+01
   0.473287571E+01   0.473236549E+01   0.473185374E+01   0.473134050E+01
   0.473082574E+01   0.473030942E+01   0.472979148E+01   0.472927186E+01
   0.472875047E+01   0.472822724E+01   0.472770207E+01   0.472717491E+01
   0.472664568E+01   0.472611433E+01   0.472558082E+01   0.472504515E+01
   0.472450730E+01   0.472396728E+01   0.472342512E+01   0.472288086E+01
   0.472233456E+01   0.472178629E+01   0.472123613E+01   0.472068417E+01
   0.472013053E+01   0.471957533E+01   0.471901870E+01   0.471846082E+01
   0.471790186E+01   0.471734198E+01   0.471678136E+01   0.471622018E+01
   0.471565861E+01   0.471509685E+01   0.471453508E+01   0.471397349E+01
   0.471341226E+01   0.471285159E+01   0.471229169E+01   0.471173275E+01
   0.471117500E+01   0.471061865E+01   0.471006396E+01   0.470951118E+01
   0.470896056E+01   0.470841239E+01   0.470786695E+01   0.470732457E+01
   0.470678556E+01   0.470625029E+01   0.470571919E+01   0.470519271E+01
   0.470467134E+01   0.470415558E+01   0.470364598E+01   0.470314306E+01
   0.470264733E+01   0.470215930E+01   0.470167949E+01   0.470120849E+01
   0.470074690E+01   0.470029546E+01   0.469985537E+01   0.469942797E+01
   0.469901477E+01   0.469861800E+01   0.469824007E+01   0.469788271E+01
   0.469754494E+01   0.469722505E+01   0.469691912E+01   0.469661427E+01
   0.469629535E+01   0.469595117E+01   0.469558636E+01   0.469520948E+01
   0.469482910E+01   0.469445379E+01   0.469409211E+01
   0.547182479E-01   0.547177988E-01   0.547164514E-01   0.547142059E-01
   0.547110621E-01   0.547070200E-01   0.547020798E-01   0.546962413E-01
   0.546895045E-01   0.546818696E-01   0.546733364E-01   0.546639050E-01
   0.546535754E-01   0.546423475E-01   0.546302214E-01   0.546171971E-01
   0.546032745E-01   0.545884537E-01   0.545727347E-01   0.545561174E-01
   0.545386019E-01   0.545201882E-01   0.545008763E-01   0.544807061E-01
   0.544597175E-01   0.544379099E-01   0.544153280E-01   0.543920280E-01
   0.543680500E-01   0.543433711E-01   0.543179523E-01   0.542917711E-01
   0.542648697E-01   0.542373066E-01   0.542091276E-01   0.541803277E-01
   0.541508891E-01   0.541208011E-01   0.540900815E-01   0.540587551E-01
   0.540268393E-01   0.539943232E-01   0.539611884E-01   0.539274204E-01
   0.538930204E-01   0.538579933E-01   0.538223496E-01   0.537861218E-01
   0.537493481E-01   0.537120588E-01   0.536742535E-01   0.536359236E-01
   0.535970628E-01   0.535576732E-01   0.535177591E-01   0.534773196E-01
   0.534363336E-01   0.533947752E-01   0.533526226E-01   0.533098713E-01
   0.532665208E-01   0.532225675E-01   0.531779938E-01   0.531327791E-01
   0.530869034E-01   0.530403508E-01   0.529931063E-01   0.529451552E-01
   0.528964836E-01   0.528470779E-01   0.527969218E-01   0.527459886E-01
   0.526942487E-01   0.526416732E-01   0.525882346E-01   0.525339061E-01
   0.524786584E-01   0.524224523E-01   0.523652466E-01   0.523070006E-01
   0.522476771E-01   0.521872398E-01   0.521256490E-01   0.520628529E-01
   0.519987961E-01   0.519334255E-01   0.518666967E-01   0.517985671E-01
   0.517289924E-01   0.516579211E-01   0.515852998E-01   0.515110747E-01
   0.514351896E-01   0.513575882E-01   0.512782138E-01   0.511970104E-01
   0.511139215E-01   0.510288883E-01   0.509418408E-01   0.508527063E-01
   0.507614118E-01   0.506678842E-01   0.505720502E-01   0.504738333E-01
   0.503731451E-01   0.502698940E-01   0.501639863E-01   0.500553207E-01
   0.499437942E-01   0.498292996E-01   0.497117156E-01   0.495909167E-01
   0.494667745E-01   0.493391474E-01   0.492078907E-01   0.490728555E-01
   0.489338764E-01   0.487907840E-01   0.486434035E-01   0.484915384E-01
   0.483349871E-01   0.481735410E-01   0.480069646E-01   0.478350155E-01
   0.476574382E-01   0.474739251E-01   0.472841551E-01   0.470877958E-01
   0.468844672E-01   0.466737777E-01   0.464553327E-01   0.462287256E-01
   0.459935471E-01   0.457493532E-01   0.454955605E-01   0.452315511E-01
   0.449566163E-01   0.446696856E-01   0.443695979E-01   0.440552435E-01
   0.437257190E-01   0.433801725E-01   0.430180583E-01   0.426400562E-01
   0.422471524E-01   0.418393709E-01   0.414128877E-01   0.409629167E-01
   0.404846717E-01   0.399733667E-01   0.394242156E-01
   0.000000000E+00   0.782132422E-02   0.156396544E-01   0.234515286E-01
   0.312542870E-01   0.390460716E-01   0.468258263E-01   0.545933218E-01
   0.623492574E-01   0.700952368E-01   0.778336642E-01   0.855674184E-01
   0.932999898E-01   0.101035039E+00   0.108774550E+00   0.116519814E+00
   0.124271466E+00   0.132028109E+00   0.139787150E+00   0.147545918E+00
   0.155304304E+00   0.163063017E+00   0.170822656E+00   0.178582925E+00
   0.186343183E+00   0.194102586E+00   0.201859823E+00   0.209613313E+00
   0.217361987E+00   0.225107655E+00   0.232853210E+00   0.240601132E+00
   0.248350814E+00   0.256100654E+00   0.263849267E+00   0.271596905E+00
   0.279344320E+00   0.287092109E+00   0.294839944E+00   0.302587198E+00
   0.310333318E+00   0.318078287E+00   0.325822242E+00   0.333565284E+00
   0.341307321E+00   0.349048201E+00   0.356787775E+00   0.364525943E+00
   0.372262618E+00   0.379997724E+00   0.387731264E+00   0.395463261E+00
   0.403193712E+00   0.410922493E+00   0.418649439E+00   0.426374400E+00
   0.434097326E+00   0.441818190E+00   0.449536973E+00   0.457253671E+00
   0.464968290E+00   0.472680808E+00   0.480391100E+00   0.488099006E+00
   0.495804388E+00   0.503507208E+00   0.511207459E+00   0.518905121E+00
   0.526600125E+00   0.534292385E+00   0.541981816E+00   0.549668352E+00
   0.557351928E+00   0.565032473E+00   0.572709897E+00   0.580384100E+00
   0.588054988E+00   0.595722494E+00   0.603386556E+00   0.611047110E+00
   0.618704067E+00   0.626357336E+00   0.634006820E+00   0.641652415E+00
   0.649294013E+00   0.656931510E+00   0.664564830E+00   0.672193905E+00
   0.679818655E+00   0.687438964E+00   0.695054702E+00   0.702665732E+00
   0.710271895E+00   0.717873021E+00   0.725468956E+00   0.733059612E+00
   0.740644918E+00   0.748224776E+00   0.755798977E+00   0.763367280E+00
   0.770929459E+00   0.778485372E+00   0.786034895E+00   0.793577894E+00
   0.801114170E+00   0.808643510E+00   0.816165694E+00   0.823680493E+00
   0.831187670E+00   0.838686997E+00   0.846178279E+00   0.853661329E+00
   0.861135942E+00   0.868601835E+00   0.876058704E+00   0.883506243E+00
   0.890944157E+00   0.898372155E+00   0.905789938E+00   0.913197215E+00
   0.920593690E+00   0.927979042E+00   0.935352853E+00   0.942714672E+00
   0.950064049E+00   0.957400565E+00   0.964723803E+00   0.972033317E+00
   0.979328575E+00   0.986609012E+00   0.993874058E+00   0.100112314E+01
   0.100835570E+01   0.101557112E+01   0.102276875E+01   0.102994790E+01
   0.103710775E+01   0.104424685E+01   0.105136361E+01   0.105845661E+01
   0.106552530E+01   0.107256934E+01   0.107958943E+01   0.108659046E+01
   0.109357851E+01   0.110055799E+01   0.110752587E+01   0.111447717E+01
   0.112140677E+01   0.112830940E+01   0.113517967E+01
   0.000000000E+00   0.949819890E-02   0.189927750E-01   0.284795923E-01
   0.379553947E-01   0.474178062E-01   0.568653310E-01   0.662974415E-01
   0.757149440E-01   0.851198901E-01   0.945153586E-01   0.103904864E+00
   0.113292606E+00   0.122682979E+00   0.132078352E+00   0.141480247E+00
   0.150889399E+00   0.160304133E+00   0.169721348E+00   0.179137843E+00
   0.188553473E+00   0.197969058E+00   0.207385297E+00   0.216801859E+00
   0.226218021E+00   0.235632811E+00   0.245044668E+00   0.254451693E+00
   0.263852617E+00   0.273249690E+00   0.282646485E+00   0.292046081E+00
   0.301447811E+00   0.310849804E+00   0.320250454E+00   0.329650137E+00
   0.339049833E+00   0.348450351E+00   0.357851417E+00   0.367252415E+00
   0.376652806E+00   0.386052604E+00   0.395451983E+00   0.404851087E+00
   0.414249880E+00   0.423648275E+00   0.433046207E+00   0.442443752E+00
   0.451841027E+00   0.461238164E+00   0.470635324E+00   0.480032688E+00
   0.489430401E+00   0.498828433E+00   0.508226703E+00   0.517625147E+00
   0.527023823E+00   0.536422818E+00   0.545822228E+00   0.555222171E+00
   0.564622772E+00   0.574024134E+00   0.583426236E+00   0.592829021E+00
   0.602232460E+00   0.611636658E+00   0.621041758E+00   0.630447894E+00
   0.639855145E+00   0.649263576E+00   0.658673253E+00   0.668084260E+00
   0.677496681E+00   0.686910595E+00   0.696326041E+00   0.705743042E+00
   0.715161630E+00   0.724581855E+00   0.734003773E+00   0.743427433E+00
   0.752852849E+00   0.762280027E+00   0.771708971E+00   0.781139691E+00
   0.790572197E+00   0.800006512E+00   0.809442709E+00   0.818880879E+00
   0.828321108E+00   0.837763462E+00   0.847208002E+00   0.856654787E+00
   0.866103866E+00   0.875555285E+00   0.885009120E+00   0.894465566E+00
   0.903924852E+00   0.913387187E+00   0.922852659E+00   0.932321328E+00
   0.941793287E+00   0.951268760E+00   0.960748011E+00   0.970231296E+00
   0.979718812E+00   0.989210746E+00   0.998707289E+00   0.100820864E+01
   0.101771501E+01   0.102722663E+01   0.103674380E+01   0.104626684E+01
   0.105579607E+01   0.106533177E+01   0.107487420E+01   0.108442364E+01
   0.109398044E+01   0.110354499E+01   0.111311769E+01   0.112269903E+01
   0.113228949E+01   0.114188958E+01   0.115149977E+01   0.116112053E+01
   0.117075236E+01   0.118039599E+01   0.119005217E+01   0.119972170E+01
   0.120940535E+01   0.121910393E+01   0.122881827E+01   0.123854919E+01
   0.124829754E+01   0.125806427E+01   0.126785068E+01   0.127765815E+01
   0.128748836E+01   0.129734399E+01   0.130722801E+01   0.131714287E+01
   0.132708852E+01   0.133706426E+01   0.134706745E+01   0.135708766E+01
   0.136711221E+01   0.137713190E+01   0.138715288E+01   0.139718533E+01
   0.140723975E+01   0.141732692E+01   0.142745787E+01
   0.000000000E+00   0.170964624E-03   0.341686280E-03   0.511849375E-03
   0.681262815E-03   0.849860012E-03   0.101769888E-02   0.118490068E-02
   0.135139679E-02   0.151698980E-02   0.168147775E-02   0.184496037E-02
   0.200771013E-02   0.217002641E-02   0.233194140E-02   0.249337652E-02
   0.265423679E-02   0.281450020E-02   0.297416343E-02   0.313322277E-02
   0.329168527E-02   0.344956133E-02   0.360685695E-02   0.376355720E-02
   0.391963787E-02   0.407507615E-02   0.422987156E-02   0.438403057E-02
   0.453756369E-02   0.469049473E-02   0.484285376E-02   0.499467040E-02
   0.514596057E-02   0.529673689E-02   0.544701083E-02   0.559678763E-02
   0.574607041E-02   0.589486241E-02   0.604316968E-02   0.619099892E-02
   0.633835415E-02   0.648522865E-02   0.663161164E-02   0.677749163E-02
   0.692285943E-02   0.706770562E-02   0.721202767E-02   0.735585529E-02
   0.749922891E-02   0.764218535E-02   0.778473680E-02   0.792688889E-02
   0.806864592E-02   0.821000744E-02   0.835097126E-02   0.849153174E-02
   0.863167124E-02   0.877136759E-02   0.891060113E-02   0.904936833E-02
   0.918766980E-02   0.932550290E-02   0.946285177E-02   0.959969615E-02
   0.973601648E-02   0.987180039E-02   0.100070369E-01   0.101417147E-01
   0.102758222E-01   0.104093478E-01   0.105422772E-01   0.106745889E-01
   0.108062586E-01   0.109372605E-01   0.110675673E-01   0.111971506E-01
   0.113259790E-01   0.114540142E-01   0.115812143E-01   0.117075375E-01
   0.118329442E-01   0.119573949E-01   0.120808465E-01   0.122032451E-01
   0.123245330E-01   0.124446532E-01   0.125635597E-01   0.126812084E-01
   0.127975526E-01   0.129125398E-01   0.130261148E-01   0.131382211E-01
   0.132488009E-01   0.133577954E-01   0.134651458E-01   0.135707987E-01
   0.136747014E-01   0.137767970E-01   0.138770153E-01   0.139752811E-01
   0.140715192E-01   0.141656582E-01   0.142576266E-01   0.143473491E-01
   0.144347374E-01   0.145196986E-01   0.146021365E-01   0.146819471E-01
   0.147590226E-01   0.148332507E-01   0.149045078E-01   0.149726652E-01
   0.150375883E-01   0.150991275E-01   0.151571266E-01   0.152114231E-01
   0.152618397E-01   0.153081922E-01   0.153502880E-01   0.153879129E-01
   0.154208438E-01   0.154488477E-01   0.154716677E-01   0.154890364E-01
   0.155006690E-01   0.155062282E-01   0.155053574E-01   0.154976775E-01
   0.154827433E-01   0.154600849E-01   0.154292177E-01   0.153896319E-01
   0.153408027E-01   0.152821554E-01   0.152129489E-01   0.151323859E-01
   0.150396142E-01   0.149336140E-01   0.148133049E-01   0.146774397E-01
   0.145241712E-01   0.143514634E-01   0.141577467E-01   0.139434946E-01
   0.137097271E-01   0.134563412E-01   0.131785645E-01   0.128703259E-01
   0.125253997E-01   0.121374063E-01   0.116998115E-01
   0.000000000E+00   0.284415213E-04   0.570703894E-04   0.861450010E-04
   0.115801953E-03   0.146056043E-03   0.176800268E-03   0.207878177E-03
   0.239383602E-03   0.271588315E-03   0.304792441E-03   0.338952442E-03
   0.373837757E-03   0.409190700E-03   0.445021415E-03   0.481450986E-03
   0.518600279E-03   0.556442509E-03   0.594892749E-03   0.633864543E-03
   0.673337458E-03   0.713312393E-03   0.753792423E-03   0.794777795E-03
   0.836269441E-03   0.878261024E-03   0.920708004E-03   0.963550375E-03
   0.100673809E-02   0.105028643E-02   0.109423390E-02   0.113860861E-02
   0.118336986E-02   0.122845385E-02   0.127380460E-02   0.131941980E-02
   0.136531414E-02   0.141149759E-02   0.145794839E-02   0.150463507E-02
   0.155153257E-02   0.159864840E-02   0.164600098E-02   0.169360612E-02
   0.174145876E-02   0.178954834E-02   0.183785950E-02   0.188635725E-02
   0.193499960E-02   0.198375031E-02   0.203260518E-02   0.208156949E-02
   0.213064767E-02   0.217983581E-02   0.222912816E-02   0.227852360E-02
   0.232803876E-02   0.237769663E-02   0.242751778E-02   0.247750581E-02
   0.252766018E-02   0.257798350E-02   0.262849029E-02   0.267919922E-02
   0.273012896E-02   0.278129356E-02   0.283270659E-02   0.288438186E-02
   0.293633157E-02   0.298856800E-02   0.304110619E-02   0.309397048E-02
   0.314718866E-02   0.320078905E-02   0.325479798E-02   0.330924208E-02
   0.336415082E-02   0.341956180E-02   0.347551594E-02   0.353205452E-02
   0.358921507E-02   0.364703511E-02   0.370555547E-02   0.376482666E-02
   0.382490304E-02   0.388583815E-02   0.394767638E-02   0.401046059E-02
   0.407423580E-02   0.413905237E-02   0.420496309E-02   0.427202194E-02
   0.434028367E-02   0.440980418E-02   0.448064010E-02   0.455284673E-02
   0.462647990E-02   0.470159853E-02   0.477827036E-02   0.485656659E-02
   0.493655957E-02   0.501832118E-02   0.510192428E-02   0.518744537E-02
   0.527497104E-02   0.536459195E-02   0.545640184E-02   0.555050076E-02
   0.564699206E-02   0.574598370E-02   0.584759558E-02   0.595195269E-02
   0.605918457E-02   0.616943076E-02   0.628283572E-02   0.639954952E-02
   0.651973551E-02   0.664356314E-02   0.677120931E-02   0.690286995E-02
   0.703874913E-02   0.717906007E-02   0.732403965E-02   0.747393472E-02
   0.762900619E-02   0.778955552E-02   0.795589972E-02   0.812837184E-02
   0.830734849E-02   0.849322386E-02   0.868640158E-02   0.888729684E-02
   0.909633434E-02   0.931397758E-02   0.954082022E-02   0.977749961E-02
   0.100247542E-01   0.102836890E-01   0.105555241E-01   0.108414339E-01
   0.111423154E-01   0.114590081E-01   0.117921484E-01   0.121414991E-01
   0.125065861E-01   0.128876977E-01   0.132882767E-01   0.137126468E-01
   0.141652411E-01   0.146506015E-01   0.151733790E-01
  -0.000000000E+00  -0.186630550E-05  -0.747501713E-05  -0.168408275E-04
  -0.299784294E-04  -0.469025154E-04  -0.676277782E-04  -0.921689105E-04
  -0.120540605E-03  -0.152757554E-03  -0.188834451E-03  -0.228785988E-03
  -0.272626858E-03  -0.320371753E-03  -0.372035366E-03  -0.427632390E-03
  -0.487177518E-03  -0.550685442E-03  -0.618170855E-03  -0.689648449E-03
  -0.765132917E-03  -0.844638953E-03  -0.928181247E-03  -0.101581743E-02
  -0.110759533E-02  -0.120353441E-02  -0.130364741E-02  -0.140794384E-02
  -0.151644073E-02  -0.162919328E-02  -0.174627153E-02  -0.186774340E-02
  -0.199364778E-02  -0.212401563E-02  -0.225888234E-02  -0.239830311E-02
  -0.254234066E-02  -0.269105158E-02  -0.284445668E-02  -0.300256514E-02
  -0.316539158E-02  -0.333298249E-02  -0.350539434E-02  -0.368268337E-02
  -0.386489823E-02  -0.405208615E-02  -0.424429711E-02  -0.444159006E-02
  -0.464402765E-02  -0.485167591E-02  -0.506460937E-02  -0.528290668E-02
  -0.550664444E-02  -0.573588253E-02  -0.597067683E-02  -0.621108321E-02
  -0.645715618E-02  -0.670895008E-02  -0.696652055E-02  -0.722992777E-02
  -0.749923363E-02  -0.777450203E-02  -0.805580318E-02  -0.834320977E-02
  -0.863679717E-02  -0.893664782E-02  -0.924284727E-02  -0.955548314E-02
  -0.987464595E-02  -0.102004283E-01  -0.105329246E-01  -0.108722299E-01
  -0.112184411E-01  -0.115716558E-01  -0.119319709E-01  -0.122994840E-01
  -0.126742942E-01  -0.130565026E-01  -0.134462120E-01  -0.138435267E-01
  -0.142485532E-01  -0.146613992E-01  -0.150821764E-01  -0.155110051E-01
  -0.159480099E-01  -0.163933196E-01  -0.168470748E-01  -0.173094209E-01
  -0.177805085E-01  -0.182605002E-01  -0.187495642E-01  -0.192478733E-01
  -0.197556091E-01  -0.202729582E-01  -0.208001152E-01  -0.213372969E-01
  -0.218847293E-01  -0.224426431E-01  -0.230112740E-01  -0.235908628E-01
  -0.241816593E-01  -0.247839372E-01  -0.253979806E-01  -0.260240808E-01
  -0.266625402E-01  -0.273136688E-01  -0.279777859E-01  -0.286552294E-01
  -0.293463471E-01  -0.300514986E-01  -0.307710703E-01  -0.315054611E-01
  -0.322550827E-01  -0.330203727E-01  -0.338017823E-01  -0.345997796E-01
  -0.354148746E-01  -0.362475958E-01  -0.370984916E-01  -0.379681570E-01
  -0.388572089E-01  -0.397662840E-01  -0.406960637E-01  -0.416472508E-01
  -0.426205855E-01  -0.436169171E-01  -0.446371361E-01  -0.456821716E-01
  -0.467530526E-01  -0.478508503E-01  -0.489766603E-01  -0.501316098E-01
  -0.513168510E-01  -0.525336116E-01  -0.537833567E-01  -0.550676356E-01
  -0.563881399E-01  -0.577470386E-01  -0.591466604E-01  -0.605892568E-01
  -0.620766073E-01  -0.636103938E-01  -0.651912028E-01  -0.668150887E-01
  -0.684768363E-01  -0.701728936E-01  -0.719069436E-01  -0.736846094E-01
  -0.755116551E-01  -0.773939860E-01  -0.793376485E-01
   0.000000000E+00   0.126483535E-05   0.506648619E-05   0.114156697E-04
   0.203231030E-04   0.317995032E-04   0.458555876E-04   0.625020734E-04
   0.817496775E-04   0.103609117E-03   0.128091110E-03   0.155206373E-03
   0.184965622E-03   0.217379576E-03   0.252458952E-03   0.290214466E-03
   0.330656836E-03   0.373796778E-03   0.419645011E-03   0.468212252E-03
   0.519509216E-03   0.573546623E-03   0.630335188E-03   0.689915773E-03
   0.752322094E-03   0.817568599E-03   0.885665025E-03   0.956618919E-03
   0.103044277E-02   0.110717435E-02   0.118686120E-02   0.126954961E-02
   0.135526702E-02   0.144403579E-02   0.153588109E-02   0.163084034E-02
   0.172895569E-02   0.183026483E-02   0.193478043E-02   0.204250690E-02
   0.215345255E-02   0.226764911E-02   0.238513556E-02   0.250595059E-02
   0.263012694E-02   0.275769612E-02   0.288869089E-02   0.302314764E-02
   0.316110433E-02   0.330260124E-02   0.344768557E-02   0.359640749E-02
   0.374881559E-02   0.390494700E-02   0.406483593E-02   0.422851630E-02
   0.439602046E-02   0.456738028E-02   0.474262838E-02   0.492180049E-02
   0.510493337E-02   0.529206477E-02   0.548323578E-02   0.567848873E-02
   0.587786748E-02   0.608142044E-02   0.628919787E-02   0.650125095E-02
   0.671763180E-02   0.693839349E-02   0.716358978E-02   0.739327455E-02
   0.762750234E-02   0.786632808E-02   0.810980560E-02   0.835798900E-02
   0.861093311E-02   0.886869358E-02   0.913132683E-02   0.939889003E-02
   0.967144124E-02   0.994903929E-02   0.102317447E-01   0.105196226E-01
   0.108127400E-01   0.111111662E-01   0.114149773E-01   0.117242517E-01
   0.120390704E-01   0.123595203E-01   0.126856910E-01   0.130176741E-01
   0.133555648E-01   0.136994605E-01   0.140494628E-01   0.144056851E-01
   0.147682452E-01   0.151372631E-01   0.155128579E-01   0.158951507E-01
   0.162842670E-01   0.166803441E-01   0.170835243E-01   0.174939529E-01
   0.179117779E-01   0.183371505E-01   0.187702255E-01   0.192111652E-01
   0.196601357E-01   0.201173086E-01   0.205828665E-01   0.210569976E-01
   0.215398950E-01   0.220317603E-01   0.225328003E-01   0.230432287E-01
   0.235632754E-01   0.240931776E-01   0.246331807E-01   0.251835486E-01
   0.257445539E-01   0.263164773E-01   0.268996166E-01   0.274942784E-01
   0.281007843E-01   0.287195000E-01   0.293508078E-01   0.299950995E-01
   0.306527830E-01   0.313242757E-01   0.320099996E-01   0.327103705E-01
   0.334258079E-01   0.341567870E-01   0.349039864E-01   0.356681484E-01
   0.364500562E-01   0.372506107E-01   0.380707578E-01   0.389113259E-01
   0.397726045E-01   0.406547437E-01   0.415576235E-01   0.424800374E-01
   0.434204675E-01   0.443779375E-01   0.453538165E-01   0.463501048E-01
   0.473688521E-01   0.484121571E-01   0.494821677E-01
   0.000000000E+00   0.258157401E-06   0.103364607E-05   0.232799072E-05
   0.414271606E-05   0.647934677E-05   0.933940759E-05   0.127244232E-04
   0.166359183E-04   0.210754176E-04   0.260444458E-04   0.315445277E-04
   0.375771879E-04   0.441439511E-04   0.512463420E-04   0.588858854E-04
   0.670641059E-04   0.757825282E-04   0.850426771E-04   0.948460773E-04
   0.105194253E-03   0.116088730E-03   0.127531032E-03   0.139536702E-03
   0.152120265E-03   0.165286428E-03   0.179023101E-03   0.193311244E-03
   0.208137783E-03   0.223525836E-03   0.239511717E-03   0.256125114E-03
   0.273352361E-03   0.291165168E-03   0.309541099E-03   0.328495716E-03
   0.348056864E-03   0.368250016E-03   0.389081208E-03   0.410550950E-03
   0.432660568E-03   0.455416449E-03   0.478826524E-03   0.502898791E-03
   0.527640596E-03   0.553059236E-03   0.579160715E-03   0.605945134E-03
   0.633410605E-03   0.661558158E-03   0.690402860E-03   0.719964275E-03
   0.750260119E-03   0.781296905E-03   0.813078040E-03   0.845609267E-03
   0.878906761E-03   0.912990059E-03   0.947876872E-03   0.983574592E-03
   0.102008776E-02   0.105742283E-02   0.109559496E-02   0.113462200E-02
   0.117452158E-02   0.121530836E-02   0.125699648E-02   0.129960030E-02
   0.134313408E-02   0.138761227E-02   0.143305080E-02   0.147947094E-02
   0.152689580E-02   0.157534790E-02   0.162484522E-02   0.167540472E-02
   0.172704465E-02   0.177978763E-02   0.183365784E-02   0.188867903E-02
   0.194487138E-02   0.200225436E-02   0.206084957E-02   0.212068636E-02
   0.218179671E-02   0.224421216E-02   0.230796017E-02   0.237306745E-02
   0.243956239E-02   0.250747872E-02   0.257685213E-02   0.264771927E-02
   0.272011817E-02   0.279408790E-02   0.286966861E-02   0.294690248E-02
   0.302583285E-02   0.310650526E-02   0.318897133E-02   0.327328513E-02
   0.335950173E-02   0.344767654E-02   0.353786590E-02   0.363012873E-02
   0.372453100E-02   0.382114153E-02   0.392003084E-02   0.402127158E-02
   0.412493812E-02   0.423110850E-02   0.433987107E-02   0.445131832E-02
   0.456554556E-02   0.468265340E-02   0.480274543E-02   0.492592969E-02
   0.505232571E-02   0.518205790E-02   0.531525522E-02   0.545205697E-02
   0.559260735E-02   0.573705754E-02   0.588557778E-02   0.603834599E-02
   0.619555308E-02   0.635743095E-02   0.652422609E-02   0.669619239E-02
   0.687359648E-02   0.705671270E-02   0.724582238E-02   0.744121724E-02
   0.764319617E-02   0.785208866E-02   0.806832955E-02   0.829238833E-02
   0.852481203E-02   0.876643040E-02   0.901816160E-02   0.928088921E-02
   0.955528807E-02   0.984198942E-02   0.101411854E-01   0.104512488E-01
   0.107700433E-01   0.110963559E-01   0.114329125E-01   0.117835121E-01
   0.121520534E-01   0.125425344E-01   0.129590529E-01
   0.000000000E+00   0.240925825E-06   0.964293428E-06   0.217098800E-05
   0.386189474E-05   0.603789884E-05   0.869988548E-05   0.118487399E-04
   0.154853472E-04   0.196105926E-04   0.242253614E-04   0.293305387E-04
   0.349270097E-04   0.410156596E-04   0.475973736E-04   0.546730369E-04
   0.622435346E-04   0.703097521E-04   0.788725743E-04   0.879328867E-04
   0.974915743E-04   0.107549522E-03   0.118107616E-03   0.129175451E-03
   0.140762034E-03   0.152869579E-03   0.165488834E-03   0.178605740E-03
   0.192210354E-03   0.206317910E-03   0.220952792E-03   0.236134809E-03
   0.251853856E-03   0.268089735E-03   0.284826200E-03   0.302072871E-03
   0.319847706E-03   0.338166813E-03   0.357032196E-03   0.376441744E-03
   0.396393830E-03   0.416890473E-03   0.437934720E-03   0.459529532E-03
   0.481677240E-03   0.504380003E-03   0.527639134E-03   0.551452439E-03
   0.575816480E-03   0.600729715E-03   0.626199923E-03   0.652237838E-03
   0.678852726E-03   0.706045564E-03   0.733814948E-03   0.762160796E-03
   0.791089437E-03   0.820609169E-03   0.850726985E-03   0.881443196E-03
   0.912756158E-03   0.944665348E-03   0.977175803E-03   0.101029419E-02
   0.104402685E-02   0.107837802E-02   0.111335141E-02   0.114895070E-02
   0.118517929E-02   0.122204055E-02   0.125953859E-02   0.129768064E-02
   0.133647488E-02   0.137592887E-02   0.141604661E-02   0.145683116E-02
   0.149828616E-02   0.154041771E-02   0.158323266E-02   0.162673735E-02
   0.167093546E-02   0.171582997E-02   0.176142486E-02   0.180772855E-02
   0.185475075E-02   0.190250065E-02   0.195098441E-02   0.200020742E-02
   0.205017581E-02   0.210089854E-02   0.215238546E-02   0.220464662E-02
   0.225769208E-02   0.231153211E-02   0.236617727E-02   0.242163882E-02
   0.247792838E-02   0.253505836E-02   0.259304362E-02   0.265189997E-02
   0.271164324E-02   0.277228827E-02   0.283384984E-02   0.289634366E-02
   0.295978815E-02   0.302420274E-02   0.308960707E-02   0.315602026E-02
   0.322346154E-02   0.329195142E-02   0.336151430E-02   0.343217602E-02
   0.350396285E-02   0.357690117E-02   0.365101777E-02   0.372634053E-02
   0.380290005E-02   0.388072810E-02   0.395985737E-02   0.404032213E-02
   0.412215759E-02   0.420540081E-02   0.429009422E-02   0.437628227E-02
   0.446401396E-02   0.455335370E-02   0.464437105E-02   0.473713419E-02
   0.483170075E-02   0.492812642E-02   0.502646619E-02   0.512676867E-02
   0.522908145E-02   0.533346166E-02   0.544000305E-02   0.554881038E-02
   0.566000651E-02   0.577378058E-02   0.589034236E-02   0.600987388E-02
   0.613242899E-02   0.625802857E-02   0.638648572E-02   0.651677232E-02
   0.664762036E-02   0.677816521E-02   0.690928692E-02   0.704233556E-02
   0.717869825E-02   0.731979920E-02   0.746709965E-02
  -0.000000000E+00  -0.256399122E-03  -0.512683337E-03  -0.768716687E-03
  -0.102439930E-02  -0.127966739E-02  -0.153449326E-02  -0.178887677E-02
  -0.204280996E-02  -0.229628561E-02  -0.254931825E-02  -0.280200082E-02
  -0.305448082E-02  -0.330691691E-02  -0.355936515E-02  -0.381183952E-02
  -0.406433122E-02  -0.431678314E-02  -0.456910540E-02  -0.482120742E-02
  -0.507308602E-02  -0.532476713E-02  -0.557627175E-02  -0.582757873E-02
  -0.607865088E-02  -0.632944745E-02  -0.657993203E-02  -0.683006672E-02
  -0.707982927E-02  -0.732927656E-02  -0.757849631E-02  -0.782756427E-02
  -0.807646341E-02  -0.832514712E-02  -0.857357628E-02  -0.882176392E-02
  -0.906973949E-02  -0.931753154E-02  -0.956515390E-02  -0.981261693E-02
  -0.100599284E-01  -0.103070830E-01  -0.105540709E-01  -0.108008822E-01
  -0.110475098E-01  -0.112939469E-01  -0.115401945E-01  -0.117862886E-01
  -0.120322771E-01  -0.122782042E-01  -0.125240880E-01  -0.127699395E-01
  -0.130157696E-01  -0.132615872E-01  -0.135074008E-01  -0.137532199E-01
  -0.139990589E-01  -0.142449342E-01  -0.144908618E-01  -0.147368571E-01
  -0.149829353E-01  -0.152291116E-01  -0.154753992E-01  -0.157218111E-01
  -0.159683609E-01  -0.162150635E-01  -0.164619348E-01  -0.167089912E-01
  -0.169562523E-01  -0.172037391E-01  -0.174514718E-01  -0.176994676E-01
  -0.179477432E-01  -0.181963147E-01  -0.184451971E-01  -0.186944049E-01
  -0.189439522E-01  -0.191938518E-01  -0.194441157E-01  -0.196947556E-01
  -0.199457803E-01  -0.201971980E-01  -0.204490172E-01  -0.207012498E-01
  -0.209539080E-01  -0.212070047E-01  -0.214605544E-01  -0.217145721E-01
  -0.219690738E-01  -0.222240783E-01  -0.224796058E-01  -0.227356765E-01
  -0.229923113E-01  -0.232495313E-01  -0.235073597E-01  -0.237658267E-01
  -0.240249648E-01  -0.242848066E-01  -0.245453823E-01  -0.248067217E-01
  -0.250688568E-01  -0.253318253E-01  -0.255956671E-01  -0.258604222E-01
  -0.261261286E-01  -0.263928239E-01  -0.266605465E-01  -0.269293349E-01
  -0.271992281E-01  -0.274702654E-01  -0.277424853E-01  -0.280159264E-01
  -0.282906283E-01  -0.285666321E-01  -0.288439800E-01  -0.291227162E-01
  -0.294028913E-01  -0.296845582E-01  -0.299677696E-01  -0.302525744E-01
  -0.305390206E-01  -0.308271505E-01  -0.311169780E-01  -0.314085099E-01
  -0.317017578E-01  -0.319967562E-01  -0.322935461E-01  -0.325921886E-01
  -0.328928268E-01  -0.331956277E-01  -0.335007508E-01  -0.338083133E-01
  -0.341184228E-01  -0.344310910E-01  -0.347459329E-01  -0.350624512E-01
  -0.353801990E-01  -0.356989834E-01  -0.360186727E-01  -0.363392973E-01
  -0.366615578E-01  -0.369863435E-01  -0.373139449E-01  -0.376421503E-01
  -0.379680530E-01  -0.382893284E-01  -0.386062577E-01  -0.389198047E-01
  -0.392309621E-01  -0.395407520E-01  -0.398502254E-01
  -0.000000000E+00  -0.291479910E-03  -0.582860159E-03  -0.874041624E-03
  -0.116492426E-02  -0.145540710E-02  -0.174538827E-02  -0.203478727E-02
  -0.232363739E-02  -0.261206344E-02  -0.290023762E-02  -0.318827263E-02
  -0.347626670E-02  -0.376431768E-02  -0.405249281E-02  -0.434084480E-02
  -0.462940472E-02  -0.491813239E-02  -0.520694649E-02  -0.549576074E-02
  -0.578456513E-02  -0.607337220E-02  -0.636219344E-02  -0.665103153E-02
  -0.693988578E-02  -0.722874605E-02  -0.751756538E-02  -0.780628009E-02
  -0.809484804E-02  -0.838334927E-02  -0.867190946E-02  -0.896063940E-02
  -0.924953071E-02  -0.953853744E-02  -0.982762169E-02  -0.101168045E-01
  -0.104061250E-01  -0.106956175E-01  -0.109852838E-01  -0.112751157E-01
  -0.115651071E-01  -0.118552670E-01  -0.121456088E-01  -0.124361462E-01
  -0.127268935E-01  -0.130178657E-01  -0.133090782E-01  -0.136005481E-01
  -0.138922933E-01  -0.141843334E-01  -0.144766938E-01  -0.147694022E-01
  -0.150624838E-01  -0.153559507E-01  -0.156498111E-01  -0.159440735E-01
  -0.162387492E-01  -0.165338501E-01  -0.168293885E-01  -0.171253776E-01
  -0.174218314E-01  -0.177187627E-01  -0.180161803E-01  -0.183140918E-01
  -0.186125063E-01  -0.189114394E-01  -0.192109088E-01  -0.195109317E-01
  -0.198115212E-01  -0.201126897E-01  -0.204144497E-01  -0.207168146E-01
  -0.210197978E-01  -0.213234118E-01  -0.216276646E-01  -0.219325625E-01
  -0.222381116E-01  -0.225443164E-01  -0.228511812E-01  -0.231587089E-01
  -0.234669001E-01  -0.237757544E-01  -0.240852708E-01  -0.243954486E-01
  -0.247062864E-01  -0.250177839E-01  -0.253299446E-01  -0.256427732E-01
  -0.259562742E-01  -0.262704526E-01  -0.265853135E-01  -0.269008621E-01
  -0.272171042E-01  -0.275340458E-01  -0.278516943E-01  -0.281700632E-01
  -0.284891681E-01  -0.288090236E-01  -0.291296407E-01  -0.294510292E-01
  -0.297732005E-01  -0.300961709E-01  -0.304199581E-01  -0.307445796E-01
  -0.310700498E-01  -0.313963823E-01  -0.317235907E-01  -0.320516879E-01
  -0.323806865E-01  -0.327106001E-01  -0.330414441E-01  -0.333732352E-01
  -0.337059890E-01  -0.340397175E-01  -0.343744318E-01  -0.347101433E-01
  -0.350468639E-01  -0.353846062E-01  -0.357233834E-01  -0.360632132E-01
  -0.364041140E-01  -0.367461075E-01  -0.370892253E-01  -0.374335024E-01
  -0.377789732E-01  -0.381256664E-01  -0.384736099E-01  -0.388228195E-01
  -0.391732611E-01  -0.395248865E-01  -0.398776468E-01  -0.402314959E-01
  -0.405863870E-01  -0.409423321E-01  -0.412995866E-01  -0.416584746E-01
  -0.420193293E-01  -0.423824937E-01  -0.427483198E-01  -0.431169106E-01
  -0.434873296E-01  -0.438583501E-01  -0.442286624E-01  -0.445967272E-01
  -0.449609145E-01  -0.453200558E-01  -0.456749862E-01  -0.460270788E-01
  -0.463777467E-01  -0.467284432E-01  -0.470806617E-01
   0.000000000E+00   0.239320159E-04   0.478770070E-04   0.718533345E-04
   0.958701267E-04   0.119927279E-03   0.144015454E-03   0.168123411E-03
   0.192268359E-03   0.216488635E-03   0.240828064E-03   0.265296427E-03
   0.289886107E-03   0.314587217E-03   0.339412206E-03   0.364382767E-03
   0.389518889E-03   0.414820664E-03   0.440279336E-03   0.465885740E-03
   0.491643659E-03   0.517560991E-03   0.543645692E-03   0.569903882E-03
   0.596341177E-03   0.622961861E-03   0.649764421E-03   0.676744834E-03
   0.703901682E-03   0.731248934E-03   0.758806225E-03   0.786591208E-03
   0.814606419E-03   0.842849552E-03   0.871319309E-03   0.900022128E-03
   0.928966798E-03   0.958160943E-03   0.987605989E-03   0.101730126E-02
   0.104724866E-02   0.107746286E-02   0.110796283E-02   0.113876613E-02
   0.116988004E-02   0.120130902E-02   0.123305720E-02   0.126512819E-02
   0.129752525E-02   0.133025235E-02   0.136331719E-02   0.139672859E-02
   0.143049523E-02   0.146462448E-02   0.149912341E-02   0.153400007E-02
   0.156926646E-02   0.160493593E-02   0.164102150E-02   0.167753335E-02
   0.171448105E-02   0.175187441E-02   0.178972409E-02   0.182804109E-02
   0.186683666E-02   0.190612271E-02   0.194591141E-02   0.198621496E-02
   0.202704484E-02   0.206841245E-02   0.211032967E-02   0.215280993E-02
   0.219586723E-02   0.223951577E-02   0.228376976E-02   0.232864354E-02
   0.237415185E-02   0.242031021E-02   0.246713451E-02   0.251464082E-02
   0.256284483E-02   0.261176235E-02   0.266140982E-02   0.271180552E-02
   0.276296846E-02   0.281491780E-02   0.286767225E-02   0.292125059E-02
   0.297567197E-02   0.303095618E-02   0.308712339E-02   0.314419429E-02
   0.320219059E-02   0.326113457E-02   0.332104881E-02   0.338195617E-02
   0.344387982E-02   0.350684362E-02   0.357087303E-02   0.363599424E-02
   0.370223407E-02   0.376962039E-02   0.383818173E-02   0.390794740E-02
   0.397894849E-02   0.405121693E-02   0.412478535E-02   0.419968751E-02
   0.427595788E-02   0.435363221E-02   0.443274959E-02   0.451335052E-02
   0.459547673E-02   0.467917265E-02   0.476448406E-02   0.485145861E-02
   0.494014902E-02   0.503061010E-02   0.512289800E-02   0.521707099E-02
   0.531318871E-02   0.541131223E-02   0.551150486E-02   0.561383137E-02
   0.571836091E-02   0.582517677E-02   0.593436720E-02   0.604602973E-02
   0.616029425E-02   0.627730124E-02   0.639718873E-02   0.652007497E-02
   0.664607479E-02   0.677529772E-02   0.690782512E-02   0.704373182E-02
   0.718314570E-02   0.732640751E-02   0.747391953E-02   0.762607660E-02
   0.778321273E-02   0.794565177E-02   0.811367209E-02   0.828734617E-02
   0.846669292E-02   0.865184451E-02   0.884339817E-02   0.904208187E-02
   0.924864079E-02   0.946383731E-02   0.968845102E-02
  -0.000000000E+00  -0.320916643E-04  -0.641823496E-04  -0.962749273E-04
  -0.128365668E-03  -0.160444243E-03  -0.192493720E-03  -0.224496262E-03
  -0.256456704E-03  -0.288396863E-03  -0.320343544E-03  -0.352298403E-03
  -0.384250639E-03  -0.416187759E-03  -0.448111567E-03  -0.480029661E-03
  -0.511947113E-03  -0.543850450E-03  -0.575717380E-03  -0.607525138E-03
  -0.639265333E-03  -0.670934124E-03  -0.702527418E-03  -0.734037770E-03
  -0.765456558E-03  -0.796773877E-03  -0.827975393E-03  -0.859044658E-03
  -0.889967603E-03  -0.920744454E-03  -0.951380668E-03  -0.981879604E-03
  -0.101222962E-02  -0.104241417E-02  -0.107241813E-02  -0.110223628E-02
  -0.113186653E-02  -0.116130605E-02  -0.119054681E-02  -0.121957916E-02
  -0.124839328E-02  -0.127697914E-02  -0.130532651E-02  -0.133342525E-02
  -0.136126643E-02  -0.138884136E-02  -0.141614129E-02  -0.144315714E-02
  -0.146987971E-02  -0.149630037E-02  -0.152241318E-02  -0.154821308E-02
  -0.157369465E-02  -0.159885032E-02  -0.162367190E-02  -0.164815110E-02
  -0.167227914E-02  -0.169604711E-02  -0.171944623E-02  -0.174246853E-02
  -0.176510632E-02  -0.178735175E-02  -0.180919650E-02  -0.183063211E-02
  -0.185165012E-02  -0.187224228E-02  -0.189240040E-02  -0.191211617E-02
  -0.193138087E-02  -0.195018564E-02  -0.196852157E-02  -0.198637983E-02
  -0.200375154E-02  -0.202062762E-02  -0.203699824E-02  -0.205285332E-02
  -0.206818270E-02  -0.208297628E-02  -0.209722392E-02  -0.211091542E-02
  -0.212404058E-02  -0.213658920E-02  -0.214855061E-02  -0.215991269E-02
  -0.217066278E-02  -0.218078817E-02  -0.219027645E-02  -0.219911514E-02
  -0.220729146E-02  -0.221479168E-02  -0.222160171E-02  -0.222770714E-02
  -0.223309292E-02  -0.223774366E-02  -0.224164383E-02  -0.224477804E-02
  -0.224713076E-02  -0.224868588E-02  -0.224942548E-02  -0.224933097E-02
  -0.224838352E-02  -0.224656433E-02  -0.224385442E-02  -0.224023420E-02
  -0.223568258E-02  -0.223017785E-02  -0.222369788E-02  -0.221621998E-02
  -0.220772106E-02  -0.219817730E-02  -0.218756302E-02  -0.217585174E-02
  -0.216301611E-02  -0.214902652E-02  -0.213385242E-02  -0.211746208E-02
  -0.209982070E-02  -0.208089220E-02  -0.206063990E-02  -0.203902663E-02
  -0.201601465E-02  -0.199156571E-02  -0.196564171E-02  -0.193820409E-02
  -0.190921142E-02  -0.187861237E-02  -0.184635235E-02  -0.181237108E-02
  -0.177658854E-02  -0.173891826E-02  -0.169927586E-02  -0.165759129E-02
  -0.161379730E-02  -0.156783122E-02  -0.151965278E-02  -0.146922731E-02
  -0.141649562E-02  -0.136129966E-02  -0.130345297E-02  -0.124277783E-02
  -0.117914568E-02  -0.111243880E-02  -0.104252434E-02  -0.969214644E-03
  -0.892304919E-03  -0.811520483E-03  -0.726316565E-03  -0.636068571E-03
  -0.540136712E-03  -0.437866004E-03  -0.328586266E-03
  -0.000000000E+00  -0.621987828E-06  -0.248908374E-05  -0.560298638E-05
  -0.996539439E-05  -0.155780064E-04  -0.224425211E-04  -0.305606370E-04
  -0.399340529E-04  -0.505644674E-04  -0.624535791E-04  -0.756030867E-04
  -0.900146888E-04  -0.105690084E-03  -0.122630971E-03  -0.140839048E-03
  -0.160316015E-03  -0.181063569E-03  -0.203083410E-03  -0.226377235E-03
  -0.250946745E-03  -0.276793636E-03  -0.303919609E-03  -0.332329266E-03
  -0.362026079E-03  -0.393005542E-03  -0.425268291E-03  -0.458816457E-03
  -0.493653338E-03  -0.529786857E-03  -0.567226934E-03  -0.605981892E-03
  -0.646049944E-03  -0.687425852E-03  -0.730106101E-03  -0.774097719E-03
  -0.819411218E-03  -0.866055562E-03  -0.914030218E-03  -0.963331633E-03
  -0.101395864E-02  -0.106592231E-02  -0.111923778E-02  -0.117391454E-02
  -0.122993473E-02  -0.128727136E-02  -0.134590208E-02  -0.140583228E-02
  -0.146707547E-02  -0.152964500E-02  -0.159354983E-02  -0.165879814E-02
  -0.172539538E-02  -0.179333409E-02  -0.186260267E-02  -0.193319163E-02
  -0.200510307E-02  -0.207834242E-02  -0.215291387E-02  -0.222881558E-02
  -0.230604394E-02  -0.238459499E-02  -0.246446428E-02  -0.254564702E-02
  -0.262813807E-02  -0.271193192E-02  -0.279702268E-02  -0.288340476E-02
  -0.297107467E-02  -0.306002936E-02  -0.315026536E-02  -0.324177775E-02
  -0.333456108E-02  -0.342860967E-02  -0.352391773E-02  -0.362047928E-02
  -0.371828839E-02  -0.381734005E-02  -0.391762942E-02  -0.401915095E-02
  -0.412189664E-02  -0.422585763E-02  -0.433102521E-02  -0.443739207E-02
  -0.454495114E-02  -0.465369490E-02  -0.476361437E-02  -0.487470005E-02
  -0.498694241E-02  -0.510033257E-02  -0.521486171E-02  -0.533052019E-02
  -0.544729565E-02  -0.556517478E-02  -0.568414470E-02  -0.580419525E-02
  -0.592531687E-02  -0.604749851E-02  -0.617072358E-02  -0.629497366E-02
  -0.642023036E-02  -0.654647681E-02  -0.667369623E-02  -0.680187080E-02
  -0.693097951E-02  -0.706100016E-02  -0.719190942E-02  -0.732368091E-02
  -0.745628703E-02  -0.758969832E-02  -0.772387988E-02  -0.785879473E-02
  -0.799440423E-02  -0.813066565E-02  -0.826753444E-02  -0.840496471E-02
  -0.854290839E-02  -0.868131605E-02  -0.882013440E-02  -0.895929820E-02
  -0.909873788E-02  -0.923837494E-02  -0.937809985E-02  -0.951779283E-02
  -0.965733029E-02  -0.979658282E-02  -0.993541706E-02  -0.100737009E-01
  -0.102113172E-01  -0.103481509E-01  -0.104840736E-01  -0.106189107E-01
  -0.107524726E-01  -0.108845422E-01  -0.110148042E-01  -0.111429122E-01
  -0.112684327E-01  -0.113906056E-01  -0.115085714E-01  -0.116215732E-01
  -0.117293386E-01  -0.118317175E-01  -0.119289713E-01  -0.120230321E-01
  -0.121163074E-01  -0.122105982E-01  -0.123050364E-01  -0.123980451E-01
  -0.124880046E-01  -0.125732522E-01  -0.126520822E-01
  -0.000000000E+00  -0.846650719E-06  -0.339261142E-05  -0.764689490E-05
  -0.136185140E-04  -0.213164815E-04  -0.307498101E-04  -0.419275128E-04
  -0.548586024E-04  -0.695520915E-04  -0.860169931E-04  -0.104262320E-03
  -0.124297085E-03  -0.146130301E-03  -0.169770980E-03  -0.195228136E-03
  -0.222510781E-03  -0.251627929E-03  -0.282588591E-03  -0.315401781E-03
  -0.350076511E-03  -0.386621795E-03  -0.425046645E-03  -0.465387181E-03
  -0.507673514E-03  -0.551922584E-03  -0.598142590E-03  -0.646338326E-03
  -0.696518771E-03  -0.748715442E-03  -0.802968429E-03  -0.859317517E-03
  -0.917790145E-03  -0.978410824E-03  -0.104120570E-02  -0.110620614E-02
  -0.117344586E-02  -0.124295536E-02  -0.131474743E-02  -0.138882893E-02
  -0.146520863E-02  -0.154390825E-02  -0.162495334E-02  -0.170837318E-02
  -0.179421134E-02  -0.188251683E-02  -0.197333686E-02  -0.206670369E-02
  -0.216264580E-02  -0.226119387E-02  -0.236238725E-02  -0.246626843E-02
  -0.257288019E-02  -0.268226295E-02  -0.279445705E-02  -0.290950113E-02
  -0.302742419E-02  -0.314825252E-02  -0.327201387E-02  -0.339874312E-02
  -0.352847727E-02  -0.366125448E-02  -0.379711627E-02  -0.393610557E-02
  -0.407826693E-02  -0.422364952E-02  -0.437230447E-02  -0.452428359E-02
  -0.467963819E-02  -0.483842012E-02  -0.500068208E-02  -0.516647724E-02
  -0.533585956E-02  -0.550888337E-02  -0.568560167E-02  -0.586606766E-02
  -0.605033500E-02  -0.623845707E-02  -0.643048764E-02  -0.662648143E-02
  -0.682649498E-02  -0.703058588E-02  -0.723881302E-02  -0.745123860E-02
  -0.766792629E-02  -0.788894207E-02  -0.811435845E-02  -0.834425061E-02
  -0.857869584E-02  -0.881777621E-02  -0.906157612E-02  -0.931018215E-02
  -0.956368505E-02  -0.982217790E-02  -0.100857572E-01  -0.103545283E-01
  -0.106286005E-01  -0.109080849E-01  -0.111930945E-01  -0.114837442E-01
  -0.117801528E-01  -0.120824480E-01  -0.123907619E-01  -0.127052290E-01
  -0.130259865E-01  -0.133531742E-01  -0.136869353E-01  -0.140274196E-01
  -0.143747807E-01  -0.147291768E-01  -0.150907770E-01  -0.154597555E-01
  -0.158362905E-01  -0.162205676E-01  -0.166127762E-01  -0.170131115E-01
  -0.174217809E-01  -0.178389975E-01  -0.182649819E-01  -0.186999735E-01
  -0.191442197E-01  -0.195979781E-01  -0.200615324E-01  -0.205351777E-01
  -0.210192212E-01  -0.215140032E-01  -0.220198778E-01  -0.225372016E-01
  -0.230663205E-01  -0.236075822E-01  -0.241613408E-01  -0.247279571E-01
  -0.253077979E-01  -0.259012838E-01  -0.265090324E-01  -0.271317225E-01
  -0.277701218E-01  -0.284253131E-01  -0.290984801E-01  -0.297906002E-01
  -0.305017302E-01  -0.312316836E-01  -0.319797732E-01  -0.327433197E-01
  -0.335190674E-01  -0.343046056E-01  -0.351012408E-01  -0.359112668E-01
  -0.367370380E-01  -0.375809695E-01  -0.384455364E-01
   0.000000000E+00   0.745739502E-07   0.297812796E-06   0.668992031E-06
   0.118738715E-05   0.185227364E-05   0.266292700E-05   0.361862273E-05
   0.471863631E-05   0.596224323E-05   0.734871900E-05   0.887733911E-05
   0.105473790E-04   0.123581143E-04   0.143088204E-04   0.163987727E-04
   0.186272469E-04   0.209935184E-04   0.234968627E-04   0.261365552E-04
   0.289118715E-04   0.318220871E-04   0.348664775E-04   0.380390551E-04
   0.413343158E-04   0.447598975E-04   0.483145964E-04   0.519944502E-04
   0.557948486E-04   0.597099328E-04   0.637330525E-04   0.678591058E-04
   0.720916097E-04   0.764371692E-04   0.808999395E-04   0.854702738E-04
   0.901338048E-04   0.948781068E-04   0.997035001E-04   0.104614244E-03
   0.109612393E-03   0.114688312E-03   0.119828529E-03   0.125021762E-03
   0.130269136E-03   0.135575606E-03   0.140944984E-03   0.146373869E-03
   0.151856800E-03   0.157387357E-03   0.162955840E-03   0.168551261E-03
   0.174163763E-03   0.179790036E-03   0.185428630E-03   0.191076782E-03
   0.196725636E-03   0.202364418E-03   0.207983450E-03   0.213579042E-03
   0.219149190E-03   0.224690659E-03   0.230194531E-03   0.235650138E-03
   0.241047337E-03   0.246379283E-03   0.251639961E-03   0.256822966E-03
   0.261920412E-03   0.266923914E-03   0.271824705E-03   0.276612970E-03
   0.281278450E-03   0.285810981E-03   0.290201542E-03   0.294441313E-03
   0.298520944E-03   0.302429308E-03   0.306154633E-03   0.309685388E-03
   0.313011820E-03   0.316124553E-03   0.319013273E-03   0.321664128E-03
   0.324062105E-03   0.326192577E-03   0.328043583E-03   0.329603744E-03
   0.330860875E-03   0.331799930E-03   0.332404896E-03   0.332659808E-03
   0.332549906E-03   0.332060572E-03   0.331176606E-03   0.329881129E-03
   0.328156599E-03   0.325985107E-03   0.323348223E-03   0.320227139E-03
   0.316602791E-03   0.312456079E-03   0.307767663E-03   0.302517573E-03
   0.296684219E-03   0.290245314E-03   0.283178246E-03   0.275460250E-03
   0.267068247E-03   0.257978255E-03   0.248163749E-03   0.237597191E-03
   0.226250745E-03   0.214096863E-03   0.201107733E-03   0.187254896E-03
   0.172508629E-03   0.156838523E-03   0.140213232E-03   0.122599105E-03
   0.103961469E-03   0.842642281E-04   0.634672748E-04   0.415289225E-04
   0.184070628E-04  -0.593983531E-05  -0.315536670E-04  -0.584763399E-04
  -0.867477136E-04  -0.116407544E-03  -0.147496479E-03  -0.180057088E-03
  -0.214132888E-03  -0.249769225E-03  -0.287016961E-03  -0.325928985E-03
  -0.366597127E-03  -0.409268713E-03  -0.454236174E-03  -0.501651877E-03
  -0.551076754E-03  -0.601908304E-03  -0.653720670E-03  -0.706859304E-03
  -0.761876442E-03  -0.819278414E-03  -0.879339685E-03  -0.942279578E-03
  -0.100832230E-02  -0.107769693E-02  -0.115063746E-02
  -0.000000000E+00  -0.135025841E-06  -0.541385405E-06  -0.122100176E-05
  -0.217579796E-05  -0.340769708E-05  -0.491862218E-05  -0.671049632E-05
  -0.878524257E-05  -0.111447840E-04  -0.137910437E-04  -0.167259446E-04
  -0.199514099E-04  -0.234693627E-04  -0.272817259E-04  -0.313904227E-04
  -0.357973762E-04  -0.405045093E-04  -0.455137451E-04  -0.508270068E-04
  -0.564462173E-04  -0.623732998E-04  -0.686101773E-04  -0.751714110E-04
  -0.820702802E-04  -0.893050923E-04  -0.968681084E-04  -0.104748481E-03
  -0.112939883E-03  -0.121461923E-03  -0.130343850E-03  -0.139609330E-03
  -0.149246571E-03  -0.159231687E-03  -0.169546381E-03  -0.180207378E-03
  -0.191242880E-03  -0.202678052E-03  -0.214515898E-03  -0.226752851E-03
  -0.239387285E-03  -0.252428753E-03  -0.265890334E-03  -0.279783794E-03
  -0.294112891E-03  -0.308878989E-03  -0.324083104E-03  -0.339726007E-03
  -0.355808136E-03  -0.372332618E-03  -0.389314955E-03  -0.406774711E-03
  -0.424729394E-03  -0.443184396E-03  -0.462141702E-03  -0.481605562E-03
  -0.501590708E-03  -0.522115180E-03  -0.543195071E-03  -0.564835914E-03
  -0.587040250E-03  -0.609812696E-03  -0.633167498E-03  -0.657121845E-03
  -0.681692369E-03  -0.706891489E-03  -0.732730662E-03  -0.759221638E-03
  -0.786376820E-03  -0.814208941E-03  -0.842731977E-03  -0.871964342E-03
  -0.901926018E-03  -0.932636423E-03  -0.964110898E-03  -0.996363884E-03
  -0.102941098E-02  -0.106327195E-02  -0.109796798E-02  -0.113351985E-02
  -0.116994496E-02  -0.120726003E-02  -0.124548370E-02  -0.128464183E-02
  -0.132476266E-02  -0.136587384E-02  -0.140799849E-02  -0.145115880E-02
  -0.149537852E-02  -0.154068657E-02  -0.158711373E-02  -0.163469129E-02
  -0.168345059E-02  -0.173342347E-02  -0.178464271E-02  -0.183714291E-02
  -0.189095968E-02  -0.194613024E-02  -0.200269615E-02  -0.206070078E-02
  -0.212018806E-02  -0.218120137E-02  -0.224378458E-02  -0.230798353E-02
  -0.237384939E-02  -0.244143554E-02  -0.251079646E-02  -0.258198777E-02
  -0.265506617E-02  -0.273009108E-02  -0.280712951E-02  -0.288625146E-02
  -0.296752858E-02  -0.305103476E-02  -0.313684556E-02  -0.322503913E-02
  -0.331569946E-02  -0.340891332E-02  -0.350477052E-02  -0.360336803E-02
  -0.370480610E-02  -0.380918992E-02  -0.391663870E-02  -0.402727710E-02
  -0.414123675E-02  -0.425866959E-02  -0.437973529E-02  -0.450459501E-02
  -0.463340547E-02  -0.476632456E-02  -0.490351287E-02  -0.504513272E-02
  -0.519134909E-02  -0.534234713E-02  -0.549838483E-02  -0.565974320E-02
  -0.582675752E-02  -0.599996474E-02  -0.617996388E-02  -0.636724520E-02
  -0.656181308E-02  -0.676354363E-02  -0.697224146E-02  -0.718744176E-02
  -0.740859819E-02  -0.763554768E-02  -0.786973521E-02  -0.811304983E-02
  -0.836742931E-02  -0.863486012E-02  -0.891737746E-02
   0.000000000E+00   0.244411211E-04   0.488858945E-04   0.733475237E-04
   0.978228389E-04   0.122292298E-03   0.146719984E-03   0.171066242E-03
   0.195340017E-03   0.219586217E-03   0.243863353E-03   0.268192845E-03
   0.292580368E-03   0.317027896E-03   0.341538678E-03   0.366114591E-03
   0.390755973E-03   0.415465098E-03   0.440244069E-03   0.465094746E-03
   0.490021485E-03   0.515029330E-03   0.540123341E-03   0.565308762E-03
   0.590590902E-03   0.615974236E-03   0.641459551E-03   0.667046042E-03
   0.692734818E-03   0.718537817E-03   0.744471021E-03   0.770550113E-03
   0.796784532E-03   0.823182119E-03   0.849750954E-03   0.876499757E-03
   0.903437567E-03   0.930571616E-03   0.957900863E-03   0.985421270E-03
   0.101313322E-02   0.104105924E-02   0.106922931E-02   0.109767083E-02
   0.112639326E-02   0.115540102E-02   0.118469745E-02   0.121428297E-02
   0.124415662E-02   0.127432093E-02   0.130479531E-02   0.133560452E-02
   0.136677242E-02   0.139831502E-02   0.143024648E-02   0.146258065E-02
   0.149532907E-02   0.152850271E-02   0.156211333E-02   0.159617596E-02
   0.163070673E-02   0.166572203E-02   0.170123839E-02   0.173727262E-02
   0.177384237E-02   0.181096778E-02   0.184867005E-02   0.188697023E-02
   0.192588710E-02   0.196543910E-02   0.200564591E-02   0.204653151E-02
   0.208812143E-02   0.213044132E-02   0.217351535E-02   0.221736761E-02
   0.226202262E-02   0.230750520E-02   0.235384058E-02   0.240105497E-02
   0.244917726E-02   0.249823747E-02   0.254826584E-02   0.259929152E-02
   0.265134375E-02   0.270445343E-02   0.275865679E-02   0.281399201E-02
   0.287049792E-02   0.292821352E-02   0.298717842E-02   0.304743406E-02
   0.310902700E-02   0.317200589E-02   0.323642046E-02   0.330232169E-02
   0.336976164E-02   0.343879464E-02   0.350948101E-02   0.358188360E-02
   0.365606693E-02   0.373209818E-02   0.381004625E-02   0.388998245E-02
   0.397198344E-02   0.405612846E-02   0.414249908E-02   0.423118109E-02
   0.432226275E-02   0.441583594E-02   0.451200182E-02   0.461086557E-02
   0.471253554E-02   0.481712621E-02   0.492475541E-02   0.503554526E-02
   0.514962786E-02   0.526713995E-02   0.538822411E-02   0.551303816E-02
   0.564174631E-02   0.577452034E-02   0.591155208E-02   0.605304166E-02
   0.619919723E-02   0.635024654E-02   0.650642602E-02   0.666798279E-02
   0.683519196E-02   0.700834030E-02   0.718772234E-02   0.737364557E-02
   0.756642554E-02   0.776640587E-02   0.797402461E-02   0.818975147E-02
   0.841407270E-02   0.864751028E-02   0.889060374E-02   0.914394381E-02
   0.940829428E-02   0.968447644E-02   0.997293585E-02   0.102725382E-01
   0.105817124E-01   0.108993499E-01   0.112263644E-01   0.115642098E-01
   0.119143761E-01   0.122783894E-01   0.126578122E-01
   0.000000000E+00   0.269893025E-04   0.539735211E-04   0.809513101E-04
   0.107914915E-03   0.134850174E-03   0.161736514E-03   0.188554859E-03
   0.215320370E-03   0.242074544E-03   0.268866303E-03   0.295701603E-03
   0.322564646E-03   0.349436901E-03   0.376327483E-03   0.403256991E-03
   0.430245621E-03   0.457296433E-03   0.484405506E-03   0.511566653E-03
   0.538773221E-03   0.566016898E-03   0.593291134E-03   0.620604223E-03
   0.647970111E-03   0.675399808E-03   0.702884632E-03   0.730408524E-03
   0.757958862E-03   0.785546737E-03   0.813191529E-03   0.840910185E-03
   0.868700982E-03   0.896556227E-03   0.924469132E-03   0.952440954E-03
   0.980475282E-03   0.100857478E-02   0.103673741E-02   0.106495948E-02
   0.109323635E-02   0.112156085E-02   0.114992457E-02   0.117832155E-02
   0.120675869E-02   0.123524703E-02   0.126379529E-02   0.129239932E-02
   0.132105107E-02   0.134974271E-02   0.137846965E-02   0.140722791E-02
   0.143601310E-02   0.146481984E-02   0.149364225E-02   0.152247425E-02
   0.155131000E-02   0.158014357E-02   0.160896862E-02   0.163777825E-02
   0.166656512E-02   0.169532132E-02   0.172403742E-02   0.175270325E-02
   0.178130874E-02   0.180984539E-02   0.183830492E-02   0.186667847E-02
   0.189495549E-02   0.192312473E-02   0.195117444E-02   0.197909196E-02
   0.200686409E-02   0.203447710E-02   0.206191644E-02   0.208916698E-02
   0.211621322E-02   0.214303944E-02   0.216962955E-02   0.219596666E-02
   0.222203201E-02   0.224780595E-02   0.227326836E-02   0.229839888E-02
   0.232317671E-02   0.234758033E-02   0.237158680E-02   0.239517241E-02
   0.241831287E-02   0.244098330E-02   0.246315829E-02   0.248481135E-02
   0.250591360E-02   0.252643498E-02   0.254634502E-02   0.256561362E-02
   0.258421031E-02   0.260210314E-02   0.261925620E-02   0.263563188E-02
   0.265119188E-02   0.266589744E-02   0.267970908E-02   0.269258601E-02
   0.270448445E-02   0.271535920E-02   0.272516387E-02   0.273385007E-02
   0.274136817E-02   0.274766710E-02   0.275269285E-02   0.275638987E-02
   0.275870059E-02   0.275956256E-02   0.275891113E-02   0.275667947E-02
   0.275279579E-02   0.274718592E-02   0.273977420E-02   0.273048341E-02
   0.271923478E-02   0.270594953E-02   0.269055323E-02   0.267297165E-02
   0.265312338E-02   0.263090148E-02   0.260619076E-02   0.257885971E-02
   0.254871772E-02   0.251555547E-02   0.247917101E-02   0.243940780E-02
   0.239611877E-02   0.234920028E-02   0.229873322E-02   0.224484952E-02
   0.218764355E-02   0.212704018E-02   0.206291975E-02   0.199498008E-02
   0.192218452E-02   0.184328536E-02   0.175743006E-02   0.166547065E-02
   0.156872070E-02   0.146821629E-02   0.136374816E-02   0.125478149E-02
   0.114076824E-02   0.102114717E-02   0.895343872E-03
  -0.000000000E+00  -0.508992007E-05  -0.101770739E-04  -0.152582824E-04
  -0.203310743E-04  -0.253936865E-04  -0.304450640E-04  -0.354845720E-04
  -0.405108036E-04  -0.455218673E-04  -0.505156368E-04  -0.554899175E-04
  -0.604423761E-04  -0.653709640E-04  -0.702755742E-04  -0.751571598E-04
  -0.800161382E-04  -0.848481626E-04  -0.896466892E-04  -0.944051345E-04
  -0.991206387E-04  -0.103791576E-03  -0.108416172E-03  -0.112991157E-03
  -0.117512715E-03  -0.121977068E-03  -0.126381228E-03  -0.130722448E-03
  -0.134998222E-03  -0.139206993E-03  -0.143347615E-03  -0.147418373E-03
  -0.151414425E-03  -0.155329803E-03  -0.159158822E-03  -0.162898268E-03
  -0.166545646E-03  -0.170098531E-03  -0.173554523E-03  -0.176911282E-03
  -0.180166368E-03  -0.183316692E-03  -0.186358972E-03  -0.189290040E-03
  -0.192107292E-03  -0.194808315E-03  -0.197390722E-03  -0.199852092E-03
  -0.202190022E-03  -0.204401417E-03  -0.206480173E-03  -0.208419162E-03
  -0.210211637E-03  -0.211853425E-03  -0.213341027E-03  -0.214671294E-03
  -0.215842511E-03  -0.216853454E-03  -0.217702352E-03  -0.218384704E-03
  -0.218895200E-03  -0.219228717E-03  -0.219381333E-03  -0.219349429E-03
  -0.219129231E-03  -0.218716347E-03  -0.218106181E-03  -0.217294260E-03
  -0.216276829E-03  -0.215050321E-03  -0.213610920E-03  -0.211953771E-03
  -0.210073690E-03  -0.207965539E-03  -0.205624619E-03  -0.203046316E-03
  -0.200225963E-03  -0.197158817E-03  -0.193840084E-03  -0.190264610E-03
  -0.186425917E-03  -0.182317083E-03  -0.177931463E-03  -0.173263993E-03
  -0.168309998E-03  -0.163064501E-03  -0.157521333E-03  -0.151673945E-03
  -0.145515945E-03  -0.139041876E-03  -0.132246496E-03  -0.125124370E-03
  -0.117669339E-03  -0.109875011E-03  -0.101735310E-03  -0.932456996E-04
  -0.844020543E-04  -0.752000229E-04  -0.656342451E-04  -0.556990760E-04
  -0.453891913E-04  -0.347006811E-04  -0.236300337E-04  -0.121737847E-04
  -0.328507277E-06   0.119091788E-04   0.245425697E-04   0.375747703E-04
   0.510087942E-04   0.648473259E-04   0.790918852E-04   0.937436078E-04
   0.108803403E-03   0.124271619E-03   0.140148354E-03   0.156432581E-03
   0.173119108E-03   0.190201429E-03   0.207672215E-03   0.225521874E-03
   0.243739905E-03   0.262315851E-03   0.281240784E-03   0.300505910E-03
   0.320100289E-03   0.340005334E-03   0.360199992E-03   0.380658743E-03
   0.401340037E-03   0.422197201E-03   0.443175978E-03   0.464195617E-03
   0.485166740E-03   0.506006371E-03   0.526665342E-03   0.547102370E-03
   0.567264932E-03   0.587057726E-03   0.606372543E-03   0.625070443E-03
   0.642896215E-03   0.659559489E-03   0.675005568E-03   0.690158910E-03
   0.706217335E-03   0.724014865E-03   0.742807825E-03   0.761428456E-03
   0.778676770E-03   0.793320544E-03   0.804095323E-03
   0.000000000E+00   0.598308567E-05   0.119620285E-04   0.179329768E-04
   0.238915796E-04   0.298329866E-04   0.357518480E-04   0.416428275E-04
   0.475027274E-04   0.533299755E-04   0.591237704E-04   0.648822254E-04
   0.706031496E-04   0.762840745E-04   0.819209337E-04   0.875087654E-04
   0.930422626E-04   0.985166202E-04   0.103927021E-03   0.109268457E-03
   0.114535846E-03   0.119723957E-03   0.124827582E-03   0.129842228E-03
   0.134763633E-03   0.139587260E-03   0.144307243E-03   0.148917159E-03
   0.153410787E-03   0.157783632E-03   0.162031761E-03   0.166151248E-03
   0.170137734E-03   0.173986771E-03   0.177694058E-03   0.181255805E-03
   0.184668444E-03   0.187928632E-03   0.191033619E-03   0.193980950E-03
   0.196766713E-03   0.199380301E-03   0.201808745E-03   0.204039928E-03
   0.206067809E-03   0.207888035E-03   0.209496428E-03   0.210889154E-03
   0.212062581E-03   0.213013359E-03   0.213738844E-03   0.214236736E-03
   0.214504486E-03   0.214537841E-03   0.214332102E-03   0.213881839E-03
   0.213178578E-03   0.212212816E-03   0.210975757E-03   0.209462513E-03
   0.207669289E-03   0.205591878E-03   0.203224048E-03   0.200558972E-03
   0.197589954E-03   0.194311151E-03   0.190716928E-03   0.186801539E-03
   0.182558802E-03   0.177982387E-03   0.173065887E-03   0.167802721E-03
   0.162186221E-03   0.156209599E-03   0.149865748E-03   0.143147420E-03
   0.136047209E-03   0.128557312E-03   0.120669743E-03   0.112376775E-03
   0.103672063E-03   0.945496222E-04   0.850027551E-04   0.750218326E-04
   0.645963216E-04   0.537159955E-04   0.423725139E-04   0.305579750E-04
   0.182640525E-04   0.548086990E-05  -0.780196476E-05  -0.215949388E-04
  -0.359084371E-04  -0.507529246E-04  -0.661390733E-04  -0.820779617E-04
  -0.985808905E-04  -0.115659576E-03  -0.133326939E-03  -0.151596374E-03
  -0.170481482E-03  -0.189996014E-03  -0.210153922E-03  -0.230969664E-03
  -0.252459077E-03  -0.274638568E-03  -0.297524731E-03  -0.321134066E-03
  -0.345483244E-03  -0.370589735E-03  -0.396473450E-03  -0.423155209E-03
  -0.450656430E-03  -0.478999815E-03  -0.508208711E-03  -0.538307848E-03
  -0.569326279E-03  -0.601294627E-03  -0.634244067E-03  -0.668206103E-03
  -0.703212778E-03  -0.739296095E-03  -0.776486004E-03  -0.814812295E-03
  -0.854308182E-03  -0.895019326E-03  -0.936995338E-03  -0.980292255E-03
  -0.102498902E-02  -0.107117194E-02  -0.111892655E-02  -0.116832902E-02
  -0.121945425E-02  -0.127236876E-02  -0.132710031E-02  -0.138366660E-02
  -0.144211735E-02  -0.150263296E-02  -0.156543106E-02  -0.163071554E-02
  -0.169861790E-02  -0.176925290E-02  -0.184261213E-02  -0.191818131E-02
  -0.199530358E-02  -0.207361987E-02  -0.215403666E-02  -0.223780624E-02
  -0.232621428E-02  -0.242057988E-02  -0.252225551E-02
   0.000000000E+00   0.151161875E-06   0.606137551E-06   0.136716210E-05
   0.243647060E-05   0.381629812E-05   0.550887973E-05   0.751645052E-05
   0.984124554E-05   0.124854999E-04   0.154514486E-04   0.187413268E-04
   0.223573696E-04   0.263018119E-04   0.305768890E-04   0.351848358E-04
   0.401278874E-04   0.454082790E-04   0.510282455E-04   0.569900221E-04
   0.632958438E-04   0.699479458E-04   0.769485630E-04   0.843096617E-04
   0.920417180E-04   0.100154584E-03   0.108648503E-03   0.117520259E-03
   0.126768034E-03   0.136399767E-03   0.146426790E-03   0.156860657E-03
   0.167710473E-03   0.178984980E-03   0.190693465E-03   0.202846222E-03
   0.215454180E-03   0.228527000E-03   0.242067366E-03   0.256075639E-03
   0.270552146E-03   0.285499153E-03   0.300919231E-03   0.316819988E-03
   0.333231003E-03   0.350189615E-03   0.367726848E-03   0.385838858E-03
   0.404511184E-03   0.423733289E-03   0.443517308E-03   0.463881962E-03
   0.484847104E-03   0.506434471E-03   0.528667034E-03   0.551565167E-03
   0.575135299E-03   0.599379817E-03   0.624302957E-03   0.649918378E-03
   0.676242501E-03   0.703291703E-03   0.731080805E-03   0.759624412E-03
   0.788938017E-03   0.819040026E-03   0.849949960E-03   0.881687213E-03
   0.914269146E-03   0.947712789E-03   0.982036036E-03   0.101725949E-02
   0.105340481E-02   0.109049366E-02   0.112854626E-02   0.116758273E-02
   0.120762333E-02   0.124868806E-02   0.129079706E-02   0.133397115E-02
   0.137823318E-02   0.142360684E-02   0.147011593E-02   0.151778351E-02
   0.156663271E-02   0.161668766E-02   0.166797572E-02   0.172052544E-02
   0.177436589E-02   0.182952660E-02   0.188603761E-02   0.194393015E-02
   0.200323866E-02   0.206399896E-02   0.212624742E-02   0.219002069E-02
   0.225535596E-02   0.232229184E-02   0.239087064E-02   0.246113623E-02
   0.253313325E-02   0.260690693E-02   0.268250322E-02   0.275996929E-02
   0.283935461E-02   0.292070993E-02   0.300408696E-02   0.308953868E-02
   0.317711904E-02   0.326688353E-02   0.335889100E-02   0.345320193E-02
   0.354987740E-02   0.364897773E-02   0.375056375E-02   0.385469848E-02
   0.396145089E-02   0.407089236E-02   0.418309732E-02   0.429814871E-02
   0.441613287E-02   0.453713688E-02   0.466124602E-02   0.478854620E-02
   0.491912068E-02   0.505303761E-02   0.519036178E-02   0.533116450E-02
   0.547554155E-02   0.562359625E-02   0.577545012E-02   0.593129334E-02
   0.609133707E-02   0.625576184E-02   0.642460906E-02   0.659788364E-02
   0.677559567E-02   0.695778119E-02   0.714448252E-02   0.733576999E-02
   0.753182889E-02   0.773287700E-02   0.793894740E-02   0.814931018E-02
   0.836302139E-02   0.857926442E-02   0.879782296E-02   0.901863150E-02
   0.924162271E-02   0.946672738E-02   0.969387444E-02
   0.000000000E+00   0.177661103E-06   0.712972238E-06   0.160942514E-05
   0.287051155E-05   0.449972320E-05   0.650055183E-05   0.887648918E-05
   0.116310270E-04   0.147676570E-04   0.182898709E-04   0.222011605E-04
   0.265050175E-04   0.312049336E-04   0.363044006E-04   0.418069102E-04
   0.477159542E-04   0.540350243E-04   0.607676121E-04   0.679172096E-04
   0.754873083E-04   0.834814001E-04   0.919029767E-04   0.100765465E-03
   0.110079966E-03   0.119853432E-03   0.130090523E-03   0.140795078E-03
   0.151972264E-03   0.163633821E-03   0.175794070E-03   0.188467763E-03
   0.201667885E-03   0.215407370E-03   0.229698983E-03   0.244552883E-03
   0.259978572E-03   0.275985137E-03   0.292579768E-03   0.309768963E-03
   0.327559377E-03   0.345959104E-03   0.364976613E-03   0.384621939E-03
   0.404911693E-03   0.425864853E-03   0.447501535E-03   0.469843821E-03
   0.492915054E-03   0.516737465E-03   0.541325467E-03   0.566691412E-03
   0.592848286E-03   0.619811829E-03   0.647598700E-03   0.676225255E-03
   0.705705708E-03   0.736053732E-03   0.767283313E-03   0.799409643E-03
   0.832448333E-03   0.866415884E-03   0.901332024E-03   0.937217644E-03
   0.974094325E-03   0.101198515E-02   0.105091397E-02   0.109090506E-02
   0.113198261E-02   0.117417120E-02   0.121749550E-02   0.126197929E-02
   0.130764635E-02   0.135452078E-02   0.140262673E-02   0.145198860E-02
   0.150263090E-02   0.155457740E-02   0.160785189E-02   0.166247856E-02
   0.171848250E-02   0.177588925E-02   0.183472498E-02   0.189501742E-02
   0.195679498E-02   0.202008710E-02   0.208492610E-02   0.215134551E-02
   0.221937980E-02   0.228906570E-02   0.236044101E-02   0.243354439E-02
   0.250841600E-02   0.258509686E-02   0.266362963E-02   0.274406128E-02
   0.282644058E-02   0.291081711E-02   0.299724084E-02   0.308576254E-02
   0.317643474E-02   0.326931449E-02   0.336446079E-02   0.346193366E-02
   0.356179368E-02   0.366410238E-02   0.376892304E-02   0.387632263E-02
   0.398636997E-02   0.409913615E-02   0.421469767E-02   0.433313348E-02
   0.445452474E-02   0.457895703E-02   0.470651828E-02   0.483729827E-02
   0.497138942E-02   0.510888607E-02   0.524988585E-02   0.539449481E-02
   0.554282262E-02   0.569498665E-02   0.585112947E-02   0.601140238E-02
   0.617596462E-02   0.634499799E-02   0.651869307E-02   0.669723495E-02
   0.688077409E-02   0.706945381E-02   0.726341213E-02   0.746275869E-02
   0.766759656E-02   0.787807976E-02   0.809456645E-02   0.831747407E-02
   0.854730165E-02   0.878484921E-02   0.903101003E-02   0.928649810E-02
   0.955123113E-02   0.982491561E-02   0.101068372E-01   0.103946119E-01
   0.106853716E-01   0.109769746E-01   0.112704735E-01   0.115677697E-01
   0.118708171E-01   0.121816219E-01   0.125022428E-01
  -0.000000000E+00  -0.372192716E-07  -0.149310543E-06  -0.336923999E-06
  -0.600709824E-06  -0.941318203E-06  -0.135939932E-05  -0.185560336E-05
  -0.243058051E-05  -0.308498095E-05  -0.381945487E-05  -0.463465245E-05
  -0.553122387E-05  -0.650981933E-05  -0.757108900E-05  -0.871568308E-05
  -0.994425174E-05  -0.112574452E-04  -0.126559136E-04  -0.141403071E-04
  -0.157112759E-04  -0.173694703E-04  -0.191155403E-04  -0.209543420E-04
  -0.228902979E-04  -0.249377183E-04  -0.270955517E-04  -0.293575879E-04
  -0.317184804E-04  -0.341808941E-04  -0.367500667E-04  -0.394313102E-04
  -0.422284507E-04  -0.451450492E-04  -0.481839740E-04  -0.513445720E-04
  -0.546249322E-04  -0.580246410E-04  -0.615509993E-04  -0.652139549E-04
  -0.690216490E-04  -0.729720167E-04  -0.770597427E-04  -0.812811723E-04
  -0.856420099E-04  -0.901508569E-04  -0.948165407E-04  -0.996469531E-04
  -0.104650037E-03  -0.109832654E-03  -0.115195895E-03  -0.120739105E-03
  -0.126462433E-03  -0.132370397E-03  -0.138468800E-03  -0.144763495E-03
  -0.151259933E-03  -0.157963557E-03  -0.164880309E-03  -0.172017764E-03
  -0.179384133E-03  -0.186987085E-03  -0.194831166E-03  -0.202920079E-03
  -0.211258359E-03  -0.219854074E-03  -0.228716422E-03  -0.237854578E-03
  -0.247276748E-03  -0.256991019E-03  -0.267005546E-03  -0.277328213E-03
  -0.287966939E-03  -0.298930121E-03  -0.310227692E-03  -0.321870162E-03
  -0.333868167E-03  -0.346232075E-03  -0.358972340E-03  -0.372099886E-03
  -0.385626909E-03  -0.399566146E-03  -0.413930397E-03  -0.428731830E-03
  -0.443982616E-03  -0.459695646E-03  -0.475886077E-03  -0.492569916E-03
  -0.509763330E-03  -0.527482029E-03  -0.545741829E-03  -0.564559092E-03
  -0.583951432E-03  -0.603937062E-03  -0.624535011E-03  -0.645766496E-03
  -0.667653659E-03  -0.690218726E-03  -0.713482794E-03  -0.737466959E-03
  -0.762193488E-03  -0.787688245E-03  -0.813978439E-03  -0.841091870E-03
  -0.869056973E-03  -0.897902776E-03  -0.927659242E-03  -0.958358355E-03
  -0.990033111E-03  -0.102271751E-02  -0.105644762E-02  -0.109126059E-02
  -0.112719461E-02  -0.116428981E-02  -0.120258739E-02  -0.124213060E-02
  -0.128296847E-02  -0.132515229E-02  -0.136873548E-02  -0.141377688E-02
  -0.146033767E-02  -0.150847941E-02  -0.155826140E-02  -0.160974318E-02
  -0.166298524E-02  -0.171804852E-02  -0.177499488E-02  -0.183389583E-02
  -0.189485882E-02  -0.195800246E-02  -0.202345460E-02  -0.209137246E-02
  -0.216192363E-02  -0.223525822E-02  -0.231144347E-02  -0.239052565E-02
  -0.247256069E-02  -0.255764366E-02  -0.264588091E-02  -0.273743868E-02
  -0.283272112E-02  -0.293220154E-02  -0.303632541E-02  -0.314538940E-02
  -0.325965621E-02  -0.337935827E-02  -0.350458963E-02  -0.363540866E-02
  -0.377187299E-02  -0.391403951E-02  -0.406196432E-02
   0.000000000E+00   0.466522569E-07   0.187511387E-06   0.423930929E-06
   0.757264422E-06   0.118886540E-05   0.172008741E-05   0.235228399E-05
   0.308680868E-05   0.392501501E-05   0.486825652E-05   0.591788676E-05
   0.707525925E-05   0.834172755E-05   0.971864519E-05   0.112073657E-04
   0.128092426E-04   0.145256295E-04   0.163578799E-04   0.183073473E-04
   0.203753853E-04   0.225633474E-04   0.248725872E-04   0.273125905E-04
   0.298919410E-04   0.325964572E-04   0.354224123E-04   0.383687724E-04
   0.414372595E-04   0.446421756E-04   0.480029283E-04   0.515344471E-04
   0.552250081E-04   0.590535791E-04   0.630044510E-04   0.670939744E-04
   0.713491705E-04   0.757931392E-04   0.804231458E-04   0.852284831E-04
   0.902019378E-04   0.953558583E-04   0.100708848E-03   0.106276379E-03
   0.112056073E-03   0.118040057E-03   0.124220925E-03   0.130596682E-03
   0.137166544E-03   0.143932561E-03   0.150909467E-03   0.158116228E-03
   0.165569291E-03   0.173270698E-03   0.181218379E-03   0.189412413E-03
   0.197863342E-03   0.206584917E-03   0.215588756E-03   0.224875592E-03
   0.234442971E-03   0.244290738E-03   0.254429793E-03   0.264874346E-03
   0.275637476E-03   0.286725706E-03   0.298143830E-03   0.309897036E-03
   0.321992279E-03   0.334437052E-03   0.347239804E-03   0.360412566E-03
   0.373968587E-03   0.387920380E-03   0.402276179E-03   0.417043135E-03
   0.432229340E-03   0.447846677E-03   0.463908233E-03   0.480426407E-03
   0.497409783E-03   0.514865974E-03   0.532804258E-03   0.551240703E-03
   0.570193483E-03   0.589679767E-03   0.609711064E-03   0.630297490E-03
   0.651450457E-03   0.673186478E-03   0.695523673E-03   0.718480147E-03
   0.742072696E-03   0.766318000E-03   0.791233140E-03   0.816835915E-03
   0.843144551E-03   0.870178409E-03   0.897960501E-03   0.926515162E-03
   0.955866521E-03   0.986036264E-03   0.101704571E-02   0.104891734E-02
   0.108167731E-02   0.111535313E-02   0.114997264E-02   0.118556349E-02
   0.122215364E-02   0.125977255E-02   0.129845419E-02   0.133823422E-02
   0.137914888E-02   0.142123457E-02   0.146452824E-02   0.150906745E-02
   0.155489006E-02   0.160203455E-02   0.165054057E-02   0.170045068E-02
   0.175180872E-02   0.180466224E-02   0.185907136E-02   0.191510038E-02
   0.197281749E-02   0.203230237E-02   0.209363898E-02   0.215690615E-02
   0.222215607E-02   0.228943455E-02   0.235878457E-02   0.243023587E-02
   0.250381478E-02   0.257957128E-02   0.265765176E-02   0.273823022E-02
   0.282151915E-02   0.290787464E-02   0.299769683E-02   0.309124748E-02
   0.318819555E-02   0.328804806E-02   0.339034816E-02   0.349483263E-02
   0.360128232E-02   0.370966362E-02   0.382071566E-02   0.393539225E-02
   0.405467228E-02   0.417955978E-02   0.431108385E-02
  -0.000000000E+00  -0.313972525E-05  -0.627759972E-05  -0.941328144E-05
  -0.125438419E-04  -0.156637660E-04  -0.187649522E-04  -0.218400146E-04
  -0.248959641E-04  -0.279509062E-04  -0.310252192E-04  -0.341169968E-04
  -0.372123878E-04  -0.402948477E-04  -0.433598948E-04  -0.464072610E-04
  -0.494376733E-04  -0.524536746E-04  -0.554591250E-04  -0.584577628E-04
  -0.614489814E-04  -0.644306226E-04  -0.673997310E-04  -0.703513744E-04
  -0.732794726E-04  -0.761791710E-04  -0.790536634E-04  -0.819091774E-04
  -0.847506176E-04  -0.875734602E-04  -0.903699202E-04  -0.931325921E-04
  -0.958588501E-04  -0.985474066E-04  -0.101197744E-03  -0.103812362E-03
  -0.106394983E-03  -0.108949036E-03  -0.111474900E-03  -0.113972156E-03
  -0.116436478E-03  -0.118847108E-03  -0.121177229E-03  -0.123404922E-03
  -0.125536217E-03  -0.127585741E-03  -0.129567692E-03  -0.131489067E-03
  -0.133355417E-03  -0.135169257E-03  -0.136918630E-03  -0.138586921E-03
  -0.140159089E-03  -0.141630351E-03  -0.142998663E-03  -0.144261642E-03
  -0.145415227E-03  -0.146454850E-03  -0.147375601E-03  -0.148171473E-03
  -0.148836029E-03  -0.149362918E-03  -0.149746775E-03  -0.149982424E-03
  -0.150064263E-03  -0.149985197E-03  -0.149737589E-03  -0.149314113E-03
  -0.148709402E-03  -0.147918576E-03  -0.146936051E-03  -0.145753435E-03
  -0.144361421E-03  -0.142750710E-03  -0.140912839E-03  -0.138839436E-03
  -0.136522053E-03  -0.133952481E-03  -0.131122463E-03  -0.128023143E-03
  -0.124643633E-03  -0.120972314E-03  -0.116997966E-03  -0.112711857E-03
  -0.108105835E-03  -0.103170954E-03  -0.978952802E-04  -0.922659025E-04
  -0.862700766E-04  -0.798966104E-04  -0.731345901E-04  -0.659725495E-04
  -0.583972564E-04  -0.503948307E-04  -0.419515030E-04  -0.330547676E-04
  -0.236923166E-04  -0.138512238E-04  -0.351655548E-05   0.732734270E-05
   0.186960407E-04   0.306039043E-04   0.430651351E-04   0.560943501E-04
   0.697072708E-04   0.839200821E-04   0.987489877E-04   0.114209516E-03
   0.130317167E-03   0.147087680E-03   0.164537166E-03   0.182681983E-03
   0.201537965E-03   0.221118182E-03   0.241435036E-03   0.262501373E-03
   0.284331699E-03   0.306941040E-03   0.330343994E-03   0.354553029E-03
   0.379580082E-03   0.405435221E-03   0.432120864E-03   0.459637215E-03
   0.487982366E-03   0.517146915E-03   0.547119034E-03   0.577892005E-03
   0.609482014E-03   0.641911365E-03   0.675193338E-03   0.709303330E-03
   0.744206121E-03   0.779837222E-03   0.816017405E-03   0.852533554E-03
   0.889191779E-03   0.925895728E-03   0.962572420E-03   0.999252545E-03
   0.103639315E-02   0.107457167E-02   0.111414521E-02   0.115452725E-02
   0.119487427E-02   0.123451593E-02   0.127355640E-02   0.131230287E-02
   0.135107145E-02   0.139018723E-02   0.142998420E-02
  -0.000000000E+00  -0.340682111E-05  -0.680873760E-05  -0.101979560E-04
  -0.135716351E-04  -0.169318862E-04  -0.202857731E-04  -0.236425736E-04
  -0.270024357E-04  -0.303591161E-04  -0.337033327E-04  -0.370280753E-04
  -0.403263692E-04  -0.435928549E-04  -0.468335384E-04  -0.500606051E-04
  -0.532861598E-04  -0.565083059E-04  -0.597195975E-04  -0.629111616E-04
  -0.660748958E-04  -0.692020143E-04  -0.722855277E-04  -0.753305163E-04
  -0.783469107E-04  -0.813421542E-04  -0.843060577E-04  -0.872219305E-04
  -0.900753289E-04  -0.928690145E-04  -0.956115731E-04  -0.983098125E-04
  -0.100957768E-03  -0.103545301E-03  -0.106062147E-03  -0.108500782E-03
  -0.110854127E-03  -0.113115637E-03  -0.115282267E-03  -0.117352051E-03
  -0.119322733E-03  -0.121190175E-03  -0.122949676E-03  -0.124596086E-03
  -0.126122669E-03  -0.127522057E-03  -0.128786141E-03  -0.129904627E-03
  -0.130866263E-03  -0.131660149E-03  -0.132278521E-03  -0.132714366E-03
  -0.132959798E-03  -0.133003619E-03  -0.132833432E-03  -0.132437046E-03
  -0.131804547E-03  -0.130926487E-03  -0.129792946E-03  -0.128392562E-03
  -0.126713378E-03  -0.124742808E-03  -0.122466570E-03  -0.119869630E-03
  -0.116936769E-03  -0.113653355E-03  -0.110004655E-03  -0.105975349E-03
  -0.101548742E-03  -0.967074678E-04  -0.914336253E-04  -0.857084402E-04
  -0.795125699E-04  -0.728262198E-04  -0.656291787E-04  -0.579007868E-04
  -0.496199045E-04  -0.407648468E-04  -0.313134425E-04  -0.212428701E-04
  -0.105290847E-04   0.852660150E-06   0.129278699E-04   0.257235422E-04
   0.392674970E-04   0.535883956E-04   0.687165155E-04   0.846830401E-04
   0.101520060E-03   0.119261326E-03   0.137941561E-03   0.157596753E-03
   0.178265835E-03   0.199989143E-03   0.222808029E-03   0.246765330E-03
   0.271904934E-03   0.298272396E-03   0.325917268E-03   0.354890938E-03
   0.385246227E-03   0.417038418E-03   0.450324304E-03   0.485162393E-03
   0.521614579E-03   0.559744586E-03   0.599618023E-03   0.641304152E-03
   0.684874237E-03   0.730402022E-03   0.777966936E-03   0.827651100E-03
   0.879539621E-03   0.933724669E-03   0.990301660E-03   0.104936876E-02
   0.111102933E-02   0.117538962E-02   0.124255924E-02   0.131265492E-02
   0.138579696E-02   0.146211020E-02   0.154173058E-02   0.162479899E-02
   0.171146613E-02   0.180191425E-02   0.189633669E-02   0.199493545E-02
   0.209793498E-02   0.220556918E-02   0.231806814E-02   0.243563126E-02
   0.255845268E-02   0.268673363E-02   0.282069386E-02   0.296056084E-02
   0.310659900E-02   0.325921026E-02   0.341883879E-02   0.358593745E-02
   0.376096412E-02   0.394438521E-02   0.413642136E-02   0.433626691E-02
   0.454283091E-02   0.475530439E-02   0.497412426E-02   0.520005727E-02
   0.543388889E-02   0.567642331E-02   0.592848342E-02
   0.000000000E+00   0.102731746E-05   0.205367389E-05   0.307804491E-05
   0.409951473E-05   0.511727622E-05   0.613063081E-05   0.713873365E-05
   0.813953722E-05   0.913004641E-05   0.101072948E-04   0.110713631E-04
   0.120241082E-04   0.129676764E-04   0.139014262E-04   0.148235649E-04
   0.157320905E-04   0.166255659E-04   0.175026492E-04   0.183619068E-04
   0.192018406E-04   0.200208699E-04   0.208175949E-04   0.215917037E-04
   0.223433347E-04   0.230724133E-04   0.237772617E-04   0.244556208E-04
   0.251055352E-04   0.257269979E-04   0.263206994E-04   0.268870311E-04
   0.274243556E-04   0.279303596E-04   0.284026767E-04   0.288392929E-04
   0.292382221E-04   0.295975563E-04   0.299160071E-04   0.301924644E-04
   0.304266286E-04   0.306215425E-04   0.307814944E-04   0.309106386E-04
   0.310109943E-04   0.310841251E-04   0.311300133E-04   0.311415862E-04
   0.311093646E-04   0.310250368E-04   0.308875426E-04   0.306978528E-04
   0.304573073E-04   0.301681941E-04   0.298332480E-04   0.294547995E-04
   0.290326521E-04   0.285659352E-04   0.280538980E-04   0.274963614E-04
   0.268933206E-04   0.262448291E-04   0.255510687E-04   0.248122871E-04
   0.240287104E-04   0.232003361E-04   0.223271168E-04   0.214090925E-04
   0.204466008E-04   0.194400884E-04   0.183900982E-04   0.172974304E-04
   0.161629979E-04   0.149878081E-04   0.137730678E-04   0.125200887E-04
   0.112301960E-04   0.990454470E-05   0.854428603E-05   0.715072878E-05
   0.572566068E-05   0.427105583E-05   0.278881804E-05   0.128029874E-05
  -0.253262682E-06  -0.181024628E-05  -0.338759723E-05  -0.498179194E-05
  -0.658938448E-05  -0.820766694E-05  -0.983406248E-05  -0.114657213E-04
  -0.130989179E-04  -0.147296067E-04  -0.163537259E-04  -0.179675466E-04
  -0.195673501E-04  -0.211490151E-04  -0.227070849E-04  -0.242356315E-04
  -0.257286569E-04  -0.271804169E-04  -0.285851206E-04  -0.299365802E-04
  -0.312274520E-04  -0.324499426E-04  -0.335961978E-04  -0.346587519E-04
  -0.356301088E-04  -0.365020679E-04  -0.372640953E-04  -0.379048461E-04
  -0.384125396E-04  -0.387745149E-04  -0.389776471E-04  -0.390083269E-04
  -0.388519613E-04  -0.384934418E-04  -0.379177243E-04  -0.371111182E-04
  -0.360600755E-04  -0.347490183E-04  -0.331549421E-04  -0.312524922E-04
  -0.290139235E-04  -0.264036721E-04  -0.233834692E-04  -0.199172377E-04
  -0.159807529E-04  -0.115525279E-04  -0.661392310E-05  -0.115898462E-05
   0.481485052E-05   0.113276794E-04   0.184714849E-04   0.263587220E-04
   0.351250947E-04   0.449915619E-04   0.562056105E-04   0.689255556E-04
   0.829278492E-04   0.978846203E-04   0.113520455E-03   0.129803202E-03
   0.146762842E-03   0.164506104E-03   0.183449185E-03   0.204096590E-03
   0.226966012E-03   0.252588327E-03   0.281507599E-03
  -0.000000000E+00  -0.115480915E-05  -0.230850870E-05  -0.346061764E-05
  -0.460957735E-05  -0.575275159E-05  -0.688642649E-05  -0.800666521E-05
  -0.911284863E-05  -0.102068207E-04  -0.112912006E-04  -0.123652876E-04
  -0.134267855E-04  -0.144728613E-04  -0.155008558E-04  -0.165079056E-04
  -0.174913280E-04  -0.184505508E-04  -0.193859404E-04  -0.202976847E-04
  -0.211836197E-04  -0.220406671E-04  -0.228658765E-04  -0.236580182E-04
  -0.244164641E-04  -0.251403537E-04  -0.258272572E-04  -0.264741581E-04
  -0.270779413E-04  -0.276357789E-04  -0.281448365E-04  -0.286028056E-04
  -0.290099923E-04  -0.293676836E-04  -0.296769718E-04  -0.299368922E-04
  -0.301459134E-04  -0.303027197E-04  -0.304069883E-04  -0.304587557E-04
  -0.304565622E-04  -0.303922427E-04  -0.302552407E-04  -0.300356041E-04
  -0.297286046E-04  -0.293308602E-04  -0.288400117E-04  -0.282580832E-04
  -0.275886282E-04  -0.268350516E-04  -0.259985080E-04  -0.250797049E-04
  -0.240787543E-04  -0.229926901E-04  -0.218176177E-04  -0.205491078E-04
  -0.191810585E-04  -0.177066889E-04  -0.161200503E-04  -0.144196744E-04
  -0.126053661E-04  -0.106763144E-04  -0.862869116E-05  -0.645777547E-05
  -0.415916089E-05  -0.173020951E-05   0.831242245E-06   0.352766191E-05
   0.636284254E-05   0.934098869E-05   0.124663196E-04   0.157428227E-04
   0.191744755E-04   0.227653941E-04   0.265200585E-04   0.304431091E-04
   0.345393692E-04   0.388141304E-04   0.432728936E-04   0.479208306E-04
   0.527613917E-04   0.577975728E-04   0.630331638E-04   0.684752592E-04
   0.741319645E-04   0.800111036E-04   0.861186640E-04   0.924602213E-04
   0.990418790E-04   0.105871657E-03   0.112958215E-03   0.120310316E-03
   0.127936523E-03   0.135845478E-03   0.144046200E-03   0.152548706E-03
   0.161363435E-03   0.170501400E-03   0.179975250E-03   0.189798288E-03
   0.199984109E-03   0.210546562E-03   0.221499786E-03   0.232858708E-03
   0.244640509E-03   0.256863260E-03   0.269545267E-03   0.282704518E-03
   0.296359200E-03   0.310528783E-03   0.325236798E-03   0.340508243E-03
   0.356368995E-03   0.372846741E-03   0.389970107E-03   0.407769550E-03
   0.426281009E-03   0.445542485E-03   0.465592788E-03   0.486471304E-03
   0.508218215E-03   0.530875031E-03   0.554485971E-03   0.579096659E-03
   0.604757939E-03   0.631538886E-03   0.659514549E-03   0.688764191E-03
   0.719378745E-03   0.751453782E-03   0.785085657E-03   0.820367024E-03
   0.857391072E-03   0.896257094E-03   0.937083122E-03   0.979993973E-03
   0.102514761E-02   0.107282821E-02   0.112335800E-02   0.117700637E-02
   0.123380351E-02   0.129371711E-02   0.135655867E-02   0.142151369E-02
   0.148758766E-02   0.155424118E-02   0.162286719E-02   0.169538709E-02
   0.177377388E-02   0.186005220E-02   0.195629829E-02
  -0.000000000E+00  -0.309592722E-07  -0.124476321E-06  -0.281509993E-06
  -0.503019137E-06  -0.789962600E-06  -0.114329923E-05  -0.156398787E-05
  -0.205298738E-05  -0.261125660E-05  -0.323975437E-05  -0.393943955E-05
  -0.471127099E-05  -0.555620752E-05  -0.647520800E-05  -0.746923128E-05
  -0.853923620E-05  -0.968618161E-05  -0.109110264E-04  -0.122147293E-04
  -0.135982493E-04  -0.150625451E-04  -0.166085757E-04  -0.182380360E-04
  -0.199519819E-04  -0.217442695E-04  -0.236180532E-04  -0.255796555E-04
  -0.276352695E-04  -0.297877131E-04  -0.320388980E-04  -0.343905966E-04
  -0.368439495E-04  -0.393998508E-04  -0.420596250E-04  -0.448267632E-04
  -0.477055341E-04  -0.507006560E-04  -0.538178639E-04  -0.570634475E-04
  -0.604430975E-04  -0.639587492E-04  -0.676111966E-04  -0.713988149E-04
  -0.753105050E-04  -0.793316160E-04  -0.834536191E-04  -0.876981102E-04
  -0.920964240E-04  -0.966755393E-04  -0.101436375E-03  -0.106372414E-03
  -0.111477993E-03  -0.116753700E-03  -0.122201700E-03  -0.127824995E-03
  -0.133630249E-03  -0.139625321E-03  -0.145817083E-03  -0.152207308E-03
  -0.158796283E-03  -0.165585482E-03  -0.172581964E-03  -0.179794479E-03
  -0.187231196E-03  -0.194896836E-03  -0.202795221E-03  -0.210930918E-03
  -0.219311574E-03  -0.227945828E-03  -0.236842044E-03  -0.246006642E-03
  -0.255445601E-03  -0.265165199E-03  -0.275172706E-03  -0.285475757E-03
  -0.296082048E-03  -0.306999055E-03  -0.318234287E-03  -0.329795287E-03
  -0.341689354E-03  -0.353923797E-03  -0.366506426E-03  -0.379446820E-03
  -0.392755169E-03  -0.406441703E-03  -0.420516149E-03  -0.434988225E-03
  -0.449868439E-03  -0.465170027E-03  -0.480907169E-03  -0.497094051E-03
  -0.513743843E-03  -0.530869638E-03  -0.548485538E-03  -0.566609000E-03
  -0.585258668E-03  -0.604453336E-03  -0.624211055E-03  -0.644549960E-03
  -0.665489254E-03  -0.687051351E-03  -0.709259887E-03  -0.732139174E-03
  -0.755714629E-03  -0.780012377E-03  -0.805059424E-03  -0.830884613E-03
  -0.857517736E-03  -0.884989626E-03  -0.913333399E-03  -0.942583295E-03
  -0.972775247E-03  -0.100394984E-02  -0.103614954E-02  -0.106941871E-02
  -0.110380648E-02  -0.113936407E-02  -0.117614567E-02  -0.121421419E-02
  -0.125363588E-02  -0.129447821E-02  -0.133680911E-02  -0.138069767E-02
  -0.142621494E-02  -0.147343545E-02  -0.152243577E-02  -0.157330122E-02
  -0.162614795E-02  -0.168110208E-02  -0.173830698E-02  -0.179796702E-02
  -0.186030623E-02  -0.192554363E-02  -0.199386100E-02  -0.206543335E-02
  -0.214038959E-02  -0.221866031E-02  -0.230012191E-02  -0.238480832E-02
  -0.247340827E-02  -0.256679370E-02  -0.266554160E-02  -0.276896217E-02
  -0.287602137E-02  -0.298594987E-02  -0.309914583E-02  -0.321631694E-02
  -0.333818903E-02  -0.346550605E-02  -0.359903006E-02
  -0.000000000E+00  -0.357069635E-07  -0.143428176E-06  -0.324064120E-06
  -0.578515279E-06  -0.907682136E-06  -0.131246517E-05  -0.179376487E-05
  -0.235248172E-05  -0.298951620E-05  -0.370576878E-05  -0.450213997E-05
  -0.537953023E-05  -0.633884005E-05  -0.738096992E-05  -0.850682031E-05
  -0.971729171E-05  -0.110132846E-04  -0.123956995E-04  -0.138654368E-04
  -0.154233971E-04  -0.170704808E-04  -0.188075884E-04  -0.206381484E-04
  -0.225649892E-04  -0.245932777E-04  -0.267242174E-04  -0.289577235E-04
  -0.312941648E-04  -0.337367706E-04  -0.362897994E-04  -0.389578197E-04
  -0.417455856E-04  -0.446581339E-04  -0.476998127E-04  -0.508710208E-04
  -0.541708160E-04  -0.575982891E-04  -0.611539317E-04  -0.648385214E-04
  -0.686533171E-04  -0.726019727E-04  -0.766889525E-04  -0.809192585E-04
  -0.852993714E-04  -0.898364606E-04  -0.945373442E-04  -0.994060806E-04
  -0.104446014E-03  -0.109660748E-03  -0.115054938E-03  -0.120633610E-03
  -0.126401150E-03  -0.132358867E-03  -0.138507101E-03  -0.144846702E-03
  -0.151381331E-03  -0.158115449E-03  -0.165053544E-03  -0.172199906E-03
  -0.179558821E-03  -0.187134444E-03  -0.194930173E-03  -0.202949201E-03
  -0.211195288E-03  -0.219674575E-03  -0.228393969E-03  -0.237360211E-03
  -0.246578716E-03  -0.256054611E-03  -0.265792938E-03  -0.275798173E-03
  -0.286074656E-03  -0.296626783E-03  -0.307459119E-03  -0.318576293E-03
  -0.329982907E-03  -0.341683346E-03  -0.353681953E-03  -0.365983054E-03
  -0.378590877E-03  -0.391509629E-03  -0.404743600E-03  -0.418297413E-03
  -0.432175798E-03  -0.446383797E-03  -0.460927648E-03  -0.475813978E-03
  -0.491049437E-03  -0.506640437E-03  -0.522593396E-03  -0.538914861E-03
  -0.555611670E-03  -0.572690803E-03  -0.590159655E-03  -0.608027009E-03
  -0.626302136E-03  -0.644994178E-03  -0.664111203E-03  -0.683661081E-03
  -0.703652161E-03  -0.724094432E-03  -0.744998449E-03  -0.766374623E-03
  -0.788232196E-03  -0.810580197E-03  -0.833428112E-03  -0.856786932E-03
  -0.880668173E-03  -0.905083865E-03  -0.930047521E-03  -0.955573232E-03
  -0.981675604E-03  -0.100837055E-02  -0.103567454E-02  -0.106360355E-02
  -0.109217043E-02  -0.112138738E-02  -0.115126621E-02  -0.118181676E-02
  -0.121304838E-02  -0.124497567E-02  -0.127763435E-02  -0.131106635E-02
  -0.134531955E-02  -0.138046292E-02  -0.141657230E-02  -0.145371122E-02
  -0.149188711E-02  -0.153109260E-02  -0.157129909E-02  -0.161239381E-02
  -0.165423924E-02  -0.169675537E-02  -0.174010941E-02  -0.178453635E-02
  -0.183036025E-02  -0.187824637E-02  -0.192896240E-02  -0.198302512E-02
  -0.203986825E-02  -0.209863154E-02  -0.215842103E-02  -0.221828476E-02
  -0.227723587E-02  -0.233458968E-02  -0.239096970E-02  -0.244735163E-02
  -0.250473854E-02  -0.256416095E-02  -0.262667678E-02
   0.000000000E+00   0.130843579E-07   0.522554673E-07   0.117390382E-06
   0.208366154E-06   0.325059837E-06   0.467348486E-06   0.635109152E-06
   0.828218890E-06   0.104655475E-05   0.128999379E-05   0.155841306E-05
   0.185168962E-05   0.216970052E-05   0.251232280E-05   0.287943353E-05
   0.327090976E-05   0.368662854E-05   0.412646692E-05   0.459030197E-05
   0.507801072E-05   0.558947024E-05   0.612455757E-05   0.669079726E-05
   0.729579580E-05   0.795310366E-05   0.865511130E-05   0.938657094E-05
   0.101343775E-04   0.109029544E-04   0.117025467E-04   0.125425994E-04
   0.134243481E-04   0.143466141E-04   0.153074825E-04   0.163028469E-04
   0.173275739E-04   0.183779192E-04   0.194579406E-04   0.205742709E-04
   0.217330884E-04   0.229364576E-04   0.241853593E-04   0.254812760E-04
   0.268277789E-04   0.282291955E-04   0.296881241E-04   0.311990541E-04
   0.327537842E-04   0.343457262E-04   0.359774342E-04   0.376541440E-04
   0.393807990E-04   0.411598721E-04   0.429932519E-04   0.448824137E-04
   0.468268701E-04   0.488255235E-04   0.508780192E-04   0.529875025E-04
   0.551581949E-04   0.573935608E-04   0.596932235E-04   0.620556937E-04
   0.644802330E-04   0.669696986E-04   0.695280112E-04   0.721585364E-04
   0.748617859E-04   0.776374745E-04   0.804857151E-04   0.834085155E-04
   0.864084327E-04   0.894879993E-04   0.926493897E-04   0.958947214E-04
   0.992260209E-04   0.102644794E-03   0.106152413E-03   0.109750511E-03
   0.113441756E-03   0.117229147E-03   0.121115302E-03   0.125101050E-03
   0.129186719E-03   0.133373344E-03   0.137665028E-03   0.142066777E-03
   0.146583077E-03   0.151215787E-03   0.155966078E-03   0.160835644E-03
   0.165828406E-03   0.170948942E-03   0.176201730E-03   0.181590453E-03
   0.187118638E-03   0.192790010E-03   0.198608900E-03   0.204579862E-03
   0.210707750E-03   0.216998323E-03   0.223457677E-03   0.230091980E-03
   0.236907236E-03   0.243909504E-03   0.251105051E-03   0.258500615E-03
   0.266103158E-03   0.273920198E-03   0.281961059E-03   0.290235702E-03
   0.298754369E-03   0.307527728E-03   0.316566738E-03   0.325882914E-03
   0.335489293E-03   0.345399526E-03   0.355627615E-03   0.366188025E-03
   0.377095578E-03   0.388366900E-03   0.400024980E-03   0.412094877E-03
   0.424603366E-03   0.437582297E-03   0.451065426E-03   0.465087418E-03
   0.479684106E-03   0.494892247E-03   0.510749590E-03   0.527295346E-03
   0.544569744E-03   0.562610664E-03   0.581443791E-03   0.601091927E-03
   0.621616269E-03   0.643232956E-03   0.666202685E-03   0.690744644E-03
   0.716888155E-03   0.744613354E-03   0.773845168E-03   0.804288759E-03
   0.835585742E-03   0.867444684E-03   0.899877626E-03   0.932975312E-03
   0.966830831E-03   0.100153962E-02   0.103719948E-02
  -0.000000000E+00  -0.121710934E-07  -0.491847826E-07  -0.111791681E-06
  -0.200742402E-06  -0.316787559E-06  -0.460677765E-06  -0.633163634E-06
  -0.834995779E-06  -0.106692481E-05  -0.132970135E-05  -0.162407601E-05
  -0.195079939E-05  -0.231062212E-05  -0.270429480E-05  -0.313256806E-05
  -0.359619249E-05  -0.409591873E-05  -0.463249737E-05  -0.520667904E-05
  -0.581921435E-05  -0.647085390E-05  -0.716234832E-05  -0.789328376E-05
  -0.866274597E-05  -0.944403179E-05  -0.102396984E-04  -0.110618565E-04
  -0.119228545E-04  -0.128290826E-04  -0.137856869E-04  -0.147949729E-04
  -0.158454993E-04  -0.169206082E-04  -0.180084370E-04  -0.191241761E-04
  -0.202922624E-04  -0.215324579E-04  -0.228358999E-04  -0.241846227E-04
  -0.255644706E-04  -0.269838759E-04  -0.284583080E-04  -0.299998765E-04
  -0.316019660E-04  -0.332521337E-04  -0.349390914E-04  -0.366602726E-04
  -0.384154052E-04  -0.402060137E-04  -0.420410537E-04  -0.439320768E-04
  -0.458884255E-04  -0.479074673E-04  -0.499830504E-04  -0.521107871E-04
  -0.542953071E-04  -0.565439263E-04  -0.588617384E-04  -0.612431833E-04
  -0.636794592E-04  -0.661641566E-04  -0.687027748E-04  -0.713043015E-04
  -0.739760350E-04  -0.767165919E-04  -0.795221304E-04  -0.823894071E-04
  -0.853185501E-04  -0.883105781E-04  -0.913669484E-04  -0.944908373E-04
  -0.976859892E-04  -0.100955318E-03  -0.104297803E-03  -0.107711292E-03
  -0.111194312E-03  -0.114748685E-03  -0.118377157E-03  -0.122081586E-03
  -0.125859864E-03  -0.129708716E-03  -0.133626199E-03  -0.137616430E-03
  -0.141685267E-03  -0.145837080E-03  -0.150069387E-03  -0.154377771E-03
  -0.158758933E-03  -0.163214898E-03  -0.167749148E-03  -0.172364591E-03
  -0.177061377E-03  -0.181838908E-03  -0.186696512E-03  -0.191633375E-03
  -0.196648602E-03  -0.201741938E-03  -0.206915922E-03  -0.212173892E-03
  -0.217518283E-03  -0.222947498E-03  -0.228458814E-03  -0.234049991E-03
  -0.239721162E-03  -0.245473072E-03  -0.251306178E-03  -0.257219711E-03
  -0.263212550E-03  -0.269283831E-03  -0.275433916E-03  -0.281663487E-03
  -0.287972922E-03  -0.294361319E-03  -0.300827404E-03  -0.307369015E-03
  -0.313980528E-03  -0.320655264E-03  -0.327386387E-03  -0.334167106E-03
  -0.340990484E-03  -0.347851427E-03  -0.354753004E-03  -0.361700504E-03
  -0.368700431E-03  -0.375763646E-03  -0.382902408E-03  -0.390119818E-03
  -0.397380567E-03  -0.404638532E-03  -0.411842209E-03  -0.418922565E-03
  -0.425804515E-03  -0.432439241E-03  -0.438891154E-03  -0.445255632E-03
  -0.451628440E-03  -0.458097798E-03  -0.464751889E-03  -0.471606940E-03
  -0.478379472E-03  -0.484702257E-03  -0.490233336E-03  -0.494764841E-03
  -0.498119690E-03  -0.500202653E-03  -0.501263624E-03  -0.501647427E-03
  -0.501708827E-03  -0.501812536E-03  -0.502333207E-03
   0.000000000E+00   0.461231445E-06   0.920947700E-06   0.137581035E-05
   0.182560652E-05   0.227324883E-05   0.272477544E-05   0.318678571E-05
   0.365581651E-05   0.412090664E-05   0.456905251E-05   0.499897992E-05
   0.541534539E-05   0.582374734E-05   0.622317140E-05   0.661000886E-05
   0.698201664E-05   0.734598873E-05   0.771309854E-05   0.809217396E-05
   0.847325218E-05   0.883845882E-05   0.917174725E-05   0.947719106E-05
   0.976612987E-05   0.100486872E-04   0.103220235E-04   0.105789693E-04
   0.108126135E-04   0.110206826E-04   0.112022085E-04   0.113573413E-04
   0.114907720E-04   0.116090552E-04   0.117155651E-04   0.117973543E-04
   0.118356670E-04   0.118144088E-04   0.117350938E-04   0.116046611E-04
   0.114320602E-04   0.112313922E-04   0.110193088E-04   0.108065933E-04
   0.105743112E-04   0.102938298E-04   0.993945694E-05   0.950589887E-05
   0.899343301E-05   0.840321697E-05   0.773909416E-05   0.700604451E-05
   0.620760630E-05   0.533947168E-05   0.439503200E-05   0.336760464E-05
   0.225129556E-05   0.104024645E-05  -0.270924214E-06  -0.168490777E-05
  -0.320365120E-05  -0.482973997E-05  -0.656859553E-05  -0.842653089E-05
  -0.104098831E-04  -0.125244232E-04  -0.147758813E-04  -0.171702422E-04
  -0.197140966E-04  -0.224143265E-04  -0.252777784E-04  -0.283105831E-04
  -0.315187672E-04  -0.349087362E-04  -0.384881175E-04  -0.422649995E-04
  -0.462477500E-04  -0.504452741E-04  -0.548667809E-04  -0.595213369E-04
  -0.644167336E-04  -0.695605186E-04  -0.749610862E-04  -0.806299525E-04
  -0.865796777E-04  -0.928225309E-04  -0.993685788E-04  -0.106227437E-03
  -0.113409671E-03  -0.120929254E-03  -0.128801309E-03  -0.137040819E-03
  -0.145661051E-03  -0.154675009E-03  -0.164096847E-03  -0.173944678E-03
  -0.184237979E-03  -0.194996127E-03  -0.206236656E-03  -0.217976871E-03
  -0.230235218E-03  -0.243033775E-03  -0.256395938E-03  -0.270345466E-03
  -0.284905993E-03  -0.300101480E-03  -0.315956791E-03  -0.332498973E-03
  -0.349756061E-03  -0.367756819E-03  -0.386531196E-03  -0.406109901E-03
  -0.426524913E-03  -0.447811504E-03  -0.470006345E-03  -0.493147045E-03
  -0.517272711E-03  -0.542423424E-03  -0.568640955E-03  -0.595971529E-03
  -0.624463232E-03  -0.654165002E-03  -0.685126258E-03  -0.717397254E-03
  -0.751029636E-03  -0.786077809E-03  -0.822597653E-03  -0.860649109E-03
  -0.900305443E-03  -0.941644507E-03  -0.984750411E-03  -0.102972775E-02
  -0.107668817E-02  -0.112573247E-02  -0.117690997E-02  -0.123025694E-02
  -0.128582116E-02  -0.134369678E-02  -0.140399131E-02  -0.146679076E-02
  -0.153208767E-02  -0.159984936E-02  -0.167004946E-02  -0.174269325E-02
  -0.181779357E-02  -0.189535680E-02  -0.197536474E-02  -0.205779182E-02
  -0.214261089E-02  -0.222979324E-02  -0.231930861E-02
   0.000000000E+00   0.495580507E-06   0.988997877E-06   0.147630667E-05
   0.195661682E-05   0.243209365E-05   0.290795785E-05   0.339037658E-05
   0.387772642E-05   0.436270232E-05   0.483581123E-05   0.529292358E-05
   0.573209371E-05   0.615339257E-05   0.656405067E-05   0.697572240E-05
   0.739853548E-05   0.782447640E-05   0.823747781E-05   0.862202115E-05
   0.897835681E-05   0.931243543E-05   0.963075236E-05   0.993639591E-05
   0.102318243E-04   0.105177544E-04   0.107859274E-04   0.110244256E-04
   0.112235244E-04   0.113883333E-04   0.115291782E-04   0.116540235E-04
   0.117554253E-04   0.118207364E-04   0.118389213E-04   0.118104828E-04
   0.117395208E-04   0.116288983E-04   0.114739832E-04   0.112677495E-04
   0.110036360E-04   0.106788025E-04   0.102914328E-04   0.984062292E-05
   0.932910323E-05   0.876095316E-05   0.813783786E-05   0.744964918E-05
   0.668245439E-05   0.582360516E-05   0.486897647E-05   0.381675514E-05
   0.266450331E-05   0.140681976E-05   0.373649088E-07  -0.144982611E-05
  -0.305845555E-05  -0.479161081E-05  -0.665300257E-05  -0.864903492E-05
  -0.107869855E-04  -0.130743039E-04  -0.155184107E-04  -0.181268749E-04
  -0.209072900E-04  -0.238666882E-04  -0.270120616E-04  -0.303509429E-04
  -0.338926535E-04  -0.376471867E-04  -0.416247130E-04  -0.458352462E-04
  -0.502889436E-04  -0.549961711E-04  -0.599673831E-04  -0.652132310E-04
  -0.707446009E-04  -0.765726128E-04  -0.827086212E-04  -0.891644347E-04
  -0.959529965E-04  -0.103087765E-03  -0.110582531E-03  -0.118451508E-03
  -0.126709252E-03  -0.135370963E-03  -0.144453518E-03  -0.153974528E-03
  -0.163951964E-03  -0.174404021E-03  -0.185349244E-03  -0.196807167E-03
  -0.208800150E-03  -0.221351687E-03  -0.234485658E-03  -0.248225833E-03
  -0.262596331E-03  -0.277622538E-03  -0.293333443E-03  -0.309759475E-03
  -0.326931803E-03  -0.344882475E-03  -0.363644291E-03  -0.383251182E-03
  -0.403739525E-03  -0.425146922E-03  -0.447512222E-03  -0.470876884E-03
  -0.495283709E-03  -0.520777234E-03  -0.547406293E-03  -0.575221624E-03
  -0.604276018E-03  -0.634627282E-03  -0.666335465E-03  -0.699462082E-03
  -0.734070648E-03  -0.770226175E-03  -0.807995961E-03  -0.847452503E-03
  -0.888670756E-03  -0.931730847E-03  -0.976729247E-03  -0.102376826E-02
  -0.107295799E-02  -0.112443342E-02  -0.117833831E-02  -0.123481508E-02
  -0.129399044E-02  -0.135598896E-02  -0.142093373E-02  -0.148893438E-02
  -0.156009838E-02  -0.163456340E-02  -0.171258426E-02  -0.179445066E-02
  -0.188047195E-02  -0.197101619E-02  -0.206647314E-02  -0.216718369E-02
  -0.227326240E-02  -0.238476577E-02  -0.250157453E-02  -0.262285935E-02
  -0.274758803E-02  -0.287500091E-02  -0.300553642E-02  -0.313995146E-02
  -0.327902265E-02  -0.342354626E-02  -0.357433825E-02
   0.000000000E+00   0.000000000E+00   0.000000000E+00   0.000000000E+00
   0.000000000E+00   0.000000000E+00   0.000000000E+00   0.000000000E+00
   0.000000000E+00   0.000000000E+00   0.000000000E+00   0.000000000E+00
   0.000000000E+00   0.000000000E+00   0.000000000E+00   0.000000000E+00
   0.000000000E+00   0.000000000E+00   0.000000000E+00   0.000000000E+00
   0.000000000E+00   0.000000000E+00   0.000000000E+00   0.000000000E+00
   0.000000000E+00   0.000000000E+00   0.000000000E+00   0.000000000E+00
   0.000000000E+00   0.000000000E+00   0.000000000E+00   0.000000000E+00
   0.000000000E+00   0.000000000E+00   0.000000000E+00   0.387757280E-09
   0.775595231E-08   0.251495795E-07   0.440062993E-07   0.490913146E-07
   0.228357111E-07  -0.513337775E-07  -0.186581593E-06  -0.391074778E-06
  -0.667127012E-06  -0.101098328E-05  -0.141315316E-05  -0.185920082E-05
  -0.233089957E-05  -0.280765923E-05  -0.326813405E-05  -0.369191945E-05
  -0.406124540E-05  -0.436257452E-05  -0.458801302E-05  -0.473644226E-05
  -0.481427916E-05   0.404445226E-05   0.483380565E-05   0.566940134E-05
   0.655543696E-05   0.749565743E-05   0.849128896E-05   0.954286706E-05
   0.106513897E-04   0.118199269E-04   0.130521881E-04   0.143516025E-04
   0.157200069E-04   0.171588195E-04   0.186698468E-04   0.202565233E-04
   0.219227963E-04   0.236724765E-04   0.255084178E-04   0.274332578E-04
   0.294498013E-04   0.315614170E-04   0.337716778E-04   0.360844843E-04
   0.385048331E-04   0.410381174E-04   0.436893926E-04   0.464618489E-04
   0.493582061E-04   0.523818864E-04   0.555391534E-04   0.588371519E-04
   0.622827597E-04   0.658811254E-04   0.696370125E-04   0.735557303E-04
   0.776445830E-04   0.819115340E-04   0.863646206E-04   0.910115618E-04
   0.958601203E-04   0.100918410E-03   0.106195457E-03   0.111700680E-03
   0.117443852E-03   0.123435537E-03   0.129686684E-03   0.136208651E-03
   0.143013708E-03   0.150114568E-03   0.157524340E-03   0.165256868E-03
   0.173326413E-03   0.181748110E-03   0.190539688E-03   0.199719861E-03
   0.209307636E-03   0.219321881E-03   0.229781726E-03   0.240707230E-03
   0.252120984E-03   0.264046608E-03   0.276508653E-03   0.289533886E-03
   0.303150083E-03   0.317387384E-03   0.332283709E-03   0.347879663E-03
   0.364217082E-03   0.381339910E-03   0.399293375E-03   0.418122895E-03
   0.437871593E-03   0.458582639E-03   0.480304699E-03   0.503106136E-03
   0.527061592E-03   0.552242219E-03   0.578699773E-03   0.606481663E-03
   0.635647970E-03   0.666307866E-03   0.698585122E-03   0.732671298E-03
   0.769024222E-03   0.808179784E-03   0.850506291E-03   0.895649246E-03
   0.943058425E-03   0.992289831E-03   0.104338102E-02   0.109649442E-02
   0.115179615E-02   0.120945607E-02   0.126964772E-02
   0.000000000E+00   0.000000000E+00   0.000000000E+00   0.000000000E+00
   0.000000000E+00   0.000000000E+00   0.000000000E+00   0.000000000E+00
   0.000000000E+00   0.000000000E+00   0.000000000E+00   0.000000000E+00
   0.000000000E+00   0.000000000E+00   0.000000000E+00   0.000000000E+00
   0.000000000E+00   0.000000000E+00   0.000000000E+00   0.000000000E+00
   0.000000000E+00   0.000000000E+00   0.000000000E+00   0.000000000E+00
   0.000000000E+00   0.000000000E+00   0.000000000E+00   0.000000000E+00
   0.000000000E+00   0.000000000E+00   0.000000000E+00  -0.391215947E-09
  -0.766370303E-08  -0.240141040E-07  -0.393221694E-07  -0.365212026E-07
   0.371425638E-08   0.993790244E-07   0.264545980E-06   0.507672709E-06
   0.830705922E-06   0.122888348E-05   0.169113384E-05   0.220097281E-05
   0.273779732E-05   0.327847621E-05   0.379913775E-05   0.427705368E-05
   0.469251981E-05   0.503063275E-05   0.528286279E-05   0.544832267E-05
   0.553463210E-05  -0.411175886E-05  -0.497131768E-05  -0.588455874E-05
  -0.685764054E-05  -0.789678011E-05  -0.900719359E-05  -0.101889400E-04
  -0.114405753E-04  -0.127616567E-04  -0.141565826E-04  -0.156311951E-04
  -0.171907220E-04  -0.188370492E-04  -0.205711485E-04  -0.223945762E-04
  -0.243115129E-04  -0.263269384E-04  -0.284457504E-04  -0.306719948E-04
  -0.330095573E-04  -0.354625810E-04  -0.380360163E-04  -0.407351243E-04
  -0.435653391E-04  -0.465323765E-04  -0.496421359E-04  -0.529001884E-04
  -0.563102973E-04  -0.598757648E-04  -0.636009029E-04  -0.674941478E-04
  -0.715652148E-04  -0.758233428E-04  -0.802748954E-04  -0.849255587E-04
  -0.897818301E-04  -0.948532790E-04  -0.100150469E-03  -0.105683953E-03
  -0.111463384E-03  -0.117498336E-03  -0.123798821E-03  -0.130376016E-03
  -0.137241595E-03  -0.144407976E-03  -0.151889813E-03  -0.159702619E-03
  -0.167862065E-03  -0.176383300E-03  -0.185281586E-03  -0.194573148E-03
  -0.204277121E-03  -0.214413739E-03  -0.225003444E-03  -0.236066060E-03
  -0.247621562E-03  -0.259691248E-03  -0.272300506E-03  -0.285476228E-03
  -0.299246333E-03  -0.313641036E-03  -0.328691659E-03  -0.344431128E-03
  -0.360896729E-03  -0.378127522E-03  -0.396163221E-03  -0.415043462E-03
  -0.434808492E-03  -0.455500184E-03  -0.477164453E-03  -0.499848990E-03
  -0.523606748E-03  -0.548509021E-03  -0.574633128E-03  -0.602058477E-03
  -0.630867386E-03  -0.661144310E-03  -0.692970917E-03  -0.726411814E-03
  -0.761528033E-03  -0.798400724E-03  -0.837189631E-03  -0.878077776E-03
  -0.921280544E-03  -0.967131019E-03  -0.101599916E-02  -0.106811398E-02
  -0.112310386E-02  -0.118043245E-02  -0.123959101E-02  -0.130023339E-02
  -0.136204791E-02  -0.142504175E-02  -0.149054302E-02  -0.156024846E-02
  -0.163590001E-02  -0.171928476E-02  -0.181223500E-02
   0.000000000E+00   0.000000000E+00   0.000000000E+00   0.457994764E-09
   0.105548287E-07   0.414472914E-07   0.958154611E-07   0.170310351E-06
   0.257995581E-06   0.350294703E-06   0.438489273E-06   0.514812741E-06
   0.573185274E-06   0.609634561E-06   0.622447727E-06   0.612099405E-06
   0.581001089E-06   0.533116818E-06   0.473490314E-06   0.407728630E-06
   0.341487418E-06   0.280002887E-06   0.227715547E-06   0.188030827E-06
   0.163261649E-06   0.450736539E-05   0.489426026E-05   0.530323841E-05
   0.573617952E-05   0.619069024E-05   0.666278548E-05   0.714961927E-05
   0.765513737E-05   0.818565596E-05   0.874633507E-05   0.933502023E-05
   0.994716914E-05   0.105784407E-04   0.112272596E-04   0.118927259E-04
   0.125748215E-04   0.132774855E-04   0.140060673E-04   0.147664798E-04
   0.155654095E-04   0.164101403E-04   0.173043840E-04   0.182352462E-04
   0.191842967E-04   0.201371275E-04   0.211011627E-04   0.220903766E-04
   0.231172311E-04   0.241842804E-04   0.252914398E-04   0.264380716E-04
   0.276214923E-04   0.288382754E-04   0.300857276E-04   0.313650855E-04
   0.326787056E-04   0.340285352E-04   0.354144087E-04   0.368355555E-04
   0.382916090E-04   0.397841154E-04   0.413151910E-04   0.428865502E-04
   0.444979325E-04   0.461485094E-04   0.478377575E-04   0.495666497E-04
   0.513365837E-04   0.531486560E-04   0.550025602E-04   0.568975816E-04
   0.588331772E-04   0.608097061E-04   0.628277670E-04   0.648878741E-04
   0.669901614E-04   0.691346517E-04   0.713212687E-04   0.735495863E-04
   0.758190573E-04   0.781294228E-04   0.804817327E-04   0.828774104E-04
   0.853174981E-04   0.878013199E-04   0.903277109E-04   0.928959867E-04
   0.955076356E-04   0.981647589E-04   0.100869017E-03   0.103620030E-03
   0.106416855E-03   0.109259006E-03   0.112148035E-03   0.115086066E-03
   0.118074935E-03   0.121115090E-03   0.124206610E-03   0.127349915E-03
   0.130546846E-03   0.133799658E-03   0.137110429E-03   0.140480298E-03
   0.143910174E-03   0.147401257E-03   0.150955897E-03   0.154576791E-03
   0.158267003E-03   0.162030868E-03   0.165873148E-03   0.169799257E-03
   0.173816854E-03   0.177934349E-03   0.182159384E-03   0.186495721E-03
   0.190946166E-03   0.195514414E-03   0.200207669E-03   0.205034184E-03
   0.210006998E-03   0.215157982E-03   0.220524607E-03   0.226144749E-03
   0.232054574E-03   0.238290532E-03   0.244875236E-03   0.251772148E-03
   0.258928388E-03   0.266316222E-03   0.274015436E-03   0.282135414E-03
   0.290831490E-03   0.300436067E-03   0.311334431E-03   0.323763280E-03
   0.337323840E-03   0.351443544E-03   0.365726979E-03   0.380548792E-03
   0.396490840E-03   0.413966974E-03   0.432661039E-03   0.452060969E-03
   0.471640191E-03   0.490857636E-03   0.509157731E-03
   0.000000000E+00   0.000000000E+00   0.459661105E-09   0.105374831E-07
   0.411285016E-07   0.944109170E-07   0.166437864E-06   0.249695242E-06
   0.335135538E-06   0.413735419E-06   0.477624901E-06   0.520835884E-06
   0.539717835E-06   0.533068433E-06   0.502026946E-06   0.449778148E-06
   0.381114565E-06   0.301904844E-06   0.218516027E-06   0.137237544E-06
   0.637546948E-07   0.271943399E-08  -0.425337689E-07  -0.700791836E-07
   0.453455007E-05   0.494466567E-05   0.537978550E-05   0.583424386E-05
   0.630338067E-05   0.679001393E-05   0.729951505E-05   0.783675064E-05
   0.840207857E-05   0.899447979E-05   0.961291148E-05   0.102569654E-04
   0.109263412E-04   0.116204878E-04   0.123380654E-04   0.130773843E-04
   0.138367005E-04   0.146146578E-04   0.154099220E-04   0.162225788E-04
   0.170590063E-04   0.179277850E-04   0.188363708E-04   0.197851629E-04
   0.207725423E-04   0.217965970E-04   0.228549270E-04   0.239448114E-04
   0.250636127E-04   0.262098618E-04   0.273823186E-04   0.285800399E-04
   0.298036361E-04   0.310541749E-04   0.323327741E-04   0.336405351E-04
   0.349786018E-04   0.363475733E-04   0.377456002E-04   0.391700693E-04
   0.406188589E-04   0.420924252E-04   0.435919456E-04   0.451182801E-04
   0.466707500E-04   0.482482303E-04   0.498494246E-04   0.514725336E-04
   0.531155531E-04   0.547765108E-04   0.564538848E-04   0.581462260E-04
   0.598518509E-04   0.615682954E-04   0.632928103E-04   0.650226250E-04
   0.667552335E-04   0.684881341E-04   0.702185649E-04   0.719429630E-04
   0.736574587E-04   0.753581782E-04   0.770416558E-04   0.787044565E-04
   0.803428677E-04   0.819523490E-04   0.835280377E-04   0.850647374E-04
   0.865563419E-04   0.879963661E-04   0.893783067E-04   0.906961942E-04
   0.919440831E-04   0.931153451E-04   0.942010320E-04   0.951913926E-04
   0.960765657E-04   0.968471135E-04   0.974935261E-04   0.980054054E-04
   0.983694725E-04   0.985714218E-04   0.985967679E-04   0.984314981E-04
   0.980614640E-04   0.974719300E-04   0.966468253E-04   0.955694430E-04
   0.942221686E-04   0.925849143E-04   0.906365849E-04   0.883540591E-04
   0.857075279E-04   0.826648656E-04   0.791923255E-04   0.752520923E-04
   0.708045811E-04   0.658128851E-04   0.602540114E-04   0.541083118E-04
   0.473564325E-04   0.399810105E-04   0.319650757E-04   0.232762228E-04
   0.138198003E-04   0.348307400E-05  -0.786114042E-05  -0.203894111E-04
  -0.342946877E-04  -0.497345062E-04  -0.667068689E-04  -0.851676555E-04
  -0.105019076E-03  -0.125952148E-03  -0.147595891E-03  -0.169754448E-03
  -0.192976966E-03  -0.218017218E-03  -0.245595478E-03  -0.276232194E-03
  -0.310405883E-03  -0.348425288E-03  -0.389874867E-03  -0.434141765E-03
  -0.480594811E-03  -0.528584513E-03  -0.577443065E-03
   0.000000000E+00   0.000000000E+00   0.000000000E+00   0.000000000E+00
   0.000000000E+00   0.000000000E+00   0.000000000E+00   0.000000000E+00
   0.000000000E+00   0.000000000E+00   0.000000000E+00   0.000000000E+00
   0.000000000E+00   0.000000000E+00  -0.481555004E-09  -0.114569374E-07
  -0.466046864E-07  -0.112038839E-06  -0.208011377E-06  -0.330788380E-06
  -0.474185958E-06  -0.630797002E-06  -0.792939762E-06  -0.953359306E-06
  -0.110571287E-05  -0.124487014E-05  -0.136705950E-05  -0.146989126E-05
  -0.155228889E-05  -0.161435936E-05  -0.165723346E-05  -0.168290734E-05
  -0.169411608E-05  -0.169427053E-05  -0.168748827E-05  -0.167874981E-05
  -0.466975102E-05  -0.493602123E-05  -0.521615727E-05  -0.551128170E-05
  -0.582172764E-05  -0.614431209E-05  -0.647459393E-05  -0.680898404E-05
  -0.714888898E-05  -0.749723272E-05  -0.785664189E-05  -0.822762196E-05
  -0.861010626E-05  -0.900379180E-05  -0.940746308E-05  -0.981957234E-05
  -0.102387533E-04  -0.106647953E-04  -0.110977997E-04  -0.115380704E-04
  -0.119867037E-04  -0.124450729E-04  -0.129143447E-04  -0.133945245E-04
  -0.138852955E-04  -0.143862574E-04  -0.148967568E-04  -0.154160374E-04
  -0.159435505E-04  -0.164797590E-04  -0.170254222E-04  -0.175811277E-04
  -0.181466124E-04  -0.187213704E-04  -0.193049335E-04  -0.198970882E-04
  -0.204976805E-04  -0.211066158E-04  -0.217240673E-04  -0.223502877E-04
  -0.229855349E-04  -0.236300437E-04  -0.242840515E-04  -0.249476197E-04
  -0.256200518E-04  -0.263004228E-04  -0.269879242E-04  -0.276823654E-04
  -0.283837155E-04  -0.290920412E-04  -0.298078024E-04  -0.305315816E-04
  -0.312638464E-04  -0.320045064E-04  -0.327533205E-04  -0.335100816E-04
  -0.342747519E-04  -0.350473379E-04  -0.358279732E-04  -0.366173069E-04
  -0.374161443E-04  -0.382251204E-04  -0.390440694E-04  -0.398726086E-04
  -0.407107150E-04  -0.415598877E-04  -0.424220683E-04  -0.432989694E-04
  -0.441911427E-04  -0.450988458E-04  -0.460226614E-04  -0.469644875E-04
  -0.479266140E-04  -0.489110805E-04  -0.499186758E-04  -0.509498726E-04
  -0.520058069E-04  -0.530903017E-04  -0.542079727E-04  -0.553635765E-04
  -0.565619962E-04  -0.578082551E-04  -0.591075811E-04  -0.604655924E-04
  -0.618881235E-04  -0.633801984E-04  -0.649430671E-04  -0.665769933E-04
  -0.682845355E-04  -0.700776844E-04  -0.719711389E-04  -0.739819268E-04
  -0.761352671E-04  -0.784590394E-04  -0.809790409E-04  -0.837102291E-04
  -0.866649951E-04  -0.898577239E-04  -0.933101335E-04  -0.970462248E-04
  -0.101082333E-03  -0.105401956E-03  -0.109979594E-03  -0.114821445E-03
  -0.120065028E-03  -0.125884713E-03  -0.132399574E-03  -0.139489887E-03
  -0.146971329E-03  -0.154732129E-03  -0.162971263E-03  -0.171972088E-03
  -0.182025458E-03  -0.193429719E-03  -0.206490715E-03
   0.000000000E+00   0.000000000E+00   0.000000000E+00   0.000000000E+00
   0.000000000E+00   0.000000000E+00   0.000000000E+00   0.000000000E+00
   0.000000000E+00   0.000000000E+00   0.000000000E+00   0.000000000E+00
   0.479175691E-09   0.114175112E-07   0.465191442E-07   0.112025586E-06
   0.208368084E-06   0.332001438E-06   0.476907881E-06   0.635801089E-06
   0.801060437E-06   0.965425584E-06   0.112248148E-05   0.126696389E-05
   0.139491552E-05   0.150372287E-05   0.159206384E-05   0.165979628E-05
   0.170781746E-05   0.173792467E-05   0.175270695E-05   0.175549810E-05
   0.175042104E-05   0.174255362E-05   0.464335424E-05   0.490158609E-05
   0.518361507E-05   0.550326938E-05   0.584954724E-05   0.620331954E-05
   0.654917798E-05   0.689406398E-05   0.725184163E-05   0.763299928E-05
   0.802945849E-05   0.842732565E-05   0.881481830E-05   0.919299330E-05
   0.956663524E-05   0.994110587E-05   0.103226054E-04   0.107179482E-04
   0.111321935E-04   0.115614225E-04   0.119989918E-04   0.124397831E-04
   0.128866395E-04   0.133447476E-04   0.138172646E-04   0.142977864E-04
   0.147769693E-04   0.152477863E-04   0.157147288E-04   0.161856646E-04
   0.166665946E-04   0.171541478E-04   0.176422605E-04   0.181257184E-04
   0.186039488E-04   0.190776278E-04   0.195475203E-04   0.200145424E-04
   0.204797052E-04   0.209433011E-04   0.214024334E-04   0.218532471E-04
   0.222924569E-04   0.227196922E-04   0.231353708E-04   0.235391847E-04
   0.239276843E-04   0.242964772E-04   0.246422361E-04   0.249665660E-04
   0.252724716E-04   0.255614018E-04   0.258278724E-04   0.260643932E-04
   0.262645922E-04   0.264276263E-04   0.265541271E-04   0.266439551E-04
   0.266935701E-04   0.266984548E-04   0.266539763E-04   0.265554741E-04
   0.263981789E-04   0.261776810E-04   0.258914625E-04   0.255374777E-04
   0.251126019E-04   0.246093500E-04   0.240189231E-04   0.233328623E-04
   0.225449247E-04   0.216493373E-04   0.206397568E-04   0.195079066E-04
   0.182448479E-04   0.168415585E-04   0.152893788E-04   0.135795950E-04
   0.117025863E-04   0.964564092E-05   0.739500030E-05   0.493563616E-05
   0.224842264E-05  -0.687212008E-06  -0.389229028E-05  -0.738800948E-05
  -0.111960009E-04  -0.153368628E-04  -0.198253917E-04  -0.246750685E-04
  -0.299013104E-04  -0.355267507E-04  -0.415762649E-04  -0.480837532E-04
  -0.551181069E-04  -0.627587106E-04  -0.710884794E-04  -0.801980867E-04
  -0.901819699E-04  -0.101114963E-03  -0.112984949E-03  -0.125756566E-03
  -0.139407247E-03  -0.153971142E-03  -0.169497517E-03  -0.186082438E-03
  -0.204008893E-03  -0.223613921E-03  -0.245134900E-03  -0.268377804E-03
  -0.293032127E-03  -0.318903997E-03  -0.346301409E-03  -0.375668125E-03
  -0.407459310E-03  -0.442141536E-03  -0.480192779E-03
   0.000000000E+00   0.000000000E+00   0.000000000E+00   0.000000000E+00
   0.000000000E+00   0.000000000E+00   0.000000000E+00   0.000000000E+00
   0.000000000E+00   0.000000000E+00   0.000000000E+00   0.000000000E+00
   0.000000000E+00   0.000000000E+00   0.000000000E+00   0.000000000E+00
   0.000000000E+00   0.000000000E+00   0.000000000E+00   0.000000000E+00
   0.000000000E+00   0.000000000E+00   0.000000000E+00   0.000000000E+00
   0.000000000E+00   0.000000000E+00   0.000000000E+00   0.000000000E+00
   0.000000000E+00   0.000000000E+00   0.000000000E+00   0.000000000E+00
   0.000000000E+00   0.440083565E-09   0.968121878E-08   0.359445562E-07
   0.775760256E-07   0.126516018E-06   0.171532373E-06   0.200747960E-06
   0.203527187E-06   0.171785783E-06   0.100788180E-06  -0.105031645E-07
  -0.159462165E-06  -0.340152894E-06  -0.543938413E-06  -0.760280319E-06
  -0.977664670E-06  -0.118458994E-05  -0.137055269E-05  -0.152696657E-05
  -0.164795043E-05  -0.173092101E-05  -0.177692609E-05   0.442024813E-05
   0.497232828E-05   0.556098151E-05   0.618677425E-05   0.685235264E-05
   0.756101047E-05   0.831592482E-05   0.911933181E-05   0.997325592E-05
   0.108797762E-04   0.118410626E-04   0.128593437E-04   0.139368713E-04
   0.150758443E-04   0.162784769E-04   0.175474336E-04   0.188871122E-04
   0.203024903E-04   0.217982933E-04   0.233776508E-04   0.250433097E-04
   0.267980943E-04   0.286450277E-04   0.305872217E-04   0.326283353E-04
   0.347741179E-04   0.370310047E-04   0.394048974E-04   0.418988882E-04
   0.445153384E-04   0.472574978E-04   0.501322949E-04   0.531477798E-04
   0.563117033E-04   0.596298475E-04   0.631075600E-04   0.667508773E-04
   0.705683632E-04   0.745694142E-04   0.787632438E-04   0.831575456E-04
   0.877597287E-04   0.925780511E-04   0.976238051E-04   0.102909292E-03
   0.108446841E-03   0.114247916E-03   0.120323943E-03   0.126687060E-03
   0.133351536E-03   0.140332450E-03   0.147645185E-03   0.155305282E-03
   0.163328573E-03   0.171731787E-03   0.180534241E-03   0.189756260E-03
   0.199419120E-03   0.209546550E-03   0.220163328E-03   0.231294982E-03
   0.242968334E-03   0.255210990E-03   0.268051108E-03   0.281517233E-03
   0.295638452E-03   0.310447047E-03   0.325986461E-03   0.342303802E-03
   0.359450604E-03   0.377492990E-03   0.396502093E-03   0.416544222E-03
   0.437660699E-03   0.459886877E-03   0.483261375E-03   0.507834519E-03
   0.533660364E-03   0.560818694E-03   0.589490630E-03   0.619887109E-03
   0.652198755E-03   0.686516993E-03   0.722908763E-03   0.761476642E-03
   0.802464973E-03   0.846159229E-03   0.892665572E-03   0.941341678E-03
   0.991337062E-03   0.104201518E-02   0.109368204E-02   0.114689382E-02
   0.120222157E-02   0.126025129E-02   0.132158387E-02
   0.000000000E+00   0.000000000E+00   0.000000000E+00   0.000000000E+00
   0.000000000E+00   0.000000000E+00   0.000000000E+00   0.000000000E+00
   0.000000000E+00   0.000000000E+00   0.000000000E+00   0.000000000E+00
   0.000000000E+00   0.000000000E+00   0.000000000E+00   0.000000000E+00
   0.000000000E+00   0.000000000E+00   0.000000000E+00   0.000000000E+00
   0.000000000E+00   0.000000000E+00   0.000000000E+00   0.000000000E+00
   0.000000000E+00   0.000000000E+00   0.000000000E+00   0.000000000E+00
   0.000000000E+00   0.000000000E+00   0.000000000E+00   0.443712358E-09
   0.970513344E-08   0.357699559E-07   0.764573179E-07   0.123053715E-06
   0.163680241E-06   0.185920656E-06   0.178777693E-06   0.134025018E-06
   0.470222664E-07  -0.829394271E-07  -0.252693997E-06  -0.455591689E-06
  -0.682157561E-06  -0.920949826E-06  -0.115955062E-05  -0.138562180E-05
  -0.158795827E-05  -0.175747159E-05  -0.188803622E-05  -0.197713121E-05
  -0.202620974E-05   0.446751361E-05   0.504602408E-05   0.566721630E-05
   0.633159604E-05   0.703930402E-05   0.779096304E-05   0.858944281E-05
   0.943830846E-05   0.103410421E-04   0.113003057E-04   0.123185933E-04
   0.133984104E-04   0.145421222E-04   0.157520886E-04   0.170309947E-04
   0.183827350E-04   0.198116224E-04   0.213218780E-04   0.229169004E-04
   0.245999228E-04   0.263743482E-04   0.282440827E-04   0.302132345E-04
   0.322859624E-04   0.344663292E-04   0.367584347E-04   0.391665147E-04
   0.416951055E-04   0.443488938E-04   0.471327811E-04   0.500522391E-04
   0.531129850E-04   0.563209401E-04   0.596824509E-04   0.632040866E-04
   0.668924876E-04   0.707541132E-04   0.747954734E-04   0.790235909E-04
   0.834471800E-04   0.880755599E-04   0.929180681E-04   0.979834037E-04
   0.103280234E-03   0.108817816E-03   0.114607257E-03   0.120660347E-03
   0.126989107E-03   0.133605636E-03   0.140522251E-03   0.147751666E-03
   0.155307395E-03   0.163203374E-03   0.171454168E-03   0.180075990E-03
   0.189085748E-03   0.198501067E-03   0.208341346E-03   0.218626769E-03
   0.229378250E-03   0.240618291E-03   0.252370180E-03   0.264657634E-03
   0.277504556E-03   0.290935264E-03   0.304975244E-03   0.319653223E-03
   0.334999223E-03   0.351046204E-03   0.367837147E-03   0.385418392E-03
   0.403839990E-03   0.423163747E-03   0.443455647E-03   0.464780473E-03
   0.487193242E-03   0.510747287E-03   0.535489211E-03   0.561435008E-03
   0.588592621E-03   0.616989907E-03   0.646736727E-03   0.677966212E-03
   0.710852261E-03   0.745724185E-03   0.782958128E-03   0.822854493E-03
   0.865376101E-03   0.910396478E-03   0.957691200E-03   0.100665344E-02
   0.105656401E-02   0.110690251E-02   0.115801769E-02   0.121049036E-02
   0.126491707E-02   0.132191006E-02   0.138209725E-02
   0.000000000E+00   0.000000000E+00   0.000000000E+00   0.000000000E+00
   0.000000000E+00   0.000000000E+00   0.000000000E+00   0.000000000E+00
   0.000000000E+00   0.000000000E+00   0.000000000E+00   0.000000000E+00
   0.000000000E+00   0.000000000E+00   0.000000000E+00   0.000000000E+00
   0.000000000E+00   0.000000000E+00   0.000000000E+00   0.000000000E+00
   0.000000000E+00   0.000000000E+00   0.000000000E+00   0.000000000E+00
   0.000000000E+00   0.000000000E+00   0.000000000E+00   0.000000000E+00
   0.000000000E+00   0.000000000E+00   0.000000000E+00   0.000000000E+00
   0.000000000E+00   0.000000000E+00   0.000000000E+00   0.000000000E+00
  -0.447697826E-09  -0.102458604E-07  -0.399117540E-07  -0.914074644E-07
  -0.160706345E-06  -0.240317705E-06  -0.321292443E-06  -0.394756951E-06
  -0.453022647E-06  -0.490318465E-06  -0.503193654E-06  -0.490638216E-06
  -0.453968330E-06  -0.396524105E-06  -0.323227000E-06  -0.240044251E-06
  -0.153407647E-06  -0.696340008E-07   0.560535133E-08   0.677186781E-07
   0.113484265E-06   0.141149773E-06  -0.441989323E-05  -0.482613202E-05
  -0.525552803E-05  -0.570875006E-05  -0.618698859E-05  -0.669160342E-05
  -0.722393792E-05  -0.778512298E-05  -0.837625148E-05  -0.899847066E-05
  -0.965308062E-05  -0.103414462E-04  -0.110649606E-04  -0.118250286E-04
  -0.126230814E-04  -0.134605596E-04  -0.143388408E-04  -0.152593047E-04
  -0.162235276E-04  -0.172338158E-04  -0.182927216E-04  -0.194026897E-04
  -0.205654775E-04  -0.217826828E-04  -0.230560018E-04  -0.243874669E-04
  -0.257792295E-04  -0.272336436E-04  -0.287537540E-04  -0.303428489E-04
  -0.320042124E-04  -0.337408356E-04  -0.355556826E-04  -0.374518140E-04
  -0.394324902E-04  -0.415010766E-04  -0.436613572E-04  -0.459186014E-04
  -0.482785785E-04  -0.507467965E-04  -0.533272032E-04  -0.560233902E-04
  -0.588396309E-04  -0.617828089E-04  -0.648606277E-04  -0.680807951E-04
  -0.714504001E-04  -0.749764929E-04  -0.786665355E-04  -0.825291780E-04
  -0.865735351E-04  -0.908089734E-04  -0.952452212E-04  -0.998922665E-04
  -0.104760743E-03  -0.109863225E-03  -0.115213015E-03  -0.120824355E-03
  -0.126714335E-03  -0.132901101E-03  -0.139403536E-03  -0.146242156E-03
  -0.153438266E-03  -0.161013120E-03  -0.168986221E-03  -0.177376918E-03
  -0.186206179E-03  -0.195500337E-03  -0.205287557E-03  -0.215602192E-03
  -0.226501807E-03  -0.238051114E-03  -0.250314803E-03  -0.263352308E-03
  -0.277222752E-03  -0.291979897E-03  -0.307651567E-03  -0.324259117E-03
  -0.341843551E-03  -0.360525173E-03  -0.380447091E-03  -0.401725508E-03
  -0.424356467E-03  -0.448304274E-03  -0.473582678E-03  -0.500411082E-03
  -0.529066251E-03  -0.559716806E-03  -0.592071557E-03  -0.625713708E-03
  -0.660214377E-03  -0.695132596E-03  -0.730015310E-03
   0.000000000E+00   0.000000000E+00   0.000000000E+00   0.000000000E+00
   0.000000000E+00   0.000000000E+00   0.000000000E+00   0.000000000E+00
   0.000000000E+00   0.000000000E+00   0.000000000E+00   0.000000000E+00
   0.000000000E+00   0.000000000E+00   0.000000000E+00   0.000000000E+00
   0.000000000E+00   0.000000000E+00   0.000000000E+00   0.000000000E+00
   0.000000000E+00   0.000000000E+00   0.000000000E+00   0.000000000E+00
   0.000000000E+00   0.000000000E+00   0.000000000E+00   0.000000000E+00
   0.000000000E+00   0.000000000E+00   0.000000000E+00   0.000000000E+00
   0.000000000E+00   0.000000000E+00   0.472814536E-09   0.108091495E-07
   0.420538134E-07   0.961732121E-07   0.168793730E-06   0.251890233E-06
   0.335920636E-06   0.411457039E-06   0.470363975E-06   0.506574280E-06
   0.516513111E-06   0.499220627E-06   0.456223875E-06   0.391208380E-06
   0.309539975E-06   0.217687392E-06   0.122596135E-06   0.310641528E-07
  -0.508301528E-07  -0.118197079E-06  -0.167651396E-06  -0.197424228E-06
   0.467008714E-05   0.510362560E-05   0.557094099E-05   0.606971519E-05
   0.659604476E-05   0.714720849E-05   0.772637947E-05   0.833845579E-05
   0.898744699E-05   0.967285557E-05   0.103928975E-04   0.111465175E-04
   0.119361772E-04   0.127653605E-04   0.136372446E-04   0.145532617E-04
   0.155143920E-04   0.165218921E-04   0.175781634E-04   0.186859678E-04
   0.198480511E-04   0.210668173E-04   0.223446241E-04   0.236834179E-04
   0.250832865E-04   0.265437765E-04   0.280655498E-04   0.296541058E-04
   0.313163816E-04   0.330582647E-04   0.348805243E-04   0.367825398E-04
   0.387647317E-04   0.408321085E-04   0.429910065E-04   0.452473081E-04
   0.476043998E-04   0.500650542E-04   0.526322572E-04   0.553097655E-04
   0.581015914E-04   0.610123834E-04   0.640491447E-04   0.672196412E-04
   0.705311974E-04   0.739886709E-04   0.775963334E-04   0.813591727E-04
   0.852849164E-04   0.893821484E-04   0.936592264E-04   0.981229316E-04
   0.102779728E-03   0.107636768E-03   0.112703668E-03   0.117990850E-03
   0.123509089E-03   0.129269859E-03   0.135285007E-03   0.141566799E-03
   0.148128381E-03   0.154983343E-03   0.162145208E-03   0.169626316E-03
   0.177438869E-03   0.185595824E-03   0.194112516E-03   0.203005134E-03
   0.212292998E-03   0.222007171E-03   0.232182350E-03   0.242850461E-03
   0.254029518E-03   0.265734135E-03   0.277975866E-03   0.290753274E-03
   0.304061313E-03   0.317917932E-03   0.332435707E-03   0.347754084E-03
   0.364021672E-03   0.381412639E-03   0.400111184E-03   0.420170376E-03
   0.441096671E-03   0.462243886E-03   0.483036355E-03   0.503241624E-03
   0.522711580E-03   0.541558951E-03   0.560965317E-03   0.582413227E-03
   0.607425375E-03   0.637564603E-03   0.674433900E-03
   0.000000000E+00   0.000000000E+00   0.000000000E+00   0.000000000E+00
   0.000000000E+00   0.000000000E+00   0.000000000E+00   0.000000000E+00
   0.000000000E+00   0.000000000E+00   0.000000000E+00   0.000000000E+00
   0.000000000E+00   0.000000000E+00   0.000000000E+00   0.000000000E+00
   0.000000000E+00   0.000000000E+00   0.000000000E+00   0.000000000E+00
   0.000000000E+00   0.000000000E+00   0.000000000E+00   0.000000000E+00
   0.000000000E+00   0.000000000E+00   0.000000000E+00   0.000000000E+00
   0.000000000E+00   0.000000000E+00   0.000000000E+00   0.000000000E+00
  -0.481612314E-09  -0.117052778E-07  -0.486906386E-07  -0.119819112E-06
  -0.227937491E-06  -0.371759055E-06  -0.547047890E-06  -0.747606203E-06
  -0.966084391E-06  -0.119463365E-05  -0.142542086E-05  -0.165102561E-05
  -0.186473897E-05  -0.206078400E-05  -0.223447751E-05  -0.238235315E-05
  -0.250226527E-05  -0.259349361E-05  -0.265686839E-05  -0.269493568E-05
  -0.271218281E-05  -0.271534353E-05  -0.462252478E-05  -0.479218896E-05
  -0.496083389E-05  -0.513030749E-05  -0.530201278E-05  -0.547505669E-05
  -0.564787747E-05  -0.581901230E-05  -0.598771747E-05  -0.615341959E-05
  -0.631540731E-05  -0.647246619E-05  -0.662320361E-05  -0.676654629E-05
  -0.690293910E-05  -0.703327241E-05  -0.715788553E-05  -0.727462419E-05
  -0.738058703E-05  -0.747321643E-05  -0.755180643E-05  -0.761614100E-05
  -0.766562961E-05  -0.769808783E-05  -0.771084309E-05  -0.770123333E-05
  -0.766696763E-05  -0.760579797E-05  -0.751559146E-05  -0.739490501E-05
  -0.724246045E-05  -0.705651496E-05  -0.683347343E-05  -0.656916002E-05
  -0.625964835E-05  -0.590247377E-05  -0.549551912E-05  -0.503615108E-05
  -0.451973700E-05  -0.394101194E-05  -0.329482228E-05  -0.257697049E-05
  -0.178343444E-05  -0.909728394E-06   0.502405649E-07   0.110311310E-05
   0.225560502E-05   0.351417084E-05   0.488531619E-05   0.637595767E-05
   0.799420084E-05   0.974861621E-05   0.116480886E-04   0.137021164E-04
   0.159205323E-04   0.183136383E-04   0.208929127E-04   0.236703493E-04
   0.266584964E-04   0.298712683E-04   0.333231859E-04   0.370290234E-04
   0.410035236E-04   0.452616650E-04   0.498192373E-04   0.546943260E-04
   0.599059184E-04   0.654746912E-04   0.714268872E-04   0.777906689E-04
   0.845948573E-04   0.918688786E-04   0.996428142E-04   0.107946182E-03
   0.116804149E-03   0.126241103E-03   0.136282713E-03   0.146958497E-03
   0.158299396E-03   0.170335990E-03   0.183095568E-03   0.196604900E-03
   0.210924562E-03   0.226251053E-03   0.242820079E-03   0.260811353E-03
   0.280158096E-03   0.300727679E-03   0.322373401E-03   0.344905087E-03
   0.368117001E-03   0.391858115E-03   0.416217785E-03   0.441349294E-03
   0.467409917E-03   0.494560913E-03   0.522967531E-03
   0.000000000E+00   0.000000000E+00   0.000000000E+00   0.000000000E+00
   0.000000000E+00   0.000000000E+00   0.000000000E+00   0.000000000E+00
   0.000000000E+00   0.000000000E+00   0.000000000E+00   0.000000000E+00
   0.000000000E+00   0.000000000E+00   0.000000000E+00   0.000000000E+00
   0.000000000E+00   0.000000000E+00   0.000000000E+00   0.000000000E+00
   0.000000000E+00   0.000000000E+00   0.000000000E+00   0.000000000E+00
   0.000000000E+00   0.000000000E+00   0.000000000E+00   0.000000000E+00
   0.000000000E+00   0.000000000E+00   0.000000000E+00  -0.483710749E-09
  -0.117553381E-07  -0.488948641E-07  -0.120311590E-06  -0.228854831E-06
  -0.373222933E-06  -0.549154105E-06  -0.750418938E-06  -0.969634539E-06
  -0.119892016E-05  -0.143041424E-05  -0.165667274E-05  -0.187096870E-05
  -0.206751289E-05  -0.224161548E-05  -0.238980861E-05  -0.250994977E-05
  -0.260132590E-05  -0.266477810E-05  -0.270286683E-05  -0.272009757E-05
  -0.272322674E-05  -0.464284761E-05  -0.481361915E-05  -0.497847245E-05
  -0.513789293E-05  -0.529291206E-05  -0.544448294E-05  -0.559291063E-05
  -0.573835300E-05  -0.588060611E-05  -0.601788360E-05  -0.614789673E-05
  -0.626863242E-05  -0.637960640E-05  -0.648074790E-05  -0.657165684E-05
  -0.665049840E-05  -0.671499210E-05  -0.676288144E-05  -0.679232585E-05
  -0.680154831E-05  -0.678866360E-05  -0.675152442E-05  -0.668786036E-05
  -0.659531062E-05  -0.647137618E-05  -0.631346316E-05  -0.611892451E-05
  -0.588514263E-05  -0.560945416E-05  -0.528883510E-05  -0.491900608E-05
  -0.449524960E-05  -0.401293345E-05  -0.346825818E-05  -0.285757216E-05
  -0.217686279E-05  -0.142091326E-05  -0.584077583E-06   0.339607713E-06
   0.135690221E-05   0.247492047E-05   0.370081966E-05   0.504130346E-05
   0.650308058E-05   0.809359423E-05   0.982278606E-05   0.117014620E-04
   0.137405361E-04   0.159504263E-04   0.183416159E-04   0.209255262E-04
   0.237166157E-04   0.267304266E-04   0.299826783E-04   0.334885326E-04
   0.372632789E-04   0.413229714E-04   0.456856683E-04   0.503702744E-04
   0.553967743E-04   0.607881660E-04   0.665686510E-04   0.727646669E-04
   0.794099532E-04   0.865408015E-04   0.941945234E-04   0.102409730E-03
   0.111226069E-03   0.120681554E-03   0.130804637E-03   0.141621667E-03
   0.153162280E-03   0.165468135E-03   0.178584685E-03   0.192569843E-03
   0.207529127E-03   0.223582504E-03   0.240854405E-03   0.259477737E-03
   0.279590094E-03   0.301318560E-03   0.324737143E-03   0.349907040E-03
   0.376853460E-03   0.405452835E-03   0.435539646E-03   0.467039377E-03
   0.500263950E-03   0.535631582E-03   0.573582272E-03   0.614610541E-03
   0.659234349E-03   0.707800425E-03   0.759921782E-03   0.815012270E-03
   0.872468139E-03   0.931668041E-03   0.991973030E-03
   0.000000000E+00   0.000000000E+00   0.000000000E+00   0.000000000E+00
   0.000000000E+00   0.000000000E+00   0.000000000E+00   0.000000000E+00
   0.000000000E+00   0.000000000E+00   0.000000000E+00   0.000000000E+00
   0.000000000E+00   0.000000000E+00   0.000000000E+00   0.000000000E+00
   0.000000000E+00   0.000000000E+00   0.000000000E+00   0.000000000E+00
   0.000000000E+00   0.000000000E+00   0.000000000E+00   0.000000000E+00
   0.000000000E+00   0.000000000E+00   0.000000000E+00   0.000000000E+00
   0.000000000E+00   0.000000000E+00   0.000000000E+00   0.000000000E+00
   0.000000000E+00   0.000000000E+00   0.000000000E+00   0.000000000E+00
   0.000000000E+00   0.000000000E+00   0.000000000E+00   0.000000000E+00
   0.000000000E+00   0.000000000E+00   0.000000000E+00   0.000000000E+00
   0.000000000E+00   0.000000000E+00   0.000000000E+00   0.000000000E+00
   0.000000000E+00   0.000000000E+00   0.000000000E+00   0.000000000E+00
   0.000000000E+00   0.000000000E+00   0.000000000E+00   0.000000000E+00
   0.000000000E+00   0.000000000E+00   0.000000000E+00   0.000000000E+00
   0.000000000E+00   0.000000000E+00   0.000000000E+00   0.000000000E+00
   0.000000000E+00   0.000000000E+00   0.000000000E+00   0.000000000E+00
   0.000000000E+00   0.000000000E+00   0.000000000E+00   0.000000000E+00
   0.000000000E+00   0.000000000E+00   0.000000000E+00  -0.458498625E-09
  -0.963935009E-08  -0.336835576E-07  -0.667656928E-07  -0.957929076E-07
  -0.104633338E-06  -0.773861219E-07  -0.780431621E-09   0.134209053E-06
   0.331442837E-06   0.589306048E-06   0.900919212E-06   0.125478296E-05
   0.163576925E-05   0.202637169E-05   0.240812759E-05   0.276312427E-05
   0.307550224E-05   0.333286787E-05   0.352752815E-05   0.365746000E-05
   0.372692693E-05  -0.469168599E-05  -0.544176078E-05  -0.624740158E-05
  -0.711026315E-05  -0.803477770E-05  -0.902620016E-05  -0.100897864E-04
  -0.112303258E-04  -0.124525759E-04  -0.137615085E-04  -0.151626054E-04
  -0.166615821E-04  -0.182644617E-04  -0.199780910E-04  -0.218096582E-04
  -0.237665564E-04  -0.258564715E-04  -0.280873001E-04  -0.304678444E-04
  -0.330100320E-04  -0.357268345E-04  -0.386317965E-04  -0.417397707E-04
  -0.450662273E-04  -0.486262026E-04  -0.524317962E-04  -0.564945249E-04
  -0.608270051E-04  -0.654456460E-04  -0.703681117E-04  -0.756153905E-04
  -0.812207806E-04  -0.872214120E-04  -0.936627510E-04  -0.100621228E-03
  -0.108182861E-03  -0.116416818E-03  -0.125316784E-03  -0.134856425E-03
  -0.144998841E-03  -0.155667741E-03  -0.166774745E-03  -0.178319274E-03
  -0.190665614E-03  -0.204280195E-03  -0.219539812E-03  -0.236418444E-03
  -0.254784558E-03  -0.274541848E-03  -0.295750551E-03  -0.318512154E-03
  -0.342930234E-03  -0.369110457E-03  -0.397160575E-03
   0.000000000E+00   0.000000000E+00   0.000000000E+00   0.000000000E+00
   0.000000000E+00   0.000000000E+00   0.000000000E+00   0.000000000E+00
   0.000000000E+00   0.000000000E+00   0.000000000E+00   0.000000000E+00
   0.000000000E+00   0.000000000E+00   0.000000000E+00   0.000000000E+00
   0.000000000E+00   0.000000000E+00   0.000000000E+00   0.000000000E+00
   0.000000000E+00   0.000000000E+00   0.000000000E+00   0.000000000E+00
   0.000000000E+00   0.000000000E+00   0.000000000E+00   0.000000000E+00
   0.000000000E+00   0.000000000E+00   0.000000000E+00   0.000000000E+00
   0.000000000E+00   0.000000000E+00   0.000000000E+00   0.000000000E+00
   0.000000000E+00   0.000000000E+00   0.000000000E+00   0.000000000E+00
   0.000000000E+00   0.000000000E+00   0.000000000E+00   0.000000000E+00
   0.000000000E+00   0.000000000E+00   0.000000000E+00   0.000000000E+00
   0.000000000E+00   0.000000000E+00   0.000000000E+00   0.000000000E+00
   0.000000000E+00   0.000000000E+00   0.000000000E+00   0.000000000E+00
   0.000000000E+00   0.000000000E+00   0.000000000E+00   0.000000000E+00
   0.000000000E+00   0.000000000E+00   0.000000000E+00   0.000000000E+00
   0.000000000E+00   0.000000000E+00   0.000000000E+00   0.438667288E-09
   0.910479563E-08   0.312358310E-07   0.601787894E-07   0.821713269E-07
   0.806136071E-07   0.393644249E-07  -0.548494184E-07  -0.210821498E-06
  -0.431962911E-06  -0.716019198E-06  -0.105531804E-05  -0.143745872E-05
  -0.184635446E-05  -0.226353840E-05  -0.266964457E-05  -0.304597455E-05
  -0.337606099E-05  -0.364713894E-05  -0.385143607E-05  -0.398719269E-05
  -0.405932261E-05   0.451151432E-05   0.527517123E-05   0.609681810E-05
   0.698154995E-05   0.793573059E-05   0.896554691E-05   0.100758191E-04
   0.112711002E-04   0.125560689E-04   0.139355779E-04   0.154146090E-04
   0.169989731E-04   0.186975115E-04   0.205200521E-04   0.224762553E-04
   0.245742218E-04   0.268217884E-04   0.292274926E-04   0.318021729E-04
   0.345574764E-04   0.375051907E-04   0.406567605E-04   0.440237391E-04
   0.476189610E-04   0.514596681E-04   0.555645831E-04   0.599535684E-04
   0.646496454E-04   0.696771006E-04   0.750607636E-04   0.808257735E-04
   0.869977979E-04   0.936021557E-04   0.100660897E-03   0.108195548E-03
   0.116230882E-03   0.124803580E-03   0.133954070E-03   0.143730360E-03
   0.154208309E-03   0.165472502E-03   0.177606428E-03   0.190682340E-03
   0.204770837E-03   0.219941058E-03   0.236251331E-03   0.253758025E-03
   0.272531536E-03   0.292696003E-03   0.314391698E-03   0.337747623E-03
   0.362836844E-03   0.389718848E-03   0.418398877E-03   0.448659634E-03
   0.480221047E-03   0.512992837E-03   0.547680301E-03   0.585208613E-03
   0.626527276E-03   0.672610127E-03   0.724455331E-03
   0.000000000E+00   0.000000000E+00   0.000000000E+00   0.000000000E+00
   0.000000000E+00   0.000000000E+00   0.000000000E+00   0.000000000E+00
   0.000000000E+00   0.000000000E+00   0.000000000E+00   0.000000000E+00
   0.000000000E+00   0.000000000E+00   0.000000000E+00   0.000000000E+00
   0.000000000E+00   0.000000000E+00   0.000000000E+00   0.000000000E+00
   0.000000000E+00   0.000000000E+00   0.000000000E+00   0.000000000E+00
   0.000000000E+00   0.000000000E+00   0.000000000E+00   0.000000000E+00
   0.000000000E+00   0.000000000E+00   0.000000000E+00   0.000000000E+00
   0.000000000E+00   0.000000000E+00   0.000000000E+00   0.000000000E+00
   0.000000000E+00   0.000000000E+00   0.000000000E+00   0.000000000E+00
   0.000000000E+00   0.000000000E+00   0.000000000E+00   0.000000000E+00
  -0.468863438E-09  -0.109577187E-07  -0.437147287E-07  -0.102882360E-06
  -0.186633433E-06  -0.289377440E-06  -0.403536986E-06  -0.520933562E-06
  -0.633821849E-06  -0.735611775E-06  -0.821317514E-06  -0.887772651E-06
  -0.933650708E-06  -0.959330244E-06  -0.966643730E-06  -0.958549415E-06
  -0.938765389E-06  -0.911405030E-06  -0.880653079E-06  -0.850521517E-06
  -0.824724462E-06  -0.806711301E-06  -0.458484264E-05  -0.492128223E-05
  -0.527618053E-05  -0.565178187E-05  -0.605002308E-05  -0.647125410E-05
  -0.691538826E-05  -0.738249815E-05  -0.787342766E-05  -0.838923926E-05
  -0.893110094E-05  -0.950052956E-05  -0.100991702E-04  -0.107284258E-04
  -0.113885458E-04  -0.120794557E-04  -0.128015748E-04  -0.135574618E-04
  -0.143503119E-04  -0.151828847E-04  -0.160557922E-04  -0.169690678E-04
  -0.179231539E-04  -0.189202850E-04  -0.199632167E-04  -0.210545173E-04
  -0.221957312E-04  -0.233881503E-04  -0.246334554E-04  -0.259348795E-04
  -0.272961330E-04  -0.287206029E-04  -0.302100215E-04  -0.317656999E-04
  -0.333894421E-04  -0.350850588E-04  -0.368569613E-04  -0.387094688E-04
  -0.406461549E-04  -0.426704555E-04  -0.447861169E-04  -0.469979354E-04
  -0.493110679E-04  -0.517306780E-04  -0.542615749E-04  -0.569085506E-04
  -0.596766473E-04  -0.625716218E-04  -0.655995104E-04  -0.687671867E-04
  -0.720845287E-04  -0.755623867E-04  -0.792121035E-04  -0.830461702E-04
  -0.870776104E-04  -0.913184191E-04  -0.957754222E-04  -0.100454172E-03
  -0.105361460E-03  -0.110508957E-03  -0.115909783E-03  -0.121584889E-03
  -0.127586161E-03  -0.133974621E-03  -0.140806170E-03  -0.148110675E-03
  -0.155911726E-03  -0.164225947E-03  -0.173040316E-03  -0.182333617E-03
  -0.192109987E-03  -0.202479172E-03  -0.213580513E-03  -0.225513093E-03
  -0.238201210E-03  -0.251521938E-03  -0.265460651E-03  -0.280453807E-03
  -0.297063538E-03  -0.315688348E-03  -0.336017058E-03  -0.357547744E-03
  -0.379763999E-03  -0.402134932E-03  -0.424115171E-03
   0.000000000E+00   0.000000000E+00   0.000000000E+00   0.000000000E+00
   0.000000000E+00   0.000000000E+00   0.000000000E+00   0.000000000E+00
   0.000000000E+00   0.000000000E+00   0.000000000E+00   0.000000000E+00
   0.000000000E+00   0.000000000E+00   0.000000000E+00   0.000000000E+00
   0.000000000E+00   0.000000000E+00   0.000000000E+00   0.000000000E+00
   0.000000000E+00   0.000000000E+00   0.000000000E+00   0.000000000E+00
   0.000000000E+00   0.000000000E+00   0.000000000E+00   0.000000000E+00
   0.000000000E+00   0.000000000E+00   0.000000000E+00   0.000000000E+00
   0.000000000E+00   0.000000000E+00   0.000000000E+00   0.000000000E+00
   0.000000000E+00   0.000000000E+00   0.000000000E+00   0.000000000E+00
   0.000000000E+00   0.000000000E+00  -0.458000438E-09  -0.106868151E-07
  -0.425584893E-07  -0.999632515E-07  -0.180937373E-06  -0.279851132E-06
  -0.389168351E-06  -0.500816575E-06  -0.607206974E-06  -0.701943041E-06
  -0.780257159E-06  -0.839214112E-06  -0.877720618E-06  -0.896379963E-06
  -0.897230793E-06  -0.883409163E-06  -0.858772901E-06  -0.827527371E-06
  -0.793891701E-06  -0.761844561E-06  -0.734988564E-06  -0.716572352E-06
  -0.448191144E-05  -0.481721828E-05  -0.517083932E-05  -0.554412079E-05
  -0.593814369E-05  -0.635394248E-05  -0.679244050E-05  -0.725401223E-05
  -0.773887690E-05  -0.824743409E-05  -0.878088305E-05  -0.934066343E-05
  -0.992813902E-05  -0.105442170E-04  -0.111896932E-04  -0.118653432E-04
  -0.125718339E-04  -0.133098043E-04  -0.140800069E-04  -0.148836624E-04
  -0.157221360E-04  -0.165968206E-04  -0.175091213E-04  -0.184604698E-04
  -0.194521935E-04  -0.204850964E-04  -0.215598443E-04  -0.226773005E-04
  -0.238391512E-04  -0.250473291E-04  -0.263036309E-04  -0.276091509E-04
  -0.289648045E-04  -0.303716999E-04  -0.318317284E-04  -0.333470178E-04
  -0.349195758E-04  -0.365507724E-04  -0.382418204E-04  -0.399938826E-04
  -0.418078916E-04  -0.436847174E-04  -0.456254188E-04  -0.476318414E-04
  -0.497060604E-04  -0.518502124E-04  -0.540665665E-04  -0.563574580E-04
  -0.587251675E-04  -0.611716193E-04  -0.636986636E-04  -0.663074358E-04
  -0.689960936E-04  -0.717619389E-04  -0.746025180E-04  -0.775167748E-04
  -0.805039676E-04  -0.835652986E-04  -0.867100418E-04  -0.899497783E-04
  -0.932969382E-04  -0.967663554E-04  -0.100373803E-03  -0.104129775E-03
  -0.108021972E-03  -0.112031828E-03  -0.116131976E-03  -0.120261288E-03
  -0.124348458E-03  -0.128340171E-03  -0.132262730E-03  -0.136163758E-03
  -0.140139136E-03  -0.144476055E-03  -0.149517528E-03  -0.155504199E-03
  -0.162231559E-03  -0.169374990E-03  -0.176545995E-03  -0.183126370E-03
  -0.188425628E-03  -0.191962310E-03  -0.194159993E-03  -0.195685846E-03
  -0.197225958E-03  -0.199485337E-03  -0.203187914E-03
   0.000000000E+00   0.000000000E+00   0.000000000E+00   0.000000000E+00
   0.000000000E+00   0.000000000E+00   0.000000000E+00   0.000000000E+00
   0.000000000E+00   0.000000000E+00   0.000000000E+00   0.000000000E+00
   0.000000000E+00   0.000000000E+00   0.000000000E+00   0.000000000E+00
   0.000000000E+00   0.000000000E+00   0.000000000E+00   0.000000000E+00
   0.000000000E+00   0.000000000E+00   0.000000000E+00   0.000000000E+00
   0.000000000E+00   0.000000000E+00   0.000000000E+00   0.000000000E+00
   0.000000000E+00   0.000000000E+00   0.000000000E+00   0.000000000E+00
   0.000000000E+00   0.000000000E+00   0.000000000E+00   0.000000000E+00
   0.000000000E+00   0.000000000E+00   0.000000000E+00   0.000000000E+00
   0.000000000E+00   0.000000000E+00   0.000000000E+00   0.000000000E+00
   0.000000000E+00   0.000000000E+00   0.000000000E+00   0.000000000E+00
   0.000000000E+00   0.460903429E-09   0.109037038E-07   0.440846156E-07
   0.105287375E-06   0.194102815E-06   0.306343684E-06   0.435602876E-06
   0.574487620E-06   0.715562123E-06   0.852031211E-06   0.978197471E-06
   0.108972443E-05   0.118373830E-05   0.125880076E-05   0.131478537E-05
   0.135269009E-05   0.137441847E-05   0.138256191E-05   0.138021572E-05
   0.137086130E-05   0.135834711E-05   0.134700081E-05   0.448146368E-05
   0.476053554E-05   0.505525796E-05   0.536525150E-05   0.568953657E-05
   0.602751611E-05   0.638038602E-05   0.674985621E-05   0.713751402E-05
   0.754422175E-05   0.797066503E-05   0.841731894E-05   0.888375644E-05
   0.936928004E-05   0.987382118E-05   0.104000492E-04   0.109514389E-04
   0.115308158E-04   0.121379182E-04   0.127716382E-04   0.134315711E-04
   0.141204193E-04   0.148417770E-04   0.155986680E-04   0.163913854E-04
   0.172194883E-04   0.180832094E-04   0.189856819E-04   0.199308763E-04
   0.209223798E-04   0.219618144E-04   0.230503059E-04   0.241893367E-04
   0.253818242E-04   0.266311172E-04   0.279406165E-04   0.293136626E-04
   0.307536400E-04   0.322640553E-04   0.338486646E-04   0.355113544E-04
   0.372564052E-04   0.390894269E-04   0.410164831E-04   0.430434120E-04
   0.451746597E-04   0.474143738E-04   0.497672936E-04   0.522403326E-04
   0.548410919E-04   0.575780323E-04   0.604625577E-04   0.635070557E-04
   0.667253816E-04   0.701363936E-04   0.737606226E-04   0.776171067E-04
   0.817171696E-04   0.860702905E-04   0.906807028E-04   0.955308621E-04
   0.100597065E-03   0.105869158E-03   0.111394588E-03   0.117236732E-03
   0.123470748E-03   0.130214237E-03   0.137598201E-03   0.145736043E-03
   0.154658989E-03   0.164377322E-03   0.174823906E-03   0.185617952E-03
   0.196289273E-03   0.206477770E-03   0.216310043E-03   0.226041482E-03
   0.235934693E-03   0.246259497E-03   0.257292933E-03
   0.000000000E+00   0.000000000E+00   0.000000000E+00   0.000000000E+00
   0.000000000E+00   0.000000000E+00   0.000000000E+00   0.000000000E+00
   0.000000000E+00   0.000000000E+00   0.000000000E+00   0.000000000E+00
   0.000000000E+00   0.000000000E+00   0.000000000E+00   0.000000000E+00
   0.000000000E+00   0.000000000E+00   0.000000000E+00   0.000000000E+00
   0.000000000E+00   0.000000000E+00   0.000000000E+00   0.000000000E+00
   0.000000000E+00   0.000000000E+00   0.000000000E+00   0.000000000E+00
   0.000000000E+00   0.000000000E+00   0.000000000E+00   0.000000000E+00
   0.000000000E+00   0.000000000E+00   0.000000000E+00   0.000000000E+00
   0.000000000E+00   0.000000000E+00   0.000000000E+00   0.000000000E+00
   0.000000000E+00   0.000000000E+00   0.000000000E+00   0.000000000E+00
   0.000000000E+00   0.000000000E+00   0.000000000E+00   0.000000000E+00
  -0.486806831E-09  -0.115274810E-07  -0.466546719E-07  -0.111549785E-06
  -0.205895955E-06  -0.325379359E-06  -0.463319393E-06  -0.611961574E-06
  -0.763467009E-06  -0.910632274E-06  -0.104737357E-05  -0.116900897E-05
  -0.127237268E-05  -0.135579504E-05  -0.141898227E-05  -0.146282963E-05
  -0.148920205E-05  -0.150071588E-05  -0.150055572E-05  -0.149236019E-05
  -0.148021044E-05  -0.146875523E-05  -0.473120490E-05  -0.502166698E-05
  -0.532473843E-05  -0.563964643E-05  -0.596781033E-05  -0.631128406E-05
  -0.667180672E-05  -0.704952947E-05  -0.744416996E-05  -0.785519351E-05
  -0.828113692E-05  -0.872022395E-05  -0.917175111E-05  -0.963972198E-05
  -0.101295277E-04  -0.106450649E-04  -0.111833605E-04  -0.117394972E-04
  -0.123099592E-04  -0.128977295E-04  -0.135076051E-04  -0.141433981E-04
  -0.148042721E-04  -0.154881192E-04  -0.161931883E-04  -0.169195263E-04
  -0.176676464E-04  -0.184383192E-04  -0.192333407E-04  -0.200548213E-04
  -0.209042880E-04  -0.217806732E-04  -0.226821823E-04  -0.236074469E-04
  -0.245571020E-04  -0.255323180E-04  -0.265337567E-04  -0.275599060E-04
  -0.286086329E-04  -0.296782134E-04  -0.307688660E-04  -0.318813192E-04
  -0.330159258E-04  -0.341714490E-04  -0.353461988E-04  -0.365383480E-04
  -0.377457105E-04  -0.389659489E-04  -0.401959138E-04  -0.414293967E-04
  -0.426592402E-04  -0.438787173E-04  -0.450835530E-04  -0.462700226E-04
  -0.474353690E-04  -0.485810684E-04  -0.497097533E-04  -0.508181197E-04
  -0.518784094E-04  -0.528558800E-04  -0.537156043E-04  -0.544250714E-04
  -0.549517291E-04  -0.552804048E-04  -0.554691734E-04  -0.555965091E-04
  -0.557327100E-04  -0.559074943E-04  -0.561406901E-04  -0.563676236E-04
  -0.561790737E-04  -0.550678561E-04  -0.525985334E-04  -0.486699060E-04
  -0.432658272E-04  -0.365501956E-04  -0.294158680E-04  -0.229630060E-04
  -0.183218879E-04  -0.166529081E-04  -0.191465776E-04
   0.000000000E+00   0.000000000E+00   0.000000000E+00   0.000000000E+00
   0.000000000E+00   0.000000000E+00   0.000000000E+00   0.000000000E+00
   0.000000000E+00   0.000000000E+00   0.000000000E+00   0.000000000E+00
   0.000000000E+00   0.000000000E+00   0.000000000E+00   0.000000000E+00
   0.000000000E+00   0.000000000E+00   0.000000000E+00   0.000000000E+00
   0.000000000E+00   0.000000000E+00   0.000000000E+00   0.000000000E+00
   0.000000000E+00   0.000000000E+00   0.000000000E+00   0.000000000E+00
   0.000000000E+00   0.000000000E+00   0.000000000E+00   0.000000000E+00
   0.000000000E+00   0.000000000E+00   0.000000000E+00   0.000000000E+00
   0.000000000E+00   0.000000000E+00   0.000000000E+00   0.000000000E+00
   0.000000000E+00   0.000000000E+00   0.000000000E+00   0.000000000E+00
   0.000000000E+00   0.000000000E+00   0.000000000E+00   0.000000000E+00
   0.000000000E+00   0.000000000E+00   0.000000000E+00   0.000000000E+00
   0.000000000E+00   0.000000000E+00   0.000000000E+00   0.000000000E+00
   0.000000000E+00   0.000000000E+00   0.000000000E+00   0.000000000E+00
   0.000000000E+00   0.000000000E+00   0.000000000E+00   0.000000000E+00
   0.000000000E+00   0.000000000E+00   0.000000000E+00   0.000000000E+00
  -0.457022525E-09  -0.101726291E-07  -0.383285904E-07  -0.842972572E-07
  -0.140956696E-06  -0.197819547E-06  -0.243488706E-06  -0.267501226E-06
  -0.261621849E-06  -0.220647538E-06  -0.142784437E-06  -0.296586330E-07
   0.113977870E-06   0.280784575E-06   0.461551914E-06   0.646041270E-06
   0.823884204E-06   0.985479490E-06   0.112282656E-05   0.123023395E-05
   0.130484140E-05   0.134689413E-05  -0.456740544E-05  -0.509425996E-05
  -0.566313596E-05  -0.627623208E-05  -0.693605890E-05  -0.764624597E-05
  -0.841079597E-05  -0.923367259E-05  -0.101183193E-04  -0.110681053E-04
  -0.120867626E-04  -0.131792627E-04  -0.143510026E-04  -0.156075805E-04
  -0.169549627E-04  -0.183993281E-04  -0.199471416E-04  -0.216055430E-04
  -0.233819843E-04  -0.252840190E-04  -0.273190364E-04  -0.294945098E-04
  -0.318186188E-04  -0.343018988E-04  -0.369556974E-04  -0.397922422E-04
  -0.428264706E-04  -0.460743146E-04  -0.495520296E-04  -0.532759341E-04
  -0.572626544E-04  -0.615284482E-04  -0.660868749E-04  -0.709509871E-04
  -0.761376479E-04  -0.816784705E-04  -0.876095120E-04  -0.939690958E-04
  -0.100801902E-03  -0.108155108E-03  -0.116070795E-03  -0.124566728E-03
  -0.133654511E-03  -0.143359423E-03  -0.153762200E-03  -0.164959508E-03
  -0.177039443E-03  -0.190047700E-03  -0.204019613E-03  -0.219009201E-03
  -0.235144666E-03  -0.252575768E-03  -0.271378827E-03  -0.291321034E-03
  -0.312084193E-03  -0.333451708E-03  -0.355647613E-03  -0.379014378E-03
  -0.403903478E-03  -0.430675394E-03  -0.459699608E-03
   0.000000000E+00   0.000000000E+00   0.000000000E+00   0.000000000E+00
   0.000000000E+00   0.000000000E+00   0.000000000E+00   0.000000000E+00
   0.000000000E+00   0.000000000E+00   0.000000000E+00   0.000000000E+00
   0.000000000E+00   0.000000000E+00   0.000000000E+00   0.000000000E+00
   0.000000000E+00   0.000000000E+00   0.000000000E+00   0.000000000E+00
   0.000000000E+00   0.000000000E+00   0.000000000E+00   0.000000000E+00
   0.000000000E+00   0.000000000E+00   0.000000000E+00   0.000000000E+00
   0.000000000E+00   0.000000000E+00   0.000000000E+00   0.000000000E+00
   0.000000000E+00   0.000000000E+00   0.000000000E+00   0.000000000E+00
   0.000000000E+00   0.000000000E+00   0.000000000E+00   0.000000000E+00
   0.000000000E+00   0.000000000E+00   0.000000000E+00   0.000000000E+00
   0.000000000E+00   0.000000000E+00   0.000000000E+00   0.000000000E+00
   0.000000000E+00   0.000000000E+00   0.000000000E+00   0.000000000E+00
   0.000000000E+00   0.000000000E+00   0.000000000E+00   0.000000000E+00
   0.000000000E+00   0.000000000E+00   0.000000000E+00   0.000000000E+00
   0.000000000E+00   0.000000000E+00   0.000000000E+00   0.000000000E+00
   0.000000000E+00  -0.459408334E-09  -0.102032599E-07  -0.383393719E-07
  -0.840305644E-07  -0.139881613E-06  -0.195127688E-06  -0.238134863E-06
  -0.258275452E-06  -0.247240897E-06  -0.199854962E-06  -0.114449971E-06
   0.713116659E-08   0.159844401E-06   0.336002718E-06   0.526020298E-06
   0.719279917E-06   0.905060859E-06   0.107346457E-05   0.121627536E-05
   0.132769334E-05   0.140487689E-05   0.144823201E-05  -0.459559673E-05
  -0.513399516E-05  -0.571486858E-05  -0.634161329E-05  -0.701774080E-05
  -0.774691286E-05  -0.853290917E-05  -0.937947578E-05  -0.102898918E-04
  -0.112673698E-04  -0.123156686E-04  -0.134405582E-04  -0.146484627E-04
  -0.159457084E-04  -0.173376426E-04  -0.188294520E-04  -0.204269431E-04
  -0.221380813E-04  -0.239715589E-04  -0.259360564E-04  -0.280394803E-04
  -0.302896741E-04  -0.326950781E-04  -0.352660101E-04  -0.380134690E-04
  -0.409489021E-04  -0.440847474E-04  -0.474339263E-04  -0.510107210E-04
  -0.548340026E-04  -0.589242042E-04  -0.633024451E-04  -0.679910118E-04
  -0.730129060E-04  -0.783902461E-04  -0.841398399E-04  -0.902773492E-04
  -0.968196632E-04  -0.103787818E-03  -0.111204247E-03  -0.119098997E-03
  -0.127531645E-03  -0.136570621E-03  -0.146291409E-03  -0.156792601E-03
  -0.168180727E-03  -0.180552548E-03  -0.193956650E-03  -0.208429771E-03
  -0.223975961E-03  -0.240465003E-03  -0.257728619E-03  -0.275671307E-03
  -0.294509193E-03  -0.314543546E-03  -0.336106039E-03  -0.359626806E-03
  -0.385569835E-03  -0.414240795E-03  -0.445266957E-03  -0.478091444E-03
  -0.512141109E-03  -0.546826535E-03  -0.581542036E-03
   0.000000000E+00   0.000000000E+00   0.000000000E+00   0.000000000E+00
   0.000000000E+00   0.000000000E+00   0.000000000E+00   0.000000000E+00
   0.000000000E+00   0.000000000E+00   0.000000000E+00   0.000000000E+00
   0.000000000E+00   0.000000000E+00   0.000000000E+00   0.000000000E+00
   0.000000000E+00   0.000000000E+00   0.000000000E+00   0.000000000E+00
   0.000000000E+00   0.000000000E+00   0.000000000E+00   0.000000000E+00
   0.000000000E+00   0.000000000E+00   0.000000000E+00   0.000000000E+00
   0.000000000E+00   0.000000000E+00   0.000000000E+00   0.000000000E+00
   0.000000000E+00   0.000000000E+00   0.000000000E+00   0.000000000E+00
   0.000000000E+00   0.000000000E+00   0.000000000E+00   0.000000000E+00
   0.000000000E+00   0.000000000E+00   0.000000000E+00   0.000000000E+00
   0.000000000E+00   0.000000000E+00   0.000000000E+00   0.000000000E+00
   0.000000000E+00   0.000000000E+00   0.000000000E+00   0.000000000E+00
   0.000000000E+00   0.000000000E+00   0.000000000E+00   0.000000000E+00
   0.000000000E+00   0.000000000E+00   0.000000000E+00   0.000000000E+00
   0.000000000E+00   0.000000000E+00   0.000000000E+00   0.000000000E+00
   0.000000000E+00   0.000000000E+00   0.000000000E+00   0.451537319E-09
   0.102993869E-07   0.399647544E-07   0.911113683E-07   0.159317237E-06
   0.236687080E-06   0.313924072E-06   0.381910222E-06   0.432844699E-06
   0.460989403E-06   0.463071120E-06   0.438389553E-06   0.388680545E-06
   0.317783819E-06   0.231164537E-06   0.135337991E-06   0.372467492E-07
  -0.563604467E-07  -0.139498700E-06  -0.207416596E-06  -0.256916137E-06
  -0.286473664E-06   0.446444280E-05   0.488760327E-05   0.534154456E-05
   0.582828879E-05   0.635007274E-05   0.690924747E-05   0.750843786E-05
   0.815039520E-05   0.883801066E-05   0.957451312E-05   0.103632860E-04
   0.112078395E-04   0.121119199E-04   0.130794083E-04   0.141144080E-04
   0.152216217E-04   0.164060006E-04   0.176727007E-04   0.190273165E-04
   0.204756629E-04   0.220239333E-04   0.236794149E-04   0.254498200E-04
   0.273432150E-04   0.293685002E-04   0.315349604E-04   0.338522049E-04
   0.363304556E-04   0.389802769E-04   0.418129807E-04   0.448421516E-04
   0.480822144E-04   0.515489062E-04   0.552622230E-04   0.592436480E-04
   0.635156005E-04   0.681026441E-04   0.730303485E-04   0.783244955E-04
   0.840098337E-04   0.901112532E-04   0.966520854E-04   0.103647673E-03
   0.111111443E-03   0.119067311E-03   0.127581304E-03   0.136731645E-03
   0.146621433E-03   0.157448569E-03   0.169439528E-03   0.182764465E-03
   0.197346515E-03   0.213042625E-03   0.229718072E-03   0.247286357E-03
   0.265671336E-03   0.284798633E-03   0.304608713E-03   0.325044459E-03
   0.346046952E-03   0.367555469E-03   0.389507485E-03
   0.000000000E+00   0.000000000E+00   0.000000000E+00   0.000000000E+00
   0.000000000E+00   0.000000000E+00   0.000000000E+00   0.000000000E+00
   0.000000000E+00   0.000000000E+00   0.000000000E+00   0.000000000E+00
   0.000000000E+00   0.000000000E+00   0.000000000E+00   0.000000000E+00
   0.000000000E+00   0.000000000E+00   0.000000000E+00   0.000000000E+00
   0.000000000E+00   0.000000000E+00   0.000000000E+00   0.000000000E+00
   0.000000000E+00   0.000000000E+00   0.000000000E+00   0.000000000E+00
   0.000000000E+00   0.000000000E+00   0.000000000E+00   0.000000000E+00
   0.000000000E+00   0.000000000E+00   0.000000000E+00   0.000000000E+00
   0.000000000E+00   0.000000000E+00   0.000000000E+00   0.000000000E+00
   0.000000000E+00   0.000000000E+00   0.000000000E+00   0.000000000E+00
   0.000000000E+00   0.000000000E+00   0.000000000E+00   0.000000000E+00
   0.000000000E+00   0.000000000E+00   0.000000000E+00   0.000000000E+00
   0.000000000E+00   0.000000000E+00   0.000000000E+00   0.000000000E+00
   0.000000000E+00   0.000000000E+00   0.000000000E+00   0.000000000E+00
   0.000000000E+00   0.000000000E+00   0.000000000E+00   0.000000000E+00
  -0.465417795E-09  -0.106177028E-07  -0.412076755E-07  -0.939658813E-07
  -0.164352337E-06  -0.244245980E-06  -0.324077672E-06  -0.394457499E-06
  -0.447347129E-06  -0.476827974E-06  -0.479515897E-06  -0.454673242E-06
  -0.404068907E-06  -0.331637229E-06  -0.242986436E-06  -0.144807394E-06
  -0.442334319E-07   0.517980324E-07   0.137131298E-06   0.206874870E-06
   0.257729892E-06   0.288113747E-06  -0.460135155E-05  -0.503685196E-05
  -0.550922787E-05  -0.601832621E-05  -0.656266154E-05  -0.714178702E-05
  -0.775983172E-05  -0.842224025E-05  -0.913390059E-05  -0.989682457E-05
  -0.107122914E-04  -0.115820216E-04  -0.125095268E-04  -0.134988594E-04
  -0.145544123E-04  -0.156816250E-04  -0.168863281E-04  -0.181742387E-04
  -0.195500986E-04  -0.210184763E-04  -0.225843921E-04  -0.242543971E-04
  -0.260355672E-04  -0.279350056E-04  -0.299593717E-04  -0.321153214E-04
  -0.344104382E-04  -0.368556307E-04  -0.394628887E-04  -0.422448810E-04
  -0.452160764E-04  -0.483916924E-04  -0.517869134E-04  -0.554155893E-04
  -0.592914577E-04  -0.634280952E-04  -0.678374927E-04  -0.725313957E-04
  -0.775240620E-04  -0.828393108E-04  -0.885038817E-04  -0.945492574E-04
  -0.101024179E-03  -0.107982837E-03  -0.115476052E-03  -0.123536575E-03
  -0.132192974E-03  -0.141481753E-03  -0.151469987E-03  -0.162233909E-03
  -0.173855850E-03  -0.186437136E-03  -0.200085872E-03  -0.214854073E-03
  -0.230558165E-03  -0.246949194E-03  -0.263812344E-03  -0.281094249E-03
  -0.298782133E-03  -0.317024878E-03  -0.336628363E-03  -0.358584721E-03
  -0.383912448E-03  -0.413656399E-03  -0.448887792E-03
   0.000000000E+00   0.000000000E+00   0.000000000E+00   0.000000000E+00
   0.000000000E+00   0.000000000E+00   0.000000000E+00   0.000000000E+00
   0.000000000E+00   0.000000000E+00   0.000000000E+00   0.000000000E+00
   0.000000000E+00   0.000000000E+00   0.000000000E+00   0.000000000E+00
   0.000000000E+00   0.000000000E+00   0.000000000E+00   0.000000000E+00
   0.000000000E+00   0.000000000E+00   0.000000000E+00   0.000000000E+00
   0.000000000E+00   0.000000000E+00   0.000000000E+00   0.000000000E+00
   0.000000000E+00   0.000000000E+00   0.000000000E+00   0.000000000E+00
   0.000000000E+00   0.000000000E+00   0.000000000E+00   0.000000000E+00
   0.000000000E+00   0.000000000E+00   0.000000000E+00   0.000000000E+00
   0.000000000E+00   0.000000000E+00   0.000000000E+00   0.000000000E+00
   0.000000000E+00   0.000000000E+00   0.000000000E+00   0.000000000E+00
   0.000000000E+00   0.000000000E+00   0.000000000E+00   0.000000000E+00
   0.000000000E+00   0.000000000E+00   0.000000000E+00   0.000000000E+00
   0.000000000E+00   0.000000000E+00   0.000000000E+00   0.000000000E+00
   0.000000000E+00   0.000000000E+00   0.000000000E+00   0.000000000E+00
   0.000000000E+00   0.000000000E+00   0.000000000E+00   0.000000000E+00
   0.000000000E+00   0.487003323E-09   0.117733579E-07   0.487054502E-07
   0.119180834E-06   0.225416858E-06   0.365488588E-06   0.534616043E-06
   0.726223622E-06   0.932794568E-06   0.114654335E-05   0.135992882E-05
   0.156603100E-05   0.175881436E-05   0.193330049E-05   0.208567297E-05
   0.221333732E-05   0.231495898E-05   0.239050196E-05   0.244129136E-05
   0.247012224E-05   0.248143806E-05   0.248160125E-05   0.468644559E-05
   0.488263817E-05   0.508273440E-05   0.528696550E-05   0.549447635E-05
   0.570409788E-05   0.591486517E-05   0.612679736E-05   0.634017512E-05
   0.655507132E-05   0.677066858E-05   0.698589299E-05   0.719962952E-05
   0.741071690E-05   0.761795242E-05   0.782006700E-05   0.801564359E-05
   0.820319331E-05   0.838124779E-05   0.854856322E-05   0.870392975E-05
   0.884587226E-05   0.897193152E-05   0.907933708E-05   0.916523091E-05
   0.922664832E-05   0.926053583E-05   0.926353542E-05   0.923130374E-05
   0.915915152E-05   0.904265559E-05   0.887886668E-05   0.866517326E-05
   0.839837928E-05   0.807306511E-05   0.768313170E-05   0.722308881E-05
   0.669038902E-05   0.608322570E-05   0.539403086E-05   0.459186448E-05
   0.363905170E-05   0.250556059E-05   0.119566838E-05  -0.277263353E-06
  -0.190183255E-05  -0.367612403E-05  -0.560058018E-05  -0.766299495E-05
  -0.980004545E-05  -0.119337690E-04  -0.140413524E-04  -0.163305319E-04
  -0.190730844E-04  -0.224705230E-04  -0.264166383E-04  -0.307231644E-04
  -0.351964310E-04  -0.396373633E-04  -0.438414822E-04
   0.000000000E+00   0.000000000E+00   0.000000000E+00   0.000000000E+00
   0.000000000E+00   0.000000000E+00   0.000000000E+00   0.000000000E+00
   0.000000000E+00   0.000000000E+00   0.000000000E+00   0.000000000E+00
   0.000000000E+00   0.000000000E+00   0.000000000E+00   0.000000000E+00
   0.000000000E+00   0.000000000E+00   0.000000000E+00   0.000000000E+00
   0.000000000E+00   0.000000000E+00   0.000000000E+00   0.000000000E+00
   0.000000000E+00   0.000000000E+00   0.000000000E+00   0.000000000E+00
   0.000000000E+00   0.000000000E+00   0.000000000E+00   0.000000000E+00
   0.000000000E+00   0.000000000E+00   0.000000000E+00   0.000000000E+00
   0.000000000E+00   0.000000000E+00   0.000000000E+00   0.000000000E+00
   0.000000000E+00   0.000000000E+00   0.000000000E+00   0.000000000E+00
   0.000000000E+00   0.000000000E+00   0.000000000E+00   0.000000000E+00
   0.000000000E+00   0.000000000E+00   0.000000000E+00   0.000000000E+00
   0.000000000E+00   0.000000000E+00   0.000000000E+00   0.000000000E+00
   0.000000000E+00   0.000000000E+00   0.000000000E+00   0.000000000E+00
   0.000000000E+00   0.000000000E+00   0.000000000E+00   0.000000000E+00
   0.000000000E+00   0.000000000E+00   0.000000000E+00   0.000000000E+00
   0.000000000E+00   0.000000000E+00   0.491288415E-09   0.120039364E-07
   0.502036683E-07   0.124222952E-06   0.237632784E-06   0.389749776E-06
   0.576753841E-06   0.792633754E-06   0.102997787E-05   0.128062725E-05
   0.153620850E-05   0.178856357E-05   0.203009383E-05   0.225403561E-05
   0.245468455E-05   0.262758611E-05   0.276970926E-05   0.287962094E-05
   0.295767829E-05   0.300625616E-05   0.303002694E-05   0.303631020E-05
   0.470311349E-05   0.485134497E-05   0.499687420E-05   0.513834334E-05
   0.527413981E-05   0.540274352E-05   0.552319467E-05   0.563466038E-05
   0.573604027E-05   0.582520936E-05   0.589972108E-05   0.595698351E-05
   0.599406028E-05   0.600785584E-05   0.599526081E-05   0.595340395E-05
   0.587941716E-05   0.577025789E-05   0.562241008E-05   0.543216358E-05
   0.519561255E-05   0.490835737E-05   0.456578368E-05   0.416188171E-05
   0.368532942E-05   0.312316526E-05   0.246224255E-05   0.168984480E-05
   0.793107791E-06  -0.238687745E-06  -0.140648185E-05  -0.270861691E-05
  -0.414333425E-05  -0.570892082E-05  -0.740357101E-05  -0.923660546E-05
  -0.112629784E-04  -0.135507220E-04  -0.161712656E-04  -0.192037475E-04
  -0.227309416E-04  -0.268181355E-04  -0.314527370E-04  -0.366014032E-04
  -0.421922722E-04  -0.480011537E-04  -0.537593196E-04  -0.592993297E-04
  -0.648888118E-04  -0.709139596E-04  -0.778181573E-04  -0.862432435E-04
  -0.968954082E-04  -0.110265330E-03  -0.125912366E-03  -0.143144812E-03
  -0.161250971E-03  -0.179499144E-03  -0.197137637E-03
   0.000000000E+00   0.000000000E+00   0.000000000E+00   0.000000000E+00
   0.000000000E+00   0.000000000E+00   0.000000000E+00   0.000000000E+00
   0.000000000E+00   0.000000000E+00   0.000000000E+00   0.000000000E+00
   0.000000000E+00   0.000000000E+00   0.000000000E+00   0.000000000E+00
   0.000000000E+00   0.000000000E+00   0.000000000E+00   0.000000000E+00
   0.000000000E+00   0.000000000E+00   0.000000000E+00   0.000000000E+00
   0.000000000E+00   0.000000000E+00   0.000000000E+00   0.000000000E+00
   0.000000000E+00   0.000000000E+00   0.000000000E+00   0.000000000E+00
   0.000000000E+00   0.000000000E+00   0.000000000E+00   0.000000000E+00
   0.000000000E+00   0.000000000E+00   0.000000000E+00   0.000000000E+00
   0.000000000E+00   0.000000000E+00   0.000000000E+00   0.000000000E+00
   0.000000000E+00   0.000000000E+00   0.000000000E+00   0.000000000E+00
   0.000000000E+00   0.000000000E+00   0.000000000E+00   0.000000000E+00
   0.000000000E+00   0.000000000E+00   0.000000000E+00   0.000000000E+00
   0.000000000E+00   0.000000000E+00   0.000000000E+00   0.000000000E+00
   0.000000000E+00   0.000000000E+00   0.000000000E+00   0.000000000E+00
   0.000000000E+00   0.000000000E+00   0.000000000E+00   0.000000000E+00
   0.000000000E+00   0.000000000E+00   0.000000000E+00   0.000000000E+00
   0.000000000E+00   0.000000000E+00   0.000000000E+00   0.000000000E+00
   0.000000000E+00   0.000000000E+00   0.000000000E+00   0.000000000E+00
   0.000000000E+00   0.000000000E+00   0.000000000E+00   0.000000000E+00
   0.000000000E+00   0.000000000E+00   0.000000000E+00   0.000000000E+00
   0.000000000E+00   0.000000000E+00   0.000000000E+00   0.000000000E+00
   0.000000000E+00   0.000000000E+00   0.000000000E+00   0.000000000E+00
   0.000000000E+00   0.000000000E+00   0.000000000E+00   0.000000000E+00
   0.000000000E+00   0.000000000E+00   0.000000000E+00   0.000000000E+00
   0.322075318E-09   0.504694175E-08   0.913677083E-08  -0.732529791E-08
  -0.716520320E-07  -0.212263714E-06  -0.453935035E-06  -0.814437237E-06
  -0.130243550E-05  -0.191650151E-05  -0.264510126E-05  -0.346741792E-05
  -0.435486991E-05  -0.527318405E-05  -0.618488378E-05  -0.705205241E-05
  -0.783923148E-05  -0.851631399E-05  -0.906129272E-05  -0.946272343E-05
  -0.972176301E-05  -0.985364251E-05   0.362929754E-05   0.483087377E-05
   0.616037732E-05   0.761231286E-05   0.918498871E-05   0.108929271E-04
   0.127551399E-04   0.148016963E-04   0.171060337E-04   0.197543937E-04
   0.228281345E-04   0.263814431E-04   0.304624444E-04   0.350985434E-04
   0.402296539E-04   0.457715130E-04   0.516532311E-04   0.578662718E-04
   0.644179550E-04   0.713161890E-04   0.785710992E-04   0.861934803E-04
   0.941942711E-04   0.102584555E-03   0.111375558E-03
   0.000000000E+00   0.000000000E+00   0.000000000E+00   0.000000000E+00
   0.000000000E+00   0.000000000E+00   0.000000000E+00   0.000000000E+00
   0.000000000E+00   0.000000000E+00   0.000000000E+00   0.000000000E+00
   0.000000000E+00   0.000000000E+00   0.000000000E+00   0.000000000E+00
   0.000000000E+00   0.000000000E+00   0.000000000E+00   0.000000000E+00
   0.000000000E+00   0.000000000E+00   0.000000000E+00   0.000000000E+00
   0.000000000E+00   0.000000000E+00   0.000000000E+00   0.000000000E+00
   0.000000000E+00   0.000000000E+00   0.000000000E+00   0.000000000E+00
   0.000000000E+00   0.000000000E+00   0.000000000E+00   0.000000000E+00
   0.000000000E+00   0.000000000E+00   0.000000000E+00   0.000000000E+00
   0.000000000E+00   0.000000000E+00   0.000000000E+00   0.000000000E+00
   0.000000000E+00   0.000000000E+00   0.000000000E+00   0.000000000E+00
   0.000000000E+00   0.000000000E+00   0.000000000E+00   0.000000000E+00
   0.000000000E+00   0.000000000E+00   0.000000000E+00   0.000000000E+00
   0.000000000E+00   0.000000000E+00   0.000000000E+00   0.000000000E+00
   0.000000000E+00   0.000000000E+00   0.000000000E+00   0.000000000E+00
   0.000000000E+00   0.000000000E+00   0.000000000E+00   0.000000000E+00
   0.000000000E+00   0.000000000E+00   0.000000000E+00   0.000000000E+00
   0.000000000E+00   0.000000000E+00   0.000000000E+00   0.000000000E+00
   0.000000000E+00   0.000000000E+00   0.000000000E+00   0.000000000E+00
   0.000000000E+00   0.000000000E+00   0.000000000E+00   0.000000000E+00
   0.000000000E+00   0.000000000E+00   0.000000000E+00   0.000000000E+00
   0.000000000E+00   0.000000000E+00   0.000000000E+00   0.000000000E+00
   0.000000000E+00   0.000000000E+00   0.000000000E+00  -0.414926920E-09
  -0.780703316E-08  -0.227643193E-07  -0.316057387E-07  -0.128561016E-07
   0.571641130E-07   0.200074352E-06   0.432374101E-06   0.763466640E-06
   0.119464555E-05   0.171892309E-05   0.232157955E-05   0.298131273E-05
   0.367186662E-05   0.436401840E-05   0.502780295E-05   0.563485382E-05
   0.616074001E-05   0.658717743E-05   0.690399440E-05   0.711073004E-05
   0.721774492E-05  -0.442309896E-05  -0.546041646E-05  -0.661902688E-05
  -0.791269444E-05  -0.935465124E-05  -0.109548279E-04  -0.127224586E-04
  -0.146680119E-04  -0.168063855E-04  -0.191538960E-04  -0.217334023E-04
  -0.245931374E-04  -0.277889415E-04  -0.313742779E-04  -0.353881933E-04
  -0.398666918E-04  -0.448302968E-04  -0.502341369E-04  -0.560151615E-04
  -0.621274200E-04  -0.686008324E-04  -0.754855263E-04  -0.829061725E-04
  -0.912859985E-04  -0.101134371E-03  -0.112848826E-03  -0.126330719E-03
  -0.141350090E-03  -0.157641534E-03  -0.174818294E-03  -0.192453901E-03
  -0.210109901E-03  -0.227335863E-03  -0.243669372E-03
   0.000000000E+00   0.000000000E+00   0.000000000E+00   0.000000000E+00
   0.000000000E+00   0.000000000E+00   0.000000000E+00   0.000000000E+00
   0.000000000E+00   0.000000000E+00   0.000000000E+00   0.000000000E+00
   0.000000000E+00   0.000000000E+00   0.000000000E+00   0.000000000E+00
   0.000000000E+00   0.000000000E+00   0.000000000E+00   0.000000000E+00
   0.000000000E+00   0.000000000E+00   0.000000000E+00   0.000000000E+00
   0.000000000E+00   0.000000000E+00   0.000000000E+00   0.000000000E+00
   0.000000000E+00   0.000000000E+00   0.000000000E+00   0.000000000E+00
   0.000000000E+00   0.000000000E+00   0.000000000E+00   0.000000000E+00
   0.000000000E+00   0.000000000E+00   0.000000000E+00   0.000000000E+00
   0.000000000E+00   0.000000000E+00   0.000000000E+00   0.000000000E+00
   0.000000000E+00   0.000000000E+00   0.000000000E+00   0.000000000E+00
   0.000000000E+00   0.000000000E+00   0.000000000E+00   0.000000000E+00
   0.000000000E+00   0.000000000E+00   0.000000000E+00   0.000000000E+00
   0.000000000E+00   0.000000000E+00   0.000000000E+00   0.000000000E+00
   0.000000000E+00   0.000000000E+00   0.000000000E+00   0.000000000E+00
   0.000000000E+00   0.000000000E+00   0.000000000E+00   0.000000000E+00
   0.000000000E+00   0.000000000E+00   0.000000000E+00   0.000000000E+00
   0.000000000E+00   0.000000000E+00   0.466067785E-09   0.107767038E-07
   0.424796612E-07   0.986310595E-07   0.176199278E-06   0.268480725E-06
   0.367030456E-06   0.463151898E-06   0.548989916E-06   0.618271485E-06
   0.666738197E-06   0.692314867E-06   0.695058478E-06   0.676931715E-06
   0.641445330E-06   0.593213602E-06   0.537467122E-06   0.479567156E-06
   0.424565842E-06   0.376856464E-06   0.339958042E-06   0.316478503E-06
   0.457988495E-05   0.495958134E-05   0.536596025E-05   0.580162511E-05
   0.626911368E-05   0.677044740E-05   0.730754983E-05   0.788243374E-05
   0.849733539E-05   0.915458957E-05   0.985685500E-05   0.106079394E-04
   0.114120301E-04   0.122733986E-04   0.131963012E-04   0.141850718E-04
   0.152441916E-04   0.163784066E-04   0.175926179E-04   0.188918823E-04
   0.202815314E-04   0.217670601E-04   0.233544977E-04   0.250516632E-04
   0.268669862E-04   0.288102820E-04   0.308963607E-04   0.331416317E-04
   0.355623402E-04   0.381727074E-04   0.409866824E-04   0.440181158E-04
   0.472794646E-04   0.507830141E-04   0.545415827E-04   0.585694057E-04
   0.628813004E-04   0.674975772E-04   0.724599372E-04   0.778164338E-04
   0.836346785E-04   0.900578843E-04   0.972517861E-04   0.105312974E-03
   0.114043812E-03   0.123165872E-03   0.132520690E-03   0.142461628E-03
   0.153481881E-03   0.165934632E-03   0.179564273E-03   0.193951903E-03
   0.208666656E-03   0.223265693E-03   0.237294209E-03
   0.000000000E+00   0.000000000E+00   0.000000000E+00   0.000000000E+00
   0.000000000E+00   0.000000000E+00   0.000000000E+00   0.000000000E+00
   0.000000000E+00   0.000000000E+00   0.000000000E+00   0.000000000E+00
   0.000000000E+00   0.000000000E+00   0.000000000E+00   0.000000000E+00
   0.000000000E+00   0.000000000E+00   0.000000000E+00   0.000000000E+00
   0.000000000E+00   0.000000000E+00   0.000000000E+00   0.000000000E+00
   0.000000000E+00   0.000000000E+00   0.000000000E+00   0.000000000E+00
   0.000000000E+00   0.000000000E+00   0.000000000E+00   0.000000000E+00
   0.000000000E+00   0.000000000E+00   0.000000000E+00   0.000000000E+00
   0.000000000E+00   0.000000000E+00   0.000000000E+00   0.000000000E+00
   0.000000000E+00   0.000000000E+00   0.000000000E+00   0.000000000E+00
   0.000000000E+00   0.000000000E+00   0.000000000E+00   0.000000000E+00
   0.000000000E+00   0.000000000E+00   0.000000000E+00   0.000000000E+00
   0.000000000E+00   0.000000000E+00   0.000000000E+00   0.000000000E+00
   0.000000000E+00   0.000000000E+00   0.000000000E+00   0.000000000E+00
   0.000000000E+00   0.000000000E+00   0.000000000E+00   0.000000000E+00
   0.000000000E+00   0.000000000E+00   0.000000000E+00   0.000000000E+00
   0.000000000E+00   0.000000000E+00   0.000000000E+00   0.000000000E+00
   0.454318128E-09   0.105125349E-07   0.414720332E-07   0.963808459E-07
   0.172362722E-06   0.262957531E-06   0.359992516E-06   0.455027162E-06
   0.540414497E-06   0.610021599E-06   0.659652097E-06   0.687213469E-06
   0.692671912E-06   0.677837589E-06   0.646023026E-06   0.601617462E-06
   0.549619939E-06   0.495173917E-06   0.443146208E-06   0.397793017E-06
   0.362555884E-06   0.340030309E-06   0.446297151E-05   0.483015566E-05
   0.522184869E-05   0.563927279E-05   0.608485553E-05   0.656139751E-05
   0.707148151E-05   0.761653165E-05   0.819768705E-05   0.881649585E-05
   0.947613024E-05   0.101802558E-04   0.109322448E-04   0.117339478E-04
   0.125868387E-04   0.134928512E-04   0.144557407E-04   0.154798114E-04
   0.165693221E-04   0.177279990E-04   0.189594914E-04   0.202680529E-04
   0.216601509E-04   0.231429570E-04   0.247239799E-04   0.264115195E-04
   0.282142401E-04   0.301397615E-04   0.321907849E-04   0.343687369E-04
   0.366746140E-04   0.391077610E-04   0.416670218E-04   0.443562600E-04
   0.472000680E-04   0.502289462E-04   0.534790419E-04   0.570068018E-04
   0.608751293E-04   0.651329415E-04   0.697670322E-04   0.747476068E-04
   0.800258777E-04   0.854793157E-04   0.909635031E-04   0.964061751E-04
   0.102040835E-03   0.108185230E-03   0.115106743E-03   0.122841126E-03
   0.131364574E-03   0.140630244E-03   0.150501174E-03   0.160814033E-03
   0.171400770E-03   0.182088616E-03   0.192700084E-03
   0.000000000E+00   0.000000000E+00   0.000000000E+00   0.000000000E+00
   0.000000000E+00   0.000000000E+00   0.000000000E+00   0.000000000E+00
   0.000000000E+00   0.000000000E+00   0.000000000E+00   0.000000000E+00
   0.000000000E+00   0.000000000E+00   0.000000000E+00   0.000000000E+00
   0.000000000E+00   0.000000000E+00   0.000000000E+00   0.000000000E+00
   0.000000000E+00   0.000000000E+00   0.000000000E+00   0.000000000E+00
   0.000000000E+00   0.000000000E+00   0.000000000E+00   0.000000000E+00
   0.000000000E+00   0.000000000E+00   0.000000000E+00   0.000000000E+00
   0.000000000E+00   0.000000000E+00   0.000000000E+00   0.000000000E+00
   0.000000000E+00   0.000000000E+00   0.000000000E+00   0.000000000E+00
   0.000000000E+00   0.000000000E+00   0.000000000E+00   0.000000000E+00
   0.000000000E+00   0.000000000E+00   0.000000000E+00   0.000000000E+00
   0.000000000E+00   0.000000000E+00   0.000000000E+00   0.000000000E+00
   0.000000000E+00   0.000000000E+00   0.000000000E+00   0.000000000E+00
   0.000000000E+00   0.000000000E+00   0.000000000E+00   0.000000000E+00
   0.000000000E+00   0.000000000E+00   0.000000000E+00   0.000000000E+00
   0.000000000E+00   0.000000000E+00   0.000000000E+00   0.000000000E+00
   0.000000000E+00   0.000000000E+00   0.000000000E+00   0.000000000E+00
   0.000000000E+00   0.000000000E+00  -0.456340707E-09  -0.106453914E-07
  -0.423815520E-07  -0.995162094E-07  -0.180064424E-06  -0.278390157E-06
  -0.386963266E-06  -0.497727338E-06  -0.603117410E-06  -0.696766627E-06
  -0.773940911E-06  -0.831740676E-06  -0.869108664E-06  -0.886682947E-06
  -0.886534155E-06  -0.871825989E-06  -0.846438064E-06  -0.814590162E-06
  -0.780506919E-06  -0.748162034E-06  -0.721141030E-06  -0.702661645E-06
  -0.446619123E-05  -0.480133792E-05  -0.515888848E-05  -0.553981477E-05
  -0.594520038E-05  -0.637652639E-05  -0.683540599E-05  -0.732367068E-05
  -0.784391529E-05  -0.839899077E-05  -0.899166240E-05  -0.962409268E-05
  -0.102983235E-04  -0.110163857E-04  -0.117801281E-04  -0.125913772E-04
  -0.134524789E-04  -0.143677953E-04  -0.153423036E-04  -0.163813991E-04
  -0.174917585E-04  -0.186805306E-04  -0.199548545E-04  -0.213212313E-04
  -0.227861143E-04  -0.243548559E-04  -0.260278610E-04  -0.278042051E-04
  -0.296853472E-04  -0.316827243E-04  -0.338105965E-04  -0.360886414E-04
  -0.385573706E-04  -0.412635852E-04  -0.442467995E-04  -0.475128428E-04
  -0.510587980E-04  -0.548830995E-04  -0.589904505E-04  -0.633871715E-04
  -0.680736472E-04  -0.730260666E-04  -0.782137175E-04  -0.836536244E-04
  -0.895596231E-04  -0.962010029E-04  -0.103771779E-03  -0.112138015E-03
  -0.121077692E-03  -0.130397962E-03  -0.140044354E-03  -0.149996991E-03
  -0.160235338E-03  -0.170738204E-03  -0.181483738E-03
   0.000000000E+00   0.000000000E+00   0.000000000E+00   0.000000000E+00
   0.000000000E+00   0.000000000E+00   0.000000000E+00   0.000000000E+00
   0.000000000E+00   0.000000000E+00   0.000000000E+00   0.000000000E+00
   0.000000000E+00   0.000000000E+00   0.000000000E+00   0.000000000E+00
   0.000000000E+00   0.000000000E+00   0.000000000E+00   0.000000000E+00
   0.000000000E+00   0.000000000E+00   0.000000000E+00   0.000000000E+00
   0.000000000E+00   0.000000000E+00   0.000000000E+00   0.000000000E+00
   0.000000000E+00   0.000000000E+00   0.000000000E+00   0.000000000E+00
   0.000000000E+00   0.000000000E+00   0.000000000E+00   0.000000000E+00
   0.000000000E+00   0.000000000E+00   0.000000000E+00   0.000000000E+00
   0.000000000E+00   0.000000000E+00   0.000000000E+00   0.000000000E+00
   0.000000000E+00   0.000000000E+00   0.000000000E+00   0.000000000E+00
   0.000000000E+00   0.000000000E+00   0.000000000E+00   0.000000000E+00
   0.000000000E+00   0.000000000E+00   0.000000000E+00   0.000000000E+00
   0.000000000E+00   0.000000000E+00   0.000000000E+00   0.000000000E+00
   0.000000000E+00   0.000000000E+00   0.000000000E+00   0.000000000E+00
   0.000000000E+00   0.000000000E+00   0.000000000E+00   0.000000000E+00
   0.000000000E+00   0.000000000E+00   0.000000000E+00   0.000000000E+00
   0.000000000E+00   0.483276031E-09   0.112918680E-07   0.450358795E-07
   0.105960475E-06   0.192154101E-06   0.297827794E-06   0.415150053E-06
   0.535677808E-06   0.651424035E-06   0.755602530E-06   0.843090402E-06
   0.910648788E-06   0.956942361E-06   0.982398133E-06   0.988944110E-06
   0.979668320E-06   0.958438760E-06   0.929524786E-06   0.897260484E-06
   0.865790565E-06   0.838939303E-06   0.820243068E-06   0.472629749E-05
   0.507412954E-05   0.544227007E-05   0.583199066E-05   0.624496785E-05
   0.668306719E-05   0.714877435E-05   0.764479481E-05   0.817353692E-05
   0.873594279E-05   0.933257626E-05   0.996431670E-05   0.106333474E-04
   0.113422339E-04   0.120935020E-04   0.128893095E-04   0.137317527E-04
   0.146232360E-04   0.155672829E-04   0.165677767E-04   0.176288706E-04
   0.187555090E-04   0.199529384E-04   0.212259940E-04   0.225774212E-04
   0.240094519E-04   0.255242656E-04   0.271237539E-04   0.288097422E-04
   0.305849066E-04   0.324553545E-04   0.344281934E-04   0.365107721E-04
   0.387108922E-04   0.410366084E-04   0.434985321E-04   0.461170921E-04
   0.489156754E-04   0.519211391E-04   0.551725239E-04   0.587128114E-04
   0.625801568E-04   0.667896473E-04   0.713505790E-04   0.762123741E-04
   0.810812560E-04   0.855940844E-04   0.894708167E-04   0.927998651E-04
   0.957672043E-04   0.986981955E-04   0.102466595E-03   0.108105859E-03
   0.116677112E-03   0.129269150E-03   0.146998439E-03
Safety factor
   0.969623903E+00   0.969864504E+00   0.970770912E+00   0.972227262E+00
   0.974117686E+00   0.976326318E+00   0.978737293E+00   0.981230725E+00
   0.983670649E+00   0.985917082E+00   0.987840883E+00   0.989356272E+00
   0.990388314E+00   0.990916637E+00   0.991139138E+00   0.991308276E+00
   0.991639789E+00   0.992202504E+00   0.993028526E+00   0.994115692E+00
   0.995324782E+00   0.996482306E+00   0.997484702E+00   0.998508098E+00
   0.999798548E+00   0.100152032E+01   0.100351058E+01   0.100552470E+01
   0.100736943E+01   0.100905700E+01   0.101065101E+01   0.101221408E+01
   0.101380491E+01   0.101548123E+01   0.101728609E+01   0.101920370E+01
   0.102120362E+01   0.102326195E+01   0.102538106E+01   0.102756990E+01
   0.102983338E+01   0.103216027E+01   0.103453534E+01   0.103694968E+01
   0.103941978E+01   0.104196846E+01   0.104461261E+01   0.104734529E+01
   0.105015363E+01   0.105302754E+01   0.105596807E+01   0.105897904E+01
   0.106206282E+01   0.106521583E+01   0.106843302E+01   0.107171115E+01
   0.107505428E+01   0.107846825E+01   0.108195897E+01   0.108553256E+01
   0.108919516E+01   0.109295058E+01   0.109679334E+01   0.110071560E+01
   0.110471202E+01   0.110878714E+01   0.111294803E+01   0.111720059E+01
   0.112154618E+01   0.112598504E+01   0.113051748E+01   0.113514412E+01
   0.113986565E+01   0.114468337E+01   0.114960087E+01   0.115462236E+01
   0.115975168E+01   0.116499135E+01   0.117034354E+01   0.117581032E+01
   0.118139332E+01   0.118709405E+01   0.119291463E+01   0.119885948E+01
   0.120493359E+01   0.121114103E+01   0.121748204E+01   0.122395592E+01
   0.123056334E+01   0.123731053E+01   0.124420509E+01   0.125125343E+01
   0.125845714E+01   0.126581662E+01   0.127333350E+01   0.128101445E+01
   0.128886735E+01   0.129689894E+01   0.130511119E+01   0.131350493E+01
   0.132208212E+01   0.133084936E+01   0.133981442E+01   0.134898462E+01
   0.135836554E+01   0.136796231E+01   0.137778051E+01   0.138782762E+01
   0.139811158E+01   0.140864009E+01   0.141941989E+01   0.143045747E+01
   0.144176015E+01   0.145333857E+01   0.146520417E+01   0.147736758E+01
   0.148983614E+01   0.150261636E+01   0.151571661E+01   0.152915262E+01
   0.154294198E+01   0.155710106E+01   0.157164136E+01   0.158657318E+01
   0.160190917E+01   0.161767142E+01   0.163388439E+01   0.165056822E+01
   0.166772582E+01   0.168535583E+01   0.170346498E+01   0.172209255E+01
   0.174128594E+01   0.176109359E+01   0.178156807E+01   0.180276300E+01
   0.182472903E+01   0.184750498E+01   0.187112675E+01   0.189561364E+01
   0.192091871E+01   0.194697846E+01   0.197374296E+01   0.200121664E+01
   0.202941749E+01   0.205840974E+01   0.208844251E+01   0.211981118E+01
   0.215281111E+01   0.218773768E+01   0.222488624E+01
Current profile
   0.000000000E+00   0.110533885E-02   0.441759867E-02   0.992961985E-02
   0.176322141E-01   0.275141706E-01   0.395622630E-01   0.537620953E-01
   0.701015733E-01   0.885700578E-01   0.109159029E+00   0.131866897E+00
   0.156696942E+00   0.183654240E+00   0.212738237E+00   0.243946709E+00
   0.277276149E+00   0.312717038E+00   0.350256742E+00   0.389881396E+00
   0.431578283E+00   0.475334243E+00   0.521134649E+00   0.568962066E+00
   0.618797202E+00   0.670620392E+00   0.724415323E+00   0.780166318E+00
   0.837857499E+00   0.897473357E+00   0.958998243E+00   0.102241718E+01
   0.108771910E+01   0.115489443E+01   0.122393095E+01   0.129480363E+01
   0.136748273E+01   0.144193977E+01   0.151815714E+01   0.159612025E+01
   0.167581212E+01   0.175720489E+01   0.184026680E+01   0.192496698E+01
   0.201128264E+01   0.209919306E+01   0.218867627E+01   0.227970554E+01
   0.237225240E+01   0.246628781E+01   0.256178259E+01   0.265870710E+01
   0.275703160E+01   0.285672802E+01   0.295776846E+01   0.306012431E+01
   0.316376514E+01   0.326865962E+01   0.337477594E+01   0.348208176E+01
   0.359054420E+01   0.370012984E+01   0.381080468E+01   0.392253413E+01
   0.403528308E+01   0.414901572E+01   0.426369568E+01   0.437928622E+01
   0.449575092E+01   0.461305309E+01   0.473115542E+01   0.485001955E+01
   0.496960645E+01   0.508987695E+01   0.521079279E+01   0.533231569E+01
   0.545440670E+01   0.557702539E+01   0.570013058E+01   0.582368052E+01
   0.594763252E+01   0.607194328E+01   0.619656894E+01   0.632146483E+01
   0.644658568E+01   0.657188564E+01   0.669731803E+01   0.682283555E+01
   0.694839028E+01   0.707393352E+01   0.719941593E+01   0.732478770E+01
   0.744999885E+01   0.757499893E+01   0.769973708E+01   0.782416224E+01
   0.794822292E+01   0.807186710E+01   0.819504226E+01   0.831769540E+01
   0.843977332E+01   0.856122351E+01   0.868199331E+01   0.880202967E+01
   0.892127933E+01   0.903968868E+01   0.915720343E+01   0.927376784E+01
   0.938932545E+01   0.950381948E+01   0.961719331E+01   0.972939004E+01
   0.984035253E+01   0.995002408E+01   0.100583478E+02   0.101652668E+02
   0.102707251E+02   0.103746667E+02   0.104770335E+02   0.105777603E+02
   0.106767792E+02   0.107740203E+02   0.108694076E+02   0.109628625E+02
   0.110543133E+02   0.111437185E+02   0.112310447E+02   0.113162659E+02
   0.113993845E+02   0.114804118E+02   0.115593284E+02   0.116359862E+02
   0.117102014E+02   0.117817649E+02   0.118503793E+02   0.119157187E+02
   0.119775565E+02   0.120360941E+02   0.120916502E+02   0.121445888E+02
   0.121954252E+02   0.122447266E+02   0.122928819E+02   0.123394997E+02
   0.123839775E+02   0.124257291E+02   0.124642833E+02   0.124991885E+02
   0.125299802E+02   0.125561813E+02   0.125773042E+02
R*B_phi (m*T)
   0.506988464E+02   0.506988558E+02   0.506988832E+02   0.506989280E+02
   0.506989889E+02   0.506990638E+02   0.506991504E+02   0.506992460E+02
   0.506993472E+02   0.506994502E+02   0.506995511E+02   0.506996452E+02
   0.506997276E+02   0.506997933E+02   0.506998362E+02   0.506998504E+02
   0.506998294E+02   0.506997664E+02   0.506996543E+02   0.506994858E+02
   0.506992532E+02   0.506989488E+02   0.506985647E+02   0.506980928E+02
   0.506975247E+02   0.506968524E+02   0.506960679E+02   0.506951630E+02
   0.506941298E+02   0.506929598E+02   0.506916445E+02   0.506901758E+02
   0.506885458E+02   0.506867469E+02   0.506847718E+02   0.506826140E+02
   0.506802676E+02   0.506777259E+02   0.506749809E+02   0.506720238E+02
   0.506688522E+02   0.506654874E+02   0.506619566E+02   0.506582769E+02
   0.506544245E+02   0.506503652E+02   0.506460672E+02   0.506415072E+02
   0.506366642E+02   0.506315245E+02   0.506261042E+02   0.506204269E+02
   0.506145143E+02   0.506083806E+02   0.506020383E+02   0.505954988E+02
   0.505887684E+02   0.505818523E+02   0.505747553E+02   0.505674802E+02
   0.505600299E+02   0.505524071E+02   0.505446151E+02   0.505366576E+02
   0.505285383E+02   0.505202617E+02   0.505118325E+02   0.505032557E+02
   0.504945362E+02   0.504856795E+02   0.504766920E+02   0.504675857E+02
   0.504583736E+02   0.504490697E+02   0.504396901E+02   0.504302515E+02
   0.504207704E+02   0.504112624E+02   0.504017427E+02   0.503922258E+02
   0.503827227E+02   0.503732436E+02   0.503637975E+02   0.503543885E+02
   0.503450194E+02   0.503356927E+02   0.503264100E+02   0.503171724E+02
   0.503079813E+02   0.502988381E+02   0.502897444E+02   0.502807017E+02
   0.502717105E+02   0.502627712E+02   0.502538841E+02   0.502450501E+02
   0.502362700E+02   0.502275449E+02   0.502188767E+02   0.502102673E+02
   0.502017197E+02   0.501932392E+02   0.501848322E+02   0.501765052E+02
   0.501682657E+02   0.501601212E+02   0.501520795E+02   0.501441483E+02
   0.501363354E+02   0.501286481E+02   0.501210930E+02   0.501136762E+02
   0.501064035E+02   0.500992805E+02   0.500923126E+02   0.500855048E+02
   0.500788621E+02   0.500723889E+02   0.500660899E+02   0.500599689E+02
   0.500540299E+02   0.500482766E+02   0.500427134E+02   0.500373446E+02
   0.500321745E+02   0.500272080E+02   0.500224496E+02   0.500179044E+02
   0.500135782E+02   0.500094771E+02   0.500056062E+02   0.500019677E+02
   0.499985627E+02   0.499953913E+02   0.499924492E+02   0.499897309E+02
   0.499872487E+02   0.499850859E+02   0.499833435E+02   0.499821955E+02
   0.499821068E+02   0.499836150E+02   0.499871991E+02   0.499931030E+02
   0.500015119E+02   0.500123104E+02   0.500241804E+02   0.500355031E+02
   0.500446597E+02   0.500500316E+02   0.500500000E+02
Radial mesh: sqrt(Phi/Philim)
   0.000000000E+00   0.666666667E-02   0.133333333E-01   0.200000000E-01
   0.266666667E-01   0.333333333E-01   0.400000000E-01   0.466666667E-01
   0.533333333E-01   0.600000000E-01   0.666666667E-01   0.733333333E-01
   0.800000000E-01   0.866666667E-01   0.933333333E-01   0.100000000E+00
   0.106666667E+00   0.113333333E+00   0.120000000E+00   0.126666667E+00
   0.133333333E+00   0.140000000E+00   0.146666667E+00   0.153333333E+00
   0.160000000E+00   0.166666667E+00   0.173333333E+00   0.180000000E+00
   0.186666667E+00   0.193333333E+00   0.200000000E+00   0.206666667E+00
   0.213333333E+00   0.220000000E+00   0.226666667E+00   0.233333333E+00
   0.240000000E+00   0.246666667E+00   0.253333333E+00   0.260000000E+00
   0.266666667E+00   0.273333333E+00   0.280000000E+00   0.286666667E+00
   0.293333333E+00   0.300000000E+00   0.306666667E+00   0.313333333E+00
   0.320000000E+00   0.326666667E+00   0.333333333E+00   0.340000000E+00
   0.346666667E+00   0.353333333E+00   0.360000000E+00   0.366666667E+00
   0.373333333E+00   0.380000000E+00   0.386666667E+00   0.393333333E+00
   0.400000000E+00   0.406666667E+00   0.413333333E+00   0.420000000E+00
   0.426666667E+00   0.433333333E+00   0.440000000E+00   0.446666667E+00
   0.453333333E+00   0.460000000E+00   0.466666667E+00   0.473333333E+00
   0.480000000E+00   0.486666667E+00   0.493333333E+00   0.500000000E+00
   0.506666667E+00   0.513333333E+00   0.520000000E+00   0.526666667E+00
   0.533333333E+00   0.540000000E+00   0.546666667E+00   0.553333333E+00
   0.560000000E+00   0.566666667E+00   0.573333333E+00   0.580000000E+00
   0.586666667E+00   0.593333333E+00   0.600000000E+00   0.606666667E+00
   0.613333333E+00   0.620000000E+00   0.626666667E+00   0.633333333E+00
   0.640000000E+00   0.646666667E+00   0.653333333E+00   0.660000000E+00
   0.666666667E+00   0.673333333E+00   0.680000000E+00   0.686666667E+00
   0.693333333E+00   0.700000000E+00   0.706666667E+00   0.713333333E+00
   0.720000000E+00   0.726666667E+00   0.733333333E+00   0.740000000E+00
   0.746666667E+00   0.753333333E+00   0.760000000E+00   0.766666667E+00
   0.773333333E+00   0.780000000E+00   0.786666667E+00   0.793333333E+00
   0.800000000E+00   0.806666667E+00   0.813333333E+00   0.820000000E+00
   0.826666667E+00   0.833333333E+00   0.840000000E+00   0.846666667E+00
   0.853333333E+00   0.860000000E+00   0.866666667E+00   0.873333333E+00
   0.880000000E+00   0.886666667E+00   0.893333333E+00   0.900000000E+00
   0.906666667E+00   0.913333333E+00   0.920000000E+00   0.926666667E+00
   0.933333333E+00   0.940000000E+00   0.946666667E+00   0.953333333E+00
   0.960000000E+00   0.966666667E+00   0.973333333E+00   0.980000000E+00
   0.986666667E+00   0.993333333E+00   0.100000000E+01
Last surface (set to 1: TRANSP)
   0.100000000E+01
