2026-02-25 14:47:05,978 fastran_init_fastran_init_1 DEBUG    __initialize__(): <fastran.driver.fastran_init.fastran_init object at 0x7f4870a29c70>  fastran_FPP_000001@fastran_init@1 
2026-02-25 14:47:05,985 fastran_init_fastran_init_1 DEBUG    Running - CompID =  fastran_FPP_000001@fastran_init@1
2026-02-25 14:47:05,986 fastran_init_fastran_init_1 DEBUG    _init_event_service(): self.counter = 0 - <fastran.driver.fastran_init.fastran_init object at 0x7f4870a29c70>
2026-02-25 14:47:05,988 fastran_driver_fastran_driver_2 DEBUG    __initialize__(): <fastran.driver.fastran_driver.fastran_driver object at 0x7f4870a4e970>  fastran_FPP_000001@fastran_driver@2 
2026-02-25 14:47:05,995 fastran_driver_fastran_driver_2 DEBUG    Running - CompID =  fastran_FPP_000001@fastran_driver@2
2026-02-25 14:47:05,996 fastran_driver_fastran_driver_2 DEBUG    _init_event_service(): self.counter = 0 - <fastran.driver.fastran_driver.fastran_driver object at 0x7f4870a4e970>
2026-02-25 14:47:06,014 fastran_eq0_efit_3 DEBUG    __initialize__(): <fastran.equilibrium.efit.efit object at 0x7f4870a47460>  fastran_FPP_000001@efit@3 
2026-02-25 14:47:06,020 fastran_eq0_efit_3 DEBUG    Running - CompID =  fastran_FPP_000001@efit@3
2026-02-25 14:47:06,021 fastran_eq0_efit_3 DEBUG    _init_event_service(): self.counter = 0 - <fastran.equilibrium.efit.efit object at 0x7f4870a47460>
2026-02-25 14:47:06,042 fastran_tr0_fastran_4 DEBUG    __initialize__(): <fastran.solver.fastran.fastran object at 0x7f4870a5e850>  fastran_FPP_000001@fastran@4 
2026-02-25 14:47:06,048 fastran_tr0_fastran_4 DEBUG    Running - CompID =  fastran_FPP_000001@fastran@4
2026-02-25 14:47:06,049 fastran_tr0_fastran_4 DEBUG    _init_event_service(): self.counter = 0 - <fastran.solver.fastran.fastran object at 0x7f4870a5e850>
2026-02-25 14:47:06,058 rf_ic_toric_5   DEBUG    __initialize__(): <fastran.external.rf_ic_toric_abr_mcmd.toric object at 0x7f48709245e0>  fastran_FPP_000001@toric@5 
2026-02-25 14:47:06,065 rf_ic_toric_5   DEBUG    Running - CompID =  fastran_FPP_000001@toric@5
2026-02-25 14:47:06,065 rf_ic_toric_5   DEBUG    _init_event_service(): self.counter = 0 - <fastran.external.rf_ic_toric_abr_mcmd.toric object at 0x7f48709245e0>
2026-02-25 14:47:06,076 fastran_pellet_pellet_model_6 DEBUG    __initialize__(): <fastran.heating.pellet_model.pellet_model object at 0x7f4870924f70>  fastran_FPP_000001@pellet_model@6 
2026-02-25 14:47:06,081 fastran_eq_efit_7 DEBUG    __initialize__(): <fastran.equilibrium.efit.efit object at 0x7f487092d760>  fastran_FPP_000001@efit@7 
2026-02-25 14:47:06,081 fastran_pellet_pellet_model_6 DEBUG    Running - CompID =  fastran_FPP_000001@pellet_model@6
2026-02-25 14:47:06,082 fastran_pellet_pellet_model_6 DEBUG    _init_event_service(): self.counter = 0 - <fastran.heating.pellet_model.pellet_model object at 0x7f4870924f70>
2026-02-25 14:47:06,086 fastran_tr_fastran_8 DEBUG    __initialize__(): <fastran.solver.fastran.fastran object at 0x7f4870938070>  fastran_FPP_000001@fastran@8 
2026-02-25 14:47:06,086 fastran_eq_efit_7 DEBUG    Running - CompID =  fastran_FPP_000001@efit@7
2026-02-25 14:47:06,087 fastran_eq_efit_7 DEBUG    _init_event_service(): self.counter = 0 - <fastran.equilibrium.efit.efit object at 0x7f487092d760>
2026-02-25 14:47:06,092 fastran_tr_fastran_8 DEBUG    Running - CompID =  fastran_FPP_000001@fastran@8
2026-02-25 14:47:06,093 fastran_tr_fastran_8 DEBUG    _init_event_service(): self.counter = 0 - <fastran.solver.fastran.fastran object at 0x7f4870938070>
2026-02-25 14:47:06,423 fastran_init_fastran_init_1 DEBUG    Received Message 
2026-02-25 14:47:06,423 fastran_init_fastran_init_1 DEBUG    Calling method init(0)
2026-02-25 14:47:06,427 fastran_init_fastran_init_1 DEBUG    Received Message 
2026-02-25 14:47:06,427 fastran_init_fastran_init_1 DEBUG    Calling method step(0)
2026-02-25 14:47:06,433 fastran_init_fastran_init_1 DEBUG    _invoke_service(): getTopic  ('_IPS_MONITOR',)
2026-02-25 14:47:06,433 fastran_init_fastran_init_1 DEBUG    _get_service_response(REQUEST|fastran_FPP_000001@fastran_init@1|FRAMEWORK@Framework@0|0)
2026-02-25 14:47:06,444 fastran_init_fastran_init_1 DEBUG    _get_service_response(REQUEST|fastran_FPP_000001@fastran_init@1|FRAMEWORK@Framework@0|0), response = ServiceResponseMessage(sender_id=FRAMEWORK@Framework@0, receiver_id=fastran_FPP_000001@fastran_init@1, request_msg_id=REQUEST|fastran_FPP_000001@fastran_init@1|FRAMEWORK@Framework@0|0,status=0, args=(<ipsframework.cca_es_spec.Topic object at 0x7f4870a4e490>,), message_id=RESPONSE|FRAMEWORK@Framework@0|fastran_FPP_000001@fastran_init@1|7)
2026-02-25 14:47:06,444 fastran_init_fastran_init_1 DEBUG    _invoke_service(): sendEvent  ('_IPS_MONITOR', 'PORTAL_EVENT', {'sim_name': 'fastran_FPP_000001', 'real_sim_name': 'fastran_FPP_000001', 'portal_data': {'code': 'fastran_init_fastran_init', 'eventtype': 'IPS_STAGE_INPUTS', 'ok': True, 'walltime': '4.13', 'time': '2026-02-25|14:47:06PST', 'trace': {'timestamp': 1772059626428004, 'duration': 5593, 'localEndpoint': {'serviceName': 'stage_input_files'}, 'name': 'instate', 'id': '55339cced059be1a', 'parentId': '4aa442acb149fbac', 'tags': {}}, 'state': 'Running', 'comment': 'Elapsed time = 0.006 Path = /pscratch/sd/h/hswils/github_repos/MANTA_DBSCANS/TORIC+TGLF+PELLET/input Files = instate'}})
2026-02-25 14:47:06,444 fastran_init_fastran_init_1 DEBUG    _get_service_response(REQUEST|fastran_FPP_000001@fastran_init@1|FRAMEWORK@Framework@0|1)
2026-02-25 14:47:06,455 fastran_init_fastran_init_1 DEBUG    _get_service_response(REQUEST|fastran_FPP_000001@fastran_init@1|FRAMEWORK@Framework@0|1), response = ServiceResponseMessage(sender_id=FRAMEWORK@Framework@0, receiver_id=fastran_FPP_000001@fastran_init@1, request_msg_id=REQUEST|fastran_FPP_000001@fastran_init@1|FRAMEWORK@Framework@0|1,status=0, args=(None,), message_id=RESPONSE|FRAMEWORK@Framework@0|fastran_FPP_000001@fastran_init@1|9)
2026-02-25 14:47:06,685 fastran_init_fastran_init_1 DEBUG    _invoke_service(): update_state  (['s000001.00001', 'g000001.00001', 'i000001.00001'], '/pscratch/sd/h/hswils/github_repos/MANTA_DBSCANS/TORIC+TGLF+PELLET/SCAN/work/fastran_init_fastran_init_1', '/pscratch/sd/h/hswils/github_repos/MANTA_DBSCANS/TORIC+TGLF+PELLET/SCAN/work/plasma_state')
2026-02-25 14:47:06,685 fastran_init_fastran_init_1 DEBUG    _get_service_response(REQUEST|fastran_FPP_000001@fastran_init@1|FRAMEWORK@Framework@0|2)
2026-02-25 14:47:06,703 fastran_init_fastran_init_1 DEBUG    _get_service_response(REQUEST|fastran_FPP_000001@fastran_init@1|FRAMEWORK@Framework@0|2), response = ServiceResponseMessage(sender_id=FRAMEWORK@Framework@0, receiver_id=fastran_FPP_000001@fastran_init@1, request_msg_id=REQUEST|fastran_FPP_000001@fastran_init@1|FRAMEWORK@Framework@0|2,status=0, args=(0,), message_id=RESPONSE|FRAMEWORK@Framework@0|fastran_FPP_000001@fastran_init@1|10)
2026-02-25 14:47:06,704 fastran_init_fastran_init_1 DEBUG    _invoke_service(): getTopic  ('_IPS_MONITOR',)
2026-02-25 14:47:06,704 fastran_init_fastran_init_1 DEBUG    _get_service_response(REQUEST|fastran_FPP_000001@fastran_init@1|FRAMEWORK@Framework@0|3)
2026-02-25 14:47:06,714 fastran_init_fastran_init_1 DEBUG    _get_service_response(REQUEST|fastran_FPP_000001@fastran_init@1|FRAMEWORK@Framework@0|3), response = ServiceResponseMessage(sender_id=FRAMEWORK@Framework@0, receiver_id=fastran_FPP_000001@fastran_init@1, request_msg_id=REQUEST|fastran_FPP_000001@fastran_init@1|FRAMEWORK@Framework@0|3,status=0, args=(<ipsframework.cca_es_spec.Topic object at 0x7f48709c3d60>,), message_id=RESPONSE|FRAMEWORK@Framework@0|fastran_FPP_000001@fastran_init@1|11)
2026-02-25 14:47:06,714 fastran_init_fastran_init_1 DEBUG    _invoke_service(): sendEvent  ('_IPS_MONITOR', 'PORTAL_EVENT', {'sim_name': 'fastran_FPP_000001', 'real_sim_name': 'fastran_FPP_000001', 'portal_data': {'code': 'fastran_init_fastran_init', 'eventtype': 'IPS_UPDATE_STATE', 'ok': True, 'walltime': '4.40', 'time': '2026-02-25|14:47:06PST', 'trace': {'timestamp': 1772059626685131, 'duration': 18879, 'localEndpoint': {'serviceName': 'update_state'}, 'name': "['s000001.00001', 'g000001.00001', 'i000001.00001']", 'id': '7629e189a66153c0', 'parentId': '4aa442acb149fbac', 'tags': {}}, 'state': 'Running', 'comment': 'Elapsed time = 0.019   files = s000001.00001 g000001.00001 i000001.00001 Success'}})
2026-02-25 14:47:06,714 fastran_init_fastran_init_1 DEBUG    _get_service_response(REQUEST|fastran_FPP_000001@fastran_init@1|FRAMEWORK@Framework@0|4)
2026-02-25 14:47:06,725 fastran_init_fastran_init_1 DEBUG    _get_service_response(REQUEST|fastran_FPP_000001@fastran_init@1|FRAMEWORK@Framework@0|4), response = ServiceResponseMessage(sender_id=FRAMEWORK@Framework@0, receiver_id=fastran_FPP_000001@fastran_init@1, request_msg_id=REQUEST|fastran_FPP_000001@fastran_init@1|FRAMEWORK@Framework@0|4,status=0, args=(None,), message_id=RESPONSE|FRAMEWORK@Framework@0|fastran_FPP_000001@fastran_init@1|12)
2026-02-25 14:47:06,727 fastran_init_fastran_init_1 DEBUG    _invoke_service(): getTopic  ('_IPS_MONITOR',)
2026-02-25 14:47:06,727 fastran_init_fastran_init_1 DEBUG    _get_service_response(REQUEST|fastran_FPP_000001@fastran_init@1|FRAMEWORK@Framework@0|5)
2026-02-25 14:47:06,737 fastran_init_fastran_init_1 DEBUG    _get_service_response(REQUEST|fastran_FPP_000001@fastran_init@1|FRAMEWORK@Framework@0|5), response = ServiceResponseMessage(sender_id=FRAMEWORK@Framework@0, receiver_id=fastran_FPP_000001@fastran_init@1, request_msg_id=REQUEST|fastran_FPP_000001@fastran_init@1|FRAMEWORK@Framework@0|5,status=0, args=(<ipsframework.cca_es_spec.Topic object at 0x7f48709c3ee0>,), message_id=RESPONSE|FRAMEWORK@Framework@0|fastran_FPP_000001@fastran_init@1|13)
2026-02-25 14:47:06,737 fastran_init_fastran_init_1 DEBUG    _invoke_service(): sendEvent  ('_IPS_MONITOR', 'PORTAL_EVENT', {'sim_name': 'fastran_FPP_000001', 'real_sim_name': 'fastran_FPP_000001', 'portal_data': {'code': 'fastran_init_fastran_init', 'eventtype': 'IPS_STAGE_OUTPUTS', 'ok': True, 'walltime': '4.42', 'time': '2026-02-25|14:47:06PST', 'trace': {'timestamp': 1772059626725494, 'duration': 1867, 'localEndpoint': {'serviceName': 'stage_output_files'}, 'name': '[]', 'id': 'ed019efe11be26d9', 'parentId': '4aa442acb149fbac', 'tags': {}}, 'state': 'Running', 'comment': 'Elapsed time = 0.002 Path = /pscratch/sd/h/hswils/github_repos/MANTA_DBSCANS/TORIC+TGLF+PELLET/SCAN/simulation_results/0/components/fastran_init_fastran_init_1 Files = []'}})
2026-02-25 14:47:06,737 fastran_init_fastran_init_1 DEBUG    _get_service_response(REQUEST|fastran_FPP_000001@fastran_init@1|FRAMEWORK@Framework@0|6)
2026-02-25 14:47:06,748 fastran_init_fastran_init_1 DEBUG    _get_service_response(REQUEST|fastran_FPP_000001@fastran_init@1|FRAMEWORK@Framework@0|6), response = ServiceResponseMessage(sender_id=FRAMEWORK@Framework@0, receiver_id=fastran_FPP_000001@fastran_init@1, request_msg_id=REQUEST|fastran_FPP_000001@fastran_init@1|FRAMEWORK@Framework@0|6,status=0, args=(None,), message_id=RESPONSE|FRAMEWORK@Framework@0|fastran_FPP_000001@fastran_init@1|14)
2026-02-25 14:47:06,749 fastran_init_fastran_init_1 DEBUG    Received Message 
2026-02-25 14:47:06,749 fastran_init_fastran_init_1 DEBUG    Calling method finalize(0)
2026-02-25 14:47:06,750 fastran_driver_fastran_driver_2 DEBUG    Received Message 
2026-02-25 14:47:06,750 fastran_driver_fastran_driver_2 DEBUG    Calling method init(0)
2026-02-25 14:47:06,752 fastran_driver_fastran_driver_2 DEBUG    Received Message 
2026-02-25 14:47:06,752 fastran_driver_fastran_driver_2 DEBUG    Calling method step(0)
2026-02-25 14:47:06,752 fastran_driver_fastran_driver_2 DEBUG    _invoke_service(): getTopic  ('_IPS_MONITOR',)
2026-02-25 14:47:06,752 fastran_driver_fastran_driver_2 DEBUG    _get_service_response(REQUEST|fastran_FPP_000001@fastran_driver@2|FRAMEWORK@Framework@0|0)
2026-02-25 14:47:06,763 fastran_driver_fastran_driver_2 DEBUG    _get_service_response(REQUEST|fastran_FPP_000001@fastran_driver@2|FRAMEWORK@Framework@0|0), response = ServiceResponseMessage(sender_id=FRAMEWORK@Framework@0, receiver_id=fastran_FPP_000001@fastran_driver@2, request_msg_id=REQUEST|fastran_FPP_000001@fastran_driver@2|FRAMEWORK@Framework@0|0,status=0, args=(<ipsframework.cca_es_spec.Topic object at 0x7f4870a4a310>,), message_id=RESPONSE|FRAMEWORK@Framework@0|fastran_FPP_000001@fastran_driver@2|15)
2026-02-25 14:47:06,763 fastran_driver_fastran_driver_2 DEBUG    _invoke_service(): sendEvent  ('_IPS_MONITOR', 'PORTAL_EVENT', {'sim_name': 'fastran_FPP_000001', 'real_sim_name': 'fastran_FPP_000001', 'portal_data': {'code': 'fastran_driver_fastran_driver', 'eventtype': 'IPS_STAGE_INPUTS', 'ok': True, 'walltime': '4.45', 'time': '2026-02-25|14:47:06PST', 'trace': {'timestamp': 1772059626752345, 'duration': 132, 'localEndpoint': {'serviceName': 'stage_input_files'}, 'name': '', 'id': 'e70cb59b389672bf', 'parentId': 'f899e3e5886669ce', 'tags': {}}, 'state': 'Running', 'comment': 'Elapsed time = 0.000 Path = /pscratch/sd/h/hswils/github_repos/MANTA_DBSCANS/TORIC+TGLF+PELLET/input Files = '}})
2026-02-25 14:47:06,763 fastran_driver_fastran_driver_2 DEBUG    _get_service_response(REQUEST|fastran_FPP_000001@fastran_driver@2|FRAMEWORK@Framework@0|1)
2026-02-25 14:47:06,774 fastran_driver_fastran_driver_2 DEBUG    _get_service_response(REQUEST|fastran_FPP_000001@fastran_driver@2|FRAMEWORK@Framework@0|1), response = ServiceResponseMessage(sender_id=FRAMEWORK@Framework@0, receiver_id=fastran_FPP_000001@fastran_driver@2, request_msg_id=REQUEST|fastran_FPP_000001@fastran_driver@2|FRAMEWORK@Framework@0|1,status=0, args=(None,), message_id=RESPONSE|FRAMEWORK@Framework@0|fastran_FPP_000001@fastran_driver@2|16)
2026-02-25 14:47:06,775 fastran_driver_fastran_driver_2 DEBUG    _invoke_service(): stage_state  (['s000001.00001', 'g000001.00001', 'i000001.00001'], '/pscratch/sd/h/hswils/github_repos/MANTA_DBSCANS/TORIC+TGLF+PELLET/SCAN/work/plasma_state', '/pscratch/sd/h/hswils/github_repos/MANTA_DBSCANS/TORIC+TGLF+PELLET/SCAN/work/fastran_driver_fastran_driver_2')
2026-02-25 14:47:06,775 fastran_driver_fastran_driver_2 DEBUG    _get_service_response(REQUEST|fastran_FPP_000001@fastran_driver@2|FRAMEWORK@Framework@0|2)
2026-02-25 14:47:06,794 fastran_driver_fastran_driver_2 DEBUG    _get_service_response(REQUEST|fastran_FPP_000001@fastran_driver@2|FRAMEWORK@Framework@0|2), response = ServiceResponseMessage(sender_id=FRAMEWORK@Framework@0, receiver_id=fastran_FPP_000001@fastran_driver@2, request_msg_id=REQUEST|fastran_FPP_000001@fastran_driver@2|FRAMEWORK@Framework@0|2,status=0, args=(0,), message_id=RESPONSE|FRAMEWORK@Framework@0|fastran_FPP_000001@fastran_driver@2|17)
2026-02-25 14:47:06,794 fastran_driver_fastran_driver_2 DEBUG    _invoke_service(): getTopic  ('_IPS_MONITOR',)
2026-02-25 14:47:06,794 fastran_driver_fastran_driver_2 DEBUG    _get_service_response(REQUEST|fastran_FPP_000001@fastran_driver@2|FRAMEWORK@Framework@0|3)
2026-02-25 14:47:06,804 fastran_driver_fastran_driver_2 DEBUG    _get_service_response(REQUEST|fastran_FPP_000001@fastran_driver@2|FRAMEWORK@Framework@0|3), response = ServiceResponseMessage(sender_id=FRAMEWORK@Framework@0, receiver_id=fastran_FPP_000001@fastran_driver@2, request_msg_id=REQUEST|fastran_FPP_000001@fastran_driver@2|FRAMEWORK@Framework@0|3,status=0, args=(<ipsframework.cca_es_spec.Topic object at 0x7f4870a4a2e0>,), message_id=RESPONSE|FRAMEWORK@Framework@0|fastran_FPP_000001@fastran_driver@2|18)
2026-02-25 14:47:06,804 fastran_driver_fastran_driver_2 DEBUG    _invoke_service(): sendEvent  ('_IPS_MONITOR', 'PORTAL_EVENT', {'sim_name': 'fastran_FPP_000001', 'real_sim_name': 'fastran_FPP_000001', 'portal_data': {'code': 'fastran_driver_fastran_driver', 'eventtype': 'IPS_STAGE_STATE', 'ok': True, 'walltime': '4.49', 'time': '2026-02-25|14:47:06PST', 'trace': {'timestamp': 1772059626774871, 'duration': 19536, 'localEndpoint': {'serviceName': 'stage_state'}, 'name': "['s000001.00001', 'g000001.00001', 'i000001.00001']", 'id': '71885aecf25d7412', 'parentId': 'f899e3e5886669ce', 'tags': {}}, 'state': 'Running', 'comment': 'Elapsed time = 0.020  files = s000001.00001 g000001.00001 i000001.00001 Success'}})
2026-02-25 14:47:06,805 fastran_driver_fastran_driver_2 DEBUG    _get_service_response(REQUEST|fastran_FPP_000001@fastran_driver@2|FRAMEWORK@Framework@0|4)
2026-02-25 14:47:06,815 fastran_driver_fastran_driver_2 DEBUG    _get_service_response(REQUEST|fastran_FPP_000001@fastran_driver@2|FRAMEWORK@Framework@0|4), response = ServiceResponseMessage(sender_id=FRAMEWORK@Framework@0, receiver_id=fastran_FPP_000001@fastran_driver@2, request_msg_id=REQUEST|fastran_FPP_000001@fastran_driver@2|FRAMEWORK@Framework@0|4,status=0, args=(None,), message_id=RESPONSE|FRAMEWORK@Framework@0|fastran_FPP_000001@fastran_driver@2|19)
2026-02-25 14:47:06,815 fastran_driver_fastran_driver_2 DEBUG    _invoke_service(): get_port  ('INIT',)
2026-02-25 14:47:06,816 fastran_driver_fastran_driver_2 DEBUG    _get_service_response(REQUEST|fastran_FPP_000001@fastran_driver@2|FRAMEWORK@Framework@0|5)
2026-02-25 14:47:06,826 fastran_driver_fastran_driver_2 DEBUG    _get_service_response(REQUEST|fastran_FPP_000001@fastran_driver@2|FRAMEWORK@Framework@0|5), response = ServiceResponseMessage(sender_id=FRAMEWORK@Framework@0, receiver_id=fastran_FPP_000001@fastran_driver@2, request_msg_id=REQUEST|fastran_FPP_000001@fastran_driver@2|FRAMEWORK@Framework@0|5,status=0, args=(fastran_FPP_000001@fastran_init@1,), message_id=RESPONSE|FRAMEWORK@Framework@0|fastran_FPP_000001@fastran_driver@2|20)
2026-02-25 14:47:06,826 fastran_driver_fastran_driver_2 DEBUG    _invoke_service(): get_port  ('EQ0',)
2026-02-25 14:47:06,826 fastran_driver_fastran_driver_2 DEBUG    _get_service_response(REQUEST|fastran_FPP_000001@fastran_driver@2|FRAMEWORK@Framework@0|6)
2026-02-25 14:47:06,837 fastran_driver_fastran_driver_2 DEBUG    _get_service_response(REQUEST|fastran_FPP_000001@fastran_driver@2|FRAMEWORK@Framework@0|6), response = ServiceResponseMessage(sender_id=FRAMEWORK@Framework@0, receiver_id=fastran_FPP_000001@fastran_driver@2, request_msg_id=REQUEST|fastran_FPP_000001@fastran_driver@2|FRAMEWORK@Framework@0|6,status=0, args=(fastran_FPP_000001@efit@3,), message_id=RESPONSE|FRAMEWORK@Framework@0|fastran_FPP_000001@fastran_driver@2|21)
2026-02-25 14:47:06,837 fastran_driver_fastran_driver_2 DEBUG    _invoke_service(): get_port  ('TR0',)
2026-02-25 14:47:06,837 fastran_driver_fastran_driver_2 DEBUG    _get_service_response(REQUEST|fastran_FPP_000001@fastran_driver@2|FRAMEWORK@Framework@0|7)
2026-02-25 14:47:06,848 fastran_driver_fastran_driver_2 DEBUG    _get_service_response(REQUEST|fastran_FPP_000001@fastran_driver@2|FRAMEWORK@Framework@0|7), response = ServiceResponseMessage(sender_id=FRAMEWORK@Framework@0, receiver_id=fastran_FPP_000001@fastran_driver@2, request_msg_id=REQUEST|fastran_FPP_000001@fastran_driver@2|FRAMEWORK@Framework@0|7,status=0, args=(fastran_FPP_000001@fastran@4,), message_id=RESPONSE|FRAMEWORK@Framework@0|fastran_FPP_000001@fastran_driver@2|22)
2026-02-25 14:47:06,848 fastran_driver_fastran_driver_2 DEBUG    _invoke_service(): get_port  ('IC',)
2026-02-25 14:47:06,848 fastran_driver_fastran_driver_2 DEBUG    _get_service_response(REQUEST|fastran_FPP_000001@fastran_driver@2|FRAMEWORK@Framework@0|8)
2026-02-25 14:47:06,859 fastran_driver_fastran_driver_2 DEBUG    _get_service_response(REQUEST|fastran_FPP_000001@fastran_driver@2|FRAMEWORK@Framework@0|8), response = ServiceResponseMessage(sender_id=FRAMEWORK@Framework@0, receiver_id=fastran_FPP_000001@fastran_driver@2, request_msg_id=REQUEST|fastran_FPP_000001@fastran_driver@2|FRAMEWORK@Framework@0|8,status=0, args=(fastran_FPP_000001@toric@5,), message_id=RESPONSE|FRAMEWORK@Framework@0|fastran_FPP_000001@fastran_driver@2|23)
2026-02-25 14:47:06,859 fastran_driver_fastran_driver_2 DEBUG    _invoke_service(): get_port  ('PELLET',)
2026-02-25 14:47:06,859 fastran_driver_fastran_driver_2 DEBUG    _get_service_response(REQUEST|fastran_FPP_000001@fastran_driver@2|FRAMEWORK@Framework@0|9)
2026-02-25 14:47:06,870 fastran_driver_fastran_driver_2 DEBUG    _get_service_response(REQUEST|fastran_FPP_000001@fastran_driver@2|FRAMEWORK@Framework@0|9), response = ServiceResponseMessage(sender_id=FRAMEWORK@Framework@0, receiver_id=fastran_FPP_000001@fastran_driver@2, request_msg_id=REQUEST|fastran_FPP_000001@fastran_driver@2|FRAMEWORK@Framework@0|9,status=0, args=(fastran_FPP_000001@pellet_model@6,), message_id=RESPONSE|FRAMEWORK@Framework@0|fastran_FPP_000001@fastran_driver@2|24)
2026-02-25 14:47:06,870 fastran_driver_fastran_driver_2 DEBUG    _invoke_service(): get_port  ('EQ',)
2026-02-25 14:47:06,870 fastran_driver_fastran_driver_2 DEBUG    _get_service_response(REQUEST|fastran_FPP_000001@fastran_driver@2|FRAMEWORK@Framework@0|10)
2026-02-25 14:47:06,881 fastran_driver_fastran_driver_2 DEBUG    _get_service_response(REQUEST|fastran_FPP_000001@fastran_driver@2|FRAMEWORK@Framework@0|10), response = ServiceResponseMessage(sender_id=FRAMEWORK@Framework@0, receiver_id=fastran_FPP_000001@fastran_driver@2, request_msg_id=REQUEST|fastran_FPP_000001@fastran_driver@2|FRAMEWORK@Framework@0|10,status=0, args=(fastran_FPP_000001@efit@7,), message_id=RESPONSE|FRAMEWORK@Framework@0|fastran_FPP_000001@fastran_driver@2|25)
2026-02-25 14:47:06,881 fastran_driver_fastran_driver_2 DEBUG    _invoke_service(): get_port  ('TR',)
2026-02-25 14:47:06,881 fastran_driver_fastran_driver_2 DEBUG    _get_service_response(REQUEST|fastran_FPP_000001@fastran_driver@2|FRAMEWORK@Framework@0|11)
2026-02-25 14:47:06,892 fastran_driver_fastran_driver_2 DEBUG    _get_service_response(REQUEST|fastran_FPP_000001@fastran_driver@2|FRAMEWORK@Framework@0|11), response = ServiceResponseMessage(sender_id=FRAMEWORK@Framework@0, receiver_id=fastran_FPP_000001@fastran_driver@2, request_msg_id=REQUEST|fastran_FPP_000001@fastran_driver@2|FRAMEWORK@Framework@0|11,status=0, args=(fastran_FPP_000001@fastran@8,), message_id=RESPONSE|FRAMEWORK@Framework@0|fastran_FPP_000001@fastran_driver@2|26)
2026-02-25 14:47:06,892 fastran_driver_fastran_driver_2 DEBUG    _invoke_service(): getTopic  ('_IPS_MONITOR',)
2026-02-25 14:47:06,892 fastran_driver_fastran_driver_2 DEBUG    _get_service_response(REQUEST|fastran_FPP_000001@fastran_driver@2|FRAMEWORK@Framework@0|12)
2026-02-25 14:47:06,903 fastran_driver_fastran_driver_2 DEBUG    _get_service_response(REQUEST|fastran_FPP_000001@fastran_driver@2|FRAMEWORK@Framework@0|12), response = ServiceResponseMessage(sender_id=FRAMEWORK@Framework@0, receiver_id=fastran_FPP_000001@fastran_driver@2, request_msg_id=REQUEST|fastran_FPP_000001@fastran_driver@2|FRAMEWORK@Framework@0|12,status=0, args=(<ipsframework.cca_es_spec.Topic object at 0x7f4870a4a6d0>,), message_id=RESPONSE|FRAMEWORK@Framework@0|fastran_FPP_000001@fastran_driver@2|27)
2026-02-25 14:47:06,903 fastran_driver_fastran_driver_2 DEBUG    _invoke_service(): sendEvent  ('_IPS_MONITOR', 'PORTAL_EVENT', {'sim_name': 'fastran_FPP_000001', 'real_sim_name': 'fastran_FPP_000001', 'portal_data': {'code': 'fastran_driver_fastran_driver', 'eventtype': 'IPS_CALL_BEGIN', 'ok': True, 'walltime': '4.59', 'time': '2026-02-25|14:47:06PST', 'state': 'Running', 'comment': 'Target = fastran_FPP_000001@efit@3:init(0)'}})
2026-02-25 14:47:06,903 fastran_driver_fastran_driver_2 DEBUG    _get_service_response(REQUEST|fastran_FPP_000001@fastran_driver@2|FRAMEWORK@Framework@0|13)
2026-02-25 14:47:06,914 fastran_driver_fastran_driver_2 DEBUG    _get_service_response(REQUEST|fastran_FPP_000001@fastran_driver@2|FRAMEWORK@Framework@0|13), response = ServiceResponseMessage(sender_id=FRAMEWORK@Framework@0, receiver_id=fastran_FPP_000001@fastran_driver@2, request_msg_id=REQUEST|fastran_FPP_000001@fastran_driver@2|FRAMEWORK@Framework@0|13,status=0, args=(None,), message_id=RESPONSE|FRAMEWORK@Framework@0|fastran_FPP_000001@fastran_driver@2|28)
2026-02-25 14:47:06,914 fastran_driver_fastran_driver_2 DEBUG    _invoke_service(): init_call  ('init', '0')
2026-02-25 14:47:06,914 fastran_driver_fastran_driver_2 DEBUG    _get_service_response(REQUEST|fastran_FPP_000001@fastran_driver@2|FRAMEWORK@Framework@0|14)
2026-02-25 14:47:06,915 fastran_eq0_efit_3 DEBUG    Received Message 
2026-02-25 14:47:06,915 fastran_eq0_efit_3 DEBUG    Calling method init(0)
2026-02-25 14:47:06,918 fastran_eq0_efit_3 DEBUG    _invoke_service(): stage_state  (['s000001.00001', 'g000001.00001', 'i000001.00001'], '/pscratch/sd/h/hswils/github_repos/MANTA_DBSCANS/TORIC+TGLF+PELLET/SCAN/work/plasma_state', '/pscratch/sd/h/hswils/github_repos/MANTA_DBSCANS/TORIC+TGLF+PELLET/SCAN/work/fastran_eq0_efit_3')
2026-02-25 14:47:06,918 fastran_eq0_efit_3 DEBUG    _get_service_response(REQUEST|fastran_FPP_000001@efit@3|FRAMEWORK@Framework@0|0)
2026-02-25 14:47:06,925 fastran_driver_fastran_driver_2 DEBUG    _get_service_response(REQUEST|fastran_FPP_000001@fastran_driver@2|FRAMEWORK@Framework@0|14), response = ServiceResponseMessage(sender_id=FRAMEWORK@Framework@0, receiver_id=fastran_FPP_000001@fastran_driver@2, request_msg_id=REQUEST|fastran_FPP_000001@fastran_driver@2|FRAMEWORK@Framework@0|14,status=0, args=(11,), message_id=RESPONSE|FRAMEWORK@Framework@0|fastran_FPP_000001@fastran_driver@2|29)
2026-02-25 14:47:06,925 fastran_driver_fastran_driver_2 DEBUG    _invoke_service(): wait_call  (11, True)
2026-02-25 14:47:06,925 fastran_driver_fastran_driver_2 DEBUG    _get_service_response(REQUEST|fastran_FPP_000001@fastran_driver@2|FRAMEWORK@Framework@0|15)
2026-02-25 14:47:06,937 fastran_eq0_efit_3 DEBUG    _get_service_response(REQUEST|fastran_FPP_000001@efit@3|FRAMEWORK@Framework@0|0), response = ServiceResponseMessage(sender_id=FRAMEWORK@Framework@0, receiver_id=fastran_FPP_000001@efit@3, request_msg_id=REQUEST|fastran_FPP_000001@efit@3|FRAMEWORK@Framework@0|0,status=0, args=(0,), message_id=RESPONSE|FRAMEWORK@Framework@0|fastran_FPP_000001@efit@3|30)
2026-02-25 14:47:06,937 fastran_eq0_efit_3 DEBUG    _invoke_service(): getTopic  ('_IPS_MONITOR',)
2026-02-25 14:47:06,937 fastran_eq0_efit_3 DEBUG    _get_service_response(REQUEST|fastran_FPP_000001@efit@3|FRAMEWORK@Framework@0|1)
2026-02-25 14:47:06,948 fastran_eq0_efit_3 DEBUG    _get_service_response(REQUEST|fastran_FPP_000001@efit@3|FRAMEWORK@Framework@0|1), response = ServiceResponseMessage(sender_id=FRAMEWORK@Framework@0, receiver_id=fastran_FPP_000001@efit@3, request_msg_id=REQUEST|fastran_FPP_000001@efit@3|FRAMEWORK@Framework@0|1,status=0, args=(<ipsframework.cca_es_spec.Topic object at 0x7f4870a47ee0>,), message_id=RESPONSE|FRAMEWORK@Framework@0|fastran_FPP_000001@efit@3|31)
2026-02-25 14:47:06,948 fastran_eq0_efit_3 DEBUG    _invoke_service(): sendEvent  ('_IPS_MONITOR', 'PORTAL_EVENT', {'sim_name': 'fastran_FPP_000001', 'real_sim_name': 'fastran_FPP_000001', 'portal_data': {'code': 'fastran_eq0_efit', 'eventtype': 'IPS_STAGE_STATE', 'ok': True, 'walltime': '4.63', 'time': '2026-02-25|14:47:06PST', 'trace': {'timestamp': 1772059626917959, 'duration': 19651, 'localEndpoint': {'serviceName': 'stage_state'}, 'name': "['s000001.00001', 'g000001.00001', 'i000001.00001']", 'id': '71885aecf25d7412', 'parentId': '545edfc5a3ffe396', 'tags': {}}, 'state': 'Running', 'comment': 'Elapsed time = 0.020  files = s000001.00001 g000001.00001 i000001.00001 Success'}})
2026-02-25 14:47:06,948 fastran_eq0_efit_3 DEBUG    _get_service_response(REQUEST|fastran_FPP_000001@efit@3|FRAMEWORK@Framework@0|2)
2026-02-25 14:47:06,959 fastran_eq0_efit_3 DEBUG    _get_service_response(REQUEST|fastran_FPP_000001@efit@3|FRAMEWORK@Framework@0|2), response = ServiceResponseMessage(sender_id=FRAMEWORK@Framework@0, receiver_id=fastran_FPP_000001@efit@3, request_msg_id=REQUEST|fastran_FPP_000001@efit@3|FRAMEWORK@Framework@0|2,status=0, args=(None,), message_id=RESPONSE|FRAMEWORK@Framework@0|fastran_FPP_000001@efit@3|32)
2026-02-25 14:47:08,504 fastran_eq0_efit_3 DEBUG    _invoke_service(): update_state  (['s000001.00001', 'g000001.00001', 'i000001.00001'], '/pscratch/sd/h/hswils/github_repos/MANTA_DBSCANS/TORIC+TGLF+PELLET/SCAN/work/fastran_eq0_efit_3', '/pscratch/sd/h/hswils/github_repos/MANTA_DBSCANS/TORIC+TGLF+PELLET/SCAN/work/plasma_state')
2026-02-25 14:47:08,505 fastran_eq0_efit_3 DEBUG    _get_service_response(REQUEST|fastran_FPP_000001@efit@3|FRAMEWORK@Framework@0|3)
2026-02-25 14:47:08,525 fastran_eq0_efit_3 DEBUG    _get_service_response(REQUEST|fastran_FPP_000001@efit@3|FRAMEWORK@Framework@0|3), response = ServiceResponseMessage(sender_id=FRAMEWORK@Framework@0, receiver_id=fastran_FPP_000001@efit@3, request_msg_id=REQUEST|fastran_FPP_000001@efit@3|FRAMEWORK@Framework@0|3,status=0, args=(0,), message_id=RESPONSE|FRAMEWORK@Framework@0|fastran_FPP_000001@efit@3|37)
2026-02-25 14:47:08,526 fastran_eq0_efit_3 DEBUG    _invoke_service(): getTopic  ('_IPS_MONITOR',)
2026-02-25 14:47:08,526 fastran_eq0_efit_3 DEBUG    _get_service_response(REQUEST|fastran_FPP_000001@efit@3|FRAMEWORK@Framework@0|4)
2026-02-25 14:47:08,536 fastran_eq0_efit_3 DEBUG    _get_service_response(REQUEST|fastran_FPP_000001@efit@3|FRAMEWORK@Framework@0|4), response = ServiceResponseMessage(sender_id=FRAMEWORK@Framework@0, receiver_id=fastran_FPP_000001@efit@3, request_msg_id=REQUEST|fastran_FPP_000001@efit@3|FRAMEWORK@Framework@0|4,status=0, args=(<ipsframework.cca_es_spec.Topic object at 0x7f4870a47580>,), message_id=RESPONSE|FRAMEWORK@Framework@0|fastran_FPP_000001@efit@3|38)
2026-02-25 14:47:08,536 fastran_eq0_efit_3 DEBUG    _invoke_service(): sendEvent  ('_IPS_MONITOR', 'PORTAL_EVENT', {'sim_name': 'fastran_FPP_000001', 'real_sim_name': 'fastran_FPP_000001', 'portal_data': {'code': 'fastran_eq0_efit', 'eventtype': 'IPS_UPDATE_STATE', 'ok': True, 'walltime': '6.22', 'time': '2026-02-25|14:47:08PST', 'trace': {'timestamp': 1772059628504752, 'duration': 21289, 'localEndpoint': {'serviceName': 'update_state'}, 'name': "['s000001.00001', 'g000001.00001', 'i000001.00001']", 'id': '7629e189a66153c0', 'parentId': '545edfc5a3ffe396', 'tags': {}}, 'state': 'Running', 'comment': 'Elapsed time = 0.021   files = s000001.00001 g000001.00001 i000001.00001 Success'}})
2026-02-25 14:47:08,536 fastran_eq0_efit_3 DEBUG    _get_service_response(REQUEST|fastran_FPP_000001@efit@3|FRAMEWORK@Framework@0|5)
2026-02-25 14:47:08,547 fastran_eq0_efit_3 DEBUG    _get_service_response(REQUEST|fastran_FPP_000001@efit@3|FRAMEWORK@Framework@0|5), response = ServiceResponseMessage(sender_id=FRAMEWORK@Framework@0, receiver_id=fastran_FPP_000001@efit@3, request_msg_id=REQUEST|fastran_FPP_000001@efit@3|FRAMEWORK@Framework@0|5,status=0, args=(None,), message_id=RESPONSE|FRAMEWORK@Framework@0|fastran_FPP_000001@efit@3|39)
2026-02-25 14:47:08,558 fastran_driver_fastran_driver_2 DEBUG    _get_service_response(REQUEST|fastran_FPP_000001@fastran_driver@2|FRAMEWORK@Framework@0|15), response = ServiceResponseMessage(sender_id=FRAMEWORK@Framework@0, receiver_id=fastran_FPP_000001@fastran_driver@2, request_msg_id=REQUEST|fastran_FPP_000001@fastran_driver@2|FRAMEWORK@Framework@0|15,status=0, args=((None,),), message_id=RESPONSE|FRAMEWORK@Framework@0|fastran_FPP_000001@fastran_driver@2|40)
2026-02-25 14:47:08,558 fastran_driver_fastran_driver_2 DEBUG    _invoke_service(): getTopic  ('_IPS_MONITOR',)
2026-02-25 14:47:08,558 fastran_driver_fastran_driver_2 DEBUG    _get_service_response(REQUEST|fastran_FPP_000001@fastran_driver@2|FRAMEWORK@Framework@0|16)
2026-02-25 14:47:08,569 fastran_driver_fastran_driver_2 DEBUG    _get_service_response(REQUEST|fastran_FPP_000001@fastran_driver@2|FRAMEWORK@Framework@0|16), response = ServiceResponseMessage(sender_id=FRAMEWORK@Framework@0, receiver_id=fastran_FPP_000001@fastran_driver@2, request_msg_id=REQUEST|fastran_FPP_000001@fastran_driver@2|FRAMEWORK@Framework@0|16,status=0, args=(<ipsframework.cca_es_spec.Topic object at 0x7f4870a4a340>,), message_id=RESPONSE|FRAMEWORK@Framework@0|fastran_FPP_000001@fastran_driver@2|41)
2026-02-25 14:47:08,569 fastran_driver_fastran_driver_2 DEBUG    _invoke_service(): sendEvent  ('_IPS_MONITOR', 'PORTAL_EVENT', {'sim_name': 'fastran_FPP_000001', 'real_sim_name': 'fastran_FPP_000001', 'portal_data': {'code': 'fastran_driver_fastran_driver', 'eventtype': 'IPS_CALL_END', 'ok': True, 'walltime': '6.25', 'time': '2026-02-25|14:47:08PST', 'trace': {'timestamp': 1772059626925630, 'duration': 1632761, 'localEndpoint': {'serviceName': 'fastran_FPP_000001@efit@3'}, 'name': 'init(0)', 'id': '545edfc5a3ffe396', 'parentId': 'f899e3e5886669ce', 'tags': {}}, 'state': 'Running', 'comment': 'Target = fastran_FPP_000001@efit@3:init(0)'}})
2026-02-25 14:47:08,569 fastran_driver_fastran_driver_2 DEBUG    _get_service_response(REQUEST|fastran_FPP_000001@fastran_driver@2|FRAMEWORK@Framework@0|17)
2026-02-25 14:47:08,580 fastran_driver_fastran_driver_2 DEBUG    _get_service_response(REQUEST|fastran_FPP_000001@fastran_driver@2|FRAMEWORK@Framework@0|17), response = ServiceResponseMessage(sender_id=FRAMEWORK@Framework@0, receiver_id=fastran_FPP_000001@fastran_driver@2, request_msg_id=REQUEST|fastran_FPP_000001@fastran_driver@2|FRAMEWORK@Framework@0|17,status=0, args=(None,), message_id=RESPONSE|FRAMEWORK@Framework@0|fastran_FPP_000001@fastran_driver@2|42)
2026-02-25 14:47:08,580 fastran_driver_fastran_driver_2 DEBUG    _invoke_service(): getTopic  ('_IPS_MONITOR',)
2026-02-25 14:47:08,580 fastran_driver_fastran_driver_2 DEBUG    _get_service_response(REQUEST|fastran_FPP_000001@fastran_driver@2|FRAMEWORK@Framework@0|18)
2026-02-25 14:47:08,591 fastran_driver_fastran_driver_2 DEBUG    _get_service_response(REQUEST|fastran_FPP_000001@fastran_driver@2|FRAMEWORK@Framework@0|18), response = ServiceResponseMessage(sender_id=FRAMEWORK@Framework@0, receiver_id=fastran_FPP_000001@fastran_driver@2, request_msg_id=REQUEST|fastran_FPP_000001@fastran_driver@2|FRAMEWORK@Framework@0|18,status=0, args=(<ipsframework.cca_es_spec.Topic object at 0x7f4870a4a3a0>,), message_id=RESPONSE|FRAMEWORK@Framework@0|fastran_FPP_000001@fastran_driver@2|43)
2026-02-25 14:47:08,591 fastran_driver_fastran_driver_2 DEBUG    _invoke_service(): sendEvent  ('_IPS_MONITOR', 'PORTAL_EVENT', {'sim_name': 'fastran_FPP_000001', 'real_sim_name': 'fastran_FPP_000001', 'portal_data': {'code': 'fastran_driver_fastran_driver', 'eventtype': 'IPS_CALL_BEGIN', 'ok': True, 'walltime': '6.27', 'time': '2026-02-25|14:47:08PST', 'state': 'Running', 'comment': 'Target = fastran_FPP_000001@fastran@4:init(0)'}})
2026-02-25 14:47:08,591 fastran_driver_fastran_driver_2 DEBUG    _get_service_response(REQUEST|fastran_FPP_000001@fastran_driver@2|FRAMEWORK@Framework@0|19)
2026-02-25 14:47:08,602 fastran_driver_fastran_driver_2 DEBUG    _get_service_response(REQUEST|fastran_FPP_000001@fastran_driver@2|FRAMEWORK@Framework@0|19), response = ServiceResponseMessage(sender_id=FRAMEWORK@Framework@0, receiver_id=fastran_FPP_000001@fastran_driver@2, request_msg_id=REQUEST|fastran_FPP_000001@fastran_driver@2|FRAMEWORK@Framework@0|19,status=0, args=(None,), message_id=RESPONSE|FRAMEWORK@Framework@0|fastran_FPP_000001@fastran_driver@2|44)
2026-02-25 14:47:08,602 fastran_driver_fastran_driver_2 DEBUG    _invoke_service(): init_call  ('init', '0')
2026-02-25 14:47:08,602 fastran_driver_fastran_driver_2 DEBUG    _get_service_response(REQUEST|fastran_FPP_000001@fastran_driver@2|FRAMEWORK@Framework@0|20)
2026-02-25 14:47:08,603 fastran_tr0_fastran_4 DEBUG    Received Message 
2026-02-25 14:47:08,603 fastran_tr0_fastran_4 DEBUG    Calling method init(0)
2026-02-25 14:47:08,613 fastran_driver_fastran_driver_2 DEBUG    _get_service_response(REQUEST|fastran_FPP_000001@fastran_driver@2|FRAMEWORK@Framework@0|20), response = ServiceResponseMessage(sender_id=FRAMEWORK@Framework@0, receiver_id=fastran_FPP_000001@fastran_driver@2, request_msg_id=REQUEST|fastran_FPP_000001@fastran_driver@2|FRAMEWORK@Framework@0|20,status=0, args=(12,), message_id=RESPONSE|FRAMEWORK@Framework@0|fastran_FPP_000001@fastran_driver@2|45)
2026-02-25 14:47:08,614 fastran_driver_fastran_driver_2 DEBUG    _invoke_service(): wait_call  (12, True)
2026-02-25 14:47:08,614 fastran_driver_fastran_driver_2 DEBUG    _get_service_response(REQUEST|fastran_FPP_000001@fastran_driver@2|FRAMEWORK@Framework@0|21)
2026-02-25 14:47:08,624 fastran_driver_fastran_driver_2 DEBUG    _get_service_response(REQUEST|fastran_FPP_000001@fastran_driver@2|FRAMEWORK@Framework@0|21), response = ServiceResponseMessage(sender_id=FRAMEWORK@Framework@0, receiver_id=fastran_FPP_000001@fastran_driver@2, request_msg_id=REQUEST|fastran_FPP_000001@fastran_driver@2|FRAMEWORK@Framework@0|21,status=0, args=((None,),), message_id=RESPONSE|FRAMEWORK@Framework@0|fastran_FPP_000001@fastran_driver@2|46)
2026-02-25 14:47:08,624 fastran_driver_fastran_driver_2 DEBUG    _invoke_service(): getTopic  ('_IPS_MONITOR',)
2026-02-25 14:47:08,625 fastran_driver_fastran_driver_2 DEBUG    _get_service_response(REQUEST|fastran_FPP_000001@fastran_driver@2|FRAMEWORK@Framework@0|22)
2026-02-25 14:47:08,635 fastran_driver_fastran_driver_2 DEBUG    _get_service_response(REQUEST|fastran_FPP_000001@fastran_driver@2|FRAMEWORK@Framework@0|22), response = ServiceResponseMessage(sender_id=FRAMEWORK@Framework@0, receiver_id=fastran_FPP_000001@fastran_driver@2, request_msg_id=REQUEST|fastran_FPP_000001@fastran_driver@2|FRAMEWORK@Framework@0|22,status=0, args=(<ipsframework.cca_es_spec.Topic object at 0x7f4870a4a340>,), message_id=RESPONSE|FRAMEWORK@Framework@0|fastran_FPP_000001@fastran_driver@2|47)
2026-02-25 14:47:08,635 fastran_driver_fastran_driver_2 DEBUG    _invoke_service(): sendEvent  ('_IPS_MONITOR', 'PORTAL_EVENT', {'sim_name': 'fastran_FPP_000001', 'real_sim_name': 'fastran_FPP_000001', 'portal_data': {'code': 'fastran_driver_fastran_driver', 'eventtype': 'IPS_CALL_END', 'ok': True, 'walltime': '6.32', 'time': '2026-02-25|14:47:08PST', 'trace': {'timestamp': 1772059628613993, 'duration': 10931, 'localEndpoint': {'serviceName': 'fastran_FPP_000001@fastran@4'}, 'name': 'init(0)', 'id': '2dfda25fbdd3f2fb', 'parentId': 'f899e3e5886669ce', 'tags': {}}, 'state': 'Running', 'comment': 'Target = fastran_FPP_000001@fastran@4:init(0)'}})
2026-02-25 14:47:08,635 fastran_driver_fastran_driver_2 DEBUG    _get_service_response(REQUEST|fastran_FPP_000001@fastran_driver@2|FRAMEWORK@Framework@0|23)
2026-02-25 14:47:08,646 fastran_driver_fastran_driver_2 DEBUG    _get_service_response(REQUEST|fastran_FPP_000001@fastran_driver@2|FRAMEWORK@Framework@0|23), response = ServiceResponseMessage(sender_id=FRAMEWORK@Framework@0, receiver_id=fastran_FPP_000001@fastran_driver@2, request_msg_id=REQUEST|fastran_FPP_000001@fastran_driver@2|FRAMEWORK@Framework@0|23,status=0, args=(None,), message_id=RESPONSE|FRAMEWORK@Framework@0|fastran_FPP_000001@fastran_driver@2|48)
2026-02-25 14:47:08,646 fastran_driver_fastran_driver_2 DEBUG    _invoke_service(): getTopic  ('_IPS_MONITOR',)
2026-02-25 14:47:08,646 fastran_driver_fastran_driver_2 DEBUG    _get_service_response(REQUEST|fastran_FPP_000001@fastran_driver@2|FRAMEWORK@Framework@0|24)
2026-02-25 14:47:08,657 fastran_driver_fastran_driver_2 DEBUG    _get_service_response(REQUEST|fastran_FPP_000001@fastran_driver@2|FRAMEWORK@Framework@0|24), response = ServiceResponseMessage(sender_id=FRAMEWORK@Framework@0, receiver_id=fastran_FPP_000001@fastran_driver@2, request_msg_id=REQUEST|fastran_FPP_000001@fastran_driver@2|FRAMEWORK@Framework@0|24,status=0, args=(<ipsframework.cca_es_spec.Topic object at 0x7f4870a4a2e0>,), message_id=RESPONSE|FRAMEWORK@Framework@0|fastran_FPP_000001@fastran_driver@2|49)
2026-02-25 14:47:08,657 fastran_driver_fastran_driver_2 DEBUG    _invoke_service(): sendEvent  ('_IPS_MONITOR', 'PORTAL_EVENT', {'sim_name': 'fastran_FPP_000001', 'real_sim_name': 'fastran_FPP_000001', 'portal_data': {'code': 'fastran_driver_fastran_driver', 'eventtype': 'IPS_CALL_BEGIN', 'ok': True, 'walltime': '6.34', 'time': '2026-02-25|14:47:08PST', 'state': 'Running', 'comment': 'Target = fastran_FPP_000001@toric@5:init(0)'}})
2026-02-25 14:47:08,657 fastran_driver_fastran_driver_2 DEBUG    _get_service_response(REQUEST|fastran_FPP_000001@fastran_driver@2|FRAMEWORK@Framework@0|25)
2026-02-25 14:47:08,668 fastran_driver_fastran_driver_2 DEBUG    _get_service_response(REQUEST|fastran_FPP_000001@fastran_driver@2|FRAMEWORK@Framework@0|25), response = ServiceResponseMessage(sender_id=FRAMEWORK@Framework@0, receiver_id=fastran_FPP_000001@fastran_driver@2, request_msg_id=REQUEST|fastran_FPP_000001@fastran_driver@2|FRAMEWORK@Framework@0|25,status=0, args=(None,), message_id=RESPONSE|FRAMEWORK@Framework@0|fastran_FPP_000001@fastran_driver@2|50)
2026-02-25 14:47:08,668 fastran_driver_fastran_driver_2 DEBUG    _invoke_service(): init_call  ('init', '0')
2026-02-25 14:47:08,668 fastran_driver_fastran_driver_2 DEBUG    _get_service_response(REQUEST|fastran_FPP_000001@fastran_driver@2|FRAMEWORK@Framework@0|26)
2026-02-25 14:47:08,669 rf_ic_toric_5   DEBUG    Received Message 
2026-02-25 14:47:08,669 rf_ic_toric_5   DEBUG    Calling method init(0)
2026-02-25 14:47:08,670 rf_ic_toric_5   DEBUG    _invoke_service(): stage_state  (['s000001.00001', 'g000001.00001'], '/pscratch/sd/h/hswils/github_repos/MANTA_DBSCANS/TORIC+TGLF+PELLET/SCAN/work/plasma_state', '/pscratch/sd/h/hswils/github_repos/MANTA_DBSCANS/TORIC+TGLF+PELLET/SCAN/work/rf_ic_toric_5')
2026-02-25 14:47:08,670 rf_ic_toric_5   DEBUG    _get_service_response(REQUEST|fastran_FPP_000001@toric@5|FRAMEWORK@Framework@0|0)
2026-02-25 14:47:08,679 fastran_driver_fastran_driver_2 DEBUG    _get_service_response(REQUEST|fastran_FPP_000001@fastran_driver@2|FRAMEWORK@Framework@0|26), response = ServiceResponseMessage(sender_id=FRAMEWORK@Framework@0, receiver_id=fastran_FPP_000001@fastran_driver@2, request_msg_id=REQUEST|fastran_FPP_000001@fastran_driver@2|FRAMEWORK@Framework@0|26,status=0, args=(13,), message_id=RESPONSE|FRAMEWORK@Framework@0|fastran_FPP_000001@fastran_driver@2|51)
2026-02-25 14:47:08,679 fastran_driver_fastran_driver_2 DEBUG    _invoke_service(): wait_call  (13, True)
2026-02-25 14:47:08,679 fastran_driver_fastran_driver_2 DEBUG    _get_service_response(REQUEST|fastran_FPP_000001@fastran_driver@2|FRAMEWORK@Framework@0|27)
2026-02-25 14:47:08,689 rf_ic_toric_5   DEBUG    _get_service_response(REQUEST|fastran_FPP_000001@toric@5|FRAMEWORK@Framework@0|0), response = ServiceResponseMessage(sender_id=FRAMEWORK@Framework@0, receiver_id=fastran_FPP_000001@toric@5, request_msg_id=REQUEST|fastran_FPP_000001@toric@5|FRAMEWORK@Framework@0|0,status=0, args=(0,), message_id=RESPONSE|FRAMEWORK@Framework@0|fastran_FPP_000001@toric@5|52)
2026-02-25 14:47:08,690 rf_ic_toric_5   DEBUG    _invoke_service(): getTopic  ('_IPS_MONITOR',)
2026-02-25 14:47:08,690 rf_ic_toric_5   DEBUG    _get_service_response(REQUEST|fastran_FPP_000001@toric@5|FRAMEWORK@Framework@0|1)
2026-02-25 14:47:08,700 rf_ic_toric_5   DEBUG    _get_service_response(REQUEST|fastran_FPP_000001@toric@5|FRAMEWORK@Framework@0|1), response = ServiceResponseMessage(sender_id=FRAMEWORK@Framework@0, receiver_id=fastran_FPP_000001@toric@5, request_msg_id=REQUEST|fastran_FPP_000001@toric@5|FRAMEWORK@Framework@0|1,status=0, args=(<ipsframework.cca_es_spec.Topic object at 0x7f4870924cd0>,), message_id=RESPONSE|FRAMEWORK@Framework@0|fastran_FPP_000001@toric@5|53)
2026-02-25 14:47:08,701 rf_ic_toric_5   DEBUG    _invoke_service(): sendEvent  ('_IPS_MONITOR', 'PORTAL_EVENT', {'sim_name': 'fastran_FPP_000001', 'real_sim_name': 'fastran_FPP_000001', 'portal_data': {'code': 'rf_ic_toric', 'eventtype': 'IPS_STAGE_STATE', 'ok': True, 'walltime': '6.38', 'time': '2026-02-25|14:47:08PST', 'trace': {'timestamp': 1772059628670160, 'duration': 19865, 'localEndpoint': {'serviceName': 'stage_state'}, 'name': "['s000001.00001', 'g000001.00001']", 'id': '32793a28c0f8ba4b', 'parentId': '133476eb7f1f8b1b', 'tags': {}}, 'state': 'Running', 'comment': 'Elapsed time = 0.020  files = s000001.00001 g000001.00001 Success'}})
2026-02-25 14:47:08,701 rf_ic_toric_5   DEBUG    _get_service_response(REQUEST|fastran_FPP_000001@toric@5|FRAMEWORK@Framework@0|2)
2026-02-25 14:47:08,711 rf_ic_toric_5   DEBUG    _get_service_response(REQUEST|fastran_FPP_000001@toric@5|FRAMEWORK@Framework@0|2), response = ServiceResponseMessage(sender_id=FRAMEWORK@Framework@0, receiver_id=fastran_FPP_000001@toric@5, request_msg_id=REQUEST|fastran_FPP_000001@toric@5|FRAMEWORK@Framework@0|2,status=0, args=(None,), message_id=RESPONSE|FRAMEWORK@Framework@0|fastran_FPP_000001@toric@5|54)
2026-02-25 14:47:08,724 rf_ic_toric_5   DEBUG    _invoke_service(): getTopic  ('_IPS_MONITOR',)
2026-02-25 14:47:08,724 rf_ic_toric_5   DEBUG    _get_service_response(REQUEST|fastran_FPP_000001@toric@5|FRAMEWORK@Framework@0|3)
2026-02-25 14:47:08,734 rf_ic_toric_5   DEBUG    _get_service_response(REQUEST|fastran_FPP_000001@toric@5|FRAMEWORK@Framework@0|3), response = ServiceResponseMessage(sender_id=FRAMEWORK@Framework@0, receiver_id=fastran_FPP_000001@toric@5, request_msg_id=REQUEST|fastran_FPP_000001@toric@5|FRAMEWORK@Framework@0|3,status=0, args=(<ipsframework.cca_es_spec.Topic object at 0x7f4870924c10>,), message_id=RESPONSE|FRAMEWORK@Framework@0|fastran_FPP_000001@toric@5|55)
2026-02-25 14:47:08,734 rf_ic_toric_5   DEBUG    _invoke_service(): sendEvent  ('_IPS_MONITOR', 'PORTAL_EVENT', {'sim_name': 'fastran_FPP_000001', 'real_sim_name': 'fastran_FPP_000001', 'portal_data': {'code': 'rf_ic_toric', 'eventtype': 'IPS_STAGE_INPUTS', 'ok': True, 'walltime': '6.42', 'time': '2026-02-25|14:47:08PST', 'trace': {'timestamp': 1772059628711753, 'duration': 12222, 'localEndpoint': {'serviceName': 'stage_input_files'}, 'name': 'machine.inp equigs_gen.ind torica.inp', 'id': 'b108389cfa22cdf4', 'parentId': '133476eb7f1f8b1b', 'tags': {}}, 'state': 'Running', 'comment': 'Elapsed time = 0.012 Path = /pscratch/sd/h/hswils/github_repos/MANTA_DBSCANS/TORIC+TGLF+PELLET/input Files = machine.inp equigs_gen.ind torica.inp'}})
2026-02-25 14:47:08,734 rf_ic_toric_5   DEBUG    _get_service_response(REQUEST|fastran_FPP_000001@toric@5|FRAMEWORK@Framework@0|4)
2026-02-25 14:47:08,745 rf_ic_toric_5   DEBUG    _get_service_response(REQUEST|fastran_FPP_000001@toric@5|FRAMEWORK@Framework@0|4), response = ServiceResponseMessage(sender_id=FRAMEWORK@Framework@0, receiver_id=fastran_FPP_000001@toric@5, request_msg_id=REQUEST|fastran_FPP_000001@toric@5|FRAMEWORK@Framework@0|4,status=0, args=(None,), message_id=RESPONSE|FRAMEWORK@Framework@0|fastran_FPP_000001@toric@5|56)
2026-02-25 14:47:08,745 rf_ic_toric_5   DEBUG    _invoke_service(): update_state  (['s000001.00001', 'g000001.00001'], '/pscratch/sd/h/hswils/github_repos/MANTA_DBSCANS/TORIC+TGLF+PELLET/SCAN/work/rf_ic_toric_5', '/pscratch/sd/h/hswils/github_repos/MANTA_DBSCANS/TORIC+TGLF+PELLET/SCAN/work/plasma_state')
2026-02-25 14:47:08,745 rf_ic_toric_5   DEBUG    _get_service_response(REQUEST|fastran_FPP_000001@toric@5|FRAMEWORK@Framework@0|5)
2026-02-25 14:47:08,765 rf_ic_toric_5   DEBUG    _get_service_response(REQUEST|fastran_FPP_000001@toric@5|FRAMEWORK@Framework@0|5), response = ServiceResponseMessage(sender_id=FRAMEWORK@Framework@0, receiver_id=fastran_FPP_000001@toric@5, request_msg_id=REQUEST|fastran_FPP_000001@toric@5|FRAMEWORK@Framework@0|5,status=0, args=(0,), message_id=RESPONSE|FRAMEWORK@Framework@0|fastran_FPP_000001@toric@5|57)
2026-02-25 14:47:08,765 rf_ic_toric_5   DEBUG    _invoke_service(): getTopic  ('_IPS_MONITOR',)
2026-02-25 14:47:08,765 rf_ic_toric_5   DEBUG    _get_service_response(REQUEST|fastran_FPP_000001@toric@5|FRAMEWORK@Framework@0|6)
2026-02-25 14:47:08,775 rf_ic_toric_5   DEBUG    _get_service_response(REQUEST|fastran_FPP_000001@toric@5|FRAMEWORK@Framework@0|6), response = ServiceResponseMessage(sender_id=FRAMEWORK@Framework@0, receiver_id=fastran_FPP_000001@toric@5, request_msg_id=REQUEST|fastran_FPP_000001@toric@5|FRAMEWORK@Framework@0|6,status=0, args=(<ipsframework.cca_es_spec.Topic object at 0x7f4870924cd0>,), message_id=RESPONSE|FRAMEWORK@Framework@0|fastran_FPP_000001@toric@5|58)
2026-02-25 14:47:08,776 rf_ic_toric_5   DEBUG    _invoke_service(): sendEvent  ('_IPS_MONITOR', 'PORTAL_EVENT', {'sim_name': 'fastran_FPP_000001', 'real_sim_name': 'fastran_FPP_000001', 'portal_data': {'code': 'rf_ic_toric', 'eventtype': 'IPS_UPDATE_STATE', 'ok': True, 'walltime': '6.46', 'time': '2026-02-25|14:47:08PST', 'trace': {'timestamp': 1772059628745380, 'duration': 19858, 'localEndpoint': {'serviceName': 'update_state'}, 'name': "['s000001.00001', 'g000001.00001']", 'id': 'd2ceaa619acd7d5c', 'parentId': '133476eb7f1f8b1b', 'tags': {}}, 'state': 'Running', 'comment': 'Elapsed time = 0.020   files = s000001.00001 g000001.00001 Success'}})
2026-02-25 14:47:08,776 rf_ic_toric_5   DEBUG    _get_service_response(REQUEST|fastran_FPP_000001@toric@5|FRAMEWORK@Framework@0|7)
2026-02-25 14:47:08,787 rf_ic_toric_5   DEBUG    _get_service_response(REQUEST|fastran_FPP_000001@toric@5|FRAMEWORK@Framework@0|7), response = ServiceResponseMessage(sender_id=FRAMEWORK@Framework@0, receiver_id=fastran_FPP_000001@toric@5, request_msg_id=REQUEST|fastran_FPP_000001@toric@5|FRAMEWORK@Framework@0|7,status=0, args=(None,), message_id=RESPONSE|FRAMEWORK@Framework@0|fastran_FPP_000001@toric@5|59)
2026-02-25 14:47:08,951 rf_ic_toric_5   DEBUG    _invoke_service(): getTopic  ('_IPS_MONITOR',)
2026-02-25 14:47:08,951 rf_ic_toric_5   DEBUG    _get_service_response(REQUEST|fastran_FPP_000001@toric@5|FRAMEWORK@Framework@0|8)
2026-02-25 14:47:08,962 rf_ic_toric_5   DEBUG    _get_service_response(REQUEST|fastran_FPP_000001@toric@5|FRAMEWORK@Framework@0|8), response = ServiceResponseMessage(sender_id=FRAMEWORK@Framework@0, receiver_id=fastran_FPP_000001@toric@5, request_msg_id=REQUEST|fastran_FPP_000001@toric@5|FRAMEWORK@Framework@0|8,status=0, args=(<ipsframework.cca_es_spec.Topic object at 0x7f4870924d60>,), message_id=RESPONSE|FRAMEWORK@Framework@0|fastran_FPP_000001@toric@5|60)
2026-02-25 14:47:08,962 rf_ic_toric_5   DEBUG    _invoke_service(): sendEvent  ('_IPS_MONITOR', 'PORTAL_EVENT', {'sim_name': 'fastran_FPP_000001', 'real_sim_name': 'fastran_FPP_000001', 'portal_data': {'code': 'rf_ic_toric', 'eventtype': 'IPS_STAGE_OUTPUTS', 'ok': True, 'walltime': '6.64', 'time': '2026-02-25|14:47:08PST', 'trace': {'timestamp': 1772059628925099, 'duration': 26353, 'localEndpoint': {'serviceName': 'stage_output_files'}, 'name': "['torica.inp', 'machine.inp', 'log.toric', 'toric.nc', 'profstat.dat', 'equigs.data', 'equidt.data', 'toric_cfg.nc']", 'id': '749f5c33ef51fb56', 'parentId': '133476eb7f1f8b1b', 'tags': {}}, 'state': 'Running', 'comment': "Elapsed time = 0.026 Path = /pscratch/sd/h/hswils/github_repos/MANTA_DBSCANS/TORIC+TGLF+PELLET/SCAN/simulation_results/0/components/rf_ic_toric_5 Files = ['torica.inp', 'machine.inp', 'log.toric', 'toric.nc', 'profstat.dat', 'equigs.data', 'equidt.data', 'toric_cfg.nc']"}})
2026-02-25 14:47:08,962 rf_ic_toric_5   DEBUG    _get_service_response(REQUEST|fastran_FPP_000001@toric@5|FRAMEWORK@Framework@0|9)
2026-02-25 14:47:08,973 rf_ic_toric_5   DEBUG    _get_service_response(REQUEST|fastran_FPP_000001@toric@5|FRAMEWORK@Framework@0|9), response = ServiceResponseMessage(sender_id=FRAMEWORK@Framework@0, receiver_id=fastran_FPP_000001@toric@5, request_msg_id=REQUEST|fastran_FPP_000001@toric@5|FRAMEWORK@Framework@0|9,status=0, args=(None,), message_id=RESPONSE|FRAMEWORK@Framework@0|fastran_FPP_000001@toric@5|61)
2026-02-25 14:47:08,983 fastran_driver_fastran_driver_2 DEBUG    _get_service_response(REQUEST|fastran_FPP_000001@fastran_driver@2|FRAMEWORK@Framework@0|27), response = ServiceResponseMessage(sender_id=FRAMEWORK@Framework@0, receiver_id=fastran_FPP_000001@fastran_driver@2, request_msg_id=REQUEST|fastran_FPP_000001@fastran_driver@2|FRAMEWORK@Framework@0|27,status=0, args=((0,),), message_id=RESPONSE|FRAMEWORK@Framework@0|fastran_FPP_000001@fastran_driver@2|62)
2026-02-25 14:47:08,983 fastran_driver_fastran_driver_2 DEBUG    _invoke_service(): getTopic  ('_IPS_MONITOR',)
2026-02-25 14:47:08,984 fastran_driver_fastran_driver_2 DEBUG    _get_service_response(REQUEST|fastran_FPP_000001@fastran_driver@2|FRAMEWORK@Framework@0|28)
2026-02-25 14:47:08,994 fastran_driver_fastran_driver_2 DEBUG    _get_service_response(REQUEST|fastran_FPP_000001@fastran_driver@2|FRAMEWORK@Framework@0|28), response = ServiceResponseMessage(sender_id=FRAMEWORK@Framework@0, receiver_id=fastran_FPP_000001@fastran_driver@2, request_msg_id=REQUEST|fastran_FPP_000001@fastran_driver@2|FRAMEWORK@Framework@0|28,status=0, args=(<ipsframework.cca_es_spec.Topic object at 0x7f4870a4a340>,), message_id=RESPONSE|FRAMEWORK@Framework@0|fastran_FPP_000001@fastran_driver@2|63)
2026-02-25 14:47:08,994 fastran_driver_fastran_driver_2 DEBUG    _invoke_service(): sendEvent  ('_IPS_MONITOR', 'PORTAL_EVENT', {'sim_name': 'fastran_FPP_000001', 'real_sim_name': 'fastran_FPP_000001', 'portal_data': {'code': 'fastran_driver_fastran_driver', 'eventtype': 'IPS_CALL_END', 'ok': True, 'walltime': '6.68', 'time': '2026-02-25|14:47:08PST', 'trace': {'timestamp': 1772059628679912, 'duration': 304017, 'localEndpoint': {'serviceName': 'fastran_FPP_000001@toric@5'}, 'name': 'init(0)', 'id': '133476eb7f1f8b1b', 'parentId': 'f899e3e5886669ce', 'tags': {}}, 'state': 'Running', 'comment': 'Target = fastran_FPP_000001@toric@5:init(0)'}})
2026-02-25 14:47:08,994 fastran_driver_fastran_driver_2 DEBUG    _get_service_response(REQUEST|fastran_FPP_000001@fastran_driver@2|FRAMEWORK@Framework@0|29)
2026-02-25 14:47:09,005 fastran_driver_fastran_driver_2 DEBUG    _get_service_response(REQUEST|fastran_FPP_000001@fastran_driver@2|FRAMEWORK@Framework@0|29), response = ServiceResponseMessage(sender_id=FRAMEWORK@Framework@0, receiver_id=fastran_FPP_000001@fastran_driver@2, request_msg_id=REQUEST|fastran_FPP_000001@fastran_driver@2|FRAMEWORK@Framework@0|29,status=0, args=(None,), message_id=RESPONSE|FRAMEWORK@Framework@0|fastran_FPP_000001@fastran_driver@2|64)
2026-02-25 14:47:09,005 fastran_driver_fastran_driver_2 DEBUG    _invoke_service(): getTopic  ('_IPS_MONITOR',)
2026-02-25 14:47:09,005 fastran_driver_fastran_driver_2 DEBUG    _get_service_response(REQUEST|fastran_FPP_000001@fastran_driver@2|FRAMEWORK@Framework@0|30)
2026-02-25 14:47:09,016 fastran_driver_fastran_driver_2 DEBUG    _get_service_response(REQUEST|fastran_FPP_000001@fastran_driver@2|FRAMEWORK@Framework@0|30), response = ServiceResponseMessage(sender_id=FRAMEWORK@Framework@0, receiver_id=fastran_FPP_000001@fastran_driver@2, request_msg_id=REQUEST|fastran_FPP_000001@fastran_driver@2|FRAMEWORK@Framework@0|30,status=0, args=(<ipsframework.cca_es_spec.Topic object at 0x7f4870a4a3a0>,), message_id=RESPONSE|FRAMEWORK@Framework@0|fastran_FPP_000001@fastran_driver@2|66)
2026-02-25 14:47:09,016 fastran_driver_fastran_driver_2 DEBUG    _invoke_service(): sendEvent  ('_IPS_MONITOR', 'PORTAL_EVENT', {'sim_name': 'fastran_FPP_000001', 'real_sim_name': 'fastran_FPP_000001', 'portal_data': {'code': 'fastran_driver_fastran_driver', 'eventtype': 'IPS_CALL_BEGIN', 'ok': True, 'walltime': '6.70', 'time': '2026-02-25|14:47:09PST', 'state': 'Running', 'comment': 'Target = fastran_FPP_000001@pellet_model@6:init(0)'}})
2026-02-25 14:47:09,016 fastran_driver_fastran_driver_2 DEBUG    _get_service_response(REQUEST|fastran_FPP_000001@fastran_driver@2|FRAMEWORK@Framework@0|31)
2026-02-25 14:47:09,027 fastran_driver_fastran_driver_2 DEBUG    _get_service_response(REQUEST|fastran_FPP_000001@fastran_driver@2|FRAMEWORK@Framework@0|31), response = ServiceResponseMessage(sender_id=FRAMEWORK@Framework@0, receiver_id=fastran_FPP_000001@fastran_driver@2, request_msg_id=REQUEST|fastran_FPP_000001@fastran_driver@2|FRAMEWORK@Framework@0|31,status=0, args=(None,), message_id=RESPONSE|FRAMEWORK@Framework@0|fastran_FPP_000001@fastran_driver@2|67)
2026-02-25 14:47:09,027 fastran_driver_fastran_driver_2 DEBUG    _invoke_service(): init_call  ('init', '0')
2026-02-25 14:47:09,027 fastran_driver_fastran_driver_2 DEBUG    _get_service_response(REQUEST|fastran_FPP_000001@fastran_driver@2|FRAMEWORK@Framework@0|32)
2026-02-25 14:47:09,028 fastran_pellet_pellet_model_6 DEBUG    Received Message 
2026-02-25 14:47:09,028 fastran_pellet_pellet_model_6 DEBUG    Calling method init(0)
2026-02-25 14:47:09,038 fastran_driver_fastran_driver_2 DEBUG    _get_service_response(REQUEST|fastran_FPP_000001@fastran_driver@2|FRAMEWORK@Framework@0|32), response = ServiceResponseMessage(sender_id=FRAMEWORK@Framework@0, receiver_id=fastran_FPP_000001@fastran_driver@2, request_msg_id=REQUEST|fastran_FPP_000001@fastran_driver@2|FRAMEWORK@Framework@0|32,status=0, args=(14,), message_id=RESPONSE|FRAMEWORK@Framework@0|fastran_FPP_000001@fastran_driver@2|68)
2026-02-25 14:47:09,038 fastran_driver_fastran_driver_2 DEBUG    _invoke_service(): wait_call  (14, True)
2026-02-25 14:47:09,038 fastran_driver_fastran_driver_2 DEBUG    _get_service_response(REQUEST|fastran_FPP_000001@fastran_driver@2|FRAMEWORK@Framework@0|33)
2026-02-25 14:47:09,049 fastran_driver_fastran_driver_2 DEBUG    _get_service_response(REQUEST|fastran_FPP_000001@fastran_driver@2|FRAMEWORK@Framework@0|33), response = ServiceResponseMessage(sender_id=FRAMEWORK@Framework@0, receiver_id=fastran_FPP_000001@fastran_driver@2, request_msg_id=REQUEST|fastran_FPP_000001@fastran_driver@2|FRAMEWORK@Framework@0|33,status=0, args=((None,),), message_id=RESPONSE|FRAMEWORK@Framework@0|fastran_FPP_000001@fastran_driver@2|69)
2026-02-25 14:47:09,049 fastran_driver_fastran_driver_2 DEBUG    _invoke_service(): getTopic  ('_IPS_MONITOR',)
2026-02-25 14:47:09,049 fastran_driver_fastran_driver_2 DEBUG    _get_service_response(REQUEST|fastran_FPP_000001@fastran_driver@2|FRAMEWORK@Framework@0|34)
2026-02-25 14:47:09,060 fastran_driver_fastran_driver_2 DEBUG    _get_service_response(REQUEST|fastran_FPP_000001@fastran_driver@2|FRAMEWORK@Framework@0|34), response = ServiceResponseMessage(sender_id=FRAMEWORK@Framework@0, receiver_id=fastran_FPP_000001@fastran_driver@2, request_msg_id=REQUEST|fastran_FPP_000001@fastran_driver@2|FRAMEWORK@Framework@0|34,status=0, args=(<ipsframework.cca_es_spec.Topic object at 0x7f4870a4a340>,), message_id=RESPONSE|FRAMEWORK@Framework@0|fastran_FPP_000001@fastran_driver@2|70)
2026-02-25 14:47:09,060 fastran_driver_fastran_driver_2 DEBUG    _invoke_service(): sendEvent  ('_IPS_MONITOR', 'PORTAL_EVENT', {'sim_name': 'fastran_FPP_000001', 'real_sim_name': 'fastran_FPP_000001', 'portal_data': {'code': 'fastran_driver_fastran_driver', 'eventtype': 'IPS_CALL_END', 'ok': True, 'walltime': '6.74', 'time': '2026-02-25|14:47:09PST', 'trace': {'timestamp': 1772059629038391, 'duration': 10726, 'localEndpoint': {'serviceName': 'fastran_FPP_000001@pellet_model@6'}, 'name': 'init(0)', 'id': '317166ae6e4eb27d', 'parentId': 'f899e3e5886669ce', 'tags': {}}, 'state': 'Running', 'comment': 'Target = fastran_FPP_000001@pellet_model@6:init(0)'}})
2026-02-25 14:47:09,060 fastran_driver_fastran_driver_2 DEBUG    _get_service_response(REQUEST|fastran_FPP_000001@fastran_driver@2|FRAMEWORK@Framework@0|35)
2026-02-25 14:47:09,071 fastran_driver_fastran_driver_2 DEBUG    _get_service_response(REQUEST|fastran_FPP_000001@fastran_driver@2|FRAMEWORK@Framework@0|35), response = ServiceResponseMessage(sender_id=FRAMEWORK@Framework@0, receiver_id=fastran_FPP_000001@fastran_driver@2, request_msg_id=REQUEST|fastran_FPP_000001@fastran_driver@2|FRAMEWORK@Framework@0|35,status=0, args=(None,), message_id=RESPONSE|FRAMEWORK@Framework@0|fastran_FPP_000001@fastran_driver@2|71)
2026-02-25 14:47:09,071 fastran_driver_fastran_driver_2 DEBUG    _invoke_service(): getTopic  ('_IPS_MONITOR',)
2026-02-25 14:47:09,071 fastran_driver_fastran_driver_2 DEBUG    _get_service_response(REQUEST|fastran_FPP_000001@fastran_driver@2|FRAMEWORK@Framework@0|36)
2026-02-25 14:47:09,082 fastran_driver_fastran_driver_2 DEBUG    _get_service_response(REQUEST|fastran_FPP_000001@fastran_driver@2|FRAMEWORK@Framework@0|36), response = ServiceResponseMessage(sender_id=FRAMEWORK@Framework@0, receiver_id=fastran_FPP_000001@fastran_driver@2, request_msg_id=REQUEST|fastran_FPP_000001@fastran_driver@2|FRAMEWORK@Framework@0|36,status=0, args=(<ipsframework.cca_es_spec.Topic object at 0x7f4870a4a400>,), message_id=RESPONSE|FRAMEWORK@Framework@0|fastran_FPP_000001@fastran_driver@2|72)
2026-02-25 14:47:09,082 fastran_driver_fastran_driver_2 DEBUG    _invoke_service(): sendEvent  ('_IPS_MONITOR', 'PORTAL_EVENT', {'sim_name': 'fastran_FPP_000001', 'real_sim_name': 'fastran_FPP_000001', 'portal_data': {'code': 'fastran_driver_fastran_driver', 'eventtype': 'IPS_CALL_BEGIN', 'ok': True, 'walltime': '6.76', 'time': '2026-02-25|14:47:09PST', 'state': 'Running', 'comment': 'Target = fastran_FPP_000001@efit@7:init(0)'}})
2026-02-25 14:47:09,082 fastran_driver_fastran_driver_2 DEBUG    _get_service_response(REQUEST|fastran_FPP_000001@fastran_driver@2|FRAMEWORK@Framework@0|37)
2026-02-25 14:47:09,093 fastran_driver_fastran_driver_2 DEBUG    _get_service_response(REQUEST|fastran_FPP_000001@fastran_driver@2|FRAMEWORK@Framework@0|37), response = ServiceResponseMessage(sender_id=FRAMEWORK@Framework@0, receiver_id=fastran_FPP_000001@fastran_driver@2, request_msg_id=REQUEST|fastran_FPP_000001@fastran_driver@2|FRAMEWORK@Framework@0|37,status=0, args=(None,), message_id=RESPONSE|FRAMEWORK@Framework@0|fastran_FPP_000001@fastran_driver@2|73)
2026-02-25 14:47:09,093 fastran_driver_fastran_driver_2 DEBUG    _invoke_service(): init_call  ('init', '0')
2026-02-25 14:47:09,093 fastran_driver_fastran_driver_2 DEBUG    _get_service_response(REQUEST|fastran_FPP_000001@fastran_driver@2|FRAMEWORK@Framework@0|38)
2026-02-25 14:47:09,094 fastran_eq_efit_7 DEBUG    Received Message 
2026-02-25 14:47:09,094 fastran_eq_efit_7 DEBUG    Calling method init(0)
2026-02-25 14:47:09,104 fastran_driver_fastran_driver_2 DEBUG    _get_service_response(REQUEST|fastran_FPP_000001@fastran_driver@2|FRAMEWORK@Framework@0|38), response = ServiceResponseMessage(sender_id=FRAMEWORK@Framework@0, receiver_id=fastran_FPP_000001@fastran_driver@2, request_msg_id=REQUEST|fastran_FPP_000001@fastran_driver@2|FRAMEWORK@Framework@0|38,status=0, args=(15,), message_id=RESPONSE|FRAMEWORK@Framework@0|fastran_FPP_000001@fastran_driver@2|74)
2026-02-25 14:47:09,104 fastran_driver_fastran_driver_2 DEBUG    _invoke_service(): wait_call  (15, True)
2026-02-25 14:47:09,104 fastran_driver_fastran_driver_2 DEBUG    _get_service_response(REQUEST|fastran_FPP_000001@fastran_driver@2|FRAMEWORK@Framework@0|39)
2026-02-25 14:47:09,115 fastran_driver_fastran_driver_2 DEBUG    _get_service_response(REQUEST|fastran_FPP_000001@fastran_driver@2|FRAMEWORK@Framework@0|39), response = ServiceResponseMessage(sender_id=FRAMEWORK@Framework@0, receiver_id=fastran_FPP_000001@fastran_driver@2, request_msg_id=REQUEST|fastran_FPP_000001@fastran_driver@2|FRAMEWORK@Framework@0|39,status=0, args=((None,),), message_id=RESPONSE|FRAMEWORK@Framework@0|fastran_FPP_000001@fastran_driver@2|75)
2026-02-25 14:47:09,115 fastran_driver_fastran_driver_2 DEBUG    _invoke_service(): getTopic  ('_IPS_MONITOR',)
2026-02-25 14:47:09,115 fastran_driver_fastran_driver_2 DEBUG    _get_service_response(REQUEST|fastran_FPP_000001@fastran_driver@2|FRAMEWORK@Framework@0|40)
2026-02-25 14:47:09,126 fastran_driver_fastran_driver_2 DEBUG    _get_service_response(REQUEST|fastran_FPP_000001@fastran_driver@2|FRAMEWORK@Framework@0|40), response = ServiceResponseMessage(sender_id=FRAMEWORK@Framework@0, receiver_id=fastran_FPP_000001@fastran_driver@2, request_msg_id=REQUEST|fastran_FPP_000001@fastran_driver@2|FRAMEWORK@Framework@0|40,status=0, args=(<ipsframework.cca_es_spec.Topic object at 0x7f4870a4a340>,), message_id=RESPONSE|FRAMEWORK@Framework@0|fastran_FPP_000001@fastran_driver@2|76)
2026-02-25 14:47:09,126 fastran_driver_fastran_driver_2 DEBUG    _invoke_service(): sendEvent  ('_IPS_MONITOR', 'PORTAL_EVENT', {'sim_name': 'fastran_FPP_000001', 'real_sim_name': 'fastran_FPP_000001', 'portal_data': {'code': 'fastran_driver_fastran_driver', 'eventtype': 'IPS_CALL_END', 'ok': True, 'walltime': '6.81', 'time': '2026-02-25|14:47:09PST', 'trace': {'timestamp': 1772059629104815, 'duration': 10823, 'localEndpoint': {'serviceName': 'fastran_FPP_000001@efit@7'}, 'name': 'init(0)', 'id': '87f19c9b49f8de42', 'parentId': 'f899e3e5886669ce', 'tags': {}}, 'state': 'Running', 'comment': 'Target = fastran_FPP_000001@efit@7:init(0)'}})
2026-02-25 14:47:09,126 fastran_driver_fastran_driver_2 DEBUG    _get_service_response(REQUEST|fastran_FPP_000001@fastran_driver@2|FRAMEWORK@Framework@0|41)
2026-02-25 14:47:09,137 fastran_driver_fastran_driver_2 DEBUG    _get_service_response(REQUEST|fastran_FPP_000001@fastran_driver@2|FRAMEWORK@Framework@0|41), response = ServiceResponseMessage(sender_id=FRAMEWORK@Framework@0, receiver_id=fastran_FPP_000001@fastran_driver@2, request_msg_id=REQUEST|fastran_FPP_000001@fastran_driver@2|FRAMEWORK@Framework@0|41,status=0, args=(None,), message_id=RESPONSE|FRAMEWORK@Framework@0|fastran_FPP_000001@fastran_driver@2|77)
2026-02-25 14:47:09,137 fastran_driver_fastran_driver_2 DEBUG    _invoke_service(): getTopic  ('_IPS_MONITOR',)
2026-02-25 14:47:09,137 fastran_driver_fastran_driver_2 DEBUG    _get_service_response(REQUEST|fastran_FPP_000001@fastran_driver@2|FRAMEWORK@Framework@0|42)
2026-02-25 14:47:09,148 fastran_driver_fastran_driver_2 DEBUG    _get_service_response(REQUEST|fastran_FPP_000001@fastran_driver@2|FRAMEWORK@Framework@0|42), response = ServiceResponseMessage(sender_id=FRAMEWORK@Framework@0, receiver_id=fastran_FPP_000001@fastran_driver@2, request_msg_id=REQUEST|fastran_FPP_000001@fastran_driver@2|FRAMEWORK@Framework@0|42,status=0, args=(<ipsframework.cca_es_spec.Topic object at 0x7f4870a4a3a0>,), message_id=RESPONSE|FRAMEWORK@Framework@0|fastran_FPP_000001@fastran_driver@2|78)
2026-02-25 14:47:09,148 fastran_driver_fastran_driver_2 DEBUG    _invoke_service(): sendEvent  ('_IPS_MONITOR', 'PORTAL_EVENT', {'sim_name': 'fastran_FPP_000001', 'real_sim_name': 'fastran_FPP_000001', 'portal_data': {'code': 'fastran_driver_fastran_driver', 'eventtype': 'IPS_CALL_BEGIN', 'ok': True, 'walltime': '6.83', 'time': '2026-02-25|14:47:09PST', 'state': 'Running', 'comment': 'Target = fastran_FPP_000001@fastran@8:init(0)'}})
2026-02-25 14:47:09,148 fastran_driver_fastran_driver_2 DEBUG    _get_service_response(REQUEST|fastran_FPP_000001@fastran_driver@2|FRAMEWORK@Framework@0|43)
2026-02-25 14:47:09,159 fastran_driver_fastran_driver_2 DEBUG    _get_service_response(REQUEST|fastran_FPP_000001@fastran_driver@2|FRAMEWORK@Framework@0|43), response = ServiceResponseMessage(sender_id=FRAMEWORK@Framework@0, receiver_id=fastran_FPP_000001@fastran_driver@2, request_msg_id=REQUEST|fastran_FPP_000001@fastran_driver@2|FRAMEWORK@Framework@0|43,status=0, args=(None,), message_id=RESPONSE|FRAMEWORK@Framework@0|fastran_FPP_000001@fastran_driver@2|79)
2026-02-25 14:47:09,159 fastran_driver_fastran_driver_2 DEBUG    _invoke_service(): init_call  ('init', '0')
2026-02-25 14:47:09,159 fastran_driver_fastran_driver_2 DEBUG    _get_service_response(REQUEST|fastran_FPP_000001@fastran_driver@2|FRAMEWORK@Framework@0|44)
2026-02-25 14:47:09,160 fastran_tr_fastran_8 DEBUG    Received Message 
2026-02-25 14:47:09,161 fastran_tr_fastran_8 DEBUG    Calling method init(0)
2026-02-25 14:47:09,170 fastran_driver_fastran_driver_2 DEBUG    _get_service_response(REQUEST|fastran_FPP_000001@fastran_driver@2|FRAMEWORK@Framework@0|44), response = ServiceResponseMessage(sender_id=FRAMEWORK@Framework@0, receiver_id=fastran_FPP_000001@fastran_driver@2, request_msg_id=REQUEST|fastran_FPP_000001@fastran_driver@2|FRAMEWORK@Framework@0|44,status=0, args=(16,), message_id=RESPONSE|FRAMEWORK@Framework@0|fastran_FPP_000001@fastran_driver@2|80)
2026-02-25 14:47:09,171 fastran_driver_fastran_driver_2 DEBUG    _invoke_service(): wait_call  (16, True)
2026-02-25 14:47:09,171 fastran_driver_fastran_driver_2 DEBUG    _get_service_response(REQUEST|fastran_FPP_000001@fastran_driver@2|FRAMEWORK@Framework@0|45)
2026-02-25 14:47:09,181 fastran_driver_fastran_driver_2 DEBUG    _get_service_response(REQUEST|fastran_FPP_000001@fastran_driver@2|FRAMEWORK@Framework@0|45), response = ServiceResponseMessage(sender_id=FRAMEWORK@Framework@0, receiver_id=fastran_FPP_000001@fastran_driver@2, request_msg_id=REQUEST|fastran_FPP_000001@fastran_driver@2|FRAMEWORK@Framework@0|45,status=0, args=((None,),), message_id=RESPONSE|FRAMEWORK@Framework@0|fastran_FPP_000001@fastran_driver@2|81)
2026-02-25 14:47:09,181 fastran_driver_fastran_driver_2 DEBUG    _invoke_service(): getTopic  ('_IPS_MONITOR',)
2026-02-25 14:47:09,181 fastran_driver_fastran_driver_2 DEBUG    _get_service_response(REQUEST|fastran_FPP_000001@fastran_driver@2|FRAMEWORK@Framework@0|46)
2026-02-25 14:47:09,192 fastran_driver_fastran_driver_2 DEBUG    _get_service_response(REQUEST|fastran_FPP_000001@fastran_driver@2|FRAMEWORK@Framework@0|46), response = ServiceResponseMessage(sender_id=FRAMEWORK@Framework@0, receiver_id=fastran_FPP_000001@fastran_driver@2, request_msg_id=REQUEST|fastran_FPP_000001@fastran_driver@2|FRAMEWORK@Framework@0|46,status=0, args=(<ipsframework.cca_es_spec.Topic object at 0x7f4870a4a340>,), message_id=RESPONSE|FRAMEWORK@Framework@0|fastran_FPP_000001@fastran_driver@2|82)
2026-02-25 14:47:09,192 fastran_driver_fastran_driver_2 DEBUG    _invoke_service(): sendEvent  ('_IPS_MONITOR', 'PORTAL_EVENT', {'sim_name': 'fastran_FPP_000001', 'real_sim_name': 'fastran_FPP_000001', 'portal_data': {'code': 'fastran_driver_fastran_driver', 'eventtype': 'IPS_CALL_END', 'ok': True, 'walltime': '6.88', 'time': '2026-02-25|14:47:09PST', 'trace': {'timestamp': 1772059629171027, 'duration': 10693, 'localEndpoint': {'serviceName': 'fastran_FPP_000001@fastran@8'}, 'name': 'init(0)', 'id': '3832a100988b6d1f', 'parentId': 'f899e3e5886669ce', 'tags': {}}, 'state': 'Running', 'comment': 'Target = fastran_FPP_000001@fastran@8:init(0)'}})
2026-02-25 14:47:09,192 fastran_driver_fastran_driver_2 DEBUG    _get_service_response(REQUEST|fastran_FPP_000001@fastran_driver@2|FRAMEWORK@Framework@0|47)
2026-02-25 14:47:09,203 fastran_driver_fastran_driver_2 DEBUG    _get_service_response(REQUEST|fastran_FPP_000001@fastran_driver@2|FRAMEWORK@Framework@0|47), response = ServiceResponseMessage(sender_id=FRAMEWORK@Framework@0, receiver_id=fastran_FPP_000001@fastran_driver@2, request_msg_id=REQUEST|fastran_FPP_000001@fastran_driver@2|FRAMEWORK@Framework@0|47,status=0, args=(None,), message_id=RESPONSE|FRAMEWORK@Framework@0|fastran_FPP_000001@fastran_driver@2|83)
2026-02-25 14:47:09,203 fastran_driver_fastran_driver_2 DEBUG    _invoke_service(): stage_state  (['s000001.00001', 'g000001.00001', 'i000001.00001'], '/pscratch/sd/h/hswils/github_repos/MANTA_DBSCANS/TORIC+TGLF+PELLET/SCAN/work/plasma_state', '/pscratch/sd/h/hswils/github_repos/MANTA_DBSCANS/TORIC+TGLF+PELLET/SCAN/work/fastran_driver_fastran_driver_2')
2026-02-25 14:47:09,204 fastran_driver_fastran_driver_2 DEBUG    _get_service_response(REQUEST|fastran_FPP_000001@fastran_driver@2|FRAMEWORK@Framework@0|48)
2026-02-25 14:47:09,227 fastran_driver_fastran_driver_2 DEBUG    _get_service_response(REQUEST|fastran_FPP_000001@fastran_driver@2|FRAMEWORK@Framework@0|48), response = ServiceResponseMessage(sender_id=FRAMEWORK@Framework@0, receiver_id=fastran_FPP_000001@fastran_driver@2, request_msg_id=REQUEST|fastran_FPP_000001@fastran_driver@2|FRAMEWORK@Framework@0|48,status=0, args=(0,), message_id=RESPONSE|FRAMEWORK@Framework@0|fastran_FPP_000001@fastran_driver@2|84)
2026-02-25 14:47:09,227 fastran_driver_fastran_driver_2 DEBUG    _invoke_service(): getTopic  ('_IPS_MONITOR',)
2026-02-25 14:47:09,227 fastran_driver_fastran_driver_2 DEBUG    _get_service_response(REQUEST|fastran_FPP_000001@fastran_driver@2|FRAMEWORK@Framework@0|49)
2026-02-25 14:47:09,238 fastran_driver_fastran_driver_2 DEBUG    _get_service_response(REQUEST|fastran_FPP_000001@fastran_driver@2|FRAMEWORK@Framework@0|49), response = ServiceResponseMessage(sender_id=FRAMEWORK@Framework@0, receiver_id=fastran_FPP_000001@fastran_driver@2, request_msg_id=REQUEST|fastran_FPP_000001@fastran_driver@2|FRAMEWORK@Framework@0|49,status=0, args=(<ipsframework.cca_es_spec.Topic object at 0x7f4870a4a310>,), message_id=RESPONSE|FRAMEWORK@Framework@0|fastran_FPP_000001@fastran_driver@2|85)
2026-02-25 14:47:09,238 fastran_driver_fastran_driver_2 DEBUG    _invoke_service(): sendEvent  ('_IPS_MONITOR', 'PORTAL_EVENT', {'sim_name': 'fastran_FPP_000001', 'real_sim_name': 'fastran_FPP_000001', 'portal_data': {'code': 'fastran_driver_fastran_driver', 'eventtype': 'IPS_STAGE_STATE', 'ok': True, 'walltime': '6.92', 'time': '2026-02-25|14:47:09PST', 'trace': {'timestamp': 1772059629203807, 'duration': 23320, 'localEndpoint': {'serviceName': 'stage_state'}, 'name': "['s000001.00001', 'g000001.00001', 'i000001.00001']", 'id': '71885aecf25d7412', 'parentId': 'f899e3e5886669ce', 'tags': {}}, 'state': 'Running', 'comment': 'Elapsed time = 0.023  files = s000001.00001 g000001.00001 i000001.00001 Success'}})
2026-02-25 14:47:09,238 fastran_driver_fastran_driver_2 DEBUG    _get_service_response(REQUEST|fastran_FPP_000001@fastran_driver@2|FRAMEWORK@Framework@0|50)
2026-02-25 14:47:09,249 fastran_driver_fastran_driver_2 DEBUG    _get_service_response(REQUEST|fastran_FPP_000001@fastran_driver@2|FRAMEWORK@Framework@0|50), response = ServiceResponseMessage(sender_id=FRAMEWORK@Framework@0, receiver_id=fastran_FPP_000001@fastran_driver@2, request_msg_id=REQUEST|fastran_FPP_000001@fastran_driver@2|FRAMEWORK@Framework@0|50,status=0, args=(None,), message_id=RESPONSE|FRAMEWORK@Framework@0|fastran_FPP_000001@fastran_driver@2|86)
2026-02-25 14:47:09,250 fastran_driver_fastran_driver_2 DEBUG    _invoke_service(): getTopic  ('_IPS_MONITOR',)
2026-02-25 14:47:09,251 fastran_driver_fastran_driver_2 DEBUG    _get_service_response(REQUEST|fastran_FPP_000001@fastran_driver@2|FRAMEWORK@Framework@0|51)
2026-02-25 14:47:09,261 fastran_driver_fastran_driver_2 DEBUG    _get_service_response(REQUEST|fastran_FPP_000001@fastran_driver@2|FRAMEWORK@Framework@0|51), response = ServiceResponseMessage(sender_id=FRAMEWORK@Framework@0, receiver_id=fastran_FPP_000001@fastran_driver@2, request_msg_id=REQUEST|fastran_FPP_000001@fastran_driver@2|FRAMEWORK@Framework@0|51,status=0, args=(<ipsframework.cca_es_spec.Topic object at 0x7f4870a4a7f0>,), message_id=RESPONSE|FRAMEWORK@Framework@0|fastran_FPP_000001@fastran_driver@2|87)
2026-02-25 14:47:09,261 fastran_driver_fastran_driver_2 DEBUG    _invoke_service(): sendEvent  ('_IPS_MONITOR', 'PORTAL_EVENT', {'sim_name': 'fastran_FPP_000001', 'real_sim_name': 'fastran_FPP_000001', 'portal_data': {'code': 'fastran_driver_fastran_driver', 'eventtype': 'IPS_STAGE_OUTPUTS', 'ok': True, 'walltime': '6.94', 'time': '2026-02-25|14:47:09PST', 'trace': {'timestamp': 1772059629249429, 'duration': 1468, 'localEndpoint': {'serviceName': 'stage_output_files'}, 'name': '[]', 'id': 'ed019efe11be26d9', 'parentId': 'f899e3e5886669ce', 'tags': {}}, 'state': 'Running', 'comment': 'Elapsed time = 0.001 Path = /pscratch/sd/h/hswils/github_repos/MANTA_DBSCANS/TORIC+TGLF+PELLET/SCAN/simulation_results/0/components/fastran_driver_fastran_driver_2 Files = []'}})
2026-02-25 14:47:09,261 fastran_driver_fastran_driver_2 DEBUG    _get_service_response(REQUEST|fastran_FPP_000001@fastran_driver@2|FRAMEWORK@Framework@0|52)
2026-02-25 14:47:09,272 fastran_driver_fastran_driver_2 DEBUG    _get_service_response(REQUEST|fastran_FPP_000001@fastran_driver@2|FRAMEWORK@Framework@0|52), response = ServiceResponseMessage(sender_id=FRAMEWORK@Framework@0, receiver_id=fastran_FPP_000001@fastran_driver@2, request_msg_id=REQUEST|fastran_FPP_000001@fastran_driver@2|FRAMEWORK@Framework@0|52,status=0, args=(None,), message_id=RESPONSE|FRAMEWORK@Framework@0|fastran_FPP_000001@fastran_driver@2|88)
2026-02-25 14:47:09,272 fastran_driver_fastran_driver_2 DEBUG    _invoke_service(): getTopic  ('_IPS_MONITOR',)
2026-02-25 14:47:09,272 fastran_driver_fastran_driver_2 DEBUG    _get_service_response(REQUEST|fastran_FPP_000001@fastran_driver@2|FRAMEWORK@Framework@0|53)
2026-02-25 14:47:09,283 fastran_driver_fastran_driver_2 DEBUG    _get_service_response(REQUEST|fastran_FPP_000001@fastran_driver@2|FRAMEWORK@Framework@0|53), response = ServiceResponseMessage(sender_id=FRAMEWORK@Framework@0, receiver_id=fastran_FPP_000001@fastran_driver@2, request_msg_id=REQUEST|fastran_FPP_000001@fastran_driver@2|FRAMEWORK@Framework@0|53,status=0, args=(<ipsframework.cca_es_spec.Topic object at 0x7f4870a4a6a0>,), message_id=RESPONSE|FRAMEWORK@Framework@0|fastran_FPP_000001@fastran_driver@2|89)
2026-02-25 14:47:09,283 fastran_driver_fastran_driver_2 DEBUG    _invoke_service(): sendEvent  ('_IPS_MONITOR', 'PORTALBRIDGE_UPDATE_TIMESTAMP', {'sim_name': 'fastran_FPP_000001', 'real_sim_name': 'fastran_FPP_000001', 'portal_data': {'phystimestamp': 'preprocess_0', 'eventtype': 'PORTALBRIDGE_UPDATE_TIMESTAMP'}})
2026-02-25 14:47:09,283 fastran_driver_fastran_driver_2 DEBUG    _get_service_response(REQUEST|fastran_FPP_000001@fastran_driver@2|FRAMEWORK@Framework@0|54)
2026-02-25 14:47:09,294 fastran_driver_fastran_driver_2 DEBUG    _get_service_response(REQUEST|fastran_FPP_000001@fastran_driver@2|FRAMEWORK@Framework@0|54), response = ServiceResponseMessage(sender_id=FRAMEWORK@Framework@0, receiver_id=fastran_FPP_000001@fastran_driver@2, request_msg_id=REQUEST|fastran_FPP_000001@fastran_driver@2|FRAMEWORK@Framework@0|54,status=0, args=(None,), message_id=RESPONSE|FRAMEWORK@Framework@0|fastran_FPP_000001@fastran_driver@2|90)
2026-02-25 14:47:09,294 fastran_driver_fastran_driver_2 DEBUG    _invoke_service(): getTopic  ('_IPS_MONITOR',)
2026-02-25 14:47:09,294 fastran_driver_fastran_driver_2 DEBUG    _get_service_response(REQUEST|fastran_FPP_000001@fastran_driver@2|FRAMEWORK@Framework@0|55)
2026-02-25 14:47:09,305 fastran_driver_fastran_driver_2 DEBUG    _get_service_response(REQUEST|fastran_FPP_000001@fastran_driver@2|FRAMEWORK@Framework@0|55), response = ServiceResponseMessage(sender_id=FRAMEWORK@Framework@0, receiver_id=fastran_FPP_000001@fastran_driver@2, request_msg_id=REQUEST|fastran_FPP_000001@fastran_driver@2|FRAMEWORK@Framework@0|55,status=0, args=(<ipsframework.cca_es_spec.Topic object at 0x7f4870a4a7f0>,), message_id=RESPONSE|FRAMEWORK@Framework@0|fastran_FPP_000001@fastran_driver@2|91)
2026-02-25 14:47:09,305 fastran_driver_fastran_driver_2 DEBUG    _invoke_service(): sendEvent  ('_IPS_MONITOR', 'PORTAL_EVENT', {'sim_name': 'fastran_FPP_000001', 'real_sim_name': 'fastran_FPP_000001', 'portal_data': {'code': 'fastran_driver_fastran_driver', 'eventtype': 'IPS_UPDATE_TIME_STAMP', 'ok': True, 'walltime': '6.99', 'time': '2026-02-25|14:47:09PST', 'state': 'Running', 'comment': 'Timestamp = preprocess_0'}})
2026-02-25 14:47:09,305 fastran_driver_fastran_driver_2 DEBUG    _get_service_response(REQUEST|fastran_FPP_000001@fastran_driver@2|FRAMEWORK@Framework@0|56)
2026-02-25 14:47:09,316 fastran_driver_fastran_driver_2 DEBUG    _get_service_response(REQUEST|fastran_FPP_000001@fastran_driver@2|FRAMEWORK@Framework@0|56), response = ServiceResponseMessage(sender_id=FRAMEWORK@Framework@0, receiver_id=fastran_FPP_000001@fastran_driver@2, request_msg_id=REQUEST|fastran_FPP_000001@fastran_driver@2|FRAMEWORK@Framework@0|56,status=0, args=(None,), message_id=RESPONSE|FRAMEWORK@Framework@0|fastran_FPP_000001@fastran_driver@2|92)
2026-02-25 14:47:09,316 fastran_driver_fastran_driver_2 DEBUG    _invoke_service(): getTopic  ('_IPS_MONITOR',)
2026-02-25 14:47:09,316 fastran_driver_fastran_driver_2 DEBUG    _get_service_response(REQUEST|fastran_FPP_000001@fastran_driver@2|FRAMEWORK@Framework@0|57)
2026-02-25 14:47:09,327 fastran_driver_fastran_driver_2 DEBUG    _get_service_response(REQUEST|fastran_FPP_000001@fastran_driver@2|FRAMEWORK@Framework@0|57), response = ServiceResponseMessage(sender_id=FRAMEWORK@Framework@0, receiver_id=fastran_FPP_000001@fastran_driver@2, request_msg_id=REQUEST|fastran_FPP_000001@fastran_driver@2|FRAMEWORK@Framework@0|57,status=0, args=(<ipsframework.cca_es_spec.Topic object at 0x7f4870a4a310>,), message_id=RESPONSE|FRAMEWORK@Framework@0|fastran_FPP_000001@fastran_driver@2|93)
2026-02-25 14:47:09,327 fastran_driver_fastran_driver_2 DEBUG    _invoke_service(): sendEvent  ('_IPS_MONITOR', 'PORTAL_EVENT', {'sim_name': 'fastran_FPP_000001', 'real_sim_name': 'fastran_FPP_000001', 'portal_data': {'code': 'fastran_driver_fastran_driver', 'eventtype': 'IPS_CALL_BEGIN', 'ok': True, 'walltime': '7.01', 'time': '2026-02-25|14:47:09PST', 'state': 'Running', 'comment': 'Target = fastran_FPP_000001@efit@3:step(preprocess_0)'}})
2026-02-25 14:47:09,327 fastran_driver_fastran_driver_2 DEBUG    _get_service_response(REQUEST|fastran_FPP_000001@fastran_driver@2|FRAMEWORK@Framework@0|58)
2026-02-25 14:47:09,338 fastran_driver_fastran_driver_2 DEBUG    _get_service_response(REQUEST|fastran_FPP_000001@fastran_driver@2|FRAMEWORK@Framework@0|58), response = ServiceResponseMessage(sender_id=FRAMEWORK@Framework@0, receiver_id=fastran_FPP_000001@fastran_driver@2, request_msg_id=REQUEST|fastran_FPP_000001@fastran_driver@2|FRAMEWORK@Framework@0|58,status=0, args=(None,), message_id=RESPONSE|FRAMEWORK@Framework@0|fastran_FPP_000001@fastran_driver@2|94)
2026-02-25 14:47:09,338 fastran_driver_fastran_driver_2 DEBUG    _invoke_service(): init_call  ('step', 'preprocess_0')
2026-02-25 14:47:09,339 fastran_driver_fastran_driver_2 DEBUG    _get_service_response(REQUEST|fastran_FPP_000001@fastran_driver@2|FRAMEWORK@Framework@0|59)
2026-02-25 14:47:09,339 fastran_eq0_efit_3 DEBUG    Received Message 
2026-02-25 14:47:09,340 fastran_eq0_efit_3 DEBUG    Calling method step(preprocess_0)
2026-02-25 14:47:09,340 fastran_eq0_efit_3 DEBUG    _invoke_service(): stage_state  (['s000001.00001', 'g000001.00001', 'i000001.00001'], '/pscratch/sd/h/hswils/github_repos/MANTA_DBSCANS/TORIC+TGLF+PELLET/SCAN/work/plasma_state', '/pscratch/sd/h/hswils/github_repos/MANTA_DBSCANS/TORIC+TGLF+PELLET/SCAN/work/fastran_eq0_efit_3')
2026-02-25 14:47:09,340 fastran_eq0_efit_3 DEBUG    _get_service_response(REQUEST|fastran_FPP_000001@efit@3|FRAMEWORK@Framework@0|6)
2026-02-25 14:47:09,349 fastran_driver_fastran_driver_2 DEBUG    _get_service_response(REQUEST|fastran_FPP_000001@fastran_driver@2|FRAMEWORK@Framework@0|59), response = ServiceResponseMessage(sender_id=FRAMEWORK@Framework@0, receiver_id=fastran_FPP_000001@fastran_driver@2, request_msg_id=REQUEST|fastran_FPP_000001@fastran_driver@2|FRAMEWORK@Framework@0|59,status=0, args=(17,), message_id=RESPONSE|FRAMEWORK@Framework@0|fastran_FPP_000001@fastran_driver@2|95)
2026-02-25 14:47:09,349 fastran_driver_fastran_driver_2 DEBUG    _invoke_service(): wait_call  (17, True)
2026-02-25 14:47:09,349 fastran_driver_fastran_driver_2 DEBUG    _get_service_response(REQUEST|fastran_FPP_000001@fastran_driver@2|FRAMEWORK@Framework@0|60)
2026-02-25 14:47:09,361 fastran_eq0_efit_3 DEBUG    _get_service_response(REQUEST|fastran_FPP_000001@efit@3|FRAMEWORK@Framework@0|6), response = ServiceResponseMessage(sender_id=FRAMEWORK@Framework@0, receiver_id=fastran_FPP_000001@efit@3, request_msg_id=REQUEST|fastran_FPP_000001@efit@3|FRAMEWORK@Framework@0|6,status=0, args=(0,), message_id=RESPONSE|FRAMEWORK@Framework@0|fastran_FPP_000001@efit@3|96)
2026-02-25 14:47:09,361 fastran_eq0_efit_3 DEBUG    _invoke_service(): getTopic  ('_IPS_MONITOR',)
2026-02-25 14:47:09,361 fastran_eq0_efit_3 DEBUG    _get_service_response(REQUEST|fastran_FPP_000001@efit@3|FRAMEWORK@Framework@0|7)
2026-02-25 14:47:09,371 fastran_eq0_efit_3 DEBUG    _get_service_response(REQUEST|fastran_FPP_000001@efit@3|FRAMEWORK@Framework@0|7), response = ServiceResponseMessage(sender_id=FRAMEWORK@Framework@0, receiver_id=fastran_FPP_000001@efit@3, request_msg_id=REQUEST|fastran_FPP_000001@efit@3|FRAMEWORK@Framework@0|7,status=0, args=(<ipsframework.cca_es_spec.Topic object at 0x7f4870a47970>,), message_id=RESPONSE|FRAMEWORK@Framework@0|fastran_FPP_000001@efit@3|97)
2026-02-25 14:47:09,371 fastran_eq0_efit_3 DEBUG    _invoke_service(): sendEvent  ('_IPS_MONITOR', 'PORTAL_EVENT', {'sim_name': 'fastran_FPP_000001', 'real_sim_name': 'fastran_FPP_000001', 'portal_data': {'code': 'fastran_eq0_efit', 'eventtype': 'IPS_STAGE_STATE', 'ok': True, 'walltime': '7.05', 'time': '2026-02-25|14:47:09PST', 'trace': {'timestamp': 1772059629340167, 'duration': 21136, 'localEndpoint': {'serviceName': 'stage_state'}, 'name': "['s000001.00001', 'g000001.00001', 'i000001.00001']", 'id': '71885aecf25d7412', 'parentId': '6bdb4f9fe7725998', 'tags': {}}, 'state': 'Running', 'comment': 'Elapsed time = 0.021  files = s000001.00001 g000001.00001 i000001.00001 Success'}})
2026-02-25 14:47:09,372 fastran_eq0_efit_3 DEBUG    _get_service_response(REQUEST|fastran_FPP_000001@efit@3|FRAMEWORK@Framework@0|8)
2026-02-25 14:47:09,382 fastran_eq0_efit_3 DEBUG    _get_service_response(REQUEST|fastran_FPP_000001@efit@3|FRAMEWORK@Framework@0|8), response = ServiceResponseMessage(sender_id=FRAMEWORK@Framework@0, receiver_id=fastran_FPP_000001@efit@3, request_msg_id=REQUEST|fastran_FPP_000001@efit@3|FRAMEWORK@Framework@0|8,status=0, args=(None,), message_id=RESPONSE|FRAMEWORK@Framework@0|fastran_FPP_000001@efit@3|98)
2026-02-25 14:47:23,091 fastran_eq0_efit_3 DEBUG    _invoke_service(): update_state  (['s000001.00001', 'g000001.00001', 'i000001.00001'], '/pscratch/sd/h/hswils/github_repos/MANTA_DBSCANS/TORIC+TGLF+PELLET/SCAN/work/fastran_eq0_efit_3', '/pscratch/sd/h/hswils/github_repos/MANTA_DBSCANS/TORIC+TGLF+PELLET/SCAN/work/plasma_state')
2026-02-25 14:47:23,092 fastran_eq0_efit_3 DEBUG    _get_service_response(REQUEST|fastran_FPP_000001@efit@3|FRAMEWORK@Framework@0|9)
2026-02-25 14:47:23,114 fastran_eq0_efit_3 DEBUG    _get_service_response(REQUEST|fastran_FPP_000001@efit@3|FRAMEWORK@Framework@0|9), response = ServiceResponseMessage(sender_id=FRAMEWORK@Framework@0, receiver_id=fastran_FPP_000001@efit@3, request_msg_id=REQUEST|fastran_FPP_000001@efit@3|FRAMEWORK@Framework@0|9,status=0, args=(0,), message_id=RESPONSE|FRAMEWORK@Framework@0|fastran_FPP_000001@efit@3|126)
2026-02-25 14:47:23,114 fastran_eq0_efit_3 DEBUG    _invoke_service(): getTopic  ('_IPS_MONITOR',)
2026-02-25 14:47:23,114 fastran_eq0_efit_3 DEBUG    _get_service_response(REQUEST|fastran_FPP_000001@efit@3|FRAMEWORK@Framework@0|10)
2026-02-25 14:47:23,125 fastran_eq0_efit_3 DEBUG    _get_service_response(REQUEST|fastran_FPP_000001@efit@3|FRAMEWORK@Framework@0|10), response = ServiceResponseMessage(sender_id=FRAMEWORK@Framework@0, receiver_id=fastran_FPP_000001@efit@3, request_msg_id=REQUEST|fastran_FPP_000001@efit@3|FRAMEWORK@Framework@0|10,status=0, args=(<ipsframework.cca_es_spec.Topic object at 0x7f48709eaa00>,), message_id=RESPONSE|FRAMEWORK@Framework@0|fastran_FPP_000001@efit@3|127)
2026-02-25 14:47:23,125 fastran_eq0_efit_3 DEBUG    _invoke_service(): sendEvent  ('_IPS_MONITOR', 'PORTAL_EVENT', {'sim_name': 'fastran_FPP_000001', 'real_sim_name': 'fastran_FPP_000001', 'portal_data': {'code': 'fastran_eq0_efit', 'eventtype': 'IPS_UPDATE_STATE', 'ok': True, 'walltime': '20.81', 'time': '2026-02-25|14:47:23PST', 'trace': {'timestamp': 1772059643091156, 'duration': 23182, 'localEndpoint': {'serviceName': 'update_state'}, 'name': "['s000001.00001', 'g000001.00001', 'i000001.00001']", 'id': '7629e189a66153c0', 'parentId': '6bdb4f9fe7725998', 'tags': {}}, 'state': 'Running', 'comment': 'Elapsed time = 0.023   files = s000001.00001 g000001.00001 i000001.00001 Success'}})
2026-02-25 14:47:23,125 fastran_eq0_efit_3 DEBUG    _get_service_response(REQUEST|fastran_FPP_000001@efit@3|FRAMEWORK@Framework@0|11)
2026-02-25 14:47:23,135 fastran_eq0_efit_3 DEBUG    _get_service_response(REQUEST|fastran_FPP_000001@efit@3|FRAMEWORK@Framework@0|11), response = ServiceResponseMessage(sender_id=FRAMEWORK@Framework@0, receiver_id=fastran_FPP_000001@efit@3, request_msg_id=REQUEST|fastran_FPP_000001@efit@3|FRAMEWORK@Framework@0|11,status=0, args=(None,), message_id=RESPONSE|FRAMEWORK@Framework@0|fastran_FPP_000001@efit@3|128)
2026-02-25 14:47:23,165 fastran_eq0_efit_3 DEBUG    _invoke_service(): getTopic  ('_IPS_MONITOR',)
2026-02-25 14:47:23,165 fastran_eq0_efit_3 DEBUG    _get_service_response(REQUEST|fastran_FPP_000001@efit@3|FRAMEWORK@Framework@0|12)
2026-02-25 14:47:23,176 fastran_eq0_efit_3 DEBUG    _get_service_response(REQUEST|fastran_FPP_000001@efit@3|FRAMEWORK@Framework@0|12), response = ServiceResponseMessage(sender_id=FRAMEWORK@Framework@0, receiver_id=fastran_FPP_000001@efit@3, request_msg_id=REQUEST|fastran_FPP_000001@efit@3|FRAMEWORK@Framework@0|12,status=0, args=(<ipsframework.cca_es_spec.Topic object at 0x7f48709ea490>,), message_id=RESPONSE|FRAMEWORK@Framework@0|fastran_FPP_000001@efit@3|129)
2026-02-25 14:47:23,176 fastran_eq0_efit_3 DEBUG    _invoke_service(): sendEvent  ('_IPS_MONITOR', 'PORTAL_EVENT', {'sim_name': 'fastran_FPP_000001', 'real_sim_name': 'fastran_FPP_000001', 'portal_data': {'code': 'fastran_eq0_efit', 'eventtype': 'IPS_STAGE_OUTPUTS', 'ok': True, 'walltime': '20.86', 'time': '2026-02-25|14:47:23PST', 'trace': {'timestamp': 1772059643135999, 'duration': 29581, 'localEndpoint': {'serviceName': 'stage_output_files'}, 'name': "['g*.*', 'a*.*', 'm*.*', 'k*.*', 'efit.log', 's*.*']", 'id': '80725d8eee5776f1', 'parentId': '6bdb4f9fe7725998', 'tags': {}}, 'state': 'Running', 'comment': "Elapsed time = 0.030 Path = /pscratch/sd/h/hswils/github_repos/MANTA_DBSCANS/TORIC+TGLF+PELLET/SCAN/simulation_results/preprocess_0/components/fastran_eq0_efit_3 Files = ['g*.*', 'a*.*', 'm*.*', 'k*.*', 'efit.log', 's*.*']"}})
2026-02-25 14:47:23,176 fastran_eq0_efit_3 DEBUG    _get_service_response(REQUEST|fastran_FPP_000001@efit@3|FRAMEWORK@Framework@0|13)
2026-02-25 14:47:23,186 fastran_eq0_efit_3 DEBUG    _get_service_response(REQUEST|fastran_FPP_000001@efit@3|FRAMEWORK@Framework@0|13), response = ServiceResponseMessage(sender_id=FRAMEWORK@Framework@0, receiver_id=fastran_FPP_000001@efit@3, request_msg_id=REQUEST|fastran_FPP_000001@efit@3|FRAMEWORK@Framework@0|13,status=0, args=(None,), message_id=RESPONSE|FRAMEWORK@Framework@0|fastran_FPP_000001@efit@3|130)
2026-02-25 14:47:23,198 fastran_driver_fastran_driver_2 DEBUG    _get_service_response(REQUEST|fastran_FPP_000001@fastran_driver@2|FRAMEWORK@Framework@0|60), response = ServiceResponseMessage(sender_id=FRAMEWORK@Framework@0, receiver_id=fastran_FPP_000001@fastran_driver@2, request_msg_id=REQUEST|fastran_FPP_000001@fastran_driver@2|FRAMEWORK@Framework@0|60,status=0, args=((None,),), message_id=RESPONSE|FRAMEWORK@Framework@0|fastran_FPP_000001@fastran_driver@2|131)
2026-02-25 14:47:23,198 fastran_driver_fastran_driver_2 DEBUG    _invoke_service(): getTopic  ('_IPS_MONITOR',)
2026-02-25 14:47:23,198 fastran_driver_fastran_driver_2 DEBUG    _get_service_response(REQUEST|fastran_FPP_000001@fastran_driver@2|FRAMEWORK@Framework@0|61)
2026-02-25 14:47:23,209 fastran_driver_fastran_driver_2 DEBUG    _get_service_response(REQUEST|fastran_FPP_000001@fastran_driver@2|FRAMEWORK@Framework@0|61), response = ServiceResponseMessage(sender_id=FRAMEWORK@Framework@0, receiver_id=fastran_FPP_000001@fastran_driver@2, request_msg_id=REQUEST|fastran_FPP_000001@fastran_driver@2|FRAMEWORK@Framework@0|61,status=0, args=(<ipsframework.cca_es_spec.Topic object at 0x7f4870a4a700>,), message_id=RESPONSE|FRAMEWORK@Framework@0|fastran_FPP_000001@fastran_driver@2|132)
2026-02-25 14:47:23,209 fastran_driver_fastran_driver_2 DEBUG    _invoke_service(): sendEvent  ('_IPS_MONITOR', 'PORTAL_EVENT', {'sim_name': 'fastran_FPP_000001', 'real_sim_name': 'fastran_FPP_000001', 'portal_data': {'code': 'fastran_driver_fastran_driver', 'eventtype': 'IPS_CALL_END', 'ok': True, 'walltime': '20.89', 'time': '2026-02-25|14:47:23PST', 'trace': {'timestamp': 1772059629349891, 'duration': 13848886, 'localEndpoint': {'serviceName': 'fastran_FPP_000001@efit@3'}, 'name': 'step(preprocess_0)', 'id': '6bdb4f9fe7725998', 'parentId': 'f899e3e5886669ce', 'tags': {}}, 'state': 'Running', 'comment': 'Target = fastran_FPP_000001@efit@3:step(preprocess_0)'}})
2026-02-25 14:47:23,209 fastran_driver_fastran_driver_2 DEBUG    _get_service_response(REQUEST|fastran_FPP_000001@fastran_driver@2|FRAMEWORK@Framework@0|62)
2026-02-25 14:47:23,220 fastran_driver_fastran_driver_2 DEBUG    _get_service_response(REQUEST|fastran_FPP_000001@fastran_driver@2|FRAMEWORK@Framework@0|62), response = ServiceResponseMessage(sender_id=FRAMEWORK@Framework@0, receiver_id=fastran_FPP_000001@fastran_driver@2, request_msg_id=REQUEST|fastran_FPP_000001@fastran_driver@2|FRAMEWORK@Framework@0|62,status=0, args=(None,), message_id=RESPONSE|FRAMEWORK@Framework@0|fastran_FPP_000001@fastran_driver@2|133)
2026-02-25 14:47:23,220 fastran_driver_fastran_driver_2 DEBUG    _invoke_service(): getTopic  ('_IPS_MONITOR',)
2026-02-25 14:47:23,220 fastran_driver_fastran_driver_2 DEBUG    _get_service_response(REQUEST|fastran_FPP_000001@fastran_driver@2|FRAMEWORK@Framework@0|63)
2026-02-25 14:47:23,231 fastran_driver_fastran_driver_2 DEBUG    _get_service_response(REQUEST|fastran_FPP_000001@fastran_driver@2|FRAMEWORK@Framework@0|63), response = ServiceResponseMessage(sender_id=FRAMEWORK@Framework@0, receiver_id=fastran_FPP_000001@fastran_driver@2, request_msg_id=REQUEST|fastran_FPP_000001@fastran_driver@2|FRAMEWORK@Framework@0|63,status=0, args=(<ipsframework.cca_es_spec.Topic object at 0x7f4870a4a940>,), message_id=RESPONSE|FRAMEWORK@Framework@0|fastran_FPP_000001@fastran_driver@2|134)
2026-02-25 14:47:23,231 fastran_driver_fastran_driver_2 DEBUG    _invoke_service(): sendEvent  ('_IPS_MONITOR', 'PORTAL_EVENT', {'sim_name': 'fastran_FPP_000001', 'real_sim_name': 'fastran_FPP_000001', 'portal_data': {'code': 'fastran_driver_fastran_driver', 'eventtype': 'IPS_CALL_BEGIN', 'ok': True, 'walltime': '20.91', 'time': '2026-02-25|14:47:23PST', 'state': 'Running', 'comment': 'Target = fastran_FPP_000001@fastran@4:step(preprocess_0)'}})
2026-02-25 14:47:23,231 fastran_driver_fastran_driver_2 DEBUG    _get_service_response(REQUEST|fastran_FPP_000001@fastran_driver@2|FRAMEWORK@Framework@0|64)
2026-02-25 14:47:23,242 fastran_driver_fastran_driver_2 DEBUG    _get_service_response(REQUEST|fastran_FPP_000001@fastran_driver@2|FRAMEWORK@Framework@0|64), response = ServiceResponseMessage(sender_id=FRAMEWORK@Framework@0, receiver_id=fastran_FPP_000001@fastran_driver@2, request_msg_id=REQUEST|fastran_FPP_000001@fastran_driver@2|FRAMEWORK@Framework@0|64,status=0, args=(None,), message_id=RESPONSE|FRAMEWORK@Framework@0|fastran_FPP_000001@fastran_driver@2|135)
2026-02-25 14:47:23,242 fastran_driver_fastran_driver_2 DEBUG    _invoke_service(): init_call  ('step', 'preprocess_0')
2026-02-25 14:47:23,242 fastran_driver_fastran_driver_2 DEBUG    _get_service_response(REQUEST|fastran_FPP_000001@fastran_driver@2|FRAMEWORK@Framework@0|65)
2026-02-25 14:47:23,243 fastran_tr0_fastran_4 DEBUG    Received Message 
2026-02-25 14:47:23,243 fastran_tr0_fastran_4 DEBUG    Calling method step(preprocess_0)
2026-02-25 14:47:23,243 fastran_tr0_fastran_4 DEBUG    _invoke_service(): stage_state  (['s000001.00001', 'g000001.00001', 'i000001.00001'], '/pscratch/sd/h/hswils/github_repos/MANTA_DBSCANS/TORIC+TGLF+PELLET/SCAN/work/plasma_state', '/pscratch/sd/h/hswils/github_repos/MANTA_DBSCANS/TORIC+TGLF+PELLET/SCAN/work/fastran_tr0_fastran_4')
2026-02-25 14:47:23,243 fastran_tr0_fastran_4 DEBUG    _get_service_response(REQUEST|fastran_FPP_000001@fastran@4|FRAMEWORK@Framework@0|0)
2026-02-25 14:47:23,253 fastran_driver_fastran_driver_2 DEBUG    _get_service_response(REQUEST|fastran_FPP_000001@fastran_driver@2|FRAMEWORK@Framework@0|65), response = ServiceResponseMessage(sender_id=FRAMEWORK@Framework@0, receiver_id=fastran_FPP_000001@fastran_driver@2, request_msg_id=REQUEST|fastran_FPP_000001@fastran_driver@2|FRAMEWORK@Framework@0|65,status=0, args=(18,), message_id=RESPONSE|FRAMEWORK@Framework@0|fastran_FPP_000001@fastran_driver@2|136)
2026-02-25 14:47:23,253 fastran_driver_fastran_driver_2 DEBUG    _invoke_service(): wait_call  (18, True)
2026-02-25 14:47:23,253 fastran_driver_fastran_driver_2 DEBUG    _get_service_response(REQUEST|fastran_FPP_000001@fastran_driver@2|FRAMEWORK@Framework@0|66)
2026-02-25 14:47:23,271 fastran_tr0_fastran_4 DEBUG    _get_service_response(REQUEST|fastran_FPP_000001@fastran@4|FRAMEWORK@Framework@0|0), response = ServiceResponseMessage(sender_id=FRAMEWORK@Framework@0, receiver_id=fastran_FPP_000001@fastran@4, request_msg_id=REQUEST|fastran_FPP_000001@fastran@4|FRAMEWORK@Framework@0|0,status=0, args=(0,), message_id=RESPONSE|FRAMEWORK@Framework@0|fastran_FPP_000001@fastran@4|137)
2026-02-25 14:47:23,271 fastran_tr0_fastran_4 DEBUG    _invoke_service(): getTopic  ('_IPS_MONITOR',)
2026-02-25 14:47:23,272 fastran_tr0_fastran_4 DEBUG    _get_service_response(REQUEST|fastran_FPP_000001@fastran@4|FRAMEWORK@Framework@0|1)
2026-02-25 14:47:23,282 fastran_tr0_fastran_4 DEBUG    _get_service_response(REQUEST|fastran_FPP_000001@fastran@4|FRAMEWORK@Framework@0|1), response = ServiceResponseMessage(sender_id=FRAMEWORK@Framework@0, receiver_id=fastran_FPP_000001@fastran@4, request_msg_id=REQUEST|fastran_FPP_000001@fastran@4|FRAMEWORK@Framework@0|1,status=0, args=(<ipsframework.cca_es_spec.Topic object at 0x7f4870a5eac0>,), message_id=RESPONSE|FRAMEWORK@Framework@0|fastran_FPP_000001@fastran@4|138)
2026-02-25 14:47:23,282 fastran_tr0_fastran_4 DEBUG    _invoke_service(): sendEvent  ('_IPS_MONITOR', 'PORTAL_EVENT', {'sim_name': 'fastran_FPP_000001', 'real_sim_name': 'fastran_FPP_000001', 'portal_data': {'code': 'fastran_tr0_fastran', 'eventtype': 'IPS_STAGE_STATE', 'ok': True, 'walltime': '20.96', 'time': '2026-02-25|14:47:23PST', 'trace': {'timestamp': 1772059643243659, 'duration': 27931, 'localEndpoint': {'serviceName': 'stage_state'}, 'name': "['s000001.00001', 'g000001.00001', 'i000001.00001']", 'id': '71885aecf25d7412', 'parentId': 'dc94d487f5ccfee0', 'tags': {}}, 'state': 'Running', 'comment': 'Elapsed time = 0.028  files = s000001.00001 g000001.00001 i000001.00001 Success'}})
2026-02-25 14:47:23,282 fastran_tr0_fastran_4 DEBUG    _get_service_response(REQUEST|fastran_FPP_000001@fastran@4|FRAMEWORK@Framework@0|2)
2026-02-25 14:47:23,293 fastran_tr0_fastran_4 DEBUG    _get_service_response(REQUEST|fastran_FPP_000001@fastran@4|FRAMEWORK@Framework@0|2), response = ServiceResponseMessage(sender_id=FRAMEWORK@Framework@0, receiver_id=fastran_FPP_000001@fastran@4, request_msg_id=REQUEST|fastran_FPP_000001@fastran@4|FRAMEWORK@Framework@0|2,status=0, args=(None,), message_id=RESPONSE|FRAMEWORK@Framework@0|fastran_FPP_000001@fastran@4|139)
2026-02-25 14:47:23,302 fastran_tr0_fastran_4 DEBUG    _invoke_service(): getTopic  ('_IPS_MONITOR',)
2026-02-25 14:47:23,302 fastran_tr0_fastran_4 DEBUG    _get_service_response(REQUEST|fastran_FPP_000001@fastran@4|FRAMEWORK@Framework@0|3)
2026-02-25 14:47:23,312 fastran_tr0_fastran_4 DEBUG    _get_service_response(REQUEST|fastran_FPP_000001@fastran@4|FRAMEWORK@Framework@0|3), response = ServiceResponseMessage(sender_id=FRAMEWORK@Framework@0, receiver_id=fastran_FPP_000001@fastran@4, request_msg_id=REQUEST|fastran_FPP_000001@fastran@4|FRAMEWORK@Framework@0|3,status=0, args=(<ipsframework.cca_es_spec.Topic object at 0x7f4870a47670>,), message_id=RESPONSE|FRAMEWORK@Framework@0|fastran_FPP_000001@fastran@4|140)
2026-02-25 14:47:23,312 fastran_tr0_fastran_4 DEBUG    _invoke_service(): sendEvent  ('_IPS_MONITOR', 'PORTAL_EVENT', {'sim_name': 'fastran_FPP_000001', 'real_sim_name': 'fastran_FPP_000001', 'portal_data': {'code': 'fastran_tr0_fastran', 'eventtype': 'IPS_STAGE_INPUTS', 'ok': True, 'walltime': '21.00', 'time': '2026-02-25|14:47:23PST', 'trace': {'timestamp': 1772059643293702, 'duration': 8637, 'localEndpoint': {'serviceName': 'stage_input_files'}, 'name': 'infastran0 intglf', 'id': 'dca1af508bf5af99', 'parentId': 'dc94d487f5ccfee0', 'tags': {}}, 'state': 'Running', 'comment': 'Elapsed time = 0.009 Path = /pscratch/sd/h/hswils/github_repos/MANTA_DBSCANS/TORIC+TGLF+PELLET/input Files = infastran0 intglf'}})
2026-02-25 14:47:23,313 fastran_tr0_fastran_4 DEBUG    _get_service_response(REQUEST|fastran_FPP_000001@fastran@4|FRAMEWORK@Framework@0|4)
2026-02-25 14:47:23,323 fastran_tr0_fastran_4 DEBUG    _get_service_response(REQUEST|fastran_FPP_000001@fastran@4|FRAMEWORK@Framework@0|4), response = ServiceResponseMessage(sender_id=FRAMEWORK@Framework@0, receiver_id=fastran_FPP_000001@fastran@4, request_msg_id=REQUEST|fastran_FPP_000001@fastran@4|FRAMEWORK@Framework@0|4,status=0, args=(None,), message_id=RESPONSE|FRAMEWORK@Framework@0|fastran_FPP_000001@fastran@4|141)
2026-02-25 14:47:23,533 fastran_tr0_fastran_4 DEBUG    _invoke_service(): init_task  (TaskInit(nproc=1, binary='/global/common/software/atom/perlmutter/binaries/fastran/default/xfastran_ver1.07', working_dir='/pscratch/sd/h/hswils/github_repos/MANTA_DBSCANS/TORIC+TGLF+PELLET/SCAN/work/fastran_tr0_fastran_4', tppn=0, tcpp=0, tgpp=0, block=True, omp=False, wnodes=True, wsocks=True, cmd_args=('1', '1')),)
2026-02-25 14:47:23,534 fastran_tr0_fastran_4 DEBUG    _get_service_response(REQUEST|fastran_FPP_000001@fastran@4|FRAMEWORK@Framework@0|5)
2026-02-25 14:47:23,545 fastran_tr0_fastran_4 DEBUG    _get_service_response(REQUEST|fastran_FPP_000001@fastran@4|FRAMEWORK@Framework@0|5), response = ServiceResponseMessage(sender_id=FRAMEWORK@Framework@0, receiver_id=fastran_FPP_000001@fastran@4, request_msg_id=REQUEST|fastran_FPP_000001@fastran@4|FRAMEWORK@Framework@0|5,status=0, args=((1, 'srun -N 1 -n 1 -c 128 --threads-per-core=1 --cpu-bind=cores /global/common/software/atom/perlmutter/binaries/fastran/default/xfastran_ver1.07 1 1', None, 128),), message_id=RESPONSE|FRAMEWORK@Framework@0|fastran_FPP_000001@fastran@4|143)
2026-02-25 14:47:23,546 fastran_tr0_fastran_4 DEBUG    Launching command : srun -N 1 -n 1 -c 128 --threads-per-core=1 --cpu-bind=cores /global/common/software/atom/perlmutter/binaries/fastran/default/xfastran_ver1.07 1 1
2026-02-25 14:47:23,568 fastran_tr0_fastran_4 DEBUG    _invoke_service(): getTopic  ('_IPS_MONITOR',)
2026-02-25 14:47:23,568 fastran_tr0_fastran_4 DEBUG    _get_service_response(REQUEST|fastran_FPP_000001@fastran@4|FRAMEWORK@Framework@0|6)
2026-02-25 14:47:23,579 fastran_tr0_fastran_4 DEBUG    _get_service_response(REQUEST|fastran_FPP_000001@fastran@4|FRAMEWORK@Framework@0|6), response = ServiceResponseMessage(sender_id=FRAMEWORK@Framework@0, receiver_id=fastran_FPP_000001@fastran@4, request_msg_id=REQUEST|fastran_FPP_000001@fastran@4|FRAMEWORK@Framework@0|6,status=0, args=(<ipsframework.cca_es_spec.Topic object at 0x7f48709296d0>,), message_id=RESPONSE|FRAMEWORK@Framework@0|fastran_FPP_000001@fastran@4|144)
2026-02-25 14:47:23,579 fastran_tr0_fastran_4 DEBUG    _invoke_service(): sendEvent  ('_IPS_MONITOR', 'PORTAL_EVENT', {'sim_name': 'fastran_FPP_000001', 'real_sim_name': 'fastran_FPP_000001', 'portal_data': {'code': 'fastran_tr0_fastran', 'eventtype': 'IPS_LAUNCH_TASK', 'ok': True, 'walltime': '21.26', 'time': '2026-02-25|14:47:23PST', 'state': 'Running', 'comment': 'task_id = 1 , Tag = None , nproc = 1 , Target = srun -N 1 -n 1 -c 128 --threads-per-core=1 --cpu-bind=cores /global/common/software/atom/perlmutter/binaries/fastran/default/xfastran_ver1.07 1 1'}})
2026-02-25 14:47:23,579 fastran_tr0_fastran_4 DEBUG    _get_service_response(REQUEST|fastran_FPP_000001@fastran@4|FRAMEWORK@Framework@0|7)
2026-02-25 14:47:23,590 fastran_tr0_fastran_4 DEBUG    _get_service_response(REQUEST|fastran_FPP_000001@fastran@4|FRAMEWORK@Framework@0|7), response = ServiceResponseMessage(sender_id=FRAMEWORK@Framework@0, receiver_id=fastran_FPP_000001@fastran@4, request_msg_id=REQUEST|fastran_FPP_000001@fastran@4|FRAMEWORK@Framework@0|7,status=0, args=(None,), message_id=RESPONSE|FRAMEWORK@Framework@0|fastran_FPP_000001@fastran@4|145)
2026-02-25 14:47:24,747 fastran_tr0_fastran_4 DEBUG    _invoke_service(): getTopic  ('_IPS_MONITOR',)
2026-02-25 14:47:24,747 fastran_tr0_fastran_4 DEBUG    _get_service_response(REQUEST|fastran_FPP_000001@fastran@4|FRAMEWORK@Framework@0|8)
2026-02-25 14:47:24,758 fastran_tr0_fastran_4 DEBUG    _get_service_response(REQUEST|fastran_FPP_000001@fastran@4|FRAMEWORK@Framework@0|8), response = ServiceResponseMessage(sender_id=FRAMEWORK@Framework@0, receiver_id=fastran_FPP_000001@fastran@4, request_msg_id=REQUEST|fastran_FPP_000001@fastran@4|FRAMEWORK@Framework@0|8,status=0, args=(<ipsframework.cca_es_spec.Topic object at 0x7f4870929760>,), message_id=RESPONSE|FRAMEWORK@Framework@0|fastran_FPP_000001@fastran@4|148)
2026-02-25 14:47:24,758 fastran_tr0_fastran_4 DEBUG    _invoke_service(): sendEvent  ('_IPS_MONITOR', 'PORTAL_EVENT', {'sim_name': 'fastran_FPP_000001', 'real_sim_name': 'fastran_FPP_000001', 'portal_data': {'code': 'fastran_tr0_fastran', 'eventtype': 'IPS_TASK_END', 'ok': True, 'walltime': '22.44', 'time': '2026-02-25|14:47:24PST', 'trace': {'timestamp': 1772059643567892, 'duration': 1179496, 'localEndpoint': {'serviceName': '/global/common/software/atom/perlmutter/binaries/fastran/default/xfastran_ver1.07'}, 'name': '1 1', 'id': '9f56dce9f2ad0f49', 'parentId': 'dc94d487f5ccfee0', 'tags': {'procs_requested': '1', 'cores_allocated': '128'}}, 'state': 'Running', 'comment': 'task_id = 1  elapsed time = 1.18 S'}})
2026-02-25 14:47:24,758 fastran_tr0_fastran_4 DEBUG    _get_service_response(REQUEST|fastran_FPP_000001@fastran@4|FRAMEWORK@Framework@0|9)
2026-02-25 14:47:24,769 fastran_tr0_fastran_4 DEBUG    _get_service_response(REQUEST|fastran_FPP_000001@fastran@4|FRAMEWORK@Framework@0|9), response = ServiceResponseMessage(sender_id=FRAMEWORK@Framework@0, receiver_id=fastran_FPP_000001@fastran@4, request_msg_id=REQUEST|fastran_FPP_000001@fastran@4|FRAMEWORK@Framework@0|9,status=0, args=(None,), message_id=RESPONSE|FRAMEWORK@Framework@0|fastran_FPP_000001@fastran@4|149)
2026-02-25 14:47:24,769 fastran_tr0_fastran_4 DEBUG    _invoke_service(): finish_task  (1, 0)
2026-02-25 14:47:24,769 fastran_tr0_fastran_4 DEBUG    _get_service_response(REQUEST|fastran_FPP_000001@fastran@4|FRAMEWORK@Framework@0|10)
2026-02-25 14:47:24,780 fastran_tr0_fastran_4 DEBUG    _get_service_response(REQUEST|fastran_FPP_000001@fastran@4|FRAMEWORK@Framework@0|10), response = ServiceResponseMessage(sender_id=FRAMEWORK@Framework@0, receiver_id=fastran_FPP_000001@fastran@4, request_msg_id=REQUEST|fastran_FPP_000001@fastran@4|FRAMEWORK@Framework@0|10,status=0, args=(0,), message_id=RESPONSE|FRAMEWORK@Framework@0|fastran_FPP_000001@fastran@4|150)
2026-02-25 14:47:25,024 fastran_tr0_fastran_4 DEBUG    _invoke_service(): update_state  (['s000001.00001', 'g000001.00001', 'i000001.00001'], '/pscratch/sd/h/hswils/github_repos/MANTA_DBSCANS/TORIC+TGLF+PELLET/SCAN/work/fastran_tr0_fastran_4', '/pscratch/sd/h/hswils/github_repos/MANTA_DBSCANS/TORIC+TGLF+PELLET/SCAN/work/plasma_state')
2026-02-25 14:47:25,024 fastran_tr0_fastran_4 DEBUG    _get_service_response(REQUEST|fastran_FPP_000001@fastran@4|FRAMEWORK@Framework@0|11)
2026-02-25 14:47:25,045 fastran_tr0_fastran_4 DEBUG    _get_service_response(REQUEST|fastran_FPP_000001@fastran@4|FRAMEWORK@Framework@0|11), response = ServiceResponseMessage(sender_id=FRAMEWORK@Framework@0, receiver_id=fastran_FPP_000001@fastran@4, request_msg_id=REQUEST|fastran_FPP_000001@fastran@4|FRAMEWORK@Framework@0|11,status=0, args=(0,), message_id=RESPONSE|FRAMEWORK@Framework@0|fastran_FPP_000001@fastran@4|152)
2026-02-25 14:47:25,045 fastran_tr0_fastran_4 DEBUG    _invoke_service(): getTopic  ('_IPS_MONITOR',)
2026-02-25 14:47:25,045 fastran_tr0_fastran_4 DEBUG    _get_service_response(REQUEST|fastran_FPP_000001@fastran@4|FRAMEWORK@Framework@0|12)
2026-02-25 14:47:25,056 fastran_tr0_fastran_4 DEBUG    _get_service_response(REQUEST|fastran_FPP_000001@fastran@4|FRAMEWORK@Framework@0|12), response = ServiceResponseMessage(sender_id=FRAMEWORK@Framework@0, receiver_id=fastran_FPP_000001@fastran@4, request_msg_id=REQUEST|fastran_FPP_000001@fastran@4|FRAMEWORK@Framework@0|12,status=0, args=(<ipsframework.cca_es_spec.Topic object at 0x7f4870929e20>,), message_id=RESPONSE|FRAMEWORK@Framework@0|fastran_FPP_000001@fastran@4|153)
2026-02-25 14:47:25,056 fastran_tr0_fastran_4 DEBUG    _invoke_service(): sendEvent  ('_IPS_MONITOR', 'PORTAL_EVENT', {'sim_name': 'fastran_FPP_000001', 'real_sim_name': 'fastran_FPP_000001', 'portal_data': {'code': 'fastran_tr0_fastran', 'eventtype': 'IPS_UPDATE_STATE', 'ok': True, 'walltime': '22.74', 'time': '2026-02-25|14:47:25PST', 'trace': {'timestamp': 1772059645024486, 'duration': 20878, 'localEndpoint': {'serviceName': 'update_state'}, 'name': "['s000001.00001', 'g000001.00001', 'i000001.00001']", 'id': '7629e189a66153c0', 'parentId': 'dc94d487f5ccfee0', 'tags': {}}, 'state': 'Running', 'comment': 'Elapsed time = 0.021   files = s000001.00001 g000001.00001 i000001.00001 Success'}})
2026-02-25 14:47:25,056 fastran_tr0_fastran_4 DEBUG    _get_service_response(REQUEST|fastran_FPP_000001@fastran@4|FRAMEWORK@Framework@0|13)
2026-02-25 14:47:25,066 fastran_tr0_fastran_4 DEBUG    _get_service_response(REQUEST|fastran_FPP_000001@fastran@4|FRAMEWORK@Framework@0|13), response = ServiceResponseMessage(sender_id=FRAMEWORK@Framework@0, receiver_id=fastran_FPP_000001@fastran@4, request_msg_id=REQUEST|fastran_FPP_000001@fastran@4|FRAMEWORK@Framework@0|13,status=0, args=(None,), message_id=RESPONSE|FRAMEWORK@Framework@0|fastran_FPP_000001@fastran@4|154)
2026-02-25 14:47:25,085 fastran_tr0_fastran_4 DEBUG    _invoke_service(): getTopic  ('_IPS_MONITOR',)
2026-02-25 14:47:25,085 fastran_tr0_fastran_4 DEBUG    _get_service_response(REQUEST|fastran_FPP_000001@fastran@4|FRAMEWORK@Framework@0|14)
2026-02-25 14:47:25,095 fastran_tr0_fastran_4 DEBUG    _get_service_response(REQUEST|fastran_FPP_000001@fastran@4|FRAMEWORK@Framework@0|14), response = ServiceResponseMessage(sender_id=FRAMEWORK@Framework@0, receiver_id=fastran_FPP_000001@fastran@4, request_msg_id=REQUEST|fastran_FPP_000001@fastran@4|FRAMEWORK@Framework@0|14,status=0, args=(<ipsframework.cca_es_spec.Topic object at 0x7f4870929f10>,), message_id=RESPONSE|FRAMEWORK@Framework@0|fastran_FPP_000001@fastran@4|155)
2026-02-25 14:47:25,096 fastran_tr0_fastran_4 DEBUG    _invoke_service(): sendEvent  ('_IPS_MONITOR', 'PORTAL_EVENT', {'sim_name': 'fastran_FPP_000001', 'real_sim_name': 'fastran_FPP_000001', 'portal_data': {'code': 'fastran_tr0_fastran', 'eventtype': 'IPS_STAGE_OUTPUTS', 'ok': True, 'walltime': '22.78', 'time': '2026-02-25|14:47:25PST', 'trace': {'timestamp': 1772059645066763, 'duration': 18428, 'localEndpoint': {'serviceName': 'stage_output_files'}, 'name': "['fastran.nc', 'inprof', 'inmetric', 'infastran', 'intglf', 'xfastran.log', 'i000001.00001']", 'id': '7349cfaaafc33980', 'parentId': 'dc94d487f5ccfee0', 'tags': {}}, 'state': 'Running', 'comment': "Elapsed time = 0.018 Path = /pscratch/sd/h/hswils/github_repos/MANTA_DBSCANS/TORIC+TGLF+PELLET/SCAN/simulation_results/preprocess_0/components/fastran_tr0_fastran_4 Files = ['fastran.nc', 'inprof', 'inmetric', 'infastran', 'intglf', 'xfastran.log', 'i000001.00001']"}})
2026-02-25 14:47:25,096 fastran_tr0_fastran_4 DEBUG    _get_service_response(REQUEST|fastran_FPP_000001@fastran@4|FRAMEWORK@Framework@0|15)
2026-02-25 14:47:25,106 fastran_tr0_fastran_4 DEBUG    _get_service_response(REQUEST|fastran_FPP_000001@fastran@4|FRAMEWORK@Framework@0|15), response = ServiceResponseMessage(sender_id=FRAMEWORK@Framework@0, receiver_id=fastran_FPP_000001@fastran@4, request_msg_id=REQUEST|fastran_FPP_000001@fastran@4|FRAMEWORK@Framework@0|15,status=0, args=(None,), message_id=RESPONSE|FRAMEWORK@Framework@0|fastran_FPP_000001@fastran@4|156)
2026-02-25 14:47:25,117 fastran_driver_fastran_driver_2 DEBUG    _get_service_response(REQUEST|fastran_FPP_000001@fastran_driver@2|FRAMEWORK@Framework@0|66), response = ServiceResponseMessage(sender_id=FRAMEWORK@Framework@0, receiver_id=fastran_FPP_000001@fastran_driver@2, request_msg_id=REQUEST|fastran_FPP_000001@fastran_driver@2|FRAMEWORK@Framework@0|66,status=0, args=((None,),), message_id=RESPONSE|FRAMEWORK@Framework@0|fastran_FPP_000001@fastran_driver@2|157)
2026-02-25 14:47:25,117 fastran_driver_fastran_driver_2 DEBUG    _invoke_service(): getTopic  ('_IPS_MONITOR',)
2026-02-25 14:47:25,117 fastran_driver_fastran_driver_2 DEBUG    _get_service_response(REQUEST|fastran_FPP_000001@fastran_driver@2|FRAMEWORK@Framework@0|67)
2026-02-25 14:47:25,128 fastran_driver_fastran_driver_2 DEBUG    _get_service_response(REQUEST|fastran_FPP_000001@fastran_driver@2|FRAMEWORK@Framework@0|67), response = ServiceResponseMessage(sender_id=FRAMEWORK@Framework@0, receiver_id=fastran_FPP_000001@fastran_driver@2, request_msg_id=REQUEST|fastran_FPP_000001@fastran_driver@2|FRAMEWORK@Framework@0|67,status=0, args=(<ipsframework.cca_es_spec.Topic object at 0x7f4870a4a730>,), message_id=RESPONSE|FRAMEWORK@Framework@0|fastran_FPP_000001@fastran_driver@2|158)
2026-02-25 14:47:25,128 fastran_driver_fastran_driver_2 DEBUG    _invoke_service(): sendEvent  ('_IPS_MONITOR', 'PORTAL_EVENT', {'sim_name': 'fastran_FPP_000001', 'real_sim_name': 'fastran_FPP_000001', 'portal_data': {'code': 'fastran_driver_fastran_driver', 'eventtype': 'IPS_CALL_END', 'ok': True, 'walltime': '22.81', 'time': '2026-02-25|14:47:25PST', 'trace': {'timestamp': 1772059643253636, 'duration': 1863945, 'localEndpoint': {'serviceName': 'fastran_FPP_000001@fastran@4'}, 'name': 'step(preprocess_0)', 'id': 'dc94d487f5ccfee0', 'parentId': 'f899e3e5886669ce', 'tags': {}}, 'state': 'Running', 'comment': 'Target = fastran_FPP_000001@fastran@4:step(preprocess_0)'}})
2026-02-25 14:47:25,128 fastran_driver_fastran_driver_2 DEBUG    _get_service_response(REQUEST|fastran_FPP_000001@fastran_driver@2|FRAMEWORK@Framework@0|68)
2026-02-25 14:47:25,139 fastran_driver_fastran_driver_2 DEBUG    _get_service_response(REQUEST|fastran_FPP_000001@fastran_driver@2|FRAMEWORK@Framework@0|68), response = ServiceResponseMessage(sender_id=FRAMEWORK@Framework@0, receiver_id=fastran_FPP_000001@fastran_driver@2, request_msg_id=REQUEST|fastran_FPP_000001@fastran_driver@2|FRAMEWORK@Framework@0|68,status=0, args=(None,), message_id=RESPONSE|FRAMEWORK@Framework@0|fastran_FPP_000001@fastran_driver@2|159)
2026-02-25 14:47:25,140 fastran_driver_fastran_driver_2 DEBUG    _invoke_service(): getTopic  ('_IPS_MONITOR',)
2026-02-25 14:47:25,140 fastran_driver_fastran_driver_2 DEBUG    _get_service_response(REQUEST|fastran_FPP_000001@fastran_driver@2|FRAMEWORK@Framework@0|69)
2026-02-25 14:47:25,151 fastran_driver_fastran_driver_2 DEBUG    _get_service_response(REQUEST|fastran_FPP_000001@fastran_driver@2|FRAMEWORK@Framework@0|69), response = ServiceResponseMessage(sender_id=FRAMEWORK@Framework@0, receiver_id=fastran_FPP_000001@fastran_driver@2, request_msg_id=REQUEST|fastran_FPP_000001@fastran_driver@2|FRAMEWORK@Framework@0|69,status=0, args=(<ipsframework.cca_es_spec.Topic object at 0x7f4870a4a6a0>,), message_id=RESPONSE|FRAMEWORK@Framework@0|fastran_FPP_000001@fastran_driver@2|160)
2026-02-25 14:47:25,151 fastran_driver_fastran_driver_2 DEBUG    _invoke_service(): sendEvent  ('_IPS_MONITOR', 'PORTALBRIDGE_UPDATE_TIMESTAMP', {'sim_name': 'fastran_FPP_000001', 'real_sim_name': 'fastran_FPP_000001', 'portal_data': {'phystimestamp': 0, 'eventtype': 'PORTALBRIDGE_UPDATE_TIMESTAMP'}})
2026-02-25 14:47:25,151 fastran_driver_fastran_driver_2 DEBUG    _get_service_response(REQUEST|fastran_FPP_000001@fastran_driver@2|FRAMEWORK@Framework@0|70)
2026-02-25 14:47:25,162 fastran_driver_fastran_driver_2 DEBUG    _get_service_response(REQUEST|fastran_FPP_000001@fastran_driver@2|FRAMEWORK@Framework@0|70), response = ServiceResponseMessage(sender_id=FRAMEWORK@Framework@0, receiver_id=fastran_FPP_000001@fastran_driver@2, request_msg_id=REQUEST|fastran_FPP_000001@fastran_driver@2|FRAMEWORK@Framework@0|70,status=0, args=(None,), message_id=RESPONSE|FRAMEWORK@Framework@0|fastran_FPP_000001@fastran_driver@2|161)
2026-02-25 14:47:25,162 fastran_driver_fastran_driver_2 DEBUG    _invoke_service(): getTopic  ('_IPS_MONITOR',)
2026-02-25 14:47:25,162 fastran_driver_fastran_driver_2 DEBUG    _get_service_response(REQUEST|fastran_FPP_000001@fastran_driver@2|FRAMEWORK@Framework@0|71)
2026-02-25 14:47:25,173 fastran_driver_fastran_driver_2 DEBUG    _get_service_response(REQUEST|fastran_FPP_000001@fastran_driver@2|FRAMEWORK@Framework@0|71), response = ServiceResponseMessage(sender_id=FRAMEWORK@Framework@0, receiver_id=fastran_FPP_000001@fastran_driver@2, request_msg_id=REQUEST|fastran_FPP_000001@fastran_driver@2|FRAMEWORK@Framework@0|71,status=0, args=(<ipsframework.cca_es_spec.Topic object at 0x7f4870a4a730>,), message_id=RESPONSE|FRAMEWORK@Framework@0|fastran_FPP_000001@fastran_driver@2|162)
2026-02-25 14:47:25,173 fastran_driver_fastran_driver_2 DEBUG    _invoke_service(): sendEvent  ('_IPS_MONITOR', 'PORTAL_EVENT', {'sim_name': 'fastran_FPP_000001', 'real_sim_name': 'fastran_FPP_000001', 'portal_data': {'code': 'fastran_driver_fastran_driver', 'eventtype': 'IPS_UPDATE_TIME_STAMP', 'ok': True, 'walltime': '22.86', 'time': '2026-02-25|14:47:25PST', 'state': 'Running', 'comment': 'Timestamp = 0'}})
2026-02-25 14:47:25,173 fastran_driver_fastran_driver_2 DEBUG    _get_service_response(REQUEST|fastran_FPP_000001@fastran_driver@2|FRAMEWORK@Framework@0|72)
2026-02-25 14:47:25,184 fastran_driver_fastran_driver_2 DEBUG    _get_service_response(REQUEST|fastran_FPP_000001@fastran_driver@2|FRAMEWORK@Framework@0|72), response = ServiceResponseMessage(sender_id=FRAMEWORK@Framework@0, receiver_id=fastran_FPP_000001@fastran_driver@2, request_msg_id=REQUEST|fastran_FPP_000001@fastran_driver@2|FRAMEWORK@Framework@0|72,status=0, args=(None,), message_id=RESPONSE|FRAMEWORK@Framework@0|fastran_FPP_000001@fastran_driver@2|163)
2026-02-25 14:47:25,184 fastran_driver_fastran_driver_2 DEBUG    _invoke_service(): getTopic  ('_IPS_MONITOR',)
2026-02-25 14:47:25,184 fastran_driver_fastran_driver_2 DEBUG    _get_service_response(REQUEST|fastran_FPP_000001@fastran_driver@2|FRAMEWORK@Framework@0|73)
2026-02-25 14:47:25,195 fastran_driver_fastran_driver_2 DEBUG    _get_service_response(REQUEST|fastran_FPP_000001@fastran_driver@2|FRAMEWORK@Framework@0|73), response = ServiceResponseMessage(sender_id=FRAMEWORK@Framework@0, receiver_id=fastran_FPP_000001@fastran_driver@2, request_msg_id=REQUEST|fastran_FPP_000001@fastran_driver@2|FRAMEWORK@Framework@0|73,status=0, args=(<ipsframework.cca_es_spec.Topic object at 0x7f4870a4a880>,), message_id=RESPONSE|FRAMEWORK@Framework@0|fastran_FPP_000001@fastran_driver@2|164)
2026-02-25 14:47:25,195 fastran_driver_fastran_driver_2 DEBUG    _invoke_service(): sendEvent  ('_IPS_MONITOR', 'PORTAL_EVENT', {'sim_name': 'fastran_FPP_000001', 'real_sim_name': 'fastran_FPP_000001', 'portal_data': {'code': 'fastran_driver_fastran_driver', 'eventtype': 'IPS_CALL_BEGIN', 'ok': True, 'walltime': '22.88', 'time': '2026-02-25|14:47:25PST', 'state': 'Running', 'comment': 'Target = fastran_FPP_000001@toric@5:step(0)'}})
2026-02-25 14:47:25,195 fastran_driver_fastran_driver_2 DEBUG    _get_service_response(REQUEST|fastran_FPP_000001@fastran_driver@2|FRAMEWORK@Framework@0|74)
2026-02-25 14:47:25,206 fastran_driver_fastran_driver_2 DEBUG    _get_service_response(REQUEST|fastran_FPP_000001@fastran_driver@2|FRAMEWORK@Framework@0|74), response = ServiceResponseMessage(sender_id=FRAMEWORK@Framework@0, receiver_id=fastran_FPP_000001@fastran_driver@2, request_msg_id=REQUEST|fastran_FPP_000001@fastran_driver@2|FRAMEWORK@Framework@0|74,status=0, args=(None,), message_id=RESPONSE|FRAMEWORK@Framework@0|fastran_FPP_000001@fastran_driver@2|165)
2026-02-25 14:47:25,206 fastran_driver_fastran_driver_2 DEBUG    _invoke_service(): init_call  ('step', 0)
2026-02-25 14:47:25,206 fastran_driver_fastran_driver_2 DEBUG    _get_service_response(REQUEST|fastran_FPP_000001@fastran_driver@2|FRAMEWORK@Framework@0|75)
2026-02-25 14:47:25,207 rf_ic_toric_5   DEBUG    Received Message 
2026-02-25 14:47:25,207 rf_ic_toric_5   DEBUG    Calling method step(0)
2026-02-25 14:47:25,208 rf_ic_toric_5   DEBUG    _invoke_service(): stage_state  (['s000001.00001', 'g000001.00001'], '/pscratch/sd/h/hswils/github_repos/MANTA_DBSCANS/TORIC+TGLF+PELLET/SCAN/work/plasma_state', '/pscratch/sd/h/hswils/github_repos/MANTA_DBSCANS/TORIC+TGLF+PELLET/SCAN/work/rf_ic_toric_5')
2026-02-25 14:47:25,208 rf_ic_toric_5   DEBUG    _get_service_response(REQUEST|fastran_FPP_000001@toric@5|FRAMEWORK@Framework@0|10)
2026-02-25 14:47:25,217 fastran_driver_fastran_driver_2 DEBUG    _get_service_response(REQUEST|fastran_FPP_000001@fastran_driver@2|FRAMEWORK@Framework@0|75), response = ServiceResponseMessage(sender_id=FRAMEWORK@Framework@0, receiver_id=fastran_FPP_000001@fastran_driver@2, request_msg_id=REQUEST|fastran_FPP_000001@fastran_driver@2|FRAMEWORK@Framework@0|75,status=0, args=(19,), message_id=RESPONSE|FRAMEWORK@Framework@0|fastran_FPP_000001@fastran_driver@2|166)
2026-02-25 14:47:25,217 fastran_driver_fastran_driver_2 DEBUG    _invoke_service(): wait_call  (19, True)
2026-02-25 14:47:25,217 fastran_driver_fastran_driver_2 DEBUG    _get_service_response(REQUEST|fastran_FPP_000001@fastran_driver@2|FRAMEWORK@Framework@0|76)
2026-02-25 14:47:25,226 rf_ic_toric_5   DEBUG    _get_service_response(REQUEST|fastran_FPP_000001@toric@5|FRAMEWORK@Framework@0|10), response = ServiceResponseMessage(sender_id=FRAMEWORK@Framework@0, receiver_id=fastran_FPP_000001@toric@5, request_msg_id=REQUEST|fastran_FPP_000001@toric@5|FRAMEWORK@Framework@0|10,status=0, args=(0,), message_id=RESPONSE|FRAMEWORK@Framework@0|fastran_FPP_000001@toric@5|167)
2026-02-25 14:47:25,227 rf_ic_toric_5   DEBUG    _invoke_service(): getTopic  ('_IPS_MONITOR',)
2026-02-25 14:47:25,227 rf_ic_toric_5   DEBUG    _get_service_response(REQUEST|fastran_FPP_000001@toric@5|FRAMEWORK@Framework@0|11)
2026-02-25 14:47:25,237 rf_ic_toric_5   DEBUG    _get_service_response(REQUEST|fastran_FPP_000001@toric@5|FRAMEWORK@Framework@0|11), response = ServiceResponseMessage(sender_id=FRAMEWORK@Framework@0, receiver_id=fastran_FPP_000001@toric@5, request_msg_id=REQUEST|fastran_FPP_000001@toric@5|FRAMEWORK@Framework@0|11,status=0, args=(<ipsframework.cca_es_spec.Topic object at 0x7f48709381f0>,), message_id=RESPONSE|FRAMEWORK@Framework@0|fastran_FPP_000001@toric@5|168)
2026-02-25 14:47:25,237 rf_ic_toric_5   DEBUG    _invoke_service(): sendEvent  ('_IPS_MONITOR', 'PORTAL_EVENT', {'sim_name': 'fastran_FPP_000001', 'real_sim_name': 'fastran_FPP_000001', 'portal_data': {'code': 'rf_ic_toric', 'eventtype': 'IPS_STAGE_STATE', 'ok': True, 'walltime': '22.92', 'time': '2026-02-25|14:47:25PST', 'trace': {'timestamp': 1772059645207947, 'duration': 19085, 'localEndpoint': {'serviceName': 'stage_state'}, 'name': "['s000001.00001', 'g000001.00001']", 'id': '32793a28c0f8ba4b', 'parentId': 'd1e0af469af3595c', 'tags': {}}, 'state': 'Running', 'comment': 'Elapsed time = 0.019  files = s000001.00001 g000001.00001 Success'}})
2026-02-25 14:47:25,237 rf_ic_toric_5   DEBUG    _get_service_response(REQUEST|fastran_FPP_000001@toric@5|FRAMEWORK@Framework@0|12)
2026-02-25 14:47:25,248 rf_ic_toric_5   DEBUG    _get_service_response(REQUEST|fastran_FPP_000001@toric@5|FRAMEWORK@Framework@0|12), response = ServiceResponseMessage(sender_id=FRAMEWORK@Framework@0, receiver_id=fastran_FPP_000001@toric@5, request_msg_id=REQUEST|fastran_FPP_000001@toric@5|FRAMEWORK@Framework@0|12,status=0, args=(None,), message_id=RESPONSE|FRAMEWORK@Framework@0|fastran_FPP_000001@toric@5|169)
2026-02-25 14:47:25,260 rf_ic_toric_5   DEBUG    _invoke_service(): getTopic  ('_IPS_MONITOR',)
2026-02-25 14:47:25,260 rf_ic_toric_5   DEBUG    _get_service_response(REQUEST|fastran_FPP_000001@toric@5|FRAMEWORK@Framework@0|13)
2026-02-25 14:47:25,270 rf_ic_toric_5   DEBUG    _get_service_response(REQUEST|fastran_FPP_000001@toric@5|FRAMEWORK@Framework@0|13), response = ServiceResponseMessage(sender_id=FRAMEWORK@Framework@0, receiver_id=fastran_FPP_000001@toric@5, request_msg_id=REQUEST|fastran_FPP_000001@toric@5|FRAMEWORK@Framework@0|13,status=0, args=(<ipsframework.cca_es_spec.Topic object at 0x7f48709382e0>,), message_id=RESPONSE|FRAMEWORK@Framework@0|fastran_FPP_000001@toric@5|170)
2026-02-25 14:47:25,270 rf_ic_toric_5   DEBUG    _invoke_service(): sendEvent  ('_IPS_MONITOR', 'PORTAL_EVENT', {'sim_name': 'fastran_FPP_000001', 'real_sim_name': 'fastran_FPP_000001', 'portal_data': {'code': 'rf_ic_toric', 'eventtype': 'IPS_STAGE_INPUTS', 'ok': True, 'walltime': '22.95', 'time': '2026-02-25|14:47:25PST', 'trace': {'timestamp': 1772059645248425, 'duration': 11543, 'localEndpoint': {'serviceName': 'stage_input_files'}, 'name': 'machine.inp equigs_gen.ind torica.inp', 'id': 'b108389cfa22cdf4', 'parentId': 'd1e0af469af3595c', 'tags': {}}, 'state': 'Running', 'comment': 'Elapsed time = 0.012 Path = /pscratch/sd/h/hswils/github_repos/MANTA_DBSCANS/TORIC+TGLF+PELLET/input Files = machine.inp equigs_gen.ind torica.inp'}})
2026-02-25 14:47:25,270 rf_ic_toric_5   DEBUG    _get_service_response(REQUEST|fastran_FPP_000001@toric@5|FRAMEWORK@Framework@0|14)
2026-02-25 14:47:25,281 rf_ic_toric_5   DEBUG    _get_service_response(REQUEST|fastran_FPP_000001@toric@5|FRAMEWORK@Framework@0|14), response = ServiceResponseMessage(sender_id=FRAMEWORK@Framework@0, receiver_id=fastran_FPP_000001@toric@5, request_msg_id=REQUEST|fastran_FPP_000001@toric@5|FRAMEWORK@Framework@0|14,status=0, args=(None,), message_id=RESPONSE|FRAMEWORK@Framework@0|fastran_FPP_000001@toric@5|171)
2026-02-25 14:47:25,899 rf_ic_toric_5   DEBUG    _invoke_service(): init_task  (TaskInit(nproc=24, binary='/global/common/software/atom/perlmutter/binaries/toric/default/Ptoric.e', working_dir='/pscratch/sd/h/hswils/github_repos/MANTA_DBSCANS/TORIC+TGLF+PELLET/SCAN/work/rf_ic_toric_5', tppn=0, tcpp=0, tgpp=0, block=True, omp=False, wnodes=True, wsocks=True, cmd_args=()),)
2026-02-25 14:47:25,899 rf_ic_toric_5   DEBUG    _get_service_response(REQUEST|fastran_FPP_000001@toric@5|FRAMEWORK@Framework@0|15)
2026-02-25 14:47:25,911 rf_ic_toric_5   DEBUG    _get_service_response(REQUEST|fastran_FPP_000001@toric@5|FRAMEWORK@Framework@0|15), response = ServiceResponseMessage(sender_id=FRAMEWORK@Framework@0, receiver_id=fastran_FPP_000001@toric@5, request_msg_id=REQUEST|fastran_FPP_000001@toric@5|FRAMEWORK@Framework@0|15,status=0, args=((2, 'srun -N 1 -n 24 -c 5 --threads-per-core=1 --cpu-bind=cores /global/common/software/atom/perlmutter/binaries/toric/default/Ptoric.e ', None, 128),), message_id=RESPONSE|FRAMEWORK@Framework@0|fastran_FPP_000001@toric@5|174)
2026-02-25 14:47:25,914 rf_ic_toric_5   DEBUG    Launching command : srun -N 1 -n 24 -c 5 --threads-per-core=1 --cpu-bind=cores /global/common/software/atom/perlmutter/binaries/toric/default/Ptoric.e 
2026-02-25 14:47:25,928 rf_ic_toric_5   DEBUG    _invoke_service(): getTopic  ('_IPS_MONITOR',)
2026-02-25 14:47:25,929 rf_ic_toric_5   DEBUG    _get_service_response(REQUEST|fastran_FPP_000001@toric@5|FRAMEWORK@Framework@0|16)
2026-02-25 14:47:25,940 rf_ic_toric_5   DEBUG    _get_service_response(REQUEST|fastran_FPP_000001@toric@5|FRAMEWORK@Framework@0|16), response = ServiceResponseMessage(sender_id=FRAMEWORK@Framework@0, receiver_id=fastran_FPP_000001@toric@5, request_msg_id=REQUEST|fastran_FPP_000001@toric@5|FRAMEWORK@Framework@0|16,status=0, args=(<ipsframework.cca_es_spec.Topic object at 0x7f4870951fa0>,), message_id=RESPONSE|FRAMEWORK@Framework@0|fastran_FPP_000001@toric@5|175)
2026-02-25 14:47:25,940 rf_ic_toric_5   DEBUG    _invoke_service(): sendEvent  ('_IPS_MONITOR', 'PORTAL_EVENT', {'sim_name': 'fastran_FPP_000001', 'real_sim_name': 'fastran_FPP_000001', 'portal_data': {'code': 'rf_ic_toric', 'eventtype': 'IPS_LAUNCH_TASK', 'ok': True, 'walltime': '23.62', 'time': '2026-02-25|14:47:25PST', 'state': 'Running', 'comment': 'task_id = 2 , Tag = None , nproc = 24 , Target = srun -N 1 -n 24 -c 5 --threads-per-core=1 --cpu-bind=cores /global/common/software/atom/perlmutter/binaries/toric/default/Ptoric.e '}})
2026-02-25 14:47:25,940 rf_ic_toric_5   DEBUG    _get_service_response(REQUEST|fastran_FPP_000001@toric@5|FRAMEWORK@Framework@0|17)
2026-02-25 14:47:25,951 rf_ic_toric_5   DEBUG    _get_service_response(REQUEST|fastran_FPP_000001@toric@5|FRAMEWORK@Framework@0|17), response = ServiceResponseMessage(sender_id=FRAMEWORK@Framework@0, receiver_id=fastran_FPP_000001@toric@5, request_msg_id=REQUEST|fastran_FPP_000001@toric@5|FRAMEWORK@Framework@0|17,status=0, args=(None,), message_id=RESPONSE|FRAMEWORK@Framework@0|fastran_FPP_000001@toric@5|176)
2026-02-25 14:52:32,437 rf_ic_toric_5   DEBUG    _invoke_service(): getTopic  ('_IPS_MONITOR',)
2026-02-25 14:52:32,437 rf_ic_toric_5   DEBUG    _get_service_response(REQUEST|fastran_FPP_000001@toric@5|FRAMEWORK@Framework@0|18)
2026-02-25 14:52:32,448 rf_ic_toric_5   DEBUG    _get_service_response(REQUEST|fastran_FPP_000001@toric@5|FRAMEWORK@Framework@0|18), response = ServiceResponseMessage(sender_id=FRAMEWORK@Framework@0, receiver_id=fastran_FPP_000001@toric@5, request_msg_id=REQUEST|fastran_FPP_000001@toric@5|FRAMEWORK@Framework@0|18,status=0, args=(<ipsframework.cca_es_spec.Topic object at 0x7f4870951f40>,), message_id=RESPONSE|FRAMEWORK@Framework@0|fastran_FPP_000001@toric@5|776)
2026-02-25 14:52:32,448 rf_ic_toric_5   DEBUG    _invoke_service(): sendEvent  ('_IPS_MONITOR', 'PORTAL_EVENT', {'sim_name': 'fastran_FPP_000001', 'real_sim_name': 'fastran_FPP_000001', 'portal_data': {'code': 'rf_ic_toric', 'eventtype': 'IPS_TASK_END', 'ok': True, 'walltime': '330.13', 'time': '2026-02-25|14:52:32PST', 'trace': {'timestamp': 1772059645928512, 'duration': 306508744, 'localEndpoint': {'serviceName': '/global/common/software/atom/perlmutter/binaries/toric/default/Ptoric.e'}, 'name': '', 'id': '2bc83162d12c30de', 'parentId': 'd1e0af469af3595c', 'tags': {'procs_requested': '24', 'cores_allocated': '128'}}, 'state': 'Running', 'comment': 'task_id = 2  elapsed time = 306.51 S'}})
2026-02-25 14:52:32,448 rf_ic_toric_5   DEBUG    _get_service_response(REQUEST|fastran_FPP_000001@toric@5|FRAMEWORK@Framework@0|19)
2026-02-25 14:52:32,459 rf_ic_toric_5   DEBUG    _get_service_response(REQUEST|fastran_FPP_000001@toric@5|FRAMEWORK@Framework@0|19), response = ServiceResponseMessage(sender_id=FRAMEWORK@Framework@0, receiver_id=fastran_FPP_000001@toric@5, request_msg_id=REQUEST|fastran_FPP_000001@toric@5|FRAMEWORK@Framework@0|19,status=0, args=(None,), message_id=RESPONSE|FRAMEWORK@Framework@0|fastran_FPP_000001@toric@5|777)
2026-02-25 14:52:32,459 rf_ic_toric_5   DEBUG    _invoke_service(): finish_task  (2, 0)
2026-02-25 14:52:32,460 rf_ic_toric_5   DEBUG    _get_service_response(REQUEST|fastran_FPP_000001@toric@5|FRAMEWORK@Framework@0|20)
2026-02-25 14:52:32,471 rf_ic_toric_5   DEBUG    _get_service_response(REQUEST|fastran_FPP_000001@toric@5|FRAMEWORK@Framework@0|20), response = ServiceResponseMessage(sender_id=FRAMEWORK@Framework@0, receiver_id=fastran_FPP_000001@toric@5, request_msg_id=REQUEST|fastran_FPP_000001@toric@5|FRAMEWORK@Framework@0|20,status=0, args=(0,), message_id=RESPONSE|FRAMEWORK@Framework@0|fastran_FPP_000001@toric@5|778)
2026-02-25 14:52:32,690 rf_ic_toric_5   DEBUG    _invoke_service(): merge_current_plasma_state  ('/pscratch/sd/h/hswils/github_repos/MANTA_DBSCANS/TORIC+TGLF+PELLET/SCAN/work/rf_ic_toric_5/RF_IC_s000001.00001', '/pscratch/sd/h/hswils/github_repos/MANTA_DBSCANS/TORIC+TGLF+PELLET/SCAN/work/plasma_state/s000001.00001', 'log.update_state', '/global/common/software/atom/perlmutter/binaries/update-state/default/update_state')
2026-02-25 14:52:32,690 rf_ic_toric_5   DEBUG    _get_service_response(REQUEST|fastran_FPP_000001@toric@5|FRAMEWORK@Framework@0|21)
2026-02-25 14:52:32,908 rf_ic_toric_5   DEBUG    _get_service_response(REQUEST|fastran_FPP_000001@toric@5|FRAMEWORK@Framework@0|21), response = ServiceResponseMessage(sender_id=FRAMEWORK@Framework@0, receiver_id=fastran_FPP_000001@toric@5, request_msg_id=REQUEST|fastran_FPP_000001@toric@5|FRAMEWORK@Framework@0|21,status=0, args=(1,), message_id=RESPONSE|FRAMEWORK@Framework@0|fastran_FPP_000001@toric@5|780)
2026-02-25 14:52:32,908 rf_ic_toric_5   DEBUG    _invoke_service(): getTopic  ('_IPS_MONITOR',)
2026-02-25 14:52:32,909 rf_ic_toric_5   DEBUG    _get_service_response(REQUEST|fastran_FPP_000001@toric@5|FRAMEWORK@Framework@0|22)
2026-02-25 14:52:32,919 rf_ic_toric_5   DEBUG    _get_service_response(REQUEST|fastran_FPP_000001@toric@5|FRAMEWORK@Framework@0|22), response = ServiceResponseMessage(sender_id=FRAMEWORK@Framework@0, receiver_id=fastran_FPP_000001@toric@5, request_msg_id=REQUEST|fastran_FPP_000001@toric@5|FRAMEWORK@Framework@0|22,status=0, args=(<ipsframework.cca_es_spec.Topic object at 0x7f4870951e50>,), message_id=RESPONSE|FRAMEWORK@Framework@0|fastran_FPP_000001@toric@5|781)
2026-02-25 14:52:32,919 rf_ic_toric_5   DEBUG    _invoke_service(): sendEvent  ('_IPS_MONITOR', 'PORTAL_EVENT', {'sim_name': 'fastran_FPP_000001', 'real_sim_name': 'fastran_FPP_000001', 'portal_data': {'code': 'rf_ic_toric', 'eventtype': 'IPS_MERGE_PLASMA_STATE', 'ok': False, 'walltime': '330.60', 'time': '2026-02-25|14:52:32PST', 'state': 'Running', 'comment': ' Error in call to update_state() : '}})
2026-02-25 14:52:32,919 rf_ic_toric_5   DEBUG    _get_service_response(REQUEST|fastran_FPP_000001@toric@5|FRAMEWORK@Framework@0|23)
2026-02-25 14:52:32,930 rf_ic_toric_5   DEBUG    _get_service_response(REQUEST|fastran_FPP_000001@toric@5|FRAMEWORK@Framework@0|23), response = ServiceResponseMessage(sender_id=FRAMEWORK@Framework@0, receiver_id=fastran_FPP_000001@toric@5, request_msg_id=REQUEST|fastran_FPP_000001@toric@5|FRAMEWORK@Framework@0|23,status=0, args=(None,), message_id=RESPONSE|FRAMEWORK@Framework@0|fastran_FPP_000001@toric@5|782)
2026-02-25 14:52:32,930 rf_ic_toric_5   ERROR    Error merging update /pscratch/sd/h/hswils/github_repos/MANTA_DBSCANS/TORIC+TGLF+PELLET/SCAN/work/rf_ic_toric_5/RF_IC_s000001.00001 into current plasma state file s000001.00001
2026-02-25 14:52:32,930 rf_ic_toric_5   DEBUG    _invoke_service(): update_state  (['s000001.00001', 'g000001.00001'], '/pscratch/sd/h/hswils/github_repos/MANTA_DBSCANS/TORIC+TGLF+PELLET/SCAN/work/rf_ic_toric_5', '/pscratch/sd/h/hswils/github_repos/MANTA_DBSCANS/TORIC+TGLF+PELLET/SCAN/work/plasma_state')
2026-02-25 14:52:32,930 rf_ic_toric_5   DEBUG    _get_service_response(REQUEST|fastran_FPP_000001@toric@5|FRAMEWORK@Framework@0|24)
2026-02-25 14:52:32,951 rf_ic_toric_5   DEBUG    _get_service_response(REQUEST|fastran_FPP_000001@toric@5|FRAMEWORK@Framework@0|24), response = ServiceResponseMessage(sender_id=FRAMEWORK@Framework@0, receiver_id=fastran_FPP_000001@toric@5, request_msg_id=REQUEST|fastran_FPP_000001@toric@5|FRAMEWORK@Framework@0|24,status=0, args=(0,), message_id=RESPONSE|FRAMEWORK@Framework@0|fastran_FPP_000001@toric@5|783)
2026-02-25 14:52:32,951 rf_ic_toric_5   DEBUG    _invoke_service(): getTopic  ('_IPS_MONITOR',)
2026-02-25 14:52:32,951 rf_ic_toric_5   DEBUG    _get_service_response(REQUEST|fastran_FPP_000001@toric@5|FRAMEWORK@Framework@0|25)
2026-02-25 14:52:32,961 rf_ic_toric_5   DEBUG    _get_service_response(REQUEST|fastran_FPP_000001@toric@5|FRAMEWORK@Framework@0|25), response = ServiceResponseMessage(sender_id=FRAMEWORK@Framework@0, receiver_id=fastran_FPP_000001@toric@5, request_msg_id=REQUEST|fastran_FPP_000001@toric@5|FRAMEWORK@Framework@0|25,status=0, args=(<ipsframework.cca_es_spec.Topic object at 0x7f4870951eb0>,), message_id=RESPONSE|FRAMEWORK@Framework@0|fastran_FPP_000001@toric@5|784)
2026-02-25 14:52:32,961 rf_ic_toric_5   DEBUG    _invoke_service(): sendEvent  ('_IPS_MONITOR', 'PORTAL_EVENT', {'sim_name': 'fastran_FPP_000001', 'real_sim_name': 'fastran_FPP_000001', 'portal_data': {'code': 'rf_ic_toric', 'eventtype': 'IPS_UPDATE_STATE', 'ok': True, 'walltime': '330.64', 'time': '2026-02-25|14:52:32PST', 'trace': {'timestamp': 1772059952930534, 'duration': 20557, 'localEndpoint': {'serviceName': 'update_state'}, 'name': "['s000001.00001', 'g000001.00001']", 'id': 'd2ceaa619acd7d5c', 'parentId': 'd1e0af469af3595c', 'tags': {}}, 'state': 'Running', 'comment': 'Elapsed time = 0.021   files = s000001.00001 g000001.00001 Success'}})
2026-02-25 14:52:32,962 rf_ic_toric_5   DEBUG    _get_service_response(REQUEST|fastran_FPP_000001@toric@5|FRAMEWORK@Framework@0|26)
2026-02-25 14:52:32,972 rf_ic_toric_5   DEBUG    _get_service_response(REQUEST|fastran_FPP_000001@toric@5|FRAMEWORK@Framework@0|26), response = ServiceResponseMessage(sender_id=FRAMEWORK@Framework@0, receiver_id=fastran_FPP_000001@toric@5, request_msg_id=REQUEST|fastran_FPP_000001@toric@5|FRAMEWORK@Framework@0|26,status=0, args=(None,), message_id=RESPONSE|FRAMEWORK@Framework@0|fastran_FPP_000001@toric@5|785)
2026-02-25 14:52:33,089 rf_ic_toric_5   DEBUG    _invoke_service(): getTopic  ('_IPS_MONITOR',)
2026-02-25 14:52:33,089 rf_ic_toric_5   DEBUG    _get_service_response(REQUEST|fastran_FPP_000001@toric@5|FRAMEWORK@Framework@0|27)
2026-02-25 14:52:33,099 rf_ic_toric_5   DEBUG    _get_service_response(REQUEST|fastran_FPP_000001@toric@5|FRAMEWORK@Framework@0|27), response = ServiceResponseMessage(sender_id=FRAMEWORK@Framework@0, receiver_id=fastran_FPP_000001@toric@5, request_msg_id=REQUEST|fastran_FPP_000001@toric@5|FRAMEWORK@Framework@0|27,status=0, args=(<ipsframework.cca_es_spec.Topic object at 0x7f48709610d0>,), message_id=RESPONSE|FRAMEWORK@Framework@0|fastran_FPP_000001@toric@5|786)
2026-02-25 14:52:33,100 rf_ic_toric_5   DEBUG    _invoke_service(): sendEvent  ('_IPS_MONITOR', 'PORTAL_EVENT', {'sim_name': 'fastran_FPP_000001', 'real_sim_name': 'fastran_FPP_000001', 'portal_data': {'code': 'rf_ic_toric', 'eventtype': 'IPS_STAGE_OUTPUTS', 'ok': True, 'walltime': '330.78', 'time': '2026-02-25|14:52:33PST', 'trace': {'timestamp': 1772059952972792, 'duration': 116291, 'localEndpoint': {'serviceName': 'stage_output_files'}, 'name': "['torica.inp', 'machine.inp', 'log.toric', 'toric.nc', 'profstat.dat', 'equigs.data', 'equidt.data', 'toric_cfg.nc']", 'id': '749f5c33ef51fb56', 'parentId': 'd1e0af469af3595c', 'tags': {}}, 'state': 'Running', 'comment': "Elapsed time = 0.116 Path = /pscratch/sd/h/hswils/github_repos/MANTA_DBSCANS/TORIC+TGLF+PELLET/SCAN/simulation_results/0/components/rf_ic_toric_5 Files = ['torica.inp', 'machine.inp', 'log.toric', 'toric.nc', 'profstat.dat', 'equigs.data', 'equidt.data', 'toric_cfg.nc']"}})
2026-02-25 14:52:33,100 rf_ic_toric_5   DEBUG    _get_service_response(REQUEST|fastran_FPP_000001@toric@5|FRAMEWORK@Framework@0|28)
2026-02-25 14:52:33,110 rf_ic_toric_5   DEBUG    _get_service_response(REQUEST|fastran_FPP_000001@toric@5|FRAMEWORK@Framework@0|28), response = ServiceResponseMessage(sender_id=FRAMEWORK@Framework@0, receiver_id=fastran_FPP_000001@toric@5, request_msg_id=REQUEST|fastran_FPP_000001@toric@5|FRAMEWORK@Framework@0|28,status=0, args=(None,), message_id=RESPONSE|FRAMEWORK@Framework@0|fastran_FPP_000001@toric@5|787)
2026-02-25 14:52:33,122 fastran_driver_fastran_driver_2 DEBUG    _get_service_response(REQUEST|fastran_FPP_000001@fastran_driver@2|FRAMEWORK@Framework@0|76), response = ServiceResponseMessage(sender_id=FRAMEWORK@Framework@0, receiver_id=fastran_FPP_000001@fastran_driver@2, request_msg_id=REQUEST|fastran_FPP_000001@fastran_driver@2|FRAMEWORK@Framework@0|76,status=0, args=((0,),), message_id=RESPONSE|FRAMEWORK@Framework@0|fastran_FPP_000001@fastran_driver@2|788)
2026-02-25 14:52:33,123 fastran_driver_fastran_driver_2 DEBUG    _invoke_service(): getTopic  ('_IPS_MONITOR',)
2026-02-25 14:52:33,124 fastran_driver_fastran_driver_2 DEBUG    _get_service_response(REQUEST|fastran_FPP_000001@fastran_driver@2|FRAMEWORK@Framework@0|77)
2026-02-25 14:52:33,135 fastran_driver_fastran_driver_2 DEBUG    _get_service_response(REQUEST|fastran_FPP_000001@fastran_driver@2|FRAMEWORK@Framework@0|77), response = ServiceResponseMessage(sender_id=FRAMEWORK@Framework@0, receiver_id=fastran_FPP_000001@fastran_driver@2, request_msg_id=REQUEST|fastran_FPP_000001@fastran_driver@2|FRAMEWORK@Framework@0|77,status=0, args=(<ipsframework.cca_es_spec.Topic object at 0x7f4870a4a8b0>,), message_id=RESPONSE|FRAMEWORK@Framework@0|fastran_FPP_000001@fastran_driver@2|789)
2026-02-25 14:52:33,135 fastran_driver_fastran_driver_2 DEBUG    _invoke_service(): sendEvent  ('_IPS_MONITOR', 'PORTAL_EVENT', {'sim_name': 'fastran_FPP_000001', 'real_sim_name': 'fastran_FPP_000001', 'portal_data': {'code': 'fastran_driver_fastran_driver', 'eventtype': 'IPS_CALL_END', 'ok': True, 'walltime': '330.82', 'time': '2026-02-25|14:52:33PST', 'trace': {'timestamp': 1772059645217720, 'duration': 307905831, 'localEndpoint': {'serviceName': 'fastran_FPP_000001@toric@5'}, 'name': 'step(0)', 'id': 'd1e0af469af3595c', 'parentId': 'f899e3e5886669ce', 'tags': {}}, 'state': 'Running', 'comment': 'Target = fastran_FPP_000001@toric@5:step(0)'}})
2026-02-25 14:52:33,135 fastran_driver_fastran_driver_2 DEBUG    _get_service_response(REQUEST|fastran_FPP_000001@fastran_driver@2|FRAMEWORK@Framework@0|78)
2026-02-25 14:52:33,146 fastran_driver_fastran_driver_2 DEBUG    _get_service_response(REQUEST|fastran_FPP_000001@fastran_driver@2|FRAMEWORK@Framework@0|78), response = ServiceResponseMessage(sender_id=FRAMEWORK@Framework@0, receiver_id=fastran_FPP_000001@fastran_driver@2, request_msg_id=REQUEST|fastran_FPP_000001@fastran_driver@2|FRAMEWORK@Framework@0|78,status=0, args=(None,), message_id=RESPONSE|FRAMEWORK@Framework@0|fastran_FPP_000001@fastran_driver@2|790)
2026-02-25 14:52:33,147 fastran_driver_fastran_driver_2 DEBUG    _invoke_service(): getTopic  ('_IPS_MONITOR',)
2026-02-25 14:52:33,147 fastran_driver_fastran_driver_2 DEBUG    _get_service_response(REQUEST|fastran_FPP_000001@fastran_driver@2|FRAMEWORK@Framework@0|79)
2026-02-25 14:52:33,158 fastran_driver_fastran_driver_2 DEBUG    _get_service_response(REQUEST|fastran_FPP_000001@fastran_driver@2|FRAMEWORK@Framework@0|79), response = ServiceResponseMessage(sender_id=FRAMEWORK@Framework@0, receiver_id=fastran_FPP_000001@fastran_driver@2, request_msg_id=REQUEST|fastran_FPP_000001@fastran_driver@2|FRAMEWORK@Framework@0|79,status=0, args=(<ipsframework.cca_es_spec.Topic object at 0x7f4870a4a8e0>,), message_id=RESPONSE|FRAMEWORK@Framework@0|fastran_FPP_000001@fastran_driver@2|791)
2026-02-25 14:52:33,158 fastran_driver_fastran_driver_2 DEBUG    _invoke_service(): sendEvent  ('_IPS_MONITOR', 'PORTAL_EVENT', {'sim_name': 'fastran_FPP_000001', 'real_sim_name': 'fastran_FPP_000001', 'portal_data': {'code': 'fastran_driver_fastran_driver', 'eventtype': 'IPS_CALL_BEGIN', 'ok': True, 'walltime': '330.84', 'time': '2026-02-25|14:52:33PST', 'state': 'Running', 'comment': 'Target = fastran_FPP_000001@pellet_model@6:step(0)'}})
2026-02-25 14:52:33,158 fastran_driver_fastran_driver_2 DEBUG    _get_service_response(REQUEST|fastran_FPP_000001@fastran_driver@2|FRAMEWORK@Framework@0|80)
2026-02-25 14:52:33,169 fastran_driver_fastran_driver_2 DEBUG    _get_service_response(REQUEST|fastran_FPP_000001@fastran_driver@2|FRAMEWORK@Framework@0|80), response = ServiceResponseMessage(sender_id=FRAMEWORK@Framework@0, receiver_id=fastran_FPP_000001@fastran_driver@2, request_msg_id=REQUEST|fastran_FPP_000001@fastran_driver@2|FRAMEWORK@Framework@0|80,status=0, args=(None,), message_id=RESPONSE|FRAMEWORK@Framework@0|fastran_FPP_000001@fastran_driver@2|792)
2026-02-25 14:52:33,169 fastran_driver_fastran_driver_2 DEBUG    _invoke_service(): init_call  ('step', 0)
2026-02-25 14:52:33,169 fastran_driver_fastran_driver_2 DEBUG    _get_service_response(REQUEST|fastran_FPP_000001@fastran_driver@2|FRAMEWORK@Framework@0|81)
2026-02-25 14:52:33,170 fastran_pellet_pellet_model_6 DEBUG    Received Message 
2026-02-25 14:52:33,170 fastran_pellet_pellet_model_6 DEBUG    Calling method step(0)
2026-02-25 14:52:33,170 fastran_pellet_pellet_model_6 DEBUG    _invoke_service(): stage_state  (['s000001.00001', 'g000001.00001', 'i000001.00001'], '/pscratch/sd/h/hswils/github_repos/MANTA_DBSCANS/TORIC+TGLF+PELLET/SCAN/work/plasma_state', '/pscratch/sd/h/hswils/github_repos/MANTA_DBSCANS/TORIC+TGLF+PELLET/SCAN/work/fastran_pellet_pellet_model_6')
2026-02-25 14:52:33,170 fastran_pellet_pellet_model_6 DEBUG    _get_service_response(REQUEST|fastran_FPP_000001@pellet_model@6|FRAMEWORK@Framework@0|0)
2026-02-25 14:52:33,180 fastran_driver_fastran_driver_2 DEBUG    _get_service_response(REQUEST|fastran_FPP_000001@fastran_driver@2|FRAMEWORK@Framework@0|81), response = ServiceResponseMessage(sender_id=FRAMEWORK@Framework@0, receiver_id=fastran_FPP_000001@fastran_driver@2, request_msg_id=REQUEST|fastran_FPP_000001@fastran_driver@2|FRAMEWORK@Framework@0|81,status=0, args=(20,), message_id=RESPONSE|FRAMEWORK@Framework@0|fastran_FPP_000001@fastran_driver@2|793)
2026-02-25 14:52:33,180 fastran_driver_fastran_driver_2 DEBUG    _invoke_service(): wait_call  (20, True)
2026-02-25 14:52:33,180 fastran_driver_fastran_driver_2 DEBUG    _get_service_response(REQUEST|fastran_FPP_000001@fastran_driver@2|FRAMEWORK@Framework@0|82)
2026-02-25 14:52:33,193 fastran_pellet_pellet_model_6 DEBUG    _get_service_response(REQUEST|fastran_FPP_000001@pellet_model@6|FRAMEWORK@Framework@0|0), response = ServiceResponseMessage(sender_id=FRAMEWORK@Framework@0, receiver_id=fastran_FPP_000001@pellet_model@6, request_msg_id=REQUEST|fastran_FPP_000001@pellet_model@6|FRAMEWORK@Framework@0|0,status=0, args=(0,), message_id=RESPONSE|FRAMEWORK@Framework@0|fastran_FPP_000001@pellet_model@6|794)
2026-02-25 14:52:33,193 fastran_pellet_pellet_model_6 DEBUG    _invoke_service(): getTopic  ('_IPS_MONITOR',)
2026-02-25 14:52:33,193 fastran_pellet_pellet_model_6 DEBUG    _get_service_response(REQUEST|fastran_FPP_000001@pellet_model@6|FRAMEWORK@Framework@0|1)
2026-02-25 14:52:33,204 fastran_pellet_pellet_model_6 DEBUG    _get_service_response(REQUEST|fastran_FPP_000001@pellet_model@6|FRAMEWORK@Framework@0|1), response = ServiceResponseMessage(sender_id=FRAMEWORK@Framework@0, receiver_id=fastran_FPP_000001@pellet_model@6, request_msg_id=REQUEST|fastran_FPP_000001@pellet_model@6|FRAMEWORK@Framework@0|1,status=0, args=(<ipsframework.cca_es_spec.Topic object at 0x7f487092da30>,), message_id=RESPONSE|FRAMEWORK@Framework@0|fastran_FPP_000001@pellet_model@6|795)
2026-02-25 14:52:33,204 fastran_pellet_pellet_model_6 DEBUG    _invoke_service(): sendEvent  ('_IPS_MONITOR', 'PORTAL_EVENT', {'sim_name': 'fastran_FPP_000001', 'real_sim_name': 'fastran_FPP_000001', 'portal_data': {'code': 'fastran_pellet_pellet_model', 'eventtype': 'IPS_STAGE_STATE', 'ok': True, 'walltime': '330.89', 'time': '2026-02-25|14:52:33PST', 'trace': {'timestamp': 1772059953170384, 'duration': 23237, 'localEndpoint': {'serviceName': 'stage_state'}, 'name': "['s000001.00001', 'g000001.00001', 'i000001.00001']", 'id': '71885aecf25d7412', 'parentId': '007604a927aa9765', 'tags': {}}, 'state': 'Running', 'comment': 'Elapsed time = 0.023  files = s000001.00001 g000001.00001 i000001.00001 Success'}})
2026-02-25 14:52:33,204 fastran_pellet_pellet_model_6 DEBUG    _get_service_response(REQUEST|fastran_FPP_000001@pellet_model@6|FRAMEWORK@Framework@0|2)
2026-02-25 14:52:33,215 fastran_pellet_pellet_model_6 DEBUG    _get_service_response(REQUEST|fastran_FPP_000001@pellet_model@6|FRAMEWORK@Framework@0|2), response = ServiceResponseMessage(sender_id=FRAMEWORK@Framework@0, receiver_id=fastran_FPP_000001@pellet_model@6, request_msg_id=REQUEST|fastran_FPP_000001@pellet_model@6|FRAMEWORK@Framework@0|2,status=0, args=(None,), message_id=RESPONSE|FRAMEWORK@Framework@0|fastran_FPP_000001@pellet_model@6|797)
2026-02-25 14:52:33,220 fastran_pellet_pellet_model_6 DEBUG    _invoke_service(): getTopic  ('_IPS_MONITOR',)
2026-02-25 14:52:33,220 fastran_pellet_pellet_model_6 DEBUG    _get_service_response(REQUEST|fastran_FPP_000001@pellet_model@6|FRAMEWORK@Framework@0|3)
2026-02-25 14:52:33,231 fastran_pellet_pellet_model_6 DEBUG    _get_service_response(REQUEST|fastran_FPP_000001@pellet_model@6|FRAMEWORK@Framework@0|3), response = ServiceResponseMessage(sender_id=FRAMEWORK@Framework@0, receiver_id=fastran_FPP_000001@pellet_model@6, request_msg_id=REQUEST|fastran_FPP_000001@pellet_model@6|FRAMEWORK@Framework@0|3,status=0, args=(<ipsframework.cca_es_spec.Topic object at 0x7f487092d9d0>,), message_id=RESPONSE|FRAMEWORK@Framework@0|fastran_FPP_000001@pellet_model@6|798)
2026-02-25 14:52:33,231 fastran_pellet_pellet_model_6 DEBUG    _invoke_service(): sendEvent  ('_IPS_MONITOR', 'PORTAL_EVENT', {'sim_name': 'fastran_FPP_000001', 'real_sim_name': 'fastran_FPP_000001', 'portal_data': {'code': 'fastran_pellet_pellet_model', 'eventtype': 'IPS_STAGE_INPUTS', 'ok': True, 'walltime': '330.91', 'time': '2026-02-25|14:52:33PST', 'trace': {'timestamp': 1772059953215280, 'duration': 5524, 'localEndpoint': {'serviceName': 'stage_input_files'}, 'name': 'inpellet', 'id': 'cef4534d84e6e144', 'parentId': '007604a927aa9765', 'tags': {}}, 'state': 'Running', 'comment': 'Elapsed time = 0.006 Path = /pscratch/sd/h/hswils/github_repos/MANTA_DBSCANS/TORIC+TGLF+PELLET/input Files = inpellet'}})
2026-02-25 14:52:33,231 fastran_pellet_pellet_model_6 DEBUG    _get_service_response(REQUEST|fastran_FPP_000001@pellet_model@6|FRAMEWORK@Framework@0|4)
2026-02-25 14:52:33,242 fastran_pellet_pellet_model_6 DEBUG    _get_service_response(REQUEST|fastran_FPP_000001@pellet_model@6|FRAMEWORK@Framework@0|4), response = ServiceResponseMessage(sender_id=FRAMEWORK@Framework@0, receiver_id=fastran_FPP_000001@pellet_model@6, request_msg_id=REQUEST|fastran_FPP_000001@pellet_model@6|FRAMEWORK@Framework@0|4,status=0, args=(None,), message_id=RESPONSE|FRAMEWORK@Framework@0|fastran_FPP_000001@pellet_model@6|799)
2026-02-25 14:52:33,364 fastran_pellet_pellet_model_6 DEBUG    _invoke_service(): update_state  (['s000001.00001', 'g000001.00001', 'i000001.00001'], '/pscratch/sd/h/hswils/github_repos/MANTA_DBSCANS/TORIC+TGLF+PELLET/SCAN/work/fastran_pellet_pellet_model_6', '/pscratch/sd/h/hswils/github_repos/MANTA_DBSCANS/TORIC+TGLF+PELLET/SCAN/work/plasma_state')
2026-02-25 14:52:33,364 fastran_pellet_pellet_model_6 DEBUG    _get_service_response(REQUEST|fastran_FPP_000001@pellet_model@6|FRAMEWORK@Framework@0|5)
2026-02-25 14:52:33,384 fastran_pellet_pellet_model_6 DEBUG    _get_service_response(REQUEST|fastran_FPP_000001@pellet_model@6|FRAMEWORK@Framework@0|5), response = ServiceResponseMessage(sender_id=FRAMEWORK@Framework@0, receiver_id=fastran_FPP_000001@pellet_model@6, request_msg_id=REQUEST|fastran_FPP_000001@pellet_model@6|FRAMEWORK@Framework@0|5,status=0, args=(0,), message_id=RESPONSE|FRAMEWORK@Framework@0|fastran_FPP_000001@pellet_model@6|800)
2026-02-25 14:52:33,385 fastran_pellet_pellet_model_6 DEBUG    _invoke_service(): getTopic  ('_IPS_MONITOR',)
2026-02-25 14:52:33,385 fastran_pellet_pellet_model_6 DEBUG    _get_service_response(REQUEST|fastran_FPP_000001@pellet_model@6|FRAMEWORK@Framework@0|6)
2026-02-25 14:52:33,395 fastran_pellet_pellet_model_6 DEBUG    _get_service_response(REQUEST|fastran_FPP_000001@pellet_model@6|FRAMEWORK@Framework@0|6), response = ServiceResponseMessage(sender_id=FRAMEWORK@Framework@0, receiver_id=fastran_FPP_000001@pellet_model@6, request_msg_id=REQUEST|fastran_FPP_000001@pellet_model@6|FRAMEWORK@Framework@0|6,status=0, args=(<ipsframework.cca_es_spec.Topic object at 0x7f487092de50>,), message_id=RESPONSE|FRAMEWORK@Framework@0|fastran_FPP_000001@pellet_model@6|801)
2026-02-25 14:52:33,395 fastran_pellet_pellet_model_6 DEBUG    _invoke_service(): sendEvent  ('_IPS_MONITOR', 'PORTAL_EVENT', {'sim_name': 'fastran_FPP_000001', 'real_sim_name': 'fastran_FPP_000001', 'portal_data': {'code': 'fastran_pellet_pellet_model', 'eventtype': 'IPS_UPDATE_STATE', 'ok': True, 'walltime': '331.08', 'time': '2026-02-25|14:52:33PST', 'trace': {'timestamp': 1772059953364325, 'duration': 20685, 'localEndpoint': {'serviceName': 'update_state'}, 'name': "['s000001.00001', 'g000001.00001', 'i000001.00001']", 'id': '7629e189a66153c0', 'parentId': '007604a927aa9765', 'tags': {}}, 'state': 'Running', 'comment': 'Elapsed time = 0.021   files = s000001.00001 g000001.00001 i000001.00001 Success'}})
2026-02-25 14:52:33,395 fastran_pellet_pellet_model_6 DEBUG    _get_service_response(REQUEST|fastran_FPP_000001@pellet_model@6|FRAMEWORK@Framework@0|7)
2026-02-25 14:52:33,406 fastran_pellet_pellet_model_6 DEBUG    _get_service_response(REQUEST|fastran_FPP_000001@pellet_model@6|FRAMEWORK@Framework@0|7), response = ServiceResponseMessage(sender_id=FRAMEWORK@Framework@0, receiver_id=fastran_FPP_000001@pellet_model@6, request_msg_id=REQUEST|fastran_FPP_000001@pellet_model@6|FRAMEWORK@Framework@0|7,status=0, args=(None,), message_id=RESPONSE|FRAMEWORK@Framework@0|fastran_FPP_000001@pellet_model@6|802)
2026-02-25 14:52:33,416 fastran_pellet_pellet_model_6 DEBUG    _invoke_service(): getTopic  ('_IPS_MONITOR',)
2026-02-25 14:52:33,416 fastran_pellet_pellet_model_6 DEBUG    _get_service_response(REQUEST|fastran_FPP_000001@pellet_model@6|FRAMEWORK@Framework@0|8)
2026-02-25 14:52:33,427 fastran_pellet_pellet_model_6 DEBUG    _get_service_response(REQUEST|fastran_FPP_000001@pellet_model@6|FRAMEWORK@Framework@0|8), response = ServiceResponseMessage(sender_id=FRAMEWORK@Framework@0, receiver_id=fastran_FPP_000001@pellet_model@6, request_msg_id=REQUEST|fastran_FPP_000001@pellet_model@6|FRAMEWORK@Framework@0|8,status=0, args=(<ipsframework.cca_es_spec.Topic object at 0x7f487092dd30>,), message_id=RESPONSE|FRAMEWORK@Framework@0|fastran_FPP_000001@pellet_model@6|803)
2026-02-25 14:52:33,427 fastran_pellet_pellet_model_6 DEBUG    _invoke_service(): sendEvent  ('_IPS_MONITOR', 'PORTAL_EVENT', {'sim_name': 'fastran_FPP_000001', 'real_sim_name': 'fastran_FPP_000001', 'portal_data': {'code': 'fastran_pellet_pellet_model', 'eventtype': 'IPS_STAGE_OUTPUTS', 'ok': True, 'walltime': '331.11', 'time': '2026-02-25|14:52:33PST', 'trace': {'timestamp': 1772059953406484, 'duration': 10026, 'localEndpoint': {'serviceName': 'stage_output_files'}, 'name': '[]', 'id': 'ed019efe11be26d9', 'parentId': '007604a927aa9765', 'tags': {}}, 'state': 'Running', 'comment': 'Elapsed time = 0.010 Path = /pscratch/sd/h/hswils/github_repos/MANTA_DBSCANS/TORIC+TGLF+PELLET/SCAN/simulation_results/0/components/fastran_pellet_pellet_model_6 Files = []'}})
2026-02-25 14:52:33,427 fastran_pellet_pellet_model_6 DEBUG    _get_service_response(REQUEST|fastran_FPP_000001@pellet_model@6|FRAMEWORK@Framework@0|9)
2026-02-25 14:52:33,437 fastran_pellet_pellet_model_6 DEBUG    _get_service_response(REQUEST|fastran_FPP_000001@pellet_model@6|FRAMEWORK@Framework@0|9), response = ServiceResponseMessage(sender_id=FRAMEWORK@Framework@0, receiver_id=fastran_FPP_000001@pellet_model@6, request_msg_id=REQUEST|fastran_FPP_000001@pellet_model@6|FRAMEWORK@Framework@0|9,status=0, args=(None,), message_id=RESPONSE|FRAMEWORK@Framework@0|fastran_FPP_000001@pellet_model@6|804)
2026-02-25 14:52:33,448 fastran_driver_fastran_driver_2 DEBUG    _get_service_response(REQUEST|fastran_FPP_000001@fastran_driver@2|FRAMEWORK@Framework@0|82), response = ServiceResponseMessage(sender_id=FRAMEWORK@Framework@0, receiver_id=fastran_FPP_000001@fastran_driver@2, request_msg_id=REQUEST|fastran_FPP_000001@fastran_driver@2|FRAMEWORK@Framework@0|82,status=0, args=((None,),), message_id=RESPONSE|FRAMEWORK@Framework@0|fastran_FPP_000001@fastran_driver@2|805)
2026-02-25 14:52:33,448 fastran_driver_fastran_driver_2 DEBUG    _invoke_service(): getTopic  ('_IPS_MONITOR',)
2026-02-25 14:52:33,448 fastran_driver_fastran_driver_2 DEBUG    _get_service_response(REQUEST|fastran_FPP_000001@fastran_driver@2|FRAMEWORK@Framework@0|83)
2026-02-25 14:52:33,459 fastran_driver_fastran_driver_2 DEBUG    _get_service_response(REQUEST|fastran_FPP_000001@fastran_driver@2|FRAMEWORK@Framework@0|83), response = ServiceResponseMessage(sender_id=FRAMEWORK@Framework@0, receiver_id=fastran_FPP_000001@fastran_driver@2, request_msg_id=REQUEST|fastran_FPP_000001@fastran_driver@2|FRAMEWORK@Framework@0|83,status=0, args=(<ipsframework.cca_es_spec.Topic object at 0x7f4870a4a850>,), message_id=RESPONSE|FRAMEWORK@Framework@0|fastran_FPP_000001@fastran_driver@2|806)
2026-02-25 14:52:33,459 fastran_driver_fastran_driver_2 DEBUG    _invoke_service(): sendEvent  ('_IPS_MONITOR', 'PORTAL_EVENT', {'sim_name': 'fastran_FPP_000001', 'real_sim_name': 'fastran_FPP_000001', 'portal_data': {'code': 'fastran_driver_fastran_driver', 'eventtype': 'IPS_CALL_END', 'ok': True, 'walltime': '331.14', 'time': '2026-02-25|14:52:33PST', 'trace': {'timestamp': 1772059953180362, 'duration': 268165, 'localEndpoint': {'serviceName': 'fastran_FPP_000001@pellet_model@6'}, 'name': 'step(0)', 'id': '007604a927aa9765', 'parentId': 'f899e3e5886669ce', 'tags': {}}, 'state': 'Running', 'comment': 'Target = fastran_FPP_000001@pellet_model@6:step(0)'}})
2026-02-25 14:52:33,459 fastran_driver_fastran_driver_2 DEBUG    _get_service_response(REQUEST|fastran_FPP_000001@fastran_driver@2|FRAMEWORK@Framework@0|84)
2026-02-25 14:52:33,470 fastran_driver_fastran_driver_2 DEBUG    _get_service_response(REQUEST|fastran_FPP_000001@fastran_driver@2|FRAMEWORK@Framework@0|84), response = ServiceResponseMessage(sender_id=FRAMEWORK@Framework@0, receiver_id=fastran_FPP_000001@fastran_driver@2, request_msg_id=REQUEST|fastran_FPP_000001@fastran_driver@2|FRAMEWORK@Framework@0|84,status=0, args=(None,), message_id=RESPONSE|FRAMEWORK@Framework@0|fastran_FPP_000001@fastran_driver@2|807)
2026-02-25 14:52:33,471 fastran_driver_fastran_driver_2 DEBUG    _invoke_service(): getTopic  ('_IPS_MONITOR',)
2026-02-25 14:52:33,471 fastran_driver_fastran_driver_2 DEBUG    _get_service_response(REQUEST|fastran_FPP_000001@fastran_driver@2|FRAMEWORK@Framework@0|85)
2026-02-25 14:52:33,482 fastran_driver_fastran_driver_2 DEBUG    _get_service_response(REQUEST|fastran_FPP_000001@fastran_driver@2|FRAMEWORK@Framework@0|85), response = ServiceResponseMessage(sender_id=FRAMEWORK@Framework@0, receiver_id=fastran_FPP_000001@fastran_driver@2, request_msg_id=REQUEST|fastran_FPP_000001@fastran_driver@2|FRAMEWORK@Framework@0|85,status=0, args=(<ipsframework.cca_es_spec.Topic object at 0x7f4870a4a910>,), message_id=RESPONSE|FRAMEWORK@Framework@0|fastran_FPP_000001@fastran_driver@2|808)
2026-02-25 14:52:33,482 fastran_driver_fastran_driver_2 DEBUG    _invoke_service(): sendEvent  ('_IPS_MONITOR', 'PORTAL_EVENT', {'sim_name': 'fastran_FPP_000001', 'real_sim_name': 'fastran_FPP_000001', 'portal_data': {'code': 'fastran_driver_fastran_driver', 'eventtype': 'IPS_CALL_BEGIN', 'ok': True, 'walltime': '331.16', 'time': '2026-02-25|14:52:33PST', 'state': 'Running', 'comment': 'Target = fastran_FPP_000001@efit@7:step(0)'}})
2026-02-25 14:52:33,482 fastran_driver_fastran_driver_2 DEBUG    _get_service_response(REQUEST|fastran_FPP_000001@fastran_driver@2|FRAMEWORK@Framework@0|86)
2026-02-25 14:52:33,492 fastran_driver_fastran_driver_2 DEBUG    _get_service_response(REQUEST|fastran_FPP_000001@fastran_driver@2|FRAMEWORK@Framework@0|86), response = ServiceResponseMessage(sender_id=FRAMEWORK@Framework@0, receiver_id=fastran_FPP_000001@fastran_driver@2, request_msg_id=REQUEST|fastran_FPP_000001@fastran_driver@2|FRAMEWORK@Framework@0|86,status=0, args=(None,), message_id=RESPONSE|FRAMEWORK@Framework@0|fastran_FPP_000001@fastran_driver@2|809)
2026-02-25 14:52:33,493 fastran_driver_fastran_driver_2 DEBUG    _invoke_service(): init_call  ('step', 0)
2026-02-25 14:52:33,493 fastran_driver_fastran_driver_2 DEBUG    _get_service_response(REQUEST|fastran_FPP_000001@fastran_driver@2|FRAMEWORK@Framework@0|87)
2026-02-25 14:52:33,493 fastran_eq_efit_7 DEBUG    Received Message 
2026-02-25 14:52:33,493 fastran_eq_efit_7 DEBUG    Calling method step(0)
2026-02-25 14:52:33,494 fastran_eq_efit_7 DEBUG    _invoke_service(): stage_state  (['s000001.00001', 'g000001.00001', 'i000001.00001'], '/pscratch/sd/h/hswils/github_repos/MANTA_DBSCANS/TORIC+TGLF+PELLET/SCAN/work/plasma_state', '/pscratch/sd/h/hswils/github_repos/MANTA_DBSCANS/TORIC+TGLF+PELLET/SCAN/work/fastran_eq_efit_7')
2026-02-25 14:52:33,494 fastran_eq_efit_7 DEBUG    _get_service_response(REQUEST|fastran_FPP_000001@efit@7|FRAMEWORK@Framework@0|0)
2026-02-25 14:52:33,504 fastran_driver_fastran_driver_2 DEBUG    _get_service_response(REQUEST|fastran_FPP_000001@fastran_driver@2|FRAMEWORK@Framework@0|87), response = ServiceResponseMessage(sender_id=FRAMEWORK@Framework@0, receiver_id=fastran_FPP_000001@fastran_driver@2, request_msg_id=REQUEST|fastran_FPP_000001@fastran_driver@2|FRAMEWORK@Framework@0|87,status=0, args=(21,), message_id=RESPONSE|FRAMEWORK@Framework@0|fastran_FPP_000001@fastran_driver@2|810)
2026-02-25 14:52:33,504 fastran_driver_fastran_driver_2 DEBUG    _invoke_service(): wait_call  (21, True)
2026-02-25 14:52:33,504 fastran_driver_fastran_driver_2 DEBUG    _get_service_response(REQUEST|fastran_FPP_000001@fastran_driver@2|FRAMEWORK@Framework@0|88)
2026-02-25 14:52:33,516 fastran_eq_efit_7 DEBUG    _get_service_response(REQUEST|fastran_FPP_000001@efit@7|FRAMEWORK@Framework@0|0), response = ServiceResponseMessage(sender_id=FRAMEWORK@Framework@0, receiver_id=fastran_FPP_000001@efit@7, request_msg_id=REQUEST|fastran_FPP_000001@efit@7|FRAMEWORK@Framework@0|0,status=0, args=(0,), message_id=RESPONSE|FRAMEWORK@Framework@0|fastran_FPP_000001@efit@7|811)
2026-02-25 14:52:33,516 fastran_eq_efit_7 DEBUG    _invoke_service(): getTopic  ('_IPS_MONITOR',)
2026-02-25 14:52:33,516 fastran_eq_efit_7 DEBUG    _get_service_response(REQUEST|fastran_FPP_000001@efit@7|FRAMEWORK@Framework@0|1)
2026-02-25 14:52:33,527 fastran_eq_efit_7 DEBUG    _get_service_response(REQUEST|fastran_FPP_000001@efit@7|FRAMEWORK@Framework@0|1), response = ServiceResponseMessage(sender_id=FRAMEWORK@Framework@0, receiver_id=fastran_FPP_000001@efit@7, request_msg_id=REQUEST|fastran_FPP_000001@efit@7|FRAMEWORK@Framework@0|1,status=0, args=(<ipsframework.cca_es_spec.Topic object at 0x7f487093e3d0>,), message_id=RESPONSE|FRAMEWORK@Framework@0|fastran_FPP_000001@efit@7|812)
2026-02-25 14:52:33,527 fastran_eq_efit_7 DEBUG    _invoke_service(): sendEvent  ('_IPS_MONITOR', 'PORTAL_EVENT', {'sim_name': 'fastran_FPP_000001', 'real_sim_name': 'fastran_FPP_000001', 'portal_data': {'code': 'fastran_eq_efit', 'eventtype': 'IPS_STAGE_STATE', 'ok': True, 'walltime': '331.21', 'time': '2026-02-25|14:52:33PST', 'trace': {'timestamp': 1772059953494129, 'duration': 22192, 'localEndpoint': {'serviceName': 'stage_state'}, 'name': "['s000001.00001', 'g000001.00001', 'i000001.00001']", 'id': '71885aecf25d7412', 'parentId': '13bf82df7dd38026', 'tags': {}}, 'state': 'Running', 'comment': 'Elapsed time = 0.022  files = s000001.00001 g000001.00001 i000001.00001 Success'}})
2026-02-25 14:52:33,527 fastran_eq_efit_7 DEBUG    _get_service_response(REQUEST|fastran_FPP_000001@efit@7|FRAMEWORK@Framework@0|2)
2026-02-25 14:52:33,538 fastran_eq_efit_7 DEBUG    _get_service_response(REQUEST|fastran_FPP_000001@efit@7|FRAMEWORK@Framework@0|2), response = ServiceResponseMessage(sender_id=FRAMEWORK@Framework@0, receiver_id=fastran_FPP_000001@efit@7, request_msg_id=REQUEST|fastran_FPP_000001@efit@7|FRAMEWORK@Framework@0|2,status=0, args=(None,), message_id=RESPONSE|FRAMEWORK@Framework@0|fastran_FPP_000001@efit@7|813)
2026-02-25 14:52:36,058 fastran_eq_efit_7 DEBUG    _invoke_service(): update_state  (['s000001.00001', 'g000001.00001', 'i000001.00001'], '/pscratch/sd/h/hswils/github_repos/MANTA_DBSCANS/TORIC+TGLF+PELLET/SCAN/work/fastran_eq_efit_7', '/pscratch/sd/h/hswils/github_repos/MANTA_DBSCANS/TORIC+TGLF+PELLET/SCAN/work/plasma_state')
2026-02-25 14:52:36,059 fastran_eq_efit_7 DEBUG    _get_service_response(REQUEST|fastran_FPP_000001@efit@7|FRAMEWORK@Framework@0|3)
2026-02-25 14:52:36,080 fastran_eq_efit_7 DEBUG    _get_service_response(REQUEST|fastran_FPP_000001@efit@7|FRAMEWORK@Framework@0|3), response = ServiceResponseMessage(sender_id=FRAMEWORK@Framework@0, receiver_id=fastran_FPP_000001@efit@7, request_msg_id=REQUEST|fastran_FPP_000001@efit@7|FRAMEWORK@Framework@0|3,status=0, args=(0,), message_id=RESPONSE|FRAMEWORK@Framework@0|fastran_FPP_000001@efit@7|819)
2026-02-25 14:52:36,081 fastran_eq_efit_7 DEBUG    _invoke_service(): getTopic  ('_IPS_MONITOR',)
2026-02-25 14:52:36,081 fastran_eq_efit_7 DEBUG    _get_service_response(REQUEST|fastran_FPP_000001@efit@7|FRAMEWORK@Framework@0|4)
2026-02-25 14:52:36,091 fastran_eq_efit_7 DEBUG    _get_service_response(REQUEST|fastran_FPP_000001@efit@7|FRAMEWORK@Framework@0|4), response = ServiceResponseMessage(sender_id=FRAMEWORK@Framework@0, receiver_id=fastran_FPP_000001@efit@7, request_msg_id=REQUEST|fastran_FPP_000001@efit@7|FRAMEWORK@Framework@0|4,status=0, args=(<ipsframework.cca_es_spec.Topic object at 0x7f487093e610>,), message_id=RESPONSE|FRAMEWORK@Framework@0|fastran_FPP_000001@efit@7|820)
2026-02-25 14:52:36,091 fastran_eq_efit_7 DEBUG    _invoke_service(): sendEvent  ('_IPS_MONITOR', 'PORTAL_EVENT', {'sim_name': 'fastran_FPP_000001', 'real_sim_name': 'fastran_FPP_000001', 'portal_data': {'code': 'fastran_eq_efit', 'eventtype': 'IPS_UPDATE_STATE', 'ok': True, 'walltime': '333.77', 'time': '2026-02-25|14:52:36PST', 'trace': {'timestamp': 1772059956057999, 'duration': 23053, 'localEndpoint': {'serviceName': 'update_state'}, 'name': "['s000001.00001', 'g000001.00001', 'i000001.00001']", 'id': '7629e189a66153c0', 'parentId': '13bf82df7dd38026', 'tags': {}}, 'state': 'Running', 'comment': 'Elapsed time = 0.023   files = s000001.00001 g000001.00001 i000001.00001 Success'}})
2026-02-25 14:52:36,092 fastran_eq_efit_7 DEBUG    _get_service_response(REQUEST|fastran_FPP_000001@efit@7|FRAMEWORK@Framework@0|5)
2026-02-25 14:52:36,102 fastran_eq_efit_7 DEBUG    _get_service_response(REQUEST|fastran_FPP_000001@efit@7|FRAMEWORK@Framework@0|5), response = ServiceResponseMessage(sender_id=FRAMEWORK@Framework@0, receiver_id=fastran_FPP_000001@efit@7, request_msg_id=REQUEST|fastran_FPP_000001@efit@7|FRAMEWORK@Framework@0|5,status=0, args=(None,), message_id=RESPONSE|FRAMEWORK@Framework@0|fastran_FPP_000001@efit@7|821)
2026-02-25 14:52:36,127 fastran_eq_efit_7 DEBUG    _invoke_service(): getTopic  ('_IPS_MONITOR',)
2026-02-25 14:52:36,127 fastran_eq_efit_7 DEBUG    _get_service_response(REQUEST|fastran_FPP_000001@efit@7|FRAMEWORK@Framework@0|6)
2026-02-25 14:52:36,138 fastran_eq_efit_7 DEBUG    _get_service_response(REQUEST|fastran_FPP_000001@efit@7|FRAMEWORK@Framework@0|6), response = ServiceResponseMessage(sender_id=FRAMEWORK@Framework@0, receiver_id=fastran_FPP_000001@efit@7, request_msg_id=REQUEST|fastran_FPP_000001@efit@7|FRAMEWORK@Framework@0|6,status=0, args=(<ipsframework.cca_es_spec.Topic object at 0x7f487093edf0>,), message_id=RESPONSE|FRAMEWORK@Framework@0|fastran_FPP_000001@efit@7|822)
2026-02-25 14:52:36,138 fastran_eq_efit_7 DEBUG    _invoke_service(): sendEvent  ('_IPS_MONITOR', 'PORTAL_EVENT', {'sim_name': 'fastran_FPP_000001', 'real_sim_name': 'fastran_FPP_000001', 'portal_data': {'code': 'fastran_eq_efit', 'eventtype': 'IPS_STAGE_OUTPUTS', 'ok': True, 'walltime': '333.82', 'time': '2026-02-25|14:52:36PST', 'trace': {'timestamp': 1772059956102578, 'duration': 25021, 'localEndpoint': {'serviceName': 'stage_output_files'}, 'name': "['g*.*', 'a*.*', 'm*.*', 'k*.*', 'efit.log', 's*.*']", 'id': '80725d8eee5776f1', 'parentId': '13bf82df7dd38026', 'tags': {}}, 'state': 'Running', 'comment': "Elapsed time = 0.025 Path = /pscratch/sd/h/hswils/github_repos/MANTA_DBSCANS/TORIC+TGLF+PELLET/SCAN/simulation_results/0/components/fastran_eq_efit_7 Files = ['g*.*', 'a*.*', 'm*.*', 'k*.*', 'efit.log', 's*.*']"}})
2026-02-25 14:52:36,138 fastran_eq_efit_7 DEBUG    _get_service_response(REQUEST|fastran_FPP_000001@efit@7|FRAMEWORK@Framework@0|7)
2026-02-25 14:52:36,148 fastran_eq_efit_7 DEBUG    _get_service_response(REQUEST|fastran_FPP_000001@efit@7|FRAMEWORK@Framework@0|7), response = ServiceResponseMessage(sender_id=FRAMEWORK@Framework@0, receiver_id=fastran_FPP_000001@efit@7, request_msg_id=REQUEST|fastran_FPP_000001@efit@7|FRAMEWORK@Framework@0|7,status=0, args=(None,), message_id=RESPONSE|FRAMEWORK@Framework@0|fastran_FPP_000001@efit@7|823)
2026-02-25 14:52:36,160 fastran_driver_fastran_driver_2 DEBUG    _get_service_response(REQUEST|fastran_FPP_000001@fastran_driver@2|FRAMEWORK@Framework@0|88), response = ServiceResponseMessage(sender_id=FRAMEWORK@Framework@0, receiver_id=fastran_FPP_000001@fastran_driver@2, request_msg_id=REQUEST|fastran_FPP_000001@fastran_driver@2|FRAMEWORK@Framework@0|88,status=0, args=((None,),), message_id=RESPONSE|FRAMEWORK@Framework@0|fastran_FPP_000001@fastran_driver@2|824)
2026-02-25 14:52:36,161 fastran_driver_fastran_driver_2 DEBUG    _invoke_service(): getTopic  ('_IPS_MONITOR',)
2026-02-25 14:52:36,161 fastran_driver_fastran_driver_2 DEBUG    _get_service_response(REQUEST|fastran_FPP_000001@fastran_driver@2|FRAMEWORK@Framework@0|89)
2026-02-25 14:52:36,171 fastran_driver_fastran_driver_2 DEBUG    _get_service_response(REQUEST|fastran_FPP_000001@fastran_driver@2|FRAMEWORK@Framework@0|89), response = ServiceResponseMessage(sender_id=FRAMEWORK@Framework@0, receiver_id=fastran_FPP_000001@fastran_driver@2, request_msg_id=REQUEST|fastran_FPP_000001@fastran_driver@2|FRAMEWORK@Framework@0|89,status=0, args=(<ipsframework.cca_es_spec.Topic object at 0x7f4870a4a6a0>,), message_id=RESPONSE|FRAMEWORK@Framework@0|fastran_FPP_000001@fastran_driver@2|825)
2026-02-25 14:52:36,171 fastran_driver_fastran_driver_2 DEBUG    _invoke_service(): sendEvent  ('_IPS_MONITOR', 'PORTAL_EVENT', {'sim_name': 'fastran_FPP_000001', 'real_sim_name': 'fastran_FPP_000001', 'portal_data': {'code': 'fastran_driver_fastran_driver', 'eventtype': 'IPS_CALL_END', 'ok': True, 'walltime': '333.85', 'time': '2026-02-25|14:52:36PST', 'trace': {'timestamp': 1772059953504104, 'duration': 2656904, 'localEndpoint': {'serviceName': 'fastran_FPP_000001@efit@7'}, 'name': 'step(0)', 'id': '13bf82df7dd38026', 'parentId': 'f899e3e5886669ce', 'tags': {}}, 'state': 'Running', 'comment': 'Target = fastran_FPP_000001@efit@7:step(0)'}})
2026-02-25 14:52:36,172 fastran_driver_fastran_driver_2 DEBUG    _get_service_response(REQUEST|fastran_FPP_000001@fastran_driver@2|FRAMEWORK@Framework@0|90)
2026-02-25 14:52:36,182 fastran_driver_fastran_driver_2 DEBUG    _get_service_response(REQUEST|fastran_FPP_000001@fastran_driver@2|FRAMEWORK@Framework@0|90), response = ServiceResponseMessage(sender_id=FRAMEWORK@Framework@0, receiver_id=fastran_FPP_000001@fastran_driver@2, request_msg_id=REQUEST|fastran_FPP_000001@fastran_driver@2|FRAMEWORK@Framework@0|90,status=0, args=(None,), message_id=RESPONSE|FRAMEWORK@Framework@0|fastran_FPP_000001@fastran_driver@2|826)
2026-02-25 14:52:36,183 fastran_driver_fastran_driver_2 DEBUG    _invoke_service(): getTopic  ('_IPS_MONITOR',)
2026-02-25 14:52:36,183 fastran_driver_fastran_driver_2 DEBUG    _get_service_response(REQUEST|fastran_FPP_000001@fastran_driver@2|FRAMEWORK@Framework@0|91)
2026-02-25 14:52:36,193 fastran_driver_fastran_driver_2 DEBUG    _get_service_response(REQUEST|fastran_FPP_000001@fastran_driver@2|FRAMEWORK@Framework@0|91), response = ServiceResponseMessage(sender_id=FRAMEWORK@Framework@0, receiver_id=fastran_FPP_000001@fastran_driver@2, request_msg_id=REQUEST|fastran_FPP_000001@fastran_driver@2|FRAMEWORK@Framework@0|91,status=0, args=(<ipsframework.cca_es_spec.Topic object at 0x7f4870a4a970>,), message_id=RESPONSE|FRAMEWORK@Framework@0|fastran_FPP_000001@fastran_driver@2|827)
2026-02-25 14:52:36,194 fastran_driver_fastran_driver_2 DEBUG    _invoke_service(): sendEvent  ('_IPS_MONITOR', 'PORTAL_EVENT', {'sim_name': 'fastran_FPP_000001', 'real_sim_name': 'fastran_FPP_000001', 'portal_data': {'code': 'fastran_driver_fastran_driver', 'eventtype': 'IPS_CALL_BEGIN', 'ok': True, 'walltime': '333.88', 'time': '2026-02-25|14:52:36PST', 'state': 'Running', 'comment': 'Target = fastran_FPP_000001@fastran@8:step(0)'}})
2026-02-25 14:52:36,194 fastran_driver_fastran_driver_2 DEBUG    _get_service_response(REQUEST|fastran_FPP_000001@fastran_driver@2|FRAMEWORK@Framework@0|92)
2026-02-25 14:52:36,204 fastran_driver_fastran_driver_2 DEBUG    _get_service_response(REQUEST|fastran_FPP_000001@fastran_driver@2|FRAMEWORK@Framework@0|92), response = ServiceResponseMessage(sender_id=FRAMEWORK@Framework@0, receiver_id=fastran_FPP_000001@fastran_driver@2, request_msg_id=REQUEST|fastran_FPP_000001@fastran_driver@2|FRAMEWORK@Framework@0|92,status=0, args=(None,), message_id=RESPONSE|FRAMEWORK@Framework@0|fastran_FPP_000001@fastran_driver@2|828)
2026-02-25 14:52:36,205 fastran_driver_fastran_driver_2 DEBUG    _invoke_service(): init_call  ('step', 0)
2026-02-25 14:52:36,205 fastran_driver_fastran_driver_2 DEBUG    _get_service_response(REQUEST|fastran_FPP_000001@fastran_driver@2|FRAMEWORK@Framework@0|93)
2026-02-25 14:52:36,205 fastran_tr_fastran_8 DEBUG    Received Message 
2026-02-25 14:52:36,205 fastran_tr_fastran_8 DEBUG    Calling method step(0)
2026-02-25 14:52:36,206 fastran_tr_fastran_8 DEBUG    _invoke_service(): stage_state  (['s000001.00001', 'g000001.00001', 'i000001.00001'], '/pscratch/sd/h/hswils/github_repos/MANTA_DBSCANS/TORIC+TGLF+PELLET/SCAN/work/plasma_state', '/pscratch/sd/h/hswils/github_repos/MANTA_DBSCANS/TORIC+TGLF+PELLET/SCAN/work/fastran_tr_fastran_8')
2026-02-25 14:52:36,206 fastran_tr_fastran_8 DEBUG    _get_service_response(REQUEST|fastran_FPP_000001@fastran@8|FRAMEWORK@Framework@0|0)
2026-02-25 14:52:36,215 fastran_driver_fastran_driver_2 DEBUG    _get_service_response(REQUEST|fastran_FPP_000001@fastran_driver@2|FRAMEWORK@Framework@0|93), response = ServiceResponseMessage(sender_id=FRAMEWORK@Framework@0, receiver_id=fastran_FPP_000001@fastran_driver@2, request_msg_id=REQUEST|fastran_FPP_000001@fastran_driver@2|FRAMEWORK@Framework@0|93,status=0, args=(22,), message_id=RESPONSE|FRAMEWORK@Framework@0|fastran_FPP_000001@fastran_driver@2|829)
2026-02-25 14:52:36,215 fastran_driver_fastran_driver_2 DEBUG    _invoke_service(): wait_call  (22, True)
2026-02-25 14:52:36,216 fastran_driver_fastran_driver_2 DEBUG    _get_service_response(REQUEST|fastran_FPP_000001@fastran_driver@2|FRAMEWORK@Framework@0|94)
2026-02-25 14:52:36,227 fastran_tr_fastran_8 DEBUG    _get_service_response(REQUEST|fastran_FPP_000001@fastran@8|FRAMEWORK@Framework@0|0), response = ServiceResponseMessage(sender_id=FRAMEWORK@Framework@0, receiver_id=fastran_FPP_000001@fastran@8, request_msg_id=REQUEST|fastran_FPP_000001@fastran@8|FRAMEWORK@Framework@0|0,status=0, args=(0,), message_id=RESPONSE|FRAMEWORK@Framework@0|fastran_FPP_000001@fastran@8|830)
2026-02-25 14:52:36,227 fastran_tr_fastran_8 DEBUG    _invoke_service(): getTopic  ('_IPS_MONITOR',)
2026-02-25 14:52:36,227 fastran_tr_fastran_8 DEBUG    _get_service_response(REQUEST|fastran_FPP_000001@fastran@8|FRAMEWORK@Framework@0|1)
2026-02-25 14:52:36,238 fastran_tr_fastran_8 DEBUG    _get_service_response(REQUEST|fastran_FPP_000001@fastran@8|FRAMEWORK@Framework@0|1), response = ServiceResponseMessage(sender_id=FRAMEWORK@Framework@0, receiver_id=fastran_FPP_000001@fastran@8, request_msg_id=REQUEST|fastran_FPP_000001@fastran@8|FRAMEWORK@Framework@0|1,status=0, args=(<ipsframework.cca_es_spec.Topic object at 0x7f4870938d00>,), message_id=RESPONSE|FRAMEWORK@Framework@0|fastran_FPP_000001@fastran@8|831)
2026-02-25 14:52:36,238 fastran_tr_fastran_8 DEBUG    _invoke_service(): sendEvent  ('_IPS_MONITOR', 'PORTAL_EVENT', {'sim_name': 'fastran_FPP_000001', 'real_sim_name': 'fastran_FPP_000001', 'portal_data': {'code': 'fastran_tr_fastran', 'eventtype': 'IPS_STAGE_STATE', 'ok': True, 'walltime': '333.92', 'time': '2026-02-25|14:52:36PST', 'trace': {'timestamp': 1772059956206085, 'duration': 21171, 'localEndpoint': {'serviceName': 'stage_state'}, 'name': "['s000001.00001', 'g000001.00001', 'i000001.00001']", 'id': '71885aecf25d7412', 'parentId': 'df5e6cd0e63af24f', 'tags': {}}, 'state': 'Running', 'comment': 'Elapsed time = 0.021  files = s000001.00001 g000001.00001 i000001.00001 Success'}})
2026-02-25 14:52:36,238 fastran_tr_fastran_8 DEBUG    _get_service_response(REQUEST|fastran_FPP_000001@fastran@8|FRAMEWORK@Framework@0|2)
2026-02-25 14:52:36,248 fastran_tr_fastran_8 DEBUG    _get_service_response(REQUEST|fastran_FPP_000001@fastran@8|FRAMEWORK@Framework@0|2), response = ServiceResponseMessage(sender_id=FRAMEWORK@Framework@0, receiver_id=fastran_FPP_000001@fastran@8, request_msg_id=REQUEST|fastran_FPP_000001@fastran@8|FRAMEWORK@Framework@0|2,status=0, args=(None,), message_id=RESPONSE|FRAMEWORK@Framework@0|fastran_FPP_000001@fastran@8|832)
2026-02-25 14:52:36,258 fastran_tr_fastran_8 DEBUG    _invoke_service(): getTopic  ('_IPS_MONITOR',)
2026-02-25 14:52:36,258 fastran_tr_fastran_8 DEBUG    _get_service_response(REQUEST|fastran_FPP_000001@fastran@8|FRAMEWORK@Framework@0|3)
2026-02-25 14:52:36,269 fastran_tr_fastran_8 DEBUG    _get_service_response(REQUEST|fastran_FPP_000001@fastran@8|FRAMEWORK@Framework@0|3), response = ServiceResponseMessage(sender_id=FRAMEWORK@Framework@0, receiver_id=fastran_FPP_000001@fastran@8, request_msg_id=REQUEST|fastran_FPP_000001@fastran@8|FRAMEWORK@Framework@0|3,status=0, args=(<ipsframework.cca_es_spec.Topic object at 0x7f4870938eb0>,), message_id=RESPONSE|FRAMEWORK@Framework@0|fastran_FPP_000001@fastran@8|833)
2026-02-25 14:52:36,269 fastran_tr_fastran_8 DEBUG    _invoke_service(): sendEvent  ('_IPS_MONITOR', 'PORTAL_EVENT', {'sim_name': 'fastran_FPP_000001', 'real_sim_name': 'fastran_FPP_000001', 'portal_data': {'code': 'fastran_tr_fastran', 'eventtype': 'IPS_STAGE_INPUTS', 'ok': True, 'walltime': '333.95', 'time': '2026-02-25|14:52:36PST', 'trace': {'timestamp': 1772059956249002, 'duration': 9777, 'localEndpoint': {'serviceName': 'stage_input_files'}, 'name': 'infastran intglf', 'id': '5ff6e2efe4653e6c', 'parentId': 'df5e6cd0e63af24f', 'tags': {}}, 'state': 'Running', 'comment': 'Elapsed time = 0.010 Path = /pscratch/sd/h/hswils/github_repos/MANTA_DBSCANS/TORIC+TGLF+PELLET/input Files = infastran intglf'}})
2026-02-25 14:52:36,269 fastran_tr_fastran_8 DEBUG    _get_service_response(REQUEST|fastran_FPP_000001@fastran@8|FRAMEWORK@Framework@0|4)
2026-02-25 14:52:36,279 fastran_tr_fastran_8 DEBUG    _get_service_response(REQUEST|fastran_FPP_000001@fastran@8|FRAMEWORK@Framework@0|4), response = ServiceResponseMessage(sender_id=FRAMEWORK@Framework@0, receiver_id=fastran_FPP_000001@fastran@8, request_msg_id=REQUEST|fastran_FPP_000001@fastran@8|FRAMEWORK@Framework@0|4,status=0, args=(None,), message_id=RESPONSE|FRAMEWORK@Framework@0|fastran_FPP_000001@fastran@8|834)
2026-02-25 14:52:36,511 fastran_tr_fastran_8 DEBUG    _invoke_service(): init_task  (TaskInit(nproc=126, binary='/global/common/software/atom/perlmutter/binaries/fastran/default/xfastran_ver1.07', working_dir='/pscratch/sd/h/hswils/github_repos/MANTA_DBSCANS/TORIC+TGLF+PELLET/SCAN/work/fastran_tr_fastran_8', tppn=0, tcpp=0, tgpp=0, block=True, omp=False, wnodes=True, wsocks=True, cmd_args=('6', '21')),)
2026-02-25 14:52:36,511 fastran_tr_fastran_8 DEBUG    _get_service_response(REQUEST|fastran_FPP_000001@fastran@8|FRAMEWORK@Framework@0|5)
2026-02-25 14:52:36,522 fastran_tr_fastran_8 DEBUG    _get_service_response(REQUEST|fastran_FPP_000001@fastran@8|FRAMEWORK@Framework@0|5), response = ServiceResponseMessage(sender_id=FRAMEWORK@Framework@0, receiver_id=fastran_FPP_000001@fastran@8, request_msg_id=REQUEST|fastran_FPP_000001@fastran@8|FRAMEWORK@Framework@0|5,status=0, args=((3, 'srun -N 1 -n 126 -c 1 --threads-per-core=1 --cpu-bind=cores /global/common/software/atom/perlmutter/binaries/fastran/default/xfastran_ver1.07 6 21', None, 128),), message_id=RESPONSE|FRAMEWORK@Framework@0|fastran_FPP_000001@fastran@8|836)
2026-02-25 14:52:36,523 fastran_tr_fastran_8 DEBUG    Launching command : srun -N 1 -n 126 -c 1 --threads-per-core=1 --cpu-bind=cores /global/common/software/atom/perlmutter/binaries/fastran/default/xfastran_ver1.07 6 21
2026-02-25 14:52:36,545 fastran_tr_fastran_8 DEBUG    _invoke_service(): getTopic  ('_IPS_MONITOR',)
2026-02-25 14:52:36,546 fastran_tr_fastran_8 DEBUG    _get_service_response(REQUEST|fastran_FPP_000001@fastran@8|FRAMEWORK@Framework@0|6)
2026-02-25 14:52:36,557 fastran_tr_fastran_8 DEBUG    _get_service_response(REQUEST|fastran_FPP_000001@fastran@8|FRAMEWORK@Framework@0|6), response = ServiceResponseMessage(sender_id=FRAMEWORK@Framework@0, receiver_id=fastran_FPP_000001@fastran@8, request_msg_id=REQUEST|fastran_FPP_000001@fastran@8|FRAMEWORK@Framework@0|6,status=0, args=(<ipsframework.cca_es_spec.Topic object at 0x7f48709382b0>,), message_id=RESPONSE|FRAMEWORK@Framework@0|fastran_FPP_000001@fastran@8|837)
2026-02-25 14:52:36,557 fastran_tr_fastran_8 DEBUG    _invoke_service(): sendEvent  ('_IPS_MONITOR', 'PORTAL_EVENT', {'sim_name': 'fastran_FPP_000001', 'real_sim_name': 'fastran_FPP_000001', 'portal_data': {'code': 'fastran_tr_fastran', 'eventtype': 'IPS_LAUNCH_TASK', 'ok': True, 'walltime': '334.24', 'time': '2026-02-25|14:52:36PST', 'state': 'Running', 'comment': 'task_id = 3 , Tag = None , nproc = 126 , Target = srun -N 1 -n 126 -c 1 --threads-per-core=1 --cpu-bind=cores /global/common/software/atom/perlmutter/binaries/fastran/default/xfastran_ver1.07 6 21'}})
2026-02-25 14:52:36,557 fastran_tr_fastran_8 DEBUG    _get_service_response(REQUEST|fastran_FPP_000001@fastran@8|FRAMEWORK@Framework@0|7)
2026-02-25 14:52:36,567 fastran_tr_fastran_8 DEBUG    _get_service_response(REQUEST|fastran_FPP_000001@fastran@8|FRAMEWORK@Framework@0|7), response = ServiceResponseMessage(sender_id=FRAMEWORK@Framework@0, receiver_id=fastran_FPP_000001@fastran@8, request_msg_id=REQUEST|fastran_FPP_000001@fastran@8|FRAMEWORK@Framework@0|7,status=0, args=(None,), message_id=RESPONSE|FRAMEWORK@Framework@0|fastran_FPP_000001@fastran@8|838)
