  EFITD    01/01/2017    #000001     1ms           3 129 129
 4.550000000E+00 8.564705882E+00 4.550000000E+00 2.248235294E+00 0.000000000E+00
 4.754235636E+00 5.532256034E-02-1.842088090E+01-1.198117208E+01 1.100000000E+01
 9.999999995E+06-1.842088090E+01 0.000000000E+00 4.754235636E+00 0.000000000E+00
 5.532256034E-02 0.000000000E+00-1.198117208E+01 0.000000000E+00 0.000000000E+00
 5.075660502E+01 5.076123729E+01 5.076516916E+01 5.076842212E+01 5.077101397E+01
 5.077296224E+01 5.077428430E+01 5.077499766E+01 5.077511954E+01 5.077466718E+01
 5.077365749E+01 5.077210756E+01 5.077003446E+01 5.076746454E+01 5.076446714E+01
 5.076109377E+01 5.075731102E+01 5.075305382E+01 5.074829539E+01 5.074306178E+01
 5.073739480E+01 5.073133021E+01 5.072489805E+01 5.071812452E+01 5.071103287E+01
 5.070364490E+01 5.069598034E+01 5.068805639E+01 5.067988867E+01 5.067149381E+01
 5.066289022E+01 5.065409761E+01 5.064513454E+01 5.063601837E+01 5.062676663E+01
 5.061739639E+01 5.060792428E+01 5.059836532E+01 5.058873231E+01 5.057903689E+01
 5.056929024E+01 5.055950282E+01 5.054968301E+01 5.053983876E+01 5.052997788E+01
 5.052010699E+01 5.051023271E+01 5.050036197E+01 5.049050021E+01 5.048065375E+01
 5.047082776E+01 5.046102768E+01 5.045125836E+01 5.044152422E+01 5.043182998E+01
 5.042217975E+01 5.041257766E+01 5.040302767E+01 5.039353348E+01 5.038409847E+01
 5.037472617E+01 5.036541966E+01 5.035618220E+01 5.034701672E+01 5.033792617E+01
 5.032891334E+01 5.031998103E+01 5.031113190E+01 5.030236829E+01 5.029369301E+01
 5.028510840E+01 5.027661683E+01 5.026822094E+01 5.025992310E+01 5.025172579E+01
 5.024363123E+01 5.023564193E+01 5.022776038E+01 5.021998894E+01 5.021232981E+01
 5.020478537E+01 5.019735780E+01 5.019004947E+01 5.018286258E+01 5.017579950E+01
 5.016886213E+01 5.016205326E+01 5.015537453E+01 5.014882873E+01 5.014241806E+01
 5.013614459E+01 5.013001111E+01 5.012401998E+01 5.011817414E+01 5.011247638E+01
 5.010692952E+01 5.010153634E+01 5.009629978E+01 5.009122280E+01 5.008630848E+01
 5.008156050E+01 5.007698225E+01 5.007257726E+01 5.006834907E+01 5.006430179E+01
 5.006044234E+01 5.005678295E+01 5.005333259E+01 5.005009436E+01 5.004710034E+01
 5.004442590E+01 5.004217704E+01 5.004045355E+01 5.003928371E+01 5.003864542E+01
 5.003851088E+01 5.003885916E+01 5.003967292E+01 5.004090047E+01 5.004244731E+01
 5.004418905E+01 5.004598349E+01 5.004768666E+01 5.004916166E+01 5.005031105E+01
 5.005112068E+01 5.005151740E+01 5.005125449E+01 5.005000000E+01
 1.718101158E+06 1.669647416E+06 1.622647764E+06 1.577074164E+06 1.532898567E+06
 1.490092936E+06 1.448629227E+06 1.408479398E+06 1.369615411E+06 1.332009216E+06
 1.295632777E+06 1.260458053E+06 1.226456995E+06 1.193583863E+06 1.161715059E+06
 1.130759342E+06 1.100779513E+06 1.071895688E+06 1.044159091E+06 1.017524172E+06
 9.919167299E+05 9.672729019E+05 9.435395657E+05 9.206706352E+05 8.986247861E+05
 8.773636008E+05 8.568523615E+05 8.370609118E+05 8.179617182E+05 7.995258466E+05
 7.817203548E+05 7.645105460E+05 7.478632329E+05 7.317472338E+05 7.161319902E+05
 7.009869617E+05 6.862825002E+05 6.719917982E+05 6.580922167E+05 6.445637027E+05
 6.313865184E+05 6.185423956E+05 6.060166995E+05 5.937959506E+05 5.818667693E+05
 5.702179692E+05 5.588382762E+05 5.477162556E+05 5.368424303E+05 5.262066967E+05
 5.158000282E+05 5.056141241E+05 4.956406779E+05 4.858725930E+05 4.763024852E+05
 4.669238508E+05 4.577301195E+05 4.487153231E+05 4.398737260E+05 4.312000377E+05
 4.226893030E+05 4.143367759E+05 4.061379943E+05 3.980885601E+05 3.901844015E+05
 3.824214680E+05 3.747961962E+05 3.673049350E+05 3.599445140E+05 3.527114819E+05
 3.456027591E+05 3.386150606E+05 3.317453491E+05 3.249906632E+05 3.183479175E+05
 3.118143773E+05 3.053868603E+05 2.990627100E+05 2.928389704E+05 2.867130005E+05
 2.806823127E+05 2.747441972E+05 2.688964423E+05 2.631363962E+05 2.574617835E+05
 2.518702495E+05 2.463593063E+05 2.409268719E+05 2.355704048E+05 2.302877212E+05
 2.250764388E+05 2.199338970E+05 2.148575553E+05 2.098441662E+05 2.048906655E+05
 1.999938877E+05 1.951507299E+05 1.903585246E+05 1.856138784E+05 1.809131243E+05
 1.762521595E+05 1.716269197E+05 1.670336466E+05 1.624680549E+05 1.579251132E+05
 1.533942201E+05 1.488553214E+05 1.442938507E+05 1.397070277E+05 1.350361101E+05
 1.301394945E+05 1.248165911E+05 1.188789483E+05 1.122747320E+05 1.050492963E+05
 9.725877331E+04 8.894572030E+04 8.014536579E+04 7.095729462E+04 6.156276901E+04
 5.219806840E+04 4.312923002E+04 3.462177386E+04 2.692065542E+04 2.018439941E+04
 1.440401835E+04 9.679286070E+03 6.430758263E+03 5.205915404E+03
 5.033056578E+00 4.314132212E+00 3.620453611E+00 2.944587118E+00 2.286407778E+00
 1.645815996E+00 1.022749266E+00 4.171282847E-01-1.711248314E-01-7.420843595E-01
-1.295825564E+00-1.832419237E+00-2.351932275E+00-2.834805919E+00-3.214199544E+00
-3.593188841E+00-4.039932039E+00-4.549644726E+00-5.050545682E+00-5.507267480E+00
-5.923725170E+00-6.307675220E+00-6.663396850E+00-6.994519235E+00-7.302785215E+00
-7.589757450E+00-7.858047175E+00-8.110138850E+00-8.346518345E+00-8.565237010E+00
-8.763925940E+00-8.943129415E+00-9.104042640E+00-9.247728270E+00-9.373874345E+00
-9.482875105E+00-9.575365305E+00-9.653864605E+00-9.720447165E+00-9.775875395E+00
-9.819742405E+00-9.854107560E+00-9.880871220E+00-9.899390105E+00-9.910444500E+00
-9.915642495E+00-9.913281455E+00-9.904904405E+00-9.891095830E+00-9.870590895E+00
-9.845830280E+00-9.815153755E+00-9.780208405E+00-9.740661370E+00-9.696523980E+00
-9.648734315E+00-9.596274655E+00-9.540801655E+00-9.480909900E+00-9.418464660E+00
-9.351952060E+00-9.283104490E+00-9.210483205E+00-9.135571060E+00-9.057241545E+00
-8.976607750E+00-8.893075675E+00-8.807122335E+00-8.718775450E+00-8.627682690E+00
-8.534584355E+00-8.438483240E+00-8.340628560E+00-8.239847660E+00-8.137135325E+00
-8.031859275E+00-7.924152665E+00-7.814413750E+00-7.701905860E+00-7.587661235E+00
-7.470798115E+00-7.351921500E+00-7.230933875E+00-7.107436325E+00-6.982181580E+00
-6.854313620E+00-6.724503280E+00-6.592479465E+00-6.457989340E+00-6.321617995E+00
-6.182549175E+00-6.041251260E+00-5.897343815E+00-5.750420225E+00-5.601032030E+00
-5.448485113E+00-5.293476155E+00-5.135725617E+00-4.974693768E+00-4.810581501E+00
-4.642684805E+00-4.471681803E+00-4.297180310E+00-4.118954730E+00-3.936406650E+00
-3.744307248E+00-3.537969600E+00-3.327702642E+00-3.115558545E+00-2.841340859E+00
-2.479384567E+00-1.994409725E+00-1.434192782E+00-8.928307575E-01-3.768334158E-01
 1.092278154E-01 5.835502860E-01 1.035010801E+00 1.407063740E+00 1.670209585E+00
 1.794539131E+00 1.775411583E+00 1.613214427E+00 1.321517291E+00 9.654149670E-01
 6.454540620E-01 1.436856206E-01-6.667153955E-01-1.829278732E+00
-9.776898757E+05-9.485086903E+05-9.198848991E+05-8.918184789E+05-8.643094452E+05
-8.373577980E+05-8.109635296E+05-7.851266399E+05-7.598471390E+05-7.351250169E+05
-7.109602774E+05-6.873529197E+05-6.643029447E+05-6.425142146E+05-6.243775877E+05
-6.062157807E+05-5.855829367E+05-5.626458632E+05-5.399768069E+05-5.188503944E+05
-4.991312045E+05-4.805435412E+05-4.629360702E+05-4.461804975E+05-4.302158528E+05
-4.149875391E+05-4.004029052E+05-3.863735847E+05-3.728833590E+05-3.600042123E+05
-3.478237400E+05-3.363238947E+05-3.254625573E+05-3.152024029E+05-3.055558451E+05
-2.965097302E+05-2.880418569E+05-2.800615012E+05-2.724934543E+05-2.653101957E+05
-2.585270980E+05-2.520697786E+05-2.458685949E+05-2.399471548E+05-2.342777014E+05
-2.288011831E+05-2.235797403E+05-2.185577817E+05-2.137132445E+05-2.090927989E+05
-2.046071919E+05-2.003165638E+05-1.961613593E+05-1.921527528E+05-1.882910867E+05
-1.845410529E+05-1.809405016E+05-1.774279097E+05-1.740551262E+05-1.707530638E+05
-1.675772294E+05-1.644636897E+05-1.614652666E+05-1.585267842E+05-1.556899553E+05
-1.529126525E+05-1.502174225E+05-1.475853441E+05-1.450160073E+05-1.425213472E+05
-1.400741207E+05-1.377103221E+05-1.353837786E+05-1.331375857E+05-1.309337928E+05
-1.287963178E+05-1.267189816E+05-1.246872117E+05-1.227272970E+05-1.208005243E+05
-1.189395198E+05-1.171204631E+05-1.153473888E+05-1.136337354E+05-1.119511312E+05
-1.103310796E+05-1.087473733E+05-1.072101009E+05-1.057273993E+05-1.042769776E+05
-1.028889527E+05-1.015443159E+05-1.002572751E+05-9.904173233E+04-9.787652153E+04
-9.678679366E+04-9.574495693E+04-9.476125279E+04-9.385433296E+04-9.301639601E+04
-9.227256221E+04-9.159621566E+04-9.100178221E+04-9.049577570E+04-9.010138391E+04
-9.001679126E+04-9.041964707E+04-9.091409002E+04-9.142748259E+04-9.425714423E+04
-1.003997331E+05-1.112035053E+05-1.248376893E+05-1.377020300E+05-1.495332515E+05
-1.601661331E+05-1.703055807E+05-1.795379917E+05-1.857186188E+05-1.877452423E+05
-1.845329804E+05-1.759837292E+05-1.622161517E+05-1.439291094E+05-1.238596344E+05
-1.059298779E+05-8.189405892E+04-4.724580508E+04-1.445802129E+03
 1.680275929E+00 1.754496836E+00 1.831578478E+00 1.911591575E+00 1.994560902E+00
 2.080445843E+00 2.169121300E+00 2.260363050E+00 2.353841532E+00 2.449125255E+00
 2.545690647E+00 2.642931444E+00 2.740160315E+00 2.836597565E+00 2.932050728E+00
 3.008603475E+00 3.055352349E+00 3.062895618E+00 3.043130904E+00 3.037821579E+00
 3.054368535E+00 3.095102007E+00 3.163929232E+00 3.248667359E+00 3.310428121E+00
 3.353076671E+00 3.379497238E+00 3.391610091E+00 3.390580664E+00 3.377019618E+00
 3.351154316E+00 3.312967567E+00 3.262253527E+00 3.198572881E+00 3.121164359E+00
 3.028850971E+00 2.919921036E+00 2.791945296E+00 2.641502064E+00 2.463836350E+00
 2.252661873E+00 2.045835944E+00 1.865901429E+00 1.707873586E+00 1.568113784E+00
 1.444135647E+00 1.334316247E+00 1.237669622E+00 1.153699326E+00 1.082312767E+00
 1.023780775E+00 9.787321271E-01 9.481786810E-01 9.335712581E-01 9.368896181E-01
 9.607698054E-01 1.008659488E+00 1.084942200E+00 1.189807790E+00 1.252039822E+00
 1.277063505E+00 1.261881164E+00 1.202792115E+00 1.113084954E+00 9.869385673E-01
 8.177847315E-01 6.168387893E-01 3.757765585E-01 8.510903157E-02-2.465240814E-01
-6.307997537E-01-1.057376141E+00-1.453660405E+00-1.825214850E+00-2.176339123E+00
-2.510481111E+00-2.830362390E+00-3.138132426E+00-3.435499055E+00-3.723828680E+00
-4.004221281E+00-4.277566342E+00-4.544584952E+00-4.805861480E+00-5.061867771E+00
-5.312981703E+00-5.559501647E+00-5.801657694E+00-6.039620520E+00-6.273508561E+00
-6.503393642E+00-6.729305744E+00-6.951237027E+00-7.169144980E+00-7.382955572E+00
-7.592565813E+00-7.797846316E+00-7.998643699E+00-8.194783031E+00-8.386070309E+00
-8.572295024E+00-8.753232836E+00-8.928648453E+00-9.098298546E+00-9.261935057E+00
-9.419308391E+00-9.570170886E+00-9.714280197E+00-9.851402962E+00-9.981318152E+00
-1.010382054E+01-1.021872407E+01-1.032586462E+01-1.042510310E+01-1.051632755E+01
-1.059945537E+01-1.067443489E+01-1.074124640E+01-1.079990277E+01-1.085044977E+01
-1.089296535E+01-1.092755905E+01-1.095437073E+01-1.097356859E+01-1.098534750E+01
-1.098992632E+01-1.098754562E+01-1.097846481E+01-1.096295929E+01 1.734787053E+00
 1.814114340E+00 1.897052876E+00 1.983821270E+00 2.074598289E+00 2.169485459E+00
 2.268463143E+00 2.371352437E+00 2.477802160E+00 2.587313892E+00 2.699296057E+00
 2.813122642E+00 2.928532768E+00 3.033494654E+00 3.110395949E+00 3.155663445E+00
 3.172294372E+00 3.154061082E+00 3.108024699E+00 3.079024615E+00 3.072758909E+00
 3.090304856E+00 3.134768710E+00 3.195730416E+00 3.237337503E+00 3.263779345E+00
 3.277099449E+00 3.278404001E+00 3.268275241E+00 3.246939743E+00 3.214384091E+00
 3.170452738E+00 3.114881791E+00 3.047248824E+00 2.966892989E+00 2.872845069E+00
 2.763752758E+00 2.637763066E+00 2.492296602E+00 2.323518536E+00 2.124861346E+00
 1.930427319E+00 1.759617770E+00 1.607510898E+00 1.471350833E+00 1.349417984E+00
 1.240630079E+00 1.144370496E+00 1.060402935E+00 9.888310616E-01 9.300888200E-01
 8.849562317E-01 8.545994034E-01 8.406345464E-01 8.452138194E-01 8.711223928E-01
 9.218572116E-01 1.001629130E+00 1.108000654E+00 1.175315488E+00 1.201709314E+00
 1.186322208E+00 1.128799755E+00 1.036590234E+00 9.063280794E-01 7.350121522E-01
 5.277317568E-01 2.785055070E-01-1.848778543E-02-3.608389501E-01-7.574734829E-01
-1.193237560E+00-1.601043279E+00-1.983519550E+00-2.344793040E+00-2.688358207E+00
-3.017075513E+00-3.333248296E+00-3.638721157E+00-3.934971909E+00-4.223187891E+00
-4.504326039E+00-4.779158973E+00-5.048310302E+00-5.312281343E+00-5.571471722E+00
-5.826195135E+00-6.076691445E+00-6.323136333E+00-6.565648745E+00-6.804297000E+00
-7.039103358E+00-7.270048199E+00-7.497073447E+00-7.720085176E+00-7.938956637E+00
-8.153530431E+00-8.363621185E+00-8.569017915E+00-8.769486552E+00-8.964772930E+00
-9.154605510E+00-9.338698766E+00-9.516756613E+00-9.688476189E+00-9.853551796E+00
-1.001167896E+01-1.016255898E+01-1.030590324E+01-1.044143763E+01-1.056890683E+01
-1.068807876E+01-1.079874814E+01-1.090074043E+01-1.099391475E+01-1.107816643E+01
-1.115342931E+01-1.121967693E+01-1.127692329E+01-1.132522292E+01-1.136467032E+01
-1.139539876E+01-1.141757820E+01-1.143141331E+01-1.143714046E+01-1.143502453E+01
-1.142535557E+01-1.140844526E+01-1.138462311E+01 1.781672469E+00 1.865388940E+00
 1.953508691E+00 2.046490333E+00 2.144799586E+00 2.248846720E+00 2.358875748E+00
 2.474814998E+00 2.596180545E+00 2.722165327E+00 2.851902019E+00 2.982154825E+00
 3.076363398E+00 3.150273895E+00 3.197630853E+00 3.213909323E+00 3.203002519E+00
 3.159309129E+00 3.091427025E+00 3.040175473E+00 3.009268577E+00 2.996283728E+00
 2.998159431E+00 3.007408118E+00 3.014199642E+00 3.014721618E+00 3.007660419E+00
 2.992417940E+00 2.968644564E+00 2.936069071E+00 2.894421745E+00 2.843394927E+00
 2.782620750E+00 2.711657858E+00 2.629984773E+00 2.537001854E+00 2.432050043E+00
 2.314467893E+00 2.183746969E+00 2.040001431E+00 1.885823318E+00 1.731001773E+00
 1.584015377E+00 1.447107365E+00 1.320749448E+00 1.204972988E+00 1.099738014E+00
 1.005072796E+00 9.211403664E-01 8.482795634E-01 7.870402858E-01 7.382233542E-01
 7.029329318E-01 6.826496846E-01 6.793358398E-01 6.955869942E-01 7.348416481E-01
 8.016070330E-01 8.940743463E-01 9.482791844E-01 9.626691985E-01 9.370494332E-01
 8.713721366E-01 7.725084306E-01 6.372733176E-01 4.629280355E-01 2.541361284E-01
 5.325982422E-03-2.889010156E-01-6.266980544E-01-1.017208871E+00-1.445991425E+00
-1.847719555E+00-2.225639736E+00-2.584150280E+00-2.926655403E+00-3.255787973E+00
-3.573609610E+00-3.881755731E+00-4.181537359E+00-4.474013460E+00-4.760043416E+00
-5.040325892E+00-5.315427844E+00-5.585806577E+00-5.851826732E+00-6.113773046E+00
-6.371860641E+00-6.626242660E+00-6.877016695E+00-7.124229395E+00-7.367880642E+00
-7.607926466E+00-7.844282081E+00-8.076823850E+00-8.305391814E+00-8.529791499E+00
-8.749796200E+00-8.965149232E+00-9.175566487E+00-9.380739114E+00-9.580336792E+00
-9.774011269E+00-9.961400270E+00-1.014213202E+01-1.031582976E+01-1.048211716E+01
-1.064062354E+01-1.079098957E+01-1.093287278E+01-1.106595346E+01-1.118993986E+01
-1.130457351E+01-1.140963382E+01-1.150494227E+01-1.159036581E+01-1.166581949E+01
-1.173126822E+01-1.178672767E+01-1.183226426E+01-1.186799404E+01-1.189408113E+01
-1.191073494E+01-1.191820689E+01-1.191678670E+01-1.190679794E+01-1.188859349E+01
-1.186255060E+01-1.182906627E+01 1.819081380E+00 1.905839600E+00 1.997657807E+00
 2.095324648E+00 2.199785904E+00 2.312135333E+00 2.433507719E+00 2.564561342E+00
 2.704222000E+00 2.845351028E+00 2.964150456E+00 3.059860727E+00 3.128943834E+00
 3.172642760E+00 3.187405459E+00 3.174102954E+00 3.136695359E+00 3.069659136E+00
 2.990562780E+00 2.928372874E+00 2.881247134E+00 2.845882117E+00 2.819054065E+00
 2.797152711E+00 2.776577169E+00 2.754416545E+00 2.728637634E+00 2.697880612E+00
 2.661216146E+00 2.617974236E+00 2.567638137E+00 2.509781712E+00 2.444035345E+00
 2.370072699E+00 2.287616413E+00 2.196466042E+00 2.096557899E+00 1.988075271E+00
 1.871637242E+00 1.748583529E+00 1.621249828E+00 1.492814650E+00 1.366445792E+00
 1.244532588E+00 1.128619791E+00 1.019675049E+00 9.183420800E-01 8.251109340E-01
 7.404255461E-01 6.647536245E-01 5.986361086E-01 5.427271950E-01 4.978332714E-01
 4.649595776E-01 4.453800990E-01 4.407683295E-01 4.535047779E-01 4.875833197E-01
 5.455281369E-01 5.649657546E-01 5.529480859E-01 5.071352976E-01 4.241723373E-01
 3.149053934E-01 1.737677947E-01-4.671745112E-03-2.107088755E-01-4.513534583E-01
-7.338590394E-01-1.050422627E+00-1.412209422E+00-1.812229540E+00-2.187258440E+00
-2.544664451E+00-2.888190794E+00-3.220148525E+00-3.542214293E+00-3.855705466E+00
-4.161697014E+00-4.461081533E+00-4.754605457E+00-5.042893421E+00-5.326466717E+00
-5.605756688E+00-5.881116073E+00-6.152827288E+00-6.421109668E+00-6.686124591E+00
-6.947980051E+00-7.206733886E+00-7.462396656E+00-7.714933412E+00-7.964265790E+00
-8.210273111E+00-8.452793837E+00-8.691626598E+00-8.926531848E+00-9.157232886E+00
-9.383418025E+00-9.604742639E+00-9.820831767E+00-1.003128334E+01-1.023567204E+01
-1.043355376E+01-1.062447065E+01-1.080795692E+01-1.098354511E+01-1.115077294E+01
-1.130919039E+01-1.145836719E+01-1.159790004E+01-1.172741994E+01-1.184659912E+01
-1.195515709E+01-1.205286637E+01-1.213955695E+01-1.221511978E+01-1.227950906E+01
-1.233274327E+01-1.237490497E+01-1.240613938E+01-1.242665148E+01-1.243670257E+01
-1.243660553E+01-1.242671936E+01-1.240744333E+01-1.237921072E+01-1.234248213E+01
-1.229773931E+01 1.845729020E+00 1.933452462E+00 2.026412372E+00 2.125671090E+00
 2.232637400E+00 2.349216469E+00 2.478143373E+00 2.624033399E+00 2.769090135E+00
 2.887423116E+00 2.980596396E+00 3.051288489E+00 3.084822451E+00 3.095025817E+00
 3.078476414E+00 3.029232876E+00 2.959269251E+00 2.888334274E+00 2.822127164E+00
 2.762449313E+00 2.709721548E+00 2.663191103E+00 2.621430537E+00 2.582675090E+00
 2.545076295E+00 2.506912858E+00 2.466717548E+00 2.423308636E+00 2.375760930E+00
 2.323356471E+00 2.265538098E+00 2.201874846E+00 2.132041413E+00 2.055811850E+00
 1.973067890E+00 1.883823075E+00 1.788264089E+00 1.686809013E+00 1.580174957E+00
 1.469431236E+00 1.355992387E+00 1.241506590E+00 1.127655140E+00 1.015957347E+00
 9.076674480E-01 8.037695420E-01 7.050262597E-01 6.120408151E-01 5.253122348E-01
 4.452773971E-01 3.723392649E-01 3.068815650E-01 2.492689526E-01 1.998278290E-01
 1.587949243E-01 1.261984146E-01 1.015597600E-01 8.296330663E-02 6.384365520E-02
 3.187691635E-02-2.050553721E-02-9.605189860E-02-1.960255130E-01-3.212036449E-01
-4.721916868E-01-6.495293122E-01-8.537124206E-01-1.085155697E+00-1.344040664E+00
-1.629896980E+00-1.940201493E+00-2.266129145E+00-2.594857007E+00-2.920448012E+00
-3.241173521E+00-3.556600524E+00-3.866774280E+00-4.171941442E+00-4.472431857E+00
-4.768600218E+00-5.060795324E+00-5.349342851E+00-5.634536164E+00-5.916631162E+00
-6.195843713E+00-6.472348631E+00-6.746279046E+00-7.017726365E+00-7.286740152E+00
-7.553328325E+00-7.817456608E+00-8.079048724E+00-8.337985805E+00-8.594106197E+00
-8.847205298E+00-9.097035249E+00-9.343305205E+00-9.585681729E+00-9.823789900E+00
-1.005721461E+01-1.028550295E+01-1.050816730E+01-1.072468915E+01-1.093452408E+01
-1.113710787E+01-1.133186303E+01-1.151820696E+01-1.169556055E+01-1.186335722E+01
-1.202105292E+01-1.216813581E+01-1.230413585E+01-1.242863448E+01-1.254127268E+01
-1.264175878E+01-1.272987450E+01-1.280547980E+01-1.286851564E+01-1.291900550E+01
-1.295705463E+01-1.298284792E+01-1.299664588E+01-1.299877923E+01-1.298964228E+01
-1.296968551E+01-1.293940697E+01-1.289934383E+01-1.285006356E+01-1.279215526E+01
 1.861694148E+00 1.947798916E+00 2.038469779E+00 2.134783705E+00 2.238203158E+00
 2.350665841E+00 2.474663445E+00 2.613164324E+00 2.744884581E+00 2.842344252E+00
 2.908137859E+00 2.944546136E+00 2.948686451E+00 2.923255207E+00 2.868584536E+00
 2.807785643E+00 2.746149674E+00 2.684933729E+00 2.625257998E+00 2.567942307E+00
 2.513350553E+00 2.461359829E+00 2.411442028E+00 2.362793130E+00 2.314464957E+00
 2.265477994E+00 2.214903889E+00 2.161914359E+00 2.105801803E+00 2.045981599E+00
 1.981985829E+00 1.913455572E+00 1.840136182E+00 1.761877839E+00 1.678642504E+00
 1.590517277E+00 1.497732733E+00 1.400682868E+00 1.299939890E+00 1.196254244E+00
 1.090529888E+00 9.837711457E-01 8.770099879E-01 7.712332591E-01 6.673288167E-01
 5.660584684E-01 4.680538388E-01 3.738256044E-01 2.837768029E-01 1.982132517E-01
 1.173461664E-01 4.128271069E-02-3.000082979E-02-9.671159286E-02-1.593324913E-01
-2.187767778E-01-2.766300087E-01-3.354562065E-01-3.989352645E-01-4.713716511E-01
-5.566935807E-01-6.578556088E-01-7.768857078E-01-9.151419768E-01-1.073516911E+00
-1.252545188E+00-1.452425129E+00-1.672956992E+00-1.913384862E+00-2.172126429E+00
-2.446456758E+00-2.732491008E+00-3.025931713E+00-3.323154952E+00-3.621661838E+00
-3.919906919E+00-4.216989684E+00-4.512416118E+00-4.805943706E+00-5.097483801E+00
-5.387039711E+00-5.674666320E+00-5.960443490E+00-6.244458136E+00-6.526791618E+00
-6.807510952E+00-7.086662237E+00-7.364265724E+00-7.640311799E+00-7.914757635E+00
-8.187524316E+00-8.458494116E+00-8.727507981E+00-8.994363439E+00-9.258812235E+00
-9.520558914E+00-9.779258969E+00-1.003451825E+01-1.028589234E+01-1.053288728E+01
-1.077496090E+01-1.101152541E+01-1.124195128E+01-1.146557252E+01-1.168169360E+01
-1.188959754E+01-1.208855588E+01-1.227783975E+01-1.245673203E+01-1.262454025E+01
-1.278060998E+01-1.292433815E+01-1.305518588E+01-1.317269016E+01-1.327647436E+01
-1.336625672E+01-1.344185689E+01-1.350319986E+01-1.355031763E+01-1.358334796E+01
-1.360253105E+01-1.360820348E+01-1.360079047E+01-1.358079620E+01-1.354879304E+01
-1.350540965E+01-1.345131916E+01-1.338722687E+01-1.331385887E+01 1.869220029E+00
 1.951212409E+00 2.036074574E+00 2.124633906E+00 2.218098067E+00 2.318090293E+00
 2.426648201E+00 2.546188027E+00 2.653786430E+00 2.724071044E+00 2.759026392E+00
 2.761516328E+00 2.727987973E+00 2.683678718E+00 2.634959835E+00 2.582911056E+00
 2.528594443E+00 2.472957407E+00 2.416790626E+00 2.360677009E+00 2.304952390E+00
 2.249695659E+00 2.194752413E+00 2.139783151E+00 2.084322667E+00 2.027838899E+00
 1.969783422E+00 1.909629872E+00 1.846900039E+00 1.781179782E+00 1.712128017E+00
 1.639481896E+00 1.563060716E+00 1.482770185E+00 1.398607881E+00 1.310669650E+00
 1.219155999E+00 1.124376337E+00 1.026748285E+00 9.267890052E-01 8.250965572E-01
 7.223215960E-01 6.191328405E-01 5.161818277E-01 4.140724927E-01 3.133387755E-01
 2.144305701E-01 1.177057470E-01 2.342493036E-02-6.825459859E-02-1.572892535E-01
-2.437669392E-01-3.279353672E-01-4.102437197E-01-4.913991264E-01-5.724347477E-01
-6.547745582E-01-7.402593090E-01-8.310818309E-01-9.296042372E-01-1.038108842E+00
-1.158590239E+00-1.292652453E+00-1.441493969E+00-1.605930008E+00-1.786412995E+00
-1.983031701E+00-2.195483662E+00-2.423027046E+00-2.664434858E+00-2.917998354E+00
-3.181637314E+00-3.453130344E+00-3.730385167E+00-4.011631486E+00-4.295487905E+00
-4.580936053E+00-4.867255080E+00-5.153951474E+00-5.440698259E+00-5.727286778E+00
-6.013590006E+00-6.299534584E+00-6.585080047E+00-6.870202678E+00-7.154883290E+00
-7.439097256E+00-7.722806519E+00-8.005953122E+00-8.288452986E+00-8.570190909E+00
-8.851015557E+00-9.130734940E+00-9.409112070E+00-9.685860908E+00-9.960642308E+00
-1.023306086E+01-1.050266193E+01-1.076892935E+01-1.103128443E+01-1.128908591E+01
-1.154163153E+01-1.178816140E+01-1.202786339E+01-1.225988076E+01-1.248332206E+01
-1.269727354E+01-1.290081323E+01-1.309302753E+01-1.327302863E+01-1.343997286E+01
-1.359307953E+01-1.373164856E+01-1.385507734E+01-1.396287542E+01-1.405467648E+01
-1.413024742E+01-1.418949395E+01-1.423246235E+01-1.425933778E+01-1.427043859E+01
-1.426620771E+01-1.424720081E+01-1.421407229E+01-1.416755938E+01-1.410846559E+01
-1.403764348E+01-1.395597812E+01-1.386437138E+01 1.873217206E+00 1.949467579E+00
 2.025767320E+00 2.102487111E+00 2.180463529E+00 2.261000907E+00 2.345864868E+00
 2.437334554E+00 2.514465035E+00 2.547323536E+00 2.544186944E+00 2.521622912E+00
 2.490955913E+00 2.453512040E+00 2.410638173E+00 2.363482238E+00 2.313023159E+00
 2.260083453E+00 2.205328728E+00 2.149261244E+00 2.092215289E+00 2.034360589E+00
 1.975716357E+00 1.916175072E+00 1.855532488E+00 1.793519650E+00 1.729833353E+00
 1.664162577E+00 1.596209794E+00 1.525707311E+00 1.452429294E+00 1.376200653E+00
 1.296903767E+00 1.214483846E+00 1.128953262E+00 1.040394852E+00 9.489636356E-01
 8.548861273E-01 7.584562531E-01 6.600270220E-01 5.599975876E-01 4.587962825E-01
 3.568609100E-01 2.546182858E-01 1.524649052E-01 5.075008121E-02-5.023806744E-02
-1.502842851E-01-2.492566565E-01-3.471173675E-01-4.439352153E-01-5.399010967E-01
-6.353470739E-01-7.307686551E-01-8.268479669E-01-9.244727447E-01-1.024742432E+00
-1.128950406E+00-1.238533678E+00-1.354991197E+00-1.479785631E+00-1.614250978E+00
-1.759523105E+00-1.916497160E+00-2.085805280E+00-2.267804641E+00-2.462568609E+00
-2.669878644E+00-2.889220835E+00-3.119796072E+00-3.360555629E+00-3.610269561E+00
-3.867622777E+00-4.131319072E+00-4.400168051E+00-4.673139450E+00-4.949382561E+00
-5.228220858E+00-5.509132106E+00-5.791722431E+00-6.075700751E+00-6.360854981E+00
-6.647031462E+00-6.934117593E+00-7.222027403E+00-7.510689030E+00-7.800034509E+00
-8.089990558E+00-8.380470498E+00-8.671366888E+00-8.962544470E+00-9.253833749E+00
-9.545024254E+00-9.835858118E+00-1.012602393E+01-1.041515039E+01-1.070280044E+01
-1.098846568E+01-1.127156149E+01-1.155142358E+01-1.182730520E+01-1.209837705E+01
-1.236372907E+01-1.262237530E+01-1.287326202E+01-1.311527934E+01-1.334727650E+01
-1.356808088E+01-1.377651971E+01-1.397144460E+01-1.415175746E+01-1.431643683E+01
-1.446456356E+01-1.459534502E+01-1.470813577E+01-1.480245530E+01-1.487800067E+01
-1.493465423E+01-1.497248607E+01-1.499175099E+01-1.499287989E+01-1.497646638E+01
-1.494324929E+01-1.489409147E+01-1.482995667E+01-1.475188514E+01-1.466096919E+01
-1.455832992E+01-1.444509605E+01 1.881583694E+00 1.952307850E+00 2.018753821E+00
 2.080613952E+00 2.138460574E+00 2.193464917E+00 2.246935689E+00 2.300384408E+00
 2.332384279E+00 2.335167081E+00 2.325158056E+00 2.304791010E+00 2.276033397E+00
 2.240413136E+00 2.199165244E+00 2.153309743E+00 2.103695245E+00 2.051022973E+00
 1.995859371E+00 1.938643057E+00 1.879690388E+00 1.819202785E+00 1.757277484E+00
 1.693921960E+00 1.629071294E+00 1.562606986E+00 1.494375813E+00 1.424207371E+00
 1.351929630E+00 1.277382000E+00 1.200426026E+00 1.120953888E+00 1.038895006E+00
 9.542210283E-01 8.669493219E-01 7.771449231E-01 6.849207976E-01 5.904360787E-01
 4.938920137E-01 3.955254116E-01 2.955996689E-01 1.943936283E-01 9.218900548E-02
-1.074293182E-02-1.141545895E-01-2.178346092E-01-3.216194773E-01-4.254042249E-01
-5.291525084E-01-6.329065246E-01-7.367970827E-01-8.410540102E-01-9.460165699E-01
-1.052142931E+00-1.160016774E+00-1.270348435E+00-1.383967146E+00-1.501801518E+00
-1.624847075E+00-1.754122658E+00-1.890620780E+00-2.035258573E+00-2.188835059E+00
-2.351997905E+00-2.525219785E+00-2.708783074E+00-2.902771362E+00-3.107067550E+00
-3.321359652E+00-3.545156619E+00-3.777816168E+00-4.018584622E+00-4.266645272E+00
-4.521169088E+00-4.781359971E+00-5.046488915E+00-5.315914897E+00-5.589093023E+00
-5.865573475E+00-6.144993581E+00-6.427066948E+00-6.711570736E+00-6.998333162E+00
-7.287221374E+00-7.578130253E+00-7.870972177E+00-8.165667440E+00-8.462135431E+00
-8.760286400E+00-9.060013298E+00-9.361183744E+00-9.663632065E+00-9.967151059E+00
-1.027148361E+01-1.057631389E+01-1.088125838E+01-1.118585680E+01-1.148956314E+01
-1.179173684E+01-1.209163509E+01-1.238840649E+01-1.268108688E+01-1.296859809E+01
-1.324975078E+01-1.352325206E+01-1.378771838E+01-1.404169455E+01-1.428367846E+01
-1.451215140E+01-1.472561216E+01-1.492261469E+01-1.510180633E+01-1.526196531E+01
-1.540203577E+01-1.552115845E+01-1.561869595E+01-1.569425116E+01-1.574767836E+01
-1.577908635E+01-1.578883356E+01-1.577751488E+01-1.574594129E+01-1.569511286E+01
-1.562618692E+01-1.554044295E+01-1.543924652E+01-1.532401368E+01-1.519617814E+01
-1.505716201E+01 1.905877987E+00 1.975285594E+00 2.032788206E+00 2.077013883E+00
 2.109521125E+00 2.133787354E+00 2.152173237E+00 2.164077357E+00 2.166676366E+00
 2.158766019E+00 2.141395631E+00 2.115907112E+00 2.083486439E+00 2.045148687E+00
 2.001762698E+00 1.954072746E+00 1.902713630E+00 1.848220477E+00 1.791035107E+00
 1.731510681E+00 1.669916176E+00 1.606441760E+00 1.541205869E+00 1.474263995E+00
 1.405619134E+00 1.335233185E+00 1.263038725E+00 1.188950483E+00 1.112876039E+00
 1.034725320E+00 9.544188085E-01 8.718943418E-01 7.871124888E-01 7.000606143E-01
 6.107555731E-01 5.192449950E-01 4.256071703E-01 3.299493679E-01 2.324045682E-01
 1.331266038E-01 3.228380590E-02-6.994863115E-02-1.733972371E-01-2.778994358E-01
-3.833129035E-01-4.895248070E-01-5.964606885E-01-7.040929118E-01-8.124485955E-01
-9.216170851E-01-1.031756829E+00-1.143101530E+00-1.255965044E+00-1.370744377E+00
-1.487919710E+00-1.608050324E+00-1.731765243E+00-1.859747905E+00-1.992714958E+00
-2.131390262E+00-2.276476208E+00-2.428624923E+00-2.588411755E+00-2.756312861E+00
-2.932687912E+00-3.117768265E+00-3.311650699E+00-3.514296934E+00-3.725539173E+00
-3.945092032E+00-4.172570805E+00-4.407514863E+00-4.649415170E+00-4.897742080E+00
-5.151971584E+00-5.411606898E+00-5.676194340E+00-5.945333140E+00-6.218679502E+00
-6.495946361E+00-6.776899885E+00-7.061353754E+00-7.349162387E+00-7.640213143E+00
-7.934418753E+00-8.231709400E+00-8.532024765E+00-8.835306300E+00-9.141489233E+00
-9.450494530E+00-9.762220303E+00-1.007653295E+01-1.039325746E+01-1.071216721E+01
-1.103297261E+01-1.135530899E+01-1.167872380E+01-1.200266267E+01-1.232645559E+01
-1.264930278E+01-1.297026200E+01-1.328823728E+01-1.360197166E+01-1.391004477E+01
-1.421087717E+01-1.450274334E+01-1.478379421E+01-1.505208983E+01-1.530564171E+01
-1.554246267E+01-1.576062211E+01-1.595830329E+01-1.613385917E+01-1.628586416E+01
-1.641315903E+01-1.651488774E+01-1.659052400E+01-1.663988772E+01-1.666314925E+01
-1.666082222E+01-1.663374372E+01-1.658304311E+01-1.651010018E+01-1.641649594E+01
-1.630395817E+01-1.617430637E+01-1.602939899E+01-1.587108622E+01-1.570117014E+01
 1.964523594E+00 2.048148572E+00 2.100436996E+00 2.121316688E+00 2.107724843E+00
 2.091705140E+00 2.076929801E+00 2.060281503E+00 2.040026028E+00 2.015091415E+00
 1.985048386E+00 1.949928109E+00 1.910009090E+00 1.865677259E+00 1.817350572E+00
 1.765439844E+00 1.710327981E+00 1.652358571E+00 1.591829531E+00 1.528989908E+00
 1.464039015E+00 1.397127475E+00 1.328360070E+00 1.257800126E+00 1.185475161E+00
 1.111383467E+00 1.035501181E+00 9.577895025E-01 8.782016686E-01 7.966894428E-01
 7.132088555E-01 6.277251409E-01 5.402167199E-01 4.506781754E-01 3.591221956E-01
 2.655804683E-01 1.701034339E-01 7.275893507E-02-2.637025970E-02-1.271900103E-01
-2.295993440E-01-3.334958348E-01-4.387816317E-01-5.453699332E-01-6.531916393E-01
-7.622020553E-01-8.723873600E-01-9.837707911E-01-1.096418330E+00-1.210443810E+00
-1.326013231E+00-1.443348057E+00-1.562727127E+00-1.684486808E+00-1.809018854E+00
-1.936765487E+00-2.068211392E+00-2.203872493E+00-2.344281756E+00-2.489972694E+00
-2.641461589E+00-2.799229621E+00-2.963706123E+00-3.135254002E+00-3.314158152E+00
-3.500617335E+00-3.694739916E+00-3.896543606E+00-4.105959290E+00-4.322838924E+00
-4.546966792E+00-4.778074155E+00-5.015855272E+00-5.259984274E+00-5.510131349E+00
-5.765976813E+00-6.027222570E+00-6.293600313E+00-6.564876915E+00-6.840856405E+00
-7.121380162E+00-7.406324984E+00-7.695599544E+00-7.989140331E+00-8.286906409E+00
-8.588873783E+00-8.895029452E+00-9.205364788E+00-9.519868442E+00-9.838518747E+00
-1.016127536E+01-1.048806968E+01-1.081879454E+01-1.115329232E+01-1.149134111E+01
-1.183263966E+01-1.217678997E+01-1.252327779E+01-1.287145147E+01-1.322049902E+01
-1.356942491E+01-1.391702726E+01-1.426187809E+01-1.460230946E+01-1.493640860E+01
-1.526202618E+01-1.557680090E+01-1.587820231E+01-1.616359124E+01-1.643029564E+01
-1.667569554E+01-1.689731139E+01-1.709288913E+01-1.726047687E+01-1.739849041E+01
-1.750576515E+01-1.758159471E+01-1.762575430E+01-1.763850897E+01-1.762060419E+01
-1.757323798E+01-1.749801359E+01-1.739687449E+01-1.727202510E+01-1.712584370E+01
-1.696079516E+01-1.677935001E+01-1.658391588E+01-1.637678397E+01 1.994639642E+00
 2.083896462E+00 2.130725392E+00 2.134248068E+00 2.093285029E+00 2.048777592E+00
 2.008346473E+00 1.969276618E+00 1.929818999E+00 1.888779785E+00 1.845402853E+00
 1.799268425E+00 1.750198409E+00 1.698175756E+00 1.643282901E+00 1.585658025E+00
 1.525465084E+00 1.462873621E+00 1.398045284E+00 1.331125076E+00 1.262236069E+00
 1.191476694E+00 1.118920081E+00 1.044615068E+00 9.685884469E-01 8.908481804E-01
 8.113872238E-01 7.301877136E-01 6.472252142E-01 5.624728122E-01 4.759048743E-01
 3.875003469E-01 2.972454354E-01 2.051356334E-01 1.111770170E-01 1.538676278E-02
-8.220712289E-02-1.815668804E-01-2.826468545E-01-3.853960940E-01-4.897616199E-01
-5.956922658E-01-7.031429572E-01-8.120793027E-01-9.224823314E-01-1.034353237E+00
-1.147717976E+00-1.262631582E+00-1.379182036E+00-1.497493564E+00-1.617729200E+00
-1.740092387E+00-1.864827410E+00-1.992218473E+00-2.122587128E+00-2.256287913E+00
-2.393702130E+00-2.535229784E+00-2.681279951E+00-2.832259927E+00-2.988563790E+00
-3.150560942E+00-3.318585383E+00-3.492926268E+00-3.673820336E+00-3.861446536E+00
-4.055923185E+00-4.257307853E+00-4.465599638E+00-4.680744367E+00-4.902641728E+00
-5.131154296E+00-5.366117621E+00-5.607350977E+00-5.854667770E+00-6.107885148E+00
-6.366832079E+00-6.631356206E+00-6.901328418E+00-7.176646001E+00-7.457234058E+00
-7.743045584E+00-8.034060290E+00-8.330282470E+00-8.631738127E+00-8.938471113E+00
-9.250539029E+00-9.568007908E+00-9.890946661E+00-1.021942041E+01-1.055348259E+01
-1.089316601E+01-1.123847229E+01-1.158935904E+01-1.194572500E+01-1.230739177E+01
-1.267408249E+01-1.304539647E+01-1.342077909E+01-1.379948756E+01-1.418055222E+01
-1.456273476E+01-1.494448607E+01-1.532390790E+01-1.569872494E+01-1.606627571E+01
-1.642353142E+01-1.676714976E+01-1.709356510E+01-1.739911040E+01-1.768015742E+01
-1.793326034E+01-1.815528795E+01-1.834353641E+01-1.849581921E+01-1.861053630E+01
-1.868672534E+01-1.872409629E+01-1.872304878E+01-1.868466728E+01-1.861068783E+01
-1.850343062E+01-1.836569705E+01-1.820063728E+01-1.801160179E+01-1.780199435E+01
-1.757514332E+01-1.733420117E+01-1.708207641E+01 1.982728587E+00 2.068273954E+00
 2.108740240E+00 2.101564756E+00 2.051706845E+00 1.991417148E+00 1.933924760E+00
 1.878446677E+00 1.823833580E+00 1.769150648E+00 1.713690082E+00 1.656948733E+00
 1.598593573E+00 1.538424477E+00 1.476339653E+00 1.412306305E+00 1.346337107E+00
 1.278472043E+00 1.208764813E+00 1.137272904E+00 1.064050692E+00 9.891448213E-01
 9.125915903E-01 8.344157851E-01 7.546307542E-01 6.732393933E-01 5.902358045E-01
 5.056073564E-01 4.193370087E-01 3.314056490E-01 2.417943494E-01 1.504863535E-01
 5.746873943E-02-3.726634551E-02-1.337209324E-01-2.318910045E-01-3.317668193E-01
-4.333337792E-01-5.365738522E-01-6.414674869E-01-7.479959726E-01-8.561442351E-01
-9.659038509E-01-1.077276325E+00-1.190276436E+00-1.304935554E+00-1.421304827E+00
-1.539458124E+00-1.659494573E+00-1.781540647E+00-1.905751570E+00-2.032312003E+00
-2.161435828E+00-2.293364929E+00-2.428366838E+00-2.566731254E+00-2.708765388E+00
-2.854788248E+00-3.005124007E+00-3.160094785E+00-3.320013085E+00-3.485174361E+00
-3.655850020E+00-3.832281329E+00-4.014674485E+00-4.203197081E+00-4.397976391E+00
-4.599099094E+00-4.806613099E+00-5.020530541E+00-5.240832707E+00-5.467475743E+00
-5.700397439E+00-5.939524119E+00-6.184778008E+00-6.436083736E+00-6.693374639E+00
-6.956597843E+00-7.225718480E+00-7.500723076E+00-7.781621322E+00-8.068447536E+00
-8.361260895E+00-8.660144768E+00-8.965205612E+00-9.276570922E+00-9.594386869E+00
-9.918814754E+00-1.025002703E+01-1.058820237E+01-1.093351932E+01-1.128614878E+01
-1.164624442E+01-1.201393104E+01-1.238928935E+01-1.277233749E+01-1.316300705E+01
-1.356111345E+01-1.396631801E+01-1.437808140E+01-1.479560579E+01-1.521776588E+01
-1.564302950E+01-1.606937131E+01-1.649419089E+01-1.691425117E+01-1.732566233E+01
-1.772393704E+01-1.810413161E+01-1.846106381E+01-1.878957243E+01-1.908477086E+01
-1.934225802E+01-1.955827264E+01-1.972979790E+01-1.985463299E+01-1.993144835E+01
-1.995983510E+01-1.994034840E+01-1.987453342E+01-1.976491206E+01-1.961490421E+01
-1.942866528E+01-1.921084723E+01-1.896631762E+01-1.869988937E+01-1.841610410E+01
-1.811909110E+01-1.781249723E+01 1.953535427E+00 2.036616553E+00 2.071199646E+00
 2.055745746E+00 1.991638776E+00 1.919288186E+00 1.849747460E+00 1.782130978E+00
 1.715722104E+00 1.649875947E+00 1.584044828E+00 1.517786519E+00 1.450759716E+00
 1.382712336E+00 1.313466601E+00 1.242903710E+00 1.170949530E+00 1.097562157E+00
 1.022721582E+00 9.464213851E-01 8.686623646E-01 7.894477910E-01 7.087801190E-01
 6.266589034E-01 5.430797077E-01 4.580337775E-01 3.715083562E-01 2.834874105E-01
 1.939526352E-01 1.028845979E-01 1.026389477E-02-8.392778184E-02-1.797067589E-01
-2.770867426E-01-3.760784866E-01-4.766897975E-01-5.789258956E-01-6.827901744E-01
-7.882852736E-01-8.954145462E-01-1.004183780E+00-1.114603211E+00-1.226689701E+00
-1.340469046E+00-1.455978336E+00-1.573268254E+00-1.692405275E+00-1.813473602E+00
-1.936576852E+00-2.061839285E+00-2.189406577E+00-2.319446028E+00-2.452146069E+00
-2.587715133E+00-2.726379708E+00-2.868381673E+00-3.013974908E+00-3.163421258E+00
-3.316985988E+00-3.474932888E+00-3.637519284E+00-3.804991112E+00-3.977578385E+00
-4.155491203E+00-4.338916603E+00-4.528016358E+00-4.722925804E+00-4.923753879E+00
-5.130584268E+00-5.343477646E+00-5.562474909E+00-5.787601233E+00-6.018870448E+00
-6.256290392E+00-6.499867687E+00-6.749612890E+00-7.005545229E+00-7.267696893E+00
-7.536116657E+00-7.810873314E+00-8.092057953E+00-8.379785937E+00-8.674198392E+00
-8.975462845E+00-9.283773572E+00-9.599351329E+00-9.922442753E+00-1.025331891E+01
-1.059227357E+01-1.093962041E+01-1.129568958E+01-1.166082253E+01-1.203536579E+01
-1.241966198E+01-1.281403798E+01-1.321878906E+01-1.363415724E+01-1.406030225E+01
-1.449726176E+01-1.494489783E+01-1.540282403E+01-1.587030777E+01-1.634614111E+01
-1.682847579E+01-1.731462602E+01-1.780086138E+01-1.828224804E+01-1.875263204E+01
-1.920485922E+01-1.963124035E+01-2.002413337E+01-2.037645673E+01-2.068201999E+01
-2.093567636E+01-2.113336648E+01-2.127212467E+01-2.135009852E+01-2.136661007E+01
-2.132226553E+01-2.121909722E+01-2.106068118E+01-2.085213314E+01-2.059987435E+01
-2.031113759E+01-1.999333133E+01-1.965346435E+01-1.929777511E+01-1.893158051E+01
-1.855927997E+01 1.903532610E+00 1.982847116E+00 2.011931286E+00 1.989694898E+00
 1.915256704E+00 1.834027230E+00 1.755313834E+00 1.678286300E+00 1.602488510E+00
 1.527483447E+00 1.452870459E+00 1.378298008E+00 1.303468871E+00 1.228139604E+00
 1.152116257E+00 1.075248037E+00 9.974201313E-01 9.185465068E-01 8.385632663E-01
 7.574228036E-01 6.750888952E-01 5.915327599E-01 5.067299899E-01 4.206583365E-01
 3.332962017E-01 2.446217112E-01 1.546123046E-01 6.324467436E-02-2.950502089E-02
-1.236607892E-01-2.192463609E-01-3.162847589E-01-4.147979466E-01-5.148066018E-01
-6.163300941E-01-7.193866495E-01-8.239937454E-01-9.301687728E-01-1.037929914E+00
-1.147297224E+00-1.258293960E+00-1.370948012E+00-1.485293496E+00-1.601372385E+00
-1.719236176E+00-1.838947480E+00-1.960581509E+00-2.084227392E+00-2.209989222E+00
-2.337986836E+00-2.468356173E+00-2.601249258E+00-2.736833701E+00-2.875291713E+00
-3.016818626E+00-3.161620898E+00-3.309913694E+00-3.461918049E+00-3.617857784E+00
-3.777956173E+00-3.942432624E+00-4.111499490E+00-4.285359075E+00-4.464201045E+00
-4.648200492E+00-4.837516666E+00-5.032292076E+00-5.232652995E+00-5.438710174E+00
-5.650560576E+00-5.868289736E+00-6.091974757E+00-6.321687624E+00-6.557498977E+00
-6.799481982E+00-7.047716422E+00-7.302292325E+00-7.563313940E+00-7.830903051E+00
-8.105202282E+00-8.386377742E+00-8.674621933E+00-8.970155691E+00-9.273230341E+00
-9.584129321E+00-9.903169757E+00-1.023070368E+01-1.056711890E+01-1.091284005E+01
-1.126832871E+01-1.163408338E+01-1.201063888E+01-1.239856452E+01-1.279846102E+01
-1.321095535E+01-1.363669274E+01-1.407632395E+01-1.453048622E+01-1.499977440E+01
-1.548469730E+01-1.598561097E+01-1.650261728E+01-1.703540720E+01-1.758301864E+01
-1.814346653E+01-1.871320536E+01-1.928645044E+01-1.985461640E+01-2.040647113E+01
-2.092943780E+01-2.141142282E+01-2.184203374E+01-2.221288876E+01-2.251742831E+01
-2.275061757E+01-2.290871514E+01-2.298916409E+01-2.299063230E+01-2.291323214E+01
-2.275895401E+01-2.253229470E+01-2.224084869E+01-2.189525543E+01-2.150793322E+01
-2.109107803E+01-2.065518384E+01-2.020858634E+01-1.975764720E+01-1.930713121E+01
 1.829999109E+00 1.902894926E+00 1.926658964E+00 1.898707455E+00 1.824402639E+00
 1.737060991E+00 1.650939131E+00 1.566271445E+00 1.482765051E+00 1.400116193E+00
 1.318031237E+00 1.236237452E+00 1.154489714E+00 1.072573599E+00 9.903056918E-01
 9.075319108E-01 8.241245272E-01 7.399785738E-01 6.550080222E-01 5.691421115E-01
 4.823219595E-01 3.944976593E-01 3.056258417E-01 2.156677182E-01 1.245876054E-01
 3.235185037E-02-6.107188806E-02-1.557150770E-01-2.516085288E-01-3.487824747E-01
-4.472665534E-01-5.470897762E-01-6.482805027E-01-7.508665053E-01-8.548751113E-01
-9.603334905E-01-1.067269061E+00-1.175710079E+00-1.285686347E+00-1.397230074E+00
-1.510376861E+00-1.625166776E+00-1.741645516E+00-1.859865555E+00-1.979887344E+00
-2.101780415E+00-2.225624398E+00-2.351509894E+00-2.479539173E+00-2.609826611E+00
-2.742498895E+00-2.877694893E+00-3.015565238E+00-3.156271524E+00-3.299985232E+00
-3.446886277E+00-3.597161310E+00-3.751001779E+00-3.908601793E+00-4.070155957E+00
-4.235857105E+00-4.405894255E+00-4.580450812E+00-4.759702770E+00-4.943817657E+00
-5.132953816E+00-5.327259981E+00-5.526875822E+00-5.731932616E+00-5.942554786E+00
-6.158861673E+00-6.380969859E+00-6.608995887E+00-6.843059333E+00-7.083285882E+00
-7.329810632E+00-7.582781686E+00-7.842363260E+00-8.108739308E+00-8.382116558E+00
-8.662727860E+00-8.950835297E+00-9.246733222E+00-9.550751325E+00-9.863257755E+00
-1.018466218E+01-1.051541908E+01-1.085603118E+01-1.120705295E+01-1.156909460E+01
-1.194282616E+01-1.232898167E+01-1.272836398E+01-1.314184947E+01-1.357039256E+01
-1.401503018E+01-1.447688515E+01-1.495716773E+01-1.545717352E+01-1.597827523E+01
-1.652190265E+01-1.708950127E+01-1.768245025E+01-1.830189809E+01-1.894842253E+01
-1.962128373E+01-2.031670257E+01-2.102419786E+01-2.172273128E+01-2.238599960E+01
-2.299306280E+01-2.353005827E+01-2.398765399E+01-2.435914795E+01-2.463942802E+01
-2.482441095E+01-2.491075494E+01-2.489577843E+01-2.477762016E+01-2.455583009E+01
-2.423291340E+01-2.381785406E+01-2.333070389E+01-2.279884320E+01-2.224498289E+01
-2.168372932E+01-2.112417551E+01-2.057213363E+01-2.003138499E+01 1.751432747E+00
 1.821036570E+00 1.840004116E+00 1.806643089E+00 1.723331832E+00 1.629396448E+00
 1.537002977E+00 1.445908392E+00 1.355899113E+00 1.266752291E+00 1.178245013E+00
 1.090162412E+00 1.002303551E+00 9.144850814E-01 8.265429933E-01 7.383328052E-01
 6.497286565E-01 5.606216910E-01 4.709179809E-01 3.805363596E-01 2.894062499E-01
 1.974656487E-01 1.046593476E-01 1.093741240E-02-8.374606594E-02-1.794339599E-01
-2.761668618E-01-3.739836450E-01-4.729218608E-01-5.730180296E-01-6.743078529E-01
-7.768263726E-01-8.806081652E-01-9.856875357E-01-1.092098769E+00-1.199876478E+00
-1.309055992E+00-1.419673880E+00-1.531768546E+00-1.645380909E+00-1.760555168E+00
-1.877339594E+00-1.995787396E+00-2.115957583E+00-2.237915777E+00-2.361735028E+00
-2.487496512E+00-2.615290132E+00-2.745214967E+00-2.877379557E+00-3.011902013E+00
-3.148909870E+00-3.288539762E+00-3.430936849E+00-3.576254022E+00-3.724650910E+00
-3.876292706E+00-4.031348827E+00-4.189991604E+00-4.352394643E+00-4.518731695E+00
-4.689175012E+00-4.863894484E+00-5.043056495E+00-5.226823407E+00-5.415353134E+00
-5.608799293E+00-5.807311600E+00-6.011036661E+00-6.220119346E+00-6.434704211E+00
-6.654937783E+00-6.880970407E+00-7.112959208E+00-7.351070610E+00-7.595483444E+00
-7.846391869E+00-8.104008761E+00-8.368568939E+00-8.640332633E+00-8.919588839E+00
-9.206659091E+00-9.501901137E+00-9.805713104E+00-1.011853752E+01-1.044086606E+01
-1.077324463E+01-1.111627900E+01-1.147064111E+01-1.183707633E+01-1.221641168E+01
-1.260956551E+01-1.301755860E+01-1.344152724E+01-1.388273887E+01-1.434261044E+01
-1.482273097E+01-1.532488870E+01-1.585110486E+01-1.640367642E+01-1.698523127E+01
-1.759880263E+01-1.824793400E+01-1.893683715E+01-1.967065521E+01-2.045596444E+01
-2.130198203E+01-2.222526890E+01-2.318686383E+01-2.406265147E+01-2.484471522E+01
-2.551763978E+01-2.607615432E+01-2.652681900E+01-2.686932987E+01-2.709768748E+01
-2.719782793E+01-2.716485811E+01-2.700388641E+01-2.671109070E+01-2.627415050E+01
-2.566619533E+01-2.490035764E+01-2.414527184E+01-2.340748414E+01-2.269153965E+01
-2.200012217E+01-2.133468803E+01-2.069585050E+01 1.661783841E+00 1.728048348E+00
 1.742477328E+00 1.704130913E+00 1.611230417E+00 1.511581693E+00 1.413754234E+00
 1.317129026E+00 1.221532599E+00 1.126786695E+00 1.032710770E+00 9.391282819E-01
 8.458712269E-01 7.527831040E-01 6.597204606E-01 5.665533777E-01 4.731652022E-01
 3.794516746E-01 2.853197911E-01 1.906864709E-01 9.547718452E-02-3.753753271E-04
-9.693252163E-02-1.942506675E-01-2.923822689E-01-3.913766216E-01-4.912805111E-01
-5.921387397E-01-6.939945486E-01-7.968899809E-01-9.008661377E-01-1.005963478E+00
-1.112222048E+00-1.219681758E+00-1.328382669E+00-1.438365355E+00-1.549671261E+00
-1.662343172E+00-1.776425702E+00-1.891965842E+00-2.009013557E+00-2.127622416E+00
-2.247850204E+00-2.369759602E+00-2.493418762E+00-2.618901902E+00-2.746289805E+00
-2.875670249E+00-3.007138316E+00-3.140796594E+00-3.276755234E+00-3.415131867E+00
-3.556051354E+00-3.699645387E+00-3.846051972E+00-3.995414727E+00-4.147882189E+00
-4.303606824E+00-4.462744259E+00-4.625452248E+00-4.791889964E+00-4.962217015E+00
-5.136593004E+00-5.315176831E+00-5.498126682E+00-5.685599801E+00-5.877752759E+00
-6.074742247E+00-6.276725626E+00-6.483862344E+00-6.696315200E+00-6.914252348E+00
-7.137849115E+00-7.367290324E+00-7.602772930E+00-7.844508626E+00-8.092726716E+00
-8.347677383E+00-8.609634848E+00-8.878900908E+00-9.155808644E+00-9.440726478E+00
-9.734062349E+00-1.003626852E+01-1.034784675E+01-1.066935393E+01-1.100140871E+01
-1.134469890E+01-1.169998993E+01-1.206813483E+01-1.245008582E+01-1.284690828E+01
-1.325979707E+01-1.369009657E+01-1.413932519E+01-1.460920527E+01-1.510170094E+01
-1.561906575E+01-1.616390489E+01-1.673925693E+01-1.734870500E+01-1.799653328E+01
-1.868795495E+01-1.942946181E+01-2.022938854E+01-2.109886478E+01-2.205339023E+01
-2.311469202E+01-2.431749939E+01-2.541946721E+01-2.636016767E+01-2.717074113E+01
-2.785488713E+01-2.841296517E+01-2.881645413E+01-2.906564672E+01-2.918229797E+01
-2.916245341E+01-2.899845651E+01-2.865053704E+01-2.810779944E+01-2.737302307E+01
-2.641434601E+01-2.541238110E+01-2.447642596E+01-2.359761328E+01-2.277020087E+01
-2.199008005E+01-2.125388196E+01 1.550333621E+00 1.610086385E+00 1.619842338E+00
 1.577120797E+00 1.487215158E+00 1.383838917E+00 1.281272531E+00 1.179851497E+00
 1.079424871E+00 9.798305656E-01 8.809084936E-01 7.825052897E-01 6.844768156E-01
 5.866892836E-01 4.890194529E-01 3.913543098E-01 2.935904543E-01 1.956333351E-01
 9.739638836E-02-1.199841322E-03-1.002285715E-01-1.997576168E-01-2.998501644E-01
-4.005654821E-01-5.019595480E-01-6.040855962E-01-7.069946172E-01-8.107357262E-01
-9.153565686E-01-1.020903588E+00-1.127422334E+00-1.234957718E+00-1.343554277E+00
-1.453256445E+00-1.564108845E+00-1.676156618E+00-1.789445746E+00-1.904023473E+00
-2.019938682E+00-2.137242378E+00-2.255988140E+00-2.376232618E+00-2.498036020E+00
-2.621462604E+00-2.746581135E+00-2.873465323E+00-3.002194198E+00-3.132852430E+00
-3.265530565E+00-3.400325191E+00-3.537338978E+00-3.676680644E+00-3.818464818E+00
-3.962811793E+00-4.109847126E+00-4.259701395E+00-4.412509463E+00-4.568410173E+00
-4.727545717E+00-4.890061123E+00-5.056103665E+00-5.225822706E+00-5.399369146E+00
-5.576895379E+00-5.758555300E+00-5.944504417E+00-6.134900367E+00-6.329903583E+00
-6.529678044E+00-6.734392459E+00-6.944221799E+00-7.159348679E+00-7.379965289E+00
-7.606275678E+00-7.838497763E+00-8.076866126E+00-8.321634695E+00-8.573079699E+00
-8.831502896E+00-9.097235240E+00-9.370640503E+00-9.652119533E+00-9.942114902E+00
-1.024111583E+01-1.054966398E+01-1.086835995E+01-1.119787045E+01-1.153893690E+01
-1.189238515E+01-1.225913694E+01-1.264022362E+01-1.303680224E+01-1.345017497E+01
-1.388181291E+01-1.433338460E+01-1.480679193E+01-1.530421451E+01-1.582816545E+01
-1.638156262E+01-1.696782040E+01-1.759096833E+01-1.825580734E+01-1.896811367E+01
-1.973490333E+01-2.056475786E+01-2.146817480E+01-2.245780385E+01-2.354826521E+01
-2.475511509E+01-2.602576831E+01-2.712926423E+01-2.807291947E+01-2.886033955E+01
-2.948635137E+01-2.994535845E+01-3.024946213E+01-3.040217118E+01-3.039801468E+01
-3.022198515E+01-2.985836772E+01-2.930808952E+01-2.856180187E+01-2.760119551E+01
-2.643479298E+01-2.533001383E+01-2.430743029E+01-2.335856107E+01-2.247618729E+01
-2.165398184E+01 1.436247762E+00 1.492354601E+00 1.497747259E+00 1.450631149E+00
 1.354085906E+00 1.246144162E+00 1.139479911E+00 1.033961172E+00 9.294053262E-01
 8.256411254E-01 7.225142345E-01 6.198873277E-01 5.176378693E-01 4.156553918E-01
 3.138390601E-01 2.120958301E-01 1.103390748E-01 8.487622788E-03-9.353496050E-02
-1.958009268E-01-2.983788033E-01-4.013337985E-01-5.047281628E-01-6.086215261E-01
-7.130712261E-01-8.181325636E-01-9.238591175E-01-1.030302958E+00-1.137514898E+00
-1.245544723E+00-1.354441397E+00-1.464253299E+00-1.575028434E+00-1.686814695E+00
-1.799660101E+00-1.913613086E+00-2.028722817E+00-2.145039488E+00-2.262614699E+00
-2.381501807E+00-2.501756308E+00-2.623436241E+00-2.746602560E+00-2.871319543E+00
-2.997655117E+00-3.125681236E+00-3.255474154E+00-3.387114695E+00-3.520688437E+00
-3.656285877E+00-3.794002480E+00-3.933938692E+00-4.076199876E+00-4.220896235E+00
-4.368142512E+00-4.518057890E+00-4.670765687E+00-4.826393005E+00-4.985070533E+00
-5.146932227E+00-5.312115157E+00-5.480759348E+00-5.653007583E+00-5.829005757E+00
-6.008902720E+00-6.192850869E+00-6.381006579E+00-6.573530835E+00-6.770590375E+00
-6.972358398E+00-7.179016140E+00-7.390754451E+00-7.607775134E+00-7.830293387E+00
-8.058539499E+00-8.292761488E+00-8.533227623E+00-8.780229261E+00-9.034084001E+00
-9.295138987E+00-9.563774777E+00-9.840409398E+00-1.012550291E+01-1.041956259E+01
-1.072314864E+01-1.103688070E+01-1.136144550E+01-1.169760525E+01-1.204620775E+01
-1.240819818E+01-1.278463265E+01-1.317669477E+01-1.358571507E+01-1.401319430E+01
-1.446083194E+01-1.493056049E+01-1.542458760E+01-1.594544740E+01-1.649606385E+01
-1.707982837E+01-1.770069406E+01-1.836328905E+01-1.907304767E+01-1.983635353E+01
-2.066067653E+01-2.155466807E+01-2.252815821E+01-2.359199586E+01-2.475771241E+01
-2.603931408E+01-2.727523700E+01-2.832338127E+01-2.917103270E+01-2.984954648E+01
-3.036816237E+01-3.072965263E+01-3.092015385E+01-3.092053677E+01-3.075408992E+01
-3.042011761E+01-2.991104976E+01-2.920142432E+01-2.826283715E+01-2.710951320E+01
-2.587472147E+01-2.473923937E+01-2.369541614E+01-2.273419640E+01-2.184699709E+01
 1.314114942E+00 1.366875019E+00 1.368009453E+00 1.316638998E+00 1.210061098E+00
 1.098154788E+00 9.882087352E-01 8.793876955E-01 7.714323749E-01 6.641500757E-01
 5.573973415E-01 4.510642877E-01 3.450615870E-01 2.393116366E-01 1.337431614E-01
 2.828822656E-02-7.711928631E-02-1.825443507E-01-2.880510192E-01-3.937024273E-01
-4.995607146E-01-6.056869342E-01-7.121409632E-01-8.189814789E-01-9.262659411E-01
-1.034050604E+00-1.142390595E+00-1.251339958E+00-1.360951775E+00-1.471278283E+00
-1.582370995E+00-1.694280859E+00-1.807058436E+00-1.920754093E+00-2.035418214E+00
-2.151101432E+00-2.267854886E+00-2.385730494E+00-2.504781250E+00-2.625061518E+00
-2.746627354E+00-2.869536827E+00-2.993850326E+00-3.119630891E+00-3.246944495E+00
-3.375860323E+00-3.506451040E+00-3.638792986E+00-3.772966376E+00-3.909055436E+00
-4.047148505E+00-4.187338027E+00-4.329720707E+00-4.474397327E+00-4.621472730E+00
-4.771055774E+00-4.923259183E+00-5.078199458E+00-5.235996728E+00-5.396774786E+00
-5.560660969E+00-5.727786202E+00-5.898285072E+00-6.072296225E+00-6.249962365E+00
-6.431430964E+00-6.616854653E+00-6.806392054E+00-7.000208644E+00-7.198477740E+00
-7.401381761E+00-7.609113644E+00-7.821878422E+00-8.039894921E+00-8.263397800E+00
-8.492639766E+00-8.727893778E+00-8.969455882E+00-9.217647968E+00-9.472820965E+00
-9.735358308E+00-1.000567987E+01-1.028424620E+01-1.057156329E+01-1.086818801E+01
-1.117473424E+01-1.149187969E+01-1.182037409E+01-1.216104809E+01-1.251482390E+01
-1.288272792E+01-1.326590473E+01-1.366563446E+01-1.408335257E+01-1.452067361E+01
-1.497941923E+01-1.546165132E+01-1.596971137E+01-1.650626660E+01-1.707436358E+01
-1.767749017E+01-1.831964405E+01-1.900540649E+01-1.974001676E+01-2.052943953E+01
-2.138041776E+01-2.230050439E+01-2.329807503E+01-2.438233490E+01-2.556332298E+01
-2.683296849E+01-2.793220003E+01-2.883524531E+01-2.956061701E+01-3.011559342E+01
-3.049993196E+01-3.070328935E+01-3.073644332E+01-3.060887688E+01-3.031766667E+01
-2.985173199E+01-2.919024577E+01-2.833500152E+01-2.728605575E+01-2.603956663E+01
-2.482629305E+01-2.372158935E+01-2.271371850E+01-2.179121461E+01 1.166339034E+00
 1.211069044E+00 1.207239889E+00 1.152723454E+00 1.052293488E+00 9.393965039E-01
 8.274730710E-01 7.163766750E-01 6.057964955E-01 4.955832371E-01 3.856698725E-01
 2.760222603E-01 1.666151395E-01 5.742177241E-02-5.158981179E-02-1.604575932E-01
-2.692250716E-01-3.779403228E-01-4.866549637E-01-5.954231967E-01-7.043009515E-01
-8.133452233E-01-9.226135033E-01-1.032163373E+00-1.142052156E+00-1.252336723E+00
-1.363073325E+00-1.474317508E+00-1.586124086E+00-1.698547145E+00-1.811640096E+00
-1.925455759E+00-2.040046492E+00-2.155464305E+00-2.271761047E+00-2.388988601E+00
-2.507199074E+00-2.626445045E+00-2.746779802E+00-2.868257597E+00-2.990933909E+00
-3.114865716E+00-3.240111763E+00-3.366732828E+00-3.494791967E+00-3.624354775E+00
-3.755489579E+00-3.888267670E+00-4.022763461E+00-4.159054626E+00-4.297222259E+00
-4.437350870E+00-4.579528634E+00-4.723847273E+00-4.870402054E+00-5.019292027E+00
-5.170619709E+00-5.324491398E+00-5.481017098E+00-5.640310435E+00-5.802489057E+00
-5.967674390E+00-6.135992316E+00-6.307573010E+00-6.482551650E+00-6.661068774E+00
-6.843270868E+00-7.029311115E+00-7.219350226E+00-7.413557381E+00-7.612111491E+00
-7.815202224E+00-8.023031660E+00-8.235815823E+00-8.453786264E+00-8.677192260E+00
-8.906302791E+00-9.141408819E+00-9.382825933E+00-9.630897143E+00-9.885995952E+00
-1.014852963E+01-1.041894323E+01-1.069772345E+01-1.098540349E+01-1.128256822E+01
-1.158985988E+01-1.190798496E+01-1.223772145E+01-1.257992741E+01-1.293555077E+01
-1.330564039E+01-1.369135857E+01-1.409399584E+01-1.451498727E+01-1.495593150E+01
-1.541861185E+01-1.590502029E+01-1.641738384E+01-1.695819328E+01-1.753023361E+01
-1.813661536E+01-1.878080615E+01-1.946666165E+01-2.019845833E+01-2.098093424E+01
-2.181935554E+01-2.271964470E+01-2.368863313E+01-2.473452986E+01-2.586810634E+01
-2.698975958E+01-2.791757768E+01-2.865737954E+01-2.920002651E+01-2.957077606E+01
-2.978812955E+01-2.985716014E+01-2.977310608E+01-2.951286457E+01-2.909056035E+01
-2.851372462E+01-2.777772987E+01-2.686779476E+01-2.575012159E+01-2.450662251E+01
-2.338522473E+01-2.237414843E+01-2.145623597E+01 1.012302943E+00 1.048549904E+00
 1.039064242E+00 9.827712407E-01 8.819828198E-01 7.702796206E-01 6.584761741E-01
 5.461667037E-01 4.334710145E-01 3.205939282E-01 2.076995330E-01 9.489874091E-02
-1.774175144E-02-1.301889297E-01-2.424349201E-01-3.544905500E-01-4.663805578E-01
-5.781400032E-01-6.898115411E-01-8.014433450E-01-9.130874965E-01-1.024798753E+00
-1.136633585E+00-1.248649436E+00-1.360904169E+00-1.473455634E+00-1.586361376E+00
-1.699678418E+00-1.813463130E+00-1.927771145E+00-2.042657368E+00-2.158175980E+00
-2.274380520E+00-2.391323974E+00-2.509058918E+00-2.627637655E+00-2.747112414E+00
-2.867535508E+00-2.988959586E+00-3.111437822E+00-3.235024150E+00-3.359773503E+00
-3.485742041E+00-3.612987398E+00-3.741568881E+00-3.871547716E+00-4.002987258E+00
-4.135953090E+00-4.270513408E+00-4.406738935E+00-4.544703228E+00-4.684482762E+00
-4.826157004E+00-4.969808535E+00-5.115523207E+00-5.263390140E+00-5.413501765E+00
-5.565954136E+00-5.720846857E+00-5.878283269E+00-6.038370659E+00-6.201220485E+00
-6.366948701E+00-6.535675945E+00-6.707528179E+00-6.882636994E+00-7.061140289E+00
-7.243182973E+00-7.428917640E+00-7.618505591E+00-7.812117778E+00-8.009935950E+00
-8.212153833E+00-8.418978627E+00-8.630632388E+00-8.847353873E+00-9.069400084E+00
-9.297048470E+00-9.530599017E+00-9.770376454E+00-1.001673297E+01-1.027005089E+01
-1.053074573E+01-1.079926947E+01-1.107611429E+01-1.136181644E+01-1.165696078E+01
-1.196218540E+01-1.227818721E+01-1.260572760E+01-1.294563894E+01-1.329883153E+01
-1.366630141E+01-1.404913817E+01-1.444853406E+01-1.486579258E+01-1.530233757E+01
-1.575972191E+01-1.623963469E+01-1.674390702E+01-1.727451418E+01-1.783357369E+01
-1.842333737E+01-1.904617696E+01-1.970456400E+01-2.040104834E+01-2.113824792E+01
-2.191887987E+01-2.274590719E+01-2.362300183E+01-2.455594229E+01-2.555243343E+01
-2.642578916E+01-2.709707924E+01-2.759097630E+01-2.793822244E+01-2.814895634E+01
-2.822479031E+01-2.815231225E+01-2.793240644E+01-2.758183268E+01-2.710165699E+01
-2.648679842E+01-2.571756120E+01-2.478922867E+01-2.370907990E+01-2.263894154E+01
-2.169062915E+01-2.083167711E+01 8.447660709E-01 8.647773846E-01 8.479236112E-01
 7.917482249E-01 7.032558242E-01 5.978256627E-01 4.860317862E-01 3.716467983E-01
 2.560946573E-01 1.400501396E-01 2.387706333E-02-9.221752303E-02-2.081161719E-01
-3.237572239E-01-4.391159065E-01-5.541928728E-01-6.690067823E-01-7.835892686E-01
-8.979813188E-01-1.012230673E+00-1.126389854E+00-1.240514648E+00-1.354662966E+00
-1.468893976E+00-1.583267394E+00-1.697842982E+00-1.812680180E+00-1.927837817E+00
-2.043373918E+00-2.159345609E+00-2.275809042E+00-2.392819407E+00-2.510430968E+00
-2.628697124E+00-2.747670535E+00-2.867403241E+00-2.987946810E+00-3.109352516E+00
-3.231671520E+00-3.354955073E+00-3.479254711E+00-3.604622462E+00-3.731111078E+00
-3.858774217E+00-3.987666673E+00-4.117844617E+00-4.249365679E+00-4.382289276E+00
-4.516676671E+00-4.652591298E+00-4.790098758E+00-4.929267052E+00-5.070166705E+00
-5.212871000E+00-5.357455860E+00-5.504000358E+00-5.652586523E+00-5.803299774E+00
-5.956228877E+00-6.111466222E+00-6.269108181E+00-6.429255181E+00-6.592012183E+00
-6.757488874E+00-6.925800299E+00-7.097067138E+00-7.271416416E+00-7.448982127E+00
-7.629905755E+00-7.814337333E+00-8.002436111E+00-8.194371546E+00-8.390324559E+00
-8.590488363E+00-8.795070042E+00-9.004291609E+00-9.218391707E+00-9.437627059E+00
-9.662274131E+00-9.892631096E+00-1.012901949E+01-1.037178658E+01-1.062130744E+01
-1.087798715E+01-1.114226361E+01-1.141460994E+01-1.169553730E+01-1.198559788E+01
-1.228538785E+01-1.259555050E+01-1.291677917E+01-1.324982028E+01-1.359547591E+01
-1.395460596E+01-1.432812953E+01-1.471702487E+01-1.512232749E+01-1.554512578E+01
-1.598655253E+01-1.644777132E+01-1.692995582E+01-1.743425927E+01-1.796177143E+01
-1.851345788E+01-1.909007605E+01-1.969205805E+01-2.031934311E+01-2.097112573E+01
-2.164544214E+01-2.233838670E+01-2.304224607E+01-2.373882754E+01-2.437566422E+01
-2.490146854E+01-2.530748757E+01-2.559430160E+01-2.576352429E+01-2.581671364E+01
-2.575519904E+01-2.558017911E+01-2.529297616E+01-2.489535658E+01-2.438992367E+01
-2.378083077E+01-2.307553097E+01-2.229056708E+01-2.147519712E+01-2.069097717E+01
-1.995066438E+01 7.315131743E-01 7.578379060E-01 7.370510737E-01 6.675452760E-01
 5.545858130E-01 4.346982530E-01 3.148449861E-01 1.946681826E-01 7.433596180E-02
-4.592902778E-02-1.659569901E-01-2.856364844E-01-4.049027415E-01-5.237260143E-01
-6.421025472E-01-7.600478831E-01-8.775919617E-01-9.947753837E-01-1.111646610E+00
-1.228259788E+00-1.344673030E+00-1.460947094E+00-1.577144334E+00-1.693327863E+00
-1.809560916E+00-1.925906368E+00-2.042426355E+00-2.159182008E+00-2.276233273E+00
-2.393638792E+00-2.511455852E+00-2.629740372E+00-2.748546947E+00-2.867928917E+00
-2.987938445E+00-3.108626668E+00-3.230043820E+00-3.352239391E+00-3.475262309E+00
-3.599161108E+00-3.723984137E+00-3.849779737E+00-3.976596438E+00-4.104483238E+00
-4.233489606E+00-4.363665933E+00-4.495063519E+00-4.627734921E+00-4.761733997E+00
-4.897116223E+00-5.033938727E+00-5.172260607E+00-5.312142973E+00-5.453649256E+00
-5.596845214E+00-5.741799205E+00-5.888582462E+00-6.037269057E+00-6.187936368E+00
-6.340665125E+00-6.495539722E+00-6.652648648E+00-6.812084572E+00-6.973944926E+00
-7.138332110E+00-7.305354117E+00-7.475125047E+00-7.647765462E+00-7.823403172E+00
-8.002173988E+00-8.184222227E+00-8.369701627E+00-8.558776245E+00-8.751621329E+00
-8.948424301E+00-9.149385704E+00-9.354720538E+00-9.564659172E+00-9.779448676E+00
-9.999354052E+00-1.022465956E+01-1.045567004E+01-1.069271227E+01-1.093613634E+01
-1.118631698E+01-1.144365505E+01-1.170857841E+01-1.198154338E+01-1.226303537E+01
-1.255356941E+01-1.285369022E+01-1.316397154E+01-1.348501472E+01-1.381744569E+01
-1.416191044E+01-1.451906844E+01-1.488958250E+01-1.527410496E+01-1.567325851E+01
-1.608760976E+01-1.651763386E+01-1.696366654E+01-1.742583970E+01-1.790399503E+01
-1.839756566E+01-1.890541296E+01-1.942559470E+01-1.995502591E+01-2.048896629E+01
-2.102023622E+01-2.153810077E+01-2.202724227E+01-2.246871629E+01-2.284456462E+01
-2.314212629E+01-2.335413902E+01-2.347691751E+01-2.350891153E+01-2.344994291E+01
-2.330089570E+01-2.306369316E+01-2.274149787E+01-2.233914892E+01-2.186391090E+01
-2.132660721E+01-2.074282036E+01-2.013239069E+01-1.951495780E+01-1.890484053E+01
 5.949874216E-01 6.215169464E-01 5.969927474E-01 5.194945261E-01 3.974695622E-01
 2.673853029E-01 1.390691758E-01 1.213761934E-02-1.137414820E-01-2.387256764E-01
-3.628878317E-01-4.862680594E-01-6.088984475E-01-7.308136175E-01-8.520544501E-01
-9.726688076E-01-1.092710931E+00-1.212240316E+00-1.331320535E+00-1.450018049E+00
-1.568401178E+00-1.686539227E+00-1.804501733E+00-1.922357866E+00-2.040175942E+00
-2.158023064E+00-2.275964830E+00-2.394065155E+00-2.512386115E+00-2.630987905E+00
-2.749928804E+00-2.869265193E+00-2.989051607E+00-3.109340838E+00-3.230184015E+00
-3.351630744E+00-3.473729266E+00-3.596526584E+00-3.720068659E+00-3.844400581E+00
-3.969566750E+00-4.095611045E+00-4.222577046E+00-4.350508248E+00-4.479448228E+00
-4.609440798E+00-4.740530243E+00-4.872761594E+00-5.006180675E+00-5.140834370E+00
-5.276770785E+00-5.414039485E+00-5.552691610E+00-5.692780151E+00-5.834360032E+00
-5.977488460E+00-6.122225007E+00-6.268631844E+00-6.416774099E+00-6.566719971E+00
-6.718541049E+00-6.872312586E+00-7.028113970E+00-7.186028808E+00-7.346145510E+00
-7.508557650E+00-7.673364436E+00-7.840671063E+00-8.010589425E+00-8.183238626E+00
-8.358745334E+00-8.537244846E+00-8.718881246E+00-8.903808544E+00-9.092191076E+00
-9.284204363E+00-9.480035790E+00-9.679885544E+00-9.883967010E+00-1.009250788E+01
-1.030575065E+01-1.052395327E+01-1.074738984E+01-1.097635089E+01-1.121114397E+01
-1.145209353E+01-1.169954089E+01-1.195384372E+01-1.221537516E+01-1.248452220E+01
-1.276168331E+01-1.304726518E+01-1.334167810E+01-1.364532964E+01-1.395861621E+01
-1.428191204E+01-1.461555457E+01-1.495982560E+01-1.531492681E+01-1.568094833E+01
-1.605782848E+01-1.644530201E+01-1.684283421E+01-1.724953649E+01-1.766405854E+01
-1.808445056E+01-1.850798935E+01-1.893096332E+01-1.934842411E+01-1.975394430E+01
-2.013949133E+01-2.049562373E+01-2.081221042E+01-2.107957898E+01-2.128958573E+01
-2.143614008E+01-2.151518792E+01-2.152444607E+01-2.146313130E+01-2.133178927E+01
-2.113224573E+01-2.086767196E+01-2.054274146E+01-2.016382827E+01-1.973913216E+01
-1.927851614E+01-1.879281834E+01-1.829266788E+01-1.778730253E+01 4.479561462E-01
 4.729076258E-01 4.449192660E-01 3.616418652E-01 2.239095362E-01 8.678961718E-02
-4.772246025E-02-1.802665127E-01-3.111247879E-01-4.405066832E-01-5.685680924E-01
-6.954300238E-01-8.211932291E-01-9.459478813E-01-1.069779248E+00-1.192770746E+00
-1.315005329E+00-1.436565898E+00-1.557535267E+00-1.677995821E+00-1.798029111E+00
-1.917715447E+00-2.037133503E+00-2.156359987E+00-2.275469405E+00-2.394533856E+00
-2.513622888E+00-2.632803429E+00-2.752139755E+00-2.871693485E+00-2.991523632E+00
-3.111686676E+00-3.232236643E+00-3.353225230E+00-3.474701946E+00-3.596714235E+00
-3.719307651E+00-3.842526017E+00-3.966411581E+00-4.091005276E+00-4.216346768E+00
-4.342474786E+00-4.469427155E+00-4.597241184E+00-4.725953713E+00-4.855601342E+00
-4.986220636E+00-5.117848391E+00-5.250521684E+00-5.384278141E+00-5.519156253E+00
-5.655195304E+00-5.792435833E+00-5.930919723E+00-6.070690431E+00-6.211793188E+00
-6.354275232E+00-6.498186089E+00-6.643577726E+00-6.790504909E+00-6.939025435E+00
-7.089200335E+00-7.241094341E+00-7.394776205E+00-7.550318855E+00-7.707799947E+00
-7.867302218E+00-8.028913845E+00-8.192728874E+00-8.358847693E+00-8.527377508E+00
-8.698432695E+00-8.872135353E+00-9.048615812E+00-9.228012957E+00-9.410474770E+00
-9.596158770E+00-9.785232285E+00-9.977872848E+00-1.017426855E+01-1.037461796E+01
-1.057913042E+01-1.078802584E+01-1.100153440E+01-1.121989607E+01-1.144335963E+01
-1.167218168E+01-1.190662474E+01-1.214695518E+01-1.239343998E+01-1.264634291E+01
-1.290591956E+01-1.317241074E+01-1.344603431E+01-1.372697511E+01-1.401537162E+01
-1.431130039E+01-1.461475572E+01-1.492562519E+01-1.524365945E+01-1.556843507E+01
-1.589930977E+01-1.623536815E+01-1.657535719E+01-1.691761070E+01-1.725996334E+01
-1.759965799E+01-1.793325467E+01-1.825655983E+01-1.856460643E+01-1.885172794E+01
-1.911176686E+01-1.933842538E+01-1.952570264E+01-1.966831218E+01-1.976198162E+01
-1.980360225E+01-1.979126163E+01-1.972421613E+01-1.960285270E+01-1.942866512E+01
-1.920425003E+01-1.893330741E+01-1.862061447E+01-1.827192482E+01-1.789374485E+01
-1.749296967E+01-1.707642546E+01-1.665042866E+01 2.666880935E-01 2.876444933E-01
 2.553298483E-01 1.679901376E-01 3.263028620E-02-1.089755323E-01-2.481889652E-01
-3.851771864E-01-5.201305083E-01-6.532282215E-01-7.846338287E-01-9.144957704E-01
-1.042950175E+00-1.170123880E+00-1.296136810E+00-1.421103646E+00-1.545134807E+00
-1.668336960E+00-1.790813234E+00-1.912663262E+00-2.033983109E+00-2.154865200E+00
-2.275398242E+00-2.395667147E+00-2.515753031E+00-2.635733195E+00-2.755681169E+00
-2.875666786E+00-2.995756244E+00-3.116012222E+00-3.236494017E+00-3.357257662E+00
-3.478356090E+00-3.599839279E+00-3.721754425E+00-3.844146117E+00-3.967056507E+00
-4.090525472E+00-4.214590863E+00-4.339288571E+00-4.464652915E+00-4.590716555E+00
-4.717510972E+00-4.845066463E+00-4.973412421E+00-5.102577450E+00-5.232589680E+00
-5.363476967E+00-5.495266890E+00-5.627987147E+00-5.761665829E+00-5.896331304E+00
-6.032012806E+00-6.168740319E+00-6.306545084E+00-6.445459608E+00-6.585518049E+00
-6.726756299E+00-6.869212458E+00-7.012926831E+00-7.157942403E+00-7.304305073E+00
-7.452063895E+00-7.601271386E+00-7.751983928E+00-7.904261958E+00-8.058170446E+00
-8.213779011E+00-8.371162511E+00-8.530401202E+00-8.691581131E+00-8.854794455E+00
-9.020139631E+00-9.187721856E+00-9.357653219E+00-9.530052787E+00-9.705046911E+00
-9.882769274E+00-1.006336065E+01-1.024696902E+01-1.043374914E+01-1.062386221E+01
-1.081747502E+01-1.101475934E+01-1.121589051E+01-1.142104612E+01-1.163040381E+01
-1.184413891E+01-1.206242132E+01-1.228541161E+01-1.251325628E+01-1.274608181E+01
-1.298398751E+01-1.322703685E+01-1.347524686E+01-1.372857543E+01-1.398690596E+01
-1.425002932E+01-1.451762222E+01-1.478922197E+01-1.506419702E+01-1.534171331E+01
-1.562069628E+01-1.589978910E+01-1.617730894E+01-1.645120366E+01-1.671901428E+01
-1.697785026E+01-1.722438927E+01-1.745491345E+01-1.766539469E+01-1.785163465E+01
-1.800945244E+01-1.813489854E+01-1.822446259E+01-1.827524700E+01-1.828509007E+01
-1.825263847E+01-1.817738071E+01-1.805965462E+01-1.790063845E+01-1.770232834E+01
-1.746749756E+01-1.719962627E+01-1.690279088E+01-1.658150461E+01-1.624051467E+01
-1.588457734E+01-1.551824298E+01 7.261050756E-02 8.900821768E-02 5.260223427E-02
-3.859296181E-02-1.753078827E-01-3.206051487E-01-4.635962542E-01-6.041290811E-01
-7.423454387E-01-8.784033099E-01-1.012465492E+00-1.144694417E+00-1.275249178E+00
-1.404283890E+00-1.531946895E+00-1.658380344E+00-1.783720055E+00-1.908095442E+00
-2.031629542E+00-2.154439086E+00-2.276634609E+00-2.398320586E+00-2.519595609E+00
-2.640552551E+00-2.761278782E+00-2.881856376E+00-3.002362327E+00-3.122868754E+00
-3.243443149E+00-3.364148558E+00-3.485043832E+00-3.606183818E+00-3.727619578E+00
-3.849398600E+00-3.971565000E+00-4.094159657E+00-4.217220603E+00-4.340782984E+00
-4.464879381E+00-4.589539976E+00-4.714792859E+00-4.840663955E+00-4.967177534E+00
-5.094356133E+00-5.222220948E+00-5.350791915E+00-5.480087907E+00-5.610127046E+00
-5.740926749E+00-5.872504113E+00-6.004875923E+00-6.138058963E+00-6.272070332E+00
-6.406927445E+00-6.542648465E+00-6.679252382E+00-6.816759408E+00-6.955191015E+00
-7.094570449E+00-7.234922769E+00-7.376275198E+00-7.518657365E+00-7.662101735E+00
-7.806643610E+00-7.952321680E+00-8.099178141E+00-8.247258972E+00-8.396614329E+00
-8.547298740E+00-8.699371224E+00-8.852895728E+00-9.007941199E+00-9.164581629E+00
-9.322896369E+00-9.482970087E+00-9.644892652E+00-9.808759254E+00-9.974669849E+00
-1.014272928E+01-1.031304644E+01-1.048573382E+01-1.066090669E+01-1.083868205E+01
-1.101917729E+01-1.120250860E+01-1.138878903E+01-1.157812593E+01-1.177061811E+01
-1.196635242E+01-1.216539934E+01-1.236780815E+01-1.257360076E+01-1.278276485E+01
-1.299524548E+01-1.321093541E+01-1.342966389E+01-1.365118338E+01-1.387515487E+01
-1.410113064E+01-1.432853538E+01-1.455664529E+01-1.478456534E+01-1.501120589E+01
-1.523525941E+01-1.545517913E+01-1.566916205E+01-1.587514020E+01-1.607078416E+01
-1.625352402E+01-1.642059196E+01-1.656909003E+01-1.669608168E+01-1.679870283E+01
-1.687428275E+01-1.692046285E+01-1.693530257E+01-1.691736406E+01-1.686577244E+01
-1.678025264E+01-1.666114470E+01-1.650939978E+01-1.632655875E+01-1.611471079E+01
-1.587643159E+01-1.561469874E+01-1.533278568E+01-1.503413943E+01-1.472225157E+01
-1.440053541E+01-1.282652095E-01-1.150691054E-01-1.553793877E-01-2.509178884E-01
-3.996788145E-01-5.489108831E-01-6.950033381E-01-8.383269773E-01-9.790259114E-01
-1.117264514E+00-1.253221314E+00-1.387081576E+00-1.519031534E+00-1.649254310E+00
-1.777927053E+00-1.905219200E+00-2.031291414E+00-2.156295140E+00-2.280372460E+00
-2.403656265E+00-2.526270519E+00-2.648330670E+00-2.769944058E+00-2.891210370E+00
-3.012222088E+00-3.133064898E+00-3.253818118E+00-3.374555074E+00-3.495343446E+00
-3.616245603E+00-3.737318938E+00-3.858616111E+00-3.980185352E+00-4.102070744E+00
-4.224312384E+00-4.346946637E+00-4.470006402E+00-4.593521346E+00-4.717518024E+00
-4.842019997E+00-4.967048344E+00-5.092621464E+00-5.218755629E+00-5.345464904E+00
-5.472761464E+00-5.600655789E+00-5.729156783E+00-5.858272090E+00-5.988008249E+00
-6.118370778E+00-6.249364561E+00-6.380994011E+00-6.513263265E+00-6.646176341E+00
-6.779737496E+00-6.913951416E+00-7.048823501E+00-7.184359975E+00-7.320568245E+00
-7.457457254E+00-7.595037563E+00-7.733321659E+00-7.872324358E+00-8.012062917E+00
-8.152557310E+00-8.293830625E+00-8.435909064E+00-8.578822372E+00-8.722604000E+00
-8.867291061E+00-9.012924846E+00-9.159550545E+00-9.307217488E+00-9.455979177E+00
-9.605892860E+00-9.757019763E+00-9.909424502E+00-1.006317484E+01-1.021834099E+01
-1.037499513E+01-1.053321039E+01-1.069305973E+01-1.085461486E+01-1.101794441E+01
-1.118311233E+01-1.135017535E+01-1.151918063E+01-1.169016262E+01-1.186313938E+01
-1.203810861E+01-1.221504259E+01-1.239388287E+01-1.257453370E+01-1.275685485E+01
-1.294065344E+01-1.312567451E+01-1.331159081E+01-1.349799144E+01-1.368436950E+01
-1.387010893E+01-1.405447109E+01-1.423658107E+01-1.441541508E+01-1.458978949E+01
-1.475835311E+01-1.491958442E+01-1.507179575E+01-1.521314664E+01-1.534166832E+01
-1.545530103E+01-1.555194381E+01-1.562951655E+01-1.568603024E+01-1.571966177E+01
-1.572882713E+01-1.571224865E+01-1.566901100E+01-1.559860408E+01-1.550095078E+01
-1.537641969E+01-1.522582275E+01-1.505039783E+01-1.485177686E+01-1.463193937E+01
-1.439315271E+01-1.413790103E+01-1.386880636E+01-1.358854740E+01-1.329978101E+01
-3.602241398E-01-3.521936219E-01-3.969194348E-01-4.960649201E-01-6.432382376E-01
-7.951180797E-01-9.436518444E-01-1.089010394E+00-1.231369864E+00-1.370934222E+00
-1.507924145E+00-1.642567245E+00-1.775090486E+00-1.905714720E+00-2.034651052E+00
-2.162098649E+00-2.288243688E+00-2.413259029E+00-2.537304448E+00-2.660527136E+00
-2.783062427E+00-2.905034544E+00-3.026557428E+00-3.147735462E+00-3.268664237E+00
-3.389431176E+00-3.510116161E+00-3.630792071E+00-3.751525273E+00-3.872376049E+00
-3.993398984E+00-4.114643391E+00-4.236153505E+00-4.357968885E+00-4.480124595E+00
-4.602651564E+00-4.725576701E+00-4.848923135E+00-4.972710564E+00-5.096955221E+00
-5.221670225E+00-5.346865782E+00-5.472549338E+00-5.598725621E+00-5.725397112E+00
-5.852564049E+00-5.980224618E+00-6.108375196E+00-6.237010541E+00-6.366124035E+00
-6.495707799E+00-6.625753006E+00-6.756250004E+00-6.887188668E+00-7.018558516E+00
-7.150349030E+00-7.282549848E+00-7.415151119E+00-7.548143664E+00-7.681519208E+00
-7.815270779E+00-7.949392900E+00-8.083881827E+00-8.218735867E+00-8.353955531E+00
-8.489543973E+00-8.625506864E+00-8.761852992E+00-8.898594057E+00-9.035745072E+00
-9.173324277E+00-9.311353106E+00-9.449856420E+00-9.588862113E+00-9.728400957E+00
-9.868506480E+00-1.000921422E+01-1.015056153E+01-1.029258670E+01-1.043532803E+01
-1.057882303E+01-1.072310699E+01-1.086821165E+01-1.101416342E+01-1.116098147E+01
-1.130867540E+01-1.145724258E+01-1.160666527E+01-1.175690707E+01-1.190790923E+01
-1.205958615E+01-1.221182052E+01-1.236445811E+01-1.251730140E+01-1.267010340E+01
-1.282256027E+01-1.297430365E+01-1.312489299E+01-1.327380680E+01-1.342043482E+01
-1.356406985E+01-1.370390088E+01-1.383900742E+01-1.396835629E+01-1.409080135E+01
-1.420508746E+01-1.430985992E+01-1.440367998E+01-1.448504729E+01-1.455243005E+01
-1.460430180E+01-1.463918449E+01-1.465569553E+01-1.465259662E+01-1.462884133E+01
-1.458361910E+01-1.451639213E+01-1.442692470E+01-1.431530193E+01-1.418193872E+01
-1.402757722E+01-1.385327376E+01-1.366037518E+01-1.345048504E+01-1.322542144E+01
-1.298716777E+01-1.273781865E+01-1.247952460E+01-1.221443758E+01-6.110707590E-01
-6.088630394E-01-6.580582705E-01-7.606101297E-01-9.070890005E-01-1.060914676E+00
-1.211114255E+00-1.357604229E+00-1.500639268E+00-1.640505587E+00-1.777500698E+00
-1.911920653E+00-2.044051202E+00-2.174162257E+00-2.302504930E+00-2.429310394E+00
-2.554789964E+00-2.679135909E+00-2.802522671E+00-2.925108290E+00-3.047035808E+00
-3.168434663E+00-3.289421965E+00-3.410103656E+00-3.530575510E+00-3.650924069E+00
-3.771227409E+00-3.891555834E+00-4.011972487E+00-4.132533789E+00-4.253290078E+00
-4.374285757E+00-4.495559831E+00-4.617146143E+00-4.739073732E+00-4.861366867E+00
-4.984045602E+00-5.107125736E+00-5.230619089E+00-5.354533738E+00-5.478874214E+00
-5.603641501E+00-5.728833512E+00-5.854445007E+00-5.980467908E+00-6.106891421E+00
-6.233702267E+00-6.360884806E+00-6.488421307E+00-6.616292150E+00-6.744475823E+00
-6.872949553E+00-7.001689070E+00-7.130669159E+00-7.259863815E+00-7.389246367E+00
-7.518789983E+00-7.648467595E+00-7.778252571E+00-7.908118590E+00-8.038040242E+00
-8.167993137E+00-8.297954108E+00-8.427901684E+00-8.557816204E+00-8.687680057E+00
-8.817477916E+00-8.947196976E+00-9.076826916E+00-9.206360366E+00-9.335792482E+00
-9.465121294E+00-9.594347549E+00-9.723474360E+00-9.852507126E+00-9.981453134E+00
-1.011032090E+01-1.023911979E+01-1.036785895E+01-1.049654658E+01-1.062518882E+01
-1.075378827E+01-1.088234253E+01-1.101084266E+01-1.113927084E+01-1.126759848E+01
-1.139578346E+01-1.152376749E+01-1.165147282E+01-1.177879909E+01-1.190561935E+01
-1.203177597E+01-1.215707641E+01-1.228128844E+01-1.240413506E+01-1.252528940E+01
-1.264436953E+01-1.276093303E+01-1.287447205E+01-1.298440868E+01-1.309009107E+01
-1.319079079E+01-1.328570170E+01-1.337394091E+01-1.345455246E+01-1.352651443E+01
-1.358874936E+01-1.364013950E+01-1.367954593E+01-1.370583258E+01-1.371789374E+01
-1.371468499E+01-1.369525621E+01-1.365878491E+01-1.360460857E+01-1.353225423E+01
-1.344146361E+01-1.333221272E+01-1.320472460E+01-1.305947476E+01-1.289718885E+01
-1.271883224E+01-1.252559214E+01-1.231885265E+01-1.210016356E+01-1.187120413E+01
-1.163374368E+01-1.138960054E+01-1.114060124E+01-8.742628496E-01-8.765560301E-01
-9.301784217E-01-1.036617341E+00-1.192804803E+00-1.348585889E+00-1.499375361E+00
-1.645764603E+00-1.788170992E+00-1.927022990E+00-2.062738974E+00-2.195712619E+00
-2.326305456E+00-2.454844340E+00-2.581622000E+00-2.706899181E+00-2.830907580E+00
-2.953852949E+00-3.075918104E+00-3.197265685E+00-3.318040583E+00-3.438372070E+00
-3.558375601E+00-3.678154368E+00-3.797800580E+00-3.917396578E+00-4.037015735E+00
-4.156723256E+00-4.276576830E+00-4.396627164E+00-4.516918464E+00-4.637488828E+00
-4.758370643E+00-4.879590819E+00-5.001171104E+00-5.123128320E+00-5.245474526E+00
-5.368217324E+00-5.491359906E+00-5.614901286E+00-5.738836581E+00-5.863156963E+00
-5.987849943E+00-6.112899566E+00-6.238286524E+00-6.363988243E+00-6.489979192E+00
-6.616231002E+00-6.742712668E+00-6.869390700E+00-6.996229283E+00-7.123190753E+00
-7.250235434E+00-7.377322193E+00-7.504408479E+00-7.631450678E+00-7.758404386E+00
-7.885224648E+00-8.011866196E+00-8.138283878E+00-8.264432817E+00-8.390268730E+00
-8.515748237E+00-8.640829221E+00-8.765471022E+00-8.889634596E+00-9.013283024E+00
-9.136381439E+00-9.258897258E+00-9.380800498E+00-9.502063501E+00-9.622661129E+00
-9.742570690E+00-9.861771616E+00-9.980245233E+00-1.009797436E+01-1.021494277E+01
-1.033113446E+01-1.044653297E+01-1.056112017E+01-1.067487529E+01-1.078777353E+01
-1.089978445E+01-1.101087040E+01-1.112098441E+01-1.123006816E+01-1.133804965E+01
-1.144484057E+01-1.155033356E+01-1.165439935E+01-1.175688343E+01-1.185760285E+01
-1.195634285E+01-1.205285302E+01-1.214684404E+01-1.223798393E+01-1.232589471E+01
-1.241014923E+01-1.249026861E+01-1.256572005E+01-1.263591583E+01-1.270021327E+01
-1.275791635E+01-1.280827888E+01-1.285051019E+01-1.288378287E+01-1.290724357E+01
-1.292002645E+01-1.292126950E+01-1.291013359E+01-1.288582399E+01-1.284761325E+01
-1.279486557E+01-1.272706057E+01-1.264381656E+01-1.254491147E+01-1.243030040E+01
-1.230012962E+01-1.215474528E+01-1.199469681E+01-1.182073455E+01-1.163380148E+01
-1.143501882E+01-1.122566640E+01-1.100715812E+01-1.078101313E+01-1.054882418E+01
-1.031222429E+01-1.007285294E+01-1.173640560E+00-1.182773410E+00-1.241303239E+00
-1.350719100E+00-1.505558651E+00-1.661200717E+00-1.810862363E+00-1.955315957E+00
-2.095255132E+00-2.231332056E+00-2.364132439E+00-2.494168108E+00-2.621879979E+00
-2.747645659E+00-2.871788319E+00-2.994585228E+00-3.116275267E+00-3.237065282E+00
-3.357135272E+00-3.476642669E+00-3.595725716E+00-3.714506241E+00-3.833091858E+00
-3.951577775E+00-4.070048160E+00-4.188577369E+00-4.307230922E+00-4.426066184E+00
-4.545133034E+00-4.664474458E+00-4.784126781E+00-4.904120302E+00-5.024479407E+00
-5.145222931E+00-5.266364269E+00-5.387911734E+00-5.509868596E+00-5.632233358E+00
-5.754999835E+00-5.878157310E+00-6.001690614E+00-6.125580442E+00-6.249803350E+00
-6.374331799E+00-6.499134586E+00-6.624176722E+00-6.749419677E+00-6.874821567E+00
-7.000337401E+00-7.125919031E+00-7.251515593E+00-7.377073584E+00-7.502537134E+00
-7.627848249E+00-7.752946963E+00-7.877771773E+00-8.002259720E+00-8.126346859E+00
-8.249968457E+00-8.373059347E+00-8.495554206E+00-8.617387985E+00-8.738496030E+00
-8.858814633E+00-8.978281228E+00-9.096834786E+00-9.214415892E+00-9.330967260E+00
-9.446433652E+00-9.560762392E+00-9.673903048E+00-9.785807829E+00-9.896431269E+00
-1.000573019E+01-1.011366329E+01-1.022019094E+01-1.032527446E+01-1.042887554E+01
-1.053095538E+01-1.063147362E+01-1.073038738E+01-1.082764960E+01-1.092320776E+01
-1.101700218E+01-1.110896402E+01-1.119901330E+01-1.128705677E+01-1.137298553E+01
-1.145667271E+01-1.153797075E+01-1.161670884E+01-1.169269039E+01-1.176569022E+01
-1.183545205E+01-1.190168597E+01-1.196406628E+01-1.202222926E+01-1.207577194E+01
-1.212425075E+01-1.216718152E+01-1.220403989E+01-1.223426299E+01-1.225725259E+01
-1.227237949E+01-1.227898977E+01-1.227641279E+01-1.226397119E+01-1.224099305E+01
-1.220682565E+01-1.216085141E+01-1.210250474E+01-1.203129061E+01-1.194680292E+01
-1.184874311E+01-1.173693781E+01-1.161135492E+01-1.147211716E+01-1.131951271E+01
-1.115400206E+01-1.097622071E+01-1.078697715E+01-1.058724599E+01-1.037815617E+01
-1.016097415E+01-9.937082834E+00-9.707956307E+00-9.475131572E+00-9.240177940E+00
-9.004665390E+00-1.507274889E+00-1.525422825E+00-1.589242613E+00-1.700491335E+00
-1.850119614E+00-2.002688757E+00-2.148298162E+00-2.287942217E+00-2.422766050E+00
-2.553719192E+00-2.681563720E+00-2.806906398E+00-2.930232123E+00-3.051932162E+00
-3.172326104E+00-3.291678414E+00-3.410210723E+00-3.528110943E+00-3.645540024E+00
-3.762637031E+00-3.879522962E+00-3.996303613E+00-4.113071795E+00-4.229909004E+00
-4.346886790E+00-4.464067757E+00-4.581506317E+00-4.699249393E+00-4.817336897E+00
-4.935802122E+00-5.054672134E+00-5.173967894E+00-5.293704649E+00-5.413892093E+00
-5.534534400E+00-5.655630468E+00-5.777174072E+00-5.899153864E+00-6.021553535E+00
-6.144352004E+00-6.267523347E+00-6.391036991E+00-6.514857869E+00-6.638946427E+00
-6.763258811E+00-6.887746955E+00-7.012358694E+00-7.137037964E+00-7.261724956E+00
-7.386356237E+00-7.510864948E+00-7.635181075E+00-7.759231533E+00-7.882940597E+00
-8.006229941E+00-8.129019111E+00-8.251225647E+00-8.372765508E+00-8.493553355E+00
-8.613502946E+00-8.732527403E+00-8.850539654E+00-8.967452786E+00-9.083180395E+00
-9.197637103E+00-9.310738754E+00-9.422402845E+00-9.532548806E+00-9.641098428E+00
-9.747975987E+00-9.853108358E+00-9.956425291E+00-1.005785930E+01-1.015734552E+01
-1.025482168E+01-1.035022744E+01-1.044350423E+01-1.053459433E+01-1.062344012E+01
-1.070998319E+01-1.079416302E+01-1.087591577E+01-1.095517262E+01-1.103185828E+01
-1.110588891E+01-1.117717041E+01-1.124559626E+01-1.131104526E+01-1.137337952E+01
-1.143244207E+01-1.148805478E+01-1.154001628E+01-1.158809972E+01-1.163205109E+01
-1.167158750E+01-1.170639589E+01-1.173613194E+01-1.176041974E+01-1.177885176E+01
-1.179098968E+01-1.179636606E+01-1.179448707E+01-1.178483599E+01-1.176687842E+01
-1.174006855E+01-1.170385692E+01-1.165769979E+01-1.160106987E+01-1.153346853E+01
-1.145443920E+01-1.136358188E+01-1.126056848E+01-1.114515819E+01-1.101721320E+01
-1.087671353E+01-1.072377063E+01-1.055863959E+01-1.038172866E+01-1.019360600E+01
-9.995003157E+00-9.786813967E+00-9.570089803E+00-9.346029228E+00-9.115963423E+00
-8.881336016E+00-8.643678888E+00-8.404583373E+00-8.165668819E+00-7.928548387E+00
-1.872467022E+00-1.901207489E+00-1.970736386E+00-2.082070419E+00-2.232695774E+00
-2.377570643E+00-2.513886469E+00-2.644240665E+00-2.770309596E+00-2.893232417E+00
-3.013801221E+00-3.132584913E+00-3.250006070E+00-3.366388668E+00-3.481988312E+00
-3.597011853E+00-3.711630366E+00-3.825987942E+00-3.940207750E+00-4.054396347E+00
-4.168646524E+00-4.283039721E+00-4.397647368E+00-4.512532227E+00-4.627749065E+00
-4.743345435E+00-4.859362156E+00-4.975833504E+00-5.092787610E+00-5.210246776E+00
-5.328227311E+00-5.446740051E+00-5.565790157E+00-5.685377274E+00-5.805495690E+00
-5.926134294E+00-6.047276695E+00-6.168901186E+00-6.290980895E+00-6.413483673E+00
-6.536372405E+00-6.659604817E+00-6.783133709E+00-6.906906836E+00-7.030867227E+00
-7.154953144E+00-7.279098200E+00-7.403231475E+00-7.527277639E+00-7.651157262E+00
-7.774786700E+00-7.898078526E+00-8.020941689E+00-8.143281669E+00-8.265000836E+00
-8.385998721E+00-8.506172217E+00-8.625416049E+00-8.743623090E+00-8.860684678E+00
-8.976491164E+00-9.090932152E+00-9.203897127E+00-9.315275811E+00-9.424958555E+00
-9.532837090E+00-9.638804566E+00-9.742756418E+00-9.844590522E+00-9.944207592E+00
-1.004151157E+01-1.013640984E+01-1.022881331E+01-1.031863636E+01-1.040579697E+01
-1.049021607E+01-1.057181745E+01-1.065052693E+01-1.072627166E+01-1.079897918E+01
-1.086857617E+01-1.093498710E+01-1.099813279E+01-1.105792863E+01-1.111428260E+01
-1.116709351E+01-1.121624885E+01-1.126162264E+01-1.130307350E+01-1.134044244E+01
-1.137355118E+01-1.140220021E+01-1.142616731E+01-1.144520604E+01-1.145904482E+01
-1.146738630E+01-1.146990675E+01-1.146625665E+01-1.145606115E+01-1.143892174E+01
-1.141441838E+01-1.138211256E+01-1.134155141E+01-1.129227276E+01-1.123381133E+01
-1.116570615E+01-1.108750913E+01-1.099879493E+01-1.089917175E+01-1.078829360E+01
-1.066587285E+01-1.053169423E+01-1.038562871E+01-1.022764796E+01-1.005783830E+01
-9.876414258E+00-9.683730986E+00-9.480295155E+00-9.266773320E+00-9.043997948E+00
-8.812969148E+00-8.574852585E+00-8.330971838E+00-8.082795275E+00-7.831916438E+00
-7.580028114E+00-7.328890621E+00-7.080294417E+00-6.836019638E+00-2.302725282E+00
-2.353366031E+00-2.430163498E+00-2.533389048E+00-2.664117387E+00-2.788084807E+00
-2.906286466E+00-3.021442010E+00-3.134713957E+00-3.246748113E+00-3.357947774E+00
-3.468587187E+00-3.578866072E+00-3.688938357E+00-3.798928233E+00-3.908939677E+00
-4.019062179E+00-4.129374405E+00-4.239946389E+00-4.350841014E+00-4.462114935E+00
-4.573819135E+00-4.685999277E+00-4.798695944E+00-4.911944554E+00-5.025775681E+00
-5.140214817E+00-5.255282410E+00-5.370993944E+00-5.487359584E+00-5.604384570E+00
-5.722068666E+00-5.840406552E+00-5.959387512E+00-6.078995393E+00-6.199208761E+00
-6.320000628E+00-6.441338686E+00-6.563184994E+00-6.685496213E+00-6.808223527E+00
-6.931312604E+00-7.054703638E+00-7.178331421E+00-7.302125390E+00-7.426009584E+00
-7.549902839E+00-7.673718793E+00-7.797366079E+00-7.920748365E+00-8.043764633E+00
-8.166309214E+00-8.288272065E+00-8.409539047E+00-8.529992119E+00-8.649509658E+00
-8.767966727E+00-8.885235515E+00-9.001185769E+00-9.115685028E+00-9.228599296E+00
-9.339793434E+00-9.449131632E+00-9.556478160E+00-9.661697642E+00-9.764655963E+00
-9.865220663E+00-9.963261607E+00-1.005865157E+01-1.015126685E+01-1.024098770E+01
-1.032769877E+01-1.041128950E+01-1.049165406E+01-1.056869175E+01-1.064230640E+01
-1.071240640E+01-1.077890394E+01-1.084171445E+01-1.090075552E+01-1.095594579E+01
-1.100720359E+01-1.105444527E+01-1.109758328E+01-1.113652440E+01-1.117116731E+01
-1.120140070E+01-1.122710081E+01-1.124812959E+01-1.126433252E+01-1.127553707E+01
-1.128155089E+01-1.128216063E+01-1.127713089E+01-1.126620351E+01-1.124909744E+01
-1.122550853E+01-1.119511042E+01-1.115755567E+01-1.111247736E+01-1.105949172E+01
-1.099820126E+01-1.092819881E+01-1.084907245E+01-1.076041148E+01-1.066181323E+01
-1.055289105E+01-1.043328321E+01-1.030266313E+01-1.016075028E+01-1.000732227E+01
-9.842227869E+00-9.665400617E+00-9.476873293E+00-9.276792424E+00-9.065433567E+00
-8.843215615E+00-8.610715096E+00-8.368678981E+00-8.118035160E+00-7.859900247E+00
-7.595582611E+00-7.326579817E+00-7.054568656E+00-6.781386314E+00-6.509002003E+00
-6.239478469E+00-5.974924477E+00-5.717440282E+00-2.790925983E+00-2.878035235E+00
-2.963726682E+00-3.048065664E+00-3.131756639E+00-3.220565455E+00-3.314077159E+00
-3.410479351E+00-3.508803394E+00-3.608526145E+00-3.709344447E+00-3.811074651E+00
-3.913603863E+00-4.016863861E+00-4.120816067E+00-4.225441921E+00-4.330737010E+00
-4.436706495E+00-4.543362000E+00-4.650719363E+00-4.758796864E+00-4.867613574E+00
-4.977188403E+00-5.087539161E+00-5.198681568E+00-5.310628940E+00-5.423391324E+00
-5.536975300E+00-5.651383429E+00-5.766614056E+00-5.882660956E+00-5.999513137E+00
-6.117154485E+00-6.235563920E+00-6.354714888E+00-6.474575396E+00-6.595107977E+00
-6.716269369E+00-6.838010638E+00-6.960276942E+00-7.083007645E+00-7.206136082E+00
-7.329589721E+00-7.453289999E+00-7.577152365E+00-7.701086319E+00-7.824995492E+00
-7.948777602E+00-8.072324538E+00-8.195522633E+00-8.318252627E+00-8.440389780E+00
-8.561804272E+00-8.682361320E+00-8.801921330E+00-8.920340379E+00-9.037470442E+00
-9.153159755E+00-9.267253400E+00-9.379593503E+00-9.490020065E+00-9.598371234E+00
-9.704484132E+00-9.808195530E+00-9.909342315E+00-1.000776256E+01-1.010329601E+01
-1.019578514E+01-1.028507575E+01-1.037101794E+01-1.045346700E+01-1.053228392E+01
-1.060733620E+01-1.067849797E+01-1.074565044E+01-1.080868175E+01-1.086748686E+01
-1.092196704E+01-1.097202931E+01-1.101758564E+01-1.105855153E+01-1.109484495E+01
-1.112638415E+01-1.115308591E+01-1.117486292E+01-1.119162154E+01-1.120325892E+01
-1.120966082E+01-1.121069915E+01-1.120622986E+01-1.119609134E+01-1.118010266E+01
-1.115806266E+01-1.112974896E+01-1.109491764E+01-1.105330304E+01-1.100461813E+01
-1.094855549E+01-1.088478832E+01-1.081297260E+01-1.073274920E+01-1.064374735E+01
-1.054558813E+01-1.043788914E+01-1.032027009E+01-1.019235886E+01-1.005379881E+01
-9.904257018E+00-9.743433572E+00-9.571071868E+00-9.386970062E+00-9.190993764E+00
-8.983089943E+00-8.763301819E+00-8.531785454E+00-8.288827003E+00-8.034861434E+00
-7.770492027E+00-7.496509881E+00-7.213913291E+00-6.923925408E+00-6.628007863E+00
-6.327868731E+00-6.025461149E+00-5.722968859E+00-5.422776302E+00-5.127420629E+00
-4.839526421E+00-4.561725859E+00-3.240546345E+00-3.351915399E+00-3.445018356E+00
-3.519340401E+00-3.577510515E+00-3.643243888E+00-3.717636722E+00-3.798153912E+00
-3.883136079E+00-3.971494830E+00-4.062503209E+00-4.155665545E+00-4.250638038E+00
-4.347179566E+00-4.445120002E+00-4.544339652E+00-4.644754912E+00-4.746308296E+00
-4.848961273E+00-4.952688983E+00-5.057476137E+00-5.163313950E+00-5.270197734E+00
-5.378125125E+00-5.487094231E+00-5.597102767E+00-5.708146912E+00-5.820220361E+00
-5.933313896E+00-6.047414632E+00-6.162505668E+00-6.278565609E+00-6.395568216E+00
-6.513482246E+00-6.632271056E+00-6.751892451E+00-6.872298402E+00-6.993435051E+00
-7.115242393E+00-7.237654277E+00-7.360598129E+00-7.483994994E+00-7.607759414E+00
-7.731799352E+00-7.856016154E+00-7.980304504E+00-8.104552392E+00-8.228641225E+00
-8.352445832E+00-8.475834422E+00-8.598668902E+00-8.720804795E+00-8.842091555E+00
-8.962372690E+00-9.081486110E+00-9.199264252E+00-9.315534624E+00-9.430120050E+00
-9.542839174E+00-9.653506937E+00-9.761935289E+00-9.867933575E+00-9.971309529E+00
-1.007186993E+01-1.016942150E+01-1.026377176E+01-1.035473007E+01-1.044210848E+01
-1.052572312E+01-1.060539524E+01-1.068095274E+01-1.075223117E+01-1.081907491E+01
-1.088133750E+01-1.093888243E+01-1.099158294E+01-1.103932219E+01-1.108199297E+01
-1.111949716E+01-1.115174523E+01-1.117865494E+01-1.120015009E+01-1.121615839E+01
-1.122660903E+01-1.123142964E+01-1.123054296E+01-1.122386342E+01-1.121129400E+01
-1.119272365E+01-1.116802487E+01-1.113705184E+01-1.109963889E+01-1.105559951E+01
-1.100472566E+01-1.094678741E+01-1.088153300E+01-1.080868939E+01-1.072796311E+01
-1.063904135E+01-1.054159399E+01-1.043527567E+01-1.031972862E+01-1.019458610E+01
-1.005947624E+01-9.914027079E+00-9.757871850E+00-9.590655369E+00-9.412041402E+00
-9.221720980E+00-9.019421856E+00-8.804919256E+00-8.578048177E+00-8.338717213E+00
-8.086924353E+00-7.822775109E+00-7.546502962E+00-7.258492486E+00-6.959305909E+00
-6.649712303E+00-6.330719816E+00-6.003609396E+00-5.669968514E+00-5.331720525E+00
-4.991144750E+00-4.650878929E+00-4.313895418E+00-3.983443471E+00-3.662954373E+00
-3.355914097E+00-3.639039633E+00-3.763181615E+00-3.862392728E+00-3.935641972E+00
-3.984425457E+00-4.040669028E+00-4.104690517E+00-4.174962259E+00-4.250307163E+00
-4.329790916E+00-4.412695073E+00-4.498475373E+00-4.586722459E+00-4.677129055E+00
-4.769465228E+00-4.863559236E+00-4.959283348E+00-5.056542848E+00-5.155267881E+00
-5.255407070E+00-5.356922670E+00-5.459786473E+00-5.563977005E+00-5.669476852E+00
-5.776270923E+00-5.884344761E+00-5.993683274E+00-6.104269678E+00-6.216084708E+00
-6.329105788E+00-6.443306559E+00-6.558656250E+00-6.675119403E+00-6.792655318E+00
-6.911217780E+00-7.030754900E+00-7.151208682E+00-7.272514905E+00-7.394602849E+00
-7.517395172E+00-7.640807717E+00-7.764749236E+00-7.889121547E+00-8.013819097E+00
-8.138728971E+00-8.263730999E+00-8.388697410E+00-8.513492986E+00-8.637974945E+00
-8.761993174E+00-8.885389999E+00-9.008000495E+00-9.129652564E+00-9.250167139E+00
-9.369358373E+00-9.487033959E+00-9.602995441E+00-9.717038537E+00-9.828953759E+00
-9.938526737E+00-1.004553900E+01-1.014976870E+01-1.025099136E+01-1.034898081E+01
-1.044351046E+01-1.053435415E+01-1.062128723E+01-1.070408769E+01-1.078253745E+01
-1.085642446E+01-1.092554524E+01-1.098970683E+01-1.104872844E+01-1.110244211E+01
-1.115069311E+01-1.119334029E+01-1.123025614E+01-1.126132676E+01-1.128645180E+01
-1.130554407E+01-1.131852891E+01-1.132534305E+01-1.132593269E+01-1.132025026E+01
-1.130825009E+01-1.128988296E+01-1.126509131E+01-1.123380498E+01-1.119593776E+01
-1.115138504E+01-1.110002162E+01-1.104170045E+01-1.097625176E+01-1.090348246E+01
-1.082317605E+01-1.073509271E+01-1.063896996E+01-1.053452337E+01-1.042144780E+01
-1.029941884E+01-1.016809481E+01-1.002711896E+01-9.876122428E+00-9.714727260E+00
-9.542550535E+00-9.359208582E+00-9.164322461E+00-8.957523827E+00-8.738461910E+00
-8.506811824E+00-8.262283944E+00-8.004635021E+00-7.733681256E+00-7.449314026E+00
-7.151518360E+00-6.840395355E+00-6.516189327E+00-6.179320546E+00-5.830425193E+00
-5.470403263E+00-5.100475344E+00-4.722248098E+00-4.337785136E+00-3.949676880E+00
-3.561093667E+00-3.175800710E+00-2.798105676E+00-2.432717737E+00-2.084520057E+00
-3.996170720E+00-4.128370867E+00-4.232782980E+00-4.308347890E+00-4.361268294E+00
-4.414369855E+00-4.473415932E+00-4.537851940E+00-4.606989812E+00-4.680207474E+00
-4.756972995E+00-4.836846801E+00-4.919474060E+00-5.004572990E+00-5.091922325E+00
-5.181350008E+00-5.272723185E+00-5.365939694E+00-5.460921328E+00-5.557608042E+00
-5.655953423E+00-5.755920871E+00-5.857480717E+00-5.960607627E+00-6.065278633E+00
-6.171471670E+00-6.279163965E+00-6.388331170E+00-6.498946415E+00-6.610979401E+00
-6.724395931E+00-6.839157313E+00-6.955219894E+00-7.072534543E+00-7.191046377E+00
-7.310694563E+00-7.431411690E+00-7.553123804E+00-7.675749980E+00-7.799202122E+00
-7.923384764E+00-8.048194839E+00-8.173521517E+00-8.299245969E+00-8.425241331E+00
-8.551372383E+00-8.677495634E+00-8.803459082E+00-8.929102253E+00-9.054256087E+00
-9.178743049E+00-9.302377097E+00-9.424963874E+00-9.546300710E+00-9.666177097E+00
-9.784374564E+00-9.900667315E+00-1.001482234E+01-1.012660006E+01-1.023575462E+01
-1.034203465E+01-1.044518390E+01-1.054494241E+01-1.064104756E+01-1.073323563E+01
-1.082124321E+01-1.090480821E+01-1.098366973E+01-1.105756860E+01-1.112625074E+01
-1.118947404E+01-1.124701263E+01-1.129865799E+01-1.134421937E+01-1.138352352E+01
-1.141641490E+01-1.144275572E+01-1.146242617E+01-1.147532513E+01-1.148137031E+01
-1.148049907E+01-1.147266844E+01-1.145785425E+01-1.143604800E+01-1.140724946E+01
-1.137145495E+01-1.132864959E+01-1.127880138E+01-1.122185796E+01-1.115774380E+01
-1.108635899E+01-1.100757780E+01-1.092124855E+01-1.082719324E+01-1.072520756E+01
-1.061506152E+01-1.049649981E+01-1.036924261E+01-1.023298667E+01-1.008740635E+01
-9.932155252E+00-9.766867756E+00-9.591161058E+00-9.404637579E+00-9.206887686E+00
-8.997492683E+00-8.776028792E+00-8.542071290E+00-8.295199748E+00-8.035003980E+00
-7.761091373E+00-7.473095751E+00-7.170687972E+00-6.853589366E+00-6.521588399E+00
-6.174561790E+00-5.812501620E+00-5.435550514E+00-5.044047425E+00-4.638588027E+00
-4.220104232E+00-3.789968701E+00-3.350129543E+00-2.903277300E+00-2.453032468E+00
-2.004112775E+00-1.562390846E+00-1.134718160E+00-7.284486950E-01-4.337446224E+00
-4.477047555E+00-4.586545202E+00-4.664908756E+00-4.717107918E+00-4.769324297E+00
-4.826261963E+00-4.887581178E+00-4.952908397E+00-5.021878862E+00-5.094157758E+00
-5.169451088E+00-5.247508944E+00-5.328124321E+00-5.411128946E+00-5.496388074E+00
-5.583795010E+00-5.673265835E+00-5.764734753E+00-5.858149913E+00-5.953469789E+00
-6.050660340E+00-6.149692568E+00-6.250540234E+00-6.353178397E+00-6.457581921E+00
-6.563724251E+00-6.671576586E+00-6.781106934E+00-6.892279520E+00-7.005054039E+00
-7.119385418E+00-7.235223069E+00-7.352510612E+00-7.471185598E+00-7.591178921E+00
-7.712414738E+00-7.834810035E+00-7.958274272E+00-8.082709345E+00-8.208008995E+00
-8.334058767E+00-8.460735735E+00-8.587908187E+00-8.715435469E+00-8.843167705E+00
-8.970945803E+00-9.098600974E+00-9.225954939E+00-9.352819644E+00-9.478997227E+00
-9.604280053E+00-9.728450836E+00-9.851282558E+00-9.972538902E+00-1.009197425E+01
-1.020933402E+01-1.032435496E+01-1.043676555E+01-1.054628612E+01-1.065262971E+01
-1.075550233E+01-1.085460430E+01-1.094963120E+01-1.104027683E+01-1.112623825E+01
-1.120721563E+01-1.128290733E+01-1.135300240E+01-1.141717912E+01-1.147514365E+01
-1.152663272E+01-1.157140994E+01-1.160926238E+01-1.163999890E+01-1.166344936E+01
-1.167946514E+01-1.168791958E+01-1.168870930E+01-1.168175573E+01-1.166700805E+01
-1.164444703E+01-1.161409017E+01-1.157599404E+01-1.153024520E+01-1.147691382E+01
-1.141604667E+01-1.134766266E+01-1.127175116E+01-1.118827110E+01-1.109715056E+01
-1.099828660E+01-1.089154568E+01-1.077676385E+01-1.065374738E+01-1.052227344E+01
-1.038209078E+01-1.023292028E+01-1.007445590E+01-9.906365388E+00-9.728291191E+00
-9.539851491E+00-9.340641226E+00-9.130233348E+00-8.908180203E+00-8.674015067E+00
-8.427254197E+00-8.167398760E+00-7.893937589E+00-7.606350340E+00-7.304111426E+00
-6.986695066E+00-6.653581504E+00-6.304265603E+00-5.938267717E+00-5.555148782E+00
-5.154530327E+00-4.736122770E+00-4.299764651E+00-3.845478693E+00-3.373553176E+00
-2.884662763E+00-2.380051250E+00-1.861813125E+00-1.333326385E+00-7.998812131E-01
-2.694101207E-01 2.472344485E-01 7.374223680E-01-4.665840705E+00-4.811963434E+00
-4.926642512E+00-5.007958959E+00-5.057684244E+00-5.110276255E+00-5.166598388E+00
-5.226336827E+00-5.289317270E+00-5.355362894E+00-5.424304361E+00-5.495987856E+00
-5.570279028E+00-5.647064368E+00-5.726250302E+00-5.807761303E+00-5.891537049E+00
-5.977529829E+00-6.065701662E+00-6.156021974E+00-6.248465077E+00-6.343008473E+00
-6.439631202E+00-6.538312265E+00-6.639029638E+00-6.741759247E+00-6.846474103E+00
-6.953143674E+00-7.061733247E+00-7.172203384E+00-7.284509604E+00-7.398601633E+00
-7.514423446E+00-7.631912515E+00-7.750999775E+00-7.871608987E+00-7.993656703E+00
-8.117051716E+00-8.241694778E+00-8.367478368E+00-8.494286339E+00-8.621993517E+00
-8.750465514E+00-8.879558284E+00-9.009117975E+00-9.138980567E+00-9.268971600E+00
-9.398905938E+00-9.528587569E+00-9.657809372E+00-9.786353114E+00-9.913989177E+00
-1.004047671E+01-1.016556373E+01-1.028898711E+01-1.041047303E+01-1.052973703E+01
-1.064648437E+01-1.076041010E+01-1.087119925E+01-1.097852667E+01-1.108205707E+01
-1.118144657E+01-1.127633967E+01-1.136636938E+01-1.145119393E+01-1.153049349E+01
-1.160395220E+01-1.167121250E+01-1.173174846E+01-1.178520564E+01-1.183129752E+01
-1.186977252E+01-1.190040258E+01-1.192298101E+01-1.193732319E+01-1.194326767E+01
-1.194067752E+01-1.192944150E+01-1.190947590E+01-1.188072814E+01-1.184318585E+01
-1.179690011E+01-1.174202602E+01-1.167890153E+01-1.160769422E+01-1.152852838E+01
-1.144147859E+01-1.134657852E+01-1.124382227E+01-1.113316562E+01-1.101452696E+01
-1.088778861E+01-1.075279813E+01-1.060936956E+01-1.045728435E+01-1.029629204E+01
-1.012611112E+01-9.946429314E+00-9.756904166E+00-9.557163076E+00-9.346803816E+00
-9.125394336E+00-8.892472915E+00-8.647548010E+00-8.390098171E+00-8.119571769E+00
-7.835386643E+00-7.536929857E+00-7.223557196E+00-6.894593003E+00-6.549330021E+00
-6.187029713E+00-5.806923045E+00-5.408212340E+00-4.990074746E+00-4.551667947E+00
-4.092139737E+00-3.610643207E+00-3.106361063E+00-2.578544590E+00-2.026577856E+00
-1.450087924E+00-8.491471107E-01-2.246828097E-01 4.205686836E-01 1.079449980E+00
 1.733720090E+00 2.352346769E+00-4.973539799E+00-5.125091268E+00-5.244127900E+00
-5.329461019E+00-5.387348483E+00-5.441374232E+00-5.497788952E+00-5.556704893E+00
-5.618094633E+00-5.681926769E+00-5.748171556E+00-5.816803306E+00-5.887801727E+00
-5.961152006E+00-6.036844451E+00-6.114873348E+00-6.195235940E+00-6.277931242E+00
-6.362958623E+00-6.450316902E+00-6.540003398E+00-6.632013149E+00-6.726338076E+00
-6.822966558E+00-6.921882913E+00-7.023066930E+00-7.126493590E+00-7.232132595E+00
-7.339948288E+00-7.449899065E+00-7.561937410E+00-7.676009345E+00-7.792054354E+00
-7.910004946E+00-8.029786341E+00-8.151316352E+00-8.274504716E+00-8.399253053E+00
-8.525454432E+00-8.652992903E+00-8.781743216E+00-8.911570467E+00-9.042329588E+00
-9.173865228E+00-9.306011005E+00-9.438589503E+00-9.571411607E+00-9.704276341E+00
-9.836970476E+00-9.969268137E+00-1.010093060E+01-1.023170623E+01-1.036133007E+01
-1.048952430E+01-1.061599824E+01-1.074044872E+01-1.086256066E+01-1.098200688E+01
-1.109844837E+01-1.121153568E+01-1.132090472E+01-1.142617330E+01-1.152696470E+01
-1.162287091E+01-1.171333456E+01-1.179798824E+01-1.187655545E+01-1.194886799E+01
-1.201496755E+01-1.207292030E+01-1.212268132E+01-1.216405984E+01-1.219682912E+01
-1.222075536E+01-1.223561434E+01-1.224120297E+01-1.223734381E+01-1.222388535E+01
-1.220070269E+01-1.216769560E+01-1.212477811E+01-1.207186318E+01-1.200889409E+01
-1.193584844E+01-1.185456726E+01-1.176486216E+01-1.166695671E+01-1.156094929E+01
-1.144691076E+01-1.132486659E+01-1.119479522E+01-1.105663070E+01-1.091026594E+01
-1.075555525E+01-1.059231616E+01-1.042033083E+01-1.023934688E+01-1.004907780E+01
-9.849203225E+00-9.639368842E+00-9.419185899E+00-9.188230775E+00-8.946043840E+00
-8.692128505E+00-8.425949492E+00-8.146930904E+00-7.854453975E+00-7.547853961E+00
-7.226416949E+00-6.889375600E+00-6.535904264E+00-6.165113266E+00-5.776042132E+00
-5.367651787E+00-4.938815217E+00-4.488306592E+00-4.014788507E+00-3.516796346E+00
-2.992719068E+00-2.440774512E+00-1.858975258E+00-1.245078086E+00-5.965012894E-01
 8.982651784E-02 8.177823754E-01 1.592839030E+00 2.424646645E+00 3.324039240E+00
 4.132796779E+00-5.282139953E+00-5.439641336E+00-5.563327863E+00-5.652042420E+00
-5.711186128E+00-5.766379512E+00-5.823055371E+00-5.881342580E+00-5.941337508E+00
-6.003140781E+00-6.066853774E+00-6.132575379E+00-6.200399327E+00-6.270412137E+00
-6.342691821E+00-6.417307406E+00-6.494318267E+00-6.573774362E+00-6.655716390E+00
-6.740175949E+00-6.827176168E+00-6.916731859E+00-7.008849839E+00-7.103529438E+00
-7.200762659E+00-7.300534331E+00-7.402822354E+00-7.507597649E+00-7.614824324E+00
-7.724459671E+00-7.836453849E+00-7.950750124E+00-8.067284274E+00-8.185984712E+00
-8.306772127E+00-8.429559091E+00-8.554249787E+00-8.680739687E+00-8.808915165E+00
-8.938652979E+00-9.069820001E+00-9.202272658E+00-9.335856427E+00-9.470405596E+00
-9.605742552E+00-9.741677431E+00-9.878007602E+00-1.001451720E+01-1.015097656E+01
-1.028714176E+01-1.042275424E+01-1.055754012E+01-1.069121009E+01-1.082345933E+01
-1.095396787E+01-1.108240189E+01-1.120841565E+01-1.133164838E+01-1.145172204E+01
-1.156826726E+01-1.168089352E+01-1.178908760E+01-1.189257037E+01-1.199129757E+01
-1.208331937E+01-1.216859836E+01-1.224684210E+01-1.231767496E+01-1.238064631E+01
-1.243514083E+01-1.248073144E+01-1.251707797E+01-1.254389044E+01-1.256091461E+01
-1.256792692E+01-1.256473314E+01-1.255116696E+01-1.252708730E+01-1.249237454E+01
-1.244692706E+01-1.239066364E+01-1.232354064E+01-1.224558818E+01-1.215696920E+01
-1.205801010E+01-1.194883009E+01-1.183165704E+01-1.170626610E+01-1.157282772E+01
-1.143140295E+01-1.128198235E+01-1.112450370E+01-1.095886035E+01-1.078490570E+01
-1.060245539E+01-1.041128851E+01-1.021114827E+01-1.000174188E+01-9.782740521E+00
-9.553778564E+00-9.314452682E+00-9.064320342E+00-8.802897997E+00-8.529658920E+00
-8.244030088E+00-7.945388875E+00-7.633058639E+00-7.306303559E+00-6.964322257E+00
-6.606240384E+00-6.231101564E+00-5.837856162E+00-5.425348401E+00-4.992300132E+00
-4.537291407E+00-4.058736723E+00-3.554855123E+00-3.023633108E+00-2.462776558E+00
-1.869647515E+00-1.241177729E+00-5.737457214E-01 1.370063976E-01 8.964582434E-01
 1.711468872E+00 2.591095386E+00 3.547523283E+00 4.586715012E+00 5.540011286E+00
-5.593740122E+00-5.756822168E+00-5.885996691E+00-5.977118856E+00-6.032899407E+00
-6.088902091E+00-6.145561638E+00-6.202916346E+00-6.261200323E+00-6.320660289E+00
-6.381540636E+00-6.444073937E+00-6.508474289E+00-6.574933369E+00-6.643619095E+00
-6.714675316E+00-6.788223064E+00-6.864362098E+00-6.943172755E+00-7.024717797E+00
-7.109044305E+00-7.196185336E+00-7.286161338E+00-7.378981294E+00-7.474643943E+00
-7.573138412E+00-7.674444999E+00-7.778535575E+00-7.885374011E+00-7.994916375E+00
-8.107111056E+00-8.221898757E+00-8.339212343E+00-8.458976875E+00-8.581109260E+00
-8.705517897E+00-8.832102513E+00-8.960753618E+00-9.091352148E+00-9.223768873E+00
-9.357864163E+00-9.493487078E+00-9.630475216E+00-9.768653841E+00-9.907835570E+00
-1.004781959E+01-1.018839124E+01-1.032932119E+01-1.047036497E+01-1.061126202E+01
-1.075173510E+01-1.089148910E+01-1.103021014E+01-1.116756445E+01-1.130319863E+01
-1.143674044E+01-1.156782508E+01-1.169606498E+01-1.182095251E+01-1.194220251E+01
-1.205975757E+01-1.217170999E+01-1.227788258E+01-1.237783269E+01-1.247086256E+01
-1.255642097E+01-1.263401261E+01-1.270316948E+01-1.276343374E+01-1.281435688E+01
-1.285553998E+01-1.288663443E+01-1.290733344E+01-1.291736866E+01-1.291651015E+01
-1.290456679E+01-1.288138673E+01-1.284685607E+01-1.280089219E+01-1.274343438E+01
-1.267445383E+01-1.259395881E+01-1.250198791E+01-1.239859903E+01-1.228395124E+01
-1.215840062E+01-1.202258165E+01-1.187702986E+01-1.172380687E+01-1.156286933E+01
-1.139415576E+01-1.121757632E+01-1.103300870E+01-1.084029643E+01-1.063924804E+01
-1.042963681E+01-1.021120028E+01-9.983639751E+00-9.746619354E+00-9.499764950E+00
-9.242662691E+00-8.974856766E+00-8.695847121E+00-8.405086028E+00-8.101974383E+00
-7.785856857E+00-7.456016188E+00-7.111666284E+00-6.751943669E+00-6.375897446E+00
-5.982477190E+00-5.570517866E+00-5.138722099E+00-4.685638302E+00-4.209634086E+00
-3.708863500E+00-3.181227086E+00-2.624322065E+00-2.035380509E+00-1.411191874E+00
-7.480055741E-01-4.140832762E-02 7.138287628E-01 1.523934692E+00 2.396341748E+00
 3.339858437E+00 4.364694883E+00 5.480352669E+00 6.522947318E+00-5.894900088E+00
-6.064004698E+00-6.196838898E+00-6.292126506E+00-6.356011871E+00-6.412687730E+00
-6.468554447E+00-6.524118459E+00-6.579812056E+00-6.636073317E+00-6.693323262E+00
-6.751949737E+00-6.812298431E+00-6.874669683E+00-6.939318802E+00-7.006459291E+00
-7.076266398E+00-7.148881724E+00-7.224417478E+00-7.302960299E+00-7.384574801E+00
-7.469306609E+00-7.557184800E+00-7.648224226E+00-7.742427016E+00-7.839783950E+00
-7.940275841E+00-8.043874006E+00-8.150541054E+00-8.260231324E+00-8.372891112E+00
-8.488458682E+00-8.606864492E+00-8.728030730E+00-8.851871427E+00-8.978291945E+00
-9.107188665E+00-9.238448471E+00-9.371948360E+00-9.507554728E+00-9.645122980E+00
-9.784496662E+00-9.925507027E+00-1.006797217E+01-1.021169671E+01-1.035647072E+01
-1.050206944E+01-1.064825222E+01-1.079476200E+01-1.094132435E+01-1.108764636E+01
-1.123341497E+01-1.137829513E+01-1.152192294E+01-1.166390863E+01-1.180374813E+01
-1.194116438E+01-1.207608670E+01-1.220666557E+01-1.233268776E+01-1.245365137E+01
-1.256876813E+01-1.267736531E+01-1.277882158E+01-1.287253538E+01-1.295795274E+01
-1.303456559E+01-1.310189492E+01-1.315948618E+01-1.320691259E+01-1.324378160E+01
-1.326973887E+01-1.328446910E+01-1.328769664E+01-1.327918629E+01-1.325874412E+01
-1.322621865E+01-1.318150207E+01-1.312453142E+01-1.305529052E+01-1.297381675E+01
-1.288021689E+01-1.277462272E+01-1.265711513E+01-1.252781292E+01-1.238685491E+01
-1.223452192E+01-1.207143684E+01-1.189842521E+01-1.171803548E+01-1.153019035E+01
-1.133478629E+01-1.113169032E+01-1.092073782E+01-1.070173110E+01-1.047443818E+01
-1.023859223E+01-9.993890562E+00-9.739993666E+00-9.476523625E+00-9.203062179E+00
-8.919148592E+00-8.624276348E+00-8.317889602E+00-7.999378692E+00-7.668074776E+00
-7.323243097E+00-6.964075303E+00-6.589679828E+00-6.199070391E+00-5.791152285E+00
-5.364705592E+00-4.918365011E+00-4.450595351E+00-3.959661707E+00-3.443593542E+00
-2.900140562E+00-2.326719679E+00-1.720350823E+00-1.077580495E+00-3.943922860E-01
 3.338942366E-01 1.112730964E+00 1.948442439E+00 2.848296963E+00 3.820510154E+00
 4.874136194E+00 6.022022779E+00 7.133293107E+00-6.210874792E+00-6.386613482E+00
-6.524094111E+00-6.622012996E+00-6.686197992E+00-6.741938040E+00-6.795499233E+00
-6.847657853E+00-6.899154921E+00-6.950705413E+00-7.002960640E+00-7.056489959E+00
-7.111776877E+00-7.169223306E+00-7.229158308E+00-7.291847434E+00-7.357502533E+00
-7.426290027E+00-7.498338596E+00-7.573745238E+00-7.652580598E+00-7.734893137E+00
-7.820712718E+00-7.910053329E+00-8.002915245E+00-8.099286962E+00-8.199146416E+00
-8.302462010E+00-8.409193476E+00-8.519292355E+00-8.632702265E+00-8.749359026E+00
-8.869190694E+00-8.992117526E+00-9.118051464E+00-9.246895980E+00-9.378545523E+00
-9.512885127E+00-9.649789463E+00-9.789122525E+00-9.930736722E+00-1.007447210E+01
-1.022015560E+01-1.036760029E+01-1.051660464E+01-1.066695191E+01-1.081840930E+01
-1.097072736E+01-1.112363932E+01-1.127686025E+01-1.143008678E+01-1.158299477E+01
-1.173525121E+01-1.188645131E+01-1.203647980E+01-1.218349410E+01-1.232738435E+01
-1.246764093E+01-1.260341439E+01-1.273393526E+01-1.285848653E+01-1.297635966E+01
-1.308691431E+01-1.318955231E+01-1.328369663E+01-1.336879864E+01-1.344433971E+01
-1.350983079E+01-1.356481240E+01-1.360885624E+01-1.364156768E+01-1.366258827E+01
-1.367159785E+01-1.366831621E+01-1.365250487E+01-1.362396900E+01-1.358255923E+01
-1.352817381E+01-1.346076083E+01-1.338032114E+01-1.328691130E+01-1.318064730E+01
-1.306170326E+01-1.293030792E+01-1.278675871E+01-1.263122528E+01-1.246386755E+01
-1.228491144E+01-1.209503118E+01-1.189531696E+01-1.168856041E+01-1.147465502E+01
-1.125346456E+01-1.102482091E+01-1.078852266E+01-1.054433480E+01-1.029198826E+01
-1.003117968E+01-9.761570098E+00-9.482783689E+00-9.194405658E+00-8.895979722E+00
-8.587005039E+00-8.266932422E+00-7.935159655E+00-7.591026052E+00-7.233805879E+00
-6.862700357E+00-6.476828322E+00-6.075214644E+00-5.656776670E+00-5.220307800E+00
-4.764457547E+00-4.287707741E+00-3.788343534E+00-3.264418542E+00-2.713712658E+00
-2.133681255E+00-1.521394365E+00-8.734646293E-01-1.859635310E-01 5.456729566E-01
 1.326745001E+00 2.163385810E+00 3.062635965E+00 4.032464770E+00 5.081699015E+00
 6.221715684E+00 7.333801379E+00-6.548772089E+00-6.730559072E+00-6.875756274E+00
-6.972522693E+00-7.029410204E+00-7.081611691E+00-7.130126316E+00-7.176084680E+00
-7.220752799E+00-7.265249374E+00-7.310506274E+00-7.357274411E+00-7.406148318E+00
-7.457593930E+00-7.511973760E+00-7.569568369E+00-7.630592799E+00-7.695210201E+00
-7.763541965E+00-7.835675990E+00-7.911672912E+00-7.991571184E+00-8.075390901E+00
-8.163136985E+00-8.254801323E+00-8.350364883E+00-8.449798983E+00-8.553066273E+00
-8.660121562E+00-8.770912331E+00-8.885378849E+00-9.003454415E+00-9.125065234E+00
-9.250130144E+00-9.378560259E+00-9.510258697E+00-9.645119671E+00-9.783028253E+00
-9.923859155E+00-1.006747629E+01-1.021373152E+01-1.036246390E+01-1.051349849E+01
-1.066664555E+01-1.082169968E+01-1.097843920E+01-1.113662566E+01-1.129600292E+01
-1.145629684E+01-1.161721244E+01-1.177844437E+01-1.193961457E+01-1.210061386E+01
-1.225972080E+01-1.241665897E+01-1.257066828E+01-1.272094195E+01-1.286668219E+01
-1.300708463E+01-1.314144043E+01-1.326908074E+01-1.338935104E+01-1.350162086E+01
-1.360528596E+01-1.369976746E+01-1.378451298E+01-1.385899768E+01-1.392272561E+01
-1.397523102E+01-1.401607982E+01-1.404487206E+01-1.406124385E+01-1.406487004E+01
-1.405546620E+01-1.403279120E+01-1.399664942E+01-1.394689329E+01-1.388342579E+01
-1.380620300E+01-1.371523686E+01-1.361059765E+01-1.349241649E+01-1.336088755E+01
-1.321626952E+01-1.305888885E+01-1.288912813E+01-1.270739823E+01-1.251386110E+01
-1.230875486E+01-1.209280584E+01-1.186738099E+01-1.163532166E+01-1.139649497E+01
-1.115073354E+01-1.089783320E+01-1.063755588E+01-1.036963160E+01-1.009375888E+01
-9.809603934E+00-9.516799204E+00-9.214941478E+00-8.903589209E+00-8.582259599E+00
-8.250425212E+00-7.907509518E+00-7.552882169E+00-7.185852772E+00-6.805664114E+00
-6.411483611E+00-6.002393339E+00-5.577378256E+00-5.135311939E+00-4.674939679E+00
-4.194858078E+00-3.693490665E+00-3.169058490E+00-2.619544437E+00-2.042649949E+00
-1.435742183E+00-7.957890996E-01-1.192792088E-01 5.978782725E-01 1.360478118E+00
 2.174173518E+00 3.045660208E+00 3.982871709E+00 4.995121156E+00 6.092920693E+00
 7.169363725E+00-6.893766250E+00-7.087112255E+00-7.234480276E+00-7.334280513E+00
-7.393251968E+00-7.437723406E+00-7.476098562E+00-7.511095236E+00-7.544871992E+00
-7.579022646E+00-7.614689461E+00-7.652691271E+00-7.693620364E+00-7.737908989E+00
-7.785874508E+00-7.837749729E+00-7.893704306E+00-7.953859826E+00-8.018300838E+00
-8.087082738E+00-8.160237951E+00-8.237780623E+00-8.319709886E+00-8.406012738E+00
-8.496666012E+00-8.591638072E+00-8.690889636E+00-8.794375000E+00-8.902042159E+00
-9.013833510E+00-9.129685699E+00-9.249529581E+00-9.373290100E+00-9.500885937E+00
-9.632228915E+00-9.767223492E+00-9.905766048E+00-1.004774406E+01-1.019303527E+01
-1.034150639E+01-1.049301215E+01-1.064739375E+01-1.080447758E+01-1.096407346E+01
-1.112597408E+01-1.128995451E+01-1.145577295E+01-1.162316763E+01-1.179186690E+01
-1.196152822E+01-1.213206401E+01-1.230183541E+01-1.247054682E+01-1.263735828E+01
-1.280135474E+01-1.296163471E+01-1.311737101E+01-1.326784247E+01-1.341233411E+01
-1.355015187E+01-1.368062358E+01-1.380309767E+01-1.391694452E+01-1.402155749E+01
-1.411635395E+01-1.420077639E+01-1.427429384E+01-1.433640341E+01-1.438663202E+01
-1.442453848E+01-1.444971581E+01-1.446179360E+01-1.446044063E+01-1.444536779E+01
-1.441633060E+01-1.437313215E+01-1.431562583E+01-1.424371820E+01-1.415737149E+01
-1.405660672E+01-1.394150584E+01-1.381221461E+01-1.366894490E+01-1.351197639E+01
-1.334165911E+01-1.315841400E+01-1.296273497E+01-1.275517089E+01-1.253599649E+01
-1.230545888E+01-1.206440515E+01-1.181454198E+01-1.155854924E+01-1.129626784E+01
-1.102747953E+01-1.075193572E+01-1.046936328E+01-1.017946476E+01-9.881915965E+00
-9.576364129E+00-9.262425537E+00-8.939683033E+00-8.607683681E+00-8.265935582E+00
-7.913904642E+00-7.551010430E+00-7.176621652E+00-6.790050636E+00-6.390546943E+00
-5.977289967E+00-5.549379948E+00-5.105827965E+00-4.645543645E+00-4.167320977E+00
-3.669821472E+00-3.151554086E+00-2.610851101E+00-2.045838757E+00-1.454400728E+00
-8.341314212E-01-1.822739751E-01 5.043661155E-01 1.229548032E+00 1.997793360E+00
 2.814708949E+00 3.687525225E+00 4.625945881E+00 5.642516831E+00 6.650936043E+00
-7.286062879E+00-7.495467417E+00-7.648769827E+00-7.743510968E+00-7.791607410E+00
-7.817093899E+00-7.834988277E+00-7.851287183E+00-7.868705619E+00-7.888681181E+00
-7.912064580E+00-7.939396253E+00-7.971034655E+00-8.007222604E+00-8.048125260E+00
-8.093853218E+00-8.144477199E+00-8.200038414E+00-8.260555422E+00-8.326029481E+00
-8.396448261E+00-8.471788792E+00-8.552019633E+00-8.637102528E+00-8.726993624E+00
-8.821644462E+00-8.921002404E+00-9.025011266E+00-9.133611319E+00-9.246739328E+00
-9.364328511E+00-9.486308067E+00-9.612602981E+00-9.743133232E+00-9.877813403E+00
-1.001655169E+01-1.015924937E+01-1.030579958E+01-1.045608641E+01-1.060998367E+01
-1.076735342E+01-1.092804409E+01-1.109188784E+01-1.125869749E+01-1.142826366E+01
-1.160035599E+01-1.177473967E+01-1.195111142E+01-1.212941713E+01-1.230811522E+01
-1.248694777E+01-1.266504289E+01-1.284141323E+01-1.301506285E+01-1.318514043E+01
-1.335087286E+01-1.351150368E+01-1.366630082E+01-1.381455201E+01-1.395556470E+01
-1.408866619E+01-1.421320401E+01-1.432854638E+01-1.443408330E+01-1.452922745E+01
-1.461341563E+01-1.468611007E+01-1.474680032E+01-1.479500522E+01-1.483027513E+01
-1.485219465E+01-1.486038539E+01-1.485450896E+01-1.483427013E+01-1.479942006E+01
-1.474975951E+01-1.468514176E+01-1.460547606E+01-1.451072999E+01-1.440093263E+01
-1.427617677E+01-1.413662170E+01-1.398249513E+01-1.381409597E+01-1.363179604E+01
-1.343604172E+01-1.322735559E+01-1.300633624E+01-1.277364109E+01-1.252965227E+01
-1.227462737E+01-1.200965626E+01-1.173695593E+01-1.145881894E+01-1.117491134E+01
-1.088495100E+01-1.058866243E+01-1.028575830E+01-9.975931491E+00-9.658851245E+00
-9.334161039E+00-9.001476771E+00-8.660384867E+00-8.310440391E+00-7.951164761E+00
-7.582043108E+00-7.202521361E+00-6.812002858E+00-6.409844445E+00-5.995352185E+00
-5.567776429E+00-5.126306340E+00-4.670064026E+00-4.198097679E+00-3.709374311E+00
-3.202771920E+00-2.677070673E+00-2.130943435E+00-1.562945048E+00-9.714996908E-01
-3.548847203E-01 2.887926571E-01 9.616336372E-01 1.666019222E+00 2.404760530E+00
 3.181461263E+00 4.001581021E+00 4.876372533E+00 5.752493887E+00-7.821486282E+00
-8.074664734E+00-8.247468497E+00-8.298964344E+00-8.244621904E+00-8.214815565E+00
-8.196954086E+00-8.186905236E+00-8.183690890E+00-8.186931081E+00-8.196437050E+00
-8.212094773E+00-8.233821868E+00-8.261549464E+00-8.295213932E+00-8.334752705E+00
-8.380102785E+00-8.431200029E+00-8.487978957E+00-8.550372982E+00-8.618314812E+00
-8.691736758E+00-8.770570857E+00-8.854749303E+00-8.944204408E+00-9.038868800E+00
-9.138675262E+00-9.243556502E+00-9.353445028E+00-9.468272719E+00-9.587970391E+00
-9.712467084E+00-9.841689675E+00-9.975561887E+00-1.011400346E+01-1.025692942E+01
-1.040424894E+01-1.055586439E+01-1.071167050E+01-1.087155310E+01-1.103538814E+01
-1.120303994E+01-1.137435725E+01-1.154916525E+01-1.172724820E+01-1.190831079E+01
-1.209235153E+01-1.227790350E+01-1.246483614E+01-1.265233077E+01-1.283933854E+01
-1.302478130E+01-1.320775117E+01-1.338743069E+01-1.356302478E+01-1.373376151E+01
-1.389888971E+01-1.405767834E+01-1.420941578E+01-1.435340929E+01-1.448898525E+01
-1.461548937E+01-1.473228726E+01-1.483876523E+01-1.493433104E+01-1.501841528E+01
-1.509047291E+01-1.514998496E+01-1.519646107E+01-1.522944176E+01-1.524850161E+01
-1.525325256E+01-1.524334721E+01-1.521848267E+01-1.517840413E+01-1.512290855E+01
-1.505184824E+01-1.496513394E+01-1.486273796E+01-1.474469703E+01-1.461111452E+01
-1.446216304E+01-1.429808617E+01-1.411920066E+01-1.392589819E+01-1.371864765E+01
-1.349799582E+01-1.326456748E+01-1.301906325E+01-1.276223667E+01-1.249448752E+01
-1.221606031E+01-1.192832685E+01-1.163542973E+01-1.133730875E+01-1.103380882E+01
-1.072471791E+01-1.040978677E+01-1.008873804E+01-9.761270624E+00-9.427061094E+00
-9.085764078E+00-8.737012019E+00-8.380414197E+00-8.015556170E+00-7.641998519E+00
-7.259275624E+00-6.866894680E+00-6.464334357E+00-6.051043773E+00-5.626441594E+00
-5.189915517E+00-4.740822427E+00-4.278489308E+00-3.802215436E+00-3.311276895E+00
-2.804933478E+00-2.282439935E+00-1.743063108E+00-1.186107983E+00-6.109572617E-01
-1.713259385E-02 5.956075496E-01 1.227102877E+00 1.876489879E+00 2.541584677E+00
 3.217410803E+00 3.892222540E+00 4.540761100E+00-8.200969733E+00-8.493186943E+00
-8.663111412E+00-8.706614338E+00-8.644749444E+00-8.580027594E+00-8.532411862E+00
-8.498529635E+00-8.476016289E+00-8.463382889E+00-8.459663879E+00-8.464201369E+00
-8.476523318E+00-8.496273635E+00-8.523171523E+00-8.556986811E+00-8.597524631E+00
-8.644615644E+00-8.698109701E+00-8.757871582E+00-8.823777969E+00-8.895715668E+00
-8.973579719E+00-9.057272491E+00-9.146702656E+00-9.241784443E+00-9.342436649E+00
-9.448582249E+00-9.560147448E+00-9.677061053E+00-9.799253522E+00-9.926656382E+00
-1.005920100E+01-1.019681787E+01-1.033943525E+01-1.048697824E+01-1.063936746E+01
-1.079651799E+01-1.095833839E+01-1.112473060E+01-1.129559064E+01-1.147081155E+01
-1.165028753E+01-1.183391592E+01-1.202161003E+01-1.221169066E+01-1.240438134E+01
-1.259903371E+01-1.279459127E+01-1.298991071E+01-1.318396085E+01-1.337588896E+01
-1.356486370E+01-1.375007692E+01-1.393074162E+01-1.410609077E+01-1.427537685E+01
-1.443787078E+01-1.459286208E+01-1.473965850E+01-1.487758627E+01-1.500599010E+01
-1.512423347E+01-1.523169922E+01-1.532779038E+01-1.541193120E+01-1.548356879E+01
-1.554217501E+01-1.558724883E+01-1.561831921E+01-1.563494879E+01-1.563673740E+01
-1.562332642E+01-1.559440290E+01-1.554970417E+01-1.548902188E+01-1.541220589E+01
-1.531916790E+01-1.520988446E+01-1.508439975E+01-1.494282787E+01-1.478535490E+01
-1.461224082E+01-1.442382086E+01-1.422050733E+01-1.400279109E+01-1.377124356E+01
-1.352651813E+01-1.326935012E+01-1.300055559E+01-1.272100956E+01-1.243111155E+01
-1.213135778E+01-1.182383772E+01-1.151197531E+01-1.119560602E+01-1.087451115E+01
-1.054844560E+01-1.021714676E+01-9.880337002E+00-9.537724603E+00-9.189003788E+00
-8.833854990E+00-8.471944734E+00-8.102926071E+00-7.726438615E+00-7.342109257E+00
-6.949552789E+00-6.548373290E+00-6.138165735E+00-5.718518835E+00-5.289018427E+00
-4.849252906E+00-4.398820086E+00-3.937337332E+00-3.464455024E+00-2.979875280E+00
-2.483377768E+00-1.974855492E+00-1.454364843E+00-9.221965728E-01-3.789779856E-01
 1.741770884E-01 7.354440464E-01 1.301949109E+00 1.869269408E+00 2.430774048E+00
 2.977065296E+00 3.496308798E+00-8.515031605E+00-8.820569139E+00-8.995299762E+00
-9.034525902E+00-8.963192666E+00-8.883096374E+00-8.819064877E+00-8.769645212E+00
-8.733159957E+00-8.708264219E+00-8.693912423E+00-8.689293297E+00-8.693770034E+00
-8.706833397E+00-8.728067805E+00-8.757127489E+00-8.793719476E+00-8.837591770E+00
-8.888524838E+00-8.946325465E+00-9.010822267E+00-9.081862215E+00-9.159308122E+00
-9.243036393E+00-9.332935330E+00-9.428903796E+00-9.530849754E+00-9.638689245E+00
-9.752345085E+00-9.871746081E+00-9.996825804E+00-1.012752145E+01-1.026377283E+01
-1.040552098E+01-1.055270702E+01-1.070527022E+01-1.086314672E+01-1.102626718E+01
-1.119455512E+01-1.136792529E+01-1.154628423E+01-1.172953792E+01-1.191762015E+01
-1.211045555E+01-1.230668037E+01-1.250605356E+01-1.270780192E+01-1.291077477E+01
-1.311379147E+01-1.331594899E+01-1.351638119E+01-1.371424829E+01-1.390873112E+01
-1.409903019E+01-1.428436503E+01-1.446397348E+01-1.463711174E+01-1.480305405E+01
-1.496109252E+01-1.511053708E+01-1.525071510E+01-1.538097141E+01-1.550066860E+01
-1.560918722E+01-1.570592618E+01-1.579030371E+01-1.586175892E+01-1.591975339E+01
-1.596377395E+01-1.599333601E+01-1.600798740E+01-1.600731300E+01-1.599093979E+01
-1.595854201E+01-1.590984630E+01-1.584463697E+01-1.576276011E+01-1.566412750E+01
-1.554871997E+01-1.541658964E+01-1.526786195E+01-1.510273737E+01-1.492149276E+01
-1.472448278E+01-1.451214115E+01-1.428498167E+01-1.404359998E+01-1.378867559E+01
-1.352097380E+01-1.324134539E+01-1.295072558E+01-1.265008174E+01-1.233973289E+01
-1.202060141E+01-1.169552501E+01-1.136700252E+01-1.103470846E+01-1.069837082E+01
-1.035773209E+01-1.001253522E+01-9.662519155E+00-9.307417242E+00-8.946957508E+00
-8.580862976E+00-8.208853045E+00-7.830644513E+00-7.445953903E+00-7.054499471E+00
-6.656004398E+00-6.250200849E+00-5.836834934E+00-5.415673174E+00-4.986511244E+00
-4.549184614E+00-4.103582729E+00-3.649667525E+00-3.187496924E+00-2.717256027E+00
-2.239297436E+00-1.754194160E+00-1.262808756E+00-7.663835104E-01-2.666564752E-01
 2.339934958E-01 7.323771441E-01 1.224324487E+00 1.704575092E+00 2.166835913E+00
 2.604113523E+00-8.785249944E+00-9.098559014E+00-9.280581999E+00-9.315384868E+00
-9.212144251E+00-9.123901500E+00-9.051547824E+00-8.993312622E+00-8.948170964E+00
-8.915173959E+00-8.893476492E+00-8.882344676E+00-8.881148003E+00-8.889346075E+00
-8.906474414E+00-8.932132093E+00-8.965971020E+00-9.007687468E+00-9.057015135E+00
-9.113719913E+00-9.177595192E+00-9.248458513E+00-9.326148577E+00-9.410522680E+00
-9.501454743E+00-9.598833386E+00-9.702560465E+00-9.812549381E+00-9.928724013E+00
-1.005101727E+01-1.017936988E+01-1.031372927E+01-1.045404821E+01-1.060028355E+01
-1.075239456E+01-1.091034124E+01-1.107408192E+01-1.124356980E+01-1.141874839E+01
-1.159954291E+01-1.178584422E+01-1.197747068E+01-1.217452692E+01-1.237579193E+01
-1.258092985E+01-1.278891211E+01-1.299849926E+01-1.320857311E+01-1.341823623E+01
-1.362662052E+01-1.383287687E+01-1.403617531E+01-1.423570475E+01-1.443067227E+01
-1.462030281E+01-1.480383955E+01-1.498054360E+01-1.514969388E+01-1.531058671E+01
-1.546253567E+01-1.560487127E+01-1.573694069E+01-1.585810756E+01-1.596775169E+01
-1.606526934E+01-1.615007344E+01-1.622159485E+01-1.627928413E+01-1.632261433E+01
-1.635108445E+01-1.636422436E+01-1.636160022E+01-1.634282066E+01-1.630754323E+01
-1.625548074E+01-1.618640740E+01-1.610016373E+01-1.599666103E+01-1.587588421E+01
-1.573789419E+01-1.558282926E+01-1.541090587E+01-1.522241936E+01-1.501774478E+01
-1.479733762E+01-1.456173516E+01-1.431155735E+01-1.404750818E+01-1.377037784E+01
-1.348104414E+01-1.318047044E+01-1.286969856E+01-1.254964466E+01-1.222050092E+01
-1.188391771E+01-1.154436076E+01-1.120179095E+01-1.085604836E+01-1.050692973E+01
-1.015421545E+01-9.797679878E+00-9.437095682E+00-9.072236237E+00-8.702877440E+00
-8.328800034E+00-7.949791817E+00-7.565650668E+00-7.176187828E+00-6.781232223E+00
-6.380635872E+00-5.974280024E+00-5.562083320E+00-5.144011641E+00-4.720090163E+00
-4.290418644E+00-3.855189947E+00-3.414713200E+00-2.969442319E+00-2.520010826E+00
-2.067274210E+00-1.612360524E+00-1.156729221E+00-7.022365899E-01-2.512026794E-01
 1.935308228E-01 6.285699941E-01 1.049990623E+00 1.453438300E+00 1.834317524E+00
-8.937802429E+00-9.256818161E+00-9.438236211E+00-9.477386192E+00-9.396815809E+00
-9.306856670E+00-9.230745766E+00-9.168131499E+00-9.118397586E+00-9.080894452E+00
-9.054980323E+00-9.040045812E+00-9.035526524E+00-9.040908261E+00-9.055727451E+00
-9.079568786E+00-9.112062033E+00-9.152878130E+00-9.201725284E+00-9.258345472E+00
-9.322511084E+00-9.394021892E+00-9.472702334E+00-9.558399069E+00-9.650979005E+00
-9.750327175E+00-9.856345004E+00-9.968948964E+00-1.008806885E+01-1.021364650E+01
-1.034563479E+01-1.048399607E+01-1.062870130E+01-1.077972868E+01-1.093706254E+01
-1.110069192E+01-1.127060906E+01-1.144680710E+01-1.162927825E+01-1.181801486E+01
-1.201302604E+01-1.221277477E+01-1.241779772E+01-1.262751958E+01-1.284071677E+01
-1.305602492E+01-1.327236904E+01-1.348882458E+01-1.370450435E+01-1.391854456E+01
-1.413010195E+01-1.433835245E+01-1.454249002E+01-1.474172711E+01-1.493529443E+01
-1.512244096E+01-1.530243371E+01-1.547455752E+01-1.563811480E+01-1.579242508E+01
-1.593682464E+01-1.607066565E+01-1.619331535E+01-1.630415533E+01-1.640258081E+01
-1.648800056E+01-1.655983764E+01-1.661753086E+01-1.666053748E+01-1.668833729E+01
-1.670043821E+01-1.669638309E+01-1.667575728E+01-1.663819690E+01-1.658339676E+01
-1.651111782E+01-1.642119308E+01-1.631353234E+01-1.618812497E+01-1.604504170E+01
-1.588443542E+01-1.570654080E+01-1.551167391E+01-1.530023196E+01-1.507269358E+01
-1.482961941E+01-1.457165368E+01-1.429952515E+01-1.401404851E+01-1.371612728E+01
-1.340675624E+01-1.308702025E+01-1.275808029E+01-1.242062032E+01-1.207522937E+01
-1.172475837E+01-1.137245876E+01-1.101800804E+01-1.066115944E+01-1.030169481E+01
-9.939408846E+00-9.574104938E+00-9.205594958E+00-8.833700703E+00-8.458256145E+00
-8.079110266E+00-7.696130528E+00-7.309206652E+00-6.918255702E+00-6.523227485E+00
-6.124111520E+00-5.720945118E+00-5.313822916E+00-4.902908618E+00-4.488448547E+00
-4.070787960E+00-3.650390174E+00-3.227858779E+00-2.803963032E+00-2.379666437E+00
-1.956157626E+00-1.534882006E+00-1.117571351E+00-7.062666220E-01-3.033274274E-01
 8.858018020E-02 4.665258266E-01 8.273923380E-01 1.167987722E+00-9.055221604E+00
-9.376527692E+00-9.560110492E+00-9.600958541E+00-9.525573371E+00-9.435612301E+00
-9.358485252E+00-9.294474677E+00-9.243165858E+00-9.204073833E+00-9.176682903E+00
-9.160472133E+00-9.154933705E+00-9.159585138E+00-9.173976689E+00-9.197695178E+00
-9.230365170E+00-9.271648738E+00-9.321243926E+00-9.378882820E+00-9.444329221E+00
-9.517376284E+00-9.597844269E+00-9.685578101E+00-9.780445556E+00-9.882335252E+00
-9.991154838E+00-1.010682953E+01-1.022930059E+01-1.035852405E+01-1.049446953E+01
-1.063711906E+01-1.078646618E+01-1.094251535E+01-1.110528094E+01-1.127478734E+01
-1.145106805E+01-1.163416336E+01-1.182411048E+01-1.202090978E+01-1.222308894E+01
-1.243105796E+01-1.264438198E+01-1.286182455E+01-1.308196671E+01-1.330373394E+01
-1.352618509E+01-1.374841455E+01-1.396954138E+01-1.418870688E+01-1.440507211E+01
-1.461781723E+01-1.482614125E+01-1.502926212E+01-1.522641653E+01-1.541685976E+01
-1.559986580E+01-1.577472719E+01-1.594075472E+01-1.609727659E+01-1.624363781E+01
-1.637919855E+01-1.650333273E+01-1.661542639E+01-1.671487653E+01-1.680108959E+01
-1.687348172E+01-1.693147903E+01-1.697452098E+01-1.700206494E+01-1.701359292E+01
-1.700861967E+01-1.698670212E+01-1.694744939E+01-1.689053295E+01-1.681569575E+01
-1.672276027E+01-1.661163410E+01-1.648231211E+01-1.633487679E+01-1.616949750E+01
-1.598642941E+01-1.578601191E+01-1.556866674E+01-1.533489729E+01-1.508528868E+01
-1.482050858E+01-1.454130915E+01-1.424852805E+01-1.394308992E+01-1.362600893E+01
-1.329838722E+01-1.296140647E+01-1.261626177E+01-1.226324573E+01-1.190377184E+01
-1.154289124E+01-1.118060658E+01-1.081679633E+01-1.045129941E+01-1.008394654E+01
-9.714572815E+00-9.343023816E+00-8.969159560E+00-8.592857754E+00-8.214017101E+00
-7.832561009E+00-7.448441609E+00-7.061644717E+00-6.672195114E+00-6.280163050E+00
-5.885671530E+00-5.488904822E+00-5.090118313E+00-4.689649615E+00-4.287931135E+00
-3.885504149E+00-3.483034349E+00-3.081328098E+00-2.681349298E+00-2.284235590E+00
-1.891312319E+00-1.504102200E+00-1.124327711E+00-7.539030151E-01-3.949120721E-01
-4.957042439E-02 2.798301852E-01 5.909924745E-01-9.149750856E+00-9.475131178E+00
-9.661808590E+00-9.702013762E+00-9.602503739E+00-9.512226097E+00-9.436001250E+00
-9.372846426E+00-9.322386385E+00-9.284183836E+00-9.257760630E+00-9.242622977E+00
-9.238280591E+00-9.244261314E+00-9.260120368E+00-9.285446109E+00-9.319863023E+00
-9.363032513E+00-9.414652309E+00-9.474455166E+00-9.542206855E+00-9.617704077E+00
-9.700772253E+00-9.791263557E+00-9.889054631E+00-9.994044928E+00-1.010615502E+01
-1.022532490E+01-1.035151276E+01-1.048469379E+01-1.062485881E+01-1.077201356E+01
-1.092617756E+01-1.108738384E+01-1.125567888E+01-1.143112468E+01-1.161380504E+01
-1.180384237E+01-1.200143802E+01-1.220485332E+01-1.241467931E+01-1.263055722E+01
-1.285126232E+01-1.307532818E+01-1.330163601E+01-1.352923195E+01-1.375719719E+01
-1.398463668E+01-1.421067706E+01-1.443446488E+01-1.465516576E+01-1.487196471E+01
-1.508406604E+01-1.529069349E+01-1.549108994E+01-1.568451798E+01-1.587025986E+01
-1.604761782E+01-1.621591328E+01-1.637448601E+01-1.652269253E+01-1.665990437E+01
-1.678550613E+01-1.689889292E+01-1.699946617E+01-1.708663131E+01-1.715979657E+01
-1.721837384E+01-1.726178272E+01-1.728945594E+01-1.730084712E+01-1.729544009E+01
-1.727275977E+01-1.723238412E+01-1.717395614E+01-1.709719507E+01-1.700190648E+01
-1.688799092E+01-1.675544748E+01-1.660437330E+01-1.643495921E+01-1.624748443E+01
-1.604231385E+01-1.581989611E+01-1.558076139E+01-1.532552023E+01-1.505486433E+01
-1.476956818E+01-1.447049149E+01-1.415858073E+01-1.383487177E+01-1.350049373E+01
-1.315666874E+01-1.280470820E+01-1.244555589E+01-1.207971269E+01-1.171026256E+01
-1.134059362E+01-1.097040870E+01-1.059949209E+01-1.022766580E+01-9.854775378E+00
-9.480686744E+00-9.105286943E+00-8.728486106E+00-8.350220367E+00-7.970455093E+00
-7.589188906E+00-7.206457737E+00-6.822339834E+00-6.436961196E+00-6.050501719E+00
-5.663202092E+00-5.275371443E+00-4.887395529E+00-4.499745801E+00-4.112988702E+00
-3.727795445E+00-3.344951303E+00-2.965364161E+00-2.590071329E+00-2.220243567E+00
-1.857184863E+00-1.502326568E+00-1.157214339E+00-8.234866341E-01-5.028441314E-01
-1.970103450E-01 9.231528629E-02-9.148618680E+00-9.473673604E+00-9.660092163E+00
-9.703290927E+00-9.624321688E+00-9.537131290E+00-9.463553874E+00-9.403301709E+00
-9.355941953E+00-9.320976484E+00-9.297875893E+00-9.286105927E+00-9.285147029E+00
-9.294507417E+00-9.313731007E+00-9.342401623E+00-9.380144304E+00-9.426625063E+00
-9.481549193E+00-9.544659418E+00-9.615733288E+00-9.694580744E+00-9.781041902E+00
-9.874984539E+00-9.976302316E+00-1.008491273E+01-1.020075570E+01-1.032379194E+01
-1.045400192E+01-1.059138468E+01-1.073595666E+01-1.088775086E+01-1.104681549E+01
-1.121321211E+01-1.138701279E+01-1.156829555E+01-1.175713645E+01-1.195359885E+01
-1.215772244E+01-1.236841297E+01-1.258572040E+01-1.280861550E+01-1.303562972E+01
-1.326553166E+01-1.349735637E+01-1.373017492E+01-1.396308022E+01-1.419518592E+01
-1.442562472E+01-1.465354803E+01-1.487812639E+01-1.509854999E+01-1.531402839E+01
-1.552379098E+01-1.572708750E+01-1.592318857E+01-1.611138640E+01-1.629099449E+01
-1.646134703E+01-1.662179741E+01-1.677171790E+01-1.691049701E+01-1.703753507E+01
-1.715223791E+01-1.725401095E+01-1.734225685E+01-1.741637553E+01-1.747576477E+01
-1.751982390E+01-1.754796054E+01-1.755959899E+01-1.755419070E+01-1.753122663E+01
-1.749025104E+01-1.743087535E+01-1.735279122E+01-1.725578344E+01-1.713974008E+01
-1.700465658E+01-1.685063986E+01-1.667790422E+01-1.648676055E+01-1.627760518E+01
-1.605091553E+01-1.580725002E+01-1.554724585E+01-1.527161879E+01-1.498116481E+01
-1.467676316E+01-1.435937926E+01-1.403006607E+01-1.368996746E+01-1.334031899E+01
-1.298243912E+01-1.261767316E+01-1.224637124E+01-1.187019819E+01-1.149424302E+01
-1.111848642E+01-1.074281543E+01-1.036709358E+01-9.991188918E+00-9.614986122E+00
-9.238392209E+00-8.861340360E+00-8.483792947E+00-8.105744770E+00-7.727226284E+00
-7.348307345E+00-6.969101146E+00-6.589768673E+00-6.210523587E+00-5.831637231E+00
-5.453444222E+00-5.076348128E+00-4.700827332E+00-4.327440634E+00-3.956832567E+00
-3.589738098E+00-3.226985602E+00-2.869498420E+00-2.518293603E+00-2.174477357E+00
-1.839236453E+00-1.513824852E+00-1.199545249E+00-8.977253815E-01-6.096896035E-01
-3.367266490E-01-9.105654026E+00-9.428567366E+00-9.615277440E+00-9.660767268E+00
-9.592035760E+00-9.509304684E+00-9.440351397E+00-9.385302017E+00-9.343520522E+00
-9.314326683E+00-9.297046579E+00-9.291040246E+00-9.295716973E+00-9.310542191E+00
-9.335038697E+00-9.368785036E+00-9.411412039E+00-9.462598995E+00-9.522069283E+00
-9.589586586E+00-9.664951269E+00-9.747997105E+00-9.838588287E+00-9.936617293E+00
-1.004200241E+01-1.015468635E+01-1.027463436E+01-1.040183341E+01-1.053629098E+01
-1.067803448E+01-1.082711062E+01-1.098358482E+01-1.114754082E+01-1.131907940E+01
-1.149831524E+01-1.168536947E+01-1.188034948E+01-1.208329695E+01-1.229324615E+01
-1.251046170E+01-1.273420554E+01-1.296301361E+01-1.319543911E+01-1.343047646E+01
-1.366717741E+01-1.390461879E+01-1.414189910E+01-1.437813680E+01-1.461246879E+01
-1.484405079E+01-1.507205795E+01-1.529568513E+01-1.551414688E+01-1.572667838E+01
-1.593253663E+01-1.613100123E+01-1.632137519E+01-1.650298425E+01-1.667517713E+01
-1.683732557E+01-1.698882349E+01-1.712907987E+01-1.725750987E+01-1.737352738E+01
-1.747654185E+01-1.756595475E+01-1.764115963E+01-1.770153941E+01-1.774646867E+01
-1.777532903E+01-1.778751884E+01-1.778246191E+01-1.775961989E+01-1.771850594E+01
-1.765869638E+01-1.757984440E+01-1.748170740E+01-1.736416089E+01-1.722719544E+01
-1.707092154E+01-1.689556751E+01-1.670147504E+01-1.648907987E+01-1.625889539E+01
-1.601150930E+01-1.574758573E+01-1.546786446E+01-1.517316195E+01-1.486437512E+01
-1.454248537E+01-1.420856148E+01-1.386376215E+01-1.350934129E+01-1.314664778E+01
-1.277711831E+01-1.240167777E+01-1.202100879E+01-1.163889399E+01-1.125802270E+01
-1.087813446E+01-1.049903452E+01-1.012057155E+01-9.742628686E+00-9.365120317E+00
-8.987992270E+00-8.611222913E+00-8.234825248E+00-7.858849549E+00-7.483386079E+00
-7.108568323E+00-6.734576217E+00-6.361639813E+00-5.990042746E+00-5.620125938E+00
-5.252291222E+00-4.887004728E+00-4.524799766E+00-4.166279222E+00-3.812116934E+00
-3.463057620E+00-3.119915487E+00-2.783570428E+00-2.454961907E+00-2.135079940E+00
-1.824953034E+00-1.525632921E+00-1.238176320E+00-9.636240032E-01-7.029779139E-01
-9.034613644E+00-9.357787531E+00-9.544960349E+00-9.591047706E+00-9.504082396E+00
-9.426113188E+00-9.364591304E+00-9.317838454E+00-9.284779158E+00-9.264403418E+00
-9.255804104E+00-9.258190791E+00-9.270886363E+00-9.293315906E+00-9.324993313E+00
-9.365508675E+00-9.414516815E+00-9.471728189E+00-9.536901120E+00-9.609835580E+00
-9.690368297E+00-9.778368626E+00-9.873735465E+00-9.976394707E+00-1.008629698E+01
-1.020341641E+01-1.032774912E+01-1.045931254E+01-1.059814476E+01-1.074430448E+01
-1.089787103E+01-1.105894529E+01-1.122765153E+01-1.140414066E+01-1.158859785E+01
-1.178125827E+01-1.198244298E+01-1.219030788E+01-1.240586914E+01-1.262891061E+01
-1.285813012E+01-1.309189713E+01-1.332903115E+01-1.356854875E+01-1.380950552E+01
-1.405098193E+01-1.429208051E+01-1.453192295E+01-1.476964970E+01-1.500442044E+01
-1.523541445E+01-1.546183062E+01-1.568288839E+01-1.589782903E+01-1.610591692E+01
-1.630644095E+01-1.649871491E+01-1.668207802E+01-1.685589741E+01-1.701956840E+01
-1.717250771E+01-1.731414129E+01-1.744389707E+01-1.756120061E+01-1.766547167E+01
-1.775610777E+01-1.783247607E+01-1.789394567E+01-1.793988004E+01-1.796964296E+01
-1.798260849E+01-1.797817277E+01-1.795576734E+01-1.791487442E+01-1.785504276E+01
-1.777590497E+01-1.767719499E+01-1.755874024E+01-1.742051525E+01-1.726264091E+01
-1.708535974E+01-1.688903271E+01-1.667413202E+01-1.644121419E+01-1.619090167E+01
-1.592388484E+01-1.564092648E+01-1.534286247E+01-1.503060500E+01-1.470514797E+01
-1.436757103E+01-1.401904181E+01-1.366081964E+01-1.329425637E+01-1.292078650E+01
-1.254180114E+01-1.215757185E+01-1.177072122E+01-1.138573685E+01-1.100239440E+01
-1.062052103E+01-1.023997908E+01-9.860661504E+00-9.482491228E+00-9.105422831E+00
-8.729443980E+00-8.354577763E+00-7.980884934E+00-7.608465920E+00-7.237463506E+00
-6.868065074E+00-6.500505048E+00-6.135067262E+00-5.772087199E+00-5.411953927E+00
-5.055111632E+00-4.702060843E+00-4.353358585E+00-4.009617950E+00-3.671506435E+00
-3.339742588E+00-3.015091538E+00-2.698358363E+00-2.390379629E+00-2.092012891E+00
-1.804124210E+00-1.527573888E+00-1.263200696E+00-1.011805090E+00-8.864442576E+00
-9.181090257E+00-9.366629465E+00-9.416858942E+00-9.350231903E+00-9.283155792E+00
-9.233784155E+00-9.199983287E+00-9.179958515E+00-9.172241232E+00-9.175670028E+00
-9.189337145E+00-9.212532649E+00-9.244697740E+00-9.285389019E+00-9.334252012E+00
-9.391002336E+00-9.455411434E+00-9.527296732E+00-9.606514107E+00-9.692952611E+00
-9.786530135E+00-9.887190654E+00-9.994901979E+00-1.010965387E+01-1.023145727E+01
-1.036034308E+01-1.049636211E+01-1.063958462E+01-1.079010068E+01-1.094802037E+01
-1.111347472E+01-1.128661668E+01-1.146762258E+01-1.165669318E+01-1.185405325E+01
-1.205994539E+01-1.227303561E+01-1.249393625E+01-1.272206672E+01-1.295592423E+01
-1.319396101E+01-1.343514271E+01-1.367850351E+01-1.392310569E+01-1.416803529E+01
-1.441239883E+01-1.465532159E+01-1.489594776E+01-1.513344095E+01-1.536698417E+01
-1.559578037E+01-1.581905379E+01-1.603605143E+01-1.624604518E+01-1.644833276E+01
-1.664223882E+01-1.682711833E+01-1.700236040E+01-1.716738344E+01-1.732162222E+01
-1.746451838E+01-1.759551760E+01-1.771406565E+01-1.781956309E+01-1.791139093E+01
-1.798892391E+01-1.805152159E+01-1.809853341E+01-1.812930606E+01-1.814319322E+01
-1.813956766E+01-1.811783545E+01-1.807745192E+01-1.801793896E+01-1.793890282E+01
-1.784005147E+01-1.772121018E+01-1.758232241E+01-1.742347251E+01-1.724492714E+01
-1.704706910E+01-1.683039434E+01-1.659549906E+01-1.634304606E+01-1.607375345E+01
-1.578840506E+01-1.548785357E+01-1.517302452E+01-1.484492148E+01-1.450463186E+01
-1.415332996E+01-1.379227955E+01-1.342283699E+01-1.304644343E+01-1.266458318E+01
-1.227775831E+01-1.188742144E+01-1.149921244E+01-1.111311591E+01-1.072904052E+01
-1.034687953E+01-9.966537416E+00-9.587941984E+00-9.211050647E+00-8.835853949E+00
-8.462377973E+00-8.090686388E+00-7.720882340E+00-7.353110150E+00-6.987556805E+00
-6.624453699E+00-6.264077846E+00-5.906753029E+00-5.552850625E+00-5.202790000E+00
-4.857038192E+00-4.516109204E+00-4.180562149E+00-3.850998595E+00-3.528058810E+00
-3.212416676E+00-2.904773327E+00-2.605849445E+00-2.316376147E+00-2.037084667E+00
-1.768694897E+00-1.511903120E+00-1.267369196E+00-8.619043895E+00-8.922468882E+00
-9.105518374E+00-9.163784110E+00-9.122015892E+00-9.074944066E+00-9.046155883E+00
-9.032495188E+00-9.031314747E+00-9.040861691E+00-9.059965980E+00-9.087824933E+00
-9.123871320E+00-9.167693655E+00-9.218986950E+00-9.277522058E+00-9.343125938E+00
-9.415668336E+00-9.495053434E+00-9.581213661E+00-9.674105796E+00-9.773708249E+00
-9.880019011E+00-9.993054550E+00-1.011284899E+01-1.023945362E+01-1.037293676E+01
-1.051338387E+01-1.066089779E+01-1.081559915E+01-1.097762695E+01-1.114713926E+01
-1.132431402E+01-1.150934931E+01-1.170246372E+01-1.190389520E+01-1.211389857E+01
-1.233141926E+01-1.255679148E+01-1.278910296E+01-1.302675114E+01-1.326835292E+01
-1.351290984E+01-1.375946820E+01-1.400709861E+01-1.425489335E+01-1.450196359E+01
-1.474743870E+01-1.499046701E+01-1.523021600E+01-1.546587228E+01-1.569664281E+01
-1.592175657E+01-1.614046618E+01-1.635205048E+01-1.655581537E+01-1.675109671E+01
-1.693726654E+01-1.711373443E+01-1.727993745E+01-1.743532518E+01-1.757935774E+01
-1.771150647E+01-1.783119567E+01-1.793782194E+01-1.803077629E+01-1.810942911E+01
-1.817313273E+01-1.822122641E+01-1.825304373E+01-1.826792241E+01-1.826521702E+01
-1.824431317E+01-1.820464423E+01-1.814570941E+01-1.806709252E+01-1.796848021E+01
-1.784967922E+01-1.771063066E+01-1.755140064E+01-1.737222417E+01-1.717351444E+01
-1.695578953E+01-1.671967275E+01-1.646586419E+01-1.619511148E+01-1.590821628E+01
-1.560604584E+01-1.528953590E+01-1.495969724E+01-1.461762240E+01-1.426449065E+01
-1.390157055E+01-1.353022532E+01-1.315191179E+01-1.276816834E+01-1.237993617E+01
-1.198799449E+01-1.159671669E+01-1.120828946E+01-1.082248641E+01-1.043913778E+01
-1.005811689E+01-9.679335215E+00-9.302741106E+00-8.928319746E+00-8.556093828E+00
-8.186124461E+00-7.818511995E+00-7.453397283E+00-7.090962387E+00-6.731431568E+00
-6.375071677E+00-6.022192826E+00-5.673148110E+00-5.328333295E+00-4.988185869E+00
-4.653183272E+00-4.323840767E+00-4.000708052E+00-3.684365281E+00-3.375418035E+00
-3.074491202E+00-2.782221974E+00-2.499251853E+00-2.226217829E+00-1.963742859E+00
-1.712425863E+00-1.472831491E+00-8.298735552E+00-8.577235608E+00-8.756132737E+00
-8.832897983E+00-8.808251524E+00-8.799495560E+00-8.805693057E+00-8.821677952E+00
-8.845665498E+00-8.876822757E+00-8.914702626E+00-8.959044440E+00-9.009688554E+00
-9.066535248E+00-9.129523059E+00-9.198616607E+00-9.273799777E+00-9.355071861E+00
-9.442444993E+00-9.535943246E+00-9.635601764E+00-9.741466684E+00-9.853595371E+00
-9.972056577E+00-1.009693091E+01-1.022831144E+01-1.036630430E+01-1.051102938E+01
-1.066262119E+01-1.082122957E+01-1.098702075E+01-1.116017808E+01-1.134090314E+01
-1.152941640E+01-1.172595807E+01-1.193078903E+01-1.214419200E+01-1.236520500E+01
-1.259403777E+01-1.282958873E+01-1.307020258E+01-1.331461466E+01-1.356183634E+01
-1.381091968E+01-1.406094056E+01-1.431099611E+01-1.456020170E+01-1.480769079E+01
-1.505261569E+01-1.529414785E+01-1.553147773E+01-1.576381612E+01-1.599039663E+01
-1.621047718E+01-1.642334262E+01-1.662830616E+01-1.682471419E+01-1.701195399E+01
-1.718945154E+01-1.735665632E+01-1.751303242E+01-1.765806036E+01-1.779121606E+01
-1.791190442E+01-1.801953959E+01-1.811351272E+01-1.819319229E+01-1.825792647E+01
-1.830704816E+01-1.833988229E+01-1.835575600E+01-1.835401140E+01-1.833401957E+01
-1.829519766E+01-1.823702798E+01-1.815907721E+01-1.806101547E+01-1.794263440E+01
-1.780386226E+01-1.764477569E+01-1.746556668E+01-1.726665928E+01-1.704859302E+01
-1.681200778E+01-1.655763061E+01-1.628623506E+01-1.599863793E+01-1.569571614E+01
-1.537841207E+01-1.504774020E+01-1.470479468E+01-1.435075532E+01-1.398689055E+01
-1.361456251E+01-1.323522767E+01-1.285042753E+01-1.246145951E+01-1.206866956E+01
-1.167557549E+01-1.128573402E+01-1.089891349E+01-1.051493041E+01-1.013364512E+01
-9.754958357E+00-9.378810168E+00-9.005178998E+00-8.634081711E+00-8.265574016E+00
-7.899750905E+00-7.536747084E+00-7.176737526E+00-6.819937782E+00-6.466604264E+00
-6.117033805E+00-5.771563544E+00-5.430569783E+00-5.094466608E+00-4.763703958E+00
-4.438764789E+00-4.120161882E+00-3.808433595E+00-3.504138881E+00-3.207851555E+00
-2.920153751E+00-2.641628677E+00-2.372852775E+00-2.114387342E+00-1.866769926E+00
-1.630505584E+00-7.834167946E+00-8.053735237E+00-8.224423105E+00-8.344015226E+00
-8.423239968E+00-8.481972427E+00-8.533853677E+00-8.584523479E+00-8.636437429E+00
-8.690889242E+00-8.748662369E+00-8.810278417E+00-8.876109513E+00-8.946435902E+00
-9.021478535E+00-9.101418807E+00-9.186411359E+00-9.276592867E+00-9.372088227E+00
-9.473015440E+00-9.579489038E+00-9.691623123E+00-9.809533686E+00-9.933340696E+00
-1.006316992E+01-1.019915444E+01-1.034143610E+01-1.049016713E+01-1.064551121E+01
-1.080764488E+01-1.097675891E+01-1.115305935E+01-1.133676898E+01-1.152812840E+01
-1.172739717E+01-1.193485530E+01-1.215080484E+01-1.237431012E+01-1.260555806E+01
-1.284339513E+01-1.308614716E+01-1.333258922E+01-1.358173713E+01-1.383264595E+01
-1.408439511E+01-1.433608534E+01-1.458683577E+01-1.483578373E+01-1.508208556E+01
-1.532491648E+01-1.556347077E+01-1.579696348E+01-1.602463243E+01-1.624574035E+01
-1.645957714E+01-1.666546179E+01-1.686274886E+01-1.705083625E+01-1.722916044E+01
-1.739717944E+01-1.755436831E+01-1.770022368E+01-1.783420881E+01-1.795573937E+01
-1.806423285E+01-1.815908237E+01-1.823965693E+01-1.830530372E+01-1.835535318E+01
-1.838912643E+01-1.840594517E+01-1.840514698E+01-1.838609482E+01-1.834819450E+01
-1.829091855E+01-1.821382302E+01-1.811656738E+01-1.799893293E+01-1.786083878E+01
-1.770235399E+01-1.752367506E+01-1.732519888E+01-1.710748229E+01-1.687117497E+01
-1.661701781E+01-1.634580093E+01-1.605835036E+01-1.575554725E+01-1.543833612E+01
-1.510773111E+01-1.476482400E+01-1.441079091E+01-1.404689545E+01-1.367449274E+01
-1.329503132E+01-1.291004305E+01-1.252099303E+01-1.212809836E+01-1.173432899E+01
-1.134401729E+01-1.095694626E+01-1.057293639E+01-1.019184639E+01-9.813572815E+00
-9.438050246E+00-9.065251306E+00-8.695186751E+00-8.327906066E+00-7.963497624E+00
-7.602089078E+00-7.243847874E+00-6.888981096E+00-6.537735579E+00-6.190397519E+00
-5.847291763E+00-5.508780784E+00-5.175262986E+00-4.847170618E+00-4.524966937E+00
-4.209142857E+00-3.900212813E+00-3.598709774E+00-3.305179810E+00-3.020175771E+00
-2.744250427E+00-2.477949076E+00-2.221801763E+00-1.976315277E+00-1.741965075E+00
-7.483378514E+00-7.679181613E+00-7.845232114E+00-7.980458319E+00-8.088900066E+00
-8.181851064E+00-8.265708328E+00-8.344252803E+00-8.420240387E+00-8.495601012E+00
-8.571691664E+00-8.649490037E+00-8.729722178E+00-8.812943656E+00-8.899592394E+00
-8.990023024E+00-9.084530803E+00-9.183368045E+00-9.286756054E+00-9.394894112E+00
-9.507966056E+00-9.626145557E+00-9.749600260E+00-9.878495404E+00-1.001299643E+01
-1.015327156E+01-1.029949393E+01-1.045184367E+01-1.061050950E+01-1.077569057E+01
-1.094759820E+01-1.112645727E+01-1.131250812E+01-1.150600762E+01-1.170723079E+01
-1.191647108E+01-1.213404063E+01-1.235898733E+01-1.259157414E+01-1.283071827E+01
-1.307475275E+01-1.332241575E+01-1.357272180E+01-1.382472753E+01-1.407751479E+01
-1.433018720E+01-1.458186737E+01-1.483169634E+01-1.507883418E+01-1.532246025E+01
-1.556177282E+01-1.579599098E+01-1.602435667E+01-1.624613666E+01-1.646062496E+01
-1.666714465E+01-1.686505450E+01-1.705375688E+01-1.723269281E+01-1.740132479E+01
-1.755913270E+01-1.770561869E+01-1.784024737E+01-1.796243952E+01-1.807161610E+01
-1.816717344E+01-1.824848315E+01-1.831489467E+01-1.836573996E+01-1.840034079E+01
-1.841801942E+01-1.841811543E+01-1.839999081E+01-1.836304675E+01-1.830675267E+01
-1.823066134E+01-1.813442808E+01-1.801782923E+01-1.788077853E+01-1.772333951E+01
-1.754571088E+01-1.734827090E+01-1.713158019E+01-1.689628898E+01-1.664313945E+01
-1.637292505E+01-1.608647266E+01-1.578466158E+01-1.546843287E+01-1.513879637E+01
-1.479683800E+01-1.444372689E+01-1.408071842E+01-1.370915799E+01-1.333048309E+01
-1.294621382E+01-1.255786259E+01-1.216565133E+01-1.177223750E+01-1.138235262E+01
-1.099578877E+01-1.061237016E+01-1.023195480E+01-9.854436190E+00-9.479744000E+00
-9.107844977E+00-8.738743418E+00-8.372481912E+00-8.009141661E+00-7.648843188E+00
-7.291746375E+00-6.938050778E+00-6.587995669E+00-6.241859482E+00-5.899959460E+00
-5.562650393E+00-5.230323161E+00-4.903402566E+00-4.582344811E+00-4.267633916E+00
-3.959777895E+00-3.659303748E+00-3.366752098E+00-3.082670914E+00-2.807608685E+00
-2.542107028E+00-2.286692887E+00-2.041870487E+00-1.808113208E+00-7.200321466E+00
-7.385239742E+00-7.548136651E+00-7.688299460E+00-7.807976644E+00-7.916997717E+00
-8.018927679E+00-8.115738343E+00-8.209225131E+00-8.300910429E+00-8.392037006E+00
-8.483605013E+00-8.576418862E+00-8.671130690E+00-8.768275695E+00-8.868299681E+00
-8.971580327E+00-9.078443348E+00-9.189175017E+00-9.304031982E+00-9.423248589E+00
-9.547043267E+00-9.675623257E+00-9.809188864E+00-9.947936650E+00-1.009206251E+01
-1.024176414E+01-1.039724336E+01-1.055870819E+01-1.072637488E+01-1.090046992E+01
-1.108123197E+01-1.126891406E+01-1.146378572E+01-1.166613524E+01-1.187627091E+01
-1.209451872E+01-1.231982124E+01-1.255262808E+01-1.279205952E+01-1.303648382E+01
-1.328452284E+01-1.353518458E+01-1.378752533E+01-1.404062809E+01-1.429359895E+01
-1.454556359E+01-1.479566662E+01-1.504307194E+01-1.528696289E+01-1.552654215E+01
-1.576103273E+01-1.598968035E+01-1.621175513E+01-1.642655417E+01-1.663340280E+01
-1.683166008E+01-1.702072642E+01-1.720004142E+01-1.736906782E+01-1.752728379E+01
-1.767418572E+01-1.780925637E+01-1.793191340E+01-1.804158164E+01-1.813766181E+01
-1.821953051E+01-1.828654268E+01-1.833803616E+01-1.837333916E+01-1.839178009E+01
-1.839270014E+01-1.837546700E+01-1.833949125E+01-1.828424665E+01-1.820928900E+01
-1.811427557E+01-1.799898352E+01-1.786332578E+01-1.770736348E+01-1.753128525E+01
-1.733547356E+01-1.712047623E+01-1.688693313E+01-1.663557606E+01-1.636718782E+01
-1.608258596E+01-1.578264143E+01-1.546828678E+01-1.514052320E+01-1.480042758E+01
-1.444915933E+01-1.408796338E+01-1.371817360E+01-1.334121520E+01-1.295859498E+01
-1.257182622E+01-1.218114185E+01-1.178905707E+01-1.140046471E+01-1.101515510E+01
-1.063294924E+01-1.025370089E+01-9.877297746E+00-9.503662912E+00-9.132755726E+00
-8.764572878E+00-8.399148920E+00-8.036557216E+00-7.676910524E+00-7.320361359E+00
-6.967102621E+00-6.617367631E+00-6.271430213E+00-5.929604222E+00-5.592242794E+00
-5.259737123E+00-4.932514729E+00-4.611036861E+00-4.295795613E+00-3.987309717E+00
-3.686120032E+00-3.392783853E+00-3.107868608E+00-2.831944658E+00-2.565577467E+00
-2.309319187E+00-2.063699913E+00-1.829218748E+00-6.961539254E+00-7.139803986E+00
-7.300201526E+00-7.441803037E+00-7.565354977E+00-7.682685543E+00-7.795007326E+00
-7.903332570E+00-8.008753855E+00-8.112309823E+00-8.214940894E+00-8.317474571E+00
-8.420627445E+00-8.525016471E+00-8.631172905E+00-8.739556500E+00-8.850568416E+00
-8.964562459E+00-9.081854650E+00-9.202731107E+00-9.327454740E+00-9.456270850E+00
-9.589411575E+00-9.727100034E+00-9.869553553E+00-1.001698658E+01-1.016961337E+01
-1.032765015E+01-1.049131732E+01-1.066084141E+01-1.083645733E+01-1.101841038E+01
-1.120695879E+01-1.140237762E+01-1.160496440E+01-1.181505078E+01-1.203302741E+01
-1.225763154E+01-1.248954969E+01-1.272821785E+01-1.297208914E+01-1.321961904E+01
-1.346979598E+01-1.372167264E+01-1.397433181E+01-1.422688122E+01-1.447844946E+01
-1.472818477E+01-1.497525481E+01-1.521884692E+01-1.545816788E+01-1.569244483E+01
-1.592092702E+01-1.614288722E+01-1.635762444E+01-1.656446480E+01-1.676276475E+01
-1.695191769E+01-1.713135546E+01-1.730053697E+01-1.745893398E+01-1.760603034E+01
-1.774132077E+01-1.786423582E+01-1.797419570E+01-1.807060685E+01-1.815285304E+01
-1.822029754E+01-1.827228776E+01-1.830816245E+01-1.832726122E+01-1.832893667E+01
-1.831256866E+01-1.827758073E+01-1.822345830E+01-1.814976753E+01-1.805617441E+01
-1.794246230E+01-1.780854754E+01-1.765449119E+01-1.748046699E+01-1.728687486E+01
-1.707423576E+01-1.684316950E+01-1.659438587E+01-1.632864379E+01-1.604674233E+01
-1.574953721E+01-1.543794792E+01-1.511296297E+01-1.477564697E+01-1.442714718E+01
-1.406869606E+01-1.370161481E+01-1.332731500E+01-1.294728922E+01-1.256302227E+01
-1.217471993E+01-1.178494525E+01-1.139851705E+01-1.101521818E+01-1.063486137E+01
-1.025729126E+01-9.882386471E+00-9.510060479E+00-9.140263051E+00-8.772981105E+00
-8.408239503E+00-8.046102229E+00-7.686673099E+00-7.330096710E+00-6.976559183E+00
-6.626288875E+00-6.279556775E+00-5.936676737E+00-5.598005245E+00-5.263940744E+00
-4.934922495E+00-4.611428528E+00-4.293973005E+00-3.983102668E+00-3.679392075E+00
-3.383438098E+00-3.095853074E+00-2.817257062E+00-2.548269031E+00-2.289497257E+00
-2.041529065E+00-1.804920185E+00-6.749432639E+00-6.922735473E+00-7.080597909E+00
-7.222493536E+00-7.350465595E+00-7.472415602E+00-7.590867470E+00-7.706473375E+00
-7.819904915E+00-7.931847914E+00-8.042969281E+00-8.153895819E+00-8.265203742E+00
-8.377415758E+00-8.491002807E+00-8.606388589E+00-8.723954959E+00-8.844047923E+00
-8.966983423E+00-9.093052461E+00-9.222525946E+00-9.355658870E+00-9.492693854E+00
-9.633864613E+00-9.779398639E+00-9.929519799E+00-1.008445050E+01-1.024441390E+01
-1.040963560E+01-1.058034545E+01-1.075677914E+01-1.093917957E+01-1.112779799E+01
-1.132289438E+01-1.152473573E+01-1.173358970E+01-1.194970542E+01-1.217326047E+01
-1.240343159E+01-1.264028647E+01-1.288257753E+01-1.312868347E+01-1.337749854E+01
-1.362807199E+01-1.387948768E+01-1.413085495E+01-1.438130572E+01-1.462999155E+01
-1.487608370E+01-1.511877337E+01-1.535727136E+01-1.559080870E+01-1.581863770E+01
-1.604003331E+01-1.625429545E+01-1.646074986E+01-1.665874915E+01-1.684767716E+01
-1.702695311E+01-1.719602593E+01-1.735435962E+01-1.750142596E+01-1.763670248E+01
-1.775965996E+01-1.786970983E+01-1.796626266E+01-1.804871101E+01-1.811642921E+01
-1.816877777E+01-1.820511032E+01-1.822478290E+01-1.822716573E+01-1.821165701E+01
-1.817769898E+01-1.812479512E+01-1.805252832E+01-1.796057889E+01-1.784874148E+01
-1.771693939E+01-1.756521791E+01-1.739377913E+01-1.720300869E+01-1.699339593E+01
-1.676553443E+01-1.652009998E+01-1.625781692E+01-1.597945894E+01-1.568586169E+01
-1.537792620E+01-1.505662460E+01-1.472300634E+01-1.437820378E+01-1.402343447E+01
-1.366000534E+01-1.328931347E+01-1.291283614E+01-1.253198628E+01-1.214693666E+01
-1.176046781E+01-1.137709786E+01-1.099659263E+01-1.061874894E+01-1.024339736E+01
-9.870403355E+00-9.499667910E+00-9.131128499E+00-8.764759669E+00-8.400574266E+00
-8.038624296E+00-7.679002425E+00-7.321843243E+00-6.967324517E+00-6.615668736E+00
-6.267144129E+00-5.922065891E+00-5.580796769E+00-5.243747422E+00-4.911376141E+00
-4.584187789E+00-4.262731983E+00-3.947600029E+00-3.639420659E+00-3.338854340E+00
-3.046586184E+00-2.763317160E+00-2.489753886E+00-2.226597019E+00-1.974528542E+00
-1.734198291E+00-6.561540470E+00-6.730999792E+00-6.886574434E+00-7.027802637E+00
-7.156430418E+00-7.280756474E+00-7.402846348E+00-7.523079140E+00-7.641874136E+00
-7.759681669E+00-7.876962553E+00-7.994171730E+00-8.111747714E+00-8.230106285E+00
-8.349637337E+00-8.470704644E+00-8.593646841E+00-8.718779675E+00-8.846398520E+00
-8.976781142E+00-9.110190452E+00-9.246877226E+00-9.387082586E+00-9.531040210E+00
-9.678978455E+00-9.831122292E+00-9.987695034E+00-1.014891992E+01-1.031502176E+01
-1.048622800E+01-1.066277024E+01-1.084488530E+01-1.103281635E+01-1.122681383E+01
-1.142713724E+01-1.163405805E+01-1.184786888E+01-1.206891005E+01-1.229610566E+01
-1.252983894E+01-1.276932140E+01-1.301300751E+01-1.325952214E+01-1.350789968E+01
-1.375722272E+01-1.400660111E+01-1.425516844E+01-1.450207910E+01-1.474650742E+01
-1.498764760E+01-1.522471417E+01-1.545694142E+01-1.568358434E+01-1.590391975E+01
-1.611724743E+01-1.632289174E+01-1.652020179E+01-1.670855240E+01-1.688734745E+01
-1.705601985E+01-1.721402357E+01-1.736082011E+01-1.749587276E+01-1.761864290E+01
-1.772858276E+01-1.782510022E+01-1.790759246E+01-1.797544784E+01-1.802804309E+01
-1.806475079E+01-1.808494809E+01-1.808802785E+01-1.807341212E+01-1.804056719E+01
-1.798902009E+01-1.791837567E+01-1.782833320E+01-1.771870234E+01-1.758940336E+01
-1.744049026E+01-1.727219400E+01-1.708486103E+01-1.687894899E+01-1.665501824E+01
-1.641370002E+01-1.615567857E+01-1.588169867E+01-1.559257072E+01-1.528917350E+01
-1.497245888E+01-1.464345750E+01-1.430328324E+01-1.395313566E+01-1.359430461E+01
-1.322817041E+01-1.285619483E+01-1.247961585E+01-1.209868609E+01-1.171657085E+01
-1.133720812E+01-1.096032896E+01-1.058570646E+01-1.021315341E+01-9.842520290E+00
-9.473693855E+00-9.106597164E+00-8.741189873E+00-8.377469262E+00-8.015472013E+00
-7.655275505E+00-7.297000261E+00-6.940811796E+00-6.586923025E+00-6.235596582E+00
-5.887147109E+00-5.541943226E+00-5.200409421E+00-4.863027150E+00-4.530335514E+00
-4.202930624E+00-3.881463905E+00-3.566638638E+00-3.259204729E+00-2.959951204E+00
-2.669696454E+00-2.389275998E+00-2.119528023E+00-1.861276882E+00-1.615315151E+00
-6.391863941E+00-6.557756963E+00-6.711429450E+00-6.851216391E+00-6.978048079E+00
-7.103452925E+00-7.227659562E+00-7.350827359E+00-7.473215997E+00-7.595116243E+00
-7.716837774E+00-7.838699290E+00-7.961020713E+00-8.084117552E+00-8.208297122E+00
-8.333856491E+00-8.461081384E+00-8.590246097E+00-8.721614094E+00-8.855438750E+00
-8.991964736E+00-9.131428997E+00-9.274062294E+00-9.420090347E+00-9.569735249E+00
-9.723216571E+00-9.880752546E+00-1.004256125E+01-1.020886154E+01-1.037987410E+01
-1.055582231E+01-1.073693309E+01-1.092343765E+01-1.111557190E+01-1.131357655E+01
-1.151769560E+01-1.172817156E+01-1.194522943E+01-1.216902986E+01-1.239862665E+01
-1.263406356E+01-1.287415579E+01-1.311736069E+01-1.336259275E+01-1.360892330E+01
-1.385545857E+01-1.410133071E+01-1.434569544E+01-1.458772895E+01-1.482662787E+01
-1.506160924E+01-1.529191025E+01-1.551678813E+01-1.573552078E+01-1.594740767E+01
-1.615177100E+01-1.634795580E+01-1.653533026E+01-1.671328523E+01-1.688123580E+01
-1.703861934E+01-1.718488749E+01-1.731949501E+01-1.744189429E+01-1.755153094E+01
-1.764784083E+01-1.773024297E+01-1.779813169E+01-1.785089981E+01-1.788794320E+01
-1.790866392E+01-1.791248170E+01-1.789884662E+01-1.786725321E+01-1.781725627E+01
-1.774848741E+01-1.766066638E+01-1.755360266E+01-1.742724566E+01-1.728167850E+01
-1.711710279E+01-1.693383577E+01-1.673230493E+01-1.651302577E+01-1.627658005E+01
-1.602361262E+01-1.575483680E+01-1.547103444E+01-1.517305825E+01-1.486183607E+01
-1.453837552E+01-1.420376707E+01-1.385918660E+01-1.350590013E+01-1.314526286E+01
-1.277870937E+01-1.240712932E+01-1.203112624E+01-1.165457275E+01-1.128028030E+01
-1.090793532E+01-1.053729546E+01-1.016816463E+01-9.800383335E+00-9.433825940E+00
-9.068399974E+00-8.704047203E+00-8.340745248E+00-7.978509752E+00-7.617396778E+00
-7.257505772E+00-6.898982825E+00-6.542023869E+00-6.186878814E+00-5.833855013E+00
-5.483321598E+00-5.135713062E+00-4.791533086E+00-4.451357214E+00-4.115834941E+00
-3.785690300E+00-3.461720324E+00-3.144791119E+00-2.835830773E+00-2.535818688E+00
-2.245771044E+00-1.966722315E+00-1.699703189E+00-1.445715639E+00-6.230121902E+00
-6.392951044E+00-6.543978031E+00-6.682780818E+00-6.811247653E+00-6.937145305E+00
-7.062529663E+00-7.187555685E+00-7.312372616E+00-7.437154244E+00-7.562094534E+00
-7.687402655E+00-7.813298690E+00-7.940009778E+00-8.067766836E+00-8.196802084E+00
-8.327347228E+00-8.459632123E+00-8.593883906E+00-8.730326720E+00-8.869181514E+00
-9.010666246E+00-9.154996035E+00-9.302383794E+00-9.453040507E+00-9.607175896E+00
-9.764999012E+00-9.926718790E+00-1.009254464E+01-1.026268706E+01-1.043735823E+01
-1.061677267E+01-1.080114783E+01-1.099070509E+01-1.118567103E+01-1.138628001E+01
-1.159277980E+01-1.180544490E+01-1.202461087E+01-1.224888306E+01-1.247884863E+01
-1.271394260E+01-1.295275078E+01-1.319383883E+01-1.343623135E+01-1.367902440E+01
-1.392134569E+01-1.416234951E+01-1.440121316E+01-1.463713491E+01-1.486933351E+01
-1.509704797E+01-1.531953730E+01-1.553608023E+01-1.574597576E+01-1.594854359E+01
-1.614312468E+01-1.632908089E+01-1.650579424E+01-1.667266609E+01-1.682911631E+01
-1.697458119E+01-1.710850674E+01-1.723034155E+01-1.733952991E+01-1.743551020E+01
-1.751771253E+01-1.758555937E+01-1.763846953E+01-1.767586101E+01-1.769716129E+01
-1.770181934E+01-1.768931640E+01-1.765917745E+01-1.761098373E+01-1.754438983E+01
-1.745914402E+01-1.735509536E+01-1.723220123E+01-1.709053227E+01-1.693027140E+01
-1.675171169E+01-1.655524062E+01-1.634132365E+01-1.611049716E+01-1.586336933E+01
-1.560061950E+01-1.532299833E+01-1.503132979E+01-1.472651444E+01-1.440953270E+01
-1.408144632E+01-1.374340076E+01-1.339662631E+01-1.304242979E+01-1.268215255E+01
-1.231620746E+01-1.194562422E+01-1.157632995E+01-1.120831719E+01-1.084145662E+01
-1.047558036E+01-1.011051777E+01-9.746111419E+00-9.382225135E+00-9.018748642E+00
-8.655600738E+00-8.292732648E+00-7.930130975E+00-7.567821053E+00-7.205870965E+00
-6.844395794E+00-6.483562359E+00-6.123594721E+00-5.764780062E+00-5.407475023E+00
-5.052112563E+00-4.699208654E+00-4.349369098E+00-4.003295557E+00-3.661790201E+00
-3.325758276E+00-2.996207573E+00-2.674243447E+00-2.361058461E+00-2.057915627E+00
-1.766124796E+00-1.487012342E+00-1.221885214E+00-6.079937113E+00-6.239697647E+00
-6.388400789E+00-6.525651286E+00-6.653239046E+00-6.779089969E+00-6.905106134E+00
-7.031350261E+00-7.157877749E+00-7.284763848E+00-7.412104338E+00-7.540015131E+00
-7.668630108E+00-7.798099141E+00-7.928585186E+00-8.060261678E+00-8.193310288E+00
-8.327918516E+00-8.464278158E+00-8.602583885E+00-8.743031905E+00-8.885819608E+00
-9.031144622E+00-9.179204729E+00-9.330197596E+00-9.484320849E+00-9.641771840E+00
-9.802748115E+00-9.967447341E+00-1.013606750E+01-1.030880736E+01-1.048586632E+01
-1.066744507E+01-1.085374555E+01-1.104497125E+01-1.124132728E+01-1.144301969E+01
-1.165025259E+01-1.186321783E+01-1.208206293E+01-1.230578412E+01-1.253459510E+01
-1.276766675E+01-1.300357731E+01-1.324105084E+01-1.347916216E+01-1.371703433E+01
-1.395381959E+01-1.418869549E+01-1.442086159E+01-1.464953798E+01-1.487396473E+01
-1.509340185E+01-1.530712871E+01-1.551444368E+01-1.571466441E+01-1.590712784E+01
-1.609119008E+01-1.626622597E+01-1.643162780E+01-1.658680349E+01-1.673117520E+01
-1.686417677E+01-1.698525006E+01-1.709383991E+01-1.718939031E+01-1.727134223E+01
-1.733913505E+01-1.739220935E+01-1.743001113E+01-1.745199932E+01-1.745765476E+01
-1.744649115E+01-1.741806706E+01-1.737199873E+01-1.730797322E+01-1.722576064E+01
-1.712522324E+01-1.700632171E+01-1.686912031E+01-1.671378474E+01-1.654057481E+01
-1.634983380E+01-1.614198277E+01-1.591751934E+01-1.567701534E+01-1.542111535E+01
-1.515053726E+01-1.486607433E+01-1.456859748E+01-1.425905742E+01-1.393848565E+01
-1.360799805E+01-1.326879274E+01-1.292214129E+01-1.256926657E+01-1.221032725E+01
-1.184738785E+01-1.148545959E+01-1.112426313E+01-1.076355605E+01-1.040311802E+01
-1.004274725E+01-9.682260647E+00-9.321495845E+00-8.960313292E+00-8.598598890E+00
-8.236267102E+00-7.873264148E+00-7.509572023E+00-7.145213066E+00-6.780255241E+00
-6.414818124E+00-6.049080155E+00-5.683286751E+00-5.317759371E+00-4.952905915E+00
-4.589232110E+00-4.227353334E+00-3.868007330E+00-3.512065674E+00-3.160544263E+00
-2.814610116E+00-2.475582786E+00-2.144927870E+00-1.824239991E+00-1.515213474E+00
-1.219600000E+00-9.391546991E-01-5.939171102E+00-6.094812408E+00-6.242049662E+00
-6.376743465E+00-6.501344488E+00-6.626911895E+00-6.753348331E+00-6.880538316E+00
-7.008436344E+00-7.137017988E+00-7.266284982E+00-7.396267072E+00-7.527021505E+00
-7.658630900E+00-7.791200022E+00-7.924852503E+00-8.059727346E+00-8.195976000E+00
-8.333759608E+00-8.473246760E+00-8.614611600E+00-8.758032331E+00-8.903690071E+00
-9.051767790E+00-9.202449718E+00-9.355920757E+00-9.512366161E+00-9.671971067E+00
-9.834920495E+00-1.000139911E+01-1.017159102E+01-1.034567971E+01-1.052384791E+01
-1.070627726E+01-1.089314797E+01-1.108463803E+01-1.128092212E+01-1.148216956E+01
-1.168854154E+01-1.190018927E+01-1.211726090E+01-1.233875891E+01-1.256468279E+01
-1.279408326E+01-1.302558595E+01-1.325802288E+01-1.349049885E+01-1.372216253E+01
-1.395218984E+01-1.417978071E+01-1.440415604E+01-1.462455671E+01-1.484024290E+01
-1.505049381E+01-1.525460735E+01-1.545189942E+01-1.564170395E+01-1.582337250E+01
-1.599627385E+01-1.615979327E+01-1.631333101E+01-1.645630086E+01-1.658812809E+01
-1.670824769E+01-1.681610219E+01-1.691113973E+01-1.699281207E+01-1.706057519E+01
-1.711389128E+01-1.715223287E+01-1.717508914E+01-1.718197404E+01-1.717243541E+01
-1.714606555E+01-1.710251196E+01-1.704148820E+01-1.696278384E+01-1.686627261E+01
-1.675191680E+01-1.661976933E+01-1.646997113E+01-1.630274732E+01-1.611840380E+01
-1.591732550E+01-1.569997386E+01-1.546688452E+01-1.521866730E+01-1.495600683E+01
-1.467966388E+01-1.439047766E+01-1.408936599E+01-1.377732869E+01-1.345545045E+01
-1.312490000E+01-1.278692343E+01-1.244230565E+01-1.209149333E+01-1.173756465E+01
-1.138406270E+01-1.103060515E+01-1.067689056E+01-1.032265941E+01-9.967677866E+00
-9.611731667E+00-9.254624610E+00-8.896179318E+00-8.536239024E+00-8.174670123E+00
-7.811365489E+00-7.446248570E+00-7.079278272E+00-6.710454792E+00-6.339826592E+00
-5.967499063E+00-5.593644421E+00-5.218513914E+00-4.842451773E+00-4.465911956E+00
-4.089476901E+00-3.713878950E+00-3.340023292E+00-2.969011725E+00-2.602164644E+00
-2.241038007E+00-1.887430145E+00-1.543372188E+00-1.211095797E+00-8.929741072E-01
-5.914365825E-01-5.795795050E+00-5.949055303E+00-6.092858443E+00-6.226853816E+00
-6.352786847E+00-6.478408113E+00-6.605428209E+00-6.733679451E+00-6.862984780E+00
-6.993202753E+00-7.124236211E+00-7.256033423E+00-7.388585130E+00-7.521919345E+00
-7.656095994E+00-7.791201440E+00-7.927343401E+00-8.064646930E+00-8.203250672E+00
-8.343303715E+00-8.484963340E+00-8.628392660E+00-8.773759239E+00-8.921233599E+00
-9.070988148E+00-9.223196284E+00-9.378031718E+00-9.535667924E+00-9.696277511E+00
-9.860031943E+00-1.002710115E+01-1.019765289E+01-1.037185273E+01-1.054986322E+01
-1.073184350E+01-1.091794855E+01-1.110832831E+01-1.130312673E+01-1.150248076E+01
-1.170652023E+01-1.191536821E+01-1.212914157E+01-1.234677109E+01-1.256815961E+01
-1.279235367E+01-1.301805026E+01-1.324412792E+01-1.346971781E+01-1.369399209E+01
-1.391614854E+01-1.413540745E+01-1.435100961E+01-1.456221500E+01-1.476830224E+01
-1.496856825E+01-1.516232779E+01-1.534891261E+01-1.552767114E+01-1.569796809E+01
-1.585918379E+01-1.601071323E+01-1.615196508E+01-1.628236054E+01-1.640133201E+01
-1.650832182E+01-1.660278157E+01-1.668417209E+01-1.675196388E+01-1.680563933E+01
-1.684469590E+01-1.686865134E+01-1.687705034E+01-1.686947234E+01-1.684554027E+01
-1.680492944E+01-1.674737624E+01-1.667268603E+01-1.658073865E+01-1.647149205E+01
-1.634498431E+01-1.620133325E+01-1.604073615E+01-1.586346849E+01-1.566988196E+01
-1.546040335E+01-1.523553379E+01-1.499584886E+01-1.474199932E+01-1.447471244E+01
-1.419479236E+01-1.390312119E+01-1.360066046E+01-1.328844790E+01-1.296758726E+01
-1.263918297E+01-1.230341099E+01-1.196130290E+01-1.161841510E+01-1.127474909E+01
-1.093014525E+01-1.058438324E+01-1.023722256E+01-9.888419555E+00-9.537734492E+00
-9.184935779E+00-8.829802307E+00-8.472125853E+00-8.111713870E+00-7.748392452E+00
-7.382010070E+00-7.012442457E+00-6.639598129E+00-6.263425946E+00-5.883923859E+00
-5.501150218E+00-5.115237681E+00-4.726410389E+00-4.335005364E+00-3.941498548E+00
-3.546536702E+00-3.150975351E+00-2.755923136E+00-2.362791054E+00-1.973342865E+00
-1.589738654E+00-1.214557696E+00-8.507815480E-01-5.017179283E-01-1.708571579E-01
-5.656216177E+00-5.805604747E+00-5.946759432E+00-6.079368228E+00-6.205124357E+00
-6.331402644E+00-6.459709361E+00-6.589637868E+00-6.720817615E+00-6.852967725E+00
-6.985895104E+00-7.119482459E+00-7.253675301E+00-7.388469375E+00-7.523900535E+00
-7.660036192E+00-7.796968698E+00-7.934809869E+00-8.073686648E+00-8.213737760E+00
-8.355110559E+00-8.497959095E+00-8.642441831E+00-8.788720542E+00-8.936958616E+00
-9.087320268E+00-9.239969557E+00-9.395069636E+00-9.552782040E+00-9.713266219E+00
-9.876678902E+00-1.004317347E+01-1.021289964E+01-1.038600269E+01-1.056262293E+01
-1.074289506E+01-1.092694749E+01-1.111490156E+01-1.130687100E+01-1.150296139E+01
-1.170326979E+01-1.190788402E+01-1.211688128E+01-1.232909948E+01-1.254442454E+01
-1.276199519E+01-1.298059850E+01-1.319910899E+01-1.341668035E+01-1.363250464E+01
-1.384579796E+01-1.405579869E+01-1.426176592E+01-1.446297754E+01-1.465872966E+01
-1.484833562E+01-1.503112602E+01-1.520644763E+01-1.537366285E+01-1.553214941E+01
-1.568129961E+01-1.582051988E+01-1.594922996E+01-1.606686252E+01-1.617286258E+01
-1.626668746E+01-1.634780722E+01-1.641570595E+01-1.646988358E+01-1.650985941E+01
-1.653517617E+01-1.654540547E+01-1.654015414E+01-1.651907099E+01-1.648185393E+01
-1.642825685E+01-1.635809542E+01-1.627125193E+01-1.616767918E+01-1.604740266E+01
-1.591052168E+01-1.575720982E+01-1.558771460E+01-1.540235718E+01-1.520153210E+01
-1.498570750E+01-1.475542563E+01-1.451130376E+01-1.425403449E+01-1.398438701E+01
-1.370320918E+01-1.341142808E+01-1.311004784E+01-1.280013703E+01-1.248237494E+01
-1.215699619E+01-1.182625675E+01-1.149443572E+01-1.116120029E+01-1.082625561E+01
-1.048931769E+01-1.015010556E+01-9.808339456E+00-9.463741139E+00-9.116034499E+00
-8.764946737E+00-8.410209543E+00-8.051561030E+00-7.688747744E+00-7.321527497E+00
-6.949673193E+00-6.572977434E+00-6.191258825E+00-5.804370094E+00-5.412208485E+00
-5.014729597E+00-4.611964949E+00-4.204045425E+00-3.791231611E+00-3.373953531E+00
-2.952862910E+00-2.528901165E+00-2.103387084E+00-1.678126445E+00-1.255540250E+00
-8.387934996E-01-4.318780725E-01-3.956863141E-02 3.328292926E-01-5.515838799E+00
-5.659982467E+00-5.798677773E+00-5.930236580E+00-6.055142198E+00-6.183746379E+00
-6.314972814E+00-6.447887388E+00-6.581887450E+00-6.716585508E+00-6.851746507E+00
-6.987241966E+00-7.123018972E+00-7.259079416E+00-7.395465771E+00-7.532251121E+00
-7.669531838E+00-7.807422139E+00-7.946049915E+00-8.085553299E+00-8.226078069E+00
-8.367775478E+00-8.510800522E+00-8.655310247E+00-8.801462723E+00-8.949415783E+00
-9.099326235E+00-9.251349037E+00-9.405636467E+00-9.562337533E+00-9.721597381E+00
-9.883556667E+00-1.004835096E+01-1.021611009E+01-1.038695753E+01-1.056100985E+01
-1.073837597E+01-1.091915657E+01-1.110344348E+01-1.129131934E+01-1.148285692E+01
-1.167811934E+01-1.187715968E+01-1.208002118E+01-1.228539739E+01-1.249324613E+01
-1.270290255E+01-1.291324278E+01-1.312311518E+01-1.333167275E+01-1.353811923E+01
-1.374168768E+01-1.394163448E+01-1.413723644E+01-1.432778928E+01-1.451260583E+01
-1.469101602E+01-1.486236572E+01-1.502601689E+01-1.518134654E+01-1.532774672E+01
-1.546462387E+01-1.559139894E+01-1.570750723E+01-1.581239820E+01-1.590553623E+01
-1.598640124E+01-1.605449022E+01-1.610931920E+01-1.615042626E+01-1.617737498E+01
-1.618975914E+01-1.618720745E+01-1.616938919E+01-1.613601978E+01-1.608686602E+01
-1.602175112E+01-1.594055898E+01-1.584323743E+01-1.572980092E+01-1.560033236E+01
-1.545498387E+01-1.529397808E+01-1.511760806E+01-1.492623851E+01-1.472030619E+01
-1.450032052E+01-1.426686445E+01-1.402059536E+01-1.376224659E+01-1.349262842E+01
-1.321262556E+01-1.292319254E+01-1.262525696E+01-1.231898719E+01-1.200540710E+01
-1.168767066E+01-1.136811397E+01-1.104636575E+01-1.072209179E+01-1.039497278E+01
-1.006469360E+01-9.730938227E+00-9.393387171E+00-9.051716374E+00-8.705596853E+00
-8.354694621E+00-7.998671121E+00-7.637183855E+00-7.269887608E+00-6.896436335E+00
-6.516485727E+00-6.129696951E+00-5.735742008E+00-5.334310984E+00-4.925122175E+00
-4.507936151E+00-4.082575025E+00-3.648949542E+00-3.207096595E+00-2.757232943E+00
-2.299832354E+00-1.835739024E+00-1.366337243E+00-8.938075466E-01-4.215052346E-01
 4.554065862E-02 5.002042023E-01 9.335129827E-01-5.361233812E+00-5.497033551E+00
-5.631887552E+00-5.765886589E+00-5.898742694E+00-6.034210495E+00-6.171429473E+00
-6.309323439E+00-6.447372952E+00-6.585323141E+00-6.723058918E+00-6.860547584E+00
-6.997809428E+00-7.134901817E+00-7.271908867E+00-7.408934907E+00-7.546099632E+00
-7.683534597E+00-7.821380219E+00-7.959783538E+00-8.098896240E+00-8.238873124E+00
-8.379870487E+00-8.522045178E+00-8.665553257E+00-8.810549287E+00-8.957185349E+00
-9.105610372E+00-9.255969384E+00-9.408402962E+00-9.563046443E+00-9.720029489E+00
-9.879475262E+00-1.004150007E+01-1.020621249E+01-1.037371277E+01-1.054409226E+01
-1.071743256E+01-1.089380507E+01-1.107327010E+01-1.125587686E+01-1.144166330E+01
-1.163065782E+01-1.182288410E+01-1.201837421E+01-1.221555238E+01-1.241476749E+01
-1.261541634E+01-1.281645000E+01-1.301677152E+01-1.321545699E+01-1.341173154E+01
-1.360484918E+01-1.379408518E+01-1.397873432E+01-1.415810987E+01-1.433154170E+01
-1.449837613E+01-1.465797528E+01-1.480971693E+01-1.495299441E+01-1.508721633E+01
-1.521180667E+01-1.532620507E+01-1.542986694E+01-1.552226458E+01-1.560288787E+01
-1.567124604E+01-1.572686938E+01-1.576931208E+01-1.579815518E+01-1.581301019E+01
-1.581352332E+01-1.579937971E+01-1.577030797E+01-1.572608455E+01-1.566653791E+01
-1.559155213E+01-1.550107008E+01-1.539509614E+01-1.527369816E+01-1.513700934E+01
-1.498522935E+01-1.481862557E+01-1.463753438E+01-1.444236182E+01-1.423358464E+01
-1.401175146E+01-1.377748436E+01-1.353147991E+01-1.327450791E+01-1.300740837E+01
-1.273106365E+01-1.244581376E+01-1.215198741E+01-1.185156149E+01-1.154843893E+01
-1.124246186E+01-1.093337709E+01-1.062089009E+01-1.030468478E+01-9.984430336E+00
-9.659783115E+00-9.330386515E+00-8.995870183E+00-8.655849032E+00-8.309922292E+00
-7.957672291E+00-7.598663473E+00-7.232441563E+00-6.858532747E+00-6.476443156E+00
-6.085658786E+00-5.685646292E+00-5.275854556E+00-4.855717649E+00-4.424660341E+00
-3.982106301E+00-3.527490878E+00-3.060280786E+00-2.580003871E+00-2.086295339E+00
-1.578971693E+00-1.058155591E+00-5.245039401E-01 2.032470459E-02 5.725549981E-01
 1.123282256E+00 1.653363444E+00-5.196712513E+00-5.317411831E+00-5.447979314E+00
-5.588660065E+00-5.738284716E+00-5.887005745E+00-6.033186667E+00-6.177486709E+00
-6.320246203E+00-6.461683735E+00-6.601970100E+00-6.741257182E+00-6.879690957E+00
-7.017417318E+00-7.154584880E+00-7.291345684E+00-7.427855477E+00-7.564272917E+00
-7.700759188E+00-7.837476929E+00-7.974589332E+00-8.112259352E+00-8.250648921E+00
-8.389917840E+00-8.530223393E+00-8.671719314E+00-8.814555400E+00-8.958876600E+00
-9.104822742E+00-9.252527626E+00-9.402118668E+00-9.553716235E+00-9.707433085E+00
-9.863373707E+00-1.002163372E+01-1.018229918E+01-1.034544576E+01-1.051113800E+01
-1.067942831E+01-1.085035584E+01-1.102394491E+01-1.120020284E+01-1.137911589E+01
-1.156064111E+01-1.174468889E+01-1.193108137E+01-1.211991794E+01-1.230981675E+01
-1.250050165E+01-1.269129049E+01-1.288121602E+01-1.306928863E+01-1.325473332E+01
-1.343681808E+01-1.361483669E+01-1.378810154E+01-1.395594238E+01-1.411770613E+01
-1.427275601E+01-1.442047142E+01-1.456024784E+01-1.469149713E+01-1.481364760E+01
-1.492614427E+01-1.502844967E+01-1.512004435E+01-1.520042814E+01-1.526912170E+01
-1.532566810E+01-1.536963534E+01-1.540061885E+01-1.541824472E+01-1.542217275E+01
-1.541210042E+01-1.538776620E+01-1.534895339E+01-1.529549373E+01-1.522727031E+01
-1.514422093E+01-1.504634030E+01-1.493368256E+01-1.480636315E+01-1.466456047E+01
-1.450851749E+01-1.433854275E+01-1.415501195E+01-1.395836934E+01-1.374912925E+01
-1.352787717E+01-1.329526992E+01-1.305203485E+01-1.279895178E+01-1.253650450E+01
-1.226486070E+01-1.198527244E+01-1.170050511E+01-1.141253616E+01-1.112101112E+01
-1.082560360E+01-1.052598713E+01-1.022182436E+01-9.912762285E+00-9.598429820E+00
-9.278435805E+00-8.952366863E+00-8.619785467E+00-8.280227532E+00-7.933199820E+00
-7.578176942E+00-7.214598168E+00-6.841863449E+00-6.459329631E+00-6.066305455E+00
-5.662046749E+00-5.245750754E+00-4.816549977E+00-4.373505653E+00-3.915600336E+00
-3.441729655E+00-2.950692726E+00-2.441179689E+00-1.911753939E+00-1.360822964E+00
-7.865840783E-01-1.869103932E-01 4.409239801E-01 1.101049693E+00 1.801985281E+00
 2.503310788E+00-5.053276298E+00-5.162530418E+00-5.289192769E+00-5.433549783E+00
-5.597340187E+00-5.755494217E+00-5.908687727E+00-6.058207970E+00-6.204808336E+00
-6.349003340E+00-6.491171136E+00-6.631611474E+00-6.770578398E+00-6.908298849E+00
-7.044983180E+00-7.180831499E+00-7.316037216E+00-7.450788818E+00-7.585270968E+00
-7.719664865E+00-7.854148118E+00-7.988894677E+00-8.124074352E+00-8.259852540E+00
-8.396389596E+00-8.533840635E+00-8.672354784E+00-8.812074864E+00-8.953137000E+00
-9.095669987E+00-9.239794861E+00-9.385624460E+00-9.533262720E+00-9.682804356E+00
-9.834333959E+00-9.987925520E+00-1.014364164E+01-1.030153265E+01-1.046163556E+01
-1.062397316E+01-1.078855261E+01-1.095536399E+01-1.112437885E+01-1.129554916E+01
-1.146880905E+01-1.164408515E+01-1.182133386E+01-1.200052455E+01-1.217986319E+01
-1.235964963E+01-1.253931832E+01-1.271804694E+01-1.289491485E+01-1.306902257E+01
-1.323965327E+01-1.340611423E+01-1.356773260E+01-1.372385497E+01-1.387384481E+01
-1.401708316E+01-1.415296832E+01-1.428091591E+01-1.440035918E+01-1.451074941E+01
-1.461155650E+01-1.470226954E+01-1.478239810E+01-1.485147353E+01-1.490905041E+01
-1.495470879E+01-1.498805621E+01-1.500873048E+01-1.501640233E+01-1.501077865E+01
-1.499160521E+01-1.495867010E+01-1.491180650E+01-1.485089582E+01-1.477587009E+01
-1.468671469E+01-1.458347049E+01-1.446623598E+01-1.433516883E+01-1.419048796E+01
-1.403247478E+01-1.386147499E+01-1.367789983E+01-1.348222710E+01-1.327500158E+01
-1.305683422E+01-1.282838769E+01-1.259015442E+01-1.234227986E+01-1.208552179E+01
-1.182187335E+01-1.155436899E+01-1.128277388E+01-1.100681393E+01-1.072619057E+01
-1.044058341E+01-1.014964991E+01-9.853023886E+00-9.550313679E+00-9.241100039E+00
-8.924933737E+00-8.601332605E+00-8.269778110E+00-7.929711334E+00-7.580528248E+00
-7.221574155E+00-6.852136993E+00-6.471439652E+00-6.078630990E+00-5.672774842E+00
-5.252837374E+00-4.817671869E+00-4.366000416E+00-3.896391655E+00-3.407232911E+00
-2.896694872E+00-2.362684439E+00-1.802779192E+00-1.214131010E+00-5.933161302E-01
 6.390960004E-02 7.630187539E-01 1.511356192E+00 2.318418799E+00 3.118814208E+00
-4.954076466E+00-5.058099905E+00-5.181843916E+00-5.325955394E+00-5.487516590E+00
-5.648291811E+00-5.804392630E+00-5.956420830E+00-6.104937219E+00-6.250416796E+00
-6.393259737E+00-6.533809289E+00-6.672367289E+00-6.809206301E+00-6.944577928E+00
-7.078718251E+00-7.211851570E+00-7.344192648E+00-7.475948254E+00-7.607317748E+00
-7.738493556E+00-7.869661404E+00-8.001000167E+00-8.132681702E+00-8.264870897E+00
-8.397725111E+00-8.531394180E+00-8.666019980E+00-8.801736114E+00-8.938667557E+00
-9.076930378E+00-9.216631231E+00-9.357866960E+00-9.500724046E+00-9.645278134E+00
-9.791593289E+00-9.939721518E+00-1.008970171E+01-1.024155911E+01-1.039530405E+01
-1.055093110E+01-1.070841790E+01-1.086772396E+01-1.102878983E+01-1.119153620E+01
-1.135586263E+01-1.152164285E+01-1.168870418E+01-1.185678433E+01-1.202594504E+01
-1.219451004E+01-1.236256356E+01-1.252951102E+01-1.269460609E+01-1.285703565E+01
-1.301597030E+01-1.317070731E+01-1.332059605E+01-1.346499601E+01-1.360328823E+01
-1.373487355E+01-1.385917136E+01-1.397562017E+01-1.408367793E+01-1.418282233E+01
-1.427255114E+01-1.435238342E+01-1.442186048E+01-1.448054751E+01-1.452803504E+01
-1.456394100E+01-1.458791295E+01-1.459963032E+01-1.459880711E+01-1.458519456E+01
-1.455858366E+01-1.451880797E+01-1.446574597E+01-1.439932357E+01-1.431951643E+01
-1.422635220E+01-1.411991241E+01-1.400033467E+01-1.386781424E+01-1.372260577E+01
-1.356502437E+01-1.339544662E+01-1.321431059E+01-1.302211638E+01-1.281940703E+01
-1.260655569E+01-1.238368852E+01-1.215129591E+01-1.191095972E+01-1.166613894E+01
-1.141667734E+01-1.116236970E+01-1.090296968E+01-1.063819584E+01-1.036773543E+01
-1.009124541E+01-9.808352182E+00-9.518650534E+00-9.221701320E+00-8.917029111E+00
-8.604118524E+00-8.282410091E+00-7.951295212E+00-7.610110011E+00-7.258128004E+00
-6.894551122E+00-6.518499342E+00-6.128997772E+00-5.724961357E+00-5.305176599E+00
-4.868279145E+00-4.412726789E+00-3.936766760E+00-3.438395689E+00-2.915310259E+00
-2.364846412E+00-1.783903592E+00-1.168850163E+00-5.154062856E-01 1.814957180E-01
 9.278594466E-01 1.730732101E+00 2.598067681E+00 3.448861372E+00-4.881059937E+00
-4.981619870E+00-5.102750964E+00-5.245256727E+00-5.405269573E+00-5.565928724E+00
-5.722269602E+00-5.874510203E+00-6.023016388E+00-6.168151300E+00-6.310261574E+00
-6.449673433E+00-6.586693012E+00-6.721608594E+00-6.854692702E+00-6.986204191E+00
-7.116389856E+00-7.245485306E+00-7.373716061E+00-7.501297753E+00-7.628436598E+00
-7.755329552E+00-7.882164432E+00-8.009119874E+00-8.136365333E+00-8.264061046E+00
-8.392357952E+00-8.521397534E+00-8.651311621E+00-8.782222232E+00-8.914241340E+00
-9.047470595E+00-9.182000852E+00-9.317911973E+00-9.455272237E+00-9.594137787E+00
-9.734552200E+00-9.876545615E+00-1.002013415E+01-1.016531898E+01-1.031208545E+01
-1.046040205E+01-1.061021932E+01-1.076146868E+01-1.091406107E+01-1.106788497E+01
-1.122280385E+01-1.137865311E+01-1.153524106E+01-1.169236704E+01-1.184975035E+01
-1.200741520E+01-1.216356388E+01-1.231835787E+01-1.247138653E+01-1.262184408E+01
-1.276895700E+01-1.291199701E+01-1.305024864E+01-1.318309667E+01-1.330994601E+01
-1.343021757E+01-1.354335476E+01-1.364882313E+01-1.374610867E+01-1.383471779E+01
-1.391417866E+01-1.398404218E+01-1.404388342E+01-1.409330245E+01-1.413192614E+01
-1.415940993E+01-1.417544013E+01-1.417973619E+01-1.417205302E+01-1.415218336E+01
-1.411995992E+01-1.407525749E+01-1.401799521E+01-1.394813854E+01-1.386570154E+01
-1.377074890E+01-1.366339800E+01-1.354382050E+01-1.341224349E+01-1.326895029E+01
-1.311428274E+01-1.294863305E+01-1.277244213E+01-1.258590380E+01-1.238915575E+01
-1.218255663E+01-1.196717787E+01-1.174677221E+01-1.152126383E+01-1.129049944E+01
-1.105427581E+01-1.081235076E+01-1.056444720E+01-1.031025492E+01-1.004943066E+01
-9.781597313E+00-9.506342453E+00-9.223216063E+00-8.931727660E+00-8.631342677E+00
-8.321477689E+00-8.001495021E+00-7.670695651E+00-7.328311098E+00-6.973493135E+00
-6.605301698E+00-6.222689988E+00-5.824486430E+00-5.409373199E+00-4.975859428E+00
-4.522249809E+00-4.046605702E+00-3.546699409E+00-3.019959370E+00-2.463406717E+00
-1.873583702E+00-1.246477369E+00-5.774460096E-01 1.388372913E-01 9.084009748E-01
 1.737921245E+00 2.636004663E+00 3.512698516E+00-4.829138579E+00-4.926329327E+00
-5.044979925E+00-5.185586251E+00-5.348138890E+00-5.507616064E+00-5.662580215E+00
-5.813388615E+00-5.960301102E+00-6.103603044E+00-6.243593048E+00-6.380573464E+00
-6.514844158E+00-6.646698814E+00-6.776422406E+00-6.904290018E+00-7.030565862E+00
-7.155502961E+00-7.279342830E+00-7.402315640E+00-7.524639900E+00-7.646522810E+00
-7.768160263E+00-7.889737041E+00-8.011426777E+00-8.133392307E+00-8.255785437E+00
-8.378747294E+00-8.502408094E+00-8.626887176E+00-8.752292968E+00-8.878722666E+00
-9.006262122E+00-9.134985643E+00-9.264955440E+00-9.396221354E+00-9.528820418E+00
-9.662776156E+00-9.798097983E+00-9.934780580E+00-1.007280310E+01-1.021212813E+01
-1.035270101E+01-1.049444837E+01-1.063727737E+01-1.078107385E+01-1.092570130E+01
-1.107099897E+01-1.121678101E+01-1.136283515E+01-1.150891521E+01-1.165474473E+01
-1.179992322E+01-1.194428511E+01-1.208783834E+01-1.222888673E+01-1.236728705E+01
-1.250257866E+01-1.263398145E+01-1.276081704E+01-1.288245768E+01-1.299828446E+01
-1.310774633E+01-1.321032307E+01-1.330551005E+01-1.339282030E+01-1.347178990E+01
-1.354197929E+01-1.360297339E+01-1.365438141E+01-1.369583786E+01-1.372700415E+01
-1.374757133E+01-1.375726263E+01-1.375583539E+01-1.374308320E+01-1.371883728E+01
-1.368296838E+01-1.363538815E+01-1.357605099E+01-1.350495620E+01-1.342215007E+01
-1.332772881E+01-1.322184096E+01-1.310468552E+01-1.297650626E+01-1.283761435E+01
-1.268825124E+01-1.252853396E+01-1.235864436E+01-1.217908115E+01-1.199104431E+01
-1.179588353E+01-1.159559290E+01-1.138985458E+01-1.117841838E+01-1.096104425E+01
-1.073747798E+01-1.050744046E+01-1.027062289E+01-1.002668383E+01-9.775247301E+00
-9.515900783E+00-9.248192766E+00-8.971630009E+00-8.685673888E+00-8.389735855E+00
-8.083172050E+00-7.765276437E+00-7.435272538E+00-7.092303182E+00-6.735418375E+00
-6.363560131E+00-5.975544148E+00-5.570037472E+00-5.145531309E+00-4.700307853E+00
-4.232400059E+00-3.739543158E+00-3.219116643E+00-2.668076524E+00-2.082878619E+00
-1.459397066E+00-7.928475538E-01-7.773328614E-02 6.921578751E-01 1.523671210E+00
 2.426524050E+00 3.301544905E+00-4.808581169E+00-4.903909043E+00-5.020404543E+00
-5.158747344E+00-5.316056025E+00-5.473018189E+00-5.625479386E+00-5.773600484E+00
-5.917597783E+00-6.057726945E+00-6.194270226E+00-6.327525643E+00-6.457798223E+00
-6.585393311E+00-6.710611680E+00-6.833745830E+00-6.955077860E+00-7.074877576E+00
-7.193401899E+00-7.310894120E+00-7.427583977E+00-7.543687533E+00-7.659407538E+00
-7.774933580E+00-7.890442484E+00-8.006098505E+00-8.122053723E+00-8.238448085E+00
-8.355409796E+00-8.473055359E+00-8.591489458E+00-8.710805233E+00-8.831083964E+00
-8.952394955E+00-9.074795492E+00-9.198330175E+00-9.323030996E+00-9.448916473E+00
-9.575991491E+00-9.704246437E+00-9.833656844E+00-9.964182328E+00-1.009576607E+01
-1.022833394E+01-1.036179332E+01-1.049603238E+01-1.063091896E+01-1.076629953E+01
-1.090199821E+01-1.103781572E+01-1.117352819E+01-1.130888733E+01-1.144362077E+01
-1.157745937E+01-1.171010469E+01-1.184113610E+01-1.197033773E+01-1.209770304E+01
-1.222144110E+01-1.234138861E+01-1.245711921E+01-1.256793350E+01-1.267325794E+01
-1.277257109E+01-1.286536661E+01-1.295114317E+01-1.302944184E+01-1.309983552E+01
-1.316192203E+01-1.321532102E+01-1.325967256E+01-1.329463965E+01-1.331991457E+01
-1.333522227E+01-1.334032206E+01-1.333500821E+01-1.331911098E+01-1.329249712E+01
-1.325507062E+01-1.320677348E+01-1.314758694E+01-1.307753394E+01-1.299668422E+01
-1.290517208E+01-1.280316525E+01-1.269076518E+01-1.256806801E+01-1.243519236E+01
-1.229230451E+01-1.213983972E+01-1.197852280E+01-1.181140825E+01-1.163823724E+01
-1.145909568E+01-1.127391658E+01-1.108255724E+01-1.088482705E+01-1.068049713E+01
-1.046930343E+01-1.025094755E+01-1.002509636E+01-9.791381400E+00-9.549397410E+00
-9.298700834E+00-9.038807416E+00-8.769189324E+00-8.489271212E+00-8.198425765E+00
-7.895967634E+00-7.581146461E+00-7.253137817E+00-6.911032525E+00-6.553823424E+00
-6.180388935E+00-5.789473445E+00-5.379662522E+00-4.949352893E+00-4.496714701E+00
-4.019644855E+00-3.515708301E+00-2.982064139E+00-2.415372742E+00-1.811679740E+00
-1.166276129E+00-4.735441636E-01 2.731738286E-01 1.081594941E+00 1.958897165E+00
 2.780897660E+00-4.811204842E+00-4.905147557E+00-5.019648511E+00-5.155531462E+00
-5.308751842E+00-5.462489299E+00-5.611507083E+00-5.755831198E+00-5.895687206E+00
-6.031348063E+00-6.163118404E+00-6.291322053E+00-6.416291813E+00-6.538360845E+00
-6.657856595E+00-6.775096149E+00-6.890383393E+00-7.004006887E+00-7.116239036E+00
-7.227335818E+00-7.337536544E+00-7.447064488E+00-7.556127285E+00-7.664917361E+00
-7.773612761E+00-7.882377503E+00-7.991362250E+00-8.100704625E+00-8.210529718E+00
-8.320950212E+00-8.432066773E+00-8.543968048E+00-8.656730747E+00-8.770419604E+00
-8.885087295E+00-9.000774126E+00-9.117508030E+00-9.235303980E+00-9.354163630E+00
-9.474075082E+00-9.595012135E+00-9.716933774E+00-9.839783699E+00-9.963489453E+00
-1.008796192E+01-1.021309455E+01-1.033876262E+01-1.046482268E+01-1.059111188E+01
-1.071744769E+01-1.084362744E+01-1.096942896E+01-1.109461131E+01-1.121891680E+01
-1.134206719E+01-1.146376153E+01-1.158370037E+01-1.170155707E+01-1.181688048E+01
-1.192943736E+01-1.203922006E+01-1.214437457E+01-1.224483668E+01-1.234029705E+01
-1.243030871E+01-1.251422925E+01-1.259158560E+01-1.266197136E+01-1.272500929E+01
-1.278033458E+01-1.282758784E+01-1.286641491E+01-1.289650236E+01-1.291757578E+01
-1.292939787E+01-1.293176624E+01-1.292451237E+01-1.290750144E+01-1.288063184E+01
-1.284383313E+01-1.279705821E+01-1.274027629E+01-1.267348831E+01-1.259673291E+01
-1.251007716E+01-1.241358768E+01-1.230736297E+01-1.219167141E+01-1.206708926E+01
-1.193394022E+01-1.179469541E+01-1.164930787E+01-1.149770967E+01-1.133984330E+01
-1.117561663E+01-1.100489476E+01-1.082750134E+01-1.064322082E+01-1.045180096E+01
-1.025295388E+01-1.004635677E+01-9.831652251E+00-9.608447781E+00-9.376314936E+00
-9.134787977E+00-8.883362200E+00-8.621491020E+00-8.348583093E+00-8.063997946E+00
-7.767040892E+00-7.456956608E+00-7.132921494E+00-6.794033858E+00-6.439302258E+00
-6.067631042E+00-5.677802498E+00-5.268454634E+00-4.838052929E+00-4.384854244E+00
-3.906858744E+00-3.401744579E+00-2.866774547E+00-2.298657233E+00-1.693330700E+00
-1.045615509E+00-3.486700975E-01 4.067143571E-01 1.225029438E+00 1.978469342E+00
-4.834851703E+00-4.927027915E+00-5.039645901E+00-5.173186568E+00-5.326934898E+00
-5.477138796E+00-5.621745916E+00-5.761108291E+00-5.895520232E+00-6.025323173E+00
-6.150888965E+00-6.272604310E+00-6.390858158E+00-6.506032444E+00-6.618495551E+00
-6.728598055E+00-6.836670395E+00-6.943021699E+00-7.047939698E+00-7.151691204E+00
-7.254522817E+00-7.356661911E+00-7.458317812E+00-7.559682868E+00-7.660933312E+00
-7.762230326E+00-7.863720711E+00-7.965537716E+00-8.067801586E+00-8.170619922E+00
-8.274088227E+00-8.378289988E+00-8.483296911E+00-8.589169041E+00-8.695954563E+00
-8.803690001E+00-8.912399820E+00-9.022096236E+00-9.132779090E+00-9.244435262E+00
-9.357038434E+00-9.470548733E+00-9.584912066E+00-9.700059757E+00-9.815908086E+00
-9.932357685E+00-1.004929316E+01-1.016658259E+01-1.028407737E+01-1.040161167E+01
-1.051900260E+01-1.063605028E+01-1.075253786E+01-1.086823190E+01-1.098288206E+01
-1.109622125E+01-1.120796666E+01-1.131781622E+01-1.142544540E+01-1.153053108E+01
-1.163271836E+01-1.173150970E+01-1.182660051E+01-1.191781502E+01-1.200518311E+01
-1.208681850E+01-1.216271211E+01-1.223264695E+01-1.229633926E+01-1.235346876E+01
-1.240366964E+01-1.244641972E+01-1.248138023E+01-1.250828966E+01-1.252692837E+01
-1.253710558E+01-1.253865503E+01-1.253143185E+01-1.251531052E+01-1.249018185E+01
-1.245594957E+01-1.241253068E+01-1.235986924E+01-1.229796208E+01-1.222691015E+01
-1.214702125E+01-1.205836875E+01-1.196096797E+01-1.185707726E+01-1.174645536E+01
-1.162932750E+01-1.150578663E+01-1.137584438E+01-1.123945838E+01-1.109653963E+01
-1.094695615E+01-1.079053553E+01-1.062706753E+01-1.045630595E+01-1.027797030E+01
-1.009174704E+01-9.897290290E+00-9.694222408E+00-9.482134114E+00-9.260584215E+00
-9.029099053E+00-8.787171641E+00-8.534260158E+00-8.269786029E+00-7.993131591E+00
-7.703636946E+00-7.400596180E+00-7.083252668E+00-6.750793764E+00-6.402343858E+00
-6.036956660E+00-5.653605663E+00-5.251172362E+00-4.828432112E+00-4.384035134E+00
-3.916480688E+00-3.424078867E+00-2.904887597E+00-2.356598004E+00-1.776294755E+00
-1.159857227E+00-5.000032545E-01 2.114432388E-01 8.545787583E-01-4.891640401E+00
-4.983541607E+00-5.094628106E+00-5.225476663E+00-5.373548708E+00-5.518922380E+00
-5.657905221E+00-5.790879406E+00-5.918277222E+00-6.040575518E+00-6.158269345E+00
-6.271851430E+00-6.381798425E+00-6.488561805E+00-6.592563417E+00-6.694193394E+00
-6.793810346E+00-6.891742430E+00-6.988289276E+00-7.083724001E+00-7.178295331E+00
-7.272229813E+00-7.365733503E+00-7.458993824E+00-7.552181217E+00-7.645450088E+00
-7.738940303E+00-7.832777863E+00-7.927075880E+00-8.021934982E+00-8.117443975E+00
-8.213680080E+00-8.310709212E+00-8.408586176E+00-8.507354745E+00-8.607047501E+00
-8.707685918E+00-8.809280080E+00-8.911828532E+00-9.015318112E+00-9.119723448E+00
-9.225006875E+00-9.331117844E+00-9.437992842E+00-9.545554725E+00-9.653712601E+00
-9.762361470E+00-9.871381795E+00-9.980639382E+00-1.008998530E+01-1.019925554E+01
-1.030827133E+01-1.041683896E+01-1.052474988E+01-1.063178082E+01-1.073769377E+01
-1.084223610E+01-1.094514024E+01-1.104612388E+01-1.114489150E+01-1.124113119E+01
-1.133451404E+01-1.142472683E+01-1.151146059E+01-1.159436715E+01-1.167293834E+01
-1.174684053E+01-1.181581190E+01-1.187965179E+01-1.193825877E+01-1.199173549E+01
-1.203823421E+01-1.207778764E+01-1.211027155E+01-1.213551869E+01-1.215335708E+01
-1.216362287E+01-1.216616329E+01-1.216083951E+01-1.214752631E+01-1.212610764E+01
-1.209647083E+01-1.205850779E+01-1.201211107E+01-1.195713970E+01-1.189542208E+01
-1.182665886E+01-1.175087201E+01-1.166838817E+01-1.157935723E+01-1.148388500E+01
-1.138201997E+01-1.127375579E+01-1.115903743E+01-1.103776557E+01-1.090980044E+01
-1.077496441E+01-1.063304435E+01-1.048379388E+01-1.032693494E+01-1.016215948E+01
-9.989131018E+00-9.807485635E+00-9.616833315E+00-9.416758710E+00-9.206822244E+00
-8.986560620E+00-8.755487614E+00-8.513094581E+00-8.258850972E+00-7.992204882E+00
-7.712583446E+00-7.419393863E+00-7.112024344E+00-6.789846115E+00-6.452216180E+00
-6.098482169E+00-5.727989541E+00-5.340093411E+00-4.934176825E+00-4.509680394E+00
-4.066150553E+00-3.603323238E+00-3.121276474E+00-2.620740794E+00-2.103821417E+00
-1.575976880E+00-1.051066182E+00-5.526420761E-01-4.979665866E+00-5.072351195E+00
-5.182227665E+00-5.310009072E+00-5.451668184E+00-5.590767017E+00-5.722393355E+00
-5.847012423E+00-5.965312288E+00-6.078001548E+00-6.185768662E+00-6.289258991E+00
-6.389063602E+00-6.485716156E+00-6.579694686E+00-6.671425372E+00-6.761287943E+00
-6.849620683E+00-6.936725585E+00-7.022872652E+00-7.108303915E+00-7.193236698E+00
-7.277866659E+00-7.362369912E+00-7.446905355E+00-7.531615966E+00-7.616630503E+00
-7.702064326E+00-7.788020544E+00-7.874590523E+00-7.961854519E+00-8.049882111E+00
-8.138732438E+00-8.228454433E+00-8.319086866E+00-8.410658379E+00-8.503187568E+00
-8.596682669E+00-8.691141554E+00-8.786551379E+00-8.882888661E+00-8.980118729E+00
-9.078195526E+00-9.177061411E+00-9.276646883E+00-9.376870308E+00-9.477637520E+00
-9.578841867E+00-9.680363929E+00-9.782071404E+00-9.883818987E+00-9.985448412E+00
-1.008678861E+01-1.018765546E+01-1.028785225E+01-1.038716953E+01-1.048538557E+01
-1.058226632E+01-1.067756610E+01-1.077102815E+01-1.086238517E+01-1.095136130E+01
-1.103767554E+01-1.112103964E+01-1.120115264E+01-1.127769977E+01-1.135039008E+01
-1.141895678E+01-1.148314969E+01-1.154271879E+01-1.159737016E+01-1.164664247E+01
-1.169024339E+01-1.172794434E+01-1.175954748E+01-1.178487516E+01-1.180376669E+01
-1.181607709E+01-1.182167765E+01-1.182045640E+01-1.181231998E+01-1.179719801E+01
-1.177505313E+01-1.174590164E+01-1.170985470E+01-1.166721328E+01-1.161810455E+01
-1.156262379E+01-1.150087272E+01-1.143291962E+01-1.135879688E+01-1.127849784E+01
-1.119197589E+01-1.109914553E+01-1.099988389E+01-1.089403256E+01-1.078139948E+01
-1.066176071E+01-1.053486256E+01-1.040042308E+01-1.025813432E+01-1.010766401E+01
-9.948657695E+00-9.780740616E+00-9.603519924E+00-9.416586929E+00-9.219519509E+00
-9.011884785E+00-8.793241957E+00-8.563145579E+00-8.321149533E+00-8.066811366E+00
-7.799697922E+00-7.519392358E+00-7.225502730E+00-6.917674131E+00-6.595604052E+00
-6.259063861E+00-5.907928859E+00-5.542220715E+00-5.162168930E+00-4.768302281E+00
-4.361586994E+00-3.943639619E+00-3.517054596E+00-3.085880115E+00-2.656170658E+00
-2.236196824E+00-1.835579378E+00-5.099790625E+00-5.193768997E+00-5.302799172E+00
-5.427174319E+00-5.565850241E+00-5.696817074E+00-5.818335896E+00-5.931649751E+00
-6.037908585E+00-6.138184371E+00-6.233431279E+00-6.324476497E+00-6.412028029E+00
-6.496688800E+00-6.578973050E+00-6.659320828E+00-6.738110957E+00-6.815671634E+00
-6.892289133E+00-6.968214782E+00-7.043670398E+00-7.118852859E+00-7.193937610E+00
-7.269081539E+00-7.344425143E+00-7.420094421E+00-7.496202330E+00-7.572849930E+00
-7.650127091E+00-7.728113516E+00-7.806878981E+00-7.886483887E+00-7.966979451E+00
-8.048407950E+00-8.130802754E+00-8.214188369E+00-8.298580359E+00-8.383985303E+00
-8.470400679E+00-8.557814707E+00-8.646205994E+00-8.735543531E+00-8.825786463E+00
-8.916883688E+00-9.008773862E+00-9.101384963E+00-9.194634291E+00-9.288428354E+00
-9.382662427E+00-9.477220873E+00-9.571976750E+00-9.666792079E+00-9.761517697E+00
-9.855993444E+00-9.950048330E+00-1.004350060E+01-1.013615820E+01-1.022781899E+01
-1.031827133E+01-1.040729465E+01-1.049466026E+01-1.058013246E+01-1.066346954E+01
-1.074442449E+01-1.082274581E+01-1.089818011E+01-1.097047804E+01-1.103939575E+01
-1.110469235E+01-1.116612401E+01-1.122343605E+01-1.127636138E+01-1.132465844E+01
-1.136811326E+01-1.140653519E+01-1.143975322E+01-1.146761371E+01-1.148997935E+01
-1.150672906E+01-1.151775864E+01-1.152298258E+01-1.152233706E+01-1.151578458E+01
-1.150331973E+01-1.148497352E+01-1.146080773E+01-1.143087067E+01-1.139519475E+01
-1.135379716E+01-1.130667313E+01-1.125379177E+01-1.119509296E+01-1.113048580E+01
-1.105984785E+01-1.098302535E+01-1.089983397E+01-1.081005982E+01-1.071346100E+01
-1.060976914E+01-1.049869139E+01-1.037991251E+01-1.025309721E+01-1.011789280E+01
-9.973931980E+00-9.820836180E+00-9.658219006E+00-9.485690051E+00-9.302859501E+00
-9.109342817E+00-8.904766576E+00-8.688774882E+00-8.461036745E+00-8.221255329E+00
-7.969178519E+00-7.704612235E+00-7.427437096E+00-7.137628992E+00-6.835286340E+00
-6.520664527E+00-6.194221923E+00-5.856679810E+00-5.509101217E+00-5.152992930E+00
-4.790431090E+00-4.424203034E+00-4.057933215E+00-3.696126319E+00-3.344033057E+00
-3.007288683E+00-5.269048301E+00-5.367799613E+00-5.476813516E+00-5.596187287E+00
-5.724501056E+00-5.842661094E+00-5.949298278E+00-6.046654542E+00-6.136629835E+00
-6.220769276E+00-6.300295304E+00-6.376169143E+00-6.449150251E+00-6.519845732E+00
-6.588747485E+00-6.656259863E+00-6.722720282E+00-6.788413953E+00-6.853585032E+00
-6.918444858E+00-6.983178055E+00-7.047947420E+00-7.112897233E+00-7.178156134E+00
-7.243839246E+00-7.310049834E+00-7.376880409E+00-7.444413787E+00-7.512724000E+00
-7.581876489E+00-7.651928817E+00-7.722930863E+00-7.794924942E+00-7.867945923E+00
-7.942021384E+00-8.017171459E+00-8.093408756E+00-8.170738356E+00-8.249157581E+00
-8.328655912E+00-8.409214712E+00-8.490807072E+00-8.573397730E+00-8.656942597E+00
-8.741388918E+00-8.826674797E+00-8.912729237E+00-8.999471863E+00-9.086812924E+00
-9.174653252E+00-9.262884105E+00-9.351387206E+00-9.440034864E+00-9.528690125E+00
-9.617206741E+00-9.705429556E+00-9.793194710E+00-9.880330028E+00-9.966655535E+00
-1.005198400E+01-1.013612151E+01-1.021886843E+01-1.030002019E+01-1.037936813E+01
-1.045670092E+01-1.053180561E+01-1.060446963E+01-1.067448150E+01-1.074163070E+01
-1.080570699E+01-1.086650050E+01-1.092380442E+01-1.097742164E+01-1.102716828E+01
-1.107287453E+01-1.111438468E+01-1.115155655E+01-1.118426117E+01-1.121238303E+01
-1.123581998E+01-1.125448414E+01-1.126830247E+01-1.127721764E+01-1.128118786E+01
-1.128018492E+01-1.127418828E+01-1.126317505E+01-1.124711337E+01-1.122595792E+01
-1.119964566E+01-1.116809240E+01-1.113119006E+01-1.108880482E+01-1.104077610E+01
-1.098691603E+01-1.092700978E+01-1.086081618E+01-1.078806879E+01-1.070847755E+01
-1.062173063E+01-1.052749679E+01-1.042542826E+01-1.031516363E+01-1.019633184E+01
-1.006855591E+01-9.931457925E+00-9.784663873E+00-9.627809780E+00-9.460548068E+00
-9.282555033E+00-9.093539120E+00-8.893250341E+00-8.681491464E+00-8.458130382E+00
-8.223115090E+00-7.976491251E+00-7.718423041E+00-7.449218404E+00-7.169359312E+00
-6.879537891E+00-6.580699406E+00-6.274091315E+00-5.961316538E+00-5.644385536E+00
-5.325756074E+00-5.008343535E+00-4.695480267E+00-4.390808018E+00-4.098104543E+00
-5.498887718E+00-5.609227129E+00-5.719778980E+00-5.830128911E+00-5.938858942E+00
-6.034743054E+00-6.117820213E+00-6.191961708E+00-6.259864493E+00-6.323323322E+00
-6.383560594E+00-6.441437578E+00-6.497583123E+00-6.552471755E+00-6.606472800E+00
-6.659881360E+00-6.712938992E+00-6.765847615E+00-6.818779130E+00-6.871882070E+00
-6.925286533E+00-6.979107682E+00-7.033448309E+00-7.088400807E+00-7.144048583E+00
-7.200467046E+00-7.257724438E+00-7.315882495E+00-7.374996693E+00-7.435116714E+00
-7.496286487E+00-7.558544349E+00-7.621923000E+00-7.686449587E+00-7.752145701E+00
-7.819026983E+00-7.887103243E+00-7.956378263E+00-8.026849641E+00-8.098508394E+00
-8.171339076E+00-8.245319349E+00-8.320419899E+00-8.396604282E+00-8.473828490E+00
-8.552041185E+00-8.631183149E+00-8.711187524E+00-8.791979409E+00-8.873475950E+00
-8.955586331E+00-9.038211699E+00-9.121245322E+00-9.204572469E+00-9.288070924E+00
-9.371610748E+00-9.455054950E+00-9.538259526E+00-9.621074050E+00-9.703342067E+00
-9.784901607E+00-9.865586012E+00-9.945224447E+00-1.002364281E+01-1.010066454E+01
-1.017611153E+01-1.024980513E+01-1.032156679E+01-1.039121863E+01-1.045858417E+01
-1.052348914E+01-1.058576316E+01-1.064524184E+01-1.070176853E+01-1.075519526E+01
-1.080538332E+01-1.085220343E+01-1.089553556E+01-1.093526896E+01-1.097130200E+01
-1.100354183E+01-1.103190422E+01-1.105631247E+01-1.107669617E+01-1.109298854E+01
-1.110512291E+01-1.111302789E+01-1.111662331E+01-1.111581602E+01-1.111049665E+01
-1.110053664E+01-1.108578601E+01-1.106607127E+01-1.104119456E+01-1.101093285E+01
-1.097503787E+01-1.093323663E+01-1.088523231E+01-1.083070583E+01-1.076931783E+01
-1.070071106E+01-1.062451375E+01-1.054034303E+01-1.044780931E+01-1.034652104E+01
-1.023609054E+01-1.011613992E+01-9.986308418E+00-9.846259906E+00-9.695691684E+00
-9.534344071E+00-9.362010891E+00-9.178551372E+00-8.983903064E+00-8.778096424E+00
-8.561271083E+00-8.333694127E+00-8.095779998E+00-7.848113182E+00-7.591472169E+00
-7.326854745E+00-7.055502969E+00-6.778924690E+00-6.498907764E+00-6.217520968E+00
-5.937094842E+00-5.660176744E+00-5.389457602E+00-5.127674597E+00-5.809365245E+00
-5.948959602E+00-6.064785946E+00-6.154624287E+00-6.222081546E+00-6.274814291E+00
-6.320100071E+00-6.361710101E+00-6.401330707E+00-6.439830484E+00-6.477723236E+00
-6.515345198E+00-6.552933592E+00-6.590666227E+00-6.628683048E+00-6.667098667E+00
-6.706010324E+00-6.745502606E+00-6.785650885E+00-6.826523441E+00-6.868182877E+00
-6.910687230E+00-6.954090595E+00-6.998443677E+00-7.043793993E+00-7.090186104E+00
-7.137661654E+00-7.186259411E+00-7.236015270E+00-7.286962009E+00-7.339129415E+00
-7.392543964E+00-7.447228625E+00-7.503202863E+00-7.560482239E+00-7.619078377E+00
-7.678998564E+00-7.740245678E+00-7.802817946E+00-7.866708590E+00-7.931905713E+00
-7.998392096E+00-8.066144967E+00-8.135135644E+00-8.205329572E+00-8.276686093E+00
-8.349158203E+00-8.422692477E+00-8.497229027E+00-8.572701269E+00-8.649036079E+00
-8.726153672E+00-8.803967647E+00-8.882385060E+00-8.961306665E+00-9.040626793E+00
-9.120233944E+00-9.200010749E+00-9.279834556E+00-9.359577595E+00-9.439107564E+00
-9.518288218E+00-9.596979692E+00-9.675039282E+00-9.752322115E+00-9.828681707E+00
-9.903970704E+00-9.978041555E+00-1.005074711E+01-1.012194134E+01-1.019148006E+01
-1.025922198E+01-1.032502959E+01-1.038877009E+01-1.045031600E+01-1.050954541E+01
-1.056634218E+01-1.062059589E+01-1.067220147E+01-1.072105863E+01-1.076707152E+01
-1.081014752E+01-1.085019608E+01-1.088712702E+01-1.092084834E+01-1.095126328E+01
-1.097826754E+01-1.100174593E+01-1.102156945E+01-1.103759229E+01-1.104964963E+01
-1.105755524E+01-1.106109991E+01-1.106005016E+01-1.105414761E+01-1.104310846E+01
-1.102662414E+01-1.100436180E+01-1.097596596E+01-1.094106034E+01-1.089925075E+01
-1.085012823E+01-1.079327330E+01-1.072826053E+01-1.065466440E+01-1.057206547E+01
-1.048005773E+01-1.037825644E+01-1.026630718E+01-1.014389534E+01-1.001075678E+01
-9.866688915E+00-9.711562833E+00-9.545336217E+00-9.368066631E+00-9.179925971E+00
-8.981215013E+00-8.772378494E+00-8.554020129E+00-8.326916909E+00-8.092031950E+00
-7.850523981E+00-7.603752395E+00-7.353274799E+00-7.100834807E+00-6.848337805E+00
-6.597812891E+00-6.351361856E+00-6.111097091E+00-6.194398037E+00-6.390631927E+00
-6.516574769E+00-6.573548486E+00-6.552243515E+00-6.537574121E+00-6.535347159E+00
-6.539645574E+00-6.548284208E+00-6.560135809E+00-6.574541386E+00-6.591085750E+00
-6.609494090E+00-6.629578592E+00-6.651208370E+00-6.674291586E+00-6.698764019E+00
-6.724581698E+00-6.751715706E+00-6.780148666E+00-6.809872030E+00-6.840884063E+00
-6.873188509E+00-6.906793090E+00-6.941708719E+00-6.977948714E+00-7.015527849E+00
-7.054462042E+00-7.094767642E+00-7.136460962E+00-7.179557919E+00-7.224073563E+00
-7.270021723E+00-7.317414573E+00-7.366262516E+00-7.416573549E+00-7.468353148E+00
-7.521603993E+00-7.576325572E+00-7.632513866E+00-7.690161309E+00-7.749256280E+00
-7.809783019E+00-7.871721393E+00-7.935046540E+00-7.999728872E+00-8.065733915E+00
-8.133021954E+00-8.201548074E+00-8.271262081E+00-8.342108422E+00-8.414025988E+00
-8.486948470E+00-8.560804084E+00-8.635515763E+00-8.711001323E+00-8.787173611E+00
-8.863940708E+00-8.941206167E+00-9.018869321E+00-9.096825685E+00-9.174967303E+00
-9.253183189E+00-9.331359834E+00-9.409381600E+00-9.487131235E+00-9.564490543E+00
-9.641340734E+00-9.717563058E+00-9.793039123E+00-9.867651792E+00-9.941285470E+00
-1.001382661E+01-1.008516433E+01-1.015519046E+01-1.022379987E+01-1.029089013E+01
-1.035636155E+01-1.042011634E+01-1.048205834E+01-1.054209184E+01-1.060012055E+01
-1.065604617E+01-1.070976677E+01-1.076117452E+01-1.081015366E+01-1.085657773E+01
-1.090030716E+01-1.094118669E+01-1.097904268E+01-1.101368110E+01-1.104488516E+01
-1.107241387E+01-1.109600049E+01-1.111535158E+01-1.113014658E+01-1.114003783E+01
-1.114465120E+01-1.114358727E+01-1.113642331E+01-1.112271600E+01-1.110200478E+01
-1.107381641E+01-1.103767014E+01-1.099308386E+01-1.093958133E+01-1.087670033E+01
-1.080400159E+01-1.072107888E+01-1.062756963E+01-1.052316635E+01-1.040762876E+01
-1.028079613E+01-1.014259993E+01-9.993076732E+00-9.832380388E+00-9.660794375E+00
-9.478742511E+00-9.286798802E+00-9.085695208E+00-8.876326405E+00-8.659751091E+00
-8.437188514E+00-8.210009136E+00-7.979718520E+00-7.747933491E+00-7.516351053E+00
-7.286710011E+00-7.060747518E+00-6.470038024E+00-6.685960651E+00-6.816212704E+00
-6.856897483E+00-6.818241527E+00-6.767730268E+00-6.730439062E+00-6.703704405E+00
-6.684936310E+00-6.672350347E+00-6.664717891E+00-6.661175507E+00-6.661102067E+00
-6.664040894E+00-6.669649885E+00-6.677669085E+00-6.687898620E+00-6.700183770E+00
-6.714404091E+00-6.730466051E+00-6.748296956E+00-6.767841058E+00-6.789055884E+00
-6.811909915E+00-6.836380496E+00-6.862452064E+00-6.890114809E+00-6.919363687E+00
-6.950197164E+00-6.982616655E+00-7.016625630E+00-7.052229012E+00-7.089432633E+00
-7.128242679E+00-7.168665255E+00-7.210705919E+00-7.254369318E+00-7.299658763E+00
-7.346575907E+00-7.395120436E+00-7.445289750E+00-7.497078648E+00-7.550479052E+00
-7.605479893E+00-7.662066670E+00-7.720221379E+00-7.779922270E+00-7.841143775E+00
-7.903856186E+00-7.968025698E+00-8.033614251E+00-8.100579532E+00-8.168874812E+00
-8.238449070E+00-8.309247107E+00-8.381209352E+00-8.454272213E+00-8.528368202E+00
-8.603425925E+00-8.679370643E+00-8.756124148E+00-8.833605317E+00-8.911730349E+00
-8.990413076E+00-9.069565442E+00-9.149097696E+00-9.228918903E+00-9.308937264E+00
-9.389060506E+00-9.469196316E+00-9.549252461E+00-9.629137416E+00-9.708760287E+00
-9.788031127E+00-9.866861010E+00-9.945161802E+00-1.002284600E+01-1.009982620E+01
-1.017601461E+01-1.025132220E+01-1.032565750E+01-1.039892563E+01-1.047102660E+01
-1.054185379E+01-1.061129173E+01-1.067921417E+01-1.074548165E+01-1.080993917E+01
-1.087241357E+01-1.093271125E+01-1.099061577E+01-1.104588567E+01-1.109825255E+01
-1.114741927E+01-1.119305878E+01-1.123481309E+01-1.127229306E+01-1.130507833E+01
-1.133271850E+01-1.135473455E+01-1.137062142E+01-1.137985151E+01-1.138187915E+01
-1.137614621E+01-1.136208889E+01-1.133914570E+01-1.130676659E+01-1.126442322E+01
-1.121162027E+01-1.114790751E+01-1.107289285E+01-1.098625542E+01-1.088775922E+01
-1.077726627E+01-1.065474942E+01-1.052030427E+01-1.037415952E+01-1.021668579E+01
-1.004840202E+01-9.869979222E+00-9.682240750E+00-9.486158981E+00-9.282847375E+00
-9.073547955E+00-8.859613847E+00-8.642486628E+00-8.423669302E+00-8.204695087E+00
-7.987093739E+00-6.686244128E+00-6.912996931E+00-7.044357993E+00-7.077207803E+00
-7.017907956E+00-6.946921394E+00-6.888080981E+00-6.839560289E+00-6.799677599E+00
-6.767025376E+00-6.740471562E+00-6.719121084E+00-6.702269328E+00-6.689360291E+00
-6.679952979E+00-6.673695476E+00-6.670305410E+00-6.669555170E+00-6.671260565E+00
-6.675272233E+00-6.681469179E+00-6.689753456E+00-6.700046109E+00-6.712283940E+00
-6.726416756E+00-6.742405315E+00-6.760219515E+00-6.779836782E+00-6.801240960E+00
-6.824421138E+00-6.849370734E+00-6.876086558E+00-6.904568413E+00-6.934818071E+00
-6.966839001E+00-7.000635653E+00-7.036213071E+00-7.073576456E+00-7.112730811E+00
-7.153680471E+00-7.196428784E+00-7.240977838E+00-7.287328185E+00-7.335478368E+00
-7.385424997E+00-7.437162164E+00-7.490681514E+00-7.545971860E+00-7.603019096E+00
-7.661805965E+00-7.722312177E+00-7.784514013E+00-7.848384367E+00-7.913892822E+00
-7.981005456E+00-8.049685076E+00-8.119891021E+00-8.191579402E+00-8.264703214E+00
-8.339212500E+00-8.415054386E+00-8.492173398E+00-8.570511737E+00-8.650009319E+00
-8.730604248E+00-8.812232934E+00-8.894830447E+00-8.978330714E+00-9.062666796E+00
-9.147771006E+00-9.233575379E+00-9.320011400E+00-9.407010397E+00-9.494503381E+00
-9.582421010E+00-9.670693193E+00-9.759248853E+00-9.848015220E+00-9.936917318E+00
-1.002587674E+01-1.011481087E+01-1.020363129E+01-1.029224243E+01-1.038053967E+01
-1.046840738E+01-1.055571688E+01-1.064232397E+01-1.072806653E+01-1.081276193E+01
-1.089620444E+01-1.097816262E+01-1.105837676E+01-1.113655651E+01-1.121237866E+01
-1.128548510E+01-1.135548152E+01-1.142193591E+01-1.148437848E+01-1.154230144E+01
-1.159516034E+01-1.164237589E+01-1.168333729E+01-1.171740643E+01-1.174392384E+01
-1.176221591E+01-1.177160372E+01-1.177141347E+01-1.176098820E+01-1.173970099E+01
-1.170696946E+01-1.166227065E+01-1.160515675E+01-1.153527084E+01-1.145236184E+01
-1.135629882E+01-1.124708362E+01-1.112486145E+01-1.098992884E+01-1.084273879E+01
-1.068390205E+01-1.051418502E+01-1.033450317E+01-1.014591068E+01-9.949585271E+00
-9.746809455E+00-9.538947831E+00-9.327421369E+00-9.113679293E+00-8.899169601E+00
-6.852001460E+00-7.085205648E+00-7.216170158E+00-7.244029111E+00-7.163568809E+00
-7.079639326E+00-7.006783310E+00-6.943045141E+00-6.887429870E+00-6.839001371E+00
-6.796915793E+00-6.760437551E+00-6.728938385E+00-6.701888062E+00-6.678841605E+00
-6.659426930E+00-6.643333293E+00-6.630301252E+00-6.620114347E+00-6.612592130E+00
-6.607584331E+00-6.604966135E+00-6.604634275E+00-6.606503768E+00-6.610505192E+00
-6.616582325E+00-6.624690291E+00-6.634793985E+00-6.646866576E+00-6.660888405E+00
-6.676845759E+00-6.694730248E+00-6.714537852E+00-6.736268098E+00-6.759923706E+00
-6.785509718E+00-6.813033226E+00-6.842502741E+00-6.873927835E+00-6.907318794E+00
-6.942685978E+00-6.980039867E+00-7.019390431E+00-7.060746927E+00-7.104117708E+00
-7.149509709E+00-7.196928563E+00-7.246378013E+00-7.297860031E+00-7.351374338E+00
-7.406918573E+00-7.464487769E+00-7.524074679E+00-7.585669255E+00-7.649258929E+00
-7.714828453E+00-7.782359743E+00-7.851832232E+00-7.923222597E+00-7.996505070E+00
-8.071651284E+00-8.148630744E+00-8.227410590E+00-8.307956034E+00-8.390230394E+00
-8.474195375E+00-8.559811026E+00-8.647036214E+00-8.735828466E+00-8.826144287E+00
-8.917939233E+00-9.011167877E+00-9.105783728E+00-9.201739271E+00-9.298985533E+00
-9.397472003E+00-9.497145926E+00-9.597951750E+00-9.699830375E+00-9.802718211E+00
-9.906545837E+00-1.001123678E+01-1.011670582E+01-1.022285725E+01-1.032958276E+01
-1.043675913E+01-1.054424588E+01-1.065188258E+01-1.075948587E+01-1.086684666E+01
-1.097372706E+01-1.107985713E+01-1.118493198E+01-1.128860851E+01-1.139050278E+01
-1.149018726E+01-1.158718869E+01-1.168098638E+01-1.177101128E+01-1.185664584E+01
-1.193722513E+01-1.201203917E+01-1.208033669E+01-1.214133102E+01-1.219420746E+01
-1.223813314E+01-1.227226866E+01-1.229578220E+01-1.230786519E+01-1.230774998E+01
-1.229472846E+01-1.226817173E+01-1.222754952E+01-1.217244908E+01-1.210259272E+01
-1.201785307E+01-1.191826571E+01-1.180403783E+01-1.167555351E+01-1.153337405E+01
-1.137823398E+01-1.121103219E+01-1.103281852E+01-1.084477585E+01-1.064819855E+01
-1.044446750E+01-1.023502290E+01-1.002133551E+01-9.804877486E+00-6.948136190E+00
-7.177858079E+00-7.307302566E+00-7.331722243E+00-7.262768484E+00-7.172501203E+00
-7.089737938E+00-7.014859836E+00-6.947303369E+00-6.886468805E+00-6.831767635E+00
-6.782646774E+00-6.738601360E+00-6.699179996E+00-6.663984750E+00-6.632668358E+00
-6.604930124E+00-6.580510998E+00-6.559188849E+00-6.540774008E+00-6.525105134E+00
-6.512045592E+00-6.501480218E+00-6.493312681E+00-6.487462921E+00-6.483865142E+00
-6.482466036E+00-6.483223171E+00-6.486103727E+00-6.491083118E+00-6.498144247E+00
-6.507276317E+00-6.518474206E+00-6.531737638E+00-6.547070712E+00-6.564480992E+00
-6.583979391E+00-6.605579305E+00-6.629296415E+00-6.655148174E+00-6.683153377E+00
-6.713331920E+00-6.745704369E+00-6.780291606E+00-6.817114591E+00-6.856194088E+00
-6.897550308E+00-6.941202794E+00-6.987169984E+00-7.035469292E+00-7.086116479E+00
-7.139126004E+00-7.194510396E+00-7.252280332E+00-7.312444637E+00-7.375009892E+00
-7.439980626E+00-7.507359244E+00-7.577145825E+00-7.649338397E+00-7.723932746E+00
-7.800922607E+00-7.880299706E+00-7.962053800E+00-8.046172832E+00-8.132643052E+00
-8.221449094E+00-8.312574017E+00-8.405999618E+00-8.501706158E+00-8.599672676E+00
-8.699876874E+00-8.802294914E+00-8.906901462E+00-9.013669255E+00-9.122568860E+00
-9.233568090E+00-9.346631366E+00-9.461718934E+00-9.578785881E+00-9.697780906E+00
-9.818644874E+00-9.941309307E+00-1.006569438E+01-1.019170676E+01-1.031923724E+01
-1.044815815E+01-1.057832021E+01-1.070954949E+01-1.084164393E+01-1.097436954E+01
-1.110745672E+01-1.124059595E+01-1.137343389E+01-1.150556923E+01-1.163654847E+01
-1.176586227E+01-1.189294194E+01-1.201715673E+01-1.213781196E+01-1.225414817E+01
-1.236534191E+01-1.247050856E+01-1.256870687E+01-1.265894676E+01-1.274019939E+01
-1.281141068E+01-1.287151782E+01-1.291946888E+01-1.295424495E+01-1.297488455E+01
-1.298050934E+01-1.297035017E+01-1.294377229E+01-1.290029899E+01-1.283963195E+01
-1.276166771E+01-1.266650968E+01-1.255447402E+01-1.242609027E+01-1.228209562E+01
-1.212342313E+01-1.195118455E+01-1.176664758E+01-1.157120920E+01-1.136636544E+01
-1.115367926E+01-1.093474740E+01-1.071116781E+01-7.026910127E+00-7.257616208E+00
-7.385300693E+00-7.406137680E+00-7.328296953E+00-7.230980483E+00-7.140611552E+00
-7.057138982E+00-6.980215509E+00-6.909448479E+00-6.844427432E+00-6.784744152E+00
-6.730006853E+00-6.679849241E+00-6.633935712E+00-6.591963131E+00-6.553661099E+00
-6.518790621E+00-6.487142054E+00-6.458532742E+00-6.432804657E+00-6.409821751E+00
-6.389468035E+00-6.371645088E+00-6.356270448E+00-6.343275757E+00-6.332605345E+00
-6.324214729E+00-6.318069632E+00-6.314144721E+00-6.312422857E+00-6.312894033E+00
-6.315554898E+00-6.320407819E+00-6.327460437E+00-6.336725006E+00-6.348217956E+00
-6.361959341E+00-6.377972524E+00-6.396283588E+00-6.416921097E+00-6.439915586E+00
-6.465299362E+00-6.493106071E+00-6.523370426E+00-6.556127766E+00-6.591413945E+00
-6.629264935E+00-6.669716628E+00-6.712804483E+00-6.758563408E+00-6.807027366E+00
-6.858229413E+00-6.912201224E+00-6.968973217E+00-7.028574114E+00-7.091031099E+00
-7.156369468E+00-7.224612780E+00-7.295782628E+00-7.369898631E+00-7.446978598E+00
-7.527038407E+00-7.610091966E+00-7.696151488E+00-7.785227336E+00-7.877328296E+00
-7.972461459E+00-8.070632381E+00-8.171845120E+00-8.276102236E+00-8.383404834E+00
-8.493752322E+00-8.607142414E+00-8.723570817E+00-8.843030911E+00-8.965513280E+00
-9.091005080E+00-9.219489369E+00-9.350944005E+00-9.485340620E+00-9.622643124E+00
-9.762806130E+00-9.905773061E+00-1.005147382E+01-1.019982233E+01-1.035071371E+01
-1.050402077E+01-1.065959072E+01-1.081724091E+01-1.097675453E+01-1.113787576E+01
-1.130030456E+01-1.146369120E+01-1.162763050E+01-1.179165564E+01-1.195523250E+01
-1.211775350E+01-1.227853215E+01-1.243679843E+01-1.259169497E+01-1.274227505E+01
-1.288750275E+01-1.302625566E+01-1.315733120E+01-1.327945684E+01-1.339130501E+01
-1.349151252E+01-1.357870520E+01-1.365152682E+01-1.370867196E+01-1.374892130E+01
-1.377117820E+01-1.377450452E+01-1.375815408E+01-1.372160165E+01-1.366456670E+01
-1.358702998E+01-1.348924241E+01-1.337172588E+01-1.323526581E+01-1.308089517E+01
-1.290987123E+01-1.272364545E+01-1.252382749E+01-1.231214572E+01-1.209040509E+01
-1.186044519E+01-1.162409989E+01-7.085506698E+00-7.319085573E+00-7.444386444E+00
-7.461598191E+00-7.362979497E+00-7.259040569E+00-7.162515510E+00-7.072131411E+00
-6.987640332E+00-6.908764272E+00-6.835201080E+00-6.766640091E+00-6.702774072E+00
-6.643307960E+00-6.587964819E+00-6.536488909E+00-6.488647656E+00-6.444231495E+00
-6.403053793E+00-6.364949466E+00-6.329773723E+00-6.297400722E+00-6.267721840E+00
-6.240644489E+00-6.216090500E+00-6.193995101E+00-6.174305498E+00-6.156980045E+00
-6.141987184E+00-6.129304574E+00-6.118918348E+00-6.110822360E+00-6.105017594E+00
-6.101511457E+00-6.100317424E+00-6.101454328E+00-6.104946084E+00-6.110821099E+00
-6.119111877E+00-6.129854745E+00-6.143089377E+00-6.158858324E+00-6.177206857E+00
-6.198182608E+00-6.221835025E+00-6.248215246E+00-6.277375753E+00-6.309369890E+00
-6.344251873E+00-6.382076189E+00-6.422897368E+00-6.466769977E+00-6.513747915E+00
-6.563884606E+00-6.617232412E+00-6.673842750E+00-6.733765578E+00-6.797049514E+00
-6.863741521E+00-6.933886950E+00-7.007529256E+00-7.084710124E+00-7.165469388E+00
-7.249844948E+00-7.337872974E+00-7.429587742E+00-7.525021758E+00-7.624205949E+00
-7.727169550E+00-7.833940258E+00-7.944544274E+00-8.059006262E+00-8.177349388E+00
-8.299595283E+00-8.425763725E+00-8.555872483E+00-8.689937002E+00-8.827969810E+00
-8.969980009E+00-9.115972209E+00-9.265945700E+00-9.419893076E+00-9.577798654E+00
-9.739636591E+00-9.905368706E+00-1.007494189E+01-1.024828503E+01-1.042530550E+01
-1.060588521E+01-1.078987599E+01-1.097709443E+01-1.116731612E+01-1.136026915E+01
-1.155562704E+01-1.175300079E+01-1.195193085E+01-1.215187788E+01-1.235221386E+01
-1.255221246E+01-1.275104032E+01-1.294774865E+01-1.314126636E+01-1.333039543E+01
-1.351380948E+01-1.369005662E+01-1.385756789E+01-1.401467204E+01-1.415961831E+01
-1.429060697E+01-1.440582779E+01-1.450350563E+01-1.458195098E+01-1.463961355E+01
-1.467513502E+01-1.468739854E+01-1.467557212E+01-1.463914305E+01-1.457794234E+01
-1.449215806E+01-1.438233671E+01-1.424937301E+01-1.409448833E+01-1.391919784E+01
-1.372526833E+01-1.351466768E+01-1.328950885E+01-1.305199123E+01-1.280434250E+01
-1.254876424E+01-7.085367855E+00-7.311668157E+00-7.434356584E+00-7.448752036E+00
-7.366002087E+00-7.259464071E+00-7.157853952E+00-7.061792385E+00-6.971092225E+00
-6.885522829E+00-6.804834839E+00-6.728773263E+00-6.657086459E+00-6.589532750E+00
-6.525884411E+00-6.465930064E+00-6.409475944E+00-6.356346134E+00-6.306382326E+00
-6.259443315E+00-6.215404323E+00-6.174155860E+00-6.135603091E+00-6.099664776E+00
-6.066272518E+00-6.035369738E+00-6.006911050E+00-5.980861506E+00-5.957195773E+00
-5.935897736E+00-5.916959712E+00-5.900381978E+00-5.886172254E+00-5.874345317E+00
-5.864922402E+00-5.857930814E+00-5.853403725E+00-5.851379432E+00-5.851901314E+00
-5.855017320E+00-5.860779574E+00-5.869244103E+00-5.880470478E+00-5.894521383E+00
-5.911462418E+00-5.931361664E+00-5.954289253E+00-5.980317167E+00-6.009518885E+00
-6.041968950E+00-6.077742655E+00-6.116915765E+00-6.159564161E+00-6.205763609E+00
-6.255589244E+00-6.309115647E+00-6.366416220E+00-6.427563260E+00-6.492627568E+00
-6.561678368E+00-6.634783190E+00-6.712007594E+00-6.793415369E+00-6.879068291E+00
-6.969026209E+00-7.063347118E+00-7.162087043E+00-7.265300396E+00-7.373039813E+00
-7.485356434E+00-7.602299982E+00-7.723918877E+00-7.850260243E+00-7.981369977E+00
-8.117292879E+00-8.258072364E+00-8.403750316E+00-8.554366921E+00-8.709960080E+00
-8.870564860E+00-9.036212583E+00-9.206929803E+00-9.382736891E+00-9.563646415E+00
-9.749660974E+00-9.940770680E+00-1.013695020E+01-1.033815501E+01-1.054431739E+01
-1.075534111E+01-1.097109602E+01-1.119141095E+01-1.141606637E+01-1.164478535E+01
-1.187722382E+01-1.211295937E+01-1.235147890E+01-1.259216544E+01-1.283428354E+01
-1.307696447E+01-1.331919116E+01-1.355978349E+01-1.379738569E+01-1.403045663E+01
-1.425726491E+01-1.447589127E+01-1.468424034E+01-1.488006428E+01-1.506099989E+01
-1.522461997E+01-1.536849840E+01-1.549028525E+01-1.558778836E+01-1.565905474E+01
-1.570244663E+01-1.571670675E+01-1.570100931E+01-1.565499539E+01-1.557879167E+01
-1.547301264E+01-1.533874667E+01-1.517752600E+01-1.499128111E+01-1.478227979E+01
-1.455305342E+01-1.430631367E+01-1.404486493E+01-1.377151837E+01-1.348901390E+01
-7.078291243E+00-7.302548774E+00-7.422276350E+00-7.433326295E+00-7.344949192E+00
-7.234202393E+00-7.128383767E+00-7.027714265E+00-6.931971911E+00-6.840915385E+00
-6.754304037E+00-6.671906909E+00-6.593507501E+00-6.518904957E+00-6.447914534E+00
-6.380366972E+00-6.316108024E+00-6.254997586E+00-6.196909186E+00-6.141729473E+00
-6.089357625E+00-6.039704953E+00-5.992694432E+00-5.948260108E+00-5.906346941E+00
-5.866910093E+00-5.829914736E+00-5.795335458E+00-5.763156065E+00-5.733369032E+00
-5.705975187E+00-5.680983434E+00-5.658410280E+00-5.638279563E+00-5.620622172E+00
-5.605475574E+00-5.592883622E+00-5.582896196E+00-5.575568925E+00-5.570962802E+00
-5.569143819E+00-5.570182815E+00-5.574154887E+00-5.581139345E+00-5.591219045E+00
-5.604480271E+00-5.621012224E+00-5.640906703E+00-5.664257676E+00-5.691160922E+00
-5.721713679E+00-5.756014129E+00-5.794161164E+00-5.836253795E+00-5.882391032E+00
-5.932671373E+00-5.987192489E+00-6.046050985E+00-6.109342013E+00-6.177159223E+00
-6.249594337E+00-6.326737146E+00-6.408675392E+00-6.495494649E+00-6.587278327E+00
-6.684107784E+00-6.786062292E+00-6.893219191E+00-7.005654247E+00-7.123441490E+00
-7.246653769E+00-7.375362869E+00-7.509639671E+00-7.649554541E+00-7.795177334E+00
-7.946577707E+00-8.103825200E+00-8.266988960E+00-8.436137973E+00-8.611340480E+00
-8.792663577E+00-8.980172391E+00-9.173929331E+00-9.373992313E+00-9.580413384E+00
-9.793236237E+00-1.001249357E+01-1.023820356E+01-1.047036564E+01-1.070895546E+01
-1.095391878E+01-1.120516407E+01-1.146255403E+01-1.172589519E+01-1.199492608E+01
-1.226930348E+01-1.254858631E+01-1.283221761E+01-1.311950400E+01-1.340959318E+01
-1.370144942E+01-1.399382765E+01-1.428524773E+01-1.457397004E+01-1.485797527E+01
-1.513495199E+01-1.540229690E+01-1.565713229E+01-1.589634675E+01-1.611666275E+01
-1.631473091E+01-1.648724765E+01-1.663108652E+01-1.674343037E+01-1.682189218E+01
-1.686461449E+01-1.687034247E+01-1.683847090E+01-1.676906712E+01-1.666287239E+01
-1.652128388E+01-1.634631572E+01-1.614053792E+01-1.590699065E+01-1.564907432E+01
-1.537042006E+01-1.507475014E+01-1.476574114E+01-1.444690376E+01-7.061482668E+00
-7.288262617E+00-7.403754185E+00-7.410992492E+00-7.299660063E+00-7.184315966E+00
-7.075334489E+00-6.971220667E+00-6.871620499E+00-6.776228719E+00-6.684785254E+00
-6.597071988E+00-6.512904889E+00-6.432126005E+00-6.354597005E+00-6.280194491E+00
-6.208807160E+00-6.140333913E+00-6.074683069E+00-6.011771732E+00-5.951525713E+00
-5.893879372E+00-5.838775740E+00-5.786166511E+00-5.736012011E+00-5.688281194E+00
-5.642951759E+00-5.600009838E+00-5.559449955E+00-5.521275065E+00-5.485496159E+00
-5.452132307E+00-5.421210301E+00-5.392764654E+00-5.366837130E+00-5.343476898E+00
-5.322739866E+00-5.304688758E+00-5.289392799E+00-5.276927358E+00-5.267373677E+00
-5.260818631E+00-5.257354337E+00-5.257077951E+00-5.260091046E+00-5.266499487E+00
-5.276412961E+00-5.289944466E+00-5.307209954E+00-5.328327858E+00-5.353418661E+00
-5.382604422E+00-5.416008264E+00-5.453753940E+00-5.495965399E+00-5.542766237E+00
-5.594279379E+00-5.650626649E+00-5.711928449E+00-5.778303332E+00-5.849867802E+00
-5.926736156E+00-6.009020209E+00-6.096829293E+00-6.190270220E+00-6.289447280E+00
-6.394462516E+00-6.505415610E+00-6.622404506E+00-6.745525418E+00-6.874873417E+00
-7.010542745E+00-7.152627172E+00-7.301220784E+00-7.456417982E+00-7.618314465E+00
-7.787007157E+00-7.962594988E+00-8.145178781E+00-8.334861802E+00-8.531749285E+00
-8.735948673E+00-8.947568708E+00-9.166718958E+00-9.393508481E+00-9.628044087E+00
-9.870428295E+00-1.012075625E+01-1.037911212E+01-1.064556424E+01-1.092015921E+01
-1.120291469E+01-1.149381041E+01-1.179277698E+01-1.209968301E+01-1.241431873E+01
-1.273637723E+01-1.306543149E+01-1.340090774E+01-1.374205433E+01-1.408790566E+01
-1.443724146E+01-1.478854214E+01-1.513994048E+01-1.548917400E+01-1.583354092E+01
-1.616986931E+01-1.649450841E+01-1.680335784E+01-1.709194713E+01-1.735557493E+01
-1.758950430E+01-1.778919307E+01-1.795052732E+01-1.807002319E+01-1.814497607E+01
-1.817355335E+01-1.815484030E+01-1.808885464E+01-1.797654125E+01-1.781975209E+01
-1.762120763E+01-1.738442997E+01-1.711363388E+01-1.681356575E+01-1.648929199E+01
-1.614595571E+01-1.578853575E+01-1.542164484E+01-6.984525311E+00-7.199835004E+00
-7.312163130E+00-7.317212889E+00-7.225148767E+00-7.110130226E+00-6.999667890E+00
-6.893669367E+00-6.791588309E+00-6.693040809E+00-6.597772704E+00-6.505614497E+00
-6.416447361E+00-6.330180835E+00-6.246739824E+00-6.166057626E+00-6.088072422E+00
-6.012726021E+00-5.939963499E+00-5.869733638E+00-5.801989514E+00-5.736688968E+00
-5.673795637E+00-5.613279220E+00-5.555116041E+00-5.499289590E+00-5.445790727E+00
-5.394617875E+00-5.345777340E+00-5.299283382E+00-5.255158106E+00-5.213431769E+00
-5.174142511E+00-5.137336468E+00-5.103067498E+00-5.071397300E+00-5.042395179E+00
-5.016137804E+00-4.992709057E+00-4.972199950E+00-4.954708232E+00-4.940338154E+00
-4.929200152E+00-4.921410571E+00-4.917091313E+00-4.916369283E+00-4.919376113E+00
-4.926247692E+00-4.937123532E+00-4.952146455E+00-4.971461845E+00-4.995217290E+00
-5.023561878E+00-5.056645562E+00-5.094618807E+00-5.137631883E+00-5.185834230E+00
-5.239374147E+00-5.298398239E+00-5.363050943E+00-5.433474215E+00-5.509807212E+00
-5.592186138E+00-5.680744083E+00-5.775610908E+00-5.876913477E+00-5.984775661E+00
-6.099318654E+00-6.220661322E+00-6.348920720E+00-6.484212564E+00-6.626651900E+00
-6.776353891E+00-6.933434371E+00-7.098010907E+00-7.270203471E+00-7.450135382E+00
-7.637934095E+00-7.833732112E+00-8.037667446E+00-8.249884536E+00-8.470534479E+00
-8.699775460E+00-8.937772564E+00-9.184697611E+00-9.440728251E+00-9.706046863E+00
-9.980838427E+00-1.026528792E+01-1.055957659E+01-1.086387702E+01-1.117834668E+01
-1.150311966E+01-1.183829621E+01-1.218392930E+01-1.254000816E+01-1.290643751E+01
-1.328301180E+01-1.366938385E+01-1.406502579E+01-1.446918225E+01-1.488081322E+01
-1.529852613E+01-1.572049573E+01-1.614437218E+01-1.656718063E+01-1.698521925E+01
-1.739397392E+01-1.778807886E+01-1.816136855E+01-1.850706843E+01-1.881814463E+01
-1.908777064E+01-1.930980188E+01-1.947914230E+01-1.959194711E+01-1.964568403E+01
-1.963911401E+01-1.957224896E+01-1.944632141E+01-1.926377599E+01-1.902827230E+01
-1.874466796E+01-1.841893360E+01-1.805794430E+01-1.766911618E+01-1.725992012E+01
-1.683738195E+01-1.640769810E+01-6.898103710E+00-7.105572958E+00-7.212905262E+00
-7.216343396E+00-7.124982511E+00-7.011871011E+00-6.902906830E+00-6.797251829E+00
-6.694235393E+00-6.593600562E+00-6.495279136E+00-6.399273871E+00-6.305606359E+00
-6.214296259E+00-6.125354329E+00-6.038781199E+00-5.954568751E+00-5.872702015E+00
-5.793161803E+00-5.715926564E+00-5.640974470E+00-5.568285113E+00-5.497840841E+00
-5.429628102E+00-5.363638267E+00-5.299868539E+00-5.238322503E+00-5.179010837E+00
-5.121951466E+00-5.067170158E+00-5.014700520E+00-4.964584317E+00-4.916871623E+00
-4.871620751E+00-4.828898441E+00-4.788779672E+00-4.751347850E+00-4.716694541E+00
-4.684919463E+00-4.656130176E+00-4.630442081E+00-4.607978102E+00-4.588868377E+00
-4.573249895E+00-4.561266267E+00-4.553067171E+00-4.548807997E+00-4.548649218E+00
-4.552755878E+00-4.561297117E+00-4.574445228E+00-4.592375341E+00-4.615264515E+00
-4.643290994E+00-4.676633688E+00-4.715471313E+00-4.759981638E+00-4.810341053E+00
-4.866723743E+00-4.929301171E+00-4.998241693E+00-5.073710035E+00-5.155867064E+00
-5.244869630E+00-5.340870442E+00-5.444018077E+00-5.554457286E+00-5.672329395E+00
-5.797772536E+00-5.930922520E+00-6.071913462E+00-6.220878727E+00-6.377951879E+00
-6.543267860E+00-6.716964253E+00-6.899182421E+00-7.090069049E+00-7.289777517E+00
-7.498469283E+00-7.716315261E+00-7.943497318E+00-8.180209614E+00-8.426659584E+00
-8.683069245E+00-8.949675778E+00-9.226732167E+00-9.514507193E+00-9.813285161E+00
-1.012336472E+01-1.044505692E+01-1.077868231E+01-1.112456658E+01-1.148303413E+01
-1.185440012E+01-1.223895883E+01-1.263696909E+01-1.304863485E+01-1.347407990E+01
-1.391331558E+01-1.436619899E+01-1.483237972E+01-1.531123132E+01-1.580176411E+01
-1.630251364E+01-1.681139781E+01-1.732553621E+01-1.784102507E+01-1.835267139E+01
-1.885371803E+01-1.933565802E+01-1.978834073E+01-2.020061458E+01-2.056151140E+01
-2.086150145E+01-2.109323266E+01-2.125163018E+01-2.133364056E+01-2.133792113E+01
-2.126462183E+01-2.111530036E+01-2.089296610E+01-2.060223215E+01-2.024953017E+01
-1.984328499E+01-1.939383908E+01-1.891285071E+01-1.841209377E+01-1.790209386E+01
-1.739126526E+01-6.795862100E+00-6.992799975E+00-7.091271080E+00-7.097294866E+00
-6.996254144E+00-6.892583564E+00-6.789974359E+00-6.686750290E+00-6.583599740E+00
-6.481162237E+00-6.379896782E+00-6.280119396E+00-6.182045593E+00-6.085820678E+00
-5.991540784E+00-5.899267452E+00-5.809037680E+00-5.720871363E+00-5.634777130E+00
-5.550756360E+00-5.468806609E+00-5.388924333E+00-5.311106813E+00-5.235354048E+00
-5.161669939E+00-5.090063469E+00-5.020549689E+00-4.953150229E+00-4.887894047E+00
-4.824817824E+00-4.763966397E+00-4.705393071E+00-4.649159784E+00-4.595337295E+00
-4.544005508E+00-4.495253226E+00-4.449178476E+00-4.405888424E+00-4.365499297E+00
-4.328136306E+00-4.293933488E+00-4.263033624E+00-4.235587772E+00-4.211755183E+00
-4.191702791E+00-4.175604821E+00-4.163642272E+00-4.156002329E+00-4.152877774E+00
-4.154466311E+00-4.160969626E+00-4.172592790E+00-4.189543359E+00-4.212030426E+00
-4.240263750E+00-4.274452897E+00-4.314806250E+00-4.361530338E+00-4.414828738E+00
-4.474901716E+00-4.541945125E+00-4.616150210E+00-4.697703131E+00-4.786784456E+00
-4.883569313E+00-4.988227317E+00-5.100922762E+00-5.221815175E+00-5.351059672E+00
-5.488808097E+00-5.635209694E+00-5.790412486E+00-5.954564535E+00-6.127815559E+00
-6.310318505E+00-6.502231483E+00-6.703719574E+00-6.914957081E+00-7.136129575E+00
-7.367436101E+00-7.609091659E+00-7.861329178E+00-8.124402153E+00-8.398586693E+00
-8.684183888E+00-8.981521775E+00-9.290957232E+00-9.612877633E+00-9.947701988E+00
-1.029588173E+01-1.065790046E+01-1.103427310E+01-1.142554334E+01-1.183227947E+01
-1.225506779E+01-1.269450279E+01-1.315117329E+01-1.362564287E+01-1.411842316E+01
-1.462993742E+01-1.516047193E+01-1.571010994E+01-1.627864331E+01-1.686545220E+01
-1.746933975E+01-1.808829848E+01-1.871917190E+01-1.935714600E+01-1.999497144E+01
-2.062181944E+01-2.122201875E+01-2.177530513E+01-2.226104123E+01-2.266365958E+01
-2.297383181E+01-2.318664213E+01-2.329982313E+01-2.331276034E+01-2.322605506E+01
-2.304143437E+01-2.276191380E+01-2.239220998E+01-2.193947100E+01-2.141442150E+01
-2.083275672E+01-2.021532959E+01-1.958429374E+01-1.895697193E+01-1.834383021E+01
-6.655437719E+00-6.821413716E+00-6.911173338E+00-6.920088121E+00-6.862710877E+00
-6.773965549E+00-6.674351119E+00-6.570485630E+00-6.465045907E+00-6.359375894E+00
-6.254241475E+00-6.150113273E+00-6.047293598E+00-5.945981218E+00-5.846307807E+00
-5.748359963E+00-5.652193792E+00-5.557844516E+00-5.465333568E+00-5.374673674E+00
-5.285872754E+00-5.198936875E+00-5.113872616E+00-5.030689079E+00-4.949399148E+00
-4.870020827E+00-4.792578269E+00-4.717102520E+00-4.643632152E+00-4.572213932E+00
-4.502903097E+00-4.435763948E+00-4.370870081E+00-4.308304590E+00-4.248160418E+00
-4.190540396E+00-4.135557522E+00-4.083334917E+00-4.034005950E+00-3.987714189E+00
-3.944613332E+00-3.904866936E+00-3.868648489E+00-3.836140877E+00-3.807536112E+00
-3.783034871E+00-3.762845942E+00-3.747185602E+00-3.736276884E+00-3.730348755E+00
-3.729635231E+00-3.734374398E+00-3.744807351E+00-3.761177125E+00-3.783727549E+00
-3.812702079E+00-3.848342686E+00-3.890888695E+00-3.940575739E+00-3.997634755E+00
-4.062291123E+00-4.134763864E+00-4.215265062E+00-4.303999437E+00-4.401164142E+00
-4.506948806E+00-4.621535611E+00-4.745099922E+00-4.877811077E+00-5.019833096E+00
-5.171326176E+00-5.332448228E+00-5.503356299E+00-5.684208930E+00-5.875168091E+00
-6.076401703E+00-6.288086155E+00-6.510409264E+00-6.743572990E+00-6.987796826E+00
-7.243320791E+00-7.510409059E+00-7.789353341E+00-8.080476631E+00-8.384136990E+00
-8.700731246E+00-9.030699174E+00-9.374527394E+00-9.732753271E+00-1.010596905E+01
-1.049482538E+01-1.090003499E+01-1.132237526E+01-1.176269052E+01-1.222189242E+01
-1.270095886E+01-1.320092978E+01-1.372289938E+01-1.426800262E+01-1.483739453E+01
-1.543221982E+01-1.605356907E+01-1.670241723E+01-1.737953844E+01-1.808538747E+01
-1.881993127E+01-1.958240013E+01-2.037088883E+01-2.118163127E+01-2.200738328E+01
-2.283229641E+01-2.360973611E+01-2.427342100E+01-2.480628042E+01-2.520796068E+01
-2.547997909E+01-2.562394180E+01-2.564130531E+01-2.553337638E+01-2.530145783E+01
-2.494717782E+01-2.447298727E+01-2.388288429E+01-2.318387721E+01-2.239044738E+01
-2.154464774E+01-2.072087148E+01-1.994341098E+01-1.921209690E+01-6.628623555E+00
-6.809469251E+00-6.895863313E+00-6.884205674E+00-6.788999307E+00-6.676699352E+00
-6.564871950E+00-6.453054950E+00-6.341364265E+00-6.230149324E+00-6.119740216E+00
-6.010395596E+00-5.902305566E+00-5.795605264E+00-5.690388382E+00-5.586718196E+00
-5.484636192E+00-5.384168887E+00-5.285332630E+00-5.188138139E+00-5.092593215E+00
-4.998705618E+00-4.906484925E+00-4.815944332E+00-4.727101727E+00-4.639981105E+00
-4.554613236E+00-4.471036495E+00-4.389297609E+00-4.309452014E+00-4.231564481E+00
-4.155709475E+00-4.081971626E+00-4.010445885E+00-3.941238040E+00-3.874464748E+00
-3.810253969E+00-3.748745015E+00-3.690088719E+00-3.634447523E+00-3.581995450E+00
-3.532918070E+00-3.487412336E+00-3.445686338E+00-3.407958963E+00-3.374459425E+00
-3.345426702E+00-3.321108825E+00-3.301762066E+00-3.287649970E+00-3.279042311E+00
-3.276213885E+00-3.279443246E+00-3.289011323E+00-3.305200002E+00-3.328290625E+00
-3.358562528E+00-3.396291554E+00-3.441748626E+00-3.495198437E+00-3.556898205E+00
-3.627096649E+00-3.706033107E+00-3.793936931E+00-3.891027069E+00-3.997512027E+00
-4.113589974E+00-4.239449486E+00-4.375270028E+00-4.521223617E+00-4.677475847E+00
-4.844188176E+00-5.021519738E+00-5.209630099E+00-5.408681743E+00-5.618843375E+00
-5.840293082E+00-6.073221831E+00-6.317837453E+00-6.574368542E+00-6.843068750E+00
-7.124221437E+00-7.418144199E+00-7.725194309E+00-8.045773718E+00-8.380335044E+00
-8.729387639E+00-9.093504015E+00-9.473327009E+00-9.869577193E+00-1.028306119E+01
-1.071468001E+01-1.116543859E+01-1.163645525E+01-1.212897176E+01-1.264436346E+01
-1.318414871E+01-1.374999781E+01-1.434373939E+01-1.496736405E+01-1.562302340E+01
-1.631302291E+01-1.703980778E+01-1.780594191E+01-1.861408405E+01-1.946697117E+01
-2.036743706E+01-2.131853033E+01-2.232390414E+01-2.338899070E+01-2.452331332E+01
-2.558639544E+01-2.643649424E+01-2.709681172E+01-2.756944261E+01-2.788202843E+01
-2.804853856E+01-2.807105360E+01-2.794064726E+01-2.764184707E+01-2.719240105E+01
-2.659855577E+01-2.585608587E+01-2.494870490E+01-2.385079524E+01-2.268614023E+01
-2.166657316E+01-2.075078136E+01-1.991517183E+01-6.579813790E+00-6.765090520E+00
-6.848472038E+00-6.826266479E+00-6.700605814E+00-6.573821759E+00-6.450657547E+00
-6.329673215E+00-6.210365793E+00-6.092515866E+00-5.976051768E+00-5.860967509E+00
-5.747279873E+00-5.635008758E+00-5.524169647E+00-5.414771562E+00-5.306817735E+00
-5.200307574E+00-5.095238360E+00-4.991607494E+00-4.889414069E+00-4.788660528E+00
-4.689354003E+00-4.591507258E+00-4.495139914E+00-4.400278881E+00-4.306959304E+00
-4.215225151E+00-4.125129493E+00-4.036735291E+00-3.950115630E+00-3.865354273E+00
-3.782545958E+00-3.701796876E+00-3.623224986E+00-3.546960406E+00-3.473145724E+00
-3.401936292E+00-3.333500483E+00-3.268019875E+00-3.205689389E+00-3.146717308E+00
-3.091325245E+00-3.039747945E+00-2.992233004E+00-2.949040421E+00-2.910442005E+00
-2.876720601E+00-2.848169195E+00-2.825089789E+00-2.807792144E+00-2.796592344E+00
-2.791811217E+00-2.793772624E+00-2.802801641E+00-2.819222642E+00-2.843357388E+00
-2.875523066E+00-2.916030402E+00-2.965181861E+00-3.023269981E+00-3.090575899E+00
-3.167368149E+00-3.253901680E+00-3.350417267E+00-3.457141244E+00-3.574285641E+00
-3.702048723E+00-3.840615970E+00-3.990161432E+00-4.150849620E+00-4.322837663E+00
-4.506277995E+00-4.701321359E+00-4.908120189E+00-5.126832359E+00-5.357625237E+00
-5.600679940E+00-5.856196184E+00-6.124397125E+00-6.405534604E+00-6.699894855E+00
-7.007804420E+00-7.329636606E+00-7.665818146E+00-8.016836960E+00-8.383250034E+00
-8.765692446E+00-9.164887249E+00-9.581656468E+00-1.001693363E+01-1.047177747E+01
-1.094738789E+01-1.144512393E+01-1.196652373E+01-1.251332760E+01-1.308750356E+01
-1.369127551E+01-1.432715436E+01-1.499797063E+01-1.570690903E+01-1.645754252E+01
-1.725386655E+01-1.810033376E+01-1.900189535E+01-1.996406460E+01-2.099303599E+01
-2.209592129E+01-2.328119731E+01-2.455952156E+01-2.588820664E+01-2.700369292E+01
-2.791517949E+01-2.863645229E+01-2.915939764E+01-2.948750258E+01-2.964794062E+01
-2.964641808E+01-2.948164620E+01-2.913041723E+01-2.858522317E+01-2.786268022E+01
-2.695812004E+01-2.585916003E+01-2.454589092E+01-2.333520761E+01-2.224913482E+01
-2.126852854E+01-2.037637738E+01-6.476225790E+00-6.658822625E+00-6.738013090E+00
-6.710409168E+00-6.588573773E+00-6.454246107E+00-6.323116161E+00-6.194664415E+00
-6.068491127E+00-5.944303875E+00-5.821898689E+00-5.701133890E+00-5.581908457E+00
-5.464146509E+00-5.347787803E+00-5.232782658E+00-5.119088955E+00-5.006671432E+00
-4.895501249E+00-4.785556303E+00-4.676821741E+00-4.569290391E+00-4.462963279E+00
-4.357849978E+00-4.253969163E+00-4.151348887E+00-4.050026934E+00-3.950051291E+00
-3.851480239E+00-3.754382961E+00-3.658839806E+00-3.564942703E+00-3.472795595E+00
-3.382514895E+00-3.294229919E+00-3.208083384E+00-3.124231849E+00-3.042846173E+00
-2.964111916E+00-2.888229697E+00-2.815415499E+00-2.745900848E+00-2.679932908E+00
-2.617774423E+00-2.559703520E+00-2.506013319E+00-2.457011337E+00-2.413018714E+00
-2.374369173E+00-2.341407772E+00-2.314489397E+00-2.293977047E+00-2.280239890E+00
-2.273651107E+00-2.274585570E+00-2.283417421E+00-2.300517511E+00-2.326250844E+00
-2.360974044E+00-2.405032917E+00-2.458760154E+00-2.522473285E+00-2.596472950E+00
-2.681041472E+00-2.776441908E+00-2.882917539E+00-3.000691855E+00-3.129969089E+00
-3.270935291E+00-3.423759942E+00-3.588598129E+00-3.765593218E+00-3.954880060E+00
-4.156588590E+00-4.370848017E+00-4.597791197E+00-4.837559611E+00-5.090308375E+00
-5.356212066E+00-5.635470280E+00-5.928314016E+00-6.235012212E+00-6.555878645E+00
-6.891279568E+00-7.241641557E+00-7.607460570E+00-7.989311363E+00-8.387858522E+00
-8.803868479E+00-9.238223305E+00-9.691936623E+00-1.016617197E+01-1.066226439E+01
-1.118174529E+01-1.172637247E+01-1.229816482E+01-1.289944395E+01-1.353288272E+01
-1.420156205E+01-1.490903642E+01-1.565940724E+01-1.645740277E+01-1.730845968E+01
-1.821879950E+01-1.919549127E+01-2.024649162E+01-2.138066275E+01-2.260777967E+01
-2.393854495E+01-2.537932444E+01-2.671339855E+01-2.782614985E+01-2.872284895E+01
-2.942774176E+01-2.995082765E+01-3.029363255E+01-3.044449584E+01-3.039968840E+01
-3.017298973E+01-2.976284581E+01-2.915924194E+01-2.833897973E+01-2.728867966E+01
-2.601487025E+01-2.470683004E+01-2.352063824E+01-2.244270784E+01-2.146032017E+01
-2.056147764E+01-6.355138902E+00-6.533489288E+00-6.608760083E+00-6.576996903E+00
-6.456096531E+00-6.316625375E+00-6.179616316E+00-6.045329586E+00-5.913485134E+00
-5.783821311E+00-5.656109996E+00-5.530156516E+00-5.405796065E+00-5.282889090E+00
-5.161317277E+00-5.040980589E+00-4.921794989E+00-4.803691056E+00-4.686613038E+00
-4.570518189E+00-4.455376250E+00-4.341169096E+00-4.227890503E+00-4.115545909E+00
-4.004152214E+00-3.893737755E+00-3.784342216E+00-3.676016736E+00-3.568824011E+00
-3.462838525E+00-3.358146831E+00-3.254847967E+00-3.153053869E+00-3.052889941E+00
-2.954495598E+00-2.858024902E+00-2.763647196E+00-2.671547765E+00-2.581928463E+00
-2.495008308E+00-2.411024006E+00-2.330230375E+00-2.252900652E+00-2.179326644E+00
-2.109818680E+00-2.044705332E+00-1.984332924E+00-1.929064716E+00-1.879279817E+00
-1.835371772E+00-1.797746820E+00-1.766821815E+00-1.743021860E+00-1.726777593E+00
-1.718522262E+00-1.718688555E+00-1.727705275E+00-1.745993941E+00-1.773965371E+00
-1.812016382E+00-1.860526623E+00-1.919855731E+00-1.990340840E+00-2.072294534E+00
-2.166003380E+00-2.271727026E+00-2.389697995E+00-2.520122136E+00-2.663179823E+00
-2.819027829E+00-2.987801927E+00-3.169620110E+00-3.364586476E+00-3.572795614E+00
-3.794337550E+00-4.029303101E+00-4.277789617E+00-4.539907201E+00-4.815784844E+00
-5.105577543E+00-5.409473037E+00-5.727699169E+00-6.060531854E+00-6.408303069E+00
-6.771409722E+00-7.150323421E+00-7.545600641E+00-7.957894858E+00-8.387969628E+00
-8.836714073E+00-9.305160415E+00-9.794505168E+00-1.030613388E+01-1.084165078E+01
-1.140291515E+01-1.199208484E+01-1.261167022E+01-1.326459983E+01-1.395430117E+01
-1.468479946E+01-1.546083631E+01-1.628800913E+01-1.717292561E+01-1.812335827E+01
-1.914836416E+01-2.025831391E+01-2.146476188E+01-2.278012100E+01-2.421761243E+01
-2.567058397E+01-2.693187275E+01-2.800237457E+01-2.885852821E+01-2.952061431E+01
-3.000839184E+01-3.032407464E+01-3.046214015E+01-3.038865627E+01-3.011529584E+01
-2.965036994E+01-2.898461588E+01-2.810078272E+01-2.695376087E+01-2.563001822E+01
-2.441463837E+01-2.330122834E+01-2.227973407E+01-2.134056714E+01-2.047480239E+01
-6.233997170E+00-6.411066491E+00-6.482891114E+00-6.446244953E+00-6.306096367E+00
-6.161108020E+00-6.019531133E+00-5.880681342E+00-5.744309526E+00-5.610165697E+00
-5.478006446E+00-5.347603100E+00-5.218746685E+00-5.091250056E+00-4.964948720E+00
-4.839700565E+00-4.715385462E+00-4.591903929E+00-4.469176260E+00-4.347141309E+00
-4.225755302E+00-4.104990818E+00-3.984835800E+00-3.865292499E+00-3.746377032E+00
-3.628118559E+00-3.510558965E+00-3.393752589E+00-3.277766147E+00-3.162678799E+00
-3.048582393E+00-2.935581840E+00-2.823795654E+00-2.713356583E+00-2.604412350E+00
-2.497126493E+00-2.391679264E+00-2.288268553E+00-2.187110823E+00-2.088442049E+00
-1.992518549E+00-1.899617774E+00-1.810038931E+00-1.724103426E+00-1.642155094E+00
-1.564560152E+00-1.491706846E+00-1.424004729E+00-1.361883543E+00-1.305791687E+00
-1.256194222E+00-1.213570410E+00-1.178410813E+00-1.151213940E+00-1.132482491E+00
-1.122719265E+00-1.122422813E+00-1.132082880E+00-1.152175829E+00-1.183160094E+00
-1.225471863E+00-1.279521051E+00-1.345687796E+00-1.424319486E+00-1.515728552E+00
-1.620191041E+00-1.737946051E+00-1.869196122E+00-2.014108539E+00-2.172817570E+00
-2.345427616E+00-2.532017175E+00-2.732643574E+00-2.947348382E+00-3.176163368E+00
-3.419116957E+00-3.676241059E+00-3.947578202E+00-4.233188871E+00-4.533159178E+00
-4.847608422E+00-5.176697314E+00-5.520635970E+00-5.879692540E+00-6.254202273E+00
-6.644576969E+00-7.051315738E+00-7.475016384E+00-7.916388684E+00-8.376269241E+00
-8.855639214E+00-9.355644844E+00-9.877622277E+00-1.042312786E+01-1.099397499E+01
-1.159227994E+01-1.222051975E+01-1.288160544E+01-1.357897583E+01-1.431671999E+01
-1.509973657E+01-1.593394365E+01-1.682655153E+01-1.778640471E+01-1.882436766E+01
-1.995363689E+01-2.118968952E+01-2.254946717E+01-2.402845846E+01-2.535437784E+01
-2.649078002E+01-2.745503239E+01-2.825180399E+01-2.887799445E+01-2.932124180E+01
-2.958623892E+01-2.968061026E+01-2.959880227E+01-2.932630787E+01-2.883802749E+01
-2.812567605E+01-2.718281190E+01-2.600075189E+01-2.482427097E+01-2.373959815E+01
-2.273683398E+01-2.180774609E+01-2.094516034E+01-2.014269441E+01-6.072289252E+00
-6.244784086E+00-6.312655982E+00-6.272581104E+00-6.135885347E+00-5.987678754E+00
-5.842610466E+00-5.700318050E+00-5.560535522E+00-5.422980587E+00-5.287367994E+00
-5.153421515E+00-5.020882613E+00-4.889516350E+00-4.759114619E+00-4.629497563E+00
-4.500513653E+00-4.372038701E+00-4.243974251E+00-4.116245875E+00-3.988801135E+00
-3.861607572E+00-3.734651098E+00-3.607934247E+00-3.481474865E+00-3.355305032E+00
-3.229470219E+00-3.104028752E+00-2.979051525E+00-2.854621976E+00-2.730836288E+00
-2.607803843E+00-2.485647857E+00-2.364506192E+00-2.244532368E+00-2.125896678E+00
-2.008787414E+00-1.893412199E+00-1.779999334E+00-1.668799156E+00-1.560085385E+00
-1.454156351E+00-1.351336104E+00-1.251975322E+00-1.156451960E+00-1.065171580E+00
-9.785673044E-01-8.970992806E-01-8.212536793E-01-7.515410751E-01-6.884942518E-01
-6.326653344E-01-5.846222902E-01-5.449447565E-01-5.142192816E-01-4.930340405E-01
-4.819730715E-01-4.816102244E-01-4.925029390E-01-5.151860321E-01-5.501656735E-01
-5.979137909E-01-6.588630311E-01-7.334025364E-01-8.218746504E-01-9.245727162E-01
-1.041740063E+00-1.173570233E+00-1.320208497E+00-1.481754595E+00-1.658266657E+00
-1.849766211E+00-2.056244138E+00-2.277667420E+00-2.513986519E+00-2.765143247E+00
-3.031078962E+00-3.311742948E+00-3.607100882E+00-3.917143296E+00-4.241894050E+00
-4.581418614E+00-4.935832656E+00-5.305310281E+00-5.690092652E+00-6.090497168E+00
-6.506926649E+00-6.939879808E+00-7.389962566E+00-7.857900894E+00-8.344555744E+00
-8.850940305E+00-9.378241046E+00-9.927842613E+00-1.050135907E+01-1.110067233E+01
-1.172798118E+01-1.238586430E+01-1.307736370E+01-1.380609690E+01-1.457641393E+01
-1.539362415E+01-1.626434048E+01-1.719702785E+01-1.820292193E+01-1.929757607E+01
-2.050297701E+01-2.184998639E+01-2.318267073E+01-2.435404012E+01-2.534062775E+01
-2.618044599E+01-2.688165560E+01-2.744448168E+01-2.785440662E+01-2.807767811E+01
-2.814512067E+01-2.805615691E+01-2.780109967E+01-2.735076582E+01-2.665283777E+01
-2.571344363E+01-2.465739899E+01-2.367522167E+01-2.275665380E+01-2.189468382E+01
-2.108447350E+01-2.032216484E+01-1.960436630E+01-5.889404842E+00-6.056272286E+00
-6.120323522E+00-6.077543453E+00-5.946042602E+00-5.795934641E+00-5.648474781E+00
-5.503938107E+00-5.361983027E+00-5.222240963E+00-5.084343412E+00-4.947937318E+00
-4.812696733E+00-4.678329707E+00-4.544582233E+00-4.411238996E+00-4.278122620E+00
-4.145091463E+00-4.012036510E+00-3.878878375E+00-3.745563938E+00-3.612063206E+00
-3.478366546E+00-3.344482243E+00-3.210434477E+00-3.076261689E+00-2.942015390E+00
-2.807759344E+00-2.673569157E+00-2.539532198E+00-2.405747847E+00-2.272328073E+00
-2.139398272E+00-2.007098357E+00-1.875584091E+00-1.745028597E+00-1.615624045E+00
-1.487583466E+00-1.361142684E+00-1.236562256E+00-1.114129435E+00-9.941600979E-01
-8.770004848E-01-7.630288125E-01-6.526565466E-01-5.463293555E-01-4.445275550E-01
-3.477660201E-01-2.565934322E-01-1.715907675E-01-9.336896370E-02-2.256568601E-02
 4.015883687E-02 9.412692316E-02 1.386494574E-01 1.730327510E-01 1.965861201E-01
 2.086300197E-01 2.085045166E-01 1.955778622E-01 1.692548798E-01 1.289848828E-01
 7.426882395E-02 4.665403571E-03-8.020411612E-02-1.806525963E-01-2.969253498E-01
-4.292002098E-01-5.775893439E-01-7.421427730E-01-9.228534879E-01-1.119663954E+00
-1.332473865E+00-1.561148809E+00-1.805529691E+00-2.065442517E+00-2.340708491E+00
-2.631153981E+00-2.936620396E+00-3.256973700E+00-3.592113525E+00-3.941981897E+00
-4.306571497E+00-4.685933559E+00-5.080185612E+00-5.489519056E+00-5.914206613E+00
-6.354610362E+00-6.811189815E+00-7.284511299E+00-7.775257797E+00-8.284240539E+00
-8.812412437E+00-9.360883601E+00-9.930940338E+00-1.052406733E+01-1.114197568E+01
-1.178663669E+01-1.246032548E+01-1.316567670E+01-1.390575940E+01-1.468418144E+01
-1.550524494E+01-1.637419800E+01-1.729769794E+01-1.828485304E+01-1.935068980E+01
-2.049578681E+01-2.154736944E+01-2.249937204E+01-2.334526844E+01-2.407259895E+01
-2.466811582E+01-2.513748087E+01-2.548401361E+01-2.570352901E+01-2.578347752E+01
-2.570927389E+01-2.548387729E+01-2.510478141E+01-2.455656413E+01-2.380753442E+01
-2.303979682E+01-2.228840150E+01-2.155888146E+01-2.085457637E+01-2.017734354E+01
-1.952803413E+01-1.890679146E+01-5.704666542E+00-5.869405285E+00-5.930202106E+00
-5.883908887E+00-5.737479947E+00-5.584928841E+00-5.436445389E+00-5.291177111E+00
-5.148602675E+00-5.008196379E+00-4.869451745E+00-4.731901774E+00-4.595130844E+00
-4.458780697E+00-4.322551230E+00-4.186198287E+00-4.049529282E+00-3.912397696E+00
-3.774697637E+00-3.636357976E+00-3.497337224E+00-3.357618862E+00-3.217207298E+00
-3.076124513E+00-2.934407338E+00-2.792105367E+00-2.649279439E+00-2.506000675E+00
-2.362350011E+00-2.218418178E+00-2.074306113E+00-1.930125749E+00-1.786001167E+00
-1.642070059E+00-1.498485475E+00-1.355417871E+00-1.213057362E+00-1.071616174E+00
-9.313312705E-01-7.924670912E-01-6.553183541E-01-5.202128290E-01-3.875140614E-01
-2.576238944E-01-1.309847262E-01-8.081362601E-03 1.105576628E-01 2.243594382E-01
 3.327068445E-01 4.349396993E-01 5.303570017E-01 6.182204254E-01 6.977591127E-01
 7.681758677E-01 8.286547088E-01 8.783697102E-01 9.164950524E-01 9.422159476E-01
 9.547402825E-01 9.533105281E-01 9.372155245E-01 9.058017452E-01 8.584835599E-01
 7.947520570E-01 7.141820951E-01 6.164372166E-01 5.012722443E-01 3.685334017E-01
 2.181559434E-01 5.015942108E-02-1.353592627E-01-3.382347078E-01-5.582434319E-01
-7.951154439E-01-1.048546586E+00-1.318211205E+00-1.603774784E+00-1.904906233E+00
-2.221289538E+00-2.552634618E+00-2.898687215E+00-3.259237855E+00-3.634129765E+00
-4.023265958E+00-4.426615448E+00-4.844218868E+00-5.276193311E+00-5.722737152E+00
-6.184134264E+00-6.660758230E+00-7.153076520E+00-7.661654594E+00-8.187160109E+00
-8.730366907E+00-9.292158554E+00-9.873531259E+00-1.047559466E+01-1.109956971E+01
-1.174678017E+01-1.241863338E+01-1.311658062E+01-1.384203979E+01-1.459624179E+01
-1.537991791E+01-1.619262425E+01-1.703119661E+01-1.788631041E+01-1.873761901E+01
-1.955637285E+01-2.031755568E+01-2.100427473E+01-2.160528078E+01-2.211260887E+01
-2.252025406E+01-2.282345790E+01-2.301833244E+01-2.310171754E+01-2.307128251E+01
-2.292602755E+01-2.266764328E+01-2.230375495E+01-2.185321996E+01-2.134532645E+01
-2.080703541E+01-2.025629080E+01-1.970423237E+01-1.915793104E+01-1.862197374E+01
-1.809934051E+01-5.480250941E+00-5.640001664E+00-5.697424256E+00-5.649287745E+00
-5.505079109E+00-5.352965334E+00-5.205490147E+00-5.061625939E+00-4.920554978E+00
-4.781494716E+00-4.643734078E+00-4.506654336E+00-4.369736053E+00-4.232556947E+00
-4.094784292E+00-3.956164711E+00-3.816512965E+00-3.675700971E+00-3.533647905E+00
-3.390311205E+00-3.245678929E+00-3.099763325E+00-2.952595578E+00-2.804221593E+00
-2.654698758E+00-2.504093528E+00-2.352479824E+00-2.199938052E+00-2.046554767E+00
-1.892422877E+00-1.737642334E+00-1.582321277E+00-1.426577601E+00-1.270540901E+00
-1.114354779E+00-9.581794957E-01-8.021949166E-01-6.466037703E-01-4.916351278E-01
-3.375481153E-01-1.846357634E-01-3.322896706E-02 1.162995698E-01 2.635314842E-01
 4.079991381E-01 5.491823871E-01 6.865059071E-01 8.193373051E-01 9.469861847E-01
 1.068704441E+00 1.183688024E+00 1.291080349E+00 1.389977596E+00 1.479435986E+00
 1.558481132E+00 1.626119430E+00 1.681351299E+00 1.723186043E+00 1.750657883E+00
 1.762842675E+00 1.758874689E+00 1.737962768E+00 1.699405201E+00 1.642602602E+00
 1.567068259E+00 1.472435415E+00 1.358461142E+00 1.225026664E+00 1.072134037E+00
 8.998994266E-01 7.085432509E-01 4.983776859E-01 2.697921142E-01 2.323712802E-02
-2.407922235E-01-5.217732943E-01-8.191722539E-01-1.132459521E+00-1.461123910E+00
-1.804685156E+00-2.162704759E+00-2.534795045E+00-2.920626542E+00-3.319933763E+00
-3.732519514E+00-4.158257935E+00-4.597096313E+00-5.049056129E+00-5.514232730E+00
-5.992794506E+00-6.484980731E+00-6.991098520E+00-7.511517911E+00-8.046665125E+00
-8.597012520E+00-9.163064444E+00-9.745336358E+00-1.034432449E+01-1.096046063E+01
-1.159404483E+01-1.224514316E+01-1.291343162E+01-1.359795546E+01-1.429676074E+01
-1.500634958E+01-1.572095966E+01-1.643186897E+01-1.712730711E+01-1.779359175E+01
-1.841711639E+01-1.898592306E+01-1.949025205E+01-1.992241782E+01-2.027648637E+01
-2.054799527E+01-2.073379888E+01-2.083207086E+01-2.084249404E+01-2.076667789E+01
-2.060880702E+01-2.037634448E+01-2.008021977E+01-1.973376796E+01-1.935060569E+01
-1.894276894E+01-1.851996112E+01-1.808963983E+01-1.765740988E+01-1.722743369E+01
-5.219591247E+00-5.372061466E+00-5.426265103E+00-5.378201756E+00-5.245607104E+00
-5.097547312E+00-4.954302775E+00-4.815076485E+00-4.678550342E+00-4.543555450E+00
-4.409115142E+00-4.274447224E+00-4.138947313E+00-4.002165114E+00-3.863778721E+00
-3.723570264E+00-3.581404422E+00-3.437210088E+00-3.290965197E+00-3.142684384E+00
-2.992409071E+00-2.840199694E+00-2.686129602E+00-2.530280469E+00-2.372738920E+00
-2.213594200E+00-2.052936759E+00-1.890857581E+00-1.727448215E+00-1.562801374E+00
-1.397012102E+00-1.230179397E+00-1.062408312E+00-8.938124872E-01-7.245170979E-01
-5.546622002E-01-3.844064990E-01-2.139314840E-01-4.344593952E-02 1.268091963E-01
 2.965556705E-01 4.654725121E-01 6.331904748E-01 7.992864188E-01 9.632778061E-01
 1.124617488E+00 1.282688977E+00 1.436802538E+00 1.586192381E+00 1.730015279E+00
 1.867351076E+00 1.997205378E+00 2.118514868E+00 2.230155501E+00 2.330953803E+00
 2.419701357E+00 2.495172292E+00 2.556143505E+00 2.601417020E+00 2.629843712E+00
 2.640347454E+00 2.631948675E+00 2.603786170E+00 2.555136130E+00 2.485427470E+00
 2.394252636E+00 2.281373370E+00 2.146721125E+00 1.990392173E+00 1.812637582E+00
 1.613848712E+00 1.394538942E+00 1.155322574E+00 8.968920092E-01 6.199942532E-01
 3.254077720E-01 1.392061125E-02-3.136895090E-01-6.566726314E-01-1.014321227E+00
-1.385981975E+00-1.771064721E+00-2.169048829E+00-2.579487063E+00-3.002007387E+00
-3.436312877E+00-3.882179978E+00-4.339455309E+00-4.808051092E+00-5.287938967E+00
-5.779142733E+00-6.281728579E+00-6.795793506E+00-7.321450472E+00-7.858809480E+00
-8.407952952E+00-8.968903702E+00-9.541582260E+00-1.012575006E+01-1.072093338E+01
-1.132632145E+01-1.194063222E+01-1.256193946E+01-1.318746226E+01-1.381333540E+01
-1.443441319E+01-1.504420203E+01-1.563503264E+01-1.619851226E+01-1.672615093E+01
-1.720995805E+01-1.764285683E+01-1.801889226E+01-1.833329986E+01-1.858251601E+01
-1.876419220E+01-1.887724926E+01-1.892198581E+01-1.890022889E+01-1.881547766E+01
-1.867294262E+01-1.847935715E+01-1.824249852E+01-1.797050781E+01-1.767122384E+01
-1.735171566E+01-1.701806370E+01-1.667533110E+01-1.632764195E+01-4.941295201E+00
-5.088404053E+00-5.140085076E+00-5.093300431E+00-4.955758852E+00-4.815338726E+00
-4.681795932E+00-4.552284860E+00-4.424680947E+00-4.297344160E+00-4.169061004E+00
-4.038967848E+00-3.906476808E+00-3.771211791E+00-3.632955313E+00-3.491606375E+00
-3.347147766E+00-3.199621156E+00-3.049108270E+00-2.895716727E+00-2.739569421E+00
-2.580796603E+00-2.419530093E+00-2.255899134E+00-2.090027627E+00-1.922032440E+00
-1.752022644E+00-1.580099528E+00-1.406357282E+00-1.230884249E+00-1.053764714E+00
-8.750811557E-01-6.949169632E-01-5.133596260E-01-3.305043430E-01-1.464581326E-01
 3.865556848E-02 2.246918081E-01 4.114784913E-01 5.988102177E-01 7.864416304E-01
 9.740802492E-01 1.161378912E+00 1.347927906E+00 1.533246915E+00 1.716777023E+00
 1.897873026E+00 2.075796380E+00 2.249709291E+00 2.418670343E+00 2.581632386E+00
 2.737443262E+00 2.884850051E+00 3.022507476E+00 3.148990974E+00 3.262814741E+00
 3.362454754E+00 3.446376376E+00 3.513065858E+00 3.561064480E+00 3.589003906E+00
 3.595641028E+00 3.579890515E+00 3.540853317E+00 3.477839641E+00 3.390385138E+00
 3.278259441E+00 3.141466609E+00 2.980237434E+00 2.795014141E+00 2.586428256E+00
 2.355273020E+00 2.102471891E+00 1.829044915E+00 1.536074767E+00 1.224674155E+00
 8.959559388E-01 5.510070556E-01 1.908668271E-01-1.834900199E-01-5.711657697E-01
-9.713478384E-01-1.383313040E+00-1.806428615E+00-2.240150410E+00-2.684018836E+00
-3.137652851E+00-3.600742356E+00-4.073039073E+00-4.554345951E+00-5.044505007E+00
-5.543383307E+00-6.050856587E+00-6.566789944E+00-7.091014866E+00-7.623301343E+00
-8.163323777E+00-8.710619190E+00-9.264535878E+00-9.824171048E+00-1.038829615E+01
-1.095527010E+01-1.152294464E+01-1.208857019E+01-1.264871963E+01-1.319925492E+01
-1.373536572E+01-1.425170040E+01-1.474258696E+01-1.520231055E+01-1.562539716E+01
-1.600685826E+01-1.634237462E+01-1.662842219E+01-1.686235743E+01-1.704248066E+01
-1.716809113E+01-1.723953677E+01-1.725824912E+01-1.722674156E+01-1.714854250E+01
-1.702803978E+01-1.687023613E+01-1.668044701E+01-1.646399596E+01-1.622595993E+01
-1.597099366E+01-1.570323576E+01-1.542627960E+01-4.602255956E+00-4.736571172E+00
-4.785569029E+00-4.746749410E+00-4.624042898E+00-4.503143432E+00-4.389049946E+00
-4.276995841E+00-4.164155801E+00-4.048722977E+00-3.929563192E+00-3.806015456E+00
-3.677749738E+00-3.544660177E+00-3.406787550E+00-3.264265444E+00-3.117283646E+00
-2.966063265E+00-2.810839650E+00-2.651850522E+00-2.489327630E+00-2.323490921E+00
-2.154544593E+00-1.982674606E+00-1.808047368E+00-1.630809359E+00-1.451087597E+00
-1.268990707E+00-1.084610589E+00-8.980245358E-01-7.092978208E-01-5.184866270E-01
-3.256414594E-01-1.308109181E-01 6.595402249E-02 2.645952293E-01 4.650420401E-01
 6.672052450E-01 8.709703591E-01 1.076190108E+00 1.282676152E+00 1.490189949E+00
 1.698432840E+00 1.907035390E+00 2.115546125E+00 2.323419794E+00 2.530005518E+00
 2.734535130E+00 2.936112315E+00 3.133703229E+00 3.326129460E+00 3.512064405E+00
 3.690034266E+00 3.858424832E+00 4.015495289E+00 4.159399803E+00 4.288217409E+00
 4.399989888E+00 4.492766702E+00 4.564654876E+00 4.613871911E+00 4.638798340E+00
 4.638027061E+00 4.610406907E+00 4.555077280E+00 4.471492895E+00 4.359436269E+00
 4.219018114E+00 4.050664965E+00 3.855095405E+00 3.633285254E+00 3.386424941E+00
 3.115870979E+00 2.823094943E+00 2.509633016E+00 2.177038913E+00 1.826842412E+00
 1.460515019E+00 1.079443369E+00 6.849103844E-01 2.780836174E-01-1.399901665E-01
-5.683851815E-01-1.006292690E+00-1.453013872E+00-1.907950327E+00-2.370592812E+00
-2.840508619E+00-3.317327847E+00-3.800728667E+00-4.290421481E+00-4.786131729E+00
-5.287581144E+00-5.794466942E+00-6.306438234E+00-6.823069469E+00-7.343830097E+00
-7.868049622E+00-8.394878360E+00-8.923243471E+00-9.451801756E+00-9.978891239E+00
-1.050248581E+01-1.102015963E+01-1.152907027E+01-1.202596983E+01-1.250725338E+01
-1.296904803E+01-1.340733836E+01-1.381811658E+01-1.419753999E+01-1.454208007E+01
-1.484865109E+01-1.511471474E+01-1.533836107E+01-1.551836863E+01-1.565424705E+01
-1.574626062E+01-1.579542943E+01-1.580350107E+01-1.577288590E+01-1.570655325E+01
-1.560789272E+01-1.548055373E+01-1.532828231E+01-1.515477342E+01-1.496355277E+01
-1.475789360E+01-1.454076729E+01-4.171675458E+00-4.271683762E+00-4.316455856E+00
-4.303553596E+00-4.241324338E+00-4.165476424E+00-4.085503569E+00-4.000159930E+00
-3.908056378E+00-3.808203988E+00-3.700190459E+00-3.584067010E+00-3.460148732E+00
-3.328873875E+00-3.190727463E+00-3.046202471E+00-2.895779809E+00-2.739917470E+00
-2.579044169E+00-2.413555331E+00-2.243810491E+00-2.070131718E+00-1.892802938E+00
-1.712070080E+00-1.528141986E+00-1.341192002E+00-1.151360072E+00-9.587553350E-01
-7.634590165E-01-5.655276269E-01-3.649963961E-01-1.618829494E-01 4.380873662E-02
 2.520840439E-01 4.629529949E-01 6.764249938E-01 8.925029162E-01 1.111176392E+00
 1.332414155E+00 1.556155321E+00 1.782299500E+00 2.010695636E+00 2.241129532E+00
 2.473309995E+00 2.706853718E+00 2.941268870E+00 3.175937701E+00 3.410098459E+00
 3.642827166E+00 3.873020112E+00 4.099378202E+00 4.320394911E+00 4.534349428E+00
 4.739307960E+00 4.933134913E+00 5.113516644E+00 5.277999135E+00 5.424039835E+00
 5.549072791E+00 5.650583467E+00 5.726189706E+00 5.773723055E+00 5.791305312E+00
 5.777415353E+00 5.730942434E+00 5.651223626E+00 5.538062482E+00 5.391729321E+00
 5.212941682E+00 5.002826304E+00 4.762864479E+00 4.494823972E+00 4.200682150E+00
 3.882546072E+00 3.542575174E+00 3.182911800E+00 2.805623067E+00 2.412656201E+00
 2.005807674E+00 1.586705004E+00 1.156799501E+00 7.173676679E-01 2.695190985E-01
-1.857910904E-01-6.477468796E-01-1.115654205E+00-1.588922916E+00-2.067048311E+00
-2.549592545E+00-3.036166008E+00-3.526408519E+00-4.019970213E+00-4.516491928E+00
-5.015584403E+00-5.516806917E+00-6.019643697E+00-6.523479325E+00-7.027572310E+00
-7.531027420E+00-8.032767444E+00-8.531505759E+00-9.025721673E+00-9.513641789E+00
-9.993230428E+00-1.046219385E+01-1.091800167E+01-1.135792797E+01-1.177911266E+01
-1.217864031E+01-1.255363119E+01-1.290133751E+01-1.321923793E+01-1.350512392E+01
-1.375717469E+01-1.397401768E+01-1.415477426E+01-1.429908955E+01-1.440714538E+01
-1.447965492E+01-1.451783698E+01-1.452336918E+01-1.449832093E+01-1.444506981E+01
-1.436620742E+01-1.426444274E+01-1.414251125E+01-1.400309596E+01-1.384876460E+01
-1.368192430E+01-3.748358840E+00-3.816013505E+00-3.858114796E+00-3.873219799E+00
-3.864455600E+00-3.837504693E+00-3.796811317E+00-3.743460280E+00-3.675576375E+00
-3.592135387E+00-3.494442193E+00-3.384134439E+00-3.262636574E+00-3.131159914E+00
-2.990747042E+00-2.842308104E+00-2.686646145E+00-2.524473836E+00-2.356424084E+00
-2.183056525E+00-2.004861652E+00-1.822263773E+00-1.635623795E+00-1.445242249E+00
-1.251362841E+00-1.054176369E+00-8.538249802E-01-6.504065674E-01-4.439791691E-01
-2.345653503E-01-2.215650552E-02 1.932828693E-01 4.118108631E-01 6.335036789E-01
 8.584508665E-01 1.086750033E+00 1.318500864E+00 1.553798199E+00 1.792723876E+00
 2.035337217E+00 2.281663797E+00 2.531682483E+00 2.785310400E+00 3.042385868E+00
 3.302649017E+00 3.565720116E+00 3.831075469E+00 4.098021017E+00 4.365663986E+00
 4.632883020E+00 4.898298712E+00 5.160245697E+00 5.416750112E+00 5.665516363E+00
 5.903927671E+00 6.129066209E+00 6.337757345E+00 6.526639891E+00 6.692262241E+00
 6.831198907E+00 6.940178966E+00 7.016216075E+00 7.056729191E+00 7.059646349E+00
 7.023485625E+00 6.947410732E+00 6.831259306E+00 6.675543260E+00 6.481419396E+00
 6.250630812E+00 5.985419563E+00 5.688415978E+00 5.362512671E+00 5.010733886E+00
 4.636112653E+00 4.241585515E+00 3.829911387E+00 3.403616228E+00 2.964962691E+00
 2.515940106E+00 2.058270161E+00 1.593423422E+00 1.122642468E+00 6.469685559E-01
 1.672694621E-01-3.157328278E-01-8.014355478E-01-1.289329991E+00-1.778977905E+00
-2.269989276E+00-2.762001340E+00-3.254658472E+00-3.747592683E+00-4.240404445E+00
-4.732643700E+00-5.223790573E+00-5.713236542E+00-6.200265251E+00-6.684034305E+00
-7.163558053E+00-7.637693051E+00-8.105126833E+00-8.564372471E+00-9.013770235E+00
-9.451498343E+00-9.875594439E+00-1.028398798E+01-1.067454379E+01-1.104511451E+01
-1.139359995E+01-1.171800916E+01-1.201652248E+01-1.228754933E+01-1.252977953E+01
-1.274222573E+01-1.292425553E+01-1.307561197E+01-1.319642196E+01-1.328719099E+01
-1.334878505E+01-1.338239917E+01-1.338951439E+01-1.337184522E+01-1.333128116E+01
-1.326982606E+01-1.318953943E+01-1.309248287E+01-1.298067450E+01-1.285605232E+01
-3.403389237E+00-3.460444230E+00-3.503595956E+00-3.532350792E+00-3.547635054E+00
-3.551337612E+00-3.545611814E+00-3.532676348E+00-3.496411260E+00-3.421848426E+00
-3.327946418E+00-3.217980047E+00-3.094259529E+00-2.958580226E+00-2.812406860E+00
-2.656973803E+00-2.493344345E+00-2.322445943E+00-2.145090348E+00-1.961984531E+00
-1.773736749E+00-1.580860894E+00-1.383780992E+00-1.182836697E+00-9.782896817E-01
-7.703305678E-01-5.590858818E-01-3.446246973E-01-1.269647929E-01 9.392177181E-02
 3.181036015E-01 5.456853792E-01 7.768035998E-01 1.011622495E+00 1.250329841E+00
 1.493132464E+00 1.740250996E+00 1.991913594E+00 2.248348111E+00 2.509772457E+00
 2.776382718E+00 3.048338795E+00 3.325747362E+00 3.608641865E+00 3.896959339E+00
 4.190513565E+00 4.488964204E+00 4.791781065E+00 5.098203191E+00 5.407193004E+00
 5.717385083E+00 6.027032666E+00 6.333954571E+00 6.635489539E+00 6.928466838E+00
 7.209205360E+00 7.473554003E+00 7.716983629E+00 7.934732883E+00 8.121999667E+00
 8.274158160E+00 8.386976531E+00 8.456811572E+00 8.480766929E+00 8.456809681E+00
 8.383847327E+00 8.261768405E+00 8.091446674E+00 7.874704662E+00 7.614229948E+00
 7.313439862E+00 6.976296902E+00 6.607091013E+00 6.210212924E+00 5.789947575E+00
 5.350310259E+00 4.894936698E+00 4.427025713E+00 3.949325952E+00 3.464153486E+00
 2.973428756E+00 2.478723239E+00 1.981309175E+00 1.482208167E+00 9.822364318E-01
 4.820456291E-01-1.784085541E-02-5.169959772E-01-1.015060948E+00-1.511720441E+00
-2.006680446E+00-2.499648343E+00-2.990314636E+00-3.478336020E+00-3.963319531E+00
-4.444807684E+00-4.922264313E+00-5.395062023E+00-5.862470274E+00-6.323646277E+00
-6.777627667E+00-7.223329390E+00-7.659544056E+00-8.084948482E+00-8.498115549E+00
-8.897532839E+00-9.281628166E+00-9.648800819E+00-9.997458161E+00-1.032605586E+01
-1.063313990E+01-1.091738790E+01-1.117764852E+01-1.141297641E+01-1.162266135E+01
-1.180625065E+01-1.196356327E+01-1.209469554E+01-1.220001790E+01-1.228016293E+01
-1.233600455E+01-1.236863049E+01-1.237930843E+01-1.236944810E+01-1.234056213E+01
-1.229422652E+01-1.223204399E+01-1.215561092E+01-1.206648921E+01-3.105914717E+00
-3.158919542E+00-3.204135030E+00-3.241710588E+00-3.272490134E+00-3.297966006E+00
-3.320197005E+00-3.341787731E+00-3.348851511E+00-3.301365831E+00-3.212699720E+00
-3.094271117E+00-2.961665752E+00-2.816287073E+00-2.659693989E+00-2.493243168E+00
-2.318135637E+00-2.135442716E+00-1.946115856E+00-1.750986421E+00-1.550762359E+00
-1.346027189E+00-1.137244052E+00-9.247643462E-01-7.088390209E-01-4.896303378E-01
-2.672227697E-01-4.163247373E-02 1.871847351E-01 4.193267334E-01 6.549396212E-01
 8.942132876E-01 1.137377828E+00 1.384700653E+00 1.636483950E+00 1.893062149E+00
 2.154798844E+00 2.422082552E+00 2.695320609E+00 2.974930548E+00 3.261328421E+00
 3.554913745E+00 3.856051025E+00 4.165047721E+00 4.482128597E+00 4.807405496E+00
 5.140841777E+00 5.482209200E+00 5.831035605E+00 6.186540769E+00 6.547558475E+00
 6.912444869E+00 7.278973305E+00 7.644223708E+00 8.004479118E+00 8.355154174E+00
 8.690789916E+00 9.005153389E+00 9.291465325E+00 9.542745443E+00 9.752220978E+00
 9.913721932E+00 1.002200057E+01 1.007295263E+01 1.006375377E+01 9.992940332E+00
 9.860458282E+00 9.667687939E+00 9.417429600E+00 9.113819239E+00 8.762137927E+00
 8.368498572E+00 7.939435613E+00 7.481467337E+00 7.000717327E+00 6.502654473E+00
 5.991965901E+00 5.472539173E+00 4.947516338E+00 4.419384509E+00 3.890078348E+00
 3.361079914E+00 2.833508646E+00 2.308199063E+00 1.785766096E+00 1.266659266E+00
 7.512072849E-01 2.396547562E-01-2.678075231E-01-7.710173513E-01-1.269819907E+00
-1.764049647E+00-2.253514669E+00-2.737983012E+00-3.217170546E+00-3.690730273E+00
-4.158242963E+00-4.619209284E+00-5.073043360E+00-5.519068472E+00-5.956514915E+00
-6.384520753E+00-6.802135677E+00-7.208328609E+00-7.601999444E+00-7.981994573E+00
-8.347126701E+00-8.696198090E+00-9.028026922E+00-9.341475426E+00-9.635478957E+00
-9.909074755E+00-1.016142882E+01-1.039186013E+01-1.059986087E+01-1.078511211E+01
-1.094749368E+01-1.108708839E+01-1.120418039E+01-1.129924744E+01-1.137294739E+01
-1.142610029E+01-1.145966602E+01-1.147471972E+01-1.147242499E+01-1.145400751E+01
-1.142072903E+01-1.137386354E+01-1.131467598E+01-2.838164744E+00-2.888590747E+00
-2.934942351E+00-2.977809425E+00-3.018273982E+00-3.057933325E+00-3.098878462E+00
-3.143620903E+00-3.175056045E+00-3.160857109E+00-3.106038187E+00-3.007179827E+00
-2.867635716E+00-2.706395478E+00-2.534250981E+00-2.352241676E+00-2.161610773E+00
-1.963540067E+00-1.759124401E+00-1.549332711E+00-1.334972871E+00-1.116676299E+00
-8.949054453E-01-6.699753570E-01-4.420784679E-01-2.113058600E-01 2.233657454E-02
 2.589162117E-01 4.985646628E-01 7.414707720E-01 9.878752602E-01 1.238066983E+00
 1.492380762E+00 1.751196663E+00 2.014940516E+00 2.284085207E+00 2.559152030E+00
 2.840711025E+00 3.129379054E+00 3.425814107E+00 3.730704813E+00 4.044754766E+00
 4.368662267E+00 4.703096648E+00 5.048672145E+00 5.405918478E+00 5.775246780E+00
 6.156906959E+00 6.550931797E+00 6.957062320E+00 7.374647104E+00 7.802508307E+00
 8.238766628E+00 8.680620386E+00 9.124084588E+00 9.563719461E+00 9.992423729E+00
 1.040142437E+01 1.078061217E+01 1.111926687E+01 1.140699281E+01 1.163454979E+01
 1.179436355E+01 1.188072334E+01 1.188980285E+01 1.181964320E+01 1.167018055E+01
 1.144334434E+01 1.114319225E+01 1.077598430E+01 1.035003301E+01 9.875175940E+00
 9.361874412E+00 8.820192995E+00 8.259008096E+00 7.685627956E+00 7.105771766E+00
 6.523752913E+00 5.942733186E+00 5.364972601E+00 4.792044370E+00 4.225008962E+00
 3.664549900E+00 3.111078635E+00 2.564814411E+00 2.025845366E+00 1.494175145E+00
 9.697587062E-01 4.525300294E-01-5.757620278E-02-5.606074758E-01-1.056579654E+00
-1.545465768E+00-2.027186791E+00-2.501603990E+00-2.968512706E+00-3.427637362E+00
-3.878627819E+00-4.321057133E+00-4.754420911E+00-5.178138380E+00-5.591555750E+00
-5.993951583E+00-6.384544866E+00-6.762505655E+00-7.126967996E+00-7.477045877E+00
-7.811850730E+00-8.130510845E+00-8.432191905E+00-8.716117548E+00-8.981589896E+00
-9.228008387E+00-9.454886912E+00-9.661868083E+00-9.848734295E+00-1.001541511E+01
-1.016199037E+01-1.028868968E+01-1.039588732E+01-1.048409390E+01-1.055394419E+01
-1.060618255E+01-1.064164631E+01-1.066124750E+01-1.066595448E+01-1.065677380E+01
-1.063473249E+01-1.060086248E+01-2.588816992E+00-2.635936152E+00-2.681155950E+00
-2.725298669E+00-2.769626989E+00-2.815928997E+00-2.866592495E+00-2.924573134E+00
-2.974417168E+00-2.980627167E+00-2.949817133E+00-2.879066856E+00-2.769238579E+00
-2.623861331E+00-2.435561605E+00-2.233232836E+00-2.022604965E+00-1.805026204E+00
-1.581894596E+00-1.354458906E+00-1.123675023E+00-8.901707699E-01-6.543064639E-01
-4.162584284E-01-1.760792915E-01 6.627006453E-02 3.109056183E-01 5.580117290E-01
 8.078340878E-01 1.060673245E+00 1.316879432E+00 1.576849506E+00 1.841026506E+00
 2.109901997E+00 2.384021202E+00 2.663990600E+00 2.950487346E+00 3.244269130E+00
 3.546181849E+00 3.857161421E+00 4.178225894E+00 4.510456164E+00 4.854968551E+00
 5.212884987E+00 5.585307152E+00 5.973295556E+00 6.377849204E+00 6.799880269E+00
 7.240174567E+00 7.699330257E+00 8.177661311E+00 8.675051070E+00 9.190729789E+00
 9.722941683E+00 1.026845093E+01 1.082183628E+01 1.137458652E+01 1.191426945E+01
 1.242458266E+01 1.288720907E+01 1.328488913E+01 1.360362024E+01 1.383309817E+01
 1.396618866E+01 1.399828784E+01 1.392692576E+01 1.375169434E+01 1.347451833E+01
 1.310027356E+01 1.263766327E+01 1.209990440E+01 1.150418549E+01 1.086910085E+01
 1.021128995E+01 9.543540558E+00 8.874769387E+00 8.210848852E+00 7.555489767E+00
 6.910928196E+00 6.278410258E+00 5.658523750E+00 5.051424338E+00 4.456990160E+00
 3.874928382E+00 3.304848801E+00 2.746315348E+00 2.198881963E+00 1.662117880E+00
 1.135625485E+00 6.190530255E-01 1.121037099E-01-3.854577415E-01-8.738003264E-01
-1.353023364E+00-1.823154105E+00-2.284146291E+00-2.735879503E+00-3.178159419E+00
-3.610719015E+00-4.033220881E+00-4.445260657E+00-4.846372035E+00-5.236033172E+00
-5.613674552E+00-5.978688758E+00-6.330441579E+00-6.668284742E+00-6.991569656E+00
-7.299662309E+00-7.591958316E+00-7.867898368E+00-8.126982920E+00-8.368785871E+00
-8.592967205E+00-8.799282922E+00-8.987593550E+00-9.157869302E+00-9.310192996E+00
-9.444759776E+00-9.561874316E+00-9.661945266E+00-9.745477210E+00-9.813061019E+00
-9.865362304E+00-9.903109043E+00-9.927078623E+00-9.938084598E+00-9.936964203E+00
-9.924566332E+00-2.350907287E+00-2.393011454E+00-2.434158260E+00-2.475139616E+00
-2.517116456E+00-2.561757658E+00-2.611539354E+00-2.670634573E+00-2.726986626E+00
-2.747851425E+00-2.737182991E+00-2.690584066E+00-2.605207068E+00-2.484838774E+00
-2.325970992E+00-2.129883821E+00-1.898601829E+00-1.656204045E+00-1.409610673E+00
-1.161075380E+00-9.117582022E-01-6.619141817E-01-4.114377919E-01-1.601517208E-01
 9.212718692E-02 3.456088166E-01 6.005579514E-01 8.573030686E-01 1.116230261E+00
 1.377772934E+00 1.642403617E+00 1.910630155E+00 2.182996635E+00 2.460089023E+00
 2.742545666E+00 3.031073209E+00 3.326468561E+00 3.629646941E+00 3.941673362E+00
 4.263789025E+00 4.597415250E+00 4.944119731E+00 5.305550459E+00 5.683373824E+00
 6.079245696E+00 6.494816392E+00 6.931750369E+00 7.391745105E+00 7.876538578E+00
 8.387898197E+00 8.927582665E+00 9.497261366E+00 1.009836544E+01 1.073181879E+01
 1.139754322E+01 1.209349840E+01 1.281367271E+01 1.354371660E+01 1.425404714E+01
 1.490320447E+01 1.545831791E+01 1.590116047E+01 1.622188408E+01 1.641461376E+01
 1.647547866E+01 1.640181347E+01 1.619198823E+01 1.584576044E+01 1.536536679E+01
 1.475810573E+01 1.404199040E+01 1.325266853E+01 1.243370717E+01 1.161473502E+01
 1.081024787E+01 1.002674116E+01 9.266847667E+00 8.531242690E+00 7.819570810E+00
 7.130934433E+00 6.464167501E+00 5.817995290E+00 5.191128501E+00 4.582319438E+00
 3.990394400E+00 3.414271830E+00 2.852971144E+00 2.305616475E+00 1.771436914E+00
 1.249764919E+00 7.400336696E-01 2.417739556E-01-2.453891821E-01-7.217398349E-01
-1.187474647E+00-1.642706297E+00-2.087467084E+00-2.521712758E+00-2.945326753E+00
-3.358124894E+00-3.759860749E+00-4.150231801E+00-4.528886332E+00-4.895431473E+00
-5.249441949E+00-5.590469829E+00-5.918055089E+00-6.231736679E+00-6.531064148E+00
-6.815609384E+00-7.084978157E+00-7.338821234E+00-7.576844617E+00-7.798818846E+00
-8.004586481E+00-8.194068566E+00-8.367268528E+00-8.524274780E+00-8.665260797E+00
-8.790483579E+00-8.900279989E+00-8.995061593E+00-9.075308076E+00-9.141559285E+00
-9.194406564E+00-9.234483610E+00-9.262456939E+00-9.279016747E+00-9.284867689E+00
-2.120864275E+00-2.156123005E+00-2.190417872E+00-2.224259148E+00-2.258326646E+00
-2.293462722E+00-2.330580252E+00-2.370209513E+00-2.411254393E+00-2.447073021E+00
-2.456550464E+00-2.430681550E+00-2.370317719E+00-2.279597411E+00-2.139660229E+00
-1.967106666E+00-1.758385327E+00-1.507458324E+00-1.231158467E+00-9.584932908E-01
-6.907423793E-01-4.253589355E-01-1.610338016E-01 1.028125083E-01 3.664168866E-01
 6.300360037E-01 8.940712574E-01 1.159035824E+00 1.425501975E+00 1.694068020E+00
 1.965343054E+00 2.239943016E+00 2.518493987E+00 2.801640799E+00 3.090061089E+00
 3.384486456E+00 3.685734770E+00 3.994760818E+00 4.312736254E+00 4.641166627E+00
 4.982005786E+00 5.337608896E+00 5.710428402E+00 6.102763643E+00 6.516774090E+00
 6.954605897E+00 7.418510336E+00 7.910935516E+00 8.434600222E+00 8.992559309E+00
 9.588267146E+00 1.022564257E+01 1.090914046E+01 1.164383705E+01 1.243555267E+01
 1.329108651E+01 1.421884704E+01 1.523149013E+01 1.636356738E+01 1.726555271E+01
 1.804138067E+01 1.865979026E+01 1.904735287E+01 1.932232595E+01 1.944402077E+01
 1.932976129E+01 1.909736120E+01 1.870128764E+01 1.804991635E+01 1.725906358E+01
 1.627083592E+01 1.504931577E+01 1.395661733E+01 1.293632528E+01 1.197752880E+01
 1.107290163E+01 1.021651133E+01 9.403269520E+00 8.628730627E+00 7.888991332E+00
 7.180623077E+00 6.500618163E+00 5.846342124E+00 5.215491088E+00 4.606054041E+00
 4.016279294E+00 3.444645044E+00 2.889834139E+00 2.350712111E+00 1.826308422E+00
 1.315800390E+00 8.184993940E-01 3.338389989E-01-1.386353553E-01-5.992754122E-01
-1.048338208E+00-1.485993479E+00-1.912330622E+00-2.327365397E+00-2.731046609E+00
-3.123262864E+00-3.503849612E+00-3.872596476E+00-4.229255056E+00-4.573547123E+00
-4.905173285E+00-5.223821817E+00-5.529178076E+00-5.820933763E+00-6.098796220E+00
-6.362497455E+00-6.611802727E+00-6.846518585E+00-7.066499647E+00-7.271654820E+00
-7.461951917E+00-7.637421117E+00-7.798156979E+00-7.944318989E+00-8.076130621E+00
-8.193877322E+00-8.297902850E+00-8.388604861E+00-8.466429474E+00-8.531865158E+00
-8.585436201E+00-8.627695806E+00-8.659219241E+00-8.680597062E+00-1.897674462E+00
-1.924758543E+00-1.950342140E+00-1.974597943E+00-1.997709046E+00-2.019807069E+00
-2.040861359E+00-2.060523071E+00-2.078005869E+00-2.092143507E+00-2.101564629E+00
-2.100459722E+00-2.063339257E+00-1.991253929E+00-1.879524194E+00-1.728116154E+00
-1.534270720E+00-1.294157200E+00-1.012993513E+00-7.297240675E-01-4.514054889E-01
-1.749590605E-01 1.015430737E-01 3.776196376E-01 6.515870666E-01 9.237143215E-01
 1.194848732E+00 1.465895561E+00 1.737719588E+00 2.011128003E+00 2.286874238E+00
 2.565667904E+00 2.848186140E+00 3.135085259E+00 3.427012805E+00 3.724621613E+00
 4.028589266E+00 4.339650926E+00 4.658667052E+00 4.986804099E+00 5.326249785E+00
 5.682084563E+00 6.058775791E+00 6.458742661E+00 6.884072150E+00 7.336990195E+00
 7.820031978E+00 8.336153584E+00 8.888838180E+00 9.482218310E+00 1.012122849E+01
 1.081180567E+01 1.156116263E+01 1.237817830E+01 1.327399012E+01 1.426295857E+01
 1.536431881E+01 1.660479897E+01 1.799201431E+01 1.914444032E+01 2.009021776E+01
 2.082109652E+01 2.131710361E+01 2.164589925E+01 2.178051816E+01 2.168532715E+01
 2.141759443E+01 2.093824822E+01 2.019699296E+01 1.923639904E+01 1.799481780E+01
 1.652059499E+01 1.520601853E+01 1.401765429E+01 1.293052631E+01 1.192674612E+01
 1.099298303E+01 1.011891040E+01 9.296303313E+00 8.518485853E+00 7.779966397E+00
 7.076182675E+00 6.403315403E+00 5.758147715E+00 5.137957596E+00 4.540433338E+00
 3.963607539E+00 3.405803972E+00 2.865595281E+00 2.341768555E+00 1.833297324E+00
 1.339318526E+00 8.591133722E-01 3.920912844E-01-6.222374991E-02-5.042049529E-01
-9.341331186E-01-1.352205917E+00-1.758546414E+00-2.153211119E+00-2.536197673E+00
-2.907452408E+00-3.266877861E+00-3.614340320E+00-3.949677471E+00-4.272706093E+00
-4.583229954E+00-4.881047448E+00-5.165959490E+00-5.437777043E+00-5.696328288E+00
-5.941465516E+00-6.173071436E+00-6.391064570E+00-6.595404180E+00-6.786093890E+00
-6.963184683E+00-7.126776555E+00-7.277019261E+00-7.414112043E+00-7.538302211E+00
-7.649882934E+00-7.749190208E+00-7.836599075E+00-7.912519247E+00-7.977390498E+00
-8.031677622E+00-8.075865228E+00-8.110452898E+00-1.681899894E+00-1.700214555E+00
-1.716339455E+00-1.730198919E+00-1.741670629E+00-1.750545311E+00-1.756477802E+00
-1.758940872E+00-1.757200959E+00-1.750330700E+00-1.737251770E+00-1.716783086E+00
-1.687761962E+00-1.643315342E+00-1.553152083E+00-1.423264875E+00-1.248972116E+00
-1.023471361E+00-7.512913904E-01-4.726465508E-01-1.950601150E-01 8.461320931E-02
 3.698836513E-01 6.581361588E-01 9.394426640E-01 1.216592997E+00 1.491478965E+00
 1.765533008E+00 2.039907275E+00 2.315556659E+00 2.593287066E+00 2.873802064E+00
 3.157763695E+00 3.445827048E+00 3.738616138E+00 4.036688052E+00 4.340512114E+00
 4.650443017E+00 4.966656204E+00 5.288975049E+00 5.616385652E+00 5.963457649E+00
 6.337529893E+00 6.738813209E+00 7.168500685E+00 7.628461774E+00 8.121178075E+00
 8.649772687E+00 9.218094794E+00 9.830853510E+00 1.049380810E+01 1.121402720E+01
 1.200023555E+01 1.286326727E+01 1.381663627E+01 1.487719629E+01 1.606575860E+01
 1.740732844E+01 1.889105128E+01 2.015357001E+01 2.118143826E+01 2.197379990E+01
 2.252853038E+01 2.288602012E+01 2.303073594E+01 2.294546527E+01 2.265728424E+01
 2.213612938E+01 2.134899602E+01 2.030757231E+01 1.896459792E+01 1.740049193E+01
 1.599020976E+01 1.472025351E+01 1.356726024E+01 1.251173201E+01 1.153785394E+01
 1.063293151E+01 9.786777641E+00 8.991177697E+00 8.239459896E+00 7.526162759E+00
 6.846780629E+00 6.197569556E+00 5.575399036E+00 4.977637397E+00 4.402063272E+00
 3.846795971E+00 3.310240806E+00 2.791045284E+00 2.288064008E+00 1.800330156E+00
 1.327032091E+00 8.674939452E-01 4.211593449E-01-1.242248162E-02-4.336086833E-01
-8.426733615E-01-1.239817061E+00-1.625175405E+00-1.998827204E+00-2.360802098E+00
-2.711087921E+00-3.049637894E+00-3.376377655E+00-3.691212184E+00-3.994032603E+00
-4.284722935E+00-4.563166452E+00-4.829252128E+00-5.082880400E+00-5.323968807E+00
-5.552457066E+00-5.768311493E+00-5.971528776E+00-6.162139294E+00-6.340209355E+00
-6.505842815E+00-6.659181906E+00-6.800407115E+00-6.929736675E+00-7.047424868E+00
-7.153760254E+00-7.249062716E+00-7.333680700E+00-7.407987592E+00-7.472378291E+00
-7.527265149E+00-7.573074388E+00-1.474768940E+00-1.484359104E+00-1.491121299E+00
-1.494828864E+00-1.495196199E+00-1.491855586E+00-1.484332959E+00-1.472026486E+00
-1.454191905E+00-1.429936093E+00-1.398215532E+00-1.357832350E+00-1.307419151E+00
-1.245407003E+00-1.170395924E+00-1.067717136E+00-9.194984826E-01-7.153911665E-01
-4.628179029E-01-1.997871024E-01 6.593701621E-02 3.373309216E-01 6.174834157E-01
 9.025809652E-01 1.181284935E+00 1.455935773E+00 1.728422132E+00 2.000230470E+00
 2.272542346E+00 2.546315050E+00 2.822338786E+00 3.101289316E+00 3.383788747E+00
 3.670437038E+00 3.961784379E+00 4.258286530E+00 4.560267103E+00 4.867867659E+00
 5.180968899E+00 5.499092357E+00 5.821361796E+00 6.163577760E+00 6.534035086E+00
 6.932909691E+00 7.361107010E+00 7.820248437E+00 8.312642256E+00 8.841296045E+00
 9.409981650E+00 1.002335507E+01 1.068713763E+01 1.140836969E+01 1.219575336E+01
 1.306010385E+01 1.401491880E+01 1.507703935E+01 1.626727214E+01 1.761063189E+01
 1.909700365E+01 2.036105325E+01 2.139152617E+01 2.218679694E+01 2.274372975E+01
 2.310454251E+01 2.325290898E+01 2.317055685E+01 2.288644879E+01 2.236973028E+01
 2.158629453E+01 2.054976441E+01 1.921205828E+01 1.765227490E+01 1.624731584E+01
 1.498286272E+01 1.383554711E+01 1.278587809E+01 1.181805348E+01 1.091939222E+01
 1.007971936E+01 9.290830367E+00 8.546061525E+00 7.839957386E+00 7.168016350E+00
 6.526496675E+00 5.912267974E+00 5.322696803E+00 4.755557736E+00 4.208963708E+00
 3.681311073E+00 3.171235589E+00 2.677577087E+00 2.199350715E+00 1.735723316E+00
 1.285993819E+00 8.495767710E-01 4.259883144E-01 1.483410509E-02-3.842012700E-01
-7.713637138E-01-1.146838141E+00-1.510756295E+00-1.863204056E+00-2.204228347E+00
-2.533843695E+00-2.852038608E+00-3.158781653E+00-3.454027413E+00-3.737722189E+00
-4.009809509E+00-4.270235250E+00-4.518952725E+00-4.755927104E+00-4.981139554E+00
-5.194590943E+00-5.396305029E+00-5.586331059E+00-5.764745627E+00-5.931654400E+00
-6.087192677E+00-6.231525657E+00-6.364848210E+00-6.487383847E+00-6.599383383E+00
-6.701123126E+00-6.792902746E+00-6.875042676E+00-6.947881671E+00-7.011773655E+00
-7.067085119E+00
 9.560932050E-01 9.771350200E-01 9.792729260E-01 9.825450040E-01 9.858283350E-01
 9.895143550E-01 9.950934360E-01 9.984755300E-01 1.001768760E+00 1.005652000E+00
 1.009412250E+00 1.012925770E+00 1.016848520E+00 1.020601200E+00 1.024708890E+00
 1.028469230E+00 1.032376010E+00 1.036556920E+00 1.040406990E+00 1.044574210E+00
 1.048628850E+00 1.052704400E+00 1.056829570E+00 1.061063710E+00 1.065243090E+00
 1.069483340E+00 1.073750800E+00 1.078041130E+00 1.082446390E+00 1.086778740E+00
 1.091214110E+00 1.095717200E+00 1.100169710E+00 1.104718700E+00 1.109354240E+00
 1.113979400E+00 1.118628830E+00 1.123368960E+00 1.128190530E+00 1.133003130E+00
 1.137846060E+00 1.142815210E+00 1.147822330E+00 1.152853930E+00 1.157946050E+00
 1.163132420E+00 1.168355610E+00 1.173635900E+00 1.178981550E+00 1.184407050E+00
 1.189911840E+00 1.195448200E+00 1.201070210E+00 1.206776680E+00 1.212558480E+00
 1.218394910E+00 1.224331540E+00 1.230329920E+00 1.236425430E+00 1.242601690E+00
 1.248858030E+00 1.255209360E+00 1.261665620E+00 1.268196550E+00 1.274821560E+00
 1.281545780E+00 1.288385520E+00 1.295323850E+00 1.302368220E+00 1.309522060E+00
 1.316788620E+00 1.324180040E+00 1.331676910E+00 1.339297390E+00 1.347045860E+00
 1.354938460E+00 1.362959580E+00 1.371108840E+00 1.379411140E+00 1.387856380E+00
 1.396453230E+00 1.405204180E+00 1.414116410E+00 1.423199050E+00 1.432455830E+00
 1.441891340E+00 1.451499890E+00 1.461297400E+00 1.471299280E+00 1.481507880E+00
 1.491928470E+00 1.502563660E+00 1.513417900E+00 1.524508830E+00 1.535850940E+00
 1.547447980E+00 1.559309030E+00 1.571433910E+00 1.583845520E+00 1.596571240E+00
 1.609594480E+00 1.622923720E+00 1.636569620E+00 1.650600020E+00 1.665025960E+00
 1.679835450E+00 1.695025790E+00 1.710627240E+00 1.726689860E+00 1.743228060E+00
 1.760257340E+00 1.777820510E+00 1.795940680E+00 1.814689230E+00 1.834032940E+00
 1.853961750E+00 1.874558170E+00 1.895885710E+00 1.918043890E+00 1.940983590E+00
 1.964688000E+00 1.989208090E+00 2.014488810E+00 2.040552560E+00 2.067498820E+00
 2.095651880E+00 2.125420760E+00 2.157243270E+00 2.191577290E+00
  107    6
 3.500000006E+00 0.000000000E+00 3.509461571E+00 1.338235294E-01 3.527922794E+00
 2.423777316E-01 3.549360039E+00 3.345588235E-01 3.569178554E+00 4.014705882E-01
 3.599016544E+00 4.863915929E-01 3.634563419E+00 5.724121076E-01 3.670110294E+00
 6.473087691E-01 3.705657169E+00 7.138659496E-01 3.741204044E+00 7.739089433E-01
 3.776750919E+00 8.286635148E-01 3.812297794E+00 8.789482761E-01 3.857273821E+00
 9.367647059E-01 3.915099370E+00 1.003676471E+00 3.954485294E+00 1.044826708E+00
 3.990032169E+00 1.079569154E+00 4.055209179E+00 1.137500000E+00 4.096672794E+00
 1.171061036E+00 4.141353687E+00 1.204411765E+00 4.203313419E+00 1.247158378E+00
 4.241884090E+00 1.271323529E+00 4.309954044E+00 1.311062504E+00 4.362252253E+00
 1.338235294E+00 4.416594669E+00 1.364685028E+00 4.487688419E+00 1.395112711E+00
 4.523235294E+00 1.409057859E+00 4.594329044E+00 1.434355990E+00 4.665422794E+00
 1.455756674E+00 4.729494850E+00 1.472058824E+00 4.772063419E+00 1.481809099E+00
 4.843157169E+00 1.494652753E+00 4.914250919E+00 1.503325492E+00 4.985344669E+00
 1.507416084E+00 5.056438419E+00 1.506091469E+00 5.127532169E+00 1.497837451E+00
 5.198625919E+00 1.479835341E+00 5.234172794E+00 1.466098021E+00 5.305266544E+00
 1.427439441E+00 5.340813419E+00 1.399287189E+00 5.399297647E+00 1.338235294E+00
 5.446870252E+00 1.271323529E+00 5.483000919E+00 1.208089018E+00 5.516238134E+00
 1.137500000E+00 5.543709936E+00 1.070588235E+00 5.568163804E+00 1.003676471E+00
 5.590153392E+00 9.367647059E-01 5.625188419E+00 8.134816583E-01 5.644085452E+00
 7.360294118E-01 5.660735294E+00 6.589058144E-01 5.683179133E+00 5.352941176E-01
 5.696282169E+00 4.405634816E-01 5.707214106E+00 3.345588235E-01 5.713933439E+00
 2.007352941E-01 5.712950773E+00 6.691176471E-02 5.704194432E+00-6.691176471E-02
 5.696282169E+00-1.383625104E-01 5.676944294E+00-2.676470588E-01 5.660735294E+00
-3.522336117E-01 5.634669575E+00-4.683823529E-01 5.617534623E+00-5.352941176E-01
 5.589641544E+00-6.351026687E-01 5.558406249E+00-7.360294118E-01 5.535908078E+00
-8.029411765E-01 5.512019240E+00-8.698529412E-01 5.483000919E+00-9.465329644E-01
 5.447454044E+00-1.031943418E+00 5.411907169E+00-1.108411181E+00 5.376360294E+00
-1.176250161E+00 5.340813419E+00-1.235479451E+00 5.305266544E+00-1.285835998E+00
 5.259189738E+00-1.338235294E+00 5.198625919E+00-1.391431999E+00 5.163079044E+00
-1.413896968E+00 5.091985294E+00-1.444519868E+00 5.020891544E+00-1.459298482E+00
 4.949797794E+00-1.463434355E+00 4.878704044E+00-1.459604403E+00 4.807610294E+00
-1.449267841E+00 4.736516544E+00-1.433204289E+00 4.665422794E+00-1.411725334E+00
 4.629875919E+00-1.399286204E+00 4.558782169E+00-1.372074150E+00 4.487688419E+00
-1.340074235E+00 4.452141544E+00-1.322849076E+00 4.381047794E+00-1.285202633E+00
 4.345500919E+00-1.264645882E+00 4.274407169E+00-1.221123717E+00 4.238860294E+00
-1.197480517E+00 4.167766544E+00-1.147432966E+00 4.132219669E+00-1.120520489E+00
 4.070301369E+00-1.070588235E+00 4.025579044E+00-1.032228181E+00 3.990032169E+00
-9.998840456E-01 3.924931278E+00-9.367647059E-01 3.883391544E+00-8.932752786E-01
 3.847844669E+00-8.537830585E-01 3.804639368E+00-8.029411765E-01 3.752919063E+00
-7.360294118E-01 3.706324868E+00-6.691176471E-01 3.670110294E+00-6.115878111E-01
 3.634563419E+00-5.483990330E-01 3.599016544E+00-4.760293934E-01 3.568271364E+00
-4.014705882E-01 3.545582174E+00-3.345588235E-01 3.527698238E+00-2.676470588E-01
 3.505456420E+00-1.338235294E-01 3.500000006E+00 0.000000000E+00
 5.999999995E+00 1.930000000E+00 3.500000006E+00 1.930000000E+00 3.500000006E+00
-1.930000000E+00 5.999999995E+00-1.930000000E+00 5.999999995E+00 1.930000000E+00
 5.999999995E+00 1.930000000E+00
    0 1.100000000E+01    0
