========================================================================
= FASTRAN

nonlinear model = 0
ichi = 1
ineo = 0
reading state...
read formatted input, inprof...
init geometry...
read formatted input, inmetric...
nrho in inmetric = 101
rhob in inmetric = 1.261039e+00
solve avg grad-shafranv...
solve_avg_gs::Ip_temp = 1.000252e+01 
solve_avg_gs::Ip      = 1.000000e+01 
>>> tau_he = 5.000000, nhe(0)=2.028920e+00

 plasma volume = 147.854071
 stored energy(e,i,b,a) = 4.405897e+01 4.553148e+01 0.000000e+00 0.000000e+00
 betan = 1.021139
*power
 Pnb(e,i) = 0.000000e+00 0.000000e+00
 Prf(e,i) = 3.549479e+00 3.645669e+01
 Prad     = -5.895745e+01 
 Pei      = 1.816807e+01 
 Pfuse    = 3.747400e+01 
 Pfusi    = 1.028402e+01 
 Poh      = 0.000000e+00 
*confinement time
 taut, tauITER98y2, H98y2 : 3.110052e+00 2.967883e+00 1.047902e+00
 taue, taui : 1.882126e+02 -5.775142e+00
 taut, tau89, H89 : 3.110052e+00 1.270987e+00 2.446957e+00
*temperature
 nea, nebar : 1.777557e+01 1.944669e+01 
 tea, tia : 6.297653e+00 7.011960e+00 (8.981301e-01)
 te0, ti0 : 1.710245e+01 2.435343e+01 (7.022603e-01)
 Sn : 6.709486e+02 
*current balance
 Ip,Ibs,Inb,Irf: 1.000000e+01 1.409461e+00 0.000000e+00 6.983204e-02
 fni,fbs: 0.148 0.141

Time advancing...
rho_bdry 0.900000 ...
te_bdry = 3.746797
ti_bdry = 3.746714
ne_bdry = 14.498656
rv_bdry = 279.463030
nrho_tr_bdry = 18
drho_bdry = 0.000000e+00
nrhob = 90
 [    0] t = 0.0000 
>>> tau_he = 5.000000, nhe(0)=2.020937e+00
 5 -30873.609   1.68e-03   1.66e-01   9.85e-04  -3.11e-02   5.42e-27 (  1.70e-01,  3.25e+01)
10 -265296.182   8.47e-03   2.58e-02  -6.12e-03  -2.68e-01   1.85e-22 (  1.67e+00,  6.63e+01)
15 -869872.507   6.45e-02  -8.38e-03   1.73e-02  -8.80e-01   2.25e-18 (  1.83e+01,  9.76e+01)
20 -1466049.451   1.19e-01   6.70e-02   9.85e-02  -1.49e+00   1.02e-14 (  4.25e+01,  1.24e+02)
25 -1754103.314   1.83e-01   1.74e-01   2.07e-01  -1.79e+00   1.72e-11 (  7.59e+01,  1.44e+02)
30 -1080268.228   2.52e-01   2.48e-01   1.99e-01  -1.10e+00   1.10e-08 (  1.14e+02,  1.57e+02)
35 -909703.648   2.66e-01   2.66e-01   2.38e-01  -9.34e-01   2.68e-06 (  1.16e+02,  1.62e+02)
40     -6.349   3.10e-01   3.34e-01   3.59e-01  -8.55e-01   2.52e-04 (  1.26e+02,  1.60e+02)
45     -0.283   3.39e-01   4.06e-01   3.09e-01  -2.91e-01   9.22e-03 (  1.25e+02,  1.52e+02)
50      0.102   3.50e-01   4.71e-01   2.97e-01   2.27e-01   1.36e-01 (  1.14e+02,  1.40e+02)
55      0.163   3.44e-01   4.94e-01   3.22e-01   8.59e-01   8.38e-01 (  9.81e+01,  1.26e+02)
60      0.133   3.41e-01   5.49e-01   3.30e-01   2.02e+00   2.38e+00 (  8.25e+01,  1.11e+02)
65      0.190   4.35e-01   7.08e-01   4.21e-01   3.79e+00   3.67e+00 (  7.98e+01,  9.82e+01)
70      0.210   4.82e-01   7.67e-01   4.88e-01   4.11e+00   3.96e+00 (  7.08e+01,  8.57e+01)
75      0.217   4.92e-01   8.09e-01   5.55e-01   3.94e+00   3.79e+00 (  5.99e+01,  7.32e+01)
80      0.221   4.91e-01   8.38e-01   6.19e-01   3.78e+00   3.57e+00 (  4.99e+01,  6.07e+01)
85      0.205   4.52e-01   8.20e-01   6.37e-01   3.35e+00   3.37e+00 (  4.15e+01,  4.80e+01)
90      0.374   9.14e-01   1.51e+00   1.08e+00   9.85e+00   3.20e+00 (  1.90e+02,  3.52e+01)
95      0.246   5.15e-01   7.42e-01   5.41e-01   1.53e+01   3.05e+00 (  2.67e+02,  2.15e+01)
 0 n: 8.168e-10 e: 5.307e-07 i: 7.825e-06 :: e: 0.000e+00 i: 0.000e+00 :: n: 2.168e+01 e:17.129 i:24.350 v:4.993e+03
>>> tau_he = 5.000000, nhe(0)=2.020786e+00
 5 -28472.418   3.71e-03   1.78e-01   8.51e-04  -2.87e-02   5.42e-27 (  3.73e-01,  3.25e+01)
10 -253123.345   8.28e-03   2.54e-02  -6.26e-03  -2.56e-01   1.85e-22 (  1.65e+00,  6.63e+01)
15 -986562.182   7.06e-02  -6.62e-05   2.08e-02  -9.98e-01   2.25e-18 (  2.02e+01,  9.76e+01)
20 -1614781.117   1.22e-01   7.82e-02   1.07e-01  -1.64e+00   1.02e-14 (  4.39e+01,  1.24e+02)
25 -1662856.886   1.84e-01   1.76e-01   2.08e-01  -1.69e+00   1.72e-11 (  7.67e+01,  1.44e+02)
30 -1194600.523   2.41e-01   2.41e-01   2.00e-01  -1.22e+00   1.10e-08 (  1.08e+02,  1.57e+02)
35 -903561.417   2.67e-01   2.68e-01   2.39e-01  -9.28e-01   2.68e-06 (  1.17e+02,  1.62e+02)
40     -3.706   3.10e-01   3.33e-01   3.57e-01  -8.34e-01   2.52e-04 (  1.25e+02,  1.60e+02)
45     -0.246   3.38e-01   4.03e-01   3.04e-01  -2.78e-01   9.22e-03 (  1.24e+02,  1.52e+02)
50      0.099   3.49e-01   4.69e-01   2.96e-01   2.18e-01   1.36e-01 (  1.14e+02,  1.40e+02)
55      0.164   3.45e-01   4.98e-01   3.24e-01   8.71e-01   8.38e-01 (  9.87e+01,  1.26e+02)
60      0.133   3.41e-01   5.49e-01   3.32e-01   2.01e+00   2.38e+00 (  8.25e+01,  1.11e+02)
65      0.190   4.37e-01   7.09e-01   4.22e-01   3.81e+00   3.67e+00 (  8.02e+01,  9.82e+01)
70      0.210   4.82e-01   7.67e-01   4.88e-01   4.11e+00   3.96e+00 (  7.07e+01,  8.57e+01)
75      0.217   4.91e-01   8.09e-01   5.55e-01   3.94e+00   3.79e+00 (  5.99e+01,  7.32e+01)
80      0.220   4.90e-01   8.35e-01   6.16e-01   3.78e+00   3.57e+00 (  5.00e+01,  6.07e+01)
85      0.199   4.39e-01   8.02e-01   6.26e-01   3.23e+00   3.37e+00 (  4.11e+01,  4.80e+01)
90      0.376   9.15e-01   1.51e+00   1.09e+00   9.91e+00   3.20e+00 (  1.90e+02,  3.52e+01)
95      0.246   5.15e-01   7.42e-01   5.41e-01   1.53e+01   3.05e+00 (  2.67e+02,  2.15e+01)
 1 n: 2.720e-03 e: 2.528e-02 i: 1.911e-01 :: e: 6.125e-03 i: 7.044e-03 :: n: 2.162e+01 e:19.733 i:32.654 v:4.993e+03
>>> tau_he = 5.000000, nhe(0)=2.376396e+00
 5 -98036.673   9.65e-03   4.32e-01   2.33e-03  -9.88e-02   5.42e-27 (  2.47e+00,  3.25e+01)
10 -2662647.856   1.06e-01   2.20e-01   1.21e-02  -2.69e+00   1.85e-22 (  5.30e+01,  6.63e+01)
15 -1905318.489   2.30e-01   1.36e-01  -6.11e-02  -1.93e+00   2.25e-18 (  1.25e+02,  9.76e+01)
20 -325691.140   4.29e-01   3.48e-01   2.90e-01  -3.31e-01   1.02e-14 (  2.26e+02,  1.24e+02)
25 -1044825.378   3.35e-01   4.44e-01   4.08e-01  -1.06e+00   1.72e-11 (  1.63e+02,  1.44e+02)
30 -1051963.546   3.37e-01   4.42e-01   4.06e-01  -1.08e+00   1.10e-08 (  1.50e+02,  1.57e+02)
35 -911953.476   3.34e-01   4.52e-01   3.95e-01  -9.36e-01   2.68e-06 (  1.42e+02,  1.62e+02)
40     -6.719   2.90e-01   3.46e-01   3.82e-01  -8.47e-01   2.52e-04 (  1.12e+02,  1.60e+02)
45     -0.615   3.18e-01   3.90e-01   3.03e-01  -4.12e-01   9.22e-03 (  1.10e+02,  1.52e+02)
50     -0.009   3.32e-01   4.44e-01   2.75e-01  -1.57e-02   1.36e-01 (  1.03e+02,  1.40e+02)
55      0.156   3.39e-01   4.91e-01   3.25e-01   7.81e-01   8.38e-01 (  9.58e+01,  1.26e+02)
60      0.130   3.42e-01   5.54e-01   3.29e-01   2.00e+00   2.38e+00 (  8.34e+01,  1.11e+02)
65      0.188   4.38e-01   7.04e-01   4.15e-01   3.79e+00   3.67e+00 (  8.13e+01,  9.82e+01)
70      0.205   4.78e-01   7.52e-01   4.75e-01   4.04e+00   3.96e+00 (  7.11e+01,  8.57e+01)
75      0.206   4.74e-01   7.73e-01   5.28e-01   3.74e+00   3.79e+00 (  5.89e+01,  7.32e+01)
80      0.203   4.57e-01   7.80e-01   5.77e-01   3.46e+00   3.57e+00 (  4.79e+01,  6.07e+01)
85      0.193   4.24e-01   7.68e-01   6.02e-01   3.11e+00   3.37e+00 (  3.86e+01,  4.80e+01)
90      0.377   9.09e-01   1.51e+00   1.09e+00   9.84e+00   3.20e+00 (  1.84e+02,  3.52e+01)
95      0.246   5.15e-01   7.42e-01   5.41e-01   1.53e+01   3.05e+00 (  2.67e+02,  2.15e+01)
 2 n: 1.262e-04 e: 7.606e-03 i: 1.542e-03 :: e: 1.261e-01 i: 1.415e-01 :: n: 2.163e+01 e:21.690 i:32.973 v:4.993e+03
>>> tau_he = 5.000000, nhe(0)=2.388935e+00
 5 -155286.229   1.13e-02   4.71e-01   2.69e-03  -1.57e-01   5.42e-27 (  3.92e+00,  3.25e+01)
10 -4206149.526   1.40e-01   3.05e-01   2.09e-02  -4.25e+00   1.85e-22 (  9.00e+01,  6.63e+01)
15 -3724508.975   4.37e-01   5.57e-01   1.89e-01  -3.77e+00   2.25e-18 (  2.98e+02,  9.76e+01)
20 -834233.570   4.39e-01   3.76e-01   3.33e-01  -8.47e-01   1.02e-14 (  2.76e+02,  1.24e+02)
25 -1779061.928   3.70e-01   4.60e-01   4.09e-01  -1.81e+00   1.72e-11 (  2.11e+02,  1.44e+02)
30 -1381931.583   3.59e-01   4.39e-01   3.84e-01  -1.41e+00   1.10e-08 (  1.81e+02,  1.57e+02)
35 -1268378.958   3.46e-01   4.43e-01   3.80e-01  -1.30e+00   2.68e-06 (  1.61e+02,  1.62e+02)
40     -7.101   3.10e-01   3.42e-01   3.71e-01  -9.01e-01   2.52e-04 (  1.28e+02,  1.60e+02)
45     -0.639   3.26e-01   3.88e-01   2.98e-01  -4.53e-01   9.22e-03 (  1.16e+02,  1.52e+02)
50     -0.004   3.34e-01   4.40e-01   2.67e-01  -6.96e-03   1.36e-01 (  1.05e+02,  1.40e+02)
55      0.157   3.37e-01   4.83e-01   3.18e-01   7.93e-01   8.38e-01 (  9.52e+01,  1.26e+02)
60      0.129   3.36e-01   5.42e-01   3.23e-01   1.99e+00   2.38e+00 (  8.12e+01,  1.11e+02)
65      0.186   4.30e-01   6.93e-01   4.10e-01   3.75e+00   3.67e+00 (  7.84e+01,  9.82e+01)
70      0.205   4.72e-01   7.43e-01   4.70e-01   4.03e+00   3.96e+00 (  6.88e+01,  8.57e+01)
75      0.207   4.74e-01   7.71e-01   5.27e-01   3.78e+00   3.79e+00 (  5.76e+01,  7.32e+01)
80      0.206   4.61e-01   7.80e-01   5.75e-01   3.52e+00   3.57e+00 (  4.72e+01,  6.07e+01)
85      0.195   4.27e-01   7.67e-01   6.00e-01   3.14e+00   3.37e+00 (  3.78e+01,  4.80e+01)
90      0.378   9.09e-01   1.51e+00   1.09e+00   9.85e+00   3.20e+00 (  1.83e+02,  3.52e+01)
95      0.246   5.15e-01   7.42e-01   5.41e-01   1.53e+01   3.05e+00 (  2.67e+02,  2.15e+01)
 3 n: 9.699e-05 e: 4.799e-03 i: 1.182e-02 :: e: 1.439e-01 i: 1.695e-01 :: n: 2.165e+01 e:20.732 i:31.835 v:4.993e+03
>>> tau_he = 5.000000, nhe(0)=2.355097e+00
 5 -141925.260   8.56e-03   4.30e-01   2.46e-03  -1.43e-01   5.42e-27 (  2.88e+00,  3.25e+01)
10 -3351298.099   1.18e-01   2.61e-01   1.28e-02  -3.38e+00   1.85e-22 (  6.72e+01,  6.63e+01)
15 -2590980.332   1.99e-01   9.21e-02   1.07e-02  -2.62e+00   2.25e-18 (  1.13e+02,  9.76e+01)
20 -1208115.057   3.83e-01   4.70e-01   3.08e-01  -1.23e+00   1.02e-14 (  2.10e+02,  1.24e+02)
25 -1739457.899   3.62e-01   4.50e-01   3.90e-01  -1.77e+00   1.72e-11 (  1.91e+02,  1.44e+02)
30 -1322864.408   3.55e-01   4.33e-01   3.75e-01  -1.35e+00   1.10e-08 (  1.72e+02,  1.57e+02)
35 -1226627.989   3.46e-01   4.40e-01   3.77e-01  -1.26e+00   2.68e-06 (  1.57e+02,  1.62e+02)
40     -6.544   3.14e-01   3.46e-01   3.70e-01  -8.37e-01   2.52e-04 (  1.29e+02,  1.60e+02)
45     -0.506   3.32e-01   3.99e-01   3.07e-01  -3.81e-01   9.22e-03 (  1.20e+02,  1.52e+02)
50      0.029   3.42e-01   4.56e-01   2.75e-01   5.22e-02   1.36e-01 (  1.09e+02,  1.40e+02)
55      0.167   3.45e-01   5.02e-01   3.29e-01   8.51e-01   8.38e-01 (  9.83e+01,  1.26e+02)
60      0.135   3.46e-01   5.64e-01   3.37e-01   2.08e+00   2.38e+00 (  8.44e+01,  1.11e+02)
65      0.190   4.37e-01   7.08e-01   4.21e-01   3.83e+00   3.67e+00 (  8.07e+01,  9.82e+01)
70      0.207   4.79e-01   7.55e-01   4.78e-01   4.08e+00   3.96e+00 (  7.06e+01,  8.57e+01)
75      0.209   4.79e-01   7.81e-01   5.33e-01   3.82e+00   3.79e+00 (  5.89e+01,  7.32e+01)
80      0.207   4.65e-01   7.87e-01   5.78e-01   3.55e+00   3.57e+00 (  4.82e+01,  6.07e+01)
85      0.194   4.26e-01   7.67e-01   5.99e-01   3.14e+00   3.37e+00 (  3.83e+01,  4.80e+01)
90      0.377   9.08e-01   1.51e+00   1.09e+00   9.83e+00   3.20e+00 (  1.83e+02,  3.52e+01)
95      0.246   5.15e-01   7.42e-01   5.41e-01   1.53e+01   3.05e+00 (  2.67e+02,  2.15e+01)
 4 n: 8.031e-05 e: 7.845e-04 i: 3.865e-03 :: e: 9.081e-02 i: 1.147e-01 :: n: 2.166e+01 e:20.544 i:30.530 v:4.993e+03
>>> tau_he = 5.000000, nhe(0)=2.310089e+00
 5 -130969.833   8.76e-03   4.08e-01   2.44e-03  -1.32e-01   5.42e-27 (  2.98e+00,  3.25e+01)
10 -3093490.533   1.00e-01   2.21e-01   1.42e-02  -3.12e+00   1.85e-22 (  5.45e+01,  6.63e+01)
15 -2388315.097   1.85e-01   8.40e-02   2.16e-02  -2.42e+00   2.25e-18 (  1.00e+02,  9.76e+01)
20 -1296509.765   3.60e-01   4.72e-01   3.64e-01  -1.32e+00   1.02e-14 (  1.86e+02,  1.24e+02)
25 -1908740.827   3.56e-01   4.44e-01   3.92e-01  -1.94e+00   1.72e-11 (  1.80e+02,  1.44e+02)
30 -1596500.993   3.43e-01   4.35e-01   3.87e-01  -1.63e+00   1.10e-08 (  1.63e+02,  1.57e+02)
35 -1085017.885   3.47e-01   3.98e-01   3.78e-01  -1.11e+00   2.68e-06 (  1.58e+02,  1.62e+02)
40     -7.054   3.18e-01   3.49e-01   3.76e-01  -9.07e-01   2.52e-04 (  1.33e+02,  1.60e+02)
45     -0.553   3.38e-01   4.04e-01   3.12e-01  -4.33e-01   9.22e-03 (  1.24e+02,  1.52e+02)
50      0.008   3.48e-01   4.62e-01   2.77e-01   1.43e-02   1.36e-01 (  1.13e+02,  1.40e+02)
55      0.162   3.51e-01   5.06e-01   3.32e-01   8.24e-01   8.38e-01 (  1.02e+02,  1.26e+02)
60      0.134   3.50e-01   5.67e-01   3.39e-01   2.07e+00   2.38e+00 (  8.70e+01,  1.11e+02)
65      0.190   4.40e-01   7.14e-01   4.24e-01   3.84e+00   3.67e+00 (  8.27e+01,  9.82e+01)
70      0.209   4.82e-01   7.63e-01   4.83e-01   4.11e+00   3.96e+00 (  7.22e+01,  8.57e+01)
75      0.211   4.85e-01   7.91e-01   5.39e-01   3.87e+00   3.79e+00 (  6.04e+01,  7.32e+01)
80      0.210   4.72e-01   8.01e-01   5.87e-01   3.62e+00   3.57e+00 (  4.96e+01,  6.07e+01)
85      0.196   4.32e-01   7.79e-01   6.08e-01   3.18e+00   3.37e+00 (  3.92e+01,  4.80e+01)
90      0.377   9.09e-01   1.51e+00   1.09e+00   9.84e+00   3.20e+00 (  1.84e+02,  3.52e+01)
95      0.246   5.15e-01   7.42e-01   5.41e-01   1.53e+01   3.05e+00 (  2.67e+02,  2.15e+01)
 5 n: 7.877e-05 e: 1.042e-03 i: 1.937e-03 :: e: 7.249e-02 i: 9.193e-02 :: n: 2.166e+01 e:19.985 i:29.785 v:4.993e+03
>>> tau_he = 5.000000, nhe(0)=2.282272e+00
 5 -120945.970   8.35e-03   3.90e-01   2.33e-03  -1.22e-01   5.42e-27 (  2.78e+00,  3.25e+01)
10 -2720296.029   9.34e-02   1.87e-01   1.39e-02  -2.75e+00   1.85e-22 (  4.79e+01,  6.63e+01)
15 -2232524.306   1.76e-01   1.06e-01   4.89e-02  -2.26e+00   2.25e-18 (  8.99e+01,  9.76e+01)
20 -1930160.809   2.08e-01   1.92e-01   6.42e-02  -1.96e+00   1.02e-14 (  9.95e+01,  1.24e+02)
25 -2280551.155   1.90e-01   1.94e-01   1.68e-01  -2.32e+00   1.72e-11 (  9.02e+01,  1.44e+02)
30 -1136185.349   2.51e-01   2.47e-01   2.03e-01  -1.16e+00   1.10e-08 (  1.14e+02,  1.57e+02)
35 -733599.502   2.75e-01   2.65e-01   2.40e-01  -7.53e-01   2.68e-06 (  1.21e+02,  1.62e+02)
40     -6.653   3.13e-01   3.40e-01   3.66e-01  -8.62e-01   2.52e-04 (  1.28e+02,  1.60e+02)
45     -0.460   3.34e-01   3.97e-01   3.05e-01  -3.81e-01   9.22e-03 (  1.21e+02,  1.52e+02)
50      0.033   3.46e-01   4.57e-01   2.72e-01   6.33e-02   1.36e-01 (  1.12e+02,  1.40e+02)
55      0.167   3.49e-01   5.02e-01   3.29e-01   8.53e-01   8.38e-01 (  1.01e+02,  1.26e+02)
60      0.136   3.50e-01   5.65e-01   3.39e-01   2.08e+00   2.38e+00 (  8.64e+01,  1.11e+02)
65      0.192   4.41e-01   7.16e-01   4.26e-01   3.85e+00   3.67e+00 (  8.26e+01,  9.82e+01)
70      0.210   4.85e-01   7.68e-01   4.87e-01   4.15e+00   3.96e+00 (  7.26e+01,  8.57e+01)
75      0.214   4.90e-01   8.00e-01   5.46e-01   3.92e+00   3.79e+00 (  6.13e+01,  7.32e+01)
80      0.213   4.80e-01   8.14e-01   5.97e-01   3.69e+00   3.57e+00 (  5.07e+01,  6.07e+01)
85      0.199   4.37e-01   7.93e-01   6.19e-01   3.24e+00   3.37e+00 (  4.01e+01,  4.80e+01)
90      0.378   9.10e-01   1.51e+00   1.09e+00   9.86e+00   3.20e+00 (  1.84e+02,  3.52e+01)
95      0.246   5.15e-01   7.42e-01   5.41e-01   1.53e+01   3.05e+00 (  2.67e+02,  2.15e+01)
 6 n: 3.609e-05 e: 1.334e-04 i: 4.903e-04 :: e: 3.203e-02 i: 4.453e-02 :: n: 2.166e+01 e:19.933 i:29.419 v:4.993e+03
>>> tau_he = 5.000000, nhe(0)=2.267232e+00
 5 -115562.474   8.11e-03   3.87e-01   2.35e-03  -1.17e-01   5.42e-27 (  2.68e+00,  3.25e+01)
10 -2558678.824   8.64e-02   1.68e-01   1.38e-02  -2.58e+00   1.85e-22 (  4.29e+01,  6.63e+01)
15 -2146000.566   1.72e-01   1.03e-01   5.35e-02  -2.17e+00   2.25e-18 (  8.53e+01,  9.76e+01)
20 -1910858.987   2.06e-01   1.91e-01   7.94e-02  -1.94e+00   1.02e-14 (  9.75e+01,  1.24e+02)
25 -2248736.067   1.92e-01   1.98e-01   1.69e-01  -2.29e+00   1.72e-11 (  9.15e+01,  1.44e+02)
30 -1101520.601   2.49e-01   2.53e-01   2.09e-01  -1.13e+00   1.10e-08 (  1.13e+02,  1.57e+02)
35 -926773.500   2.69e-01   2.75e-01   2.49e-01  -9.52e-01   2.68e-06 (  1.18e+02,  1.62e+02)
40     -6.695   3.13e-01   3.46e-01   3.76e-01  -8.73e-01   2.52e-04 (  1.28e+02,  1.60e+02)
45     -0.463   3.33e-01   4.02e-01   3.09e-01  -3.98e-01   9.22e-03 (  1.21e+02,  1.52e+02)
50      0.022   3.48e-01   4.63e-01   2.76e-01   4.45e-02   1.36e-01 (  1.13e+02,  1.40e+02)
55      0.162   3.51e-01   5.07e-01   3.32e-01   8.29e-01   8.38e-01 (  1.02e+02,  1.26e+02)
60      0.134   3.51e-01   5.68e-01   3.40e-01   2.05e+00   2.38e+00 (  8.75e+01,  1.11e+02)
65      0.192   4.45e-01   7.20e-01   4.27e-01   3.85e+00   3.67e+00 (  8.41e+01,  9.82e+01)
70      0.211   4.88e-01   7.73e-01   4.90e-01   4.15e+00   3.96e+00 (  7.38e+01,  8.57e+01)
75      0.214   4.92e-01   8.05e-01   5.49e-01   3.92e+00   3.79e+00 (  6.23e+01,  7.32e+01)
80      0.213   4.81e-01   8.18e-01   5.99e-01   3.69e+00   3.57e+00 (  5.16e+01,  6.07e+01)
85      0.199   4.36e-01   7.95e-01   6.20e-01   3.22e+00   3.37e+00 (  4.07e+01,  4.80e+01)
90      0.377   9.10e-01   1.51e+00   1.09e+00   9.83e+00   3.20e+00 (  1.85e+02,  3.52e+01)
95      0.246   5.15e-01   7.42e-01   5.41e-01   1.53e+01   3.05e+00 (  2.67e+02,  2.15e+01)
 7 n: 3.354e-05 e: 1.299e-04 i: 1.799e-04 :: e: 3.013e-02 i: 3.687e-02 :: n: 2.166e+01 e:19.769 i:29.417 v:4.993e+03
>>> tau_he = 5.000000, nhe(0)=2.267106e+00
 5 -112525.396   8.13e-03   3.90e-01   2.39e-03  -1.13e-01   5.42e-27 (  2.67e+00,  3.25e+01)
10 -2427073.375   8.18e-02   1.55e-01   1.41e-02  -2.45e+00   1.85e-22 (  3.96e+01,  6.63e+01)
15 -2027027.620   2.08e-01   1.75e-01  -2.49e-02  -2.05e+00   2.25e-18 (  1.01e+02,  9.76e+01)
20 -1910405.638   2.03e-01   1.87e-01   7.72e-02  -1.94e+00   1.02e-14 (  9.55e+01,  1.24e+02)
25 -2248710.120   1.97e-01   1.96e-01   1.64e-01  -2.29e+00   1.72e-11 (  9.37e+01,  1.44e+02)
30 -1041647.510   2.50e-01   2.50e-01   2.03e-01  -1.07e+00   1.10e-08 (  1.14e+02,  1.57e+02)
35 -906835.872   2.67e-01   2.70e-01   2.43e-01  -9.31e-01   2.68e-06 (  1.16e+02,  1.62e+02)
40     -6.514   3.09e-01   3.37e-01   3.66e-01  -8.55e-01   2.52e-04 (  1.25e+02,  1.60e+02)
45     -0.413   3.29e-01   3.92e-01   2.99e-01  -3.71e-01   9.22e-03 (  1.18e+02,  1.52e+02)
50      0.037   3.43e-01   4.51e-01   2.67e-01   7.45e-02   1.36e-01 (  1.10e+02,  1.40e+02)
55      0.163   3.46e-01   4.95e-01   3.24e-01   8.36e-01   8.38e-01 (  9.91e+01,  1.26e+02)
60      0.133   3.45e-01   5.54e-01   3.33e-01   2.03e+00   2.38e+00 (  8.48e+01,  1.11e+02)
65      0.190   4.38e-01   7.10e-01   4.22e-01   3.81e+00   3.67e+00 (  8.18e+01,  9.82e+01)
70      0.210   4.84e-01   7.66e-01   4.86e-01   4.12e+00   3.96e+00 (  7.24e+01,  8.57e+01)
75      0.215   4.91e-01   8.03e-01   5.48e-01   3.93e+00   3.79e+00 (  6.16e+01,  7.32e+01)
80      0.215   4.84e-01   8.22e-01   6.02e-01   3.72e+00   3.57e+00 (  5.14e+01,  6.07e+01)
85      0.201   4.41e-01   8.02e-01   6.27e-01   3.27e+00   3.37e+00 (  4.07e+01,  4.80e+01)
90      0.378   9.11e-01   1.51e+00   1.09e+00   9.86e+00   3.20e+00 (  1.85e+02,  3.52e+01)
95      0.246   5.15e-01   7.42e-01   5.41e-01   1.53e+01   3.05e+00 (  2.67e+02,  2.15e+01)
 8 n: 9.743e-06 e: 1.105e-04 i: 3.333e-04 :: e: 2.853e-02 i: 3.750e-02 :: n: 2.166e+01 e:19.852 i:29.268 v:4.993e+03
>>> tau_he = 5.000000, nhe(0)=2.261188e+00
 5 -111948.937   8.02e-03   3.89e-01   2.39e-03  -1.13e-01   5.42e-27 (  2.65e+00,  3.25e+01)
10 -2382813.291   7.97e-02   1.51e-01   1.37e-02  -2.41e+00   1.85e-22 (  3.82e+01,  6.63e+01)
15 -2465491.006   2.11e-01   1.77e-01  -3.97e-03  -2.49e+00   2.25e-18 (  1.01e+02,  9.76e+01)
20 -1934509.569   2.05e-01   1.90e-01   8.09e-02  -1.96e+00   1.02e-14 (  9.70e+01,  1.24e+02)
25 -2249977.570   2.04e-01   2.02e-01   1.60e-01  -2.29e+00   1.72e-11 (  9.86e+01,  1.44e+02)
30 -1827380.893   2.57e-01   2.59e-01   2.14e-01  -1.87e+00   1.10e-08 (  1.18e+02,  1.57e+02)
35 -1208458.013   3.34e-01   3.98e-01   3.78e-01  -1.24e+00   2.68e-06 (  1.47e+02,  1.62e+02)
40     -6.572   3.12e-01   3.45e-01   3.76e-01  -8.66e-01   2.52e-04 (  1.27e+02,  1.60e+02)
45     -0.413   3.31e-01   4.00e-01   3.06e-01  -3.81e-01   9.22e-03 (  1.20e+02,  1.52e+02)
50      0.031   3.45e-01   4.61e-01   2.73e-01   6.46e-02   1.36e-01 (  1.11e+02,  1.40e+02)
55      0.161   3.48e-01   5.03e-01   3.30e-01   8.27e-01   8.38e-01 (  1.00e+02,  1.26e+02)
60      0.133   3.48e-01   5.62e-01   3.37e-01   2.02e+00   2.38e+00 (  8.61e+01,  1.11e+02)
65      0.191   4.42e-01   7.16e-01   4.24e-01   3.82e+00   3.67e+00 (  8.31e+01,  9.82e+01)
70      0.210   4.86e-01   7.70e-01   4.88e-01   4.12e+00   3.96e+00 (  7.33e+01,  8.57e+01)
75      0.214   4.91e-01   8.03e-01   5.48e-01   3.91e+00   3.79e+00 (  6.21e+01,  7.32e+01)
80      0.213   4.81e-01   8.18e-01   5.99e-01   3.69e+00   3.57e+00 (  5.17e+01,  6.07e+01)
85      0.199   4.36e-01   7.96e-01   6.21e-01   3.22e+00   3.37e+00 (  4.08e+01,  4.80e+01)
90      0.377   9.10e-01   1.51e+00   1.09e+00   9.83e+00   3.20e+00 (  1.85e+02,  3.52e+01)
95      0.246   5.15e-01   7.42e-01   5.41e-01   1.53e+01   3.05e+00 (  2.67e+02,  2.15e+01)
 9 n: 1.187e-05 e: 1.380e-04 i: 3.196e-04 :: e: 2.816e-02 i: 3.652e-02 :: n: 2.166e+01 e:19.702 i:29.274 v:4.993e+03
>>> tau_he = 5.000000, nhe(0)=2.261925e+00
 5 -110395.629   8.06e-03   3.90e-01   2.41e-03  -1.11e-01   5.42e-27 (  2.64e+00,  3.25e+01)
10 -2314878.483   7.46e-02   1.49e-01   9.35e-03  -2.34e+00   1.85e-22 (  3.50e+01,  6.63e+01)
15 -2545251.698   2.02e-01   1.70e-01   1.24e-02  -2.58e+00   2.25e-18 (  9.45e+01,  9.76e+01)
20 -1927457.664   1.98e-01   1.86e-01   7.83e-02  -1.96e+00   1.02e-14 (  9.30e+01,  1.24e+02)
25 -2235375.501   2.04e-01   2.01e-01   1.55e-01  -2.28e+00   1.72e-11 (  9.90e+01,  1.44e+02)
30 -1811914.630   2.56e-01   2.56e-01   2.08e-01  -1.85e+00   1.10e-08 (  1.18e+02,  1.57e+02)
35 -913854.203   2.66e-01   2.69e-01   2.42e-01  -9.38e-01   2.68e-06 (  1.16e+02,  1.62e+02)
40     -6.487   3.08e-01   3.36e-01   3.65e-01  -8.59e-01   2.52e-04 (  1.24e+02,  1.60e+02)
45     -0.379   3.28e-01   3.92e-01   2.97e-01  -3.61e-01   9.22e-03 (  1.18e+02,  1.52e+02)
50      0.042   3.42e-01   4.51e-01   2.65e-01   8.81e-02   1.36e-01 (  1.09e+02,  1.40e+02)
55      0.162   3.45e-01   4.93e-01   3.23e-01   8.35e-01   8.38e-01 (  9.84e+01,  1.26e+02)
60      0.132   3.43e-01   5.50e-01   3.31e-01   2.01e+00   2.38e+00 (  8.40e+01,  1.11e+02)
65      0.189   4.36e-01   7.06e-01   4.19e-01   3.78e+00   3.67e+00 (  8.11e+01,  9.82e+01)
70      0.209   4.81e-01   7.62e-01   4.84e-01   4.10e+00   3.96e+00 (  7.18e+01,  8.57e+01)
75      0.214   4.89e-01   8.00e-01   5.46e-01   3.92e+00   3.79e+00 (  6.11e+01,  7.32e+01)
80      0.215   4.83e-01   8.20e-01   6.01e-01   3.72e+00   3.57e+00 (  5.12e+01,  6.07e+01)
85      0.201   4.41e-01   8.01e-01   6.26e-01   3.26e+00   3.37e+00 (  4.06e+01,  4.80e+01)
90      0.378   9.10e-01   1.51e+00   1.09e+00   9.86e+00   3.20e+00 (  1.85e+02,  3.52e+01)
95      0.246   5.15e-01   7.42e-01   5.41e-01   1.53e+01   3.05e+00 (  2.67e+02,  2.15e+01)
10 n: 3.362e-06 e: 6.543e-05 i: 1.857e-04 :: e: 2.167e-02 i: 3.096e-02 :: n: 2.167e+01 e:19.790 i:29.163 v:4.993e+03
>>> tau_he = 5.000000, nhe(0)=2.257906e+00
 5 -109991.983   7.97e-03   3.89e-01   2.41e-03  -1.11e-01   5.42e-27 (  2.62e+00,  3.25e+01)
10 -2293562.744   7.35e-02   1.47e-01   9.05e-03  -2.32e+00   1.85e-22 (  3.43e+01,  6.63e+01)
15 -2520251.560   2.00e-01   1.70e-01   2.28e-02  -2.55e+00   2.25e-18 (  9.25e+01,  9.76e+01)
20 -1961909.095   2.04e-01   1.89e-01   8.13e-02  -1.99e+00   1.02e-14 (  9.64e+01,  1.24e+02)
25 -1785414.045   3.25e-01   4.35e-01   3.83e-01  -1.82e+00   1.72e-11 (  1.59e+02,  1.44e+02)
30 -1486103.834   3.38e-01   4.31e-01   3.84e-01  -1.52e+00   1.10e-08 (  1.57e+02,  1.57e+02)
35 -1536860.452   2.68e-01   2.79e-01   2.53e-01  -1.58e+00   2.68e-06 (  1.18e+02,  1.62e+02)
40     -6.526   3.11e-01   3.44e-01   3.75e-01  -8.67e-01   2.52e-04 (  1.26e+02,  1.60e+02)
45     -0.382   3.31e-01   4.01e-01   3.04e-01  -3.70e-01   9.22e-03 (  1.20e+02,  1.52e+02)
50      0.036   3.45e-01   4.61e-01   2.71e-01   7.78e-02   1.36e-01 (  1.11e+02,  1.40e+02)
55      0.161   3.48e-01   5.03e-01   3.30e-01   8.29e-01   8.38e-01 (  1.00e+02,  1.26e+02)
60      0.133   3.47e-01   5.60e-01   3.36e-01   2.02e+00   2.38e+00 (  8.56e+01,  1.11e+02)
65      0.190   4.41e-01   7.14e-01   4.22e-01   3.81e+00   3.67e+00 (  8.27e+01,  9.82e+01)
70      0.209   4.84e-01   7.67e-01   4.86e-01   4.11e+00   3.96e+00 (  7.29e+01,  8.57e+01)
75      0.213   4.89e-01   8.00e-01   5.46e-01   3.90e+00   3.79e+00 (  6.18e+01,  7.32e+01)
80      0.213   4.80e-01   8.16e-01   5.97e-01   3.68e+00   3.57e+00 (  5.15e+01,  6.07e+01)
85      0.198   4.35e-01   7.94e-01   6.19e-01   3.21e+00   3.37e+00 (  4.07e+01,  4.80e+01)
90      0.377   9.09e-01   1.51e+00   1.09e+00   9.82e+00   3.20e+00 (  1.85e+02,  3.52e+01)
95      0.246   5.15e-01   7.42e-01   5.41e-01   1.53e+01   3.05e+00 (  2.67e+02,  2.15e+01)
11 n: 5.279e-06 e: 1.522e-04 i: 5.567e-04 :: e: 3.459e-02 i: 4.732e-02 :: n: 2.167e+01 e:19.628 i:29.042 v:4.993e+03
>>> tau_he = 5.000000, nhe(0)=2.253552e+00
 5 -108625.138   7.94e-03   3.84e-01   2.39e-03  -1.10e-01   5.42e-27 (  2.60e+00,  3.25e+01)
10 -2246366.635   7.22e-02   1.44e-01   8.78e-03  -2.27e+00   1.85e-22 (  3.33e+01,  6.63e+01)
15 -2466092.447   1.94e-01   1.56e-01   6.44e-02  -2.50e+00   2.25e-18 (  8.86e+01,  9.76e+01)
20 -1924624.355   1.95e-01   1.85e-01   8.28e-02  -1.95e+00   1.02e-14 (  9.17e+01,  1.24e+02)
25 -2281702.264   1.95e-01   1.95e-01   1.64e-01  -2.32e+00   1.72e-11 (  9.35e+01,  1.44e+02)
30 -1103074.739   2.52e-01   2.49e-01   2.02e-01  -1.13e+00   1.10e-08 (  1.15e+02,  1.57e+02)
35 -888199.641   2.68e-01   2.72e-01   2.43e-01  -9.12e-01   2.68e-06 (  1.18e+02,  1.62e+02)
40     -6.433   3.09e-01   3.37e-01   3.65e-01  -8.58e-01   2.52e-04 (  1.25e+02,  1.60e+02)
45     -0.354   3.28e-01   3.92e-01   2.96e-01  -3.52e-01   9.22e-03 (  1.18e+02,  1.52e+02)
50      0.046   3.42e-01   4.52e-01   2.64e-01   9.91e-02   1.36e-01 (  1.10e+02,  1.40e+02)
55      0.162   3.44e-01   4.93e-01   3.23e-01   8.38e-01   8.38e-01 (  9.84e+01,  1.26e+02)
60      0.132   3.43e-01   5.50e-01   3.30e-01   2.01e+00   2.38e+00 (  8.38e+01,  1.11e+02)
65      0.189   4.35e-01   7.05e-01   4.18e-01   3.78e+00   3.67e+00 (  8.09e+01,  9.82e+01)
70      0.209   4.81e-01   7.61e-01   4.83e-01   4.09e+00   3.96e+00 (  7.15e+01,  8.57e+01)
75      0.214   4.89e-01   7.98e-01   5.45e-01   3.91e+00   3.79e+00 (  6.09e+01,  7.32e+01)
80      0.215   4.83e-01   8.19e-01   6.00e-01   3.72e+00   3.57e+00 (  5.11e+01,  6.07e+01)
85      0.201   4.41e-01   8.00e-01   6.25e-01   3.26e+00   3.37e+00 (  4.05e+01,  4.80e+01)
90      0.378   9.10e-01   1.51e+00   1.09e+00   9.86e+00   3.20e+00 (  1.84e+02,  3.52e+01)
95      0.246   5.15e-01   7.42e-01   5.41e-01   1.53e+01   3.05e+00 (  2.67e+02,  2.15e+01)
12 n: 1.478e-06 e: 4.204e-05 i: 1.433e-04 :: e: 2.101e-02 i: 2.848e-02 :: n: 2.167e+01 e:19.678 i:28.958 v:4.993e+03
>>> tau_he = 5.000000, nhe(0)=2.250502e+00
 5 -107660.293   7.86e-03   3.83e-01   2.39e-03  -1.09e-01   5.42e-27 (  2.57e+00,  3.25e+01)
10 -2219168.057   7.10e-02   1.42e-01   8.48e-03  -2.24e+00   1.85e-22 (  3.25e+01,  6.63e+01)
15 -2432271.914   1.94e-01   1.54e-01   6.64e-02  -2.46e+00   2.25e-18 (  8.75e+01,  9.76e+01)
20 -1926846.693   1.97e-01   1.86e-01   8.65e-02  -1.96e+00   1.02e-14 (  9.24e+01,  1.24e+02)
25 -2254850.257   2.01e-01   2.00e-01   1.62e-01  -2.30e+00   1.72e-11 (  9.70e+01,  1.44e+02)
30 -1843402.703   2.54e-01   2.57e-01   2.12e-01  -1.89e+00   1.10e-08 (  1.17e+02,  1.57e+02)
35 -1198220.427   3.34e-01   3.99e-01   3.78e-01  -1.23e+00   2.68e-06 (  1.48e+02,  1.62e+02)
40     -6.442   3.12e-01   3.44e-01   3.75e-01  -8.60e-01   2.52e-04 (  1.27e+02,  1.60e+02)
45     -0.359   3.31e-01   4.01e-01   3.03e-01  -3.60e-01   9.22e-03 (  1.20e+02,  1.52e+02)
50      0.041   3.45e-01   4.62e-01   2.71e-01   8.82e-02   1.36e-01 (  1.11e+02,  1.40e+02)
55      0.161   3.48e-01   5.03e-01   3.30e-01   8.32e-01   8.38e-01 (  1.00e+02,  1.26e+02)
60      0.133   3.47e-01   5.60e-01   3.36e-01   2.02e+00   2.38e+00 (  8.56e+01,  1.11e+02)
65      0.190   4.41e-01   7.14e-01   4.22e-01   3.81e+00   3.67e+00 (  8.26e+01,  9.82e+01)
70      0.209   4.84e-01   7.67e-01   4.86e-01   4.11e+00   3.96e+00 (  7.28e+01,  8.57e+01)
75      0.213   4.89e-01   8.00e-01   5.46e-01   3.90e+00   3.79e+00 (  6.17e+01,  7.32e+01)
80      0.213   4.80e-01   8.16e-01   5.97e-01   3.68e+00   3.57e+00 (  5.15e+01,  6.07e+01)
85      0.198   4.35e-01   7.93e-01   6.19e-01   3.21e+00   3.37e+00 (  4.07e+01,  4.80e+01)
90      0.377   9.09e-01   1.51e+00   1.09e+00   9.82e+00   3.20e+00 (  1.85e+02,  3.52e+01)
95      0.246   5.15e-01   7.42e-01   5.41e-01   1.53e+01   3.05e+00 (  2.67e+02,  2.15e+01)
13 n: 2.819e-06 e: 7.533e-05 i: 1.954e-04 :: e: 2.194e-02 i: 2.863e-02 :: n: 2.168e+01 e:19.585 i:29.018 v:4.993e+03
>>> tau_he = 5.000000, nhe(0)=2.253512e+00
 5 -106908.926   7.91e-03   3.85e-01   2.40e-03  -1.08e-01   5.42e-27 (  2.58e+00,  3.25e+01)
10 -2181266.855   6.99e-02   1.38e-01   8.48e-03  -2.20e+00   1.85e-22 (  3.18e+01,  6.63e+01)
15 -2394548.611   1.92e-01   1.50e-01   6.45e-02  -2.42e+00   2.25e-18 (  8.58e+01,  9.76e+01)
20 -1947165.601   1.95e-01   1.84e-01   8.55e-02  -1.98e+00   1.02e-14 (  9.13e+01,  1.24e+02)
25 -2246629.653   2.02e-01   1.99e-01   1.56e-01  -2.29e+00   1.72e-11 (  9.79e+01,  1.44e+02)
30 -1816662.502   2.55e-01   2.55e-01   2.08e-01  -1.86e+00   1.10e-08 (  1.17e+02,  1.57e+02)
35 -909233.640   2.67e-01   2.70e-01   2.42e-01  -9.34e-01   2.68e-06 (  1.17e+02,  1.62e+02)
40     -6.421   3.08e-01   3.36e-01   3.65e-01  -8.60e-01   2.52e-04 (  1.25e+02,  1.60e+02)
45     -0.342   3.28e-01   3.92e-01   2.95e-01  -3.49e-01   9.22e-03 (  1.18e+02,  1.52e+02)
50      0.047   3.42e-01   4.52e-01   2.64e-01   1.03e-01   1.36e-01 (  1.10e+02,  1.40e+02)
55      0.161   3.44e-01   4.93e-01   3.22e-01   8.36e-01   8.38e-01 (  9.83e+01,  1.26e+02)
60      0.132   3.42e-01   5.49e-01   3.30e-01   2.00e+00   2.38e+00 (  8.37e+01,  1.11e+02)
65      0.189   4.35e-01   7.05e-01   4.18e-01   3.78e+00   3.67e+00 (  8.08e+01,  9.82e+01)
70      0.208   4.80e-01   7.60e-01   4.82e-01   4.09e+00   3.96e+00 (  7.15e+01,  8.57e+01)
75      0.214   4.88e-01   7.98e-01   5.44e-01   3.91e+00   3.79e+00 (  6.09e+01,  7.32e+01)
80      0.215   4.83e-01   8.19e-01   5.99e-01   3.72e+00   3.57e+00 (  5.11e+01,  6.07e+01)
85      0.201   4.40e-01   8.00e-01   6.24e-01   3.26e+00   3.37e+00 (  4.05e+01,  4.80e+01)
90      0.378   9.10e-01   1.51e+00   1.09e+00   9.86e+00   3.20e+00 (  1.84e+02,  3.52e+01)
95      0.246   5.15e-01   7.42e-01   5.41e-01   1.53e+01   3.05e+00 (  2.67e+02,  2.15e+01)
14 n: 1.052e-06 e: 4.412e-05 i: 7.622e-05 :: e: 1.720e-02 i: 2.370e-02 :: n: 2.168e+01 e:19.685 i:28.997 v:4.993e+03
>>> tau_he = 5.000000, nhe(0)=2.253088e+00
 5 -107162.524   7.87e-03   3.86e-01   2.41e-03  -1.08e-01   5.42e-27 (  2.57e+00,  3.25e+01)
10 -2183213.651   6.99e-02   1.39e-01   8.31e-03  -2.20e+00   1.85e-22 (  3.18e+01,  6.63e+01)
15 -2405034.625   1.93e-01   1.51e-01   6.65e-02  -2.43e+00   2.25e-18 (  8.62e+01,  9.76e+01)
20 -1972469.213   2.01e-01   1.87e-01   8.31e-02  -2.00e+00   1.02e-14 (  9.52e+01,  1.24e+02)
25 -1794811.433   3.24e-01   4.33e-01   3.81e-01  -1.83e+00   1.72e-11 (  1.58e+02,  1.44e+02)
30 -1487375.112   3.38e-01   4.30e-01   3.83e-01  -1.52e+00   1.10e-08 (  1.57e+02,  1.57e+02)
35 -1204061.518   3.33e-01   3.97e-01   3.77e-01  -1.24e+00   2.68e-06 (  1.47e+02,  1.62e+02)
40     -6.447   3.11e-01   3.43e-01   3.74e-01  -8.64e-01   2.52e-04 (  1.26e+02,  1.60e+02)
45     -0.348   3.31e-01   4.00e-01   3.02e-01  -3.57e-01   9.22e-03 (  1.20e+02,  1.52e+02)
50      0.042   3.45e-01   4.62e-01   2.70e-01   9.31e-02   1.36e-01 (  1.11e+02,  1.40e+02)
55      0.161   3.47e-01   5.02e-01   3.29e-01   8.33e-01   8.38e-01 (  9.98e+01,  1.26e+02)
60      0.132   3.46e-01   5.59e-01   3.35e-01   2.02e+00   2.38e+00 (  8.54e+01,  1.11e+02)
65      0.190   4.40e-01   7.13e-01   4.22e-01   3.80e+00   3.67e+00 (  8.25e+01,  9.82e+01)
70      0.209   4.84e-01   7.66e-01   4.85e-01   4.11e+00   3.96e+00 (  7.27e+01,  8.57e+01)
75      0.213   4.89e-01   8.00e-01   5.45e-01   3.90e+00   3.79e+00 (  6.16e+01,  7.32e+01)
80      0.213   4.80e-01   8.16e-01   5.96e-01   3.69e+00   3.57e+00 (  5.15e+01,  6.07e+01)
85      0.198   4.36e-01   7.93e-01   6.18e-01   3.22e+00   3.37e+00 (  4.06e+01,  4.80e+01)
90      0.377   9.09e-01   1.51e+00   1.09e+00   9.82e+00   3.20e+00 (  1.85e+02,  3.52e+01)
95      0.246   5.15e-01   7.42e-01   5.41e-01   1.53e+01   3.05e+00 (  2.67e+02,  2.15e+01)
15 n: 1.674e-06 e: 9.554e-05 i: 4.459e-04 :: e: 3.263e-02 i: 4.432e-02 :: n: 2.168e+01 e:19.556 i:28.904 v:4.993e+03
>>> tau_he = 5.000000, nhe(0)=2.249588e+00
 5 -106617.836   7.86e-03   3.82e-01   2.39e-03  -1.07e-01   5.42e-27 (  2.57e+00,  3.25e+01)
10 -2167066.276   6.96e-02   1.39e-01   8.15e-03  -2.19e+00   1.85e-22 (  3.15e+01,  6.63e+01)
15 -2365982.391   1.91e-01   1.49e-01   6.56e-02  -2.39e+00   2.25e-18 (  8.48e+01,  9.76e+01)
20 -1928352.992   1.95e-01   1.84e-01   8.28e-02  -1.96e+00   1.02e-14 (  9.17e+01,  1.24e+02)
25 -2280492.829   1.95e-01   1.95e-01   1.64e-01  -2.32e+00   1.72e-11 (  9.34e+01,  1.44e+02)
30 -1102239.403   2.51e-01   2.49e-01   2.02e-01  -1.13e+00   1.10e-08 (  1.15e+02,  1.57e+02)
35 -713518.190   2.73e-01   2.64e-01   2.41e-01  -7.33e-01   2.68e-06 (  1.19e+02,  1.62e+02)
40     -6.422   3.09e-01   3.36e-01   3.64e-01  -8.63e-01   2.52e-04 (  1.25e+02,  1.60e+02)
45     -0.331   3.29e-01   3.93e-01   2.96e-01  -3.44e-01   9.22e-03 (  1.19e+02,  1.52e+02)
50      0.049   3.43e-01   4.53e-01   2.64e-01   1.09e-01   1.36e-01 (  1.10e+02,  1.40e+02)
55      0.162   3.45e-01   4.94e-01   3.23e-01   8.41e-01   8.38e-01 (  9.86e+01,  1.26e+02)
60      0.132   3.43e-01   5.50e-01   3.31e-01   2.01e+00   2.38e+00 (  8.40e+01,  1.11e+02)
65      0.189   4.36e-01   7.06e-01   4.19e-01   3.78e+00   3.67e+00 (  8.10e+01,  9.82e+01)
70      0.209   4.81e-01   7.61e-01   4.83e-01   4.10e+00   3.96e+00 (  7.16e+01,  8.57e+01)
75      0.214   4.89e-01   7.99e-01   5.45e-01   3.92e+00   3.79e+00 (  6.10e+01,  7.32e+01)
80      0.215   4.84e-01   8.20e-01   6.00e-01   3.73e+00   3.57e+00 (  5.12e+01,  6.07e+01)
85      0.201   4.41e-01   8.01e-01   6.25e-01   3.27e+00   3.37e+00 (  4.06e+01,  4.80e+01)
90      0.378   9.10e-01   1.51e+00   1.09e+00   9.86e+00   3.20e+00 (  1.84e+02,  3.52e+01)
95      0.246   5.15e-01   7.42e-01   5.41e-01   1.53e+01   3.05e+00 (  2.67e+02,  2.15e+01)
16 n: 6.557e-07 e: 2.875e-05 i: 9.310e-05 :: e: 1.788e-02 i: 2.503e-02 :: n: 2.168e+01 e:19.600 i:28.863 v:4.993e+03
>>> tau_he = 5.000000, nhe(0)=2.247996e+00
 5 -106006.466   7.81e-03   3.82e-01   2.39e-03  -1.07e-01   5.42e-27 (  2.55e+00,  3.25e+01)
10 -2152508.587   6.90e-02   1.37e-01   7.97e-03  -2.17e+00   1.85e-22 (  3.11e+01,  6.63e+01)
15 -2346313.373   1.91e-01   1.48e-01   6.70e-02  -2.37e+00   2.25e-18 (  8.42e+01,  9.76e+01)
20 -1929727.747   1.96e-01   1.86e-01   8.57e-02  -1.96e+00   1.02e-14 (  9.23e+01,  1.24e+02)
25 -2262299.424   1.99e-01   1.99e-01   1.62e-01  -2.30e+00   1.72e-11 (  9.59e+01,  1.44e+02)
30 -1836445.727   2.53e-01   2.55e-01   2.11e-01  -1.88e+00   1.10e-08 (  1.16e+02,  1.57e+02)
35 -878335.417   2.68e-01   2.75e-01   2.49e-01  -9.02e-01   2.68e-06 (  1.17e+02,  1.62e+02)
40     -6.391   3.11e-01   3.43e-01   3.74e-01  -8.58e-01   2.52e-04 (  1.26e+02,  1.60e+02)
45     -0.337   3.31e-01   4.01e-01   3.03e-01  -3.50e-01   9.22e-03 (  1.20e+02,  1.52e+02)
50      0.045   3.45e-01   4.63e-01   2.70e-01   9.92e-02   1.36e-01 (  1.12e+02,  1.40e+02)
55      0.161   3.48e-01   5.03e-01   3.29e-01   8.37e-01   8.38e-01 (  1.00e+02,  1.26e+02)
60      0.133   3.47e-01   5.61e-01   3.36e-01   2.03e+00   2.38e+00 (  8.57e+01,  1.11e+02)
65      0.190   4.41e-01   7.14e-01   4.23e-01   3.81e+00   3.67e+00 (  8.27e+01,  9.82e+01)
70      0.209   4.85e-01   7.68e-01   4.86e-01   4.11e+00   3.96e+00 (  7.29e+01,  8.57e+01)
75      0.213   4.90e-01   8.01e-01   5.46e-01   3.91e+00   3.79e+00 (  6.18e+01,  7.32e+01)
80      0.213   4.82e-01   8.18e-01   5.98e-01   3.70e+00   3.57e+00 (  5.16e+01,  6.07e+01)
85      0.198   4.36e-01   7.95e-01   6.20e-01   3.22e+00   3.37e+00 (  4.08e+01,  4.80e+01)
90      0.377   9.09e-01   1.51e+00   1.09e+00   9.82e+00   3.20e+00 (  1.85e+02,  3.52e+01)
95      0.246   5.15e-01   7.42e-01   5.41e-01   1.53e+01   3.05e+00 (  2.67e+02,  2.15e+01)
17 n: 1.399e-06 e: 3.652e-05 i: 8.195e-05 :: e: 1.609e-02 i: 2.057e-02 :: n: 2.168e+01 e:19.548 i:28.970 v:4.993e+03
>>> tau_he = 5.000000, nhe(0)=2.252613e+00
 5 -105716.355   7.88e-03   3.85e-01   2.41e-03  -1.07e-01   5.42e-27 (  2.56e+00,  3.25e+01)
10 -2129217.332   6.85e-02   1.35e-01   8.04e-03  -2.15e+00   1.85e-22 (  3.07e+01,  6.63e+01)
15 -1686284.516   1.93e-01   1.48e-01   6.11e-02  -1.71e+00   2.25e-18 (  8.43e+01,  9.76e+01)
20 -1961098.834   1.94e-01   1.84e-01   8.53e-02  -1.99e+00   1.02e-14 (  9.14e+01,  1.24e+02)
25 -2263129.872   2.02e-01   1.99e-01   1.57e-01  -2.31e+00   1.72e-11 (  9.77e+01,  1.44e+02)
30 -1822354.002   2.55e-01   2.54e-01   2.08e-01  -1.86e+00   1.10e-08 (  1.17e+02,  1.57e+02)
35 -875536.998   2.68e-01   2.72e-01   2.44e-01  -8.99e-01   2.68e-06 (  1.17e+02,  1.62e+02)
40     -6.376   3.09e-01   3.37e-01   3.65e-01  -8.57e-01   2.52e-04 (  1.25e+02,  1.60e+02)
45     -0.329   3.29e-01   3.93e-01   2.95e-01  -3.44e-01   9.22e-03 (  1.19e+02,  1.52e+02)
50      0.048   3.42e-01   4.53e-01   2.63e-01   1.08e-01   1.36e-01 (  1.10e+02,  1.40e+02)
55      0.161   3.44e-01   4.93e-01   3.23e-01   8.37e-01   8.38e-01 (  9.85e+01,  1.26e+02)
60      0.132   3.43e-01   5.49e-01   3.30e-01   2.01e+00   2.38e+00 (  8.38e+01,  1.11e+02)
65      0.189   4.36e-01   7.05e-01   4.19e-01   3.78e+00   3.67e+00 (  8.10e+01,  9.82e+01)
70      0.209   4.81e-01   7.61e-01   4.83e-01   4.10e+00   3.96e+00 (  7.17e+01,  8.57e+01)
75      0.214   4.89e-01   7.99e-01   5.45e-01   3.92e+00   3.79e+00 (  6.11e+01,  7.32e+01)
80      0.215   4.84e-01   8.20e-01   6.00e-01   3.73e+00   3.57e+00 (  5.13e+01,  6.07e+01)
85      0.201   4.41e-01   8.01e-01   6.25e-01   3.27e+00   3.37e+00 (  4.07e+01,  4.80e+01)
90      0.378   9.10e-01   1.51e+00   1.09e+00   9.85e+00   3.20e+00 (  1.85e+02,  3.52e+01)
95      0.246   5.15e-01   7.42e-01   5.41e-01   1.53e+01   3.05e+00 (  2.67e+02,  2.15e+01)
18 n: 7.367e-07 e: 4.333e-05 i: 6.406e-05 :: e: 1.456e-02 i: 1.957e-02 :: n: 2.168e+01 e:19.659 i:28.993 v:4.993e+03
>>> tau_he = 5.000000, nhe(0)=2.253801e+00
 5 -106341.228   7.86e-03   3.86e-01   2.41e-03  -1.07e-01   5.42e-27 (  2.56e+00,  3.25e+01)
10 -2139686.273   6.88e-02   1.36e-01   7.93e-03  -2.16e+00   1.85e-22 (  3.09e+01,  6.63e+01)
15 -1692202.002   1.94e-01   1.50e-01   6.28e-02  -1.71e+00   2.25e-18 (  8.50e+01,  9.76e+01)
20 -1988861.646   2.01e-01   1.87e-01   8.23e-02  -2.02e+00   1.02e-14 (  9.54e+01,  1.24e+02)
25 -1821225.498   3.24e-01   4.33e-01   3.81e-01  -1.86e+00   1.72e-11 (  1.59e+02,  1.44e+02)
30 -1453302.874   3.37e-01   4.30e-01   3.82e-01  -1.49e+00   1.10e-08 (  1.56e+02,  1.57e+02)
35 -1199152.686   3.35e-01   3.99e-01   3.77e-01  -1.23e+00   2.68e-06 (  1.48e+02,  1.62e+02)
40     -6.432   3.12e-01   3.44e-01   3.74e-01  -8.65e-01   2.52e-04 (  1.27e+02,  1.60e+02)
45     -0.338   3.31e-01   4.01e-01   3.02e-01  -3.54e-01   9.22e-03 (  1.21e+02,  1.52e+02)
50      0.044   3.45e-01   4.62e-01   2.69e-01   9.81e-02   1.36e-01 (  1.11e+02,  1.40e+02)
55      0.161   3.47e-01   5.02e-01   3.29e-01   8.34e-01   8.38e-01 (  1.00e+02,  1.26e+02)
60      0.133   3.47e-01   5.59e-01   3.35e-01   2.02e+00   2.38e+00 (  8.54e+01,  1.11e+02)
65      0.190   4.40e-01   7.13e-01   4.22e-01   3.81e+00   3.67e+00 (  8.25e+01,  9.82e+01)
70      0.209   4.84e-01   7.67e-01   4.86e-01   4.11e+00   3.96e+00 (  7.28e+01,  8.57e+01)
75      0.213   4.90e-01   8.01e-01   5.46e-01   3.91e+00   3.79e+00 (  6.17e+01,  7.32e+01)
80      0.213   4.82e-01   8.18e-01   5.98e-01   3.70e+00   3.57e+00 (  5.16e+01,  6.07e+01)
85      0.199   4.37e-01   7.95e-01   6.20e-01   3.23e+00   3.37e+00 (  4.08e+01,  4.80e+01)
90      0.377   9.09e-01   1.51e+00   1.09e+00   9.82e+00   3.20e+00 (  1.85e+02,  3.52e+01)
95      0.246   5.15e-01   7.42e-01   5.41e-01   1.53e+01   3.05e+00 (  2.67e+02,  2.15e+01)
19 n: 1.032e-06 e: 8.313e-05 i: 4.545e-04 :: e: 3.109e-02 i: 4.201e-02 :: n: 2.169e+01 e:19.552 i:28.914 v:4.993e+03
>>> tau_he = 5.000000, nhe(0)=2.250645e+00
 5 -106142.398   7.86e-03   3.83e-01   2.39e-03  -1.07e-01   5.42e-27 (  2.56e+00,  3.25e+01)
10 -2134440.197   6.89e-02   1.37e-01   7.82e-03  -2.16e+00   1.85e-22 (  3.09e+01,  6.63e+01)
15 -1674229.506   1.93e-01   1.49e-01   6.23e-02  -1.69e+00   2.25e-18 (  8.40e+01,  9.76e+01)
20 -1944656.749   1.96e-01   1.85e-01   8.20e-02  -1.97e+00   1.02e-14 (  9.23e+01,  1.24e+02)
25 -2301700.192   1.95e-01   1.95e-01   1.64e-01  -2.34e+00   1.72e-11 (  9.38e+01,  1.44e+02)
30 -1111403.601   2.52e-01   2.49e-01   2.02e-01  -1.14e+00   1.10e-08 (  1.15e+02,  1.57e+02)
35 -919617.624   2.68e-01   2.70e-01   2.42e-01  -9.44e-01   2.68e-06 (  1.17e+02,  1.62e+02)
40     -6.426   3.10e-01   3.37e-01   3.65e-01  -8.65e-01   2.52e-04 (  1.26e+02,  1.60e+02)
45     -0.325   3.30e-01   3.94e-01   2.97e-01  -3.43e-01   9.22e-03 (  1.20e+02,  1.52e+02)
50      0.050   3.44e-01   4.55e-01   2.64e-01   1.12e-01   1.36e-01 (  1.11e+02,  1.40e+02)
55      0.162   3.46e-01   4.95e-01   3.24e-01   8.43e-01   8.38e-01 (  9.91e+01,  1.26e+02)
60      0.133   3.44e-01   5.52e-01   3.32e-01   2.02e+00   2.38e+00 (  8.44e+01,  1.11e+02)
65      0.189   4.37e-01   7.07e-01   4.20e-01   3.79e+00   3.67e+00 (  8.13e+01,  9.82e+01)
70      0.209   4.82e-01   7.63e-01   4.84e-01   4.11e+00   3.96e+00 (  7.19e+01,  8.57e+01)
75      0.214   4.90e-01   8.00e-01   5.46e-01   3.93e+00   3.79e+00 (  6.12e+01,  7.32e+01)
80      0.216   4.84e-01   8.21e-01   6.01e-01   3.74e+00   3.57e+00 (  5.14e+01,  6.07e+01)
85      0.201   4.41e-01   8.02e-01   6.26e-01   3.27e+00   3.37e+00 (  4.08e+01,  4.80e+01)
90      0.378   9.10e-01   1.51e+00   1.09e+00   9.85e+00   3.20e+00 (  1.85e+02,  3.52e+01)
95      0.246   5.15e-01   7.42e-01   5.41e-01   1.53e+01   3.05e+00 (  2.67e+02,  2.15e+01)
20 n: 4.106e-07 e: 2.367e-05 i: 7.992e-05 :: e: 1.605e-02 i: 2.124e-02 :: n: 2.168e+01 e:19.594 i:28.893 v:4.993e+03
>>> tau_he = 5.000000, nhe(0)=2.249586e+00
 5 -105668.701   7.82e-03   3.83e-01   2.39e-03  -1.07e-01   5.42e-27 (  2.55e+00,  3.25e+01)
10 -2150793.554   3.77e-02   6.88e-02   7.80e-03  -2.17e+00   1.85e-22 (  1.69e+01,  6.63e+01)
15 -1661582.509   1.93e-01   1.49e-01   6.34e-02  -1.68e+00   2.25e-18 (  8.37e+01,  9.76e+01)
20 -1945055.934   1.97e-01   1.86e-01   8.47e-02  -1.97e+00   1.02e-14 (  9.27e+01,  1.24e+02)
25 -2282811.496   1.99e-01   1.99e-01   1.63e-01  -2.33e+00   1.72e-11 (  9.62e+01,  1.44e+02)
30 -1850992.059   2.54e-01   2.55e-01   2.11e-01  -1.89e+00   1.10e-08 (  1.16e+02,  1.57e+02)
35 -1530294.472   2.68e-01   2.78e-01   2.52e-01  -1.57e+00   2.68e-06 (  1.18e+02,  1.62e+02)
40     -6.402   3.12e-01   3.43e-01   3.73e-01  -8.62e-01   2.52e-04 (  1.27e+02,  1.60e+02)
45     -0.331   3.32e-01   4.01e-01   3.03e-01  -3.49e-01   9.22e-03 (  1.21e+02,  1.52e+02)
50      0.046   3.46e-01   4.63e-01   2.70e-01   1.02e-01   1.36e-01 (  1.12e+02,  1.40e+02)
55      0.161   3.48e-01   5.04e-01   3.30e-01   8.39e-01   8.38e-01 (  1.01e+02,  1.26e+02)
60      0.133   3.48e-01   5.62e-01   3.37e-01   2.03e+00   2.38e+00 (  8.60e+01,  1.11e+02)
65      0.191   4.42e-01   7.15e-01   4.24e-01   3.82e+00   3.67e+00 (  8.30e+01,  9.82e+01)
70      0.210   4.85e-01   7.69e-01   4.88e-01   4.12e+00   3.96e+00 (  7.31e+01,  8.57e+01)
75      0.214   4.91e-01   8.03e-01   5.48e-01   3.92e+00   3.79e+00 (  6.20e+01,  7.32e+01)
80      0.214   4.83e-01   8.20e-01   6.00e-01   3.71e+00   3.57e+00 (  5.19e+01,  6.07e+01)
85      0.199   4.37e-01   7.98e-01   6.22e-01   3.23e+00   3.37e+00 (  4.10e+01,  4.80e+01)
90      0.377   9.10e-01   1.51e+00   1.09e+00   9.82e+00   3.20e+00 (  1.85e+02,  3.52e+01)
95      0.246   5.15e-01   7.42e-01   5.41e-01   1.53e+01   3.05e+00 (  2.67e+02,  2.15e+01)
21 n: 1.304e-06 e: 3.123e-05 i: 2.770e-04 :: e: 1.852e-02 i: 2.441e-02 :: n: 2.168e+01 e:19.555 i:29.157 v:4.993e+03
>>> tau_he = 5.000000, nhe(0)=2.260387e+00
 5 -106502.750   7.96e-03   3.86e-01   2.39e-03  -1.07e-01   5.42e-27 (  2.57e+00,  3.25e+01)
10 -2159072.545   7.08e-02   1.43e-01   7.69e-03  -2.18e+00   1.85e-22 (  3.18e+01,  6.63e+01)
15 -1648558.958   1.95e-01   1.50e-01   6.92e-02  -1.67e+00   2.25e-18 (  8.41e+01,  9.76e+01)
20 -1979225.716   2.00e-01   1.86e-01   8.25e-02  -2.01e+00   1.02e-14 (  9.44e+01,  1.24e+02)
25 -2278700.026   2.03e-01   2.00e-01   1.56e-01  -2.32e+00   1.72e-11 (  9.84e+01,  1.44e+02)
30 -1789085.724   2.55e-01   2.55e-01   2.07e-01  -1.83e+00   1.10e-08 (  1.17e+02,  1.57e+02)
35 -1528085.847   2.69e-01   2.76e-01   2.48e-01  -1.57e+00   2.68e-06 (  1.18e+02,  1.62e+02)
40     -6.367   3.10e-01   3.38e-01   3.65e-01  -8.58e-01   2.52e-04 (  1.26e+02,  1.60e+02)
45     -0.322   3.30e-01   3.94e-01   2.96e-01  -3.41e-01   9.22e-03 (  1.20e+02,  1.52e+02)
50      0.050   3.44e-01   4.55e-01   2.64e-01   1.12e-01   1.36e-01 (  1.11e+02,  1.40e+02)
55      0.162   3.46e-01   4.95e-01   3.24e-01   8.41e-01   8.38e-01 (  9.91e+01,  1.26e+02)
60      0.133   3.44e-01   5.52e-01   3.32e-01   2.02e+00   2.38e+00 (  8.45e+01,  1.11e+02)
65      0.189   4.37e-01   7.08e-01   4.21e-01   3.79e+00   3.67e+00 (  8.15e+01,  9.82e+01)
70      0.209   4.82e-01   7.64e-01   4.85e-01   4.11e+00   3.96e+00 (  7.21e+01,  8.57e+01)
75      0.214   4.90e-01   8.02e-01   5.47e-01   3.93e+00   3.79e+00 (  6.14e+01,  7.32e+01)
80      0.216   4.85e-01   8.23e-01   6.02e-01   3.74e+00   3.57e+00 (  5.16e+01,  6.07e+01)
85      0.201   4.42e-01   8.04e-01   6.27e-01   3.27e+00   3.37e+00 (  4.09e+01,  4.80e+01)
90      0.378   9.10e-01   1.51e+00   1.09e+00   9.85e+00   3.20e+00 (  1.85e+02,  3.52e+01)
95      0.246   5.15e-01   7.42e-01   5.41e-01   1.53e+01   3.05e+00 (  2.67e+02,  2.15e+01)
22 n: 4.649e-07 e: 5.804e-05 i: 6.145e-05 :: e: 1.230e-02 i: 1.790e-02 :: n: 2.168e+01 e:19.708 i:29.163 v:4.993e+03
>>> tau_he = 5.000000, nhe(0)=2.260414e+00
 5 -107862.838   7.94e-03   3.88e-01   2.41e-03  -1.09e-01   5.42e-27 (  2.59e+00,  3.25e+01)
10 -2181438.245   7.11e-02   1.43e-01   7.74e-03  -2.20e+00   1.85e-22 (  3.21e+01,  6.63e+01)
15 -1672679.275   1.96e-01   1.51e-01   6.36e-02  -1.69e+00   2.25e-18 (  8.51e+01,  9.76e+01)
20 -2004114.078   2.04e-01   1.89e-01   7.99e-02  -2.03e+00   1.02e-14 (  9.69e+01,  1.24e+02)
25 -1712464.834   3.33e-01   4.35e-01   3.82e-01  -1.74e+00   1.72e-11 (  1.64e+02,  1.44e+02)
30 -1471564.103   3.39e-01   4.32e-01   3.84e-01  -1.51e+00   1.10e-08 (  1.58e+02,  1.57e+02)
35 -1211905.739   3.38e-01   4.01e-01   3.79e-01  -1.24e+00   2.68e-06 (  1.50e+02,  1.62e+02)
40     -6.482   3.14e-01   3.45e-01   3.74e-01  -8.73e-01   2.52e-04 (  1.28e+02,  1.60e+02)
45     -0.338   3.33e-01   4.02e-01   3.03e-01  -3.57e-01   9.22e-03 (  1.22e+02,  1.52e+02)
50      0.044   3.47e-01   4.64e-01   2.70e-01   9.78e-02   1.36e-01 (  1.13e+02,  1.40e+02)
55      0.161   3.49e-01   5.04e-01   3.30e-01   8.37e-01   8.38e-01 (  1.01e+02,  1.26e+02)
60      0.133   3.49e-01   5.63e-01   3.37e-01   2.03e+00   2.38e+00 (  8.62e+01,  1.11e+02)
65      0.191   4.42e-01   7.16e-01   4.24e-01   3.82e+00   3.67e+00 (  8.32e+01,  9.82e+01)
70      0.210   4.86e-01   7.70e-01   4.88e-01   4.12e+00   3.96e+00 (  7.33e+01,  8.57e+01)
75      0.214   4.91e-01   8.04e-01   5.49e-01   3.92e+00   3.79e+00 (  6.22e+01,  7.32e+01)
80      0.214   4.83e-01   8.22e-01   6.01e-01   3.71e+00   3.57e+00 (  5.20e+01,  6.07e+01)
85      0.199   4.38e-01   7.99e-01   6.24e-01   3.24e+00   3.37e+00 (  4.11e+01,  4.80e+01)
90      0.377   9.10e-01   1.51e+00   1.09e+00   9.83e+00   3.20e+00 (  1.85e+02,  3.52e+01)
95      0.246   5.15e-01   7.42e-01   5.41e-01   1.53e+01   3.05e+00 (  2.67e+02,  2.15e+01)
23 n: 1.620e-06 e: 1.010e-04 i: 4.683e-04 :: e: 3.445e-02 i: 4.376e-02 :: n: 2.168e+01 e:19.584 i:29.074 v:4.993e+03
>>> tau_he = 5.000000, nhe(0)=2.256453e+00
 5 -107296.841   7.93e-03   3.85e-01   2.39e-03  -1.08e-01   5.42e-27 (  2.58e+00,  3.25e+01)
10 -2161868.291   7.06e-02   1.43e-01   7.64e-03  -2.18e+00   1.85e-22 (  3.17e+01,  6.63e+01)
15 -1648319.232   1.95e-01   1.50e-01   7.03e-02  -1.67e+00   2.25e-18 (  8.41e+01,  9.76e+01)
20 -1967891.405   2.01e-01   1.87e-01   8.04e-02  -2.00e+00   1.02e-14 (  9.51e+01,  1.24e+02)
25 -2319860.484   1.96e-01   1.96e-01   1.65e-01  -2.36e+00   1.72e-11 (  9.44e+01,  1.44e+02)
30 -1122976.717   2.54e-01   2.50e-01   2.02e-01  -1.15e+00   1.10e-08 (  1.17e+02,  1.57e+02)
35 -926468.859   2.70e-01   2.71e-01   2.42e-01  -9.51e-01   2.68e-06 (  1.19e+02,  1.62e+02)
40     -6.460   3.12e-01   3.39e-01   3.65e-01  -8.71e-01   2.52e-04 (  1.27e+02,  1.60e+02)
45     -0.323   3.32e-01   3.95e-01   2.98e-01  -3.44e-01   9.22e-03 (  1.21e+02,  1.52e+02)
50      0.065   3.45e-01   4.56e-01   2.61e-01   1.47e-01   1.36e-01 (  1.12e+02,  1.40e+02)
55      0.163   3.48e-01   4.97e-01   3.25e-01   8.47e-01   8.38e-01 (  1.00e+02,  1.26e+02)
60      0.134   3.46e-01   5.56e-01   3.34e-01   2.03e+00   2.38e+00 (  8.52e+01,  1.11e+02)
65      0.190   4.39e-01   7.11e-01   4.23e-01   3.81e+00   3.67e+00 (  8.20e+01,  9.82e+01)
70      0.210   4.84e-01   7.67e-01   4.87e-01   4.12e+00   3.96e+00 (  7.25e+01,  8.57e+01)
75      0.215   4.92e-01   8.05e-01   5.50e-01   3.94e+00   3.79e+00 (  6.18e+01,  7.32e+01)
80      0.217   4.87e-01   8.26e-01   6.05e-01   3.75e+00   3.57e+00 (  5.19e+01,  6.07e+01)
85      0.202   4.43e-01   8.07e-01   6.30e-01   3.28e+00   3.37e+00 (  4.12e+01,  4.80e+01)
90      0.378   9.11e-01   1.51e+00   1.10e+00   9.86e+00   3.20e+00 (  1.85e+02,  3.52e+01)
95      0.246   5.15e-01   7.42e-01   5.41e-01   1.53e+01   3.05e+00 (  2.67e+02,  2.15e+01)
24 n: 3.827e-06 e: 2.677e-05 i: 8.055e-05 :: e: 1.512e-02 i: 2.076e-02 :: n: 2.168e+01 e:19.633 i:29.023 v:4.993e+03
>>> tau_he = 5.000000, nhe(0)=2.253540e+00
 5 -106652.286   7.88e-03   3.84e-01   2.39e-03  -1.08e-01   5.42e-27 (  2.56e+00,  3.25e+01)
10 -2156389.529   7.48e-02   1.41e-01   7.80e-03  -2.18e+00   1.85e-22 (  3.35e+01,  6.63e+01)
15 -1637114.143   1.95e-01   1.50e-01   7.18e-02  -1.66e+00   2.25e-18 (  8.37e+01,  9.76e+01)
20 -1965921.874   2.02e-01   1.88e-01   8.43e-02  -2.00e+00   1.02e-14 (  9.54e+01,  1.24e+02)
25 -2295521.583   1.96e-01   2.00e-01   1.63e-01  -2.34e+00   1.72e-11 (  9.47e+01,  1.44e+02)
30 -1870120.341   2.56e-01   2.57e-01   2.11e-01  -1.91e+00   1.10e-08 (  1.18e+02,  1.57e+02)
35 -1213712.776   3.36e-01   3.98e-01   3.78e-01  -1.25e+00   2.68e-06 (  1.48e+02,  1.62e+02)
40     -6.478   3.14e-01   3.45e-01   3.74e-01  -8.70e-01   2.52e-04 (  1.28e+02,  1.60e+02)
45     -0.344   3.34e-01   4.03e-01   3.05e-01  -3.57e-01   9.22e-03 (  1.22e+02,  1.52e+02)
50      0.059   3.48e-01   4.65e-01   2.68e-01   1.31e-01   1.36e-01 (  1.13e+02,  1.40e+02)
55      0.162   3.51e-01   5.06e-01   3.31e-01   8.41e-01   8.38e-01 (  1.02e+02,  1.26e+02)
60      0.134   3.50e-01   5.66e-01   3.39e-01   2.04e+00   2.38e+00 (  8.70e+01,  1.11e+02)
65      0.192   4.44e-01   7.20e-01   4.27e-01   3.83e+00   3.67e+00 (  8.38e+01,  9.82e+01)
70      0.211   4.88e-01   7.74e-01   4.91e-01   4.14e+00   3.96e+00 (  7.39e+01,  8.57e+01)
75      0.215   4.93e-01   8.08e-01   5.51e-01   3.93e+00   3.79e+00 (  6.27e+01,  7.32e+01)
80      0.215   4.85e-01   8.26e-01   6.04e-01   3.72e+00   3.57e+00 (  5.24e+01,  6.07e+01)
85      0.200   4.39e-01   8.03e-01   6.27e-01   3.24e+00   3.37e+00 (  4.15e+01,  4.80e+01)
90      0.377   9.10e-01   1.51e+00   1.09e+00   9.83e+00   3.20e+00 (  1.86e+02,  3.52e+01)
95      0.246   5.15e-01   7.42e-01   5.41e-01   1.53e+01   3.05e+00 (  2.67e+02,  2.15e+01)
25 n: 2.815e-06 e: 5.773e-05 i: 1.590e-04 :: e: 2.025e-02 i: 2.497e-02 :: n: 2.167e+01 e:19.569 i:29.089 v:4.993e+03
>>> tau_he = 5.000000, nhe(0)=2.255551e+00
 5 -106341.657   7.93e-03   3.87e-01   2.41e-03  -1.07e-01   5.42e-27 (  2.57e+00,  3.25e+01)
10 -2127962.715   7.40e-02   1.38e-01   7.86e-03  -2.15e+00   1.85e-22 (  3.29e+01,  6.63e+01)
15 -1670623.985   1.95e-01   1.48e-01   6.97e-02  -1.69e+00   2.25e-18 (  8.32e+01,  9.76e+01)
20 -1982634.404   2.01e-01   1.86e-01   8.44e-02  -2.01e+00   1.02e-14 (  9.45e+01,  1.24e+02)
25 -2286146.174   2.04e-01   2.01e-01   1.57e-01  -2.33e+00   1.72e-11 (  9.89e+01,  1.44e+02)
30 -1844037.875   2.57e-01   2.56e-01   2.08e-01  -1.89e+00   1.10e-08 (  1.18e+02,  1.57e+02)
35 -923703.337   2.68e-01   2.70e-01   2.42e-01  -9.48e-01   2.68e-06 (  1.17e+02,  1.62e+02)
40     -6.503   3.11e-01   3.38e-01   3.66e-01  -8.71e-01   2.52e-04 (  1.26e+02,  1.60e+02)
45     -0.345   3.32e-01   3.96e-01   2.99e-01  -3.54e-01   9.22e-03 (  1.21e+02,  1.52e+02)
50      0.047   3.46e-01   4.57e-01   2.66e-01   1.03e-01   1.36e-01 (  1.12e+02,  1.40e+02)
55      0.162   3.48e-01   4.97e-01   3.25e-01   8.43e-01   8.38e-01 (  1.00e+02,  1.26e+02)
60      0.133   3.47e-01   5.56e-01   3.34e-01   2.03e+00   2.38e+00 (  8.54e+01,  1.11e+02)
65      0.190   4.39e-01   7.12e-01   4.23e-01   3.81e+00   3.67e+00 (  8.23e+01,  9.82e+01)
70      0.210   4.85e-01   7.69e-01   4.88e-01   4.12e+00   3.96e+00 (  7.28e+01,  8.57e+01)
75      0.215   4.93e-01   8.07e-01   5.51e-01   3.94e+00   3.79e+00 (  6.20e+01,  7.32e+01)
80      0.217   4.87e-01   8.29e-01   6.07e-01   3.75e+00   3.57e+00 (  5.22e+01,  6.07e+01)
85      0.202   4.43e-01   8.10e-01   6.33e-01   3.29e+00   3.37e+00 (  4.14e+01,  4.80e+01)
90      0.378   9.11e-01   1.51e+00   1.10e+00   9.86e+00   3.20e+00 (  1.85e+02,  3.52e+01)
95      0.246   5.15e-01   7.42e-01   5.41e-01   1.53e+01   3.05e+00 (  2.67e+02,  2.15e+01)
26 n: 9.673e-07 e: 2.944e-05 i: 4.898e-05 :: e: 1.263e-02 i: 1.787e-02 :: n: 2.167e+01 e:19.659 i:29.092 v:4.993e+03
>>> tau_he = 5.000000, nhe(0)=2.255134e+00
 5 -106828.273   7.91e-03   3.88e-01   2.42e-03  -1.08e-01   5.42e-27 (  2.58e+00,  3.25e+01)
10 -2130266.456   7.41e-02   1.38e-01   7.77e-03  -2.15e+00   1.85e-22 (  3.29e+01,  6.63e+01)
15 -1677453.703   1.96e-01   1.49e-01   7.13e-02  -1.70e+00   2.25e-18 (  8.38e+01,  9.76e+01)
20 -1990162.553   2.03e-01   1.89e-01   8.21e-02  -2.02e+00   1.02e-14 (  9.61e+01,  1.24e+02)
25 -1833001.508   3.26e-01   4.36e-01   3.83e-01  -1.87e+00   1.72e-11 (  1.60e+02,  1.44e+02)
30 -1434515.652   3.39e-01   4.16e-01   3.73e-01  -1.47e+00   1.10e-08 (  1.57e+02,  1.57e+02)
35 -1549036.520   2.70e-01   2.79e-01   2.53e-01  -1.59e+00   2.68e-06 (  1.19e+02,  1.62e+02)
40     -6.508   3.13e-01   3.44e-01   3.74e-01  -8.73e-01   2.52e-04 (  1.28e+02,  1.60e+02)
45     -0.348   3.34e-01   4.03e-01   3.05e-01  -3.59e-01   9.22e-03 (  1.22e+02,  1.52e+02)
50      0.058   3.48e-01   4.64e-01   2.68e-01   1.29e-01   1.36e-01 (  1.13e+02,  1.40e+02)
55      0.162   3.50e-01   5.05e-01   3.31e-01   8.40e-01   8.38e-01 (  1.01e+02,  1.26e+02)
60      0.134   3.50e-01   5.65e-01   3.39e-01   2.04e+00   2.38e+00 (  8.67e+01,  1.11e+02)
65      0.191   4.44e-01   7.19e-01   4.26e-01   3.82e+00   3.67e+00 (  8.37e+01,  9.82e+01)
70      0.211   4.87e-01   7.74e-01   4.91e-01   4.13e+00   3.96e+00 (  7.38e+01,  8.57e+01)
75      0.215   4.93e-01   8.09e-01   5.52e-01   3.93e+00   3.79e+00 (  6.27e+01,  7.32e+01)
80      0.215   4.85e-01   8.26e-01   6.05e-01   3.72e+00   3.57e+00 (  5.25e+01,  6.07e+01)
85      0.200   4.39e-01   8.05e-01   6.28e-01   3.24e+00   3.37e+00 (  4.16e+01,  4.80e+01)
90      0.377   9.10e-01   1.51e+00   1.09e+00   9.83e+00   3.20e+00 (  1.86e+02,  3.52e+01)
95      0.246   5.15e-01   7.42e-01   5.41e-01   1.53e+01   3.05e+00 (  2.67e+02,  2.15e+01)
27 n: 2.010e-06 e: 1.220e-04 i: 6.082e-04 :: e: 2.909e-02 i: 3.633e-02 :: n: 2.167e+01 e:19.563 i:29.023 v:4.993e+03
>>> tau_he = 5.000000, nhe(0)=2.251718e+00
 5 -106647.874   7.91e-03   3.85e-01   2.41e-03  -1.08e-01   5.42e-27 (  2.58e+00,  3.25e+01)
10 -2119608.630   7.38e-02   1.38e-01   7.68e-03  -2.14e+00   1.85e-22 (  3.27e+01,  6.63e+01)
15 -1614550.041   1.94e-01   1.48e-01   7.10e-02  -1.63e+00   2.25e-18 (  8.27e+01,  9.76e+01)
20 -1955044.904   1.96e-01   1.86e-01   8.32e-02  -1.98e+00   1.02e-14 (  9.24e+01,  1.24e+02)
25 -2328480.462   1.96e-01   1.95e-01   1.66e-01  -2.37e+00   1.72e-11 (  9.40e+01,  1.44e+02)
30 -1118319.564   2.55e-01   2.51e-01   2.03e-01  -1.14e+00   1.10e-08 (  1.17e+02,  1.57e+02)
35 -1555820.028   2.69e-01   2.76e-01   2.47e-01  -1.60e+00   2.68e-06 (  1.19e+02,  1.62e+02)
40     -6.494   3.12e-01   3.39e-01   3.66e-01  -8.70e-01   2.52e-04 (  1.27e+02,  1.60e+02)
45     -0.347   3.33e-01   3.96e-01   3.00e-01  -3.54e-01   9.22e-03 (  1.21e+02,  1.52e+02)
50      0.047   3.46e-01   4.58e-01   2.67e-01   1.03e-01   1.36e-01 (  1.12e+02,  1.40e+02)
55      0.163   3.48e-01   4.98e-01   3.26e-01   8.44e-01   8.38e-01 (  1.00e+02,  1.26e+02)
60      0.134   3.47e-01   5.56e-01   3.34e-01   2.03e+00   2.38e+00 (  8.54e+01,  1.11e+02)
65      0.190   4.39e-01   7.13e-01   4.24e-01   3.80e+00   3.67e+00 (  8.23e+01,  9.82e+01)
70      0.210   4.85e-01   7.69e-01   4.88e-01   4.12e+00   3.96e+00 (  7.28e+01,  8.57e+01)
75      0.215   4.92e-01   8.07e-01   5.52e-01   3.94e+00   3.79e+00 (  6.20e+01,  7.32e+01)
80      0.217   4.87e-01   8.29e-01   6.07e-01   3.75e+00   3.57e+00 (  5.22e+01,  6.07e+01)
85      0.202   4.43e-01   8.10e-01   6.33e-01   3.28e+00   3.37e+00 (  4.15e+01,  4.80e+01)
90      0.378   9.11e-01   1.51e+00   1.10e+00   9.86e+00   3.20e+00 (  1.85e+02,  3.52e+01)
95      0.246   5.15e-01   7.42e-01   5.41e-01   1.53e+01   3.05e+00 (  2.67e+02,  2.15e+01)
28 n: 9.919e-07 e: 1.826e-05 i: 7.093e-05 :: e: 1.467e-02 i: 1.835e-02 :: n: 2.166e+01 e:19.611 i:29.006 v:4.993e+03
>>> tau_he = 5.000000, nhe(0)=2.250559e+00
 5 -106332.569   7.88e-03   3.85e-01   2.41e-03  -1.07e-01   5.42e-27 (  2.57e+00,  3.25e+01)
10 -2123930.381   3.71e-02   6.87e-02   7.47e-03  -2.14e+00   1.85e-22 (  1.64e+01,  6.63e+01)
15 -1623397.269   1.97e-01   1.48e-01   7.20e-02  -1.64e+00   2.25e-18 (  8.38e+01,  9.76e+01)
20 -1969145.137   2.02e-01   1.88e-01   8.56e-02  -2.00e+00   1.02e-14 (  9.49e+01,  1.24e+02)
25 -2310791.829   2.00e-01   1.99e-01   1.64e-01  -2.35e+00   1.72e-11 (  9.66e+01,  1.44e+02)
30 -1867813.882   2.56e-01   2.57e-01   2.11e-01  -1.91e+00   1.10e-08 (  1.18e+02,  1.57e+02)
35 -1210396.964   3.37e-01   4.00e-01   3.78e-01  -1.24e+00   2.68e-06 (  1.49e+02,  1.62e+02)
40     -6.481   3.14e-01   3.45e-01   3.74e-01  -8.69e-01   2.52e-04 (  1.28e+02,  1.60e+02)
45     -0.349   3.34e-01   4.03e-01   3.05e-01  -3.58e-01   9.22e-03 (  1.22e+02,  1.52e+02)
50      0.059   3.48e-01   4.65e-01   2.68e-01   1.30e-01   1.36e-01 (  1.13e+02,  1.40e+02)
55      0.162   3.50e-01   5.06e-01   3.31e-01   8.41e-01   8.38e-01 (  1.01e+02,  1.26e+02)
60      0.134   3.50e-01   5.65e-01   3.39e-01   2.04e+00   2.38e+00 (  8.68e+01,  1.11e+02)
65      0.191   4.44e-01   7.20e-01   4.27e-01   3.82e+00   3.67e+00 (  8.37e+01,  9.82e+01)
70      0.211   4.87e-01   7.74e-01   4.91e-01   4.13e+00   3.96e+00 (  7.38e+01,  8.57e+01)
75      0.215   4.93e-01   8.09e-01   5.52e-01   3.92e+00   3.79e+00 (  6.27e+01,  7.32e+01)
80      0.215   4.85e-01   8.27e-01   6.05e-01   3.72e+00   3.57e+00 (  5.25e+01,  6.07e+01)
85      0.200   4.39e-01   8.05e-01   6.29e-01   3.24e+00   3.37e+00 (  4.16e+01,  4.80e+01)
90      0.377   9.10e-01   1.51e+00   1.09e+00   9.83e+00   3.20e+00 (  1.86e+02,  3.52e+01)
95      0.246   5.15e-01   7.42e-01   5.41e-01   1.53e+01   3.05e+00 (  2.67e+02,  2.15e+01)
29 n: 1.707e-06 e: 5.613e-05 i: 3.522e-04 :: e: 2.165e-02 i: 2.838e-02 :: n: 2.166e+01 e:19.558 i:29.244 v:4.993e+03
>>> tau_he = 5.000000, nhe(0)=2.259989e+00
 5 -107194.378   8.01e-03   3.88e-01   2.40e-03  -1.08e-01   5.42e-27 (  2.59e+00,  3.25e+01)
10 -2131626.342   7.85e-02   1.39e-01   1.14e-02  -2.15e+00   1.85e-22 (  3.49e+01,  6.63e+01)
15 -1600508.754   1.96e-01   1.49e-01   7.07e-02  -1.62e+00   2.25e-18 (  8.29e+01,  9.76e+01)
20 -1975033.132   2.02e-01   1.87e-01   8.28e-02  -2.00e+00   1.02e-14 (  9.49e+01,  1.24e+02)
25 -2287861.388   2.04e-01   2.01e-01   1.57e-01  -2.33e+00   1.72e-11 (  9.92e+01,  1.44e+02)
30 -1792836.839   2.57e-01   2.57e-01   2.08e-01  -1.83e+00   1.10e-08 (  1.18e+02,  1.57e+02)
35 -915064.172   2.69e-01   2.72e-01   2.43e-01  -9.40e-01   2.68e-06 (  1.18e+02,  1.62e+02)
40     -6.475   3.12e-01   3.39e-01   3.66e-01  -8.66e-01   2.52e-04 (  1.27e+02,  1.60e+02)
45     -0.346   3.33e-01   3.96e-01   3.00e-01  -3.51e-01   9.22e-03 (  1.21e+02,  1.52e+02)
50      0.048   3.46e-01   4.58e-01   2.67e-01   1.04e-01   1.36e-01 (  1.12e+02,  1.40e+02)
55      0.163   3.48e-01   4.98e-01   3.26e-01   8.45e-01   8.38e-01 (  1.00e+02,  1.26e+02)
60      0.134   3.47e-01   5.56e-01   3.35e-01   2.03e+00   2.38e+00 (  8.54e+01,  1.11e+02)
65      0.190   4.39e-01   7.13e-01   4.24e-01   3.80e+00   3.67e+00 (  8.23e+01,  9.82e+01)
70      0.210   4.84e-01   7.69e-01   4.89e-01   4.11e+00   3.96e+00 (  7.28e+01,  8.57e+01)
75      0.215   4.92e-01   8.07e-01   5.52e-01   3.93e+00   3.79e+00 (  6.20e+01,  7.32e+01)
80      0.217   4.87e-01   8.29e-01   6.08e-01   3.75e+00   3.57e+00 (  5.22e+01,  6.07e+01)
85      0.202   4.43e-01   8.11e-01   6.34e-01   3.28e+00   3.37e+00 (  4.15e+01,  4.80e+01)
90      0.378   9.11e-01   1.51e+00   1.10e+00   9.86e+00   3.20e+00 (  1.85e+02,  3.52e+01)
95      0.246   5.15e-01   7.42e-01   5.41e-01   1.53e+01   3.05e+00 (  2.67e+02,  2.15e+01)
30 n: 9.896e-07 e: 4.446e-05 i: 5.039e-05 :: e: 1.207e-02 i: 1.667e-02 :: n: 2.166e+01 e:19.698 i:29.241 v:4.993e+03
>>> tau_he = 5.000000, nhe(0)=2.259476e+00
 5 -108697.552   8.00e-03   3.90e-01   2.42e-03  -1.10e-01   5.42e-27 (  2.61e+00,  3.25e+01)
10 -2149231.088   7.88e-02   1.40e-01   1.15e-02  -2.17e+00   1.85e-22 (  3.52e+01,  6.63e+01)
15 -1623892.512   1.97e-01   1.51e-01   7.24e-02  -1.64e+00   2.25e-18 (  8.41e+01,  9.76e+01)
20 -1998029.395   2.05e-01   1.90e-01   8.02e-02  -2.03e+00   1.02e-14 (  9.71e+01,  1.24e+02)
25 -1839950.154   3.28e-01   4.38e-01   3.83e-01  -1.87e+00   1.72e-11 (  1.61e+02,  1.44e+02)
30 -1468317.154   3.40e-01   4.34e-01   3.85e-01  -1.50e+00   1.10e-08 (  1.59e+02,  1.57e+02)
35 -1221793.372   3.37e-01   4.00e-01   3.79e-01  -1.25e+00   2.68e-06 (  1.49e+02,  1.62e+02)
40     -6.539   3.14e-01   3.45e-01   3.75e-01  -8.76e-01   2.52e-04 (  1.28e+02,  1.60e+02)
45     -0.356   3.35e-01   4.04e-01   3.06e-01  -3.63e-01   9.22e-03 (  1.23e+02,  1.52e+02)
50      0.057   3.49e-01   4.66e-01   2.69e-01   1.26e-01   1.36e-01 (  1.13e+02,  1.40e+02)
55      0.162   3.51e-01   5.07e-01   3.32e-01   8.40e-01   8.38e-01 (  1.02e+02,  1.26e+02)
60      0.134   3.51e-01   5.66e-01   3.39e-01   2.04e+00   2.38e+00 (  8.70e+01,  1.11e+02)
65      0.191   4.44e-01   7.20e-01   4.27e-01   3.82e+00   3.67e+00 (  8.38e+01,  9.82e+01)
70      0.211   4.87e-01   7.75e-01   4.92e-01   4.12e+00   3.96e+00 (  7.39e+01,  8.57e+01)
75      0.215   4.93e-01   8.09e-01   5.53e-01   3.92e+00   3.79e+00 (  6.27e+01,  7.32e+01)
80      0.215   4.85e-01   8.27e-01   6.06e-01   3.71e+00   3.57e+00 (  5.25e+01,  6.07e+01)
85      0.200   4.39e-01   8.06e-01   6.29e-01   3.24e+00   3.37e+00 (  4.16e+01,  4.80e+01)
90      0.377   9.11e-01   1.51e+00   1.10e+00   9.83e+00   3.20e+00 (  1.86e+02,  3.52e+01)
95      0.246   5.15e-01   7.42e-01   5.41e-01   1.53e+01   3.05e+00 (  2.67e+02,  2.15e+01)
31 n: 1.452e-06 e: 9.930e-05 i: 5.051e-04 :: e: 3.300e-02 i: 4.196e-02 :: n: 2.166e+01 e:19.577 i:29.140 v:4.993e+03
>>> tau_he = 5.000000, nhe(0)=2.254921e+00
 5 -108314.634   7.99e-03   3.86e-01   2.40e-03  -1.09e-01   5.42e-27 (  2.61e+00,  3.25e+01)
10 -2127454.558   7.83e-02   1.39e-01   1.14e-02  -2.15e+00   1.85e-22 (  3.48e+01,  6.63e+01)
15 -1607627.552   1.95e-01   1.50e-01   7.17e-02  -1.63e+00   2.25e-18 (  8.31e+01,  9.76e+01)
20 -1961872.738   2.02e-01   1.88e-01   8.08e-02  -1.99e+00   1.02e-14 (  9.54e+01,  1.24e+02)
25 -2327764.162   1.97e-01   1.96e-01   1.65e-01  -2.37e+00   1.72e-11 (  9.48e+01,  1.44e+02)
30 -1121310.313   2.55e-01   2.51e-01   2.03e-01  -1.15e+00   1.10e-08 (  1.17e+02,  1.57e+02)
35 -936004.285   2.69e-01   2.70e-01   2.42e-01  -9.61e-01   2.68e-06 (  1.18e+02,  1.62e+02)
40     -6.530   3.13e-01   3.39e-01   3.66e-01  -8.73e-01   2.52e-04 (  1.27e+02,  1.60e+02)
45     -0.351   3.36e-01   3.97e-01   3.01e-01  -3.55e-01   9.22e-03 (  1.23e+02,  1.52e+02)
50      0.063   3.47e-01   4.58e-01   2.64e-01   1.38e-01   1.36e-01 (  1.13e+02,  1.40e+02)
55      0.164   3.49e-01   5.00e-01   3.27e-01   8.49e-01   8.38e-01 (  1.01e+02,  1.26e+02)
60      0.134   3.48e-01   5.58e-01   3.36e-01   2.04e+00   2.38e+00 (  8.58e+01,  1.11e+02)
65      0.191   4.40e-01   7.15e-01   4.25e-01   3.81e+00   3.67e+00 (  8.26e+01,  9.82e+01)
70      0.210   4.85e-01   7.71e-01   4.90e-01   4.12e+00   3.96e+00 (  7.30e+01,  8.57e+01)
75      0.216   4.93e-01   8.09e-01   5.53e-01   3.94e+00   3.79e+00 (  6.22e+01,  7.32e+01)
80      0.217   4.87e-01   8.30e-01   6.09e-01   3.75e+00   3.57e+00 (  5.23e+01,  6.07e+01)
85      0.203   4.44e-01   8.13e-01   6.35e-01   3.29e+00   3.37e+00 (  4.16e+01,  4.80e+01)
90      0.378   9.11e-01   1.51e+00   1.10e+00   9.86e+00   3.20e+00 (  1.86e+02,  3.52e+01)
95      0.246   5.15e-01   7.42e-01   5.41e-01   1.53e+01   3.05e+00 (  2.67e+02,  2.15e+01)
32 n: 1.532e-06 e: 2.055e-05 i: 7.405e-05 :: e: 1.569e-02 i: 1.975e-02 :: n: 2.165e+01 e:19.618 i:29.091 v:4.993e+03
>>> tau_he = 5.000000, nhe(0)=2.252230e+00
 5 -107821.126   7.94e-03   3.86e-01   2.41e-03  -1.09e-01   5.42e-27 (  2.59e+00,  3.25e+01)
10 -2108757.608   7.75e-02   1.37e-01   1.12e-02  -2.13e+00   1.85e-22 (  3.42e+01,  6.63e+01)
15 -1565190.764   1.98e-01   1.49e-01   7.31e-02  -1.58e+00   2.25e-18 (  8.37e+01,  9.76e+01)
20 -1959007.696   2.03e-01   1.89e-01   8.45e-02  -1.99e+00   1.02e-14 (  9.55e+01,  1.24e+02)
25 -2306141.696   2.01e-01   2.00e-01   1.63e-01  -2.35e+00   1.72e-11 (  9.71e+01,  1.44e+02)
30 -1867340.854   2.56e-01   2.57e-01   2.11e-01  -1.91e+00   1.10e-08 (  1.18e+02,  1.57e+02)
35 -894446.775   2.71e-01   2.77e-01   2.49e-01  -9.18e-01   2.68e-06 (  1.19e+02,  1.62e+02)
40     -6.517   3.14e-01   3.45e-01   3.74e-01  -8.70e-01   2.52e-04 (  1.28e+02,  1.60e+02)
45     -0.363   3.36e-01   4.04e-01   3.07e-01  -3.62e-01   9.22e-03 (  1.23e+02,  1.52e+02)
50      0.058   3.50e-01   4.67e-01   2.70e-01   1.25e-01   1.36e-01 (  1.14e+02,  1.40e+02)
55      0.163   3.52e-01   5.08e-01   3.33e-01   8.43e-01   8.38e-01 (  1.02e+02,  1.26e+02)
60      0.135   3.52e-01   5.68e-01   3.41e-01   2.04e+00   2.38e+00 (  8.74e+01,  1.11e+02)
65      0.192   4.45e-01   7.22e-01   4.28e-01   3.83e+00   3.67e+00 (  8.42e+01,  9.82e+01)
70      0.211   4.88e-01   7.77e-01   4.93e-01   4.13e+00   3.96e+00 (  7.42e+01,  8.57e+01)
75      0.215   4.94e-01   8.11e-01   5.54e-01   3.93e+00   3.79e+00 (  6.30e+01,  7.32e+01)
80      0.215   4.85e-01   8.29e-01   6.07e-01   3.72e+00   3.57e+00 (  5.27e+01,  6.07e+01)
85      0.200   4.40e-01   8.08e-01   6.31e-01   3.25e+00   3.37e+00 (  4.18e+01,  4.80e+01)
90      0.377   9.11e-01   1.51e+00   1.10e+00   9.84e+00   3.20e+00 (  1.86e+02,  3.52e+01)
95      0.246   5.15e-01   7.42e-01   5.41e-01   1.53e+01   3.05e+00 (  2.67e+02,  2.15e+01)
33 n: 1.291e-06 e: 3.108e-05 i: 6.559e-05 :: e: 1.511e-02 i: 1.905e-02 :: n: 2.165e+01 e:19.568 i:29.182 v:4.993e+03
>>> tau_he = 5.000000, nhe(0)=2.255448e+00
 5 -107623.062   8.01e-03   3.89e-01   2.43e-03  -1.09e-01   5.42e-27 (  2.61e+00,  3.25e+01)
10 -2098866.779   7.41e-02   1.39e-01   7.42e-03  -2.12e+00   1.85e-22 (  3.25e+01,  6.63e+01)
15 -1601205.487   1.98e-01   1.47e-01   7.09e-02  -1.62e+00   2.25e-18 (  8.34e+01,  9.76e+01)
20 -1984203.072   2.01e-01   1.87e-01   8.53e-02  -2.01e+00   1.02e-14 (  9.45e+01,  1.24e+02)
25 -2299622.271   2.04e-01   2.01e-01   1.59e-01  -2.34e+00   1.72e-11 (  9.88e+01,  1.44e+02)
30 -1805647.898   2.57e-01   2.57e-01   2.08e-01  -1.85e+00   1.10e-08 (  1.18e+02,  1.57e+02)
35 -1547006.416   2.70e-01   2.76e-01   2.48e-01  -1.59e+00   2.68e-06 (  1.18e+02,  1.62e+02)
40     -6.505   3.12e-01   3.40e-01   3.67e-01  -8.67e-01   2.52e-04 (  1.27e+02,  1.60e+02)
45     -0.362   3.33e-01   3.97e-01   3.01e-01  -3.59e-01   9.22e-03 (  1.21e+02,  1.52e+02)
50      0.045   3.47e-01   4.58e-01   2.68e-01   9.66e-02   1.36e-01 (  1.12e+02,  1.40e+02)
55      0.163   3.48e-01   4.99e-01   3.26e-01   8.42e-01   8.38e-01 (  1.00e+02,  1.26e+02)
60      0.134   3.47e-01   5.57e-01   3.35e-01   2.02e+00   2.38e+00 (  8.56e+01,  1.11e+02)
65      0.190   4.40e-01   7.14e-01   4.23e-01   3.80e+00   3.67e+00 (  8.26e+01,  9.82e+01)
70      0.210   4.85e-01   7.71e-01   4.90e-01   4.11e+00   3.96e+00 (  7.30e+01,  8.57e+01)
75      0.216   4.93e-01   8.09e-01   5.53e-01   3.93e+00   3.79e+00 (  6.22e+01,  7.32e+01)
80      0.217   4.87e-01   8.30e-01   6.09e-01   3.74e+00   3.57e+00 (  5.24e+01,  6.07e+01)
85      0.203   4.44e-01   8.13e-01   6.36e-01   3.28e+00   3.37e+00 (  4.17e+01,  4.80e+01)
90      0.378   9.12e-01   1.51e+00   1.10e+00   9.86e+00   3.20e+00 (  1.86e+02,  3.52e+01)
95      0.246   5.15e-01   7.42e-01   5.41e-01   1.53e+01   3.05e+00 (  2.67e+02,  2.15e+01)
34 n: 1.957e-06 e: 3.229e-05 i: 4.978e-05 :: e: 1.075e-02 i: 1.532e-02 :: n: 2.165e+01 e:19.668 i:29.187 v:4.993e+03
>>> tau_he = 5.000000, nhe(0)=2.255475e+00
 5 -108129.580   7.99e-03   3.90e-01   2.44e-03  -1.09e-01   5.42e-27 (  2.61e+00,  3.25e+01)
10 -2105816.922   7.42e-02   1.39e-01   7.39e-03  -2.13e+00   1.85e-22 (  3.26e+01,  6.63e+01)
15 -1611808.451   1.99e-01   1.49e-01   7.25e-02  -1.63e+00   2.25e-18 (  8.42e+01,  9.76e+01)
20 -1994160.818   2.04e-01   1.90e-01   8.28e-02  -2.02e+00   1.02e-14 (  9.62e+01,  1.24e+02)
25 -1849213.041   3.28e-01   4.37e-01   3.84e-01  -1.88e+00   1.72e-11 (  1.61e+02,  1.44e+02)
30 -1472666.676   3.40e-01   4.34e-01   3.85e-01  -1.51e+00   1.10e-08 (  1.58e+02,  1.57e+02)
35 -1217025.621   3.38e-01   4.01e-01   3.79e-01  -1.25e+00   2.68e-06 (  1.50e+02,  1.62e+02)
40     -6.539   3.15e-01   3.46e-01   3.75e-01  -8.73e-01   2.52e-04 (  1.28e+02,  1.60e+02)
45     -0.364   3.35e-01   4.04e-01   3.06e-01  -3.65e-01   9.22e-03 (  1.22e+02,  1.52e+02)
50      0.057   3.49e-01   4.65e-01   2.69e-01   1.24e-01   1.36e-01 (  1.13e+02,  1.40e+02)
55      0.162   3.51e-01   5.06e-01   3.32e-01   8.39e-01   8.38e-01 (  1.01e+02,  1.26e+02)
60      0.134   3.50e-01   5.65e-01   3.39e-01   2.03e+00   2.38e+00 (  8.68e+01,  1.11e+02)
65      0.191   4.44e-01   7.20e-01   4.27e-01   3.81e+00   3.67e+00 (  8.38e+01,  9.82e+01)
70      0.211   4.87e-01   7.75e-01   4.92e-01   4.12e+00   3.96e+00 (  7.39e+01,  8.57e+01)
75      0.215   4.93e-01   8.10e-01   5.53e-01   3.92e+00   3.79e+00 (  6.28e+01,  7.32e+01)
80      0.215   4.85e-01   8.28e-01   6.07e-01   3.71e+00   3.57e+00 (  5.25e+01,  6.07e+01)
85      0.200   4.39e-01   8.07e-01   6.31e-01   3.24e+00   3.37e+00 (  4.17e+01,  4.80e+01)
90      0.377   9.11e-01   1.51e+00   1.10e+00   9.84e+00   3.20e+00 (  1.86e+02,  3.52e+01)
95      0.246   5.15e-01   7.42e-01   5.41e-01   1.53e+01   3.05e+00 (  2.67e+02,  2.15e+01)
35 n: 7.932e-07 e: 9.152e-05 i: 5.062e-04 :: e: 3.115e-02 i: 4.016e-02 :: n: 2.165e+01 e:19.560 i:29.078 v:4.993e+03
>>> tau_he = 5.000000, nhe(0)=2.250753e+00
 5 -107796.695   7.97e-03   3.86e-01   2.42e-03  -1.09e-01   5.42e-27 (  2.61e+00,  3.25e+01)
10 -2099343.128   7.40e-02   1.39e-01   7.31e-03  -2.12e+00   1.85e-22 (  3.25e+01,  6.63e+01)
15 -1551632.465   1.97e-01   1.48e-01   7.24e-02  -1.57e+00   2.25e-18 (  8.30e+01,  9.76e+01)
20 -1946192.637   1.98e-01   1.87e-01   8.31e-02  -1.98e+00   1.02e-14 (  9.29e+01,  1.24e+02)
25 -2330362.529   1.97e-01   1.96e-01   1.66e-01  -2.37e+00   1.72e-11 (  9.45e+01,  1.44e+02)
30 -1125073.532   2.55e-01   2.51e-01   2.03e-01  -1.15e+00   1.10e-08 (  1.17e+02,  1.57e+02)
35 -931162.719   2.70e-01   2.71e-01   2.43e-01  -9.56e-01   2.68e-06 (  1.19e+02,  1.62e+02)
40     -6.538   3.13e-01   3.40e-01   3.66e-01  -8.73e-01   2.52e-04 (  1.27e+02,  1.60e+02)
45     -0.359   3.36e-01   3.98e-01   3.02e-01  -3.58e-01   9.22e-03 (  1.23e+02,  1.52e+02)
50      0.062   3.47e-01   4.59e-01   2.65e-01   1.34e-01   1.36e-01 (  1.12e+02,  1.40e+02)
55      0.164   3.49e-01   5.00e-01   3.27e-01   8.46e-01   8.38e-01 (  1.01e+02,  1.26e+02)
60      0.134   3.48e-01   5.58e-01   3.36e-01   2.03e+00   2.38e+00 (  8.57e+01,  1.11e+02)
65      0.191   4.40e-01   7.14e-01   4.24e-01   3.80e+00   3.67e+00 (  8.26e+01,  9.82e+01)
70      0.210   4.85e-01   7.71e-01   4.90e-01   4.11e+00   3.96e+00 (  7.30e+01,  8.57e+01)
75      0.215   4.93e-01   8.09e-01   5.53e-01   3.93e+00   3.79e+00 (  6.22e+01,  7.32e+01)
80      0.217   4.87e-01   8.30e-01   6.09e-01   3.74e+00   3.57e+00 (  5.23e+01,  6.07e+01)
85      0.203   4.43e-01   8.12e-01   6.36e-01   3.28e+00   3.37e+00 (  4.17e+01,  4.80e+01)
90      0.378   9.12e-01   1.51e+00   1.10e+00   9.86e+00   3.20e+00 (  1.86e+02,  3.52e+01)
95      0.246   5.15e-01   7.42e-01   5.41e-01   1.53e+01   3.05e+00 (  2.67e+02,  2.15e+01)
36 n: 1.162e-06 e: 1.472e-05 i: 6.800e-05 :: e: 1.418e-02 i: 1.822e-02 :: n: 2.164e+01 e:19.588 i:29.040 v:4.993e+03
>>> tau_he = 5.000000, nhe(0)=2.248825e+00
 5 -107152.559   7.92e-03   3.86e-01   2.42e-03  -1.08e-01   5.42e-27 (  2.59e+00,  3.25e+01)
10 -2100912.325   3.65e-02   6.84e-02   7.26e-03  -2.12e+00   1.85e-22 (  1.60e+01,  6.63e+01)
15 -1592481.737   1.98e-01   1.48e-01   7.30e-02  -1.61e+00   2.25e-18 (  8.31e+01,  9.76e+01)
20 -1956787.833   2.02e-01   1.88e-01   8.59e-02  -1.99e+00   1.02e-14 (  9.49e+01,  1.24e+02)
25 -2306408.902   2.00e-01   2.00e-01   1.64e-01  -2.35e+00   1.72e-11 (  9.66e+01,  1.44e+02)
30 -1868333.811   2.56e-01   2.57e-01   2.11e-01  -1.91e+00   1.10e-08 (  1.17e+02,  1.57e+02)
35 -1544437.149   2.70e-01   2.80e-01   2.53e-01  -1.59e+00   2.68e-06 (  1.19e+02,  1.62e+02)
40     -6.501   3.14e-01   3.45e-01   3.74e-01  -8.66e-01   2.52e-04 (  1.28e+02,  1.60e+02)
45     -0.367   3.35e-01   4.04e-01   3.07e-01  -3.62e-01   9.22e-03 (  1.22e+02,  1.52e+02)
50      0.058   3.49e-01   4.66e-01   2.70e-01   1.24e-01   1.36e-01 (  1.13e+02,  1.40e+02)
55      0.163   3.51e-01   5.07e-01   3.32e-01   8.42e-01   8.38e-01 (  1.02e+02,  1.26e+02)
60      0.134   3.51e-01   5.66e-01   3.40e-01   2.04e+00   2.38e+00 (  8.70e+01,  1.11e+02)
65      0.192   4.44e-01   7.21e-01   4.28e-01   3.82e+00   3.67e+00 (  8.39e+01,  9.82e+01)
70      0.211   4.88e-01   7.76e-01   4.93e-01   4.12e+00   3.96e+00 (  7.40e+01,  8.57e+01)
75      0.215   4.93e-01   8.10e-01   5.54e-01   3.92e+00   3.79e+00 (  6.28e+01,  7.32e+01)
80      0.215   4.85e-01   8.28e-01   6.07e-01   3.71e+00   3.57e+00 (  5.26e+01,  6.07e+01)
85      0.200   4.40e-01   8.07e-01   6.31e-01   3.24e+00   3.37e+00 (  4.18e+01,  4.80e+01)
90      0.377   9.11e-01   1.51e+00   1.10e+00   9.84e+00   3.20e+00 (  1.86e+02,  3.52e+01)
95      0.246   5.15e-01   7.42e-01   5.41e-01   1.53e+01   3.05e+00 (  2.67e+02,  2.15e+01)
37 n: 7.030e-07 e: 3.335e-05 i: 2.429e-04 :: e: 1.715e-02 i: 2.188e-02 :: n: 2.164e+01 e:19.547 i:29.295 v:4.993e+03
>>> tau_he = 5.000000, nhe(0)=2.259102e+00
 5 -107930.560   8.06e-03   3.89e-01   2.41e-03  -1.09e-01   5.42e-27 (  2.61e+00,  3.25e+01)
10 -2109582.174   7.86e-02   1.40e-01   1.12e-02  -2.13e+00   1.85e-22 (  3.46e+01,  6.63e+01)
15 -1538035.256   1.98e-01   1.49e-01   7.17e-02  -1.56e+00   2.25e-18 (  8.32e+01,  9.76e+01)
20 -1970915.341   2.02e-01   1.87e-01   8.40e-02  -2.00e+00   1.02e-14 (  9.47e+01,  1.24e+02)
25 -2296648.349   2.04e-01   2.01e-01   1.58e-01  -2.34e+00   1.72e-11 (  9.88e+01,  1.44e+02)
30 -1801089.959   2.57e-01   2.57e-01   2.08e-01  -1.84e+00   1.10e-08 (  1.18e+02,  1.57e+02)
35 -1207938.335   3.35e-01   3.95e-01   3.72e-01  -1.24e+00   2.68e-06 (  1.48e+02,  1.62e+02)
40     -6.462   3.12e-01   3.40e-01   3.67e-01  -8.60e-01   2.52e-04 (  1.27e+02,  1.60e+02)
45     -0.362   3.33e-01   3.97e-01   3.01e-01  -3.55e-01   9.22e-03 (  1.21e+02,  1.52e+02)
50      0.046   3.47e-01   4.59e-01   2.68e-01   9.81e-02   1.36e-01 (  1.12e+02,  1.40e+02)
55      0.164   3.48e-01   4.99e-01   3.27e-01   8.44e-01   8.38e-01 (  1.00e+02,  1.26e+02)
60      0.134   3.47e-01   5.57e-01   3.35e-01   2.02e+00   2.38e+00 (  8.54e+01,  1.11e+02)
65      0.190   4.40e-01   7.13e-01   4.23e-01   3.79e+00   3.67e+00 (  8.24e+01,  9.82e+01)
70      0.210   4.84e-01   7.70e-01   4.89e-01   4.11e+00   3.96e+00 (  7.29e+01,  8.57e+01)
75      0.215   4.92e-01   8.08e-01   5.53e-01   3.92e+00   3.79e+00 (  6.21e+01,  7.32e+01)
80      0.217   4.86e-01   8.29e-01   6.09e-01   3.74e+00   3.57e+00 (  5.23e+01,  6.07e+01)
85      0.202   4.43e-01   8.12e-01   6.35e-01   3.28e+00   3.37e+00 (  4.16e+01,  4.80e+01)
90      0.378   9.12e-01   1.51e+00   1.10e+00   9.86e+00   3.20e+00 (  1.86e+02,  3.52e+01)
95      0.246   5.15e-01   7.42e-01   5.41e-01   1.53e+01   3.05e+00 (  2.67e+02,  2.15e+01)
38 n: 2.108e-06 e: 6.265e-05 i: 1.398e-04 :: e: 1.499e-02 i: 1.947e-02 :: n: 2.164e+01 e:19.683 i:29.267 v:4.993e+03
>>> tau_he = 5.000000, nhe(0)=2.257946e+00
 5 -109429.844   8.04e-03   3.90e-01   2.42e-03  -1.10e-01   5.42e-27 (  2.63e+00,  3.25e+01)
10 -2131620.250   7.90e-02   1.41e-01   1.13e-02  -2.15e+00   1.85e-22 (  3.50e+01,  6.63e+01)
15 -1563380.372   2.00e-01   1.51e-01   7.35e-02  -1.58e+00   2.25e-18 (  8.44e+01,  9.76e+01)
20 -1986692.240   2.06e-01   1.91e-01   8.04e-02  -2.02e+00   1.02e-14 (  9.73e+01,  1.24e+02)
25 -1836230.171   3.28e-01   4.39e-01   3.84e-01  -1.87e+00   1.72e-11 (  1.61e+02,  1.44e+02)
30 -1470802.670   3.40e-01   4.34e-01   3.86e-01  -1.50e+00   1.10e-08 (  1.58e+02,  1.57e+02)
35 -904347.518   2.72e-01   2.77e-01   2.49e-01  -9.29e-01   2.68e-06 (  1.20e+02,  1.62e+02)
40     -6.579   3.15e-01   3.45e-01   3.75e-01  -8.78e-01   2.52e-04 (  1.28e+02,  1.60e+02)
45     -0.370   3.36e-01   4.04e-01   3.07e-01  -3.67e-01   9.22e-03 (  1.23e+02,  1.52e+02)
50      0.056   3.49e-01   4.66e-01   2.70e-01   1.22e-01   1.36e-01 (  1.14e+02,  1.40e+02)
55      0.163   3.51e-01   5.07e-01   3.32e-01   8.40e-01   8.38e-01 (  1.02e+02,  1.26e+02)
60      0.134   3.51e-01   5.66e-01   3.40e-01   2.03e+00   2.38e+00 (  8.70e+01,  1.11e+02)
65      0.191   4.44e-01   7.21e-01   4.27e-01   3.81e+00   3.67e+00 (  8.38e+01,  9.82e+01)
70      0.211   4.87e-01   7.75e-01   4.92e-01   4.12e+00   3.96e+00 (  7.39e+01,  8.57e+01)
75      0.215   4.93e-01   8.10e-01   5.54e-01   3.91e+00   3.79e+00 (  6.28e+01,  7.32e+01)
80      0.215   4.84e-01   8.28e-01   6.07e-01   3.71e+00   3.57e+00 (  5.25e+01,  6.07e+01)
85      0.200   4.39e-01   8.07e-01   6.31e-01   3.24e+00   3.37e+00 (  4.17e+01,  4.80e+01)
90      0.377   9.11e-01   1.51e+00   1.10e+00   9.84e+00   3.20e+00 (  1.86e+02,  3.52e+01)
95      0.246   5.15e-01   7.42e-01   5.41e-01   1.53e+01   3.05e+00 (  2.67e+02,  2.15e+01)
39 n: 6.558e-07 e: 1.339e-04 i: 6.795e-04 :: e: 2.861e-02 i: 3.643e-02 :: n: 2.164e+01 e:19.560 i:29.182 v:4.993e+03
>>> tau_he = 5.000000, nhe(0)=2.254318e+00
 5 -108853.506   8.03e-03   3.87e-01   2.41e-03  -1.10e-01   5.42e-27 (  2.63e+00,  3.25e+01)
10 -2107398.247   7.83e-02   1.39e-01   1.12e-02  -2.13e+00   1.85e-22 (  3.45e+01,  6.63e+01)
15 -1546396.251   1.98e-01   1.50e-01   7.25e-02  -1.56e+00   2.25e-18 (  8.33e+01,  9.76e+01)
20 -1957475.624   2.02e-01   1.88e-01   8.18e-02  -1.99e+00   1.02e-14 (  9.50e+01,  1.24e+02)
25 -2333818.773   1.97e-01   1.96e-01   1.66e-01  -2.38e+00   1.72e-11 (  9.45e+01,  1.44e+02)
30 -1124542.870   2.55e-01   2.51e-01   2.02e-01  -1.15e+00   1.10e-08 (  1.17e+02,  1.57e+02)
35 -919800.425   2.71e-01   2.73e-01   2.43e-01  -9.44e-01   2.68e-06 (  1.19e+02,  1.62e+02)
40     -6.496   3.13e-01   3.40e-01   3.66e-01  -8.66e-01   2.52e-04 (  1.27e+02,  1.60e+02)
45     -0.360   3.36e-01   3.98e-01   3.02e-01  -3.55e-01   9.22e-03 (  1.22e+02,  1.52e+02)
50      0.063   3.47e-01   4.59e-01   2.65e-01   1.35e-01   1.36e-01 (  1.12e+02,  1.40e+02)
55      0.164   3.49e-01   5.00e-01   3.27e-01   8.48e-01   8.38e-01 (  1.01e+02,  1.26e+02)
60      0.134   3.48e-01   5.59e-01   3.36e-01   2.03e+00   2.38e+00 (  8.58e+01,  1.11e+02)
65      0.191   4.40e-01   7.15e-01   4.24e-01   3.80e+00   3.67e+00 (  8.26e+01,  9.82e+01)
70      0.210   4.85e-01   7.71e-01   4.90e-01   4.11e+00   3.96e+00 (  7.30e+01,  8.57e+01)
75      0.216   4.93e-01   8.09e-01   5.54e-01   3.93e+00   3.79e+00 (  6.22e+01,  7.32e+01)
80      0.217   4.87e-01   8.30e-01   6.09e-01   3.74e+00   3.57e+00 (  5.23e+01,  6.07e+01)
85      0.203   4.43e-01   8.13e-01   6.36e-01   3.28e+00   3.37e+00 (  4.17e+01,  4.80e+01)
90      0.378   9.12e-01   1.51e+00   1.10e+00   9.87e+00   3.20e+00 (  1.86e+02,  3.52e+01)
95      0.246   5.15e-01   7.42e-01   5.41e-01   1.53e+01   3.05e+00 (  2.67e+02,  2.15e+01)
40 n: 1.140e-06 e: 2.054e-05 i: 7.672e-05 :: e: 1.375e-02 i: 1.804e-02 :: n: 2.164e+01 e:19.615 i:29.131 v:4.993e+03
>>> tau_he = 5.000000, nhe(0)=2.251890e+00
 5 -108413.852   7.98e-03   3.87e-01   2.42e-03  -1.09e-01   5.42e-27 (  2.61e+00,  3.25e+01)
10 -2093086.576   7.75e-02   1.37e-01   1.10e-02  -2.11e+00   1.85e-22 (  3.40e+01,  6.63e+01)
15 -1541452.581   1.98e-01   1.49e-01   7.39e-02  -1.56e+00   2.25e-18 (  8.32e+01,  9.76e+01)
20 -1957643.191   2.04e-01   1.89e-01   8.54e-02  -1.99e+00   1.02e-14 (  9.55e+01,  1.24e+02)
25 -2316660.188   2.01e-01   2.00e-01   1.64e-01  -2.36e+00   1.72e-11 (  9.71e+01,  1.44e+02)
30 -1877627.681   2.57e-01   2.58e-01   2.11e-01  -1.92e+00   1.10e-08 (  1.18e+02,  1.57e+02)
35 -1213525.697   3.38e-01   4.00e-01   3.79e-01  -1.25e+00   2.68e-06 (  1.49e+02,  1.62e+02)
40     -6.526   3.15e-01   3.46e-01   3.75e-01  -8.68e-01   2.52e-04 (  1.28e+02,  1.60e+02)
45     -0.375   3.36e-01   4.05e-01   3.08e-01  -3.66e-01   9.22e-03 (  1.23e+02,  1.52e+02)
50      0.056   3.50e-01   4.67e-01   2.71e-01   1.21e-01   1.36e-01 (  1.14e+02,  1.40e+02)
55      0.163   3.52e-01   5.08e-01   3.33e-01   8.41e-01   8.38e-01 (  1.02e+02,  1.26e+02)
60      0.135   3.51e-01   5.67e-01   3.41e-01   2.04e+00   2.38e+00 (  8.72e+01,  1.11e+02)
65      0.192   4.45e-01   7.22e-01   4.28e-01   3.82e+00   3.67e+00 (  8.41e+01,  9.82e+01)
70      0.211   4.88e-01   7.76e-01   4.93e-01   4.12e+00   3.96e+00 (  7.41e+01,  8.57e+01)
75      0.215   4.93e-01   8.11e-01   5.54e-01   3.92e+00   3.79e+00 (  6.29e+01,  7.32e+01)
80      0.215   4.85e-01   8.29e-01   6.08e-01   3.71e+00   3.57e+00 (  5.27e+01,  6.07e+01)
85      0.200   4.40e-01   8.08e-01   6.32e-01   3.24e+00   3.37e+00 (  4.18e+01,  4.80e+01)
90      0.377   9.11e-01   1.51e+00   1.10e+00   9.84e+00   3.20e+00 (  1.86e+02,  3.52e+01)
95      0.246   5.15e-01   7.42e-01   5.41e-01   1.53e+01   3.05e+00 (  2.67e+02,  2.15e+01)
41 n: 7.088e-07 e: 5.355e-05 i: 1.594e-04 :: e: 1.703e-02 i: 2.141e-02 :: n: 2.164e+01 e:19.552 i:29.196 v:4.993e+03
>>> tau_he = 5.000000, nhe(0)=2.254342e+00
 5 -108118.503   8.03e-03   3.89e-01   2.43e-03  -1.09e-01   5.42e-27 (  2.63e+00,  3.25e+01)
10 -2086061.136   7.41e-02   1.39e-01   7.22e-03  -2.11e+00   1.85e-22 (  3.24e+01,  6.63e+01)
15 -1579069.817   1.98e-01   1.47e-01   7.16e-02  -1.60e+00   2.25e-18 (  8.29e+01,  9.76e+01)
20 -1972943.350   2.02e-01   1.87e-01   8.53e-02  -2.00e+00   1.02e-14 (  9.46e+01,  1.24e+02)
25 -2296128.294   2.04e-01   2.01e-01   1.58e-01  -2.34e+00   1.72e-11 (  9.91e+01,  1.44e+02)
30 -1804565.805   2.56e-01   2.57e-01   2.08e-01  -1.85e+00   1.10e-08 (  1.18e+02,  1.57e+02)
35 -920476.276   2.69e-01   2.72e-01   2.43e-01  -9.45e-01   2.68e-06 (  1.18e+02,  1.62e+02)
40     -6.528   3.12e-01   3.39e-01   3.67e-01  -8.68e-01   2.52e-04 (  1.27e+02,  1.60e+02)
45     -0.370   3.36e-01   3.97e-01   3.02e-01  -3.61e-01   9.22e-03 (  1.22e+02,  1.52e+02)
50      0.044   3.47e-01   4.59e-01   2.69e-01   9.51e-02   1.36e-01 (  1.12e+02,  1.40e+02)
55      0.164   3.49e-01   4.99e-01   3.27e-01   8.43e-01   8.38e-01 (  1.00e+02,  1.26e+02)
60      0.134   3.48e-01   5.57e-01   3.36e-01   2.02e+00   2.38e+00 (  8.56e+01,  1.11e+02)
65      0.191   4.40e-01   7.14e-01   4.23e-01   3.79e+00   3.67e+00 (  8.26e+01,  9.82e+01)
70      0.210   4.85e-01   7.71e-01   4.90e-01   4.11e+00   3.96e+00 (  7.30e+01,  8.57e+01)
75      0.215   4.93e-01   8.09e-01   5.53e-01   3.93e+00   3.79e+00 (  6.22e+01,  7.32e+01)
80      0.217   4.87e-01   8.30e-01   6.10e-01   3.74e+00   3.57e+00 (  5.24e+01,  6.07e+01)
85      0.203   4.43e-01   8.13e-01   6.36e-01   3.28e+00   3.37e+00 (  4.17e+01,  4.80e+01)
90      0.378   9.12e-01   1.51e+00   1.10e+00   9.87e+00   3.20e+00 (  1.86e+02,  3.52e+01)
95      0.246   5.15e-01   7.42e-01   5.41e-01   1.53e+01   3.05e+00 (  2.67e+02,  2.15e+01)
42 n: 2.572e-06 e: 2.695e-05 i: 4.773e-05 :: e: 1.111e-02 i: 1.598e-02 :: n: 2.164e+01 e:19.642 i:29.183 v:4.993e+03
>>> tau_he = 5.000000, nhe(0)=2.253800e+00
 5 -108444.011   8.00e-03   3.90e-01   2.44e-03  -1.09e-01   5.42e-27 (  2.63e+00,  3.25e+01)
10 -2093049.641   7.41e-02   1.39e-01   7.21e-03  -2.11e+00   1.85e-22 (  3.24e+01,  6.63e+01)
15 -1590405.464   1.99e-01   1.48e-01   7.31e-02  -1.61e+00   2.25e-18 (  8.35e+01,  9.76e+01)
20 -1981331.415   2.04e-01   1.90e-01   8.30e-02  -2.01e+00   1.02e-14 (  9.61e+01,  1.24e+02)
25 -1840535.612   3.27e-01   4.37e-01   3.84e-01  -1.87e+00   1.72e-11 (  1.60e+02,  1.44e+02)
30 -1437927.115   3.40e-01   4.17e-01   3.74e-01  -1.47e+00   1.10e-08 (  1.58e+02,  1.57e+02)
35 -1217295.910   3.37e-01   3.99e-01   3.78e-01  -1.25e+00   2.68e-06 (  1.48e+02,  1.62e+02)
40     -6.528   3.14e-01   3.45e-01   3.75e-01  -8.70e-01   2.52e-04 (  1.28e+02,  1.60e+02)
45     -0.368   3.35e-01   4.04e-01   3.07e-01  -3.64e-01   9.22e-03 (  1.22e+02,  1.52e+02)
50      0.057   3.49e-01   4.66e-01   2.70e-01   1.22e-01   1.36e-01 (  1.13e+02,  1.40e+02)
55      0.163   3.51e-01   5.07e-01   3.32e-01   8.39e-01   8.38e-01 (  1.02e+02,  1.26e+02)
60      0.134   3.51e-01   5.65e-01   3.40e-01   2.03e+00   2.38e+00 (  8.69e+01,  1.11e+02)
65      0.191   4.44e-01   7.21e-01   4.27e-01   3.81e+00   3.67e+00 (  8.38e+01,  9.82e+01)
70      0.211   4.87e-01   7.75e-01   4.92e-01   4.11e+00   3.96e+00 (  7.39e+01,  8.57e+01)
75      0.215   4.93e-01   8.10e-01   5.54e-01   3.91e+00   3.79e+00 (  6.28e+01,  7.32e+01)
80      0.215   4.84e-01   8.28e-01   6.07e-01   3.71e+00   3.57e+00 (  5.26e+01,  6.07e+01)
85      0.200   4.39e-01   8.07e-01   6.31e-01   3.24e+00   3.37e+00 (  4.18e+01,  4.80e+01)
90      0.377   9.11e-01   1.51e+00   1.10e+00   9.84e+00   3.20e+00 (  1.86e+02,  3.52e+01)
95      0.246   5.15e-01   7.42e-01   5.41e-01   1.53e+01   3.05e+00 (  2.67e+02,  2.15e+01)
43 n: 5.865e-07 e: 9.432e-05 i: 4.762e-04 :: e: 2.904e-02 i: 3.663e-02 :: n: 2.164e+01 e:19.532 i:29.071 v:4.993e+03
>>> tau_he = 5.000000, nhe(0)=2.249104e+00
 5 -107991.000   7.98e-03   3.86e-01   2.42e-03  -1.09e-01   5.42e-27 (  2.62e+00,  3.25e+01)
10 -2086715.218   7.38e-02   1.39e-01   7.16e-03  -2.11e+00   1.85e-22 (  3.23e+01,  6.63e+01)
15 -1579184.061   1.97e-01   1.48e-01   7.24e-02  -1.60e+00   2.25e-18 (  8.27e+01,  9.76e+01)
20 -1935894.464   1.98e-01   1.87e-01   8.35e-02  -1.96e+00   1.02e-14 (  9.27e+01,  1.24e+02)
25 -2321204.764   1.97e-01   1.96e-01   1.65e-01  -2.36e+00   1.72e-11 (  9.44e+01,  1.44e+02)
30 -1113690.747   2.55e-01   2.51e-01   2.03e-01  -1.14e+00   1.10e-08 (  1.16e+02,  1.57e+02)
35 -932320.485   2.68e-01   2.70e-01   2.42e-01  -9.57e-01   2.68e-06 (  1.17e+02,  1.62e+02)
40     -6.529   3.13e-01   3.39e-01   3.66e-01  -8.70e-01   2.52e-04 (  1.27e+02,  1.60e+02)
45     -0.363   3.36e-01   3.98e-01   3.02e-01  -3.57e-01   9.22e-03 (  1.22e+02,  1.52e+02)
50      0.062   3.47e-01   4.59e-01   2.65e-01   1.32e-01   1.36e-01 (  1.12e+02,  1.40e+02)
55      0.164   3.49e-01   5.00e-01   3.27e-01   8.45e-01   8.38e-01 (  1.00e+02,  1.26e+02)
60      0.134   3.48e-01   5.58e-01   3.36e-01   2.03e+00   2.38e+00 (  8.56e+01,  1.11e+02)
65      0.191   4.40e-01   7.14e-01   4.24e-01   3.79e+00   3.67e+00 (  8.26e+01,  9.82e+01)
70      0.210   4.85e-01   7.71e-01   4.90e-01   4.11e+00   3.96e+00 (  7.30e+01,  8.57e+01)
75      0.215   4.92e-01   8.09e-01   5.53e-01   3.93e+00   3.79e+00 (  6.22e+01,  7.32e+01)
80      0.217   4.87e-01   8.30e-01   6.09e-01   3.74e+00   3.57e+00 (  5.23e+01,  6.07e+01)
85      0.203   4.43e-01   8.13e-01   6.36e-01   3.28e+00   3.37e+00 (  4.17e+01,  4.80e+01)
90      0.378   9.12e-01   1.51e+00   1.10e+00   9.87e+00   3.20e+00 (  1.86e+02,  3.52e+01)
95      0.246   5.15e-01   7.42e-01   5.41e-01   1.53e+01   3.05e+00 (  2.67e+02,  2.15e+01)
44 n: 1.151e-06 e: 1.353e-05 i: 6.758e-05 :: e: 1.458e-02 i: 1.862e-02 :: n: 2.164e+01 e:19.562 i:29.030 v:4.993e+03
>>> tau_he = 5.000000, nhe(0)=2.247228e+00
 5 -107304.866   7.93e-03   3.86e-01   2.42e-03  -1.08e-01   5.42e-27 (  2.60e+00,  3.25e+01)
10 -2089265.267   3.63e-02   6.82e-02   7.17e-03  -2.11e+00   1.85e-22 (  1.58e+01,  6.63e+01)
15 -1574531.883   1.97e-01   1.48e-01   7.34e-02  -1.59e+00   2.25e-18 (  8.25e+01,  9.76e+01)
20 -1947260.096   2.02e-01   1.88e-01   8.63e-02  -1.98e+00   1.02e-14 (  9.47e+01,  1.24e+02)
25 -2298149.019   2.00e-01   2.00e-01   1.64e-01  -2.34e+00   1.72e-11 (  9.65e+01,  1.44e+02)
30 -1855502.667   2.56e-01   2.57e-01   2.11e-01  -1.90e+00   1.10e-08 (  1.17e+02,  1.57e+02)
35 -889173.346   2.70e-01   2.76e-01   2.49e-01  -9.13e-01   2.68e-06 (  1.18e+02,  1.62e+02)
40     -6.490   3.14e-01   3.45e-01   3.74e-01  -8.63e-01   2.52e-04 (  1.27e+02,  1.60e+02)
45     -0.370   3.35e-01   4.04e-01   3.07e-01  -3.61e-01   9.22e-03 (  1.22e+02,  1.52e+02)
50      0.058   3.49e-01   4.66e-01   2.70e-01   1.23e-01   1.36e-01 (  1.13e+02,  1.40e+02)
55      0.164   3.51e-01   5.07e-01   3.32e-01   8.41e-01   8.38e-01 (  1.01e+02,  1.26e+02)
60      0.134   3.51e-01   5.66e-01   3.40e-01   2.03e+00   2.38e+00 (  8.68e+01,  1.11e+02)
65      0.191   4.44e-01   7.21e-01   4.27e-01   3.81e+00   3.67e+00 (  8.38e+01,  9.82e+01)
70      0.211   4.87e-01   7.75e-01   4.92e-01   4.12e+00   3.96e+00 (  7.39e+01,  8.57e+01)
75      0.215   4.93e-01   8.10e-01   5.54e-01   3.91e+00   3.79e+00 (  6.28e+01,  7.32e+01)
80      0.215   4.84e-01   8.28e-01   6.07e-01   3.71e+00   3.57e+00 (  5.26e+01,  6.07e+01)
85      0.200   4.39e-01   8.07e-01   6.31e-01   3.24e+00   3.37e+00 (  4.18e+01,  4.80e+01)
90      0.377   9.11e-01   1.51e+00   1.10e+00   9.84e+00   3.20e+00 (  1.86e+02,  3.52e+01)
95      0.246   5.15e-01   7.42e-01   5.41e-01   1.53e+01   3.05e+00 (  2.67e+02,  2.15e+01)
45 n: 5.089e-07 e: 3.397e-05 i: 2.369e-04 :: e: 1.656e-02 i: 2.106e-02 :: n: 2.164e+01 e:19.521 i:29.286 v:4.993e+03
>>> tau_he = 5.000000, nhe(0)=2.257805e+00
 5 -108064.878   8.07e-03   3.89e-01   2.41e-03  -1.09e-01   5.42e-27 (  2.62e+00,  3.25e+01)
10 -2098832.473   7.85e-02   1.40e-01   1.11e-02  -2.12e+00   1.85e-22 (  3.45e+01,  6.63e+01)
15 -1567716.110   1.99e-01   1.49e-01   7.16e-02  -1.59e+00   2.25e-18 (  8.30e+01,  9.76e+01)
20 -1961929.877   2.02e-01   1.87e-01   8.42e-02  -1.99e+00   1.02e-14 (  9.45e+01,  1.24e+02)
25 -2288705.654   2.04e-01   2.01e-01   1.57e-01  -2.33e+00   1.72e-11 (  9.87e+01,  1.44e+02)
30 -1788796.496   2.57e-01   2.57e-01   2.08e-01  -1.83e+00   1.10e-08 (  1.18e+02,  1.57e+02)
35 -1534755.502   2.69e-01   2.76e-01   2.48e-01  -1.58e+00   2.68e-06 (  1.18e+02,  1.62e+02)
40     -6.445   3.12e-01   3.39e-01   3.67e-01  -8.57e-01   2.52e-04 (  1.26e+02,  1.60e+02)
45     -0.364   3.32e-01   3.97e-01   3.02e-01  -3.54e-01   9.22e-03 (  1.21e+02,  1.52e+02)
50      0.046   3.46e-01   4.58e-01   2.69e-01   9.74e-02   1.36e-01 (  1.12e+02,  1.40e+02)
55      0.164   3.48e-01   4.98e-01   3.27e-01   8.43e-01   8.38e-01 (  9.99e+01,  1.26e+02)
60      0.133   3.47e-01   5.56e-01   3.35e-01   2.02e+00   2.38e+00 (  8.52e+01,  1.11e+02)
65      0.190   4.39e-01   7.13e-01   4.23e-01   3.79e+00   3.67e+00 (  8.23e+01,  9.82e+01)
70      0.210   4.84e-01   7.70e-01   4.89e-01   4.10e+00   3.96e+00 (  7.28e+01,  8.57e+01)
75      0.215   4.92e-01   8.07e-01   5.52e-01   3.92e+00   3.79e+00 (  6.21e+01,  7.32e+01)
80      0.216   4.86e-01   8.29e-01   6.08e-01   3.73e+00   3.57e+00 (  5.22e+01,  6.07e+01)
85      0.202   4.43e-01   8.11e-01   6.35e-01   3.27e+00   3.37e+00 (  4.16e+01,  4.80e+01)
90      0.378   9.12e-01   1.51e+00   1.10e+00   9.87e+00   3.20e+00 (  1.86e+02,  3.52e+01)
95      0.246   5.15e-01   7.42e-01   5.41e-01   1.53e+01   3.05e+00 (  2.67e+02,  2.15e+01)
46 n: 2.416e-06 e: 5.069e-05 i: 5.514e-05 :: e: 1.236e-02 i: 1.559e-02 :: n: 2.164e+01 e:19.671 i:29.285 v:4.993e+03
>>> tau_he = 5.000000, nhe(0)=2.257939e+00
 5 -109584.579   8.06e-03   3.91e-01   2.43e-03  -1.10e-01   5.42e-27 (  2.64e+00,  3.25e+01)
10 -2120662.698   7.89e-02   1.40e-01   1.12e-02  -2.14e+00   1.85e-22 (  3.49e+01,  6.63e+01)
15 -1547940.114   2.00e-01   1.50e-01   7.38e-02  -1.57e+00   2.25e-18 (  8.40e+01,  9.76e+01)
20 -1987882.766   2.05e-01   1.90e-01   8.12e-02  -2.02e+00   1.02e-14 (  9.69e+01,  1.24e+02)
25 -1850028.476   3.28e-01   4.38e-01   3.84e-01  -1.88e+00   1.72e-11 (  1.61e+02,  1.44e+02)
30 -1468947.716   3.41e-01   4.34e-01   3.86e-01  -1.50e+00   1.10e-08 (  1.59e+02,  1.57e+02)
35 -1215228.819   3.38e-01   4.02e-01   3.79e-01  -1.25e+00   2.68e-06 (  1.50e+02,  1.62e+02)
40     -6.539   3.15e-01   3.46e-01   3.75e-01  -8.71e-01   2.52e-04 (  1.28e+02,  1.60e+02)
45     -0.373   3.35e-01   4.04e-01   3.07e-01  -3.67e-01   9.22e-03 (  1.22e+02,  1.52e+02)
50      0.056   3.49e-01   4.66e-01   2.70e-01   1.20e-01   1.36e-01 (  1.13e+02,  1.40e+02)
55      0.163   3.51e-01   5.06e-01   3.32e-01   8.37e-01   8.38e-01 (  1.01e+02,  1.26e+02)
60      0.134   3.50e-01   5.65e-01   3.39e-01   2.03e+00   2.38e+00 (  8.67e+01,  1.11e+02)
65      0.191   4.43e-01   7.20e-01   4.27e-01   3.81e+00   3.67e+00 (  8.36e+01,  9.82e+01)
70      0.210   4.87e-01   7.74e-01   4.91e-01   4.11e+00   3.96e+00 (  7.38e+01,  8.57e+01)
75      0.214   4.92e-01   8.09e-01   5.53e-01   3.91e+00   3.79e+00 (  6.26e+01,  7.32e+01)
80      0.215   4.84e-01   8.26e-01   6.06e-01   3.70e+00   3.57e+00 (  5.24e+01,  6.07e+01)
85      0.200   4.39e-01   8.06e-01   6.30e-01   3.24e+00   3.37e+00 (  4.17e+01,  4.80e+01)
90      0.377   9.11e-01   1.51e+00   1.10e+00   9.84e+00   3.20e+00 (  1.86e+02,  3.52e+01)
95      0.246   5.15e-01   7.42e-01   5.41e-01   1.53e+01   3.05e+00 (  2.67e+02,  2.15e+01)
47 n: 5.028e-07 e: 9.970e-05 i: 5.069e-04 :: e: 3.067e-02 i: 3.929e-02 :: n: 2.164e+01 e:19.552 i:29.183 v:4.993e+03
>>> tau_he = 5.000000, nhe(0)=2.253875e+00
 5 -109111.783   8.04e-03   3.87e-01   2.42e-03  -1.10e-01   5.42e-27 (  2.64e+00,  3.25e+01)
10 -2101443.798   7.84e-02   1.39e-01   1.11e-02  -2.12e+00   1.85e-22 (  3.45e+01,  6.63e+01)
15 -1534995.245   1.98e-01   1.50e-01   7.29e-02  -1.55e+00   2.25e-18 (  8.30e+01,  9.76e+01)
20 -1952241.663   2.03e-01   1.88e-01   8.17e-02  -1.98e+00   1.02e-14 (  9.52e+01,  1.24e+02)
25 -2330598.390   1.97e-01   1.97e-01   1.65e-01  -2.37e+00   1.72e-11 (  9.48e+01,  1.44e+02)
30 -1120468.787   2.55e-01   2.52e-01   2.03e-01  -1.15e+00   1.10e-08 (  1.17e+02,  1.57e+02)
35 -928215.441   2.70e-01   2.71e-01   2.42e-01  -9.53e-01   2.68e-06 (  1.18e+02,  1.62e+02)
40     -6.522   3.13e-01   3.40e-01   3.66e-01  -8.69e-01   2.52e-04 (  1.27e+02,  1.60e+02)
45     -0.364   3.36e-01   3.98e-01   3.02e-01  -3.56e-01   9.22e-03 (  1.22e+02,  1.52e+02)
50      0.062   3.47e-01   4.59e-01   2.65e-01   1.33e-01   1.36e-01 (  1.12e+02,  1.40e+02)
55      0.165   3.49e-01   5.00e-01   3.27e-01   8.47e-01   8.38e-01 (  1.00e+02,  1.26e+02)
60      0.134   3.48e-01   5.58e-01   3.36e-01   2.03e+00   2.38e+00 (  8.56e+01,  1.11e+02)
65      0.191   4.40e-01   7.14e-01   4.24e-01   3.79e+00   3.67e+00 (  8.25e+01,  9.82e+01)
70      0.210   4.84e-01   7.71e-01   4.90e-01   4.11e+00   3.96e+00 (  7.29e+01,  8.57e+01)
75      0.215   4.92e-01   8.08e-01   5.53e-01   3.93e+00   3.79e+00 (  6.21e+01,  7.32e+01)
80      0.217   4.86e-01   8.30e-01   6.09e-01   3.74e+00   3.57e+00 (  5.22e+01,  6.07e+01)
85      0.203   4.43e-01   8.12e-01   6.35e-01   3.28e+00   3.37e+00 (  4.16e+01,  4.80e+01)
90      0.378   9.12e-01   1.51e+00   1.10e+00   9.87e+00   3.20e+00 (  1.86e+02,  3.52e+01)
95      0.246   5.15e-01   7.42e-01   5.41e-01   1.53e+01   3.05e+00 (  2.67e+02,  2.15e+01)
48 n: 1.119e-06 e: 1.911e-05 i: 7.387e-05 :: e: 1.405e-02 i: 1.837e-02 :: n: 2.164e+01 e:19.595 i:29.127 v:4.993e+03
>>> tau_he = 5.000000, nhe(0)=2.251393e+00
 5 -108539.866   7.99e-03   3.87e-01   2.42e-03  -1.09e-01   5.42e-27 (  2.62e+00,  3.25e+01)
10 -2085681.596   7.75e-02   1.37e-01   1.10e-02  -2.11e+00   1.85e-22 (  3.40e+01,  6.63e+01)
15 -1529773.153   1.98e-01   1.49e-01   7.41e-02  -1.55e+00   2.25e-18 (  8.28e+01,  9.76e+01)
20 -1950303.064   2.04e-01   1.89e-01   8.53e-02  -1.98e+00   1.02e-14 (  9.54e+01,  1.24e+02)
25 -2309311.558   2.01e-01   2.00e-01   1.64e-01  -2.35e+00   1.72e-11 (  9.71e+01,  1.44e+02)
30 -1867762.255   2.57e-01   2.58e-01   2.11e-01  -1.91e+00   1.10e-08 (  1.18e+02,  1.57e+02)
35 -1213360.887   3.36e-01   3.98e-01   3.78e-01  -1.25e+00   2.68e-06 (  1.48e+02,  1.62e+02)
40     -6.511   3.15e-01   3.46e-01   3.75e-01  -8.66e-01   2.52e-04 (  1.28e+02,  1.60e+02)
45     -0.375   3.36e-01   4.05e-01   3.08e-01  -3.64e-01   9.22e-03 (  1.23e+02,  1.52e+02)
50      0.057   3.50e-01   4.67e-01   2.71e-01   1.21e-01   1.36e-01 (  1.14e+02,  1.40e+02)
55      0.164   3.52e-01   5.08e-01   3.33e-01   8.41e-01   8.38e-01 (  1.02e+02,  1.26e+02)
60      0.135   3.51e-01   5.67e-01   3.41e-01   2.04e+00   2.38e+00 (  8.71e+01,  1.11e+02)
65      0.192   4.44e-01   7.22e-01   4.28e-01   3.82e+00   3.67e+00 (  8.40e+01,  9.82e+01)
70      0.211   4.88e-01   7.76e-01   4.93e-01   4.12e+00   3.96e+00 (  7.41e+01,  8.57e+01)
75      0.215   4.93e-01   8.11e-01   5.54e-01   3.92e+00   3.79e+00 (  6.29e+01,  7.32e+01)
80      0.215   4.85e-01   8.28e-01   6.07e-01   3.71e+00   3.57e+00 (  5.26e+01,  6.07e+01)
85      0.200   4.39e-01   8.07e-01   6.31e-01   3.24e+00   3.37e+00 (  4.18e+01,  4.80e+01)
90      0.377   9.11e-01   1.51e+00   1.10e+00   9.84e+00   3.20e+00 (  1.86e+02,  3.52e+01)
95      0.246   5.15e-01   7.42e-01   5.41e-01   1.53e+01   3.05e+00 (  2.67e+02,  2.15e+01)
49 n: 7.012e-07 e: 4.956e-05 i: 1.504e-04 :: e: 1.590e-02 i: 2.015e-02 :: n: 2.164e+01 e:19.537 i:29.183 v:4.993e+03
 plasma volume = 147.854071
 stored energy(e,i,b,a) = 4.420023e+01 4.544412e+01 0.000000e+00 0.000000e+00
 betan = 1.021754
*power
 Pnb(e,i) = 0.000000e+00 0.000000e+00
 Prf(e,i) = 3.549479e+00 3.645669e+01
 Prad     = -5.902433e+01 
 Pei      = 1.769371e+01 
 Pfuse    = 3.815748e+01 
 Pfusi    = 1.079095e+01 
 Poh      = 0.000000e+00 
*confinement time
 taut, tauITER98y2, H98y2 : 2.995106e+00 2.888723e+00 1.036827e+00
 taue, taui : 1.174478e+02 -6.583469e+00
 taut, tau89, H89 : 2.995106e+00 1.246711e+00 2.402406e+00
*temperature
 nea, nebar : 1.775348e+01 1.941664e+01 
 tea, tia : 6.324779e+00 7.020273e+00 (9.009306e-01)
 te0, ti0 : 1.723335e+01 2.430747e+01 (7.089735e-01)
 Sn : 6.709486e+02 
*current balance
 Ip,Ibs,Inb,Irf: 1.000000e+01 1.387047e+00 0.000000e+00 6.983204e-02
 fni,fbs: 0.146 0.139

 plasma volume = 147.854071
 stored energy(e,i,b,a) = 4.420023e+01 4.544412e+01 0.000000e+00 0.000000e+00
 betan = 1.021754
*power
 Pnb(e,i) = 0.000000e+00 0.000000e+00
 Prf(e,i) = 3.549479e+00 3.645669e+01
 Prad     = -5.902433e+01 
 Pei      = 1.769371e+01 
 Pfuse    = 3.815748e+01 
 Pfusi    = 1.079095e+01 
 Poh      = 0.000000e+00 
*confinement time
 taut, tauITER98y2, H98y2 : 2.995106e+00 2.888723e+00 1.036827e+00
 taue, taui : 1.174478e+02 -6.583469e+00
 taut, tau89, H89 : 2.995106e+00 1.246711e+00 2.402406e+00
*temperature
 nea, nebar : 1.775348e+01 1.941664e+01 
 tea, tia : 6.324779e+00 7.020273e+00 (9.009306e-01)
 te0, ti0 : 1.723335e+01 2.430747e+01 (7.089735e-01)
 Sn : 6.709486e+02 
*current balance
 Ip,Ibs,Inb,Irf: 1.000000e+01 1.387047e+00 0.000000e+00 6.983204e-02
 fni,fbs: 0.146 0.139
 ELAPASED TIME = 45 sec

finalize
