  EFITD    01/01/2017    #000001     0ms           3 129 129
 4.550000000E+00 8.564705882E+00 4.550000000E+00 2.248235294E+00 0.000000000E+00
 4.721764213E+00 5.100632034E-02-1.846911800E+01-1.205417723E+01 1.100000000E+01
 9.999999995E+06-1.846911800E+01 0.000000000E+00 4.721764213E+00 0.000000000E+00
 5.100632034E-02 0.000000000E+00-1.205417723E+01 0.000000000E+00 0.000000000E+00
 5.118320413E+01 5.117003877E+01 5.115677979E+01 5.114343617E+01 5.113001364E+01
 5.111651781E+01 5.110295426E+01 5.108932888E+01 5.107564712E+01 5.106191487E+01
 5.104813773E+01 5.103432128E+01 5.102047141E+01 5.100659284E+01 5.099268984E+01
 5.097876946E+01 5.096483892E+01 5.095090324E+01 5.093696799E+01 5.092303996E+01
 5.090912533E+01 5.089523027E+01 5.088135965E+01 5.086751861E+01 5.085371159E+01
 5.083994268E+01 5.082621618E+01 5.081253589E+01 5.079890551E+01 5.078532812E+01
 5.077180682E+01 5.075834411E+01 5.074494204E+01 5.073160269E+01 5.071832810E+01
 5.070511961E+01 5.069197898E+01 5.067890769E+01 5.066590809E+01 5.065298238E+01
 5.064013263E+01 5.062736090E+01 5.061466969E+01 5.060206151E+01 5.058953768E+01
 5.057710025E+01 5.056475041E+01 5.055248963E+01 5.054031924E+01 5.052824026E+01
 5.051625388E+01 5.050436097E+01 5.049256183E+01 5.048085749E+01 5.046924824E+01
 5.045773497E+01 5.044631857E+01 5.043500020E+01 5.042378150E+01 5.041266421E+01
 5.040164953E+01 5.039073849E+01 5.037993196E+01 5.036923023E+01 5.035863436E+01
 5.034814549E+01 5.033776512E+01 5.032749516E+01 5.031733766E+01 5.030729395E+01
 5.029736535E+01 5.028755276E+01 5.027785704E+01 5.026827924E+01 5.025882111E+01
 5.024948473E+01 5.024027288E+01 5.023118792E+01 5.022223235E+01 5.021340766E+01
 5.020471559E+01 5.019615748E+01 5.018773495E+01 5.017944961E+01 5.017130368E+01
 5.016329936E+01 5.015543886E+01 5.014772424E+01 5.014015771E+01 5.013274119E+01
 5.012547687E+01 5.011836698E+01 5.011141415E+01 5.010462104E+01 5.009799088E+01
 5.009152693E+01 5.008523299E+01 5.007911364E+01 5.007317389E+01 5.006741946E+01
 5.006185729E+01 5.005649517E+01 5.005134311E+01 5.004641245E+01 5.004171408E+01
 5.003726507E+01 5.003309120E+01 5.002920290E+01 5.002559871E+01 5.002236916E+01
 5.001971739E+01 5.001790397E+01 5.001712127E+01 5.001733457E+01 5.001838400E+01
 5.002011941E+01 5.002244571E+01 5.002531137E+01 5.002861128E+01 5.003217970E+01
 5.003582849E+01 5.003936761E+01 5.004262116E+01 5.004543676E+01 5.004772449E+01
 5.004950244E+01 5.005069776E+01 5.005100218E+01 5.005000000E+01
 9.336188543E+05 9.175203790E+05 9.018109642E+05 8.864809992E+05 8.715208678E+05
 8.569209564E+05 8.426716515E+05 8.287633398E+05 8.151864078E+05 8.019312419E+05
 7.889882289E+05 7.763477551E+05 7.640002043E+05 7.519371940E+05 7.401517365E+05
 7.286320162E+05 7.173651768E+05 7.063429208E+05 6.955556498E+05 6.849918718E+05
 6.746405911E+05 6.644917857E+05 6.545365802E+05 6.447669797E+05 6.351754186E+05
 6.257547942E+05 6.164985151E+05 6.074002800E+05 5.984541450E+05 5.896548828E+05
 5.809981436E+05 5.724802336E+05 5.640978437E+05 5.558480395E+05 5.477283798E+05
 5.397368895E+05 5.318716626E+05 5.241304395E+05 5.165101741E+05 5.090075026E+05
 5.016197084E+05 4.943440208E+05 4.871765948E+05 4.801141999E+05 4.731548819E+05
 4.662963781E+05 4.595370670E+05 4.528758325E+05 4.463108807E+05 4.398413797E+05
 4.334665129E+05 4.271858596E+05 4.209995048E+05 4.149072697E+05 4.089093995E+05
 4.030056734E+05 3.971957374E+05 3.914783392E+05 3.858517152E+05 3.803140896E+05
 3.748641801E+05 3.695015115E+05 3.642260265E+05 3.590379457E+05 3.539370577E+05
 3.489226573E+05 3.439929570E+05 3.391458906E+05 3.343792227E+05 3.296915586E+05
 3.250821544E+05 3.205507588E+05 3.160972842E+05 3.117210591E+05 3.074207826E+05
 3.031936870E+05 2.990366845E+05 2.949464470E+05 2.909204543E+05 2.869572472E+05
 2.830555511E+05 2.792145888E+05 2.754330968E+05 2.717095544E+05 2.680420677E+05
 2.644282499E+05 2.608659679E+05 2.573530230E+05 2.538876036E+05 2.504679838E+05
 2.470920854E+05 2.437578187E+05 2.404624699E+05 2.372030016E+05 2.339759352E+05
 2.307769750E+05 2.276012865E+05 2.244429321E+05 2.212946990E+05 2.181479930E+05
 2.149923541E+05 2.118152958E+05 2.086004916E+05 2.053292418E+05 2.019830234E+05
 1.985323224E+05 1.949307232E+05 1.911608527E+05 1.872283248E+05 1.829629317E+05
 1.779800773E+05 1.717845065E+05 1.640108739E+05 1.547272523E+05 1.442407029E+05
 1.328411504E+05 1.207126069E+05 1.079569378E+05 9.477766015E+04 8.149369541E+04
 6.846592701E+04 5.605582307E+04 4.459299243E+04 3.435537694E+04 2.548903995E+04
 1.792389402E+04 1.175982139E+04 7.533766947E+03 5.946404973E+03
-1.339454275E+01-1.349293159E+01-1.357878362E+01-1.365873713E+01-1.373281696E+01
-1.380105254E+01-1.386343343E+01-1.391997354E+01-1.397067870E+01-1.401556678E+01
-1.405464088E+01-1.408791362E+01-1.411539426E+01-1.413844355E+01-1.415725740E+01
-1.416632696E+01-1.417004385E+01-1.416910149E+01-1.416135430E+01-1.414686559E+01
-1.412612773E+01-1.409973048E+01-1.406836458E+01-1.403231120E+01-1.399175729E+01
-1.394703497E+01-1.389837416E+01-1.384586467E+01-1.378981758E+01-1.373069544E+01
-1.366900942E+01-1.360496230E+01-1.353876838E+01-1.347061567E+01-1.340086236E+01
-1.332963869E+01-1.325689915E+01-1.318228120E+01-1.310527988E+01-1.302603737E+01
-1.294512989E+01-1.286189267E+01-1.277582867E+01-1.268808222E+01-1.259889455E+01
-1.250767023E+01-1.241570099E+01-1.232222783E+01-1.222725499E+01-1.213181948E+01
-1.203488555E+01-1.193789195E+01-1.183994218E+01-1.174161753E+01-1.164279242E+01
-1.154305097E+01-1.144267212E+01-1.134039000E+01-1.123691739E+01-1.113150814E+01
-1.102543381E+01-1.091825405E+01-1.081085401E+01-1.070260174E+01-1.059366203E+01
-1.048332824E+01-1.037111686E+01-1.025721422E+01-1.014124034E+01-1.002444845E+01
-9.906262190E+00-9.787742635E+00-9.667988220E+00-9.547240010E+00-9.424559540E+00
-9.299280265E+00-9.171688130E+00-9.041227580E+00-8.909285055E+00-8.775592485E+00
-8.640573150E+00-8.504308890E+00-8.366168965E+00-8.226463355E+00-8.084467105E+00
-7.940326570E+00-7.794139705E+00-7.645714230E+00-7.495600365E+00-7.343313285E+00
-7.188923775E+00-7.032313805E+00-6.872896140E+00-6.710867735E+00-6.545534710E+00
-6.376678055E+00-6.203907655E+00-6.026410610E+00-5.843601775E+00-5.654593670E+00
-5.458258361E+00-5.253565944E+00-5.037501848E+00-4.810548880E+00-4.572437975E+00
-4.311898355E+00-4.022392264E+00-3.740858578E+00-3.454762553E+00-2.992278426E+00
-2.301183302E+00-1.318619951E+00-2.434998962E-01 6.691855665E-01 1.425540347E+00
 2.038324827E+00 2.605550095E+00 3.115191365E+00 3.472748180E+00 3.651877922E+00
 3.633664518E+00 3.433272381E+00 3.064148681E+00 2.558828157E+00 2.010057527E+00
 1.541262173E+00 8.461851145E-01-2.383248345E-01-1.763328980E+00
-3.251491020E+05-3.172900919E+05-3.096229059E+05-3.021475433E+05-2.948640047E+05
-2.877722903E+05-2.808723992E+05-2.741643322E+05-2.676480886E+05-2.613236691E+05
-2.551910736E+05-2.492503016E+05-2.435013536E+05-2.378952176E+05-2.324251847E+05
-2.272903508E+05-2.223336314E+05-2.175296829E+05-2.129561634E+05-2.086108938E+05
-2.044760110E+05-2.005306850E+05-1.967500774E+05-1.931237732E+05-1.896450980E+05
-1.863021859E+05-1.830866326E+05-1.799952487E+05-1.770166681E+05-1.741340610E+05
-1.713289907E+05-1.685938714E+05-1.659207934E+05-1.633028744E+05-1.607269693E+05
-1.581882185E+05-1.556881026E+05-1.532396407E+05-1.508609771E+05-1.485469745E+05
-1.462764514E+05-1.440733296E+05-1.419558814E+05-1.398819580E+05-1.378424013E+05
-1.358588465E+05-1.338839155E+05-1.319448376E+05-1.300416082E+05-1.281357783E+05
-1.262649286E+05-1.243761826E+05-1.225016252E+05-1.206202676E+05-1.187356661E+05
-1.168634228E+05-1.149927098E+05-1.131706234E+05-1.113700878E+05-1.096191018E+05
-1.078694717E+05-1.061377678E+05-1.043900810E+05-1.026498785E+05-1.009104438E+05
-9.919836210E+04-9.753038483E+04-9.590068532E+04-9.432197495E+04-9.274788970E+04
-9.119881955E+04-8.963486058E+04-8.808924698E+04-8.655204750E+04-8.505839966E+04
-8.363161102E+04-8.226121902E+04-8.096722129E+04-7.969741330E+04-7.846164644E+04
-7.724271242E+04-7.603794490E+04-7.486943532E+04-7.372536977E+04-7.263242113E+04
-7.158362261E+04-7.057579470E+04-6.961472384E+04-6.867920422E+04-6.778699800E+04
-6.693444364E+04-6.612558895E+04-6.538135622E+04-6.469372482E+04-6.408828843E+04
-6.357208678E+04-6.315960890E+04-6.288032087E+04-6.275570507E+04-6.281938488E+04
-6.311218287E+04-6.367415975E+04-6.461851200E+04-6.592671945E+04-6.761027547E+04
-7.009629739E+04-7.363213213E+04-7.681147863E+04-8.012327108E+04-9.009507889E+04
-1.087548799E+05-1.384907683E+05-1.717303155E+05-1.987496627E+05-2.197353653E+05
-2.351847141E+05-2.488271041E+05-2.602113085E+05-2.657319843E+05-2.643890458E+05
-2.555079901E+05-2.397400096E+05-2.177053099E+05-1.908455500E+05-1.629819148E+05
-1.389191344E+05-1.070695108E+05-6.157895620E+04-1.767640503E+03
 1.619561307E+00 1.690348498E+00 1.763820836E+00 1.840042510E+00 1.919032134E+00
 2.000743444E+00 2.085046277E+00 2.171711973E+00 2.260407035E+00 2.350696347E+00
 2.442052654E+00 2.533865574E+00 2.625442811E+00 2.715998463E+00 2.805325402E+00
 2.875660116E+00 2.916179229E+00 2.917539700E+00 2.891482473E+00 2.879311955E+00
 2.888282188E+00 2.920597777E+00 2.979990464E+00 3.054705315E+00 3.107277375E+00
 3.141412001E+00 3.159872345E+00 3.164495064E+00 3.156391156E+00 3.136138282E+00
 3.103945548E+00 3.059786869E+00 3.003454591E+00 2.934516127E+00 2.852228607E+00
 2.755448407E+00 2.642516421E+00 2.511081796E+00 2.357837066E+00 2.178189713E+00
 1.966071278E+00 1.757917209E+00 1.575414629E+00 1.413741933E+00 1.269370618E+00
 1.139878028E+00 1.023668432E+00 9.197539826E-01 8.276114174E-01 7.470979500E-01
 6.784101590E-01 6.220758677E-01 5.789745575E-01 5.503860885E-01 5.380705774E-01
 5.443821514E-01 5.724081690E-01 6.260805858E-01 7.055582201E-01 7.467253161E-01
 7.544561014E-01 7.260440856E-01 6.581509335E-01 5.627320157E-01 4.345419405E-01
 2.676635071E-01 7.218798834E-02-1.593811867E-01-4.355885099E-01-7.486594239E-01
-1.109106826E+00-1.507622907E+00-1.878864340E+00-2.227838311E+00-2.558414862E+00
-2.873696778E+00-3.176132459E+00-3.467654713E+00-3.749798184E+00-4.023789495E+00
-4.290614773E+00-4.551069946E+00-4.805798481E+00-5.055320093E+00-5.300052337E+00
-5.540327228E+00-5.776404329E+00-6.008480755E+00-6.236699169E+00-6.461154170E+00
-6.681897370E+00-6.898941613E+00-7.112264600E+00-7.321811842E+00-7.527499299E+00
-7.729215945E+00-7.926825853E+00-8.120170716E+00-8.309071899E+00-8.493332838E+00
-8.672741448E+00-8.847072759E+00-9.016091479E+00-9.179555146E+00-9.337216804E+00
-9.488828514E+00-9.634144466E+00-9.772924441E+00-9.904937127E+00-1.002996362E+01
-1.014780063E+01-1.025826375E+01-1.036119032E+01-1.045644203E+01-1.054390755E+01
-1.062350415E+01-1.069517953E+01-1.075891269E+01-1.081471468E+01-1.086262850E+01
-1.090272907E+01-1.093512201E+01-1.095994257E+01-1.097735403E+01-1.098754551E+01
-1.099072987E+01-1.098714103E+01-1.097703151E+01-1.096066945E+01 1.676240420E+00
 1.752122367E+00 1.831426365E+00 1.914362972E+00 2.001103372E+00 2.091742297E+00
 2.186254410E+00 2.284456473E+00 2.385994291E+00 2.490367301E+00 2.596981917E+00
 2.705209388E+00 2.814781164E+00 2.913769698E+00 2.984718426E+00 3.024071306E+00
 3.034775310E+00 3.010636498E+00 2.958614365E+00 2.923072142E+00 2.909595694E+00
 2.919171257E+00 2.954746228E+00 3.006251467E+00 3.039135858E+00 3.057409776E+00
 3.063021400E+00 3.057019354E+00 3.039949937E+00 3.012018509E+00 2.973200414E+00
 2.923334809E+00 2.862156892E+00 2.789249302E+00 2.703964995E+00 2.605359637E+00
 2.492119479E+00 2.362447914E+00 2.213847907E+00 2.042612343E+00 1.842401322E+00
 1.646033912E+00 1.472171503E+00 1.316052202E+00 1.174996508E+00 1.047318836E+00
 9.319425415E-01 8.282334641E-01 7.359163998E-01 6.550343684E-01 5.859369003E-01
 5.292921235E-01 4.861212146E-01 4.578548736E-01 4.464097346E-01 4.542750761E-01
 4.845831951E-01 5.411109641E-01 6.216523891E-01 6.670967041E-01 6.757564126E-01
 6.468491644E-01 5.800485370E-01 4.820524925E-01 3.498256597E-01 1.806613831E-01
-2.086380835E-02-2.601380344E-01-5.424046690E-01-8.654980240E-01-1.237454735E+00
-1.644636008E+00-2.026654275E+00-2.385876728E+00-2.726018217E+00-3.050223926E+00
-3.361067775E+00-3.660621533E+00-3.950543387E+00-4.232160670E+00-4.506538463E+00
-4.774533662E+00-5.036836500E+00-5.294002074E+00-5.546474531E+00-5.794605469E+00
-6.038668044E+00-6.278867919E+00-6.515351778E+00-6.748214100E+00-6.977502439E+00
-7.203221682E+00-7.425337788E+00-7.643780585E+00-7.858446534E+00-8.069201046E+00
-8.275880813E+00-8.478296046E+00-8.676232771E+00-8.869455260E+00-9.057708680E+00
-9.240721885E+00-9.418210532E+00-9.589880426E+00-9.755431147E+00-9.914559836E+00
-1.006696532E+01-1.021235223E+01-1.035043527E+01-1.048094362E+01-1.060362515E+01
-1.071825041E+01-1.082461653E+01-1.092255070E+01-1.101191318E+01-1.109259979E+01
-1.116454403E+01-1.122771831E+01-1.128213475E+01-1.132784509E+01-1.136494025E+01
-1.139354901E+01-1.141383622E+01-1.142600061E+01-1.143027196E+01-1.142690801E+01
-1.141619111E+01-1.139842478E+01-1.137392997E+01 1.725747205E+00 1.806029028E+00
 1.890510332E+00 1.979639369E+00 2.073871783E+00 2.173608620E+00 2.279086486E+00
 2.390229444E+00 2.506553198E+00 2.627253186E+00 2.751464677E+00 2.875976669E+00
 2.964574593E+00 3.032843968E+00 3.074579827E+00 3.085289406E+00 3.068814984E+00
 3.019594187E+00 2.946125032E+00 2.888814917E+00 2.851326254E+00 2.831253104E+00
 2.825592484E+00 2.827092995E+00 2.826256908E+00 2.819387540E+00 2.805198911E+00
 2.783097417E+00 2.752731149E+00 2.713825418E+00 2.666108221E+00 2.609271819E+00
 2.542950955E+00 2.466709837E+00 2.380035462E+00 2.282339313E+00 2.172975202E+00
 2.051293957E+00 1.916792856E+00 1.769567571E+00 1.612098326E+00 1.453793744E+00
 1.302798513E+00 1.161250912E+00 1.029580514E+00 9.077893886E-01 7.958066284E-01
 6.936218477E-01 6.013479964E-01 5.192593679E-01 4.478234890E-01 3.877368856E-01
 3.399719270E-01 3.058423767E-01 2.870976171E-01 2.860590288E-01 3.058083440E-01
 3.503906934E-01 4.181670883E-01 4.515504662E-01 4.491346715E-01 4.107362454E-01
 3.363049564E-01 2.320192698E-01 9.500627163E-02-7.720468924E-02-2.804205767E-01
-5.196609760E-01-7.997892474E-01-1.119146323E+00-1.485965757E+00-1.887249960E+00
-2.264197693E+00-2.619732603E+00-2.957814628E+00-3.281508285E+00-3.593183190E+00
-3.894694108E+00-4.187511502E+00-4.472813045E+00-4.751548826E+00-5.024488390E+00
-5.292255704E+00-5.555355312E+00-5.814191925E+00-6.069085780E+00-6.320283947E+00
-6.567969714E+00-6.812269196E+00-7.053257095E+00-7.290960793E+00-7.525364058E+00
-7.756409721E+00-7.984002042E+00-8.208008916E+00-8.428263724E+00-8.644567222E+00
-8.856689597E+00-9.064372467E+00-9.267331331E+00-9.465258285E+00-9.657824816E+00
-9.844685513E+00-1.002548169E+01-1.019984558E+01-1.036740527E+01-1.052778925E+01
-1.068063199E+01-1.082557925E+01-1.096229356E+01-1.109045982E+01-1.120979045E+01
-1.132003065E+01-1.142096267E+01-1.151241012E+01-1.159424108E+01-1.166637073E+01
-1.172876318E+01-1.178143214E+01-1.182444096E+01-1.185790177E+01-1.188197343E+01
-1.189685937E+01-1.190280404E+01-1.190008939E+01-1.188903042E+01-1.186997089E+01
-1.184327851E+01-1.180934014E+01 1.766276014E+00 1.849639117E+00 1.937843643E+00
 2.031664737E+00 2.132033954E+00 2.240030132E+00 2.356773354E+00 2.482912282E+00
 2.617380088E+00 2.753104129E+00 2.866513256E+00 2.956851876E+00 3.020612357E+00
 3.059021398E+00 3.068556517E+00 3.050075257E+00 3.007494454E+00 2.935339626E+00
 2.851007211E+00 2.783185758E+00 2.730060399E+00 2.688382957E+00 2.655004949E+00
 2.626416898E+00 2.599125306E+00 2.570305772E+00 2.537982446E+00 2.500830367E+00
 2.457940965E+00 2.408656727E+00 2.352468670E+00 2.288955719E+00 2.217751602E+00
 2.138531879E+00 2.051019250E+00 1.955010238E+00 1.850432664E+00 1.737451599E+00
 1.616650993E+00 1.489307757E+00 1.357656704E+00 1.224742832E+00 1.093599206E+00
 9.665074194E-01 8.449335491E-01 7.297853490E-01 6.216555214E-01 5.209850853E-01
 4.281662640E-01 3.436089156E-01 2.677871217E-01 2.012763812E-01 1.447893183E-01
 9.921806022E-02 6.569729441E-02 4.572208692E-02 4.142465860E-02 5.639023657E-02
 9.288180020E-02 9.474560638E-02 6.832151659E-02 1.149600771E-02-7.875775848E-02
-1.926829445E-01-3.352962091E-01-5.114919059E-01-7.125396794E-01-9.447539824E-01
-1.214668215E+00-1.515262270E+00-1.856589766E+00-2.232361664E+00-2.585669061E+00
-2.923146477E+00-3.248164807E+00-3.562805240E+00-3.868577350E+00-4.166666674E+00
-4.458039873E+00-4.743498698E+00-5.023712580E+00-5.299240437E+00-5.570547179E+00
-5.838015768E+00-6.101957299E+00-6.362618372E+00-6.620187472E+00-6.874799543E+00
-7.126539962E+00-7.375447420E+00-7.621516203E+00-7.864698087E+00-8.104903636E+00
-8.342003541E+00-8.575829607E+00-8.806175816E+00-9.032799586E+00-9.255422956E+00
-9.473734476E+00-9.687390977E+00-9.896020414E+00-1.009922458E+01-1.029658316E+01
-1.048765772E+01-1.067199687E+01-1.084914175E+01-1.101863220E+01-1.118001334E+01
-1.133284253E+01-1.147669665E+01-1.161117916E+01-1.173592714E+01-1.185061811E+01
-1.195497605E+01-1.204877677E+01-1.213185236E+01-1.220409453E+01-1.226545697E+01
-1.231595629E+01-1.235567165E+01-1.238474363E+01-1.240337123E+01-1.241180853E+01
-1.241036002E+01-1.239937544E+01-1.237924381E+01-1.235038739E+01-1.231325532E+01
-1.226831739E+01 1.796587695E+00 1.880992158E+00 1.970401524E+00 2.065861985E+00
 2.168764296E+00 2.280992218E+00 2.405252631E+00 2.546115398E+00 2.685955839E+00
 2.799133728E+00 2.887198245E+00 2.952802208E+00 2.981410455E+00 2.986716880E+00
 2.965332314E+00 2.911373099E+00 2.836698754E+00 2.760869960E+00 2.689536208E+00
 2.624490776E+00 2.566165359E+00 2.513836487E+00 2.466120149E+00 2.421304181E+00
 2.377595370E+00 2.333323474E+00 2.287063725E+00 2.237667093E+00 2.184232300E+00
 2.126058207E+00 2.062598953E+00 1.993430503E+00 1.918230707E+00 1.836773127E+00
 1.748934915E+00 1.654719912E+00 1.554298353E+00 1.448062832E+00 1.336693312E+00
 1.221208190E+00 1.102957478E+00 9.835151926E-01 8.644861574E-01 7.473179908E-01
 6.332016799E-01 5.230665501E-01 4.176269998E-01 3.174420957E-01 2.229687044E-01
 1.346019624E-01 5.270260891E-02-2.238840780E-02-9.034886523E-02-1.508918826E-01
-2.038117766E-01-2.490907854E-01-2.871672722E-01-3.197730959E-01-3.528253758E-01
-3.974244738E-01-4.603900637E-01-5.442024358E-01-6.500050184E-01-7.785034122E-01
-9.302482056E-01-1.105730561E+00-1.305401907E+00-1.529640299E+00-1.778613592E+00
-2.051902529E+00-2.347239716E+00-2.656684739E+00-2.968698147E+00-3.277938353E+00
-3.582851524E+00-3.883049602E+00-4.178574498E+00-4.469648775E+00-4.756569311E+00
-5.039654608E+00-5.319217024E+00-5.595547246E+00-5.868905979E+00-6.139519019E+00
-6.407575090E+00-6.673224498E+00-6.936578823E+00-7.197710362E+00-7.456652249E+00
-7.713398103E+00-7.967901866E+00-8.220077371E+00-8.469797989E+00-8.716896234E+00
-8.961163449E+00-9.202349447E+00-9.440162832E+00-9.674271233E+00-9.904302091E+00
-1.012984439E+01-1.035045044E+01-1.056563910E+01-1.077489948E+01-1.097769570E+01
-1.117347272E+01-1.136166306E+01-1.154169434E+01-1.171299778E+01-1.187501726E+01
-1.202721866E+01-1.216909959E+01-1.230019877E+01-1.242010506E+01-1.252846596E+01
-1.262499468E+01-1.270947631E+01-1.278177238E+01-1.284182385E+01-1.288965214E+01
-1.292535890E+01-1.294912337E+01-1.296119892E+01-1.296190751E+01-1.295163334E+01
-1.293081538E+01-1.289993935E+01-1.285952911E+01-1.281013809E+01-1.275234100E+01
 1.816803770E+00 1.899708983E+00 1.986938682E+00 2.079553301E+00 2.178997751E+00
 2.287190169E+00 2.406599454E+00 2.540168098E+00 2.666821540E+00 2.759349406E+00
 2.820325292E+00 2.852011852E+00 2.851558028E+00 2.821637747E+00 2.762583578E+00
 2.697287504E+00 2.630994422E+00 2.564955495E+00 2.500288273E+00 2.437815457E+00
 2.377911372E+00 2.320471656E+00 2.264993782E+00 2.210704153E+00 2.156687072E+00
 2.101994755E+00 2.045727623E+00 1.987081886E+00 1.925369664E+00 1.860021339E+00
 1.790579565E+00 1.716691877E+00 1.638106107E+00 1.554670892E+00 1.466342329E+00
 1.373196778E+00 1.275448472E+00 1.173468669E+00 1.067799835E+00 9.591556193E-01
 8.483970204E-01 7.364811403E-01 6.243911669E-01 5.130662909E-01 4.033498645E-01
 2.959634163E-01 1.915028157E-01 9.044741096E-02-6.826751011E-03-1.000362540E-01
-1.889867833E-01-2.735806575E-01-3.538401957E-01-4.299544134E-01-5.023617037E-01
-5.718886076E-01-6.399673812E-01-7.089113933E-01-7.820386650E-01-8.632295468E-01
-9.560257372E-01-1.063092487E+00-1.186260915E+00-1.326759090E+00-1.485395836E+00
-1.662657763E+00-1.858728552E+00-2.073433396E+00-2.306096657E+00-2.555298608E+00
-2.818590753E+00-3.092480245E+00-3.373102516E+00-3.657198951E+00-3.942523243E+00
-4.227686967E+00-4.511881668E+00-4.794664300E+00-5.075817617E+00-5.355262229E+00
-5.633000658E+00-5.909081089E+00-6.183573180E+00-6.456551828E+00-6.728085786E+00
-6.998229542E+00-7.267017177E+00-7.534457950E+00-7.800532279E+00-8.065188748E+00
-8.328341270E+00-8.589866289E+00-8.849600613E+00-9.107338973E+00-9.362832089E+00
-9.615784901E+00-9.865855030E+00-1.011265191E+01-1.035573632E+01-1.059462105E+01
-1.082877204E+01-1.105761103E+01-1.128051930E+01-1.149684281E+01-1.170589875E+01
-1.190698378E+01-1.209938350E+01-1.228238323E+01-1.245528001E+01-1.261739512E+01
-1.276808714E+01-1.290676499E+01-1.303290038E+01-1.314603926E+01-1.324581212E+01
-1.333194216E+01-1.340425183E+01-1.346266649E+01-1.350721606E+01-1.353803397E+01
-1.355535375E+01-1.355950308E+01-1.355089640E+01-1.353002526E+01-1.349744785E+01
-1.345377744E+01-1.339967076E+01-1.333581605E+01-1.326292190E+01 1.829206925E+00
 1.908165888E+00 1.989743374E+00 2.074751808E+00 2.164385522E+00 2.260255218E+00
 2.364385579E+00 2.479178351E+00 2.581941256E+00 2.647556456E+00 2.677998028E+00
 2.676110013E+00 2.638380893E+00 2.589810735E+00 2.536715430E+00 2.480170526E+00
 2.421234507E+00 2.360853167E+00 2.299818234E+00 2.238717196E+00 2.177894494E+00
 2.117441775E+00 2.057221030E+00 1.996911842E+00 1.936069492E+00 1.874182464E+00
 1.810721744E+00 1.745178306E+00 1.677088595E+00 1.606050120E+00 1.531730234E+00
 1.453871258E+00 1.372294295E+00 1.286903413E+00 1.197690858E+00 1.104743295E+00
 1.008247928E+00 9.084966046E-01 8.058851501E-01 7.009050342E-01 5.941254415E-01
 4.861660824E-01 3.776639712E-01 2.692396402E-01 1.614679614E-01 5.485683660E-02
-5.016603621E-02-1.532603845E-01-2.541777698E-01-3.527665803E-01-4.489807899E-01
-5.428954100E-01-6.347314965E-01-7.248931792E-01-8.140181620E-01-9.030386975E-01
-9.932396493E-01-1.086281695E+00-1.184142903E+00-1.288954099E+00-1.402774549E+00
-1.527404724E+00-1.664293658E+00-1.814525435E+00-1.978839195E+00-2.157647518E+00
-2.351035630E+00-2.558736549E+00-2.780087714E+00-3.013989762E+00-3.258909538E+00
-3.512979365E+00-3.774204276E+00-4.040705314E+00-4.310893040E+00-4.583527773E+00
-4.857696238E+00-5.132752447E+00-5.408254655E+00-5.683910284E+00-5.959532659E+00
-6.235007642E+00-6.510268688E+00-6.785277617E+00-7.060010240E+00-7.334444887E+00
-7.608553662E+00-7.882294765E+00-8.155606376E+00-8.428401109E+00-8.700561041E+00
-8.971933068E+00-9.242324409E+00-9.511498551E+00-9.779171148E+00-1.004500636E+01
-1.030861359E+01-1.056954451E+01-1.082729103E+01-1.108128413E+01-1.133089392E+01
-1.157543114E+01-1.181415047E+01-1.204625570E+01-1.227090718E+01-1.248723164E+01
-1.269433408E+01-1.289131167E+01-1.307726993E+01-1.325133959E+01-1.341269481E+01
-1.356057116E+01-1.369428313E+01-1.381324069E+01-1.391696320E+01-1.400509157E+01
-1.407739683E+01-1.413378570E+01-1.417430225E+01-1.419912624E+01-1.420856775E+01
-1.420305848E+01-1.418314036E+01-1.414945178E+01-1.410271213E+01-1.404370549E+01
-1.397326401E+01-1.389225157E+01-1.380154850E+01 1.838751449E+00 1.912183679E+00
 1.985396565E+00 2.058747990E+00 2.133068936E+00 2.209663477E+00 2.290298409E+00
 2.377250859E+00 2.449797107E+00 2.478309906E+00 2.470999861E+00 2.444285869E+00
 2.409392468E+00 2.367641117E+00 2.320373091E+00 2.268732307E+00 2.213695393E+00
 2.156084433E+00 2.096566752E+00 2.035648688E+00 1.973671100E+00 1.910812661E+00
 1.847103655E+00 1.782449193E+00 1.716658588E+00 1.649476648E+00 1.580613431E+00
 1.509770062E+00 1.436659574E+00 1.361022875E+00 1.282640496E+00 1.201341322E+00
 1.117009136E+00 1.029587894E+00 9.390859514E-01 8.455792945E-01 7.492132391E-01
 6.502018333E-01 5.488239684E-01 4.454153968E-01 3.403564059E-01 2.340555209E-01
 1.269306897E-01 1.938973735E-02-8.818802439E-02-1.954677512E-01-3.021721851E-01
-4.080924040E-01-5.130972902E-01-6.171430852E-01-7.202844435E-01-8.226880868E-01
-9.246497023E-01-1.026613713E+00-1.129193885E+00-1.233190198E+00-1.339594139E+00
-1.449572566E+00-1.564422243E+00-1.685496239E+00-1.814115384E+00-1.951485060E+00
-2.098632579E+00-2.256368812E+00-2.425268073E+00-2.605657334E+00-2.797608190E+00
-3.000929578E+00-3.215164602E+00-3.439599667E+00-3.673296483E+00-3.915153584E+00
-4.163992767E+00-4.418652748E+00-4.678067347E+00-4.941314152E+00-5.207632283E+00
-5.476417278E+00-5.747202966E+00-6.019638496E+00-6.293464779E+00-6.568493133E+00
-6.844586605E+00-7.121644333E+00-7.399588111E+00-7.678351274E+00-7.957868972E+00
-8.238069892E+00-8.518868498E+00-8.800158333E+00-9.081805244E+00-9.363641192E+00
-9.645457952E+00-9.927000810E+00-1.020796276E+01-1.048797815E+01-1.076661721E+01
-1.104338051E+01-1.131769436E+01-1.158890701E+01-1.185628668E+01-1.211902078E+01
-1.237621803E+01-1.262691311E+01-1.287007462E+01-1.310461642E+01-1.332941254E+01
-1.354331572E+01-1.374517873E+01-1.393387819E+01-1.410833995E+01-1.426756477E+01
-1.441065357E+01-1.453683071E+01-1.464546461E+01-1.473608475E+01-1.480839414E+01
-1.486227683E+01-1.489780043E+01-1.491521288E+01-1.491493425E+01-1.489754359E+01
-1.486376191E+01-1.481443129E+01-1.475049253E+01-1.467296109E+01-1.458290334E+01
-1.448141390E+01-1.436959469E+01 1.853404157E+00 1.921586027E+00 1.985176512E+00
 2.043854998E+00 2.098203955E+00 2.149422265E+00 2.198852579E+00 2.248033347E+00
 2.275776671E+00 2.274412513E+00 2.260224195E+00 2.235634483E+00 2.202601522E+00
 2.162646480E+00 2.116999479E+00 2.066677261E+00 2.012526715E+00 1.955248927E+00
 1.895411859E+00 1.833457309E+00 1.769706476E+00 1.704367158E+00 1.637544282E+00
 1.569254021E+00 1.499440772E+00 1.427995536E+00 1.354774348E+00 1.279615436E+00
 1.202354398E+00 1.122836990E+00 1.040929586E+00 9.565275021E-01 8.695614745E-01
 7.800025487E-01 6.878655387E-01 5.932109816E-01 4.961454600E-01 3.968199794E-01
 2.954261338E-01 1.921899168E-01 8.736314574E-02-1.878710179E-02-1.259904710E-01
-2.339859552E-01-3.425344063E-01-4.514303419E-01-5.605127915E-01-6.696751467E-01
-7.788744032E-01-8.881400828E-01-9.975832441E-01-1.107405769E+00-1.217909577E+00
-1.329504995E+00-1.442716590E+00-1.558183990E+00-1.676654806E+00-1.798966935E+00
-1.926019208E+00-2.058732077E+00-2.198002821E+00-2.344661336E+00-2.499431620E+00
-2.662901767E+00-2.835502676E+00-3.017494216E+00-3.208957558E+00-3.409793427E+00
-3.619727285E+00-3.838323578E+00-4.065010694E+00-4.299116889E+00-4.539913662E+00
-4.786661530E+00-5.038650480E+00-5.295230936E+00-5.555832319E+00-5.819970412E+00
-6.087246299E+00-6.357339191E+00-6.629996421E+00-6.905022095E+00-7.182265473E+00
-7.461610090E+00-7.742963318E+00-8.026247188E+00-8.311389282E+00-8.598314743E+00
-8.886938428E+00-9.177157191E+00-9.468842471E+00-9.761832457E+00-1.005592432E+01
-1.035086607E+01-1.064634805E+01-1.094199445E+01-1.123735422E+01-1.153189244E+01
-1.182498183E+01-1.211589520E+01-1.240379930E+01-1.268775071E+01-1.296669471E+01
-1.323946801E+01-1.350480621E+01-1.376135641E+01-1.400769574E+01-1.424235565E+01
-1.446385130E+01-1.467071514E+01-1.486153349E+01-1.503498391E+01-1.518987194E+01
-1.532516521E+01-1.544002343E+01-1.553382309E+01-1.560617542E+01-1.565693734E+01
-1.568621431E+01-1.569435577E+01-1.568194214E+01-1.564976495E+01-1.559880044E+01
-1.553017858E+01-1.544514864E+01-1.534504400E+01-1.523124739E+01-1.510515881E+01
-1.496816693E+01 1.884858423E+00 1.952116976E+00 2.007030228E+00 2.048200906E+00
 2.077238585E+00 2.097729210E+00 2.112137710E+00 2.119939158E+00 2.118372834E+00
 2.106265500E+00 2.084668269E+00 2.054918347E+00 2.018196570E+00 1.975513554E+00
 1.927734634E+00 1.875601691E+00 1.819748286E+00 1.760709526E+00 1.698928431E+00
 1.634760573E+00 1.568478503E+00 1.500277020E+00 1.430280068E+00 1.358549341E+00
 1.285094469E+00 1.209884152E+00 1.132857646E+00 1.053935998E+00 9.730324545E-01
 8.900618035E-01 8.049483627E-01 7.176326513E-01 6.280766922E-01 5.362680039E-01
 4.422222790E-01 3.459847265E-01 2.476300313E-01 1.472608192E-01 4.500461133E-02
-5.899075775E-02-1.645631445E-01-2.715433159E-01-3.797630671E-01-4.890638715E-01
-5.993056826E-01-7.103755944E-01-8.221961008E-01-9.347329087E-01-1.048002235E+00
-1.162077578E+00-1.277095958E+00-1.393263392E+00-1.510859296E+00-1.630239071E+00
-1.751834068E+00-1.876147819E+00-2.003747524E+00-2.135250184E+00-2.271303406E+00
-2.412561974E+00-2.559661934E+00-2.713194621E+00-2.873682752E+00-3.041560214E+00
-3.217156445E+00-3.400685753E+00-3.592241655E+00-3.791796411E+00-3.999205996E+00
-4.214220825E+00-4.436502013E+00-4.665642842E+00-4.901192861E+00-5.142683494E+00
-5.389651170E+00-5.641657061E+00-5.898301108E+00-6.159230804E+00-6.424144944E+00
-6.692793146E+00-6.964972738E+00-7.240523447E+00-7.519321163E+00-7.801270936E+00
-8.086299678E+00-8.374349080E+00-8.665368120E+00-8.959305854E+00-9.256103932E+00
-9.555688757E+00-9.857963603E+00-1.016279995E+01-1.047002822E+01-1.077942787E+01
-1.109071643E+01-1.140353781E+01-1.171744981E+01-1.203191052E+01-1.234626497E+01
-1.265973128E+01-1.297138826E+01-1.328016461E+01-1.358483174E+01-1.388400126E+01
-1.417612946E+01-1.445952999E+01-1.473239576E+01-1.499283096E+01-1.523889234E+01
-1.546863798E+01-1.568018131E+01-1.587174682E+01-1.604172503E+01-1.618872262E+01
-1.631160663E+01-1.640954013E+01-1.648200849E+01-1.652883514E+01-1.655018601E+01
-1.654656223E+01-1.651878097E+01-1.646794494E+01-1.639540148E+01-1.630269448E+01
-1.619151130E+01-1.606362879E+01-1.592086197E+01-1.576501776E+01-1.559785616E+01
 1.951844081E+00 2.034067420E+00 2.084093514E+00 2.101860352E+00 2.084250744E+00
 2.064091624E+00 2.045177114E+00 2.024358695E+00 1.999902799E+00 1.970741020E+00
 1.936445093E+00 1.897044685E+00 1.852815639E+00 1.804141081E+00 1.751436581E+00
 1.695111272E+00 1.635547222E+00 1.573088074E+00 1.508032729E+00 1.440632119E+00
 1.371088269E+00 1.299555287E+00 1.226142079E+00 1.150916583E+00 1.073911257E+00
 9.951294842E-01 9.145524620E-01 8.321462205E-01 7.478684570E-01 6.616748590E-01
 5.735247430E-01 4.833858724E-01 3.912383996E-01 2.970777996E-01 2.009168436E-01
 1.027865155E-01 2.735874684E-03-9.916916421E-02-2.028481245E-01-3.082092904E-01
-4.151539658E-01-5.235815373E-01-6.333951419E-01-7.445077349E-01-8.568483425E-01
-9.703683225E-01-1.085047365E+00-1.200899247E+00-1.317977051E+00-1.436377870E+00
-1.556246707E+00-1.677779488E+00-1.801224770E+00-1.926883839E+00-2.055108763E+00
-2.186297903E+00-2.320888673E+00-2.459347376E+00-2.602156363E+00-2.749799173E+00
-2.902744441E+00-3.061429805E+00-3.226246779E+00-3.397527610E+00-3.575534817E+00
-3.760453842E+00-3.952389202E+00-4.151364253E+00-4.357324589E+00-4.570145118E+00
-4.789640308E+00-5.015577114E+00-5.247689589E+00-5.485693982E+00-5.729303309E+00
-5.978239882E+00-6.232245757E+00-6.491090053E+00-6.754573489E+00-7.022530470E+00
-7.294829048E+00-7.571368953E+00-7.852078517E+00-8.136910776E+00-8.425838544E+00
-8.718849293E+00-9.015939477E+00-9.317108268E+00-9.622350900E+00-9.931651415E+00
-1.024497459E+01-1.056225684E+01-1.088339627E+01-1.120824092E+01-1.153657579E+01
-1.186810786E+01-1.220244918E+01-1.253909816E+01-1.287741852E+01-1.321661741E+01
-1.355572241E+01-1.389355943E+01-1.422873345E+01-1.455961497E+01-1.488433520E+01
-1.520079431E+01-1.550668542E+01-1.579953621E+01-1.607676843E+01-1.633577147E+01
-1.657398566E+01-1.678898851E+01-1.697857776E+01-1.714084641E+01-1.727424650E+01
-1.737764011E+01-1.745033679E+01-1.749211663E+01-1.750323813E+01-1.748442914E+01
-1.743685958E+01-1.736209526E+01-1.726203420E+01-1.713882941E+01-1.699480378E+01
-1.683236481E+01-1.665392546E+01-1.646183724E+01-1.625833801E+01 1.989895897E+00
 2.078267042E+00 2.123111374E+00 2.123541098E+00 2.078363775E+00 2.029506917E+00
 1.984792957E+00 1.941465609E+00 1.897755987E+00 1.852459226E+00 1.804812507E+00
 1.754391408E+00 1.701014281E+00 1.644661298E+00 1.585412820E+00 1.523405695E+00
 1.458803284E+00 1.391775276E+00 1.322484192E+00 1.251076617E+00 1.177677834E+00
 1.102389054E+00 1.025286677E+00 9.464231856E-01 8.658292729E-01 7.835169474E-01
 6.994832187E-01 6.137141788E-01 5.261891275E-01 4.368845631E-01 3.457778818E-01
 2.528505944E-01 1.580909863E-01 6.149613454E-02-3.692677965E-02-1.371598966E-01
-2.391748681E-01-3.429338131E-01-4.483910269E-01-5.554953913E-01-6.641934267E-01
-7.744328896E-01-8.861667767E-01-9.993576196E-01-1.113981916E+00-1.230034569E+00
-1.347533153E+00-1.466521926E+00-1.587075420E+00-1.709301481E+00-1.833343646E+00
-1.959382579E+00-2.087636536E+00-2.218360485E+00-2.351843803E+00-2.488406350E+00
-2.628392804E+00-2.772165425E+00-2.920095318E+00-3.072552666E+00-3.229896384E+00
-3.392463813E+00-3.560561009E+00-3.734454248E+00-3.914363173E+00-4.100455967E+00
-4.292846778E+00-4.491595521E+00-4.696710113E+00-4.908150999E+00-5.125837529E+00
-5.349656154E+00-5.579469567E+00-5.815126239E+00-6.056469834E+00-6.303347838E+00
-6.555618886E+00-6.813158791E+00-7.075864723E+00-7.343657922E+00-7.616485080E+00
-7.894318146E+00-8.177153416E+00-8.465009329E+00-8.757923747E+00-9.055950568E+00
-9.359155551E+00-9.667611465E+00-9.981392735E+00-1.030056898E+01-1.062519753E+01
-1.095531489E+01-1.129092629E+01-1.163199341E+01-1.197841993E+01-1.233003367E+01
-1.268656609E+01-1.304762706E+01-1.341267613E+01-1.378098856E+01-1.415161799E+01
-1.452335535E+01-1.489468785E+01-1.526376160E+01-1.562835423E+01-1.598586612E+01
-1.633333876E+01-1.666750732E+01-1.698488885E+01-1.728190122E+01-1.755500023E+01
-1.780081982E+01-1.801630125E+01-1.819880317E+01-1.834618967E+01-1.845689766E+01
-1.852998684E+01-1.856517385E+01-1.856284887E+01-1.852407097E+01-1.845053587E+01
-1.834450977E+01-1.820872902E+01-1.804627054E+01-1.786040700E+01-1.765446313E+01
-1.743169001E+01-1.719516683E+01-1.694773452E+01 1.985135368E+00 2.070059010E+00
 2.108755133E+00 2.098609660E+00 2.044710332E+00 1.980082965E+00 1.918283474E+00
 1.858524835E+00 1.799644266E+00 1.740696708E+00 1.680966976E+00 1.619946608E+00
 1.557298749E+00 1.492820568E+00 1.426408476E+00 1.358028645E+00 1.287693423E+00
 1.215443115E+00 1.141332344E+00 1.065420095E+00 9.877627084E-01 9.084092723E-01
 8.273988783E-01 7.447594132E-01 6.605075389E-01 5.746495907E-01 4.871831615E-01
 3.980990751E-01 3.073836423E-01 2.150209316E-01 1.209949732E-01 2.529171795E-02
-7.209931606E-02-1.711838054E-01-2.719618424E-01-3.744276572E-01-4.785698653E-01
-5.843722509E-01-6.918150349E-01-8.008766738E-01-9.115360615E-01-1.023775086E+00
-1.137581502E+00-1.252951950E+00-1.369895107E+00-1.488434777E+00-1.608612862E+00
-1.730492108E+00-1.854158475E+00-1.979723073E+00-2.107323488E+00-2.237124443E+00
-2.369317637E+00-2.504120639E+00-2.641774809E+00-2.782542144E+00-2.926701102E+00
-3.074541425E+00-3.226358193E+00-3.382445277E+00-3.543088569E+00-3.708559228E+00
-3.879107422E+00-4.054956801E+00-4.236300031E+00-4.423295749E+00-4.616066802E+00
-4.814700183E+00-5.019248570E+00-5.229733079E+00-5.446147723E+00-5.668464489E+00
-5.896639445E+00-6.130619129E+00-6.370346923E+00-6.615769165E+00-6.866840585E+00
-7.123529153E+00-7.385819659E+00-7.653716754E+00-7.927246873E+00-8.206458990E+00
-8.491425246E+00-8.782240040E+00-9.079019128E+00-9.381897609E+00-9.691027565E+00
-1.000657498E+01-1.032871563E+01-1.065763053E+01-1.099349967E+01-1.133649503E+01
-1.168677109E+01-1.204445330E+01-1.240962392E+01-1.278230340E+01-1.316242737E+01
-1.354981757E+01-1.394414500E+01-1.434488429E+01-1.475125743E+01-1.516216641E+01
-1.557611543E+01-1.599112694E+01-1.640466148E+01-1.681355759E+01-1.721401613E+01
-1.760165415E+01-1.797164290E+01-1.831892060E+01-1.863844596E+01-1.892544577E+01
-1.917562114E+01-1.938529816E+01-1.955153005E+01-1.967216700E+01-1.974591045E+01
-1.977236100E+01-1.975206094E+01-1.968651967E+01-1.957820069E+01-1.943044450E+01
-1.924731026E+01-1.903334200E+01-1.879329452E+01-1.853186902E+01-1.825350194E+01
-1.796222673E+01-1.766160566E+01 1.962860533E+00 2.045585688E+00 2.078589828E+00
 2.060304669E+00 1.992155166E+00 1.915515174E+00 1.841709464E+00 1.769841742E+00
 1.699188395E+00 1.629098440E+00 1.559019258E+00 1.488504801E+00 1.417210992E+00
 1.344883847E+00 1.271344467E+00 1.196473595E+00 1.120197230E+00 1.042474161E+00
 9.632855323E-01 8.826265361E-01 8.004999582E-01 7.169114013E-01 6.318659399E-01
 5.453659854E-01 4.574101194E-01 3.679927369E-01 2.771042902E-01 1.847319629E-01
 9.086063275E-02-4.526022836E-03-1.014443979E-01-1.999099098E-01-2.999361123E-01
-4.015340490E-01-5.047118830E-01-6.094748620E-01-7.158256336E-01-8.237648832E-01
-9.332923471E-01-1.044408151E+00-1.157114403E+00-1.271417076E+00-1.387328033E+00
-1.504867179E+00-1.624064682E+00-1.744963100E+00-1.867619460E+00-1.992107068E+00
-2.118517086E+00-2.246959710E+00-2.377564911E+00-2.510482648E+00-2.645882489E+00
-2.783952585E+00-2.924897965E+00-3.068938134E+00-3.216304039E+00-3.367234443E+00
-3.521971828E+00-3.680758007E+00-3.843829615E+00-4.011413687E+00-4.183723661E+00
-4.360955543E+00-4.543285447E+00-4.730867308E+00-4.923831929E+00-5.122287186E+00
-5.326318813E+00-5.535992683E+00-5.751357535E+00-5.972448669E+00-6.199292248E+00
-6.431909585E+00-6.670321878E+00-6.914554855E+00-7.164642831E+00-7.420632772E+00
-7.682587715E+00-7.950589533E+00-8.224741332E+00-8.505169270E+00-8.792023615E+00
-9.085479615E+00-9.385737733E+00-9.693023490E+00-1.000758660E+01-1.032970002E+01
-1.065965794E+01-1.099777339E+01-1.134437456E+01-1.169980038E+01-1.206439400E+01
-1.243849413E+01-1.282242387E+01-1.321647483E+01-1.362088640E+01-1.403581709E+01
-1.446130599E+01-1.489722032E+01-1.534318440E+01-1.579848417E+01-1.626194107E+01
-1.673175098E+01-1.720529125E+01-1.767891910E+01-1.814781577E+01-1.860597080E+01
-1.904639654E+01-1.946158250E+01-1.984406443E+01-2.018692536E+01-2.048411873E+01
-2.073061755E+01-2.092245677E+01-2.105673988E+01-2.113165766E+01-2.114654800E+01
-2.110200344E+01-2.100000926E+01-2.084405882E+01-2.063914946E+01-2.039155364E+01
-2.010833671E+01-1.979673540E+01-1.946359611E+01-1.911501280E+01-1.875617923E+01
-1.839139287E+01 1.919450404E+00 1.998621351E+00 2.026299710E+00 2.001374813E+00
 1.922950855E+00 1.837518703E+00 1.754613375E+00 1.673393035E+00 1.593398782E+00
 1.514191029E+00 1.435366890E+00 1.356573111E+00 1.277511320E+00 1.197937465E+00
 1.117657517E+00 1.036521089E+00 9.544142027E-01 8.712520636E-01 7.869723576E-01
 7.015293897E-01 6.148891267E-01 5.270252223E-01 4.379159126E-01 3.475417637E-01
 2.558841252E-01 1.629241723E-01 6.864245398E-02-2.698119348E-02-1.239674625E-01
-2.223372240E-01-3.221110996E-01-4.233090334E-01-5.259499309E-01-6.300514246E-01
-7.356298177E-01-8.427001964E-01-9.512767994E-01-1.061373590E+00-1.173005059E+00
-1.286187249E+00-1.400938952E+00-1.517283052E+00-1.635248021E+00-1.754869443E+00
-1.876191560E+00-1.999268775E+00-2.124167053E+00-2.250965161E+00-2.379755681E+00
-2.510645717E+00-2.643757327E+00-2.779227499E+00-2.917207757E+00-3.057863305E+00
-3.201371699E+00-3.347921106E+00-3.497708117E+00-3.650935231E+00-3.807808069E+00
-3.968532402E+00-4.133311214E+00-4.302341715E+00-4.475812862E+00-4.653902820E+00
-4.836777497E+00-5.024589055E+00-5.217475666E+00-5.415561319E+00-5.618957082E+00
-5.827762318E+00-6.042067094E+00-6.261954700E+00-6.487504842E+00-6.718796947E+00
-6.955913872E+00-7.198945409E+00-7.447991906E+00-7.703167544E+00-7.964603796E+00
-8.232452075E+00-8.506886604E+00-8.788106742E+00-9.076339035E+00-9.371839264E+00
-9.674893859E+00-9.985821523E+00-1.030497436E+01-1.063273893E+01-1.096953691E+01
-1.131582565E+01-1.167209792E+01-1.203888142E+01-1.241673710E+01-1.280625608E+01
-1.320805478E+01-1.362276700E+01-1.405103166E+01-1.449347404E+01-1.495067793E+01
-1.542314256E+01-1.591121795E+01-1.641500547E+01-1.693420502E+01-1.746787827E+01
-1.801408772E+01-1.856937125E+01-1.912807940E+01-1.968182694E+01-2.021964302E+01
-2.072924331E+01-2.119881524E+01-2.161820814E+01-2.197923518E+01-2.227548931E+01
-2.250205316E+01-2.265527244E+01-2.273265006E+01-2.273288516E+01-2.265608792E+01
-2.250420294E+01-2.228162318E+01-2.199576729E+01-2.165702847E+01-2.127753729E+01
-2.086920735E+01-2.044228944E+01-2.000492633E+01-1.956333237E+01-1.912216203E+01
 1.852125097E+00 1.925009449E+00 1.947523882E+00 1.917027482E+00 1.839014088E+00
 1.747593258E+00 1.657364907E+00 1.568575795E+00 1.480933200E+00 1.394133331E+00
 1.307882620E+00 1.221908621E+00 1.135966773E+00 1.049843502E+00 9.633565573E-01
 8.763532935E-01 7.887076845E-01 7.003167013E-01 6.110964828E-01 5.209786159E-01
 4.299067403E-01 3.378336387E-01 2.447187365E-01 1.505261640E-01 5.522324148E-02
-4.122061082E-02-1.388346098E-01-2.376470601E-01-3.376855874E-01-4.389772173E-01
-5.415483664E-01-6.454248038E-01-7.506316111E-01-8.571932315E-01-9.651335883E-01
-1.074476329E+00-1.185245187E+00-1.297464536E+00-1.411160016E+00-1.526359336E+00
-1.643093209E+00-1.761396330E+00-1.881308451E+00-2.002875513E+00-2.126150713E+00
-2.251195580E+00-2.378080926E+00-2.506887694E+00-2.637707612E+00-2.770643658E+00
-2.905810260E+00-3.043333238E+00-3.183349439E+00-3.326006089E+00-3.471459796E+00
-3.619875323E+00-3.771424062E+00-3.926282296E+00-4.084629339E+00-4.246645518E+00
-4.412510330E+00-4.582400443E+00-4.756488149E+00-4.934939830E+00-5.117915055E+00
-5.305565746E+00-5.498036182E+00-5.695463160E+00-5.897976970E+00-6.105702549E+00
-6.318761246E+00-6.537272993E+00-6.761358783E+00-6.991143474E+00-7.226758659E+00
-7.468345741E+00-7.716059166E+00-7.970069375E+00-8.230566231E+00-8.497761744E+00
-8.771893292E+00-9.053226624E+00-9.342058613E+00-9.638720213E+00-9.943579608E+00
-1.025704498E+01-1.057956787E+01-1.091164641E+01-1.125382885E+01-1.160671735E+01
-1.197097206E+01-1.234731527E+01-1.273653605E+01-1.313949477E+01-1.355712790E+01
-1.399045200E+01-1.444056731E+01-1.490865909E+01-1.539599583E+01-1.590392094E+01
-1.643383345E+01-1.698714765E+01-1.756521259E+01-1.816915203E+01-1.879953201E+01
-1.945563136E+01-2.013376001E+01-2.082368103E+01-2.150484507E+01-2.215155969E+01
-2.274337138E+01-2.326673980E+01-2.371255019E+01-2.407425671E+01-2.434686654E+01
-2.452639170E+01-2.460956857E+01-2.459377835E+01-2.447720350E+01-2.425940496E+01
-2.394283032E+01-2.353625577E+01-2.305926866E+01-2.253861500E+01-2.199647955E+01
-2.144713045E+01-2.089945023E+01-2.035911658E+01-1.982982346E+01 1.779837364E+00
 1.849622459E+00 1.867492385E+00 1.831717648E+00 1.744736664E+00 1.646809860E+00
 1.550396553E+00 1.455254419E+00 1.361171745E+00 1.267927613E+00 1.175301111E+00
 1.083079480E+00 9.910640125E-01 8.990737174E-01 8.069470340E-01 7.145420621E-01
 6.217355964E-01 5.284215150E-01 4.345087152E-01 3.399189138E-01 2.445844719E-01
 1.484463847E-01 5.145249013E-02-4.644405716E-02-1.452860384E-01-2.451131629E-01
-3.459628320E-01-4.478706971E-01-5.508710614E-01-6.549971598E-01-7.602813787E-01
-8.667553950E-01-9.744503576E-01-1.083397057E+00-1.193626162E+00-1.305168514E+00
-1.418055518E+00-1.532319588E+00-1.647994721E+00-1.765117113E+00-1.883725873E+00
-2.003863780E+00-2.125578089E+00-2.248921319E+00-2.373952065E+00-2.500735746E+00
-2.629345269E+00-2.759861632E+00-2.892374357E+00-3.026981793E+00-3.163791236E+00
-3.302918858E+00-3.444489429E+00-3.588635846E+00-3.735498453E+00-3.885224155E+00
-4.037965414E+00-4.193879086E+00-4.353125144E+00-4.515865480E+00-4.682262655E+00
-4.852478678E+00-5.026673983E+00-5.205006719E+00-5.387632118E+00-5.574702300E+00
-5.766366353E+00-5.962770684E+00-6.164059928E+00-6.370378127E+00-6.581870232E+00
-6.798683793E+00-7.020971403E+00-7.248892708E+00-7.482617321E+00-7.722327346E+00
-7.968220409E+00-8.220512535E+00-8.479441539E+00-8.745269938E+00-9.018288459E+00
-9.298819347E+00-9.587220230E+00-9.883887739E+00-1.018926173E+01-1.050382960E+01
-1.082813157E+01-1.116276582E+01-1.150839486E+01-1.186575254E+01-1.223565217E+01
-1.261899580E+01-1.301678527E+01-1.343013491E+01-1.386028687E+01-1.430862904E+01
-1.477671713E+01-1.526630111E+01-1.577935845E+01-1.631813555E+01-1.688520200E+01
-1.748352315E+01-1.811656246E+01-1.878843624E+01-1.950417014E+01-2.027018986E+01
-2.109550048E+01-2.199628054E+01-2.293447348E+01-2.378884249E+01-2.455165570E+01
-2.520785635E+01-2.575229690E+01-2.619138637E+01-2.652482883E+01-2.674676480E+01
-2.684345723E+01-2.681012726E+01-2.665176548E+01-2.636463916E+01-2.593671401E+01
-2.534174302E+01-2.459255493E+01-2.385387520E+01-2.313209887E+01-2.243166609E+01
-2.175519888E+01-2.110412028E+01-2.047902965E+01 1.696423861E+00 1.763052031E+00
 1.776528444E+00 1.735892784E+00 1.639327581E+00 1.535773166E+00 1.434007404E+00
 1.333403485E+00 1.233791344E+00 1.134996452E+00 1.036842118E+00 9.391556801E-01
 8.417730499E-01 7.445415985E-01 6.473216832E-01 5.499871280E-01 4.524249320E-01
 3.545344108E-01 2.562260601E-01 1.574202339E-01 5.804578043E-02-4.196127048E-02
-1.426589287E-01-2.441003256E-01-3.463346507E-01-4.494079366E-01-5.533636964E-01
-6.582434547E-01-7.640871583E-01-8.709335090E-01-9.788202317E-01-1.087784350E+00
-1.197862394E+00-1.309090671E+00-1.421505518E+00-1.535143625E+00-1.650042401E+00
-1.766240369E+00-1.883777644E+00-2.002696444E+00-2.123041645E+00-2.244861359E+00
-2.368207560E+00-2.493136660E+00-2.619710118E+00-2.747994984E+00-2.878064379E+00
-3.009997931E+00-3.143882096E+00-3.279810356E+00-3.417883324E+00-3.558208686E+00
-3.700901028E+00-3.846081513E+00-3.993877409E+00-4.144421598E+00-4.297851819E+00
-4.454309910E+00-4.613941135E+00-4.776893399E+00-4.943316341E+00-5.113360820E+00
-5.287178326E+00-5.464920585E+00-5.646739285E+00-5.832786230E+00-6.023213581E+00
-6.218174404E+00-6.417823497E+00-6.622318419E+00-6.831821139E+00-7.046499380E+00
-7.266528785E+00-7.492094962E+00-7.723395774E+00-7.960644096E+00-8.204070294E+00
-8.453925540E+00-8.710484523E+00-8.974049082E+00-9.244951746E+00-9.523559322E+00
-9.810277346E+00-1.010555442E+01-1.040988724E+01-1.072382631E+01-1.104798210E+01
-1.138303241E+01-1.172973063E+01-1.208891532E+01-1.246152180E+01-1.284859559E+01
-1.325130831E+01-1.367097759E+01-1.410909055E+01-1.456733343E+01-1.504762834E+01
-1.555217993E+01-1.608353608E+01-1.664466775E+01-1.723907781E+01-1.787095362E+01
-1.854538985E+01-1.926873001E+01-2.004911771E+01-2.089742645E+01-2.182879847E+01
-2.286445894E+01-2.403833353E+01-2.511369678E+01-2.603152300E+01-2.682223212E+01
-2.748943903E+01-2.803349618E+01-2.842654470E+01-2.866887150E+01-2.878172833E+01
-2.876125334E+01-2.859996829E+01-2.825902579E+01-2.772778359E+01-2.700895740E+01
-2.607142460E+01-2.509161167E+01-2.417628308E+01-2.331677768E+01-2.250748694E+01
-2.174439789E+01-2.102422023E+01 1.590954868E+00 1.651173702E+00 1.660108807E+00
 1.615221637E+00 1.521933708E+00 1.414760419E+00 1.308326618E+00 1.202983970E+00
 1.098587108E+00 9.949796963E-01 8.920075340E-01 7.895231144E-01 6.873880202E-01
 5.854739516E-01 4.836628687E-01 3.818466819E-01 2.799266255E-01 1.778125227E-01
 7.542194972E-02-2.732060895E-02-1.304846015E-01-2.341342113E-01-3.383291040E-01
-4.431251121E-01-5.485748314E-01-6.547281774E-01-7.616328114E-01-8.693345586E-01
-9.778777392E-01-1.087305456E+00-1.197659870E+00-1.308982449E+00-1.421314200E+00
-1.534695940E+00-1.649168550E+00-1.764773276E+00-1.881552060E+00-1.999547894E+00
-2.118805213E+00-2.239370309E+00-2.361291783E+00-2.484621011E+00-2.609412612E+00
-2.735724900E+00-2.863620348E+00-2.993166001E+00-3.124433849E+00-3.257501146E+00
-3.392450665E+00-3.529370860E+00-3.668355963E+00-3.809505979E+00-3.952926568E+00
-4.098728902E+00-4.247029384E+00-4.397949205E+00-4.551614128E+00-4.708153932E+00
-4.867701907E+00-5.030394609E+00-5.196371237E+00-5.365773429E+00-5.538745113E+00
-5.715432143E+00-5.895982621E+00-6.080547013E+00-6.269278464E+00-6.462333704E+00
-6.659873638E+00-6.862064651E+00-7.069079665E+00-7.281099996E+00-7.498316887E+00
-7.720933598E+00-7.949167575E+00-8.183252849E+00-8.423442677E+00-8.670012540E+00
-8.923263013E+00-9.183523199E+00-9.451154545E+00-9.726554631E+00-1.001016181E+01
-1.030245991E+01-1.060398396E+01-1.091532638E+01-1.123714399E+01-1.157016638E+01
-1.191520553E+01-1.227316685E+01-1.264506248E+01-1.303202729E+01-1.343533762E+01
-1.385643449E+01-1.429695182E+01-1.475875108E+01-1.524396483E+01-1.575505129E+01
-1.629486385E+01-1.686674055E+01-1.747462046E+01-1.812319579E+01-1.881811134E+01
-1.956622285E+01-2.037591507E+01-2.125744428E+01-2.222316896E+01-2.328737215E+01
-2.446525120E+01-2.570544169E+01-2.678233860E+01-2.770309044E+01-2.847122062E+01
-2.908167716E+01-2.952899469E+01-2.982499513E+01-2.997310704E+01-2.996798747E+01
-2.979497773E+01-2.943872827E+01-2.890014564E+01-2.817009875E+01-2.723070351E+01
-2.609028576E+01-2.501006635E+01-2.401014125E+01-2.308222651E+01-2.221927112E+01
-2.141509518E+01 1.483108628E+00 1.539851939E+00 1.544555205E+00 1.495381060E+00
 1.395485363E+00 1.283806500E+00 1.173327648E+00 1.063925146E+00 9.554244224E-01
 8.476626977E-01 7.404941520E-01 6.337897172E-01 5.274346551E-01 4.213257042E-01
 3.153686640E-01 2.094765281E-01 1.035681858E-01-2.432484506E-03-1.085972667E-01
-2.149940967E-01-3.216874627E-01-4.287387543E-01-5.362065805E-01-6.441470713E-01
-7.526141444E-01-8.616597833E-01-9.713342614E-01-1.081686378E+00-1.192763678E+00
-1.304612646E+00-1.417278916E+00-1.530807469E+00-1.645242843E+00-1.760629357E+00
-1.877011359E+00-1.994433474E+00-2.112940887E+00-2.232579660E+00-2.353397062E+00
-2.475441895E+00-2.598764889E+00-2.723419050E+00-2.849460043E+00-2.976946567E+00
-3.105940709E+00-3.236508263E+00-3.368719057E+00-3.502647183E+00-3.638371233E+00
-3.775974440E+00-3.915544787E+00-4.057175056E+00-4.200962751E+00-4.347010149E+00
-4.495423982E+00-4.646315396E+00-4.799799792E+00-4.955996468E+00-5.115028431E+00
-5.277022310E+00-5.442108121E+00-5.610419152E+00-5.782092001E+00-5.957266652E+00
-6.136086677E+00-6.318699705E+00-6.505257776E+00-6.695918134E+00-6.890844167E+00
-7.090206237E+00-7.294183138E+00-7.502963513E+00-7.716747392E+00-7.935748161E+00
-8.160194533E+00-8.390332832E+00-8.626429476E+00-8.868773811E+00-9.117680875E+00
-9.373494858E+00-9.636592694E+00-9.907387838E+00-1.018633507E+01-1.047393513E+01
-1.077074038E+01-1.107736131E+01-1.139447375E+01-1.172282713E+01-1.206325449E+01
-1.241668359E+01-1.278415064E+01-1.316681613E+01-1.356598378E+01-1.398312363E+01
-1.441989954E+01-1.487820283E+01-1.536019340E+01-1.586834994E+01-1.640553181E+01
-1.697505473E+01-1.758078304E+01-1.822724023E+01-1.891973722E+01-1.966451209E+01
-2.046886390E+01-2.134124560E+01-2.229126145E+01-2.332951092E+01-2.446725989E+01
-2.571819163E+01-2.692448945E+01-2.794734915E+01-2.877435291E+01-2.943613037E+01
-2.994170858E+01-3.029379681E+01-3.047885424E+01-3.047819639E+01-3.031457293E+01
-2.998730538E+01-2.948900022E+01-2.879478661E+01-2.787691977E+01-2.674929581E+01
-2.554209504E+01-2.443190488E+01-2.341125264E+01-2.247129352E+01-2.160364410E+01
 1.367431143E+00 1.421013793E+00 1.421587894E+00 1.368251482E+00 1.258243553E+00
 1.142633747E+00 1.028899049E+00 9.162025526E-01 8.042970818E-01 6.930026062E-01
 5.821879186E-01 4.717544422E-01 3.616230036E-01 2.517249807E-01 1.419969910E-01
 3.237803785E-02-7.719186637E-02-1.867722390E-01-2.964222237E-01-4.062004967E-01
-5.161650830E-01-6.263732157E-01-7.368811567E-01-8.477441477E-01-9.590163115E-01
-1.070750671E+00-1.182999160E+00-1.295812668E+00-1.409241116E+00-1.523333551E+00
-1.638138273E+00-1.753702954E+00-1.870074799E+00-1.987300737E+00-2.105427593E+00
-2.224502331E+00-2.344572270E+00-2.465685359E+00-2.587890452E+00-2.711237587E+00
-2.835778297E+00-2.961565918E+00-3.088655900E+00-3.217106097E+00-3.346977085E+00
-3.478332415E+00-3.611238888E+00-3.745766769E+00-3.881989991E+00-4.019986288E+00
-4.159837371E+00-4.301628944E+00-4.445450758E+00-4.591396625E+00-4.739564489E+00
-4.890056158E+00-5.042977460E+00-5.198438080E+00-5.356551569E+00-5.517435177E+00
-5.681210097E+00-5.848001304E+00-6.017937907E+00-6.191153157E+00-6.367784988E+00
-6.547976303E+00-6.731875676E+00-6.919637985E+00-7.111425200E+00-7.307407644E+00
-7.507764859E+00-7.712687223E+00-7.922377287E+00-8.137051510E+00-8.356942229E+00
-8.582299629E+00-8.813394147E+00-9.050518834E+00-9.293992351E+00-9.544161805E+00
-9.801406257E+00-1.006614034E+01-1.033881857E+01-1.061993986E+01-1.091005283E+01
-1.120976173E+01-1.151973317E+01-1.184070393E+01-1.217348985E+01-1.251899604E+01
-1.287822928E+01-1.325231173E+01-1.364249774E+01-1.405019332E+01-1.447697924E+01
-1.492463843E+01-1.539518838E+01-1.589091951E+01-1.641444033E+01-1.696872985E+01
-1.755719784E+01-1.818375204E+01-1.885287016E+01-1.956967249E+01-2.033998775E+01
-2.117040494E+01-2.206830402E+01-2.304186851E+01-2.410009224E+01-2.525278336E+01
-2.649205999E+01-2.756485820E+01-2.844600488E+01-2.915358511E+01-2.969470998E+01
-3.006914391E+01-3.026678478E+01-3.029816181E+01-3.017253940E+01-2.988706312E+01
-2.943091032E+01-2.878373785E+01-2.794729860E+01-2.692164873E+01-2.570303648E+01
-2.451687206E+01-2.343676371E+01-2.245124735E+01-2.154912353E+01 1.226037900E+00
 1.271691385E+00 1.267413016E+00 1.211019650E+00 1.107410146E+00 9.908468283E-01
 8.751194675E-01 7.601096966E-01 6.455274151E-01 5.312433187E-01 4.172079930E-01
 3.034022068E-01 1.898130784E-01 7.642414654E-02-3.678797576E-02-1.498540161E-01
-2.628112648E-01-3.757024013E-01-4.885742810E-01-6.014768201E-01-7.144620699E-01
-8.275834125E-01-9.408949627E-01-1.054451064E+00-1.168305945E+00-1.282513445E+00
-1.397126833E+00-1.512198681E+00-1.627780836E+00-1.743924386E+00-1.860679700E+00
-1.978096508E+00-2.096223974E+00-2.215110853E+00-2.334805625E+00-2.455356684E+00
-2.576812526E+00-2.699221983E+00-2.822634429E+00-2.947100065E+00-3.072670135E+00
-3.199397211E+00-3.327335454E+00-3.456540871E+00-3.587071567E+00-3.718987993E+00
-3.852353176E+00-3.987232927E+00-4.123695992E+00-4.261814297E+00-4.401663015E+00
-4.543320670E+00-4.686869409E+00-4.832394728E+00-4.979985866E+00-5.129735688E+00
-5.281740761E+00-5.436101394E+00-5.592921682E+00-5.752309735E+00-5.914377605E+00
-6.079241599E+00-6.247022435E+00-6.417845718E+00-6.591842057E+00-6.769147852E+00
-6.949905688E+00-7.134265125E+00-7.322383406E+00-7.514426637E+00-7.710570697E+00
-7.911002377E+00-8.115921116E+00-8.325540025E+00-8.540088052E+00-8.759811560E+00
-8.984976378E+00-9.215870196E+00-9.452804861E+00-9.696119205E+00-9.946181966E+00
-1.020339502E+01-1.046819714E+01-1.074106796E+01-1.102253249E+01-1.131316609E+01
-1.161360044E+01-1.192452964E+01-1.224671775E+01-1.258100699E+01-1.292832716E+01
-1.328970663E+01-1.366628459E+01-1.405932519E+01-1.447023382E+01-1.490057540E+01
-1.535209520E+01-1.582674231E+01-1.632669515E+01-1.685438968E+01-1.741254924E+01
-1.800421495E+01-1.863277669E+01-1.930200332E+01-2.001607457E+01-2.077962096E+01
-2.159778890E+01-2.247636565E+01-2.342202632E+01-2.444279163E+01-2.554918520E+01
-2.664391491E+01-2.754928770E+01-2.827098921E+01-2.880009435E+01-2.916127647E+01
-2.937260960E+01-2.943905072E+01-2.935594976E+01-2.910074083E+01-2.868722248E+01
-2.812275239E+01-2.740281156E+01-2.651296238E+01-2.542019160E+01-2.420451345E+01
-2.310810857E+01-2.211947108E+01-2.122184188E+01 1.078974372E+00 1.116304437E+00
 1.106469958E+00 1.048359381E+00 9.443771841E-01 8.289670619E-01 7.132710393E-01
 5.969302248E-01 4.801067068E-01 3.630373147E-01 2.459093436E-01 1.288507194E-01
 1.194095454E-02-1.047770012E-01-2.212873505E-01-3.375944362E-01-4.537175534E-01
-5.696870854E-01-6.855415835E-01-8.013255492E-01-9.170877034E-01-1.032879683E+00
-1.148755003E+00-1.264768284E+00-1.380974629E+00-1.497429193E+00-1.614186832E+00
-1.731301880E+00-1.848827997E+00-1.966818067E+00-2.085324192E+00-2.204397677E+00
-2.324089108E+00-2.444448430E+00-2.565525074E+00-2.687368092E+00-2.810026336E+00
-2.933548628E+00-3.057983977E+00-3.183381782E+00-3.309792064E+00-3.437265692E+00
-3.565854610E+00-3.695612080E+00-3.826592905E+00-3.958853629E+00-4.092452803E+00
-4.227451163E+00-4.363911745E+00-4.501900190E+00-4.641484776E+00-4.782736698E+00
-4.925730026E+00-5.070542022E+00-5.217253100E+00-5.365946983E+00-5.516710941E+00
-5.669635670E+00-5.824815729E+00-5.982349418E+00-6.142339255E+00-6.304892051E+00
-6.470119187E+00-6.638137206E+00-6.809067852E+00-6.983038936E+00-7.160184731E+00
-7.340646679E+00-7.524574104E+00-7.712125233E+00-7.903467985E+00-8.098781194E+00
-8.298255788E+00-8.502096092E+00-8.710521243E+00-8.923766929E+00-9.142086998E+00
-9.365755354E+00-9.595068200E+00-9.830346048E+00-1.007193640E+01-1.032021627E+01
-1.057559517E+01-1.083851838E+01-1.110947042E+01-1.138897893E+01-1.167761897E+01
-1.197601772E+01-1.228485963E+01-1.260489222E+01-1.293693219E+01-1.328187241E+01
-1.364068936E+01-1.401445090E+01-1.440432491E+01-1.481158808E+01-1.523763452E+01
-1.568398404E+01-1.615228977E+01-1.664434322E+01-1.716207676E+01-1.770756158E+01
-1.828299990E+01-1.889071110E+01-1.953311186E+01-2.021269528E+01-2.093202093E+01
-2.169374519E+01-2.250076445E+01-2.335666770E+01-2.426710136E+01-2.523959364E+01
-2.609178805E+01-2.674658585E+01-2.722808945E+01-2.756632995E+01-2.777121249E+01
-2.784431360E+01-2.777253350E+01-2.755673739E+01-2.721329788E+01-2.674325749E+01
-2.614165434E+01-2.538925044E+01-2.448143947E+01-2.342533286E+01-2.237900679E+01
-2.145168559E+01-2.061165712E+01 9.191900616E-01 9.404780953E-01 9.233602446E-01
 8.652913081E-01 7.735770636E-01 6.642304462E-01 5.482497248E-01 4.295596056E-01
 3.096438893E-01 1.892077491E-01 6.863321565E-02-5.186052778E-02-1.721473197E-01
-2.921588773E-01-4.118651592E-01-5.312624668E-01-6.503657577E-01-7.692034033E-01
-8.878134672E-01-1.006241002E+00-1.124536003E+00-1.242751850E+00-1.360944120E+00
-1.479169687E+00-1.597485986E+00-1.715950510E+00-1.834620385E+00-1.953552101E+00
-2.072801291E+00-2.192422622E+00-2.312469734E+00-2.432995202E+00-2.554050603E+00
-2.675686554E+00-2.797952819E+00-2.920898440E+00-3.044571887E+00-3.169021203E+00
-3.294294207E+00-3.420438679E+00-3.547502559E+00-3.675534158E+00-3.804582376E+00
-3.934696898E+00-4.065928460E+00-4.198328913E+00-4.331951688E+00-4.466851746E+00
-4.603085862E+00-4.740712819E+00-4.879793607E+00-5.020391541E+00-5.162572418E+00
-5.306404713E+00-5.451959739E+00-5.599311763E+00-5.748538205E+00-5.899719913E+00
-6.052941161E+00-6.208289927E+00-6.365858367E+00-6.525742771E+00-6.688044082E+00
-6.852868282E+00-7.020326635E+00-7.190536433E+00-7.363621389E+00-7.539712151E+00
-7.718947326E+00-7.901473912E+00-8.087448284E+00-8.277037180E+00-8.470418645E+00
-8.667783174E+00-8.869334935E+00-9.075293065E+00-9.285892974E+00-9.501388080E+00
-9.722051300E+00-9.948176709E+00-1.018008159E+01-1.041810832E+01-1.066262655E+01
-1.091403546E+01-1.117276621E+01-1.143928437E+01-1.171409284E+01-1.199773453E+01
-1.229079532E+01-1.259390704E+01-1.290775048E+01-1.323305815E+01-1.357061701E+01
-1.392127032E+01-1.428591914E+01-1.466552224E+01-1.506109429E+01-1.547370149E+01
-1.590445338E+01-1.635448941E+01-1.682495890E+01-1.731699115E+01-1.783165325E+01
-1.836989098E+01-1.893244670E+01-1.951974497E+01-2.013172874E+01-2.076761350E+01
-2.142548314E+01-2.210152473E+01-2.278820576E+01-2.346775723E+01-2.408893056E+01
-2.460162888E+01-2.499730403E+01-2.527652454E+01-2.544086831E+01-2.549185890E+01
-2.543079637E+01-2.525885305E+01-2.497732201E+01-2.458793009E+01-2.409322153E+01
-2.349725472E+01-2.280731104E+01-2.203955098E+01-2.124209178E+01-2.047506345E+01
-1.975092841E+01 8.160766374E-01 8.447566348E-01 8.239062871E-01 7.518464979E-01
 6.341169357E-01 5.092707078E-01 3.846036972E-01 2.596872852E-01 1.346658644E-01
 9.754292628E-03-1.148800395E-01-2.391260261E-01-3.629183445E-01-4.862262844E-01
-6.090449141E-01-7.313885112E-01-8.532856679E-01-9.747756021E-01-1.095905353E+00
-1.216727596E+00-1.337298949E+00-1.457678617E+00-1.577927346E+00-1.698106583E+00
-1.818277837E+00-1.938502185E+00-2.058839893E+00-2.179350134E+00-2.300090821E+00
-2.421118473E+00-2.542488156E+00-2.664253483E+00-2.786466645E+00-2.909178456E+00
-3.032438475E+00-3.156295116E+00-3.280795782E+00-3.405987024E+00-3.531914718E+00
-3.658624241E+00-3.786160663E+00-3.914568947E+00-4.043894130E+00-4.174181603E+00
-4.305477184E+00-4.437827482E+00-4.571279894E+00-4.705883001E+00-4.841686719E+00
-4.978742388E+00-5.117103037E+00-5.256823629E+00-5.397961136E+00-5.540574773E+00
-5.684726163E+00-5.830479603E+00-5.977902152E+00-6.127063980E+00-6.278038447E+00
-6.430902502E+00-6.585736872E+00-6.742626305E+00-6.901660002E+00-7.062932047E+00
-7.226541648E+00-7.392593646E+00-7.561199108E+00-7.732475758E+00-7.906548689E+00
-8.083550952E+00-8.263624266E+00-8.446919807E+00-8.633599070E+00-8.823834665E+00
-9.017811452E+00-9.215727295E+00-9.417794279E+00-9.624239777E+00-9.835307671E+00
-1.005125949E+01-1.027237565E+01-1.049895686E+01-1.073132536E+01-1.096982626E+01
-1.121482878E+01-1.146672770E+01-1.172594428E+01-1.199292755E+01-1.226815495E+01
-1.255213291E+01-1.284539688E+01-1.314851054E+01-1.346206455E+01-1.378667352E+01
-1.412297176E+01-1.447160645E+01-1.483322810E+01-1.520847700E+01-1.559796431E+01
-1.600224638E+01-1.642179017E+01-1.685692629E+01-1.730778635E+01-1.777421821E+01
-1.825567071E+01-1.875103405E+01-1.925841344E+01-1.977479772E+01-2.029555870E+01
-2.081368537E+01-2.131869388E+01-2.179562354E+01-2.222597123E+01-2.259219688E+01
-2.288193501E+01-2.308809341E+01-2.320707402E+01-2.323736418E+01-2.317879152E+01
-2.303222122E+01-2.279953343E+01-2.248381888E+01-2.208980590E+01-2.162459199E+01
-2.109875095E+01-2.052750527E+01-1.993023647E+01-1.932613002E+01-1.872917374E+01
 6.876247346E-01 7.170031581E-01 6.925631631E-01 6.122838650E-01 4.850887580E-01
 3.495097556E-01 2.159109899E-01 8.386232043E-02-4.700834739E-02-1.768836869E-01
-3.058521961E-01-4.339638476E-01-5.612570744E-01-6.877705906E-01-8.135479323E-01
-9.386386362E-01-1.063097901E+00-1.186985699E+00-1.310365673E+00-1.433304061E+00
-1.555868719E+00-1.678128270E+00-1.800151393E+00-1.922006235E+00-2.043759959E+00
-2.165478354E+00-2.287225600E+00-2.409064048E+00-2.531054116E+00-2.653254210E+00
-2.775720705E+00-2.898507973E+00-3.021668438E+00-3.145252653E+00-3.269309415E+00
-3.393885889E+00-3.519027756E+00-3.644779374E+00-3.771183944E+00-3.898283689E+00
-4.026120038E+00-4.154733871E+00-4.284165593E+00-4.414455470E+00-4.545643727E+00
-4.677770829E+00-4.810877671E+00-4.945005622E+00-5.080197077E+00-5.216495216E+00
-5.353944601E+00-5.492591052E+00-5.632482165E+00-5.773667226E+00-5.916197534E+00
-6.060126751E+00-6.205510824E+00-6.352408575E+00-6.500881587E+00-6.650994787E+00
-6.802816575E+00-6.956419010E+00-7.111878409E+00-7.269275501E+00-7.428695901E+00
-7.590230424E+00-7.753975677E+00-7.920034373E+00-8.088515924E+00-8.259537070E+00
-8.433222313E+00-8.609704506E+00-8.789125684E+00-8.971637495E+00-9.157402027E+00
-9.346592518E+00-9.539393948E+00-9.736003903E+00-9.936633210E+00-1.014150664E+01
-1.035086370E+01-1.056495903E+01-1.078406314E+01-1.100846283E+01-1.123846142E+01
-1.147437883E+01-1.171655167E+01-1.196533241E+01-1.222108872E+01-1.248420168E+01
-1.275506377E+01-1.303407546E+01-1.332164057E+01-1.361816041E+01-1.392402527E+01
-1.423960374E+01-1.456522849E+01-1.490117769E+01-1.524765130E+01-1.560474015E+01
-1.597238678E+01-1.635033484E+01-1.673806470E+01-1.713471093E+01-1.753895707E+01
-1.794890104E+01-1.836188514E+01-1.877428613E+01-1.918127272E+01-1.957656873E+01
-1.995232994E+01-2.029933590E+01-2.060769241E+01-2.086795331E+01-2.107216566E+01
-2.121438192E+01-2.129064384E+01-2.129872288E+01-2.123785582E+01-2.110857720E+01
-2.091267213E+01-2.065323992E+01-2.033484725E+01-1.996372183E+01-1.954787467E+01
-1.909694152E+01-1.862151045E+01-1.813196531E+01-1.763733093E+01 5.476698746E-01
 5.757797692E-01 5.480118717E-01 4.618877463E-01 3.182880273E-01 1.754191619E-01
 3.538068982E-02-1.025150068E-01-2.385771674E-01-3.730365082E-01-5.060651478E-01
-6.377961965E-01-7.683393823E-01-8.977915052E-01-1.026242746E+00-1.153780146E+00
-1.280489287E+00-1.406454969E+00-1.531761285E+00-1.656491435E+00-1.780727396E+00
-1.904549567E+00-2.028036427E+00-2.151264265E+00-2.274306938E+00-2.397235709E+00
-2.520119111E+00-2.643022906E+00-2.766010046E+00-2.889140693E+00-3.012472265E+00
-3.136059523E+00-3.259954657E+00-3.384207415E+00-3.508865227E+00-3.633973373E+00
-3.759575129E+00-3.885711933E+00-4.012423568E+00-4.139748377E+00-4.267723392E+00
-4.396384583E+00-4.525766978E+00-4.655905009E+00-4.786832483E+00-4.918583086E+00
-5.051190228E+00-5.184687634E+00-5.319109228E+00-5.454489484E+00-5.590863664E+00
-5.728267858E+00-5.866739495E+00-6.006317186E+00-6.147041355E+00-6.288954002E+00
-6.432099450E+00-6.576524112E+00-6.722277120E+00-6.869410321E+00-7.017978717E+00
-7.168040778E+00-7.319658595E+00-7.472898400E+00-7.627830756E+00-7.784530994E+00
-7.943079686E+00-8.103562880E+00-8.266072573E+00-8.430707185E+00-8.597572028E+00
-8.766779628E+00-8.938450231E+00-9.112712357E+00-9.289703116E+00-9.469568638E+00
-9.652464552E+00-9.838556295E+00-1.002801939E+01-1.022103980E+01-1.041781393E+01
-1.061854879E+01-1.082346185E+01-1.103278062E+01-1.124674235E+01-1.146559301E+01
-1.168958613E+01-1.191898120E+01-1.215404133E+01-1.239503049E+01-1.264220935E+01
-1.289583064E+01-1.315613263E+01-1.342333126E+01-1.369761000E+01-1.397910719E+01
-1.426790053E+01-1.456398738E+01-1.486726083E+01-1.517748006E+01-1.549423428E+01
-1.581689881E+01-1.614458214E+01-1.647606292E+01-1.680971605E+01-1.714342903E+01
-1.747451101E+01-1.779960415E+01-1.811461444E+01-1.841469223E+01-1.869430464E+01
-1.894743909E+01-1.916794577E+01-1.934996513E+01-1.948833520E+01-1.957888462E+01
-1.961857874E+01-1.960555119E+01-1.953907754E+01-1.941953738E+01-1.924839173E+01
-1.902817861E+01-1.876251384E+01-1.845606539E+01-1.811445496E+01-1.774403959E+01
-1.735155585E+01-1.694367289E+01-1.652656196E+01 3.713440701E-01 3.955939465E-01
 3.635719496E-01 2.734266609E-01 1.325634483E-01-1.485926074E-02-1.597132540E-01
-3.021796879E-01-4.424642808E-01-5.807605676E-01-7.172445099E-01-8.520750047E-01
-9.853967930E-01-1.117343683E+00-1.248041203E+00-1.377608490E+00-1.506159458E+00
-1.633803503E+00-1.760645837E+00-1.886787618E+00-2.012325984E+00-2.137354043E+00
-2.261960838E+00-2.386231329E+00-2.510246418E+00-2.634082970E+00-2.757813857E+00
-2.881508075E+00-3.005230807E+00-3.129043581E+00-3.253004367E+00-3.377167751E+00
-3.501585087E+00-3.626304654E+00-3.751371836E+00-3.876829300E+00-4.002717176E+00
-4.129073198E+00-4.255933057E+00-4.383330321E+00-4.511296904E+00-4.639863104E+00
-4.769057800E+00-4.898908730E+00-5.029442645E+00-5.160685549E+00-5.292662816E+00
-5.425399502E+00-5.558920509E+00-5.693250736E+00-5.828415438E+00-5.964440266E+00
-6.101351693E+00-6.239176947E+00-6.377944590E+00-6.517684448E+00-6.658428081E+00
-6.800208898E+00-6.943062477E+00-7.087026720E+00-7.232142366E+00-7.378452990E+00
-7.526005556E+00-7.674850535E+00-7.825042338E+00-7.976639510E+00-8.129705249E+00
-8.284307557E+00-8.440519600E+00-8.598420096E+00-8.758093676E+00-8.919630996E+00
-9.083129255E+00-9.248692269E+00-9.416430830E+00-9.586462779E+00-9.758913172E+00
-9.933914388E+00-1.011160602E+01-1.029213471E+01-1.047565388E+01-1.066232337E+01
-1.085230866E+01-1.104578020E+01-1.124291192E+01-1.144388005E+01-1.164886097E+01
-1.185802891E+01-1.207155276E+01-1.228959234E+01-1.251229368E+01-1.273978341E+01
-1.297216151E+01-1.320949297E+01-1.345179747E+01-1.369903677E+01-1.395109990E+01
-1.420778552E+01-1.446878062E+01-1.473363609E+01-1.500173782E+01-1.527227376E+01
-1.554419690E+01-1.581618454E+01-1.608659539E+01-1.635342744E+01-1.661428106E+01
-1.686633525E+01-1.710634704E+01-1.733068703E+01-1.753542276E+01-1.771645541E+01
-1.786970333E+01-1.799131052E+01-1.807785012E+01-1.812649382E+01-1.813513202E+01
-1.810244469E+01-1.802793411E+01-1.791193216E+01-1.775559152E+01-1.756086394E+01
-1.733046001E+01-1.706778091E+01-1.677681010E+01-1.646195764E+01-1.612786229E+01
-1.577917122E+01-1.542033079E+01 1.814597634E-01 2.012354958E-01 1.651982454E-01
 7.125040586E-02-7.080841003E-02-2.219308931E-01-3.706069650E-01-5.166763470E-01
-6.602893499E-01-8.016129862E-01-9.408188040E-01-1.078077327E+00-1.213554848E+00
-1.347411772E+00-1.479801808E+00-1.610871628E+00-1.740760790E+00-1.869601780E+00
-1.997520087E+00-2.124634375E+00-2.251056638E+00-2.376892421E+00-2.502241005E+00
-2.627195651E+00-2.751843835E+00-2.876267490E+00-3.000543233E+00-3.124742624E+00
-3.248932390E+00-3.373174663E+00-3.497527211E+00-3.622043671E+00-3.746773750E+00
-3.871763454E+00-3.997055311E+00-4.122688554E+00-4.248699360E+00-4.375120981E+00
-4.501984110E+00-4.629316878E+00-4.757145131E+00-4.885492783E+00-5.014381741E+00
-5.143832296E+00-5.273863320E+00-5.404492345E+00-5.535735958E+00-5.667609762E+00
-5.800128846E+00-5.933307828E+00-6.067161128E+00-6.201703126E+00-6.336948557E+00
-6.472912513E+00-6.609610869E+00-6.747060372E+00-6.885279066E+00-7.024286375E+00
-7.164103417E+00-7.304753318E+00-7.446261414E+00-7.588655637E+00-7.731966602E+00
-7.876228073E+00-8.021477242E+00-8.167754811E+00-8.315105495E+00-8.463578152E+00
-8.613226127E+00-8.764107415E+00-8.916284938E+00-9.069826659E+00-9.224805821E+00
-9.381300908E+00-9.539395839E+00-9.699179855E+00-9.860747473E+00-1.002419814E+01
-1.018963610E+01-1.035716978E+01-1.052691128E+01-1.069897556E+01-1.087347924E+01
-1.105053962E+01-1.123027280E+01-1.141279190E+01-1.159820464E+01-1.178661038E+01
-1.197809678E+01-1.217273575E+01-1.237057823E+01-1.257164873E+01-1.277593810E+01
-1.298339573E+01-1.319391983E+01-1.340734644E+01-1.362343679E+01-1.384186253E+01
-1.406218920E+01-1.428385765E+01-1.450616358E+01-1.472823548E+01-1.494901162E+01
-1.516721739E+01-1.538134444E+01-1.558963410E+01-1.579006881E+01-1.598037564E+01
-1.615804654E+01-1.632038032E+01-1.646454845E+01-1.658768469E+01-1.668699366E+01
-1.675986863E+01-1.680400793E+01-1.681751812E+01-1.679899666E+01-1.674759108E+01
-1.666303468E+01-1.654566156E+01-1.639640281E+01-1.621676537E+01-1.600879185E+01
-1.577500006E+01-1.551830023E+01-1.524189152E+01-1.494914262E+01-1.464346561E+01
-1.432819620E+01-1.549265441E-02 1.234616564E-03-3.862659847E-02-1.368963698E-01
-2.914536880E-01-4.465328808E-01-5.983152217E-01-7.471903885E-01-8.933078935E-01
-1.036838091E+00-1.177965815E+00-1.316882552E+00-1.453780443E+00-1.588848003E+00
-1.722267221E+00-1.854211759E+00-1.984845917E+00-2.114324201E+00-2.242791241E+00
-2.370381987E+00-2.497222036E+00-2.623428073E+00-2.749108331E+00-2.874363086E+00
-2.999285110E+00-3.123960152E+00-3.248467353E+00-3.372879658E+00-3.497264178E+00
-3.621682566E+00-3.746191304E+00-3.870842040E+00-3.995681854E+00-4.120753501E+00
-4.246095702E+00-4.371743365E+00-4.497727773E+00-4.624076900E+00-4.750815528E+00
-4.877965522E+00-5.005545914E+00-5.133573251E+00-5.262061795E+00-5.391023563E+00
-5.520468720E+00-5.650405619E+00-5.780841115E+00-5.911780724E+00-6.043228859E+00
-6.175188986E+00-6.307663983E+00-6.440656173E+00-6.574167645E+00-6.708200526E+00
-6.842757220E+00-6.977840485E+00-7.113453984E+00-7.249602249E+00-7.386291110E+00
-7.523527897E+00-7.661321710E+00-7.799683777E+00-7.938627535E+00-8.078169097E+00
-8.218327415E+00-8.359124512E+00-8.500585762E+00-8.642740083E+00-8.785620178E+00
-8.929262648E+00-9.073708192E+00-9.219001607E+00-9.365191906E+00-9.512332238E+00
-9.660479851E+00-9.809695774E+00-9.960044700E+00-1.011159444E+01-1.026441551E+01
-1.041858036E+01-1.057416257E+01-1.073123576E+01-1.088987228E+01-1.105014177E+01
-1.121210917E+01-1.137583275E+01-1.154136129E+01-1.170873127E+01-1.187796330E+01
-1.204905797E+01-1.222199120E+01-1.239670886E+01-1.257312041E+01-1.275109185E+01
-1.293043774E+01-1.311091194E+01-1.329219776E+01-1.347389669E+01-1.365551642E+01
-1.383645802E+01-1.401600267E+01-1.419329850E+01-1.436734815E+01-1.453699804E+01
-1.470093088E+01-1.485766295E+01-1.500554812E+01-1.514279117E+01-1.526747135E+01
-1.537757894E+01-1.547106411E+01-1.554589722E+01-1.560013765E+01-1.563200678E+01
-1.563995963E+01-1.562275020E+01-1.557948667E+01-1.550967282E+01-1.541323551E+01
-1.529053680E+01-1.514237189E+01-1.496995195E+01-1.477487305E+01-1.455907071E+01
-1.432476165E+01-1.407437412E+01-1.381047116E+01-1.353567093E+01-1.325257019E+01
-2.450569643E-01-2.334567110E-01-2.776864846E-01-3.795056984E-01-5.321567621E-01
-6.898415121E-01-8.440435680E-01-9.949384256E-01-1.142706128E+00-1.287555352E+00
-1.429711911E+00-1.569408643E+00-1.706877594E+00-1.842344359E+00-1.976024369E+00
-2.108120644E+00-2.238822719E+00-2.368306342E+00-2.496733699E+00-2.624253991E+00
-2.751004159E+00-2.877109692E+00-3.002685452E+00-3.127836480E+00-3.252658745E+00
-3.377239816E+00-3.501659516E+00-3.625990457E+00-3.750298558E+00-3.874643506E+00
-3.999079131E+00-4.123653874E+00-4.248410918E+00-4.373388716E+00-4.498621072E+00
-4.624137614E+00-4.749963795E+00-4.876121324E+00-5.002628244E+00-5.129499175E+00
-5.256745579E+00-5.384375929E+00-5.512395859E+00-5.640808363E+00-5.769614031E+00
-5.898811328E+00-6.028396588E+00-6.158364376E+00-6.288707638E+00-6.419417944E+00
-6.550485719E+00-6.681900364E+00-6.813650651E+00-6.945724761E+00-7.078110755E+00
-7.210796616E+00-7.343770604E+00-7.477021568E+00-7.610539068E+00-7.744313727E+00
-7.878337586E+00-8.012604183E+00-8.147108909E+00-8.281849361E+00-8.416825460E+00
-8.552039687E+00-8.687497402E+00-8.823206996E+00-8.959179974E+00-9.095431189E+00
-9.231978804E+00-9.368844450E+00-9.506053066E+00-9.643632902E+00-9.781615161E+00
-9.920033806E+00-1.005892512E+01-1.019832721E+01-1.033827931E+01-1.047882083E+01
-1.061999048E+01-1.076182508E+01-1.090435803E+01-1.104761758E+01-1.119162516E+01
-1.133639283E+01-1.148192087E+01-1.162819477E+01-1.177518196E+01-1.192282798E+01
-1.207105223E+01-1.221974316E+01-1.236875306E+01-1.251789204E+01-1.266692184E+01
-1.281554854E+01-1.296341548E+01-1.311009500E+01-1.325508066E+01-1.339777917E+01
-1.353750252E+01-1.367346115E+01-1.380475867E+01-1.393038840E+01-1.404923336E+01
-1.416007010E+01-1.426157779E+01-1.435235343E+01-1.443093396E+01-1.449582542E+01
-1.454553909E+01-1.457863352E+01-1.459376046E+01-1.458971263E+01-1.456547017E+01
-1.452024348E+01-1.445350960E+01-1.436504038E+01-1.425492133E+01-1.412355983E+01
-1.397168300E+01-1.380032495E+01-1.361080331E+01-1.340468664E+01-1.318375290E+01
-1.294994138E+01-1.270530011E+01-1.245193148E+01-1.219193928E+01-4.942061082E-01
-4.884238706E-01-5.370813063E-01-6.422460352E-01-7.939489117E-01-9.535162038E-01
-1.109341476E+00-1.261327515E+00-1.409733071E+00-1.554849276E+00-1.696978796E+00
-1.836422758E+00-1.973471709E+00-2.108399957E+00-2.241462554E+00-2.372894137E+00
-2.502909026E+00-2.631702055E+00-2.759449835E+00-2.886312172E+00-3.012433564E+00
-3.137944578E+00-3.262963170E+00-3.387595878E+00-3.511938843E+00-3.636078754E+00
-3.760093642E+00-3.884053600E+00-4.008021375E+00-4.132052882E+00-4.256197780E+00
-4.380499645E+00-4.504996654E+00-4.629721548E+00-4.754702261E+00-4.879961920E+00
-5.005519241E+00-5.131388643E+00-5.257580606E+00-5.384101671E+00-5.510954872E+00
-5.638139656E+00-5.765652321E+00-5.893486050E+00-6.021631151E+00-6.150075213E+00
-6.278803383E+00-6.407798404E+00-6.537041049E+00-6.666510082E+00-6.796182691E+00
-6.926034527E+00-7.056040059E+00-7.186172812E+00-7.316405520E+00-7.446710486E+00
-7.577059737E+00-7.707425418E+00-7.837779988E+00-7.968096419E+00-8.098348669E+00
-8.228511798E+00-8.358562285E+00-8.488478342E+00-8.618240072E+00-8.747829745E+00
-8.877232154E+00-9.006434494E+00-9.135426836E+00-9.264201970E+00-9.392755640E+00
-9.521086430E+00-9.649195717E+00-9.777087520E+00-9.904768262E+00-1.003224618E+01
-1.015953119E+01-1.028663399E+01-1.041356543E+01-1.054033550E+01-1.066695231E+01
-1.079342066E+01-1.091974083E+01-1.104590647E+01-1.117190301E+01-1.129770524E+01
-1.142327497E+01-1.154855811E+01-1.167348182E+01-1.179795109E+01-1.192184493E+01
-1.204501253E+01-1.216726887E+01-1.228839015E+01-1.240810886E+01-1.252610878E+01
-1.264201980E+01-1.275541261E+01-1.286579410E+01-1.297260255E+01-1.307520407E+01
-1.317288975E+01-1.326487488E+01-1.335029964E+01-1.342823280E+01-1.349767861E+01
-1.355758718E+01-1.360686898E+01-1.364441400E+01-1.366911487E+01-1.367989379E+01
-1.367573303E+01-1.365570672E+01-1.361901379E+01-1.356500948E+01-1.349323399E+01
-1.340343749E+01-1.329559878E+01-1.316993816E+01-1.302692245E+01-1.286726278E+01
-1.269190445E+01-1.250200954E+01-1.229893236E+01-1.208418895E+01-1.185942183E+01
-1.162636145E+01-1.138678597E+01-1.114248149E+01-7.558693475E-01-7.544962964E-01
-8.075367222E-01-9.165668496E-01-1.078341534E+00-1.239833577E+00-1.396183930E+00
-1.548002617E+00-1.695713801E+00-1.839752591E+00-1.980543585E+00-2.118486040E+00
-2.253946335E+00-2.387255512E+00-2.518709836E+00-2.648573066E+00-2.777079418E+00
-2.904436748E+00-3.030829620E+00-3.156422096E+00-3.281360211E+00-3.405774115E+00
-3.529779922E+00-3.653481271E+00-3.776970622E+00-3.900330396E+00-4.023633908E+00
-4.146946064E+00-4.270324213E+00-4.393818552E+00-4.517472693E+00-4.641323909E+00
-4.765403838E+00-4.889738364E+00-5.014348252E+00-5.139249182E+00-5.264452067E+00
-5.389963212E+00-5.515784547E+00-5.641913747E+00-5.768344509E+00-5.895066629E+00
-6.022066197E+00-6.149325801E+00-6.276824636E+00-6.404538789E+00-6.532441348E+00
-6.660502489E+00-6.788689944E+00-6.916968885E+00-7.045302393E+00-7.173651582E+00
-7.301975752E+00-7.430232747E+00-7.558379227E+00-7.686370750E+00-7.814162243E+00
-7.941708200E+00-8.068962918E+00-8.195880890E+00-8.322417045E+00-8.448526940E+00
-8.574167354E+00-8.699296129E+00-8.823872922E+00-8.947859080E+00-9.071218043E+00
-9.193915571E+00-9.315919870E+00-9.437201626E+00-9.557734167E+00-9.677493499E+00
-9.796458069E+00-9.914608612E+00-1.003192799E+01-1.014840068E+01-1.026401229E+01
-1.037874889E+01-1.049259618E+01-1.060553850E+01-1.071755785E+01-1.082863229E+01
-1.093873472E+01-1.104783100E+01-1.115587805E+01-1.126282188E+01-1.136859508E+01
-1.147311455E+01-1.157627854E+01-1.167796395E+01-1.177802304E+01-1.187628040E+01
-1.197252927E+01-1.206652837E+01-1.215799819E+01-1.224661748E+01-1.233202010E+01
-1.241379181E+01-1.249146773E+01-1.256453027E+01-1.263240812E+01-1.269447623E+01
-1.275005739E+01-1.279842529E+01-1.283881016E+01-1.287040621E+01-1.289238242E+01
-1.290389535E+01-1.290410539E+01-1.289219524E+01-1.286739087E+01-1.282898411E+01
-1.277635613E+01-1.270900111E+01-1.262654847E+01-1.252878368E+01-1.241566532E+01
-1.228733871E+01-1.214414440E+01-1.198662167E+01-1.181550596E+01-1.163172089E+01
-1.143636426E+01-1.123068886E+01-1.101607819E+01-1.079401870E+01-1.056606859E+01
-1.033382543E+01-1.009889276E+01-1.055055905E+00-1.060540950E+00-1.118469444E+00
-1.230421706E+00-1.390618511E+00-1.551875147E+00-1.706999160E+00-1.856780643E+00
-2.001924920E+00-2.143094025E+00-2.280881554E+00-2.415805460E+00-2.548311393E+00
-2.678780599E+00-2.807539090E+00-2.934866382E+00-3.061003139E+00-3.186157642E+00
-3.310511057E+00-3.434221716E+00-3.557428590E+00-3.680254043E+00-3.802806058E+00
-3.925180052E+00-4.047460311E+00-4.169721099E+00-4.292027787E+00-4.414437425E+00
-4.536999499E+00-4.659756362E+00-4.782743869E+00-4.905991528E+00-5.029522862E+00
-5.153355837E+00-5.277502902E+00-5.401971307E+00-5.526763179E+00-5.651875880E+00
-5.777301922E+00-5.903029448E+00-6.029041948E+00-6.155318856E+00-6.281835311E+00
-6.408562592E+00-6.535468114E+00-6.662515632E+00-6.789665390E+00-6.916874366E+00
-7.044096264E+00-7.171282073E+00-7.298379824E+00-7.425335148E+00-7.552091387E+00
-7.678589837E+00-7.804769941E+00-7.930569764E+00-8.055926070E+00-8.180774638E+00
-8.305050735E+00-8.428689156E+00-8.551624892E+00-8.673793092E+00-8.795129653E+00
-8.915571379E+00-9.035056413E+00-9.153524474E+00-9.270917133E+00-9.387178011E+00
-9.502253208E+00-9.616091152E+00-9.728642908E+00-9.839862182E+00-9.949705162E+00
-1.005813048E+01-1.016509885E+01-1.027057286E+01-1.037451612E+01-1.047689291E+01
-1.057766721E+01-1.067680184E+01-1.077425703E+01-1.086998950E+01-1.096395053E+01
-1.105608467E+01-1.114632772E+01-1.123460459E+01-1.132082746E+01-1.140489326E+01
-1.148668132E+01-1.156605089E+01-1.164283860E+01-1.171685563E+01-1.178788549E+01
-1.185568111E+01-1.191996260E+01-1.198041491E+01-1.203668594E+01-1.208838505E+01
-1.213508199E+01-1.217630666E+01-1.221154958E+01-1.224026373E+01-1.226186739E+01
-1.227574848E+01-1.228127071E+01-1.227778148E+01-1.226462155E+01-1.224113685E+01
-1.220669224E+01-1.216068660E+01-1.210256991E+01-1.203186080E+01-1.194816491E+01
-1.185119299E+01-1.174077809E+01-1.161689118E+01-1.147965471E+01-1.132935266E+01
-1.116643747E+01-1.099153263E+01-1.080543052E+01-1.060908604E+01-1.040360472E+01
-1.019022661E+01-9.970305321E+00-9.745283720E+00-9.516665837E+00-9.285987375E+00
-9.054784391E+00-1.389466800E+00-1.404063144E+00-1.467277556E+00-1.580977394E+00
-1.735582890E+00-1.893598376E+00-2.044513422E+00-2.189331107E+00-2.329215809E+00
-2.465130125E+00-2.597844457E+00-2.727970771E+00-2.855997237E+00-2.982317197E+00
-3.107251631E+00-3.231065954E+00-3.353982487E+00-3.476189653E+00-3.597848783E+00
-3.719099245E+00-3.840062218E+00-3.960843644E+00-4.081536304E+00-4.202221753E+00
-4.322971344E+00-4.443847486E+00-4.564904273E+00-4.686188236E+00-4.807738813E+00
-4.929588707E+00-5.051764353E+00-5.174285964E+00-5.297168038E+00-5.420419283E+00
-5.544042929E+00-5.668036928E+00-5.792393873E+00-5.917101313E+00-6.042141874E+00
-6.167493136E+00-6.293127995E+00-6.419014693E+00-6.545116905E+00-6.671393852E+00
-6.797800463E+00-6.924287526E+00-7.050801736E+00-7.177286042E+00-7.303679532E+00
-7.429917986E+00-7.555933678E+00-7.681655963E+00-7.807011166E+00-7.931923127E+00
-8.056313207E+00-8.180100832E+00-8.303203542E+00-8.425537495E+00-8.547017587E+00
-8.667558086E+00-8.787072749E+00-8.905475171E+00-9.022679384E+00-9.138600088E+00
-9.253152852E+00-9.366254897E+00-9.477825060E+00-9.587784269E+00-9.696055890E+00
-9.802565854E+00-9.907242927E+00-1.001001883E+01-1.011082812E+01-1.020960831E+01
-1.030629940E+01-1.040084386E+01-1.049318586E+01-1.058327073E+01-1.067104419E+01
-1.075645142E+01-1.083943576E+01-1.091993743E+01-1.099789225E+01-1.107322959E+01
-1.114587096E+01-1.121572775E+01-1.128269934E+01-1.134667095E+01-1.140751150E+01
-1.146507128E+01-1.151917997E+01-1.156964438E+01-1.161624653E+01-1.165874178E+01
-1.169685718E+01-1.173029021E+01-1.175870785E+01-1.178174591E+01-1.179900935E+01
-1.181007293E+01-1.181448284E+01-1.181175933E+01-1.180140029E+01-1.178288620E+01
-1.175568636E+01-1.171926639E+01-1.167309748E+01-1.161666680E+01-1.154948951E+01
-1.147112182E+01-1.138117525E+01-1.127933149E+01-1.116535762E+01-1.103912129E+01
-1.090060533E+01-1.074992104E+01-1.058732014E+01-1.041320403E+01-1.022813044E+01
-1.003281676E+01-9.828139180E+00-9.615127722E+00-9.394956363E+00-9.168928624E+00
-8.938458111E+00-8.705044358E+00-8.470245249E+00-8.235645697E+00-8.002824587E+00
-1.755866925E+00-1.781141900E+00-1.850071665E+00-1.963748367E+00-2.119473057E+00
-2.269547725E+00-2.410905536E+00-2.546201821E+00-2.677135027E+00-2.804852792E+00
-2.930149692E+00-3.053594726E+00-3.175609667E+00-3.296517454E+00-3.416572705E+00
-3.535981407E+00-3.654913910E+00-3.773513730E+00-3.891903576E+00-4.010189554E+00
-4.128464243E+00-4.246808631E+00-4.365293949E+00-4.483982606E+00-4.602929053E+00
-4.722180449E+00-4.841777140E+00-4.961752970E+00-5.082135519E+00-5.202946415E+00
-5.324201302E+00-5.445910225E+00-5.568077518E+00-5.690701961E+00-5.813776815E+00
-5.937290026E+00-6.061224059E+00-6.185556103E+00-6.310258146E+00-6.435296894E+00
-6.560633973E+00-6.686225926E+00-6.812024370E+00-6.937975880E+00-7.064022302E+00
-7.190100875E+00-7.316144106E+00-7.442080093E+00-7.567832755E+00-7.693321718E+00
-7.818462825E+00-7.943168098E+00-8.067346092E+00-8.190902129E+00-8.313738540E+00
-8.435754973E+00-8.556848678E+00-8.676914889E+00-8.795847192E+00-8.913537827E+00
-9.029878134E+00-9.144759014E+00-9.258071254E+00-9.369706032E+00-9.479555435E+00
-9.587512729E+00-9.693473074E+00-9.797333756E+00-9.898994582E+00-9.998358512E+00
-1.009533166E+01-1.018982376E+01-1.028174821E+01-1.037102216E+01-1.045756629E+01
-1.054130461E+01-1.062216414E+01-1.070007421E+01-1.077496571E+01-1.084677020E+01
-1.091541869E+01-1.098084035E+01-1.104296106E+01-1.110170144E+01-1.115697528E+01
-1.120868751E+01-1.125673202E+01-1.130098972E+01-1.134132648E+01-1.137759102E+01
-1.140961309E+01-1.143720177E+01-1.146014374E+01-1.147820202E+01-1.149111491E+01
-1.149859541E+01-1.150033063E+01-1.149598229E+01-1.148518734E+01-1.146755934E+01
-1.144269079E+01-1.141015602E+01-1.136951513E+01-1.132031909E+01-1.126211573E+01
-1.119445694E+01-1.111690730E+01-1.102905337E+01-1.093051458E+01-1.082095488E+01
-1.070009548E+01-1.056772821E+01-1.042372913E+01-1.026807274E+01-1.010084562E+01
-9.922259744E+00-9.732664622E+00-9.532557710E+00-9.322593113E+00-9.103586946E+00
-8.876519343E+00-8.642532410E+00-8.402922657E+00-8.159128115E+00-7.912709348E+00
-7.665323882E+00-7.418695118E+00-7.174576045E+00-6.934709330E+00-2.189057141E+00
-2.236706374E+00-2.312969000E+00-2.418169291E+00-2.553293361E+00-2.681859782E+00
-2.804682887E+00-2.924482039E+00-3.042394040E+00-3.159045549E+00-3.274826681E+00
-3.390002445E+00-3.504765955E+00-3.619266294E+00-3.733624063E+00-3.847940530E+00
-3.962303149E+00-4.076788973E+00-4.191466829E+00-4.306398653E+00-4.421640312E+00
-4.537242119E+00-4.653249187E+00-4.769701505E+00-4.886634100E+00-5.004076914E+00
-5.122054928E+00-5.240588077E+00-5.359691096E+00-5.479373638E+00-5.599640037E+00
-5.720489348E+00-5.841915385E+00-5.963906406E+00-6.086445392E+00-6.209509766E+00
-6.333071516E+00-6.457097114E+00-6.581547513E+00-6.706378194E+00-6.831539080E+00
-6.956974578E+00-7.082623778E+00-7.208420252E+00-7.334292294E+00-7.460162799E+00
-7.585949659E+00-7.711565606E+00-7.836918405E+00-7.961911057E+00-8.086441988E+00
-8.210405138E+00-8.333690266E+00-8.456183273E+00-8.577766236E+00-8.698318004E+00
-8.817714311E+00-8.935828252E+00-9.052530637E+00-9.167690346E+00-9.281174997E+00
-9.392851065E+00-9.502584713E+00-9.610242140E+00-9.715690216E+00-9.818796915E+00
-9.919432101E+00-1.001746800E+01-1.011277984E+01-1.020524639E+01-1.029475050E+01
-1.038117959E+01-1.046442585E+01-1.054438653E+01-1.062096396E+01-1.069406543E+01
-1.076360281E+01-1.082949222E+01-1.089165312E+01-1.095000758E+01-1.100447902E+01
-1.105499083E+01-1.110146489E+01-1.114381960E+01-1.118196782E+01-1.121581498E+01
-1.124525664E+01-1.127017641E+01-1.129044388E+01-1.130591265E+01-1.131641841E+01
-1.132177769E+01-1.132178616E+01-1.131621791E+01-1.130482456E+01-1.128733513E+01
-1.126345605E+01-1.123287181E+01-1.119524599E+01-1.115022312E+01-1.109743100E+01
-1.103648391E+01-1.096698660E+01-1.088853889E+01-1.080074182E+01-1.070320408E+01
-1.059554993E+01-1.047742799E+01-1.034852106E+01-1.020855698E+01-1.005732035E+01
-9.894665356E+00-9.720529032E+00-9.534945303E+00-9.338059592E+00-9.130143124E+00
-8.911607699E+00-8.683019129E+00-8.445109925E+00-8.198789696E+00-7.945152558E+00
-7.685480445E+00-7.421240229E+00-7.154074227E+00-6.885781761E+00-6.618291188E+00
-6.353622387E+00-6.093840311E+00-5.841001244E+00-2.680338511E+00-2.764949655E+00
-2.850181112E+00-2.936181772E+00-3.023264776E+00-3.116170603E+00-3.214017521E+00
-3.314857204E+00-3.417657074E+00-3.521858783E+00-3.627137754E+00-3.733296336E+00
-3.840212014E+00-3.947809751E+00-4.056045874E+00-4.164898240E+00-4.274359600E+00
-4.384432908E+00-4.495128252E+00-4.606460168E+00-4.718445876E+00-4.831103616E+00
-4.944451590E+00-5.058506899E+00-5.173284751E+00-5.288797792E+00-5.405055517E+00
-5.522063798E+00-5.639824643E+00-5.758335610E+00-5.877589646E+00-5.997574932E+00
-6.118274526E+00-6.239666285E+00-6.361722630E+00-6.484410506E+00-6.607691300E+00
-6.731520531E+00-6.855848005E+00-6.980617736E+00-7.105767708E+00-7.231230037E+00
-7.356930889E+00-7.482790481E+00-7.608723079E+00-7.734637081E+00-7.860434973E+00
-7.986013609E+00-8.111264089E+00-8.236071997E+00-8.360317520E+00-8.483875725E+00
-8.606616671E+00-8.728405653E+00-8.849103553E+00-8.968567075E+00-9.086649220E+00
-9.203199485E+00-9.318064488E+00-9.431088286E+00-9.542112888E+00-9.650978808E+00
-9.757525689E+00-9.861592901E+00-9.963020051E+00-1.006164792E+01-1.015731904E+01
-1.024987865E+01-1.033917541E+01-1.042506225E+01-1.050739736E+01-1.058604482E+01
-1.066087506E+01-1.073176560E+01-1.079860091E+01-1.086127277E+01-1.091967987E+01
-1.097372757E+01-1.102332733E+01-1.106839578E+01-1.110885370E+01-1.114462449E+01
-1.117563246E+01-1.120180072E+01-1.122304876E+01-1.123929002E+01-1.125042917E+01
-1.125635974E+01-1.125696176E+01-1.125209966E+01-1.124162033E+01-1.122535200E+01
-1.120310255E+01-1.117465919E+01-1.113978760E+01-1.109823214E+01-1.104971606E+01
-1.099394225E+01-1.093059468E+01-1.085934001E+01-1.077983013E+01-1.069170526E+01
-1.059459749E+01-1.048813544E+01-1.037194949E+01-1.024567791E+01-1.010897415E+01
-9.961514527E+00-9.803007756E+00-9.633204637E+00-9.451909592E+00-9.258992959E+00
-9.054404425E+00-8.838188117E+00-8.610498203E+00-8.371616272E+00-8.121969527E+00
-7.862149746E+00-7.592932580E+00-7.315296471E+00-7.030439785E+00-6.739794486E+00
-6.445033702E+00-6.148070423E+00-5.851043436E+00-5.556287892E+00-5.266288504E+00
-4.983615441E+00-4.710846318E+00-3.130386058E+00-3.238899445E+00-3.331522248E+00
-3.407812189E+00-3.470116661E+00-3.540259260E+00-3.619058715E+00-3.703992358E+00
-3.793392044E+00-3.886156301E+00-3.981546162E+00-4.079056280E+00-4.178335187E+00
-4.279135889E+00-4.381283847E+00-4.484655860E+00-4.589165644E+00-4.694753706E+00
-4.801379858E+00-4.909018019E+00-5.017651916E+00-5.127271858E+00-5.237872525E+00
-5.349450844E+00-5.462004412E+00-5.575530275E+00-5.690023979E+00-5.805478630E+00
-5.921884339E+00-6.039227434E+00-6.157490186E+00-6.276650295E+00-6.396680653E+00
-6.517548954E+00-6.639217375E+00-6.761642615E+00-6.884775505E+00-7.008560767E+00
-7.132937175E+00-7.257837159E+00-7.383186806E+00-7.508905743E+00-7.634907171E+00
-7.761097677E+00-7.887377304E+00-8.013639437E+00-8.139771041E+00-8.265652381E+00
-8.391157379E+00-8.516153576E+00-8.640502247E+00-8.764058678E+00-8.886672207E+00
-9.008186616E+00-9.128440329E+00-9.247266687E+00-9.364494500E+00-9.479948245E+00
-9.593448655E+00-9.704813155E+00-9.813856410E+00-9.920390960E+00-1.002422780E+01
-1.012517712E+01-1.022304900E+01-1.031765433E+01-1.040880569E+01-1.049631838E+01
-1.058001158E+01-1.065970983E+01-1.073524404E+01-1.080645313E+01-1.087318462E+01
-1.093529552E+01-1.099265267E+01-1.104513302E+01-1.109262358E+01-1.113502124E+01
-1.117223255E+01-1.120417283E+01-1.123076541E+01-1.125193997E+01-1.126763075E+01
-1.127777392E+01-1.128230448E+01-1.128115280E+01-1.127424147E+01-1.126148183E+01
-1.124277146E+01-1.121799159E+01-1.118700548E+01-1.114965660E+01-1.110576783E+01
-1.105514058E+01-1.099755460E+01-1.093276802E+01-1.086051769E+01-1.078052029E+01
-1.069247327E+01-1.059605692E+01-1.049093633E+01-1.037676420E+01-1.025318428E+01
-1.011983526E+01-9.976355269E+00-9.822387603E+00-9.657586648E+00-9.481625273E+00
-9.294202822E+00-9.095054453E+00-8.883961856E+00-8.660764873E+00-8.425375485E+00
-8.177793102E+00-7.918122131E+00-7.646592232E+00-7.363581123E+00-7.069640119E+00
-6.765523163E+00-6.452218150E+00-6.130980065E+00-5.803363916E+00-5.471253774E+00
-5.136882037E+00-4.802832113E+00-4.472015211E+00-4.147613447E+00-3.832987265E+00
-3.531550594E+00-3.529970610E+00-3.651158419E+00-3.749881841E+00-3.825201911E+00
-3.878477787E+00-3.939262311E+00-4.007764610E+00-4.082478418E+00-4.162230479E+00
-4.246085458E+00-4.333321559E+00-4.423390662E+00-4.515879428E+00-4.610477274E+00
-4.706951389E+00-4.805127748E+00-4.904876767E+00-5.006102271E+00-5.108733263E+00
-5.212717540E+00-5.318016491E+00-5.424601392E+00-5.532450142E+00-5.641544931E+00
-5.751870119E+00-5.863410694E+00-5.976151014E+00-6.090073745E+00-6.205158910E+00
-6.321383146E+00-6.438719307E+00-6.557135716E+00-6.676595850E+00-6.797057906E+00
-6.918474565E+00-7.040792600E+00-7.163952754E+00-7.287889348E+00-7.412530243E+00
-7.537796601E+00-7.663602688E+00-7.789855760E+00-7.916455978E+00-8.043296334E+00
-8.170262492E+00-8.297232669E+00-8.424077911E+00-8.550661660E+00-8.676840110E+00
-8.802462242E+00-8.927369673E+00-9.051397082E+00-9.174372217E+00-9.296116284E+00
-9.416443950E+00-9.535163969E+00-9.652079385E+00-9.766988042E+00-9.879683014E+00
-9.989953201E+00-1.009758388E+01-1.020235728E+01-1.030405345E+01-1.040245084E+01
-1.049732708E+01-1.058845996E+01-1.067562853E+01-1.075861424E+01-1.083720237E+01
-1.091118426E+01-1.098035980E+01-1.104453947E+01-1.110354576E+01-1.115721400E+01
-1.120539290E+01-1.124794481E+01-1.128474585E+01-1.131568622E+01-1.134066997E+01
-1.135961489E+01-1.137245214E+01-1.137912487E+01-1.137958636E+01-1.137379676E+01
-1.136171853E+01-1.134331098E+01-1.131852536E+01-1.128730058E+01-1.124955963E+01
-1.120520718E+01-1.115412746E+01-1.109618291E+01-1.103121320E+01-1.095903485E+01
-1.087944086E+01-1.079220121E+01-1.069706316E+01-1.059375206E+01-1.048197281E+01
-1.036141099E+01-1.023173511E+01-1.009259857E+01-9.943642765E+00-9.784499893E+00
-9.614797202E+00-9.434160952E+00-9.242221932E+00-9.038621057E+00-8.823016540E+00
-8.595091532E+00-8.354563816E+00-8.101196287E+00-7.834810114E+00-7.555299902E+00
-7.262651862E+00-6.956965792E+00-6.638481595E+00-6.307611464E+00-5.964979010E+00
-5.611465950E+00-5.248268128E+00-4.876959187E+00-4.499560546E+00-4.118609198E+00
-3.737210373E+00-3.359051654E+00-2.988351983E+00-2.629723482E+00-2.287948623E+00
-3.889319034E+00-4.018601563E+00-4.122550578E+00-4.200193048E+00-4.257272985E+00
-4.314938552E+00-4.378496549E+00-4.447386521E+00-4.520923474E+00-4.598486909E+00
-4.679545015E+00-4.763657664E+00-4.850469042E+00-4.939696262E+00-5.031117033E+00
-5.124558512E+00-5.219887056E+00-5.317000030E+00-5.415818754E+00-5.516282947E+00
-5.618345803E+00-5.721970641E+00-5.827127399E+00-5.933790587E+00-6.041936879E+00
-6.151543819E+00-6.262588240E+00-6.375045201E+00-6.488887203E+00-6.604083198E+00
-6.720598161E+00-6.838392456E+00-6.957421287E+00-7.077634457E+00-7.198975746E+00
-7.321382942E+00-7.444787174E+00-7.569112914E+00-7.694277622E+00-7.820191505E+00
-7.946757328E+00-8.073870288E+00-8.201417702E+00-8.329279050E+00-8.457325574E+00
-8.585420441E+00-8.713418465E+00-8.841166146E+00-8.968501672E+00-9.095254759E+00
-9.221246890E+00-9.346291429E+00-9.470193589E+00-9.592750777E+00-9.713752917E+00
-9.832982605E+00-9.950215658E+00-1.006522139E+01-1.017776338E+01-1.028759990E+01
-1.039448447E+01-1.049816687E+01-1.059839357E+01-1.069490842E+01-1.078745353E+01
-1.087576999E+01-1.095959921E+01-1.103868357E+01-1.111276730E+01-1.118159999E+01
-1.124494318E+01-1.130257451E+01-1.135428879E+01-1.139989839E+01-1.143923311E+01
-1.147214049E+01-1.149848580E+01-1.151815275E+01-1.153104398E+01-1.153708203E+01
-1.153621004E+01-1.152839213E+01-1.151361230E+01-1.149187099E+01-1.146317708E+01
-1.142753655E+01-1.138494414E+01-1.133537803E+01-1.127879570E+01-1.121513172E+01
-1.114429594E+01-1.106617244E+01-1.098061912E+01-1.088746754E+01-1.078652296E+01
-1.067756480E+01-1.056034727E+01-1.043460021E+01-1.030002992E+01-1.015632063E+01
-1.000313571E+01-9.840119616E+00-9.666899600E+00-9.483088363E+00-9.288286359E+00
-9.082085333E+00-8.864071593E+00-8.633830541E+00-8.390951597E+00-8.135034151E+00
-7.865694612E+00-7.582575234E+00-7.285354442E+00-6.973759947E+00-6.647585139E+00
-6.306709773E+00-5.951126559E+00-5.580975405E+00-5.196588602E+00-4.798549733E+00
-4.387771677E+00-3.965598815E+00-3.533939207E+00-3.095428032E+00-2.653611222E+00
-2.213109400E+00-1.779674314E+00-1.360016422E+00-9.613383401E-01-4.232816706E+00
-4.369495403E+00-4.478546577E+00-4.559019329E+00-4.615520138E+00-4.672325935E+00
-4.733781707E+00-4.799549213E+00-4.869256994E+00-4.942542265E+00-5.019071746E+00
-5.098552504E+00-5.180735616E+00-5.265414787E+00-5.352422294E+00-5.441624062E+00
-5.532913792E+00-5.626208154E+00-5.721441745E+00-5.818563033E+00-5.917530883E+00
-6.018311491E+00-6.120875938E+00-6.225198103E+00-6.331252927E+00-6.439015077E+00
-6.548457722E+00-6.659551589E+00-6.772264094E+00-6.886558714E+00-7.002394395E+00
-7.119724922E+00-7.238498603E+00-7.358657915E+00-7.480138834E+00-7.602870837E+00
-7.726776424E+00-7.851770809E+00-7.977761679E+00-8.104648841E+00-8.232324106E+00
-8.360670971E+00-8.489564381E+00-8.618870459E+00-8.748446422E+00-8.878140385E+00
-9.007791088E+00-9.137227971E+00-9.266270862E+00-9.394730132E+00-9.522406540E+00
-9.649091309E+00-9.774566404E+00-9.898604451E+00-1.002096917E+01-1.014141571E+01
-1.025969083E+01-1.037553360E+01-1.048867587E+01-1.059884291E+01-1.070575420E+01
-1.080912436E+01-1.090866409E+01-1.100408034E+01-1.109507623E+01-1.118135233E+01
-1.126260983E+01-1.133854868E+01-1.140886108E+01-1.147323023E+01-1.153136662E+01
-1.158301072E+01-1.162792926E+01-1.166591220E+01-1.169677081E+01-1.172033718E+01
-1.173646450E+01-1.174502808E+01-1.174592686E+01-1.173908581E+01-1.172445952E+01
-1.170203683E+01-1.167184592E+01-1.163395502E+01-1.158846090E+01-1.153544436E+01
-1.147496336E+01-1.140704817E+01-1.133169928E+01-1.124888641E+01-1.115854802E+01
-1.106059119E+01-1.095489198E+01-1.084129595E+01-1.071961859E+01-1.058964627E+01
-1.045113681E+01-1.030382036E+01-1.014740013E+01-9.981553287E+00-9.805931966E+00
-9.620164125E+00-9.423854786E+00-9.216587144E+00-8.997924144E+00-8.767409858E+00
-8.524571378E+00-8.268921098E+00-7.999959161E+00-7.717176607E+00-7.420059198E+00
-7.108092498E+00-6.780767904E+00-6.437590953E+00-6.078092205E+00-5.701841736E+00
-5.308469074E+00-4.897690664E+00-4.469348356E+00-4.023464373E+00-3.560320981E+00
-3.080578859E+00-2.585456057E+00-2.077003821E+00-1.558530511E+00-1.035217392E+00
-5.148338030E-01-8.009047379E-03 4.728863897E-01-4.563731516E+00-4.706949065E+00
-4.821183207E+00-4.904655658E+00-4.959008066E+00-5.016203089E+00-5.077033950E+00
-5.141200074E+00-5.208529364E+00-5.278847400E+00-5.351987484E+00-5.427798245E+00
-5.506147812E+00-5.586924924E+00-5.670038133E+00-5.755413724E+00-5.842993150E+00
-5.932730196E+00-6.024588220E+00-6.118537752E+00-6.214554088E+00-6.312615441E+00
-6.412701401E+00-6.514791364E+00-6.618863461E+00-6.724893661E+00-6.832854817E+00
-6.942716000E+00-7.054441988E+00-7.167992632E+00-7.283322545E+00-7.400380469E+00
-7.519109077E+00-7.639444543E+00-7.761316185E+00-7.884646150E+00-8.009349019E+00
-8.135331694E+00-8.262492800E+00-8.390722569E+00-8.519902491E+00-8.649904990E+00
-8.780593113E+00-8.911820337E+00-9.043430166E+00-9.175256060E+00-9.307120960E+00
-9.438837285E+00-9.570206661E+00-9.701019838E+00-9.831056495E+00-9.960085360E+00
-1.008786409E+01-1.021413966E+01-1.033864837E+01-1.046111628E+01-1.058125955E+01
-1.069878487E+01-1.081338992E+01-1.092476423E+01-1.103258989E+01-1.113654324E+01
-1.123629852E+01-1.133152596E+01-1.142188579E+01-1.150702586E+01-1.158661516E+01
-1.166033311E+01-1.172782528E+01-1.178857915E+01-1.184224673E+01-1.188854432E+01
-1.192722261E+01-1.195805628E+01-1.198084062E+01-1.199539174E+01-1.200154794E+01
-1.199917111E+01-1.198814854E+01-1.196839618E+01-1.193986366E+01-1.190254790E+01
-1.185651905E+01-1.180195570E+01-1.173919944E+01-1.166842969E+01-1.158978475E+01
-1.150335314E+01-1.140918120E+01-1.130727492E+01-1.119760080E+01-1.108008723E+01
-1.095462604E+01-1.082107379E+01-1.067925330E+01-1.052895449E+01-1.036993552E+01
-1.020192345E+01-1.002461486E+01-9.837676155E+00-9.640744111E+00-9.433425999E+00
-9.215299813E+00-8.985914158E+00-8.744788440E+00-8.491412441E+00-8.225246470E+00
-7.945720616E+00-7.652234910E+00-7.344158607E+00-7.020830118E+00-6.681556842E+00
-6.325615450E+00-5.952252747E+00-5.560687406E+00-5.150113399E+00-4.719705626E+00
-4.268629180E+00-3.796054395E+00-3.301180486E+00-2.783273851E+00-2.241730910E+00
-1.676186034E+00-1.086709700E+00-4.742098607E-01 1.586337606E-01 8.048110958E-01
 1.446455942E+00 2.053173332E+00-4.875219397E+00-5.023946139E+00-5.142595830E+00
-5.230065018E+00-5.292158663E+00-5.350756140E+00-5.411656463E+00-5.474964314E+00
-5.540655227E+00-5.608701543E+00-5.679077575E+00-5.751761771E+00-5.826737898E+00
-5.903995004E+00-5.983526982E+00-6.065331349E+00-6.149408263E+00-6.235759222E+00
-6.324385840E+00-6.415288748E+00-6.508466843E+00-6.603916382E+00-6.701630233E+00
-6.801597445E+00-6.903802847E+00-7.008226346E+00-7.114842885E+00-7.223621929E+00
-7.334527271E+00-7.447516634E+00-7.562541597E+00-7.679547041E+00-7.798471148E+00
-7.919244891E+00-8.041791796E+00-8.166027706E+00-8.291860349E+00-8.419189137E+00
-8.547904581E+00-8.677888208E+00-8.809012047E+00-8.941138282E+00-9.074118928E+00
-9.207795483E+00-9.341998530E+00-9.476547383E+00-9.611249815E+00-9.745901697E+00
-9.880286650E+00-1.001417596E+01-1.014732811E+01-1.027948886E+01-1.041039104E+01
-1.053975484E+01-1.066728787E+01-1.079268574E+01-1.091563247E+01-1.103580022E+01
-1.115284994E+01-1.126643262E+01-1.137618664E+01-1.148173758E+01-1.158273008E+01
-1.167881891E+01-1.176962880E+01-1.185463798E+01-1.193352010E+01-1.200609241E+01
-1.207238991E+01-1.213056325E+01-1.218056299E+01-1.222218926E+01-1.225521443E+01
-1.227941044E+01-1.229455625E+01-1.230044821E+01-1.229690499E+01-1.228376890E+01
-1.226090600E+01-1.222820441E+01-1.218556343E+01-1.213289608E+01-1.207019262E+01
-1.199755184E+01-1.191671161E+01-1.182751898E+01-1.173022225E+01-1.162493922E+01
-1.151175542E+01-1.139070848E+01-1.126178749E+01-1.112493587E+01-1.098005520E+01
-1.082700782E+01-1.066561896E+01-1.049567846E+01-1.031694144E+01-1.012912918E+01
-9.931929258E+00-9.724995722E+00-9.507948523E+00-9.280373183E+00-9.041819998E+00
-8.791802625E+00-8.529796936E+00-8.255238772E+00-7.967522018E+00-7.665995482E+00
-7.349959670E+00-7.018662767E+00-6.671295867E+00-6.306987183E+00-5.924795784E+00
-5.523703514E+00-5.102606172E+00-4.660302829E+00-4.195483028E+00-3.706711877E+00
-3.192411031E+00-2.650834467E+00-2.080035118E+00-1.477815351E+00-8.416459756E-01
-1.685181542E-01 5.453660879E-01 1.305367697E+00 2.120939342E+00 3.002693249E+00
 3.795656577E+00-5.187680872E+00-5.342401890E+00-5.465739104E+00-5.556615457E+00
-5.620042333E+00-5.679793065E+00-5.740915480E+00-5.803539519E+00-5.867766908E+00
-5.933704302E+00-6.001459498E+00-6.071137849E+00-6.142839073E+00-6.216655406E+00
-6.292670136E+00-6.370956744E+00-6.451578780E+00-6.534589630E+00-6.620032988E+00
-6.707942974E+00-6.798344763E+00-6.891254746E+00-6.986681197E+00-7.084624273E+00
-7.185076568E+00-7.288023306E+00-7.393442384E+00-7.501304490E+00-7.611573337E+00
-7.724205349E+00-7.839149780E+00-7.956348674E+00-8.075736353E+00-8.197239612E+00
-8.320777171E+00-8.446259476E+00-8.573588382E+00-8.702656804E+00-8.833348316E+00
-8.965536723E+00-9.099085663E+00-9.233848179E+00-9.369666318E+00-9.506370663E+00
-9.643779742E+00-9.781699830E+00-9.919924355E+00-1.005823347E+01-1.019639358E+01
-1.033415693E+01-1.047126118E+01-1.060742903E+01-1.074236782E+01-1.087576976E+01
-1.100731214E+01-1.113665864E+01-1.126346101E+01-1.138735576E+01-1.150796127E+01
-1.162490025E+01-1.173776748E+01-1.184602495E+01-1.194932045E+01-1.204743476E+01
-1.214036870E+01-1.222621905E+01-1.230485320E+01-1.237596855E+01-1.243915210E+01
-1.249381888E+01-1.253956054E+01-1.257605332E+01-1.260302516E+01-1.262024065E+01
-1.262749338E+01-1.262460199E+01-1.261140593E+01-1.258775919E+01-1.255352406E+01
-1.250856951E+01-1.245278309E+01-1.238610069E+01-1.230855306E+01-1.222032883E+01
-1.212175954E+01-1.201308061E+01-1.189653826E+01-1.177192853E+01-1.163943124E+01
-1.149911694E+01-1.135098469E+01-1.119497989E+01-1.103100273E+01-1.085891296E+01
-1.067853229E+01-1.048964588E+01-1.029200304E+01-1.008531756E+01-9.869267476E+00
-9.643494532E+00-9.407603237E+00-9.161159767E+00-8.903689913E+00-8.634677072E+00
-8.353559372E+00-8.059726164E+00-7.752514044E+00-7.431201455E+00-7.095002856E+00
-6.743061115E+00-6.374438650E+00-5.988106826E+00-5.582932797E+00-5.157664023E+00
-4.710909120E+00-4.241114340E+00-3.746534778E+00-3.225197555E+00-2.674855049E+00
-2.092922824E+00-1.476395001E+00-8.217238263E-01-1.246402384E-01 6.201255748E-01
 1.419292511E+00 2.281732399E+00 3.219381284E+00 4.238079851E+00 5.172630211E+00
-5.503431906E+00-5.663823024E+00-5.792629520E+00-5.885999489E+00-5.946450305E+00
-6.006986421E+00-6.068029250E+00-6.129637498E+00-6.192055005E+00-6.255538340E+00
-6.320341943E+00-6.386707804E+00-6.454858686E+00-6.524994068E+00-6.597288645E+00
-6.671892292E+00-6.748931047E+00-6.828509004E+00-6.910710121E+00-6.995600078E+00
-7.083228517E+00-7.173630306E+00-7.266827431E+00-7.362829977E+00-7.461637393E+00
-7.563239160E+00-7.667615656E+00-7.774738515E+00-7.884571094E+00-7.997068676E+00
-8.112178545E+00-8.229840104E+00-8.349984681E+00-8.472535407E+00-8.597407103E+00
-8.724505839E+00-8.853728667E+00-8.984963179E+00-9.118087120E+00-9.252967951E+00
-9.389462220E+00-9.527415206E+00-9.666660249E+00-9.807018321E+00-9.948297389E+00
-1.009029199E+01-1.023278250E+01-1.037553467E+01-1.051829905E+01-1.066081013E+01
-1.080278577E+01-1.094392623E+01-1.108391328E+01-1.122240923E+01-1.135905700E+01
-1.149348135E+01-1.162531422E+01-1.175416535E+01-1.187953218E+01-1.200112227E+01
-1.211885723E+01-1.223090677E+01-1.233711438E+01-1.243708297E+01-1.253028301E+01
-1.261599488E+01-1.269366508E+01-1.276281198E+01-1.282298211E+01-1.287374285E+01
-1.291472147E+01-1.294560604E+01-1.296612725E+01-1.297605100E+01-1.297517973E+01
-1.296335303E+01-1.294044640E+01-1.290636340E+01-1.286101198E+01-1.280429495E+01
-1.273614103E+01-1.265651812E+01-1.256540639E+01-1.246278111E+01-1.234877553E+01
-1.222379950E+01-1.208856215E+01-1.194381906E+01-1.179159371E+01-1.163185323E+01
-1.146454309E+01-1.128957844E+01-1.110684095E+01-1.091617791E+01-1.071740151E+01
-1.051028895E+01-1.029458207E+01-1.006998693E+01-9.836173075E+00-9.592772565E+00
-9.339378324E+00-9.075542383E+00-8.800773276E+00-8.514533008E+00-8.216233228E+00
-7.905230588E+00-7.580821220E+00-7.242233688E+00-6.888620987E+00-6.519050577E+00
-6.132492326E+00-5.727804050E+00-5.303713903E+00-4.858799141E+00-4.391459838E+00
-3.899887036E+00-3.382023472E+00-2.835514831E+00-2.257649160E+00-1.645281024E+00
-9.947360357E-01-3.016907381E-01 4.389771857E-01 1.233369607E+00 2.088766986E+00
 3.013797738E+00 4.018463154E+00 5.112070417E+00 6.134098632E+00-5.810419095E+00
-5.976930843E+00-6.109519073E+00-6.206989201E+00-6.275048519E+00-6.336164592E+00
-6.396310892E+00-6.456001185E+00-6.515684268E+00-6.575814414E+00-6.636827615E+00
-6.699125034E+00-6.763063942E+00-6.828954452E+00-6.897060300E+00-6.967601848E+00
-7.040760253E+00-7.116681883E+00-7.195482848E+00-7.277252977E+00-7.362059447E+00
-7.449949890E+00-7.540954921E+00-7.635090496E+00-7.732359333E+00-7.832752686E+00
-7.936251289E+00-8.042826223E+00-8.152439466E+00-8.265044490E+00-8.380586411E+00
-8.499002031E+00-8.620220040E+00-8.744160614E+00-8.870735498E+00-8.999847338E+00
-9.131389637E+00-9.265246009E+00-9.401289906E+00-9.539383862E+00-9.679378988E+00
-9.821114417E+00-9.964416438E+00-1.010909818E+01-1.025495863E+01-1.040178223E+01
-1.054933826E+01-1.069737997E+01-1.084564397E+01-1.099384946E+01-1.114169729E+01
-1.128886827E+01-1.143502169E+01-1.157978865E+01-1.172277398E+01-1.186347349E+01
-1.200160322E+01-1.213706373E+01-1.226809085E+01-1.239446944E+01-1.251569352E+01
-1.263097548E+01-1.273963728E+01-1.284106210E+01-1.293465570E+01-1.301983812E+01
-1.309610024E+01-1.316297655E+01-1.322003139E+01-1.326686296E+01-1.330310891E+01
-1.332844899E+01-1.334260395E+01-1.334533439E+01-1.333644053E+01-1.331576256E+01
-1.328318019E+01-1.323861254E+01-1.318201765E+01-1.311339460E+01-1.303280353E+01
-1.294038376E+01-1.283620170E+01-1.272012769E+01-1.259215827E+01-1.245232401E+01
-1.230091320E+01-1.213870506E+01-1.196671442E+01-1.178758886E+01-1.160124929E+01
-1.140759117E+01-1.120648087E+01-1.099775369E+01-1.078121226E+01-1.055662586E+01
-1.032372958E+01-1.008222350E+01-9.831771788E+00-9.572001138E+00-9.302498958E+00
-9.022811017E+00-8.732438597E+00-8.430834720E+00-8.117399848E+00-7.791476604E+00
-7.452343314E+00-7.099206162E+00-6.731190051E+00-6.347327218E+00-5.946543800E+00
-5.527643397E+00-5.089287265E+00-4.629970354E+00-4.147992192E+00-3.641421418E+00
-3.108052807E+00-2.545355210E+00-1.950408713E+00-1.319829713E+00-6.496833159E-01
 6.461573693E-02 8.284083021E-01 1.647889934E+00 2.530180569E+00 3.483327972E+00
 4.516201241E+00 5.641385167E+00 6.730689129E+00-6.132591730E+00-6.305869506E+00
-6.443169804E+00-6.543266245E+00-6.611584376E+00-6.671635370E+00-6.729303419E+00
-6.785390023E+00-6.840664885E+00-6.895868080E+00-6.951672073E+00-7.008663441E+00
-7.067339638E+00-7.128113883E+00-7.191324181E+00-7.257243452E+00-7.326089297E+00
-7.398032984E+00-7.473206857E+00-7.551710948E+00-7.633618226E+00-7.718979082E+00
-7.807824602E+00-7.900169679E+00-7.996015220E+00-8.095349837E+00-8.198151389E+00
-8.304387883E+00-8.414018305E+00-8.526993208E+00-8.643254874E+00-8.762737544E+00
-8.885367423E+00-9.011062484E+00-9.139732146E+00-9.271277085E+00-9.405588479E+00
-9.542547698E+00-9.682025591E+00-9.823881739E+00-9.967963786E+00-1.011410665E+01
-1.026213165E+01-1.041184597E+01-1.056304163E+01-1.071549506E+01-1.086896634E+01
-1.102319845E+01-1.117791675E+01-1.133282815E+01-1.148762107E+01-1.164196346E+01
-1.179551342E+01-1.194786481E+01-1.209887505E+01-1.224674691E+01-1.239141262E+01
-1.253235746E+01-1.266872668E+01-1.279971884E+01-1.292458770E+01-1.304255870E+01
-1.315297896E+01-1.325528117E+01-1.334891113E+01-1.343333834E+01-1.350806425E+01
-1.357262369E+01-1.362658471E+01-1.366955011E+01-1.370115963E+01-1.372109158E+01
-1.372906417E+01-1.372483605E+01-1.370820741E+01-1.367902105E+01-1.363716356E+01
-1.358256680E+01-1.351521012E+01-1.343512340E+01-1.334239088E+01-1.323714980E+01
-1.311957807E+01-1.298989361E+01-1.284836108E+01-1.269480258E+01-1.252917692E+01
-1.235162397E+01-1.216298838E+01-1.196461681E+01-1.175947724E+01-1.154745651E+01
-1.132841299E+01-1.110217419E+01-1.086853563E+01-1.062726031E+01-1.037807875E+01
-1.012068801E+01-9.854751069E+00-9.579895008E+00-9.295709172E+00-9.001742637E+00
-8.697501101E+00-8.382443138E+00-8.055975713E+00-7.717448737E+00-7.366148613E+00
-7.001290350E+00-6.622008544E+00-6.227345833E+00-5.816239779E+00-5.387506631E+00
-4.939821788E+00-4.471696629E+00-3.981449949E+00-3.467173858E+00-2.926692493E+00
-2.357512176E+00-1.756761878E+00-1.121122631E+00-4.467454987E-01 2.708408865E-01
 1.036828872E+00 1.857226697E+00 2.738931327E+00 3.689749326E+00 4.718327126E+00
 5.835809018E+00 6.925918299E+00-6.477262423E+00-6.656919091E+00-6.801805709E+00
-6.900908383E+00-6.962214320E+00-7.018490434E+00-7.070813743E+00-7.120386592E+00
-7.168521724E+00-7.216372591E+00-7.264896475E+00-7.314863159E+00-7.366881202E+00
-7.421426981E+00-7.478871322E+00-7.539500893E+00-7.603535778E+00-7.671142872E+00
-7.742446598E+00-7.817537219E+00-7.896477145E+00-7.979306167E+00-8.066045326E+00
-8.156700098E+00-8.251262642E+00-8.349713929E+00-8.452024882E+00-8.558157598E+00
-8.668066100E+00-8.781696607E+00-8.898988089E+00-9.019872071E+00-9.144272709E+00
-9.272106478E+00-9.403281891E+00-9.537698836E+00-9.675248216E+00-9.815811045E+00
-9.959257858E+00-1.010544772E+01-1.025422718E+01-1.040542953E+01-1.055887359E+01
-1.071436277E+01-1.087168426E+01-1.103060850E+01-1.119088847E+01-1.135225890E+01
-1.151443590E+01-1.167711434E+01-1.183997670E+01-1.200264021E+01-1.216495334E+01
-1.232531518E+01-1.248344983E+01-1.263860920E+01-1.278995079E+01-1.293662361E+01
-1.307768705E+01-1.321239641E+01-1.334010084E+01-1.346015330E+01-1.357193728E+01
-1.367487066E+01-1.376839945E+01-1.385199770E+01-1.392516931E+01-1.398744978E+01
-1.403840763E+01-1.407764607E+01-1.410480478E+01-1.411956156E+01-1.412163404E+01
-1.411078117E+01-1.408680461E+01-1.404955076E+01-1.399891220E+01-1.393482996E+01
-1.385729564E+01-1.376635396E+01-1.366210512E+01-1.354470615E+01-1.341437120E+01
-1.327137071E+01-1.311602553E+01-1.294867792E+01-1.276957497E+01-1.257838867E+01
-1.237519873E+01-1.216091492E+01-1.193724802E+01-1.170723710E+01-1.147073965E+01
-1.122757931E+01-1.097754500E+01-1.072039377E+01-1.045585274E+01-1.018361897E+01
-9.903358755E+00-9.614705875E+00-9.317259758E+00-9.010582798E+00-8.694197476E+00
-8.367582737E+00-8.030170011E+00-7.681338208E+00-7.320407732E+00-6.946633859E+00
-6.559198187E+00-6.157199026E+00-5.739639812E+00-5.305414886E+00-4.853293257E+00
-4.381898396E+00-3.889684482E+00-3.374907347E+00-2.835589760E+00-2.269478907E+00
-1.673994645E+00-1.046165908E+00-3.825521108E-01 3.208546817E-01 1.068751874E+00
 1.866677621E+00 2.721191162E+00 3.640064072E+00 4.632419252E+00 5.708553866E+00
 6.763755714E+00-6.831778903E+00-7.023284886E+00-7.170663308E+00-7.272383312E+00
-7.334869295E+00-7.382868815E+00-7.424525691E+00-7.462650072E+00-7.499455564E+00
-7.536568291E+00-7.575150609E+00-7.616034708E+00-7.659822175E+00-7.706951878E+00
-7.757746064E+00-7.812441245E+00-7.871209833E+00-7.934175699E+00-8.001424890E+00
-8.073014143E+00-8.148976748E+00-8.229327441E+00-8.314065750E+00-8.403178752E+00
-8.496643200E+00-8.594427103E+00-8.696490668E+00-8.802787364E+00-8.913264279E+00
-9.027862469E+00-9.146517086E+00-9.269157249E+00-9.395705775E+00-9.526078863E+00
-9.660185539E+00-9.797927108E+00-9.939196208E+00-1.008387630E+01-1.023184035E+01
-1.038295003E+01-1.053705426E+01-1.069398798E+01-1.085357042E+01-1.101560394E+01
-1.117987281E+01-1.134614312E+01-1.151416326E+01-1.168366100E+01-1.185435174E+01
-1.202588689E+01-1.219812914E+01-1.236959750E+01-1.254000426E+01-1.270852162E+01
-1.287417108E+01-1.303591773E+01-1.319277375E+01-1.334402464E+01-1.348894511E+01
-1.362684100E+01-1.375705062E+01-1.387893720E+01-1.399188980E+01-1.409532489E+01
-1.418868670E+01-1.427144820E+01-1.434311235E+01-1.440321357E+01-1.445131951E+01
-1.448703242E+01-1.450999122E+01-1.451987325E+01-1.451639611E+01-1.449931958E+01
-1.446844742E+01-1.442362962E+01-1.436476435E+01-1.429180014E+01-1.420473830E+01
-1.410363494E+01-1.398860343E+01-1.385981683E+01-1.371750976E+01-1.356198003E+01
-1.339358815E+01-1.321275120E+01-1.301992409E+01-1.281556178E+01-1.259931876E+01
-1.237118722E+01-1.213223768E+01-1.188462697E+01-1.163118364E+01-1.137172976E+01
-1.110603650E+01-1.083384828E+01-1.055488768E+01-1.026885426E+01-9.975422650E+00
-9.674239911E+00-9.364923597E+00-9.047059189E+00-8.720197456E+00-8.383851582E+00
-8.037493853E+00-7.680551524E+00-7.312402401E+00-6.932369410E+00-6.539714287E+00
-6.133630175E+00-5.713233193E+00-5.277552151E+00-4.825516648E+00-4.355943410E+00
-3.867519406E+00-3.358782364E+00-2.828097120E+00-2.273626813E+00-1.693297104E+00
-1.084750424E+00-4.452852375E-01 2.282285706E-01 9.394741322E-01 1.692881265E+00
 2.493942713E+00 3.349741437E+00 4.269782868E+00 5.266356231E+00 6.254931198E+00
-7.235334569E+00-7.443878037E+00-7.597361329E+00-7.693365136E+00-7.743588190E+00
-7.771471925E+00-7.791808582E+00-7.810572186E+00-7.830473717E+00-7.852949318E+00
-7.878848948E+00-7.908712652E+00-7.942898529E+00-7.981649279E+00-8.025130023E+00
-8.073451237E+00-8.126683683E+00-8.184868414E+00-8.248023987E+00-8.316151505E+00
-8.389238480E+00-8.467261743E+00-8.550189539E+00-8.637983140E+00-8.730598299E+00
-8.827985806E+00-8.930092356E+00-9.036860739E+00-9.148230204E+00-9.264136212E+00
-9.384510368E+00-9.509280138E+00-9.638368378E+00-9.771692703E+00-9.909164782E+00
-1.005068974E+01-1.019616498E+01-1.034547948E+01-1.049851248E+01-1.065513231E+01
-1.081519495E+01-1.097854192E+01-1.114499780E+01-1.131436705E+01-1.148643121E+01
-1.166094983E+01-1.183767697E+01-1.201630335E+01-1.219672613E+01-1.237758034E+01
-1.255863469E+01-1.273903652E+01-1.291771778E+01-1.309344351E+01-1.326524074E+01
-1.343232039E+01-1.359390286E+01-1.374925151E+01-1.389765494E+01-1.403842615E+01
-1.417090292E+01-1.429444777E+01-1.440844882E+01-1.451232073E+01-1.460550565E+01
-1.468747439E+01-1.475772777E+01-1.481579832E+01-1.486125178E+01-1.489368901E+01
-1.491274771E+01-1.491810447E+01-1.490947690E+01-1.488662571E+01-1.484935680E+01
-1.479752354E+01-1.473102920E+01-1.464982914E+01-1.455393297E+01-1.444340693E+01
-1.431837657E+01-1.417902913E+01-1.402561557E+01-1.385845263E+01-1.367792517E+01
-1.348448661E+01-1.327865389E+01-1.306098761E+01-1.283204602E+01-1.259151827E+01
-1.233933874E+01-1.207691416E+01-1.180705609E+01-1.153201694E+01-1.125146296E+01
-1.096510903E+01-1.067267599E+01-1.037387316E+01-1.006839102E+01-9.755897674E+00
-9.436036473E+00-9.108424579E+00-8.772650782E+00-8.428273692E+00-8.074819454E+00
-7.711779189E+00-7.338605917E+00-6.954711369E+00-6.559462043E+00-6.152174995E+00
-5.732113025E+00-5.298479244E+00-4.850411204E+00-4.386974395E+00-3.907154987E+00
-3.409851997E+00-2.893868876E+00-2.357904077E+00-1.800540591E+00-1.220233536E+00
-6.152943083E-01 1.613224565E-02 6.761053242E-01 1.366958120E+00 2.091445046E+00
 2.853096765E+00 3.657261698E+00 4.514962529E+00 5.373952590E+00-7.781868671E+00
-8.035050747E+00-8.208224430E+00-8.260372767E+00-8.206927565E+00-8.178460525E+00
-8.162221623E+00-8.153981788E+00-8.152708169E+00-8.157987822E+00-8.169611223E+00
-8.187450521E+00-8.211413797E+00-8.241425405E+00-8.277416673E+00-8.319321370E+00
-8.367073620E+00-8.420607115E+00-8.479854561E+00-8.544747995E+00-8.615218979E+00
-8.691198683E+00-8.772618277E+00-8.859409089E+00-8.951502563E+00-9.048830459E+00
-9.151324540E+00-9.258916603E+00-9.371538057E+00-9.489119399E+00-9.611590027E+00
-9.738877368E+00-9.870906247E+00-1.000759814E+01-1.014887016E+01-1.029463428E+01
-1.044479598E+01-1.059925357E+01-1.075789678E+01-1.092060591E+01-1.108725048E+01
-1.125768741E+01-1.143175743E+01-1.160927673E+01-1.179002006E+01-1.197368123E+01
-1.216022516E+01-1.234835147E+01-1.253798950E+01-1.272837300E+01-1.291835995E+01
-1.310658141E+01-1.329198020E+01-1.347370013E+01-1.365091590E+01-1.382284177E+01
-1.398871793E+01-1.414780950E+01-1.429940525E+01-1.444281740E+01-1.457738244E+01
-1.470246098E+01-1.481743879E+01-1.492172833E+01-1.501476920E+01-1.509602950E+01
-1.516500741E+01-1.522123290E+01-1.526426949E+01-1.529371612E+01-1.530920915E+01
-1.531042438E+01-1.529707951E+01-1.526893598E+01-1.522580175E+01-1.516753341E+01
-1.509403862E+01-1.500527847E+01-1.490127005E+01-1.478208910E+01-1.464787297E+01
-1.449882193E+01-1.433520122E+01-1.415734458E+01-1.396565555E+01-1.376060936E+01
-1.354275388E+01-1.331270392E+01-1.307111538E+01-1.281862046E+01-1.255482018E+01
-1.227967591E+01-1.199505550E+01-1.170553095E+01-1.141103797E+01-1.111141366E+01
-1.080643879E+01-1.049585835E+01-1.017939100E+01-9.856733007E+00-9.527559683E+00
-9.191525575E+00-8.848264113E+00-8.497386782E+00-8.138482174E+00-7.771114968E+00
-7.394824706E+00-7.009124530E+00-6.613500164E+00-6.207408606E+00-5.790277386E+00
-5.361503933E+00-4.920455731E+00-4.466471189E+00-3.998861844E+00-3.516916691E+00
-3.019908829E+00-2.507106643E+00-1.977790490E+00-1.431278192E+00-8.669637971E-01
-2.843775634E-01 3.167182165E-01 9.361675840E-01 1.573125732E+00 2.225454500E+00
 2.888280392E+00 3.550099511E+00 4.186172126E+00-8.170312017E+00-8.462955250E+00
-8.633335726E+00-8.677324326E+00-8.616007357E+00-8.552113797E+00-8.505605893E+00
-8.473053901E+00-8.452047458E+00-8.441063270E+00-8.439110369E+00-8.445512269E+00
-8.459783022E+00-8.481556056E+00-8.510542654E+00-8.546506540E+00-8.589248036E+00
-8.638594143E+00-8.694391675E+00-8.756503011E+00-8.824802940E+00-8.899176575E+00
-8.979517655E+00-9.065727249E+00-9.157713045E+00-9.255388127E+00-9.358670428E+00
-9.467481859E+00-9.581747599E+00-9.701395312E+00-9.826354277E+00-9.956554520E+00
-1.009192587E+01-1.023239678E+01-1.037789334E+01-1.052833793E+01-1.068364789E+01
-1.084373441E+01-1.100850152E+01-1.117784560E+01-1.135165609E+01-1.152981795E+01
-1.171221641E+01-1.189873930E+01-1.208929233E+01-1.228225928E+01-1.247802542E+01
-1.267604165E+01-1.287517513E+01-1.307403139E+01-1.327128856E+01-1.346604596E+01
-1.365742969E+01-1.384460731E+01-1.402677422E+01-1.420315024E+01-1.437297794E+01
-1.453552286E+01-1.469007308E+01-1.483593932E+01-1.497245660E+01-1.509898361E+01
-1.521490361E+01-1.531962591E+01-1.541258715E+01-1.549325257E+01-1.556111753E+01
-1.561570933E+01-1.565658917E+01-1.568335405E+01-1.569563888E+01-1.569311867E+01
-1.567551096E+01-1.564257810E+01-1.559412978E+01-1.553002544E+01-1.545017685E+01
-1.535455045E+01-1.524317034E+01-1.511612117E+01-1.497354997E+01-1.481566842E+01
-1.464275690E+01-1.445516511E+01-1.425331348E+01-1.403769711E+01-1.380888601E+01
-1.356752697E+01-1.331433713E+01-1.305007375E+01-1.277544739E+01-1.248991414E+01
-1.219386953E+01-1.189001667E+01-1.158208957E+01-1.126989569E+01-1.095320211E+01
-1.063175568E+01-1.030528853E+01-9.973519667E+00-9.636155245E+00-9.292888464E+00
-8.943399601E+00-8.587356125E+00-8.224412546E+00-7.854210960E+00-7.476381331E+00
-7.090542194E+00-6.696302001E+00-6.293260652E+00-5.881012138E+00-5.459147969E+00
-5.027262332E+00-4.584959068E+00-4.131861166E+00-3.667624197E+00-3.191954611E+00
-2.704634947E+00-2.205558871E+00-1.694780228E+00-1.172582514E+00-6.395789600E-01
-9.685944513E-02 4.537898983E-01 1.009555210E+00 1.566105263E+00 2.116946058E+00
 2.652873471E+00 3.162296705E+00-8.492041883E+00-8.798223516E+00-8.973497060E+00
-9.013159271E+00-8.942212581E+00-8.862696639E+00-8.799479682E+00-8.751080220E+00
-8.715792544E+00-8.692247096E+00-8.679377695E+00-8.676356327E+00-8.682532627E+00
-8.697386685E+00-8.720494368E+00-8.751503013E+00-8.790114250E+00-8.836071709E+00
-8.889152270E+00-8.949159924E+00-9.015920920E+00-9.089280379E+00-9.169099498E+00
-9.255253264E+00-9.347628994E+00-9.446124368E+00-9.550646563E+00-9.661110711E+00
-9.777438883E+00-9.899559015E+00-1.002740378E+01-1.016090946E+01-1.030001467E+01
-1.044465926E+01-1.059478251E+01-1.075032189E+01-1.091121085E+01-1.107737707E+01
-1.124874016E+01-1.142521006E+01-1.160668713E+01-1.179306870E+01-1.198427481E+01
-1.218021293E+01-1.237975628E+01-1.258277818E+01-1.278855366E+01-1.299576791E+01
-1.320278186E+01-1.340860659E+01-1.361230836E+01-1.381301111E+01-1.400986912E+01
-1.420206112E+01-1.438878763E+01-1.456927113E+01-1.474275543E+01-1.490850599E+01
-1.506581101E+01-1.521398025E+01-1.535234610E+01-1.548026497E+01-1.559711758E+01
-1.570231039E+01-1.579527719E+01-1.587548049E+01-1.594241291E+01-1.599559930E+01
-1.603459842E+01-1.605900537E+01-1.606845342E+01-1.606261674E+01-1.604121257E+01
-1.600400386E+01-1.595080191E+01-1.588146886E+01-1.579592030E+01-1.569412808E+01
-1.557612300E+01-1.544199737E+01-1.529190718E+01-1.512607558E+01-1.494479543E+01
-1.474843042E+01-1.453741965E+01-1.431227603E+01-1.407359039E+01-1.382203262E+01
-1.355835286E+01-1.328337317E+01-1.299794421E+01-1.270273329E+01-1.239704241E+01
-1.208199422E+01-1.176126529E+01-1.143727269E+01-1.110969842E+01-1.077827079E+01
-1.044273012E+01-1.010281700E+01-9.758268128E+00-9.408815433E+00-9.054185838E+00
-8.694102288E+00-8.328284299E+00-7.956449773E+00-7.578316336E+00-7.193604096E+00
-6.802038164E+00-6.403352911E+00-5.997296537E+00-5.583637689E+00-5.162173697E+00
-4.732741135E+00-4.295229683E+00-3.849600116E+00-3.395907486E+00-2.934331502E+00
-2.465216087E+00-1.989121158E+00-1.506890349E+00-1.019739321E+00-5.293694130E-01
-3.810969297E-02 4.509169268E-01 9.336268622E-01 1.404868413E+00 1.858478395E+00
 2.287607564E+00-8.769030190E+00-9.083131382E+00-9.265780696E+00-9.301007895E+00
-9.198011435E+00-9.110216495E+00-9.038506012E+00-8.981092166E+00-8.936933873E+00
-8.905066719E+00-8.884631407E+00-8.874881636E+00-8.875176106E+00-8.884965473E+00
-8.903777813E+00-8.931205975E+00-8.966896784E+00-9.010542296E+00-9.061872981E+00
-9.120651734E+00-9.186669778E+00-9.259742805E+00-9.339707938E+00-9.426421251E+00
-9.519755603E+00-9.619598825E+00-9.725852024E+00-9.838428129E+00-9.957250429E+00
-1.008225151E+01-1.021337180E+01-1.035055832E+01-1.049376350E+01-1.064294372E+01
-1.079805759E+01-1.095906412E+01-1.112592018E+01-1.129857718E+01-1.147697627E+01
-1.166104005E+01-1.185065736E+01-1.204564603E+01-1.224608741E+01-1.245107265E+01
-1.266041911E+01-1.287304659E+01-1.308739285E+01-1.330196759E+01-1.351578437E+01
-1.372792096E+01-1.393749244E+01-1.414363988E+01-1.434552586E+01-1.454233368E+01
-1.473326712E+01-1.491755008E+01-1.509442851E+01-1.526316797E+01-1.542305529E+01
-1.557339898E+01-1.571352944E+01-1.584280092E+01-1.596059199E+01-1.606630695E+01
-1.615937706E+01-1.623926237E+01-1.630545322E+01-1.635747205E+01-1.639487542E+01
-1.641725619E+01-1.642424589E+01-1.641551727E+01-1.639078697E+01-1.634981832E+01
-1.629242405E+01-1.621846888E+01-1.612787249E+01-1.602061182E+01-1.589672384E+01
-1.575630793E+01-1.559952937E+01-1.542662167E+01-1.523788833E+01-1.503370742E+01
-1.481453195E+01-1.458089378E+01-1.433340328E+01-1.407275158E+01-1.379971281E+01
-1.351514480E+01-1.321997608E+01-1.291513811E+01-1.260089367E+01-1.227665403E+01
-1.194473746E+01-1.161004221E+01-1.127251338E+01-1.093198240E+01-1.058824035E+01
-1.024106351E+01-9.890223252E+00-9.535489800E+00-9.176634836E+00-8.813433074E+00
-8.445664508E+00-8.073116620E+00-7.695587055E+00-7.312887130E+00-6.924845813E+00
-6.531314964E+00-6.132175517E+00-5.727345207E+00-5.316788259E+00-4.900527290E+00
-4.478658038E+00-4.051367768E+00-3.618957601E+00-3.181870751E+00-2.740726395E+00
-2.296361255E+00-1.849879109E+00-1.402708422E+00-9.566664316E-01-5.140247006E-01
-7.756576301E-02 3.493868655E-01 7.629902170E-01 1.158979901E+00 1.532855346E+00
-8.927476917E+00-9.247400093E+00-9.429501364E+00-9.469101718E+00-9.388806617E+00
-9.299226695E+00-9.223653591E+00-9.161728613E+00-9.112826930E+00-9.076289944E+00
-9.051467213E+00-9.037741194E+00-9.034540165E+00-9.041343543E+00-9.057682164E+00
-9.083135952E+00-9.117330734E+00-9.159934057E+00-9.210651375E+00-9.269222415E+00
-9.335417678E+00-9.409035359E+00-9.489898676E+00-9.577853380E+00-9.672765553E+00
-9.774519676E+00-9.883016898E+00-9.998173336E+00-1.011991886E+01-1.024819544E+01
-1.038295626E+01-1.052416421E+01-1.067179077E+01-1.082581493E+01-1.098622165E+01
-1.115300049E+01-1.132614348E+01-1.150564298E+01-1.169148954E+01-1.188367312E+01
-1.208220039E+01-1.228562803E+01-1.249475815E+01-1.270919496E+01-1.292761250E+01
-1.314814909E+01-1.336948588E+01-1.359059754E+01-1.381054200E+01-1.402841772E+01
-1.424334922E+01-1.445448209E+01-1.466098274E+01-1.486203670E+01-1.505685079E+01
-1.524465112E+01-1.542468299E+01-1.559621211E+01-1.575852410E+01-1.591092624E+01
-1.605274803E+01-1.618334187E+01-1.630208470E+01-1.640837939E+01-1.650165574E+01
-1.658137207E+01-1.664701681E+01-1.669811007E+01-1.673420595E+01-1.675489483E+01
-1.675980598E+01-1.674861022E+01-1.672102308E+01-1.667680754E+01-1.661577720E+01
-1.653779917E+01-1.644279677E+01-1.633075244E+01-1.620170979E+01-1.605577609E+01
-1.589312476E+01-1.571399813E+01-1.551871108E+01-1.530765312E+01-1.508129084E+01
-1.484017107E+01-1.458492223E+01-1.431625555E+01-1.403496587E+01-1.374193468E+01
-1.343813012E+01-1.312458512E+01-1.280228027E+01-1.247077860E+01-1.213054462E+01
-1.178532679E+01-1.143842318E+01-1.108950856E+01-1.073833235E+01-1.038467261E+01
-1.002832091E+01-9.669077983E+00-9.306753444E+00-8.941167359E+00-8.572152202E+00
-8.199555735E+00-7.823244157E+00-7.443106048E+00-7.059056937E+00-6.671044972E+00
-6.279057390E+00-5.883128389E+00-5.483348704E+00-5.079876840E+00-4.672952383E+00
-4.262912038E+00-3.850208251E+00-3.435430937E+00-3.019332426E+00-2.602855395E+00
-2.187163094E+00-1.773670369E+00-1.364072608E+00-9.603681106E-01-5.648673275E-01
-1.801809262E-01 1.908214900E-01 5.450873147E-01 8.794906023E-01-9.050270895E+00
-9.372576108E+00-9.556901504E+00-9.598225417E+00-9.523117893E+00-9.433495342E+00
-9.356836198E+00-9.293421457E+00-9.242832502E+00-9.204579994E+00-9.178143865E+00
-9.162998765E+00-9.158632701E+00-9.164559487E+00-9.180326031E+00-9.205516159E+00
-9.239751955E+00-9.282693324E+00-9.334036499E+00-9.393512066E+00-9.460882568E+00
-9.535940173E+00-9.618504354E+00-9.708419484E+00-9.805552985E+00-9.909793200E+00
-1.002104781E+01-1.013924221E+01-1.026431807E+01-1.039623210E+01-1.053495491E+01
-1.068046998E+01-1.083277276E+01-1.099186989E+01-1.115777855E+01-1.133052578E+01
-1.151014722E+01-1.169668382E+01-1.189017099E+01-1.209060512E+01-1.229665205E+01
-1.250901244E+01-1.272744361E+01-1.295058418E+01-1.317642977E+01-1.340368050E+01
-1.363129800E+01-1.385832108E+01-1.408382934E+01-1.430692917E+01-1.452674861E+01
-1.474243681E+01-1.495316237E+01-1.515811515E+01-1.535650252E+01-1.554755155E+01
-1.573050743E+01-1.590463540E+01-1.606922100E+01-1.622357052E+01-1.636701265E+01
-1.649889957E+01-1.661860824E+01-1.672554111E+01-1.681912734E+01-1.689882381E+01
-1.696411691E+01-1.701452447E+01-1.704959801E+01-1.706892510E+01-1.707213228E+01
-1.705888799E+01-1.702890601E+01-1.698194841E+01-1.691782917E+01-1.683641690E+01
-1.673763805E+01-1.662147965E+01-1.648799202E+01-1.633729074E+01-1.616955868E+01
-1.598504768E+01-1.578408170E+01-1.556706055E+01-1.533446319E+01-1.508684881E+01
-1.482486061E+01-1.454922662E+01-1.426075950E+01-1.396035742E+01-1.364900432E+01
-1.332776191E+01-1.299770990E+01-1.265965217E+01-1.231267532E+01-1.195884017E+01
-1.160372285E+01-1.124731466E+01-1.088948778E+01-1.053007662E+01-1.016890844E+01
-9.805815463E+00-9.440641021E+00-9.073243005E+00-8.703497308E+00-8.331300939E+00
-7.956575456E+00-7.579271137E+00-7.199371354E+00-6.816898132E+00-6.431918174E+00
-6.044550190E+00-5.654973053E+00-5.263435370E+00-4.870266520E+00-4.475888824E+00
-4.080831373E+00-3.685745152E+00-3.291419053E+00-2.898796328E+00-2.508990466E+00
-2.123298867E+00-1.743212289E+00-1.370417202E+00-1.006787879E+00-6.543649284E-01
-3.153178819E-01 8.109055447E-03 3.136662248E-01-9.149799238E+00-9.476266545E+00
-9.663744943E+00-9.704446939E+00-9.605148254E+00-9.515177571E+00-9.439368387E+00
-9.376736153E+00-9.326905003E+00-9.289436816E+00-9.263852380E+00-9.249656723E+00
-9.246358417E+00-9.253484042E+00-9.270587677E+00-9.297256656E+00-9.333114517E+00
-9.377821878E+00-9.431075717E+00-9.492608239E+00-9.562184664E+00-9.639601416E+00
-9.724683680E+00-9.817283434E+00-9.917277436E+00-1.002456522E+01-1.013906759E+01
-1.026072514E+01-1.038949669E+01-1.052535848E+01-1.066830287E+01-1.081833771E+01
-1.097548564E+01-1.113978390E+01-1.131128485E+01-1.149005772E+01-1.167619394E+01
-1.186982098E+01-1.207113772E+01-1.227849961E+01-1.249285553E+01-1.271407845E+01
-1.294083961E+01-1.317105418E+01-1.340332741E+01-1.363659814E+01-1.386988944E+01
-1.410226562E+01-1.433281729E+01-1.456065649E+01-1.478491607E+01-1.500474863E+01
-1.521932755E+01-1.542784336E+01-1.562950540E+01-1.582354030E+01-1.600919432E+01
-1.618573234E+01-1.635243955E+01-1.650862283E+01-1.665361216E+01-1.678676124E+01
-1.690744767E+01-1.701507389E+01-1.710906854E+01-1.718888762E+01-1.725401611E+01
-1.730396991E+01-1.733829774E+01-1.735658402E+01-1.735845190E+01-1.734356668E+01
-1.731163932E+01-1.726243044E+01-1.719575360E+01-1.711147878E+01-1.700953551E+01
-1.688991510E+01-1.675267342E+01-1.659793330E+01-1.642588671E+01-1.623679649E+01
-1.603099694E+01-1.580889715E+01-1.557098522E+01-1.531783242E+01-1.505009347E+01
-1.476851047E+01-1.447391414E+01-1.416722063E+01-1.384943679E+01-1.352166104E+01
-1.318507187E+01-1.284082961E+01-1.248872487E+01-1.212896723E+01-1.176568939E+01
-1.140226144E+01-1.103838815E+01-1.067385190E+01-1.030847199E+01-9.942091657E+00
-9.574574892E+00-9.205806847E+00-8.835695958E+00-8.464176626E+00-8.091212328E+00
-7.716799477E+00-7.340971328E+00-6.963802857E+00-6.585416005E+00-6.205985703E+00
-5.825746614E+00-5.445000378E+00-5.064124007E+00-4.683578353E+00-4.303917487E+00
-3.925798143E+00-3.549988748E+00-3.177377928E+00-2.808981102E+00-2.445944422E+00
-2.089544577E+00-1.741183024E+00-1.402373201E+00-1.074719473E+00-7.598871777E-01
-4.595640315E-01-1.754142003E-01-9.153201125E+00-9.479416080E+00-9.666682786E+00
-9.710407135E+00-9.631696356E+00-9.544790459E+00-9.471582136E+00-9.411786292E+00
-9.364972452E+00-9.330644738E+00-9.308275712E+00-9.297332814E+00-9.297298064E+00
-9.307680902E+00-9.328026266E+00-9.357918731E+00-9.396984004E+00-9.444888572E+00
-9.501338240E+00-9.566075928E+00-9.638879583E+00-9.719559456E+00-9.807955904E+00
-9.903937057E+00-1.000739693E+01-1.011825350E+01-1.023644710E+01-1.036193906E+01
-1.049471065E+01-1.063476173E+01-1.078211013E+01-1.093679080E+01-1.109885516E+01
-1.126837008E+01-1.144541702E+01-1.163008936E+01-1.182248676E+01-1.202269926E+01
-1.223076367E+01-1.244598783E+01-1.266869685E+01-1.289784422E+01-1.313141202E+01
-1.336773573E+01-1.360572645E+01-1.384439046E+01-1.408277904E+01-1.431996940E+01
-1.455505951E+01-1.478716762E+01-1.501543134E+01-1.523900880E+01-1.545707486E+01
-1.566882247E+01-1.587346128E+01-1.607021961E+01-1.625834329E+01-1.643709783E+01
-1.660577027E+01-1.676367014E+01-1.691012973E+01-1.704450397E+01-1.716617148E+01
-1.727453589E+01-1.736902653E+01-1.744909950E+01-1.751423894E+01-1.756395855E+01
-1.759780430E+01-1.761535689E+01-1.761623545E+01-1.760010123E+01-1.756666181E+01
-1.751567508E+01-1.744695358E+01-1.736036788E+01-1.725584990E+01-1.713339559E+01
-1.699306691E+01-1.683499349E+01-1.665937481E+01-1.646648292E+01-1.625666351E+01
-1.603033621E+01-1.578799771E+01-1.553022716E+01-1.525769014E+01-1.497113972E+01
-1.467141771E+01-1.435945731E+01-1.403627724E+01-1.370298642E+01-1.336077617E+01
-1.301086195E+01-1.265419207E+01-1.228977350E+01-1.192011491E+01-1.155075864E+01
-1.118164983E+01-1.081266339E+01-1.044365840E+01-1.007450086E+01-9.705074017E+00
-9.335283720E+00-8.965062041E+00-8.594370132E+00-8.223201256E+00-7.851583938E+00
-7.479585551E+00-7.107316097E+00-6.734932543E+00-6.362643548E+00-5.990714267E+00
-5.619472029E+00-5.249311616E+00-4.880701089E+00-4.514187389E+00-4.150401494E+00
-3.790062782E+00-3.433982248E+00-3.083063906E+00-2.738303528E+00-2.400784251E+00
-2.071668106E+00-1.752182960E+00-1.443604408E+00-1.147232602E+00-8.643643862E-01
-5.962617185E-01-9.114535556E+00-9.438678073E+00-9.626283100E+00-9.672321090E+00
-9.603862185E+00-9.521388110E+00-9.452752657E+00-9.398088995E+00-9.356766737E+00
-9.328111013E+00-9.311453101E+00-9.306157728E+00-9.311638435E+00-9.327364122E+00
-9.352860698E+00-9.387709152E+00-9.431542440E+00-9.484041509E+00-9.544931193E+00
-9.613976398E+00-9.690978394E+00-9.775771823E+00-9.868221741E+00-9.968221299E+00
-1.007568949E+01-1.019056962E+01-1.031282761E+01-1.044245101E+01-1.057944778E+01
-1.072384561E+01-1.087569124E+01-1.103505009E+01-1.120200563E+01-1.137665931E+01
-1.155913062E+01-1.174955824E+01-1.194810570E+01-1.215497958E+01-1.236939531E+01
-1.259189985E+01-1.282190155E+01-1.305759486E+01-1.329684037E+01-1.353849459E+01
-1.378152719E+01-1.402496907E+01-1.426788237E+01-1.450935074E+01-1.474847833E+01
-1.498438810E+01-1.521622411E+01-1.544314653E+01-1.566433329E+01-1.587897823E+01
-1.608629316E+01-1.628550626E+01-1.647586474E+01-1.665663676E+01-1.682711289E+01
-1.698660543E+01-1.713444841E+01-1.726999907E+01-1.739263884E+01-1.750177374E+01
-1.759683476E+01-1.767727855E+01-1.774258863E+01-1.779227665E+01-1.782588540E+01
-1.784299184E+01-1.784321066E+01-1.782619871E+01-1.779165934E+01-1.773934722E+01
-1.766907272E+01-1.758070598E+01-1.747418085E+01-1.734949716E+01-1.720672266E+01
-1.704599436E+01-1.686751975E+01-1.667157824E+01-1.645852423E+01-1.622878832E+01
-1.598287670E+01-1.572137540E+01-1.544495716E+01-1.515438317E+01-1.485050616E+01
-1.453426961E+01-1.420670787E+01-1.386894650E+01-1.352220502E+01-1.316778282E+01
-1.280693127E+01-1.243919769E+01-1.206526165E+01-1.169023054E+01-1.131638587E+01
-1.094350194E+01-1.057139651E+01-1.019992225E+01-9.828963175E+00-9.458433985E+00
-9.088280388E+00-8.718480556E+00-8.349046861E+00-7.980028434E+00-7.611513765E+00
-7.243633700E+00-6.876564668E+00-6.510532032E+00-6.145813754E+00-5.782743861E+00
-5.421715951E+00-5.063186581E+00-4.707678069E+00-4.355780849E+00-4.008154702E+00
-3.665529065E+00-3.328701161E+00-2.998532655E+00-2.675943496E+00-2.361903153E+00
-2.057418775E+00-1.763520271E+00-1.481242405E+00-1.211604350E+00-9.555872397E-01
-9.047694934E+00-9.372179712E+00-9.560293935E+00-9.606939579E+00-9.520173550E+00
-9.442414498E+00-9.381143035E+00-9.334688595E+00-9.301985547E+00-9.282033466E+00
-9.273934011E+00-9.276904791E+00-9.290275429E+00-9.313476921E+00-9.346027927E+00
-9.387522439E+00-9.437618588E+00-9.496029510E+00-9.562515657E+00-9.636878811E+00
-9.718957200E+00-9.808621475E+00-9.905771721E+00-1.001033481E+01-1.012226241E+01
-1.024152952E+01-1.036813313E+01-1.050209131E+01-1.064344260E+01-1.079224558E+01
-1.094857857E+01-1.111253946E+01-1.128424564E+01-1.146383340E+01-1.165145615E+01
-1.184727950E+01-1.205146711E+01-1.226414289E+01-1.248491237E+01-1.271404929E+01
-1.295024613E+01-1.319115235E+01-1.343529266E+01-1.368157531E+01-1.392900092E+01
-1.417661269E+01-1.442347868E+01-1.466868821E+01-1.491134935E+01-1.515059206E+01
-1.538556272E+01-1.561542550E+01-1.583935944E+01-1.605656116E+01-1.626624287E+01
-1.646763432E+01-1.665998565E+01-1.684256929E+01-1.701467872E+01-1.717562844E+01
-1.732475579E+01-1.746142200E+01-1.758501231E+01-1.769493587E+01-1.779062606E+01
-1.787154008E+01-1.793716074E+01-1.798699780E+01-1.802059108E+01-1.803751383E+01
-1.803737660E+01-1.801983197E+01-1.798457916E+01-1.793136906E+01-1.786000915E+01
-1.777036820E+01-1.766238061E+01-1.753604885E+01-1.739144622E+01-1.722871657E+01
-1.704807515E+01-1.684980945E+01-1.663428042E+01-1.640192662E+01-1.615326399E+01
-1.588888576E+01-1.560946865E+01-1.531578047E+01-1.500867910E+01-1.468911529E+01
-1.435813338E+01-1.401686473E+01-1.366653331E+01-1.330844797E+01-1.294392744E+01
-1.257365553E+01-1.219683385E+01-1.181723681E+01-1.143953247E+01-1.106346844E+01
-1.068885225E+01-1.031553588E+01-9.943408182E+00-9.572391742E+00-9.202441917E+00
-8.833547637E+00-8.465733014E+00-8.099058840E+00-7.733625033E+00-7.369572681E+00
-7.007086369E+00-6.646396741E+00-6.287782584E+00-5.931573159E+00-5.578150008E+00
-5.227948728E+00-4.881459800E+00-4.539229140E+00-4.201857350E+00-3.869998271E+00
-3.544355782E+00-3.225679253E+00-2.914757169E+00-2.612408812E+00-2.319473997E+00
-2.036800859E+00-1.765231864E+00-1.505588394E+00-1.258654286E+00-8.881566384E+00
-9.199605685E+00-9.386128179E+00-9.436919764E+00-9.370487713E+00-9.303551390E+00
-9.254330455E+00-9.220707554E+00-9.200904362E+00-9.193467720E+00-9.197249533E+00
-9.211353430E+00-9.235078853E+00-9.267874607E+00-9.309303322E+00-9.359015605E+00
-9.416730815E+00-9.482223668E+00-9.555314031E+00-9.635859987E+00-9.723752203E+00
-9.818910188E+00-9.921279255E+00-1.003082844E+01-1.014754879E+01-1.027145240E+01
-1.040257152E+01-1.054095809E+01-1.068668367E+01-1.083983944E+01-1.100053657E+01
-1.116890686E+01-1.134510412E+01-1.152930623E+01-1.172171915E+01-1.192258521E+01
-1.213220140E+01-1.234973064E+01-1.257601243E+01-1.281064074E+01-1.305178178E+01
-1.329709316E+01-1.354538811E+01-1.379561426E+01-1.404678793E+01-1.429795934E+01
-1.454820145E+01-1.479660810E+01-1.504229286E+01-1.528438981E+01-1.552204906E+01
-1.575443682E+01-1.598073527E+01-1.620014237E+01-1.641187170E+01-1.661515604E+01
-1.680924988E+01-1.699342899E+01-1.716698937E+01-1.732924912E+01-1.747955017E+01
-1.761725841E+01-1.774176354E+01-1.785247830E+01-1.794883820E+01-1.803030121E+01
-1.809634936E+01-1.814649101E+01-1.818026367E+01-1.819723745E+01-1.819701941E+01
-1.817925824E+01-1.814364931E+01-1.808994005E+01-1.801793506E+01-1.792750116E+01
-1.781857192E+01-1.769115122E+01-1.754531583E+01-1.738121586E+01-1.719907373E+01
-1.699918427E+01-1.678191529E+01-1.654771024E+01-1.629709211E+01-1.603066126E+01
-1.574909839E+01-1.545317343E+01-1.514374806E+01-1.482177790E+01-1.448831049E+01
-1.414448239E+01-1.379151946E+01-1.343073268E+01-1.306347618E+01-1.269094130E+01
-1.231205368E+01-1.192918288E+01-1.154860539E+01-1.117013032E+01-1.079360966E+01
-1.041892341E+01-1.004597751E+01-9.674705531E+00-9.305070782E+00-8.937068894E+00
-8.570729575E+00-8.206118857E+00-7.843340676E+00-7.482538917E+00-7.123898796E+00
-6.767648751E+00-6.414061502E+00-6.063455434E+00-5.716195266E+00-5.372692563E+00
-5.033405419E+00-4.698837829E+00-4.369537718E+00-4.046094655E+00-3.729135964E+00
-3.419321758E+00-3.117338845E+00-2.823893093E+00-2.539700567E+00-2.265477392E+00
-2.001928573E+00-1.749735965E+00-1.509545754E+00-8.640284763E+00-8.945202982E+00
-9.129279257E+00-9.188088741E+00-9.146461927E+00-9.099405309E+00-9.070608064E+00
-9.056946226E+00-9.055800260E+00-9.065440226E+00-9.084714325E+00-9.112833982E+00
-9.149242842E+00-9.193537653E+00-9.245419927E+00-9.304665482E+00-9.371104941E+00
-9.444611241E+00-9.525090809E+00-9.612478046E+00-9.706731425E+00-9.807830694E+00
-9.915775223E+00-1.003058282E+01-1.015228895E+01-1.028094639E+01-1.041662518E+01
-1.055941261E+01-1.070941376E+01-1.086675187E+01-1.103156921E+01-1.120402804E+01
-1.138431182E+01-1.157262662E+01-1.176920270E+01-1.197429538E+01-1.218818328E+01
-1.241029737E+01-1.264132956E+01-1.288044324E+01-1.312546144E+01-1.337440759E+01
-1.362613513E+01-1.387961931E+01-1.413388857E+01-1.438799933E+01-1.464102984E+01
-1.489207781E+01-1.514026316E+01-1.538472261E+01-1.562461048E+01-1.585909526E+01
-1.608736217E+01-1.630861067E+01-1.652205705E+01-1.672693821E+01-1.692251267E+01
-1.710805881E+01-1.728287608E+01-1.744628710E+01-1.759763866E+01-1.773630174E+01
-1.786167050E+01-1.797316131E+01-1.807021121E+01-1.815227919E+01-1.821884745E+01
-1.826942352E+01-1.830354332E+01-1.832077477E+01-1.832072233E+01-1.830303165E+01
-1.826739493E+01-1.821355653E+01-1.814131841E+01-1.805054548E+01-1.794117013E+01
-1.781319641E+01-1.766670278E+01-1.750184328E+01-1.731884642E+01-1.711801311E+01
-1.689971703E+01-1.666440577E+01-1.641260574E+01-1.614492298E+01-1.586204142E+01
-1.556473127E+01-1.525385679E+01-1.493037480E+01-1.459533549E+01-1.424988209E+01
-1.389524552E+01-1.353274640E+01-1.316377368E+01-1.278962271E+01-1.240959181E+01
-1.202458191E+01-1.164190988E+01-1.126164573E+01-1.088373947E+01-1.050810678E+01
-1.013466571E+01-9.763353306E+00-9.394133628E+00-9.027001990E+00-8.661987785E+00
-8.299156178E+00-7.938609845E+00-7.580490109E+00-7.224978169E+00-6.872295920E+00
-6.522706785E+00-6.176516070E+00-5.834070960E+00-5.495760247E+00-5.162013224E+00
-4.833298310E+00-4.510120759E+00-4.193019395E+00-3.882562757E+00-3.579344210E+00
-3.283975921E+00-2.997082059E+00-2.719290941E+00-2.451226428E+00-2.193498595E+00
-1.946693961E+00-1.711365449E+00-8.324436531E+00-8.604599313E+00-8.784573144E+00
-8.861809408E+00-8.837085963E+00-8.828102310E+00-8.834016645E+00-8.849722554E+00
-8.873478827E+00-8.904481601E+00-8.942303357E+00-8.986696902E+00-9.037512166E+00
-9.094656285E+00-9.158072720E+00-9.227729834E+00-9.303614272E+00-9.385727332E+00
-9.474082844E+00-9.568706102E+00-9.669633354E+00-9.776911839E+00-9.890599908E+00
-1.001076745E+01-1.013749639E+01-1.027088127E+01-1.041103013E+01-1.055806519E+01
-1.071212371E+01-1.087335912E+01-1.104194208E+01-1.121806157E+01-1.140192635E+01
-1.159376612E+01-1.179383296E+01-1.200240247E+01-1.221977475E+01-1.244551200E+01
-1.268020509E+01-1.292275249E+01-1.317075368E+01-1.342252235E+01-1.367693061E+01
-1.393296389E+01-1.418965596E+01-1.444606716E+01-1.470128011E+01-1.495439659E+01
-1.520454134E+01-1.545085463E+01-1.569249412E+01-1.592863177E+01-1.615845551E+01
-1.638116729E+01-1.659598682E+01-1.680215526E+01-1.699893463E+01-1.718560649E+01
-1.736147409E+01-1.752586471E+01-1.767812981E+01-1.781764541E+01-1.794380984E+01
-1.805604202E+01-1.815378145E+01-1.823648845E+01-1.830364592E+01-1.835476141E+01
-1.838937031E+01-1.840703940E+01-1.840737193E+01-1.839001165E+01-1.835464821E+01
-1.830102370E+01-1.822893806E+01-1.813825441E+01-1.802890400E+01-1.790089029E+01
-1.775429205E+01-1.758926542E+01-1.740604238E+01-1.720492814E+01-1.698630021E+01
-1.675060914E+01-1.649838261E+01-1.623022895E+01-1.594683421E+01-1.564896806E+01
-1.533749413E+01-1.501336847E+01-1.467764282E+01-1.433146397E+01-1.397606652E+01
-1.361277922E+01-1.324301532E+01-1.286816979E+01-1.248823392E+01-1.210322930E+01
-1.171832140E+01-1.133655055E+01-1.095766029E+01-1.058147128E+01-1.020785513E+01
-9.836724625E+00-9.468029784E+00-9.101757010E+00-8.737929194E+00-8.376606065E+00
-8.017884979E+00-7.661901548E+00-7.308830310E+00-6.958884928E+00-6.612318660E+00
-6.269424241E+00-5.930533296E+00-5.596015742E+00-5.266278142E+00-4.941762081E+00
-4.622941257E+00-4.310318481E+00-4.004421311E+00-3.705797524E+00-3.415009293E+00
-3.132626854E+00-2.859221441E+00-2.595357578E+00-2.341584947E+00-2.098429921E+00
-1.866387040E+00-7.864974197E+00-8.086591272E+00-8.258427548E+00-8.378225333E+00
-8.456935916E+00-8.514889295E+00-8.565990006E+00-8.615959290E+00-8.667283907E+00
-8.721273409E+00-8.778720547E+00-8.840152838E+00-8.905946307E+00-8.976383841E+00
-9.051688124E+00-9.132041654E+00-9.217599822E+00-9.308499696E+00-9.404866607E+00
-9.506818593E+00-9.614470543E+00-9.727936755E+00-9.847333732E+00-9.972782074E+00
-1.010440857E+01-1.024234753E+01-1.038674264E+01-1.053774835E+01-1.069553132E+01
-1.086027180E+01-1.103216512E+01-1.121142327E+01-1.139827609E+01-1.159297301E+01
-1.179578448E+01-1.200700359E+01-1.222694813E+01-1.245521607E+01-1.269238047E+01
-1.293726342E+01-1.318739469E+01-1.344118052E+01-1.369750469E+01-1.395535797E+01
-1.421377790E+01-1.447182838E+01-1.472859587E+01-1.498318611E+01-1.523472800E+01
-1.548236550E+01-1.572525997E+01-1.596258713E+01-1.619353807E+01-1.641731813E+01
-1.663315069E+01-1.684028090E+01-1.703797449E+01-1.722551625E+01-1.740221344E+01
-1.756739747E+01-1.772042413E+01-1.786067350E+01-1.798754750E+01-1.810046800E+01
-1.819887677E+01-1.828223619E+01-1.835003054E+01-1.840176826E+01-1.843698510E+01
-1.845524762E+01-1.845616074E+01-1.843936788E+01-1.840455540E+01-1.835146460E+01
-1.827989406E+01-1.818970577E+01-1.808082997E+01-1.795326919E+01-1.780710171E+01
-1.764248353E+01-1.745964754E+01-1.725890094E+01-1.704062248E+01-1.680526347E+01
-1.655335071E+01-1.628549207E+01-1.600237325E+01-1.570476181E+01-1.539351769E+01
-1.506959420E+01-1.473404076E+01-1.438800138E+01-1.403270767E+01-1.366948424E+01
-1.329974094E+01-1.292488887E+01-1.254549119E+01-1.216081473E+01-1.177521502E+01
-1.139296543E+01-1.101383988E+01-1.063765757E+01-1.026428060E+01-9.893611033E+00
-9.525589406E+00-9.160193698E+00-8.797439196E+00-8.437378615E+00-8.080102378E+00
-7.725739003E+00-7.374455427E+00-7.026457036E+00-6.681987870E+00-6.341330105E+00
-6.004803547E+00-5.672764520E+00-5.345604338E+00-5.023747251E+00-4.707647731E+00
-4.397787078E+00-4.094669443E+00-3.798817202E+00-3.510765247E+00-3.231055096E+00
-2.960228106E+00-2.698818255E+00-2.447344529E+00-2.206303110E+00-1.976159480E+00
-7.520206267E+00-7.718884169E+00-7.886194106E+00-8.021010204E+00-8.127679735E+00
-8.218879477E+00-8.301292562E+00-8.378636858E+00-8.453635955E+00-8.528203828E+00
-8.603688324E+00-8.681061579E+00-8.761045584E+00-8.844193109E+00-8.930939439E+00
-9.021637353E+00-9.116580179E+00-9.216018770E+00-9.320173016E+00-9.429241092E+00
-9.543405813E+00-9.662840298E+00-9.787711836E+00-9.918185628E+00-1.005442747E+01
-1.019660645E+01-1.034489708E+01-1.049948131E+01-1.066055045E+01-1.082830705E+01
-1.100296660E+01-1.118475914E+01-1.137393115E+01-1.157074705E+01-1.177549046E+01
-1.198846520E+01-1.220999539E+01-1.243963845E+01-1.267804317E+01-1.292413985E+01
-1.317551169E+01-1.343048190E+01-1.368792886E+01-1.394684467E+01-1.420626967E+01
-1.446527113E+01-1.472293897E+01-1.497838260E+01-1.523073465E+01-1.547914315E+01
-1.572277332E+01-1.596080482E+01-1.619243281E+01-1.641686641E+01-1.663333291E+01
-1.684108126E+01-1.703938085E+01-1.722752009E+01-1.740480985E+01-1.757058499E+01
-1.772420464E+01-1.786505213E+01-1.799253265E+01-1.810607080E+01-1.820511115E+01
-1.828911848E+01-1.835757928E+01-1.841000380E+01-1.844592915E+01-1.846492316E+01
-1.846659361E+01-1.845058496E+01-1.841658209E+01-1.836432572E+01-1.829361460E+01
-1.820431016E+01-1.809634171E+01-1.796971077E+01-1.782449418E+01-1.766084628E+01
-1.747899866E+01-1.727925714E+01-1.706199888E+01-1.682767303E+01-1.657680361E+01
-1.630999508E+01-1.602792995E+01-1.573137142E+01-1.542117394E+01-1.509828526E+01
-1.476374888E+01-1.441870164E+01-1.406436746E+01-1.370206125E+01-1.333318214E+01
-1.295914090E+01-1.258077914E+01-1.219702982E+01-1.181182269E+01-1.143001996E+01
-1.105141775E+01-1.067584452E+01-1.030316310E+01-9.933272062E+00-9.566106069E+00
-9.201636282E+00-8.839870778E+00-8.480854908E+00-8.124671604E+00-7.771441943E+00
-7.421325331E+00-7.074519634E+00-6.731261324E+00-6.391825014E+00-6.056522944E+00
-5.725703874E+00-5.399751673E+00-5.079083300E+00-4.764146136E+00-4.455414782E+00
-4.153387048E+00-3.858579253E+00-3.571520907E+00-3.292748635E+00-3.022799471E+00
-2.762203663E+00-2.511477033E+00-2.271113131E+00-2.041575284E+00-7.241071647E+00
-7.429215695E+00-7.593427789E+00-7.732932474E+00-7.850288846E+00-7.957048956E+00
-8.057072942E+00-8.152283800E+00-8.244440549E+00-8.335040320E+00-8.425308152E+00
-8.516231508E+00-8.608605347E+00-8.703074436E+00-8.800168025E+00-8.900327032E+00
-9.003924960E+00-9.111284056E+00-9.222687601E+00-9.338389522E+00-9.458622156E+00
-9.583602160E+00-9.713535512E+00-9.848621653E+00-9.989056750E+00-1.013503685E+01
-1.028676038E+01-1.044443035E+01-1.060825681E+01-1.077845857E+01-1.095526557E+01
-1.113892055E+01-1.132968145E+01-1.152782345E+01-1.173364088E+01-1.194744812E+01
-1.216957660E+01-1.239940605E+01-1.263777236E+01-1.288390537E+01-1.313558948E+01
-1.339086874E+01-1.364860639E+01-1.390779114E+01-1.416746467E+01-1.442669697E+01
-1.468458079E+01-1.494022871E+01-1.519277673E+01-1.544137668E+01-1.568519805E+01
-1.592342461E+01-1.615525609E+01-1.637990624E+01-1.659660621E+01-1.680460841E+01
-1.700318601E+01-1.719163130E+01-1.736925816E+01-1.753540424E+01-1.768943109E+01
-1.783072450E+01-1.795869214E+01-1.807276164E+01-1.817238044E+01-1.825701639E+01
-1.832615899E+01-1.837932158E+01-1.841604445E+01-1.843589870E+01-1.843849042E+01
-1.842346561E+01-1.839051474E+01-1.833937979E+01-1.826985959E+01-1.818181541E+01
-1.807517574E+01-1.794994055E+01-1.780618457E+01-1.764405938E+01-1.746379269E+01
-1.726568580E+01-1.705011107E+01-1.681751264E+01-1.656840921E+01-1.630339965E+01
-1.602316012E+01-1.572844713E+01-1.542010799E+01-1.509908243E+01-1.476640517E+01
-1.442320340E+01-1.407069029E+01-1.371016886E+01-1.334302516E+01-1.297065942E+01
-1.259397895E+01-1.221182513E+01-1.182796124E+01-1.144745301E+01-1.107010236E+01
-1.069573915E+01-1.032422415E+01-9.955451342E+00-9.589348969E+00-9.225880987E+00
-8.865047511E+00-8.506885855E+00-8.151470876E+00-7.798915808E+00-7.449372613E+00
-7.103032535E+00-6.760125982E+00-6.420922876E+00-6.085731990E+00-5.754900392E+00
-5.428812223E+00-5.107886850E+00-4.792576575E+00-4.483363605E+00-4.180756230E+00
-3.885284125E+00-3.597492972E+00-3.317938263E+00-3.047178267E+00-2.785766387E+00
-2.534242943E+00-2.293126627E+00-2.062905771E+00-7.004658510E+00-7.186292388E+00
-7.348054796E+00-7.488874075E+00-7.609597466E+00-7.724409713E+00-7.834560835E+00
-7.941025844E+00-8.044873603E+00-8.147122423E+00-8.248696059E+00-8.350408143E+00
-8.452964041E+00-8.556971249E+00-8.662952908E+00-8.771362033E+00-8.882593797E+00
-8.996996883E+00-9.114882781E+00-9.236533787E+00-9.362209503E+00-9.492152351E+00
-9.626592266E+00-9.765750591E+00-9.909843434E+00-1.005908457E+01-1.021368818E+01
-1.037387092E+01-1.053985432E+01-1.071186679E+01-1.089014571E+01-1.107493952E+01
-1.126651039E+01-1.146513794E+01-1.167112460E+01-1.188480683E+01-1.210657855E+01
-1.233544835E+01-1.257252828E+01-1.281749912E+01-1.306847212E+01-1.332311299E+01
-1.358025765E+01-1.383887544E+01-1.409800317E+01-1.435671115E+01-1.461409365E+01
-1.486926602E+01-1.512136607E+01-1.536954969E+01-1.561299058E+01-1.585087678E+01
-1.608241304E+01-1.630681812E+01-1.652332740E+01-1.673119644E+01-1.692970205E+01
-1.711814056E+01-1.729582888E+01-1.746210672E+01-1.761633749E+01-1.775790831E+01
-1.788622862E+01-1.800072914E+01-1.810086041E+01-1.818609361E+01-1.825592188E+01
-1.830986237E+01-1.834745919E+01-1.836828704E+01-1.837195530E+01-1.835811306E+01
-1.832645429E+01-1.827672325E+01-1.820872043E+01-1.812230754E+01-1.801741262E+01
-1.789403404E+01-1.775224345E+01-1.759218829E+01-1.741409022E+01-1.721824283E+01
-1.700501086E+01-1.677483048E+01-1.652821303E+01-1.626574916E+01-1.598810592E+01
-1.569603090E+01-1.539036264E+01-1.507203064E+01-1.474205846E+01-1.440156164E+01
-1.405174057E+01-1.369388484E+01-1.332936545E+01-1.295956117E+01-1.258528523E+01
-1.220543671E+01-1.182383177E+01-1.144544428E+01-1.107006706E+01-1.069752126E+01
-1.032765898E+01-9.960365213E+00-9.595559193E+00-9.233195294E+00-8.873264022E+00
-8.515793034E+00-8.160847812E+00-7.808532606E+00-7.458991460E+00-7.112408683E+00
-6.769009679E+00-6.429061416E+00-6.092872547E+00-5.760793136E+00-5.433214259E+00
-5.110566627E+00-4.793318698E+00-4.481974270E+00-4.177068660E+00-3.879164437E+00
-3.588845714E+00-3.306711738E+00-3.033369175E+00-2.769423559E+00-2.515469896E+00
-2.272082644E+00-2.039805337E+00-6.792719066E+00-6.969417128E+00-7.128617759E+00
-7.269719412E+00-7.395178511E+00-7.514500708E+00-7.630631134E+00-7.744218065E+00
-7.855918916E+00-7.966405365E+00-8.076330848E+00-8.186309835E+00-8.296907507E+00
-8.408636529E+00-8.521958933E+00-8.637290423E+00-8.755005722E+00-8.875444493E+00
-8.998917004E+00-9.125709254E+00-9.256087700E+00-9.390303590E+00-9.528596316E+00
-9.671196912E+00-9.818330744E+00-9.970220140E+00-1.012708664E+01-1.028915290E+01
-1.045664482E+01-1.062979317E+01-1.080883513E+01-1.099401600E+01-1.118559018E+01
-1.138382185E+01-1.158898376E+01-1.180135207E+01-1.202118936E+01-1.224869859E+01
-1.248355995E+01-1.272618445E+01-1.297522985E+01-1.322825555E+01-1.348388967E+01
-1.374106908E+01-1.399882067E+01-1.425621374E+01-1.451234339E+01-1.476632759E+01
-1.501730461E+01-1.526443477E+01-1.550689475E+01-1.574387795E+01-1.597459325E+01
-1.619826555E+01-1.641413475E+01-1.662145948E+01-1.681951972E+01-1.700761602E+01
-1.718506853E+01-1.735121887E+01-1.750543192E+01-1.764709548E+01-1.777562067E+01
-1.789044000E+01-1.799100754E+01-1.807679805E+01-1.814730882E+01-1.820206161E+01
-1.824060512E+01-1.826251884E+01-1.826741688E+01-1.825495270E+01-1.822482423E+01
-1.817677905E+01-1.811061980E+01-1.802620937E+01-1.792347535E+01-1.780241403E+01
-1.766309365E+01-1.750565515E+01-1.733031179E+01-1.713734737E+01-1.692711631E+01
-1.670004465E+01-1.645663441E+01-1.619746519E+01-1.592319208E+01-1.563455204E+01
-1.533237302E+01-1.501757217E+01-1.469115920E+01-1.435423577E+01-1.400798757E+01
-1.365369003E+01-1.329269837E+01-1.292636126E+01-1.255519408E+01-1.217837023E+01
-1.179997144E+01-1.142455986E+01-1.105190536E+01-1.068181145E+01-1.031411585E+01
-9.948690790E+00-9.585443325E+00-9.224315931E+00-8.865287098E+00-8.508372388E+00
-8.153625541E+00-7.801139697E+00-7.451048774E+00-7.103528768E+00-6.758799055E+00
-6.417123727E+00-6.078812462E+00-5.744221312E+00-5.413753013E+00-5.087856719E+00
-4.767026968E+00-4.451801913E+00-4.142760290E+00-3.840517326E+00-3.545719236E+00
-3.259036127E+00-2.981153556E+00-2.712762510E+00-2.454548093E+00-2.207177087E+00
-1.971284831E+00-6.604165109E+00-6.777042944E+00-6.933945379E+00-7.074338831E+00
-7.200333522E+00-7.321952654E+00-7.441636418E+00-7.559760130E+00-7.676733779E+00
-7.792997375E+00-7.909000739E+00-8.025187940E+00-8.141987011E+00-8.259803606E+00
-8.379018282E+00-8.499986066E+00-8.623037675E+00-8.748481487E+00-8.876606219E+00
-9.007683725E+00-9.141971598E+00-9.279715886E+00-9.421153535E+00-9.566514757E+00
-9.716024873E+00-9.869906452E+00-1.002838099E+01-1.019167048E+01-1.035999888E+01
-1.053359363E+01-1.071268673E+01-1.089751608E+01-1.108832655E+01-1.128537100E+01
-1.148891167E+01-1.169922298E+01-1.191659881E+01-1.214137523E+01-1.237280590E+01
-1.261164776E+01-1.285726543E+01-1.310765461E+01-1.336081509E+01-1.361564126E+01
-1.387114545E+01-1.412639421E+01-1.438048341E+01-1.463253198E+01-1.488167953E+01
-1.512708818E+01-1.536793802E+01-1.560342721E+01-1.583276894E+01-1.605519362E+01
-1.626994691E+01-1.647629143E+01-1.667350963E+01-1.686090537E+01-1.703780271E+01
-1.720354586E+01-1.735750100E+01-1.749905704E+01-1.762762580E+01-1.774264167E+01
-1.784356123E+01-1.792986346E+01-1.800105005E+01-1.805664779E+01-1.809621087E+01
-1.811932438E+01-1.812560801E+01-1.811472055E+01-1.808636457E+01-1.804029167E+01
-1.797630718E+01-1.789427520E+01-1.779412278E+01-1.767584399E+01-1.753950164E+01
-1.738522895E+01-1.721322850E+01-1.702377241E+01-1.681720301E+01-1.659393479E+01
-1.635445824E+01-1.609933887E+01-1.582921796E+01-1.554482012E+01-1.524695948E+01
-1.493653913E+01-1.461455147E+01-1.428207980E+01-1.394029289E+01-1.359044956E+01
-1.323388707E+01-1.287191603E+01-1.250448365E+01-1.213140624E+01-1.175726316E+01
-1.138575824E+01-1.101663230E+01-1.064966960E+01-1.028469350E+01-9.921563087E+00
-9.560172349E+00-9.200449774E+00-8.842359352E+00-8.485901357E+00-8.131114126E+00
-7.778075747E+00-7.426905955E+00-7.077768533E+00-6.730873320E+00-6.386478501E+00
-6.044893042E+00-5.706478473E+00-5.371650848E+00-5.040881697E+00-4.714698813E+00
-4.393685579E+00-4.078479239E+00-3.769767723E+00-3.468284352E+00-3.174800608E+00
-2.890116557E+00-2.615048946E+00-2.350417050E+00-2.097026576E+00-1.855652135E+00
-6.432977107E+00-6.602237502E+00-6.757290144E+00-6.896135955E+00-7.019902384E+00
-7.142545542E+00-7.264305762E+00-7.385324884E+00-7.505854864E+00-7.626177486E+00
-7.746592460E+00-7.867407887E+00-7.988933170E+00-8.111473456E+00-8.235326130E+00
-8.360778846E+00-8.488108541E+00-8.617581395E+00-8.749453426E+00-8.883971233E+00
-9.021373260E+00-9.161891017E+00-9.305750300E+00-9.453172534E+00-9.604375990E+00
-9.759576970E+00-9.918991027E+00-1.008283399E+01-1.025132303E+01-1.042467767E+01
-1.060312057E+01-1.078687850E+01-1.097618297E+01-1.117127085E+01-1.137238442E+01
-1.157977029E+01-1.179367505E+01-1.201433173E+01-1.224191857E+01-1.247593577E+01
-1.271674467E+01-1.296308563E+01-1.321267910E+01-1.346416130E+01-1.371649432E+01
-1.396872676E+01-1.421994940E+01-1.446927961E+01-1.471585814E+01-1.495884610E+01
-1.519742761E+01-1.543080327E+01-1.565819201E+01-1.587882824E+01-1.609196400E+01
-1.629686694E+01-1.649282299E+01-1.667913824E+01-1.685514008E+01-1.702017633E+01
-1.717361542E+01-1.731484756E+01-1.744328583E+01-1.755836611E+01-1.765954733E+01
-1.774631198E+01-1.781816639E+01-1.787464281E+01-1.791530143E+01-1.793973339E+01
-1.794756458E+01-1.793845966E+01-1.791212640E+01-1.786832065E+01-1.780685058E+01
-1.772758151E+01-1.763043977E+01-1.751541548E+01-1.738256513E+01-1.723201192E+01
-1.706394689E+01-1.687862954E+01-1.667638897E+01-1.645762727E+01-1.622282048E+01
-1.597251731E+01-1.570734400E+01-1.542801152E+01-1.513531635E+01-1.483014389E+01
-1.451346635E+01-1.418634154E+01-1.384991396E+01-1.350541508E+01-1.315414352E+01
-1.279731419E+01-1.243425584E+01-1.206571056E+01-1.169703219E+01-1.133045955E+01
-1.096572661E+01-1.060261696E+01-1.024095031E+01-9.880577889E+00-9.521381530E+00
-9.163274560E+00-8.806202883E+00-8.450147115E+00-8.095124552E+00-7.741191969E+00
-7.388448218E+00-7.037037539E+00-6.687152989E+00-6.339039907E+00-5.992999973E+00
-5.649394871E+00-5.308650232E+00-4.971258978E+00-4.637784322E+00-4.308861616E+00
-3.985198824E+00-3.667575240E+00-3.356837485E+00-3.053892687E+00-2.759698018E+00
-2.475246510E+00-2.201548987E+00-1.939612538E+00-1.690416142E+00-6.267569956E+00
-6.433744486E+00-6.586037133E+00-6.723950956E+00-6.849777531E+00-6.972922556E+00
-7.095857582E+00-7.218739223E+00-7.341708724E+00-7.464930026E+00-7.588586137E+00
-7.712874803E+00-7.838004563E+00-7.964191208E+00-8.091654781E+00-8.220617258E+00
-8.351300654E+00-8.483925919E+00-8.618712035E+00-8.755875618E+00-8.895630763E+00
-9.038189242E+00-9.183760579E+00-9.332552606E+00-9.484771852E+00-9.640624062E+00
-9.800314701E+00-9.964049670E+00-1.013203574E+01-1.030448116E+01-1.048159631E+01
-1.066359412E+01-1.085069101E+01-1.104310747E+01-1.124106957E+01-1.144481137E+01
-1.165458035E+01-1.187065010E+01-1.209335290E+01-1.232146013E+01-1.255594510E+01
-1.279646206E+01-1.304134186E+01-1.328844613E+01-1.353664811E+01-1.378495772E+01
-1.403245307E+01-1.427824866E+01-1.452148425E+01-1.476132247E+01-1.499694688E+01
-1.522756262E+01-1.545239167E+01-1.567067412E+01-1.588166629E+01-1.608464225E+01
-1.627889262E+01-1.646372678E+01-1.663847427E+01-1.680248606E+01-1.695513405E+01
-1.709581109E+01-1.722393204E+01-1.733893482E+01-1.744028077E+01-1.752745557E+01
-1.759996995E+01-1.765736150E+01-1.769919634E+01-1.772507209E+01-1.773462097E+01
-1.772751370E+01-1.770346351E+01-1.766223038E+01-1.760362514E+01-1.752751380E+01
-1.743382060E+01-1.732253076E+01-1.719369275E+01-1.704741963E+01-1.688389021E+01
-1.670335076E+01-1.650611735E+01-1.629257743E+01-1.606318937E+01-1.581848479E+01
-1.555907433E+01-1.528565224E+01-1.499899576E+01-1.469996760E+01-1.438951651E+01
-1.406867049E+01-1.373854091E+01-1.340031530E+01-1.305520837E+01-1.270426139E+01
-1.234631095E+01-1.198314031E+01-1.162127777E+01-1.126067446E+01-1.090118974E+01
-1.054265533E+01-1.018490421E+01-9.827783602E+00-9.471161746E+00-9.114932385E+00
-8.759017745E+00-8.403371453E+00-8.047981808E+00-7.692874891E+00-7.338118352E+00
-6.983825857E+00-6.630161425E+00-6.277344982E+00-5.925658075E+00-5.575450019E+00
-5.227144550E+00-4.881246532E+00-4.538348449E+00-4.199136282E+00-3.864394177E+00
-3.535006958E+00-3.211959436E+00-2.896331686E+00-2.589288884E+00-2.292064959E+00
-2.005939536E+00-1.732208315E+00-1.472147989E+00-6.112984195E+00-6.276022862E+00
-6.425943007E+00-6.562276684E+00-6.687197786E+00-6.810311725E+00-6.933914411E+00
-7.058065298E+00-7.182808315E+00-7.308205754E+00-7.434339722E+00-7.561312065E+00
-7.689243229E+00-7.818269966E+00-7.948543058E+00-8.080224594E+00-8.213485645E+00
-8.348504137E+00-8.485463041E+00-8.624548872E+00-8.765950550E+00-8.909858649E+00
-9.056464807E+00-9.205961134E+00-9.358540332E+00-9.514395300E+00-9.673719250E+00
-9.836705871E+00-1.000354932E+01-1.017444447E+01-1.034958705E+01-1.052917390E+01
-1.071340308E+01-1.090247416E+01-1.109658825E+01-1.129594803E+01-1.150075681E+01
-1.171121540E+01-1.192751157E+01-1.214978779E+01-1.237731648E+01-1.261061676E+01
-1.284897985E+01-1.309061252E+01-1.333367565E+01-1.357711662E+01-1.381998745E+01
-1.406139566E+01-1.430048058E+01-1.453640532E+01-1.476835508E+01-1.499553536E+01
-1.521717285E+01-1.543251110E+01-1.564081199E+01-1.584135383E+01-1.603343343E+01
-1.621636504E+01-1.638948167E+01-1.655213667E+01-1.670370476E+01-1.684358248E+01
-1.697118801E+01-1.708596204E+01-1.718736890E+01-1.727489773E+01-1.734806358E+01
-1.740640895E+01-1.744950563E+01-1.747695731E+01-1.748840247E+01-1.748351760E+01
-1.746202095E+01-1.742367617E+01-1.736829603E+01-1.729574611E+01-1.720594752E+01
-1.709887990E+01-1.697458335E+01-1.683316032E+01-1.667477758E+01-1.649966868E+01
-1.630813520E+01-1.610054697E+01-1.587734431E+01-1.563904178E+01-1.538623392E+01
-1.511959409E+01-1.483987936E+01-1.454792877E+01-1.424466315E+01-1.393108494E+01
-1.360827853E+01-1.327739957E+01-1.293959487E+01-1.259535552E+01-1.224374638E+01
-1.188793174E+01-1.153313738E+01-1.117907879E+01-1.082551050E+01-1.047221173E+01
-1.011898187E+01-9.765640392E+00-9.412027770E+00-9.058007405E+00-8.703468152E+00
-8.348326722E+00-7.992531186E+00-7.636064720E+00-7.278949744E+00-6.921253392E+00
-6.563093272E+00-6.204644356E+00-5.846147058E+00-5.487916059E+00-5.130350474E+00
-4.773944762E+00-4.419300668E+00-4.067139158E+00-3.718312021E+00-3.373811910E+00
-3.034778974E+00-2.702502311E+00-2.378413566E+00-2.064070368E+00-1.761127647E+00
-1.471296304E+00-1.196290582E+00-5.967133636E+00-6.125741821E+00-6.274331926E+00
-6.407893987E+00-6.529404653E+00-6.652274119E+00-6.776384307E+00-6.901591408E+00
-7.027831478E+00-7.155061098E+00-7.283263131E+00-7.412449514E+00-7.542660986E+00
-7.673964959E+00-7.806452445E+00-7.940234629E+00-8.075439283E+00-8.212207613E+00
-8.350691621E+00-8.491051466E+00-8.633453687E+00-8.778069514E+00-8.925073604E+00
-9.074643017E+00-9.226956585E+00-9.382194128E+00-9.540536131E+00-9.702163321E+00
-9.867256539E+00-1.003599643E+01-1.020856325E+01-1.038513685E+01-1.056589618E+01
-1.075101925E+01-1.094068246E+01-1.113505986E+01-1.133432193E+01-1.153863337E+01
-1.174815059E+01-1.196301984E+01-1.218338469E+01-1.240855305E+01-1.263878536E+01
-1.287318870E+01-1.310998436E+01-1.334753787E+01-1.358483525E+01-1.382096077E+01
-1.405504805E+01-1.428626033E+01-1.451378355E+01-1.473682518E+01-1.495461210E+01
-1.516639253E+01-1.537143167E+01-1.556901353E+01-1.575843911E+01-1.593902836E+01
-1.611011948E+01-1.627106995E+01-1.642125769E+01-1.656008203E+01-1.668696482E+01
-1.680135081E+01-1.690270838E+01-1.699053070E+01-1.706433714E+01-1.712367501E+01
-1.716812147E+01-1.719728572E+01-1.721081167E+01-1.720838093E+01-1.718971587E+01
-1.715458287E+01-1.710279575E+01-1.703421880E+01-1.694876946E+01-1.684642123E+01
-1.672720581E+01-1.659121557E+01-1.643860572E+01-1.626959571E+01-1.608447011E+01
-1.588358117E+01-1.566735170E+01-1.543627995E+01-1.519093943E+01-1.493198320E+01
-1.466014275E+01-1.437623184E+01-1.408114145E+01-1.377584582E+01-1.346140225E+01
-1.313892944E+01-1.280948169E+01-1.247249558E+01-1.212834760E+01-1.178126134E+01
-1.143461300E+01-1.108803161E+01-1.074121960E+01-1.039391933E+01-1.004589872E+01
-9.696945761E+00-9.346867170E+00-8.995488484E+00-8.642655966E+00-8.288238930E+00
-7.932132692E+00-7.574262708E+00-7.214589146E+00-6.853112439E+00-6.489880497E+00
-6.124996584E+00-5.758629410E+00-5.391024784E+00-5.022519414E+00-4.653557052E+00
-4.284706939E+00-3.916684674E+00-3.550374687E+00-3.186853318E+00-2.827410352E+00
-2.473565578E+00-2.127075436E+00-1.789923663E+00-1.464289779E+00-1.152491421E+00
-8.569012045E-01-5.815860877E+00-5.972145926E+00-6.117026398E+00-6.250082139E+00
-6.373438304E+00-6.496503151E+00-6.621363500E+00-6.747827436E+00-6.875687208E+00
-7.004772650E+00-7.134960601E+00-7.266176674E+00-7.398391833E+00-7.531617030E+00
-7.665897338E+00-7.801306080E+00-7.937939625E+00-8.075912743E+00-8.215354901E+00
-8.356407030E+00-8.499218727E+00-8.643946291E+00-8.790750824E+00-8.939796818E+00
-9.091251089E+00-9.245281715E+00-9.402057324E+00-9.561746505E+00-9.724517257E+00
-9.890536318E+00-1.005996912E+01-1.023297887E+01-1.040972653E+01-1.059036991E+01
-1.077506330E+01-1.096395648E+01-1.115719394E+01-1.135491374E+01-1.155724663E+01
-1.176431546E+01-1.197623599E+01-1.219311661E+01-1.241418178E+01-1.263956152E+01
-1.286834480E+01-1.309887138E+01-1.332957112E+01-1.355946506E+01-1.378766464E+01
-1.401332723E+01-1.423563824E+01-1.445380517E+01-1.466705669E+01-1.487464086E+01
-1.507582704E+01-1.526990287E+01-1.545617451E+01-1.563396677E+01-1.580262286E+01
-1.596150589E+01-1.610999864E+01-1.624750460E+01-1.637344946E+01-1.648728169E+01
-1.658847402E+01-1.667652426E+01-1.675095664E+01-1.681132346E+01-1.685720677E+01
-1.688822077E+01-1.690401407E+01-1.690427233E+01-1.688872102E+01-1.685712844E+01
-1.680930839E+01-1.674512319E+01-1.666448646E+01-1.656736561E+01-1.645378423E+01
-1.632382436E+01-1.617762804E+01-1.601539938E+01-1.583740674E+01-1.564398564E+01
-1.543554252E+01-1.521255471E+01-1.497557501E+01-1.472523082E+01-1.446222829E+01
-1.418734749E+01-1.390144719E+01-1.360546275E+01-1.330039481E+01-1.298724220E+01
-1.266666720E+01-1.233760254E+01-1.200181799E+01-1.166537606E+01-1.132824263E+01
-1.099023919E+01-1.065113659E+01-1.031069166E+01-9.968661073E+00-9.624807560E+00
-9.278902686E+00-8.930729205E+00-8.580082989E+00-8.226775435E+00-7.870636417E+00
-7.511517832E+00-7.149298253E+00-6.783888519E+00-6.415238790E+00-6.043347253E+00
-5.668271117E+00-5.290140202E+00-4.909173685E+00-4.525700944E+00-4.140187088E+00
-3.753263956E+00-3.365767279E+00-2.978779939E+00-2.593680057E+00-2.212190217E+00
-1.836419961E+00-1.468888173E+00-1.112506522E+00-7.705051457E-01-4.462924628E-01
-5.667330973E+00-5.819514288E+00-5.961648949E+00-6.093357197E+00-6.216709501E+00
-6.340677575E+00-6.467124491E+00-6.595592351E+00-6.725659740E+00-6.857004294E+00
-6.989399665E+00-7.122702242E+00-7.256836261E+00-7.391780092E+00-7.527555206E+00
-7.664216646E+00-7.801846164E+00-7.940546238E+00-8.080435459E+00-8.221644790E+00
-8.364314690E+00-8.508592629E+00-8.654631044E+00-8.802585798E+00-8.952614763E+00
-9.104876837E+00-9.259530798E+00-9.416734716E+00-9.576645124E+00-9.739416388E+00
-9.905200078E+00-1.007414457E+01-1.024639418E+01-1.042208867E+01-1.060136261E+01
-1.078434461E+01-1.097115661E+01-1.116191295E+01-1.135671980E+01-1.155567448E+01
-1.175886485E+01-1.196636826E+01-1.217824955E+01-1.239359415E+01-1.261248649E+01
-1.283413978E+01-1.305708819E+01-1.327971582E+01-1.350108235E+01-1.372031759E+01
-1.393659603E+01-1.414912177E+01-1.435712243E+01-1.455984742E+01-1.475656687E+01
-1.494657092E+01-1.512917078E+01-1.530369551E+01-1.546949417E+01-1.562593496E+01
-1.577240582E+01-1.590831604E+01-1.603309629E+01-1.614619983E+01-1.624710391E+01
-1.633531097E+01-1.641034994E+01-1.647177790E+01-1.651918174E+01-1.655218024E+01
-1.657042602E+01-1.657360798E+01-1.656145399E+01-1.653373329E+01-1.649025916E+01
-1.643089167E+01-1.635554003E+01-1.626416512E+01-1.615678163E+01-1.603346041E+01
-1.589433050E+01-1.573958154E+01-1.556946701E+01-1.538430596E+01-1.518448445E+01
-1.497045989E+01-1.474275996E+01-1.450198730E+01-1.424881575E+01-1.398399502E+01
-1.370835098E+01-1.342278495E+01-1.312825102E+01-1.282564739E+01-1.251450422E+01
-1.219488382E+01-1.187014118E+01-1.154449724E+01-1.121754106E+01-1.088895226E+01
-1.055844110E+01-1.022572819E+01-9.890538209E+00-9.552598164E+00-9.211637656E+00
-8.867389559E+00-8.519591513E+00-8.167987187E+00-7.812328800E+00-7.452379561E+00
-7.087917457E+00-6.718739897E+00-6.344669623E+00-5.965562868E+00-5.581319242E+00
-5.191895485E+00-4.797322447E+00-4.397728097E+00-3.993367032E+00-3.584659326E+00
-3.172241542E+00-2.757033138E+00-2.340322064E+00-1.923871808E+00-1.510046593E+00
-1.101937137E+00-7.034415560E-01-3.192223393E-01 4.553967364E-02-5.516411901E+00
-5.662915345E+00-5.802553908E+00-5.933272448E+00-6.055702849E+00-6.182477251E+00
-6.312382631E+00-6.444364507E+00-6.577747773E+00-6.712096833E+00-6.847143496E+00
-6.982735365E+00-7.118801640E+00-7.255330186E+00-7.392351971E+00-7.529930428E+00
-7.668153574E+00-7.807128063E+00-7.946974930E+00-8.087825925E+00-8.229820877E+00
-8.373105286E+00-8.517828555E+00-8.664142410E+00-8.812199641E+00-8.962152842E+00
-9.114153738E+00-9.268352008E+00-9.424894689E+00-9.583925588E+00-9.745584415E+00
-9.910006192E+00-1.007732066E+01-1.024765161E+01-1.042111614E+01-1.059782397E+01
-1.077787688E+01-1.096136772E+01-1.114838002E+01-1.133898739E+01-1.153325297E+01
-1.173122937E+01-1.193295839E+01-1.213847115E+01-1.234661046E+01-1.255752482E+01
-1.277068591E+01-1.298483278E+01-1.319833109E+01-1.341021443E+01-1.361960675E+01
-1.382569502E+01-1.402770168E+01-1.422487564E+01-1.441648839E+01-1.460183313E+01
-1.478022334E+01-1.495099273E+01-1.511349573E+01-1.526710569E+01-1.541121653E+01
-1.554524311E+01-1.566862154E+01-1.578081062E+01-1.588129314E+01-1.596957659E+01
-1.604519480E+01-1.610770955E+01-1.615671213E+01-1.619182531E+01-1.621270520E+01
-1.621904347E+01-1.621056953E+01-1.618705296E+01-1.614830588E+01-1.609418525E+01
-1.602459543E+01-1.593949024E+01-1.583887550E+01-1.572281130E+01-1.559141470E+01
-1.544486177E+01-1.528338931E+01-1.510729815E+01-1.491695499E+01-1.471279315E+01
-1.449531639E+01-1.426509566E+01-1.402277402E+01-1.376906530E+01-1.350475341E+01
-1.323067612E+01-1.294765930E+01-1.265604458E+01-1.235492019E+01-1.204570907E+01
-1.173442091E+01-1.142105191E+01-1.110542116E+01-1.078727966E+01-1.046634956E+01
-1.014233852E+01-9.814944853E+00-9.483859682E+00-9.148767845E+00-8.809348438E+00
-8.465275155E+00-8.116217083E+00-7.761839407E+00-7.401804633E+00-7.035774439E+00
-6.663412279E+00-6.284387080E+00-5.898378251E+00-5.505083048E+00-5.104226229E+00
-4.695573997E+00-4.278952604E+00-3.854274853E+00-3.421576816E+00-2.981070196E+00
-2.533217677E+00-2.078843678E+00-1.619299992E+00-1.156715947E+00-6.943679744E-01
-2.371668766E-01 2.079290055E-01 6.321582940E-01-5.347423636E+00-5.484744619E+00
-5.620257138E+00-5.754035658E+00-5.885885034E+00-6.020626944E+00-6.157453427E+00
-6.295197793E+00-6.433299078E+00-6.571479476E+00-6.709609482E+00-6.847646112E+00
-6.985602013E+00-7.123528010E+00-7.261502626E+00-7.399624949E+00-7.538009790E+00
-7.676783816E+00-7.816082758E+00-7.956049004E+00-8.096829593E+00-8.238574517E+00
-8.381435424E+00-8.525564356E+00-8.671112566E+00-8.818229653E+00-8.967062734E+00
-9.117755615E+00-9.270448086E+00-9.425275246E+00-9.582366915E+00-9.741846847E+00
-9.903832137E+00-1.006843259E+01-1.023575001E+01-1.040587739E+01-1.057889832E+01
-1.075488613E+01-1.093390323E+01-1.111600056E+01-1.130121717E+01-1.148958071E+01
-1.168110974E+01-1.187581983E+01-1.207374048E+01-1.227325301E+01-1.247499952E+01
-1.267853413E+01-1.288276657E+01-1.308630921E+01-1.328791310E+01-1.348673217E+01
-1.368196989E+01-1.387287046E+01-1.405870690E+01-1.423877537E+01-1.441239312E+01
-1.457889813E+01-1.473764851E+01-1.488802257E+01-1.502942019E+01-1.516126169E+01
-1.528298893E+01-1.539406680E+01-1.549398354E+01-1.558225214E+01-1.565841158E+01
-1.572202852E+01-1.577269860E+01-1.581004831E+01-1.583373678E+01-1.584345775E+01
-1.583894173E+01-1.581995796E+01-1.578631674E+01-1.573787166E+01-1.567452200E+01
-1.559621491E+01-1.550294761E+01-1.539476953E+01-1.527178470E+01-1.513415479E+01
-1.498210054E+01-1.481590308E+01-1.463590794E+01-1.444252478E+01-1.423622821E+01
-1.401756107E+01-1.378713390E+01-1.354562538E+01-1.329377243E+01-1.303233110E+01
-1.276195658E+01-1.248188934E+01-1.219255911E+01-1.189694202E+01-1.159911886E+01
-1.129866138E+01-1.099522879E+01-1.068850376E+01-1.037816969E+01-1.006390223E+01
-9.745366025E+00-9.422213059E+00-9.094081608E+00-8.760595329E+00-8.421362201E+00
-8.075973812E+00-7.724004098E+00-7.365008912E+00-6.998524840E+00-6.624069162E+00
-6.241139461E+00-5.849214563E+00-5.447755920E+00-5.036210722E+00-4.614016979E+00
-4.180611753E+00-3.735443535E+00-3.277991522E+00-2.807794594E+00-2.324496488E+00
-1.827918015E+00-1.318178929E+00-7.959206812E-01-2.627628085E-01 2.776081629E-01
 8.164970507E-01 1.335211232E+00-5.166657841E+00-5.287446871E+00-5.418408819E+00
-5.559790404E+00-5.710431278E+00-5.860042218E+00-6.007000211E+00-6.152063850E+00
-6.295623541E+00-6.437925177E+00-6.579155271E+00-6.719475086E+00-6.859036072E+00
-6.997987158E+00-7.136478101E+00-7.274660823E+00-7.412689968E+00-7.550722461E+00
-7.688917003E+00-7.827433358E+00-7.966431447E+00-8.106070641E+00-8.246508929E+00
-8.387902097E+00-8.530402975E+00-8.674160805E+00-8.819320578E+00-8.966022358E+00
-9.114400692E+00-9.264584024E+00-9.416694135E+00-9.570845401E+00-9.727144358E+00
-9.885688835E+00-1.004656748E+01-1.020985873E+01-1.037563025E+01-1.054393785E+01
-1.071482449E+01-1.088831908E+01-1.106443462E+01-1.124316592E+01-1.142448512E+01
-1.160833359E+01-1.179460345E+01-1.198309532E+01-1.217389779E+01-1.236585761E+01
-1.255895442E+01-1.275242575E+01-1.294514748E+01-1.313577482E+01-1.332340876E+01
-1.350726858E+01-1.368662073E+01-1.386076261E+01-1.402901427E+01-1.419071718E+01
-1.434523336E+01-1.449194566E+01-1.463025813E+01-1.475959604E+01-1.487940695E+01
-1.498916159E+01-1.508835402E+01-1.517650280E+01-1.525315229E+01-1.531787403E+01
-1.537026794E+01-1.540996419E+01-1.543662466E+01-1.544994494E+01-1.544965619E+01
-1.543552711E+01-1.540736593E+01-1.536502264E+01-1.530839103E+01-1.523741116E+01
-1.515207146E+01-1.505241062E+01-1.493851965E+01-1.481054436E+01-1.466868813E+01
-1.451321289E+01-1.434443986E+01-1.416275311E+01-1.396860041E+01-1.376249437E+01
-1.354501268E+01-1.331679060E+01-1.307849197E+01-1.283073911E+01-1.257304835E+01
-1.230518494E+01-1.202889222E+01-1.174933938E+01-1.146648611E+01-1.118012638E+01
-1.088998803E+01-1.059576662E+01-1.029713636E+01-9.993752625E+00-9.685251915E+00
-9.371250836E+00-9.051344248E+00-8.725103486E+00-8.392074002E+00-8.051772958E+00
-7.703686195E+00-7.347265118E+00-6.981922953E+00-6.607030772E+00-6.221913035E+00
-5.825842472E+00-5.418034645E+00-4.997642115E+00-4.563747827E+00-4.115357974E+00
-3.651393956E+00-3.170682924E+00-2.671945689E+00-2.153779314E+00-1.614628655E+00
-1.052733352E+00-4.660164893E-01 1.481837558E-01 7.939008998E-01 1.479453113E+00
 2.165371503E+00-5.008512479E+00-5.117009070E+00-5.243861443E+00-5.389370254E+00
-5.555398336E+00-5.715461732E+00-5.870319308E+00-6.021370052E+00-6.169437685E+00
-6.315083841E+00-6.458718234E+00-6.600662006E+00-6.741183860E+00-6.880520428E+00
-7.018888524E+00-7.156492157E+00-7.293526707E+00-7.430181291E+00-7.566640101E+00
-7.703082914E+00-7.839685216E+00-7.976618313E+00-8.114048865E+00-8.252138645E+00
-8.391044264E+00-8.530916425E+00-8.671899881E+00-8.814132685E+00-8.957745842E+00
-9.102862867E+00-9.249599121E+00-9.398061612E+00-9.548347973E+00-9.700546259E+00
-9.854734088E+00-1.001097789E+01-1.016933214E+01-1.032983839E+01-1.049252411E+01
-1.065740158E+01-1.082446598E+01-1.099369364E+01-1.116503916E+01-1.133843285E+01
-1.151377794E+01-1.169095234E+01-1.186982720E+01-1.205020362E+01-1.223206369E+01
-1.241408990E+01-1.259593063E+01-1.277685339E+01-1.295587537E+01-1.313182591E+01
-1.330392022E+01-1.347144117E+01-1.363369647E+01-1.379002820E+01-1.393979981E+01
-1.408239678E+01-1.421722683E+01-1.434371976E+01-1.446132817E+01-1.456952797E+01
-1.466781878E+01-1.475572483E+01-1.483279585E+01-1.489860835E+01-1.495276652E+01
-1.499490407E+01-1.502468555E+01-1.504180825E+01-1.504600372E+01-1.503703984E+01
-1.501472266E+01-1.497889817E+01-1.492945467E+01-1.486632451E+01-1.478948657E+01
-1.469896828E+01-1.459484725E+01-1.447725298E+01-1.434636913E+01-1.420243605E+01
-1.404575169E+01-1.387667340E+01-1.369561995E+01-1.350307134E+01-1.329956400E+01
-1.308566925E+01-1.286194117E+01-1.262812144E+01-1.238392448E+01-1.213048473E+01
-1.187050357E+01-1.160712301E+01-1.133993266E+01-1.106859282E+01-1.079277912E+01
-1.051216143E+01-1.022639459E+01-9.935113740E+00-9.637931125E+00-9.334433367E+00
-9.024178524E+00-8.706693057E+00-8.381468480E+00-8.047957183E+00-7.705567744E+00
-7.353659493E+00-6.991535969E+00-6.618437398E+00-6.233531747E+00-5.835904167E+00
-5.424544578E+00-4.998332665E+00-4.556020182E+00-4.096209007E+00-3.617324125E+00
-3.117579015E+00-2.594929580E+00-2.047010202E+00-1.471039610E+00-8.636744507E-01
-2.207702921E-01 4.630167862E-01 1.194858952E+00 1.984029747E+00 2.766675479E+00
-4.896921709E+00-4.999814904E+00-5.123614743E+00-5.269007090E+00-5.432914825E+00
-5.596060382E+00-5.754348803E+00-5.908434942E+00-6.058927360E+00-6.206339311E+00
-6.351100600E+00-6.493576695E+00-6.634086099E+00-6.772913314E+00-6.910318375E+00
-7.046543074E+00-7.181815297E+00-7.316351779E+00-7.450359760E+00-7.584038049E+00
-7.717577809E+00-7.851162524E+00-7.984968427E+00-8.119164263E+00-8.253911255E+00
-8.389362824E+00-8.525664509E+00-8.662953578E+00-8.801358709E+00-8.940999715E+00
-9.081987150E+00-9.224421876E+00-9.368394590E+00-9.513985351E+00-9.661262911E+00
-9.810284044E+00-9.961092956E+00-1.011372026E+01-1.026818219E+01-1.042447941E+01
-1.058259597E+01-1.074249795E+01-1.090413243E+01-1.106742648E+01-1.123228756E+01
-1.139860523E+01-1.156625593E+01-1.173510779E+01-1.190504664E+01-1.207596937E+01
-1.224608548E+01-1.241565665E+01-1.258412485E+01-1.275074530E+01-1.291463168E+01
-1.307476780E+01-1.323033504E+01-1.338068723E+01-1.352517096E+01-1.366316787E+01
-1.379408825E+01-1.391736527E+01-1.403245575E+01-1.413884102E+01-1.423602656E+01
-1.432354228E+01-1.440094308E+01-1.446780998E+01-1.452375143E+01-1.456840438E+01
-1.460143590E+01-1.462254475E+01-1.463146268E+01-1.462795658E+01-1.461182985E+01
-1.458292442E+01-1.454112255E+01-1.448634869E+01-1.441857135E+01-1.433780531E+01
-1.424411337E+01-1.413760810E+01-1.401845366E+01-1.388686755E+01-1.374312205E+01
-1.358754516E+01-1.342051993E+01-1.324247800E+01-1.305388452E+01-1.285520804E+01
-1.264615467E+01-1.242651488E+01-1.219701631E+01-1.195971539E+01-1.171825036E+01
-1.147245123E+01-1.122207509E+01-1.096684492E+01-1.070645972E+01-1.044059563E+01
-1.016890470E+01-9.891012930E+00-9.606517614E+00-9.314984729E+00-9.015945820E+00
-8.708894331E+00-8.393281273E+00-8.068510102E+00-7.733930771E+00-7.388832242E+00
-7.032433976E+00-6.663875457E+00-6.282203851E+00-5.886358810E+00-5.475154691E+00
-5.047258658E+00-4.601164283E+00-4.135159629E+00-3.647288124E+00-3.135300284E+00
-2.596594489E+00-2.028142896E+00-1.426399111E+00-7.871838054E-01-1.055483627E-01
 6.243697140E-01 1.409451969E+00 2.257465410E+00 3.089311259E+00-4.812467469E+00
-4.911662888E+00-5.032737011E+00-5.176543539E+00-5.338996655E+00-5.502264980E+00
-5.661104517E+00-5.815753750E+00-5.966606001E+00-6.114049274E+00-6.258451440E+00
-6.400155980E+00-6.539482737E+00-6.676730359E+00-6.812179169E+00-6.946093341E+00
-7.078723097E+00-7.210306056E+00-7.341068290E+00-7.471225115E+00-7.600981408E+00
-7.730532234E+00-7.860062769E+00-7.989748655E+00-8.119755842E+00-8.250240745E+00
-8.381350046E+00-8.513220816E+00-8.645980039E+00-8.779744769E+00-8.914621621E+00
-9.050706571E+00-9.188084604E+00-9.326829435E+00-9.467002685E+00-9.608653761E+00
-9.751818909E+00-9.896520705E+00-1.004276723E+01-1.019055126E+01-1.033984933E+01
-1.049062101E+01-1.064280791E+01-1.079633301E+01-1.095110028E+01-1.110699425E+01
-1.126387947E+01-1.142159838E+01-1.157996575E+01-1.173875057E+01-1.189763726E+01
-1.205662794E+01-1.221392830E+01-1.236979698E+01-1.252382643E+01-1.267522570E+01
-1.282317344E+01-1.296687721E+01-1.310547457E+01-1.323833600E+01-1.336487948E+01
-1.348453208E+01-1.359675091E+01-1.370102430E+01-1.379686495E+01-1.388380859E+01
-1.396141494E+01-1.402926902E+01-1.408698281E+01-1.413419632E+01-1.417057882E+01
-1.419583002E+01-1.420968160E+01-1.421189887E+01-1.420228231E+01-1.418066924E+01
-1.414693551E+01-1.410099704E+01-1.404281144E+01-1.397238005E+01-1.388974980E+01
-1.379501520E+01-1.368832022E+01-1.356985846E+01-1.343987235E+01-1.329865203E+01
-1.314653037E+01-1.298384425E+01-1.281092095E+01-1.262735990E+01-1.243308978E+01
-1.222869486E+01-1.201582784E+01-1.179825805E+01-1.157584877E+01-1.134842559E+01
-1.111577370E+01-1.087764260E+01-1.063374972E+01-1.038378171E+01-1.012739478E+01
-9.864213737E+00-9.593829922E+00-9.315799308E+00-9.029638980E+00-8.734823747E+00
-8.430781255E+00-8.116886594E+00-7.792455320E+00-7.456735421E+00-7.108897385E+00
-6.748022107E+00-6.373086390E+00-5.982945568E+00-5.576311955E+00-5.151729358E+00
-4.707541708E+00-4.241855676E+00-3.752495534E+00-3.236949921E+00-2.692309779E+00
-2.115198470E+00-1.501697224E+00-8.472733467E-01-1.467250583E-01 6.058344252E-01
 1.416924406E+00 2.294949124E+00 3.152072473E+00-4.749530049E+00-4.845136200E+00
-4.963624040E+00-5.105523645E+00-5.270829974E+00-5.433073525E+00-5.590736444E+00
-5.744198184E+00-5.893733438E+00-6.039641757E+00-6.182234434E+00-6.321824812E+00
-6.458721740E+00-6.593225758E+00-6.725627117E+00-6.856204253E+00-6.985223544E+00
-7.112938878E+00-7.239591695E+00-7.365411059E+00-7.490613905E+00-7.615405187E+00
-7.739977961E+00-7.864513778E+00-7.989182804E+00-8.114143935E+00-8.239544802E+00
-8.365522158E+00-8.492201450E+00-8.619697173E+00-8.748112513E+00-8.877539310E+00
-9.008057820E+00-9.139736441E+00-9.272631236E+00-9.406785703E+00-9.542230180E+00
-9.678981331E+00-9.817041522E+00-9.956398145E+00-1.009702291E+01-1.023887106E+01
-1.038188078E+01-1.052597200E+01-1.067104593E+01-1.081698364E+01-1.096364460E+01
-1.111086424E+01-1.125845042E+01-1.140617835E+01-1.155378753E+01-1.170098893E+01
-1.184737339E+01-1.199276672E+01-1.213713812E+01-1.227886815E+01-1.241783251E+01
-1.255357634E+01-1.268531237E+01-1.281232663E+01-1.293395893E+01-1.304951988E+01
-1.315844749E+01-1.326025374E+01-1.335446039E+01-1.344060644E+01-1.351825237E+01
-1.358698538E+01-1.364642009E+01-1.369619939E+01-1.373599446E+01-1.376550558E+01
-1.378446354E+01-1.379263127E+01-1.378980595E+01-1.377582002E+01-1.375054274E+01
-1.371388109E+01-1.366578083E+01-1.360622804E+01-1.353525121E+01-1.345292452E+01
-1.335937064E+01-1.325475787E+01-1.313928387E+01-1.301316925E+01-1.287670953E+01
-1.272975816E+01-1.257215304E+01-1.240391111E+01-1.222561596E+01-1.203856249E+01
-1.184637580E+01-1.164894406E+01-1.144612821E+01-1.123775791E+01-1.102362944E+01
-1.080350556E+01-1.057711574E+01-1.034415642E+01-1.010429069E+01-9.857147526E+00
-9.602320336E+00-9.339364770E+00-9.067796220E+00-8.787086026E+00-8.496657266E+00
-8.195879275E+00-7.884061032E+00-7.560442800E+00-7.224186599E+00-6.874363630E+00
-6.509940019E+00-6.129758532E+00-5.732517064E+00-5.316741729E+00-4.880754672E+00
-4.422634788E+00-3.940170282E+00-3.430801927E+00-2.891557146E+00-2.318974892E+00
-1.709026163E+00-1.057039006E+00-3.576457488E-01 3.952197761E-01 1.208241989E+00
 2.090909784E+00 2.946385197E+00-4.718761739E+00-4.812367434E+00-4.928609715E+00
-5.068214946E+00-5.228139065E+00-5.387951054E+00-5.543254511E+00-5.694216135E+00
-5.841058609E+00-5.984043979E+00-6.123460251E+00-6.259610328E+00-6.392803061E+00
-6.523346668E+00-6.651543500E+00-6.777686924E+00-6.902058880E+00-7.024928307E+00
-7.146550551E+00-7.267166934E+00-7.387004551E+00-7.506276633E+00-7.625182616E+00
-7.743908545E+00-7.862627422E+00-7.981499522E+00-8.100672593E+00-8.220282207E+00
-8.340451960E+00-8.461293509E+00-8.582906574E+00-8.705379054E+00-8.828786950E+00
-8.953194050E+00-9.078651848E+00-9.205199114E+00-9.332861693E+00-9.461651956E+00
-9.591568446E+00-9.722595127E+00-9.854700992E+00-9.987839354E+00-1.012194709E+01
-1.025694392E+01-1.039273156E+01-1.052919262E+01-1.066618942E+01-1.080356257E+01
-1.094112936E+01-1.107868225E+01-1.121598854E+01-1.135279114E+01-1.148880967E+01
-1.162376729E+01-1.175735787E+01-1.188916127E+01-1.201894991E+01-1.214668293E+01
-1.227066015E+01-1.239071805E+01-1.250642635E+01-1.261708119E+01-1.272210336E+01
-1.282096822E+01-1.291317958E+01-1.299824927E+01-1.307571709E+01-1.314516783E+01
-1.320621814E+01-1.325851521E+01-1.330173305E+01-1.333557158E+01-1.335975801E+01
-1.337405146E+01-1.337824484E+01-1.337216633E+01-1.335567937E+01-1.332868247E+01
-1.329110802E+01-1.324292139E+01-1.318412219E+01-1.311474915E+01-1.303490005E+01
-1.294475053E+01-1.284438759E+01-1.273366802E+01-1.261255773E+01-1.248105207E+01
-1.233931101E+01-1.218794763E+01-1.202785654E+01-1.186224817E+01-1.169104682E+01
-1.151415298E+01-1.133143858E+01-1.114274420E+01-1.094787739E+01-1.074661206E+01
-1.053868846E+01-1.032381294E+01-1.010165783E+01-9.871860653E+00-9.634023234E+00
-9.387710058E+00-9.132446127E+00-8.867714011E+00-8.592950302E+00-8.307540884E+00
-8.010815380E+00-7.702039899E+00-7.380408531E+00-7.045032705E+00-6.694928229E+00
-6.328999449E+00-5.946019751E+00-5.544607599E+00-5.123197072E+00-4.680001100E+00
-4.212965763E+00-3.719713077E+00-3.197468776E+00-2.642971600E+00-2.052360021E+00
-1.421035632E+00-7.435126721E-01-1.328991891E-02 7.771683539E-01 1.634871462E+00
 2.438558589E+00-4.711285540E+00-4.803380866E+00-4.917540898E+00-5.054646603E+00
-5.210423166E+00-5.367073919E+00-5.519053185E+00-5.666379324E+00-5.809278291E+00
-5.948023122E+00-6.082918177E+00-6.214286764E+00-6.342460351E+00-6.467770560E+00
-6.590542749E+00-6.711091562E+00-6.829718087E+00-6.946707811E+00-7.062329948E+00
-7.176836890E+00-7.290464403E+00-7.403431899E+00-7.515943035E+00-7.628186334E+00
-7.740335548E+00-7.852550559E+00-7.964977616E+00-8.077749850E+00-8.190987783E+00
-8.304799447E+00-8.419280583E+00-8.534514992E+00-8.650574225E+00-8.767517891E+00
-8.885393309E+00-9.004235426E+00-9.124066464E+00-9.244895839E+00-9.366719532E+00
-9.489519774E+00-9.613264612E+00-9.737907359E+00-9.863385881E+00-9.989622247E+00
-1.011652174E+01-1.024397227E+01-1.037184371E+01-1.049998672E+01-1.062823249E+01
-1.075639201E+01-1.088425607E+01-1.101159597E+01-1.113816455E+01-1.126369831E+01
-1.138791393E+01-1.151050619E+01-1.163117083E+01-1.174957759E+01-1.186528081E+01
-1.197804052E+01-1.208782751E+01-1.219282640E+01-1.229302212E+01-1.238810612E+01
-1.247768411E+01-1.256128500E+01-1.263827455E+01-1.270819820E+01-1.277067835E+01
-1.282537116E+01-1.287195649E+01-1.291013087E+01-1.293960472E+01-1.296012828E+01
-1.297148928E+01-1.297351291E+01-1.296606003E+01-1.294902495E+01-1.292232977E+01
-1.288590964E+01-1.283969073E+01-1.278361047E+01-1.271763738E+01-1.264178080E+01
-1.255603549E+01-1.246037839E+01-1.235488993E+01-1.223990886E+01-1.211607159E+01
-1.198393180E+01-1.184586641E+01-1.170186777E+01-1.155189980E+01-1.139589157E+01
-1.123373580E+01-1.106528856E+01-1.089037012E+01-1.070876556E+01-1.052022527E+01
-1.032446591E+01-1.012117034E+01-9.909987674E+00-9.690532986E+00-9.462386475E+00
-9.225091978E+00-8.978155387E+00-8.721041978E+00-8.453173290E+00-8.173923192E+00
-7.882612559E+00-7.578503325E+00-7.260790761E+00-6.928593979E+00-6.580944469E+00
-6.216772146E+00-5.834887667E+00-5.433960874E+00-5.012493179E+00-4.568782260E+00
-4.100875214E+00-3.606504642E+00-3.082997613E+00-2.527139993E+00-1.934965242E+00
-1.301415616E+00-6.198103337E-01 1.188429610E-01 9.189303931E-01 1.655653437E+00
-4.724567963E+00-4.814722680E+00-4.926908417E+00-5.061646190E+00-5.218183552E+00
-5.371386321E+00-5.519072097E+00-5.661596140E+00-5.799247919E+00-5.932363271E+00
-6.061307979E+00-6.186462482E+00-6.308209465E+00-6.426924717E+00-6.542970514E+00
-6.656691639E+00-6.768412859E+00-6.878437983E+00-6.987049501E+00-7.094509223E+00
-7.201058862E+00-7.306921142E+00-7.412300782E+00-7.517385479E+00-7.622347054E+00
-7.727342158E+00-7.832513139E+00-7.937988755E+00-8.043884722E+00-8.150304107E+00
-8.257337687E+00-8.365064260E+00-8.473550804E+00-8.582852400E+00-8.693012387E+00
-8.804062244E+00-8.916021279E+00-9.028896620E+00-9.142682872E+00-9.257361674E+00
-9.372901585E+00-9.489257375E+00-9.606369827E+00-9.724165147E+00-9.842554370E+00
-9.961433129E+00-1.008068090E+01-1.020016065E+01-1.031971846E+01-1.043918332E+01
-1.055836719E+01-1.067706502E+01-1.079505525E+01-1.091210002E+01-1.102794500E+01
-1.114231948E+01-1.125493754E+01-1.136549428E+01-1.147366267E+01-1.157911477E+01
-1.168148770E+01-1.178027435E+01-1.187514208E+01-1.196583672E+01-1.205220892E+01
-1.213432379E+01-1.221031189E+01-1.228011636E+01-1.234353413E+01-1.240030124E+01
-1.245013432E+01-1.249271302E+01-1.252755974E+01-1.255437899E+01-1.257295387E+01
-1.258310850E+01-1.258469283E+01-1.257757441E+01-1.256163167E+01-1.253674795E+01
-1.250280919E+01-1.245971377E+01-1.240739416E+01-1.234584817E+01-1.227518692E+01
-1.219570802E+01-1.210747488E+01-1.201070046E+01-1.190752568E+01-1.179775334E+01
-1.168162374E+01-1.155924677E+01-1.143064747E+01-1.129578882E+01-1.115458343E+01
-1.100690030E+01-1.085256886E+01-1.069138211E+01-1.052309815E+01-1.034744200E+01
-1.016410651E+01-9.972753234E+00-9.773012577E+00-9.564484278E+00-9.346736956E+00
-9.119307590E+00-8.881700617E+00-8.633386590E+00-8.373800328E+00-8.102338353E+00
-7.818356132E+00-7.521164219E+00-7.210023643E+00-6.884140823E+00-6.542660679E+00
-6.184659180E+00-5.809133853E+00-5.414992552E+00-5.001039392E+00-4.565956232E+00
-4.108277658E+00-3.626353422E+00-3.118287022E+00-2.581823791E+00-2.014116836E+00
-1.411142310E+00-7.657891850E-01-7.007352865E-02 5.589225326E-01-4.771123777E+00
-4.860873273E+00-4.971441633E+00-5.103455147E+00-5.254230727E+00-5.402680217E+00
-5.544875553E+00-5.681190910E+00-5.812047229E+00-5.937909145E+00-6.059259102E+00
-6.176577533E+00-6.290329271E+00-6.400954760E+00-6.508865681E+00-6.614442908E+00
-6.718036621E+00-6.819967371E+00-6.920527698E+00-7.019984335E+00-7.118580138E+00
-7.216536019E+00-7.314052874E+00-7.411313241E+00-7.508482634E+00-7.605711009E+00
-7.703133582E+00-7.800872018E+00-7.899034903E+00-7.997718527E+00-8.097007205E+00
-8.196973746E+00-8.297679574E+00-8.399175003E+00-8.501499154E+00-8.604680002E+00
-8.708734370E+00-8.813667617E+00-8.919473596E+00-9.026134301E+00-9.133619711E+00
-9.241887314E+00-9.350881911E+00-9.460535303E+00-9.570765696E+00-9.681477587E+00
-9.792561407E+00-9.903893087E+00-1.001533410E+01-1.012673099E+01-1.023791575E+01
-1.034870553E+01-1.045890291E+01-1.056829611E+01-1.067665890E+01-1.078375083E+01
-1.088931738E+01-1.099308949E+01-1.109478388E+01-1.119410447E+01-1.129073950E+01
-1.138436233E+01-1.147466594E+01-1.156136034E+01-1.164415686E+01-1.172272552E+01
-1.179657113E+01-1.186536674E+01-1.192886489E+01-1.198688690E+01-1.203936300E+01
-1.208643881E+01-1.212628072E+01-1.215892199E+01-1.218426392E+01-1.220216894E+01
-1.221249279E+01-1.221509468E+01-1.220983945E+01-1.219659761E+01-1.217524552E+01
-1.214567077E+01-1.210778511E+01-1.206153913E+01-1.200691743E+01-1.194553651E+01
-1.187714108E+01-1.180179842E+01-1.171984796E+01-1.163145660E+01-1.153674504E+01
-1.143577504E+01-1.132855156E+01-1.121502818E+01-1.109511259E+01-1.096867080E+01
-1.083553098E+01-1.069548597E+01-1.054829576E+01-1.039368935E+01-1.023136634E+01
-1.006099831E+01-9.882230332E+00-9.694681606E+00-9.497946913E+00-9.291597076E+00
-9.075179989E+00-8.848221010E+00-8.610223709E+00-8.360670222E+00-8.099021844E+00
-7.824719382E+00-7.537184219E+00-7.235819180E+00-6.920010465E+00-6.589130445E+00
-6.242542152E+00-5.879606689E+00-5.499694378E+00-5.102202882E+00-4.686585932E+00
-4.252400798E+00-3.799389389E+00-3.327627930E+00-2.837829614E+00-2.332049961E+00
-1.815618878E+00-1.302069056E+00-8.143988215E-01-4.848538086E+00-4.938934005E+00
-5.048202545E+00-5.177121014E+00-5.321427124E+00-5.463705553E+00-5.598717859E+00
-5.726902478E+00-5.848927028E+00-5.965478711E+00-6.077225225E+00-6.184792231E+00
-6.288752829E+00-6.389624647E+00-6.487871451E+00-6.583907014E+00-6.678100112E+00
-6.770779570E+00-6.862238835E+00-6.952740541E+00-7.042520020E+00-7.131788569E+00
-7.220736212E+00-7.309534059E+00-7.398336043E+00-7.487280652E+00-7.576492152E+00
-7.666081608E+00-7.756147953E+00-7.846778297E+00-7.938048839E+00-8.030024943E+00
-8.122761570E+00-8.216303516E+00-8.310685336E+00-8.405931418E+00-8.502056062E+00
-8.599063210E+00-8.696946360E+00-8.795688531E+00-8.895261750E+00-8.995627051E+00
-9.096734200E+00-9.198521300E+00-9.300914597E+00-9.403828398E+00-9.507164518E+00
-9.610812365E+00-9.714648737E+00-9.818537708E+00-9.922330505E+00-1.002586587E+01
-1.012896973E+01-1.023145569E+01-1.033312507E+01-1.043376703E+01-1.053315905E+01
-1.063106718E+01-1.072724659E+01-1.082144272E+01-1.091339239E+01-1.100282642E+01
-1.108947464E+01-1.117306596E+01-1.125332395E+01-1.132995977E+01-1.140267075E+01
-1.147117840E+01-1.153523046E+01-1.159459437E+01-1.164904047E+01-1.169829631E+01
-1.174191866E+01-1.177963151E+01-1.181122563E+01-1.183652426E+01-1.185537108E+01
-1.186762617E+01-1.187316467E+01-1.187187770E+01-1.186367596E+01-1.184849678E+01
-1.182631652E+01-1.179717082E+01-1.176118775E+01-1.171865417E+01-1.166970221E+01
-1.161444003E+01-1.155298166E+01-1.148540813E+01-1.141176413E+01-1.133205447E+01
-1.124624332E+01-1.115425476E+01-1.105597474E+01-1.095125307E+01-1.083990575E+01
-1.072171679E+01-1.059644062E+01-1.046380378E+01-1.032350701E+01-1.017522729E+01
-1.001861952E+01-9.853318907E+00-9.678942760E+00-9.495092872E+00-9.301357878E+00
-9.097315890E+00-8.882537102E+00-8.656587334E+00-8.419031540E+00-8.169438339E+00
-7.907385331E+00-7.632465917E+00-7.344298002E+00-7.042535306E+00-6.726882810E+00
-6.397117669E+00-6.053118378E+00-5.694906212E+00-5.322705471E+00-4.937032559E+00
-4.538830932E+00-4.129679079E+00-3.712110382E+00-3.290077541E+00-2.869492404E+00
-2.458430725E+00-2.066286602E+00-4.957174229E+00-5.048636764E+00-5.156954325E+00
-5.282470198E+00-5.424066587E+00-5.558402291E+00-5.683554154E+00-5.800738431E+00
-5.911069844E+00-6.015585656E+00-6.115207927E+00-6.210735515E+00-6.302851880E+00
-6.392139144E+00-6.479093857E+00-6.564141292E+00-6.647647705E+00-6.729930733E+00
-6.811267550E+00-6.891901563E+00-6.972047735E+00-7.051896916E+00-7.131619034E+00
-7.211365974E+00-7.291273623E+00-7.371463647E+00-7.452044826E+00-7.533114240E+00
-7.614757858E+00-7.697051524E+00-7.780061231E+00-7.863843597E+00-7.948445979E+00
-8.033906869E+00-8.120255779E+00-8.207513353E+00-8.295691253E+00-8.384792199E+00
-8.474809727E+00-8.565728041E+00-8.657521923E+00-8.750156427E+00-8.843586795E+00
-8.937758184E+00-9.032605387E+00-9.128052759E+00-9.224014094E+00-9.320392351E+00
-9.417079695E+00-9.513957259E+00-9.610895419E+00-9.707753559E+00-9.804380464E+00
-9.900614166E+00-9.996282449E+00-1.009120294E+01-1.018518359E+01-1.027802305E+01
-1.036951159E+01-1.045943168E+01-1.054755919E+01-1.063366473E+01-1.071751518E+01
-1.079887410E+01-1.087750179E+01-1.095315542E+01-1.102559140E+01-1.109457144E+01
-1.115986411E+01-1.122124234E+01-1.127847740E+01-1.133133047E+01-1.137955039E+01
-1.142291171E+01-1.146121725E+01-1.149429404E+01-1.152198948E+01-1.154416888E+01
-1.156071478E+01-1.157152739E+01-1.157652687E+01-1.157565654E+01-1.156888795E+01
-1.155622552E+01-1.153770887E+01-1.151340518E+01-1.148336982E+01-1.144764434E+01
-1.140625577E+01-1.135920999E+01-1.130648670E+01-1.124803653E+01-1.118377881E+01
-1.111360115E+01-1.103735956E+01-1.095487910E+01-1.086595529E+01-1.077035568E+01
-1.066782130E+01-1.055806897E+01-1.044079329E+01-1.031566897E+01-1.018235363E+01
-1.004049035E+01-9.889711101E+00-9.729640102E+00-9.559897539E+00-9.380103999E+00
-9.189885346E+00-8.988878043E+00-8.776735614E+00-8.553135892E+00-8.317789922E+00
-8.070452366E+00-7.810934501E+00-7.539120336E+00-7.254987059E+00-6.958631118E+00
-6.650302464E+00-6.330448947E+00-5.999775063E+00-5.659319062E+00-5.310552308E+00
-4.955502126E+00-4.596890137E+00-4.238255375E+00-3.883996298E+00-3.539239809E+00
-3.209488218E+00-5.114250927E+00-5.210235586E+00-5.318417141E+00-5.438955159E+00
-5.570298295E+00-5.692109774E+00-5.802759138E+00-5.904428672E+00-5.998956466E+00
-6.087832560E+00-6.172233572E+00-6.253083414E+00-6.331111878E+00-6.406902269E+00
-6.480927378E+00-6.553576233E+00-6.625173680E+00-6.695994569E+00-6.766274427E+00
-6.836217225E+00-6.906001402E+00-6.975784121E+00-7.045704816E+00-7.115887753E+00
-7.186443878E+00-7.257472637E+00-7.329062914E+00-7.401294019E+00-7.474236476E+00
-7.547952341E+00-7.622495865E+00-7.697913421E+00-7.774243976E+00-7.851519048E+00
-7.929762631E+00-8.008991353E+00-8.089214433E+00-8.170433288E+00-8.252641733E+00
-8.335825625E+00-8.419962780E+00-8.505022745E+00-8.590966709E+00-8.677747159E+00
-8.765307870E+00-8.853583717E+00-8.942500431E+00-9.031974645E+00-9.121913769E+00
-9.212215918E+00-9.302769986E+00-9.393455607E+00-9.484143395E+00-9.574695020E+00
-9.664963404E+00-9.754793116E+00-9.844020691E+00-9.932475056E+00-1.001997817E+01
-1.010634563E+01-1.019138763E+01-1.027490961E+01-1.035671319E+01-1.043659708E+01
-1.051435747E+01-1.058978925E+01-1.066268715E+01-1.073284731E+01-1.080006813E+01
-1.086414998E+01-1.092489452E+01-1.098210455E+01-1.103558632E+01-1.108515649E+01
-1.113064537E+01-1.117189821E+01-1.120877470E+01-1.124114892E+01-1.126890910E+01
-1.129195776E+01-1.131021260E+01-1.132360700E+01-1.133209079E+01-1.133562991E+01
-1.133420377E+01-1.132779951E+01-1.131640210E+01-1.129998846E+01-1.127852251E+01
-1.125195092E+01-1.122019956E+01-1.118317052E+01-1.114074028E+01-1.109275849E+01
-1.103904766E+01-1.097940326E+01-1.091359443E+01-1.084136525E+01-1.076243620E+01
-1.067650619E+01-1.058325485E+01-1.048234533E+01-1.037342744E+01-1.025614112E+01
-1.013012058E+01-9.994998783E+00-9.850412545E+00-9.696008257E+00-9.531448268E+00
-9.356418014E+00-9.170634374E+00-8.973854608E+00-8.765887393E+00-8.546604919E+00
-8.315957425E+00-8.073990455E+00-7.820865153E+00-7.556882884E+00-7.282514861E+00
-6.998437452E+00-6.705573898E+00-6.405142621E+00-6.098708872E+00-5.788235876E+00
-5.476123478E+00-5.165218194E+00-4.858773807E+00-4.560345980E+00-4.273623189E+00
-5.330619435E+00-5.437826489E+00-5.547384535E+00-5.658976329E+00-5.770922716E+00
-5.870955211E+00-5.958675056E+00-6.037810638E+00-6.110949698E+00-6.179807954E+00
-6.245551859E+00-6.309002611E+00-6.370759866E+00-6.431276440E+00-6.490904955E+00
-6.549927629E+00-6.608575773E+00-6.667043075E+00-6.725494618E+00-6.784073222E+00
-6.842904100E+00-6.902098200E+00-6.961754531E+00-7.021961979E+00-7.082800759E+00
-7.144343170E+00-7.206654615E+00-7.269793838E+00-7.333813475E+00-7.398760373E+00
-7.464675546E+00-7.531594336E+00-7.599546606E+00-7.668556431E+00-7.738642209E+00
-7.809816587E+00-7.882086146E+00-7.955451515E+00-8.029906903E+00-8.105440214E+00
-8.182032655E+00-8.259658656E+00-8.338285712E+00-8.417874070E+00-8.498376766E+00
-8.579739271E+00-8.661899610E+00-8.744788046E+00-8.828327122E+00-8.912431615E+00
-8.997008585E+00-9.081957325E+00-9.167169567E+00-9.252529556E+00-9.337914249E+00
-9.423193667E+00-9.508231134E+00-9.592883631E+00-9.677002427E+00-9.760433430E+00
-9.843017902E+00-9.924593084E+00-1.000499283E+01-1.008404831E+01-1.016158866E+01
-1.023744189E+01-1.031143556E+01-1.038339761E+01-1.045315712E+01-1.052054484E+01
-1.058539348E+01-1.064753878E+01-1.070682093E+01-1.076308661E+01-1.081619077E+01
-1.086599749E+01-1.091238066E+01-1.095522384E+01-1.099442055E+01-1.102987390E+01
-1.106149651E+01-1.108921008E+01-1.111294452E+01-1.113263641E+01-1.114822645E+01
-1.115965553E+01-1.116686050E+01-1.116976970E+01-1.116829905E+01-1.116234862E+01
-1.115179972E+01-1.113651243E+01-1.111632375E+01-1.109104636E+01-1.106046807E+01
-1.102435163E+01-1.098243531E+01-1.093443366E+01-1.088003925E+01-1.081892440E+01
-1.075074401E+01-1.067513817E+01-1.059173624E+01-1.050016063E+01-1.040003184E+01
-1.029097385E+01-1.017262021E+01-1.004462080E+01-9.906649733E+00-9.758413393E+00
-9.599660219E+00-9.430190614E+00-9.249868730E+00-9.058635113E+00-8.856520889E+00
-8.643663601E+00-8.420324978E+00-8.186910751E+00-7.943992291E+00-7.692330394E+00
-7.432899759E+00-7.166913527E+00-6.895844204E+00-6.621437531E+00-6.345713505E+00
-6.070947669E+00-5.799626979E+00-5.534378734E+00-5.277875067E+00-5.625358116E+00
-5.761025513E+00-5.875564369E+00-5.966949917E+00-6.038324759E+00-6.096303629E+00
-6.147401858E+00-6.195079920E+00-6.240894004E+00-6.285646516E+00-6.329812649E+00
-6.373703776E+00-6.417540138E+00-6.461487408E+00-6.505676432E+00-6.550214967E+00
-6.595194773E+00-6.640696107E+00-6.686790635E+00-6.733543524E+00-6.781014740E+00
-6.829259835E+00-6.878330698E+00-6.928275870E+00-6.979140817E+00-7.030967971E+00
-7.083796890E+00-7.137664293E+00-7.192603789E+00-7.248645990E+00-7.305818240E+00
-7.364144611E+00-7.423645552E+00-7.484337885E+00-7.546234535E+00-7.609344208E+00
-7.673671514E+00-7.739216295E+00-7.805973863E+00-7.873934407E+00-7.943083075E+00
-8.013399575E+00-8.084858100E+00-8.157427053E+00-8.231069005E+00-8.305740379E+00
-8.381391455E+00-8.457966245E+00-8.535402381E+00-8.613631072E+00-8.692577183E+00
-8.772159198E+00-8.852289255E+00-8.932873311E+00-9.013811407E+00-9.094997600E+00
-9.176320548E+00-9.257663669E+00-9.338905376E+00-9.419919828E+00-9.500577086E+00
-9.580743746E+00-9.660283485E+00-9.739057540E+00-9.816925295E+00-9.893744990E+00
-9.969374121E+00-1.004367034E+01-1.011649172E+01-1.018769762E+01-1.025714899E+01
-1.032470943E+01-1.039024578E+01-1.045362912E+01-1.051473566E+01-1.057344712E+01
-1.062965117E+01-1.068324148E+01-1.073411730E+01-1.078218333E+01-1.082734898E+01
-1.086952746E+01-1.090863450E+01-1.094458664E+01-1.097729903E+01-1.100668254E+01
-1.103264087E+01-1.105506730E+01-1.107384182E+01-1.108882806E+01-1.109987091E+01
-1.110679450E+01-1.110940021E+01-1.110746563E+01-1.110074365E+01-1.108896233E+01
-1.107182505E+01-1.104901137E+01-1.102017850E+01-1.098496320E+01-1.094298432E+01
-1.089384632E+01-1.083714308E+01-1.077246260E+01-1.069939256E+01-1.061752654E+01
-1.052647088E+01-1.042585279E+01-1.031532883E+01-1.019459429E+01-1.006339359E+01
-9.921531094E+00-9.768882908E+00-9.605409589E+00-9.431169015E+00-9.246330483E+00
-9.051188936E+00-8.846179776E+00-8.631893360E+00-8.409089108E+00-8.178707952E+00
-7.941881635E+00-7.699937714E+00-7.454397117E+00-7.206962244E+00-6.959493252E+00
-6.713971094E+00-6.472447523E+00-6.236984577E+00-5.989420318E+00-6.178859181E+00
-6.302879420E+00-6.362746025E+00-6.349644641E+00-6.343180490E+00-6.348674002E+00
-6.360471469E+00-6.376458018E+00-6.395535003E+00-6.417057537E+00-6.440618074E+00
-6.465946258E+00-6.492857187E+00-6.521221789E+00-6.550949487E+00-6.581976847E+00
-6.614260450E+00-6.647771576E+00-6.682492968E+00-6.718415878E+00-6.755538415E+00
-6.793863771E+00-6.833399038E+00-6.874154381E+00-6.916142092E+00-6.959375843E+00
-7.003870211E+00-7.049640050E+00-7.096700095E+00-7.145064452E+00-7.194746161E+00
-7.245757003E+00-7.298106985E+00-7.351804066E+00-7.406853800E+00-7.463259144E+00
-7.521020058E+00-7.580133310E+00-7.640592124E+00-7.702386100E+00-7.765500776E+00
-7.829917518E+00-7.895613317E+00-7.962560592E+00-8.030727037E+00-8.100075458E+00
-8.170563660E+00-8.242144362E+00-8.314765126E+00-8.388368348E+00-8.462891266E+00
-8.538265917E+00-8.614419372E+00-8.691273699E+00-8.768746201E+00-8.846749528E+00
-8.925192078E+00-9.003978149E+00-9.083008181E+00-9.162179380E+00-9.241385841E+00
-9.320518980E+00-9.399468204E+00-9.478120988E+00-9.556363705E+00-9.634081821E+00
-9.711160488E+00-9.787484936E+00-9.862941024E+00-9.937415679E+00-1.001079732E+01
-1.008297634E+01-1.015384557E+01-1.022330068E+01-1.029124027E+01-1.035756594E+01
-1.042218204E+01-1.048499540E+01-1.054591459E+01-1.060484917E+01-1.066170839E+01
-1.071640014E+01-1.076882892E+01-1.081889387E+01-1.086648663E+01-1.091148870E+01
-1.095376891E+01-1.099318082E+01-1.102956032E+01-1.106272320E+01-1.109246315E+01
-1.111855016E+01-1.114072889E+01-1.115871791E+01-1.117220911E+01-1.118086783E+01
-1.118433335E+01-1.118222009E+01-1.117411965E+01-1.115960329E+01-1.113822543E+01
-1.110952782E+01-1.107304481E+01-1.102830932E+01-1.097485986E+01-1.091224851E+01
-1.084004964E+01-1.075786964E+01-1.066535747E+01-1.056221566E+01-1.044821220E+01
-1.032319256E+01-1.018709201E+01-1.003994825E+01-9.881913286E+00-9.713265391E+00
-9.534419717E+00-9.345937743E+00-9.148535035E+00-8.943085668E+00-8.730623790E+00
-8.512340007E+00-8.289572436E+00-8.063790903E+00-7.836573662E+00-7.609577175E+00
-7.384498525E+00-7.163033176E+00-6.249279616E+00-6.457355297E+00-6.585340161E+00
-6.629584817E+00-6.599670879E+00-6.558924677E+00-6.530837800E+00-6.512855640E+00
-6.502500619E+00-6.498061154E+00-6.498355860E+00-6.502552941E+00-6.510053174E+00
-6.520415642E+00-6.533309746E+00-6.548484278E+00-6.565746061E+00-6.584945460E+00
-6.605966284E+00-6.628717955E+00-6.653130304E+00-6.679149392E+00-6.706734048E+00
-6.735853658E+00-6.766486001E+00-6.798615593E+00-6.832232506E+00-6.867331106E+00
-6.903909146E+00-6.941966981E+00-6.981506740E+00-7.022531928E+00-7.065046682E+00
-7.109055297E+00-7.154561831E+00-7.201569673E+00-7.250081067E+00-7.300096882E+00
-7.351616249E+00-7.404636215E+00-7.459151460E+00-7.515154026E+00-7.572633116E+00
-7.631574825E+00-7.691961893E+00-7.753773677E+00-7.816985748E+00-7.881569937E+00
-7.947494133E+00-8.014722285E+00-8.083214168E+00-8.152925535E+00-8.223808044E+00
-8.295809215E+00-8.368872589E+00-8.442937885E+00-8.517940922E+00-8.593814012E+00
-8.670486000E+00-8.747882619E+00-8.825926606E+00-8.904538100E+00-8.983634913E+00
-9.063132810E+00-9.142945980E+00-9.222987193E+00-9.303168194E+00-9.383400138E+00
-9.463593904E+00-9.543660293E+00-9.623510419E+00-9.703056068E+00-9.782209695E+00
-9.860884897E+00-9.938996099E+00-1.001645891E+01-1.009318956E+01-1.016910473E+01
-1.024412101E+01-1.031815388E+01-1.039111698E+01-1.046292076E+01-1.053347117E+01
-1.060266771E+01-1.067040175E+01-1.073655418E+01-1.080099338E+01-1.086357251E+01
-1.092412730E+01-1.098247357E+01-1.103840490E+01-1.109169045E+01-1.114207307E+01
-1.118926759E+01-1.123295951E+01-1.127280414E+01-1.130842620E+01-1.133941999E+01
-1.136535031E+01-1.138575395E+01-1.140014215E+01-1.140800419E+01-1.140881148E+01
-1.140202319E+01-1.138709301E+01-1.136347665E+01-1.133064086E+01-1.128807359E+01
-1.123529471E+01-1.117186815E+01-1.109741421E+01-1.101162280E+01-1.091426622E+01
-1.080521241E+01-1.068443717E+01-1.055203589E+01-1.040823362E+01-1.025339377E+01
-1.008802417E+01-9.912780921E+00-9.728468566E+00-9.536036780E+00-9.336572823E+00
-9.131289208E+00-8.921506714E+00-8.708632326E+00-8.494132721E+00-8.279504004E+00
-8.066238816E+00-6.452461638E+00-6.670715595E+00-6.799637688E+00-6.836303510E+00
-6.786678811E+00-6.726302774E+00-6.677529651E+00-6.638615828E+00-6.607954250E+00
-6.584197899E+00-6.566261994E+00-6.553287712E+00-6.544598332E+00-6.539659561E+00
-6.538047306E+00-6.539423087E+00-6.543515248E+00-6.550104768E+00-6.559014350E+00
-6.570100345E+00-6.583246250E+00-6.598357743E+00-6.615358664E+00-6.634187986E+00
-6.654797127E+00-6.677147912E+00-6.701210789E+00-6.726963499E+00-6.754389613E+00
-6.783477743E+00-6.814220443E+00-6.846613537E+00-6.880655331E+00-6.916346101E+00
-6.953687422E+00-6.992681817E+00-7.033332121E+00-7.075641290E+00-7.119611767E+00
-7.165245364E+00-7.212542789E+00-7.261503414E+00-7.312124991E+00-7.364403346E+00
-7.418332173E+00-7.473902923E+00-7.531104367E+00-7.589922756E+00-7.650341344E+00
-7.712340510E+00-7.775897522E+00-7.840986612E+00-7.907578663E+00-7.975641567E+00
-8.045139863E+00-8.116035098E+00-8.188285627E+00-8.261846889E+00-8.336671566E+00
-8.412709463E+00-8.489908061E+00-8.568212398E+00-8.647565464E+00-8.727908356E+00
-8.809180519E+00-8.891320055E+00-8.974263887E+00-9.057947991E+00-9.142307673E+00
-9.227277768E+00-9.312792714E+00-9.398786794E+00-9.485194094E+00-9.571948658E+00
-9.658984138E+00-9.746233754E+00-9.833629974E+00-9.921103731E+00-1.000858403E+01
-1.009599688E+01-1.018326430E+01-1.027030305E+01-1.035702290E+01-1.044332528E+01
-1.052910101E+01-1.061422831E+01-1.069857050E+01-1.078197353E+01-1.086426345E+01
-1.094524386E+01-1.102469342E+01-1.110236319E+01-1.117797432E+01-1.125121601E+01
-1.132174337E+01-1.138917605E+01-1.145309711E+01-1.151305244E+01-1.156855109E+01
-1.161906609E+01-1.166403656E+01-1.170287076E+01-1.173495023E+01-1.175963574E+01
-1.177627411E+01-1.178420691E+01-1.178278061E+01-1.177135807E+01-1.174933138E+01
-1.171613589E+01-1.167126470E+01-1.161428433E+01-1.154484946E+01-1.146271804E+01
-1.136776501E+01-1.125999451E+01-1.113955034E+01-1.100672383E+01-1.086195844E+01
-1.070585151E+01-1.053915187E+01-1.036275368E+01-1.017768596E+01-9.985098271E+00
-9.786242127E+00-9.582449023E+00-9.375105144E+00-9.165624211E+00-8.955418648E+00
-6.607740904E+00-6.832005567E+00-6.960442182E+00-6.992240191E+00-6.922500062E+00
-6.849671232E+00-6.787396429E+00-6.733823416E+00-6.688001097E+00-6.649033849E+00
-6.616113750E+00-6.588536147E+00-6.565698979E+00-6.547093643E+00-6.532293443E+00
-6.520941346E+00-6.512739176E+00-6.507437853E+00-6.504829664E+00-6.504741331E+00
-6.507028535E+00-6.511571305E+00-6.518270394E+00-6.527043891E+00-6.537824739E+00
-6.550558607E+00-6.565201879E+00-6.581720161E+00-6.600086935E+00-6.620282346E+00
-6.642292327E+00-6.666107659E+00-6.691723102E+00-6.719136883E+00-6.748349988E+00
-6.779365646E+00-6.812188822E+00-6.846825820E+00-6.883283772E+00-6.921570320E+00
-6.961693265E+00-7.003660252E+00-7.047478412E+00-7.093154087E+00-7.140692714E+00
-7.190098353E+00-7.241373682E+00-7.294519607E+00-7.349535261E+00-7.406417690E+00
-7.465161890E+00-7.525760572E+00-7.588203965E+00-7.652480091E+00-7.718574373E+00
-7.786469830E+00-7.856146999E+00-7.927584012E+00-8.000756601E+00-8.075638249E+00
-8.152200274E+00-8.230411905E+00-8.310240440E+00-8.391651446E+00-8.474608910E+00
-8.559075325E+00-8.645011882E+00-8.732378671E+00-8.821134794E+00-8.911238489E+00
-9.002647125E+00-9.095317286E+00-9.189204763E+00-9.284264447E+00-9.380450003E+00
-9.477713639E+00-9.576005675E+00-9.675273944E+00-9.775462933E+00-9.876512914E+00
-9.978358758E+00-1.008092864E+01-1.018414247E+01-1.028790997E+01-1.039212895E+01
-1.049668270E+01-1.060143786E+01-1.070624176E+01-1.081091951E+01-1.091527118E+01
-1.101906878E+01-1.112205327E+01-1.122393138E+01-1.132437276E+01-1.142300714E+01
-1.151942184E+01-1.161315948E+01-1.170371654E+01-1.179054226E+01-1.187303856E+01
-1.195056121E+01-1.202242193E+01-1.208789228E+01-1.214620916E+01-1.219658224E+01
-1.223820327E+01-1.227025776E+01-1.229193841E+01-1.230246056E+01-1.230107934E+01
-1.228710787E+01-1.225993627E+01-1.221905075E+01-1.216405188E+01-1.209467175E+01
-1.201078883E+01-1.191244014E+01-1.179982996E+01-1.167333462E+01-1.153350312E+01
-1.138105311E+01-1.121686229E+01-1.104195524E+01-1.085748619E+01-1.066471778E+01
-1.046499686E+01-1.025972798E+01-1.005034531E+01-9.838284401E+00-6.697319840E+00
-6.918241479E+00-7.045133882E+00-7.073540169E+00-7.014399416E+00-6.935373837E+00
-6.863516828E+00-6.799177032E+00-6.741815154E+00-6.690857304E+00-6.645740507E+00
-6.605935474E+00-6.570959091E+00-6.540379267E+00-6.513814972E+00-6.490933874E+00
-6.471447886E+00-6.455108911E+00-6.441704232E+00-6.431051982E+00-6.422997521E+00
-6.417409766E+00-6.414178163E+00-6.413210084E+00-6.414428387E+00-6.417769559E+00
-6.423182027E+00-6.430624343E+00-6.440064318E+00-6.451477524E+00-6.464846546E+00
-6.480159960E+00-6.497411697E+00-6.516600142E+00-6.537727738E+00-6.560800317E+00
-6.585826623E+00-6.612817808E+00-6.641786992E+00-6.672749067E+00-6.705720030E+00
-6.740716861E+00-6.777757054E+00-6.816858497E+00-6.858039036E+00-6.901316204E+00
-6.946707102E+00-6.994228118E+00-7.043894580E+00-7.095720828E+00-7.149719746E+00
-7.205902839E+00-7.264279995E+00-7.324859332E+00-7.387647153E+00-7.452647988E+00
-7.519864281E+00-7.589296584E+00-7.660943516E+00-7.734801691E+00-7.810865828E+00
-7.889128835E+00-7.969581849E+00-8.052214230E+00-8.137013883E+00-8.223967177E+00
-8.313059061E+00-8.404273223E+00-8.497592170E+00-8.592997266E+00-8.690468734E+00
-8.789985651E+00-8.891525837E+00-8.995065770E+00-9.100580234E+00-9.208042043E+00
-9.317421571E+00-9.428685997E+00-9.541798640E+00-9.656718013E+00-9.773396523E+00
-9.891779206E+00-1.001180204E+01-1.013339020E+01-1.025645584E+01-1.038089580E+01
-1.050658893E+01-1.063339331E+01-1.076114296E+01-1.088964463E+01-1.101867400E+01
-1.114797204E+01-1.127724097E+01-1.140614029E+01-1.153428263E+01-1.166122996E+01
-1.178648977E+01-1.190951168E+01-1.202968486E+01-1.214633614E+01-1.225872928E+01
-1.236606560E+01-1.246748684E+01-1.256207960E+01-1.264888275E+01-1.272689750E+01
-1.279510035E+01-1.285245927E+01-1.289795276E+01-1.293059155E+01-1.294944211E+01
-1.295365184E+01-1.294247448E+01-1.291529453E+01-1.287165032E+01-1.281125387E+01
-1.273400701E+01-1.264001264E+01-1.252958108E+01-1.240323022E+01-1.226168012E+01
-1.210584150E+01-1.193679903E+01-1.175578911E+01-1.156417407E+01-1.136341250E+01
-1.115502813E+01-1.094057738E+01-1.072161778E+01-6.770415403E+00-6.992176010E+00
-7.117297693E+00-7.142188072E+00-7.074517427E+00-6.988656714E+00-6.909414123E+00
-6.836736231E+00-6.770290863E+00-6.709702700E+00-6.654579683E+00-6.604531995E+00
-6.559185461E+00-6.518190334E+00-6.481226024E+00-6.448003025E+00-6.418262956E+00
-6.391777420E+00-6.368345994E+00-6.347793942E+00-6.329970010E+00-6.314743984E+00
-6.302004521E+00-6.291657222E+00-6.283622736E+00-6.277835147E+00-6.274240560E+00
-6.272795790E+00-6.273467192E+00-6.276229708E+00-6.281065962E+00-6.287965397E+00
-6.296923558E+00-6.307941511E+00-6.321025323E+00-6.336185276E+00-6.353435634E+00
-6.372794087E+00-6.394281241E+00-6.417920498E+00-6.443737350E+00-6.471759297E+00
-6.502015339E+00-6.534535771E+00-6.569351918E+00-6.606495612E+00-6.645999281E+00
-6.687895350E+00-6.732216164E+00-6.778993835E+00-6.828259764E+00-6.880044722E+00
-6.934378415E+00-6.991289606E+00-7.050805636E+00-7.112952511E+00-7.177754813E+00
-7.245235475E+00-7.315415811E+00-7.388315403E+00-7.463952216E+00-7.542342522E+00
-7.623500821E+00-7.707440074E+00-7.794171629E+00-7.883705336E+00-7.976049546E+00
-8.071211313E+00-8.169196271E+00-8.270008831E+00-8.373652148E+00-8.480127992E+00
-8.589436877E+00-8.701577659E+00-8.816547503E+00-8.934341483E+00-9.054952113E+00
-9.178368717E+00-9.304576794E+00-9.433557041E+00-9.565284161E+00-9.699725494E+00
-9.836839552E+00-9.976574013E+00-1.011886351E+01-1.026362732E+01-1.041076640E+01
-1.056016021E+01-1.071166318E+01-1.086510084E+01-1.102026550E+01-1.117691140E+01
-1.133474992E+01-1.149344388E+01-1.165260212E+01-1.181177367E+01-1.197044171E+01
-1.212801799E+01-1.228383742E+01-1.243715350E+01-1.258713467E+01-1.273286230E+01
-1.287333085E+01-1.300745057E+01-1.313405362E+01-1.325190398E+01-1.335971199E+01
-1.345615333E+01-1.353989291E+01-1.360961306E+01-1.366404549E+01-1.370200577E+01
-1.372242887E+01-1.372440399E+01-1.370720714E+01-1.367032943E+01-1.361350019E+01
-1.353670303E+01-1.344018447E+01-1.332445493E+01-1.319028120E+01-1.303867110E+01
-1.287085083E+01-1.268823536E+01-1.249239377E+01-1.228501061E+01-1.206784486E+01
-1.184268918E+01-1.161133045E+01-6.824488038E+00-7.048855848E+00-7.171621773E+00
-7.192962598E+00-7.105607787E+00-7.013329215E+00-6.928082341E+00-6.848669073E+00
-6.774853292E+00-6.706370472E+00-6.642933194E+00-6.584246045E+00-6.530016720E+00
-6.479964540E+00-6.433825924E+00-6.391357385E+00-6.352337381E+00-6.316566158E+00
-6.283865671E+00-6.254078363E+00-6.227065941E+00-6.202707963E+00-6.180900534E+00
-6.161554689E+00-6.144595412E+00-6.129960217E+00-6.117598120E+00-6.107468541E+00
-6.099540629E+00-6.093792086E+00-6.090208805E+00-6.088783933E+00-6.089517231E+00
-6.092414768E+00-6.097488166E+00-6.104754210E+00-6.114234372E+00-6.125954498E+00
-6.139944216E+00-6.156236739E+00-6.174868513E+00-6.195878699E+00-6.219308983E+00
-6.245203215E+00-6.273607178E+00-6.304568071E+00-6.338134474E+00-6.374355833E+00
-6.413282303E+00-6.454964473E+00-6.499453010E+00-6.546798542E+00-6.597051343E+00
-6.650261016E+00-6.706476535E+00-6.765745847E+00-6.828115721E+00-6.893631701E+00
-6.962337955E+00-7.034277072E+00-7.109490186E+00-7.188016735E+00-7.269894542E+00
-7.355159855E+00-7.443847266E+00-7.535989792E+00-7.631618952E+00-7.730764886E+00
-7.833456238E+00-7.939720391E+00-8.049583465E+00-8.163070322E+00-8.280204444E+00
-8.401008012E+00-8.525501633E+00-8.653704138E+00-8.785632234E+00-8.921300026E+00
-9.060718347E+00-9.203893936E+00-9.350828368E+00-9.501516955E+00-9.655947049E+00
-9.814096234E+00-9.975930230E+00-1.014140022E+01-1.031044010E+01-1.048296283E+01
-1.065885656E+01-1.083798039E+01-1.102015896E+01-1.120517711E+01-1.139277343E+01
-1.158263340E+01-1.177438165E+01-1.196757399E+01-1.216168876E+01-1.235611757E+01
-1.255015673E+01-1.274299795E+01-1.293372076E+01-1.312128536E+01-1.330452858E+01
-1.348216214E+01-1.365277546E+01-1.381484400E+01-1.396674372E+01-1.410677296E+01
-1.423318245E+01-1.434421261E+01-1.443813795E+01-1.451331639E+01-1.456824131E+01
-1.460159279E+01-1.461228613E+01-1.459951377E+01-1.456277892E+01-1.450191942E+01
-1.441712047E+01-1.430891634E+01-1.417818015E+01-1.402610286E+01-1.385416151E+01
-1.366407791E+01-1.345776968E+01-1.323729546E+01-1.300479798E+01-1.276244746E+01
-1.251238860E+01-6.823416930E+00-7.040858909E+00-7.161055729E+00-7.179610596E+00
-7.106990542E+00-7.012080260E+00-6.921844617E+00-6.836865697E+00-6.756966991E+00
-6.681931056E+00-6.611522756E+00-6.545501284E+00-6.483628943E+00-6.425677180E+00
-6.371430323E+00-6.320688144E+00-6.273266729E+00-6.228998906E+00-6.187734171E+00
-6.149338054E+00-6.113691451E+00-6.080689875E+00-6.050242550E+00-6.022271585E+00
-5.996711262E+00-5.973506972E+00-5.952614865E+00-5.934000742E+00-5.917639743E+00
-5.903515634E+00-5.891620142E+00-5.881952637E+00-5.874519501E+00-5.869333736E+00
-5.866414530E+00-5.865786940E+00-5.867481303E+00-5.871533158E+00-5.877982614E+00
-5.886874191E+00-5.898256429E+00-5.912181572E+00-5.928705093E+00-5.947885698E+00
-5.969784691E+00-5.994465703E+00-6.021994609E+00-6.052438821E+00-6.085867287E+00
-6.122350099E+00-6.161958018E+00-6.204762357E+00-6.250834625E+00-6.300246252E+00
-6.353068276E+00-6.409371064E+00-6.469224233E+00-6.532696300E+00-6.599854519E+00
-6.670764726E+00-6.745491298E+00-6.824097000E+00-6.906642821E+00-6.993188176E+00
-7.083790704E+00-7.178506393E+00-7.277389692E+00-7.380493475E+00-7.487869198E+00
-7.599567055E+00-7.715636058E+00-7.836124078E+00-7.961077999E+00-8.090543723E+00
-8.224566163E+00-8.363189133E+00-8.506455143E+00-8.654405247E+00-8.807078373E+00
-8.964510846E+00-9.126735525E+00-9.293780777E+00-9.465669100E+00-9.642415466E+00
-9.824025192E+00-1.001049170E+01-1.020179332E+01-1.039788982E+01-1.059871841E+01
-1.080418870E+01-1.101417713E+01-1.122852040E+01-1.144700804E+01-1.166937378E+01
-1.189528584E+01-1.212433633E+01-1.235602892E+01-1.258976622E+01-1.282483545E+01
-1.306039406E+01-1.329545494E+01-1.352887239E+01-1.375932955E+01-1.398532912E+01
-1.420518848E+01-1.441704223E+01-1.461885339E+01-1.480843650E+01-1.498349378E+01
-1.514166518E+01-1.528059153E+01-1.539798785E+01-1.549172270E+01-1.555989738E+01
-1.560092004E+01-1.561356900E+01-1.559704280E+01-1.555099425E+01-1.547554876E+01
-1.537130662E+01-1.523932927E+01-1.508111031E+01-1.489853081E+01-1.469380009E+01
-1.446938409E+01-1.422792411E+01-1.397215166E+01-1.370480477E+01-1.342855189E+01
-6.815921780E+00-7.031357905E+00-7.148661246E+00-7.163935103E+00-7.085865506E+00
-6.986812869E+00-6.892412374E+00-6.802873152E+00-6.717988908E+00-6.637534871E+00
-6.561286582E+00-6.489028567E+00-6.420558039E+00-6.355686748E+00-6.294241102E+00
-6.236061690E+00-6.181002775E+00-6.128931818E+00-6.079728967E+00-6.033286386E+00
-5.989508138E+00-5.948309515E+00-5.909616840E+00-5.873366877E+00-5.839506595E+00
-5.807992655E+00-5.778791173E+00-5.751877250E+00-5.727234574E+00-5.704855146E+00
-5.684738967E+00-5.666893602E+00-5.651333865E+00-5.638081503E+00-5.627165003E+00
-5.618619194E+00-5.612484814E+00-5.608808473E+00-5.607642177E+00-5.609043056E+00
-5.613073123E+00-5.619798846E+00-5.629290946E+00-5.641624005E+00-5.656876114E+00
-5.675128670E+00-5.696465870E+00-5.720974392E+00-5.748743042E+00-5.779862517E+00
-5.814424814E+00-5.852522995E+00-5.894250828E+00-5.939702322E+00-5.988971560E+00
-6.042152275E+00-6.099337408E+00-6.160619115E+00-6.226088289E+00-6.295834406E+00
-6.369945366E+00-6.448507295E+00-6.531604548E+00-6.619319547E+00-6.711732863E+00
-6.808923139E+00-6.910967359E+00-7.017940776E+00-7.129917264E+00-7.246969317E+00
-7.369168484E+00-7.496585330E+00-7.629290024E+00-7.767352106E+00-7.910841116E+00
-8.059826435E+00-8.214377446E+00-8.374563530E+00-8.540453913E+00-8.712117306E+00
-8.889621397E+00-9.073032298E+00-9.262413245E+00-9.457823612E+00-9.659316825E+00
-9.866938469E+00-1.008072345E+01-1.030069258E+01-1.052684844E+01-1.075917064E+01
-1.099760956E+01-1.124207941E+01-1.149244976E+01-1.174853560E+01-1.201008564E+01
-1.227676896E+01-1.254815946E+01-1.282371809E+01-1.310277312E+01-1.338449789E+01
-1.366788723E+01-1.395173218E+01-1.423459491E+01-1.451478480E+01-1.479033913E+01
-1.505901070E+01-1.531826810E+01-1.556531280E+01-1.579711875E+01-1.601049808E+01
-1.620219298E+01-1.636899021E+01-1.650784879E+01-1.661602889E+01-1.669120926E+01
-1.673158397E+01-1.673593384E+01-1.670367182E+01-1.663486558E+01-1.653023866E+01
-1.639115298E+01-1.621957103E+01-1.601799634E+01-1.578938996E+01-1.553706352E+01
-1.526455333E+01-1.497548407E+01-1.467343605E+01-1.436182804E+01-6.799460431E+00
-7.017185808E+00-7.130402071E+00-7.141956602E+00-7.042160935E+00-6.938593541E+00
-6.841000803E+00-6.747984363E+00-6.659217602E+00-6.574419248E+00-6.493349756E+00
-6.415807990E+00-6.341624063E+00-6.270651645E+00-6.202761980E+00-6.137839785E+00
-6.075780692E+00-6.016489434E+00-5.959879293E+00-5.905871550E+00-5.854395600E+00
-5.805388721E+00-5.758796226E+00-5.714571664E+00-5.672676620E+00-5.633080954E+00
-5.595762524E+00-5.560707460E+00-5.527909775E+00-5.497371399E+00-5.469101985E+00
-5.443118790E+00-5.419446595E+00-5.398117275E+00-5.379169953E+00-5.362650450E+00
-5.348611326E+00-5.337111481E+00-5.328216003E+00-5.321996009E+00-5.318528089E+00
-5.317894353E+00-5.320181832E+00-5.325482446E+00-5.333892367E+00-5.345511907E+00
-5.360445039E+00-5.378798970E+00-5.400683779E+00-5.426212072E+00-5.455498301E+00
-5.488658616E+00-5.525810309E+00-5.567071262E+00-5.612559633E+00-5.662393463E+00
-5.716690239E+00-5.775566465E+00-5.839137346E+00-5.907516625E+00-5.980816197E+00
-6.059145829E+00-6.142613277E+00-6.231324012E+00-6.325381222E+00-6.424885926E+00
-6.529937133E+00-6.640631886E+00-6.757065568E+00-6.879332305E+00-7.007525237E+00
-7.141736912E+00-7.282059721E+00-7.428586450E+00-7.581410554E+00-7.740626787E+00
-7.906331402E+00-8.078622740E+00-8.257601189E+00-8.443369622E+00-8.636033036E+00
-8.835698637E+00-9.042475089E+00-9.256471960E+00-9.477798348E+00-9.706561377E+00
-9.942863921E+00-1.018680188E+01-1.043846035E+01-1.069790914E+01-1.096519701E+01
-1.124034439E+01-1.152333485E+01-1.181410418E+01-1.211252771E+01-1.241840459E+01
-1.273143924E+01-1.305121920E+01-1.337718910E+01-1.370862031E+01-1.404457597E+01
-1.438387127E+01-1.472502992E+01-1.506623730E+01-1.540529381E+01-1.573957236E+01
-1.606598798E+01-1.638098976E+01-1.668058892E+01-1.696043635E+01-1.721595835E+01
-1.744254623E+01-1.763578113E+01-1.779166076E+01-1.790679616E+01-1.797855691E+01
-1.800516120E+01-1.798572064E+01-1.792025458E+01-1.780968460E+01-1.765581532E+01
-1.746129655E+01-1.722955853E+01-1.696470557E+01-1.667135938E+01-1.635445308E+01
-1.601899444E+01-1.566983125E+01-1.531145479E+01-6.726784981E+00-6.933675652E+00
-7.043817357E+00-7.053171244E+00-6.971284612E+00-6.867804054E+00-6.768574357E+00
-6.673521016E+00-6.582142560E+00-6.494088570E+00-6.409128443E+00-6.327109350E+00
-6.247924362E+00-6.171491684E+00-6.097742922E+00-6.026616650E+00-5.958055385E+00
-5.892004482E+00-5.828412011E+00-5.767229196E+00-5.708411123E+00-5.651917367E+00
-5.597712627E+00-5.545767433E+00-5.496058578E+00-5.448569514E+00-5.403290668E+00
-5.360219873E+00-5.319362171E+00-5.280730328E+00-5.244344596E+00-5.210232947E+00
-5.178430880E+00-5.148981538E+00-5.121935509E+00-5.097350789E+00-5.075292662E+00
-5.055833505E+00-5.039052628E+00-5.025036039E+00-5.013876367E+00-5.005672386E+00
-5.000528817E+00-4.998556138E+00-4.999870062E+00-5.004591271E+00-5.012844896E+00
-5.024760205E+00-5.040470133E+00-5.060110645E+00-5.083820387E+00-5.111740133E+00
-5.144012114E+00-5.180779704E+00-5.222186592E+00-5.268376545E+00-5.319492701E+00
-5.375677133E+00-5.437070458E+00-5.503811320E+00-5.576036240E+00-5.653879173E+00
-5.737471398E+00-5.826941356E+00-5.922414692E+00-6.024014252E+00-6.131860244E+00
-6.246070589E+00-6.366761121E+00-6.494046216E+00-6.628039107E+00-6.768852752E+00
-6.916600265E+00-7.071395827E+00-7.233355428E+00-7.402597699E+00-7.579244582E+00
-7.763422467E+00-7.955262517E+00-8.154901681E+00-8.362483296E+00-8.578157155E+00
-8.802080227E+00-9.034416254E+00-9.275335559E+00-9.525014335E+00-9.783633347E+00
-1.005137600E+01-1.032842573E+01-1.061496236E+01-1.091115723E+01-1.121716705E+01
-1.153312575E+01-1.185913426E+01-1.219524748E+01-1.254145829E+01-1.289767717E+01
-1.326370732E+01-1.363921385E+01-1.402368611E+01-1.441639190E+01-1.481632186E+01
-1.522212336E+01-1.563202257E+01-1.604373498E+01-1.645436762E+01-1.686031982E+01
-1.725720011E+01-1.763978803E+01-1.800208459E+01-1.833749785E+01-1.863918348E+01
-1.890049878E+01-1.911546499E+01-1.927912376E+01-1.938773465E+01-1.943883481E+01
-1.943122016E+01-1.936490414E+01-1.924108838E+01-1.906215429E+01-1.883166574E+01
-1.855435282E+01-1.823602878E+01-1.788338743E+01-1.750364894E+01-1.710408682E+01
-1.669154124E+01-1.627204500E+01-6.645616991E+00-6.845113333E+00-6.950467915E+00
-6.958145917E+00-6.876697995E+00-6.774741438E+00-6.676622168E+00-6.581578245E+00
-6.489000318E+00-6.398662631E+00-6.310512271E+00-6.224559560E+00-6.140829989E+00
-6.059345544E+00-5.980118398E+00-5.903150167E+00-5.828433680E+00-5.755954754E+00
-5.685694792E+00-5.617632834E+00-5.551747447E+00-5.488018418E+00-5.426428176E+00
-5.366962853E+00-5.309613306E+00-5.254375992E+00-5.201253352E+00-5.150254645E+00
-5.101396104E+00-5.054701250E+00-5.010201287E+00-4.967935260E+00-4.927949975E+00
-4.890300237E+00-4.855048926E+00-4.822266843E+00-4.792032787E+00-4.764433435E+00
-4.739563228E+00-4.717524289E+00-4.698426107E+00-4.682385423E+00-4.669525951E+00
-4.659978101E+00-4.653878432E+00-4.651369607E+00-4.652599612E+00-4.657721510E+00
-4.666892704E+00-4.680274610E+00-4.698031800E+00-4.720331601E+00-4.747343195E+00
-4.779237220E+00-4.816184825E+00-4.858357200E+00-4.905924825E+00-4.959056842E+00
-5.017920501E+00-5.082680607E+00-5.153499092E+00-5.230534656E+00-5.313942414E+00
-5.403873856E+00-5.500476649E+00-5.603894799E+00-5.714268802E+00-5.831736044E+00
-5.956431152E+00-6.088486784E+00-6.228034138E+00-6.375204019E+00-6.530127668E+00
-6.692937938E+00-6.863770362E+00-7.042764610E+00-7.230065633E+00-7.425824998E+00
-7.630202471E+00-7.843367112E+00-8.065498899E+00-8.296789782E+00-8.537444797E+00
-8.787683318E+00-9.047739574E+00-9.317863118E+00-9.598319108E+00-9.889387791E+00
-1.019136328E+01-1.050455203E+01-1.082926954E+01-1.116583628E+01-1.151457167E+01
-1.187578586E+01-1.224976875E+01-1.263677568E+01-1.303700850E+01-1.345059103E+01
-1.387753750E+01-1.431771198E+01-1.477077640E+01-1.523612403E+01-1.571279452E+01
-1.619936514E+01-1.669381205E+01-1.719333417E+01-1.769413429E+01-1.819116008E+01
-1.867783675E+01-1.914588611E+01-1.958542993E+01-1.998561566E+01-2.033576927E+01
-2.062661669E+01-2.085100357E+01-2.100399204E+01-2.108261201E+01-2.108555828E+01
-2.101297873E+01-2.086639129E+01-2.064872710E+01-2.036447799E+01-2.001990615E+01
-1.962321371E+01-1.918446937E+01-1.871502261E+01-1.822633527E+01-1.772865411E+01
-1.723017071E+01-6.550180572E+00-6.739832585E+00-6.836784732E+00-6.846676103E+00
-6.755818701E+00-6.662350431E+00-6.569804536E+00-6.476653548E+00-6.383572217E+00
-6.291177891E+00-6.199911722E+00-6.110076493E+00-6.021878066E+00-5.935454770E+00
-5.850897698E+00-5.768264608E+00-5.687589816E+00-5.608891172E+00-5.532175726E+00
-5.457443480E+00-5.384691005E+00-5.313913613E+00-5.245107522E+00-5.178271471E+00
-5.113408020E+00-5.050524657E+00-4.989634499E+00-4.930757170E+00-4.873919183E+00
-4.819154620E+00-4.766505243E+00-4.716021011E+00-4.667760078E+00-4.621789224E+00
-4.578183820E+00-4.537027905E+00-4.498414383E+00-4.462444864E+00-4.429229626E+00
-4.398887734E+00-4.371546644E+00-4.347342127E+00-4.326418106E+00-4.308926310E+00
-4.295025871E+00-4.284882896E+00-4.278670190E+00-4.276566429E+00-4.278755726E+00
-4.285426999E+00-4.296773068E+00-4.312990182E+00-4.334276833E+00-4.360833287E+00
-4.392860520E+00-4.430559389E+00-4.474129846E+00-4.523770028E+00-4.579675632E+00
-4.642039084E+00-4.711048987E+00-4.786889573E+00-4.869740344E+00-4.959775760E+00
-5.057165238E+00-5.162073032E+00-5.274658672E+00-5.395077191E+00-5.523479885E+00
-5.660014892E+00-5.804828307E+00-5.958065274E+00-6.119871297E+00-6.290393728E+00
-6.469783348E+00-6.658196177E+00-6.855795368E+00-7.062753175E+00-7.279253000E+00
-7.505491603E+00-7.741681307E+00-7.988052204E+00-8.244854398E+00-8.512360180E+00
-8.790866145E+00-9.080695289E+00-9.382198658E+00-9.695756968E+00-1.002178190E+01
-1.036071650E+01-1.071303529E+01-1.107924318E+01-1.145987295E+01-1.185548144E+01
-1.226664293E+01-1.269393954E+01-1.313794784E+01-1.359921978E+01-1.407825660E+01
-1.457547363E+01-1.509115254E+01-1.562537742E+01-1.617794867E+01-1.674826579E+01
-1.733516653E+01-1.793669958E+01-1.854979496E+01-1.916976941E+01-1.978956892E+01
-2.039865516E+01-2.098177628E+01-2.151920944E+01-2.199086867E+01-2.238160269E+01
-2.268233340E+01-2.288827785E+01-2.299723081E+01-2.300859591E+01-2.292296028E+01
-2.274200663E+01-2.246867197E+01-2.210754887E+01-2.166559677E+01-2.115325635E+01
-2.058580654E+01-1.998354673E+01-1.936804221E+01-1.875615595E+01-1.815807667E+01
-6.419815325E+00-6.580672535E+00-6.669396272E+00-6.681610740E+00-6.631109370E+00
-6.551013550E+00-6.460726373E+00-6.366490330E+00-6.270826459E+00-6.174999161E+00
-6.079728140E+00-5.985454825E+00-5.892462025E+00-5.800934915E+00-5.710995357E+00
-5.622722938E+00-5.536168364E+00-5.451362801E+00-5.368324450E+00-5.287063398E+00
-5.207585280E+00-5.129894112E+00-5.053994507E+00-4.979893515E+00-4.907602050E+00
-4.837135833E+00-4.768516613E+00-4.701772716E+00-4.636939879E+00-4.574061479E+00
-4.513189367E+00-4.454383783E+00-4.397714150E+00-4.343258870E+00-4.291105884E+00
-4.241352666E+00-4.194106420E+00-4.149484043E+00-4.107612363E+00-4.068627937E+00
-4.032677132E+00-3.999915813E+00-3.970509337E+00-3.944632165E+00-3.922467561E+00
-3.904207074E+00-3.890050166E+00-3.880203500E+00-3.874880299E+00-3.874299547E+00
-3.878685145E+00-3.888264987E+00-3.903269960E+00-3.923932901E+00-3.950487519E+00
-3.983167322E+00-4.022204504E+00-4.067828881E+00-4.120266841E+00-4.179740518E+00
-4.246466763E+00-4.320656640E+00-4.402514748E+00-4.492238752E+00-4.590019386E+00
-4.696040287E+00-4.810478281E+00-4.933503965E+00-5.065282186E+00-5.205973221E+00
-5.355733917E+00-5.514719113E+00-5.683083294E+00-5.860982559E+00-6.048576791E+00
-6.246031781E+00-6.453521949E+00-6.671233025E+00-6.899364761E+00-7.138134011E+00
-7.387777919E+00-7.648557229E+00-7.920759634E+00-8.204703322E+00-8.500740640E+00
-8.809261917E+00-9.130699087E+00-9.465529824E+00-9.814281213E+00-1.017753364E+01
-1.055592440E+01-1.095015104E+01-1.136097424E+01-1.178921947E+01-1.223577789E+01
-1.270160497E+01-1.318771651E+01-1.369518104E+01-1.422510664E+01-1.477862090E+01
-1.535684123E+01-1.596083221E+01-1.659154586E+01-1.724973857E+01-1.793585580E+01
-1.864986807E+01-1.939102874E+01-2.015748578E+01-2.094557576E+01-2.174824964E+01
-2.255008282E+01-2.330568388E+01-2.395053732E+01-2.446802860E+01-2.485781554E+01
-2.512137675E+01-2.526027761E+01-2.527593750E+01-2.516963012E+01-2.494262517E+01
-2.459650903E+01-2.413366889E+01-2.355799784E+01-2.287631905E+01-2.210272979E+01
-2.127816524E+01-2.047504020E+01-1.971700166E+01-1.900388580E+01-6.396504224E+00
-6.571751606E+00-6.657285543E+00-6.649688033E+00-6.562757788E+00-6.459771887E+00
-6.357418817E+00-6.255216370E+00-6.153243777E+00-6.051811624E+00-5.951218360E+00
-5.851698605E+00-5.753424497E+00-5.656517581E+00-5.561061383E+00-5.467111418E+00
-5.374703145E+00-5.283858193E+00-5.194589171E+00-5.106903366E+00-5.020805784E+00
-4.936301586E+00-4.853397783E+00-4.772105054E+00-4.692438804E+00-4.614420230E+00
-4.538077225E+00-4.463445013E+00-4.390566855E+00-4.319494521E+00-4.250288724E+00
-4.183019518E+00-4.117766724E+00-4.054620134E+00-3.993679940E+00-3.935056858E+00
-3.878872390E+00-3.825259017E+00-3.774360289E+00-3.726330905E+00-3.681336738E+00
-3.639554754E+00-3.601172879E+00-3.566389773E+00-3.535414480E+00-3.508466015E+00
-3.485772812E+00-3.467572038E+00-3.454108840E+00-3.445635411E+00-3.442410001E+00
-3.444695767E+00-3.452759566E+00-3.466870637E+00-3.487299252E+00-3.514315306E+00
-3.548186884E+00-3.589178882E+00-3.637551646E+00-3.693559700E+00-3.757450600E+00
-3.829463946E+00-3.909830541E+00-3.998771817E+00-4.096499537E+00-4.203215598E+00
-4.319112309E+00-4.444372953E+00-4.579172543E+00-4.723679038E+00-4.878054722E+00
-5.042458139E+00-5.217045939E+00-5.401975601E+00-5.597407756E+00-5.803509378E+00
-6.020456818E+00-6.248439349E+00-6.487662714E+00-6.738353184E+00-7.000761533E+00
-7.275167576E+00-7.561884615E+00-7.861264563E+00-8.173703029E+00-8.499644830E+00
-8.839590020E+00-9.194100235E+00-9.563805469E+00-9.949411402E+00-1.035170724E+01
-1.077157426E+01-1.120999457E+01-1.166806072E+01-1.214698528E+01-1.264811072E+01
-1.317291875E+01-1.372303857E+01-1.430025372E+01-1.490650506E+01-1.554389022E+01
-1.621465637E+01-1.692118661E+01-1.766597953E+01-1.845162585E+01-1.928079239E+01
-2.015624018E+01-2.108093908E+01-2.205844739E+01-2.309405510E+01-2.419703434E+01
-2.523064860E+01-2.605692872E+01-2.669846128E+01-2.715728716E+01-2.746031406E+01
-2.762114144E+01-2.764179613E+01-2.751359091E+01-2.722146660E+01-2.678270028E+01
-2.620337378E+01-2.547937542E+01-2.459485340E+01-2.352487290E+01-2.238992463E+01
-2.139620613E+01-2.050350507E+01-1.968885722E+01-6.351516380E+00-6.531055323E+00
-6.613700863E+00-6.595940482E+00-6.479799300E+00-6.362765134E+00-6.249336390E+00
-6.138118889E+00-6.028613008E+00-5.920592084E+00-5.813973260E+00-5.708738885E+00
-5.604895224E+00-5.502453190E+00-5.401420702E+00-5.301800717E+00-5.203591459E+00
-5.106788045E+00-5.011384249E+00-4.917374239E+00-4.824754273E+00-4.733524037E+00
-4.643687981E+00-4.555256192E+00-4.468245257E+00-4.382679210E+00-4.298589963E+00
-4.216017824E+00-4.135012236E+00-4.055631906E+00-3.977945507E+00-3.902031863E+00
-3.827980534E+00-3.755892011E+00-3.685878144E+00-3.618062498E+00-3.552580626E+00
-3.489580372E+00-3.429222109E+00-3.371678907E+00-3.317136690E+00-3.265794225E+00
-3.217863106E+00-3.173567585E+00-3.133144268E+00-3.096841719E+00-3.064919875E+00
-3.037649333E+00-3.015310475E+00-2.998192392E+00-2.986591717E+00-2.980811221E+00
-2.981158332E+00-2.987943484E+00-3.001478397E+00-3.022074254E+00-3.050039860E+00
-3.085679797E+00-3.129292604E+00-3.181169086E+00-3.241590712E+00-3.310828224E+00
-3.389140489E+00-3.476773588E+00-3.573960243E+00-3.680919595E+00-3.797857331E+00
-3.924966228E+00-4.062427090E+00-4.210410093E+00-4.369076589E+00-4.538581180E+00
-4.719074372E+00-4.910705330E+00-5.113625346E+00-5.327991310E+00-5.553969602E+00
-5.791740437E+00-6.041502109E+00-6.303476161E+00-6.577912108E+00-6.865093072E+00
-7.165341577E+00-7.479025609E+00-7.806565324E+00-8.148440406E+00-8.505197677E+00
-8.877460000E+00-9.265935890E+00-9.671429998E+00-1.009485544E+01-1.053724719E+01
-1.099977751E+01-1.148377330E+01-1.199073589E+01-1.252236318E+01-1.308057450E+01
-1.366753827E+01-1.428570201E+01-1.493782437E+01-1.562700851E+01-1.635673544E+01
-1.713089724E+01-1.795383099E+01-1.883035882E+01-1.976585000E+01-2.076633661E+01
-2.183874366E+01-2.299132467E+01-2.423445580E+01-2.552658762E+01-2.661117561E+01
-2.749717613E+01-2.819801003E+01-2.870578140E+01-2.902388603E+01-2.917877611E+01
-2.917600757E+01-2.901432746E+01-2.867114697E+01-2.813915921E+01-2.743453952E+01
-2.655274491E+01-2.548172357E+01-2.420209694E+01-2.302232862E+01-2.196385833E+01
-2.100805225E+01-2.013835258E+01-6.253855599E+00-6.430857823E+00-6.509480270E+00
-6.486497325E+00-6.373876699E+00-6.249493869E+00-6.128288153E+00-6.009752365E+00
-5.893492945E+00-5.779219207E+00-5.666725525E+00-5.555867030E+00-5.446538681E+00
-5.338660619E+00-5.232168778E+00-5.127009971E+00-5.023139046E+00-4.920517942E+00
-4.819115142E+00-4.718906177E+00-4.619873712E+00-4.522008055E+00-4.425307670E+00
-4.329779451E+00-4.235439040E+00-4.142311336E+00-4.050430736E+00-3.959841328E+00
-3.870597395E+00-3.782763635E+00-3.696415553E+00-3.611639846E+00-3.528534784E+00
-3.447210651E+00-3.367790181E+00-3.290408991E+00-3.215216038E+00-3.142374032E+00
-3.072059825E+00-3.004464776E+00-2.939795000E+00-2.878271583E+00-2.820130636E+00
-2.765623271E+00-2.715015405E+00-2.668587358E+00-2.626633349E+00-2.589460692E+00
-2.557388847E+00-2.530748205E+00-2.509878666E+00-2.495127999E+00-2.486849975E+00
-2.485402317E+00-2.491144498E+00-2.504435407E+00-2.525630924E+00-2.555081475E+00
-2.593129615E+00-2.640107702E+00-2.696335726E+00-2.762119337E+00-2.837748219E+00
-2.923494730E+00-3.019613012E+00-3.126338506E+00-3.243887966E+00-3.372459965E+00
-3.512235973E+00-3.663381882E+00-3.826050133E+00-4.000382299E+00-4.186512101E+00
-4.384569072E+00-4.594682283E+00-4.816984944E+00-5.051618812E+00-5.298739397E+00
-5.558521237E+00-5.831163495E+00-6.116896065E+00-6.415985878E+00-6.728743674E+00
-7.055531100E+00-7.396768742E+00-7.752944599E+00-8.124623340E+00-8.512457023E+00
-8.917196636E+00-9.339705731E+00-9.780975751E+00-1.024214399E+01-1.072451437E+01
-1.122958202E+01-1.175906201E+01-1.231492372E+01-1.289943071E+01-1.351518853E+01
-1.416519965E+01-1.485292740E+01-1.558236730E+01-1.635812489E+01-1.718549515E+01
-1.807053688E+01-1.902013376E+01-2.004203326E+01-2.114486420E+01-2.233814381E+01
-2.363229208E+01-2.503350766E+01-2.633083967E+01-2.741272256E+01-2.828428845E+01
-2.896913986E+01-2.947701179E+01-2.980939106E+01-2.995492887E+01-2.990999678E+01
-2.968800900E+01-2.928745409E+01-2.869858514E+01-2.789882211E+01-2.687514275E+01
-2.563390279E+01-2.435934518E+01-2.320339700E+01-2.215283355E+01-2.119527546E+01
-2.031904521E+01-6.139184559E+00-6.312135204E+00-6.386988957E+00-6.359979372E+00
-6.248157408E+00-6.118756181E+00-5.991810353E+00-5.867560574E+00-5.745731838E+00
-5.626066592E+00-5.508339276E+00-5.392356557E+00-5.277954220E+00-5.164992712E+00
-5.053353284E+00-4.942935311E+00-4.833653770E+00-4.725438292E+00-4.618231750E+00
-4.511989976E+00-4.406680900E+00-4.302284428E+00-4.198792090E+00-4.096206682E+00
-3.994542192E+00-3.893823768E+00-3.794087507E+00-3.695380602E+00-3.597761431E+00
-3.501299765E+00-3.406077044E+00-3.312186733E+00-3.219734766E+00-3.128840025E+00
-3.039634912E+00-2.952265933E+00-2.866894301E+00-2.783696569E+00-2.702865236E+00
-2.624609297E+00-2.549154773E+00-2.476745087E+00-2.407641378E+00-2.342122644E+00
-2.280485670E+00-2.223044816E+00-2.170131485E+00-2.122093389E+00-2.079293499E+00
-2.042108687E+00-2.010928068E+00-1.986151032E+00-1.968184944E+00-1.957442593E+00
-1.954339376E+00-1.959290282E+00-1.972706706E+00-1.994993218E+00-2.026544296E+00
-2.067741170E+00-2.118948815E+00-2.180513231E+00-2.252759071E+00-2.335987700E+00
-2.430475803E+00-2.536474531E+00-2.654209314E+00-2.783880323E+00-2.925663634E+00
-3.079713018E+00-3.246162471E+00-3.425129321E+00-3.616717941E+00-3.821024006E+00
-4.038139243E+00-4.268156547E+00-4.511175633E+00-4.767308790E+00-5.036687217E+00
-5.319467367E+00-5.615837766E+00-5.926026261E+00-6.250307266E+00-6.589009962E+00
-6.942526647E+00-7.311322193E+00-7.695944091E+00-8.097033996E+00-8.515340692E+00
-8.951734939E+00-9.407226699E+00-9.882985575E+00-1.038036497E+01-1.090093112E+01
-1.144649813E+01-1.201917066E+01-1.262139619E+01-1.325602924E+01-1.392640967E+01
-1.463645901E+01-1.539079603E+01-1.619487221E+01-1.705512241E+01-1.797911504E+01
-1.897566887E+01-2.005488099E+01-2.122800069E+01-2.250711292E+01-2.390508906E+01
-2.531811692E+01-2.654454795E+01-2.758525596E+01-2.841730842E+01-2.906044788E+01
-2.953390907E+01-2.983984844E+01-2.997289173E+01-2.990001101E+01-2.963256988E+01
-2.917865929E+01-2.852926426E+01-2.766759387E+01-2.654973990E+01-2.525987026E+01
-2.407548356E+01-2.299035785E+01-2.199470729E+01-2.107919937E+01-2.023514705E+01
-6.024215188E+00-6.195929524E+00-6.267464918E+00-6.235747954E+00-6.105511542E+00
-5.970760807E+00-5.839353884E+00-5.710633712E+00-5.584357473E+00-5.460281051E+00
-5.338166356E+00-5.217789560E+00-5.098945669E+00-4.981450926E+00-4.865143361E+00
-4.749882909E+00-4.635550662E+00-4.522047849E+00-4.409294881E+00-4.297230139E+00
-4.185808865E+00-4.075002218E+00-3.964796135E+00-3.855190550E+00-3.746198699E+00
-3.637846514E+00-3.530172216E+00-3.423226087E+00-3.317070341E+00-3.211779236E+00
-3.107439270E+00-3.004149546E+00-2.902022296E+00-2.801183452E+00-2.701773389E+00
-2.603947707E+00-2.507878099E+00-2.413753218E+00-2.321779588E+00-2.232182493E+00
-2.145206781E+00-2.061117598E+00-1.980201005E+00-1.902764385E+00-1.829136676E+00
-1.759668323E+00-1.694730932E+00-1.634716580E+00-1.580036769E+00-1.531120929E+00
-1.488414537E+00-1.452376755E+00-1.423477658E+00-1.402195030E+00-1.389010786E+00
-1.384407046E+00-1.388861987E+00-1.402845507E+00-1.426814828E+00-1.461210175E+00
-1.506450642E+00-1.562930363E+00-1.631015145E+00-1.711039672E+00-1.803305376E+00
-1.908079087E+00-2.025592537E+00-2.156042709E+00-2.299593130E+00-2.456376020E+00
-2.626495318E+00-2.810030512E+00-3.007041189E+00-3.217572217E+00-3.441659505E+00
-3.679336207E+00-3.930639267E+00-4.195616316E+00-4.474332752E+00-4.766878984E+00
-5.073378096E+00-5.393993240E+00-5.728935911E+00-6.078473866E+00-6.442940107E+00
-6.822742179E+00-7.218372259E+00-7.630418457E+00-8.059577668E+00-8.506670065E+00
-8.972656123E+00-9.458656945E+00-9.965978223E+00-1.049613962E+01-1.105091080E+01
-1.163235612E+01-1.224289079E+01-1.288535218E+01-1.356309129E+01-1.428009176E+01
-1.504112515E+01-1.585195514E+01-1.671960302E+01-1.765268060E+01-1.866176585E+01
-1.975970652E+01-2.096157011E+01-2.228384955E+01-2.372215556E+01-2.501144981E+01
-2.611625847E+01-2.705348849E+01-2.782768634E+01-2.843583555E+01-2.886590449E+01
-2.912246249E+01-2.921293240E+01-2.913190955E+01-2.886527410E+01-2.838859529E+01
-2.769380960E+01-2.677464759E+01-2.562265813E+01-2.447610363E+01-2.341891941E+01
-2.244147020E+01-2.153574324E+01-2.069475603E+01-1.991229667E+01-5.870409650E+00
-6.037745236E+00-6.105480495E+00-6.070448402E+00-5.943439377E+00-5.805545924E+00
-5.670723088E+00-5.538621990E+00-5.408985038E+00-5.281538800E+00-5.156006774E+00
-5.032120926E+00-4.909630322E+00-4.788306487E+00-4.667946830E+00-4.548375827E+00
-4.429445298E+00-4.311033341E+00-4.193042838E+00-4.075399835E+00-3.958051500E+00
-3.840964460E+00-3.724122850E+00-3.607526942E+00-3.491191777E+00-3.375146126E+00
-3.259431704E+00-3.144102626E+00-3.029225145E+00-2.914877632E+00-2.801150755E+00
-2.688147921E+00-2.575985867E+00-2.464795464E+00-2.354722668E+00-2.245929566E+00
-2.138595599E+00-2.032918779E+00-1.929117011E+00-1.827429397E+00-1.728117494E+00
-1.631466499E+00-1.537786324E+00-1.447412433E+00-1.360706500E+00-1.278056688E+00
-1.199877617E+00-1.126609863E+00-1.058718985E+00-9.966939721E-01-9.410451722E-01
-8.923015153E-01-8.510071912E-01-8.177176622E-01-7.929951039E-01-7.774033505E-01
-7.715024149E-01-7.758426686E-01-7.909589284E-01-8.173644955E-01-8.555454221E-01
-9.059551500E-01-9.690097231E-01-1.045083730E+00-1.134507185E+00-1.237563433E+00
-1.354488176E+00-1.485469737E+00-1.630650490E+00-1.790129520E+00-1.963966402E+00
-2.152185990E+00-2.354784151E+00-2.571734238E+00-2.802994181E+00-3.048514063E+00
-3.308243954E+00-3.582142011E+00-3.870182588E+00-4.172364432E+00-4.488718708E+00
-4.819317220E+00-5.164280413E+00-5.523785622E+00-5.898075232E+00-6.287465460E+00
-6.692355696E+00-7.113238194E+00-7.550709262E+00-8.005481907E+00-8.478399982E+00
-8.970455479E+00-9.482808471E+00-1.001681185E+01-1.057404142E+01-1.115633339E+01
-1.176583221E+01-1.240505188E+01-1.307695698E+01-1.378507225E+01-1.453363504E+01
-1.532781654E+01-1.617405634E+01-1.708059673E+01-1.805837682E+01-1.912253841E+01
-2.029448515E+01-2.160425963E+01-2.290007930E+01-2.403886738E+01-2.499778309E+01
-2.581382883E+01-2.649494953E+01-2.704136578E+01-2.743894735E+01-2.765484137E+01
-2.771905312E+01-2.763102162E+01-2.738131846E+01-2.694153801E+01-2.626075555E+01
-2.534493696E+01-2.431557734E+01-2.335812563E+01-2.246259760E+01-2.162216878E+01
-2.083213035E+01-2.008872741E+01-1.938865927E+01-5.696287628E+00-5.858239979E+00
-5.922303232E+00-5.884651090E+00-5.762538482E+00-5.622769075E+00-5.485592766E+00
-5.351268645E+00-5.219467888E+00-5.089835742E+00-4.962017063E+00-4.835671719E+00
-4.710485145E+00-4.586175479E+00-4.462496910E+00-4.339240859E+00-4.216235032E+00
-4.093341295E+00-3.970453035E+00-3.847491832E+00-3.724404594E+00-3.601160421E+00
-3.477747994E+00-3.354173234E+00-3.230457343E+00-3.106635278E+00-2.982754591E+00
-2.858874669E+00-2.735066307E+00-2.611411661E+00-2.488004502E+00-2.364950730E+00
-2.242369209E+00-2.120392800E+00-1.999169638E+00-1.878864573E+00-1.759660798E+00
-1.641761571E+00-1.525392062E+00-1.410801207E+00-1.298263607E+00-1.188081317E+00
-1.080585572E+00-9.761382754E-01-8.751332454E-01-7.779971047E-01-6.851897170E-01
-5.972040927E-01-5.145656756E-01-4.378308890E-01-3.675849092E-01-3.044385651E-01
-2.490243658E-01-2.019916098E-01-1.640006304E-01-1.357162378E-01-1.178004741E-01
-1.109048385E-01-1.156621881E-01-1.326785448E-01-1.625250791E-01-2.057305451E-01
-2.627744494E-01-3.340812198E-01-4.200156091E-01-5.208795427E-01-6.369105178E-01
-7.682816979E-01-9.151036531E-01-1.077427756E+00-1.255251064E+00-1.448522605E+00
-1.657150773E+00-1.881011673E+00-2.119958124E+00-2.373829096E+00-2.642459343E+00
-2.925689015E+00-3.223373122E+00-3.535390667E+00-3.861653441E+00-4.202114390E+00
-4.556775544E+00-4.925695827E+00-5.308998285E+00-5.706877469E+00-6.119606850E+00
-6.547546340E+00-6.991150487E+00-7.450977185E+00-7.927697639E+00-8.422107398E+00
-8.935139554E+00-9.467879870E+00-1.002158518E+01-1.059770518E+01-1.119790953E+01
-1.182412100E+01-1.247855767E+01-1.316378735E+01-1.388280049E+01-1.463911180E+01
-1.543691156E+01-1.628131056E+01-1.717879121E+01-1.813822151E+01-1.917423003E+01
-2.028738171E+01-2.130950101E+01-2.223468519E+01-2.305658321E+01-2.376306819E+01
-2.434124609E+01-2.479662922E+01-2.513244987E+01-2.534463532E+01-2.542097088E+01
-2.534726025E+01-2.512638467E+01-2.475590528E+01-2.422081102E+01-2.349025474E+01
-2.274149598E+01-2.200865273E+01-2.129711138E+01-2.061012311E+01-1.994949631E+01
-1.931605994E+01-1.870995378E+01-5.520293236E+00-5.680197143E+00-5.741131231E+00
-5.700095090E+00-5.563713345E+00-5.421561821E+00-5.283347185E+00-5.148254347E+00
-5.015783566E+00-4.885430611E+00-4.756709651E+00-4.629172322E+00-4.502419275E+00
-4.376106001E+00-4.249943469E+00-4.123696071E+00-3.997177606E+00-3.870245851E+00
-3.742797471E+00-3.614762404E+00-3.486098970E+00-3.356789410E+00-3.226836030E+00
-3.096258012E+00-2.965088792E+00-2.833374078E+00-2.701170424E+00-2.568544296E+00
-2.435571632E+00-2.302337842E+00-2.168938200E+00-2.035478609E+00-1.902076703E+00
-1.768863242E+00-1.635983817E+00-1.503600782E+00-1.371895414E+00-1.241070263E+00
-1.111351676E+00-9.829923965E-01-8.562742368E-01-7.315107473E-01-6.090498035E-01
-4.892760285E-01-3.726129236E-01-2.595246606E-01-1.505173276E-01-4.613955043E-02
 5.301767227E-02 1.463220654E-01 2.331022299E-01 3.126509750E-01 3.842299152E-01
 4.470753805E-01 5.004056506E-01 5.434293994E-01 5.753553057E-01 5.954025081E-01
 6.028117327E-01 5.968566625E-01 5.768552301E-01 5.421803771E-01 4.922698413E-01
 4.266346192E-01 3.448656791E-01 2.466386614E-01 1.317163453E-01-5.125014322E-05
-1.487291348E-01-3.143019021E-01-4.966803832E-01-6.957101325E-01-9.111814134E-01
-1.142840278E+00-1.390400408E+00-1.653555243E+00-1.931990101E+00-2.225393952E+00
-2.533470597E+00-2.855949079E+00-3.192593198E+00-3.543210069E+00-3.907657804E+00
-4.285852313E+00-4.677773232E+00-5.083469419E+00-5.503063720E+00-5.936757466E+00
-6.384834726E+00-6.847666324E+00-7.325713980E+00-7.819534287E+00-8.329782848E+00
-8.857218177E+00-9.402705165E+00-9.967217919E+00-1.055184067E+01-1.115776555E+01
-1.178628458E+01-1.243877072E+01-1.311663956E+01-1.382127376E+01-1.455387395E+01
-1.531515414E+01-1.610468416E+01-1.691938591E+01-1.775018461E+01-1.857727651E+01
-1.937267851E+01-2.011204138E+01-2.077892289E+01-2.136237438E+01-2.185464377E+01
-2.224988687E+01-2.254347269E+01-2.273161753E+01-2.281124607E+01-2.278009031E+01
-2.263717767E+01-2.238415438E+01-2.202844327E+01-2.158840050E+01-2.109253533E+01
-2.056709175E+01-2.002953658E+01-1.949071353E+01-1.895750571E+01-1.843437825E+01
-1.792423220E+01-5.306413065E+00-5.461546830E+00-5.519242341E+00-5.476419642E+00
-5.342116088E+00-5.200336571E+00-5.063030245E+00-4.929215005E+00-4.798108738E+00
-4.668962581E+00-4.541095875E+00-4.413916094E+00-4.286925391E+00-4.159718661E+00
-4.031976417E+00-3.903454774E+00-3.773975036E+00-3.643413131E+00-3.511690069E+00
-3.378763455E+00-3.244620141E+00-3.109270121E+00-2.972741496E+00-2.835076463E+00
-2.696328224E+00-2.556558702E+00-2.415836999E+00-2.274238494E+00-2.131844535E+00
-1.988742611E+00-1.845027075E+00-1.700800209E+00-1.556173744E+00-1.411270735E+00
-1.266227761E+00-1.121197482E+00-9.763514370E-01-8.318831677E-01-6.880115562E-01
-5.449843606E-01-4.030818947E-01-2.626208153E-01-1.239578798E-01 1.250636906E-02
 1.463241555E-01 2.769973859E-01 4.039751026E-01 5.266516665E-01 6.443658827E-01
 7.564012882E-01 8.619878291E-01 9.603051349E-01 1.050487573E+00 1.131631215E+00
 1.202802804E+00 1.263050600E+00 1.311417085E+00 1.346953145E+00 1.368733413E+00
 1.375872261E+00 1.367539834E+00 1.342977508E+00 1.301512089E+00 1.242568151E+00
 1.165677922E+00 1.070488218E+00 9.567641653E-01 8.243894791E-01 6.733632960E-01
 5.037937078E-01 3.158883409E-01 1.099423798E-01-1.136753650E-01-3.545377743E-01
-6.121754580E-01-8.860928993E-01-1.175784177E+00-1.480747756E+00-1.800500002E+00
-2.134587237E+00-2.482596088E+00-2.844162199E+00-3.218977316E+00-3.606794809E+00
-4.007433854E+00-4.420782354E+00-4.846798729E+00-5.285512803E+00-5.737025635E+00
-6.201508769E+00-6.679202108E+00-7.170410838E+00-7.675501017E+00-8.194892719E+00
-8.729050461E+00-9.278469531E+00-9.843655499E+00-1.042509499E+01-1.102321138E+01
-1.163829965E+01-1.227042671E+01-1.291927941E+01-1.358393060E+01-1.426248019E+01
-1.495152509E+01-1.564545775E+01-1.633578979E+01-1.701106518E+01-1.765796675E+01
-1.826325120E+01-1.881527956E+01-1.930455272E+01-1.972359043E+01-2.006661727E+01
-2.032929015E+01-2.050854774E+01-2.060261275E+01-2.061117704E+01-2.053580759E+01
-2.038057808E+01-2.015275339E+01-1.986297239E+01-1.952421568E+01-1.914973786E+01
-1.875125488E+01-1.833821212E+01-1.791786895E+01-1.749568124E+01-1.707570075E+01
-5.057937423E+00-5.206121244E+00-5.260732190E+00-5.217956534E+00-5.094690593E+00
-4.956739065E+00-4.823422146E+00-4.693977029E+00-4.567144355E+00-4.441806961E+00
-4.317031124E+00-4.192068652E+00-4.066341166E+00-3.939417378E+00-3.810988556E+00
-3.680845366E+00-3.548857293E+00-3.414955111E+00-3.279116398E+00-3.141353746E+00
-3.001705309E+00-2.860227342E+00-2.716988419E+00-2.572065050E+00-2.425538455E+00
-2.277492389E+00-2.128011778E+00-1.977182111E+00-1.825089477E+00-1.671821179E+00
-1.517466834E+00-1.362119974E+00-1.205880049E+00-1.048854869E+00-8.911634136E-01
-7.329390676E-01-5.743331953E-01-4.155191139E-01-2.566964076E-01-9.809555434E-02
 6.001713111E-02 2.173343459E-01 3.735024859E-01 5.281162892E-01 6.807135832E-01
 8.307702894E-01 9.776959355E-01 1.120829915E+00 1.259438799E+00 1.392715030E+00
 1.519777409E+00 1.639673672E+00 1.751385574E+00 1.853836721E+00 1.945903400E+00
 2.026428388E+00 2.094237726E+00 2.148160032E+00 2.187047891E+00 2.209800528E+00
 2.215386935E+00 2.202868365E+00 2.171419189E+00 2.120345131E+00 2.049097872E+00
 1.957285413E+00 1.844677573E+00 1.711206371E+00 1.556961338E+00 1.382179938E+00
 1.187233654E+00 9.726105204E-01 7.388949297E-01 4.867457750E-01 2.168739825E-01
-6.997964819E-02-3.730653795E-01-6.916435931E-01-1.025001485E+00-1.372467081E+00
-1.733420534E+00-2.107302712E+00-2.493621239E+00-2.891954247E+00-3.301952080E+00
-3.723337214E+00-4.155902570E+00-4.599508452E+00-5.054078033E+00-5.519591694E+00
-5.996079574E+00-6.483612435E+00-6.982290469E+00-7.492228643E+00-8.013538536E+00
-8.546304421E+00-9.090552068E+00-9.646207326E+00-1.021304073E+01-1.079059364E+01
-1.137807914E+01-1.197425118E+01-1.257723648E+01-1.318432963E+01-1.379176965E+01
-1.439454890E+01-1.498634766E+01-1.555970160E+01-1.610644215E+01-1.661830585E+01
-1.708751551E+01-1.750718309E+01-1.787151258E+01-1.817586668E+01-1.841677696E+01
-1.859195776E+01-1.870035893E+01-1.874227142E+01-1.871947381E+01-1.863537243E+01
-1.849503922E+01-1.830502860E+01-1.807291100E+01-1.780661099E+01-1.751375882E+01
-1.720123565E+01-1.687496006E+01-1.653986058E+01-1.619995152E+01-4.792609867E+00
-4.935678526E+00-4.987876112E+00-4.946305521E+00-4.818308482E+00-4.687613188E+00
-4.563510959E+00-4.443285968E+00-4.324909471E+00-4.206814796E+00-4.087842307E+00
-3.967166274E+00-3.844224502E+00-3.718656973E+00-3.590255292E+00-3.458922290E+00
-3.324640788E+00-3.187449779E+00-3.047426408E+00-2.904672450E+00-2.759304156E+00
-2.611444701E+00-2.461218661E+00-2.308748079E+00-2.154149829E+00-1.997534039E+00
-1.839003383E+00-1.678653138E+00-1.516571837E+00-1.352842517E+00-1.187544447E+00
-1.020755297E+00-8.525537722E-01-6.830226455E-01-5.122522557E-01-3.403444250E-01
-1.674168652E-01 6.391949989E-03 1.809174048E-01 3.559628646E-01 5.312933085E-01
 7.066285000E-01 8.816357757E-01 1.055922526E+00 1.229028510E+00 1.400418224E+00
 1.569473546E+00 1.735487043E+00 1.897656260E+00 2.055079616E+00 2.206754341E+00
 2.351577192E+00 2.488348504E+00 2.615780243E+00 2.732508498E+00 2.837110736E+00
 2.928127831E+00 3.004090451E+00 3.063549199E+00 3.105107254E+00 3.127454201E+00
 3.129399340E+00 3.109902821E+00 3.068102895E+00 3.003337915E+00 2.915161775E+00
 2.803352100E+00 2.667910637E+00 2.509055927E+00 2.327208616E+00 2.122970313E+00
 1.897097181E+00 1.650469795E+00 1.384060975E+00 1.098903298E+00 7.960578969E-01
 4.765858899E-01 1.415234199E-01-2.081390755E-01-5.714731309E-01-9.476241212E-01
-1.335819000E+00-1.735370410E+00-2.145677617E+00-2.566224769E+00-2.996576984E+00
-3.436374588E+00-3.885325738E+00-4.343197683E+00-4.809806485E+00-5.285005341E+00
-5.768670932E+00-6.260687700E+00-6.760929017E+00-7.269234960E+00-7.785385169E+00
-8.309065752E+00-8.839828740E+00-9.377042088E+00-9.919829009E+00-1.046699527E+01
-1.101694497E+01-1.156758821E+01-1.211624971E+01-1.265959433E+01-1.319359495E+01
-1.371356980E+01-1.421431026E+01-1.469029565E+01-1.513596356E+01-1.554598590E+01
-1.591550718E+01-1.624032319E+01-1.651700391E+01-1.674297617E+01-1.691658561E+01
-1.703715014E+01-1.710500857E+01-1.712155423E+01-1.708923367E+01-1.701148139E+01
-1.689256848E+01-1.673736438E+01-1.655104318E+01-1.633878665E+01-1.610553652E+01
-1.585582371E+01-1.559367653E+01-1.532259267E+01-4.469365574E+00-4.600245217E+00
-4.649886384E+00-4.615903728E+00-4.502038048E+00-4.389934734E+00-4.284350770E+00
-4.180737752E+00-4.076397227E+00-3.969602170E+00-3.859267928E+00-3.744762231E+00
-3.625769388E+00-3.502188135E+00-3.374057407E+00-3.241504802E+00-3.104711493E+00
-2.963888424E+00-2.819259945E+00-2.671052473E+00-2.519486501E+00-2.364771053E+00
-2.207099936E+00-2.046649372E+00-1.883576790E+00-1.718020517E+00-1.550100224E+00
-1.379918025E+00-1.207560099E+00-1.033098758E+00-8.565949386E-01-6.781010563E-01
-4.976642724E-01-3.153301343E-01-1.311466799E-01 5.483098204E-02 2.425355311E-01
 4.318816815E-01 6.227597555E-01 8.150285196E-01 1.008507269E+00 1.202967119E+00
 1.398121553E+00 1.593616246E+00 1.789018288E+00 1.983805029E+00 2.177352708E+00
 2.368925359E+00 2.557664413E+00 2.742579731E+00 2.922542885E+00 3.096283700E+00
 3.262391176E+00 3.419320024E+00 3.565403812E+00 3.698875652E+00 3.817896788E+00
 3.920592785E+00 4.005096456E+00 4.069595779E+00 4.112384279E+00 4.131911360E+00
 4.126829649E+00 4.096036320E+00 4.038706671E+00 3.954317360E+00 3.842658595E+00
 3.703834485E+00 3.538251200E+00 3.346594030E+00 3.129794377E+00 2.888988774E+00
 2.625472526E+00 2.340650901E+00 2.035990854E+00 1.712976002E+00 1.373066961E+00
 1.017668487E+00 6.481040533E-01 2.655978437E-01-1.287364155E-01-5.339005914E-01
-9.490123212E-01-1.373301221E+00-1.806102027E+00-2.246845472E+00-2.695047450E+00
-3.150296865E+00-3.612242426E+00-4.080578430E+00-4.555029528E+00-5.035333971E+00
-5.521225737E+00-6.012413979E+00-6.508560652E+00-7.009254390E+00-7.513981032E+00
-8.022089979E+00-8.532755699E+00-9.044935295E+00-9.557322327E+00-1.006829993E+01
-1.057589653E+01-1.107775136E+01-1.157109793E+01-1.205277509E+01-1.251927400E+01
-1.296682489E+01-1.339151918E+01-1.378945569E+01-1.415689398E+01-1.449039917E+01
-1.478696759E+01-1.504412831E+01-1.526002198E+01-1.543345944E+01-1.556396322E+01
-1.565179027E+01-1.569793341E+01-1.570409344E+01-1.567261642E+01-1.560639240E+01
-1.550872054E+01-1.538315294E+01-1.523333579E+01-1.506286544E+01-1.487517358E+01
-1.467344614E+01-1.446057525E+01-4.058861106E+00-4.157062326E+00-4.202689225E+00
-4.193415003E+00-4.137188255E+00-4.068025326E+00-3.994962503E+00-3.916801213E+00
-3.832206163E+00-3.740226222E+00-3.640464253E+00-3.532968371E+00-3.418040089E+00
-3.296099093E+00-3.167609816E+00-3.033044132E+00-2.892862139E+00-2.747501702E+00
-2.597372387E+00-2.442851599E+00-2.284282120E+00-2.121970617E+00-1.956187026E+00
-1.787164756E+00-1.615101583E+00-1.440161223E+00-1.262475427E+00-1.082146487E+00
-8.992500801E-01-7.138383565E-01-5.259432882E-01-3.355802160E-01-1.427516626E-01
 5.254853510E-02 2.503306998E-01 4.506042782E-01 6.533721744E-01 8.586243452E-01
 1.066330493E+00 1.276431742E+00 1.488831211E+00 1.703383379E+00 1.919882172E+00
 2.138047773E+00 2.357512157E+00 2.577803463E+00 2.798329377E+00 3.018359825E+00
 3.237009595E+00 3.453221569E+00 3.665751800E+00 3.873157879E+00 4.073792584E+00
 4.265804808E+00 4.447150598E+00 4.615615641E+00 4.768851270E+00 4.904424306E+00
 5.019878918E+00 5.112808640E+00 5.180933597E+00 5.222178239E+00 5.234744660E+00
 5.217176429E+00 5.168409806E+00 5.087809164E+00 4.975185150E+00 4.830794883E+00
 4.655323201E+00 4.449846254E+00 4.215779380E+00 3.954811860E+00 3.668833300E+00
 3.359857435E+00 3.029947999E+00 2.681152278E+00 2.315445557E+00 1.934688384E+00
 1.540597057E+00 1.134726237E+00 7.184620088E-01 2.930232836E-01-1.405306603E-01
-5.812882217E-01-1.028470721E+00-1.481415963E+00-1.939560897E+00-2.402423885E+00
-2.869586832E+00-3.340677236E+00-3.815350085E+00-4.293269414E+00-4.774089357E+00
-5.257434041E+00-5.742876813E+00-6.229917539E+00-6.717958610E+00-7.206279338E+00
-7.694009077E+00-8.180099729E+00-8.663299188E+00-9.142127461E+00-9.614858232E+00
-1.007950984E+01-1.053384941E+01-1.097541354E+01-1.140154847E+01-1.180946980E+01
-1.219633931E+01-1.255935337E+01-1.289583687E+01-1.320333499E+01-1.347969756E+01
-1.372315173E+01-1.393236096E+01-1.410646947E+01-1.424513141E+01-1.434852332E+01
-1.441733890E+01-1.445276412E+01-1.445643144E+01-1.443035491E+01-1.437684836E+01
-1.429843406E+01-1.419774849E+01-1.407745403E+01-1.394016189E+01-1.378837119E+01
-1.362442457E+01-3.655232772E+00-3.722625278E+00-3.765731761E+00-3.783174971E+00
-3.777930268E+00-3.755404914E+00-3.719821054E+00-3.672189822E+00-3.610690636E+00
-3.534327995E+00-3.444348730E+00-3.342321515E+00-3.229611252E+00-3.107378599E+00
-2.976622386E+00-2.838214292E+00-2.692923091E+00-2.541430646E+00-2.384342061E+00
-2.222191918E+00-2.055448203E+00-1.884515217E+00-1.709736252E+00-1.531396566E+00
-1.349726827E+00-1.164906966E+00-9.770703310E-01-7.863079567E-01-5.926728592E-01
-3.961843084E-01-1.968319784E-01 5.419900001E-03 2.106283817E-01 4.188675000E-01
 6.302236780E-01 8.447906718E-01 1.062663847E+00 1.283933559E+00 1.508677387E+00
 1.736951047E+00 1.968777729E+00 2.204135708E+00 2.442944065E+00 2.685046387E+00
 2.930192302E+00 3.178016782E+00 3.428017127E+00 3.679527766E+00 3.931693070E+00
 4.183438962E+00 4.433444476E+00 4.680115319E+00 4.921562100E+00 5.155587763E+00
 5.379688052E+00 5.591070825E+00 5.786698243E+00 5.963354029E+00 6.117735466E+00
 6.246564813E+00 6.346712157E+00 6.415319755E+00 6.449917669E+00 6.448522779E+00
 6.409716437E+00 6.332697539E+00 6.217309709E+00 6.064041419E+00 5.873998131E+00
 5.648845883E+00 5.390728266E+00 5.102160055E+00 4.785906917E+00 4.444860401E+00
 4.081920525E+00 3.699894890E+00 3.301421101E+00 2.888914053E+00 2.464536698E+00
 2.030190576E+00 1.587521261E+00 1.137934188E+00 6.826168296E-01 2.225642222E-01
-2.413943244E-01-7.085687067E-01-1.178382532E+00-1.650348974E+00-2.124048095E+00
-2.599105511E+00-3.075172167E+00-3.551904984E+00-4.028948035E+00-4.505914025E+00
-4.982365855E+00-5.457798152E+00-5.931618823E+00-6.403130463E+00-6.871512821E+00
-7.335806051E+00-7.794896457E+00-8.247505808E+00-8.692185909E+00-9.127320367E+00
-9.551134995E+00-9.961718655E+00-1.035705505E+01-1.073506478E+01-1.109365683E+01
-1.143078580E+01-1.174451298E+01-1.203306618E+01-1.229489630E+01-1.252872718E+01
-1.273359690E+01-1.290888912E+01-1.305435310E+01-1.317011148E+01-1.325665573E+01
-1.331482805E+01-1.334579111E+01-1.335098586E+01-1.333208061E+01-1.329091406E+01
-1.322943622E+01-1.314965118E+01-1.305356531E+01-1.294314249E+01-1.282026865E+01
-3.326193290E+00-3.383509560E+00-3.427649926E+00-3.458144655E+00-3.475876346E+00
-3.482643864E+00-3.480497169E+00-3.471550552E+00-3.440295898E+00-3.372335547E+00
-3.285882524E+00-3.184077611E+00-3.069135769E+00-2.942777923E+00-2.806407758E+00
-2.661207813E+00-2.508196319E+00-2.348260944E+00-2.182178049E+00-2.010623142E+00
-1.834176711E+00-1.653328374E+00-1.468481297E+00-1.279957492E+00-1.088004075E+00
-8.928000218E-01-6.944629187E-01-4.930554815E-01-2.885915040E-01-8.104132317E-02
 1.296633007E-01 3.436247242E-01 5.609753069E-01 7.818734601E-01 1.006499631E+00
 1.235051973E+00 1.467741344E+00 1.704785282E+00 1.946400598E+00 2.192794157E+00
 2.444151600E+00 2.700623716E+00 2.962310189E+00 3.229240600E+00 3.501352320E+00
 3.778464916E+00 4.060250638E+00 4.346200258E+00 4.635584152E+00 4.927408118E+00
 5.220364575E+00 5.512781302E+00 5.802570692E+00 6.087185979E+00 6.363593108E+00
 6.628269907E+00 6.877244738E+00 7.106184158E+00 7.310532751E+00 7.485696173E+00
 7.627248593E+00 7.731141149E+00 7.793887955E+00 7.812717670E+00 7.785684761E+00
 7.711743415E+00 7.590786190E+00 7.423648073E+00 7.212071575E+00 6.958626903E+00
 6.666582025E+00 6.339726636E+00 5.982163572E+00 5.598092081E+00 5.191610117E+00
 4.766557841E+00 4.326412197E+00 3.874232359E+00 3.412646829E+00 2.943870388E+00
 2.469739472E+00 1.991756832E+00 1.511139137E+00 1.028863511E+00 5.457108508E-01
 6.230496944E-02-4.208526613E-01-9.033522759E-01-1.384848881E+00-1.865038424E+00
-2.343636543E+00-2.820359341E+00-3.294905837E+00-3.766941597E+00-4.236083453E+00
-4.701885083E+00-5.163823422E+00-5.621286245E+00-6.073561137E+00-6.519825954E+00
-6.959142442E+00-7.390452653E+00-7.812579773E+00-8.224234067E+00-8.624024744E+00
-9.010478193E+00-9.382062455E+00-9.737217833E+00-1.007439275E+01-1.039208250E+01
-1.068887045E+01-1.096346809E+01-1.121475357E+01-1.144180541E+01-1.164393126E+01
-1.182068932E+01-1.197190247E+01-1.209766337E+01-1.219833181E+01-1.227452253E+01
-1.232708547E+01-1.235707860E+01-1.236573496E+01-1.235442624E+01-1.232462400E+01
-1.227786170E+01-1.221569879E+01-1.213968851E+01-1.205135069E+01-3.042321699E+00
-3.095799905E+00-3.141938647E+00-3.180884632E+00-3.213447186E+00-3.241054788E+00
-3.265677863E+00-3.289810560E+00-3.300097058E+00-3.258062443E+00-3.176549169E+00
-3.066525432E+00-2.942966023E+00-2.807215249E+00-2.660767231E+00-2.504921897E+00
-2.340829608E+00-2.169515954E+00-1.991891105E+00-1.808749529E+00-1.620766758E+00
-1.428498431E+00-1.232384240E+00-1.032756363E+00-8.298504397E-01-6.238170493E-01
-4.147323351E-01-2.026072427E-01 1.260470483E-02 2.310009351E-01 4.527245236E-01
 6.779598929E-01 9.069293351E-01 1.139890214E+00 1.377132504E+00 1.618976347E+00
 1.865769083E+00 2.117881194E+00 2.375700520E+00 2.639624057E+00 2.910046905E+00
 3.187348031E+00 3.471872723E+00 3.763911706E+00 4.063676676E+00 4.371271638E+00
 4.686658820E+00 5.009617469E+00 5.339693982E+00 5.676140205E+00 6.017839212E+00
 6.363217200E+00 6.710143302E+00 7.055823364E+00 7.396701015E+00 7.728389271E+00
 8.045665606E+00 8.342567068E+00 8.612608071E+00 8.849110881E+00 9.045596098E+00
 9.196161129E+00 9.295785449E+00 9.340542492E+00 9.327730023E+00 9.255947281E+00
 9.125142260E+00 8.936634754E+00 8.693103044E+00 8.398503167E+00 8.057886417E+00
 7.677099995E+00 7.262394191E+00 6.820003973E+00 6.355786665E+00 5.874973380E+00
 5.382047396E+00 4.880727290E+00 4.374018433E+00 3.864299843E+00 3.353422191E+00
 2.842803336E+00 2.333514465E+00 1.826354449E+00 1.321912379E+00 8.206194582E-01
 3.227917082E-01-1.713348518E-01-6.615751553E-01-1.147770882E+00-1.629770095E+00
-2.107409835E+00-2.580501049E+00-3.048815411E+00-3.512073612E+00-3.969935054E+00
-4.421988758E+00-4.867745719E+00-5.306632834E+00-5.737988552E+00-6.161060898E+00
-6.575008149E+00-6.978902727E+00-7.371738574E+00-7.752442456E+00-8.119889130E+00
-8.472920771E+00-8.810369469E+00-9.131082874E+00-9.433951624E+00-9.717937666E+00
-9.982102118E+00-1.022563162E+01-1.044786171E+01-1.064829678E+01-1.082662490E+01
-1.098272785E+01-1.111668508E+01-1.122877201E+01-1.131945251E+01-1.138936599E+01
-1.143930963E+01-1.147021690E+01-1.148313342E+01-1.147919102E+01-1.145958194E+01
-1.142553361E+01-1.137828535E+01-1.131906785E+01-2.786658508E+00-2.837689412E+00
-2.884929551E+00-2.928948359E+00-2.970785939E+00-3.011975587E+00-3.054523500E+00
-3.100839089E+00-3.134477679E+00-3.124364081E+00-3.075312842E+00-2.984033096E+00
-2.853744173E+00-2.702693866E+00-2.541250978E+00-2.370410957E+00-2.191364950E+00
-2.005244758E+00-1.813098179E+00-1.615851413E+00-1.414275222E+00-1.208970130E+00
-1.000373714E+00-7.887815384E-01-5.743712549E-01-3.572233434E-01-1.373369130E-01
 8.535862288E-02 3.109947338E-01 5.397569665E-01 7.718797845E-01 1.007642965E+00
 1.247369482E+00 1.491424803E+00 1.740217349E+00 1.994199655E+00 2.253869609E+00
 2.519770762E+00 2.792490440E+00 3.072654434E+00 3.360917101E+00 3.657946622E+00
 3.964405964E+00 4.280930484E+00 4.608103234E+00 4.946426949E+00 5.296291642E+00
 5.657933549E+00 6.031381986E+00 6.416387474E+00 6.812325695E+00 7.218068964E+00
 7.631818903E+00 8.050894907E+00 8.471484630E+00 8.888384143E+00 9.294800153E+00
 9.682340036E+00 1.004133329E+01 1.036152462E+01 1.063296934E+01 1.084682804E+01
 1.099585504E+01 1.107458717E+01 1.107936405E+01 1.100831154E+01 1.086136848E+01
 1.064038033E+01 1.034922855E+01 9.993901357E+00 9.582350407E+00 9.123986129E+00
 8.628815926E+00 8.106467470E+00 7.565431884E+00 7.012700285E+00 6.453743728E+00
 5.892688570E+00 5.332559531E+00 4.775518879E+00 4.223072097E+00 3.676234247E+00
 3.135660101E+00 2.601744341E+00 2.074698131E+00 1.554607538E+00 1.041478185E+00
 5.352695606E-01 3.592158255E-02-4.566246132E-01-9.424102094E-01-1.421445446E+00
-1.893698848E+00-2.359088303E+00-2.817473711E+00-3.268650932E+00-3.712346982E+00
-4.148216492E+00-4.575839606E+00-4.994721096E+00-5.404291881E+00-5.803911762E+00
-6.192875021E+00-6.570418139E+00-6.935730085E+00-7.287965034E+00-7.626257742E+00
-7.949740676E+00-8.257562854E+00-8.548909853E+00-8.823023790E+00-9.079223255E+00
-9.316921753E+00-9.535644245E+00-9.735041223E+00-9.914899142E+00-1.007514795E+01
-1.021586396E+01-1.033726924E+01-1.043972687E+01-1.052373263E+01-1.058990327E+01
-1.063896227E+01-1.067172363E+01-1.068907414E+01-1.069195549E+01-1.068134654E+01
-1.065824626E+01-1.062365820E+01-2.548392768E+00-2.596264028E+00-2.642421543E+00
-2.687657858E+00-2.733187571E+00-2.780729087E+00-2.832576228E+00-2.891567882E+00
-2.942848621E+00-2.952298177E+00-2.926270847E+00-2.861957339E+00-2.760183858E+00
-2.624339818E+00-2.447335814E+00-2.256939604E+00-2.058655461E+00-1.853775716E+00
-1.643639818E+00-1.429442720E+00-1.212096627E+00-9.921970868E-01-7.700813204E-01
-5.459088358E-01-3.197200287E-01-9.146753875E-02 1.389688878E-01 3.717739310E-01
 6.071898293E-01 8.455102040E-01 1.087075175E+00 1.332268524E+00 1.581517332E+00
 1.835294199E+00 2.094122097E+00 2.358581499E+00 2.629319254E+00 2.907057785E+00
 3.192602338E+00 3.486842686E+00 3.790745819E+00 4.105338082E+00 4.431679470E+00
 4.770835848E+00 5.123854803E+00 5.491745585E+00 5.875460079E+00 6.275867826E+00
 6.693718751E+00 7.129583631E+00 7.583762175E+00 8.056142372E+00 8.545987849E+00
 9.051618979E+00 9.569940598E+00 1.009576698E+01 1.062095636E+01 1.113361643E+01
 1.161815223E+01 1.205704179E+01 1.243377454E+01 1.273495570E+01 1.295072838E+01
 1.307426787E+01 1.310117040E+01 1.302907314E+01 1.285758598E+01 1.258855013E+01
 1.222663006E+01 1.178015150E+01 1.126175810E+01 1.068789268E+01 1.007634301E+01
 9.443026880E+00 8.800177442E+00 8.156324821E+00 7.517087070E+00 6.886014453E+00
 6.265246584E+00 5.655976275E+00 5.058766658E+00 4.473767806E+00 3.900864381E+00
 3.339777807E+00 2.790136671E+00 2.251525982E+00 1.723521555E+00 1.205714249E+00
 6.977270930E-01 1.992274672E-01-2.900641133E-01-7.703676936E-01-1.241839277E+00
-1.704567519E+00-2.158571406E+00-2.603798833E+00-3.040125964E+00-3.467357450E+00
-3.885227579E+00-4.293402504E+00-4.691483570E+00-5.079012224E+00-5.455476001E+00
-5.820316495E+00-6.172938581E+00-6.512721328E+00-6.839030369E+00-7.151231258E+00
-7.448703850E+00-7.730857199E+00-7.997144204E+00-8.247076199E+00-8.480236261E+00
-8.696291190E+00-8.895001597E+00-9.076229742E+00-9.239944933E+00-9.386226126E+00
-9.515261728E+00-9.627346839E+00-9.722877816E+00-9.802344628E+00-9.866321084E+00
-9.915453961E+00-9.950450832E+00-9.972067294E+00-9.981094325E+00-9.978345954E+00
-9.964647554E+00-2.320876751E+00-2.363938130E+00-2.406182090E+00-2.448371907E+00
-2.491624833E+00-2.537545630E+00-2.588514366E+00-2.648541562E+00-2.706038513E+00
-2.729533001E+00-2.722824425E+00-2.681685499E+00-2.603378392E+00-2.491541803E+00
-2.342802962E+00-2.158391139E+00-1.940250797E+00-1.711523010E+00-1.478855943E+00
-1.244411014E+00-1.009296282E+00-7.737471343E-01-5.376493958E-01-3.008175650E-01
-6.305985852E-02 1.758399507E-01 4.161483864E-01 6.581904588E-01 9.023441207E-01
 1.149030881E+00 1.398708380E+00 1.651867053E+00 1.909031177E+00 2.170764319E+00
 2.437679305E+00 2.710453192E+00 2.989847901E+00 3.276736519E+00 3.572132789E+00
 3.877215755E+00 4.193333880E+00 4.521973542E+00 4.864697953E+00 5.223089622E+00
 5.598723848E+00 5.993173093E+00 6.408025817E+00 6.844903493E+00 7.305467666E+00
 7.791408877E+00 8.304409710E+00 8.846067724E+00 9.417752673E+00 1.002034923E+01
 1.065378355E+01 1.131610460E+01 1.200156244E+01 1.269643095E+01 1.337241135E+01
 1.398984317E+01 1.451728255E+01 1.493729378E+01 1.524045668E+01 1.542115160E+01
 1.547567606E+01 1.540148079E+01 1.519700706E+01 1.486202318E+01 1.439866915E+01
 1.381392722E+01 1.312502935E+01 1.236607714E+01 1.157874796E+01 1.079138541E+01
 1.001785699E+01 9.264376981E+00 8.533464570E+00 7.825766535E+00 7.140943806E+00
 6.478138780E+00 5.836237287E+00 5.214021221E+00 4.610258844E+00 4.023758527E+00
 3.453399650E+00 2.898149920E+00 2.357074124E+00 1.829337533E+00 1.314206230E+00
 8.110456050E-01 3.193178899E-01-1.614208170E-01-6.315237065E-01-1.091256489E+00
-1.540800621E+00-1.980256633E+00-2.409647535E+00-2.828922510E+00-3.237960936E+00
-3.636576937E+00-4.024524527E+00-4.401503645E+00-4.767166677E+00-5.121126367E+00
-5.462964296E+00-5.792240295E+00-6.108502652E+00-6.411299025E+00-6.700187591E+00
-6.974748552E+00-7.234595243E+00-7.479384930E+00-7.708829015E+00-7.922701621E+00
-8.120847437E+00-8.303187389E+00-8.469722973E+00-8.620538386E+00-8.755800720E+00
-8.875758544E+00-8.980738243E+00-9.071139087E+00-9.147426538E+00-9.210124883E+00
-9.259808484E+00-9.297093070E+00-9.322626405E+00-9.337079222E+00-9.341136553E+00
-2.100709292E+00-2.137194756E+00-2.172850011E+00-2.208167627E+00-2.243802726E+00
-2.280566265E+00-2.319336655E+00-2.360624309E+00-2.403376282E+00-2.441209341E+00
-2.453829735E+00-2.432582870E+00-2.378287768E+00-2.294922861E+00-2.164361835E+00
-2.002561076E+00-1.806108311E+00-1.569201140E+00-1.308018153E+00-1.050437792E+00
-7.976851872E-01-5.473022759E-01-2.980121320E-01-4.923038035E-02 1.993003826E-01
 4.478505050E-01 6.968211788E-01 9.467148699E-01 1.198087107E+00 1.451516351E+00
 1.707590279E+00 1.966902562E+00 2.230056266E+00 2.497672204E+00 2.770402294E+00
 3.048949550E+00 3.334098417E+00 3.626762197E+00 3.928057807E+00 4.239414854E+00
 4.562682787E+00 4.900087121E+00 5.253947565E+00 5.626445022E+00 6.019634832E+00
 6.435565084E+00 6.876387844E+00 7.344445237E+00 7.842339344E+00 8.372994141E+00
 8.939716049E+00 9.546255874E+00 1.019687712E+01 1.089643753E+01 1.165050663E+01
 1.246559020E+01 1.334973328E+01 1.431504403E+01 1.539457615E+01 1.625396883E+01
 1.699264841E+01 1.758071106E+01 1.794791472E+01 1.820738696E+01 1.832020510E+01
 1.820728058E+01 1.798131659E+01 1.759875618E+01 1.697195089E+01 1.621169292E+01
 1.526260109E+01 1.409031686E+01 1.304124470E+01 1.206141774E+01 1.114039924E+01
 1.027118161E+01 9.448090823E+00 8.666260276E+00 7.921438443E+00 7.209892601E+00
 6.528344538E+00 5.873918663E+00 5.244096617E+00 4.636676613E+00 4.049737192E+00
 3.481605300E+00 2.930828056E+00 2.396148680E+00 1.876485514E+00 1.370914089E+00
 8.786517811E-01 3.990446289E-01-6.844399656E-02-5.242432394E-01-9.686834148E-01
-1.402003767E+00-1.824359548E+00-2.235828674E+00-2.636418193E+00-3.026070655E+00
-3.404670673E+00-3.772051649E+00-4.128002918E+00-4.472277294E+00-4.804598893E+00
-5.124671627E+00-5.432187830E+00-5.726837272E+00-6.008316145E+00-6.276336125E+00
-6.530633160E+00-6.770975897E+00-6.997173131E+00-7.209080819E+00-7.406607910E+00
-7.589720795E+00-7.758446740E+00-7.912875849E+00-8.053161466E+00-8.179519418E+00
-8.292225895E+00-8.391613977E+00-8.478069343E+00-8.552024834E+00-8.613954697E+00
-8.664368010E+00-8.703802179E+00-8.732816002E+00-8.751983408E+00-1.886939116E+00
-1.915565136E+00-1.942840106E+00-1.968932146E+00-1.994019159E+00-2.018229382E+00
-2.041534932E+00-2.063601990E+00-2.083676217E+00-2.100638184E+00-2.113171467E+00
-2.115694199E+00-2.083709761E+00-2.018230595E+00-1.914762168E+00-1.773275616E+00
-1.591123520E+00-1.364629236E+00-1.098813689E+00-8.311137442E-01-5.683173321E-01
-3.074675847E-01-4.669953117E-02 2.135941380E-01 4.718910077E-01 7.284780435E-01
 9.841751296E-01 1.239852339E+00 1.496339501E+00 1.754411143E+00 2.014790752E+00
 2.278160517E+00 2.545172390E+00 2.816459279E+00 3.092646651E+00 3.374365974E+00
 3.662273160E+00 3.957079482E+00 4.259615032E+00 4.570997244E+00 4.893297178E+00
 5.231281350E+00 5.589150310E+00 5.969203947E+00 6.373439210E+00 6.803990002E+00
 7.263286899E+00 7.754163256E+00 8.279956268E+00 8.844623704E+00 9.452890121E+00
 1.011043846E+01 1.082417183E+01 1.160258670E+01 1.245633985E+01 1.339917091E+01
 1.444948252E+01 1.563284492E+01 1.695654462E+01 1.805561084E+01 1.895696487E+01
 1.965271557E+01 2.012375769E+01 2.043481698E+01 2.056009902E+01 2.046551745E+01
 2.020585676E+01 1.974374116E+01 1.903105798E+01 1.810853152E+01 1.691718858E+01
 1.550327825E+01 1.424207005E+01 1.310158134E+01 1.205792066E+01 1.109397679E+01
 1.019699855E+01 9.357108446E+00 8.566439945E+00 7.818608169E+00 7.108361477E+00
 6.431337312E+00 5.783884153E+00 5.162926892E+00 4.565864038E+00 3.990486909E+00
 3.434916399E+00 2.897552262E+00 2.377032592E+00 1.872200970E+00 1.382079663E+00
 9.058476137E-01 4.428221243E-01-7.556472777E-03-4.457378676E-01-8.720730606E-01
-1.286824256E+00-1.690173794E+00-2.082232310E+00-2.463046478E+00-2.832606392E+00
-3.190852847E+00-3.537684588E+00-3.872965607E+00-4.196532505E+00-4.508201977E+00
-4.807778410E+00-5.095061300E+00-5.369852982E+00-5.631965759E+00-5.881228992E+00
-6.117495839E+00-6.340649090E+00-6.550606753E+00-6.747326632E+00-6.930809910E+00
-7.101103943E+00-7.258304000E+00-7.402553927E+00-7.534045795E+00-7.653018639E+00
-7.759756252E+00-7.854584189E+00-7.937865988E+00-8.009999225E+00-8.071410673E+00
-8.122551532E+00-8.163892426E+00-8.195918595E+00-1.680124029E+00-1.700313309E+00
-1.718484805E+00-1.734567930E+00-1.748447153E+00-1.759923295E+00-1.768666546E+00
-1.774172102E+00-1.775736945E+00-1.772471939E+00-1.763343104E+00-1.747218090E+00
-1.722982715E+00-1.684035068E+00-1.601266275E+00-1.480442136E+00-1.317070613E+00
-1.104623266E+00-8.474652131E-01-5.842639345E-01-3.222721802E-01-5.849828679E-02
 2.103809223E-01 4.819797851E-01 7.470996521E-01 1.008370723E+00 1.267583036E+00
 1.526095921E+00 1.785005679E+00 2.045223632E+00 2.307521644E+00 2.572576077E+00
 2.841024792E+00 3.113499706E+00 3.390604741E+00 3.672882811E+00 3.960796759E+00
 4.254704786E+00 4.554800855E+00 4.860954199E+00 5.172258440E+00 5.502313165E+00
 5.857994128E+00 6.239550136E+00 6.648151424E+00 7.085606417E+00 7.554304008E+00
 8.057243540E+00 8.598116368E+00 9.181434725E+00 9.812714069E+00 1.049872149E+01
 1.124780743E+01 1.207033957E+01 1.297924876E+01 1.399066015E+01 1.512448456E+01
 1.640464450E+01 1.782075815E+01 1.902523435E+01 2.000521162E+01 2.075987234E+01
 2.128718545E+01 2.162579024E+01 2.176082855E+01 2.167583568E+01 2.139671407E+01
 2.089470558E+01 2.013823844E+01 1.913849474E+01 1.785026545E+01 1.635048176E+01
 1.499783281E+01 1.377940732E+01 1.267285721E+01 1.165953158E+01 1.072430312E+01
 9.855029385E+00 9.041966800E+00 8.277258800E+00 7.554524840E+00 6.868542277E+00
 6.215003121E+00 5.590328110E+00 4.991525071E+00 4.416079190E+00 3.861868411E+00
 3.327096876E+00 2.810242492E+00 2.310015162E+00 1.825323182E+00 1.355245957E+00
 8.990116361E-01 4.559785526E-01 2.561964165E-02-3.924908497E-01-7.986888390E-01
-1.193230535E+00-1.576301533E+00-1.948025131E+00-2.308470070E+00-2.657657951E+00
-2.995570279E+00-3.322155426E+00-3.637335408E+00-3.941012558E+00-4.233076189E+00
-4.513408939E+00-4.781893161E+00-5.038417000E+00-5.282880107E+00-5.515198917E+00
-5.735311729E+00-5.943182928E+00-6.138806681E+00-6.322210175E+00-6.493455543E+00
-6.652641832E+00-6.799905406E+00-6.935420170E+00-7.059396676E+00-7.172080892E+00
-7.273752080E+00-7.364720115E+00-7.445322846E+00-7.515922468E+00-7.576902022E+00
-7.628661843E+00-7.671615662E+00-1.481459050E+00-1.493249334E+00-1.502404629E+00
-1.508709179E+00-1.511890540E+00-1.511597346E+00-1.507376063E+00-1.498650431E+00
-1.484707449E+00-1.464691253E+00-1.437601771E+00-1.402291003E+00-1.357448617E+00
-1.301571377E+00-1.233319487E+00-1.138601521E+00-1.000249098E+00-8.083274527E-01
-5.699863422E-01-3.217777759E-01-7.119286251E-02 1.845896683E-01 4.484857072E-01
 7.169806887E-01 9.795522850E-01 1.238403984E+00 1.495316386E+00 1.751694181E+00
 2.008657290E+00 2.267116372E+00 2.527826453E+00 2.791436250E+00 3.058545073E+00
 3.329732436E+00 3.605532659E+00 3.886393626E+00 4.172641999E+00 4.464437164E+00
 4.761698341E+00 5.064013650E+00 5.370604444E+00 5.696215606E+00 6.048612289E+00
 6.428010638E+00 6.835313092E+00 7.272097116E+00 7.740590303E+00 8.243684360E+00
 8.784998577E+00 9.368995743E+00 1.000115601E+01 1.068821993E+01 1.143851688E+01
 1.226239683E+01 1.317277526E+01 1.418576561E+01 1.532127437E+01 1.660323332E+01
 1.802196840E+01 1.922799716E+01 2.021055512E+01 2.096808875E+01 2.149759975E+01
 2.183947574E+01 2.197810005E+01 2.189599432E+01 2.162086581E+01 2.112319979E+01
 2.037037026E+01 1.937541025E+01 1.809232520E+01 1.659678339E+01 1.524933573E+01
 1.403628626E+01 1.293528171E+01 1.192767807E+01 1.099836024E+01 1.013519879E+01
 9.328461863E+00 8.570302566E+00 7.854348227E+00 7.175382035E+00 6.529099861E+00
 5.911924610E+00 5.320864266E+00 4.753402205E+00 4.207412522E+00 3.681093073E+00
 3.172913101E+00 2.681571076E+00 2.205960932E+00 1.745144537E+00 1.298329124E+00
 8.648485042E-01 4.441473249E-01 3.576764616E-02-3.606626307E-01-7.454399047E-01
-1.118793909E+00-1.480895885E+00-1.831866096E+00-2.171780854E+00-2.500679160E+00
-2.818569048E+00-3.125433695E+00-3.421237328E+00-3.705930969E+00-3.979457924E+00
-4.241759147E+00-4.492778167E+00-4.732466010E+00-4.960785483E+00-5.177715272E+00
-5.383253367E+00-5.577420255E+00-5.760261365E+00-5.931848993E+00-6.092283805E+00
-6.241695463E+00-6.380242943E+00-6.508114102E+00-6.625524806E+00-6.732717677E+00
-6.829960156E+00-6.917542537E+00-6.995775444E+00-7.064987347E+00-7.125521611E+00
-7.177733853E+00
 9.693510650E-01 9.985653900E-01 9.997024920E-01 1.002301010E+00 1.005185500E+00
 1.008118670E+00 1.012775460E+00 1.015906360E+00 1.018689990E+00 1.022076400E+00
 1.024963980E+00 1.028337480E+00 1.031756730E+00 1.035043230E+00 1.038435070E+00
 1.041897990E+00 1.045521710E+00 1.049062210E+00 1.052615100E+00 1.056354470E+00
 1.059983860E+00 1.063681000E+00 1.067576880E+00 1.071355730E+00 1.075157620E+00
 1.079132260E+00 1.083094430E+00 1.087072010E+00 1.091118750E+00 1.095250690E+00
 1.099332080E+00 1.103535790E+00 1.107808090E+00 1.112097290E+00 1.116384130E+00
 1.120795290E+00 1.125276200E+00 1.129743540E+00 1.134257860E+00 1.138885630E+00
 1.143585630E+00 1.148297460E+00 1.153032100E+00 1.157879450E+00 1.162796400E+00
 1.167753930E+00 1.172765300E+00 1.177859360E+00 1.183050430E+00 1.188250020E+00
 1.193523150E+00 1.198893710E+00 1.204358020E+00 1.209861800E+00 1.215445860E+00
 1.221114930E+00 1.226870130E+00 1.232698000E+00 1.238591300E+00 1.244581900E+00
 1.250684260E+00 1.256866050E+00 1.263122010E+00 1.269480040E+00 1.275947220E+00
 1.282495030E+00 1.289145730E+00 1.295902330E+00 1.302767360E+00 1.309759860E+00
 1.316854560E+00 1.324057900E+00 1.331372270E+00 1.338820720E+00 1.346394250E+00
 1.354092140E+00 1.361931400E+00 1.369905040E+00 1.378022180E+00 1.386283630E+00
 1.394689800E+00 1.403251530E+00 1.411974690E+00 1.420862470E+00 1.429920950E+00
 1.439160260E+00 1.448575630E+00 1.458174810E+00 1.467967100E+00 1.477967660E+00
 1.488179430E+00 1.498607480E+00 1.509252860E+00 1.520126080E+00 1.531244950E+00
 1.542618590E+00 1.554255480E+00 1.566156150E+00 1.578333060E+00 1.590809940E+00
 1.603593160E+00 1.616678200E+00 1.630087370E+00 1.643847800E+00 1.658013110E+00
 1.672563860E+00 1.687505900E+00 1.702851450E+00 1.718632320E+00 1.734883330E+00
 1.751603040E+00 1.768871200E+00 1.786667920E+00 1.805050270E+00 1.824016130E+00
 1.843534070E+00 1.863688500E+00 1.884502720E+00 1.906094430E+00 1.928468570E+00
 1.951615390E+00 1.975578200E+00 2.000322810E+00 2.025887570E+00 2.052326790E+00
 2.079939820E+00 2.109160410E+00 2.140360890E+00 2.174039780E+00
  107    6
 3.500000006E+00 0.000000000E+00 3.509455602E+00 1.338235294E-01 3.527922794E+00
 2.417974677E-01 3.549679904E+00 3.345588235E-01 3.569693159E+00 4.014705882E-01
 3.599016544E+00 4.841885043E-01 3.634563419E+00 5.695477033E-01 3.670110294E+00
 6.439416058E-01 3.705657169E+00 7.101176382E-01 3.741204044E+00 7.698744931E-01
 3.776750919E+00 8.244154876E-01 3.812297794E+00 8.745424361E-01 3.861087364E+00
 9.367647059E-01 3.918938419E+00 1.002834153E+00 3.954485294E+00 1.040074260E+00
 3.990032169E+00 1.074912288E+00 4.060577992E+00 1.137500000E+00 4.096672794E+00
 1.166661325E+00 4.147340069E+00 1.204411765E+00 4.203313419E+00 1.242990674E+00
 4.248663724E+00 1.271323529E+00 4.309954044E+00 1.307056122E+00 4.370152471E+00
 1.338235294E+00 4.416594669E+00 1.360722786E+00 4.487688419E+00 1.391148845E+00
 4.524087349E+00 1.405147059E+00 4.594329044E+00 1.430397766E+00 4.665422794E+00
 1.451838203E+00 4.736516544E+00 1.469645691E+00 4.772063419E+00 1.477620390E+00
 4.843157169E+00 1.490537158E+00 4.914250919E+00 1.499140820E+00 4.985344669E+00
 1.503046585E+00 5.056438419E+00 1.501405962E+00 5.127532169E+00 1.492659532E+00
 5.198625919E+00 1.473922123E+00 5.234172794E+00 1.460271286E+00 5.305266544E+00
 1.420629981E+00 5.340813419E+00 1.392455091E+00 5.393010484E+00 1.338235294E+00
 5.441609756E+00 1.271323529E+00 5.480033570E+00 1.204411765E+00 5.512143803E+00
 1.137500000E+00 5.539944597E+00 1.070588235E+00 5.564528087E+00 1.003676471E+00
 5.589641544E+00 9.264274726E-01 5.624214933E+00 8.029411765E-01 5.640590410E+00
 7.360294118E-01 5.660735294E+00 6.414288844E-01 5.679673786E+00 5.352941176E-01
 5.696282169E+00 4.108167646E-01 5.703619606E+00 3.345588235E-01 5.710372127E+00
 2.007352941E-01 5.709464590E+00 6.691176471E-02 5.700812203E+00-6.691176471E-02
 5.693549707E+00-1.338235294E-01 5.674094201E+00-2.676470588E-01 5.660735294E+00
-3.396686743E-01 5.632506639E+00-4.683823529E-01 5.615610696E+00-5.352941176E-01
 5.589641544E+00-6.297068505E-01 5.557177669E+00-7.360294118E-01 5.534890002E+00
-8.029411765E-01 5.511163947E+00-8.698529412E-01 5.483000919E+00-9.446766688E-01
 5.447454044E+00-1.030463340E+00 5.411907169E+00-1.106971711E+00 5.376360294E+00
-1.174594820E+00 5.340813419E+00-1.233433386E+00 5.305266544E+00-1.283305146E+00
 5.256277738E+00-1.338235294E+00 5.198625919E+00-1.388139451E+00 5.163079044E+00
-1.410162270E+00 5.091985294E+00-1.440927651E+00 5.020891544E+00-1.455860936E+00
 4.949797794E+00-1.460135910E+00 4.878704044E+00-1.456417008E+00 4.807610294E+00
-1.446159528E+00 4.736516544E+00-1.430143479E+00 4.665422794E+00-1.408683822E+00
 4.629875919E+00-1.396448369E+00 4.558782169E+00-1.369215404E+00 4.490267386E+00
-1.338235294E+00 4.452141544E+00-1.320142821E+00 4.381047794E+00-1.282680054E+00
 4.345500919E+00-1.262298422E+00 4.274407169E+00-1.218896240E+00 4.238860294E+00
-1.195387305E+00 4.167766544E+00-1.145452147E+00 4.132219669E+00-1.118653678E+00
 4.072412622E+00-1.070588235E+00 4.025579044E+00-1.030570263E+00 3.990032169E+00
-9.982940695E-01 3.926400339E+00-9.367647059E-01 3.883391544E+00-8.918523063E-01
 3.847844669E+00-8.523982713E-01 3.805747213E+00-8.029411765E-01 3.753885670E+00
-7.360294118E-01 3.707170124E+00-6.691176471E-01 3.670110294E+00-6.103040714E-01
 3.634563419E+00-5.470731336E-01 3.599016544E+00-4.746534359E-01 3.568847528E+00
-4.014705882E-01 3.546148916E+00-3.345588235E-01 3.527922794E+00-2.654009615E-01
 3.505651802E+00-1.338235294E-01 3.500000006E+00 0.000000000E+00
 5.999999995E+00 1.930000000E+00 3.500000006E+00 1.930000000E+00 3.500000006E+00
-1.930000000E+00 5.999999995E+00-1.930000000E+00 5.999999995E+00 1.930000000E+00
 5.999999995E+00 1.930000000E+00
    0 1.100000000E+01    0
