  EFITD    01/01/2017    #000001     2ms           3 129 129
 4.550000000E+00 8.564705882E+00 4.550000000E+00 2.248235294E+00 0.000000000E+00
 4.748658540E+00 5.350565006E-02-1.833293526E+01-1.191712325E+01 1.100000000E+01
 9.999999995E+06-1.833293526E+01 0.000000000E+00 4.748658540E+00 0.000000000E+00
 5.350565006E-02 0.000000000E+00-1.191712325E+01 0.000000000E+00 0.000000000E+00
 5.080705674E+01 5.080075839E+01 5.079417475E+01 5.078731894E+01 5.078020286E+01
 5.077283800E+01 5.076523570E+01 5.075740773E+01 5.074936543E+01 5.074112028E+01
 5.073268377E+01 5.072406722E+01 5.071528212E+01 5.070633745E+01 5.069723703E+01
 5.068799177E+01 5.067862123E+01 5.066914191E+01 5.065956867E+01 5.064991446E+01
 5.064019048E+01 5.063040674E+01 5.062057280E+01 5.061069690E+01 5.060078656E+01
 5.059084884E+01 5.058088977E+01 5.057091554E+01 5.056093130E+01 5.055094250E+01
 5.054095355E+01 5.053096902E+01 5.052099346E+01 5.051103057E+01 5.050108402E+01
 5.049115719E+01 5.048125347E+01 5.047137625E+01 5.046152876E+01 5.045171367E+01
 5.044193345E+01 5.043219152E+01 5.042249006E+01 5.041283144E+01 5.040321845E+01
 5.039365316E+01 5.038413777E+01 5.037467479E+01 5.036526613E+01 5.035591370E+01
 5.034662000E+01 5.033738651E+01 5.032821544E+01 5.031910855E+01 5.031006760E+01
 5.030109467E+01 5.029219136E+01 5.028335930E+01 5.027460055E+01 5.026591644E+01
 5.025730872E+01 5.024877917E+01 5.024032911E+01 5.023196060E+01 5.022367482E+01
 5.021547354E+01 5.020735823E+01 5.019933050E+01 5.019139184E+01 5.018354385E+01
 5.017578802E+01 5.016812595E+01 5.016055898E+01 5.015308887E+01 5.014571709E+01
 5.013844497E+01 5.013127443E+01 5.012420693E+01 5.011724394E+01 5.011038739E+01
 5.010363873E+01 5.009699989E+01 5.009047264E+01 5.008405888E+01 5.007776053E+01
 5.007157965E+01 5.006551889E+01 5.005958031E+01 5.005376670E+01 5.004808117E+01
 5.004252695E+01 5.003710800E+01 5.003182802E+01 5.002669245E+01 5.002170674E+01
 5.001687750E+01 5.001221254E+01 5.000772085E+01 5.000341375E+01 4.999930421E+01
 4.999540782E+01 4.999174342E+01 4.998833339E+01 4.998520512E+01 4.998239010E+01
 4.997992706E+01 4.997786043E+01 4.997624220E+01 4.997513138E+01 4.997459393E+01
 4.997470036E+01 4.997552280E+01 4.997712911E+01 4.997957568E+01 4.998289487E+01
 4.998708715E+01 4.999210334E+01 4.999783980E+01 5.000413477E+01 5.001077243E+01
 5.001750224E+01 5.002406939E+01 5.003024350E+01 5.003581863E+01 5.004066656E+01
 5.004482380E+01 5.004816375E+01 5.005013926E+01 5.005000000E+01
 1.599669528E+06 1.571532497E+06 1.544122207E+06 1.517419116E+06 1.491403701E+06
 1.466056428E+06 1.441357763E+06 1.417288173E+06 1.393828134E+06 1.370958105E+06
 1.348658559E+06 1.326909964E+06 1.305692789E+06 1.284991644E+06 1.264800646E+06
 1.245101138E+06 1.225858823E+06 1.207044182E+06 1.188631666E+06 1.170598634E+06
 1.152925359E+06 1.135594465E+06 1.118589881E+06 1.101897139E+06 1.085503415E+06
 1.069397120E+06 1.053567591E+06 1.038004989E+06 1.022700246E+06 1.007644997E+06
 9.928314385E+05 9.782522120E+05 9.639004051E+05 9.497696802E+05 9.358543656E+05
 9.221493460E+05 9.086493971E+05 8.953488957E+05 8.822430045E+05 8.693281693E+05
 8.566003185E+05 8.440545575E+05 8.316875075E+05 8.194962281E+05 8.074764057E+05
 7.956250789E+05 7.839395735E+05 7.724161324E+05 7.610525384E+05 7.498458028E+05
 7.387931455E+05 7.278924188E+05 7.171407612E+05 7.065362213E+05 6.960762553E+05
 6.857588818E+05 6.755818894E+05 6.655433120E+05 6.556411650E+05 6.458735610E+05
 6.362386789E+05 6.267347127E+05 6.173599836E+05 6.081127522E+05 5.989914909E+05
 5.899944784E+05 5.811203475E+05 5.723673920E+05 5.637343687E+05 5.552196078E+05
 5.468219083E+05 5.385397397E+05 5.303717768E+05 5.223167433E+05 5.143730994E+05
 5.065397741E+05 4.988151250E+05 4.911980480E+05 4.836870033E+05 4.762805509E+05
 4.689773721E+05 4.617756366E+05 4.546739923E+05 4.476704337E+05 4.407630972E+05
 4.339499321E+05 4.272283095E+05 4.205957973E+05 4.140490530E+05 4.075845493E+05
 4.011981421E+05 3.948846162E+05 3.886383270E+05 3.824519479E+05 3.763170241E+05
 3.702233370E+05 3.641581303E+05 3.581065664E+05 3.520498267E+05 3.459656533E+05
 3.398265186E+05 3.335990449E+05 3.272429542E+05 3.207090359E+05 3.139387864E+05
 3.068615902E+05 2.993947147E+05 2.914411929E+05 2.828902270E+05 2.736185027E+05
 2.634923594E+05 2.523761357E+05 2.401408831E+05 2.266798709E+05 2.119315166E+05
 1.958961626E+05 1.786690271E+05 1.604507644E+05 1.415553614E+05 1.224025037E+05
 1.034813547E+05 8.529069417E+04 6.828449598E+04 5.286591640E+04 3.927726762E+04
 2.743123757E+04 1.754348916E+04 1.061735899E+04 7.975602440E+03
-6.235792915E+00-6.531894930E+00-6.812567960E+00-7.081356315E+00-7.338299540E+00
-7.583444770E+00-7.816807460E+00-8.038419070E+00-8.248311115E+00-8.446514780E+00
-8.633060370E+00-8.807973405E+00-8.971283530E+00-9.127637860E+00-9.283064120E+00
-9.417303280E+00-9.533228650E+00-9.633379855E+00-9.719703015E+00-9.793537160E+00
-9.856831875E+00-9.910289345E+00-9.954677095E+00-9.991037760E+00-1.002018336E+01
-1.004268359E+01-1.005901221E+01-1.006961477E+01-1.007491391E+01-1.007527290E+01
-1.007095755E+01-1.006219390E+01-1.004925790E+01-1.003250886E+01-1.001233018E+01
-9.988943470E+00-9.962008980E+00-9.931418585E+00-9.898147270E+00-9.862644880E+00
-9.823867350E+00-9.781951795E+00-9.738432880E+00-9.692241515E+00-9.642930990E+00
-9.592438625E+00-9.539117390E+00-9.483425655E+00-9.426582495E+00-9.366516115E+00
-9.305522490E+00-9.241970540E+00-9.176711885E+00-9.109872805E+00-9.040670925E+00
-8.970491915E+00-8.897676370E+00-8.824146485E+00-8.747951300E+00-8.671109425E+00
-8.591680680E+00-8.511599030E+00-8.429055140E+00-8.345766275E+00-8.260238140E+00
-8.173731445E+00-8.085348535E+00-7.995607565E+00-7.904466075E+00-7.811488355E+00
-7.717583830E+00-7.621484860E+00-7.524641410E+00-7.425641850E+00-7.325585465E+00
-7.223862580E+00-7.120424080E+00-7.015885305E+00-6.909138720E+00-6.801362150E+00
-6.691486560E+00-6.579999800E+00-6.466905390E+00-6.351453130E+00-6.234530720E+00
-6.115016930E+00-5.993377060E+00-5.869334020E+00-5.742163900E+00-5.612354660E+00
-5.478748215E+00-5.341311448E+00-5.199615118E+00-5.052273006E+00-4.899442762E+00
-4.739092479E+00-4.570544236E+00-4.392274601E+00-4.201594606E+00-3.997580796E+00
-3.775609464E+00-3.534174006E+00-3.267572787E+00-2.972166087E+00-2.641923455E+00
-2.270256357E+00-1.851175161E+00-1.375922179E+00-8.389471420E-01-2.329313272E-01
 4.453788619E-01 1.194529512E+00 2.008663052E+00 2.870219198E+00 3.749506778E+00
 4.611869675E+00 5.393648744E+00 6.049830820E+00 6.509239550E+00 6.735366660E+00
 6.694787110E+00 6.412748485E+00 5.911692985E+00 5.218526874E+00 4.460839608E+00
 3.839991309E+00 2.829865198E+00 1.115128239E+00-1.393178903E+00
-5.687005541E+05-5.540068138E+05-5.397027465E+05-5.257883506E+05-5.122636262E+05
-4.991285748E+05-4.863831956E+05-4.740274879E+05-4.620614525E+05-4.504850900E+05
-4.392983990E+05-4.285013794E+05-4.180940329E+05-4.079110291E+05-3.977383826E+05
-3.882999980E+05-3.794955923E+05-3.712353026E+05-3.634502000E+05-3.560933367E+05
-3.490954805E+05-3.424317637E+05-3.360751887E+05-3.299888851E+05-3.241439844E+05
-3.185200712E+05-3.131005146E+05-3.078694062E+05-3.028115838E+05-2.979141863E+05
-2.931677570E+05-2.885641181E+05-2.840933163E+05-2.797426853E+05-2.754981264E+05
-2.713515910E+05-2.673154687E+05-2.633933850E+05-2.595502900E+05-2.557699250E+05
-2.520894161E+05-2.485042235E+05-2.449586101E+05-2.414907553E+05-2.381172109E+05
-2.347675077E+05-2.315008009E+05-2.283007875E+05-2.251227649E+05-2.220418943E+05
-2.189747102E+05-2.159797966E+05-2.130265582E+05-2.101096420E+05-2.072579112E+05
-2.044198885E+05-2.016565163E+05-1.988970238E+05-1.962125719E+05-1.935287481E+05
-1.909166927E+05-1.883050626E+05-1.857598641E+05-1.832177965E+05-1.807335652E+05
-1.782599240E+05-1.758304624E+05-1.734248673E+05-1.710450873E+05-1.687058623E+05
-1.663743205E+05-1.640959683E+05-1.618173044E+05-1.595900236E+05-1.573726356E+05
-1.551880564E+05-1.530364504E+05-1.508956762E+05-1.488057223E+05-1.467222477E+05
-1.446849337E+05-1.426745673E+05-1.406910079E+05-1.387610159E+05-1.368514508E+05
-1.350034940E+05-1.331988024E+05-1.314478272E+05-1.297765347E+05-1.281663990E+05
-1.266602087E+05-1.252584543E+05-1.239774037E+05-1.228679093E+05-1.219242511E+05
-1.212224772E+05-1.207878091E+05-1.206781745E+05-1.209943999E+05-1.217727071E+05
-1.231874961E+05-1.252974953E+05-1.283195998E+05-1.323930509E+05-1.377494943E+05
-1.446406780E+05-1.532981895E+05-1.640586142E+05-1.771370586E+05-1.928178898E+05
-2.112295905E+05-2.323235043E+05-2.558804249E+05-2.812330631E+05-3.072471837E+05
-3.325861869E+05-3.548009560E+05-3.721335657E+05-3.818198063E+05-3.824063816E+05
-3.725743131E+05-3.532588396E+05-3.253125857E+05-2.899106129E+05-2.522957513E+05
-2.203776454E+05-1.741575406E+05-1.022048776E+05-3.204955389E+03
 1.807411390E+00 1.889668016E+00 1.975231211E+00 2.064188365E+00 2.156580024E+00
 2.252380165E+00 2.351476948E+00 2.453658049E+00 2.558604723E+00 2.665895765E+00
 2.775018209E+00 2.885377682E+00 2.996301064E+00 3.107026201E+00 3.217397821E+00
 3.309165802E+00 3.371256004E+00 3.394145561E+00 3.390092338E+00 3.401895577E+00
 3.437304851E+00 3.498960456E+00 3.591201090E+00 3.700796482E+00 3.785371773E+00
 3.849183757E+00 3.895413160E+00 3.926184772E+00 3.942796752E+00 3.945939864E+00
 3.935885222E+00 3.912636207E+00 3.875990061E+00 3.825489364E+00 3.760325952E+00
 3.679238985E+00 3.580385594E+00 3.461141731E+00 3.317802789E+00 3.145212222E+00
 2.936546097E+00 2.733140646E+00 2.559630009E+00 2.410623714E+00 2.282206266E+00
 2.171727003E+00 2.077486749E+00 1.998492897E+00 1.934301259E+00 1.884926210E+00
 1.850801157E+00 1.832778696E+00 1.832166125E+00 1.850797284E+00 1.891145219E+00
 1.956479963E+00 2.051060225E+00 2.180286583E+00 2.344417916E+00 2.456227442E+00
 2.522381981E+00 2.539226724E+00 2.502243463E+00 2.427726226E+00 2.308555370E+00
 2.136694323E+00 1.925892350E+00 1.665958725E+00 1.345274333E+00 9.744288772E-01
 5.391200781E-01 5.202040469E-02-3.979331020E-01-8.175553453E-01-1.212115673E+00
-1.585841354E+00-1.942071282E+00-2.283445009E+00-2.612062655E+00-2.929607760E+00
-3.237439231E+00-3.536660062E+00-3.828168882E+00-4.112698960E+00-4.390847890E+00
-4.663100529E+00-4.929846693E+00-5.191395076E+00-5.447984239E+00-5.699791361E+00
-5.946939368E+00-6.189502684E+00-6.427512120E+00-6.660959047E+00-6.889798787E+00
-7.113954078E+00-7.333317793E+00-7.547756015E+00-7.757110555E+00-7.961201910E+00
-8.159831942E+00-8.352787068E+00-8.539841019E+00-8.720758304E+00-8.895297367E+00
-9.063214288E+00-9.224266091E+00-9.378214688E+00-9.524830262E+00-9.663895212E+00
-9.795207341E+00-9.918583560E+00-1.003386288E+01-1.014090931E+01-1.023961433E+01
-1.032989910E+01-1.041171600E+01-1.048504985E+01-1.054991861E+01-1.060637337E+01
-1.065449821E+01-1.069440923E+01-1.072625310E+01-1.075020566E+01-1.076646954E+01
-1.077527200E+01-1.077686219E+01-1.077150846E+01-1.075949537E+01 1.855172792E+00
 1.942531445E+00 2.033981045E+00 2.129760355E+00 2.230067077E+00 2.335019819E+00
 2.444613454E+00 2.558680519E+00 2.676878361E+00 2.798715178E+00 2.923605903E+00
 3.050932891E+00 3.180454936E+00 3.299911882E+00 3.391349142E+00 3.451160127E+00
 3.482459546E+00 3.478952358E+00 3.447934954E+00 3.435316928E+00 3.447062419E+00
 3.484474935E+00 3.551052452E+00 3.635517070E+00 3.698829247E+00 3.745617620E+00
 3.778159556E+00 3.797702208E+00 3.804915560E+00 3.800077544E+00 3.783201475E+00
 3.754143721E+00 3.712641346E+00 3.658257966E+00 3.590297193E+00 3.507726787E+00
 3.409097628E+00 3.292415932E+00 3.154897472E+00 2.992391002E+00 2.797767315E+00
 2.608267903E+00 2.445101559E+00 2.302948490E+00 2.178858562E+00 2.071020415E+00
 1.978328116E+00 1.900196221E+00 1.836469753E+00 1.787384107E+00 1.753559584E+00
 1.736025339E+00 1.736271722E+00 1.756331181E+00 1.798885264E+00 1.867384963E+00
 1.966148276E+00 2.100363674E+00 2.267071004E+00 2.385855543E+00 2.454453787E+00
 2.471830519E+00 2.437567845E+00 2.360805459E+00 2.237432998E+00 2.063785106E+00
 1.846106882E+00 1.577079030E+00 1.249577213E+00 8.665591356E-01 4.170947597E-01
-8.024680438E-02-5.432714755E-01-9.751990019E-01-1.381085495E+00-1.765213937E+00
-2.131092132E+00-2.481546918E+00-2.818844819E+00-3.144804810E+00-3.460891928E+00
-3.768290942E+00-4.067963035E+00-4.360689165E+00-4.647102869E+00-4.927715747E+00
-5.202936723E+00-5.473087413E+00-5.738413630E+00-5.999094915E+00-6.255251908E+00
-6.506952376E+00-6.754216098E+00-6.997019119E+00-7.235297258E+00-7.468949377E+00
-7.697840178E+00-7.921803319E+00-8.140644009E+00-8.354142087E+00-8.562054969E+00
-8.764120929E+00-8.960062477E+00-9.149590225E+00-9.332406710E+00-9.508210607E+00
-9.676701023E+00-9.837582149E+00-9.990567750E+00-1.013538589E+01-1.027178320E+01
-1.039952954E+01-1.051842177E+01-1.062828776E+01-1.072898926E+01-1.082042496E+01
-1.090253243E+01-1.097528955E+01-1.103871536E+01-1.109287018E+01-1.113785484E+01
-1.117380958E+01-1.120091223E+01-1.121937569E+01-1.122944518E+01-1.123139497E+01
-1.122552492E+01-1.121215684E+01-1.119163064E+01 1.894118682E+00 1.985806947E+00
 2.082414870E+00 2.184426405E+00 2.292331688E+00 2.406563277E+00 2.527383204E+00
 2.654730668E+00 2.788123828E+00 2.926751348E+00 3.069741418E+00 3.213804616E+00
 3.321614163E+00 3.409275020E+00 3.470421906E+00 3.500461216E+00 3.503402636E+00
 3.473562249E+00 3.419764105E+00 3.383746909E+00 3.369343597E+00 3.374095699E+00
 3.394801810E+00 3.423398092E+00 3.449241495E+00 3.468237121E+00 3.479004030E+00
 3.480933209E+00 3.473680466E+00 3.456982572E+00 3.430574735E+00 3.394148575E+00
 3.347328624E+00 3.289658550E+00 3.220594457E+00 3.139507561E+00 3.045705127E+00
 2.938493116E+00 2.817346230E+00 2.682420669E+00 2.536578655E+00 2.390537266E+00
 2.253588153E+00 2.128225945E+00 2.015018905E+00 1.914062419E+00 1.825383171E+00
 1.749093438E+00 1.685466201E+00 1.634983254E+00 1.598377961E+00 1.576684454E+00
 1.571302489E+00 1.584087793E+00 1.617481446E+00 1.674696495E+00 1.759975212E+00
 1.878866172E+00 2.029177370E+00 2.132565462E+00 2.187148280E+00 2.192704847E+00
 2.149192883E+00 2.065045188E+00 1.936373063E+00 1.759833232E+00 1.541150013E+00
 1.273507083E+00 9.502989146E-01 5.737954550E-01 1.328005678E-01-3.549872930E-01
-8.095309650E-01-1.234805330E+00-1.636197774E+00-2.017879182E+00-2.383076984E+00
-2.734320354E+00-3.073618061E+00-3.402583318E+00-3.722522541E+00-4.034499819E+00
-4.339384666E+00-4.637887706E+00-4.930588029E+00-5.217953933E+00-5.500358964E+00
-5.778094595E+00-6.051380085E+00-6.320369877E+00-6.585160225E+00-6.845793758E+00
-7.102263778E+00-7.354517569E+00-7.602459391E+00-7.845953002E+00-8.084824453E+00
-8.318864339E+00-8.547830511E+00-8.771450918E+00-8.989426677E+00-9.201435424E+00
-9.407135135E+00-9.606168340E+00-9.798166734E+00-9.982756106E+00-1.015956169E+01
-1.032821392E+01-1.048835390E+01-1.063963966E+01-1.078175167E+01-1.091439869E+01
-1.103732296E+01-1.115030507E+01-1.125316832E+01-1.134578202E+01-1.142806454E+01
-1.149998486E+01-1.156156364E+01-1.161287317E+01-1.165403641E+01-1.168522515E+01
-1.170665730E+01-1.171859377E+01-1.172133422E+01-1.171521296E+01-1.170059407E+01
-1.167786648E+01-1.164743905E+01 1.922281352E+00 2.016881684E+00 2.117096437E+00
 2.223746635E+00 2.337811604E+00 2.460419728E+00 2.592739480E+00 2.735451241E+00
 2.887464899E+00 3.041495446E+00 3.173241364E+00 3.281934577E+00 3.363969965E+00
 3.420627200E+00 3.448289196E+00 3.447857625E+00 3.423389432E+00 3.369252581E+00
 3.303397618E+00 3.255407282E+00 3.223374517E+00 3.203864972E+00 3.193473116E+00
 3.188343389E+00 3.184612941E+00 3.179159568E+00 3.169809873E+00 3.155118608E+00
 3.134105380E+00 3.106069154E+00 3.070473518E+00 3.026879115E+00 2.974907105E+00
 2.914225268E+00 2.844554691E+00 2.765700683E+00 2.677618460E+00 2.580533782E+00
 2.475149332E+00 2.362955841E+00 2.246532954E+00 2.129382607E+00 2.014998472E+00
 1.906029059E+00 1.804206302E+00 1.710638261E+00 1.626086315E+00 1.551152136E+00
 1.486396497E+00 1.432417373E+00 1.389906070E+00 1.359693798E+00 1.342797918E+00
 1.340478392E+00 1.354322955E+00 1.386407258E+00 1.439671491E+00 1.519030876E+00
 1.627598567E+00 1.688977901E+00 1.711826388E+00 1.693294153E+00 1.629286383E+00
 1.533105606E+00 1.397945359E+00 1.217164025E+00 1.002662217E+00 7.458624102E-01
 4.378875569E-01 8.830592262E-02-3.165538335E-01-7.681216937E-01-1.188933683E+00
-1.588012822E+00-1.969942149E+00-2.337551467E+00-2.692894822E+00-3.037587689E+00
-3.372950308E+00-3.700081390E+00-4.019902565E+00-4.333188744E+00-4.640590335E+00
-4.942650494E+00-5.239818807E+00-5.532462001E+00-5.820872812E+00-6.105276683E+00
-6.385837554E+00-6.662662236E+00-6.935803801E+00-7.205264611E+00-7.470998530E+00
-7.732912813E+00-7.990869997E+00-8.244689237E+00-8.494148126E+00-8.738984541E+00
-8.978898457E+00-9.213554586E+00-9.442585254E+00-9.665593673E+00-9.882158113E+00
-1.009183655E+01-1.029417196E+01-1.048869837E+01-1.067494732E+01-1.085245487E+01
-1.102076906E+01-1.117945750E+01-1.132811494E+01-1.146637067E+01-1.159389578E+01
-1.171040929E+01-1.181568413E+01-1.190955159E+01-1.199190518E+01-1.206270274E+01
-1.212196764E+01-1.216978861E+01-1.220631811E+01-1.223176985E+01-1.224641466E+01
-1.225057612E+01-1.224462483E+01-1.222897242E+01-1.220406510E+01-1.217037707E+01
-1.212840390E+01 1.938254336E+00 2.033602166E+00 2.134776711E+00 2.242878743E+00
 2.359358806E+00 2.486170567E+00 2.626111987E+00 2.783898923E+00 2.941352825E+00
 3.072026427E+00 3.177515754E+00 3.260555354E+00 3.306152266E+00 3.328429941E+00
 3.323891879E+00 3.286467497E+00 3.228383927E+00 3.169805886E+00 3.116540522E+00
 3.070403462E+00 3.031785937E+00 2.999862387E+00 2.973098851E+00 2.949601813E+00
 2.927387582E+00 2.904609801E+00 2.879697149E+00 2.851387579E+00 2.818696982E+00
 2.780865715E+00 2.737308331E+00 2.687576172E+00 2.631335308E+00 2.568359982E+00
 2.498541985E+00 2.421917248E+00 2.338711215E+00 2.249402679E+00 2.154797796E+00
 2.056088381E+00 1.954844592E+00 1.852893461E+00 1.752100469E+00 1.654157035E+00
 1.560468373E+00 1.472148309E+00 1.390072678E+00 1.314947302E+00 1.247368402E+00
 1.187868474E+00 1.136946686E+00 1.095084009E+00 1.062741369E+00 1.040334796E+00
 1.028171480E+00 1.026303551E+00 1.034162344E+00 1.049418310E+00 1.064044908E+00
 1.062960181E+00 1.036907422E+00 9.825350070E-01 8.983098295E-01 7.832936523E-01
 6.367581531E-01 4.580548561E-01 2.465882505E-01 1.861595957E-03-2.763369120E-01
-5.874212227E-01-9.282911478E-01-1.288126692E+00-1.651210867E+00-2.010263848E+00
-2.363162836E+00-2.709373606E+00-3.048949235E+00-3.382191089E+00-3.709504080E+00
-4.031325542E+00-4.348087521E+00-4.660196136E+00-4.968020362E+00-5.271886070E+00
-5.572073308E+00-5.868814927E+00-6.162296694E+00-6.452657137E+00-6.739988094E+00
-7.024334797E+00-7.305696339E+00-7.584025598E+00-7.859229160E+00-8.131167512E+00
-8.399654806E+00-8.664459062E+00-8.925302474E+00-9.181862167E+00-9.433771097E+00
-9.680620024E+00-9.921959758E+00-1.015730439E+01-1.038613558E+01-1.060790753E+01
-1.082205325E+01-1.102799164E+01-1.122513558E+01-1.141290080E+01-1.159071552E+01
-1.175803026E+01-1.191432811E+01-1.205913467E+01-1.219202750E+01-1.231264498E+01
-1.242069396E+01-1.251595612E+01-1.259829277E+01-1.266764808E+01-1.272405024E+01
-1.276761092E+01-1.279852316E+01-1.281705706E+01-1.282355443E+01-1.281842209E+01
-1.280212397E+01-1.277517273E+01-1.273812088E+01-1.269155163E+01-1.263607043E+01
 1.941995072E+00 2.035402411E+00 2.133998191E+00 2.238898945E+00 2.351607494E+00
 2.474105032E+00 2.608932757E+00 2.759114496E+00 2.902898913E+00 3.012204548E+00
 3.089669670E+00 3.137612545E+00 3.153077961E+00 3.138809888E+00 3.095137206E+00
 3.045655755E+00 2.995756933E+00 2.946708141E+00 2.899632021E+00 2.855337820E+00
 2.814161119E+00 2.775931648E+00 2.740057321E+00 2.705658716E+00 2.671707461E+00
 2.637145826E+00 2.600974524E+00 2.562304846E+00 2.520380430E+00 2.474579398E+00
 2.424407366E+00 2.369488992E+00 2.309562831E+00 2.244482051E+00 2.174222093E+00
 2.098895360E+00 2.018771358E+00 1.934298548E+00 1.846120632E+00 1.755076667E+00
 1.662174221E+00 1.568531455E+00 1.475297870E+00 1.383574919E+00 1.294357202E+00
 1.208502796E+00 1.126728419E+00 1.049619021E+00 9.776414070E-01 9.111542476E-01
 8.504087841E-01 7.955351559E-01 7.465078797E-01 7.030801706E-01 6.646698381E-01
 6.301691770E-01 5.976479880E-01 5.639780910E-01 5.246646692E-01 4.744479857E-01
 4.085293453E-01 3.233028824E-01 2.162978083E-01 8.586381428E-02-6.907922902E-02
-2.491734064E-01-4.546490495E-01-6.852492492E-01-9.400361581E-01-1.217060019E+00
-1.512971776E+00-1.823002016E+00-2.141876534E+00-2.465147162E+00-2.789745007E+00
-3.113770359E+00-3.436114841E+00-3.756169503E+00-4.073635065E+00-4.388402616E+00
-4.700477703E+00-5.009931481E+00-5.316868200E+00-5.621403537E+00-5.923649661E+00
-6.223704557E+00-6.521644661E+00-6.817519103E+00-7.111345141E+00-7.403104846E+00
-7.692741722E+00-7.980158176E+00-8.265212804E+00-8.547718381E+00-8.827439536E+00
-9.104091138E+00-9.377336873E+00-9.646788346E+00-9.912004835E+00-1.017249381E+01
-1.042771267E+01-1.067707117E+01-1.091993565E+01-1.115563444E+01-1.138346493E+01
-1.160270210E+01-1.181260850E+01-1.201244581E+01-1.220148713E+01-1.237903058E+01
-1.254441260E+01-1.269702198E+01-1.283631268E+01-1.296181611E+01-1.307315173E+01
-1.317003579E+01-1.325228813E+01-1.331983612E+01-1.337271630E+01-1.341107345E+01
-1.343515678E+01-1.344531417E+01-1.344198383E+01-1.342568481E+01-1.339700556E+01
-1.335659229E+01-1.330513631E+01-1.324336200E+01-1.317201466E+01 1.935623497E+00
 2.024482283E+00 2.116869493E+00 2.213649111E+00 2.316059022E+00 2.425748444E+00
 2.544780009E+00 2.675597291E+00 2.794758468E+00 2.876320636E+00 2.922286750E+00
 2.935560372E+00 2.912492915E+00 2.878845507E+00 2.841109229E+00 2.800370048E+00
 2.757694868E+00 2.714031496E+00 2.670164690E+00 2.626663285E+00 2.583839554E+00
 2.541739181E+00 2.500166017E+00 2.458732610E+00 2.416922625E+00 2.374152891E+00
 2.329826816E+00 2.283375008E+00 2.234282830E+00 2.182107154E+00 2.126485736E+00
 2.067142582E+00 2.003892025E+00 1.936643314E+00 1.865406449E+00 1.790299181E+00
 1.711553931E+00 1.629522443E+00 1.544674975E+00 1.457590852E+00 1.368938041E+00
 1.279442205E+00 1.189848880E+00 1.100884811E+00 1.013224420E+00 9.274649343E-01
 8.441103457E-01 7.635617854E-01 6.861104571E-01 6.119291498E-01 5.410583110E-01
 4.733830917E-01 4.085975493E-01 3.461526752E-01 2.851864089E-01 2.244395904E-01
 1.621760820E-01 9.615052391E-02 2.368729284E-02-5.809581310E-02-1.519826362E-01
-2.604040611E-01-3.853121784E-01-5.281620120E-01-6.899389464E-01-8.711838399E-01
-1.071992070E+00-1.291979818E+00-1.530225149E+00-1.785211989E+00-2.054834387E+00
-2.336531693E+00-2.627570795E+00-2.925377391E+00-3.227772361E+00-3.533053903E+00
-3.839965962E+00-4.147618214E+00-4.455400165E+00-4.762907030E+00-5.069880745E+00
-5.376165408E+00-5.681673353E+00-5.986359904E+00-6.290204218E+00-6.593194435E+00
-6.895316254E+00-7.196543593E+00-7.496830984E+00-7.796106919E+00-8.094268171E+00
-8.391174400E+00-8.686643463E+00-8.980446610E+00-9.272304341E+00-9.561882433E+00
-9.848788312E+00-1.013256822E+01-1.041270488E+01-1.068861640E+01-1.095965629E+01
-1.122511517E+01-1.148422407E+01-1.173616007E+01-1.198005413E+01-1.221500134E+01
-1.244007337E+01-1.265433331E+01-1.285685229E+01-1.304672750E+01-1.322310110E+01
-1.338517922E+01-1.353225029E+01-1.366370232E+01-1.377903763E+01-1.387788559E+01
-1.396001150E+01-1.402532256E+01-1.407386973E+01-1.410584574E+01-1.412157959E+01
-1.412152762E+01-1.410626137E+01-1.407645318E+01-1.403286026E+01-1.397630729E+01
-1.390766912E+01-1.382785386E+01-1.373778657E+01 1.923901271E+00 2.006456343E+00
 2.089782647E+00 2.174283985E+00 2.260807981E+00 2.350653166E+00 2.445573097E+00
 2.547841021E+00 2.636010880E+00 2.679462721E+00 2.686613586E+00 2.674355720E+00
 2.654230778E+00 2.627571071E+00 2.595732331E+00 2.559868091E+00 2.520959256E+00
 2.479826145E+00 2.437127310E+00 2.393352510E+00 2.348817828E+00 2.303669220E+00
 2.257897328E+00 2.211362439E+00 2.163826088E+00 2.114984820E+00 2.064502278E+00
 2.012037113E+00 1.957265485E+00 1.899898233E+00 1.839693571E+00 1.776466378E+00
 1.710095297E+00 1.640528336E+00 1.567787480E+00 1.491972117E+00 1.413260814E+00
 1.331910460E+00 1.248251685E+00 1.162679650E+00 1.075639752E+00 9.876089175E-01
 8.990738277E-01 8.105082311E-01 7.223514094E-01 6.349891517E-01 5.487376763E-01
 4.638298640E-01 3.804025047E-01 2.984828369E-01 2.179727551E-01 1.386292689E-01
 6.004051612E-02-1.840209874E-02-9.753284914E-02-1.784354126E-01-2.624507718E-01
-3.511557881E-01-4.463018596E-01-5.497150882E-01-6.631761545E-01-7.883072939E-01
-9.264873332E-01-1.078799657E+00-1.246004965E+00-1.428526763E+00-1.626440561E+00
-1.839464075E+00-2.066953024E+00-2.307913686E+00-2.561046565E+00-2.824830266E+00
-3.097639317E+00-3.377871669E+00-3.664055459E+00-3.954915361E+00-4.249396962E+00
-4.546660109E+00-4.846054675E+00-5.147089193E+00-5.449399774E+00-5.752721024E+00
-6.056861462E+00-6.361682561E+00-6.667081332E+00-6.972975705E+00-7.279292399E+00
-7.585956318E+00-7.892881375E+00-8.199962138E+00-8.507066225E+00-8.814026977E+00
-9.120636604E+00-9.426639207E+00-9.731724163E+00-1.003551966E+01-1.033758652E+01
-1.063741239E+01-1.093440695E+01-1.122789770E+01-1.151712782E+01-1.180125570E+01
-1.207935664E+01-1.235042813E+01-1.261339796E+01-1.286713615E+01-1.311047071E+01
-1.334220684E+01-1.356114954E+01-1.376612836E+01-1.395602414E+01-1.412979590E+01
-1.428650725E+01-1.442535085E+01-1.454567005E+01-1.464697668E+01-1.472896401E+01
-1.479151500E+01-1.483470451E+01-1.485879611E+01-1.486423364E+01-1.485162730E+01
-1.482173574E+01-1.477544442E+01-1.471374200E+01-1.463769520E+01-1.454842409E+01
-1.444707803E+01-1.433481404E+01 1.914494013E+00 1.990794766E+00 2.063683905E+00
 2.132890773E+00 2.198957220E+00 2.262973157E+00 2.326148056E+00 2.389912390E+00
 2.432292419E+00 2.445290013E+00 2.445637168E+00 2.435785987E+00 2.417719789E+00
 2.392977669E+00 2.362802267E+00 2.328217985E+00 2.290074534E+00 2.249070760E+00
 2.205767056E+00 2.160592181E+00 2.113848865E+00 2.065721412E+00 2.016286922E+00
 1.965530516E+00 1.913363575E+00 1.859643623E+00 1.804194163E+00 1.746823235E+00
 1.687339768E+00 1.625567372E+00 1.561355588E+00 1.494588805E+00 1.425193191E+00
 1.353141881E+00 1.278458576E+00 1.201219495E+00 1.121553478E+00 1.039639888E+00
 9.557040111E-01 8.700097234E-01 7.828494419E-01 6.945317373E-01 6.053672489E-01
 5.156537836E-01 4.256613718E-01 3.356179640E-01 2.456960342E-01 1.559999936E-01
 6.655410967E-02-2.270956976E-02-1.119636851E-01-2.014985404E-01-2.917351616E-01
-3.832371979E-01-4.767193941E-01-5.730492535E-01-6.732378607E-01-7.784162336E-01
-8.897957523E-01-1.008614983E+00-1.136079013E+00-1.273299508E+00-1.421242513E+00
-1.580687805E+00-1.752200051E+00-1.936110144E+00-2.132504885E+00-2.341224712E+00
-2.561870891E+00-2.793824986E+00-3.036283012E+00-3.288304280E+00-3.548870874E+00
-3.816949709E+00-4.091548158E+00-4.371756012E+00-4.656771201E+00-4.945910110E+00
-5.238606099E+00-5.534400443E+00-5.832928895E+00-6.133906718E+00-6.437113474E+00
-6.742378799E+00-7.049568816E+00-7.358574428E+00-7.669300052E+00-7.981653612E+00
-8.295537084E+00-8.610837470E+00-8.927418055E+00-9.245109698E+00-9.563702164E+00
-9.882934908E+00-1.020248824E+01-1.052197357E+01-1.084092430E+01-1.115878619E+01
-1.147490844E+01-1.178853574E+01-1.209880165E+01-1.240472427E+01-1.270520496E+01
-1.299903131E+01-1.328488468E+01-1.356135363E+01-1.382695319E+01-1.408015032E+01
-1.431939472E+01-1.454315397E+01-1.474995198E+01-1.493840787E+01-1.510727479E+01
-1.525547539E+01-1.538213356E+01-1.548659989E+01-1.556847088E+01-1.562760017E+01
-1.566410174E+01-1.567834487E+01-1.567094081E+01-1.564272179E+01-1.559471352E+01
-1.552810248E+01-1.544420014E+01-1.534440597E+01-1.523017096E+01-1.510296423E+01
-1.496424285E+01 1.918528750E+00 1.992443151E+00 2.055706016E+00 2.107021646E+00
 2.147801365E+00 2.181208966E+00 2.209308589E+00 2.231292890E+00 2.244181427E+00
 2.246691386E+00 2.239862157E+00 2.225042140E+00 2.203425781E+00 2.176035698E+00
 2.143746421E+00 2.107305636E+00 2.067348986E+00 2.024409745E+00 1.978925089E+00
 1.931240767E+00 1.881615686E+00 1.830227573E+00 1.777180367E+00 1.722513589E+00
 1.666213323E+00 1.608224295E+00 1.548462311E+00 1.486826386E+00 1.423210004E+00
 1.357511160E+00 1.289640966E+00 1.219530792E+00 1.147137878E+00 1.072449527E+00
 9.954858147E-01 9.163008339E-01 8.349823380E-01 7.516497145E-01 6.664502259E-01
 5.795534739E-01 4.911442253E-01 4.014137947E-01 3.105503457E-01 2.187285039E-01
 1.260987039E-01 3.277658489E-02-6.116730707E-02-1.557174106E-01-2.509225923E-01
-3.469051231E-01-4.438690837E-01-5.421079220E-01-6.420105854E-01-7.440653329E-01
-8.488599573E-01-9.570769754E-01-1.069482347E+00-1.186906889E+00-1.310220440E+00
-1.440300168E+00-1.577995601E+00-1.724093411E+00-1.879285069E+00-2.044139488E+00
-2.219081905E+00-2.404379453E+00-2.600133575E+00-2.806279478E+00-3.022593007E+00
-3.248705297E+00-3.484125140E+00-3.728267987E+00-3.980489317E+00-4.240119076E+00
-4.506493863E+00-4.778983370E+00-5.057010162E+00-5.340061576E+00-5.627695080E+00
-5.919538037E+00-6.215283683E+00-6.514684592E+00-6.817544240E+00-7.123708498E+00
-7.433056213E+00-7.745490227E+00-8.060928589E+00-8.379295337E+00-8.700511871E+00
-9.024488123E+00-9.351112988E+00-9.680245062E+00-1.001170228E+01-1.034525105E+01
-1.068059441E+01-1.101735957E+01-1.135508434E+01-1.169320302E+01-1.203103192E+01
-1.236775492E+01-1.270241025E+01-1.303387909E+01-1.336087805E+01-1.368195638E+01
-1.399550074E+01-1.429974818E+01-1.459280944E+01-1.487270222E+01-1.513739431E+01
-1.538485495E+01-1.561311122E+01-1.582030653E+01-1.600475804E+01-1.616500925E+01
-1.629987645E+01-1.640848580E+01-1.649030120E+01-1.654514039E+01-1.657317995E+01
-1.657494752E+01-1.655130188E+01-1.650340058E+01-1.643265762E+01-1.634069271E+01
-1.622927577E+01-1.610027054E+01-1.595558053E+01-1.579710070E+01-1.562667693E+01
 1.953494696E+00 2.039511261E+00 2.096691793E+00 2.124936945E+00 2.121348034E+00
 2.115669499E+00 2.111222454E+00 2.104990526E+00 2.095246566E+00 2.080914473E+00
 2.061564605E+00 2.037232430E+00 2.008202702E+00 1.974867533E+00 1.937649795E+00
 1.896963420E+00 1.853192347E+00 1.806678997E+00 1.757717920E+00 1.706552672E+00
 1.653375082E+00 1.598326541E+00 1.541501131E+00 1.482950365E+00 1.422689276E+00
 1.360703399E+00 1.296956321E+00 1.231397325E+00 1.163968772E+00 1.094612940E+00
 1.023278093E+00 9.499236095E-01 8.745241413E-01 7.970726514E-01 7.175823464E-01
 6.360874680E-01 5.526428128E-01 4.673220810E-01 3.802149782E-01 2.914230902E-01
 2.010547176E-01 1.092187319E-01 1.601770195E-02-7.845948865E-02-1.741452905E-01
-2.710011806E-01-3.690251954E-01-4.682591363E-01-5.687952998E-01-6.707825288E-01
-7.744314239E-01-8.800183155E-01-9.878876473E-01-1.098452205E+00-1.212190539E+00
-1.329641100E+00-1.451392487E+00-1.578069810E+00-1.710317422E+00-1.848778795E+00
-1.994074838E+00-2.146782076E+00-2.307412217E+00-2.476394371E+00-2.654060889E+00
-2.840637486E+00-3.036238045E+00-3.240864367E+00-3.454410902E+00-3.676674372E+00
-3.907367841E+00-4.146138340E+00-4.392586853E+00-4.646288920E+00-4.906814499E+00
-5.173745328E+00-5.446688990E+00-5.725289198E+00-6.009232255E+00-6.298250012E+00
-6.592120018E+00-6.890663364E+00-7.193740890E+00-7.501248228E+00-7.813110047E+00
-8.129273552E+00-8.449701825E+00-8.774366342E+00-9.103239405E+00-9.436285634E+00
-9.773453100E+00-1.011466328E+01-1.045979983E+01-1.080869629E+01-1.116112197E+01
-1.151676582E+01-1.187521879E+01-1.223595357E+01-1.259830289E+01-1.296143594E+01
-1.332433441E+01-1.368576912E+01-1.404427993E+01-1.439816121E+01-1.474545696E+01
-1.508396924E+01-1.541128331E+01-1.572481129E+01-1.602185419E+01-1.629967930E+01
-1.655560730E+01-1.678710255E+01-1.699186007E+01-1.716788425E+01-1.731355554E+01
-1.742768401E+01-1.750954842E+01-1.755892046E+01-1.757607295E+01-1.756177044E+01
-1.751724049E+01-1.744412547E+01-1.734441569E+01-1.722036850E+01-1.707441929E+01
-1.690909188E+01-1.672691591E+01-1.653035658E+01-1.632175996E+01 1.961146769E+00
 2.051354419E+00 2.102342610E+00 2.113263558E+00 2.082979453E+00 2.049533738E+00
 2.019958358E+00 1.991664764E+00 1.962967155E+00 1.932708140E+00 1.900153958E+00
 1.864899960E+00 1.826779070E+00 1.785782360E+00 1.741997985E+00 1.695567645E+00
 1.646656739E+00 1.595434244E+00 1.542059359E+00 1.486672910E+00 1.429392206E+00
 1.370308539E+00 1.309486787E+00 1.246966660E+00 1.182765270E+00 1.116880639E+00
 1.049295841E+00 9.799834858E-01 9.089102531E-01 8.360412039E-01 7.613437866E-01
 6.847912372E-01 6.063653691E-01 5.260586412E-01 4.438753876E-01 3.598322318E-01
 2.739576170E-01 1.862904618E-01 9.687794465E-02 5.772472563E-03-8.697209468E-02
-1.813048606E-01-2.771828085E-01-3.745760725E-01-4.734733908E-01-5.738875822E-01
-6.758608718E-01-7.794699067E-01-8.848302882E-01-9.921004563E-01-1.101484676E+00
-1.213234954E+00-1.327651526E+00-1.445081701E+00-1.565916746E+00-1.690586571E+00
-1.819552153E+00-1.953295714E+00-2.092308956E+00-2.237079859E+00-2.388078679E+00
-2.545743994E+00-2.710469582E+00-2.882592901E+00-3.062385835E+00-3.250048145E+00
-3.445704020E+00-3.649401868E+00-3.861117332E+00-4.080759430E+00-4.308179379E+00
-4.543181709E+00-4.785536682E+00-5.034993326E+00-5.291292314E+00-5.554177630E+00
-5.823406891E+00-6.098759185E+00-6.380041259E+00-6.667091260E+00-6.959780591E+00
-7.258014180E+00-7.561729343E+00-7.870893182E+00-8.185499629E+00-8.505565036E+00
-8.831123639E+00-9.162221813E+00-9.498911878E+00-9.841244937E+00-1.018926263E+01
-1.054298762E+01-1.090241238E+01-1.126748608E+01-1.163809871E+01-1.201406287E+01
-1.239509120E+01-1.278077046E+01-1.317053076E+01-1.356361010E+01-1.395901497E+01
-1.435547732E+01-1.475141140E+01-1.514487449E+01-1.553353827E+01-1.591467945E+01
-1.628519906E+01-1.664167723E+01-1.698046589E+01-1.729781315E+01-1.759000703E+01
-1.785352211E+01-1.808515521E+01-1.828214029E+01-1.844224088E+01-1.856382073E+01
-1.864589616E+01-1.868817149E+01-1.869105689E+01-1.865566327E+01-1.858376843E+01
-1.847774789E+01-1.834046969E+01-1.817515875E+01-1.798524485E+01-1.777421250E+01
-1.754546889E+01-1.730224123E+01-1.704750698E+01 1.929089085E+00 2.014878616E+00
 2.058947945E+00 2.058888063E+00 2.019283272E+00 1.970106184E+00 1.923627498E+00
 1.879079460E+00 1.835355618E+00 1.791554070E+00 1.746991104E+00 1.701180943E+00
 1.653803056E+00 1.604666112E+00 1.553674237E+00 1.500798134E+00 1.446051891E+00
 1.389475070E+00 1.331119288E+00 1.271038501E+00 1.209282243E+00 1.145891239E+00
 1.080894962E+00 1.014310676E+00 9.461437427E-01 8.763888198E-01 8.050317315E-01
 7.320517498E-01 6.574240849E-01 5.811224061E-01 5.031212143E-01 4.233979180E-01
 3.419345457E-01 2.587189737E-01 1.737456259E-01 8.701558590E-02-1.463892785E-03
-9.168048721E-02-1.836185023E-01-2.772611295E-01-3.725932118E-01-4.696044345E-01
-5.682928494E-01-6.686686345E-01-7.707579429E-01-8.746067260E-01-9.802844446E-01
-1.087887426E+00-1.197541838E+00-1.309406058E+00-1.423672310E+00-1.540567405E+00
-1.660352413E+00-1.783321110E+00-1.909797114E+00-2.040129581E+00-2.174687512E+00
-2.313852764E+00-2.458011947E+00-2.607547583E+00-2.762828874E+00-2.924202585E+00
-3.091984532E+00-3.266452054E+00-3.447838024E+00-3.636326563E+00-3.832050781E+00
-4.035092620E+00-4.245484856E+00-4.463215040E+00-4.688231204E+00-4.920449072E+00
-5.159760062E+00-5.406040143E+00-5.659158314E+00-5.918985029E+00-6.185399413E+00
-6.458295874E+00-6.737589233E+00-7.023218459E+00-7.315149512E+00-7.613376679E+00
-7.917923087E+00-8.228840033E+00-8.546205963E+00-8.870123983E+00-9.200719265E+00
-9.538135458E+00-9.882530120E+00-1.023406956E+01-1.059292208E+01-1.095925013E+01
-1.133320020E+01-1.171489075E+01-1.210439646E+01-1.250172914E+01-1.290681322E+01
-1.331945489E+01-1.373930372E+01-1.416580435E+01-1.459813764E+01-1.503514990E+01
-1.547527131E+01-1.591642798E+01-1.635595762E+01-1.679054675E+01-1.721621421E+01
-1.762836749E+01-1.802194724E+01-1.839165015E+01-1.873219456E+01-1.903857993E+01
-1.930630264E+01-1.953151403E+01-1.971112728E+01-1.984289061E+01-1.992544407E+01
-1.995836988E+01-1.994223677E+01-1.987862676E+01-1.977012154E+01-1.962022149E+01
-1.943317999E+01-1.921375844E+01-1.896693906E+01-1.869764787E+01-1.841053356E+01
-1.810982267E+01-1.779924802E+01 1.880425625E+00 1.963031857E+00 2.000721759E+00
 1.992044742E+00 1.938266282E+00 1.876960251E+00 1.818384329E+00 1.761686828E+00
 1.706174113E+00 1.651221454E+00 1.596297741E+00 1.540973686E+00 1.484917628E+00
 1.427884288E+00 1.369700282E+00 1.310249110E+00 1.249457168E+00 1.187281516E+00
 1.123699746E+00 1.058701858E+00 9.922840370E-01 9.244440896E-01 8.551783080E-01
 7.844795374E-01 7.123362415E-01 6.387323535E-01 5.636477285E-01 4.870589909E-01
 4.089406889E-01 3.292665191E-01 2.480105793E-01 1.651484641E-01 8.065817481E-02
-5.479266866E-03-9.327954638E-02-1.827551637E-01-2.739159449E-01-3.667699663E-01
-4.613248772E-01-5.575896097E-01-6.555764032E-01-7.553031295E-01-8.567958273E-01
-9.600913587E-01-1.065240115E+00-1.172308677E+00-1.281382317E+00-1.392567236E+00
-1.505992468E+00-1.621811267E+00-1.740201940E+00-1.861368001E+00-1.985537519E+00
-2.112961646E+00-2.243912204E+00-2.378678384E+00-2.517562566E+00-2.660875351E+00
-2.808929982E+00-2.962036345E+00-3.120494809E+00-3.284590218E+00-3.454586287E+00
-3.630720731E+00-3.813201350E+00-4.002203292E+00-4.197867587E+00-4.400301260E+00
-4.609578499E+00-4.825743509E+00-5.048814297E+00-5.278787631E+00-5.515644443E+00
-5.759356050E+00-6.009890183E+00-6.267217057E+00-6.531315161E+00-6.802176337E+00
-7.079810319E+00-7.364248546E+00-7.655547084E+00-7.953789065E+00-8.259086106E+00
-8.571579337E+00-8.891439671E+00-9.218867689E+00-9.554092576E+00-9.897370940E+00
-1.024898468E+01-1.060923816E+01-1.097845422E+01-1.135696919E+01-1.174512595E+01
-1.214326489E+01-1.255171150E+01-1.297076000E+01-1.340065129E+01-1.384154272E+01
-1.429346775E+01-1.475628067E+01-1.522958218E+01-1.571261932E+01-1.620415305E+01
-1.670228962E+01-1.720427833E+01-1.770630002E+01-1.820330406E+01-1.868899154E+01
-1.915604020E+01-1.959658030E+01-2.000279061E+01-2.036742371E+01-2.068414404E+01
-2.094768445E+01-2.115389060E+01-2.129972749E+01-2.138329954E+01-2.140391305E+01
-2.136218861E+01-2.126020632E+01-2.110162619E+01-2.089168378E+01-2.063695079E+01
-2.034482959E+01-2.002290222E+01-1.967834169E+01-1.931753276E+01-1.894591721E+01
-1.856799775E+01 1.811894205E+00 1.890165420E+00 1.921906268E+00 1.906088552E+00
 1.841875736E+00 1.771501174E+00 1.703604318E+00 1.637391196E+00 1.572415832E+00
 1.508250721E+00 1.444503510E+00 1.380829352E+00 1.316935927E+00 1.252582929E+00
 1.187577932E+00 1.121770197E+00 1.055043664E+00 9.873099129E-01 9.185016547E-01
 8.485670399E-01 7.774648606E-01 7.051607332E-01 6.316241587E-01 5.568264113E-01
 4.807391273E-01 4.033335060E-01 3.245799884E-01 2.444482668E-01 1.629075892E-01
 7.992717899E-02-4.523282147E-03-9.047320721E-02-1.779507573E-01-2.669826566E-01
-3.575942173E-01-4.498096038E-01-5.436523518E-01-6.391461635E-01-7.363159749E-01
-8.351892352E-01-9.357974284E-01-1.038177783E+00-1.142375072E+00-1.248443520E+00
-1.356448685E+00-1.466469297E+00-1.578598937E+00-1.692947522E+00-1.809642477E+00
-1.928829550E+00-2.050673191E+00-2.175356408E+00-2.303080103E+00-2.434061767E+00
-2.568533626E+00-2.706740146E+00-2.848935013E+00-2.995377633E+00-3.146329280E+00
-3.302049022E+00-3.462789591E+00-3.628793412E+00-3.800288917E+00-3.977487412E+00
-4.160580479E+00-4.349738466E+00-4.545109474E+00-4.746819501E+00-4.954973665E+00
-5.169658052E+00-5.390942440E+00-5.618884075E+00-5.853531378E+00-6.094928675E+00
-6.343120682E+00-6.598157240E+00-6.860097881E+00-7.129016361E+00-7.405004480E+00
-7.688176061E+00-7.978669988E+00-8.276653274E+00-8.582323663E+00-8.895911522E+00
-9.217682048E+00-9.547936487E+00-9.887013712E+00-1.023529097E+01-1.059318487E+01
-1.096115138E+01-1.133968590E+01-1.172932237E+01-1.213063138E+01-1.254421686E+01
-1.297071087E+01-1.341076495E+01-1.386503747E+01-1.433417369E+01-1.481877635E+01
-1.531936075E+01-1.583628658E+01-1.636965393E+01-1.691914282E+01-1.748376542E+01
-1.806148759E+01-1.864867834E+01-1.923941565E+01-1.982491164E+01-2.039366989E+01
-2.093281837E+01-2.142997942E+01-2.187451670E+01-2.225785170E+01-2.257327064E+01
-2.281562045E+01-2.298107185E+01-2.306700770E+01-2.307206439E+01-2.299635674E+01
-2.284192148E+01-2.261336049E+01-2.231844569E+01-2.196806527E+01-2.157492790E+01
-2.115151479E+01-2.070856530E+01-2.025461018E+01-1.979616013E+01-1.933809151E+01
 1.720939751E+00 1.792454633E+00 1.818469077E+00 1.796569106E+00 1.731731403E+00
 1.654940244E+00 1.579443739E+00 1.505441592E+00 1.432642114E+00 1.360743298E+00
 1.289452881E+00 1.218498812E+00 1.147635762E+00 1.076648187E+00 1.005350655E+00
 9.335861983E-01 8.612234606E-01 7.881531720E-01 7.142844070E-01 6.395410107E-01
 5.638582976E-01 4.871801948E-01 4.094568936E-01 3.306429620E-01 2.506959199E-01
 1.695752310E-01 8.724163184E-02 3.656742089E-03-8.121712132E-02-1.674169924E-01
-2.549792358E-01-3.439395110E-01-4.343327779E-01-5.261933984E-01-6.195553301E-01
-7.144525037E-01-8.109193266E-01-9.089913801E-01-1.008706275E+00-1.110104651E+00
-1.213231329E+00-1.318136559E+00-1.424877335E+00-1.533518750E+00-1.644135315E+00
-1.756812230E+00-1.871646521E+00-1.988748004E+00-2.108240032E+00-2.230259925E+00
-2.354959150E+00-2.482503055E+00-2.613070266E+00-2.746851682E+00-2.884049022E+00
-3.024873029E+00-3.169541308E+00-3.318275895E+00-3.471300595E+00-3.628838233E+00
-3.791107909E+00-3.958322370E+00-4.130685611E+00-4.308390953E+00-4.491619318E+00
-4.680538427E+00-4.875302293E+00-5.076051609E+00-5.282914582E+00-5.496008541E+00
-5.715442190E+00-5.941318241E+00-6.173736613E+00-6.412797811E+00-6.658606796E+00
-6.911276800E+00-7.170933153E+00-7.437717299E+00-7.711790615E+00-7.993338043E+00
-8.282571667E+00-8.579734267E+00-8.885102582E+00-9.198990663E+00-9.521753025E+00
-9.853788112E+00-1.019554145E+01-1.054750931E+01-1.091024226E+01-1.128434922E+01
-1.167050146E+01-1.206943714E+01-1.248196586E+01-1.290897352E+01-1.335142693E+01
-1.381037830E+01-1.428696853E+01-1.478242880E+01-1.529807836E+01-1.583531598E+01
-1.639559954E+01-1.698040352E+01-1.759113495E+01-1.822896533E+01-1.889448236E+01
-1.958692588E+01-2.030242559E+01-2.103025285E+01-2.174887534E+01-2.243137288E+01
-2.305631423E+01-2.360951118E+01-2.408141212E+01-2.446515719E+01-2.475551369E+01
-2.494830184E+01-2.504010101E+01-2.502816611E+01-2.491059186E+01-2.468691705E+01
-2.435970494E+01-2.393814922E+01-2.344277001E+01-2.290158754E+01-2.233784331E+01
-2.176648510E+01-2.119681826E+01-2.063479092E+01-2.008427269E+01 1.624715379E+00
 1.692417110E+00 1.713235939E+00 1.685590600E+00 1.611684122E+00 1.528094604E+00
 1.446126490E+00 1.365536159E+00 1.286105949E+00 1.207608765E+00 1.129817177E+00
 1.052511476E+00 9.754855328E-01 8.985504445E-01 8.215363333E-01 7.442925718E-01
 6.666869285E-01 5.886039676E-01 5.099430634E-01 4.306162139E-01 3.505459212E-01
 2.696632075E-01 1.879058429E-01 1.052168533E-01 2.154329012E-02-6.316474397E-02
-1.489548360E-01-2.358728143E-01-3.239631428E-01-4.132692135E-01-5.038335601E-01
-5.956980614E-01-6.889041534E-01-7.834930478E-01-8.795060823E-01-9.769850908E-01
-1.075972916E+00-1.176514001E+00-1.278655084E+00-1.382446009E+00-1.487940596E+00
-1.595197554E+00-1.704281473E+00-1.815263784E+00-1.928223697E+00-2.043249089E+00
-2.160437275E+00-2.279895651E+00-2.401742160E+00-2.526105539E+00-2.653125374E+00
-2.782951833E+00-2.915745191E+00-3.051675050E+00-3.190919278E+00-3.333662737E+00
-3.480095758E+00-3.630412476E+00-3.784809014E+00-3.943481668E+00-4.106625097E+00
-4.274430637E+00-4.447084723E+00-4.624767844E+00-4.807653396E+00-4.995907486E+00
-5.189688577E+00-5.389148200E+00-5.594431657E+00-5.805679487E+00-6.023029232E+00
-6.246617805E+00-6.476583890E+00-6.713071058E+00-6.956230800E+00-7.206225912E+00
-7.463234047E+00-7.727451215E+00-7.999095569E+00-8.278411188E+00-8.565671779E+00
-8.861184772E+00-9.165295149E+00-9.478389888E+00-9.800902340E+00-1.013331708E+01
-1.047617501E+01-1.083007943E+01-1.119570235E+01-1.157379194E+01-1.196518100E+01
-1.237079666E+01-1.279167187E+01-1.322895870E+01-1.368394434E+01-1.415806973E+01
-1.465295271E+01-1.517041566E+01-1.571252011E+01-1.628161023E+01-1.688036965E+01
-1.751189721E+01-1.817981432E+01-1.888842697E+01-1.964299444E+01-2.045024312E+01
-2.131960234E+01-2.226801729E+01-2.325561315E+01-2.415537072E+01-2.495918604E+01
-2.565128143E+01-2.622626106E+01-2.669083670E+01-2.704469577E+01-2.728169725E+01
-2.738744717E+01-2.735693696E+01-2.719539338E+01-2.689890403E+01-2.645485956E+01
-2.583576064E+01-2.505504612E+01-2.428529186E+01-2.353319674E+01-2.280341162E+01
-2.209868263E+01-2.142049997E+01-2.076949095E+01 1.517500492E+00 1.581367442E+00
 1.597264303E+00 1.564312799E+00 1.480849768E+00 1.391343827E+00 1.303752498E+00
 1.217480945E+00 1.132346819E+00 1.048162069E+00 9.647360304E-01 8.818818711E-01
 7.994213336E-01 7.171877986E-01 6.350279245E-01 5.528022103E-01 4.703847085E-01
 3.876622115E-01 3.045330598E-01 2.209058093E-01 1.366978245E-01 5.183392503E-02
-3.375487398E-02-1.201324782E-01-2.073586848E-01-2.954899980E-01-3.845803012E-01
-4.746814064E-01-5.658434944E-01-6.581154979E-01-7.515454051E-01-8.461805660E-01
-9.420679799E-01-1.039254603E+00-1.137787710E+00-1.237715290E+00-1.339086492E+00
-1.441952162E+00-1.546365394E+00-1.652382202E+00-1.760062154E+00-1.869469111E+00
-1.980671940E+00-2.093745212E+00-2.208769899E+00-2.325833993E+00-2.445033032E+00
-2.566470557E+00-2.690258408E+00-2.816516889E+00-2.945374741E+00-3.076968964E+00
-3.211444437E+00-3.348953354E+00-3.489654494E+00-3.633712318E+00-3.781295947E+00
-3.932578020E+00-4.087733525E+00-4.246938609E+00-4.410369416E+00-4.578201037E+00
-4.750606593E+00-4.927756643E+00-5.109818672E+00-5.296956897E+00-5.489332658E+00
-5.687104772E+00-5.890430522E+00-6.099466953E+00-6.314372370E+00-6.535308548E+00
-6.762442616E+00-6.995950061E+00-7.236017121E+00-7.482843985E+00-7.736648135E+00
-7.997667505E+00-8.266164374E+00-8.542428878E+00-8.826783303E+00-9.119586063E+00
-9.421236431E+00-9.732179539E+00-1.005291158E+01-1.038398584E+01-1.072601962E+01
-1.107970163E+01-1.144580081E+01-1.182517662E+01-1.221879076E+01-1.262772146E+01
-1.305318042E+01-1.349653300E+01-1.395932335E+01-1.444330512E+01-1.495047991E+01
-1.548314631E+01-1.604396326E+01-1.663603372E+01-1.726301855E+01-1.792929650E+01
-1.864019742E+01-1.940236015E+01-2.022430990E+01-2.111743241E+01-2.209758607E+01
-2.318700252E+01-2.442121977E+01-2.555222446E+01-2.651817352E+01-2.735093295E+01
-2.805428636E+01-2.862859975E+01-2.904468326E+01-2.930283468E+01-2.942531611E+01
-2.940807903E+01-2.924328662E+01-2.889023764E+01-2.833778066E+01-2.758875906E+01
-2.661056504E+01-2.558803279E+01-2.463301418E+01-2.373643392E+01-2.289241493E+01
-2.209675199E+01-2.134599699E+01 1.389191577E+00 1.446282125E+00 1.457157425E+00
 1.419508455E+00 1.338252828E+00 1.244745316E+00 1.152253843E+00 1.061067182E+00
 9.710188746E-01 8.819307576E-01 7.936263267E-01 7.059359286E-01 6.186996697E-01
 5.317687940E-01 4.450059876E-01 3.582851406E-01 2.714906958E-01 1.845168215E-01
 9.726647140E-02 9.650410513E-03-7.841375009E-02-1.670024768E-01-2.561871714E-01
-3.460349534E-01-4.366093516E-01-5.279709219E-01-6.201777590E-01-7.132859755E-01
-8.073500802E-01-9.024233407E-01-9.985581069E-01-1.095806106E+00-1.194218766E+00
-1.293847518E+00-1.394744149E+00-1.496961166E+00-1.600552203E+00-1.705572463E+00
-1.812079197E+00-1.920132215E+00-2.029794413E+00-2.141132326E+00-2.254216669E+00
-2.369122871E+00-2.485931583E+00-2.604729128E+00-2.725607885E+00-2.848666630E+00
-2.974010718E+00-3.101752213E+00-3.232009877E+00-3.364909038E+00-3.500581321E+00
-3.639164276E+00-3.780800888E+00-3.925638970E+00-4.073830486E+00-4.225530884E+00
-4.380898247E+00-4.540092574E+00-4.703275245E+00-4.870608191E+00-5.042253578E+00
-5.218373417E+00-5.399129598E+00-5.584683738E+00-5.775197807E+00-5.970834720E+00
-6.171759048E+00-6.378138552E+00-6.590145369E+00-6.807958055E+00-7.031763362E+00
-7.261758760E+00-7.498154759E+00-7.741177943E+00-7.991073730E+00-8.248109838E+00
-8.512579673E+00-8.784806033E+00-9.065145362E+00-9.353991928E+00-9.651782867E+00
-9.959003339E+00-1.027619248E+01-1.060395016E+01-1.094294445E+01-1.129392039E+01
-1.165771003E+01-1.203524417E+01-1.242756644E+01-1.283584962E+01-1.326141586E+01
-1.370576052E+01-1.417058186E+01-1.465781749E+01-1.516968965E+01-1.570876264E+01
-1.627801536E+01-1.688093534E+01-1.752164016E+01-1.820503719E+01-1.893703237E+01
-1.972480074E+01-2.057711980E+01-2.150472821E+01-2.252056748E+01-2.363959575E+01
-2.487772953E+01-2.618115116E+01-2.731349778E+01-2.828225431E+01-2.909110807E+01
-2.973476248E+01-3.020748809E+01-3.052166701E+01-3.068088809E+01-3.067955073E+01
-3.050229493E+01-3.013303680E+01-2.957272384E+01-2.881178741E+01-2.783148892E+01
-2.664054907E+01-2.551263785E+01-2.446880737E+01-2.350037726E+01-2.259995904E+01
-2.176107708E+01 1.257439548E+00 1.310414666E+00 1.316574754E+00 1.274252540E+00
 1.186304416E+00 1.088098271E+00 9.913987641E-01 8.960498035E-01 8.018454889E-01
 7.085900611E-01 6.161046636E-01 5.242283740E-01 4.328165974E-01 3.417386445E-01
 2.508753932E-01 1.601173537E-01 6.936316227E-02-2.148158511E-02-1.125052491E-01
-2.037908958E-01-2.954169368E-01-3.874576894E-01-4.799838797E-01-5.730631023E-01
-6.667602347E-01-7.611378074E-01-8.562563692E-01-9.521747785E-01-1.048950523E+00
-1.146639966E+00-1.245298659E+00-1.344981561E+00-1.445743344E+00-1.547638671E+00
-1.650722494E+00-1.755050392E+00-1.860678897E+00-1.967665891E+00-2.076070993E+00
-2.185955953E+00-2.297385107E+00-2.410425784E+00-2.525148740E+00-2.641628567E+00
-2.759944071E+00-2.880178623E+00-3.002420476E+00-3.126762965E+00-3.253304723E+00
-3.382149731E+00-3.513407375E+00-3.647192340E+00-3.783624476E+00-3.922828557E+00
-4.064933944E+00-4.210074333E+00-4.358387147E+00-4.510013278E+00-4.665096572E+00
-4.823783477E+00-4.986222487E+00-5.152564227E+00-5.322960817E+00-5.497566189E+00
-5.676536049E+00-5.860028113E+00-6.048202735E+00-6.241223500E+00-6.439258092E+00
-6.642479709E+00-6.851068131E+00-7.065211489E+00-7.285108236E+00-7.510969001E+00
-7.743019108E+00-7.981501019E+00-8.226677252E+00-8.478833255E+00-8.738280910E+00
-9.005362047E+00-9.280452415E+00-9.563966060E+00-9.856360094E+00-1.015814001E+01
-1.046986570E+01-1.079215827E+01-1.112570766E+01-1.147128154E+01-1.182973566E+01
-1.220202576E+01-1.258922177E+01-1.299252441E+01-1.341328540E+01-1.385303118E+01
-1.431349193E+01-1.479663702E+01-1.530471760E+01-1.584031964E+01-1.640642842E+01
-1.700650795E+01-1.764459765E+01-1.832542794E+01-1.905455477E+01-1.983850591E+01
-2.068492103E+01-2.160264935E+01-2.260174647E+01-2.369331104E+01-2.488914025E+01
-2.620356435E+01-2.747123938E+01-2.854674042E+01-2.941705330E+01-3.011426342E+01
-3.064782407E+01-3.102056990E+01-3.121831116E+01-3.122146937E+01-3.105387544E+01
-3.071481559E+01-3.019654105E+01-2.947299287E+01-2.851510142E+01-2.733742280E+01
-2.607634005E+01-2.491685551E+01-2.385113841E+01-2.286992062E+01-2.196441757E+01
 1.116950222E+00 1.166057569E+00 1.167610557E+00 1.120798321E+00 1.023090982E+00
 9.208639217E-01 8.208512714E-01 7.222221720E-01 6.246812673E-01 5.279983792E-01
 4.319940993E-01 3.365256511E-01 2.414744979E-01 1.467375361E-01 5.222141992E-02
-4.216085118E-02-1.364919013E-01-2.308510703E-01-3.253150120E-01-4.199580193E-01
-5.148522222E-01-6.100677100E-01-7.056726512E-01-8.017334099E-01-8.983146481E-01
-9.954794911E-01-1.093289630E+00-1.191805512E+00-1.291086480E+00-1.391190958E+00
-1.492176635E+00-1.594100671E+00-1.697019905E+00-1.800991093E+00-1.906071165E+00
-2.012317501E+00-2.119788196E+00-2.228542410E+00-2.338640655E+00-2.450145159E+00
-2.563120185E+00-2.677632399E+00-2.793751195E+00-2.911549012E+00-3.031101675E+00
-3.152488624E+00-3.275793192E+00-3.401102794E+00-3.528509073E+00-3.658107997E+00
-3.789999921E+00-3.924289535E+00-4.061085822E+00-4.200501977E+00-4.342655117E+00
-4.487666276E+00-4.635659995E+00-4.786764244E+00-4.941110103E+00-5.098831648E+00
-5.260065791E+00-5.424952203E+00-5.593633390E+00-5.766254617E+00-5.942964538E+00
-6.123915194E+00-6.309262803E+00-6.499168430E+00-6.693798929E+00-6.893327973E+00
-7.097937349E+00-7.307818499E+00-7.523174210E+00-7.744220390E+00-7.971188391E+00
-8.204327138E+00-8.443905648E+00-8.690216145E+00-8.943576661E+00-9.204334774E+00
-9.472871042E+00-9.749603215E+00-1.003499049E+01-1.032953875E+01-1.063380606E+01
-1.094840892E+01-1.127402954E+01-1.161142390E+01-1.196143126E+01-1.232498498E+01
-1.270312527E+01-1.309701390E+01-1.350795153E+01-1.393739831E+01-1.438699815E+01
-1.485860719E+01-1.535432792E+01-1.587654927E+01-1.642799401E+01-1.701177350E+01
-1.763145088E+01-1.829111161E+01-1.899543857E+01-1.974978831E+01-2.056026009E+01
-2.143374997E+01-2.237798304E+01-2.340152659E+01-2.451379726E+01-2.572506502E+01
-2.702706694E+01-2.815467203E+01-2.908150239E+01-2.982650065E+01-3.039711232E+01
-3.079308660E+01-3.100383591E+01-3.104038751E+01-3.091244394E+01-3.061701128E+01
-3.014274788E+01-2.946833785E+01-2.859561484E+01-2.752463510E+01-2.625146537E+01
-2.501225758E+01-2.388412619E+01-2.285505864E+01-2.191331985E+01 9.509636937E-01
 9.917636600E-01 9.880528640E-01 9.378668528E-01 8.456109754E-01 7.423293007E-01
 6.404324142E-01 5.396888255E-01 4.397250303E-01 3.403319882E-01 2.413904077E-01
 1.428224756E-01 4.456708653E-02-5.343179552E-02-1.512301856E-01-2.488859532E-01
-3.464592255E-01-4.440121462E-01-5.416083911E-01-6.393126410E-01-7.371900702E-01
-8.353059475E-01-9.337252815E-01-1.032512573E+00-1.131731636E+00-1.231445498E+00
-1.331716312E+00-1.432605374E+00-1.534173151E+00-1.636479333E+00-1.739582951E+00
-1.843542489E+00-1.948416062E+00-2.054261550E+00-2.161136843E+00-2.269100040E+00
-2.378209683E+00-2.488525017E+00-2.600106267E+00-2.713014901E+00-2.827313914E+00
-2.943068122E+00-3.060344423E+00-3.179212083E+00-3.299742981E+00-3.422011838E+00
-3.546096432E+00-3.672077771E+00-3.800040245E+00-3.930071725E+00-4.062263662E+00
-4.196711023E+00-4.333512527E+00-4.472770297E+00-4.614590080E+00-4.759081011E+00
-4.906355577E+00-5.056529689E+00-5.209722293E+00-5.366055764E+00-5.525655549E+00
-5.688650443E+00-5.855172789E+00-6.025358475E+00-6.199347604E+00-6.377284614E+00
-6.559319221E+00-6.745606778E+00-6.936309411E+00-7.131596931E+00-7.331648054E+00
-7.536651699E+00-7.746808486E+00-7.962332510E+00-8.183453155E+00-8.410417176E+00
-8.643490875E+00-8.882962613E+00-9.129145654E+00-9.382380801E+00-9.643039943E+00
-9.911529444E+00-1.018829408E+01-1.047382138E+01-1.076864647E+01-1.107335733E+01
-1.138860113E+01-1.171509062E+01-1.205361224E+01-1.240503454E+01-1.277031832E+01
-1.315052797E+01-1.354684443E+01-1.396058003E+01-1.439319549E+01-1.484631920E+01
-1.532176887E+01-1.582157617E+01-1.634801356E+01-1.690362378E+01-1.749125087E+01
-1.811407251E+01-1.877563185E+01-1.947986969E+01-2.023115752E+01-2.103433949E+01
-2.189480052E+01-2.281859734E+01-2.381271696E+01-2.488555665E+01-2.604813592E+01
-2.719852002E+01-2.815054110E+01-2.891015096E+01-2.946799441E+01-2.984991636E+01
-3.007484805E+01-3.014797860E+01-3.006443243E+01-2.980056430E+01-2.937082694E+01
-2.878292539E+01-2.803212197E+01-2.710328796E+01-2.596183362E+01-2.469158440E+01
-2.354626168E+01-2.251380878E+01-2.157666572E+01 7.768923229E-01 8.087471096E-01
 7.991065062E-01 7.470066187E-01 6.544835634E-01 5.525710984E-01 4.511127251E-01
 3.495594498E-01 2.479035695E-01 1.462542550E-01 4.470695140E-02-5.667716691E-02
-1.578682830E-01-2.588614291E-01-3.596705823E-01-4.603239794E-01-5.608605212E-01
-6.613270112E-01-7.617760473E-01-8.622643565E-01-9.628515460E-01-1.063599086E+00
-1.164569571E+00-1.265826118E+00-1.367431919E+00-1.469449946E+00-1.571942699E+00
-1.674972077E+00-1.778599283E+00-1.882884814E+00-1.987888475E+00-2.093669443E+00
-2.200286364E+00-2.307797478E+00-2.416260777E+00-2.525734173E+00-2.636275702E+00
-2.747943730E+00-2.860797161E+00-2.974895695E+00-3.090300053E+00-3.207072211E+00
-3.325275643E+00-3.444975541E+00-3.566239047E+00-3.689135463E+00-3.813736411E+00
-3.940116029E+00-4.068351118E+00-4.198521260E+00-4.330708918E+00-4.464999431E+00
-4.601481249E+00-4.740245859E+00-4.881387778E+00-5.025004678E+00-5.171197380E+00
-5.320069742E+00-5.471728928E+00-5.626285455E+00-5.783853146E+00-5.944549490E+00
-6.108495718E+00-6.275817277E+00-6.446644146E+00-6.621111226E+00-6.799359057E+00
-6.981534477E+00-7.167791420E+00-7.358291738E+00-7.553206464E+00-7.752716872E+00
-7.957015782E+00-8.166309056E+00-8.380817172E+00-8.600777115E+00-8.826444115E+00
-9.058093807E+00-9.296024524E+00-9.540559692E+00-9.792050596E+00-1.005087917E+01
-1.031746120E+01-1.059224985E+01-1.087573934E+01-1.116846913E+01-1.147102840E+01
-1.178406117E+01-1.210827161E+01-1.244443018E+01-1.279338026E+01-1.315604521E+01
-1.353343624E+01-1.392666088E+01-1.433693171E+01-1.476557558E+01-1.521404277E+01
-1.568391584E+01-1.617691708E+01-1.669491436E+01-1.723992340E+01-1.781410563E+01
-1.841976023E+01-1.905930939E+01-1.973527750E+01-2.045026944E+01-2.120695989E+01
-2.200812529E+01-2.285679382E+01-2.375671939E+01-2.471381182E+01-2.573595244E+01
-2.663208766E+01-2.732143862E+01-2.782925168E+01-2.818698447E+01-2.840500968E+01
-2.848497453E+01-2.841315066E+01-2.819044045E+01-2.783399294E+01-2.734489668E+01
-2.671794971E+01-2.593299370E+01-2.498519961E+01-2.388201483E+01-2.278904717E+01
-2.182072443E+01-2.094382049E+01 5.868975755E-01 6.019249232E-01 5.846822282E-01
 5.329785944E-01 4.529169534E-01 3.579802017E-01 2.574742495E-01 1.547180406E-01
 5.095794007E-02-5.322061845E-02-1.575065824E-01-2.617273663E-01-3.657896384E-01
-4.696494994E-01-5.732957744E-01-6.767398763E-01-7.800092308E-01-8.831427644E-01
-9.861877206E-01-1.089197304E+00-1.192228920E+00-1.295342829E+00-1.398601120E+00
-1.502066935E+00-1.605803840E+00-1.709875394E+00-1.814344805E+00-1.919274711E+00
-2.024727015E+00-2.130762798E+00-2.237442300E+00-2.344824930E+00-2.452969323E+00
-2.561933441E+00-2.671774669E+00-2.782549981E+00-2.894316092E+00-3.007129629E+00
-3.121047340E+00-3.236126276E+00-3.352424000E+00-3.469998798E+00-3.588909899E+00
-3.709217652E+00-3.830983747E+00-3.954271381E+00-4.079145519E+00-4.205672849E+00
-4.333922240E+00-4.463964610E+00-4.595873164E+00-4.729723548E+00-4.865593891E+00
-5.003564843E+00-5.143719733E+00-5.286144727E+00-5.430928789E+00-5.578163837E+00
-5.727944823E+00-5.880370089E+00-6.035541204E+00-6.193563601E+00-6.354546495E+00
-6.518603435E+00-6.685852697E+00-6.856417679E+00-7.030427453E+00-7.208017474E+00
-7.389330366E+00-7.574516557E+00-7.763735337E+00-7.957155768E+00-8.154957983E+00
-8.357334211E+00-8.564490196E+00-8.776646611E+00-8.994040641E+00-9.216927592E+00
-9.445582786E+00-9.680303254E+00-9.921409981E+00-1.016925000E+01-1.042419865E+01
-1.068666212E+01-1.095707998E+01-1.123592801E+01-1.152372092E+01-1.182101559E+01
-1.212841399E+01-1.244656644E+01-1.277617478E+01-1.311799521E+01-1.347284130E+01
-1.384158587E+01-1.422516262E+01-1.462456593E+01-1.504084912E+01-1.547511979E+01
-1.592853123E+01-1.640226845E+01-1.689752707E+01-1.741548192E+01-1.795724312E+01
-1.852379388E+01-1.911590456E+01-1.973401283E+01-2.037805208E+01-2.104719372E+01
-2.173942402E+01-2.245074205E+01-2.317325026E+01-2.388832698E+01-2.454227530E+01
-2.508260512E+01-2.550035558E+01-2.579611726E+01-2.597153839E+01-2.602821039E+01
-2.596749079E+01-2.579060330E+01-2.549889848E+01-2.509418136E+01-2.457911357E+01
-2.395794320E+01-2.323829514E+01-2.243709688E+01-2.160475590E+01-2.080426533E+01
-2.004867881E+01 4.440414080E-01 4.621405042E-01 4.403822881E-01 3.773752470E-01
 2.775601112E-01 1.713557054E-01 6.472390355E-02-4.247569232E-02-1.500000477E-01
-2.576001118E-01-3.650961841E-01-4.723732897E-01-5.793658391E-01-6.860445107E-01
-7.924065465E-01-8.984687936E-01-1.004262610E+00-1.109830113E+00-1.215221348E+00
-1.320492081E+00-1.425702142E+00-1.530914083E+00-1.636192144E+00-1.741601455E+00
-1.847207401E+00-1.953075146E+00-2.059269285E+00-2.165853576E+00-2.272890765E+00
-2.380442496E+00-2.488569238E+00-2.597330309E+00-2.706783899E+00-2.816987150E+00
-2.927996249E+00-3.039866572E+00-3.152652796E+00-3.266409081E+00-3.381189237E+00
-3.497046883E+00-3.614035661E+00-3.732209406E+00-3.851622340E+00-3.972329266E+00
-4.094385690E+00-4.217848193E+00-4.342774299E+00-4.469222949E+00-4.597254462E+00
-4.726930695E+00-4.858315358E+00-4.991473891E+00-5.126473866E+00-5.263384860E+00
-5.402278778E+00-5.543229887E+00-5.686315015E+00-5.831613670E+00-5.979208197E+00
-6.129184052E+00-6.281629923E+00-6.436638122E+00-6.594304745E+00-6.754730140E+00
-6.918019228E+00-7.084281973E+00-7.253633932E+00-7.426196769E+00-7.602098888E+00
-7.781476215E+00-7.964472912E+00-8.151242203E+00-8.341947239E+00-8.536762285E+00
-8.735873421E+00-8.939479969E+00-9.147795433E+00-9.361048959E+00-9.579486359E+00
-9.803371647E+00-1.003298826E+01-1.026864072E+01-1.051065575E+01-1.075938398E+01
-1.101520132E+01-1.127851021E+01-1.154974104E+01-1.182935321E+01-1.211783612E+01
-1.241570956E+01-1.272352390E+01-1.304185941E+01-1.337132460E+01-1.371255350E+01
-1.406620083E+01-1.443293524E+01-1.481342905E+01-1.520834403E+01-1.561831176E+01
-1.604390672E+01-1.648560982E+01-1.694375953E+01-1.741848603E+01-1.790962242E+01
-1.841658398E+01-1.893820095E+01-1.947248146E+01-2.001626408E+01-2.056469368E+01
-2.111041872E+01-2.164244953E+01-2.214510645E+01-2.259899861E+01-2.298574428E+01
-2.329238314E+01-2.351147957E+01-2.363925885E+01-2.367413126E+01-2.361591123E+01
-2.346550048E+01-2.322486422E+01-2.289723610E+01-2.248756551E+01-2.200328419E+01
-2.145546607E+01-2.086005546E+01-2.023735427E+01-1.960745902E+01-1.898502129E+01
 2.841960015E-01 3.010303098E-01 2.751114847E-01 2.048226574E-01 9.717708678E-02
-1.757789780E-02-1.312298508E-01-2.440191372E-01-3.561545477E-01-4.677151355E-01
-5.787239391E-01-6.891886631E-01-7.991196380E-01-9.085364215E-01-1.017469197E+00
-1.125958070E+00-1.234051564E+00-1.341804967E+00-1.449278743E+00-1.556537131E+00
-1.663646932E+00-1.770676513E+00-1.877694979E+00-1.984771508E+00-2.091974820E+00
-2.199372783E+00-2.307032105E+00-2.415018122E+00-2.523394640E+00-2.632223859E+00
-2.741566347E+00-2.851481038E+00-2.962025294E+00-3.073254957E+00-3.185224468E+00
-3.297986982E+00-3.411594495E+00-3.526098017E+00-3.641547700E+00-3.757993029E+00
-3.875482993E+00-3.994066250E+00-4.113791343E+00-4.234706766E+00-4.356861333E+00
-4.480304137E+00-4.605084978E+00-4.731254169E+00-4.858863164E+00-4.987964209E+00
-5.118611003E+00-5.250858390E+00-5.384762909E+00-5.520382633E+00-5.657777607E+00
-5.797009767E+00-5.938143255E+00-6.081244537E+00-6.226382798E+00-6.373629784E+00
-6.523060472E+00-6.674753030E+00-6.828789290E+00-6.985255024E+00-7.144240339E+00
-7.305840067E+00-7.470154244E+00-7.637288657E+00-7.807355160E+00-7.980472621E+00
-8.156767235E+00-8.336373235E+00-8.519433798E+00-8.706101478E+00-8.896539191E+00
-9.090920963E+00-9.289432640E+00-9.492272794E+00-9.699653394E+00-9.911800866E+00
-1.012895653E+01-1.035137755E+01-1.057933742E+01-1.081312653E+01-1.105305262E+01
-1.129944074E+01-1.155263329E+01-1.181298953E+01-1.208088454E+01-1.235670773E+01
-1.264086043E+01-1.293375251E+01-1.323579766E+01-1.354740685E+01-1.386897999E+01
-1.420089424E+01-1.454348942E+01-1.489704850E+01-1.526177257E+01-1.563774886E+01
-1.602490913E+01-1.642297723E+01-1.683140118E+01-1.724926712E+01-1.767518862E+01
-1.810716606E+01-1.854240816E+01-1.897711249E+01-1.940621099E+01-1.982312189E+01
-2.021962096E+01-2.058604219E+01-2.091201381E+01-2.118763371E+01-2.140456401E+01
-2.155656825E+01-2.163949396E+01-2.165100117E+01-2.159028488E+01-2.145790023E+01
-2.125571237E+01-2.098696362E+01-2.065643362E+01-2.027064255E+01-1.983797894E+01
-1.936853371E+01-1.887339578E+01-1.836344030E+01-1.784811886E+01 1.169022708E-01
 1.312456889E-01 1.014723749E-01 2.562299492E-02-9.560765543E-02-2.166118910E-01
-3.357061792E-01-4.533840745E-01-5.698440598E-01-6.852287222E-01-7.996424026E-01
-9.131668938E-01-1.025873150E+00-1.137828504E+00-1.249100553E+00-1.359758909E+00
-1.469875608E+00-1.579524906E+00-1.688782721E+00-1.797725966E+00-1.906431885E+00
-2.014977433E+00-2.123438754E+00-2.231890753E+00-2.340406729E+00-2.449058131E+00
-2.557914362E+00-2.667042645E+00-2.776507952E+00-2.886372997E+00-2.996698224E+00
-3.107541874E+00-3.218960051E+00-3.331006811E+00-3.443734292E+00-3.557192833E+00
-3.671431108E+00-3.786496294E+00-3.902434231E+00-4.019289552E+00-4.137105911E+00
-4.255926123E+00-4.375792265E+00-4.496745984E+00-4.618828608E+00-4.742081311E+00
-4.866545264E+00-4.992261836E+00-5.119272831E+00-5.247620444E+00-5.377347739E+00
-5.508498528E+00-5.641117647E+00-5.775251272E+00-5.910946879E+00-6.048253520E+00
-6.187222060E+00-6.327905293E+00-6.470358301E+00-6.614638525E+00-6.760806091E+00
-6.908924194E+00-7.059059182E+00-7.211280990E+00-7.365663569E+00-7.522285088E+00
-7.681228481E+00-7.842581650E+00-8.006438205E+00-8.172897709E+00-8.342066225E+00
-8.514056829E+00-8.688990002E+00-8.866994385E+00-9.048206967E+00-9.232773880E+00
-9.420850634E+00-9.612602587E+00-9.808205420E+00-1.000784537E+01-1.021171944E+01
-1.042003550E+01-1.063301216E+01-1.085087855E+01-1.107387389E+01-1.130224639E+01
-1.153625236E+01-1.177615430E+01-1.202221859E+01-1.227471248E+01-1.253390006E+01
-1.280003707E+01-1.307336432E+01-1.335409930E+01-1.364242572E+01-1.393848018E+01
-1.424233584E+01-1.455398183E+01-1.487329833E+01-1.520002540E+01-1.553372506E+01
-1.587373550E+01-1.621911546E+01-1.656857832E+01-1.692041459E+01-1.727240420E+01
-1.762172140E+01-1.796484169E+01-1.829746950E+01-1.861451771E+01-1.891018334E+01
-1.917816109E+01-1.941200197E+01-1.960556112E+01-1.975342467E+01-1.985121649E+01
-1.989575163E+01-1.988506913E+01-1.981840434E+01-1.969614974E+01-1.951983050E+01
-1.929210044E+01-1.901674275E+01-1.869864301E+01-1.834368613E+01-1.795852773E+01
-1.755022111E+01-1.712574934E+01-1.669157398E+01-7.814373816E-02-6.818248895E-02
-1.024812877E-01-1.825002835E-01-3.024406971E-01-4.277131572E-01-5.511541132E-01
-6.728866167E-01-7.930523115E-01-9.117850252E-01-1.029208101E+00-1.145435611E+00
-1.260574832E+00-1.374728580E+00-1.487996862E+00-1.600477841E+00-1.712268243E+00
-1.823463393E+00-1.934157018E+00-2.044440983E+00-2.154404962E+00-2.264136191E+00
-2.373719176E+00-2.483235541E+00-2.592763876E+00-2.702379641E+00-2.812155155E+00
-2.922159562E+00-3.032458888E+00-3.143116085E+00-3.254191134E+00-3.365741130E+00
-3.477820414E+00-3.590480699E+00-3.703771202E+00-3.817738816E+00-3.932428236E+00
-4.047882158E+00-4.164141342E+00-4.281244968E+00-4.399230626E+00-4.518134560E+00
-4.637991799E+00-4.758836421E+00-4.880701641E+00-5.003619923E+00-5.127623338E+00
-5.252743643E+00-5.379012316E+00-5.506460957E+00-5.635121361E+00-5.765025637E+00
-5.896206527E+00-6.028697441E+00-6.162532735E+00-6.297747947E+00-6.434379877E+00
-6.572466978E+00-6.712049436E+00-6.853169410E+00-6.995871460E+00-7.140202588E+00
-7.286212675E+00-7.433954791E+00-7.583485317E+00-7.734864533E+00-7.888156778E+00
-8.043430843E+00-8.200760326E+00-8.360223987E+00-8.521906099E+00-8.685896887E+00
-8.852292644E+00-9.021196279E+00-9.192717401E+00-9.366972672E+00-9.544085922E+00
-9.724188195E+00-9.907417939E+00-1.009392061E+01-1.028384874E+01-1.047736128E+01
-1.067462302E+01-1.087580372E+01-1.108107709E+01-1.129061886E+01-1.150460513E+01
-1.172320974E+01-1.194660100E+01-1.217493773E+01-1.240836460E+01-1.264700581E+01
-1.289095791E+01-1.314028091E+01-1.339498742E+01-1.365502953E+01-1.392028337E+01
-1.419053031E+01-1.446543515E+01-1.474452001E+01-1.502713425E+01-1.531242019E+01
-1.559927390E+01-1.588630286E+01-1.617178076E+01-1.645360355E+01-1.672925067E+01
-1.699576016E+01-1.724972797E+01-1.748734547E+01-1.770448640E+01-1.789685030E+01
-1.806015475E+01-1.819035377E+01-1.828385108E+01-1.833767747E+01-1.834961665E+01
-1.831827981E+01-1.824313959E+01-1.812453773E+01-1.796367626E+01-1.776259426E+01
-1.752412598E+01-1.725182941E+01-1.694987271E+01-1.662287115E+01-1.627567982E+01
-1.591316297E+01-1.553997457E+01-2.836826541E-01-2.785153978E-01-3.171184752E-01
-4.011393594E-01-5.229056555E-01-6.518380475E-01-7.789198423E-01-9.040215268E-01
-1.027256992E+00-1.148754381E+00-1.268647268E+00-1.387070729E+00-1.504158970E+00
-1.620043959E+00-1.734854559E+00-1.848715993E+00-1.961749451E+00-2.074071801E+00
-2.185795362E+00-2.297027768E+00-2.407871879E+00-2.518425752E+00-2.628782640E+00
-2.739031070E+00-2.849254931E+00-2.959533561E+00-3.069941912E+00-3.180550684E+00
-3.291426480E+00-3.402631976E+00-3.514226094E+00-3.626264175E+00-3.738798138E+00
-3.851876666E+00-3.965545390E+00-4.079847023E+00-4.194821634E+00-4.310506652E+00
-4.426937143E+00-4.544146084E+00-4.662164245E+00-4.781020704E+00-4.900742724E+00
-5.021356113E+00-5.142885257E+00-5.265353403E+00-5.388782851E+00-5.513194875E+00
-5.638610241E+00-5.765049198E+00-5.892531643E+00-6.021077356E+00-6.150706192E+00
-6.281438285E+00-6.413294084E+00-6.546294942E+00-6.680462844E+00-6.815820997E+00
-6.952393985E+00-7.090207892E+00-7.229290571E+00-7.369672125E+00-7.511384899E+00
-7.654463881E+00-7.798947051E+00-7.944875542E+00-8.092293955E+00-8.241250749E+00
-8.391798444E+00-8.543993815E+00-8.697898324E+00-8.853578083E+00-9.011104286E+00
-9.170553330E+00-9.332006611E+00-9.495550928E+00-9.661278158E+00-9.829285185E+00
-9.999673580E+00-1.017254913E+01-1.034802132E+01-1.052620249E+01-1.070720673E+01
-1.089114865E+01-1.107814173E+01-1.126829624E+01-1.146171687E+01-1.165849963E+01
-1.185872840E+01-1.206247037E+01-1.226977126E+01-1.248064886E+01-1.269508609E+01
-1.291302226E+01-1.313434337E+01-1.335887039E+01-1.358634597E+01-1.381641906E+01
-1.404862752E+01-1.428237868E+01-1.451692792E+01-1.475135542E+01-1.498454231E+01
-1.521514670E+01-1.544158175E+01-1.566199861E+01-1.587427708E+01-1.607602954E+01
-1.626462211E+01-1.643721844E+01-1.659084880E+01-1.672250410E+01-1.682924928E+01
-1.690834712E+01-1.695737980E+01-1.697435728E+01-1.695780389E+01-1.690682012E+01
-1.682112027E+01-1.670104803E+01-1.654757274E+01-1.636226693E+01-1.614726459E+01
-1.590519759E+01-1.563910912E+01-1.535234535E+01-1.504843012E+01-1.473093326E+01
-1.440334462E+01-4.951347872E-01-4.936114518E-01-5.363464083E-01-6.247653374E-01
-7.572090668E-01-8.900103205E-01-1.020183457E+00-1.148040136E+00-1.273705643E+00
-1.397323340E+00-1.519049583E+00-1.639047484E+00-1.757482009E+00-1.874516400E+00
-1.990309636E+00-2.105014807E+00-2.218778054E+00-2.331738037E+00-2.444025704E+00
-2.555764299E+00-2.667069515E+00-2.778049754E+00-2.888806411E+00-2.999434212E+00
-3.110021562E+00-3.220650869E+00-3.331398877E+00-3.442336975E+00-3.553531483E+00
-3.665043942E+00-3.776931368E+00-3.889246488E+00-4.002037973E+00-4.115350725E+00
-4.229225940E+00-4.343701402E+00-4.458811704E+00-4.574588365E+00-4.691060028E+00
-4.808252619E+00-4.926189578E+00-5.044891986E+00-5.164378675E+00-5.284666507E+00
-5.405770416E+00-5.527703678E+00-5.650478114E+00-5.774104084E+00-5.898590810E+00
-6.023946525E+00-6.150178557E+00-6.277293684E+00-6.405298209E+00-6.534198159E+00
-6.663999564E+00-6.794708609E+00-6.926331834E+00-7.058876409E+00-7.192350373E+00
-7.326762866E+00-7.462124328E+00-7.598446856E+00-7.735744357E+00-7.874032905E+00
-8.013330980E+00-8.153659660E+00-8.295042979E+00-8.437508042E+00-8.581085384E+00
-8.725809087E+00-8.871716933E+00-9.018850646E+00-9.167255772E+00-9.316981836E+00
-9.468082263E+00-9.620614222E+00-9.774638307E+00-9.930218268E+00-1.008742045E+01
-1.024631310E+01-1.040696555E+01-1.056944708E+01-1.073382571E+01-1.090016654E+01
-1.106852990E+01-1.123896900E+01-1.141152734E+01-1.158623559E+01-1.176310776E+01
-1.194213715E+01-1.212329130E+01-1.230650635E+01-1.249168033E+01-1.267866600E+01
-1.286726215E+01-1.305720430E+01-1.324815397E+01-1.343968706E+01-1.363128133E+01
-1.382230298E+01-1.401199254E+01-1.419945124E+01-1.438362791E+01-1.456330778E+01
-1.473710452E+01-1.490345753E+01-1.506063604E+01-1.520675293E+01-1.533978972E+01
-1.545763461E+01-1.555813367E+01-1.563915415E+01-1.569865655E+01-1.573477082E+01
-1.574587187E+01-1.573064765E+01-1.568815709E+01-1.561787361E+01-1.551971375E+01
-1.539405013E+01-1.524170899E+01-1.506395254E+01-1.486244621E+01-1.463921121E+01
-1.439656346E+01-1.413704075E+01-1.386332230E+01-1.357814542E+01-1.328422517E+01
-7.329743850E-01-7.367132963E-01-7.839924054E-01-8.761856262E-01-1.008002845E+00
-1.143586472E+00-1.276279661E+00-1.406236594E+00-1.533618481E+00-1.658611554E+00
-1.781417194E+00-1.902243267E+00-2.021297395E+00-2.138782036E+00-2.254891219E+00
-2.369808547E+00-2.483706185E+00-2.596744552E+00-2.709072450E+00-2.820827487E+00
-2.932136682E+00-3.043117126E+00-3.153876654E+00-3.264514518E+00-3.375122021E+00
-3.485783079E+00-3.596574766E+00-3.707567770E+00-3.818826853E+00-3.930411201E+00
-4.042374778E+00-4.154766691E+00-4.267631316E+00-4.381008801E+00-4.494935038E+00
-4.609442099E+00-4.724558232E+00-4.840308298E+00-4.956713652E+00-5.073792615E+00
-5.191560434E+00-5.310029520E+00-5.429209604E+00-5.549107935E+00-5.669729361E+00
-5.791076520E+00-5.913150044E+00-6.035948670E+00-6.159469485E+00-6.283707917E+00
-6.408658174E+00-6.534313284E+00-6.660665208E+00-6.787705279E+00-6.915424159E+00
-7.043812235E+00-7.172859697E+00-7.302556891E+00-7.432894558E+00-7.563863914E+00
-7.695457116E+00-7.827667429E+00-7.960489493E+00-8.093919448E+00-8.227955481E+00
-8.362597790E+00-8.497848934E+00-8.633714076E+00-8.770201175E+00-8.907320945E+00
-9.045087297E+00-9.183517171E+00-9.322630542E+00-9.462450499E+00-9.603002927E+00
-9.744316312E+00-9.886421345E+00-1.002935049E+01-1.017313724E+01-1.031781524E+01
-1.046341739E+01-1.060997465E+01-1.075751429E+01-1.090605850E+01-1.105562224E+01
-1.120621083E+01-1.135781734E+01-1.151041951E+01-1.166397632E+01-1.181842387E+01
-1.197367102E+01-1.212959435E+01-1.228603270E+01-1.244278081E+01-1.259958278E+01
-1.275612459E+01-1.291202644E+01-1.306683438E+01-1.322001189E+01-1.337093136E+01
-1.351886621E+01-1.366298340E+01-1.380233794E+01-1.393586935E+01-1.406240144E+01
-1.418064654E+01-1.428921496E+01-1.438663072E+01-1.447135492E+01-1.454181613E+01
-1.459644847E+01-1.463373527E+01-1.465225755E+01-1.465074367E+01-1.462811851E+01
-1.458354775E+01-1.451647653E+01-1.442665855E+01-1.431417614E+01-1.417944869E+01
-1.402323062E+01-1.384659772E+01-1.365092311E+01-1.343784262E+01-1.320921178E+01
-1.296705518E+01-1.271351165E+01-1.245077727E+01-1.218104997E+01-9.874884938E-01
-9.970436639E-01-1.048906356E+00-1.144687203E+00-1.276582007E+00-1.414318502E+00
-1.548830450E+00-1.680072034E+00-1.808281498E+00-1.933725628E+00-2.056681608E+00
-2.177425317E+00-2.296223220E+00-2.413327253E+00-2.528972088E+00-2.643374047E+00
-2.756731190E+00-2.869224040E+00-2.981016711E+00-3.092258199E+00-3.203083693E+00
-3.313615857E+00-3.423965992E+00-3.534235095E+00-3.644514808E+00-3.754888252E+00
-3.865430731E+00-3.976210365E+00-4.087288629E+00-4.198720856E+00-4.310556610E+00
-4.422840018E+00-4.535610124E+00-4.648901246E+00-4.762742972E+00-4.877160754E+00
-4.992175710E+00-5.107805096E+00-5.224062467E+00-5.340957593E+00-5.458496897E+00
-5.576683490E+00-5.695517294E+00-5.814995236E+00-5.935111446E+00-6.055857294E+00
-6.177221553E+00-6.299190668E+00-6.421748841E+00-6.544878185E+00-6.668559000E+00
-6.792769773E+00-6.917487575E+00-7.042688057E+00-7.168345885E+00-7.294434780E+00
-7.420927872E+00-7.547797738E+00-7.675016918E+00-7.802557990E+00-7.930393846E+00
-8.058498090E+00-8.186845073E+00-8.315410327E+00-8.444170844E+00-8.573105151E+00
-8.702193745E+00-8.831419133E+00-8.960766186E+00-9.090222021E+00-9.219776392E+00
-9.349421619E+00-9.479152381E+00-9.608965921E+00-9.738861490E+00-9.868840388E+00
-9.998905137E+00-1.012905928E+01-1.025930629E+01-1.038964893E+01-1.052008785E+01
-1.065062062E+01-1.078123995E+01-1.091193198E+01-1.104267424E+01-1.117343344E+01
-1.130416269E+01-1.143479893E+01-1.156525932E+01-1.169543813E+01-1.182520258E+01
-1.195438869E+01-1.208279686E+01-1.221018691E+01-1.233627301E+01-1.246071833E+01
-1.258312962E+01-1.270305187E+01-1.281996295E+01-1.293326908E+01-1.304230076E+01
-1.314630997E+01-1.324446915E+01-1.333587204E+01-1.341953759E+01-1.349441691E+01
-1.355940439E+01-1.361335284E+01-1.365509336E+01-1.368345969E+01-1.369731648E+01
-1.369559095E+01-1.367730656E+01-1.364161725E+01-1.358784034E+01-1.351548706E+01
-1.342428807E+01-1.331421346E+01-1.318548616E+01-1.303858714E+01-1.287425323E+01
-1.269346651E+01-1.249743600E+01-1.228757219E+01-1.206545506E+01-1.183279730E+01
-1.159140390E+01-1.134313018E+01-1.108984023E+01-1.253695448E+00-1.268003827E+00
-1.324415904E+00-1.424151791E+00-1.564676419E+00-1.704489020E+00-1.839825397E+00
-1.971215477E+00-2.099050289E+00-2.223731982E+00-2.345653901E+00-2.465186781E+00
-2.582671647E+00-2.698417242E+00-2.812700408E+00-2.925768030E+00-3.037839691E+00
-3.149110594E+00-3.259754359E+00-3.369925642E+00-3.479762405E+00-3.589387934E+00
-3.698912549E+00-3.808435068E+00-3.918044022E+00-4.027818696E+00-4.137829990E+00
-4.248141112E+00-4.358808325E+00-4.469881270E+00-4.581403524E+00-4.693412950E+00
-4.805941973E+00-4.919018014E+00-5.032663374E+00-5.146895901E+00-5.261728832E+00
-5.377171033E+00-5.493227389E+00-5.609898531E+00-5.727181385E+00-5.845069056E+00
-5.963551064E+00-6.082613424E+00-6.202238837E+00-6.322406699E+00-6.443093448E+00
-6.564272570E+00-6.685914672E+00-6.807987919E+00-6.930457838E+00-7.053287906E+00
-7.176439313E+00-7.299871479E+00-7.423542168E+00-7.547407647E+00-7.671423040E+00
-7.795542407E+00-7.919719179E+00-8.043906352E+00-8.168056687E+00-8.292123142E+00
-8.416058987E+00-8.539818167E+00-8.663355726E+00-8.786627734E+00-8.909591838E+00
-9.032207455E+00-9.154435778E+00-9.276240205E+00-9.397586182E+00-9.518441521E+00
-9.638776199E+00-9.758562243E+00-9.877773610E+00-9.996385833E+00-1.011437551E+01
-1.023171975E+01-1.034839538E+01-1.046437790E+01-1.057964056E+01-1.069415274E+01
-1.080787860E+01-1.092077525E+01-1.103279078E+01-1.114386200E+01-1.125391202E+01
-1.136284775E+01-1.147055679E+01-1.157690451E+01-1.168173087E+01-1.178484667E+01
-1.188603041E+01-1.198502419E+01-1.208153029E+01-1.217520742E+01-1.226566712E+01
-1.235247074E+01-1.243512645E+01-1.251308730E+01-1.258574991E+01-1.265245468E+01
-1.271248712E+01-1.276508145E+01-1.280942606E+01-1.284467162E+01-1.286994209E+01
-1.288434833E+01-1.288700506E+01-1.287705010E+01-1.285366642E+01-1.281610573E+01
-1.276371304E+01-1.269595138E+01-1.261242539E+01-1.251290260E+01-1.239733180E+01
-1.226585695E+01-1.211882634E+01-1.195679594E+01-1.178052721E+01-1.159097843E+01
-1.138929019E+01-1.117676527E+01-1.095484364E+01-1.072507294E+01-1.048907645E+01
-1.024851879E+01-1.000507147E+01-1.551866365E+00-1.572928416E+00-1.634295533E+00
-1.737183053E+00-1.877081789E+00-2.017092056E+00-2.151658084E+00-2.281490342E+00
-2.407238261E+00-2.529515399E+00-2.648875246E+00-2.765803365E+00-2.880719394E+00
-2.993983590E+00-3.105904856E+00-3.216748537E+00-3.326743465E+00-3.436087880E+00
-3.544954414E+00-3.653494096E+00-3.761839654E+00-3.870108131E+00-3.978403050E+00
-4.086816036E+00-4.195428382E+00-4.304311952E+00-4.413530297E+00-4.523139168E+00
-4.633187379E+00-4.743717088E+00-4.854764306E+00-4.966359173E+00-5.078526353E+00
-5.191285191E+00-5.304649871E+00-5.418629691E+00-5.533229182E+00-5.648448226E+00
-5.764282213E+00-5.880722160E+00-5.997754750E+00-6.115362569E+00-6.233524065E+00
-6.352213786E+00-6.471402380E+00-6.591056870E+00-6.711140575E+00-6.831613347E+00
-6.952431769E+00-7.073549192E+00-7.194915932E+00-7.316479433E+00-7.438184455E+00
-7.559973398E+00-7.681786217E+00-7.803560976E+00-7.925233809E+00-8.046739472E+00
-8.168011260E+00-8.288981645E+00-8.409582268E+00-8.529744495E+00-8.649399537E+00
-8.768478838E+00-8.886914513E+00-9.004639386E+00-9.121587544E+00-9.237694489E+00
-9.352897418E+00-9.467135461E+00-9.580349872E+00-9.692483957E+00-9.803483383E+00
-9.913295869E+00-1.002187130E+01-1.012916105E+01-1.023511797E+01-1.033969552E+01
-1.044284709E+01-1.054452522E+01-1.064468001E+01-1.074325832E+01-1.084020180E+01
-1.093544536E+01-1.102891516E+01-1.112052651E+01-1.121018152E+01-1.129776686E+01
-1.138315092E+01-1.146618143E+01-1.154668251E+01-1.162445205E+01-1.169925883E+01
-1.177083981E+01-1.183889767E+01-1.190309831E+01-1.196306889E+01-1.201839603E+01
-1.206862504E+01-1.211325923E+01-1.215176078E+01-1.218355241E+01-1.220802027E+01
-1.222451874E+01-1.223237667E+01-1.223090551E+01-1.221940972E+01-1.219719896E+01
-1.216360242E+01-1.211798478E+01-1.205976372E+01-1.198842879E+01-1.190356019E+01
-1.180484780E+01-1.169210933E+01-1.156530656E+01-1.142455931E+01-1.127015632E+01
-1.110256231E+01-1.092242064E+01-1.073055140E+01-1.052794425E+01-1.031574654E+01
-1.009524616E+01-9.867850049E+00-9.635058410E+00-9.398435905E+00-9.159580528E+00
-8.920091336E+00-1.881120974E+00-1.910864813E+00-1.977522335E+00-2.082520681E+00
-2.218404581E+00-2.355924876E+00-2.487005428E+00-2.612599697E+00-2.733780612E+00
-2.851445500E+00-2.966320230E+00-3.078986386E+00-3.189910970E+00-3.299472057E+00
-3.407979144E+00-3.515688653E+00-3.622815589E+00-3.729542253E+00-3.836024763E+00
-3.942397953E+00-4.048779160E+00-4.155270883E+00-4.261963147E+00-4.368935028E+00
-4.476256025E+00-4.583986971E+00-4.692181015E+00-4.800884019E+00-4.910135262E+00
-5.019967605E+00-5.130408036E+00-5.241477751E+00-5.353192549E+00-5.465562753E+00
-5.578593564E+00-5.692285061E+00-5.806632397E+00-5.921625762E+00-6.037250618E+00
-6.153487619E+00-6.270312851E+00-6.387697749E+00-6.505609257E+00-6.624009906E+00
-6.742857854E+00-6.862107084E+00-6.981707321E+00-7.101604274E+00-7.221739750E+00
-7.342051773E+00-7.462474627E+00-7.582939204E+00-7.703373050E+00-7.823700597E+00
-7.943843322E+00-8.063720103E+00-8.183247333E+00-8.302339242E+00-8.420908165E+00
-8.538864942E+00-8.656119114E+00-8.772579272E+00-8.888153539E+00-9.002749800E+00
-9.116276056E+00-9.228641020E+00-9.339754153E+00-9.449526373E+00-9.557870055E+00
-9.664699665E+00-9.769931716E+00-9.873485202E+00-9.975281640E+00-1.007524523E+01
-1.017330252E+01-1.026938260E+01-1.036341649E+01-1.045533680E+01-1.054507692E+01
-1.063257018E+01-1.071774854E+01-1.080054151E+01-1.088087444E+01-1.095866663E+01
-1.103382958E+01-1.110626497E+01-1.117586228E+01-1.124249653E+01-1.130602604E+01
-1.136629006E+01-1.142310638E+01-1.147626913E+01-1.152554649E+01-1.157067888E+01
-1.161137726E+01-1.164732144E+01-1.167815929E+01-1.170350619E+01-1.172294490E+01
-1.173602662E+01-1.174227250E+01-1.174117641E+01-1.173220864E+01-1.171482105E+01
-1.168845368E+01-1.165254251E+01-1.160652910E+01-1.154987153E+01-1.148205688E+01
-1.140261500E+01-1.131113324E+01-1.120727205E+01-1.109078096E+01-1.096151436E+01
-1.081944668E+01-1.066468650E+01-1.049748873E+01-1.031826455E+01-1.012758820E+01
-9.926200414E+00-9.715007783E+00-9.495077270E+00-9.267626156E+00-9.034006936E+00
-8.795687073E+00-8.554224020E+00-8.311236216E+00-8.068370905E+00-7.827269418E+00
-2.240273903E+00-2.280279033E+00-2.352612115E+00-2.458067027E+00-2.594675333E+00
-2.725376037E+00-2.848109911E+00-2.965272818E+00-3.078452408E+00-3.188745115E+00
-3.296922269E+00-3.403542303E+00-3.509022092E+00-3.613682172E+00-3.717775722E+00
-3.821507604E+00-3.925047068E+00-4.028536471E+00-4.132097206E+00-4.235834174E+00
-4.339838545E+00-4.444190180E+00-4.548959132E+00-4.654206864E+00-4.759987115E+00
-4.866346534E+00-4.973325349E+00-5.080957364E+00-5.189270591E+00-5.298287370E+00
-5.408024445E+00-5.518493086E+00-5.629699279E+00-5.741643775E+00-5.854322081E+00
-5.967724545E+00-6.081836353E+00-6.196637647E+00-6.312103408E+00-6.428203655E+00
-6.544903361E+00-6.662162497E+00-6.779936028E+00-6.898174077E+00-7.016821917E+00
-7.135819898E+00-7.255103759E+00-7.374604553E+00-7.494248759E+00-7.613958408E+00
-7.733651273E+00-7.853240873E+00-7.972636746E+00-8.091744690E+00-8.210466797E+00
-8.328701852E+00-8.446345484E+00-8.563290450E+00-8.679427063E+00-8.794643309E+00
-8.908825405E+00-9.021858107E+00-9.133624991E+00-9.244009120E+00-9.352893360E+00
-9.460160735E+00-9.565695095E+00-9.669381475E+00-9.771106600E+00-9.870759209E+00
-9.968230637E+00-1.006341506E+01-1.015620976E+01-1.024651553E+01-1.033423664E+01
-1.041928080E+01-1.050155930E+01-1.058098632E+01-1.065747849E+01-1.073095402E+01
-1.080133155E+01-1.086852869E+01-1.093246043E+01-1.099303736E+01-1.105016356E+01
-1.110373444E+01-1.115363466E+01-1.119973573E+01-1.124189384E+01-1.127994762E+01
-1.131371614E+01-1.134299689E+01-1.136756412E+01-1.138716736E+01-1.140153030E+01
-1.141035002E+01-1.141329649E+01-1.141001300E+01-1.140011678E+01-1.138320053E+01
-1.135883459E+01-1.132657021E+01-1.128594367E+01-1.123648133E+01-1.117770620E+01
-1.110914529E+01-1.103033854E+01-1.094084880E+01-1.084027291E+01-1.072825415E+01
-1.060449517E+01-1.046877225E+01-1.032094937E+01-1.016099302E+01-9.988986501E+00
-9.805143706E+00-9.609821672E+00-9.403531840E+00-9.186948567E+00-8.960914997E+00
-8.726445227E+00-8.484721941E+00-8.237088694E+00-7.985036469E+00-7.730183866E+00
-7.474250700E+00-7.219025695E+00-6.966328702E+00-6.717969130E+00-2.658764545E+00
-2.719095415E+00-2.798480520E+00-2.897042105E+00-3.016077716E+00-3.127931333E+00
-3.234073313E+00-3.337178242E+00-3.438458728E+00-3.538601262E+00-3.638037671E+00
-3.737062063E+00-3.835888127E+00-3.934679638E+00-4.033567751E+00-4.132661324E+00
-4.232053189E+00-4.331824113E+00-4.432045489E+00-4.532780985E+00-4.634087572E+00
-4.736016274E+00-4.838612713E+00-4.941917275E+00-5.045965221E+00-5.150787086E+00
-5.256408322E+00-5.362849692E+00-5.470126877E+00-5.578250791E+00-5.687227225E+00
-5.797057086E+00-5.907736157E+00-6.019255063E+00-6.131599342E+00-6.244749297E+00
-6.358679868E+00-6.473360836E+00-6.588756586E+00-6.704826141E+00-6.821523128E+00
-6.938795699E+00-7.056586684E+00-7.174833479E+00-7.293467963E+00-7.412416813E+00
-7.531601152E+00-7.650936942E+00-7.770334864E+00-7.889700479E+00-8.008934343E+00
-8.127931969E+00-8.246584300E+00-8.364777552E+00-8.482393605E+00-8.599310203E+00
-8.715401191E+00-8.830536867E+00-8.944584059E+00-9.057406921E+00-9.168866885E+00
-9.278823375E+00-9.387134160E+00-9.493655786E+00-9.598244329E+00-9.700755705E+00
-9.801046502E+00-9.898974370E+00-9.994398772E+00-1.008718161E+01-1.017718772E+01
-1.026428545E+01-1.034834735E+01-1.042925034E+01-1.050687638E+01-1.058111275E+01
-1.065185212E+01-1.071899253E+01-1.078243706E+01-1.084209284E+01-1.089787008E+01
-1.094968037E+01-1.099743491E+01-1.104104240E+01-1.108040695E+01-1.111542549E+01
-1.114598561E+01-1.117196294E+01-1.119321898E+01-1.120959881E+01-1.122092920E+01
-1.122701669E+01-1.122764637E+01-1.122258058E+01-1.121155805E+01-1.119429387E+01
-1.117047924E+01-1.113978221E+01-1.110184887E+01-1.105630519E+01-1.100275944E+01
-1.094080550E+01-1.087002708E+01-1.079000266E+01-1.070031159E+01-1.060054114E+01
-1.049029459E+01-1.036920049E+01-1.023692281E+01-1.009317227E+01-9.937718777E+00
-9.770404428E+00-9.591157630E+00-9.400007619E+00-9.197099579E+00-8.982709662E+00
-8.757260225E+00-8.521333865E+00-8.275686535E+00-8.021258458E+00-7.759181614E+00
-7.490783283E+00-7.217582974E+00-6.941282735E+00-6.663747685E+00-6.386977295E+00
-6.113066382E+00-5.844156728E+00-5.582381721E+00-3.133884126E+00-3.228814722E+00
-3.316822422E+00-3.397743462E+00-3.473335534E+00-3.552060008E+00-3.634779245E+00
-3.720080514E+00-3.807184805E+00-3.895672919E+00-3.985304454E+00-4.075936335E+00
-4.167483144E+00-4.259895752E+00-4.353149139E+00-4.447234637E+00-4.542154729E+00
-4.637919659E+00-4.734544634E+00-4.832048094E+00-4.930450053E+00-5.029770880E+00
-5.130030394E+00-5.231247034E+00-5.333437228E+00-5.436614727E+00-5.540790326E+00
-5.645971197E+00-5.752160806E+00-5.859358484E+00-5.967559187E+00-6.076753262E+00
-6.186926290E+00-6.298058847E+00-6.410126426E+00-6.523099241E+00-6.636942070E+00
-6.751614213E+00-6.867069416E+00-6.983255592E+00-7.100114983E+00-7.217583880E+00
-7.335592783E+00-7.454066084E+00-7.572922267E+00-7.692073826E+00-7.811427149E+00
-7.930882751E+00-8.050335044E+00-8.169672686E+00-8.288778345E+00-8.407529135E+00
-8.525796457E+00-8.643446315E+00-8.760339510E+00-8.876331764E+00-8.991274067E+00
-9.105012961E+00-9.217390770E+00-9.328246192E+00-9.437414461E+00-9.544728051E+00
-9.650017073E+00-9.753109824E+00-9.853833619E+00-9.952015257E+00-1.004748186E+01
-1.014006167E+01-1.022958494E+01-1.031588460E+01-1.039879723E+01-1.047816377E+01
-1.055383021E+01-1.062564857E+01-1.069347740E+01-1.075718303E+01-1.081664004E+01
-1.087173201E+01-1.092235126E+01-1.096839839E+01-1.100978058E+01-1.104640995E+01
-1.107820115E+01-1.110506897E+01-1.112692565E+01-1.114367812E+01-1.115522513E+01
-1.116145446E+01-1.116224035E+01-1.115744114E+01-1.114689704E+01-1.113042856E+01
-1.110783519E+01-1.107889434E+01-1.104336093E+01-1.100096713E+01-1.095142296E+01
-1.089441686E+01-1.082961708E+01-1.075667375E+01-1.067522122E+01-1.058488133E+01
-1.048526733E+01-1.037598862E+01-1.025665614E+01-1.012688906E+01-9.986321971E+00
-9.834613378E+00-9.671455135E+00-9.496583069E+00-9.309788602E+00-9.110931670E+00
-8.899954867E+00-8.676898736E+00-8.441918469E+00-8.195301564E+00-7.937486967E+00
-7.669084499E+00-7.390895146E+00-7.103930522E+00-6.809430561E+00-6.508877777E+00
-6.204005065E+00-5.896794284E+00-5.589461682E+00-5.284427433E+00-4.984266986E+00
-4.691644792E+00-4.409233221E+00-3.578351755E+00-3.698194317E+00-3.793626449E+00
-3.863943824E+00-3.912497884E+00-3.967759547E+00-4.031561779E+00-4.101377200E+00
-4.175597374E+00-4.253187089E+00-4.333463554E+00-4.415965327E+00-4.500374573E+00
-4.586469476E+00-4.674094606E+00-4.763141062E+00-4.853533395E+00-4.945220112E+00
-5.038167209E+00-5.132353097E+00-5.227764970E+00-5.324395855E+00-5.422242561E+00
-5.521303787E+00-5.621578785E+00-5.723066254E+00-5.825763359E+00-5.929664897E+00
-6.034762912E+00-6.141045897E+00-6.248498527E+00-6.357101220E+00-6.466829706E+00
-6.577654949E+00-6.689542749E+00-6.802453432E+00-6.916341885E+00-7.031157166E+00
-7.146842460E+00-7.263334847E+00-7.380565182E+00-7.498457936E+00-7.616931277E+00
-7.735896714E+00-7.855259098E+00-7.974916700E+00-8.094760976E+00-8.214676644E+00
-8.334541683E+00-8.454227338E+00-8.573598114E+00-8.692511899E+00-8.810820078E+00
-8.928367655E+00-9.044993487E+00-9.160530286E+00-9.274805088E+00-9.387639533E+00
-9.498849982E+00-9.608248146E+00-9.715641480E+00-9.820833540E+00-9.923624848E+00
-1.002381321E+01-1.012119473E+01-1.021556453E+01-1.030671766E+01-1.039445011E+01
-1.047855997E+01-1.055884857E+01-1.063512172E+01-1.070719030E+01-1.077487146E+01
-1.083798933E+01-1.089637630E+01-1.094987508E+01-1.099834078E+01-1.104164288E+01
-1.107966581E+01-1.111230850E+01-1.113948226E+01-1.116110771E+01-1.117711187E+01
-1.118742493E+01-1.119197703E+01-1.119069498E+01-1.118349848E+01-1.117029651E+01
-1.115098419E+01-1.112544002E+01-1.109352346E+01-1.105507329E+01-1.100990634E+01
-1.095781671E+01-1.089857525E+01-1.083193001E+01-1.075760625E+01-1.067530786E+01
-1.058471825E+01-1.048550254E+01-1.037730980E+01-1.025977589E+01-1.013252697E+01
-9.995183802E+00-9.847366512E+00-9.688700213E+00-9.518821566E+00-9.337386339E+00
-9.144077841E+00-8.938616496E+00-8.720770990E+00-8.490370726E+00-8.247319805E+00
-7.991613342E+00-7.723355547E+00-7.442780768E+00-7.150277008E+00-6.846412680E+00
-6.531966469E+00-6.207959840E+00-5.875691470E+00-5.536771212E+00-5.193150114E+00
-4.847140714E+00-4.501419401E+00-4.159002383E+00-3.823187098E+00-3.497455761E+00
-3.185346436E+00-3.970803058E+00-4.103557198E+00-4.205098566E+00-4.274162092E+00
-4.312591383E+00-4.358242315E+00-4.411722819E+00-4.471471974E+00-4.536321399E+00
-4.605354508E+00-4.677873306E+00-4.753353034E+00-4.831401119E+00-4.911724351E+00
-4.994103868E+00-5.078376794E+00-5.164422014E+00-5.252150054E+00-5.341494920E+00
-5.432408269E+00-5.524854523E+00-5.618807325E+00-5.714246502E+00-5.811156018E+00
-5.909521888E+00-6.009330793E+00-6.110568865E+00-6.213220779E+00-6.317268686E+00
-6.422691822E+00-6.529465722E+00-6.637561820E+00-6.746947021E+00-6.857583305E+00
-6.969427333E+00-7.082430328E+00-7.196537644E+00-7.311688487E+00-7.427815959E+00
-7.544846540E+00-7.662700052E+00-7.781289423E+00-7.900520569E+00-8.020292232E+00
-8.140495829E+00-8.261015368E+00-8.381727294E+00-8.502500525E+00-8.623196297E+00
-8.743668124E+00-8.863761994E+00-8.983316173E+00-9.102161443E+00-9.220121017E+00
-9.337010982E+00-9.452640172E+00-9.566810566E+00-9.679317564E+00-9.789950224E+00
-9.898491730E+00-1.000471971E+01-1.010840696E+01-1.020932192E+01-1.030722946E+01
-1.040189160E+01-1.049306865E+01-1.058051995E+01-1.066400540E+01-1.074328700E+01
-1.081813082E+01-1.088830864E+01-1.095359882E+01-1.101378649E+01-1.106866358E+01
-1.111803005E+01-1.116169700E+01-1.119949417E+01-1.123127484E+01-1.125691810E+01
-1.127632856E+01-1.128943266E+01-1.129617096E+01-1.129649363E+01-1.129035752E+01
-1.127772314E+01-1.125854990E+01-1.123279085E+01-1.120038743E+01-1.116126518E+01
-1.111533050E+01-1.106246781E+01-1.100253825E+01-1.093537842E+01-1.086079971E+01
-1.077858858E+01-1.068850644E+01-1.059029052E+01-1.048365472E+01-1.036829100E+01
-1.024387086E+01-1.011004766E+01-9.966458696E+00-9.812728529E+00-9.648472032E+00
-9.473298563E+00-9.286816610E+00-9.088638999E+00-8.878389270E+00-8.655708731E+00
-8.420264776E+00-8.171760608E+00-7.909946517E+00-7.634633307E+00-7.345708060E+00
-7.043153007E+00-6.727068498E+00-6.397700148E+00-6.055472639E+00-5.701029718E+00
-5.335283160E+00-4.959470258E+00-4.575220211E+00-4.184626258E+00-3.790316056E+00
-3.395506193E+00-3.004016834E+00-2.620218762E+00-2.248890292E+00-1.894986454E+00
-4.319589630E+00-4.460252100E+00-4.566923995E+00-4.638328504E+00-4.681813583E+00
-4.724392518E+00-4.772975462E+00-4.827032809E+00-4.885878817E+00-4.948897280E+00
-5.015564112E+00-5.085448442E+00-5.158203714E+00-5.233555434E+00-5.311288522E+00
-5.391235886E+00-5.473268492E+00-5.557287293E+00-5.643216207E+00-5.730996923E+00
-5.820584370E+00-5.911942970E+00-6.005044079E+00-6.099863230E+00-6.196378479E+00
-6.294568824E+00-6.394412795E+00-6.495887578E+00-6.598967958E+00-6.703625686E+00
-6.809828848E+00-6.917541276E+00-7.026722074E+00-7.137325381E+00-7.249299623E+00
-7.362587632E+00-7.477125897E+00-7.592844602E+00-7.709667155E+00-7.827510029E+00
-7.946282449E+00-8.065886232E+00-8.186215513E+00-8.307156466E+00-8.428587349E+00
-8.550378065E+00-8.672390204E+00-8.794476808E+00-8.916482368E+00-9.038242588E+00
-9.159584547E+00-9.280326574E+00-9.400278252E+00-9.519240576E+00-9.637006031E+00
-9.753358591E+00-9.868074270E+00-9.980920929E+00-1.009165886E+01-1.020004108E+01
-1.030581365E+01-1.040871626E+01-1.050848285E+01-1.060484227E+01-1.069751937E+01
-1.078623593E+01-1.087071145E+01-1.095066382E+01-1.102581200E+01-1.109588155E+01
-1.116060745E+01-1.121973485E+01-1.127301678E+01-1.132021004E+01-1.136106998E+01
-1.139535081E+01-1.142284008E+01-1.144336735E+01-1.145680785E+01-1.146308599E+01
-1.146217091E+01-1.145403930E+01-1.143867491E+01-1.141607279E+01-1.138623962E+01
-1.134918682E+01-1.130491869E+01-1.125342418E+01-1.119467084E+01-1.112860114E+01
-1.105513026E+01-1.097414481E+01-1.088550247E+01-1.078903206E+01-1.068453390E+01
-1.057178026E+01-1.045051643E+01-1.032046149E+01-1.018130955E+01-1.003273114E+01
-9.874374954E+00-9.705869409E+00-9.526825084E+00-9.336836995E+00-9.135487550E+00
-8.922349739E+00-8.696991196E+00-8.458978332E+00-8.207881854E+00-7.943282908E+00
-7.664780410E+00-7.372000028E+00-7.064605253E+00-6.742310836E+00-6.404899725E+00
-6.052244622E+00-5.684335480E+00-5.301315161E+00-4.903525964E+00-4.491570817E+00
-4.066394080E+00-3.629387375E+00-3.182526531E+00-2.728540728E+00-2.271102852E+00
-1.814999167E+00-1.366187806E+00-9.316201574E-01-5.187575755E-01-4.652854525E+00
-4.800893238E+00-4.912604451E+00-4.986757568E+00-5.029228432E+00-5.070948937E+00
-5.117521969E+00-5.168609324E+00-5.223837143E+00-5.282841299E+00-5.345288119E+00
-5.410884986E+00-5.479383567E+00-5.550578196E+00-5.624301507E+00-5.700419424E+00
-5.778825608E+00-5.859436218E+00-5.942185379E+00-6.027021043E+00-6.113901606E+00
-6.202793026E+00-6.293666346E+00-6.386495679E+00-6.481256756E+00-6.577925228E+00
-6.676475840E+00-6.776881249E+00-6.879111394E+00-6.983132667E+00-7.088907481E+00
-7.196393521E+00-7.305543627E+00-7.416305043E+00-7.528619182E+00-7.642421233E+00
-7.757639962E+00-7.874197121E+00-7.992007294E+00-8.110977656E+00-8.231007503E+00
-8.351988092E+00-8.473802250E+00-8.596324255E+00-8.719419518E+00-8.842944272E+00
-8.966745452E+00-9.090660534E+00-9.214517266E+00-9.338133545E+00-9.461317496E+00
-9.583867119E+00-9.705570605E+00-9.826206018E+00-9.945541650E+00-1.006333594E+01
-1.017933777E+01-1.029328655E+01-1.040491246E+01-1.051393680E+01-1.062007212E+01
-1.072302288E+01-1.082248570E+01-1.091815032E+01-1.100970056E+01-1.109681740E+01
-1.117917749E+01-1.125644819E+01-1.132828565E+01-1.139436465E+01-1.145438255E+01
-1.150805843E+01-1.155512845E+01-1.159533322E+01-1.162838192E+01-1.165385048E+01
-1.167145480E+01-1.168098792E+01-1.168231150E+01-1.167538547E+01-1.166035435E+01
-1.163723343E+01-1.160602420E+01-1.156675973E+01-1.151951730E+01-1.146440197E+01
-1.140149871E+01-1.133086429E+01-1.125252119E+01-1.116645536E+01-1.107261595E+01
-1.097091604E+01-1.086123377E+01-1.074341335E+01-1.061726630E+01-1.048257246E+01
-1.033908105E+01-1.018651162E+01-1.002455521E+01-9.852875390E+00-9.671109131E+00
-9.478868234E+00-9.275740307E+00-9.061290306E+00-8.835061907E+00-8.596579286E+00
-8.345349047E+00-8.080862467E+00-7.802598138E+00-7.510025429E+00-7.202608355E+00
-6.879810730E+00-6.541102755E+00-6.185969322E+00-5.813921568E+00-5.424511719E+00
-5.017353861E+00-4.592152341E+00-4.148741723E+00-3.687143568E+00-3.207649177E+00
-2.710941971E+00-2.198283012E+00-1.671796610E+00-1.134909408E+00-5.929882105E-01
-5.408067706E-02 4.708030258E-01 9.688490885E-01-4.972731642E+00-5.127221112E+00
-5.244107452E+00-5.321120401E+00-5.360354579E+00-5.402488815E+00-5.448562580E+00
-5.498231012E+00-5.551316262E+00-5.607637449E+00-5.667020862E+00-5.729308194E+00
-5.794360682E+00-5.862060443E+00-5.932309846E+00-6.005029462E+00-6.080155543E+00
-6.157637185E+00-6.237433728E+00-6.319512235E+00-6.403845244E+00-6.490408880E+00
-6.579181314E+00-6.670141115E+00-6.763266415E+00-6.858533693E+00-6.955917103E+00
-7.055387648E+00-7.156912625E+00-7.260455119E+00-7.365973444E+00-7.473420913E+00
-7.582745084E+00-7.693887766E+00-7.806784344E+00-7.921363624E+00-8.037547397E+00
-8.155250049E+00-8.274378244E+00-8.394830726E+00-8.516497689E+00-8.639260659E+00
-8.762991984E+00-8.887554671E+00-9.012801920E+00-9.138576882E+00-9.264712386E+00
-9.391030585E+00-9.517342874E+00-9.643449538E+00-9.769139673E+00-9.894191068E+00
-1.001837001E+01-1.014143139E+01-1.026311876E+01-1.038316425E+01-1.050128890E+01
-1.061720267E+01-1.073060463E+01-1.084118323E+01-1.094861596E+01-1.105256978E+01
-1.115270228E+01-1.124865900E+01-1.134007268E+01-1.142658892E+01-1.150785907E+01
-1.158350573E+01-1.165301833E+01-1.171600614E+01-1.177213333E+01-1.182111019E+01
-1.186270052E+01-1.189675598E+01-1.192329865E+01-1.194075727E+01-1.194900309E+01
-1.194782348E+01-1.193696427E+01-1.191611782E+01-1.188671793E+01-1.184840628E+01
-1.180104235E+01-1.174465233E+01-1.167944473E+01-1.160578619E+01-1.152387155E+01
-1.143384539E+01-1.133579278E+01-1.122974292E+01-1.111567556E+01-1.099352560E+01
-1.086318679E+01-1.072451414E+01-1.057732590E+01-1.042140501E+01-1.025650048E+01
-1.008232818E+01-9.898571868E+00-9.704883680E+00-9.500884597E+00-9.286164829E+00
-9.060284010E+00-8.822771398E+00-8.573125717E+00-8.310815157E+00-8.035277214E+00
-7.745918378E+00-7.442113818E+00-7.123207104E+00-6.788509811E+00-6.437301723E+00
-6.068830827E+00-5.682314418E+00-5.276940793E+00-4.851872915E+00-4.406254167E+00
-3.939218069E+00-3.449903702E+00-2.937480374E+00-2.401187187E+00-1.840398139E+00
-1.254733933E+00-6.442671916E-01-9.938202757E-03 6.454774057E-01 1.314718546E+00
 1.979279469E+00 2.607677304E+00-5.268902839E+00-5.428597497E+00-5.549695851E+00
-5.630796705E+00-5.679286154E+00-5.722997069E+00-5.769305299E+00-5.818341648E+00
-5.870070659E+00-5.924451080E+00-5.981442448E+00-6.041008082E+00-6.103116975E+00
-6.167744149E+00-6.234870533E+00-6.304482023E+00-6.376568414E+00-6.451122182E+00
-6.528137298E+00-6.607608089E+00-6.689528368E+00-6.773890336E+00-6.860684142E+00
-6.949897099E+00-7.041513133E+00-7.135512426E+00-7.231870905E+00-7.330560005E+00
-7.431546159E+00-7.534790716E+00-7.640249391E+00-7.747872146E+00-7.857602800E+00
-7.969378588E+00-8.083130129E+00-8.198780870E+00-8.316246694E+00-8.435435761E+00
-8.556247879E+00-8.678574345E+00-8.802297317E+00-8.927289574E+00-9.053414047E+00
-9.180523381E+00-9.308459470E+00-9.437053249E+00-9.566124035E+00-9.695479440E+00
-9.824914945E+00-9.954213537E+00-1.008314564E+01-1.021146874E+01-1.033892739E+01
-1.046525280E+01-1.059016330E+01-1.071336408E+01-1.083454773E+01-1.095339399E+01
-1.106957012E+01-1.118273193E+01-1.129252105E+01-1.139856264E+01-1.150048385E+01
-1.159788948E+01-1.169027014E+01-1.177726102E+01-1.185861155E+01-1.193426633E+01
-1.200265215E+01-1.206354557E+01-1.211660986E+01-1.216152210E+01-1.219795334E+01
-1.222557806E+01-1.224405196E+01-1.225290414E+01-1.225180463E+01-1.224049413E+01
-1.221877082E+01-1.218651996E+01-1.214380872E+01-1.209058896E+01-1.202676376E+01
-1.195230112E+01-1.186763105E+01-1.177454980E+01-1.167292924E+01-1.156303272E+01
-1.144499340E+01-1.131886042E+01-1.118462557E+01-1.104223241E+01-1.089158047E+01
-1.073252778E+01-1.056489316E+01-1.038845757E+01-1.020296549E+01-1.000812570E+01
-9.803611825E+00-9.589062301E+00-9.364080257E+00-9.128233050E+00-8.881051436E+00
-8.622028267E+00-8.350617314E+00-8.066230897E+00-7.768237880E+00-7.455960714E+00
-7.128671736E+00-6.785589304E+00-6.425872718E+00-6.048616466E+00-5.652843288E+00
-5.237496380E+00-4.801429816E+00-4.343397752E+00-3.862041098E+00-3.355872022E+00
-2.823254341E+00-2.262378387E+00-1.671226479E+00-1.047521588E+00-3.886434653E-01
 3.085247501E-01 1.047917105E+00 1.835086360E+00 2.679823197E+00 3.593119186E+00
 4.414457203E+00-5.565870177E+00-5.731381420E+00-5.857035387E+00-5.941475247E+00
-5.991073272E+00-6.036053157E+00-6.082804904E+00-6.131451950E+00-6.182074237E+00
-6.234753911E+00-6.289573082E+00-6.346611689E+00-6.405945223E+00-6.467643655E+00
-6.531769985E+00-6.598380043E+00-6.667521815E+00-6.739235648E+00-6.813554202E+00
-6.890502694E+00-6.970099050E+00-7.052354302E+00-7.137272704E+00-7.224851973E+00
-7.315083440E+00-7.407952290E+00-7.503437406E+00-7.601511643E+00-7.702141706E+00
-7.805288001E+00-7.910904667E+00-8.018939263E+00-8.129332729E+00-8.242018955E+00
-8.356924735E+00-8.473969224E+00-8.593063575E+00-8.714110867E+00-8.837005234E+00
-8.961631827E+00-9.087866026E+00-9.215573205E+00-9.344608019E+00-9.474814054E+00
-9.606023153E+00-9.738054948E+00-9.870716540E+00-1.000380167E+01-1.013709066E+01
-1.027035001E+01-1.040333188E+01-1.053577394E+01-1.066739894E+01-1.079791430E+01
-1.092701219E+01-1.105437001E+01-1.117965170E+01-1.130250572E+01-1.142256382E+01
-1.153945835E+01-1.165280333E+01-1.176211643E+01-1.186708053E+01-1.196758353E+01
-1.206205739E+01-1.215023871E+01-1.223169223E+01-1.230590933E+01-1.237225443E+01
-1.243023243E+01-1.247942232E+01-1.251945437E+01-1.254999287E+01-1.257072352E+01
-1.258134559E+01-1.258156780E+01-1.257113693E+01-1.254983862E+01-1.251749174E+01
-1.247394027E+01-1.241903809E+01-1.235261841E+01-1.227452655E+01-1.218472867E+01
-1.208346787E+01-1.197122914E+01-1.184878495E+01-1.171836880E+01-1.157999530E+01
-1.143363803E+01-1.127926676E+01-1.111681794E+01-1.094618641E+01-1.076722522E+01
-1.057974698E+01-1.038352558E+01-1.017829740E+01-9.963761662E+00-9.739580683E+00
-9.505379221E+00-9.260743663E+00-9.005220683E+00-8.738315463E+00-8.459489261E+00
-8.168156604E+00-7.863681784E+00-7.545374371E+00-7.212484006E+00-6.864194100E+00
-6.499614114E+00-6.117770373E+00-5.717594884E+00-5.297912132E+00-4.857422611E+00
-4.394683128E+00-3.908082673E+00-3.395812278E+00-2.855827115E+00-2.285797895E+00
-1.683046671E+00-1.044459149E+00-3.663599492E-01 3.556732488E-01 1.127099158E+00
 1.954877254E+00 2.848196818E+00 3.819420805E+00 4.874598662E+00 5.842622522E+00
-5.865116168E+00-6.035958520E+00-6.167145714E+00-6.253803277E+00-6.299123098E+00
-6.345045452E+00-6.392033712E+00-6.440069046E+00-6.489355305E+00-6.540107451E+00
-6.592538635E+00-6.646851959E+00-6.703234491E+00-6.761854071E+00-6.822857777E+00
-6.886371646E+00-6.952501860E+00-7.021335767E+00-7.092943655E+00-7.167380447E+00
-7.244687117E+00-7.324892309E+00-7.408013398E+00-7.494057752E+00-7.583023440E+00
-7.674900178E+00-7.769669608E+00-7.867305882E+00-7.967775985E+00-8.071039808E+00
-8.177050151E+00-8.285752918E+00-8.397086805E+00-8.510983256E+00-8.627366113E+00
-8.746151378E+00-8.867246776E+00-8.990551407E+00-9.115955307E+00-9.243338860E+00
-9.372572247E+00-9.503514929E+00-9.636015023E+00-9.769908628E+00-9.905019078E+00
-1.004115639E+01-1.017811648E+01-1.031568067E+01-1.045361498E+01-1.059167017E+01
-1.072958127E+01-1.086706726E+01-1.100383003E+01-1.113955271E+01-1.127389925E+01
-1.140651482E+01-1.153704141E+01-1.166510002E+01-1.179022604E+01-1.191209516E+01
-1.203056870E+01-1.214413160E+01-1.225238612E+01-1.235478249E+01-1.245059793E+01
-1.253921734E+01-1.262007699E+01-1.269264752E+01-1.275642430E+01-1.281094928E+01
-1.285580895E+01-1.289062900E+01-1.291506980E+01-1.292882296E+01-1.293161069E+01
-1.292318789E+01-1.290334758E+01-1.287192335E+01-1.282878712E+01-1.277384100E+01
-1.270700133E+01-1.262817089E+01-1.253721113E+01-1.243393549E+01-1.231817545E+01
-1.218997874E+01-1.204987105E+01-1.189871495E+01-1.173993428E+01-1.157329464E+01
-1.139884832E+01-1.121655214E+01-1.102629708E+01-1.082792456E+01-1.062123444E+01
-1.040598865E+01-1.018191263E+01-9.948695321E+00-9.705988473E+00-9.453405659E+00
-9.190520461E+00-8.916864422E+00-8.631924446E+00-8.335139487E+00-8.025896653E+00
-7.703526274E+00-7.367296076E+00-7.016404167E+00-6.649970526E+00-6.267026601E+00
-5.866503099E+00-5.447214654E+00-5.007841943E+00-4.546909348E+00-4.062757965E+00
-3.553512606E+00-3.017040976E+00-2.450903283E+00-1.852289482E+00-1.217940675E+00
-5.440502484E-01 1.738605448E-01 9.410977465E-01 1.763981860E+00 2.650053996E+00
 3.608251324E+00 4.648932844E+00 5.781738629E+00 6.840405126E+00-6.149657266E+00
-6.326241977E+00-6.460781335E+00-6.551797516E+00-6.606521970E+00-6.653442149E+00
-6.700013250E+00-6.746712595E+00-6.793919797E+00-6.842021085E+00-6.891389610E+00
-6.942370626E+00-6.995272985E+00-7.050365744E+00-7.107878245E+00-7.168002521E+00
-7.230896365E+00-7.296687549E+00-7.365477171E+00-7.437343518E+00-7.512344979E+00
-7.590522806E+00-7.671903355E+00-7.756500182E+00-7.844315334E+00-7.935340734E+00
-8.029559205E+00-8.126945018E+00-8.227464607E+00-8.331076876E+00-8.437733445E+00
-8.547378641E+00-8.659949427E+00-8.775375514E+00-8.893578733E+00-9.014473117E+00
-9.137964185E+00-9.263948672E+00-9.392313896E+00-9.522937366E+00-9.655685833E+00
-9.790414938E+00-9.926968226E+00-1.006517644E+01-1.020485669E+01-1.034581130E+01
-1.048782710E+01-1.063067417E+01-1.077410515E+01-1.091785534E+01-1.106164362E+01
-1.120517447E+01-1.134813341E+01-1.149018100E+01-1.163095142E+01-1.177000175E+01
-1.190701503E+01-1.204181284E+01-1.217303443E+01-1.230024357E+01-1.242283933E+01
-1.254001170E+01-1.265101452E+01-1.275515470E+01-1.285178570E+01-1.294031875E+01
-1.302021005E+01-1.309095028E+01-1.315206045E+01-1.320309398E+01-1.324363826E+01
-1.327331514E+01-1.329178139E+01-1.329872929E+01-1.329388807E+01-1.327702619E+01
-1.324795441E+01-1.320652810E+01-1.315264813E+01-1.308625985E+01-1.300734789E+01
-1.291592496E+01-1.281200967E+01-1.269558702E+01-1.256655118E+01-1.242467785E+01
-1.226981232E+01-1.210240715E+01-1.192389168E+01-1.173662640E+01-1.154210188E+01
-1.134018855E+01-1.113071479E+01-1.091348068E+01-1.068825949E+01-1.045479577E+01
-1.021280296E+01-9.961961039E+00-9.701914752E+00-9.432271326E+00-9.152598080E+00
-8.862419977E+00-8.561216160E+00-8.248416285E+00-7.923395914E+00-7.585470880E+00
-7.233890667E+00-6.867830333E+00-6.486380861E+00-6.088537530E+00-5.673185894E+00
-5.239084642E+00-4.784845384E+00-4.308907556E+00-3.809508256E+00-3.284645696E+00
-2.732034564E+00-2.149052086E+00-1.532672947E+00-8.793917260E-01-1.851320959E-01
 5.548557528E-01 1.346104139E+00 2.195030544E+00 3.109009767E+00 4.096377557E+00
 5.166320190E+00 6.331872598E+00 7.460258145E+00-6.447892825E+00-6.630728576E+00
-6.769744080E+00-6.863446382E+00-6.918660884E+00-6.965095585E+00-7.009950732E+00
-7.053919830E+00-7.097652572E+00-7.141782812E+00-7.186893266E+00-7.233497068E+00
-7.282032181E+00-7.332864190E+00-7.386293277E+00-7.442562339E+00-7.501865417E+00
-7.564355379E+00-7.630150622E+00-7.699340579E+00-7.771990734E+00-7.848146199E+00
-7.927835261E+00-8.011071593E+00-8.097856534E+00-8.188180628E+00-8.282024924E+00
-8.379361725E+00-8.480155571E+00-8.584363518E+00-8.691935409E+00-8.802814077E+00
-8.916935222E+00-9.034227374E+00-9.154611538E+00-9.278000798E+00-9.404300006E+00
-9.533405227E+00-9.665202951E+00-9.799569741E+00-9.936371284E+00-1.007546161E+01
-1.021668244E+01-1.035986205E+01-1.050481423E+01-1.065133710E+01-1.079921136E+01
-1.094819829E+01-1.109803696E+01-1.124844286E+01-1.139911190E+01-1.154974935E+01
-1.170004579E+01-1.184964330E+01-1.199832453E+01-1.214484063E+01-1.228887465E+01
-1.242982997E+01-1.256684080E+01-1.269903567E+01-1.282559373E+01-1.294576234E+01
-1.305885769E+01-1.316424497E+01-1.326132544E+01-1.334953230E+01-1.342832877E+01
-1.349720693E+01-1.355568802E+01-1.360332392E+01-1.363969878E+01-1.366443077E+01
-1.367717374E+01-1.367761892E+01-1.366549715E+01-1.364058140E+01-1.360268920E+01
-1.355168533E+01-1.348748410E+01-1.341005100E+01-1.331940308E+01-1.321560733E+01
-1.309877410E+01-1.296903960E+01-1.282652505E+01-1.267125575E+01-1.250305350E+01
-1.232160027E+01-1.212713001E+01-1.192122034E+01-1.170693518E+01-1.148586970E+01
-1.125773958E+01-1.102229826E+01-1.077929852E+01-1.052847519E+01-1.026953677E+01
-1.000216105E+01-9.725992325E+00-9.440638854E+00-9.145670515E+00-8.840615818E+00
-8.524958869E+00-8.198135196E+00-7.859527255E+00-7.508458601E+00-7.144187347E+00
-6.765897928E+00-6.372691492E+00-5.963574428E+00-5.537444269E+00-5.093073137E+00
-4.629087535E+00-4.143944079E+00-3.635900145E+00-3.102978479E+00-2.542924333E+00
-1.953153948E+00-1.330692846E+00-6.721027022E-01 2.660363827E-02 7.700578936E-01
 1.563638462E+00 2.413568719E+00 3.326992460E+00 4.311995549E+00 5.377533624E+00
 6.535149572E+00 7.664406826E+00-6.766263277E+00-6.954231092E+00-7.101275172E+00
-7.193498545E+00-7.240846717E+00-7.284531038E+00-7.325319082E+00-7.364124793E+00
-7.402064273E+00-7.440142006E+00-7.479204521E+00-7.519939455E+00-7.562894141E+00
-7.608499292E+00-7.657091061E+00-7.708930271E+00-7.764217504E+00-7.823105275E+00
-7.885707604E+00-7.952107427E+00-8.022362622E+00-8.096510459E+00-8.174571349E+00
-8.256551752E+00-8.342446152E+00-8.432239105E+00-8.525906223E+00-8.623415435E+00
-8.724727539E+00-8.829796516E+00-8.938570083E+00-9.050989497E+00-9.166989591E+00
-9.286498580E+00-9.409437704E+00-9.535720640E+00-9.665253264E+00-9.797932782E+00
-9.933647182E+00-1.007227433E+01-1.021368133E+01-1.035772362E+01-1.050424392E+01
-1.065307165E+01-1.080402149E+01-1.095689272E+01-1.111146725E+01-1.126750593E+01
-1.142474019E+01-1.158284915E+01-1.174140493E+01-1.190019809E+01-1.205904366E+01
-1.221689660E+01-1.237331514E+01-1.252752656E+01-1.267860063E+01-1.282557703E+01
-1.296757734E+01-1.310381890E+01-1.323358327E+01-1.335619372E+01-1.347100550E+01
-1.357740136E+01-1.367478985E+01-1.376260520E+01-1.384030803E+01-1.390738651E+01
-1.396335763E+01-1.400776899E+01-1.404020053E+01-1.406026664E+01-1.406761822E+01
-1.406194496E+01-1.404297763E+01-1.401049084E+01-1.396430558E+01-1.390429197E+01
-1.383037206E+01-1.374252240E+01-1.364077643E+01-1.352522600E+01-1.339602157E+01
-1.325336814E+01-1.309751096E+01-1.292869645E+01-1.274707861E+01-1.255254716E+01
-1.234466075E+01-1.212345808E+01-1.189074319E+01-1.165140545E+01-1.140536030E+01
-1.115245122E+01-1.089247195E+01-1.062517641E+01-1.035028319E+01-1.006747735E+01
-9.776410563E+00-9.476700173E+00-9.167927450E+00-8.849635560E+00-8.521326221E+00
-8.182456551E+00-7.832434538E+00-7.470614033E+00-7.096288689E+00-6.708684782E+00
-6.306952630E+00-5.890156461E+00-5.457262322E+00-5.007123656E+00-4.538464046E+00
-4.049856572E+00-3.539699023E+00-3.006184020E+00-2.447262791E+00-1.860601272E+00
-1.243526470E+00-5.929605838E-01 9.466041226E-02 8.234880880E-01 1.598388063E+00
 2.425096710E+00 3.310407937E+00 4.262371284E+00 5.290435854E+00 6.405267044E+00
 7.498406599E+00-7.084275157E+00-7.282899004E+00-7.431288607E+00-7.527719816E+00
-7.579672654E+00-7.617337325E+00-7.649679476E+00-7.679115541E+00-7.707615440E+00
-7.736657434E+00-7.767309792E+00-7.800342178E+00-7.836313391E+00-7.875632474E+00
-7.918600635E+00-7.965439651E+00-8.016311886E+00-8.071334436E+00-8.130589486E+00
-8.194131959E+00-8.261995148E+00-8.334195088E+00-8.410734064E+00-8.491602936E+00
-8.576783226E+00-8.666248535E+00-8.759965730E+00-8.857895607E+00-8.959993528E+00
-9.066209653E+00-9.176489059E+00-9.290771780E+00-9.408992375E+00-9.531079845E+00
-9.656957088E+00-9.786540260E+00-9.919738193E+00-1.005645160E+01-1.019657233E+01
-1.033998238E+01-1.048655312E+01-1.063614413E+01-1.078860233E+01-1.094376123E+01
-1.110144019E+01-1.126144539E+01-1.142357251E+01-1.158761176E+01-1.175336571E+01
-1.192067017E+01-1.208782089E+01-1.225538617E+01-1.242282932E+01-1.258924359E+01
-1.275351309E+01-1.291455642E+01-1.307144141E+01-1.322334751E+01-1.336951909E+01
-1.350924138E+01-1.364182878E+01-1.376661959E+01-1.388297463E+01-1.399027707E+01
-1.408793320E+01-1.417537355E+01-1.425205421E+01-1.431745829E+01-1.437109789E+01
-1.441251573E+01-1.444128729E+01-1.445702310E+01-1.445937102E+01-1.444801880E+01
-1.442269645E+01-1.438317935E+01-1.432929067E+01-1.426090461E+01-1.417794912E+01
-1.408040882E+01-1.396832808E+01-1.384181367E+01-1.370103718E+01-1.354623591E+01
-1.337771066E+01-1.319581399E+01-1.300091286E+01-1.279328767E+01-1.257291135E+01
-1.233929143E+01-1.209254490E+01-1.183511566E+01-1.157158976E+01-1.130182072E+01
-1.102560705E+01-1.074270484E+01-1.045283598E+01-1.015569150E+01-9.850933048E+00
-9.538192193E+00-9.217069154E+00-8.887131011E+00-8.547909034E+00-8.198895916E+00
-7.839542236E+00-7.469252278E+00-7.087379461E+00-6.693220469E+00-6.286008989E+00
-5.864907904E+00-5.429000236E+00-4.977279022E+00-4.508634620E+00-4.021840494E+00
-3.515535949E+00-2.988205789E+00-2.438155835E+00-1.863483093E+00-1.262038687E+00
-6.313804627E-01 3.128993067E-02 7.292146789E-01 1.466208699E+00 2.246860255E+00
 3.076858493E+00 3.963539615E+00 4.916748895E+00 5.949214988E+00 6.973383369E+00
-7.444215530E+00-7.656028070E+00-7.809871983E+00-7.903221858E+00-7.948376872E+00
-7.970566553E+00-7.985158213E+00-7.998103654E+00-8.012081395E+00-8.028509215E+00
-8.048226989E+00-8.071769442E+00-8.099492311E+00-8.131638017E+00-8.168372748E+00
-8.209809303E+00-8.256021556E+00-8.307054422E+00-8.362930989E+00-8.423657403E+00
-8.489226848E+00-8.559622107E+00-8.634818043E+00-8.714782899E+00-8.799479918E+00
-8.888867847E+00-8.982901890E+00-9.081533941E+00-9.184712858E+00-9.292384469E+00
-9.404491526E+00-9.520973354E+00-9.641765575E+00-9.766799517E+00-9.896001581E+00
-1.002929265E+01-1.016658708E+01-1.030779188E+01-1.045280568E+01-1.060151777E+01
-1.075380687E+01-1.090953997E+01-1.106857115E+01-1.123073921E+01-1.139586541E+01
-1.156375234E+01-1.173419286E+01-1.190694206E+01-1.208180160E+01-1.225799677E+01
-1.243505442E+01-1.261223745E+01-1.278838739E+01-1.296234528E+01-1.313311640E+01
-1.329983121E+01-1.346169408E+01-1.361795250E+01-1.376788253E+01-1.391078268E+01
-1.404597177E+01-1.417278829E+01-1.429059102E+01-1.439875985E+01-1.449669693E+01
-1.458382812E+01-1.465960448E+01-1.472350411E+01-1.477503380E+01-1.481373132E+01
-1.483916761E+01-1.485094912E+01-1.484872047E+01-1.483216704E+01-1.480101778E+01
-1.475504827E+01-1.469408349E+01-1.461800095E+01-1.452673380E+01-1.442027379E+01
-1.429867444E+01-1.416205421E+01-1.401059950E+01-1.384456752E+01-1.366428791E+01
-1.347016180E+01-1.326265166E+01-1.304224414E+01-1.280933481E+01-1.256394697E+01
-1.230551073E+01-1.203442971E+01-1.175383858E+01-1.146781721E+01-1.117612302E+01
-1.087848523E+01-1.057461487E+01-1.026420480E+01-9.946927399E+00-9.622432575E+00
-9.290345717E+00-8.950265782E+00-8.601763317E+00-8.244378101E+00-7.877616895E+00
-7.500950449E+00-7.113810507E+00-6.715586304E+00-6.305620463E+00-5.883204508E+00
-5.447574014E+00-4.997902899E+00-4.533297272E+00-4.052788662E+00-3.555326539E+00
-3.039770288E+00-2.504880315E+00-1.949308359E+00-1.371586634E+00-7.701149634E-01
-1.431443728E-01 5.112465670E-01 1.195190595E+00 1.911104191E+00 2.661840088E+00
 3.451055002E+00 4.284288401E+00 5.172956989E+00 6.062944781E+00-7.945389229E+00
-8.197923819E+00-8.370495127E+00-8.423132566E+00-8.371130834E+00-8.341984196E+00
-8.323763435E+00-8.312676730E+00-8.307915610E+00-8.309199592E+00-8.316403385E+00
-8.329456268E+00-8.348307574E+00-8.372912624E+00-8.403227173E+00-8.439205124E+00
-8.480797464E+00-8.527952619E+00-8.580616573E+00-8.638733498E+00-8.702246225E+00
-8.771096798E+00-8.845226748E+00-8.924577568E+00-9.009090907E+00-9.098708652E+00
-9.193372886E+00-9.293026007E+00-9.397610255E+00-9.507067635E+00-9.621339483E+00
-9.740365949E+00-9.864085335E+00-9.992433579E+00-1.012534323E+01-1.026274265E+01
-1.040455503E+01-1.055069695E+01-1.070107755E+01-1.085559692E+01-1.101414518E+01
-1.117660157E+01-1.134283374E+01-1.151269517E+01-1.168601108E+01-1.186254985E+01
-1.204219951E+01-1.222438174E+01-1.240889807E+01-1.259498040E+01-1.278134640E+01
-1.296670563E+01-1.314997595E+01-1.333023503E+01-1.350664816E+01-1.367842774E+01
-1.384481518E+01-1.400507341E+01-1.415848389E+01-1.430434603E+01-1.444197717E+01
-1.457071322E+01-1.468990946E+01-1.479894188E+01-1.489720822E+01-1.498412964E+01
-1.505915214E+01-1.512174856E+01-1.517142050E+01-1.520770064E+01-1.523015513E+01
-1.523838606E+01-1.523203443E+01-1.521078300E+01-1.517435925E+01-1.512253852E+01
-1.505514709E+01-1.497206560E+01-1.487323183E+01-1.475864408E+01-1.462836448E+01
-1.448252196E+01-1.432131559E+01-1.414501755E+01-1.395397656E+01-1.374861970E+01
-1.352945208E+01-1.329704576E+01-1.305199683E+01-1.279478043E+01-1.252537320E+01
-1.224305406E+01-1.194884881E+01-1.164734906E+01-1.134104348E+01-1.102959803E+01
-1.071271340E+01-1.039009110E+01-1.006142162E+01-9.726379698E+00-9.384622302E+00
-9.035786992E+00-8.679490732E+00-8.315328692E+00-7.942872959E+00-7.561671111E+00
-7.171245195E+00-6.771090115E+00-6.360672523E+00-5.939429522E+00-5.506767799E+00
-5.062062994E+00-4.604659821E+00-4.133872890E+00-3.648989122E+00-3.149272059E+00
-2.633968953E+00-2.102322123E+00-1.553586365E+00-9.870553151E-01-4.021015987E-01
 2.017610452E-01 8.247785188E-01 1.466788943E+00 2.126916933E+00 2.802947474E+00
 3.489832338E+00 4.175655685E+00 4.834792407E+00-8.299623335E+00-8.589444875E+00
-8.759047216E+00-8.804374877E+00-8.746013323E+00-8.684036574E+00-8.638052719E+00
-8.604907730E+00-8.582407346E+00-8.569186859E+00-8.564371250E+00-8.567370200E+00
-8.577763163E+00-8.595234551E+00-8.619536188E+00-8.650464852E+00-8.687848567E+00
-8.731537734E+00-8.781399615E+00-8.837314596E+00-8.899173777E+00-8.966876927E+00
-9.040331614E+00-9.119451830E+00-9.204157595E+00-9.294373972E+00-9.390030593E+00
-9.491061150E+00-9.597402564E+00-9.708994516E+00-9.825778851E+00-9.947698718E+00
-1.007469773E+01-1.020671933E+01-1.034370549E+01-1.048559592E+01-1.063232642E+01
-1.078382770E+01-1.094002347E+01-1.110082855E+01-1.126614721E+01-1.143587327E+01
-1.160989703E+01-1.178813560E+01-1.197051853E+01-1.215615624E+01-1.234541056E+01
-1.253779290E+01-1.273210001E+01-1.292686588E+01-1.312083353E+01-1.331297687E+01
-1.350240199E+01-1.368828094E+01-1.386982128E+01-1.404625336E+01-1.421682567E+01
-1.438080306E+01-1.453746674E+01-1.468611433E+01-1.482606083E+01-1.495663915E+01
-1.507720124E+01-1.518711928E+01-1.528578675E+01-1.537262023E+01-1.544706076E+01
-1.550857603E+01-1.555666238E+01-1.559084712E+01-1.561069128E+01-1.561579238E+01
-1.560578734E+01-1.558035574E+01-1.553922315E+01-1.548216425E+01-1.540900632E+01
-1.531963245E+01-1.521398494E+01-1.509206838E+01-1.495395295E+01-1.479977757E+01
-1.462975287E+01-1.444416461E+01-1.424337680E+01-1.402783485E+01-1.379806754E+01
-1.355468609E+01-1.329837087E+01-1.302981483E+01-1.274952550E+01-1.245731014E+01
-1.215238030E+01-1.183700655E+01-1.151720402E+01-1.119293601E+01-1.086401366E+01
-1.053018906E+01-1.019118681E+01-9.846714140E+00-9.496464517E+00-9.140118258E+00
-8.777342914E+00-8.407792991E+00-8.031110076E+00-7.646923146E+00-7.254848728E+00
-6.854491727E+00-6.445446724E+00-6.027299399E+00-5.599629518E+00-5.162014249E+00
-4.714033636E+00-4.255277572E+00-3.785356056E+00-3.303912704E+00-2.810643887E+00
-2.305324807E+00-1.787845791E+00-1.258263087E+00-7.168708122E-01-1.643046419E-01
 3.983060589E-01 9.691107427E-01 1.545194382E+00 2.122070297E+00 2.693011665E+00
 3.248484598E+00 3.776483178E+00-8.593505083E+00-8.895920072E+00-9.070099302E+00
-9.111442993E+00-9.044290329E+00-8.967944803E+00-8.906678935E+00-8.859146651E+00
-8.823781437E+00-8.799334338E+00-8.784840113E+00-8.779553801E+00-8.782893240E+00
-8.794394542E+00-8.813680343E+00-8.840437182E+00-8.874399980E+00-8.915340933E+00
-8.963061979E+00-9.017388974E+00-9.078167750E+00-9.145261039E+00-9.218546112E+00
-9.297912810E+00-9.383262280E+00-9.474505400E+00-9.571561876E+00-9.674359015E+00
-9.782831060E+00-9.896918046E+00-1.001656501E+01-1.014172117E+01-1.027233881E+01
-1.040837238E+01-1.054977749E+01-1.069650960E+01-1.084852264E+01-1.100576733E+01
-1.116818869E+01-1.133572210E+01-1.150828557E+01-1.168576224E+01-1.186795897E+01
-1.205490749E+01-1.224636521E+01-1.244223450E+01-1.264177343E+01-1.284349875E+01
-1.304593943E+01-1.324790914E+01-1.344842163E+01-1.364659345E+01-1.384159249E+01
-1.403261559E+01-1.421887971E+01-1.439961828E+01-1.457408016E+01-1.474152945E+01
-1.490124589E+01-1.505252539E+01-1.519468070E+01-1.532704226E+01-1.544895910E+01
-1.555979998E+01-1.565895458E+01-1.574583515E+01-1.581987810E+01-1.588054593E+01
-1.592732955E+01-1.595975078E+01-1.597736514E+01-1.597976499E+01-1.596658260E+01
-1.593749396E+01-1.589222197E+01-1.583054016E+01-1.575227633E+01-1.565731585E+01
-1.554560507E+01-1.541715467E+01-1.527204253E+01-1.511041739E+01-1.493250106E+01
-1.473859224E+01-1.452906923E+01-1.430439316E+01-1.406511120E+01-1.381185872E+01
-1.354535774E+01-1.326639927E+01-1.297576678E+01-1.267395011E+01-1.236049317E+01
-1.203514657E+01-1.170192273E+01-1.136544448E+01-1.102530194E+01-1.068118543E+01
-1.033281614E+01-9.979922159E+00-9.622230141E+00-9.259462598E+00-8.891337509E+00
-8.517568599E+00-8.137866443E+00-7.751939683E+00-7.359496961E+00-6.960249205E+00
-6.553912702E+00-6.140213194E+00-5.718890803E+00-5.289706732E+00-4.852451847E+00
-4.406957719E+00-3.953110877E+00-3.490871465E+00-3.020297278E+00-2.541575213E+00
-2.055062241E+00-1.561339049E+00-1.061280182E+00-5.561455021E-01-4.769792675E-02
 4.616494599E-01 9.686613512E-01 1.469107421E+00 1.957651026E+00 2.427907888E+00
 2.872783153E+00-8.847202186E+00-9.156958392E+00-9.338166719E+00-9.375276018E+00
-9.277237044E+00-9.193293930E+00-9.124346277E+00-9.068705948E+00-9.025415069E+00
-8.993589993E+00-8.972446401E+00-8.961305128E+00-8.959584407E+00-8.966786624E+00
-8.982485204E+00-9.006312356E+00-9.037949419E+00-9.077118746E+00-9.123577402E+00
-9.177112039E+00-9.237535079E+00-9.304681163E+00-9.378404710E+00-9.458577516E+00
-9.545087017E+00-9.637834479E+00-9.736733695E+00-9.841709690E+00-9.952697455E+00
-1.006964096E+01-1.019249207E+01-1.032120956E+01-1.045575814E+01-1.059610750E+01
-1.074223110E+01-1.089410537E+01-1.105170852E+01-1.121501979E+01-1.138401940E+01
-1.155869053E+01-1.173902589E+01-1.192504332E+01-1.211540141E+01-1.231141439E+01
-1.251285705E+01-1.271855664E+01-1.292682648E+01-1.313619970E+01-1.334552497E+01
-1.355383283E+01-1.376024058E+01-1.396390839E+01-1.416402141E+01-1.435978310E+01
-1.455041234E+01-1.473514287E+01-1.491322310E+01-1.508391633E+01-1.524650135E+01
-1.540027285E+01-1.554454204E+01-1.567863757E+01-1.580190630E+01-1.591371432E+01
-1.601344809E+01-1.610051600E+01-1.617435002E+01-1.623440763E+01-1.628017420E+01
-1.631116575E+01-1.632693174E+01-1.632705876E+01-1.631117379E+01-1.627894830E+01
-1.623010193E+01-1.616440649E+01-1.608168971E+01-1.598183881E+01-1.586480393E+01
-1.573060163E+01-1.557931768E+01-1.541111012E+01-1.522621209E+01-1.502493479E+01
-1.480767038E+01-1.457489497E+01-1.432717182E+01-1.406515435E+01-1.378958780E+01
-1.350130523E+01-1.320119857E+01-1.289009049E+01-1.256826961E+01-1.223478085E+01
-1.189062369E+01-1.154335757E+01-1.119305516E+01-1.083959119E+01-1.048276969E+01
-1.012236926E+01-9.758159031E+00-9.389905580E+00-9.017375933E+00-8.640339804E+00
-8.258571986E+00-7.871854798E+00-7.479980725E+00-7.082756356E+00-6.680006286E+00
-6.271578669E+00-5.857351763E+00-5.437241726E+00-5.011212901E+00-4.579289914E+00
-4.141573113E+00-3.698257608E+00-3.249656465E+00-2.796229753E+00-2.338619856E+00
-1.877694431E+00-1.414597708E+00-9.508102180E-01-4.882151138E-01-2.916610741E-02
 4.234538610E-01 8.662015640E-01 1.295095768E+00 1.705718784E+00 2.093408344E+00
-8.988226419E+00-9.303392021E+00-9.483947936E+00-9.525328465E+00-9.449517114E+00
-9.364102084E+00-9.291756564E+00-9.232159292E+00-9.184735040E+00-9.148878084E+00
-9.123991015E+00-9.109507270E+00-9.104903077E+00-9.109702020E+00-9.123475042E+00
-9.145838434E+00-9.176450684E+00-9.215008614E+00-9.261244034E+00-9.314920233E+00
-9.375828947E+00-9.443787561E+00-9.518636547E+00-9.600237338E+00-9.688470319E+00
-9.783233011E+00-9.884438619E+00-9.992014568E+00-1.010590109E+01-1.022605020E+01
-1.035242466E+01-1.048499670E+01-1.062374732E+01-1.076866526E+01-1.091974595E+01
-1.107699053E+01-1.124040459E+01-1.140999621E+01-1.158577399E+01-1.176774560E+01
-1.195592435E+01-1.214952697E+01-1.234940477E+01-1.255544308E+01-1.276631421E+01
-1.298024446E+01-1.319576592E+01-1.341173654E+01-1.362718799E+01-1.384123187E+01
-1.405301891E+01-1.426172301E+01-1.446653486E+01-1.466666009E+01-1.486131849E+01
-1.504974404E+01-1.523118526E+01-1.540490545E+01-1.557018325E+01-1.572631299E+01
-1.587260541E+01-1.600838833E+01-1.613300732E+01-1.624582667E+01-1.634623043E+01
-1.643362377E+01-1.650743470E+01-1.656711574E+01-1.661214672E+01-1.664203726E+01
-1.665633035E+01-1.665460585E+01-1.663648457E+01-1.660163253E+01-1.654976531E+01
-1.648065218E+01-1.639412022E+01-1.629005821E+01-1.616841997E+01-1.602922768E+01
-1.587257488E+01-1.569862905E+01-1.550763447E+01-1.529991488E+01-1.507587609E+01
-1.483600886E+01-1.458089205E+01-1.431119551E+01-1.402768360E+01-1.373121655E+01
-1.342274322E+01-1.310325352E+01-1.277356603E+01-1.243361265E+01-1.208255042E+01
-1.172422009E+01-1.136418240E+01-1.100204265E+01-1.063752728E+01-1.027040702E+01
-9.900470674E+00-9.527517328E+00-9.151355192E+00-8.771802517E+00-8.388689924E+00
-8.001863325E+00-7.611187343E+00-7.216549375E+00-6.817864477E+00-6.415081232E+00
-6.008188452E+00-5.597223525E+00-5.182282193E+00-4.763530247E+00-4.341217478E+00
-3.915694118E+00-3.487430164E+00-3.057038021E+00-2.625298244E+00-2.193188488E+00
-1.761914847E+00-1.332943941E+00-9.080329546E-01-4.892527475E-01-7.899747398E-02
 3.200278146E-01 7.048499167E-01 1.072306133E+00 1.419157869E+00-9.096740188E+00
-9.414034175E+00-9.596652994E+00-9.639699874E+00-9.569011564E+00-9.483713274E+00
-9.410539622E+00-9.349779088E+00-9.301043984E+00-9.263880511E+00-9.237806619E+00
-9.222335529E+00-9.216993389E+00-9.221330416E+00-9.234927915E+00-9.257401703E+00
-9.288403375E+00-9.327619823E+00-9.374771787E+00-9.429612194E+00-9.491923678E+00
-9.561516650E+00-9.638226895E+00-9.721913678E+00-9.812457620E+00-9.909759119E+00
-1.001373658E+01-1.012432511E+01-1.024147511E+01-1.036515116E+01-1.049533088E+01
-1.063200406E+01-1.077517169E+01-1.092484539E+01-1.108104668E+01-1.124380647E+01
-1.141316399E+01-1.158916417E+01-1.177184835E+01-1.196122646E+01-1.215670480E+01
-1.235924449E+01-1.256872464E+01-1.278372898E+01-1.300239967E+01-1.322323171E+01
-1.344506836E+01-1.366693188E+01-1.388792503E+01-1.410718855E+01-1.432388549E+01
-1.453719508E+01-1.474631090E+01-1.495044008E+01-1.514880353E+01-1.534063626E+01
-1.552518769E+01-1.570172204E+01-1.586951884E+01-1.602787317E+01-1.617609631E+01
-1.631351635E+01-1.643947877E+01-1.655334717E+01-1.665450420E+01-1.674235260E+01
-1.681631688E+01-1.687584504E+01-1.692041108E+01-1.694951804E+01-1.696270145E+01
-1.695953356E+01-1.693962773E+01-1.690264349E+01-1.684829124E+01-1.677633687E+01
-1.668660641E+01-1.657898968E+01-1.645344406E+01-1.630999740E+01-1.614875101E+01
-1.596988185E+01-1.577364524E+01-1.556037734E+01-1.533049750E+01-1.508451051E+01
-1.482301011E+01-1.454668174E+01-1.425630566E+01-1.395276054E+01-1.363702204E+01
-1.331014498E+01-1.297316623E+01-1.262668483E+01-1.226985321E+01-1.190309421E+01
-1.153472903E+01-1.116488436E+01-1.079348433E+01-1.042038457E+01-1.004542175E+01
-9.668432702E+00-9.289262947E+00-8.907771870E+00-8.523836149E+00-8.137353662E+00
-7.748247148E+00-7.356468500E+00-6.962003692E+00-6.564878215E+00-6.165163736E+00
-5.762985467E+00-5.358530828E+00-4.952059344E+00-4.543914023E+00-4.134534048E+00
-3.724469209E+00-3.314395363E+00-2.905131191E+00-2.497655211E+00-2.093122188E+00
-1.692877345E+00-1.298466111E+00-9.116365847E-01-5.343313155E-01-1.686650956E-01
 1.831138302E-01 5.186799314E-01 8.357021027E-01-9.184485288E+00-9.505682556E+00
-9.691283620E+00-9.733703147E+00-9.639525099E+00-9.553983480E+00-9.481783146E+00
-9.421974694E+00-9.374204123E+00-9.338059435E+00-9.313090572E+00-9.298833058E+00
-9.294826512E+00-9.300628008E+00-9.315820978E+00-9.340020689E+00-9.372876684E+00
-9.414073614E+00-9.463330717E+00-9.520400253E+00-9.585065919E+00-9.657140531E+00
-9.736464165E+00-9.822901999E+00-9.916342453E+00-1.001669550E+01-1.012389089E+01
-1.023787698E+01-1.035861928E+01-1.048609928E+01-1.062031372E+01-1.076127334E+01
-1.090900229E+01-1.106353774E+01-1.122492964E+01-1.139324248E+01-1.156855968E+01
-1.175099529E+01-1.194072138E+01-1.213678475E+01-1.234056745E+01-1.255212023E+01
-1.277007688E+01-1.299246909E+01-1.321768986E+01-1.344453127E+01-1.367199172E+01
-1.389916007E+01-1.412516622E+01-1.434916281E+01-1.457031840E+01-1.478781546E+01
-1.500084969E+01-1.520863019E+01-1.541037958E+01-1.560533457E+01-1.579274638E+01
-1.597188105E+01-1.614201989E+01-1.630245990E+01-1.645251416E+01-1.659151221E+01
-1.671880077E+01-1.683374398E+01-1.693572418E+01-1.702414285E+01-1.709842180E+01
-1.715800489E+01-1.720236042E+01-1.723098419E+01-1.724340349E+01-1.723918155E+01
-1.721792311E+01-1.717927964E+01-1.712295519E+01-1.704871149E+01-1.695637284E+01
-1.684582993E+01-1.671704360E+01-1.657004751E+01-1.640495067E+01-1.622193971E+01
-1.602128093E+01-1.580332259E+01-1.556849673E+01-1.531732220E+01-1.505040658E+01
-1.476845007E+01-1.447224790E+01-1.416269508E+01-1.384078827E+01-1.350762294E+01
-1.316435580E+01-1.281201085E+01-1.245071349E+01-1.207943729E+01-1.170231417E+01
-1.132505303E+01-1.094729637E+01-1.056880944E+01-1.018940849E+01-9.808937851E+00
-9.427263409E+00-9.044272482E+00-8.659875829E+00-8.274010256E+00-7.886642351E+00
-7.497771995E+00-7.107437171E+00-6.715718449E+00-6.322745020E+00-5.928700562E+00
-5.533830493E+00-5.138449535E+00-4.742950300E+00-4.347812120E+00-3.953610853E+00
-3.561028595E+00-3.170863050E+00-2.784036379E+00-2.401602021E+00-2.024748755E+00
-1.654800507E+00-1.293210369E+00-9.415473704E-01-6.014746255E-01-2.747183443E-01
 3.697217985E-02 3.318721252E-01-9.180385721E+00-9.501225282E+00-9.686550237E+00
-9.731882115E+00-9.657742984E+00-9.575238099E+00-9.505660807E+00-9.448737876E+00
-9.404057425E+00-9.371146113E+00-9.349501796E+00-9.338618470E+00-9.338005025E+00
-9.347197533E+00-9.365766504E+00-9.393321019E+00-9.429509519E+00-9.474019765E+00
-9.526576948E+00-9.586941835E+00-9.654908289E+00-9.730301063E+00-9.812973198E+00
-9.902804053E+00-9.999697337E+00-1.010357929E+01-1.021439729E+01-1.033211818E+01
-1.045672748E+01-1.058822813E+01-1.072663965E+01-1.087199712E+01-1.102435025E+01
-1.118376194E+01-1.135030639E+01-1.152406586E+01-1.170512707E+01-1.189357883E+01
-1.208952250E+01-1.229335445E+01-1.250556650E+01-1.272516965E+01-1.295015071E+01
-1.317874097E+01-1.340963569E+01-1.364178958E+01-1.387427020E+01-1.410619443E+01
-1.433670418E+01-1.456495798E+01-1.479012784E+01-1.501139891E+01-1.522796918E+01
-1.543904992E+01-1.564386610E+01-1.584165677E+01-1.603167563E+01-1.621319151E+01
-1.638548844E+01-1.654786626E+01-1.669964101E+01-1.684014509E+01-1.696872760E+01
-1.708475477E+01-1.718761006E+01-1.727669493E+01-1.735142958E+01-1.741125434E+01
-1.745563189E+01-1.748405043E+01-1.749602791E+01-1.749111743E+01-1.746891329E+01
-1.742905743E+01-1.737124624E+01-1.729523620E+01-1.720084934E+01-1.708797719E+01
-1.695658417E+01-1.680670993E+01-1.663847135E+01-1.645206465E+01-1.624776685E+01
-1.602593772E+01-1.578702167E+01-1.553154991E+01-1.526014317E+01-1.497351459E+01
-1.467247262E+01-1.435792496E+01-1.403088242E+01-1.369245918E+01-1.334385747E+01
-1.298627120E+01-1.262042749E+01-1.224539993E+01-1.186200796E+01-1.147864388E+01
-1.109540296E+01-1.071221496E+01-1.032895943E+01-9.945510761E+00-9.561756710E+00
-9.177606381E+00-8.792994924E+00-8.407886958E+00-8.022279686E+00-7.636206479E+00
-7.249740501E+00-6.862998728E+00-6.476146637E+00-6.089403013E+00-5.703044988E+00
-5.317413958E+00-4.932921172E+00-4.550053643E+00-4.169379980E+00-3.791555839E+00
-3.417328315E+00-3.047539428E+00-2.683127432E+00-2.325125587E+00-1.974657562E+00
-1.632928699E+00-1.301212446E+00-9.808316053E-01-6.731343274E-01-3.794652421E-01
-1.011327458E-01-9.136868492E+00-9.455606421E+00-9.641203349E+00-9.688757933E+00
-9.624591494E+00-9.546427182E+00-9.481354482E+00-9.429504516E+00-9.390268210E+00
-9.362995084E+00-9.347042103E+00-9.341799958E+00-9.346707525E+00-9.361258090E+00
-9.385000613E+00-9.417537633E+00-9.458522082E+00-9.507653265E+00-9.564672685E+00
-9.629360297E+00-9.701530964E+00-9.781031107E+00-9.867736264E+00-9.961548411E+00
-1.006239399E+01-1.017022221E+01-1.028500369E+01-1.040672908E+01-1.053540839E+01
-1.067106996E+01-1.081376019E+01-1.096354283E+01-1.112049857E+01-1.128472375E+01
-1.145632761E+01-1.163542429E+01-1.182211191E+01-1.201641682E+01-1.221870593E+01
-1.242985735E+01-1.264949663E+01-1.287572061E+01-1.310651889E+01-1.334040626E+01
-1.357625315E+01-1.381309034E+01-1.405001594E+01-1.428615951E+01-1.452066900E+01
-1.475270653E+01-1.498144703E+01-1.520607810E+01-1.542580035E+01-1.563982768E+01
-1.584738778E+01-1.604772262E+01-1.624008920E+01-1.642375939E+01-1.659802092E+01
-1.676217742E+01-1.691554870E+01-1.705747124E+01-1.718729798E+01-1.730439865E+01
-1.740815953E+01-1.749798353E+01-1.757329042E+01-1.763351764E+01-1.767812245E+01
-1.770658515E+01-1.771841363E+01-1.771314977E+01-1.769037627E+01-1.764972404E+01
-1.759088020E+01-1.751359496E+01-1.741768733E+01-1.730304954E+01-1.716964980E+01
-1.701753414E+01-1.684682763E+01-1.665773576E+01-1.645054581E+01-1.622562834E+01
-1.598343889E+01-1.572451997E+01-1.544950359E+01-1.515911396E+01-1.485417060E+01
-1.453559192E+01-1.420439951E+01-1.386172139E+01-1.350878848E+01-1.314689154E+01
-1.277714203E+01-1.239951298E+01-1.201308719E+01-1.162333933E+01-1.123491939E+01
-1.084751122E+01-1.046089678E+01-1.007491601E+01-9.689449862E+00-9.304413721E+00
-8.919755655E+00-8.535457185E+00-8.151534939E+00-7.768043287E+00-7.385076984E+00
-7.002774479E+00-6.621321224E+00-6.240953339E+00-5.861961196E+00-5.484693203E+00
-5.109559426E+00-4.737035177E+00-4.367663694E+00-4.002058815E+00-3.640906246E+00
-3.284963589E+00-2.935058816E+00-2.592086497E+00-2.257001540E+00-1.930810070E+00
-1.614557169E+00-1.309311397E+00-1.016146258E+00-7.361189906E-01-4.702473037E-01
-9.067340765E+00-9.386348657E+00-9.572396391E+00-9.620516354E+00-9.538538000E+00
-9.464971537E+00-9.407091047E+00-9.363272612E+00-9.332482396E+00-9.313751494E+00
-9.306211586E+00-9.309107981E+00-9.321795673E+00-9.343728589E+00-9.374446271E+00
-9.413561621E+00-9.460749871E+00-9.515739443E+00-9.578304580E+00-9.648259316E+00
-9.725452516E+00-9.809764132E+00-9.901101968E+00-9.999399282E+00-1.010461262E+01
-1.021672038E+01-1.033572160E+01-1.046163497E+01-1.059449836E+01-1.073436843E+01
-1.088132083E+01-1.103545070E+01-1.119687440E+01-1.136573261E+01-1.154219778E+01
-1.172649016E+01-1.191891521E+01-1.211817216E+01-1.232649515E+01-1.254424180E+01
-1.277005225E+01-1.300169915E+01-1.323738616E+01-1.347582032E+01-1.371596220E+01
-1.395687886E+01-1.419768308E+01-1.443751123E+01-1.467551523E+01-1.491086029E+01
-1.514272408E+01-1.537029694E+01-1.559278229E+01-1.580939704E+01-1.601937216E+01
-1.622195283E+01-1.641639949E+01-1.660198799E+01-1.677801000E+01-1.694377352E+01
-1.709860320E+01-1.724184041E+01-1.737284333E+01-1.749098666E+01-1.759566114E+01
-1.768627269E+01-1.776224234E+01-1.782300390E+01-1.786800825E+01-1.789672757E+01
-1.790866033E+01-1.790333797E+01-1.788033221E+01-1.783926321E+01-1.777980758E+01
-1.770170666E+01-1.760477331E+01-1.748890063E+01-1.735406113E+01-1.720030764E+01
-1.702777364E+01-1.683667375E+01-1.662730479E+01-1.640004696E+01-1.615536551E+01
-1.589381259E+01-1.561602937E+01-1.532274889E+01-1.501479902E+01-1.469310576E+01
-1.435869738E+01-1.401270803E+01-1.365637781E+01-1.329103119E+01-1.291794287E+01
-1.253769089E+01-1.214899153E+01-1.175474432E+01-1.136234683E+01-1.097156534E+01
-1.058222862E+01-1.019420361E+01-9.807388595E+00-9.421711822E+00-9.037132831E+00
-8.653644488E+00-8.271274965E+00-7.890090216E+00-7.510196303E+00-7.131741842E+00
-6.754920596E+00-6.379973847E+00-6.007192834E+00-5.636921038E+00-5.269556157E+00
-4.905551754E+00-4.545418403E+00-4.189723965E+00-3.839093025E+00-3.494205211E+00
-3.155792012E+00-2.824631970E+00-2.501544103E+00-2.187379258E+00-1.883009477E+00
-1.589315321E+00-1.307171373E+00-1.037430257E+00-7.809055709E-01-8.902571487E+00
-9.215269673E+00-9.399737340E+00-9.451866647E+00-9.389651297E+00-9.326607578E+00
-9.280454936E+00-9.249135116E+00-9.230921171E+00-9.224403279E+00-9.228469161E+00
-9.242251915E+00-9.265075529E+00-9.296409572E+00-9.335834600E+00-9.383016665E+00
-9.437688837E+00-9.499637730E+00-9.568693770E+00-9.644724063E+00-9.727627038E+00
-9.817328585E+00-9.913779101E+00-1.001695128E+01-1.012683847E+01-1.024345354E+01
-1.036682807E+01-1.049701165E+01-1.063407192E+01-1.077809420E+01-1.092918202E+01
-1.108745724E+01-1.125306080E+01-1.142615324E+01-1.160691435E+01-1.179554017E+01
-1.199223133E+01-1.219696706E+01-1.241111668E+01-1.263459675E+01-1.286549104E+01
-1.310163232E+01-1.334143749E+01-1.358373557E+01-1.382753957E+01-1.407193771E+01
-1.431605253E+01-1.455902552E+01-1.480001247E+01-1.503818171E+01-1.527271405E+01
-1.550280290E+01-1.572765500E+01-1.594649042E+01-1.615854349E+01-1.636306303E+01
-1.655931331E+01-1.674657419E+01-1.692414175E+01-1.709132876E+01-1.724746516E+01
-1.739189809E+01-1.752399210E+01-1.764312853E+01-1.774870489E+01-1.784013035E+01
-1.791682365E+01-1.797821576E+01-1.802375263E+01-1.805289970E+01-1.806514714E+01
-1.806001717E+01-1.803707146E+01-1.799592007E+01-1.793623017E+01-1.785773475E+01
-1.776024067E+01-1.764363536E+01-1.750789354E+01-1.735307619E+01-1.717932566E+01
-1.698686551E+01-1.677600115E+01-1.654712111E+01-1.630069840E+01-1.603729274E+01
-1.575755236E+01-1.546221689E+01-1.515212008E+01-1.482819288E+01-1.449146744E+01
-1.414308033E+01-1.378427399E+01-1.341638450E+01-1.304075938E+01-1.265833229E+01
-1.226826609E+01-1.187091770E+01-1.147546456E+01-1.108200506E+01-1.069050142E+01
-1.030087389E+01-9.913042256E+00-9.526944346E+00-9.142545093E+00-8.759841504E+00
-8.378865886E+00-7.999688015E+00-7.622417382E+00-7.247204806E+00-6.874244408E+00
-6.503774829E+00-6.136081043E+00-5.771495226E+00-5.410397657E+00-5.053217239E+00
-4.700431133E+00-4.352563942E+00-4.010185968E+00-3.673910623E+00-3.344390274E+00
-3.022311405E+00-2.708388018E+00-2.403353821E+00-2.107953004E+00-1.822929730E+00
-1.549016517E+00-1.286921769E+00-1.037316796E+00-8.665998862E+00-8.965918738E+00
-9.147988017E+00-9.207893548E+00-9.169780632E+00-9.126050806E+00-9.099746034E+00
-9.087831394E+00-9.087762918E+00-9.097861924E+00-9.117011994E+00-9.144450242E+00
-9.179639657E+00-9.222192431E+00-9.271822685E+00-9.328316953E+00-9.391515117E+00
-9.461297914E+00-9.537578668E+00-9.620297452E+00-9.709417348E+00-9.804921652E+00
-9.906812136E+00-1.001510771E+01-1.012984360E+01-1.025107087E+01-1.037885630E+01
-1.051328215E+01-1.065444656E+01-1.080246361E+01-1.095746381E+01-1.111959448E+01
-1.128902011E+01-1.146592258E+01-1.165050029E+01-1.184296675E+01-1.204354688E+01
-1.225284465E+01-1.247182288E+01-1.269988078E+01-1.293482429E+01-1.317461028E+01
-1.341779567E+01-1.366328016E+01-1.391010702E+01-1.415737843E+01-1.440422401E+01
-1.464979017E+01-1.489323658E+01-1.513373526E+01-1.537047041E+01-1.560263891E+01
-1.582945089E+01-1.605012995E+01-1.626391414E+01-1.647005599E+01-1.666782358E+01
-1.685650097E+01-1.703538872E+01-1.720380456E+01-1.736108388E+01-1.750658017E+01
-1.763966530E+01-1.775972927E+01-1.786617446E+01-1.795841032E+01-1.803585556E+01
-1.809793920E+01-1.814410366E+01-1.817380909E+01-1.818653930E+01-1.818180895E+01
-1.815917153E+01-1.811822869E+01-1.805863930E+01-1.798012898E+01-1.788249854E+01
-1.776563151E+01-1.762949924E+01-1.747416662E+01-1.729978579E+01-1.710658867E+01
-1.689488822E+01-1.666507942E+01-1.641764120E+01-1.615313831E+01-1.587222383E+01
-1.557564130E+01-1.526422816E+01-1.493891852E+01-1.460074701E+01-1.425085304E+01
-1.389048397E+01-1.352099070E+01-1.314378031E+01-1.276004127E+01-1.236961389E+01
-1.197163066E+01-1.157287192E+01-1.117696711E+01-1.078367483E+01-1.039282245E+01
-1.000428542E+01-9.617979359E+00-9.233857714E+00-8.851911299E+00-8.472168876E+00
-8.094697780E+00-7.719605057E+00-7.347038572E+00-6.977187758E+00-6.610284636E+00
-6.246604330E+00-5.886465542E+00-5.530230626E+00-5.178304960E+00-4.831136159E+00
-4.489212301E+00-4.153059680E+00-3.823239464E+00-3.500343594E+00-3.184989692E+00
-2.877814871E+00-2.579468608E+00-2.290604612E+00-2.011871872E+00-1.743904978E+00
-1.487313955E+00-1.242673863E+00-8.358194533E+00-8.634053304E+00-8.812127108E+00
-8.889926465E+00-8.868209496E+00-8.861458794E+00-8.868866636E+00-8.885474826E+00
-8.909595266E+00-8.940449899E+00-8.977626019E+00-9.020886128E+00-9.070087206E+00
-9.125142063E+00-9.185999046E+00-9.252630773E+00-9.325027788E+00-9.403194740E+00
-9.487148335E+00-9.576916151E+00-9.672536052E+00-9.774056144E+00-9.881534581E+00
-9.995040113E+00-1.011465217E+01-1.024046165E+01-1.037257114E+01-1.051109580E+01
-1.065616382E+01-1.080791729E+01-1.096651286E+01-1.113212268E+01-1.130493508E+01
-1.148515570E+01-1.167300835E+01-1.186873663E+01-1.207260665E+01-1.228542977E+01
-1.250804645E+01-1.273951289E+01-1.297752524E+01-1.322012548E+01-1.346594498E+01
-1.371391982E+01-1.396310997E+01-1.421262626E+01-1.446160401E+01-1.470919403E+01
-1.495455998E+01-1.519687760E+01-1.543533500E+01-1.566913278E+01-1.589748456E+01
-1.611961788E+01-1.633477435E+01-1.654221043E+01-1.674119813E+01-1.693102558E+01
-1.711099768E+01-1.728043691E+01-1.743868408E+01-1.758509891E+01-1.771906088E+01
-1.783996775E+01-1.794722327E+01-1.804023911E+01-1.811843459E+01-1.818123809E+01
-1.822808995E+01-1.825844721E+01-1.827178936E+01-1.826762601E+01-1.824550492E+01
-1.820502124E+01-1.814582761E+01-1.806764379E+01-1.797026551E+01-1.785357238E+01
-1.771753380E+01-1.756221206E+01-1.738776653E+01-1.719443645E+01-1.698254022E+01
-1.675247714E+01-1.650472947E+01-1.623986458E+01-1.595853756E+01-1.566149327E+01
-1.534957007E+01-1.502370226E+01-1.468492439E+01-1.433437561E+01-1.397330357E+01
-1.360306389E+01-1.322508923E+01-1.284069392E+01-1.245016170E+01-1.205210778E+01
-1.165145812E+01-1.125407840E+01-1.085971851E+01-1.046818788E+01-1.007934582E+01
-9.693095512E+00-9.309381214E+00-8.928186655E+00-8.549534724E+00-8.173487673E+00
-7.800147349E+00-7.429655745E+00-7.062195557E+00-6.697990415E+00-6.337305120E+00
-5.980445529E+00-5.627758119E+00-5.279628962E+00-4.936482389E+00-4.598778975E+00
-4.267012827E+00-3.941708073E+00-3.623414693E+00-3.312703544E+00-3.010160406E+00
-2.716379390E+00-2.431955567E+00-2.157476963E+00-1.893516087E+00-1.640621148E+00
-1.399307166E+00-7.912056897E+00-8.131056209E+00-8.301227238E+00-8.420359806E+00
-8.499129252E+00-8.557367447E+00-8.608629814E+00-8.658487874E+00-8.709361606E+00
-8.762525221E+00-8.818750353E+00-8.878551043E+00-8.942294571E+00-9.010258031E+00
-9.082660286E+00-9.159681430E+00-9.241475356E+00-9.328178150E+00-9.419914233E+00
-9.516801055E+00-9.618952284E+00-9.726480836E+00-9.839500930E+00-9.958130253E+00
-1.008249137E+01-1.021271340E+01-1.034893326E+01-1.049129691E+01-1.063996073E+01
-1.079509252E+01-1.095687274E+01-1.112549577E+01-1.130117123E+01-1.148412522E+01
-1.167460213E+01-1.187286705E+01-1.207920917E+01-1.229448592E+01-1.251952525E+01
-1.275327969E+01-1.299341263E+01-1.323799456E+01-1.348568269E+01-1.373542699E+01
-1.398629519E+01-1.423740349E+01-1.448789152E+01-1.473691426E+01-1.498363928E+01
-1.522724632E+01-1.546692735E+01-1.570188673E+01-1.593134224E+01-1.615452500E+01
-1.637068052E+01-1.657906919E+01-1.677896685E+01-1.696966558E+01-1.715047440E+01
-1.732072005E+01-1.747974804E+01-1.762692339E+01-1.776163221E+01-1.788327589E+01
-1.799126135E+01-1.808500266E+01-1.816392060E+01-1.822744420E+01-1.827501352E+01
-1.830608453E+01-1.832013489E+01-1.831667292E+01-1.829524281E+01-1.825543530E+01
-1.819689956E+01-1.811935145E+01-1.802258310E+01-1.790647092E+01-1.777098192E+01
-1.761617702E+01-1.744221555E+01-1.724934139E+01-1.703787548E+01-1.680821860E+01
-1.656085347E+01-1.629634711E+01-1.601535356E+01-1.571861647E+01-1.540697146E+01
-1.508135002E+01-1.474278293E+01-1.439240436E+01-1.403145584E+01-1.366128640E+01
-1.328332849E+01-1.289894291E+01-1.250865501E+01-1.211097093E+01-1.170971196E+01
-1.131186808E+01-1.091723373E+01-1.052563672E+01-1.013694181E+01-9.751051412E+00
-9.367906315E+00-8.987485478E+00-8.609806432E+00-8.234925519E+00-7.862938518E+00
-7.493980648E+00-7.128227234E+00-6.765893673E+00-6.407235547E+00-6.052548114E+00
-5.702165795E+00-5.356461029E+00-5.015842704E+00-4.680753823E+00-4.351668910E+00
-4.029090424E+00-3.713544557E+00-3.405576370E+00-3.105744012E+00-2.814612429E+00
-2.532746364E+00-2.260702813E+00-1.999023113E+00-1.748224788E+00-1.508793323E+00
-7.578741454E+00-7.775584101E+00-7.941381422E+00-8.075021454E+00-8.180773023E+00
-8.271178240E+00-8.352775800E+00-8.429166202E+00-8.502989587E+00-8.576102565E+00
-8.649813662E+00-8.725067436E+00-8.802566374E+00-8.882849104E+00-8.966340782E+00
-9.053386546E+00-9.144274246E+00-9.239250246E+00-9.338530965E+00-9.442311430E+00
-9.550771498E+00-9.664081058E+00-9.782403894E+00-9.905900872E+00-1.003473274E+01
-1.016906238E+01-1.030905679E+01-1.045488899E+01-1.060673958E+01-1.076479827E+01
-1.092926551E+01-1.110035399E+01-1.127828986E+01-1.146331423E+01-1.165568452E+01
-1.185567524E+01-1.206357890E+01-1.228019054E+01-1.250641071E+01-1.274133014E+01
-1.298262579E+01-1.322833557E+01-1.347709965E+01-1.372786368E+01-1.397969629E+01
-1.423171629E+01-1.448306666E+01-1.473290610E+01-1.498040610E+01-1.522475038E+01
-1.546513492E+01-1.570076803E+01-1.593087154E+01-1.615468055E+01-1.637144443E+01
-1.658042751E+01-1.678090935E+01-1.697218575E+01-1.715356933E+01-1.732439044E+01
-1.748399811E+01-1.763176091E+01-1.776706855E+01-1.788932560E+01-1.799794200E+01
-1.809233446E+01-1.817192628E+01-1.823614843E+01-1.828444274E+01-1.831626608E+01
-1.833109729E+01-1.832844619E+01-1.830785667E+01-1.826891767E+01-1.821127752E+01
-1.813465064E+01-1.803882748E+01-1.792368239E+01-1.778918003E+01-1.763537922E+01
-1.746243665E+01-1.727059569E+01-1.706017599E+01-1.683157608E+01-1.658527594E+01
-1.632183927E+01-1.604191620E+01-1.574624533E+01-1.543565752E+01-1.511107795E+01
-1.477353021E+01-1.442414016E+01-1.406413954E+01-1.369486624E+01-1.331774347E+01
-1.293414532E+01-1.254472094E+01-1.214802901E+01-1.174710726E+01-1.134965556E+01
-1.095547923E+01-1.056441304E+01-1.017632428E+01-9.791114746E+00-9.408721860E+00
-9.029119777E+00-8.652320241E+00-8.278373286E+00-7.907367720E+00-7.539431787E+00
-7.174733524E+00-6.813480880E+00-6.455921992E+00-6.102344593E+00-5.753075577E+00
-5.408479979E+00-5.068959316E+00-4.734949540E+00-4.406918359E+00-4.085361810E+00
-3.770800097E+00-3.463772724E+00-3.164832944E+00-2.874541383E+00-2.593459075E+00
-2.322139941E+00-2.061122818E+00-1.810923263E+00-1.572025260E+00-7.310069889E+00
-7.496755377E+00-7.659570808E+00-7.797743405E+00-7.913804134E+00-8.019256702E+00
-8.117897145E+00-8.211583726E+00-8.302018532E+00-8.390651927E+00-8.478672270E+00
-8.567038419E+00-8.656523547E+00-8.747755635E+00-8.841251288E+00-8.937441493E+00
-9.036692268E+00-9.139319715E+00-9.245602149E+00-9.355789242E+00-9.470109274E+00
-9.588774923E+00-9.711987990E+00-9.839943108E+00-9.972831087E+00-1.011084160E+01
-1.025416556E+01-1.040299722E+01-1.055753622E+01-1.071798923E+01-1.088457178E+01
-1.105751009E+01-1.123704246E+01-1.142342122E+01-1.161691344E+01-1.181780112E+01
-1.202637650E+01-1.224315429E+01-1.246926355E+01-1.270416245E+01-1.294561219E+01
-1.319155608E+01-1.344056865E+01-1.369157038E+01-1.394362276E+01-1.419584432E+01
-1.444738046E+01-1.469739314E+01-1.494505767E+01-1.518956160E+01-1.543010507E+01
-1.566590074E+01-1.589617414E+01-1.612016467E+01-1.633712562E+01-1.654632501E+01
-1.674704615E+01-1.693858822E+01-1.712026698E+01-1.729141562E+01-1.745138536E+01
-1.759954649E+01-1.773528914E+01-1.785802059E+01-1.796715360E+01-1.806210797E+01
-1.814231020E+01-1.820719493E+01-1.825620764E+01-1.828880920E+01-1.830448169E+01
-1.830273611E+01-1.828311971E+01-1.824522609E+01-1.818870468E+01-1.811327089E+01
-1.801871516E+01-1.790491083E+01-1.777182061E+01-1.761950019E+01-1.744810246E+01
-1.725786462E+01-1.704910040E+01-1.682220245E+01-1.657764459E+01-1.631598408E+01
-1.603786395E+01-1.574401553E+01-1.543526144E+01-1.511251807E+01-1.477679947E+01
-1.442922088E+01-1.407100237E+01-1.370346894E+01-1.332803077E+01-1.294605500E+01
-1.255822147E+01-1.216312447E+01-1.176345679E+01-1.136721673E+01-1.097420741E+01
-1.058426138E+01-1.019724243E+01-9.813047544E+00-9.431608158E+00-9.052891613E+00
-8.676902163E+00-8.303681967E+00-7.933311950E+00-7.565912634E+00-7.201644610E+00
-6.840709170E+00-6.483348460E+00-6.129845683E+00-5.780524503E+00-5.435748496E+00
-5.095919809E+00-4.761477430E+00-4.432894818E+00-4.110676441E+00-3.795354086E+00
-3.487481915E+00-3.187630795E+00-2.896381821E+00-2.614318985E+00-2.342021187E+00
-2.080053651E+00-1.828958970E+00-1.589247984E+00-7.083878486E+00-7.264301547E+00
-7.424776388E+00-7.564228947E+00-7.683491888E+00-7.796731594E+00-7.905165107E+00
-8.009731665E+00-8.111465182E+00-8.211352453E+00-8.310289926E+00-8.409068581E+00
-8.508375185E+00-8.608802461E+00-8.710861850E+00-8.814996947E+00-8.921595599E+00
-9.031000499E+00-9.143518254E+00-9.259426784E+00-9.378981751E+00-9.502421719E+00
-9.629972522E+00-9.761851093E+00-9.898268494E+00-1.003943267E+01-1.018555095E+01
-1.033683218E+01-1.049348869E+01-1.065573807E+01-1.082380522E+01-1.099792421E+01
-1.117834037E+01-1.136531336E+01-1.155912140E+01-1.176006952E+01-1.196850646E+01
-1.218427357E+01-1.240898010E+01-1.264258911E+01-1.288310871E+01-1.312834117E+01
-1.337673526E+01-1.362715761E+01-1.387865214E+01-1.413033342E+01-1.438134787E+01
-1.463086042E+01-1.487805011E+01-1.512210851E+01-1.536223979E+01-1.559766062E+01
-1.582760094E+01-1.605130393E+01-1.626802695E+01-1.647704175E+01-1.667763501E+01
-1.686910916E+01-1.705078267E+01-1.722199088E+01-1.738208643E+01-1.753043982E+01
-1.766643979E+01-1.778949353E+01-1.789901729E+01-1.799443409E+01-1.807517444E+01
-1.814067774E+01-1.819039487E+01-1.822379244E+01-1.824035856E+01-1.823960977E+01
-1.822109947E+01-1.818442651E+01-1.812924503E+01-1.805527370E+01-1.796230489E+01
-1.785021226E+01-1.771895682E+01-1.756859033E+01-1.739925976E+01-1.721119124E+01
-1.700468857E+01-1.678013500E+01-1.653799503E+01-1.627881639E+01-1.600323231E+01
-1.571196407E+01-1.540582329E+01-1.508571529E+01-1.475264231E+01-1.440770725E+01
-1.405211706E+01-1.368718280E+01-1.331429801E+01-1.293480392E+01-1.254932450E+01
-1.215642010E+01-1.175893758E+01-1.136473517E+01-1.097360898E+01-1.058538343E+01
-1.019991358E+01-9.817087028E+00-9.436825521E+00-9.059086352E+00-8.683863612E+00
-8.311189370E+00-7.941134705E+00-7.573810838E+00-7.209370088E+00-6.848006694E+00
-6.489957719E+00-6.135503372E+00-5.784967395E+00-5.438716912E+00-5.097161633E+00
-4.760752799E+00-4.429981206E+00-4.105374409E+00-3.787493086E+00-3.476926367E+00
-3.174286026E+00-2.880199611E+00-2.595302486E+00-2.320228831E+00-2.055601821E+00
-1.802023124E+00-1.560062033E+00-6.882360845E+00-7.058050759E+00-7.216075875E+00
-7.355829917E+00-7.479760484E+00-7.597363614E+00-7.711567182E+00-7.822999252E+00
-7.932296592E+00-8.040111498E+00-8.147079833E+00-8.253800898E+00-8.360827031E+00
-8.468660455E+00-8.577754811E+00-8.688518866E+00-8.801322068E+00-8.916499703E+00
-9.034358377E+00-9.155180935E+00-9.279230921E+00-9.406756587E+00-9.537994212E+00
-9.673171286E+00-9.812509194E+00-9.956225537E+00-1.010453634E+01-1.025765787E+01
-1.041580855E+01-1.057921060E+01-1.074809150E+01-1.092268560E+01-1.110323537E+01
-1.128999257E+01-1.148321856E+01-1.168318257E+01-1.189015409E+01-1.210438038E+01
-1.232670085E+01-1.255774762E+01-1.279615593E+01-1.303965916E+01-1.328651715E+01
-1.353550242E+01-1.378562499E+01-1.403598982E+01-1.428574243E+01-1.453405004E+01
-1.478009498E+01-1.502307290E+01-1.526219185E+01-1.549667277E+01-1.572574962E+01
-1.594866974E+01-1.616469418E+01-1.637309829E+01-1.657317211E+01-1.676422102E+01
-1.694556591E+01-1.711654391E+01-1.727650857E+01-1.742483029E+01-1.756089621E+01
-1.768410999E+01-1.779389087E+01-1.788966534E+01-1.797086863E+01-1.803694601E+01
-1.808735515E+01-1.812157038E+01-1.813908798E+01-1.813943308E+01-1.812216731E+01
-1.808689737E+01-1.803328425E+01-1.796105200E+01-1.786999646E+01-1.775999226E+01
-1.763099853E+01-1.748306474E+01-1.731632511E+01-1.713099216E+01-1.692735712E+01
-1.670579103E+01-1.646674638E+01-1.621075864E+01-1.593844836E+01-1.565052398E+01
-1.534778387E+01-1.503111944E+01-1.470151891E+01-1.436007080E+01-1.400796760E+01
-1.364650480E+01-1.327705499E+01-1.290091212E+01-1.251855280E+01-1.212846946E+01
-1.173411804E+01-1.134280049E+01-1.095429863E+01-1.056842151E+01-1.018500929E+01
-9.803935253E+00-9.425107287E+00-9.048469050E+00-8.674001238E+00-8.301722604E+00
-7.931691460E+00-7.564006972E+00-7.198810703E+00-6.836288104E+00-6.476669819E+00
-6.120233179E+00-5.767303070E+00-5.418252995E+00-5.073505198E+00-4.733530537E+00
-4.398847350E+00-4.070019714E+00-3.747654268E+00-3.432395818E+00-3.124921694E+00
-2.825934331E+00-2.536152364E+00-2.256300163E+00-1.987095952E+00-1.729238772E+00
-1.483394718E+00-6.704740132E+00-6.876800236E+00-7.032647047E+00-7.171740483E+00
-7.296183869E+00-7.415996272E+00-7.533608542E+00-7.649384967E+00-7.763724620E+00
-7.877057466E+00-7.989824223E+00-8.102461396E+00-8.215390597E+00-8.329012514E+00
-8.443703806E+00-8.559816581E+00-8.677679313E+00-8.797598842E+00-8.919862545E+00
-9.044741057E+00-9.172490786E+00-9.303356522E+00-9.437573516E+00-9.575369929E+00
-9.716968564E+00-9.862588835E+00-1.001244838E+01-1.016676465E+01-1.032575619E+01
-1.048964423E+01-1.065865369E+01-1.083301451E+01-1.101296257E+01-1.119874090E+01
-1.139060021E+01-1.158880016E+01-1.179361158E+01-1.200532326E+01-1.222419279E+01
-1.245130184E+01-1.268619940E+01-1.292680151E+01-1.317111730E+01-1.341775055E+01
-1.366564325E+01-1.391387749E+01-1.416159308E+01-1.440795756E+01-1.465215594E+01
-1.489338744E+01-1.513086412E+01-1.536381096E+01-1.559146580E+01-1.581308004E+01
-1.602791848E+01-1.623525992E+01-1.643439757E+01-1.662463959E+01-1.680530917E+01
-1.697574500E+01-1.713530156E+01-1.728334926E+01-1.741927429E+01-1.754247849E+01
-1.765237844E+01-1.774840455E+01-1.782999790E+01-1.789661024E+01-1.794770732E+01
-1.798277275E+01-1.800131280E+01-1.800286312E+01-1.798699568E+01-1.795332711E+01
-1.790152695E+01-1.783132616E+01-1.774252496E+01-1.763499933E+01-1.750870820E+01
-1.736369251E+01-1.720007191E+01-1.701804444E+01-1.681788694E+01-1.659995629E+01
-1.636469038E+01-1.611260990E+01-1.584432039E+01-1.556051452E+01-1.526197457E+01
-1.494957550E+01-1.462428867E+01-1.428718539E+01-1.393944081E+01-1.358233158E+01
-1.321720198E+01-1.284526809E+01-1.246675315E+01-1.208018922E+01-1.168993619E+01
-1.130239501E+01-1.091730706E+01-1.053445296E+01-1.015365106E+01-9.774756111E+00
-9.397658834E+00-9.022286022E+00-8.648601230E+00-8.276606113E+00-7.906341961E+00
-7.537891592E+00-7.171381359E+00-6.806983476E+00-6.444918460E+00-6.085457456E+00
-5.728924564E+00-5.375699039E+00-5.026217228E+00-4.680973670E+00-4.340521846E+00
-4.005473506E+00-3.676497044E+00-3.354313874E+00-3.039693172E+00-2.733444158E+00
-2.436406095E+00-2.149435791E+00-1.873392742E+00-1.609122259E+00-1.357437034E+00
-6.545243140E+00-6.713880082E+00-6.868007787E+00-7.005618078E+00-7.127831981E+00
-7.248607221E+00-7.368179012E+00-7.486684976E+00-7.604374035E+00-7.721525926E+00
-7.838439215E+00-7.955421847E+00-8.072783696E+00-8.190830935E+00-8.309862484E+00
-8.430167691E+00-8.552025307E+00-8.675703324E+00-8.801459374E+00-8.929541476E+00
-9.060189255E+00-9.193634812E+00-9.330104259E+00-9.469818745E+00-9.612995791E+00
-9.759850322E+00-9.910595919E+00-1.006544593E+01-1.022461425E+01-1.038831656E+01
-1.055677116E+01-1.073019976E+01-1.090882846E+01-1.109288839E+01-1.128261620E+01
-1.147825442E+01-1.168005037E+01-1.188825201E+01-1.210309392E+01-1.232518367E+01
-1.255504889E+01-1.279137362E+01-1.303201480E+01-1.327530826E+01-1.352006340E+01
-1.376531284E+01-1.401018026E+01-1.425382977E+01-1.449544755E+01-1.473423563E+01
-1.496940978E+01-1.520019891E+01-1.542584495E+01-1.564560301E+01-1.585874153E+01
-1.606454274E+01-1.626230311E+01-1.645133332E+01-1.663095879E+01-1.680052000E+01
-1.695937246E+01-1.710688708E+01-1.724244999E+01-1.736546260E+01-1.747534115E+01
-1.757151635E+01-1.765343316E+01-1.772055123E+01-1.777234568E+01-1.780831024E+01
-1.782796261E+01-1.783085018E+01-1.781655689E+01-1.778471050E+01-1.773499034E+01
-1.766713487E+01-1.758094951E+01-1.747631294E+01-1.735317831E+01-1.721157519E+01
-1.705160966E+01-1.687346521E+01-1.667740350E+01-1.646376539E+01-1.623297244E+01
-1.598552839E+01-1.572202103E+01-1.544312474E+01-1.514960279E+01-1.484231073E+01
-1.452219946E+01-1.419031921E+01-1.384782237E+01-1.349595793E+01-1.313602126E+01
-1.276908689E+01-1.239497395E+01-1.201260210E+01-1.162761821E+01-1.124488046E+01
-1.086408828E+01-1.048499993E+01-1.010741737E+01-9.731179705E+00-9.356160659E+00
-8.982268233E+00-8.609445496E+00-8.237672157E+00-7.866966695E+00-7.497388917E+00
-7.129042798E+00-6.762079828E+00-6.396702599E+00-6.033168583E+00-5.671794196E+00
-5.312958891E+00-4.957108984E+00-4.604761668E+00-4.256507616E+00-3.913013395E+00
-3.575021808E+00-3.243350490E+00-2.918887874E+00-2.602585913E+00-2.295449183E+00
-1.998519941E+00-1.712859199E+00-1.439524083E+00-1.179542245E+00-6.392508551E+00
-6.558269665E+00-6.709780120E+00-6.846533045E+00-6.970815052E+00-7.092034282E+00
-7.212663587E+00-7.332862417E+00-7.452776784E+00-7.572576933E+00-7.692453083E+00
-7.812610780E+00-7.933266522E+00-8.054643743E+00-8.176969973E+00-8.300474004E+00
-8.425384192E+00-8.551927006E+00-8.680326429E+00-8.810803294E+00-8.943575321E+00
-9.078857197E+00-9.216860692E+00-9.357795372E+00-9.501868790E+00-9.649287202E+00
-9.800256075E+00-9.954980718E+00-1.011366687E+01-1.027652127E+01-1.044375229E+01
-1.061557064E+01-1.079218986E+01-1.097382729E+01-1.116070497E+01-1.135305161E+01
-1.155110594E+01-1.175512433E+01-1.196539888E+01-1.218157209E+01-1.240496177E+01
-1.263537516E+01-1.287099901E+01-1.310985214E+01-1.335049829E+01-1.359186407E+01
-1.383303513E+01-1.407316393E+01-1.431143478E+01-1.454705154E+01-1.477923328E+01
-1.500721258E+01-1.523023522E+01-1.544756015E+01-1.565845953E+01-1.586221903E+01
-1.605813816E+01-1.624553051E+01-1.642372373E+01-1.659206037E+01-1.674989739E+01
-1.689660690E+01-1.703157586E+01-1.715420653E+01-1.726391630E+01-1.736013803E+01
-1.744232027E+01-1.750992847E+01-1.756244629E+01-1.759937853E+01-1.762025512E+01
-1.762463615E+01-1.761211807E+01-1.758234057E+01-1.753499343E+01-1.746982310E+01
-1.738663881E+01-1.728531694E+01-1.716580432E+01-1.702812028E+01-1.687235825E+01
-1.669868727E+01-1.650735303E+01-1.629867939E+01-1.607306983E+01-1.583100913E+01
-1.557306550E+01-1.529989265E+01-1.501223228E+01-1.471091736E+01-1.439687534E+01
-1.407113105E+01-1.373480744E+01-1.338911177E+01-1.303525235E+01-1.267404167E+01
-1.230470328E+01-1.192713944E+01-1.154892311E+01-1.117215340E+01-1.079660628E+01
-1.042207228E+01-1.004836152E+01-9.675307118E+00-9.302767976E+00-8.930631140E+00
-8.558814502E+00-8.187269127E+00-7.815982565E+00-7.444982121E+00-7.074338713E+00
-6.704171286E+00-6.334651898E+00-5.966011073E+00-5.598543951E+00-5.232616866E+00
-4.868674240E+00-4.507245640E+00-4.148952627E+00-3.794515059E+00-3.444755847E+00
-3.100603627E+00-2.763092171E+00-2.433355315E+00-2.112616375E+00-1.802170923E+00
-1.503362590E+00-1.217551954E+00-9.460796717E-01-6.251820708E+00-6.414682552E+00
-6.563978337E+00-6.699228142E+00-6.822602194E+00-6.943712761E+00-7.064864303E+00
-7.186127857E+00-7.307562207E+00-7.429246111E+00-7.551279014E+00-7.673779862E+00
-7.796885408E+00-7.920747538E+00-8.045530743E+00-8.171409404E+00-8.298565466E+00
-8.427186234E+00-8.557462872E+00-8.689588910E+00-8.823759294E+00-8.960169643E+00
-9.099015651E+00-9.240493094E+00-9.384797392E+00-9.532123649E+00-9.682666932E+00
-9.836622187E+00-9.994184559E+00-1.015554959E+01-1.032091352E+01-1.049047338E+01
-1.066442749E+01-1.084297546E+01-1.102631852E+01-1.121465925E+01-1.140820110E+01
-1.160714582E+01-1.181168570E+01-1.202198188E+01-1.223827525E+01-1.246124659E+01
-1.269024968E+01-1.292337168E+01-1.315883609E+01-1.339536017E+01-1.363194415E+01
-1.386771066E+01-1.410183565E+01-1.433352242E+01-1.456199236E+01-1.478648156E+01
-1.500623962E+01-1.522052934E+01-1.542862666E+01-1.562982079E+01-1.582341450E+01
-1.600872436E+01-1.618508083E+01-1.635182866E+01-1.650832725E+01-1.665395040E+01
-1.678808710E+01-1.691014159E+01-1.701953389E+01-1.711570010E+01-1.719809348E+01
-1.726618574E+01-1.731946881E+01-1.735745766E+01-1.737969375E+01-1.738574969E+01
-1.737523435E+01-1.734779870E+01-1.730314166E+01-1.724101578E+01-1.716123240E+01
-1.706366586E+01-1.694825687E+01-1.681501548E+01-1.666402293E+01-1.649543382E+01
-1.630947745E+01-1.610645996E+01-1.588676561E+01-1.565085867E+01-1.539928602E+01
-1.513267873E+01-1.485175527E+01-1.455732418E+01-1.425028723E+01-1.393164216E+01
-1.360247924E+01-1.326395475E+01-1.291715004E+01-1.256247781E+01-1.219862391E+01
-1.182736268E+01-1.145682144E+01-1.108689565E+01-1.071741231E+01-1.034817723E+01
-9.978996750E+00-9.609689093E+00-9.240090237E+00-8.870058462E+00-8.499477541E+00
-8.128260243E+00-7.756351923E+00-7.383734495E+00-7.010431166E+00-6.636511909E+00
-6.262099650E+00-5.887377516E+00-5.512597307E+00-5.138088875E+00-4.764270559E+00
-4.391661129E+00-4.020891761E+00-3.652719074E+00-3.288037106E+00-2.927887877E+00
-2.573468458E+00-2.226132443E+00-1.887383279E+00-1.558856811E+00-1.242291202E+00
-9.394834777E-01-6.522342185E-01-6.121373393E+00-6.280082046E+00-6.428224025E+00
-6.560771831E+00-6.680701721E+00-6.801440911E+00-6.922890312E+00-7.044931764E+00
-7.167530952E+00-7.290675307E+00-7.414378106E+00-7.538679774E+00-7.663646894E+00
-7.789369967E+00-7.915960257E+00-8.043546322E+00-8.172270946E+00-8.302288259E+00
-8.433761097E+00-8.566858956E+00-8.701756217E+00-8.838630924E+00-8.977663409E+00
-9.119035735E+00-9.262930911E+00-9.409532459E+00-9.559024098E+00-9.711589585E+00
-9.867412481E+00-1.002667599E+01-1.018956313E+01-1.035625635E+01-1.052693764E+01
-1.070178831E+01-1.088098882E+01-1.106471814E+01-1.125315307E+01-1.144646728E+01
-1.164482980E+01-1.184840518E+01-1.205736159E+01-1.227196576E+01-1.249258552E+01
-1.271832289E+01-1.294731018E+01-1.317792009E+01-1.340896102E+01-1.363947889E+01
-1.386862295E+01-1.409558922E+01-1.431959897E+01-1.453989085E+01-1.475571790E+01
-1.496634676E+01-1.517105716E+01-1.536914207E+01-1.555990789E+01-1.574267454E+01
-1.591677572E+01-1.608155922E+01-1.623638717E+01-1.638063635E+01-1.651369867E+01
-1.663498165E+01-1.674390899E+01-1.683992135E+01-1.692247761E+01-1.699105629E+01
-1.704515760E+01-1.708430617E+01-1.710805413E+01-1.711598519E+01-1.710771919E+01
-1.708291679E+01-1.704128458E+01-1.698258010E+01-1.690661607E+01-1.681326482E+01
-1.670246144E+01-1.657420713E+01-1.642857137E+01-1.626569440E+01-1.608578920E+01
-1.588914343E+01-1.567612126E+01-1.544716576E+01-1.520280076E+01-1.494363343E+01
-1.467035736E+01-1.438375509E+01-1.408470144E+01-1.377416493E+01-1.345319949E+01
-1.312289391E+01-1.278413456E+01-1.243677625E+01-1.207964768E+01-1.171684381E+01
-1.135441514E+01-1.099200936E+01-1.062933700E+01-1.026614092E+01-9.902185092E+00
-9.537250985E+00-9.171137581E+00-8.803662579E+00-8.434664600E+00-8.064006141E+00
-7.691576726E+00-7.317297400E+00-6.941125532E+00-6.563060768E+00-6.183152436E+00
-5.801508252E+00-5.418304411E+00-5.033798229E+00-4.648342408E+00-4.262402173E+00
-3.876574702E+00-3.491610827E+00-3.108438872E+00-2.728188834E+00-2.352215069E+00
-1.982113652E+00-1.619729408E+00-1.267146075E+00-9.266532000E-01-6.006855182E-01
-2.917356139E-01-5.987360684E+00-6.144091378E+00-6.288721074E+00-6.420810076E+00
-6.542489528E+00-6.663199169E+00-6.785069038E+00-6.907958046E+00-7.031712183E+00
-7.156213210E+00-7.281385601E+00-7.407196928E+00-7.533654285E+00-7.660799355E+00
-7.788702978E+00-7.917459988E+00-8.047184762E+00-8.178007197E+00-8.310069329E+00
-8.443522648E+00-8.578525893E+00-8.715242925E+00-8.853841545E+00-8.994492038E+00
-9.137366459E+00-9.282637496E+00-9.430478307E+00-9.581061540E+00-9.734559292E+00
-9.891142672E+00-1.005098129E+01-1.021424324E+01-1.038109457E+01-1.055169903E+01
-1.072621768E+01-1.090480836E+01-1.108762505E+01-1.127481752E+01-1.146653063E+01
-1.166290454E+01-1.186407519E+01-1.207017382E+01-1.228135211E+01-1.249782239E+01
-1.271863257E+01-1.294201370E+01-1.316643242E+01-1.339074664E+01-1.361402948E+01
-1.383544979E+01-1.405422110E+01-1.426958162E+01-1.448078682E+01-1.468710663E+01
-1.488782483E+01-1.508223831E+01-1.526965742E+01-1.544940584E+01-1.562082110E+01
-1.578325467E+01-1.593607247E+01-1.607865495E+01-1.621039802E+01-1.633071355E+01
-1.643902997E+01-1.653479348E+01-1.661746928E+01-1.668654317E+01-1.674152368E+01
-1.678194437E+01-1.680736719E+01-1.681738558E+01-1.681162872E+01-1.678976543E+01
-1.675150866E+01-1.669661968E+01-1.662491231E+01-1.653625649E+01-1.643058211E+01
-1.630788155E+01-1.616821300E+01-1.601170263E+01-1.583854683E+01-1.564901463E+01
-1.544344967E+01-1.522227260E+01-1.498598342E+01-1.473516415E+01-1.447048180E+01
-1.419269093E+01-1.390263610E+01-1.360124971E+01-1.328953063E+01-1.296844081E+01
-1.263849069E+01-1.229879848E+01-1.194952269E+01-1.159698456E+01-1.124397183E+01
-1.089015965E+01-1.053525088E+01-1.017896632E+01-9.821040268E+00-9.461218840E+00
-9.099259611E+00-8.734932646E+00-8.368022156E+00-7.998328742E+00-7.625672427E+00
-7.249896482E+00-6.870872111E+00-6.488504361E+00-6.102739728E+00-5.713575061E+00
-5.321069300E+00-4.925357585E+00-4.526669102E+00-4.125348711E+00-3.721883997E+00
-3.316937755E+00-2.911387082E+00-2.506368830E+00-2.103330164E+00-1.704080292E+00
-1.310835162E+00-9.262409620E-01-5.533567385E-01-1.955762972E-01 1.435191315E-01
-5.858452538E+00-6.011543611E+00-6.153656957E+00-6.284386411E+00-6.405827655E+00
-6.527024428E+00-6.649933057E+00-6.774194774E+00-6.899481934E+00-7.025553769E+00
-7.152251934E+00-7.279488095E+00-7.407230969E+00-7.535494544E+00-7.664328776E+00
-7.793811796E+00-7.924044031E+00-8.055143207E+00-8.187240562E+00-8.320477658E+00
-8.455003857E+00-8.590974274E+00-8.728548081E+00-8.867887131E+00-9.009154892E+00
-9.152515302E+00-9.298132264E+00-9.446168771E+00-9.596786400E+00-9.750144796E+00
-9.906401281E+00-1.006571030E+01-1.022822295E+01-1.039408666E+01-1.056344460E+01
-1.073643508E+01-1.091319118E+01-1.109383992E+01-1.127850186E+01-1.146729024E+01
-1.166031026E+01-1.185765738E+01-1.205941476E+01-1.226557473E+01-1.247626455E+01
-1.269064427E+01-1.290708133E+01-1.312409567E+01-1.334056189E+01-1.355556442E+01
-1.376828527E+01-1.397795276E+01-1.418382102E+01-1.438516227E+01-1.458126362E+01
-1.477142605E+01-1.495496417E+01-1.513120599E+01-1.529949342E+01-1.545918233E+01
-1.560964307E+01-1.575026090E+01-1.588043656E+01-1.599958713E+01-1.610714681E+01
-1.620256798E+01-1.628532277E+01-1.635490448E+01-1.641082966E+01-1.645264063E+01
-1.647990800E+01-1.649223389E+01-1.648925539E+01-1.647064816E+01-1.643613031E+01
-1.638546594E+01-1.631846922E+01-1.623500772E+01-1.613500576E+01-1.601844738E+01
-1.588537950E+01-1.573591422E+01-1.557023148E+01-1.538858148E+01-1.519128693E+01
-1.497874550E+01-1.475143260E+01-1.450990395E+01-1.425479844E+01-1.398684055E+01
-1.370684069E+01-1.341568485E+01-1.311428471E+01-1.280337218E+01-1.248284257E+01
-1.215148838E+01-1.181192729E+01-1.147100981E+01-1.112859897E+01-1.078446171E+01
-1.043832737E+01-1.008991155E+01-9.738925671E+00-9.385081224E+00-9.028091734E+00
-8.667674314E+00-8.303551083E+00-7.935450894E+00-7.563111467E+00-7.186282342E+00
-6.804728619E+00-6.418235770E+00-6.026616177E+00-5.629717088E+00-5.227431810E+00
-4.819713261E+00-4.406592646E+00-3.988202976E+00-3.564810514E+00-3.136855426E+00
-2.705005410E+00-2.270225498E+00-1.833868053E+00-1.397785245E+00-9.644606614E-01
-5.371414846E-01-1.199235315E-01 2.822939793E-01 6.640669788E-01-5.730273790E+00
-5.878389490E+00-6.018287969E+00-6.147864168E+00-6.267837634E+00-6.391031908E+00
-6.516448101E+00-6.643225103E+00-6.770840048E+00-6.898970375E+00-7.027430039E+00
-7.156126965E+00-7.285034835E+00-7.414175200E+00-7.543604795E+00-7.673407106E+00
-7.803686029E+00-7.934561023E+00-8.066163603E+00-8.198634384E+00-8.332120601E+00
-8.466774374E+00-8.602751016E+00-8.740207690E+00-8.879302426E+00-9.020192899E+00
-9.163035840E+00-9.307986324E+00-9.455196945E+00-9.604817380E+00-9.756993760E+00
-9.911868278E+00-1.006957848E+01-1.023025685E+01-1.039403028E+01-1.056101935E+01
-1.073133789E+01-1.090509216E+01-1.108238034E+01-1.126329164E+01-1.144790563E+01
-1.163629108E+01-1.182850487E+01-1.202459018E+01-1.222427552E+01-1.242769248E+01
-1.263425953E+01-1.284253354E+01-1.305105448E+01-1.325867967E+01-1.346448749E+01
-1.366766596E+01-1.386745579E+01-1.406312639E+01-1.425396672E+01-1.443928128E+01
-1.461838895E+01-1.479062245E+01-1.495532865E+01-1.511186838E+01-1.525961731E+01
-1.539796614E+01-1.552632144E+01-1.564410624E+01-1.575076115E+01-1.584574546E+01
-1.592853844E+01-1.599864108E+01-1.605557800E+01-1.609889949E+01-1.612818434E+01
-1.614304226E+01-1.614311727E+01-1.612809077E+01-1.609768477E+01-1.605166573E+01
-1.598984737E+01-1.591209446E+01-1.581832577E+01-1.570851703E+01-1.558270381E+01
-1.544098442E+01-1.528352228E+01-1.511054858E+01-1.492236466E+01-1.471934501E+01
-1.450193955E+01-1.427067668E+01-1.402616562E+01-1.376909776E+01-1.350024197E+01
-1.322041754E+01-1.293038486E+01-1.263046873E+01-1.231986134E+01-1.199860805E+01
-1.167156619E+01-1.134277054E+01-1.101179939E+01-1.067830220E+01-1.034195045E+01
-1.000242018E+01-9.659385341E+00-9.312515619E+00-8.961475609E+00-8.605924663E+00
-8.245517093E+00-7.879902562E+00-7.508726988E+00-7.131633573E+00-6.748264885E+00
-6.358265349E+00-5.961285294E+00-5.556986164E+00-5.145048117E+00-4.725180385E+00
-4.297135659E+00-3.860729935E+00-3.415870036E+00-2.962592493E+00-2.501118391E+00
-2.031932632E+00-1.555900333E+00-1.074440929E+00-5.897910701E-01-1.053931022E-01
 3.735928484E-01 8.398545797E-01 1.284184808E+00-5.588402749E+00-5.728665356E+00
-5.864827766E+00-5.996853256E+00-6.124881657E+00-6.254350257E+00-6.384994490E+00
-6.515976374E+00-6.646915116E+00-6.777636099E+00-6.908073328E+00-7.038225504E+00
-7.168133957E+00-7.297870156E+00-7.427527911E+00-7.557218132E+00-7.687064767E+00
-7.817202129E+00-7.947772213E+00-8.078922765E+00-8.210805710E+00-8.343575570E+00
-8.477388288E+00-8.612400122E+00-8.748766659E+00-8.886642067E+00-9.026178153E+00
-9.167523963E+00-9.310824841E+00-9.456222113E+00-9.603852414E+00-9.753847062E+00
-9.906331663E+00-1.006142544E+01-1.021924059E+01-1.037988190E+01-1.054344584E+01
-1.071001991E+01-1.087968226E+01-1.105250048E+01-1.122853167E+01-1.140782189E+01
-1.159040749E+01-1.177631918E+01-1.196559316E+01-1.215740799E+01-1.235230006E+01
-1.254985201E+01-1.274886678E+01-1.294792213E+01-1.314583691E+01-1.334166672E+01
-1.353459679E+01-1.372387644E+01-1.390878908E+01-1.408864002E+01-1.426275145E+01
-1.443046062E+01-1.459111945E+01-1.474409438E+01-1.488876698E+01-1.502453417E+01
-1.515080884E+01-1.526702086E+01-1.537261779E+01-1.546706623E+01-1.554985302E+01
-1.562048688E+01-1.567850022E+01-1.572345119E+01-1.575492585E+01-1.577254104E+01
-1.577594667E+01-1.576482900E+01-1.573891337E+01-1.569796753E+01-1.564180450E+01
-1.557028577E+01-1.548332444E+01-1.538088772E+01-1.526300009E+01-1.512974593E+01
-1.498127210E+01-1.481779062E+01-1.463958152E+01-1.444699513E+01-1.424045515E+01
-1.402046105E+01-1.378758935E+01-1.354249121E+01-1.328587498E+01-1.301843815E+01
-1.274063581E+01-1.245211054E+01-1.215189868E+01-1.184240960E+01-1.153011731E+01
-1.121493973E+01-1.089664406E+01-1.057493661E+01-1.024949474E+01-9.919977780E+00
-9.586030373E+00-9.247283156E+00-8.903352459E+00-8.553839404E+00-8.198329040E+00
-7.836389313E+00-7.467570089E+00-7.091402082E+00-6.707396231E+00-6.315043102E+00
-5.913812818E+00-5.503155757E+00-5.082504138E+00-4.651275364E+00-4.208877109E+00
-3.754716157E+00-3.288211357E+00-2.808813805E+00-2.316037384E+00-1.809506207E+00
-1.289030522E+00-7.547347839E-01-2.072918074E-01 3.515975861E-01 9.180600683E-01
 1.482958017E+00 2.026646127E+00-5.441599989E+00-5.568634190E+00-5.700908487E+00
-5.838522206E+00-5.980886249E+00-6.121492615E+00-6.259548747E+00-6.395731250E+00
-6.530401256E+00-6.663791457E+00-6.796081435E+00-6.927428432E+00-7.057981377E+00
-7.187887742E+00-7.317296494E+00-7.446359203E+00-7.575230589E+00-7.704068052E+00
-7.833031003E+00-7.962280267E+00-8.091977303E+00-8.222283254E+00-8.353358318E+00
-8.485360878E+00-8.618446839E+00-8.752769068E+00-8.888476652E+00-9.025714345E+00
-9.164622131E+00-9.305334599E+00-9.447980308E+00-9.592681434E+00-9.739553261E+00
-9.888703387E+00-1.004023134E+01-1.019422772E+01-1.035077383E+01-1.050994054E+01
-1.067178766E+01-1.083636289E+01-1.100370049E+01-1.117381971E+01-1.134672177E+01
-1.152238458E+01-1.170075073E+01-1.188169890E+01-1.206522508E+01-1.225087500E+01
-1.243840923E+01-1.262713867E+01-1.281582749E+01-1.300326507E+01-1.318845851E+01
-1.337057267E+01-1.354885643E+01-1.372260313E+01-1.389113259E+01-1.405378428E+01
-1.420991453E+01-1.435889536E+01-1.450011458E+01-1.463297577E+01-1.475689905E+01
-1.487132148E+01-1.497569825E+01-1.506950354E+01-1.515223202E+01-1.522340021E+01
-1.528254825E+01-1.532924172E+01-1.536307376E+01-1.538366745E+01-1.539067815E+01
-1.538379621E+01-1.536274966E+01-1.532730707E+01-1.527728022E+01-1.521252717E+01
-1.513295488E+01-1.503852212E+01-1.492924223E+01-1.480518563E+01-1.466648260E+01
-1.451332597E+01-1.434597375E+01-1.416475172E+01-1.397005570E+01-1.376235324E+01
-1.354218173E+01-1.331013607E+01-1.306682299E+01-1.281271062E+01-1.254773872E+01
-1.227104894E+01-1.198338955E+01-1.168917354E+01-1.139190157E+01-1.109114351E+01
-1.078653482E+01-1.047772486E+01-1.016435764E+01-9.846063540E+00-9.522455395E+00
-9.193126089E+00-8.857646171E+00-8.515561761E+00-8.166392070E+00-7.809626722E+00
-7.444722795E+00-7.071101160E+00-6.688142974E+00-6.295185028E+00-5.891515301E+00
-5.476367517E+00-5.048915474E+00-4.608266662E+00-4.153455603E+00-3.683436141E+00
-3.197073062E+00-2.693132136E+00-2.170267369E+00-1.627002733E+00-1.061702250E+00
-4.725142758E-01 1.427455368E-01 7.868762629E-01 1.464118672E+00 2.183216821E+00
 2.902688908E+00-5.317081311E+00-5.434732744E+00-5.563521037E+00-5.703606073E+00
-5.856265724E+00-6.003988416E+00-6.147394963E+00-6.287524795E+00-6.425018464E+00
-6.560327329E+00-6.693791522E+00-6.825686207E+00-6.956248214E+00-7.085691638E+00
-7.214216902E+00-7.342015920E+00-7.469275090E+00-7.596177027E+00-7.722901038E+00
-7.849623669E+00-7.976518476E+00-8.103755740E+00-8.231502121E+00-8.359920337E+00
-8.489168577E+00-8.619400182E+00-8.750763175E+00-8.883399669E+00-9.017445670E+00
-9.153030408E+00-9.290276098E+00-9.429297197E+00-9.570200160E+00-9.713082776E+00
-9.858033615E+00-1.000513148E+01-1.015444444E+01-1.030602951E+01-1.045993131E+01
-1.061618141E+01-1.077479708E+01-1.093577997E+01-1.109911476E+01-1.126476816E+01
-1.143268898E+01-1.160281419E+01-1.177509162E+01-1.194948294E+01-1.212479734E+01
-1.230145340E+01-1.247896419E+01-1.265644247E+01-1.283271920E+01-1.300673437E+01
-1.317760359E+01-1.334455645E+01-1.350688609E+01-1.366392288E+01-1.381502268E+01
-1.395956152E+01-1.409693313E+01-1.422654821E+01-1.434783419E+01-1.446023599E+01
-1.456321665E+01-1.465625838E+01-1.473886378E+01-1.481055728E+01-1.487088663E+01
-1.491942469E+01-1.495577126E+01-1.497955539E+01-1.499043726E+01-1.498811085E+01
-1.497230637E+01-1.494279269E+01-1.489938022E+01-1.484192308E+01-1.477032220E+01
-1.468452772E+01-1.458454164E+01-1.447042057E+01-1.434227815E+01-1.420028765E+01
-1.404468448E+01-1.387576824E+01-1.369390376E+01-1.349951871E+01-1.329309280E+01
-1.307511952E+01-1.284599417E+01-1.260573437E+01-1.235367380E+01-1.208971162E+01
-1.181684175E+01-1.154013137E+01-1.125937149E+01-1.097428408E+01-1.068455616E+01
-1.038984974E+01-1.008980371E+01-9.784033367E+00-9.472128603E+00-9.153651733E+00
-8.828135129E+00-8.495077987E+00-8.153942823E+00-7.804151176E+00-7.445078925E+00
-7.076050097E+00-6.696330486E+00-6.305119305E+00-5.901540078E+00-5.484629297E+00
-5.053323498E+00-4.606443503E+00-4.142675621E+00-3.660548771E+00-3.158405957E+00
-2.634367893E+00-2.086284634E+00-1.511668316E+00-9.075942167E-01-2.705468646E-01
 4.038311575E-01 1.121157968E+00 1.888973223E+00 2.717025175E+00 3.538202853E+00
-5.229532104E+00-5.342600502E+00-5.468654686E+00-5.608117607E+00-5.758945628E+00
-5.908354292E+00-6.053673159E+00-6.195400038E+00-6.334005357E+00-6.469896069E+00
-6.603422434E+00-6.734890544E+00-6.864574224E+00-6.992724329E+00-7.119575086E+00
-7.245348472E+00-7.370257085E+00-7.494505839E+00-7.618292992E+00-7.741810694E+00
-7.865245146E+00-7.988776637E+00-8.112579471E+00-8.236821803E+00-8.361665171E+00
-8.487264649E+00-8.613768181E+00-8.741316423E+00-8.870042545E+00-9.000071716E+00
-9.131520757E+00-9.264497936E+00-9.399102343E+00-9.535423491E+00-9.673540851E+00
-9.813523172E+00-9.955427978E+00-1.009930066E+01-1.024517391E+01-1.039306657E+01
-1.054298293E+01-1.069491145E+01-1.084882365E+01-1.100467314E+01-1.116239441E+01
-1.132190133E+01-1.148308362E+01-1.164579279E+01-1.180980946E+01-1.197510468E+01
-1.214065186E+01-1.230649457E+01-1.247206995E+01-1.263656005E+01-1.279894335E+01
-1.295826025E+01-1.311368781E+01-1.326449960E+01-1.341002945E+01-1.354964827E+01
-1.368275236E+01-1.380875788E+01-1.392709924E+01-1.403722901E+01-1.413861813E+01
-1.423075684E+01-1.431315582E+01-1.438534733E+01-1.444688686E+01-1.449735431E+01
-1.453635603E+01-1.456352652E+01-1.457853050E+01-1.458106517E+01-1.457086250E+01
-1.454769150E+01-1.451136065E+01-1.446172031E+01-1.439866513E+01-1.432213644E+01
-1.423212502E+01-1.412867326E+01-1.401187781E+01-1.388189178E+01-1.373892651E+01
-1.358325195E+01-1.341519374E+01-1.323512122E+01-1.304341217E+01-1.284035709E+01
-1.262594342E+01-1.239960411E+01-1.216089163E+01-1.191158345E+01-1.165769616E+01
-1.139918120E+01-1.113586356E+01-1.086749427E+01-1.059377661E+01-1.031437778E+01
-1.002893361E+01-9.737049441E+00-9.438299249E+00-9.132223600E+00-8.818326772E+00
-8.496073054E+00-8.164882332E+00-7.824124769E+00-7.473114426E+00-7.111101575E+00
-6.737263520E+00-6.350693685E+00-5.950388612E+00-5.535231963E+00-5.103975768E+00
-4.655217454E+00-4.187372029E+00-3.698638618E+00-3.186959125E+00-2.649967763E+00
-2.084928564E+00-1.488657630E+00-8.574260454E-01-1.868396633E-01 5.283042156E-01
 1.294168803E+00 2.117988360E+00 3.007927806E+00 3.880853138E+00-5.165588940E+00
-5.275499136E+00-5.399066796E+00-5.536827789E+00-5.686055729E+00-5.834905948E+00
-5.979919274E+00-6.121294318E+00-6.259342138E+00-6.394376311E+00-6.526701275E+00
-6.656607955E+00-6.784373326E+00-6.910261246E+00-7.034524026E+00-7.157403343E+00
-7.279131492E+00-7.399931672E+00-7.520018687E+00-7.639599028E+00-7.758870991E+00
-7.878024874E+00-7.997242624E+00-8.116698069E+00-8.236556725E+00-8.356975679E+00
-8.478103424E+00-8.600079867E+00-8.723035894E+00-8.847093444E+00-8.972364923E+00
-9.098953361E+00-9.226951621E+00-9.356442442E+00-9.487497609E+00-9.620177796E+00
-9.754531821E+00-9.890596047E+00-1.002839368E+01-1.016793398E+01-1.030921144E+01
-1.045220468E+01-1.059687559E+01-1.074316801E+01-1.089100638E+01-1.104029421E+01
-1.119091176E+01-1.134271377E+01-1.149552952E+01-1.164917541E+01-1.180341328E+01
-1.195816885E+01-1.211219534E+01-1.226559168E+01-1.241787487E+01-1.256823609E+01
-1.271575764E+01-1.285955424E+01-1.299886398E+01-1.313301297E+01-1.326137934E+01
-1.338337324E+01-1.349843011E+01-1.360600713E+01-1.370558176E+01-1.379665145E+01
-1.387873445E+01-1.395137097E+01-1.401412408E+01-1.406658095E+01-1.410835406E+01
-1.413908312E+01-1.415843693E+01-1.416611544E+01-1.416185213E+01-1.414541588E+01
-1.411661335E+01-1.407529082E+01-1.402133658E+01-1.395468299E+01-1.387530896E+01
-1.378324208E+01-1.367856040E+01-1.356139425E+01-1.343192553E+01-1.329038386E+01
-1.313703307E+01-1.297213594E+01-1.279587112E+01-1.260817129E+01-1.240858449E+01
-1.219680186E+01-1.197420055E+01-1.174395962E+01-1.150915858E+01-1.126938886E+01
-1.102432086E+01-1.077364122E+01-1.051702673E+01-1.025413286E+01-9.984588169E+00
-9.707990742E+00-9.423905295E+00-9.131860142E+00-8.831343526E+00-8.521799682E+00
-8.202623870E+00-7.873156312E+00-7.532675017E+00-7.180387233E+00-6.815418888E+00
-6.436801944E+00-6.043459147E+00-5.634185590E+00-5.207626215E+00-4.762248788E+00
-4.296311191E+00-3.807821883E+00-3.294492539E+00-2.753682108E+00-2.182331532E+00
-1.576890307E+00-9.332381298E-01-2.466094083E-01 4.884646685E-01 1.278172900E+00
 2.129368892E+00 3.050887397E+00 3.950411282E+00-5.121424068E+00-5.228350954E+00
-5.349551549E+00-5.485345378E+00-5.635713965E+00-5.783061970E+00-5.926398662E+00
-6.066008582E+00-6.202118196E+00-6.334979660E+00-6.464859903E+00-6.592032276E+00
-6.716770566E+00-6.839345366E+00-6.960021320E+00-7.079055627E+00-7.196696974E+00
-7.313184752E+00-7.428748657E+00-7.543608498E+00-7.657973879E+00-7.772044278E+00
-7.886009087E+00-8.000047454E+00-8.114328521E+00-8.229011341E+00-8.344245002E+00
-8.460168504E+00-8.576910879E+00-8.694590995E+00-8.813317516E+00-8.933188662E+00
-9.054292176E+00-9.176704809E+00-9.300492159E+00-9.425708164E+00-9.552394745E+00
-9.680581216E+00-9.810283689E+00-9.941504333E+00-1.007423078E+01-1.020843508E+01
-1.034407297E+01-1.048108278E+01-1.061938421E+01-1.075887731E+01-1.089944097E+01
-1.104093165E+01-1.118318242E+01-1.132600172E+01-1.146916801E+01-1.161242945E+01
-1.175544587E+01-1.189801900E+01-1.204002294E+01-1.218033349E+01-1.231856089E+01
-1.245403362E+01-1.258608181E+01-1.271396734E+01-1.283698227E+01-1.295447178E+01
-1.306584041E+01-1.317053466E+01-1.326803044E+01-1.335782706E+01-1.343944782E+01
-1.351244016E+01-1.357637505E+01-1.363084704E+01-1.367547453E+01-1.370990157E+01
-1.373379988E+01-1.374687171E+01-1.374885168E+01-1.373950859E+01-1.371864726E+01
-1.368610992E+01-1.364177800E+01-1.358557398E+01-1.351746305E+01-1.343745454E+01
-1.334560274E+01-1.324200524E+01-1.312679672E+01-1.300013216E+01-1.286214888E+01
-1.271289001E+01-1.255219280E+01-1.237966858E+01-1.219520508E+01-1.199994766E+01
-1.179617891E+01-1.158720410E+01-1.137286197E+01-1.115292291E+01-1.092712589E+01
-1.069518607E+01-1.045679375E+01-1.021161220E+01-9.959274603E+00-9.699381697E+00
-9.431498983E+00-9.155153986E+00-8.869832744E+00-8.574975944E+00-8.269974081E+00
-7.954161584E+00-7.626809686E+00-7.287117833E+00-6.934203247E+00-6.567087960E+00
-6.184683647E+00-5.785772440E+00-5.368984230E+00-4.932768382E+00-4.475360008E+00
-3.994738479E+00-3.488577540E+00-2.954186026E+00-2.388438079E+00-1.787694506E+00
-1.147719131E+00-4.635999853E-01 2.703061519E-01 1.060376679E+00 1.913638818E+00
 2.840067423E+00 3.737884198E+00-5.104271104E+00-5.209361278E+00-5.328450311E+00
-5.461984910E+00-5.607923684E+00-5.752684186E+00-5.893361864E+00-6.030101314E+00
-6.163097956E+00-6.292584285E+00-6.418818721E+00-6.542075640E+00-6.662637691E+00
-6.780789297E+00-6.896812046E+00-7.010981179E+00-7.123563076E+00-7.234813869E+00
-7.344978072E+00-7.454288296E+00-7.562964823E+00-7.671215603E+00-7.779236330E+00
-7.887210763E+00-7.995310722E+00-8.103696523E+00-8.212517054E+00-8.321910056E+00
-8.432002237E+00-8.542909312E+00-8.654736122E+00-8.767576556E+00-8.881513431E+00
-8.996618335E+00-9.112951471E+00-9.230561299E+00-9.349484263E+00-9.469744201E+00
-9.591352026E+00-9.714305097E+00-9.838586474E+00-9.964164519E+00-1.009099187E+01
-1.021900471E+01-1.034812195E+01-1.047824418E+01-1.060925290E+01-1.074100949E+01
-1.087335435E+01-1.100610601E+01-1.113906037E+01-1.127199114E+01-1.140465127E+01
-1.153679398E+01-1.166815847E+01-1.179843424E+01-1.192748867E+01-1.205373272E+01
-1.217731406E+01-1.229773758E+01-1.241442779E+01-1.252664414E+01-1.263373099E+01
-1.273508745E+01-1.283015683E+01-1.291841101E+01-1.299936482E+01-1.307256913E+01
-1.313760334E+01-1.319406987E+01-1.324159171E+01-1.327981333E+01-1.330840637E+01
-1.332707372E+01-1.333555097E+01-1.333360737E+01-1.332104611E+01-1.329770483E+01
-1.326345662E+01-1.321821036E+01-1.316191088E+01-1.309453829E+01-1.301610453E+01
-1.292664442E+01-1.282619551E+01-1.271475970E+01-1.259224306E+01-1.245841083E+01
-1.231300501E+01-1.215619284E+01-1.198905480E+01-1.181331064E+01-1.163187742E+01
-1.144464952E+01-1.125148566E+01-1.105220349E+01-1.084658329E+01-1.063437077E+01
-1.041527867E+01-1.018898684E+01-9.955141743E+00-9.713355182E+00-9.463203064E+00
-9.204223077E+00-8.935912291E+00-8.657723844E+00-8.369063005E+00-8.069282209E+00
-7.757674870E+00-7.433468014E+00-7.095813022E+00-6.743774517E+00-6.376316732E+00
-5.992286808E+00-5.590394183E+00-5.169185577E+00-4.727013827E+00-4.261999355E+00
-3.771982022E+00-3.254461113E+00-2.706519333E+00-2.124727479E+00-1.505025391E+00
-8.425783858E-01-1.316190761E-01 6.346872630E-01 1.464262688E+00 2.364476044E+00
 3.207879883E+00-5.108586895E+00-5.212264646E+00-5.329385530E+00-5.460493689E+00
-5.602728464E+00-5.744262011E+00-5.881432646E+00-6.014296710E+00-6.143064634E+00
-6.267990858E+00-6.389360042E+00-6.507475677E+00-6.622650357E+00-6.735198015E+00
-6.845428172E+00-6.953641246E+00-7.060125995E+00-7.165157464E+00-7.268995925E+00
-7.371886597E+00-7.474059456E+00-7.575729541E+00-7.677097434E+00-7.778349611E+00
-7.879659075E+00-7.981185865E+00-8.083077334E+00-8.185468819E+00-8.288483717E+00
-8.392233963E+00-8.496820063E+00-8.602331336E+00-8.708845713E+00-8.816430015E+00
-8.925139559E+00-9.035018077E+00-9.146097484E+00-9.258397519E+00-9.371925390E+00
-9.486675268E+00-9.602627847E+00-9.719749755E+00-9.837993004E+00-9.957294280E+00
-1.007757435E+01-1.019873728E+01-1.032066979E+01-1.044324073E+01-1.056630022E+01
-1.068967939E+01-1.081318985E+01-1.093662386E+01-1.105975447E+01-1.118233597E+01
-1.130409895E+01-1.142474149E+01-1.154392260E+01-1.166118863E+01-1.177625417E+01
-1.188888603E+01-1.199899940E+01-1.210515545E+01-1.220708509E+01-1.230435641E+01
-1.239645950E+01-1.248274718E+01-1.256270199E+01-1.263587068E+01-1.270183932E+01
-1.276021789E+01-1.281062664E+01-1.285269011E+01-1.288606894E+01-1.291046387E+01
-1.292561263E+01-1.293128624E+01-1.292728612E+01-1.291344273E+01-1.288961400E+01
-1.285568303E+01-1.281155402E+01-1.275714566E+01-1.269237972E+01-1.261716488E+01
-1.253137634E+01-1.243484825E+01-1.232741882E+01-1.220907180E+01-1.208024087E+01
-1.194178902E+01-1.179534313E+01-1.164271331E+01-1.148388433E+01-1.131879730E+01
-1.114734832E+01-1.096938912E+01-1.078472974E+01-1.059314098E+01-1.039435646E+01
-1.018807404E+01-9.973956526E+00-9.751631683E+00-9.520692044E+00-9.280693814E+00
-9.031155575E+00-8.771556193E+00-8.501332180E+00-8.219874228E+00-7.926523070E+00
-7.620563885E+00-7.301219996E+00-6.967644557E+00-6.618910819E+00-6.253999919E+00
-5.871786180E+00-5.471018482E+00-5.050297756E+00-4.608047760E+00-4.142478074E+00
-3.651534844E+00-3.132833585E+00-2.583563456E+00-2.000344748E+00-1.379006855E+00
-7.142321990E-01 1.002742730E-03 7.761511093E-01 1.615824791E+00 2.388858240E+00
-5.133263061E+00-5.235365119E+00-5.350634121E+00-5.479366940E+00-5.621045398E+00
-5.758972774E+00-5.891739916E+00-6.019649252E+00-6.142978862E+00-6.262051859E+00
-6.377220393E+00-6.488851153E+00-6.597313584E+00-6.702970910E+00-6.806174176E+00
-6.907258001E+00-7.006538247E+00-7.104311119E+00-7.200852646E+00-7.296419437E+00
-7.391248990E+00-7.485560955E+00-7.579557845E+00-7.673426332E+00-7.767337804E+00
-7.861449543E+00-7.955905315E+00-8.050836045E+00-8.146360403E+00-8.242585200E+00
-8.339605744E+00-8.437506032E+00-8.536358876E+00-8.636226131E+00-8.737158427E+00
-8.839195239E+00-8.942364662E+00-9.046683241E+00-9.152155509E+00-9.258773860E+00
-9.366518084E+00-9.475354769E+00-9.585237070E+00-9.696104154E+00-9.807880494E+00
-9.920475629E+00-1.003378346E+01-1.014768176E+01-1.026203181E+01-1.037667799E+01
-1.049144725E+01-1.060614895E+01-1.072057433E+01-1.083449584E+01-1.094766565E+01
-1.105981388E+01-1.117064846E+01-1.127985775E+01-1.138713773E+01-1.149217944E+01
-1.159464185E+01-1.169406917E+01-1.179013097E+01-1.188260244E+01-1.197144981E+01
-1.205512718E+01-1.213343152E+01-1.220603124E+01-1.227255927E+01-1.233264793E+01
-1.238590843E+01-1.243181025E+01-1.246997719E+01-1.250010983E+01-1.252195516E+01
-1.253528853E+01-1.253990545E+01-1.253561838E+01-1.252225294E+01-1.249964228E+01
-1.246761835E+01-1.242600395E+01-1.237461090E+01-1.231325607E+01-1.224182906E+01
-1.216038661E+01-1.206927682E+01-1.196865038E+01-1.185917184E+01-1.174302570E+01
-1.162006979E+01-1.149048795E+01-1.135435210E+01-1.121165431E+01-1.106232385E+01
-1.090623702E+01-1.074322357E+01-1.057307117E+01-1.039552883E+01-1.021030911E+01
-1.001709001E+01-9.815515866E+00-9.605198409E+00-9.385716654E+00-9.156616998E+00
-8.917412583E+00-8.667582356E+00-8.406569527E+00-8.133779798E+00-7.848578684E+00
-7.550288360E+00-7.238183803E+00-6.911487980E+00-6.569366220E+00-6.210919195E+00
-5.835174966E+00-5.441079171E+00-5.027482928E+00-4.593128181E+00-4.136628471E+00
-3.656442221E+00-3.150833494E+00-2.617807483E+00-2.054992760E+00-1.459395360E+00
-8.267841835E-01-1.496833087E-01 5.803007235E-01 1.240112744E+00-5.187461654E+00
-5.289177758E+00-5.402892106E+00-5.528959095E+00-5.665581648E+00-5.798773355E+00
-5.925997815E+00-6.047611549E+00-6.164025532E+00-6.275693879E+00-6.383088710E+00
-6.486680768E+00-6.586925940E+00-6.684256871E+00-6.779078110E+00-6.871764424E+00
-6.962660634E+00-7.052082841E+00-7.140319840E+00-7.227635331E+00-7.314269924E+00
-7.400442877E+00-7.486354298E+00-7.572186408E+00-7.658105275E+00-7.744261917E+00
-7.830793324E+00-7.917823564E+00-8.005464296E+00-8.093815474E+00-8.182965747E+00
-8.272992850E+00-8.363963761E+00-8.455934939E+00-8.548952246E+00-8.643050983E+00
-8.738255892E+00-8.834580803E+00-8.932028473E+00-9.030590511E+00-9.130246744E+00
-9.230965141E+00-9.332701338E+00-9.435398206E+00-9.538985654E+00-9.643379840E+00
-9.748483213E+00-9.854183799E+00-9.960355048E+00-1.006685536E+01-1.017352781E+01
-1.028019998E+01-1.038668354E+01-1.049277394E+01-1.059825027E+01-1.070287522E+01
-1.080639592E+01-1.090854577E+01-1.100904767E+01-1.110761223E+01-1.120393352E+01
-1.129768786E+01-1.138855776E+01-1.147622622E+01-1.156034396E+01-1.164042760E+01
-1.171611402E+01-1.178709983E+01-1.185314561E+01-1.191412221E+01-1.197011907E+01
-1.201943326E+01-1.206191263E+01-1.209734108E+01-1.212550144E+01-1.214616732E+01
-1.215911193E+01-1.216411882E+01-1.216098528E+01-1.214952192E+01-1.212955219E+01
-1.210090904E+01-1.206341950E+01-1.201689047E+01-1.196122178E+01-1.189655666E+01
-1.182478535E+01-1.174558850E+01-1.165906974E+01-1.156559335E+01-1.146533872E+01
-1.135841727E+01-1.124487218E+01-1.112468474E+01-1.099778111E+01-1.086403809E+01
-1.072328823E+01-1.057532375E+01-1.041989961E+01-1.025673640E+01-1.008552247E+01
-9.905915725E+00-9.717545408E+00-9.520013274E+00-9.312894876E+00-9.095740394E+00
-8.868075578E+00-8.629402541E+00-8.379200110E+00-8.116924535E+00-7.842009967E+00
-7.553869040E+00-7.251893589E+00-6.935455945E+00-6.603910787E+00-6.256598061E+00
-5.892847743E+00-5.511987604E+00-5.113354950E+00-4.696315609E+00-4.260294235E+00
-3.804823988E+00-3.329632125E+00-2.834796961E+00-2.321066218E+00-1.790598280E+00
-1.248992915E+00-7.104711769E-01-1.992027257E-01-5.270784270E+00-5.373067407E+00
-5.485523187E+00-5.608586143E+00-5.739423274E+00-5.866534816E+00-5.986580067E+00
-6.100036784E+00-6.207559938E+00-6.309825858E+00-6.407493651E+00-6.501182715E+00
-6.591461736E+00-6.678845033E+00-6.763793852E+00-6.846720073E+00-6.927990935E+00
-7.007934043E+00-7.086841977E+00-7.164976622E+00-7.242573112E+00-7.319842787E+00
-7.396976061E+00-7.474144873E+00-7.551504457E+00-7.629194993E+00-7.707342916E+00
-7.786062048E+00-7.865454434E+00-7.945610929E+00-8.026611867E+00-8.108527340E+00
-8.191417589E+00-8.275333045E+00-8.360314447E+00-8.446393000E+00-8.533590017E+00
-8.621917201E+00-8.711376009E+00-8.801957853E+00-8.893643663E+00-8.986403536E+00
-9.080196613E+00-9.174970692E+00-9.270661826E+00-9.367194174E+00-9.464479559E+00
-9.562417159E+00-9.660893346E+00-9.759781334E+00-9.858941018E+00-9.958218783E+00
-1.005744742E+01-1.015644600E+01-1.025501997E+01-1.035296143E+01-1.045004970E+01
-1.054605194E+01-1.064072401E+01-1.073381074E+01-1.082504558E+01-1.091415205E+01
-1.100084594E+01-1.108483408E+01-1.116580992E+01-1.124345204E+01-1.131745382E+01
-1.138752715E+01-1.145339902E+01-1.151479861E+01-1.157141506E+01-1.162277427E+01
-1.166853434E+01-1.170841372E+01-1.174216455E+01-1.176955902E+01-1.179038502E+01
-1.180444522E+01-1.181155800E+01-1.181155832E+01-1.180429964E+01-1.178965743E+01
-1.176753568E+01-1.173788406E+01-1.170073666E+01-1.165626042E+01-1.160479707E+01
-1.154650065E+01-1.148149619E+01-1.140990792E+01-1.133181902E+01-1.124726746E+01
-1.115624446E+01-1.105869483E+01-1.095451939E+01-1.084357721E+01-1.072568871E+01
-1.060063814E+01-1.046817642E+01-1.032802346E+01-1.017987077E+01-1.002338364E+01
-9.858203544E+00-9.683950440E+00-9.500224976E+00-9.306611173E+00-9.102678833E+00
-8.887986290E+00-8.662083446E+00-8.424515282E+00-8.174825671E+00-7.912562035E+00
-7.637281171E+00-7.348556073E+00-7.045985417E+00-6.729205157E+00-6.397905063E+00
-6.051850314E+00-5.690912510E+00-5.315113083E+00-4.924686498E+00-4.520174179E+00
-4.102566032E+00-3.673519325E+00-3.235694626E+00-2.793244202E+00-2.352379226E+00
-1.921585085E+00-1.510732675E+00-5.385228450E+00-5.488778153E+00-5.600337404E+00
-5.720015218E+00-5.847109187E+00-5.966284819E+00-6.076549095E+00-6.179050425E+00
-6.274882058E+00-6.365069476E+00-6.450529933E+00-6.532061894E+00-6.610350590E+00
-6.685981060E+00-6.759452846E+00-6.831194061E+00-6.901573481E+00-6.970910950E+00
-7.039485452E+00-7.107542170E+00-7.175297681E+00-7.242944332E+00-7.310653785E+00
-7.378579698E+00-7.446860006E+00-7.515618700E+00-7.584967082E+00-7.655005187E+00
-7.725822333E+00-7.797498066E+00-7.870102400E+00-7.943696521E+00-8.018332712E+00
-8.094054785E+00-8.170898002E+00-8.248889115E+00-8.328046327E+00-8.408379212E+00
-8.489888440E+00-8.572565854E+00-8.656393884E+00-8.741345658E+00-8.827384574E+00
-8.914464064E+00-9.002527312E+00-9.091507026E+00-9.181325234E+00-9.271892934E+00
-9.363109972E+00-9.454864810E+00-9.547034403E+00-9.639484164E+00-9.732067842E+00
-9.824627567E+00-9.916993998E+00-1.000898653E+01-1.010041372E+01-1.019107370E+01
-1.028075452E+01-1.036923485E+01-1.045628424E+01-1.054166397E+01-1.062512771E+01
-1.070642233E+01-1.078528818E+01-1.086146150E+01-1.093467936E+01-1.100468125E+01
-1.107120755E+01-1.113399411E+01-1.119276427E+01-1.124722566E+01-1.129710389E+01
-1.134214780E+01-1.138212729E+01-1.141683068E+01-1.144606250E+01-1.146964289E+01
-1.148740804E+01-1.149921102E+01-1.150492407E+01-1.150444170E+01-1.149768576E+01
-1.148461278E+01-1.146522210E+01-1.143955895E+01-1.140770105E+01-1.136971110E+01
-1.132563444E+01-1.127549771E+01-1.121930142E+01-1.115701499E+01-1.108857409E+01
-1.101387904E+01-1.093279501E+01-1.084515270E+01-1.075074972E+01-1.064935248E+01
-1.054069821E+01-1.042449710E+01-1.030043506E+01-1.016817609E+01-1.002736536E+01
-9.877632324E+00-9.718594097E+00-9.549859130E+00-9.371031343E+00-9.181714735E+00
-8.981518387E+00-8.770062332E+00-8.546984216E+00-8.311946978E+00-8.064648072E+00
-7.804830576E+00-7.532296824E+00-7.246925190E+00-6.948691680E+00-6.637697511E+00
-6.314204687E+00-5.978683084E+00-5.631872028E+00-5.274861263E+00-4.909195433E+00
-4.537003439E+00-4.161143534E+00-3.785332949E+00-3.414191916E+00-3.053106207E+00
-2.707855956E+00-5.544895489E+00-5.652797467E+00-5.764225281E+00-5.879085595E+00
-5.996511705E+00-6.103444186E+00-6.199422147E+00-6.286547340E+00-6.366633625E+00
-6.441169978E+00-6.511342356E+00-6.578087513E+00-6.642148047E+00-6.704118649E+00
-6.764481841E+00-6.823634650E+00-6.881908345E+00-6.939583171E+00-6.996898952E+00
-7.054063400E+00-7.111258068E+00-7.168643034E+00-7.226360293E+00-7.284536750E+00
-7.343285993E+00-7.402710105E+00-7.462900966E+00-7.523940998E+00-7.585904035E+00
-7.648855953E+00-7.712854867E+00-7.777951561E+00-7.844189611E+00-7.911605461E+00
-7.980228543E+00-8.050081116E+00-8.121178194E+00-8.193527575E+00-8.267129497E+00
-8.341976513E+00-8.418053337E+00-8.495336643E+00-8.573794637E+00-8.653387132E+00
-8.734064997E+00-8.815770235E+00-8.898435475E+00-8.981984046E+00-9.066329663E+00
-9.151376192E+00-9.237017846E+00-9.323138871E+00-9.409613582E+00-9.496306487E+00
-9.583072398E+00-9.669756595E+00-9.756195098E+00-9.842215103E+00-9.927635176E+00
-1.001226593E+01-1.009591031E+01-1.017836445E+01-1.025941815E+01-1.033885572E+01
-1.041645686E+01-1.049199810E+01-1.056525397E+01-1.063599803E+01-1.070400278E+01
-1.076903908E+01-1.083087580E+01-1.088928243E+01-1.094403498E+01-1.099492013E+01
-1.104173673E+01-1.108429636E+01-1.112242319E+01-1.115595441E+01-1.118474042E+01
-1.120864582E+01-1.122755036E+01-1.124135048E+01-1.124996122E+01-1.125331737E+01
-1.125137388E+01-1.124410291E+01-1.123148622E+01-1.121350339E+01-1.119012425E+01
-1.116130348E+01-1.112697565E+01-1.108705120E+01-1.104141393E+01-1.098991907E+01
-1.093239255E+01-1.086863101E+01-1.079840245E+01-1.072144746E+01-1.063748094E+01
-1.054619421E+01-1.044725756E+01-1.034032327E+01-1.022502889E+01-1.010100117E+01
-9.967860363E+00-9.825224898E+00-9.672716934E+00-9.509968285E+00-9.336627234E+00
-9.152366019E+00-8.956889421E+00-8.749944538E+00-8.531332048E+00-8.300918978E+00
-8.058654190E+00-7.804586183E+00-7.538884650E+00-7.261866320E+00-6.974025931E+00
-6.676073574E+00-6.368978509E+00-6.054019675E+00-5.732840413E+00-5.407501893E+00
-5.080523894E+00-4.754895553E+00-4.434033613E+00-4.121671975E+00-3.821683947E+00
-5.761246346E+00-5.879717283E+00-5.992478130E+00-6.098897358E+00-6.198469119E+00
-6.284376718E+00-6.357863792E+00-6.422669995E+00-6.481427748E+00-6.535907534E+00
-6.587321784E+00-6.636527551E+00-6.684151438E+00-6.730666908E+00-6.776442302E+00
-6.821771973E+00-6.866896650E+00-6.912017545E+00-6.957305650E+00-7.002908752E+00
-7.048956158E+00-7.095562403E+00-7.142829689E+00-7.190850012E+00-7.239706464E+00
-7.289474379E+00-7.340222113E+00-7.392011680E+00-7.444899107E+00-7.498934785E+00
-7.554163589E+00-7.610625077E+00-7.668353407E+00-7.727377380E+00-7.787720401E+00
-7.849400197E+00-7.912428905E+00-7.976812748E+00-8.042551925E+00-8.109640289E+00
-8.178065311E+00-8.247807685E+00-8.318841172E+00-8.391132400E+00-8.464640631E+00
-8.539317442E+00-8.615106770E+00-8.691944471E+00-8.769758367E+00-8.848468083E+00
-8.927984813E+00-9.008211477E+00-9.089042684E+00-9.170364607E+00-9.252055347E+00
-9.333984886E+00-9.416015365E+00-9.498001481E+00-9.579790640E+00-9.661223433E+00
-9.742134107E+00-9.822351001E+00-9.901697290E+00-9.979991462E+00-1.005704818E+01
-1.013267897E+01-1.020669320E+01-1.027889866E+01-1.034910216E+01-1.041711006E+01
-1.048272927E+01-1.054576869E+01-1.060604143E+01-1.066336666E+01-1.071757105E+01
-1.076848942E+01-1.081596560E+01-1.085985243E+01-1.090001245E+01-1.093631797E+01
-1.096865145E+01-1.099690582E+01-1.102098426E+01-1.104079982E+01-1.105627367E+01
-1.106733240E+01-1.107390340E+01-1.107590977E+01-1.107326505E+01-1.106586887E+01
-1.105360307E+01-1.103632860E+01-1.101388282E+01-1.098607808E+01-1.095270044E+01
-1.091350964E+01-1.086823915E+01-1.081659725E+01-1.075826851E+01-1.069291596E+01
-1.062018350E+01-1.053969948E+01-1.045108011E+01-1.035393424E+01-1.024786819E+01
-1.013249163E+01-1.000742388E+01-9.872301294E+00-9.726785037E+00-9.570570197E+00
-9.403395321E+00-9.225053524E+00-9.035404387E+00-8.834387313E+00-8.622036502E+00
-8.398497691E+00-8.164046595E+00-7.919109673E+00-7.664287171E+00-7.400377947E+00
-7.128405240E+00-6.849642274E+00-6.565634680E+00-6.278214838E+00-5.989502898E+00
-5.701887281E+00-5.417978501E+00-5.140534148E+00-4.872358777E+00-6.054247048E+00
-6.199748255E+00-6.317442318E+00-6.404866393E+00-6.466419009E+00-6.511597072E+00
-6.548796910E+00-6.582135744E+00-6.613430585E+00-6.643614919E+00-6.673240455E+00
-6.702667339E+00-6.732149225E+00-6.761875307E+00-6.791993805E+00-6.822625439E+00
-6.853871898E+00-6.885821239E+00-6.918551315E+00-6.952132374E+00-6.986628560E+00
-7.022099167E+00-7.058599315E+00-7.096180656E+00-7.134891534E+00-7.174777414E+00
-7.215880810E+00-7.258241552E+00-7.301896520E+00-7.346879793E+00-7.393222458E+00
-7.440952408E+00-7.490094348E+00-7.540669395E+00-7.592695161E+00-7.646185198E+00
-7.701149122E+00-7.757592092E+00-7.815514700E+00-7.874912808E+00-7.935777080E+00
-7.998092977E+00-8.061840287E+00-8.126993164E+00-8.193519616E+00-8.261381545E+00
-8.330534349E+00-8.400926928E+00-8.472501406E+00-8.545193127E+00-8.618930425E+00
-8.693634737E+00-8.769220410E+00-8.845594934E+00-8.922658865E+00-9.000306024E+00
-9.078423530E+00-9.156892319E+00-9.235587064E+00-9.314376720E+00-9.393124890E+00
-9.471690050E+00-9.549926345E+00-9.627683821E+00-9.704809097E+00-9.781146074E+00
-9.856536405E+00-9.930820170E+00-1.000383658E+01-1.007542445E+01-1.014542328E+01
-1.021367400E+01-1.028002020E+01-1.034430913E+01-1.040639233E+01-1.046612664E+01
-1.052337410E+01-1.057800262E+01-1.062988576E+01-1.067890288E+01-1.072493866E+01
-1.076788287E+01-1.080762936E+01-1.084407498E+01-1.087711768E+01-1.090665402E+01
-1.093257615E+01-1.095476831E+01-1.097310329E+01-1.098743909E+01-1.099761579E+01
-1.100345286E+01-1.100474713E+01-1.100127097E+01-1.099277138E+01-1.097896936E+01
-1.095956020E+01-1.093421409E+01-1.090257758E+01-1.086427567E+01-1.081891432E+01
-1.076608422E+01-1.070536458E+01-1.063632844E+01-1.055854803E+01-1.047160167E+01
-1.037508087E+01-1.026859864E+01-1.015179866E+01-1.002436491E+01-9.886032593E+00
-9.736599541E+00-9.575938656E+00-9.404010855E+00-9.220879098E+00-9.026722768E+00
-8.821852805E+00-8.606727107E+00-8.381966014E+00-8.148366848E+00-7.906917150E+00
-7.658804612E+00-7.405421993E+00-7.148364964E+00-6.889419452E+00-6.630536781E+00
-6.373794827E+00-6.121345695E+00-5.875352007E+00-6.426787293E+00-6.628728475E+00
-6.756490221E+00-6.811368254E+00-6.783944229E+00-6.762283365E+00-6.752747689E+00
-6.749493668E+00-6.750437674E+00-6.754525934E+00-6.761150204E+00-6.769930951E+00
-6.780619053E+00-6.793045489E+00-6.807093557E+00-6.822682135E+00-6.839755393E+00
-6.858275825E+00-6.878219632E+00-6.899573616E+00-6.922332537E+00-6.946497498E+00
-6.972074527E+00-6.999073474E+00-7.027507064E+00-7.057390310E+00-7.088739640E+00
-7.121572509E+00-7.155906881E+00-7.191760725E+00-7.229151610E+00-7.268096322E+00
-7.308610541E+00-7.350708373E+00-7.394402149E+00-7.439701995E+00-7.486615594E+00
-7.535147791E+00-7.585300400E+00-7.637071843E+00-7.690456803E+00-7.745446139E+00
-7.802026376E+00-7.860179785E+00-7.919883749E+00-7.981110888E+00-8.043828657E+00
-8.107999272E+00-8.173579434E+00-8.240520366E+00-8.308767579E+00-8.378260832E+00
-8.448934171E+00-8.520715809E+00-8.593528289E+00-8.667288399E+00-8.741907569E+00
-8.817291715E+00-8.893341668E+00-8.969953336E+00-9.047018056E+00-9.124422791E+00
-9.202050722E+00-9.279781367E+00-9.357491288E+00-9.435054487E+00-9.512342758E+00
-9.589226320E+00-9.665574328E+00-9.741255386E+00-9.816138216E+00-9.890092092E+00
-9.962987664E+00-1.003469732E+01-1.010509581E+01-1.017406036E+01-1.024147101E+01
-1.030721039E+01-1.037116376E+01-1.043321840E+01-1.049326313E+01-1.055118747E+01
-1.060688051E+01-1.066022950E+01-1.071111785E+01-1.075942307E+01-1.080501419E+01
-1.084774907E+01-1.088747144E+01-1.092400819E+01-1.095716670E+01-1.098673242E+01
-1.101246689E+01-1.103410593E+01-1.105135865E+01-1.106390652E+01-1.107140356E+01
-1.107347659E+01-1.106972665E+01-1.105973067E+01-1.104304447E+01-1.101920609E+01
-1.098774030E+01-1.094816398E+01-1.089999248E+01-1.084274687E+01-1.077596223E+01
-1.069919695E+01-1.061204276E+01-1.051413577E+01-1.040516812E+01-1.028490019E+01
-1.015317326E+01-1.000992258E+01-9.855190331E+00-9.689138293E+00-9.512060108E+00
-9.324392751E+00-9.126726227E+00-8.919811641E+00-8.704566169E+00-8.482074471E+00
-8.253585069E+00-8.020500772E+00-7.784362405E+00-7.546824302E+00-7.309622471E+00
-7.074535315E+00-6.843339344E+00-6.691024239E+00-6.912457398E+00-7.044469769E+00
-7.083005832E+00-7.038684230E+00-6.981326961E+00-6.936983098E+00-6.903047879E+00
-6.876970755E+00-6.857007682E+00-6.841965690E+00-6.831011248E+00-6.823547263E+00
-6.819136284E+00-6.817451612E+00-6.818245546E+00-6.821328141E+00-6.826552675E+00
-6.833805284E+00-6.842997752E+00-6.854061960E+00-6.866945899E+00-6.881610368E+00
-6.898026724E+00-6.916174833E+00-6.936041496E+00-6.957619071E+00-6.980904523E+00
-7.005898404E+00-7.032604063E+00-7.061026937E+00-7.091173961E+00-7.123052974E+00
-7.156672211E+00-7.192039907E+00-7.229163706E+00-7.268050383E+00-7.308705533E+00
-7.351132979E+00-7.395334689E+00-7.441310232E+00-7.489056651E+00-7.538568077E+00
-7.589835408E+00-7.642846272E+00-7.697584477E+00-7.754030087E+00-7.812158989E+00
-7.871942934E+00-7.933349143E+00-7.996340421E+00-8.060874967E+00-8.126906249E+00
-8.194383011E+00-8.263249383E+00-8.333444691E+00-8.404903807E+00-8.477556956E+00
-8.551330147E+00-8.626145131E+00-8.701919723E+00-8.778568033E+00-8.856000780E+00
-8.934125457E+00-9.012846835E+00-9.092067283E+00-9.171686963E+00-9.251604541E+00
-9.331717145E+00-9.411921155E+00-9.492112361E+00-9.572186353E+00-9.652038922E+00
-9.731566330E+00-9.810665349E+00-9.889233425E+00-9.967168592E+00-1.004436912E+01
-1.012073332E+01-1.019615868E+01-1.027054110E+01-1.034377405E+01-1.041574701E+01
-1.048634399E+01-1.055544172E+01-1.062290749E+01-1.068859682E+01-1.075235099E+01
-1.081399434E+01-1.087333169E+01-1.093014592E+01-1.098419531E+01-1.103521151E+01
-1.108289769E+01-1.112692695E+01-1.116694123E+01-1.120255104E+01-1.123333523E+01
-1.125884212E+01-1.127859087E+01-1.129207418E+01-1.129876173E+01-1.129810471E+01
-1.128954160E+01-1.127250499E+01-1.124642975E+01-1.121076231E+01-1.116497104E+01
-1.110855785E+01-1.104107053E+01-1.096211583E+01-1.087137300E+01-1.076860746E+01
-1.065368442E+01-1.052658187E+01-1.038740246E+01-1.023638454E+01-1.007391074E+01
-9.900514880E+00-9.716885431E+00-9.523866124E+00-9.322452418E+00-9.113783464E+00
-8.899129414E+00-8.679873535E+00-8.457489002E+00-8.233511363E+00-8.009506695E+00
-7.787037100E+00-6.896818113E+00-7.128988309E+00-7.262012531E+00-7.292652084E+00
-7.227496291E+00-7.149697682E+00-7.083940303E+00-7.028414941E+00-6.981460485E+00
-6.941692054E+00-6.908000243E+00-6.879510784E+00-6.855537579E+00-6.835540583E+00
-6.819092235E+00-6.805852127E+00-6.795547418E+00-6.787958458E+00-6.782907793E+00
-6.780251892E+00-6.779874605E+00-6.781682202E+00-6.785599469E+00-6.791566482E+00
-6.799535959E+00-6.809471497E+00-6.821345398E+00-6.835137608E+00-6.850834218E+00
-6.868426562E+00-6.887910225E+00-6.909284303E+00-6.932550686E+00-6.957713392E+00
-6.984778018E+00-7.013751220E+00-7.044640289E+00-7.077452591E+00-7.112195297E+00
-7.148874948E+00-7.187496980E+00-7.228065649E+00-7.270583477E+00-7.315050975E+00
-7.361466606E+00-7.409826196E+00-7.460122848E+00-7.512346871E+00-7.566485223E+00
-7.622521711E+00-7.680436596E+00-7.740206555E+00-7.801804598E+00-7.865199915E+00
-7.930357914E+00-7.997240181E+00-8.065804597E+00-8.136005106E+00-8.207792102E+00
-8.281112478E+00-8.355909575E+00-8.432123626E+00-8.509691710E+00-8.588548149E+00
-8.668624702E+00-8.749850689E+00-8.832153495E+00-8.915458618E+00-8.999690017E+00
-9.084770390E+00-9.170621451E+00-9.257163929E+00-9.344317922E+00-9.432002899E+00
-9.520137657E+00-9.608640207E+00-9.697427495E+00-9.786415050E+00-9.875516271E+00
-9.964641801E+00-1.005369846E+01-1.014258815E+01-1.023120622E+01-1.031943999E+01
-1.040716684E+01-1.049425189E+01-1.058054588E+01-1.066588238E+01-1.075007537E+01
-1.083291633E+01-1.091417171E+01-1.099357989E+01-1.107084901E+01-1.114565427E+01
-1.121763609E+01-1.128639825E+01-1.135150685E+01-1.141248947E+01-1.146883556E+01
-1.151999734E+01-1.156539175E+01-1.160440367E+01-1.163639048E+01-1.166068775E+01
-1.167661677E+01-1.168349347E+01-1.168063896E+01-1.166739148E+01-1.164311991E+01
-1.160723821E+01-1.155922084E+01-1.149861861E+01-1.142507461E+01-1.133833959E+01
-1.123828625E+01-1.112492232E+01-1.099840113E+01-1.085902993E+01-1.070727489E+01
-1.054376257E+01-1.036927772E+01-1.018475666E+01-9.991276660E+00-9.790040487E+00
-9.582357381E+00-9.369619866E+00-9.153277520E+00-8.934808246E+00-8.715688412E+00
-7.052479197E+00-7.291024069E+00-7.423534722E+00-7.449106668E+00-7.362362230E+00
-7.271614594E+00-7.191918243E+00-7.121295532E+00-7.058764161E+00-7.003401951E+00
-6.954379351E+00-6.910974726E+00-6.872572857E+00-6.838655131E+00-6.808787172E+00
-6.782606153E+00-6.759809251E+00-6.740144115E+00-6.723400352E+00-6.709402833E+00
-6.698005938E+00-6.689089067E+00-6.682552697E+00-6.678315232E+00-6.676310284E+00
-6.676484586E+00-6.678795981E+00-6.683211964E+00-6.689708186E+00-6.698267352E+00
-6.708878272E+00-6.721534799E+00-6.736235200E+00-6.752981366E+00-6.771778183E+00
-6.792633097E+00-6.815555407E+00-6.840555789E+00-6.867646063E+00-6.896838640E+00
-6.928146050E+00-6.961580702E+00-6.997154653E+00-7.034878974E+00-7.074763751E+00
-7.116817614E+00-7.161047574E+00-7.207458753E+00-7.256054147E+00-7.306834385E+00
-7.359797616E+00-7.414939348E+00-7.472252213E+00-7.531725969E+00-7.593347297E+00
-7.657099886E+00-7.722964274E+00-7.790917923E+00-7.860935186E+00-7.932987340E+00
-8.007042747E+00-8.083066972E+00-8.161022705E+00-8.240870152E+00-8.322567117E+00
-8.406069078E+00-8.491329466E+00-8.578299859E+00-8.666930102E+00-8.757168424E+00
-8.848961676E+00-8.942255368E+00-9.036993594E+00-9.133119144E+00-9.230573316E+00
-9.329295630E+00-9.429223442E+00-9.530291467E+00-9.632431112E+00-9.735569527E+00
-9.839628544E+00-9.944523416E+00-1.005016132E+01-1.015643942E+01-1.026324306E+01
-1.037044346E+01-1.047789499E+01-1.058543284E+01-1.069286979E+01-1.079999339E+01
-1.090656257E+01-1.101230469E+01-1.111691194E+01-1.122003862E+01-1.132129785E+01
-1.142025892E+01-1.151644511E+01-1.160933192E+01-1.169834584E+01-1.178286453E+01
-1.186221760E+01-1.193568915E+01-1.200252154E+01-1.206192130E+01-1.211306665E+01
-1.215511744E+01-1.218722710E+01-1.220855665E+01-1.221829098E+01-1.221565647E+01
-1.219994008E+01-1.217050914E+01-1.212683112E+01-1.206849289E+01-1.199521834E+01
-1.190688402E+01-1.180353179E+01-1.168537782E+01-1.155281772E+01-1.140642700E+01
-1.124695699E+01-1.107532591E+01-1.089260493E+01-1.070000038E+01-1.049883150E+01
-1.029050524E+01-1.007648843E+01-9.858278599E+00-9.637374375E+00-7.137598536E+00
-7.372335079E+00-7.503186670E+00-7.525243891E+00-7.450543242E+00-7.353520453E+00
-7.263957276E+00-7.182271107E+00-7.107906928E+00-7.040273594E+00-6.978791345E+00
-6.922915724E+00-6.872150221E+00-6.826051202E+00-6.784227904E+00-6.746339800E+00
-6.712092027E+00-6.681230971E+00-6.653539465E+00-6.628832213E+00-6.606951934E+00
-6.587765735E+00-6.571161918E+00-6.557047304E+00-6.545344948E+00-6.535991927E+00
-6.528937733E+00-6.524142532E+00-6.521576106E+00-6.521216510E+00-6.523049007E+00
-6.527065324E+00-6.533262743E+00-6.541643430E+00-6.552213768E+00-6.564983765E+00
-6.579966580E+00-6.597177894E+00-6.616635632E+00-6.638359418E+00-6.662370209E+00
-6.688689914E+00-6.717341027E+00-6.748346363E+00-6.781728575E+00-6.817510081E+00
-6.855712512E+00-6.896356670E+00-6.939462176E+00-6.985047114E+00-7.033128112E+00
-7.083719825E+00-7.136834940E+00-7.192483937E+00-7.250675050E+00-7.311413993E+00
-7.374704114E+00-7.440546045E+00-7.508937892E+00-7.579875127E+00-7.653350656E+00
-7.729354788E+00-7.807875466E+00-7.888898074E+00-7.972405788E+00-8.058379578E+00
-8.146798365E+00-8.237639101E+00-8.330876964E+00-8.426485282E+00-8.524435765E+00
-8.624698471E+00-8.727241839E+00-8.832032382E+00-8.939034718E+00-9.048211222E+00
-9.159521429E+00-9.272921805E+00-9.388364597E+00-9.505797247E+00-9.625161128E+00
-9.746390129E+00-9.869409234E+00-9.994132434E+00-1.012046088E+01-1.024828018E+01
-1.037745790E+01-1.050784048E+01-1.063925001E+01-1.077148073E+01-1.090429515E+01
-1.103742015E+01-1.117054287E+01-1.130330639E+01-1.143530548E+01-1.156608253E+01
-1.169512353E+01-1.182185479E+01-1.194563974E+01-1.206577730E+01-1.218150097E+01
-1.229197958E+01-1.239632003E+01-1.249357204E+01-1.258273598E+01-1.266277306E+01
-1.273261909E+01-1.279120113E+01-1.283745739E+01-1.287035972E+01-1.288893838E+01
-1.289230792E+01-1.287969375E+01-1.285045759E+01-1.280412155E+01-1.274038850E+01
-1.265915921E+01-1.256054390E+01-1.244486877E+01-1.231267627E+01-1.216471939E+01
-1.200194974E+01-1.182549993E+01-1.163666072E+01-1.143685376E+01-1.122760094E+01
-1.101049181E+01-1.078714976E+01-1.055919914E+01-7.205736259E+00-7.441317009E+00
-7.570269006E+00-7.588637317E+00-7.504861097E+00-7.400747000E+00-7.303595375E+00
-7.213366785E+00-7.129718258E+00-7.052261319E+00-6.980589802E+00-6.914299627E+00
-6.853003224E+00-6.796338397E+00-6.743973483E+00-6.695609205E+00-6.650978949E+00
-6.609847225E+00-6.572007859E+00-6.537281542E+00-6.505513320E+00-6.476570415E+00
-6.450339635E+00-6.426725633E+00-6.405648665E+00-6.387043210E+00-6.370856237E+00
-6.357046061E+00-6.345580966E+00-6.336438259E+00-6.329603361E+00-6.325068865E+00
-6.322833826E+00-6.322903247E+00-6.325287097E+00-6.330000189E+00-6.337061239E+00
-6.346492782E+00-6.358320350E+00-6.372572348E+00-6.389279510E+00-6.408474495E+00
-6.430191622E+00-6.454466388E+00-6.481335278E+00-6.510835327E+00-6.543003925E+00
-6.577878343E+00-6.615495616E+00-6.655892150E+00-6.699103601E+00-6.745164442E+00
-6.794107928E+00-6.845965696E+00-6.900767806E+00-6.958542352E+00-7.019315533E+00
-7.083111264E+00-7.149951453E+00-7.219855600E+00-7.292840964E+00-7.368922397E+00
-7.448112547E+00-7.530421697E+00-7.615858042E+00-7.704427531E+00-7.796134065E+00
-7.890979653E+00-7.988964296E+00-8.090086298E+00-8.194342075E+00-8.301726426E+00
-8.412232259E+00-8.525850631E+00-8.642570470E+00-8.762378420E+00-8.885258248E+00
-9.011190492E+00-9.140151669E+00-9.272113254E+00-9.407040774E+00-9.544892346E+00
-9.685617027E+00-9.829153001E+00-9.975425368E+00-1.012434343E+01-1.027579802E+01
-1.042965805E+01-1.058576686E+01-1.074393819E+01-1.090395155E+01-1.106554749E+01
-1.122842222E+01-1.139222196E+01-1.155653709E+01-1.172089602E+01-1.188475916E+01
-1.204751273E+01-1.220846347E+01-1.236683349E+01-1.252175671E+01-1.267227674E+01
-1.281734700E+01-1.295583337E+01-1.308652083E+01-1.320812357E+01-1.331930021E+01
-1.341867344E+01-1.350485498E+01-1.357647489E+01-1.363221482E+01-1.367084386E+01
-1.369125554E+01-1.369250402E+01-1.367383805E+01-1.363473050E+01-1.357490203E+01
-1.349433823E+01-1.339329845E+01-1.327231664E+01-1.313219370E+01-1.297398136E+01
-1.279895868E+01-1.260860118E+01-1.240454469E+01-1.218854512E+01-1.196243578E+01
-1.172808484E+01-1.148735422E+01-7.253669864E+00-7.492064939E+00-7.618476041E+00
-7.633096659E+00-7.527932257E+00-7.417122025E+00-7.313822665E+00-7.216726041E+00
-7.125583980E+00-7.040118322E+00-6.960026757E+00-6.884998465E+00-6.814726329E+00
-6.748915839E+00-6.687290768E+00-6.629596676E+00-6.575602328E+00-6.525100012E+00
-6.477904906E+00-6.433854134E+00-6.392805188E+00-6.354634632E+00-6.319236283E+00
-6.286520154E+00-6.256410678E+00-6.228845604E+00-6.203774934E+00-6.181159623E+00
-6.160970753E+00-6.143188663E+00-6.127802124E+00-6.114807670E+00-6.104208807E+00
-6.096015699E+00-6.090244304E+00-6.086916016E+00-6.086057191E+00-6.087698799E+00
-6.091875708E+00-6.098626567E+00-6.107993259E+00-6.120020699E+00-6.134756126E+00
-6.152249184E+00-6.172551248E+00-6.195715153E+00-6.221795034E+00-6.250845696E+00
-6.282922611E+00-6.318081295E+00-6.356377338E+00-6.397865782E+00-6.442601116E+00
-6.490636804E+00-6.542025248E+00-6.596817391E+00-6.655062639E+00-6.716808547E+00
-6.782100819E+00-6.850983147E+00-6.923497099E+00-6.999682073E+00-7.079575145E+00
-7.163211379E+00-7.250623516E+00-7.341842248E+00-7.436896101E+00-7.535811747E+00
-7.638613850E+00-7.745325341E+00-7.855967417E+00-7.970559540E+00-8.089119559E+00
-8.211663588E+00-8.338205850E+00-8.468758637E+00-8.603331840E+00-8.741932588E+00
-8.884564507E+00-9.031227124E+00-9.181914726E+00-9.336615059E+00-9.495307874E+00
-9.657963029E+00-9.824538288E+00-9.994976601E+00-1.016920331E+01-1.034712219E+01
-1.052861187E+01-1.071352077E+01-1.090166218E+01-1.109280809E+01-1.128668291E+01
-1.148295601E+01-1.168123393E+01-1.188105189E+01-1.208186467E+01-1.228303745E+01
-1.248383614E+01-1.268341841E+01-1.288082521E+01-1.307497386E+01-1.326465338E+01
-1.344852277E+01-1.362511433E+01-1.379284170E+01-1.395001536E+01-1.409486522E+01
-1.422557186E+01-1.434030531E+01-1.443727132E+01-1.451476266E+01-1.457121304E+01
-1.460525081E+01-1.461574909E+01-1.460186945E+01-1.456309711E+01-1.449926545E+01
-1.441056941E+01-1.429756724E+01-1.416116974E+01-1.400261856E+01-1.382345301E+01
-1.362546699E+01-1.341065810E+01-1.318117072E+01-1.293923657E+01-1.268711579E+01
-1.242704177E+01-7.241318562E+00-7.472050253E+00-7.595683158E+00-7.607383151E+00
-7.518663984E+00-7.405290360E+00-7.296921226E+00-7.194198354E+00-7.096929990E+00
-7.004879934E+00-6.917793510E+00-6.835410881E+00-6.757476305E+00-6.683744917E+00
-6.613986705E+00-6.547988951E+00-6.485557259E+00-6.426515674E+00-6.370706598E+00
-6.317989888E+00-6.268242264E+00-6.221356088E+00-6.177238534E+00-6.135810646E+00
-6.097006432E+00-6.060771835E+00-6.027064067E+00-5.995850861E+00-5.967109642E+00
-5.940826933E+00-5.916997851E+00-5.895625428E+00-5.876720145E+00-5.860299455E+00
-5.846387315E+00-5.835013744E+00-5.826214440E+00-5.820030417E+00-5.816507497E+00
-5.815696109E+00-5.817650783E+00-5.822429869E+00-5.830095145E+00-5.840711502E+00
-5.854346509E+00-5.871070099E+00-5.890954256E+00-5.914072537E+00-5.940499920E+00
-5.970312128E+00-6.003585677E+00-6.040397197E+00-6.080823202E+00-6.124939928E+00
-6.172822827E+00-6.224546282E+00-6.280183499E+00-6.339806183E+00-6.403484229E+00
-6.471285758E+00-6.543276804E+00-6.619521231E+00-6.700080741E+00-6.785014785E+00
-6.874380572E+00-6.968233182E+00-7.066625488E+00-7.169608433E+00-7.277230953E+00
-7.389540403E+00-7.506582410E+00-7.628401099E+00-7.755039337E+00-7.886538652E+00
-8.022939269E+00-8.164280193E+00-8.310598855E+00-8.461931107E+00-8.618310478E+00
-8.779767897E+00-8.946330745E+00-9.118021717E+00-9.294857598E+00-9.476847487E+00
-9.663990755E+00-9.856274479E+00-1.005367037E+01-1.025613123E+01-1.046358649E+01
-1.067593730E+01-1.089305057E+01-1.111475224E+01-1.134081941E+01-1.157097150E+01
-1.180486017E+01-1.204205795E+01-1.228204593E+01-1.252420017E+01-1.276777695E+01
-1.301189787E+01-1.325553443E+01-1.349749324E+01-1.373640330E+01-1.397070582E+01
-1.419864982E+01-1.441829402E+01-1.462751909E+01-1.482405139E+01-1.500550057E+01
-1.516941177E+01-1.531333122E+01-1.543488258E+01-1.553184927E+01-1.560225725E+01
-1.564445157E+01-1.565716286E+01-1.563955874E+01-1.559127980E+01-1.551245823E+01
-1.540372048E+01-1.526617275E+01-1.510137093E+01-1.491127394E+01-1.469818231E+01
-1.446466348E+01-1.421346724E+01-1.394743719E+01-1.366942356E+01-1.338220418E+01
-7.221947108E+00-7.450418623E+00-7.570909716E+00-7.579139071E+00-7.484660604E+00
-7.367057474E+00-7.254518956E+00-7.147267814E+00-7.045069464E+00-6.947669467E+00
-6.854815313E+00-6.766265680E+00-6.681795365E+00-6.601196811E+00-6.524280193E+00
-6.450872706E+00-6.380817621E+00-6.313973768E+00-6.250214244E+00-6.189426171E+00
-6.131509749E+00-6.076377709E+00-6.023954838E+00-5.974177389E+00-5.926992606E+00
-5.882358213E+00-5.840242021E+00-5.800621415E+00-5.763482961E+00-5.728821968E+00
-5.696642260E+00-5.666955538E+00-5.639781225E+00-5.615146034E+00-5.593083692E+00
-5.573634502E+00-5.556845115E+00-5.542768167E+00-5.531461891E+00-5.522989955E+00
-5.517420954E+00-5.514828131E+00-5.515289023E+00-5.518885187E+00-5.525701764E+00
-5.535827049E+00-5.549352250E+00-5.566370980E+00-5.586978901E+00-5.611273327E+00
-5.639352798E+00-5.671316716E+00-5.707264881E+00-5.747297169E+00-5.791513103E+00
-5.840011496E+00-5.892890137E+00-5.950245396E+00-6.012172147E+00-6.078763253E+00
-6.150109530E+00-6.226299587E+00-6.307419668E+00-6.393553616E+00-6.484782868E+00
-6.581186577E+00-6.682841493E+00-6.789822357E+00-6.902201899E+00-7.020051274E+00
-7.143439983E+00-7.272436540E+00-7.407108359E+00-7.547522298E+00-7.693744668E+00
-7.845841699E+00-8.003879265E+00-8.167923242E+00-8.338039231E+00-8.514292239E+00
-8.696746330E+00-8.885463794E+00-9.080504242E+00-9.281923188E+00-9.489770313E+00
-9.704087146E+00-9.924904377E+00-1.015223824E+01-1.038608641E+01-1.062642264E+01
-1.087319080E+01-1.112629727E+01-1.138560230E+01-1.165090965E+01-1.192195434E+01
-1.219838897E+01-1.247976726E+01-1.276552576E+01-1.305496315E+01-1.334721736E+01
-1.364124071E+01-1.393577384E+01-1.422931944E+01-1.452011760E+01-1.480612538E+01
-1.508500434E+01-1.535412040E+01-1.561056186E+01-1.585118063E+01-1.607266032E+01
-1.627161208E+01-1.644469357E+01-1.658874189E+01-1.670090746E+01-1.677877643E+01
-1.682047113E+01-1.682472444E+01-1.679092688E+01-1.671915024E+01-1.661014871E+01
-1.646534061E+01-1.628676916E+01-1.607704029E+01-1.583923604E+01-1.557680315E+01
-1.529342188E+01-1.499286461E+01-1.467885723E+01-1.435495760E+01-7.192436382E+00
-7.423346078E+00-7.539371230E+00-7.543651364E+00-7.425528401E+00-7.303312331E+00
-7.187705402E+00-7.077149059E+00-6.971262666E+00-6.869717241E+00-6.772232417E+00
-6.678573612E+00-6.588543869E+00-6.501975545E+00-6.418723099E+00-6.338658287E+00
-6.261666534E+00-6.187645050E+00-6.116501482E+00-6.048153170E+00-5.982526872E+00
-5.919558406E+00-5.859192771E+00-5.801383869E+00-5.746094508E+00-5.693296439E+00
-5.642970080E+00-5.595104478E+00-5.549697269E+00-5.506754363E+00-5.466289866E+00
-5.428325879E+00-5.392892308E+00-5.360026698E+00-5.329773888E+00-5.302186002E+00
-5.277321901E+00-5.255247306E+00-5.236034236E+00-5.219760821E+00-5.206511139E+00
-5.196374664E+00-5.189446193E+00-5.185825247E+00-5.185615919E+00-5.188926399E+00
-5.195868463E+00-5.206557236E+00-5.221110638E+00-5.239648839E+00-5.262294093E+00
-5.289169799E+00-5.320400459E+00-5.356110967E+00-5.396426142E+00-5.441470326E+00
-5.491366997E+00-5.546238214E+00-5.606204420E+00-5.671383971E+00-5.741893015E+00
-5.817845100E+00-5.899351176E+00-5.986519471E+00-6.079455340E+00-6.178261535E+00
-6.283038248E+00-6.393883230E+00-6.510892141E+00-6.634158948E+00-6.763776241E+00
-6.899835621E+00-7.042428338E+00-7.191645639E+00-7.347579287E+00-7.510322223E+00
-7.679968809E+00-7.856615298E+00-8.040360107E+00-8.231304100E+00-8.429550502E+00
-8.635204588E+00-8.848373406E+00-9.069164949E+00-9.297686856E+00-9.534044834E+00
-9.778340337E+00-1.003066777E+01-1.029111049E+01-1.055973623E+01-1.083659086E+01
-1.112169135E+01-1.141501619E+01-1.171649481E+01-1.202599374E+01-1.234330053E+01
-1.266810456E+01-1.299997374E+01-1.333832767E+01-1.368240596E+01-1.403123170E+01
-1.438357042E+01-1.473788463E+01-1.509228504E+01-1.544448212E+01-1.579174198E+01
-1.613085442E+01-1.645812488E+01-1.676940336E+01-1.706016540E+01-1.732565287E+01
-1.756107161E+01-1.776182499E+01-1.792374988E+01-1.804332151E+01-1.811780405E+01
-1.814534477E+01-1.812502049E+01-1.805685231E+01-1.794180008E+01-1.778174220E+01
-1.757943658E+01-1.733845274E+01-1.706306163E+01-1.675807238E+01-1.642861798E+01
-1.607990918E+01-1.571699003E+01-1.534453382E+01-7.100452556E+00-7.319312473E+00
-7.431968007E+00-7.433989738E+00-7.335868065E+00-7.214175020E+00-7.097295260E+00
-6.985102195E+00-6.877002078E+00-6.772572944E+00-6.671531868E+00-6.573688196E+00
-6.478907853E+00-6.387089661E+00-6.298151238E+00-6.212021151E+00-6.128634866E+00
-6.047932929E+00-5.969860338E+00-5.894366623E+00-5.821406278E+00-5.750939194E+00
-5.682931252E+00-5.617354833E+00-5.554189174E+00-5.493420721E+00-5.435043486E+00
-5.379059162E+00-5.325477364E+00-5.274315505E+00-5.225599155E+00-5.179361765E+00
-5.135644862E+00-5.094497773E+00-5.055977666E+00-5.020149433E+00-4.987085488E+00
-4.956865615E+00-4.929576808E+00-4.905313074E+00-4.884175076E+00-4.866269942E+00
-4.851710945E+00-4.840617188E+00-4.833113133E+00-4.829328287E+00-4.829396763E+00
-4.833456773E+00-4.841650117E+00-4.854121626E+00-4.871018770E+00-4.892490912E+00
-4.918688833E+00-4.949763984E+00-4.985868170E+00-5.027152763E+00-5.073768227E+00
-5.125863572E+00-5.183585874E+00-5.247079926E+00-5.316487761E+00-5.391948420E+00
-5.473597752E+00-5.561568215E+00-5.655988922E+00-5.756985674E+00-5.864681161E+00
-5.979195235E+00-6.100645147E+00-6.229146299E+00-6.364812593E+00-6.507757184E+00
-6.658093227E+00-6.815934545E+00-6.981396658E+00-7.154597645E+00-7.335658816E+00
-7.524705855E+00-7.721869488E+00-7.927286312E+00-8.141099307E+00-8.363458466E+00
-8.594521110E+00-8.834451613E+00-9.083421439E+00-9.341608162E+00-9.609194200E+00
-9.886365004E+00-1.017330615E+01-1.047019961E+01-1.077721887E+01-1.109452235E+01
-1.142224496E+01-1.176048755E+01-1.210930340E+01-1.246868134E+01-1.283852487E+01
-1.321862610E+01-1.360863375E+01-1.400801389E+01-1.441600236E+01-1.483154694E+01
-1.525323854E+01-1.567923013E+01-1.610714370E+01-1.653396827E+01-1.695595717E+01
-1.736854113E+01-1.776628872E+01-1.814295879E+01-1.849169360E+01-1.880537294E+01
-1.907708668E+01-1.930061532E+01-1.947080117E+01-1.958375349E+01-1.963691085E+01
-1.962902119E+01-1.956009934E+01-1.943139604E+01-1.924538951E+01-1.900578807E+01
-1.871751315E+01-1.838661323E+01-1.802005257E+01-1.762534301E+01-1.721005197E+01
-1.678129589E+01-1.634535131E+01-6.998005873E+00-7.208487861E+00-7.315862756E+00
-7.316264904E+00-7.219062060E+00-7.099643966E+00-6.984691221E+00-6.873275187E+00
-6.764651691E+00-6.658516650E+00-6.554771763E+00-6.453400521E+00-6.354412302E+00
-6.257819122E+00-6.163627245E+00-6.071835136E+00-5.982433969E+00-5.895409441E+00
-5.810743627E+00-5.728417141E+00-5.648410639E+00-5.570706510E+00-5.495290372E+00
-5.422151824E+00-5.351285784E+00-5.282692922E+00-5.216380486E+00-5.152362700E+00
-5.090661195E+00-5.031305243E+00-4.974332157E+00-4.919787284E+00-4.867724168E+00
-4.818204704E+00-4.771298986E+00-4.727085534E+00-4.685651067E+00-4.647090497E+00
-4.611506775E+00-4.579010731E+00-4.549720916E+00-4.523763330E+00-4.501271142E+00
-4.482384377E+00-4.467249520E+00-4.456019127E+00-4.448851266E+00-4.445909090E+00
-4.447360281E+00-4.453376306E+00-4.464131899E+00-4.479804358E+00-4.500572830E+00
-4.526617489E+00-4.558119018E+00-4.595257670E+00-4.638212671E+00-4.687161673E+00
-4.742279765E+00-4.803739359E+00-4.871709320E+00-4.946354849E+00-5.027836891E+00
-5.116312295E+00-5.211933456E+00-5.314848557E+00-5.425201718E+00-5.543133319E+00
-5.668780628E+00-5.802278231E+00-5.943759023E+00-6.093354991E+00-6.251198319E+00
-6.417422570E+00-6.592163830E+00-6.775562084E+00-6.967762755E+00-7.168918041E+00
-7.379188219E+00-7.598743532E+00-7.827765178E+00-8.066446883E+00-8.314996084E+00
-8.573635031E+00-8.842601499E+00-9.122149416E+00-9.412548903E+00-9.714085998E+00
-1.002706140E+01-1.035178860E+01-1.068859091E+01-1.103779689E+01-1.139973433E+01
-1.177472146E+01-1.216305583E+01-1.256499920E+01-1.298075795E+01-1.341045744E+01
-1.385410938E+01-1.431156949E+01-1.478248336E+01-1.526621747E+01-1.576177055E+01
-1.626766058E+01-1.678178051E+01-1.730121488E+01-1.782201219E+01-1.833891559E+01
-1.884508456E+01-1.933190674E+01-1.978910562E+01-2.020539118E+01-2.056965928E+01
-2.087226224E+01-2.110575775E+01-2.126500929E+01-2.134692728E+01-2.135015447E+01
-2.127484507E+01-2.112257878E+01-2.089640534E+01-2.060099813E+01-2.024287221E+01
-1.983056074E+01-1.937453859E+01-1.888661295E+01-1.837870798E+01-1.786148366E+01
-1.734346203E+01-6.878034180E+00-7.077169586E+00-7.175236691E+00-7.178484329E+00
-7.071720083E+00-6.962631440E+00-6.854863577E+00-6.746568710E+00-6.638387076E+00
-6.530937086E+00-6.424667575E+00-6.319890073E+00-6.216818401E+00-6.115598334E+00
-6.016327661E+00-5.919070250E+00-5.823866168E+00-5.730738740E+00-5.639700220E+00
-5.550755966E+00-5.463907513E+00-5.379155414E+00-5.296501167E+00-5.215948907E+00
-5.137506712E+00-5.061187741E+00-4.987011142E+00-4.915002563E+00-4.845195102E+00
-4.777629337E+00-4.712354126E+00-4.649426517E+00-4.588912346E+00-4.530886118E+00
-4.475431360E+00-4.422640619E+00-4.372615467E+00-4.325466576E+00-4.281313720E+00
-4.240285498E+00-4.202519375E+00-4.168161441E+00-4.137366064E+00-4.110295726E+00
-4.087120552E+00-4.068017918E+00-4.053171819E+00-4.042772513E+00-4.037015696E+00
-4.036101791E+00-4.040235321E+00-4.049623998E+00-4.064477859E+00-4.085008321E+00
-4.111427429E+00-4.143946837E+00-4.182776819E+00-4.228125638E+00-4.280198446E+00
-4.339196732E+00-4.405317608E+00-4.478753187E+00-4.559690219E+00-4.648309864E+00
-4.744787486E+00-4.849292700E+00-4.961989681E+00-5.083037524E+00-5.212590951E+00
-5.350801056E+00-5.497816335E+00-5.653783945E+00-5.818850962E+00-5.993166159E+00
-6.176881498E+00-6.370154142E+00-6.573148466E+00-6.786037983E+00-7.009007830E+00
-7.242256776E+00-7.485999705E+00-7.740469978E+00-8.005921681E+00-8.282632106E+00
-8.570903759E+00-8.871066727E+00-9.183480372E+00-9.508535178E+00-9.846653780E+00
-1.019829171E+01-1.056393749E+01-1.094411133E+01-1.133936282E+01-1.175026664E+01
-1.217741582E+01-1.262141203E+01-1.308285118E+01-1.356230382E+01-1.406028811E+01
-1.457723300E+01-1.511342863E+01-1.566895986E+01-1.624361669E+01-1.683677224E+01
-1.744721555E+01-1.807291498E+01-1.871067545E+01-1.935562373E+01-2.000042067E+01
-2.063410266E+01-2.124080288E+01-2.180000367E+01-2.229080986E+01-2.269745978E+01
-2.301050957E+01-2.322498364E+01-2.333858803E+01-2.335070254E+01-2.326193818E+01
-2.307404585E+01-2.279008117E+01-2.241482214E+01-2.195550893E+01-2.142300312E+01
-2.083319953E+01-2.020721540E+01-1.956748500E+01-1.893155084E+01-1.831001228E+01
-6.716580780E+00-6.882686873E+00-6.971518249E+00-6.978366898E+00-6.917944488E+00
-6.825509147E+00-6.721849796E+00-6.613731910E+00-6.503901616E+00-6.393740683E+00
-6.284038791E+00-6.175283505E+00-6.067789939E+00-5.961767462E+00-5.857356609E+00
-5.754652019E+00-5.653717005E+00-5.554593528E+00-5.457309247E+00-5.361882914E+00
-5.268328084E+00-5.176656339E+00-5.086879579E+00-4.999011987E+00-4.913071371E+00
-4.829080584E+00-4.747068465E+00-4.667070591E+00-4.589130027E+00-4.513297794E+00
-4.439633503E+00-4.368205512E+00-4.299091476E+00-4.232378547E+00-4.168163529E+00
-4.106553194E+00-4.047664241E+00-3.991623616E+00-3.938568349E+00-3.888645646E+00
-3.842012803E+00-3.798837036E+00-3.759295311E+00-3.723574035E+00-3.691868701E+00
-3.664383414E+00-3.641330370E+00-3.622929189E+00-3.609406202E+00-3.600993621E+00
-3.597928625E+00-3.600452382E+00-3.608808972E+00-3.623244307E+00-3.644004959E+00
-3.671336995E+00-3.705484820E+00-3.746690039E+00-3.795190366E+00-3.851218616E+00
-3.915001819E+00-3.986760452E+00-4.066707776E+00-4.155049538E+00-4.251983600E+00
-4.357700064E+00-4.472381426E+00-4.596203212E+00-4.729334481E+00-4.871939057E+00
-5.024176782E+00-5.186204898E+00-5.358179978E+00-5.540259816E+00-5.732605751E+00
-5.935385113E+00-6.148773896E+00-6.372959485E+00-6.608143800E+00-6.854546373E+00
-7.112407777E+00-7.381992970E+00-7.663594966E+00-7.957538531E+00-8.264183972E+00
-8.583931151E+00-8.917223428E+00-9.264551716E+00-9.626458584E+00-1.000354223E+01
-1.039646018E+01-1.080593298E+01-1.123274680E+01-1.167775576E+01-1.214188234E+01
-1.262611626E+01-1.313151021E+01-1.365917196E+01-1.421025073E+01-1.478591622E+01
-1.538732784E+01-1.601559023E+01-1.667169120E+01-1.735641535E+01-1.807022393E+01
-1.881308439E+01-1.958421837E+01-2.038169781E+01-2.120171046E+01-2.203692234E+01
-2.287128686E+01-2.365758406E+01-2.432869992E+01-2.486735055E+01-2.527317947E+01
-2.554772487E+01-2.569261488E+01-2.570932617E+01-2.559918384E+01-2.536350885E+01
-2.500395179E+01-2.452299615E+01-2.392469230E+01-2.321613848E+01-2.241199997E+01
-2.155486077E+01-2.072005198E+01-1.993217322E+01-1.919105436E+01-6.671788317E+00
-6.851835037E+00-6.936906033E+00-6.923375198E+00-6.825773358E+00-6.710566450E+00
-6.595416315E+00-6.479965052E+00-6.364406072E+00-6.249143768E+00-6.134547665E+00
-6.020905851E+00-5.908430805E+00-5.797275633E+00-5.687548723E+00-5.579325838E+00
-5.472659262E+00-5.367585006E+00-5.264128048E+00-5.162306906E+00-5.062136631E+00
-4.963631722E+00-4.866808096E+00-4.771684862E+00-4.678285658E+00-4.586639799E+00
-4.496783374E+00-4.408759721E+00-4.322620337E+00-4.238425382E+00-4.156244162E+00
-4.076155591E+00-3.998248516E+00-3.922622132E+00-3.849386328E+00-3.778661857E+00
-3.710580625E+00-3.645285887E+00-3.582932360E+00-3.523686332E+00-3.467725664E+00
-3.415239719E+00-3.366429245E+00-3.321506107E+00-3.280692954E+00-3.244222769E+00
-3.212338271E+00-3.185291226E+00-3.163341612E+00-3.146756660E+00-3.135809771E+00
-3.130779334E+00-3.131947406E+00-3.139598337E+00-3.154017325E+00-3.175488896E+00
-3.204295417E+00-3.240715588E+00-3.285023011E+00-3.337484827E+00-3.398360490E+00
-3.467900703E+00-3.546346542E+00-3.633928813E+00-3.730867686E+00-3.837372583E+00
-3.953642412E+00-4.079866052E+00-4.216223369E+00-4.362886183E+00-4.520020050E+00
-4.687786032E+00-4.866342949E+00-5.055849776E+00-5.256468603E+00-5.468367702E+00
-5.691724725E+00-5.926730640E+00-6.173593239E+00-6.432541470E+00-6.703829813E+00
-6.987742652E+00-7.284599395E+00-7.594759443E+00-7.918627820E+00-8.256660730E+00
-8.609372016E+00-8.977339705E+00-9.361213097E+00-9.761720327E+00-1.017967680E+01
-1.061599379E+01-1.107168774E+01-1.154789026E+01-1.204585800E+01-1.256698299E+01
-1.311280239E+01-1.368500718E+01-1.428544891E+01-1.491614329E+01-1.557926911E+01
-1.627716123E+01-1.701229597E+01-1.778727015E+01-1.860477653E+01-1.946758737E+01
-2.037857306E+01-2.134082150E+01-2.235803293E+01-2.343570912E+01-2.458349448E+01
-2.565914571E+01-2.651913734E+01-2.718696486E+01-2.766475083E+01-2.798048622E+01
-2.814831792E+01-2.817035422E+01-2.803755816E+01-2.773426417E+01-2.727844524E+01
-2.667642825E+01-2.592393622E+01-2.500447930E+01-2.389211892E+01-2.271219793E+01
-2.167921720E+01-2.075134548E+01-1.990469408E+01-6.607046217E+00-6.790988850E+00
-6.872738412E+00-6.848594688E+00-6.720701623E+00-6.591283612E+00-6.465128960E+00
-6.340854754E+00-6.218009597E+00-6.096418162E+00-5.976045306E+00-5.856914983E+00
-5.739068721E+00-5.622546902E+00-5.507382387E+00-5.393598933E+00-5.281212772E+00
-5.170234621E+00-5.060671887E+00-4.952531110E+00-4.845819776E+00-4.740547972E+00
-4.636729920E+00-4.534385124E+00-4.433539310E+00-4.334225417E+00-4.236484183E+00
-4.140364896E+00-4.045925790E+00-3.953234709E+00-3.862369565E+00-3.773418687E+00
-3.686481327E+00-3.601668021E+00-3.519101023E+00-3.438914636E+00-3.361255575E+00
-3.286283278E+00-3.214170158E+00-3.145101817E+00-3.079277180E+00-3.016908547E+00
-2.958221547E+00-2.903454959E+00-2.852860444E+00-2.806702086E+00-2.765255795E+00
-2.728808560E+00-2.697657514E+00-2.672108821E+00-2.652476394E+00-2.639080454E+00
-2.632245922E+00-2.632300687E+00-2.639573776E+00-2.654393391E+00-2.677084978E+00
-2.707969256E+00-2.747360263E+00-2.795563555E+00-2.852874522E+00-2.919576876E+00
-2.995941412E+00-3.082225065E+00-3.178670257E+00-3.285504670E+00-3.402941358E+00
-3.531179307E+00-3.670404431E+00-3.820790979E+00-3.982503406E+00-4.155698561E+00
-4.340528544E+00-4.537143660E+00-4.745695756E+00-4.966342310E+00-5.199250217E+00
-5.444600437E+00-5.702592764E+00-5.973450592E+00-6.257426627E+00-6.554808286E+00
-6.865923923E+00-7.191149288E+00-7.530914502E+00-7.885711505E+00-8.256102443E+00
-8.642728658E+00-9.046320571E+00-9.467709192E+00-9.907838289E+00-1.036777881E+01
-1.084874473E+01-1.135211115E+01-1.187943486E+01-1.243247752E+01-1.301323138E+01
-1.362394800E+01-1.426716968E+01-1.494576256E+01-1.566295144E+01-1.642235453E+01
-1.722801786E+01-1.808445052E+01-1.899666664E+01-1.997024957E+01-2.101147246E+01
-2.212753748E+01-2.332702912E+01-2.462073999E+01-2.596544660E+01-2.709427315E+01
-2.801653580E+01-2.874619523E+01-2.927503711E+01-2.960659362E+01-2.976838179E+01
-2.976618115E+01-2.959868820E+01-2.924240455E+01-2.868972914E+01-2.795748877E+01
-2.704095777E+01-2.592759908E+01-2.459725419E+01-2.337080792E+01-2.227056347E+01
-2.127713704E+01-2.037330428E+01-6.489011547E+00-6.669879977E+00-6.747159422E+00
-6.717459737E+00-6.593331899E+00-6.456415783E+00-6.322404847E+00-6.190810738E+00
-6.061265862E+00-5.933508922E+00-5.807364198E+00-5.682715502E+00-5.559484233E+00
-5.437614167E+00-5.317062360E+00-5.197794297E+00-5.079781376E+00-4.963000350E+00
-4.847433214E+00-4.733067636E+00-4.619897746E+00-4.507924489E+00-4.397156532E+00
-4.287610464E+00-4.179311618E+00-4.072294192E+00-3.966601919E+00-3.862288245E+00
-3.759416890E+00-3.658062097E+00-3.558309123E+00-3.460254634E+00-3.364007170E+00
-3.269687605E+00-3.177429631E+00-3.087380240E+00-2.999700220E+00-2.914564597E+00
-2.832163088E+00-2.752700457E+00-2.676396836E+00-2.603487934E+00-2.534225135E+00
-2.468875463E+00-2.407721382E+00-2.351060416E+00-2.299204575E+00-2.252479545E+00
-2.211223683E+00-2.175786719E+00-2.146528278E+00-2.123816112E+00-2.108024136E+00
-2.099530262E+00-2.098714037E+00-2.105954172E+00-2.121625960E+00-2.146098692E+00
-2.179733047E+00-2.222878642E+00-2.275871706E+00-2.339032980E+00-2.412665968E+00
-2.497055492E+00-2.592466727E+00-2.699144662E+00-2.817314120E+00-2.947180274E+00
-3.088929752E+00-3.242732269E+00-3.408742846E+00-3.587104528E+00-3.777951623E+00
-3.981413426E+00-4.197618348E+00-4.426698541E+00-4.668794780E+00-4.924061666E+00
-5.192673423E+00-5.474829805E+00-5.770762282E+00-6.080740739E+00-6.405080646E+00
-6.744150622E+00-7.098380512E+00-7.468270449E+00-7.854400589E+00-8.257442016E+00
-8.678169124E+00-9.117473595E+00-9.576380479E+00-1.005606667E+01-1.055788285E+01
-1.108337887E+01-1.163433369E+01-1.221279108E+01-1.282110127E+01-1.346197039E+01
-1.413851790E+01-1.485434285E+01-1.561359836E+01-1.642107224E+01-1.728226984E+01
-1.820349144E+01-1.919189546E+01-2.025553926E+01-2.140339728E+01-2.264536830E+01
-2.399229041E+01-2.545061052E+01-2.680088231E+01-2.792704681E+01-2.883444200E+01
-2.954762019E+01-3.007670781E+01-3.042325119E+01-3.057544427E+01-3.052951223E+01
-3.029940943E+01-2.988356345E+01-2.927183490E+01-2.844073480E+01-2.737671643E+01
-2.608639177E+01-2.476142291E+01-2.355985476E+01-2.246793044E+01-2.147277225E+01
-2.056223273E+01-6.354546850E+00-6.530830708E+00-6.603919494E+00-6.569861153E+00
-6.446530164E+00-6.304401885E+00-6.164493989E+00-6.027084949E+00-5.891915597E+00
-5.758746110E+00-5.627369564E+00-5.497611577E+00-5.369326215E+00-5.242391261E+00
-5.116704199E+00-4.992179295E+00-4.868745514E+00-4.746345292E+00-4.624933636E+00
-4.504477490E+00-4.384955736E+00-4.266358485E+00-4.148687194E+00-4.031954511E+00
-3.916184024E+00-3.801410380E+00-3.687679240E+00-3.575047390E+00-3.463582914E+00
-3.353365452E+00-3.244486515E+00-3.137049897E+00-3.031172172E+00-2.926983220E+00
-2.824626836E+00-2.724261382E+00-2.626060445E+00-2.530213510E+00-2.436926622E+00
-2.346423002E+00-2.258943590E+00-2.174747509E+00-2.094112377E+00-2.017334472E+00
-1.944728720E+00-1.876628422E+00-1.813384749E+00-1.755365964E+00-1.702956304E+00
-1.656554576E+00-1.616572384E+00-1.583432044E+00-1.557564162E+00-1.539404923E+00
-1.529393088E+00-1.527966797E+00-1.535560181E+00-1.552599923E+00-1.579501786E+00
-1.616667237E+00-1.664480253E+00-1.723304422E+00-1.793480400E+00-1.875323847E+00
-1.969123914E+00-2.075142337E+00-2.193613224E+00-2.324743513E+00-2.468714182E+00
-2.625682166E+00-2.795782985E+00-2.979134039E+00-3.175838517E+00-3.385989902E+00
-3.609676957E+00-3.846989188E+00-4.098022711E+00-4.362886380E+00-4.641708406E+00
-4.934643154E+00-5.241878244E+00-5.563642032E+00-5.900211458E+00-6.251920428E+00
-6.619168687E+00-7.002431627E+00-7.402270883E+00-7.819346195E+00-8.254429118E+00
-8.708418349E+00-9.182357691E+00-9.677457448E+00-1.019511941E+01-1.073696713E+01
-1.130488232E+01-1.190104935E+01-1.252800956E+01-1.318872796E+01-1.388667493E+01
-1.462592610E+01-1.541128280E+01-1.624841291E+01-1.714400757E+01-1.810593728E+01
-1.914337358E+01-2.026681811E+01-2.148797125E+01-2.281940289E+01-2.427450128E+01
-2.574527272E+01-2.702194776E+01-2.810543447E+01-2.897187606E+01-2.964180947E+01
-3.013524351E+01-3.045442101E+01-3.059375104E+01-3.051887554E+01-3.024161557E+01
-2.977038788E+01-2.909581455E+01-2.820042855E+01-2.703855378E+01-2.569774753E+01
-2.446668277E+01-2.333888718E+01-2.230418113E+01-2.135285655E+01-2.047587684E+01
-6.220837003E+00-6.395520583E+00-6.464891186E+00-6.425726193E+00-6.282989748E+00
-6.135210360E+00-5.990637517E+00-5.848600526E+00-5.708865159E+00-5.571197424E+00
-5.435370184E+00-5.301171038E+00-5.168406497E+00-5.036904267E+00-4.906513725E+00
-4.777105722E+00-4.648571947E+00-4.520823951E+00-4.393792193E+00-4.267424904E+00
-4.141686977E+00-4.016558989E+00-3.892036343E+00-3.768128400E+00-3.644857787E+00
-3.522259887E+00-3.400382469E+00-3.279285460E+00-3.159040896E+00-3.039733036E+00
-2.921458610E+00-2.804327250E+00-2.688462016E+00-2.574000071E+00-2.461093451E+00
-2.349909915E+00-2.240633890E+00-2.133467396E+00-2.028631048E+00-1.926364991E+00
-1.826929791E+00-1.730607245E+00-1.637701016E+00-1.548537138E+00-1.463464259E+00
-1.382853598E+00-1.307098631E+00-1.236614349E+00-1.171836182E+00-1.113218411E+00
-1.061232190E+00-1.016363048E+00-9.791079445E-01-9.499718814E-01-9.294640823E-01
-9.180938570E-01-9.163661539E-01-9.247769579E-01-9.438086336E-01-9.739252921E-01
-1.015568402E+00-1.069152710E+00-1.135062635E+00-1.213649307E+00-1.305228255E+00
-1.410077995E+00-1.528439426E+00-1.660516254E+00-1.806476277E+00-1.966453687E+00
-2.140552259E+00-2.328849373E+00-2.531400837E+00-2.748246375E+00-2.979415684E+00
-3.224934998E+00-3.484834019E+00-3.759153171E+00-4.047951068E+00-4.351312229E+00
-4.669354958E+00-5.002239335E+00-5.350175672E+00-5.713433145E+00-6.092348932E+00
-6.487337868E+00-6.898903317E+00-7.327648718E+00-7.774290940E+00-8.239675607E+00
-8.724794714E+00-9.230807544E+00-9.759066001E+00-1.031114491E+01-1.088887965E+01
-1.149441243E+01-1.213025090E+01-1.279934215E+01-1.350516805E+01-1.425186891E+01
-1.504440497E+01-1.588876886E+01-1.679226176E+01-1.776383979E+01-1.881450446E+01
-1.995761885E+01-2.120885547E+01-2.258536975E+01-2.408259422E+01-2.542481703E+01
-2.657513494E+01-2.755113482E+01-2.835754547E+01-2.899122845E+01-2.943966716E+01
-2.970761456E+01-2.980279225E+01-2.971957778E+01-2.944328259E+01-2.894849235E+01
-2.822681870E+01-2.727174008E+01-2.607446508E+01-2.488285056E+01-2.378421197E+01
-2.276852617E+01-2.182745815E+01-2.095374448E+01-2.014092334E+01-6.047267318E+00
-6.217069886E+00-6.282210470E+00-6.239370751E+00-6.099863624E+00-5.948683571E+00
-5.800466773E+00-5.654861277E+00-5.511612997E+00-5.370452284E+00-5.231107127E+00
-5.093314654E+00-4.956829329E+00-4.821428940E+00-4.686917319E+00-4.553126033E+00
-4.419914114E+00-4.287167223E+00-4.154796201E+00-4.022735133E+00-3.890939536E+00
-3.759384511E+00-3.628062939E+00-3.496983982E+00-3.366171735E+00-3.235664218E+00
-3.105512538E+00-2.975780413E+00-2.846543882E+00-2.717891315E+00-2.589923629E+00
-2.462754766E+00-2.336512320E+00-2.211338429E+00-2.087390736E+00-1.964843587E+00
-1.843889269E+00-1.724739369E+00-1.607626164E+00-1.492804040E+00-1.380550843E+00
-1.271169180E+00-1.164987561E+00-1.062361352E+00-9.636734531E-01-8.693346768E-01
-7.797836978E-01-6.954865814E-01-6.169357389E-01-5.446483365E-01-4.791640686E-01
-4.210422701E-01-3.708583514E-01-3.291995905E-01-2.966603006E-01-2.738364439E-01
-2.613197967E-01-2.596917897E-01-2.695171794E-01-2.913377274E-01-3.256660839E-01
-3.729800755E-01-4.337175946E-01-5.082722922E-01-5.969902180E-01-7.001675792E-01
-8.180497110E-01-9.508313005E-01-1.098657912E+00-1.261628773E+00-1.439800772E+00
-1.633193532E+00-1.841795464E+00-2.065570624E+00-2.304466219E+00-2.558420603E+00
-2.827371591E+00-3.111264994E+00-3.410063209E+00-3.723753833E+00-4.052358225E+00
-4.395940003E+00-4.754613612E+00-5.128552805E+00-5.517999453E+00-5.923272610E+00
-6.344778089E+00-6.783018820E+00-7.238606596E+00-7.712274832E+00-8.204893778E+00
-8.717488089E+00-9.251257867E+00-9.807604227E+00-1.038816062E+01-1.099483196E+01
-1.162984403E+01-1.229580757E+01-1.299580250E+01-1.373349174E+01-1.451327995E+01
-1.534054335E+01-1.622197824E+01-1.716615632E+01-1.818445500E+01-1.929262394E+01
-2.051292692E+01-2.187661483E+01-2.322579199E+01-2.441161928E+01-2.541033525E+01
-2.626043153E+01-2.697017246E+01-2.753978694E+01-2.795457552E+01-2.818036209E+01
-2.824836011E+01-2.815798598E+01-2.789943154E+01-2.744314750E+01-2.673615873E+01
-2.578467147E+01-2.471507339E+01-2.372028114E+01-2.278990883E+01-2.191685747E+01
-2.109622893E+01-2.032411746E+01-1.959708978E+01-5.853084040E+00-6.016952730E+00
-6.077984724E+00-6.032172964E+00-5.897606421E+00-5.744304602E+00-5.593500023E+00
-5.445476400E+00-5.299902659E+00-5.156421490E+00-5.014675778E+00-4.874324207E+00
-4.735052057E+00-4.596578332E+00-4.458659426E+00-4.321089834E+00-4.183701361E+00
-4.046360915E+00-3.908967584E+00-3.771449498E+00-3.633760582E+00-3.495877534E+00
-3.357797057E+00-3.219533471E+00-3.081116710E+00-2.942590745E+00-2.804012380E+00
-2.665450471E+00-2.526985512E+00-2.388709556E+00-2.250726500E+00-2.113152630E+00
-1.976117497E+00-1.839765018E+00-1.704254815E+00-1.569763776E+00-1.436487754E+00
-1.304643444E+00-1.174470343E+00-1.046232749E+00-9.202217932E-01-7.967574025E-01
-6.761901350E-01-5.589028133E-01-4.453118911E-01-3.358684256E-01-2.310585919E-01
-1.314036053E-01-3.745899296E-02 5.018691346E-02 1.309153288E-01 2.040802803E-01
 2.690128280E-01 3.250262461E-01 3.714221357E-01 4.074973930E-01 4.325519213E-01
 4.458968868E-01 4.468633497E-01 4.348109821E-01 4.091366055E-01 3.692822493E-01
 3.147424212E-01 2.450703379E-01 1.598828231E-01 5.886368856E-02-5.823456061E-02
-1.915907862E-01-3.413170562E-01-5.074622205E-01-6.900170908E-01-8.889210896E-01
-1.104070081E+00-1.335325222E+00-1.582522505E+00-1.845482743E+00-2.124021780E+00
-2.417960672E+00-2.727135697E+00-3.051408018E+00-3.390672961E+00-3.744868849E+00
-4.113985424E+00-4.498071846E+00-4.897244625E+00-5.311695004E+00-5.741697003E+00
-6.187615067E+00-6.649912727E+00-7.129161626E+00-7.626051763E+00-8.141403311E+00
-8.676179858E+00-9.231504516E+00-9.808678841E+00-1.040920556E+01-1.103481665E+01
-1.168750782E+01-1.236958249E+01-1.308370831E+01-1.383299286E+01-1.462108953E+01
-1.545235472E+01-1.633210277E+01-1.726707521E+01-1.826649533E+01-1.934557933E+01
-2.050491356E+01-2.156954955E+01-2.253334587E+01-2.338969504E+01-2.412598131E+01
-2.472879105E+01-2.520385824E+01-2.555454503E+01-2.577661465E+01-2.585736059E+01
-2.578201494E+01-2.555357510E+01-2.516950420E+01-2.461418703E+01-2.385553453E+01
-2.307794433E+01-2.231690865E+01-2.157803110E+01-2.086469428E+01-2.017877968E+01
-1.952115010E+01-1.889195135E+01-5.657496651E+00-5.818916877E+00-5.876390688E+00
-5.826778558E+00-5.677030588E+00-5.521033114E+00-5.368969731E+00-5.219998398E+00
-5.073608503E+00-4.929285254E+00-4.786533246E+00-4.644896040E+00-4.503968255E+00
-4.363401249E+00-4.222903783E+00-4.082240052E+00-3.941225038E+00-3.799719413E+00
-3.657623875E+00-3.514873550E+00-3.371432875E+00-3.227291001E+00-3.082457812E+00
-2.936960604E+00-2.790841369E+00-2.644154731E+00-2.496966422E+00-2.349352314E+00
-2.201397938E+00-2.053198449E+00-1.904859021E+00-1.756495638E+00-1.608236230E+00
-1.460222148E+00-1.312609947E+00-1.165573416E+00-1.019305906E+00-8.740228177E-01
-7.299643003E-01-5.873980402E-01-4.466221437E-01-3.079680214E-01-1.718031577E-01
-3.853375184E-02 9.139295721E-02 2.174867570E-01 3.392130728E-01 4.559922675E-01
 5.671997693E-01 6.721672144E-01 7.701846843E-01 8.605042475E-01 9.423448067E-01
 1.014898386E+00 1.077337792E+00 1.128825632E+00 1.168524493E+00 1.195608089E+00
 1.209273090E+00 1.208751240E+00 1.193321370E+00 1.162320845E+00 1.115156017E+00
 1.051311226E+00 9.703559551E-01 8.719498711E-01 7.558454361E-01 6.218880753E-01
 4.700137649E-01 3.002442090E-01 1.126798058E-01-9.250936724E-02-3.150941310E-01
-5.547979818E-01-8.113096271E-01-1.084295868E+00-1.373414454E+00-1.678326566E+00
-1.998708671E+00-2.334263535E+00-2.684730303E+00-3.049893567E+00-3.429591461E+00
-3.823722809E+00-4.232253455E+00-4.655221945E+00-5.092744468E+00-5.545019715E+00
-6.012333132E+00-6.495061258E+00-6.993675859E+00-7.508748185E+00-8.040953026E+00
-8.591072929E+00-9.160001785E+00-9.748747582E+00-1.035843347E+01-1.099029534E+01
-1.164567337E+01-1.232599242E+01-1.303272214E+01-1.376729816E+01-1.453096724E+01
-1.532447012E+01-1.614735765E+01-1.699642628E+01-1.786223461E+01-1.872418044E+01
-1.955315303E+01-2.032382201E+01-2.101908266E+01-2.162754500E+01-2.214114467E+01
-2.255380203E+01-2.286069950E+01-2.305790120E+01-2.314220816E+01-2.311126122E+01
-2.296404894E+01-2.270228418E+01-2.233368909E+01-2.187735935E+01-2.136295268E+01
-2.081777028E+01-2.025998282E+01-1.970087115E+01-1.914759600E+01-1.860480293E+01
-1.807551012E+01-5.422673194E+00-5.578774998E+00-5.632550837E+00-5.580780339E+00
-5.432944689E+00-5.277093938E+00-5.125763813E+00-4.977938919E+00-4.832813699E+00
-4.689617505E+00-4.547650645E+00-4.406304756E+00-4.265069854E+00-4.123532091E+00
-3.981366108E+00-3.838325020E+00-3.694229424E+00-3.548956563E+00-3.402430504E+00
-3.254613340E+00-3.105497673E+00-2.955100218E+00-2.803456646E+00-2.650617354E+00
-2.496644251E+00-2.341608338E+00-2.185588043E+00-2.028668221E+00-1.870939778E+00
-1.712499812E+00-1.553452270E+00-1.393909071E+00-1.233991622E+00-1.073832786E+00
-9.135791791E-01-7.533938471E-01-5.934592597E-01-4.339806238E-01-2.751894435E-01
-1.173473169E-01 3.925009185E-02 1.942689936E-01 3.473333977E-01 4.980211427E-01
 6.458601455E-01 7.903250698E-01 9.308345488E-01 1.066749172E+00 1.197370538E+00
 1.321941483E+00 1.439647836E+00 1.549621870E+00 1.650947653E+00 1.742668457E+00
 1.823796253E+00 1.893323287E+00 1.950235553E+00 1.993527914E+00 2.022220429E+00
 2.035375348E+00 2.032114223E+00 2.011634331E+00 1.973223833E+00 1.916274878E+00
 1.840294157E+00 1.744910316E+00 1.629877915E+00 1.495077753E+00 1.340513528E+00
 1.166304977E+00 9.726778852E-01 7.599513787E-01 5.285231216E-01 2.788530440E-01
 1.144633155E-02-2.731637428E-01-5.744324892E-01-8.918195209E-01-1.224803109E+00
-1.572892933E+00-1.935641104E+00-2.312651388E+00-2.703586680E+00-3.108174881E+00
-3.526213307E+00-3.957571736E+00-4.402194274E+00-4.860100379E+00-5.331384568E+00
-5.816215509E+00-6.314834011E+00-6.827549633E+00-7.354735919E+00-7.896823464E+00
-8.454289825E+00-9.027645065E+00-9.617410671E+00-1.022408883E+01-1.084811655E+01
-1.148979760E+01-1.214919897E+01-1.282599273E+01-1.351921234E+01-1.422687968E+01
-1.494545324E+01-1.566909862E+01-1.638898465E+01-1.709319345E+01-1.776787108E+01
-1.839924053E+01-1.897519410E+01-1.948585001E+01-1.992342687E+01-2.028191684E+01
-2.055680217E+01-2.074489859E+01-2.084435759E+01-2.085485902E+01-2.077803345E+01
-2.061811910E+01-2.038267393E+01-2.008276579E+01-1.973189855E+01-1.934386113E+01
-1.893084185E+01-1.850266707E+01-1.806688906E+01-1.762918400E+01-1.719376737E+01
-5.151998336E+00-5.300471505E+00-5.350677815E+00-5.298631089E+00-5.162052033E+00
-5.009920252E+00-4.862500264E+00-4.719009876E+00-4.578146430E+00-4.438755176E+00
-4.299872251E+00-4.160725981E+00-4.020720729E+00-3.879413018E+00-3.736486220E+00
-3.591726621E+00-3.445002241E+00-3.296244859E+00-3.145435080E+00-2.992590217E+00
-2.837754543E+00-2.680991581E+00-2.522378073E+00-2.361999369E+00-2.199946046E+00
-2.036311505E+00-1.871190463E+00-1.704678219E+00-1.536870580E+00-1.367864361E+00
-1.197758471E+00-1.026655477E+00-8.546636478E-01-6.818994486E-01-5.084904929E-01
-3.345789088E-01-1.603251531E-01 1.408778699E-02 1.884497723E-01 3.625185334E-01
 5.360143675E-01 7.086145674E-01 8.799476963E-01 1.049587797E+00 1.217048688E+00
 1.381778590E+00 1.543155240E+00 1.700481851E+00 1.852984150E+00 1.999808985E+00
 2.140024735E+00 2.272624068E+00 2.396529285E+00 2.510600661E+00 2.613647941E+00
 2.704445059E+00 2.781747946E+00 2.844315124E+00 2.890930442E+00 2.920427241E+00
 2.931712951E+00 2.923793045E+00 2.895793264E+00 2.846979000E+00 2.776770899E+00
 2.684755861E+00 2.570692944E+00 2.434513790E+00 2.276317654E+00 2.096361237E+00
 1.895043926E+00 1.672889213E+00 1.430523267E+00 1.168651697E+00 8.880356630E-01
 5.894683392E-01 2.737526788E-01-5.831886825E-02-4.059820595E-01-7.685157845E-01
-1.145254048E+00-1.535595085E+00-1.939007803E+00-2.355035742E+00-2.783298913E+00
-3.223493688E+00-3.675391056E+00-4.138833370E+00-4.613729601E+00-5.100049399E+00
-5.597815184E+00-6.107092790E+00-6.627979299E+00-7.160588297E+00-7.705030457E+00
-8.261388715E+00-8.829685922E+00-9.409841310E+00-1.000161332E+01-1.060452231E+01
-1.121774744E+01-1.183999088E+01-1.246930239E+01-1.310286658E+01-1.373677003E+01
-1.436580295E+01-1.498339055E+01-1.558176776E+01-1.615243692E+01-1.668680191E+01
-1.717677247E+01-1.761518345E+01-1.799600584E+01-1.831441605E+01-1.856680648E+01
-1.875079994E+01-1.886530467E+01-1.891062390E+01-1.888860860E+01-1.880280289E+01
-1.865848374E+01-1.846247017E+01-1.822263824E+01-1.794723237E+01-1.764419085E+01
-1.732067254E+01-1.698283520E+01-1.663580651E+01-1.628376316E+01-4.864028875E+00
-5.006761853E+00-5.054059358E+00-5.002899272E+00-4.860993559E+00-4.716111787E+00
-4.578014443E+00-4.443879242E+00-4.311603251E+00-4.179565073E+00-4.046566146E+00
-3.911753550E+00-3.774546498E+00-3.634572848E+00-3.491616910E+00-3.345578054E+00
-3.196438727E+00-3.044240090E+00-2.889063566E+00-2.731016957E+00-2.570223995E+00
-2.406816504E+00-2.240928619E+00-2.072692596E+00-1.902235927E+00-1.729679539E+00
-1.555136870E+00-1.378713725E+00-1.200508777E+00-1.020614678E+00-8.391196857E-01
-6.561098175E-01-4.716714595E-01-2.858944988E-01-9.887591029E-02 8.927611151E-02
 2.784375110E-01 4.684631770E-01 6.591811798E-01 8.503864605E-01 1.041833944E+00
 1.233231197E+00 1.424230589E+00 1.614421182E+00 1.803320415E+00 1.990365859E+00
 2.174907269E+00 2.356199351E+00 2.533395624E+00 2.705543942E+00 2.871584298E+00
 3.030349493E+00 3.180569473E+00 3.320879856E+00 3.449835241E+00 3.565927561E+00
 3.667609533E+00 3.753322764E+00 3.821529817E+00 3.870748972E+00 3.899590226E+00
 3.906790757E+00 3.891248071E+00 3.852049022E+00 3.788493216E+00 3.700109486E+00
 3.586664612E+00 3.448163777E+00 3.284842767E+00 3.097152417E+00 2.885736104E+00
 2.651401698E+00 2.395089527E+00 2.117838155E+00 1.820749882E+00 1.504957545E+00
 1.171594153E+00 8.217663341E-01 4.565323087E-01 7.688458790E-02-3.162626516E-01
-7.220818163E-01-1.139836269E+00-1.568881332E+00-2.008662487E+00-2.458711236E+00
-2.918639021E+00-3.388129465E+00-3.866929146E+00-4.354836844E+00-4.851691127E+00
-5.357356259E+00-5.871705491E+00-6.394601556E+00-6.925873306E+00-7.465287495E+00
-8.012514274E+00-8.567084792E+00-9.128339270E+00-9.695363804E+00-1.026691464E+01
-1.084133046E+01-1.141643649E+01-1.198944907E+01-1.255689857E+01-1.311459553E+01
-1.365766975E+01-1.418070312E+01-1.467795297E+01-1.514363341E+01-1.557220234E+01
-1.595860934E+01-1.629848168E+01-1.658825196E+01-1.682524423E+01-1.700773831E+01
-1.713502557E+01-1.720745935E+01-1.722648996E+01-1.719466346E+01-1.711555353E+01
-1.699360415E+01-1.683388188E+01-1.664176993E+01-1.642265971E+01-1.618169285E+01
-1.592358355E+01-1.565252325E+01-1.537215118E+01-4.515717694E+00-4.645253981E+00
-4.689438041E+00-4.645787447E+00-4.518246218E+00-4.392409754E+00-4.273298145E+00
-4.156181990E+00-4.038269142E+00-3.917779133E+00-3.793595588E+00-3.665066636E+00
-3.531864629E+00-3.393881499E+00-3.251153226E+00-3.103807533E+00-2.952028273E+00
-2.796031283E+00-2.636047723E+00-2.472312470E+00-2.305055872E+00-2.134497962E+00
-1.960844408E+00-1.784283881E+00-1.604986534E+00-1.423103397E+00-1.238766547E+00
-1.052089920E+00-8.631706962E-01-6.720911858E-01-4.789211566E-01-2.837206133E-01
-8.654302494E-02 1.125609738E-01 3.135393629E-01 5.163339481E-01 7.208749196E-01
 9.270747362E-01 1.134821197E+00 1.343969742E+00 1.554334864E+00 1.765680688E+00
 1.977710703E+00 2.190056758E+00 2.402267403E+00 2.613795799E+00 2.823987513E+00
 3.032068516E+00 3.237134065E+00 3.438139051E+00 3.633890797E+00 3.823045356E+00
 4.004108481E+00 4.175442614E+00 4.335280843E+00 4.481748946E+00 4.612895834E+00
 4.726732162E+00 4.821275913E+00 4.894603380E+00 4.944902987E+00 4.970528753E+00
 4.970050486E+00 4.942298226E+00 4.886397507E+00 4.801794377E+00 4.688268357E+00
 4.545932760E+00 4.375222237E+00 4.176868275E+00 3.951864168E+00 3.701421496E+00
 3.426920757E+00 3.129859500E+00 2.811800999E+00 2.474326357E+00 2.118992339E+00
 1.747296404E+00 1.360649686E+00 9.603578077E-01 5.476090146E-01 1.234686707E-01
-3.111209468E-01-7.553366543E-01-1.208467128E+00-1.669903237E+00-2.139126606E+00
-2.615696799E+00-3.099237373E+00-3.589420923E+00-4.085952996E+00-4.588554641E+00
-5.096943480E+00-5.610812356E+00-6.129805811E+00-6.653492856E+00-7.181336242E+00
-7.712657319E+00-8.246595962E+00-8.782066329E+00-9.317708791E+00-9.851841003E+00
-1.038241200E+01-1.090696622E+01-1.142262611E+01-1.192610371E+01-1.241374961E+01
-1.288164298E+01-1.332571882E+01-1.374191974E+01-1.412635568E+01-1.447545457E+01
-1.478609284E+01-1.505570124E+01-1.528234664E+01-1.546479325E+01-1.560254542E+01
-1.569587177E+01-1.574580619E+01-1.575411911E+01-1.572325222E+01-1.565621311E+01
-1.555643489E+01-1.542761386E+01-1.527354395E+01-1.509796751E+01-1.490445535E+01
-1.469632278E+01-1.447657922E+01-4.076338955E+00-4.171156570E+00-4.210633053E+00
-4.192348426E+00-4.124660840E+00-4.043260709E+00-3.957673189E+00-3.866709929E+00
-3.769040102E+00-3.663717394E+00-3.550347923E+00-3.428981923E+00-3.299922969E+00
-3.163593519E+00-3.020462006E+00-2.871005756E+00-2.715691901E+00-2.554967001E+00
-2.389250901E+00-2.218932838E+00-2.044368791E+00-1.865879775E+00-1.683750952E+00
-1.498231464E+00-1.309534980E+00-1.117840857E+00-9.232958151E-01-7.260160767E-01
-5.260898533E-01-3.235801626E-01-1.185279075E-01 8.904470372E-02 2.991304265E-01
 5.117328400E-01 7.268617062E-01 9.445277245E-01 1.164736553E+00 1.387481939E+00
 1.612737851E+00 1.840449445E+00 2.070522834E+00 2.302813465E+00 2.537113173E+00
 2.773135844E+00 3.010501729E+00 3.248720552E+00 3.487173588E+00 3.725095109E+00
 3.961553697E+00 4.195434449E+00 4.425422834E+00 4.649992526E+00 4.867398612E+00
 5.075678577E+00 5.272664047E+00 5.456004817E+00 5.623207470E+00 5.771687888E+00
 5.898837686E+00 6.002100484E+00 6.079054255E+00 6.127494062E+00 6.145510065E+00
 6.131555452E+00 6.084500764E+00 6.003672001E+00 5.888869643E+00 5.740368934E+00
 5.558900021E+00 5.345609302E+00 5.102003955E+00 4.829882397E+00 4.531256313E+00
 4.208269455E+00 3.863118678E+00 3.497983560E+00 3.114967090E+00 2.716050316E+00
 2.303060884E+00 1.877654563E+00 1.441307855E+00 9.953193885E-01 5.408179796E-01
 7.877523834E-02-3.899787719E-01-8.647381312E-01-1.344902700E+00-1.829959387E+00
-2.319463241E+00-2.813018545E+00-3.310259721E+00-3.810831932E+00-4.314371125E+00
-4.820483161E+00-5.328721692E+00-5.838564796E+00-6.349389689E+00-6.860445973E+00
-7.370827822E+00-7.879445058E+00-8.384995617E+00-8.885940485E+00-9.380484792E+00
-9.866568156E+00-1.034186886E+01-1.080382560E+01-1.124967913E+01-1.167653435E+01
-1.208144019E+01-1.246148157E+01-1.281387727E+01-1.313607516E+01-1.342583996E+01
-1.368132894E+01-1.390115327E+01-1.408442435E+01-1.423078371E+01-1.434041653E+01
-1.441404592E+01-1.445290695E+01-1.445869930E+01-1.443351938E+01-1.437977557E+01
-1.430009289E+01-1.419721537E+01-1.407391370E+01-1.393290550E+01-1.377679156E+01
-1.360800999E+01-3.644625020E+00-3.706638540E+00-3.742904833E+00-3.751991633E+00
-3.737039168E+00-3.703754414E+00-3.656635022E+00-3.596876189E+00-3.522776088E+00
-3.433408749E+00-3.330054268E+00-3.214300321E+00-3.087525210E+00-2.950900577E+00
-2.805435452E+00-2.652011944E+00-2.491410135E+00-2.324324486E+00-2.151374248E+00
-1.973109780E+00-1.790016432E+00-1.602517255E+00-1.410975332E+00-1.215696337E+00
-1.016931422E+00-8.148804967E-01-6.096957932E-01-4.014855603E-01-1.903178817E-01
 2.377552342E-02 2.407954566E-01 4.607713497E-01 6.837572480E-01 9.098275497E-01
 1.139072349E+00 1.371592205E+00 1.607492065E+00 1.846874182E+00 2.089829670E+00
 2.336428585E+00 2.586708196E+00 2.840659408E+00 3.098211070E+00 3.359212186E+00
 3.623411805E+00 3.890436609E+00 4.159766137E+00 4.430705718E+00 4.702357361E+00
 4.973589600E+00 5.243007150E+00 5.508922778E+00 5.769334375E+00 6.021911476E+00
 6.263996053E+00 6.492623155E+00 6.704565672E+00 6.896406234E+00 7.064635039E+00
 7.205768330E+00 7.316479354E+00 7.393730511E+00 7.434896275E+00 7.437868946E+00
 7.401140913E+00 7.323861153E+00 7.205864424E+00 7.047671153E+00 6.850457995E+00
 6.615997798E+00 6.346571226E+00 6.044853919E+00 5.713788171E+00 5.356450392E+00
 4.975925777E+00 4.575201535E+00 4.157083956E+00 3.724142495E+00 3.278678668E+00
 2.822715911E+00 2.358005384E+00 1.886042721E+00 1.408091597E+00 9.252108181E-01
 4.382826602E-01-5.195902150E-02-5.449017365E-01-1.040028805E+00-1.536895362E+00
-2.035105802E+00-2.534292441E+00-3.034095098E+00-3.534141325E+00-4.034026949E+00
-4.533296642E+00-5.031424820E+00-5.527795912E+00-6.021685404E+00-6.512241249E+00
-6.998466371E+00-7.479203851E+00-7.953125858E+00-8.418727772E+00-8.874330086E+00
-9.318089191E+00-9.748019129E+00-1.016202445E+01-1.055794420E+01-1.093360518E+01
-1.128688176E+01-1.161575920E+01-1.191839593E+01-1.219318249E+01-1.243879325E+01
-1.265422958E+01-1.283885204E+01-1.299240168E+01-1.311500780E+01-1.320718339E+01
-1.326980628E+01-1.330408754E+01-1.331152773E+01-1.329386388E+01-1.325301016E+01
-1.319099649E+01-1.310990915E+01-1.301183649E+01-1.289882286E+01-1.277283128E+01
-3.291673190E+00-3.342589532E+00-3.379327447E+00-3.401386480E+00-3.409687037E+00
-3.406115056E+00-3.392825041E+00-3.372025924E+00-3.328386105E+00-3.247656903E+00
-3.147992928E+00-3.032553209E+00-2.903568665E+00-2.762774255E+00-2.611586822E+00
-2.451202166E+00-2.282652698E+00-2.106841801E+00-1.924563540E+00-1.736513416E+00
-1.543294174E+00-1.345419803E+00-1.143319479E+00-9.373422127E-01-7.277622857E-01
-5.147850702E-01-2.985529132E-01-7.915075705E-02 1.433886038E-01 3.690796893E-01
 5.979798909E-01 8.301853646E-01 1.065827128E+00 1.305067242E+00 1.548094827E+00
 1.795121602E+00 2.046376643E+00 2.302099874E+00 2.562533956E+00 2.827914071E+00
 3.098455369E+00 3.374337736E+00 3.655687785E+00 3.942557835E+00 4.234901713E+00
 4.532546874E+00 4.835162642E+00 5.142223587E+00 5.452968004E+00 5.766350751E+00
 6.080991673E+00 6.395121035E+00 6.706525823E+00 7.012503368E+00 7.309831563E+00
 7.594768229E+00 7.863092293E+00 8.110197276E+00 8.331240146E+00 8.521335835E+00
 8.675778458E+00 8.790262470E+00 8.861081074E+00 8.885287167E+00 8.860811780E+00
 8.786542750E+00 8.662365899E+00 8.489169286E+00 8.268806170E+00 8.004009952E+00
 7.698256273E+00 7.355575674E+00 6.980331579E+00 6.576990166E+00 6.149909815E+00
 5.703174769E+00 5.240482999E+00 4.765088053E+00 4.279785503E+00 3.786930812E+00
 3.288476928E+00 2.786021777E+00 2.280858820E+00 1.774026479E+00 1.266354166E+00
 7.585038040E-01 2.510067282E-01-2.557038687E-01-7.612643735E-01-1.265355541E+00
-1.767680037E+00-2.267942156E+00-2.765829290E+00-3.260994757E+00-3.753041709E+00
-4.241507977E+00-4.725851984E+00-5.205439519E+00-5.679532281E+00-6.147278066E+00
-6.607703790E+00-7.059711988E+00-7.502081522E+00-7.933473762E+00-8.352444926E+00
-8.757464982E+00-9.146943110E+00-9.519259803E+00-9.872803634E+00-1.020601203E+01
-1.051741390E+01-1.080567141E+01-1.106961996E+01-1.130830335E+01-1.152100364E+01
-1.170726354E+01-1.186690075E+01-1.200001393E+01-1.210697924E+01-1.218843815E+01
-1.224527665E+01-1.227859708E+01-1.228968398E+01-1.227996581E+01-1.225097500E+01
-1.220430831E+01-1.214158948E+01-1.206443572E+01-1.197442938E+01-2.986831142E+00
-3.033213552E+00-3.071452096E+00-3.101668395E+00-3.124672848E+00-3.141916248E+00
-3.155403351E+00-3.167664794E+00-3.165472058E+00-3.110618996E+00-3.015909788E+00
-2.892279385E+00-2.754641207E+00-2.604354800E+00-2.442926875E+00-2.271670618E+00
-2.091751205E+00-1.904211479E+00-1.709981992E+00-1.509881290E+00-1.304612859E+00
-1.094763989E+00-8.808090460E-01-6.631168075E-01-4.419600338E-01-2.175253868E-01
 1.007742294E-02 2.408077161E-01 4.746870877E-01 7.117936945E-01 9.522574578E-01
 1.196256127E+00 1.444012076E+00 1.695789684E+00 1.951893086E+00 2.212663807E+00
 2.478477750E+00 2.749740886E+00 3.026882799E+00 3.310347424E+00 3.600580374E+00
 3.898012606E+00 4.203040469E+00 4.516002078E+00 4.837150293E+00 5.166621003E+00
 5.504396596E+00 5.850261873E+00 6.203750624E+00 6.564080617E+00 6.930074720E+00
 7.300067530E+00 7.671799263E+00 8.042302962E+00 8.407799807E+00 8.763626430E+00
 9.104230059E+00 9.423269746E+00 9.713848263E+00 9.968863546E+00 1.018142436E+01
 1.034525246E+01 1.045500770E+01 1.050651324E+01 1.049689432E+01 1.042466026E+01
 1.028975472E+01 1.009358040E+01 9.838984761E+00 9.530174136E+00 9.172519824E+00
 8.772239572E+00 8.335979715E+00 7.870370511E+00 7.381640544E+00 6.875352354E+00
 6.356273245E+00 5.828357088E+00 5.294799278E+00 4.758128969E+00 4.220313166E+00
 3.682858541E+00 3.146902705E+00 2.613293423E+00 2.082655001E+00 1.555443373E+00
 1.031991498E+00 5.125466507E-01-2.698774207E-03-5.135816170E-01-1.019946408E+00
-1.521626978E+00-2.018430570E+00-2.510123942E+00-2.996421070E+00-3.476972294E+00
-3.951354854E+00-4.419064745E+00-4.879510523E+00-5.332008533E+00-5.775781112E+00
-6.209957026E+00-6.633575643E+00-7.045594459E+00-7.444901038E+00-7.830328728E+00
-8.200676721E+00-8.554733688E+00-8.891304295E+00-9.209237810E+00-9.507457530E+00
-9.784989822E+00-1.004099146E+01-1.027477403E+01-1.048582467E+01-1.067382144E+01
-1.083864379E+01-1.098037682E+01-1.109930924E+01-1.119592582E+01-1.127089375E+01
-1.132504436E+01-1.135935064E+01-1.137490210E+01-1.137287793E+01-1.135452006E+01
-1.132110696E+01-1.127392946E+01-1.121426923E+01-2.712521359E+00-2.755909732E+00
-2.794804001E+00-2.829749208E+00-2.861772450E+00-2.892403788E+00-2.923652962E+00
-2.957936328E+00-2.978928919E+00-2.955760802E+00-2.893240139E+00-2.788115136E+00
-2.643604288E+00-2.477865341E+00-2.301222942E+00-2.114684086E+00-1.919452366E+00
-1.716675723E+00-1.507423093E+00-1.292648091E+00-1.073155895E+00-8.495884726E-01
-6.224308350E-01-3.920300045E-01-1.586163848E-01 7.767838372E-02 3.168082753E-01
 5.588032199E-01 8.037615912E-01 1.051844057E+00 1.303268723E+00 1.558307602E+00
 1.817284677E+00 2.080575419E+00 2.348607684E+00 2.621863439E+00 2.900880558E+00
 3.186253469E+00 3.478631136E+00 3.778710708E+00 4.087225630E+00 4.404927911E+00
 4.732565178E+00 5.070854497E+00 5.420453994E+00 5.781931646E+00 6.155730144E+00
 6.542123431E+00 6.941160282E+00 7.352588740E+00 7.775754463E+00 8.209464915E+00
 8.651811794E+00 9.099946773E+00 9.549816382E+00 9.995886290E+00 1.043093100E+01
 1.084602366E+01 1.123087790E+01 1.157458520E+01 1.186656731E+01 1.209742130E+01
 1.225943909E+01 1.234680840E+01 1.235563422E+01 1.228392134E+01 1.213160257E+01
 1.190063866E+01 1.159515569E+01 1.122152027E+01 1.078818730E+01 1.030516313E+01
 9.783088967E+00 9.232202276E+00 8.661531857E+00 8.078511201E+00 7.488957168E+00
 6.897256508E+00 6.306624395E+00 5.719358551E+00 5.137057994E+00 4.560800135E+00
 3.991278873E+00 3.428911201E+00 2.873918635E+00 2.326389175E+00 1.786324808E+00
 1.253677888E+00 7.283793248E-01 2.103605868E-01-3.004288480E-01-8.040075172E-01
-1.300350572E+00-1.789380426E+00-2.270958990E+00-2.744881346E+00-3.210870721E+00
-3.668574774E+00-4.117563306E+00-4.557327606E+00-4.987281657E+00-5.406765286E+00
-5.815049883E+00-6.211346400E+00-6.594816107E+00-6.964583907E+00-7.319754257E+00
-7.659428932E+00-7.982726808E+00-8.288804466E+00-8.576877311E+00-8.846239978E+00
-9.096285679E+00-9.326523540E+00-9.536592860E+00-9.726274581E+00-9.895498453E+00
-1.004434662E+01-1.017305253E+01-1.028199638E+01-1.037169612E+01-1.044279560E+01
-1.049604952E+01-1.053230661E+01-1.055249131E+01-1.055758515E+01-1.054860804E+01
-1.052660086E+01-1.049260926E+01-2.457579781E+00-2.497358440E+00-2.534778871E+00
-2.570608827E+00-2.606043001E+00-2.642783847E+00-2.683111574E+00-2.729852411E+00
-2.768244419E+00-2.764374765E+00-2.724568392E+00-2.646039980E+00-2.529618011E+00
-2.378679105E+00-2.186183078E+00-1.979744612E+00-1.764848497E+00-1.542797389E+00
-1.314948070E+00-1.082523230E+00-8.464759656E-01-6.074568891E-01-3.658710470E-01
-1.219545298E-01 1.241728640E-01 3.724826189E-01 6.230277529E-01 8.759373362E-01
 1.131410584E+00 1.389710343E+00 1.651157355E+00 1.916126619E+00 2.185046580E+00
 2.458401585E+00 2.736737504E+00 3.020670341E+00 3.310897055E+00 3.608206834E+00
 3.913489893E+00 4.227739250E+00 4.552040979E+00 4.887551077E+00 5.235462396E+00
 5.596969952E+00 5.973240948E+00 6.365391722E+00 6.774467456E+00 7.201417001E+00
 7.647054266E+00 8.111996875E+00 8.596569712E+00 9.100656274E+00 9.623473817E+00
 1.016323476E+01 1.071664481E+01 1.127818572E+01 1.183919502E+01 1.238702114E+01
 1.290507480E+01 1.337471735E+01 1.377838573E+01 1.410183069E+01 1.433456555E+01
 1.446932882E+01 1.450143339E+01 1.442836328E+01 1.424970034E+01 1.396739983E+01
 1.358641957E+01 1.311561124E+01 1.256841874E+01 1.196232657E+01 1.131624951E+01
 1.064711374E+01 9.967926948E+00 9.287758567E+00 8.612581122E+00 7.946167916E+00
 7.290792007E+00 6.647719412E+00 6.017546358E+00 5.400429457E+00 4.796242987E+00
 4.204687199E+00 3.625363375E+00 3.057825986E+00 2.501619312E+00 1.956303116E+00
 1.421470784E+00 8.967622636E-01 3.818732705E-01-1.234380236E-01-6.193461833E-01
-1.105955054E+00-1.583295356E+00-2.051323219E+00-2.509919531E+00-2.958890215E+00
-3.397967447E+00-3.826811984E+00-4.245016754E+00-4.652111771E+00-5.047570700E+00
-5.430818944E+00-5.801243293E+00-6.158203509E+00-6.501044857E+00-6.829112364E+00
-7.141765595E+00-7.438394177E+00-7.718433324E+00-7.981378527E+00-8.226799902E+00
-8.454354400E+00-8.663796288E+00-8.854985620E+00-9.027893437E+00-9.182604764E+00
-9.319318368E+00-9.438343849E+00-9.540096042E+00-9.625086939E+00-9.693915803E+00
-9.747257582E+00-9.785850380E+00-9.810482182E+00-9.821977693E+00-9.821185493E+00
-9.808965903E+00-2.215136691E+00-2.249733817E+00-2.282908498E+00-2.315399263E+00
-2.348300504E+00-2.383195024E+00-2.422439599E+00-2.470014360E+00-2.514393159E+00
-2.524283545E+00-2.503458314E+00-2.447710288E+00-2.354312581E+00-2.226877257E+00
-2.062046284E+00-1.861038139E+00-1.625785450E+00-1.379299118E+00-1.128203172E+00
-8.746756392E-01-6.198677384E-01-3.640889926E-01-1.073288836E-01 1.504729605E-01
 4.093772953E-01 6.694807470E-01 9.309526637E-01 1.194045850E+00 1.459088195E+00
 1.726468845E+00 1.996626773E+00 2.270044624E+00 2.547248288E+00 2.828812227E+00
 3.115370704E+00 3.407635519E+00 3.706421083E+00 4.012676787E+00 4.327523570E+00
 4.652283985E+00 4.988485973E+00 5.337820155E+00 5.702059377E+00 6.082982318E+00
 6.482337831E+00 6.901849630E+00 7.343239699E+00 7.808251611E+00 8.298661600E+00
 8.816270093E+00 9.362864791E+00 9.940140253E+00 1.054954700E+01 1.119201892E+01
 1.186746995E+01 1.257381762E+01 1.330493947E+01 1.404623058E+01 1.476758841E+01
 1.542682773E+01 1.599050191E+01 1.644006239E+01 1.676548546E+01 1.696078949E+01
 1.702203219E+01 1.694649801E+01 1.673252506E+01 1.637986298E+01 1.589078397E+01
 1.527271015E+01 1.454396426E+01 1.374080999E+01 1.290756799E+01 1.207437863E+01
 1.125598694E+01 1.045899880E+01 9.686090488E+00 8.937946866E+00 8.214204326E+00
 7.513947661E+00 6.835988592E+00 6.179028283E+00 5.541753125E+00 4.922891785E+00
 4.321248259E+00 3.735720125E+00 3.165307744E+00 2.609117925E+00 2.066364187E+00
 1.536365107E+00 1.018541652E+00 5.124139698E-01 1.759797356E-02-4.661981118E-01
-9.391772393E-01-1.401457095E+00-1.853073728E+00-2.293985494E+00-2.724077316E+00
-3.143165480E+00-3.551003081E+00-3.947286254E+00-4.331661237E+00-4.703732433E+00
-5.063071339E+00-5.409226397E+00-5.741733645E+00-6.060128091E+00-6.363955384E+00
-6.652783670E+00-6.926215409E+00-7.183898413E+00-7.425536557E+00-7.650898764E+00
-7.859827122E+00-8.052242873E+00-8.228150823E+00-8.387641629E+00-8.530892195E+00
-8.658163776E+00-8.769798633E+00-8.866214556E+00-8.947898204E+00-9.015397226E+00
-9.069311357E+00-9.110283080E+00-9.138988249E+00-9.156126517E+00-9.162412269E+00
-1.981636130E+00-2.009355807E+00-2.035670692E+00-2.061049669E+00-2.086125221E+00
-2.111686565E+00-2.138591470E+00-2.167332863E+00-2.196849885E+00-2.220782426E+00
-2.218940540E+00-2.182704044E+00-2.112869290E+00-2.013371734E+00-1.866169844E+00
-1.687104070E+00-1.472759729E+00-1.217348520E+00-9.369413690E-01-6.592553528E-01
-3.855386482E-01-1.134279686E-01 1.581893142E-01 4.296578751E-01 7.009764965E-01
 9.722124464E-01 1.243638746E+00 1.515685599E+00 1.788870522E+00 2.063753559E+00
 2.340914931E+00 2.620947017E+00 2.904455506E+00 3.192067297E+00 3.484445117E+00
 3.782310824E+00 4.086482167E+00 4.397931594E+00 4.717880142E+00 5.047935773E+00
 5.390228644E+00 5.747351146E+00 6.121988966E+00 6.516615508E+00 6.933503556E+00
 7.374872586E+00 7.843025364E+00 8.340451645E+00 8.869909533E+00 9.434495373E+00
 1.003771042E+01 1.068352827E+01 1.137646799E+01 1.212168137E+01 1.292507810E+01
 1.379356456E+01 1.473568509E+01 1.576430597E+01 1.691457003E+01 1.783087693E+01
 1.861895801E+01 1.924700307E+01 1.964030304E+01 1.991916226E+01 2.004218069E+01
 1.992524246E+01 1.968820185E+01 1.928473141E+01 1.862161296E+01 1.781666918E+01
 1.681099853E+01 1.556805691E+01 1.445624043E+01 1.341815188E+01 1.244268838E+01
 1.152239392E+01 1.065123072E+01 9.824019676E+00 9.036235828E+00 8.283905804E+00
 7.563539540E+00 6.872074929E+00 6.206829555E+00 5.565457588E+00 4.945910977E+00
 4.346405489E+00 3.765390710E+00 3.201524473E+00 2.653650357E+00 2.120778653E+00
 1.602070011E+00 1.096821381E+00 6.044539198E-01 1.245025137E-01-3.433934669E-01
-7.994984063E-01-1.243987988E+00-1.676956265E+00-2.098422494E+00-2.508337912E+00
-2.906592594E+00-3.293022617E+00-3.667417501E+00-4.029528110E+00-4.379074969E+00
-4.715756997E+00-5.039260655E+00-5.349269253E+00-5.645472364E+00-5.927575478E+00
-6.195308790E+00-6.448436337E+00-6.686763567E+00-6.910144861E+00-7.118489283E+00
-7.311765631E+00-7.490005739E+00-7.653306568E+00-7.801830759E+00-7.935805842E+00
-8.055521794E+00-8.161327852E+00-8.253627660E+00-8.332873875E+00-8.399562139E+00
-8.454224186E+00-8.497421059E+00-8.529736024E+00-8.551767990E+00-1.756007426E+00
-1.775630358E+00-1.793353456E+00-1.809322520E+00-1.823693815E+00-1.836574811E+00
-1.847918013E+00-1.857371608E+00-1.864165050E+00-1.867163528E+00-1.865034433E+00
-1.852202004E+00-1.804283024E+00-1.722249720E+00-1.601594498E+00-1.442243381E+00
-1.241512590E+00-9.956882361E-01-7.096968049E-01-4.206874998E-01-1.353451389E-01
 1.493024006E-01 4.350124854E-01 7.207712839E-01 1.004206868E+00 1.285359267E+00
 1.565008188E+00 1.844033793E+00 2.123288974E+00 2.403571832E+00 2.685624961E+00
 2.970143101E+00 3.257783307E+00 3.549175851E+00 3.844935965E+00 4.145678118E+00
 4.452036772E+00 4.764703162E+00 5.084503885E+00 5.412615124E+00 5.751419904E+00
 6.106756084E+00 6.483691982E+00 6.884792998E+00 7.312179599E+00 7.768085602E+00
 8.255052296E+00 8.776049201E+00 9.334584660E+00 9.934831168E+00 1.058178065E+01
 1.128144825E+01 1.204115007E+01 1.286989993E+01 1.377901155E+01 1.478307971E+01
 1.590166001E+01 1.716193260E+01 1.857163434E+01 1.974260922E+01 2.070347799E+01
 2.144583938E+01 2.194936675E+01 2.228288833E+01 2.241896481E+01 2.232133917E+01
 2.204826868E+01 2.155999882E+01 2.080535681E+01 1.982764799E+01 1.856415006E+01
 1.706404437E+01 1.572642433E+01 1.451727247E+01 1.341117636E+01 1.238993448E+01
 1.143998201E+01 1.055081057E+01 9.714050185E+00 8.922906568E+00 8.171790552E+00
 7.456058464E+00 6.771822428E+00 6.115807662E+00 5.485242546E+00 4.877773254E+00
 4.291395863E+00 3.724402900E+00 3.175339944E+00 2.642970709E+00 2.126248545E+00
 1.624292984E+00 1.136370260E+00 6.618769731E-01 2.003262087E-01-2.486644590E-01
-6.853834981E-01-1.110034879E+00-1.522746763E+00-1.923579635E+00-2.312534175E+00
-2.689558886E+00-3.054557746E+00-3.407397867E+00-3.747917238E+00-4.075932592E+00
-4.391247240E+00-4.693659077E+00-4.982968427E+00-5.258985622E+00-5.521538370E+00
-5.770478765E+00-6.005689477E+00-6.227089620E+00-6.434639242E+00-6.628343426E+00
-6.808255086E+00-6.974476658E+00-7.127161012E+00-7.266511055E+00-7.392778232E+00
-7.506260558E+00-7.607299191E+00-7.696274886E+00-7.773603463E+00-7.839731077E+00
-7.895129219E+00-7.940289512E+00-7.975718553E+00-1.538708817E+00-1.549716964E+00
-1.558181690E+00-1.564011206E+00-1.567069019E+00-1.567135198E+00-1.563859362E+00
-1.556716141E+00-1.544981571E+00-1.527744432E+00-1.503946494E+00-1.472427747E+00
-1.432041083E+00-1.376177144E+00-1.275842874E+00-1.136704732E+00-9.542171042E-01
-7.217911012E-01-4.436422269E-01-1.580522199E-01 1.279801510E-01 4.177273457E-01
 7.149670024E-01 1.016176442E+00 1.309094016E+00 1.596815033E+00 1.881390973E+00
 2.164347112E+00 2.446890012E+00 2.730001127E+00 3.014489947E+00 3.301046095E+00
 3.590309135E+00 3.882907154E+00 4.179424969E+00 4.480358272E+00 4.786085750E+00
 5.096833832E+00 5.412595779E+00 5.732919881E+00 6.056321299E+00 6.400041407E+00
 6.772582203E+00 7.173822850E+00 7.604772322E+00 8.067190110E+00 8.563495011E+00
 9.096782818E+00 9.670905161E+00 1.029060121E+01 1.096168796E+01 1.169132194E+01
 1.248835011E+01 1.336376996E+01 1.433130893E+01 1.540809505E+01 1.661528511E+01
 1.797830456E+01 1.948609823E+01 2.076899180E+01 2.181329594E+01 2.261813103E+01
 2.318132792E+01 2.354397105E+01 2.369025133E+01 2.360265162E+01 2.330871266E+01
 2.277784440E+01 2.197646471E+01 2.091646053E+01 1.954974732E+01 1.795813638E+01
 1.652308750E+01 1.523086530E+01 1.405769844E+01 1.298374756E+01 1.199292066E+01
 1.107230021E+01 1.021151981E+01 9.402219767E+00 8.637610226E+00 7.912132544E+00
 7.221200532E+00 6.561003144E+00 5.928353179E+00 5.320571136E+00 4.735394790E+00
 4.170908710E+00 3.625488148E+00 3.097754906E+00 2.586541383E+00 2.090861614E+00
 1.609887463E+00 1.142928883E+00 6.894173322E-01 2.488916684E-01-1.790140713E-01
-5.945814087E-01-9.980170571E-01-1.389461746E+00-1.768998417E+00-2.136660002E+00
-2.492436926E+00-2.836284376E+00-3.168129457E+00-3.487878208E+00-3.795422522E+00
-4.090646940E+00-4.373435207E+00-4.643676673E+00-4.901272250E+00-5.146140106E+00
-5.378220668E+00-5.597481354E+00-5.803920233E+00-5.997569416E+00-6.178497299E+00
-6.346810301E+00-6.502653645E+00-6.646211210E+00-6.777705047E+00-6.897393775E+00
-7.005570445E+00-7.102560020E+00-7.188716228E+00-7.264418050E+00-7.330066215E+00
-7.386079064E+00-7.432888963E+00-1.330847638E+00-1.333333922E+00-1.332681518E+00
-1.328654512E+00-1.320960136E+00-1.309226417E+00-1.292978738E+00-1.271618978E+00
-1.244411065E+00-1.210474211E+00-1.168780702E+00-1.118151185E+00-1.057238972E+00
-9.844978604E-01-8.985340505E-01-7.852633967E-01-6.275248628E-01-4.153240168E-01
-1.556163366E-01 1.154619960E-01 3.907365840E-01 6.733840318E-01 9.667970786E-01
 1.266120816E+00 1.557485131E+00 1.843513456E+00 2.126305855E+00 2.407492335E+00
 2.688345079E+00 2.969871641E+00 3.252880633E+00 3.538042341E+00 3.825959444E+00
 4.117202646E+00 4.412275156E+00 4.711556528E+00 5.015254986E+00 5.323344368E+00
 5.635466459E+00 5.950809159E+00 6.268055552E+00 6.605930588E+00 6.974088536E+00
 7.372367859E+00 7.801432709E+00 8.262744955E+00 8.758515838E+00 9.291702981E+00
 9.866065619E+00 1.048627989E+01 1.115811813E+01 1.188870361E+01 1.268685737E+01
 1.356355537E+01 1.453250689E+01 1.561082603E+01 1.681966380E+01 1.818445465E+01
 1.969489531E+01 2.097929957E+01 2.202620772E+01 2.283395708E+01 2.339934951E+01
 2.376532848E+01 2.391527786E+01 2.383060223E+01 2.354076162E+01 2.301436092E+01
 2.221669677E+01 2.116162431E+01 1.980022338E+01 1.821296191E+01 1.678327961E+01
 1.549660635E+01 1.432916498E+01 1.326112348E+01 1.227640255E+01 1.136209834E+01
 1.050785679E+01 9.705328497E+00 8.947731703E+00 8.229513878E+00 7.546093052E+00
 6.893660226E+00 6.269028476E+00 5.669516487E+00 5.092857938E+00 4.537130816E+00
 4.000701473E+00 3.482179686E+00 2.980382951E+00 2.494307038E+00 2.023102037E+00
 1.566052370E+00 1.122560057E+00 6.921304493E-01 2.743599363E-01-1.310748287E-01
-5.244264930E-01-9.058856773E-01-1.275588918E+00-1.633626100E+00-1.980047455E+00
-2.314870245E+00-2.638085218E+00-2.949662799E+00-3.249559114E+00-3.537721789E+00
-3.814095507E+00-4.078627301E+00-4.331271578E+00-4.571994675E+00-4.800779020E+00
-5.017627055E+00-5.222564154E+00-5.415641536E+00-5.596938039E+00-5.766561891E+00
-5.924651228E+00-6.071374520E+00-6.206930102E+00-6.331545309E+00-6.445475171E+00
-6.549000368E+00-6.642425260E+00-6.726075244E+00-6.800294118E+00-6.865441086E+00
-6.921887996E+00
 9.744923510E-01 9.963990600E-01 9.979990870E-01 1.001041370E+00 1.004137230E+00
 1.007378500E+00 1.012642320E+00 1.015574150E+00 1.018587080E+00 1.022078240E+00
 1.025642230E+00 1.028887910E+00 1.032487790E+00 1.036035160E+00 1.039808760E+00
 1.043363560E+00 1.047082150E+00 1.050935770E+00 1.054605980E+00 1.058584730E+00
 1.062379100E+00 1.066341800E+00 1.070301000E+00 1.074357040E+00 1.078377550E+00
 1.082490680E+00 1.086634820E+00 1.090825620E+00 1.095089800E+00 1.099319510E+00
 1.103679830E+00 1.108055510E+00 1.112447260E+00 1.116953790E+00 1.121490000E+00
 1.126053810E+00 1.130650660E+00 1.135360920E+00 1.140132050E+00 1.144892080E+00
 1.149741210E+00 1.154655890E+00 1.159636170E+00 1.164652020E+00 1.169741450E+00
 1.174898250E+00 1.180139270E+00 1.185409600E+00 1.190753700E+00 1.196193520E+00
 1.201697510E+00 1.207242430E+00 1.212894370E+00 1.218607840E+00 1.224417570E+00
 1.230297230E+00 1.236226010E+00 1.242271320E+00 1.248414410E+00 1.254624020E+00
 1.260913180E+00 1.267324950E+00 1.273823250E+00 1.280395330E+00 1.287078310E+00
 1.293848910E+00 1.300751990E+00 1.307767390E+00 1.314869850E+00 1.322086830E+00
 1.329423560E+00 1.336887940E+00 1.344456840E+00 1.352163350E+00 1.360001920E+00
 1.367978010E+00 1.376089890E+00 1.384338130E+00 1.392730670E+00 1.401272750E+00
 1.409977090E+00 1.418834250E+00 1.427863790E+00 1.437066130E+00 1.446438790E+00
 1.455989230E+00 1.465728680E+00 1.475669300E+00 1.485811580E+00 1.496162480E+00
 1.506724520E+00 1.517509250E+00 1.528533330E+00 1.539792540E+00 1.551308440E+00
 1.563086810E+00 1.575130800E+00 1.587464760E+00 1.600086950E+00 1.613010690E+00
 1.626242830E+00 1.639803840E+00 1.653741230E+00 1.668049020E+00 1.682739700E+00
 1.697826480E+00 1.713324170E+00 1.729265650E+00 1.745692690E+00 1.762640170E+00
 1.780074030E+00 1.798036580E+00 1.816564280E+00 1.835677160E+00 1.855377460E+00
 1.875689600E+00 1.896743500E+00 1.918570380E+00 1.941190690E+00 1.964624510E+00
 1.988849490E+00 2.013997150E+00 2.040097410E+00 2.067197470E+00 2.095437440E+00
 2.125056570E+00 2.156350680E+00 2.189488310E+00 2.225197240E+00
  108    6
 3.500000006E+00 0.000000000E+00 3.509303097E+00 1.338235294E-01 3.527922794E+00
 2.446158123E-01 3.548660677E+00 3.345588235E-01 3.568246580E+00 4.014705882E-01
 3.599016544E+00 4.893968705E-01 3.634563419E+00 5.757158841E-01 3.670110294E+00
 6.507535071E-01 3.705657169E+00 7.173063197E-01 3.741204044E+00 7.772618463E-01
 3.776750919E+00 8.319046993E-01 3.812297794E+00 8.820987443E-01 3.854705935E+00
 9.367647059E-01 3.912342418E+00 1.003676471E+00 3.954485294E+00 1.047791946E+00
 3.990032169E+00 1.082491557E+00 4.051697864E+00 1.137500000E+00 4.096672794E+00
 1.174087634E+00 4.137001906E+00 1.204411765E+00 4.203313419E+00 1.250528279E+00
 4.238860294E+00 1.273131742E+00 4.309954044E+00 1.314733072E+00 4.354616469E+00
 1.338235294E+00 4.416594669E+00 1.368840955E+00 4.487688419E+00 1.399670293E+00
 4.523235294E+00 1.413989277E+00 4.594329044E+00 1.439829447E+00 4.665422794E+00
 1.461852063E+00 4.702874727E+00 1.472058824E+00 4.772063419E+00 1.489317335E+00
 4.843157169E+00 1.503063827E+00 4.914250919E+00 1.512752945E+00 4.985344669E+00
 1.518008570E+00 5.056438419E+00 1.518070302E+00 5.127532169E+00 1.511568441E+00
 5.198625919E+00 1.495985162E+00 5.258414070E+00 1.472058824E+00 5.305266544E+00
 1.446788038E+00 5.357543903E+00 1.405147059E+00 5.411907169E+00 1.346538798E+00
 5.447454044E+00 1.296170086E+00 5.483000919E+00 1.234105386E+00 5.518547794E+00
 1.158953258E+00 5.553304789E+00 1.070588235E+00 5.576577825E+00 1.003676471E+00
 5.597647778E+00 9.367647059E-01 5.625188419E+00 8.378473633E-01 5.649722876E+00
 7.360294118E-01 5.664002167E+00 6.691176471E-01 5.687687942E+00 5.352941176E-01
 5.697223537E+00 4.683823529E-01 5.711135323E+00 3.345588235E-01 5.717682505E+00
 2.007352941E-01 5.716754948E+00 6.691176471E-02 5.708258411E+00-6.691176471E-02
 5.696282169E+00-1.700372128E-01 5.681641447E+00-2.676470588E-01 5.660735294E+00
-3.770604752E-01 5.640487821E+00-4.683823529E-01 5.623828692E+00-5.352941176E-01
 5.589641544E+00-6.598790594E-01 5.566684894E+00-7.360294118E-01 5.545064445E+00
-8.029411765E-01 5.518547794E+00-8.807385940E-01 5.483000919E+00-9.761456892E-01
 5.447454044E+00-1.061841353E+00 5.412586832E+00-1.137500000E+00 5.377645080E+00
-1.204411765E+00 5.340813419E+00-1.265276507E+00 5.305266544E+00-1.315495607E+00
 5.269719669E+00-1.356642525E+00 5.213394577E+00-1.405147059E+00 5.163079044E+00
-1.437648365E+00 5.091985294E+00-1.464145381E+00 5.054723979E+00-1.472058824E+00
 4.985344669E+00-1.479757225E+00 4.914250919E+00-1.477570696E+00 4.870433696E+00
-1.472058824E+00 4.807610294E+00-1.461196807E+00 4.736516544E+00-1.443895713E+00
 4.665422794E+00-1.421515301E+00 4.621821134E+00-1.405147059E+00 4.558782169E+00
-1.380055939E+00 4.487688419E+00-1.347368217E+00 4.452141544E+00-1.329544928E+00
 4.381047794E+00-1.291417579E+00 4.345500919E+00-1.270456757E+00 4.274407169E+00
-1.226559147E+00 4.238860294E+00-1.202640543E+00 4.167766544E+00-1.152289657E+00
 4.132219669E+00-1.125205482E+00 4.064913473E+00-1.070588235E+00 4.025579044E+00
-1.036647470E+00 3.989278555E+00-1.003676471E+00 3.921008134E+00-9.367647059E-01
 3.883391544E+00-8.970246713E-01 3.847844669E+00-8.574158802E-01 3.801890927E+00
-8.029411765E-01 3.750552260E+00-7.360294118E-01 3.705657169E+00-6.713323917E-01
 3.670110294E+00-6.141757788E-01 3.634563419E+00-5.505463975E-01 3.599016544E+00
-4.777325387E-01 3.567740941E+00-4.014705882E-01 3.545304517E+00-3.345588235E-01
 3.527591768E+00-2.676470588E-01 3.505517952E+00-1.338235294E-01 3.500000006E+00
 0.000000000E+00
 5.999999995E+00 1.930000000E+00 3.500000006E+00 1.930000000E+00 3.500000006E+00
-1.930000000E+00 5.999999995E+00-1.930000000E+00 5.999999995E+00 1.930000000E+00
 5.999999995E+00 1.930000000E+00
    0 1.100000000E+01    0
